published_date,timestamp,open,high,low,close,per_change,traded_quantity,traded_amount,status
2023-06-08,2023-06-08 11:00:00,202.8,208.86,202.8,202.88,0.04,13.37,2976.11,1
2023-06-08,2023-06-08 11:01:00,202.88,202.97,202.88,202.97,0.04,13.37,2976.11,1
2023-06-08,2023-06-08 11:02:00,202.97,203.05,202.97,203.05,0.04,13.37,2976.11,1
2023-06-08,2023-06-08 11:03:00,203.05,203.14,203.05,203.14,0.04,13.37,2976.11,1
2023-06-08,2023-06-08 11:04:00,203.14,203.22,203.14,203.22,0.04,13.37,2976.11,1
2023-06-08,2023-06-08 11:05:00,203.22,203.31,203.22,203.31,0.04,13.37,2976.11,1
2023-06-08,2023-06-08 11:06:00,203.31,203.39,203.31,203.39,0.04,13.37,2976.11,1
2023-06-08,2023-06-08 11:07:00,203.39,203.47,203.39,203.47,0.04,13.37,2976.11,1
2023-06-08,2023-06-08 11:08:00,203.47,203.56,203.47,203.56,0.04,13.37,2976.11,1
2023-06-08,2023-06-08 11:09:00,203.56,203.64,203.56,203.64,0.04,13.37,2976.11,1
2023-06-08,2023-06-08 11:10:00,203.64,203.73,203.64,203.73,0.04,13.37,2976.11,1
2023-06-08,2023-06-08 11:11:00,203.73,203.81,203.73,203.81,0.04,13.37,2976.11,1
2023-06-08,2023-06-08 11:12:00,203.81,203.89,203.81,203.89,0.04,13.37,2976.11,1
2023-06-08,2023-06-08 11:13:00,203.89,203.98,203.89,203.98,0.04,13.37,2976.11,1
2023-06-08,2023-06-08 11:14:00,203.98,204.06,203.98,204.06,0.04,13.37,2976.11,1
2023-06-08,2023-06-08 11:15:00,204.06,204.15,204.06,204.15,0.04,13.37,2976.11,1
2023-06-08,2023-06-08 11:16:00,204.15,204.23,204.15,204.23,0.04,13.37,2976.11,1
2023-06-08,2023-06-08 11:17:00,204.23,204.31,204.23,204.31,0.04,13.37,2976.11,1
2023-06-08,2023-06-08 11:18:00,204.31,204.4,204.31,204.4,0.04,13.37,2976.11,1
2023-06-08,2023-06-08 11:19:00,204.4,204.48,204.4,204.48,0.04,13.37,2976.11,1
2023-06-08,2023-06-08 11:20:00,204.48,204.57,204.48,204.57,0.04,13.37,2976.11,1
2023-06-08,2023-06-08 11:21:00,204.57,204.65,204.57,204.65,0.04,13.37,2976.11,1
2023-06-08,2023-06-08 11:22:00,204.65,204.74,204.65,204.74,0.04,13.37,2976.11,1
2023-06-08,2023-06-08 11:23:00,204.74,204.82,204.74,204.82,0.04,13.37,2976.11,1
2023-06-08,2023-06-08 11:24:00,204.82,204.9,204.82,204.9,0.04,13.37,2976.11,1
2023-06-08,2023-06-08 11:25:00,204.9,204.99,204.9,204.99,0.04,13.37,2976.11,1
2023-06-08,2023-06-08 11:26:00,204.99,205.07,204.99,205.07,0.04,13.37,2976.11,1
2023-06-08,2023-06-08 11:27:00,205.07,205.16,205.07,205.16,0.04,13.37,2976.11,1
2023-06-08,2023-06-08 11:28:00,205.16,205.24,205.16,205.24,0.04,13.37,2976.11,1
2023-06-08,2023-06-08 11:29:00,205.24,205.33,205.24,205.33,0.04,13.37,2976.11,1
2023-06-08,2023-06-08 11:30:00,205.33,205.41,205.33,205.41,0.04,13.37,2976.11,1
2023-06-08,2023-06-08 11:31:00,205.41,205.49,205.41,205.49,0.04,13.37,2976.11,1
2023-06-08,2023-06-08 11:32:00,205.49,205.58,205.49,205.58,0.04,13.37,2976.11,1
2023-06-08,2023-06-08 11:33:00,205.58,205.66,205.58,205.66,0.04,13.37,2976.11,1
2023-06-08,2023-06-08 11:34:00,205.66,205.75,205.66,205.75,0.04,13.37,2976.11,1
2023-06-08,2023-06-08 11:35:00,205.75,205.83,205.75,205.83,0.04,13.37,2976.11,1
2023-06-08,2023-06-08 11:36:00,205.83,205.91,205.83,205.91,0.04,13.37,2976.11,1
2023-06-08,2023-06-08 11:37:00,205.91,206.0,205.91,206.0,0.04,13.37,2976.11,1
2023-06-08,2023-06-08 11:38:00,206.0,206.08,206.0,206.08,0.04,13.37,2976.11,1
2023-06-08,2023-06-08 11:39:00,206.08,206.17,206.08,206.17,0.04,13.37,2976.11,1
2023-06-08,2023-06-08 11:40:00,206.17,206.25,206.17,206.25,0.04,13.37,2976.11,1
2023-06-08,2023-06-08 11:41:00,206.25,206.34,206.25,206.34,0.04,13.37,2976.11,1
2023-06-08,2023-06-08 11:42:00,206.34,206.42,206.34,206.42,0.04,13.37,2976.11,1
2023-06-08,2023-06-08 11:43:00,206.42,206.5,206.42,206.5,0.04,13.37,2976.11,1
2023-06-08,2023-06-08 11:44:00,206.5,206.59,206.5,206.59,0.04,13.37,2976.11,1
2023-06-08,2023-06-08 11:45:00,206.59,206.67,206.59,206.67,0.04,13.37,2976.11,1
2023-06-08,2023-06-08 11:46:00,206.67,206.76,206.67,206.76,0.04,13.37,2976.11,1
2023-06-08,2023-06-08 11:47:00,206.76,206.84,206.76,206.84,0.04,13.37,2976.11,1
2023-06-08,2023-06-08 11:48:00,206.84,206.92,206.84,206.92,0.04,13.37,2976.11,1
2023-06-08,2023-06-08 11:49:00,206.92,207.01,206.92,207.01,0.04,13.37,2976.11,1
2023-06-08,2023-06-08 11:50:00,207.01,207.09,207.01,207.09,0.04,13.37,2976.11,1
2023-06-08,2023-06-08 11:51:00,207.09,207.18,207.09,207.18,0.04,13.37,2976.11,1
2023-06-08,2023-06-08 11:52:00,207.18,207.26,207.18,207.26,0.04,13.37,2976.11,1
2023-06-08,2023-06-08 11:53:00,207.26,207.34,207.26,207.34,0.04,13.37,2976.11,1
2023-06-08,2023-06-08 11:54:00,207.34,207.43,207.34,207.43,0.04,13.37,2976.11,1
2023-06-08,2023-06-08 11:55:00,207.43,207.51,207.43,207.51,0.04,13.37,2976.11,1
2023-06-08,2023-06-08 11:56:00,207.51,207.6,207.51,207.6,0.04,13.37,2976.11,1
2023-06-08,2023-06-08 11:57:00,207.6,207.68,207.6,207.68,0.04,13.37,2976.11,1
2023-06-08,2023-06-08 11:58:00,207.68,207.77,207.68,207.77,0.04,13.37,2976.11,1
2023-06-08,2023-06-08 11:59:00,207.77,207.85,207.77,207.85,0.04,13.37,2976.11,1
2023-06-08,2023-06-08 12:00:00,207.85,207.93,207.85,207.93,0.04,13.37,2976.11,1
2023-06-08,2023-06-08 12:01:00,207.93,208.02,207.93,208.02,0.04,13.37,2976.11,1
2023-06-08,2023-06-08 12:02:00,208.02,208.1,208.02,208.1,0.04,13.37,2976.11,1
2023-06-08,2023-06-08 12:03:00,208.1,208.19,208.1,208.19,0.04,13.37,2976.11,1
2023-06-08,2023-06-08 12:04:00,208.19,208.27,208.19,208.27,0.04,13.37,2976.11,1
2023-06-08,2023-06-08 12:05:00,208.27,208.36,208.27,208.36,0.04,13.37,2976.11,1
2023-06-08,2023-06-08 12:06:00,208.36,208.44,208.36,208.44,0.04,13.37,2976.11,1
2023-06-08,2023-06-08 12:07:00,208.44,208.52,208.44,208.52,0.04,13.37,2976.11,1
2023-06-08,2023-06-08 12:08:00,208.52,208.61,208.52,208.61,0.04,13.37,2976.11,1
2023-06-08,2023-06-08 12:09:00,208.61,208.69,208.61,208.69,0.04,13.37,2976.11,1
2023-06-08,2023-06-08 12:10:00,208.69,208.78,208.69,208.78,0.04,13.37,2976.11,1
2023-06-08,2023-06-08 12:11:00,208.78,208.86,208.78,208.86,0.04,13.37,2976.11,1
2023-06-08,2023-06-08 12:12:00,208.86,208.94,208.86,208.94,0.04,13.37,2976.11,1
2023-06-08,2023-06-08 12:13:00,208.94,209.03,208.94,209.03,0.04,13.37,2976.11,1
2023-06-08,2023-06-08 12:14:00,209.03,209.11,209.03,209.11,0.04,13.37,2976.11,1
2023-06-08,2023-06-08 12:15:00,209.11,209.2,209.11,209.2,0.04,13.37,2976.11,1
2023-06-08,2023-06-08 12:16:00,209.2,209.28,209.2,209.28,0.04,13.37,2976.11,1
2023-06-08,2023-06-08 12:17:00,209.28,209.37,209.28,209.37,0.04,13.37,2976.11,1
2023-06-08,2023-06-08 12:18:00,209.37,209.45,209.37,209.45,0.04,13.37,2976.11,1
2023-06-08,2023-06-08 12:19:00,209.45,209.53,209.45,209.53,0.04,13.37,2976.11,1
2023-06-08,2023-06-08 12:20:00,209.53,209.62,209.53,209.62,0.04,13.37,2976.11,1
2023-06-08,2023-06-08 12:21:00,209.62,209.7,209.62,209.7,0.04,13.37,2976.11,1
2023-06-08,2023-06-08 12:22:00,209.7,209.79,209.7,209.79,0.04,13.37,2976.11,1
2023-06-08,2023-06-08 12:23:00,209.79,209.87,209.79,209.87,0.04,13.37,2976.11,1
2023-06-08,2023-06-08 12:24:00,209.87,209.95,209.87,209.95,0.04,13.37,2976.11,1
2023-06-08,2023-06-08 12:25:00,209.95,210.04,209.95,210.04,0.04,13.37,2976.11,1
2023-06-08,2023-06-08 12:26:00,210.04,210.12,210.04,210.12,0.04,13.37,2976.11,1
2023-06-08,2023-06-08 12:27:00,210.12,210.21,210.12,210.21,0.04,13.37,2976.11,1
2023-06-08,2023-06-08 12:28:00,210.21,210.29,210.21,210.29,0.04,13.37,2976.11,1
2023-06-08,2023-06-08 12:29:00,210.29,210.38,210.29,210.38,0.04,13.37,2976.11,1
2023-06-08,2023-06-08 12:30:00,210.38,210.46,210.38,210.46,0.04,13.37,2976.11,1
2023-06-08,2023-06-08 12:31:00,210.46,210.54,210.46,210.54,0.04,13.37,2976.11,1
2023-06-08,2023-06-08 12:32:00,210.54,210.63,210.54,210.63,0.04,13.37,2976.11,1
2023-06-08,2023-06-08 12:33:00,210.63,210.71,210.63,210.71,0.04,13.37,2976.11,1
2023-06-08,2023-06-08 12:34:00,210.71,210.8,210.71,210.8,0.04,13.37,2976.11,1
2023-06-08,2023-06-08 12:35:00,210.8,210.88,210.8,210.88,0.04,13.37,2976.11,1
2023-06-08,2023-06-08 12:36:00,210.88,210.96,210.88,210.96,0.04,13.37,2976.11,1
2023-06-08,2023-06-08 12:37:00,210.96,211.05,210.96,211.05,0.04,13.37,2976.11,1
2023-06-08,2023-06-08 12:38:00,211.05,211.13,211.05,211.13,0.04,13.37,2976.11,1
2023-06-08,2023-06-08 12:39:00,211.13,211.22,211.13,211.22,0.04,13.37,2976.11,1
2023-06-08,2023-06-08 12:40:00,211.22,211.3,211.22,211.3,0.04,13.37,2976.11,1
2023-06-08,2023-06-08 12:41:00,211.3,211.39,211.3,211.39,0.04,13.37,2976.11,1
2023-06-08,2023-06-08 12:42:00,211.39,211.47,211.39,211.47,0.04,13.37,2976.11,1
2023-06-08,2023-06-08 12:43:00,211.47,211.55,211.47,211.55,0.04,13.37,2976.11,1
2023-06-08,2023-06-08 12:44:00,211.55,211.64,211.55,211.64,0.04,13.37,2976.11,1
2023-06-08,2023-06-08 12:45:00,211.64,211.72,211.64,211.72,0.04,13.37,2976.11,1
2023-06-08,2023-06-08 12:46:00,211.72,211.81,211.72,211.81,0.04,13.37,2976.11,1
2023-06-08,2023-06-08 12:47:00,211.81,211.89,211.81,211.89,0.04,13.37,2976.11,1
2023-06-08,2023-06-08 12:48:00,211.89,211.97,211.89,211.97,0.04,13.37,2976.11,1
2023-06-08,2023-06-08 12:49:00,211.97,212.06,211.97,212.06,0.04,13.37,2976.11,1
2023-06-08,2023-06-08 12:50:00,212.06,212.14,212.06,212.14,0.04,13.37,2976.11,1
2023-06-08,2023-06-08 12:51:00,212.14,212.23,212.14,212.23,0.04,13.37,2976.11,1
2023-06-08,2023-06-08 12:52:00,212.23,212.31,212.23,212.31,0.04,13.37,2976.11,1
2023-06-08,2023-06-08 12:53:00,212.31,212.4,212.31,212.4,0.04,13.37,2976.11,1
2023-06-08,2023-06-08 12:54:00,212.4,212.48,212.4,212.48,0.04,13.37,2976.11,1
2023-06-08,2023-06-08 12:55:00,212.48,212.56,212.48,212.56,0.04,13.37,2976.11,1
2023-06-08,2023-06-08 12:56:00,212.56,212.65,212.56,212.65,0.04,13.37,2976.11,1
2023-06-08,2023-06-08 12:57:00,212.65,212.73,212.65,212.73,0.04,13.37,2976.11,1
2023-06-08,2023-06-08 12:58:00,212.73,212.82,212.73,212.82,0.04,13.37,2976.11,1
2023-06-08,2023-06-08 12:59:00,212.82,212.9,212.82,212.9,0.04,13.37,2976.11,1
2023-06-08,2023-06-08 13:00:00,212.9,223.0,202.8,212.98,0.04,13.37,2976.11,1
2023-06-08,2023-06-08 13:01:00,212.98,213.07,212.98,213.07,0.04,13.37,2976.11,1
2023-06-08,2023-06-08 13:02:00,213.07,213.15,213.07,213.15,0.04,13.37,2976.11,1
2023-06-08,2023-06-08 13:03:00,213.15,213.24,213.15,213.24,0.04,13.37,2976.11,1
2023-06-08,2023-06-08 13:04:00,213.24,213.32,213.24,213.32,0.04,13.37,2976.11,1
2023-06-08,2023-06-08 13:05:00,213.32,213.41,213.32,213.41,0.04,13.37,2976.11,1
2023-06-08,2023-06-08 13:06:00,213.41,213.49,213.41,213.49,0.04,13.37,2976.11,1
2023-06-08,2023-06-08 13:07:00,213.49,213.57,213.49,213.57,0.04,13.37,2976.11,1
2023-06-08,2023-06-08 13:08:00,213.57,213.66,213.57,213.66,0.04,13.37,2976.11,1
2023-06-08,2023-06-08 13:09:00,213.66,213.74,213.66,213.74,0.04,13.37,2976.11,1
2023-06-08,2023-06-08 13:10:00,213.74,213.83,213.74,213.83,0.04,13.37,2976.11,1
2023-06-08,2023-06-08 13:11:00,213.83,213.91,213.83,213.91,0.04,13.37,2976.11,1
2023-06-08,2023-06-08 13:12:00,213.91,213.99,213.91,213.99,0.04,13.37,2976.11,1
2023-06-08,2023-06-08 13:13:00,213.99,214.08,213.99,214.08,0.04,13.37,2976.11,1
2023-06-08,2023-06-08 13:14:00,214.08,214.16,214.08,214.16,0.04,13.37,2976.11,1
2023-06-08,2023-06-08 13:15:00,214.16,214.25,214.16,214.25,0.04,13.37,2976.11,1
2023-06-08,2023-06-08 13:16:00,214.25,214.33,214.25,214.33,0.04,13.37,2976.11,1
2023-06-08,2023-06-08 13:17:00,214.33,214.41,214.33,214.41,0.04,13.37,2976.11,1
2023-06-08,2023-06-08 13:18:00,214.41,214.5,214.41,214.5,0.04,13.37,2976.11,1
2023-06-08,2023-06-08 13:19:00,214.5,214.58,214.5,214.58,0.04,13.37,2976.11,1
2023-06-08,2023-06-08 13:20:00,214.58,214.67,214.58,214.67,0.04,13.37,2976.11,1
2023-06-08,2023-06-08 13:21:00,214.67,214.75,214.67,214.75,0.04,13.37,2976.11,1
2023-06-08,2023-06-08 13:22:00,214.75,214.84,214.75,214.84,0.04,13.37,2976.11,1
2023-06-08,2023-06-08 13:23:00,214.84,214.92,214.84,214.92,0.04,13.37,2976.11,1
2023-06-08,2023-06-08 13:24:00,214.92,215.0,214.92,215.0,0.04,13.37,2976.11,1
2023-06-08,2023-06-08 13:25:00,215.0,215.09,215.0,215.09,0.04,13.37,2976.11,1
2023-06-08,2023-06-08 13:26:00,215.09,215.17,215.09,215.17,0.04,13.37,2976.11,1
2023-06-08,2023-06-08 13:27:00,215.17,215.26,215.17,215.26,0.04,13.37,2976.11,1
2023-06-08,2023-06-08 13:28:00,215.26,215.34,215.26,215.34,0.04,13.37,2976.11,1
2023-06-08,2023-06-08 13:29:00,215.34,215.43,215.34,215.43,0.04,13.37,2976.11,1
2023-06-08,2023-06-08 13:30:00,215.43,215.51,215.43,215.51,0.04,13.37,2976.11,1
2023-06-08,2023-06-08 13:31:00,215.51,215.59,215.51,215.59,0.04,13.37,2976.11,1
2023-06-08,2023-06-08 13:32:00,215.59,215.68,215.59,215.68,0.04,13.37,2976.11,1
2023-06-08,2023-06-08 13:33:00,215.68,215.76,215.68,215.76,0.04,13.37,2976.11,1
2023-06-08,2023-06-08 13:34:00,215.76,215.85,215.76,215.85,0.04,13.37,2976.11,1
2023-06-08,2023-06-08 13:35:00,215.85,215.93,215.85,215.93,0.04,13.37,2976.11,1
2023-06-08,2023-06-08 13:36:00,215.93,216.01,215.93,216.01,0.04,13.37,2976.11,1
2023-06-08,2023-06-08 13:37:00,216.01,216.1,216.01,216.1,0.04,13.37,2976.11,1
2023-06-08,2023-06-08 13:38:00,216.1,216.18,216.1,216.18,0.04,13.37,2976.11,1
2023-06-08,2023-06-08 13:39:00,216.18,216.27,216.18,216.27,0.04,13.37,2976.11,1
2023-06-08,2023-06-08 13:40:00,216.27,216.35,216.27,216.35,0.04,13.37,2976.11,1
2023-06-08,2023-06-08 13:41:00,216.35,216.44,216.35,216.44,0.04,13.37,2976.11,1
2023-06-08,2023-06-08 13:42:00,216.44,216.52,216.44,216.52,0.04,13.37,2976.11,1
2023-06-08,2023-06-08 13:43:00,216.52,216.6,216.52,216.6,0.04,13.37,2976.11,1
2023-06-08,2023-06-08 13:44:00,216.6,216.69,216.6,216.69,0.04,13.37,2976.11,1
2023-06-08,2023-06-08 13:45:00,216.69,216.77,216.69,216.77,0.04,13.37,2976.11,1
2023-06-08,2023-06-08 13:46:00,216.77,216.86,216.77,216.86,0.04,13.37,2976.11,1
2023-06-08,2023-06-08 13:47:00,216.86,216.94,216.86,216.94,0.04,13.37,2976.11,1
2023-06-08,2023-06-08 13:48:00,216.94,217.02,216.94,217.02,0.04,13.37,2976.11,1
2023-06-08,2023-06-08 13:49:00,217.02,217.11,217.02,217.11,0.04,13.37,2976.11,1
2023-06-08,2023-06-08 13:50:00,217.11,217.19,217.11,217.19,0.04,13.37,2976.11,1
2023-06-08,2023-06-08 13:51:00,217.19,217.28,217.19,217.28,0.04,13.37,2976.11,1
2023-06-08,2023-06-08 13:52:00,217.28,217.36,217.28,217.36,0.04,13.37,2976.11,1
2023-06-08,2023-06-08 13:53:00,217.36,217.44,217.36,217.44,0.04,13.37,2976.11,1
2023-06-08,2023-06-08 13:54:00,217.44,217.53,217.44,217.53,0.04,13.37,2976.11,1
2023-06-08,2023-06-08 13:55:00,217.53,217.61,217.53,217.61,0.04,13.37,2976.11,1
2023-06-08,2023-06-08 13:56:00,217.61,217.7,217.61,217.7,0.04,13.37,2976.11,1
2023-06-08,2023-06-08 13:57:00,217.7,217.78,217.7,217.78,0.04,13.37,2976.11,1
2023-06-08,2023-06-08 13:58:00,217.78,217.87,217.78,217.87,0.04,13.37,2976.11,1
2023-06-08,2023-06-08 13:59:00,217.87,217.95,217.87,217.95,0.04,13.37,2976.11,1
2023-06-08,2023-06-08 14:00:00,217.95,218.03,217.95,218.03,0.04,13.37,2976.11,1
2023-06-08,2023-06-08 14:01:00,218.03,218.12,218.03,218.12,0.04,13.37,2976.11,1
2023-06-08,2023-06-08 14:02:00,218.12,218.2,218.12,218.2,0.04,13.37,2976.11,1
2023-06-08,2023-06-08 14:03:00,218.2,218.29,218.2,218.29,0.04,13.37,2976.11,1
2023-06-08,2023-06-08 14:04:00,218.29,218.37,218.29,218.37,0.04,13.37,2976.11,1
2023-06-08,2023-06-08 14:05:00,218.37,218.46,218.37,218.46,0.04,13.37,2976.11,1
2023-06-08,2023-06-08 14:06:00,218.46,218.54,218.46,218.54,0.04,13.37,2976.11,1
2023-06-08,2023-06-08 14:07:00,218.54,218.62,218.54,218.62,0.04,13.37,2976.11,1
2023-06-08,2023-06-08 14:08:00,218.62,218.71,218.62,218.71,0.04,13.37,2976.11,1
2023-06-08,2023-06-08 14:09:00,218.71,218.79,218.71,218.79,0.04,13.37,2976.11,1
2023-06-08,2023-06-08 14:10:00,218.79,218.88,218.79,218.88,0.04,13.37,2976.11,1
2023-06-08,2023-06-08 14:11:00,218.88,218.96,218.88,218.96,0.04,13.37,2976.11,1
2023-06-08,2023-06-08 14:12:00,218.96,219.04,218.96,219.04,0.04,13.37,2976.11,1
2023-06-08,2023-06-08 14:13:00,219.04,219.13,219.04,219.13,0.04,13.37,2976.11,1
2023-06-08,2023-06-08 14:14:00,219.13,219.21,219.13,219.21,0.04,13.37,2976.11,1
2023-06-08,2023-06-08 14:15:00,219.21,219.3,219.21,219.3,0.04,13.37,2976.11,1
2023-06-08,2023-06-08 14:16:00,219.3,219.38,219.3,219.38,0.04,13.37,2976.11,1
2023-06-08,2023-06-08 14:17:00,219.38,219.47,219.38,219.47,0.04,13.37,2976.11,1
2023-06-08,2023-06-08 14:18:00,219.47,219.55,219.47,219.55,0.04,13.37,2976.11,1
2023-06-08,2023-06-08 14:19:00,219.55,219.63,219.55,219.63,0.04,13.37,2976.11,1
2023-06-08,2023-06-08 14:20:00,219.63,219.72,219.63,219.72,0.04,13.37,2976.11,1
2023-06-08,2023-06-08 14:21:00,219.72,219.8,219.72,219.8,0.04,13.37,2976.11,1
2023-06-08,2023-06-08 14:22:00,219.8,219.89,219.8,219.89,0.04,13.37,2976.11,1
2023-06-08,2023-06-08 14:23:00,219.89,219.97,219.89,219.97,0.04,13.37,2976.11,1
2023-06-08,2023-06-08 14:24:00,219.97,220.05,219.97,220.05,0.04,13.37,2976.11,1
2023-06-08,2023-06-08 14:25:00,220.05,220.14,220.05,220.14,0.04,13.37,2976.11,1
2023-06-08,2023-06-08 14:26:00,220.14,220.22,220.14,220.22,0.04,13.37,2976.11,1
2023-06-08,2023-06-08 14:27:00,220.22,220.31,220.22,220.31,0.04,13.37,2976.11,1
2023-06-08,2023-06-08 14:28:00,220.31,220.39,220.31,220.39,0.04,13.37,2976.11,1
2023-06-08,2023-06-08 14:29:00,220.39,220.47,220.39,220.47,0.04,13.37,2976.11,1
2023-06-08,2023-06-08 14:30:00,220.47,220.56,220.47,220.56,0.04,13.37,2976.11,1
2023-06-08,2023-06-08 14:31:00,220.56,220.64,220.56,220.64,0.04,13.37,2976.11,1
2023-06-08,2023-06-08 14:32:00,220.64,220.73,220.64,220.73,0.04,13.37,2976.11,1
2023-06-08,2023-06-08 14:33:00,220.73,220.81,220.73,220.81,0.04,13.37,2976.11,1
2023-06-08,2023-06-08 14:34:00,220.81,220.9,220.81,220.9,0.04,13.37,2976.11,1
2023-06-08,2023-06-08 14:35:00,220.9,220.98,220.9,220.98,0.04,13.37,2976.11,1
2023-06-08,2023-06-08 14:36:00,220.98,221.06,220.98,221.06,0.04,13.37,2976.11,1
2023-06-08,2023-06-08 14:37:00,221.06,221.15,221.06,221.15,0.04,13.37,2976.11,1
2023-06-08,2023-06-08 14:38:00,221.15,221.23,221.15,221.23,0.04,13.37,2976.11,1
2023-06-08,2023-06-08 14:39:00,221.23,221.32,221.23,221.32,0.04,13.37,2976.11,1
2023-06-08,2023-06-08 14:40:00,221.32,221.4,221.32,221.4,0.04,13.37,2976.11,1
2023-06-08,2023-06-08 14:41:00,221.4,221.49,221.4,221.49,0.04,13.37,2976.11,1
2023-06-08,2023-06-08 14:42:00,221.49,221.57,221.49,221.57,0.04,13.37,2976.11,1
2023-06-08,2023-06-08 14:43:00,221.57,221.65,221.57,221.65,0.04,13.37,2976.11,1
2023-06-08,2023-06-08 14:44:00,221.65,221.74,221.65,221.74,0.04,13.37,2976.11,1
2023-06-08,2023-06-08 14:45:00,221.74,221.82,221.74,221.82,0.04,13.37,2976.11,1
2023-06-08,2023-06-08 14:46:00,221.82,221.91,221.82,221.91,0.04,13.37,2976.11,1
2023-06-08,2023-06-08 14:47:00,221.91,221.99,221.91,221.99,0.04,13.37,2976.11,1
2023-06-08,2023-06-08 14:48:00,221.99,222.07,221.99,222.07,0.04,13.37,2976.11,1
2023-06-08,2023-06-08 14:49:00,222.07,222.16,222.07,222.16,0.04,13.37,2976.11,1
2023-06-08,2023-06-08 14:50:00,222.16,222.24,222.16,222.24,0.04,13.37,2976.11,1
2023-06-08,2023-06-08 14:51:00,222.24,222.33,222.24,222.33,0.04,13.37,2976.11,1
2023-06-08,2023-06-08 14:52:00,222.33,222.41,222.33,222.41,0.04,13.37,2976.11,1
2023-06-08,2023-06-08 14:53:00,222.41,222.5,222.41,222.5,0.04,13.37,2976.11,1
2023-06-08,2023-06-08 14:54:00,222.5,222.58,222.5,222.58,0.04,13.37,2976.11,1
2023-06-08,2023-06-08 14:55:00,222.58,222.66,222.58,222.66,0.04,13.37,2976.11,1
2023-06-08,2023-06-08 14:56:00,222.66,222.75,222.66,222.75,0.04,13.37,2976.11,1
2023-06-08,2023-06-08 14:57:00,222.75,222.83,222.75,222.83,0.04,13.37,2976.11,1
2023-06-08,2023-06-08 14:58:00,222.83,222.92,222.83,222.92,0.04,13.37,2976.11,1
2023-06-08,2023-06-08 14:59:00,222.92,223.0,222.92,223.0,0.04,13.37,2976.11,1
2023-06-08,2023-06-08 15:00:00,223.0,223.0,202.8,223.0,0.0,13.37,2976.11,0
2023-06-11,2023-06-11 11:00:00,227.4,232.77,227.4,227.47,0.03,11.86,2903.4,1
2023-06-11,2023-06-11 11:01:00,227.47,227.55,227.47,227.55,0.04,11.86,2903.4,1
2023-06-11,2023-06-11 11:02:00,227.55,227.62,227.55,227.62,0.03,11.86,2903.4,1
2023-06-11,2023-06-11 11:03:00,227.62,227.7,227.62,227.7,0.04,11.86,2903.4,1
2023-06-11,2023-06-11 11:04:00,227.7,227.77,227.7,227.77,0.03,11.86,2903.4,1
2023-06-11,2023-06-11 11:05:00,227.77,227.85,227.77,227.85,0.04,11.86,2903.4,1
2023-06-11,2023-06-11 11:06:00,227.85,227.92,227.85,227.92,0.03,11.86,2903.4,1
2023-06-11,2023-06-11 11:07:00,227.92,228.0,227.92,228.0,0.04,11.86,2903.4,1
2023-06-11,2023-06-11 11:08:00,228.0,228.07,228.0,228.07,0.03,11.86,2903.4,1
2023-06-11,2023-06-11 11:09:00,228.07,228.15,228.07,228.15,0.04,11.86,2903.4,1
2023-06-11,2023-06-11 11:10:00,228.15,228.22,228.15,228.22,0.03,11.86,2903.4,1
2023-06-11,2023-06-11 11:11:00,228.22,228.3,228.22,228.3,0.04,11.86,2903.4,1
2023-06-11,2023-06-11 11:12:00,228.3,228.37,228.3,228.37,0.03,11.86,2903.4,1
2023-06-11,2023-06-11 11:13:00,228.37,228.44,228.37,228.44,0.03,11.86,2903.4,1
2023-06-11,2023-06-11 11:14:00,228.44,228.52,228.44,228.52,0.04,11.86,2903.4,1
2023-06-11,2023-06-11 11:15:00,228.52,228.59,228.52,228.59,0.03,11.86,2903.4,1
2023-06-11,2023-06-11 11:16:00,228.59,228.67,228.59,228.67,0.03,11.86,2903.4,1
2023-06-11,2023-06-11 11:17:00,228.67,228.74,228.67,228.74,0.03,11.86,2903.4,1
2023-06-11,2023-06-11 11:18:00,228.74,228.82,228.74,228.82,0.03,11.86,2903.4,1
2023-06-11,2023-06-11 11:19:00,228.82,228.89,228.82,228.89,0.03,11.86,2903.4,1
2023-06-11,2023-06-11 11:20:00,228.89,228.97,228.89,228.97,0.03,11.86,2903.4,1
2023-06-11,2023-06-11 11:21:00,228.97,229.04,228.97,229.04,0.03,11.86,2903.4,1
2023-06-11,2023-06-11 11:22:00,229.04,229.12,229.04,229.12,0.03,11.86,2903.4,1
2023-06-11,2023-06-11 11:23:00,229.12,229.19,229.12,229.19,0.03,11.86,2903.4,1
2023-06-11,2023-06-11 11:24:00,229.19,229.26,229.19,229.26,0.03,11.86,2903.4,1
2023-06-11,2023-06-11 11:25:00,229.26,229.34,229.26,229.34,0.03,11.86,2903.4,1
2023-06-11,2023-06-11 11:26:00,229.34,229.41,229.34,229.41,0.03,11.86,2903.4,1
2023-06-11,2023-06-11 11:27:00,229.41,229.49,229.41,229.49,0.03,11.86,2903.4,1
2023-06-11,2023-06-11 11:28:00,229.49,229.56,229.49,229.56,0.03,11.86,2903.4,1
2023-06-11,2023-06-11 11:29:00,229.56,229.64,229.56,229.64,0.03,11.86,2903.4,1
2023-06-11,2023-06-11 11:30:00,229.64,229.71,229.64,229.71,0.03,11.86,2903.4,1
2023-06-11,2023-06-11 11:31:00,229.71,229.79,229.71,229.79,0.03,11.86,2903.4,1
2023-06-11,2023-06-11 11:32:00,229.79,229.86,229.79,229.86,0.03,11.86,2903.4,1
2023-06-11,2023-06-11 11:33:00,229.86,229.94,229.86,229.94,0.03,11.86,2903.4,1
2023-06-11,2023-06-11 11:34:00,229.94,230.01,229.94,230.01,0.03,11.86,2903.4,1
2023-06-11,2023-06-11 11:35:00,230.01,230.09,230.01,230.09,0.03,11.86,2903.4,1
2023-06-11,2023-06-11 11:36:00,230.09,230.16,230.09,230.16,0.03,11.86,2903.4,1
2023-06-11,2023-06-11 11:37:00,230.16,230.23,230.16,230.23,0.03,11.86,2903.4,1
2023-06-11,2023-06-11 11:38:00,230.23,230.31,230.23,230.31,0.03,11.86,2903.4,1
2023-06-11,2023-06-11 11:39:00,230.31,230.38,230.31,230.38,0.03,11.86,2903.4,1
2023-06-11,2023-06-11 11:40:00,230.38,230.46,230.38,230.46,0.03,11.86,2903.4,1
2023-06-11,2023-06-11 11:41:00,230.46,230.53,230.46,230.53,0.03,11.86,2903.4,1
2023-06-11,2023-06-11 11:42:00,230.53,230.61,230.53,230.61,0.03,11.86,2903.4,1
2023-06-11,2023-06-11 11:43:00,230.61,230.68,230.61,230.68,0.03,11.86,2903.4,1
2023-06-11,2023-06-11 11:44:00,230.68,230.76,230.68,230.76,0.03,11.86,2903.4,1
2023-06-11,2023-06-11 11:45:00,230.76,230.83,230.76,230.83,0.03,11.86,2903.4,1
2023-06-11,2023-06-11 11:46:00,230.83,230.91,230.83,230.91,0.03,11.86,2903.4,1
2023-06-11,2023-06-11 11:47:00,230.91,230.98,230.91,230.98,0.03,11.86,2903.4,1
2023-06-11,2023-06-11 11:48:00,230.98,231.05,230.98,231.05,0.03,11.86,2903.4,1
2023-06-11,2023-06-11 11:49:00,231.05,231.13,231.05,231.13,0.03,11.86,2903.4,1
2023-06-11,2023-06-11 11:50:00,231.13,231.2,231.13,231.2,0.03,11.86,2903.4,1
2023-06-11,2023-06-11 11:51:00,231.2,231.28,231.2,231.28,0.03,11.86,2903.4,1
2023-06-11,2023-06-11 11:52:00,231.28,231.35,231.28,231.35,0.03,11.86,2903.4,1
2023-06-11,2023-06-11 11:53:00,231.35,231.43,231.35,231.43,0.03,11.86,2903.4,1
2023-06-11,2023-06-11 11:54:00,231.43,231.5,231.43,231.5,0.03,11.86,2903.4,1
2023-06-11,2023-06-11 11:55:00,231.5,231.58,231.5,231.58,0.03,11.86,2903.4,1
2023-06-11,2023-06-11 11:56:00,231.58,231.65,231.58,231.65,0.03,11.86,2903.4,1
2023-06-11,2023-06-11 11:57:00,231.65,231.73,231.65,231.73,0.03,11.86,2903.4,1
2023-06-11,2023-06-11 11:58:00,231.73,231.8,231.73,231.8,0.03,11.86,2903.4,1
2023-06-11,2023-06-11 11:59:00,231.8,231.88,231.8,231.88,0.03,11.86,2903.4,1
2023-06-11,2023-06-11 12:00:00,231.88,231.95,231.88,231.95,0.03,11.86,2903.4,1
2023-06-11,2023-06-11 12:01:00,231.95,232.02,231.95,232.02,0.03,11.86,2903.4,1
2023-06-11,2023-06-11 12:02:00,232.02,232.1,232.02,232.1,0.03,11.86,2903.4,1
2023-06-11,2023-06-11 12:03:00,232.1,232.17,232.1,232.17,0.03,11.86,2903.4,1
2023-06-11,2023-06-11 12:04:00,232.17,232.25,232.17,232.25,0.03,11.86,2903.4,1
2023-06-11,2023-06-11 12:05:00,232.25,232.32,232.25,232.32,0.03,11.86,2903.4,1
2023-06-11,2023-06-11 12:06:00,232.32,232.4,232.32,232.4,0.03,11.86,2903.4,1
2023-06-11,2023-06-11 12:07:00,232.4,232.47,232.4,232.47,0.03,11.86,2903.4,1
2023-06-11,2023-06-11 12:08:00,232.47,232.55,232.47,232.55,0.03,11.86,2903.4,1
2023-06-11,2023-06-11 12:09:00,232.55,232.62,232.55,232.62,0.03,11.86,2903.4,1
2023-06-11,2023-06-11 12:10:00,232.62,232.7,232.62,232.7,0.03,11.86,2903.4,1
2023-06-11,2023-06-11 12:11:00,232.7,232.77,232.7,232.77,0.03,11.86,2903.4,1
2023-06-11,2023-06-11 12:12:00,232.77,232.84,232.77,232.84,0.03,11.86,2903.4,1
2023-06-11,2023-06-11 12:13:00,232.84,232.92,232.84,232.92,0.03,11.86,2903.4,1
2023-06-11,2023-06-11 12:14:00,232.92,232.99,232.92,232.99,0.03,11.86,2903.4,1
2023-06-11,2023-06-11 12:15:00,232.99,233.07,232.99,233.07,0.03,11.86,2903.4,1
2023-06-11,2023-06-11 12:16:00,233.07,233.14,233.07,233.14,0.03,11.86,2903.4,1
2023-06-11,2023-06-11 12:17:00,233.14,233.22,233.14,233.22,0.03,11.86,2903.4,1
2023-06-11,2023-06-11 12:18:00,233.22,233.29,233.22,233.29,0.03,11.86,2903.4,1
2023-06-11,2023-06-11 12:19:00,233.29,233.37,233.29,233.37,0.03,11.86,2903.4,1
2023-06-11,2023-06-11 12:20:00,233.37,233.44,233.37,233.44,0.03,11.86,2903.4,1
2023-06-11,2023-06-11 12:21:00,233.44,233.52,233.44,233.52,0.03,11.86,2903.4,1
2023-06-11,2023-06-11 12:22:00,233.52,233.59,233.52,233.59,0.03,11.86,2903.4,1
2023-06-11,2023-06-11 12:23:00,233.59,233.67,233.59,233.67,0.03,11.86,2903.4,1
2023-06-11,2023-06-11 12:24:00,233.67,233.74,233.67,233.74,0.03,11.86,2903.4,1
2023-06-11,2023-06-11 12:25:00,233.74,233.81,233.74,233.81,0.03,11.86,2903.4,1
2023-06-11,2023-06-11 12:26:00,233.81,233.89,233.81,233.89,0.03,11.86,2903.4,1
2023-06-11,2023-06-11 12:27:00,233.89,233.96,233.89,233.96,0.03,11.86,2903.4,1
2023-06-11,2023-06-11 12:28:00,233.96,234.04,233.96,234.04,0.03,11.86,2903.4,1
2023-06-11,2023-06-11 12:29:00,234.04,234.11,234.04,234.11,0.03,11.86,2903.4,1
2023-06-11,2023-06-11 12:30:00,234.11,234.19,234.11,234.19,0.03,11.86,2903.4,1
2023-06-11,2023-06-11 12:31:00,234.19,234.26,234.19,234.26,0.03,11.86,2903.4,1
2023-06-11,2023-06-11 12:32:00,234.26,234.34,234.26,234.34,0.03,11.86,2903.4,1
2023-06-11,2023-06-11 12:33:00,234.34,234.41,234.34,234.41,0.03,11.86,2903.4,1
2023-06-11,2023-06-11 12:34:00,234.41,234.49,234.41,234.49,0.03,11.86,2903.4,1
2023-06-11,2023-06-11 12:35:00,234.49,234.56,234.49,234.56,0.03,11.86,2903.4,1
2023-06-11,2023-06-11 12:36:00,234.56,234.63,234.56,234.63,0.03,11.86,2903.4,1
2023-06-11,2023-06-11 12:37:00,234.63,234.71,234.63,234.71,0.03,11.86,2903.4,1
2023-06-11,2023-06-11 12:38:00,234.71,234.78,234.71,234.78,0.03,11.86,2903.4,1
2023-06-11,2023-06-11 12:39:00,234.78,234.86,234.78,234.86,0.03,11.86,2903.4,1
2023-06-11,2023-06-11 12:40:00,234.86,234.93,234.86,234.93,0.03,11.86,2903.4,1
2023-06-11,2023-06-11 12:41:00,234.93,235.01,234.93,235.01,0.03,11.86,2903.4,1
2023-06-11,2023-06-11 12:42:00,235.01,235.08,235.01,235.08,0.03,11.86,2903.4,1
2023-06-11,2023-06-11 12:43:00,235.08,235.16,235.08,235.16,0.03,11.86,2903.4,1
2023-06-11,2023-06-11 12:44:00,235.16,235.23,235.16,235.23,0.03,11.86,2903.4,1
2023-06-11,2023-06-11 12:45:00,235.23,235.31,235.23,235.31,0.03,11.86,2903.4,1
2023-06-11,2023-06-11 12:46:00,235.31,235.38,235.31,235.38,0.03,11.86,2903.4,1
2023-06-11,2023-06-11 12:47:00,235.38,235.46,235.38,235.46,0.03,11.86,2903.4,1
2023-06-11,2023-06-11 12:48:00,235.46,235.53,235.46,235.53,0.03,11.86,2903.4,1
2023-06-11,2023-06-11 12:49:00,235.53,235.6,235.53,235.6,0.03,11.86,2903.4,1
2023-06-11,2023-06-11 12:50:00,235.6,235.68,235.6,235.68,0.03,11.86,2903.4,1
2023-06-11,2023-06-11 12:51:00,235.68,235.75,235.68,235.75,0.03,11.86,2903.4,1
2023-06-11,2023-06-11 12:52:00,235.75,235.83,235.75,235.83,0.03,11.86,2903.4,1
2023-06-11,2023-06-11 12:53:00,235.83,235.9,235.83,235.9,0.03,11.86,2903.4,1
2023-06-11,2023-06-11 12:54:00,235.9,235.98,235.9,235.98,0.03,11.86,2903.4,1
2023-06-11,2023-06-11 12:55:00,235.98,236.05,235.98,236.05,0.03,11.86,2903.4,1
2023-06-11,2023-06-11 12:56:00,236.05,236.13,236.05,236.13,0.03,11.86,2903.4,1
2023-06-11,2023-06-11 12:57:00,236.13,236.2,236.13,236.2,0.03,11.86,2903.4,1
2023-06-11,2023-06-11 12:58:00,236.2,236.28,236.2,236.28,0.03,11.86,2903.4,1
2023-06-11,2023-06-11 12:59:00,236.28,236.35,236.28,236.35,0.03,11.86,2903.4,1
2023-06-11,2023-06-11 13:00:00,236.35,245.3,227.4,236.42,0.03,11.86,2903.4,1
2023-06-11,2023-06-11 13:01:00,236.42,236.5,236.42,236.5,0.03,11.86,2903.4,1
2023-06-11,2023-06-11 13:02:00,236.5,236.57,236.5,236.57,0.03,11.86,2903.4,1
2023-06-11,2023-06-11 13:03:00,236.57,236.65,236.57,236.65,0.03,11.86,2903.4,1
2023-06-11,2023-06-11 13:04:00,236.65,236.72,236.65,236.72,0.03,11.86,2903.4,1
2023-06-11,2023-06-11 13:05:00,236.72,236.8,236.72,236.8,0.03,11.86,2903.4,1
2023-06-11,2023-06-11 13:06:00,236.8,236.87,236.8,236.87,0.03,11.86,2903.4,1
2023-06-11,2023-06-11 13:07:00,236.87,236.95,236.87,236.95,0.03,11.86,2903.4,1
2023-06-11,2023-06-11 13:08:00,236.95,237.02,236.95,237.02,0.03,11.86,2903.4,1
2023-06-11,2023-06-11 13:09:00,237.02,237.1,237.02,237.1,0.03,11.86,2903.4,1
2023-06-11,2023-06-11 13:10:00,237.1,237.17,237.1,237.17,0.03,11.86,2903.4,1
2023-06-11,2023-06-11 13:11:00,237.17,237.25,237.17,237.25,0.03,11.86,2903.4,1
2023-06-11,2023-06-11 13:12:00,237.25,237.32,237.25,237.32,0.03,11.86,2903.4,1
2023-06-11,2023-06-11 13:13:00,237.32,237.39,237.32,237.39,0.03,11.86,2903.4,1
2023-06-11,2023-06-11 13:14:00,237.39,237.47,237.39,237.47,0.03,11.86,2903.4,1
2023-06-11,2023-06-11 13:15:00,237.47,237.54,237.47,237.54,0.03,11.86,2903.4,1
2023-06-11,2023-06-11 13:16:00,237.54,237.62,237.54,237.62,0.03,11.86,2903.4,1
2023-06-11,2023-06-11 13:17:00,237.62,237.69,237.62,237.69,0.03,11.86,2903.4,1
2023-06-11,2023-06-11 13:18:00,237.69,237.77,237.69,237.77,0.03,11.86,2903.4,1
2023-06-11,2023-06-11 13:19:00,237.77,237.84,237.77,237.84,0.03,11.86,2903.4,1
2023-06-11,2023-06-11 13:20:00,237.84,237.92,237.84,237.92,0.03,11.86,2903.4,1
2023-06-11,2023-06-11 13:21:00,237.92,237.99,237.92,237.99,0.03,11.86,2903.4,1
2023-06-11,2023-06-11 13:22:00,237.99,238.07,237.99,238.07,0.03,11.86,2903.4,1
2023-06-11,2023-06-11 13:23:00,238.07,238.14,238.07,238.14,0.03,11.86,2903.4,1
2023-06-11,2023-06-11 13:24:00,238.14,238.21,238.14,238.21,0.03,11.86,2903.4,1
2023-06-11,2023-06-11 13:25:00,238.21,238.29,238.21,238.29,0.03,11.86,2903.4,1
2023-06-11,2023-06-11 13:26:00,238.29,238.36,238.29,238.36,0.03,11.86,2903.4,1
2023-06-11,2023-06-11 13:27:00,238.36,238.44,238.36,238.44,0.03,11.86,2903.4,1
2023-06-11,2023-06-11 13:28:00,238.44,238.51,238.44,238.51,0.03,11.86,2903.4,1
2023-06-11,2023-06-11 13:29:00,238.51,238.59,238.51,238.59,0.03,11.86,2903.4,1
2023-06-11,2023-06-11 13:30:00,238.59,238.66,238.59,238.66,0.03,11.86,2903.4,1
2023-06-11,2023-06-11 13:31:00,238.66,238.74,238.66,238.74,0.03,11.86,2903.4,1
2023-06-11,2023-06-11 13:32:00,238.74,238.81,238.74,238.81,0.03,11.86,2903.4,1
2023-06-11,2023-06-11 13:33:00,238.81,238.89,238.81,238.89,0.03,11.86,2903.4,1
2023-06-11,2023-06-11 13:34:00,238.89,238.96,238.89,238.96,0.03,11.86,2903.4,1
2023-06-11,2023-06-11 13:35:00,238.96,239.03,238.96,239.03,0.03,11.86,2903.4,1
2023-06-11,2023-06-11 13:36:00,239.03,239.11,239.03,239.11,0.03,11.86,2903.4,1
2023-06-11,2023-06-11 13:37:00,239.11,239.18,239.11,239.18,0.03,11.86,2903.4,1
2023-06-11,2023-06-11 13:38:00,239.18,239.26,239.18,239.26,0.03,11.86,2903.4,1
2023-06-11,2023-06-11 13:39:00,239.26,239.33,239.26,239.33,0.03,11.86,2903.4,1
2023-06-11,2023-06-11 13:40:00,239.33,239.41,239.33,239.41,0.03,11.86,2903.4,1
2023-06-11,2023-06-11 13:41:00,239.41,239.48,239.41,239.48,0.03,11.86,2903.4,1
2023-06-11,2023-06-11 13:42:00,239.48,239.56,239.48,239.56,0.03,11.86,2903.4,1
2023-06-11,2023-06-11 13:43:00,239.56,239.63,239.56,239.63,0.03,11.86,2903.4,1
2023-06-11,2023-06-11 13:44:00,239.63,239.71,239.63,239.71,0.03,11.86,2903.4,1
2023-06-11,2023-06-11 13:45:00,239.71,239.78,239.71,239.78,0.03,11.86,2903.4,1
2023-06-11,2023-06-11 13:46:00,239.78,239.86,239.78,239.86,0.03,11.86,2903.4,1
2023-06-11,2023-06-11 13:47:00,239.86,239.93,239.86,239.93,0.03,11.86,2903.4,1
2023-06-11,2023-06-11 13:48:00,239.93,240.0,239.93,240.0,0.03,11.86,2903.4,1
2023-06-11,2023-06-11 13:49:00,240.0,240.08,240.0,240.08,0.03,11.86,2903.4,1
2023-06-11,2023-06-11 13:50:00,240.08,240.15,240.08,240.15,0.03,11.86,2903.4,1
2023-06-11,2023-06-11 13:51:00,240.15,240.23,240.15,240.23,0.03,11.86,2903.4,1
2023-06-11,2023-06-11 13:52:00,240.23,240.3,240.23,240.3,0.03,11.86,2903.4,1
2023-06-11,2023-06-11 13:53:00,240.3,240.38,240.3,240.38,0.03,11.86,2903.4,1
2023-06-11,2023-06-11 13:54:00,240.38,240.45,240.38,240.45,0.03,11.86,2903.4,1
2023-06-11,2023-06-11 13:55:00,240.45,240.53,240.45,240.53,0.03,11.86,2903.4,1
2023-06-11,2023-06-11 13:56:00,240.53,240.6,240.53,240.6,0.03,11.86,2903.4,1
2023-06-11,2023-06-11 13:57:00,240.6,240.68,240.6,240.68,0.03,11.86,2903.4,1
2023-06-11,2023-06-11 13:58:00,240.68,240.75,240.68,240.75,0.03,11.86,2903.4,1
2023-06-11,2023-06-11 13:59:00,240.75,240.83,240.75,240.83,0.03,11.86,2903.4,1
2023-06-11,2023-06-11 14:00:00,240.83,240.9,240.83,240.9,0.03,11.86,2903.4,1
2023-06-11,2023-06-11 14:01:00,240.9,240.97,240.9,240.97,0.03,11.86,2903.4,1
2023-06-11,2023-06-11 14:02:00,240.97,241.05,240.97,241.05,0.03,11.86,2903.4,1
2023-06-11,2023-06-11 14:03:00,241.05,241.12,241.05,241.12,0.03,11.86,2903.4,1
2023-06-11,2023-06-11 14:04:00,241.12,241.2,241.12,241.2,0.03,11.86,2903.4,1
2023-06-11,2023-06-11 14:05:00,241.2,241.27,241.2,241.27,0.03,11.86,2903.4,1
2023-06-11,2023-06-11 14:06:00,241.27,241.35,241.27,241.35,0.03,11.86,2903.4,1
2023-06-11,2023-06-11 14:07:00,241.35,241.42,241.35,241.42,0.03,11.86,2903.4,1
2023-06-11,2023-06-11 14:08:00,241.42,241.5,241.42,241.5,0.03,11.86,2903.4,1
2023-06-11,2023-06-11 14:09:00,241.5,241.57,241.5,241.57,0.03,11.86,2903.4,1
2023-06-11,2023-06-11 14:10:00,241.57,241.65,241.57,241.65,0.03,11.86,2903.4,1
2023-06-11,2023-06-11 14:11:00,241.65,241.72,241.65,241.72,0.03,11.86,2903.4,1
2023-06-11,2023-06-11 14:12:00,241.72,241.79,241.72,241.79,0.03,11.86,2903.4,1
2023-06-11,2023-06-11 14:13:00,241.79,241.87,241.79,241.87,0.03,11.86,2903.4,1
2023-06-11,2023-06-11 14:14:00,241.87,241.94,241.87,241.94,0.03,11.86,2903.4,1
2023-06-11,2023-06-11 14:15:00,241.94,242.02,241.94,242.02,0.03,11.86,2903.4,1
2023-06-11,2023-06-11 14:16:00,242.02,242.09,242.02,242.09,0.03,11.86,2903.4,1
2023-06-11,2023-06-11 14:17:00,242.09,242.17,242.09,242.17,0.03,11.86,2903.4,1
2023-06-11,2023-06-11 14:18:00,242.17,242.24,242.17,242.24,0.03,11.86,2903.4,1
2023-06-11,2023-06-11 14:19:00,242.24,242.32,242.24,242.32,0.03,11.86,2903.4,1
2023-06-11,2023-06-11 14:20:00,242.32,242.39,242.32,242.39,0.03,11.86,2903.4,1
2023-06-11,2023-06-11 14:21:00,242.39,242.47,242.39,242.47,0.03,11.86,2903.4,1
2023-06-11,2023-06-11 14:22:00,242.47,242.54,242.47,242.54,0.03,11.86,2903.4,1
2023-06-11,2023-06-11 14:23:00,242.54,242.62,242.54,242.62,0.03,11.86,2903.4,1
2023-06-11,2023-06-11 14:24:00,242.62,242.69,242.62,242.69,0.03,11.86,2903.4,1
2023-06-11,2023-06-11 14:25:00,242.69,242.76,242.69,242.76,0.03,11.86,2903.4,1
2023-06-11,2023-06-11 14:26:00,242.76,242.84,242.76,242.84,0.03,11.86,2903.4,1
2023-06-11,2023-06-11 14:27:00,242.84,242.91,242.84,242.91,0.03,11.86,2903.4,1
2023-06-11,2023-06-11 14:28:00,242.91,242.99,242.91,242.99,0.03,11.86,2903.4,1
2023-06-11,2023-06-11 14:29:00,242.99,243.06,242.99,243.06,0.03,11.86,2903.4,1
2023-06-11,2023-06-11 14:30:00,243.06,243.14,243.06,243.14,0.03,11.86,2903.4,1
2023-06-11,2023-06-11 14:31:00,243.14,243.21,243.14,243.21,0.03,11.86,2903.4,1
2023-06-11,2023-06-11 14:32:00,243.21,243.29,243.21,243.29,0.03,11.86,2903.4,1
2023-06-11,2023-06-11 14:33:00,243.29,243.36,243.29,243.36,0.03,11.86,2903.4,1
2023-06-11,2023-06-11 14:34:00,243.36,243.44,243.36,243.44,0.03,11.86,2903.4,1
2023-06-11,2023-06-11 14:35:00,243.44,243.51,243.44,243.51,0.03,11.86,2903.4,1
2023-06-11,2023-06-11 14:36:00,243.51,243.58,243.51,243.58,0.03,11.86,2903.4,1
2023-06-11,2023-06-11 14:37:00,243.58,243.66,243.58,243.66,0.03,11.86,2903.4,1
2023-06-11,2023-06-11 14:38:00,243.66,243.73,243.66,243.73,0.03,11.86,2903.4,1
2023-06-11,2023-06-11 14:39:00,243.73,243.81,243.73,243.81,0.03,11.86,2903.4,1
2023-06-11,2023-06-11 14:40:00,243.81,243.88,243.81,243.88,0.03,11.86,2903.4,1
2023-06-11,2023-06-11 14:41:00,243.88,243.96,243.88,243.96,0.03,11.86,2903.4,1
2023-06-11,2023-06-11 14:42:00,243.96,244.03,243.96,244.03,0.03,11.86,2903.4,1
2023-06-11,2023-06-11 14:43:00,244.03,244.11,244.03,244.11,0.03,11.86,2903.4,1
2023-06-11,2023-06-11 14:44:00,244.11,244.18,244.11,244.18,0.03,11.86,2903.4,1
2023-06-11,2023-06-11 14:45:00,244.18,244.26,244.18,244.26,0.03,11.86,2903.4,1
2023-06-11,2023-06-11 14:46:00,244.26,244.33,244.26,244.33,0.03,11.86,2903.4,1
2023-06-11,2023-06-11 14:47:00,244.33,244.41,244.33,244.41,0.03,11.86,2903.4,1
2023-06-11,2023-06-11 14:48:00,244.41,244.48,244.41,244.48,0.03,11.86,2903.4,1
2023-06-11,2023-06-11 14:49:00,244.48,244.55,244.48,244.55,0.03,11.86,2903.4,1
2023-06-11,2023-06-11 14:50:00,244.55,244.63,244.55,244.63,0.03,11.86,2903.4,1
2023-06-11,2023-06-11 14:51:00,244.63,244.7,244.63,244.7,0.03,11.86,2903.4,1
2023-06-11,2023-06-11 14:52:00,244.7,244.78,244.7,244.78,0.03,11.86,2903.4,1
2023-06-11,2023-06-11 14:53:00,244.78,244.85,244.78,244.85,0.03,11.86,2903.4,1
2023-06-11,2023-06-11 14:54:00,244.85,244.93,244.85,244.93,0.03,11.86,2903.4,1
2023-06-11,2023-06-11 14:55:00,244.93,245.0,244.93,245.0,0.03,11.86,2903.4,1
2023-06-11,2023-06-11 14:56:00,245.0,245.08,245.0,245.08,0.03,11.86,2903.4,1
2023-06-11,2023-06-11 14:57:00,245.08,245.15,245.08,245.15,0.03,11.86,2903.4,1
2023-06-11,2023-06-11 14:58:00,245.15,245.23,245.15,245.23,0.03,11.86,2903.4,1
2023-06-11,2023-06-11 14:59:00,245.23,245.3,245.23,245.3,0.03,11.86,2903.4,1
2023-06-11,2023-06-11 15:00:00,245.3,245.3,227.4,245.3,0.0,11.86,2903.4,0
2023-06-12,2023-06-12 11:00:00,250.2,256.08,250.2,250.28,0.03,51.54,13903.46,1
2023-06-12,2023-06-12 11:01:00,250.28,250.36,250.28,250.36,0.03,51.54,13903.46,1
2023-06-12,2023-06-12 11:02:00,250.36,250.44,250.36,250.44,0.03,51.54,13903.46,1
2023-06-12,2023-06-12 11:03:00,250.44,250.53,250.44,250.53,0.04,51.54,13903.46,1
2023-06-12,2023-06-12 11:04:00,250.53,250.61,250.53,250.61,0.03,51.54,13903.46,1
2023-06-12,2023-06-12 11:05:00,250.61,250.69,250.61,250.69,0.03,51.54,13903.46,1
2023-06-12,2023-06-12 11:06:00,250.69,250.77,250.69,250.77,0.03,51.54,13903.46,1
2023-06-12,2023-06-12 11:07:00,250.77,250.85,250.77,250.85,0.03,51.54,13903.46,1
2023-06-12,2023-06-12 11:08:00,250.85,250.94,250.85,250.94,0.04,51.54,13903.46,1
2023-06-12,2023-06-12 11:09:00,250.94,251.02,250.94,251.02,0.03,51.54,13903.46,1
2023-06-12,2023-06-12 11:10:00,251.02,251.1,251.02,251.1,0.03,51.54,13903.46,1
2023-06-12,2023-06-12 11:11:00,251.1,251.18,251.1,251.18,0.03,51.54,13903.46,1
2023-06-12,2023-06-12 11:12:00,251.18,251.26,251.18,251.26,0.03,51.54,13903.46,1
2023-06-12,2023-06-12 11:13:00,251.26,251.34,251.26,251.34,0.03,51.54,13903.46,1
2023-06-12,2023-06-12 11:14:00,251.34,251.42,251.34,251.42,0.03,51.54,13903.46,1
2023-06-12,2023-06-12 11:15:00,251.42,251.51,251.42,251.51,0.04,51.54,13903.46,1
2023-06-12,2023-06-12 11:16:00,251.51,251.59,251.51,251.59,0.03,51.54,13903.46,1
2023-06-12,2023-06-12 11:17:00,251.59,251.67,251.59,251.67,0.03,51.54,13903.46,1
2023-06-12,2023-06-12 11:18:00,251.67,251.75,251.67,251.75,0.03,51.54,13903.46,1
2023-06-12,2023-06-12 11:19:00,251.75,251.83,251.75,251.83,0.03,51.54,13903.46,1
2023-06-12,2023-06-12 11:20:00,251.83,251.91,251.83,251.91,0.03,51.54,13903.46,1
2023-06-12,2023-06-12 11:21:00,251.91,252.0,251.91,252.0,0.04,51.54,13903.46,1
2023-06-12,2023-06-12 11:22:00,252.0,252.08,252.0,252.08,0.03,51.54,13903.46,1
2023-06-12,2023-06-12 11:23:00,252.08,252.16,252.08,252.16,0.03,51.54,13903.46,1
2023-06-12,2023-06-12 11:24:00,252.16,252.24,252.16,252.24,0.03,51.54,13903.46,1
2023-06-12,2023-06-12 11:25:00,252.24,252.32,252.24,252.32,0.03,51.54,13903.46,1
2023-06-12,2023-06-12 11:26:00,252.32,252.41,252.32,252.41,0.04,51.54,13903.46,1
2023-06-12,2023-06-12 11:27:00,252.41,252.49,252.41,252.49,0.03,51.54,13903.46,1
2023-06-12,2023-06-12 11:28:00,252.49,252.57,252.49,252.57,0.03,51.54,13903.46,1
2023-06-12,2023-06-12 11:29:00,252.57,252.65,252.57,252.65,0.03,51.54,13903.46,1
2023-06-12,2023-06-12 11:30:00,252.65,252.73,252.65,252.73,0.03,51.54,13903.46,1
2023-06-12,2023-06-12 11:31:00,252.73,252.81,252.73,252.81,0.03,51.54,13903.46,1
2023-06-12,2023-06-12 11:32:00,252.81,252.89,252.81,252.89,0.03,51.54,13903.46,1
2023-06-12,2023-06-12 11:33:00,252.89,252.98,252.89,252.98,0.04,51.54,13903.46,1
2023-06-12,2023-06-12 11:34:00,252.98,253.06,252.98,253.06,0.03,51.54,13903.46,1
2023-06-12,2023-06-12 11:35:00,253.06,253.14,253.06,253.14,0.03,51.54,13903.46,1
2023-06-12,2023-06-12 11:36:00,253.14,253.22,253.14,253.22,0.03,51.54,13903.46,1
2023-06-12,2023-06-12 11:37:00,253.22,253.3,253.22,253.3,0.03,51.54,13903.46,1
2023-06-12,2023-06-12 11:38:00,253.3,253.38,253.3,253.38,0.03,51.54,13903.46,1
2023-06-12,2023-06-12 11:39:00,253.38,253.47,253.38,253.47,0.04,51.54,13903.46,1
2023-06-12,2023-06-12 11:40:00,253.47,253.55,253.47,253.55,0.03,51.54,13903.46,1
2023-06-12,2023-06-12 11:41:00,253.55,253.63,253.55,253.63,0.03,51.54,13903.46,1
2023-06-12,2023-06-12 11:42:00,253.63,253.71,253.63,253.71,0.03,51.54,13903.46,1
2023-06-12,2023-06-12 11:43:00,253.71,253.79,253.71,253.79,0.03,51.54,13903.46,1
2023-06-12,2023-06-12 11:44:00,253.79,253.88,253.79,253.88,0.04,51.54,13903.46,1
2023-06-12,2023-06-12 11:45:00,253.88,253.96,253.88,253.96,0.03,51.54,13903.46,1
2023-06-12,2023-06-12 11:46:00,253.96,254.04,253.96,254.04,0.03,51.54,13903.46,1
2023-06-12,2023-06-12 11:47:00,254.04,254.12,254.04,254.12,0.03,51.54,13903.46,1
2023-06-12,2023-06-12 11:48:00,254.12,254.2,254.12,254.2,0.03,51.54,13903.46,1
2023-06-12,2023-06-12 11:49:00,254.2,254.28,254.2,254.28,0.03,51.54,13903.46,1
2023-06-12,2023-06-12 11:50:00,254.28,254.36,254.28,254.36,0.03,51.54,13903.46,1
2023-06-12,2023-06-12 11:51:00,254.36,254.45,254.36,254.45,0.04,51.54,13903.46,1
2023-06-12,2023-06-12 11:52:00,254.45,254.53,254.45,254.53,0.03,51.54,13903.46,1
2023-06-12,2023-06-12 11:53:00,254.53,254.61,254.53,254.61,0.03,51.54,13903.46,1
2023-06-12,2023-06-12 11:54:00,254.61,254.69,254.61,254.69,0.03,51.54,13903.46,1
2023-06-12,2023-06-12 11:55:00,254.69,254.77,254.69,254.77,0.03,51.54,13903.46,1
2023-06-12,2023-06-12 11:56:00,254.77,254.85,254.77,254.85,0.03,51.54,13903.46,1
2023-06-12,2023-06-12 11:57:00,254.85,254.94,254.85,254.94,0.04,51.54,13903.46,1
2023-06-12,2023-06-12 11:58:00,254.94,255.02,254.94,255.02,0.03,51.54,13903.46,1
2023-06-12,2023-06-12 11:59:00,255.02,255.1,255.02,255.1,0.03,51.54,13903.46,1
2023-06-12,2023-06-12 12:00:00,255.1,255.18,255.1,255.18,0.03,51.54,13903.46,1
2023-06-12,2023-06-12 12:01:00,255.18,255.26,255.18,255.26,0.03,51.54,13903.46,1
2023-06-12,2023-06-12 12:02:00,255.26,255.34,255.26,255.34,0.03,51.54,13903.46,1
2023-06-12,2023-06-12 12:03:00,255.34,255.43,255.34,255.43,0.04,51.54,13903.46,1
2023-06-12,2023-06-12 12:04:00,255.43,255.51,255.43,255.51,0.03,51.54,13903.46,1
2023-06-12,2023-06-12 12:05:00,255.51,255.59,255.51,255.59,0.03,51.54,13903.46,1
2023-06-12,2023-06-12 12:06:00,255.59,255.67,255.59,255.67,0.03,51.54,13903.46,1
2023-06-12,2023-06-12 12:07:00,255.67,255.75,255.67,255.75,0.03,51.54,13903.46,1
2023-06-12,2023-06-12 12:08:00,255.75,255.84,255.75,255.84,0.04,51.54,13903.46,1
2023-06-12,2023-06-12 12:09:00,255.84,255.92,255.84,255.92,0.03,51.54,13903.46,1
2023-06-12,2023-06-12 12:10:00,255.92,256.0,255.92,256.0,0.03,51.54,13903.46,1
2023-06-12,2023-06-12 12:11:00,256.0,256.08,256.0,256.08,0.03,51.54,13903.46,1
2023-06-12,2023-06-12 12:12:00,256.08,256.16,256.08,256.16,0.03,51.54,13903.46,1
2023-06-12,2023-06-12 12:13:00,256.16,256.24,256.16,256.24,0.03,51.54,13903.46,1
2023-06-12,2023-06-12 12:14:00,256.24,256.32,256.24,256.32,0.03,51.54,13903.46,1
2023-06-12,2023-06-12 12:15:00,256.32,256.41,256.32,256.41,0.04,51.54,13903.46,1
2023-06-12,2023-06-12 12:16:00,256.41,256.49,256.41,256.49,0.03,51.54,13903.46,1
2023-06-12,2023-06-12 12:17:00,256.49,256.57,256.49,256.57,0.03,51.54,13903.46,1
2023-06-12,2023-06-12 12:18:00,256.57,256.65,256.57,256.65,0.03,51.54,13903.46,1
2023-06-12,2023-06-12 12:19:00,256.65,256.73,256.65,256.73,0.03,51.54,13903.46,1
2023-06-12,2023-06-12 12:20:00,256.73,256.81,256.73,256.81,0.03,51.54,13903.46,1
2023-06-12,2023-06-12 12:21:00,256.81,256.9,256.81,256.9,0.04,51.54,13903.46,1
2023-06-12,2023-06-12 12:22:00,256.9,256.98,256.9,256.98,0.03,51.54,13903.46,1
2023-06-12,2023-06-12 12:23:00,256.98,257.06,256.98,257.06,0.03,51.54,13903.46,1
2023-06-12,2023-06-12 12:24:00,257.06,257.14,257.06,257.14,0.03,51.54,13903.46,1
2023-06-12,2023-06-12 12:25:00,257.14,257.22,257.14,257.22,0.03,51.54,13903.46,1
2023-06-12,2023-06-12 12:26:00,257.22,257.31,257.22,257.31,0.03,51.54,13903.46,1
2023-06-12,2023-06-12 12:27:00,257.31,257.39,257.31,257.39,0.03,51.54,13903.46,1
2023-06-12,2023-06-12 12:28:00,257.39,257.47,257.39,257.47,0.03,51.54,13903.46,1
2023-06-12,2023-06-12 12:29:00,257.47,257.55,257.47,257.55,0.03,51.54,13903.46,1
2023-06-12,2023-06-12 12:30:00,257.55,257.63,257.55,257.63,0.03,51.54,13903.46,1
2023-06-12,2023-06-12 12:31:00,257.63,257.71,257.63,257.71,0.03,51.54,13903.46,1
2023-06-12,2023-06-12 12:32:00,257.71,257.8,257.71,257.8,0.03,51.54,13903.46,1
2023-06-12,2023-06-12 12:33:00,257.8,257.88,257.8,257.88,0.03,51.54,13903.46,1
2023-06-12,2023-06-12 12:34:00,257.88,257.96,257.88,257.96,0.03,51.54,13903.46,1
2023-06-12,2023-06-12 12:35:00,257.96,258.04,257.96,258.04,0.03,51.54,13903.46,1
2023-06-12,2023-06-12 12:36:00,258.04,258.12,258.04,258.12,0.03,51.54,13903.46,1
2023-06-12,2023-06-12 12:37:00,258.12,258.2,258.12,258.2,0.03,51.54,13903.46,1
2023-06-12,2023-06-12 12:38:00,258.2,258.29,258.2,258.29,0.03,51.54,13903.46,1
2023-06-12,2023-06-12 12:39:00,258.29,258.37,258.29,258.37,0.03,51.54,13903.46,1
2023-06-12,2023-06-12 12:40:00,258.37,258.45,258.37,258.45,0.03,51.54,13903.46,1
2023-06-12,2023-06-12 12:41:00,258.45,258.53,258.45,258.53,0.03,51.54,13903.46,1
2023-06-12,2023-06-12 12:42:00,258.53,258.61,258.53,258.61,0.03,51.54,13903.46,1
2023-06-12,2023-06-12 12:43:00,258.61,258.69,258.61,258.69,0.03,51.54,13903.46,1
2023-06-12,2023-06-12 12:44:00,258.69,258.77,258.69,258.77,0.03,51.54,13903.46,1
2023-06-12,2023-06-12 12:45:00,258.77,258.86,258.77,258.86,0.03,51.54,13903.46,1
2023-06-12,2023-06-12 12:46:00,258.86,258.94,258.86,258.94,0.03,51.54,13903.46,1
2023-06-12,2023-06-12 12:47:00,258.94,259.02,258.94,259.02,0.03,51.54,13903.46,1
2023-06-12,2023-06-12 12:48:00,259.02,259.1,259.02,259.1,0.03,51.54,13903.46,1
2023-06-12,2023-06-12 12:49:00,259.1,259.18,259.1,259.18,0.03,51.54,13903.46,1
2023-06-12,2023-06-12 12:50:00,259.18,259.26,259.18,259.26,0.03,51.54,13903.46,1
2023-06-12,2023-06-12 12:51:00,259.26,259.35,259.26,259.35,0.03,51.54,13903.46,1
2023-06-12,2023-06-12 12:52:00,259.35,259.43,259.35,259.43,0.03,51.54,13903.46,1
2023-06-12,2023-06-12 12:53:00,259.43,259.51,259.43,259.51,0.03,51.54,13903.46,1
2023-06-12,2023-06-12 12:54:00,259.51,259.59,259.51,259.59,0.03,51.54,13903.46,1
2023-06-12,2023-06-12 12:55:00,259.59,259.67,259.59,259.67,0.03,51.54,13903.46,1
2023-06-12,2023-06-12 12:56:00,259.67,259.75,259.67,259.75,0.03,51.54,13903.46,1
2023-06-12,2023-06-12 12:57:00,259.75,259.84,259.75,259.84,0.03,51.54,13903.46,1
2023-06-12,2023-06-12 12:58:00,259.84,259.92,259.84,259.92,0.03,51.54,13903.46,1
2023-06-12,2023-06-12 12:59:00,259.92,260.0,259.92,260.0,0.03,51.54,13903.46,1
2023-06-12,2023-06-12 13:00:00,260.0,269.8,250.2,260.08,0.03,51.54,13903.46,1
2023-06-12,2023-06-12 13:01:00,260.08,260.16,260.08,260.16,0.03,51.54,13903.46,1
2023-06-12,2023-06-12 13:02:00,260.16,260.25,260.16,260.25,0.03,51.54,13903.46,1
2023-06-12,2023-06-12 13:03:00,260.25,260.33,260.25,260.33,0.03,51.54,13903.46,1
2023-06-12,2023-06-12 13:04:00,260.33,260.41,260.33,260.41,0.03,51.54,13903.46,1
2023-06-12,2023-06-12 13:05:00,260.41,260.49,260.41,260.49,0.03,51.54,13903.46,1
2023-06-12,2023-06-12 13:06:00,260.49,260.57,260.49,260.57,0.03,51.54,13903.46,1
2023-06-12,2023-06-12 13:07:00,260.57,260.65,260.57,260.65,0.03,51.54,13903.46,1
2023-06-12,2023-06-12 13:08:00,260.65,260.74,260.65,260.74,0.03,51.54,13903.46,1
2023-06-12,2023-06-12 13:09:00,260.74,260.82,260.74,260.82,0.03,51.54,13903.46,1
2023-06-12,2023-06-12 13:10:00,260.82,260.9,260.82,260.9,0.03,51.54,13903.46,1
2023-06-12,2023-06-12 13:11:00,260.9,260.98,260.9,260.98,0.03,51.54,13903.46,1
2023-06-12,2023-06-12 13:12:00,260.98,261.06,260.98,261.06,0.03,51.54,13903.46,1
2023-06-12,2023-06-12 13:13:00,261.06,261.14,261.06,261.14,0.03,51.54,13903.46,1
2023-06-12,2023-06-12 13:14:00,261.14,261.23,261.14,261.23,0.03,51.54,13903.46,1
2023-06-12,2023-06-12 13:15:00,261.23,261.31,261.23,261.31,0.03,51.54,13903.46,1
2023-06-12,2023-06-12 13:16:00,261.31,261.39,261.31,261.39,0.03,51.54,13903.46,1
2023-06-12,2023-06-12 13:17:00,261.39,261.47,261.39,261.47,0.03,51.54,13903.46,1
2023-06-12,2023-06-12 13:18:00,261.47,261.55,261.47,261.55,0.03,51.54,13903.46,1
2023-06-12,2023-06-12 13:19:00,261.55,261.63,261.55,261.63,0.03,51.54,13903.46,1
2023-06-12,2023-06-12 13:20:00,261.63,261.71,261.63,261.71,0.03,51.54,13903.46,1
2023-06-12,2023-06-12 13:21:00,261.71,261.8,261.71,261.8,0.03,51.54,13903.46,1
2023-06-12,2023-06-12 13:22:00,261.8,261.88,261.8,261.88,0.03,51.54,13903.46,1
2023-06-12,2023-06-12 13:23:00,261.88,261.96,261.88,261.96,0.03,51.54,13903.46,1
2023-06-12,2023-06-12 13:24:00,261.96,262.04,261.96,262.04,0.03,51.54,13903.46,1
2023-06-12,2023-06-12 13:25:00,262.04,262.12,262.04,262.12,0.03,51.54,13903.46,1
2023-06-12,2023-06-12 13:26:00,262.12,262.2,262.12,262.2,0.03,51.54,13903.46,1
2023-06-12,2023-06-12 13:27:00,262.2,262.29,262.2,262.29,0.03,51.54,13903.46,1
2023-06-12,2023-06-12 13:28:00,262.29,262.37,262.29,262.37,0.03,51.54,13903.46,1
2023-06-12,2023-06-12 13:29:00,262.37,262.45,262.37,262.45,0.03,51.54,13903.46,1
2023-06-12,2023-06-12 13:30:00,262.45,262.53,262.45,262.53,0.03,51.54,13903.46,1
2023-06-12,2023-06-12 13:31:00,262.53,262.61,262.53,262.61,0.03,51.54,13903.46,1
2023-06-12,2023-06-12 13:32:00,262.61,262.69,262.61,262.69,0.03,51.54,13903.46,1
2023-06-12,2023-06-12 13:33:00,262.69,262.78,262.69,262.78,0.03,51.54,13903.46,1
2023-06-12,2023-06-12 13:34:00,262.78,262.86,262.78,262.86,0.03,51.54,13903.46,1
2023-06-12,2023-06-12 13:35:00,262.86,262.94,262.86,262.94,0.03,51.54,13903.46,1
2023-06-12,2023-06-12 13:36:00,262.94,263.02,262.94,263.02,0.03,51.54,13903.46,1
2023-06-12,2023-06-12 13:37:00,263.02,263.1,263.02,263.1,0.03,51.54,13903.46,1
2023-06-12,2023-06-12 13:38:00,263.1,263.19,263.1,263.19,0.03,51.54,13903.46,1
2023-06-12,2023-06-12 13:39:00,263.19,263.27,263.19,263.27,0.03,51.54,13903.46,1
2023-06-12,2023-06-12 13:40:00,263.27,263.35,263.27,263.35,0.03,51.54,13903.46,1
2023-06-12,2023-06-12 13:41:00,263.35,263.43,263.35,263.43,0.03,51.54,13903.46,1
2023-06-12,2023-06-12 13:42:00,263.43,263.51,263.43,263.51,0.03,51.54,13903.46,1
2023-06-12,2023-06-12 13:43:00,263.51,263.59,263.51,263.59,0.03,51.54,13903.46,1
2023-06-12,2023-06-12 13:44:00,263.59,263.68,263.59,263.68,0.03,51.54,13903.46,1
2023-06-12,2023-06-12 13:45:00,263.68,263.76,263.68,263.76,0.03,51.54,13903.46,1
2023-06-12,2023-06-12 13:46:00,263.76,263.84,263.76,263.84,0.03,51.54,13903.46,1
2023-06-12,2023-06-12 13:47:00,263.84,263.92,263.84,263.92,0.03,51.54,13903.46,1
2023-06-12,2023-06-12 13:48:00,263.92,264.0,263.92,264.0,0.03,51.54,13903.46,1
2023-06-12,2023-06-12 13:49:00,264.0,264.08,264.0,264.08,0.03,51.54,13903.46,1
2023-06-12,2023-06-12 13:50:00,264.08,264.17,264.08,264.17,0.03,51.54,13903.46,1
2023-06-12,2023-06-12 13:51:00,264.17,264.25,264.17,264.25,0.03,51.54,13903.46,1
2023-06-12,2023-06-12 13:52:00,264.25,264.33,264.25,264.33,0.03,51.54,13903.46,1
2023-06-12,2023-06-12 13:53:00,264.33,264.41,264.33,264.41,0.03,51.54,13903.46,1
2023-06-12,2023-06-12 13:54:00,264.41,264.49,264.41,264.49,0.03,51.54,13903.46,1
2023-06-12,2023-06-12 13:55:00,264.49,264.57,264.49,264.57,0.03,51.54,13903.46,1
2023-06-12,2023-06-12 13:56:00,264.57,264.66,264.57,264.66,0.03,51.54,13903.46,1
2023-06-12,2023-06-12 13:57:00,264.66,264.74,264.66,264.74,0.03,51.54,13903.46,1
2023-06-12,2023-06-12 13:58:00,264.74,264.82,264.74,264.82,0.03,51.54,13903.46,1
2023-06-12,2023-06-12 13:59:00,264.82,264.9,264.82,264.9,0.03,51.54,13903.46,1
2023-06-12,2023-06-12 14:00:00,264.9,264.98,264.9,264.98,0.03,51.54,13903.46,1
2023-06-12,2023-06-12 14:01:00,264.98,265.06,264.98,265.06,0.03,51.54,13903.46,1
2023-06-12,2023-06-12 14:02:00,265.06,265.14,265.06,265.14,0.03,51.54,13903.46,1
2023-06-12,2023-06-12 14:03:00,265.14,265.23,265.14,265.23,0.03,51.54,13903.46,1
2023-06-12,2023-06-12 14:04:00,265.23,265.31,265.23,265.31,0.03,51.54,13903.46,1
2023-06-12,2023-06-12 14:05:00,265.31,265.39,265.31,265.39,0.03,51.54,13903.46,1
2023-06-12,2023-06-12 14:06:00,265.39,265.47,265.39,265.47,0.03,51.54,13903.46,1
2023-06-12,2023-06-12 14:07:00,265.47,265.55,265.47,265.55,0.03,51.54,13903.46,1
2023-06-12,2023-06-12 14:08:00,265.55,265.63,265.55,265.63,0.03,51.54,13903.46,1
2023-06-12,2023-06-12 14:09:00,265.63,265.72,265.63,265.72,0.03,51.54,13903.46,1
2023-06-12,2023-06-12 14:10:00,265.72,265.8,265.72,265.8,0.03,51.54,13903.46,1
2023-06-12,2023-06-12 14:11:00,265.8,265.88,265.8,265.88,0.03,51.54,13903.46,1
2023-06-12,2023-06-12 14:12:00,265.88,265.96,265.88,265.96,0.03,51.54,13903.46,1
2023-06-12,2023-06-12 14:13:00,265.96,266.04,265.96,266.04,0.03,51.54,13903.46,1
2023-06-12,2023-06-12 14:14:00,266.04,266.12,266.04,266.12,0.03,51.54,13903.46,1
2023-06-12,2023-06-12 14:15:00,266.12,266.21,266.12,266.21,0.03,51.54,13903.46,1
2023-06-12,2023-06-12 14:16:00,266.21,266.29,266.21,266.29,0.03,51.54,13903.46,1
2023-06-12,2023-06-12 14:17:00,266.29,266.37,266.29,266.37,0.03,51.54,13903.46,1
2023-06-12,2023-06-12 14:18:00,266.37,266.45,266.37,266.45,0.03,51.54,13903.46,1
2023-06-12,2023-06-12 14:19:00,266.45,266.53,266.45,266.53,0.03,51.54,13903.46,1
2023-06-12,2023-06-12 14:20:00,266.53,266.62,266.53,266.62,0.03,51.54,13903.46,1
2023-06-12,2023-06-12 14:21:00,266.62,266.7,266.62,266.7,0.03,51.54,13903.46,1
2023-06-12,2023-06-12 14:22:00,266.7,266.78,266.7,266.78,0.03,51.54,13903.46,1
2023-06-12,2023-06-12 14:23:00,266.78,266.86,266.78,266.86,0.03,51.54,13903.46,1
2023-06-12,2023-06-12 14:24:00,266.86,266.94,266.86,266.94,0.03,51.54,13903.46,1
2023-06-12,2023-06-12 14:25:00,266.94,267.02,266.94,267.02,0.03,51.54,13903.46,1
2023-06-12,2023-06-12 14:26:00,267.02,267.11,267.02,267.11,0.03,51.54,13903.46,1
2023-06-12,2023-06-12 14:27:00,267.11,267.19,267.11,267.19,0.03,51.54,13903.46,1
2023-06-12,2023-06-12 14:28:00,267.19,267.27,267.19,267.27,0.03,51.54,13903.46,1
2023-06-12,2023-06-12 14:29:00,267.27,267.35,267.27,267.35,0.03,51.54,13903.46,1
2023-06-12,2023-06-12 14:30:00,267.35,267.43,267.35,267.43,0.03,51.54,13903.46,1
2023-06-12,2023-06-12 14:31:00,267.43,267.51,267.43,267.51,0.03,51.54,13903.46,1
2023-06-12,2023-06-12 14:32:00,267.51,267.6,267.51,267.6,0.03,51.54,13903.46,1
2023-06-12,2023-06-12 14:33:00,267.6,267.68,267.6,267.68,0.03,51.54,13903.46,1
2023-06-12,2023-06-12 14:34:00,267.68,267.76,267.68,267.76,0.03,51.54,13903.46,1
2023-06-12,2023-06-12 14:35:00,267.76,267.84,267.76,267.84,0.03,51.54,13903.46,1
2023-06-12,2023-06-12 14:36:00,267.84,267.92,267.84,267.92,0.03,51.54,13903.46,1
2023-06-12,2023-06-12 14:37:00,267.92,268.0,267.92,268.0,0.03,51.54,13903.46,1
2023-06-12,2023-06-12 14:38:00,268.0,268.09,268.0,268.09,0.03,51.54,13903.46,1
2023-06-12,2023-06-12 14:39:00,268.09,268.17,268.09,268.17,0.03,51.54,13903.46,1
2023-06-12,2023-06-12 14:40:00,268.17,268.25,268.17,268.25,0.03,51.54,13903.46,1
2023-06-12,2023-06-12 14:41:00,268.25,268.33,268.25,268.33,0.03,51.54,13903.46,1
2023-06-12,2023-06-12 14:42:00,268.33,268.41,268.33,268.41,0.03,51.54,13903.46,1
2023-06-12,2023-06-12 14:43:00,268.41,268.49,268.41,268.49,0.03,51.54,13903.46,1
2023-06-12,2023-06-12 14:44:00,268.49,268.57,268.49,268.57,0.03,51.54,13903.46,1
2023-06-12,2023-06-12 14:45:00,268.57,268.66,268.57,268.66,0.03,51.54,13903.46,1
2023-06-12,2023-06-12 14:46:00,268.66,268.74,268.66,268.74,0.03,51.54,13903.46,1
2023-06-12,2023-06-12 14:47:00,268.74,268.82,268.74,268.82,0.03,51.54,13903.46,1
2023-06-12,2023-06-12 14:48:00,268.82,268.9,268.82,268.9,0.03,51.54,13903.46,1
2023-06-12,2023-06-12 14:49:00,268.9,268.98,268.9,268.98,0.03,51.54,13903.46,1
2023-06-12,2023-06-12 14:50:00,268.98,269.06,268.98,269.06,0.03,51.54,13903.46,1
2023-06-12,2023-06-12 14:51:00,269.06,269.15,269.06,269.15,0.03,51.54,13903.46,1
2023-06-12,2023-06-12 14:52:00,269.15,269.23,269.15,269.23,0.03,51.54,13903.46,1
2023-06-12,2023-06-12 14:53:00,269.23,269.31,269.23,269.31,0.03,51.54,13903.46,1
2023-06-12,2023-06-12 14:54:00,269.31,269.39,269.31,269.39,0.03,51.54,13903.46,1
2023-06-12,2023-06-12 14:55:00,269.39,269.47,269.39,269.47,0.03,51.54,13903.46,1
2023-06-12,2023-06-12 14:56:00,269.47,269.56,269.47,269.56,0.03,51.54,13903.46,1
2023-06-12,2023-06-12 14:57:00,269.56,269.64,269.56,269.64,0.03,51.54,13903.46,1
2023-06-12,2023-06-12 14:58:00,269.64,269.72,269.64,269.72,0.03,51.54,13903.46,1
2023-06-12,2023-06-12 14:59:00,269.72,269.8,269.72,269.8,0.03,51.54,13903.46,1
2023-06-12,2023-06-12 15:00:00,269.8,269.8,250.2,269.8,0.0,51.54,13903.46,0
2023-06-13,2023-06-13 11:00:00,275.1,281.58,268.95,275.19,0.03,327.36,90877.97,1
2023-06-13,2023-06-13 11:01:00,275.19,275.28,275.19,275.28,0.03,327.36,90877.97,1
2023-06-13,2023-06-13 11:02:00,275.28,275.37,275.28,275.37,0.03,327.36,90877.97,1
2023-06-13,2023-06-13 11:03:00,275.37,275.46,275.37,275.46,0.03,327.36,90877.97,1
2023-06-13,2023-06-13 11:04:00,275.46,275.55,275.46,275.55,0.03,327.36,90877.97,1
2023-06-13,2023-06-13 11:05:00,275.55,275.64,275.55,275.64,0.03,327.36,90877.97,1
2023-06-13,2023-06-13 11:06:00,275.64,275.73,275.64,275.73,0.03,327.36,90877.97,1
2023-06-13,2023-06-13 11:07:00,275.73,275.82,275.73,275.82,0.03,327.36,90877.97,1
2023-06-13,2023-06-13 11:08:00,275.82,275.91,275.82,275.91,0.03,327.36,90877.97,1
2023-06-13,2023-06-13 11:09:00,275.91,276.0,275.91,276.0,0.03,327.36,90877.97,1
2023-06-13,2023-06-13 11:10:00,276.0,276.09,276.0,276.09,0.03,327.36,90877.97,1
2023-06-13,2023-06-13 11:11:00,276.09,276.18,276.09,276.18,0.03,327.36,90877.97,1
2023-06-13,2023-06-13 11:12:00,276.18,276.27,276.18,276.27,0.03,327.36,90877.97,1
2023-06-13,2023-06-13 11:13:00,276.27,276.36,276.27,276.36,0.03,327.36,90877.97,1
2023-06-13,2023-06-13 11:14:00,276.36,276.45,276.36,276.45,0.03,327.36,90877.97,1
2023-06-13,2023-06-13 11:15:00,276.45,276.54,276.45,276.54,0.03,327.36,90877.97,1
2023-06-13,2023-06-13 11:16:00,276.54,276.63,276.54,276.63,0.03,327.36,90877.97,1
2023-06-13,2023-06-13 11:17:00,276.63,276.72,276.63,276.72,0.03,327.36,90877.97,1
2023-06-13,2023-06-13 11:18:00,276.72,276.81,276.72,276.81,0.03,327.36,90877.97,1
2023-06-13,2023-06-13 11:19:00,276.81,276.9,276.81,276.9,0.03,327.36,90877.97,1
2023-06-13,2023-06-13 11:20:00,276.9,276.99,276.9,276.99,0.03,327.36,90877.97,1
2023-06-13,2023-06-13 11:21:00,276.99,277.08,276.99,277.08,0.03,327.36,90877.97,1
2023-06-13,2023-06-13 11:22:00,277.08,277.17,277.08,277.17,0.03,327.36,90877.97,1
2023-06-13,2023-06-13 11:23:00,277.17,277.26,277.17,277.26,0.03,327.36,90877.97,1
2023-06-13,2023-06-13 11:24:00,277.26,277.35,277.26,277.35,0.03,327.36,90877.97,1
2023-06-13,2023-06-13 11:25:00,277.35,277.44,277.35,277.44,0.03,327.36,90877.97,1
2023-06-13,2023-06-13 11:26:00,277.44,277.53,277.44,277.53,0.03,327.36,90877.97,1
2023-06-13,2023-06-13 11:27:00,277.53,277.62,277.53,277.62,0.03,327.36,90877.97,1
2023-06-13,2023-06-13 11:28:00,277.62,277.71,277.62,277.71,0.03,327.36,90877.97,1
2023-06-13,2023-06-13 11:29:00,277.71,277.8,277.71,277.8,0.03,327.36,90877.97,1
2023-06-13,2023-06-13 11:30:00,277.8,277.89,277.8,277.89,0.03,327.36,90877.97,1
2023-06-13,2023-06-13 11:31:00,277.89,277.98,277.89,277.98,0.03,327.36,90877.97,1
2023-06-13,2023-06-13 11:32:00,277.98,278.07,277.98,278.07,0.03,327.36,90877.97,1
2023-06-13,2023-06-13 11:33:00,278.07,278.16,278.07,278.16,0.03,327.36,90877.97,1
2023-06-13,2023-06-13 11:34:00,278.16,278.25,278.16,278.25,0.03,327.36,90877.97,1
2023-06-13,2023-06-13 11:35:00,278.25,278.34,278.25,278.34,0.03,327.36,90877.97,1
2023-06-13,2023-06-13 11:36:00,278.34,278.43,278.34,278.43,0.03,327.36,90877.97,1
2023-06-13,2023-06-13 11:37:00,278.43,278.52,278.43,278.52,0.03,327.36,90877.97,1
2023-06-13,2023-06-13 11:38:00,278.52,278.61,278.52,278.61,0.03,327.36,90877.97,1
2023-06-13,2023-06-13 11:39:00,278.61,278.7,278.61,278.7,0.03,327.36,90877.97,1
2023-06-13,2023-06-13 11:40:00,278.7,278.79,278.7,278.79,0.03,327.36,90877.97,1
2023-06-13,2023-06-13 11:41:00,278.79,278.88,278.79,278.88,0.03,327.36,90877.97,1
2023-06-13,2023-06-13 11:42:00,278.88,278.97,278.88,278.97,0.03,327.36,90877.97,1
2023-06-13,2023-06-13 11:43:00,278.97,279.06,278.97,279.06,0.03,327.36,90877.97,1
2023-06-13,2023-06-13 11:44:00,279.06,279.15,279.06,279.15,0.03,327.36,90877.97,1
2023-06-13,2023-06-13 11:45:00,279.15,279.24,279.15,279.24,0.03,327.36,90877.97,1
2023-06-13,2023-06-13 11:46:00,279.24,279.33,279.24,279.33,0.03,327.36,90877.97,1
2023-06-13,2023-06-13 11:47:00,279.33,279.42,279.33,279.42,0.03,327.36,90877.97,1
2023-06-13,2023-06-13 11:48:00,279.42,279.51,279.42,279.51,0.03,327.36,90877.97,1
2023-06-13,2023-06-13 11:49:00,279.51,279.6,279.51,279.6,0.03,327.36,90877.97,1
2023-06-13,2023-06-13 11:50:00,279.6,279.69,279.6,279.69,0.03,327.36,90877.97,1
2023-06-13,2023-06-13 11:51:00,279.69,279.78,279.69,279.78,0.03,327.36,90877.97,1
2023-06-13,2023-06-13 11:52:00,279.78,279.87,279.78,279.87,0.03,327.36,90877.97,1
2023-06-13,2023-06-13 11:53:00,279.87,279.96,279.87,279.96,0.03,327.36,90877.97,1
2023-06-13,2023-06-13 11:54:00,279.96,280.05,279.96,280.05,0.03,327.36,90877.97,1
2023-06-13,2023-06-13 11:55:00,280.05,280.14,280.05,280.14,0.03,327.36,90877.97,1
2023-06-13,2023-06-13 11:56:00,280.14,280.23,280.14,280.23,0.03,327.36,90877.97,1
2023-06-13,2023-06-13 11:57:00,280.23,280.32,280.23,280.32,0.03,327.36,90877.97,1
2023-06-13,2023-06-13 11:58:00,280.32,280.41,280.32,280.41,0.03,327.36,90877.97,1
2023-06-13,2023-06-13 11:59:00,280.41,280.5,280.41,280.5,0.03,327.36,90877.97,1
2023-06-13,2023-06-13 12:00:00,280.5,280.59,280.5,280.59,0.03,327.36,90877.97,1
2023-06-13,2023-06-13 12:01:00,280.59,280.68,280.59,280.68,0.03,327.36,90877.97,1
2023-06-13,2023-06-13 12:02:00,280.68,280.77,280.68,280.77,0.03,327.36,90877.97,1
2023-06-13,2023-06-13 12:03:00,280.77,280.86,280.77,280.86,0.03,327.36,90877.97,1
2023-06-13,2023-06-13 12:04:00,280.86,280.95,280.86,280.95,0.03,327.36,90877.97,1
2023-06-13,2023-06-13 12:05:00,280.95,281.04,280.95,281.04,0.03,327.36,90877.97,1
2023-06-13,2023-06-13 12:06:00,281.04,281.13,281.04,281.13,0.03,327.36,90877.97,1
2023-06-13,2023-06-13 12:07:00,281.13,281.22,281.13,281.22,0.03,327.36,90877.97,1
2023-06-13,2023-06-13 12:08:00,281.22,281.31,281.22,281.31,0.03,327.36,90877.97,1
2023-06-13,2023-06-13 12:09:00,281.31,281.4,281.31,281.4,0.03,327.36,90877.97,1
2023-06-13,2023-06-13 12:10:00,281.4,281.49,281.4,281.49,0.03,327.36,90877.97,1
2023-06-13,2023-06-13 12:11:00,281.49,281.58,281.49,281.58,0.03,327.36,90877.97,1
2023-06-13,2023-06-13 12:12:00,281.58,281.67,281.58,281.67,0.03,327.36,90877.97,1
2023-06-13,2023-06-13 12:13:00,281.67,281.76,281.67,281.76,0.03,327.36,90877.97,1
2023-06-13,2023-06-13 12:14:00,281.76,281.85,281.76,281.85,0.03,327.36,90877.97,1
2023-06-13,2023-06-13 12:15:00,281.85,281.94,281.85,281.94,0.03,327.36,90877.97,1
2023-06-13,2023-06-13 12:16:00,281.94,282.03,281.94,282.03,0.03,327.36,90877.97,1
2023-06-13,2023-06-13 12:17:00,282.03,282.12,282.03,282.12,0.03,327.36,90877.97,1
2023-06-13,2023-06-13 12:18:00,282.12,282.21,282.12,282.21,0.03,327.36,90877.97,1
2023-06-13,2023-06-13 12:19:00,282.21,282.3,282.21,282.3,0.03,327.36,90877.97,1
2023-06-13,2023-06-13 12:20:00,282.3,282.39,282.3,282.39,0.03,327.36,90877.97,1
2023-06-13,2023-06-13 12:21:00,282.39,282.48,282.39,282.48,0.03,327.36,90877.97,1
2023-06-13,2023-06-13 12:22:00,282.48,282.57,282.48,282.57,0.03,327.36,90877.97,1
2023-06-13,2023-06-13 12:23:00,282.57,282.66,282.57,282.66,0.03,327.36,90877.97,1
2023-06-13,2023-06-13 12:24:00,282.66,282.75,282.66,282.75,0.03,327.36,90877.97,1
2023-06-13,2023-06-13 12:25:00,282.75,282.84,282.75,282.84,0.03,327.36,90877.97,1
2023-06-13,2023-06-13 12:26:00,282.84,282.93,282.84,282.93,0.03,327.36,90877.97,1
2023-06-13,2023-06-13 12:27:00,282.93,283.02,282.93,283.02,0.03,327.36,90877.97,1
2023-06-13,2023-06-13 12:28:00,283.02,283.11,283.02,283.11,0.03,327.36,90877.97,1
2023-06-13,2023-06-13 12:29:00,283.11,283.2,283.11,283.2,0.03,327.36,90877.97,1
2023-06-13,2023-06-13 12:30:00,283.2,283.29,283.2,283.29,0.03,327.36,90877.97,1
2023-06-13,2023-06-13 12:31:00,283.29,283.38,283.29,283.38,0.03,327.36,90877.97,1
2023-06-13,2023-06-13 12:32:00,283.38,283.47,283.38,283.47,0.03,327.36,90877.97,1
2023-06-13,2023-06-13 12:33:00,283.47,283.56,283.47,283.56,0.03,327.36,90877.97,1
2023-06-13,2023-06-13 12:34:00,283.56,283.65,283.56,283.65,0.03,327.36,90877.97,1
2023-06-13,2023-06-13 12:35:00,283.65,283.74,283.65,283.74,0.03,327.36,90877.97,1
2023-06-13,2023-06-13 12:36:00,283.74,283.83,283.74,283.83,0.03,327.36,90877.97,1
2023-06-13,2023-06-13 12:37:00,283.83,283.92,283.83,283.92,0.03,327.36,90877.97,1
2023-06-13,2023-06-13 12:38:00,283.92,284.01,283.92,284.01,0.03,327.36,90877.97,1
2023-06-13,2023-06-13 12:39:00,284.01,284.1,284.01,284.1,0.03,327.36,90877.97,1
2023-06-13,2023-06-13 12:40:00,284.1,284.19,284.1,284.19,0.03,327.36,90877.97,1
2023-06-13,2023-06-13 12:41:00,284.19,284.28,284.19,284.28,0.03,327.36,90877.97,1
2023-06-13,2023-06-13 12:42:00,284.28,284.37,284.28,284.37,0.03,327.36,90877.97,1
2023-06-13,2023-06-13 12:43:00,284.37,284.46,284.37,284.46,0.03,327.36,90877.97,1
2023-06-13,2023-06-13 12:44:00,284.46,284.55,284.46,284.55,0.03,327.36,90877.97,1
2023-06-13,2023-06-13 12:45:00,284.55,284.64,284.55,284.64,0.03,327.36,90877.97,1
2023-06-13,2023-06-13 12:46:00,284.64,284.73,284.64,284.73,0.03,327.36,90877.97,1
2023-06-13,2023-06-13 12:47:00,284.73,284.82,284.73,284.82,0.03,327.36,90877.97,1
2023-06-13,2023-06-13 12:48:00,284.82,284.91,284.82,284.91,0.03,327.36,90877.97,1
2023-06-13,2023-06-13 12:49:00,284.91,285.0,284.91,285.0,0.03,327.36,90877.97,1
2023-06-13,2023-06-13 12:50:00,285.0,285.09,285.0,285.09,0.03,327.36,90877.97,1
2023-06-13,2023-06-13 12:51:00,285.09,285.18,285.09,285.18,0.03,327.36,90877.97,1
2023-06-13,2023-06-13 12:52:00,285.18,285.27,285.18,285.27,0.03,327.36,90877.97,1
2023-06-13,2023-06-13 12:53:00,285.27,285.36,285.27,285.36,0.03,327.36,90877.97,1
2023-06-13,2023-06-13 12:54:00,285.36,285.45,285.36,285.45,0.03,327.36,90877.97,1
2023-06-13,2023-06-13 12:55:00,285.45,285.54,285.45,285.54,0.03,327.36,90877.97,1
2023-06-13,2023-06-13 12:56:00,285.54,285.63,285.54,285.63,0.03,327.36,90877.97,1
2023-06-13,2023-06-13 12:57:00,285.63,285.72,285.63,285.72,0.03,327.36,90877.97,1
2023-06-13,2023-06-13 12:58:00,285.72,285.81,285.72,285.81,0.03,327.36,90877.97,1
2023-06-13,2023-06-13 12:59:00,285.81,285.9,285.81,285.9,0.03,327.36,90877.97,1
2023-06-13,2023-06-13 13:00:00,285.9,296.7,254.6,285.99,0.03,327.36,90877.97,1
2023-06-13,2023-06-13 13:01:00,285.99,286.08,285.99,286.08,0.03,327.36,90877.97,1
2023-06-13,2023-06-13 13:02:00,286.08,286.17,286.08,286.17,0.03,327.36,90877.97,1
2023-06-13,2023-06-13 13:03:00,286.17,286.26,286.17,286.26,0.03,327.36,90877.97,1
2023-06-13,2023-06-13 13:04:00,286.26,286.35,286.26,286.35,0.03,327.36,90877.97,1
2023-06-13,2023-06-13 13:05:00,286.35,286.44,286.35,286.44,0.03,327.36,90877.97,1
2023-06-13,2023-06-13 13:06:00,286.44,286.53,286.44,286.53,0.03,327.36,90877.97,1
2023-06-13,2023-06-13 13:07:00,286.53,286.62,286.53,286.62,0.03,327.36,90877.97,1
2023-06-13,2023-06-13 13:08:00,286.62,286.71,286.62,286.71,0.03,327.36,90877.97,1
2023-06-13,2023-06-13 13:09:00,286.71,286.8,286.71,286.8,0.03,327.36,90877.97,1
2023-06-13,2023-06-13 13:10:00,286.8,286.89,286.8,286.89,0.03,327.36,90877.97,1
2023-06-13,2023-06-13 13:11:00,286.89,286.98,286.89,286.98,0.03,327.36,90877.97,1
2023-06-13,2023-06-13 13:12:00,286.98,287.07,286.98,287.07,0.03,327.36,90877.97,1
2023-06-13,2023-06-13 13:13:00,287.07,287.16,287.07,287.16,0.03,327.36,90877.97,1
2023-06-13,2023-06-13 13:14:00,287.16,287.25,287.16,287.25,0.03,327.36,90877.97,1
2023-06-13,2023-06-13 13:15:00,287.25,287.34,287.25,287.34,0.03,327.36,90877.97,1
2023-06-13,2023-06-13 13:16:00,287.34,287.43,287.34,287.43,0.03,327.36,90877.97,1
2023-06-13,2023-06-13 13:17:00,287.43,287.52,287.43,287.52,0.03,327.36,90877.97,1
2023-06-13,2023-06-13 13:18:00,287.52,287.61,287.52,287.61,0.03,327.36,90877.97,1
2023-06-13,2023-06-13 13:19:00,287.61,287.7,287.61,287.7,0.03,327.36,90877.97,1
2023-06-13,2023-06-13 13:20:00,287.7,287.79,287.7,287.79,0.03,327.36,90877.97,1
2023-06-13,2023-06-13 13:21:00,287.79,287.88,287.79,287.88,0.03,327.36,90877.97,1
2023-06-13,2023-06-13 13:22:00,287.88,287.97,287.88,287.97,0.03,327.36,90877.97,1
2023-06-13,2023-06-13 13:23:00,287.97,288.06,287.97,288.06,0.03,327.36,90877.97,1
2023-06-13,2023-06-13 13:24:00,288.06,288.15,288.06,288.15,0.03,327.36,90877.97,1
2023-06-13,2023-06-13 13:25:00,288.15,288.24,288.15,288.24,0.03,327.36,90877.97,1
2023-06-13,2023-06-13 13:26:00,288.24,288.33,288.24,288.33,0.03,327.36,90877.97,1
2023-06-13,2023-06-13 13:27:00,288.33,288.42,288.33,288.42,0.03,327.36,90877.97,1
2023-06-13,2023-06-13 13:28:00,288.42,288.51,288.42,288.51,0.03,327.36,90877.97,1
2023-06-13,2023-06-13 13:29:00,288.51,288.6,288.51,288.6,0.03,327.36,90877.97,1
2023-06-13,2023-06-13 13:30:00,288.6,288.69,288.6,288.69,0.03,327.36,90877.97,1
2023-06-13,2023-06-13 13:31:00,288.69,288.78,288.69,288.78,0.03,327.36,90877.97,1
2023-06-13,2023-06-13 13:32:00,288.78,288.87,288.78,288.87,0.03,327.36,90877.97,1
2023-06-13,2023-06-13 13:33:00,288.87,288.96,288.87,288.96,0.03,327.36,90877.97,1
2023-06-13,2023-06-13 13:34:00,288.96,289.05,288.96,289.05,0.03,327.36,90877.97,1
2023-06-13,2023-06-13 13:35:00,289.05,289.14,289.05,289.14,0.03,327.36,90877.97,1
2023-06-13,2023-06-13 13:36:00,289.14,289.23,289.14,289.23,0.03,327.36,90877.97,1
2023-06-13,2023-06-13 13:37:00,289.23,289.32,289.23,289.32,0.03,327.36,90877.97,1
2023-06-13,2023-06-13 13:38:00,289.32,289.41,289.32,289.41,0.03,327.36,90877.97,1
2023-06-13,2023-06-13 13:39:00,289.41,289.5,289.41,289.5,0.03,327.36,90877.97,1
2023-06-13,2023-06-13 13:40:00,289.5,289.59,289.5,289.59,0.03,327.36,90877.97,1
2023-06-13,2023-06-13 13:41:00,289.59,289.68,289.59,289.68,0.03,327.36,90877.97,1
2023-06-13,2023-06-13 13:42:00,289.68,289.77,289.68,289.77,0.03,327.36,90877.97,1
2023-06-13,2023-06-13 13:43:00,289.77,289.86,289.77,289.86,0.03,327.36,90877.97,1
2023-06-13,2023-06-13 13:44:00,289.86,289.95,289.86,289.95,0.03,327.36,90877.97,1
2023-06-13,2023-06-13 13:45:00,289.95,290.04,289.95,290.04,0.03,327.36,90877.97,1
2023-06-13,2023-06-13 13:46:00,290.04,290.13,290.04,290.13,0.03,327.36,90877.97,1
2023-06-13,2023-06-13 13:47:00,290.13,290.22,290.13,290.22,0.03,327.36,90877.97,1
2023-06-13,2023-06-13 13:48:00,290.22,290.31,290.22,290.31,0.03,327.36,90877.97,1
2023-06-13,2023-06-13 13:49:00,290.31,290.4,290.31,290.4,0.03,327.36,90877.97,1
2023-06-13,2023-06-13 13:50:00,290.4,290.49,290.4,290.49,0.03,327.36,90877.97,1
2023-06-13,2023-06-13 13:51:00,290.49,290.58,290.49,290.58,0.03,327.36,90877.97,1
2023-06-13,2023-06-13 13:52:00,290.58,290.67,290.58,290.67,0.03,327.36,90877.97,1
2023-06-13,2023-06-13 13:53:00,290.67,290.76,290.67,290.76,0.03,327.36,90877.97,1
2023-06-13,2023-06-13 13:54:00,290.76,290.85,290.76,290.85,0.03,327.36,90877.97,1
2023-06-13,2023-06-13 13:55:00,290.85,290.94,290.85,290.94,0.03,327.36,90877.97,1
2023-06-13,2023-06-13 13:56:00,290.94,291.03,290.94,291.03,0.03,327.36,90877.97,1
2023-06-13,2023-06-13 13:57:00,291.03,291.12,291.03,291.12,0.03,327.36,90877.97,1
2023-06-13,2023-06-13 13:58:00,291.12,291.21,291.12,291.21,0.03,327.36,90877.97,1
2023-06-13,2023-06-13 13:59:00,291.21,291.3,291.21,291.3,0.03,327.36,90877.97,1
2023-06-13,2023-06-13 14:00:00,291.3,291.39,291.3,291.39,0.03,327.36,90877.97,1
2023-06-13,2023-06-13 14:01:00,291.39,291.48,291.39,291.48,0.03,327.36,90877.97,1
2023-06-13,2023-06-13 14:02:00,291.48,291.57,291.48,291.57,0.03,327.36,90877.97,1
2023-06-13,2023-06-13 14:03:00,291.57,291.66,291.57,291.66,0.03,327.36,90877.97,1
2023-06-13,2023-06-13 14:04:00,291.66,291.75,291.66,291.75,0.03,327.36,90877.97,1
2023-06-13,2023-06-13 14:05:00,291.75,291.84,291.75,291.84,0.03,327.36,90877.97,1
2023-06-13,2023-06-13 14:06:00,291.84,291.93,291.84,291.93,0.03,327.36,90877.97,1
2023-06-13,2023-06-13 14:07:00,291.93,292.02,291.93,292.02,0.03,327.36,90877.97,1
2023-06-13,2023-06-13 14:08:00,292.02,292.11,292.02,292.11,0.03,327.36,90877.97,1
2023-06-13,2023-06-13 14:09:00,292.11,292.2,292.11,292.2,0.03,327.36,90877.97,1
2023-06-13,2023-06-13 14:10:00,292.2,292.29,292.2,292.29,0.03,327.36,90877.97,1
2023-06-13,2023-06-13 14:11:00,292.29,292.38,292.29,292.38,0.03,327.36,90877.97,1
2023-06-13,2023-06-13 14:12:00,292.38,292.47,292.38,292.47,0.03,327.36,90877.97,1
2023-06-13,2023-06-13 14:13:00,292.47,292.56,292.47,292.56,0.03,327.36,90877.97,1
2023-06-13,2023-06-13 14:14:00,292.56,292.65,292.56,292.65,0.03,327.36,90877.97,1
2023-06-13,2023-06-13 14:15:00,292.65,292.74,292.65,292.74,0.03,327.36,90877.97,1
2023-06-13,2023-06-13 14:16:00,292.74,292.83,292.74,292.83,0.03,327.36,90877.97,1
2023-06-13,2023-06-13 14:17:00,292.83,292.92,292.83,292.92,0.03,327.36,90877.97,1
2023-06-13,2023-06-13 14:18:00,292.92,293.01,292.92,293.01,0.03,327.36,90877.97,1
2023-06-13,2023-06-13 14:19:00,293.01,293.1,293.01,293.1,0.03,327.36,90877.97,1
2023-06-13,2023-06-13 14:20:00,293.1,293.19,293.1,293.19,0.03,327.36,90877.97,1
2023-06-13,2023-06-13 14:21:00,293.19,293.28,293.19,293.28,0.03,327.36,90877.97,1
2023-06-13,2023-06-13 14:22:00,293.28,293.37,293.28,293.37,0.03,327.36,90877.97,1
2023-06-13,2023-06-13 14:23:00,293.37,293.46,293.37,293.46,0.03,327.36,90877.97,1
2023-06-13,2023-06-13 14:24:00,293.46,293.55,293.46,293.55,0.03,327.36,90877.97,1
2023-06-13,2023-06-13 14:25:00,293.55,293.64,293.55,293.64,0.03,327.36,90877.97,1
2023-06-13,2023-06-13 14:26:00,293.64,293.73,293.64,293.73,0.03,327.36,90877.97,1
2023-06-13,2023-06-13 14:27:00,293.73,293.82,293.73,293.82,0.03,327.36,90877.97,1
2023-06-13,2023-06-13 14:28:00,293.82,293.91,293.82,293.91,0.03,327.36,90877.97,1
2023-06-13,2023-06-13 14:29:00,293.91,294.0,293.91,294.0,0.03,327.36,90877.97,1
2023-06-13,2023-06-13 14:30:00,294.0,294.09,294.0,294.09,0.03,327.36,90877.97,1
2023-06-13,2023-06-13 14:31:00,294.09,294.18,294.09,294.18,0.03,327.36,90877.97,1
2023-06-13,2023-06-13 14:32:00,294.18,294.27,294.18,294.27,0.03,327.36,90877.97,1
2023-06-13,2023-06-13 14:33:00,294.27,294.36,294.27,294.36,0.03,327.36,90877.97,1
2023-06-13,2023-06-13 14:34:00,294.36,294.45,294.36,294.45,0.03,327.36,90877.97,1
2023-06-13,2023-06-13 14:35:00,294.45,294.54,294.45,294.54,0.03,327.36,90877.97,1
2023-06-13,2023-06-13 14:36:00,294.54,294.63,294.54,294.63,0.03,327.36,90877.97,1
2023-06-13,2023-06-13 14:37:00,294.63,294.72,294.63,294.72,0.03,327.36,90877.97,1
2023-06-13,2023-06-13 14:38:00,294.72,294.81,294.72,294.81,0.03,327.36,90877.97,1
2023-06-13,2023-06-13 14:39:00,294.81,294.9,294.81,294.9,0.03,327.36,90877.97,1
2023-06-13,2023-06-13 14:40:00,294.9,294.99,294.9,294.99,0.03,327.36,90877.97,1
2023-06-13,2023-06-13 14:41:00,294.99,295.08,294.99,295.08,0.03,327.36,90877.97,1
2023-06-13,2023-06-13 14:42:00,295.08,295.17,295.08,295.17,0.03,327.36,90877.97,1
2023-06-13,2023-06-13 14:43:00,295.17,295.26,295.17,295.26,0.03,327.36,90877.97,1
2023-06-13,2023-06-13 14:44:00,295.26,295.35,295.26,295.35,0.03,327.36,90877.97,1
2023-06-13,2023-06-13 14:45:00,295.35,295.44,295.35,295.44,0.03,327.36,90877.97,1
2023-06-13,2023-06-13 14:46:00,295.44,295.53,295.44,295.53,0.03,327.36,90877.97,1
2023-06-13,2023-06-13 14:47:00,295.53,295.62,295.53,295.62,0.03,327.36,90877.97,1
2023-06-13,2023-06-13 14:48:00,295.62,295.71,295.62,295.71,0.03,327.36,90877.97,1
2023-06-13,2023-06-13 14:49:00,295.71,295.8,295.71,295.8,0.03,327.36,90877.97,1
2023-06-13,2023-06-13 14:50:00,295.8,295.89,295.8,295.89,0.03,327.36,90877.97,1
2023-06-13,2023-06-13 14:51:00,295.89,295.98,295.89,295.98,0.03,327.36,90877.97,1
2023-06-13,2023-06-13 14:52:00,295.98,296.07,295.98,296.07,0.03,327.36,90877.97,1
2023-06-13,2023-06-13 14:53:00,296.07,296.16,296.07,296.16,0.03,327.36,90877.97,1
2023-06-13,2023-06-13 14:54:00,296.16,296.25,296.16,296.25,0.03,327.36,90877.97,1
2023-06-13,2023-06-13 14:55:00,296.25,296.34,296.25,296.34,0.03,327.36,90877.97,1
2023-06-13,2023-06-13 14:56:00,296.34,296.43,296.34,296.43,0.03,327.36,90877.97,1
2023-06-13,2023-06-13 14:57:00,296.43,296.52,296.43,296.52,0.03,327.36,90877.97,1
2023-06-13,2023-06-13 14:58:00,296.52,296.61,296.52,296.61,0.03,327.36,90877.97,1
2023-06-13,2023-06-13 14:59:00,296.61,296.7,296.61,296.7,0.03,327.36,90877.97,1
2023-06-13,2023-06-13 15:00:00,296.7,296.7,254.6,296.7,0.0,327.36,90877.97,0
2023-06-14,2023-06-14 11:00:00,302.6,309.71,295.61,302.67,0.02,147.85,46627.74,1
2023-06-14,2023-06-14 11:01:00,302.67,302.74,302.67,302.74,0.02,147.85,46627.74,1
2023-06-14,2023-06-14 11:02:00,302.74,302.81,302.74,302.81,0.02,147.85,46627.74,1
2023-06-14,2023-06-14 11:03:00,302.81,302.87,302.81,302.87,0.02,147.85,46627.74,1
2023-06-14,2023-06-14 11:04:00,302.87,302.94,302.87,302.94,0.02,147.85,46627.74,1
2023-06-14,2023-06-14 11:05:00,302.94,303.01,302.94,303.01,0.02,147.85,46627.74,1
2023-06-14,2023-06-14 11:06:00,303.01,303.08,303.01,303.08,0.02,147.85,46627.74,1
2023-06-14,2023-06-14 11:07:00,303.08,303.15,303.08,303.15,0.02,147.85,46627.74,1
2023-06-14,2023-06-14 11:08:00,303.15,303.22,303.15,303.22,0.02,147.85,46627.74,1
2023-06-14,2023-06-14 11:09:00,303.22,303.28,303.22,303.28,0.02,147.85,46627.74,1
2023-06-14,2023-06-14 11:10:00,303.28,303.35,303.28,303.35,0.02,147.85,46627.74,1
2023-06-14,2023-06-14 11:11:00,303.35,303.42,303.35,303.42,0.02,147.85,46627.74,1
2023-06-14,2023-06-14 11:12:00,303.42,303.49,303.42,303.49,0.02,147.85,46627.74,1
2023-06-14,2023-06-14 11:13:00,303.49,303.56,303.49,303.56,0.02,147.85,46627.74,1
2023-06-14,2023-06-14 11:14:00,303.56,303.62,303.56,303.62,0.02,147.85,46627.74,1
2023-06-14,2023-06-14 11:15:00,303.62,303.69,303.62,303.69,0.02,147.85,46627.74,1
2023-06-14,2023-06-14 11:16:00,303.69,303.76,303.69,303.76,0.02,147.85,46627.74,1
2023-06-14,2023-06-14 11:17:00,303.76,303.83,303.76,303.83,0.02,147.85,46627.74,1
2023-06-14,2023-06-14 11:18:00,303.83,303.9,303.83,303.9,0.02,147.85,46627.74,1
2023-06-14,2023-06-14 11:19:00,303.9,303.97,303.9,303.97,0.02,147.85,46627.74,1
2023-06-14,2023-06-14 11:20:00,303.97,304.04,303.97,304.04,0.02,147.85,46627.74,1
2023-06-14,2023-06-14 11:21:00,304.04,304.1,304.04,304.1,0.02,147.85,46627.74,1
2023-06-14,2023-06-14 11:22:00,304.1,304.17,304.1,304.17,0.02,147.85,46627.74,1
2023-06-14,2023-06-14 11:23:00,304.17,304.24,304.17,304.24,0.02,147.85,46627.74,1
2023-06-14,2023-06-14 11:24:00,304.24,304.31,304.24,304.31,0.02,147.85,46627.74,1
2023-06-14,2023-06-14 11:25:00,304.31,304.38,304.31,304.38,0.02,147.85,46627.74,1
2023-06-14,2023-06-14 11:26:00,304.38,304.44,304.38,304.44,0.02,147.85,46627.74,1
2023-06-14,2023-06-14 11:27:00,304.44,304.51,304.44,304.51,0.02,147.85,46627.74,1
2023-06-14,2023-06-14 11:28:00,304.51,304.58,304.51,304.58,0.02,147.85,46627.74,1
2023-06-14,2023-06-14 11:29:00,304.58,304.65,304.58,304.65,0.02,147.85,46627.74,1
2023-06-14,2023-06-14 11:30:00,304.65,304.72,304.65,304.72,0.02,147.85,46627.74,1
2023-06-14,2023-06-14 11:31:00,304.72,304.79,304.72,304.79,0.02,147.85,46627.74,1
2023-06-14,2023-06-14 11:32:00,304.79,304.86,304.79,304.86,0.02,147.85,46627.74,1
2023-06-14,2023-06-14 11:33:00,304.86,304.92,304.86,304.92,0.02,147.85,46627.74,1
2023-06-14,2023-06-14 11:34:00,304.92,304.99,304.92,304.99,0.02,147.85,46627.74,1
2023-06-14,2023-06-14 11:35:00,304.99,305.06,304.99,305.06,0.02,147.85,46627.74,1
2023-06-14,2023-06-14 11:36:00,305.06,305.13,305.06,305.13,0.02,147.85,46627.74,1
2023-06-14,2023-06-14 11:37:00,305.13,305.2,305.13,305.2,0.02,147.85,46627.74,1
2023-06-14,2023-06-14 11:38:00,305.2,305.27,305.2,305.27,0.02,147.85,46627.74,1
2023-06-14,2023-06-14 11:39:00,305.27,305.33,305.27,305.33,0.02,147.85,46627.74,1
2023-06-14,2023-06-14 11:40:00,305.33,305.4,305.33,305.4,0.02,147.85,46627.74,1
2023-06-14,2023-06-14 11:41:00,305.4,305.47,305.4,305.47,0.02,147.85,46627.74,1
2023-06-14,2023-06-14 11:42:00,305.47,305.54,305.47,305.54,0.02,147.85,46627.74,1
2023-06-14,2023-06-14 11:43:00,305.54,305.61,305.54,305.61,0.02,147.85,46627.74,1
2023-06-14,2023-06-14 11:44:00,305.61,305.68,305.61,305.68,0.02,147.85,46627.74,1
2023-06-14,2023-06-14 11:45:00,305.68,305.74,305.68,305.74,0.02,147.85,46627.74,1
2023-06-14,2023-06-14 11:46:00,305.74,305.81,305.74,305.81,0.02,147.85,46627.74,1
2023-06-14,2023-06-14 11:47:00,305.81,305.88,305.81,305.88,0.02,147.85,46627.74,1
2023-06-14,2023-06-14 11:48:00,305.88,305.95,305.88,305.95,0.02,147.85,46627.74,1
2023-06-14,2023-06-14 11:49:00,305.95,306.02,305.95,306.02,0.02,147.85,46627.74,1
2023-06-14,2023-06-14 11:50:00,306.02,306.09,306.02,306.09,0.02,147.85,46627.74,1
2023-06-14,2023-06-14 11:51:00,306.09,306.15,306.09,306.15,0.02,147.85,46627.74,1
2023-06-14,2023-06-14 11:52:00,306.15,306.22,306.15,306.22,0.02,147.85,46627.74,1
2023-06-14,2023-06-14 11:53:00,306.22,306.29,306.22,306.29,0.02,147.85,46627.74,1
2023-06-14,2023-06-14 11:54:00,306.29,306.36,306.29,306.36,0.02,147.85,46627.74,1
2023-06-14,2023-06-14 11:55:00,306.36,306.43,306.36,306.43,0.02,147.85,46627.74,1
2023-06-14,2023-06-14 11:56:00,306.43,306.5,306.43,306.5,0.02,147.85,46627.74,1
2023-06-14,2023-06-14 11:57:00,306.5,306.56,306.5,306.56,0.02,147.85,46627.74,1
2023-06-14,2023-06-14 11:58:00,306.56,306.63,306.56,306.63,0.02,147.85,46627.74,1
2023-06-14,2023-06-14 11:59:00,306.63,306.7,306.63,306.7,0.02,147.85,46627.74,1
2023-06-14,2023-06-14 12:00:00,306.7,306.77,306.7,306.77,0.02,147.85,46627.74,1
2023-06-14,2023-06-14 12:01:00,306.77,306.84,306.77,306.84,0.02,147.85,46627.74,1
2023-06-14,2023-06-14 12:02:00,306.84,306.91,306.84,306.91,0.02,147.85,46627.74,1
2023-06-14,2023-06-14 12:03:00,306.91,306.97,306.91,306.97,0.02,147.85,46627.74,1
2023-06-14,2023-06-14 12:04:00,306.97,307.04,306.97,307.04,0.02,147.85,46627.74,1
2023-06-14,2023-06-14 12:05:00,307.04,307.11,307.04,307.11,0.02,147.85,46627.74,1
2023-06-14,2023-06-14 12:06:00,307.11,307.18,307.11,307.18,0.02,147.85,46627.74,1
2023-06-14,2023-06-14 12:07:00,307.18,307.25,307.18,307.25,0.02,147.85,46627.74,1
2023-06-14,2023-06-14 12:08:00,307.25,307.31,307.25,307.31,0.02,147.85,46627.74,1
2023-06-14,2023-06-14 12:09:00,307.31,307.38,307.31,307.38,0.02,147.85,46627.74,1
2023-06-14,2023-06-14 12:10:00,307.38,307.45,307.38,307.45,0.02,147.85,46627.74,1
2023-06-14,2023-06-14 12:11:00,307.45,307.52,307.45,307.52,0.02,147.85,46627.74,1
2023-06-14,2023-06-14 12:12:00,307.52,307.59,307.52,307.59,0.02,147.85,46627.74,1
2023-06-14,2023-06-14 12:13:00,307.59,307.66,307.59,307.66,0.02,147.85,46627.74,1
2023-06-14,2023-06-14 12:14:00,307.66,307.73,307.66,307.73,0.02,147.85,46627.74,1
2023-06-14,2023-06-14 12:15:00,307.73,307.79,307.73,307.79,0.02,147.85,46627.74,1
2023-06-14,2023-06-14 12:16:00,307.79,307.86,307.79,307.86,0.02,147.85,46627.74,1
2023-06-14,2023-06-14 12:17:00,307.86,307.93,307.86,307.93,0.02,147.85,46627.74,1
2023-06-14,2023-06-14 12:18:00,307.93,308.0,307.93,308.0,0.02,147.85,46627.74,1
2023-06-14,2023-06-14 12:19:00,308.0,308.07,308.0,308.07,0.02,147.85,46627.74,1
2023-06-14,2023-06-14 12:20:00,308.07,308.13,308.07,308.13,0.02,147.85,46627.74,1
2023-06-14,2023-06-14 12:21:00,308.13,308.2,308.13,308.2,0.02,147.85,46627.74,1
2023-06-14,2023-06-14 12:22:00,308.2,308.27,308.2,308.27,0.02,147.85,46627.74,1
2023-06-14,2023-06-14 12:23:00,308.27,308.34,308.27,308.34,0.02,147.85,46627.74,1
2023-06-14,2023-06-14 12:24:00,308.34,308.41,308.34,308.41,0.02,147.85,46627.74,1
2023-06-14,2023-06-14 12:25:00,308.41,308.48,308.41,308.48,0.02,147.85,46627.74,1
2023-06-14,2023-06-14 12:26:00,308.48,308.55,308.48,308.55,0.02,147.85,46627.74,1
2023-06-14,2023-06-14 12:27:00,308.55,308.61,308.55,308.61,0.02,147.85,46627.74,1
2023-06-14,2023-06-14 12:28:00,308.61,308.68,308.61,308.68,0.02,147.85,46627.74,1
2023-06-14,2023-06-14 12:29:00,308.68,308.75,308.68,308.75,0.02,147.85,46627.74,1
2023-06-14,2023-06-14 12:30:00,308.75,308.82,308.75,308.82,0.02,147.85,46627.74,1
2023-06-14,2023-06-14 12:31:00,308.82,308.89,308.82,308.89,0.02,147.85,46627.74,1
2023-06-14,2023-06-14 12:32:00,308.89,308.96,308.89,308.96,0.02,147.85,46627.74,1
2023-06-14,2023-06-14 12:33:00,308.96,309.02,308.96,309.02,0.02,147.85,46627.74,1
2023-06-14,2023-06-14 12:34:00,309.02,309.09,309.02,309.09,0.02,147.85,46627.74,1
2023-06-14,2023-06-14 12:35:00,309.09,309.16,309.09,309.16,0.02,147.85,46627.74,1
2023-06-14,2023-06-14 12:36:00,309.16,309.23,309.16,309.23,0.02,147.85,46627.74,1
2023-06-14,2023-06-14 12:37:00,309.23,309.3,309.23,309.3,0.02,147.85,46627.74,1
2023-06-14,2023-06-14 12:38:00,309.3,309.37,309.3,309.37,0.02,147.85,46627.74,1
2023-06-14,2023-06-14 12:39:00,309.37,309.43,309.37,309.43,0.02,147.85,46627.74,1
2023-06-14,2023-06-14 12:40:00,309.43,309.5,309.43,309.5,0.02,147.85,46627.74,1
2023-06-14,2023-06-14 12:41:00,309.5,309.57,309.5,309.57,0.02,147.85,46627.74,1
2023-06-14,2023-06-14 12:42:00,309.57,309.64,309.57,309.64,0.02,147.85,46627.74,1
2023-06-14,2023-06-14 12:43:00,309.64,309.71,309.64,309.71,0.02,147.85,46627.74,1
2023-06-14,2023-06-14 12:44:00,309.71,309.78,309.71,309.78,0.02,147.85,46627.74,1
2023-06-14,2023-06-14 12:45:00,309.78,309.84,309.78,309.84,0.02,147.85,46627.74,1
2023-06-14,2023-06-14 12:46:00,309.84,309.91,309.84,309.91,0.02,147.85,46627.74,1
2023-06-14,2023-06-14 12:47:00,309.91,309.98,309.91,309.98,0.02,147.85,46627.74,1
2023-06-14,2023-06-14 12:48:00,309.98,310.05,309.98,310.05,0.02,147.85,46627.74,1
2023-06-14,2023-06-14 12:49:00,310.05,310.12,310.05,310.12,0.02,147.85,46627.74,1
2023-06-14,2023-06-14 12:50:00,310.12,310.19,310.12,310.19,0.02,147.85,46627.74,1
2023-06-14,2023-06-14 12:51:00,310.19,310.25,310.19,310.25,0.02,147.85,46627.74,1
2023-06-14,2023-06-14 12:52:00,310.25,310.32,310.25,310.32,0.02,147.85,46627.74,1
2023-06-14,2023-06-14 12:53:00,310.32,310.39,310.32,310.39,0.02,147.85,46627.74,1
2023-06-14,2023-06-14 12:54:00,310.39,310.46,310.39,310.46,0.02,147.85,46627.74,1
2023-06-14,2023-06-14 12:55:00,310.46,310.53,310.46,310.53,0.02,147.85,46627.74,1
2023-06-14,2023-06-14 12:56:00,310.53,310.6,310.53,310.6,0.02,147.85,46627.74,1
2023-06-14,2023-06-14 12:57:00,310.6,310.66,310.6,310.66,0.02,147.85,46627.74,1
2023-06-14,2023-06-14 12:58:00,310.66,310.73,310.66,310.73,0.02,147.85,46627.74,1
2023-06-14,2023-06-14 12:59:00,310.73,310.8,310.73,310.8,0.02,147.85,46627.74,1
2023-06-14,2023-06-14 13:00:00,310.8,326.3,279.3,310.87,0.02,147.85,46627.74,1
2023-06-14,2023-06-14 13:01:00,310.87,310.94,310.87,310.94,0.02,147.85,46627.74,1
2023-06-14,2023-06-14 13:02:00,310.94,311.0,310.94,311.0,0.02,147.85,46627.74,1
2023-06-14,2023-06-14 13:03:00,311.0,311.07,311.0,311.07,0.02,147.85,46627.74,1
2023-06-14,2023-06-14 13:04:00,311.07,311.14,311.07,311.14,0.02,147.85,46627.74,1
2023-06-14,2023-06-14 13:05:00,311.14,311.21,311.14,311.21,0.02,147.85,46627.74,1
2023-06-14,2023-06-14 13:06:00,311.21,311.28,311.21,311.28,0.02,147.85,46627.74,1
2023-06-14,2023-06-14 13:07:00,311.28,311.35,311.28,311.35,0.02,147.85,46627.74,1
2023-06-14,2023-06-14 13:08:00,311.35,311.42,311.35,311.42,0.02,147.85,46627.74,1
2023-06-14,2023-06-14 13:09:00,311.42,311.48,311.42,311.48,0.02,147.85,46627.74,1
2023-06-14,2023-06-14 13:10:00,311.48,311.55,311.48,311.55,0.02,147.85,46627.74,1
2023-06-14,2023-06-14 13:11:00,311.55,311.62,311.55,311.62,0.02,147.85,46627.74,1
2023-06-14,2023-06-14 13:12:00,311.62,311.69,311.62,311.69,0.02,147.85,46627.74,1
2023-06-14,2023-06-14 13:13:00,311.69,311.76,311.69,311.76,0.02,147.85,46627.74,1
2023-06-14,2023-06-14 13:14:00,311.76,311.82,311.76,311.82,0.02,147.85,46627.74,1
2023-06-14,2023-06-14 13:15:00,311.82,311.89,311.82,311.89,0.02,147.85,46627.74,1
2023-06-14,2023-06-14 13:16:00,311.89,311.96,311.89,311.96,0.02,147.85,46627.74,1
2023-06-14,2023-06-14 13:17:00,311.96,312.03,311.96,312.03,0.02,147.85,46627.74,1
2023-06-14,2023-06-14 13:18:00,312.03,312.1,312.03,312.1,0.02,147.85,46627.74,1
2023-06-14,2023-06-14 13:19:00,312.1,312.17,312.1,312.17,0.02,147.85,46627.74,1
2023-06-14,2023-06-14 13:20:00,312.17,312.24,312.17,312.24,0.02,147.85,46627.74,1
2023-06-14,2023-06-14 13:21:00,312.24,312.3,312.24,312.3,0.02,147.85,46627.74,1
2023-06-14,2023-06-14 13:22:00,312.3,312.37,312.3,312.37,0.02,147.85,46627.74,1
2023-06-14,2023-06-14 13:23:00,312.37,312.44,312.37,312.44,0.02,147.85,46627.74,1
2023-06-14,2023-06-14 13:24:00,312.44,312.51,312.44,312.51,0.02,147.85,46627.74,1
2023-06-14,2023-06-14 13:25:00,312.51,312.58,312.51,312.58,0.02,147.85,46627.74,1
2023-06-14,2023-06-14 13:26:00,312.58,312.64,312.58,312.64,0.02,147.85,46627.74,1
2023-06-14,2023-06-14 13:27:00,312.64,312.71,312.64,312.71,0.02,147.85,46627.74,1
2023-06-14,2023-06-14 13:28:00,312.71,312.78,312.71,312.78,0.02,147.85,46627.74,1
2023-06-14,2023-06-14 13:29:00,312.78,312.85,312.78,312.85,0.02,147.85,46627.74,1
2023-06-14,2023-06-14 13:30:00,312.85,312.92,312.85,312.92,0.02,147.85,46627.74,1
2023-06-14,2023-06-14 13:31:00,312.92,312.99,312.92,312.99,0.02,147.85,46627.74,1
2023-06-14,2023-06-14 13:32:00,312.99,313.06,312.99,313.06,0.02,147.85,46627.74,1
2023-06-14,2023-06-14 13:33:00,313.06,313.12,313.06,313.12,0.02,147.85,46627.74,1
2023-06-14,2023-06-14 13:34:00,313.12,313.19,313.12,313.19,0.02,147.85,46627.74,1
2023-06-14,2023-06-14 13:35:00,313.19,313.26,313.19,313.26,0.02,147.85,46627.74,1
2023-06-14,2023-06-14 13:36:00,313.26,313.33,313.26,313.33,0.02,147.85,46627.74,1
2023-06-14,2023-06-14 13:37:00,313.33,313.4,313.33,313.4,0.02,147.85,46627.74,1
2023-06-14,2023-06-14 13:38:00,313.4,313.47,313.4,313.47,0.02,147.85,46627.74,1
2023-06-14,2023-06-14 13:39:00,313.47,313.53,313.47,313.53,0.02,147.85,46627.74,1
2023-06-14,2023-06-14 13:40:00,313.53,313.6,313.53,313.6,0.02,147.85,46627.74,1
2023-06-14,2023-06-14 13:41:00,313.6,313.67,313.6,313.67,0.02,147.85,46627.74,1
2023-06-14,2023-06-14 13:42:00,313.67,313.74,313.67,313.74,0.02,147.85,46627.74,1
2023-06-14,2023-06-14 13:43:00,313.74,313.81,313.74,313.81,0.02,147.85,46627.74,1
2023-06-14,2023-06-14 13:44:00,313.81,313.88,313.81,313.88,0.02,147.85,46627.74,1
2023-06-14,2023-06-14 13:45:00,313.88,313.94,313.88,313.94,0.02,147.85,46627.74,1
2023-06-14,2023-06-14 13:46:00,313.94,314.01,313.94,314.01,0.02,147.85,46627.74,1
2023-06-14,2023-06-14 13:47:00,314.01,314.08,314.01,314.08,0.02,147.85,46627.74,1
2023-06-14,2023-06-14 13:48:00,314.08,314.15,314.08,314.15,0.02,147.85,46627.74,1
2023-06-14,2023-06-14 13:49:00,314.15,314.22,314.15,314.22,0.02,147.85,46627.74,1
2023-06-14,2023-06-14 13:50:00,314.22,314.29,314.22,314.29,0.02,147.85,46627.74,1
2023-06-14,2023-06-14 13:51:00,314.29,314.35,314.29,314.35,0.02,147.85,46627.74,1
2023-06-14,2023-06-14 13:52:00,314.35,314.42,314.35,314.42,0.02,147.85,46627.74,1
2023-06-14,2023-06-14 13:53:00,314.42,314.49,314.42,314.49,0.02,147.85,46627.74,1
2023-06-14,2023-06-14 13:54:00,314.49,314.56,314.49,314.56,0.02,147.85,46627.74,1
2023-06-14,2023-06-14 13:55:00,314.56,314.63,314.56,314.63,0.02,147.85,46627.74,1
2023-06-14,2023-06-14 13:56:00,314.63,314.69,314.63,314.69,0.02,147.85,46627.74,1
2023-06-14,2023-06-14 13:57:00,314.69,314.76,314.69,314.76,0.02,147.85,46627.74,1
2023-06-14,2023-06-14 13:58:00,314.76,314.83,314.76,314.83,0.02,147.85,46627.74,1
2023-06-14,2023-06-14 13:59:00,314.83,314.9,314.83,314.9,0.02,147.85,46627.74,1
2023-06-14,2023-06-14 14:00:00,314.9,314.97,314.9,314.97,0.02,147.85,46627.74,1
2023-06-14,2023-06-14 14:01:00,314.97,315.04,314.97,315.04,0.02,147.85,46627.74,1
2023-06-14,2023-06-14 14:02:00,315.04,315.11,315.04,315.11,0.02,147.85,46627.74,1
2023-06-14,2023-06-14 14:03:00,315.11,315.17,315.11,315.17,0.02,147.85,46627.74,1
2023-06-14,2023-06-14 14:04:00,315.17,315.24,315.17,315.24,0.02,147.85,46627.74,1
2023-06-14,2023-06-14 14:05:00,315.24,315.31,315.24,315.31,0.02,147.85,46627.74,1
2023-06-14,2023-06-14 14:06:00,315.31,315.38,315.31,315.38,0.02,147.85,46627.74,1
2023-06-14,2023-06-14 14:07:00,315.38,315.45,315.38,315.45,0.02,147.85,46627.74,1
2023-06-14,2023-06-14 14:08:00,315.45,315.51,315.45,315.51,0.02,147.85,46627.74,1
2023-06-14,2023-06-14 14:09:00,315.51,315.58,315.51,315.58,0.02,147.85,46627.74,1
2023-06-14,2023-06-14 14:10:00,315.58,315.65,315.58,315.65,0.02,147.85,46627.74,1
2023-06-14,2023-06-14 14:11:00,315.65,315.72,315.65,315.72,0.02,147.85,46627.74,1
2023-06-14,2023-06-14 14:12:00,315.72,315.79,315.72,315.79,0.02,147.85,46627.74,1
2023-06-14,2023-06-14 14:13:00,315.79,315.86,315.79,315.86,0.02,147.85,46627.74,1
2023-06-14,2023-06-14 14:14:00,315.86,315.93,315.86,315.93,0.02,147.85,46627.74,1
2023-06-14,2023-06-14 14:15:00,315.93,315.99,315.93,315.99,0.02,147.85,46627.74,1
2023-06-14,2023-06-14 14:16:00,315.99,316.06,315.99,316.06,0.02,147.85,46627.74,1
2023-06-14,2023-06-14 14:17:00,316.06,316.13,316.06,316.13,0.02,147.85,46627.74,1
2023-06-14,2023-06-14 14:18:00,316.13,316.2,316.13,316.2,0.02,147.85,46627.74,1
2023-06-14,2023-06-14 14:19:00,316.2,316.27,316.2,316.27,0.02,147.85,46627.74,1
2023-06-14,2023-06-14 14:20:00,316.27,316.33,316.27,316.33,0.02,147.85,46627.74,1
2023-06-14,2023-06-14 14:21:00,316.33,316.4,316.33,316.4,0.02,147.85,46627.74,1
2023-06-14,2023-06-14 14:22:00,316.4,316.47,316.4,316.47,0.02,147.85,46627.74,1
2023-06-14,2023-06-14 14:23:00,316.47,316.54,316.47,316.54,0.02,147.85,46627.74,1
2023-06-14,2023-06-14 14:24:00,316.54,316.61,316.54,316.61,0.02,147.85,46627.74,1
2023-06-14,2023-06-14 14:25:00,316.61,316.68,316.61,316.68,0.02,147.85,46627.74,1
2023-06-14,2023-06-14 14:26:00,316.68,316.75,316.68,316.75,0.02,147.85,46627.74,1
2023-06-14,2023-06-14 14:27:00,316.75,316.81,316.75,316.81,0.02,147.85,46627.74,1
2023-06-14,2023-06-14 14:28:00,316.81,316.88,316.81,316.88,0.02,147.85,46627.74,1
2023-06-14,2023-06-14 14:29:00,316.88,316.95,316.88,316.95,0.02,147.85,46627.74,1
2023-06-14,2023-06-14 14:30:00,316.95,317.02,316.95,317.02,0.02,147.85,46627.74,1
2023-06-14,2023-06-14 14:31:00,317.02,317.09,317.02,317.09,0.02,147.85,46627.74,1
2023-06-14,2023-06-14 14:32:00,317.09,317.15,317.09,317.15,0.02,147.85,46627.74,1
2023-06-14,2023-06-14 14:33:00,317.15,317.22,317.15,317.22,0.02,147.85,46627.74,1
2023-06-14,2023-06-14 14:34:00,317.22,317.29,317.22,317.29,0.02,147.85,46627.74,1
2023-06-14,2023-06-14 14:35:00,317.29,317.36,317.29,317.36,0.02,147.85,46627.74,1
2023-06-14,2023-06-14 14:36:00,317.36,317.43,317.36,317.43,0.02,147.85,46627.74,1
2023-06-14,2023-06-14 14:37:00,317.43,317.5,317.43,317.5,0.02,147.85,46627.74,1
2023-06-14,2023-06-14 14:38:00,317.5,317.56,317.5,317.56,0.02,147.85,46627.74,1
2023-06-14,2023-06-14 14:39:00,317.56,317.63,317.56,317.63,0.02,147.85,46627.74,1
2023-06-14,2023-06-14 14:40:00,317.63,317.7,317.63,317.7,0.02,147.85,46627.74,1
2023-06-14,2023-06-14 14:41:00,317.7,317.77,317.7,317.77,0.02,147.85,46627.74,1
2023-06-14,2023-06-14 14:42:00,317.77,317.84,317.77,317.84,0.02,147.85,46627.74,1
2023-06-14,2023-06-14 14:43:00,317.84,317.91,317.84,317.91,0.02,147.85,46627.74,1
2023-06-14,2023-06-14 14:44:00,317.91,317.98,317.91,317.98,0.02,147.85,46627.74,1
2023-06-14,2023-06-14 14:45:00,317.98,318.04,317.98,318.04,0.02,147.85,46627.74,1
2023-06-14,2023-06-14 14:46:00,318.04,318.11,318.04,318.11,0.02,147.85,46627.74,1
2023-06-14,2023-06-14 14:47:00,318.11,318.18,318.11,318.18,0.02,147.85,46627.74,1
2023-06-14,2023-06-14 14:48:00,318.18,318.25,318.18,318.25,0.02,147.85,46627.74,1
2023-06-14,2023-06-14 14:49:00,318.25,318.32,318.25,318.32,0.02,147.85,46627.74,1
2023-06-14,2023-06-14 14:50:00,318.32,318.38,318.32,318.38,0.02,147.85,46627.74,1
2023-06-14,2023-06-14 14:51:00,318.38,318.45,318.38,318.45,0.02,147.85,46627.74,1
2023-06-14,2023-06-14 14:52:00,318.45,318.52,318.45,318.52,0.02,147.85,46627.74,1
2023-06-14,2023-06-14 14:53:00,318.52,318.59,318.52,318.59,0.02,147.85,46627.74,1
2023-06-14,2023-06-14 14:54:00,318.59,318.66,318.59,318.66,0.02,147.85,46627.74,1
2023-06-14,2023-06-14 14:55:00,318.66,318.73,318.66,318.73,0.02,147.85,46627.74,1
2023-06-14,2023-06-14 14:56:00,318.73,318.8,318.73,318.8,0.02,147.85,46627.74,1
2023-06-14,2023-06-14 14:57:00,318.8,318.86,318.8,318.86,0.02,147.85,46627.74,1
2023-06-14,2023-06-14 14:58:00,318.86,318.93,318.86,318.93,0.02,147.85,46627.74,1
2023-06-14,2023-06-14 14:59:00,318.93,319.0,318.93,319.0,0.02,147.85,46627.74,1
2023-06-14,2023-06-14 15:00:00,319.0,326.3,279.3,319.0,0.0,147.85,46627.74,0
2023-06-15,2023-06-15 11:00:00,320.0,320.0,314.03,319.92,-0.02,118.63,36244.5,-1
2023-06-15,2023-06-15 11:01:00,319.92,319.92,319.84,319.84,-0.03,118.63,36244.5,-1
2023-06-15,2023-06-15 11:02:00,319.84,319.84,319.75,319.75,-0.03,118.63,36244.5,-1
2023-06-15,2023-06-15 11:03:00,319.75,319.75,319.67,319.67,-0.03,118.63,36244.5,-1
2023-06-15,2023-06-15 11:04:00,319.67,319.67,319.59,319.59,-0.03,118.63,36244.5,-1
2023-06-15,2023-06-15 11:05:00,319.59,319.59,319.51,319.51,-0.03,118.63,36244.5,-1
2023-06-15,2023-06-15 11:06:00,319.51,319.51,319.43,319.43,-0.03,118.63,36244.5,-1
2023-06-15,2023-06-15 11:07:00,319.43,319.43,319.34,319.34,-0.03,118.63,36244.5,-1
2023-06-15,2023-06-15 11:08:00,319.34,319.34,319.26,319.26,-0.03,118.63,36244.5,-1
2023-06-15,2023-06-15 11:09:00,319.26,319.26,319.18,319.18,-0.03,118.63,36244.5,-1
2023-06-15,2023-06-15 11:10:00,319.18,319.18,319.1,319.1,-0.03,118.63,36244.5,-1
2023-06-15,2023-06-15 11:11:00,319.1,319.1,319.01,319.01,-0.03,118.63,36244.5,-1
2023-06-15,2023-06-15 11:12:00,319.01,319.01,318.93,318.93,-0.03,118.63,36244.5,-1
2023-06-15,2023-06-15 11:13:00,318.93,318.93,318.85,318.85,-0.03,118.63,36244.5,-1
2023-06-15,2023-06-15 11:14:00,318.85,318.85,318.77,318.77,-0.03,118.63,36244.5,-1
2023-06-15,2023-06-15 11:15:00,318.77,318.77,318.69,318.69,-0.03,118.63,36244.5,-1
2023-06-15,2023-06-15 11:16:00,318.69,318.69,318.6,318.6,-0.03,118.63,36244.5,-1
2023-06-15,2023-06-15 11:17:00,318.6,318.6,318.52,318.52,-0.03,118.63,36244.5,-1
2023-06-15,2023-06-15 11:18:00,318.52,318.52,318.44,318.44,-0.03,118.63,36244.5,-1
2023-06-15,2023-06-15 11:19:00,318.44,318.44,318.36,318.36,-0.03,118.63,36244.5,-1
2023-06-15,2023-06-15 11:20:00,318.36,318.36,318.28,318.28,-0.03,118.63,36244.5,-1
2023-06-15,2023-06-15 11:21:00,318.28,318.28,318.19,318.19,-0.03,118.63,36244.5,-1
2023-06-15,2023-06-15 11:22:00,318.19,318.19,318.11,318.11,-0.03,118.63,36244.5,-1
2023-06-15,2023-06-15 11:23:00,318.11,318.11,318.03,318.03,-0.03,118.63,36244.5,-1
2023-06-15,2023-06-15 11:24:00,318.03,318.03,317.95,317.95,-0.03,118.63,36244.5,-1
2023-06-15,2023-06-15 11:25:00,317.95,317.95,317.87,317.87,-0.03,118.63,36244.5,-1
2023-06-15,2023-06-15 11:26:00,317.87,317.87,317.78,317.78,-0.03,118.63,36244.5,-1
2023-06-15,2023-06-15 11:27:00,317.78,317.78,317.7,317.7,-0.03,118.63,36244.5,-1
2023-06-15,2023-06-15 11:28:00,317.7,317.7,317.62,317.62,-0.03,118.63,36244.5,-1
2023-06-15,2023-06-15 11:29:00,317.62,317.62,317.54,317.54,-0.03,118.63,36244.5,-1
2023-06-15,2023-06-15 11:30:00,317.54,317.54,317.46,317.46,-0.03,118.63,36244.5,-1
2023-06-15,2023-06-15 11:31:00,317.46,317.46,317.37,317.37,-0.03,118.63,36244.5,-1
2023-06-15,2023-06-15 11:32:00,317.37,317.37,317.29,317.29,-0.03,118.63,36244.5,-1
2023-06-15,2023-06-15 11:33:00,317.29,317.29,317.21,317.21,-0.03,118.63,36244.5,-1
2023-06-15,2023-06-15 11:34:00,317.21,317.21,317.13,317.13,-0.03,118.63,36244.5,-1
2023-06-15,2023-06-15 11:35:00,317.13,317.13,317.05,317.05,-0.03,118.63,36244.5,-1
2023-06-15,2023-06-15 11:36:00,317.05,317.05,316.96,316.96,-0.03,118.63,36244.5,-1
2023-06-15,2023-06-15 11:37:00,316.96,316.96,316.88,316.88,-0.03,118.63,36244.5,-1
2023-06-15,2023-06-15 11:38:00,316.88,316.88,316.8,316.8,-0.03,118.63,36244.5,-1
2023-06-15,2023-06-15 11:39:00,316.8,316.8,316.72,316.72,-0.03,118.63,36244.5,-1
2023-06-15,2023-06-15 11:40:00,316.72,316.72,316.63,316.63,-0.03,118.63,36244.5,-1
2023-06-15,2023-06-15 11:41:00,316.63,316.63,316.55,316.55,-0.03,118.63,36244.5,-1
2023-06-15,2023-06-15 11:42:00,316.55,316.55,316.47,316.47,-0.03,118.63,36244.5,-1
2023-06-15,2023-06-15 11:43:00,316.47,316.47,316.39,316.39,-0.03,118.63,36244.5,-1
2023-06-15,2023-06-15 11:44:00,316.39,316.39,316.31,316.31,-0.03,118.63,36244.5,-1
2023-06-15,2023-06-15 11:45:00,316.31,316.31,316.22,316.22,-0.03,118.63,36244.5,-1
2023-06-15,2023-06-15 11:46:00,316.22,316.22,316.14,316.14,-0.03,118.63,36244.5,-1
2023-06-15,2023-06-15 11:47:00,316.14,316.14,316.06,316.06,-0.03,118.63,36244.5,-1
2023-06-15,2023-06-15 11:48:00,316.06,316.06,315.98,315.98,-0.03,118.63,36244.5,-1
2023-06-15,2023-06-15 11:49:00,315.98,315.98,315.9,315.9,-0.03,118.63,36244.5,-1
2023-06-15,2023-06-15 11:50:00,315.9,315.9,315.81,315.81,-0.03,118.63,36244.5,-1
2023-06-15,2023-06-15 11:51:00,315.81,315.81,315.73,315.73,-0.03,118.63,36244.5,-1
2023-06-15,2023-06-15 11:52:00,315.73,315.73,315.65,315.65,-0.03,118.63,36244.5,-1
2023-06-15,2023-06-15 11:53:00,315.65,315.65,315.57,315.57,-0.03,118.63,36244.5,-1
2023-06-15,2023-06-15 11:54:00,315.57,315.57,315.49,315.49,-0.03,118.63,36244.5,-1
2023-06-15,2023-06-15 11:55:00,315.49,315.49,315.4,315.4,-0.03,118.63,36244.5,-1
2023-06-15,2023-06-15 11:56:00,315.4,315.4,315.32,315.32,-0.03,118.63,36244.5,-1
2023-06-15,2023-06-15 11:57:00,315.32,315.32,315.24,315.24,-0.03,118.63,36244.5,-1
2023-06-15,2023-06-15 11:58:00,315.24,315.24,315.16,315.16,-0.03,118.63,36244.5,-1
2023-06-15,2023-06-15 11:59:00,315.16,315.16,315.07,315.07,-0.03,118.63,36244.5,-1
2023-06-15,2023-06-15 12:00:00,315.07,315.07,314.99,314.99,-0.03,118.63,36244.5,-1
2023-06-15,2023-06-15 12:01:00,314.99,314.99,314.91,314.91,-0.03,118.63,36244.5,-1
2023-06-15,2023-06-15 12:02:00,314.91,314.91,314.83,314.83,-0.03,118.63,36244.5,-1
2023-06-15,2023-06-15 12:03:00,314.83,314.83,314.75,314.75,-0.03,118.63,36244.5,-1
2023-06-15,2023-06-15 12:04:00,314.75,314.75,314.66,314.66,-0.03,118.63,36244.5,-1
2023-06-15,2023-06-15 12:05:00,314.66,314.66,314.58,314.58,-0.03,118.63,36244.5,-1
2023-06-15,2023-06-15 12:06:00,314.58,314.58,314.5,314.5,-0.03,118.63,36244.5,-1
2023-06-15,2023-06-15 12:07:00,314.5,314.5,314.42,314.42,-0.03,118.63,36244.5,-1
2023-06-15,2023-06-15 12:08:00,314.42,314.42,314.34,314.34,-0.03,118.63,36244.5,-1
2023-06-15,2023-06-15 12:09:00,314.34,314.34,314.25,314.25,-0.03,118.63,36244.5,-1
2023-06-15,2023-06-15 12:10:00,314.25,314.25,314.17,314.17,-0.03,118.63,36244.5,-1
2023-06-15,2023-06-15 12:11:00,314.17,314.17,314.09,314.09,-0.03,118.63,36244.5,-1
2023-06-15,2023-06-15 12:12:00,314.09,314.09,314.01,314.01,-0.03,118.63,36244.5,-1
2023-06-15,2023-06-15 12:13:00,314.01,314.01,313.93,313.93,-0.03,118.63,36244.5,-1
2023-06-15,2023-06-15 12:14:00,313.93,313.93,313.84,313.84,-0.03,118.63,36244.5,-1
2023-06-15,2023-06-15 12:15:00,313.84,313.84,313.76,313.76,-0.03,118.63,36244.5,-1
2023-06-15,2023-06-15 12:16:00,313.76,313.76,313.68,313.68,-0.03,118.63,36244.5,-1
2023-06-15,2023-06-15 12:17:00,313.68,313.68,313.6,313.6,-0.03,118.63,36244.5,-1
2023-06-15,2023-06-15 12:18:00,313.6,313.6,313.52,313.52,-0.03,118.63,36244.5,-1
2023-06-15,2023-06-15 12:19:00,313.52,313.52,313.43,313.43,-0.03,118.63,36244.5,-1
2023-06-15,2023-06-15 12:20:00,313.43,313.43,313.35,313.35,-0.03,118.63,36244.5,-1
2023-06-15,2023-06-15 12:21:00,313.35,313.35,313.27,313.27,-0.03,118.63,36244.5,-1
2023-06-15,2023-06-15 12:22:00,313.27,313.27,313.19,313.19,-0.03,118.63,36244.5,-1
2023-06-15,2023-06-15 12:23:00,313.19,313.19,313.11,313.11,-0.03,118.63,36244.5,-1
2023-06-15,2023-06-15 12:24:00,313.11,313.11,313.02,313.02,-0.03,118.63,36244.5,-1
2023-06-15,2023-06-15 12:25:00,313.02,313.02,312.94,312.94,-0.03,118.63,36244.5,-1
2023-06-15,2023-06-15 12:26:00,312.94,312.94,312.86,312.86,-0.03,118.63,36244.5,-1
2023-06-15,2023-06-15 12:27:00,312.86,312.86,312.78,312.78,-0.03,118.63,36244.5,-1
2023-06-15,2023-06-15 12:28:00,312.78,312.78,312.69,312.69,-0.03,118.63,36244.5,-1
2023-06-15,2023-06-15 12:29:00,312.69,312.69,312.61,312.61,-0.03,118.63,36244.5,-1
2023-06-15,2023-06-15 12:30:00,312.61,312.61,312.53,312.53,-0.03,118.63,36244.5,-1
2023-06-15,2023-06-15 12:31:00,312.53,312.53,312.45,312.45,-0.03,118.63,36244.5,-1
2023-06-15,2023-06-15 12:32:00,312.45,312.45,312.37,312.37,-0.03,118.63,36244.5,-1
2023-06-15,2023-06-15 12:33:00,312.37,312.37,312.28,312.28,-0.03,118.63,36244.5,-1
2023-06-15,2023-06-15 12:34:00,312.28,312.28,312.2,312.2,-0.03,118.63,36244.5,-1
2023-06-15,2023-06-15 12:35:00,312.2,312.2,312.12,312.12,-0.03,118.63,36244.5,-1
2023-06-15,2023-06-15 12:36:00,312.12,312.12,312.04,312.04,-0.03,118.63,36244.5,-1
2023-06-15,2023-06-15 12:37:00,312.04,312.04,311.96,311.96,-0.03,118.63,36244.5,-1
2023-06-15,2023-06-15 12:38:00,311.96,311.96,311.87,311.87,-0.03,118.63,36244.5,-1
2023-06-15,2023-06-15 12:39:00,311.87,311.87,311.79,311.79,-0.03,118.63,36244.5,-1
2023-06-15,2023-06-15 12:40:00,311.79,311.79,311.71,311.71,-0.03,118.63,36244.5,-1
2023-06-15,2023-06-15 12:41:00,311.71,311.71,311.63,311.63,-0.03,118.63,36244.5,-1
2023-06-15,2023-06-15 12:42:00,311.63,311.63,311.55,311.55,-0.03,118.63,36244.5,-1
2023-06-15,2023-06-15 12:43:00,311.55,311.55,311.46,311.46,-0.03,118.63,36244.5,-1
2023-06-15,2023-06-15 12:44:00,311.46,311.46,311.38,311.38,-0.03,118.63,36244.5,-1
2023-06-15,2023-06-15 12:45:00,311.38,311.38,311.3,311.3,-0.03,118.63,36244.5,-1
2023-06-15,2023-06-15 12:46:00,311.3,311.3,311.22,311.22,-0.03,118.63,36244.5,-1
2023-06-15,2023-06-15 12:47:00,311.22,311.22,311.13,311.13,-0.03,118.63,36244.5,-1
2023-06-15,2023-06-15 12:48:00,311.13,311.13,311.05,311.05,-0.03,118.63,36244.5,-1
2023-06-15,2023-06-15 12:49:00,311.05,311.05,310.97,310.97,-0.03,118.63,36244.5,-1
2023-06-15,2023-06-15 12:50:00,310.97,310.97,310.89,310.89,-0.03,118.63,36244.5,-1
2023-06-15,2023-06-15 12:51:00,310.89,310.89,310.81,310.81,-0.03,118.63,36244.5,-1
2023-06-15,2023-06-15 12:52:00,310.81,310.81,310.72,310.72,-0.03,118.63,36244.5,-1
2023-06-15,2023-06-15 12:53:00,310.72,310.72,310.64,310.64,-0.03,118.63,36244.5,-1
2023-06-15,2023-06-15 12:54:00,310.64,310.64,310.56,310.56,-0.03,118.63,36244.5,-1
2023-06-15,2023-06-15 12:55:00,310.56,310.56,310.48,310.48,-0.03,118.63,36244.5,-1
2023-06-15,2023-06-15 12:56:00,310.48,310.48,310.4,310.4,-0.03,118.63,36244.5,-1
2023-06-15,2023-06-15 12:57:00,310.4,310.4,310.31,310.31,-0.03,118.63,36244.5,-1
2023-06-15,2023-06-15 12:58:00,310.31,310.31,310.23,310.23,-0.03,118.63,36244.5,-1
2023-06-15,2023-06-15 12:59:00,310.23,310.23,310.15,310.15,-0.03,118.63,36244.5,-1
2023-06-15,2023-06-15 13:00:00,310.15,320.0,300.1,310.07,-0.03,118.63,36244.5,-1
2023-06-15,2023-06-15 13:01:00,310.07,310.07,309.99,309.99,-0.03,118.63,36244.5,-1
2023-06-15,2023-06-15 13:02:00,309.99,309.99,309.9,309.9,-0.03,118.63,36244.5,-1
2023-06-15,2023-06-15 13:03:00,309.9,309.9,309.82,309.82,-0.03,118.63,36244.5,-1
2023-06-15,2023-06-15 13:04:00,309.82,309.82,309.74,309.74,-0.03,118.63,36244.5,-1
2023-06-15,2023-06-15 13:05:00,309.74,309.74,309.66,309.66,-0.03,118.63,36244.5,-1
2023-06-15,2023-06-15 13:06:00,309.66,309.66,309.58,309.58,-0.03,118.63,36244.5,-1
2023-06-15,2023-06-15 13:07:00,309.58,309.58,309.49,309.49,-0.03,118.63,36244.5,-1
2023-06-15,2023-06-15 13:08:00,309.49,309.49,309.41,309.41,-0.03,118.63,36244.5,-1
2023-06-15,2023-06-15 13:09:00,309.41,309.41,309.33,309.33,-0.03,118.63,36244.5,-1
2023-06-15,2023-06-15 13:10:00,309.33,309.33,309.25,309.25,-0.03,118.63,36244.5,-1
2023-06-15,2023-06-15 13:11:00,309.25,309.25,309.17,309.17,-0.03,118.63,36244.5,-1
2023-06-15,2023-06-15 13:12:00,309.17,309.17,309.08,309.08,-0.03,118.63,36244.5,-1
2023-06-15,2023-06-15 13:13:00,309.08,309.08,309.0,309.0,-0.03,118.63,36244.5,-1
2023-06-15,2023-06-15 13:14:00,309.0,309.0,308.92,308.92,-0.03,118.63,36244.5,-1
2023-06-15,2023-06-15 13:15:00,308.92,308.92,308.84,308.84,-0.03,118.63,36244.5,-1
2023-06-15,2023-06-15 13:16:00,308.84,308.84,308.75,308.75,-0.03,118.63,36244.5,-1
2023-06-15,2023-06-15 13:17:00,308.75,308.75,308.67,308.67,-0.03,118.63,36244.5,-1
2023-06-15,2023-06-15 13:18:00,308.67,308.67,308.59,308.59,-0.03,118.63,36244.5,-1
2023-06-15,2023-06-15 13:19:00,308.59,308.59,308.51,308.51,-0.03,118.63,36244.5,-1
2023-06-15,2023-06-15 13:20:00,308.51,308.51,308.43,308.43,-0.03,118.63,36244.5,-1
2023-06-15,2023-06-15 13:21:00,308.43,308.43,308.34,308.34,-0.03,118.63,36244.5,-1
2023-06-15,2023-06-15 13:22:00,308.34,308.34,308.26,308.26,-0.03,118.63,36244.5,-1
2023-06-15,2023-06-15 13:23:00,308.26,308.26,308.18,308.18,-0.03,118.63,36244.5,-1
2023-06-15,2023-06-15 13:24:00,308.18,308.18,308.1,308.1,-0.03,118.63,36244.5,-1
2023-06-15,2023-06-15 13:25:00,308.1,308.1,308.02,308.02,-0.03,118.63,36244.5,-1
2023-06-15,2023-06-15 13:26:00,308.02,308.02,307.93,307.93,-0.03,118.63,36244.5,-1
2023-06-15,2023-06-15 13:27:00,307.93,307.93,307.85,307.85,-0.03,118.63,36244.5,-1
2023-06-15,2023-06-15 13:28:00,307.85,307.85,307.77,307.77,-0.03,118.63,36244.5,-1
2023-06-15,2023-06-15 13:29:00,307.77,307.77,307.69,307.69,-0.03,118.63,36244.5,-1
2023-06-15,2023-06-15 13:30:00,307.69,307.69,307.61,307.61,-0.03,118.63,36244.5,-1
2023-06-15,2023-06-15 13:31:00,307.61,307.61,307.52,307.52,-0.03,118.63,36244.5,-1
2023-06-15,2023-06-15 13:32:00,307.52,307.52,307.44,307.44,-0.03,118.63,36244.5,-1
2023-06-15,2023-06-15 13:33:00,307.44,307.44,307.36,307.36,-0.03,118.63,36244.5,-1
2023-06-15,2023-06-15 13:34:00,307.36,307.36,307.28,307.28,-0.03,118.63,36244.5,-1
2023-06-15,2023-06-15 13:35:00,307.28,307.28,307.19,307.19,-0.03,118.63,36244.5,-1
2023-06-15,2023-06-15 13:36:00,307.19,307.19,307.11,307.11,-0.03,118.63,36244.5,-1
2023-06-15,2023-06-15 13:37:00,307.11,307.11,307.03,307.03,-0.03,118.63,36244.5,-1
2023-06-15,2023-06-15 13:38:00,307.03,307.03,306.95,306.95,-0.03,118.63,36244.5,-1
2023-06-15,2023-06-15 13:39:00,306.95,306.95,306.87,306.87,-0.03,118.63,36244.5,-1
2023-06-15,2023-06-15 13:40:00,306.87,306.87,306.78,306.78,-0.03,118.63,36244.5,-1
2023-06-15,2023-06-15 13:41:00,306.78,306.78,306.7,306.7,-0.03,118.63,36244.5,-1
2023-06-15,2023-06-15 13:42:00,306.7,306.7,306.62,306.62,-0.03,118.63,36244.5,-1
2023-06-15,2023-06-15 13:43:00,306.62,306.62,306.54,306.54,-0.03,118.63,36244.5,-1
2023-06-15,2023-06-15 13:44:00,306.54,306.54,306.46,306.46,-0.03,118.63,36244.5,-1
2023-06-15,2023-06-15 13:45:00,306.46,306.46,306.37,306.37,-0.03,118.63,36244.5,-1
2023-06-15,2023-06-15 13:46:00,306.37,306.37,306.29,306.29,-0.03,118.63,36244.5,-1
2023-06-15,2023-06-15 13:47:00,306.29,306.29,306.21,306.21,-0.03,118.63,36244.5,-1
2023-06-15,2023-06-15 13:48:00,306.21,306.21,306.13,306.13,-0.03,118.63,36244.5,-1
2023-06-15,2023-06-15 13:49:00,306.13,306.13,306.05,306.05,-0.03,118.63,36244.5,-1
2023-06-15,2023-06-15 13:50:00,306.05,306.05,305.96,305.96,-0.03,118.63,36244.5,-1
2023-06-15,2023-06-15 13:51:00,305.96,305.96,305.88,305.88,-0.03,118.63,36244.5,-1
2023-06-15,2023-06-15 13:52:00,305.88,305.88,305.8,305.8,-0.03,118.63,36244.5,-1
2023-06-15,2023-06-15 13:53:00,305.8,305.8,305.72,305.72,-0.03,118.63,36244.5,-1
2023-06-15,2023-06-15 13:54:00,305.72,305.72,305.64,305.64,-0.03,118.63,36244.5,-1
2023-06-15,2023-06-15 13:55:00,305.64,305.64,305.55,305.55,-0.03,118.63,36244.5,-1
2023-06-15,2023-06-15 13:56:00,305.55,305.55,305.47,305.47,-0.03,118.63,36244.5,-1
2023-06-15,2023-06-15 13:57:00,305.47,305.47,305.39,305.39,-0.03,118.63,36244.5,-1
2023-06-15,2023-06-15 13:58:00,305.39,305.39,305.31,305.31,-0.03,118.63,36244.5,-1
2023-06-15,2023-06-15 13:59:00,305.31,305.31,305.23,305.23,-0.03,118.63,36244.5,-1
2023-06-15,2023-06-15 14:00:00,305.23,305.23,305.14,305.14,-0.03,118.63,36244.5,-1
2023-06-15,2023-06-15 14:01:00,305.14,305.14,305.06,305.06,-0.03,118.63,36244.5,-1
2023-06-15,2023-06-15 14:02:00,305.06,305.06,304.98,304.98,-0.03,118.63,36244.5,-1
2023-06-15,2023-06-15 14:03:00,304.98,304.98,304.9,304.9,-0.03,118.63,36244.5,-1
2023-06-15,2023-06-15 14:04:00,304.9,304.9,304.81,304.81,-0.03,118.63,36244.5,-1
2023-06-15,2023-06-15 14:05:00,304.81,304.81,304.73,304.73,-0.03,118.63,36244.5,-1
2023-06-15,2023-06-15 14:06:00,304.73,304.73,304.65,304.65,-0.03,118.63,36244.5,-1
2023-06-15,2023-06-15 14:07:00,304.65,304.65,304.57,304.57,-0.03,118.63,36244.5,-1
2023-06-15,2023-06-15 14:08:00,304.57,304.57,304.49,304.49,-0.03,118.63,36244.5,-1
2023-06-15,2023-06-15 14:09:00,304.49,304.49,304.4,304.4,-0.03,118.63,36244.5,-1
2023-06-15,2023-06-15 14:10:00,304.4,304.4,304.32,304.32,-0.03,118.63,36244.5,-1
2023-06-15,2023-06-15 14:11:00,304.32,304.32,304.24,304.24,-0.03,118.63,36244.5,-1
2023-06-15,2023-06-15 14:12:00,304.24,304.24,304.16,304.16,-0.03,118.63,36244.5,-1
2023-06-15,2023-06-15 14:13:00,304.16,304.16,304.08,304.08,-0.03,118.63,36244.5,-1
2023-06-15,2023-06-15 14:14:00,304.08,304.08,303.99,303.99,-0.03,118.63,36244.5,-1
2023-06-15,2023-06-15 14:15:00,303.99,303.99,303.91,303.91,-0.03,118.63,36244.5,-1
2023-06-15,2023-06-15 14:16:00,303.91,303.91,303.83,303.83,-0.03,118.63,36244.5,-1
2023-06-15,2023-06-15 14:17:00,303.83,303.83,303.75,303.75,-0.03,118.63,36244.5,-1
2023-06-15,2023-06-15 14:18:00,303.75,303.75,303.67,303.67,-0.03,118.63,36244.5,-1
2023-06-15,2023-06-15 14:19:00,303.67,303.67,303.58,303.58,-0.03,118.63,36244.5,-1
2023-06-15,2023-06-15 14:20:00,303.58,303.58,303.5,303.5,-0.03,118.63,36244.5,-1
2023-06-15,2023-06-15 14:21:00,303.5,303.5,303.42,303.42,-0.03,118.63,36244.5,-1
2023-06-15,2023-06-15 14:22:00,303.42,303.42,303.34,303.34,-0.03,118.63,36244.5,-1
2023-06-15,2023-06-15 14:23:00,303.34,303.34,303.25,303.25,-0.03,118.63,36244.5,-1
2023-06-15,2023-06-15 14:24:00,303.25,303.25,303.17,303.17,-0.03,118.63,36244.5,-1
2023-06-15,2023-06-15 14:25:00,303.17,303.17,303.09,303.09,-0.03,118.63,36244.5,-1
2023-06-15,2023-06-15 14:26:00,303.09,303.09,303.01,303.01,-0.03,118.63,36244.5,-1
2023-06-15,2023-06-15 14:27:00,303.01,303.01,302.93,302.93,-0.03,118.63,36244.5,-1
2023-06-15,2023-06-15 14:28:00,302.93,302.93,302.84,302.84,-0.03,118.63,36244.5,-1
2023-06-15,2023-06-15 14:29:00,302.84,302.84,302.76,302.76,-0.03,118.63,36244.5,-1
2023-06-15,2023-06-15 14:30:00,302.76,302.76,302.68,302.68,-0.03,118.63,36244.5,-1
2023-06-15,2023-06-15 14:31:00,302.68,302.68,302.6,302.6,-0.03,118.63,36244.5,-1
2023-06-15,2023-06-15 14:32:00,302.6,302.6,302.52,302.52,-0.03,118.63,36244.5,-1
2023-06-15,2023-06-15 14:33:00,302.52,302.52,302.43,302.43,-0.03,118.63,36244.5,-1
2023-06-15,2023-06-15 14:34:00,302.43,302.43,302.35,302.35,-0.03,118.63,36244.5,-1
2023-06-15,2023-06-15 14:35:00,302.35,302.35,302.27,302.27,-0.03,118.63,36244.5,-1
2023-06-15,2023-06-15 14:36:00,302.27,302.27,302.19,302.19,-0.03,118.63,36244.5,-1
2023-06-15,2023-06-15 14:37:00,302.19,302.19,302.11,302.11,-0.03,118.63,36244.5,-1
2023-06-15,2023-06-15 14:38:00,302.11,302.11,302.02,302.02,-0.03,118.63,36244.5,-1
2023-06-15,2023-06-15 14:39:00,302.02,302.02,301.94,301.94,-0.03,118.63,36244.5,-1
2023-06-15,2023-06-15 14:40:00,301.94,301.94,301.86,301.86,-0.03,118.63,36244.5,-1
2023-06-15,2023-06-15 14:41:00,301.86,301.86,301.78,301.78,-0.03,118.63,36244.5,-1
2023-06-15,2023-06-15 14:42:00,301.78,301.78,301.7,301.7,-0.03,118.63,36244.5,-1
2023-06-15,2023-06-15 14:43:00,301.7,301.7,301.61,301.61,-0.03,118.63,36244.5,-1
2023-06-15,2023-06-15 14:44:00,301.61,301.61,301.53,301.53,-0.03,118.63,36244.5,-1
2023-06-15,2023-06-15 14:45:00,301.53,301.53,301.45,301.45,-0.03,118.63,36244.5,-1
2023-06-15,2023-06-15 14:46:00,301.45,301.45,301.37,301.37,-0.03,118.63,36244.5,-1
2023-06-15,2023-06-15 14:47:00,301.37,301.37,301.29,301.29,-0.03,118.63,36244.5,-1
2023-06-15,2023-06-15 14:48:00,301.29,301.29,301.2,301.2,-0.03,118.63,36244.5,-1
2023-06-15,2023-06-15 14:49:00,301.2,301.2,301.12,301.12,-0.03,118.63,36244.5,-1
2023-06-15,2023-06-15 14:50:00,301.12,301.12,301.04,301.04,-0.03,118.63,36244.5,-1
2023-06-15,2023-06-15 14:51:00,301.04,301.04,300.96,300.96,-0.03,118.63,36244.5,-1
2023-06-15,2023-06-15 14:52:00,300.96,300.96,300.87,300.87,-0.03,118.63,36244.5,-1
2023-06-15,2023-06-15 14:53:00,300.87,300.87,300.79,300.79,-0.03,118.63,36244.5,-1
2023-06-15,2023-06-15 14:54:00,300.79,300.79,300.71,300.71,-0.03,118.63,36244.5,-1
2023-06-15,2023-06-15 14:55:00,300.71,300.71,300.63,300.63,-0.03,118.63,36244.5,-1
2023-06-15,2023-06-15 14:56:00,300.63,300.63,300.55,300.55,-0.03,118.63,36244.5,-1
2023-06-15,2023-06-15 14:57:00,300.55,300.55,300.46,300.46,-0.03,118.63,36244.5,-1
2023-06-15,2023-06-15 14:58:00,300.46,300.46,300.38,300.38,-0.03,118.63,36244.5,-1
2023-06-15,2023-06-15 14:59:00,300.38,300.38,300.3,300.3,-0.03,118.63,36244.5,-1
2023-06-15,2023-06-15 15:00:00,300.3,320.0,300.1,300.3,0.0,118.63,36244.5,0
2023-06-18,2023-06-18 11:00:00,299.0,299.0,292.46,298.96,-0.01,206.6,59562.54,-1
2023-06-18,2023-06-18 11:01:00,298.96,298.96,298.92,298.92,-0.01,206.6,59562.54,-1
2023-06-18,2023-06-18 11:02:00,298.92,298.92,298.88,298.88,-0.01,206.6,59562.54,-1
2023-06-18,2023-06-18 11:03:00,298.88,298.88,298.83,298.83,-0.02,206.6,59562.54,-1
2023-06-18,2023-06-18 11:04:00,298.83,298.83,298.79,298.79,-0.01,206.6,59562.54,-1
2023-06-18,2023-06-18 11:05:00,298.79,298.79,298.75,298.75,-0.01,206.6,59562.54,-1
2023-06-18,2023-06-18 11:06:00,298.75,298.75,298.71,298.71,-0.01,206.6,59562.54,-1
2023-06-18,2023-06-18 11:07:00,298.71,298.71,298.67,298.67,-0.01,206.6,59562.54,-1
2023-06-18,2023-06-18 11:08:00,298.67,298.67,298.63,298.63,-0.01,206.6,59562.54,-1
2023-06-18,2023-06-18 11:09:00,298.63,298.63,298.59,298.59,-0.01,206.6,59562.54,-1
2023-06-18,2023-06-18 11:10:00,298.59,298.59,298.55,298.55,-0.01,206.6,59562.54,-1
2023-06-18,2023-06-18 11:11:00,298.55,298.55,298.5,298.5,-0.02,206.6,59562.54,-1
2023-06-18,2023-06-18 11:12:00,298.5,298.5,298.46,298.46,-0.01,206.6,59562.54,-1
2023-06-18,2023-06-18 11:13:00,298.46,298.46,298.42,298.42,-0.01,206.6,59562.54,-1
2023-06-18,2023-06-18 11:14:00,298.42,298.42,298.38,298.38,-0.01,206.6,59562.54,-1
2023-06-18,2023-06-18 11:15:00,298.38,298.38,298.34,298.34,-0.01,206.6,59562.54,-1
2023-06-18,2023-06-18 11:16:00,298.34,298.34,298.3,298.3,-0.01,206.6,59562.54,-1
2023-06-18,2023-06-18 11:17:00,298.3,298.3,298.26,298.26,-0.01,206.6,59562.54,-1
2023-06-18,2023-06-18 11:18:00,298.26,298.26,298.22,298.22,-0.01,206.6,59562.54,-1
2023-06-18,2023-06-18 11:19:00,298.22,298.22,298.18,298.18,-0.01,206.6,59562.54,-1
2023-06-18,2023-06-18 11:20:00,298.18,298.18,298.13,298.13,-0.02,206.6,59562.54,-1
2023-06-18,2023-06-18 11:21:00,298.13,298.13,298.09,298.09,-0.01,206.6,59562.54,-1
2023-06-18,2023-06-18 11:22:00,298.09,298.09,298.05,298.05,-0.01,206.6,59562.54,-1
2023-06-18,2023-06-18 11:23:00,298.05,298.05,298.01,298.01,-0.01,206.6,59562.54,-1
2023-06-18,2023-06-18 11:24:00,298.01,298.01,297.97,297.97,-0.01,206.6,59562.54,-1
2023-06-18,2023-06-18 11:25:00,297.97,297.97,297.93,297.93,-0.01,206.6,59562.54,-1
2023-06-18,2023-06-18 11:26:00,297.93,297.93,297.89,297.89,-0.01,206.6,59562.54,-1
2023-06-18,2023-06-18 11:27:00,297.89,297.89,297.85,297.85,-0.01,206.6,59562.54,-1
2023-06-18,2023-06-18 11:28:00,297.85,297.85,297.8,297.8,-0.02,206.6,59562.54,-1
2023-06-18,2023-06-18 11:29:00,297.8,297.8,297.76,297.76,-0.01,206.6,59562.54,-1
2023-06-18,2023-06-18 11:30:00,297.76,297.76,297.72,297.72,-0.01,206.6,59562.54,-1
2023-06-18,2023-06-18 11:31:00,297.72,297.72,297.68,297.68,-0.01,206.6,59562.54,-1
2023-06-18,2023-06-18 11:32:00,297.68,297.68,297.64,297.64,-0.01,206.6,59562.54,-1
2023-06-18,2023-06-18 11:33:00,297.64,297.64,297.6,297.6,-0.01,206.6,59562.54,-1
2023-06-18,2023-06-18 11:34:00,297.6,297.6,297.56,297.56,-0.01,206.6,59562.54,-1
2023-06-18,2023-06-18 11:35:00,297.56,297.56,297.51,297.51,-0.02,206.6,59562.54,-1
2023-06-18,2023-06-18 11:36:00,297.51,297.51,297.47,297.47,-0.01,206.6,59562.54,-1
2023-06-18,2023-06-18 11:37:00,297.47,297.47,297.43,297.43,-0.01,206.6,59562.54,-1
2023-06-18,2023-06-18 11:38:00,297.43,297.43,297.39,297.39,-0.01,206.6,59562.54,-1
2023-06-18,2023-06-18 11:39:00,297.39,297.39,297.35,297.35,-0.01,206.6,59562.54,-1
2023-06-18,2023-06-18 11:40:00,297.35,297.35,297.31,297.31,-0.01,206.6,59562.54,-1
2023-06-18,2023-06-18 11:41:00,297.31,297.31,297.27,297.27,-0.01,206.6,59562.54,-1
2023-06-18,2023-06-18 11:42:00,297.27,297.27,297.23,297.23,-0.01,206.6,59562.54,-1
2023-06-18,2023-06-18 11:43:00,297.23,297.23,297.19,297.19,-0.01,206.6,59562.54,-1
2023-06-18,2023-06-18 11:44:00,297.19,297.19,297.14,297.14,-0.02,206.6,59562.54,-1
2023-06-18,2023-06-18 11:45:00,297.14,297.14,297.1,297.1,-0.01,206.6,59562.54,-1
2023-06-18,2023-06-18 11:46:00,297.1,297.1,297.06,297.06,-0.01,206.6,59562.54,-1
2023-06-18,2023-06-18 11:47:00,297.06,297.06,297.02,297.02,-0.01,206.6,59562.54,-1
2023-06-18,2023-06-18 11:48:00,297.02,297.02,296.98,296.98,-0.01,206.6,59562.54,-1
2023-06-18,2023-06-18 11:49:00,296.98,296.98,296.94,296.94,-0.01,206.6,59562.54,-1
2023-06-18,2023-06-18 11:50:00,296.94,296.94,296.9,296.9,-0.01,206.6,59562.54,-1
2023-06-18,2023-06-18 11:51:00,296.9,296.9,296.86,296.86,-0.01,206.6,59562.54,-1
2023-06-18,2023-06-18 11:52:00,296.86,296.86,296.81,296.81,-0.02,206.6,59562.54,-1
2023-06-18,2023-06-18 11:53:00,296.81,296.81,296.77,296.77,-0.01,206.6,59562.54,-1
2023-06-18,2023-06-18 11:54:00,296.77,296.77,296.73,296.73,-0.01,206.6,59562.54,-1
2023-06-18,2023-06-18 11:55:00,296.73,296.73,296.69,296.69,-0.01,206.6,59562.54,-1
2023-06-18,2023-06-18 11:56:00,296.69,296.69,296.65,296.65,-0.01,206.6,59562.54,-1
2023-06-18,2023-06-18 11:57:00,296.65,296.65,296.61,296.61,-0.01,206.6,59562.54,-1
2023-06-18,2023-06-18 11:58:00,296.61,296.61,296.57,296.57,-0.01,206.6,59562.54,-1
2023-06-18,2023-06-18 11:59:00,296.57,296.57,296.52,296.52,-0.02,206.6,59562.54,-1
2023-06-18,2023-06-18 12:00:00,296.52,296.52,296.48,296.48,-0.01,206.6,59562.54,-1
2023-06-18,2023-06-18 12:01:00,296.48,296.48,296.44,296.44,-0.01,206.6,59562.54,-1
2023-06-18,2023-06-18 12:02:00,296.44,296.44,296.4,296.4,-0.01,206.6,59562.54,-1
2023-06-18,2023-06-18 12:03:00,296.4,296.4,296.36,296.36,-0.01,206.6,59562.54,-1
2023-06-18,2023-06-18 12:04:00,296.36,296.36,296.32,296.32,-0.01,206.6,59562.54,-1
2023-06-18,2023-06-18 12:05:00,296.32,296.32,296.28,296.28,-0.01,206.6,59562.54,-1
2023-06-18,2023-06-18 12:06:00,296.28,296.28,296.24,296.24,-0.01,206.6,59562.54,-1
2023-06-18,2023-06-18 12:07:00,296.24,296.24,296.19,296.19,-0.02,206.6,59562.54,-1
2023-06-18,2023-06-18 12:08:00,296.19,296.19,296.15,296.15,-0.01,206.6,59562.54,-1
2023-06-18,2023-06-18 12:09:00,296.15,296.15,296.11,296.11,-0.01,206.6,59562.54,-1
2023-06-18,2023-06-18 12:10:00,296.11,296.11,296.07,296.07,-0.01,206.6,59562.54,-1
2023-06-18,2023-06-18 12:11:00,296.07,296.07,296.03,296.03,-0.01,206.6,59562.54,-1
2023-06-18,2023-06-18 12:12:00,296.03,296.03,295.99,295.99,-0.01,206.6,59562.54,-1
2023-06-18,2023-06-18 12:13:00,295.99,295.99,295.95,295.95,-0.01,206.6,59562.54,-1
2023-06-18,2023-06-18 12:14:00,295.95,295.95,295.91,295.91,-0.01,206.6,59562.54,-1
2023-06-18,2023-06-18 12:15:00,295.91,295.91,295.87,295.87,-0.01,206.6,59562.54,-1
2023-06-18,2023-06-18 12:16:00,295.87,295.87,295.82,295.82,-0.02,206.6,59562.54,-1
2023-06-18,2023-06-18 12:17:00,295.82,295.82,295.78,295.78,-0.01,206.6,59562.54,-1
2023-06-18,2023-06-18 12:18:00,295.78,295.78,295.74,295.74,-0.01,206.6,59562.54,-1
2023-06-18,2023-06-18 12:19:00,295.74,295.74,295.7,295.7,-0.01,206.6,59562.54,-1
2023-06-18,2023-06-18 12:20:00,295.7,295.7,295.66,295.66,-0.01,206.6,59562.54,-1
2023-06-18,2023-06-18 12:21:00,295.66,295.66,295.62,295.62,-0.01,206.6,59562.54,-1
2023-06-18,2023-06-18 12:22:00,295.62,295.62,295.58,295.58,-0.01,206.6,59562.54,-1
2023-06-18,2023-06-18 12:23:00,295.58,295.58,295.54,295.54,-0.01,206.6,59562.54,-1
2023-06-18,2023-06-18 12:24:00,295.54,295.54,295.49,295.49,-0.02,206.6,59562.54,-1
2023-06-18,2023-06-18 12:25:00,295.49,295.49,295.45,295.45,-0.01,206.6,59562.54,-1
2023-06-18,2023-06-18 12:26:00,295.45,295.45,295.41,295.41,-0.01,206.6,59562.54,-1
2023-06-18,2023-06-18 12:27:00,295.41,295.41,295.37,295.37,-0.01,206.6,59562.54,-1
2023-06-18,2023-06-18 12:28:00,295.37,295.37,295.33,295.33,-0.01,206.6,59562.54,-1
2023-06-18,2023-06-18 12:29:00,295.33,295.33,295.29,295.29,-0.01,206.6,59562.54,-1
2023-06-18,2023-06-18 12:30:00,295.29,295.29,295.25,295.25,-0.01,206.6,59562.54,-1
2023-06-18,2023-06-18 12:31:00,295.25,295.25,295.2,295.2,-0.02,206.6,59562.54,-1
2023-06-18,2023-06-18 12:32:00,295.2,295.2,295.16,295.16,-0.01,206.6,59562.54,-1
2023-06-18,2023-06-18 12:33:00,295.16,295.16,295.12,295.12,-0.01,206.6,59562.54,-1
2023-06-18,2023-06-18 12:34:00,295.12,295.12,295.08,295.08,-0.01,206.6,59562.54,-1
2023-06-18,2023-06-18 12:35:00,295.08,295.08,295.04,295.04,-0.01,206.6,59562.54,-1
2023-06-18,2023-06-18 12:36:00,295.04,295.04,295.0,295.0,-0.01,206.6,59562.54,-1
2023-06-18,2023-06-18 12:37:00,295.0,295.0,294.96,294.96,-0.01,206.6,59562.54,-1
2023-06-18,2023-06-18 12:38:00,294.96,294.96,294.92,294.92,-0.01,206.6,59562.54,-1
2023-06-18,2023-06-18 12:39:00,294.92,294.92,294.88,294.88,-0.01,206.6,59562.54,-1
2023-06-18,2023-06-18 12:40:00,294.88,294.88,294.83,294.83,-0.02,206.6,59562.54,-1
2023-06-18,2023-06-18 12:41:00,294.83,294.83,294.79,294.79,-0.01,206.6,59562.54,-1
2023-06-18,2023-06-18 12:42:00,294.79,294.79,294.75,294.75,-0.01,206.6,59562.54,-1
2023-06-18,2023-06-18 12:43:00,294.75,294.75,294.71,294.71,-0.01,206.6,59562.54,-1
2023-06-18,2023-06-18 12:44:00,294.71,294.71,294.67,294.67,-0.01,206.6,59562.54,-1
2023-06-18,2023-06-18 12:45:00,294.67,294.67,294.63,294.63,-0.01,206.6,59562.54,-1
2023-06-18,2023-06-18 12:46:00,294.63,294.63,294.59,294.59,-0.01,206.6,59562.54,-1
2023-06-18,2023-06-18 12:47:00,294.59,294.59,294.55,294.55,-0.01,206.6,59562.54,-1
2023-06-18,2023-06-18 12:48:00,294.55,294.55,294.5,294.5,-0.02,206.6,59562.54,-1
2023-06-18,2023-06-18 12:49:00,294.5,294.5,294.46,294.46,-0.01,206.6,59562.54,-1
2023-06-18,2023-06-18 12:50:00,294.46,294.46,294.42,294.42,-0.01,206.6,59562.54,-1
2023-06-18,2023-06-18 12:51:00,294.42,294.42,294.38,294.38,-0.01,206.6,59562.54,-1
2023-06-18,2023-06-18 12:52:00,294.38,294.38,294.34,294.34,-0.01,206.6,59562.54,-1
2023-06-18,2023-06-18 12:53:00,294.34,294.34,294.3,294.3,-0.01,206.6,59562.54,-1
2023-06-18,2023-06-18 12:54:00,294.3,294.3,294.26,294.26,-0.01,206.6,59562.54,-1
2023-06-18,2023-06-18 12:55:00,294.26,294.26,294.22,294.22,-0.01,206.6,59562.54,-1
2023-06-18,2023-06-18 12:56:00,294.22,294.22,294.17,294.17,-0.02,206.6,59562.54,-1
2023-06-18,2023-06-18 12:57:00,294.17,294.17,294.13,294.13,-0.01,206.6,59562.54,-1
2023-06-18,2023-06-18 12:58:00,294.13,294.13,294.09,294.09,-0.01,206.6,59562.54,-1
2023-06-18,2023-06-18 12:59:00,294.09,294.09,294.05,294.05,-0.01,206.6,59562.54,-1
2023-06-18,2023-06-18 13:00:00,294.05,299.0,277.2,294.01,-0.01,206.6,59562.54,-1
2023-06-18,2023-06-18 13:01:00,294.01,294.01,293.97,293.97,-0.01,206.6,59562.54,-1
2023-06-18,2023-06-18 13:02:00,293.97,293.97,293.93,293.93,-0.01,206.6,59562.54,-1
2023-06-18,2023-06-18 13:03:00,293.93,293.93,293.88,293.88,-0.02,206.6,59562.54,-1
2023-06-18,2023-06-18 13:04:00,293.88,293.88,293.84,293.84,-0.01,206.6,59562.54,-1
2023-06-18,2023-06-18 13:05:00,293.84,293.84,293.8,293.8,-0.01,206.6,59562.54,-1
2023-06-18,2023-06-18 13:06:00,293.8,293.8,293.76,293.76,-0.01,206.6,59562.54,-1
2023-06-18,2023-06-18 13:07:00,293.76,293.76,293.72,293.72,-0.01,206.6,59562.54,-1
2023-06-18,2023-06-18 13:08:00,293.72,293.72,293.68,293.68,-0.01,206.6,59562.54,-1
2023-06-18,2023-06-18 13:09:00,293.68,293.68,293.64,293.64,-0.01,206.6,59562.54,-1
2023-06-18,2023-06-18 13:10:00,293.64,293.64,293.6,293.6,-0.01,206.6,59562.54,-1
2023-06-18,2023-06-18 13:11:00,293.6,293.6,293.56,293.56,-0.01,206.6,59562.54,-1
2023-06-18,2023-06-18 13:12:00,293.56,293.56,293.51,293.51,-0.02,206.6,59562.54,-1
2023-06-18,2023-06-18 13:13:00,293.51,293.51,293.47,293.47,-0.01,206.6,59562.54,-1
2023-06-18,2023-06-18 13:14:00,293.47,293.47,293.43,293.43,-0.01,206.6,59562.54,-1
2023-06-18,2023-06-18 13:15:00,293.43,293.43,293.39,293.39,-0.01,206.6,59562.54,-1
2023-06-18,2023-06-18 13:16:00,293.39,293.39,293.35,293.35,-0.01,206.6,59562.54,-1
2023-06-18,2023-06-18 13:17:00,293.35,293.35,293.31,293.31,-0.01,206.6,59562.54,-1
2023-06-18,2023-06-18 13:18:00,293.31,293.31,293.27,293.27,-0.01,206.6,59562.54,-1
2023-06-18,2023-06-18 13:19:00,293.27,293.27,293.23,293.23,-0.01,206.6,59562.54,-1
2023-06-18,2023-06-18 13:20:00,293.23,293.23,293.18,293.18,-0.02,206.6,59562.54,-1
2023-06-18,2023-06-18 13:21:00,293.18,293.18,293.14,293.14,-0.01,206.6,59562.54,-1
2023-06-18,2023-06-18 13:22:00,293.14,293.14,293.1,293.1,-0.01,206.6,59562.54,-1
2023-06-18,2023-06-18 13:23:00,293.1,293.1,293.06,293.06,-0.01,206.6,59562.54,-1
2023-06-18,2023-06-18 13:24:00,293.06,293.06,293.02,293.02,-0.01,206.6,59562.54,-1
2023-06-18,2023-06-18 13:25:00,293.02,293.02,292.98,292.98,-0.01,206.6,59562.54,-1
2023-06-18,2023-06-18 13:26:00,292.98,292.98,292.94,292.94,-0.01,206.6,59562.54,-1
2023-06-18,2023-06-18 13:27:00,292.94,292.94,292.9,292.9,-0.01,206.6,59562.54,-1
2023-06-18,2023-06-18 13:28:00,292.9,292.9,292.85,292.85,-0.02,206.6,59562.54,-1
2023-06-18,2023-06-18 13:29:00,292.85,292.85,292.81,292.81,-0.01,206.6,59562.54,-1
2023-06-18,2023-06-18 13:30:00,292.81,292.81,292.77,292.77,-0.01,206.6,59562.54,-1
2023-06-18,2023-06-18 13:31:00,292.77,292.77,292.73,292.73,-0.01,206.6,59562.54,-1
2023-06-18,2023-06-18 13:32:00,292.73,292.73,292.69,292.69,-0.01,206.6,59562.54,-1
2023-06-18,2023-06-18 13:33:00,292.69,292.69,292.65,292.65,-0.01,206.6,59562.54,-1
2023-06-18,2023-06-18 13:34:00,292.65,292.65,292.61,292.61,-0.01,206.6,59562.54,-1
2023-06-18,2023-06-18 13:35:00,292.61,292.61,292.56,292.56,-0.02,206.6,59562.54,-1
2023-06-18,2023-06-18 13:36:00,292.56,292.56,292.52,292.52,-0.01,206.6,59562.54,-1
2023-06-18,2023-06-18 13:37:00,292.52,292.52,292.48,292.48,-0.01,206.6,59562.54,-1
2023-06-18,2023-06-18 13:38:00,292.48,292.48,292.44,292.44,-0.01,206.6,59562.54,-1
2023-06-18,2023-06-18 13:39:00,292.44,292.44,292.4,292.4,-0.01,206.6,59562.54,-1
2023-06-18,2023-06-18 13:40:00,292.4,292.4,292.36,292.36,-0.01,206.6,59562.54,-1
2023-06-18,2023-06-18 13:41:00,292.36,292.36,292.32,292.32,-0.01,206.6,59562.54,-1
2023-06-18,2023-06-18 13:42:00,292.32,292.32,292.28,292.28,-0.01,206.6,59562.54,-1
2023-06-18,2023-06-18 13:43:00,292.28,292.28,292.24,292.24,-0.01,206.6,59562.54,-1
2023-06-18,2023-06-18 13:44:00,292.24,292.24,292.19,292.19,-0.02,206.6,59562.54,-1
2023-06-18,2023-06-18 13:45:00,292.19,292.19,292.15,292.15,-0.01,206.6,59562.54,-1
2023-06-18,2023-06-18 13:46:00,292.15,292.15,292.11,292.11,-0.01,206.6,59562.54,-1
2023-06-18,2023-06-18 13:47:00,292.11,292.11,292.07,292.07,-0.01,206.6,59562.54,-1
2023-06-18,2023-06-18 13:48:00,292.07,292.07,292.03,292.03,-0.01,206.6,59562.54,-1
2023-06-18,2023-06-18 13:49:00,292.03,292.03,291.99,291.99,-0.01,206.6,59562.54,-1
2023-06-18,2023-06-18 13:50:00,291.99,291.99,291.95,291.95,-0.01,206.6,59562.54,-1
2023-06-18,2023-06-18 13:51:00,291.95,291.95,291.91,291.91,-0.01,206.6,59562.54,-1
2023-06-18,2023-06-18 13:52:00,291.91,291.91,291.86,291.86,-0.02,206.6,59562.54,-1
2023-06-18,2023-06-18 13:53:00,291.86,291.86,291.82,291.82,-0.01,206.6,59562.54,-1
2023-06-18,2023-06-18 13:54:00,291.82,291.82,291.78,291.78,-0.01,206.6,59562.54,-1
2023-06-18,2023-06-18 13:55:00,291.78,291.78,291.74,291.74,-0.01,206.6,59562.54,-1
2023-06-18,2023-06-18 13:56:00,291.74,291.74,291.7,291.7,-0.01,206.6,59562.54,-1
2023-06-18,2023-06-18 13:57:00,291.7,291.7,291.66,291.66,-0.01,206.6,59562.54,-1
2023-06-18,2023-06-18 13:58:00,291.66,291.66,291.62,291.62,-0.01,206.6,59562.54,-1
2023-06-18,2023-06-18 13:59:00,291.62,291.62,291.58,291.58,-0.01,206.6,59562.54,-1
2023-06-18,2023-06-18 14:00:00,291.58,291.58,291.53,291.53,-0.02,206.6,59562.54,-1
2023-06-18,2023-06-18 14:01:00,291.53,291.53,291.49,291.49,-0.01,206.6,59562.54,-1
2023-06-18,2023-06-18 14:02:00,291.49,291.49,291.45,291.45,-0.01,206.6,59562.54,-1
2023-06-18,2023-06-18 14:03:00,291.45,291.45,291.41,291.41,-0.01,206.6,59562.54,-1
2023-06-18,2023-06-18 14:04:00,291.41,291.41,291.37,291.37,-0.01,206.6,59562.54,-1
2023-06-18,2023-06-18 14:05:00,291.37,291.37,291.33,291.33,-0.01,206.6,59562.54,-1
2023-06-18,2023-06-18 14:06:00,291.33,291.33,291.29,291.29,-0.01,206.6,59562.54,-1
2023-06-18,2023-06-18 14:07:00,291.29,291.29,291.25,291.25,-0.01,206.6,59562.54,-1
2023-06-18,2023-06-18 14:08:00,291.25,291.25,291.2,291.2,-0.02,206.6,59562.54,-1
2023-06-18,2023-06-18 14:09:00,291.2,291.2,291.16,291.16,-0.01,206.6,59562.54,-1
2023-06-18,2023-06-18 14:10:00,291.16,291.16,291.12,291.12,-0.01,206.6,59562.54,-1
2023-06-18,2023-06-18 14:11:00,291.12,291.12,291.08,291.08,-0.01,206.6,59562.54,-1
2023-06-18,2023-06-18 14:12:00,291.08,291.08,291.04,291.04,-0.01,206.6,59562.54,-1
2023-06-18,2023-06-18 14:13:00,291.04,291.04,291.0,291.0,-0.01,206.6,59562.54,-1
2023-06-18,2023-06-18 14:14:00,291.0,291.0,290.96,290.96,-0.01,206.6,59562.54,-1
2023-06-18,2023-06-18 14:15:00,290.96,290.96,290.92,290.92,-0.01,206.6,59562.54,-1
2023-06-18,2023-06-18 14:16:00,290.92,290.92,290.87,290.87,-0.02,206.6,59562.54,-1
2023-06-18,2023-06-18 14:17:00,290.87,290.87,290.83,290.83,-0.01,206.6,59562.54,-1
2023-06-18,2023-06-18 14:18:00,290.83,290.83,290.79,290.79,-0.01,206.6,59562.54,-1
2023-06-18,2023-06-18 14:19:00,290.79,290.79,290.75,290.75,-0.01,206.6,59562.54,-1
2023-06-18,2023-06-18 14:20:00,290.75,290.75,290.71,290.71,-0.01,206.6,59562.54,-1
2023-06-18,2023-06-18 14:21:00,290.71,290.71,290.67,290.67,-0.01,206.6,59562.54,-1
2023-06-18,2023-06-18 14:22:00,290.67,290.67,290.63,290.63,-0.01,206.6,59562.54,-1
2023-06-18,2023-06-18 14:23:00,290.63,290.63,290.59,290.59,-0.01,206.6,59562.54,-1
2023-06-18,2023-06-18 14:24:00,290.59,290.59,290.54,290.54,-0.02,206.6,59562.54,-1
2023-06-18,2023-06-18 14:25:00,290.54,290.54,290.5,290.5,-0.01,206.6,59562.54,-1
2023-06-18,2023-06-18 14:26:00,290.5,290.5,290.46,290.46,-0.01,206.6,59562.54,-1
2023-06-18,2023-06-18 14:27:00,290.46,290.46,290.42,290.42,-0.01,206.6,59562.54,-1
2023-06-18,2023-06-18 14:28:00,290.42,290.42,290.38,290.38,-0.01,206.6,59562.54,-1
2023-06-18,2023-06-18 14:29:00,290.38,290.38,290.34,290.34,-0.01,206.6,59562.54,-1
2023-06-18,2023-06-18 14:30:00,290.34,290.34,290.3,290.3,-0.01,206.6,59562.54,-1
2023-06-18,2023-06-18 14:31:00,290.3,290.3,290.25,290.25,-0.02,206.6,59562.54,-1
2023-06-18,2023-06-18 14:32:00,290.25,290.25,290.21,290.21,-0.01,206.6,59562.54,-1
2023-06-18,2023-06-18 14:33:00,290.21,290.21,290.17,290.17,-0.01,206.6,59562.54,-1
2023-06-18,2023-06-18 14:34:00,290.17,290.17,290.13,290.13,-0.01,206.6,59562.54,-1
2023-06-18,2023-06-18 14:35:00,290.13,290.13,290.09,290.09,-0.01,206.6,59562.54,-1
2023-06-18,2023-06-18 14:36:00,290.09,290.09,290.05,290.05,-0.01,206.6,59562.54,-1
2023-06-18,2023-06-18 14:37:00,290.05,290.05,290.01,290.01,-0.01,206.6,59562.54,-1
2023-06-18,2023-06-18 14:38:00,290.01,290.01,289.97,289.97,-0.01,206.6,59562.54,-1
2023-06-18,2023-06-18 14:39:00,289.97,289.97,289.93,289.93,-0.01,206.6,59562.54,-1
2023-06-18,2023-06-18 14:40:00,289.93,289.93,289.88,289.88,-0.02,206.6,59562.54,-1
2023-06-18,2023-06-18 14:41:00,289.88,289.88,289.84,289.84,-0.01,206.6,59562.54,-1
2023-06-18,2023-06-18 14:42:00,289.84,289.84,289.8,289.8,-0.01,206.6,59562.54,-1
2023-06-18,2023-06-18 14:43:00,289.8,289.8,289.76,289.76,-0.01,206.6,59562.54,-1
2023-06-18,2023-06-18 14:44:00,289.76,289.76,289.72,289.72,-0.01,206.6,59562.54,-1
2023-06-18,2023-06-18 14:45:00,289.72,289.72,289.68,289.68,-0.01,206.6,59562.54,-1
2023-06-18,2023-06-18 14:46:00,289.68,289.68,289.64,289.64,-0.01,206.6,59562.54,-1
2023-06-18,2023-06-18 14:47:00,289.64,289.64,289.6,289.6,-0.01,206.6,59562.54,-1
2023-06-18,2023-06-18 14:48:00,289.6,289.6,289.55,289.55,-0.02,206.6,59562.54,-1
2023-06-18,2023-06-18 14:49:00,289.55,289.55,289.51,289.51,-0.01,206.6,59562.54,-1
2023-06-18,2023-06-18 14:50:00,289.51,289.51,289.47,289.47,-0.01,206.6,59562.54,-1
2023-06-18,2023-06-18 14:51:00,289.47,289.47,289.43,289.43,-0.01,206.6,59562.54,-1
2023-06-18,2023-06-18 14:52:00,289.43,289.43,289.39,289.39,-0.01,206.6,59562.54,-1
2023-06-18,2023-06-18 14:53:00,289.39,289.39,289.35,289.35,-0.01,206.6,59562.54,-1
2023-06-18,2023-06-18 14:54:00,289.35,289.35,289.31,289.31,-0.01,206.6,59562.54,-1
2023-06-18,2023-06-18 14:55:00,289.31,289.31,289.27,289.27,-0.01,206.6,59562.54,-1
2023-06-18,2023-06-18 14:56:00,289.27,289.27,289.22,289.22,-0.02,206.6,59562.54,-1
2023-06-18,2023-06-18 14:57:00,289.22,289.22,289.18,289.18,-0.01,206.6,59562.54,-1
2023-06-18,2023-06-18 14:58:00,289.18,289.18,289.14,289.14,-0.01,206.6,59562.54,-1
2023-06-18,2023-06-18 14:59:00,289.14,289.14,289.1,289.1,-0.01,206.6,59562.54,-1
2023-06-18,2023-06-18 15:00:00,289.1,299.0,277.2,289.1,0.0,206.6,59562.54,0
2023-06-19,2023-06-19 11:00:00,283.5,284.55,281.97,283.5,0.0,74.13,20883.78,0
2023-06-19,2023-06-19 11:01:00,283.5,283.51,283.5,283.51,0.0,74.13,20883.78,1
2023-06-19,2023-06-19 11:02:00,283.51,283.51,283.51,283.51,0.0,74.13,20883.78,0
2023-06-19,2023-06-19 11:03:00,283.51,283.52,283.51,283.52,0.0,74.13,20883.78,1
2023-06-19,2023-06-19 11:04:00,283.52,283.52,283.52,283.52,0.0,74.13,20883.78,0
2023-06-19,2023-06-19 11:05:00,283.52,283.53,283.52,283.53,0.0,74.13,20883.78,1
2023-06-19,2023-06-19 11:06:00,283.53,283.53,283.53,283.53,0.0,74.13,20883.78,0
2023-06-19,2023-06-19 11:07:00,283.53,283.54,283.53,283.54,0.0,74.13,20883.78,1
2023-06-19,2023-06-19 11:08:00,283.54,283.54,283.54,283.54,0.0,74.13,20883.78,0
2023-06-19,2023-06-19 11:09:00,283.54,283.55,283.54,283.55,0.0,74.13,20883.78,1
2023-06-19,2023-06-19 11:10:00,283.55,283.55,283.55,283.55,0.0,74.13,20883.78,0
2023-06-19,2023-06-19 11:11:00,283.55,283.56,283.55,283.56,0.0,74.13,20883.78,1
2023-06-19,2023-06-19 11:12:00,283.56,283.56,283.56,283.56,0.0,74.13,20883.78,0
2023-06-19,2023-06-19 11:13:00,283.56,283.56,283.56,283.56,0.0,74.13,20883.78,0
2023-06-19,2023-06-19 11:14:00,283.56,283.57,283.56,283.57,0.0,74.13,20883.78,1
2023-06-19,2023-06-19 11:15:00,283.57,283.57,283.57,283.57,0.0,74.13,20883.78,0
2023-06-19,2023-06-19 11:16:00,283.57,283.58,283.57,283.58,0.0,74.13,20883.78,1
2023-06-19,2023-06-19 11:17:00,283.58,283.58,283.58,283.58,0.0,74.13,20883.78,0
2023-06-19,2023-06-19 11:18:00,283.58,283.59,283.58,283.59,0.0,74.13,20883.78,1
2023-06-19,2023-06-19 11:19:00,283.59,283.59,283.59,283.59,0.0,74.13,20883.78,0
2023-06-19,2023-06-19 11:20:00,283.59,283.6,283.59,283.6,0.0,74.13,20883.78,1
2023-06-19,2023-06-19 11:21:00,283.6,283.6,283.6,283.6,0.0,74.13,20883.78,0
2023-06-19,2023-06-19 11:22:00,283.6,283.61,283.6,283.61,0.0,74.13,20883.78,1
2023-06-19,2023-06-19 11:23:00,283.61,283.61,283.61,283.61,0.0,74.13,20883.78,0
2023-06-19,2023-06-19 11:24:00,283.61,283.61,283.61,283.61,0.0,74.13,20883.78,0
2023-06-19,2023-06-19 11:25:00,283.61,283.62,283.61,283.62,0.0,74.13,20883.78,1
2023-06-19,2023-06-19 11:26:00,283.62,283.62,283.62,283.62,0.0,74.13,20883.78,0
2023-06-19,2023-06-19 11:27:00,283.62,283.63,283.62,283.63,0.0,74.13,20883.78,1
2023-06-19,2023-06-19 11:28:00,283.63,283.63,283.63,283.63,0.0,74.13,20883.78,0
2023-06-19,2023-06-19 11:29:00,283.63,283.64,283.63,283.64,0.0,74.13,20883.78,1
2023-06-19,2023-06-19 11:30:00,283.64,283.64,283.64,283.64,0.0,74.13,20883.78,0
2023-06-19,2023-06-19 11:31:00,283.64,283.65,283.64,283.65,0.0,74.13,20883.78,1
2023-06-19,2023-06-19 11:32:00,283.65,283.65,283.65,283.65,0.0,74.13,20883.78,0
2023-06-19,2023-06-19 11:33:00,283.65,283.66,283.65,283.66,0.0,74.13,20883.78,1
2023-06-19,2023-06-19 11:34:00,283.66,283.66,283.66,283.66,0.0,74.13,20883.78,0
2023-06-19,2023-06-19 11:35:00,283.66,283.67,283.66,283.67,0.0,74.13,20883.78,1
2023-06-19,2023-06-19 11:36:00,283.67,283.67,283.67,283.67,0.0,74.13,20883.78,0
2023-06-19,2023-06-19 11:37:00,283.67,283.67,283.67,283.67,0.0,74.13,20883.78,0
2023-06-19,2023-06-19 11:38:00,283.67,283.68,283.67,283.68,0.0,74.13,20883.78,1
2023-06-19,2023-06-19 11:39:00,283.68,283.68,283.68,283.68,0.0,74.13,20883.78,0
2023-06-19,2023-06-19 11:40:00,283.68,283.69,283.68,283.69,0.0,74.13,20883.78,1
2023-06-19,2023-06-19 11:41:00,283.69,283.69,283.69,283.69,0.0,74.13,20883.78,0
2023-06-19,2023-06-19 11:42:00,283.69,283.7,283.69,283.7,0.0,74.13,20883.78,1
2023-06-19,2023-06-19 11:43:00,283.7,283.7,283.7,283.7,0.0,74.13,20883.78,0
2023-06-19,2023-06-19 11:44:00,283.7,283.71,283.7,283.71,0.0,74.13,20883.78,1
2023-06-19,2023-06-19 11:45:00,283.71,283.71,283.71,283.71,0.0,74.13,20883.78,0
2023-06-19,2023-06-19 11:46:00,283.71,283.72,283.71,283.72,0.0,74.13,20883.78,1
2023-06-19,2023-06-19 11:47:00,283.72,283.72,283.72,283.72,0.0,74.13,20883.78,0
2023-06-19,2023-06-19 11:48:00,283.72,283.72,283.72,283.72,0.0,74.13,20883.78,0
2023-06-19,2023-06-19 11:49:00,283.72,283.73,283.72,283.73,0.0,74.13,20883.78,1
2023-06-19,2023-06-19 11:50:00,283.73,283.73,283.73,283.73,0.0,74.13,20883.78,0
2023-06-19,2023-06-19 11:51:00,283.73,283.74,283.73,283.74,0.0,74.13,20883.78,1
2023-06-19,2023-06-19 11:52:00,283.74,283.74,283.74,283.74,0.0,74.13,20883.78,0
2023-06-19,2023-06-19 11:53:00,283.74,283.75,283.74,283.75,0.0,74.13,20883.78,1
2023-06-19,2023-06-19 11:54:00,283.75,283.75,283.75,283.75,0.0,74.13,20883.78,0
2023-06-19,2023-06-19 11:55:00,283.75,283.76,283.75,283.76,0.0,74.13,20883.78,1
2023-06-19,2023-06-19 11:56:00,283.76,283.76,283.76,283.76,0.0,74.13,20883.78,0
2023-06-19,2023-06-19 11:57:00,283.76,283.77,283.76,283.77,0.0,74.13,20883.78,1
2023-06-19,2023-06-19 11:58:00,283.77,283.77,283.77,283.77,0.0,74.13,20883.78,0
2023-06-19,2023-06-19 11:59:00,283.77,283.77,283.77,283.77,0.0,74.13,20883.78,0
2023-06-19,2023-06-19 12:00:00,283.77,283.78,283.77,283.78,0.0,74.13,20883.78,1
2023-06-19,2023-06-19 12:01:00,283.78,283.78,283.78,283.78,0.0,74.13,20883.78,0
2023-06-19,2023-06-19 12:02:00,283.78,283.79,283.78,283.79,0.0,74.13,20883.78,1
2023-06-19,2023-06-19 12:03:00,283.79,283.79,283.79,283.79,0.0,74.13,20883.78,0
2023-06-19,2023-06-19 12:04:00,283.79,283.8,283.79,283.8,0.0,74.13,20883.78,1
2023-06-19,2023-06-19 12:05:00,283.8,283.8,283.8,283.8,0.0,74.13,20883.78,0
2023-06-19,2023-06-19 12:06:00,283.8,283.81,283.8,283.81,0.0,74.13,20883.78,1
2023-06-19,2023-06-19 12:07:00,283.81,283.81,283.81,283.81,0.0,74.13,20883.78,0
2023-06-19,2023-06-19 12:08:00,283.81,283.82,283.81,283.82,0.0,74.13,20883.78,1
2023-06-19,2023-06-19 12:09:00,283.82,283.82,283.82,283.82,0.0,74.13,20883.78,0
2023-06-19,2023-06-19 12:10:00,283.82,283.83,283.82,283.83,0.0,74.13,20883.78,1
2023-06-19,2023-06-19 12:11:00,283.83,283.83,283.83,283.83,0.0,74.13,20883.78,0
2023-06-19,2023-06-19 12:12:00,283.83,283.83,283.83,283.83,0.0,74.13,20883.78,0
2023-06-19,2023-06-19 12:13:00,283.83,283.84,283.83,283.84,0.0,74.13,20883.78,1
2023-06-19,2023-06-19 12:14:00,283.84,283.84,283.84,283.84,0.0,74.13,20883.78,0
2023-06-19,2023-06-19 12:15:00,283.84,283.85,283.84,283.85,0.0,74.13,20883.78,1
2023-06-19,2023-06-19 12:16:00,283.85,283.85,283.85,283.85,0.0,74.13,20883.78,0
2023-06-19,2023-06-19 12:17:00,283.85,283.86,283.85,283.86,0.0,74.13,20883.78,1
2023-06-19,2023-06-19 12:18:00,283.86,283.86,283.86,283.86,0.0,74.13,20883.78,0
2023-06-19,2023-06-19 12:19:00,283.86,283.87,283.86,283.87,0.0,74.13,20883.78,1
2023-06-19,2023-06-19 12:20:00,283.87,283.87,283.87,283.87,0.0,74.13,20883.78,0
2023-06-19,2023-06-19 12:21:00,283.87,283.88,283.87,283.88,0.0,74.13,20883.78,1
2023-06-19,2023-06-19 12:22:00,283.88,283.88,283.88,283.88,0.0,74.13,20883.78,0
2023-06-19,2023-06-19 12:23:00,283.88,283.88,283.88,283.88,0.0,74.13,20883.78,0
2023-06-19,2023-06-19 12:24:00,283.88,283.89,283.88,283.89,0.0,74.13,20883.78,1
2023-06-19,2023-06-19 12:25:00,283.89,283.89,283.89,283.89,0.0,74.13,20883.78,0
2023-06-19,2023-06-19 12:26:00,283.89,283.9,283.89,283.9,0.0,74.13,20883.78,1
2023-06-19,2023-06-19 12:27:00,283.9,283.9,283.9,283.9,0.0,74.13,20883.78,0
2023-06-19,2023-06-19 12:28:00,283.9,283.91,283.9,283.91,0.0,74.13,20883.78,1
2023-06-19,2023-06-19 12:29:00,283.91,283.91,283.91,283.91,0.0,74.13,20883.78,0
2023-06-19,2023-06-19 12:30:00,283.91,283.92,283.91,283.92,0.0,74.13,20883.78,1
2023-06-19,2023-06-19 12:31:00,283.92,283.92,283.92,283.92,0.0,74.13,20883.78,0
2023-06-19,2023-06-19 12:32:00,283.92,283.93,283.92,283.93,0.0,74.13,20883.78,1
2023-06-19,2023-06-19 12:33:00,283.93,283.93,283.93,283.93,0.0,74.13,20883.78,0
2023-06-19,2023-06-19 12:34:00,283.93,283.94,283.93,283.94,0.0,74.13,20883.78,1
2023-06-19,2023-06-19 12:35:00,283.94,283.94,283.94,283.94,0.0,74.13,20883.78,0
2023-06-19,2023-06-19 12:36:00,283.94,283.94,283.94,283.94,0.0,74.13,20883.78,0
2023-06-19,2023-06-19 12:37:00,283.94,283.95,283.94,283.95,0.0,74.13,20883.78,1
2023-06-19,2023-06-19 12:38:00,283.95,283.95,283.95,283.95,0.0,74.13,20883.78,0
2023-06-19,2023-06-19 12:39:00,283.95,283.96,283.95,283.96,0.0,74.13,20883.78,1
2023-06-19,2023-06-19 12:40:00,283.96,283.96,283.96,283.96,0.0,74.13,20883.78,0
2023-06-19,2023-06-19 12:41:00,283.96,283.97,283.96,283.97,0.0,74.13,20883.78,1
2023-06-19,2023-06-19 12:42:00,283.97,283.97,283.97,283.97,0.0,74.13,20883.78,0
2023-06-19,2023-06-19 12:43:00,283.97,283.98,283.97,283.98,0.0,74.13,20883.78,1
2023-06-19,2023-06-19 12:44:00,283.98,283.98,283.98,283.98,0.0,74.13,20883.78,0
2023-06-19,2023-06-19 12:45:00,283.98,283.99,283.98,283.99,0.0,74.13,20883.78,1
2023-06-19,2023-06-19 12:46:00,283.99,283.99,283.99,283.99,0.0,74.13,20883.78,0
2023-06-19,2023-06-19 12:47:00,283.99,284.0,283.99,284.0,0.0,74.13,20883.78,1
2023-06-19,2023-06-19 12:48:00,284.0,284.0,284.0,284.0,0.0,74.13,20883.78,0
2023-06-19,2023-06-19 12:49:00,284.0,284.0,284.0,284.0,0.0,74.13,20883.78,0
2023-06-19,2023-06-19 12:50:00,284.0,284.01,284.0,284.01,0.0,74.13,20883.78,1
2023-06-19,2023-06-19 12:51:00,284.01,284.01,284.01,284.01,0.0,74.13,20883.78,0
2023-06-19,2023-06-19 12:52:00,284.01,284.02,284.01,284.02,0.0,74.13,20883.78,1
2023-06-19,2023-06-19 12:53:00,284.02,284.02,284.02,284.02,0.0,74.13,20883.78,0
2023-06-19,2023-06-19 12:54:00,284.02,284.03,284.02,284.03,0.0,74.13,20883.78,1
2023-06-19,2023-06-19 12:55:00,284.03,284.03,284.03,284.03,0.0,74.13,20883.78,0
2023-06-19,2023-06-19 12:56:00,284.03,284.04,284.03,284.04,0.0,74.13,20883.78,1
2023-06-19,2023-06-19 12:57:00,284.04,284.04,284.04,284.04,0.0,74.13,20883.78,0
2023-06-19,2023-06-19 12:58:00,284.04,284.05,284.04,284.05,0.0,74.13,20883.78,1
2023-06-19,2023-06-19 12:59:00,284.05,284.05,284.05,284.05,0.0,74.13,20883.78,0
2023-06-19,2023-06-19 13:00:00,284.05,287.0,278.4,284.05,0.0,74.13,20883.78,0
2023-06-19,2023-06-19 13:01:00,284.05,284.06,284.05,284.06,0.0,74.13,20883.78,1
2023-06-19,2023-06-19 13:02:00,284.06,284.06,284.06,284.06,0.0,74.13,20883.78,0
2023-06-19,2023-06-19 13:03:00,284.06,284.07,284.06,284.07,0.0,74.13,20883.78,1
2023-06-19,2023-06-19 13:04:00,284.07,284.07,284.07,284.07,0.0,74.13,20883.78,0
2023-06-19,2023-06-19 13:05:00,284.07,284.08,284.07,284.08,0.0,74.13,20883.78,1
2023-06-19,2023-06-19 13:06:00,284.08,284.08,284.08,284.08,0.0,74.13,20883.78,0
2023-06-19,2023-06-19 13:07:00,284.08,284.09,284.08,284.09,0.0,74.13,20883.78,1
2023-06-19,2023-06-19 13:08:00,284.09,284.09,284.09,284.09,0.0,74.13,20883.78,0
2023-06-19,2023-06-19 13:09:00,284.09,284.1,284.09,284.1,0.0,74.13,20883.78,1
2023-06-19,2023-06-19 13:10:00,284.1,284.1,284.1,284.1,0.0,74.13,20883.78,0
2023-06-19,2023-06-19 13:11:00,284.1,284.11,284.1,284.11,0.0,74.13,20883.78,1
2023-06-19,2023-06-19 13:12:00,284.11,284.11,284.11,284.11,0.0,74.13,20883.78,0
2023-06-19,2023-06-19 13:13:00,284.11,284.11,284.11,284.11,0.0,74.13,20883.78,0
2023-06-19,2023-06-19 13:14:00,284.11,284.12,284.11,284.12,0.0,74.13,20883.78,1
2023-06-19,2023-06-19 13:15:00,284.12,284.12,284.12,284.12,0.0,74.13,20883.78,0
2023-06-19,2023-06-19 13:16:00,284.12,284.13,284.12,284.13,0.0,74.13,20883.78,1
2023-06-19,2023-06-19 13:17:00,284.13,284.13,284.13,284.13,0.0,74.13,20883.78,0
2023-06-19,2023-06-19 13:18:00,284.13,284.14,284.13,284.14,0.0,74.13,20883.78,1
2023-06-19,2023-06-19 13:19:00,284.14,284.14,284.14,284.14,0.0,74.13,20883.78,0
2023-06-19,2023-06-19 13:20:00,284.14,284.15,284.14,284.15,0.0,74.13,20883.78,1
2023-06-19,2023-06-19 13:21:00,284.15,284.15,284.15,284.15,0.0,74.13,20883.78,0
2023-06-19,2023-06-19 13:22:00,284.15,284.16,284.15,284.16,0.0,74.13,20883.78,1
2023-06-19,2023-06-19 13:23:00,284.16,284.16,284.16,284.16,0.0,74.13,20883.78,0
2023-06-19,2023-06-19 13:24:00,284.16,284.16,284.16,284.16,0.0,74.13,20883.78,0
2023-06-19,2023-06-19 13:25:00,284.16,284.17,284.16,284.17,0.0,74.13,20883.78,1
2023-06-19,2023-06-19 13:26:00,284.17,284.17,284.17,284.17,0.0,74.13,20883.78,0
2023-06-19,2023-06-19 13:27:00,284.17,284.18,284.17,284.18,0.0,74.13,20883.78,1
2023-06-19,2023-06-19 13:28:00,284.18,284.18,284.18,284.18,0.0,74.13,20883.78,0
2023-06-19,2023-06-19 13:29:00,284.18,284.19,284.18,284.19,0.0,74.13,20883.78,1
2023-06-19,2023-06-19 13:30:00,284.19,284.19,284.19,284.19,0.0,74.13,20883.78,0
2023-06-19,2023-06-19 13:31:00,284.19,284.2,284.19,284.2,0.0,74.13,20883.78,1
2023-06-19,2023-06-19 13:32:00,284.2,284.2,284.2,284.2,0.0,74.13,20883.78,0
2023-06-19,2023-06-19 13:33:00,284.2,284.21,284.2,284.21,0.0,74.13,20883.78,1
2023-06-19,2023-06-19 13:34:00,284.21,284.21,284.21,284.21,0.0,74.13,20883.78,0
2023-06-19,2023-06-19 13:35:00,284.21,284.22,284.21,284.22,0.0,74.13,20883.78,1
2023-06-19,2023-06-19 13:36:00,284.22,284.22,284.22,284.22,0.0,74.13,20883.78,0
2023-06-19,2023-06-19 13:37:00,284.22,284.22,284.22,284.22,0.0,74.13,20883.78,0
2023-06-19,2023-06-19 13:38:00,284.22,284.23,284.22,284.23,0.0,74.13,20883.78,1
2023-06-19,2023-06-19 13:39:00,284.23,284.23,284.23,284.23,0.0,74.13,20883.78,0
2023-06-19,2023-06-19 13:40:00,284.23,284.24,284.23,284.24,0.0,74.13,20883.78,1
2023-06-19,2023-06-19 13:41:00,284.24,284.24,284.24,284.24,0.0,74.13,20883.78,0
2023-06-19,2023-06-19 13:42:00,284.24,284.25,284.24,284.25,0.0,74.13,20883.78,1
2023-06-19,2023-06-19 13:43:00,284.25,284.25,284.25,284.25,0.0,74.13,20883.78,0
2023-06-19,2023-06-19 13:44:00,284.25,284.26,284.25,284.26,0.0,74.13,20883.78,1
2023-06-19,2023-06-19 13:45:00,284.26,284.26,284.26,284.26,0.0,74.13,20883.78,0
2023-06-19,2023-06-19 13:46:00,284.26,284.27,284.26,284.27,0.0,74.13,20883.78,1
2023-06-19,2023-06-19 13:47:00,284.27,284.27,284.27,284.27,0.0,74.13,20883.78,0
2023-06-19,2023-06-19 13:48:00,284.27,284.27,284.27,284.27,0.0,74.13,20883.78,0
2023-06-19,2023-06-19 13:49:00,284.27,284.28,284.27,284.28,0.0,74.13,20883.78,1
2023-06-19,2023-06-19 13:50:00,284.28,284.28,284.28,284.28,0.0,74.13,20883.78,0
2023-06-19,2023-06-19 13:51:00,284.28,284.29,284.28,284.29,0.0,74.13,20883.78,1
2023-06-19,2023-06-19 13:52:00,284.29,284.29,284.29,284.29,0.0,74.13,20883.78,0
2023-06-19,2023-06-19 13:53:00,284.29,284.3,284.29,284.3,0.0,74.13,20883.78,1
2023-06-19,2023-06-19 13:54:00,284.3,284.3,284.3,284.3,0.0,74.13,20883.78,0
2023-06-19,2023-06-19 13:55:00,284.3,284.31,284.3,284.31,0.0,74.13,20883.78,1
2023-06-19,2023-06-19 13:56:00,284.31,284.31,284.31,284.31,0.0,74.13,20883.78,0
2023-06-19,2023-06-19 13:57:00,284.31,284.32,284.31,284.32,0.0,74.13,20883.78,1
2023-06-19,2023-06-19 13:58:00,284.32,284.32,284.32,284.32,0.0,74.13,20883.78,0
2023-06-19,2023-06-19 13:59:00,284.32,284.33,284.32,284.33,0.0,74.13,20883.78,1
2023-06-19,2023-06-19 14:00:00,284.33,284.33,284.33,284.33,0.0,74.13,20883.78,0
2023-06-19,2023-06-19 14:01:00,284.33,284.33,284.33,284.33,0.0,74.13,20883.78,0
2023-06-19,2023-06-19 14:02:00,284.33,284.34,284.33,284.34,0.0,74.13,20883.78,1
2023-06-19,2023-06-19 14:03:00,284.34,284.34,284.34,284.34,0.0,74.13,20883.78,0
2023-06-19,2023-06-19 14:04:00,284.34,284.35,284.34,284.35,0.0,74.13,20883.78,1
2023-06-19,2023-06-19 14:05:00,284.35,284.35,284.35,284.35,0.0,74.13,20883.78,0
2023-06-19,2023-06-19 14:06:00,284.35,284.36,284.35,284.36,0.0,74.13,20883.78,1
2023-06-19,2023-06-19 14:07:00,284.36,284.36,284.36,284.36,0.0,74.13,20883.78,0
2023-06-19,2023-06-19 14:08:00,284.36,284.37,284.36,284.37,0.0,74.13,20883.78,1
2023-06-19,2023-06-19 14:09:00,284.37,284.37,284.37,284.37,0.0,74.13,20883.78,0
2023-06-19,2023-06-19 14:10:00,284.37,284.38,284.37,284.38,0.0,74.13,20883.78,1
2023-06-19,2023-06-19 14:11:00,284.38,284.38,284.38,284.38,0.0,74.13,20883.78,0
2023-06-19,2023-06-19 14:12:00,284.38,284.38,284.38,284.38,0.0,74.13,20883.78,0
2023-06-19,2023-06-19 14:13:00,284.38,284.39,284.38,284.39,0.0,74.13,20883.78,1
2023-06-19,2023-06-19 14:14:00,284.39,284.39,284.39,284.39,0.0,74.13,20883.78,0
2023-06-19,2023-06-19 14:15:00,284.39,284.4,284.39,284.4,0.0,74.13,20883.78,1
2023-06-19,2023-06-19 14:16:00,284.4,284.4,284.4,284.4,0.0,74.13,20883.78,0
2023-06-19,2023-06-19 14:17:00,284.4,284.41,284.4,284.41,0.0,74.13,20883.78,1
2023-06-19,2023-06-19 14:18:00,284.41,284.41,284.41,284.41,0.0,74.13,20883.78,0
2023-06-19,2023-06-19 14:19:00,284.41,284.42,284.41,284.42,0.0,74.13,20883.78,1
2023-06-19,2023-06-19 14:20:00,284.42,284.42,284.42,284.42,0.0,74.13,20883.78,0
2023-06-19,2023-06-19 14:21:00,284.42,284.43,284.42,284.43,0.0,74.13,20883.78,1
2023-06-19,2023-06-19 14:22:00,284.43,284.43,284.43,284.43,0.0,74.13,20883.78,0
2023-06-19,2023-06-19 14:23:00,284.43,284.44,284.43,284.44,0.0,74.13,20883.78,1
2023-06-19,2023-06-19 14:24:00,284.44,284.44,284.44,284.44,0.0,74.13,20883.78,0
2023-06-19,2023-06-19 14:25:00,284.44,284.44,284.44,284.44,0.0,74.13,20883.78,0
2023-06-19,2023-06-19 14:26:00,284.44,284.45,284.44,284.45,0.0,74.13,20883.78,1
2023-06-19,2023-06-19 14:27:00,284.45,284.45,284.45,284.45,0.0,74.13,20883.78,0
2023-06-19,2023-06-19 14:28:00,284.45,284.46,284.45,284.46,0.0,74.13,20883.78,1
2023-06-19,2023-06-19 14:29:00,284.46,284.46,284.46,284.46,0.0,74.13,20883.78,0
2023-06-19,2023-06-19 14:30:00,284.46,284.47,284.46,284.47,0.0,74.13,20883.78,1
2023-06-19,2023-06-19 14:31:00,284.47,284.47,284.47,284.47,0.0,74.13,20883.78,0
2023-06-19,2023-06-19 14:32:00,284.47,284.48,284.47,284.48,0.0,74.13,20883.78,1
2023-06-19,2023-06-19 14:33:00,284.48,284.48,284.48,284.48,0.0,74.13,20883.78,0
2023-06-19,2023-06-19 14:34:00,284.48,284.49,284.48,284.49,0.0,74.13,20883.78,1
2023-06-19,2023-06-19 14:35:00,284.49,284.49,284.49,284.49,0.0,74.13,20883.78,0
2023-06-19,2023-06-19 14:36:00,284.49,284.49,284.49,284.49,0.0,74.13,20883.78,0
2023-06-19,2023-06-19 14:37:00,284.49,284.5,284.49,284.5,0.0,74.13,20883.78,1
2023-06-19,2023-06-19 14:38:00,284.5,284.5,284.5,284.5,0.0,74.13,20883.78,0
2023-06-19,2023-06-19 14:39:00,284.5,284.51,284.5,284.51,0.0,74.13,20883.78,1
2023-06-19,2023-06-19 14:40:00,284.51,284.51,284.51,284.51,0.0,74.13,20883.78,0
2023-06-19,2023-06-19 14:41:00,284.51,284.52,284.51,284.52,0.0,74.13,20883.78,1
2023-06-19,2023-06-19 14:42:00,284.52,284.52,284.52,284.52,0.0,74.13,20883.78,0
2023-06-19,2023-06-19 14:43:00,284.52,284.53,284.52,284.53,0.0,74.13,20883.78,1
2023-06-19,2023-06-19 14:44:00,284.53,284.53,284.53,284.53,0.0,74.13,20883.78,0
2023-06-19,2023-06-19 14:45:00,284.53,284.54,284.53,284.54,0.0,74.13,20883.78,1
2023-06-19,2023-06-19 14:46:00,284.54,284.54,284.54,284.54,0.0,74.13,20883.78,0
2023-06-19,2023-06-19 14:47:00,284.54,284.55,284.54,284.55,0.0,74.13,20883.78,1
2023-06-19,2023-06-19 14:48:00,284.55,284.55,284.55,284.55,0.0,74.13,20883.78,0
2023-06-19,2023-06-19 14:49:00,284.55,284.55,284.55,284.55,0.0,74.13,20883.78,0
2023-06-19,2023-06-19 14:50:00,284.55,284.56,284.55,284.56,0.0,74.13,20883.78,1
2023-06-19,2023-06-19 14:51:00,284.56,284.56,284.56,284.56,0.0,74.13,20883.78,0
2023-06-19,2023-06-19 14:52:00,284.56,284.57,284.56,284.57,0.0,74.13,20883.78,1
2023-06-19,2023-06-19 14:53:00,284.57,284.57,284.57,284.57,0.0,74.13,20883.78,0
2023-06-19,2023-06-19 14:54:00,284.57,284.58,284.57,284.58,0.0,74.13,20883.78,1
2023-06-19,2023-06-19 14:55:00,284.58,284.58,284.58,284.58,0.0,74.13,20883.78,0
2023-06-19,2023-06-19 14:56:00,284.58,284.59,284.58,284.59,0.0,74.13,20883.78,1
2023-06-19,2023-06-19 14:57:00,284.59,284.59,284.59,284.59,0.0,74.13,20883.78,0
2023-06-19,2023-06-19 14:58:00,284.59,284.6,284.59,284.6,0.0,74.13,20883.78,1
2023-06-19,2023-06-19 14:59:00,284.6,284.6,284.6,284.6,0.0,74.13,20883.78,0
2023-06-19,2023-06-19 15:00:00,284.6,287.0,278.4,284.6,0.0,74.13,20883.78,0
2023-06-20,2023-06-20 11:00:00,284.0,284.0,281.0,283.98,-0.01,55.8,15465.99,-1
2023-06-20,2023-06-20 11:01:00,283.98,283.98,283.95,283.95,-0.01,55.8,15465.99,-1
2023-06-20,2023-06-20 11:02:00,283.95,283.95,283.93,283.93,-0.01,55.8,15465.99,-1
2023-06-20,2023-06-20 11:03:00,283.93,283.93,283.9,283.9,-0.01,55.8,15465.99,-1
2023-06-20,2023-06-20 11:04:00,283.9,283.9,283.88,283.88,-0.01,55.8,15465.99,-1
2023-06-20,2023-06-20 11:05:00,283.88,283.88,283.85,283.85,-0.01,55.8,15465.99,-1
2023-06-20,2023-06-20 11:06:00,283.85,283.85,283.82,283.82,-0.01,55.8,15465.99,-1
2023-06-20,2023-06-20 11:07:00,283.82,283.82,283.8,283.8,-0.01,55.8,15465.99,-1
2023-06-20,2023-06-20 11:08:00,283.8,283.8,283.77,283.77,-0.01,55.8,15465.99,-1
2023-06-20,2023-06-20 11:09:00,283.77,283.77,283.75,283.75,-0.01,55.8,15465.99,-1
2023-06-20,2023-06-20 11:10:00,283.75,283.75,283.73,283.73,-0.01,55.8,15465.99,-1
2023-06-20,2023-06-20 11:11:00,283.73,283.73,283.7,283.7,-0.01,55.8,15465.99,-1
2023-06-20,2023-06-20 11:12:00,283.7,283.7,283.68,283.68,-0.01,55.8,15465.99,-1
2023-06-20,2023-06-20 11:13:00,283.68,283.68,283.65,283.65,-0.01,55.8,15465.99,-1
2023-06-20,2023-06-20 11:14:00,283.65,283.65,283.62,283.62,-0.01,55.8,15465.99,-1
2023-06-20,2023-06-20 11:15:00,283.62,283.62,283.6,283.6,-0.01,55.8,15465.99,-1
2023-06-20,2023-06-20 11:16:00,283.6,283.6,283.57,283.57,-0.01,55.8,15465.99,-1
2023-06-20,2023-06-20 11:17:00,283.57,283.57,283.55,283.55,-0.01,55.8,15465.99,-1
2023-06-20,2023-06-20 11:18:00,283.55,283.55,283.52,283.52,-0.01,55.8,15465.99,-1
2023-06-20,2023-06-20 11:19:00,283.52,283.52,283.5,283.5,-0.01,55.8,15465.99,-1
2023-06-20,2023-06-20 11:20:00,283.5,283.5,283.48,283.48,-0.01,55.8,15465.99,-1
2023-06-20,2023-06-20 11:21:00,283.48,283.48,283.45,283.45,-0.01,55.8,15465.99,-1
2023-06-20,2023-06-20 11:22:00,283.45,283.45,283.43,283.43,-0.01,55.8,15465.99,-1
2023-06-20,2023-06-20 11:23:00,283.43,283.43,283.4,283.4,-0.01,55.8,15465.99,-1
2023-06-20,2023-06-20 11:24:00,283.4,283.4,283.38,283.38,-0.01,55.8,15465.99,-1
2023-06-20,2023-06-20 11:25:00,283.38,283.38,283.35,283.35,-0.01,55.8,15465.99,-1
2023-06-20,2023-06-20 11:26:00,283.35,283.35,283.32,283.32,-0.01,55.8,15465.99,-1
2023-06-20,2023-06-20 11:27:00,283.32,283.32,283.3,283.3,-0.01,55.8,15465.99,-1
2023-06-20,2023-06-20 11:28:00,283.3,283.3,283.27,283.27,-0.01,55.8,15465.99,-1
2023-06-20,2023-06-20 11:29:00,283.27,283.27,283.25,283.25,-0.01,55.8,15465.99,-1
2023-06-20,2023-06-20 11:30:00,283.25,283.25,283.23,283.23,-0.01,55.8,15465.99,-1
2023-06-20,2023-06-20 11:31:00,283.23,283.23,283.2,283.2,-0.01,55.8,15465.99,-1
2023-06-20,2023-06-20 11:32:00,283.2,283.2,283.18,283.18,-0.01,55.8,15465.99,-1
2023-06-20,2023-06-20 11:33:00,283.18,283.18,283.15,283.15,-0.01,55.8,15465.99,-1
2023-06-20,2023-06-20 11:34:00,283.15,283.15,283.12,283.12,-0.01,55.8,15465.99,-1
2023-06-20,2023-06-20 11:35:00,283.12,283.12,283.1,283.1,-0.01,55.8,15465.99,-1
2023-06-20,2023-06-20 11:36:00,283.1,283.1,283.07,283.07,-0.01,55.8,15465.99,-1
2023-06-20,2023-06-20 11:37:00,283.07,283.07,283.05,283.05,-0.01,55.8,15465.99,-1
2023-06-20,2023-06-20 11:38:00,283.05,283.05,283.02,283.02,-0.01,55.8,15465.99,-1
2023-06-20,2023-06-20 11:39:00,283.02,283.02,283.0,283.0,-0.01,55.8,15465.99,-1
2023-06-20,2023-06-20 11:40:00,283.0,283.0,282.98,282.98,-0.01,55.8,15465.99,-1
2023-06-20,2023-06-20 11:41:00,282.98,282.98,282.95,282.95,-0.01,55.8,15465.99,-1
2023-06-20,2023-06-20 11:42:00,282.95,282.95,282.93,282.93,-0.01,55.8,15465.99,-1
2023-06-20,2023-06-20 11:43:00,282.93,282.93,282.9,282.9,-0.01,55.8,15465.99,-1
2023-06-20,2023-06-20 11:44:00,282.9,282.9,282.88,282.88,-0.01,55.8,15465.99,-1
2023-06-20,2023-06-20 11:45:00,282.88,282.88,282.85,282.85,-0.01,55.8,15465.99,-1
2023-06-20,2023-06-20 11:46:00,282.85,282.85,282.82,282.82,-0.01,55.8,15465.99,-1
2023-06-20,2023-06-20 11:47:00,282.82,282.82,282.8,282.8,-0.01,55.8,15465.99,-1
2023-06-20,2023-06-20 11:48:00,282.8,282.8,282.77,282.77,-0.01,55.8,15465.99,-1
2023-06-20,2023-06-20 11:49:00,282.77,282.77,282.75,282.75,-0.01,55.8,15465.99,-1
2023-06-20,2023-06-20 11:50:00,282.75,282.75,282.73,282.73,-0.01,55.8,15465.99,-1
2023-06-20,2023-06-20 11:51:00,282.73,282.73,282.7,282.7,-0.01,55.8,15465.99,-1
2023-06-20,2023-06-20 11:52:00,282.7,282.7,282.68,282.68,-0.01,55.8,15465.99,-1
2023-06-20,2023-06-20 11:53:00,282.68,282.68,282.65,282.65,-0.01,55.8,15465.99,-1
2023-06-20,2023-06-20 11:54:00,282.65,282.65,282.62,282.62,-0.01,55.8,15465.99,-1
2023-06-20,2023-06-20 11:55:00,282.62,282.62,282.6,282.6,-0.01,55.8,15465.99,-1
2023-06-20,2023-06-20 11:56:00,282.6,282.6,282.57,282.57,-0.01,55.8,15465.99,-1
2023-06-20,2023-06-20 11:57:00,282.57,282.57,282.55,282.55,-0.01,55.8,15465.99,-1
2023-06-20,2023-06-20 11:58:00,282.55,282.55,282.52,282.52,-0.01,55.8,15465.99,-1
2023-06-20,2023-06-20 11:59:00,282.52,282.52,282.5,282.5,-0.01,55.8,15465.99,-1
2023-06-20,2023-06-20 12:00:00,282.5,282.5,282.48,282.48,-0.01,55.8,15465.99,-1
2023-06-20,2023-06-20 12:01:00,282.48,282.48,282.45,282.45,-0.01,55.8,15465.99,-1
2023-06-20,2023-06-20 12:02:00,282.45,282.45,282.43,282.43,-0.01,55.8,15465.99,-1
2023-06-20,2023-06-20 12:03:00,282.43,282.43,282.4,282.4,-0.01,55.8,15465.99,-1
2023-06-20,2023-06-20 12:04:00,282.4,282.4,282.38,282.38,-0.01,55.8,15465.99,-1
2023-06-20,2023-06-20 12:05:00,282.38,282.38,282.35,282.35,-0.01,55.8,15465.99,-1
2023-06-20,2023-06-20 12:06:00,282.35,282.35,282.32,282.32,-0.01,55.8,15465.99,-1
2023-06-20,2023-06-20 12:07:00,282.32,282.32,282.3,282.3,-0.01,55.8,15465.99,-1
2023-06-20,2023-06-20 12:08:00,282.3,282.3,282.27,282.27,-0.01,55.8,15465.99,-1
2023-06-20,2023-06-20 12:09:00,282.27,282.27,282.25,282.25,-0.01,55.8,15465.99,-1
2023-06-20,2023-06-20 12:10:00,282.25,282.25,282.23,282.23,-0.01,55.8,15465.99,-1
2023-06-20,2023-06-20 12:11:00,282.23,282.23,282.2,282.2,-0.01,55.8,15465.99,-1
2023-06-20,2023-06-20 12:12:00,282.2,282.2,282.18,282.18,-0.01,55.8,15465.99,-1
2023-06-20,2023-06-20 12:13:00,282.18,282.18,282.15,282.15,-0.01,55.8,15465.99,-1
2023-06-20,2023-06-20 12:14:00,282.15,282.15,282.12,282.12,-0.01,55.8,15465.99,-1
2023-06-20,2023-06-20 12:15:00,282.12,282.12,282.1,282.1,-0.01,55.8,15465.99,-1
2023-06-20,2023-06-20 12:16:00,282.1,282.1,282.07,282.07,-0.01,55.8,15465.99,-1
2023-06-20,2023-06-20 12:17:00,282.07,282.07,282.05,282.05,-0.01,55.8,15465.99,-1
2023-06-20,2023-06-20 12:18:00,282.05,282.05,282.02,282.02,-0.01,55.8,15465.99,-1
2023-06-20,2023-06-20 12:19:00,282.02,282.02,282.0,282.0,-0.01,55.8,15465.99,-1
2023-06-20,2023-06-20 12:20:00,282.0,282.0,281.98,281.98,-0.01,55.8,15465.99,-1
2023-06-20,2023-06-20 12:21:00,281.98,281.98,281.95,281.95,-0.01,55.8,15465.99,-1
2023-06-20,2023-06-20 12:22:00,281.95,281.95,281.93,281.93,-0.01,55.8,15465.99,-1
2023-06-20,2023-06-20 12:23:00,281.93,281.93,281.9,281.9,-0.01,55.8,15465.99,-1
2023-06-20,2023-06-20 12:24:00,281.9,281.9,281.88,281.88,-0.01,55.8,15465.99,-1
2023-06-20,2023-06-20 12:25:00,281.88,281.88,281.85,281.85,-0.01,55.8,15465.99,-1
2023-06-20,2023-06-20 12:26:00,281.85,281.85,281.82,281.82,-0.01,55.8,15465.99,-1
2023-06-20,2023-06-20 12:27:00,281.82,281.82,281.8,281.8,-0.01,55.8,15465.99,-1
2023-06-20,2023-06-20 12:28:00,281.8,281.8,281.77,281.77,-0.01,55.8,15465.99,-1
2023-06-20,2023-06-20 12:29:00,281.77,281.77,281.75,281.75,-0.01,55.8,15465.99,-1
2023-06-20,2023-06-20 12:30:00,281.75,281.75,281.73,281.73,-0.01,55.8,15465.99,-1
2023-06-20,2023-06-20 12:31:00,281.73,281.73,281.7,281.7,-0.01,55.8,15465.99,-1
2023-06-20,2023-06-20 12:32:00,281.7,281.7,281.68,281.68,-0.01,55.8,15465.99,-1
2023-06-20,2023-06-20 12:33:00,281.68,281.68,281.65,281.65,-0.01,55.8,15465.99,-1
2023-06-20,2023-06-20 12:34:00,281.65,281.65,281.62,281.62,-0.01,55.8,15465.99,-1
2023-06-20,2023-06-20 12:35:00,281.62,281.62,281.6,281.6,-0.01,55.8,15465.99,-1
2023-06-20,2023-06-20 12:36:00,281.6,281.6,281.57,281.57,-0.01,55.8,15465.99,-1
2023-06-20,2023-06-20 12:37:00,281.57,281.57,281.55,281.55,-0.01,55.8,15465.99,-1
2023-06-20,2023-06-20 12:38:00,281.55,281.55,281.52,281.52,-0.01,55.8,15465.99,-1
2023-06-20,2023-06-20 12:39:00,281.52,281.52,281.5,281.5,-0.01,55.8,15465.99,-1
2023-06-20,2023-06-20 12:40:00,281.5,281.5,281.48,281.48,-0.01,55.8,15465.99,-1
2023-06-20,2023-06-20 12:41:00,281.48,281.48,281.45,281.45,-0.01,55.8,15465.99,-1
2023-06-20,2023-06-20 12:42:00,281.45,281.45,281.43,281.43,-0.01,55.8,15465.99,-1
2023-06-20,2023-06-20 12:43:00,281.43,281.43,281.4,281.4,-0.01,55.8,15465.99,-1
2023-06-20,2023-06-20 12:44:00,281.4,281.4,281.38,281.38,-0.01,55.8,15465.99,-1
2023-06-20,2023-06-20 12:45:00,281.38,281.38,281.35,281.35,-0.01,55.8,15465.99,-1
2023-06-20,2023-06-20 12:46:00,281.35,281.35,281.32,281.32,-0.01,55.8,15465.99,-1
2023-06-20,2023-06-20 12:47:00,281.32,281.32,281.3,281.3,-0.01,55.8,15465.99,-1
2023-06-20,2023-06-20 12:48:00,281.3,281.3,281.27,281.27,-0.01,55.8,15465.99,-1
2023-06-20,2023-06-20 12:49:00,281.27,281.27,281.25,281.25,-0.01,55.8,15465.99,-1
2023-06-20,2023-06-20 12:50:00,281.25,281.25,281.23,281.23,-0.01,55.8,15465.99,-1
2023-06-20,2023-06-20 12:51:00,281.23,281.23,281.2,281.2,-0.01,55.8,15465.99,-1
2023-06-20,2023-06-20 12:52:00,281.2,281.2,281.18,281.18,-0.01,55.8,15465.99,-1
2023-06-20,2023-06-20 12:53:00,281.18,281.18,281.15,281.15,-0.01,55.8,15465.99,-1
2023-06-20,2023-06-20 12:54:00,281.15,281.15,281.12,281.12,-0.01,55.8,15465.99,-1
2023-06-20,2023-06-20 12:55:00,281.12,281.12,281.1,281.1,-0.01,55.8,15465.99,-1
2023-06-20,2023-06-20 12:56:00,281.1,281.1,281.07,281.07,-0.01,55.8,15465.99,-1
2023-06-20,2023-06-20 12:57:00,281.07,281.07,281.05,281.05,-0.01,55.8,15465.99,-1
2023-06-20,2023-06-20 12:58:00,281.05,281.05,281.02,281.02,-0.01,55.8,15465.99,-1
2023-06-20,2023-06-20 12:59:00,281.02,281.02,281.0,281.0,-0.01,55.8,15465.99,-1
2023-06-20,2023-06-20 13:00:00,281.0,284.0,274.0,280.98,-0.01,55.8,15465.99,-1
2023-06-20,2023-06-20 13:01:00,280.98,280.98,280.95,280.95,-0.01,55.8,15465.99,-1
2023-06-20,2023-06-20 13:02:00,280.95,280.95,280.93,280.93,-0.01,55.8,15465.99,-1
2023-06-20,2023-06-20 13:03:00,280.93,280.93,280.9,280.9,-0.01,55.8,15465.99,-1
2023-06-20,2023-06-20 13:04:00,280.9,280.9,280.88,280.88,-0.01,55.8,15465.99,-1
2023-06-20,2023-06-20 13:05:00,280.88,280.88,280.85,280.85,-0.01,55.8,15465.99,-1
2023-06-20,2023-06-20 13:06:00,280.85,280.85,280.82,280.82,-0.01,55.8,15465.99,-1
2023-06-20,2023-06-20 13:07:00,280.82,280.82,280.8,280.8,-0.01,55.8,15465.99,-1
2023-06-20,2023-06-20 13:08:00,280.8,280.8,280.77,280.77,-0.01,55.8,15465.99,-1
2023-06-20,2023-06-20 13:09:00,280.77,280.77,280.75,280.75,-0.01,55.8,15465.99,-1
2023-06-20,2023-06-20 13:10:00,280.75,280.75,280.73,280.73,-0.01,55.8,15465.99,-1
2023-06-20,2023-06-20 13:11:00,280.73,280.73,280.7,280.7,-0.01,55.8,15465.99,-1
2023-06-20,2023-06-20 13:12:00,280.7,280.7,280.68,280.68,-0.01,55.8,15465.99,-1
2023-06-20,2023-06-20 13:13:00,280.68,280.68,280.65,280.65,-0.01,55.8,15465.99,-1
2023-06-20,2023-06-20 13:14:00,280.65,280.65,280.62,280.62,-0.01,55.8,15465.99,-1
2023-06-20,2023-06-20 13:15:00,280.62,280.62,280.6,280.6,-0.01,55.8,15465.99,-1
2023-06-20,2023-06-20 13:16:00,280.6,280.6,280.57,280.57,-0.01,55.8,15465.99,-1
2023-06-20,2023-06-20 13:17:00,280.57,280.57,280.55,280.55,-0.01,55.8,15465.99,-1
2023-06-20,2023-06-20 13:18:00,280.55,280.55,280.52,280.52,-0.01,55.8,15465.99,-1
2023-06-20,2023-06-20 13:19:00,280.52,280.52,280.5,280.5,-0.01,55.8,15465.99,-1
2023-06-20,2023-06-20 13:20:00,280.5,280.5,280.48,280.48,-0.01,55.8,15465.99,-1
2023-06-20,2023-06-20 13:21:00,280.48,280.48,280.45,280.45,-0.01,55.8,15465.99,-1
2023-06-20,2023-06-20 13:22:00,280.45,280.45,280.43,280.43,-0.01,55.8,15465.99,-1
2023-06-20,2023-06-20 13:23:00,280.43,280.43,280.4,280.4,-0.01,55.8,15465.99,-1
2023-06-20,2023-06-20 13:24:00,280.4,280.4,280.38,280.38,-0.01,55.8,15465.99,-1
2023-06-20,2023-06-20 13:25:00,280.38,280.38,280.35,280.35,-0.01,55.8,15465.99,-1
2023-06-20,2023-06-20 13:26:00,280.35,280.35,280.32,280.32,-0.01,55.8,15465.99,-1
2023-06-20,2023-06-20 13:27:00,280.32,280.32,280.3,280.3,-0.01,55.8,15465.99,-1
2023-06-20,2023-06-20 13:28:00,280.3,280.3,280.27,280.27,-0.01,55.8,15465.99,-1
2023-06-20,2023-06-20 13:29:00,280.27,280.27,280.25,280.25,-0.01,55.8,15465.99,-1
2023-06-20,2023-06-20 13:30:00,280.25,280.25,280.23,280.23,-0.01,55.8,15465.99,-1
2023-06-20,2023-06-20 13:31:00,280.23,280.23,280.2,280.2,-0.01,55.8,15465.99,-1
2023-06-20,2023-06-20 13:32:00,280.2,280.2,280.18,280.18,-0.01,55.8,15465.99,-1
2023-06-20,2023-06-20 13:33:00,280.18,280.18,280.15,280.15,-0.01,55.8,15465.99,-1
2023-06-20,2023-06-20 13:34:00,280.15,280.15,280.12,280.12,-0.01,55.8,15465.99,-1
2023-06-20,2023-06-20 13:35:00,280.12,280.12,280.1,280.1,-0.01,55.8,15465.99,-1
2023-06-20,2023-06-20 13:36:00,280.1,280.1,280.07,280.07,-0.01,55.8,15465.99,-1
2023-06-20,2023-06-20 13:37:00,280.07,280.07,280.05,280.05,-0.01,55.8,15465.99,-1
2023-06-20,2023-06-20 13:38:00,280.05,280.05,280.02,280.02,-0.01,55.8,15465.99,-1
2023-06-20,2023-06-20 13:39:00,280.02,280.02,280.0,280.0,-0.01,55.8,15465.99,-1
2023-06-20,2023-06-20 13:40:00,280.0,280.0,279.98,279.98,-0.01,55.8,15465.99,-1
2023-06-20,2023-06-20 13:41:00,279.98,279.98,279.95,279.95,-0.01,55.8,15465.99,-1
2023-06-20,2023-06-20 13:42:00,279.95,279.95,279.93,279.93,-0.01,55.8,15465.99,-1
2023-06-20,2023-06-20 13:43:00,279.93,279.93,279.9,279.9,-0.01,55.8,15465.99,-1
2023-06-20,2023-06-20 13:44:00,279.9,279.9,279.88,279.88,-0.01,55.8,15465.99,-1
2023-06-20,2023-06-20 13:45:00,279.88,279.88,279.85,279.85,-0.01,55.8,15465.99,-1
2023-06-20,2023-06-20 13:46:00,279.85,279.85,279.82,279.82,-0.01,55.8,15465.99,-1
2023-06-20,2023-06-20 13:47:00,279.82,279.82,279.8,279.8,-0.01,55.8,15465.99,-1
2023-06-20,2023-06-20 13:48:00,279.8,279.8,279.77,279.77,-0.01,55.8,15465.99,-1
2023-06-20,2023-06-20 13:49:00,279.77,279.77,279.75,279.75,-0.01,55.8,15465.99,-1
2023-06-20,2023-06-20 13:50:00,279.75,279.75,279.73,279.73,-0.01,55.8,15465.99,-1
2023-06-20,2023-06-20 13:51:00,279.73,279.73,279.7,279.7,-0.01,55.8,15465.99,-1
2023-06-20,2023-06-20 13:52:00,279.7,279.7,279.68,279.68,-0.01,55.8,15465.99,-1
2023-06-20,2023-06-20 13:53:00,279.68,279.68,279.65,279.65,-0.01,55.8,15465.99,-1
2023-06-20,2023-06-20 13:54:00,279.65,279.65,279.62,279.62,-0.01,55.8,15465.99,-1
2023-06-20,2023-06-20 13:55:00,279.62,279.62,279.6,279.6,-0.01,55.8,15465.99,-1
2023-06-20,2023-06-20 13:56:00,279.6,279.6,279.57,279.57,-0.01,55.8,15465.99,-1
2023-06-20,2023-06-20 13:57:00,279.57,279.57,279.55,279.55,-0.01,55.8,15465.99,-1
2023-06-20,2023-06-20 13:58:00,279.55,279.55,279.52,279.52,-0.01,55.8,15465.99,-1
2023-06-20,2023-06-20 13:59:00,279.52,279.52,279.5,279.5,-0.01,55.8,15465.99,-1
2023-06-20,2023-06-20 14:00:00,279.5,279.5,279.48,279.48,-0.01,55.8,15465.99,-1
2023-06-20,2023-06-20 14:01:00,279.48,279.48,279.45,279.45,-0.01,55.8,15465.99,-1
2023-06-20,2023-06-20 14:02:00,279.45,279.45,279.43,279.43,-0.01,55.8,15465.99,-1
2023-06-20,2023-06-20 14:03:00,279.43,279.43,279.4,279.4,-0.01,55.8,15465.99,-1
2023-06-20,2023-06-20 14:04:00,279.4,279.4,279.38,279.38,-0.01,55.8,15465.99,-1
2023-06-20,2023-06-20 14:05:00,279.38,279.38,279.35,279.35,-0.01,55.8,15465.99,-1
2023-06-20,2023-06-20 14:06:00,279.35,279.35,279.32,279.32,-0.01,55.8,15465.99,-1
2023-06-20,2023-06-20 14:07:00,279.32,279.32,279.3,279.3,-0.01,55.8,15465.99,-1
2023-06-20,2023-06-20 14:08:00,279.3,279.3,279.27,279.27,-0.01,55.8,15465.99,-1
2023-06-20,2023-06-20 14:09:00,279.27,279.27,279.25,279.25,-0.01,55.8,15465.99,-1
2023-06-20,2023-06-20 14:10:00,279.25,279.25,279.23,279.23,-0.01,55.8,15465.99,-1
2023-06-20,2023-06-20 14:11:00,279.23,279.23,279.2,279.2,-0.01,55.8,15465.99,-1
2023-06-20,2023-06-20 14:12:00,279.2,279.2,279.18,279.18,-0.01,55.8,15465.99,-1
2023-06-20,2023-06-20 14:13:00,279.18,279.18,279.15,279.15,-0.01,55.8,15465.99,-1
2023-06-20,2023-06-20 14:14:00,279.15,279.15,279.12,279.12,-0.01,55.8,15465.99,-1
2023-06-20,2023-06-20 14:15:00,279.12,279.12,279.1,279.1,-0.01,55.8,15465.99,-1
2023-06-20,2023-06-20 14:16:00,279.1,279.1,279.07,279.07,-0.01,55.8,15465.99,-1
2023-06-20,2023-06-20 14:17:00,279.07,279.07,279.05,279.05,-0.01,55.8,15465.99,-1
2023-06-20,2023-06-20 14:18:00,279.05,279.05,279.02,279.02,-0.01,55.8,15465.99,-1
2023-06-20,2023-06-20 14:19:00,279.02,279.02,279.0,279.0,-0.01,55.8,15465.99,-1
2023-06-20,2023-06-20 14:20:00,279.0,279.0,278.98,278.98,-0.01,55.8,15465.99,-1
2023-06-20,2023-06-20 14:21:00,278.98,278.98,278.95,278.95,-0.01,55.8,15465.99,-1
2023-06-20,2023-06-20 14:22:00,278.95,278.95,278.93,278.93,-0.01,55.8,15465.99,-1
2023-06-20,2023-06-20 14:23:00,278.93,278.93,278.9,278.9,-0.01,55.8,15465.99,-1
2023-06-20,2023-06-20 14:24:00,278.9,278.9,278.88,278.88,-0.01,55.8,15465.99,-1
2023-06-20,2023-06-20 14:25:00,278.88,278.88,278.85,278.85,-0.01,55.8,15465.99,-1
2023-06-20,2023-06-20 14:26:00,278.85,278.85,278.82,278.82,-0.01,55.8,15465.99,-1
2023-06-20,2023-06-20 14:27:00,278.82,278.82,278.8,278.8,-0.01,55.8,15465.99,-1
2023-06-20,2023-06-20 14:28:00,278.8,278.8,278.77,278.77,-0.01,55.8,15465.99,-1
2023-06-20,2023-06-20 14:29:00,278.77,278.77,278.75,278.75,-0.01,55.8,15465.99,-1
2023-06-20,2023-06-20 14:30:00,278.75,278.75,278.73,278.73,-0.01,55.8,15465.99,-1
2023-06-20,2023-06-20 14:31:00,278.73,278.73,278.7,278.7,-0.01,55.8,15465.99,-1
2023-06-20,2023-06-20 14:32:00,278.7,278.7,278.68,278.68,-0.01,55.8,15465.99,-1
2023-06-20,2023-06-20 14:33:00,278.68,278.68,278.65,278.65,-0.01,55.8,15465.99,-1
2023-06-20,2023-06-20 14:34:00,278.65,278.65,278.62,278.62,-0.01,55.8,15465.99,-1
2023-06-20,2023-06-20 14:35:00,278.62,278.62,278.6,278.6,-0.01,55.8,15465.99,-1
2023-06-20,2023-06-20 14:36:00,278.6,278.6,278.57,278.57,-0.01,55.8,15465.99,-1
2023-06-20,2023-06-20 14:37:00,278.57,278.57,278.55,278.55,-0.01,55.8,15465.99,-1
2023-06-20,2023-06-20 14:38:00,278.55,278.55,278.52,278.52,-0.01,55.8,15465.99,-1
2023-06-20,2023-06-20 14:39:00,278.52,278.52,278.5,278.5,-0.01,55.8,15465.99,-1
2023-06-20,2023-06-20 14:40:00,278.5,278.5,278.48,278.48,-0.01,55.8,15465.99,-1
2023-06-20,2023-06-20 14:41:00,278.48,278.48,278.45,278.45,-0.01,55.8,15465.99,-1
2023-06-20,2023-06-20 14:42:00,278.45,278.45,278.43,278.43,-0.01,55.8,15465.99,-1
2023-06-20,2023-06-20 14:43:00,278.43,278.43,278.4,278.4,-0.01,55.8,15465.99,-1
2023-06-20,2023-06-20 14:44:00,278.4,278.4,278.38,278.38,-0.01,55.8,15465.99,-1
2023-06-20,2023-06-20 14:45:00,278.38,278.38,278.35,278.35,-0.01,55.8,15465.99,-1
2023-06-20,2023-06-20 14:46:00,278.35,278.35,278.32,278.32,-0.01,55.8,15465.99,-1
2023-06-20,2023-06-20 14:47:00,278.32,278.32,278.3,278.3,-0.01,55.8,15465.99,-1
2023-06-20,2023-06-20 14:48:00,278.3,278.3,278.27,278.27,-0.01,55.8,15465.99,-1
2023-06-20,2023-06-20 14:49:00,278.27,278.27,278.25,278.25,-0.01,55.8,15465.99,-1
2023-06-20,2023-06-20 14:50:00,278.25,278.25,278.23,278.23,-0.01,55.8,15465.99,-1
2023-06-20,2023-06-20 14:51:00,278.23,278.23,278.2,278.2,-0.01,55.8,15465.99,-1
2023-06-20,2023-06-20 14:52:00,278.2,278.2,278.18,278.18,-0.01,55.8,15465.99,-1
2023-06-20,2023-06-20 14:53:00,278.18,278.18,278.15,278.15,-0.01,55.8,15465.99,-1
2023-06-20,2023-06-20 14:54:00,278.15,278.15,278.12,278.12,-0.01,55.8,15465.99,-1
2023-06-20,2023-06-20 14:55:00,278.12,278.12,278.1,278.1,-0.01,55.8,15465.99,-1
2023-06-20,2023-06-20 14:56:00,278.1,278.1,278.07,278.07,-0.01,55.8,15465.99,-1
2023-06-20,2023-06-20 14:57:00,278.07,278.07,278.05,278.05,-0.01,55.8,15465.99,-1
2023-06-20,2023-06-20 14:58:00,278.05,278.05,278.02,278.02,-0.01,55.8,15465.99,-1
2023-06-20,2023-06-20 14:59:00,278.02,278.02,278.0,278.0,-0.01,55.8,15465.99,-1
2023-06-20,2023-06-20 15:00:00,278.0,284.0,274.0,278.0,0.0,55.8,15465.99,0
2023-06-21,2023-06-21 11:00:00,272.5,273.55,270.94,272.49,-0.0,61.34,16603.07,-1
2023-06-21,2023-06-21 11:01:00,272.49,272.49,272.49,272.49,0.0,61.34,16603.07,0
2023-06-21,2023-06-21 11:02:00,272.49,272.49,272.48,272.48,-0.0,61.34,16603.07,-1
2023-06-21,2023-06-21 11:03:00,272.48,272.48,272.48,272.48,0.0,61.34,16603.07,0
2023-06-21,2023-06-21 11:04:00,272.48,272.48,272.47,272.47,-0.0,61.34,16603.07,-1
2023-06-21,2023-06-21 11:05:00,272.47,272.47,272.46,272.46,-0.0,61.34,16603.07,-1
2023-06-21,2023-06-21 11:06:00,272.46,272.46,272.46,272.46,0.0,61.34,16603.07,0
2023-06-21,2023-06-21 11:07:00,272.46,272.46,272.45,272.45,-0.0,61.34,16603.07,-1
2023-06-21,2023-06-21 11:08:00,272.45,272.45,272.44,272.44,-0.0,61.34,16603.07,-1
2023-06-21,2023-06-21 11:09:00,272.44,272.44,272.44,272.44,0.0,61.34,16603.07,0
2023-06-21,2023-06-21 11:10:00,272.44,272.44,272.43,272.43,-0.0,61.34,16603.07,-1
2023-06-21,2023-06-21 11:11:00,272.43,272.43,272.43,272.43,0.0,61.34,16603.07,0
2023-06-21,2023-06-21 11:12:00,272.43,272.43,272.42,272.42,-0.0,61.34,16603.07,-1
2023-06-21,2023-06-21 11:13:00,272.42,272.42,272.41,272.41,-0.0,61.34,16603.07,-1
2023-06-21,2023-06-21 11:14:00,272.41,272.41,272.41,272.41,0.0,61.34,16603.07,0
2023-06-21,2023-06-21 11:15:00,272.41,272.41,272.4,272.4,-0.0,61.34,16603.07,-1
2023-06-21,2023-06-21 11:16:00,272.4,272.4,272.39,272.39,-0.0,61.34,16603.07,-1
2023-06-21,2023-06-21 11:17:00,272.39,272.39,272.39,272.39,0.0,61.34,16603.07,0
2023-06-21,2023-06-21 11:18:00,272.39,272.39,272.38,272.38,-0.0,61.34,16603.07,-1
2023-06-21,2023-06-21 11:19:00,272.38,272.38,272.38,272.38,0.0,61.34,16603.07,0
2023-06-21,2023-06-21 11:20:00,272.38,272.38,272.37,272.37,-0.0,61.34,16603.07,-1
2023-06-21,2023-06-21 11:21:00,272.37,272.37,272.36,272.36,-0.0,61.34,16603.07,-1
2023-06-21,2023-06-21 11:22:00,272.36,272.36,272.36,272.36,0.0,61.34,16603.07,0
2023-06-21,2023-06-21 11:23:00,272.36,272.36,272.35,272.35,-0.0,61.34,16603.07,-1
2023-06-21,2023-06-21 11:24:00,272.35,272.35,272.34,272.34,-0.0,61.34,16603.07,-1
2023-06-21,2023-06-21 11:25:00,272.34,272.34,272.34,272.34,0.0,61.34,16603.07,0
2023-06-21,2023-06-21 11:26:00,272.34,272.34,272.33,272.33,-0.0,61.34,16603.07,-1
2023-06-21,2023-06-21 11:27:00,272.33,272.33,272.32,272.32,-0.0,61.34,16603.07,-1
2023-06-21,2023-06-21 11:28:00,272.32,272.32,272.32,272.32,0.0,61.34,16603.07,0
2023-06-21,2023-06-21 11:29:00,272.32,272.32,272.31,272.31,-0.0,61.34,16603.07,-1
2023-06-21,2023-06-21 11:30:00,272.31,272.31,272.31,272.31,0.0,61.34,16603.07,0
2023-06-21,2023-06-21 11:31:00,272.31,272.31,272.3,272.3,-0.0,61.34,16603.07,-1
2023-06-21,2023-06-21 11:32:00,272.3,272.3,272.29,272.29,-0.0,61.34,16603.07,-1
2023-06-21,2023-06-21 11:33:00,272.29,272.29,272.29,272.29,0.0,61.34,16603.07,0
2023-06-21,2023-06-21 11:34:00,272.29,272.29,272.28,272.28,-0.0,61.34,16603.07,-1
2023-06-21,2023-06-21 11:35:00,272.28,272.28,272.27,272.27,-0.0,61.34,16603.07,-1
2023-06-21,2023-06-21 11:36:00,272.27,272.27,272.27,272.27,0.0,61.34,16603.07,0
2023-06-21,2023-06-21 11:37:00,272.27,272.27,272.26,272.26,-0.0,61.34,16603.07,-1
2023-06-21,2023-06-21 11:38:00,272.26,272.26,272.26,272.26,0.0,61.34,16603.07,0
2023-06-21,2023-06-21 11:39:00,272.26,272.26,272.25,272.25,-0.0,61.34,16603.07,-1
2023-06-21,2023-06-21 11:40:00,272.25,272.25,272.24,272.24,-0.0,61.34,16603.07,-1
2023-06-21,2023-06-21 11:41:00,272.24,272.24,272.24,272.24,0.0,61.34,16603.07,0
2023-06-21,2023-06-21 11:42:00,272.24,272.24,272.23,272.23,-0.0,61.34,16603.07,-1
2023-06-21,2023-06-21 11:43:00,272.23,272.23,272.23,272.23,0.0,61.34,16603.07,0
2023-06-21,2023-06-21 11:44:00,272.23,272.23,272.22,272.22,-0.0,61.34,16603.07,-1
2023-06-21,2023-06-21 11:45:00,272.22,272.22,272.21,272.21,-0.0,61.34,16603.07,-1
2023-06-21,2023-06-21 11:46:00,272.21,272.21,272.21,272.21,0.0,61.34,16603.07,0
2023-06-21,2023-06-21 11:47:00,272.21,272.21,272.2,272.2,-0.0,61.34,16603.07,-1
2023-06-21,2023-06-21 11:48:00,272.2,272.2,272.19,272.19,-0.0,61.34,16603.07,-1
2023-06-21,2023-06-21 11:49:00,272.19,272.19,272.19,272.19,0.0,61.34,16603.07,0
2023-06-21,2023-06-21 11:50:00,272.19,272.19,272.18,272.18,-0.0,61.34,16603.07,-1
2023-06-21,2023-06-21 11:51:00,272.18,272.18,272.18,272.18,0.0,61.34,16603.07,0
2023-06-21,2023-06-21 11:52:00,272.18,272.18,272.17,272.17,-0.0,61.34,16603.07,-1
2023-06-21,2023-06-21 11:53:00,272.17,272.17,272.16,272.16,-0.0,61.34,16603.07,-1
2023-06-21,2023-06-21 11:54:00,272.16,272.16,272.16,272.16,0.0,61.34,16603.07,0
2023-06-21,2023-06-21 11:55:00,272.16,272.16,272.15,272.15,-0.0,61.34,16603.07,-1
2023-06-21,2023-06-21 11:56:00,272.15,272.15,272.14,272.14,-0.0,61.34,16603.07,-1
2023-06-21,2023-06-21 11:57:00,272.14,272.14,272.14,272.14,0.0,61.34,16603.07,0
2023-06-21,2023-06-21 11:58:00,272.14,272.14,272.13,272.13,-0.0,61.34,16603.07,-1
2023-06-21,2023-06-21 11:59:00,272.13,272.13,272.12,272.12,-0.0,61.34,16603.07,-1
2023-06-21,2023-06-21 12:00:00,272.12,272.12,272.12,272.12,0.0,61.34,16603.07,0
2023-06-21,2023-06-21 12:01:00,272.12,272.12,272.11,272.11,-0.0,61.34,16603.07,-1
2023-06-21,2023-06-21 12:02:00,272.11,272.11,272.11,272.11,0.0,61.34,16603.07,0
2023-06-21,2023-06-21 12:03:00,272.11,272.11,272.1,272.1,-0.0,61.34,16603.07,-1
2023-06-21,2023-06-21 12:04:00,272.1,272.1,272.09,272.09,-0.0,61.34,16603.07,-1
2023-06-21,2023-06-21 12:05:00,272.09,272.09,272.09,272.09,0.0,61.34,16603.07,0
2023-06-21,2023-06-21 12:06:00,272.09,272.09,272.08,272.08,-0.0,61.34,16603.07,-1
2023-06-21,2023-06-21 12:07:00,272.08,272.08,272.07,272.07,-0.0,61.34,16603.07,-1
2023-06-21,2023-06-21 12:08:00,272.07,272.07,272.07,272.07,0.0,61.34,16603.07,0
2023-06-21,2023-06-21 12:09:00,272.07,272.07,272.06,272.06,-0.0,61.34,16603.07,-1
2023-06-21,2023-06-21 12:10:00,272.06,272.06,272.06,272.06,0.0,61.34,16603.07,0
2023-06-21,2023-06-21 12:11:00,272.06,272.06,272.05,272.05,-0.0,61.34,16603.07,-1
2023-06-21,2023-06-21 12:12:00,272.05,272.05,272.04,272.04,-0.0,61.34,16603.07,-1
2023-06-21,2023-06-21 12:13:00,272.04,272.04,272.04,272.04,0.0,61.34,16603.07,0
2023-06-21,2023-06-21 12:14:00,272.04,272.04,272.03,272.03,-0.0,61.34,16603.07,-1
2023-06-21,2023-06-21 12:15:00,272.03,272.03,272.02,272.02,-0.0,61.34,16603.07,-1
2023-06-21,2023-06-21 12:16:00,272.02,272.02,272.02,272.02,0.0,61.34,16603.07,0
2023-06-21,2023-06-21 12:17:00,272.02,272.02,272.01,272.01,-0.0,61.34,16603.07,-1
2023-06-21,2023-06-21 12:18:00,272.01,272.01,272.01,272.01,0.0,61.34,16603.07,0
2023-06-21,2023-06-21 12:19:00,272.01,272.01,272.0,272.0,-0.0,61.34,16603.07,-1
2023-06-21,2023-06-21 12:20:00,272.0,272.0,271.99,271.99,-0.0,61.34,16603.07,-1
2023-06-21,2023-06-21 12:21:00,271.99,271.99,271.99,271.99,0.0,61.34,16603.07,0
2023-06-21,2023-06-21 12:22:00,271.99,271.99,271.98,271.98,-0.0,61.34,16603.07,-1
2023-06-21,2023-06-21 12:23:00,271.98,271.98,271.98,271.98,0.0,61.34,16603.07,0
2023-06-21,2023-06-21 12:24:00,271.98,271.98,271.97,271.97,-0.0,61.34,16603.07,-1
2023-06-21,2023-06-21 12:25:00,271.97,271.97,271.96,271.96,-0.0,61.34,16603.07,-1
2023-06-21,2023-06-21 12:26:00,271.96,271.96,271.96,271.96,0.0,61.34,16603.07,0
2023-06-21,2023-06-21 12:27:00,271.96,271.96,271.95,271.95,-0.0,61.34,16603.07,-1
2023-06-21,2023-06-21 12:28:00,271.95,271.95,271.94,271.94,-0.0,61.34,16603.07,-1
2023-06-21,2023-06-21 12:29:00,271.94,271.94,271.94,271.94,0.0,61.34,16603.07,0
2023-06-21,2023-06-21 12:30:00,271.94,271.94,271.93,271.93,-0.0,61.34,16603.07,-1
2023-06-21,2023-06-21 12:31:00,271.93,271.93,271.93,271.93,0.0,61.34,16603.07,0
2023-06-21,2023-06-21 12:32:00,271.93,271.93,271.92,271.92,-0.0,61.34,16603.07,-1
2023-06-21,2023-06-21 12:33:00,271.92,271.92,271.91,271.91,-0.0,61.34,16603.07,-1
2023-06-21,2023-06-21 12:34:00,271.91,271.91,271.91,271.91,0.0,61.34,16603.07,0
2023-06-21,2023-06-21 12:35:00,271.91,271.91,271.9,271.9,-0.0,61.34,16603.07,-1
2023-06-21,2023-06-21 12:36:00,271.9,271.9,271.89,271.89,-0.0,61.34,16603.07,-1
2023-06-21,2023-06-21 12:37:00,271.89,271.89,271.89,271.89,0.0,61.34,16603.07,0
2023-06-21,2023-06-21 12:38:00,271.89,271.89,271.88,271.88,-0.0,61.34,16603.07,-1
2023-06-21,2023-06-21 12:39:00,271.88,271.88,271.88,271.88,0.0,61.34,16603.07,0
2023-06-21,2023-06-21 12:40:00,271.88,271.88,271.87,271.87,-0.0,61.34,16603.07,-1
2023-06-21,2023-06-21 12:41:00,271.87,271.87,271.86,271.86,-0.0,61.34,16603.07,-1
2023-06-21,2023-06-21 12:42:00,271.86,271.86,271.86,271.86,0.0,61.34,16603.07,0
2023-06-21,2023-06-21 12:43:00,271.86,271.86,271.85,271.85,-0.0,61.34,16603.07,-1
2023-06-21,2023-06-21 12:44:00,271.85,271.85,271.84,271.84,-0.0,61.34,16603.07,-1
2023-06-21,2023-06-21 12:45:00,271.84,271.84,271.84,271.84,0.0,61.34,16603.07,0
2023-06-21,2023-06-21 12:46:00,271.84,271.84,271.83,271.83,-0.0,61.34,16603.07,-1
2023-06-21,2023-06-21 12:47:00,271.83,271.83,271.82,271.82,-0.0,61.34,16603.07,-1
2023-06-21,2023-06-21 12:48:00,271.82,271.82,271.82,271.82,0.0,61.34,16603.07,0
2023-06-21,2023-06-21 12:49:00,271.82,271.82,271.81,271.81,-0.0,61.34,16603.07,-1
2023-06-21,2023-06-21 12:50:00,271.81,271.81,271.81,271.81,0.0,61.34,16603.07,0
2023-06-21,2023-06-21 12:51:00,271.81,271.81,271.8,271.8,-0.0,61.34,16603.07,-1
2023-06-21,2023-06-21 12:52:00,271.8,271.8,271.79,271.79,-0.0,61.34,16603.07,-1
2023-06-21,2023-06-21 12:53:00,271.79,271.79,271.79,271.79,0.0,61.34,16603.07,0
2023-06-21,2023-06-21 12:54:00,271.79,271.79,271.78,271.78,-0.0,61.34,16603.07,-1
2023-06-21,2023-06-21 12:55:00,271.78,271.78,271.77,271.77,-0.0,61.34,16603.07,-1
2023-06-21,2023-06-21 12:56:00,271.77,271.77,271.77,271.77,0.0,61.34,16603.07,0
2023-06-21,2023-06-21 12:57:00,271.77,271.77,271.76,271.76,-0.0,61.34,16603.07,-1
2023-06-21,2023-06-21 12:58:00,271.76,271.76,271.76,271.76,0.0,61.34,16603.07,0
2023-06-21,2023-06-21 12:59:00,271.76,271.76,271.75,271.75,-0.0,61.34,16603.07,-1
2023-06-21,2023-06-21 13:00:00,271.75,276.0,267.3,271.74,-0.0,61.34,16603.07,-1
2023-06-21,2023-06-21 13:01:00,271.74,271.74,271.74,271.74,0.0,61.34,16603.07,0
2023-06-21,2023-06-21 13:02:00,271.74,271.74,271.73,271.73,-0.0,61.34,16603.07,-1
2023-06-21,2023-06-21 13:03:00,271.73,271.73,271.73,271.73,0.0,61.34,16603.07,0
2023-06-21,2023-06-21 13:04:00,271.73,271.73,271.72,271.72,-0.0,61.34,16603.07,-1
2023-06-21,2023-06-21 13:05:00,271.72,271.72,271.71,271.71,-0.0,61.34,16603.07,-1
2023-06-21,2023-06-21 13:06:00,271.71,271.71,271.71,271.71,0.0,61.34,16603.07,0
2023-06-21,2023-06-21 13:07:00,271.71,271.71,271.7,271.7,-0.0,61.34,16603.07,-1
2023-06-21,2023-06-21 13:08:00,271.7,271.7,271.69,271.69,-0.0,61.34,16603.07,-1
2023-06-21,2023-06-21 13:09:00,271.69,271.69,271.69,271.69,0.0,61.34,16603.07,0
2023-06-21,2023-06-21 13:10:00,271.69,271.69,271.68,271.68,-0.0,61.34,16603.07,-1
2023-06-21,2023-06-21 13:11:00,271.68,271.68,271.68,271.68,0.0,61.34,16603.07,0
2023-06-21,2023-06-21 13:12:00,271.68,271.68,271.67,271.67,-0.0,61.34,16603.07,-1
2023-06-21,2023-06-21 13:13:00,271.67,271.67,271.66,271.66,-0.0,61.34,16603.07,-1
2023-06-21,2023-06-21 13:14:00,271.66,271.66,271.66,271.66,0.0,61.34,16603.07,0
2023-06-21,2023-06-21 13:15:00,271.66,271.66,271.65,271.65,-0.0,61.34,16603.07,-1
2023-06-21,2023-06-21 13:16:00,271.65,271.65,271.64,271.64,-0.0,61.34,16603.07,-1
2023-06-21,2023-06-21 13:17:00,271.64,271.64,271.64,271.64,0.0,61.34,16603.07,0
2023-06-21,2023-06-21 13:18:00,271.64,271.64,271.63,271.63,-0.0,61.34,16603.07,-1
2023-06-21,2023-06-21 13:19:00,271.63,271.63,271.62,271.62,-0.0,61.34,16603.07,-1
2023-06-21,2023-06-21 13:20:00,271.62,271.62,271.62,271.62,0.0,61.34,16603.07,0
2023-06-21,2023-06-21 13:21:00,271.62,271.62,271.61,271.61,-0.0,61.34,16603.07,-1
2023-06-21,2023-06-21 13:22:00,271.61,271.61,271.61,271.61,0.0,61.34,16603.07,0
2023-06-21,2023-06-21 13:23:00,271.61,271.61,271.6,271.6,-0.0,61.34,16603.07,-1
2023-06-21,2023-06-21 13:24:00,271.6,271.6,271.59,271.59,-0.0,61.34,16603.07,-1
2023-06-21,2023-06-21 13:25:00,271.59,271.59,271.59,271.59,0.0,61.34,16603.07,0
2023-06-21,2023-06-21 13:26:00,271.59,271.59,271.58,271.58,-0.0,61.34,16603.07,-1
2023-06-21,2023-06-21 13:27:00,271.58,271.58,271.57,271.57,-0.0,61.34,16603.07,-1
2023-06-21,2023-06-21 13:28:00,271.57,271.57,271.57,271.57,0.0,61.34,16603.07,0
2023-06-21,2023-06-21 13:29:00,271.57,271.57,271.56,271.56,-0.0,61.34,16603.07,-1
2023-06-21,2023-06-21 13:30:00,271.56,271.56,271.56,271.56,0.0,61.34,16603.07,0
2023-06-21,2023-06-21 13:31:00,271.56,271.56,271.55,271.55,-0.0,61.34,16603.07,-1
2023-06-21,2023-06-21 13:32:00,271.55,271.55,271.54,271.54,-0.0,61.34,16603.07,-1
2023-06-21,2023-06-21 13:33:00,271.54,271.54,271.54,271.54,0.0,61.34,16603.07,0
2023-06-21,2023-06-21 13:34:00,271.54,271.54,271.53,271.53,-0.0,61.34,16603.07,-1
2023-06-21,2023-06-21 13:35:00,271.53,271.53,271.52,271.52,-0.0,61.34,16603.07,-1
2023-06-21,2023-06-21 13:36:00,271.52,271.52,271.52,271.52,0.0,61.34,16603.07,0
2023-06-21,2023-06-21 13:37:00,271.52,271.52,271.51,271.51,-0.0,61.34,16603.07,-1
2023-06-21,2023-06-21 13:38:00,271.51,271.51,271.51,271.51,0.0,61.34,16603.07,0
2023-06-21,2023-06-21 13:39:00,271.51,271.51,271.5,271.5,-0.0,61.34,16603.07,-1
2023-06-21,2023-06-21 13:40:00,271.5,271.5,271.49,271.49,-0.0,61.34,16603.07,-1
2023-06-21,2023-06-21 13:41:00,271.49,271.49,271.49,271.49,0.0,61.34,16603.07,0
2023-06-21,2023-06-21 13:42:00,271.49,271.49,271.48,271.48,-0.0,61.34,16603.07,-1
2023-06-21,2023-06-21 13:43:00,271.48,271.48,271.48,271.48,0.0,61.34,16603.07,0
2023-06-21,2023-06-21 13:44:00,271.48,271.48,271.47,271.47,-0.0,61.34,16603.07,-1
2023-06-21,2023-06-21 13:45:00,271.47,271.47,271.46,271.46,-0.0,61.34,16603.07,-1
2023-06-21,2023-06-21 13:46:00,271.46,271.46,271.46,271.46,0.0,61.34,16603.07,0
2023-06-21,2023-06-21 13:47:00,271.46,271.46,271.45,271.45,-0.0,61.34,16603.07,-1
2023-06-21,2023-06-21 13:48:00,271.45,271.45,271.44,271.44,-0.0,61.34,16603.07,-1
2023-06-21,2023-06-21 13:49:00,271.44,271.44,271.44,271.44,0.0,61.34,16603.07,0
2023-06-21,2023-06-21 13:50:00,271.44,271.44,271.43,271.43,-0.0,61.34,16603.07,-1
2023-06-21,2023-06-21 13:51:00,271.43,271.43,271.43,271.43,0.0,61.34,16603.07,0
2023-06-21,2023-06-21 13:52:00,271.43,271.43,271.42,271.42,-0.0,61.34,16603.07,-1
2023-06-21,2023-06-21 13:53:00,271.42,271.42,271.41,271.41,-0.0,61.34,16603.07,-1
2023-06-21,2023-06-21 13:54:00,271.41,271.41,271.41,271.41,0.0,61.34,16603.07,0
2023-06-21,2023-06-21 13:55:00,271.41,271.41,271.4,271.4,-0.0,61.34,16603.07,-1
2023-06-21,2023-06-21 13:56:00,271.4,271.4,271.39,271.39,-0.0,61.34,16603.07,-1
2023-06-21,2023-06-21 13:57:00,271.39,271.39,271.39,271.39,0.0,61.34,16603.07,0
2023-06-21,2023-06-21 13:58:00,271.39,271.39,271.38,271.38,-0.0,61.34,16603.07,-1
2023-06-21,2023-06-21 13:59:00,271.38,271.38,271.38,271.38,0.0,61.34,16603.07,0
2023-06-21,2023-06-21 14:00:00,271.38,271.38,271.37,271.37,-0.0,61.34,16603.07,-1
2023-06-21,2023-06-21 14:01:00,271.37,271.37,271.36,271.36,-0.0,61.34,16603.07,-1
2023-06-21,2023-06-21 14:02:00,271.36,271.36,271.36,271.36,0.0,61.34,16603.07,0
2023-06-21,2023-06-21 14:03:00,271.36,271.36,271.35,271.35,-0.0,61.34,16603.07,-1
2023-06-21,2023-06-21 14:04:00,271.35,271.35,271.34,271.34,-0.0,61.34,16603.07,-1
2023-06-21,2023-06-21 14:05:00,271.34,271.34,271.34,271.34,0.0,61.34,16603.07,0
2023-06-21,2023-06-21 14:06:00,271.34,271.34,271.33,271.33,-0.0,61.34,16603.07,-1
2023-06-21,2023-06-21 14:07:00,271.33,271.33,271.32,271.32,-0.0,61.34,16603.07,-1
2023-06-21,2023-06-21 14:08:00,271.32,271.32,271.32,271.32,0.0,61.34,16603.07,0
2023-06-21,2023-06-21 14:09:00,271.32,271.32,271.31,271.31,-0.0,61.34,16603.07,-1
2023-06-21,2023-06-21 14:10:00,271.31,271.31,271.31,271.31,0.0,61.34,16603.07,0
2023-06-21,2023-06-21 14:11:00,271.31,271.31,271.3,271.3,-0.0,61.34,16603.07,-1
2023-06-21,2023-06-21 14:12:00,271.3,271.3,271.29,271.29,-0.0,61.34,16603.07,-1
2023-06-21,2023-06-21 14:13:00,271.29,271.29,271.29,271.29,0.0,61.34,16603.07,0
2023-06-21,2023-06-21 14:14:00,271.29,271.29,271.28,271.28,-0.0,61.34,16603.07,-1
2023-06-21,2023-06-21 14:15:00,271.28,271.28,271.27,271.27,-0.0,61.34,16603.07,-1
2023-06-21,2023-06-21 14:16:00,271.27,271.27,271.27,271.27,0.0,61.34,16603.07,0
2023-06-21,2023-06-21 14:17:00,271.27,271.27,271.26,271.26,-0.0,61.34,16603.07,-1
2023-06-21,2023-06-21 14:18:00,271.26,271.26,271.26,271.26,0.0,61.34,16603.07,0
2023-06-21,2023-06-21 14:19:00,271.26,271.26,271.25,271.25,-0.0,61.34,16603.07,-1
2023-06-21,2023-06-21 14:20:00,271.25,271.25,271.24,271.24,-0.0,61.34,16603.07,-1
2023-06-21,2023-06-21 14:21:00,271.24,271.24,271.24,271.24,0.0,61.34,16603.07,0
2023-06-21,2023-06-21 14:22:00,271.24,271.24,271.23,271.23,-0.0,61.34,16603.07,-1
2023-06-21,2023-06-21 14:23:00,271.23,271.23,271.23,271.23,0.0,61.34,16603.07,0
2023-06-21,2023-06-21 14:24:00,271.23,271.23,271.22,271.22,-0.0,61.34,16603.07,-1
2023-06-21,2023-06-21 14:25:00,271.22,271.22,271.21,271.21,-0.0,61.34,16603.07,-1
2023-06-21,2023-06-21 14:26:00,271.21,271.21,271.21,271.21,0.0,61.34,16603.07,0
2023-06-21,2023-06-21 14:27:00,271.21,271.21,271.2,271.2,-0.0,61.34,16603.07,-1
2023-06-21,2023-06-21 14:28:00,271.2,271.2,271.19,271.19,-0.0,61.34,16603.07,-1
2023-06-21,2023-06-21 14:29:00,271.19,271.19,271.19,271.19,0.0,61.34,16603.07,0
2023-06-21,2023-06-21 14:30:00,271.19,271.19,271.18,271.18,-0.0,61.34,16603.07,-1
2023-06-21,2023-06-21 14:31:00,271.18,271.18,271.18,271.18,0.0,61.34,16603.07,0
2023-06-21,2023-06-21 14:32:00,271.18,271.18,271.17,271.17,-0.0,61.34,16603.07,-1
2023-06-21,2023-06-21 14:33:00,271.17,271.17,271.16,271.16,-0.0,61.34,16603.07,-1
2023-06-21,2023-06-21 14:34:00,271.16,271.16,271.16,271.16,0.0,61.34,16603.07,0
2023-06-21,2023-06-21 14:35:00,271.16,271.16,271.15,271.15,-0.0,61.34,16603.07,-1
2023-06-21,2023-06-21 14:36:00,271.15,271.15,271.14,271.14,-0.0,61.34,16603.07,-1
2023-06-21,2023-06-21 14:37:00,271.14,271.14,271.14,271.14,0.0,61.34,16603.07,0
2023-06-21,2023-06-21 14:38:00,271.14,271.14,271.13,271.13,-0.0,61.34,16603.07,-1
2023-06-21,2023-06-21 14:39:00,271.13,271.13,271.12,271.12,-0.0,61.34,16603.07,-1
2023-06-21,2023-06-21 14:40:00,271.12,271.12,271.12,271.12,0.0,61.34,16603.07,0
2023-06-21,2023-06-21 14:41:00,271.12,271.12,271.11,271.11,-0.0,61.34,16603.07,-1
2023-06-21,2023-06-21 14:42:00,271.11,271.11,271.11,271.11,0.0,61.34,16603.07,0
2023-06-21,2023-06-21 14:43:00,271.11,271.11,271.1,271.1,-0.0,61.34,16603.07,-1
2023-06-21,2023-06-21 14:44:00,271.1,271.1,271.09,271.09,-0.0,61.34,16603.07,-1
2023-06-21,2023-06-21 14:45:00,271.09,271.09,271.09,271.09,0.0,61.34,16603.07,0
2023-06-21,2023-06-21 14:46:00,271.09,271.09,271.08,271.08,-0.0,61.34,16603.07,-1
2023-06-21,2023-06-21 14:47:00,271.08,271.08,271.07,271.07,-0.0,61.34,16603.07,-1
2023-06-21,2023-06-21 14:48:00,271.07,271.07,271.07,271.07,0.0,61.34,16603.07,0
2023-06-21,2023-06-21 14:49:00,271.07,271.07,271.06,271.06,-0.0,61.34,16603.07,-1
2023-06-21,2023-06-21 14:50:00,271.06,271.06,271.06,271.06,0.0,61.34,16603.07,0
2023-06-21,2023-06-21 14:51:00,271.06,271.06,271.05,271.05,-0.0,61.34,16603.07,-1
2023-06-21,2023-06-21 14:52:00,271.05,271.05,271.04,271.04,-0.0,61.34,16603.07,-1
2023-06-21,2023-06-21 14:53:00,271.04,271.04,271.04,271.04,0.0,61.34,16603.07,0
2023-06-21,2023-06-21 14:54:00,271.04,271.04,271.03,271.03,-0.0,61.34,16603.07,-1
2023-06-21,2023-06-21 14:55:00,271.03,271.03,271.02,271.02,-0.0,61.34,16603.07,-1
2023-06-21,2023-06-21 14:56:00,271.02,271.02,271.02,271.02,0.0,61.34,16603.07,0
2023-06-21,2023-06-21 14:57:00,271.02,271.02,271.01,271.01,-0.0,61.34,16603.07,-1
2023-06-21,2023-06-21 14:58:00,271.01,271.01,271.01,271.01,0.0,61.34,16603.07,0
2023-06-21,2023-06-21 14:59:00,271.01,271.01,271.0,271.0,-0.0,61.34,16603.07,-1
2023-06-21,2023-06-21 15:00:00,271.0,276.0,267.3,271.0,0.0,61.34,16603.07,0
2023-06-22,2023-06-22 11:00:00,269.0,269.3,266.6,268.98,-0.01,40.44,10685.75,-1
2023-06-22,2023-06-22 11:01:00,268.98,268.98,268.96,268.96,-0.01,40.44,10685.75,-1
2023-06-22,2023-06-22 11:02:00,268.96,268.96,268.94,268.94,-0.01,40.44,10685.75,-1
2023-06-22,2023-06-22 11:03:00,268.94,268.94,268.92,268.92,-0.01,40.44,10685.75,-1
2023-06-22,2023-06-22 11:04:00,268.92,268.92,268.9,268.9,-0.01,40.44,10685.75,-1
2023-06-22,2023-06-22 11:05:00,268.9,268.9,268.88,268.88,-0.01,40.44,10685.75,-1
2023-06-22,2023-06-22 11:06:00,268.88,268.88,268.85,268.85,-0.01,40.44,10685.75,-1
2023-06-22,2023-06-22 11:07:00,268.85,268.85,268.83,268.83,-0.01,40.44,10685.75,-1
2023-06-22,2023-06-22 11:08:00,268.83,268.83,268.81,268.81,-0.01,40.44,10685.75,-1
2023-06-22,2023-06-22 11:09:00,268.81,268.81,268.79,268.79,-0.01,40.44,10685.75,-1
2023-06-22,2023-06-22 11:10:00,268.79,268.79,268.77,268.77,-0.01,40.44,10685.75,-1
2023-06-22,2023-06-22 11:11:00,268.77,268.77,268.75,268.75,-0.01,40.44,10685.75,-1
2023-06-22,2023-06-22 11:12:00,268.75,268.75,268.73,268.73,-0.01,40.44,10685.75,-1
2023-06-22,2023-06-22 11:13:00,268.73,268.73,268.71,268.71,-0.01,40.44,10685.75,-1
2023-06-22,2023-06-22 11:14:00,268.71,268.71,268.69,268.69,-0.01,40.44,10685.75,-1
2023-06-22,2023-06-22 11:15:00,268.69,268.69,268.67,268.67,-0.01,40.44,10685.75,-1
2023-06-22,2023-06-22 11:16:00,268.67,268.67,268.65,268.65,-0.01,40.44,10685.75,-1
2023-06-22,2023-06-22 11:17:00,268.65,268.65,268.62,268.62,-0.01,40.44,10685.75,-1
2023-06-22,2023-06-22 11:18:00,268.62,268.62,268.6,268.6,-0.01,40.44,10685.75,-1
2023-06-22,2023-06-22 11:19:00,268.6,268.6,268.58,268.58,-0.01,40.44,10685.75,-1
2023-06-22,2023-06-22 11:20:00,268.58,268.58,268.56,268.56,-0.01,40.44,10685.75,-1
2023-06-22,2023-06-22 11:21:00,268.56,268.56,268.54,268.54,-0.01,40.44,10685.75,-1
2023-06-22,2023-06-22 11:22:00,268.54,268.54,268.52,268.52,-0.01,40.44,10685.75,-1
2023-06-22,2023-06-22 11:23:00,268.52,268.52,268.5,268.5,-0.01,40.44,10685.75,-1
2023-06-22,2023-06-22 11:24:00,268.5,268.5,268.48,268.48,-0.01,40.44,10685.75,-1
2023-06-22,2023-06-22 11:25:00,268.48,268.48,268.46,268.46,-0.01,40.44,10685.75,-1
2023-06-22,2023-06-22 11:26:00,268.46,268.46,268.44,268.44,-0.01,40.44,10685.75,-1
2023-06-22,2023-06-22 11:27:00,268.44,268.44,268.42,268.42,-0.01,40.44,10685.75,-1
2023-06-22,2023-06-22 11:28:00,268.42,268.42,268.4,268.4,-0.01,40.44,10685.75,-1
2023-06-22,2023-06-22 11:29:00,268.4,268.4,268.38,268.38,-0.01,40.44,10685.75,-1
2023-06-22,2023-06-22 11:30:00,268.38,268.38,268.35,268.35,-0.01,40.44,10685.75,-1
2023-06-22,2023-06-22 11:31:00,268.35,268.35,268.33,268.33,-0.01,40.44,10685.75,-1
2023-06-22,2023-06-22 11:32:00,268.33,268.33,268.31,268.31,-0.01,40.44,10685.75,-1
2023-06-22,2023-06-22 11:33:00,268.31,268.31,268.29,268.29,-0.01,40.44,10685.75,-1
2023-06-22,2023-06-22 11:34:00,268.29,268.29,268.27,268.27,-0.01,40.44,10685.75,-1
2023-06-22,2023-06-22 11:35:00,268.27,268.27,268.25,268.25,-0.01,40.44,10685.75,-1
2023-06-22,2023-06-22 11:36:00,268.25,268.25,268.23,268.23,-0.01,40.44,10685.75,-1
2023-06-22,2023-06-22 11:37:00,268.23,268.23,268.21,268.21,-0.01,40.44,10685.75,-1
2023-06-22,2023-06-22 11:38:00,268.21,268.21,268.19,268.19,-0.01,40.44,10685.75,-1
2023-06-22,2023-06-22 11:39:00,268.19,268.19,268.17,268.17,-0.01,40.44,10685.75,-1
2023-06-22,2023-06-22 11:40:00,268.17,268.17,268.15,268.15,-0.01,40.44,10685.75,-1
2023-06-22,2023-06-22 11:41:00,268.15,268.15,268.12,268.12,-0.01,40.44,10685.75,-1
2023-06-22,2023-06-22 11:42:00,268.12,268.12,268.1,268.1,-0.01,40.44,10685.75,-1
2023-06-22,2023-06-22 11:43:00,268.1,268.1,268.08,268.08,-0.01,40.44,10685.75,-1
2023-06-22,2023-06-22 11:44:00,268.08,268.08,268.06,268.06,-0.01,40.44,10685.75,-1
2023-06-22,2023-06-22 11:45:00,268.06,268.06,268.04,268.04,-0.01,40.44,10685.75,-1
2023-06-22,2023-06-22 11:46:00,268.04,268.04,268.02,268.02,-0.01,40.44,10685.75,-1
2023-06-22,2023-06-22 11:47:00,268.02,268.02,268.0,268.0,-0.01,40.44,10685.75,-1
2023-06-22,2023-06-22 11:48:00,268.0,268.0,267.98,267.98,-0.01,40.44,10685.75,-1
2023-06-22,2023-06-22 11:49:00,267.98,267.98,267.96,267.96,-0.01,40.44,10685.75,-1
2023-06-22,2023-06-22 11:50:00,267.96,267.96,267.94,267.94,-0.01,40.44,10685.75,-1
2023-06-22,2023-06-22 11:51:00,267.94,267.94,267.92,267.92,-0.01,40.44,10685.75,-1
2023-06-22,2023-06-22 11:52:00,267.92,267.92,267.9,267.9,-0.01,40.44,10685.75,-1
2023-06-22,2023-06-22 11:53:00,267.9,267.9,267.88,267.88,-0.01,40.44,10685.75,-1
2023-06-22,2023-06-22 11:54:00,267.88,267.88,267.85,267.85,-0.01,40.44,10685.75,-1
2023-06-22,2023-06-22 11:55:00,267.85,267.85,267.83,267.83,-0.01,40.44,10685.75,-1
2023-06-22,2023-06-22 11:56:00,267.83,267.83,267.81,267.81,-0.01,40.44,10685.75,-1
2023-06-22,2023-06-22 11:57:00,267.81,267.81,267.79,267.79,-0.01,40.44,10685.75,-1
2023-06-22,2023-06-22 11:58:00,267.79,267.79,267.77,267.77,-0.01,40.44,10685.75,-1
2023-06-22,2023-06-22 11:59:00,267.77,267.77,267.75,267.75,-0.01,40.44,10685.75,-1
2023-06-22,2023-06-22 12:00:00,267.75,267.75,267.73,267.73,-0.01,40.44,10685.75,-1
2023-06-22,2023-06-22 12:01:00,267.73,267.73,267.71,267.71,-0.01,40.44,10685.75,-1
2023-06-22,2023-06-22 12:02:00,267.71,267.71,267.69,267.69,-0.01,40.44,10685.75,-1
2023-06-22,2023-06-22 12:03:00,267.69,267.69,267.67,267.67,-0.01,40.44,10685.75,-1
2023-06-22,2023-06-22 12:04:00,267.67,267.67,267.65,267.65,-0.01,40.44,10685.75,-1
2023-06-22,2023-06-22 12:05:00,267.65,267.65,267.62,267.62,-0.01,40.44,10685.75,-1
2023-06-22,2023-06-22 12:06:00,267.62,267.62,267.6,267.6,-0.01,40.44,10685.75,-1
2023-06-22,2023-06-22 12:07:00,267.6,267.6,267.58,267.58,-0.01,40.44,10685.75,-1
2023-06-22,2023-06-22 12:08:00,267.58,267.58,267.56,267.56,-0.01,40.44,10685.75,-1
2023-06-22,2023-06-22 12:09:00,267.56,267.56,267.54,267.54,-0.01,40.44,10685.75,-1
2023-06-22,2023-06-22 12:10:00,267.54,267.54,267.52,267.52,-0.01,40.44,10685.75,-1
2023-06-22,2023-06-22 12:11:00,267.52,267.52,267.5,267.5,-0.01,40.44,10685.75,-1
2023-06-22,2023-06-22 12:12:00,267.5,267.5,267.48,267.48,-0.01,40.44,10685.75,-1
2023-06-22,2023-06-22 12:13:00,267.48,267.48,267.46,267.46,-0.01,40.44,10685.75,-1
2023-06-22,2023-06-22 12:14:00,267.46,267.46,267.44,267.44,-0.01,40.44,10685.75,-1
2023-06-22,2023-06-22 12:15:00,267.44,267.44,267.42,267.42,-0.01,40.44,10685.75,-1
2023-06-22,2023-06-22 12:16:00,267.42,267.42,267.4,267.4,-0.01,40.44,10685.75,-1
2023-06-22,2023-06-22 12:17:00,267.4,267.4,267.38,267.38,-0.01,40.44,10685.75,-1
2023-06-22,2023-06-22 12:18:00,267.38,267.38,267.35,267.35,-0.01,40.44,10685.75,-1
2023-06-22,2023-06-22 12:19:00,267.35,267.35,267.33,267.33,-0.01,40.44,10685.75,-1
2023-06-22,2023-06-22 12:20:00,267.33,267.33,267.31,267.31,-0.01,40.44,10685.75,-1
2023-06-22,2023-06-22 12:21:00,267.31,267.31,267.29,267.29,-0.01,40.44,10685.75,-1
2023-06-22,2023-06-22 12:22:00,267.29,267.29,267.27,267.27,-0.01,40.44,10685.75,-1
2023-06-22,2023-06-22 12:23:00,267.27,267.27,267.25,267.25,-0.01,40.44,10685.75,-1
2023-06-22,2023-06-22 12:24:00,267.25,267.25,267.23,267.23,-0.01,40.44,10685.75,-1
2023-06-22,2023-06-22 12:25:00,267.23,267.23,267.21,267.21,-0.01,40.44,10685.75,-1
2023-06-22,2023-06-22 12:26:00,267.21,267.21,267.19,267.19,-0.01,40.44,10685.75,-1
2023-06-22,2023-06-22 12:27:00,267.19,267.19,267.17,267.17,-0.01,40.44,10685.75,-1
2023-06-22,2023-06-22 12:28:00,267.17,267.17,267.15,267.15,-0.01,40.44,10685.75,-1
2023-06-22,2023-06-22 12:29:00,267.15,267.15,267.12,267.12,-0.01,40.44,10685.75,-1
2023-06-22,2023-06-22 12:30:00,267.12,267.12,267.1,267.1,-0.01,40.44,10685.75,-1
2023-06-22,2023-06-22 12:31:00,267.1,267.1,267.08,267.08,-0.01,40.44,10685.75,-1
2023-06-22,2023-06-22 12:32:00,267.08,267.08,267.06,267.06,-0.01,40.44,10685.75,-1
2023-06-22,2023-06-22 12:33:00,267.06,267.06,267.04,267.04,-0.01,40.44,10685.75,-1
2023-06-22,2023-06-22 12:34:00,267.04,267.04,267.02,267.02,-0.01,40.44,10685.75,-1
2023-06-22,2023-06-22 12:35:00,267.02,267.02,267.0,267.0,-0.01,40.44,10685.75,-1
2023-06-22,2023-06-22 12:36:00,267.0,267.0,266.98,266.98,-0.01,40.44,10685.75,-1
2023-06-22,2023-06-22 12:37:00,266.98,266.98,266.96,266.96,-0.01,40.44,10685.75,-1
2023-06-22,2023-06-22 12:38:00,266.96,266.96,266.94,266.94,-0.01,40.44,10685.75,-1
2023-06-22,2023-06-22 12:39:00,266.94,266.94,266.92,266.92,-0.01,40.44,10685.75,-1
2023-06-22,2023-06-22 12:40:00,266.92,266.92,266.9,266.9,-0.01,40.44,10685.75,-1
2023-06-22,2023-06-22 12:41:00,266.9,266.9,266.88,266.88,-0.01,40.44,10685.75,-1
2023-06-22,2023-06-22 12:42:00,266.88,266.88,266.85,266.85,-0.01,40.44,10685.75,-1
2023-06-22,2023-06-22 12:43:00,266.85,266.85,266.83,266.83,-0.01,40.44,10685.75,-1
2023-06-22,2023-06-22 12:44:00,266.83,266.83,266.81,266.81,-0.01,40.44,10685.75,-1
2023-06-22,2023-06-22 12:45:00,266.81,266.81,266.79,266.79,-0.01,40.44,10685.75,-1
2023-06-22,2023-06-22 12:46:00,266.79,266.79,266.77,266.77,-0.01,40.44,10685.75,-1
2023-06-22,2023-06-22 12:47:00,266.77,266.77,266.75,266.75,-0.01,40.44,10685.75,-1
2023-06-22,2023-06-22 12:48:00,266.75,266.75,266.73,266.73,-0.01,40.44,10685.75,-1
2023-06-22,2023-06-22 12:49:00,266.73,266.73,266.71,266.71,-0.01,40.44,10685.75,-1
2023-06-22,2023-06-22 12:50:00,266.71,266.71,266.69,266.69,-0.01,40.44,10685.75,-1
2023-06-22,2023-06-22 12:51:00,266.69,266.69,266.67,266.67,-0.01,40.44,10685.75,-1
2023-06-22,2023-06-22 12:52:00,266.67,266.67,266.65,266.65,-0.01,40.44,10685.75,-1
2023-06-22,2023-06-22 12:53:00,266.65,266.65,266.62,266.62,-0.01,40.44,10685.75,-1
2023-06-22,2023-06-22 12:54:00,266.62,266.62,266.6,266.6,-0.01,40.44,10685.75,-1
2023-06-22,2023-06-22 12:55:00,266.6,266.6,266.58,266.58,-0.01,40.44,10685.75,-1
2023-06-22,2023-06-22 12:56:00,266.58,266.58,266.56,266.56,-0.01,40.44,10685.75,-1
2023-06-22,2023-06-22 12:57:00,266.56,266.56,266.54,266.54,-0.01,40.44,10685.75,-1
2023-06-22,2023-06-22 12:58:00,266.54,266.54,266.52,266.52,-0.01,40.44,10685.75,-1
2023-06-22,2023-06-22 12:59:00,266.52,266.52,266.5,266.5,-0.01,40.44,10685.75,-1
2023-06-22,2023-06-22 13:00:00,266.5,270.0,261.0,266.48,-0.01,40.44,10685.75,-1
2023-06-22,2023-06-22 13:01:00,266.48,266.48,266.46,266.46,-0.01,40.44,10685.75,-1
2023-06-22,2023-06-22 13:02:00,266.46,266.46,266.44,266.44,-0.01,40.44,10685.75,-1
2023-06-22,2023-06-22 13:03:00,266.44,266.44,266.42,266.42,-0.01,40.44,10685.75,-1
2023-06-22,2023-06-22 13:04:00,266.42,266.42,266.4,266.4,-0.01,40.44,10685.75,-1
2023-06-22,2023-06-22 13:05:00,266.4,266.4,266.38,266.38,-0.01,40.44,10685.75,-1
2023-06-22,2023-06-22 13:06:00,266.38,266.38,266.35,266.35,-0.01,40.44,10685.75,-1
2023-06-22,2023-06-22 13:07:00,266.35,266.35,266.33,266.33,-0.01,40.44,10685.75,-1
2023-06-22,2023-06-22 13:08:00,266.33,266.33,266.31,266.31,-0.01,40.44,10685.75,-1
2023-06-22,2023-06-22 13:09:00,266.31,266.31,266.29,266.29,-0.01,40.44,10685.75,-1
2023-06-22,2023-06-22 13:10:00,266.29,266.29,266.27,266.27,-0.01,40.44,10685.75,-1
2023-06-22,2023-06-22 13:11:00,266.27,266.27,266.25,266.25,-0.01,40.44,10685.75,-1
2023-06-22,2023-06-22 13:12:00,266.25,266.25,266.23,266.23,-0.01,40.44,10685.75,-1
2023-06-22,2023-06-22 13:13:00,266.23,266.23,266.21,266.21,-0.01,40.44,10685.75,-1
2023-06-22,2023-06-22 13:14:00,266.21,266.21,266.19,266.19,-0.01,40.44,10685.75,-1
2023-06-22,2023-06-22 13:15:00,266.19,266.19,266.17,266.17,-0.01,40.44,10685.75,-1
2023-06-22,2023-06-22 13:16:00,266.17,266.17,266.15,266.15,-0.01,40.44,10685.75,-1
2023-06-22,2023-06-22 13:17:00,266.15,266.15,266.12,266.12,-0.01,40.44,10685.75,-1
2023-06-22,2023-06-22 13:18:00,266.12,266.12,266.1,266.1,-0.01,40.44,10685.75,-1
2023-06-22,2023-06-22 13:19:00,266.1,266.1,266.08,266.08,-0.01,40.44,10685.75,-1
2023-06-22,2023-06-22 13:20:00,266.08,266.08,266.06,266.06,-0.01,40.44,10685.75,-1
2023-06-22,2023-06-22 13:21:00,266.06,266.06,266.04,266.04,-0.01,40.44,10685.75,-1
2023-06-22,2023-06-22 13:22:00,266.04,266.04,266.02,266.02,-0.01,40.44,10685.75,-1
2023-06-22,2023-06-22 13:23:00,266.02,266.02,266.0,266.0,-0.01,40.44,10685.75,-1
2023-06-22,2023-06-22 13:24:00,266.0,266.0,265.98,265.98,-0.01,40.44,10685.75,-1
2023-06-22,2023-06-22 13:25:00,265.98,265.98,265.96,265.96,-0.01,40.44,10685.75,-1
2023-06-22,2023-06-22 13:26:00,265.96,265.96,265.94,265.94,-0.01,40.44,10685.75,-1
2023-06-22,2023-06-22 13:27:00,265.94,265.94,265.92,265.92,-0.01,40.44,10685.75,-1
2023-06-22,2023-06-22 13:28:00,265.92,265.92,265.9,265.9,-0.01,40.44,10685.75,-1
2023-06-22,2023-06-22 13:29:00,265.9,265.9,265.88,265.88,-0.01,40.44,10685.75,-1
2023-06-22,2023-06-22 13:30:00,265.88,265.88,265.85,265.85,-0.01,40.44,10685.75,-1
2023-06-22,2023-06-22 13:31:00,265.85,265.85,265.83,265.83,-0.01,40.44,10685.75,-1
2023-06-22,2023-06-22 13:32:00,265.83,265.83,265.81,265.81,-0.01,40.44,10685.75,-1
2023-06-22,2023-06-22 13:33:00,265.81,265.81,265.79,265.79,-0.01,40.44,10685.75,-1
2023-06-22,2023-06-22 13:34:00,265.79,265.79,265.77,265.77,-0.01,40.44,10685.75,-1
2023-06-22,2023-06-22 13:35:00,265.77,265.77,265.75,265.75,-0.01,40.44,10685.75,-1
2023-06-22,2023-06-22 13:36:00,265.75,265.75,265.73,265.73,-0.01,40.44,10685.75,-1
2023-06-22,2023-06-22 13:37:00,265.73,265.73,265.71,265.71,-0.01,40.44,10685.75,-1
2023-06-22,2023-06-22 13:38:00,265.71,265.71,265.69,265.69,-0.01,40.44,10685.75,-1
2023-06-22,2023-06-22 13:39:00,265.69,265.69,265.67,265.67,-0.01,40.44,10685.75,-1
2023-06-22,2023-06-22 13:40:00,265.67,265.67,265.65,265.65,-0.01,40.44,10685.75,-1
2023-06-22,2023-06-22 13:41:00,265.65,265.65,265.62,265.62,-0.01,40.44,10685.75,-1
2023-06-22,2023-06-22 13:42:00,265.62,265.62,265.6,265.6,-0.01,40.44,10685.75,-1
2023-06-22,2023-06-22 13:43:00,265.6,265.6,265.58,265.58,-0.01,40.44,10685.75,-1
2023-06-22,2023-06-22 13:44:00,265.58,265.58,265.56,265.56,-0.01,40.44,10685.75,-1
2023-06-22,2023-06-22 13:45:00,265.56,265.56,265.54,265.54,-0.01,40.44,10685.75,-1
2023-06-22,2023-06-22 13:46:00,265.54,265.54,265.52,265.52,-0.01,40.44,10685.75,-1
2023-06-22,2023-06-22 13:47:00,265.52,265.52,265.5,265.5,-0.01,40.44,10685.75,-1
2023-06-22,2023-06-22 13:48:00,265.5,265.5,265.48,265.48,-0.01,40.44,10685.75,-1
2023-06-22,2023-06-22 13:49:00,265.48,265.48,265.46,265.46,-0.01,40.44,10685.75,-1
2023-06-22,2023-06-22 13:50:00,265.46,265.46,265.44,265.44,-0.01,40.44,10685.75,-1
2023-06-22,2023-06-22 13:51:00,265.44,265.44,265.42,265.42,-0.01,40.44,10685.75,-1
2023-06-22,2023-06-22 13:52:00,265.42,265.42,265.4,265.4,-0.01,40.44,10685.75,-1
2023-06-22,2023-06-22 13:53:00,265.4,265.4,265.38,265.38,-0.01,40.44,10685.75,-1
2023-06-22,2023-06-22 13:54:00,265.38,265.38,265.35,265.35,-0.01,40.44,10685.75,-1
2023-06-22,2023-06-22 13:55:00,265.35,265.35,265.33,265.33,-0.01,40.44,10685.75,-1
2023-06-22,2023-06-22 13:56:00,265.33,265.33,265.31,265.31,-0.01,40.44,10685.75,-1
2023-06-22,2023-06-22 13:57:00,265.31,265.31,265.29,265.29,-0.01,40.44,10685.75,-1
2023-06-22,2023-06-22 13:58:00,265.29,265.29,265.27,265.27,-0.01,40.44,10685.75,-1
2023-06-22,2023-06-22 13:59:00,265.27,265.27,265.25,265.25,-0.01,40.44,10685.75,-1
2023-06-22,2023-06-22 14:00:00,265.25,265.25,265.23,265.23,-0.01,40.44,10685.75,-1
2023-06-22,2023-06-22 14:01:00,265.23,265.23,265.21,265.21,-0.01,40.44,10685.75,-1
2023-06-22,2023-06-22 14:02:00,265.21,265.21,265.19,265.19,-0.01,40.44,10685.75,-1
2023-06-22,2023-06-22 14:03:00,265.19,265.19,265.17,265.17,-0.01,40.44,10685.75,-1
2023-06-22,2023-06-22 14:04:00,265.17,265.17,265.15,265.15,-0.01,40.44,10685.75,-1
2023-06-22,2023-06-22 14:05:00,265.15,265.15,265.12,265.12,-0.01,40.44,10685.75,-1
2023-06-22,2023-06-22 14:06:00,265.12,265.12,265.1,265.1,-0.01,40.44,10685.75,-1
2023-06-22,2023-06-22 14:07:00,265.1,265.1,265.08,265.08,-0.01,40.44,10685.75,-1
2023-06-22,2023-06-22 14:08:00,265.08,265.08,265.06,265.06,-0.01,40.44,10685.75,-1
2023-06-22,2023-06-22 14:09:00,265.06,265.06,265.04,265.04,-0.01,40.44,10685.75,-1
2023-06-22,2023-06-22 14:10:00,265.04,265.04,265.02,265.02,-0.01,40.44,10685.75,-1
2023-06-22,2023-06-22 14:11:00,265.02,265.02,265.0,265.0,-0.01,40.44,10685.75,-1
2023-06-22,2023-06-22 14:12:00,265.0,265.0,264.98,264.98,-0.01,40.44,10685.75,-1
2023-06-22,2023-06-22 14:13:00,264.98,264.98,264.96,264.96,-0.01,40.44,10685.75,-1
2023-06-22,2023-06-22 14:14:00,264.96,264.96,264.94,264.94,-0.01,40.44,10685.75,-1
2023-06-22,2023-06-22 14:15:00,264.94,264.94,264.92,264.92,-0.01,40.44,10685.75,-1
2023-06-22,2023-06-22 14:16:00,264.92,264.92,264.9,264.9,-0.01,40.44,10685.75,-1
2023-06-22,2023-06-22 14:17:00,264.9,264.9,264.88,264.88,-0.01,40.44,10685.75,-1
2023-06-22,2023-06-22 14:18:00,264.88,264.88,264.85,264.85,-0.01,40.44,10685.75,-1
2023-06-22,2023-06-22 14:19:00,264.85,264.85,264.83,264.83,-0.01,40.44,10685.75,-1
2023-06-22,2023-06-22 14:20:00,264.83,264.83,264.81,264.81,-0.01,40.44,10685.75,-1
2023-06-22,2023-06-22 14:21:00,264.81,264.81,264.79,264.79,-0.01,40.44,10685.75,-1
2023-06-22,2023-06-22 14:22:00,264.79,264.79,264.77,264.77,-0.01,40.44,10685.75,-1
2023-06-22,2023-06-22 14:23:00,264.77,264.77,264.75,264.75,-0.01,40.44,10685.75,-1
2023-06-22,2023-06-22 14:24:00,264.75,264.75,264.73,264.73,-0.01,40.44,10685.75,-1
2023-06-22,2023-06-22 14:25:00,264.73,264.73,264.71,264.71,-0.01,40.44,10685.75,-1
2023-06-22,2023-06-22 14:26:00,264.71,264.71,264.69,264.69,-0.01,40.44,10685.75,-1
2023-06-22,2023-06-22 14:27:00,264.69,264.69,264.67,264.67,-0.01,40.44,10685.75,-1
2023-06-22,2023-06-22 14:28:00,264.67,264.67,264.65,264.65,-0.01,40.44,10685.75,-1
2023-06-22,2023-06-22 14:29:00,264.65,264.65,264.62,264.62,-0.01,40.44,10685.75,-1
2023-06-22,2023-06-22 14:30:00,264.62,264.62,264.6,264.6,-0.01,40.44,10685.75,-1
2023-06-22,2023-06-22 14:31:00,264.6,264.6,264.58,264.58,-0.01,40.44,10685.75,-1
2023-06-22,2023-06-22 14:32:00,264.58,264.58,264.56,264.56,-0.01,40.44,10685.75,-1
2023-06-22,2023-06-22 14:33:00,264.56,264.56,264.54,264.54,-0.01,40.44,10685.75,-1
2023-06-22,2023-06-22 14:34:00,264.54,264.54,264.52,264.52,-0.01,40.44,10685.75,-1
2023-06-22,2023-06-22 14:35:00,264.52,264.52,264.5,264.5,-0.01,40.44,10685.75,-1
2023-06-22,2023-06-22 14:36:00,264.5,264.5,264.48,264.48,-0.01,40.44,10685.75,-1
2023-06-22,2023-06-22 14:37:00,264.48,264.48,264.46,264.46,-0.01,40.44,10685.75,-1
2023-06-22,2023-06-22 14:38:00,264.46,264.46,264.44,264.44,-0.01,40.44,10685.75,-1
2023-06-22,2023-06-22 14:39:00,264.44,264.44,264.42,264.42,-0.01,40.44,10685.75,-1
2023-06-22,2023-06-22 14:40:00,264.42,264.42,264.4,264.4,-0.01,40.44,10685.75,-1
2023-06-22,2023-06-22 14:41:00,264.4,264.4,264.38,264.38,-0.01,40.44,10685.75,-1
2023-06-22,2023-06-22 14:42:00,264.38,264.38,264.35,264.35,-0.01,40.44,10685.75,-1
2023-06-22,2023-06-22 14:43:00,264.35,264.35,264.33,264.33,-0.01,40.44,10685.75,-1
2023-06-22,2023-06-22 14:44:00,264.33,264.33,264.31,264.31,-0.01,40.44,10685.75,-1
2023-06-22,2023-06-22 14:45:00,264.31,264.31,264.29,264.29,-0.01,40.44,10685.75,-1
2023-06-22,2023-06-22 14:46:00,264.29,264.29,264.27,264.27,-0.01,40.44,10685.75,-1
2023-06-22,2023-06-22 14:47:00,264.27,264.27,264.25,264.25,-0.01,40.44,10685.75,-1
2023-06-22,2023-06-22 14:48:00,264.25,264.25,264.23,264.23,-0.01,40.44,10685.75,-1
2023-06-22,2023-06-22 14:49:00,264.23,264.23,264.21,264.21,-0.01,40.44,10685.75,-1
2023-06-22,2023-06-22 14:50:00,264.21,264.21,264.19,264.19,-0.01,40.44,10685.75,-1
2023-06-22,2023-06-22 14:51:00,264.19,264.19,264.17,264.17,-0.01,40.44,10685.75,-1
2023-06-22,2023-06-22 14:52:00,264.17,264.17,264.15,264.15,-0.01,40.44,10685.75,-1
2023-06-22,2023-06-22 14:53:00,264.15,264.15,264.12,264.12,-0.01,40.44,10685.75,-1
2023-06-22,2023-06-22 14:54:00,264.12,264.12,264.1,264.1,-0.01,40.44,10685.75,-1
2023-06-22,2023-06-22 14:55:00,264.1,264.1,264.08,264.08,-0.01,40.44,10685.75,-1
2023-06-22,2023-06-22 14:56:00,264.08,264.08,264.06,264.06,-0.01,40.44,10685.75,-1
2023-06-22,2023-06-22 14:57:00,264.06,264.06,264.04,264.04,-0.01,40.44,10685.75,-1
2023-06-22,2023-06-22 14:58:00,264.04,264.04,264.02,264.02,-0.01,40.44,10685.75,-1
2023-06-22,2023-06-22 14:59:00,264.02,264.02,264.0,264.0,-0.01,40.44,10685.75,-1
2023-06-22,2023-06-22 15:00:00,264.0,270.0,261.0,264.0,0.0,40.44,10685.75,0
2023-06-25,2023-06-25 11:00:00,258.8,262.28,256.79,258.85,0.02,92.06,23777.26,1
2023-06-25,2023-06-25 11:01:00,258.85,258.89,258.85,258.89,0.02,92.06,23777.26,1
2023-06-25,2023-06-25 11:02:00,258.89,258.94,258.89,258.94,0.02,92.06,23777.26,1
2023-06-25,2023-06-25 11:03:00,258.94,258.99,258.94,258.99,0.02,92.06,23777.26,1
2023-06-25,2023-06-25 11:04:00,258.99,259.03,258.99,259.03,0.02,92.06,23777.26,1
2023-06-25,2023-06-25 11:05:00,259.03,259.08,259.03,259.08,0.02,92.06,23777.26,1
2023-06-25,2023-06-25 11:06:00,259.08,259.13,259.08,259.13,0.02,92.06,23777.26,1
2023-06-25,2023-06-25 11:07:00,259.13,259.17,259.13,259.17,0.02,92.06,23777.26,1
2023-06-25,2023-06-25 11:08:00,259.17,259.22,259.17,259.22,0.02,92.06,23777.26,1
2023-06-25,2023-06-25 11:09:00,259.22,259.27,259.22,259.27,0.02,92.06,23777.26,1
2023-06-25,2023-06-25 11:10:00,259.27,259.31,259.27,259.31,0.02,92.06,23777.26,1
2023-06-25,2023-06-25 11:11:00,259.31,259.36,259.31,259.36,0.02,92.06,23777.26,1
2023-06-25,2023-06-25 11:12:00,259.36,259.41,259.36,259.41,0.02,92.06,23777.26,1
2023-06-25,2023-06-25 11:13:00,259.41,259.45,259.41,259.45,0.02,92.06,23777.26,1
2023-06-25,2023-06-25 11:14:00,259.45,259.5,259.45,259.5,0.02,92.06,23777.26,1
2023-06-25,2023-06-25 11:15:00,259.5,259.55,259.5,259.55,0.02,92.06,23777.26,1
2023-06-25,2023-06-25 11:16:00,259.55,259.59,259.55,259.59,0.02,92.06,23777.26,1
2023-06-25,2023-06-25 11:17:00,259.59,259.64,259.59,259.64,0.02,92.06,23777.26,1
2023-06-25,2023-06-25 11:18:00,259.64,259.69,259.64,259.69,0.02,92.06,23777.26,1
2023-06-25,2023-06-25 11:19:00,259.69,259.73,259.69,259.73,0.02,92.06,23777.26,1
2023-06-25,2023-06-25 11:20:00,259.73,259.78,259.73,259.78,0.02,92.06,23777.26,1
2023-06-25,2023-06-25 11:21:00,259.78,259.83,259.78,259.83,0.02,92.06,23777.26,1
2023-06-25,2023-06-25 11:22:00,259.83,259.87,259.83,259.87,0.02,92.06,23777.26,1
2023-06-25,2023-06-25 11:23:00,259.87,259.92,259.87,259.92,0.02,92.06,23777.26,1
2023-06-25,2023-06-25 11:24:00,259.92,259.97,259.92,259.97,0.02,92.06,23777.26,1
2023-06-25,2023-06-25 11:25:00,259.97,260.01,259.97,260.01,0.02,92.06,23777.26,1
2023-06-25,2023-06-25 11:26:00,260.01,260.06,260.01,260.06,0.02,92.06,23777.26,1
2023-06-25,2023-06-25 11:27:00,260.06,260.11,260.06,260.11,0.02,92.06,23777.26,1
2023-06-25,2023-06-25 11:28:00,260.11,260.15,260.11,260.15,0.02,92.06,23777.26,1
2023-06-25,2023-06-25 11:29:00,260.15,260.2,260.15,260.2,0.02,92.06,23777.26,1
2023-06-25,2023-06-25 11:30:00,260.2,260.25,260.2,260.25,0.02,92.06,23777.26,1
2023-06-25,2023-06-25 11:31:00,260.25,260.29,260.25,260.29,0.02,92.06,23777.26,1
2023-06-25,2023-06-25 11:32:00,260.29,260.34,260.29,260.34,0.02,92.06,23777.26,1
2023-06-25,2023-06-25 11:33:00,260.34,260.39,260.34,260.39,0.02,92.06,23777.26,1
2023-06-25,2023-06-25 11:34:00,260.39,260.43,260.39,260.43,0.02,92.06,23777.26,1
2023-06-25,2023-06-25 11:35:00,260.43,260.48,260.43,260.48,0.02,92.06,23777.26,1
2023-06-25,2023-06-25 11:36:00,260.48,260.53,260.48,260.53,0.02,92.06,23777.26,1
2023-06-25,2023-06-25 11:37:00,260.53,260.57,260.53,260.57,0.02,92.06,23777.26,1
2023-06-25,2023-06-25 11:38:00,260.57,260.62,260.57,260.62,0.02,92.06,23777.26,1
2023-06-25,2023-06-25 11:39:00,260.62,260.67,260.62,260.67,0.02,92.06,23777.26,1
2023-06-25,2023-06-25 11:40:00,260.67,260.71,260.67,260.71,0.02,92.06,23777.26,1
2023-06-25,2023-06-25 11:41:00,260.71,260.76,260.71,260.76,0.02,92.06,23777.26,1
2023-06-25,2023-06-25 11:42:00,260.76,260.81,260.76,260.81,0.02,92.06,23777.26,1
2023-06-25,2023-06-25 11:43:00,260.81,260.85,260.81,260.85,0.02,92.06,23777.26,1
2023-06-25,2023-06-25 11:44:00,260.85,260.9,260.85,260.9,0.02,92.06,23777.26,1
2023-06-25,2023-06-25 11:45:00,260.9,260.95,260.9,260.95,0.02,92.06,23777.26,1
2023-06-25,2023-06-25 11:46:00,260.95,260.99,260.95,260.99,0.02,92.06,23777.26,1
2023-06-25,2023-06-25 11:47:00,260.99,261.04,260.99,261.04,0.02,92.06,23777.26,1
2023-06-25,2023-06-25 11:48:00,261.04,261.09,261.04,261.09,0.02,92.06,23777.26,1
2023-06-25,2023-06-25 11:49:00,261.09,261.13,261.09,261.13,0.02,92.06,23777.26,1
2023-06-25,2023-06-25 11:50:00,261.13,261.18,261.13,261.18,0.02,92.06,23777.26,1
2023-06-25,2023-06-25 11:51:00,261.18,261.23,261.18,261.23,0.02,92.06,23777.26,1
2023-06-25,2023-06-25 11:52:00,261.23,261.27,261.23,261.27,0.02,92.06,23777.26,1
2023-06-25,2023-06-25 11:53:00,261.27,261.32,261.27,261.32,0.02,92.06,23777.26,1
2023-06-25,2023-06-25 11:54:00,261.32,261.37,261.32,261.37,0.02,92.06,23777.26,1
2023-06-25,2023-06-25 11:55:00,261.37,261.41,261.37,261.41,0.02,92.06,23777.26,1
2023-06-25,2023-06-25 11:56:00,261.41,261.46,261.41,261.46,0.02,92.06,23777.26,1
2023-06-25,2023-06-25 11:57:00,261.46,261.51,261.46,261.51,0.02,92.06,23777.26,1
2023-06-25,2023-06-25 11:58:00,261.51,261.55,261.51,261.55,0.02,92.06,23777.26,1
2023-06-25,2023-06-25 11:59:00,261.55,261.6,261.55,261.6,0.02,92.06,23777.26,1
2023-06-25,2023-06-25 12:00:00,261.6,261.65,261.6,261.65,0.02,92.06,23777.26,1
2023-06-25,2023-06-25 12:01:00,261.65,261.69,261.65,261.69,0.02,92.06,23777.26,1
2023-06-25,2023-06-25 12:02:00,261.69,261.74,261.69,261.74,0.02,92.06,23777.26,1
2023-06-25,2023-06-25 12:03:00,261.74,261.79,261.74,261.79,0.02,92.06,23777.26,1
2023-06-25,2023-06-25 12:04:00,261.79,261.83,261.79,261.83,0.02,92.06,23777.26,1
2023-06-25,2023-06-25 12:05:00,261.83,261.88,261.83,261.88,0.02,92.06,23777.26,1
2023-06-25,2023-06-25 12:06:00,261.88,261.93,261.88,261.93,0.02,92.06,23777.26,1
2023-06-25,2023-06-25 12:07:00,261.93,261.97,261.93,261.97,0.02,92.06,23777.26,1
2023-06-25,2023-06-25 12:08:00,261.97,262.02,261.97,262.02,0.02,92.06,23777.26,1
2023-06-25,2023-06-25 12:09:00,262.02,262.07,262.02,262.07,0.02,92.06,23777.26,1
2023-06-25,2023-06-25 12:10:00,262.07,262.11,262.07,262.11,0.02,92.06,23777.26,1
2023-06-25,2023-06-25 12:11:00,262.11,262.16,262.11,262.16,0.02,92.06,23777.26,1
2023-06-25,2023-06-25 12:12:00,262.16,262.21,262.16,262.21,0.02,92.06,23777.26,1
2023-06-25,2023-06-25 12:13:00,262.21,262.25,262.21,262.25,0.02,92.06,23777.26,1
2023-06-25,2023-06-25 12:14:00,262.25,262.3,262.25,262.3,0.02,92.06,23777.26,1
2023-06-25,2023-06-25 12:15:00,262.3,262.35,262.3,262.35,0.02,92.06,23777.26,1
2023-06-25,2023-06-25 12:16:00,262.35,262.39,262.35,262.39,0.02,92.06,23777.26,1
2023-06-25,2023-06-25 12:17:00,262.39,262.44,262.39,262.44,0.02,92.06,23777.26,1
2023-06-25,2023-06-25 12:18:00,262.44,262.49,262.44,262.49,0.02,92.06,23777.26,1
2023-06-25,2023-06-25 12:19:00,262.49,262.53,262.49,262.53,0.02,92.06,23777.26,1
2023-06-25,2023-06-25 12:20:00,262.53,262.58,262.53,262.58,0.02,92.06,23777.26,1
2023-06-25,2023-06-25 12:21:00,262.58,262.63,262.58,262.63,0.02,92.06,23777.26,1
2023-06-25,2023-06-25 12:22:00,262.63,262.67,262.63,262.67,0.02,92.06,23777.26,1
2023-06-25,2023-06-25 12:23:00,262.67,262.72,262.67,262.72,0.02,92.06,23777.26,1
2023-06-25,2023-06-25 12:24:00,262.72,262.77,262.72,262.77,0.02,92.06,23777.26,1
2023-06-25,2023-06-25 12:25:00,262.77,262.81,262.77,262.81,0.02,92.06,23777.26,1
2023-06-25,2023-06-25 12:26:00,262.81,262.86,262.81,262.86,0.02,92.06,23777.26,1
2023-06-25,2023-06-25 12:27:00,262.86,262.91,262.86,262.91,0.02,92.06,23777.26,1
2023-06-25,2023-06-25 12:28:00,262.91,262.95,262.91,262.95,0.02,92.06,23777.26,1
2023-06-25,2023-06-25 12:29:00,262.95,263.0,262.95,263.0,0.02,92.06,23777.26,1
2023-06-25,2023-06-25 12:30:00,263.0,263.05,263.0,263.05,0.02,92.06,23777.26,1
2023-06-25,2023-06-25 12:31:00,263.05,263.09,263.05,263.09,0.02,92.06,23777.26,1
2023-06-25,2023-06-25 12:32:00,263.09,263.14,263.09,263.14,0.02,92.06,23777.26,1
2023-06-25,2023-06-25 12:33:00,263.14,263.19,263.14,263.19,0.02,92.06,23777.26,1
2023-06-25,2023-06-25 12:34:00,263.19,263.23,263.19,263.23,0.02,92.06,23777.26,1
2023-06-25,2023-06-25 12:35:00,263.23,263.28,263.23,263.28,0.02,92.06,23777.26,1
2023-06-25,2023-06-25 12:36:00,263.28,263.33,263.28,263.33,0.02,92.06,23777.26,1
2023-06-25,2023-06-25 12:37:00,263.33,263.37,263.33,263.37,0.02,92.06,23777.26,1
2023-06-25,2023-06-25 12:38:00,263.37,263.42,263.37,263.42,0.02,92.06,23777.26,1
2023-06-25,2023-06-25 12:39:00,263.42,263.47,263.42,263.47,0.02,92.06,23777.26,1
2023-06-25,2023-06-25 12:40:00,263.47,263.51,263.47,263.51,0.02,92.06,23777.26,1
2023-06-25,2023-06-25 12:41:00,263.51,263.56,263.51,263.56,0.02,92.06,23777.26,1
2023-06-25,2023-06-25 12:42:00,263.56,263.61,263.56,263.61,0.02,92.06,23777.26,1
2023-06-25,2023-06-25 12:43:00,263.61,263.65,263.61,263.65,0.02,92.06,23777.26,1
2023-06-25,2023-06-25 12:44:00,263.65,263.7,263.65,263.7,0.02,92.06,23777.26,1
2023-06-25,2023-06-25 12:45:00,263.7,263.75,263.7,263.75,0.02,92.06,23777.26,1
2023-06-25,2023-06-25 12:46:00,263.75,263.79,263.75,263.79,0.02,92.06,23777.26,1
2023-06-25,2023-06-25 12:47:00,263.79,263.84,263.79,263.84,0.02,92.06,23777.26,1
2023-06-25,2023-06-25 12:48:00,263.84,263.89,263.84,263.89,0.02,92.06,23777.26,1
2023-06-25,2023-06-25 12:49:00,263.89,263.93,263.89,263.93,0.02,92.06,23777.26,1
2023-06-25,2023-06-25 12:50:00,263.93,263.98,263.93,263.98,0.02,92.06,23777.26,1
2023-06-25,2023-06-25 12:51:00,263.98,264.03,263.98,264.03,0.02,92.06,23777.26,1
2023-06-25,2023-06-25 12:52:00,264.03,264.07,264.03,264.07,0.02,92.06,23777.26,1
2023-06-25,2023-06-25 12:53:00,264.07,264.12,264.07,264.12,0.02,92.06,23777.26,1
2023-06-25,2023-06-25 12:54:00,264.12,264.17,264.12,264.17,0.02,92.06,23777.26,1
2023-06-25,2023-06-25 12:55:00,264.17,264.21,264.17,264.21,0.02,92.06,23777.26,1
2023-06-25,2023-06-25 12:56:00,264.21,264.26,264.21,264.26,0.02,92.06,23777.26,1
2023-06-25,2023-06-25 12:57:00,264.26,264.31,264.26,264.31,0.02,92.06,23777.26,1
2023-06-25,2023-06-25 12:58:00,264.31,264.35,264.31,264.35,0.02,92.06,23777.26,1
2023-06-25,2023-06-25 12:59:00,264.35,264.4,264.35,264.4,0.02,92.06,23777.26,1
2023-06-25,2023-06-25 13:00:00,264.4,270.4,252.1,264.45,0.02,92.06,23777.26,1
2023-06-25,2023-06-25 13:01:00,264.45,264.49,264.45,264.49,0.02,92.06,23777.26,1
2023-06-25,2023-06-25 13:02:00,264.49,264.54,264.49,264.54,0.02,92.06,23777.26,1
2023-06-25,2023-06-25 13:03:00,264.54,264.59,264.54,264.59,0.02,92.06,23777.26,1
2023-06-25,2023-06-25 13:04:00,264.59,264.63,264.59,264.63,0.02,92.06,23777.26,1
2023-06-25,2023-06-25 13:05:00,264.63,264.68,264.63,264.68,0.02,92.06,23777.26,1
2023-06-25,2023-06-25 13:06:00,264.68,264.73,264.68,264.73,0.02,92.06,23777.26,1
2023-06-25,2023-06-25 13:07:00,264.73,264.77,264.73,264.77,0.02,92.06,23777.26,1
2023-06-25,2023-06-25 13:08:00,264.77,264.82,264.77,264.82,0.02,92.06,23777.26,1
2023-06-25,2023-06-25 13:09:00,264.82,264.87,264.82,264.87,0.02,92.06,23777.26,1
2023-06-25,2023-06-25 13:10:00,264.87,264.91,264.87,264.91,0.02,92.06,23777.26,1
2023-06-25,2023-06-25 13:11:00,264.91,264.96,264.91,264.96,0.02,92.06,23777.26,1
2023-06-25,2023-06-25 13:12:00,264.96,265.01,264.96,265.01,0.02,92.06,23777.26,1
2023-06-25,2023-06-25 13:13:00,265.01,265.05,265.01,265.05,0.02,92.06,23777.26,1
2023-06-25,2023-06-25 13:14:00,265.05,265.1,265.05,265.1,0.02,92.06,23777.26,1
2023-06-25,2023-06-25 13:15:00,265.1,265.15,265.1,265.15,0.02,92.06,23777.26,1
2023-06-25,2023-06-25 13:16:00,265.15,265.19,265.15,265.19,0.02,92.06,23777.26,1
2023-06-25,2023-06-25 13:17:00,265.19,265.24,265.19,265.24,0.02,92.06,23777.26,1
2023-06-25,2023-06-25 13:18:00,265.24,265.29,265.24,265.29,0.02,92.06,23777.26,1
2023-06-25,2023-06-25 13:19:00,265.29,265.33,265.29,265.33,0.02,92.06,23777.26,1
2023-06-25,2023-06-25 13:20:00,265.33,265.38,265.33,265.38,0.02,92.06,23777.26,1
2023-06-25,2023-06-25 13:21:00,265.38,265.43,265.38,265.43,0.02,92.06,23777.26,1
2023-06-25,2023-06-25 13:22:00,265.43,265.47,265.43,265.47,0.02,92.06,23777.26,1
2023-06-25,2023-06-25 13:23:00,265.47,265.52,265.47,265.52,0.02,92.06,23777.26,1
2023-06-25,2023-06-25 13:24:00,265.52,265.57,265.52,265.57,0.02,92.06,23777.26,1
2023-06-25,2023-06-25 13:25:00,265.57,265.61,265.57,265.61,0.02,92.06,23777.26,1
2023-06-25,2023-06-25 13:26:00,265.61,265.66,265.61,265.66,0.02,92.06,23777.26,1
2023-06-25,2023-06-25 13:27:00,265.66,265.71,265.66,265.71,0.02,92.06,23777.26,1
2023-06-25,2023-06-25 13:28:00,265.71,265.75,265.71,265.75,0.02,92.06,23777.26,1
2023-06-25,2023-06-25 13:29:00,265.75,265.8,265.75,265.8,0.02,92.06,23777.26,1
2023-06-25,2023-06-25 13:30:00,265.8,265.85,265.8,265.85,0.02,92.06,23777.26,1
2023-06-25,2023-06-25 13:31:00,265.85,265.89,265.85,265.89,0.02,92.06,23777.26,1
2023-06-25,2023-06-25 13:32:00,265.89,265.94,265.89,265.94,0.02,92.06,23777.26,1
2023-06-25,2023-06-25 13:33:00,265.94,265.99,265.94,265.99,0.02,92.06,23777.26,1
2023-06-25,2023-06-25 13:34:00,265.99,266.03,265.99,266.03,0.02,92.06,23777.26,1
2023-06-25,2023-06-25 13:35:00,266.03,266.08,266.03,266.08,0.02,92.06,23777.26,1
2023-06-25,2023-06-25 13:36:00,266.08,266.13,266.08,266.13,0.02,92.06,23777.26,1
2023-06-25,2023-06-25 13:37:00,266.13,266.17,266.13,266.17,0.02,92.06,23777.26,1
2023-06-25,2023-06-25 13:38:00,266.17,266.22,266.17,266.22,0.02,92.06,23777.26,1
2023-06-25,2023-06-25 13:39:00,266.22,266.27,266.22,266.27,0.02,92.06,23777.26,1
2023-06-25,2023-06-25 13:40:00,266.27,266.31,266.27,266.31,0.02,92.06,23777.26,1
2023-06-25,2023-06-25 13:41:00,266.31,266.36,266.31,266.36,0.02,92.06,23777.26,1
2023-06-25,2023-06-25 13:42:00,266.36,266.41,266.36,266.41,0.02,92.06,23777.26,1
2023-06-25,2023-06-25 13:43:00,266.41,266.45,266.41,266.45,0.02,92.06,23777.26,1
2023-06-25,2023-06-25 13:44:00,266.45,266.5,266.45,266.5,0.02,92.06,23777.26,1
2023-06-25,2023-06-25 13:45:00,266.5,266.55,266.5,266.55,0.02,92.06,23777.26,1
2023-06-25,2023-06-25 13:46:00,266.55,266.59,266.55,266.59,0.02,92.06,23777.26,1
2023-06-25,2023-06-25 13:47:00,266.59,266.64,266.59,266.64,0.02,92.06,23777.26,1
2023-06-25,2023-06-25 13:48:00,266.64,266.69,266.64,266.69,0.02,92.06,23777.26,1
2023-06-25,2023-06-25 13:49:00,266.69,266.73,266.69,266.73,0.01,92.06,23777.26,1
2023-06-25,2023-06-25 13:50:00,266.73,266.78,266.73,266.78,0.02,92.06,23777.26,1
2023-06-25,2023-06-25 13:51:00,266.78,266.83,266.78,266.83,0.02,92.06,23777.26,1
2023-06-25,2023-06-25 13:52:00,266.83,266.87,266.83,266.87,0.01,92.06,23777.26,1
2023-06-25,2023-06-25 13:53:00,266.87,266.92,266.87,266.92,0.02,92.06,23777.26,1
2023-06-25,2023-06-25 13:54:00,266.92,266.97,266.92,266.97,0.02,92.06,23777.26,1
2023-06-25,2023-06-25 13:55:00,266.97,267.01,266.97,267.01,0.01,92.06,23777.26,1
2023-06-25,2023-06-25 13:56:00,267.01,267.06,267.01,267.06,0.02,92.06,23777.26,1
2023-06-25,2023-06-25 13:57:00,267.06,267.11,267.06,267.11,0.02,92.06,23777.26,1
2023-06-25,2023-06-25 13:58:00,267.11,267.15,267.11,267.15,0.01,92.06,23777.26,1
2023-06-25,2023-06-25 13:59:00,267.15,267.2,267.15,267.2,0.02,92.06,23777.26,1
2023-06-25,2023-06-25 14:00:00,267.2,267.25,267.2,267.25,0.02,92.06,23777.26,1
2023-06-25,2023-06-25 14:01:00,267.25,267.29,267.25,267.29,0.01,92.06,23777.26,1
2023-06-25,2023-06-25 14:02:00,267.29,267.34,267.29,267.34,0.02,92.06,23777.26,1
2023-06-25,2023-06-25 14:03:00,267.34,267.39,267.34,267.39,0.02,92.06,23777.26,1
2023-06-25,2023-06-25 14:04:00,267.39,267.43,267.39,267.43,0.01,92.06,23777.26,1
2023-06-25,2023-06-25 14:05:00,267.43,267.48,267.43,267.48,0.02,92.06,23777.26,1
2023-06-25,2023-06-25 14:06:00,267.48,267.53,267.48,267.53,0.02,92.06,23777.26,1
2023-06-25,2023-06-25 14:07:00,267.53,267.57,267.53,267.57,0.01,92.06,23777.26,1
2023-06-25,2023-06-25 14:08:00,267.57,267.62,267.57,267.62,0.02,92.06,23777.26,1
2023-06-25,2023-06-25 14:09:00,267.62,267.67,267.62,267.67,0.02,92.06,23777.26,1
2023-06-25,2023-06-25 14:10:00,267.67,267.71,267.67,267.71,0.01,92.06,23777.26,1
2023-06-25,2023-06-25 14:11:00,267.71,267.76,267.71,267.76,0.02,92.06,23777.26,1
2023-06-25,2023-06-25 14:12:00,267.76,267.81,267.76,267.81,0.02,92.06,23777.26,1
2023-06-25,2023-06-25 14:13:00,267.81,267.85,267.81,267.85,0.01,92.06,23777.26,1
2023-06-25,2023-06-25 14:14:00,267.85,267.9,267.85,267.9,0.02,92.06,23777.26,1
2023-06-25,2023-06-25 14:15:00,267.9,267.95,267.9,267.95,0.02,92.06,23777.26,1
2023-06-25,2023-06-25 14:16:00,267.95,267.99,267.95,267.99,0.01,92.06,23777.26,1
2023-06-25,2023-06-25 14:17:00,267.99,268.04,267.99,268.04,0.02,92.06,23777.26,1
2023-06-25,2023-06-25 14:18:00,268.04,268.09,268.04,268.09,0.02,92.06,23777.26,1
2023-06-25,2023-06-25 14:19:00,268.09,268.13,268.09,268.13,0.01,92.06,23777.26,1
2023-06-25,2023-06-25 14:20:00,268.13,268.18,268.13,268.18,0.02,92.06,23777.26,1
2023-06-25,2023-06-25 14:21:00,268.18,268.23,268.18,268.23,0.02,92.06,23777.26,1
2023-06-25,2023-06-25 14:22:00,268.23,268.27,268.23,268.27,0.01,92.06,23777.26,1
2023-06-25,2023-06-25 14:23:00,268.27,268.32,268.27,268.32,0.02,92.06,23777.26,1
2023-06-25,2023-06-25 14:24:00,268.32,268.37,268.32,268.37,0.02,92.06,23777.26,1
2023-06-25,2023-06-25 14:25:00,268.37,268.41,268.37,268.41,0.01,92.06,23777.26,1
2023-06-25,2023-06-25 14:26:00,268.41,268.46,268.41,268.46,0.02,92.06,23777.26,1
2023-06-25,2023-06-25 14:27:00,268.46,268.51,268.46,268.51,0.02,92.06,23777.26,1
2023-06-25,2023-06-25 14:28:00,268.51,268.55,268.51,268.55,0.01,92.06,23777.26,1
2023-06-25,2023-06-25 14:29:00,268.55,268.6,268.55,268.6,0.02,92.06,23777.26,1
2023-06-25,2023-06-25 14:30:00,268.6,268.65,268.6,268.65,0.02,92.06,23777.26,1
2023-06-25,2023-06-25 14:31:00,268.65,268.69,268.65,268.69,0.01,92.06,23777.26,1
2023-06-25,2023-06-25 14:32:00,268.69,268.74,268.69,268.74,0.02,92.06,23777.26,1
2023-06-25,2023-06-25 14:33:00,268.74,268.79,268.74,268.79,0.02,92.06,23777.26,1
2023-06-25,2023-06-25 14:34:00,268.79,268.83,268.79,268.83,0.01,92.06,23777.26,1
2023-06-25,2023-06-25 14:35:00,268.83,268.88,268.83,268.88,0.02,92.06,23777.26,1
2023-06-25,2023-06-25 14:36:00,268.88,268.93,268.88,268.93,0.02,92.06,23777.26,1
2023-06-25,2023-06-25 14:37:00,268.93,268.97,268.93,268.97,0.01,92.06,23777.26,1
2023-06-25,2023-06-25 14:38:00,268.97,269.02,268.97,269.02,0.02,92.06,23777.26,1
2023-06-25,2023-06-25 14:39:00,269.02,269.07,269.02,269.07,0.02,92.06,23777.26,1
2023-06-25,2023-06-25 14:40:00,269.07,269.11,269.07,269.11,0.01,92.06,23777.26,1
2023-06-25,2023-06-25 14:41:00,269.11,269.16,269.11,269.16,0.02,92.06,23777.26,1
2023-06-25,2023-06-25 14:42:00,269.16,269.21,269.16,269.21,0.02,92.06,23777.26,1
2023-06-25,2023-06-25 14:43:00,269.21,269.25,269.21,269.25,0.01,92.06,23777.26,1
2023-06-25,2023-06-25 14:44:00,269.25,269.3,269.25,269.3,0.02,92.06,23777.26,1
2023-06-25,2023-06-25 14:45:00,269.3,269.35,269.3,269.35,0.02,92.06,23777.26,1
2023-06-25,2023-06-25 14:46:00,269.35,269.39,269.35,269.39,0.01,92.06,23777.26,1
2023-06-25,2023-06-25 14:47:00,269.39,269.44,269.39,269.44,0.02,92.06,23777.26,1
2023-06-25,2023-06-25 14:48:00,269.44,269.49,269.44,269.49,0.02,92.06,23777.26,1
2023-06-25,2023-06-25 14:49:00,269.49,269.53,269.49,269.53,0.01,92.06,23777.26,1
2023-06-25,2023-06-25 14:50:00,269.53,269.58,269.53,269.58,0.02,92.06,23777.26,1
2023-06-25,2023-06-25 14:51:00,269.58,269.63,269.58,269.63,0.02,92.06,23777.26,1
2023-06-25,2023-06-25 14:52:00,269.63,269.67,269.63,269.67,0.01,92.06,23777.26,1
2023-06-25,2023-06-25 14:53:00,269.67,269.72,269.67,269.72,0.02,92.06,23777.26,1
2023-06-25,2023-06-25 14:54:00,269.72,269.77,269.72,269.77,0.02,92.06,23777.26,1
2023-06-25,2023-06-25 14:55:00,269.77,269.81,269.77,269.81,0.01,92.06,23777.26,1
2023-06-25,2023-06-25 14:56:00,269.81,269.86,269.81,269.86,0.02,92.06,23777.26,1
2023-06-25,2023-06-25 14:57:00,269.86,269.91,269.86,269.91,0.02,92.06,23777.26,1
2023-06-25,2023-06-25 14:58:00,269.91,269.95,269.91,269.95,0.01,92.06,23777.26,1
2023-06-25,2023-06-25 14:59:00,269.95,270.0,269.95,270.0,0.02,92.06,23777.26,1
2023-06-25,2023-06-25 15:00:00,270.0,270.4,252.1,270.0,0.0,92.06,23777.26,0
2023-06-26,2023-06-26 11:00:00,265.0,269.5,263.5,265.02,0.01,68.63,18168.34,1
2023-06-26,2023-06-26 11:01:00,265.02,265.03,265.02,265.03,0.0,68.63,18168.34,1
2023-06-26,2023-06-26 11:02:00,265.03,265.05,265.03,265.05,0.01,68.63,18168.34,1
2023-06-26,2023-06-26 11:03:00,265.05,265.07,265.05,265.07,0.01,68.63,18168.34,1
2023-06-26,2023-06-26 11:04:00,265.07,265.08,265.07,265.08,0.0,68.63,18168.34,1
2023-06-26,2023-06-26 11:05:00,265.08,265.1,265.08,265.1,0.01,68.63,18168.34,1
2023-06-26,2023-06-26 11:06:00,265.1,265.12,265.1,265.12,0.01,68.63,18168.34,1
2023-06-26,2023-06-26 11:07:00,265.12,265.13,265.12,265.13,0.0,68.63,18168.34,1
2023-06-26,2023-06-26 11:08:00,265.13,265.15,265.13,265.15,0.01,68.63,18168.34,1
2023-06-26,2023-06-26 11:09:00,265.15,265.17,265.15,265.17,0.01,68.63,18168.34,1
2023-06-26,2023-06-26 11:10:00,265.17,265.18,265.17,265.18,0.0,68.63,18168.34,1
2023-06-26,2023-06-26 11:11:00,265.18,265.2,265.18,265.2,0.01,68.63,18168.34,1
2023-06-26,2023-06-26 11:12:00,265.2,265.22,265.2,265.22,0.01,68.63,18168.34,1
2023-06-26,2023-06-26 11:13:00,265.22,265.23,265.22,265.23,0.0,68.63,18168.34,1
2023-06-26,2023-06-26 11:14:00,265.23,265.25,265.23,265.25,0.01,68.63,18168.34,1
2023-06-26,2023-06-26 11:15:00,265.25,265.27,265.25,265.27,0.01,68.63,18168.34,1
2023-06-26,2023-06-26 11:16:00,265.27,265.28,265.27,265.28,0.0,68.63,18168.34,1
2023-06-26,2023-06-26 11:17:00,265.28,265.3,265.28,265.3,0.01,68.63,18168.34,1
2023-06-26,2023-06-26 11:18:00,265.3,265.32,265.3,265.32,0.01,68.63,18168.34,1
2023-06-26,2023-06-26 11:19:00,265.32,265.33,265.32,265.33,0.0,68.63,18168.34,1
2023-06-26,2023-06-26 11:20:00,265.33,265.35,265.33,265.35,0.01,68.63,18168.34,1
2023-06-26,2023-06-26 11:21:00,265.35,265.37,265.35,265.37,0.01,68.63,18168.34,1
2023-06-26,2023-06-26 11:22:00,265.37,265.38,265.37,265.38,0.0,68.63,18168.34,1
2023-06-26,2023-06-26 11:23:00,265.38,265.4,265.38,265.4,0.01,68.63,18168.34,1
2023-06-26,2023-06-26 11:24:00,265.4,265.42,265.4,265.42,0.01,68.63,18168.34,1
2023-06-26,2023-06-26 11:25:00,265.42,265.43,265.42,265.43,0.0,68.63,18168.34,1
2023-06-26,2023-06-26 11:26:00,265.43,265.45,265.43,265.45,0.01,68.63,18168.34,1
2023-06-26,2023-06-26 11:27:00,265.45,265.47,265.45,265.47,0.01,68.63,18168.34,1
2023-06-26,2023-06-26 11:28:00,265.47,265.48,265.47,265.48,0.0,68.63,18168.34,1
2023-06-26,2023-06-26 11:29:00,265.48,265.5,265.48,265.5,0.01,68.63,18168.34,1
2023-06-26,2023-06-26 11:30:00,265.5,265.52,265.5,265.52,0.01,68.63,18168.34,1
2023-06-26,2023-06-26 11:31:00,265.52,265.53,265.52,265.53,0.0,68.63,18168.34,1
2023-06-26,2023-06-26 11:32:00,265.53,265.55,265.53,265.55,0.01,68.63,18168.34,1
2023-06-26,2023-06-26 11:33:00,265.55,265.57,265.55,265.57,0.01,68.63,18168.34,1
2023-06-26,2023-06-26 11:34:00,265.57,265.58,265.57,265.58,0.0,68.63,18168.34,1
2023-06-26,2023-06-26 11:35:00,265.58,265.6,265.58,265.6,0.01,68.63,18168.34,1
2023-06-26,2023-06-26 11:36:00,265.6,265.62,265.6,265.62,0.01,68.63,18168.34,1
2023-06-26,2023-06-26 11:37:00,265.62,265.63,265.62,265.63,0.0,68.63,18168.34,1
2023-06-26,2023-06-26 11:38:00,265.63,265.65,265.63,265.65,0.01,68.63,18168.34,1
2023-06-26,2023-06-26 11:39:00,265.65,265.67,265.65,265.67,0.01,68.63,18168.34,1
2023-06-26,2023-06-26 11:40:00,265.67,265.68,265.67,265.68,0.0,68.63,18168.34,1
2023-06-26,2023-06-26 11:41:00,265.68,265.7,265.68,265.7,0.01,68.63,18168.34,1
2023-06-26,2023-06-26 11:42:00,265.7,265.72,265.7,265.72,0.01,68.63,18168.34,1
2023-06-26,2023-06-26 11:43:00,265.72,265.73,265.72,265.73,0.0,68.63,18168.34,1
2023-06-26,2023-06-26 11:44:00,265.73,265.75,265.73,265.75,0.01,68.63,18168.34,1
2023-06-26,2023-06-26 11:45:00,265.75,265.77,265.75,265.77,0.01,68.63,18168.34,1
2023-06-26,2023-06-26 11:46:00,265.77,265.78,265.77,265.78,0.0,68.63,18168.34,1
2023-06-26,2023-06-26 11:47:00,265.78,265.8,265.78,265.8,0.01,68.63,18168.34,1
2023-06-26,2023-06-26 11:48:00,265.8,265.82,265.8,265.82,0.01,68.63,18168.34,1
2023-06-26,2023-06-26 11:49:00,265.82,265.83,265.82,265.83,0.0,68.63,18168.34,1
2023-06-26,2023-06-26 11:50:00,265.83,265.85,265.83,265.85,0.01,68.63,18168.34,1
2023-06-26,2023-06-26 11:51:00,265.85,265.87,265.85,265.87,0.01,68.63,18168.34,1
2023-06-26,2023-06-26 11:52:00,265.87,265.88,265.87,265.88,0.0,68.63,18168.34,1
2023-06-26,2023-06-26 11:53:00,265.88,265.9,265.88,265.9,0.01,68.63,18168.34,1
2023-06-26,2023-06-26 11:54:00,265.9,265.92,265.9,265.92,0.01,68.63,18168.34,1
2023-06-26,2023-06-26 11:55:00,265.92,265.93,265.92,265.93,0.0,68.63,18168.34,1
2023-06-26,2023-06-26 11:56:00,265.93,265.95,265.93,265.95,0.01,68.63,18168.34,1
2023-06-26,2023-06-26 11:57:00,265.95,265.97,265.95,265.97,0.01,68.63,18168.34,1
2023-06-26,2023-06-26 11:58:00,265.97,265.98,265.97,265.98,0.0,68.63,18168.34,1
2023-06-26,2023-06-26 11:59:00,265.98,266.0,265.98,266.0,0.01,68.63,18168.34,1
2023-06-26,2023-06-26 12:00:00,266.0,266.02,266.0,266.02,0.01,68.63,18168.34,1
2023-06-26,2023-06-26 12:01:00,266.02,266.03,266.02,266.03,0.0,68.63,18168.34,1
2023-06-26,2023-06-26 12:02:00,266.03,266.05,266.03,266.05,0.01,68.63,18168.34,1
2023-06-26,2023-06-26 12:03:00,266.05,266.07,266.05,266.07,0.01,68.63,18168.34,1
2023-06-26,2023-06-26 12:04:00,266.07,266.08,266.07,266.08,0.0,68.63,18168.34,1
2023-06-26,2023-06-26 12:05:00,266.08,266.1,266.08,266.1,0.01,68.63,18168.34,1
2023-06-26,2023-06-26 12:06:00,266.1,266.12,266.1,266.12,0.01,68.63,18168.34,1
2023-06-26,2023-06-26 12:07:00,266.12,266.13,266.12,266.13,0.0,68.63,18168.34,1
2023-06-26,2023-06-26 12:08:00,266.13,266.15,266.13,266.15,0.01,68.63,18168.34,1
2023-06-26,2023-06-26 12:09:00,266.15,266.17,266.15,266.17,0.01,68.63,18168.34,1
2023-06-26,2023-06-26 12:10:00,266.17,266.18,266.17,266.18,0.0,68.63,18168.34,1
2023-06-26,2023-06-26 12:11:00,266.18,266.2,266.18,266.2,0.01,68.63,18168.34,1
2023-06-26,2023-06-26 12:12:00,266.2,266.22,266.2,266.22,0.01,68.63,18168.34,1
2023-06-26,2023-06-26 12:13:00,266.22,266.23,266.22,266.23,0.0,68.63,18168.34,1
2023-06-26,2023-06-26 12:14:00,266.23,266.25,266.23,266.25,0.01,68.63,18168.34,1
2023-06-26,2023-06-26 12:15:00,266.25,266.27,266.25,266.27,0.01,68.63,18168.34,1
2023-06-26,2023-06-26 12:16:00,266.27,266.28,266.27,266.28,0.0,68.63,18168.34,1
2023-06-26,2023-06-26 12:17:00,266.28,266.3,266.28,266.3,0.01,68.63,18168.34,1
2023-06-26,2023-06-26 12:18:00,266.3,266.32,266.3,266.32,0.01,68.63,18168.34,1
2023-06-26,2023-06-26 12:19:00,266.32,266.33,266.32,266.33,0.0,68.63,18168.34,1
2023-06-26,2023-06-26 12:20:00,266.33,266.35,266.33,266.35,0.01,68.63,18168.34,1
2023-06-26,2023-06-26 12:21:00,266.35,266.37,266.35,266.37,0.01,68.63,18168.34,1
2023-06-26,2023-06-26 12:22:00,266.37,266.38,266.37,266.38,0.0,68.63,18168.34,1
2023-06-26,2023-06-26 12:23:00,266.38,266.4,266.38,266.4,0.01,68.63,18168.34,1
2023-06-26,2023-06-26 12:24:00,266.4,266.42,266.4,266.42,0.01,68.63,18168.34,1
2023-06-26,2023-06-26 12:25:00,266.42,266.43,266.42,266.43,0.0,68.63,18168.34,1
2023-06-26,2023-06-26 12:26:00,266.43,266.45,266.43,266.45,0.01,68.63,18168.34,1
2023-06-26,2023-06-26 12:27:00,266.45,266.47,266.45,266.47,0.01,68.63,18168.34,1
2023-06-26,2023-06-26 12:28:00,266.47,266.48,266.47,266.48,0.0,68.63,18168.34,1
2023-06-26,2023-06-26 12:29:00,266.48,266.5,266.48,266.5,0.01,68.63,18168.34,1
2023-06-26,2023-06-26 12:30:00,266.5,266.52,266.5,266.52,0.01,68.63,18168.34,1
2023-06-26,2023-06-26 12:31:00,266.52,266.53,266.52,266.53,0.0,68.63,18168.34,1
2023-06-26,2023-06-26 12:32:00,266.53,266.55,266.53,266.55,0.01,68.63,18168.34,1
2023-06-26,2023-06-26 12:33:00,266.55,266.57,266.55,266.57,0.01,68.63,18168.34,1
2023-06-26,2023-06-26 12:34:00,266.57,266.58,266.57,266.58,0.0,68.63,18168.34,1
2023-06-26,2023-06-26 12:35:00,266.58,266.6,266.58,266.6,0.01,68.63,18168.34,1
2023-06-26,2023-06-26 12:36:00,266.6,266.62,266.6,266.62,0.01,68.63,18168.34,1
2023-06-26,2023-06-26 12:37:00,266.62,266.63,266.62,266.63,0.0,68.63,18168.34,1
2023-06-26,2023-06-26 12:38:00,266.63,266.65,266.63,266.65,0.01,68.63,18168.34,1
2023-06-26,2023-06-26 12:39:00,266.65,266.67,266.65,266.67,0.01,68.63,18168.34,1
2023-06-26,2023-06-26 12:40:00,266.67,266.68,266.67,266.68,0.0,68.63,18168.34,1
2023-06-26,2023-06-26 12:41:00,266.68,266.7,266.68,266.7,0.01,68.63,18168.34,1
2023-06-26,2023-06-26 12:42:00,266.7,266.72,266.7,266.72,0.01,68.63,18168.34,1
2023-06-26,2023-06-26 12:43:00,266.72,266.73,266.72,266.73,0.0,68.63,18168.34,1
2023-06-26,2023-06-26 12:44:00,266.73,266.75,266.73,266.75,0.01,68.63,18168.34,1
2023-06-26,2023-06-26 12:45:00,266.75,266.77,266.75,266.77,0.01,68.63,18168.34,1
2023-06-26,2023-06-26 12:46:00,266.77,266.78,266.77,266.78,0.0,68.63,18168.34,1
2023-06-26,2023-06-26 12:47:00,266.78,266.8,266.78,266.8,0.01,68.63,18168.34,1
2023-06-26,2023-06-26 12:48:00,266.8,266.82,266.8,266.82,0.01,68.63,18168.34,1
2023-06-26,2023-06-26 12:49:00,266.82,266.83,266.82,266.83,0.0,68.63,18168.34,1
2023-06-26,2023-06-26 12:50:00,266.83,266.85,266.83,266.85,0.01,68.63,18168.34,1
2023-06-26,2023-06-26 12:51:00,266.85,266.87,266.85,266.87,0.01,68.63,18168.34,1
2023-06-26,2023-06-26 12:52:00,266.87,266.88,266.87,266.88,0.0,68.63,18168.34,1
2023-06-26,2023-06-26 12:53:00,266.88,266.9,266.88,266.9,0.01,68.63,18168.34,1
2023-06-26,2023-06-26 12:54:00,266.9,266.92,266.9,266.92,0.01,68.63,18168.34,1
2023-06-26,2023-06-26 12:55:00,266.92,266.93,266.92,266.93,0.0,68.63,18168.34,1
2023-06-26,2023-06-26 12:56:00,266.93,266.95,266.93,266.95,0.01,68.63,18168.34,1
2023-06-26,2023-06-26 12:57:00,266.95,266.97,266.95,266.97,0.01,68.63,18168.34,1
2023-06-26,2023-06-26 12:58:00,266.97,266.98,266.97,266.98,0.0,68.63,18168.34,1
2023-06-26,2023-06-26 12:59:00,266.98,267.0,266.98,267.0,0.01,68.63,18168.34,1
2023-06-26,2023-06-26 13:00:00,267.0,280.0,260.0,267.02,0.01,68.63,18168.34,1
2023-06-26,2023-06-26 13:01:00,267.02,267.03,267.02,267.03,0.0,68.63,18168.34,1
2023-06-26,2023-06-26 13:02:00,267.03,267.05,267.03,267.05,0.01,68.63,18168.34,1
2023-06-26,2023-06-26 13:03:00,267.05,267.07,267.05,267.07,0.01,68.63,18168.34,1
2023-06-26,2023-06-26 13:04:00,267.07,267.08,267.07,267.08,0.0,68.63,18168.34,1
2023-06-26,2023-06-26 13:05:00,267.08,267.1,267.08,267.1,0.01,68.63,18168.34,1
2023-06-26,2023-06-26 13:06:00,267.1,267.12,267.1,267.12,0.01,68.63,18168.34,1
2023-06-26,2023-06-26 13:07:00,267.12,267.13,267.12,267.13,0.0,68.63,18168.34,1
2023-06-26,2023-06-26 13:08:00,267.13,267.15,267.13,267.15,0.01,68.63,18168.34,1
2023-06-26,2023-06-26 13:09:00,267.15,267.17,267.15,267.17,0.01,68.63,18168.34,1
2023-06-26,2023-06-26 13:10:00,267.17,267.18,267.17,267.18,0.0,68.63,18168.34,1
2023-06-26,2023-06-26 13:11:00,267.18,267.2,267.18,267.2,0.01,68.63,18168.34,1
2023-06-26,2023-06-26 13:12:00,267.2,267.22,267.2,267.22,0.01,68.63,18168.34,1
2023-06-26,2023-06-26 13:13:00,267.22,267.23,267.22,267.23,0.0,68.63,18168.34,1
2023-06-26,2023-06-26 13:14:00,267.23,267.25,267.23,267.25,0.01,68.63,18168.34,1
2023-06-26,2023-06-26 13:15:00,267.25,267.27,267.25,267.27,0.01,68.63,18168.34,1
2023-06-26,2023-06-26 13:16:00,267.27,267.28,267.27,267.28,0.0,68.63,18168.34,1
2023-06-26,2023-06-26 13:17:00,267.28,267.3,267.28,267.3,0.01,68.63,18168.34,1
2023-06-26,2023-06-26 13:18:00,267.3,267.32,267.3,267.32,0.01,68.63,18168.34,1
2023-06-26,2023-06-26 13:19:00,267.32,267.33,267.32,267.33,0.0,68.63,18168.34,1
2023-06-26,2023-06-26 13:20:00,267.33,267.35,267.33,267.35,0.01,68.63,18168.34,1
2023-06-26,2023-06-26 13:21:00,267.35,267.37,267.35,267.37,0.01,68.63,18168.34,1
2023-06-26,2023-06-26 13:22:00,267.37,267.38,267.37,267.38,0.0,68.63,18168.34,1
2023-06-26,2023-06-26 13:23:00,267.38,267.4,267.38,267.4,0.01,68.63,18168.34,1
2023-06-26,2023-06-26 13:24:00,267.4,267.42,267.4,267.42,0.01,68.63,18168.34,1
2023-06-26,2023-06-26 13:25:00,267.42,267.43,267.42,267.43,0.0,68.63,18168.34,1
2023-06-26,2023-06-26 13:26:00,267.43,267.45,267.43,267.45,0.01,68.63,18168.34,1
2023-06-26,2023-06-26 13:27:00,267.45,267.47,267.45,267.47,0.01,68.63,18168.34,1
2023-06-26,2023-06-26 13:28:00,267.47,267.48,267.47,267.48,0.0,68.63,18168.34,1
2023-06-26,2023-06-26 13:29:00,267.48,267.5,267.48,267.5,0.01,68.63,18168.34,1
2023-06-26,2023-06-26 13:30:00,267.5,267.52,267.5,267.52,0.01,68.63,18168.34,1
2023-06-26,2023-06-26 13:31:00,267.52,267.53,267.52,267.53,0.0,68.63,18168.34,1
2023-06-26,2023-06-26 13:32:00,267.53,267.55,267.53,267.55,0.01,68.63,18168.34,1
2023-06-26,2023-06-26 13:33:00,267.55,267.57,267.55,267.57,0.01,68.63,18168.34,1
2023-06-26,2023-06-26 13:34:00,267.57,267.58,267.57,267.58,0.0,68.63,18168.34,1
2023-06-26,2023-06-26 13:35:00,267.58,267.6,267.58,267.6,0.01,68.63,18168.34,1
2023-06-26,2023-06-26 13:36:00,267.6,267.62,267.6,267.62,0.01,68.63,18168.34,1
2023-06-26,2023-06-26 13:37:00,267.62,267.63,267.62,267.63,0.0,68.63,18168.34,1
2023-06-26,2023-06-26 13:38:00,267.63,267.65,267.63,267.65,0.01,68.63,18168.34,1
2023-06-26,2023-06-26 13:39:00,267.65,267.67,267.65,267.67,0.01,68.63,18168.34,1
2023-06-26,2023-06-26 13:40:00,267.67,267.68,267.67,267.68,0.0,68.63,18168.34,1
2023-06-26,2023-06-26 13:41:00,267.68,267.7,267.68,267.7,0.01,68.63,18168.34,1
2023-06-26,2023-06-26 13:42:00,267.7,267.72,267.7,267.72,0.01,68.63,18168.34,1
2023-06-26,2023-06-26 13:43:00,267.72,267.73,267.72,267.73,0.0,68.63,18168.34,1
2023-06-26,2023-06-26 13:44:00,267.73,267.75,267.73,267.75,0.01,68.63,18168.34,1
2023-06-26,2023-06-26 13:45:00,267.75,267.77,267.75,267.77,0.01,68.63,18168.34,1
2023-06-26,2023-06-26 13:46:00,267.77,267.78,267.77,267.78,0.0,68.63,18168.34,1
2023-06-26,2023-06-26 13:47:00,267.78,267.8,267.78,267.8,0.01,68.63,18168.34,1
2023-06-26,2023-06-26 13:48:00,267.8,267.82,267.8,267.82,0.01,68.63,18168.34,1
2023-06-26,2023-06-26 13:49:00,267.82,267.83,267.82,267.83,0.0,68.63,18168.34,1
2023-06-26,2023-06-26 13:50:00,267.83,267.85,267.83,267.85,0.01,68.63,18168.34,1
2023-06-26,2023-06-26 13:51:00,267.85,267.87,267.85,267.87,0.01,68.63,18168.34,1
2023-06-26,2023-06-26 13:52:00,267.87,267.88,267.87,267.88,0.0,68.63,18168.34,1
2023-06-26,2023-06-26 13:53:00,267.88,267.9,267.88,267.9,0.01,68.63,18168.34,1
2023-06-26,2023-06-26 13:54:00,267.9,267.92,267.9,267.92,0.01,68.63,18168.34,1
2023-06-26,2023-06-26 13:55:00,267.92,267.93,267.92,267.93,0.0,68.63,18168.34,1
2023-06-26,2023-06-26 13:56:00,267.93,267.95,267.93,267.95,0.01,68.63,18168.34,1
2023-06-26,2023-06-26 13:57:00,267.95,267.97,267.95,267.97,0.01,68.63,18168.34,1
2023-06-26,2023-06-26 13:58:00,267.97,267.98,267.97,267.98,0.0,68.63,18168.34,1
2023-06-26,2023-06-26 13:59:00,267.98,268.0,267.98,268.0,0.01,68.63,18168.34,1
2023-06-26,2023-06-26 14:00:00,268.0,268.02,268.0,268.02,0.01,68.63,18168.34,1
2023-06-26,2023-06-26 14:01:00,268.02,268.03,268.02,268.03,0.0,68.63,18168.34,1
2023-06-26,2023-06-26 14:02:00,268.03,268.05,268.03,268.05,0.01,68.63,18168.34,1
2023-06-26,2023-06-26 14:03:00,268.05,268.07,268.05,268.07,0.01,68.63,18168.34,1
2023-06-26,2023-06-26 14:04:00,268.07,268.08,268.07,268.08,0.0,68.63,18168.34,1
2023-06-26,2023-06-26 14:05:00,268.08,268.1,268.08,268.1,0.01,68.63,18168.34,1
2023-06-26,2023-06-26 14:06:00,268.1,268.12,268.1,268.12,0.01,68.63,18168.34,1
2023-06-26,2023-06-26 14:07:00,268.12,268.13,268.12,268.13,0.0,68.63,18168.34,1
2023-06-26,2023-06-26 14:08:00,268.13,268.15,268.13,268.15,0.01,68.63,18168.34,1
2023-06-26,2023-06-26 14:09:00,268.15,268.17,268.15,268.17,0.01,68.63,18168.34,1
2023-06-26,2023-06-26 14:10:00,268.17,268.18,268.17,268.18,0.0,68.63,18168.34,1
2023-06-26,2023-06-26 14:11:00,268.18,268.2,268.18,268.2,0.01,68.63,18168.34,1
2023-06-26,2023-06-26 14:12:00,268.2,268.22,268.2,268.22,0.01,68.63,18168.34,1
2023-06-26,2023-06-26 14:13:00,268.22,268.23,268.22,268.23,0.0,68.63,18168.34,1
2023-06-26,2023-06-26 14:14:00,268.23,268.25,268.23,268.25,0.01,68.63,18168.34,1
2023-06-26,2023-06-26 14:15:00,268.25,268.27,268.25,268.27,0.01,68.63,18168.34,1
2023-06-26,2023-06-26 14:16:00,268.27,268.28,268.27,268.28,0.0,68.63,18168.34,1
2023-06-26,2023-06-26 14:17:00,268.28,268.3,268.28,268.3,0.01,68.63,18168.34,1
2023-06-26,2023-06-26 14:18:00,268.3,268.32,268.3,268.32,0.01,68.63,18168.34,1
2023-06-26,2023-06-26 14:19:00,268.32,268.33,268.32,268.33,0.0,68.63,18168.34,1
2023-06-26,2023-06-26 14:20:00,268.33,268.35,268.33,268.35,0.01,68.63,18168.34,1
2023-06-26,2023-06-26 14:21:00,268.35,268.37,268.35,268.37,0.01,68.63,18168.34,1
2023-06-26,2023-06-26 14:22:00,268.37,268.38,268.37,268.38,0.0,68.63,18168.34,1
2023-06-26,2023-06-26 14:23:00,268.38,268.4,268.38,268.4,0.01,68.63,18168.34,1
2023-06-26,2023-06-26 14:24:00,268.4,268.42,268.4,268.42,0.01,68.63,18168.34,1
2023-06-26,2023-06-26 14:25:00,268.42,268.43,268.42,268.43,0.0,68.63,18168.34,1
2023-06-26,2023-06-26 14:26:00,268.43,268.45,268.43,268.45,0.01,68.63,18168.34,1
2023-06-26,2023-06-26 14:27:00,268.45,268.47,268.45,268.47,0.01,68.63,18168.34,1
2023-06-26,2023-06-26 14:28:00,268.47,268.48,268.47,268.48,0.0,68.63,18168.34,1
2023-06-26,2023-06-26 14:29:00,268.48,268.5,268.48,268.5,0.01,68.63,18168.34,1
2023-06-26,2023-06-26 14:30:00,268.5,268.52,268.5,268.52,0.01,68.63,18168.34,1
2023-06-26,2023-06-26 14:31:00,268.52,268.53,268.52,268.53,0.0,68.63,18168.34,1
2023-06-26,2023-06-26 14:32:00,268.53,268.55,268.53,268.55,0.01,68.63,18168.34,1
2023-06-26,2023-06-26 14:33:00,268.55,268.57,268.55,268.57,0.01,68.63,18168.34,1
2023-06-26,2023-06-26 14:34:00,268.57,268.58,268.57,268.58,0.0,68.63,18168.34,1
2023-06-26,2023-06-26 14:35:00,268.58,268.6,268.58,268.6,0.01,68.63,18168.34,1
2023-06-26,2023-06-26 14:36:00,268.6,268.62,268.6,268.62,0.01,68.63,18168.34,1
2023-06-26,2023-06-26 14:37:00,268.62,268.63,268.62,268.63,0.0,68.63,18168.34,1
2023-06-26,2023-06-26 14:38:00,268.63,268.65,268.63,268.65,0.01,68.63,18168.34,1
2023-06-26,2023-06-26 14:39:00,268.65,268.67,268.65,268.67,0.01,68.63,18168.34,1
2023-06-26,2023-06-26 14:40:00,268.67,268.68,268.67,268.68,0.0,68.63,18168.34,1
2023-06-26,2023-06-26 14:41:00,268.68,268.7,268.68,268.7,0.01,68.63,18168.34,1
2023-06-26,2023-06-26 14:42:00,268.7,268.72,268.7,268.72,0.01,68.63,18168.34,1
2023-06-26,2023-06-26 14:43:00,268.72,268.73,268.72,268.73,0.0,68.63,18168.34,1
2023-06-26,2023-06-26 14:44:00,268.73,268.75,268.73,268.75,0.01,68.63,18168.34,1
2023-06-26,2023-06-26 14:45:00,268.75,268.77,268.75,268.77,0.01,68.63,18168.34,1
2023-06-26,2023-06-26 14:46:00,268.77,268.78,268.77,268.78,0.0,68.63,18168.34,1
2023-06-26,2023-06-26 14:47:00,268.78,268.8,268.78,268.8,0.01,68.63,18168.34,1
2023-06-26,2023-06-26 14:48:00,268.8,268.82,268.8,268.82,0.01,68.63,18168.34,1
2023-06-26,2023-06-26 14:49:00,268.82,268.83,268.82,268.83,0.0,68.63,18168.34,1
2023-06-26,2023-06-26 14:50:00,268.83,268.85,268.83,268.85,0.01,68.63,18168.34,1
2023-06-26,2023-06-26 14:51:00,268.85,268.87,268.85,268.87,0.01,68.63,18168.34,1
2023-06-26,2023-06-26 14:52:00,268.87,268.88,268.87,268.88,0.0,68.63,18168.34,1
2023-06-26,2023-06-26 14:53:00,268.88,268.9,268.88,268.9,0.01,68.63,18168.34,1
2023-06-26,2023-06-26 14:54:00,268.9,268.92,268.9,268.92,0.01,68.63,18168.34,1
2023-06-26,2023-06-26 14:55:00,268.92,268.93,268.92,268.93,0.0,68.63,18168.34,1
2023-06-26,2023-06-26 14:56:00,268.93,268.95,268.93,268.95,0.01,68.63,18168.34,1
2023-06-26,2023-06-26 14:57:00,268.95,268.97,268.95,268.97,0.01,68.63,18168.34,1
2023-06-26,2023-06-26 14:58:00,268.97,268.98,268.97,268.98,0.0,68.63,18168.34,1
2023-06-26,2023-06-26 14:59:00,268.98,269.0,268.98,269.0,0.01,68.63,18168.34,1
2023-06-26,2023-06-26 15:00:00,269.0,280.0,260.0,269.0,0.0,68.63,18168.34,0
2023-06-27,2023-06-27 11:00:00,274.2,274.2,268.47,274.17,-0.01,41.22,10899.98,-1
2023-06-27,2023-06-27 11:01:00,274.17,274.17,274.15,274.15,-0.01,41.22,10899.98,-1
2023-06-27,2023-06-27 11:02:00,274.15,274.15,274.12,274.12,-0.01,41.22,10899.98,-1
2023-06-27,2023-06-27 11:03:00,274.12,274.12,274.1,274.1,-0.01,41.22,10899.98,-1
2023-06-27,2023-06-27 11:04:00,274.1,274.1,274.07,274.07,-0.01,41.22,10899.98,-1
2023-06-27,2023-06-27 11:05:00,274.07,274.07,274.05,274.05,-0.01,41.22,10899.98,-1
2023-06-27,2023-06-27 11:06:00,274.05,274.05,274.02,274.02,-0.01,41.22,10899.98,-1
2023-06-27,2023-06-27 11:07:00,274.02,274.02,273.99,273.99,-0.01,41.22,10899.98,-1
2023-06-27,2023-06-27 11:08:00,273.99,273.99,273.97,273.97,-0.01,41.22,10899.98,-1
2023-06-27,2023-06-27 11:09:00,273.97,273.97,273.94,273.94,-0.01,41.22,10899.98,-1
2023-06-27,2023-06-27 11:10:00,273.94,273.94,273.92,273.92,-0.01,41.22,10899.98,-1
2023-06-27,2023-06-27 11:11:00,273.92,273.92,273.89,273.89,-0.01,41.22,10899.98,-1
2023-06-27,2023-06-27 11:12:00,273.89,273.89,273.86,273.86,-0.01,41.22,10899.98,-1
2023-06-27,2023-06-27 11:13:00,273.86,273.86,273.84,273.84,-0.01,41.22,10899.98,-1
2023-06-27,2023-06-27 11:14:00,273.84,273.84,273.81,273.81,-0.01,41.22,10899.98,-1
2023-06-27,2023-06-27 11:15:00,273.81,273.81,273.79,273.79,-0.01,41.22,10899.98,-1
2023-06-27,2023-06-27 11:16:00,273.79,273.79,273.76,273.76,-0.01,41.22,10899.98,-1
2023-06-27,2023-06-27 11:17:00,273.76,273.76,273.74,273.74,-0.01,41.22,10899.98,-1
2023-06-27,2023-06-27 11:18:00,273.74,273.74,273.71,273.71,-0.01,41.22,10899.98,-1
2023-06-27,2023-06-27 11:19:00,273.71,273.71,273.68,273.68,-0.01,41.22,10899.98,-1
2023-06-27,2023-06-27 11:20:00,273.68,273.68,273.66,273.66,-0.01,41.22,10899.98,-1
2023-06-27,2023-06-27 11:21:00,273.66,273.66,273.63,273.63,-0.01,41.22,10899.98,-1
2023-06-27,2023-06-27 11:22:00,273.63,273.63,273.61,273.61,-0.01,41.22,10899.98,-1
2023-06-27,2023-06-27 11:23:00,273.61,273.61,273.58,273.58,-0.01,41.22,10899.98,-1
2023-06-27,2023-06-27 11:24:00,273.58,273.58,273.55,273.55,-0.01,41.22,10899.98,-1
2023-06-27,2023-06-27 11:25:00,273.55,273.55,273.53,273.53,-0.01,41.22,10899.98,-1
2023-06-27,2023-06-27 11:26:00,273.53,273.53,273.5,273.5,-0.01,41.22,10899.98,-1
2023-06-27,2023-06-27 11:27:00,273.5,273.5,273.48,273.48,-0.01,41.22,10899.98,-1
2023-06-27,2023-06-27 11:28:00,273.48,273.48,273.45,273.45,-0.01,41.22,10899.98,-1
2023-06-27,2023-06-27 11:29:00,273.45,273.45,273.43,273.43,-0.01,41.22,10899.98,-1
2023-06-27,2023-06-27 11:30:00,273.43,273.43,273.4,273.4,-0.01,41.22,10899.98,-1
2023-06-27,2023-06-27 11:31:00,273.4,273.4,273.37,273.37,-0.01,41.22,10899.98,-1
2023-06-27,2023-06-27 11:32:00,273.37,273.37,273.35,273.35,-0.01,41.22,10899.98,-1
2023-06-27,2023-06-27 11:33:00,273.35,273.35,273.32,273.32,-0.01,41.22,10899.98,-1
2023-06-27,2023-06-27 11:34:00,273.32,273.32,273.3,273.3,-0.01,41.22,10899.98,-1
2023-06-27,2023-06-27 11:35:00,273.3,273.3,273.27,273.27,-0.01,41.22,10899.98,-1
2023-06-27,2023-06-27 11:36:00,273.27,273.27,273.24,273.24,-0.01,41.22,10899.98,-1
2023-06-27,2023-06-27 11:37:00,273.24,273.24,273.22,273.22,-0.01,41.22,10899.98,-1
2023-06-27,2023-06-27 11:38:00,273.22,273.22,273.19,273.19,-0.01,41.22,10899.98,-1
2023-06-27,2023-06-27 11:39:00,273.19,273.19,273.17,273.17,-0.01,41.22,10899.98,-1
2023-06-27,2023-06-27 11:40:00,273.17,273.17,273.14,273.14,-0.01,41.22,10899.98,-1
2023-06-27,2023-06-27 11:41:00,273.14,273.14,273.12,273.12,-0.01,41.22,10899.98,-1
2023-06-27,2023-06-27 11:42:00,273.12,273.12,273.09,273.09,-0.01,41.22,10899.98,-1
2023-06-27,2023-06-27 11:43:00,273.09,273.09,273.06,273.06,-0.01,41.22,10899.98,-1
2023-06-27,2023-06-27 11:44:00,273.06,273.06,273.04,273.04,-0.01,41.22,10899.98,-1
2023-06-27,2023-06-27 11:45:00,273.04,273.04,273.01,273.01,-0.01,41.22,10899.98,-1
2023-06-27,2023-06-27 11:46:00,273.01,273.01,272.99,272.99,-0.01,41.22,10899.98,-1
2023-06-27,2023-06-27 11:47:00,272.99,272.99,272.96,272.96,-0.01,41.22,10899.98,-1
2023-06-27,2023-06-27 11:48:00,272.96,272.96,272.93,272.93,-0.01,41.22,10899.98,-1
2023-06-27,2023-06-27 11:49:00,272.93,272.93,272.91,272.91,-0.01,41.22,10899.98,-1
2023-06-27,2023-06-27 11:50:00,272.91,272.91,272.88,272.88,-0.01,41.22,10899.98,-1
2023-06-27,2023-06-27 11:51:00,272.88,272.88,272.86,272.86,-0.01,41.22,10899.98,-1
2023-06-27,2023-06-27 11:52:00,272.86,272.86,272.83,272.83,-0.01,41.22,10899.98,-1
2023-06-27,2023-06-27 11:53:00,272.83,272.83,272.81,272.81,-0.01,41.22,10899.98,-1
2023-06-27,2023-06-27 11:54:00,272.81,272.81,272.78,272.78,-0.01,41.22,10899.98,-1
2023-06-27,2023-06-27 11:55:00,272.78,272.78,272.75,272.75,-0.01,41.22,10899.98,-1
2023-06-27,2023-06-27 11:56:00,272.75,272.75,272.73,272.73,-0.01,41.22,10899.98,-1
2023-06-27,2023-06-27 11:57:00,272.73,272.73,272.7,272.7,-0.01,41.22,10899.98,-1
2023-06-27,2023-06-27 11:58:00,272.7,272.7,272.68,272.68,-0.01,41.22,10899.98,-1
2023-06-27,2023-06-27 11:59:00,272.68,272.68,272.65,272.65,-0.01,41.22,10899.98,-1
2023-06-27,2023-06-27 12:00:00,272.65,272.65,272.62,272.62,-0.01,41.22,10899.98,-1
2023-06-27,2023-06-27 12:01:00,272.62,272.62,272.6,272.6,-0.01,41.22,10899.98,-1
2023-06-27,2023-06-27 12:02:00,272.6,272.6,272.57,272.57,-0.01,41.22,10899.98,-1
2023-06-27,2023-06-27 12:03:00,272.57,272.57,272.55,272.55,-0.01,41.22,10899.98,-1
2023-06-27,2023-06-27 12:04:00,272.55,272.55,272.52,272.52,-0.01,41.22,10899.98,-1
2023-06-27,2023-06-27 12:05:00,272.52,272.52,272.5,272.5,-0.01,41.22,10899.98,-1
2023-06-27,2023-06-27 12:06:00,272.5,272.5,272.47,272.47,-0.01,41.22,10899.98,-1
2023-06-27,2023-06-27 12:07:00,272.47,272.47,272.44,272.44,-0.01,41.22,10899.98,-1
2023-06-27,2023-06-27 12:08:00,272.44,272.44,272.42,272.42,-0.01,41.22,10899.98,-1
2023-06-27,2023-06-27 12:09:00,272.42,272.42,272.39,272.39,-0.01,41.22,10899.98,-1
2023-06-27,2023-06-27 12:10:00,272.39,272.39,272.37,272.37,-0.01,41.22,10899.98,-1
2023-06-27,2023-06-27 12:11:00,272.37,272.37,272.34,272.34,-0.01,41.22,10899.98,-1
2023-06-27,2023-06-27 12:12:00,272.34,272.34,272.31,272.31,-0.01,41.22,10899.98,-1
2023-06-27,2023-06-27 12:13:00,272.31,272.31,272.29,272.29,-0.01,41.22,10899.98,-1
2023-06-27,2023-06-27 12:14:00,272.29,272.29,272.26,272.26,-0.01,41.22,10899.98,-1
2023-06-27,2023-06-27 12:15:00,272.26,272.26,272.24,272.24,-0.01,41.22,10899.98,-1
2023-06-27,2023-06-27 12:16:00,272.24,272.24,272.21,272.21,-0.01,41.22,10899.98,-1
2023-06-27,2023-06-27 12:17:00,272.21,272.21,272.19,272.19,-0.01,41.22,10899.98,-1
2023-06-27,2023-06-27 12:18:00,272.19,272.19,272.16,272.16,-0.01,41.22,10899.98,-1
2023-06-27,2023-06-27 12:19:00,272.16,272.16,272.13,272.13,-0.01,41.22,10899.98,-1
2023-06-27,2023-06-27 12:20:00,272.13,272.13,272.11,272.11,-0.01,41.22,10899.98,-1
2023-06-27,2023-06-27 12:21:00,272.11,272.11,272.08,272.08,-0.01,41.22,10899.98,-1
2023-06-27,2023-06-27 12:22:00,272.08,272.08,272.06,272.06,-0.01,41.22,10899.98,-1
2023-06-27,2023-06-27 12:23:00,272.06,272.06,272.03,272.03,-0.01,41.22,10899.98,-1
2023-06-27,2023-06-27 12:24:00,272.03,272.03,272.0,272.0,-0.01,41.22,10899.98,-1
2023-06-27,2023-06-27 12:25:00,272.0,272.0,271.98,271.98,-0.01,41.22,10899.98,-1
2023-06-27,2023-06-27 12:26:00,271.98,271.98,271.95,271.95,-0.01,41.22,10899.98,-1
2023-06-27,2023-06-27 12:27:00,271.95,271.95,271.93,271.93,-0.01,41.22,10899.98,-1
2023-06-27,2023-06-27 12:28:00,271.93,271.93,271.9,271.9,-0.01,41.22,10899.98,-1
2023-06-27,2023-06-27 12:29:00,271.9,271.9,271.88,271.88,-0.01,41.22,10899.98,-1
2023-06-27,2023-06-27 12:30:00,271.88,271.88,271.85,271.85,-0.01,41.22,10899.98,-1
2023-06-27,2023-06-27 12:31:00,271.85,271.85,271.82,271.82,-0.01,41.22,10899.98,-1
2023-06-27,2023-06-27 12:32:00,271.82,271.82,271.8,271.8,-0.01,41.22,10899.98,-1
2023-06-27,2023-06-27 12:33:00,271.8,271.8,271.77,271.77,-0.01,41.22,10899.98,-1
2023-06-27,2023-06-27 12:34:00,271.77,271.77,271.75,271.75,-0.01,41.22,10899.98,-1
2023-06-27,2023-06-27 12:35:00,271.75,271.75,271.72,271.72,-0.01,41.22,10899.98,-1
2023-06-27,2023-06-27 12:36:00,271.72,271.72,271.69,271.69,-0.01,41.22,10899.98,-1
2023-06-27,2023-06-27 12:37:00,271.69,271.69,271.67,271.67,-0.01,41.22,10899.98,-1
2023-06-27,2023-06-27 12:38:00,271.67,271.67,271.64,271.64,-0.01,41.22,10899.98,-1
2023-06-27,2023-06-27 12:39:00,271.64,271.64,271.62,271.62,-0.01,41.22,10899.98,-1
2023-06-27,2023-06-27 12:40:00,271.62,271.62,271.59,271.59,-0.01,41.22,10899.98,-1
2023-06-27,2023-06-27 12:41:00,271.59,271.59,271.56,271.56,-0.01,41.22,10899.98,-1
2023-06-27,2023-06-27 12:42:00,271.56,271.56,271.54,271.54,-0.01,41.22,10899.98,-1
2023-06-27,2023-06-27 12:43:00,271.54,271.54,271.51,271.51,-0.01,41.22,10899.98,-1
2023-06-27,2023-06-27 12:44:00,271.51,271.51,271.49,271.49,-0.01,41.22,10899.98,-1
2023-06-27,2023-06-27 12:45:00,271.49,271.49,271.46,271.46,-0.01,41.22,10899.98,-1
2023-06-27,2023-06-27 12:46:00,271.46,271.46,271.44,271.44,-0.01,41.22,10899.98,-1
2023-06-27,2023-06-27 12:47:00,271.44,271.44,271.41,271.41,-0.01,41.22,10899.98,-1
2023-06-27,2023-06-27 12:48:00,271.41,271.41,271.38,271.38,-0.01,41.22,10899.98,-1
2023-06-27,2023-06-27 12:49:00,271.38,271.38,271.36,271.36,-0.01,41.22,10899.98,-1
2023-06-27,2023-06-27 12:50:00,271.36,271.36,271.33,271.33,-0.01,41.22,10899.98,-1
2023-06-27,2023-06-27 12:51:00,271.33,271.33,271.31,271.31,-0.01,41.22,10899.98,-1
2023-06-27,2023-06-27 12:52:00,271.31,271.31,271.28,271.28,-0.01,41.22,10899.98,-1
2023-06-27,2023-06-27 12:53:00,271.28,271.28,271.25,271.25,-0.01,41.22,10899.98,-1
2023-06-27,2023-06-27 12:54:00,271.25,271.25,271.23,271.23,-0.01,41.22,10899.98,-1
2023-06-27,2023-06-27 12:55:00,271.23,271.23,271.2,271.2,-0.01,41.22,10899.98,-1
2023-06-27,2023-06-27 12:56:00,271.2,271.2,271.18,271.18,-0.01,41.22,10899.98,-1
2023-06-27,2023-06-27 12:57:00,271.18,271.18,271.15,271.15,-0.01,41.22,10899.98,-1
2023-06-27,2023-06-27 12:58:00,271.15,271.15,271.13,271.13,-0.01,41.22,10899.98,-1
2023-06-27,2023-06-27 12:59:00,271.13,271.13,271.1,271.1,-0.01,41.22,10899.98,-1
2023-06-27,2023-06-27 13:00:00,271.1,274.2,255.1,271.07,-0.01,41.22,10899.98,-1
2023-06-27,2023-06-27 13:01:00,271.07,271.07,271.05,271.05,-0.01,41.22,10899.98,-1
2023-06-27,2023-06-27 13:02:00,271.05,271.05,271.02,271.02,-0.01,41.22,10899.98,-1
2023-06-27,2023-06-27 13:03:00,271.02,271.02,271.0,271.0,-0.01,41.22,10899.98,-1
2023-06-27,2023-06-27 13:04:00,271.0,271.0,270.97,270.97,-0.01,41.22,10899.98,-1
2023-06-27,2023-06-27 13:05:00,270.97,270.97,270.94,270.94,-0.01,41.22,10899.98,-1
2023-06-27,2023-06-27 13:06:00,270.94,270.94,270.92,270.92,-0.01,41.22,10899.98,-1
2023-06-27,2023-06-27 13:07:00,270.92,270.92,270.89,270.89,-0.01,41.22,10899.98,-1
2023-06-27,2023-06-27 13:08:00,270.89,270.89,270.87,270.87,-0.01,41.22,10899.98,-1
2023-06-27,2023-06-27 13:09:00,270.87,270.87,270.84,270.84,-0.01,41.22,10899.98,-1
2023-06-27,2023-06-27 13:10:00,270.84,270.84,270.82,270.82,-0.01,41.22,10899.98,-1
2023-06-27,2023-06-27 13:11:00,270.82,270.82,270.79,270.79,-0.01,41.22,10899.98,-1
2023-06-27,2023-06-27 13:12:00,270.79,270.79,270.76,270.76,-0.01,41.22,10899.98,-1
2023-06-27,2023-06-27 13:13:00,270.76,270.76,270.74,270.74,-0.01,41.22,10899.98,-1
2023-06-27,2023-06-27 13:14:00,270.74,270.74,270.71,270.71,-0.01,41.22,10899.98,-1
2023-06-27,2023-06-27 13:15:00,270.71,270.71,270.69,270.69,-0.01,41.22,10899.98,-1
2023-06-27,2023-06-27 13:16:00,270.69,270.69,270.66,270.66,-0.01,41.22,10899.98,-1
2023-06-27,2023-06-27 13:17:00,270.66,270.66,270.63,270.63,-0.01,41.22,10899.98,-1
2023-06-27,2023-06-27 13:18:00,270.63,270.63,270.61,270.61,-0.01,41.22,10899.98,-1
2023-06-27,2023-06-27 13:19:00,270.61,270.61,270.58,270.58,-0.01,41.22,10899.98,-1
2023-06-27,2023-06-27 13:20:00,270.58,270.58,270.56,270.56,-0.01,41.22,10899.98,-1
2023-06-27,2023-06-27 13:21:00,270.56,270.56,270.53,270.53,-0.01,41.22,10899.98,-1
2023-06-27,2023-06-27 13:22:00,270.53,270.53,270.51,270.51,-0.01,41.22,10899.98,-1
2023-06-27,2023-06-27 13:23:00,270.51,270.51,270.48,270.48,-0.01,41.22,10899.98,-1
2023-06-27,2023-06-27 13:24:00,270.48,270.48,270.45,270.45,-0.01,41.22,10899.98,-1
2023-06-27,2023-06-27 13:25:00,270.45,270.45,270.43,270.43,-0.01,41.22,10899.98,-1
2023-06-27,2023-06-27 13:26:00,270.43,270.43,270.4,270.4,-0.01,41.22,10899.98,-1
2023-06-27,2023-06-27 13:27:00,270.4,270.4,270.38,270.38,-0.01,41.22,10899.98,-1
2023-06-27,2023-06-27 13:28:00,270.38,270.38,270.35,270.35,-0.01,41.22,10899.98,-1
2023-06-27,2023-06-27 13:29:00,270.35,270.35,270.32,270.32,-0.01,41.22,10899.98,-1
2023-06-27,2023-06-27 13:30:00,270.32,270.32,270.3,270.3,-0.01,41.22,10899.98,-1
2023-06-27,2023-06-27 13:31:00,270.3,270.3,270.27,270.27,-0.01,41.22,10899.98,-1
2023-06-27,2023-06-27 13:32:00,270.27,270.27,270.25,270.25,-0.01,41.22,10899.98,-1
2023-06-27,2023-06-27 13:33:00,270.25,270.25,270.22,270.22,-0.01,41.22,10899.98,-1
2023-06-27,2023-06-27 13:34:00,270.22,270.22,270.2,270.2,-0.01,41.22,10899.98,-1
2023-06-27,2023-06-27 13:35:00,270.2,270.2,270.17,270.17,-0.01,41.22,10899.98,-1
2023-06-27,2023-06-27 13:36:00,270.17,270.17,270.14,270.14,-0.01,41.22,10899.98,-1
2023-06-27,2023-06-27 13:37:00,270.14,270.14,270.12,270.12,-0.01,41.22,10899.98,-1
2023-06-27,2023-06-27 13:38:00,270.12,270.12,270.09,270.09,-0.01,41.22,10899.98,-1
2023-06-27,2023-06-27 13:39:00,270.09,270.09,270.07,270.07,-0.01,41.22,10899.98,-1
2023-06-27,2023-06-27 13:40:00,270.07,270.07,270.04,270.04,-0.01,41.22,10899.98,-1
2023-06-27,2023-06-27 13:41:00,270.04,270.04,270.01,270.01,-0.01,41.22,10899.98,-1
2023-06-27,2023-06-27 13:42:00,270.01,270.01,269.99,269.99,-0.01,41.22,10899.98,-1
2023-06-27,2023-06-27 13:43:00,269.99,269.99,269.96,269.96,-0.01,41.22,10899.98,-1
2023-06-27,2023-06-27 13:44:00,269.96,269.96,269.94,269.94,-0.01,41.22,10899.98,-1
2023-06-27,2023-06-27 13:45:00,269.94,269.94,269.91,269.91,-0.01,41.22,10899.98,-1
2023-06-27,2023-06-27 13:46:00,269.91,269.91,269.89,269.89,-0.01,41.22,10899.98,-1
2023-06-27,2023-06-27 13:47:00,269.89,269.89,269.86,269.86,-0.01,41.22,10899.98,-1
2023-06-27,2023-06-27 13:48:00,269.86,269.86,269.83,269.83,-0.01,41.22,10899.98,-1
2023-06-27,2023-06-27 13:49:00,269.83,269.83,269.81,269.81,-0.01,41.22,10899.98,-1
2023-06-27,2023-06-27 13:50:00,269.81,269.81,269.78,269.78,-0.01,41.22,10899.98,-1
2023-06-27,2023-06-27 13:51:00,269.78,269.78,269.76,269.76,-0.01,41.22,10899.98,-1
2023-06-27,2023-06-27 13:52:00,269.76,269.76,269.73,269.73,-0.01,41.22,10899.98,-1
2023-06-27,2023-06-27 13:53:00,269.73,269.73,269.7,269.7,-0.01,41.22,10899.98,-1
2023-06-27,2023-06-27 13:54:00,269.7,269.7,269.68,269.68,-0.01,41.22,10899.98,-1
2023-06-27,2023-06-27 13:55:00,269.68,269.68,269.65,269.65,-0.01,41.22,10899.98,-1
2023-06-27,2023-06-27 13:56:00,269.65,269.65,269.63,269.63,-0.01,41.22,10899.98,-1
2023-06-27,2023-06-27 13:57:00,269.63,269.63,269.6,269.6,-0.01,41.22,10899.98,-1
2023-06-27,2023-06-27 13:58:00,269.6,269.6,269.58,269.58,-0.01,41.22,10899.98,-1
2023-06-27,2023-06-27 13:59:00,269.58,269.58,269.55,269.55,-0.01,41.22,10899.98,-1
2023-06-27,2023-06-27 14:00:00,269.55,269.55,269.52,269.52,-0.01,41.22,10899.98,-1
2023-06-27,2023-06-27 14:01:00,269.52,269.52,269.5,269.5,-0.01,41.22,10899.98,-1
2023-06-27,2023-06-27 14:02:00,269.5,269.5,269.47,269.47,-0.01,41.22,10899.98,-1
2023-06-27,2023-06-27 14:03:00,269.47,269.47,269.45,269.45,-0.01,41.22,10899.98,-1
2023-06-27,2023-06-27 14:04:00,269.45,269.45,269.42,269.42,-0.01,41.22,10899.98,-1
2023-06-27,2023-06-27 14:05:00,269.42,269.42,269.39,269.39,-0.01,41.22,10899.98,-1
2023-06-27,2023-06-27 14:06:00,269.39,269.39,269.37,269.37,-0.01,41.22,10899.98,-1
2023-06-27,2023-06-27 14:07:00,269.37,269.37,269.34,269.34,-0.01,41.22,10899.98,-1
2023-06-27,2023-06-27 14:08:00,269.34,269.34,269.32,269.32,-0.01,41.22,10899.98,-1
2023-06-27,2023-06-27 14:09:00,269.32,269.32,269.29,269.29,-0.01,41.22,10899.98,-1
2023-06-27,2023-06-27 14:10:00,269.29,269.29,269.27,269.27,-0.01,41.22,10899.98,-1
2023-06-27,2023-06-27 14:11:00,269.27,269.27,269.24,269.24,-0.01,41.22,10899.98,-1
2023-06-27,2023-06-27 14:12:00,269.24,269.24,269.21,269.21,-0.01,41.22,10899.98,-1
2023-06-27,2023-06-27 14:13:00,269.21,269.21,269.19,269.19,-0.01,41.22,10899.98,-1
2023-06-27,2023-06-27 14:14:00,269.19,269.19,269.16,269.16,-0.01,41.22,10899.98,-1
2023-06-27,2023-06-27 14:15:00,269.16,269.16,269.14,269.14,-0.01,41.22,10899.98,-1
2023-06-27,2023-06-27 14:16:00,269.14,269.14,269.11,269.11,-0.01,41.22,10899.98,-1
2023-06-27,2023-06-27 14:17:00,269.11,269.11,269.08,269.08,-0.01,41.22,10899.98,-1
2023-06-27,2023-06-27 14:18:00,269.08,269.08,269.06,269.06,-0.01,41.22,10899.98,-1
2023-06-27,2023-06-27 14:19:00,269.06,269.06,269.03,269.03,-0.01,41.22,10899.98,-1
2023-06-27,2023-06-27 14:20:00,269.03,269.03,269.01,269.01,-0.01,41.22,10899.98,-1
2023-06-27,2023-06-27 14:21:00,269.01,269.01,268.98,268.98,-0.01,41.22,10899.98,-1
2023-06-27,2023-06-27 14:22:00,268.98,268.98,268.96,268.96,-0.01,41.22,10899.98,-1
2023-06-27,2023-06-27 14:23:00,268.96,268.96,268.93,268.93,-0.01,41.22,10899.98,-1
2023-06-27,2023-06-27 14:24:00,268.93,268.93,268.9,268.9,-0.01,41.22,10899.98,-1
2023-06-27,2023-06-27 14:25:00,268.9,268.9,268.88,268.88,-0.01,41.22,10899.98,-1
2023-06-27,2023-06-27 14:26:00,268.88,268.88,268.85,268.85,-0.01,41.22,10899.98,-1
2023-06-27,2023-06-27 14:27:00,268.85,268.85,268.83,268.83,-0.01,41.22,10899.98,-1
2023-06-27,2023-06-27 14:28:00,268.83,268.83,268.8,268.8,-0.01,41.22,10899.98,-1
2023-06-27,2023-06-27 14:29:00,268.8,268.8,268.77,268.77,-0.01,41.22,10899.98,-1
2023-06-27,2023-06-27 14:30:00,268.77,268.77,268.75,268.75,-0.01,41.22,10899.98,-1
2023-06-27,2023-06-27 14:31:00,268.75,268.75,268.72,268.72,-0.01,41.22,10899.98,-1
2023-06-27,2023-06-27 14:32:00,268.72,268.72,268.7,268.7,-0.01,41.22,10899.98,-1
2023-06-27,2023-06-27 14:33:00,268.7,268.7,268.67,268.67,-0.01,41.22,10899.98,-1
2023-06-27,2023-06-27 14:34:00,268.67,268.67,268.65,268.65,-0.01,41.22,10899.98,-1
2023-06-27,2023-06-27 14:35:00,268.65,268.65,268.62,268.62,-0.01,41.22,10899.98,-1
2023-06-27,2023-06-27 14:36:00,268.62,268.62,268.59,268.59,-0.01,41.22,10899.98,-1
2023-06-27,2023-06-27 14:37:00,268.59,268.59,268.57,268.57,-0.01,41.22,10899.98,-1
2023-06-27,2023-06-27 14:38:00,268.57,268.57,268.54,268.54,-0.01,41.22,10899.98,-1
2023-06-27,2023-06-27 14:39:00,268.54,268.54,268.52,268.52,-0.01,41.22,10899.98,-1
2023-06-27,2023-06-27 14:40:00,268.52,268.52,268.49,268.49,-0.01,41.22,10899.98,-1
2023-06-27,2023-06-27 14:41:00,268.49,268.49,268.46,268.46,-0.01,41.22,10899.98,-1
2023-06-27,2023-06-27 14:42:00,268.46,268.46,268.44,268.44,-0.01,41.22,10899.98,-1
2023-06-27,2023-06-27 14:43:00,268.44,268.44,268.41,268.41,-0.01,41.22,10899.98,-1
2023-06-27,2023-06-27 14:44:00,268.41,268.41,268.39,268.39,-0.01,41.22,10899.98,-1
2023-06-27,2023-06-27 14:45:00,268.39,268.39,268.36,268.36,-0.01,41.22,10899.98,-1
2023-06-27,2023-06-27 14:46:00,268.36,268.36,268.34,268.34,-0.01,41.22,10899.98,-1
2023-06-27,2023-06-27 14:47:00,268.34,268.34,268.31,268.31,-0.01,41.22,10899.98,-1
2023-06-27,2023-06-27 14:48:00,268.31,268.31,268.28,268.28,-0.01,41.22,10899.98,-1
2023-06-27,2023-06-27 14:49:00,268.28,268.28,268.26,268.26,-0.01,41.22,10899.98,-1
2023-06-27,2023-06-27 14:50:00,268.26,268.26,268.23,268.23,-0.01,41.22,10899.98,-1
2023-06-27,2023-06-27 14:51:00,268.23,268.23,268.21,268.21,-0.01,41.22,10899.98,-1
2023-06-27,2023-06-27 14:52:00,268.21,268.21,268.18,268.18,-0.01,41.22,10899.98,-1
2023-06-27,2023-06-27 14:53:00,268.18,268.18,268.15,268.15,-0.01,41.22,10899.98,-1
2023-06-27,2023-06-27 14:54:00,268.15,268.15,268.13,268.13,-0.01,41.22,10899.98,-1
2023-06-27,2023-06-27 14:55:00,268.13,268.13,268.1,268.1,-0.01,41.22,10899.98,-1
2023-06-27,2023-06-27 14:56:00,268.1,268.1,268.08,268.08,-0.01,41.22,10899.98,-1
2023-06-27,2023-06-27 14:57:00,268.08,268.08,268.05,268.05,-0.01,41.22,10899.98,-1
2023-06-27,2023-06-27 14:58:00,268.05,268.05,268.03,268.03,-0.01,41.22,10899.98,-1
2023-06-27,2023-06-27 14:59:00,268.03,268.03,268.0,268.0,-0.01,41.22,10899.98,-1
2023-06-27,2023-06-27 15:00:00,268.0,274.2,255.1,268.0,0.0,41.22,10899.98,0
2023-06-28,2023-06-28 11:00:00,263.0,266.0,260.93,263.0,0.0,36.18,9456.38,0
2023-06-28,2023-06-28 11:01:00,263.0,263.0,263.0,263.0,0.0,36.18,9456.38,0
2023-06-28,2023-06-28 11:02:00,263.0,263.0,263.0,263.0,0.0,36.18,9456.38,0
2023-06-28,2023-06-28 11:03:00,263.0,263.0,263.0,263.0,0.0,36.18,9456.38,0
2023-06-28,2023-06-28 11:04:00,263.0,263.0,263.0,263.0,0.0,36.18,9456.38,0
2023-06-28,2023-06-28 11:05:00,263.0,263.0,263.0,263.0,0.0,36.18,9456.38,0
2023-06-28,2023-06-28 11:06:00,263.0,263.0,263.0,263.0,0.0,36.18,9456.38,0
2023-06-28,2023-06-28 11:07:00,263.0,263.0,263.0,263.0,0.0,36.18,9456.38,0
2023-06-28,2023-06-28 11:08:00,263.0,263.0,263.0,263.0,0.0,36.18,9456.38,0
2023-06-28,2023-06-28 11:09:00,263.0,263.0,263.0,263.0,0.0,36.18,9456.38,0
2023-06-28,2023-06-28 11:10:00,263.0,263.0,263.0,263.0,0.0,36.18,9456.38,0
2023-06-28,2023-06-28 11:11:00,263.0,263.0,263.0,263.0,0.0,36.18,9456.38,0
2023-06-28,2023-06-28 11:12:00,263.0,263.0,263.0,263.0,0.0,36.18,9456.38,0
2023-06-28,2023-06-28 11:13:00,263.0,263.0,263.0,263.0,0.0,36.18,9456.38,0
2023-06-28,2023-06-28 11:14:00,263.0,263.0,263.0,263.0,0.0,36.18,9456.38,0
2023-06-28,2023-06-28 11:15:00,263.0,263.0,263.0,263.0,0.0,36.18,9456.38,0
2023-06-28,2023-06-28 11:16:00,263.0,263.0,263.0,263.0,0.0,36.18,9456.38,0
2023-06-28,2023-06-28 11:17:00,263.0,263.0,263.0,263.0,0.0,36.18,9456.38,0
2023-06-28,2023-06-28 11:18:00,263.0,263.0,263.0,263.0,0.0,36.18,9456.38,0
2023-06-28,2023-06-28 11:19:00,263.0,263.0,263.0,263.0,0.0,36.18,9456.38,0
2023-06-28,2023-06-28 11:20:00,263.0,263.0,263.0,263.0,0.0,36.18,9456.38,0
2023-06-28,2023-06-28 11:21:00,263.0,263.0,263.0,263.0,0.0,36.18,9456.38,0
2023-06-28,2023-06-28 11:22:00,263.0,263.0,263.0,263.0,0.0,36.18,9456.38,0
2023-06-28,2023-06-28 11:23:00,263.0,263.0,263.0,263.0,0.0,36.18,9456.38,0
2023-06-28,2023-06-28 11:24:00,263.0,263.0,263.0,263.0,0.0,36.18,9456.38,0
2023-06-28,2023-06-28 11:25:00,263.0,263.0,263.0,263.0,0.0,36.18,9456.38,0
2023-06-28,2023-06-28 11:26:00,263.0,263.0,263.0,263.0,0.0,36.18,9456.38,0
2023-06-28,2023-06-28 11:27:00,263.0,263.0,263.0,263.0,0.0,36.18,9456.38,0
2023-06-28,2023-06-28 11:28:00,263.0,263.0,263.0,263.0,0.0,36.18,9456.38,0
2023-06-28,2023-06-28 11:29:00,263.0,263.0,263.0,263.0,0.0,36.18,9456.38,0
2023-06-28,2023-06-28 11:30:00,263.0,263.0,263.0,263.0,0.0,36.18,9456.38,0
2023-06-28,2023-06-28 11:31:00,263.0,263.0,263.0,263.0,0.0,36.18,9456.38,0
2023-06-28,2023-06-28 11:32:00,263.0,263.0,263.0,263.0,0.0,36.18,9456.38,0
2023-06-28,2023-06-28 11:33:00,263.0,263.0,263.0,263.0,0.0,36.18,9456.38,0
2023-06-28,2023-06-28 11:34:00,263.0,263.0,263.0,263.0,0.0,36.18,9456.38,0
2023-06-28,2023-06-28 11:35:00,263.0,263.0,263.0,263.0,0.0,36.18,9456.38,0
2023-06-28,2023-06-28 11:36:00,263.0,263.0,263.0,263.0,0.0,36.18,9456.38,0
2023-06-28,2023-06-28 11:37:00,263.0,263.0,263.0,263.0,0.0,36.18,9456.38,0
2023-06-28,2023-06-28 11:38:00,263.0,263.0,263.0,263.0,0.0,36.18,9456.38,0
2023-06-28,2023-06-28 11:39:00,263.0,263.0,263.0,263.0,0.0,36.18,9456.38,0
2023-06-28,2023-06-28 11:40:00,263.0,263.0,263.0,263.0,0.0,36.18,9456.38,0
2023-06-28,2023-06-28 11:41:00,263.0,263.0,263.0,263.0,0.0,36.18,9456.38,0
2023-06-28,2023-06-28 11:42:00,263.0,263.0,263.0,263.0,0.0,36.18,9456.38,0
2023-06-28,2023-06-28 11:43:00,263.0,263.0,263.0,263.0,0.0,36.18,9456.38,0
2023-06-28,2023-06-28 11:44:00,263.0,263.0,263.0,263.0,0.0,36.18,9456.38,0
2023-06-28,2023-06-28 11:45:00,263.0,263.0,263.0,263.0,0.0,36.18,9456.38,0
2023-06-28,2023-06-28 11:46:00,263.0,263.0,263.0,263.0,0.0,36.18,9456.38,0
2023-06-28,2023-06-28 11:47:00,263.0,263.0,263.0,263.0,0.0,36.18,9456.38,0
2023-06-28,2023-06-28 11:48:00,263.0,263.0,263.0,263.0,0.0,36.18,9456.38,0
2023-06-28,2023-06-28 11:49:00,263.0,263.0,263.0,263.0,0.0,36.18,9456.38,0
2023-06-28,2023-06-28 11:50:00,263.0,263.0,263.0,263.0,0.0,36.18,9456.38,0
2023-06-28,2023-06-28 11:51:00,263.0,263.0,263.0,263.0,0.0,36.18,9456.38,0
2023-06-28,2023-06-28 11:52:00,263.0,263.0,263.0,263.0,0.0,36.18,9456.38,0
2023-06-28,2023-06-28 11:53:00,263.0,263.0,263.0,263.0,0.0,36.18,9456.38,0
2023-06-28,2023-06-28 11:54:00,263.0,263.0,263.0,263.0,0.0,36.18,9456.38,0
2023-06-28,2023-06-28 11:55:00,263.0,263.0,263.0,263.0,0.0,36.18,9456.38,0
2023-06-28,2023-06-28 11:56:00,263.0,263.0,263.0,263.0,0.0,36.18,9456.38,0
2023-06-28,2023-06-28 11:57:00,263.0,263.0,263.0,263.0,0.0,36.18,9456.38,0
2023-06-28,2023-06-28 11:58:00,263.0,263.0,263.0,263.0,0.0,36.18,9456.38,0
2023-06-28,2023-06-28 11:59:00,263.0,263.0,263.0,263.0,0.0,36.18,9456.38,0
2023-06-28,2023-06-28 12:00:00,263.0,263.0,263.0,263.0,0.0,36.18,9456.38,0
2023-06-28,2023-06-28 12:01:00,263.0,263.0,263.0,263.0,0.0,36.18,9456.38,0
2023-06-28,2023-06-28 12:02:00,263.0,263.0,263.0,263.0,0.0,36.18,9456.38,0
2023-06-28,2023-06-28 12:03:00,263.0,263.0,263.0,263.0,0.0,36.18,9456.38,0
2023-06-28,2023-06-28 12:04:00,263.0,263.0,263.0,263.0,0.0,36.18,9456.38,0
2023-06-28,2023-06-28 12:05:00,263.0,263.0,263.0,263.0,0.0,36.18,9456.38,0
2023-06-28,2023-06-28 12:06:00,263.0,263.0,263.0,263.0,0.0,36.18,9456.38,0
2023-06-28,2023-06-28 12:07:00,263.0,263.0,263.0,263.0,0.0,36.18,9456.38,0
2023-06-28,2023-06-28 12:08:00,263.0,263.0,263.0,263.0,0.0,36.18,9456.38,0
2023-06-28,2023-06-28 12:09:00,263.0,263.0,263.0,263.0,0.0,36.18,9456.38,0
2023-06-28,2023-06-28 12:10:00,263.0,263.0,263.0,263.0,0.0,36.18,9456.38,0
2023-06-28,2023-06-28 12:11:00,263.0,263.0,263.0,263.0,0.0,36.18,9456.38,0
2023-06-28,2023-06-28 12:12:00,263.0,263.0,263.0,263.0,0.0,36.18,9456.38,0
2023-06-28,2023-06-28 12:13:00,263.0,263.0,263.0,263.0,0.0,36.18,9456.38,0
2023-06-28,2023-06-28 12:14:00,263.0,263.0,263.0,263.0,0.0,36.18,9456.38,0
2023-06-28,2023-06-28 12:15:00,263.0,263.0,263.0,263.0,0.0,36.18,9456.38,0
2023-06-28,2023-06-28 12:16:00,263.0,263.0,263.0,263.0,0.0,36.18,9456.38,0
2023-06-28,2023-06-28 12:17:00,263.0,263.0,263.0,263.0,0.0,36.18,9456.38,0
2023-06-28,2023-06-28 12:18:00,263.0,263.0,263.0,263.0,0.0,36.18,9456.38,0
2023-06-28,2023-06-28 12:19:00,263.0,263.0,263.0,263.0,0.0,36.18,9456.38,0
2023-06-28,2023-06-28 12:20:00,263.0,263.0,263.0,263.0,0.0,36.18,9456.38,0
2023-06-28,2023-06-28 12:21:00,263.0,263.0,263.0,263.0,0.0,36.18,9456.38,0
2023-06-28,2023-06-28 12:22:00,263.0,263.0,263.0,263.0,0.0,36.18,9456.38,0
2023-06-28,2023-06-28 12:23:00,263.0,263.0,263.0,263.0,0.0,36.18,9456.38,0
2023-06-28,2023-06-28 12:24:00,263.0,263.0,263.0,263.0,0.0,36.18,9456.38,0
2023-06-28,2023-06-28 12:25:00,263.0,263.0,263.0,263.0,0.0,36.18,9456.38,0
2023-06-28,2023-06-28 12:26:00,263.0,263.0,263.0,263.0,0.0,36.18,9456.38,0
2023-06-28,2023-06-28 12:27:00,263.0,263.0,263.0,263.0,0.0,36.18,9456.38,0
2023-06-28,2023-06-28 12:28:00,263.0,263.0,263.0,263.0,0.0,36.18,9456.38,0
2023-06-28,2023-06-28 12:29:00,263.0,263.0,263.0,263.0,0.0,36.18,9456.38,0
2023-06-28,2023-06-28 12:30:00,263.0,263.0,263.0,263.0,0.0,36.18,9456.38,0
2023-06-28,2023-06-28 12:31:00,263.0,263.0,263.0,263.0,0.0,36.18,9456.38,0
2023-06-28,2023-06-28 12:32:00,263.0,263.0,263.0,263.0,0.0,36.18,9456.38,0
2023-06-28,2023-06-28 12:33:00,263.0,263.0,263.0,263.0,0.0,36.18,9456.38,0
2023-06-28,2023-06-28 12:34:00,263.0,263.0,263.0,263.0,0.0,36.18,9456.38,0
2023-06-28,2023-06-28 12:35:00,263.0,263.0,263.0,263.0,0.0,36.18,9456.38,0
2023-06-28,2023-06-28 12:36:00,263.0,263.0,263.0,263.0,0.0,36.18,9456.38,0
2023-06-28,2023-06-28 12:37:00,263.0,263.0,263.0,263.0,0.0,36.18,9456.38,0
2023-06-28,2023-06-28 12:38:00,263.0,263.0,263.0,263.0,0.0,36.18,9456.38,0
2023-06-28,2023-06-28 12:39:00,263.0,263.0,263.0,263.0,0.0,36.18,9456.38,0
2023-06-28,2023-06-28 12:40:00,263.0,263.0,263.0,263.0,0.0,36.18,9456.38,0
2023-06-28,2023-06-28 12:41:00,263.0,263.0,263.0,263.0,0.0,36.18,9456.38,0
2023-06-28,2023-06-28 12:42:00,263.0,263.0,263.0,263.0,0.0,36.18,9456.38,0
2023-06-28,2023-06-28 12:43:00,263.0,263.0,263.0,263.0,0.0,36.18,9456.38,0
2023-06-28,2023-06-28 12:44:00,263.0,263.0,263.0,263.0,0.0,36.18,9456.38,0
2023-06-28,2023-06-28 12:45:00,263.0,263.0,263.0,263.0,0.0,36.18,9456.38,0
2023-06-28,2023-06-28 12:46:00,263.0,263.0,263.0,263.0,0.0,36.18,9456.38,0
2023-06-28,2023-06-28 12:47:00,263.0,263.0,263.0,263.0,0.0,36.18,9456.38,0
2023-06-28,2023-06-28 12:48:00,263.0,263.0,263.0,263.0,0.0,36.18,9456.38,0
2023-06-28,2023-06-28 12:49:00,263.0,263.0,263.0,263.0,0.0,36.18,9456.38,0
2023-06-28,2023-06-28 12:50:00,263.0,263.0,263.0,263.0,0.0,36.18,9456.38,0
2023-06-28,2023-06-28 12:51:00,263.0,263.0,263.0,263.0,0.0,36.18,9456.38,0
2023-06-28,2023-06-28 12:52:00,263.0,263.0,263.0,263.0,0.0,36.18,9456.38,0
2023-06-28,2023-06-28 12:53:00,263.0,263.0,263.0,263.0,0.0,36.18,9456.38,0
2023-06-28,2023-06-28 12:54:00,263.0,263.0,263.0,263.0,0.0,36.18,9456.38,0
2023-06-28,2023-06-28 12:55:00,263.0,263.0,263.0,263.0,0.0,36.18,9456.38,0
2023-06-28,2023-06-28 12:56:00,263.0,263.0,263.0,263.0,0.0,36.18,9456.38,0
2023-06-28,2023-06-28 12:57:00,263.0,263.0,263.0,263.0,0.0,36.18,9456.38,0
2023-06-28,2023-06-28 12:58:00,263.0,263.0,263.0,263.0,0.0,36.18,9456.38,0
2023-06-28,2023-06-28 12:59:00,263.0,263.0,263.0,263.0,0.0,36.18,9456.38,0
2023-06-28,2023-06-28 13:00:00,263.0,273.0,256.1,263.0,0.0,36.18,9456.38,0
2023-06-28,2023-06-28 13:01:00,263.0,263.0,263.0,263.0,0.0,36.18,9456.38,0
2023-06-28,2023-06-28 13:02:00,263.0,263.0,263.0,263.0,0.0,36.18,9456.38,0
2023-06-28,2023-06-28 13:03:00,263.0,263.0,263.0,263.0,0.0,36.18,9456.38,0
2023-06-28,2023-06-28 13:04:00,263.0,263.0,263.0,263.0,0.0,36.18,9456.38,0
2023-06-28,2023-06-28 13:05:00,263.0,263.0,263.0,263.0,0.0,36.18,9456.38,0
2023-06-28,2023-06-28 13:06:00,263.0,263.0,263.0,263.0,0.0,36.18,9456.38,0
2023-06-28,2023-06-28 13:07:00,263.0,263.0,263.0,263.0,0.0,36.18,9456.38,0
2023-06-28,2023-06-28 13:08:00,263.0,263.0,263.0,263.0,0.0,36.18,9456.38,0
2023-06-28,2023-06-28 13:09:00,263.0,263.0,263.0,263.0,0.0,36.18,9456.38,0
2023-06-28,2023-06-28 13:10:00,263.0,263.0,263.0,263.0,0.0,36.18,9456.38,0
2023-06-28,2023-06-28 13:11:00,263.0,263.0,263.0,263.0,0.0,36.18,9456.38,0
2023-06-28,2023-06-28 13:12:00,263.0,263.0,263.0,263.0,0.0,36.18,9456.38,0
2023-06-28,2023-06-28 13:13:00,263.0,263.0,263.0,263.0,0.0,36.18,9456.38,0
2023-06-28,2023-06-28 13:14:00,263.0,263.0,263.0,263.0,0.0,36.18,9456.38,0
2023-06-28,2023-06-28 13:15:00,263.0,263.0,263.0,263.0,0.0,36.18,9456.38,0
2023-06-28,2023-06-28 13:16:00,263.0,263.0,263.0,263.0,0.0,36.18,9456.38,0
2023-06-28,2023-06-28 13:17:00,263.0,263.0,263.0,263.0,0.0,36.18,9456.38,0
2023-06-28,2023-06-28 13:18:00,263.0,263.0,263.0,263.0,0.0,36.18,9456.38,0
2023-06-28,2023-06-28 13:19:00,263.0,263.0,263.0,263.0,0.0,36.18,9456.38,0
2023-06-28,2023-06-28 13:20:00,263.0,263.0,263.0,263.0,0.0,36.18,9456.38,0
2023-06-28,2023-06-28 13:21:00,263.0,263.0,263.0,263.0,0.0,36.18,9456.38,0
2023-06-28,2023-06-28 13:22:00,263.0,263.0,263.0,263.0,0.0,36.18,9456.38,0
2023-06-28,2023-06-28 13:23:00,263.0,263.0,263.0,263.0,0.0,36.18,9456.38,0
2023-06-28,2023-06-28 13:24:00,263.0,263.0,263.0,263.0,0.0,36.18,9456.38,0
2023-06-28,2023-06-28 13:25:00,263.0,263.0,263.0,263.0,0.0,36.18,9456.38,0
2023-06-28,2023-06-28 13:26:00,263.0,263.0,263.0,263.0,0.0,36.18,9456.38,0
2023-06-28,2023-06-28 13:27:00,263.0,263.0,263.0,263.0,0.0,36.18,9456.38,0
2023-06-28,2023-06-28 13:28:00,263.0,263.0,263.0,263.0,0.0,36.18,9456.38,0
2023-06-28,2023-06-28 13:29:00,263.0,263.0,263.0,263.0,0.0,36.18,9456.38,0
2023-06-28,2023-06-28 13:30:00,263.0,263.0,263.0,263.0,0.0,36.18,9456.38,0
2023-06-28,2023-06-28 13:31:00,263.0,263.0,263.0,263.0,0.0,36.18,9456.38,0
2023-06-28,2023-06-28 13:32:00,263.0,263.0,263.0,263.0,0.0,36.18,9456.38,0
2023-06-28,2023-06-28 13:33:00,263.0,263.0,263.0,263.0,0.0,36.18,9456.38,0
2023-06-28,2023-06-28 13:34:00,263.0,263.0,263.0,263.0,0.0,36.18,9456.38,0
2023-06-28,2023-06-28 13:35:00,263.0,263.0,263.0,263.0,0.0,36.18,9456.38,0
2023-06-28,2023-06-28 13:36:00,263.0,263.0,263.0,263.0,0.0,36.18,9456.38,0
2023-06-28,2023-06-28 13:37:00,263.0,263.0,263.0,263.0,0.0,36.18,9456.38,0
2023-06-28,2023-06-28 13:38:00,263.0,263.0,263.0,263.0,0.0,36.18,9456.38,0
2023-06-28,2023-06-28 13:39:00,263.0,263.0,263.0,263.0,0.0,36.18,9456.38,0
2023-06-28,2023-06-28 13:40:00,263.0,263.0,263.0,263.0,0.0,36.18,9456.38,0
2023-06-28,2023-06-28 13:41:00,263.0,263.0,263.0,263.0,0.0,36.18,9456.38,0
2023-06-28,2023-06-28 13:42:00,263.0,263.0,263.0,263.0,0.0,36.18,9456.38,0
2023-06-28,2023-06-28 13:43:00,263.0,263.0,263.0,263.0,0.0,36.18,9456.38,0
2023-06-28,2023-06-28 13:44:00,263.0,263.0,263.0,263.0,0.0,36.18,9456.38,0
2023-06-28,2023-06-28 13:45:00,263.0,263.0,263.0,263.0,0.0,36.18,9456.38,0
2023-06-28,2023-06-28 13:46:00,263.0,263.0,263.0,263.0,0.0,36.18,9456.38,0
2023-06-28,2023-06-28 13:47:00,263.0,263.0,263.0,263.0,0.0,36.18,9456.38,0
2023-06-28,2023-06-28 13:48:00,263.0,263.0,263.0,263.0,0.0,36.18,9456.38,0
2023-06-28,2023-06-28 13:49:00,263.0,263.0,263.0,263.0,0.0,36.18,9456.38,0
2023-06-28,2023-06-28 13:50:00,263.0,263.0,263.0,263.0,0.0,36.18,9456.38,0
2023-06-28,2023-06-28 13:51:00,263.0,263.0,263.0,263.0,0.0,36.18,9456.38,0
2023-06-28,2023-06-28 13:52:00,263.0,263.0,263.0,263.0,0.0,36.18,9456.38,0
2023-06-28,2023-06-28 13:53:00,263.0,263.0,263.0,263.0,0.0,36.18,9456.38,0
2023-06-28,2023-06-28 13:54:00,263.0,263.0,263.0,263.0,0.0,36.18,9456.38,0
2023-06-28,2023-06-28 13:55:00,263.0,263.0,263.0,263.0,0.0,36.18,9456.38,0
2023-06-28,2023-06-28 13:56:00,263.0,263.0,263.0,263.0,0.0,36.18,9456.38,0
2023-06-28,2023-06-28 13:57:00,263.0,263.0,263.0,263.0,0.0,36.18,9456.38,0
2023-06-28,2023-06-28 13:58:00,263.0,263.0,263.0,263.0,0.0,36.18,9456.38,0
2023-06-28,2023-06-28 13:59:00,263.0,263.0,263.0,263.0,0.0,36.18,9456.38,0
2023-06-28,2023-06-28 14:00:00,263.0,263.0,263.0,263.0,0.0,36.18,9456.38,0
2023-06-28,2023-06-28 14:01:00,263.0,263.0,263.0,263.0,0.0,36.18,9456.38,0
2023-06-28,2023-06-28 14:02:00,263.0,263.0,263.0,263.0,0.0,36.18,9456.38,0
2023-06-28,2023-06-28 14:03:00,263.0,263.0,263.0,263.0,0.0,36.18,9456.38,0
2023-06-28,2023-06-28 14:04:00,263.0,263.0,263.0,263.0,0.0,36.18,9456.38,0
2023-06-28,2023-06-28 14:05:00,263.0,263.0,263.0,263.0,0.0,36.18,9456.38,0
2023-06-28,2023-06-28 14:06:00,263.0,263.0,263.0,263.0,0.0,36.18,9456.38,0
2023-06-28,2023-06-28 14:07:00,263.0,263.0,263.0,263.0,0.0,36.18,9456.38,0
2023-06-28,2023-06-28 14:08:00,263.0,263.0,263.0,263.0,0.0,36.18,9456.38,0
2023-06-28,2023-06-28 14:09:00,263.0,263.0,263.0,263.0,0.0,36.18,9456.38,0
2023-06-28,2023-06-28 14:10:00,263.0,263.0,263.0,263.0,0.0,36.18,9456.38,0
2023-06-28,2023-06-28 14:11:00,263.0,263.0,263.0,263.0,0.0,36.18,9456.38,0
2023-06-28,2023-06-28 14:12:00,263.0,263.0,263.0,263.0,0.0,36.18,9456.38,0
2023-06-28,2023-06-28 14:13:00,263.0,263.0,263.0,263.0,0.0,36.18,9456.38,0
2023-06-28,2023-06-28 14:14:00,263.0,263.0,263.0,263.0,0.0,36.18,9456.38,0
2023-06-28,2023-06-28 14:15:00,263.0,263.0,263.0,263.0,0.0,36.18,9456.38,0
2023-06-28,2023-06-28 14:16:00,263.0,263.0,263.0,263.0,0.0,36.18,9456.38,0
2023-06-28,2023-06-28 14:17:00,263.0,263.0,263.0,263.0,0.0,36.18,9456.38,0
2023-06-28,2023-06-28 14:18:00,263.0,263.0,263.0,263.0,0.0,36.18,9456.38,0
2023-06-28,2023-06-28 14:19:00,263.0,263.0,263.0,263.0,0.0,36.18,9456.38,0
2023-06-28,2023-06-28 14:20:00,263.0,263.0,263.0,263.0,0.0,36.18,9456.38,0
2023-06-28,2023-06-28 14:21:00,263.0,263.0,263.0,263.0,0.0,36.18,9456.38,0
2023-06-28,2023-06-28 14:22:00,263.0,263.0,263.0,263.0,0.0,36.18,9456.38,0
2023-06-28,2023-06-28 14:23:00,263.0,263.0,263.0,263.0,0.0,36.18,9456.38,0
2023-06-28,2023-06-28 14:24:00,263.0,263.0,263.0,263.0,0.0,36.18,9456.38,0
2023-06-28,2023-06-28 14:25:00,263.0,263.0,263.0,263.0,0.0,36.18,9456.38,0
2023-06-28,2023-06-28 14:26:00,263.0,263.0,263.0,263.0,0.0,36.18,9456.38,0
2023-06-28,2023-06-28 14:27:00,263.0,263.0,263.0,263.0,0.0,36.18,9456.38,0
2023-06-28,2023-06-28 14:28:00,263.0,263.0,263.0,263.0,0.0,36.18,9456.38,0
2023-06-28,2023-06-28 14:29:00,263.0,263.0,263.0,263.0,0.0,36.18,9456.38,0
2023-06-28,2023-06-28 14:30:00,263.0,263.0,263.0,263.0,0.0,36.18,9456.38,0
2023-06-28,2023-06-28 14:31:00,263.0,263.0,263.0,263.0,0.0,36.18,9456.38,0
2023-06-28,2023-06-28 14:32:00,263.0,263.0,263.0,263.0,0.0,36.18,9456.38,0
2023-06-28,2023-06-28 14:33:00,263.0,263.0,263.0,263.0,0.0,36.18,9456.38,0
2023-06-28,2023-06-28 14:34:00,263.0,263.0,263.0,263.0,0.0,36.18,9456.38,0
2023-06-28,2023-06-28 14:35:00,263.0,263.0,263.0,263.0,0.0,36.18,9456.38,0
2023-06-28,2023-06-28 14:36:00,263.0,263.0,263.0,263.0,0.0,36.18,9456.38,0
2023-06-28,2023-06-28 14:37:00,263.0,263.0,263.0,263.0,0.0,36.18,9456.38,0
2023-06-28,2023-06-28 14:38:00,263.0,263.0,263.0,263.0,0.0,36.18,9456.38,0
2023-06-28,2023-06-28 14:39:00,263.0,263.0,263.0,263.0,0.0,36.18,9456.38,0
2023-06-28,2023-06-28 14:40:00,263.0,263.0,263.0,263.0,0.0,36.18,9456.38,0
2023-06-28,2023-06-28 14:41:00,263.0,263.0,263.0,263.0,0.0,36.18,9456.38,0
2023-06-28,2023-06-28 14:42:00,263.0,263.0,263.0,263.0,0.0,36.18,9456.38,0
2023-06-28,2023-06-28 14:43:00,263.0,263.0,263.0,263.0,0.0,36.18,9456.38,0
2023-06-28,2023-06-28 14:44:00,263.0,263.0,263.0,263.0,0.0,36.18,9456.38,0
2023-06-28,2023-06-28 14:45:00,263.0,263.0,263.0,263.0,0.0,36.18,9456.38,0
2023-06-28,2023-06-28 14:46:00,263.0,263.0,263.0,263.0,0.0,36.18,9456.38,0
2023-06-28,2023-06-28 14:47:00,263.0,263.0,263.0,263.0,0.0,36.18,9456.38,0
2023-06-28,2023-06-28 14:48:00,263.0,263.0,263.0,263.0,0.0,36.18,9456.38,0
2023-06-28,2023-06-28 14:49:00,263.0,263.0,263.0,263.0,0.0,36.18,9456.38,0
2023-06-28,2023-06-28 14:50:00,263.0,263.0,263.0,263.0,0.0,36.18,9456.38,0
2023-06-28,2023-06-28 14:51:00,263.0,263.0,263.0,263.0,0.0,36.18,9456.38,0
2023-06-28,2023-06-28 14:52:00,263.0,263.0,263.0,263.0,0.0,36.18,9456.38,0
2023-06-28,2023-06-28 14:53:00,263.0,263.0,263.0,263.0,0.0,36.18,9456.38,0
2023-06-28,2023-06-28 14:54:00,263.0,263.0,263.0,263.0,0.0,36.18,9456.38,0
2023-06-28,2023-06-28 14:55:00,263.0,263.0,263.0,263.0,0.0,36.18,9456.38,0
2023-06-28,2023-06-28 14:56:00,263.0,263.0,263.0,263.0,0.0,36.18,9456.38,0
2023-06-28,2023-06-28 14:57:00,263.0,263.0,263.0,263.0,0.0,36.18,9456.38,0
2023-06-28,2023-06-28 14:58:00,263.0,263.0,263.0,263.0,0.0,36.18,9456.38,0
2023-06-28,2023-06-28 14:59:00,263.0,263.0,263.0,263.0,0.0,36.18,9456.38,0
2023-06-28,2023-06-28 15:00:00,263.0,273.0,256.1,263.0,0.0,36.18,9456.38,0
2023-07-02,2023-07-02 11:00:00,257.8,257.86,254.68,257.76,-0.02,46.68,11753.06,-1
2023-07-02,2023-07-02 11:01:00,257.76,257.76,257.71,257.71,-0.02,46.68,11753.06,-1
2023-07-02,2023-07-02 11:02:00,257.71,257.71,257.67,257.67,-0.02,46.68,11753.06,-1
2023-07-02,2023-07-02 11:03:00,257.67,257.67,257.63,257.63,-0.02,46.68,11753.06,-1
2023-07-02,2023-07-02 11:04:00,257.63,257.63,257.58,257.58,-0.02,46.68,11753.06,-1
2023-07-02,2023-07-02 11:05:00,257.58,257.58,257.54,257.54,-0.02,46.68,11753.06,-1
2023-07-02,2023-07-02 11:06:00,257.54,257.54,257.5,257.5,-0.02,46.68,11753.06,-1
2023-07-02,2023-07-02 11:07:00,257.5,257.5,257.45,257.45,-0.02,46.68,11753.06,-1
2023-07-02,2023-07-02 11:08:00,257.45,257.45,257.41,257.41,-0.02,46.68,11753.06,-1
2023-07-02,2023-07-02 11:09:00,257.41,257.41,257.37,257.37,-0.02,46.68,11753.06,-1
2023-07-02,2023-07-02 11:10:00,257.37,257.37,257.32,257.32,-0.02,46.68,11753.06,-1
2023-07-02,2023-07-02 11:11:00,257.32,257.32,257.28,257.28,-0.02,46.68,11753.06,-1
2023-07-02,2023-07-02 11:12:00,257.28,257.28,257.24,257.24,-0.02,46.68,11753.06,-1
2023-07-02,2023-07-02 11:13:00,257.24,257.24,257.19,257.19,-0.02,46.68,11753.06,-1
2023-07-02,2023-07-02 11:14:00,257.19,257.19,257.15,257.15,-0.02,46.68,11753.06,-1
2023-07-02,2023-07-02 11:15:00,257.15,257.15,257.11,257.11,-0.02,46.68,11753.06,-1
2023-07-02,2023-07-02 11:16:00,257.11,257.11,257.06,257.06,-0.02,46.68,11753.06,-1
2023-07-02,2023-07-02 11:17:00,257.06,257.06,257.02,257.02,-0.02,46.68,11753.06,-1
2023-07-02,2023-07-02 11:18:00,257.02,257.02,256.98,256.98,-0.02,46.68,11753.06,-1
2023-07-02,2023-07-02 11:19:00,256.98,256.98,256.93,256.93,-0.02,46.68,11753.06,-1
2023-07-02,2023-07-02 11:20:00,256.93,256.93,256.89,256.89,-0.02,46.68,11753.06,-1
2023-07-02,2023-07-02 11:21:00,256.89,256.89,256.85,256.85,-0.02,46.68,11753.06,-1
2023-07-02,2023-07-02 11:22:00,256.85,256.85,256.8,256.8,-0.02,46.68,11753.06,-1
2023-07-02,2023-07-02 11:23:00,256.8,256.8,256.76,256.76,-0.02,46.68,11753.06,-1
2023-07-02,2023-07-02 11:24:00,256.76,256.76,256.72,256.72,-0.02,46.68,11753.06,-1
2023-07-02,2023-07-02 11:25:00,256.72,256.72,256.67,256.67,-0.02,46.68,11753.06,-1
2023-07-02,2023-07-02 11:26:00,256.67,256.67,256.63,256.63,-0.02,46.68,11753.06,-1
2023-07-02,2023-07-02 11:27:00,256.63,256.63,256.59,256.59,-0.02,46.68,11753.06,-1
2023-07-02,2023-07-02 11:28:00,256.59,256.59,256.54,256.54,-0.02,46.68,11753.06,-1
2023-07-02,2023-07-02 11:29:00,256.54,256.54,256.5,256.5,-0.02,46.68,11753.06,-1
2023-07-02,2023-07-02 11:30:00,256.5,256.5,256.46,256.46,-0.02,46.68,11753.06,-1
2023-07-02,2023-07-02 11:31:00,256.46,256.46,256.41,256.41,-0.02,46.68,11753.06,-1
2023-07-02,2023-07-02 11:32:00,256.41,256.41,256.37,256.37,-0.02,46.68,11753.06,-1
2023-07-02,2023-07-02 11:33:00,256.37,256.37,256.33,256.33,-0.02,46.68,11753.06,-1
2023-07-02,2023-07-02 11:34:00,256.33,256.33,256.28,256.28,-0.02,46.68,11753.06,-1
2023-07-02,2023-07-02 11:35:00,256.28,256.28,256.24,256.24,-0.02,46.68,11753.06,-1
2023-07-02,2023-07-02 11:36:00,256.24,256.24,256.2,256.2,-0.02,46.68,11753.06,-1
2023-07-02,2023-07-02 11:37:00,256.2,256.2,256.15,256.15,-0.02,46.68,11753.06,-1
2023-07-02,2023-07-02 11:38:00,256.15,256.15,256.11,256.11,-0.02,46.68,11753.06,-1
2023-07-02,2023-07-02 11:39:00,256.11,256.11,256.07,256.07,-0.02,46.68,11753.06,-1
2023-07-02,2023-07-02 11:40:00,256.07,256.07,256.02,256.02,-0.02,46.68,11753.06,-1
2023-07-02,2023-07-02 11:41:00,256.02,256.02,255.98,255.98,-0.02,46.68,11753.06,-1
2023-07-02,2023-07-02 11:42:00,255.98,255.98,255.94,255.94,-0.02,46.68,11753.06,-1
2023-07-02,2023-07-02 11:43:00,255.94,255.94,255.89,255.89,-0.02,46.68,11753.06,-1
2023-07-02,2023-07-02 11:44:00,255.89,255.89,255.85,255.85,-0.02,46.68,11753.06,-1
2023-07-02,2023-07-02 11:45:00,255.85,255.85,255.81,255.81,-0.02,46.68,11753.06,-1
2023-07-02,2023-07-02 11:46:00,255.81,255.81,255.76,255.76,-0.02,46.68,11753.06,-1
2023-07-02,2023-07-02 11:47:00,255.76,255.76,255.72,255.72,-0.02,46.68,11753.06,-1
2023-07-02,2023-07-02 11:48:00,255.72,255.72,255.68,255.68,-0.02,46.68,11753.06,-1
2023-07-02,2023-07-02 11:49:00,255.68,255.68,255.63,255.63,-0.02,46.68,11753.06,-1
2023-07-02,2023-07-02 11:50:00,255.63,255.63,255.59,255.59,-0.02,46.68,11753.06,-1
2023-07-02,2023-07-02 11:51:00,255.59,255.59,255.55,255.55,-0.02,46.68,11753.06,-1
2023-07-02,2023-07-02 11:52:00,255.55,255.55,255.5,255.5,-0.02,46.68,11753.06,-1
2023-07-02,2023-07-02 11:53:00,255.5,255.5,255.46,255.46,-0.02,46.68,11753.06,-1
2023-07-02,2023-07-02 11:54:00,255.46,255.46,255.42,255.42,-0.02,46.68,11753.06,-1
2023-07-02,2023-07-02 11:55:00,255.42,255.42,255.37,255.37,-0.02,46.68,11753.06,-1
2023-07-02,2023-07-02 11:56:00,255.37,255.37,255.33,255.33,-0.02,46.68,11753.06,-1
2023-07-02,2023-07-02 11:57:00,255.33,255.33,255.29,255.29,-0.02,46.68,11753.06,-1
2023-07-02,2023-07-02 11:58:00,255.29,255.29,255.24,255.24,-0.02,46.68,11753.06,-1
2023-07-02,2023-07-02 11:59:00,255.24,255.24,255.2,255.2,-0.02,46.68,11753.06,-1
2023-07-02,2023-07-02 12:00:00,255.2,255.2,255.16,255.16,-0.02,46.68,11753.06,-1
2023-07-02,2023-07-02 12:01:00,255.16,255.16,255.11,255.11,-0.02,46.68,11753.06,-1
2023-07-02,2023-07-02 12:02:00,255.11,255.11,255.07,255.07,-0.02,46.68,11753.06,-1
2023-07-02,2023-07-02 12:03:00,255.07,255.07,255.03,255.03,-0.02,46.68,11753.06,-1
2023-07-02,2023-07-02 12:04:00,255.03,255.03,254.98,254.98,-0.02,46.68,11753.06,-1
2023-07-02,2023-07-02 12:05:00,254.98,254.98,254.94,254.94,-0.02,46.68,11753.06,-1
2023-07-02,2023-07-02 12:06:00,254.94,254.94,254.9,254.9,-0.02,46.68,11753.06,-1
2023-07-02,2023-07-02 12:07:00,254.9,254.9,254.85,254.85,-0.02,46.68,11753.06,-1
2023-07-02,2023-07-02 12:08:00,254.85,254.85,254.81,254.81,-0.02,46.68,11753.06,-1
2023-07-02,2023-07-02 12:09:00,254.81,254.81,254.77,254.77,-0.02,46.68,11753.06,-1
2023-07-02,2023-07-02 12:10:00,254.77,254.77,254.72,254.72,-0.02,46.68,11753.06,-1
2023-07-02,2023-07-02 12:11:00,254.72,254.72,254.68,254.68,-0.02,46.68,11753.06,-1
2023-07-02,2023-07-02 12:12:00,254.68,254.68,254.64,254.64,-0.02,46.68,11753.06,-1
2023-07-02,2023-07-02 12:13:00,254.64,254.64,254.59,254.59,-0.02,46.68,11753.06,-1
2023-07-02,2023-07-02 12:14:00,254.59,254.59,254.55,254.55,-0.02,46.68,11753.06,-1
2023-07-02,2023-07-02 12:15:00,254.55,254.55,254.51,254.51,-0.02,46.68,11753.06,-1
2023-07-02,2023-07-02 12:16:00,254.51,254.51,254.46,254.46,-0.02,46.68,11753.06,-1
2023-07-02,2023-07-02 12:17:00,254.46,254.46,254.42,254.42,-0.02,46.68,11753.06,-1
2023-07-02,2023-07-02 12:18:00,254.42,254.42,254.38,254.38,-0.02,46.68,11753.06,-1
2023-07-02,2023-07-02 12:19:00,254.38,254.38,254.33,254.33,-0.02,46.68,11753.06,-1
2023-07-02,2023-07-02 12:20:00,254.33,254.33,254.29,254.29,-0.02,46.68,11753.06,-1
2023-07-02,2023-07-02 12:21:00,254.29,254.29,254.25,254.25,-0.02,46.68,11753.06,-1
2023-07-02,2023-07-02 12:22:00,254.25,254.25,254.2,254.2,-0.02,46.68,11753.06,-1
2023-07-02,2023-07-02 12:23:00,254.2,254.2,254.16,254.16,-0.02,46.68,11753.06,-1
2023-07-02,2023-07-02 12:24:00,254.16,254.16,254.12,254.12,-0.02,46.68,11753.06,-1
2023-07-02,2023-07-02 12:25:00,254.12,254.12,254.07,254.07,-0.02,46.68,11753.06,-1
2023-07-02,2023-07-02 12:26:00,254.07,254.07,254.03,254.03,-0.02,46.68,11753.06,-1
2023-07-02,2023-07-02 12:27:00,254.03,254.03,253.99,253.99,-0.02,46.68,11753.06,-1
2023-07-02,2023-07-02 12:28:00,253.99,253.99,253.94,253.94,-0.02,46.68,11753.06,-1
2023-07-02,2023-07-02 12:29:00,253.94,253.94,253.9,253.9,-0.02,46.68,11753.06,-1
2023-07-02,2023-07-02 12:30:00,253.9,253.9,253.86,253.86,-0.02,46.68,11753.06,-1
2023-07-02,2023-07-02 12:31:00,253.86,253.86,253.81,253.81,-0.02,46.68,11753.06,-1
2023-07-02,2023-07-02 12:32:00,253.81,253.81,253.77,253.77,-0.02,46.68,11753.06,-1
2023-07-02,2023-07-02 12:33:00,253.77,253.77,253.73,253.73,-0.02,46.68,11753.06,-1
2023-07-02,2023-07-02 12:34:00,253.73,253.73,253.68,253.68,-0.02,46.68,11753.06,-1
2023-07-02,2023-07-02 12:35:00,253.68,253.68,253.64,253.64,-0.02,46.68,11753.06,-1
2023-07-02,2023-07-02 12:36:00,253.64,253.64,253.6,253.6,-0.02,46.68,11753.06,-1
2023-07-02,2023-07-02 12:37:00,253.6,253.6,253.55,253.55,-0.02,46.68,11753.06,-1
2023-07-02,2023-07-02 12:38:00,253.55,253.55,253.51,253.51,-0.02,46.68,11753.06,-1
2023-07-02,2023-07-02 12:39:00,253.51,253.51,253.47,253.47,-0.02,46.68,11753.06,-1
2023-07-02,2023-07-02 12:40:00,253.47,253.47,253.42,253.42,-0.02,46.68,11753.06,-1
2023-07-02,2023-07-02 12:41:00,253.42,253.42,253.38,253.38,-0.02,46.68,11753.06,-1
2023-07-02,2023-07-02 12:42:00,253.38,253.38,253.34,253.34,-0.02,46.68,11753.06,-1
2023-07-02,2023-07-02 12:43:00,253.34,253.34,253.29,253.29,-0.02,46.68,11753.06,-1
2023-07-02,2023-07-02 12:44:00,253.29,253.29,253.25,253.25,-0.02,46.68,11753.06,-1
2023-07-02,2023-07-02 12:45:00,253.25,253.25,253.21,253.21,-0.02,46.68,11753.06,-1
2023-07-02,2023-07-02 12:46:00,253.21,253.21,253.16,253.16,-0.02,46.68,11753.06,-1
2023-07-02,2023-07-02 12:47:00,253.16,253.16,253.12,253.12,-0.02,46.68,11753.06,-1
2023-07-02,2023-07-02 12:48:00,253.12,253.12,253.08,253.08,-0.02,46.68,11753.06,-1
2023-07-02,2023-07-02 12:49:00,253.08,253.08,253.03,253.03,-0.02,46.68,11753.06,-1
2023-07-02,2023-07-02 12:50:00,253.03,253.03,252.99,252.99,-0.02,46.68,11753.06,-1
2023-07-02,2023-07-02 12:51:00,252.99,252.99,252.95,252.95,-0.02,46.68,11753.06,-1
2023-07-02,2023-07-02 12:52:00,252.95,252.95,252.9,252.9,-0.02,46.68,11753.06,-1
2023-07-02,2023-07-02 12:53:00,252.9,252.9,252.86,252.86,-0.02,46.68,11753.06,-1
2023-07-02,2023-07-02 12:54:00,252.86,252.86,252.82,252.82,-0.02,46.68,11753.06,-1
2023-07-02,2023-07-02 12:55:00,252.82,252.82,252.77,252.77,-0.02,46.68,11753.06,-1
2023-07-02,2023-07-02 12:56:00,252.77,252.77,252.73,252.73,-0.02,46.68,11753.06,-1
2023-07-02,2023-07-02 12:57:00,252.73,252.73,252.69,252.69,-0.02,46.68,11753.06,-1
2023-07-02,2023-07-02 12:58:00,252.69,252.69,252.64,252.64,-0.02,46.68,11753.06,-1
2023-07-02,2023-07-02 12:59:00,252.64,252.64,252.6,252.6,-0.02,46.68,11753.06,-1
2023-07-02,2023-07-02 13:00:00,252.6,258.0,247.4,252.56,-0.02,46.68,11753.06,-1
2023-07-02,2023-07-02 13:01:00,252.56,252.56,252.51,252.51,-0.02,46.68,11753.06,-1
2023-07-02,2023-07-02 13:02:00,252.51,252.51,252.47,252.47,-0.02,46.68,11753.06,-1
2023-07-02,2023-07-02 13:03:00,252.47,252.47,252.43,252.43,-0.02,46.68,11753.06,-1
2023-07-02,2023-07-02 13:04:00,252.43,252.43,252.38,252.38,-0.02,46.68,11753.06,-1
2023-07-02,2023-07-02 13:05:00,252.38,252.38,252.34,252.34,-0.02,46.68,11753.06,-1
2023-07-02,2023-07-02 13:06:00,252.34,252.34,252.3,252.3,-0.02,46.68,11753.06,-1
2023-07-02,2023-07-02 13:07:00,252.3,252.3,252.25,252.25,-0.02,46.68,11753.06,-1
2023-07-02,2023-07-02 13:08:00,252.25,252.25,252.21,252.21,-0.02,46.68,11753.06,-1
2023-07-02,2023-07-02 13:09:00,252.21,252.21,252.17,252.17,-0.02,46.68,11753.06,-1
2023-07-02,2023-07-02 13:10:00,252.17,252.17,252.12,252.12,-0.02,46.68,11753.06,-1
2023-07-02,2023-07-02 13:11:00,252.12,252.12,252.08,252.08,-0.02,46.68,11753.06,-1
2023-07-02,2023-07-02 13:12:00,252.08,252.08,252.04,252.04,-0.02,46.68,11753.06,-1
2023-07-02,2023-07-02 13:13:00,252.04,252.04,251.99,251.99,-0.02,46.68,11753.06,-1
2023-07-02,2023-07-02 13:14:00,251.99,251.99,251.95,251.95,-0.02,46.68,11753.06,-1
2023-07-02,2023-07-02 13:15:00,251.95,251.95,251.91,251.91,-0.02,46.68,11753.06,-1
2023-07-02,2023-07-02 13:16:00,251.91,251.91,251.86,251.86,-0.02,46.68,11753.06,-1
2023-07-02,2023-07-02 13:17:00,251.86,251.86,251.82,251.82,-0.02,46.68,11753.06,-1
2023-07-02,2023-07-02 13:18:00,251.82,251.82,251.78,251.78,-0.02,46.68,11753.06,-1
2023-07-02,2023-07-02 13:19:00,251.78,251.78,251.73,251.73,-0.02,46.68,11753.06,-1
2023-07-02,2023-07-02 13:20:00,251.73,251.73,251.69,251.69,-0.02,46.68,11753.06,-1
2023-07-02,2023-07-02 13:21:00,251.69,251.69,251.65,251.65,-0.02,46.68,11753.06,-1
2023-07-02,2023-07-02 13:22:00,251.65,251.65,251.6,251.6,-0.02,46.68,11753.06,-1
2023-07-02,2023-07-02 13:23:00,251.6,251.6,251.56,251.56,-0.02,46.68,11753.06,-1
2023-07-02,2023-07-02 13:24:00,251.56,251.56,251.52,251.52,-0.02,46.68,11753.06,-1
2023-07-02,2023-07-02 13:25:00,251.52,251.52,251.47,251.47,-0.02,46.68,11753.06,-1
2023-07-02,2023-07-02 13:26:00,251.47,251.47,251.43,251.43,-0.02,46.68,11753.06,-1
2023-07-02,2023-07-02 13:27:00,251.43,251.43,251.39,251.39,-0.02,46.68,11753.06,-1
2023-07-02,2023-07-02 13:28:00,251.39,251.39,251.34,251.34,-0.02,46.68,11753.06,-1
2023-07-02,2023-07-02 13:29:00,251.34,251.34,251.3,251.3,-0.02,46.68,11753.06,-1
2023-07-02,2023-07-02 13:30:00,251.3,251.3,251.26,251.26,-0.02,46.68,11753.06,-1
2023-07-02,2023-07-02 13:31:00,251.26,251.26,251.21,251.21,-0.02,46.68,11753.06,-1
2023-07-02,2023-07-02 13:32:00,251.21,251.21,251.17,251.17,-0.02,46.68,11753.06,-1
2023-07-02,2023-07-02 13:33:00,251.17,251.17,251.13,251.13,-0.02,46.68,11753.06,-1
2023-07-02,2023-07-02 13:34:00,251.13,251.13,251.08,251.08,-0.02,46.68,11753.06,-1
2023-07-02,2023-07-02 13:35:00,251.08,251.08,251.04,251.04,-0.02,46.68,11753.06,-1
2023-07-02,2023-07-02 13:36:00,251.04,251.04,251.0,251.0,-0.02,46.68,11753.06,-1
2023-07-02,2023-07-02 13:37:00,251.0,251.0,250.95,250.95,-0.02,46.68,11753.06,-1
2023-07-02,2023-07-02 13:38:00,250.95,250.95,250.91,250.91,-0.02,46.68,11753.06,-1
2023-07-02,2023-07-02 13:39:00,250.91,250.91,250.87,250.87,-0.02,46.68,11753.06,-1
2023-07-02,2023-07-02 13:40:00,250.87,250.87,250.82,250.82,-0.02,46.68,11753.06,-1
2023-07-02,2023-07-02 13:41:00,250.82,250.82,250.78,250.78,-0.02,46.68,11753.06,-1
2023-07-02,2023-07-02 13:42:00,250.78,250.78,250.74,250.74,-0.02,46.68,11753.06,-1
2023-07-02,2023-07-02 13:43:00,250.74,250.74,250.69,250.69,-0.02,46.68,11753.06,-1
2023-07-02,2023-07-02 13:44:00,250.69,250.69,250.65,250.65,-0.02,46.68,11753.06,-1
2023-07-02,2023-07-02 13:45:00,250.65,250.65,250.61,250.61,-0.02,46.68,11753.06,-1
2023-07-02,2023-07-02 13:46:00,250.61,250.61,250.56,250.56,-0.02,46.68,11753.06,-1
2023-07-02,2023-07-02 13:47:00,250.56,250.56,250.52,250.52,-0.02,46.68,11753.06,-1
2023-07-02,2023-07-02 13:48:00,250.52,250.52,250.48,250.48,-0.02,46.68,11753.06,-1
2023-07-02,2023-07-02 13:49:00,250.48,250.48,250.43,250.43,-0.02,46.68,11753.06,-1
2023-07-02,2023-07-02 13:50:00,250.43,250.43,250.39,250.39,-0.02,46.68,11753.06,-1
2023-07-02,2023-07-02 13:51:00,250.39,250.39,250.35,250.35,-0.02,46.68,11753.06,-1
2023-07-02,2023-07-02 13:52:00,250.35,250.35,250.3,250.3,-0.02,46.68,11753.06,-1
2023-07-02,2023-07-02 13:53:00,250.3,250.3,250.26,250.26,-0.02,46.68,11753.06,-1
2023-07-02,2023-07-02 13:54:00,250.26,250.26,250.22,250.22,-0.02,46.68,11753.06,-1
2023-07-02,2023-07-02 13:55:00,250.22,250.22,250.17,250.17,-0.02,46.68,11753.06,-1
2023-07-02,2023-07-02 13:56:00,250.17,250.17,250.13,250.13,-0.02,46.68,11753.06,-1
2023-07-02,2023-07-02 13:57:00,250.13,250.13,250.09,250.09,-0.02,46.68,11753.06,-1
2023-07-02,2023-07-02 13:58:00,250.09,250.09,250.04,250.04,-0.02,46.68,11753.06,-1
2023-07-02,2023-07-02 13:59:00,250.04,250.04,250.0,250.0,-0.02,46.68,11753.06,-1
2023-07-02,2023-07-02 14:00:00,250.0,250.0,249.96,249.96,-0.02,46.68,11753.06,-1
2023-07-02,2023-07-02 14:01:00,249.96,249.96,249.91,249.91,-0.02,46.68,11753.06,-1
2023-07-02,2023-07-02 14:02:00,249.91,249.91,249.87,249.87,-0.02,46.68,11753.06,-1
2023-07-02,2023-07-02 14:03:00,249.87,249.87,249.83,249.83,-0.02,46.68,11753.06,-1
2023-07-02,2023-07-02 14:04:00,249.83,249.83,249.78,249.78,-0.02,46.68,11753.06,-1
2023-07-02,2023-07-02 14:05:00,249.78,249.78,249.74,249.74,-0.02,46.68,11753.06,-1
2023-07-02,2023-07-02 14:06:00,249.74,249.74,249.7,249.7,-0.02,46.68,11753.06,-1
2023-07-02,2023-07-02 14:07:00,249.7,249.7,249.65,249.65,-0.02,46.68,11753.06,-1
2023-07-02,2023-07-02 14:08:00,249.65,249.65,249.61,249.61,-0.02,46.68,11753.06,-1
2023-07-02,2023-07-02 14:09:00,249.61,249.61,249.57,249.57,-0.02,46.68,11753.06,-1
2023-07-02,2023-07-02 14:10:00,249.57,249.57,249.52,249.52,-0.02,46.68,11753.06,-1
2023-07-02,2023-07-02 14:11:00,249.52,249.52,249.48,249.48,-0.02,46.68,11753.06,-1
2023-07-02,2023-07-02 14:12:00,249.48,249.48,249.44,249.44,-0.02,46.68,11753.06,-1
2023-07-02,2023-07-02 14:13:00,249.44,249.44,249.39,249.39,-0.02,46.68,11753.06,-1
2023-07-02,2023-07-02 14:14:00,249.39,249.39,249.35,249.35,-0.02,46.68,11753.06,-1
2023-07-02,2023-07-02 14:15:00,249.35,249.35,249.31,249.31,-0.02,46.68,11753.06,-1
2023-07-02,2023-07-02 14:16:00,249.31,249.31,249.26,249.26,-0.02,46.68,11753.06,-1
2023-07-02,2023-07-02 14:17:00,249.26,249.26,249.22,249.22,-0.02,46.68,11753.06,-1
2023-07-02,2023-07-02 14:18:00,249.22,249.22,249.18,249.18,-0.02,46.68,11753.06,-1
2023-07-02,2023-07-02 14:19:00,249.18,249.18,249.13,249.13,-0.02,46.68,11753.06,-1
2023-07-02,2023-07-02 14:20:00,249.13,249.13,249.09,249.09,-0.02,46.68,11753.06,-1
2023-07-02,2023-07-02 14:21:00,249.09,249.09,249.05,249.05,-0.02,46.68,11753.06,-1
2023-07-02,2023-07-02 14:22:00,249.05,249.05,249.0,249.0,-0.02,46.68,11753.06,-1
2023-07-02,2023-07-02 14:23:00,249.0,249.0,248.96,248.96,-0.02,46.68,11753.06,-1
2023-07-02,2023-07-02 14:24:00,248.96,248.96,248.92,248.92,-0.02,46.68,11753.06,-1
2023-07-02,2023-07-02 14:25:00,248.92,248.92,248.87,248.87,-0.02,46.68,11753.06,-1
2023-07-02,2023-07-02 14:26:00,248.87,248.87,248.83,248.83,-0.02,46.68,11753.06,-1
2023-07-02,2023-07-02 14:27:00,248.83,248.83,248.79,248.79,-0.02,46.68,11753.06,-1
2023-07-02,2023-07-02 14:28:00,248.79,248.79,248.74,248.74,-0.02,46.68,11753.06,-1
2023-07-02,2023-07-02 14:29:00,248.74,248.74,248.7,248.7,-0.02,46.68,11753.06,-1
2023-07-02,2023-07-02 14:30:00,248.7,248.7,248.66,248.66,-0.02,46.68,11753.06,-1
2023-07-02,2023-07-02 14:31:00,248.66,248.66,248.61,248.61,-0.02,46.68,11753.06,-1
2023-07-02,2023-07-02 14:32:00,248.61,248.61,248.57,248.57,-0.02,46.68,11753.06,-1
2023-07-02,2023-07-02 14:33:00,248.57,248.57,248.53,248.53,-0.02,46.68,11753.06,-1
2023-07-02,2023-07-02 14:34:00,248.53,248.53,248.48,248.48,-0.02,46.68,11753.06,-1
2023-07-02,2023-07-02 14:35:00,248.48,248.48,248.44,248.44,-0.02,46.68,11753.06,-1
2023-07-02,2023-07-02 14:36:00,248.44,248.44,248.4,248.4,-0.02,46.68,11753.06,-1
2023-07-02,2023-07-02 14:37:00,248.4,248.4,248.35,248.35,-0.02,46.68,11753.06,-1
2023-07-02,2023-07-02 14:38:00,248.35,248.35,248.31,248.31,-0.02,46.68,11753.06,-1
2023-07-02,2023-07-02 14:39:00,248.31,248.31,248.27,248.27,-0.02,46.68,11753.06,-1
2023-07-02,2023-07-02 14:40:00,248.27,248.27,248.22,248.22,-0.02,46.68,11753.06,-1
2023-07-02,2023-07-02 14:41:00,248.22,248.22,248.18,248.18,-0.02,46.68,11753.06,-1
2023-07-02,2023-07-02 14:42:00,248.18,248.18,248.14,248.14,-0.02,46.68,11753.06,-1
2023-07-02,2023-07-02 14:43:00,248.14,248.14,248.09,248.09,-0.02,46.68,11753.06,-1
2023-07-02,2023-07-02 14:44:00,248.09,248.09,248.05,248.05,-0.02,46.68,11753.06,-1
2023-07-02,2023-07-02 14:45:00,248.05,248.05,248.01,248.01,-0.02,46.68,11753.06,-1
2023-07-02,2023-07-02 14:46:00,248.01,248.01,247.96,247.96,-0.02,46.68,11753.06,-1
2023-07-02,2023-07-02 14:47:00,247.96,247.96,247.92,247.92,-0.02,46.68,11753.06,-1
2023-07-02,2023-07-02 14:48:00,247.92,247.92,247.88,247.88,-0.02,46.68,11753.06,-1
2023-07-02,2023-07-02 14:49:00,247.88,247.88,247.83,247.83,-0.02,46.68,11753.06,-1
2023-07-02,2023-07-02 14:50:00,247.83,247.83,247.79,247.79,-0.02,46.68,11753.06,-1
2023-07-02,2023-07-02 14:51:00,247.79,247.79,247.75,247.75,-0.02,46.68,11753.06,-1
2023-07-02,2023-07-02 14:52:00,247.75,247.75,247.7,247.7,-0.02,46.68,11753.06,-1
2023-07-02,2023-07-02 14:53:00,247.7,247.7,247.66,247.66,-0.02,46.68,11753.06,-1
2023-07-02,2023-07-02 14:54:00,247.66,247.66,247.62,247.62,-0.02,46.68,11753.06,-1
2023-07-02,2023-07-02 14:55:00,247.62,247.62,247.57,247.57,-0.02,46.68,11753.06,-1
2023-07-02,2023-07-02 14:56:00,247.57,247.57,247.53,247.53,-0.02,46.68,11753.06,-1
2023-07-02,2023-07-02 14:57:00,247.53,247.53,247.49,247.49,-0.02,46.68,11753.06,-1
2023-07-02,2023-07-02 14:58:00,247.49,247.49,247.44,247.44,-0.02,46.68,11753.06,-1
2023-07-02,2023-07-02 14:59:00,247.44,247.44,247.4,247.4,-0.02,46.68,11753.06,-1
2023-07-02,2023-07-02 15:00:00,247.4,258.0,247.4,247.4,0.0,46.68,11753.06,0
2023-07-03,2023-07-03 11:00:00,243.0,245.79,241.2,242.98,-0.01,41.75,10063.98,-1
2023-07-03,2023-07-03 11:01:00,242.98,242.98,242.95,242.95,-0.01,41.75,10063.98,-1
2023-07-03,2023-07-03 11:02:00,242.95,242.95,242.93,242.93,-0.01,41.75,10063.98,-1
2023-07-03,2023-07-03 11:03:00,242.93,242.93,242.9,242.9,-0.01,41.75,10063.98,-1
2023-07-03,2023-07-03 11:04:00,242.9,242.9,242.88,242.88,-0.01,41.75,10063.98,-1
2023-07-03,2023-07-03 11:05:00,242.88,242.88,242.85,242.85,-0.01,41.75,10063.98,-1
2023-07-03,2023-07-03 11:06:00,242.85,242.85,242.83,242.83,-0.01,41.75,10063.98,-1
2023-07-03,2023-07-03 11:07:00,242.83,242.83,242.8,242.8,-0.01,41.75,10063.98,-1
2023-07-03,2023-07-03 11:08:00,242.8,242.8,242.78,242.78,-0.01,41.75,10063.98,-1
2023-07-03,2023-07-03 11:09:00,242.78,242.78,242.75,242.75,-0.01,41.75,10063.98,-1
2023-07-03,2023-07-03 11:10:00,242.75,242.75,242.73,242.73,-0.01,41.75,10063.98,-1
2023-07-03,2023-07-03 11:11:00,242.73,242.73,242.71,242.71,-0.01,41.75,10063.98,-1
2023-07-03,2023-07-03 11:12:00,242.71,242.71,242.68,242.68,-0.01,41.75,10063.98,-1
2023-07-03,2023-07-03 11:13:00,242.68,242.68,242.66,242.66,-0.01,41.75,10063.98,-1
2023-07-03,2023-07-03 11:14:00,242.66,242.66,242.63,242.63,-0.01,41.75,10063.98,-1
2023-07-03,2023-07-03 11:15:00,242.63,242.63,242.61,242.61,-0.01,41.75,10063.98,-1
2023-07-03,2023-07-03 11:16:00,242.61,242.61,242.58,242.58,-0.01,41.75,10063.98,-1
2023-07-03,2023-07-03 11:17:00,242.58,242.58,242.56,242.56,-0.01,41.75,10063.98,-1
2023-07-03,2023-07-03 11:18:00,242.56,242.56,242.53,242.53,-0.01,41.75,10063.98,-1
2023-07-03,2023-07-03 11:19:00,242.53,242.53,242.51,242.51,-0.01,41.75,10063.98,-1
2023-07-03,2023-07-03 11:20:00,242.51,242.51,242.48,242.48,-0.01,41.75,10063.98,-1
2023-07-03,2023-07-03 11:21:00,242.48,242.48,242.46,242.46,-0.01,41.75,10063.98,-1
2023-07-03,2023-07-03 11:22:00,242.46,242.46,242.43,242.43,-0.01,41.75,10063.98,-1
2023-07-03,2023-07-03 11:23:00,242.43,242.43,242.41,242.41,-0.01,41.75,10063.98,-1
2023-07-03,2023-07-03 11:24:00,242.41,242.41,242.39,242.39,-0.01,41.75,10063.98,-1
2023-07-03,2023-07-03 11:25:00,242.39,242.39,242.36,242.36,-0.01,41.75,10063.98,-1
2023-07-03,2023-07-03 11:26:00,242.36,242.36,242.34,242.34,-0.01,41.75,10063.98,-1
2023-07-03,2023-07-03 11:27:00,242.34,242.34,242.31,242.31,-0.01,41.75,10063.98,-1
2023-07-03,2023-07-03 11:28:00,242.31,242.31,242.29,242.29,-0.01,41.75,10063.98,-1
2023-07-03,2023-07-03 11:29:00,242.29,242.29,242.26,242.26,-0.01,41.75,10063.98,-1
2023-07-03,2023-07-03 11:30:00,242.26,242.26,242.24,242.24,-0.01,41.75,10063.98,-1
2023-07-03,2023-07-03 11:31:00,242.24,242.24,242.21,242.21,-0.01,41.75,10063.98,-1
2023-07-03,2023-07-03 11:32:00,242.21,242.21,242.19,242.19,-0.01,41.75,10063.98,-1
2023-07-03,2023-07-03 11:33:00,242.19,242.19,242.16,242.16,-0.01,41.75,10063.98,-1
2023-07-03,2023-07-03 11:34:00,242.16,242.16,242.14,242.14,-0.01,41.75,10063.98,-1
2023-07-03,2023-07-03 11:35:00,242.14,242.14,242.12,242.12,-0.01,41.75,10063.98,-1
2023-07-03,2023-07-03 11:36:00,242.12,242.12,242.09,242.09,-0.01,41.75,10063.98,-1
2023-07-03,2023-07-03 11:37:00,242.09,242.09,242.07,242.07,-0.01,41.75,10063.98,-1
2023-07-03,2023-07-03 11:38:00,242.07,242.07,242.04,242.04,-0.01,41.75,10063.98,-1
2023-07-03,2023-07-03 11:39:00,242.04,242.04,242.02,242.02,-0.01,41.75,10063.98,-1
2023-07-03,2023-07-03 11:40:00,242.02,242.02,241.99,241.99,-0.01,41.75,10063.98,-1
2023-07-03,2023-07-03 11:41:00,241.99,241.99,241.97,241.97,-0.01,41.75,10063.98,-1
2023-07-03,2023-07-03 11:42:00,241.97,241.97,241.94,241.94,-0.01,41.75,10063.98,-1
2023-07-03,2023-07-03 11:43:00,241.94,241.94,241.92,241.92,-0.01,41.75,10063.98,-1
2023-07-03,2023-07-03 11:44:00,241.92,241.92,241.89,241.89,-0.01,41.75,10063.98,-1
2023-07-03,2023-07-03 11:45:00,241.89,241.89,241.87,241.87,-0.01,41.75,10063.98,-1
2023-07-03,2023-07-03 11:46:00,241.87,241.87,241.84,241.84,-0.01,41.75,10063.98,-1
2023-07-03,2023-07-03 11:47:00,241.84,241.84,241.82,241.82,-0.01,41.75,10063.98,-1
2023-07-03,2023-07-03 11:48:00,241.82,241.82,241.8,241.8,-0.01,41.75,10063.98,-1
2023-07-03,2023-07-03 11:49:00,241.8,241.8,241.77,241.77,-0.01,41.75,10063.98,-1
2023-07-03,2023-07-03 11:50:00,241.77,241.77,241.75,241.75,-0.01,41.75,10063.98,-1
2023-07-03,2023-07-03 11:51:00,241.75,241.75,241.72,241.72,-0.01,41.75,10063.98,-1
2023-07-03,2023-07-03 11:52:00,241.72,241.72,241.7,241.7,-0.01,41.75,10063.98,-1
2023-07-03,2023-07-03 11:53:00,241.7,241.7,241.67,241.67,-0.01,41.75,10063.98,-1
2023-07-03,2023-07-03 11:54:00,241.67,241.67,241.65,241.65,-0.01,41.75,10063.98,-1
2023-07-03,2023-07-03 11:55:00,241.65,241.65,241.62,241.62,-0.01,41.75,10063.98,-1
2023-07-03,2023-07-03 11:56:00,241.62,241.62,241.6,241.6,-0.01,41.75,10063.98,-1
2023-07-03,2023-07-03 11:57:00,241.6,241.6,241.57,241.57,-0.01,41.75,10063.98,-1
2023-07-03,2023-07-03 11:58:00,241.57,241.57,241.55,241.55,-0.01,41.75,10063.98,-1
2023-07-03,2023-07-03 11:59:00,241.55,241.55,241.53,241.53,-0.01,41.75,10063.98,-1
2023-07-03,2023-07-03 12:00:00,241.53,241.53,241.5,241.5,-0.01,41.75,10063.98,-1
2023-07-03,2023-07-03 12:01:00,241.5,241.5,241.48,241.48,-0.01,41.75,10063.98,-1
2023-07-03,2023-07-03 12:02:00,241.48,241.48,241.45,241.45,-0.01,41.75,10063.98,-1
2023-07-03,2023-07-03 12:03:00,241.45,241.45,241.43,241.43,-0.01,41.75,10063.98,-1
2023-07-03,2023-07-03 12:04:00,241.43,241.43,241.4,241.4,-0.01,41.75,10063.98,-1
2023-07-03,2023-07-03 12:05:00,241.4,241.4,241.38,241.38,-0.01,41.75,10063.98,-1
2023-07-03,2023-07-03 12:06:00,241.38,241.38,241.35,241.35,-0.01,41.75,10063.98,-1
2023-07-03,2023-07-03 12:07:00,241.35,241.35,241.33,241.33,-0.01,41.75,10063.98,-1
2023-07-03,2023-07-03 12:08:00,241.33,241.33,241.3,241.3,-0.01,41.75,10063.98,-1
2023-07-03,2023-07-03 12:09:00,241.3,241.3,241.28,241.28,-0.01,41.75,10063.98,-1
2023-07-03,2023-07-03 12:10:00,241.28,241.28,241.25,241.25,-0.01,41.75,10063.98,-1
2023-07-03,2023-07-03 12:11:00,241.25,241.25,241.23,241.23,-0.01,41.75,10063.98,-1
2023-07-03,2023-07-03 12:12:00,241.23,241.23,241.21,241.21,-0.01,41.75,10063.98,-1
2023-07-03,2023-07-03 12:13:00,241.21,241.21,241.18,241.18,-0.01,41.75,10063.98,-1
2023-07-03,2023-07-03 12:14:00,241.18,241.18,241.16,241.16,-0.01,41.75,10063.98,-1
2023-07-03,2023-07-03 12:15:00,241.16,241.16,241.13,241.13,-0.01,41.75,10063.98,-1
2023-07-03,2023-07-03 12:16:00,241.13,241.13,241.11,241.11,-0.01,41.75,10063.98,-1
2023-07-03,2023-07-03 12:17:00,241.11,241.11,241.08,241.08,-0.01,41.75,10063.98,-1
2023-07-03,2023-07-03 12:18:00,241.08,241.08,241.06,241.06,-0.01,41.75,10063.98,-1
2023-07-03,2023-07-03 12:19:00,241.06,241.06,241.03,241.03,-0.01,41.75,10063.98,-1
2023-07-03,2023-07-03 12:20:00,241.03,241.03,241.01,241.01,-0.01,41.75,10063.98,-1
2023-07-03,2023-07-03 12:21:00,241.01,241.01,240.98,240.98,-0.01,41.75,10063.98,-1
2023-07-03,2023-07-03 12:22:00,240.98,240.98,240.96,240.96,-0.01,41.75,10063.98,-1
2023-07-03,2023-07-03 12:23:00,240.96,240.96,240.94,240.94,-0.01,41.75,10063.98,-1
2023-07-03,2023-07-03 12:24:00,240.94,240.94,240.91,240.91,-0.01,41.75,10063.98,-1
2023-07-03,2023-07-03 12:25:00,240.91,240.91,240.89,240.89,-0.01,41.75,10063.98,-1
2023-07-03,2023-07-03 12:26:00,240.89,240.89,240.86,240.86,-0.01,41.75,10063.98,-1
2023-07-03,2023-07-03 12:27:00,240.86,240.86,240.84,240.84,-0.01,41.75,10063.98,-1
2023-07-03,2023-07-03 12:28:00,240.84,240.84,240.81,240.81,-0.01,41.75,10063.98,-1
2023-07-03,2023-07-03 12:29:00,240.81,240.81,240.79,240.79,-0.01,41.75,10063.98,-1
2023-07-03,2023-07-03 12:30:00,240.79,240.79,240.76,240.76,-0.01,41.75,10063.98,-1
2023-07-03,2023-07-03 12:31:00,240.76,240.76,240.74,240.74,-0.01,41.75,10063.98,-1
2023-07-03,2023-07-03 12:32:00,240.74,240.74,240.71,240.71,-0.01,41.75,10063.98,-1
2023-07-03,2023-07-03 12:33:00,240.71,240.71,240.69,240.69,-0.01,41.75,10063.98,-1
2023-07-03,2023-07-03 12:34:00,240.69,240.69,240.66,240.66,-0.01,41.75,10063.98,-1
2023-07-03,2023-07-03 12:35:00,240.66,240.66,240.64,240.64,-0.01,41.75,10063.98,-1
2023-07-03,2023-07-03 12:36:00,240.64,240.64,240.62,240.62,-0.01,41.75,10063.98,-1
2023-07-03,2023-07-03 12:37:00,240.62,240.62,240.59,240.59,-0.01,41.75,10063.98,-1
2023-07-03,2023-07-03 12:38:00,240.59,240.59,240.57,240.57,-0.01,41.75,10063.98,-1
2023-07-03,2023-07-03 12:39:00,240.57,240.57,240.54,240.54,-0.01,41.75,10063.98,-1
2023-07-03,2023-07-03 12:40:00,240.54,240.54,240.52,240.52,-0.01,41.75,10063.98,-1
2023-07-03,2023-07-03 12:41:00,240.52,240.52,240.49,240.49,-0.01,41.75,10063.98,-1
2023-07-03,2023-07-03 12:42:00,240.49,240.49,240.47,240.47,-0.01,41.75,10063.98,-1
2023-07-03,2023-07-03 12:43:00,240.47,240.47,240.44,240.44,-0.01,41.75,10063.98,-1
2023-07-03,2023-07-03 12:44:00,240.44,240.44,240.42,240.42,-0.01,41.75,10063.98,-1
2023-07-03,2023-07-03 12:45:00,240.42,240.42,240.39,240.39,-0.01,41.75,10063.98,-1
2023-07-03,2023-07-03 12:46:00,240.39,240.39,240.37,240.37,-0.01,41.75,10063.98,-1
2023-07-03,2023-07-03 12:47:00,240.37,240.37,240.34,240.34,-0.01,41.75,10063.98,-1
2023-07-03,2023-07-03 12:48:00,240.34,240.34,240.32,240.32,-0.01,41.75,10063.98,-1
2023-07-03,2023-07-03 12:49:00,240.32,240.32,240.3,240.3,-0.01,41.75,10063.98,-1
2023-07-03,2023-07-03 12:50:00,240.3,240.3,240.27,240.27,-0.01,41.75,10063.98,-1
2023-07-03,2023-07-03 12:51:00,240.27,240.27,240.25,240.25,-0.01,41.75,10063.98,-1
2023-07-03,2023-07-03 12:52:00,240.25,240.25,240.22,240.22,-0.01,41.75,10063.98,-1
2023-07-03,2023-07-03 12:53:00,240.22,240.22,240.2,240.2,-0.01,41.75,10063.98,-1
2023-07-03,2023-07-03 12:54:00,240.2,240.2,240.17,240.17,-0.01,41.75,10063.98,-1
2023-07-03,2023-07-03 12:55:00,240.17,240.17,240.15,240.15,-0.01,41.75,10063.98,-1
2023-07-03,2023-07-03 12:56:00,240.15,240.15,240.12,240.12,-0.01,41.75,10063.98,-1
2023-07-03,2023-07-03 12:57:00,240.12,240.12,240.1,240.1,-0.01,41.75,10063.98,-1
2023-07-03,2023-07-03 12:58:00,240.1,240.1,240.07,240.07,-0.01,41.75,10063.98,-1
2023-07-03,2023-07-03 12:59:00,240.07,240.07,240.05,240.05,-0.01,41.75,10063.98,-1
2023-07-03,2023-07-03 13:00:00,240.05,252.3,237.0,240.03,-0.01,41.75,10063.98,-1
2023-07-03,2023-07-03 13:01:00,240.03,240.03,240.0,240.0,-0.01,41.75,10063.98,-1
2023-07-03,2023-07-03 13:02:00,240.0,240.0,239.98,239.98,-0.01,41.75,10063.98,-1
2023-07-03,2023-07-03 13:03:00,239.98,239.98,239.95,239.95,-0.01,41.75,10063.98,-1
2023-07-03,2023-07-03 13:04:00,239.95,239.95,239.93,239.93,-0.01,41.75,10063.98,-1
2023-07-03,2023-07-03 13:05:00,239.93,239.93,239.9,239.9,-0.01,41.75,10063.98,-1
2023-07-03,2023-07-03 13:06:00,239.9,239.9,239.88,239.88,-0.01,41.75,10063.98,-1
2023-07-03,2023-07-03 13:07:00,239.88,239.88,239.85,239.85,-0.01,41.75,10063.98,-1
2023-07-03,2023-07-03 13:08:00,239.85,239.85,239.83,239.83,-0.01,41.75,10063.98,-1
2023-07-03,2023-07-03 13:09:00,239.83,239.83,239.8,239.8,-0.01,41.75,10063.98,-1
2023-07-03,2023-07-03 13:10:00,239.8,239.8,239.78,239.78,-0.01,41.75,10063.98,-1
2023-07-03,2023-07-03 13:11:00,239.78,239.78,239.75,239.75,-0.01,41.75,10063.98,-1
2023-07-03,2023-07-03 13:12:00,239.75,239.75,239.73,239.73,-0.01,41.75,10063.98,-1
2023-07-03,2023-07-03 13:13:00,239.73,239.73,239.71,239.71,-0.01,41.75,10063.98,-1
2023-07-03,2023-07-03 13:14:00,239.71,239.71,239.68,239.68,-0.01,41.75,10063.98,-1
2023-07-03,2023-07-03 13:15:00,239.68,239.68,239.66,239.66,-0.01,41.75,10063.98,-1
2023-07-03,2023-07-03 13:16:00,239.66,239.66,239.63,239.63,-0.01,41.75,10063.98,-1
2023-07-03,2023-07-03 13:17:00,239.63,239.63,239.61,239.61,-0.01,41.75,10063.98,-1
2023-07-03,2023-07-03 13:18:00,239.61,239.61,239.58,239.58,-0.01,41.75,10063.98,-1
2023-07-03,2023-07-03 13:19:00,239.58,239.58,239.56,239.56,-0.01,41.75,10063.98,-1
2023-07-03,2023-07-03 13:20:00,239.56,239.56,239.53,239.53,-0.01,41.75,10063.98,-1
2023-07-03,2023-07-03 13:21:00,239.53,239.53,239.51,239.51,-0.01,41.75,10063.98,-1
2023-07-03,2023-07-03 13:22:00,239.51,239.51,239.48,239.48,-0.01,41.75,10063.98,-1
2023-07-03,2023-07-03 13:23:00,239.48,239.48,239.46,239.46,-0.01,41.75,10063.98,-1
2023-07-03,2023-07-03 13:24:00,239.46,239.46,239.44,239.44,-0.01,41.75,10063.98,-1
2023-07-03,2023-07-03 13:25:00,239.44,239.44,239.41,239.41,-0.01,41.75,10063.98,-1
2023-07-03,2023-07-03 13:26:00,239.41,239.41,239.39,239.39,-0.01,41.75,10063.98,-1
2023-07-03,2023-07-03 13:27:00,239.39,239.39,239.36,239.36,-0.01,41.75,10063.98,-1
2023-07-03,2023-07-03 13:28:00,239.36,239.36,239.34,239.34,-0.01,41.75,10063.98,-1
2023-07-03,2023-07-03 13:29:00,239.34,239.34,239.31,239.31,-0.01,41.75,10063.98,-1
2023-07-03,2023-07-03 13:30:00,239.31,239.31,239.29,239.29,-0.01,41.75,10063.98,-1
2023-07-03,2023-07-03 13:31:00,239.29,239.29,239.26,239.26,-0.01,41.75,10063.98,-1
2023-07-03,2023-07-03 13:32:00,239.26,239.26,239.24,239.24,-0.01,41.75,10063.98,-1
2023-07-03,2023-07-03 13:33:00,239.24,239.24,239.21,239.21,-0.01,41.75,10063.98,-1
2023-07-03,2023-07-03 13:34:00,239.21,239.21,239.19,239.19,-0.01,41.75,10063.98,-1
2023-07-03,2023-07-03 13:35:00,239.19,239.19,239.16,239.16,-0.01,41.75,10063.98,-1
2023-07-03,2023-07-03 13:36:00,239.16,239.16,239.14,239.14,-0.01,41.75,10063.98,-1
2023-07-03,2023-07-03 13:37:00,239.14,239.14,239.12,239.12,-0.01,41.75,10063.98,-1
2023-07-03,2023-07-03 13:38:00,239.12,239.12,239.09,239.09,-0.01,41.75,10063.98,-1
2023-07-03,2023-07-03 13:39:00,239.09,239.09,239.07,239.07,-0.01,41.75,10063.98,-1
2023-07-03,2023-07-03 13:40:00,239.07,239.07,239.04,239.04,-0.01,41.75,10063.98,-1
2023-07-03,2023-07-03 13:41:00,239.04,239.04,239.02,239.02,-0.01,41.75,10063.98,-1
2023-07-03,2023-07-03 13:42:00,239.02,239.02,238.99,238.99,-0.01,41.75,10063.98,-1
2023-07-03,2023-07-03 13:43:00,238.99,238.99,238.97,238.97,-0.01,41.75,10063.98,-1
2023-07-03,2023-07-03 13:44:00,238.97,238.97,238.94,238.94,-0.01,41.75,10063.98,-1
2023-07-03,2023-07-03 13:45:00,238.94,238.94,238.92,238.92,-0.01,41.75,10063.98,-1
2023-07-03,2023-07-03 13:46:00,238.92,238.92,238.89,238.89,-0.01,41.75,10063.98,-1
2023-07-03,2023-07-03 13:47:00,238.89,238.89,238.87,238.87,-0.01,41.75,10063.98,-1
2023-07-03,2023-07-03 13:48:00,238.87,238.87,238.85,238.85,-0.01,41.75,10063.98,-1
2023-07-03,2023-07-03 13:49:00,238.85,238.85,238.82,238.82,-0.01,41.75,10063.98,-1
2023-07-03,2023-07-03 13:50:00,238.82,238.82,238.8,238.8,-0.01,41.75,10063.98,-1
2023-07-03,2023-07-03 13:51:00,238.8,238.8,238.77,238.77,-0.01,41.75,10063.98,-1
2023-07-03,2023-07-03 13:52:00,238.77,238.77,238.75,238.75,-0.01,41.75,10063.98,-1
2023-07-03,2023-07-03 13:53:00,238.75,238.75,238.72,238.72,-0.01,41.75,10063.98,-1
2023-07-03,2023-07-03 13:54:00,238.72,238.72,238.7,238.7,-0.01,41.75,10063.98,-1
2023-07-03,2023-07-03 13:55:00,238.7,238.7,238.67,238.67,-0.01,41.75,10063.98,-1
2023-07-03,2023-07-03 13:56:00,238.67,238.67,238.65,238.65,-0.01,41.75,10063.98,-1
2023-07-03,2023-07-03 13:57:00,238.65,238.65,238.62,238.62,-0.01,41.75,10063.98,-1
2023-07-03,2023-07-03 13:58:00,238.62,238.62,238.6,238.6,-0.01,41.75,10063.98,-1
2023-07-03,2023-07-03 13:59:00,238.6,238.6,238.57,238.57,-0.01,41.75,10063.98,-1
2023-07-03,2023-07-03 14:00:00,238.57,238.57,238.55,238.55,-0.01,41.75,10063.98,-1
2023-07-03,2023-07-03 14:01:00,238.55,238.55,238.53,238.53,-0.01,41.75,10063.98,-1
2023-07-03,2023-07-03 14:02:00,238.53,238.53,238.5,238.5,-0.01,41.75,10063.98,-1
2023-07-03,2023-07-03 14:03:00,238.5,238.5,238.48,238.48,-0.01,41.75,10063.98,-1
2023-07-03,2023-07-03 14:04:00,238.48,238.48,238.45,238.45,-0.01,41.75,10063.98,-1
2023-07-03,2023-07-03 14:05:00,238.45,238.45,238.43,238.43,-0.01,41.75,10063.98,-1
2023-07-03,2023-07-03 14:06:00,238.43,238.43,238.4,238.4,-0.01,41.75,10063.98,-1
2023-07-03,2023-07-03 14:07:00,238.4,238.4,238.38,238.38,-0.01,41.75,10063.98,-1
2023-07-03,2023-07-03 14:08:00,238.38,238.38,238.35,238.35,-0.01,41.75,10063.98,-1
2023-07-03,2023-07-03 14:09:00,238.35,238.35,238.33,238.33,-0.01,41.75,10063.98,-1
2023-07-03,2023-07-03 14:10:00,238.33,238.33,238.3,238.3,-0.01,41.75,10063.98,-1
2023-07-03,2023-07-03 14:11:00,238.3,238.3,238.28,238.28,-0.01,41.75,10063.98,-1
2023-07-03,2023-07-03 14:12:00,238.28,238.28,238.26,238.26,-0.01,41.75,10063.98,-1
2023-07-03,2023-07-03 14:13:00,238.26,238.26,238.23,238.23,-0.01,41.75,10063.98,-1
2023-07-03,2023-07-03 14:14:00,238.23,238.23,238.21,238.21,-0.01,41.75,10063.98,-1
2023-07-03,2023-07-03 14:15:00,238.21,238.21,238.18,238.18,-0.01,41.75,10063.98,-1
2023-07-03,2023-07-03 14:16:00,238.18,238.18,238.16,238.16,-0.01,41.75,10063.98,-1
2023-07-03,2023-07-03 14:17:00,238.16,238.16,238.13,238.13,-0.01,41.75,10063.98,-1
2023-07-03,2023-07-03 14:18:00,238.13,238.13,238.11,238.11,-0.01,41.75,10063.98,-1
2023-07-03,2023-07-03 14:19:00,238.11,238.11,238.08,238.08,-0.01,41.75,10063.98,-1
2023-07-03,2023-07-03 14:20:00,238.08,238.08,238.06,238.06,-0.01,41.75,10063.98,-1
2023-07-03,2023-07-03 14:21:00,238.06,238.06,238.03,238.03,-0.01,41.75,10063.98,-1
2023-07-03,2023-07-03 14:22:00,238.03,238.03,238.01,238.01,-0.01,41.75,10063.98,-1
2023-07-03,2023-07-03 14:23:00,238.01,238.01,237.98,237.98,-0.01,41.75,10063.98,-1
2023-07-03,2023-07-03 14:24:00,237.98,237.98,237.96,237.96,-0.01,41.75,10063.98,-1
2023-07-03,2023-07-03 14:25:00,237.96,237.96,237.94,237.94,-0.01,41.75,10063.98,-1
2023-07-03,2023-07-03 14:26:00,237.94,237.94,237.91,237.91,-0.01,41.75,10063.98,-1
2023-07-03,2023-07-03 14:27:00,237.91,237.91,237.89,237.89,-0.01,41.75,10063.98,-1
2023-07-03,2023-07-03 14:28:00,237.89,237.89,237.86,237.86,-0.01,41.75,10063.98,-1
2023-07-03,2023-07-03 14:29:00,237.86,237.86,237.84,237.84,-0.01,41.75,10063.98,-1
2023-07-03,2023-07-03 14:30:00,237.84,237.84,237.81,237.81,-0.01,41.75,10063.98,-1
2023-07-03,2023-07-03 14:31:00,237.81,237.81,237.79,237.79,-0.01,41.75,10063.98,-1
2023-07-03,2023-07-03 14:32:00,237.79,237.79,237.76,237.76,-0.01,41.75,10063.98,-1
2023-07-03,2023-07-03 14:33:00,237.76,237.76,237.74,237.74,-0.01,41.75,10063.98,-1
2023-07-03,2023-07-03 14:34:00,237.74,237.74,237.71,237.71,-0.01,41.75,10063.98,-1
2023-07-03,2023-07-03 14:35:00,237.71,237.71,237.69,237.69,-0.01,41.75,10063.98,-1
2023-07-03,2023-07-03 14:36:00,237.69,237.69,237.67,237.67,-0.01,41.75,10063.98,-1
2023-07-03,2023-07-03 14:37:00,237.67,237.67,237.64,237.64,-0.01,41.75,10063.98,-1
2023-07-03,2023-07-03 14:38:00,237.64,237.64,237.62,237.62,-0.01,41.75,10063.98,-1
2023-07-03,2023-07-03 14:39:00,237.62,237.62,237.59,237.59,-0.01,41.75,10063.98,-1
2023-07-03,2023-07-03 14:40:00,237.59,237.59,237.57,237.57,-0.01,41.75,10063.98,-1
2023-07-03,2023-07-03 14:41:00,237.57,237.57,237.54,237.54,-0.01,41.75,10063.98,-1
2023-07-03,2023-07-03 14:42:00,237.54,237.54,237.52,237.52,-0.01,41.75,10063.98,-1
2023-07-03,2023-07-03 14:43:00,237.52,237.52,237.49,237.49,-0.01,41.75,10063.98,-1
2023-07-03,2023-07-03 14:44:00,237.49,237.49,237.47,237.47,-0.01,41.75,10063.98,-1
2023-07-03,2023-07-03 14:45:00,237.47,237.47,237.44,237.44,-0.01,41.75,10063.98,-1
2023-07-03,2023-07-03 14:46:00,237.44,237.44,237.42,237.42,-0.01,41.75,10063.98,-1
2023-07-03,2023-07-03 14:47:00,237.42,237.42,237.39,237.39,-0.01,41.75,10063.98,-1
2023-07-03,2023-07-03 14:48:00,237.39,237.39,237.37,237.37,-0.01,41.75,10063.98,-1
2023-07-03,2023-07-03 14:49:00,237.37,237.37,237.35,237.35,-0.01,41.75,10063.98,-1
2023-07-03,2023-07-03 14:50:00,237.35,237.35,237.32,237.32,-0.01,41.75,10063.98,-1
2023-07-03,2023-07-03 14:51:00,237.32,237.32,237.3,237.3,-0.01,41.75,10063.98,-1
2023-07-03,2023-07-03 14:52:00,237.3,237.3,237.27,237.27,-0.01,41.75,10063.98,-1
2023-07-03,2023-07-03 14:53:00,237.27,237.27,237.25,237.25,-0.01,41.75,10063.98,-1
2023-07-03,2023-07-03 14:54:00,237.25,237.25,237.22,237.22,-0.01,41.75,10063.98,-1
2023-07-03,2023-07-03 14:55:00,237.22,237.22,237.2,237.2,-0.01,41.75,10063.98,-1
2023-07-03,2023-07-03 14:56:00,237.2,237.2,237.17,237.17,-0.01,41.75,10063.98,-1
2023-07-03,2023-07-03 14:57:00,237.17,237.17,237.15,237.15,-0.01,41.75,10063.98,-1
2023-07-03,2023-07-03 14:58:00,237.15,237.15,237.12,237.12,-0.01,41.75,10063.98,-1
2023-07-03,2023-07-03 14:59:00,237.12,237.12,237.1,237.1,-0.01,41.75,10063.98,-1
2023-07-03,2023-07-03 15:00:00,237.1,252.3,237.0,237.1,0.0,41.75,10063.98,0
2023-07-04,2023-07-04 11:00:00,234.0,235.74,232.65,233.98,-0.01,49.84,11570.08,-1
2023-07-04,2023-07-04 11:01:00,233.98,233.98,233.97,233.97,-0.0,49.84,11570.08,-1
2023-07-04,2023-07-04 11:02:00,233.97,233.97,233.95,233.95,-0.01,49.84,11570.08,-1
2023-07-04,2023-07-04 11:03:00,233.95,233.95,233.93,233.93,-0.01,49.84,11570.08,-1
2023-07-04,2023-07-04 11:04:00,233.93,233.93,233.92,233.92,-0.0,49.84,11570.08,-1
2023-07-04,2023-07-04 11:05:00,233.92,233.92,233.9,233.9,-0.01,49.84,11570.08,-1
2023-07-04,2023-07-04 11:06:00,233.9,233.9,233.88,233.88,-0.01,49.84,11570.08,-1
2023-07-04,2023-07-04 11:07:00,233.88,233.88,233.87,233.87,-0.0,49.84,11570.08,-1
2023-07-04,2023-07-04 11:08:00,233.87,233.87,233.85,233.85,-0.01,49.84,11570.08,-1
2023-07-04,2023-07-04 11:09:00,233.85,233.85,233.83,233.83,-0.01,49.84,11570.08,-1
2023-07-04,2023-07-04 11:10:00,233.83,233.83,233.82,233.82,-0.0,49.84,11570.08,-1
2023-07-04,2023-07-04 11:11:00,233.82,233.82,233.8,233.8,-0.01,49.84,11570.08,-1
2023-07-04,2023-07-04 11:12:00,233.8,233.8,233.78,233.78,-0.01,49.84,11570.08,-1
2023-07-04,2023-07-04 11:13:00,233.78,233.78,233.77,233.77,-0.0,49.84,11570.08,-1
2023-07-04,2023-07-04 11:14:00,233.77,233.77,233.75,233.75,-0.01,49.84,11570.08,-1
2023-07-04,2023-07-04 11:15:00,233.75,233.75,233.73,233.73,-0.01,49.84,11570.08,-1
2023-07-04,2023-07-04 11:16:00,233.73,233.73,233.72,233.72,-0.0,49.84,11570.08,-1
2023-07-04,2023-07-04 11:17:00,233.72,233.72,233.7,233.7,-0.01,49.84,11570.08,-1
2023-07-04,2023-07-04 11:18:00,233.7,233.7,233.68,233.68,-0.01,49.84,11570.08,-1
2023-07-04,2023-07-04 11:19:00,233.68,233.68,233.67,233.67,-0.0,49.84,11570.08,-1
2023-07-04,2023-07-04 11:20:00,233.67,233.67,233.65,233.65,-0.01,49.84,11570.08,-1
2023-07-04,2023-07-04 11:21:00,233.65,233.65,233.63,233.63,-0.01,49.84,11570.08,-1
2023-07-04,2023-07-04 11:22:00,233.63,233.63,233.62,233.62,-0.0,49.84,11570.08,-1
2023-07-04,2023-07-04 11:23:00,233.62,233.62,233.6,233.6,-0.01,49.84,11570.08,-1
2023-07-04,2023-07-04 11:24:00,233.6,233.6,233.58,233.58,-0.01,49.84,11570.08,-1
2023-07-04,2023-07-04 11:25:00,233.58,233.58,233.57,233.57,-0.0,49.84,11570.08,-1
2023-07-04,2023-07-04 11:26:00,233.57,233.57,233.55,233.55,-0.01,49.84,11570.08,-1
2023-07-04,2023-07-04 11:27:00,233.55,233.55,233.53,233.53,-0.01,49.84,11570.08,-1
2023-07-04,2023-07-04 11:28:00,233.53,233.53,233.52,233.52,-0.0,49.84,11570.08,-1
2023-07-04,2023-07-04 11:29:00,233.52,233.52,233.5,233.5,-0.01,49.84,11570.08,-1
2023-07-04,2023-07-04 11:30:00,233.5,233.5,233.48,233.48,-0.01,49.84,11570.08,-1
2023-07-04,2023-07-04 11:31:00,233.48,233.48,233.47,233.47,-0.0,49.84,11570.08,-1
2023-07-04,2023-07-04 11:32:00,233.47,233.47,233.45,233.45,-0.01,49.84,11570.08,-1
2023-07-04,2023-07-04 11:33:00,233.45,233.45,233.43,233.43,-0.01,49.84,11570.08,-1
2023-07-04,2023-07-04 11:34:00,233.43,233.43,233.42,233.42,-0.0,49.84,11570.08,-1
2023-07-04,2023-07-04 11:35:00,233.42,233.42,233.4,233.4,-0.01,49.84,11570.08,-1
2023-07-04,2023-07-04 11:36:00,233.4,233.4,233.38,233.38,-0.01,49.84,11570.08,-1
2023-07-04,2023-07-04 11:37:00,233.38,233.38,233.37,233.37,-0.0,49.84,11570.08,-1
2023-07-04,2023-07-04 11:38:00,233.37,233.37,233.35,233.35,-0.01,49.84,11570.08,-1
2023-07-04,2023-07-04 11:39:00,233.35,233.35,233.33,233.33,-0.01,49.84,11570.08,-1
2023-07-04,2023-07-04 11:40:00,233.33,233.33,233.32,233.32,-0.0,49.84,11570.08,-1
2023-07-04,2023-07-04 11:41:00,233.32,233.32,233.3,233.3,-0.01,49.84,11570.08,-1
2023-07-04,2023-07-04 11:42:00,233.3,233.3,233.28,233.28,-0.01,49.84,11570.08,-1
2023-07-04,2023-07-04 11:43:00,233.28,233.28,233.27,233.27,-0.0,49.84,11570.08,-1
2023-07-04,2023-07-04 11:44:00,233.27,233.27,233.25,233.25,-0.01,49.84,11570.08,-1
2023-07-04,2023-07-04 11:45:00,233.25,233.25,233.23,233.23,-0.01,49.84,11570.08,-1
2023-07-04,2023-07-04 11:46:00,233.23,233.23,233.22,233.22,-0.0,49.84,11570.08,-1
2023-07-04,2023-07-04 11:47:00,233.22,233.22,233.2,233.2,-0.01,49.84,11570.08,-1
2023-07-04,2023-07-04 11:48:00,233.2,233.2,233.18,233.18,-0.01,49.84,11570.08,-1
2023-07-04,2023-07-04 11:49:00,233.18,233.18,233.17,233.17,-0.0,49.84,11570.08,-1
2023-07-04,2023-07-04 11:50:00,233.17,233.17,233.15,233.15,-0.01,49.84,11570.08,-1
2023-07-04,2023-07-04 11:51:00,233.15,233.15,233.13,233.13,-0.01,49.84,11570.08,-1
2023-07-04,2023-07-04 11:52:00,233.13,233.13,233.12,233.12,-0.0,49.84,11570.08,-1
2023-07-04,2023-07-04 11:53:00,233.12,233.12,233.1,233.1,-0.01,49.84,11570.08,-1
2023-07-04,2023-07-04 11:54:00,233.1,233.1,233.08,233.08,-0.01,49.84,11570.08,-1
2023-07-04,2023-07-04 11:55:00,233.08,233.08,233.07,233.07,-0.0,49.84,11570.08,-1
2023-07-04,2023-07-04 11:56:00,233.07,233.07,233.05,233.05,-0.01,49.84,11570.08,-1
2023-07-04,2023-07-04 11:57:00,233.05,233.05,233.03,233.03,-0.01,49.84,11570.08,-1
2023-07-04,2023-07-04 11:58:00,233.03,233.03,233.02,233.02,-0.0,49.84,11570.08,-1
2023-07-04,2023-07-04 11:59:00,233.02,233.02,233.0,233.0,-0.01,49.84,11570.08,-1
2023-07-04,2023-07-04 12:00:00,233.0,233.0,232.98,232.98,-0.01,49.84,11570.08,-1
2023-07-04,2023-07-04 12:01:00,232.98,232.98,232.97,232.97,-0.0,49.84,11570.08,-1
2023-07-04,2023-07-04 12:02:00,232.97,232.97,232.95,232.95,-0.01,49.84,11570.08,-1
2023-07-04,2023-07-04 12:03:00,232.95,232.95,232.93,232.93,-0.01,49.84,11570.08,-1
2023-07-04,2023-07-04 12:04:00,232.93,232.93,232.92,232.92,-0.0,49.84,11570.08,-1
2023-07-04,2023-07-04 12:05:00,232.92,232.92,232.9,232.9,-0.01,49.84,11570.08,-1
2023-07-04,2023-07-04 12:06:00,232.9,232.9,232.88,232.88,-0.01,49.84,11570.08,-1
2023-07-04,2023-07-04 12:07:00,232.88,232.88,232.87,232.87,-0.0,49.84,11570.08,-1
2023-07-04,2023-07-04 12:08:00,232.87,232.87,232.85,232.85,-0.01,49.84,11570.08,-1
2023-07-04,2023-07-04 12:09:00,232.85,232.85,232.83,232.83,-0.01,49.84,11570.08,-1
2023-07-04,2023-07-04 12:10:00,232.83,232.83,232.82,232.82,-0.0,49.84,11570.08,-1
2023-07-04,2023-07-04 12:11:00,232.82,232.82,232.8,232.8,-0.01,49.84,11570.08,-1
2023-07-04,2023-07-04 12:12:00,232.8,232.8,232.78,232.78,-0.01,49.84,11570.08,-1
2023-07-04,2023-07-04 12:13:00,232.78,232.78,232.77,232.77,-0.0,49.84,11570.08,-1
2023-07-04,2023-07-04 12:14:00,232.77,232.77,232.75,232.75,-0.01,49.84,11570.08,-1
2023-07-04,2023-07-04 12:15:00,232.75,232.75,232.73,232.73,-0.01,49.84,11570.08,-1
2023-07-04,2023-07-04 12:16:00,232.73,232.73,232.72,232.72,-0.0,49.84,11570.08,-1
2023-07-04,2023-07-04 12:17:00,232.72,232.72,232.7,232.7,-0.01,49.84,11570.08,-1
2023-07-04,2023-07-04 12:18:00,232.7,232.7,232.68,232.68,-0.01,49.84,11570.08,-1
2023-07-04,2023-07-04 12:19:00,232.68,232.68,232.67,232.67,-0.0,49.84,11570.08,-1
2023-07-04,2023-07-04 12:20:00,232.67,232.67,232.65,232.65,-0.01,49.84,11570.08,-1
2023-07-04,2023-07-04 12:21:00,232.65,232.65,232.63,232.63,-0.01,49.84,11570.08,-1
2023-07-04,2023-07-04 12:22:00,232.63,232.63,232.62,232.62,-0.0,49.84,11570.08,-1
2023-07-04,2023-07-04 12:23:00,232.62,232.62,232.6,232.6,-0.01,49.84,11570.08,-1
2023-07-04,2023-07-04 12:24:00,232.6,232.6,232.58,232.58,-0.01,49.84,11570.08,-1
2023-07-04,2023-07-04 12:25:00,232.58,232.58,232.57,232.57,-0.0,49.84,11570.08,-1
2023-07-04,2023-07-04 12:26:00,232.57,232.57,232.55,232.55,-0.01,49.84,11570.08,-1
2023-07-04,2023-07-04 12:27:00,232.55,232.55,232.53,232.53,-0.01,49.84,11570.08,-1
2023-07-04,2023-07-04 12:28:00,232.53,232.53,232.52,232.52,-0.0,49.84,11570.08,-1
2023-07-04,2023-07-04 12:29:00,232.52,232.52,232.5,232.5,-0.01,49.84,11570.08,-1
2023-07-04,2023-07-04 12:30:00,232.5,232.5,232.48,232.48,-0.01,49.84,11570.08,-1
2023-07-04,2023-07-04 12:31:00,232.48,232.48,232.47,232.47,-0.0,49.84,11570.08,-1
2023-07-04,2023-07-04 12:32:00,232.47,232.47,232.45,232.45,-0.01,49.84,11570.08,-1
2023-07-04,2023-07-04 12:33:00,232.45,232.45,232.43,232.43,-0.01,49.84,11570.08,-1
2023-07-04,2023-07-04 12:34:00,232.43,232.43,232.42,232.42,-0.0,49.84,11570.08,-1
2023-07-04,2023-07-04 12:35:00,232.42,232.42,232.4,232.4,-0.01,49.84,11570.08,-1
2023-07-04,2023-07-04 12:36:00,232.4,232.4,232.38,232.38,-0.01,49.84,11570.08,-1
2023-07-04,2023-07-04 12:37:00,232.38,232.38,232.37,232.37,-0.0,49.84,11570.08,-1
2023-07-04,2023-07-04 12:38:00,232.37,232.37,232.35,232.35,-0.01,49.84,11570.08,-1
2023-07-04,2023-07-04 12:39:00,232.35,232.35,232.33,232.33,-0.01,49.84,11570.08,-1
2023-07-04,2023-07-04 12:40:00,232.33,232.33,232.32,232.32,-0.0,49.84,11570.08,-1
2023-07-04,2023-07-04 12:41:00,232.32,232.32,232.3,232.3,-0.01,49.84,11570.08,-1
2023-07-04,2023-07-04 12:42:00,232.3,232.3,232.28,232.28,-0.01,49.84,11570.08,-1
2023-07-04,2023-07-04 12:43:00,232.28,232.28,232.27,232.27,-0.0,49.84,11570.08,-1
2023-07-04,2023-07-04 12:44:00,232.27,232.27,232.25,232.25,-0.01,49.84,11570.08,-1
2023-07-04,2023-07-04 12:45:00,232.25,232.25,232.23,232.23,-0.01,49.84,11570.08,-1
2023-07-04,2023-07-04 12:46:00,232.23,232.23,232.22,232.22,-0.0,49.84,11570.08,-1
2023-07-04,2023-07-04 12:47:00,232.22,232.22,232.2,232.2,-0.01,49.84,11570.08,-1
2023-07-04,2023-07-04 12:48:00,232.2,232.2,232.18,232.18,-0.01,49.84,11570.08,-1
2023-07-04,2023-07-04 12:49:00,232.18,232.18,232.17,232.17,-0.0,49.84,11570.08,-1
2023-07-04,2023-07-04 12:50:00,232.17,232.17,232.15,232.15,-0.01,49.84,11570.08,-1
2023-07-04,2023-07-04 12:51:00,232.15,232.15,232.13,232.13,-0.01,49.84,11570.08,-1
2023-07-04,2023-07-04 12:52:00,232.13,232.13,232.12,232.12,-0.0,49.84,11570.08,-1
2023-07-04,2023-07-04 12:53:00,232.12,232.12,232.1,232.1,-0.01,49.84,11570.08,-1
2023-07-04,2023-07-04 12:54:00,232.1,232.1,232.08,232.08,-0.01,49.84,11570.08,-1
2023-07-04,2023-07-04 12:55:00,232.08,232.08,232.07,232.07,-0.0,49.84,11570.08,-1
2023-07-04,2023-07-04 12:56:00,232.07,232.07,232.05,232.05,-0.01,49.84,11570.08,-1
2023-07-04,2023-07-04 12:57:00,232.05,232.05,232.03,232.03,-0.01,49.84,11570.08,-1
2023-07-04,2023-07-04 12:58:00,232.03,232.03,232.02,232.02,-0.0,49.84,11570.08,-1
2023-07-04,2023-07-04 12:59:00,232.02,232.02,232.0,232.0,-0.01,49.84,11570.08,-1
2023-07-04,2023-07-04 13:00:00,232.0,239.8,229.5,231.98,-0.01,49.84,11570.08,-1
2023-07-04,2023-07-04 13:01:00,231.98,231.98,231.97,231.97,-0.0,49.84,11570.08,-1
2023-07-04,2023-07-04 13:02:00,231.97,231.97,231.95,231.95,-0.01,49.84,11570.08,-1
2023-07-04,2023-07-04 13:03:00,231.95,231.95,231.93,231.93,-0.01,49.84,11570.08,-1
2023-07-04,2023-07-04 13:04:00,231.93,231.93,231.92,231.92,-0.0,49.84,11570.08,-1
2023-07-04,2023-07-04 13:05:00,231.92,231.92,231.9,231.9,-0.01,49.84,11570.08,-1
2023-07-04,2023-07-04 13:06:00,231.9,231.9,231.88,231.88,-0.01,49.84,11570.08,-1
2023-07-04,2023-07-04 13:07:00,231.88,231.88,231.87,231.87,-0.0,49.84,11570.08,-1
2023-07-04,2023-07-04 13:08:00,231.87,231.87,231.85,231.85,-0.01,49.84,11570.08,-1
2023-07-04,2023-07-04 13:09:00,231.85,231.85,231.83,231.83,-0.01,49.84,11570.08,-1
2023-07-04,2023-07-04 13:10:00,231.83,231.83,231.82,231.82,-0.0,49.84,11570.08,-1
2023-07-04,2023-07-04 13:11:00,231.82,231.82,231.8,231.8,-0.01,49.84,11570.08,-1
2023-07-04,2023-07-04 13:12:00,231.8,231.8,231.78,231.78,-0.01,49.84,11570.08,-1
2023-07-04,2023-07-04 13:13:00,231.78,231.78,231.77,231.77,-0.0,49.84,11570.08,-1
2023-07-04,2023-07-04 13:14:00,231.77,231.77,231.75,231.75,-0.01,49.84,11570.08,-1
2023-07-04,2023-07-04 13:15:00,231.75,231.75,231.73,231.73,-0.01,49.84,11570.08,-1
2023-07-04,2023-07-04 13:16:00,231.73,231.73,231.72,231.72,-0.0,49.84,11570.08,-1
2023-07-04,2023-07-04 13:17:00,231.72,231.72,231.7,231.7,-0.01,49.84,11570.08,-1
2023-07-04,2023-07-04 13:18:00,231.7,231.7,231.68,231.68,-0.01,49.84,11570.08,-1
2023-07-04,2023-07-04 13:19:00,231.68,231.68,231.67,231.67,-0.0,49.84,11570.08,-1
2023-07-04,2023-07-04 13:20:00,231.67,231.67,231.65,231.65,-0.01,49.84,11570.08,-1
2023-07-04,2023-07-04 13:21:00,231.65,231.65,231.63,231.63,-0.01,49.84,11570.08,-1
2023-07-04,2023-07-04 13:22:00,231.63,231.63,231.62,231.62,-0.0,49.84,11570.08,-1
2023-07-04,2023-07-04 13:23:00,231.62,231.62,231.6,231.6,-0.01,49.84,11570.08,-1
2023-07-04,2023-07-04 13:24:00,231.6,231.6,231.58,231.58,-0.01,49.84,11570.08,-1
2023-07-04,2023-07-04 13:25:00,231.58,231.58,231.57,231.57,-0.0,49.84,11570.08,-1
2023-07-04,2023-07-04 13:26:00,231.57,231.57,231.55,231.55,-0.01,49.84,11570.08,-1
2023-07-04,2023-07-04 13:27:00,231.55,231.55,231.53,231.53,-0.01,49.84,11570.08,-1
2023-07-04,2023-07-04 13:28:00,231.53,231.53,231.52,231.52,-0.0,49.84,11570.08,-1
2023-07-04,2023-07-04 13:29:00,231.52,231.52,231.5,231.5,-0.01,49.84,11570.08,-1
2023-07-04,2023-07-04 13:30:00,231.5,231.5,231.48,231.48,-0.01,49.84,11570.08,-1
2023-07-04,2023-07-04 13:31:00,231.48,231.48,231.47,231.47,-0.0,49.84,11570.08,-1
2023-07-04,2023-07-04 13:32:00,231.47,231.47,231.45,231.45,-0.01,49.84,11570.08,-1
2023-07-04,2023-07-04 13:33:00,231.45,231.45,231.43,231.43,-0.01,49.84,11570.08,-1
2023-07-04,2023-07-04 13:34:00,231.43,231.43,231.42,231.42,-0.0,49.84,11570.08,-1
2023-07-04,2023-07-04 13:35:00,231.42,231.42,231.4,231.4,-0.01,49.84,11570.08,-1
2023-07-04,2023-07-04 13:36:00,231.4,231.4,231.38,231.38,-0.01,49.84,11570.08,-1
2023-07-04,2023-07-04 13:37:00,231.38,231.38,231.37,231.37,-0.0,49.84,11570.08,-1
2023-07-04,2023-07-04 13:38:00,231.37,231.37,231.35,231.35,-0.01,49.84,11570.08,-1
2023-07-04,2023-07-04 13:39:00,231.35,231.35,231.33,231.33,-0.01,49.84,11570.08,-1
2023-07-04,2023-07-04 13:40:00,231.33,231.33,231.32,231.32,-0.0,49.84,11570.08,-1
2023-07-04,2023-07-04 13:41:00,231.32,231.32,231.3,231.3,-0.01,49.84,11570.08,-1
2023-07-04,2023-07-04 13:42:00,231.3,231.3,231.28,231.28,-0.01,49.84,11570.08,-1
2023-07-04,2023-07-04 13:43:00,231.28,231.28,231.27,231.27,-0.0,49.84,11570.08,-1
2023-07-04,2023-07-04 13:44:00,231.27,231.27,231.25,231.25,-0.01,49.84,11570.08,-1
2023-07-04,2023-07-04 13:45:00,231.25,231.25,231.23,231.23,-0.01,49.84,11570.08,-1
2023-07-04,2023-07-04 13:46:00,231.23,231.23,231.22,231.22,-0.0,49.84,11570.08,-1
2023-07-04,2023-07-04 13:47:00,231.22,231.22,231.2,231.2,-0.01,49.84,11570.08,-1
2023-07-04,2023-07-04 13:48:00,231.2,231.2,231.18,231.18,-0.01,49.84,11570.08,-1
2023-07-04,2023-07-04 13:49:00,231.18,231.18,231.17,231.17,-0.0,49.84,11570.08,-1
2023-07-04,2023-07-04 13:50:00,231.17,231.17,231.15,231.15,-0.01,49.84,11570.08,-1
2023-07-04,2023-07-04 13:51:00,231.15,231.15,231.13,231.13,-0.01,49.84,11570.08,-1
2023-07-04,2023-07-04 13:52:00,231.13,231.13,231.12,231.12,-0.0,49.84,11570.08,-1
2023-07-04,2023-07-04 13:53:00,231.12,231.12,231.1,231.1,-0.01,49.84,11570.08,-1
2023-07-04,2023-07-04 13:54:00,231.1,231.1,231.08,231.08,-0.01,49.84,11570.08,-1
2023-07-04,2023-07-04 13:55:00,231.08,231.08,231.07,231.07,-0.0,49.84,11570.08,-1
2023-07-04,2023-07-04 13:56:00,231.07,231.07,231.05,231.05,-0.01,49.84,11570.08,-1
2023-07-04,2023-07-04 13:57:00,231.05,231.05,231.03,231.03,-0.01,49.84,11570.08,-1
2023-07-04,2023-07-04 13:58:00,231.03,231.03,231.02,231.02,-0.0,49.84,11570.08,-1
2023-07-04,2023-07-04 13:59:00,231.02,231.02,231.0,231.0,-0.01,49.84,11570.08,-1
2023-07-04,2023-07-04 14:00:00,231.0,231.0,230.98,230.98,-0.01,49.84,11570.08,-1
2023-07-04,2023-07-04 14:01:00,230.98,230.98,230.97,230.97,-0.0,49.84,11570.08,-1
2023-07-04,2023-07-04 14:02:00,230.97,230.97,230.95,230.95,-0.01,49.84,11570.08,-1
2023-07-04,2023-07-04 14:03:00,230.95,230.95,230.93,230.93,-0.01,49.84,11570.08,-1
2023-07-04,2023-07-04 14:04:00,230.93,230.93,230.92,230.92,-0.0,49.84,11570.08,-1
2023-07-04,2023-07-04 14:05:00,230.92,230.92,230.9,230.9,-0.01,49.84,11570.08,-1
2023-07-04,2023-07-04 14:06:00,230.9,230.9,230.88,230.88,-0.01,49.84,11570.08,-1
2023-07-04,2023-07-04 14:07:00,230.88,230.88,230.87,230.87,-0.0,49.84,11570.08,-1
2023-07-04,2023-07-04 14:08:00,230.87,230.87,230.85,230.85,-0.01,49.84,11570.08,-1
2023-07-04,2023-07-04 14:09:00,230.85,230.85,230.83,230.83,-0.01,49.84,11570.08,-1
2023-07-04,2023-07-04 14:10:00,230.83,230.83,230.82,230.82,-0.0,49.84,11570.08,-1
2023-07-04,2023-07-04 14:11:00,230.82,230.82,230.8,230.8,-0.01,49.84,11570.08,-1
2023-07-04,2023-07-04 14:12:00,230.8,230.8,230.78,230.78,-0.01,49.84,11570.08,-1
2023-07-04,2023-07-04 14:13:00,230.78,230.78,230.77,230.77,-0.0,49.84,11570.08,-1
2023-07-04,2023-07-04 14:14:00,230.77,230.77,230.75,230.75,-0.01,49.84,11570.08,-1
2023-07-04,2023-07-04 14:15:00,230.75,230.75,230.73,230.73,-0.01,49.84,11570.08,-1
2023-07-04,2023-07-04 14:16:00,230.73,230.73,230.72,230.72,-0.0,49.84,11570.08,-1
2023-07-04,2023-07-04 14:17:00,230.72,230.72,230.7,230.7,-0.01,49.84,11570.08,-1
2023-07-04,2023-07-04 14:18:00,230.7,230.7,230.68,230.68,-0.01,49.84,11570.08,-1
2023-07-04,2023-07-04 14:19:00,230.68,230.68,230.67,230.67,-0.0,49.84,11570.08,-1
2023-07-04,2023-07-04 14:20:00,230.67,230.67,230.65,230.65,-0.01,49.84,11570.08,-1
2023-07-04,2023-07-04 14:21:00,230.65,230.65,230.63,230.63,-0.01,49.84,11570.08,-1
2023-07-04,2023-07-04 14:22:00,230.63,230.63,230.62,230.62,-0.0,49.84,11570.08,-1
2023-07-04,2023-07-04 14:23:00,230.62,230.62,230.6,230.6,-0.01,49.84,11570.08,-1
2023-07-04,2023-07-04 14:24:00,230.6,230.6,230.58,230.58,-0.01,49.84,11570.08,-1
2023-07-04,2023-07-04 14:25:00,230.58,230.58,230.57,230.57,-0.0,49.84,11570.08,-1
2023-07-04,2023-07-04 14:26:00,230.57,230.57,230.55,230.55,-0.01,49.84,11570.08,-1
2023-07-04,2023-07-04 14:27:00,230.55,230.55,230.53,230.53,-0.01,49.84,11570.08,-1
2023-07-04,2023-07-04 14:28:00,230.53,230.53,230.52,230.52,-0.0,49.84,11570.08,-1
2023-07-04,2023-07-04 14:29:00,230.52,230.52,230.5,230.5,-0.01,49.84,11570.08,-1
2023-07-04,2023-07-04 14:30:00,230.5,230.5,230.48,230.48,-0.01,49.84,11570.08,-1
2023-07-04,2023-07-04 14:31:00,230.48,230.48,230.47,230.47,-0.0,49.84,11570.08,-1
2023-07-04,2023-07-04 14:32:00,230.47,230.47,230.45,230.45,-0.01,49.84,11570.08,-1
2023-07-04,2023-07-04 14:33:00,230.45,230.45,230.43,230.43,-0.01,49.84,11570.08,-1
2023-07-04,2023-07-04 14:34:00,230.43,230.43,230.42,230.42,-0.0,49.84,11570.08,-1
2023-07-04,2023-07-04 14:35:00,230.42,230.42,230.4,230.4,-0.01,49.84,11570.08,-1
2023-07-04,2023-07-04 14:36:00,230.4,230.4,230.38,230.38,-0.01,49.84,11570.08,-1
2023-07-04,2023-07-04 14:37:00,230.38,230.38,230.37,230.37,-0.0,49.84,11570.08,-1
2023-07-04,2023-07-04 14:38:00,230.37,230.37,230.35,230.35,-0.01,49.84,11570.08,-1
2023-07-04,2023-07-04 14:39:00,230.35,230.35,230.33,230.33,-0.01,49.84,11570.08,-1
2023-07-04,2023-07-04 14:40:00,230.33,230.33,230.32,230.32,-0.0,49.84,11570.08,-1
2023-07-04,2023-07-04 14:41:00,230.32,230.32,230.3,230.3,-0.01,49.84,11570.08,-1
2023-07-04,2023-07-04 14:42:00,230.3,230.3,230.28,230.28,-0.01,49.84,11570.08,-1
2023-07-04,2023-07-04 14:43:00,230.28,230.28,230.27,230.27,-0.0,49.84,11570.08,-1
2023-07-04,2023-07-04 14:44:00,230.27,230.27,230.25,230.25,-0.01,49.84,11570.08,-1
2023-07-04,2023-07-04 14:45:00,230.25,230.25,230.23,230.23,-0.01,49.84,11570.08,-1
2023-07-04,2023-07-04 14:46:00,230.23,230.23,230.22,230.22,-0.0,49.84,11570.08,-1
2023-07-04,2023-07-04 14:47:00,230.22,230.22,230.2,230.2,-0.01,49.84,11570.08,-1
2023-07-04,2023-07-04 14:48:00,230.2,230.2,230.18,230.18,-0.01,49.84,11570.08,-1
2023-07-04,2023-07-04 14:49:00,230.18,230.18,230.17,230.17,-0.0,49.84,11570.08,-1
2023-07-04,2023-07-04 14:50:00,230.17,230.17,230.15,230.15,-0.01,49.84,11570.08,-1
2023-07-04,2023-07-04 14:51:00,230.15,230.15,230.13,230.13,-0.01,49.84,11570.08,-1
2023-07-04,2023-07-04 14:52:00,230.13,230.13,230.12,230.12,-0.0,49.84,11570.08,-1
2023-07-04,2023-07-04 14:53:00,230.12,230.12,230.1,230.1,-0.01,49.84,11570.08,-1
2023-07-04,2023-07-04 14:54:00,230.1,230.1,230.08,230.08,-0.01,49.84,11570.08,-1
2023-07-04,2023-07-04 14:55:00,230.08,230.08,230.07,230.07,-0.0,49.84,11570.08,-1
2023-07-04,2023-07-04 14:56:00,230.07,230.07,230.05,230.05,-0.01,49.84,11570.08,-1
2023-07-04,2023-07-04 14:57:00,230.05,230.05,230.03,230.03,-0.01,49.84,11570.08,-1
2023-07-04,2023-07-04 14:58:00,230.03,230.03,230.02,230.02,-0.0,49.84,11570.08,-1
2023-07-04,2023-07-04 14:59:00,230.02,230.02,230.0,230.0,-0.01,49.84,11570.08,-1
2023-07-04,2023-07-04 15:00:00,230.0,239.8,229.5,230.0,0.0,49.84,11570.08,0
2023-07-05,2023-07-05 11:00:00,226.5,233.52,225.15,226.49,-0.0,74.44,17015.17,-1
2023-07-05,2023-07-05 11:01:00,226.49,226.49,226.47,226.47,-0.01,74.44,17015.17,-1
2023-07-05,2023-07-05 11:02:00,226.47,226.47,226.46,226.46,-0.0,74.44,17015.17,-1
2023-07-05,2023-07-05 11:03:00,226.46,226.46,226.45,226.45,-0.0,74.44,17015.17,-1
2023-07-05,2023-07-05 11:04:00,226.45,226.45,226.44,226.44,-0.0,74.44,17015.17,-1
2023-07-05,2023-07-05 11:05:00,226.44,226.44,226.43,226.43,-0.0,74.44,17015.17,-1
2023-07-05,2023-07-05 11:06:00,226.43,226.43,226.41,226.41,-0.01,74.44,17015.17,-1
2023-07-05,2023-07-05 11:07:00,226.41,226.41,226.4,226.4,-0.0,74.44,17015.17,-1
2023-07-05,2023-07-05 11:08:00,226.4,226.4,226.39,226.39,-0.0,74.44,17015.17,-1
2023-07-05,2023-07-05 11:09:00,226.39,226.39,226.38,226.38,-0.0,74.44,17015.17,-1
2023-07-05,2023-07-05 11:10:00,226.38,226.38,226.36,226.36,-0.01,74.44,17015.17,-1
2023-07-05,2023-07-05 11:11:00,226.36,226.36,226.35,226.35,-0.0,74.44,17015.17,-1
2023-07-05,2023-07-05 11:12:00,226.35,226.35,226.34,226.34,-0.0,74.44,17015.17,-1
2023-07-05,2023-07-05 11:13:00,226.34,226.34,226.32,226.32,-0.01,74.44,17015.17,-1
2023-07-05,2023-07-05 11:14:00,226.32,226.32,226.31,226.31,-0.0,74.44,17015.17,-1
2023-07-05,2023-07-05 11:15:00,226.31,226.31,226.3,226.3,-0.0,74.44,17015.17,-1
2023-07-05,2023-07-05 11:16:00,226.3,226.3,226.29,226.29,-0.0,74.44,17015.17,-1
2023-07-05,2023-07-05 11:17:00,226.29,226.29,226.28,226.28,-0.0,74.44,17015.17,-1
2023-07-05,2023-07-05 11:18:00,226.28,226.28,226.26,226.26,-0.01,74.44,17015.17,-1
2023-07-05,2023-07-05 11:19:00,226.26,226.26,226.25,226.25,-0.0,74.44,17015.17,-1
2023-07-05,2023-07-05 11:20:00,226.25,226.25,226.24,226.24,-0.0,74.44,17015.17,-1
2023-07-05,2023-07-05 11:21:00,226.24,226.24,226.22,226.22,-0.01,74.44,17015.17,-1
2023-07-05,2023-07-05 11:22:00,226.22,226.22,226.21,226.21,-0.0,74.44,17015.17,-1
2023-07-05,2023-07-05 11:23:00,226.21,226.21,226.2,226.2,-0.0,74.44,17015.17,-1
2023-07-05,2023-07-05 11:24:00,226.2,226.2,226.19,226.19,-0.0,74.44,17015.17,-1
2023-07-05,2023-07-05 11:25:00,226.19,226.19,226.18,226.18,-0.0,74.44,17015.17,-1
2023-07-05,2023-07-05 11:26:00,226.18,226.18,226.16,226.16,-0.01,74.44,17015.17,-1
2023-07-05,2023-07-05 11:27:00,226.16,226.16,226.15,226.15,-0.0,74.44,17015.17,-1
2023-07-05,2023-07-05 11:28:00,226.15,226.15,226.14,226.14,-0.0,74.44,17015.17,-1
2023-07-05,2023-07-05 11:29:00,226.14,226.14,226.12,226.12,-0.01,74.44,17015.17,-1
2023-07-05,2023-07-05 11:30:00,226.12,226.12,226.11,226.11,-0.0,74.44,17015.17,-1
2023-07-05,2023-07-05 11:31:00,226.11,226.11,226.1,226.1,-0.0,74.44,17015.17,-1
2023-07-05,2023-07-05 11:32:00,226.1,226.1,226.09,226.09,-0.0,74.44,17015.17,-1
2023-07-05,2023-07-05 11:33:00,226.09,226.09,226.07,226.07,-0.01,74.44,17015.17,-1
2023-07-05,2023-07-05 11:34:00,226.07,226.07,226.06,226.06,-0.0,74.44,17015.17,-1
2023-07-05,2023-07-05 11:35:00,226.06,226.06,226.05,226.05,-0.0,74.44,17015.17,-1
2023-07-05,2023-07-05 11:36:00,226.05,226.05,226.04,226.04,-0.0,74.44,17015.17,-1
2023-07-05,2023-07-05 11:37:00,226.04,226.04,226.03,226.03,-0.0,74.44,17015.17,-1
2023-07-05,2023-07-05 11:38:00,226.03,226.03,226.01,226.01,-0.01,74.44,17015.17,-1
2023-07-05,2023-07-05 11:39:00,226.01,226.01,226.0,226.0,-0.0,74.44,17015.17,-1
2023-07-05,2023-07-05 11:40:00,226.0,226.0,225.99,225.99,-0.0,74.44,17015.17,-1
2023-07-05,2023-07-05 11:41:00,225.99,225.99,225.97,225.97,-0.01,74.44,17015.17,-1
2023-07-05,2023-07-05 11:42:00,225.97,225.97,225.96,225.96,-0.0,74.44,17015.17,-1
2023-07-05,2023-07-05 11:43:00,225.96,225.96,225.95,225.95,-0.0,74.44,17015.17,-1
2023-07-05,2023-07-05 11:44:00,225.95,225.95,225.94,225.94,-0.0,74.44,17015.17,-1
2023-07-05,2023-07-05 11:45:00,225.94,225.94,225.93,225.93,-0.0,74.44,17015.17,-1
2023-07-05,2023-07-05 11:46:00,225.93,225.93,225.91,225.91,-0.01,74.44,17015.17,-1
2023-07-05,2023-07-05 11:47:00,225.91,225.91,225.9,225.9,-0.0,74.44,17015.17,-1
2023-07-05,2023-07-05 11:48:00,225.9,225.9,225.89,225.89,-0.0,74.44,17015.17,-1
2023-07-05,2023-07-05 11:49:00,225.89,225.89,225.88,225.88,-0.0,74.44,17015.17,-1
2023-07-05,2023-07-05 11:50:00,225.88,225.88,225.86,225.86,-0.01,74.44,17015.17,-1
2023-07-05,2023-07-05 11:51:00,225.86,225.86,225.85,225.85,-0.0,74.44,17015.17,-1
2023-07-05,2023-07-05 11:52:00,225.85,225.85,225.84,225.84,-0.0,74.44,17015.17,-1
2023-07-05,2023-07-05 11:53:00,225.84,225.84,225.82,225.82,-0.01,74.44,17015.17,-1
2023-07-05,2023-07-05 11:54:00,225.82,225.82,225.81,225.81,-0.0,74.44,17015.17,-1
2023-07-05,2023-07-05 11:55:00,225.81,225.81,225.8,225.8,-0.0,74.44,17015.17,-1
2023-07-05,2023-07-05 11:56:00,225.8,225.8,225.79,225.79,-0.0,74.44,17015.17,-1
2023-07-05,2023-07-05 11:57:00,225.79,225.79,225.78,225.78,-0.0,74.44,17015.17,-1
2023-07-05,2023-07-05 11:58:00,225.78,225.78,225.76,225.76,-0.01,74.44,17015.17,-1
2023-07-05,2023-07-05 11:59:00,225.76,225.76,225.75,225.75,-0.0,74.44,17015.17,-1
2023-07-05,2023-07-05 12:00:00,225.75,225.75,225.74,225.74,-0.0,74.44,17015.17,-1
2023-07-05,2023-07-05 12:01:00,225.74,225.74,225.72,225.72,-0.01,74.44,17015.17,-1
2023-07-05,2023-07-05 12:02:00,225.72,225.72,225.71,225.71,-0.0,74.44,17015.17,-1
2023-07-05,2023-07-05 12:03:00,225.71,225.71,225.7,225.7,-0.0,74.44,17015.17,-1
2023-07-05,2023-07-05 12:04:00,225.7,225.7,225.69,225.69,-0.0,74.44,17015.17,-1
2023-07-05,2023-07-05 12:05:00,225.69,225.69,225.68,225.68,-0.0,74.44,17015.17,-1
2023-07-05,2023-07-05 12:06:00,225.68,225.68,225.66,225.66,-0.01,74.44,17015.17,-1
2023-07-05,2023-07-05 12:07:00,225.66,225.66,225.65,225.65,-0.0,74.44,17015.17,-1
2023-07-05,2023-07-05 12:08:00,225.65,225.65,225.64,225.64,-0.0,74.44,17015.17,-1
2023-07-05,2023-07-05 12:09:00,225.64,225.64,225.62,225.62,-0.01,74.44,17015.17,-1
2023-07-05,2023-07-05 12:10:00,225.62,225.62,225.61,225.61,-0.0,74.44,17015.17,-1
2023-07-05,2023-07-05 12:11:00,225.61,225.61,225.6,225.6,-0.0,74.44,17015.17,-1
2023-07-05,2023-07-05 12:12:00,225.6,225.6,225.59,225.59,-0.0,74.44,17015.17,-1
2023-07-05,2023-07-05 12:13:00,225.59,225.59,225.57,225.57,-0.01,74.44,17015.17,-1
2023-07-05,2023-07-05 12:14:00,225.57,225.57,225.56,225.56,-0.0,74.44,17015.17,-1
2023-07-05,2023-07-05 12:15:00,225.56,225.56,225.55,225.55,-0.0,74.44,17015.17,-1
2023-07-05,2023-07-05 12:16:00,225.55,225.55,225.54,225.54,-0.0,74.44,17015.17,-1
2023-07-05,2023-07-05 12:17:00,225.54,225.54,225.53,225.53,-0.0,74.44,17015.17,-1
2023-07-05,2023-07-05 12:18:00,225.53,225.53,225.51,225.51,-0.01,74.44,17015.17,-1
2023-07-05,2023-07-05 12:19:00,225.51,225.51,225.5,225.5,-0.0,74.44,17015.17,-1
2023-07-05,2023-07-05 12:20:00,225.5,225.5,225.49,225.49,-0.0,74.44,17015.17,-1
2023-07-05,2023-07-05 12:21:00,225.49,225.49,225.47,225.47,-0.01,74.44,17015.17,-1
2023-07-05,2023-07-05 12:22:00,225.47,225.47,225.46,225.46,-0.0,74.44,17015.17,-1
2023-07-05,2023-07-05 12:23:00,225.46,225.46,225.45,225.45,-0.0,74.44,17015.17,-1
2023-07-05,2023-07-05 12:24:00,225.45,225.45,225.44,225.44,-0.0,74.44,17015.17,-1
2023-07-05,2023-07-05 12:25:00,225.44,225.44,225.43,225.43,-0.0,74.44,17015.17,-1
2023-07-05,2023-07-05 12:26:00,225.43,225.43,225.41,225.41,-0.01,74.44,17015.17,-1
2023-07-05,2023-07-05 12:27:00,225.41,225.41,225.4,225.4,-0.0,74.44,17015.17,-1
2023-07-05,2023-07-05 12:28:00,225.4,225.4,225.39,225.39,-0.0,74.44,17015.17,-1
2023-07-05,2023-07-05 12:29:00,225.39,225.39,225.38,225.38,-0.0,74.44,17015.17,-1
2023-07-05,2023-07-05 12:30:00,225.38,225.38,225.36,225.36,-0.01,74.44,17015.17,-1
2023-07-05,2023-07-05 12:31:00,225.36,225.36,225.35,225.35,-0.0,74.44,17015.17,-1
2023-07-05,2023-07-05 12:32:00,225.35,225.35,225.34,225.34,-0.0,74.44,17015.17,-1
2023-07-05,2023-07-05 12:33:00,225.34,225.34,225.32,225.32,-0.01,74.44,17015.17,-1
2023-07-05,2023-07-05 12:34:00,225.32,225.32,225.31,225.31,-0.0,74.44,17015.17,-1
2023-07-05,2023-07-05 12:35:00,225.31,225.31,225.3,225.3,-0.0,74.44,17015.17,-1
2023-07-05,2023-07-05 12:36:00,225.3,225.3,225.29,225.29,-0.0,74.44,17015.17,-1
2023-07-05,2023-07-05 12:37:00,225.29,225.29,225.28,225.28,-0.0,74.44,17015.17,-1
2023-07-05,2023-07-05 12:38:00,225.28,225.28,225.26,225.26,-0.01,74.44,17015.17,-1
2023-07-05,2023-07-05 12:39:00,225.26,225.26,225.25,225.25,-0.0,74.44,17015.17,-1
2023-07-05,2023-07-05 12:40:00,225.25,225.25,225.24,225.24,-0.0,74.44,17015.17,-1
2023-07-05,2023-07-05 12:41:00,225.24,225.24,225.22,225.22,-0.01,74.44,17015.17,-1
2023-07-05,2023-07-05 12:42:00,225.22,225.22,225.21,225.21,-0.0,74.44,17015.17,-1
2023-07-05,2023-07-05 12:43:00,225.21,225.21,225.2,225.2,-0.0,74.44,17015.17,-1
2023-07-05,2023-07-05 12:44:00,225.2,225.2,225.19,225.19,-0.0,74.44,17015.17,-1
2023-07-05,2023-07-05 12:45:00,225.19,225.19,225.18,225.18,-0.0,74.44,17015.17,-1
2023-07-05,2023-07-05 12:46:00,225.18,225.18,225.16,225.16,-0.01,74.44,17015.17,-1
2023-07-05,2023-07-05 12:47:00,225.16,225.16,225.15,225.15,-0.0,74.44,17015.17,-1
2023-07-05,2023-07-05 12:48:00,225.15,225.15,225.14,225.14,-0.0,74.44,17015.17,-1
2023-07-05,2023-07-05 12:49:00,225.14,225.14,225.12,225.12,-0.01,74.44,17015.17,-1
2023-07-05,2023-07-05 12:50:00,225.12,225.12,225.11,225.11,-0.0,74.44,17015.17,-1
2023-07-05,2023-07-05 12:51:00,225.11,225.11,225.1,225.1,-0.0,74.44,17015.17,-1
2023-07-05,2023-07-05 12:52:00,225.1,225.1,225.09,225.09,-0.0,74.44,17015.17,-1
2023-07-05,2023-07-05 12:53:00,225.09,225.09,225.07,225.07,-0.01,74.44,17015.17,-1
2023-07-05,2023-07-05 12:54:00,225.07,225.07,225.06,225.06,-0.0,74.44,17015.17,-1
2023-07-05,2023-07-05 12:55:00,225.06,225.06,225.05,225.05,-0.0,74.44,17015.17,-1
2023-07-05,2023-07-05 12:56:00,225.05,225.05,225.04,225.04,-0.0,74.44,17015.17,-1
2023-07-05,2023-07-05 12:57:00,225.04,225.04,225.03,225.03,-0.0,74.44,17015.17,-1
2023-07-05,2023-07-05 12:58:00,225.03,225.03,225.01,225.01,-0.01,74.44,17015.17,-1
2023-07-05,2023-07-05 12:59:00,225.01,225.01,225.0,225.0,-0.0,74.44,17015.17,-1
2023-07-05,2023-07-05 13:00:00,225.0,249.9,222.0,224.99,-0.0,74.44,17015.17,-1
2023-07-05,2023-07-05 13:01:00,224.99,224.99,224.97,224.97,-0.01,74.44,17015.17,-1
2023-07-05,2023-07-05 13:02:00,224.97,224.97,224.96,224.96,-0.0,74.44,17015.17,-1
2023-07-05,2023-07-05 13:03:00,224.96,224.96,224.95,224.95,-0.0,74.44,17015.17,-1
2023-07-05,2023-07-05 13:04:00,224.95,224.95,224.94,224.94,-0.0,74.44,17015.17,-1
2023-07-05,2023-07-05 13:05:00,224.94,224.94,224.93,224.93,-0.0,74.44,17015.17,-1
2023-07-05,2023-07-05 13:06:00,224.93,224.93,224.91,224.91,-0.01,74.44,17015.17,-1
2023-07-05,2023-07-05 13:07:00,224.91,224.91,224.9,224.9,-0.0,74.44,17015.17,-1
2023-07-05,2023-07-05 13:08:00,224.9,224.9,224.89,224.89,-0.0,74.44,17015.17,-1
2023-07-05,2023-07-05 13:09:00,224.89,224.89,224.88,224.88,-0.0,74.44,17015.17,-1
2023-07-05,2023-07-05 13:10:00,224.88,224.88,224.86,224.86,-0.01,74.44,17015.17,-1
2023-07-05,2023-07-05 13:11:00,224.86,224.86,224.85,224.85,-0.0,74.44,17015.17,-1
2023-07-05,2023-07-05 13:12:00,224.85,224.85,224.84,224.84,-0.0,74.44,17015.17,-1
2023-07-05,2023-07-05 13:13:00,224.84,224.84,224.82,224.82,-0.01,74.44,17015.17,-1
2023-07-05,2023-07-05 13:14:00,224.82,224.82,224.81,224.81,-0.0,74.44,17015.17,-1
2023-07-05,2023-07-05 13:15:00,224.81,224.81,224.8,224.8,-0.0,74.44,17015.17,-1
2023-07-05,2023-07-05 13:16:00,224.8,224.8,224.79,224.79,-0.0,74.44,17015.17,-1
2023-07-05,2023-07-05 13:17:00,224.79,224.79,224.78,224.78,-0.0,74.44,17015.17,-1
2023-07-05,2023-07-05 13:18:00,224.78,224.78,224.76,224.76,-0.01,74.44,17015.17,-1
2023-07-05,2023-07-05 13:19:00,224.76,224.76,224.75,224.75,-0.0,74.44,17015.17,-1
2023-07-05,2023-07-05 13:20:00,224.75,224.75,224.74,224.74,-0.0,74.44,17015.17,-1
2023-07-05,2023-07-05 13:21:00,224.74,224.74,224.72,224.72,-0.01,74.44,17015.17,-1
2023-07-05,2023-07-05 13:22:00,224.72,224.72,224.71,224.71,-0.0,74.44,17015.17,-1
2023-07-05,2023-07-05 13:23:00,224.71,224.71,224.7,224.7,-0.0,74.44,17015.17,-1
2023-07-05,2023-07-05 13:24:00,224.7,224.7,224.69,224.69,-0.0,74.44,17015.17,-1
2023-07-05,2023-07-05 13:25:00,224.69,224.69,224.68,224.68,-0.0,74.44,17015.17,-1
2023-07-05,2023-07-05 13:26:00,224.68,224.68,224.66,224.66,-0.01,74.44,17015.17,-1
2023-07-05,2023-07-05 13:27:00,224.66,224.66,224.65,224.65,-0.0,74.44,17015.17,-1
2023-07-05,2023-07-05 13:28:00,224.65,224.65,224.64,224.64,-0.0,74.44,17015.17,-1
2023-07-05,2023-07-05 13:29:00,224.64,224.64,224.62,224.62,-0.01,74.44,17015.17,-1
2023-07-05,2023-07-05 13:30:00,224.62,224.62,224.61,224.61,-0.0,74.44,17015.17,-1
2023-07-05,2023-07-05 13:31:00,224.61,224.61,224.6,224.6,-0.0,74.44,17015.17,-1
2023-07-05,2023-07-05 13:32:00,224.6,224.6,224.59,224.59,-0.0,74.44,17015.17,-1
2023-07-05,2023-07-05 13:33:00,224.59,224.59,224.57,224.57,-0.01,74.44,17015.17,-1
2023-07-05,2023-07-05 13:34:00,224.57,224.57,224.56,224.56,-0.0,74.44,17015.17,-1
2023-07-05,2023-07-05 13:35:00,224.56,224.56,224.55,224.55,-0.0,74.44,17015.17,-1
2023-07-05,2023-07-05 13:36:00,224.55,224.55,224.54,224.54,-0.0,74.44,17015.17,-1
2023-07-05,2023-07-05 13:37:00,224.54,224.54,224.53,224.53,-0.0,74.44,17015.17,-1
2023-07-05,2023-07-05 13:38:00,224.53,224.53,224.51,224.51,-0.01,74.44,17015.17,-1
2023-07-05,2023-07-05 13:39:00,224.51,224.51,224.5,224.5,-0.0,74.44,17015.17,-1
2023-07-05,2023-07-05 13:40:00,224.5,224.5,224.49,224.49,-0.0,74.44,17015.17,-1
2023-07-05,2023-07-05 13:41:00,224.49,224.49,224.47,224.47,-0.01,74.44,17015.17,-1
2023-07-05,2023-07-05 13:42:00,224.47,224.47,224.46,224.46,-0.0,74.44,17015.17,-1
2023-07-05,2023-07-05 13:43:00,224.46,224.46,224.45,224.45,-0.0,74.44,17015.17,-1
2023-07-05,2023-07-05 13:44:00,224.45,224.45,224.44,224.44,-0.0,74.44,17015.17,-1
2023-07-05,2023-07-05 13:45:00,224.44,224.44,224.43,224.43,-0.0,74.44,17015.17,-1
2023-07-05,2023-07-05 13:46:00,224.43,224.43,224.41,224.41,-0.01,74.44,17015.17,-1
2023-07-05,2023-07-05 13:47:00,224.41,224.41,224.4,224.4,-0.0,74.44,17015.17,-1
2023-07-05,2023-07-05 13:48:00,224.4,224.4,224.39,224.39,-0.0,74.44,17015.17,-1
2023-07-05,2023-07-05 13:49:00,224.39,224.39,224.38,224.38,-0.0,74.44,17015.17,-1
2023-07-05,2023-07-05 13:50:00,224.38,224.38,224.36,224.36,-0.01,74.44,17015.17,-1
2023-07-05,2023-07-05 13:51:00,224.36,224.36,224.35,224.35,-0.0,74.44,17015.17,-1
2023-07-05,2023-07-05 13:52:00,224.35,224.35,224.34,224.34,-0.0,74.44,17015.17,-1
2023-07-05,2023-07-05 13:53:00,224.34,224.34,224.32,224.32,-0.01,74.44,17015.17,-1
2023-07-05,2023-07-05 13:54:00,224.32,224.32,224.31,224.31,-0.0,74.44,17015.17,-1
2023-07-05,2023-07-05 13:55:00,224.31,224.31,224.3,224.3,-0.0,74.44,17015.17,-1
2023-07-05,2023-07-05 13:56:00,224.3,224.3,224.29,224.29,-0.0,74.44,17015.17,-1
2023-07-05,2023-07-05 13:57:00,224.29,224.29,224.28,224.28,-0.0,74.44,17015.17,-1
2023-07-05,2023-07-05 13:58:00,224.28,224.28,224.26,224.26,-0.01,74.44,17015.17,-1
2023-07-05,2023-07-05 13:59:00,224.26,224.26,224.25,224.25,-0.0,74.44,17015.17,-1
2023-07-05,2023-07-05 14:00:00,224.25,224.25,224.24,224.24,-0.0,74.44,17015.17,-1
2023-07-05,2023-07-05 14:01:00,224.24,224.24,224.22,224.22,-0.01,74.44,17015.17,-1
2023-07-05,2023-07-05 14:02:00,224.22,224.22,224.21,224.21,-0.0,74.44,17015.17,-1
2023-07-05,2023-07-05 14:03:00,224.21,224.21,224.2,224.2,-0.0,74.44,17015.17,-1
2023-07-05,2023-07-05 14:04:00,224.2,224.2,224.19,224.19,-0.0,74.44,17015.17,-1
2023-07-05,2023-07-05 14:05:00,224.19,224.19,224.18,224.18,-0.0,74.44,17015.17,-1
2023-07-05,2023-07-05 14:06:00,224.18,224.18,224.16,224.16,-0.01,74.44,17015.17,-1
2023-07-05,2023-07-05 14:07:00,224.16,224.16,224.15,224.15,-0.0,74.44,17015.17,-1
2023-07-05,2023-07-05 14:08:00,224.15,224.15,224.14,224.14,-0.0,74.44,17015.17,-1
2023-07-05,2023-07-05 14:09:00,224.14,224.14,224.12,224.12,-0.01,74.44,17015.17,-1
2023-07-05,2023-07-05 14:10:00,224.12,224.12,224.11,224.11,-0.0,74.44,17015.17,-1
2023-07-05,2023-07-05 14:11:00,224.11,224.11,224.1,224.1,-0.0,74.44,17015.17,-1
2023-07-05,2023-07-05 14:12:00,224.1,224.1,224.09,224.09,-0.0,74.44,17015.17,-1
2023-07-05,2023-07-05 14:13:00,224.09,224.09,224.07,224.07,-0.01,74.44,17015.17,-1
2023-07-05,2023-07-05 14:14:00,224.07,224.07,224.06,224.06,-0.0,74.44,17015.17,-1
2023-07-05,2023-07-05 14:15:00,224.06,224.06,224.05,224.05,-0.0,74.44,17015.17,-1
2023-07-05,2023-07-05 14:16:00,224.05,224.05,224.04,224.04,-0.0,74.44,17015.17,-1
2023-07-05,2023-07-05 14:17:00,224.04,224.04,224.03,224.03,-0.0,74.44,17015.17,-1
2023-07-05,2023-07-05 14:18:00,224.03,224.03,224.01,224.01,-0.01,74.44,17015.17,-1
2023-07-05,2023-07-05 14:19:00,224.01,224.01,224.0,224.0,-0.0,74.44,17015.17,-1
2023-07-05,2023-07-05 14:20:00,224.0,224.0,223.99,223.99,-0.0,74.44,17015.17,-1
2023-07-05,2023-07-05 14:21:00,223.99,223.99,223.97,223.97,-0.01,74.44,17015.17,-1
2023-07-05,2023-07-05 14:22:00,223.97,223.97,223.96,223.96,-0.0,74.44,17015.17,-1
2023-07-05,2023-07-05 14:23:00,223.96,223.96,223.95,223.95,-0.0,74.44,17015.17,-1
2023-07-05,2023-07-05 14:24:00,223.95,223.95,223.94,223.94,-0.0,74.44,17015.17,-1
2023-07-05,2023-07-05 14:25:00,223.94,223.94,223.93,223.93,-0.0,74.44,17015.17,-1
2023-07-05,2023-07-05 14:26:00,223.93,223.93,223.91,223.91,-0.01,74.44,17015.17,-1
2023-07-05,2023-07-05 14:27:00,223.91,223.91,223.9,223.9,-0.0,74.44,17015.17,-1
2023-07-05,2023-07-05 14:28:00,223.9,223.9,223.89,223.89,-0.0,74.44,17015.17,-1
2023-07-05,2023-07-05 14:29:00,223.89,223.89,223.88,223.88,-0.0,74.44,17015.17,-1
2023-07-05,2023-07-05 14:30:00,223.88,223.88,223.86,223.86,-0.01,74.44,17015.17,-1
2023-07-05,2023-07-05 14:31:00,223.86,223.86,223.85,223.85,-0.0,74.44,17015.17,-1
2023-07-05,2023-07-05 14:32:00,223.85,223.85,223.84,223.84,-0.0,74.44,17015.17,-1
2023-07-05,2023-07-05 14:33:00,223.84,223.84,223.82,223.82,-0.01,74.44,17015.17,-1
2023-07-05,2023-07-05 14:34:00,223.82,223.82,223.81,223.81,-0.0,74.44,17015.17,-1
2023-07-05,2023-07-05 14:35:00,223.81,223.81,223.8,223.8,-0.0,74.44,17015.17,-1
2023-07-05,2023-07-05 14:36:00,223.8,223.8,223.79,223.79,-0.0,74.44,17015.17,-1
2023-07-05,2023-07-05 14:37:00,223.79,223.79,223.78,223.78,-0.0,74.44,17015.17,-1
2023-07-05,2023-07-05 14:38:00,223.78,223.78,223.76,223.76,-0.01,74.44,17015.17,-1
2023-07-05,2023-07-05 14:39:00,223.76,223.76,223.75,223.75,-0.0,74.44,17015.17,-1
2023-07-05,2023-07-05 14:40:00,223.75,223.75,223.74,223.74,-0.0,74.44,17015.17,-1
2023-07-05,2023-07-05 14:41:00,223.74,223.74,223.72,223.72,-0.01,74.44,17015.17,-1
2023-07-05,2023-07-05 14:42:00,223.72,223.72,223.71,223.71,-0.0,74.44,17015.17,-1
2023-07-05,2023-07-05 14:43:00,223.71,223.71,223.7,223.7,-0.0,74.44,17015.17,-1
2023-07-05,2023-07-05 14:44:00,223.7,223.7,223.69,223.69,-0.0,74.44,17015.17,-1
2023-07-05,2023-07-05 14:45:00,223.69,223.69,223.68,223.68,-0.0,74.44,17015.17,-1
2023-07-05,2023-07-05 14:46:00,223.68,223.68,223.66,223.66,-0.01,74.44,17015.17,-1
2023-07-05,2023-07-05 14:47:00,223.66,223.66,223.65,223.65,-0.0,74.44,17015.17,-1
2023-07-05,2023-07-05 14:48:00,223.65,223.65,223.64,223.64,-0.0,74.44,17015.17,-1
2023-07-05,2023-07-05 14:49:00,223.64,223.64,223.62,223.62,-0.01,74.44,17015.17,-1
2023-07-05,2023-07-05 14:50:00,223.62,223.62,223.61,223.61,-0.0,74.44,17015.17,-1
2023-07-05,2023-07-05 14:51:00,223.61,223.61,223.6,223.6,-0.0,74.44,17015.17,-1
2023-07-05,2023-07-05 14:52:00,223.6,223.6,223.59,223.59,-0.0,74.44,17015.17,-1
2023-07-05,2023-07-05 14:53:00,223.59,223.59,223.57,223.57,-0.01,74.44,17015.17,-1
2023-07-05,2023-07-05 14:54:00,223.57,223.57,223.56,223.56,-0.0,74.44,17015.17,-1
2023-07-05,2023-07-05 14:55:00,223.56,223.56,223.55,223.55,-0.0,74.44,17015.17,-1
2023-07-05,2023-07-05 14:56:00,223.55,223.55,223.54,223.54,-0.0,74.44,17015.17,-1
2023-07-05,2023-07-05 14:57:00,223.54,223.54,223.53,223.53,-0.0,74.44,17015.17,-1
2023-07-05,2023-07-05 14:58:00,223.53,223.53,223.51,223.51,-0.01,74.44,17015.17,-1
2023-07-05,2023-07-05 14:59:00,223.51,223.51,223.5,223.5,-0.0,74.44,17015.17,-1
2023-07-05,2023-07-05 15:00:00,223.5,249.9,222.0,223.5,0.0,74.44,17015.17,0
2023-07-06,2023-07-06 11:00:00,219.3,221.88,219.3,219.32,0.01,27.76,6189.14,1
2023-07-06,2023-07-06 11:01:00,219.32,219.34,219.32,219.34,0.01,27.76,6189.14,1
2023-07-06,2023-07-06 11:02:00,219.34,219.36,219.34,219.36,0.01,27.76,6189.14,1
2023-07-06,2023-07-06 11:03:00,219.36,219.38,219.36,219.38,0.01,27.76,6189.14,1
2023-07-06,2023-07-06 11:04:00,219.38,219.4,219.38,219.4,0.01,27.76,6189.14,1
2023-07-06,2023-07-06 11:05:00,219.4,219.42,219.4,219.42,0.01,27.76,6189.14,1
2023-07-06,2023-07-06 11:06:00,219.42,219.44,219.42,219.44,0.01,27.76,6189.14,1
2023-07-06,2023-07-06 11:07:00,219.44,219.46,219.44,219.46,0.01,27.76,6189.14,1
2023-07-06,2023-07-06 11:08:00,219.46,219.48,219.46,219.48,0.01,27.76,6189.14,1
2023-07-06,2023-07-06 11:09:00,219.48,219.5,219.48,219.5,0.01,27.76,6189.14,1
2023-07-06,2023-07-06 11:10:00,219.5,219.52,219.5,219.52,0.01,27.76,6189.14,1
2023-07-06,2023-07-06 11:11:00,219.52,219.54,219.52,219.54,0.01,27.76,6189.14,1
2023-07-06,2023-07-06 11:12:00,219.54,219.55,219.54,219.55,0.0,27.76,6189.14,1
2023-07-06,2023-07-06 11:13:00,219.55,219.57,219.55,219.57,0.01,27.76,6189.14,1
2023-07-06,2023-07-06 11:14:00,219.57,219.59,219.57,219.59,0.01,27.76,6189.14,1
2023-07-06,2023-07-06 11:15:00,219.59,219.61,219.59,219.61,0.01,27.76,6189.14,1
2023-07-06,2023-07-06 11:16:00,219.61,219.63,219.61,219.63,0.01,27.76,6189.14,1
2023-07-06,2023-07-06 11:17:00,219.63,219.65,219.63,219.65,0.01,27.76,6189.14,1
2023-07-06,2023-07-06 11:18:00,219.65,219.67,219.65,219.67,0.01,27.76,6189.14,1
2023-07-06,2023-07-06 11:19:00,219.67,219.69,219.67,219.69,0.01,27.76,6189.14,1
2023-07-06,2023-07-06 11:20:00,219.69,219.71,219.69,219.71,0.01,27.76,6189.14,1
2023-07-06,2023-07-06 11:21:00,219.71,219.73,219.71,219.73,0.01,27.76,6189.14,1
2023-07-06,2023-07-06 11:22:00,219.73,219.75,219.73,219.75,0.01,27.76,6189.14,1
2023-07-06,2023-07-06 11:23:00,219.75,219.77,219.75,219.77,0.01,27.76,6189.14,1
2023-07-06,2023-07-06 11:24:00,219.77,219.79,219.77,219.79,0.01,27.76,6189.14,1
2023-07-06,2023-07-06 11:25:00,219.79,219.81,219.79,219.81,0.01,27.76,6189.14,1
2023-07-06,2023-07-06 11:26:00,219.81,219.83,219.81,219.83,0.01,27.76,6189.14,1
2023-07-06,2023-07-06 11:27:00,219.83,219.85,219.83,219.85,0.01,27.76,6189.14,1
2023-07-06,2023-07-06 11:28:00,219.85,219.87,219.85,219.87,0.01,27.76,6189.14,1
2023-07-06,2023-07-06 11:29:00,219.87,219.89,219.87,219.89,0.01,27.76,6189.14,1
2023-07-06,2023-07-06 11:30:00,219.89,219.91,219.89,219.91,0.01,27.76,6189.14,1
2023-07-06,2023-07-06 11:31:00,219.91,219.93,219.91,219.93,0.01,27.76,6189.14,1
2023-07-06,2023-07-06 11:32:00,219.93,219.95,219.93,219.95,0.01,27.76,6189.14,1
2023-07-06,2023-07-06 11:33:00,219.95,219.97,219.95,219.97,0.01,27.76,6189.14,1
2023-07-06,2023-07-06 11:34:00,219.97,219.99,219.97,219.99,0.01,27.76,6189.14,1
2023-07-06,2023-07-06 11:35:00,219.99,220.0,219.99,220.0,0.0,27.76,6189.14,1
2023-07-06,2023-07-06 11:36:00,220.0,220.02,220.0,220.02,0.01,27.76,6189.14,1
2023-07-06,2023-07-06 11:37:00,220.02,220.04,220.02,220.04,0.01,27.76,6189.14,1
2023-07-06,2023-07-06 11:38:00,220.04,220.06,220.04,220.06,0.01,27.76,6189.14,1
2023-07-06,2023-07-06 11:39:00,220.06,220.08,220.06,220.08,0.01,27.76,6189.14,1
2023-07-06,2023-07-06 11:40:00,220.08,220.1,220.08,220.1,0.01,27.76,6189.14,1
2023-07-06,2023-07-06 11:41:00,220.1,220.12,220.1,220.12,0.01,27.76,6189.14,1
2023-07-06,2023-07-06 11:42:00,220.12,220.14,220.12,220.14,0.01,27.76,6189.14,1
2023-07-06,2023-07-06 11:43:00,220.14,220.16,220.14,220.16,0.01,27.76,6189.14,1
2023-07-06,2023-07-06 11:44:00,220.16,220.18,220.16,220.18,0.01,27.76,6189.14,1
2023-07-06,2023-07-06 11:45:00,220.18,220.2,220.18,220.2,0.01,27.76,6189.14,1
2023-07-06,2023-07-06 11:46:00,220.2,220.22,220.2,220.22,0.01,27.76,6189.14,1
2023-07-06,2023-07-06 11:47:00,220.22,220.24,220.22,220.24,0.01,27.76,6189.14,1
2023-07-06,2023-07-06 11:48:00,220.24,220.26,220.24,220.26,0.01,27.76,6189.14,1
2023-07-06,2023-07-06 11:49:00,220.26,220.28,220.26,220.28,0.01,27.76,6189.14,1
2023-07-06,2023-07-06 11:50:00,220.28,220.3,220.28,220.3,0.01,27.76,6189.14,1
2023-07-06,2023-07-06 11:51:00,220.3,220.32,220.3,220.32,0.01,27.76,6189.14,1
2023-07-06,2023-07-06 11:52:00,220.32,220.34,220.32,220.34,0.01,27.76,6189.14,1
2023-07-06,2023-07-06 11:53:00,220.34,220.36,220.34,220.36,0.01,27.76,6189.14,1
2023-07-06,2023-07-06 11:54:00,220.36,220.38,220.36,220.38,0.01,27.76,6189.14,1
2023-07-06,2023-07-06 11:55:00,220.38,220.4,220.38,220.4,0.01,27.76,6189.14,1
2023-07-06,2023-07-06 11:56:00,220.4,220.42,220.4,220.42,0.01,27.76,6189.14,1
2023-07-06,2023-07-06 11:57:00,220.42,220.44,220.42,220.44,0.01,27.76,6189.14,1
2023-07-06,2023-07-06 11:58:00,220.44,220.46,220.44,220.46,0.01,27.76,6189.14,1
2023-07-06,2023-07-06 11:59:00,220.46,220.48,220.46,220.48,0.01,27.76,6189.14,1
2023-07-06,2023-07-06 12:00:00,220.48,220.49,220.48,220.49,0.0,27.76,6189.14,1
2023-07-06,2023-07-06 12:01:00,220.49,220.51,220.49,220.51,0.01,27.76,6189.14,1
2023-07-06,2023-07-06 12:02:00,220.51,220.53,220.51,220.53,0.01,27.76,6189.14,1
2023-07-06,2023-07-06 12:03:00,220.53,220.55,220.53,220.55,0.01,27.76,6189.14,1
2023-07-06,2023-07-06 12:04:00,220.55,220.57,220.55,220.57,0.01,27.76,6189.14,1
2023-07-06,2023-07-06 12:05:00,220.57,220.59,220.57,220.59,0.01,27.76,6189.14,1
2023-07-06,2023-07-06 12:06:00,220.59,220.61,220.59,220.61,0.01,27.76,6189.14,1
2023-07-06,2023-07-06 12:07:00,220.61,220.63,220.61,220.63,0.01,27.76,6189.14,1
2023-07-06,2023-07-06 12:08:00,220.63,220.65,220.63,220.65,0.01,27.76,6189.14,1
2023-07-06,2023-07-06 12:09:00,220.65,220.67,220.65,220.67,0.01,27.76,6189.14,1
2023-07-06,2023-07-06 12:10:00,220.67,220.69,220.67,220.69,0.01,27.76,6189.14,1
2023-07-06,2023-07-06 12:11:00,220.69,220.71,220.69,220.71,0.01,27.76,6189.14,1
2023-07-06,2023-07-06 12:12:00,220.71,220.73,220.71,220.73,0.01,27.76,6189.14,1
2023-07-06,2023-07-06 12:13:00,220.73,220.75,220.73,220.75,0.01,27.76,6189.14,1
2023-07-06,2023-07-06 12:14:00,220.75,220.77,220.75,220.77,0.01,27.76,6189.14,1
2023-07-06,2023-07-06 12:15:00,220.77,220.79,220.77,220.79,0.01,27.76,6189.14,1
2023-07-06,2023-07-06 12:16:00,220.79,220.81,220.79,220.81,0.01,27.76,6189.14,1
2023-07-06,2023-07-06 12:17:00,220.81,220.83,220.81,220.83,0.01,27.76,6189.14,1
2023-07-06,2023-07-06 12:18:00,220.83,220.85,220.83,220.85,0.01,27.76,6189.14,1
2023-07-06,2023-07-06 12:19:00,220.85,220.87,220.85,220.87,0.01,27.76,6189.14,1
2023-07-06,2023-07-06 12:20:00,220.87,220.89,220.87,220.89,0.01,27.76,6189.14,1
2023-07-06,2023-07-06 12:21:00,220.89,220.91,220.89,220.91,0.01,27.76,6189.14,1
2023-07-06,2023-07-06 12:22:00,220.91,220.93,220.91,220.93,0.01,27.76,6189.14,1
2023-07-06,2023-07-06 12:23:00,220.93,220.94,220.93,220.94,0.0,27.76,6189.14,1
2023-07-06,2023-07-06 12:24:00,220.94,220.96,220.94,220.96,0.01,27.76,6189.14,1
2023-07-06,2023-07-06 12:25:00,220.96,220.98,220.96,220.98,0.01,27.76,6189.14,1
2023-07-06,2023-07-06 12:26:00,220.98,221.0,220.98,221.0,0.01,27.76,6189.14,1
2023-07-06,2023-07-06 12:27:00,221.0,221.02,221.0,221.02,0.01,27.76,6189.14,1
2023-07-06,2023-07-06 12:28:00,221.02,221.04,221.02,221.04,0.01,27.76,6189.14,1
2023-07-06,2023-07-06 12:29:00,221.04,221.06,221.04,221.06,0.01,27.76,6189.14,1
2023-07-06,2023-07-06 12:30:00,221.06,221.08,221.06,221.08,0.01,27.76,6189.14,1
2023-07-06,2023-07-06 12:31:00,221.08,221.1,221.08,221.1,0.01,27.76,6189.14,1
2023-07-06,2023-07-06 12:32:00,221.1,221.12,221.1,221.12,0.01,27.76,6189.14,1
2023-07-06,2023-07-06 12:33:00,221.12,221.14,221.12,221.14,0.01,27.76,6189.14,1
2023-07-06,2023-07-06 12:34:00,221.14,221.16,221.14,221.16,0.01,27.76,6189.14,1
2023-07-06,2023-07-06 12:35:00,221.16,221.18,221.16,221.18,0.01,27.76,6189.14,1
2023-07-06,2023-07-06 12:36:00,221.18,221.2,221.18,221.2,0.01,27.76,6189.14,1
2023-07-06,2023-07-06 12:37:00,221.2,221.22,221.2,221.22,0.01,27.76,6189.14,1
2023-07-06,2023-07-06 12:38:00,221.22,221.24,221.22,221.24,0.01,27.76,6189.14,1
2023-07-06,2023-07-06 12:39:00,221.24,221.26,221.24,221.26,0.01,27.76,6189.14,1
2023-07-06,2023-07-06 12:40:00,221.26,221.28,221.26,221.28,0.01,27.76,6189.14,1
2023-07-06,2023-07-06 12:41:00,221.28,221.3,221.28,221.3,0.01,27.76,6189.14,1
2023-07-06,2023-07-06 12:42:00,221.3,221.32,221.3,221.32,0.01,27.76,6189.14,1
2023-07-06,2023-07-06 12:43:00,221.32,221.34,221.32,221.34,0.01,27.76,6189.14,1
2023-07-06,2023-07-06 12:44:00,221.34,221.36,221.34,221.36,0.01,27.76,6189.14,1
2023-07-06,2023-07-06 12:45:00,221.36,221.38,221.36,221.38,0.01,27.76,6189.14,1
2023-07-06,2023-07-06 12:46:00,221.38,221.4,221.38,221.4,0.01,27.76,6189.14,1
2023-07-06,2023-07-06 12:47:00,221.4,221.42,221.4,221.42,0.01,27.76,6189.14,1
2023-07-06,2023-07-06 12:48:00,221.42,221.43,221.42,221.43,0.0,27.76,6189.14,1
2023-07-06,2023-07-06 12:49:00,221.43,221.45,221.43,221.45,0.01,27.76,6189.14,1
2023-07-06,2023-07-06 12:50:00,221.45,221.47,221.45,221.47,0.01,27.76,6189.14,1
2023-07-06,2023-07-06 12:51:00,221.47,221.49,221.47,221.49,0.01,27.76,6189.14,1
2023-07-06,2023-07-06 12:52:00,221.49,221.51,221.49,221.51,0.01,27.76,6189.14,1
2023-07-06,2023-07-06 12:53:00,221.51,221.53,221.51,221.53,0.01,27.76,6189.14,1
2023-07-06,2023-07-06 12:54:00,221.53,221.55,221.53,221.55,0.01,27.76,6189.14,1
2023-07-06,2023-07-06 12:55:00,221.55,221.57,221.55,221.57,0.01,27.76,6189.14,1
2023-07-06,2023-07-06 12:56:00,221.57,221.59,221.57,221.59,0.01,27.76,6189.14,1
2023-07-06,2023-07-06 12:57:00,221.59,221.61,221.59,221.61,0.01,27.76,6189.14,1
2023-07-06,2023-07-06 12:58:00,221.61,221.63,221.61,221.63,0.01,27.76,6189.14,1
2023-07-06,2023-07-06 12:59:00,221.63,221.65,221.63,221.65,0.01,27.76,6189.14,1
2023-07-06,2023-07-06 13:00:00,221.65,227.9,219.3,221.67,0.01,27.76,6189.14,1
2023-07-06,2023-07-06 13:01:00,221.67,221.69,221.67,221.69,0.01,27.76,6189.14,1
2023-07-06,2023-07-06 13:02:00,221.69,221.71,221.69,221.71,0.01,27.76,6189.14,1
2023-07-06,2023-07-06 13:03:00,221.71,221.73,221.71,221.73,0.01,27.76,6189.14,1
2023-07-06,2023-07-06 13:04:00,221.73,221.75,221.73,221.75,0.01,27.76,6189.14,1
2023-07-06,2023-07-06 13:05:00,221.75,221.77,221.75,221.77,0.01,27.76,6189.14,1
2023-07-06,2023-07-06 13:06:00,221.77,221.79,221.77,221.79,0.01,27.76,6189.14,1
2023-07-06,2023-07-06 13:07:00,221.79,221.81,221.79,221.81,0.01,27.76,6189.14,1
2023-07-06,2023-07-06 13:08:00,221.81,221.83,221.81,221.83,0.01,27.76,6189.14,1
2023-07-06,2023-07-06 13:09:00,221.83,221.85,221.83,221.85,0.01,27.76,6189.14,1
2023-07-06,2023-07-06 13:10:00,221.85,221.87,221.85,221.87,0.01,27.76,6189.14,1
2023-07-06,2023-07-06 13:11:00,221.87,221.88,221.87,221.88,0.0,27.76,6189.14,1
2023-07-06,2023-07-06 13:12:00,221.88,221.9,221.88,221.9,0.01,27.76,6189.14,1
2023-07-06,2023-07-06 13:13:00,221.9,221.92,221.9,221.92,0.01,27.76,6189.14,1
2023-07-06,2023-07-06 13:14:00,221.92,221.94,221.92,221.94,0.01,27.76,6189.14,1
2023-07-06,2023-07-06 13:15:00,221.94,221.96,221.94,221.96,0.01,27.76,6189.14,1
2023-07-06,2023-07-06 13:16:00,221.96,221.98,221.96,221.98,0.01,27.76,6189.14,1
2023-07-06,2023-07-06 13:17:00,221.98,222.0,221.98,222.0,0.01,27.76,6189.14,1
2023-07-06,2023-07-06 13:18:00,222.0,222.02,222.0,222.02,0.01,27.76,6189.14,1
2023-07-06,2023-07-06 13:19:00,222.02,222.04,222.02,222.04,0.01,27.76,6189.14,1
2023-07-06,2023-07-06 13:20:00,222.04,222.06,222.04,222.06,0.01,27.76,6189.14,1
2023-07-06,2023-07-06 13:21:00,222.06,222.08,222.06,222.08,0.01,27.76,6189.14,1
2023-07-06,2023-07-06 13:22:00,222.08,222.1,222.08,222.1,0.01,27.76,6189.14,1
2023-07-06,2023-07-06 13:23:00,222.1,222.12,222.1,222.12,0.01,27.76,6189.14,1
2023-07-06,2023-07-06 13:24:00,222.12,222.14,222.12,222.14,0.01,27.76,6189.14,1
2023-07-06,2023-07-06 13:25:00,222.14,222.16,222.14,222.16,0.01,27.76,6189.14,1
2023-07-06,2023-07-06 13:26:00,222.16,222.18,222.16,222.18,0.01,27.76,6189.14,1
2023-07-06,2023-07-06 13:27:00,222.18,222.2,222.18,222.2,0.01,27.76,6189.14,1
2023-07-06,2023-07-06 13:28:00,222.2,222.22,222.2,222.22,0.01,27.76,6189.14,1
2023-07-06,2023-07-06 13:29:00,222.22,222.24,222.22,222.24,0.01,27.76,6189.14,1
2023-07-06,2023-07-06 13:30:00,222.24,222.26,222.24,222.26,0.01,27.76,6189.14,1
2023-07-06,2023-07-06 13:31:00,222.26,222.28,222.26,222.28,0.01,27.76,6189.14,1
2023-07-06,2023-07-06 13:32:00,222.28,222.3,222.28,222.3,0.01,27.76,6189.14,1
2023-07-06,2023-07-06 13:33:00,222.3,222.32,222.3,222.32,0.01,27.76,6189.14,1
2023-07-06,2023-07-06 13:34:00,222.32,222.34,222.32,222.34,0.01,27.76,6189.14,1
2023-07-06,2023-07-06 13:35:00,222.34,222.36,222.34,222.36,0.01,27.76,6189.14,1
2023-07-06,2023-07-06 13:36:00,222.36,222.37,222.36,222.37,0.0,27.76,6189.14,1
2023-07-06,2023-07-06 13:37:00,222.37,222.39,222.37,222.39,0.01,27.76,6189.14,1
2023-07-06,2023-07-06 13:38:00,222.39,222.41,222.39,222.41,0.01,27.76,6189.14,1
2023-07-06,2023-07-06 13:39:00,222.41,222.43,222.41,222.43,0.01,27.76,6189.14,1
2023-07-06,2023-07-06 13:40:00,222.43,222.45,222.43,222.45,0.01,27.76,6189.14,1
2023-07-06,2023-07-06 13:41:00,222.45,222.47,222.45,222.47,0.01,27.76,6189.14,1
2023-07-06,2023-07-06 13:42:00,222.47,222.49,222.47,222.49,0.01,27.76,6189.14,1
2023-07-06,2023-07-06 13:43:00,222.49,222.51,222.49,222.51,0.01,27.76,6189.14,1
2023-07-06,2023-07-06 13:44:00,222.51,222.53,222.51,222.53,0.01,27.76,6189.14,1
2023-07-06,2023-07-06 13:45:00,222.53,222.55,222.53,222.55,0.01,27.76,6189.14,1
2023-07-06,2023-07-06 13:46:00,222.55,222.57,222.55,222.57,0.01,27.76,6189.14,1
2023-07-06,2023-07-06 13:47:00,222.57,222.59,222.57,222.59,0.01,27.76,6189.14,1
2023-07-06,2023-07-06 13:48:00,222.59,222.61,222.59,222.61,0.01,27.76,6189.14,1
2023-07-06,2023-07-06 13:49:00,222.61,222.63,222.61,222.63,0.01,27.76,6189.14,1
2023-07-06,2023-07-06 13:50:00,222.63,222.65,222.63,222.65,0.01,27.76,6189.14,1
2023-07-06,2023-07-06 13:51:00,222.65,222.67,222.65,222.67,0.01,27.76,6189.14,1
2023-07-06,2023-07-06 13:52:00,222.67,222.69,222.67,222.69,0.01,27.76,6189.14,1
2023-07-06,2023-07-06 13:53:00,222.69,222.71,222.69,222.71,0.01,27.76,6189.14,1
2023-07-06,2023-07-06 13:54:00,222.71,222.73,222.71,222.73,0.01,27.76,6189.14,1
2023-07-06,2023-07-06 13:55:00,222.73,222.75,222.73,222.75,0.01,27.76,6189.14,1
2023-07-06,2023-07-06 13:56:00,222.75,222.77,222.75,222.77,0.01,27.76,6189.14,1
2023-07-06,2023-07-06 13:57:00,222.77,222.79,222.77,222.79,0.01,27.76,6189.14,1
2023-07-06,2023-07-06 13:58:00,222.79,222.81,222.79,222.81,0.01,27.76,6189.14,1
2023-07-06,2023-07-06 13:59:00,222.81,222.82,222.81,222.82,0.0,27.76,6189.14,1
2023-07-06,2023-07-06 14:00:00,222.82,222.84,222.82,222.84,0.01,27.76,6189.14,1
2023-07-06,2023-07-06 14:01:00,222.84,222.86,222.84,222.86,0.01,27.76,6189.14,1
2023-07-06,2023-07-06 14:02:00,222.86,222.88,222.86,222.88,0.01,27.76,6189.14,1
2023-07-06,2023-07-06 14:03:00,222.88,222.9,222.88,222.9,0.01,27.76,6189.14,1
2023-07-06,2023-07-06 14:04:00,222.9,222.92,222.9,222.92,0.01,27.76,6189.14,1
2023-07-06,2023-07-06 14:05:00,222.92,222.94,222.92,222.94,0.01,27.76,6189.14,1
2023-07-06,2023-07-06 14:06:00,222.94,222.96,222.94,222.96,0.01,27.76,6189.14,1
2023-07-06,2023-07-06 14:07:00,222.96,222.98,222.96,222.98,0.01,27.76,6189.14,1
2023-07-06,2023-07-06 14:08:00,222.98,223.0,222.98,223.0,0.01,27.76,6189.14,1
2023-07-06,2023-07-06 14:09:00,223.0,223.02,223.0,223.02,0.01,27.76,6189.14,1
2023-07-06,2023-07-06 14:10:00,223.02,223.04,223.02,223.04,0.01,27.76,6189.14,1
2023-07-06,2023-07-06 14:11:00,223.04,223.06,223.04,223.06,0.01,27.76,6189.14,1
2023-07-06,2023-07-06 14:12:00,223.06,223.08,223.06,223.08,0.01,27.76,6189.14,1
2023-07-06,2023-07-06 14:13:00,223.08,223.1,223.08,223.1,0.01,27.76,6189.14,1
2023-07-06,2023-07-06 14:14:00,223.1,223.12,223.1,223.12,0.01,27.76,6189.14,1
2023-07-06,2023-07-06 14:15:00,223.12,223.14,223.12,223.14,0.01,27.76,6189.14,1
2023-07-06,2023-07-06 14:16:00,223.14,223.16,223.14,223.16,0.01,27.76,6189.14,1
2023-07-06,2023-07-06 14:17:00,223.16,223.18,223.16,223.18,0.01,27.76,6189.14,1
2023-07-06,2023-07-06 14:18:00,223.18,223.2,223.18,223.2,0.01,27.76,6189.14,1
2023-07-06,2023-07-06 14:19:00,223.2,223.22,223.2,223.22,0.01,27.76,6189.14,1
2023-07-06,2023-07-06 14:20:00,223.22,223.24,223.22,223.24,0.01,27.76,6189.14,1
2023-07-06,2023-07-06 14:21:00,223.24,223.26,223.24,223.26,0.01,27.76,6189.14,1
2023-07-06,2023-07-06 14:22:00,223.26,223.28,223.26,223.28,0.01,27.76,6189.14,1
2023-07-06,2023-07-06 14:23:00,223.28,223.3,223.28,223.3,0.01,27.76,6189.14,1
2023-07-06,2023-07-06 14:24:00,223.3,223.31,223.3,223.31,0.0,27.76,6189.14,1
2023-07-06,2023-07-06 14:25:00,223.31,223.33,223.31,223.33,0.01,27.76,6189.14,1
2023-07-06,2023-07-06 14:26:00,223.33,223.35,223.33,223.35,0.01,27.76,6189.14,1
2023-07-06,2023-07-06 14:27:00,223.35,223.37,223.35,223.37,0.01,27.76,6189.14,1
2023-07-06,2023-07-06 14:28:00,223.37,223.39,223.37,223.39,0.01,27.76,6189.14,1
2023-07-06,2023-07-06 14:29:00,223.39,223.41,223.39,223.41,0.01,27.76,6189.14,1
2023-07-06,2023-07-06 14:30:00,223.41,223.43,223.41,223.43,0.01,27.76,6189.14,1
2023-07-06,2023-07-06 14:31:00,223.43,223.45,223.43,223.45,0.01,27.76,6189.14,1
2023-07-06,2023-07-06 14:32:00,223.45,223.47,223.45,223.47,0.01,27.76,6189.14,1
2023-07-06,2023-07-06 14:33:00,223.47,223.49,223.47,223.49,0.01,27.76,6189.14,1
2023-07-06,2023-07-06 14:34:00,223.49,223.51,223.49,223.51,0.01,27.76,6189.14,1
2023-07-06,2023-07-06 14:35:00,223.51,223.53,223.51,223.53,0.01,27.76,6189.14,1
2023-07-06,2023-07-06 14:36:00,223.53,223.55,223.53,223.55,0.01,27.76,6189.14,1
2023-07-06,2023-07-06 14:37:00,223.55,223.57,223.55,223.57,0.01,27.76,6189.14,1
2023-07-06,2023-07-06 14:38:00,223.57,223.59,223.57,223.59,0.01,27.76,6189.14,1
2023-07-06,2023-07-06 14:39:00,223.59,223.61,223.59,223.61,0.01,27.76,6189.14,1
2023-07-06,2023-07-06 14:40:00,223.61,223.63,223.61,223.63,0.01,27.76,6189.14,1
2023-07-06,2023-07-06 14:41:00,223.63,223.65,223.63,223.65,0.01,27.76,6189.14,1
2023-07-06,2023-07-06 14:42:00,223.65,223.67,223.65,223.67,0.01,27.76,6189.14,1
2023-07-06,2023-07-06 14:43:00,223.67,223.69,223.67,223.69,0.01,27.76,6189.14,1
2023-07-06,2023-07-06 14:44:00,223.69,223.71,223.69,223.71,0.01,27.76,6189.14,1
2023-07-06,2023-07-06 14:45:00,223.71,223.73,223.71,223.73,0.01,27.76,6189.14,1
2023-07-06,2023-07-06 14:46:00,223.73,223.75,223.73,223.75,0.01,27.76,6189.14,1
2023-07-06,2023-07-06 14:47:00,223.75,223.76,223.75,223.76,0.0,27.76,6189.14,1
2023-07-06,2023-07-06 14:48:00,223.76,223.78,223.76,223.78,0.01,27.76,6189.14,1
2023-07-06,2023-07-06 14:49:00,223.78,223.8,223.78,223.8,0.01,27.76,6189.14,1
2023-07-06,2023-07-06 14:50:00,223.8,223.82,223.8,223.82,0.01,27.76,6189.14,1
2023-07-06,2023-07-06 14:51:00,223.82,223.84,223.82,223.84,0.01,27.76,6189.14,1
2023-07-06,2023-07-06 14:52:00,223.84,223.86,223.84,223.86,0.01,27.76,6189.14,1
2023-07-06,2023-07-06 14:53:00,223.86,223.88,223.86,223.88,0.01,27.76,6189.14,1
2023-07-06,2023-07-06 14:54:00,223.88,223.9,223.88,223.9,0.01,27.76,6189.14,1
2023-07-06,2023-07-06 14:55:00,223.9,223.92,223.9,223.92,0.01,27.76,6189.14,1
2023-07-06,2023-07-06 14:56:00,223.92,223.94,223.92,223.94,0.01,27.76,6189.14,1
2023-07-06,2023-07-06 14:57:00,223.94,223.96,223.94,223.96,0.01,27.76,6189.14,1
2023-07-06,2023-07-06 14:58:00,223.96,223.98,223.96,223.98,0.01,27.76,6189.14,1
2023-07-06,2023-07-06 14:59:00,223.98,224.0,223.98,224.0,0.01,27.76,6189.14,1
2023-07-06,2023-07-06 15:00:00,224.0,227.9,219.3,224.0,0.0,27.76,6189.14,0
2023-07-09,2023-07-09 11:00:00,224.0,229.01,222.2,224.02,0.01,27.73,6282.32,1
2023-07-09,2023-07-09 11:01:00,224.02,224.04,224.02,224.04,0.01,27.73,6282.32,1
2023-07-09,2023-07-09 11:02:00,224.04,224.06,224.04,224.06,0.01,27.73,6282.32,1
2023-07-09,2023-07-09 11:03:00,224.06,224.08,224.06,224.08,0.01,27.73,6282.32,1
2023-07-09,2023-07-09 11:04:00,224.08,224.1,224.08,224.1,0.01,27.73,6282.32,1
2023-07-09,2023-07-09 11:05:00,224.1,224.12,224.1,224.12,0.01,27.73,6282.32,1
2023-07-09,2023-07-09 11:06:00,224.12,224.15,224.12,224.15,0.01,27.73,6282.32,1
2023-07-09,2023-07-09 11:07:00,224.15,224.17,224.15,224.17,0.01,27.73,6282.32,1
2023-07-09,2023-07-09 11:08:00,224.17,224.19,224.17,224.19,0.01,27.73,6282.32,1
2023-07-09,2023-07-09 11:09:00,224.19,224.21,224.19,224.21,0.01,27.73,6282.32,1
2023-07-09,2023-07-09 11:10:00,224.21,224.23,224.21,224.23,0.01,27.73,6282.32,1
2023-07-09,2023-07-09 11:11:00,224.23,224.25,224.23,224.25,0.01,27.73,6282.32,1
2023-07-09,2023-07-09 11:12:00,224.25,224.27,224.25,224.27,0.01,27.73,6282.32,1
2023-07-09,2023-07-09 11:13:00,224.27,224.29,224.27,224.29,0.01,27.73,6282.32,1
2023-07-09,2023-07-09 11:14:00,224.29,224.31,224.29,224.31,0.01,27.73,6282.32,1
2023-07-09,2023-07-09 11:15:00,224.31,224.33,224.31,224.33,0.01,27.73,6282.32,1
2023-07-09,2023-07-09 11:16:00,224.33,224.35,224.33,224.35,0.01,27.73,6282.32,1
2023-07-09,2023-07-09 11:17:00,224.35,224.38,224.35,224.38,0.01,27.73,6282.32,1
2023-07-09,2023-07-09 11:18:00,224.38,224.4,224.38,224.4,0.01,27.73,6282.32,1
2023-07-09,2023-07-09 11:19:00,224.4,224.42,224.4,224.42,0.01,27.73,6282.32,1
2023-07-09,2023-07-09 11:20:00,224.42,224.44,224.42,224.44,0.01,27.73,6282.32,1
2023-07-09,2023-07-09 11:21:00,224.44,224.46,224.44,224.46,0.01,27.73,6282.32,1
2023-07-09,2023-07-09 11:22:00,224.46,224.48,224.46,224.48,0.01,27.73,6282.32,1
2023-07-09,2023-07-09 11:23:00,224.48,224.5,224.48,224.5,0.01,27.73,6282.32,1
2023-07-09,2023-07-09 11:24:00,224.5,224.52,224.5,224.52,0.01,27.73,6282.32,1
2023-07-09,2023-07-09 11:25:00,224.52,224.54,224.52,224.54,0.01,27.73,6282.32,1
2023-07-09,2023-07-09 11:26:00,224.54,224.56,224.54,224.56,0.01,27.73,6282.32,1
2023-07-09,2023-07-09 11:27:00,224.56,224.58,224.56,224.58,0.01,27.73,6282.32,1
2023-07-09,2023-07-09 11:28:00,224.58,224.6,224.58,224.6,0.01,27.73,6282.32,1
2023-07-09,2023-07-09 11:29:00,224.6,224.62,224.6,224.62,0.01,27.73,6282.32,1
2023-07-09,2023-07-09 11:30:00,224.62,224.65,224.62,224.65,0.01,27.73,6282.32,1
2023-07-09,2023-07-09 11:31:00,224.65,224.67,224.65,224.67,0.01,27.73,6282.32,1
2023-07-09,2023-07-09 11:32:00,224.67,224.69,224.67,224.69,0.01,27.73,6282.32,1
2023-07-09,2023-07-09 11:33:00,224.69,224.71,224.69,224.71,0.01,27.73,6282.32,1
2023-07-09,2023-07-09 11:34:00,224.71,224.73,224.71,224.73,0.01,27.73,6282.32,1
2023-07-09,2023-07-09 11:35:00,224.73,224.75,224.73,224.75,0.01,27.73,6282.32,1
2023-07-09,2023-07-09 11:36:00,224.75,224.77,224.75,224.77,0.01,27.73,6282.32,1
2023-07-09,2023-07-09 11:37:00,224.77,224.79,224.77,224.79,0.01,27.73,6282.32,1
2023-07-09,2023-07-09 11:38:00,224.79,224.81,224.79,224.81,0.01,27.73,6282.32,1
2023-07-09,2023-07-09 11:39:00,224.81,224.83,224.81,224.83,0.01,27.73,6282.32,1
2023-07-09,2023-07-09 11:40:00,224.83,224.85,224.83,224.85,0.01,27.73,6282.32,1
2023-07-09,2023-07-09 11:41:00,224.85,224.88,224.85,224.88,0.01,27.73,6282.32,1
2023-07-09,2023-07-09 11:42:00,224.88,224.9,224.88,224.9,0.01,27.73,6282.32,1
2023-07-09,2023-07-09 11:43:00,224.9,224.92,224.9,224.92,0.01,27.73,6282.32,1
2023-07-09,2023-07-09 11:44:00,224.92,224.94,224.92,224.94,0.01,27.73,6282.32,1
2023-07-09,2023-07-09 11:45:00,224.94,224.96,224.94,224.96,0.01,27.73,6282.32,1
2023-07-09,2023-07-09 11:46:00,224.96,224.98,224.96,224.98,0.01,27.73,6282.32,1
2023-07-09,2023-07-09 11:47:00,224.98,225.0,224.98,225.0,0.01,27.73,6282.32,1
2023-07-09,2023-07-09 11:48:00,225.0,225.02,225.0,225.02,0.01,27.73,6282.32,1
2023-07-09,2023-07-09 11:49:00,225.02,225.04,225.02,225.04,0.01,27.73,6282.32,1
2023-07-09,2023-07-09 11:50:00,225.04,225.06,225.04,225.06,0.01,27.73,6282.32,1
2023-07-09,2023-07-09 11:51:00,225.06,225.08,225.06,225.08,0.01,27.73,6282.32,1
2023-07-09,2023-07-09 11:52:00,225.08,225.1,225.08,225.1,0.01,27.73,6282.32,1
2023-07-09,2023-07-09 11:53:00,225.1,225.12,225.1,225.12,0.01,27.73,6282.32,1
2023-07-09,2023-07-09 11:54:00,225.12,225.15,225.12,225.15,0.01,27.73,6282.32,1
2023-07-09,2023-07-09 11:55:00,225.15,225.17,225.15,225.17,0.01,27.73,6282.32,1
2023-07-09,2023-07-09 11:56:00,225.17,225.19,225.17,225.19,0.01,27.73,6282.32,1
2023-07-09,2023-07-09 11:57:00,225.19,225.21,225.19,225.21,0.01,27.73,6282.32,1
2023-07-09,2023-07-09 11:58:00,225.21,225.23,225.21,225.23,0.01,27.73,6282.32,1
2023-07-09,2023-07-09 11:59:00,225.23,225.25,225.23,225.25,0.01,27.73,6282.32,1
2023-07-09,2023-07-09 12:00:00,225.25,225.27,225.25,225.27,0.01,27.73,6282.32,1
2023-07-09,2023-07-09 12:01:00,225.27,225.29,225.27,225.29,0.01,27.73,6282.32,1
2023-07-09,2023-07-09 12:02:00,225.29,225.31,225.29,225.31,0.01,27.73,6282.32,1
2023-07-09,2023-07-09 12:03:00,225.31,225.33,225.31,225.33,0.01,27.73,6282.32,1
2023-07-09,2023-07-09 12:04:00,225.33,225.35,225.33,225.35,0.01,27.73,6282.32,1
2023-07-09,2023-07-09 12:05:00,225.35,225.38,225.35,225.38,0.01,27.73,6282.32,1
2023-07-09,2023-07-09 12:06:00,225.38,225.4,225.38,225.4,0.01,27.73,6282.32,1
2023-07-09,2023-07-09 12:07:00,225.4,225.42,225.4,225.42,0.01,27.73,6282.32,1
2023-07-09,2023-07-09 12:08:00,225.42,225.44,225.42,225.44,0.01,27.73,6282.32,1
2023-07-09,2023-07-09 12:09:00,225.44,225.46,225.44,225.46,0.01,27.73,6282.32,1
2023-07-09,2023-07-09 12:10:00,225.46,225.48,225.46,225.48,0.01,27.73,6282.32,1
2023-07-09,2023-07-09 12:11:00,225.48,225.5,225.48,225.5,0.01,27.73,6282.32,1
2023-07-09,2023-07-09 12:12:00,225.5,225.52,225.5,225.52,0.01,27.73,6282.32,1
2023-07-09,2023-07-09 12:13:00,225.52,225.54,225.52,225.54,0.01,27.73,6282.32,1
2023-07-09,2023-07-09 12:14:00,225.54,225.56,225.54,225.56,0.01,27.73,6282.32,1
2023-07-09,2023-07-09 12:15:00,225.56,225.58,225.56,225.58,0.01,27.73,6282.32,1
2023-07-09,2023-07-09 12:16:00,225.58,225.6,225.58,225.6,0.01,27.73,6282.32,1
2023-07-09,2023-07-09 12:17:00,225.6,225.62,225.6,225.62,0.01,27.73,6282.32,1
2023-07-09,2023-07-09 12:18:00,225.62,225.65,225.62,225.65,0.01,27.73,6282.32,1
2023-07-09,2023-07-09 12:19:00,225.65,225.67,225.65,225.67,0.01,27.73,6282.32,1
2023-07-09,2023-07-09 12:20:00,225.67,225.69,225.67,225.69,0.01,27.73,6282.32,1
2023-07-09,2023-07-09 12:21:00,225.69,225.71,225.69,225.71,0.01,27.73,6282.32,1
2023-07-09,2023-07-09 12:22:00,225.71,225.73,225.71,225.73,0.01,27.73,6282.32,1
2023-07-09,2023-07-09 12:23:00,225.73,225.75,225.73,225.75,0.01,27.73,6282.32,1
2023-07-09,2023-07-09 12:24:00,225.75,225.77,225.75,225.77,0.01,27.73,6282.32,1
2023-07-09,2023-07-09 12:25:00,225.77,225.79,225.77,225.79,0.01,27.73,6282.32,1
2023-07-09,2023-07-09 12:26:00,225.79,225.81,225.79,225.81,0.01,27.73,6282.32,1
2023-07-09,2023-07-09 12:27:00,225.81,225.83,225.81,225.83,0.01,27.73,6282.32,1
2023-07-09,2023-07-09 12:28:00,225.83,225.85,225.83,225.85,0.01,27.73,6282.32,1
2023-07-09,2023-07-09 12:29:00,225.85,225.88,225.85,225.88,0.01,27.73,6282.32,1
2023-07-09,2023-07-09 12:30:00,225.88,225.9,225.88,225.9,0.01,27.73,6282.32,1
2023-07-09,2023-07-09 12:31:00,225.9,225.92,225.9,225.92,0.01,27.73,6282.32,1
2023-07-09,2023-07-09 12:32:00,225.92,225.94,225.92,225.94,0.01,27.73,6282.32,1
2023-07-09,2023-07-09 12:33:00,225.94,225.96,225.94,225.96,0.01,27.73,6282.32,1
2023-07-09,2023-07-09 12:34:00,225.96,225.98,225.96,225.98,0.01,27.73,6282.32,1
2023-07-09,2023-07-09 12:35:00,225.98,226.0,225.98,226.0,0.01,27.73,6282.32,1
2023-07-09,2023-07-09 12:36:00,226.0,226.02,226.0,226.02,0.01,27.73,6282.32,1
2023-07-09,2023-07-09 12:37:00,226.02,226.04,226.02,226.04,0.01,27.73,6282.32,1
2023-07-09,2023-07-09 12:38:00,226.04,226.06,226.04,226.06,0.01,27.73,6282.32,1
2023-07-09,2023-07-09 12:39:00,226.06,226.08,226.06,226.08,0.01,27.73,6282.32,1
2023-07-09,2023-07-09 12:40:00,226.08,226.1,226.08,226.1,0.01,27.73,6282.32,1
2023-07-09,2023-07-09 12:41:00,226.1,226.12,226.1,226.12,0.01,27.73,6282.32,1
2023-07-09,2023-07-09 12:42:00,226.12,226.15,226.12,226.15,0.01,27.73,6282.32,1
2023-07-09,2023-07-09 12:43:00,226.15,226.17,226.15,226.17,0.01,27.73,6282.32,1
2023-07-09,2023-07-09 12:44:00,226.17,226.19,226.17,226.19,0.01,27.73,6282.32,1
2023-07-09,2023-07-09 12:45:00,226.19,226.21,226.19,226.21,0.01,27.73,6282.32,1
2023-07-09,2023-07-09 12:46:00,226.21,226.23,226.21,226.23,0.01,27.73,6282.32,1
2023-07-09,2023-07-09 12:47:00,226.23,226.25,226.23,226.25,0.01,27.73,6282.32,1
2023-07-09,2023-07-09 12:48:00,226.25,226.27,226.25,226.27,0.01,27.73,6282.32,1
2023-07-09,2023-07-09 12:49:00,226.27,226.29,226.27,226.29,0.01,27.73,6282.32,1
2023-07-09,2023-07-09 12:50:00,226.29,226.31,226.29,226.31,0.01,27.73,6282.32,1
2023-07-09,2023-07-09 12:51:00,226.31,226.33,226.31,226.33,0.01,27.73,6282.32,1
2023-07-09,2023-07-09 12:52:00,226.33,226.35,226.33,226.35,0.01,27.73,6282.32,1
2023-07-09,2023-07-09 12:53:00,226.35,226.38,226.35,226.38,0.01,27.73,6282.32,1
2023-07-09,2023-07-09 12:54:00,226.38,226.4,226.38,226.4,0.01,27.73,6282.32,1
2023-07-09,2023-07-09 12:55:00,226.4,226.42,226.4,226.42,0.01,27.73,6282.32,1
2023-07-09,2023-07-09 12:56:00,226.42,226.44,226.42,226.44,0.01,27.73,6282.32,1
2023-07-09,2023-07-09 12:57:00,226.44,226.46,226.44,226.46,0.01,27.73,6282.32,1
2023-07-09,2023-07-09 12:58:00,226.46,226.48,226.46,226.48,0.01,27.73,6282.32,1
2023-07-09,2023-07-09 12:59:00,226.48,226.5,226.48,226.5,0.01,27.73,6282.32,1
2023-07-09,2023-07-09 13:00:00,226.5,240.7,218.0,226.52,0.01,27.73,6282.32,1
2023-07-09,2023-07-09 13:01:00,226.52,226.54,226.52,226.54,0.01,27.73,6282.32,1
2023-07-09,2023-07-09 13:02:00,226.54,226.56,226.54,226.56,0.01,27.73,6282.32,1
2023-07-09,2023-07-09 13:03:00,226.56,226.58,226.56,226.58,0.01,27.73,6282.32,1
2023-07-09,2023-07-09 13:04:00,226.58,226.6,226.58,226.6,0.01,27.73,6282.32,1
2023-07-09,2023-07-09 13:05:00,226.6,226.62,226.6,226.62,0.01,27.73,6282.32,1
2023-07-09,2023-07-09 13:06:00,226.62,226.65,226.62,226.65,0.01,27.73,6282.32,1
2023-07-09,2023-07-09 13:07:00,226.65,226.67,226.65,226.67,0.01,27.73,6282.32,1
2023-07-09,2023-07-09 13:08:00,226.67,226.69,226.67,226.69,0.01,27.73,6282.32,1
2023-07-09,2023-07-09 13:09:00,226.69,226.71,226.69,226.71,0.01,27.73,6282.32,1
2023-07-09,2023-07-09 13:10:00,226.71,226.73,226.71,226.73,0.01,27.73,6282.32,1
2023-07-09,2023-07-09 13:11:00,226.73,226.75,226.73,226.75,0.01,27.73,6282.32,1
2023-07-09,2023-07-09 13:12:00,226.75,226.77,226.75,226.77,0.01,27.73,6282.32,1
2023-07-09,2023-07-09 13:13:00,226.77,226.79,226.77,226.79,0.01,27.73,6282.32,1
2023-07-09,2023-07-09 13:14:00,226.79,226.81,226.79,226.81,0.01,27.73,6282.32,1
2023-07-09,2023-07-09 13:15:00,226.81,226.83,226.81,226.83,0.01,27.73,6282.32,1
2023-07-09,2023-07-09 13:16:00,226.83,226.85,226.83,226.85,0.01,27.73,6282.32,1
2023-07-09,2023-07-09 13:17:00,226.85,226.88,226.85,226.88,0.01,27.73,6282.32,1
2023-07-09,2023-07-09 13:18:00,226.88,226.9,226.88,226.9,0.01,27.73,6282.32,1
2023-07-09,2023-07-09 13:19:00,226.9,226.92,226.9,226.92,0.01,27.73,6282.32,1
2023-07-09,2023-07-09 13:20:00,226.92,226.94,226.92,226.94,0.01,27.73,6282.32,1
2023-07-09,2023-07-09 13:21:00,226.94,226.96,226.94,226.96,0.01,27.73,6282.32,1
2023-07-09,2023-07-09 13:22:00,226.96,226.98,226.96,226.98,0.01,27.73,6282.32,1
2023-07-09,2023-07-09 13:23:00,226.98,227.0,226.98,227.0,0.01,27.73,6282.32,1
2023-07-09,2023-07-09 13:24:00,227.0,227.02,227.0,227.02,0.01,27.73,6282.32,1
2023-07-09,2023-07-09 13:25:00,227.02,227.04,227.02,227.04,0.01,27.73,6282.32,1
2023-07-09,2023-07-09 13:26:00,227.04,227.06,227.04,227.06,0.01,27.73,6282.32,1
2023-07-09,2023-07-09 13:27:00,227.06,227.08,227.06,227.08,0.01,27.73,6282.32,1
2023-07-09,2023-07-09 13:28:00,227.08,227.1,227.08,227.1,0.01,27.73,6282.32,1
2023-07-09,2023-07-09 13:29:00,227.1,227.12,227.1,227.12,0.01,27.73,6282.32,1
2023-07-09,2023-07-09 13:30:00,227.12,227.15,227.12,227.15,0.01,27.73,6282.32,1
2023-07-09,2023-07-09 13:31:00,227.15,227.17,227.15,227.17,0.01,27.73,6282.32,1
2023-07-09,2023-07-09 13:32:00,227.17,227.19,227.17,227.19,0.01,27.73,6282.32,1
2023-07-09,2023-07-09 13:33:00,227.19,227.21,227.19,227.21,0.01,27.73,6282.32,1
2023-07-09,2023-07-09 13:34:00,227.21,227.23,227.21,227.23,0.01,27.73,6282.32,1
2023-07-09,2023-07-09 13:35:00,227.23,227.25,227.23,227.25,0.01,27.73,6282.32,1
2023-07-09,2023-07-09 13:36:00,227.25,227.27,227.25,227.27,0.01,27.73,6282.32,1
2023-07-09,2023-07-09 13:37:00,227.27,227.29,227.27,227.29,0.01,27.73,6282.32,1
2023-07-09,2023-07-09 13:38:00,227.29,227.31,227.29,227.31,0.01,27.73,6282.32,1
2023-07-09,2023-07-09 13:39:00,227.31,227.33,227.31,227.33,0.01,27.73,6282.32,1
2023-07-09,2023-07-09 13:40:00,227.33,227.35,227.33,227.35,0.01,27.73,6282.32,1
2023-07-09,2023-07-09 13:41:00,227.35,227.38,227.35,227.38,0.01,27.73,6282.32,1
2023-07-09,2023-07-09 13:42:00,227.38,227.4,227.38,227.4,0.01,27.73,6282.32,1
2023-07-09,2023-07-09 13:43:00,227.4,227.42,227.4,227.42,0.01,27.73,6282.32,1
2023-07-09,2023-07-09 13:44:00,227.42,227.44,227.42,227.44,0.01,27.73,6282.32,1
2023-07-09,2023-07-09 13:45:00,227.44,227.46,227.44,227.46,0.01,27.73,6282.32,1
2023-07-09,2023-07-09 13:46:00,227.46,227.48,227.46,227.48,0.01,27.73,6282.32,1
2023-07-09,2023-07-09 13:47:00,227.48,227.5,227.48,227.5,0.01,27.73,6282.32,1
2023-07-09,2023-07-09 13:48:00,227.5,227.52,227.5,227.52,0.01,27.73,6282.32,1
2023-07-09,2023-07-09 13:49:00,227.52,227.54,227.52,227.54,0.01,27.73,6282.32,1
2023-07-09,2023-07-09 13:50:00,227.54,227.56,227.54,227.56,0.01,27.73,6282.32,1
2023-07-09,2023-07-09 13:51:00,227.56,227.58,227.56,227.58,0.01,27.73,6282.32,1
2023-07-09,2023-07-09 13:52:00,227.58,227.6,227.58,227.6,0.01,27.73,6282.32,1
2023-07-09,2023-07-09 13:53:00,227.6,227.62,227.6,227.62,0.01,27.73,6282.32,1
2023-07-09,2023-07-09 13:54:00,227.62,227.65,227.62,227.65,0.01,27.73,6282.32,1
2023-07-09,2023-07-09 13:55:00,227.65,227.67,227.65,227.67,0.01,27.73,6282.32,1
2023-07-09,2023-07-09 13:56:00,227.67,227.69,227.67,227.69,0.01,27.73,6282.32,1
2023-07-09,2023-07-09 13:57:00,227.69,227.71,227.69,227.71,0.01,27.73,6282.32,1
2023-07-09,2023-07-09 13:58:00,227.71,227.73,227.71,227.73,0.01,27.73,6282.32,1
2023-07-09,2023-07-09 13:59:00,227.73,227.75,227.73,227.75,0.01,27.73,6282.32,1
2023-07-09,2023-07-09 14:00:00,227.75,227.77,227.75,227.77,0.01,27.73,6282.32,1
2023-07-09,2023-07-09 14:01:00,227.77,227.79,227.77,227.79,0.01,27.73,6282.32,1
2023-07-09,2023-07-09 14:02:00,227.79,227.81,227.79,227.81,0.01,27.73,6282.32,1
2023-07-09,2023-07-09 14:03:00,227.81,227.83,227.81,227.83,0.01,27.73,6282.32,1
2023-07-09,2023-07-09 14:04:00,227.83,227.85,227.83,227.85,0.01,27.73,6282.32,1
2023-07-09,2023-07-09 14:05:00,227.85,227.88,227.85,227.88,0.01,27.73,6282.32,1
2023-07-09,2023-07-09 14:06:00,227.88,227.9,227.88,227.9,0.01,27.73,6282.32,1
2023-07-09,2023-07-09 14:07:00,227.9,227.92,227.9,227.92,0.01,27.73,6282.32,1
2023-07-09,2023-07-09 14:08:00,227.92,227.94,227.92,227.94,0.01,27.73,6282.32,1
2023-07-09,2023-07-09 14:09:00,227.94,227.96,227.94,227.96,0.01,27.73,6282.32,1
2023-07-09,2023-07-09 14:10:00,227.96,227.98,227.96,227.98,0.01,27.73,6282.32,1
2023-07-09,2023-07-09 14:11:00,227.98,228.0,227.98,228.0,0.01,27.73,6282.32,1
2023-07-09,2023-07-09 14:12:00,228.0,228.02,228.0,228.02,0.01,27.73,6282.32,1
2023-07-09,2023-07-09 14:13:00,228.02,228.04,228.02,228.04,0.01,27.73,6282.32,1
2023-07-09,2023-07-09 14:14:00,228.04,228.06,228.04,228.06,0.01,27.73,6282.32,1
2023-07-09,2023-07-09 14:15:00,228.06,228.08,228.06,228.08,0.01,27.73,6282.32,1
2023-07-09,2023-07-09 14:16:00,228.08,228.1,228.08,228.1,0.01,27.73,6282.32,1
2023-07-09,2023-07-09 14:17:00,228.1,228.12,228.1,228.12,0.01,27.73,6282.32,1
2023-07-09,2023-07-09 14:18:00,228.12,228.15,228.12,228.15,0.01,27.73,6282.32,1
2023-07-09,2023-07-09 14:19:00,228.15,228.17,228.15,228.17,0.01,27.73,6282.32,1
2023-07-09,2023-07-09 14:20:00,228.17,228.19,228.17,228.19,0.01,27.73,6282.32,1
2023-07-09,2023-07-09 14:21:00,228.19,228.21,228.19,228.21,0.01,27.73,6282.32,1
2023-07-09,2023-07-09 14:22:00,228.21,228.23,228.21,228.23,0.01,27.73,6282.32,1
2023-07-09,2023-07-09 14:23:00,228.23,228.25,228.23,228.25,0.01,27.73,6282.32,1
2023-07-09,2023-07-09 14:24:00,228.25,228.27,228.25,228.27,0.01,27.73,6282.32,1
2023-07-09,2023-07-09 14:25:00,228.27,228.29,228.27,228.29,0.01,27.73,6282.32,1
2023-07-09,2023-07-09 14:26:00,228.29,228.31,228.29,228.31,0.01,27.73,6282.32,1
2023-07-09,2023-07-09 14:27:00,228.31,228.33,228.31,228.33,0.01,27.73,6282.32,1
2023-07-09,2023-07-09 14:28:00,228.33,228.35,228.33,228.35,0.01,27.73,6282.32,1
2023-07-09,2023-07-09 14:29:00,228.35,228.38,228.35,228.38,0.01,27.73,6282.32,1
2023-07-09,2023-07-09 14:30:00,228.38,228.4,228.38,228.4,0.01,27.73,6282.32,1
2023-07-09,2023-07-09 14:31:00,228.4,228.42,228.4,228.42,0.01,27.73,6282.32,1
2023-07-09,2023-07-09 14:32:00,228.42,228.44,228.42,228.44,0.01,27.73,6282.32,1
2023-07-09,2023-07-09 14:33:00,228.44,228.46,228.44,228.46,0.01,27.73,6282.32,1
2023-07-09,2023-07-09 14:34:00,228.46,228.48,228.46,228.48,0.01,27.73,6282.32,1
2023-07-09,2023-07-09 14:35:00,228.48,228.5,228.48,228.5,0.01,27.73,6282.32,1
2023-07-09,2023-07-09 14:36:00,228.5,228.52,228.5,228.52,0.01,27.73,6282.32,1
2023-07-09,2023-07-09 14:37:00,228.52,228.54,228.52,228.54,0.01,27.73,6282.32,1
2023-07-09,2023-07-09 14:38:00,228.54,228.56,228.54,228.56,0.01,27.73,6282.32,1
2023-07-09,2023-07-09 14:39:00,228.56,228.58,228.56,228.58,0.01,27.73,6282.32,1
2023-07-09,2023-07-09 14:40:00,228.58,228.6,228.58,228.6,0.01,27.73,6282.32,1
2023-07-09,2023-07-09 14:41:00,228.6,228.62,228.6,228.62,0.01,27.73,6282.32,1
2023-07-09,2023-07-09 14:42:00,228.62,228.65,228.62,228.65,0.01,27.73,6282.32,1
2023-07-09,2023-07-09 14:43:00,228.65,228.67,228.65,228.67,0.01,27.73,6282.32,1
2023-07-09,2023-07-09 14:44:00,228.67,228.69,228.67,228.69,0.01,27.73,6282.32,1
2023-07-09,2023-07-09 14:45:00,228.69,228.71,228.69,228.71,0.01,27.73,6282.32,1
2023-07-09,2023-07-09 14:46:00,228.71,228.73,228.71,228.73,0.01,27.73,6282.32,1
2023-07-09,2023-07-09 14:47:00,228.73,228.75,228.73,228.75,0.01,27.73,6282.32,1
2023-07-09,2023-07-09 14:48:00,228.75,228.77,228.75,228.77,0.01,27.73,6282.32,1
2023-07-09,2023-07-09 14:49:00,228.77,228.79,228.77,228.79,0.01,27.73,6282.32,1
2023-07-09,2023-07-09 14:50:00,228.79,228.81,228.79,228.81,0.01,27.73,6282.32,1
2023-07-09,2023-07-09 14:51:00,228.81,228.83,228.81,228.83,0.01,27.73,6282.32,1
2023-07-09,2023-07-09 14:52:00,228.83,228.85,228.83,228.85,0.01,27.73,6282.32,1
2023-07-09,2023-07-09 14:53:00,228.85,228.88,228.85,228.88,0.01,27.73,6282.32,1
2023-07-09,2023-07-09 14:54:00,228.88,228.9,228.88,228.9,0.01,27.73,6282.32,1
2023-07-09,2023-07-09 14:55:00,228.9,228.92,228.9,228.92,0.01,27.73,6282.32,1
2023-07-09,2023-07-09 14:56:00,228.92,228.94,228.92,228.94,0.01,27.73,6282.32,1
2023-07-09,2023-07-09 14:57:00,228.94,228.96,228.94,228.96,0.01,27.73,6282.32,1
2023-07-09,2023-07-09 14:58:00,228.96,228.98,228.96,228.98,0.01,27.73,6282.32,1
2023-07-09,2023-07-09 14:59:00,228.98,229.0,228.98,229.0,0.01,27.73,6282.32,1
2023-07-09,2023-07-09 15:00:00,229.0,240.7,218.0,229.0,0.0,27.73,6282.32,0
2023-07-10,2023-07-10 11:00:00,227.0,229.28,225.53,227.0,0.0,31.51,7174.11,0
2023-07-10,2023-07-10 11:01:00,227.0,227.0,227.0,227.0,0.0,31.51,7174.11,0
2023-07-10,2023-07-10 11:02:00,227.0,227.0,227.0,227.0,0.0,31.51,7174.11,0
2023-07-10,2023-07-10 11:03:00,227.0,227.01,227.0,227.01,0.0,31.51,7174.11,1
2023-07-10,2023-07-10 11:04:00,227.01,227.01,227.01,227.01,0.0,31.51,7174.11,0
2023-07-10,2023-07-10 11:05:00,227.01,227.01,227.01,227.01,0.0,31.51,7174.11,0
2023-07-10,2023-07-10 11:06:00,227.01,227.01,227.01,227.01,0.0,31.51,7174.11,0
2023-07-10,2023-07-10 11:07:00,227.01,227.01,227.01,227.01,0.0,31.51,7174.11,0
2023-07-10,2023-07-10 11:08:00,227.01,227.01,227.01,227.01,0.0,31.51,7174.11,0
2023-07-10,2023-07-10 11:09:00,227.01,227.02,227.01,227.02,0.0,31.51,7174.11,1
2023-07-10,2023-07-10 11:10:00,227.02,227.02,227.02,227.02,0.0,31.51,7174.11,0
2023-07-10,2023-07-10 11:11:00,227.02,227.02,227.02,227.02,0.0,31.51,7174.11,0
2023-07-10,2023-07-10 11:12:00,227.02,227.02,227.02,227.02,0.0,31.51,7174.11,0
2023-07-10,2023-07-10 11:13:00,227.02,227.02,227.02,227.02,0.0,31.51,7174.11,0
2023-07-10,2023-07-10 11:14:00,227.02,227.03,227.02,227.03,0.0,31.51,7174.11,1
2023-07-10,2023-07-10 11:15:00,227.03,227.03,227.03,227.03,0.0,31.51,7174.11,0
2023-07-10,2023-07-10 11:16:00,227.03,227.03,227.03,227.03,0.0,31.51,7174.11,0
2023-07-10,2023-07-10 11:17:00,227.03,227.03,227.03,227.03,0.0,31.51,7174.11,0
2023-07-10,2023-07-10 11:18:00,227.03,227.03,227.03,227.03,0.0,31.51,7174.11,0
2023-07-10,2023-07-10 11:19:00,227.03,227.03,227.03,227.03,0.0,31.51,7174.11,0
2023-07-10,2023-07-10 11:20:00,227.03,227.03,227.03,227.03,0.0,31.51,7174.11,0
2023-07-10,2023-07-10 11:21:00,227.03,227.04,227.03,227.04,0.0,31.51,7174.11,1
2023-07-10,2023-07-10 11:22:00,227.04,227.04,227.04,227.04,0.0,31.51,7174.11,0
2023-07-10,2023-07-10 11:23:00,227.04,227.04,227.04,227.04,0.0,31.51,7174.11,0
2023-07-10,2023-07-10 11:24:00,227.04,227.04,227.04,227.04,0.0,31.51,7174.11,0
2023-07-10,2023-07-10 11:25:00,227.04,227.04,227.04,227.04,0.0,31.51,7174.11,0
2023-07-10,2023-07-10 11:26:00,227.04,227.04,227.04,227.04,0.0,31.51,7174.11,0
2023-07-10,2023-07-10 11:27:00,227.04,227.05,227.04,227.05,0.0,31.51,7174.11,1
2023-07-10,2023-07-10 11:28:00,227.05,227.05,227.05,227.05,0.0,31.51,7174.11,0
2023-07-10,2023-07-10 11:29:00,227.05,227.05,227.05,227.05,0.0,31.51,7174.11,0
2023-07-10,2023-07-10 11:30:00,227.05,227.05,227.05,227.05,0.0,31.51,7174.11,0
2023-07-10,2023-07-10 11:31:00,227.05,227.05,227.05,227.05,0.0,31.51,7174.11,0
2023-07-10,2023-07-10 11:32:00,227.05,227.06,227.05,227.06,0.0,31.51,7174.11,1
2023-07-10,2023-07-10 11:33:00,227.06,227.06,227.06,227.06,0.0,31.51,7174.11,0
2023-07-10,2023-07-10 11:34:00,227.06,227.06,227.06,227.06,0.0,31.51,7174.11,0
2023-07-10,2023-07-10 11:35:00,227.06,227.06,227.06,227.06,0.0,31.51,7174.11,0
2023-07-10,2023-07-10 11:36:00,227.06,227.06,227.06,227.06,0.0,31.51,7174.11,0
2023-07-10,2023-07-10 11:37:00,227.06,227.06,227.06,227.06,0.0,31.51,7174.11,0
2023-07-10,2023-07-10 11:38:00,227.06,227.06,227.06,227.06,0.0,31.51,7174.11,0
2023-07-10,2023-07-10 11:39:00,227.06,227.07,227.06,227.07,0.0,31.51,7174.11,1
2023-07-10,2023-07-10 11:40:00,227.07,227.07,227.07,227.07,0.0,31.51,7174.11,0
2023-07-10,2023-07-10 11:41:00,227.07,227.07,227.07,227.07,0.0,31.51,7174.11,0
2023-07-10,2023-07-10 11:42:00,227.07,227.07,227.07,227.07,0.0,31.51,7174.11,0
2023-07-10,2023-07-10 11:43:00,227.07,227.07,227.07,227.07,0.0,31.51,7174.11,0
2023-07-10,2023-07-10 11:44:00,227.07,227.07,227.07,227.07,0.0,31.51,7174.11,0
2023-07-10,2023-07-10 11:45:00,227.07,227.08,227.07,227.08,0.0,31.51,7174.11,1
2023-07-10,2023-07-10 11:46:00,227.08,227.08,227.08,227.08,0.0,31.51,7174.11,0
2023-07-10,2023-07-10 11:47:00,227.08,227.08,227.08,227.08,0.0,31.51,7174.11,0
2023-07-10,2023-07-10 11:48:00,227.08,227.08,227.08,227.08,0.0,31.51,7174.11,0
2023-07-10,2023-07-10 11:49:00,227.08,227.08,227.08,227.08,0.0,31.51,7174.11,0
2023-07-10,2023-07-10 11:50:00,227.08,227.09,227.08,227.09,0.0,31.51,7174.11,1
2023-07-10,2023-07-10 11:51:00,227.09,227.09,227.09,227.09,0.0,31.51,7174.11,0
2023-07-10,2023-07-10 11:52:00,227.09,227.09,227.09,227.09,0.0,31.51,7174.11,0
2023-07-10,2023-07-10 11:53:00,227.09,227.09,227.09,227.09,0.0,31.51,7174.11,0
2023-07-10,2023-07-10 11:54:00,227.09,227.09,227.09,227.09,0.0,31.51,7174.11,0
2023-07-10,2023-07-10 11:55:00,227.09,227.09,227.09,227.09,0.0,31.51,7174.11,0
2023-07-10,2023-07-10 11:56:00,227.09,227.09,227.09,227.09,0.0,31.51,7174.11,0
2023-07-10,2023-07-10 11:57:00,227.09,227.1,227.09,227.1,0.0,31.51,7174.11,1
2023-07-10,2023-07-10 11:58:00,227.1,227.1,227.1,227.1,0.0,31.51,7174.11,0
2023-07-10,2023-07-10 11:59:00,227.1,227.1,227.1,227.1,0.0,31.51,7174.11,0
2023-07-10,2023-07-10 12:00:00,227.1,227.1,227.1,227.1,0.0,31.51,7174.11,0
2023-07-10,2023-07-10 12:01:00,227.1,227.1,227.1,227.1,0.0,31.51,7174.11,0
2023-07-10,2023-07-10 12:02:00,227.1,227.1,227.1,227.1,0.0,31.51,7174.11,0
2023-07-10,2023-07-10 12:03:00,227.1,227.11,227.1,227.11,0.0,31.51,7174.11,1
2023-07-10,2023-07-10 12:04:00,227.11,227.11,227.11,227.11,0.0,31.51,7174.11,0
2023-07-10,2023-07-10 12:05:00,227.11,227.11,227.11,227.11,0.0,31.51,7174.11,0
2023-07-10,2023-07-10 12:06:00,227.11,227.11,227.11,227.11,0.0,31.51,7174.11,0
2023-07-10,2023-07-10 12:07:00,227.11,227.11,227.11,227.11,0.0,31.51,7174.11,0
2023-07-10,2023-07-10 12:08:00,227.11,227.12,227.11,227.12,0.0,31.51,7174.11,1
2023-07-10,2023-07-10 12:09:00,227.12,227.12,227.12,227.12,0.0,31.51,7174.11,0
2023-07-10,2023-07-10 12:10:00,227.12,227.12,227.12,227.12,0.0,31.51,7174.11,0
2023-07-10,2023-07-10 12:11:00,227.12,227.12,227.12,227.12,0.0,31.51,7174.11,0
2023-07-10,2023-07-10 12:12:00,227.12,227.12,227.12,227.12,0.0,31.51,7174.11,0
2023-07-10,2023-07-10 12:13:00,227.12,227.12,227.12,227.12,0.0,31.51,7174.11,0
2023-07-10,2023-07-10 12:14:00,227.12,227.12,227.12,227.12,0.0,31.51,7174.11,0
2023-07-10,2023-07-10 12:15:00,227.12,227.13,227.12,227.13,0.0,31.51,7174.11,1
2023-07-10,2023-07-10 12:16:00,227.13,227.13,227.13,227.13,0.0,31.51,7174.11,0
2023-07-10,2023-07-10 12:17:00,227.13,227.13,227.13,227.13,0.0,31.51,7174.11,0
2023-07-10,2023-07-10 12:18:00,227.13,227.13,227.13,227.13,0.0,31.51,7174.11,0
2023-07-10,2023-07-10 12:19:00,227.13,227.13,227.13,227.13,0.0,31.51,7174.11,0
2023-07-10,2023-07-10 12:20:00,227.13,227.13,227.13,227.13,0.0,31.51,7174.11,0
2023-07-10,2023-07-10 12:21:00,227.13,227.14,227.13,227.14,0.0,31.51,7174.11,1
2023-07-10,2023-07-10 12:22:00,227.14,227.14,227.14,227.14,0.0,31.51,7174.11,0
2023-07-10,2023-07-10 12:23:00,227.14,227.14,227.14,227.14,0.0,31.51,7174.11,0
2023-07-10,2023-07-10 12:24:00,227.14,227.14,227.14,227.14,0.0,31.51,7174.11,0
2023-07-10,2023-07-10 12:25:00,227.14,227.14,227.14,227.14,0.0,31.51,7174.11,0
2023-07-10,2023-07-10 12:26:00,227.14,227.15,227.14,227.15,0.0,31.51,7174.11,1
2023-07-10,2023-07-10 12:27:00,227.15,227.15,227.15,227.15,0.0,31.51,7174.11,0
2023-07-10,2023-07-10 12:28:00,227.15,227.15,227.15,227.15,0.0,31.51,7174.11,0
2023-07-10,2023-07-10 12:29:00,227.15,227.15,227.15,227.15,0.0,31.51,7174.11,0
2023-07-10,2023-07-10 12:30:00,227.15,227.15,227.15,227.15,0.0,31.51,7174.11,0
2023-07-10,2023-07-10 12:31:00,227.15,227.15,227.15,227.15,0.0,31.51,7174.11,0
2023-07-10,2023-07-10 12:32:00,227.15,227.16,227.15,227.16,0.0,31.51,7174.11,1
2023-07-10,2023-07-10 12:33:00,227.16,227.16,227.16,227.16,0.0,31.51,7174.11,0
2023-07-10,2023-07-10 12:34:00,227.16,227.16,227.16,227.16,0.0,31.51,7174.11,0
2023-07-10,2023-07-10 12:35:00,227.16,227.16,227.16,227.16,0.0,31.51,7174.11,0
2023-07-10,2023-07-10 12:36:00,227.16,227.16,227.16,227.16,0.0,31.51,7174.11,0
2023-07-10,2023-07-10 12:37:00,227.16,227.16,227.16,227.16,0.0,31.51,7174.11,0
2023-07-10,2023-07-10 12:38:00,227.16,227.16,227.16,227.16,0.0,31.51,7174.11,0
2023-07-10,2023-07-10 12:39:00,227.16,227.17,227.16,227.17,0.0,31.51,7174.11,1
2023-07-10,2023-07-10 12:40:00,227.17,227.17,227.17,227.17,0.0,31.51,7174.11,0
2023-07-10,2023-07-10 12:41:00,227.17,227.17,227.17,227.17,0.0,31.51,7174.11,0
2023-07-10,2023-07-10 12:42:00,227.17,227.17,227.17,227.17,0.0,31.51,7174.11,0
2023-07-10,2023-07-10 12:43:00,227.17,227.17,227.17,227.17,0.0,31.51,7174.11,0
2023-07-10,2023-07-10 12:44:00,227.17,227.18,227.17,227.18,0.0,31.51,7174.11,1
2023-07-10,2023-07-10 12:45:00,227.18,227.18,227.18,227.18,0.0,31.51,7174.11,0
2023-07-10,2023-07-10 12:46:00,227.18,227.18,227.18,227.18,0.0,31.51,7174.11,0
2023-07-10,2023-07-10 12:47:00,227.18,227.18,227.18,227.18,0.0,31.51,7174.11,0
2023-07-10,2023-07-10 12:48:00,227.18,227.18,227.18,227.18,0.0,31.51,7174.11,0
2023-07-10,2023-07-10 12:49:00,227.18,227.18,227.18,227.18,0.0,31.51,7174.11,0
2023-07-10,2023-07-10 12:50:00,227.18,227.19,227.18,227.19,0.0,31.51,7174.11,1
2023-07-10,2023-07-10 12:51:00,227.19,227.19,227.19,227.19,0.0,31.51,7174.11,0
2023-07-10,2023-07-10 12:52:00,227.19,227.19,227.19,227.19,0.0,31.51,7174.11,0
2023-07-10,2023-07-10 12:53:00,227.19,227.19,227.19,227.19,0.0,31.51,7174.11,0
2023-07-10,2023-07-10 12:54:00,227.19,227.19,227.19,227.19,0.0,31.51,7174.11,0
2023-07-10,2023-07-10 12:55:00,227.19,227.19,227.19,227.19,0.0,31.51,7174.11,0
2023-07-10,2023-07-10 12:56:00,227.19,227.19,227.19,227.19,0.0,31.51,7174.11,0
2023-07-10,2023-07-10 12:57:00,227.19,227.2,227.19,227.2,0.0,31.51,7174.11,1
2023-07-10,2023-07-10 12:58:00,227.2,227.2,227.2,227.2,0.0,31.51,7174.11,0
2023-07-10,2023-07-10 12:59:00,227.2,227.2,227.2,227.2,0.0,31.51,7174.11,0
2023-07-10,2023-07-10 13:00:00,227.2,234.6,222.1,227.2,0.0,31.51,7174.11,0
2023-07-10,2023-07-10 13:01:00,227.2,227.2,227.2,227.2,0.0,31.51,7174.11,0
2023-07-10,2023-07-10 13:02:00,227.2,227.21,227.2,227.21,0.0,31.51,7174.11,1
2023-07-10,2023-07-10 13:03:00,227.21,227.21,227.21,227.21,0.0,31.51,7174.11,0
2023-07-10,2023-07-10 13:04:00,227.21,227.21,227.21,227.21,0.0,31.51,7174.11,0
2023-07-10,2023-07-10 13:05:00,227.21,227.21,227.21,227.21,0.0,31.51,7174.11,0
2023-07-10,2023-07-10 13:06:00,227.21,227.21,227.21,227.21,0.0,31.51,7174.11,0
2023-07-10,2023-07-10 13:07:00,227.21,227.21,227.21,227.21,0.0,31.51,7174.11,0
2023-07-10,2023-07-10 13:08:00,227.21,227.22,227.21,227.22,0.0,31.51,7174.11,1
2023-07-10,2023-07-10 13:09:00,227.22,227.22,227.22,227.22,0.0,31.51,7174.11,0
2023-07-10,2023-07-10 13:10:00,227.22,227.22,227.22,227.22,0.0,31.51,7174.11,0
2023-07-10,2023-07-10 13:11:00,227.22,227.22,227.22,227.22,0.0,31.51,7174.11,0
2023-07-10,2023-07-10 13:12:00,227.22,227.22,227.22,227.22,0.0,31.51,7174.11,0
2023-07-10,2023-07-10 13:13:00,227.22,227.22,227.22,227.22,0.0,31.51,7174.11,0
2023-07-10,2023-07-10 13:14:00,227.22,227.22,227.22,227.22,0.0,31.51,7174.11,0
2023-07-10,2023-07-10 13:15:00,227.22,227.23,227.22,227.23,0.0,31.51,7174.11,1
2023-07-10,2023-07-10 13:16:00,227.23,227.23,227.23,227.23,0.0,31.51,7174.11,0
2023-07-10,2023-07-10 13:17:00,227.23,227.23,227.23,227.23,0.0,31.51,7174.11,0
2023-07-10,2023-07-10 13:18:00,227.23,227.23,227.23,227.23,0.0,31.51,7174.11,0
2023-07-10,2023-07-10 13:19:00,227.23,227.23,227.23,227.23,0.0,31.51,7174.11,0
2023-07-10,2023-07-10 13:20:00,227.23,227.24,227.23,227.24,0.0,31.51,7174.11,1
2023-07-10,2023-07-10 13:21:00,227.24,227.24,227.24,227.24,0.0,31.51,7174.11,0
2023-07-10,2023-07-10 13:22:00,227.24,227.24,227.24,227.24,0.0,31.51,7174.11,0
2023-07-10,2023-07-10 13:23:00,227.24,227.24,227.24,227.24,0.0,31.51,7174.11,0
2023-07-10,2023-07-10 13:24:00,227.24,227.24,227.24,227.24,0.0,31.51,7174.11,0
2023-07-10,2023-07-10 13:25:00,227.24,227.24,227.24,227.24,0.0,31.51,7174.11,0
2023-07-10,2023-07-10 13:26:00,227.24,227.25,227.24,227.25,0.0,31.51,7174.11,1
2023-07-10,2023-07-10 13:27:00,227.25,227.25,227.25,227.25,0.0,31.51,7174.11,0
2023-07-10,2023-07-10 13:28:00,227.25,227.25,227.25,227.25,0.0,31.51,7174.11,0
2023-07-10,2023-07-10 13:29:00,227.25,227.25,227.25,227.25,0.0,31.51,7174.11,0
2023-07-10,2023-07-10 13:30:00,227.25,227.25,227.25,227.25,0.0,31.51,7174.11,0
2023-07-10,2023-07-10 13:31:00,227.25,227.25,227.25,227.25,0.0,31.51,7174.11,0
2023-07-10,2023-07-10 13:32:00,227.25,227.25,227.25,227.25,0.0,31.51,7174.11,0
2023-07-10,2023-07-10 13:33:00,227.25,227.26,227.25,227.26,0.0,31.51,7174.11,1
2023-07-10,2023-07-10 13:34:00,227.26,227.26,227.26,227.26,0.0,31.51,7174.11,0
2023-07-10,2023-07-10 13:35:00,227.26,227.26,227.26,227.26,0.0,31.51,7174.11,0
2023-07-10,2023-07-10 13:36:00,227.26,227.26,227.26,227.26,0.0,31.51,7174.11,0
2023-07-10,2023-07-10 13:37:00,227.26,227.26,227.26,227.26,0.0,31.51,7174.11,0
2023-07-10,2023-07-10 13:38:00,227.26,227.27,227.26,227.27,0.0,31.51,7174.11,1
2023-07-10,2023-07-10 13:39:00,227.27,227.27,227.27,227.27,0.0,31.51,7174.11,0
2023-07-10,2023-07-10 13:40:00,227.27,227.27,227.27,227.27,0.0,31.51,7174.11,0
2023-07-10,2023-07-10 13:41:00,227.27,227.27,227.27,227.27,0.0,31.51,7174.11,0
2023-07-10,2023-07-10 13:42:00,227.27,227.27,227.27,227.27,0.0,31.51,7174.11,0
2023-07-10,2023-07-10 13:43:00,227.27,227.27,227.27,227.27,0.0,31.51,7174.11,0
2023-07-10,2023-07-10 13:44:00,227.27,227.28,227.27,227.28,0.0,31.51,7174.11,1
2023-07-10,2023-07-10 13:45:00,227.28,227.28,227.28,227.28,0.0,31.51,7174.11,0
2023-07-10,2023-07-10 13:46:00,227.28,227.28,227.28,227.28,0.0,31.51,7174.11,0
2023-07-10,2023-07-10 13:47:00,227.28,227.28,227.28,227.28,0.0,31.51,7174.11,0
2023-07-10,2023-07-10 13:48:00,227.28,227.28,227.28,227.28,0.0,31.51,7174.11,0
2023-07-10,2023-07-10 13:49:00,227.28,227.28,227.28,227.28,0.0,31.51,7174.11,0
2023-07-10,2023-07-10 13:50:00,227.28,227.28,227.28,227.28,0.0,31.51,7174.11,0
2023-07-10,2023-07-10 13:51:00,227.28,227.29,227.28,227.29,0.0,31.51,7174.11,1
2023-07-10,2023-07-10 13:52:00,227.29,227.29,227.29,227.29,0.0,31.51,7174.11,0
2023-07-10,2023-07-10 13:53:00,227.29,227.29,227.29,227.29,0.0,31.51,7174.11,0
2023-07-10,2023-07-10 13:54:00,227.29,227.29,227.29,227.29,0.0,31.51,7174.11,0
2023-07-10,2023-07-10 13:55:00,227.29,227.29,227.29,227.29,0.0,31.51,7174.11,0
2023-07-10,2023-07-10 13:56:00,227.29,227.3,227.29,227.3,0.0,31.51,7174.11,1
2023-07-10,2023-07-10 13:57:00,227.3,227.3,227.3,227.3,0.0,31.51,7174.11,0
2023-07-10,2023-07-10 13:58:00,227.3,227.3,227.3,227.3,0.0,31.51,7174.11,0
2023-07-10,2023-07-10 13:59:00,227.3,227.3,227.3,227.3,0.0,31.51,7174.11,0
2023-07-10,2023-07-10 14:00:00,227.3,227.3,227.3,227.3,0.0,31.51,7174.11,0
2023-07-10,2023-07-10 14:01:00,227.3,227.3,227.3,227.3,0.0,31.51,7174.11,0
2023-07-10,2023-07-10 14:02:00,227.3,227.31,227.3,227.31,0.0,31.51,7174.11,1
2023-07-10,2023-07-10 14:03:00,227.31,227.31,227.31,227.31,0.0,31.51,7174.11,0
2023-07-10,2023-07-10 14:04:00,227.31,227.31,227.31,227.31,0.0,31.51,7174.11,0
2023-07-10,2023-07-10 14:05:00,227.31,227.31,227.31,227.31,0.0,31.51,7174.11,0
2023-07-10,2023-07-10 14:06:00,227.31,227.31,227.31,227.31,0.0,31.51,7174.11,0
2023-07-10,2023-07-10 14:07:00,227.31,227.31,227.31,227.31,0.0,31.51,7174.11,0
2023-07-10,2023-07-10 14:08:00,227.31,227.31,227.31,227.31,0.0,31.51,7174.11,0
2023-07-10,2023-07-10 14:09:00,227.31,227.32,227.31,227.32,0.0,31.51,7174.11,1
2023-07-10,2023-07-10 14:10:00,227.32,227.32,227.32,227.32,0.0,31.51,7174.11,0
2023-07-10,2023-07-10 14:11:00,227.32,227.32,227.32,227.32,0.0,31.51,7174.11,0
2023-07-10,2023-07-10 14:12:00,227.32,227.32,227.32,227.32,0.0,31.51,7174.11,0
2023-07-10,2023-07-10 14:13:00,227.32,227.32,227.32,227.32,0.0,31.51,7174.11,0
2023-07-10,2023-07-10 14:14:00,227.32,227.33,227.32,227.33,0.0,31.51,7174.11,1
2023-07-10,2023-07-10 14:15:00,227.33,227.33,227.33,227.33,0.0,31.51,7174.11,0
2023-07-10,2023-07-10 14:16:00,227.33,227.33,227.33,227.33,0.0,31.51,7174.11,0
2023-07-10,2023-07-10 14:17:00,227.33,227.33,227.33,227.33,0.0,31.51,7174.11,0
2023-07-10,2023-07-10 14:18:00,227.33,227.33,227.33,227.33,0.0,31.51,7174.11,0
2023-07-10,2023-07-10 14:19:00,227.33,227.33,227.33,227.33,0.0,31.51,7174.11,0
2023-07-10,2023-07-10 14:20:00,227.33,227.34,227.33,227.34,0.0,31.51,7174.11,1
2023-07-10,2023-07-10 14:21:00,227.34,227.34,227.34,227.34,0.0,31.51,7174.11,0
2023-07-10,2023-07-10 14:22:00,227.34,227.34,227.34,227.34,0.0,31.51,7174.11,0
2023-07-10,2023-07-10 14:23:00,227.34,227.34,227.34,227.34,0.0,31.51,7174.11,0
2023-07-10,2023-07-10 14:24:00,227.34,227.34,227.34,227.34,0.0,31.51,7174.11,0
2023-07-10,2023-07-10 14:25:00,227.34,227.34,227.34,227.34,0.0,31.51,7174.11,0
2023-07-10,2023-07-10 14:26:00,227.34,227.34,227.34,227.34,0.0,31.51,7174.11,0
2023-07-10,2023-07-10 14:27:00,227.34,227.35,227.34,227.35,0.0,31.51,7174.11,1
2023-07-10,2023-07-10 14:28:00,227.35,227.35,227.35,227.35,0.0,31.51,7174.11,0
2023-07-10,2023-07-10 14:29:00,227.35,227.35,227.35,227.35,0.0,31.51,7174.11,0
2023-07-10,2023-07-10 14:30:00,227.35,227.35,227.35,227.35,0.0,31.51,7174.11,0
2023-07-10,2023-07-10 14:31:00,227.35,227.35,227.35,227.35,0.0,31.51,7174.11,0
2023-07-10,2023-07-10 14:32:00,227.35,227.36,227.35,227.36,0.0,31.51,7174.11,1
2023-07-10,2023-07-10 14:33:00,227.36,227.36,227.36,227.36,0.0,31.51,7174.11,0
2023-07-10,2023-07-10 14:34:00,227.36,227.36,227.36,227.36,0.0,31.51,7174.11,0
2023-07-10,2023-07-10 14:35:00,227.36,227.36,227.36,227.36,0.0,31.51,7174.11,0
2023-07-10,2023-07-10 14:36:00,227.36,227.36,227.36,227.36,0.0,31.51,7174.11,0
2023-07-10,2023-07-10 14:37:00,227.36,227.36,227.36,227.36,0.0,31.51,7174.11,0
2023-07-10,2023-07-10 14:38:00,227.36,227.37,227.36,227.37,0.0,31.51,7174.11,1
2023-07-10,2023-07-10 14:39:00,227.37,227.37,227.37,227.37,0.0,31.51,7174.11,0
2023-07-10,2023-07-10 14:40:00,227.37,227.37,227.37,227.37,0.0,31.51,7174.11,0
2023-07-10,2023-07-10 14:41:00,227.37,227.37,227.37,227.37,0.0,31.51,7174.11,0
2023-07-10,2023-07-10 14:42:00,227.37,227.37,227.37,227.37,0.0,31.51,7174.11,0
2023-07-10,2023-07-10 14:43:00,227.37,227.37,227.37,227.37,0.0,31.51,7174.11,0
2023-07-10,2023-07-10 14:44:00,227.37,227.38,227.37,227.38,0.0,31.51,7174.11,1
2023-07-10,2023-07-10 14:45:00,227.38,227.38,227.38,227.38,0.0,31.51,7174.11,0
2023-07-10,2023-07-10 14:46:00,227.38,227.38,227.38,227.38,0.0,31.51,7174.11,0
2023-07-10,2023-07-10 14:47:00,227.38,227.38,227.38,227.38,0.0,31.51,7174.11,0
2023-07-10,2023-07-10 14:48:00,227.38,227.38,227.38,227.38,0.0,31.51,7174.11,0
2023-07-10,2023-07-10 14:49:00,227.38,227.38,227.38,227.38,0.0,31.51,7174.11,0
2023-07-10,2023-07-10 14:50:00,227.38,227.39,227.38,227.39,0.0,31.51,7174.11,1
2023-07-10,2023-07-10 14:51:00,227.39,227.39,227.39,227.39,0.0,31.51,7174.11,0
2023-07-10,2023-07-10 14:52:00,227.39,227.39,227.39,227.39,0.0,31.51,7174.11,0
2023-07-10,2023-07-10 14:53:00,227.39,227.39,227.39,227.39,0.0,31.51,7174.11,0
2023-07-10,2023-07-10 14:54:00,227.39,227.39,227.39,227.39,0.0,31.51,7174.11,0
2023-07-10,2023-07-10 14:55:00,227.39,227.39,227.39,227.39,0.0,31.51,7174.11,0
2023-07-10,2023-07-10 14:56:00,227.39,227.4,227.39,227.4,0.0,31.51,7174.11,1
2023-07-10,2023-07-10 14:57:00,227.4,227.4,227.4,227.4,0.0,31.51,7174.11,0
2023-07-10,2023-07-10 14:58:00,227.4,227.4,227.4,227.4,0.0,31.51,7174.11,0
2023-07-10,2023-07-10 14:59:00,227.4,227.4,227.4,227.4,0.0,31.51,7174.11,0
2023-07-10,2023-07-10 15:00:00,227.4,234.6,222.1,227.4,0.0,31.51,7174.11,0
2023-07-11,2023-07-11 11:00:00,222.9,225.03,222.9,222.92,0.01,43.15,9769.66,1
2023-07-11,2023-07-11 11:01:00,222.92,222.94,222.92,222.94,0.01,43.15,9769.66,1
2023-07-11,2023-07-11 11:02:00,222.94,222.96,222.94,222.96,0.01,43.15,9769.66,1
2023-07-11,2023-07-11 11:03:00,222.96,222.99,222.96,222.99,0.01,43.15,9769.66,1
2023-07-11,2023-07-11 11:04:00,222.99,223.01,222.99,223.01,0.01,43.15,9769.66,1
2023-07-11,2023-07-11 11:05:00,223.01,223.03,223.01,223.03,0.01,43.15,9769.66,1
2023-07-11,2023-07-11 11:06:00,223.03,223.05,223.03,223.05,0.01,43.15,9769.66,1
2023-07-11,2023-07-11 11:07:00,223.05,223.07,223.05,223.07,0.01,43.15,9769.66,1
2023-07-11,2023-07-11 11:08:00,223.07,223.09,223.07,223.09,0.01,43.15,9769.66,1
2023-07-11,2023-07-11 11:09:00,223.09,223.11,223.09,223.11,0.01,43.15,9769.66,1
2023-07-11,2023-07-11 11:10:00,223.11,223.13,223.11,223.13,0.01,43.15,9769.66,1
2023-07-11,2023-07-11 11:11:00,223.13,223.16,223.13,223.16,0.01,43.15,9769.66,1
2023-07-11,2023-07-11 11:12:00,223.16,223.18,223.16,223.18,0.01,43.15,9769.66,1
2023-07-11,2023-07-11 11:13:00,223.18,223.2,223.18,223.2,0.01,43.15,9769.66,1
2023-07-11,2023-07-11 11:14:00,223.2,223.22,223.2,223.22,0.01,43.15,9769.66,1
2023-07-11,2023-07-11 11:15:00,223.22,223.24,223.22,223.24,0.01,43.15,9769.66,1
2023-07-11,2023-07-11 11:16:00,223.24,223.26,223.24,223.26,0.01,43.15,9769.66,1
2023-07-11,2023-07-11 11:17:00,223.26,223.28,223.26,223.28,0.01,43.15,9769.66,1
2023-07-11,2023-07-11 11:18:00,223.28,223.3,223.28,223.3,0.01,43.15,9769.66,1
2023-07-11,2023-07-11 11:19:00,223.3,223.33,223.3,223.33,0.01,43.15,9769.66,1
2023-07-11,2023-07-11 11:20:00,223.33,223.35,223.33,223.35,0.01,43.15,9769.66,1
2023-07-11,2023-07-11 11:21:00,223.35,223.37,223.35,223.37,0.01,43.15,9769.66,1
2023-07-11,2023-07-11 11:22:00,223.37,223.39,223.37,223.39,0.01,43.15,9769.66,1
2023-07-11,2023-07-11 11:23:00,223.39,223.41,223.39,223.41,0.01,43.15,9769.66,1
2023-07-11,2023-07-11 11:24:00,223.41,223.43,223.41,223.43,0.01,43.15,9769.66,1
2023-07-11,2023-07-11 11:25:00,223.43,223.45,223.43,223.45,0.01,43.15,9769.66,1
2023-07-11,2023-07-11 11:26:00,223.45,223.47,223.45,223.47,0.01,43.15,9769.66,1
2023-07-11,2023-07-11 11:27:00,223.47,223.5,223.47,223.5,0.01,43.15,9769.66,1
2023-07-11,2023-07-11 11:28:00,223.5,223.52,223.5,223.52,0.01,43.15,9769.66,1
2023-07-11,2023-07-11 11:29:00,223.52,223.54,223.52,223.54,0.01,43.15,9769.66,1
2023-07-11,2023-07-11 11:30:00,223.54,223.56,223.54,223.56,0.01,43.15,9769.66,1
2023-07-11,2023-07-11 11:31:00,223.56,223.58,223.56,223.58,0.01,43.15,9769.66,1
2023-07-11,2023-07-11 11:32:00,223.58,223.6,223.58,223.6,0.01,43.15,9769.66,1
2023-07-11,2023-07-11 11:33:00,223.6,223.62,223.6,223.62,0.01,43.15,9769.66,1
2023-07-11,2023-07-11 11:34:00,223.62,223.64,223.62,223.64,0.01,43.15,9769.66,1
2023-07-11,2023-07-11 11:35:00,223.64,223.66,223.64,223.66,0.01,43.15,9769.66,1
2023-07-11,2023-07-11 11:36:00,223.66,223.69,223.66,223.69,0.01,43.15,9769.66,1
2023-07-11,2023-07-11 11:37:00,223.69,223.71,223.69,223.71,0.01,43.15,9769.66,1
2023-07-11,2023-07-11 11:38:00,223.71,223.73,223.71,223.73,0.01,43.15,9769.66,1
2023-07-11,2023-07-11 11:39:00,223.73,223.75,223.73,223.75,0.01,43.15,9769.66,1
2023-07-11,2023-07-11 11:40:00,223.75,223.77,223.75,223.77,0.01,43.15,9769.66,1
2023-07-11,2023-07-11 11:41:00,223.77,223.79,223.77,223.79,0.01,43.15,9769.66,1
2023-07-11,2023-07-11 11:42:00,223.79,223.81,223.79,223.81,0.01,43.15,9769.66,1
2023-07-11,2023-07-11 11:43:00,223.81,223.84,223.81,223.84,0.01,43.15,9769.66,1
2023-07-11,2023-07-11 11:44:00,223.84,223.86,223.84,223.86,0.01,43.15,9769.66,1
2023-07-11,2023-07-11 11:45:00,223.86,223.88,223.86,223.88,0.01,43.15,9769.66,1
2023-07-11,2023-07-11 11:46:00,223.88,223.9,223.88,223.9,0.01,43.15,9769.66,1
2023-07-11,2023-07-11 11:47:00,223.9,223.92,223.9,223.92,0.01,43.15,9769.66,1
2023-07-11,2023-07-11 11:48:00,223.92,223.94,223.92,223.94,0.01,43.15,9769.66,1
2023-07-11,2023-07-11 11:49:00,223.94,223.96,223.94,223.96,0.01,43.15,9769.66,1
2023-07-11,2023-07-11 11:50:00,223.96,223.98,223.96,223.98,0.01,43.15,9769.66,1
2023-07-11,2023-07-11 11:51:00,223.98,224.0,223.98,224.0,0.01,43.15,9769.66,1
2023-07-11,2023-07-11 11:52:00,224.0,224.03,224.0,224.03,0.01,43.15,9769.66,1
2023-07-11,2023-07-11 11:53:00,224.03,224.05,224.03,224.05,0.01,43.15,9769.66,1
2023-07-11,2023-07-11 11:54:00,224.05,224.07,224.05,224.07,0.01,43.15,9769.66,1
2023-07-11,2023-07-11 11:55:00,224.07,224.09,224.07,224.09,0.01,43.15,9769.66,1
2023-07-11,2023-07-11 11:56:00,224.09,224.11,224.09,224.11,0.01,43.15,9769.66,1
2023-07-11,2023-07-11 11:57:00,224.11,224.13,224.11,224.13,0.01,43.15,9769.66,1
2023-07-11,2023-07-11 11:58:00,224.13,224.15,224.13,224.15,0.01,43.15,9769.66,1
2023-07-11,2023-07-11 11:59:00,224.15,224.18,224.15,224.18,0.01,43.15,9769.66,1
2023-07-11,2023-07-11 12:00:00,224.18,224.2,224.18,224.2,0.01,43.15,9769.66,1
2023-07-11,2023-07-11 12:01:00,224.2,224.22,224.2,224.22,0.01,43.15,9769.66,1
2023-07-11,2023-07-11 12:02:00,224.22,224.24,224.22,224.24,0.01,43.15,9769.66,1
2023-07-11,2023-07-11 12:03:00,224.24,224.26,224.24,224.26,0.01,43.15,9769.66,1
2023-07-11,2023-07-11 12:04:00,224.26,224.28,224.26,224.28,0.01,43.15,9769.66,1
2023-07-11,2023-07-11 12:05:00,224.28,224.3,224.28,224.3,0.01,43.15,9769.66,1
2023-07-11,2023-07-11 12:06:00,224.3,224.32,224.3,224.32,0.01,43.15,9769.66,1
2023-07-11,2023-07-11 12:07:00,224.32,224.34,224.32,224.34,0.01,43.15,9769.66,1
2023-07-11,2023-07-11 12:08:00,224.34,224.37,224.34,224.37,0.01,43.15,9769.66,1
2023-07-11,2023-07-11 12:09:00,224.37,224.39,224.37,224.39,0.01,43.15,9769.66,1
2023-07-11,2023-07-11 12:10:00,224.39,224.41,224.39,224.41,0.01,43.15,9769.66,1
2023-07-11,2023-07-11 12:11:00,224.41,224.43,224.41,224.43,0.01,43.15,9769.66,1
2023-07-11,2023-07-11 12:12:00,224.43,224.45,224.43,224.45,0.01,43.15,9769.66,1
2023-07-11,2023-07-11 12:13:00,224.45,224.47,224.45,224.47,0.01,43.15,9769.66,1
2023-07-11,2023-07-11 12:14:00,224.47,224.49,224.47,224.49,0.01,43.15,9769.66,1
2023-07-11,2023-07-11 12:15:00,224.49,224.52,224.49,224.52,0.01,43.15,9769.66,1
2023-07-11,2023-07-11 12:16:00,224.52,224.54,224.52,224.54,0.01,43.15,9769.66,1
2023-07-11,2023-07-11 12:17:00,224.54,224.56,224.54,224.56,0.01,43.15,9769.66,1
2023-07-11,2023-07-11 12:18:00,224.56,224.58,224.56,224.58,0.01,43.15,9769.66,1
2023-07-11,2023-07-11 12:19:00,224.58,224.6,224.58,224.6,0.01,43.15,9769.66,1
2023-07-11,2023-07-11 12:20:00,224.6,224.62,224.6,224.62,0.01,43.15,9769.66,1
2023-07-11,2023-07-11 12:21:00,224.62,224.64,224.62,224.64,0.01,43.15,9769.66,1
2023-07-11,2023-07-11 12:22:00,224.64,224.66,224.64,224.66,0.01,43.15,9769.66,1
2023-07-11,2023-07-11 12:23:00,224.66,224.69,224.66,224.69,0.01,43.15,9769.66,1
2023-07-11,2023-07-11 12:24:00,224.69,224.71,224.69,224.71,0.01,43.15,9769.66,1
2023-07-11,2023-07-11 12:25:00,224.71,224.73,224.71,224.73,0.01,43.15,9769.66,1
2023-07-11,2023-07-11 12:26:00,224.73,224.75,224.73,224.75,0.01,43.15,9769.66,1
2023-07-11,2023-07-11 12:27:00,224.75,224.77,224.75,224.77,0.01,43.15,9769.66,1
2023-07-11,2023-07-11 12:28:00,224.77,224.79,224.77,224.79,0.01,43.15,9769.66,1
2023-07-11,2023-07-11 12:29:00,224.79,224.81,224.79,224.81,0.01,43.15,9769.66,1
2023-07-11,2023-07-11 12:30:00,224.81,224.83,224.81,224.83,0.01,43.15,9769.66,1
2023-07-11,2023-07-11 12:31:00,224.83,224.85,224.83,224.85,0.01,43.15,9769.66,1
2023-07-11,2023-07-11 12:32:00,224.85,224.88,224.85,224.88,0.01,43.15,9769.66,1
2023-07-11,2023-07-11 12:33:00,224.88,224.9,224.88,224.9,0.01,43.15,9769.66,1
2023-07-11,2023-07-11 12:34:00,224.9,224.92,224.9,224.92,0.01,43.15,9769.66,1
2023-07-11,2023-07-11 12:35:00,224.92,224.94,224.92,224.94,0.01,43.15,9769.66,1
2023-07-11,2023-07-11 12:36:00,224.94,224.96,224.94,224.96,0.01,43.15,9769.66,1
2023-07-11,2023-07-11 12:37:00,224.96,224.98,224.96,224.98,0.01,43.15,9769.66,1
2023-07-11,2023-07-11 12:38:00,224.98,225.0,224.98,225.0,0.01,43.15,9769.66,1
2023-07-11,2023-07-11 12:39:00,225.0,225.03,225.0,225.03,0.01,43.15,9769.66,1
2023-07-11,2023-07-11 12:40:00,225.03,225.05,225.03,225.05,0.01,43.15,9769.66,1
2023-07-11,2023-07-11 12:41:00,225.05,225.07,225.05,225.07,0.01,43.15,9769.66,1
2023-07-11,2023-07-11 12:42:00,225.07,225.09,225.07,225.09,0.01,43.15,9769.66,1
2023-07-11,2023-07-11 12:43:00,225.09,225.11,225.09,225.11,0.01,43.15,9769.66,1
2023-07-11,2023-07-11 12:44:00,225.11,225.13,225.11,225.13,0.01,43.15,9769.66,1
2023-07-11,2023-07-11 12:45:00,225.13,225.15,225.13,225.15,0.01,43.15,9769.66,1
2023-07-11,2023-07-11 12:46:00,225.15,225.17,225.15,225.17,0.01,43.15,9769.66,1
2023-07-11,2023-07-11 12:47:00,225.17,225.19,225.17,225.19,0.01,43.15,9769.66,1
2023-07-11,2023-07-11 12:48:00,225.19,225.22,225.19,225.22,0.01,43.15,9769.66,1
2023-07-11,2023-07-11 12:49:00,225.22,225.24,225.22,225.24,0.01,43.15,9769.66,1
2023-07-11,2023-07-11 12:50:00,225.24,225.26,225.24,225.26,0.01,43.15,9769.66,1
2023-07-11,2023-07-11 12:51:00,225.26,225.28,225.26,225.28,0.01,43.15,9769.66,1
2023-07-11,2023-07-11 12:52:00,225.28,225.3,225.28,225.3,0.01,43.15,9769.66,1
2023-07-11,2023-07-11 12:53:00,225.3,225.32,225.3,225.32,0.01,43.15,9769.66,1
2023-07-11,2023-07-11 12:54:00,225.32,225.34,225.32,225.34,0.01,43.15,9769.66,1
2023-07-11,2023-07-11 12:55:00,225.34,225.37,225.34,225.37,0.01,43.15,9769.66,1
2023-07-11,2023-07-11 12:56:00,225.37,225.39,225.37,225.39,0.01,43.15,9769.66,1
2023-07-11,2023-07-11 12:57:00,225.39,225.41,225.39,225.41,0.01,43.15,9769.66,1
2023-07-11,2023-07-11 12:58:00,225.41,225.43,225.41,225.43,0.01,43.15,9769.66,1
2023-07-11,2023-07-11 12:59:00,225.43,225.45,225.43,225.45,0.01,43.15,9769.66,1
2023-07-11,2023-07-11 13:00:00,225.45,230.0,222.9,225.47,0.01,43.15,9769.66,1
2023-07-11,2023-07-11 13:01:00,225.47,225.49,225.47,225.49,0.01,43.15,9769.66,1
2023-07-11,2023-07-11 13:02:00,225.49,225.51,225.49,225.51,0.01,43.15,9769.66,1
2023-07-11,2023-07-11 13:03:00,225.51,225.53,225.51,225.53,0.01,43.15,9769.66,1
2023-07-11,2023-07-11 13:04:00,225.53,225.56,225.53,225.56,0.01,43.15,9769.66,1
2023-07-11,2023-07-11 13:05:00,225.56,225.58,225.56,225.58,0.01,43.15,9769.66,1
2023-07-11,2023-07-11 13:06:00,225.58,225.6,225.58,225.6,0.01,43.15,9769.66,1
2023-07-11,2023-07-11 13:07:00,225.6,225.62,225.6,225.62,0.01,43.15,9769.66,1
2023-07-11,2023-07-11 13:08:00,225.62,225.64,225.62,225.64,0.01,43.15,9769.66,1
2023-07-11,2023-07-11 13:09:00,225.64,225.66,225.64,225.66,0.01,43.15,9769.66,1
2023-07-11,2023-07-11 13:10:00,225.66,225.68,225.66,225.68,0.01,43.15,9769.66,1
2023-07-11,2023-07-11 13:11:00,225.68,225.71,225.68,225.71,0.01,43.15,9769.66,1
2023-07-11,2023-07-11 13:12:00,225.71,225.73,225.71,225.73,0.01,43.15,9769.66,1
2023-07-11,2023-07-11 13:13:00,225.73,225.75,225.73,225.75,0.01,43.15,9769.66,1
2023-07-11,2023-07-11 13:14:00,225.75,225.77,225.75,225.77,0.01,43.15,9769.66,1
2023-07-11,2023-07-11 13:15:00,225.77,225.79,225.77,225.79,0.01,43.15,9769.66,1
2023-07-11,2023-07-11 13:16:00,225.79,225.81,225.79,225.81,0.01,43.15,9769.66,1
2023-07-11,2023-07-11 13:17:00,225.81,225.83,225.81,225.83,0.01,43.15,9769.66,1
2023-07-11,2023-07-11 13:18:00,225.83,225.85,225.83,225.85,0.01,43.15,9769.66,1
2023-07-11,2023-07-11 13:19:00,225.85,225.88,225.85,225.88,0.01,43.15,9769.66,1
2023-07-11,2023-07-11 13:20:00,225.88,225.9,225.88,225.9,0.01,43.15,9769.66,1
2023-07-11,2023-07-11 13:21:00,225.9,225.92,225.9,225.92,0.01,43.15,9769.66,1
2023-07-11,2023-07-11 13:22:00,225.92,225.94,225.92,225.94,0.01,43.15,9769.66,1
2023-07-11,2023-07-11 13:23:00,225.94,225.96,225.94,225.96,0.01,43.15,9769.66,1
2023-07-11,2023-07-11 13:24:00,225.96,225.98,225.96,225.98,0.01,43.15,9769.66,1
2023-07-11,2023-07-11 13:25:00,225.98,226.0,225.98,226.0,0.01,43.15,9769.66,1
2023-07-11,2023-07-11 13:26:00,226.0,226.02,226.0,226.02,0.01,43.15,9769.66,1
2023-07-11,2023-07-11 13:27:00,226.02,226.05,226.02,226.05,0.01,43.15,9769.66,1
2023-07-11,2023-07-11 13:28:00,226.05,226.07,226.05,226.07,0.01,43.15,9769.66,1
2023-07-11,2023-07-11 13:29:00,226.07,226.09,226.07,226.09,0.01,43.15,9769.66,1
2023-07-11,2023-07-11 13:30:00,226.09,226.11,226.09,226.11,0.01,43.15,9769.66,1
2023-07-11,2023-07-11 13:31:00,226.11,226.13,226.11,226.13,0.01,43.15,9769.66,1
2023-07-11,2023-07-11 13:32:00,226.13,226.15,226.13,226.15,0.01,43.15,9769.66,1
2023-07-11,2023-07-11 13:33:00,226.15,226.17,226.15,226.17,0.01,43.15,9769.66,1
2023-07-11,2023-07-11 13:34:00,226.17,226.19,226.17,226.19,0.01,43.15,9769.66,1
2023-07-11,2023-07-11 13:35:00,226.19,226.22,226.19,226.22,0.01,43.15,9769.66,1
2023-07-11,2023-07-11 13:36:00,226.22,226.24,226.22,226.24,0.01,43.15,9769.66,1
2023-07-11,2023-07-11 13:37:00,226.24,226.26,226.24,226.26,0.01,43.15,9769.66,1
2023-07-11,2023-07-11 13:38:00,226.26,226.28,226.26,226.28,0.01,43.15,9769.66,1
2023-07-11,2023-07-11 13:39:00,226.28,226.3,226.28,226.3,0.01,43.15,9769.66,1
2023-07-11,2023-07-11 13:40:00,226.3,226.32,226.3,226.32,0.01,43.15,9769.66,1
2023-07-11,2023-07-11 13:41:00,226.32,226.34,226.32,226.34,0.01,43.15,9769.66,1
2023-07-11,2023-07-11 13:42:00,226.34,226.36,226.34,226.36,0.01,43.15,9769.66,1
2023-07-11,2023-07-11 13:43:00,226.36,226.38,226.36,226.38,0.01,43.15,9769.66,1
2023-07-11,2023-07-11 13:44:00,226.38,226.41,226.38,226.41,0.01,43.15,9769.66,1
2023-07-11,2023-07-11 13:45:00,226.41,226.43,226.41,226.43,0.01,43.15,9769.66,1
2023-07-11,2023-07-11 13:46:00,226.43,226.45,226.43,226.45,0.01,43.15,9769.66,1
2023-07-11,2023-07-11 13:47:00,226.45,226.47,226.45,226.47,0.01,43.15,9769.66,1
2023-07-11,2023-07-11 13:48:00,226.47,226.49,226.47,226.49,0.01,43.15,9769.66,1
2023-07-11,2023-07-11 13:49:00,226.49,226.51,226.49,226.51,0.01,43.15,9769.66,1
2023-07-11,2023-07-11 13:50:00,226.51,226.53,226.51,226.53,0.01,43.15,9769.66,1
2023-07-11,2023-07-11 13:51:00,226.53,226.56,226.53,226.56,0.01,43.15,9769.66,1
2023-07-11,2023-07-11 13:52:00,226.56,226.58,226.56,226.58,0.01,43.15,9769.66,1
2023-07-11,2023-07-11 13:53:00,226.58,226.6,226.58,226.6,0.01,43.15,9769.66,1
2023-07-11,2023-07-11 13:54:00,226.6,226.62,226.6,226.62,0.01,43.15,9769.66,1
2023-07-11,2023-07-11 13:55:00,226.62,226.64,226.62,226.64,0.01,43.15,9769.66,1
2023-07-11,2023-07-11 13:56:00,226.64,226.66,226.64,226.66,0.01,43.15,9769.66,1
2023-07-11,2023-07-11 13:57:00,226.66,226.68,226.66,226.68,0.01,43.15,9769.66,1
2023-07-11,2023-07-11 13:58:00,226.68,226.7,226.68,226.7,0.01,43.15,9769.66,1
2023-07-11,2023-07-11 13:59:00,226.7,226.72,226.7,226.72,0.01,43.15,9769.66,1
2023-07-11,2023-07-11 14:00:00,226.72,226.75,226.72,226.75,0.01,43.15,9769.66,1
2023-07-11,2023-07-11 14:01:00,226.75,226.77,226.75,226.77,0.01,43.15,9769.66,1
2023-07-11,2023-07-11 14:02:00,226.77,226.79,226.77,226.79,0.01,43.15,9769.66,1
2023-07-11,2023-07-11 14:03:00,226.79,226.81,226.79,226.81,0.01,43.15,9769.66,1
2023-07-11,2023-07-11 14:04:00,226.81,226.83,226.81,226.83,0.01,43.15,9769.66,1
2023-07-11,2023-07-11 14:05:00,226.83,226.85,226.83,226.85,0.01,43.15,9769.66,1
2023-07-11,2023-07-11 14:06:00,226.85,226.87,226.85,226.87,0.01,43.15,9769.66,1
2023-07-11,2023-07-11 14:07:00,226.87,226.9,226.87,226.9,0.01,43.15,9769.66,1
2023-07-11,2023-07-11 14:08:00,226.9,226.92,226.9,226.92,0.01,43.15,9769.66,1
2023-07-11,2023-07-11 14:09:00,226.92,226.94,226.92,226.94,0.01,43.15,9769.66,1
2023-07-11,2023-07-11 14:10:00,226.94,226.96,226.94,226.96,0.01,43.15,9769.66,1
2023-07-11,2023-07-11 14:11:00,226.96,226.98,226.96,226.98,0.01,43.15,9769.66,1
2023-07-11,2023-07-11 14:12:00,226.98,227.0,226.98,227.0,0.01,43.15,9769.66,1
2023-07-11,2023-07-11 14:13:00,227.0,227.02,227.0,227.02,0.01,43.15,9769.66,1
2023-07-11,2023-07-11 14:14:00,227.02,227.04,227.02,227.04,0.01,43.15,9769.66,1
2023-07-11,2023-07-11 14:15:00,227.04,227.06,227.04,227.06,0.01,43.15,9769.66,1
2023-07-11,2023-07-11 14:16:00,227.06,227.09,227.06,227.09,0.01,43.15,9769.66,1
2023-07-11,2023-07-11 14:17:00,227.09,227.11,227.09,227.11,0.01,43.15,9769.66,1
2023-07-11,2023-07-11 14:18:00,227.11,227.13,227.11,227.13,0.01,43.15,9769.66,1
2023-07-11,2023-07-11 14:19:00,227.13,227.15,227.13,227.15,0.01,43.15,9769.66,1
2023-07-11,2023-07-11 14:20:00,227.15,227.17,227.15,227.17,0.01,43.15,9769.66,1
2023-07-11,2023-07-11 14:21:00,227.17,227.19,227.17,227.19,0.01,43.15,9769.66,1
2023-07-11,2023-07-11 14:22:00,227.19,227.21,227.19,227.21,0.01,43.15,9769.66,1
2023-07-11,2023-07-11 14:23:00,227.21,227.24,227.21,227.24,0.01,43.15,9769.66,1
2023-07-11,2023-07-11 14:24:00,227.24,227.26,227.24,227.26,0.01,43.15,9769.66,1
2023-07-11,2023-07-11 14:25:00,227.26,227.28,227.26,227.28,0.01,43.15,9769.66,1
2023-07-11,2023-07-11 14:26:00,227.28,227.3,227.28,227.3,0.01,43.15,9769.66,1
2023-07-11,2023-07-11 14:27:00,227.3,227.32,227.3,227.32,0.01,43.15,9769.66,1
2023-07-11,2023-07-11 14:28:00,227.32,227.34,227.32,227.34,0.01,43.15,9769.66,1
2023-07-11,2023-07-11 14:29:00,227.34,227.36,227.34,227.36,0.01,43.15,9769.66,1
2023-07-11,2023-07-11 14:30:00,227.36,227.38,227.36,227.38,0.01,43.15,9769.66,1
2023-07-11,2023-07-11 14:31:00,227.38,227.41,227.38,227.41,0.01,43.15,9769.66,1
2023-07-11,2023-07-11 14:32:00,227.41,227.43,227.41,227.43,0.01,43.15,9769.66,1
2023-07-11,2023-07-11 14:33:00,227.43,227.45,227.43,227.45,0.01,43.15,9769.66,1
2023-07-11,2023-07-11 14:34:00,227.45,227.47,227.45,227.47,0.01,43.15,9769.66,1
2023-07-11,2023-07-11 14:35:00,227.47,227.49,227.47,227.49,0.01,43.15,9769.66,1
2023-07-11,2023-07-11 14:36:00,227.49,227.51,227.49,227.51,0.01,43.15,9769.66,1
2023-07-11,2023-07-11 14:37:00,227.51,227.53,227.51,227.53,0.01,43.15,9769.66,1
2023-07-11,2023-07-11 14:38:00,227.53,227.55,227.53,227.55,0.01,43.15,9769.66,1
2023-07-11,2023-07-11 14:39:00,227.55,227.57,227.55,227.57,0.01,43.15,9769.66,1
2023-07-11,2023-07-11 14:40:00,227.57,227.6,227.57,227.6,0.01,43.15,9769.66,1
2023-07-11,2023-07-11 14:41:00,227.6,227.62,227.6,227.62,0.01,43.15,9769.66,1
2023-07-11,2023-07-11 14:42:00,227.62,227.64,227.62,227.64,0.01,43.15,9769.66,1
2023-07-11,2023-07-11 14:43:00,227.64,227.66,227.64,227.66,0.01,43.15,9769.66,1
2023-07-11,2023-07-11 14:44:00,227.66,227.68,227.66,227.68,0.01,43.15,9769.66,1
2023-07-11,2023-07-11 14:45:00,227.68,227.7,227.68,227.7,0.01,43.15,9769.66,1
2023-07-11,2023-07-11 14:46:00,227.7,227.72,227.7,227.72,0.01,43.15,9769.66,1
2023-07-11,2023-07-11 14:47:00,227.72,227.75,227.72,227.75,0.01,43.15,9769.66,1
2023-07-11,2023-07-11 14:48:00,227.75,227.77,227.75,227.77,0.01,43.15,9769.66,1
2023-07-11,2023-07-11 14:49:00,227.77,227.79,227.77,227.79,0.01,43.15,9769.66,1
2023-07-11,2023-07-11 14:50:00,227.79,227.81,227.79,227.81,0.01,43.15,9769.66,1
2023-07-11,2023-07-11 14:51:00,227.81,227.83,227.81,227.83,0.01,43.15,9769.66,1
2023-07-11,2023-07-11 14:52:00,227.83,227.85,227.83,227.85,0.01,43.15,9769.66,1
2023-07-11,2023-07-11 14:53:00,227.85,227.87,227.85,227.87,0.01,43.15,9769.66,1
2023-07-11,2023-07-11 14:54:00,227.87,227.89,227.87,227.89,0.01,43.15,9769.66,1
2023-07-11,2023-07-11 14:55:00,227.89,227.91,227.89,227.91,0.01,43.15,9769.66,1
2023-07-11,2023-07-11 14:56:00,227.91,227.94,227.91,227.94,0.01,43.15,9769.66,1
2023-07-11,2023-07-11 14:57:00,227.94,227.96,227.94,227.96,0.01,43.15,9769.66,1
2023-07-11,2023-07-11 14:58:00,227.96,227.98,227.96,227.98,0.01,43.15,9769.66,1
2023-07-11,2023-07-11 14:59:00,227.98,228.0,227.98,228.0,0.01,43.15,9769.66,1
2023-07-11,2023-07-11 15:00:00,228.0,230.0,222.9,228.0,0.0,43.15,9769.66,0
2023-07-12,2023-07-12 11:00:00,224.0,230.0,224.0,224.07,0.03,46.42,11013.95,1
2023-07-12,2023-07-12 11:01:00,224.07,224.14,224.07,224.14,0.03,46.42,11013.95,1
2023-07-12,2023-07-12 11:02:00,224.14,224.21,224.14,224.21,0.03,46.42,11013.95,1
2023-07-12,2023-07-12 11:03:00,224.21,224.28,224.21,224.28,0.03,46.42,11013.95,1
2023-07-12,2023-07-12 11:04:00,224.28,224.35,224.28,224.35,0.03,46.42,11013.95,1
2023-07-12,2023-07-12 11:05:00,224.35,224.41,224.35,224.41,0.03,46.42,11013.95,1
2023-07-12,2023-07-12 11:06:00,224.41,224.48,224.41,224.48,0.03,46.42,11013.95,1
2023-07-12,2023-07-12 11:07:00,224.48,224.55,224.48,224.55,0.03,46.42,11013.95,1
2023-07-12,2023-07-12 11:08:00,224.55,224.62,224.55,224.62,0.03,46.42,11013.95,1
2023-07-12,2023-07-12 11:09:00,224.62,224.69,224.62,224.69,0.03,46.42,11013.95,1
2023-07-12,2023-07-12 11:10:00,224.69,224.76,224.69,224.76,0.03,46.42,11013.95,1
2023-07-12,2023-07-12 11:11:00,224.76,224.83,224.76,224.83,0.03,46.42,11013.95,1
2023-07-12,2023-07-12 11:12:00,224.83,224.9,224.83,224.9,0.03,46.42,11013.95,1
2023-07-12,2023-07-12 11:13:00,224.9,224.97,224.9,224.97,0.03,46.42,11013.95,1
2023-07-12,2023-07-12 11:14:00,224.97,225.04,224.97,225.04,0.03,46.42,11013.95,1
2023-07-12,2023-07-12 11:15:00,225.04,225.11,225.04,225.11,0.03,46.42,11013.95,1
2023-07-12,2023-07-12 11:16:00,225.11,225.18,225.11,225.18,0.03,46.42,11013.95,1
2023-07-12,2023-07-12 11:17:00,225.18,225.25,225.18,225.25,0.03,46.42,11013.95,1
2023-07-12,2023-07-12 11:18:00,225.25,225.31,225.25,225.31,0.03,46.42,11013.95,1
2023-07-12,2023-07-12 11:19:00,225.31,225.38,225.31,225.38,0.03,46.42,11013.95,1
2023-07-12,2023-07-12 11:20:00,225.38,225.45,225.38,225.45,0.03,46.42,11013.95,1
2023-07-12,2023-07-12 11:21:00,225.45,225.52,225.45,225.52,0.03,46.42,11013.95,1
2023-07-12,2023-07-12 11:22:00,225.52,225.59,225.52,225.59,0.03,46.42,11013.95,1
2023-07-12,2023-07-12 11:23:00,225.59,225.66,225.59,225.66,0.03,46.42,11013.95,1
2023-07-12,2023-07-12 11:24:00,225.66,225.73,225.66,225.73,0.03,46.42,11013.95,1
2023-07-12,2023-07-12 11:25:00,225.73,225.8,225.73,225.8,0.03,46.42,11013.95,1
2023-07-12,2023-07-12 11:26:00,225.8,225.87,225.8,225.87,0.03,46.42,11013.95,1
2023-07-12,2023-07-12 11:27:00,225.87,225.94,225.87,225.94,0.03,46.42,11013.95,1
2023-07-12,2023-07-12 11:28:00,225.94,226.01,225.94,226.01,0.03,46.42,11013.95,1
2023-07-12,2023-07-12 11:29:00,226.01,226.07,226.01,226.07,0.03,46.42,11013.95,1
2023-07-12,2023-07-12 11:30:00,226.07,226.14,226.07,226.14,0.03,46.42,11013.95,1
2023-07-12,2023-07-12 11:31:00,226.14,226.21,226.14,226.21,0.03,46.42,11013.95,1
2023-07-12,2023-07-12 11:32:00,226.21,226.28,226.21,226.28,0.03,46.42,11013.95,1
2023-07-12,2023-07-12 11:33:00,226.28,226.35,226.28,226.35,0.03,46.42,11013.95,1
2023-07-12,2023-07-12 11:34:00,226.35,226.42,226.35,226.42,0.03,46.42,11013.95,1
2023-07-12,2023-07-12 11:35:00,226.42,226.49,226.42,226.49,0.03,46.42,11013.95,1
2023-07-12,2023-07-12 11:36:00,226.49,226.56,226.49,226.56,0.03,46.42,11013.95,1
2023-07-12,2023-07-12 11:37:00,226.56,226.63,226.56,226.63,0.03,46.42,11013.95,1
2023-07-12,2023-07-12 11:38:00,226.63,226.7,226.63,226.7,0.03,46.42,11013.95,1
2023-07-12,2023-07-12 11:39:00,226.7,226.77,226.7,226.77,0.03,46.42,11013.95,1
2023-07-12,2023-07-12 11:40:00,226.77,226.84,226.77,226.84,0.03,46.42,11013.95,1
2023-07-12,2023-07-12 11:41:00,226.84,226.91,226.84,226.91,0.03,46.42,11013.95,1
2023-07-12,2023-07-12 11:42:00,226.91,226.97,226.91,226.97,0.03,46.42,11013.95,1
2023-07-12,2023-07-12 11:43:00,226.97,227.04,226.97,227.04,0.03,46.42,11013.95,1
2023-07-12,2023-07-12 11:44:00,227.04,227.11,227.04,227.11,0.03,46.42,11013.95,1
2023-07-12,2023-07-12 11:45:00,227.11,227.18,227.11,227.18,0.03,46.42,11013.95,1
2023-07-12,2023-07-12 11:46:00,227.18,227.25,227.18,227.25,0.03,46.42,11013.95,1
2023-07-12,2023-07-12 11:47:00,227.25,227.32,227.25,227.32,0.03,46.42,11013.95,1
2023-07-12,2023-07-12 11:48:00,227.32,227.39,227.32,227.39,0.03,46.42,11013.95,1
2023-07-12,2023-07-12 11:49:00,227.39,227.46,227.39,227.46,0.03,46.42,11013.95,1
2023-07-12,2023-07-12 11:50:00,227.46,227.53,227.46,227.53,0.03,46.42,11013.95,1
2023-07-12,2023-07-12 11:51:00,227.53,227.6,227.53,227.6,0.03,46.42,11013.95,1
2023-07-12,2023-07-12 11:52:00,227.6,227.67,227.6,227.67,0.03,46.42,11013.95,1
2023-07-12,2023-07-12 11:53:00,227.67,227.73,227.67,227.73,0.03,46.42,11013.95,1
2023-07-12,2023-07-12 11:54:00,227.73,227.8,227.73,227.8,0.03,46.42,11013.95,1
2023-07-12,2023-07-12 11:55:00,227.8,227.87,227.8,227.87,0.03,46.42,11013.95,1
2023-07-12,2023-07-12 11:56:00,227.87,227.94,227.87,227.94,0.03,46.42,11013.95,1
2023-07-12,2023-07-12 11:57:00,227.94,228.01,227.94,228.01,0.03,46.42,11013.95,1
2023-07-12,2023-07-12 11:58:00,228.01,228.08,228.01,228.08,0.03,46.42,11013.95,1
2023-07-12,2023-07-12 11:59:00,228.08,228.15,228.08,228.15,0.03,46.42,11013.95,1
2023-07-12,2023-07-12 12:00:00,228.15,228.22,228.15,228.22,0.03,46.42,11013.95,1
2023-07-12,2023-07-12 12:01:00,228.22,228.29,228.22,228.29,0.03,46.42,11013.95,1
2023-07-12,2023-07-12 12:02:00,228.29,228.36,228.29,228.36,0.03,46.42,11013.95,1
2023-07-12,2023-07-12 12:03:00,228.36,228.43,228.36,228.43,0.03,46.42,11013.95,1
2023-07-12,2023-07-12 12:04:00,228.43,228.5,228.43,228.5,0.03,46.42,11013.95,1
2023-07-12,2023-07-12 12:05:00,228.5,228.56,228.5,228.56,0.03,46.42,11013.95,1
2023-07-12,2023-07-12 12:06:00,228.56,228.63,228.56,228.63,0.03,46.42,11013.95,1
2023-07-12,2023-07-12 12:07:00,228.63,228.7,228.63,228.7,0.03,46.42,11013.95,1
2023-07-12,2023-07-12 12:08:00,228.7,228.77,228.7,228.77,0.03,46.42,11013.95,1
2023-07-12,2023-07-12 12:09:00,228.77,228.84,228.77,228.84,0.03,46.42,11013.95,1
2023-07-12,2023-07-12 12:10:00,228.84,228.91,228.84,228.91,0.03,46.42,11013.95,1
2023-07-12,2023-07-12 12:11:00,228.91,228.98,228.91,228.98,0.03,46.42,11013.95,1
2023-07-12,2023-07-12 12:12:00,228.98,229.05,228.98,229.05,0.03,46.42,11013.95,1
2023-07-12,2023-07-12 12:13:00,229.05,229.12,229.05,229.12,0.03,46.42,11013.95,1
2023-07-12,2023-07-12 12:14:00,229.12,229.19,229.12,229.19,0.03,46.42,11013.95,1
2023-07-12,2023-07-12 12:15:00,229.19,229.26,229.19,229.26,0.03,46.42,11013.95,1
2023-07-12,2023-07-12 12:16:00,229.26,229.33,229.26,229.33,0.03,46.42,11013.95,1
2023-07-12,2023-07-12 12:17:00,229.33,229.4,229.33,229.4,0.03,46.42,11013.95,1
2023-07-12,2023-07-12 12:18:00,229.4,229.46,229.4,229.46,0.03,46.42,11013.95,1
2023-07-12,2023-07-12 12:19:00,229.46,229.53,229.46,229.53,0.03,46.42,11013.95,1
2023-07-12,2023-07-12 12:20:00,229.53,229.6,229.53,229.6,0.03,46.42,11013.95,1
2023-07-12,2023-07-12 12:21:00,229.6,229.67,229.6,229.67,0.03,46.42,11013.95,1
2023-07-12,2023-07-12 12:22:00,229.67,229.74,229.67,229.74,0.03,46.42,11013.95,1
2023-07-12,2023-07-12 12:23:00,229.74,229.81,229.74,229.81,0.03,46.42,11013.95,1
2023-07-12,2023-07-12 12:24:00,229.81,229.88,229.81,229.88,0.03,46.42,11013.95,1
2023-07-12,2023-07-12 12:25:00,229.88,229.95,229.88,229.95,0.03,46.42,11013.95,1
2023-07-12,2023-07-12 12:26:00,229.95,230.02,229.95,230.02,0.03,46.42,11013.95,1
2023-07-12,2023-07-12 12:27:00,230.02,230.09,230.02,230.09,0.03,46.42,11013.95,1
2023-07-12,2023-07-12 12:28:00,230.09,230.16,230.09,230.16,0.03,46.42,11013.95,1
2023-07-12,2023-07-12 12:29:00,230.16,230.22,230.16,230.22,0.03,46.42,11013.95,1
2023-07-12,2023-07-12 12:30:00,230.22,230.29,230.22,230.29,0.03,46.42,11013.95,1
2023-07-12,2023-07-12 12:31:00,230.29,230.36,230.29,230.36,0.03,46.42,11013.95,1
2023-07-12,2023-07-12 12:32:00,230.36,230.43,230.36,230.43,0.03,46.42,11013.95,1
2023-07-12,2023-07-12 12:33:00,230.43,230.5,230.43,230.5,0.03,46.42,11013.95,1
2023-07-12,2023-07-12 12:34:00,230.5,230.57,230.5,230.57,0.03,46.42,11013.95,1
2023-07-12,2023-07-12 12:35:00,230.57,230.64,230.57,230.64,0.03,46.42,11013.95,1
2023-07-12,2023-07-12 12:36:00,230.64,230.71,230.64,230.71,0.03,46.42,11013.95,1
2023-07-12,2023-07-12 12:37:00,230.71,230.78,230.71,230.78,0.03,46.42,11013.95,1
2023-07-12,2023-07-12 12:38:00,230.78,230.85,230.78,230.85,0.03,46.42,11013.95,1
2023-07-12,2023-07-12 12:39:00,230.85,230.92,230.85,230.92,0.03,46.42,11013.95,1
2023-07-12,2023-07-12 12:40:00,230.92,230.99,230.92,230.99,0.03,46.42,11013.95,1
2023-07-12,2023-07-12 12:41:00,230.99,231.06,230.99,231.06,0.03,46.42,11013.95,1
2023-07-12,2023-07-12 12:42:00,231.06,231.12,231.06,231.12,0.03,46.42,11013.95,1
2023-07-12,2023-07-12 12:43:00,231.12,231.19,231.12,231.19,0.03,46.42,11013.95,1
2023-07-12,2023-07-12 12:44:00,231.19,231.26,231.19,231.26,0.03,46.42,11013.95,1
2023-07-12,2023-07-12 12:45:00,231.26,231.33,231.26,231.33,0.03,46.42,11013.95,1
2023-07-12,2023-07-12 12:46:00,231.33,231.4,231.33,231.4,0.03,46.42,11013.95,1
2023-07-12,2023-07-12 12:47:00,231.4,231.47,231.4,231.47,0.03,46.42,11013.95,1
2023-07-12,2023-07-12 12:48:00,231.47,231.54,231.47,231.54,0.03,46.42,11013.95,1
2023-07-12,2023-07-12 12:49:00,231.54,231.61,231.54,231.61,0.03,46.42,11013.95,1
2023-07-12,2023-07-12 12:50:00,231.61,231.68,231.61,231.68,0.03,46.42,11013.95,1
2023-07-12,2023-07-12 12:51:00,231.68,231.75,231.68,231.75,0.03,46.42,11013.95,1
2023-07-12,2023-07-12 12:52:00,231.75,231.82,231.75,231.82,0.03,46.42,11013.95,1
2023-07-12,2023-07-12 12:53:00,231.82,231.88,231.82,231.88,0.03,46.42,11013.95,1
2023-07-12,2023-07-12 12:54:00,231.88,231.95,231.88,231.95,0.03,46.42,11013.95,1
2023-07-12,2023-07-12 12:55:00,231.95,232.02,231.95,232.02,0.03,46.42,11013.95,1
2023-07-12,2023-07-12 12:56:00,232.02,232.09,232.02,232.09,0.03,46.42,11013.95,1
2023-07-12,2023-07-12 12:57:00,232.09,232.16,232.09,232.16,0.03,46.42,11013.95,1
2023-07-12,2023-07-12 12:58:00,232.16,232.23,232.16,232.23,0.03,46.42,11013.95,1
2023-07-12,2023-07-12 12:59:00,232.23,232.3,232.23,232.3,0.03,46.42,11013.95,1
2023-07-12,2023-07-12 13:00:00,232.3,244.0,224.0,232.37,0.03,46.42,11013.95,1
2023-07-12,2023-07-12 13:01:00,232.37,232.44,232.37,232.44,0.03,46.42,11013.95,1
2023-07-12,2023-07-12 13:02:00,232.44,232.51,232.44,232.51,0.03,46.42,11013.95,1
2023-07-12,2023-07-12 13:03:00,232.51,232.58,232.51,232.58,0.03,46.42,11013.95,1
2023-07-12,2023-07-12 13:04:00,232.58,232.65,232.58,232.65,0.03,46.42,11013.95,1
2023-07-12,2023-07-12 13:05:00,232.65,232.72,232.65,232.72,0.03,46.42,11013.95,1
2023-07-12,2023-07-12 13:06:00,232.72,232.78,232.72,232.78,0.03,46.42,11013.95,1
2023-07-12,2023-07-12 13:07:00,232.78,232.85,232.78,232.85,0.03,46.42,11013.95,1
2023-07-12,2023-07-12 13:08:00,232.85,232.92,232.85,232.92,0.03,46.42,11013.95,1
2023-07-12,2023-07-12 13:09:00,232.92,232.99,232.92,232.99,0.03,46.42,11013.95,1
2023-07-12,2023-07-12 13:10:00,232.99,233.06,232.99,233.06,0.03,46.42,11013.95,1
2023-07-12,2023-07-12 13:11:00,233.06,233.13,233.06,233.13,0.03,46.42,11013.95,1
2023-07-12,2023-07-12 13:12:00,233.13,233.2,233.13,233.2,0.03,46.42,11013.95,1
2023-07-12,2023-07-12 13:13:00,233.2,233.27,233.2,233.27,0.03,46.42,11013.95,1
2023-07-12,2023-07-12 13:14:00,233.27,233.34,233.27,233.34,0.03,46.42,11013.95,1
2023-07-12,2023-07-12 13:15:00,233.34,233.41,233.34,233.41,0.03,46.42,11013.95,1
2023-07-12,2023-07-12 13:16:00,233.41,233.48,233.41,233.48,0.03,46.42,11013.95,1
2023-07-12,2023-07-12 13:17:00,233.48,233.54,233.48,233.54,0.03,46.42,11013.95,1
2023-07-12,2023-07-12 13:18:00,233.54,233.61,233.54,233.61,0.03,46.42,11013.95,1
2023-07-12,2023-07-12 13:19:00,233.61,233.68,233.61,233.68,0.03,46.42,11013.95,1
2023-07-12,2023-07-12 13:20:00,233.68,233.75,233.68,233.75,0.03,46.42,11013.95,1
2023-07-12,2023-07-12 13:21:00,233.75,233.82,233.75,233.82,0.03,46.42,11013.95,1
2023-07-12,2023-07-12 13:22:00,233.82,233.89,233.82,233.89,0.03,46.42,11013.95,1
2023-07-12,2023-07-12 13:23:00,233.89,233.96,233.89,233.96,0.03,46.42,11013.95,1
2023-07-12,2023-07-12 13:24:00,233.96,234.03,233.96,234.03,0.03,46.42,11013.95,1
2023-07-12,2023-07-12 13:25:00,234.03,234.1,234.03,234.1,0.03,46.42,11013.95,1
2023-07-12,2023-07-12 13:26:00,234.1,234.17,234.1,234.17,0.03,46.42,11013.95,1
2023-07-12,2023-07-12 13:27:00,234.17,234.24,234.17,234.24,0.03,46.42,11013.95,1
2023-07-12,2023-07-12 13:28:00,234.24,234.31,234.24,234.31,0.03,46.42,11013.95,1
2023-07-12,2023-07-12 13:29:00,234.31,234.38,234.31,234.38,0.03,46.42,11013.95,1
2023-07-12,2023-07-12 13:30:00,234.38,234.44,234.38,234.44,0.03,46.42,11013.95,1
2023-07-12,2023-07-12 13:31:00,234.44,234.51,234.44,234.51,0.03,46.42,11013.95,1
2023-07-12,2023-07-12 13:32:00,234.51,234.58,234.51,234.58,0.03,46.42,11013.95,1
2023-07-12,2023-07-12 13:33:00,234.58,234.65,234.58,234.65,0.03,46.42,11013.95,1
2023-07-12,2023-07-12 13:34:00,234.65,234.72,234.65,234.72,0.03,46.42,11013.95,1
2023-07-12,2023-07-12 13:35:00,234.72,234.79,234.72,234.79,0.03,46.42,11013.95,1
2023-07-12,2023-07-12 13:36:00,234.79,234.86,234.79,234.86,0.03,46.42,11013.95,1
2023-07-12,2023-07-12 13:37:00,234.86,234.93,234.86,234.93,0.03,46.42,11013.95,1
2023-07-12,2023-07-12 13:38:00,234.93,235.0,234.93,235.0,0.03,46.42,11013.95,1
2023-07-12,2023-07-12 13:39:00,235.0,235.07,235.0,235.07,0.03,46.42,11013.95,1
2023-07-12,2023-07-12 13:40:00,235.07,235.14,235.07,235.14,0.03,46.42,11013.95,1
2023-07-12,2023-07-12 13:41:00,235.14,235.2,235.14,235.2,0.03,46.42,11013.95,1
2023-07-12,2023-07-12 13:42:00,235.2,235.27,235.2,235.27,0.03,46.42,11013.95,1
2023-07-12,2023-07-12 13:43:00,235.27,235.34,235.27,235.34,0.03,46.42,11013.95,1
2023-07-12,2023-07-12 13:44:00,235.34,235.41,235.34,235.41,0.03,46.42,11013.95,1
2023-07-12,2023-07-12 13:45:00,235.41,235.48,235.41,235.48,0.03,46.42,11013.95,1
2023-07-12,2023-07-12 13:46:00,235.48,235.55,235.48,235.55,0.03,46.42,11013.95,1
2023-07-12,2023-07-12 13:47:00,235.55,235.62,235.55,235.62,0.03,46.42,11013.95,1
2023-07-12,2023-07-12 13:48:00,235.62,235.69,235.62,235.69,0.03,46.42,11013.95,1
2023-07-12,2023-07-12 13:49:00,235.69,235.76,235.69,235.76,0.03,46.42,11013.95,1
2023-07-12,2023-07-12 13:50:00,235.76,235.83,235.76,235.83,0.03,46.42,11013.95,1
2023-07-12,2023-07-12 13:51:00,235.83,235.9,235.83,235.9,0.03,46.42,11013.95,1
2023-07-12,2023-07-12 13:52:00,235.9,235.97,235.9,235.97,0.03,46.42,11013.95,1
2023-07-12,2023-07-12 13:53:00,235.97,236.03,235.97,236.03,0.03,46.42,11013.95,1
2023-07-12,2023-07-12 13:54:00,236.03,236.1,236.03,236.1,0.03,46.42,11013.95,1
2023-07-12,2023-07-12 13:55:00,236.1,236.17,236.1,236.17,0.03,46.42,11013.95,1
2023-07-12,2023-07-12 13:56:00,236.17,236.24,236.17,236.24,0.03,46.42,11013.95,1
2023-07-12,2023-07-12 13:57:00,236.24,236.31,236.24,236.31,0.03,46.42,11013.95,1
2023-07-12,2023-07-12 13:58:00,236.31,236.38,236.31,236.38,0.03,46.42,11013.95,1
2023-07-12,2023-07-12 13:59:00,236.38,236.45,236.38,236.45,0.03,46.42,11013.95,1
2023-07-12,2023-07-12 14:00:00,236.45,236.52,236.45,236.52,0.03,46.42,11013.95,1
2023-07-12,2023-07-12 14:01:00,236.52,236.59,236.52,236.59,0.03,46.42,11013.95,1
2023-07-12,2023-07-12 14:02:00,236.59,236.66,236.59,236.66,0.03,46.42,11013.95,1
2023-07-12,2023-07-12 14:03:00,236.66,236.73,236.66,236.73,0.03,46.42,11013.95,1
2023-07-12,2023-07-12 14:04:00,236.73,236.8,236.73,236.8,0.03,46.42,11013.95,1
2023-07-12,2023-07-12 14:05:00,236.8,236.87,236.8,236.87,0.03,46.42,11013.95,1
2023-07-12,2023-07-12 14:06:00,236.87,236.93,236.87,236.93,0.03,46.42,11013.95,1
2023-07-12,2023-07-12 14:07:00,236.93,237.0,236.93,237.0,0.03,46.42,11013.95,1
2023-07-12,2023-07-12 14:08:00,237.0,237.07,237.0,237.07,0.03,46.42,11013.95,1
2023-07-12,2023-07-12 14:09:00,237.07,237.14,237.07,237.14,0.03,46.42,11013.95,1
2023-07-12,2023-07-12 14:10:00,237.14,237.21,237.14,237.21,0.03,46.42,11013.95,1
2023-07-12,2023-07-12 14:11:00,237.21,237.28,237.21,237.28,0.03,46.42,11013.95,1
2023-07-12,2023-07-12 14:12:00,237.28,237.35,237.28,237.35,0.03,46.42,11013.95,1
2023-07-12,2023-07-12 14:13:00,237.35,237.42,237.35,237.42,0.03,46.42,11013.95,1
2023-07-12,2023-07-12 14:14:00,237.42,237.49,237.42,237.49,0.03,46.42,11013.95,1
2023-07-12,2023-07-12 14:15:00,237.49,237.56,237.49,237.56,0.03,46.42,11013.95,1
2023-07-12,2023-07-12 14:16:00,237.56,237.63,237.56,237.63,0.03,46.42,11013.95,1
2023-07-12,2023-07-12 14:17:00,237.63,237.69,237.63,237.69,0.03,46.42,11013.95,1
2023-07-12,2023-07-12 14:18:00,237.69,237.76,237.69,237.76,0.03,46.42,11013.95,1
2023-07-12,2023-07-12 14:19:00,237.76,237.83,237.76,237.83,0.03,46.42,11013.95,1
2023-07-12,2023-07-12 14:20:00,237.83,237.9,237.83,237.9,0.03,46.42,11013.95,1
2023-07-12,2023-07-12 14:21:00,237.9,237.97,237.9,237.97,0.03,46.42,11013.95,1
2023-07-12,2023-07-12 14:22:00,237.97,238.04,237.97,238.04,0.03,46.42,11013.95,1
2023-07-12,2023-07-12 14:23:00,238.04,238.11,238.04,238.11,0.03,46.42,11013.95,1
2023-07-12,2023-07-12 14:24:00,238.11,238.18,238.11,238.18,0.03,46.42,11013.95,1
2023-07-12,2023-07-12 14:25:00,238.18,238.25,238.18,238.25,0.03,46.42,11013.95,1
2023-07-12,2023-07-12 14:26:00,238.25,238.32,238.25,238.32,0.03,46.42,11013.95,1
2023-07-12,2023-07-12 14:27:00,238.32,238.39,238.32,238.39,0.03,46.42,11013.95,1
2023-07-12,2023-07-12 14:28:00,238.39,238.46,238.39,238.46,0.03,46.42,11013.95,1
2023-07-12,2023-07-12 14:29:00,238.46,238.53,238.46,238.53,0.03,46.42,11013.95,1
2023-07-12,2023-07-12 14:30:00,238.53,238.59,238.53,238.59,0.03,46.42,11013.95,1
2023-07-12,2023-07-12 14:31:00,238.59,238.66,238.59,238.66,0.03,46.42,11013.95,1
2023-07-12,2023-07-12 14:32:00,238.66,238.73,238.66,238.73,0.03,46.42,11013.95,1
2023-07-12,2023-07-12 14:33:00,238.73,238.8,238.73,238.8,0.03,46.42,11013.95,1
2023-07-12,2023-07-12 14:34:00,238.8,238.87,238.8,238.87,0.03,46.42,11013.95,1
2023-07-12,2023-07-12 14:35:00,238.87,238.94,238.87,238.94,0.03,46.42,11013.95,1
2023-07-12,2023-07-12 14:36:00,238.94,239.01,238.94,239.01,0.03,46.42,11013.95,1
2023-07-12,2023-07-12 14:37:00,239.01,239.08,239.01,239.08,0.03,46.42,11013.95,1
2023-07-12,2023-07-12 14:38:00,239.08,239.15,239.08,239.15,0.03,46.42,11013.95,1
2023-07-12,2023-07-12 14:39:00,239.15,239.22,239.15,239.22,0.03,46.42,11013.95,1
2023-07-12,2023-07-12 14:40:00,239.22,239.29,239.22,239.29,0.03,46.42,11013.95,1
2023-07-12,2023-07-12 14:41:00,239.29,239.35,239.29,239.35,0.03,46.42,11013.95,1
2023-07-12,2023-07-12 14:42:00,239.35,239.42,239.35,239.42,0.03,46.42,11013.95,1
2023-07-12,2023-07-12 14:43:00,239.42,239.49,239.42,239.49,0.03,46.42,11013.95,1
2023-07-12,2023-07-12 14:44:00,239.49,239.56,239.49,239.56,0.03,46.42,11013.95,1
2023-07-12,2023-07-12 14:45:00,239.56,239.63,239.56,239.63,0.03,46.42,11013.95,1
2023-07-12,2023-07-12 14:46:00,239.63,239.7,239.63,239.7,0.03,46.42,11013.95,1
2023-07-12,2023-07-12 14:47:00,239.7,239.77,239.7,239.77,0.03,46.42,11013.95,1
2023-07-12,2023-07-12 14:48:00,239.77,239.84,239.77,239.84,0.03,46.42,11013.95,1
2023-07-12,2023-07-12 14:49:00,239.84,239.91,239.84,239.91,0.03,46.42,11013.95,1
2023-07-12,2023-07-12 14:50:00,239.91,239.98,239.91,239.98,0.03,46.42,11013.95,1
2023-07-12,2023-07-12 14:51:00,239.98,240.05,239.98,240.05,0.03,46.42,11013.95,1
2023-07-12,2023-07-12 14:52:00,240.05,240.12,240.05,240.12,0.03,46.42,11013.95,1
2023-07-12,2023-07-12 14:53:00,240.12,240.19,240.12,240.19,0.03,46.42,11013.95,1
2023-07-12,2023-07-12 14:54:00,240.19,240.25,240.19,240.25,0.02,46.42,11013.95,1
2023-07-12,2023-07-12 14:55:00,240.25,240.32,240.25,240.32,0.03,46.42,11013.95,1
2023-07-12,2023-07-12 14:56:00,240.32,240.39,240.32,240.39,0.03,46.42,11013.95,1
2023-07-12,2023-07-12 14:57:00,240.39,240.46,240.39,240.46,0.03,46.42,11013.95,1
2023-07-12,2023-07-12 14:58:00,240.46,240.53,240.46,240.53,0.03,46.42,11013.95,1
2023-07-12,2023-07-12 14:59:00,240.53,240.6,240.53,240.6,0.03,46.42,11013.95,1
2023-07-12,2023-07-12 15:00:00,240.6,244.0,224.0,240.6,0.0,46.42,11013.95,0
2023-07-13,2023-07-13 11:00:00,236.0,238.67,234.83,236.0,0.0,35.89,8571.59,0
2023-07-13,2023-07-13 11:01:00,236.0,236.0,236.0,236.0,0.0,35.89,8571.59,0
2023-07-13,2023-07-13 11:02:00,236.0,236.0,236.0,236.0,0.0,35.89,8571.59,0
2023-07-13,2023-07-13 11:03:00,236.0,236.0,236.0,236.0,0.0,35.89,8571.59,0
2023-07-13,2023-07-13 11:04:00,236.0,236.0,236.0,236.0,0.0,35.89,8571.59,0
2023-07-13,2023-07-13 11:05:00,236.0,236.0,236.0,236.0,0.0,35.89,8571.59,0
2023-07-13,2023-07-13 11:06:00,236.0,236.01,236.0,236.01,0.0,35.89,8571.59,1
2023-07-13,2023-07-13 11:07:00,236.01,236.01,236.01,236.01,0.0,35.89,8571.59,0
2023-07-13,2023-07-13 11:08:00,236.01,236.01,236.01,236.01,0.0,35.89,8571.59,0
2023-07-13,2023-07-13 11:09:00,236.01,236.01,236.01,236.01,0.0,35.89,8571.59,0
2023-07-13,2023-07-13 11:10:00,236.01,236.01,236.01,236.01,0.0,35.89,8571.59,0
2023-07-13,2023-07-13 11:11:00,236.01,236.01,236.01,236.01,0.0,35.89,8571.59,0
2023-07-13,2023-07-13 11:12:00,236.01,236.01,236.01,236.01,0.0,35.89,8571.59,0
2023-07-13,2023-07-13 11:13:00,236.01,236.01,236.01,236.01,0.0,35.89,8571.59,0
2023-07-13,2023-07-13 11:14:00,236.01,236.01,236.01,236.01,0.0,35.89,8571.59,0
2023-07-13,2023-07-13 11:15:00,236.01,236.01,236.01,236.01,0.0,35.89,8571.59,0
2023-07-13,2023-07-13 11:16:00,236.01,236.01,236.01,236.01,0.0,35.89,8571.59,0
2023-07-13,2023-07-13 11:17:00,236.01,236.01,236.01,236.01,0.0,35.89,8571.59,0
2023-07-13,2023-07-13 11:18:00,236.01,236.02,236.01,236.02,0.0,35.89,8571.59,1
2023-07-13,2023-07-13 11:19:00,236.02,236.02,236.02,236.02,0.0,35.89,8571.59,0
2023-07-13,2023-07-13 11:20:00,236.02,236.02,236.02,236.02,0.0,35.89,8571.59,0
2023-07-13,2023-07-13 11:21:00,236.02,236.02,236.02,236.02,0.0,35.89,8571.59,0
2023-07-13,2023-07-13 11:22:00,236.02,236.02,236.02,236.02,0.0,35.89,8571.59,0
2023-07-13,2023-07-13 11:23:00,236.02,236.02,236.02,236.02,0.0,35.89,8571.59,0
2023-07-13,2023-07-13 11:24:00,236.02,236.02,236.02,236.02,0.0,35.89,8571.59,0
2023-07-13,2023-07-13 11:25:00,236.02,236.02,236.02,236.02,0.0,35.89,8571.59,0
2023-07-13,2023-07-13 11:26:00,236.02,236.02,236.02,236.02,0.0,35.89,8571.59,0
2023-07-13,2023-07-13 11:27:00,236.02,236.02,236.02,236.02,0.0,35.89,8571.59,0
2023-07-13,2023-07-13 11:28:00,236.02,236.02,236.02,236.02,0.0,35.89,8571.59,0
2023-07-13,2023-07-13 11:29:00,236.02,236.03,236.02,236.03,0.0,35.89,8571.59,1
2023-07-13,2023-07-13 11:30:00,236.03,236.03,236.03,236.03,0.0,35.89,8571.59,0
2023-07-13,2023-07-13 11:31:00,236.03,236.03,236.03,236.03,0.0,35.89,8571.59,0
2023-07-13,2023-07-13 11:32:00,236.03,236.03,236.03,236.03,0.0,35.89,8571.59,0
2023-07-13,2023-07-13 11:33:00,236.03,236.03,236.03,236.03,0.0,35.89,8571.59,0
2023-07-13,2023-07-13 11:34:00,236.03,236.03,236.03,236.03,0.0,35.89,8571.59,0
2023-07-13,2023-07-13 11:35:00,236.03,236.03,236.03,236.03,0.0,35.89,8571.59,0
2023-07-13,2023-07-13 11:36:00,236.03,236.03,236.03,236.03,0.0,35.89,8571.59,0
2023-07-13,2023-07-13 11:37:00,236.03,236.03,236.03,236.03,0.0,35.89,8571.59,0
2023-07-13,2023-07-13 11:38:00,236.03,236.03,236.03,236.03,0.0,35.89,8571.59,0
2023-07-13,2023-07-13 11:39:00,236.03,236.03,236.03,236.03,0.0,35.89,8571.59,0
2023-07-13,2023-07-13 11:40:00,236.03,236.03,236.03,236.03,0.0,35.89,8571.59,0
2023-07-13,2023-07-13 11:41:00,236.03,236.03,236.03,236.03,0.0,35.89,8571.59,0
2023-07-13,2023-07-13 11:42:00,236.03,236.04,236.03,236.04,0.0,35.89,8571.59,1
2023-07-13,2023-07-13 11:43:00,236.04,236.04,236.04,236.04,0.0,35.89,8571.59,0
2023-07-13,2023-07-13 11:44:00,236.04,236.04,236.04,236.04,0.0,35.89,8571.59,0
2023-07-13,2023-07-13 11:45:00,236.04,236.04,236.04,236.04,0.0,35.89,8571.59,0
2023-07-13,2023-07-13 11:46:00,236.04,236.04,236.04,236.04,0.0,35.89,8571.59,0
2023-07-13,2023-07-13 11:47:00,236.04,236.04,236.04,236.04,0.0,35.89,8571.59,0
2023-07-13,2023-07-13 11:48:00,236.04,236.04,236.04,236.04,0.0,35.89,8571.59,0
2023-07-13,2023-07-13 11:49:00,236.04,236.04,236.04,236.04,0.0,35.89,8571.59,0
2023-07-13,2023-07-13 11:50:00,236.04,236.04,236.04,236.04,0.0,35.89,8571.59,0
2023-07-13,2023-07-13 11:51:00,236.04,236.04,236.04,236.04,0.0,35.89,8571.59,0
2023-07-13,2023-07-13 11:52:00,236.04,236.04,236.04,236.04,0.0,35.89,8571.59,0
2023-07-13,2023-07-13 11:53:00,236.04,236.04,236.04,236.04,0.0,35.89,8571.59,0
2023-07-13,2023-07-13 11:54:00,236.04,236.05,236.04,236.05,0.0,35.89,8571.59,1
2023-07-13,2023-07-13 11:55:00,236.05,236.05,236.05,236.05,0.0,35.89,8571.59,0
2023-07-13,2023-07-13 11:56:00,236.05,236.05,236.05,236.05,0.0,35.89,8571.59,0
2023-07-13,2023-07-13 11:57:00,236.05,236.05,236.05,236.05,0.0,35.89,8571.59,0
2023-07-13,2023-07-13 11:58:00,236.05,236.05,236.05,236.05,0.0,35.89,8571.59,0
2023-07-13,2023-07-13 11:59:00,236.05,236.05,236.05,236.05,0.0,35.89,8571.59,0
2023-07-13,2023-07-13 12:00:00,236.05,236.05,236.05,236.05,0.0,35.89,8571.59,0
2023-07-13,2023-07-13 12:01:00,236.05,236.05,236.05,236.05,0.0,35.89,8571.59,0
2023-07-13,2023-07-13 12:02:00,236.05,236.05,236.05,236.05,0.0,35.89,8571.59,0
2023-07-13,2023-07-13 12:03:00,236.05,236.05,236.05,236.05,0.0,35.89,8571.59,0
2023-07-13,2023-07-13 12:04:00,236.05,236.05,236.05,236.05,0.0,35.89,8571.59,0
2023-07-13,2023-07-13 12:05:00,236.05,236.06,236.05,236.06,0.0,35.89,8571.59,1
2023-07-13,2023-07-13 12:06:00,236.06,236.06,236.06,236.06,0.0,35.89,8571.59,0
2023-07-13,2023-07-13 12:07:00,236.06,236.06,236.06,236.06,0.0,35.89,8571.59,0
2023-07-13,2023-07-13 12:08:00,236.06,236.06,236.06,236.06,0.0,35.89,8571.59,0
2023-07-13,2023-07-13 12:09:00,236.06,236.06,236.06,236.06,0.0,35.89,8571.59,0
2023-07-13,2023-07-13 12:10:00,236.06,236.06,236.06,236.06,0.0,35.89,8571.59,0
2023-07-13,2023-07-13 12:11:00,236.06,236.06,236.06,236.06,0.0,35.89,8571.59,0
2023-07-13,2023-07-13 12:12:00,236.06,236.06,236.06,236.06,0.0,35.89,8571.59,0
2023-07-13,2023-07-13 12:13:00,236.06,236.06,236.06,236.06,0.0,35.89,8571.59,0
2023-07-13,2023-07-13 12:14:00,236.06,236.06,236.06,236.06,0.0,35.89,8571.59,0
2023-07-13,2023-07-13 12:15:00,236.06,236.06,236.06,236.06,0.0,35.89,8571.59,0
2023-07-13,2023-07-13 12:16:00,236.06,236.06,236.06,236.06,0.0,35.89,8571.59,0
2023-07-13,2023-07-13 12:17:00,236.06,236.06,236.06,236.06,0.0,35.89,8571.59,0
2023-07-13,2023-07-13 12:18:00,236.06,236.07,236.06,236.07,0.0,35.89,8571.59,1
2023-07-13,2023-07-13 12:19:00,236.07,236.07,236.07,236.07,0.0,35.89,8571.59,0
2023-07-13,2023-07-13 12:20:00,236.07,236.07,236.07,236.07,0.0,35.89,8571.59,0
2023-07-13,2023-07-13 12:21:00,236.07,236.07,236.07,236.07,0.0,35.89,8571.59,0
2023-07-13,2023-07-13 12:22:00,236.07,236.07,236.07,236.07,0.0,35.89,8571.59,0
2023-07-13,2023-07-13 12:23:00,236.07,236.07,236.07,236.07,0.0,35.89,8571.59,0
2023-07-13,2023-07-13 12:24:00,236.07,236.07,236.07,236.07,0.0,35.89,8571.59,0
2023-07-13,2023-07-13 12:25:00,236.07,236.07,236.07,236.07,0.0,35.89,8571.59,0
2023-07-13,2023-07-13 12:26:00,236.07,236.07,236.07,236.07,0.0,35.89,8571.59,0
2023-07-13,2023-07-13 12:27:00,236.07,236.07,236.07,236.07,0.0,35.89,8571.59,0
2023-07-13,2023-07-13 12:28:00,236.07,236.07,236.07,236.07,0.0,35.89,8571.59,0
2023-07-13,2023-07-13 12:29:00,236.07,236.07,236.07,236.07,0.0,35.89,8571.59,0
2023-07-13,2023-07-13 12:30:00,236.07,236.08,236.07,236.08,0.0,35.89,8571.59,1
2023-07-13,2023-07-13 12:31:00,236.08,236.08,236.08,236.08,0.0,35.89,8571.59,0
2023-07-13,2023-07-13 12:32:00,236.08,236.08,236.08,236.08,0.0,35.89,8571.59,0
2023-07-13,2023-07-13 12:33:00,236.08,236.08,236.08,236.08,0.0,35.89,8571.59,0
2023-07-13,2023-07-13 12:34:00,236.08,236.08,236.08,236.08,0.0,35.89,8571.59,0
2023-07-13,2023-07-13 12:35:00,236.08,236.08,236.08,236.08,0.0,35.89,8571.59,0
2023-07-13,2023-07-13 12:36:00,236.08,236.08,236.08,236.08,0.0,35.89,8571.59,0
2023-07-13,2023-07-13 12:37:00,236.08,236.08,236.08,236.08,0.0,35.89,8571.59,0
2023-07-13,2023-07-13 12:38:00,236.08,236.08,236.08,236.08,0.0,35.89,8571.59,0
2023-07-13,2023-07-13 12:39:00,236.08,236.08,236.08,236.08,0.0,35.89,8571.59,0
2023-07-13,2023-07-13 12:40:00,236.08,236.08,236.08,236.08,0.0,35.89,8571.59,0
2023-07-13,2023-07-13 12:41:00,236.08,236.09,236.08,236.09,0.0,35.89,8571.59,1
2023-07-13,2023-07-13 12:42:00,236.09,236.09,236.09,236.09,0.0,35.89,8571.59,0
2023-07-13,2023-07-13 12:43:00,236.09,236.09,236.09,236.09,0.0,35.89,8571.59,0
2023-07-13,2023-07-13 12:44:00,236.09,236.09,236.09,236.09,0.0,35.89,8571.59,0
2023-07-13,2023-07-13 12:45:00,236.09,236.09,236.09,236.09,0.0,35.89,8571.59,0
2023-07-13,2023-07-13 12:46:00,236.09,236.09,236.09,236.09,0.0,35.89,8571.59,0
2023-07-13,2023-07-13 12:47:00,236.09,236.09,236.09,236.09,0.0,35.89,8571.59,0
2023-07-13,2023-07-13 12:48:00,236.09,236.09,236.09,236.09,0.0,35.89,8571.59,0
2023-07-13,2023-07-13 12:49:00,236.09,236.09,236.09,236.09,0.0,35.89,8571.59,0
2023-07-13,2023-07-13 12:50:00,236.09,236.09,236.09,236.09,0.0,35.89,8571.59,0
2023-07-13,2023-07-13 12:51:00,236.09,236.09,236.09,236.09,0.0,35.89,8571.59,0
2023-07-13,2023-07-13 12:52:00,236.09,236.09,236.09,236.09,0.0,35.89,8571.59,0
2023-07-13,2023-07-13 12:53:00,236.09,236.09,236.09,236.09,0.0,35.89,8571.59,0
2023-07-13,2023-07-13 12:54:00,236.09,236.1,236.09,236.1,0.0,35.89,8571.59,1
2023-07-13,2023-07-13 12:55:00,236.1,236.1,236.1,236.1,0.0,35.89,8571.59,0
2023-07-13,2023-07-13 12:56:00,236.1,236.1,236.1,236.1,0.0,35.89,8571.59,0
2023-07-13,2023-07-13 12:57:00,236.1,236.1,236.1,236.1,0.0,35.89,8571.59,0
2023-07-13,2023-07-13 12:58:00,236.1,236.1,236.1,236.1,0.0,35.89,8571.59,0
2023-07-13,2023-07-13 12:59:00,236.1,236.1,236.1,236.1,0.0,35.89,8571.59,0
2023-07-13,2023-07-13 13:00:00,236.1,244.9,232.1,236.1,0.0,35.89,8571.59,0
2023-07-13,2023-07-13 13:01:00,236.1,236.1,236.1,236.1,0.0,35.89,8571.59,0
2023-07-13,2023-07-13 13:02:00,236.1,236.1,236.1,236.1,0.0,35.89,8571.59,0
2023-07-13,2023-07-13 13:03:00,236.1,236.1,236.1,236.1,0.0,35.89,8571.59,0
2023-07-13,2023-07-13 13:04:00,236.1,236.1,236.1,236.1,0.0,35.89,8571.59,0
2023-07-13,2023-07-13 13:05:00,236.1,236.1,236.1,236.1,0.0,35.89,8571.59,0
2023-07-13,2023-07-13 13:06:00,236.1,236.11,236.1,236.11,0.0,35.89,8571.59,1
2023-07-13,2023-07-13 13:07:00,236.11,236.11,236.11,236.11,0.0,35.89,8571.59,0
2023-07-13,2023-07-13 13:08:00,236.11,236.11,236.11,236.11,0.0,35.89,8571.59,0
2023-07-13,2023-07-13 13:09:00,236.11,236.11,236.11,236.11,0.0,35.89,8571.59,0
2023-07-13,2023-07-13 13:10:00,236.11,236.11,236.11,236.11,0.0,35.89,8571.59,0
2023-07-13,2023-07-13 13:11:00,236.11,236.11,236.11,236.11,0.0,35.89,8571.59,0
2023-07-13,2023-07-13 13:12:00,236.11,236.11,236.11,236.11,0.0,35.89,8571.59,0
2023-07-13,2023-07-13 13:13:00,236.11,236.11,236.11,236.11,0.0,35.89,8571.59,0
2023-07-13,2023-07-13 13:14:00,236.11,236.11,236.11,236.11,0.0,35.89,8571.59,0
2023-07-13,2023-07-13 13:15:00,236.11,236.11,236.11,236.11,0.0,35.89,8571.59,0
2023-07-13,2023-07-13 13:16:00,236.11,236.11,236.11,236.11,0.0,35.89,8571.59,0
2023-07-13,2023-07-13 13:17:00,236.11,236.11,236.11,236.11,0.0,35.89,8571.59,0
2023-07-13,2023-07-13 13:18:00,236.11,236.12,236.11,236.12,0.0,35.89,8571.59,1
2023-07-13,2023-07-13 13:19:00,236.12,236.12,236.12,236.12,0.0,35.89,8571.59,0
2023-07-13,2023-07-13 13:20:00,236.12,236.12,236.12,236.12,0.0,35.89,8571.59,0
2023-07-13,2023-07-13 13:21:00,236.12,236.12,236.12,236.12,0.0,35.89,8571.59,0
2023-07-13,2023-07-13 13:22:00,236.12,236.12,236.12,236.12,0.0,35.89,8571.59,0
2023-07-13,2023-07-13 13:23:00,236.12,236.12,236.12,236.12,0.0,35.89,8571.59,0
2023-07-13,2023-07-13 13:24:00,236.12,236.12,236.12,236.12,0.0,35.89,8571.59,0
2023-07-13,2023-07-13 13:25:00,236.12,236.12,236.12,236.12,0.0,35.89,8571.59,0
2023-07-13,2023-07-13 13:26:00,236.12,236.12,236.12,236.12,0.0,35.89,8571.59,0
2023-07-13,2023-07-13 13:27:00,236.12,236.12,236.12,236.12,0.0,35.89,8571.59,0
2023-07-13,2023-07-13 13:28:00,236.12,236.12,236.12,236.12,0.0,35.89,8571.59,0
2023-07-13,2023-07-13 13:29:00,236.12,236.12,236.12,236.12,0.0,35.89,8571.59,0
2023-07-13,2023-07-13 13:30:00,236.12,236.13,236.12,236.13,0.0,35.89,8571.59,1
2023-07-13,2023-07-13 13:31:00,236.13,236.13,236.13,236.13,0.0,35.89,8571.59,0
2023-07-13,2023-07-13 13:32:00,236.13,236.13,236.13,236.13,0.0,35.89,8571.59,0
2023-07-13,2023-07-13 13:33:00,236.13,236.13,236.13,236.13,0.0,35.89,8571.59,0
2023-07-13,2023-07-13 13:34:00,236.13,236.13,236.13,236.13,0.0,35.89,8571.59,0
2023-07-13,2023-07-13 13:35:00,236.13,236.13,236.13,236.13,0.0,35.89,8571.59,0
2023-07-13,2023-07-13 13:36:00,236.13,236.13,236.13,236.13,0.0,35.89,8571.59,0
2023-07-13,2023-07-13 13:37:00,236.13,236.13,236.13,236.13,0.0,35.89,8571.59,0
2023-07-13,2023-07-13 13:38:00,236.13,236.13,236.13,236.13,0.0,35.89,8571.59,0
2023-07-13,2023-07-13 13:39:00,236.13,236.13,236.13,236.13,0.0,35.89,8571.59,0
2023-07-13,2023-07-13 13:40:00,236.13,236.13,236.13,236.13,0.0,35.89,8571.59,0
2023-07-13,2023-07-13 13:41:00,236.13,236.13,236.13,236.13,0.0,35.89,8571.59,0
2023-07-13,2023-07-13 13:42:00,236.13,236.14,236.13,236.14,0.0,35.89,8571.59,1
2023-07-13,2023-07-13 13:43:00,236.14,236.14,236.14,236.14,0.0,35.89,8571.59,0
2023-07-13,2023-07-13 13:44:00,236.14,236.14,236.14,236.14,0.0,35.89,8571.59,0
2023-07-13,2023-07-13 13:45:00,236.14,236.14,236.14,236.14,0.0,35.89,8571.59,0
2023-07-13,2023-07-13 13:46:00,236.14,236.14,236.14,236.14,0.0,35.89,8571.59,0
2023-07-13,2023-07-13 13:47:00,236.14,236.14,236.14,236.14,0.0,35.89,8571.59,0
2023-07-13,2023-07-13 13:48:00,236.14,236.14,236.14,236.14,0.0,35.89,8571.59,0
2023-07-13,2023-07-13 13:49:00,236.14,236.14,236.14,236.14,0.0,35.89,8571.59,0
2023-07-13,2023-07-13 13:50:00,236.14,236.14,236.14,236.14,0.0,35.89,8571.59,0
2023-07-13,2023-07-13 13:51:00,236.14,236.14,236.14,236.14,0.0,35.89,8571.59,0
2023-07-13,2023-07-13 13:52:00,236.14,236.14,236.14,236.14,0.0,35.89,8571.59,0
2023-07-13,2023-07-13 13:53:00,236.14,236.14,236.14,236.14,0.0,35.89,8571.59,0
2023-07-13,2023-07-13 13:54:00,236.14,236.15,236.14,236.15,0.0,35.89,8571.59,1
2023-07-13,2023-07-13 13:55:00,236.15,236.15,236.15,236.15,0.0,35.89,8571.59,0
2023-07-13,2023-07-13 13:56:00,236.15,236.15,236.15,236.15,0.0,35.89,8571.59,0
2023-07-13,2023-07-13 13:57:00,236.15,236.15,236.15,236.15,0.0,35.89,8571.59,0
2023-07-13,2023-07-13 13:58:00,236.15,236.15,236.15,236.15,0.0,35.89,8571.59,0
2023-07-13,2023-07-13 13:59:00,236.15,236.15,236.15,236.15,0.0,35.89,8571.59,0
2023-07-13,2023-07-13 14:00:00,236.15,236.15,236.15,236.15,0.0,35.89,8571.59,0
2023-07-13,2023-07-13 14:01:00,236.15,236.15,236.15,236.15,0.0,35.89,8571.59,0
2023-07-13,2023-07-13 14:02:00,236.15,236.15,236.15,236.15,0.0,35.89,8571.59,0
2023-07-13,2023-07-13 14:03:00,236.15,236.15,236.15,236.15,0.0,35.89,8571.59,0
2023-07-13,2023-07-13 14:04:00,236.15,236.15,236.15,236.15,0.0,35.89,8571.59,0
2023-07-13,2023-07-13 14:05:00,236.15,236.16,236.15,236.16,0.0,35.89,8571.59,1
2023-07-13,2023-07-13 14:06:00,236.16,236.16,236.16,236.16,0.0,35.89,8571.59,0
2023-07-13,2023-07-13 14:07:00,236.16,236.16,236.16,236.16,0.0,35.89,8571.59,0
2023-07-13,2023-07-13 14:08:00,236.16,236.16,236.16,236.16,0.0,35.89,8571.59,0
2023-07-13,2023-07-13 14:09:00,236.16,236.16,236.16,236.16,0.0,35.89,8571.59,0
2023-07-13,2023-07-13 14:10:00,236.16,236.16,236.16,236.16,0.0,35.89,8571.59,0
2023-07-13,2023-07-13 14:11:00,236.16,236.16,236.16,236.16,0.0,35.89,8571.59,0
2023-07-13,2023-07-13 14:12:00,236.16,236.16,236.16,236.16,0.0,35.89,8571.59,0
2023-07-13,2023-07-13 14:13:00,236.16,236.16,236.16,236.16,0.0,35.89,8571.59,0
2023-07-13,2023-07-13 14:14:00,236.16,236.16,236.16,236.16,0.0,35.89,8571.59,0
2023-07-13,2023-07-13 14:15:00,236.16,236.16,236.16,236.16,0.0,35.89,8571.59,0
2023-07-13,2023-07-13 14:16:00,236.16,236.16,236.16,236.16,0.0,35.89,8571.59,0
2023-07-13,2023-07-13 14:17:00,236.16,236.16,236.16,236.16,0.0,35.89,8571.59,0
2023-07-13,2023-07-13 14:18:00,236.16,236.17,236.16,236.17,0.0,35.89,8571.59,1
2023-07-13,2023-07-13 14:19:00,236.17,236.17,236.17,236.17,0.0,35.89,8571.59,0
2023-07-13,2023-07-13 14:20:00,236.17,236.17,236.17,236.17,0.0,35.89,8571.59,0
2023-07-13,2023-07-13 14:21:00,236.17,236.17,236.17,236.17,0.0,35.89,8571.59,0
2023-07-13,2023-07-13 14:22:00,236.17,236.17,236.17,236.17,0.0,35.89,8571.59,0
2023-07-13,2023-07-13 14:23:00,236.17,236.17,236.17,236.17,0.0,35.89,8571.59,0
2023-07-13,2023-07-13 14:24:00,236.17,236.17,236.17,236.17,0.0,35.89,8571.59,0
2023-07-13,2023-07-13 14:25:00,236.17,236.17,236.17,236.17,0.0,35.89,8571.59,0
2023-07-13,2023-07-13 14:26:00,236.17,236.17,236.17,236.17,0.0,35.89,8571.59,0
2023-07-13,2023-07-13 14:27:00,236.17,236.17,236.17,236.17,0.0,35.89,8571.59,0
2023-07-13,2023-07-13 14:28:00,236.17,236.17,236.17,236.17,0.0,35.89,8571.59,0
2023-07-13,2023-07-13 14:29:00,236.17,236.17,236.17,236.17,0.0,35.89,8571.59,0
2023-07-13,2023-07-13 14:30:00,236.17,236.18,236.17,236.18,0.0,35.89,8571.59,1
2023-07-13,2023-07-13 14:31:00,236.18,236.18,236.18,236.18,0.0,35.89,8571.59,0
2023-07-13,2023-07-13 14:32:00,236.18,236.18,236.18,236.18,0.0,35.89,8571.59,0
2023-07-13,2023-07-13 14:33:00,236.18,236.18,236.18,236.18,0.0,35.89,8571.59,0
2023-07-13,2023-07-13 14:34:00,236.18,236.18,236.18,236.18,0.0,35.89,8571.59,0
2023-07-13,2023-07-13 14:35:00,236.18,236.18,236.18,236.18,0.0,35.89,8571.59,0
2023-07-13,2023-07-13 14:36:00,236.18,236.18,236.18,236.18,0.0,35.89,8571.59,0
2023-07-13,2023-07-13 14:37:00,236.18,236.18,236.18,236.18,0.0,35.89,8571.59,0
2023-07-13,2023-07-13 14:38:00,236.18,236.18,236.18,236.18,0.0,35.89,8571.59,0
2023-07-13,2023-07-13 14:39:00,236.18,236.18,236.18,236.18,0.0,35.89,8571.59,0
2023-07-13,2023-07-13 14:40:00,236.18,236.18,236.18,236.18,0.0,35.89,8571.59,0
2023-07-13,2023-07-13 14:41:00,236.18,236.19,236.18,236.19,0.0,35.89,8571.59,1
2023-07-13,2023-07-13 14:42:00,236.19,236.19,236.19,236.19,0.0,35.89,8571.59,0
2023-07-13,2023-07-13 14:43:00,236.19,236.19,236.19,236.19,0.0,35.89,8571.59,0
2023-07-13,2023-07-13 14:44:00,236.19,236.19,236.19,236.19,0.0,35.89,8571.59,0
2023-07-13,2023-07-13 14:45:00,236.19,236.19,236.19,236.19,0.0,35.89,8571.59,0
2023-07-13,2023-07-13 14:46:00,236.19,236.19,236.19,236.19,0.0,35.89,8571.59,0
2023-07-13,2023-07-13 14:47:00,236.19,236.19,236.19,236.19,0.0,35.89,8571.59,0
2023-07-13,2023-07-13 14:48:00,236.19,236.19,236.19,236.19,0.0,35.89,8571.59,0
2023-07-13,2023-07-13 14:49:00,236.19,236.19,236.19,236.19,0.0,35.89,8571.59,0
2023-07-13,2023-07-13 14:50:00,236.19,236.19,236.19,236.19,0.0,35.89,8571.59,0
2023-07-13,2023-07-13 14:51:00,236.19,236.19,236.19,236.19,0.0,35.89,8571.59,0
2023-07-13,2023-07-13 14:52:00,236.19,236.19,236.19,236.19,0.0,35.89,8571.59,0
2023-07-13,2023-07-13 14:53:00,236.19,236.19,236.19,236.19,0.0,35.89,8571.59,0
2023-07-13,2023-07-13 14:54:00,236.19,236.2,236.19,236.2,0.0,35.89,8571.59,1
2023-07-13,2023-07-13 14:55:00,236.2,236.2,236.2,236.2,0.0,35.89,8571.59,0
2023-07-13,2023-07-13 14:56:00,236.2,236.2,236.2,236.2,0.0,35.89,8571.59,0
2023-07-13,2023-07-13 14:57:00,236.2,236.2,236.2,236.2,0.0,35.89,8571.59,0
2023-07-13,2023-07-13 14:58:00,236.2,236.2,236.2,236.2,0.0,35.89,8571.59,0
2023-07-13,2023-07-13 14:59:00,236.2,236.2,236.2,236.2,0.0,35.89,8571.59,0
2023-07-13,2023-07-13 15:00:00,236.2,244.9,232.1,236.2,0.0,35.89,8571.59,0
2023-07-16,2023-07-16 11:00:00,231.5,231.71,230.21,231.5,0.0,21.12,4830.19,0
2023-07-16,2023-07-16 11:01:00,231.5,231.51,231.5,231.51,0.0,21.12,4830.19,1
2023-07-16,2023-07-16 11:02:00,231.51,231.51,231.51,231.51,0.0,21.12,4830.19,0
2023-07-16,2023-07-16 11:03:00,231.51,231.51,231.51,231.51,0.0,21.12,4830.19,0
2023-07-16,2023-07-16 11:04:00,231.51,231.51,231.51,231.51,0.0,21.12,4830.19,0
2023-07-16,2023-07-16 11:05:00,231.51,231.52,231.51,231.52,0.0,21.12,4830.19,1
2023-07-16,2023-07-16 11:06:00,231.52,231.52,231.52,231.52,0.0,21.12,4830.19,0
2023-07-16,2023-07-16 11:07:00,231.52,231.52,231.52,231.52,0.0,21.12,4830.19,0
2023-07-16,2023-07-16 11:08:00,231.52,231.53,231.52,231.53,0.0,21.12,4830.19,1
2023-07-16,2023-07-16 11:09:00,231.53,231.53,231.53,231.53,0.0,21.12,4830.19,0
2023-07-16,2023-07-16 11:10:00,231.53,231.53,231.53,231.53,0.0,21.12,4830.19,0
2023-07-16,2023-07-16 11:11:00,231.53,231.53,231.53,231.53,0.0,21.12,4830.19,0
2023-07-16,2023-07-16 11:12:00,231.53,231.54,231.53,231.54,0.0,21.12,4830.19,1
2023-07-16,2023-07-16 11:13:00,231.54,231.54,231.54,231.54,0.0,21.12,4830.19,0
2023-07-16,2023-07-16 11:14:00,231.54,231.54,231.54,231.54,0.0,21.12,4830.19,0
2023-07-16,2023-07-16 11:15:00,231.54,231.55,231.54,231.55,0.0,21.12,4830.19,1
2023-07-16,2023-07-16 11:16:00,231.55,231.55,231.55,231.55,0.0,21.12,4830.19,0
2023-07-16,2023-07-16 11:17:00,231.55,231.55,231.55,231.55,0.0,21.12,4830.19,0
2023-07-16,2023-07-16 11:18:00,231.55,231.56,231.55,231.56,0.0,21.12,4830.19,1
2023-07-16,2023-07-16 11:19:00,231.56,231.56,231.56,231.56,0.0,21.12,4830.19,0
2023-07-16,2023-07-16 11:20:00,231.56,231.56,231.56,231.56,0.0,21.12,4830.19,0
2023-07-16,2023-07-16 11:21:00,231.56,231.56,231.56,231.56,0.0,21.12,4830.19,0
2023-07-16,2023-07-16 11:22:00,231.56,231.57,231.56,231.57,0.0,21.12,4830.19,1
2023-07-16,2023-07-16 11:23:00,231.57,231.57,231.57,231.57,0.0,21.12,4830.19,0
2023-07-16,2023-07-16 11:24:00,231.57,231.57,231.57,231.57,0.0,21.12,4830.19,0
2023-07-16,2023-07-16 11:25:00,231.57,231.58,231.57,231.58,0.0,21.12,4830.19,1
2023-07-16,2023-07-16 11:26:00,231.58,231.58,231.58,231.58,0.0,21.12,4830.19,0
2023-07-16,2023-07-16 11:27:00,231.58,231.58,231.58,231.58,0.0,21.12,4830.19,0
2023-07-16,2023-07-16 11:28:00,231.58,231.58,231.58,231.58,0.0,21.12,4830.19,0
2023-07-16,2023-07-16 11:29:00,231.58,231.59,231.58,231.59,0.0,21.12,4830.19,1
2023-07-16,2023-07-16 11:30:00,231.59,231.59,231.59,231.59,0.0,21.12,4830.19,0
2023-07-16,2023-07-16 11:31:00,231.59,231.59,231.59,231.59,0.0,21.12,4830.19,0
2023-07-16,2023-07-16 11:32:00,231.59,231.6,231.59,231.6,0.0,21.12,4830.19,1
2023-07-16,2023-07-16 11:33:00,231.6,231.6,231.6,231.6,0.0,21.12,4830.19,0
2023-07-16,2023-07-16 11:34:00,231.6,231.6,231.6,231.6,0.0,21.12,4830.19,0
2023-07-16,2023-07-16 11:35:00,231.6,231.6,231.6,231.6,0.0,21.12,4830.19,0
2023-07-16,2023-07-16 11:36:00,231.6,231.61,231.6,231.61,0.0,21.12,4830.19,1
2023-07-16,2023-07-16 11:37:00,231.61,231.61,231.61,231.61,0.0,21.12,4830.19,0
2023-07-16,2023-07-16 11:38:00,231.61,231.61,231.61,231.61,0.0,21.12,4830.19,0
2023-07-16,2023-07-16 11:39:00,231.61,231.62,231.61,231.62,0.0,21.12,4830.19,1
2023-07-16,2023-07-16 11:40:00,231.62,231.62,231.62,231.62,0.0,21.12,4830.19,0
2023-07-16,2023-07-16 11:41:00,231.62,231.62,231.62,231.62,0.0,21.12,4830.19,0
2023-07-16,2023-07-16 11:42:00,231.62,231.63,231.62,231.63,0.0,21.12,4830.19,1
2023-07-16,2023-07-16 11:43:00,231.63,231.63,231.63,231.63,0.0,21.12,4830.19,0
2023-07-16,2023-07-16 11:44:00,231.63,231.63,231.63,231.63,0.0,21.12,4830.19,0
2023-07-16,2023-07-16 11:45:00,231.63,231.63,231.63,231.63,0.0,21.12,4830.19,0
2023-07-16,2023-07-16 11:46:00,231.63,231.64,231.63,231.64,0.0,21.12,4830.19,1
2023-07-16,2023-07-16 11:47:00,231.64,231.64,231.64,231.64,0.0,21.12,4830.19,0
2023-07-16,2023-07-16 11:48:00,231.64,231.64,231.64,231.64,0.0,21.12,4830.19,0
2023-07-16,2023-07-16 11:49:00,231.64,231.65,231.64,231.65,0.0,21.12,4830.19,1
2023-07-16,2023-07-16 11:50:00,231.65,231.65,231.65,231.65,0.0,21.12,4830.19,0
2023-07-16,2023-07-16 11:51:00,231.65,231.65,231.65,231.65,0.0,21.12,4830.19,0
2023-07-16,2023-07-16 11:52:00,231.65,231.65,231.65,231.65,0.0,21.12,4830.19,0
2023-07-16,2023-07-16 11:53:00,231.65,231.66,231.65,231.66,0.0,21.12,4830.19,1
2023-07-16,2023-07-16 11:54:00,231.66,231.66,231.66,231.66,0.0,21.12,4830.19,0
2023-07-16,2023-07-16 11:55:00,231.66,231.66,231.66,231.66,0.0,21.12,4830.19,0
2023-07-16,2023-07-16 11:56:00,231.66,231.67,231.66,231.67,0.0,21.12,4830.19,1
2023-07-16,2023-07-16 11:57:00,231.67,231.67,231.67,231.67,0.0,21.12,4830.19,0
2023-07-16,2023-07-16 11:58:00,231.67,231.67,231.67,231.67,0.0,21.12,4830.19,0
2023-07-16,2023-07-16 11:59:00,231.67,231.68,231.67,231.68,0.0,21.12,4830.19,1
2023-07-16,2023-07-16 12:00:00,231.68,231.68,231.68,231.68,0.0,21.12,4830.19,0
2023-07-16,2023-07-16 12:01:00,231.68,231.68,231.68,231.68,0.0,21.12,4830.19,0
2023-07-16,2023-07-16 12:02:00,231.68,231.68,231.68,231.68,0.0,21.12,4830.19,0
2023-07-16,2023-07-16 12:03:00,231.68,231.69,231.68,231.69,0.0,21.12,4830.19,1
2023-07-16,2023-07-16 12:04:00,231.69,231.69,231.69,231.69,0.0,21.12,4830.19,0
2023-07-16,2023-07-16 12:05:00,231.69,231.69,231.69,231.69,0.0,21.12,4830.19,0
2023-07-16,2023-07-16 12:06:00,231.69,231.7,231.69,231.7,0.0,21.12,4830.19,1
2023-07-16,2023-07-16 12:07:00,231.7,231.7,231.7,231.7,0.0,21.12,4830.19,0
2023-07-16,2023-07-16 12:08:00,231.7,231.7,231.7,231.7,0.0,21.12,4830.19,0
2023-07-16,2023-07-16 12:09:00,231.7,231.7,231.7,231.7,0.0,21.12,4830.19,0
2023-07-16,2023-07-16 12:10:00,231.7,231.71,231.7,231.71,0.0,21.12,4830.19,1
2023-07-16,2023-07-16 12:11:00,231.71,231.71,231.71,231.71,0.0,21.12,4830.19,0
2023-07-16,2023-07-16 12:12:00,231.71,231.71,231.71,231.71,0.0,21.12,4830.19,0
2023-07-16,2023-07-16 12:13:00,231.71,231.72,231.71,231.72,0.0,21.12,4830.19,1
2023-07-16,2023-07-16 12:14:00,231.72,231.72,231.72,231.72,0.0,21.12,4830.19,0
2023-07-16,2023-07-16 12:15:00,231.72,231.72,231.72,231.72,0.0,21.12,4830.19,0
2023-07-16,2023-07-16 12:16:00,231.72,231.72,231.72,231.72,0.0,21.12,4830.19,0
2023-07-16,2023-07-16 12:17:00,231.72,231.73,231.72,231.73,0.0,21.12,4830.19,1
2023-07-16,2023-07-16 12:18:00,231.73,231.73,231.73,231.73,0.0,21.12,4830.19,0
2023-07-16,2023-07-16 12:19:00,231.73,231.73,231.73,231.73,0.0,21.12,4830.19,0
2023-07-16,2023-07-16 12:20:00,231.73,231.74,231.73,231.74,0.0,21.12,4830.19,1
2023-07-16,2023-07-16 12:21:00,231.74,231.74,231.74,231.74,0.0,21.12,4830.19,0
2023-07-16,2023-07-16 12:22:00,231.74,231.74,231.74,231.74,0.0,21.12,4830.19,0
2023-07-16,2023-07-16 12:23:00,231.74,231.75,231.74,231.75,0.0,21.12,4830.19,1
2023-07-16,2023-07-16 12:24:00,231.75,231.75,231.75,231.75,0.0,21.12,4830.19,0
2023-07-16,2023-07-16 12:25:00,231.75,231.75,231.75,231.75,0.0,21.12,4830.19,0
2023-07-16,2023-07-16 12:26:00,231.75,231.75,231.75,231.75,0.0,21.12,4830.19,0
2023-07-16,2023-07-16 12:27:00,231.75,231.76,231.75,231.76,0.0,21.12,4830.19,1
2023-07-16,2023-07-16 12:28:00,231.76,231.76,231.76,231.76,0.0,21.12,4830.19,0
2023-07-16,2023-07-16 12:29:00,231.76,231.76,231.76,231.76,0.0,21.12,4830.19,0
2023-07-16,2023-07-16 12:30:00,231.76,231.77,231.76,231.77,0.0,21.12,4830.19,1
2023-07-16,2023-07-16 12:31:00,231.77,231.77,231.77,231.77,0.0,21.12,4830.19,0
2023-07-16,2023-07-16 12:32:00,231.77,231.77,231.77,231.77,0.0,21.12,4830.19,0
2023-07-16,2023-07-16 12:33:00,231.77,231.77,231.77,231.77,0.0,21.12,4830.19,0
2023-07-16,2023-07-16 12:34:00,231.77,231.78,231.77,231.78,0.0,21.12,4830.19,1
2023-07-16,2023-07-16 12:35:00,231.78,231.78,231.78,231.78,0.0,21.12,4830.19,0
2023-07-16,2023-07-16 12:36:00,231.78,231.78,231.78,231.78,0.0,21.12,4830.19,0
2023-07-16,2023-07-16 12:37:00,231.78,231.79,231.78,231.79,0.0,21.12,4830.19,1
2023-07-16,2023-07-16 12:38:00,231.79,231.79,231.79,231.79,0.0,21.12,4830.19,0
2023-07-16,2023-07-16 12:39:00,231.79,231.79,231.79,231.79,0.0,21.12,4830.19,0
2023-07-16,2023-07-16 12:40:00,231.79,231.79,231.79,231.79,0.0,21.12,4830.19,0
2023-07-16,2023-07-16 12:41:00,231.79,231.8,231.79,231.8,0.0,21.12,4830.19,1
2023-07-16,2023-07-16 12:42:00,231.8,231.8,231.8,231.8,0.0,21.12,4830.19,0
2023-07-16,2023-07-16 12:43:00,231.8,231.8,231.8,231.8,0.0,21.12,4830.19,0
2023-07-16,2023-07-16 12:44:00,231.8,231.81,231.8,231.81,0.0,21.12,4830.19,1
2023-07-16,2023-07-16 12:45:00,231.81,231.81,231.81,231.81,0.0,21.12,4830.19,0
2023-07-16,2023-07-16 12:46:00,231.81,231.81,231.81,231.81,0.0,21.12,4830.19,0
2023-07-16,2023-07-16 12:47:00,231.81,231.81,231.81,231.81,0.0,21.12,4830.19,0
2023-07-16,2023-07-16 12:48:00,231.81,231.82,231.81,231.82,0.0,21.12,4830.19,1
2023-07-16,2023-07-16 12:49:00,231.82,231.82,231.82,231.82,0.0,21.12,4830.19,0
2023-07-16,2023-07-16 12:50:00,231.82,231.82,231.82,231.82,0.0,21.12,4830.19,0
2023-07-16,2023-07-16 12:51:00,231.82,231.83,231.82,231.83,0.0,21.12,4830.19,1
2023-07-16,2023-07-16 12:52:00,231.83,231.83,231.83,231.83,0.0,21.12,4830.19,0
2023-07-16,2023-07-16 12:53:00,231.83,231.83,231.83,231.83,0.0,21.12,4830.19,0
2023-07-16,2023-07-16 12:54:00,231.83,231.84,231.83,231.84,0.0,21.12,4830.19,1
2023-07-16,2023-07-16 12:55:00,231.84,231.84,231.84,231.84,0.0,21.12,4830.19,0
2023-07-16,2023-07-16 12:56:00,231.84,231.84,231.84,231.84,0.0,21.12,4830.19,0
2023-07-16,2023-07-16 12:57:00,231.84,231.84,231.84,231.84,0.0,21.12,4830.19,0
2023-07-16,2023-07-16 12:58:00,231.84,231.85,231.84,231.85,0.0,21.12,4830.19,1
2023-07-16,2023-07-16 12:59:00,231.85,231.85,231.85,231.85,0.0,21.12,4830.19,0
2023-07-16,2023-07-16 13:00:00,231.85,232.2,227.2,231.85,0.0,21.12,4830.19,0
2023-07-16,2023-07-16 13:01:00,231.85,231.86,231.85,231.86,0.0,21.12,4830.19,1
2023-07-16,2023-07-16 13:02:00,231.86,231.86,231.86,231.86,0.0,21.12,4830.19,0
2023-07-16,2023-07-16 13:03:00,231.86,231.86,231.86,231.86,0.0,21.12,4830.19,0
2023-07-16,2023-07-16 13:04:00,231.86,231.86,231.86,231.86,0.0,21.12,4830.19,0
2023-07-16,2023-07-16 13:05:00,231.86,231.87,231.86,231.87,0.0,21.12,4830.19,1
2023-07-16,2023-07-16 13:06:00,231.87,231.87,231.87,231.87,0.0,21.12,4830.19,0
2023-07-16,2023-07-16 13:07:00,231.87,231.87,231.87,231.87,0.0,21.12,4830.19,0
2023-07-16,2023-07-16 13:08:00,231.87,231.88,231.87,231.88,0.0,21.12,4830.19,1
2023-07-16,2023-07-16 13:09:00,231.88,231.88,231.88,231.88,0.0,21.12,4830.19,0
2023-07-16,2023-07-16 13:10:00,231.88,231.88,231.88,231.88,0.0,21.12,4830.19,0
2023-07-16,2023-07-16 13:11:00,231.88,231.88,231.88,231.88,0.0,21.12,4830.19,0
2023-07-16,2023-07-16 13:12:00,231.88,231.89,231.88,231.89,0.0,21.12,4830.19,1
2023-07-16,2023-07-16 13:13:00,231.89,231.89,231.89,231.89,0.0,21.12,4830.19,0
2023-07-16,2023-07-16 13:14:00,231.89,231.89,231.89,231.89,0.0,21.12,4830.19,0
2023-07-16,2023-07-16 13:15:00,231.89,231.9,231.89,231.9,0.0,21.12,4830.19,1
2023-07-16,2023-07-16 13:16:00,231.9,231.9,231.9,231.9,0.0,21.12,4830.19,0
2023-07-16,2023-07-16 13:17:00,231.9,231.9,231.9,231.9,0.0,21.12,4830.19,0
2023-07-16,2023-07-16 13:18:00,231.9,231.91,231.9,231.91,0.0,21.12,4830.19,1
2023-07-16,2023-07-16 13:19:00,231.91,231.91,231.91,231.91,0.0,21.12,4830.19,0
2023-07-16,2023-07-16 13:20:00,231.91,231.91,231.91,231.91,0.0,21.12,4830.19,0
2023-07-16,2023-07-16 13:21:00,231.91,231.91,231.91,231.91,0.0,21.12,4830.19,0
2023-07-16,2023-07-16 13:22:00,231.91,231.92,231.91,231.92,0.0,21.12,4830.19,1
2023-07-16,2023-07-16 13:23:00,231.92,231.92,231.92,231.92,0.0,21.12,4830.19,0
2023-07-16,2023-07-16 13:24:00,231.92,231.92,231.92,231.92,0.0,21.12,4830.19,0
2023-07-16,2023-07-16 13:25:00,231.92,231.93,231.92,231.93,0.0,21.12,4830.19,1
2023-07-16,2023-07-16 13:26:00,231.93,231.93,231.93,231.93,0.0,21.12,4830.19,0
2023-07-16,2023-07-16 13:27:00,231.93,231.93,231.93,231.93,0.0,21.12,4830.19,0
2023-07-16,2023-07-16 13:28:00,231.93,231.93,231.93,231.93,0.0,21.12,4830.19,0
2023-07-16,2023-07-16 13:29:00,231.93,231.94,231.93,231.94,0.0,21.12,4830.19,1
2023-07-16,2023-07-16 13:30:00,231.94,231.94,231.94,231.94,0.0,21.12,4830.19,0
2023-07-16,2023-07-16 13:31:00,231.94,231.94,231.94,231.94,0.0,21.12,4830.19,0
2023-07-16,2023-07-16 13:32:00,231.94,231.95,231.94,231.95,0.0,21.12,4830.19,1
2023-07-16,2023-07-16 13:33:00,231.95,231.95,231.95,231.95,0.0,21.12,4830.19,0
2023-07-16,2023-07-16 13:34:00,231.95,231.95,231.95,231.95,0.0,21.12,4830.19,0
2023-07-16,2023-07-16 13:35:00,231.95,231.95,231.95,231.95,0.0,21.12,4830.19,0
2023-07-16,2023-07-16 13:36:00,231.95,231.96,231.95,231.96,0.0,21.12,4830.19,1
2023-07-16,2023-07-16 13:37:00,231.96,231.96,231.96,231.96,0.0,21.12,4830.19,0
2023-07-16,2023-07-16 13:38:00,231.96,231.96,231.96,231.96,0.0,21.12,4830.19,0
2023-07-16,2023-07-16 13:39:00,231.96,231.97,231.96,231.97,0.0,21.12,4830.19,1
2023-07-16,2023-07-16 13:40:00,231.97,231.97,231.97,231.97,0.0,21.12,4830.19,0
2023-07-16,2023-07-16 13:41:00,231.97,231.97,231.97,231.97,0.0,21.12,4830.19,0
2023-07-16,2023-07-16 13:42:00,231.97,231.98,231.97,231.98,0.0,21.12,4830.19,1
2023-07-16,2023-07-16 13:43:00,231.98,231.98,231.98,231.98,0.0,21.12,4830.19,0
2023-07-16,2023-07-16 13:44:00,231.98,231.98,231.98,231.98,0.0,21.12,4830.19,0
2023-07-16,2023-07-16 13:45:00,231.98,231.98,231.98,231.98,0.0,21.12,4830.19,0
2023-07-16,2023-07-16 13:46:00,231.98,231.99,231.98,231.99,0.0,21.12,4830.19,1
2023-07-16,2023-07-16 13:47:00,231.99,231.99,231.99,231.99,0.0,21.12,4830.19,0
2023-07-16,2023-07-16 13:48:00,231.99,231.99,231.99,231.99,0.0,21.12,4830.19,0
2023-07-16,2023-07-16 13:49:00,231.99,232.0,231.99,232.0,0.0,21.12,4830.19,1
2023-07-16,2023-07-16 13:50:00,232.0,232.0,232.0,232.0,0.0,21.12,4830.19,0
2023-07-16,2023-07-16 13:51:00,232.0,232.0,232.0,232.0,0.0,21.12,4830.19,0
2023-07-16,2023-07-16 13:52:00,232.0,232.0,232.0,232.0,0.0,21.12,4830.19,0
2023-07-16,2023-07-16 13:53:00,232.0,232.01,232.0,232.01,0.0,21.12,4830.19,1
2023-07-16,2023-07-16 13:54:00,232.01,232.01,232.01,232.01,0.0,21.12,4830.19,0
2023-07-16,2023-07-16 13:55:00,232.01,232.01,232.01,232.01,0.0,21.12,4830.19,0
2023-07-16,2023-07-16 13:56:00,232.01,232.02,232.01,232.02,0.0,21.12,4830.19,1
2023-07-16,2023-07-16 13:57:00,232.02,232.02,232.02,232.02,0.0,21.12,4830.19,0
2023-07-16,2023-07-16 13:58:00,232.02,232.02,232.02,232.02,0.0,21.12,4830.19,0
2023-07-16,2023-07-16 13:59:00,232.02,232.02,232.02,232.02,0.0,21.12,4830.19,0
2023-07-16,2023-07-16 14:00:00,232.02,232.03,232.02,232.03,0.0,21.12,4830.19,1
2023-07-16,2023-07-16 14:01:00,232.03,232.03,232.03,232.03,0.0,21.12,4830.19,0
2023-07-16,2023-07-16 14:02:00,232.03,232.03,232.03,232.03,0.0,21.12,4830.19,0
2023-07-16,2023-07-16 14:03:00,232.03,232.04,232.03,232.04,0.0,21.12,4830.19,1
2023-07-16,2023-07-16 14:04:00,232.04,232.04,232.04,232.04,0.0,21.12,4830.19,0
2023-07-16,2023-07-16 14:05:00,232.04,232.04,232.04,232.04,0.0,21.12,4830.19,0
2023-07-16,2023-07-16 14:06:00,232.04,232.05,232.04,232.05,0.0,21.12,4830.19,1
2023-07-16,2023-07-16 14:07:00,232.05,232.05,232.05,232.05,0.0,21.12,4830.19,0
2023-07-16,2023-07-16 14:08:00,232.05,232.05,232.05,232.05,0.0,21.12,4830.19,0
2023-07-16,2023-07-16 14:09:00,232.05,232.05,232.05,232.05,0.0,21.12,4830.19,0
2023-07-16,2023-07-16 14:10:00,232.05,232.06,232.05,232.06,0.0,21.12,4830.19,1
2023-07-16,2023-07-16 14:11:00,232.06,232.06,232.06,232.06,0.0,21.12,4830.19,0
2023-07-16,2023-07-16 14:12:00,232.06,232.06,232.06,232.06,0.0,21.12,4830.19,0
2023-07-16,2023-07-16 14:13:00,232.06,232.07,232.06,232.07,0.0,21.12,4830.19,1
2023-07-16,2023-07-16 14:14:00,232.07,232.07,232.07,232.07,0.0,21.12,4830.19,0
2023-07-16,2023-07-16 14:15:00,232.07,232.07,232.07,232.07,0.0,21.12,4830.19,0
2023-07-16,2023-07-16 14:16:00,232.07,232.07,232.07,232.07,0.0,21.12,4830.19,0
2023-07-16,2023-07-16 14:17:00,232.07,232.08,232.07,232.08,0.0,21.12,4830.19,1
2023-07-16,2023-07-16 14:18:00,232.08,232.08,232.08,232.08,0.0,21.12,4830.19,0
2023-07-16,2023-07-16 14:19:00,232.08,232.08,232.08,232.08,0.0,21.12,4830.19,0
2023-07-16,2023-07-16 14:20:00,232.08,232.09,232.08,232.09,0.0,21.12,4830.19,1
2023-07-16,2023-07-16 14:21:00,232.09,232.09,232.09,232.09,0.0,21.12,4830.19,0
2023-07-16,2023-07-16 14:22:00,232.09,232.09,232.09,232.09,0.0,21.12,4830.19,0
2023-07-16,2023-07-16 14:23:00,232.09,232.09,232.09,232.09,0.0,21.12,4830.19,0
2023-07-16,2023-07-16 14:24:00,232.09,232.1,232.09,232.1,0.0,21.12,4830.19,1
2023-07-16,2023-07-16 14:25:00,232.1,232.1,232.1,232.1,0.0,21.12,4830.19,0
2023-07-16,2023-07-16 14:26:00,232.1,232.1,232.1,232.1,0.0,21.12,4830.19,0
2023-07-16,2023-07-16 14:27:00,232.1,232.11,232.1,232.11,0.0,21.12,4830.19,1
2023-07-16,2023-07-16 14:28:00,232.11,232.11,232.11,232.11,0.0,21.12,4830.19,0
2023-07-16,2023-07-16 14:29:00,232.11,232.11,232.11,232.11,0.0,21.12,4830.19,0
2023-07-16,2023-07-16 14:30:00,232.11,232.12,232.11,232.12,0.0,21.12,4830.19,1
2023-07-16,2023-07-16 14:31:00,232.12,232.12,232.12,232.12,0.0,21.12,4830.19,0
2023-07-16,2023-07-16 14:32:00,232.12,232.12,232.12,232.12,0.0,21.12,4830.19,0
2023-07-16,2023-07-16 14:33:00,232.12,232.12,232.12,232.12,0.0,21.12,4830.19,0
2023-07-16,2023-07-16 14:34:00,232.12,232.13,232.12,232.13,0.0,21.12,4830.19,1
2023-07-16,2023-07-16 14:35:00,232.13,232.13,232.13,232.13,0.0,21.12,4830.19,0
2023-07-16,2023-07-16 14:36:00,232.13,232.13,232.13,232.13,0.0,21.12,4830.19,0
2023-07-16,2023-07-16 14:37:00,232.13,232.14,232.13,232.14,0.0,21.12,4830.19,1
2023-07-16,2023-07-16 14:38:00,232.14,232.14,232.14,232.14,0.0,21.12,4830.19,0
2023-07-16,2023-07-16 14:39:00,232.14,232.14,232.14,232.14,0.0,21.12,4830.19,0
2023-07-16,2023-07-16 14:40:00,232.14,232.14,232.14,232.14,0.0,21.12,4830.19,0
2023-07-16,2023-07-16 14:41:00,232.14,232.15,232.14,232.15,0.0,21.12,4830.19,1
2023-07-16,2023-07-16 14:42:00,232.15,232.15,232.15,232.15,0.0,21.12,4830.19,0
2023-07-16,2023-07-16 14:43:00,232.15,232.15,232.15,232.15,0.0,21.12,4830.19,0
2023-07-16,2023-07-16 14:44:00,232.15,232.16,232.15,232.16,0.0,21.12,4830.19,1
2023-07-16,2023-07-16 14:45:00,232.16,232.16,232.16,232.16,0.0,21.12,4830.19,0
2023-07-16,2023-07-16 14:46:00,232.16,232.16,232.16,232.16,0.0,21.12,4830.19,0
2023-07-16,2023-07-16 14:47:00,232.16,232.16,232.16,232.16,0.0,21.12,4830.19,0
2023-07-16,2023-07-16 14:48:00,232.16,232.17,232.16,232.17,0.0,21.12,4830.19,1
2023-07-16,2023-07-16 14:49:00,232.17,232.17,232.17,232.17,0.0,21.12,4830.19,0
2023-07-16,2023-07-16 14:50:00,232.17,232.17,232.17,232.17,0.0,21.12,4830.19,0
2023-07-16,2023-07-16 14:51:00,232.17,232.18,232.17,232.18,0.0,21.12,4830.19,1
2023-07-16,2023-07-16 14:52:00,232.18,232.18,232.18,232.18,0.0,21.12,4830.19,0
2023-07-16,2023-07-16 14:53:00,232.18,232.18,232.18,232.18,0.0,21.12,4830.19,0
2023-07-16,2023-07-16 14:54:00,232.18,232.19,232.18,232.19,0.0,21.12,4830.19,1
2023-07-16,2023-07-16 14:55:00,232.19,232.19,232.19,232.19,0.0,21.12,4830.19,0
2023-07-16,2023-07-16 14:56:00,232.19,232.19,232.19,232.19,0.0,21.12,4830.19,0
2023-07-16,2023-07-16 14:57:00,232.19,232.19,232.19,232.19,0.0,21.12,4830.19,0
2023-07-16,2023-07-16 14:58:00,232.19,232.2,232.19,232.2,0.0,21.12,4830.19,1
2023-07-16,2023-07-16 14:59:00,232.2,232.2,232.2,232.2,0.0,21.12,4830.19,0
2023-07-16,2023-07-16 15:00:00,232.2,232.2,227.2,232.2,0.0,21.12,4830.19,0
2023-07-17,2023-07-17 11:00:00,228.0,231.21,226.98,228.03,0.01,22.87,5289.46,1
2023-07-17,2023-07-17 11:01:00,228.03,228.06,228.03,228.06,0.01,22.87,5289.46,1
2023-07-17,2023-07-17 11:02:00,228.06,228.09,228.06,228.09,0.01,22.87,5289.46,1
2023-07-17,2023-07-17 11:03:00,228.09,228.12,228.09,228.12,0.01,22.87,5289.46,1
2023-07-17,2023-07-17 11:04:00,228.12,228.15,228.12,228.15,0.01,22.87,5289.46,1
2023-07-17,2023-07-17 11:05:00,228.15,228.18,228.15,228.18,0.01,22.87,5289.46,1
2023-07-17,2023-07-17 11:06:00,228.18,228.2,228.18,228.2,0.01,22.87,5289.46,1
2023-07-17,2023-07-17 11:07:00,228.2,228.23,228.2,228.23,0.01,22.87,5289.46,1
2023-07-17,2023-07-17 11:08:00,228.23,228.26,228.23,228.26,0.01,22.87,5289.46,1
2023-07-17,2023-07-17 11:09:00,228.26,228.29,228.26,228.29,0.01,22.87,5289.46,1
2023-07-17,2023-07-17 11:10:00,228.29,228.32,228.29,228.32,0.01,22.87,5289.46,1
2023-07-17,2023-07-17 11:11:00,228.32,228.35,228.32,228.35,0.01,22.87,5289.46,1
2023-07-17,2023-07-17 11:12:00,228.35,228.38,228.35,228.38,0.01,22.87,5289.46,1
2023-07-17,2023-07-17 11:13:00,228.38,228.41,228.38,228.41,0.01,22.87,5289.46,1
2023-07-17,2023-07-17 11:14:00,228.41,228.44,228.41,228.44,0.01,22.87,5289.46,1
2023-07-17,2023-07-17 11:15:00,228.44,228.47,228.44,228.47,0.01,22.87,5289.46,1
2023-07-17,2023-07-17 11:16:00,228.47,228.5,228.47,228.5,0.01,22.87,5289.46,1
2023-07-17,2023-07-17 11:17:00,228.5,228.53,228.5,228.53,0.01,22.87,5289.46,1
2023-07-17,2023-07-17 11:18:00,228.53,228.55,228.53,228.55,0.01,22.87,5289.46,1
2023-07-17,2023-07-17 11:19:00,228.55,228.58,228.55,228.58,0.01,22.87,5289.46,1
2023-07-17,2023-07-17 11:20:00,228.58,228.61,228.58,228.61,0.01,22.87,5289.46,1
2023-07-17,2023-07-17 11:21:00,228.61,228.64,228.61,228.64,0.01,22.87,5289.46,1
2023-07-17,2023-07-17 11:22:00,228.64,228.67,228.64,228.67,0.01,22.87,5289.46,1
2023-07-17,2023-07-17 11:23:00,228.67,228.7,228.67,228.7,0.01,22.87,5289.46,1
2023-07-17,2023-07-17 11:24:00,228.7,228.73,228.7,228.73,0.01,22.87,5289.46,1
2023-07-17,2023-07-17 11:25:00,228.73,228.76,228.73,228.76,0.01,22.87,5289.46,1
2023-07-17,2023-07-17 11:26:00,228.76,228.79,228.76,228.79,0.01,22.87,5289.46,1
2023-07-17,2023-07-17 11:27:00,228.79,228.82,228.79,228.82,0.01,22.87,5289.46,1
2023-07-17,2023-07-17 11:28:00,228.82,228.85,228.82,228.85,0.01,22.87,5289.46,1
2023-07-17,2023-07-17 11:29:00,228.85,228.88,228.85,228.88,0.01,22.87,5289.46,1
2023-07-17,2023-07-17 11:30:00,228.88,228.9,228.88,228.9,0.01,22.87,5289.46,1
2023-07-17,2023-07-17 11:31:00,228.9,228.93,228.9,228.93,0.01,22.87,5289.46,1
2023-07-17,2023-07-17 11:32:00,228.93,228.96,228.93,228.96,0.01,22.87,5289.46,1
2023-07-17,2023-07-17 11:33:00,228.96,228.99,228.96,228.99,0.01,22.87,5289.46,1
2023-07-17,2023-07-17 11:34:00,228.99,229.02,228.99,229.02,0.01,22.87,5289.46,1
2023-07-17,2023-07-17 11:35:00,229.02,229.05,229.02,229.05,0.01,22.87,5289.46,1
2023-07-17,2023-07-17 11:36:00,229.05,229.08,229.05,229.08,0.01,22.87,5289.46,1
2023-07-17,2023-07-17 11:37:00,229.08,229.11,229.08,229.11,0.01,22.87,5289.46,1
2023-07-17,2023-07-17 11:38:00,229.11,229.14,229.11,229.14,0.01,22.87,5289.46,1
2023-07-17,2023-07-17 11:39:00,229.14,229.17,229.14,229.17,0.01,22.87,5289.46,1
2023-07-17,2023-07-17 11:40:00,229.17,229.2,229.17,229.2,0.01,22.87,5289.46,1
2023-07-17,2023-07-17 11:41:00,229.2,229.22,229.2,229.22,0.01,22.87,5289.46,1
2023-07-17,2023-07-17 11:42:00,229.22,229.25,229.22,229.25,0.01,22.87,5289.46,1
2023-07-17,2023-07-17 11:43:00,229.25,229.28,229.25,229.28,0.01,22.87,5289.46,1
2023-07-17,2023-07-17 11:44:00,229.28,229.31,229.28,229.31,0.01,22.87,5289.46,1
2023-07-17,2023-07-17 11:45:00,229.31,229.34,229.31,229.34,0.01,22.87,5289.46,1
2023-07-17,2023-07-17 11:46:00,229.34,229.37,229.34,229.37,0.01,22.87,5289.46,1
2023-07-17,2023-07-17 11:47:00,229.37,229.4,229.37,229.4,0.01,22.87,5289.46,1
2023-07-17,2023-07-17 11:48:00,229.4,229.43,229.4,229.43,0.01,22.87,5289.46,1
2023-07-17,2023-07-17 11:49:00,229.43,229.46,229.43,229.46,0.01,22.87,5289.46,1
2023-07-17,2023-07-17 11:50:00,229.46,229.49,229.46,229.49,0.01,22.87,5289.46,1
2023-07-17,2023-07-17 11:51:00,229.49,229.52,229.49,229.52,0.01,22.87,5289.46,1
2023-07-17,2023-07-17 11:52:00,229.52,229.55,229.52,229.55,0.01,22.87,5289.46,1
2023-07-17,2023-07-17 11:53:00,229.55,229.57,229.55,229.57,0.01,22.87,5289.46,1
2023-07-17,2023-07-17 11:54:00,229.57,229.6,229.57,229.6,0.01,22.87,5289.46,1
2023-07-17,2023-07-17 11:55:00,229.6,229.63,229.6,229.63,0.01,22.87,5289.46,1
2023-07-17,2023-07-17 11:56:00,229.63,229.66,229.63,229.66,0.01,22.87,5289.46,1
2023-07-17,2023-07-17 11:57:00,229.66,229.69,229.66,229.69,0.01,22.87,5289.46,1
2023-07-17,2023-07-17 11:58:00,229.69,229.72,229.69,229.72,0.01,22.87,5289.46,1
2023-07-17,2023-07-17 11:59:00,229.72,229.75,229.72,229.75,0.01,22.87,5289.46,1
2023-07-17,2023-07-17 12:00:00,229.75,229.78,229.75,229.78,0.01,22.87,5289.46,1
2023-07-17,2023-07-17 12:01:00,229.78,229.81,229.78,229.81,0.01,22.87,5289.46,1
2023-07-17,2023-07-17 12:02:00,229.81,229.84,229.81,229.84,0.01,22.87,5289.46,1
2023-07-17,2023-07-17 12:03:00,229.84,229.87,229.84,229.87,0.01,22.87,5289.46,1
2023-07-17,2023-07-17 12:04:00,229.87,229.9,229.87,229.9,0.01,22.87,5289.46,1
2023-07-17,2023-07-17 12:05:00,229.9,229.93,229.9,229.93,0.01,22.87,5289.46,1
2023-07-17,2023-07-17 12:06:00,229.93,229.95,229.93,229.95,0.01,22.87,5289.46,1
2023-07-17,2023-07-17 12:07:00,229.95,229.98,229.95,229.98,0.01,22.87,5289.46,1
2023-07-17,2023-07-17 12:08:00,229.98,230.01,229.98,230.01,0.01,22.87,5289.46,1
2023-07-17,2023-07-17 12:09:00,230.01,230.04,230.01,230.04,0.01,22.87,5289.46,1
2023-07-17,2023-07-17 12:10:00,230.04,230.07,230.04,230.07,0.01,22.87,5289.46,1
2023-07-17,2023-07-17 12:11:00,230.07,230.1,230.07,230.1,0.01,22.87,5289.46,1
2023-07-17,2023-07-17 12:12:00,230.1,230.13,230.1,230.13,0.01,22.87,5289.46,1
2023-07-17,2023-07-17 12:13:00,230.13,230.16,230.13,230.16,0.01,22.87,5289.46,1
2023-07-17,2023-07-17 12:14:00,230.16,230.19,230.16,230.19,0.01,22.87,5289.46,1
2023-07-17,2023-07-17 12:15:00,230.19,230.22,230.19,230.22,0.01,22.87,5289.46,1
2023-07-17,2023-07-17 12:16:00,230.22,230.25,230.22,230.25,0.01,22.87,5289.46,1
2023-07-17,2023-07-17 12:17:00,230.25,230.28,230.25,230.28,0.01,22.87,5289.46,1
2023-07-17,2023-07-17 12:18:00,230.28,230.3,230.28,230.3,0.01,22.87,5289.46,1
2023-07-17,2023-07-17 12:19:00,230.3,230.33,230.3,230.33,0.01,22.87,5289.46,1
2023-07-17,2023-07-17 12:20:00,230.33,230.36,230.33,230.36,0.01,22.87,5289.46,1
2023-07-17,2023-07-17 12:21:00,230.36,230.39,230.36,230.39,0.01,22.87,5289.46,1
2023-07-17,2023-07-17 12:22:00,230.39,230.42,230.39,230.42,0.01,22.87,5289.46,1
2023-07-17,2023-07-17 12:23:00,230.42,230.45,230.42,230.45,0.01,22.87,5289.46,1
2023-07-17,2023-07-17 12:24:00,230.45,230.48,230.45,230.48,0.01,22.87,5289.46,1
2023-07-17,2023-07-17 12:25:00,230.48,230.51,230.48,230.51,0.01,22.87,5289.46,1
2023-07-17,2023-07-17 12:26:00,230.51,230.54,230.51,230.54,0.01,22.87,5289.46,1
2023-07-17,2023-07-17 12:27:00,230.54,230.57,230.54,230.57,0.01,22.87,5289.46,1
2023-07-17,2023-07-17 12:28:00,230.57,230.6,230.57,230.6,0.01,22.87,5289.46,1
2023-07-17,2023-07-17 12:29:00,230.6,230.62,230.6,230.62,0.01,22.87,5289.46,1
2023-07-17,2023-07-17 12:30:00,230.62,230.65,230.62,230.65,0.01,22.87,5289.46,1
2023-07-17,2023-07-17 12:31:00,230.65,230.68,230.65,230.68,0.01,22.87,5289.46,1
2023-07-17,2023-07-17 12:32:00,230.68,230.71,230.68,230.71,0.01,22.87,5289.46,1
2023-07-17,2023-07-17 12:33:00,230.71,230.74,230.71,230.74,0.01,22.87,5289.46,1
2023-07-17,2023-07-17 12:34:00,230.74,230.77,230.74,230.77,0.01,22.87,5289.46,1
2023-07-17,2023-07-17 12:35:00,230.77,230.8,230.77,230.8,0.01,22.87,5289.46,1
2023-07-17,2023-07-17 12:36:00,230.8,230.83,230.8,230.83,0.01,22.87,5289.46,1
2023-07-17,2023-07-17 12:37:00,230.83,230.86,230.83,230.86,0.01,22.87,5289.46,1
2023-07-17,2023-07-17 12:38:00,230.86,230.89,230.86,230.89,0.01,22.87,5289.46,1
2023-07-17,2023-07-17 12:39:00,230.89,230.92,230.89,230.92,0.01,22.87,5289.46,1
2023-07-17,2023-07-17 12:40:00,230.92,230.95,230.92,230.95,0.01,22.87,5289.46,1
2023-07-17,2023-07-17 12:41:00,230.95,230.97,230.95,230.97,0.01,22.87,5289.46,1
2023-07-17,2023-07-17 12:42:00,230.97,231.0,230.97,231.0,0.01,22.87,5289.46,1
2023-07-17,2023-07-17 12:43:00,231.0,231.03,231.0,231.03,0.01,22.87,5289.46,1
2023-07-17,2023-07-17 12:44:00,231.03,231.06,231.03,231.06,0.01,22.87,5289.46,1
2023-07-17,2023-07-17 12:45:00,231.06,231.09,231.06,231.09,0.01,22.87,5289.46,1
2023-07-17,2023-07-17 12:46:00,231.09,231.12,231.09,231.12,0.01,22.87,5289.46,1
2023-07-17,2023-07-17 12:47:00,231.12,231.15,231.12,231.15,0.01,22.87,5289.46,1
2023-07-17,2023-07-17 12:48:00,231.15,231.18,231.15,231.18,0.01,22.87,5289.46,1
2023-07-17,2023-07-17 12:49:00,231.18,231.21,231.18,231.21,0.01,22.87,5289.46,1
2023-07-17,2023-07-17 12:50:00,231.21,231.24,231.21,231.24,0.01,22.87,5289.46,1
2023-07-17,2023-07-17 12:51:00,231.24,231.27,231.24,231.27,0.01,22.87,5289.46,1
2023-07-17,2023-07-17 12:52:00,231.27,231.3,231.27,231.3,0.01,22.87,5289.46,1
2023-07-17,2023-07-17 12:53:00,231.3,231.32,231.3,231.32,0.01,22.87,5289.46,1
2023-07-17,2023-07-17 12:54:00,231.32,231.35,231.32,231.35,0.01,22.87,5289.46,1
2023-07-17,2023-07-17 12:55:00,231.35,231.38,231.35,231.38,0.01,22.87,5289.46,1
2023-07-17,2023-07-17 12:56:00,231.38,231.41,231.38,231.41,0.01,22.87,5289.46,1
2023-07-17,2023-07-17 12:57:00,231.41,231.44,231.41,231.44,0.01,22.87,5289.46,1
2023-07-17,2023-07-17 12:58:00,231.44,231.47,231.44,231.47,0.01,22.87,5289.46,1
2023-07-17,2023-07-17 12:59:00,231.47,231.5,231.47,231.5,0.01,22.87,5289.46,1
2023-07-17,2023-07-17 13:00:00,231.5,238.7,224.6,231.53,0.01,22.87,5289.46,1
2023-07-17,2023-07-17 13:01:00,231.53,231.56,231.53,231.56,0.01,22.87,5289.46,1
2023-07-17,2023-07-17 13:02:00,231.56,231.59,231.56,231.59,0.01,22.87,5289.46,1
2023-07-17,2023-07-17 13:03:00,231.59,231.62,231.59,231.62,0.01,22.87,5289.46,1
2023-07-17,2023-07-17 13:04:00,231.62,231.65,231.62,231.65,0.01,22.87,5289.46,1
2023-07-17,2023-07-17 13:05:00,231.65,231.68,231.65,231.68,0.01,22.87,5289.46,1
2023-07-17,2023-07-17 13:06:00,231.68,231.7,231.68,231.7,0.01,22.87,5289.46,1
2023-07-17,2023-07-17 13:07:00,231.7,231.73,231.7,231.73,0.01,22.87,5289.46,1
2023-07-17,2023-07-17 13:08:00,231.73,231.76,231.73,231.76,0.01,22.87,5289.46,1
2023-07-17,2023-07-17 13:09:00,231.76,231.79,231.76,231.79,0.01,22.87,5289.46,1
2023-07-17,2023-07-17 13:10:00,231.79,231.82,231.79,231.82,0.01,22.87,5289.46,1
2023-07-17,2023-07-17 13:11:00,231.82,231.85,231.82,231.85,0.01,22.87,5289.46,1
2023-07-17,2023-07-17 13:12:00,231.85,231.88,231.85,231.88,0.01,22.87,5289.46,1
2023-07-17,2023-07-17 13:13:00,231.88,231.91,231.88,231.91,0.01,22.87,5289.46,1
2023-07-17,2023-07-17 13:14:00,231.91,231.94,231.91,231.94,0.01,22.87,5289.46,1
2023-07-17,2023-07-17 13:15:00,231.94,231.97,231.94,231.97,0.01,22.87,5289.46,1
2023-07-17,2023-07-17 13:16:00,231.97,232.0,231.97,232.0,0.01,22.87,5289.46,1
2023-07-17,2023-07-17 13:17:00,232.0,232.03,232.0,232.03,0.01,22.87,5289.46,1
2023-07-17,2023-07-17 13:18:00,232.03,232.05,232.03,232.05,0.01,22.87,5289.46,1
2023-07-17,2023-07-17 13:19:00,232.05,232.08,232.05,232.08,0.01,22.87,5289.46,1
2023-07-17,2023-07-17 13:20:00,232.08,232.11,232.08,232.11,0.01,22.87,5289.46,1
2023-07-17,2023-07-17 13:21:00,232.11,232.14,232.11,232.14,0.01,22.87,5289.46,1
2023-07-17,2023-07-17 13:22:00,232.14,232.17,232.14,232.17,0.01,22.87,5289.46,1
2023-07-17,2023-07-17 13:23:00,232.17,232.2,232.17,232.2,0.01,22.87,5289.46,1
2023-07-17,2023-07-17 13:24:00,232.2,232.23,232.2,232.23,0.01,22.87,5289.46,1
2023-07-17,2023-07-17 13:25:00,232.23,232.26,232.23,232.26,0.01,22.87,5289.46,1
2023-07-17,2023-07-17 13:26:00,232.26,232.29,232.26,232.29,0.01,22.87,5289.46,1
2023-07-17,2023-07-17 13:27:00,232.29,232.32,232.29,232.32,0.01,22.87,5289.46,1
2023-07-17,2023-07-17 13:28:00,232.32,232.35,232.32,232.35,0.01,22.87,5289.46,1
2023-07-17,2023-07-17 13:29:00,232.35,232.38,232.35,232.38,0.01,22.87,5289.46,1
2023-07-17,2023-07-17 13:30:00,232.38,232.4,232.38,232.4,0.01,22.87,5289.46,1
2023-07-17,2023-07-17 13:31:00,232.4,232.43,232.4,232.43,0.01,22.87,5289.46,1
2023-07-17,2023-07-17 13:32:00,232.43,232.46,232.43,232.46,0.01,22.87,5289.46,1
2023-07-17,2023-07-17 13:33:00,232.46,232.49,232.46,232.49,0.01,22.87,5289.46,1
2023-07-17,2023-07-17 13:34:00,232.49,232.52,232.49,232.52,0.01,22.87,5289.46,1
2023-07-17,2023-07-17 13:35:00,232.52,232.55,232.52,232.55,0.01,22.87,5289.46,1
2023-07-17,2023-07-17 13:36:00,232.55,232.58,232.55,232.58,0.01,22.87,5289.46,1
2023-07-17,2023-07-17 13:37:00,232.58,232.61,232.58,232.61,0.01,22.87,5289.46,1
2023-07-17,2023-07-17 13:38:00,232.61,232.64,232.61,232.64,0.01,22.87,5289.46,1
2023-07-17,2023-07-17 13:39:00,232.64,232.67,232.64,232.67,0.01,22.87,5289.46,1
2023-07-17,2023-07-17 13:40:00,232.67,232.7,232.67,232.7,0.01,22.87,5289.46,1
2023-07-17,2023-07-17 13:41:00,232.7,232.72,232.7,232.72,0.01,22.87,5289.46,1
2023-07-17,2023-07-17 13:42:00,232.72,232.75,232.72,232.75,0.01,22.87,5289.46,1
2023-07-17,2023-07-17 13:43:00,232.75,232.78,232.75,232.78,0.01,22.87,5289.46,1
2023-07-17,2023-07-17 13:44:00,232.78,232.81,232.78,232.81,0.01,22.87,5289.46,1
2023-07-17,2023-07-17 13:45:00,232.81,232.84,232.81,232.84,0.01,22.87,5289.46,1
2023-07-17,2023-07-17 13:46:00,232.84,232.87,232.84,232.87,0.01,22.87,5289.46,1
2023-07-17,2023-07-17 13:47:00,232.87,232.9,232.87,232.9,0.01,22.87,5289.46,1
2023-07-17,2023-07-17 13:48:00,232.9,232.93,232.9,232.93,0.01,22.87,5289.46,1
2023-07-17,2023-07-17 13:49:00,232.93,232.96,232.93,232.96,0.01,22.87,5289.46,1
2023-07-17,2023-07-17 13:50:00,232.96,232.99,232.96,232.99,0.01,22.87,5289.46,1
2023-07-17,2023-07-17 13:51:00,232.99,233.02,232.99,233.02,0.01,22.87,5289.46,1
2023-07-17,2023-07-17 13:52:00,233.02,233.05,233.02,233.05,0.01,22.87,5289.46,1
2023-07-17,2023-07-17 13:53:00,233.05,233.07,233.05,233.07,0.01,22.87,5289.46,1
2023-07-17,2023-07-17 13:54:00,233.07,233.1,233.07,233.1,0.01,22.87,5289.46,1
2023-07-17,2023-07-17 13:55:00,233.1,233.13,233.1,233.13,0.01,22.87,5289.46,1
2023-07-17,2023-07-17 13:56:00,233.13,233.16,233.13,233.16,0.01,22.87,5289.46,1
2023-07-17,2023-07-17 13:57:00,233.16,233.19,233.16,233.19,0.01,22.87,5289.46,1
2023-07-17,2023-07-17 13:58:00,233.19,233.22,233.19,233.22,0.01,22.87,5289.46,1
2023-07-17,2023-07-17 13:59:00,233.22,233.25,233.22,233.25,0.01,22.87,5289.46,1
2023-07-17,2023-07-17 14:00:00,233.25,233.28,233.25,233.28,0.01,22.87,5289.46,1
2023-07-17,2023-07-17 14:01:00,233.28,233.31,233.28,233.31,0.01,22.87,5289.46,1
2023-07-17,2023-07-17 14:02:00,233.31,233.34,233.31,233.34,0.01,22.87,5289.46,1
2023-07-17,2023-07-17 14:03:00,233.34,233.37,233.34,233.37,0.01,22.87,5289.46,1
2023-07-17,2023-07-17 14:04:00,233.37,233.4,233.37,233.4,0.01,22.87,5289.46,1
2023-07-17,2023-07-17 14:05:00,233.4,233.43,233.4,233.43,0.01,22.87,5289.46,1
2023-07-17,2023-07-17 14:06:00,233.43,233.45,233.43,233.45,0.01,22.87,5289.46,1
2023-07-17,2023-07-17 14:07:00,233.45,233.48,233.45,233.48,0.01,22.87,5289.46,1
2023-07-17,2023-07-17 14:08:00,233.48,233.51,233.48,233.51,0.01,22.87,5289.46,1
2023-07-17,2023-07-17 14:09:00,233.51,233.54,233.51,233.54,0.01,22.87,5289.46,1
2023-07-17,2023-07-17 14:10:00,233.54,233.57,233.54,233.57,0.01,22.87,5289.46,1
2023-07-17,2023-07-17 14:11:00,233.57,233.6,233.57,233.6,0.01,22.87,5289.46,1
2023-07-17,2023-07-17 14:12:00,233.6,233.63,233.6,233.63,0.01,22.87,5289.46,1
2023-07-17,2023-07-17 14:13:00,233.63,233.66,233.63,233.66,0.01,22.87,5289.46,1
2023-07-17,2023-07-17 14:14:00,233.66,233.69,233.66,233.69,0.01,22.87,5289.46,1
2023-07-17,2023-07-17 14:15:00,233.69,233.72,233.69,233.72,0.01,22.87,5289.46,1
2023-07-17,2023-07-17 14:16:00,233.72,233.75,233.72,233.75,0.01,22.87,5289.46,1
2023-07-17,2023-07-17 14:17:00,233.75,233.78,233.75,233.78,0.01,22.87,5289.46,1
2023-07-17,2023-07-17 14:18:00,233.78,233.8,233.78,233.8,0.01,22.87,5289.46,1
2023-07-17,2023-07-17 14:19:00,233.8,233.83,233.8,233.83,0.01,22.87,5289.46,1
2023-07-17,2023-07-17 14:20:00,233.83,233.86,233.83,233.86,0.01,22.87,5289.46,1
2023-07-17,2023-07-17 14:21:00,233.86,233.89,233.86,233.89,0.01,22.87,5289.46,1
2023-07-17,2023-07-17 14:22:00,233.89,233.92,233.89,233.92,0.01,22.87,5289.46,1
2023-07-17,2023-07-17 14:23:00,233.92,233.95,233.92,233.95,0.01,22.87,5289.46,1
2023-07-17,2023-07-17 14:24:00,233.95,233.98,233.95,233.98,0.01,22.87,5289.46,1
2023-07-17,2023-07-17 14:25:00,233.98,234.01,233.98,234.01,0.01,22.87,5289.46,1
2023-07-17,2023-07-17 14:26:00,234.01,234.04,234.01,234.04,0.01,22.87,5289.46,1
2023-07-17,2023-07-17 14:27:00,234.04,234.07,234.04,234.07,0.01,22.87,5289.46,1
2023-07-17,2023-07-17 14:28:00,234.07,234.1,234.07,234.1,0.01,22.87,5289.46,1
2023-07-17,2023-07-17 14:29:00,234.1,234.12,234.1,234.12,0.01,22.87,5289.46,1
2023-07-17,2023-07-17 14:30:00,234.12,234.15,234.12,234.15,0.01,22.87,5289.46,1
2023-07-17,2023-07-17 14:31:00,234.15,234.18,234.15,234.18,0.01,22.87,5289.46,1
2023-07-17,2023-07-17 14:32:00,234.18,234.21,234.18,234.21,0.01,22.87,5289.46,1
2023-07-17,2023-07-17 14:33:00,234.21,234.24,234.21,234.24,0.01,22.87,5289.46,1
2023-07-17,2023-07-17 14:34:00,234.24,234.27,234.24,234.27,0.01,22.87,5289.46,1
2023-07-17,2023-07-17 14:35:00,234.27,234.3,234.27,234.3,0.01,22.87,5289.46,1
2023-07-17,2023-07-17 14:36:00,234.3,234.33,234.3,234.33,0.01,22.87,5289.46,1
2023-07-17,2023-07-17 14:37:00,234.33,234.36,234.33,234.36,0.01,22.87,5289.46,1
2023-07-17,2023-07-17 14:38:00,234.36,234.39,234.36,234.39,0.01,22.87,5289.46,1
2023-07-17,2023-07-17 14:39:00,234.39,234.42,234.39,234.42,0.01,22.87,5289.46,1
2023-07-17,2023-07-17 14:40:00,234.42,234.45,234.42,234.45,0.01,22.87,5289.46,1
2023-07-17,2023-07-17 14:41:00,234.45,234.47,234.45,234.47,0.01,22.87,5289.46,1
2023-07-17,2023-07-17 14:42:00,234.47,234.5,234.47,234.5,0.01,22.87,5289.46,1
2023-07-17,2023-07-17 14:43:00,234.5,234.53,234.5,234.53,0.01,22.87,5289.46,1
2023-07-17,2023-07-17 14:44:00,234.53,234.56,234.53,234.56,0.01,22.87,5289.46,1
2023-07-17,2023-07-17 14:45:00,234.56,234.59,234.56,234.59,0.01,22.87,5289.46,1
2023-07-17,2023-07-17 14:46:00,234.59,234.62,234.59,234.62,0.01,22.87,5289.46,1
2023-07-17,2023-07-17 14:47:00,234.62,234.65,234.62,234.65,0.01,22.87,5289.46,1
2023-07-17,2023-07-17 14:48:00,234.65,234.68,234.65,234.68,0.01,22.87,5289.46,1
2023-07-17,2023-07-17 14:49:00,234.68,234.71,234.68,234.71,0.01,22.87,5289.46,1
2023-07-17,2023-07-17 14:50:00,234.71,234.74,234.71,234.74,0.01,22.87,5289.46,1
2023-07-17,2023-07-17 14:51:00,234.74,234.77,234.74,234.77,0.01,22.87,5289.46,1
2023-07-17,2023-07-17 14:52:00,234.77,234.8,234.77,234.8,0.01,22.87,5289.46,1
2023-07-17,2023-07-17 14:53:00,234.8,234.82,234.8,234.82,0.01,22.87,5289.46,1
2023-07-17,2023-07-17 14:54:00,234.82,234.85,234.82,234.85,0.01,22.87,5289.46,1
2023-07-17,2023-07-17 14:55:00,234.85,234.88,234.85,234.88,0.01,22.87,5289.46,1
2023-07-17,2023-07-17 14:56:00,234.88,234.91,234.88,234.91,0.01,22.87,5289.46,1
2023-07-17,2023-07-17 14:57:00,234.91,234.94,234.91,234.94,0.01,22.87,5289.46,1
2023-07-17,2023-07-17 14:58:00,234.94,234.97,234.94,234.97,0.01,22.87,5289.46,1
2023-07-17,2023-07-17 14:59:00,234.97,235.0,234.97,235.0,0.01,22.87,5289.46,1
2023-07-17,2023-07-17 15:00:00,235.0,238.7,224.6,235.0,0.0,22.87,5289.46,0
2023-07-18,2023-07-18 11:00:00,230.3,234.41,229.01,230.32,0.01,29.52,6908.73,1
2023-07-18,2023-07-18 11:01:00,230.32,230.34,230.32,230.34,0.01,29.52,6908.73,1
2023-07-18,2023-07-18 11:02:00,230.34,230.36,230.34,230.36,0.01,29.52,6908.73,1
2023-07-18,2023-07-18 11:03:00,230.36,230.38,230.36,230.38,0.01,29.52,6908.73,1
2023-07-18,2023-07-18 11:04:00,230.38,230.4,230.38,230.4,0.01,29.52,6908.73,1
2023-07-18,2023-07-18 11:05:00,230.4,230.42,230.4,230.42,0.01,29.52,6908.73,1
2023-07-18,2023-07-18 11:06:00,230.42,230.44,230.42,230.44,0.01,29.52,6908.73,1
2023-07-18,2023-07-18 11:07:00,230.44,230.46,230.44,230.46,0.01,29.52,6908.73,1
2023-07-18,2023-07-18 11:08:00,230.46,230.48,230.46,230.48,0.01,29.52,6908.73,1
2023-07-18,2023-07-18 11:09:00,230.48,230.5,230.48,230.5,0.01,29.52,6908.73,1
2023-07-18,2023-07-18 11:10:00,230.5,230.52,230.5,230.52,0.01,29.52,6908.73,1
2023-07-18,2023-07-18 11:11:00,230.52,230.54,230.52,230.54,0.01,29.52,6908.73,1
2023-07-18,2023-07-18 11:12:00,230.54,230.55,230.54,230.55,0.0,29.52,6908.73,1
2023-07-18,2023-07-18 11:13:00,230.55,230.57,230.55,230.57,0.01,29.52,6908.73,1
2023-07-18,2023-07-18 11:14:00,230.57,230.59,230.57,230.59,0.01,29.52,6908.73,1
2023-07-18,2023-07-18 11:15:00,230.59,230.61,230.59,230.61,0.01,29.52,6908.73,1
2023-07-18,2023-07-18 11:16:00,230.61,230.63,230.61,230.63,0.01,29.52,6908.73,1
2023-07-18,2023-07-18 11:17:00,230.63,230.65,230.63,230.65,0.01,29.52,6908.73,1
2023-07-18,2023-07-18 11:18:00,230.65,230.67,230.65,230.67,0.01,29.52,6908.73,1
2023-07-18,2023-07-18 11:19:00,230.67,230.69,230.67,230.69,0.01,29.52,6908.73,1
2023-07-18,2023-07-18 11:20:00,230.69,230.71,230.69,230.71,0.01,29.52,6908.73,1
2023-07-18,2023-07-18 11:21:00,230.71,230.73,230.71,230.73,0.01,29.52,6908.73,1
2023-07-18,2023-07-18 11:22:00,230.73,230.75,230.73,230.75,0.01,29.52,6908.73,1
2023-07-18,2023-07-18 11:23:00,230.75,230.77,230.75,230.77,0.01,29.52,6908.73,1
2023-07-18,2023-07-18 11:24:00,230.77,230.79,230.77,230.79,0.01,29.52,6908.73,1
2023-07-18,2023-07-18 11:25:00,230.79,230.81,230.79,230.81,0.01,29.52,6908.73,1
2023-07-18,2023-07-18 11:26:00,230.81,230.83,230.81,230.83,0.01,29.52,6908.73,1
2023-07-18,2023-07-18 11:27:00,230.83,230.85,230.83,230.85,0.01,29.52,6908.73,1
2023-07-18,2023-07-18 11:28:00,230.85,230.87,230.85,230.87,0.01,29.52,6908.73,1
2023-07-18,2023-07-18 11:29:00,230.87,230.89,230.87,230.89,0.01,29.52,6908.73,1
2023-07-18,2023-07-18 11:30:00,230.89,230.91,230.89,230.91,0.01,29.52,6908.73,1
2023-07-18,2023-07-18 11:31:00,230.91,230.93,230.91,230.93,0.01,29.52,6908.73,1
2023-07-18,2023-07-18 11:32:00,230.93,230.95,230.93,230.95,0.01,29.52,6908.73,1
2023-07-18,2023-07-18 11:33:00,230.95,230.97,230.95,230.97,0.01,29.52,6908.73,1
2023-07-18,2023-07-18 11:34:00,230.97,230.99,230.97,230.99,0.01,29.52,6908.73,1
2023-07-18,2023-07-18 11:35:00,230.99,231.0,230.99,231.0,0.0,29.52,6908.73,1
2023-07-18,2023-07-18 11:36:00,231.0,231.02,231.0,231.02,0.01,29.52,6908.73,1
2023-07-18,2023-07-18 11:37:00,231.02,231.04,231.02,231.04,0.01,29.52,6908.73,1
2023-07-18,2023-07-18 11:38:00,231.04,231.06,231.04,231.06,0.01,29.52,6908.73,1
2023-07-18,2023-07-18 11:39:00,231.06,231.08,231.06,231.08,0.01,29.52,6908.73,1
2023-07-18,2023-07-18 11:40:00,231.08,231.1,231.08,231.1,0.01,29.52,6908.73,1
2023-07-18,2023-07-18 11:41:00,231.1,231.12,231.1,231.12,0.01,29.52,6908.73,1
2023-07-18,2023-07-18 11:42:00,231.12,231.14,231.12,231.14,0.01,29.52,6908.73,1
2023-07-18,2023-07-18 11:43:00,231.14,231.16,231.14,231.16,0.01,29.52,6908.73,1
2023-07-18,2023-07-18 11:44:00,231.16,231.18,231.16,231.18,0.01,29.52,6908.73,1
2023-07-18,2023-07-18 11:45:00,231.18,231.2,231.18,231.2,0.01,29.52,6908.73,1
2023-07-18,2023-07-18 11:46:00,231.2,231.22,231.2,231.22,0.01,29.52,6908.73,1
2023-07-18,2023-07-18 11:47:00,231.22,231.24,231.22,231.24,0.01,29.52,6908.73,1
2023-07-18,2023-07-18 11:48:00,231.24,231.26,231.24,231.26,0.01,29.52,6908.73,1
2023-07-18,2023-07-18 11:49:00,231.26,231.28,231.26,231.28,0.01,29.52,6908.73,1
2023-07-18,2023-07-18 11:50:00,231.28,231.3,231.28,231.3,0.01,29.52,6908.73,1
2023-07-18,2023-07-18 11:51:00,231.3,231.32,231.3,231.32,0.01,29.52,6908.73,1
2023-07-18,2023-07-18 11:52:00,231.32,231.34,231.32,231.34,0.01,29.52,6908.73,1
2023-07-18,2023-07-18 11:53:00,231.34,231.36,231.34,231.36,0.01,29.52,6908.73,1
2023-07-18,2023-07-18 11:54:00,231.36,231.38,231.36,231.38,0.01,29.52,6908.73,1
2023-07-18,2023-07-18 11:55:00,231.38,231.4,231.38,231.4,0.01,29.52,6908.73,1
2023-07-18,2023-07-18 11:56:00,231.4,231.42,231.4,231.42,0.01,29.52,6908.73,1
2023-07-18,2023-07-18 11:57:00,231.42,231.44,231.42,231.44,0.01,29.52,6908.73,1
2023-07-18,2023-07-18 11:58:00,231.44,231.46,231.44,231.46,0.01,29.52,6908.73,1
2023-07-18,2023-07-18 11:59:00,231.46,231.48,231.46,231.48,0.01,29.52,6908.73,1
2023-07-18,2023-07-18 12:00:00,231.48,231.49,231.48,231.49,0.0,29.52,6908.73,1
2023-07-18,2023-07-18 12:01:00,231.49,231.51,231.49,231.51,0.01,29.52,6908.73,1
2023-07-18,2023-07-18 12:02:00,231.51,231.53,231.51,231.53,0.01,29.52,6908.73,1
2023-07-18,2023-07-18 12:03:00,231.53,231.55,231.53,231.55,0.01,29.52,6908.73,1
2023-07-18,2023-07-18 12:04:00,231.55,231.57,231.55,231.57,0.01,29.52,6908.73,1
2023-07-18,2023-07-18 12:05:00,231.57,231.59,231.57,231.59,0.01,29.52,6908.73,1
2023-07-18,2023-07-18 12:06:00,231.59,231.61,231.59,231.61,0.01,29.52,6908.73,1
2023-07-18,2023-07-18 12:07:00,231.61,231.63,231.61,231.63,0.01,29.52,6908.73,1
2023-07-18,2023-07-18 12:08:00,231.63,231.65,231.63,231.65,0.01,29.52,6908.73,1
2023-07-18,2023-07-18 12:09:00,231.65,231.67,231.65,231.67,0.01,29.52,6908.73,1
2023-07-18,2023-07-18 12:10:00,231.67,231.69,231.67,231.69,0.01,29.52,6908.73,1
2023-07-18,2023-07-18 12:11:00,231.69,231.71,231.69,231.71,0.01,29.52,6908.73,1
2023-07-18,2023-07-18 12:12:00,231.71,231.73,231.71,231.73,0.01,29.52,6908.73,1
2023-07-18,2023-07-18 12:13:00,231.73,231.75,231.73,231.75,0.01,29.52,6908.73,1
2023-07-18,2023-07-18 12:14:00,231.75,231.77,231.75,231.77,0.01,29.52,6908.73,1
2023-07-18,2023-07-18 12:15:00,231.77,231.79,231.77,231.79,0.01,29.52,6908.73,1
2023-07-18,2023-07-18 12:16:00,231.79,231.81,231.79,231.81,0.01,29.52,6908.73,1
2023-07-18,2023-07-18 12:17:00,231.81,231.83,231.81,231.83,0.01,29.52,6908.73,1
2023-07-18,2023-07-18 12:18:00,231.83,231.85,231.83,231.85,0.01,29.52,6908.73,1
2023-07-18,2023-07-18 12:19:00,231.85,231.87,231.85,231.87,0.01,29.52,6908.73,1
2023-07-18,2023-07-18 12:20:00,231.87,231.89,231.87,231.89,0.01,29.52,6908.73,1
2023-07-18,2023-07-18 12:21:00,231.89,231.91,231.89,231.91,0.01,29.52,6908.73,1
2023-07-18,2023-07-18 12:22:00,231.91,231.93,231.91,231.93,0.01,29.52,6908.73,1
2023-07-18,2023-07-18 12:23:00,231.93,231.94,231.93,231.94,0.0,29.52,6908.73,1
2023-07-18,2023-07-18 12:24:00,231.94,231.96,231.94,231.96,0.01,29.52,6908.73,1
2023-07-18,2023-07-18 12:25:00,231.96,231.98,231.96,231.98,0.01,29.52,6908.73,1
2023-07-18,2023-07-18 12:26:00,231.98,232.0,231.98,232.0,0.01,29.52,6908.73,1
2023-07-18,2023-07-18 12:27:00,232.0,232.02,232.0,232.02,0.01,29.52,6908.73,1
2023-07-18,2023-07-18 12:28:00,232.02,232.04,232.02,232.04,0.01,29.52,6908.73,1
2023-07-18,2023-07-18 12:29:00,232.04,232.06,232.04,232.06,0.01,29.52,6908.73,1
2023-07-18,2023-07-18 12:30:00,232.06,232.08,232.06,232.08,0.01,29.52,6908.73,1
2023-07-18,2023-07-18 12:31:00,232.08,232.1,232.08,232.1,0.01,29.52,6908.73,1
2023-07-18,2023-07-18 12:32:00,232.1,232.12,232.1,232.12,0.01,29.52,6908.73,1
2023-07-18,2023-07-18 12:33:00,232.12,232.14,232.12,232.14,0.01,29.52,6908.73,1
2023-07-18,2023-07-18 12:34:00,232.14,232.16,232.14,232.16,0.01,29.52,6908.73,1
2023-07-18,2023-07-18 12:35:00,232.16,232.18,232.16,232.18,0.01,29.52,6908.73,1
2023-07-18,2023-07-18 12:36:00,232.18,232.2,232.18,232.2,0.01,29.52,6908.73,1
2023-07-18,2023-07-18 12:37:00,232.2,232.22,232.2,232.22,0.01,29.52,6908.73,1
2023-07-18,2023-07-18 12:38:00,232.22,232.24,232.22,232.24,0.01,29.52,6908.73,1
2023-07-18,2023-07-18 12:39:00,232.24,232.26,232.24,232.26,0.01,29.52,6908.73,1
2023-07-18,2023-07-18 12:40:00,232.26,232.28,232.26,232.28,0.01,29.52,6908.73,1
2023-07-18,2023-07-18 12:41:00,232.28,232.3,232.28,232.3,0.01,29.52,6908.73,1
2023-07-18,2023-07-18 12:42:00,232.3,232.32,232.3,232.32,0.01,29.52,6908.73,1
2023-07-18,2023-07-18 12:43:00,232.32,232.34,232.32,232.34,0.01,29.52,6908.73,1
2023-07-18,2023-07-18 12:44:00,232.34,232.36,232.34,232.36,0.01,29.52,6908.73,1
2023-07-18,2023-07-18 12:45:00,232.36,232.38,232.36,232.38,0.01,29.52,6908.73,1
2023-07-18,2023-07-18 12:46:00,232.38,232.4,232.38,232.4,0.01,29.52,6908.73,1
2023-07-18,2023-07-18 12:47:00,232.4,232.42,232.4,232.42,0.01,29.52,6908.73,1
2023-07-18,2023-07-18 12:48:00,232.42,232.43,232.42,232.43,0.0,29.52,6908.73,1
2023-07-18,2023-07-18 12:49:00,232.43,232.45,232.43,232.45,0.01,29.52,6908.73,1
2023-07-18,2023-07-18 12:50:00,232.45,232.47,232.45,232.47,0.01,29.52,6908.73,1
2023-07-18,2023-07-18 12:51:00,232.47,232.49,232.47,232.49,0.01,29.52,6908.73,1
2023-07-18,2023-07-18 12:52:00,232.49,232.51,232.49,232.51,0.01,29.52,6908.73,1
2023-07-18,2023-07-18 12:53:00,232.51,232.53,232.51,232.53,0.01,29.52,6908.73,1
2023-07-18,2023-07-18 12:54:00,232.53,232.55,232.53,232.55,0.01,29.52,6908.73,1
2023-07-18,2023-07-18 12:55:00,232.55,232.57,232.55,232.57,0.01,29.52,6908.73,1
2023-07-18,2023-07-18 12:56:00,232.57,232.59,232.57,232.59,0.01,29.52,6908.73,1
2023-07-18,2023-07-18 12:57:00,232.59,232.61,232.59,232.61,0.01,29.52,6908.73,1
2023-07-18,2023-07-18 12:58:00,232.61,232.63,232.61,232.63,0.01,29.52,6908.73,1
2023-07-18,2023-07-18 12:59:00,232.63,232.65,232.63,232.65,0.01,29.52,6908.73,1
2023-07-18,2023-07-18 13:00:00,232.65,244.0,226.0,232.67,0.01,29.52,6908.73,1
2023-07-18,2023-07-18 13:01:00,232.67,232.69,232.67,232.69,0.01,29.52,6908.73,1
2023-07-18,2023-07-18 13:02:00,232.69,232.71,232.69,232.71,0.01,29.52,6908.73,1
2023-07-18,2023-07-18 13:03:00,232.71,232.73,232.71,232.73,0.01,29.52,6908.73,1
2023-07-18,2023-07-18 13:04:00,232.73,232.75,232.73,232.75,0.01,29.52,6908.73,1
2023-07-18,2023-07-18 13:05:00,232.75,232.77,232.75,232.77,0.01,29.52,6908.73,1
2023-07-18,2023-07-18 13:06:00,232.77,232.79,232.77,232.79,0.01,29.52,6908.73,1
2023-07-18,2023-07-18 13:07:00,232.79,232.81,232.79,232.81,0.01,29.52,6908.73,1
2023-07-18,2023-07-18 13:08:00,232.81,232.83,232.81,232.83,0.01,29.52,6908.73,1
2023-07-18,2023-07-18 13:09:00,232.83,232.85,232.83,232.85,0.01,29.52,6908.73,1
2023-07-18,2023-07-18 13:10:00,232.85,232.87,232.85,232.87,0.01,29.52,6908.73,1
2023-07-18,2023-07-18 13:11:00,232.87,232.88,232.87,232.88,0.0,29.52,6908.73,1
2023-07-18,2023-07-18 13:12:00,232.88,232.9,232.88,232.9,0.01,29.52,6908.73,1
2023-07-18,2023-07-18 13:13:00,232.9,232.92,232.9,232.92,0.01,29.52,6908.73,1
2023-07-18,2023-07-18 13:14:00,232.92,232.94,232.92,232.94,0.01,29.52,6908.73,1
2023-07-18,2023-07-18 13:15:00,232.94,232.96,232.94,232.96,0.01,29.52,6908.73,1
2023-07-18,2023-07-18 13:16:00,232.96,232.98,232.96,232.98,0.01,29.52,6908.73,1
2023-07-18,2023-07-18 13:17:00,232.98,233.0,232.98,233.0,0.01,29.52,6908.73,1
2023-07-18,2023-07-18 13:18:00,233.0,233.02,233.0,233.02,0.01,29.52,6908.73,1
2023-07-18,2023-07-18 13:19:00,233.02,233.04,233.02,233.04,0.01,29.52,6908.73,1
2023-07-18,2023-07-18 13:20:00,233.04,233.06,233.04,233.06,0.01,29.52,6908.73,1
2023-07-18,2023-07-18 13:21:00,233.06,233.08,233.06,233.08,0.01,29.52,6908.73,1
2023-07-18,2023-07-18 13:22:00,233.08,233.1,233.08,233.1,0.01,29.52,6908.73,1
2023-07-18,2023-07-18 13:23:00,233.1,233.12,233.1,233.12,0.01,29.52,6908.73,1
2023-07-18,2023-07-18 13:24:00,233.12,233.14,233.12,233.14,0.01,29.52,6908.73,1
2023-07-18,2023-07-18 13:25:00,233.14,233.16,233.14,233.16,0.01,29.52,6908.73,1
2023-07-18,2023-07-18 13:26:00,233.16,233.18,233.16,233.18,0.01,29.52,6908.73,1
2023-07-18,2023-07-18 13:27:00,233.18,233.2,233.18,233.2,0.01,29.52,6908.73,1
2023-07-18,2023-07-18 13:28:00,233.2,233.22,233.2,233.22,0.01,29.52,6908.73,1
2023-07-18,2023-07-18 13:29:00,233.22,233.24,233.22,233.24,0.01,29.52,6908.73,1
2023-07-18,2023-07-18 13:30:00,233.24,233.26,233.24,233.26,0.01,29.52,6908.73,1
2023-07-18,2023-07-18 13:31:00,233.26,233.28,233.26,233.28,0.01,29.52,6908.73,1
2023-07-18,2023-07-18 13:32:00,233.28,233.3,233.28,233.3,0.01,29.52,6908.73,1
2023-07-18,2023-07-18 13:33:00,233.3,233.32,233.3,233.32,0.01,29.52,6908.73,1
2023-07-18,2023-07-18 13:34:00,233.32,233.34,233.32,233.34,0.01,29.52,6908.73,1
2023-07-18,2023-07-18 13:35:00,233.34,233.36,233.34,233.36,0.01,29.52,6908.73,1
2023-07-18,2023-07-18 13:36:00,233.36,233.37,233.36,233.37,0.0,29.52,6908.73,1
2023-07-18,2023-07-18 13:37:00,233.37,233.39,233.37,233.39,0.01,29.52,6908.73,1
2023-07-18,2023-07-18 13:38:00,233.39,233.41,233.39,233.41,0.01,29.52,6908.73,1
2023-07-18,2023-07-18 13:39:00,233.41,233.43,233.41,233.43,0.01,29.52,6908.73,1
2023-07-18,2023-07-18 13:40:00,233.43,233.45,233.43,233.45,0.01,29.52,6908.73,1
2023-07-18,2023-07-18 13:41:00,233.45,233.47,233.45,233.47,0.01,29.52,6908.73,1
2023-07-18,2023-07-18 13:42:00,233.47,233.49,233.47,233.49,0.01,29.52,6908.73,1
2023-07-18,2023-07-18 13:43:00,233.49,233.51,233.49,233.51,0.01,29.52,6908.73,1
2023-07-18,2023-07-18 13:44:00,233.51,233.53,233.51,233.53,0.01,29.52,6908.73,1
2023-07-18,2023-07-18 13:45:00,233.53,233.55,233.53,233.55,0.01,29.52,6908.73,1
2023-07-18,2023-07-18 13:46:00,233.55,233.57,233.55,233.57,0.01,29.52,6908.73,1
2023-07-18,2023-07-18 13:47:00,233.57,233.59,233.57,233.59,0.01,29.52,6908.73,1
2023-07-18,2023-07-18 13:48:00,233.59,233.61,233.59,233.61,0.01,29.52,6908.73,1
2023-07-18,2023-07-18 13:49:00,233.61,233.63,233.61,233.63,0.01,29.52,6908.73,1
2023-07-18,2023-07-18 13:50:00,233.63,233.65,233.63,233.65,0.01,29.52,6908.73,1
2023-07-18,2023-07-18 13:51:00,233.65,233.67,233.65,233.67,0.01,29.52,6908.73,1
2023-07-18,2023-07-18 13:52:00,233.67,233.69,233.67,233.69,0.01,29.52,6908.73,1
2023-07-18,2023-07-18 13:53:00,233.69,233.71,233.69,233.71,0.01,29.52,6908.73,1
2023-07-18,2023-07-18 13:54:00,233.71,233.73,233.71,233.73,0.01,29.52,6908.73,1
2023-07-18,2023-07-18 13:55:00,233.73,233.75,233.73,233.75,0.01,29.52,6908.73,1
2023-07-18,2023-07-18 13:56:00,233.75,233.77,233.75,233.77,0.01,29.52,6908.73,1
2023-07-18,2023-07-18 13:57:00,233.77,233.79,233.77,233.79,0.01,29.52,6908.73,1
2023-07-18,2023-07-18 13:58:00,233.79,233.81,233.79,233.81,0.01,29.52,6908.73,1
2023-07-18,2023-07-18 13:59:00,233.81,233.82,233.81,233.82,0.0,29.52,6908.73,1
2023-07-18,2023-07-18 14:00:00,233.82,233.84,233.82,233.84,0.01,29.52,6908.73,1
2023-07-18,2023-07-18 14:01:00,233.84,233.86,233.84,233.86,0.01,29.52,6908.73,1
2023-07-18,2023-07-18 14:02:00,233.86,233.88,233.86,233.88,0.01,29.52,6908.73,1
2023-07-18,2023-07-18 14:03:00,233.88,233.9,233.88,233.9,0.01,29.52,6908.73,1
2023-07-18,2023-07-18 14:04:00,233.9,233.92,233.9,233.92,0.01,29.52,6908.73,1
2023-07-18,2023-07-18 14:05:00,233.92,233.94,233.92,233.94,0.01,29.52,6908.73,1
2023-07-18,2023-07-18 14:06:00,233.94,233.96,233.94,233.96,0.01,29.52,6908.73,1
2023-07-18,2023-07-18 14:07:00,233.96,233.98,233.96,233.98,0.01,29.52,6908.73,1
2023-07-18,2023-07-18 14:08:00,233.98,234.0,233.98,234.0,0.01,29.52,6908.73,1
2023-07-18,2023-07-18 14:09:00,234.0,234.02,234.0,234.02,0.01,29.52,6908.73,1
2023-07-18,2023-07-18 14:10:00,234.02,234.04,234.02,234.04,0.01,29.52,6908.73,1
2023-07-18,2023-07-18 14:11:00,234.04,234.06,234.04,234.06,0.01,29.52,6908.73,1
2023-07-18,2023-07-18 14:12:00,234.06,234.08,234.06,234.08,0.01,29.52,6908.73,1
2023-07-18,2023-07-18 14:13:00,234.08,234.1,234.08,234.1,0.01,29.52,6908.73,1
2023-07-18,2023-07-18 14:14:00,234.1,234.12,234.1,234.12,0.01,29.52,6908.73,1
2023-07-18,2023-07-18 14:15:00,234.12,234.14,234.12,234.14,0.01,29.52,6908.73,1
2023-07-18,2023-07-18 14:16:00,234.14,234.16,234.14,234.16,0.01,29.52,6908.73,1
2023-07-18,2023-07-18 14:17:00,234.16,234.18,234.16,234.18,0.01,29.52,6908.73,1
2023-07-18,2023-07-18 14:18:00,234.18,234.2,234.18,234.2,0.01,29.52,6908.73,1
2023-07-18,2023-07-18 14:19:00,234.2,234.22,234.2,234.22,0.01,29.52,6908.73,1
2023-07-18,2023-07-18 14:20:00,234.22,234.24,234.22,234.24,0.01,29.52,6908.73,1
2023-07-18,2023-07-18 14:21:00,234.24,234.26,234.24,234.26,0.01,29.52,6908.73,1
2023-07-18,2023-07-18 14:22:00,234.26,234.28,234.26,234.28,0.01,29.52,6908.73,1
2023-07-18,2023-07-18 14:23:00,234.28,234.3,234.28,234.3,0.01,29.52,6908.73,1
2023-07-18,2023-07-18 14:24:00,234.3,234.31,234.3,234.31,0.0,29.52,6908.73,1
2023-07-18,2023-07-18 14:25:00,234.31,234.33,234.31,234.33,0.01,29.52,6908.73,1
2023-07-18,2023-07-18 14:26:00,234.33,234.35,234.33,234.35,0.01,29.52,6908.73,1
2023-07-18,2023-07-18 14:27:00,234.35,234.37,234.35,234.37,0.01,29.52,6908.73,1
2023-07-18,2023-07-18 14:28:00,234.37,234.39,234.37,234.39,0.01,29.52,6908.73,1
2023-07-18,2023-07-18 14:29:00,234.39,234.41,234.39,234.41,0.01,29.52,6908.73,1
2023-07-18,2023-07-18 14:30:00,234.41,234.43,234.41,234.43,0.01,29.52,6908.73,1
2023-07-18,2023-07-18 14:31:00,234.43,234.45,234.43,234.45,0.01,29.52,6908.73,1
2023-07-18,2023-07-18 14:32:00,234.45,234.47,234.45,234.47,0.01,29.52,6908.73,1
2023-07-18,2023-07-18 14:33:00,234.47,234.49,234.47,234.49,0.01,29.52,6908.73,1
2023-07-18,2023-07-18 14:34:00,234.49,234.51,234.49,234.51,0.01,29.52,6908.73,1
2023-07-18,2023-07-18 14:35:00,234.51,234.53,234.51,234.53,0.01,29.52,6908.73,1
2023-07-18,2023-07-18 14:36:00,234.53,234.55,234.53,234.55,0.01,29.52,6908.73,1
2023-07-18,2023-07-18 14:37:00,234.55,234.57,234.55,234.57,0.01,29.52,6908.73,1
2023-07-18,2023-07-18 14:38:00,234.57,234.59,234.57,234.59,0.01,29.52,6908.73,1
2023-07-18,2023-07-18 14:39:00,234.59,234.61,234.59,234.61,0.01,29.52,6908.73,1
2023-07-18,2023-07-18 14:40:00,234.61,234.63,234.61,234.63,0.01,29.52,6908.73,1
2023-07-18,2023-07-18 14:41:00,234.63,234.65,234.63,234.65,0.01,29.52,6908.73,1
2023-07-18,2023-07-18 14:42:00,234.65,234.67,234.65,234.67,0.01,29.52,6908.73,1
2023-07-18,2023-07-18 14:43:00,234.67,234.69,234.67,234.69,0.01,29.52,6908.73,1
2023-07-18,2023-07-18 14:44:00,234.69,234.71,234.69,234.71,0.01,29.52,6908.73,1
2023-07-18,2023-07-18 14:45:00,234.71,234.73,234.71,234.73,0.01,29.52,6908.73,1
2023-07-18,2023-07-18 14:46:00,234.73,234.75,234.73,234.75,0.01,29.52,6908.73,1
2023-07-18,2023-07-18 14:47:00,234.75,234.76,234.75,234.76,0.0,29.52,6908.73,1
2023-07-18,2023-07-18 14:48:00,234.76,234.78,234.76,234.78,0.01,29.52,6908.73,1
2023-07-18,2023-07-18 14:49:00,234.78,234.8,234.78,234.8,0.01,29.52,6908.73,1
2023-07-18,2023-07-18 14:50:00,234.8,234.82,234.8,234.82,0.01,29.52,6908.73,1
2023-07-18,2023-07-18 14:51:00,234.82,234.84,234.82,234.84,0.01,29.52,6908.73,1
2023-07-18,2023-07-18 14:52:00,234.84,234.86,234.84,234.86,0.01,29.52,6908.73,1
2023-07-18,2023-07-18 14:53:00,234.86,234.88,234.86,234.88,0.01,29.52,6908.73,1
2023-07-18,2023-07-18 14:54:00,234.88,234.9,234.88,234.9,0.01,29.52,6908.73,1
2023-07-18,2023-07-18 14:55:00,234.9,234.92,234.9,234.92,0.01,29.52,6908.73,1
2023-07-18,2023-07-18 14:56:00,234.92,234.94,234.92,234.94,0.01,29.52,6908.73,1
2023-07-18,2023-07-18 14:57:00,234.94,234.96,234.94,234.96,0.01,29.52,6908.73,1
2023-07-18,2023-07-18 14:58:00,234.96,234.98,234.96,234.98,0.01,29.52,6908.73,1
2023-07-18,2023-07-18 14:59:00,234.98,235.0,234.98,235.0,0.01,29.52,6908.73,1
2023-07-18,2023-07-18 15:00:00,235.0,244.0,226.0,235.0,0.0,29.52,6908.73,0
2023-07-19,2023-07-19 11:00:00,230.3,232.61,229.1,230.31,0.0,20.7,4756.41,1
2023-07-19,2023-07-19 11:01:00,230.31,230.31,230.31,230.31,0.0,20.7,4756.41,0
2023-07-19,2023-07-19 11:02:00,230.31,230.32,230.31,230.32,0.0,20.7,4756.41,1
2023-07-19,2023-07-19 11:03:00,230.32,230.33,230.32,230.33,0.0,20.7,4756.41,1
2023-07-19,2023-07-19 11:04:00,230.33,230.34,230.33,230.34,0.0,20.7,4756.41,1
2023-07-19,2023-07-19 11:05:00,230.34,230.34,230.34,230.34,0.0,20.7,4756.41,0
2023-07-19,2023-07-19 11:06:00,230.34,230.35,230.34,230.35,0.0,20.7,4756.41,1
2023-07-19,2023-07-19 11:07:00,230.35,230.36,230.35,230.36,0.0,20.7,4756.41,1
2023-07-19,2023-07-19 11:08:00,230.36,230.36,230.36,230.36,0.0,20.7,4756.41,0
2023-07-19,2023-07-19 11:09:00,230.36,230.37,230.36,230.37,0.0,20.7,4756.41,1
2023-07-19,2023-07-19 11:10:00,230.37,230.38,230.37,230.38,0.0,20.7,4756.41,1
2023-07-19,2023-07-19 11:11:00,230.38,230.39,230.38,230.39,0.0,20.7,4756.41,1
2023-07-19,2023-07-19 11:12:00,230.39,230.39,230.39,230.39,0.0,20.7,4756.41,0
2023-07-19,2023-07-19 11:13:00,230.39,230.4,230.39,230.4,0.0,20.7,4756.41,1
2023-07-19,2023-07-19 11:14:00,230.4,230.41,230.4,230.41,0.0,20.7,4756.41,1
2023-07-19,2023-07-19 11:15:00,230.41,230.41,230.41,230.41,0.0,20.7,4756.41,0
2023-07-19,2023-07-19 11:16:00,230.41,230.42,230.41,230.42,0.0,20.7,4756.41,1
2023-07-19,2023-07-19 11:17:00,230.42,230.43,230.42,230.43,0.0,20.7,4756.41,1
2023-07-19,2023-07-19 11:18:00,230.43,230.43,230.43,230.43,0.0,20.7,4756.41,0
2023-07-19,2023-07-19 11:19:00,230.43,230.44,230.43,230.44,0.0,20.7,4756.41,1
2023-07-19,2023-07-19 11:20:00,230.44,230.45,230.44,230.45,0.0,20.7,4756.41,1
2023-07-19,2023-07-19 11:21:00,230.45,230.46,230.45,230.46,0.0,20.7,4756.41,1
2023-07-19,2023-07-19 11:22:00,230.46,230.46,230.46,230.46,0.0,20.7,4756.41,0
2023-07-19,2023-07-19 11:23:00,230.46,230.47,230.46,230.47,0.0,20.7,4756.41,1
2023-07-19,2023-07-19 11:24:00,230.47,230.48,230.47,230.48,0.0,20.7,4756.41,1
2023-07-19,2023-07-19 11:25:00,230.48,230.48,230.48,230.48,0.0,20.7,4756.41,0
2023-07-19,2023-07-19 11:26:00,230.48,230.49,230.48,230.49,0.0,20.7,4756.41,1
2023-07-19,2023-07-19 11:27:00,230.49,230.5,230.49,230.5,0.0,20.7,4756.41,1
2023-07-19,2023-07-19 11:28:00,230.5,230.51,230.5,230.51,0.0,20.7,4756.41,1
2023-07-19,2023-07-19 11:29:00,230.51,230.51,230.51,230.51,0.0,20.7,4756.41,0
2023-07-19,2023-07-19 11:30:00,230.51,230.52,230.51,230.52,0.0,20.7,4756.41,1
2023-07-19,2023-07-19 11:31:00,230.52,230.53,230.52,230.53,0.0,20.7,4756.41,1
2023-07-19,2023-07-19 11:32:00,230.53,230.53,230.53,230.53,0.0,20.7,4756.41,0
2023-07-19,2023-07-19 11:33:00,230.53,230.54,230.53,230.54,0.0,20.7,4756.41,1
2023-07-19,2023-07-19 11:34:00,230.54,230.55,230.54,230.55,0.0,20.7,4756.41,1
2023-07-19,2023-07-19 11:35:00,230.55,230.56,230.55,230.56,0.0,20.7,4756.41,1
2023-07-19,2023-07-19 11:36:00,230.56,230.56,230.56,230.56,0.0,20.7,4756.41,0
2023-07-19,2023-07-19 11:37:00,230.56,230.57,230.56,230.57,0.0,20.7,4756.41,1
2023-07-19,2023-07-19 11:38:00,230.57,230.58,230.57,230.58,0.0,20.7,4756.41,1
2023-07-19,2023-07-19 11:39:00,230.58,230.58,230.58,230.58,0.0,20.7,4756.41,0
2023-07-19,2023-07-19 11:40:00,230.58,230.59,230.58,230.59,0.0,20.7,4756.41,1
2023-07-19,2023-07-19 11:41:00,230.59,230.6,230.59,230.6,0.0,20.7,4756.41,1
2023-07-19,2023-07-19 11:42:00,230.6,230.6,230.6,230.6,0.0,20.7,4756.41,0
2023-07-19,2023-07-19 11:43:00,230.6,230.61,230.6,230.61,0.0,20.7,4756.41,1
2023-07-19,2023-07-19 11:44:00,230.61,230.62,230.61,230.62,0.0,20.7,4756.41,1
2023-07-19,2023-07-19 11:45:00,230.62,230.63,230.62,230.63,0.0,20.7,4756.41,1
2023-07-19,2023-07-19 11:46:00,230.63,230.63,230.63,230.63,0.0,20.7,4756.41,0
2023-07-19,2023-07-19 11:47:00,230.63,230.64,230.63,230.64,0.0,20.7,4756.41,1
2023-07-19,2023-07-19 11:48:00,230.64,230.65,230.64,230.65,0.0,20.7,4756.41,1
2023-07-19,2023-07-19 11:49:00,230.65,230.65,230.65,230.65,0.0,20.7,4756.41,0
2023-07-19,2023-07-19 11:50:00,230.65,230.66,230.65,230.66,0.0,20.7,4756.41,1
2023-07-19,2023-07-19 11:51:00,230.66,230.67,230.66,230.67,0.0,20.7,4756.41,1
2023-07-19,2023-07-19 11:52:00,230.67,230.68,230.67,230.68,0.0,20.7,4756.41,1
2023-07-19,2023-07-19 11:53:00,230.68,230.68,230.68,230.68,0.0,20.7,4756.41,0
2023-07-19,2023-07-19 11:54:00,230.68,230.69,230.68,230.69,0.0,20.7,4756.41,1
2023-07-19,2023-07-19 11:55:00,230.69,230.7,230.69,230.7,0.0,20.7,4756.41,1
2023-07-19,2023-07-19 11:56:00,230.7,230.7,230.7,230.7,0.0,20.7,4756.41,0
2023-07-19,2023-07-19 11:57:00,230.7,230.71,230.7,230.71,0.0,20.7,4756.41,1
2023-07-19,2023-07-19 11:58:00,230.71,230.72,230.71,230.72,0.0,20.7,4756.41,1
2023-07-19,2023-07-19 11:59:00,230.72,230.73,230.72,230.73,0.0,20.7,4756.41,1
2023-07-19,2023-07-19 12:00:00,230.73,230.73,230.73,230.73,0.0,20.7,4756.41,0
2023-07-19,2023-07-19 12:01:00,230.73,230.74,230.73,230.74,0.0,20.7,4756.41,1
2023-07-19,2023-07-19 12:02:00,230.74,230.75,230.74,230.75,0.0,20.7,4756.41,1
2023-07-19,2023-07-19 12:03:00,230.75,230.75,230.75,230.75,0.0,20.7,4756.41,0
2023-07-19,2023-07-19 12:04:00,230.75,230.76,230.75,230.76,0.0,20.7,4756.41,1
2023-07-19,2023-07-19 12:05:00,230.76,230.77,230.76,230.77,0.0,20.7,4756.41,1
2023-07-19,2023-07-19 12:06:00,230.77,230.77,230.77,230.77,0.0,20.7,4756.41,0
2023-07-19,2023-07-19 12:07:00,230.77,230.78,230.77,230.78,0.0,20.7,4756.41,1
2023-07-19,2023-07-19 12:08:00,230.78,230.79,230.78,230.79,0.0,20.7,4756.41,1
2023-07-19,2023-07-19 12:09:00,230.79,230.8,230.79,230.8,0.0,20.7,4756.41,1
2023-07-19,2023-07-19 12:10:00,230.8,230.8,230.8,230.8,0.0,20.7,4756.41,0
2023-07-19,2023-07-19 12:11:00,230.8,230.81,230.8,230.81,0.0,20.7,4756.41,1
2023-07-19,2023-07-19 12:12:00,230.81,230.82,230.81,230.82,0.0,20.7,4756.41,1
2023-07-19,2023-07-19 12:13:00,230.82,230.82,230.82,230.82,0.0,20.7,4756.41,0
2023-07-19,2023-07-19 12:14:00,230.82,230.83,230.82,230.83,0.0,20.7,4756.41,1
2023-07-19,2023-07-19 12:15:00,230.83,230.84,230.83,230.84,0.0,20.7,4756.41,1
2023-07-19,2023-07-19 12:16:00,230.84,230.85,230.84,230.85,0.0,20.7,4756.41,1
2023-07-19,2023-07-19 12:17:00,230.85,230.85,230.85,230.85,0.0,20.7,4756.41,0
2023-07-19,2023-07-19 12:18:00,230.85,230.86,230.85,230.86,0.0,20.7,4756.41,1
2023-07-19,2023-07-19 12:19:00,230.86,230.87,230.86,230.87,0.0,20.7,4756.41,1
2023-07-19,2023-07-19 12:20:00,230.87,230.87,230.87,230.87,0.0,20.7,4756.41,0
2023-07-19,2023-07-19 12:21:00,230.87,230.88,230.87,230.88,0.0,20.7,4756.41,1
2023-07-19,2023-07-19 12:22:00,230.88,230.89,230.88,230.89,0.0,20.7,4756.41,1
2023-07-19,2023-07-19 12:23:00,230.89,230.9,230.89,230.9,0.0,20.7,4756.41,1
2023-07-19,2023-07-19 12:24:00,230.9,230.9,230.9,230.9,0.0,20.7,4756.41,0
2023-07-19,2023-07-19 12:25:00,230.9,230.91,230.9,230.91,0.0,20.7,4756.41,1
2023-07-19,2023-07-19 12:26:00,230.91,230.92,230.91,230.92,0.0,20.7,4756.41,1
2023-07-19,2023-07-19 12:27:00,230.92,230.92,230.92,230.92,0.0,20.7,4756.41,0
2023-07-19,2023-07-19 12:28:00,230.92,230.93,230.92,230.93,0.0,20.7,4756.41,1
2023-07-19,2023-07-19 12:29:00,230.93,230.94,230.93,230.94,0.0,20.7,4756.41,1
2023-07-19,2023-07-19 12:30:00,230.94,230.94,230.94,230.94,0.0,20.7,4756.41,0
2023-07-19,2023-07-19 12:31:00,230.94,230.95,230.94,230.95,0.0,20.7,4756.41,1
2023-07-19,2023-07-19 12:32:00,230.95,230.96,230.95,230.96,0.0,20.7,4756.41,1
2023-07-19,2023-07-19 12:33:00,230.96,230.97,230.96,230.97,0.0,20.7,4756.41,1
2023-07-19,2023-07-19 12:34:00,230.97,230.97,230.97,230.97,0.0,20.7,4756.41,0
2023-07-19,2023-07-19 12:35:00,230.97,230.98,230.97,230.98,0.0,20.7,4756.41,1
2023-07-19,2023-07-19 12:36:00,230.98,230.99,230.98,230.99,0.0,20.7,4756.41,1
2023-07-19,2023-07-19 12:37:00,230.99,230.99,230.99,230.99,0.0,20.7,4756.41,0
2023-07-19,2023-07-19 12:38:00,230.99,231.0,230.99,231.0,0.0,20.7,4756.41,1
2023-07-19,2023-07-19 12:39:00,231.0,231.01,231.0,231.01,0.0,20.7,4756.41,1
2023-07-19,2023-07-19 12:40:00,231.01,231.02,231.01,231.02,0.0,20.7,4756.41,1
2023-07-19,2023-07-19 12:41:00,231.02,231.02,231.02,231.02,0.0,20.7,4756.41,0
2023-07-19,2023-07-19 12:42:00,231.02,231.03,231.02,231.03,0.0,20.7,4756.41,1
2023-07-19,2023-07-19 12:43:00,231.03,231.04,231.03,231.04,0.0,20.7,4756.41,1
2023-07-19,2023-07-19 12:44:00,231.04,231.04,231.04,231.04,0.0,20.7,4756.41,0
2023-07-19,2023-07-19 12:45:00,231.04,231.05,231.04,231.05,0.0,20.7,4756.41,1
2023-07-19,2023-07-19 12:46:00,231.05,231.06,231.05,231.06,0.0,20.7,4756.41,1
2023-07-19,2023-07-19 12:47:00,231.06,231.06,231.06,231.06,0.0,20.7,4756.41,0
2023-07-19,2023-07-19 12:48:00,231.06,231.07,231.06,231.07,0.0,20.7,4756.41,1
2023-07-19,2023-07-19 12:49:00,231.07,231.08,231.07,231.08,0.0,20.7,4756.41,1
2023-07-19,2023-07-19 12:50:00,231.08,231.09,231.08,231.09,0.0,20.7,4756.41,1
2023-07-19,2023-07-19 12:51:00,231.09,231.09,231.09,231.09,0.0,20.7,4756.41,0
2023-07-19,2023-07-19 12:52:00,231.09,231.1,231.09,231.1,0.0,20.7,4756.41,1
2023-07-19,2023-07-19 12:53:00,231.1,231.11,231.1,231.11,0.0,20.7,4756.41,1
2023-07-19,2023-07-19 12:54:00,231.11,231.11,231.11,231.11,0.0,20.7,4756.41,0
2023-07-19,2023-07-19 12:55:00,231.11,231.12,231.11,231.12,0.0,20.7,4756.41,1
2023-07-19,2023-07-19 12:56:00,231.12,231.13,231.12,231.13,0.0,20.7,4756.41,1
2023-07-19,2023-07-19 12:57:00,231.13,231.14,231.13,231.14,0.0,20.7,4756.41,1
2023-07-19,2023-07-19 12:58:00,231.14,231.14,231.14,231.14,0.0,20.7,4756.41,0
2023-07-19,2023-07-19 12:59:00,231.14,231.15,231.14,231.15,0.0,20.7,4756.41,1
2023-07-19,2023-07-19 13:00:00,231.15,238.0,226.3,231.16,0.0,20.7,4756.41,1
2023-07-19,2023-07-19 13:01:00,231.16,231.16,231.16,231.16,0.0,20.7,4756.41,0
2023-07-19,2023-07-19 13:02:00,231.16,231.17,231.16,231.17,0.0,20.7,4756.41,1
2023-07-19,2023-07-19 13:03:00,231.17,231.18,231.17,231.18,0.0,20.7,4756.41,1
2023-07-19,2023-07-19 13:04:00,231.18,231.19,231.18,231.19,0.0,20.7,4756.41,1
2023-07-19,2023-07-19 13:05:00,231.19,231.19,231.19,231.19,0.0,20.7,4756.41,0
2023-07-19,2023-07-19 13:06:00,231.19,231.2,231.19,231.2,0.0,20.7,4756.41,1
2023-07-19,2023-07-19 13:07:00,231.2,231.21,231.2,231.21,0.0,20.7,4756.41,1
2023-07-19,2023-07-19 13:08:00,231.21,231.21,231.21,231.21,0.0,20.7,4756.41,0
2023-07-19,2023-07-19 13:09:00,231.21,231.22,231.21,231.22,0.0,20.7,4756.41,1
2023-07-19,2023-07-19 13:10:00,231.22,231.23,231.22,231.23,0.0,20.7,4756.41,1
2023-07-19,2023-07-19 13:11:00,231.23,231.24,231.23,231.24,0.0,20.7,4756.41,1
2023-07-19,2023-07-19 13:12:00,231.24,231.24,231.24,231.24,0.0,20.7,4756.41,0
2023-07-19,2023-07-19 13:13:00,231.24,231.25,231.24,231.25,0.0,20.7,4756.41,1
2023-07-19,2023-07-19 13:14:00,231.25,231.26,231.25,231.26,0.0,20.7,4756.41,1
2023-07-19,2023-07-19 13:15:00,231.26,231.26,231.26,231.26,0.0,20.7,4756.41,0
2023-07-19,2023-07-19 13:16:00,231.26,231.27,231.26,231.27,0.0,20.7,4756.41,1
2023-07-19,2023-07-19 13:17:00,231.27,231.28,231.27,231.28,0.0,20.7,4756.41,1
2023-07-19,2023-07-19 13:18:00,231.28,231.28,231.28,231.28,0.0,20.7,4756.41,0
2023-07-19,2023-07-19 13:19:00,231.28,231.29,231.28,231.29,0.0,20.7,4756.41,1
2023-07-19,2023-07-19 13:20:00,231.29,231.3,231.29,231.3,0.0,20.7,4756.41,1
2023-07-19,2023-07-19 13:21:00,231.3,231.31,231.3,231.31,0.0,20.7,4756.41,1
2023-07-19,2023-07-19 13:22:00,231.31,231.31,231.31,231.31,0.0,20.7,4756.41,0
2023-07-19,2023-07-19 13:23:00,231.31,231.32,231.31,231.32,0.0,20.7,4756.41,1
2023-07-19,2023-07-19 13:24:00,231.32,231.33,231.32,231.33,0.0,20.7,4756.41,1
2023-07-19,2023-07-19 13:25:00,231.33,231.33,231.33,231.33,0.0,20.7,4756.41,0
2023-07-19,2023-07-19 13:26:00,231.33,231.34,231.33,231.34,0.0,20.7,4756.41,1
2023-07-19,2023-07-19 13:27:00,231.34,231.35,231.34,231.35,0.0,20.7,4756.41,1
2023-07-19,2023-07-19 13:28:00,231.35,231.36,231.35,231.36,0.0,20.7,4756.41,1
2023-07-19,2023-07-19 13:29:00,231.36,231.36,231.36,231.36,0.0,20.7,4756.41,0
2023-07-19,2023-07-19 13:30:00,231.36,231.37,231.36,231.37,0.0,20.7,4756.41,1
2023-07-19,2023-07-19 13:31:00,231.37,231.38,231.37,231.38,0.0,20.7,4756.41,1
2023-07-19,2023-07-19 13:32:00,231.38,231.38,231.38,231.38,0.0,20.7,4756.41,0
2023-07-19,2023-07-19 13:33:00,231.38,231.39,231.38,231.39,0.0,20.7,4756.41,1
2023-07-19,2023-07-19 13:34:00,231.39,231.4,231.39,231.4,0.0,20.7,4756.41,1
2023-07-19,2023-07-19 13:35:00,231.4,231.41,231.4,231.41,0.0,20.7,4756.41,1
2023-07-19,2023-07-19 13:36:00,231.41,231.41,231.41,231.41,0.0,20.7,4756.41,0
2023-07-19,2023-07-19 13:37:00,231.41,231.42,231.41,231.42,0.0,20.7,4756.41,1
2023-07-19,2023-07-19 13:38:00,231.42,231.43,231.42,231.43,0.0,20.7,4756.41,1
2023-07-19,2023-07-19 13:39:00,231.43,231.43,231.43,231.43,0.0,20.7,4756.41,0
2023-07-19,2023-07-19 13:40:00,231.43,231.44,231.43,231.44,0.0,20.7,4756.41,1
2023-07-19,2023-07-19 13:41:00,231.44,231.45,231.44,231.45,0.0,20.7,4756.41,1
2023-07-19,2023-07-19 13:42:00,231.45,231.45,231.45,231.45,0.0,20.7,4756.41,0
2023-07-19,2023-07-19 13:43:00,231.45,231.46,231.45,231.46,0.0,20.7,4756.41,1
2023-07-19,2023-07-19 13:44:00,231.46,231.47,231.46,231.47,0.0,20.7,4756.41,1
2023-07-19,2023-07-19 13:45:00,231.47,231.48,231.47,231.48,0.0,20.7,4756.41,1
2023-07-19,2023-07-19 13:46:00,231.48,231.48,231.48,231.48,0.0,20.7,4756.41,0
2023-07-19,2023-07-19 13:47:00,231.48,231.49,231.48,231.49,0.0,20.7,4756.41,1
2023-07-19,2023-07-19 13:48:00,231.49,231.5,231.49,231.5,0.0,20.7,4756.41,1
2023-07-19,2023-07-19 13:49:00,231.5,231.5,231.5,231.5,0.0,20.7,4756.41,0
2023-07-19,2023-07-19 13:50:00,231.5,231.51,231.5,231.51,0.0,20.7,4756.41,1
2023-07-19,2023-07-19 13:51:00,231.51,231.52,231.51,231.52,0.0,20.7,4756.41,1
2023-07-19,2023-07-19 13:52:00,231.52,231.53,231.52,231.53,0.0,20.7,4756.41,1
2023-07-19,2023-07-19 13:53:00,231.53,231.53,231.53,231.53,0.0,20.7,4756.41,0
2023-07-19,2023-07-19 13:54:00,231.53,231.54,231.53,231.54,0.0,20.7,4756.41,1
2023-07-19,2023-07-19 13:55:00,231.54,231.55,231.54,231.55,0.0,20.7,4756.41,1
2023-07-19,2023-07-19 13:56:00,231.55,231.55,231.55,231.55,0.0,20.7,4756.41,0
2023-07-19,2023-07-19 13:57:00,231.55,231.56,231.55,231.56,0.0,20.7,4756.41,1
2023-07-19,2023-07-19 13:58:00,231.56,231.57,231.56,231.57,0.0,20.7,4756.41,1
2023-07-19,2023-07-19 13:59:00,231.57,231.57,231.57,231.57,0.0,20.7,4756.41,0
2023-07-19,2023-07-19 14:00:00,231.57,231.58,231.57,231.58,0.0,20.7,4756.41,1
2023-07-19,2023-07-19 14:01:00,231.58,231.59,231.58,231.59,0.0,20.7,4756.41,1
2023-07-19,2023-07-19 14:02:00,231.59,231.6,231.59,231.6,0.0,20.7,4756.41,1
2023-07-19,2023-07-19 14:03:00,231.6,231.6,231.6,231.6,0.0,20.7,4756.41,0
2023-07-19,2023-07-19 14:04:00,231.6,231.61,231.6,231.61,0.0,20.7,4756.41,1
2023-07-19,2023-07-19 14:05:00,231.61,231.62,231.61,231.62,0.0,20.7,4756.41,1
2023-07-19,2023-07-19 14:06:00,231.62,231.62,231.62,231.62,0.0,20.7,4756.41,0
2023-07-19,2023-07-19 14:07:00,231.62,231.63,231.62,231.63,0.0,20.7,4756.41,1
2023-07-19,2023-07-19 14:08:00,231.63,231.64,231.63,231.64,0.0,20.7,4756.41,1
2023-07-19,2023-07-19 14:09:00,231.64,231.65,231.64,231.65,0.0,20.7,4756.41,1
2023-07-19,2023-07-19 14:10:00,231.65,231.65,231.65,231.65,0.0,20.7,4756.41,0
2023-07-19,2023-07-19 14:11:00,231.65,231.66,231.65,231.66,0.0,20.7,4756.41,1
2023-07-19,2023-07-19 14:12:00,231.66,231.67,231.66,231.67,0.0,20.7,4756.41,1
2023-07-19,2023-07-19 14:13:00,231.67,231.67,231.67,231.67,0.0,20.7,4756.41,0
2023-07-19,2023-07-19 14:14:00,231.67,231.68,231.67,231.68,0.0,20.7,4756.41,1
2023-07-19,2023-07-19 14:15:00,231.68,231.69,231.68,231.69,0.0,20.7,4756.41,1
2023-07-19,2023-07-19 14:16:00,231.69,231.7,231.69,231.7,0.0,20.7,4756.41,1
2023-07-19,2023-07-19 14:17:00,231.7,231.7,231.7,231.7,0.0,20.7,4756.41,0
2023-07-19,2023-07-19 14:18:00,231.7,231.71,231.7,231.71,0.0,20.7,4756.41,1
2023-07-19,2023-07-19 14:19:00,231.71,231.72,231.71,231.72,0.0,20.7,4756.41,1
2023-07-19,2023-07-19 14:20:00,231.72,231.72,231.72,231.72,0.0,20.7,4756.41,0
2023-07-19,2023-07-19 14:21:00,231.72,231.73,231.72,231.73,0.0,20.7,4756.41,1
2023-07-19,2023-07-19 14:22:00,231.73,231.74,231.73,231.74,0.0,20.7,4756.41,1
2023-07-19,2023-07-19 14:23:00,231.74,231.75,231.74,231.75,0.0,20.7,4756.41,1
2023-07-19,2023-07-19 14:24:00,231.75,231.75,231.75,231.75,0.0,20.7,4756.41,0
2023-07-19,2023-07-19 14:25:00,231.75,231.76,231.75,231.76,0.0,20.7,4756.41,1
2023-07-19,2023-07-19 14:26:00,231.76,231.77,231.76,231.77,0.0,20.7,4756.41,1
2023-07-19,2023-07-19 14:27:00,231.77,231.77,231.77,231.77,0.0,20.7,4756.41,0
2023-07-19,2023-07-19 14:28:00,231.77,231.78,231.77,231.78,0.0,20.7,4756.41,1
2023-07-19,2023-07-19 14:29:00,231.78,231.79,231.78,231.79,0.0,20.7,4756.41,1
2023-07-19,2023-07-19 14:30:00,231.79,231.79,231.79,231.79,0.0,20.7,4756.41,0
2023-07-19,2023-07-19 14:31:00,231.79,231.8,231.79,231.8,0.0,20.7,4756.41,1
2023-07-19,2023-07-19 14:32:00,231.8,231.81,231.8,231.81,0.0,20.7,4756.41,1
2023-07-19,2023-07-19 14:33:00,231.81,231.82,231.81,231.82,0.0,20.7,4756.41,1
2023-07-19,2023-07-19 14:34:00,231.82,231.82,231.82,231.82,0.0,20.7,4756.41,0
2023-07-19,2023-07-19 14:35:00,231.82,231.83,231.82,231.83,0.0,20.7,4756.41,1
2023-07-19,2023-07-19 14:36:00,231.83,231.84,231.83,231.84,0.0,20.7,4756.41,1
2023-07-19,2023-07-19 14:37:00,231.84,231.84,231.84,231.84,0.0,20.7,4756.41,0
2023-07-19,2023-07-19 14:38:00,231.84,231.85,231.84,231.85,0.0,20.7,4756.41,1
2023-07-19,2023-07-19 14:39:00,231.85,231.86,231.85,231.86,0.0,20.7,4756.41,1
2023-07-19,2023-07-19 14:40:00,231.86,231.87,231.86,231.87,0.0,20.7,4756.41,1
2023-07-19,2023-07-19 14:41:00,231.87,231.87,231.87,231.87,0.0,20.7,4756.41,0
2023-07-19,2023-07-19 14:42:00,231.87,231.88,231.87,231.88,0.0,20.7,4756.41,1
2023-07-19,2023-07-19 14:43:00,231.88,231.89,231.88,231.89,0.0,20.7,4756.41,1
2023-07-19,2023-07-19 14:44:00,231.89,231.89,231.89,231.89,0.0,20.7,4756.41,0
2023-07-19,2023-07-19 14:45:00,231.89,231.9,231.89,231.9,0.0,20.7,4756.41,1
2023-07-19,2023-07-19 14:46:00,231.9,231.91,231.9,231.91,0.0,20.7,4756.41,1
2023-07-19,2023-07-19 14:47:00,231.91,231.91,231.91,231.91,0.0,20.7,4756.41,0
2023-07-19,2023-07-19 14:48:00,231.91,231.92,231.91,231.92,0.0,20.7,4756.41,1
2023-07-19,2023-07-19 14:49:00,231.92,231.93,231.92,231.93,0.0,20.7,4756.41,1
2023-07-19,2023-07-19 14:50:00,231.93,231.94,231.93,231.94,0.0,20.7,4756.41,1
2023-07-19,2023-07-19 14:51:00,231.94,231.94,231.94,231.94,0.0,20.7,4756.41,0
2023-07-19,2023-07-19 14:52:00,231.94,231.95,231.94,231.95,0.0,20.7,4756.41,1
2023-07-19,2023-07-19 14:53:00,231.95,231.96,231.95,231.96,0.0,20.7,4756.41,1
2023-07-19,2023-07-19 14:54:00,231.96,231.96,231.96,231.96,0.0,20.7,4756.41,0
2023-07-19,2023-07-19 14:55:00,231.96,231.97,231.96,231.97,0.0,20.7,4756.41,1
2023-07-19,2023-07-19 14:56:00,231.97,231.98,231.97,231.98,0.0,20.7,4756.41,1
2023-07-19,2023-07-19 14:57:00,231.98,231.99,231.98,231.99,0.0,20.7,4756.41,1
2023-07-19,2023-07-19 14:58:00,231.99,231.99,231.99,231.99,0.0,20.7,4756.41,0
2023-07-19,2023-07-19 14:59:00,231.99,232.0,231.99,232.0,0.0,20.7,4756.41,1
2023-07-19,2023-07-19 15:00:00,232.0,238.0,226.3,232.0,0.0,20.7,4756.41,0
2023-07-20,2023-07-20 11:00:00,230.0,231.98,228.8,230.03,0.01,49.95,11471.08,1
2023-07-20,2023-07-20 11:01:00,230.03,230.05,230.03,230.05,0.01,49.95,11471.08,1
2023-07-20,2023-07-20 11:02:00,230.05,230.07,230.05,230.07,0.01,49.95,11471.08,1
2023-07-20,2023-07-20 11:03:00,230.07,230.1,230.07,230.1,0.01,49.95,11471.08,1
2023-07-20,2023-07-20 11:04:00,230.1,230.12,230.1,230.12,0.01,49.95,11471.08,1
2023-07-20,2023-07-20 11:05:00,230.12,230.15,230.12,230.15,0.01,49.95,11471.08,1
2023-07-20,2023-07-20 11:06:00,230.15,230.18,230.15,230.18,0.01,49.95,11471.08,1
2023-07-20,2023-07-20 11:07:00,230.18,230.2,230.18,230.2,0.01,49.95,11471.08,1
2023-07-20,2023-07-20 11:08:00,230.2,230.22,230.2,230.22,0.01,49.95,11471.08,1
2023-07-20,2023-07-20 11:09:00,230.22,230.25,230.22,230.25,0.01,49.95,11471.08,1
2023-07-20,2023-07-20 11:10:00,230.25,230.28,230.25,230.28,0.01,49.95,11471.08,1
2023-07-20,2023-07-20 11:11:00,230.28,230.3,230.28,230.3,0.01,49.95,11471.08,1
2023-07-20,2023-07-20 11:12:00,230.3,230.32,230.3,230.32,0.01,49.95,11471.08,1
2023-07-20,2023-07-20 11:13:00,230.32,230.35,230.32,230.35,0.01,49.95,11471.08,1
2023-07-20,2023-07-20 11:14:00,230.35,230.38,230.35,230.38,0.01,49.95,11471.08,1
2023-07-20,2023-07-20 11:15:00,230.38,230.4,230.38,230.4,0.01,49.95,11471.08,1
2023-07-20,2023-07-20 11:16:00,230.4,230.43,230.4,230.43,0.01,49.95,11471.08,1
2023-07-20,2023-07-20 11:17:00,230.43,230.45,230.43,230.45,0.01,49.95,11471.08,1
2023-07-20,2023-07-20 11:18:00,230.45,230.47,230.45,230.47,0.01,49.95,11471.08,1
2023-07-20,2023-07-20 11:19:00,230.47,230.5,230.47,230.5,0.01,49.95,11471.08,1
2023-07-20,2023-07-20 11:20:00,230.5,230.53,230.5,230.53,0.01,49.95,11471.08,1
2023-07-20,2023-07-20 11:21:00,230.53,230.55,230.53,230.55,0.01,49.95,11471.08,1
2023-07-20,2023-07-20 11:22:00,230.55,230.57,230.55,230.57,0.01,49.95,11471.08,1
2023-07-20,2023-07-20 11:23:00,230.57,230.6,230.57,230.6,0.01,49.95,11471.08,1
2023-07-20,2023-07-20 11:24:00,230.6,230.62,230.6,230.62,0.01,49.95,11471.08,1
2023-07-20,2023-07-20 11:25:00,230.62,230.65,230.62,230.65,0.01,49.95,11471.08,1
2023-07-20,2023-07-20 11:26:00,230.65,230.68,230.65,230.68,0.01,49.95,11471.08,1
2023-07-20,2023-07-20 11:27:00,230.68,230.7,230.68,230.7,0.01,49.95,11471.08,1
2023-07-20,2023-07-20 11:28:00,230.7,230.72,230.7,230.72,0.01,49.95,11471.08,1
2023-07-20,2023-07-20 11:29:00,230.72,230.75,230.72,230.75,0.01,49.95,11471.08,1
2023-07-20,2023-07-20 11:30:00,230.75,230.78,230.75,230.78,0.01,49.95,11471.08,1
2023-07-20,2023-07-20 11:31:00,230.78,230.8,230.78,230.8,0.01,49.95,11471.08,1
2023-07-20,2023-07-20 11:32:00,230.8,230.82,230.8,230.82,0.01,49.95,11471.08,1
2023-07-20,2023-07-20 11:33:00,230.82,230.85,230.82,230.85,0.01,49.95,11471.08,1
2023-07-20,2023-07-20 11:34:00,230.85,230.88,230.85,230.88,0.01,49.95,11471.08,1
2023-07-20,2023-07-20 11:35:00,230.88,230.9,230.88,230.9,0.01,49.95,11471.08,1
2023-07-20,2023-07-20 11:36:00,230.9,230.93,230.9,230.93,0.01,49.95,11471.08,1
2023-07-20,2023-07-20 11:37:00,230.93,230.95,230.93,230.95,0.01,49.95,11471.08,1
2023-07-20,2023-07-20 11:38:00,230.95,230.97,230.95,230.97,0.01,49.95,11471.08,1
2023-07-20,2023-07-20 11:39:00,230.97,231.0,230.97,231.0,0.01,49.95,11471.08,1
2023-07-20,2023-07-20 11:40:00,231.0,231.03,231.0,231.03,0.01,49.95,11471.08,1
2023-07-20,2023-07-20 11:41:00,231.03,231.05,231.03,231.05,0.01,49.95,11471.08,1
2023-07-20,2023-07-20 11:42:00,231.05,231.07,231.05,231.07,0.01,49.95,11471.08,1
2023-07-20,2023-07-20 11:43:00,231.07,231.1,231.07,231.1,0.01,49.95,11471.08,1
2023-07-20,2023-07-20 11:44:00,231.1,231.12,231.1,231.12,0.01,49.95,11471.08,1
2023-07-20,2023-07-20 11:45:00,231.12,231.15,231.12,231.15,0.01,49.95,11471.08,1
2023-07-20,2023-07-20 11:46:00,231.15,231.18,231.15,231.18,0.01,49.95,11471.08,1
2023-07-20,2023-07-20 11:47:00,231.18,231.2,231.18,231.2,0.01,49.95,11471.08,1
2023-07-20,2023-07-20 11:48:00,231.2,231.22,231.2,231.22,0.01,49.95,11471.08,1
2023-07-20,2023-07-20 11:49:00,231.22,231.25,231.22,231.25,0.01,49.95,11471.08,1
2023-07-20,2023-07-20 11:50:00,231.25,231.28,231.25,231.28,0.01,49.95,11471.08,1
2023-07-20,2023-07-20 11:51:00,231.28,231.3,231.28,231.3,0.01,49.95,11471.08,1
2023-07-20,2023-07-20 11:52:00,231.3,231.32,231.3,231.32,0.01,49.95,11471.08,1
2023-07-20,2023-07-20 11:53:00,231.32,231.35,231.32,231.35,0.01,49.95,11471.08,1
2023-07-20,2023-07-20 11:54:00,231.35,231.38,231.35,231.38,0.01,49.95,11471.08,1
2023-07-20,2023-07-20 11:55:00,231.38,231.4,231.38,231.4,0.01,49.95,11471.08,1
2023-07-20,2023-07-20 11:56:00,231.4,231.43,231.4,231.43,0.01,49.95,11471.08,1
2023-07-20,2023-07-20 11:57:00,231.43,231.45,231.43,231.45,0.01,49.95,11471.08,1
2023-07-20,2023-07-20 11:58:00,231.45,231.47,231.45,231.47,0.01,49.95,11471.08,1
2023-07-20,2023-07-20 11:59:00,231.47,231.5,231.47,231.5,0.01,49.95,11471.08,1
2023-07-20,2023-07-20 12:00:00,231.5,231.53,231.5,231.53,0.01,49.95,11471.08,1
2023-07-20,2023-07-20 12:01:00,231.53,231.55,231.53,231.55,0.01,49.95,11471.08,1
2023-07-20,2023-07-20 12:02:00,231.55,231.57,231.55,231.57,0.01,49.95,11471.08,1
2023-07-20,2023-07-20 12:03:00,231.57,231.6,231.57,231.6,0.01,49.95,11471.08,1
2023-07-20,2023-07-20 12:04:00,231.6,231.62,231.6,231.62,0.01,49.95,11471.08,1
2023-07-20,2023-07-20 12:05:00,231.62,231.65,231.62,231.65,0.01,49.95,11471.08,1
2023-07-20,2023-07-20 12:06:00,231.65,231.68,231.65,231.68,0.01,49.95,11471.08,1
2023-07-20,2023-07-20 12:07:00,231.68,231.7,231.68,231.7,0.01,49.95,11471.08,1
2023-07-20,2023-07-20 12:08:00,231.7,231.72,231.7,231.72,0.01,49.95,11471.08,1
2023-07-20,2023-07-20 12:09:00,231.72,231.75,231.72,231.75,0.01,49.95,11471.08,1
2023-07-20,2023-07-20 12:10:00,231.75,231.78,231.75,231.78,0.01,49.95,11471.08,1
2023-07-20,2023-07-20 12:11:00,231.78,231.8,231.78,231.8,0.01,49.95,11471.08,1
2023-07-20,2023-07-20 12:12:00,231.8,231.82,231.8,231.82,0.01,49.95,11471.08,1
2023-07-20,2023-07-20 12:13:00,231.82,231.85,231.82,231.85,0.01,49.95,11471.08,1
2023-07-20,2023-07-20 12:14:00,231.85,231.88,231.85,231.88,0.01,49.95,11471.08,1
2023-07-20,2023-07-20 12:15:00,231.88,231.9,231.88,231.9,0.01,49.95,11471.08,1
2023-07-20,2023-07-20 12:16:00,231.9,231.93,231.9,231.93,0.01,49.95,11471.08,1
2023-07-20,2023-07-20 12:17:00,231.93,231.95,231.93,231.95,0.01,49.95,11471.08,1
2023-07-20,2023-07-20 12:18:00,231.95,231.97,231.95,231.97,0.01,49.95,11471.08,1
2023-07-20,2023-07-20 12:19:00,231.97,232.0,231.97,232.0,0.01,49.95,11471.08,1
2023-07-20,2023-07-20 12:20:00,232.0,232.03,232.0,232.03,0.01,49.95,11471.08,1
2023-07-20,2023-07-20 12:21:00,232.03,232.05,232.03,232.05,0.01,49.95,11471.08,1
2023-07-20,2023-07-20 12:22:00,232.05,232.07,232.05,232.07,0.01,49.95,11471.08,1
2023-07-20,2023-07-20 12:23:00,232.07,232.1,232.07,232.1,0.01,49.95,11471.08,1
2023-07-20,2023-07-20 12:24:00,232.1,232.12,232.1,232.12,0.01,49.95,11471.08,1
2023-07-20,2023-07-20 12:25:00,232.12,232.15,232.12,232.15,0.01,49.95,11471.08,1
2023-07-20,2023-07-20 12:26:00,232.15,232.18,232.15,232.18,0.01,49.95,11471.08,1
2023-07-20,2023-07-20 12:27:00,232.18,232.2,232.18,232.2,0.01,49.95,11471.08,1
2023-07-20,2023-07-20 12:28:00,232.2,232.22,232.2,232.22,0.01,49.95,11471.08,1
2023-07-20,2023-07-20 12:29:00,232.22,232.25,232.22,232.25,0.01,49.95,11471.08,1
2023-07-20,2023-07-20 12:30:00,232.25,232.28,232.25,232.28,0.01,49.95,11471.08,1
2023-07-20,2023-07-20 12:31:00,232.28,232.3,232.28,232.3,0.01,49.95,11471.08,1
2023-07-20,2023-07-20 12:32:00,232.3,232.32,232.3,232.32,0.01,49.95,11471.08,1
2023-07-20,2023-07-20 12:33:00,232.32,232.35,232.32,232.35,0.01,49.95,11471.08,1
2023-07-20,2023-07-20 12:34:00,232.35,232.38,232.35,232.38,0.01,49.95,11471.08,1
2023-07-20,2023-07-20 12:35:00,232.38,232.4,232.38,232.4,0.01,49.95,11471.08,1
2023-07-20,2023-07-20 12:36:00,232.4,232.43,232.4,232.43,0.01,49.95,11471.08,1
2023-07-20,2023-07-20 12:37:00,232.43,232.45,232.43,232.45,0.01,49.95,11471.08,1
2023-07-20,2023-07-20 12:38:00,232.45,232.47,232.45,232.47,0.01,49.95,11471.08,1
2023-07-20,2023-07-20 12:39:00,232.47,232.5,232.47,232.5,0.01,49.95,11471.08,1
2023-07-20,2023-07-20 12:40:00,232.5,232.53,232.5,232.53,0.01,49.95,11471.08,1
2023-07-20,2023-07-20 12:41:00,232.53,232.55,232.53,232.55,0.01,49.95,11471.08,1
2023-07-20,2023-07-20 12:42:00,232.55,232.57,232.55,232.57,0.01,49.95,11471.08,1
2023-07-20,2023-07-20 12:43:00,232.57,232.6,232.57,232.6,0.01,49.95,11471.08,1
2023-07-20,2023-07-20 12:44:00,232.6,232.62,232.6,232.62,0.01,49.95,11471.08,1
2023-07-20,2023-07-20 12:45:00,232.62,232.65,232.62,232.65,0.01,49.95,11471.08,1
2023-07-20,2023-07-20 12:46:00,232.65,232.68,232.65,232.68,0.01,49.95,11471.08,1
2023-07-20,2023-07-20 12:47:00,232.68,232.7,232.68,232.7,0.01,49.95,11471.08,1
2023-07-20,2023-07-20 12:48:00,232.7,232.72,232.7,232.72,0.01,49.95,11471.08,1
2023-07-20,2023-07-20 12:49:00,232.72,232.75,232.72,232.75,0.01,49.95,11471.08,1
2023-07-20,2023-07-20 12:50:00,232.75,232.78,232.75,232.78,0.01,49.95,11471.08,1
2023-07-20,2023-07-20 12:51:00,232.78,232.8,232.78,232.8,0.01,49.95,11471.08,1
2023-07-20,2023-07-20 12:52:00,232.8,232.82,232.8,232.82,0.01,49.95,11471.08,1
2023-07-20,2023-07-20 12:53:00,232.82,232.85,232.82,232.85,0.01,49.95,11471.08,1
2023-07-20,2023-07-20 12:54:00,232.85,232.88,232.85,232.88,0.01,49.95,11471.08,1
2023-07-20,2023-07-20 12:55:00,232.88,232.9,232.88,232.9,0.01,49.95,11471.08,1
2023-07-20,2023-07-20 12:56:00,232.9,232.93,232.9,232.93,0.01,49.95,11471.08,1
2023-07-20,2023-07-20 12:57:00,232.93,232.95,232.93,232.95,0.01,49.95,11471.08,1
2023-07-20,2023-07-20 12:58:00,232.95,232.97,232.95,232.97,0.01,49.95,11471.08,1
2023-07-20,2023-07-20 12:59:00,232.97,233.0,232.97,233.0,0.01,49.95,11471.08,1
2023-07-20,2023-07-20 13:00:00,233.0,236.6,226.0,233.03,0.01,49.95,11471.08,1
2023-07-20,2023-07-20 13:01:00,233.03,233.05,233.03,233.05,0.01,49.95,11471.08,1
2023-07-20,2023-07-20 13:02:00,233.05,233.07,233.05,233.07,0.01,49.95,11471.08,1
2023-07-20,2023-07-20 13:03:00,233.07,233.1,233.07,233.1,0.01,49.95,11471.08,1
2023-07-20,2023-07-20 13:04:00,233.1,233.12,233.1,233.12,0.01,49.95,11471.08,1
2023-07-20,2023-07-20 13:05:00,233.12,233.15,233.12,233.15,0.01,49.95,11471.08,1
2023-07-20,2023-07-20 13:06:00,233.15,233.18,233.15,233.18,0.01,49.95,11471.08,1
2023-07-20,2023-07-20 13:07:00,233.18,233.2,233.18,233.2,0.01,49.95,11471.08,1
2023-07-20,2023-07-20 13:08:00,233.2,233.22,233.2,233.22,0.01,49.95,11471.08,1
2023-07-20,2023-07-20 13:09:00,233.22,233.25,233.22,233.25,0.01,49.95,11471.08,1
2023-07-20,2023-07-20 13:10:00,233.25,233.28,233.25,233.28,0.01,49.95,11471.08,1
2023-07-20,2023-07-20 13:11:00,233.28,233.3,233.28,233.3,0.01,49.95,11471.08,1
2023-07-20,2023-07-20 13:12:00,233.3,233.32,233.3,233.32,0.01,49.95,11471.08,1
2023-07-20,2023-07-20 13:13:00,233.32,233.35,233.32,233.35,0.01,49.95,11471.08,1
2023-07-20,2023-07-20 13:14:00,233.35,233.38,233.35,233.38,0.01,49.95,11471.08,1
2023-07-20,2023-07-20 13:15:00,233.38,233.4,233.38,233.4,0.01,49.95,11471.08,1
2023-07-20,2023-07-20 13:16:00,233.4,233.43,233.4,233.43,0.01,49.95,11471.08,1
2023-07-20,2023-07-20 13:17:00,233.43,233.45,233.43,233.45,0.01,49.95,11471.08,1
2023-07-20,2023-07-20 13:18:00,233.45,233.47,233.45,233.47,0.01,49.95,11471.08,1
2023-07-20,2023-07-20 13:19:00,233.47,233.5,233.47,233.5,0.01,49.95,11471.08,1
2023-07-20,2023-07-20 13:20:00,233.5,233.53,233.5,233.53,0.01,49.95,11471.08,1
2023-07-20,2023-07-20 13:21:00,233.53,233.55,233.53,233.55,0.01,49.95,11471.08,1
2023-07-20,2023-07-20 13:22:00,233.55,233.57,233.55,233.57,0.01,49.95,11471.08,1
2023-07-20,2023-07-20 13:23:00,233.57,233.6,233.57,233.6,0.01,49.95,11471.08,1
2023-07-20,2023-07-20 13:24:00,233.6,233.62,233.6,233.62,0.01,49.95,11471.08,1
2023-07-20,2023-07-20 13:25:00,233.62,233.65,233.62,233.65,0.01,49.95,11471.08,1
2023-07-20,2023-07-20 13:26:00,233.65,233.68,233.65,233.68,0.01,49.95,11471.08,1
2023-07-20,2023-07-20 13:27:00,233.68,233.7,233.68,233.7,0.01,49.95,11471.08,1
2023-07-20,2023-07-20 13:28:00,233.7,233.72,233.7,233.72,0.01,49.95,11471.08,1
2023-07-20,2023-07-20 13:29:00,233.72,233.75,233.72,233.75,0.01,49.95,11471.08,1
2023-07-20,2023-07-20 13:30:00,233.75,233.78,233.75,233.78,0.01,49.95,11471.08,1
2023-07-20,2023-07-20 13:31:00,233.78,233.8,233.78,233.8,0.01,49.95,11471.08,1
2023-07-20,2023-07-20 13:32:00,233.8,233.82,233.8,233.82,0.01,49.95,11471.08,1
2023-07-20,2023-07-20 13:33:00,233.82,233.85,233.82,233.85,0.01,49.95,11471.08,1
2023-07-20,2023-07-20 13:34:00,233.85,233.88,233.85,233.88,0.01,49.95,11471.08,1
2023-07-20,2023-07-20 13:35:00,233.88,233.9,233.88,233.9,0.01,49.95,11471.08,1
2023-07-20,2023-07-20 13:36:00,233.9,233.93,233.9,233.93,0.01,49.95,11471.08,1
2023-07-20,2023-07-20 13:37:00,233.93,233.95,233.93,233.95,0.01,49.95,11471.08,1
2023-07-20,2023-07-20 13:38:00,233.95,233.97,233.95,233.97,0.01,49.95,11471.08,1
2023-07-20,2023-07-20 13:39:00,233.97,234.0,233.97,234.0,0.01,49.95,11471.08,1
2023-07-20,2023-07-20 13:40:00,234.0,234.03,234.0,234.03,0.01,49.95,11471.08,1
2023-07-20,2023-07-20 13:41:00,234.03,234.05,234.03,234.05,0.01,49.95,11471.08,1
2023-07-20,2023-07-20 13:42:00,234.05,234.07,234.05,234.07,0.01,49.95,11471.08,1
2023-07-20,2023-07-20 13:43:00,234.07,234.1,234.07,234.1,0.01,49.95,11471.08,1
2023-07-20,2023-07-20 13:44:00,234.1,234.12,234.1,234.12,0.01,49.95,11471.08,1
2023-07-20,2023-07-20 13:45:00,234.12,234.15,234.12,234.15,0.01,49.95,11471.08,1
2023-07-20,2023-07-20 13:46:00,234.15,234.18,234.15,234.18,0.01,49.95,11471.08,1
2023-07-20,2023-07-20 13:47:00,234.18,234.2,234.18,234.2,0.01,49.95,11471.08,1
2023-07-20,2023-07-20 13:48:00,234.2,234.22,234.2,234.22,0.01,49.95,11471.08,1
2023-07-20,2023-07-20 13:49:00,234.22,234.25,234.22,234.25,0.01,49.95,11471.08,1
2023-07-20,2023-07-20 13:50:00,234.25,234.28,234.25,234.28,0.01,49.95,11471.08,1
2023-07-20,2023-07-20 13:51:00,234.28,234.3,234.28,234.3,0.01,49.95,11471.08,1
2023-07-20,2023-07-20 13:52:00,234.3,234.32,234.3,234.32,0.01,49.95,11471.08,1
2023-07-20,2023-07-20 13:53:00,234.32,234.35,234.32,234.35,0.01,49.95,11471.08,1
2023-07-20,2023-07-20 13:54:00,234.35,234.38,234.35,234.38,0.01,49.95,11471.08,1
2023-07-20,2023-07-20 13:55:00,234.38,234.4,234.38,234.4,0.01,49.95,11471.08,1
2023-07-20,2023-07-20 13:56:00,234.4,234.43,234.4,234.43,0.01,49.95,11471.08,1
2023-07-20,2023-07-20 13:57:00,234.43,234.45,234.43,234.45,0.01,49.95,11471.08,1
2023-07-20,2023-07-20 13:58:00,234.45,234.47,234.45,234.47,0.01,49.95,11471.08,1
2023-07-20,2023-07-20 13:59:00,234.47,234.5,234.47,234.5,0.01,49.95,11471.08,1
2023-07-20,2023-07-20 14:00:00,234.5,234.53,234.5,234.53,0.01,49.95,11471.08,1
2023-07-20,2023-07-20 14:01:00,234.53,234.55,234.53,234.55,0.01,49.95,11471.08,1
2023-07-20,2023-07-20 14:02:00,234.55,234.57,234.55,234.57,0.01,49.95,11471.08,1
2023-07-20,2023-07-20 14:03:00,234.57,234.6,234.57,234.6,0.01,49.95,11471.08,1
2023-07-20,2023-07-20 14:04:00,234.6,234.62,234.6,234.62,0.01,49.95,11471.08,1
2023-07-20,2023-07-20 14:05:00,234.62,234.65,234.62,234.65,0.01,49.95,11471.08,1
2023-07-20,2023-07-20 14:06:00,234.65,234.68,234.65,234.68,0.01,49.95,11471.08,1
2023-07-20,2023-07-20 14:07:00,234.68,234.7,234.68,234.7,0.01,49.95,11471.08,1
2023-07-20,2023-07-20 14:08:00,234.7,234.72,234.7,234.72,0.01,49.95,11471.08,1
2023-07-20,2023-07-20 14:09:00,234.72,234.75,234.72,234.75,0.01,49.95,11471.08,1
2023-07-20,2023-07-20 14:10:00,234.75,234.78,234.75,234.78,0.01,49.95,11471.08,1
2023-07-20,2023-07-20 14:11:00,234.78,234.8,234.78,234.8,0.01,49.95,11471.08,1
2023-07-20,2023-07-20 14:12:00,234.8,234.82,234.8,234.82,0.01,49.95,11471.08,1
2023-07-20,2023-07-20 14:13:00,234.82,234.85,234.82,234.85,0.01,49.95,11471.08,1
2023-07-20,2023-07-20 14:14:00,234.85,234.88,234.85,234.88,0.01,49.95,11471.08,1
2023-07-20,2023-07-20 14:15:00,234.88,234.9,234.88,234.9,0.01,49.95,11471.08,1
2023-07-20,2023-07-20 14:16:00,234.9,234.93,234.9,234.93,0.01,49.95,11471.08,1
2023-07-20,2023-07-20 14:17:00,234.93,234.95,234.93,234.95,0.01,49.95,11471.08,1
2023-07-20,2023-07-20 14:18:00,234.95,234.97,234.95,234.97,0.01,49.95,11471.08,1
2023-07-20,2023-07-20 14:19:00,234.97,235.0,234.97,235.0,0.01,49.95,11471.08,1
2023-07-20,2023-07-20 14:20:00,235.0,235.03,235.0,235.03,0.01,49.95,11471.08,1
2023-07-20,2023-07-20 14:21:00,235.03,235.05,235.03,235.05,0.01,49.95,11471.08,1
2023-07-20,2023-07-20 14:22:00,235.05,235.07,235.05,235.07,0.01,49.95,11471.08,1
2023-07-20,2023-07-20 14:23:00,235.07,235.1,235.07,235.1,0.01,49.95,11471.08,1
2023-07-20,2023-07-20 14:24:00,235.1,235.12,235.1,235.12,0.01,49.95,11471.08,1
2023-07-20,2023-07-20 14:25:00,235.12,235.15,235.12,235.15,0.01,49.95,11471.08,1
2023-07-20,2023-07-20 14:26:00,235.15,235.18,235.15,235.18,0.01,49.95,11471.08,1
2023-07-20,2023-07-20 14:27:00,235.18,235.2,235.18,235.2,0.01,49.95,11471.08,1
2023-07-20,2023-07-20 14:28:00,235.2,235.22,235.2,235.22,0.01,49.95,11471.08,1
2023-07-20,2023-07-20 14:29:00,235.22,235.25,235.22,235.25,0.01,49.95,11471.08,1
2023-07-20,2023-07-20 14:30:00,235.25,235.28,235.25,235.28,0.01,49.95,11471.08,1
2023-07-20,2023-07-20 14:31:00,235.28,235.3,235.28,235.3,0.01,49.95,11471.08,1
2023-07-20,2023-07-20 14:32:00,235.3,235.32,235.3,235.32,0.01,49.95,11471.08,1
2023-07-20,2023-07-20 14:33:00,235.32,235.35,235.32,235.35,0.01,49.95,11471.08,1
2023-07-20,2023-07-20 14:34:00,235.35,235.38,235.35,235.38,0.01,49.95,11471.08,1
2023-07-20,2023-07-20 14:35:00,235.38,235.4,235.38,235.4,0.01,49.95,11471.08,1
2023-07-20,2023-07-20 14:36:00,235.4,235.43,235.4,235.43,0.01,49.95,11471.08,1
2023-07-20,2023-07-20 14:37:00,235.43,235.45,235.43,235.45,0.01,49.95,11471.08,1
2023-07-20,2023-07-20 14:38:00,235.45,235.47,235.45,235.47,0.01,49.95,11471.08,1
2023-07-20,2023-07-20 14:39:00,235.47,235.5,235.47,235.5,0.01,49.95,11471.08,1
2023-07-20,2023-07-20 14:40:00,235.5,235.53,235.5,235.53,0.01,49.95,11471.08,1
2023-07-20,2023-07-20 14:41:00,235.53,235.55,235.53,235.55,0.01,49.95,11471.08,1
2023-07-20,2023-07-20 14:42:00,235.55,235.57,235.55,235.57,0.01,49.95,11471.08,1
2023-07-20,2023-07-20 14:43:00,235.57,235.6,235.57,235.6,0.01,49.95,11471.08,1
2023-07-20,2023-07-20 14:44:00,235.6,235.62,235.6,235.62,0.01,49.95,11471.08,1
2023-07-20,2023-07-20 14:45:00,235.62,235.65,235.62,235.65,0.01,49.95,11471.08,1
2023-07-20,2023-07-20 14:46:00,235.65,235.68,235.65,235.68,0.01,49.95,11471.08,1
2023-07-20,2023-07-20 14:47:00,235.68,235.7,235.68,235.7,0.01,49.95,11471.08,1
2023-07-20,2023-07-20 14:48:00,235.7,235.72,235.7,235.72,0.01,49.95,11471.08,1
2023-07-20,2023-07-20 14:49:00,235.72,235.75,235.72,235.75,0.01,49.95,11471.08,1
2023-07-20,2023-07-20 14:50:00,235.75,235.78,235.75,235.78,0.01,49.95,11471.08,1
2023-07-20,2023-07-20 14:51:00,235.78,235.8,235.78,235.8,0.01,49.95,11471.08,1
2023-07-20,2023-07-20 14:52:00,235.8,235.82,235.8,235.82,0.01,49.95,11471.08,1
2023-07-20,2023-07-20 14:53:00,235.82,235.85,235.82,235.85,0.01,49.95,11471.08,1
2023-07-20,2023-07-20 14:54:00,235.85,235.88,235.85,235.88,0.01,49.95,11471.08,1
2023-07-20,2023-07-20 14:55:00,235.88,235.9,235.88,235.9,0.01,49.95,11471.08,1
2023-07-20,2023-07-20 14:56:00,235.9,235.93,235.9,235.93,0.01,49.95,11471.08,1
2023-07-20,2023-07-20 14:57:00,235.93,235.95,235.93,235.95,0.01,49.95,11471.08,1
2023-07-20,2023-07-20 14:58:00,235.95,235.97,235.95,235.97,0.01,49.95,11471.08,1
2023-07-20,2023-07-20 14:59:00,235.97,236.0,235.97,236.0,0.01,49.95,11471.08,1
2023-07-20,2023-07-20 15:00:00,236.0,236.6,226.0,236.0,0.0,49.95,11471.08,0
2023-07-23,2023-07-23 11:00:00,231.5,234.23,231.47,231.51,0.0,23.88,5626.92,1
2023-07-23,2023-07-23 11:01:00,231.51,231.53,231.51,231.53,0.01,23.88,5626.92,1
2023-07-23,2023-07-23 11:02:00,231.53,231.54,231.53,231.54,0.0,23.88,5626.92,1
2023-07-23,2023-07-23 11:03:00,231.54,231.56,231.54,231.56,0.01,23.88,5626.92,1
2023-07-23,2023-07-23 11:04:00,231.56,231.57,231.56,231.57,0.0,23.88,5626.92,1
2023-07-23,2023-07-23 11:05:00,231.57,231.59,231.57,231.59,0.01,23.88,5626.92,1
2023-07-23,2023-07-23 11:06:00,231.59,231.6,231.59,231.6,0.0,23.88,5626.92,1
2023-07-23,2023-07-23 11:07:00,231.6,231.62,231.6,231.62,0.01,23.88,5626.92,1
2023-07-23,2023-07-23 11:08:00,231.62,231.63,231.62,231.63,0.0,23.88,5626.92,1
2023-07-23,2023-07-23 11:09:00,231.63,231.65,231.63,231.65,0.01,23.88,5626.92,1
2023-07-23,2023-07-23 11:10:00,231.65,231.66,231.65,231.66,0.0,23.88,5626.92,1
2023-07-23,2023-07-23 11:11:00,231.66,231.68,231.66,231.68,0.01,23.88,5626.92,1
2023-07-23,2023-07-23 11:12:00,231.68,231.69,231.68,231.69,0.0,23.88,5626.92,1
2023-07-23,2023-07-23 11:13:00,231.69,231.7,231.69,231.7,0.0,23.88,5626.92,1
2023-07-23,2023-07-23 11:14:00,231.7,231.72,231.7,231.72,0.01,23.88,5626.92,1
2023-07-23,2023-07-23 11:15:00,231.72,231.73,231.72,231.73,0.0,23.88,5626.92,1
2023-07-23,2023-07-23 11:16:00,231.73,231.75,231.73,231.75,0.01,23.88,5626.92,1
2023-07-23,2023-07-23 11:17:00,231.75,231.76,231.75,231.76,0.0,23.88,5626.92,1
2023-07-23,2023-07-23 11:18:00,231.76,231.78,231.76,231.78,0.01,23.88,5626.92,1
2023-07-23,2023-07-23 11:19:00,231.78,231.79,231.78,231.79,0.0,23.88,5626.92,1
2023-07-23,2023-07-23 11:20:00,231.79,231.81,231.79,231.81,0.01,23.88,5626.92,1
2023-07-23,2023-07-23 11:21:00,231.81,231.82,231.81,231.82,0.0,23.88,5626.92,1
2023-07-23,2023-07-23 11:22:00,231.82,231.84,231.82,231.84,0.01,23.88,5626.92,1
2023-07-23,2023-07-23 11:23:00,231.84,231.85,231.84,231.85,0.0,23.88,5626.92,1
2023-07-23,2023-07-23 11:24:00,231.85,231.86,231.85,231.86,0.0,23.88,5626.92,1
2023-07-23,2023-07-23 11:25:00,231.86,231.88,231.86,231.88,0.01,23.88,5626.92,1
2023-07-23,2023-07-23 11:26:00,231.88,231.89,231.88,231.89,0.0,23.88,5626.92,1
2023-07-23,2023-07-23 11:27:00,231.89,231.91,231.89,231.91,0.01,23.88,5626.92,1
2023-07-23,2023-07-23 11:28:00,231.91,231.92,231.91,231.92,0.0,23.88,5626.92,1
2023-07-23,2023-07-23 11:29:00,231.92,231.94,231.92,231.94,0.01,23.88,5626.92,1
2023-07-23,2023-07-23 11:30:00,231.94,231.95,231.94,231.95,0.0,23.88,5626.92,1
2023-07-23,2023-07-23 11:31:00,231.95,231.97,231.95,231.97,0.01,23.88,5626.92,1
2023-07-23,2023-07-23 11:32:00,231.97,231.98,231.97,231.98,0.0,23.88,5626.92,1
2023-07-23,2023-07-23 11:33:00,231.98,232.0,231.98,232.0,0.01,23.88,5626.92,1
2023-07-23,2023-07-23 11:34:00,232.0,232.01,232.0,232.01,0.0,23.88,5626.92,1
2023-07-23,2023-07-23 11:35:00,232.01,232.03,232.01,232.03,0.01,23.88,5626.92,1
2023-07-23,2023-07-23 11:36:00,232.03,232.04,232.03,232.04,0.0,23.88,5626.92,1
2023-07-23,2023-07-23 11:37:00,232.04,232.05,232.04,232.05,0.0,23.88,5626.92,1
2023-07-23,2023-07-23 11:38:00,232.05,232.07,232.05,232.07,0.01,23.88,5626.92,1
2023-07-23,2023-07-23 11:39:00,232.07,232.08,232.07,232.08,0.0,23.88,5626.92,1
2023-07-23,2023-07-23 11:40:00,232.08,232.1,232.08,232.1,0.01,23.88,5626.92,1
2023-07-23,2023-07-23 11:41:00,232.1,232.11,232.1,232.11,0.0,23.88,5626.92,1
2023-07-23,2023-07-23 11:42:00,232.11,232.13,232.11,232.13,0.01,23.88,5626.92,1
2023-07-23,2023-07-23 11:43:00,232.13,232.14,232.13,232.14,0.0,23.88,5626.92,1
2023-07-23,2023-07-23 11:44:00,232.14,232.16,232.14,232.16,0.01,23.88,5626.92,1
2023-07-23,2023-07-23 11:45:00,232.16,232.17,232.16,232.17,0.0,23.88,5626.92,1
2023-07-23,2023-07-23 11:46:00,232.17,232.19,232.17,232.19,0.01,23.88,5626.92,1
2023-07-23,2023-07-23 11:47:00,232.19,232.2,232.19,232.2,0.0,23.88,5626.92,1
2023-07-23,2023-07-23 11:48:00,232.2,232.21,232.2,232.21,0.0,23.88,5626.92,1
2023-07-23,2023-07-23 11:49:00,232.21,232.23,232.21,232.23,0.01,23.88,5626.92,1
2023-07-23,2023-07-23 11:50:00,232.23,232.24,232.23,232.24,0.0,23.88,5626.92,1
2023-07-23,2023-07-23 11:51:00,232.24,232.26,232.24,232.26,0.01,23.88,5626.92,1
2023-07-23,2023-07-23 11:52:00,232.26,232.27,232.26,232.27,0.0,23.88,5626.92,1
2023-07-23,2023-07-23 11:53:00,232.27,232.29,232.27,232.29,0.01,23.88,5626.92,1
2023-07-23,2023-07-23 11:54:00,232.29,232.3,232.29,232.3,0.0,23.88,5626.92,1
2023-07-23,2023-07-23 11:55:00,232.3,232.32,232.3,232.32,0.01,23.88,5626.92,1
2023-07-23,2023-07-23 11:56:00,232.32,232.33,232.32,232.33,0.0,23.88,5626.92,1
2023-07-23,2023-07-23 11:57:00,232.33,232.35,232.33,232.35,0.01,23.88,5626.92,1
2023-07-23,2023-07-23 11:58:00,232.35,232.36,232.35,232.36,0.0,23.88,5626.92,1
2023-07-23,2023-07-23 11:59:00,232.36,232.38,232.36,232.38,0.01,23.88,5626.92,1
2023-07-23,2023-07-23 12:00:00,232.38,232.39,232.38,232.39,0.0,23.88,5626.92,1
2023-07-23,2023-07-23 12:01:00,232.39,232.4,232.39,232.4,0.0,23.88,5626.92,1
2023-07-23,2023-07-23 12:02:00,232.4,232.42,232.4,232.42,0.01,23.88,5626.92,1
2023-07-23,2023-07-23 12:03:00,232.42,232.43,232.42,232.43,0.0,23.88,5626.92,1
2023-07-23,2023-07-23 12:04:00,232.43,232.45,232.43,232.45,0.01,23.88,5626.92,1
2023-07-23,2023-07-23 12:05:00,232.45,232.46,232.45,232.46,0.0,23.88,5626.92,1
2023-07-23,2023-07-23 12:06:00,232.46,232.48,232.46,232.48,0.01,23.88,5626.92,1
2023-07-23,2023-07-23 12:07:00,232.48,232.49,232.48,232.49,0.0,23.88,5626.92,1
2023-07-23,2023-07-23 12:08:00,232.49,232.51,232.49,232.51,0.01,23.88,5626.92,1
2023-07-23,2023-07-23 12:09:00,232.51,232.52,232.51,232.52,0.0,23.88,5626.92,1
2023-07-23,2023-07-23 12:10:00,232.52,232.54,232.52,232.54,0.01,23.88,5626.92,1
2023-07-23,2023-07-23 12:11:00,232.54,232.55,232.54,232.55,0.0,23.88,5626.92,1
2023-07-23,2023-07-23 12:12:00,232.55,232.56,232.55,232.56,0.0,23.88,5626.92,1
2023-07-23,2023-07-23 12:13:00,232.56,232.58,232.56,232.58,0.01,23.88,5626.92,1
2023-07-23,2023-07-23 12:14:00,232.58,232.59,232.58,232.59,0.0,23.88,5626.92,1
2023-07-23,2023-07-23 12:15:00,232.59,232.61,232.59,232.61,0.01,23.88,5626.92,1
2023-07-23,2023-07-23 12:16:00,232.61,232.62,232.61,232.62,0.0,23.88,5626.92,1
2023-07-23,2023-07-23 12:17:00,232.62,232.64,232.62,232.64,0.01,23.88,5626.92,1
2023-07-23,2023-07-23 12:18:00,232.64,232.65,232.64,232.65,0.0,23.88,5626.92,1
2023-07-23,2023-07-23 12:19:00,232.65,232.67,232.65,232.67,0.01,23.88,5626.92,1
2023-07-23,2023-07-23 12:20:00,232.67,232.68,232.67,232.68,0.0,23.88,5626.92,1
2023-07-23,2023-07-23 12:21:00,232.68,232.7,232.68,232.7,0.01,23.88,5626.92,1
2023-07-23,2023-07-23 12:22:00,232.7,232.71,232.7,232.71,0.0,23.88,5626.92,1
2023-07-23,2023-07-23 12:23:00,232.71,232.72,232.71,232.72,0.0,23.88,5626.92,1
2023-07-23,2023-07-23 12:24:00,232.72,232.74,232.72,232.74,0.01,23.88,5626.92,1
2023-07-23,2023-07-23 12:25:00,232.74,232.75,232.74,232.75,0.0,23.88,5626.92,1
2023-07-23,2023-07-23 12:26:00,232.75,232.77,232.75,232.77,0.01,23.88,5626.92,1
2023-07-23,2023-07-23 12:27:00,232.77,232.78,232.77,232.78,0.0,23.88,5626.92,1
2023-07-23,2023-07-23 12:28:00,232.78,232.8,232.78,232.8,0.01,23.88,5626.92,1
2023-07-23,2023-07-23 12:29:00,232.8,232.81,232.8,232.81,0.0,23.88,5626.92,1
2023-07-23,2023-07-23 12:30:00,232.81,232.83,232.81,232.83,0.01,23.88,5626.92,1
2023-07-23,2023-07-23 12:31:00,232.83,232.84,232.83,232.84,0.0,23.88,5626.92,1
2023-07-23,2023-07-23 12:32:00,232.84,232.86,232.84,232.86,0.01,23.88,5626.92,1
2023-07-23,2023-07-23 12:33:00,232.86,232.87,232.86,232.87,0.0,23.88,5626.92,1
2023-07-23,2023-07-23 12:34:00,232.87,232.89,232.87,232.89,0.01,23.88,5626.92,1
2023-07-23,2023-07-23 12:35:00,232.89,232.9,232.89,232.9,0.0,23.88,5626.92,1
2023-07-23,2023-07-23 12:36:00,232.9,232.91,232.9,232.91,0.0,23.88,5626.92,1
2023-07-23,2023-07-23 12:37:00,232.91,232.93,232.91,232.93,0.01,23.88,5626.92,1
2023-07-23,2023-07-23 12:38:00,232.93,232.94,232.93,232.94,0.0,23.88,5626.92,1
2023-07-23,2023-07-23 12:39:00,232.94,232.96,232.94,232.96,0.01,23.88,5626.92,1
2023-07-23,2023-07-23 12:40:00,232.96,232.97,232.96,232.97,0.0,23.88,5626.92,1
2023-07-23,2023-07-23 12:41:00,232.97,232.99,232.97,232.99,0.01,23.88,5626.92,1
2023-07-23,2023-07-23 12:42:00,232.99,233.0,232.99,233.0,0.0,23.88,5626.92,1
2023-07-23,2023-07-23 12:43:00,233.0,233.02,233.0,233.02,0.01,23.88,5626.92,1
2023-07-23,2023-07-23 12:44:00,233.02,233.03,233.02,233.03,0.0,23.88,5626.92,1
2023-07-23,2023-07-23 12:45:00,233.03,233.05,233.03,233.05,0.01,23.88,5626.92,1
2023-07-23,2023-07-23 12:46:00,233.05,233.06,233.05,233.06,0.0,23.88,5626.92,1
2023-07-23,2023-07-23 12:47:00,233.06,233.07,233.06,233.07,0.0,23.88,5626.92,1
2023-07-23,2023-07-23 12:48:00,233.07,233.09,233.07,233.09,0.01,23.88,5626.92,1
2023-07-23,2023-07-23 12:49:00,233.09,233.1,233.09,233.1,0.0,23.88,5626.92,1
2023-07-23,2023-07-23 12:50:00,233.1,233.12,233.1,233.12,0.01,23.88,5626.92,1
2023-07-23,2023-07-23 12:51:00,233.12,233.13,233.12,233.13,0.0,23.88,5626.92,1
2023-07-23,2023-07-23 12:52:00,233.13,233.15,233.13,233.15,0.01,23.88,5626.92,1
2023-07-23,2023-07-23 12:53:00,233.15,233.16,233.15,233.16,0.0,23.88,5626.92,1
2023-07-23,2023-07-23 12:54:00,233.16,233.18,233.16,233.18,0.01,23.88,5626.92,1
2023-07-23,2023-07-23 12:55:00,233.18,233.19,233.18,233.19,0.0,23.88,5626.92,1
2023-07-23,2023-07-23 12:56:00,233.19,233.21,233.19,233.21,0.01,23.88,5626.92,1
2023-07-23,2023-07-23 12:57:00,233.21,233.22,233.21,233.22,0.0,23.88,5626.92,1
2023-07-23,2023-07-23 12:58:00,233.22,233.24,233.22,233.24,0.01,23.88,5626.92,1
2023-07-23,2023-07-23 12:59:00,233.24,233.25,233.24,233.25,0.0,23.88,5626.92,1
2023-07-23,2023-07-23 13:00:00,233.25,240.6,231.4,233.26,0.0,23.88,5626.92,1
2023-07-23,2023-07-23 13:01:00,233.26,233.28,233.26,233.28,0.01,23.88,5626.92,1
2023-07-23,2023-07-23 13:02:00,233.28,233.29,233.28,233.29,0.0,23.88,5626.92,1
2023-07-23,2023-07-23 13:03:00,233.29,233.31,233.29,233.31,0.01,23.88,5626.92,1
2023-07-23,2023-07-23 13:04:00,233.31,233.32,233.31,233.32,0.0,23.88,5626.92,1
2023-07-23,2023-07-23 13:05:00,233.32,233.34,233.32,233.34,0.01,23.88,5626.92,1
2023-07-23,2023-07-23 13:06:00,233.34,233.35,233.34,233.35,0.0,23.88,5626.92,1
2023-07-23,2023-07-23 13:07:00,233.35,233.37,233.35,233.37,0.01,23.88,5626.92,1
2023-07-23,2023-07-23 13:08:00,233.37,233.38,233.37,233.38,0.0,23.88,5626.92,1
2023-07-23,2023-07-23 13:09:00,233.38,233.4,233.38,233.4,0.01,23.88,5626.92,1
2023-07-23,2023-07-23 13:10:00,233.4,233.41,233.4,233.41,0.0,23.88,5626.92,1
2023-07-23,2023-07-23 13:11:00,233.41,233.43,233.41,233.43,0.01,23.88,5626.92,1
2023-07-23,2023-07-23 13:12:00,233.43,233.44,233.43,233.44,0.0,23.88,5626.92,1
2023-07-23,2023-07-23 13:13:00,233.44,233.45,233.44,233.45,0.0,23.88,5626.92,1
2023-07-23,2023-07-23 13:14:00,233.45,233.47,233.45,233.47,0.01,23.88,5626.92,1
2023-07-23,2023-07-23 13:15:00,233.47,233.48,233.47,233.48,0.0,23.88,5626.92,1
2023-07-23,2023-07-23 13:16:00,233.48,233.5,233.48,233.5,0.01,23.88,5626.92,1
2023-07-23,2023-07-23 13:17:00,233.5,233.51,233.5,233.51,0.0,23.88,5626.92,1
2023-07-23,2023-07-23 13:18:00,233.51,233.53,233.51,233.53,0.01,23.88,5626.92,1
2023-07-23,2023-07-23 13:19:00,233.53,233.54,233.53,233.54,0.0,23.88,5626.92,1
2023-07-23,2023-07-23 13:20:00,233.54,233.56,233.54,233.56,0.01,23.88,5626.92,1
2023-07-23,2023-07-23 13:21:00,233.56,233.57,233.56,233.57,0.0,23.88,5626.92,1
2023-07-23,2023-07-23 13:22:00,233.57,233.59,233.57,233.59,0.01,23.88,5626.92,1
2023-07-23,2023-07-23 13:23:00,233.59,233.6,233.59,233.6,0.0,23.88,5626.92,1
2023-07-23,2023-07-23 13:24:00,233.6,233.61,233.6,233.61,0.0,23.88,5626.92,1
2023-07-23,2023-07-23 13:25:00,233.61,233.63,233.61,233.63,0.01,23.88,5626.92,1
2023-07-23,2023-07-23 13:26:00,233.63,233.64,233.63,233.64,0.0,23.88,5626.92,1
2023-07-23,2023-07-23 13:27:00,233.64,233.66,233.64,233.66,0.01,23.88,5626.92,1
2023-07-23,2023-07-23 13:28:00,233.66,233.67,233.66,233.67,0.0,23.88,5626.92,1
2023-07-23,2023-07-23 13:29:00,233.67,233.69,233.67,233.69,0.01,23.88,5626.92,1
2023-07-23,2023-07-23 13:30:00,233.69,233.7,233.69,233.7,0.0,23.88,5626.92,1
2023-07-23,2023-07-23 13:31:00,233.7,233.72,233.7,233.72,0.01,23.88,5626.92,1
2023-07-23,2023-07-23 13:32:00,233.72,233.73,233.72,233.73,0.0,23.88,5626.92,1
2023-07-23,2023-07-23 13:33:00,233.73,233.75,233.73,233.75,0.01,23.88,5626.92,1
2023-07-23,2023-07-23 13:34:00,233.75,233.76,233.75,233.76,0.0,23.88,5626.92,1
2023-07-23,2023-07-23 13:35:00,233.76,233.78,233.76,233.78,0.01,23.88,5626.92,1
2023-07-23,2023-07-23 13:36:00,233.78,233.79,233.78,233.79,0.0,23.88,5626.92,1
2023-07-23,2023-07-23 13:37:00,233.79,233.8,233.79,233.8,0.0,23.88,5626.92,1
2023-07-23,2023-07-23 13:38:00,233.8,233.82,233.8,233.82,0.01,23.88,5626.92,1
2023-07-23,2023-07-23 13:39:00,233.82,233.83,233.82,233.83,0.0,23.88,5626.92,1
2023-07-23,2023-07-23 13:40:00,233.83,233.85,233.83,233.85,0.01,23.88,5626.92,1
2023-07-23,2023-07-23 13:41:00,233.85,233.86,233.85,233.86,0.0,23.88,5626.92,1
2023-07-23,2023-07-23 13:42:00,233.86,233.88,233.86,233.88,0.01,23.88,5626.92,1
2023-07-23,2023-07-23 13:43:00,233.88,233.89,233.88,233.89,0.0,23.88,5626.92,1
2023-07-23,2023-07-23 13:44:00,233.89,233.91,233.89,233.91,0.01,23.88,5626.92,1
2023-07-23,2023-07-23 13:45:00,233.91,233.92,233.91,233.92,0.0,23.88,5626.92,1
2023-07-23,2023-07-23 13:46:00,233.92,233.94,233.92,233.94,0.01,23.88,5626.92,1
2023-07-23,2023-07-23 13:47:00,233.94,233.95,233.94,233.95,0.0,23.88,5626.92,1
2023-07-23,2023-07-23 13:48:00,233.95,233.96,233.95,233.96,0.0,23.88,5626.92,1
2023-07-23,2023-07-23 13:49:00,233.96,233.98,233.96,233.98,0.01,23.88,5626.92,1
2023-07-23,2023-07-23 13:50:00,233.98,233.99,233.98,233.99,0.0,23.88,5626.92,1
2023-07-23,2023-07-23 13:51:00,233.99,234.01,233.99,234.01,0.01,23.88,5626.92,1
2023-07-23,2023-07-23 13:52:00,234.01,234.02,234.01,234.02,0.0,23.88,5626.92,1
2023-07-23,2023-07-23 13:53:00,234.02,234.04,234.02,234.04,0.01,23.88,5626.92,1
2023-07-23,2023-07-23 13:54:00,234.04,234.05,234.04,234.05,0.0,23.88,5626.92,1
2023-07-23,2023-07-23 13:55:00,234.05,234.07,234.05,234.07,0.01,23.88,5626.92,1
2023-07-23,2023-07-23 13:56:00,234.07,234.08,234.07,234.08,0.0,23.88,5626.92,1
2023-07-23,2023-07-23 13:57:00,234.08,234.1,234.08,234.1,0.01,23.88,5626.92,1
2023-07-23,2023-07-23 13:58:00,234.1,234.11,234.1,234.11,0.0,23.88,5626.92,1
2023-07-23,2023-07-23 13:59:00,234.11,234.12,234.11,234.12,0.0,23.88,5626.92,1
2023-07-23,2023-07-23 14:00:00,234.12,234.14,234.12,234.14,0.01,23.88,5626.92,1
2023-07-23,2023-07-23 14:01:00,234.14,234.15,234.14,234.15,0.0,23.88,5626.92,1
2023-07-23,2023-07-23 14:02:00,234.15,234.17,234.15,234.17,0.01,23.88,5626.92,1
2023-07-23,2023-07-23 14:03:00,234.17,234.18,234.17,234.18,0.0,23.88,5626.92,1
2023-07-23,2023-07-23 14:04:00,234.18,234.2,234.18,234.2,0.01,23.88,5626.92,1
2023-07-23,2023-07-23 14:05:00,234.2,234.21,234.2,234.21,0.0,23.88,5626.92,1
2023-07-23,2023-07-23 14:06:00,234.21,234.23,234.21,234.23,0.01,23.88,5626.92,1
2023-07-23,2023-07-23 14:07:00,234.23,234.24,234.23,234.24,0.0,23.88,5626.92,1
2023-07-23,2023-07-23 14:08:00,234.24,234.26,234.24,234.26,0.01,23.88,5626.92,1
2023-07-23,2023-07-23 14:09:00,234.26,234.27,234.26,234.27,0.0,23.88,5626.92,1
2023-07-23,2023-07-23 14:10:00,234.27,234.29,234.27,234.29,0.01,23.88,5626.92,1
2023-07-23,2023-07-23 14:11:00,234.29,234.3,234.29,234.3,0.0,23.88,5626.92,1
2023-07-23,2023-07-23 14:12:00,234.3,234.31,234.3,234.31,0.0,23.88,5626.92,1
2023-07-23,2023-07-23 14:13:00,234.31,234.33,234.31,234.33,0.01,23.88,5626.92,1
2023-07-23,2023-07-23 14:14:00,234.33,234.34,234.33,234.34,0.0,23.88,5626.92,1
2023-07-23,2023-07-23 14:15:00,234.34,234.36,234.34,234.36,0.01,23.88,5626.92,1
2023-07-23,2023-07-23 14:16:00,234.36,234.37,234.36,234.37,0.0,23.88,5626.92,1
2023-07-23,2023-07-23 14:17:00,234.37,234.39,234.37,234.39,0.01,23.88,5626.92,1
2023-07-23,2023-07-23 14:18:00,234.39,234.4,234.39,234.4,0.0,23.88,5626.92,1
2023-07-23,2023-07-23 14:19:00,234.4,234.42,234.4,234.42,0.01,23.88,5626.92,1
2023-07-23,2023-07-23 14:20:00,234.42,234.43,234.42,234.43,0.0,23.88,5626.92,1
2023-07-23,2023-07-23 14:21:00,234.43,234.45,234.43,234.45,0.01,23.88,5626.92,1
2023-07-23,2023-07-23 14:22:00,234.45,234.46,234.45,234.46,0.0,23.88,5626.92,1
2023-07-23,2023-07-23 14:23:00,234.46,234.47,234.46,234.47,0.0,23.88,5626.92,1
2023-07-23,2023-07-23 14:24:00,234.47,234.49,234.47,234.49,0.01,23.88,5626.92,1
2023-07-23,2023-07-23 14:25:00,234.49,234.5,234.49,234.5,0.0,23.88,5626.92,1
2023-07-23,2023-07-23 14:26:00,234.5,234.52,234.5,234.52,0.01,23.88,5626.92,1
2023-07-23,2023-07-23 14:27:00,234.52,234.53,234.52,234.53,0.0,23.88,5626.92,1
2023-07-23,2023-07-23 14:28:00,234.53,234.55,234.53,234.55,0.01,23.88,5626.92,1
2023-07-23,2023-07-23 14:29:00,234.55,234.56,234.55,234.56,0.0,23.88,5626.92,1
2023-07-23,2023-07-23 14:30:00,234.56,234.58,234.56,234.58,0.01,23.88,5626.92,1
2023-07-23,2023-07-23 14:31:00,234.58,234.59,234.58,234.59,0.0,23.88,5626.92,1
2023-07-23,2023-07-23 14:32:00,234.59,234.61,234.59,234.61,0.01,23.88,5626.92,1
2023-07-23,2023-07-23 14:33:00,234.61,234.62,234.61,234.62,0.0,23.88,5626.92,1
2023-07-23,2023-07-23 14:34:00,234.62,234.64,234.62,234.64,0.01,23.88,5626.92,1
2023-07-23,2023-07-23 14:35:00,234.64,234.65,234.64,234.65,0.0,23.88,5626.92,1
2023-07-23,2023-07-23 14:36:00,234.65,234.66,234.65,234.66,0.0,23.88,5626.92,1
2023-07-23,2023-07-23 14:37:00,234.66,234.68,234.66,234.68,0.01,23.88,5626.92,1
2023-07-23,2023-07-23 14:38:00,234.68,234.69,234.68,234.69,0.0,23.88,5626.92,1
2023-07-23,2023-07-23 14:39:00,234.69,234.71,234.69,234.71,0.01,23.88,5626.92,1
2023-07-23,2023-07-23 14:40:00,234.71,234.72,234.71,234.72,0.0,23.88,5626.92,1
2023-07-23,2023-07-23 14:41:00,234.72,234.74,234.72,234.74,0.01,23.88,5626.92,1
2023-07-23,2023-07-23 14:42:00,234.74,234.75,234.74,234.75,0.0,23.88,5626.92,1
2023-07-23,2023-07-23 14:43:00,234.75,234.77,234.75,234.77,0.01,23.88,5626.92,1
2023-07-23,2023-07-23 14:44:00,234.77,234.78,234.77,234.78,0.0,23.88,5626.92,1
2023-07-23,2023-07-23 14:45:00,234.78,234.8,234.78,234.8,0.01,23.88,5626.92,1
2023-07-23,2023-07-23 14:46:00,234.8,234.81,234.8,234.81,0.0,23.88,5626.92,1
2023-07-23,2023-07-23 14:47:00,234.81,234.82,234.81,234.82,0.0,23.88,5626.92,1
2023-07-23,2023-07-23 14:48:00,234.82,234.84,234.82,234.84,0.01,23.88,5626.92,1
2023-07-23,2023-07-23 14:49:00,234.84,234.85,234.84,234.85,0.0,23.88,5626.92,1
2023-07-23,2023-07-23 14:50:00,234.85,234.87,234.85,234.87,0.01,23.88,5626.92,1
2023-07-23,2023-07-23 14:51:00,234.87,234.88,234.87,234.88,0.0,23.88,5626.92,1
2023-07-23,2023-07-23 14:52:00,234.88,234.9,234.88,234.9,0.01,23.88,5626.92,1
2023-07-23,2023-07-23 14:53:00,234.9,234.91,234.9,234.91,0.0,23.88,5626.92,1
2023-07-23,2023-07-23 14:54:00,234.91,234.93,234.91,234.93,0.01,23.88,5626.92,1
2023-07-23,2023-07-23 14:55:00,234.93,234.94,234.93,234.94,0.0,23.88,5626.92,1
2023-07-23,2023-07-23 14:56:00,234.94,234.96,234.94,234.96,0.01,23.88,5626.92,1
2023-07-23,2023-07-23 14:57:00,234.96,234.97,234.96,234.97,0.0,23.88,5626.92,1
2023-07-23,2023-07-23 14:58:00,234.97,234.99,234.97,234.99,0.01,23.88,5626.92,1
2023-07-23,2023-07-23 14:59:00,234.99,235.0,234.99,235.0,0.0,23.88,5626.92,1
2023-07-23,2023-07-23 15:00:00,235.0,240.6,231.4,235.0,0.0,23.88,5626.92,0
2023-07-24,2023-07-24 11:00:00,236.0,238.28,235.1,236.0,0.0,28.71,6794.87,0
2023-07-24,2023-07-24 11:01:00,236.0,236.0,236.0,236.0,0.0,28.71,6794.87,0
2023-07-24,2023-07-24 11:02:00,236.0,236.0,236.0,236.0,0.0,28.71,6794.87,0
2023-07-24,2023-07-24 11:03:00,236.0,236.01,236.0,236.01,0.0,28.71,6794.87,1
2023-07-24,2023-07-24 11:04:00,236.01,236.01,236.01,236.01,0.0,28.71,6794.87,0
2023-07-24,2023-07-24 11:05:00,236.01,236.01,236.01,236.01,0.0,28.71,6794.87,0
2023-07-24,2023-07-24 11:06:00,236.01,236.01,236.01,236.01,0.0,28.71,6794.87,0
2023-07-24,2023-07-24 11:07:00,236.01,236.01,236.01,236.01,0.0,28.71,6794.87,0
2023-07-24,2023-07-24 11:08:00,236.01,236.01,236.01,236.01,0.0,28.71,6794.87,0
2023-07-24,2023-07-24 11:09:00,236.01,236.02,236.01,236.02,0.0,28.71,6794.87,1
2023-07-24,2023-07-24 11:10:00,236.02,236.02,236.02,236.02,0.0,28.71,6794.87,0
2023-07-24,2023-07-24 11:11:00,236.02,236.02,236.02,236.02,0.0,28.71,6794.87,0
2023-07-24,2023-07-24 11:12:00,236.02,236.02,236.02,236.02,0.0,28.71,6794.87,0
2023-07-24,2023-07-24 11:13:00,236.02,236.02,236.02,236.02,0.0,28.71,6794.87,0
2023-07-24,2023-07-24 11:14:00,236.02,236.03,236.02,236.03,0.0,28.71,6794.87,1
2023-07-24,2023-07-24 11:15:00,236.03,236.03,236.03,236.03,0.0,28.71,6794.87,0
2023-07-24,2023-07-24 11:16:00,236.03,236.03,236.03,236.03,0.0,28.71,6794.87,0
2023-07-24,2023-07-24 11:17:00,236.03,236.03,236.03,236.03,0.0,28.71,6794.87,0
2023-07-24,2023-07-24 11:18:00,236.03,236.03,236.03,236.03,0.0,28.71,6794.87,0
2023-07-24,2023-07-24 11:19:00,236.03,236.03,236.03,236.03,0.0,28.71,6794.87,0
2023-07-24,2023-07-24 11:20:00,236.03,236.03,236.03,236.03,0.0,28.71,6794.87,0
2023-07-24,2023-07-24 11:21:00,236.03,236.04,236.03,236.04,0.0,28.71,6794.87,1
2023-07-24,2023-07-24 11:22:00,236.04,236.04,236.04,236.04,0.0,28.71,6794.87,0
2023-07-24,2023-07-24 11:23:00,236.04,236.04,236.04,236.04,0.0,28.71,6794.87,0
2023-07-24,2023-07-24 11:24:00,236.04,236.04,236.04,236.04,0.0,28.71,6794.87,0
2023-07-24,2023-07-24 11:25:00,236.04,236.04,236.04,236.04,0.0,28.71,6794.87,0
2023-07-24,2023-07-24 11:26:00,236.04,236.04,236.04,236.04,0.0,28.71,6794.87,0
2023-07-24,2023-07-24 11:27:00,236.04,236.05,236.04,236.05,0.0,28.71,6794.87,1
2023-07-24,2023-07-24 11:28:00,236.05,236.05,236.05,236.05,0.0,28.71,6794.87,0
2023-07-24,2023-07-24 11:29:00,236.05,236.05,236.05,236.05,0.0,28.71,6794.87,0
2023-07-24,2023-07-24 11:30:00,236.05,236.05,236.05,236.05,0.0,28.71,6794.87,0
2023-07-24,2023-07-24 11:31:00,236.05,236.05,236.05,236.05,0.0,28.71,6794.87,0
2023-07-24,2023-07-24 11:32:00,236.05,236.06,236.05,236.06,0.0,28.71,6794.87,1
2023-07-24,2023-07-24 11:33:00,236.06,236.06,236.06,236.06,0.0,28.71,6794.87,0
2023-07-24,2023-07-24 11:34:00,236.06,236.06,236.06,236.06,0.0,28.71,6794.87,0
2023-07-24,2023-07-24 11:35:00,236.06,236.06,236.06,236.06,0.0,28.71,6794.87,0
2023-07-24,2023-07-24 11:36:00,236.06,236.06,236.06,236.06,0.0,28.71,6794.87,0
2023-07-24,2023-07-24 11:37:00,236.06,236.06,236.06,236.06,0.0,28.71,6794.87,0
2023-07-24,2023-07-24 11:38:00,236.06,236.06,236.06,236.06,0.0,28.71,6794.87,0
2023-07-24,2023-07-24 11:39:00,236.06,236.07,236.06,236.07,0.0,28.71,6794.87,1
2023-07-24,2023-07-24 11:40:00,236.07,236.07,236.07,236.07,0.0,28.71,6794.87,0
2023-07-24,2023-07-24 11:41:00,236.07,236.07,236.07,236.07,0.0,28.71,6794.87,0
2023-07-24,2023-07-24 11:42:00,236.07,236.07,236.07,236.07,0.0,28.71,6794.87,0
2023-07-24,2023-07-24 11:43:00,236.07,236.07,236.07,236.07,0.0,28.71,6794.87,0
2023-07-24,2023-07-24 11:44:00,236.07,236.07,236.07,236.07,0.0,28.71,6794.87,0
2023-07-24,2023-07-24 11:45:00,236.07,236.08,236.07,236.08,0.0,28.71,6794.87,1
2023-07-24,2023-07-24 11:46:00,236.08,236.08,236.08,236.08,0.0,28.71,6794.87,0
2023-07-24,2023-07-24 11:47:00,236.08,236.08,236.08,236.08,0.0,28.71,6794.87,0
2023-07-24,2023-07-24 11:48:00,236.08,236.08,236.08,236.08,0.0,28.71,6794.87,0
2023-07-24,2023-07-24 11:49:00,236.08,236.08,236.08,236.08,0.0,28.71,6794.87,0
2023-07-24,2023-07-24 11:50:00,236.08,236.09,236.08,236.09,0.0,28.71,6794.87,1
2023-07-24,2023-07-24 11:51:00,236.09,236.09,236.09,236.09,0.0,28.71,6794.87,0
2023-07-24,2023-07-24 11:52:00,236.09,236.09,236.09,236.09,0.0,28.71,6794.87,0
2023-07-24,2023-07-24 11:53:00,236.09,236.09,236.09,236.09,0.0,28.71,6794.87,0
2023-07-24,2023-07-24 11:54:00,236.09,236.09,236.09,236.09,0.0,28.71,6794.87,0
2023-07-24,2023-07-24 11:55:00,236.09,236.09,236.09,236.09,0.0,28.71,6794.87,0
2023-07-24,2023-07-24 11:56:00,236.09,236.09,236.09,236.09,0.0,28.71,6794.87,0
2023-07-24,2023-07-24 11:57:00,236.09,236.1,236.09,236.1,0.0,28.71,6794.87,1
2023-07-24,2023-07-24 11:58:00,236.1,236.1,236.1,236.1,0.0,28.71,6794.87,0
2023-07-24,2023-07-24 11:59:00,236.1,236.1,236.1,236.1,0.0,28.71,6794.87,0
2023-07-24,2023-07-24 12:00:00,236.1,236.1,236.1,236.1,0.0,28.71,6794.87,0
2023-07-24,2023-07-24 12:01:00,236.1,236.1,236.1,236.1,0.0,28.71,6794.87,0
2023-07-24,2023-07-24 12:02:00,236.1,236.1,236.1,236.1,0.0,28.71,6794.87,0
2023-07-24,2023-07-24 12:03:00,236.1,236.11,236.1,236.11,0.0,28.71,6794.87,1
2023-07-24,2023-07-24 12:04:00,236.11,236.11,236.11,236.11,0.0,28.71,6794.87,0
2023-07-24,2023-07-24 12:05:00,236.11,236.11,236.11,236.11,0.0,28.71,6794.87,0
2023-07-24,2023-07-24 12:06:00,236.11,236.11,236.11,236.11,0.0,28.71,6794.87,0
2023-07-24,2023-07-24 12:07:00,236.11,236.11,236.11,236.11,0.0,28.71,6794.87,0
2023-07-24,2023-07-24 12:08:00,236.11,236.12,236.11,236.12,0.0,28.71,6794.87,1
2023-07-24,2023-07-24 12:09:00,236.12,236.12,236.12,236.12,0.0,28.71,6794.87,0
2023-07-24,2023-07-24 12:10:00,236.12,236.12,236.12,236.12,0.0,28.71,6794.87,0
2023-07-24,2023-07-24 12:11:00,236.12,236.12,236.12,236.12,0.0,28.71,6794.87,0
2023-07-24,2023-07-24 12:12:00,236.12,236.12,236.12,236.12,0.0,28.71,6794.87,0
2023-07-24,2023-07-24 12:13:00,236.12,236.12,236.12,236.12,0.0,28.71,6794.87,0
2023-07-24,2023-07-24 12:14:00,236.12,236.12,236.12,236.12,0.0,28.71,6794.87,0
2023-07-24,2023-07-24 12:15:00,236.12,236.13,236.12,236.13,0.0,28.71,6794.87,1
2023-07-24,2023-07-24 12:16:00,236.13,236.13,236.13,236.13,0.0,28.71,6794.87,0
2023-07-24,2023-07-24 12:17:00,236.13,236.13,236.13,236.13,0.0,28.71,6794.87,0
2023-07-24,2023-07-24 12:18:00,236.13,236.13,236.13,236.13,0.0,28.71,6794.87,0
2023-07-24,2023-07-24 12:19:00,236.13,236.13,236.13,236.13,0.0,28.71,6794.87,0
2023-07-24,2023-07-24 12:20:00,236.13,236.13,236.13,236.13,0.0,28.71,6794.87,0
2023-07-24,2023-07-24 12:21:00,236.13,236.14,236.13,236.14,0.0,28.71,6794.87,1
2023-07-24,2023-07-24 12:22:00,236.14,236.14,236.14,236.14,0.0,28.71,6794.87,0
2023-07-24,2023-07-24 12:23:00,236.14,236.14,236.14,236.14,0.0,28.71,6794.87,0
2023-07-24,2023-07-24 12:24:00,236.14,236.14,236.14,236.14,0.0,28.71,6794.87,0
2023-07-24,2023-07-24 12:25:00,236.14,236.14,236.14,236.14,0.0,28.71,6794.87,0
2023-07-24,2023-07-24 12:26:00,236.14,236.15,236.14,236.15,0.0,28.71,6794.87,1
2023-07-24,2023-07-24 12:27:00,236.15,236.15,236.15,236.15,0.0,28.71,6794.87,0
2023-07-24,2023-07-24 12:28:00,236.15,236.15,236.15,236.15,0.0,28.71,6794.87,0
2023-07-24,2023-07-24 12:29:00,236.15,236.15,236.15,236.15,0.0,28.71,6794.87,0
2023-07-24,2023-07-24 12:30:00,236.15,236.15,236.15,236.15,0.0,28.71,6794.87,0
2023-07-24,2023-07-24 12:31:00,236.15,236.15,236.15,236.15,0.0,28.71,6794.87,0
2023-07-24,2023-07-24 12:32:00,236.15,236.16,236.15,236.16,0.0,28.71,6794.87,1
2023-07-24,2023-07-24 12:33:00,236.16,236.16,236.16,236.16,0.0,28.71,6794.87,0
2023-07-24,2023-07-24 12:34:00,236.16,236.16,236.16,236.16,0.0,28.71,6794.87,0
2023-07-24,2023-07-24 12:35:00,236.16,236.16,236.16,236.16,0.0,28.71,6794.87,0
2023-07-24,2023-07-24 12:36:00,236.16,236.16,236.16,236.16,0.0,28.71,6794.87,0
2023-07-24,2023-07-24 12:37:00,236.16,236.16,236.16,236.16,0.0,28.71,6794.87,0
2023-07-24,2023-07-24 12:38:00,236.16,236.16,236.16,236.16,0.0,28.71,6794.87,0
2023-07-24,2023-07-24 12:39:00,236.16,236.17,236.16,236.17,0.0,28.71,6794.87,1
2023-07-24,2023-07-24 12:40:00,236.17,236.17,236.17,236.17,0.0,28.71,6794.87,0
2023-07-24,2023-07-24 12:41:00,236.17,236.17,236.17,236.17,0.0,28.71,6794.87,0
2023-07-24,2023-07-24 12:42:00,236.17,236.17,236.17,236.17,0.0,28.71,6794.87,0
2023-07-24,2023-07-24 12:43:00,236.17,236.17,236.17,236.17,0.0,28.71,6794.87,0
2023-07-24,2023-07-24 12:44:00,236.17,236.18,236.17,236.18,0.0,28.71,6794.87,1
2023-07-24,2023-07-24 12:45:00,236.18,236.18,236.18,236.18,0.0,28.71,6794.87,0
2023-07-24,2023-07-24 12:46:00,236.18,236.18,236.18,236.18,0.0,28.71,6794.87,0
2023-07-24,2023-07-24 12:47:00,236.18,236.18,236.18,236.18,0.0,28.71,6794.87,0
2023-07-24,2023-07-24 12:48:00,236.18,236.18,236.18,236.18,0.0,28.71,6794.87,0
2023-07-24,2023-07-24 12:49:00,236.18,236.18,236.18,236.18,0.0,28.71,6794.87,0
2023-07-24,2023-07-24 12:50:00,236.18,236.19,236.18,236.19,0.0,28.71,6794.87,1
2023-07-24,2023-07-24 12:51:00,236.19,236.19,236.19,236.19,0.0,28.71,6794.87,0
2023-07-24,2023-07-24 12:52:00,236.19,236.19,236.19,236.19,0.0,28.71,6794.87,0
2023-07-24,2023-07-24 12:53:00,236.19,236.19,236.19,236.19,0.0,28.71,6794.87,0
2023-07-24,2023-07-24 12:54:00,236.19,236.19,236.19,236.19,0.0,28.71,6794.87,0
2023-07-24,2023-07-24 12:55:00,236.19,236.19,236.19,236.19,0.0,28.71,6794.87,0
2023-07-24,2023-07-24 12:56:00,236.19,236.19,236.19,236.19,0.0,28.71,6794.87,0
2023-07-24,2023-07-24 12:57:00,236.19,236.2,236.19,236.2,0.0,28.71,6794.87,1
2023-07-24,2023-07-24 12:58:00,236.2,236.2,236.2,236.2,0.0,28.71,6794.87,0
2023-07-24,2023-07-24 12:59:00,236.2,236.2,236.2,236.2,0.0,28.71,6794.87,0
2023-07-24,2023-07-24 13:00:00,236.2,243.6,233.0,236.2,0.0,28.71,6794.87,0
2023-07-24,2023-07-24 13:01:00,236.2,236.2,236.2,236.2,0.0,28.71,6794.87,0
2023-07-24,2023-07-24 13:02:00,236.2,236.21,236.2,236.21,0.0,28.71,6794.87,1
2023-07-24,2023-07-24 13:03:00,236.21,236.21,236.21,236.21,0.0,28.71,6794.87,0
2023-07-24,2023-07-24 13:04:00,236.21,236.21,236.21,236.21,0.0,28.71,6794.87,0
2023-07-24,2023-07-24 13:05:00,236.21,236.21,236.21,236.21,0.0,28.71,6794.87,0
2023-07-24,2023-07-24 13:06:00,236.21,236.21,236.21,236.21,0.0,28.71,6794.87,0
2023-07-24,2023-07-24 13:07:00,236.21,236.21,236.21,236.21,0.0,28.71,6794.87,0
2023-07-24,2023-07-24 13:08:00,236.21,236.22,236.21,236.22,0.0,28.71,6794.87,1
2023-07-24,2023-07-24 13:09:00,236.22,236.22,236.22,236.22,0.0,28.71,6794.87,0
2023-07-24,2023-07-24 13:10:00,236.22,236.22,236.22,236.22,0.0,28.71,6794.87,0
2023-07-24,2023-07-24 13:11:00,236.22,236.22,236.22,236.22,0.0,28.71,6794.87,0
2023-07-24,2023-07-24 13:12:00,236.22,236.22,236.22,236.22,0.0,28.71,6794.87,0
2023-07-24,2023-07-24 13:13:00,236.22,236.22,236.22,236.22,0.0,28.71,6794.87,0
2023-07-24,2023-07-24 13:14:00,236.22,236.22,236.22,236.22,0.0,28.71,6794.87,0
2023-07-24,2023-07-24 13:15:00,236.22,236.23,236.22,236.23,0.0,28.71,6794.87,1
2023-07-24,2023-07-24 13:16:00,236.23,236.23,236.23,236.23,0.0,28.71,6794.87,0
2023-07-24,2023-07-24 13:17:00,236.23,236.23,236.23,236.23,0.0,28.71,6794.87,0
2023-07-24,2023-07-24 13:18:00,236.23,236.23,236.23,236.23,0.0,28.71,6794.87,0
2023-07-24,2023-07-24 13:19:00,236.23,236.23,236.23,236.23,0.0,28.71,6794.87,0
2023-07-24,2023-07-24 13:20:00,236.23,236.24,236.23,236.24,0.0,28.71,6794.87,1
2023-07-24,2023-07-24 13:21:00,236.24,236.24,236.24,236.24,0.0,28.71,6794.87,0
2023-07-24,2023-07-24 13:22:00,236.24,236.24,236.24,236.24,0.0,28.71,6794.87,0
2023-07-24,2023-07-24 13:23:00,236.24,236.24,236.24,236.24,0.0,28.71,6794.87,0
2023-07-24,2023-07-24 13:24:00,236.24,236.24,236.24,236.24,0.0,28.71,6794.87,0
2023-07-24,2023-07-24 13:25:00,236.24,236.24,236.24,236.24,0.0,28.71,6794.87,0
2023-07-24,2023-07-24 13:26:00,236.24,236.25,236.24,236.25,0.0,28.71,6794.87,1
2023-07-24,2023-07-24 13:27:00,236.25,236.25,236.25,236.25,0.0,28.71,6794.87,0
2023-07-24,2023-07-24 13:28:00,236.25,236.25,236.25,236.25,0.0,28.71,6794.87,0
2023-07-24,2023-07-24 13:29:00,236.25,236.25,236.25,236.25,0.0,28.71,6794.87,0
2023-07-24,2023-07-24 13:30:00,236.25,236.25,236.25,236.25,0.0,28.71,6794.87,0
2023-07-24,2023-07-24 13:31:00,236.25,236.25,236.25,236.25,0.0,28.71,6794.87,0
2023-07-24,2023-07-24 13:32:00,236.25,236.25,236.25,236.25,0.0,28.71,6794.87,0
2023-07-24,2023-07-24 13:33:00,236.25,236.26,236.25,236.26,0.0,28.71,6794.87,1
2023-07-24,2023-07-24 13:34:00,236.26,236.26,236.26,236.26,0.0,28.71,6794.87,0
2023-07-24,2023-07-24 13:35:00,236.26,236.26,236.26,236.26,0.0,28.71,6794.87,0
2023-07-24,2023-07-24 13:36:00,236.26,236.26,236.26,236.26,0.0,28.71,6794.87,0
2023-07-24,2023-07-24 13:37:00,236.26,236.26,236.26,236.26,0.0,28.71,6794.87,0
2023-07-24,2023-07-24 13:38:00,236.26,236.27,236.26,236.27,0.0,28.71,6794.87,1
2023-07-24,2023-07-24 13:39:00,236.27,236.27,236.27,236.27,0.0,28.71,6794.87,0
2023-07-24,2023-07-24 13:40:00,236.27,236.27,236.27,236.27,0.0,28.71,6794.87,0
2023-07-24,2023-07-24 13:41:00,236.27,236.27,236.27,236.27,0.0,28.71,6794.87,0
2023-07-24,2023-07-24 13:42:00,236.27,236.27,236.27,236.27,0.0,28.71,6794.87,0
2023-07-24,2023-07-24 13:43:00,236.27,236.27,236.27,236.27,0.0,28.71,6794.87,0
2023-07-24,2023-07-24 13:44:00,236.27,236.28,236.27,236.28,0.0,28.71,6794.87,1
2023-07-24,2023-07-24 13:45:00,236.28,236.28,236.28,236.28,0.0,28.71,6794.87,0
2023-07-24,2023-07-24 13:46:00,236.28,236.28,236.28,236.28,0.0,28.71,6794.87,0
2023-07-24,2023-07-24 13:47:00,236.28,236.28,236.28,236.28,0.0,28.71,6794.87,0
2023-07-24,2023-07-24 13:48:00,236.28,236.28,236.28,236.28,0.0,28.71,6794.87,0
2023-07-24,2023-07-24 13:49:00,236.28,236.28,236.28,236.28,0.0,28.71,6794.87,0
2023-07-24,2023-07-24 13:50:00,236.28,236.28,236.28,236.28,0.0,28.71,6794.87,0
2023-07-24,2023-07-24 13:51:00,236.28,236.29,236.28,236.29,0.0,28.71,6794.87,1
2023-07-24,2023-07-24 13:52:00,236.29,236.29,236.29,236.29,0.0,28.71,6794.87,0
2023-07-24,2023-07-24 13:53:00,236.29,236.29,236.29,236.29,0.0,28.71,6794.87,0
2023-07-24,2023-07-24 13:54:00,236.29,236.29,236.29,236.29,0.0,28.71,6794.87,0
2023-07-24,2023-07-24 13:55:00,236.29,236.29,236.29,236.29,0.0,28.71,6794.87,0
2023-07-24,2023-07-24 13:56:00,236.29,236.3,236.29,236.3,0.0,28.71,6794.87,1
2023-07-24,2023-07-24 13:57:00,236.3,236.3,236.3,236.3,0.0,28.71,6794.87,0
2023-07-24,2023-07-24 13:58:00,236.3,236.3,236.3,236.3,0.0,28.71,6794.87,0
2023-07-24,2023-07-24 13:59:00,236.3,236.3,236.3,236.3,0.0,28.71,6794.87,0
2023-07-24,2023-07-24 14:00:00,236.3,236.3,236.3,236.3,0.0,28.71,6794.87,0
2023-07-24,2023-07-24 14:01:00,236.3,236.3,236.3,236.3,0.0,28.71,6794.87,0
2023-07-24,2023-07-24 14:02:00,236.3,236.31,236.3,236.31,0.0,28.71,6794.87,1
2023-07-24,2023-07-24 14:03:00,236.31,236.31,236.31,236.31,0.0,28.71,6794.87,0
2023-07-24,2023-07-24 14:04:00,236.31,236.31,236.31,236.31,0.0,28.71,6794.87,0
2023-07-24,2023-07-24 14:05:00,236.31,236.31,236.31,236.31,0.0,28.71,6794.87,0
2023-07-24,2023-07-24 14:06:00,236.31,236.31,236.31,236.31,0.0,28.71,6794.87,0
2023-07-24,2023-07-24 14:07:00,236.31,236.31,236.31,236.31,0.0,28.71,6794.87,0
2023-07-24,2023-07-24 14:08:00,236.31,236.31,236.31,236.31,0.0,28.71,6794.87,0
2023-07-24,2023-07-24 14:09:00,236.31,236.32,236.31,236.32,0.0,28.71,6794.87,1
2023-07-24,2023-07-24 14:10:00,236.32,236.32,236.32,236.32,0.0,28.71,6794.87,0
2023-07-24,2023-07-24 14:11:00,236.32,236.32,236.32,236.32,0.0,28.71,6794.87,0
2023-07-24,2023-07-24 14:12:00,236.32,236.32,236.32,236.32,0.0,28.71,6794.87,0
2023-07-24,2023-07-24 14:13:00,236.32,236.32,236.32,236.32,0.0,28.71,6794.87,0
2023-07-24,2023-07-24 14:14:00,236.32,236.33,236.32,236.33,0.0,28.71,6794.87,1
2023-07-24,2023-07-24 14:15:00,236.33,236.33,236.33,236.33,0.0,28.71,6794.87,0
2023-07-24,2023-07-24 14:16:00,236.33,236.33,236.33,236.33,0.0,28.71,6794.87,0
2023-07-24,2023-07-24 14:17:00,236.33,236.33,236.33,236.33,0.0,28.71,6794.87,0
2023-07-24,2023-07-24 14:18:00,236.33,236.33,236.33,236.33,0.0,28.71,6794.87,0
2023-07-24,2023-07-24 14:19:00,236.33,236.33,236.33,236.33,0.0,28.71,6794.87,0
2023-07-24,2023-07-24 14:20:00,236.33,236.34,236.33,236.34,0.0,28.71,6794.87,1
2023-07-24,2023-07-24 14:21:00,236.34,236.34,236.34,236.34,0.0,28.71,6794.87,0
2023-07-24,2023-07-24 14:22:00,236.34,236.34,236.34,236.34,0.0,28.71,6794.87,0
2023-07-24,2023-07-24 14:23:00,236.34,236.34,236.34,236.34,0.0,28.71,6794.87,0
2023-07-24,2023-07-24 14:24:00,236.34,236.34,236.34,236.34,0.0,28.71,6794.87,0
2023-07-24,2023-07-24 14:25:00,236.34,236.34,236.34,236.34,0.0,28.71,6794.87,0
2023-07-24,2023-07-24 14:26:00,236.34,236.34,236.34,236.34,0.0,28.71,6794.87,0
2023-07-24,2023-07-24 14:27:00,236.34,236.35,236.34,236.35,0.0,28.71,6794.87,1
2023-07-24,2023-07-24 14:28:00,236.35,236.35,236.35,236.35,0.0,28.71,6794.87,0
2023-07-24,2023-07-24 14:29:00,236.35,236.35,236.35,236.35,0.0,28.71,6794.87,0
2023-07-24,2023-07-24 14:30:00,236.35,236.35,236.35,236.35,0.0,28.71,6794.87,0
2023-07-24,2023-07-24 14:31:00,236.35,236.35,236.35,236.35,0.0,28.71,6794.87,0
2023-07-24,2023-07-24 14:32:00,236.35,236.36,236.35,236.36,0.0,28.71,6794.87,1
2023-07-24,2023-07-24 14:33:00,236.36,236.36,236.36,236.36,0.0,28.71,6794.87,0
2023-07-24,2023-07-24 14:34:00,236.36,236.36,236.36,236.36,0.0,28.71,6794.87,0
2023-07-24,2023-07-24 14:35:00,236.36,236.36,236.36,236.36,0.0,28.71,6794.87,0
2023-07-24,2023-07-24 14:36:00,236.36,236.36,236.36,236.36,0.0,28.71,6794.87,0
2023-07-24,2023-07-24 14:37:00,236.36,236.36,236.36,236.36,0.0,28.71,6794.87,0
2023-07-24,2023-07-24 14:38:00,236.36,236.37,236.36,236.37,0.0,28.71,6794.87,1
2023-07-24,2023-07-24 14:39:00,236.37,236.37,236.37,236.37,0.0,28.71,6794.87,0
2023-07-24,2023-07-24 14:40:00,236.37,236.37,236.37,236.37,0.0,28.71,6794.87,0
2023-07-24,2023-07-24 14:41:00,236.37,236.37,236.37,236.37,0.0,28.71,6794.87,0
2023-07-24,2023-07-24 14:42:00,236.37,236.37,236.37,236.37,0.0,28.71,6794.87,0
2023-07-24,2023-07-24 14:43:00,236.37,236.37,236.37,236.37,0.0,28.71,6794.87,0
2023-07-24,2023-07-24 14:44:00,236.37,236.38,236.37,236.38,0.0,28.71,6794.87,1
2023-07-24,2023-07-24 14:45:00,236.38,236.38,236.38,236.38,0.0,28.71,6794.87,0
2023-07-24,2023-07-24 14:46:00,236.38,236.38,236.38,236.38,0.0,28.71,6794.87,0
2023-07-24,2023-07-24 14:47:00,236.38,236.38,236.38,236.38,0.0,28.71,6794.87,0
2023-07-24,2023-07-24 14:48:00,236.38,236.38,236.38,236.38,0.0,28.71,6794.87,0
2023-07-24,2023-07-24 14:49:00,236.38,236.38,236.38,236.38,0.0,28.71,6794.87,0
2023-07-24,2023-07-24 14:50:00,236.38,236.39,236.38,236.39,0.0,28.71,6794.87,1
2023-07-24,2023-07-24 14:51:00,236.39,236.39,236.39,236.39,0.0,28.71,6794.87,0
2023-07-24,2023-07-24 14:52:00,236.39,236.39,236.39,236.39,0.0,28.71,6794.87,0
2023-07-24,2023-07-24 14:53:00,236.39,236.39,236.39,236.39,0.0,28.71,6794.87,0
2023-07-24,2023-07-24 14:54:00,236.39,236.39,236.39,236.39,0.0,28.71,6794.87,0
2023-07-24,2023-07-24 14:55:00,236.39,236.39,236.39,236.39,0.0,28.71,6794.87,0
2023-07-24,2023-07-24 14:56:00,236.39,236.4,236.39,236.4,0.0,28.71,6794.87,1
2023-07-24,2023-07-24 14:57:00,236.4,236.4,236.4,236.4,0.0,28.71,6794.87,0
2023-07-24,2023-07-24 14:58:00,236.4,236.4,236.4,236.4,0.0,28.71,6794.87,0
2023-07-24,2023-07-24 14:59:00,236.4,236.4,236.4,236.4,0.0,28.71,6794.87,0
2023-07-24,2023-07-24 15:00:00,236.4,243.6,233.0,236.4,0.0,28.71,6794.87,0
2023-07-25,2023-07-25 11:00:00,231.7,234.04,230.77,231.7,0.0,40.69,9455.43,0
2023-07-25,2023-07-25 11:01:00,231.7,231.7,231.69,231.69,-0.0,40.69,9455.43,-1
2023-07-25,2023-07-25 11:02:00,231.69,231.69,231.69,231.69,0.0,40.69,9455.43,0
2023-07-25,2023-07-25 11:03:00,231.69,231.69,231.69,231.69,0.0,40.69,9455.43,0
2023-07-25,2023-07-25 11:04:00,231.69,231.69,231.69,231.69,0.0,40.69,9455.43,0
2023-07-25,2023-07-25 11:05:00,231.69,231.69,231.68,231.68,-0.0,40.69,9455.43,-1
2023-07-25,2023-07-25 11:06:00,231.68,231.68,231.68,231.68,0.0,40.69,9455.43,0
2023-07-25,2023-07-25 11:07:00,231.68,231.68,231.68,231.68,0.0,40.69,9455.43,0
2023-07-25,2023-07-25 11:08:00,231.68,231.68,231.67,231.67,-0.0,40.69,9455.43,-1
2023-07-25,2023-07-25 11:09:00,231.67,231.67,231.67,231.67,0.0,40.69,9455.43,0
2023-07-25,2023-07-25 11:10:00,231.67,231.67,231.67,231.67,0.0,40.69,9455.43,0
2023-07-25,2023-07-25 11:11:00,231.67,231.67,231.66,231.66,-0.0,40.69,9455.43,-1
2023-07-25,2023-07-25 11:12:00,231.66,231.66,231.66,231.66,0.0,40.69,9455.43,0
2023-07-25,2023-07-25 11:13:00,231.66,231.66,231.66,231.66,0.0,40.69,9455.43,0
2023-07-25,2023-07-25 11:14:00,231.66,231.66,231.66,231.66,0.0,40.69,9455.43,0
2023-07-25,2023-07-25 11:15:00,231.66,231.66,231.65,231.65,-0.0,40.69,9455.43,-1
2023-07-25,2023-07-25 11:16:00,231.65,231.65,231.65,231.65,0.0,40.69,9455.43,0
2023-07-25,2023-07-25 11:17:00,231.65,231.65,231.65,231.65,0.0,40.69,9455.43,0
2023-07-25,2023-07-25 11:18:00,231.65,231.65,231.64,231.64,-0.0,40.69,9455.43,-1
2023-07-25,2023-07-25 11:19:00,231.64,231.64,231.64,231.64,0.0,40.69,9455.43,0
2023-07-25,2023-07-25 11:20:00,231.64,231.64,231.64,231.64,0.0,40.69,9455.43,0
2023-07-25,2023-07-25 11:21:00,231.64,231.64,231.64,231.64,0.0,40.69,9455.43,0
2023-07-25,2023-07-25 11:22:00,231.64,231.64,231.63,231.63,-0.0,40.69,9455.43,-1
2023-07-25,2023-07-25 11:23:00,231.63,231.63,231.63,231.63,0.0,40.69,9455.43,0
2023-07-25,2023-07-25 11:24:00,231.63,231.63,231.63,231.63,0.0,40.69,9455.43,0
2023-07-25,2023-07-25 11:25:00,231.63,231.63,231.62,231.62,-0.0,40.69,9455.43,-1
2023-07-25,2023-07-25 11:26:00,231.62,231.62,231.62,231.62,0.0,40.69,9455.43,0
2023-07-25,2023-07-25 11:27:00,231.62,231.62,231.62,231.62,0.0,40.69,9455.43,0
2023-07-25,2023-07-25 11:28:00,231.62,231.62,231.62,231.62,0.0,40.69,9455.43,0
2023-07-25,2023-07-25 11:29:00,231.62,231.62,231.61,231.61,-0.0,40.69,9455.43,-1
2023-07-25,2023-07-25 11:30:00,231.61,231.61,231.61,231.61,0.0,40.69,9455.43,0
2023-07-25,2023-07-25 11:31:00,231.61,231.61,231.61,231.61,0.0,40.69,9455.43,0
2023-07-25,2023-07-25 11:32:00,231.61,231.61,231.6,231.6,-0.0,40.69,9455.43,-1
2023-07-25,2023-07-25 11:33:00,231.6,231.6,231.6,231.6,0.0,40.69,9455.43,0
2023-07-25,2023-07-25 11:34:00,231.6,231.6,231.6,231.6,0.0,40.69,9455.43,0
2023-07-25,2023-07-25 11:35:00,231.6,231.6,231.59,231.59,-0.0,40.69,9455.43,-1
2023-07-25,2023-07-25 11:36:00,231.59,231.59,231.59,231.59,0.0,40.69,9455.43,0
2023-07-25,2023-07-25 11:37:00,231.59,231.59,231.59,231.59,0.0,40.69,9455.43,0
2023-07-25,2023-07-25 11:38:00,231.59,231.59,231.59,231.59,0.0,40.69,9455.43,0
2023-07-25,2023-07-25 11:39:00,231.59,231.59,231.58,231.58,-0.0,40.69,9455.43,-1
2023-07-25,2023-07-25 11:40:00,231.58,231.58,231.58,231.58,0.0,40.69,9455.43,0
2023-07-25,2023-07-25 11:41:00,231.58,231.58,231.58,231.58,0.0,40.69,9455.43,0
2023-07-25,2023-07-25 11:42:00,231.58,231.58,231.57,231.57,-0.0,40.69,9455.43,-1
2023-07-25,2023-07-25 11:43:00,231.57,231.57,231.57,231.57,0.0,40.69,9455.43,0
2023-07-25,2023-07-25 11:44:00,231.57,231.57,231.57,231.57,0.0,40.69,9455.43,0
2023-07-25,2023-07-25 11:45:00,231.57,231.57,231.57,231.57,0.0,40.69,9455.43,0
2023-07-25,2023-07-25 11:46:00,231.57,231.57,231.56,231.56,-0.0,40.69,9455.43,-1
2023-07-25,2023-07-25 11:47:00,231.56,231.56,231.56,231.56,0.0,40.69,9455.43,0
2023-07-25,2023-07-25 11:48:00,231.56,231.56,231.56,231.56,0.0,40.69,9455.43,0
2023-07-25,2023-07-25 11:49:00,231.56,231.56,231.55,231.55,-0.0,40.69,9455.43,-1
2023-07-25,2023-07-25 11:50:00,231.55,231.55,231.55,231.55,0.0,40.69,9455.43,0
2023-07-25,2023-07-25 11:51:00,231.55,231.55,231.55,231.55,0.0,40.69,9455.43,0
2023-07-25,2023-07-25 11:52:00,231.55,231.55,231.55,231.55,0.0,40.69,9455.43,0
2023-07-25,2023-07-25 11:53:00,231.55,231.55,231.54,231.54,-0.0,40.69,9455.43,-1
2023-07-25,2023-07-25 11:54:00,231.54,231.54,231.54,231.54,0.0,40.69,9455.43,0
2023-07-25,2023-07-25 11:55:00,231.54,231.54,231.54,231.54,0.0,40.69,9455.43,0
2023-07-25,2023-07-25 11:56:00,231.54,231.54,231.53,231.53,-0.0,40.69,9455.43,-1
2023-07-25,2023-07-25 11:57:00,231.53,231.53,231.53,231.53,0.0,40.69,9455.43,0
2023-07-25,2023-07-25 11:58:00,231.53,231.53,231.53,231.53,0.0,40.69,9455.43,0
2023-07-25,2023-07-25 11:59:00,231.53,231.53,231.52,231.52,-0.0,40.69,9455.43,-1
2023-07-25,2023-07-25 12:00:00,231.52,231.52,231.52,231.52,0.0,40.69,9455.43,0
2023-07-25,2023-07-25 12:01:00,231.52,231.52,231.52,231.52,0.0,40.69,9455.43,0
2023-07-25,2023-07-25 12:02:00,231.52,231.52,231.52,231.52,0.0,40.69,9455.43,0
2023-07-25,2023-07-25 12:03:00,231.52,231.52,231.51,231.51,-0.0,40.69,9455.43,-1
2023-07-25,2023-07-25 12:04:00,231.51,231.51,231.51,231.51,0.0,40.69,9455.43,0
2023-07-25,2023-07-25 12:05:00,231.51,231.51,231.51,231.51,0.0,40.69,9455.43,0
2023-07-25,2023-07-25 12:06:00,231.51,231.51,231.5,231.5,-0.0,40.69,9455.43,-1
2023-07-25,2023-07-25 12:07:00,231.5,231.5,231.5,231.5,0.0,40.69,9455.43,0
2023-07-25,2023-07-25 12:08:00,231.5,231.5,231.5,231.5,0.0,40.69,9455.43,0
2023-07-25,2023-07-25 12:09:00,231.5,231.5,231.5,231.5,0.0,40.69,9455.43,0
2023-07-25,2023-07-25 12:10:00,231.5,231.5,231.49,231.49,-0.0,40.69,9455.43,-1
2023-07-25,2023-07-25 12:11:00,231.49,231.49,231.49,231.49,0.0,40.69,9455.43,0
2023-07-25,2023-07-25 12:12:00,231.49,231.49,231.49,231.49,0.0,40.69,9455.43,0
2023-07-25,2023-07-25 12:13:00,231.49,231.49,231.48,231.48,-0.0,40.69,9455.43,-1
2023-07-25,2023-07-25 12:14:00,231.48,231.48,231.48,231.48,0.0,40.69,9455.43,0
2023-07-25,2023-07-25 12:15:00,231.48,231.48,231.48,231.48,0.0,40.69,9455.43,0
2023-07-25,2023-07-25 12:16:00,231.48,231.48,231.48,231.48,0.0,40.69,9455.43,0
2023-07-25,2023-07-25 12:17:00,231.48,231.48,231.47,231.47,-0.0,40.69,9455.43,-1
2023-07-25,2023-07-25 12:18:00,231.47,231.47,231.47,231.47,0.0,40.69,9455.43,0
2023-07-25,2023-07-25 12:19:00,231.47,231.47,231.47,231.47,0.0,40.69,9455.43,0
2023-07-25,2023-07-25 12:20:00,231.47,231.47,231.46,231.46,-0.0,40.69,9455.43,-1
2023-07-25,2023-07-25 12:21:00,231.46,231.46,231.46,231.46,0.0,40.69,9455.43,0
2023-07-25,2023-07-25 12:22:00,231.46,231.46,231.46,231.46,0.0,40.69,9455.43,0
2023-07-25,2023-07-25 12:23:00,231.46,231.46,231.45,231.45,-0.0,40.69,9455.43,-1
2023-07-25,2023-07-25 12:24:00,231.45,231.45,231.45,231.45,0.0,40.69,9455.43,0
2023-07-25,2023-07-25 12:25:00,231.45,231.45,231.45,231.45,0.0,40.69,9455.43,0
2023-07-25,2023-07-25 12:26:00,231.45,231.45,231.45,231.45,0.0,40.69,9455.43,0
2023-07-25,2023-07-25 12:27:00,231.45,231.45,231.44,231.44,-0.0,40.69,9455.43,-1
2023-07-25,2023-07-25 12:28:00,231.44,231.44,231.44,231.44,0.0,40.69,9455.43,0
2023-07-25,2023-07-25 12:29:00,231.44,231.44,231.44,231.44,0.0,40.69,9455.43,0
2023-07-25,2023-07-25 12:30:00,231.44,231.44,231.43,231.43,-0.0,40.69,9455.43,-1
2023-07-25,2023-07-25 12:31:00,231.43,231.43,231.43,231.43,0.0,40.69,9455.43,0
2023-07-25,2023-07-25 12:32:00,231.43,231.43,231.43,231.43,0.0,40.69,9455.43,0
2023-07-25,2023-07-25 12:33:00,231.43,231.43,231.43,231.43,0.0,40.69,9455.43,0
2023-07-25,2023-07-25 12:34:00,231.43,231.43,231.42,231.42,-0.0,40.69,9455.43,-1
2023-07-25,2023-07-25 12:35:00,231.42,231.42,231.42,231.42,0.0,40.69,9455.43,0
2023-07-25,2023-07-25 12:36:00,231.42,231.42,231.42,231.42,0.0,40.69,9455.43,0
2023-07-25,2023-07-25 12:37:00,231.42,231.42,231.41,231.41,-0.0,40.69,9455.43,-1
2023-07-25,2023-07-25 12:38:00,231.41,231.41,231.41,231.41,0.0,40.69,9455.43,0
2023-07-25,2023-07-25 12:39:00,231.41,231.41,231.41,231.41,0.0,40.69,9455.43,0
2023-07-25,2023-07-25 12:40:00,231.41,231.41,231.41,231.41,0.0,40.69,9455.43,0
2023-07-25,2023-07-25 12:41:00,231.41,231.41,231.4,231.4,-0.0,40.69,9455.43,-1
2023-07-25,2023-07-25 12:42:00,231.4,231.4,231.4,231.4,0.0,40.69,9455.43,0
2023-07-25,2023-07-25 12:43:00,231.4,231.4,231.4,231.4,0.0,40.69,9455.43,0
2023-07-25,2023-07-25 12:44:00,231.4,231.4,231.39,231.39,-0.0,40.69,9455.43,-1
2023-07-25,2023-07-25 12:45:00,231.39,231.39,231.39,231.39,0.0,40.69,9455.43,0
2023-07-25,2023-07-25 12:46:00,231.39,231.39,231.39,231.39,0.0,40.69,9455.43,0
2023-07-25,2023-07-25 12:47:00,231.39,231.39,231.38,231.38,-0.0,40.69,9455.43,-1
2023-07-25,2023-07-25 12:48:00,231.38,231.38,231.38,231.38,0.0,40.69,9455.43,0
2023-07-25,2023-07-25 12:49:00,231.38,231.38,231.38,231.38,0.0,40.69,9455.43,0
2023-07-25,2023-07-25 12:50:00,231.38,231.38,231.38,231.38,0.0,40.69,9455.43,0
2023-07-25,2023-07-25 12:51:00,231.38,231.38,231.37,231.37,-0.0,40.69,9455.43,-1
2023-07-25,2023-07-25 12:52:00,231.37,231.37,231.37,231.37,0.0,40.69,9455.43,0
2023-07-25,2023-07-25 12:53:00,231.37,231.37,231.37,231.37,0.0,40.69,9455.43,0
2023-07-25,2023-07-25 12:54:00,231.37,231.37,231.36,231.36,-0.0,40.69,9455.43,-1
2023-07-25,2023-07-25 12:55:00,231.36,231.36,231.36,231.36,0.0,40.69,9455.43,0
2023-07-25,2023-07-25 12:56:00,231.36,231.36,231.36,231.36,0.0,40.69,9455.43,0
2023-07-25,2023-07-25 12:57:00,231.36,231.36,231.36,231.36,0.0,40.69,9455.43,0
2023-07-25,2023-07-25 12:58:00,231.36,231.36,231.35,231.35,-0.0,40.69,9455.43,-1
2023-07-25,2023-07-25 12:59:00,231.35,231.35,231.35,231.35,0.0,40.69,9455.43,0
2023-07-25,2023-07-25 13:00:00,231.35,239.5,228.6,231.35,0.0,40.69,9455.43,0
2023-07-25,2023-07-25 13:01:00,231.35,231.35,231.34,231.34,-0.0,40.69,9455.43,-1
2023-07-25,2023-07-25 13:02:00,231.34,231.34,231.34,231.34,0.0,40.69,9455.43,0
2023-07-25,2023-07-25 13:03:00,231.34,231.34,231.34,231.34,0.0,40.69,9455.43,0
2023-07-25,2023-07-25 13:04:00,231.34,231.34,231.34,231.34,0.0,40.69,9455.43,0
2023-07-25,2023-07-25 13:05:00,231.34,231.34,231.33,231.33,-0.0,40.69,9455.43,-1
2023-07-25,2023-07-25 13:06:00,231.33,231.33,231.33,231.33,0.0,40.69,9455.43,0
2023-07-25,2023-07-25 13:07:00,231.33,231.33,231.33,231.33,0.0,40.69,9455.43,0
2023-07-25,2023-07-25 13:08:00,231.33,231.33,231.32,231.32,-0.0,40.69,9455.43,-1
2023-07-25,2023-07-25 13:09:00,231.32,231.32,231.32,231.32,0.0,40.69,9455.43,0
2023-07-25,2023-07-25 13:10:00,231.32,231.32,231.32,231.32,0.0,40.69,9455.43,0
2023-07-25,2023-07-25 13:11:00,231.32,231.32,231.31,231.31,-0.0,40.69,9455.43,-1
2023-07-25,2023-07-25 13:12:00,231.31,231.31,231.31,231.31,0.0,40.69,9455.43,0
2023-07-25,2023-07-25 13:13:00,231.31,231.31,231.31,231.31,0.0,40.69,9455.43,0
2023-07-25,2023-07-25 13:14:00,231.31,231.31,231.31,231.31,0.0,40.69,9455.43,0
2023-07-25,2023-07-25 13:15:00,231.31,231.31,231.3,231.3,-0.0,40.69,9455.43,-1
2023-07-25,2023-07-25 13:16:00,231.3,231.3,231.3,231.3,0.0,40.69,9455.43,0
2023-07-25,2023-07-25 13:17:00,231.3,231.3,231.3,231.3,0.0,40.69,9455.43,0
2023-07-25,2023-07-25 13:18:00,231.3,231.3,231.29,231.29,-0.0,40.69,9455.43,-1
2023-07-25,2023-07-25 13:19:00,231.29,231.29,231.29,231.29,0.0,40.69,9455.43,0
2023-07-25,2023-07-25 13:20:00,231.29,231.29,231.29,231.29,0.0,40.69,9455.43,0
2023-07-25,2023-07-25 13:21:00,231.29,231.29,231.29,231.29,0.0,40.69,9455.43,0
2023-07-25,2023-07-25 13:22:00,231.29,231.29,231.28,231.28,-0.0,40.69,9455.43,-1
2023-07-25,2023-07-25 13:23:00,231.28,231.28,231.28,231.28,0.0,40.69,9455.43,0
2023-07-25,2023-07-25 13:24:00,231.28,231.28,231.28,231.28,0.0,40.69,9455.43,0
2023-07-25,2023-07-25 13:25:00,231.28,231.28,231.27,231.27,-0.0,40.69,9455.43,-1
2023-07-25,2023-07-25 13:26:00,231.27,231.27,231.27,231.27,0.0,40.69,9455.43,0
2023-07-25,2023-07-25 13:27:00,231.27,231.27,231.27,231.27,0.0,40.69,9455.43,0
2023-07-25,2023-07-25 13:28:00,231.27,231.27,231.27,231.27,0.0,40.69,9455.43,0
2023-07-25,2023-07-25 13:29:00,231.27,231.27,231.26,231.26,-0.0,40.69,9455.43,-1
2023-07-25,2023-07-25 13:30:00,231.26,231.26,231.26,231.26,0.0,40.69,9455.43,0
2023-07-25,2023-07-25 13:31:00,231.26,231.26,231.26,231.26,0.0,40.69,9455.43,0
2023-07-25,2023-07-25 13:32:00,231.26,231.26,231.25,231.25,-0.0,40.69,9455.43,-1
2023-07-25,2023-07-25 13:33:00,231.25,231.25,231.25,231.25,0.0,40.69,9455.43,0
2023-07-25,2023-07-25 13:34:00,231.25,231.25,231.25,231.25,0.0,40.69,9455.43,0
2023-07-25,2023-07-25 13:35:00,231.25,231.25,231.25,231.25,0.0,40.69,9455.43,0
2023-07-25,2023-07-25 13:36:00,231.25,231.25,231.24,231.24,-0.0,40.69,9455.43,-1
2023-07-25,2023-07-25 13:37:00,231.24,231.24,231.24,231.24,0.0,40.69,9455.43,0
2023-07-25,2023-07-25 13:38:00,231.24,231.24,231.24,231.24,0.0,40.69,9455.43,0
2023-07-25,2023-07-25 13:39:00,231.24,231.24,231.23,231.23,-0.0,40.69,9455.43,-1
2023-07-25,2023-07-25 13:40:00,231.23,231.23,231.23,231.23,0.0,40.69,9455.43,0
2023-07-25,2023-07-25 13:41:00,231.23,231.23,231.23,231.23,0.0,40.69,9455.43,0
2023-07-25,2023-07-25 13:42:00,231.23,231.23,231.22,231.22,-0.0,40.69,9455.43,-1
2023-07-25,2023-07-25 13:43:00,231.22,231.22,231.22,231.22,0.0,40.69,9455.43,0
2023-07-25,2023-07-25 13:44:00,231.22,231.22,231.22,231.22,0.0,40.69,9455.43,0
2023-07-25,2023-07-25 13:45:00,231.22,231.22,231.22,231.22,0.0,40.69,9455.43,0
2023-07-25,2023-07-25 13:46:00,231.22,231.22,231.21,231.21,-0.0,40.69,9455.43,-1
2023-07-25,2023-07-25 13:47:00,231.21,231.21,231.21,231.21,0.0,40.69,9455.43,0
2023-07-25,2023-07-25 13:48:00,231.21,231.21,231.21,231.21,0.0,40.69,9455.43,0
2023-07-25,2023-07-25 13:49:00,231.21,231.21,231.2,231.2,-0.0,40.69,9455.43,-1
2023-07-25,2023-07-25 13:50:00,231.2,231.2,231.2,231.2,0.0,40.69,9455.43,0
2023-07-25,2023-07-25 13:51:00,231.2,231.2,231.2,231.2,0.0,40.69,9455.43,0
2023-07-25,2023-07-25 13:52:00,231.2,231.2,231.2,231.2,0.0,40.69,9455.43,0
2023-07-25,2023-07-25 13:53:00,231.2,231.2,231.19,231.19,-0.0,40.69,9455.43,-1
2023-07-25,2023-07-25 13:54:00,231.19,231.19,231.19,231.19,0.0,40.69,9455.43,0
2023-07-25,2023-07-25 13:55:00,231.19,231.19,231.19,231.19,0.0,40.69,9455.43,0
2023-07-25,2023-07-25 13:56:00,231.19,231.19,231.18,231.18,-0.0,40.69,9455.43,-1
2023-07-25,2023-07-25 13:57:00,231.18,231.18,231.18,231.18,0.0,40.69,9455.43,0
2023-07-25,2023-07-25 13:58:00,231.18,231.18,231.18,231.18,0.0,40.69,9455.43,0
2023-07-25,2023-07-25 13:59:00,231.18,231.18,231.18,231.18,0.0,40.69,9455.43,0
2023-07-25,2023-07-25 14:00:00,231.18,231.18,231.17,231.17,-0.0,40.69,9455.43,-1
2023-07-25,2023-07-25 14:01:00,231.17,231.17,231.17,231.17,0.0,40.69,9455.43,0
2023-07-25,2023-07-25 14:02:00,231.17,231.17,231.17,231.17,0.0,40.69,9455.43,0
2023-07-25,2023-07-25 14:03:00,231.17,231.17,231.16,231.16,-0.0,40.69,9455.43,-1
2023-07-25,2023-07-25 14:04:00,231.16,231.16,231.16,231.16,0.0,40.69,9455.43,0
2023-07-25,2023-07-25 14:05:00,231.16,231.16,231.16,231.16,0.0,40.69,9455.43,0
2023-07-25,2023-07-25 14:06:00,231.16,231.16,231.15,231.15,-0.0,40.69,9455.43,-1
2023-07-25,2023-07-25 14:07:00,231.15,231.15,231.15,231.15,0.0,40.69,9455.43,0
2023-07-25,2023-07-25 14:08:00,231.15,231.15,231.15,231.15,0.0,40.69,9455.43,0
2023-07-25,2023-07-25 14:09:00,231.15,231.15,231.15,231.15,0.0,40.69,9455.43,0
2023-07-25,2023-07-25 14:10:00,231.15,231.15,231.14,231.14,-0.0,40.69,9455.43,-1
2023-07-25,2023-07-25 14:11:00,231.14,231.14,231.14,231.14,0.0,40.69,9455.43,0
2023-07-25,2023-07-25 14:12:00,231.14,231.14,231.14,231.14,0.0,40.69,9455.43,0
2023-07-25,2023-07-25 14:13:00,231.14,231.14,231.13,231.13,-0.0,40.69,9455.43,-1
2023-07-25,2023-07-25 14:14:00,231.13,231.13,231.13,231.13,0.0,40.69,9455.43,0
2023-07-25,2023-07-25 14:15:00,231.13,231.13,231.13,231.13,0.0,40.69,9455.43,0
2023-07-25,2023-07-25 14:16:00,231.13,231.13,231.13,231.13,0.0,40.69,9455.43,0
2023-07-25,2023-07-25 14:17:00,231.13,231.13,231.12,231.12,-0.0,40.69,9455.43,-1
2023-07-25,2023-07-25 14:18:00,231.12,231.12,231.12,231.12,0.0,40.69,9455.43,0
2023-07-25,2023-07-25 14:19:00,231.12,231.12,231.12,231.12,0.0,40.69,9455.43,0
2023-07-25,2023-07-25 14:20:00,231.12,231.12,231.11,231.11,-0.0,40.69,9455.43,-1
2023-07-25,2023-07-25 14:21:00,231.11,231.11,231.11,231.11,0.0,40.69,9455.43,0
2023-07-25,2023-07-25 14:22:00,231.11,231.11,231.11,231.11,0.0,40.69,9455.43,0
2023-07-25,2023-07-25 14:23:00,231.11,231.11,231.1,231.1,-0.0,40.69,9455.43,-1
2023-07-25,2023-07-25 14:24:00,231.1,231.1,231.1,231.1,0.0,40.69,9455.43,0
2023-07-25,2023-07-25 14:25:00,231.1,231.1,231.1,231.1,0.0,40.69,9455.43,0
2023-07-25,2023-07-25 14:26:00,231.1,231.1,231.1,231.1,0.0,40.69,9455.43,0
2023-07-25,2023-07-25 14:27:00,231.1,231.1,231.09,231.09,-0.0,40.69,9455.43,-1
2023-07-25,2023-07-25 14:28:00,231.09,231.09,231.09,231.09,0.0,40.69,9455.43,0
2023-07-25,2023-07-25 14:29:00,231.09,231.09,231.09,231.09,0.0,40.69,9455.43,0
2023-07-25,2023-07-25 14:30:00,231.09,231.09,231.08,231.08,-0.0,40.69,9455.43,-1
2023-07-25,2023-07-25 14:31:00,231.08,231.08,231.08,231.08,0.0,40.69,9455.43,0
2023-07-25,2023-07-25 14:32:00,231.08,231.08,231.08,231.08,0.0,40.69,9455.43,0
2023-07-25,2023-07-25 14:33:00,231.08,231.08,231.08,231.08,0.0,40.69,9455.43,0
2023-07-25,2023-07-25 14:34:00,231.08,231.08,231.07,231.07,-0.0,40.69,9455.43,-1
2023-07-25,2023-07-25 14:35:00,231.07,231.07,231.07,231.07,0.0,40.69,9455.43,0
2023-07-25,2023-07-25 14:36:00,231.07,231.07,231.07,231.07,0.0,40.69,9455.43,0
2023-07-25,2023-07-25 14:37:00,231.07,231.07,231.06,231.06,-0.0,40.69,9455.43,-1
2023-07-25,2023-07-25 14:38:00,231.06,231.06,231.06,231.06,0.0,40.69,9455.43,0
2023-07-25,2023-07-25 14:39:00,231.06,231.06,231.06,231.06,0.0,40.69,9455.43,0
2023-07-25,2023-07-25 14:40:00,231.06,231.06,231.06,231.06,0.0,40.69,9455.43,0
2023-07-25,2023-07-25 14:41:00,231.06,231.06,231.05,231.05,-0.0,40.69,9455.43,-1
2023-07-25,2023-07-25 14:42:00,231.05,231.05,231.05,231.05,0.0,40.69,9455.43,0
2023-07-25,2023-07-25 14:43:00,231.05,231.05,231.05,231.05,0.0,40.69,9455.43,0
2023-07-25,2023-07-25 14:44:00,231.05,231.05,231.04,231.04,-0.0,40.69,9455.43,-1
2023-07-25,2023-07-25 14:45:00,231.04,231.04,231.04,231.04,0.0,40.69,9455.43,0
2023-07-25,2023-07-25 14:46:00,231.04,231.04,231.04,231.04,0.0,40.69,9455.43,0
2023-07-25,2023-07-25 14:47:00,231.04,231.04,231.03,231.03,-0.0,40.69,9455.43,-1
2023-07-25,2023-07-25 14:48:00,231.03,231.03,231.03,231.03,0.0,40.69,9455.43,0
2023-07-25,2023-07-25 14:49:00,231.03,231.03,231.03,231.03,0.0,40.69,9455.43,0
2023-07-25,2023-07-25 14:50:00,231.03,231.03,231.03,231.03,0.0,40.69,9455.43,0
2023-07-25,2023-07-25 14:51:00,231.03,231.03,231.02,231.02,-0.0,40.69,9455.43,-1
2023-07-25,2023-07-25 14:52:00,231.02,231.02,231.02,231.02,0.0,40.69,9455.43,0
2023-07-25,2023-07-25 14:53:00,231.02,231.02,231.02,231.02,0.0,40.69,9455.43,0
2023-07-25,2023-07-25 14:54:00,231.02,231.02,231.01,231.01,-0.0,40.69,9455.43,-1
2023-07-25,2023-07-25 14:55:00,231.01,231.01,231.01,231.01,0.0,40.69,9455.43,0
2023-07-25,2023-07-25 14:56:00,231.01,231.01,231.01,231.01,0.0,40.69,9455.43,0
2023-07-25,2023-07-25 14:57:00,231.01,231.01,231.01,231.01,0.0,40.69,9455.43,0
2023-07-25,2023-07-25 14:58:00,231.01,231.01,231.0,231.0,-0.0,40.69,9455.43,-1
2023-07-25,2023-07-25 14:59:00,231.0,231.0,231.0,231.0,0.0,40.69,9455.43,0
2023-07-25,2023-07-25 15:00:00,231.0,239.5,228.6,231.0,0.0,40.69,9455.43,0
2023-07-26,2023-07-26 11:00:00,230.0,230.6,228.98,230.0,0.0,24.54,5622.13,0
2023-07-26,2023-07-26 11:01:00,230.0,230.01,230.0,230.01,0.0,24.54,5622.13,1
2023-07-26,2023-07-26 11:02:00,230.01,230.01,230.01,230.01,0.0,24.54,5622.13,0
2023-07-26,2023-07-26 11:03:00,230.01,230.02,230.01,230.02,0.0,24.54,5622.13,1
2023-07-26,2023-07-26 11:04:00,230.02,230.02,230.02,230.02,0.0,24.54,5622.13,0
2023-07-26,2023-07-26 11:05:00,230.02,230.03,230.02,230.03,0.0,24.54,5622.13,1
2023-07-26,2023-07-26 11:06:00,230.03,230.03,230.03,230.03,0.0,24.54,5622.13,0
2023-07-26,2023-07-26 11:07:00,230.03,230.03,230.03,230.03,0.0,24.54,5622.13,0
2023-07-26,2023-07-26 11:08:00,230.03,230.04,230.03,230.04,0.0,24.54,5622.13,1
2023-07-26,2023-07-26 11:09:00,230.04,230.04,230.04,230.04,0.0,24.54,5622.13,0
2023-07-26,2023-07-26 11:10:00,230.04,230.05,230.04,230.05,0.0,24.54,5622.13,1
2023-07-26,2023-07-26 11:11:00,230.05,230.05,230.05,230.05,0.0,24.54,5622.13,0
2023-07-26,2023-07-26 11:12:00,230.05,230.05,230.05,230.05,0.0,24.54,5622.13,0
2023-07-26,2023-07-26 11:13:00,230.05,230.06,230.05,230.06,0.0,24.54,5622.13,1
2023-07-26,2023-07-26 11:14:00,230.06,230.06,230.06,230.06,0.0,24.54,5622.13,0
2023-07-26,2023-07-26 11:15:00,230.06,230.07,230.06,230.07,0.0,24.54,5622.13,1
2023-07-26,2023-07-26 11:16:00,230.07,230.07,230.07,230.07,0.0,24.54,5622.13,0
2023-07-26,2023-07-26 11:17:00,230.07,230.07,230.07,230.07,0.0,24.54,5622.13,0
2023-07-26,2023-07-26 11:18:00,230.07,230.08,230.07,230.08,0.0,24.54,5622.13,1
2023-07-26,2023-07-26 11:19:00,230.08,230.08,230.08,230.08,0.0,24.54,5622.13,0
2023-07-26,2023-07-26 11:20:00,230.08,230.09,230.08,230.09,0.0,24.54,5622.13,1
2023-07-26,2023-07-26 11:21:00,230.09,230.09,230.09,230.09,0.0,24.54,5622.13,0
2023-07-26,2023-07-26 11:22:00,230.09,230.1,230.09,230.1,0.0,24.54,5622.13,1
2023-07-26,2023-07-26 11:23:00,230.1,230.1,230.1,230.1,0.0,24.54,5622.13,0
2023-07-26,2023-07-26 11:24:00,230.1,230.1,230.1,230.1,0.0,24.54,5622.13,0
2023-07-26,2023-07-26 11:25:00,230.1,230.11,230.1,230.11,0.0,24.54,5622.13,1
2023-07-26,2023-07-26 11:26:00,230.11,230.11,230.11,230.11,0.0,24.54,5622.13,0
2023-07-26,2023-07-26 11:27:00,230.11,230.12,230.11,230.12,0.0,24.54,5622.13,1
2023-07-26,2023-07-26 11:28:00,230.12,230.12,230.12,230.12,0.0,24.54,5622.13,0
2023-07-26,2023-07-26 11:29:00,230.12,230.12,230.12,230.12,0.0,24.54,5622.13,0
2023-07-26,2023-07-26 11:30:00,230.12,230.13,230.12,230.13,0.0,24.54,5622.13,1
2023-07-26,2023-07-26 11:31:00,230.13,230.13,230.13,230.13,0.0,24.54,5622.13,0
2023-07-26,2023-07-26 11:32:00,230.13,230.14,230.13,230.14,0.0,24.54,5622.13,1
2023-07-26,2023-07-26 11:33:00,230.14,230.14,230.14,230.14,0.0,24.54,5622.13,0
2023-07-26,2023-07-26 11:34:00,230.14,230.15,230.14,230.15,0.0,24.54,5622.13,1
2023-07-26,2023-07-26 11:35:00,230.15,230.15,230.15,230.15,0.0,24.54,5622.13,0
2023-07-26,2023-07-26 11:36:00,230.15,230.15,230.15,230.15,0.0,24.54,5622.13,0
2023-07-26,2023-07-26 11:37:00,230.15,230.16,230.15,230.16,0.0,24.54,5622.13,1
2023-07-26,2023-07-26 11:38:00,230.16,230.16,230.16,230.16,0.0,24.54,5622.13,0
2023-07-26,2023-07-26 11:39:00,230.16,230.17,230.16,230.17,0.0,24.54,5622.13,1
2023-07-26,2023-07-26 11:40:00,230.17,230.17,230.17,230.17,0.0,24.54,5622.13,0
2023-07-26,2023-07-26 11:41:00,230.17,230.18,230.17,230.18,0.0,24.54,5622.13,1
2023-07-26,2023-07-26 11:42:00,230.18,230.18,230.18,230.18,0.0,24.54,5622.13,0
2023-07-26,2023-07-26 11:43:00,230.18,230.18,230.18,230.18,0.0,24.54,5622.13,0
2023-07-26,2023-07-26 11:44:00,230.18,230.19,230.18,230.19,0.0,24.54,5622.13,1
2023-07-26,2023-07-26 11:45:00,230.19,230.19,230.19,230.19,0.0,24.54,5622.13,0
2023-07-26,2023-07-26 11:46:00,230.19,230.2,230.19,230.2,0.0,24.54,5622.13,1
2023-07-26,2023-07-26 11:47:00,230.2,230.2,230.2,230.2,0.0,24.54,5622.13,0
2023-07-26,2023-07-26 11:48:00,230.2,230.2,230.2,230.2,0.0,24.54,5622.13,0
2023-07-26,2023-07-26 11:49:00,230.2,230.21,230.2,230.21,0.0,24.54,5622.13,1
2023-07-26,2023-07-26 11:50:00,230.21,230.21,230.21,230.21,0.0,24.54,5622.13,0
2023-07-26,2023-07-26 11:51:00,230.21,230.22,230.21,230.22,0.0,24.54,5622.13,1
2023-07-26,2023-07-26 11:52:00,230.22,230.22,230.22,230.22,0.0,24.54,5622.13,0
2023-07-26,2023-07-26 11:53:00,230.22,230.22,230.22,230.22,0.0,24.54,5622.13,0
2023-07-26,2023-07-26 11:54:00,230.22,230.23,230.22,230.23,0.0,24.54,5622.13,1
2023-07-26,2023-07-26 11:55:00,230.23,230.23,230.23,230.23,0.0,24.54,5622.13,0
2023-07-26,2023-07-26 11:56:00,230.23,230.24,230.23,230.24,0.0,24.54,5622.13,1
2023-07-26,2023-07-26 11:57:00,230.24,230.24,230.24,230.24,0.0,24.54,5622.13,0
2023-07-26,2023-07-26 11:58:00,230.24,230.25,230.24,230.25,0.0,24.54,5622.13,1
2023-07-26,2023-07-26 11:59:00,230.25,230.25,230.25,230.25,0.0,24.54,5622.13,0
2023-07-26,2023-07-26 12:00:00,230.25,230.25,230.25,230.25,0.0,24.54,5622.13,0
2023-07-26,2023-07-26 12:01:00,230.25,230.26,230.25,230.26,0.0,24.54,5622.13,1
2023-07-26,2023-07-26 12:02:00,230.26,230.26,230.26,230.26,0.0,24.54,5622.13,0
2023-07-26,2023-07-26 12:03:00,230.26,230.27,230.26,230.27,0.0,24.54,5622.13,1
2023-07-26,2023-07-26 12:04:00,230.27,230.27,230.27,230.27,0.0,24.54,5622.13,0
2023-07-26,2023-07-26 12:05:00,230.27,230.28,230.27,230.28,0.0,24.54,5622.13,1
2023-07-26,2023-07-26 12:06:00,230.28,230.28,230.28,230.28,0.0,24.54,5622.13,0
2023-07-26,2023-07-26 12:07:00,230.28,230.28,230.28,230.28,0.0,24.54,5622.13,0
2023-07-26,2023-07-26 12:08:00,230.28,230.29,230.28,230.29,0.0,24.54,5622.13,1
2023-07-26,2023-07-26 12:09:00,230.29,230.29,230.29,230.29,0.0,24.54,5622.13,0
2023-07-26,2023-07-26 12:10:00,230.29,230.3,230.29,230.3,0.0,24.54,5622.13,1
2023-07-26,2023-07-26 12:11:00,230.3,230.3,230.3,230.3,0.0,24.54,5622.13,0
2023-07-26,2023-07-26 12:12:00,230.3,230.3,230.3,230.3,0.0,24.54,5622.13,0
2023-07-26,2023-07-26 12:13:00,230.3,230.31,230.3,230.31,0.0,24.54,5622.13,1
2023-07-26,2023-07-26 12:14:00,230.31,230.31,230.31,230.31,0.0,24.54,5622.13,0
2023-07-26,2023-07-26 12:15:00,230.31,230.32,230.31,230.32,0.0,24.54,5622.13,1
2023-07-26,2023-07-26 12:16:00,230.32,230.32,230.32,230.32,0.0,24.54,5622.13,0
2023-07-26,2023-07-26 12:17:00,230.32,230.32,230.32,230.32,0.0,24.54,5622.13,0
2023-07-26,2023-07-26 12:18:00,230.32,230.33,230.32,230.33,0.0,24.54,5622.13,1
2023-07-26,2023-07-26 12:19:00,230.33,230.33,230.33,230.33,0.0,24.54,5622.13,0
2023-07-26,2023-07-26 12:20:00,230.33,230.34,230.33,230.34,0.0,24.54,5622.13,1
2023-07-26,2023-07-26 12:21:00,230.34,230.34,230.34,230.34,0.0,24.54,5622.13,0
2023-07-26,2023-07-26 12:22:00,230.34,230.35,230.34,230.35,0.0,24.54,5622.13,1
2023-07-26,2023-07-26 12:23:00,230.35,230.35,230.35,230.35,0.0,24.54,5622.13,0
2023-07-26,2023-07-26 12:24:00,230.35,230.35,230.35,230.35,0.0,24.54,5622.13,0
2023-07-26,2023-07-26 12:25:00,230.35,230.36,230.35,230.36,0.0,24.54,5622.13,1
2023-07-26,2023-07-26 12:26:00,230.36,230.36,230.36,230.36,0.0,24.54,5622.13,0
2023-07-26,2023-07-26 12:27:00,230.36,230.37,230.36,230.37,0.0,24.54,5622.13,1
2023-07-26,2023-07-26 12:28:00,230.37,230.37,230.37,230.37,0.0,24.54,5622.13,0
2023-07-26,2023-07-26 12:29:00,230.37,230.38,230.37,230.38,0.0,24.54,5622.13,1
2023-07-26,2023-07-26 12:30:00,230.38,230.38,230.38,230.38,0.0,24.54,5622.13,0
2023-07-26,2023-07-26 12:31:00,230.38,230.38,230.38,230.38,0.0,24.54,5622.13,0
2023-07-26,2023-07-26 12:32:00,230.38,230.39,230.38,230.39,0.0,24.54,5622.13,1
2023-07-26,2023-07-26 12:33:00,230.39,230.39,230.39,230.39,0.0,24.54,5622.13,0
2023-07-26,2023-07-26 12:34:00,230.39,230.4,230.39,230.4,0.0,24.54,5622.13,1
2023-07-26,2023-07-26 12:35:00,230.4,230.4,230.4,230.4,0.0,24.54,5622.13,0
2023-07-26,2023-07-26 12:36:00,230.4,230.4,230.4,230.4,0.0,24.54,5622.13,0
2023-07-26,2023-07-26 12:37:00,230.4,230.41,230.4,230.41,0.0,24.54,5622.13,1
2023-07-26,2023-07-26 12:38:00,230.41,230.41,230.41,230.41,0.0,24.54,5622.13,0
2023-07-26,2023-07-26 12:39:00,230.41,230.42,230.41,230.42,0.0,24.54,5622.13,1
2023-07-26,2023-07-26 12:40:00,230.42,230.42,230.42,230.42,0.0,24.54,5622.13,0
2023-07-26,2023-07-26 12:41:00,230.42,230.43,230.42,230.43,0.0,24.54,5622.13,1
2023-07-26,2023-07-26 12:42:00,230.43,230.43,230.43,230.43,0.0,24.54,5622.13,0
2023-07-26,2023-07-26 12:43:00,230.43,230.43,230.43,230.43,0.0,24.54,5622.13,0
2023-07-26,2023-07-26 12:44:00,230.43,230.44,230.43,230.44,0.0,24.54,5622.13,1
2023-07-26,2023-07-26 12:45:00,230.44,230.44,230.44,230.44,0.0,24.54,5622.13,0
2023-07-26,2023-07-26 12:46:00,230.44,230.45,230.44,230.45,0.0,24.54,5622.13,1
2023-07-26,2023-07-26 12:47:00,230.45,230.45,230.45,230.45,0.0,24.54,5622.13,0
2023-07-26,2023-07-26 12:48:00,230.45,230.45,230.45,230.45,0.0,24.54,5622.13,0
2023-07-26,2023-07-26 12:49:00,230.45,230.46,230.45,230.46,0.0,24.54,5622.13,1
2023-07-26,2023-07-26 12:50:00,230.46,230.46,230.46,230.46,0.0,24.54,5622.13,0
2023-07-26,2023-07-26 12:51:00,230.46,230.47,230.46,230.47,0.0,24.54,5622.13,1
2023-07-26,2023-07-26 12:52:00,230.47,230.47,230.47,230.47,0.0,24.54,5622.13,0
2023-07-26,2023-07-26 12:53:00,230.47,230.47,230.47,230.47,0.0,24.54,5622.13,0
2023-07-26,2023-07-26 12:54:00,230.47,230.48,230.47,230.48,0.0,24.54,5622.13,1
2023-07-26,2023-07-26 12:55:00,230.48,230.48,230.48,230.48,0.0,24.54,5622.13,0
2023-07-26,2023-07-26 12:56:00,230.48,230.49,230.48,230.49,0.0,24.54,5622.13,1
2023-07-26,2023-07-26 12:57:00,230.49,230.49,230.49,230.49,0.0,24.54,5622.13,0
2023-07-26,2023-07-26 12:58:00,230.49,230.5,230.49,230.5,0.0,24.54,5622.13,1
2023-07-26,2023-07-26 12:59:00,230.5,230.5,230.5,230.5,0.0,24.54,5622.13,0
2023-07-26,2023-07-26 13:00:00,230.5,232.0,226.6,230.5,0.0,24.54,5622.13,0
2023-07-26,2023-07-26 13:01:00,230.5,230.51,230.5,230.51,0.0,24.54,5622.13,1
2023-07-26,2023-07-26 13:02:00,230.51,230.51,230.51,230.51,0.0,24.54,5622.13,0
2023-07-26,2023-07-26 13:03:00,230.51,230.52,230.51,230.52,0.0,24.54,5622.13,1
2023-07-26,2023-07-26 13:04:00,230.52,230.52,230.52,230.52,0.0,24.54,5622.13,0
2023-07-26,2023-07-26 13:05:00,230.52,230.53,230.52,230.53,0.0,24.54,5622.13,1
2023-07-26,2023-07-26 13:06:00,230.53,230.53,230.53,230.53,0.0,24.54,5622.13,0
2023-07-26,2023-07-26 13:07:00,230.53,230.53,230.53,230.53,0.0,24.54,5622.13,0
2023-07-26,2023-07-26 13:08:00,230.53,230.54,230.53,230.54,0.0,24.54,5622.13,1
2023-07-26,2023-07-26 13:09:00,230.54,230.54,230.54,230.54,0.0,24.54,5622.13,0
2023-07-26,2023-07-26 13:10:00,230.54,230.55,230.54,230.55,0.0,24.54,5622.13,1
2023-07-26,2023-07-26 13:11:00,230.55,230.55,230.55,230.55,0.0,24.54,5622.13,0
2023-07-26,2023-07-26 13:12:00,230.55,230.55,230.55,230.55,0.0,24.54,5622.13,0
2023-07-26,2023-07-26 13:13:00,230.55,230.56,230.55,230.56,0.0,24.54,5622.13,1
2023-07-26,2023-07-26 13:14:00,230.56,230.56,230.56,230.56,0.0,24.54,5622.13,0
2023-07-26,2023-07-26 13:15:00,230.56,230.57,230.56,230.57,0.0,24.54,5622.13,1
2023-07-26,2023-07-26 13:16:00,230.57,230.57,230.57,230.57,0.0,24.54,5622.13,0
2023-07-26,2023-07-26 13:17:00,230.57,230.57,230.57,230.57,0.0,24.54,5622.13,0
2023-07-26,2023-07-26 13:18:00,230.57,230.58,230.57,230.58,0.0,24.54,5622.13,1
2023-07-26,2023-07-26 13:19:00,230.58,230.58,230.58,230.58,0.0,24.54,5622.13,0
2023-07-26,2023-07-26 13:20:00,230.58,230.59,230.58,230.59,0.0,24.54,5622.13,1
2023-07-26,2023-07-26 13:21:00,230.59,230.59,230.59,230.59,0.0,24.54,5622.13,0
2023-07-26,2023-07-26 13:22:00,230.59,230.6,230.59,230.6,0.0,24.54,5622.13,1
2023-07-26,2023-07-26 13:23:00,230.6,230.6,230.6,230.6,0.0,24.54,5622.13,0
2023-07-26,2023-07-26 13:24:00,230.6,230.6,230.6,230.6,0.0,24.54,5622.13,0
2023-07-26,2023-07-26 13:25:00,230.6,230.61,230.6,230.61,0.0,24.54,5622.13,1
2023-07-26,2023-07-26 13:26:00,230.61,230.61,230.61,230.61,0.0,24.54,5622.13,0
2023-07-26,2023-07-26 13:27:00,230.61,230.62,230.61,230.62,0.0,24.54,5622.13,1
2023-07-26,2023-07-26 13:28:00,230.62,230.62,230.62,230.62,0.0,24.54,5622.13,0
2023-07-26,2023-07-26 13:29:00,230.62,230.62,230.62,230.62,0.0,24.54,5622.13,0
2023-07-26,2023-07-26 13:30:00,230.62,230.63,230.62,230.63,0.0,24.54,5622.13,1
2023-07-26,2023-07-26 13:31:00,230.63,230.63,230.63,230.63,0.0,24.54,5622.13,0
2023-07-26,2023-07-26 13:32:00,230.63,230.64,230.63,230.64,0.0,24.54,5622.13,1
2023-07-26,2023-07-26 13:33:00,230.64,230.64,230.64,230.64,0.0,24.54,5622.13,0
2023-07-26,2023-07-26 13:34:00,230.64,230.65,230.64,230.65,0.0,24.54,5622.13,1
2023-07-26,2023-07-26 13:35:00,230.65,230.65,230.65,230.65,0.0,24.54,5622.13,0
2023-07-26,2023-07-26 13:36:00,230.65,230.65,230.65,230.65,0.0,24.54,5622.13,0
2023-07-26,2023-07-26 13:37:00,230.65,230.66,230.65,230.66,0.0,24.54,5622.13,1
2023-07-26,2023-07-26 13:38:00,230.66,230.66,230.66,230.66,0.0,24.54,5622.13,0
2023-07-26,2023-07-26 13:39:00,230.66,230.67,230.66,230.67,0.0,24.54,5622.13,1
2023-07-26,2023-07-26 13:40:00,230.67,230.67,230.67,230.67,0.0,24.54,5622.13,0
2023-07-26,2023-07-26 13:41:00,230.67,230.68,230.67,230.68,0.0,24.54,5622.13,1
2023-07-26,2023-07-26 13:42:00,230.68,230.68,230.68,230.68,0.0,24.54,5622.13,0
2023-07-26,2023-07-26 13:43:00,230.68,230.68,230.68,230.68,0.0,24.54,5622.13,0
2023-07-26,2023-07-26 13:44:00,230.68,230.69,230.68,230.69,0.0,24.54,5622.13,1
2023-07-26,2023-07-26 13:45:00,230.69,230.69,230.69,230.69,0.0,24.54,5622.13,0
2023-07-26,2023-07-26 13:46:00,230.69,230.7,230.69,230.7,0.0,24.54,5622.13,1
2023-07-26,2023-07-26 13:47:00,230.7,230.7,230.7,230.7,0.0,24.54,5622.13,0
2023-07-26,2023-07-26 13:48:00,230.7,230.7,230.7,230.7,0.0,24.54,5622.13,0
2023-07-26,2023-07-26 13:49:00,230.7,230.71,230.7,230.71,0.0,24.54,5622.13,1
2023-07-26,2023-07-26 13:50:00,230.71,230.71,230.71,230.71,0.0,24.54,5622.13,0
2023-07-26,2023-07-26 13:51:00,230.71,230.72,230.71,230.72,0.0,24.54,5622.13,1
2023-07-26,2023-07-26 13:52:00,230.72,230.72,230.72,230.72,0.0,24.54,5622.13,0
2023-07-26,2023-07-26 13:53:00,230.72,230.72,230.72,230.72,0.0,24.54,5622.13,0
2023-07-26,2023-07-26 13:54:00,230.72,230.73,230.72,230.73,0.0,24.54,5622.13,1
2023-07-26,2023-07-26 13:55:00,230.73,230.73,230.73,230.73,0.0,24.54,5622.13,0
2023-07-26,2023-07-26 13:56:00,230.73,230.74,230.73,230.74,0.0,24.54,5622.13,1
2023-07-26,2023-07-26 13:57:00,230.74,230.74,230.74,230.74,0.0,24.54,5622.13,0
2023-07-26,2023-07-26 13:58:00,230.74,230.75,230.74,230.75,0.0,24.54,5622.13,1
2023-07-26,2023-07-26 13:59:00,230.75,230.75,230.75,230.75,0.0,24.54,5622.13,0
2023-07-26,2023-07-26 14:00:00,230.75,230.75,230.75,230.75,0.0,24.54,5622.13,0
2023-07-26,2023-07-26 14:01:00,230.75,230.76,230.75,230.76,0.0,24.54,5622.13,1
2023-07-26,2023-07-26 14:02:00,230.76,230.76,230.76,230.76,0.0,24.54,5622.13,0
2023-07-26,2023-07-26 14:03:00,230.76,230.77,230.76,230.77,0.0,24.54,5622.13,1
2023-07-26,2023-07-26 14:04:00,230.77,230.77,230.77,230.77,0.0,24.54,5622.13,0
2023-07-26,2023-07-26 14:05:00,230.77,230.78,230.77,230.78,0.0,24.54,5622.13,1
2023-07-26,2023-07-26 14:06:00,230.78,230.78,230.78,230.78,0.0,24.54,5622.13,0
2023-07-26,2023-07-26 14:07:00,230.78,230.78,230.78,230.78,0.0,24.54,5622.13,0
2023-07-26,2023-07-26 14:08:00,230.78,230.79,230.78,230.79,0.0,24.54,5622.13,1
2023-07-26,2023-07-26 14:09:00,230.79,230.79,230.79,230.79,0.0,24.54,5622.13,0
2023-07-26,2023-07-26 14:10:00,230.79,230.8,230.79,230.8,0.0,24.54,5622.13,1
2023-07-26,2023-07-26 14:11:00,230.8,230.8,230.8,230.8,0.0,24.54,5622.13,0
2023-07-26,2023-07-26 14:12:00,230.8,230.8,230.8,230.8,0.0,24.54,5622.13,0
2023-07-26,2023-07-26 14:13:00,230.8,230.81,230.8,230.81,0.0,24.54,5622.13,1
2023-07-26,2023-07-26 14:14:00,230.81,230.81,230.81,230.81,0.0,24.54,5622.13,0
2023-07-26,2023-07-26 14:15:00,230.81,230.82,230.81,230.82,0.0,24.54,5622.13,1
2023-07-26,2023-07-26 14:16:00,230.82,230.82,230.82,230.82,0.0,24.54,5622.13,0
2023-07-26,2023-07-26 14:17:00,230.82,230.82,230.82,230.82,0.0,24.54,5622.13,0
2023-07-26,2023-07-26 14:18:00,230.82,230.83,230.82,230.83,0.0,24.54,5622.13,1
2023-07-26,2023-07-26 14:19:00,230.83,230.83,230.83,230.83,0.0,24.54,5622.13,0
2023-07-26,2023-07-26 14:20:00,230.83,230.84,230.83,230.84,0.0,24.54,5622.13,1
2023-07-26,2023-07-26 14:21:00,230.84,230.84,230.84,230.84,0.0,24.54,5622.13,0
2023-07-26,2023-07-26 14:22:00,230.84,230.85,230.84,230.85,0.0,24.54,5622.13,1
2023-07-26,2023-07-26 14:23:00,230.85,230.85,230.85,230.85,0.0,24.54,5622.13,0
2023-07-26,2023-07-26 14:24:00,230.85,230.85,230.85,230.85,0.0,24.54,5622.13,0
2023-07-26,2023-07-26 14:25:00,230.85,230.86,230.85,230.86,0.0,24.54,5622.13,1
2023-07-26,2023-07-26 14:26:00,230.86,230.86,230.86,230.86,0.0,24.54,5622.13,0
2023-07-26,2023-07-26 14:27:00,230.86,230.87,230.86,230.87,0.0,24.54,5622.13,1
2023-07-26,2023-07-26 14:28:00,230.87,230.87,230.87,230.87,0.0,24.54,5622.13,0
2023-07-26,2023-07-26 14:29:00,230.87,230.88,230.87,230.88,0.0,24.54,5622.13,1
2023-07-26,2023-07-26 14:30:00,230.88,230.88,230.88,230.88,0.0,24.54,5622.13,0
2023-07-26,2023-07-26 14:31:00,230.88,230.88,230.88,230.88,0.0,24.54,5622.13,0
2023-07-26,2023-07-26 14:32:00,230.88,230.89,230.88,230.89,0.0,24.54,5622.13,1
2023-07-26,2023-07-26 14:33:00,230.89,230.89,230.89,230.89,0.0,24.54,5622.13,0
2023-07-26,2023-07-26 14:34:00,230.89,230.9,230.89,230.9,0.0,24.54,5622.13,1
2023-07-26,2023-07-26 14:35:00,230.9,230.9,230.9,230.9,0.0,24.54,5622.13,0
2023-07-26,2023-07-26 14:36:00,230.9,230.9,230.9,230.9,0.0,24.54,5622.13,0
2023-07-26,2023-07-26 14:37:00,230.9,230.91,230.9,230.91,0.0,24.54,5622.13,1
2023-07-26,2023-07-26 14:38:00,230.91,230.91,230.91,230.91,0.0,24.54,5622.13,0
2023-07-26,2023-07-26 14:39:00,230.91,230.92,230.91,230.92,0.0,24.54,5622.13,1
2023-07-26,2023-07-26 14:40:00,230.92,230.92,230.92,230.92,0.0,24.54,5622.13,0
2023-07-26,2023-07-26 14:41:00,230.92,230.93,230.92,230.93,0.0,24.54,5622.13,1
2023-07-26,2023-07-26 14:42:00,230.93,230.93,230.93,230.93,0.0,24.54,5622.13,0
2023-07-26,2023-07-26 14:43:00,230.93,230.93,230.93,230.93,0.0,24.54,5622.13,0
2023-07-26,2023-07-26 14:44:00,230.93,230.94,230.93,230.94,0.0,24.54,5622.13,1
2023-07-26,2023-07-26 14:45:00,230.94,230.94,230.94,230.94,0.0,24.54,5622.13,0
2023-07-26,2023-07-26 14:46:00,230.94,230.95,230.94,230.95,0.0,24.54,5622.13,1
2023-07-26,2023-07-26 14:47:00,230.95,230.95,230.95,230.95,0.0,24.54,5622.13,0
2023-07-26,2023-07-26 14:48:00,230.95,230.95,230.95,230.95,0.0,24.54,5622.13,0
2023-07-26,2023-07-26 14:49:00,230.95,230.96,230.95,230.96,0.0,24.54,5622.13,1
2023-07-26,2023-07-26 14:50:00,230.96,230.96,230.96,230.96,0.0,24.54,5622.13,0
2023-07-26,2023-07-26 14:51:00,230.96,230.97,230.96,230.97,0.0,24.54,5622.13,1
2023-07-26,2023-07-26 14:52:00,230.97,230.97,230.97,230.97,0.0,24.54,5622.13,0
2023-07-26,2023-07-26 14:53:00,230.97,230.97,230.97,230.97,0.0,24.54,5622.13,0
2023-07-26,2023-07-26 14:54:00,230.97,230.98,230.97,230.98,0.0,24.54,5622.13,1
2023-07-26,2023-07-26 14:55:00,230.98,230.98,230.98,230.98,0.0,24.54,5622.13,0
2023-07-26,2023-07-26 14:56:00,230.98,230.99,230.98,230.99,0.0,24.54,5622.13,1
2023-07-26,2023-07-26 14:57:00,230.99,230.99,230.99,230.99,0.0,24.54,5622.13,0
2023-07-26,2023-07-26 14:58:00,230.99,231.0,230.99,231.0,0.0,24.54,5622.13,1
2023-07-26,2023-07-26 14:59:00,231.0,231.0,231.0,231.0,0.0,24.54,5622.13,0
2023-07-26,2023-07-26 15:00:00,231.0,232.0,226.6,231.0,0.0,24.54,5622.13,0
2023-07-27,2023-07-27 11:00:00,227.1,228.27,226.89,227.1,0.0,15.52,3545.09,0
2023-07-27,2023-07-27 11:01:00,227.1,227.1,227.09,227.09,-0.0,15.52,3545.09,-1
2023-07-27,2023-07-27 11:02:00,227.09,227.09,227.09,227.09,0.0,15.52,3545.09,0
2023-07-27,2023-07-27 11:03:00,227.09,227.09,227.09,227.09,0.0,15.52,3545.09,0
2023-07-27,2023-07-27 11:04:00,227.09,227.09,227.09,227.09,0.0,15.52,3545.09,0
2023-07-27,2023-07-27 11:05:00,227.09,227.09,227.09,227.09,0.0,15.52,3545.09,0
2023-07-27,2023-07-27 11:06:00,227.09,227.09,227.08,227.08,-0.0,15.52,3545.09,-1
2023-07-27,2023-07-27 11:07:00,227.08,227.08,227.08,227.08,0.0,15.52,3545.09,0
2023-07-27,2023-07-27 11:08:00,227.08,227.08,227.08,227.08,0.0,15.52,3545.09,0
2023-07-27,2023-07-27 11:09:00,227.08,227.08,227.07,227.07,-0.0,15.52,3545.09,-1
2023-07-27,2023-07-27 11:10:00,227.07,227.07,227.07,227.07,0.0,15.52,3545.09,0
2023-07-27,2023-07-27 11:11:00,227.07,227.07,227.07,227.07,0.0,15.52,3545.09,0
2023-07-27,2023-07-27 11:12:00,227.07,227.07,227.07,227.07,0.0,15.52,3545.09,0
2023-07-27,2023-07-27 11:13:00,227.07,227.07,227.06,227.06,-0.0,15.52,3545.09,-1
2023-07-27,2023-07-27 11:14:00,227.06,227.06,227.06,227.06,0.0,15.52,3545.09,0
2023-07-27,2023-07-27 11:15:00,227.06,227.06,227.06,227.06,0.0,15.52,3545.09,0
2023-07-27,2023-07-27 11:16:00,227.06,227.06,227.06,227.06,0.0,15.52,3545.09,0
2023-07-27,2023-07-27 11:17:00,227.06,227.06,227.06,227.06,0.0,15.52,3545.09,0
2023-07-27,2023-07-27 11:18:00,227.06,227.06,227.05,227.05,-0.0,15.52,3545.09,-1
2023-07-27,2023-07-27 11:19:00,227.05,227.05,227.05,227.05,0.0,15.52,3545.09,0
2023-07-27,2023-07-27 11:20:00,227.05,227.05,227.05,227.05,0.0,15.52,3545.09,0
2023-07-27,2023-07-27 11:21:00,227.05,227.05,227.04,227.04,-0.0,15.52,3545.09,-1
2023-07-27,2023-07-27 11:22:00,227.04,227.04,227.04,227.04,0.0,15.52,3545.09,0
2023-07-27,2023-07-27 11:23:00,227.04,227.04,227.04,227.04,0.0,15.52,3545.09,0
2023-07-27,2023-07-27 11:24:00,227.04,227.04,227.04,227.04,0.0,15.52,3545.09,0
2023-07-27,2023-07-27 11:25:00,227.04,227.04,227.03,227.03,-0.0,15.52,3545.09,-1
2023-07-27,2023-07-27 11:26:00,227.03,227.03,227.03,227.03,0.0,15.52,3545.09,0
2023-07-27,2023-07-27 11:27:00,227.03,227.03,227.03,227.03,0.0,15.52,3545.09,0
2023-07-27,2023-07-27 11:28:00,227.03,227.03,227.03,227.03,0.0,15.52,3545.09,0
2023-07-27,2023-07-27 11:29:00,227.03,227.03,227.03,227.03,0.0,15.52,3545.09,0
2023-07-27,2023-07-27 11:30:00,227.03,227.03,227.02,227.02,-0.0,15.52,3545.09,-1
2023-07-27,2023-07-27 11:31:00,227.02,227.02,227.02,227.02,0.0,15.52,3545.09,0
2023-07-27,2023-07-27 11:32:00,227.02,227.02,227.02,227.02,0.0,15.52,3545.09,0
2023-07-27,2023-07-27 11:33:00,227.02,227.02,227.01,227.01,-0.0,15.52,3545.09,-1
2023-07-27,2023-07-27 11:34:00,227.01,227.01,227.01,227.01,0.0,15.52,3545.09,0
2023-07-27,2023-07-27 11:35:00,227.01,227.01,227.01,227.01,0.0,15.52,3545.09,0
2023-07-27,2023-07-27 11:36:00,227.01,227.01,227.01,227.01,0.0,15.52,3545.09,0
2023-07-27,2023-07-27 11:37:00,227.01,227.01,227.0,227.0,-0.0,15.52,3545.09,-1
2023-07-27,2023-07-27 11:38:00,227.0,227.0,227.0,227.0,0.0,15.52,3545.09,0
2023-07-27,2023-07-27 11:39:00,227.0,227.0,227.0,227.0,0.0,15.52,3545.09,0
2023-07-27,2023-07-27 11:40:00,227.0,227.0,227.0,227.0,0.0,15.52,3545.09,0
2023-07-27,2023-07-27 11:41:00,227.0,227.0,227.0,227.0,0.0,15.52,3545.09,0
2023-07-27,2023-07-27 11:42:00,227.0,227.0,226.99,226.99,-0.0,15.52,3545.09,-1
2023-07-27,2023-07-27 11:43:00,226.99,226.99,226.99,226.99,0.0,15.52,3545.09,0
2023-07-27,2023-07-27 11:44:00,226.99,226.99,226.99,226.99,0.0,15.52,3545.09,0
2023-07-27,2023-07-27 11:45:00,226.99,226.99,226.98,226.98,-0.0,15.52,3545.09,-1
2023-07-27,2023-07-27 11:46:00,226.98,226.98,226.98,226.98,0.0,15.52,3545.09,0
2023-07-27,2023-07-27 11:47:00,226.98,226.98,226.98,226.98,0.0,15.52,3545.09,0
2023-07-27,2023-07-27 11:48:00,226.98,226.98,226.98,226.98,0.0,15.52,3545.09,0
2023-07-27,2023-07-27 11:49:00,226.98,226.98,226.97,226.97,-0.0,15.52,3545.09,-1
2023-07-27,2023-07-27 11:50:00,226.97,226.97,226.97,226.97,0.0,15.52,3545.09,0
2023-07-27,2023-07-27 11:51:00,226.97,226.97,226.97,226.97,0.0,15.52,3545.09,0
2023-07-27,2023-07-27 11:52:00,226.97,226.97,226.97,226.97,0.0,15.52,3545.09,0
2023-07-27,2023-07-27 11:53:00,226.97,226.97,226.97,226.97,0.0,15.52,3545.09,0
2023-07-27,2023-07-27 11:54:00,226.97,226.97,226.96,226.96,-0.0,15.52,3545.09,-1
2023-07-27,2023-07-27 11:55:00,226.96,226.96,226.96,226.96,0.0,15.52,3545.09,0
2023-07-27,2023-07-27 11:56:00,226.96,226.96,226.96,226.96,0.0,15.52,3545.09,0
2023-07-27,2023-07-27 11:57:00,226.96,226.96,226.95,226.95,-0.0,15.52,3545.09,-1
2023-07-27,2023-07-27 11:58:00,226.95,226.95,226.95,226.95,0.0,15.52,3545.09,0
2023-07-27,2023-07-27 11:59:00,226.95,226.95,226.95,226.95,0.0,15.52,3545.09,0
2023-07-27,2023-07-27 12:00:00,226.95,226.95,226.95,226.95,0.0,15.52,3545.09,0
2023-07-27,2023-07-27 12:01:00,226.95,226.95,226.94,226.94,-0.0,15.52,3545.09,-1
2023-07-27,2023-07-27 12:02:00,226.94,226.94,226.94,226.94,0.0,15.52,3545.09,0
2023-07-27,2023-07-27 12:03:00,226.94,226.94,226.94,226.94,0.0,15.52,3545.09,0
2023-07-27,2023-07-27 12:04:00,226.94,226.94,226.94,226.94,0.0,15.52,3545.09,0
2023-07-27,2023-07-27 12:05:00,226.94,226.94,226.94,226.94,0.0,15.52,3545.09,0
2023-07-27,2023-07-27 12:06:00,226.94,226.94,226.93,226.93,-0.0,15.52,3545.09,-1
2023-07-27,2023-07-27 12:07:00,226.93,226.93,226.93,226.93,0.0,15.52,3545.09,0
2023-07-27,2023-07-27 12:08:00,226.93,226.93,226.93,226.93,0.0,15.52,3545.09,0
2023-07-27,2023-07-27 12:09:00,226.93,226.93,226.92,226.92,-0.0,15.52,3545.09,-1
2023-07-27,2023-07-27 12:10:00,226.92,226.92,226.92,226.92,0.0,15.52,3545.09,0
2023-07-27,2023-07-27 12:11:00,226.92,226.92,226.92,226.92,0.0,15.52,3545.09,0
2023-07-27,2023-07-27 12:12:00,226.92,226.92,226.92,226.92,0.0,15.52,3545.09,0
2023-07-27,2023-07-27 12:13:00,226.92,226.92,226.91,226.91,-0.0,15.52,3545.09,-1
2023-07-27,2023-07-27 12:14:00,226.91,226.91,226.91,226.91,0.0,15.52,3545.09,0
2023-07-27,2023-07-27 12:15:00,226.91,226.91,226.91,226.91,0.0,15.52,3545.09,0
2023-07-27,2023-07-27 12:16:00,226.91,226.91,226.91,226.91,0.0,15.52,3545.09,0
2023-07-27,2023-07-27 12:17:00,226.91,226.91,226.91,226.91,0.0,15.52,3545.09,0
2023-07-27,2023-07-27 12:18:00,226.91,226.91,226.9,226.9,-0.0,15.52,3545.09,-1
2023-07-27,2023-07-27 12:19:00,226.9,226.9,226.9,226.9,0.0,15.52,3545.09,0
2023-07-27,2023-07-27 12:20:00,226.9,226.9,226.9,226.9,0.0,15.52,3545.09,0
2023-07-27,2023-07-27 12:21:00,226.9,226.9,226.9,226.9,0.0,15.52,3545.09,0
2023-07-27,2023-07-27 12:22:00,226.9,226.9,226.89,226.89,-0.0,15.52,3545.09,-1
2023-07-27,2023-07-27 12:23:00,226.89,226.89,226.89,226.89,0.0,15.52,3545.09,0
2023-07-27,2023-07-27 12:24:00,226.89,226.89,226.89,226.89,0.0,15.52,3545.09,0
2023-07-27,2023-07-27 12:25:00,226.89,226.89,226.88,226.88,-0.0,15.52,3545.09,-1
2023-07-27,2023-07-27 12:26:00,226.88,226.88,226.88,226.88,0.0,15.52,3545.09,0
2023-07-27,2023-07-27 12:27:00,226.88,226.88,226.88,226.88,0.0,15.52,3545.09,0
2023-07-27,2023-07-27 12:28:00,226.88,226.88,226.88,226.88,0.0,15.52,3545.09,0
2023-07-27,2023-07-27 12:29:00,226.88,226.88,226.88,226.88,0.0,15.52,3545.09,0
2023-07-27,2023-07-27 12:30:00,226.88,226.88,226.87,226.87,-0.0,15.52,3545.09,-1
2023-07-27,2023-07-27 12:31:00,226.87,226.87,226.87,226.87,0.0,15.52,3545.09,0
2023-07-27,2023-07-27 12:32:00,226.87,226.87,226.87,226.87,0.0,15.52,3545.09,0
2023-07-27,2023-07-27 12:33:00,226.87,226.87,226.87,226.87,0.0,15.52,3545.09,0
2023-07-27,2023-07-27 12:34:00,226.87,226.87,226.86,226.86,-0.0,15.52,3545.09,-1
2023-07-27,2023-07-27 12:35:00,226.86,226.86,226.86,226.86,0.0,15.52,3545.09,0
2023-07-27,2023-07-27 12:36:00,226.86,226.86,226.86,226.86,0.0,15.52,3545.09,0
2023-07-27,2023-07-27 12:37:00,226.86,226.86,226.85,226.85,-0.0,15.52,3545.09,-1
2023-07-27,2023-07-27 12:38:00,226.85,226.85,226.85,226.85,0.0,15.52,3545.09,0
2023-07-27,2023-07-27 12:39:00,226.85,226.85,226.85,226.85,0.0,15.52,3545.09,0
2023-07-27,2023-07-27 12:40:00,226.85,226.85,226.85,226.85,0.0,15.52,3545.09,0
2023-07-27,2023-07-27 12:41:00,226.85,226.85,226.84,226.84,-0.0,15.52,3545.09,-1
2023-07-27,2023-07-27 12:42:00,226.84,226.84,226.84,226.84,0.0,15.52,3545.09,0
2023-07-27,2023-07-27 12:43:00,226.84,226.84,226.84,226.84,0.0,15.52,3545.09,0
2023-07-27,2023-07-27 12:44:00,226.84,226.84,226.84,226.84,0.0,15.52,3545.09,0
2023-07-27,2023-07-27 12:45:00,226.84,226.84,226.84,226.84,0.0,15.52,3545.09,0
2023-07-27,2023-07-27 12:46:00,226.84,226.84,226.83,226.83,-0.0,15.52,3545.09,-1
2023-07-27,2023-07-27 12:47:00,226.83,226.83,226.83,226.83,0.0,15.52,3545.09,0
2023-07-27,2023-07-27 12:48:00,226.83,226.83,226.83,226.83,0.0,15.52,3545.09,0
2023-07-27,2023-07-27 12:49:00,226.83,226.83,226.82,226.82,-0.0,15.52,3545.09,-1
2023-07-27,2023-07-27 12:50:00,226.82,226.82,226.82,226.82,0.0,15.52,3545.09,0
2023-07-27,2023-07-27 12:51:00,226.82,226.82,226.82,226.82,0.0,15.52,3545.09,0
2023-07-27,2023-07-27 12:52:00,226.82,226.82,226.82,226.82,0.0,15.52,3545.09,0
2023-07-27,2023-07-27 12:53:00,226.82,226.82,226.81,226.81,-0.0,15.52,3545.09,-1
2023-07-27,2023-07-27 12:54:00,226.81,226.81,226.81,226.81,0.0,15.52,3545.09,0
2023-07-27,2023-07-27 12:55:00,226.81,226.81,226.81,226.81,0.0,15.52,3545.09,0
2023-07-27,2023-07-27 12:56:00,226.81,226.81,226.81,226.81,0.0,15.52,3545.09,0
2023-07-27,2023-07-27 12:57:00,226.81,226.81,226.81,226.81,0.0,15.52,3545.09,0
2023-07-27,2023-07-27 12:58:00,226.81,226.81,226.8,226.8,-0.0,15.52,3545.09,-1
2023-07-27,2023-07-27 12:59:00,226.8,226.8,226.8,226.8,0.0,15.52,3545.09,0
2023-07-27,2023-07-27 13:00:00,226.8,231.0,226.4,226.8,0.0,15.52,3545.09,0
2023-07-27,2023-07-27 13:01:00,226.8,226.8,226.79,226.79,-0.0,15.52,3545.09,-1
2023-07-27,2023-07-27 13:02:00,226.79,226.79,226.79,226.79,0.0,15.52,3545.09,0
2023-07-27,2023-07-27 13:03:00,226.79,226.79,226.79,226.79,0.0,15.52,3545.09,0
2023-07-27,2023-07-27 13:04:00,226.79,226.79,226.79,226.79,0.0,15.52,3545.09,0
2023-07-27,2023-07-27 13:05:00,226.79,226.79,226.78,226.78,-0.0,15.52,3545.09,-1
2023-07-27,2023-07-27 13:06:00,226.78,226.78,226.78,226.78,0.0,15.52,3545.09,0
2023-07-27,2023-07-27 13:07:00,226.78,226.78,226.78,226.78,0.0,15.52,3545.09,0
2023-07-27,2023-07-27 13:08:00,226.78,226.78,226.78,226.78,0.0,15.52,3545.09,0
2023-07-27,2023-07-27 13:09:00,226.78,226.78,226.78,226.78,0.0,15.52,3545.09,0
2023-07-27,2023-07-27 13:10:00,226.78,226.78,226.77,226.77,-0.0,15.52,3545.09,-1
2023-07-27,2023-07-27 13:11:00,226.77,226.77,226.77,226.77,0.0,15.52,3545.09,0
2023-07-27,2023-07-27 13:12:00,226.77,226.77,226.77,226.77,0.0,15.52,3545.09,0
2023-07-27,2023-07-27 13:13:00,226.77,226.77,226.76,226.76,-0.0,15.52,3545.09,-1
2023-07-27,2023-07-27 13:14:00,226.76,226.76,226.76,226.76,0.0,15.52,3545.09,0
2023-07-27,2023-07-27 13:15:00,226.76,226.76,226.76,226.76,0.0,15.52,3545.09,0
2023-07-27,2023-07-27 13:16:00,226.76,226.76,226.76,226.76,0.0,15.52,3545.09,0
2023-07-27,2023-07-27 13:17:00,226.76,226.76,226.75,226.75,-0.0,15.52,3545.09,-1
2023-07-27,2023-07-27 13:18:00,226.75,226.75,226.75,226.75,0.0,15.52,3545.09,0
2023-07-27,2023-07-27 13:19:00,226.75,226.75,226.75,226.75,0.0,15.52,3545.09,0
2023-07-27,2023-07-27 13:20:00,226.75,226.75,226.75,226.75,0.0,15.52,3545.09,0
2023-07-27,2023-07-27 13:21:00,226.75,226.75,226.75,226.75,0.0,15.52,3545.09,0
2023-07-27,2023-07-27 13:22:00,226.75,226.75,226.74,226.74,-0.0,15.52,3545.09,-1
2023-07-27,2023-07-27 13:23:00,226.74,226.74,226.74,226.74,0.0,15.52,3545.09,0
2023-07-27,2023-07-27 13:24:00,226.74,226.74,226.74,226.74,0.0,15.52,3545.09,0
2023-07-27,2023-07-27 13:25:00,226.74,226.74,226.73,226.73,-0.0,15.52,3545.09,-1
2023-07-27,2023-07-27 13:26:00,226.73,226.73,226.73,226.73,0.0,15.52,3545.09,0
2023-07-27,2023-07-27 13:27:00,226.73,226.73,226.73,226.73,0.0,15.52,3545.09,0
2023-07-27,2023-07-27 13:28:00,226.73,226.73,226.73,226.73,0.0,15.52,3545.09,0
2023-07-27,2023-07-27 13:29:00,226.73,226.73,226.72,226.72,-0.0,15.52,3545.09,-1
2023-07-27,2023-07-27 13:30:00,226.72,226.72,226.72,226.72,0.0,15.52,3545.09,0
2023-07-27,2023-07-27 13:31:00,226.72,226.72,226.72,226.72,0.0,15.52,3545.09,0
2023-07-27,2023-07-27 13:32:00,226.72,226.72,226.72,226.72,0.0,15.52,3545.09,0
2023-07-27,2023-07-27 13:33:00,226.72,226.72,226.72,226.72,0.0,15.52,3545.09,0
2023-07-27,2023-07-27 13:34:00,226.72,226.72,226.71,226.71,-0.0,15.52,3545.09,-1
2023-07-27,2023-07-27 13:35:00,226.71,226.71,226.71,226.71,0.0,15.52,3545.09,0
2023-07-27,2023-07-27 13:36:00,226.71,226.71,226.71,226.71,0.0,15.52,3545.09,0
2023-07-27,2023-07-27 13:37:00,226.71,226.71,226.7,226.7,-0.0,15.52,3545.09,-1
2023-07-27,2023-07-27 13:38:00,226.7,226.7,226.7,226.7,0.0,15.52,3545.09,0
2023-07-27,2023-07-27 13:39:00,226.7,226.7,226.7,226.7,0.0,15.52,3545.09,0
2023-07-27,2023-07-27 13:40:00,226.7,226.7,226.7,226.7,0.0,15.52,3545.09,0
2023-07-27,2023-07-27 13:41:00,226.7,226.7,226.69,226.69,-0.0,15.52,3545.09,-1
2023-07-27,2023-07-27 13:42:00,226.69,226.69,226.69,226.69,0.0,15.52,3545.09,0
2023-07-27,2023-07-27 13:43:00,226.69,226.69,226.69,226.69,0.0,15.52,3545.09,0
2023-07-27,2023-07-27 13:44:00,226.69,226.69,226.69,226.69,0.0,15.52,3545.09,0
2023-07-27,2023-07-27 13:45:00,226.69,226.69,226.69,226.69,0.0,15.52,3545.09,0
2023-07-27,2023-07-27 13:46:00,226.69,226.69,226.68,226.68,-0.0,15.52,3545.09,-1
2023-07-27,2023-07-27 13:47:00,226.68,226.68,226.68,226.68,0.0,15.52,3545.09,0
2023-07-27,2023-07-27 13:48:00,226.68,226.68,226.68,226.68,0.0,15.52,3545.09,0
2023-07-27,2023-07-27 13:49:00,226.68,226.68,226.68,226.68,0.0,15.52,3545.09,0
2023-07-27,2023-07-27 13:50:00,226.68,226.68,226.67,226.67,-0.0,15.52,3545.09,-1
2023-07-27,2023-07-27 13:51:00,226.67,226.67,226.67,226.67,0.0,15.52,3545.09,0
2023-07-27,2023-07-27 13:52:00,226.67,226.67,226.67,226.67,0.0,15.52,3545.09,0
2023-07-27,2023-07-27 13:53:00,226.67,226.67,226.66,226.66,-0.0,15.52,3545.09,-1
2023-07-27,2023-07-27 13:54:00,226.66,226.66,226.66,226.66,0.0,15.52,3545.09,0
2023-07-27,2023-07-27 13:55:00,226.66,226.66,226.66,226.66,0.0,15.52,3545.09,0
2023-07-27,2023-07-27 13:56:00,226.66,226.66,226.66,226.66,0.0,15.52,3545.09,0
2023-07-27,2023-07-27 13:57:00,226.66,226.66,226.66,226.66,0.0,15.52,3545.09,0
2023-07-27,2023-07-27 13:58:00,226.66,226.66,226.65,226.65,-0.0,15.52,3545.09,-1
2023-07-27,2023-07-27 13:59:00,226.65,226.65,226.65,226.65,0.0,15.52,3545.09,0
2023-07-27,2023-07-27 14:00:00,226.65,226.65,226.65,226.65,0.0,15.52,3545.09,0
2023-07-27,2023-07-27 14:01:00,226.65,226.65,226.65,226.65,0.0,15.52,3545.09,0
2023-07-27,2023-07-27 14:02:00,226.65,226.65,226.64,226.64,-0.0,15.52,3545.09,-1
2023-07-27,2023-07-27 14:03:00,226.64,226.64,226.64,226.64,0.0,15.52,3545.09,0
2023-07-27,2023-07-27 14:04:00,226.64,226.64,226.64,226.64,0.0,15.52,3545.09,0
2023-07-27,2023-07-27 14:05:00,226.64,226.64,226.63,226.63,-0.0,15.52,3545.09,-1
2023-07-27,2023-07-27 14:06:00,226.63,226.63,226.63,226.63,0.0,15.52,3545.09,0
2023-07-27,2023-07-27 14:07:00,226.63,226.63,226.63,226.63,0.0,15.52,3545.09,0
2023-07-27,2023-07-27 14:08:00,226.63,226.63,226.63,226.63,0.0,15.52,3545.09,0
2023-07-27,2023-07-27 14:09:00,226.63,226.63,226.62,226.62,-0.0,15.52,3545.09,-1
2023-07-27,2023-07-27 14:10:00,226.62,226.62,226.62,226.62,0.0,15.52,3545.09,0
2023-07-27,2023-07-27 14:11:00,226.62,226.62,226.62,226.62,0.0,15.52,3545.09,0
2023-07-27,2023-07-27 14:12:00,226.62,226.62,226.62,226.62,0.0,15.52,3545.09,0
2023-07-27,2023-07-27 14:13:00,226.62,226.62,226.62,226.62,0.0,15.52,3545.09,0
2023-07-27,2023-07-27 14:14:00,226.62,226.62,226.61,226.61,-0.0,15.52,3545.09,-1
2023-07-27,2023-07-27 14:15:00,226.61,226.61,226.61,226.61,0.0,15.52,3545.09,0
2023-07-27,2023-07-27 14:16:00,226.61,226.61,226.61,226.61,0.0,15.52,3545.09,0
2023-07-27,2023-07-27 14:17:00,226.61,226.61,226.6,226.6,-0.0,15.52,3545.09,-1
2023-07-27,2023-07-27 14:18:00,226.6,226.6,226.6,226.6,0.0,15.52,3545.09,0
2023-07-27,2023-07-27 14:19:00,226.6,226.6,226.6,226.6,0.0,15.52,3545.09,0
2023-07-27,2023-07-27 14:20:00,226.6,226.6,226.6,226.6,0.0,15.52,3545.09,0
2023-07-27,2023-07-27 14:21:00,226.6,226.6,226.59,226.59,-0.0,15.52,3545.09,-1
2023-07-27,2023-07-27 14:22:00,226.59,226.59,226.59,226.59,0.0,15.52,3545.09,0
2023-07-27,2023-07-27 14:23:00,226.59,226.59,226.59,226.59,0.0,15.52,3545.09,0
2023-07-27,2023-07-27 14:24:00,226.59,226.59,226.59,226.59,0.0,15.52,3545.09,0
2023-07-27,2023-07-27 14:25:00,226.59,226.59,226.59,226.59,0.0,15.52,3545.09,0
2023-07-27,2023-07-27 14:26:00,226.59,226.59,226.58,226.58,-0.0,15.52,3545.09,-1
2023-07-27,2023-07-27 14:27:00,226.58,226.58,226.58,226.58,0.0,15.52,3545.09,0
2023-07-27,2023-07-27 14:28:00,226.58,226.58,226.58,226.58,0.0,15.52,3545.09,0
2023-07-27,2023-07-27 14:29:00,226.58,226.58,226.57,226.57,-0.0,15.52,3545.09,-1
2023-07-27,2023-07-27 14:30:00,226.57,226.57,226.57,226.57,0.0,15.52,3545.09,0
2023-07-27,2023-07-27 14:31:00,226.57,226.57,226.57,226.57,0.0,15.52,3545.09,0
2023-07-27,2023-07-27 14:32:00,226.57,226.57,226.57,226.57,0.0,15.52,3545.09,0
2023-07-27,2023-07-27 14:33:00,226.57,226.57,226.56,226.56,-0.0,15.52,3545.09,-1
2023-07-27,2023-07-27 14:34:00,226.56,226.56,226.56,226.56,0.0,15.52,3545.09,0
2023-07-27,2023-07-27 14:35:00,226.56,226.56,226.56,226.56,0.0,15.52,3545.09,0
2023-07-27,2023-07-27 14:36:00,226.56,226.56,226.56,226.56,0.0,15.52,3545.09,0
2023-07-27,2023-07-27 14:37:00,226.56,226.56,226.56,226.56,0.0,15.52,3545.09,0
2023-07-27,2023-07-27 14:38:00,226.56,226.56,226.55,226.55,-0.0,15.52,3545.09,-1
2023-07-27,2023-07-27 14:39:00,226.55,226.55,226.55,226.55,0.0,15.52,3545.09,0
2023-07-27,2023-07-27 14:40:00,226.55,226.55,226.55,226.55,0.0,15.52,3545.09,0
2023-07-27,2023-07-27 14:41:00,226.55,226.55,226.54,226.54,-0.0,15.52,3545.09,-1
2023-07-27,2023-07-27 14:42:00,226.54,226.54,226.54,226.54,0.0,15.52,3545.09,0
2023-07-27,2023-07-27 14:43:00,226.54,226.54,226.54,226.54,0.0,15.52,3545.09,0
2023-07-27,2023-07-27 14:44:00,226.54,226.54,226.54,226.54,0.0,15.52,3545.09,0
2023-07-27,2023-07-27 14:45:00,226.54,226.54,226.53,226.53,-0.0,15.52,3545.09,-1
2023-07-27,2023-07-27 14:46:00,226.53,226.53,226.53,226.53,0.0,15.52,3545.09,0
2023-07-27,2023-07-27 14:47:00,226.53,226.53,226.53,226.53,0.0,15.52,3545.09,0
2023-07-27,2023-07-27 14:48:00,226.53,226.53,226.53,226.53,0.0,15.52,3545.09,0
2023-07-27,2023-07-27 14:49:00,226.53,226.53,226.53,226.53,0.0,15.52,3545.09,0
2023-07-27,2023-07-27 14:50:00,226.53,226.53,226.52,226.52,-0.0,15.52,3545.09,-1
2023-07-27,2023-07-27 14:51:00,226.52,226.52,226.52,226.52,0.0,15.52,3545.09,0
2023-07-27,2023-07-27 14:52:00,226.52,226.52,226.52,226.52,0.0,15.52,3545.09,0
2023-07-27,2023-07-27 14:53:00,226.52,226.52,226.51,226.51,-0.0,15.52,3545.09,-1
2023-07-27,2023-07-27 14:54:00,226.51,226.51,226.51,226.51,0.0,15.52,3545.09,0
2023-07-27,2023-07-27 14:55:00,226.51,226.51,226.51,226.51,0.0,15.52,3545.09,0
2023-07-27,2023-07-27 14:56:00,226.51,226.51,226.51,226.51,0.0,15.52,3545.09,0
2023-07-27,2023-07-27 14:57:00,226.51,226.51,226.5,226.5,-0.0,15.52,3545.09,-1
2023-07-27,2023-07-27 14:58:00,226.5,226.5,226.5,226.5,0.0,15.52,3545.09,0
2023-07-27,2023-07-27 14:59:00,226.5,226.5,226.5,226.5,0.0,15.52,3545.09,0
2023-07-27,2023-07-27 15:00:00,226.5,231.0,226.4,226.5,0.0,15.52,3545.09,0
2023-07-30,2023-07-30 11:00:00,224.0,224.78,223.79,224.0,0.0,20.59,4622.5,0
2023-07-30,2023-07-30 11:01:00,224.0,224.0,224.0,224.0,0.0,20.59,4622.5,0
2023-07-30,2023-07-30 11:02:00,224.0,224.0,224.0,224.0,0.0,20.59,4622.5,0
2023-07-30,2023-07-30 11:03:00,224.0,224.0,224.0,224.0,0.0,20.59,4622.5,0
2023-07-30,2023-07-30 11:04:00,224.0,224.0,224.0,224.0,0.0,20.59,4622.5,0
2023-07-30,2023-07-30 11:05:00,224.0,224.0,224.0,224.0,0.0,20.59,4622.5,0
2023-07-30,2023-07-30 11:06:00,224.0,224.01,224.0,224.01,0.0,20.59,4622.5,1
2023-07-30,2023-07-30 11:07:00,224.01,224.01,224.01,224.01,0.0,20.59,4622.5,0
2023-07-30,2023-07-30 11:08:00,224.01,224.01,224.01,224.01,0.0,20.59,4622.5,0
2023-07-30,2023-07-30 11:09:00,224.01,224.01,224.01,224.01,0.0,20.59,4622.5,0
2023-07-30,2023-07-30 11:10:00,224.01,224.01,224.01,224.01,0.0,20.59,4622.5,0
2023-07-30,2023-07-30 11:11:00,224.01,224.01,224.01,224.01,0.0,20.59,4622.5,0
2023-07-30,2023-07-30 11:12:00,224.01,224.01,224.01,224.01,0.0,20.59,4622.5,0
2023-07-30,2023-07-30 11:13:00,224.01,224.01,224.01,224.01,0.0,20.59,4622.5,0
2023-07-30,2023-07-30 11:14:00,224.01,224.01,224.01,224.01,0.0,20.59,4622.5,0
2023-07-30,2023-07-30 11:15:00,224.01,224.01,224.01,224.01,0.0,20.59,4622.5,0
2023-07-30,2023-07-30 11:16:00,224.01,224.01,224.01,224.01,0.0,20.59,4622.5,0
2023-07-30,2023-07-30 11:17:00,224.01,224.01,224.01,224.01,0.0,20.59,4622.5,0
2023-07-30,2023-07-30 11:18:00,224.01,224.02,224.01,224.02,0.0,20.59,4622.5,1
2023-07-30,2023-07-30 11:19:00,224.02,224.02,224.02,224.02,0.0,20.59,4622.5,0
2023-07-30,2023-07-30 11:20:00,224.02,224.02,224.02,224.02,0.0,20.59,4622.5,0
2023-07-30,2023-07-30 11:21:00,224.02,224.02,224.02,224.02,0.0,20.59,4622.5,0
2023-07-30,2023-07-30 11:22:00,224.02,224.02,224.02,224.02,0.0,20.59,4622.5,0
2023-07-30,2023-07-30 11:23:00,224.02,224.02,224.02,224.02,0.0,20.59,4622.5,0
2023-07-30,2023-07-30 11:24:00,224.02,224.02,224.02,224.02,0.0,20.59,4622.5,0
2023-07-30,2023-07-30 11:25:00,224.02,224.02,224.02,224.02,0.0,20.59,4622.5,0
2023-07-30,2023-07-30 11:26:00,224.02,224.02,224.02,224.02,0.0,20.59,4622.5,0
2023-07-30,2023-07-30 11:27:00,224.02,224.02,224.02,224.02,0.0,20.59,4622.5,0
2023-07-30,2023-07-30 11:28:00,224.02,224.02,224.02,224.02,0.0,20.59,4622.5,0
2023-07-30,2023-07-30 11:29:00,224.02,224.03,224.02,224.03,0.0,20.59,4622.5,1
2023-07-30,2023-07-30 11:30:00,224.03,224.03,224.03,224.03,0.0,20.59,4622.5,0
2023-07-30,2023-07-30 11:31:00,224.03,224.03,224.03,224.03,0.0,20.59,4622.5,0
2023-07-30,2023-07-30 11:32:00,224.03,224.03,224.03,224.03,0.0,20.59,4622.5,0
2023-07-30,2023-07-30 11:33:00,224.03,224.03,224.03,224.03,0.0,20.59,4622.5,0
2023-07-30,2023-07-30 11:34:00,224.03,224.03,224.03,224.03,0.0,20.59,4622.5,0
2023-07-30,2023-07-30 11:35:00,224.03,224.03,224.03,224.03,0.0,20.59,4622.5,0
2023-07-30,2023-07-30 11:36:00,224.03,224.03,224.03,224.03,0.0,20.59,4622.5,0
2023-07-30,2023-07-30 11:37:00,224.03,224.03,224.03,224.03,0.0,20.59,4622.5,0
2023-07-30,2023-07-30 11:38:00,224.03,224.03,224.03,224.03,0.0,20.59,4622.5,0
2023-07-30,2023-07-30 11:39:00,224.03,224.03,224.03,224.03,0.0,20.59,4622.5,0
2023-07-30,2023-07-30 11:40:00,224.03,224.03,224.03,224.03,0.0,20.59,4622.5,0
2023-07-30,2023-07-30 11:41:00,224.03,224.03,224.03,224.03,0.0,20.59,4622.5,0
2023-07-30,2023-07-30 11:42:00,224.03,224.04,224.03,224.04,0.0,20.59,4622.5,1
2023-07-30,2023-07-30 11:43:00,224.04,224.04,224.04,224.04,0.0,20.59,4622.5,0
2023-07-30,2023-07-30 11:44:00,224.04,224.04,224.04,224.04,0.0,20.59,4622.5,0
2023-07-30,2023-07-30 11:45:00,224.04,224.04,224.04,224.04,0.0,20.59,4622.5,0
2023-07-30,2023-07-30 11:46:00,224.04,224.04,224.04,224.04,0.0,20.59,4622.5,0
2023-07-30,2023-07-30 11:47:00,224.04,224.04,224.04,224.04,0.0,20.59,4622.5,0
2023-07-30,2023-07-30 11:48:00,224.04,224.04,224.04,224.04,0.0,20.59,4622.5,0
2023-07-30,2023-07-30 11:49:00,224.04,224.04,224.04,224.04,0.0,20.59,4622.5,0
2023-07-30,2023-07-30 11:50:00,224.04,224.04,224.04,224.04,0.0,20.59,4622.5,0
2023-07-30,2023-07-30 11:51:00,224.04,224.04,224.04,224.04,0.0,20.59,4622.5,0
2023-07-30,2023-07-30 11:52:00,224.04,224.04,224.04,224.04,0.0,20.59,4622.5,0
2023-07-30,2023-07-30 11:53:00,224.04,224.04,224.04,224.04,0.0,20.59,4622.5,0
2023-07-30,2023-07-30 11:54:00,224.04,224.05,224.04,224.05,0.0,20.59,4622.5,1
2023-07-30,2023-07-30 11:55:00,224.05,224.05,224.05,224.05,0.0,20.59,4622.5,0
2023-07-30,2023-07-30 11:56:00,224.05,224.05,224.05,224.05,0.0,20.59,4622.5,0
2023-07-30,2023-07-30 11:57:00,224.05,224.05,224.05,224.05,0.0,20.59,4622.5,0
2023-07-30,2023-07-30 11:58:00,224.05,224.05,224.05,224.05,0.0,20.59,4622.5,0
2023-07-30,2023-07-30 11:59:00,224.05,224.05,224.05,224.05,0.0,20.59,4622.5,0
2023-07-30,2023-07-30 12:00:00,224.05,224.05,224.05,224.05,0.0,20.59,4622.5,0
2023-07-30,2023-07-30 12:01:00,224.05,224.05,224.05,224.05,0.0,20.59,4622.5,0
2023-07-30,2023-07-30 12:02:00,224.05,224.05,224.05,224.05,0.0,20.59,4622.5,0
2023-07-30,2023-07-30 12:03:00,224.05,224.05,224.05,224.05,0.0,20.59,4622.5,0
2023-07-30,2023-07-30 12:04:00,224.05,224.05,224.05,224.05,0.0,20.59,4622.5,0
2023-07-30,2023-07-30 12:05:00,224.05,224.06,224.05,224.06,0.0,20.59,4622.5,1
2023-07-30,2023-07-30 12:06:00,224.06,224.06,224.06,224.06,0.0,20.59,4622.5,0
2023-07-30,2023-07-30 12:07:00,224.06,224.06,224.06,224.06,0.0,20.59,4622.5,0
2023-07-30,2023-07-30 12:08:00,224.06,224.06,224.06,224.06,0.0,20.59,4622.5,0
2023-07-30,2023-07-30 12:09:00,224.06,224.06,224.06,224.06,0.0,20.59,4622.5,0
2023-07-30,2023-07-30 12:10:00,224.06,224.06,224.06,224.06,0.0,20.59,4622.5,0
2023-07-30,2023-07-30 12:11:00,224.06,224.06,224.06,224.06,0.0,20.59,4622.5,0
2023-07-30,2023-07-30 12:12:00,224.06,224.06,224.06,224.06,0.0,20.59,4622.5,0
2023-07-30,2023-07-30 12:13:00,224.06,224.06,224.06,224.06,0.0,20.59,4622.5,0
2023-07-30,2023-07-30 12:14:00,224.06,224.06,224.06,224.06,0.0,20.59,4622.5,0
2023-07-30,2023-07-30 12:15:00,224.06,224.06,224.06,224.06,0.0,20.59,4622.5,0
2023-07-30,2023-07-30 12:16:00,224.06,224.06,224.06,224.06,0.0,20.59,4622.5,0
2023-07-30,2023-07-30 12:17:00,224.06,224.06,224.06,224.06,0.0,20.59,4622.5,0
2023-07-30,2023-07-30 12:18:00,224.06,224.07,224.06,224.07,0.0,20.59,4622.5,1
2023-07-30,2023-07-30 12:19:00,224.07,224.07,224.07,224.07,0.0,20.59,4622.5,0
2023-07-30,2023-07-30 12:20:00,224.07,224.07,224.07,224.07,0.0,20.59,4622.5,0
2023-07-30,2023-07-30 12:21:00,224.07,224.07,224.07,224.07,0.0,20.59,4622.5,0
2023-07-30,2023-07-30 12:22:00,224.07,224.07,224.07,224.07,0.0,20.59,4622.5,0
2023-07-30,2023-07-30 12:23:00,224.07,224.07,224.07,224.07,0.0,20.59,4622.5,0
2023-07-30,2023-07-30 12:24:00,224.07,224.07,224.07,224.07,0.0,20.59,4622.5,0
2023-07-30,2023-07-30 12:25:00,224.07,224.07,224.07,224.07,0.0,20.59,4622.5,0
2023-07-30,2023-07-30 12:26:00,224.07,224.07,224.07,224.07,0.0,20.59,4622.5,0
2023-07-30,2023-07-30 12:27:00,224.07,224.07,224.07,224.07,0.0,20.59,4622.5,0
2023-07-30,2023-07-30 12:28:00,224.07,224.07,224.07,224.07,0.0,20.59,4622.5,0
2023-07-30,2023-07-30 12:29:00,224.07,224.07,224.07,224.07,0.0,20.59,4622.5,0
2023-07-30,2023-07-30 12:30:00,224.07,224.08,224.07,224.08,0.0,20.59,4622.5,1
2023-07-30,2023-07-30 12:31:00,224.08,224.08,224.08,224.08,0.0,20.59,4622.5,0
2023-07-30,2023-07-30 12:32:00,224.08,224.08,224.08,224.08,0.0,20.59,4622.5,0
2023-07-30,2023-07-30 12:33:00,224.08,224.08,224.08,224.08,0.0,20.59,4622.5,0
2023-07-30,2023-07-30 12:34:00,224.08,224.08,224.08,224.08,0.0,20.59,4622.5,0
2023-07-30,2023-07-30 12:35:00,224.08,224.08,224.08,224.08,0.0,20.59,4622.5,0
2023-07-30,2023-07-30 12:36:00,224.08,224.08,224.08,224.08,0.0,20.59,4622.5,0
2023-07-30,2023-07-30 12:37:00,224.08,224.08,224.08,224.08,0.0,20.59,4622.5,0
2023-07-30,2023-07-30 12:38:00,224.08,224.08,224.08,224.08,0.0,20.59,4622.5,0
2023-07-30,2023-07-30 12:39:00,224.08,224.08,224.08,224.08,0.0,20.59,4622.5,0
2023-07-30,2023-07-30 12:40:00,224.08,224.08,224.08,224.08,0.0,20.59,4622.5,0
2023-07-30,2023-07-30 12:41:00,224.08,224.09,224.08,224.09,0.0,20.59,4622.5,1
2023-07-30,2023-07-30 12:42:00,224.09,224.09,224.09,224.09,0.0,20.59,4622.5,0
2023-07-30,2023-07-30 12:43:00,224.09,224.09,224.09,224.09,0.0,20.59,4622.5,0
2023-07-30,2023-07-30 12:44:00,224.09,224.09,224.09,224.09,0.0,20.59,4622.5,0
2023-07-30,2023-07-30 12:45:00,224.09,224.09,224.09,224.09,0.0,20.59,4622.5,0
2023-07-30,2023-07-30 12:46:00,224.09,224.09,224.09,224.09,0.0,20.59,4622.5,0
2023-07-30,2023-07-30 12:47:00,224.09,224.09,224.09,224.09,0.0,20.59,4622.5,0
2023-07-30,2023-07-30 12:48:00,224.09,224.09,224.09,224.09,0.0,20.59,4622.5,0
2023-07-30,2023-07-30 12:49:00,224.09,224.09,224.09,224.09,0.0,20.59,4622.5,0
2023-07-30,2023-07-30 12:50:00,224.09,224.09,224.09,224.09,0.0,20.59,4622.5,0
2023-07-30,2023-07-30 12:51:00,224.09,224.09,224.09,224.09,0.0,20.59,4622.5,0
2023-07-30,2023-07-30 12:52:00,224.09,224.09,224.09,224.09,0.0,20.59,4622.5,0
2023-07-30,2023-07-30 12:53:00,224.09,224.09,224.09,224.09,0.0,20.59,4622.5,0
2023-07-30,2023-07-30 12:54:00,224.09,224.1,224.09,224.1,0.0,20.59,4622.5,1
2023-07-30,2023-07-30 12:55:00,224.1,224.1,224.1,224.1,0.0,20.59,4622.5,0
2023-07-30,2023-07-30 12:56:00,224.1,224.1,224.1,224.1,0.0,20.59,4622.5,0
2023-07-30,2023-07-30 12:57:00,224.1,224.1,224.1,224.1,0.0,20.59,4622.5,0
2023-07-30,2023-07-30 12:58:00,224.1,224.1,224.1,224.1,0.0,20.59,4622.5,0
2023-07-30,2023-07-30 12:59:00,224.1,224.1,224.1,224.1,0.0,20.59,4622.5,0
2023-07-30,2023-07-30 13:00:00,224.1,226.6,223.3,224.1,0.0,20.59,4622.5,0
2023-07-30,2023-07-30 13:01:00,224.1,224.1,224.1,224.1,0.0,20.59,4622.5,0
2023-07-30,2023-07-30 13:02:00,224.1,224.1,224.1,224.1,0.0,20.59,4622.5,0
2023-07-30,2023-07-30 13:03:00,224.1,224.1,224.1,224.1,0.0,20.59,4622.5,0
2023-07-30,2023-07-30 13:04:00,224.1,224.1,224.1,224.1,0.0,20.59,4622.5,0
2023-07-30,2023-07-30 13:05:00,224.1,224.1,224.1,224.1,0.0,20.59,4622.5,0
2023-07-30,2023-07-30 13:06:00,224.1,224.11,224.1,224.11,0.0,20.59,4622.5,1
2023-07-30,2023-07-30 13:07:00,224.11,224.11,224.11,224.11,0.0,20.59,4622.5,0
2023-07-30,2023-07-30 13:08:00,224.11,224.11,224.11,224.11,0.0,20.59,4622.5,0
2023-07-30,2023-07-30 13:09:00,224.11,224.11,224.11,224.11,0.0,20.59,4622.5,0
2023-07-30,2023-07-30 13:10:00,224.11,224.11,224.11,224.11,0.0,20.59,4622.5,0
2023-07-30,2023-07-30 13:11:00,224.11,224.11,224.11,224.11,0.0,20.59,4622.5,0
2023-07-30,2023-07-30 13:12:00,224.11,224.11,224.11,224.11,0.0,20.59,4622.5,0
2023-07-30,2023-07-30 13:13:00,224.11,224.11,224.11,224.11,0.0,20.59,4622.5,0
2023-07-30,2023-07-30 13:14:00,224.11,224.11,224.11,224.11,0.0,20.59,4622.5,0
2023-07-30,2023-07-30 13:15:00,224.11,224.11,224.11,224.11,0.0,20.59,4622.5,0
2023-07-30,2023-07-30 13:16:00,224.11,224.11,224.11,224.11,0.0,20.59,4622.5,0
2023-07-30,2023-07-30 13:17:00,224.11,224.11,224.11,224.11,0.0,20.59,4622.5,0
2023-07-30,2023-07-30 13:18:00,224.11,224.12,224.11,224.12,0.0,20.59,4622.5,1
2023-07-30,2023-07-30 13:19:00,224.12,224.12,224.12,224.12,0.0,20.59,4622.5,0
2023-07-30,2023-07-30 13:20:00,224.12,224.12,224.12,224.12,0.0,20.59,4622.5,0
2023-07-30,2023-07-30 13:21:00,224.12,224.12,224.12,224.12,0.0,20.59,4622.5,0
2023-07-30,2023-07-30 13:22:00,224.12,224.12,224.12,224.12,0.0,20.59,4622.5,0
2023-07-30,2023-07-30 13:23:00,224.12,224.12,224.12,224.12,0.0,20.59,4622.5,0
2023-07-30,2023-07-30 13:24:00,224.12,224.12,224.12,224.12,0.0,20.59,4622.5,0
2023-07-30,2023-07-30 13:25:00,224.12,224.12,224.12,224.12,0.0,20.59,4622.5,0
2023-07-30,2023-07-30 13:26:00,224.12,224.12,224.12,224.12,0.0,20.59,4622.5,0
2023-07-30,2023-07-30 13:27:00,224.12,224.12,224.12,224.12,0.0,20.59,4622.5,0
2023-07-30,2023-07-30 13:28:00,224.12,224.12,224.12,224.12,0.0,20.59,4622.5,0
2023-07-30,2023-07-30 13:29:00,224.12,224.12,224.12,224.12,0.0,20.59,4622.5,0
2023-07-30,2023-07-30 13:30:00,224.12,224.13,224.12,224.13,0.0,20.59,4622.5,1
2023-07-30,2023-07-30 13:31:00,224.13,224.13,224.13,224.13,0.0,20.59,4622.5,0
2023-07-30,2023-07-30 13:32:00,224.13,224.13,224.13,224.13,0.0,20.59,4622.5,0
2023-07-30,2023-07-30 13:33:00,224.13,224.13,224.13,224.13,0.0,20.59,4622.5,0
2023-07-30,2023-07-30 13:34:00,224.13,224.13,224.13,224.13,0.0,20.59,4622.5,0
2023-07-30,2023-07-30 13:35:00,224.13,224.13,224.13,224.13,0.0,20.59,4622.5,0
2023-07-30,2023-07-30 13:36:00,224.13,224.13,224.13,224.13,0.0,20.59,4622.5,0
2023-07-30,2023-07-30 13:37:00,224.13,224.13,224.13,224.13,0.0,20.59,4622.5,0
2023-07-30,2023-07-30 13:38:00,224.13,224.13,224.13,224.13,0.0,20.59,4622.5,0
2023-07-30,2023-07-30 13:39:00,224.13,224.13,224.13,224.13,0.0,20.59,4622.5,0
2023-07-30,2023-07-30 13:40:00,224.13,224.13,224.13,224.13,0.0,20.59,4622.5,0
2023-07-30,2023-07-30 13:41:00,224.13,224.13,224.13,224.13,0.0,20.59,4622.5,0
2023-07-30,2023-07-30 13:42:00,224.13,224.14,224.13,224.14,0.0,20.59,4622.5,1
2023-07-30,2023-07-30 13:43:00,224.14,224.14,224.14,224.14,0.0,20.59,4622.5,0
2023-07-30,2023-07-30 13:44:00,224.14,224.14,224.14,224.14,0.0,20.59,4622.5,0
2023-07-30,2023-07-30 13:45:00,224.14,224.14,224.14,224.14,0.0,20.59,4622.5,0
2023-07-30,2023-07-30 13:46:00,224.14,224.14,224.14,224.14,0.0,20.59,4622.5,0
2023-07-30,2023-07-30 13:47:00,224.14,224.14,224.14,224.14,0.0,20.59,4622.5,0
2023-07-30,2023-07-30 13:48:00,224.14,224.14,224.14,224.14,0.0,20.59,4622.5,0
2023-07-30,2023-07-30 13:49:00,224.14,224.14,224.14,224.14,0.0,20.59,4622.5,0
2023-07-30,2023-07-30 13:50:00,224.14,224.14,224.14,224.14,0.0,20.59,4622.5,0
2023-07-30,2023-07-30 13:51:00,224.14,224.14,224.14,224.14,0.0,20.59,4622.5,0
2023-07-30,2023-07-30 13:52:00,224.14,224.14,224.14,224.14,0.0,20.59,4622.5,0
2023-07-30,2023-07-30 13:53:00,224.14,224.14,224.14,224.14,0.0,20.59,4622.5,0
2023-07-30,2023-07-30 13:54:00,224.14,224.15,224.14,224.15,0.0,20.59,4622.5,1
2023-07-30,2023-07-30 13:55:00,224.15,224.15,224.15,224.15,0.0,20.59,4622.5,0
2023-07-30,2023-07-30 13:56:00,224.15,224.15,224.15,224.15,0.0,20.59,4622.5,0
2023-07-30,2023-07-30 13:57:00,224.15,224.15,224.15,224.15,0.0,20.59,4622.5,0
2023-07-30,2023-07-30 13:58:00,224.15,224.15,224.15,224.15,0.0,20.59,4622.5,0
2023-07-30,2023-07-30 13:59:00,224.15,224.15,224.15,224.15,0.0,20.59,4622.5,0
2023-07-30,2023-07-30 14:00:00,224.15,224.15,224.15,224.15,0.0,20.59,4622.5,0
2023-07-30,2023-07-30 14:01:00,224.15,224.15,224.15,224.15,0.0,20.59,4622.5,0
2023-07-30,2023-07-30 14:02:00,224.15,224.15,224.15,224.15,0.0,20.59,4622.5,0
2023-07-30,2023-07-30 14:03:00,224.15,224.15,224.15,224.15,0.0,20.59,4622.5,0
2023-07-30,2023-07-30 14:04:00,224.15,224.15,224.15,224.15,0.0,20.59,4622.5,0
2023-07-30,2023-07-30 14:05:00,224.15,224.16,224.15,224.16,0.0,20.59,4622.5,1
2023-07-30,2023-07-30 14:06:00,224.16,224.16,224.16,224.16,0.0,20.59,4622.5,0
2023-07-30,2023-07-30 14:07:00,224.16,224.16,224.16,224.16,0.0,20.59,4622.5,0
2023-07-30,2023-07-30 14:08:00,224.16,224.16,224.16,224.16,0.0,20.59,4622.5,0
2023-07-30,2023-07-30 14:09:00,224.16,224.16,224.16,224.16,0.0,20.59,4622.5,0
2023-07-30,2023-07-30 14:10:00,224.16,224.16,224.16,224.16,0.0,20.59,4622.5,0
2023-07-30,2023-07-30 14:11:00,224.16,224.16,224.16,224.16,0.0,20.59,4622.5,0
2023-07-30,2023-07-30 14:12:00,224.16,224.16,224.16,224.16,0.0,20.59,4622.5,0
2023-07-30,2023-07-30 14:13:00,224.16,224.16,224.16,224.16,0.0,20.59,4622.5,0
2023-07-30,2023-07-30 14:14:00,224.16,224.16,224.16,224.16,0.0,20.59,4622.5,0
2023-07-30,2023-07-30 14:15:00,224.16,224.16,224.16,224.16,0.0,20.59,4622.5,0
2023-07-30,2023-07-30 14:16:00,224.16,224.16,224.16,224.16,0.0,20.59,4622.5,0
2023-07-30,2023-07-30 14:17:00,224.16,224.16,224.16,224.16,0.0,20.59,4622.5,0
2023-07-30,2023-07-30 14:18:00,224.16,224.17,224.16,224.17,0.0,20.59,4622.5,1
2023-07-30,2023-07-30 14:19:00,224.17,224.17,224.17,224.17,0.0,20.59,4622.5,0
2023-07-30,2023-07-30 14:20:00,224.17,224.17,224.17,224.17,0.0,20.59,4622.5,0
2023-07-30,2023-07-30 14:21:00,224.17,224.17,224.17,224.17,0.0,20.59,4622.5,0
2023-07-30,2023-07-30 14:22:00,224.17,224.17,224.17,224.17,0.0,20.59,4622.5,0
2023-07-30,2023-07-30 14:23:00,224.17,224.17,224.17,224.17,0.0,20.59,4622.5,0
2023-07-30,2023-07-30 14:24:00,224.17,224.17,224.17,224.17,0.0,20.59,4622.5,0
2023-07-30,2023-07-30 14:25:00,224.17,224.17,224.17,224.17,0.0,20.59,4622.5,0
2023-07-30,2023-07-30 14:26:00,224.17,224.17,224.17,224.17,0.0,20.59,4622.5,0
2023-07-30,2023-07-30 14:27:00,224.17,224.17,224.17,224.17,0.0,20.59,4622.5,0
2023-07-30,2023-07-30 14:28:00,224.17,224.17,224.17,224.17,0.0,20.59,4622.5,0
2023-07-30,2023-07-30 14:29:00,224.17,224.17,224.17,224.17,0.0,20.59,4622.5,0
2023-07-30,2023-07-30 14:30:00,224.17,224.18,224.17,224.18,0.0,20.59,4622.5,1
2023-07-30,2023-07-30 14:31:00,224.18,224.18,224.18,224.18,0.0,20.59,4622.5,0
2023-07-30,2023-07-30 14:32:00,224.18,224.18,224.18,224.18,0.0,20.59,4622.5,0
2023-07-30,2023-07-30 14:33:00,224.18,224.18,224.18,224.18,0.0,20.59,4622.5,0
2023-07-30,2023-07-30 14:34:00,224.18,224.18,224.18,224.18,0.0,20.59,4622.5,0
2023-07-30,2023-07-30 14:35:00,224.18,224.18,224.18,224.18,0.0,20.59,4622.5,0
2023-07-30,2023-07-30 14:36:00,224.18,224.18,224.18,224.18,0.0,20.59,4622.5,0
2023-07-30,2023-07-30 14:37:00,224.18,224.18,224.18,224.18,0.0,20.59,4622.5,0
2023-07-30,2023-07-30 14:38:00,224.18,224.18,224.18,224.18,0.0,20.59,4622.5,0
2023-07-30,2023-07-30 14:39:00,224.18,224.18,224.18,224.18,0.0,20.59,4622.5,0
2023-07-30,2023-07-30 14:40:00,224.18,224.18,224.18,224.18,0.0,20.59,4622.5,0
2023-07-30,2023-07-30 14:41:00,224.18,224.19,224.18,224.19,0.0,20.59,4622.5,1
2023-07-30,2023-07-30 14:42:00,224.19,224.19,224.19,224.19,0.0,20.59,4622.5,0
2023-07-30,2023-07-30 14:43:00,224.19,224.19,224.19,224.19,0.0,20.59,4622.5,0
2023-07-30,2023-07-30 14:44:00,224.19,224.19,224.19,224.19,0.0,20.59,4622.5,0
2023-07-30,2023-07-30 14:45:00,224.19,224.19,224.19,224.19,0.0,20.59,4622.5,0
2023-07-30,2023-07-30 14:46:00,224.19,224.19,224.19,224.19,0.0,20.59,4622.5,0
2023-07-30,2023-07-30 14:47:00,224.19,224.19,224.19,224.19,0.0,20.59,4622.5,0
2023-07-30,2023-07-30 14:48:00,224.19,224.19,224.19,224.19,0.0,20.59,4622.5,0
2023-07-30,2023-07-30 14:49:00,224.19,224.19,224.19,224.19,0.0,20.59,4622.5,0
2023-07-30,2023-07-30 14:50:00,224.19,224.19,224.19,224.19,0.0,20.59,4622.5,0
2023-07-30,2023-07-30 14:51:00,224.19,224.19,224.19,224.19,0.0,20.59,4622.5,0
2023-07-30,2023-07-30 14:52:00,224.19,224.19,224.19,224.19,0.0,20.59,4622.5,0
2023-07-30,2023-07-30 14:53:00,224.19,224.19,224.19,224.19,0.0,20.59,4622.5,0
2023-07-30,2023-07-30 14:54:00,224.19,224.2,224.19,224.2,0.0,20.59,4622.5,1
2023-07-30,2023-07-30 14:55:00,224.2,224.2,224.2,224.2,0.0,20.59,4622.5,0
2023-07-30,2023-07-30 14:56:00,224.2,224.2,224.2,224.2,0.0,20.59,4622.5,0
2023-07-30,2023-07-30 14:57:00,224.2,224.2,224.2,224.2,0.0,20.59,4622.5,0
2023-07-30,2023-07-30 14:58:00,224.2,224.2,224.2,224.2,0.0,20.59,4622.5,0
2023-07-30,2023-07-30 14:59:00,224.2,224.2,224.2,224.2,0.0,20.59,4622.5,0
2023-07-30,2023-07-30 15:00:00,224.2,226.6,223.3,224.2,0.0,20.59,4622.5,0
2023-07-31,2023-07-31 11:00:00,222.1,223.12,222.1,222.1,0.0,20.94,4675.67,0
2023-07-31,2023-07-31 11:01:00,222.1,222.1,222.1,222.1,0.0,20.94,4675.67,0
2023-07-31,2023-07-31 11:02:00,222.1,222.11,222.1,222.11,0.0,20.94,4675.67,1
2023-07-31,2023-07-31 11:03:00,222.11,222.11,222.11,222.11,0.0,20.94,4675.67,0
2023-07-31,2023-07-31 11:04:00,222.11,222.11,222.11,222.11,0.0,20.94,4675.67,0
2023-07-31,2023-07-31 11:05:00,222.11,222.11,222.11,222.11,0.0,20.94,4675.67,0
2023-07-31,2023-07-31 11:06:00,222.11,222.11,222.11,222.11,0.0,20.94,4675.67,0
2023-07-31,2023-07-31 11:07:00,222.11,222.12,222.11,222.12,0.0,20.94,4675.67,1
2023-07-31,2023-07-31 11:08:00,222.12,222.12,222.12,222.12,0.0,20.94,4675.67,0
2023-07-31,2023-07-31 11:09:00,222.12,222.12,222.12,222.12,0.0,20.94,4675.67,0
2023-07-31,2023-07-31 11:10:00,222.12,222.12,222.12,222.12,0.0,20.94,4675.67,0
2023-07-31,2023-07-31 11:11:00,222.12,222.12,222.12,222.12,0.0,20.94,4675.67,0
2023-07-31,2023-07-31 11:12:00,222.12,222.13,222.12,222.13,0.0,20.94,4675.67,1
2023-07-31,2023-07-31 11:13:00,222.13,222.13,222.13,222.13,0.0,20.94,4675.67,0
2023-07-31,2023-07-31 11:14:00,222.13,222.13,222.13,222.13,0.0,20.94,4675.67,0
2023-07-31,2023-07-31 11:15:00,222.13,222.13,222.13,222.13,0.0,20.94,4675.67,0
2023-07-31,2023-07-31 11:16:00,222.13,222.14,222.13,222.14,0.0,20.94,4675.67,1
2023-07-31,2023-07-31 11:17:00,222.14,222.14,222.14,222.14,0.0,20.94,4675.67,0
2023-07-31,2023-07-31 11:18:00,222.14,222.14,222.14,222.14,0.0,20.94,4675.67,0
2023-07-31,2023-07-31 11:19:00,222.14,222.14,222.14,222.14,0.0,20.94,4675.67,0
2023-07-31,2023-07-31 11:20:00,222.14,222.14,222.14,222.14,0.0,20.94,4675.67,0
2023-07-31,2023-07-31 11:21:00,222.14,222.15,222.14,222.15,0.0,20.94,4675.67,1
2023-07-31,2023-07-31 11:22:00,222.15,222.15,222.15,222.15,0.0,20.94,4675.67,0
2023-07-31,2023-07-31 11:23:00,222.15,222.15,222.15,222.15,0.0,20.94,4675.67,0
2023-07-31,2023-07-31 11:24:00,222.15,222.15,222.15,222.15,0.0,20.94,4675.67,0
2023-07-31,2023-07-31 11:25:00,222.15,222.15,222.15,222.15,0.0,20.94,4675.67,0
2023-07-31,2023-07-31 11:26:00,222.15,222.16,222.15,222.16,0.0,20.94,4675.67,1
2023-07-31,2023-07-31 11:27:00,222.16,222.16,222.16,222.16,0.0,20.94,4675.67,0
2023-07-31,2023-07-31 11:28:00,222.16,222.16,222.16,222.16,0.0,20.94,4675.67,0
2023-07-31,2023-07-31 11:29:00,222.16,222.16,222.16,222.16,0.0,20.94,4675.67,0
2023-07-31,2023-07-31 11:30:00,222.16,222.16,222.16,222.16,0.0,20.94,4675.67,0
2023-07-31,2023-07-31 11:31:00,222.16,222.17,222.16,222.17,0.0,20.94,4675.67,1
2023-07-31,2023-07-31 11:32:00,222.17,222.17,222.17,222.17,0.0,20.94,4675.67,0
2023-07-31,2023-07-31 11:33:00,222.17,222.17,222.17,222.17,0.0,20.94,4675.67,0
2023-07-31,2023-07-31 11:34:00,222.17,222.17,222.17,222.17,0.0,20.94,4675.67,0
2023-07-31,2023-07-31 11:35:00,222.17,222.17,222.17,222.17,0.0,20.94,4675.67,0
2023-07-31,2023-07-31 11:36:00,222.17,222.18,222.17,222.18,0.0,20.94,4675.67,1
2023-07-31,2023-07-31 11:37:00,222.18,222.18,222.18,222.18,0.0,20.94,4675.67,0
2023-07-31,2023-07-31 11:38:00,222.18,222.18,222.18,222.18,0.0,20.94,4675.67,0
2023-07-31,2023-07-31 11:39:00,222.18,222.18,222.18,222.18,0.0,20.94,4675.67,0
2023-07-31,2023-07-31 11:40:00,222.18,222.19,222.18,222.19,0.0,20.94,4675.67,1
2023-07-31,2023-07-31 11:41:00,222.19,222.19,222.19,222.19,0.0,20.94,4675.67,0
2023-07-31,2023-07-31 11:42:00,222.19,222.19,222.19,222.19,0.0,20.94,4675.67,0
2023-07-31,2023-07-31 11:43:00,222.19,222.19,222.19,222.19,0.0,20.94,4675.67,0
2023-07-31,2023-07-31 11:44:00,222.19,222.19,222.19,222.19,0.0,20.94,4675.67,0
2023-07-31,2023-07-31 11:45:00,222.19,222.2,222.19,222.2,0.0,20.94,4675.67,1
2023-07-31,2023-07-31 11:46:00,222.2,222.2,222.2,222.2,0.0,20.94,4675.67,0
2023-07-31,2023-07-31 11:47:00,222.2,222.2,222.2,222.2,0.0,20.94,4675.67,0
2023-07-31,2023-07-31 11:48:00,222.2,222.2,222.2,222.2,0.0,20.94,4675.67,0
2023-07-31,2023-07-31 11:49:00,222.2,222.2,222.2,222.2,0.0,20.94,4675.67,0
2023-07-31,2023-07-31 11:50:00,222.2,222.21,222.2,222.21,0.0,20.94,4675.67,1
2023-07-31,2023-07-31 11:51:00,222.21,222.21,222.21,222.21,0.0,20.94,4675.67,0
2023-07-31,2023-07-31 11:52:00,222.21,222.21,222.21,222.21,0.0,20.94,4675.67,0
2023-07-31,2023-07-31 11:53:00,222.21,222.21,222.21,222.21,0.0,20.94,4675.67,0
2023-07-31,2023-07-31 11:54:00,222.21,222.21,222.21,222.21,0.0,20.94,4675.67,0
2023-07-31,2023-07-31 11:55:00,222.21,222.22,222.21,222.22,0.0,20.94,4675.67,1
2023-07-31,2023-07-31 11:56:00,222.22,222.22,222.22,222.22,0.0,20.94,4675.67,0
2023-07-31,2023-07-31 11:57:00,222.22,222.22,222.22,222.22,0.0,20.94,4675.67,0
2023-07-31,2023-07-31 11:58:00,222.22,222.22,222.22,222.22,0.0,20.94,4675.67,0
2023-07-31,2023-07-31 11:59:00,222.22,222.22,222.22,222.22,0.0,20.94,4675.67,0
2023-07-31,2023-07-31 12:00:00,222.22,222.23,222.22,222.23,0.0,20.94,4675.67,1
2023-07-31,2023-07-31 12:01:00,222.23,222.23,222.23,222.23,0.0,20.94,4675.67,0
2023-07-31,2023-07-31 12:02:00,222.23,222.23,222.23,222.23,0.0,20.94,4675.67,0
2023-07-31,2023-07-31 12:03:00,222.23,222.23,222.23,222.23,0.0,20.94,4675.67,0
2023-07-31,2023-07-31 12:04:00,222.23,222.24,222.23,222.24,0.0,20.94,4675.67,1
2023-07-31,2023-07-31 12:05:00,222.24,222.24,222.24,222.24,0.0,20.94,4675.67,0
2023-07-31,2023-07-31 12:06:00,222.24,222.24,222.24,222.24,0.0,20.94,4675.67,0
2023-07-31,2023-07-31 12:07:00,222.24,222.24,222.24,222.24,0.0,20.94,4675.67,0
2023-07-31,2023-07-31 12:08:00,222.24,222.24,222.24,222.24,0.0,20.94,4675.67,0
2023-07-31,2023-07-31 12:09:00,222.24,222.25,222.24,222.25,0.0,20.94,4675.67,1
2023-07-31,2023-07-31 12:10:00,222.25,222.25,222.25,222.25,0.0,20.94,4675.67,0
2023-07-31,2023-07-31 12:11:00,222.25,222.25,222.25,222.25,0.0,20.94,4675.67,0
2023-07-31,2023-07-31 12:12:00,222.25,222.25,222.25,222.25,0.0,20.94,4675.67,0
2023-07-31,2023-07-31 12:13:00,222.25,222.25,222.25,222.25,0.0,20.94,4675.67,0
2023-07-31,2023-07-31 12:14:00,222.25,222.26,222.25,222.26,0.0,20.94,4675.67,1
2023-07-31,2023-07-31 12:15:00,222.26,222.26,222.26,222.26,0.0,20.94,4675.67,0
2023-07-31,2023-07-31 12:16:00,222.26,222.26,222.26,222.26,0.0,20.94,4675.67,0
2023-07-31,2023-07-31 12:17:00,222.26,222.26,222.26,222.26,0.0,20.94,4675.67,0
2023-07-31,2023-07-31 12:18:00,222.26,222.26,222.26,222.26,0.0,20.94,4675.67,0
2023-07-31,2023-07-31 12:19:00,222.26,222.27,222.26,222.27,0.0,20.94,4675.67,1
2023-07-31,2023-07-31 12:20:00,222.27,222.27,222.27,222.27,0.0,20.94,4675.67,0
2023-07-31,2023-07-31 12:21:00,222.27,222.27,222.27,222.27,0.0,20.94,4675.67,0
2023-07-31,2023-07-31 12:22:00,222.27,222.27,222.27,222.27,0.0,20.94,4675.67,0
2023-07-31,2023-07-31 12:23:00,222.27,222.28,222.27,222.28,0.0,20.94,4675.67,1
2023-07-31,2023-07-31 12:24:00,222.28,222.28,222.28,222.28,0.0,20.94,4675.67,0
2023-07-31,2023-07-31 12:25:00,222.28,222.28,222.28,222.28,0.0,20.94,4675.67,0
2023-07-31,2023-07-31 12:26:00,222.28,222.28,222.28,222.28,0.0,20.94,4675.67,0
2023-07-31,2023-07-31 12:27:00,222.28,222.28,222.28,222.28,0.0,20.94,4675.67,0
2023-07-31,2023-07-31 12:28:00,222.28,222.29,222.28,222.29,0.0,20.94,4675.67,1
2023-07-31,2023-07-31 12:29:00,222.29,222.29,222.29,222.29,0.0,20.94,4675.67,0
2023-07-31,2023-07-31 12:30:00,222.29,222.29,222.29,222.29,0.0,20.94,4675.67,0
2023-07-31,2023-07-31 12:31:00,222.29,222.29,222.29,222.29,0.0,20.94,4675.67,0
2023-07-31,2023-07-31 12:32:00,222.29,222.29,222.29,222.29,0.0,20.94,4675.67,0
2023-07-31,2023-07-31 12:33:00,222.29,222.3,222.29,222.3,0.0,20.94,4675.67,1
2023-07-31,2023-07-31 12:34:00,222.3,222.3,222.3,222.3,0.0,20.94,4675.67,0
2023-07-31,2023-07-31 12:35:00,222.3,222.3,222.3,222.3,0.0,20.94,4675.67,0
2023-07-31,2023-07-31 12:36:00,222.3,222.3,222.3,222.3,0.0,20.94,4675.67,0
2023-07-31,2023-07-31 12:37:00,222.3,222.3,222.3,222.3,0.0,20.94,4675.67,0
2023-07-31,2023-07-31 12:38:00,222.3,222.31,222.3,222.31,0.0,20.94,4675.67,1
2023-07-31,2023-07-31 12:39:00,222.31,222.31,222.31,222.31,0.0,20.94,4675.67,0
2023-07-31,2023-07-31 12:40:00,222.31,222.31,222.31,222.31,0.0,20.94,4675.67,0
2023-07-31,2023-07-31 12:41:00,222.31,222.31,222.31,222.31,0.0,20.94,4675.67,0
2023-07-31,2023-07-31 12:42:00,222.31,222.31,222.31,222.31,0.0,20.94,4675.67,0
2023-07-31,2023-07-31 12:43:00,222.31,222.32,222.31,222.32,0.0,20.94,4675.67,1
2023-07-31,2023-07-31 12:44:00,222.32,222.32,222.32,222.32,0.0,20.94,4675.67,0
2023-07-31,2023-07-31 12:45:00,222.32,222.32,222.32,222.32,0.0,20.94,4675.67,0
2023-07-31,2023-07-31 12:46:00,222.32,222.32,222.32,222.32,0.0,20.94,4675.67,0
2023-07-31,2023-07-31 12:47:00,222.32,222.32,222.32,222.32,0.0,20.94,4675.67,0
2023-07-31,2023-07-31 12:48:00,222.32,222.33,222.32,222.33,0.0,20.94,4675.67,1
2023-07-31,2023-07-31 12:49:00,222.33,222.33,222.33,222.33,0.0,20.94,4675.67,0
2023-07-31,2023-07-31 12:50:00,222.33,222.33,222.33,222.33,0.0,20.94,4675.67,0
2023-07-31,2023-07-31 12:51:00,222.33,222.33,222.33,222.33,0.0,20.94,4675.67,0
2023-07-31,2023-07-31 12:52:00,222.33,222.34,222.33,222.34,0.0,20.94,4675.67,1
2023-07-31,2023-07-31 12:53:00,222.34,222.34,222.34,222.34,0.0,20.94,4675.67,0
2023-07-31,2023-07-31 12:54:00,222.34,222.34,222.34,222.34,0.0,20.94,4675.67,0
2023-07-31,2023-07-31 12:55:00,222.34,222.34,222.34,222.34,0.0,20.94,4675.67,0
2023-07-31,2023-07-31 12:56:00,222.34,222.34,222.34,222.34,0.0,20.94,4675.67,0
2023-07-31,2023-07-31 12:57:00,222.34,222.35,222.34,222.35,0.0,20.94,4675.67,1
2023-07-31,2023-07-31 12:58:00,222.35,222.35,222.35,222.35,0.0,20.94,4675.67,0
2023-07-31,2023-07-31 12:59:00,222.35,222.35,222.35,222.35,0.0,20.94,4675.67,0
2023-07-31,2023-07-31 13:00:00,222.35,225.5,222.1,222.35,0.0,20.94,4675.67,0
2023-07-31,2023-07-31 13:01:00,222.35,222.35,222.35,222.35,0.0,20.94,4675.67,0
2023-07-31,2023-07-31 13:02:00,222.35,222.36,222.35,222.36,0.0,20.94,4675.67,1
2023-07-31,2023-07-31 13:03:00,222.36,222.36,222.36,222.36,0.0,20.94,4675.67,0
2023-07-31,2023-07-31 13:04:00,222.36,222.36,222.36,222.36,0.0,20.94,4675.67,0
2023-07-31,2023-07-31 13:05:00,222.36,222.36,222.36,222.36,0.0,20.94,4675.67,0
2023-07-31,2023-07-31 13:06:00,222.36,222.36,222.36,222.36,0.0,20.94,4675.67,0
2023-07-31,2023-07-31 13:07:00,222.36,222.37,222.36,222.37,0.0,20.94,4675.67,1
2023-07-31,2023-07-31 13:08:00,222.37,222.37,222.37,222.37,0.0,20.94,4675.67,0
2023-07-31,2023-07-31 13:09:00,222.37,222.37,222.37,222.37,0.0,20.94,4675.67,0
2023-07-31,2023-07-31 13:10:00,222.37,222.37,222.37,222.37,0.0,20.94,4675.67,0
2023-07-31,2023-07-31 13:11:00,222.37,222.38,222.37,222.38,0.0,20.94,4675.67,1
2023-07-31,2023-07-31 13:12:00,222.38,222.38,222.38,222.38,0.0,20.94,4675.67,0
2023-07-31,2023-07-31 13:13:00,222.38,222.38,222.38,222.38,0.0,20.94,4675.67,0
2023-07-31,2023-07-31 13:14:00,222.38,222.38,222.38,222.38,0.0,20.94,4675.67,0
2023-07-31,2023-07-31 13:15:00,222.38,222.38,222.38,222.38,0.0,20.94,4675.67,0
2023-07-31,2023-07-31 13:16:00,222.38,222.39,222.38,222.39,0.0,20.94,4675.67,1
2023-07-31,2023-07-31 13:17:00,222.39,222.39,222.39,222.39,0.0,20.94,4675.67,0
2023-07-31,2023-07-31 13:18:00,222.39,222.39,222.39,222.39,0.0,20.94,4675.67,0
2023-07-31,2023-07-31 13:19:00,222.39,222.39,222.39,222.39,0.0,20.94,4675.67,0
2023-07-31,2023-07-31 13:20:00,222.39,222.39,222.39,222.39,0.0,20.94,4675.67,0
2023-07-31,2023-07-31 13:21:00,222.39,222.4,222.39,222.4,0.0,20.94,4675.67,1
2023-07-31,2023-07-31 13:22:00,222.4,222.4,222.4,222.4,0.0,20.94,4675.67,0
2023-07-31,2023-07-31 13:23:00,222.4,222.4,222.4,222.4,0.0,20.94,4675.67,0
2023-07-31,2023-07-31 13:24:00,222.4,222.4,222.4,222.4,0.0,20.94,4675.67,0
2023-07-31,2023-07-31 13:25:00,222.4,222.4,222.4,222.4,0.0,20.94,4675.67,0
2023-07-31,2023-07-31 13:26:00,222.4,222.41,222.4,222.41,0.0,20.94,4675.67,1
2023-07-31,2023-07-31 13:27:00,222.41,222.41,222.41,222.41,0.0,20.94,4675.67,0
2023-07-31,2023-07-31 13:28:00,222.41,222.41,222.41,222.41,0.0,20.94,4675.67,0
2023-07-31,2023-07-31 13:29:00,222.41,222.41,222.41,222.41,0.0,20.94,4675.67,0
2023-07-31,2023-07-31 13:30:00,222.41,222.41,222.41,222.41,0.0,20.94,4675.67,0
2023-07-31,2023-07-31 13:31:00,222.41,222.42,222.41,222.42,0.0,20.94,4675.67,1
2023-07-31,2023-07-31 13:32:00,222.42,222.42,222.42,222.42,0.0,20.94,4675.67,0
2023-07-31,2023-07-31 13:33:00,222.42,222.42,222.42,222.42,0.0,20.94,4675.67,0
2023-07-31,2023-07-31 13:34:00,222.42,222.42,222.42,222.42,0.0,20.94,4675.67,0
2023-07-31,2023-07-31 13:35:00,222.42,222.42,222.42,222.42,0.0,20.94,4675.67,0
2023-07-31,2023-07-31 13:36:00,222.42,222.43,222.42,222.43,0.0,20.94,4675.67,1
2023-07-31,2023-07-31 13:37:00,222.43,222.43,222.43,222.43,0.0,20.94,4675.67,0
2023-07-31,2023-07-31 13:38:00,222.43,222.43,222.43,222.43,0.0,20.94,4675.67,0
2023-07-31,2023-07-31 13:39:00,222.43,222.43,222.43,222.43,0.0,20.94,4675.67,0
2023-07-31,2023-07-31 13:40:00,222.43,222.44,222.43,222.44,0.0,20.94,4675.67,1
2023-07-31,2023-07-31 13:41:00,222.44,222.44,222.44,222.44,0.0,20.94,4675.67,0
2023-07-31,2023-07-31 13:42:00,222.44,222.44,222.44,222.44,0.0,20.94,4675.67,0
2023-07-31,2023-07-31 13:43:00,222.44,222.44,222.44,222.44,0.0,20.94,4675.67,0
2023-07-31,2023-07-31 13:44:00,222.44,222.44,222.44,222.44,0.0,20.94,4675.67,0
2023-07-31,2023-07-31 13:45:00,222.44,222.45,222.44,222.45,0.0,20.94,4675.67,1
2023-07-31,2023-07-31 13:46:00,222.45,222.45,222.45,222.45,0.0,20.94,4675.67,0
2023-07-31,2023-07-31 13:47:00,222.45,222.45,222.45,222.45,0.0,20.94,4675.67,0
2023-07-31,2023-07-31 13:48:00,222.45,222.45,222.45,222.45,0.0,20.94,4675.67,0
2023-07-31,2023-07-31 13:49:00,222.45,222.45,222.45,222.45,0.0,20.94,4675.67,0
2023-07-31,2023-07-31 13:50:00,222.45,222.46,222.45,222.46,0.0,20.94,4675.67,1
2023-07-31,2023-07-31 13:51:00,222.46,222.46,222.46,222.46,0.0,20.94,4675.67,0
2023-07-31,2023-07-31 13:52:00,222.46,222.46,222.46,222.46,0.0,20.94,4675.67,0
2023-07-31,2023-07-31 13:53:00,222.46,222.46,222.46,222.46,0.0,20.94,4675.67,0
2023-07-31,2023-07-31 13:54:00,222.46,222.46,222.46,222.46,0.0,20.94,4675.67,0
2023-07-31,2023-07-31 13:55:00,222.46,222.47,222.46,222.47,0.0,20.94,4675.67,1
2023-07-31,2023-07-31 13:56:00,222.47,222.47,222.47,222.47,0.0,20.94,4675.67,0
2023-07-31,2023-07-31 13:57:00,222.47,222.47,222.47,222.47,0.0,20.94,4675.67,0
2023-07-31,2023-07-31 13:58:00,222.47,222.47,222.47,222.47,0.0,20.94,4675.67,0
2023-07-31,2023-07-31 13:59:00,222.47,222.47,222.47,222.47,0.0,20.94,4675.67,0
2023-07-31,2023-07-31 14:00:00,222.47,222.48,222.47,222.48,0.0,20.94,4675.67,1
2023-07-31,2023-07-31 14:01:00,222.48,222.48,222.48,222.48,0.0,20.94,4675.67,0
2023-07-31,2023-07-31 14:02:00,222.48,222.48,222.48,222.48,0.0,20.94,4675.67,0
2023-07-31,2023-07-31 14:03:00,222.48,222.48,222.48,222.48,0.0,20.94,4675.67,0
2023-07-31,2023-07-31 14:04:00,222.48,222.49,222.48,222.49,0.0,20.94,4675.67,1
2023-07-31,2023-07-31 14:05:00,222.49,222.49,222.49,222.49,0.0,20.94,4675.67,0
2023-07-31,2023-07-31 14:06:00,222.49,222.49,222.49,222.49,0.0,20.94,4675.67,0
2023-07-31,2023-07-31 14:07:00,222.49,222.49,222.49,222.49,0.0,20.94,4675.67,0
2023-07-31,2023-07-31 14:08:00,222.49,222.49,222.49,222.49,0.0,20.94,4675.67,0
2023-07-31,2023-07-31 14:09:00,222.49,222.5,222.49,222.5,0.0,20.94,4675.67,1
2023-07-31,2023-07-31 14:10:00,222.5,222.5,222.5,222.5,0.0,20.94,4675.67,0
2023-07-31,2023-07-31 14:11:00,222.5,222.5,222.5,222.5,0.0,20.94,4675.67,0
2023-07-31,2023-07-31 14:12:00,222.5,222.5,222.5,222.5,0.0,20.94,4675.67,0
2023-07-31,2023-07-31 14:13:00,222.5,222.5,222.5,222.5,0.0,20.94,4675.67,0
2023-07-31,2023-07-31 14:14:00,222.5,222.51,222.5,222.51,0.0,20.94,4675.67,1
2023-07-31,2023-07-31 14:15:00,222.51,222.51,222.51,222.51,0.0,20.94,4675.67,0
2023-07-31,2023-07-31 14:16:00,222.51,222.51,222.51,222.51,0.0,20.94,4675.67,0
2023-07-31,2023-07-31 14:17:00,222.51,222.51,222.51,222.51,0.0,20.94,4675.67,0
2023-07-31,2023-07-31 14:18:00,222.51,222.51,222.51,222.51,0.0,20.94,4675.67,0
2023-07-31,2023-07-31 14:19:00,222.51,222.52,222.51,222.52,0.0,20.94,4675.67,1
2023-07-31,2023-07-31 14:20:00,222.52,222.52,222.52,222.52,0.0,20.94,4675.67,0
2023-07-31,2023-07-31 14:21:00,222.52,222.52,222.52,222.52,0.0,20.94,4675.67,0
2023-07-31,2023-07-31 14:22:00,222.52,222.52,222.52,222.52,0.0,20.94,4675.67,0
2023-07-31,2023-07-31 14:23:00,222.52,222.53,222.52,222.53,0.0,20.94,4675.67,1
2023-07-31,2023-07-31 14:24:00,222.53,222.53,222.53,222.53,0.0,20.94,4675.67,0
2023-07-31,2023-07-31 14:25:00,222.53,222.53,222.53,222.53,0.0,20.94,4675.67,0
2023-07-31,2023-07-31 14:26:00,222.53,222.53,222.53,222.53,0.0,20.94,4675.67,0
2023-07-31,2023-07-31 14:27:00,222.53,222.53,222.53,222.53,0.0,20.94,4675.67,0
2023-07-31,2023-07-31 14:28:00,222.53,222.54,222.53,222.54,0.0,20.94,4675.67,1
2023-07-31,2023-07-31 14:29:00,222.54,222.54,222.54,222.54,0.0,20.94,4675.67,0
2023-07-31,2023-07-31 14:30:00,222.54,222.54,222.54,222.54,0.0,20.94,4675.67,0
2023-07-31,2023-07-31 14:31:00,222.54,222.54,222.54,222.54,0.0,20.94,4675.67,0
2023-07-31,2023-07-31 14:32:00,222.54,222.54,222.54,222.54,0.0,20.94,4675.67,0
2023-07-31,2023-07-31 14:33:00,222.54,222.55,222.54,222.55,0.0,20.94,4675.67,1
2023-07-31,2023-07-31 14:34:00,222.55,222.55,222.55,222.55,0.0,20.94,4675.67,0
2023-07-31,2023-07-31 14:35:00,222.55,222.55,222.55,222.55,0.0,20.94,4675.67,0
2023-07-31,2023-07-31 14:36:00,222.55,222.55,222.55,222.55,0.0,20.94,4675.67,0
2023-07-31,2023-07-31 14:37:00,222.55,222.55,222.55,222.55,0.0,20.94,4675.67,0
2023-07-31,2023-07-31 14:38:00,222.55,222.56,222.55,222.56,0.0,20.94,4675.67,1
2023-07-31,2023-07-31 14:39:00,222.56,222.56,222.56,222.56,0.0,20.94,4675.67,0
2023-07-31,2023-07-31 14:40:00,222.56,222.56,222.56,222.56,0.0,20.94,4675.67,0
2023-07-31,2023-07-31 14:41:00,222.56,222.56,222.56,222.56,0.0,20.94,4675.67,0
2023-07-31,2023-07-31 14:42:00,222.56,222.56,222.56,222.56,0.0,20.94,4675.67,0
2023-07-31,2023-07-31 14:43:00,222.56,222.57,222.56,222.57,0.0,20.94,4675.67,1
2023-07-31,2023-07-31 14:44:00,222.57,222.57,222.57,222.57,0.0,20.94,4675.67,0
2023-07-31,2023-07-31 14:45:00,222.57,222.57,222.57,222.57,0.0,20.94,4675.67,0
2023-07-31,2023-07-31 14:46:00,222.57,222.57,222.57,222.57,0.0,20.94,4675.67,0
2023-07-31,2023-07-31 14:47:00,222.57,222.57,222.57,222.57,0.0,20.94,4675.67,0
2023-07-31,2023-07-31 14:48:00,222.57,222.58,222.57,222.58,0.0,20.94,4675.67,1
2023-07-31,2023-07-31 14:49:00,222.58,222.58,222.58,222.58,0.0,20.94,4675.67,0
2023-07-31,2023-07-31 14:50:00,222.58,222.58,222.58,222.58,0.0,20.94,4675.67,0
2023-07-31,2023-07-31 14:51:00,222.58,222.58,222.58,222.58,0.0,20.94,4675.67,0
2023-07-31,2023-07-31 14:52:00,222.58,222.59,222.58,222.59,0.0,20.94,4675.67,1
2023-07-31,2023-07-31 14:53:00,222.59,222.59,222.59,222.59,0.0,20.94,4675.67,0
2023-07-31,2023-07-31 14:54:00,222.59,222.59,222.59,222.59,0.0,20.94,4675.67,0
2023-07-31,2023-07-31 14:55:00,222.59,222.59,222.59,222.59,0.0,20.94,4675.67,0
2023-07-31,2023-07-31 14:56:00,222.59,222.59,222.59,222.59,0.0,20.94,4675.67,0
2023-07-31,2023-07-31 14:57:00,222.59,222.6,222.59,222.6,0.0,20.94,4675.67,1
2023-07-31,2023-07-31 14:58:00,222.6,222.6,222.6,222.6,0.0,20.94,4675.67,0
2023-07-31,2023-07-31 14:59:00,222.6,222.6,222.6,222.6,0.0,20.94,4675.67,0
2023-07-31,2023-07-31 15:00:00,222.6,225.5,222.1,222.6,0.0,20.94,4675.67,0
2023-08-01,2023-08-01 11:00:00,227.0,227.0,223.4,226.96,-0.02,24.02,5244.69,-1
2023-08-01,2023-08-01 11:01:00,226.96,226.96,226.93,226.93,-0.01,24.02,5244.69,-1
2023-08-01,2023-08-01 11:02:00,226.93,226.93,226.89,226.89,-0.02,24.02,5244.69,-1
2023-08-01,2023-08-01 11:03:00,226.89,226.89,226.85,226.85,-0.02,24.02,5244.69,-1
2023-08-01,2023-08-01 11:04:00,226.85,226.85,226.81,226.81,-0.02,24.02,5244.69,-1
2023-08-01,2023-08-01 11:05:00,226.81,226.81,226.78,226.78,-0.01,24.02,5244.69,-1
2023-08-01,2023-08-01 11:06:00,226.78,226.78,226.74,226.74,-0.02,24.02,5244.69,-1
2023-08-01,2023-08-01 11:07:00,226.74,226.74,226.7,226.7,-0.02,24.02,5244.69,-1
2023-08-01,2023-08-01 11:08:00,226.7,226.7,226.66,226.66,-0.02,24.02,5244.69,-1
2023-08-01,2023-08-01 11:09:00,226.66,226.66,226.62,226.62,-0.02,24.02,5244.69,-1
2023-08-01,2023-08-01 11:10:00,226.62,226.62,226.59,226.59,-0.01,24.02,5244.69,-1
2023-08-01,2023-08-01 11:11:00,226.59,226.59,226.55,226.55,-0.02,24.02,5244.69,-1
2023-08-01,2023-08-01 11:12:00,226.55,226.55,226.51,226.51,-0.02,24.02,5244.69,-1
2023-08-01,2023-08-01 11:13:00,226.51,226.51,226.47,226.47,-0.02,24.02,5244.69,-1
2023-08-01,2023-08-01 11:14:00,226.47,226.47,226.44,226.44,-0.01,24.02,5244.69,-1
2023-08-01,2023-08-01 11:15:00,226.44,226.44,226.4,226.4,-0.02,24.02,5244.69,-1
2023-08-01,2023-08-01 11:16:00,226.4,226.4,226.36,226.36,-0.02,24.02,5244.69,-1
2023-08-01,2023-08-01 11:17:00,226.36,226.36,226.32,226.32,-0.02,24.02,5244.69,-1
2023-08-01,2023-08-01 11:18:00,226.32,226.32,226.29,226.29,-0.01,24.02,5244.69,-1
2023-08-01,2023-08-01 11:19:00,226.29,226.29,226.25,226.25,-0.02,24.02,5244.69,-1
2023-08-01,2023-08-01 11:20:00,226.25,226.25,226.21,226.21,-0.02,24.02,5244.69,-1
2023-08-01,2023-08-01 11:21:00,226.21,226.21,226.18,226.18,-0.01,24.02,5244.69,-1
2023-08-01,2023-08-01 11:22:00,226.18,226.18,226.14,226.14,-0.02,24.02,5244.69,-1
2023-08-01,2023-08-01 11:23:00,226.14,226.14,226.1,226.1,-0.02,24.02,5244.69,-1
2023-08-01,2023-08-01 11:24:00,226.1,226.1,226.06,226.06,-0.02,24.02,5244.69,-1
2023-08-01,2023-08-01 11:25:00,226.06,226.06,226.03,226.03,-0.01,24.02,5244.69,-1
2023-08-01,2023-08-01 11:26:00,226.03,226.03,225.99,225.99,-0.02,24.02,5244.69,-1
2023-08-01,2023-08-01 11:27:00,225.99,225.99,225.95,225.95,-0.02,24.02,5244.69,-1
2023-08-01,2023-08-01 11:28:00,225.95,225.95,225.91,225.91,-0.02,24.02,5244.69,-1
2023-08-01,2023-08-01 11:29:00,225.91,225.91,225.88,225.88,-0.01,24.02,5244.69,-1
2023-08-01,2023-08-01 11:30:00,225.88,225.88,225.84,225.84,-0.02,24.02,5244.69,-1
2023-08-01,2023-08-01 11:31:00,225.84,225.84,225.8,225.8,-0.02,24.02,5244.69,-1
2023-08-01,2023-08-01 11:32:00,225.8,225.8,225.76,225.76,-0.02,24.02,5244.69,-1
2023-08-01,2023-08-01 11:33:00,225.76,225.76,225.72,225.72,-0.02,24.02,5244.69,-1
2023-08-01,2023-08-01 11:34:00,225.72,225.72,225.69,225.69,-0.01,24.02,5244.69,-1
2023-08-01,2023-08-01 11:35:00,225.69,225.69,225.65,225.65,-0.02,24.02,5244.69,-1
2023-08-01,2023-08-01 11:36:00,225.65,225.65,225.61,225.61,-0.02,24.02,5244.69,-1
2023-08-01,2023-08-01 11:37:00,225.61,225.61,225.57,225.57,-0.02,24.02,5244.69,-1
2023-08-01,2023-08-01 11:38:00,225.57,225.57,225.54,225.54,-0.01,24.02,5244.69,-1
2023-08-01,2023-08-01 11:39:00,225.54,225.54,225.5,225.5,-0.02,24.02,5244.69,-1
2023-08-01,2023-08-01 11:40:00,225.5,225.5,225.46,225.46,-0.02,24.02,5244.69,-1
2023-08-01,2023-08-01 11:41:00,225.46,225.46,225.43,225.43,-0.01,24.02,5244.69,-1
2023-08-01,2023-08-01 11:42:00,225.43,225.43,225.39,225.39,-0.02,24.02,5244.69,-1
2023-08-01,2023-08-01 11:43:00,225.39,225.39,225.35,225.35,-0.02,24.02,5244.69,-1
2023-08-01,2023-08-01 11:44:00,225.35,225.35,225.31,225.31,-0.02,24.02,5244.69,-1
2023-08-01,2023-08-01 11:45:00,225.31,225.31,225.28,225.28,-0.01,24.02,5244.69,-1
2023-08-01,2023-08-01 11:46:00,225.28,225.28,225.24,225.24,-0.02,24.02,5244.69,-1
2023-08-01,2023-08-01 11:47:00,225.24,225.24,225.2,225.2,-0.02,24.02,5244.69,-1
2023-08-01,2023-08-01 11:48:00,225.2,225.2,225.16,225.16,-0.02,24.02,5244.69,-1
2023-08-01,2023-08-01 11:49:00,225.16,225.16,225.12,225.12,-0.02,24.02,5244.69,-1
2023-08-01,2023-08-01 11:50:00,225.12,225.12,225.09,225.09,-0.01,24.02,5244.69,-1
2023-08-01,2023-08-01 11:51:00,225.09,225.09,225.05,225.05,-0.02,24.02,5244.69,-1
2023-08-01,2023-08-01 11:52:00,225.05,225.05,225.01,225.01,-0.02,24.02,5244.69,-1
2023-08-01,2023-08-01 11:53:00,225.01,225.01,224.97,224.97,-0.02,24.02,5244.69,-1
2023-08-01,2023-08-01 11:54:00,224.97,224.97,224.94,224.94,-0.01,24.02,5244.69,-1
2023-08-01,2023-08-01 11:55:00,224.94,224.94,224.9,224.9,-0.02,24.02,5244.69,-1
2023-08-01,2023-08-01 11:56:00,224.9,224.9,224.86,224.86,-0.02,24.02,5244.69,-1
2023-08-01,2023-08-01 11:57:00,224.86,224.86,224.82,224.82,-0.02,24.02,5244.69,-1
2023-08-01,2023-08-01 11:58:00,224.82,224.82,224.79,224.79,-0.01,24.02,5244.69,-1
2023-08-01,2023-08-01 11:59:00,224.79,224.79,224.75,224.75,-0.02,24.02,5244.69,-1
2023-08-01,2023-08-01 12:00:00,224.75,224.75,224.71,224.71,-0.02,24.02,5244.69,-1
2023-08-01,2023-08-01 12:01:00,224.71,224.71,224.68,224.68,-0.01,24.02,5244.69,-1
2023-08-01,2023-08-01 12:02:00,224.68,224.68,224.64,224.64,-0.02,24.02,5244.69,-1
2023-08-01,2023-08-01 12:03:00,224.64,224.64,224.6,224.6,-0.02,24.02,5244.69,-1
2023-08-01,2023-08-01 12:04:00,224.6,224.6,224.56,224.56,-0.02,24.02,5244.69,-1
2023-08-01,2023-08-01 12:05:00,224.56,224.56,224.53,224.53,-0.01,24.02,5244.69,-1
2023-08-01,2023-08-01 12:06:00,224.53,224.53,224.49,224.49,-0.02,24.02,5244.69,-1
2023-08-01,2023-08-01 12:07:00,224.49,224.49,224.45,224.45,-0.02,24.02,5244.69,-1
2023-08-01,2023-08-01 12:08:00,224.45,224.45,224.41,224.41,-0.02,24.02,5244.69,-1
2023-08-01,2023-08-01 12:09:00,224.41,224.41,224.38,224.38,-0.01,24.02,5244.69,-1
2023-08-01,2023-08-01 12:10:00,224.38,224.38,224.34,224.34,-0.02,24.02,5244.69,-1
2023-08-01,2023-08-01 12:11:00,224.34,224.34,224.3,224.3,-0.02,24.02,5244.69,-1
2023-08-01,2023-08-01 12:12:00,224.3,224.3,224.26,224.26,-0.02,24.02,5244.69,-1
2023-08-01,2023-08-01 12:13:00,224.26,224.26,224.22,224.22,-0.02,24.02,5244.69,-1
2023-08-01,2023-08-01 12:14:00,224.22,224.22,224.19,224.19,-0.01,24.02,5244.69,-1
2023-08-01,2023-08-01 12:15:00,224.19,224.19,224.15,224.15,-0.02,24.02,5244.69,-1
2023-08-01,2023-08-01 12:16:00,224.15,224.15,224.11,224.11,-0.02,24.02,5244.69,-1
2023-08-01,2023-08-01 12:17:00,224.11,224.11,224.07,224.07,-0.02,24.02,5244.69,-1
2023-08-01,2023-08-01 12:18:00,224.07,224.07,224.04,224.04,-0.01,24.02,5244.69,-1
2023-08-01,2023-08-01 12:19:00,224.04,224.04,224.0,224.0,-0.02,24.02,5244.69,-1
2023-08-01,2023-08-01 12:20:00,224.0,224.0,223.96,223.96,-0.02,24.02,5244.69,-1
2023-08-01,2023-08-01 12:21:00,223.96,223.96,223.93,223.93,-0.01,24.02,5244.69,-1
2023-08-01,2023-08-01 12:22:00,223.93,223.93,223.89,223.89,-0.02,24.02,5244.69,-1
2023-08-01,2023-08-01 12:23:00,223.89,223.89,223.85,223.85,-0.02,24.02,5244.69,-1
2023-08-01,2023-08-01 12:24:00,223.85,223.85,223.81,223.81,-0.02,24.02,5244.69,-1
2023-08-01,2023-08-01 12:25:00,223.81,223.81,223.78,223.78,-0.01,24.02,5244.69,-1
2023-08-01,2023-08-01 12:26:00,223.78,223.78,223.74,223.74,-0.02,24.02,5244.69,-1
2023-08-01,2023-08-01 12:27:00,223.74,223.74,223.7,223.7,-0.02,24.02,5244.69,-1
2023-08-01,2023-08-01 12:28:00,223.7,223.7,223.66,223.66,-0.02,24.02,5244.69,-1
2023-08-01,2023-08-01 12:29:00,223.66,223.66,223.62,223.62,-0.02,24.02,5244.69,-1
2023-08-01,2023-08-01 12:30:00,223.62,223.62,223.59,223.59,-0.01,24.02,5244.69,-1
2023-08-01,2023-08-01 12:31:00,223.59,223.59,223.55,223.55,-0.02,24.02,5244.69,-1
2023-08-01,2023-08-01 12:32:00,223.55,223.55,223.51,223.51,-0.02,24.02,5244.69,-1
2023-08-01,2023-08-01 12:33:00,223.51,223.51,223.47,223.47,-0.02,24.02,5244.69,-1
2023-08-01,2023-08-01 12:34:00,223.47,223.47,223.44,223.44,-0.01,24.02,5244.69,-1
2023-08-01,2023-08-01 12:35:00,223.44,223.44,223.4,223.4,-0.02,24.02,5244.69,-1
2023-08-01,2023-08-01 12:36:00,223.4,223.4,223.36,223.36,-0.02,24.02,5244.69,-1
2023-08-01,2023-08-01 12:37:00,223.36,223.36,223.32,223.32,-0.02,24.02,5244.69,-1
2023-08-01,2023-08-01 12:38:00,223.32,223.32,223.29,223.29,-0.01,24.02,5244.69,-1
2023-08-01,2023-08-01 12:39:00,223.29,223.29,223.25,223.25,-0.02,24.02,5244.69,-1
2023-08-01,2023-08-01 12:40:00,223.25,223.25,223.21,223.21,-0.02,24.02,5244.69,-1
2023-08-01,2023-08-01 12:41:00,223.21,223.21,223.18,223.18,-0.01,24.02,5244.69,-1
2023-08-01,2023-08-01 12:42:00,223.18,223.18,223.14,223.14,-0.02,24.02,5244.69,-1
2023-08-01,2023-08-01 12:43:00,223.14,223.14,223.1,223.1,-0.02,24.02,5244.69,-1
2023-08-01,2023-08-01 12:44:00,223.1,223.1,223.06,223.06,-0.02,24.02,5244.69,-1
2023-08-01,2023-08-01 12:45:00,223.06,223.06,223.03,223.03,-0.01,24.02,5244.69,-1
2023-08-01,2023-08-01 12:46:00,223.03,223.03,222.99,222.99,-0.02,24.02,5244.69,-1
2023-08-01,2023-08-01 12:47:00,222.99,222.99,222.95,222.95,-0.02,24.02,5244.69,-1
2023-08-01,2023-08-01 12:48:00,222.95,222.95,222.91,222.91,-0.02,24.02,5244.69,-1
2023-08-01,2023-08-01 12:49:00,222.91,222.91,222.88,222.88,-0.01,24.02,5244.69,-1
2023-08-01,2023-08-01 12:50:00,222.88,222.88,222.84,222.84,-0.02,24.02,5244.69,-1
2023-08-01,2023-08-01 12:51:00,222.84,222.84,222.8,222.8,-0.02,24.02,5244.69,-1
2023-08-01,2023-08-01 12:52:00,222.8,222.8,222.76,222.76,-0.02,24.02,5244.69,-1
2023-08-01,2023-08-01 12:53:00,222.76,222.76,222.72,222.72,-0.02,24.02,5244.69,-1
2023-08-01,2023-08-01 12:54:00,222.72,222.72,222.69,222.69,-0.01,24.02,5244.69,-1
2023-08-01,2023-08-01 12:55:00,222.69,222.69,222.65,222.65,-0.02,24.02,5244.69,-1
2023-08-01,2023-08-01 12:56:00,222.65,222.65,222.61,222.61,-0.02,24.02,5244.69,-1
2023-08-01,2023-08-01 12:57:00,222.61,222.61,222.57,222.57,-0.02,24.02,5244.69,-1
2023-08-01,2023-08-01 12:58:00,222.57,222.57,222.54,222.54,-0.01,24.02,5244.69,-1
2023-08-01,2023-08-01 12:59:00,222.54,222.54,222.5,222.5,-0.02,24.02,5244.69,-1
2023-08-01,2023-08-01 13:00:00,222.5,227.0,215.0,222.46,-0.02,24.02,5244.69,-1
2023-08-01,2023-08-01 13:01:00,222.46,222.46,222.43,222.43,-0.01,24.02,5244.69,-1
2023-08-01,2023-08-01 13:02:00,222.43,222.43,222.39,222.39,-0.02,24.02,5244.69,-1
2023-08-01,2023-08-01 13:03:00,222.39,222.39,222.35,222.35,-0.02,24.02,5244.69,-1
2023-08-01,2023-08-01 13:04:00,222.35,222.35,222.31,222.31,-0.02,24.02,5244.69,-1
2023-08-01,2023-08-01 13:05:00,222.31,222.31,222.28,222.28,-0.01,24.02,5244.69,-1
2023-08-01,2023-08-01 13:06:00,222.28,222.28,222.24,222.24,-0.02,24.02,5244.69,-1
2023-08-01,2023-08-01 13:07:00,222.24,222.24,222.2,222.2,-0.02,24.02,5244.69,-1
2023-08-01,2023-08-01 13:08:00,222.2,222.2,222.16,222.16,-0.02,24.02,5244.69,-1
2023-08-01,2023-08-01 13:09:00,222.16,222.16,222.12,222.12,-0.02,24.02,5244.69,-1
2023-08-01,2023-08-01 13:10:00,222.12,222.12,222.09,222.09,-0.01,24.02,5244.69,-1
2023-08-01,2023-08-01 13:11:00,222.09,222.09,222.05,222.05,-0.02,24.02,5244.69,-1
2023-08-01,2023-08-01 13:12:00,222.05,222.05,222.01,222.01,-0.02,24.02,5244.69,-1
2023-08-01,2023-08-01 13:13:00,222.01,222.01,221.97,221.97,-0.02,24.02,5244.69,-1
2023-08-01,2023-08-01 13:14:00,221.97,221.97,221.94,221.94,-0.01,24.02,5244.69,-1
2023-08-01,2023-08-01 13:15:00,221.94,221.94,221.9,221.9,-0.02,24.02,5244.69,-1
2023-08-01,2023-08-01 13:16:00,221.9,221.9,221.86,221.86,-0.02,24.02,5244.69,-1
2023-08-01,2023-08-01 13:17:00,221.86,221.86,221.82,221.82,-0.02,24.02,5244.69,-1
2023-08-01,2023-08-01 13:18:00,221.82,221.82,221.79,221.79,-0.01,24.02,5244.69,-1
2023-08-01,2023-08-01 13:19:00,221.79,221.79,221.75,221.75,-0.02,24.02,5244.69,-1
2023-08-01,2023-08-01 13:20:00,221.75,221.75,221.71,221.71,-0.02,24.02,5244.69,-1
2023-08-01,2023-08-01 13:21:00,221.71,221.71,221.68,221.68,-0.01,24.02,5244.69,-1
2023-08-01,2023-08-01 13:22:00,221.68,221.68,221.64,221.64,-0.02,24.02,5244.69,-1
2023-08-01,2023-08-01 13:23:00,221.64,221.64,221.6,221.6,-0.02,24.02,5244.69,-1
2023-08-01,2023-08-01 13:24:00,221.6,221.6,221.56,221.56,-0.02,24.02,5244.69,-1
2023-08-01,2023-08-01 13:25:00,221.56,221.56,221.53,221.53,-0.01,24.02,5244.69,-1
2023-08-01,2023-08-01 13:26:00,221.53,221.53,221.49,221.49,-0.02,24.02,5244.69,-1
2023-08-01,2023-08-01 13:27:00,221.49,221.49,221.45,221.45,-0.02,24.02,5244.69,-1
2023-08-01,2023-08-01 13:28:00,221.45,221.45,221.41,221.41,-0.02,24.02,5244.69,-1
2023-08-01,2023-08-01 13:29:00,221.41,221.41,221.38,221.38,-0.01,24.02,5244.69,-1
2023-08-01,2023-08-01 13:30:00,221.38,221.38,221.34,221.34,-0.02,24.02,5244.69,-1
2023-08-01,2023-08-01 13:31:00,221.34,221.34,221.3,221.3,-0.02,24.02,5244.69,-1
2023-08-01,2023-08-01 13:32:00,221.3,221.3,221.26,221.26,-0.02,24.02,5244.69,-1
2023-08-01,2023-08-01 13:33:00,221.26,221.26,221.22,221.22,-0.02,24.02,5244.69,-1
2023-08-01,2023-08-01 13:34:00,221.22,221.22,221.19,221.19,-0.01,24.02,5244.69,-1
2023-08-01,2023-08-01 13:35:00,221.19,221.19,221.15,221.15,-0.02,24.02,5244.69,-1
2023-08-01,2023-08-01 13:36:00,221.15,221.15,221.11,221.11,-0.02,24.02,5244.69,-1
2023-08-01,2023-08-01 13:37:00,221.11,221.11,221.07,221.07,-0.02,24.02,5244.69,-1
2023-08-01,2023-08-01 13:38:00,221.07,221.07,221.04,221.04,-0.01,24.02,5244.69,-1
2023-08-01,2023-08-01 13:39:00,221.04,221.04,221.0,221.0,-0.02,24.02,5244.69,-1
2023-08-01,2023-08-01 13:40:00,221.0,221.0,220.96,220.96,-0.02,24.02,5244.69,-1
2023-08-01,2023-08-01 13:41:00,220.96,220.96,220.93,220.93,-0.01,24.02,5244.69,-1
2023-08-01,2023-08-01 13:42:00,220.93,220.93,220.89,220.89,-0.02,24.02,5244.69,-1
2023-08-01,2023-08-01 13:43:00,220.89,220.89,220.85,220.85,-0.02,24.02,5244.69,-1
2023-08-01,2023-08-01 13:44:00,220.85,220.85,220.81,220.81,-0.02,24.02,5244.69,-1
2023-08-01,2023-08-01 13:45:00,220.81,220.81,220.78,220.78,-0.01,24.02,5244.69,-1
2023-08-01,2023-08-01 13:46:00,220.78,220.78,220.74,220.74,-0.02,24.02,5244.69,-1
2023-08-01,2023-08-01 13:47:00,220.74,220.74,220.7,220.7,-0.02,24.02,5244.69,-1
2023-08-01,2023-08-01 13:48:00,220.7,220.7,220.66,220.66,-0.02,24.02,5244.69,-1
2023-08-01,2023-08-01 13:49:00,220.66,220.66,220.62,220.62,-0.02,24.02,5244.69,-1
2023-08-01,2023-08-01 13:50:00,220.62,220.62,220.59,220.59,-0.01,24.02,5244.69,-1
2023-08-01,2023-08-01 13:51:00,220.59,220.59,220.55,220.55,-0.02,24.02,5244.69,-1
2023-08-01,2023-08-01 13:52:00,220.55,220.55,220.51,220.51,-0.02,24.02,5244.69,-1
2023-08-01,2023-08-01 13:53:00,220.51,220.51,220.47,220.47,-0.02,24.02,5244.69,-1
2023-08-01,2023-08-01 13:54:00,220.47,220.47,220.44,220.44,-0.01,24.02,5244.69,-1
2023-08-01,2023-08-01 13:55:00,220.44,220.44,220.4,220.4,-0.02,24.02,5244.69,-1
2023-08-01,2023-08-01 13:56:00,220.4,220.4,220.36,220.36,-0.02,24.02,5244.69,-1
2023-08-01,2023-08-01 13:57:00,220.36,220.36,220.32,220.32,-0.02,24.02,5244.69,-1
2023-08-01,2023-08-01 13:58:00,220.32,220.32,220.29,220.29,-0.01,24.02,5244.69,-1
2023-08-01,2023-08-01 13:59:00,220.29,220.29,220.25,220.25,-0.02,24.02,5244.69,-1
2023-08-01,2023-08-01 14:00:00,220.25,220.25,220.21,220.21,-0.02,24.02,5244.69,-1
2023-08-01,2023-08-01 14:01:00,220.21,220.21,220.18,220.18,-0.01,24.02,5244.69,-1
2023-08-01,2023-08-01 14:02:00,220.18,220.18,220.14,220.14,-0.02,24.02,5244.69,-1
2023-08-01,2023-08-01 14:03:00,220.14,220.14,220.1,220.1,-0.02,24.02,5244.69,-1
2023-08-01,2023-08-01 14:04:00,220.1,220.1,220.06,220.06,-0.02,24.02,5244.69,-1
2023-08-01,2023-08-01 14:05:00,220.06,220.06,220.03,220.03,-0.01,24.02,5244.69,-1
2023-08-01,2023-08-01 14:06:00,220.03,220.03,219.99,219.99,-0.02,24.02,5244.69,-1
2023-08-01,2023-08-01 14:07:00,219.99,219.99,219.95,219.95,-0.02,24.02,5244.69,-1
2023-08-01,2023-08-01 14:08:00,219.95,219.95,219.91,219.91,-0.02,24.02,5244.69,-1
2023-08-01,2023-08-01 14:09:00,219.91,219.91,219.88,219.88,-0.01,24.02,5244.69,-1
2023-08-01,2023-08-01 14:10:00,219.88,219.88,219.84,219.84,-0.02,24.02,5244.69,-1
2023-08-01,2023-08-01 14:11:00,219.84,219.84,219.8,219.8,-0.02,24.02,5244.69,-1
2023-08-01,2023-08-01 14:12:00,219.8,219.8,219.76,219.76,-0.02,24.02,5244.69,-1
2023-08-01,2023-08-01 14:13:00,219.76,219.76,219.72,219.72,-0.02,24.02,5244.69,-1
2023-08-01,2023-08-01 14:14:00,219.72,219.72,219.69,219.69,-0.01,24.02,5244.69,-1
2023-08-01,2023-08-01 14:15:00,219.69,219.69,219.65,219.65,-0.02,24.02,5244.69,-1
2023-08-01,2023-08-01 14:16:00,219.65,219.65,219.61,219.61,-0.02,24.02,5244.69,-1
2023-08-01,2023-08-01 14:17:00,219.61,219.61,219.57,219.57,-0.02,24.02,5244.69,-1
2023-08-01,2023-08-01 14:18:00,219.57,219.57,219.54,219.54,-0.01,24.02,5244.69,-1
2023-08-01,2023-08-01 14:19:00,219.54,219.54,219.5,219.5,-0.02,24.02,5244.69,-1
2023-08-01,2023-08-01 14:20:00,219.5,219.5,219.46,219.46,-0.02,24.02,5244.69,-1
2023-08-01,2023-08-01 14:21:00,219.46,219.46,219.43,219.43,-0.01,24.02,5244.69,-1
2023-08-01,2023-08-01 14:22:00,219.43,219.43,219.39,219.39,-0.02,24.02,5244.69,-1
2023-08-01,2023-08-01 14:23:00,219.39,219.39,219.35,219.35,-0.02,24.02,5244.69,-1
2023-08-01,2023-08-01 14:24:00,219.35,219.35,219.31,219.31,-0.02,24.02,5244.69,-1
2023-08-01,2023-08-01 14:25:00,219.31,219.31,219.28,219.28,-0.01,24.02,5244.69,-1
2023-08-01,2023-08-01 14:26:00,219.28,219.28,219.24,219.24,-0.02,24.02,5244.69,-1
2023-08-01,2023-08-01 14:27:00,219.24,219.24,219.2,219.2,-0.02,24.02,5244.69,-1
2023-08-01,2023-08-01 14:28:00,219.2,219.2,219.16,219.16,-0.02,24.02,5244.69,-1
2023-08-01,2023-08-01 14:29:00,219.16,219.16,219.12,219.12,-0.02,24.02,5244.69,-1
2023-08-01,2023-08-01 14:30:00,219.12,219.12,219.09,219.09,-0.01,24.02,5244.69,-1
2023-08-01,2023-08-01 14:31:00,219.09,219.09,219.05,219.05,-0.02,24.02,5244.69,-1
2023-08-01,2023-08-01 14:32:00,219.05,219.05,219.01,219.01,-0.02,24.02,5244.69,-1
2023-08-01,2023-08-01 14:33:00,219.01,219.01,218.97,218.97,-0.02,24.02,5244.69,-1
2023-08-01,2023-08-01 14:34:00,218.97,218.97,218.94,218.94,-0.01,24.02,5244.69,-1
2023-08-01,2023-08-01 14:35:00,218.94,218.94,218.9,218.9,-0.02,24.02,5244.69,-1
2023-08-01,2023-08-01 14:36:00,218.9,218.9,218.86,218.86,-0.02,24.02,5244.69,-1
2023-08-01,2023-08-01 14:37:00,218.86,218.86,218.82,218.82,-0.02,24.02,5244.69,-1
2023-08-01,2023-08-01 14:38:00,218.82,218.82,218.79,218.79,-0.01,24.02,5244.69,-1
2023-08-01,2023-08-01 14:39:00,218.79,218.79,218.75,218.75,-0.02,24.02,5244.69,-1
2023-08-01,2023-08-01 14:40:00,218.75,218.75,218.71,218.71,-0.02,24.02,5244.69,-1
2023-08-01,2023-08-01 14:41:00,218.71,218.71,218.68,218.68,-0.01,24.02,5244.69,-1
2023-08-01,2023-08-01 14:42:00,218.68,218.68,218.64,218.64,-0.02,24.02,5244.69,-1
2023-08-01,2023-08-01 14:43:00,218.64,218.64,218.6,218.6,-0.02,24.02,5244.69,-1
2023-08-01,2023-08-01 14:44:00,218.6,218.6,218.56,218.56,-0.02,24.02,5244.69,-1
2023-08-01,2023-08-01 14:45:00,218.56,218.56,218.53,218.53,-0.01,24.02,5244.69,-1
2023-08-01,2023-08-01 14:46:00,218.53,218.53,218.49,218.49,-0.02,24.02,5244.69,-1
2023-08-01,2023-08-01 14:47:00,218.49,218.49,218.45,218.45,-0.02,24.02,5244.69,-1
2023-08-01,2023-08-01 14:48:00,218.45,218.45,218.41,218.41,-0.02,24.02,5244.69,-1
2023-08-01,2023-08-01 14:49:00,218.41,218.41,218.38,218.38,-0.01,24.02,5244.69,-1
2023-08-01,2023-08-01 14:50:00,218.38,218.38,218.34,218.34,-0.02,24.02,5244.69,-1
2023-08-01,2023-08-01 14:51:00,218.34,218.34,218.3,218.3,-0.02,24.02,5244.69,-1
2023-08-01,2023-08-01 14:52:00,218.3,218.3,218.26,218.26,-0.02,24.02,5244.69,-1
2023-08-01,2023-08-01 14:53:00,218.26,218.26,218.22,218.22,-0.02,24.02,5244.69,-1
2023-08-01,2023-08-01 14:54:00,218.22,218.22,218.19,218.19,-0.01,24.02,5244.69,-1
2023-08-01,2023-08-01 14:55:00,218.19,218.19,218.15,218.15,-0.02,24.02,5244.69,-1
2023-08-01,2023-08-01 14:56:00,218.15,218.15,218.11,218.11,-0.02,24.02,5244.69,-1
2023-08-01,2023-08-01 14:57:00,218.11,218.11,218.07,218.07,-0.02,24.02,5244.69,-1
2023-08-01,2023-08-01 14:58:00,218.07,218.07,218.04,218.04,-0.01,24.02,5244.69,-1
2023-08-01,2023-08-01 14:59:00,218.04,218.04,218.0,218.0,-0.02,24.02,5244.69,-1
2023-08-01,2023-08-01 15:00:00,218.0,227.0,215.0,218.0,0.0,24.02,5244.69,0
2023-08-02,2023-08-02 11:00:00,218.0,218.0,216.26,218.0,0.0,23.32,4995.57,0
2023-08-02,2023-08-02 11:01:00,218.0,218.0,217.99,217.99,-0.0,23.32,4995.57,-1
2023-08-02,2023-08-02 11:02:00,217.99,217.99,217.99,217.99,0.0,23.32,4995.57,0
2023-08-02,2023-08-02 11:03:00,217.99,217.99,217.98,217.98,-0.0,23.32,4995.57,-1
2023-08-02,2023-08-02 11:04:00,217.98,217.98,217.98,217.98,0.0,23.32,4995.57,0
2023-08-02,2023-08-02 11:05:00,217.98,217.98,217.97,217.97,-0.0,23.32,4995.57,-1
2023-08-02,2023-08-02 11:06:00,217.97,217.97,217.97,217.97,0.0,23.32,4995.57,0
2023-08-02,2023-08-02 11:07:00,217.97,217.97,217.97,217.97,0.0,23.32,4995.57,0
2023-08-02,2023-08-02 11:08:00,217.97,217.97,217.96,217.96,-0.0,23.32,4995.57,-1
2023-08-02,2023-08-02 11:09:00,217.96,217.96,217.96,217.96,0.0,23.32,4995.57,0
2023-08-02,2023-08-02 11:10:00,217.96,217.96,217.95,217.95,-0.0,23.32,4995.57,-1
2023-08-02,2023-08-02 11:11:00,217.95,217.95,217.95,217.95,0.0,23.32,4995.57,0
2023-08-02,2023-08-02 11:12:00,217.95,217.95,217.95,217.95,0.0,23.32,4995.57,0
2023-08-02,2023-08-02 11:13:00,217.95,217.95,217.94,217.94,-0.0,23.32,4995.57,-1
2023-08-02,2023-08-02 11:14:00,217.94,217.94,217.94,217.94,0.0,23.32,4995.57,0
2023-08-02,2023-08-02 11:15:00,217.94,217.94,217.93,217.93,-0.0,23.32,4995.57,-1
2023-08-02,2023-08-02 11:16:00,217.93,217.93,217.93,217.93,0.0,23.32,4995.57,0
2023-08-02,2023-08-02 11:17:00,217.93,217.93,217.93,217.93,0.0,23.32,4995.57,0
2023-08-02,2023-08-02 11:18:00,217.93,217.93,217.92,217.92,-0.0,23.32,4995.57,-1
2023-08-02,2023-08-02 11:19:00,217.92,217.92,217.92,217.92,0.0,23.32,4995.57,0
2023-08-02,2023-08-02 11:20:00,217.92,217.92,217.91,217.91,-0.0,23.32,4995.57,-1
2023-08-02,2023-08-02 11:21:00,217.91,217.91,217.91,217.91,0.0,23.32,4995.57,0
2023-08-02,2023-08-02 11:22:00,217.91,217.91,217.9,217.9,-0.0,23.32,4995.57,-1
2023-08-02,2023-08-02 11:23:00,217.9,217.9,217.9,217.9,0.0,23.32,4995.57,0
2023-08-02,2023-08-02 11:24:00,217.9,217.9,217.9,217.9,0.0,23.32,4995.57,0
2023-08-02,2023-08-02 11:25:00,217.9,217.9,217.89,217.89,-0.0,23.32,4995.57,-1
2023-08-02,2023-08-02 11:26:00,217.89,217.89,217.89,217.89,0.0,23.32,4995.57,0
2023-08-02,2023-08-02 11:27:00,217.89,217.89,217.88,217.88,-0.0,23.32,4995.57,-1
2023-08-02,2023-08-02 11:28:00,217.88,217.88,217.88,217.88,0.0,23.32,4995.57,0
2023-08-02,2023-08-02 11:29:00,217.88,217.88,217.88,217.88,0.0,23.32,4995.57,0
2023-08-02,2023-08-02 11:30:00,217.88,217.88,217.87,217.87,-0.0,23.32,4995.57,-1
2023-08-02,2023-08-02 11:31:00,217.87,217.87,217.87,217.87,0.0,23.32,4995.57,0
2023-08-02,2023-08-02 11:32:00,217.87,217.87,217.86,217.86,-0.0,23.32,4995.57,-1
2023-08-02,2023-08-02 11:33:00,217.86,217.86,217.86,217.86,0.0,23.32,4995.57,0
2023-08-02,2023-08-02 11:34:00,217.86,217.86,217.85,217.85,-0.0,23.32,4995.57,-1
2023-08-02,2023-08-02 11:35:00,217.85,217.85,217.85,217.85,0.0,23.32,4995.57,0
2023-08-02,2023-08-02 11:36:00,217.85,217.85,217.85,217.85,0.0,23.32,4995.57,0
2023-08-02,2023-08-02 11:37:00,217.85,217.85,217.84,217.84,-0.0,23.32,4995.57,-1
2023-08-02,2023-08-02 11:38:00,217.84,217.84,217.84,217.84,0.0,23.32,4995.57,0
2023-08-02,2023-08-02 11:39:00,217.84,217.84,217.83,217.83,-0.0,23.32,4995.57,-1
2023-08-02,2023-08-02 11:40:00,217.83,217.83,217.83,217.83,0.0,23.32,4995.57,0
2023-08-02,2023-08-02 11:41:00,217.83,217.83,217.82,217.82,-0.0,23.32,4995.57,-1
2023-08-02,2023-08-02 11:42:00,217.82,217.82,217.82,217.82,0.0,23.32,4995.57,0
2023-08-02,2023-08-02 11:43:00,217.82,217.82,217.82,217.82,0.0,23.32,4995.57,0
2023-08-02,2023-08-02 11:44:00,217.82,217.82,217.81,217.81,-0.0,23.32,4995.57,-1
2023-08-02,2023-08-02 11:45:00,217.81,217.81,217.81,217.81,0.0,23.32,4995.57,0
2023-08-02,2023-08-02 11:46:00,217.81,217.81,217.8,217.8,-0.0,23.32,4995.57,-1
2023-08-02,2023-08-02 11:47:00,217.8,217.8,217.8,217.8,0.0,23.32,4995.57,0
2023-08-02,2023-08-02 11:48:00,217.8,217.8,217.8,217.8,0.0,23.32,4995.57,0
2023-08-02,2023-08-02 11:49:00,217.8,217.8,217.79,217.79,-0.0,23.32,4995.57,-1
2023-08-02,2023-08-02 11:50:00,217.79,217.79,217.79,217.79,0.0,23.32,4995.57,0
2023-08-02,2023-08-02 11:51:00,217.79,217.79,217.78,217.78,-0.0,23.32,4995.57,-1
2023-08-02,2023-08-02 11:52:00,217.78,217.78,217.78,217.78,0.0,23.32,4995.57,0
2023-08-02,2023-08-02 11:53:00,217.78,217.78,217.78,217.78,0.0,23.32,4995.57,0
2023-08-02,2023-08-02 11:54:00,217.78,217.78,217.77,217.77,-0.0,23.32,4995.57,-1
2023-08-02,2023-08-02 11:55:00,217.77,217.77,217.77,217.77,0.0,23.32,4995.57,0
2023-08-02,2023-08-02 11:56:00,217.77,217.77,217.76,217.76,-0.0,23.32,4995.57,-1
2023-08-02,2023-08-02 11:57:00,217.76,217.76,217.76,217.76,0.0,23.32,4995.57,0
2023-08-02,2023-08-02 11:58:00,217.76,217.76,217.75,217.75,-0.0,23.32,4995.57,-1
2023-08-02,2023-08-02 11:59:00,217.75,217.75,217.75,217.75,0.0,23.32,4995.57,0
2023-08-02,2023-08-02 12:00:00,217.75,217.75,217.75,217.75,0.0,23.32,4995.57,0
2023-08-02,2023-08-02 12:01:00,217.75,217.75,217.74,217.74,-0.0,23.32,4995.57,-1
2023-08-02,2023-08-02 12:02:00,217.74,217.74,217.74,217.74,0.0,23.32,4995.57,0
2023-08-02,2023-08-02 12:03:00,217.74,217.74,217.73,217.73,-0.0,23.32,4995.57,-1
2023-08-02,2023-08-02 12:04:00,217.73,217.73,217.73,217.73,0.0,23.32,4995.57,0
2023-08-02,2023-08-02 12:05:00,217.73,217.73,217.72,217.72,-0.0,23.32,4995.57,-1
2023-08-02,2023-08-02 12:06:00,217.72,217.72,217.72,217.72,0.0,23.32,4995.57,0
2023-08-02,2023-08-02 12:07:00,217.72,217.72,217.72,217.72,0.0,23.32,4995.57,0
2023-08-02,2023-08-02 12:08:00,217.72,217.72,217.71,217.71,-0.0,23.32,4995.57,-1
2023-08-02,2023-08-02 12:09:00,217.71,217.71,217.71,217.71,0.0,23.32,4995.57,0
2023-08-02,2023-08-02 12:10:00,217.71,217.71,217.7,217.7,-0.0,23.32,4995.57,-1
2023-08-02,2023-08-02 12:11:00,217.7,217.7,217.7,217.7,0.0,23.32,4995.57,0
2023-08-02,2023-08-02 12:12:00,217.7,217.7,217.7,217.7,0.0,23.32,4995.57,0
2023-08-02,2023-08-02 12:13:00,217.7,217.7,217.69,217.69,-0.0,23.32,4995.57,-1
2023-08-02,2023-08-02 12:14:00,217.69,217.69,217.69,217.69,0.0,23.32,4995.57,0
2023-08-02,2023-08-02 12:15:00,217.69,217.69,217.68,217.68,-0.0,23.32,4995.57,-1
2023-08-02,2023-08-02 12:16:00,217.68,217.68,217.68,217.68,0.0,23.32,4995.57,0
2023-08-02,2023-08-02 12:17:00,217.68,217.68,217.68,217.68,0.0,23.32,4995.57,0
2023-08-02,2023-08-02 12:18:00,217.68,217.68,217.67,217.67,-0.0,23.32,4995.57,-1
2023-08-02,2023-08-02 12:19:00,217.67,217.67,217.67,217.67,0.0,23.32,4995.57,0
2023-08-02,2023-08-02 12:20:00,217.67,217.67,217.66,217.66,-0.0,23.32,4995.57,-1
2023-08-02,2023-08-02 12:21:00,217.66,217.66,217.66,217.66,0.0,23.32,4995.57,0
2023-08-02,2023-08-02 12:22:00,217.66,217.66,217.65,217.65,-0.0,23.32,4995.57,-1
2023-08-02,2023-08-02 12:23:00,217.65,217.65,217.65,217.65,0.0,23.32,4995.57,0
2023-08-02,2023-08-02 12:24:00,217.65,217.65,217.65,217.65,0.0,23.32,4995.57,0
2023-08-02,2023-08-02 12:25:00,217.65,217.65,217.64,217.64,-0.0,23.32,4995.57,-1
2023-08-02,2023-08-02 12:26:00,217.64,217.64,217.64,217.64,0.0,23.32,4995.57,0
2023-08-02,2023-08-02 12:27:00,217.64,217.64,217.63,217.63,-0.0,23.32,4995.57,-1
2023-08-02,2023-08-02 12:28:00,217.63,217.63,217.63,217.63,0.0,23.32,4995.57,0
2023-08-02,2023-08-02 12:29:00,217.63,217.63,217.62,217.62,-0.0,23.32,4995.57,-1
2023-08-02,2023-08-02 12:30:00,217.62,217.62,217.62,217.62,0.0,23.32,4995.57,0
2023-08-02,2023-08-02 12:31:00,217.62,217.62,217.62,217.62,0.0,23.32,4995.57,0
2023-08-02,2023-08-02 12:32:00,217.62,217.62,217.61,217.61,-0.0,23.32,4995.57,-1
2023-08-02,2023-08-02 12:33:00,217.61,217.61,217.61,217.61,0.0,23.32,4995.57,0
2023-08-02,2023-08-02 12:34:00,217.61,217.61,217.6,217.6,-0.0,23.32,4995.57,-1
2023-08-02,2023-08-02 12:35:00,217.6,217.6,217.6,217.6,0.0,23.32,4995.57,0
2023-08-02,2023-08-02 12:36:00,217.6,217.6,217.6,217.6,0.0,23.32,4995.57,0
2023-08-02,2023-08-02 12:37:00,217.6,217.6,217.59,217.59,-0.0,23.32,4995.57,-1
2023-08-02,2023-08-02 12:38:00,217.59,217.59,217.59,217.59,0.0,23.32,4995.57,0
2023-08-02,2023-08-02 12:39:00,217.59,217.59,217.58,217.58,-0.0,23.32,4995.57,-1
2023-08-02,2023-08-02 12:40:00,217.58,217.58,217.58,217.58,0.0,23.32,4995.57,0
2023-08-02,2023-08-02 12:41:00,217.58,217.58,217.57,217.57,-0.0,23.32,4995.57,-1
2023-08-02,2023-08-02 12:42:00,217.57,217.57,217.57,217.57,0.0,23.32,4995.57,0
2023-08-02,2023-08-02 12:43:00,217.57,217.57,217.57,217.57,0.0,23.32,4995.57,0
2023-08-02,2023-08-02 12:44:00,217.57,217.57,217.56,217.56,-0.0,23.32,4995.57,-1
2023-08-02,2023-08-02 12:45:00,217.56,217.56,217.56,217.56,0.0,23.32,4995.57,0
2023-08-02,2023-08-02 12:46:00,217.56,217.56,217.55,217.55,-0.0,23.32,4995.57,-1
2023-08-02,2023-08-02 12:47:00,217.55,217.55,217.55,217.55,0.0,23.32,4995.57,0
2023-08-02,2023-08-02 12:48:00,217.55,217.55,217.55,217.55,0.0,23.32,4995.57,0
2023-08-02,2023-08-02 12:49:00,217.55,217.55,217.54,217.54,-0.0,23.32,4995.57,-1
2023-08-02,2023-08-02 12:50:00,217.54,217.54,217.54,217.54,0.0,23.32,4995.57,0
2023-08-02,2023-08-02 12:51:00,217.54,217.54,217.53,217.53,-0.0,23.32,4995.57,-1
2023-08-02,2023-08-02 12:52:00,217.53,217.53,217.53,217.53,0.0,23.32,4995.57,0
2023-08-02,2023-08-02 12:53:00,217.53,217.53,217.53,217.53,0.0,23.32,4995.57,0
2023-08-02,2023-08-02 12:54:00,217.53,217.53,217.52,217.52,-0.0,23.32,4995.57,-1
2023-08-02,2023-08-02 12:55:00,217.52,217.52,217.52,217.52,0.0,23.32,4995.57,0
2023-08-02,2023-08-02 12:56:00,217.52,217.52,217.51,217.51,-0.0,23.32,4995.57,-1
2023-08-02,2023-08-02 12:57:00,217.51,217.51,217.51,217.51,0.0,23.32,4995.57,0
2023-08-02,2023-08-02 12:58:00,217.51,217.51,217.5,217.5,-0.0,23.32,4995.57,-1
2023-08-02,2023-08-02 12:59:00,217.5,217.5,217.5,217.5,0.0,23.32,4995.57,0
2023-08-02,2023-08-02 13:00:00,217.5,218.0,212.2,217.5,0.0,23.32,4995.57,0
2023-08-02,2023-08-02 13:01:00,217.5,217.5,217.49,217.49,-0.0,23.32,4995.57,-1
2023-08-02,2023-08-02 13:02:00,217.49,217.49,217.49,217.49,0.0,23.32,4995.57,0
2023-08-02,2023-08-02 13:03:00,217.49,217.49,217.48,217.48,-0.0,23.32,4995.57,-1
2023-08-02,2023-08-02 13:04:00,217.48,217.48,217.48,217.48,0.0,23.32,4995.57,0
2023-08-02,2023-08-02 13:05:00,217.48,217.48,217.47,217.47,-0.0,23.32,4995.57,-1
2023-08-02,2023-08-02 13:06:00,217.47,217.47,217.47,217.47,0.0,23.32,4995.57,0
2023-08-02,2023-08-02 13:07:00,217.47,217.47,217.47,217.47,0.0,23.32,4995.57,0
2023-08-02,2023-08-02 13:08:00,217.47,217.47,217.46,217.46,-0.0,23.32,4995.57,-1
2023-08-02,2023-08-02 13:09:00,217.46,217.46,217.46,217.46,0.0,23.32,4995.57,0
2023-08-02,2023-08-02 13:10:00,217.46,217.46,217.45,217.45,-0.0,23.32,4995.57,-1
2023-08-02,2023-08-02 13:11:00,217.45,217.45,217.45,217.45,0.0,23.32,4995.57,0
2023-08-02,2023-08-02 13:12:00,217.45,217.45,217.45,217.45,0.0,23.32,4995.57,0
2023-08-02,2023-08-02 13:13:00,217.45,217.45,217.44,217.44,-0.0,23.32,4995.57,-1
2023-08-02,2023-08-02 13:14:00,217.44,217.44,217.44,217.44,0.0,23.32,4995.57,0
2023-08-02,2023-08-02 13:15:00,217.44,217.44,217.43,217.43,-0.0,23.32,4995.57,-1
2023-08-02,2023-08-02 13:16:00,217.43,217.43,217.43,217.43,0.0,23.32,4995.57,0
2023-08-02,2023-08-02 13:17:00,217.43,217.43,217.43,217.43,0.0,23.32,4995.57,0
2023-08-02,2023-08-02 13:18:00,217.43,217.43,217.42,217.42,-0.0,23.32,4995.57,-1
2023-08-02,2023-08-02 13:19:00,217.42,217.42,217.42,217.42,0.0,23.32,4995.57,0
2023-08-02,2023-08-02 13:20:00,217.42,217.42,217.41,217.41,-0.0,23.32,4995.57,-1
2023-08-02,2023-08-02 13:21:00,217.41,217.41,217.41,217.41,0.0,23.32,4995.57,0
2023-08-02,2023-08-02 13:22:00,217.41,217.41,217.4,217.4,-0.0,23.32,4995.57,-1
2023-08-02,2023-08-02 13:23:00,217.4,217.4,217.4,217.4,0.0,23.32,4995.57,0
2023-08-02,2023-08-02 13:24:00,217.4,217.4,217.4,217.4,0.0,23.32,4995.57,0
2023-08-02,2023-08-02 13:25:00,217.4,217.4,217.39,217.39,-0.0,23.32,4995.57,-1
2023-08-02,2023-08-02 13:26:00,217.39,217.39,217.39,217.39,0.0,23.32,4995.57,0
2023-08-02,2023-08-02 13:27:00,217.39,217.39,217.38,217.38,-0.0,23.32,4995.57,-1
2023-08-02,2023-08-02 13:28:00,217.38,217.38,217.38,217.38,0.0,23.32,4995.57,0
2023-08-02,2023-08-02 13:29:00,217.38,217.38,217.38,217.38,0.0,23.32,4995.57,0
2023-08-02,2023-08-02 13:30:00,217.38,217.38,217.37,217.37,-0.0,23.32,4995.57,-1
2023-08-02,2023-08-02 13:31:00,217.37,217.37,217.37,217.37,0.0,23.32,4995.57,0
2023-08-02,2023-08-02 13:32:00,217.37,217.37,217.36,217.36,-0.0,23.32,4995.57,-1
2023-08-02,2023-08-02 13:33:00,217.36,217.36,217.36,217.36,0.0,23.32,4995.57,0
2023-08-02,2023-08-02 13:34:00,217.36,217.36,217.35,217.35,-0.0,23.32,4995.57,-1
2023-08-02,2023-08-02 13:35:00,217.35,217.35,217.35,217.35,0.0,23.32,4995.57,0
2023-08-02,2023-08-02 13:36:00,217.35,217.35,217.35,217.35,0.0,23.32,4995.57,0
2023-08-02,2023-08-02 13:37:00,217.35,217.35,217.34,217.34,-0.0,23.32,4995.57,-1
2023-08-02,2023-08-02 13:38:00,217.34,217.34,217.34,217.34,0.0,23.32,4995.57,0
2023-08-02,2023-08-02 13:39:00,217.34,217.34,217.33,217.33,-0.0,23.32,4995.57,-1
2023-08-02,2023-08-02 13:40:00,217.33,217.33,217.33,217.33,0.0,23.32,4995.57,0
2023-08-02,2023-08-02 13:41:00,217.33,217.33,217.32,217.32,-0.0,23.32,4995.57,-1
2023-08-02,2023-08-02 13:42:00,217.32,217.32,217.32,217.32,0.0,23.32,4995.57,0
2023-08-02,2023-08-02 13:43:00,217.32,217.32,217.32,217.32,0.0,23.32,4995.57,0
2023-08-02,2023-08-02 13:44:00,217.32,217.32,217.31,217.31,-0.0,23.32,4995.57,-1
2023-08-02,2023-08-02 13:45:00,217.31,217.31,217.31,217.31,0.0,23.32,4995.57,0
2023-08-02,2023-08-02 13:46:00,217.31,217.31,217.3,217.3,-0.0,23.32,4995.57,-1
2023-08-02,2023-08-02 13:47:00,217.3,217.3,217.3,217.3,0.0,23.32,4995.57,0
2023-08-02,2023-08-02 13:48:00,217.3,217.3,217.3,217.3,0.0,23.32,4995.57,0
2023-08-02,2023-08-02 13:49:00,217.3,217.3,217.29,217.29,-0.0,23.32,4995.57,-1
2023-08-02,2023-08-02 13:50:00,217.29,217.29,217.29,217.29,0.0,23.32,4995.57,0
2023-08-02,2023-08-02 13:51:00,217.29,217.29,217.28,217.28,-0.0,23.32,4995.57,-1
2023-08-02,2023-08-02 13:52:00,217.28,217.28,217.28,217.28,0.0,23.32,4995.57,0
2023-08-02,2023-08-02 13:53:00,217.28,217.28,217.28,217.28,0.0,23.32,4995.57,0
2023-08-02,2023-08-02 13:54:00,217.28,217.28,217.27,217.27,-0.0,23.32,4995.57,-1
2023-08-02,2023-08-02 13:55:00,217.27,217.27,217.27,217.27,0.0,23.32,4995.57,0
2023-08-02,2023-08-02 13:56:00,217.27,217.27,217.26,217.26,-0.0,23.32,4995.57,-1
2023-08-02,2023-08-02 13:57:00,217.26,217.26,217.26,217.26,0.0,23.32,4995.57,0
2023-08-02,2023-08-02 13:58:00,217.26,217.26,217.25,217.25,-0.0,23.32,4995.57,-1
2023-08-02,2023-08-02 13:59:00,217.25,217.25,217.25,217.25,0.0,23.32,4995.57,0
2023-08-02,2023-08-02 14:00:00,217.25,217.25,217.25,217.25,0.0,23.32,4995.57,0
2023-08-02,2023-08-02 14:01:00,217.25,217.25,217.24,217.24,-0.0,23.32,4995.57,-1
2023-08-02,2023-08-02 14:02:00,217.24,217.24,217.24,217.24,0.0,23.32,4995.57,0
2023-08-02,2023-08-02 14:03:00,217.24,217.24,217.23,217.23,-0.0,23.32,4995.57,-1
2023-08-02,2023-08-02 14:04:00,217.23,217.23,217.23,217.23,0.0,23.32,4995.57,0
2023-08-02,2023-08-02 14:05:00,217.23,217.23,217.22,217.22,-0.0,23.32,4995.57,-1
2023-08-02,2023-08-02 14:06:00,217.22,217.22,217.22,217.22,0.0,23.32,4995.57,0
2023-08-02,2023-08-02 14:07:00,217.22,217.22,217.22,217.22,0.0,23.32,4995.57,0
2023-08-02,2023-08-02 14:08:00,217.22,217.22,217.21,217.21,-0.0,23.32,4995.57,-1
2023-08-02,2023-08-02 14:09:00,217.21,217.21,217.21,217.21,0.0,23.32,4995.57,0
2023-08-02,2023-08-02 14:10:00,217.21,217.21,217.2,217.2,-0.0,23.32,4995.57,-1
2023-08-02,2023-08-02 14:11:00,217.2,217.2,217.2,217.2,0.0,23.32,4995.57,0
2023-08-02,2023-08-02 14:12:00,217.2,217.2,217.2,217.2,0.0,23.32,4995.57,0
2023-08-02,2023-08-02 14:13:00,217.2,217.2,217.19,217.19,-0.0,23.32,4995.57,-1
2023-08-02,2023-08-02 14:14:00,217.19,217.19,217.19,217.19,0.0,23.32,4995.57,0
2023-08-02,2023-08-02 14:15:00,217.19,217.19,217.18,217.18,-0.0,23.32,4995.57,-1
2023-08-02,2023-08-02 14:16:00,217.18,217.18,217.18,217.18,0.0,23.32,4995.57,0
2023-08-02,2023-08-02 14:17:00,217.18,217.18,217.18,217.18,0.0,23.32,4995.57,0
2023-08-02,2023-08-02 14:18:00,217.18,217.18,217.17,217.17,-0.0,23.32,4995.57,-1
2023-08-02,2023-08-02 14:19:00,217.17,217.17,217.17,217.17,0.0,23.32,4995.57,0
2023-08-02,2023-08-02 14:20:00,217.17,217.17,217.16,217.16,-0.0,23.32,4995.57,-1
2023-08-02,2023-08-02 14:21:00,217.16,217.16,217.16,217.16,0.0,23.32,4995.57,0
2023-08-02,2023-08-02 14:22:00,217.16,217.16,217.15,217.15,-0.0,23.32,4995.57,-1
2023-08-02,2023-08-02 14:23:00,217.15,217.15,217.15,217.15,0.0,23.32,4995.57,0
2023-08-02,2023-08-02 14:24:00,217.15,217.15,217.15,217.15,0.0,23.32,4995.57,0
2023-08-02,2023-08-02 14:25:00,217.15,217.15,217.14,217.14,-0.0,23.32,4995.57,-1
2023-08-02,2023-08-02 14:26:00,217.14,217.14,217.14,217.14,0.0,23.32,4995.57,0
2023-08-02,2023-08-02 14:27:00,217.14,217.14,217.13,217.13,-0.0,23.32,4995.57,-1
2023-08-02,2023-08-02 14:28:00,217.13,217.13,217.13,217.13,0.0,23.32,4995.57,0
2023-08-02,2023-08-02 14:29:00,217.13,217.13,217.12,217.12,-0.0,23.32,4995.57,-1
2023-08-02,2023-08-02 14:30:00,217.12,217.12,217.12,217.12,0.0,23.32,4995.57,0
2023-08-02,2023-08-02 14:31:00,217.12,217.12,217.12,217.12,0.0,23.32,4995.57,0
2023-08-02,2023-08-02 14:32:00,217.12,217.12,217.11,217.11,-0.0,23.32,4995.57,-1
2023-08-02,2023-08-02 14:33:00,217.11,217.11,217.11,217.11,0.0,23.32,4995.57,0
2023-08-02,2023-08-02 14:34:00,217.11,217.11,217.1,217.1,-0.0,23.32,4995.57,-1
2023-08-02,2023-08-02 14:35:00,217.1,217.1,217.1,217.1,0.0,23.32,4995.57,0
2023-08-02,2023-08-02 14:36:00,217.1,217.1,217.1,217.1,0.0,23.32,4995.57,0
2023-08-02,2023-08-02 14:37:00,217.1,217.1,217.09,217.09,-0.0,23.32,4995.57,-1
2023-08-02,2023-08-02 14:38:00,217.09,217.09,217.09,217.09,0.0,23.32,4995.57,0
2023-08-02,2023-08-02 14:39:00,217.09,217.09,217.08,217.08,-0.0,23.32,4995.57,-1
2023-08-02,2023-08-02 14:40:00,217.08,217.08,217.08,217.08,0.0,23.32,4995.57,0
2023-08-02,2023-08-02 14:41:00,217.08,217.08,217.07,217.07,-0.0,23.32,4995.57,-1
2023-08-02,2023-08-02 14:42:00,217.07,217.07,217.07,217.07,0.0,23.32,4995.57,0
2023-08-02,2023-08-02 14:43:00,217.07,217.07,217.07,217.07,0.0,23.32,4995.57,0
2023-08-02,2023-08-02 14:44:00,217.07,217.07,217.06,217.06,-0.0,23.32,4995.57,-1
2023-08-02,2023-08-02 14:45:00,217.06,217.06,217.06,217.06,0.0,23.32,4995.57,0
2023-08-02,2023-08-02 14:46:00,217.06,217.06,217.05,217.05,-0.0,23.32,4995.57,-1
2023-08-02,2023-08-02 14:47:00,217.05,217.05,217.05,217.05,0.0,23.32,4995.57,0
2023-08-02,2023-08-02 14:48:00,217.05,217.05,217.05,217.05,0.0,23.32,4995.57,0
2023-08-02,2023-08-02 14:49:00,217.05,217.05,217.04,217.04,-0.0,23.32,4995.57,-1
2023-08-02,2023-08-02 14:50:00,217.04,217.04,217.04,217.04,0.0,23.32,4995.57,0
2023-08-02,2023-08-02 14:51:00,217.04,217.04,217.03,217.03,-0.0,23.32,4995.57,-1
2023-08-02,2023-08-02 14:52:00,217.03,217.03,217.03,217.03,0.0,23.32,4995.57,0
2023-08-02,2023-08-02 14:53:00,217.03,217.03,217.03,217.03,0.0,23.32,4995.57,0
2023-08-02,2023-08-02 14:54:00,217.03,217.03,217.02,217.02,-0.0,23.32,4995.57,-1
2023-08-02,2023-08-02 14:55:00,217.02,217.02,217.02,217.02,0.0,23.32,4995.57,0
2023-08-02,2023-08-02 14:56:00,217.02,217.02,217.01,217.01,-0.0,23.32,4995.57,-1
2023-08-02,2023-08-02 14:57:00,217.01,217.01,217.01,217.01,0.0,23.32,4995.57,0
2023-08-02,2023-08-02 14:58:00,217.01,217.01,217.0,217.0,-0.0,23.32,4995.57,-1
2023-08-02,2023-08-02 14:59:00,217.0,217.0,217.0,217.0,0.0,23.32,4995.57,0
2023-08-02,2023-08-02 15:00:00,217.0,218.0,212.2,217.0,0.0,23.32,4995.57,0
2023-08-03,2023-08-03 11:00:00,213.0,214.2,212.73,213.0,0.0,28.8,6154.66,0
2023-08-03,2023-08-03 11:01:00,213.0,213.01,213.0,213.01,0.0,28.8,6154.66,1
2023-08-03,2023-08-03 11:02:00,213.01,213.01,213.01,213.01,0.0,28.8,6154.66,0
2023-08-03,2023-08-03 11:03:00,213.01,213.02,213.01,213.02,0.0,28.8,6154.66,1
2023-08-03,2023-08-03 11:04:00,213.02,213.02,213.02,213.02,0.0,28.8,6154.66,0
2023-08-03,2023-08-03 11:05:00,213.02,213.03,213.02,213.03,0.0,28.8,6154.66,1
2023-08-03,2023-08-03 11:06:00,213.03,213.03,213.03,213.03,0.0,28.8,6154.66,0
2023-08-03,2023-08-03 11:07:00,213.03,213.04,213.03,213.04,0.0,28.8,6154.66,1
2023-08-03,2023-08-03 11:08:00,213.04,213.04,213.04,213.04,0.0,28.8,6154.66,0
2023-08-03,2023-08-03 11:09:00,213.04,213.05,213.04,213.05,0.0,28.8,6154.66,1
2023-08-03,2023-08-03 11:10:00,213.05,213.05,213.05,213.05,0.0,28.8,6154.66,0
2023-08-03,2023-08-03 11:11:00,213.05,213.06,213.05,213.06,0.0,28.8,6154.66,1
2023-08-03,2023-08-03 11:12:00,213.06,213.06,213.06,213.06,0.0,28.8,6154.66,0
2023-08-03,2023-08-03 11:13:00,213.06,213.06,213.06,213.06,0.0,28.8,6154.66,0
2023-08-03,2023-08-03 11:14:00,213.06,213.07,213.06,213.07,0.0,28.8,6154.66,1
2023-08-03,2023-08-03 11:15:00,213.07,213.07,213.07,213.07,0.0,28.8,6154.66,0
2023-08-03,2023-08-03 11:16:00,213.07,213.08,213.07,213.08,0.0,28.8,6154.66,1
2023-08-03,2023-08-03 11:17:00,213.08,213.08,213.08,213.08,0.0,28.8,6154.66,0
2023-08-03,2023-08-03 11:18:00,213.08,213.09,213.08,213.09,0.0,28.8,6154.66,1
2023-08-03,2023-08-03 11:19:00,213.09,213.09,213.09,213.09,0.0,28.8,6154.66,0
2023-08-03,2023-08-03 11:20:00,213.09,213.1,213.09,213.1,0.0,28.8,6154.66,1
2023-08-03,2023-08-03 11:21:00,213.1,213.1,213.1,213.1,0.0,28.8,6154.66,0
2023-08-03,2023-08-03 11:22:00,213.1,213.11,213.1,213.11,0.0,28.8,6154.66,1
2023-08-03,2023-08-03 11:23:00,213.11,213.11,213.11,213.11,0.0,28.8,6154.66,0
2023-08-03,2023-08-03 11:24:00,213.11,213.11,213.11,213.11,0.0,28.8,6154.66,0
2023-08-03,2023-08-03 11:25:00,213.11,213.12,213.11,213.12,0.0,28.8,6154.66,1
2023-08-03,2023-08-03 11:26:00,213.12,213.12,213.12,213.12,0.0,28.8,6154.66,0
2023-08-03,2023-08-03 11:27:00,213.12,213.13,213.12,213.13,0.0,28.8,6154.66,1
2023-08-03,2023-08-03 11:28:00,213.13,213.13,213.13,213.13,0.0,28.8,6154.66,0
2023-08-03,2023-08-03 11:29:00,213.13,213.14,213.13,213.14,0.0,28.8,6154.66,1
2023-08-03,2023-08-03 11:30:00,213.14,213.14,213.14,213.14,0.0,28.8,6154.66,0
2023-08-03,2023-08-03 11:31:00,213.14,213.15,213.14,213.15,0.0,28.8,6154.66,1
2023-08-03,2023-08-03 11:32:00,213.15,213.15,213.15,213.15,0.0,28.8,6154.66,0
2023-08-03,2023-08-03 11:33:00,213.15,213.16,213.15,213.16,0.0,28.8,6154.66,1
2023-08-03,2023-08-03 11:34:00,213.16,213.16,213.16,213.16,0.0,28.8,6154.66,0
2023-08-03,2023-08-03 11:35:00,213.16,213.16,213.16,213.16,0.0,28.8,6154.66,0
2023-08-03,2023-08-03 11:36:00,213.16,213.17,213.16,213.17,0.0,28.8,6154.66,1
2023-08-03,2023-08-03 11:37:00,213.17,213.17,213.17,213.17,0.0,28.8,6154.66,0
2023-08-03,2023-08-03 11:38:00,213.17,213.18,213.17,213.18,0.0,28.8,6154.66,1
2023-08-03,2023-08-03 11:39:00,213.18,213.18,213.18,213.18,0.0,28.8,6154.66,0
2023-08-03,2023-08-03 11:40:00,213.18,213.19,213.18,213.19,0.0,28.8,6154.66,1
2023-08-03,2023-08-03 11:41:00,213.19,213.19,213.19,213.19,0.0,28.8,6154.66,0
2023-08-03,2023-08-03 11:42:00,213.19,213.2,213.19,213.2,0.0,28.8,6154.66,1
2023-08-03,2023-08-03 11:43:00,213.2,213.2,213.2,213.2,0.0,28.8,6154.66,0
2023-08-03,2023-08-03 11:44:00,213.2,213.21,213.2,213.21,0.0,28.8,6154.66,1
2023-08-03,2023-08-03 11:45:00,213.21,213.21,213.21,213.21,0.0,28.8,6154.66,0
2023-08-03,2023-08-03 11:46:00,213.21,213.22,213.21,213.22,0.0,28.8,6154.66,1
2023-08-03,2023-08-03 11:47:00,213.22,213.22,213.22,213.22,0.0,28.8,6154.66,0
2023-08-03,2023-08-03 11:48:00,213.22,213.22,213.22,213.22,0.0,28.8,6154.66,0
2023-08-03,2023-08-03 11:49:00,213.22,213.23,213.22,213.23,0.0,28.8,6154.66,1
2023-08-03,2023-08-03 11:50:00,213.23,213.23,213.23,213.23,0.0,28.8,6154.66,0
2023-08-03,2023-08-03 11:51:00,213.23,213.24,213.23,213.24,0.0,28.8,6154.66,1
2023-08-03,2023-08-03 11:52:00,213.24,213.24,213.24,213.24,0.0,28.8,6154.66,0
2023-08-03,2023-08-03 11:53:00,213.24,213.25,213.24,213.25,0.0,28.8,6154.66,1
2023-08-03,2023-08-03 11:54:00,213.25,213.25,213.25,213.25,0.0,28.8,6154.66,0
2023-08-03,2023-08-03 11:55:00,213.25,213.26,213.25,213.26,0.0,28.8,6154.66,1
2023-08-03,2023-08-03 11:56:00,213.26,213.26,213.26,213.26,0.0,28.8,6154.66,0
2023-08-03,2023-08-03 11:57:00,213.26,213.27,213.26,213.27,0.0,28.8,6154.66,1
2023-08-03,2023-08-03 11:58:00,213.27,213.27,213.27,213.27,0.0,28.8,6154.66,0
2023-08-03,2023-08-03 11:59:00,213.27,213.28,213.27,213.28,0.0,28.8,6154.66,1
2023-08-03,2023-08-03 12:00:00,213.28,213.28,213.28,213.28,0.0,28.8,6154.66,0
2023-08-03,2023-08-03 12:01:00,213.28,213.28,213.28,213.28,0.0,28.8,6154.66,0
2023-08-03,2023-08-03 12:02:00,213.28,213.29,213.28,213.29,0.0,28.8,6154.66,1
2023-08-03,2023-08-03 12:03:00,213.29,213.29,213.29,213.29,0.0,28.8,6154.66,0
2023-08-03,2023-08-03 12:04:00,213.29,213.3,213.29,213.3,0.0,28.8,6154.66,1
2023-08-03,2023-08-03 12:05:00,213.3,213.3,213.3,213.3,0.0,28.8,6154.66,0
2023-08-03,2023-08-03 12:06:00,213.3,213.31,213.3,213.31,0.0,28.8,6154.66,1
2023-08-03,2023-08-03 12:07:00,213.31,213.31,213.31,213.31,0.0,28.8,6154.66,0
2023-08-03,2023-08-03 12:08:00,213.31,213.32,213.31,213.32,0.0,28.8,6154.66,1
2023-08-03,2023-08-03 12:09:00,213.32,213.32,213.32,213.32,0.0,28.8,6154.66,0
2023-08-03,2023-08-03 12:10:00,213.32,213.33,213.32,213.33,0.0,28.8,6154.66,1
2023-08-03,2023-08-03 12:11:00,213.33,213.33,213.33,213.33,0.0,28.8,6154.66,0
2023-08-03,2023-08-03 12:12:00,213.33,213.33,213.33,213.33,0.0,28.8,6154.66,0
2023-08-03,2023-08-03 12:13:00,213.33,213.34,213.33,213.34,0.0,28.8,6154.66,1
2023-08-03,2023-08-03 12:14:00,213.34,213.34,213.34,213.34,0.0,28.8,6154.66,0
2023-08-03,2023-08-03 12:15:00,213.34,213.35,213.34,213.35,0.0,28.8,6154.66,1
2023-08-03,2023-08-03 12:16:00,213.35,213.35,213.35,213.35,0.0,28.8,6154.66,0
2023-08-03,2023-08-03 12:17:00,213.35,213.36,213.35,213.36,0.0,28.8,6154.66,1
2023-08-03,2023-08-03 12:18:00,213.36,213.36,213.36,213.36,0.0,28.8,6154.66,0
2023-08-03,2023-08-03 12:19:00,213.36,213.37,213.36,213.37,0.0,28.8,6154.66,1
2023-08-03,2023-08-03 12:20:00,213.37,213.37,213.37,213.37,0.0,28.8,6154.66,0
2023-08-03,2023-08-03 12:21:00,213.37,213.38,213.37,213.38,0.0,28.8,6154.66,1
2023-08-03,2023-08-03 12:22:00,213.38,213.38,213.38,213.38,0.0,28.8,6154.66,0
2023-08-03,2023-08-03 12:23:00,213.38,213.38,213.38,213.38,0.0,28.8,6154.66,0
2023-08-03,2023-08-03 12:24:00,213.38,213.39,213.38,213.39,0.0,28.8,6154.66,1
2023-08-03,2023-08-03 12:25:00,213.39,213.39,213.39,213.39,0.0,28.8,6154.66,0
2023-08-03,2023-08-03 12:26:00,213.39,213.4,213.39,213.4,0.0,28.8,6154.66,1
2023-08-03,2023-08-03 12:27:00,213.4,213.4,213.4,213.4,0.0,28.8,6154.66,0
2023-08-03,2023-08-03 12:28:00,213.4,213.41,213.4,213.41,0.0,28.8,6154.66,1
2023-08-03,2023-08-03 12:29:00,213.41,213.41,213.41,213.41,0.0,28.8,6154.66,0
2023-08-03,2023-08-03 12:30:00,213.41,213.42,213.41,213.42,0.0,28.8,6154.66,1
2023-08-03,2023-08-03 12:31:00,213.42,213.42,213.42,213.42,0.0,28.8,6154.66,0
2023-08-03,2023-08-03 12:32:00,213.42,213.43,213.42,213.43,0.0,28.8,6154.66,1
2023-08-03,2023-08-03 12:33:00,213.43,213.43,213.43,213.43,0.0,28.8,6154.66,0
2023-08-03,2023-08-03 12:34:00,213.43,213.44,213.43,213.44,0.0,28.8,6154.66,1
2023-08-03,2023-08-03 12:35:00,213.44,213.44,213.44,213.44,0.0,28.8,6154.66,0
2023-08-03,2023-08-03 12:36:00,213.44,213.44,213.44,213.44,0.0,28.8,6154.66,0
2023-08-03,2023-08-03 12:37:00,213.44,213.45,213.44,213.45,0.0,28.8,6154.66,1
2023-08-03,2023-08-03 12:38:00,213.45,213.45,213.45,213.45,0.0,28.8,6154.66,0
2023-08-03,2023-08-03 12:39:00,213.45,213.46,213.45,213.46,0.0,28.8,6154.66,1
2023-08-03,2023-08-03 12:40:00,213.46,213.46,213.46,213.46,0.0,28.8,6154.66,0
2023-08-03,2023-08-03 12:41:00,213.46,213.47,213.46,213.47,0.0,28.8,6154.66,1
2023-08-03,2023-08-03 12:42:00,213.47,213.47,213.47,213.47,0.0,28.8,6154.66,0
2023-08-03,2023-08-03 12:43:00,213.47,213.48,213.47,213.48,0.0,28.8,6154.66,1
2023-08-03,2023-08-03 12:44:00,213.48,213.48,213.48,213.48,0.0,28.8,6154.66,0
2023-08-03,2023-08-03 12:45:00,213.48,213.49,213.48,213.49,0.0,28.8,6154.66,1
2023-08-03,2023-08-03 12:46:00,213.49,213.49,213.49,213.49,0.0,28.8,6154.66,0
2023-08-03,2023-08-03 12:47:00,213.49,213.5,213.49,213.5,0.0,28.8,6154.66,1
2023-08-03,2023-08-03 12:48:00,213.5,213.5,213.5,213.5,0.0,28.8,6154.66,0
2023-08-03,2023-08-03 12:49:00,213.5,213.5,213.5,213.5,0.0,28.8,6154.66,0
2023-08-03,2023-08-03 12:50:00,213.5,213.51,213.5,213.51,0.0,28.8,6154.66,1
2023-08-03,2023-08-03 12:51:00,213.51,213.51,213.51,213.51,0.0,28.8,6154.66,0
2023-08-03,2023-08-03 12:52:00,213.51,213.52,213.51,213.52,0.0,28.8,6154.66,1
2023-08-03,2023-08-03 12:53:00,213.52,213.52,213.52,213.52,0.0,28.8,6154.66,0
2023-08-03,2023-08-03 12:54:00,213.52,213.53,213.52,213.53,0.0,28.8,6154.66,1
2023-08-03,2023-08-03 12:55:00,213.53,213.53,213.53,213.53,0.0,28.8,6154.66,0
2023-08-03,2023-08-03 12:56:00,213.53,213.54,213.53,213.54,0.0,28.8,6154.66,1
2023-08-03,2023-08-03 12:57:00,213.54,213.54,213.54,213.54,0.0,28.8,6154.66,0
2023-08-03,2023-08-03 12:58:00,213.54,213.55,213.54,213.55,0.0,28.8,6154.66,1
2023-08-03,2023-08-03 12:59:00,213.55,213.55,213.55,213.55,0.0,28.8,6154.66,0
2023-08-03,2023-08-03 13:00:00,213.55,217.0,212.1,213.55,0.0,28.8,6154.66,0
2023-08-03,2023-08-03 13:01:00,213.55,213.56,213.55,213.56,0.0,28.8,6154.66,1
2023-08-03,2023-08-03 13:02:00,213.56,213.56,213.56,213.56,0.0,28.8,6154.66,0
2023-08-03,2023-08-03 13:03:00,213.56,213.57,213.56,213.57,0.0,28.8,6154.66,1
2023-08-03,2023-08-03 13:04:00,213.57,213.57,213.57,213.57,0.0,28.8,6154.66,0
2023-08-03,2023-08-03 13:05:00,213.57,213.58,213.57,213.58,0.0,28.8,6154.66,1
2023-08-03,2023-08-03 13:06:00,213.58,213.58,213.58,213.58,0.0,28.8,6154.66,0
2023-08-03,2023-08-03 13:07:00,213.58,213.59,213.58,213.59,0.0,28.8,6154.66,1
2023-08-03,2023-08-03 13:08:00,213.59,213.59,213.59,213.59,0.0,28.8,6154.66,0
2023-08-03,2023-08-03 13:09:00,213.59,213.6,213.59,213.6,0.0,28.8,6154.66,1
2023-08-03,2023-08-03 13:10:00,213.6,213.6,213.6,213.6,0.0,28.8,6154.66,0
2023-08-03,2023-08-03 13:11:00,213.6,213.6,213.6,213.6,0.0,28.8,6154.66,0
2023-08-03,2023-08-03 13:12:00,213.6,213.61,213.6,213.61,0.0,28.8,6154.66,1
2023-08-03,2023-08-03 13:13:00,213.61,213.61,213.61,213.61,0.0,28.8,6154.66,0
2023-08-03,2023-08-03 13:14:00,213.61,213.62,213.61,213.62,0.0,28.8,6154.66,1
2023-08-03,2023-08-03 13:15:00,213.62,213.62,213.62,213.62,0.0,28.8,6154.66,0
2023-08-03,2023-08-03 13:16:00,213.62,213.63,213.62,213.63,0.0,28.8,6154.66,1
2023-08-03,2023-08-03 13:17:00,213.63,213.63,213.63,213.63,0.0,28.8,6154.66,0
2023-08-03,2023-08-03 13:18:00,213.63,213.64,213.63,213.64,0.0,28.8,6154.66,1
2023-08-03,2023-08-03 13:19:00,213.64,213.64,213.64,213.64,0.0,28.8,6154.66,0
2023-08-03,2023-08-03 13:20:00,213.64,213.65,213.64,213.65,0.0,28.8,6154.66,1
2023-08-03,2023-08-03 13:21:00,213.65,213.65,213.65,213.65,0.0,28.8,6154.66,0
2023-08-03,2023-08-03 13:22:00,213.65,213.66,213.65,213.66,0.0,28.8,6154.66,1
2023-08-03,2023-08-03 13:23:00,213.66,213.66,213.66,213.66,0.0,28.8,6154.66,0
2023-08-03,2023-08-03 13:24:00,213.66,213.66,213.66,213.66,0.0,28.8,6154.66,0
2023-08-03,2023-08-03 13:25:00,213.66,213.67,213.66,213.67,0.0,28.8,6154.66,1
2023-08-03,2023-08-03 13:26:00,213.67,213.67,213.67,213.67,0.0,28.8,6154.66,0
2023-08-03,2023-08-03 13:27:00,213.67,213.68,213.67,213.68,0.0,28.8,6154.66,1
2023-08-03,2023-08-03 13:28:00,213.68,213.68,213.68,213.68,0.0,28.8,6154.66,0
2023-08-03,2023-08-03 13:29:00,213.68,213.69,213.68,213.69,0.0,28.8,6154.66,1
2023-08-03,2023-08-03 13:30:00,213.69,213.69,213.69,213.69,0.0,28.8,6154.66,0
2023-08-03,2023-08-03 13:31:00,213.69,213.7,213.69,213.7,0.0,28.8,6154.66,1
2023-08-03,2023-08-03 13:32:00,213.7,213.7,213.7,213.7,0.0,28.8,6154.66,0
2023-08-03,2023-08-03 13:33:00,213.7,213.71,213.7,213.71,0.0,28.8,6154.66,1
2023-08-03,2023-08-03 13:34:00,213.71,213.71,213.71,213.71,0.0,28.8,6154.66,0
2023-08-03,2023-08-03 13:35:00,213.71,213.72,213.71,213.72,0.0,28.8,6154.66,1
2023-08-03,2023-08-03 13:36:00,213.72,213.72,213.72,213.72,0.0,28.8,6154.66,0
2023-08-03,2023-08-03 13:37:00,213.72,213.72,213.72,213.72,0.0,28.8,6154.66,0
2023-08-03,2023-08-03 13:38:00,213.72,213.73,213.72,213.73,0.0,28.8,6154.66,1
2023-08-03,2023-08-03 13:39:00,213.73,213.73,213.73,213.73,0.0,28.8,6154.66,0
2023-08-03,2023-08-03 13:40:00,213.73,213.74,213.73,213.74,0.0,28.8,6154.66,1
2023-08-03,2023-08-03 13:41:00,213.74,213.74,213.74,213.74,0.0,28.8,6154.66,0
2023-08-03,2023-08-03 13:42:00,213.74,213.75,213.74,213.75,0.0,28.8,6154.66,1
2023-08-03,2023-08-03 13:43:00,213.75,213.75,213.75,213.75,0.0,28.8,6154.66,0
2023-08-03,2023-08-03 13:44:00,213.75,213.76,213.75,213.76,0.0,28.8,6154.66,1
2023-08-03,2023-08-03 13:45:00,213.76,213.76,213.76,213.76,0.0,28.8,6154.66,0
2023-08-03,2023-08-03 13:46:00,213.76,213.77,213.76,213.77,0.0,28.8,6154.66,1
2023-08-03,2023-08-03 13:47:00,213.77,213.77,213.77,213.77,0.0,28.8,6154.66,0
2023-08-03,2023-08-03 13:48:00,213.77,213.77,213.77,213.77,0.0,28.8,6154.66,0
2023-08-03,2023-08-03 13:49:00,213.77,213.78,213.77,213.78,0.0,28.8,6154.66,1
2023-08-03,2023-08-03 13:50:00,213.78,213.78,213.78,213.78,0.0,28.8,6154.66,0
2023-08-03,2023-08-03 13:51:00,213.78,213.79,213.78,213.79,0.0,28.8,6154.66,1
2023-08-03,2023-08-03 13:52:00,213.79,213.79,213.79,213.79,0.0,28.8,6154.66,0
2023-08-03,2023-08-03 13:53:00,213.79,213.8,213.79,213.8,0.0,28.8,6154.66,1
2023-08-03,2023-08-03 13:54:00,213.8,213.8,213.8,213.8,0.0,28.8,6154.66,0
2023-08-03,2023-08-03 13:55:00,213.8,213.81,213.8,213.81,0.0,28.8,6154.66,1
2023-08-03,2023-08-03 13:56:00,213.81,213.81,213.81,213.81,0.0,28.8,6154.66,0
2023-08-03,2023-08-03 13:57:00,213.81,213.82,213.81,213.82,0.0,28.8,6154.66,1
2023-08-03,2023-08-03 13:58:00,213.82,213.82,213.82,213.82,0.0,28.8,6154.66,0
2023-08-03,2023-08-03 13:59:00,213.82,213.82,213.82,213.82,0.0,28.8,6154.66,0
2023-08-03,2023-08-03 14:00:00,213.82,213.83,213.82,213.83,0.0,28.8,6154.66,1
2023-08-03,2023-08-03 14:01:00,213.83,213.83,213.83,213.83,0.0,28.8,6154.66,0
2023-08-03,2023-08-03 14:02:00,213.83,213.84,213.83,213.84,0.0,28.8,6154.66,1
2023-08-03,2023-08-03 14:03:00,213.84,213.84,213.84,213.84,0.0,28.8,6154.66,0
2023-08-03,2023-08-03 14:04:00,213.84,213.85,213.84,213.85,0.0,28.8,6154.66,1
2023-08-03,2023-08-03 14:05:00,213.85,213.85,213.85,213.85,0.0,28.8,6154.66,0
2023-08-03,2023-08-03 14:06:00,213.85,213.86,213.85,213.86,0.0,28.8,6154.66,1
2023-08-03,2023-08-03 14:07:00,213.86,213.86,213.86,213.86,0.0,28.8,6154.66,0
2023-08-03,2023-08-03 14:08:00,213.86,213.87,213.86,213.87,0.0,28.8,6154.66,1
2023-08-03,2023-08-03 14:09:00,213.87,213.87,213.87,213.87,0.0,28.8,6154.66,0
2023-08-03,2023-08-03 14:10:00,213.87,213.88,213.87,213.88,0.0,28.8,6154.66,1
2023-08-03,2023-08-03 14:11:00,213.88,213.88,213.88,213.88,0.0,28.8,6154.66,0
2023-08-03,2023-08-03 14:12:00,213.88,213.88,213.88,213.88,0.0,28.8,6154.66,0
2023-08-03,2023-08-03 14:13:00,213.88,213.89,213.88,213.89,0.0,28.8,6154.66,1
2023-08-03,2023-08-03 14:14:00,213.89,213.89,213.89,213.89,0.0,28.8,6154.66,0
2023-08-03,2023-08-03 14:15:00,213.89,213.9,213.89,213.9,0.0,28.8,6154.66,1
2023-08-03,2023-08-03 14:16:00,213.9,213.9,213.9,213.9,0.0,28.8,6154.66,0
2023-08-03,2023-08-03 14:17:00,213.9,213.91,213.9,213.91,0.0,28.8,6154.66,1
2023-08-03,2023-08-03 14:18:00,213.91,213.91,213.91,213.91,0.0,28.8,6154.66,0
2023-08-03,2023-08-03 14:19:00,213.91,213.92,213.91,213.92,0.0,28.8,6154.66,1
2023-08-03,2023-08-03 14:20:00,213.92,213.92,213.92,213.92,0.0,28.8,6154.66,0
2023-08-03,2023-08-03 14:21:00,213.92,213.93,213.92,213.93,0.0,28.8,6154.66,1
2023-08-03,2023-08-03 14:22:00,213.93,213.93,213.93,213.93,0.0,28.8,6154.66,0
2023-08-03,2023-08-03 14:23:00,213.93,213.94,213.93,213.94,0.0,28.8,6154.66,1
2023-08-03,2023-08-03 14:24:00,213.94,213.94,213.94,213.94,0.0,28.8,6154.66,0
2023-08-03,2023-08-03 14:25:00,213.94,213.94,213.94,213.94,0.0,28.8,6154.66,0
2023-08-03,2023-08-03 14:26:00,213.94,213.95,213.94,213.95,0.0,28.8,6154.66,1
2023-08-03,2023-08-03 14:27:00,213.95,213.95,213.95,213.95,0.0,28.8,6154.66,0
2023-08-03,2023-08-03 14:28:00,213.95,213.96,213.95,213.96,0.0,28.8,6154.66,1
2023-08-03,2023-08-03 14:29:00,213.96,213.96,213.96,213.96,0.0,28.8,6154.66,0
2023-08-03,2023-08-03 14:30:00,213.96,213.97,213.96,213.97,0.0,28.8,6154.66,1
2023-08-03,2023-08-03 14:31:00,213.97,213.97,213.97,213.97,0.0,28.8,6154.66,0
2023-08-03,2023-08-03 14:32:00,213.97,213.98,213.97,213.98,0.0,28.8,6154.66,1
2023-08-03,2023-08-03 14:33:00,213.98,213.98,213.98,213.98,0.0,28.8,6154.66,0
2023-08-03,2023-08-03 14:34:00,213.98,213.99,213.98,213.99,0.0,28.8,6154.66,1
2023-08-03,2023-08-03 14:35:00,213.99,213.99,213.99,213.99,0.0,28.8,6154.66,0
2023-08-03,2023-08-03 14:36:00,213.99,213.99,213.99,213.99,0.0,28.8,6154.66,0
2023-08-03,2023-08-03 14:37:00,213.99,214.0,213.99,214.0,0.0,28.8,6154.66,1
2023-08-03,2023-08-03 14:38:00,214.0,214.0,214.0,214.0,0.0,28.8,6154.66,0
2023-08-03,2023-08-03 14:39:00,214.0,214.01,214.0,214.01,0.0,28.8,6154.66,1
2023-08-03,2023-08-03 14:40:00,214.01,214.01,214.01,214.01,0.0,28.8,6154.66,0
2023-08-03,2023-08-03 14:41:00,214.01,214.02,214.01,214.02,0.0,28.8,6154.66,1
2023-08-03,2023-08-03 14:42:00,214.02,214.02,214.02,214.02,0.0,28.8,6154.66,0
2023-08-03,2023-08-03 14:43:00,214.02,214.03,214.02,214.03,0.0,28.8,6154.66,1
2023-08-03,2023-08-03 14:44:00,214.03,214.03,214.03,214.03,0.0,28.8,6154.66,0
2023-08-03,2023-08-03 14:45:00,214.03,214.04,214.03,214.04,0.0,28.8,6154.66,1
2023-08-03,2023-08-03 14:46:00,214.04,214.04,214.04,214.04,0.0,28.8,6154.66,0
2023-08-03,2023-08-03 14:47:00,214.04,214.04,214.04,214.04,0.0,28.8,6154.66,0
2023-08-03,2023-08-03 14:48:00,214.04,214.05,214.04,214.05,0.0,28.8,6154.66,1
2023-08-03,2023-08-03 14:49:00,214.05,214.05,214.05,214.05,0.0,28.8,6154.66,0
2023-08-03,2023-08-03 14:50:00,214.05,214.06,214.05,214.06,0.0,28.8,6154.66,1
2023-08-03,2023-08-03 14:51:00,214.06,214.06,214.06,214.06,0.0,28.8,6154.66,0
2023-08-03,2023-08-03 14:52:00,214.06,214.07,214.06,214.07,0.0,28.8,6154.66,1
2023-08-03,2023-08-03 14:53:00,214.07,214.07,214.07,214.07,0.0,28.8,6154.66,0
2023-08-03,2023-08-03 14:54:00,214.07,214.08,214.07,214.08,0.0,28.8,6154.66,1
2023-08-03,2023-08-03 14:55:00,214.08,214.08,214.08,214.08,0.0,28.8,6154.66,0
2023-08-03,2023-08-03 14:56:00,214.08,214.09,214.08,214.09,0.0,28.8,6154.66,1
2023-08-03,2023-08-03 14:57:00,214.09,214.09,214.09,214.09,0.0,28.8,6154.66,0
2023-08-03,2023-08-03 14:58:00,214.09,214.1,214.09,214.1,0.0,28.8,6154.66,1
2023-08-03,2023-08-03 14:59:00,214.1,214.1,214.1,214.1,0.0,28.8,6154.66,0
2023-08-03,2023-08-03 15:00:00,214.1,217.0,212.1,214.1,0.0,28.8,6154.66,0
2023-08-06,2023-08-06 11:00:00,209.9,209.93,208.76,209.89,-0.0,21.0,4358.03,-1
2023-08-06,2023-08-06 11:01:00,209.89,209.89,209.88,209.88,-0.0,21.0,4358.03,-1
2023-08-06,2023-08-06 11:02:00,209.88,209.88,209.87,209.87,-0.0,21.0,4358.03,-1
2023-08-06,2023-08-06 11:03:00,209.87,209.87,209.86,209.86,-0.0,21.0,4358.03,-1
2023-08-06,2023-08-06 11:04:00,209.86,209.86,209.85,209.85,-0.0,21.0,4358.03,-1
2023-08-06,2023-08-06 11:05:00,209.85,209.85,209.84,209.84,-0.0,21.0,4358.03,-1
2023-08-06,2023-08-06 11:06:00,209.84,209.84,209.83,209.83,-0.0,21.0,4358.03,-1
2023-08-06,2023-08-06 11:07:00,209.83,209.83,209.82,209.82,-0.0,21.0,4358.03,-1
2023-08-06,2023-08-06 11:08:00,209.82,209.82,209.81,209.81,-0.0,21.0,4358.03,-1
2023-08-06,2023-08-06 11:09:00,209.81,209.81,209.8,209.8,-0.0,21.0,4358.03,-1
2023-08-06,2023-08-06 11:10:00,209.8,209.8,209.79,209.79,-0.0,21.0,4358.03,-1
2023-08-06,2023-08-06 11:11:00,209.79,209.79,209.78,209.78,-0.0,21.0,4358.03,-1
2023-08-06,2023-08-06 11:12:00,209.78,209.78,209.77,209.77,-0.0,21.0,4358.03,-1
2023-08-06,2023-08-06 11:13:00,209.77,209.77,209.76,209.76,-0.0,21.0,4358.03,-1
2023-08-06,2023-08-06 11:14:00,209.76,209.76,209.75,209.75,-0.0,21.0,4358.03,-1
2023-08-06,2023-08-06 11:15:00,209.75,209.75,209.74,209.74,-0.0,21.0,4358.03,-1
2023-08-06,2023-08-06 11:16:00,209.74,209.74,209.73,209.73,-0.0,21.0,4358.03,-1
2023-08-06,2023-08-06 11:17:00,209.73,209.73,209.72,209.72,-0.0,21.0,4358.03,-1
2023-08-06,2023-08-06 11:18:00,209.72,209.72,209.71,209.71,-0.0,21.0,4358.03,-1
2023-08-06,2023-08-06 11:19:00,209.71,209.71,209.7,209.7,-0.0,21.0,4358.03,-1
2023-08-06,2023-08-06 11:20:00,209.7,209.7,209.69,209.69,-0.0,21.0,4358.03,-1
2023-08-06,2023-08-06 11:21:00,209.69,209.69,209.68,209.68,-0.0,21.0,4358.03,-1
2023-08-06,2023-08-06 11:22:00,209.68,209.68,209.67,209.67,-0.0,21.0,4358.03,-1
2023-08-06,2023-08-06 11:23:00,209.67,209.67,209.66,209.66,-0.0,21.0,4358.03,-1
2023-08-06,2023-08-06 11:24:00,209.66,209.66,209.65,209.65,-0.0,21.0,4358.03,-1
2023-08-06,2023-08-06 11:25:00,209.65,209.65,209.64,209.64,-0.0,21.0,4358.03,-1
2023-08-06,2023-08-06 11:26:00,209.64,209.64,209.63,209.63,-0.0,21.0,4358.03,-1
2023-08-06,2023-08-06 11:27:00,209.63,209.63,209.62,209.62,-0.0,21.0,4358.03,-1
2023-08-06,2023-08-06 11:28:00,209.62,209.62,209.61,209.61,-0.0,21.0,4358.03,-1
2023-08-06,2023-08-06 11:29:00,209.61,209.61,209.6,209.6,-0.0,21.0,4358.03,-1
2023-08-06,2023-08-06 11:30:00,209.6,209.6,209.59,209.59,-0.0,21.0,4358.03,-1
2023-08-06,2023-08-06 11:31:00,209.59,209.59,209.58,209.58,-0.0,21.0,4358.03,-1
2023-08-06,2023-08-06 11:32:00,209.58,209.58,209.57,209.57,-0.0,21.0,4358.03,-1
2023-08-06,2023-08-06 11:33:00,209.57,209.57,209.56,209.56,-0.0,21.0,4358.03,-1
2023-08-06,2023-08-06 11:34:00,209.56,209.56,209.55,209.55,-0.0,21.0,4358.03,-1
2023-08-06,2023-08-06 11:35:00,209.55,209.55,209.54,209.54,-0.0,21.0,4358.03,-1
2023-08-06,2023-08-06 11:36:00,209.54,209.54,209.53,209.53,-0.0,21.0,4358.03,-1
2023-08-06,2023-08-06 11:37:00,209.53,209.53,209.52,209.52,-0.0,21.0,4358.03,-1
2023-08-06,2023-08-06 11:38:00,209.52,209.52,209.51,209.51,-0.0,21.0,4358.03,-1
2023-08-06,2023-08-06 11:39:00,209.51,209.51,209.5,209.5,-0.0,21.0,4358.03,-1
2023-08-06,2023-08-06 11:40:00,209.5,209.5,209.49,209.49,-0.0,21.0,4358.03,-1
2023-08-06,2023-08-06 11:41:00,209.49,209.49,209.48,209.48,-0.0,21.0,4358.03,-1
2023-08-06,2023-08-06 11:42:00,209.48,209.48,209.47,209.47,-0.0,21.0,4358.03,-1
2023-08-06,2023-08-06 11:43:00,209.47,209.47,209.46,209.46,-0.0,21.0,4358.03,-1
2023-08-06,2023-08-06 11:44:00,209.46,209.46,209.45,209.45,-0.0,21.0,4358.03,-1
2023-08-06,2023-08-06 11:45:00,209.45,209.45,209.44,209.44,-0.0,21.0,4358.03,-1
2023-08-06,2023-08-06 11:46:00,209.44,209.44,209.43,209.43,-0.0,21.0,4358.03,-1
2023-08-06,2023-08-06 11:47:00,209.43,209.43,209.42,209.42,-0.0,21.0,4358.03,-1
2023-08-06,2023-08-06 11:48:00,209.42,209.42,209.41,209.41,-0.0,21.0,4358.03,-1
2023-08-06,2023-08-06 11:49:00,209.41,209.41,209.4,209.4,-0.0,21.0,4358.03,-1
2023-08-06,2023-08-06 11:50:00,209.4,209.4,209.39,209.39,-0.0,21.0,4358.03,-1
2023-08-06,2023-08-06 11:51:00,209.39,209.39,209.38,209.38,-0.0,21.0,4358.03,-1
2023-08-06,2023-08-06 11:52:00,209.38,209.38,209.37,209.37,-0.0,21.0,4358.03,-1
2023-08-06,2023-08-06 11:53:00,209.37,209.37,209.36,209.36,-0.0,21.0,4358.03,-1
2023-08-06,2023-08-06 11:54:00,209.36,209.36,209.35,209.35,-0.0,21.0,4358.03,-1
2023-08-06,2023-08-06 11:55:00,209.35,209.35,209.34,209.34,-0.0,21.0,4358.03,-1
2023-08-06,2023-08-06 11:56:00,209.34,209.34,209.33,209.33,-0.0,21.0,4358.03,-1
2023-08-06,2023-08-06 11:57:00,209.33,209.33,209.32,209.32,-0.0,21.0,4358.03,-1
2023-08-06,2023-08-06 11:58:00,209.32,209.32,209.31,209.31,-0.0,21.0,4358.03,-1
2023-08-06,2023-08-06 11:59:00,209.31,209.31,209.3,209.3,-0.0,21.0,4358.03,-1
2023-08-06,2023-08-06 12:00:00,209.3,209.3,209.29,209.29,-0.0,21.0,4358.03,-1
2023-08-06,2023-08-06 12:01:00,209.29,209.29,209.28,209.28,-0.0,21.0,4358.03,-1
2023-08-06,2023-08-06 12:02:00,209.28,209.28,209.27,209.27,-0.0,21.0,4358.03,-1
2023-08-06,2023-08-06 12:03:00,209.27,209.27,209.26,209.26,-0.0,21.0,4358.03,-1
2023-08-06,2023-08-06 12:04:00,209.26,209.26,209.25,209.25,-0.0,21.0,4358.03,-1
2023-08-06,2023-08-06 12:05:00,209.25,209.25,209.24,209.24,-0.0,21.0,4358.03,-1
2023-08-06,2023-08-06 12:06:00,209.24,209.24,209.23,209.23,-0.0,21.0,4358.03,-1
2023-08-06,2023-08-06 12:07:00,209.23,209.23,209.22,209.22,-0.0,21.0,4358.03,-1
2023-08-06,2023-08-06 12:08:00,209.22,209.22,209.21,209.21,-0.0,21.0,4358.03,-1
2023-08-06,2023-08-06 12:09:00,209.21,209.21,209.2,209.2,-0.0,21.0,4358.03,-1
2023-08-06,2023-08-06 12:10:00,209.2,209.2,209.19,209.19,-0.0,21.0,4358.03,-1
2023-08-06,2023-08-06 12:11:00,209.19,209.19,209.18,209.18,-0.0,21.0,4358.03,-1
2023-08-06,2023-08-06 12:12:00,209.18,209.18,209.17,209.17,-0.0,21.0,4358.03,-1
2023-08-06,2023-08-06 12:13:00,209.17,209.17,209.16,209.16,-0.0,21.0,4358.03,-1
2023-08-06,2023-08-06 12:14:00,209.16,209.16,209.15,209.15,-0.0,21.0,4358.03,-1
2023-08-06,2023-08-06 12:15:00,209.15,209.15,209.14,209.14,-0.0,21.0,4358.03,-1
2023-08-06,2023-08-06 12:16:00,209.14,209.14,209.13,209.13,-0.0,21.0,4358.03,-1
2023-08-06,2023-08-06 12:17:00,209.13,209.13,209.12,209.12,-0.0,21.0,4358.03,-1
2023-08-06,2023-08-06 12:18:00,209.12,209.12,209.11,209.11,-0.0,21.0,4358.03,-1
2023-08-06,2023-08-06 12:19:00,209.11,209.11,209.1,209.1,-0.0,21.0,4358.03,-1
2023-08-06,2023-08-06 12:20:00,209.1,209.1,209.09,209.09,-0.0,21.0,4358.03,-1
2023-08-06,2023-08-06 12:21:00,209.09,209.09,209.08,209.08,-0.0,21.0,4358.03,-1
2023-08-06,2023-08-06 12:22:00,209.08,209.08,209.07,209.07,-0.0,21.0,4358.03,-1
2023-08-06,2023-08-06 12:23:00,209.07,209.07,209.06,209.06,-0.0,21.0,4358.03,-1
2023-08-06,2023-08-06 12:24:00,209.06,209.06,209.05,209.05,-0.0,21.0,4358.03,-1
2023-08-06,2023-08-06 12:25:00,209.05,209.05,209.04,209.04,-0.0,21.0,4358.03,-1
2023-08-06,2023-08-06 12:26:00,209.04,209.04,209.03,209.03,-0.0,21.0,4358.03,-1
2023-08-06,2023-08-06 12:27:00,209.03,209.03,209.02,209.02,-0.0,21.0,4358.03,-1
2023-08-06,2023-08-06 12:28:00,209.02,209.02,209.01,209.01,-0.0,21.0,4358.03,-1
2023-08-06,2023-08-06 12:29:00,209.01,209.01,209.0,209.0,-0.0,21.0,4358.03,-1
2023-08-06,2023-08-06 12:30:00,209.0,209.0,208.99,208.99,-0.0,21.0,4358.03,-1
2023-08-06,2023-08-06 12:31:00,208.99,208.99,208.98,208.98,-0.0,21.0,4358.03,-1
2023-08-06,2023-08-06 12:32:00,208.98,208.98,208.97,208.97,-0.0,21.0,4358.03,-1
2023-08-06,2023-08-06 12:33:00,208.97,208.97,208.96,208.96,-0.0,21.0,4358.03,-1
2023-08-06,2023-08-06 12:34:00,208.96,208.96,208.95,208.95,-0.0,21.0,4358.03,-1
2023-08-06,2023-08-06 12:35:00,208.95,208.95,208.94,208.94,-0.0,21.0,4358.03,-1
2023-08-06,2023-08-06 12:36:00,208.94,208.94,208.93,208.93,-0.0,21.0,4358.03,-1
2023-08-06,2023-08-06 12:37:00,208.93,208.93,208.92,208.92,-0.0,21.0,4358.03,-1
2023-08-06,2023-08-06 12:38:00,208.92,208.92,208.91,208.91,-0.0,21.0,4358.03,-1
2023-08-06,2023-08-06 12:39:00,208.91,208.91,208.9,208.9,-0.0,21.0,4358.03,-1
2023-08-06,2023-08-06 12:40:00,208.9,208.9,208.89,208.89,-0.0,21.0,4358.03,-1
2023-08-06,2023-08-06 12:41:00,208.89,208.89,208.88,208.88,-0.0,21.0,4358.03,-1
2023-08-06,2023-08-06 12:42:00,208.88,208.88,208.87,208.87,-0.0,21.0,4358.03,-1
2023-08-06,2023-08-06 12:43:00,208.87,208.87,208.86,208.86,-0.0,21.0,4358.03,-1
2023-08-06,2023-08-06 12:44:00,208.86,208.86,208.85,208.85,-0.0,21.0,4358.03,-1
2023-08-06,2023-08-06 12:45:00,208.85,208.85,208.84,208.84,-0.0,21.0,4358.03,-1
2023-08-06,2023-08-06 12:46:00,208.84,208.84,208.83,208.83,-0.0,21.0,4358.03,-1
2023-08-06,2023-08-06 12:47:00,208.83,208.83,208.82,208.82,-0.0,21.0,4358.03,-1
2023-08-06,2023-08-06 12:48:00,208.82,208.82,208.81,208.81,-0.0,21.0,4358.03,-1
2023-08-06,2023-08-06 12:49:00,208.81,208.81,208.8,208.8,-0.0,21.0,4358.03,-1
2023-08-06,2023-08-06 12:50:00,208.8,208.8,208.79,208.79,-0.0,21.0,4358.03,-1
2023-08-06,2023-08-06 12:51:00,208.79,208.79,208.78,208.78,-0.0,21.0,4358.03,-1
2023-08-06,2023-08-06 12:52:00,208.78,208.78,208.77,208.77,-0.0,21.0,4358.03,-1
2023-08-06,2023-08-06 12:53:00,208.77,208.77,208.76,208.76,-0.0,21.0,4358.03,-1
2023-08-06,2023-08-06 12:54:00,208.76,208.76,208.75,208.75,-0.0,21.0,4358.03,-1
2023-08-06,2023-08-06 12:55:00,208.75,208.75,208.74,208.74,-0.0,21.0,4358.03,-1
2023-08-06,2023-08-06 12:56:00,208.74,208.74,208.73,208.73,-0.0,21.0,4358.03,-1
2023-08-06,2023-08-06 12:57:00,208.73,208.73,208.72,208.72,-0.0,21.0,4358.03,-1
2023-08-06,2023-08-06 12:58:00,208.72,208.72,208.71,208.71,-0.0,21.0,4358.03,-1
2023-08-06,2023-08-06 12:59:00,208.71,208.71,208.7,208.7,-0.0,21.0,4358.03,-1
2023-08-06,2023-08-06 13:00:00,208.7,210.0,206.1,208.69,-0.0,21.0,4358.03,-1
2023-08-06,2023-08-06 13:01:00,208.69,208.69,208.68,208.68,-0.0,21.0,4358.03,-1
2023-08-06,2023-08-06 13:02:00,208.68,208.68,208.67,208.67,-0.0,21.0,4358.03,-1
2023-08-06,2023-08-06 13:03:00,208.67,208.67,208.66,208.66,-0.0,21.0,4358.03,-1
2023-08-06,2023-08-06 13:04:00,208.66,208.66,208.65,208.65,-0.0,21.0,4358.03,-1
2023-08-06,2023-08-06 13:05:00,208.65,208.65,208.64,208.64,-0.0,21.0,4358.03,-1
2023-08-06,2023-08-06 13:06:00,208.64,208.64,208.63,208.63,-0.0,21.0,4358.03,-1
2023-08-06,2023-08-06 13:07:00,208.63,208.63,208.62,208.62,-0.0,21.0,4358.03,-1
2023-08-06,2023-08-06 13:08:00,208.62,208.62,208.61,208.61,-0.0,21.0,4358.03,-1
2023-08-06,2023-08-06 13:09:00,208.61,208.61,208.6,208.6,-0.0,21.0,4358.03,-1
2023-08-06,2023-08-06 13:10:00,208.6,208.6,208.59,208.59,-0.0,21.0,4358.03,-1
2023-08-06,2023-08-06 13:11:00,208.59,208.59,208.58,208.58,-0.0,21.0,4358.03,-1
2023-08-06,2023-08-06 13:12:00,208.58,208.58,208.57,208.57,-0.0,21.0,4358.03,-1
2023-08-06,2023-08-06 13:13:00,208.57,208.57,208.56,208.56,-0.0,21.0,4358.03,-1
2023-08-06,2023-08-06 13:14:00,208.56,208.56,208.55,208.55,-0.0,21.0,4358.03,-1
2023-08-06,2023-08-06 13:15:00,208.55,208.55,208.54,208.54,-0.0,21.0,4358.03,-1
2023-08-06,2023-08-06 13:16:00,208.54,208.54,208.53,208.53,-0.0,21.0,4358.03,-1
2023-08-06,2023-08-06 13:17:00,208.53,208.53,208.52,208.52,-0.0,21.0,4358.03,-1
2023-08-06,2023-08-06 13:18:00,208.52,208.52,208.51,208.51,-0.0,21.0,4358.03,-1
2023-08-06,2023-08-06 13:19:00,208.51,208.51,208.5,208.5,-0.0,21.0,4358.03,-1
2023-08-06,2023-08-06 13:20:00,208.5,208.5,208.49,208.49,-0.0,21.0,4358.03,-1
2023-08-06,2023-08-06 13:21:00,208.49,208.49,208.48,208.48,-0.0,21.0,4358.03,-1
2023-08-06,2023-08-06 13:22:00,208.48,208.48,208.47,208.47,-0.0,21.0,4358.03,-1
2023-08-06,2023-08-06 13:23:00,208.47,208.47,208.46,208.46,-0.0,21.0,4358.03,-1
2023-08-06,2023-08-06 13:24:00,208.46,208.46,208.45,208.45,-0.0,21.0,4358.03,-1
2023-08-06,2023-08-06 13:25:00,208.45,208.45,208.44,208.44,-0.0,21.0,4358.03,-1
2023-08-06,2023-08-06 13:26:00,208.44,208.44,208.43,208.43,-0.0,21.0,4358.03,-1
2023-08-06,2023-08-06 13:27:00,208.43,208.43,208.42,208.42,-0.0,21.0,4358.03,-1
2023-08-06,2023-08-06 13:28:00,208.42,208.42,208.41,208.41,-0.0,21.0,4358.03,-1
2023-08-06,2023-08-06 13:29:00,208.41,208.41,208.4,208.4,-0.0,21.0,4358.03,-1
2023-08-06,2023-08-06 13:30:00,208.4,208.4,208.39,208.39,-0.0,21.0,4358.03,-1
2023-08-06,2023-08-06 13:31:00,208.39,208.39,208.38,208.38,-0.0,21.0,4358.03,-1
2023-08-06,2023-08-06 13:32:00,208.38,208.38,208.37,208.37,-0.0,21.0,4358.03,-1
2023-08-06,2023-08-06 13:33:00,208.37,208.37,208.36,208.36,-0.0,21.0,4358.03,-1
2023-08-06,2023-08-06 13:34:00,208.36,208.36,208.35,208.35,-0.0,21.0,4358.03,-1
2023-08-06,2023-08-06 13:35:00,208.35,208.35,208.34,208.34,-0.0,21.0,4358.03,-1
2023-08-06,2023-08-06 13:36:00,208.34,208.34,208.33,208.33,-0.0,21.0,4358.03,-1
2023-08-06,2023-08-06 13:37:00,208.33,208.33,208.32,208.32,-0.0,21.0,4358.03,-1
2023-08-06,2023-08-06 13:38:00,208.32,208.32,208.31,208.31,-0.0,21.0,4358.03,-1
2023-08-06,2023-08-06 13:39:00,208.31,208.31,208.3,208.3,-0.0,21.0,4358.03,-1
2023-08-06,2023-08-06 13:40:00,208.3,208.3,208.29,208.29,-0.0,21.0,4358.03,-1
2023-08-06,2023-08-06 13:41:00,208.29,208.29,208.28,208.28,-0.0,21.0,4358.03,-1
2023-08-06,2023-08-06 13:42:00,208.28,208.28,208.27,208.27,-0.0,21.0,4358.03,-1
2023-08-06,2023-08-06 13:43:00,208.27,208.27,208.26,208.26,-0.0,21.0,4358.03,-1
2023-08-06,2023-08-06 13:44:00,208.26,208.26,208.25,208.25,-0.0,21.0,4358.03,-1
2023-08-06,2023-08-06 13:45:00,208.25,208.25,208.24,208.24,-0.0,21.0,4358.03,-1
2023-08-06,2023-08-06 13:46:00,208.24,208.24,208.23,208.23,-0.0,21.0,4358.03,-1
2023-08-06,2023-08-06 13:47:00,208.23,208.23,208.22,208.22,-0.0,21.0,4358.03,-1
2023-08-06,2023-08-06 13:48:00,208.22,208.22,208.21,208.21,-0.0,21.0,4358.03,-1
2023-08-06,2023-08-06 13:49:00,208.21,208.21,208.2,208.2,-0.0,21.0,4358.03,-1
2023-08-06,2023-08-06 13:50:00,208.2,208.2,208.19,208.19,-0.0,21.0,4358.03,-1
2023-08-06,2023-08-06 13:51:00,208.19,208.19,208.18,208.18,-0.0,21.0,4358.03,-1
2023-08-06,2023-08-06 13:52:00,208.18,208.18,208.17,208.17,-0.0,21.0,4358.03,-1
2023-08-06,2023-08-06 13:53:00,208.17,208.17,208.16,208.16,-0.0,21.0,4358.03,-1
2023-08-06,2023-08-06 13:54:00,208.16,208.16,208.15,208.15,-0.0,21.0,4358.03,-1
2023-08-06,2023-08-06 13:55:00,208.15,208.15,208.14,208.14,-0.0,21.0,4358.03,-1
2023-08-06,2023-08-06 13:56:00,208.14,208.14,208.13,208.13,-0.0,21.0,4358.03,-1
2023-08-06,2023-08-06 13:57:00,208.13,208.13,208.12,208.12,-0.0,21.0,4358.03,-1
2023-08-06,2023-08-06 13:58:00,208.12,208.12,208.11,208.11,-0.0,21.0,4358.03,-1
2023-08-06,2023-08-06 13:59:00,208.11,208.11,208.1,208.1,-0.0,21.0,4358.03,-1
2023-08-06,2023-08-06 14:00:00,208.1,208.1,208.09,208.09,-0.0,21.0,4358.03,-1
2023-08-06,2023-08-06 14:01:00,208.09,208.09,208.08,208.08,-0.0,21.0,4358.03,-1
2023-08-06,2023-08-06 14:02:00,208.08,208.08,208.07,208.07,-0.0,21.0,4358.03,-1
2023-08-06,2023-08-06 14:03:00,208.07,208.07,208.06,208.06,-0.0,21.0,4358.03,-1
2023-08-06,2023-08-06 14:04:00,208.06,208.06,208.05,208.05,-0.0,21.0,4358.03,-1
2023-08-06,2023-08-06 14:05:00,208.05,208.05,208.04,208.04,-0.0,21.0,4358.03,-1
2023-08-06,2023-08-06 14:06:00,208.04,208.04,208.03,208.03,-0.0,21.0,4358.03,-1
2023-08-06,2023-08-06 14:07:00,208.03,208.03,208.02,208.02,-0.0,21.0,4358.03,-1
2023-08-06,2023-08-06 14:08:00,208.02,208.02,208.01,208.01,-0.0,21.0,4358.03,-1
2023-08-06,2023-08-06 14:09:00,208.01,208.01,208.0,208.0,-0.0,21.0,4358.03,-1
2023-08-06,2023-08-06 14:10:00,208.0,208.0,207.99,207.99,-0.0,21.0,4358.03,-1
2023-08-06,2023-08-06 14:11:00,207.99,207.99,207.98,207.98,-0.0,21.0,4358.03,-1
2023-08-06,2023-08-06 14:12:00,207.98,207.98,207.97,207.97,-0.0,21.0,4358.03,-1
2023-08-06,2023-08-06 14:13:00,207.97,207.97,207.96,207.96,-0.0,21.0,4358.03,-1
2023-08-06,2023-08-06 14:14:00,207.96,207.96,207.95,207.95,-0.0,21.0,4358.03,-1
2023-08-06,2023-08-06 14:15:00,207.95,207.95,207.94,207.94,-0.0,21.0,4358.03,-1
2023-08-06,2023-08-06 14:16:00,207.94,207.94,207.93,207.93,-0.0,21.0,4358.03,-1
2023-08-06,2023-08-06 14:17:00,207.93,207.93,207.92,207.92,-0.0,21.0,4358.03,-1
2023-08-06,2023-08-06 14:18:00,207.92,207.92,207.91,207.91,-0.0,21.0,4358.03,-1
2023-08-06,2023-08-06 14:19:00,207.91,207.91,207.9,207.9,-0.0,21.0,4358.03,-1
2023-08-06,2023-08-06 14:20:00,207.9,207.9,207.89,207.89,-0.0,21.0,4358.03,-1
2023-08-06,2023-08-06 14:21:00,207.89,207.89,207.88,207.88,-0.0,21.0,4358.03,-1
2023-08-06,2023-08-06 14:22:00,207.88,207.88,207.87,207.87,-0.0,21.0,4358.03,-1
2023-08-06,2023-08-06 14:23:00,207.87,207.87,207.86,207.86,-0.0,21.0,4358.03,-1
2023-08-06,2023-08-06 14:24:00,207.86,207.86,207.85,207.85,-0.0,21.0,4358.03,-1
2023-08-06,2023-08-06 14:25:00,207.85,207.85,207.84,207.84,-0.0,21.0,4358.03,-1
2023-08-06,2023-08-06 14:26:00,207.84,207.84,207.83,207.83,-0.0,21.0,4358.03,-1
2023-08-06,2023-08-06 14:27:00,207.83,207.83,207.82,207.82,-0.0,21.0,4358.03,-1
2023-08-06,2023-08-06 14:28:00,207.82,207.82,207.81,207.81,-0.0,21.0,4358.03,-1
2023-08-06,2023-08-06 14:29:00,207.81,207.81,207.8,207.8,-0.0,21.0,4358.03,-1
2023-08-06,2023-08-06 14:30:00,207.8,207.8,207.79,207.79,-0.0,21.0,4358.03,-1
2023-08-06,2023-08-06 14:31:00,207.79,207.79,207.78,207.78,-0.0,21.0,4358.03,-1
2023-08-06,2023-08-06 14:32:00,207.78,207.78,207.77,207.77,-0.0,21.0,4358.03,-1
2023-08-06,2023-08-06 14:33:00,207.77,207.77,207.76,207.76,-0.0,21.0,4358.03,-1
2023-08-06,2023-08-06 14:34:00,207.76,207.76,207.75,207.75,-0.0,21.0,4358.03,-1
2023-08-06,2023-08-06 14:35:00,207.75,207.75,207.74,207.74,-0.0,21.0,4358.03,-1
2023-08-06,2023-08-06 14:36:00,207.74,207.74,207.73,207.73,-0.0,21.0,4358.03,-1
2023-08-06,2023-08-06 14:37:00,207.73,207.73,207.72,207.72,-0.0,21.0,4358.03,-1
2023-08-06,2023-08-06 14:38:00,207.72,207.72,207.71,207.71,-0.0,21.0,4358.03,-1
2023-08-06,2023-08-06 14:39:00,207.71,207.71,207.7,207.7,-0.0,21.0,4358.03,-1
2023-08-06,2023-08-06 14:40:00,207.7,207.7,207.69,207.69,-0.0,21.0,4358.03,-1
2023-08-06,2023-08-06 14:41:00,207.69,207.69,207.68,207.68,-0.0,21.0,4358.03,-1
2023-08-06,2023-08-06 14:42:00,207.68,207.68,207.67,207.67,-0.0,21.0,4358.03,-1
2023-08-06,2023-08-06 14:43:00,207.67,207.67,207.66,207.66,-0.0,21.0,4358.03,-1
2023-08-06,2023-08-06 14:44:00,207.66,207.66,207.65,207.65,-0.0,21.0,4358.03,-1
2023-08-06,2023-08-06 14:45:00,207.65,207.65,207.64,207.64,-0.0,21.0,4358.03,-1
2023-08-06,2023-08-06 14:46:00,207.64,207.64,207.63,207.63,-0.0,21.0,4358.03,-1
2023-08-06,2023-08-06 14:47:00,207.63,207.63,207.62,207.62,-0.0,21.0,4358.03,-1
2023-08-06,2023-08-06 14:48:00,207.62,207.62,207.61,207.61,-0.0,21.0,4358.03,-1
2023-08-06,2023-08-06 14:49:00,207.61,207.61,207.6,207.6,-0.0,21.0,4358.03,-1
2023-08-06,2023-08-06 14:50:00,207.6,207.6,207.59,207.59,-0.0,21.0,4358.03,-1
2023-08-06,2023-08-06 14:51:00,207.59,207.59,207.58,207.58,-0.0,21.0,4358.03,-1
2023-08-06,2023-08-06 14:52:00,207.58,207.58,207.57,207.57,-0.0,21.0,4358.03,-1
2023-08-06,2023-08-06 14:53:00,207.57,207.57,207.56,207.56,-0.0,21.0,4358.03,-1
2023-08-06,2023-08-06 14:54:00,207.56,207.56,207.55,207.55,-0.0,21.0,4358.03,-1
2023-08-06,2023-08-06 14:55:00,207.55,207.55,207.54,207.54,-0.0,21.0,4358.03,-1
2023-08-06,2023-08-06 14:56:00,207.54,207.54,207.53,207.53,-0.0,21.0,4358.03,-1
2023-08-06,2023-08-06 14:57:00,207.53,207.53,207.52,207.52,-0.0,21.0,4358.03,-1
2023-08-06,2023-08-06 14:58:00,207.52,207.52,207.51,207.51,-0.0,21.0,4358.03,-1
2023-08-06,2023-08-06 14:59:00,207.51,207.51,207.5,207.5,-0.0,21.0,4358.03,-1
2023-08-06,2023-08-06 15:00:00,207.5,210.0,206.1,207.5,0.0,21.0,4358.03,0
2023-08-07,2023-08-07 11:00:00,203.4,204.78,203.4,203.41,0.0,25.91,5312.21,1
2023-08-07,2023-08-07 11:01:00,203.41,203.43,203.41,203.43,0.01,25.91,5312.21,1
2023-08-07,2023-08-07 11:02:00,203.43,203.44,203.43,203.44,0.0,25.91,5312.21,1
2023-08-07,2023-08-07 11:03:00,203.44,203.46,203.44,203.46,0.01,25.91,5312.21,1
2023-08-07,2023-08-07 11:04:00,203.46,203.47,203.46,203.47,0.0,25.91,5312.21,1
2023-08-07,2023-08-07 11:05:00,203.47,203.49,203.47,203.49,0.01,25.91,5312.21,1
2023-08-07,2023-08-07 11:06:00,203.49,203.5,203.49,203.5,0.0,25.91,5312.21,1
2023-08-07,2023-08-07 11:07:00,203.5,203.52,203.5,203.52,0.01,25.91,5312.21,1
2023-08-07,2023-08-07 11:08:00,203.52,203.53,203.52,203.53,0.0,25.91,5312.21,1
2023-08-07,2023-08-07 11:09:00,203.53,203.55,203.53,203.55,0.01,25.91,5312.21,1
2023-08-07,2023-08-07 11:10:00,203.55,203.56,203.55,203.56,0.0,25.91,5312.21,1
2023-08-07,2023-08-07 11:11:00,203.56,203.58,203.56,203.58,0.01,25.91,5312.21,1
2023-08-07,2023-08-07 11:12:00,203.58,203.59,203.58,203.59,0.0,25.91,5312.21,1
2023-08-07,2023-08-07 11:13:00,203.59,203.61,203.59,203.61,0.01,25.91,5312.21,1
2023-08-07,2023-08-07 11:14:00,203.61,203.62,203.61,203.62,0.0,25.91,5312.21,1
2023-08-07,2023-08-07 11:15:00,203.62,203.64,203.62,203.64,0.01,25.91,5312.21,1
2023-08-07,2023-08-07 11:16:00,203.64,203.66,203.64,203.66,0.01,25.91,5312.21,1
2023-08-07,2023-08-07 11:17:00,203.66,203.67,203.66,203.67,0.0,25.91,5312.21,1
2023-08-07,2023-08-07 11:18:00,203.67,203.69,203.67,203.69,0.01,25.91,5312.21,1
2023-08-07,2023-08-07 11:19:00,203.69,203.7,203.69,203.7,0.0,25.91,5312.21,1
2023-08-07,2023-08-07 11:20:00,203.7,203.72,203.7,203.72,0.01,25.91,5312.21,1
2023-08-07,2023-08-07 11:21:00,203.72,203.73,203.72,203.73,0.0,25.91,5312.21,1
2023-08-07,2023-08-07 11:22:00,203.73,203.75,203.73,203.75,0.01,25.91,5312.21,1
2023-08-07,2023-08-07 11:23:00,203.75,203.76,203.75,203.76,0.0,25.91,5312.21,1
2023-08-07,2023-08-07 11:24:00,203.76,203.78,203.76,203.78,0.01,25.91,5312.21,1
2023-08-07,2023-08-07 11:25:00,203.78,203.79,203.78,203.79,0.0,25.91,5312.21,1
2023-08-07,2023-08-07 11:26:00,203.79,203.81,203.79,203.81,0.01,25.91,5312.21,1
2023-08-07,2023-08-07 11:27:00,203.81,203.82,203.81,203.82,0.0,25.91,5312.21,1
2023-08-07,2023-08-07 11:28:00,203.82,203.84,203.82,203.84,0.01,25.91,5312.21,1
2023-08-07,2023-08-07 11:29:00,203.84,203.85,203.84,203.85,0.0,25.91,5312.21,1
2023-08-07,2023-08-07 11:30:00,203.85,203.87,203.85,203.87,0.01,25.91,5312.21,1
2023-08-07,2023-08-07 11:31:00,203.87,203.88,203.87,203.88,0.0,25.91,5312.21,1
2023-08-07,2023-08-07 11:32:00,203.88,203.9,203.88,203.9,0.01,25.91,5312.21,1
2023-08-07,2023-08-07 11:33:00,203.9,203.91,203.9,203.91,0.0,25.91,5312.21,1
2023-08-07,2023-08-07 11:34:00,203.91,203.93,203.91,203.93,0.01,25.91,5312.21,1
2023-08-07,2023-08-07 11:35:00,203.93,203.94,203.93,203.94,0.0,25.91,5312.21,1
2023-08-07,2023-08-07 11:36:00,203.94,203.96,203.94,203.96,0.01,25.91,5312.21,1
2023-08-07,2023-08-07 11:37:00,203.96,203.97,203.96,203.97,0.0,25.91,5312.21,1
2023-08-07,2023-08-07 11:38:00,203.97,203.99,203.97,203.99,0.01,25.91,5312.21,1
2023-08-07,2023-08-07 11:39:00,203.99,204.0,203.99,204.0,0.0,25.91,5312.21,1
2023-08-07,2023-08-07 11:40:00,204.0,204.02,204.0,204.02,0.01,25.91,5312.21,1
2023-08-07,2023-08-07 11:41:00,204.02,204.03,204.02,204.03,0.0,25.91,5312.21,1
2023-08-07,2023-08-07 11:42:00,204.03,204.05,204.03,204.05,0.01,25.91,5312.21,1
2023-08-07,2023-08-07 11:43:00,204.05,204.06,204.05,204.06,0.0,25.91,5312.21,1
2023-08-07,2023-08-07 11:44:00,204.06,204.08,204.06,204.08,0.01,25.91,5312.21,1
2023-08-07,2023-08-07 11:45:00,204.08,204.09,204.08,204.09,0.0,25.91,5312.21,1
2023-08-07,2023-08-07 11:46:00,204.09,204.11,204.09,204.11,0.01,25.91,5312.21,1
2023-08-07,2023-08-07 11:47:00,204.11,204.12,204.11,204.12,0.0,25.91,5312.21,1
2023-08-07,2023-08-07 11:48:00,204.12,204.13,204.12,204.13,0.0,25.91,5312.21,1
2023-08-07,2023-08-07 11:49:00,204.13,204.15,204.13,204.15,0.01,25.91,5312.21,1
2023-08-07,2023-08-07 11:50:00,204.15,204.16,204.15,204.16,0.0,25.91,5312.21,1
2023-08-07,2023-08-07 11:51:00,204.16,204.18,204.16,204.18,0.01,25.91,5312.21,1
2023-08-07,2023-08-07 11:52:00,204.18,204.19,204.18,204.19,0.0,25.91,5312.21,1
2023-08-07,2023-08-07 11:53:00,204.19,204.21,204.19,204.21,0.01,25.91,5312.21,1
2023-08-07,2023-08-07 11:54:00,204.21,204.22,204.21,204.22,0.0,25.91,5312.21,1
2023-08-07,2023-08-07 11:55:00,204.22,204.24,204.22,204.24,0.01,25.91,5312.21,1
2023-08-07,2023-08-07 11:56:00,204.24,204.25,204.24,204.25,0.0,25.91,5312.21,1
2023-08-07,2023-08-07 11:57:00,204.25,204.27,204.25,204.27,0.01,25.91,5312.21,1
2023-08-07,2023-08-07 11:58:00,204.27,204.28,204.27,204.28,0.0,25.91,5312.21,1
2023-08-07,2023-08-07 11:59:00,204.28,204.3,204.28,204.3,0.01,25.91,5312.21,1
2023-08-07,2023-08-07 12:00:00,204.3,204.31,204.3,204.31,0.0,25.91,5312.21,1
2023-08-07,2023-08-07 12:01:00,204.31,204.33,204.31,204.33,0.01,25.91,5312.21,1
2023-08-07,2023-08-07 12:02:00,204.33,204.34,204.33,204.34,0.0,25.91,5312.21,1
2023-08-07,2023-08-07 12:03:00,204.34,204.36,204.34,204.36,0.01,25.91,5312.21,1
2023-08-07,2023-08-07 12:04:00,204.36,204.38,204.36,204.38,0.01,25.91,5312.21,1
2023-08-07,2023-08-07 12:05:00,204.38,204.39,204.38,204.39,0.0,25.91,5312.21,1
2023-08-07,2023-08-07 12:06:00,204.39,204.41,204.39,204.41,0.01,25.91,5312.21,1
2023-08-07,2023-08-07 12:07:00,204.41,204.42,204.41,204.42,0.0,25.91,5312.21,1
2023-08-07,2023-08-07 12:08:00,204.42,204.44,204.42,204.44,0.01,25.91,5312.21,1
2023-08-07,2023-08-07 12:09:00,204.44,204.45,204.44,204.45,0.0,25.91,5312.21,1
2023-08-07,2023-08-07 12:10:00,204.45,204.47,204.45,204.47,0.01,25.91,5312.21,1
2023-08-07,2023-08-07 12:11:00,204.47,204.48,204.47,204.48,0.0,25.91,5312.21,1
2023-08-07,2023-08-07 12:12:00,204.48,204.5,204.48,204.5,0.01,25.91,5312.21,1
2023-08-07,2023-08-07 12:13:00,204.5,204.51,204.5,204.51,0.0,25.91,5312.21,1
2023-08-07,2023-08-07 12:14:00,204.51,204.53,204.51,204.53,0.01,25.91,5312.21,1
2023-08-07,2023-08-07 12:15:00,204.53,204.54,204.53,204.54,0.0,25.91,5312.21,1
2023-08-07,2023-08-07 12:16:00,204.54,204.56,204.54,204.56,0.01,25.91,5312.21,1
2023-08-07,2023-08-07 12:17:00,204.56,204.57,204.56,204.57,0.0,25.91,5312.21,1
2023-08-07,2023-08-07 12:18:00,204.57,204.59,204.57,204.59,0.01,25.91,5312.21,1
2023-08-07,2023-08-07 12:19:00,204.59,204.6,204.59,204.6,0.0,25.91,5312.21,1
2023-08-07,2023-08-07 12:20:00,204.6,204.62,204.6,204.62,0.01,25.91,5312.21,1
2023-08-07,2023-08-07 12:21:00,204.62,204.63,204.62,204.63,0.0,25.91,5312.21,1
2023-08-07,2023-08-07 12:22:00,204.63,204.65,204.63,204.65,0.01,25.91,5312.21,1
2023-08-07,2023-08-07 12:23:00,204.65,204.66,204.65,204.66,0.0,25.91,5312.21,1
2023-08-07,2023-08-07 12:24:00,204.66,204.68,204.66,204.68,0.01,25.91,5312.21,1
2023-08-07,2023-08-07 12:25:00,204.68,204.69,204.68,204.69,0.0,25.91,5312.21,1
2023-08-07,2023-08-07 12:26:00,204.69,204.71,204.69,204.71,0.01,25.91,5312.21,1
2023-08-07,2023-08-07 12:27:00,204.71,204.72,204.71,204.72,0.0,25.91,5312.21,1
2023-08-07,2023-08-07 12:28:00,204.72,204.74,204.72,204.74,0.01,25.91,5312.21,1
2023-08-07,2023-08-07 12:29:00,204.74,204.75,204.74,204.75,0.0,25.91,5312.21,1
2023-08-07,2023-08-07 12:30:00,204.75,204.77,204.75,204.77,0.01,25.91,5312.21,1
2023-08-07,2023-08-07 12:31:00,204.77,204.78,204.77,204.78,0.0,25.91,5312.21,1
2023-08-07,2023-08-07 12:32:00,204.78,204.8,204.78,204.8,0.01,25.91,5312.21,1
2023-08-07,2023-08-07 12:33:00,204.8,204.81,204.8,204.81,0.0,25.91,5312.21,1
2023-08-07,2023-08-07 12:34:00,204.81,204.83,204.81,204.83,0.01,25.91,5312.21,1
2023-08-07,2023-08-07 12:35:00,204.83,204.84,204.83,204.84,0.0,25.91,5312.21,1
2023-08-07,2023-08-07 12:36:00,204.84,204.85,204.84,204.85,0.0,25.91,5312.21,1
2023-08-07,2023-08-07 12:37:00,204.85,204.87,204.85,204.87,0.01,25.91,5312.21,1
2023-08-07,2023-08-07 12:38:00,204.87,204.88,204.87,204.88,0.0,25.91,5312.21,1
2023-08-07,2023-08-07 12:39:00,204.88,204.9,204.88,204.9,0.01,25.91,5312.21,1
2023-08-07,2023-08-07 12:40:00,204.9,204.91,204.9,204.91,0.0,25.91,5312.21,1
2023-08-07,2023-08-07 12:41:00,204.91,204.93,204.91,204.93,0.01,25.91,5312.21,1
2023-08-07,2023-08-07 12:42:00,204.93,204.94,204.93,204.94,0.0,25.91,5312.21,1
2023-08-07,2023-08-07 12:43:00,204.94,204.96,204.94,204.96,0.01,25.91,5312.21,1
2023-08-07,2023-08-07 12:44:00,204.96,204.97,204.96,204.97,0.0,25.91,5312.21,1
2023-08-07,2023-08-07 12:45:00,204.97,204.99,204.97,204.99,0.01,25.91,5312.21,1
2023-08-07,2023-08-07 12:46:00,204.99,205.0,204.99,205.0,0.0,25.91,5312.21,1
2023-08-07,2023-08-07 12:47:00,205.0,205.02,205.0,205.02,0.01,25.91,5312.21,1
2023-08-07,2023-08-07 12:48:00,205.02,205.03,205.02,205.03,0.0,25.91,5312.21,1
2023-08-07,2023-08-07 12:49:00,205.03,205.05,205.03,205.05,0.01,25.91,5312.21,1
2023-08-07,2023-08-07 12:50:00,205.05,205.06,205.05,205.06,0.0,25.91,5312.21,1
2023-08-07,2023-08-07 12:51:00,205.06,205.08,205.06,205.08,0.01,25.91,5312.21,1
2023-08-07,2023-08-07 12:52:00,205.08,205.09,205.08,205.09,0.0,25.91,5312.21,1
2023-08-07,2023-08-07 12:53:00,205.09,205.11,205.09,205.11,0.01,25.91,5312.21,1
2023-08-07,2023-08-07 12:54:00,205.11,205.12,205.11,205.12,0.0,25.91,5312.21,1
2023-08-07,2023-08-07 12:55:00,205.12,205.14,205.12,205.14,0.01,25.91,5312.21,1
2023-08-07,2023-08-07 12:56:00,205.14,205.16,205.14,205.16,0.01,25.91,5312.21,1
2023-08-07,2023-08-07 12:57:00,205.16,205.17,205.16,205.17,0.0,25.91,5312.21,1
2023-08-07,2023-08-07 12:58:00,205.17,205.19,205.17,205.19,0.01,25.91,5312.21,1
2023-08-07,2023-08-07 12:59:00,205.19,205.2,205.19,205.2,0.0,25.91,5312.21,1
2023-08-07,2023-08-07 13:00:00,205.2,208.0,203.4,205.22,0.01,25.91,5312.21,1
2023-08-07,2023-08-07 13:01:00,205.22,205.23,205.22,205.23,0.0,25.91,5312.21,1
2023-08-07,2023-08-07 13:02:00,205.23,205.25,205.23,205.25,0.01,25.91,5312.21,1
2023-08-07,2023-08-07 13:03:00,205.25,205.26,205.25,205.26,0.0,25.91,5312.21,1
2023-08-07,2023-08-07 13:04:00,205.26,205.28,205.26,205.28,0.01,25.91,5312.21,1
2023-08-07,2023-08-07 13:05:00,205.28,205.29,205.28,205.29,0.0,25.91,5312.21,1
2023-08-07,2023-08-07 13:06:00,205.29,205.31,205.29,205.31,0.01,25.91,5312.21,1
2023-08-07,2023-08-07 13:07:00,205.31,205.32,205.31,205.32,0.0,25.91,5312.21,1
2023-08-07,2023-08-07 13:08:00,205.32,205.34,205.32,205.34,0.01,25.91,5312.21,1
2023-08-07,2023-08-07 13:09:00,205.34,205.35,205.34,205.35,0.0,25.91,5312.21,1
2023-08-07,2023-08-07 13:10:00,205.35,205.37,205.35,205.37,0.01,25.91,5312.21,1
2023-08-07,2023-08-07 13:11:00,205.37,205.38,205.37,205.38,0.0,25.91,5312.21,1
2023-08-07,2023-08-07 13:12:00,205.38,205.4,205.38,205.4,0.01,25.91,5312.21,1
2023-08-07,2023-08-07 13:13:00,205.4,205.41,205.4,205.41,0.0,25.91,5312.21,1
2023-08-07,2023-08-07 13:14:00,205.41,205.43,205.41,205.43,0.01,25.91,5312.21,1
2023-08-07,2023-08-07 13:15:00,205.43,205.44,205.43,205.44,0.0,25.91,5312.21,1
2023-08-07,2023-08-07 13:16:00,205.44,205.46,205.44,205.46,0.01,25.91,5312.21,1
2023-08-07,2023-08-07 13:17:00,205.46,205.47,205.46,205.47,0.0,25.91,5312.21,1
2023-08-07,2023-08-07 13:18:00,205.47,205.49,205.47,205.49,0.01,25.91,5312.21,1
2023-08-07,2023-08-07 13:19:00,205.49,205.5,205.49,205.5,0.0,25.91,5312.21,1
2023-08-07,2023-08-07 13:20:00,205.5,205.52,205.5,205.52,0.01,25.91,5312.21,1
2023-08-07,2023-08-07 13:21:00,205.52,205.53,205.52,205.53,0.0,25.91,5312.21,1
2023-08-07,2023-08-07 13:22:00,205.53,205.55,205.53,205.55,0.01,25.91,5312.21,1
2023-08-07,2023-08-07 13:23:00,205.55,205.56,205.55,205.56,0.0,25.91,5312.21,1
2023-08-07,2023-08-07 13:24:00,205.56,205.57,205.56,205.57,0.0,25.91,5312.21,1
2023-08-07,2023-08-07 13:25:00,205.57,205.59,205.57,205.59,0.01,25.91,5312.21,1
2023-08-07,2023-08-07 13:26:00,205.59,205.6,205.59,205.6,0.0,25.91,5312.21,1
2023-08-07,2023-08-07 13:27:00,205.6,205.62,205.6,205.62,0.01,25.91,5312.21,1
2023-08-07,2023-08-07 13:28:00,205.62,205.63,205.62,205.63,0.0,25.91,5312.21,1
2023-08-07,2023-08-07 13:29:00,205.63,205.65,205.63,205.65,0.01,25.91,5312.21,1
2023-08-07,2023-08-07 13:30:00,205.65,205.66,205.65,205.66,0.0,25.91,5312.21,1
2023-08-07,2023-08-07 13:31:00,205.66,205.68,205.66,205.68,0.01,25.91,5312.21,1
2023-08-07,2023-08-07 13:32:00,205.68,205.69,205.68,205.69,0.0,25.91,5312.21,1
2023-08-07,2023-08-07 13:33:00,205.69,205.71,205.69,205.71,0.01,25.91,5312.21,1
2023-08-07,2023-08-07 13:34:00,205.71,205.72,205.71,205.72,0.0,25.91,5312.21,1
2023-08-07,2023-08-07 13:35:00,205.72,205.74,205.72,205.74,0.01,25.91,5312.21,1
2023-08-07,2023-08-07 13:36:00,205.74,205.75,205.74,205.75,0.0,25.91,5312.21,1
2023-08-07,2023-08-07 13:37:00,205.75,205.77,205.75,205.77,0.01,25.91,5312.21,1
2023-08-07,2023-08-07 13:38:00,205.77,205.78,205.77,205.78,0.0,25.91,5312.21,1
2023-08-07,2023-08-07 13:39:00,205.78,205.8,205.78,205.8,0.01,25.91,5312.21,1
2023-08-07,2023-08-07 13:40:00,205.8,205.81,205.8,205.81,0.0,25.91,5312.21,1
2023-08-07,2023-08-07 13:41:00,205.81,205.83,205.81,205.83,0.01,25.91,5312.21,1
2023-08-07,2023-08-07 13:42:00,205.83,205.84,205.83,205.84,0.0,25.91,5312.21,1
2023-08-07,2023-08-07 13:43:00,205.84,205.86,205.84,205.86,0.01,25.91,5312.21,1
2023-08-07,2023-08-07 13:44:00,205.86,205.88,205.86,205.88,0.01,25.91,5312.21,1
2023-08-07,2023-08-07 13:45:00,205.88,205.89,205.88,205.89,0.0,25.91,5312.21,1
2023-08-07,2023-08-07 13:46:00,205.89,205.91,205.89,205.91,0.01,25.91,5312.21,1
2023-08-07,2023-08-07 13:47:00,205.91,205.92,205.91,205.92,0.0,25.91,5312.21,1
2023-08-07,2023-08-07 13:48:00,205.92,205.94,205.92,205.94,0.01,25.91,5312.21,1
2023-08-07,2023-08-07 13:49:00,205.94,205.95,205.94,205.95,0.0,25.91,5312.21,1
2023-08-07,2023-08-07 13:50:00,205.95,205.97,205.95,205.97,0.01,25.91,5312.21,1
2023-08-07,2023-08-07 13:51:00,205.97,205.98,205.97,205.98,0.0,25.91,5312.21,1
2023-08-07,2023-08-07 13:52:00,205.98,206.0,205.98,206.0,0.01,25.91,5312.21,1
2023-08-07,2023-08-07 13:53:00,206.0,206.01,206.0,206.01,0.0,25.91,5312.21,1
2023-08-07,2023-08-07 13:54:00,206.01,206.03,206.01,206.03,0.01,25.91,5312.21,1
2023-08-07,2023-08-07 13:55:00,206.03,206.04,206.03,206.04,0.0,25.91,5312.21,1
2023-08-07,2023-08-07 13:56:00,206.04,206.06,206.04,206.06,0.01,25.91,5312.21,1
2023-08-07,2023-08-07 13:57:00,206.06,206.07,206.06,206.07,0.0,25.91,5312.21,1
2023-08-07,2023-08-07 13:58:00,206.07,206.09,206.07,206.09,0.01,25.91,5312.21,1
2023-08-07,2023-08-07 13:59:00,206.09,206.1,206.09,206.1,0.0,25.91,5312.21,1
2023-08-07,2023-08-07 14:00:00,206.1,206.12,206.1,206.12,0.01,25.91,5312.21,1
2023-08-07,2023-08-07 14:01:00,206.12,206.13,206.12,206.13,0.0,25.91,5312.21,1
2023-08-07,2023-08-07 14:02:00,206.13,206.15,206.13,206.15,0.01,25.91,5312.21,1
2023-08-07,2023-08-07 14:03:00,206.15,206.16,206.15,206.16,0.0,25.91,5312.21,1
2023-08-07,2023-08-07 14:04:00,206.16,206.18,206.16,206.18,0.01,25.91,5312.21,1
2023-08-07,2023-08-07 14:05:00,206.18,206.19,206.18,206.19,0.0,25.91,5312.21,1
2023-08-07,2023-08-07 14:06:00,206.19,206.21,206.19,206.21,0.01,25.91,5312.21,1
2023-08-07,2023-08-07 14:07:00,206.21,206.22,206.21,206.22,0.0,25.91,5312.21,1
2023-08-07,2023-08-07 14:08:00,206.22,206.24,206.22,206.24,0.01,25.91,5312.21,1
2023-08-07,2023-08-07 14:09:00,206.24,206.25,206.24,206.25,0.0,25.91,5312.21,1
2023-08-07,2023-08-07 14:10:00,206.25,206.27,206.25,206.27,0.01,25.91,5312.21,1
2023-08-07,2023-08-07 14:11:00,206.27,206.28,206.27,206.28,0.0,25.91,5312.21,1
2023-08-07,2023-08-07 14:12:00,206.28,206.29,206.28,206.29,0.0,25.91,5312.21,1
2023-08-07,2023-08-07 14:13:00,206.29,206.31,206.29,206.31,0.01,25.91,5312.21,1
2023-08-07,2023-08-07 14:14:00,206.31,206.32,206.31,206.32,0.0,25.91,5312.21,1
2023-08-07,2023-08-07 14:15:00,206.32,206.34,206.32,206.34,0.01,25.91,5312.21,1
2023-08-07,2023-08-07 14:16:00,206.34,206.35,206.34,206.35,0.0,25.91,5312.21,1
2023-08-07,2023-08-07 14:17:00,206.35,206.37,206.35,206.37,0.01,25.91,5312.21,1
2023-08-07,2023-08-07 14:18:00,206.37,206.38,206.37,206.38,0.0,25.91,5312.21,1
2023-08-07,2023-08-07 14:19:00,206.38,206.4,206.38,206.4,0.01,25.91,5312.21,1
2023-08-07,2023-08-07 14:20:00,206.4,206.41,206.4,206.41,0.0,25.91,5312.21,1
2023-08-07,2023-08-07 14:21:00,206.41,206.43,206.41,206.43,0.01,25.91,5312.21,1
2023-08-07,2023-08-07 14:22:00,206.43,206.44,206.43,206.44,0.0,25.91,5312.21,1
2023-08-07,2023-08-07 14:23:00,206.44,206.46,206.44,206.46,0.01,25.91,5312.21,1
2023-08-07,2023-08-07 14:24:00,206.46,206.47,206.46,206.47,0.0,25.91,5312.21,1
2023-08-07,2023-08-07 14:25:00,206.47,206.49,206.47,206.49,0.01,25.91,5312.21,1
2023-08-07,2023-08-07 14:26:00,206.49,206.5,206.49,206.5,0.0,25.91,5312.21,1
2023-08-07,2023-08-07 14:27:00,206.5,206.52,206.5,206.52,0.01,25.91,5312.21,1
2023-08-07,2023-08-07 14:28:00,206.52,206.53,206.52,206.53,0.0,25.91,5312.21,1
2023-08-07,2023-08-07 14:29:00,206.53,206.55,206.53,206.55,0.01,25.91,5312.21,1
2023-08-07,2023-08-07 14:30:00,206.55,206.56,206.55,206.56,0.0,25.91,5312.21,1
2023-08-07,2023-08-07 14:31:00,206.56,206.58,206.56,206.58,0.01,25.91,5312.21,1
2023-08-07,2023-08-07 14:32:00,206.58,206.59,206.58,206.59,0.0,25.91,5312.21,1
2023-08-07,2023-08-07 14:33:00,206.59,206.61,206.59,206.61,0.01,25.91,5312.21,1
2023-08-07,2023-08-07 14:34:00,206.61,206.62,206.61,206.62,0.0,25.91,5312.21,1
2023-08-07,2023-08-07 14:35:00,206.62,206.64,206.62,206.64,0.01,25.91,5312.21,1
2023-08-07,2023-08-07 14:36:00,206.64,206.66,206.64,206.66,0.01,25.91,5312.21,1
2023-08-07,2023-08-07 14:37:00,206.66,206.67,206.66,206.67,0.0,25.91,5312.21,1
2023-08-07,2023-08-07 14:38:00,206.67,206.69,206.67,206.69,0.01,25.91,5312.21,1
2023-08-07,2023-08-07 14:39:00,206.69,206.7,206.69,206.7,0.0,25.91,5312.21,1
2023-08-07,2023-08-07 14:40:00,206.7,206.72,206.7,206.72,0.01,25.91,5312.21,1
2023-08-07,2023-08-07 14:41:00,206.72,206.73,206.72,206.73,0.0,25.91,5312.21,1
2023-08-07,2023-08-07 14:42:00,206.73,206.75,206.73,206.75,0.01,25.91,5312.21,1
2023-08-07,2023-08-07 14:43:00,206.75,206.76,206.75,206.76,0.0,25.91,5312.21,1
2023-08-07,2023-08-07 14:44:00,206.76,206.78,206.76,206.78,0.01,25.91,5312.21,1
2023-08-07,2023-08-07 14:45:00,206.78,206.79,206.78,206.79,0.0,25.91,5312.21,1
2023-08-07,2023-08-07 14:46:00,206.79,206.81,206.79,206.81,0.01,25.91,5312.21,1
2023-08-07,2023-08-07 14:47:00,206.81,206.82,206.81,206.82,0.0,25.91,5312.21,1
2023-08-07,2023-08-07 14:48:00,206.82,206.84,206.82,206.84,0.01,25.91,5312.21,1
2023-08-07,2023-08-07 14:49:00,206.84,206.85,206.84,206.85,0.0,25.91,5312.21,1
2023-08-07,2023-08-07 14:50:00,206.85,206.87,206.85,206.87,0.01,25.91,5312.21,1
2023-08-07,2023-08-07 14:51:00,206.87,206.88,206.87,206.88,0.0,25.91,5312.21,1
2023-08-07,2023-08-07 14:52:00,206.88,206.9,206.88,206.9,0.01,25.91,5312.21,1
2023-08-07,2023-08-07 14:53:00,206.9,206.91,206.9,206.91,0.0,25.91,5312.21,1
2023-08-07,2023-08-07 14:54:00,206.91,206.93,206.91,206.93,0.01,25.91,5312.21,1
2023-08-07,2023-08-07 14:55:00,206.93,206.94,206.93,206.94,0.0,25.91,5312.21,1
2023-08-07,2023-08-07 14:56:00,206.94,206.96,206.94,206.96,0.01,25.91,5312.21,1
2023-08-07,2023-08-07 14:57:00,206.96,206.97,206.96,206.97,0.0,25.91,5312.21,1
2023-08-07,2023-08-07 14:58:00,206.97,206.99,206.97,206.99,0.01,25.91,5312.21,1
2023-08-07,2023-08-07 14:59:00,206.99,207.0,206.99,207.0,0.0,25.91,5312.21,1
2023-08-07,2023-08-07 15:00:00,207.0,208.0,203.4,207.0,0.0,25.91,5312.21,0
2023-08-08,2023-08-08 11:00:00,210.0,211.26,207.03,209.96,-0.02,21.29,4345.06,-1
2023-08-08,2023-08-08 11:01:00,209.96,209.96,209.93,209.93,-0.01,21.29,4345.06,-1
2023-08-08,2023-08-08 11:02:00,209.93,209.93,209.89,209.89,-0.02,21.29,4345.06,-1
2023-08-08,2023-08-08 11:03:00,209.89,209.89,209.85,209.85,-0.02,21.29,4345.06,-1
2023-08-08,2023-08-08 11:04:00,209.85,209.85,209.81,209.81,-0.02,21.29,4345.06,-1
2023-08-08,2023-08-08 11:05:00,209.81,209.81,209.78,209.78,-0.01,21.29,4345.06,-1
2023-08-08,2023-08-08 11:06:00,209.78,209.78,209.74,209.74,-0.02,21.29,4345.06,-1
2023-08-08,2023-08-08 11:07:00,209.74,209.74,209.7,209.7,-0.02,21.29,4345.06,-1
2023-08-08,2023-08-08 11:08:00,209.7,209.7,209.67,209.67,-0.01,21.29,4345.06,-1
2023-08-08,2023-08-08 11:09:00,209.67,209.67,209.63,209.63,-0.02,21.29,4345.06,-1
2023-08-08,2023-08-08 11:10:00,209.63,209.63,209.59,209.59,-0.02,21.29,4345.06,-1
2023-08-08,2023-08-08 11:11:00,209.59,209.59,209.56,209.56,-0.01,21.29,4345.06,-1
2023-08-08,2023-08-08 11:12:00,209.56,209.56,209.52,209.52,-0.02,21.29,4345.06,-1
2023-08-08,2023-08-08 11:13:00,209.52,209.52,209.48,209.48,-0.02,21.29,4345.06,-1
2023-08-08,2023-08-08 11:14:00,209.48,209.48,209.44,209.44,-0.02,21.29,4345.06,-1
2023-08-08,2023-08-08 11:15:00,209.44,209.44,209.41,209.41,-0.01,21.29,4345.06,-1
2023-08-08,2023-08-08 11:16:00,209.41,209.41,209.37,209.37,-0.02,21.29,4345.06,-1
2023-08-08,2023-08-08 11:17:00,209.37,209.37,209.33,209.33,-0.02,21.29,4345.06,-1
2023-08-08,2023-08-08 11:18:00,209.33,209.33,209.3,209.3,-0.01,21.29,4345.06,-1
2023-08-08,2023-08-08 11:19:00,209.3,209.3,209.26,209.26,-0.02,21.29,4345.06,-1
2023-08-08,2023-08-08 11:20:00,209.26,209.26,209.22,209.22,-0.02,21.29,4345.06,-1
2023-08-08,2023-08-08 11:21:00,209.22,209.22,209.18,209.18,-0.02,21.29,4345.06,-1
2023-08-08,2023-08-08 11:22:00,209.18,209.18,209.15,209.15,-0.01,21.29,4345.06,-1
2023-08-08,2023-08-08 11:23:00,209.15,209.15,209.11,209.11,-0.02,21.29,4345.06,-1
2023-08-08,2023-08-08 11:24:00,209.11,209.11,209.07,209.07,-0.02,21.29,4345.06,-1
2023-08-08,2023-08-08 11:25:00,209.07,209.07,209.04,209.04,-0.01,21.29,4345.06,-1
2023-08-08,2023-08-08 11:26:00,209.04,209.04,209.0,209.0,-0.02,21.29,4345.06,-1
2023-08-08,2023-08-08 11:27:00,209.0,209.0,208.96,208.96,-0.02,21.29,4345.06,-1
2023-08-08,2023-08-08 11:28:00,208.96,208.96,208.92,208.92,-0.02,21.29,4345.06,-1
2023-08-08,2023-08-08 11:29:00,208.92,208.92,208.89,208.89,-0.01,21.29,4345.06,-1
2023-08-08,2023-08-08 11:30:00,208.89,208.89,208.85,208.85,-0.02,21.29,4345.06,-1
2023-08-08,2023-08-08 11:31:00,208.85,208.85,208.81,208.81,-0.02,21.29,4345.06,-1
2023-08-08,2023-08-08 11:32:00,208.81,208.81,208.78,208.78,-0.01,21.29,4345.06,-1
2023-08-08,2023-08-08 11:33:00,208.78,208.78,208.74,208.74,-0.02,21.29,4345.06,-1
2023-08-08,2023-08-08 11:34:00,208.74,208.74,208.7,208.7,-0.02,21.29,4345.06,-1
2023-08-08,2023-08-08 11:35:00,208.7,208.7,208.66,208.66,-0.02,21.29,4345.06,-1
2023-08-08,2023-08-08 11:36:00,208.66,208.66,208.63,208.63,-0.01,21.29,4345.06,-1
2023-08-08,2023-08-08 11:37:00,208.63,208.63,208.59,208.59,-0.02,21.29,4345.06,-1
2023-08-08,2023-08-08 11:38:00,208.59,208.59,208.55,208.55,-0.02,21.29,4345.06,-1
2023-08-08,2023-08-08 11:39:00,208.55,208.55,208.52,208.52,-0.01,21.29,4345.06,-1
2023-08-08,2023-08-08 11:40:00,208.52,208.52,208.48,208.48,-0.02,21.29,4345.06,-1
2023-08-08,2023-08-08 11:41:00,208.48,208.48,208.44,208.44,-0.02,21.29,4345.06,-1
2023-08-08,2023-08-08 11:42:00,208.44,208.44,208.41,208.41,-0.01,21.29,4345.06,-1
2023-08-08,2023-08-08 11:43:00,208.41,208.41,208.37,208.37,-0.02,21.29,4345.06,-1
2023-08-08,2023-08-08 11:44:00,208.37,208.37,208.33,208.33,-0.02,21.29,4345.06,-1
2023-08-08,2023-08-08 11:45:00,208.33,208.33,208.29,208.29,-0.02,21.29,4345.06,-1
2023-08-08,2023-08-08 11:46:00,208.29,208.29,208.26,208.26,-0.01,21.29,4345.06,-1
2023-08-08,2023-08-08 11:47:00,208.26,208.26,208.22,208.22,-0.02,21.29,4345.06,-1
2023-08-08,2023-08-08 11:48:00,208.22,208.22,208.18,208.18,-0.02,21.29,4345.06,-1
2023-08-08,2023-08-08 11:49:00,208.18,208.18,208.15,208.15,-0.01,21.29,4345.06,-1
2023-08-08,2023-08-08 11:50:00,208.15,208.15,208.11,208.11,-0.02,21.29,4345.06,-1
2023-08-08,2023-08-08 11:51:00,208.11,208.11,208.07,208.07,-0.02,21.29,4345.06,-1
2023-08-08,2023-08-08 11:52:00,208.07,208.07,208.03,208.03,-0.02,21.29,4345.06,-1
2023-08-08,2023-08-08 11:53:00,208.03,208.03,208.0,208.0,-0.01,21.29,4345.06,-1
2023-08-08,2023-08-08 11:54:00,208.0,208.0,207.96,207.96,-0.02,21.29,4345.06,-1
2023-08-08,2023-08-08 11:55:00,207.96,207.96,207.92,207.92,-0.02,21.29,4345.06,-1
2023-08-08,2023-08-08 11:56:00,207.92,207.92,207.89,207.89,-0.01,21.29,4345.06,-1
2023-08-08,2023-08-08 11:57:00,207.89,207.89,207.85,207.85,-0.02,21.29,4345.06,-1
2023-08-08,2023-08-08 11:58:00,207.85,207.85,207.81,207.81,-0.02,21.29,4345.06,-1
2023-08-08,2023-08-08 11:59:00,207.81,207.81,207.78,207.78,-0.01,21.29,4345.06,-1
2023-08-08,2023-08-08 12:00:00,207.78,207.78,207.74,207.74,-0.02,21.29,4345.06,-1
2023-08-08,2023-08-08 12:01:00,207.74,207.74,207.7,207.7,-0.02,21.29,4345.06,-1
2023-08-08,2023-08-08 12:02:00,207.7,207.7,207.66,207.66,-0.02,21.29,4345.06,-1
2023-08-08,2023-08-08 12:03:00,207.66,207.66,207.63,207.63,-0.01,21.29,4345.06,-1
2023-08-08,2023-08-08 12:04:00,207.63,207.63,207.59,207.59,-0.02,21.29,4345.06,-1
2023-08-08,2023-08-08 12:05:00,207.59,207.59,207.55,207.55,-0.02,21.29,4345.06,-1
2023-08-08,2023-08-08 12:06:00,207.55,207.55,207.52,207.52,-0.01,21.29,4345.06,-1
2023-08-08,2023-08-08 12:07:00,207.52,207.52,207.48,207.48,-0.02,21.29,4345.06,-1
2023-08-08,2023-08-08 12:08:00,207.48,207.48,207.44,207.44,-0.02,21.29,4345.06,-1
2023-08-08,2023-08-08 12:09:00,207.44,207.44,207.4,207.4,-0.02,21.29,4345.06,-1
2023-08-08,2023-08-08 12:10:00,207.4,207.4,207.37,207.37,-0.01,21.29,4345.06,-1
2023-08-08,2023-08-08 12:11:00,207.37,207.37,207.33,207.33,-0.02,21.29,4345.06,-1
2023-08-08,2023-08-08 12:12:00,207.33,207.33,207.29,207.29,-0.02,21.29,4345.06,-1
2023-08-08,2023-08-08 12:13:00,207.29,207.29,207.26,207.26,-0.01,21.29,4345.06,-1
2023-08-08,2023-08-08 12:14:00,207.26,207.26,207.22,207.22,-0.02,21.29,4345.06,-1
2023-08-08,2023-08-08 12:15:00,207.22,207.22,207.18,207.18,-0.02,21.29,4345.06,-1
2023-08-08,2023-08-08 12:16:00,207.18,207.18,207.14,207.14,-0.02,21.29,4345.06,-1
2023-08-08,2023-08-08 12:17:00,207.14,207.14,207.11,207.11,-0.01,21.29,4345.06,-1
2023-08-08,2023-08-08 12:18:00,207.11,207.11,207.07,207.07,-0.02,21.29,4345.06,-1
2023-08-08,2023-08-08 12:19:00,207.07,207.07,207.03,207.03,-0.02,21.29,4345.06,-1
2023-08-08,2023-08-08 12:20:00,207.03,207.03,207.0,207.0,-0.01,21.29,4345.06,-1
2023-08-08,2023-08-08 12:21:00,207.0,207.0,206.96,206.96,-0.02,21.29,4345.06,-1
2023-08-08,2023-08-08 12:22:00,206.96,206.96,206.92,206.92,-0.02,21.29,4345.06,-1
2023-08-08,2023-08-08 12:23:00,206.92,206.92,206.88,206.88,-0.02,21.29,4345.06,-1
2023-08-08,2023-08-08 12:24:00,206.88,206.88,206.85,206.85,-0.01,21.29,4345.06,-1
2023-08-08,2023-08-08 12:25:00,206.85,206.85,206.81,206.81,-0.02,21.29,4345.06,-1
2023-08-08,2023-08-08 12:26:00,206.81,206.81,206.77,206.77,-0.02,21.29,4345.06,-1
2023-08-08,2023-08-08 12:27:00,206.77,206.77,206.74,206.74,-0.01,21.29,4345.06,-1
2023-08-08,2023-08-08 12:28:00,206.74,206.74,206.7,206.7,-0.02,21.29,4345.06,-1
2023-08-08,2023-08-08 12:29:00,206.7,206.7,206.66,206.66,-0.02,21.29,4345.06,-1
2023-08-08,2023-08-08 12:30:00,206.66,206.66,206.63,206.63,-0.01,21.29,4345.06,-1
2023-08-08,2023-08-08 12:31:00,206.63,206.63,206.59,206.59,-0.02,21.29,4345.06,-1
2023-08-08,2023-08-08 12:32:00,206.59,206.59,206.55,206.55,-0.02,21.29,4345.06,-1
2023-08-08,2023-08-08 12:33:00,206.55,206.55,206.51,206.51,-0.02,21.29,4345.06,-1
2023-08-08,2023-08-08 12:34:00,206.51,206.51,206.48,206.48,-0.01,21.29,4345.06,-1
2023-08-08,2023-08-08 12:35:00,206.48,206.48,206.44,206.44,-0.02,21.29,4345.06,-1
2023-08-08,2023-08-08 12:36:00,206.44,206.44,206.4,206.4,-0.02,21.29,4345.06,-1
2023-08-08,2023-08-08 12:37:00,206.4,206.4,206.37,206.37,-0.01,21.29,4345.06,-1
2023-08-08,2023-08-08 12:38:00,206.37,206.37,206.33,206.33,-0.02,21.29,4345.06,-1
2023-08-08,2023-08-08 12:39:00,206.33,206.33,206.29,206.29,-0.02,21.29,4345.06,-1
2023-08-08,2023-08-08 12:40:00,206.29,206.29,206.25,206.25,-0.02,21.29,4345.06,-1
2023-08-08,2023-08-08 12:41:00,206.25,206.25,206.22,206.22,-0.01,21.29,4345.06,-1
2023-08-08,2023-08-08 12:42:00,206.22,206.22,206.18,206.18,-0.02,21.29,4345.06,-1
2023-08-08,2023-08-08 12:43:00,206.18,206.18,206.14,206.14,-0.02,21.29,4345.06,-1
2023-08-08,2023-08-08 12:44:00,206.14,206.14,206.11,206.11,-0.01,21.29,4345.06,-1
2023-08-08,2023-08-08 12:45:00,206.11,206.11,206.07,206.07,-0.02,21.29,4345.06,-1
2023-08-08,2023-08-08 12:46:00,206.07,206.07,206.03,206.03,-0.02,21.29,4345.06,-1
2023-08-08,2023-08-08 12:47:00,206.03,206.03,206.0,206.0,-0.01,21.29,4345.06,-1
2023-08-08,2023-08-08 12:48:00,206.0,206.0,205.96,205.96,-0.02,21.29,4345.06,-1
2023-08-08,2023-08-08 12:49:00,205.96,205.96,205.92,205.92,-0.02,21.29,4345.06,-1
2023-08-08,2023-08-08 12:50:00,205.92,205.92,205.88,205.88,-0.02,21.29,4345.06,-1
2023-08-08,2023-08-08 12:51:00,205.88,205.88,205.85,205.85,-0.01,21.29,4345.06,-1
2023-08-08,2023-08-08 12:52:00,205.85,205.85,205.81,205.81,-0.02,21.29,4345.06,-1
2023-08-08,2023-08-08 12:53:00,205.81,205.81,205.77,205.77,-0.02,21.29,4345.06,-1
2023-08-08,2023-08-08 12:54:00,205.77,205.77,205.74,205.74,-0.01,21.29,4345.06,-1
2023-08-08,2023-08-08 12:55:00,205.74,205.74,205.7,205.7,-0.02,21.29,4345.06,-1
2023-08-08,2023-08-08 12:56:00,205.7,205.7,205.66,205.66,-0.02,21.29,4345.06,-1
2023-08-08,2023-08-08 12:57:00,205.66,205.66,205.62,205.62,-0.02,21.29,4345.06,-1
2023-08-08,2023-08-08 12:58:00,205.62,205.62,205.59,205.59,-0.01,21.29,4345.06,-1
2023-08-08,2023-08-08 12:59:00,205.59,205.59,205.55,205.55,-0.02,21.29,4345.06,-1
2023-08-08,2023-08-08 13:00:00,205.55,214.2,200.1,205.51,-0.02,21.29,4345.06,-1
2023-08-08,2023-08-08 13:01:00,205.51,205.51,205.48,205.48,-0.01,21.29,4345.06,-1
2023-08-08,2023-08-08 13:02:00,205.48,205.48,205.44,205.44,-0.02,21.29,4345.06,-1
2023-08-08,2023-08-08 13:03:00,205.44,205.44,205.4,205.4,-0.02,21.29,4345.06,-1
2023-08-08,2023-08-08 13:04:00,205.4,205.4,205.36,205.36,-0.02,21.29,4345.06,-1
2023-08-08,2023-08-08 13:05:00,205.36,205.36,205.33,205.33,-0.01,21.29,4345.06,-1
2023-08-08,2023-08-08 13:06:00,205.33,205.33,205.29,205.29,-0.02,21.29,4345.06,-1
2023-08-08,2023-08-08 13:07:00,205.29,205.29,205.25,205.25,-0.02,21.29,4345.06,-1
2023-08-08,2023-08-08 13:08:00,205.25,205.25,205.22,205.22,-0.01,21.29,4345.06,-1
2023-08-08,2023-08-08 13:09:00,205.22,205.22,205.18,205.18,-0.02,21.29,4345.06,-1
2023-08-08,2023-08-08 13:10:00,205.18,205.18,205.14,205.14,-0.02,21.29,4345.06,-1
2023-08-08,2023-08-08 13:11:00,205.14,205.14,205.1,205.1,-0.02,21.29,4345.06,-1
2023-08-08,2023-08-08 13:12:00,205.1,205.1,205.07,205.07,-0.01,21.29,4345.06,-1
2023-08-08,2023-08-08 13:13:00,205.07,205.07,205.03,205.03,-0.02,21.29,4345.06,-1
2023-08-08,2023-08-08 13:14:00,205.03,205.03,204.99,204.99,-0.02,21.29,4345.06,-1
2023-08-08,2023-08-08 13:15:00,204.99,204.99,204.96,204.96,-0.01,21.29,4345.06,-1
2023-08-08,2023-08-08 13:16:00,204.96,204.96,204.92,204.92,-0.02,21.29,4345.06,-1
2023-08-08,2023-08-08 13:17:00,204.92,204.92,204.88,204.88,-0.02,21.29,4345.06,-1
2023-08-08,2023-08-08 13:18:00,204.88,204.88,204.85,204.85,-0.01,21.29,4345.06,-1
2023-08-08,2023-08-08 13:19:00,204.85,204.85,204.81,204.81,-0.02,21.29,4345.06,-1
2023-08-08,2023-08-08 13:20:00,204.81,204.81,204.77,204.77,-0.02,21.29,4345.06,-1
2023-08-08,2023-08-08 13:21:00,204.77,204.77,204.73,204.73,-0.02,21.29,4345.06,-1
2023-08-08,2023-08-08 13:22:00,204.73,204.73,204.7,204.7,-0.01,21.29,4345.06,-1
2023-08-08,2023-08-08 13:23:00,204.7,204.7,204.66,204.66,-0.02,21.29,4345.06,-1
2023-08-08,2023-08-08 13:24:00,204.66,204.66,204.62,204.62,-0.02,21.29,4345.06,-1
2023-08-08,2023-08-08 13:25:00,204.62,204.62,204.59,204.59,-0.01,21.29,4345.06,-1
2023-08-08,2023-08-08 13:26:00,204.59,204.59,204.55,204.55,-0.02,21.29,4345.06,-1
2023-08-08,2023-08-08 13:27:00,204.55,204.55,204.51,204.51,-0.02,21.29,4345.06,-1
2023-08-08,2023-08-08 13:28:00,204.51,204.51,204.47,204.47,-0.02,21.29,4345.06,-1
2023-08-08,2023-08-08 13:29:00,204.47,204.47,204.44,204.44,-0.01,21.29,4345.06,-1
2023-08-08,2023-08-08 13:30:00,204.44,204.44,204.4,204.4,-0.02,21.29,4345.06,-1
2023-08-08,2023-08-08 13:31:00,204.4,204.4,204.36,204.36,-0.02,21.29,4345.06,-1
2023-08-08,2023-08-08 13:32:00,204.36,204.36,204.33,204.33,-0.01,21.29,4345.06,-1
2023-08-08,2023-08-08 13:33:00,204.33,204.33,204.29,204.29,-0.02,21.29,4345.06,-1
2023-08-08,2023-08-08 13:34:00,204.29,204.29,204.25,204.25,-0.02,21.29,4345.06,-1
2023-08-08,2023-08-08 13:35:00,204.25,204.25,204.22,204.22,-0.01,21.29,4345.06,-1
2023-08-08,2023-08-08 13:36:00,204.22,204.22,204.18,204.18,-0.02,21.29,4345.06,-1
2023-08-08,2023-08-08 13:37:00,204.18,204.18,204.14,204.14,-0.02,21.29,4345.06,-1
2023-08-08,2023-08-08 13:38:00,204.14,204.14,204.1,204.1,-0.02,21.29,4345.06,-1
2023-08-08,2023-08-08 13:39:00,204.1,204.1,204.07,204.07,-0.01,21.29,4345.06,-1
2023-08-08,2023-08-08 13:40:00,204.07,204.07,204.03,204.03,-0.02,21.29,4345.06,-1
2023-08-08,2023-08-08 13:41:00,204.03,204.03,203.99,203.99,-0.02,21.29,4345.06,-1
2023-08-08,2023-08-08 13:42:00,203.99,203.99,203.96,203.96,-0.01,21.29,4345.06,-1
2023-08-08,2023-08-08 13:43:00,203.96,203.96,203.92,203.92,-0.02,21.29,4345.06,-1
2023-08-08,2023-08-08 13:44:00,203.92,203.92,203.88,203.88,-0.02,21.29,4345.06,-1
2023-08-08,2023-08-08 13:45:00,203.88,203.88,203.84,203.84,-0.02,21.29,4345.06,-1
2023-08-08,2023-08-08 13:46:00,203.84,203.84,203.81,203.81,-0.01,21.29,4345.06,-1
2023-08-08,2023-08-08 13:47:00,203.81,203.81,203.77,203.77,-0.02,21.29,4345.06,-1
2023-08-08,2023-08-08 13:48:00,203.77,203.77,203.73,203.73,-0.02,21.29,4345.06,-1
2023-08-08,2023-08-08 13:49:00,203.73,203.73,203.7,203.7,-0.01,21.29,4345.06,-1
2023-08-08,2023-08-08 13:50:00,203.7,203.7,203.66,203.66,-0.02,21.29,4345.06,-1
2023-08-08,2023-08-08 13:51:00,203.66,203.66,203.62,203.62,-0.02,21.29,4345.06,-1
2023-08-08,2023-08-08 13:52:00,203.62,203.62,203.58,203.58,-0.02,21.29,4345.06,-1
2023-08-08,2023-08-08 13:53:00,203.58,203.58,203.55,203.55,-0.01,21.29,4345.06,-1
2023-08-08,2023-08-08 13:54:00,203.55,203.55,203.51,203.51,-0.02,21.29,4345.06,-1
2023-08-08,2023-08-08 13:55:00,203.51,203.51,203.47,203.47,-0.02,21.29,4345.06,-1
2023-08-08,2023-08-08 13:56:00,203.47,203.47,203.44,203.44,-0.01,21.29,4345.06,-1
2023-08-08,2023-08-08 13:57:00,203.44,203.44,203.4,203.4,-0.02,21.29,4345.06,-1
2023-08-08,2023-08-08 13:58:00,203.4,203.4,203.36,203.36,-0.02,21.29,4345.06,-1
2023-08-08,2023-08-08 13:59:00,203.36,203.36,203.32,203.32,-0.02,21.29,4345.06,-1
2023-08-08,2023-08-08 14:00:00,203.32,203.32,203.29,203.29,-0.01,21.29,4345.06,-1
2023-08-08,2023-08-08 14:01:00,203.29,203.29,203.25,203.25,-0.02,21.29,4345.06,-1
2023-08-08,2023-08-08 14:02:00,203.25,203.25,203.21,203.21,-0.02,21.29,4345.06,-1
2023-08-08,2023-08-08 14:03:00,203.21,203.21,203.18,203.18,-0.01,21.29,4345.06,-1
2023-08-08,2023-08-08 14:04:00,203.18,203.18,203.14,203.14,-0.02,21.29,4345.06,-1
2023-08-08,2023-08-08 14:05:00,203.14,203.14,203.1,203.1,-0.02,21.29,4345.06,-1
2023-08-08,2023-08-08 14:06:00,203.1,203.1,203.07,203.07,-0.01,21.29,4345.06,-1
2023-08-08,2023-08-08 14:07:00,203.07,203.07,203.03,203.03,-0.02,21.29,4345.06,-1
2023-08-08,2023-08-08 14:08:00,203.03,203.03,202.99,202.99,-0.02,21.29,4345.06,-1
2023-08-08,2023-08-08 14:09:00,202.99,202.99,202.95,202.95,-0.02,21.29,4345.06,-1
2023-08-08,2023-08-08 14:10:00,202.95,202.95,202.92,202.92,-0.01,21.29,4345.06,-1
2023-08-08,2023-08-08 14:11:00,202.92,202.92,202.88,202.88,-0.02,21.29,4345.06,-1
2023-08-08,2023-08-08 14:12:00,202.88,202.88,202.84,202.84,-0.02,21.29,4345.06,-1
2023-08-08,2023-08-08 14:13:00,202.84,202.84,202.81,202.81,-0.01,21.29,4345.06,-1
2023-08-08,2023-08-08 14:14:00,202.81,202.81,202.77,202.77,-0.02,21.29,4345.06,-1
2023-08-08,2023-08-08 14:15:00,202.77,202.77,202.73,202.73,-0.02,21.29,4345.06,-1
2023-08-08,2023-08-08 14:16:00,202.73,202.73,202.69,202.69,-0.02,21.29,4345.06,-1
2023-08-08,2023-08-08 14:17:00,202.69,202.69,202.66,202.66,-0.01,21.29,4345.06,-1
2023-08-08,2023-08-08 14:18:00,202.66,202.66,202.62,202.62,-0.02,21.29,4345.06,-1
2023-08-08,2023-08-08 14:19:00,202.62,202.62,202.58,202.58,-0.02,21.29,4345.06,-1
2023-08-08,2023-08-08 14:20:00,202.58,202.58,202.55,202.55,-0.01,21.29,4345.06,-1
2023-08-08,2023-08-08 14:21:00,202.55,202.55,202.51,202.51,-0.02,21.29,4345.06,-1
2023-08-08,2023-08-08 14:22:00,202.51,202.51,202.47,202.47,-0.02,21.29,4345.06,-1
2023-08-08,2023-08-08 14:23:00,202.47,202.47,202.44,202.44,-0.01,21.29,4345.06,-1
2023-08-08,2023-08-08 14:24:00,202.44,202.44,202.4,202.4,-0.02,21.29,4345.06,-1
2023-08-08,2023-08-08 14:25:00,202.4,202.4,202.36,202.36,-0.02,21.29,4345.06,-1
2023-08-08,2023-08-08 14:26:00,202.36,202.36,202.32,202.32,-0.02,21.29,4345.06,-1
2023-08-08,2023-08-08 14:27:00,202.32,202.32,202.29,202.29,-0.01,21.29,4345.06,-1
2023-08-08,2023-08-08 14:28:00,202.29,202.29,202.25,202.25,-0.02,21.29,4345.06,-1
2023-08-08,2023-08-08 14:29:00,202.25,202.25,202.21,202.21,-0.02,21.29,4345.06,-1
2023-08-08,2023-08-08 14:30:00,202.21,202.21,202.18,202.18,-0.01,21.29,4345.06,-1
2023-08-08,2023-08-08 14:31:00,202.18,202.18,202.14,202.14,-0.02,21.29,4345.06,-1
2023-08-08,2023-08-08 14:32:00,202.14,202.14,202.1,202.1,-0.02,21.29,4345.06,-1
2023-08-08,2023-08-08 14:33:00,202.1,202.1,202.06,202.06,-0.02,21.29,4345.06,-1
2023-08-08,2023-08-08 14:34:00,202.06,202.06,202.03,202.03,-0.01,21.29,4345.06,-1
2023-08-08,2023-08-08 14:35:00,202.03,202.03,201.99,201.99,-0.02,21.29,4345.06,-1
2023-08-08,2023-08-08 14:36:00,201.99,201.99,201.95,201.95,-0.02,21.29,4345.06,-1
2023-08-08,2023-08-08 14:37:00,201.95,201.95,201.92,201.92,-0.01,21.29,4345.06,-1
2023-08-08,2023-08-08 14:38:00,201.92,201.92,201.88,201.88,-0.02,21.29,4345.06,-1
2023-08-08,2023-08-08 14:39:00,201.88,201.88,201.84,201.84,-0.02,21.29,4345.06,-1
2023-08-08,2023-08-08 14:40:00,201.84,201.84,201.8,201.8,-0.02,21.29,4345.06,-1
2023-08-08,2023-08-08 14:41:00,201.8,201.8,201.77,201.77,-0.01,21.29,4345.06,-1
2023-08-08,2023-08-08 14:42:00,201.77,201.77,201.73,201.73,-0.02,21.29,4345.06,-1
2023-08-08,2023-08-08 14:43:00,201.73,201.73,201.69,201.69,-0.02,21.29,4345.06,-1
2023-08-08,2023-08-08 14:44:00,201.69,201.69,201.66,201.66,-0.01,21.29,4345.06,-1
2023-08-08,2023-08-08 14:45:00,201.66,201.66,201.62,201.62,-0.02,21.29,4345.06,-1
2023-08-08,2023-08-08 14:46:00,201.62,201.62,201.58,201.58,-0.02,21.29,4345.06,-1
2023-08-08,2023-08-08 14:47:00,201.58,201.58,201.54,201.54,-0.02,21.29,4345.06,-1
2023-08-08,2023-08-08 14:48:00,201.54,201.54,201.51,201.51,-0.01,21.29,4345.06,-1
2023-08-08,2023-08-08 14:49:00,201.51,201.51,201.47,201.47,-0.02,21.29,4345.06,-1
2023-08-08,2023-08-08 14:50:00,201.47,201.47,201.43,201.43,-0.02,21.29,4345.06,-1
2023-08-08,2023-08-08 14:51:00,201.43,201.43,201.4,201.4,-0.01,21.29,4345.06,-1
2023-08-08,2023-08-08 14:52:00,201.4,201.4,201.36,201.36,-0.02,21.29,4345.06,-1
2023-08-08,2023-08-08 14:53:00,201.36,201.36,201.32,201.32,-0.02,21.29,4345.06,-1
2023-08-08,2023-08-08 14:54:00,201.32,201.32,201.29,201.29,-0.01,21.29,4345.06,-1
2023-08-08,2023-08-08 14:55:00,201.29,201.29,201.25,201.25,-0.02,21.29,4345.06,-1
2023-08-08,2023-08-08 14:56:00,201.25,201.25,201.21,201.21,-0.02,21.29,4345.06,-1
2023-08-08,2023-08-08 14:57:00,201.21,201.21,201.17,201.17,-0.02,21.29,4345.06,-1
2023-08-08,2023-08-08 14:58:00,201.17,201.17,201.14,201.14,-0.01,21.29,4345.06,-1
2023-08-08,2023-08-08 14:59:00,201.14,201.14,201.1,201.1,-0.02,21.29,4345.06,-1
2023-08-08,2023-08-08 15:00:00,201.1,214.2,200.1,201.1,0.0,21.29,4345.06,0
2023-08-09,2023-08-09 11:00:00,197.3,200.81,197.3,197.33,0.02,16.71,3370.09,1
2023-08-09,2023-08-09 11:01:00,197.33,197.36,197.33,197.36,0.02,16.71,3370.09,1
2023-08-09,2023-08-09 11:02:00,197.36,197.4,197.36,197.4,0.02,16.71,3370.09,1
2023-08-09,2023-08-09 11:03:00,197.4,197.43,197.4,197.43,0.02,16.71,3370.09,1
2023-08-09,2023-08-09 11:04:00,197.43,197.46,197.43,197.46,0.02,16.71,3370.09,1
2023-08-09,2023-08-09 11:05:00,197.46,197.49,197.46,197.49,0.02,16.71,3370.09,1
2023-08-09,2023-08-09 11:06:00,197.49,197.52,197.49,197.52,0.02,16.71,3370.09,1
2023-08-09,2023-08-09 11:07:00,197.52,197.56,197.52,197.56,0.02,16.71,3370.09,1
2023-08-09,2023-08-09 11:08:00,197.56,197.59,197.56,197.59,0.02,16.71,3370.09,1
2023-08-09,2023-08-09 11:09:00,197.59,197.62,197.59,197.62,0.02,16.71,3370.09,1
2023-08-09,2023-08-09 11:10:00,197.62,197.65,197.62,197.65,0.02,16.71,3370.09,1
2023-08-09,2023-08-09 11:11:00,197.65,197.69,197.65,197.69,0.02,16.71,3370.09,1
2023-08-09,2023-08-09 11:12:00,197.69,197.72,197.69,197.72,0.02,16.71,3370.09,1
2023-08-09,2023-08-09 11:13:00,197.72,197.75,197.72,197.75,0.02,16.71,3370.09,1
2023-08-09,2023-08-09 11:14:00,197.75,197.78,197.75,197.78,0.02,16.71,3370.09,1
2023-08-09,2023-08-09 11:15:00,197.78,197.81,197.78,197.81,0.02,16.71,3370.09,1
2023-08-09,2023-08-09 11:16:00,197.81,197.85,197.81,197.85,0.02,16.71,3370.09,1
2023-08-09,2023-08-09 11:17:00,197.85,197.88,197.85,197.88,0.02,16.71,3370.09,1
2023-08-09,2023-08-09 11:18:00,197.88,197.91,197.88,197.91,0.02,16.71,3370.09,1
2023-08-09,2023-08-09 11:19:00,197.91,197.94,197.91,197.94,0.02,16.71,3370.09,1
2023-08-09,2023-08-09 11:20:00,197.94,197.97,197.94,197.97,0.02,16.71,3370.09,1
2023-08-09,2023-08-09 11:21:00,197.97,198.01,197.97,198.01,0.02,16.71,3370.09,1
2023-08-09,2023-08-09 11:22:00,198.01,198.04,198.01,198.04,0.02,16.71,3370.09,1
2023-08-09,2023-08-09 11:23:00,198.04,198.07,198.04,198.07,0.02,16.71,3370.09,1
2023-08-09,2023-08-09 11:24:00,198.07,198.1,198.07,198.1,0.02,16.71,3370.09,1
2023-08-09,2023-08-09 11:25:00,198.1,198.13,198.1,198.13,0.02,16.71,3370.09,1
2023-08-09,2023-08-09 11:26:00,198.13,198.17,198.13,198.17,0.02,16.71,3370.09,1
2023-08-09,2023-08-09 11:27:00,198.17,198.2,198.17,198.2,0.02,16.71,3370.09,1
2023-08-09,2023-08-09 11:28:00,198.2,198.23,198.2,198.23,0.02,16.71,3370.09,1
2023-08-09,2023-08-09 11:29:00,198.23,198.26,198.23,198.26,0.02,16.71,3370.09,1
2023-08-09,2023-08-09 11:30:00,198.26,198.29,198.26,198.29,0.02,16.71,3370.09,1
2023-08-09,2023-08-09 11:31:00,198.29,198.33,198.29,198.33,0.02,16.71,3370.09,1
2023-08-09,2023-08-09 11:32:00,198.33,198.36,198.33,198.36,0.02,16.71,3370.09,1
2023-08-09,2023-08-09 11:33:00,198.36,198.39,198.36,198.39,0.02,16.71,3370.09,1
2023-08-09,2023-08-09 11:34:00,198.39,198.42,198.39,198.42,0.02,16.71,3370.09,1
2023-08-09,2023-08-09 11:35:00,198.42,198.46,198.42,198.46,0.02,16.71,3370.09,1
2023-08-09,2023-08-09 11:36:00,198.46,198.49,198.46,198.49,0.02,16.71,3370.09,1
2023-08-09,2023-08-09 11:37:00,198.49,198.52,198.49,198.52,0.02,16.71,3370.09,1
2023-08-09,2023-08-09 11:38:00,198.52,198.55,198.52,198.55,0.02,16.71,3370.09,1
2023-08-09,2023-08-09 11:39:00,198.55,198.58,198.55,198.58,0.02,16.71,3370.09,1
2023-08-09,2023-08-09 11:40:00,198.58,198.62,198.58,198.62,0.02,16.71,3370.09,1
2023-08-09,2023-08-09 11:41:00,198.62,198.65,198.62,198.65,0.02,16.71,3370.09,1
2023-08-09,2023-08-09 11:42:00,198.65,198.68,198.65,198.68,0.02,16.71,3370.09,1
2023-08-09,2023-08-09 11:43:00,198.68,198.71,198.68,198.71,0.02,16.71,3370.09,1
2023-08-09,2023-08-09 11:44:00,198.71,198.74,198.71,198.74,0.02,16.71,3370.09,1
2023-08-09,2023-08-09 11:45:00,198.74,198.78,198.74,198.78,0.02,16.71,3370.09,1
2023-08-09,2023-08-09 11:46:00,198.78,198.81,198.78,198.81,0.02,16.71,3370.09,1
2023-08-09,2023-08-09 11:47:00,198.81,198.84,198.81,198.84,0.02,16.71,3370.09,1
2023-08-09,2023-08-09 11:48:00,198.84,198.87,198.84,198.87,0.02,16.71,3370.09,1
2023-08-09,2023-08-09 11:49:00,198.87,198.9,198.87,198.9,0.02,16.71,3370.09,1
2023-08-09,2023-08-09 11:50:00,198.9,198.94,198.9,198.94,0.02,16.71,3370.09,1
2023-08-09,2023-08-09 11:51:00,198.94,198.97,198.94,198.97,0.02,16.71,3370.09,1
2023-08-09,2023-08-09 11:52:00,198.97,199.0,198.97,199.0,0.02,16.71,3370.09,1
2023-08-09,2023-08-09 11:53:00,199.0,199.03,199.0,199.03,0.02,16.71,3370.09,1
2023-08-09,2023-08-09 11:54:00,199.03,199.06,199.03,199.06,0.02,16.71,3370.09,1
2023-08-09,2023-08-09 11:55:00,199.06,199.1,199.06,199.1,0.02,16.71,3370.09,1
2023-08-09,2023-08-09 11:56:00,199.1,199.13,199.1,199.13,0.02,16.71,3370.09,1
2023-08-09,2023-08-09 11:57:00,199.13,199.16,199.13,199.16,0.02,16.71,3370.09,1
2023-08-09,2023-08-09 11:58:00,199.16,199.19,199.16,199.19,0.02,16.71,3370.09,1
2023-08-09,2023-08-09 11:59:00,199.19,199.23,199.19,199.23,0.02,16.71,3370.09,1
2023-08-09,2023-08-09 12:00:00,199.23,199.26,199.23,199.26,0.02,16.71,3370.09,1
2023-08-09,2023-08-09 12:01:00,199.26,199.29,199.26,199.29,0.02,16.71,3370.09,1
2023-08-09,2023-08-09 12:02:00,199.29,199.32,199.29,199.32,0.02,16.71,3370.09,1
2023-08-09,2023-08-09 12:03:00,199.32,199.35,199.32,199.35,0.02,16.71,3370.09,1
2023-08-09,2023-08-09 12:04:00,199.35,199.39,199.35,199.39,0.02,16.71,3370.09,1
2023-08-09,2023-08-09 12:05:00,199.39,199.42,199.39,199.42,0.02,16.71,3370.09,1
2023-08-09,2023-08-09 12:06:00,199.42,199.45,199.42,199.45,0.02,16.71,3370.09,1
2023-08-09,2023-08-09 12:07:00,199.45,199.48,199.45,199.48,0.02,16.71,3370.09,1
2023-08-09,2023-08-09 12:08:00,199.48,199.51,199.48,199.51,0.02,16.71,3370.09,1
2023-08-09,2023-08-09 12:09:00,199.51,199.55,199.51,199.55,0.02,16.71,3370.09,1
2023-08-09,2023-08-09 12:10:00,199.55,199.58,199.55,199.58,0.02,16.71,3370.09,1
2023-08-09,2023-08-09 12:11:00,199.58,199.61,199.58,199.61,0.02,16.71,3370.09,1
2023-08-09,2023-08-09 12:12:00,199.61,199.64,199.61,199.64,0.02,16.71,3370.09,1
2023-08-09,2023-08-09 12:13:00,199.64,199.67,199.64,199.67,0.02,16.71,3370.09,1
2023-08-09,2023-08-09 12:14:00,199.67,199.71,199.67,199.71,0.02,16.71,3370.09,1
2023-08-09,2023-08-09 12:15:00,199.71,199.74,199.71,199.74,0.02,16.71,3370.09,1
2023-08-09,2023-08-09 12:16:00,199.74,199.77,199.74,199.77,0.02,16.71,3370.09,1
2023-08-09,2023-08-09 12:17:00,199.77,199.8,199.77,199.8,0.02,16.71,3370.09,1
2023-08-09,2023-08-09 12:18:00,199.8,199.83,199.8,199.83,0.02,16.71,3370.09,1
2023-08-09,2023-08-09 12:19:00,199.83,199.87,199.83,199.87,0.02,16.71,3370.09,1
2023-08-09,2023-08-09 12:20:00,199.87,199.9,199.87,199.9,0.02,16.71,3370.09,1
2023-08-09,2023-08-09 12:21:00,199.9,199.93,199.9,199.93,0.02,16.71,3370.09,1
2023-08-09,2023-08-09 12:22:00,199.93,199.96,199.93,199.96,0.02,16.71,3370.09,1
2023-08-09,2023-08-09 12:23:00,199.96,200.0,199.96,200.0,0.02,16.71,3370.09,1
2023-08-09,2023-08-09 12:24:00,200.0,200.03,200.0,200.03,0.02,16.71,3370.09,1
2023-08-09,2023-08-09 12:25:00,200.03,200.06,200.03,200.06,0.01,16.71,3370.09,1
2023-08-09,2023-08-09 12:26:00,200.06,200.09,200.06,200.09,0.01,16.71,3370.09,1
2023-08-09,2023-08-09 12:27:00,200.09,200.12,200.09,200.12,0.01,16.71,3370.09,1
2023-08-09,2023-08-09 12:28:00,200.12,200.16,200.12,200.16,0.02,16.71,3370.09,1
2023-08-09,2023-08-09 12:29:00,200.16,200.19,200.16,200.19,0.01,16.71,3370.09,1
2023-08-09,2023-08-09 12:30:00,200.19,200.22,200.19,200.22,0.01,16.71,3370.09,1
2023-08-09,2023-08-09 12:31:00,200.22,200.25,200.22,200.25,0.01,16.71,3370.09,1
2023-08-09,2023-08-09 12:32:00,200.25,200.28,200.25,200.28,0.01,16.71,3370.09,1
2023-08-09,2023-08-09 12:33:00,200.28,200.32,200.28,200.32,0.02,16.71,3370.09,1
2023-08-09,2023-08-09 12:34:00,200.32,200.35,200.32,200.35,0.01,16.71,3370.09,1
2023-08-09,2023-08-09 12:35:00,200.35,200.38,200.35,200.38,0.01,16.71,3370.09,1
2023-08-09,2023-08-09 12:36:00,200.38,200.41,200.38,200.41,0.01,16.71,3370.09,1
2023-08-09,2023-08-09 12:37:00,200.41,200.44,200.41,200.44,0.01,16.71,3370.09,1
2023-08-09,2023-08-09 12:38:00,200.44,200.48,200.44,200.48,0.02,16.71,3370.09,1
2023-08-09,2023-08-09 12:39:00,200.48,200.51,200.48,200.51,0.01,16.71,3370.09,1
2023-08-09,2023-08-09 12:40:00,200.51,200.54,200.51,200.54,0.01,16.71,3370.09,1
2023-08-09,2023-08-09 12:41:00,200.54,200.57,200.54,200.57,0.01,16.71,3370.09,1
2023-08-09,2023-08-09 12:42:00,200.57,200.6,200.57,200.6,0.01,16.71,3370.09,1
2023-08-09,2023-08-09 12:43:00,200.6,200.64,200.6,200.64,0.02,16.71,3370.09,1
2023-08-09,2023-08-09 12:44:00,200.64,200.67,200.64,200.67,0.01,16.71,3370.09,1
2023-08-09,2023-08-09 12:45:00,200.67,200.7,200.67,200.7,0.01,16.71,3370.09,1
2023-08-09,2023-08-09 12:46:00,200.7,200.73,200.7,200.73,0.01,16.71,3370.09,1
2023-08-09,2023-08-09 12:47:00,200.73,200.77,200.73,200.77,0.02,16.71,3370.09,1
2023-08-09,2023-08-09 12:48:00,200.77,200.8,200.77,200.8,0.01,16.71,3370.09,1
2023-08-09,2023-08-09 12:49:00,200.8,200.83,200.8,200.83,0.01,16.71,3370.09,1
2023-08-09,2023-08-09 12:50:00,200.83,200.86,200.83,200.86,0.01,16.71,3370.09,1
2023-08-09,2023-08-09 12:51:00,200.86,200.89,200.86,200.89,0.01,16.71,3370.09,1
2023-08-09,2023-08-09 12:52:00,200.89,200.93,200.89,200.93,0.02,16.71,3370.09,1
2023-08-09,2023-08-09 12:53:00,200.93,200.96,200.93,200.96,0.01,16.71,3370.09,1
2023-08-09,2023-08-09 12:54:00,200.96,200.99,200.96,200.99,0.01,16.71,3370.09,1
2023-08-09,2023-08-09 12:55:00,200.99,201.02,200.99,201.02,0.01,16.71,3370.09,1
2023-08-09,2023-08-09 12:56:00,201.02,201.05,201.02,201.05,0.01,16.71,3370.09,1
2023-08-09,2023-08-09 12:57:00,201.05,201.09,201.05,201.09,0.02,16.71,3370.09,1
2023-08-09,2023-08-09 12:58:00,201.09,201.12,201.09,201.12,0.01,16.71,3370.09,1
2023-08-09,2023-08-09 12:59:00,201.12,201.15,201.12,201.15,0.01,16.71,3370.09,1
2023-08-09,2023-08-09 13:00:00,201.15,209.0,197.3,201.18,0.01,16.71,3370.09,1
2023-08-09,2023-08-09 13:01:00,201.18,201.21,201.18,201.21,0.01,16.71,3370.09,1
2023-08-09,2023-08-09 13:02:00,201.21,201.25,201.21,201.25,0.02,16.71,3370.09,1
2023-08-09,2023-08-09 13:03:00,201.25,201.28,201.25,201.28,0.01,16.71,3370.09,1
2023-08-09,2023-08-09 13:04:00,201.28,201.31,201.28,201.31,0.01,16.71,3370.09,1
2023-08-09,2023-08-09 13:05:00,201.31,201.34,201.31,201.34,0.01,16.71,3370.09,1
2023-08-09,2023-08-09 13:06:00,201.34,201.37,201.34,201.37,0.01,16.71,3370.09,1
2023-08-09,2023-08-09 13:07:00,201.37,201.41,201.37,201.41,0.02,16.71,3370.09,1
2023-08-09,2023-08-09 13:08:00,201.41,201.44,201.41,201.44,0.01,16.71,3370.09,1
2023-08-09,2023-08-09 13:09:00,201.44,201.47,201.44,201.47,0.01,16.71,3370.09,1
2023-08-09,2023-08-09 13:10:00,201.47,201.5,201.47,201.5,0.01,16.71,3370.09,1
2023-08-09,2023-08-09 13:11:00,201.5,201.53,201.5,201.53,0.01,16.71,3370.09,1
2023-08-09,2023-08-09 13:12:00,201.53,201.57,201.53,201.57,0.02,16.71,3370.09,1
2023-08-09,2023-08-09 13:13:00,201.57,201.6,201.57,201.6,0.01,16.71,3370.09,1
2023-08-09,2023-08-09 13:14:00,201.6,201.63,201.6,201.63,0.01,16.71,3370.09,1
2023-08-09,2023-08-09 13:15:00,201.63,201.66,201.63,201.66,0.01,16.71,3370.09,1
2023-08-09,2023-08-09 13:16:00,201.66,201.7,201.66,201.7,0.02,16.71,3370.09,1
2023-08-09,2023-08-09 13:17:00,201.7,201.73,201.7,201.73,0.01,16.71,3370.09,1
2023-08-09,2023-08-09 13:18:00,201.73,201.76,201.73,201.76,0.01,16.71,3370.09,1
2023-08-09,2023-08-09 13:19:00,201.76,201.79,201.76,201.79,0.01,16.71,3370.09,1
2023-08-09,2023-08-09 13:20:00,201.79,201.82,201.79,201.82,0.01,16.71,3370.09,1
2023-08-09,2023-08-09 13:21:00,201.82,201.86,201.82,201.86,0.02,16.71,3370.09,1
2023-08-09,2023-08-09 13:22:00,201.86,201.89,201.86,201.89,0.01,16.71,3370.09,1
2023-08-09,2023-08-09 13:23:00,201.89,201.92,201.89,201.92,0.01,16.71,3370.09,1
2023-08-09,2023-08-09 13:24:00,201.92,201.95,201.92,201.95,0.01,16.71,3370.09,1
2023-08-09,2023-08-09 13:25:00,201.95,201.98,201.95,201.98,0.01,16.71,3370.09,1
2023-08-09,2023-08-09 13:26:00,201.98,202.02,201.98,202.02,0.02,16.71,3370.09,1
2023-08-09,2023-08-09 13:27:00,202.02,202.05,202.02,202.05,0.01,16.71,3370.09,1
2023-08-09,2023-08-09 13:28:00,202.05,202.08,202.05,202.08,0.01,16.71,3370.09,1
2023-08-09,2023-08-09 13:29:00,202.08,202.11,202.08,202.11,0.01,16.71,3370.09,1
2023-08-09,2023-08-09 13:30:00,202.11,202.14,202.11,202.14,0.01,16.71,3370.09,1
2023-08-09,2023-08-09 13:31:00,202.14,202.18,202.14,202.18,0.02,16.71,3370.09,1
2023-08-09,2023-08-09 13:32:00,202.18,202.21,202.18,202.21,0.01,16.71,3370.09,1
2023-08-09,2023-08-09 13:33:00,202.21,202.24,202.21,202.24,0.01,16.71,3370.09,1
2023-08-09,2023-08-09 13:34:00,202.24,202.27,202.24,202.27,0.01,16.71,3370.09,1
2023-08-09,2023-08-09 13:35:00,202.27,202.31,202.27,202.31,0.02,16.71,3370.09,1
2023-08-09,2023-08-09 13:36:00,202.31,202.34,202.31,202.34,0.01,16.71,3370.09,1
2023-08-09,2023-08-09 13:37:00,202.34,202.37,202.34,202.37,0.01,16.71,3370.09,1
2023-08-09,2023-08-09 13:38:00,202.37,202.4,202.37,202.4,0.01,16.71,3370.09,1
2023-08-09,2023-08-09 13:39:00,202.4,202.43,202.4,202.43,0.01,16.71,3370.09,1
2023-08-09,2023-08-09 13:40:00,202.43,202.47,202.43,202.47,0.02,16.71,3370.09,1
2023-08-09,2023-08-09 13:41:00,202.47,202.5,202.47,202.5,0.01,16.71,3370.09,1
2023-08-09,2023-08-09 13:42:00,202.5,202.53,202.5,202.53,0.01,16.71,3370.09,1
2023-08-09,2023-08-09 13:43:00,202.53,202.56,202.53,202.56,0.01,16.71,3370.09,1
2023-08-09,2023-08-09 13:44:00,202.56,202.59,202.56,202.59,0.01,16.71,3370.09,1
2023-08-09,2023-08-09 13:45:00,202.59,202.63,202.59,202.63,0.02,16.71,3370.09,1
2023-08-09,2023-08-09 13:46:00,202.63,202.66,202.63,202.66,0.01,16.71,3370.09,1
2023-08-09,2023-08-09 13:47:00,202.66,202.69,202.66,202.69,0.01,16.71,3370.09,1
2023-08-09,2023-08-09 13:48:00,202.69,202.72,202.69,202.72,0.01,16.71,3370.09,1
2023-08-09,2023-08-09 13:49:00,202.72,202.75,202.72,202.75,0.01,16.71,3370.09,1
2023-08-09,2023-08-09 13:50:00,202.75,202.79,202.75,202.79,0.02,16.71,3370.09,1
2023-08-09,2023-08-09 13:51:00,202.79,202.82,202.79,202.82,0.01,16.71,3370.09,1
2023-08-09,2023-08-09 13:52:00,202.82,202.85,202.82,202.85,0.01,16.71,3370.09,1
2023-08-09,2023-08-09 13:53:00,202.85,202.88,202.85,202.88,0.01,16.71,3370.09,1
2023-08-09,2023-08-09 13:54:00,202.88,202.91,202.88,202.91,0.01,16.71,3370.09,1
2023-08-09,2023-08-09 13:55:00,202.91,202.95,202.91,202.95,0.02,16.71,3370.09,1
2023-08-09,2023-08-09 13:56:00,202.95,202.98,202.95,202.98,0.01,16.71,3370.09,1
2023-08-09,2023-08-09 13:57:00,202.98,203.01,202.98,203.01,0.01,16.71,3370.09,1
2023-08-09,2023-08-09 13:58:00,203.01,203.04,203.01,203.04,0.01,16.71,3370.09,1
2023-08-09,2023-08-09 13:59:00,203.04,203.07,203.04,203.07,0.01,16.71,3370.09,1
2023-08-09,2023-08-09 14:00:00,203.07,203.11,203.07,203.11,0.02,16.71,3370.09,1
2023-08-09,2023-08-09 14:01:00,203.11,203.14,203.11,203.14,0.01,16.71,3370.09,1
2023-08-09,2023-08-09 14:02:00,203.14,203.17,203.14,203.17,0.01,16.71,3370.09,1
2023-08-09,2023-08-09 14:03:00,203.17,203.2,203.17,203.2,0.01,16.71,3370.09,1
2023-08-09,2023-08-09 14:04:00,203.2,203.24,203.2,203.24,0.02,16.71,3370.09,1
2023-08-09,2023-08-09 14:05:00,203.24,203.27,203.24,203.27,0.01,16.71,3370.09,1
2023-08-09,2023-08-09 14:06:00,203.27,203.3,203.27,203.3,0.01,16.71,3370.09,1
2023-08-09,2023-08-09 14:07:00,203.3,203.33,203.3,203.33,0.01,16.71,3370.09,1
2023-08-09,2023-08-09 14:08:00,203.33,203.36,203.33,203.36,0.01,16.71,3370.09,1
2023-08-09,2023-08-09 14:09:00,203.36,203.4,203.36,203.4,0.02,16.71,3370.09,1
2023-08-09,2023-08-09 14:10:00,203.4,203.43,203.4,203.43,0.01,16.71,3370.09,1
2023-08-09,2023-08-09 14:11:00,203.43,203.46,203.43,203.46,0.01,16.71,3370.09,1
2023-08-09,2023-08-09 14:12:00,203.46,203.49,203.46,203.49,0.01,16.71,3370.09,1
2023-08-09,2023-08-09 14:13:00,203.49,203.52,203.49,203.52,0.01,16.71,3370.09,1
2023-08-09,2023-08-09 14:14:00,203.52,203.56,203.52,203.56,0.02,16.71,3370.09,1
2023-08-09,2023-08-09 14:15:00,203.56,203.59,203.56,203.59,0.01,16.71,3370.09,1
2023-08-09,2023-08-09 14:16:00,203.59,203.62,203.59,203.62,0.01,16.71,3370.09,1
2023-08-09,2023-08-09 14:17:00,203.62,203.65,203.62,203.65,0.01,16.71,3370.09,1
2023-08-09,2023-08-09 14:18:00,203.65,203.68,203.65,203.68,0.01,16.71,3370.09,1
2023-08-09,2023-08-09 14:19:00,203.68,203.72,203.68,203.72,0.02,16.71,3370.09,1
2023-08-09,2023-08-09 14:20:00,203.72,203.75,203.72,203.75,0.01,16.71,3370.09,1
2023-08-09,2023-08-09 14:21:00,203.75,203.78,203.75,203.78,0.01,16.71,3370.09,1
2023-08-09,2023-08-09 14:22:00,203.78,203.81,203.78,203.81,0.01,16.71,3370.09,1
2023-08-09,2023-08-09 14:23:00,203.81,203.84,203.81,203.84,0.01,16.71,3370.09,1
2023-08-09,2023-08-09 14:24:00,203.84,203.88,203.84,203.88,0.02,16.71,3370.09,1
2023-08-09,2023-08-09 14:25:00,203.88,203.91,203.88,203.91,0.01,16.71,3370.09,1
2023-08-09,2023-08-09 14:26:00,203.91,203.94,203.91,203.94,0.01,16.71,3370.09,1
2023-08-09,2023-08-09 14:27:00,203.94,203.97,203.94,203.97,0.01,16.71,3370.09,1
2023-08-09,2023-08-09 14:28:00,203.97,204.01,203.97,204.01,0.02,16.71,3370.09,1
2023-08-09,2023-08-09 14:29:00,204.01,204.04,204.01,204.04,0.01,16.71,3370.09,1
2023-08-09,2023-08-09 14:30:00,204.04,204.07,204.04,204.07,0.01,16.71,3370.09,1
2023-08-09,2023-08-09 14:31:00,204.07,204.1,204.07,204.1,0.01,16.71,3370.09,1
2023-08-09,2023-08-09 14:32:00,204.1,204.13,204.1,204.13,0.01,16.71,3370.09,1
2023-08-09,2023-08-09 14:33:00,204.13,204.17,204.13,204.17,0.02,16.71,3370.09,1
2023-08-09,2023-08-09 14:34:00,204.17,204.2,204.17,204.2,0.01,16.71,3370.09,1
2023-08-09,2023-08-09 14:35:00,204.2,204.23,204.2,204.23,0.01,16.71,3370.09,1
2023-08-09,2023-08-09 14:36:00,204.23,204.26,204.23,204.26,0.01,16.71,3370.09,1
2023-08-09,2023-08-09 14:37:00,204.26,204.29,204.26,204.29,0.01,16.71,3370.09,1
2023-08-09,2023-08-09 14:38:00,204.29,204.33,204.29,204.33,0.02,16.71,3370.09,1
2023-08-09,2023-08-09 14:39:00,204.33,204.36,204.33,204.36,0.01,16.71,3370.09,1
2023-08-09,2023-08-09 14:40:00,204.36,204.39,204.36,204.39,0.01,16.71,3370.09,1
2023-08-09,2023-08-09 14:41:00,204.39,204.42,204.39,204.42,0.01,16.71,3370.09,1
2023-08-09,2023-08-09 14:42:00,204.42,204.45,204.42,204.45,0.01,16.71,3370.09,1
2023-08-09,2023-08-09 14:43:00,204.45,204.49,204.45,204.49,0.02,16.71,3370.09,1
2023-08-09,2023-08-09 14:44:00,204.49,204.52,204.49,204.52,0.01,16.71,3370.09,1
2023-08-09,2023-08-09 14:45:00,204.52,204.55,204.52,204.55,0.01,16.71,3370.09,1
2023-08-09,2023-08-09 14:46:00,204.55,204.58,204.55,204.58,0.01,16.71,3370.09,1
2023-08-09,2023-08-09 14:47:00,204.58,204.62,204.58,204.62,0.02,16.71,3370.09,1
2023-08-09,2023-08-09 14:48:00,204.62,204.65,204.62,204.65,0.01,16.71,3370.09,1
2023-08-09,2023-08-09 14:49:00,204.65,204.68,204.65,204.68,0.01,16.71,3370.09,1
2023-08-09,2023-08-09 14:50:00,204.68,204.71,204.68,204.71,0.01,16.71,3370.09,1
2023-08-09,2023-08-09 14:51:00,204.71,204.74,204.71,204.74,0.01,16.71,3370.09,1
2023-08-09,2023-08-09 14:52:00,204.74,204.78,204.74,204.78,0.02,16.71,3370.09,1
2023-08-09,2023-08-09 14:53:00,204.78,204.81,204.78,204.81,0.01,16.71,3370.09,1
2023-08-09,2023-08-09 14:54:00,204.81,204.84,204.81,204.84,0.01,16.71,3370.09,1
2023-08-09,2023-08-09 14:55:00,204.84,204.87,204.84,204.87,0.01,16.71,3370.09,1
2023-08-09,2023-08-09 14:56:00,204.87,204.9,204.87,204.9,0.01,16.71,3370.09,1
2023-08-09,2023-08-09 14:57:00,204.9,204.94,204.9,204.94,0.02,16.71,3370.09,1
2023-08-09,2023-08-09 14:58:00,204.94,204.97,204.94,204.97,0.01,16.71,3370.09,1
2023-08-09,2023-08-09 14:59:00,204.97,205.0,204.97,205.0,0.01,16.71,3370.09,1
2023-08-09,2023-08-09 15:00:00,205.0,209.0,197.3,205.0,0.0,16.71,3370.09,0
2023-08-10,2023-08-10 11:00:00,202.0,205.3,202.0,202.01,0.0,19.46,3995.28,1
2023-08-10,2023-08-10 11:01:00,202.01,202.01,202.01,202.01,0.0,19.46,3995.28,0
2023-08-10,2023-08-10 11:02:00,202.01,202.02,202.01,202.02,0.0,19.46,3995.28,1
2023-08-10,2023-08-10 11:03:00,202.02,202.03,202.02,202.03,0.0,19.46,3995.28,1
2023-08-10,2023-08-10 11:04:00,202.03,202.04,202.03,202.04,0.0,19.46,3995.28,1
2023-08-10,2023-08-10 11:05:00,202.04,202.04,202.04,202.04,0.0,19.46,3995.28,0
2023-08-10,2023-08-10 11:06:00,202.04,202.05,202.04,202.05,0.0,19.46,3995.28,1
2023-08-10,2023-08-10 11:07:00,202.05,202.06,202.05,202.06,0.0,19.46,3995.28,1
2023-08-10,2023-08-10 11:08:00,202.06,202.07,202.06,202.07,0.0,19.46,3995.28,1
2023-08-10,2023-08-10 11:09:00,202.07,202.07,202.07,202.07,0.0,19.46,3995.28,0
2023-08-10,2023-08-10 11:10:00,202.07,202.08,202.07,202.08,0.0,19.46,3995.28,1
2023-08-10,2023-08-10 11:11:00,202.08,202.09,202.08,202.09,0.0,19.46,3995.28,1
2023-08-10,2023-08-10 11:12:00,202.09,202.1,202.09,202.1,0.0,19.46,3995.28,1
2023-08-10,2023-08-10 11:13:00,202.1,202.1,202.1,202.1,0.0,19.46,3995.28,0
2023-08-10,2023-08-10 11:14:00,202.1,202.11,202.1,202.11,0.0,19.46,3995.28,1
2023-08-10,2023-08-10 11:15:00,202.11,202.12,202.11,202.12,0.0,19.46,3995.28,1
2023-08-10,2023-08-10 11:16:00,202.12,202.13,202.12,202.13,0.0,19.46,3995.28,1
2023-08-10,2023-08-10 11:17:00,202.13,202.13,202.13,202.13,0.0,19.46,3995.28,0
2023-08-10,2023-08-10 11:18:00,202.13,202.14,202.13,202.14,0.0,19.46,3995.28,1
2023-08-10,2023-08-10 11:19:00,202.14,202.15,202.14,202.15,0.0,19.46,3995.28,1
2023-08-10,2023-08-10 11:20:00,202.15,202.16,202.15,202.16,0.0,19.46,3995.28,1
2023-08-10,2023-08-10 11:21:00,202.16,202.16,202.16,202.16,0.0,19.46,3995.28,0
2023-08-10,2023-08-10 11:22:00,202.16,202.17,202.16,202.17,0.0,19.46,3995.28,1
2023-08-10,2023-08-10 11:23:00,202.17,202.18,202.17,202.18,0.0,19.46,3995.28,1
2023-08-10,2023-08-10 11:24:00,202.18,202.19,202.18,202.19,0.0,19.46,3995.28,1
2023-08-10,2023-08-10 11:25:00,202.19,202.19,202.19,202.19,0.0,19.46,3995.28,0
2023-08-10,2023-08-10 11:26:00,202.19,202.2,202.19,202.2,0.0,19.46,3995.28,1
2023-08-10,2023-08-10 11:27:00,202.2,202.21,202.2,202.21,0.0,19.46,3995.28,1
2023-08-10,2023-08-10 11:28:00,202.21,202.22,202.21,202.22,0.0,19.46,3995.28,1
2023-08-10,2023-08-10 11:29:00,202.22,202.22,202.22,202.22,0.0,19.46,3995.28,0
2023-08-10,2023-08-10 11:30:00,202.22,202.23,202.22,202.23,0.0,19.46,3995.28,1
2023-08-10,2023-08-10 11:31:00,202.23,202.24,202.23,202.24,0.0,19.46,3995.28,1
2023-08-10,2023-08-10 11:32:00,202.24,202.25,202.24,202.25,0.0,19.46,3995.28,1
2023-08-10,2023-08-10 11:33:00,202.25,202.25,202.25,202.25,0.0,19.46,3995.28,0
2023-08-10,2023-08-10 11:34:00,202.25,202.26,202.25,202.26,0.0,19.46,3995.28,1
2023-08-10,2023-08-10 11:35:00,202.26,202.27,202.26,202.27,0.0,19.46,3995.28,1
2023-08-10,2023-08-10 11:36:00,202.27,202.28,202.27,202.28,0.0,19.46,3995.28,1
2023-08-10,2023-08-10 11:37:00,202.28,202.28,202.28,202.28,0.0,19.46,3995.28,0
2023-08-10,2023-08-10 11:38:00,202.28,202.29,202.28,202.29,0.0,19.46,3995.28,1
2023-08-10,2023-08-10 11:39:00,202.29,202.3,202.29,202.3,0.0,19.46,3995.28,1
2023-08-10,2023-08-10 11:40:00,202.3,202.31,202.3,202.31,0.0,19.46,3995.28,1
2023-08-10,2023-08-10 11:41:00,202.31,202.31,202.31,202.31,0.0,19.46,3995.28,0
2023-08-10,2023-08-10 11:42:00,202.31,202.32,202.31,202.32,0.0,19.46,3995.28,1
2023-08-10,2023-08-10 11:43:00,202.32,202.33,202.32,202.33,0.0,19.46,3995.28,1
2023-08-10,2023-08-10 11:44:00,202.33,202.34,202.33,202.34,0.0,19.46,3995.28,1
2023-08-10,2023-08-10 11:45:00,202.34,202.34,202.34,202.34,0.0,19.46,3995.28,0
2023-08-10,2023-08-10 11:46:00,202.34,202.35,202.34,202.35,0.0,19.46,3995.28,1
2023-08-10,2023-08-10 11:47:00,202.35,202.36,202.35,202.36,0.0,19.46,3995.28,1
2023-08-10,2023-08-10 11:48:00,202.36,202.37,202.36,202.37,0.0,19.46,3995.28,1
2023-08-10,2023-08-10 11:49:00,202.37,202.38,202.37,202.38,0.0,19.46,3995.28,1
2023-08-10,2023-08-10 11:50:00,202.38,202.38,202.38,202.38,0.0,19.46,3995.28,0
2023-08-10,2023-08-10 11:51:00,202.38,202.39,202.38,202.39,0.0,19.46,3995.28,1
2023-08-10,2023-08-10 11:52:00,202.39,202.4,202.39,202.4,0.0,19.46,3995.28,1
2023-08-10,2023-08-10 11:53:00,202.4,202.41,202.4,202.41,0.0,19.46,3995.28,1
2023-08-10,2023-08-10 11:54:00,202.41,202.41,202.41,202.41,0.0,19.46,3995.28,0
2023-08-10,2023-08-10 11:55:00,202.41,202.42,202.41,202.42,0.0,19.46,3995.28,1
2023-08-10,2023-08-10 11:56:00,202.42,202.43,202.42,202.43,0.0,19.46,3995.28,1
2023-08-10,2023-08-10 11:57:00,202.43,202.44,202.43,202.44,0.0,19.46,3995.28,1
2023-08-10,2023-08-10 11:58:00,202.44,202.44,202.44,202.44,0.0,19.46,3995.28,0
2023-08-10,2023-08-10 11:59:00,202.44,202.45,202.44,202.45,0.0,19.46,3995.28,1
2023-08-10,2023-08-10 12:00:00,202.45,202.46,202.45,202.46,0.0,19.46,3995.28,1
2023-08-10,2023-08-10 12:01:00,202.46,202.47,202.46,202.47,0.0,19.46,3995.28,1
2023-08-10,2023-08-10 12:02:00,202.47,202.47,202.47,202.47,0.0,19.46,3995.28,0
2023-08-10,2023-08-10 12:03:00,202.47,202.48,202.47,202.48,0.0,19.46,3995.28,1
2023-08-10,2023-08-10 12:04:00,202.48,202.49,202.48,202.49,0.0,19.46,3995.28,1
2023-08-10,2023-08-10 12:05:00,202.49,202.5,202.49,202.5,0.0,19.46,3995.28,1
2023-08-10,2023-08-10 12:06:00,202.5,202.5,202.5,202.5,0.0,19.46,3995.28,0
2023-08-10,2023-08-10 12:07:00,202.5,202.51,202.5,202.51,0.0,19.46,3995.28,1
2023-08-10,2023-08-10 12:08:00,202.51,202.52,202.51,202.52,0.0,19.46,3995.28,1
2023-08-10,2023-08-10 12:09:00,202.52,202.53,202.52,202.53,0.0,19.46,3995.28,1
2023-08-10,2023-08-10 12:10:00,202.53,202.53,202.53,202.53,0.0,19.46,3995.28,0
2023-08-10,2023-08-10 12:11:00,202.53,202.54,202.53,202.54,0.0,19.46,3995.28,1
2023-08-10,2023-08-10 12:12:00,202.54,202.55,202.54,202.55,0.0,19.46,3995.28,1
2023-08-10,2023-08-10 12:13:00,202.55,202.56,202.55,202.56,0.0,19.46,3995.28,1
2023-08-10,2023-08-10 12:14:00,202.56,202.56,202.56,202.56,0.0,19.46,3995.28,0
2023-08-10,2023-08-10 12:15:00,202.56,202.57,202.56,202.57,0.0,19.46,3995.28,1
2023-08-10,2023-08-10 12:16:00,202.57,202.58,202.57,202.58,0.0,19.46,3995.28,1
2023-08-10,2023-08-10 12:17:00,202.58,202.59,202.58,202.59,0.0,19.46,3995.28,1
2023-08-10,2023-08-10 12:18:00,202.59,202.59,202.59,202.59,0.0,19.46,3995.28,0
2023-08-10,2023-08-10 12:19:00,202.59,202.6,202.59,202.6,0.0,19.46,3995.28,1
2023-08-10,2023-08-10 12:20:00,202.6,202.61,202.6,202.61,0.0,19.46,3995.28,1
2023-08-10,2023-08-10 12:21:00,202.61,202.62,202.61,202.62,0.0,19.46,3995.28,1
2023-08-10,2023-08-10 12:22:00,202.62,202.62,202.62,202.62,0.0,19.46,3995.28,0
2023-08-10,2023-08-10 12:23:00,202.62,202.63,202.62,202.63,0.0,19.46,3995.28,1
2023-08-10,2023-08-10 12:24:00,202.63,202.64,202.63,202.64,0.0,19.46,3995.28,1
2023-08-10,2023-08-10 12:25:00,202.64,202.65,202.64,202.65,0.0,19.46,3995.28,1
2023-08-10,2023-08-10 12:26:00,202.65,202.65,202.65,202.65,0.0,19.46,3995.28,0
2023-08-10,2023-08-10 12:27:00,202.65,202.66,202.65,202.66,0.0,19.46,3995.28,1
2023-08-10,2023-08-10 12:28:00,202.66,202.67,202.66,202.67,0.0,19.46,3995.28,1
2023-08-10,2023-08-10 12:29:00,202.67,202.68,202.67,202.68,0.0,19.46,3995.28,1
2023-08-10,2023-08-10 12:30:00,202.68,202.68,202.68,202.68,0.0,19.46,3995.28,0
2023-08-10,2023-08-10 12:31:00,202.68,202.69,202.68,202.69,0.0,19.46,3995.28,1
2023-08-10,2023-08-10 12:32:00,202.69,202.7,202.69,202.7,0.0,19.46,3995.28,1
2023-08-10,2023-08-10 12:33:00,202.7,202.71,202.7,202.71,0.0,19.46,3995.28,1
2023-08-10,2023-08-10 12:34:00,202.71,202.71,202.71,202.71,0.0,19.46,3995.28,0
2023-08-10,2023-08-10 12:35:00,202.71,202.72,202.71,202.72,0.0,19.46,3995.28,1
2023-08-10,2023-08-10 12:36:00,202.72,202.73,202.72,202.73,0.0,19.46,3995.28,1
2023-08-10,2023-08-10 12:37:00,202.73,202.74,202.73,202.74,0.0,19.46,3995.28,1
2023-08-10,2023-08-10 12:38:00,202.74,202.74,202.74,202.74,0.0,19.46,3995.28,0
2023-08-10,2023-08-10 12:39:00,202.74,202.75,202.74,202.75,0.0,19.46,3995.28,1
2023-08-10,2023-08-10 12:40:00,202.75,202.76,202.75,202.76,0.0,19.46,3995.28,1
2023-08-10,2023-08-10 12:41:00,202.76,202.77,202.76,202.77,0.0,19.46,3995.28,1
2023-08-10,2023-08-10 12:42:00,202.77,202.77,202.77,202.77,0.0,19.46,3995.28,0
2023-08-10,2023-08-10 12:43:00,202.77,202.78,202.77,202.78,0.0,19.46,3995.28,1
2023-08-10,2023-08-10 12:44:00,202.78,202.79,202.78,202.79,0.0,19.46,3995.28,1
2023-08-10,2023-08-10 12:45:00,202.79,202.8,202.79,202.8,0.0,19.46,3995.28,1
2023-08-10,2023-08-10 12:46:00,202.8,202.8,202.8,202.8,0.0,19.46,3995.28,0
2023-08-10,2023-08-10 12:47:00,202.8,202.81,202.8,202.81,0.0,19.46,3995.28,1
2023-08-10,2023-08-10 12:48:00,202.81,202.82,202.81,202.82,0.0,19.46,3995.28,1
2023-08-10,2023-08-10 12:49:00,202.82,202.83,202.82,202.83,0.0,19.46,3995.28,1
2023-08-10,2023-08-10 12:50:00,202.83,202.83,202.83,202.83,0.0,19.46,3995.28,0
2023-08-10,2023-08-10 12:51:00,202.83,202.84,202.83,202.84,0.0,19.46,3995.28,1
2023-08-10,2023-08-10 12:52:00,202.84,202.85,202.84,202.85,0.0,19.46,3995.28,1
2023-08-10,2023-08-10 12:53:00,202.85,202.86,202.85,202.86,0.0,19.46,3995.28,1
2023-08-10,2023-08-10 12:54:00,202.86,202.86,202.86,202.86,0.0,19.46,3995.28,0
2023-08-10,2023-08-10 12:55:00,202.86,202.87,202.86,202.87,0.0,19.46,3995.28,1
2023-08-10,2023-08-10 12:56:00,202.87,202.88,202.87,202.88,0.0,19.46,3995.28,1
2023-08-10,2023-08-10 12:57:00,202.88,202.89,202.88,202.89,0.0,19.46,3995.28,1
2023-08-10,2023-08-10 12:58:00,202.89,202.89,202.89,202.89,0.0,19.46,3995.28,0
2023-08-10,2023-08-10 12:59:00,202.89,202.9,202.89,202.9,0.0,19.46,3995.28,1
2023-08-10,2023-08-10 13:00:00,202.9,213.0,202.0,202.91,0.0,19.46,3995.28,1
2023-08-10,2023-08-10 13:01:00,202.91,202.91,202.91,202.91,0.0,19.46,3995.28,0
2023-08-10,2023-08-10 13:02:00,202.91,202.92,202.91,202.92,0.0,19.46,3995.28,1
2023-08-10,2023-08-10 13:03:00,202.92,202.93,202.92,202.93,0.0,19.46,3995.28,1
2023-08-10,2023-08-10 13:04:00,202.93,202.94,202.93,202.94,0.0,19.46,3995.28,1
2023-08-10,2023-08-10 13:05:00,202.94,202.94,202.94,202.94,0.0,19.46,3995.28,0
2023-08-10,2023-08-10 13:06:00,202.94,202.95,202.94,202.95,0.0,19.46,3995.28,1
2023-08-10,2023-08-10 13:07:00,202.95,202.96,202.95,202.96,0.0,19.46,3995.28,1
2023-08-10,2023-08-10 13:08:00,202.96,202.97,202.96,202.97,0.0,19.46,3995.28,1
2023-08-10,2023-08-10 13:09:00,202.97,202.97,202.97,202.97,0.0,19.46,3995.28,0
2023-08-10,2023-08-10 13:10:00,202.97,202.98,202.97,202.98,0.0,19.46,3995.28,1
2023-08-10,2023-08-10 13:11:00,202.98,202.99,202.98,202.99,0.0,19.46,3995.28,1
2023-08-10,2023-08-10 13:12:00,202.99,203.0,202.99,203.0,0.0,19.46,3995.28,1
2023-08-10,2023-08-10 13:13:00,203.0,203.0,203.0,203.0,0.0,19.46,3995.28,0
2023-08-10,2023-08-10 13:14:00,203.0,203.01,203.0,203.01,0.0,19.46,3995.28,1
2023-08-10,2023-08-10 13:15:00,203.01,203.02,203.01,203.02,0.0,19.46,3995.28,1
2023-08-10,2023-08-10 13:16:00,203.02,203.03,203.02,203.03,0.0,19.46,3995.28,1
2023-08-10,2023-08-10 13:17:00,203.03,203.03,203.03,203.03,0.0,19.46,3995.28,0
2023-08-10,2023-08-10 13:18:00,203.03,203.04,203.03,203.04,0.0,19.46,3995.28,1
2023-08-10,2023-08-10 13:19:00,203.04,203.05,203.04,203.05,0.0,19.46,3995.28,1
2023-08-10,2023-08-10 13:20:00,203.05,203.06,203.05,203.06,0.0,19.46,3995.28,1
2023-08-10,2023-08-10 13:21:00,203.06,203.06,203.06,203.06,0.0,19.46,3995.28,0
2023-08-10,2023-08-10 13:22:00,203.06,203.07,203.06,203.07,0.0,19.46,3995.28,1
2023-08-10,2023-08-10 13:23:00,203.07,203.08,203.07,203.08,0.0,19.46,3995.28,1
2023-08-10,2023-08-10 13:24:00,203.08,203.09,203.08,203.09,0.0,19.46,3995.28,1
2023-08-10,2023-08-10 13:25:00,203.09,203.09,203.09,203.09,0.0,19.46,3995.28,0
2023-08-10,2023-08-10 13:26:00,203.09,203.1,203.09,203.1,0.0,19.46,3995.28,1
2023-08-10,2023-08-10 13:27:00,203.1,203.11,203.1,203.11,0.0,19.46,3995.28,1
2023-08-10,2023-08-10 13:28:00,203.11,203.12,203.11,203.12,0.0,19.46,3995.28,1
2023-08-10,2023-08-10 13:29:00,203.12,203.12,203.12,203.12,0.0,19.46,3995.28,0
2023-08-10,2023-08-10 13:30:00,203.12,203.13,203.12,203.13,0.0,19.46,3995.28,1
2023-08-10,2023-08-10 13:31:00,203.13,203.14,203.13,203.14,0.0,19.46,3995.28,1
2023-08-10,2023-08-10 13:32:00,203.14,203.15,203.14,203.15,0.0,19.46,3995.28,1
2023-08-10,2023-08-10 13:33:00,203.15,203.16,203.15,203.16,0.0,19.46,3995.28,1
2023-08-10,2023-08-10 13:34:00,203.16,203.16,203.16,203.16,0.0,19.46,3995.28,0
2023-08-10,2023-08-10 13:35:00,203.16,203.17,203.16,203.17,0.0,19.46,3995.28,1
2023-08-10,2023-08-10 13:36:00,203.17,203.18,203.17,203.18,0.0,19.46,3995.28,1
2023-08-10,2023-08-10 13:37:00,203.18,203.19,203.18,203.19,0.0,19.46,3995.28,1
2023-08-10,2023-08-10 13:38:00,203.19,203.19,203.19,203.19,0.0,19.46,3995.28,0
2023-08-10,2023-08-10 13:39:00,203.19,203.2,203.19,203.2,0.0,19.46,3995.28,1
2023-08-10,2023-08-10 13:40:00,203.2,203.21,203.2,203.21,0.0,19.46,3995.28,1
2023-08-10,2023-08-10 13:41:00,203.21,203.22,203.21,203.22,0.0,19.46,3995.28,1
2023-08-10,2023-08-10 13:42:00,203.22,203.22,203.22,203.22,0.0,19.46,3995.28,0
2023-08-10,2023-08-10 13:43:00,203.22,203.23,203.22,203.23,0.0,19.46,3995.28,1
2023-08-10,2023-08-10 13:44:00,203.23,203.24,203.23,203.24,0.0,19.46,3995.28,1
2023-08-10,2023-08-10 13:45:00,203.24,203.25,203.24,203.25,0.0,19.46,3995.28,1
2023-08-10,2023-08-10 13:46:00,203.25,203.25,203.25,203.25,0.0,19.46,3995.28,0
2023-08-10,2023-08-10 13:47:00,203.25,203.26,203.25,203.26,0.0,19.46,3995.28,1
2023-08-10,2023-08-10 13:48:00,203.26,203.27,203.26,203.27,0.0,19.46,3995.28,1
2023-08-10,2023-08-10 13:49:00,203.27,203.28,203.27,203.28,0.0,19.46,3995.28,1
2023-08-10,2023-08-10 13:50:00,203.28,203.28,203.28,203.28,0.0,19.46,3995.28,0
2023-08-10,2023-08-10 13:51:00,203.28,203.29,203.28,203.29,0.0,19.46,3995.28,1
2023-08-10,2023-08-10 13:52:00,203.29,203.3,203.29,203.3,0.0,19.46,3995.28,1
2023-08-10,2023-08-10 13:53:00,203.3,203.31,203.3,203.31,0.0,19.46,3995.28,1
2023-08-10,2023-08-10 13:54:00,203.31,203.31,203.31,203.31,0.0,19.46,3995.28,0
2023-08-10,2023-08-10 13:55:00,203.31,203.32,203.31,203.32,0.0,19.46,3995.28,1
2023-08-10,2023-08-10 13:56:00,203.32,203.33,203.32,203.33,0.0,19.46,3995.28,1
2023-08-10,2023-08-10 13:57:00,203.33,203.34,203.33,203.34,0.0,19.46,3995.28,1
2023-08-10,2023-08-10 13:58:00,203.34,203.34,203.34,203.34,0.0,19.46,3995.28,0
2023-08-10,2023-08-10 13:59:00,203.34,203.35,203.34,203.35,0.0,19.46,3995.28,1
2023-08-10,2023-08-10 14:00:00,203.35,203.36,203.35,203.36,0.0,19.46,3995.28,1
2023-08-10,2023-08-10 14:01:00,203.36,203.37,203.36,203.37,0.0,19.46,3995.28,1
2023-08-10,2023-08-10 14:02:00,203.37,203.37,203.37,203.37,0.0,19.46,3995.28,0
2023-08-10,2023-08-10 14:03:00,203.37,203.38,203.37,203.38,0.0,19.46,3995.28,1
2023-08-10,2023-08-10 14:04:00,203.38,203.39,203.38,203.39,0.0,19.46,3995.28,1
2023-08-10,2023-08-10 14:05:00,203.39,203.4,203.39,203.4,0.0,19.46,3995.28,1
2023-08-10,2023-08-10 14:06:00,203.4,203.4,203.4,203.4,0.0,19.46,3995.28,0
2023-08-10,2023-08-10 14:07:00,203.4,203.41,203.4,203.41,0.0,19.46,3995.28,1
2023-08-10,2023-08-10 14:08:00,203.41,203.42,203.41,203.42,0.0,19.46,3995.28,1
2023-08-10,2023-08-10 14:09:00,203.42,203.43,203.42,203.43,0.0,19.46,3995.28,1
2023-08-10,2023-08-10 14:10:00,203.43,203.43,203.43,203.43,0.0,19.46,3995.28,0
2023-08-10,2023-08-10 14:11:00,203.43,203.44,203.43,203.44,0.0,19.46,3995.28,1
2023-08-10,2023-08-10 14:12:00,203.44,203.45,203.44,203.45,0.0,19.46,3995.28,1
2023-08-10,2023-08-10 14:13:00,203.45,203.46,203.45,203.46,0.0,19.46,3995.28,1
2023-08-10,2023-08-10 14:14:00,203.46,203.46,203.46,203.46,0.0,19.46,3995.28,0
2023-08-10,2023-08-10 14:15:00,203.46,203.47,203.46,203.47,0.0,19.46,3995.28,1
2023-08-10,2023-08-10 14:16:00,203.47,203.48,203.47,203.48,0.0,19.46,3995.28,1
2023-08-10,2023-08-10 14:17:00,203.48,203.49,203.48,203.49,0.0,19.46,3995.28,1
2023-08-10,2023-08-10 14:18:00,203.49,203.49,203.49,203.49,0.0,19.46,3995.28,0
2023-08-10,2023-08-10 14:19:00,203.49,203.5,203.49,203.5,0.0,19.46,3995.28,1
2023-08-10,2023-08-10 14:20:00,203.5,203.51,203.5,203.51,0.0,19.46,3995.28,1
2023-08-10,2023-08-10 14:21:00,203.51,203.52,203.51,203.52,0.0,19.46,3995.28,1
2023-08-10,2023-08-10 14:22:00,203.52,203.52,203.52,203.52,0.0,19.46,3995.28,0
2023-08-10,2023-08-10 14:23:00,203.52,203.53,203.52,203.53,0.0,19.46,3995.28,1
2023-08-10,2023-08-10 14:24:00,203.53,203.54,203.53,203.54,0.0,19.46,3995.28,1
2023-08-10,2023-08-10 14:25:00,203.54,203.55,203.54,203.55,0.0,19.46,3995.28,1
2023-08-10,2023-08-10 14:26:00,203.55,203.55,203.55,203.55,0.0,19.46,3995.28,0
2023-08-10,2023-08-10 14:27:00,203.55,203.56,203.55,203.56,0.0,19.46,3995.28,1
2023-08-10,2023-08-10 14:28:00,203.56,203.57,203.56,203.57,0.0,19.46,3995.28,1
2023-08-10,2023-08-10 14:29:00,203.57,203.58,203.57,203.58,0.0,19.46,3995.28,1
2023-08-10,2023-08-10 14:30:00,203.58,203.58,203.58,203.58,0.0,19.46,3995.28,0
2023-08-10,2023-08-10 14:31:00,203.58,203.59,203.58,203.59,0.0,19.46,3995.28,1
2023-08-10,2023-08-10 14:32:00,203.59,203.6,203.59,203.6,0.0,19.46,3995.28,1
2023-08-10,2023-08-10 14:33:00,203.6,203.61,203.6,203.61,0.0,19.46,3995.28,1
2023-08-10,2023-08-10 14:34:00,203.61,203.61,203.61,203.61,0.0,19.46,3995.28,0
2023-08-10,2023-08-10 14:35:00,203.61,203.62,203.61,203.62,0.0,19.46,3995.28,1
2023-08-10,2023-08-10 14:36:00,203.62,203.63,203.62,203.63,0.0,19.46,3995.28,1
2023-08-10,2023-08-10 14:37:00,203.63,203.64,203.63,203.64,0.0,19.46,3995.28,1
2023-08-10,2023-08-10 14:38:00,203.64,203.64,203.64,203.64,0.0,19.46,3995.28,0
2023-08-10,2023-08-10 14:39:00,203.64,203.65,203.64,203.65,0.0,19.46,3995.28,1
2023-08-10,2023-08-10 14:40:00,203.65,203.66,203.65,203.66,0.0,19.46,3995.28,1
2023-08-10,2023-08-10 14:41:00,203.66,203.67,203.66,203.67,0.0,19.46,3995.28,1
2023-08-10,2023-08-10 14:42:00,203.67,203.67,203.67,203.67,0.0,19.46,3995.28,0
2023-08-10,2023-08-10 14:43:00,203.67,203.68,203.67,203.68,0.0,19.46,3995.28,1
2023-08-10,2023-08-10 14:44:00,203.68,203.69,203.68,203.69,0.0,19.46,3995.28,1
2023-08-10,2023-08-10 14:45:00,203.69,203.7,203.69,203.7,0.0,19.46,3995.28,1
2023-08-10,2023-08-10 14:46:00,203.7,203.7,203.7,203.7,0.0,19.46,3995.28,0
2023-08-10,2023-08-10 14:47:00,203.7,203.71,203.7,203.71,0.0,19.46,3995.28,1
2023-08-10,2023-08-10 14:48:00,203.71,203.72,203.71,203.72,0.0,19.46,3995.28,1
2023-08-10,2023-08-10 14:49:00,203.72,203.73,203.72,203.73,0.0,19.46,3995.28,1
2023-08-10,2023-08-10 14:50:00,203.73,203.73,203.73,203.73,0.0,19.46,3995.28,0
2023-08-10,2023-08-10 14:51:00,203.73,203.74,203.73,203.74,0.0,19.46,3995.28,1
2023-08-10,2023-08-10 14:52:00,203.74,203.75,203.74,203.75,0.0,19.46,3995.28,1
2023-08-10,2023-08-10 14:53:00,203.75,203.76,203.75,203.76,0.0,19.46,3995.28,1
2023-08-10,2023-08-10 14:54:00,203.76,203.76,203.76,203.76,0.0,19.46,3995.28,0
2023-08-10,2023-08-10 14:55:00,203.76,203.77,203.76,203.77,0.0,19.46,3995.28,1
2023-08-10,2023-08-10 14:56:00,203.77,203.78,203.77,203.78,0.0,19.46,3995.28,1
2023-08-10,2023-08-10 14:57:00,203.78,203.79,203.78,203.79,0.0,19.46,3995.28,1
2023-08-10,2023-08-10 14:58:00,203.79,203.79,203.79,203.79,0.0,19.46,3995.28,0
2023-08-10,2023-08-10 14:59:00,203.79,203.8,203.79,203.8,0.0,19.46,3995.28,1
2023-08-10,2023-08-10 15:00:00,203.8,213.0,202.0,203.8,0.0,19.46,3995.28,0
2023-08-13,2023-08-13 11:00:00,203.8,205.66,202.75,203.79,-0.0,43.63,8917.95,-1
2023-08-13,2023-08-13 11:01:00,203.79,203.79,203.78,203.78,-0.0,43.63,8917.95,-1
2023-08-13,2023-08-13 11:02:00,203.78,203.78,203.77,203.77,-0.0,43.63,8917.95,-1
2023-08-13,2023-08-13 11:03:00,203.77,203.77,203.76,203.76,-0.0,43.63,8917.95,-1
2023-08-13,2023-08-13 11:04:00,203.76,203.76,203.75,203.75,-0.0,43.63,8917.95,-1
2023-08-13,2023-08-13 11:05:00,203.75,203.75,203.75,203.75,0.0,43.63,8917.95,0
2023-08-13,2023-08-13 11:06:00,203.75,203.75,203.74,203.74,-0.0,43.63,8917.95,-1
2023-08-13,2023-08-13 11:07:00,203.74,203.74,203.73,203.73,-0.0,43.63,8917.95,-1
2023-08-13,2023-08-13 11:08:00,203.73,203.73,203.72,203.72,-0.0,43.63,8917.95,-1
2023-08-13,2023-08-13 11:09:00,203.72,203.72,203.71,203.71,-0.0,43.63,8917.95,-1
2023-08-13,2023-08-13 11:10:00,203.71,203.71,203.7,203.7,-0.0,43.63,8917.95,-1
2023-08-13,2023-08-13 11:11:00,203.7,203.7,203.69,203.69,-0.0,43.63,8917.95,-1
2023-08-13,2023-08-13 11:12:00,203.69,203.69,203.68,203.68,-0.0,43.63,8917.95,-1
2023-08-13,2023-08-13 11:13:00,203.68,203.68,203.67,203.67,-0.0,43.63,8917.95,-1
2023-08-13,2023-08-13 11:14:00,203.67,203.67,203.66,203.66,-0.0,43.63,8917.95,-1
2023-08-13,2023-08-13 11:15:00,203.66,203.66,203.65,203.65,-0.0,43.63,8917.95,-1
2023-08-13,2023-08-13 11:16:00,203.65,203.65,203.64,203.64,-0.0,43.63,8917.95,-1
2023-08-13,2023-08-13 11:17:00,203.64,203.64,203.64,203.64,0.0,43.63,8917.95,0
2023-08-13,2023-08-13 11:18:00,203.64,203.64,203.63,203.63,-0.0,43.63,8917.95,-1
2023-08-13,2023-08-13 11:19:00,203.63,203.63,203.62,203.62,-0.0,43.63,8917.95,-1
2023-08-13,2023-08-13 11:20:00,203.62,203.62,203.61,203.61,-0.0,43.63,8917.95,-1
2023-08-13,2023-08-13 11:21:00,203.61,203.61,203.6,203.6,-0.0,43.63,8917.95,-1
2023-08-13,2023-08-13 11:22:00,203.6,203.6,203.59,203.59,-0.0,43.63,8917.95,-1
2023-08-13,2023-08-13 11:23:00,203.59,203.59,203.58,203.58,-0.0,43.63,8917.95,-1
2023-08-13,2023-08-13 11:24:00,203.58,203.58,203.57,203.57,-0.0,43.63,8917.95,-1
2023-08-13,2023-08-13 11:25:00,203.57,203.57,203.56,203.56,-0.0,43.63,8917.95,-1
2023-08-13,2023-08-13 11:26:00,203.56,203.56,203.55,203.55,-0.0,43.63,8917.95,-1
2023-08-13,2023-08-13 11:27:00,203.55,203.55,203.54,203.54,-0.0,43.63,8917.95,-1
2023-08-13,2023-08-13 11:28:00,203.54,203.54,203.53,203.53,-0.0,43.63,8917.95,-1
2023-08-13,2023-08-13 11:29:00,203.53,203.53,203.53,203.53,0.0,43.63,8917.95,0
2023-08-13,2023-08-13 11:30:00,203.53,203.53,203.52,203.52,-0.0,43.63,8917.95,-1
2023-08-13,2023-08-13 11:31:00,203.52,203.52,203.51,203.51,-0.0,43.63,8917.95,-1
2023-08-13,2023-08-13 11:32:00,203.51,203.51,203.5,203.5,-0.0,43.63,8917.95,-1
2023-08-13,2023-08-13 11:33:00,203.5,203.5,203.49,203.49,-0.0,43.63,8917.95,-1
2023-08-13,2023-08-13 11:34:00,203.49,203.49,203.48,203.48,-0.0,43.63,8917.95,-1
2023-08-13,2023-08-13 11:35:00,203.48,203.48,203.47,203.47,-0.0,43.63,8917.95,-1
2023-08-13,2023-08-13 11:36:00,203.47,203.47,203.46,203.46,-0.0,43.63,8917.95,-1
2023-08-13,2023-08-13 11:37:00,203.46,203.46,203.45,203.45,-0.0,43.63,8917.95,-1
2023-08-13,2023-08-13 11:38:00,203.45,203.45,203.44,203.44,-0.0,43.63,8917.95,-1
2023-08-13,2023-08-13 11:39:00,203.44,203.44,203.43,203.43,-0.0,43.63,8917.95,-1
2023-08-13,2023-08-13 11:40:00,203.43,203.43,203.42,203.42,-0.0,43.63,8917.95,-1
2023-08-13,2023-08-13 11:41:00,203.42,203.42,203.42,203.42,0.0,43.63,8917.95,0
2023-08-13,2023-08-13 11:42:00,203.42,203.42,203.41,203.41,-0.0,43.63,8917.95,-1
2023-08-13,2023-08-13 11:43:00,203.41,203.41,203.4,203.4,-0.0,43.63,8917.95,-1
2023-08-13,2023-08-13 11:44:00,203.4,203.4,203.39,203.39,-0.0,43.63,8917.95,-1
2023-08-13,2023-08-13 11:45:00,203.39,203.39,203.38,203.38,-0.0,43.63,8917.95,-1
2023-08-13,2023-08-13 11:46:00,203.38,203.38,203.37,203.37,-0.0,43.63,8917.95,-1
2023-08-13,2023-08-13 11:47:00,203.37,203.37,203.36,203.36,-0.0,43.63,8917.95,-1
2023-08-13,2023-08-13 11:48:00,203.36,203.36,203.35,203.35,-0.0,43.63,8917.95,-1
2023-08-13,2023-08-13 11:49:00,203.35,203.35,203.34,203.34,-0.0,43.63,8917.95,-1
2023-08-13,2023-08-13 11:50:00,203.34,203.34,203.33,203.33,-0.0,43.63,8917.95,-1
2023-08-13,2023-08-13 11:51:00,203.33,203.33,203.32,203.32,-0.0,43.63,8917.95,-1
2023-08-13,2023-08-13 11:52:00,203.32,203.32,203.31,203.31,-0.0,43.63,8917.95,-1
2023-08-13,2023-08-13 11:53:00,203.31,203.31,203.31,203.31,0.0,43.63,8917.95,0
2023-08-13,2023-08-13 11:54:00,203.31,203.31,203.3,203.3,-0.0,43.63,8917.95,-1
2023-08-13,2023-08-13 11:55:00,203.3,203.3,203.29,203.29,-0.0,43.63,8917.95,-1
2023-08-13,2023-08-13 11:56:00,203.29,203.29,203.28,203.28,-0.0,43.63,8917.95,-1
2023-08-13,2023-08-13 11:57:00,203.28,203.28,203.27,203.27,-0.0,43.63,8917.95,-1
2023-08-13,2023-08-13 11:58:00,203.27,203.27,203.26,203.26,-0.0,43.63,8917.95,-1
2023-08-13,2023-08-13 11:59:00,203.26,203.26,203.25,203.25,-0.0,43.63,8917.95,-1
2023-08-13,2023-08-13 12:00:00,203.25,203.25,203.24,203.24,-0.0,43.63,8917.95,-1
2023-08-13,2023-08-13 12:01:00,203.24,203.24,203.23,203.23,-0.0,43.63,8917.95,-1
2023-08-13,2023-08-13 12:02:00,203.23,203.23,203.22,203.22,-0.0,43.63,8917.95,-1
2023-08-13,2023-08-13 12:03:00,203.22,203.22,203.21,203.21,-0.0,43.63,8917.95,-1
2023-08-13,2023-08-13 12:04:00,203.21,203.21,203.2,203.2,-0.0,43.63,8917.95,-1
2023-08-13,2023-08-13 12:05:00,203.2,203.2,203.19,203.19,-0.0,43.63,8917.95,-1
2023-08-13,2023-08-13 12:06:00,203.19,203.19,203.19,203.19,0.0,43.63,8917.95,0
2023-08-13,2023-08-13 12:07:00,203.19,203.19,203.18,203.18,-0.0,43.63,8917.95,-1
2023-08-13,2023-08-13 12:08:00,203.18,203.18,203.17,203.17,-0.0,43.63,8917.95,-1
2023-08-13,2023-08-13 12:09:00,203.17,203.17,203.16,203.16,-0.0,43.63,8917.95,-1
2023-08-13,2023-08-13 12:10:00,203.16,203.16,203.15,203.15,-0.0,43.63,8917.95,-1
2023-08-13,2023-08-13 12:11:00,203.15,203.15,203.14,203.14,-0.0,43.63,8917.95,-1
2023-08-13,2023-08-13 12:12:00,203.14,203.14,203.13,203.13,-0.0,43.63,8917.95,-1
2023-08-13,2023-08-13 12:13:00,203.13,203.13,203.12,203.12,-0.0,43.63,8917.95,-1
2023-08-13,2023-08-13 12:14:00,203.12,203.12,203.11,203.11,-0.0,43.63,8917.95,-1
2023-08-13,2023-08-13 12:15:00,203.11,203.11,203.1,203.1,-0.0,43.63,8917.95,-1
2023-08-13,2023-08-13 12:16:00,203.1,203.1,203.09,203.09,-0.0,43.63,8917.95,-1
2023-08-13,2023-08-13 12:17:00,203.09,203.09,203.09,203.09,0.0,43.63,8917.95,0
2023-08-13,2023-08-13 12:18:00,203.09,203.09,203.08,203.08,-0.0,43.63,8917.95,-1
2023-08-13,2023-08-13 12:19:00,203.08,203.08,203.07,203.07,-0.0,43.63,8917.95,-1
2023-08-13,2023-08-13 12:20:00,203.07,203.07,203.06,203.06,-0.0,43.63,8917.95,-1
2023-08-13,2023-08-13 12:21:00,203.06,203.06,203.05,203.05,-0.0,43.63,8917.95,-1
2023-08-13,2023-08-13 12:22:00,203.05,203.05,203.04,203.04,-0.0,43.63,8917.95,-1
2023-08-13,2023-08-13 12:23:00,203.04,203.04,203.03,203.03,-0.0,43.63,8917.95,-1
2023-08-13,2023-08-13 12:24:00,203.03,203.03,203.02,203.02,-0.0,43.63,8917.95,-1
2023-08-13,2023-08-13 12:25:00,203.02,203.02,203.01,203.01,-0.0,43.63,8917.95,-1
2023-08-13,2023-08-13 12:26:00,203.01,203.01,203.0,203.0,-0.0,43.63,8917.95,-1
2023-08-13,2023-08-13 12:27:00,203.0,203.0,202.99,202.99,-0.0,43.63,8917.95,-1
2023-08-13,2023-08-13 12:28:00,202.99,202.99,202.98,202.98,-0.0,43.63,8917.95,-1
2023-08-13,2023-08-13 12:29:00,202.98,202.98,202.97,202.97,-0.0,43.63,8917.95,-1
2023-08-13,2023-08-13 12:30:00,202.97,202.97,202.97,202.97,0.0,43.63,8917.95,0
2023-08-13,2023-08-13 12:31:00,202.97,202.97,202.96,202.96,-0.0,43.63,8917.95,-1
2023-08-13,2023-08-13 12:32:00,202.96,202.96,202.95,202.95,-0.0,43.63,8917.95,-1
2023-08-13,2023-08-13 12:33:00,202.95,202.95,202.94,202.94,-0.0,43.63,8917.95,-1
2023-08-13,2023-08-13 12:34:00,202.94,202.94,202.93,202.93,-0.0,43.63,8917.95,-1
2023-08-13,2023-08-13 12:35:00,202.93,202.93,202.92,202.92,-0.0,43.63,8917.95,-1
2023-08-13,2023-08-13 12:36:00,202.92,202.92,202.91,202.91,-0.0,43.63,8917.95,-1
2023-08-13,2023-08-13 12:37:00,202.91,202.91,202.9,202.9,-0.0,43.63,8917.95,-1
2023-08-13,2023-08-13 12:38:00,202.9,202.9,202.89,202.89,-0.0,43.63,8917.95,-1
2023-08-13,2023-08-13 12:39:00,202.89,202.89,202.88,202.88,-0.0,43.63,8917.95,-1
2023-08-13,2023-08-13 12:40:00,202.88,202.88,202.87,202.87,-0.0,43.63,8917.95,-1
2023-08-13,2023-08-13 12:41:00,202.87,202.87,202.87,202.87,0.0,43.63,8917.95,0
2023-08-13,2023-08-13 12:42:00,202.87,202.87,202.86,202.86,-0.0,43.63,8917.95,-1
2023-08-13,2023-08-13 12:43:00,202.86,202.86,202.85,202.85,-0.0,43.63,8917.95,-1
2023-08-13,2023-08-13 12:44:00,202.85,202.85,202.84,202.84,-0.0,43.63,8917.95,-1
2023-08-13,2023-08-13 12:45:00,202.84,202.84,202.83,202.83,-0.0,43.63,8917.95,-1
2023-08-13,2023-08-13 12:46:00,202.83,202.83,202.82,202.82,-0.0,43.63,8917.95,-1
2023-08-13,2023-08-13 12:47:00,202.82,202.82,202.81,202.81,-0.0,43.63,8917.95,-1
2023-08-13,2023-08-13 12:48:00,202.81,202.81,202.8,202.8,-0.0,43.63,8917.95,-1
2023-08-13,2023-08-13 12:49:00,202.8,202.8,202.79,202.79,-0.0,43.63,8917.95,-1
2023-08-13,2023-08-13 12:50:00,202.79,202.79,202.78,202.78,-0.0,43.63,8917.95,-1
2023-08-13,2023-08-13 12:51:00,202.78,202.78,202.77,202.77,-0.0,43.63,8917.95,-1
2023-08-13,2023-08-13 12:52:00,202.77,202.77,202.76,202.76,-0.0,43.63,8917.95,-1
2023-08-13,2023-08-13 12:53:00,202.76,202.76,202.75,202.75,-0.0,43.63,8917.95,-1
2023-08-13,2023-08-13 12:54:00,202.75,202.75,202.75,202.75,0.0,43.63,8917.95,0
2023-08-13,2023-08-13 12:55:00,202.75,202.75,202.74,202.74,-0.0,43.63,8917.95,-1
2023-08-13,2023-08-13 12:56:00,202.74,202.74,202.73,202.73,-0.0,43.63,8917.95,-1
2023-08-13,2023-08-13 12:57:00,202.73,202.73,202.72,202.72,-0.0,43.63,8917.95,-1
2023-08-13,2023-08-13 12:58:00,202.72,202.72,202.71,202.71,-0.0,43.63,8917.95,-1
2023-08-13,2023-08-13 12:59:00,202.71,202.71,202.7,202.7,-0.0,43.63,8917.95,-1
2023-08-13,2023-08-13 13:00:00,202.7,210.0,200.3,202.69,-0.0,43.63,8917.95,-1
2023-08-13,2023-08-13 13:01:00,202.69,202.69,202.68,202.68,-0.0,43.63,8917.95,-1
2023-08-13,2023-08-13 13:02:00,202.68,202.68,202.67,202.67,-0.0,43.63,8917.95,-1
2023-08-13,2023-08-13 13:03:00,202.67,202.67,202.66,202.66,-0.0,43.63,8917.95,-1
2023-08-13,2023-08-13 13:04:00,202.66,202.66,202.65,202.65,-0.0,43.63,8917.95,-1
2023-08-13,2023-08-13 13:05:00,202.65,202.65,202.65,202.65,0.0,43.63,8917.95,0
2023-08-13,2023-08-13 13:06:00,202.65,202.65,202.64,202.64,-0.0,43.63,8917.95,-1
2023-08-13,2023-08-13 13:07:00,202.64,202.64,202.63,202.63,-0.0,43.63,8917.95,-1
2023-08-13,2023-08-13 13:08:00,202.63,202.63,202.62,202.62,-0.0,43.63,8917.95,-1
2023-08-13,2023-08-13 13:09:00,202.62,202.62,202.61,202.61,-0.0,43.63,8917.95,-1
2023-08-13,2023-08-13 13:10:00,202.61,202.61,202.6,202.6,-0.0,43.63,8917.95,-1
2023-08-13,2023-08-13 13:11:00,202.6,202.6,202.59,202.59,-0.0,43.63,8917.95,-1
2023-08-13,2023-08-13 13:12:00,202.59,202.59,202.58,202.58,-0.0,43.63,8917.95,-1
2023-08-13,2023-08-13 13:13:00,202.58,202.58,202.57,202.57,-0.0,43.63,8917.95,-1
2023-08-13,2023-08-13 13:14:00,202.57,202.57,202.56,202.56,-0.0,43.63,8917.95,-1
2023-08-13,2023-08-13 13:15:00,202.56,202.56,202.55,202.55,-0.0,43.63,8917.95,-1
2023-08-13,2023-08-13 13:16:00,202.55,202.55,202.54,202.54,-0.0,43.63,8917.95,-1
2023-08-13,2023-08-13 13:17:00,202.54,202.54,202.53,202.53,-0.0,43.63,8917.95,-1
2023-08-13,2023-08-13 13:18:00,202.53,202.53,202.53,202.53,0.0,43.63,8917.95,0
2023-08-13,2023-08-13 13:19:00,202.53,202.53,202.52,202.52,-0.0,43.63,8917.95,-1
2023-08-13,2023-08-13 13:20:00,202.52,202.52,202.51,202.51,-0.0,43.63,8917.95,-1
2023-08-13,2023-08-13 13:21:00,202.51,202.51,202.5,202.5,-0.0,43.63,8917.95,-1
2023-08-13,2023-08-13 13:22:00,202.5,202.5,202.49,202.49,-0.0,43.63,8917.95,-1
2023-08-13,2023-08-13 13:23:00,202.49,202.49,202.48,202.48,-0.0,43.63,8917.95,-1
2023-08-13,2023-08-13 13:24:00,202.48,202.48,202.47,202.47,-0.0,43.63,8917.95,-1
2023-08-13,2023-08-13 13:25:00,202.47,202.47,202.46,202.46,-0.0,43.63,8917.95,-1
2023-08-13,2023-08-13 13:26:00,202.46,202.46,202.45,202.45,-0.0,43.63,8917.95,-1
2023-08-13,2023-08-13 13:27:00,202.45,202.45,202.44,202.44,-0.0,43.63,8917.95,-1
2023-08-13,2023-08-13 13:28:00,202.44,202.44,202.43,202.43,-0.0,43.63,8917.95,-1
2023-08-13,2023-08-13 13:29:00,202.43,202.43,202.43,202.43,0.0,43.63,8917.95,0
2023-08-13,2023-08-13 13:30:00,202.43,202.43,202.42,202.42,-0.0,43.63,8917.95,-1
2023-08-13,2023-08-13 13:31:00,202.42,202.42,202.41,202.41,-0.0,43.63,8917.95,-1
2023-08-13,2023-08-13 13:32:00,202.41,202.41,202.4,202.4,-0.0,43.63,8917.95,-1
2023-08-13,2023-08-13 13:33:00,202.4,202.4,202.39,202.39,-0.0,43.63,8917.95,-1
2023-08-13,2023-08-13 13:34:00,202.39,202.39,202.38,202.38,-0.0,43.63,8917.95,-1
2023-08-13,2023-08-13 13:35:00,202.38,202.38,202.37,202.37,-0.0,43.63,8917.95,-1
2023-08-13,2023-08-13 13:36:00,202.37,202.37,202.36,202.36,-0.0,43.63,8917.95,-1
2023-08-13,2023-08-13 13:37:00,202.36,202.36,202.35,202.35,-0.0,43.63,8917.95,-1
2023-08-13,2023-08-13 13:38:00,202.35,202.35,202.34,202.34,-0.0,43.63,8917.95,-1
2023-08-13,2023-08-13 13:39:00,202.34,202.34,202.33,202.33,-0.0,43.63,8917.95,-1
2023-08-13,2023-08-13 13:40:00,202.33,202.33,202.32,202.32,-0.0,43.63,8917.95,-1
2023-08-13,2023-08-13 13:41:00,202.32,202.32,202.31,202.31,-0.0,43.63,8917.95,-1
2023-08-13,2023-08-13 13:42:00,202.31,202.31,202.31,202.31,0.0,43.63,8917.95,0
2023-08-13,2023-08-13 13:43:00,202.31,202.31,202.3,202.3,-0.0,43.63,8917.95,-1
2023-08-13,2023-08-13 13:44:00,202.3,202.3,202.29,202.29,-0.0,43.63,8917.95,-1
2023-08-13,2023-08-13 13:45:00,202.29,202.29,202.28,202.28,-0.0,43.63,8917.95,-1
2023-08-13,2023-08-13 13:46:00,202.28,202.28,202.27,202.27,-0.0,43.63,8917.95,-1
2023-08-13,2023-08-13 13:47:00,202.27,202.27,202.26,202.26,-0.0,43.63,8917.95,-1
2023-08-13,2023-08-13 13:48:00,202.26,202.26,202.25,202.25,-0.0,43.63,8917.95,-1
2023-08-13,2023-08-13 13:49:00,202.25,202.25,202.24,202.24,-0.0,43.63,8917.95,-1
2023-08-13,2023-08-13 13:50:00,202.24,202.24,202.23,202.23,-0.0,43.63,8917.95,-1
2023-08-13,2023-08-13 13:51:00,202.23,202.23,202.22,202.22,-0.0,43.63,8917.95,-1
2023-08-13,2023-08-13 13:52:00,202.22,202.22,202.21,202.21,-0.0,43.63,8917.95,-1
2023-08-13,2023-08-13 13:53:00,202.21,202.21,202.21,202.21,0.0,43.63,8917.95,0
2023-08-13,2023-08-13 13:54:00,202.21,202.21,202.2,202.2,-0.0,43.63,8917.95,-1
2023-08-13,2023-08-13 13:55:00,202.2,202.2,202.19,202.19,-0.0,43.63,8917.95,-1
2023-08-13,2023-08-13 13:56:00,202.19,202.19,202.18,202.18,-0.0,43.63,8917.95,-1
2023-08-13,2023-08-13 13:57:00,202.18,202.18,202.17,202.17,-0.0,43.63,8917.95,-1
2023-08-13,2023-08-13 13:58:00,202.17,202.17,202.16,202.16,-0.0,43.63,8917.95,-1
2023-08-13,2023-08-13 13:59:00,202.16,202.16,202.15,202.15,-0.0,43.63,8917.95,-1
2023-08-13,2023-08-13 14:00:00,202.15,202.15,202.14,202.14,-0.0,43.63,8917.95,-1
2023-08-13,2023-08-13 14:01:00,202.14,202.14,202.13,202.13,-0.0,43.63,8917.95,-1
2023-08-13,2023-08-13 14:02:00,202.13,202.13,202.12,202.12,-0.0,43.63,8917.95,-1
2023-08-13,2023-08-13 14:03:00,202.12,202.12,202.11,202.11,-0.0,43.63,8917.95,-1
2023-08-13,2023-08-13 14:04:00,202.11,202.11,202.1,202.1,-0.0,43.63,8917.95,-1
2023-08-13,2023-08-13 14:05:00,202.1,202.1,202.09,202.09,-0.0,43.63,8917.95,-1
2023-08-13,2023-08-13 14:06:00,202.09,202.09,202.09,202.09,0.0,43.63,8917.95,0
2023-08-13,2023-08-13 14:07:00,202.09,202.09,202.08,202.08,-0.0,43.63,8917.95,-1
2023-08-13,2023-08-13 14:08:00,202.08,202.08,202.07,202.07,-0.0,43.63,8917.95,-1
2023-08-13,2023-08-13 14:09:00,202.07,202.07,202.06,202.06,-0.0,43.63,8917.95,-1
2023-08-13,2023-08-13 14:10:00,202.06,202.06,202.05,202.05,-0.0,43.63,8917.95,-1
2023-08-13,2023-08-13 14:11:00,202.05,202.05,202.04,202.04,-0.0,43.63,8917.95,-1
2023-08-13,2023-08-13 14:12:00,202.04,202.04,202.03,202.03,-0.0,43.63,8917.95,-1
2023-08-13,2023-08-13 14:13:00,202.03,202.03,202.02,202.02,-0.0,43.63,8917.95,-1
2023-08-13,2023-08-13 14:14:00,202.02,202.02,202.01,202.01,-0.0,43.63,8917.95,-1
2023-08-13,2023-08-13 14:15:00,202.01,202.01,202.0,202.0,-0.0,43.63,8917.95,-1
2023-08-13,2023-08-13 14:16:00,202.0,202.0,201.99,201.99,-0.0,43.63,8917.95,-1
2023-08-13,2023-08-13 14:17:00,201.99,201.99,201.98,201.98,-0.0,43.63,8917.95,-1
2023-08-13,2023-08-13 14:18:00,201.98,201.98,201.98,201.98,0.0,43.63,8917.95,0
2023-08-13,2023-08-13 14:19:00,201.98,201.98,201.97,201.97,-0.0,43.63,8917.95,-1
2023-08-13,2023-08-13 14:20:00,201.97,201.97,201.96,201.96,-0.0,43.63,8917.95,-1
2023-08-13,2023-08-13 14:21:00,201.96,201.96,201.95,201.95,-0.0,43.63,8917.95,-1
2023-08-13,2023-08-13 14:22:00,201.95,201.95,201.94,201.94,-0.0,43.63,8917.95,-1
2023-08-13,2023-08-13 14:23:00,201.94,201.94,201.93,201.93,-0.0,43.63,8917.95,-1
2023-08-13,2023-08-13 14:24:00,201.93,201.93,201.92,201.92,-0.0,43.63,8917.95,-1
2023-08-13,2023-08-13 14:25:00,201.92,201.92,201.91,201.91,-0.0,43.63,8917.95,-1
2023-08-13,2023-08-13 14:26:00,201.91,201.91,201.9,201.9,-0.0,43.63,8917.95,-1
2023-08-13,2023-08-13 14:27:00,201.9,201.9,201.89,201.89,-0.0,43.63,8917.95,-1
2023-08-13,2023-08-13 14:28:00,201.89,201.89,201.88,201.88,-0.0,43.63,8917.95,-1
2023-08-13,2023-08-13 14:29:00,201.88,201.88,201.88,201.88,0.0,43.63,8917.95,0
2023-08-13,2023-08-13 14:30:00,201.88,201.88,201.87,201.87,-0.0,43.63,8917.95,-1
2023-08-13,2023-08-13 14:31:00,201.87,201.87,201.86,201.86,-0.0,43.63,8917.95,-1
2023-08-13,2023-08-13 14:32:00,201.86,201.86,201.85,201.85,-0.0,43.63,8917.95,-1
2023-08-13,2023-08-13 14:33:00,201.85,201.85,201.84,201.84,-0.0,43.63,8917.95,-1
2023-08-13,2023-08-13 14:34:00,201.84,201.84,201.83,201.83,-0.0,43.63,8917.95,-1
2023-08-13,2023-08-13 14:35:00,201.83,201.83,201.82,201.82,-0.0,43.63,8917.95,-1
2023-08-13,2023-08-13 14:36:00,201.82,201.82,201.81,201.81,-0.0,43.63,8917.95,-1
2023-08-13,2023-08-13 14:37:00,201.81,201.81,201.8,201.8,-0.0,43.63,8917.95,-1
2023-08-13,2023-08-13 14:38:00,201.8,201.8,201.79,201.79,-0.0,43.63,8917.95,-1
2023-08-13,2023-08-13 14:39:00,201.79,201.79,201.78,201.78,-0.0,43.63,8917.95,-1
2023-08-13,2023-08-13 14:40:00,201.78,201.78,201.77,201.77,-0.0,43.63,8917.95,-1
2023-08-13,2023-08-13 14:41:00,201.77,201.77,201.76,201.76,-0.0,43.63,8917.95,-1
2023-08-13,2023-08-13 14:42:00,201.76,201.76,201.76,201.76,0.0,43.63,8917.95,0
2023-08-13,2023-08-13 14:43:00,201.76,201.76,201.75,201.75,-0.0,43.63,8917.95,-1
2023-08-13,2023-08-13 14:44:00,201.75,201.75,201.74,201.74,-0.0,43.63,8917.95,-1
2023-08-13,2023-08-13 14:45:00,201.74,201.74,201.73,201.73,-0.0,43.63,8917.95,-1
2023-08-13,2023-08-13 14:46:00,201.73,201.73,201.72,201.72,-0.0,43.63,8917.95,-1
2023-08-13,2023-08-13 14:47:00,201.72,201.72,201.71,201.71,-0.0,43.63,8917.95,-1
2023-08-13,2023-08-13 14:48:00,201.71,201.71,201.7,201.7,-0.0,43.63,8917.95,-1
2023-08-13,2023-08-13 14:49:00,201.7,201.7,201.69,201.69,-0.0,43.63,8917.95,-1
2023-08-13,2023-08-13 14:50:00,201.69,201.69,201.68,201.68,-0.0,43.63,8917.95,-1
2023-08-13,2023-08-13 14:51:00,201.68,201.68,201.67,201.67,-0.0,43.63,8917.95,-1
2023-08-13,2023-08-13 14:52:00,201.67,201.67,201.66,201.66,-0.0,43.63,8917.95,-1
2023-08-13,2023-08-13 14:53:00,201.66,201.66,201.66,201.66,0.0,43.63,8917.95,0
2023-08-13,2023-08-13 14:54:00,201.66,201.66,201.65,201.65,-0.0,43.63,8917.95,-1
2023-08-13,2023-08-13 14:55:00,201.65,201.65,201.64,201.64,-0.0,43.63,8917.95,-1
2023-08-13,2023-08-13 14:56:00,201.64,201.64,201.63,201.63,-0.0,43.63,8917.95,-1
2023-08-13,2023-08-13 14:57:00,201.63,201.63,201.62,201.62,-0.0,43.63,8917.95,-1
2023-08-13,2023-08-13 14:58:00,201.62,201.62,201.61,201.61,-0.0,43.63,8917.95,-1
2023-08-13,2023-08-13 14:59:00,201.61,201.61,201.6,201.6,-0.0,43.63,8917.95,-1
2023-08-13,2023-08-13 15:00:00,201.6,210.0,200.3,201.6,0.0,43.63,8917.95,0
2023-08-14,2023-08-14 11:00:00,200.0,202.4,200.0,200.01,0.0,16.66,3365.79,1
2023-08-14,2023-08-14 11:01:00,200.01,200.02,200.01,200.02,0.0,16.66,3365.79,1
2023-08-14,2023-08-14 11:02:00,200.02,200.03,200.02,200.03,0.0,16.66,3365.79,1
2023-08-14,2023-08-14 11:03:00,200.03,200.03,200.03,200.03,0.0,16.66,3365.79,0
2023-08-14,2023-08-14 11:04:00,200.03,200.04,200.03,200.04,0.0,16.66,3365.79,1
2023-08-14,2023-08-14 11:05:00,200.04,200.05,200.04,200.05,0.0,16.66,3365.79,1
2023-08-14,2023-08-14 11:06:00,200.05,200.06,200.05,200.06,0.0,16.66,3365.79,1
2023-08-14,2023-08-14 11:07:00,200.06,200.07,200.06,200.07,0.0,16.66,3365.79,1
2023-08-14,2023-08-14 11:08:00,200.07,200.07,200.07,200.07,0.0,16.66,3365.79,0
2023-08-14,2023-08-14 11:09:00,200.07,200.08,200.07,200.08,0.0,16.66,3365.79,1
2023-08-14,2023-08-14 11:10:00,200.08,200.09,200.08,200.09,0.0,16.66,3365.79,1
2023-08-14,2023-08-14 11:11:00,200.09,200.1,200.09,200.1,0.0,16.66,3365.79,1
2023-08-14,2023-08-14 11:12:00,200.1,200.11,200.1,200.11,0.0,16.66,3365.79,1
2023-08-14,2023-08-14 11:13:00,200.11,200.12,200.11,200.12,0.0,16.66,3365.79,1
2023-08-14,2023-08-14 11:14:00,200.12,200.12,200.12,200.12,0.0,16.66,3365.79,0
2023-08-14,2023-08-14 11:15:00,200.12,200.13,200.12,200.13,0.0,16.66,3365.79,1
2023-08-14,2023-08-14 11:16:00,200.13,200.14,200.13,200.14,0.0,16.66,3365.79,1
2023-08-14,2023-08-14 11:17:00,200.14,200.15,200.14,200.15,0.0,16.66,3365.79,1
2023-08-14,2023-08-14 11:18:00,200.15,200.16,200.15,200.16,0.0,16.66,3365.79,1
2023-08-14,2023-08-14 11:19:00,200.16,200.17,200.16,200.17,0.0,16.66,3365.79,1
2023-08-14,2023-08-14 11:20:00,200.17,200.18,200.17,200.18,0.0,16.66,3365.79,1
2023-08-14,2023-08-14 11:21:00,200.18,200.18,200.18,200.18,0.0,16.66,3365.79,0
2023-08-14,2023-08-14 11:22:00,200.18,200.19,200.18,200.19,0.0,16.66,3365.79,1
2023-08-14,2023-08-14 11:23:00,200.19,200.2,200.19,200.2,0.0,16.66,3365.79,1
2023-08-14,2023-08-14 11:24:00,200.2,200.21,200.2,200.21,0.0,16.66,3365.79,1
2023-08-14,2023-08-14 11:25:00,200.21,200.22,200.21,200.22,0.0,16.66,3365.79,1
2023-08-14,2023-08-14 11:26:00,200.22,200.22,200.22,200.22,0.0,16.66,3365.79,0
2023-08-14,2023-08-14 11:27:00,200.22,200.23,200.22,200.23,0.0,16.66,3365.79,1
2023-08-14,2023-08-14 11:28:00,200.23,200.24,200.23,200.24,0.0,16.66,3365.79,1
2023-08-14,2023-08-14 11:29:00,200.24,200.25,200.24,200.25,0.0,16.66,3365.79,1
2023-08-14,2023-08-14 11:30:00,200.25,200.26,200.25,200.26,0.0,16.66,3365.79,1
2023-08-14,2023-08-14 11:31:00,200.26,200.27,200.26,200.27,0.0,16.66,3365.79,1
2023-08-14,2023-08-14 11:32:00,200.27,200.28,200.27,200.28,0.0,16.66,3365.79,1
2023-08-14,2023-08-14 11:33:00,200.28,200.28,200.28,200.28,0.0,16.66,3365.79,0
2023-08-14,2023-08-14 11:34:00,200.28,200.29,200.28,200.29,0.0,16.66,3365.79,1
2023-08-14,2023-08-14 11:35:00,200.29,200.3,200.29,200.3,0.0,16.66,3365.79,1
2023-08-14,2023-08-14 11:36:00,200.3,200.31,200.3,200.31,0.0,16.66,3365.79,1
2023-08-14,2023-08-14 11:37:00,200.31,200.32,200.31,200.32,0.0,16.66,3365.79,1
2023-08-14,2023-08-14 11:38:00,200.32,200.32,200.32,200.32,0.0,16.66,3365.79,0
2023-08-14,2023-08-14 11:39:00,200.32,200.33,200.32,200.33,0.0,16.66,3365.79,1
2023-08-14,2023-08-14 11:40:00,200.33,200.34,200.33,200.34,0.0,16.66,3365.79,1
2023-08-14,2023-08-14 11:41:00,200.34,200.35,200.34,200.35,0.0,16.66,3365.79,1
2023-08-14,2023-08-14 11:42:00,200.35,200.36,200.35,200.36,0.0,16.66,3365.79,1
2023-08-14,2023-08-14 11:43:00,200.36,200.37,200.36,200.37,0.0,16.66,3365.79,1
2023-08-14,2023-08-14 11:44:00,200.37,200.38,200.37,200.38,0.0,16.66,3365.79,1
2023-08-14,2023-08-14 11:45:00,200.38,200.38,200.38,200.38,0.0,16.66,3365.79,0
2023-08-14,2023-08-14 11:46:00,200.38,200.39,200.38,200.39,0.0,16.66,3365.79,1
2023-08-14,2023-08-14 11:47:00,200.39,200.4,200.39,200.4,0.0,16.66,3365.79,1
2023-08-14,2023-08-14 11:48:00,200.4,200.41,200.4,200.41,0.0,16.66,3365.79,1
2023-08-14,2023-08-14 11:49:00,200.41,200.42,200.41,200.42,0.0,16.66,3365.79,1
2023-08-14,2023-08-14 11:50:00,200.42,200.43,200.42,200.43,0.0,16.66,3365.79,1
2023-08-14,2023-08-14 11:51:00,200.43,200.43,200.43,200.43,0.0,16.66,3365.79,0
2023-08-14,2023-08-14 11:52:00,200.43,200.44,200.43,200.44,0.0,16.66,3365.79,1
2023-08-14,2023-08-14 11:53:00,200.44,200.45,200.44,200.45,0.0,16.66,3365.79,1
2023-08-14,2023-08-14 11:54:00,200.45,200.46,200.45,200.46,0.0,16.66,3365.79,1
2023-08-14,2023-08-14 11:55:00,200.46,200.47,200.46,200.47,0.0,16.66,3365.79,1
2023-08-14,2023-08-14 11:56:00,200.47,200.47,200.47,200.47,0.0,16.66,3365.79,0
2023-08-14,2023-08-14 11:57:00,200.47,200.48,200.47,200.48,0.0,16.66,3365.79,1
2023-08-14,2023-08-14 11:58:00,200.48,200.49,200.48,200.49,0.0,16.66,3365.79,1
2023-08-14,2023-08-14 11:59:00,200.49,200.5,200.49,200.5,0.0,16.66,3365.79,1
2023-08-14,2023-08-14 12:00:00,200.5,200.51,200.5,200.51,0.0,16.66,3365.79,1
2023-08-14,2023-08-14 12:01:00,200.51,200.52,200.51,200.52,0.0,16.66,3365.79,1
2023-08-14,2023-08-14 12:02:00,200.52,200.53,200.52,200.53,0.0,16.66,3365.79,1
2023-08-14,2023-08-14 12:03:00,200.53,200.53,200.53,200.53,0.0,16.66,3365.79,0
2023-08-14,2023-08-14 12:04:00,200.53,200.54,200.53,200.54,0.0,16.66,3365.79,1
2023-08-14,2023-08-14 12:05:00,200.54,200.55,200.54,200.55,0.0,16.66,3365.79,1
2023-08-14,2023-08-14 12:06:00,200.55,200.56,200.55,200.56,0.0,16.66,3365.79,1
2023-08-14,2023-08-14 12:07:00,200.56,200.57,200.56,200.57,0.0,16.66,3365.79,1
2023-08-14,2023-08-14 12:08:00,200.57,200.57,200.57,200.57,0.0,16.66,3365.79,0
2023-08-14,2023-08-14 12:09:00,200.57,200.58,200.57,200.58,0.0,16.66,3365.79,1
2023-08-14,2023-08-14 12:10:00,200.58,200.59,200.58,200.59,0.0,16.66,3365.79,1
2023-08-14,2023-08-14 12:11:00,200.59,200.6,200.59,200.6,0.0,16.66,3365.79,1
2023-08-14,2023-08-14 12:12:00,200.6,200.61,200.6,200.61,0.0,16.66,3365.79,1
2023-08-14,2023-08-14 12:13:00,200.61,200.62,200.61,200.62,0.0,16.66,3365.79,1
2023-08-14,2023-08-14 12:14:00,200.62,200.62,200.62,200.62,0.0,16.66,3365.79,0
2023-08-14,2023-08-14 12:15:00,200.62,200.63,200.62,200.63,0.0,16.66,3365.79,1
2023-08-14,2023-08-14 12:16:00,200.63,200.64,200.63,200.64,0.0,16.66,3365.79,1
2023-08-14,2023-08-14 12:17:00,200.64,200.65,200.64,200.65,0.0,16.66,3365.79,1
2023-08-14,2023-08-14 12:18:00,200.65,200.66,200.65,200.66,0.0,16.66,3365.79,1
2023-08-14,2023-08-14 12:19:00,200.66,200.67,200.66,200.67,0.0,16.66,3365.79,1
2023-08-14,2023-08-14 12:20:00,200.67,200.68,200.67,200.68,0.0,16.66,3365.79,1
2023-08-14,2023-08-14 12:21:00,200.68,200.68,200.68,200.68,0.0,16.66,3365.79,0
2023-08-14,2023-08-14 12:22:00,200.68,200.69,200.68,200.69,0.0,16.66,3365.79,1
2023-08-14,2023-08-14 12:23:00,200.69,200.7,200.69,200.7,0.0,16.66,3365.79,1
2023-08-14,2023-08-14 12:24:00,200.7,200.71,200.7,200.71,0.0,16.66,3365.79,1
2023-08-14,2023-08-14 12:25:00,200.71,200.72,200.71,200.72,0.0,16.66,3365.79,1
2023-08-14,2023-08-14 12:26:00,200.72,200.72,200.72,200.72,0.0,16.66,3365.79,0
2023-08-14,2023-08-14 12:27:00,200.72,200.73,200.72,200.73,0.0,16.66,3365.79,1
2023-08-14,2023-08-14 12:28:00,200.73,200.74,200.73,200.74,0.0,16.66,3365.79,1
2023-08-14,2023-08-14 12:29:00,200.74,200.75,200.74,200.75,0.0,16.66,3365.79,1
2023-08-14,2023-08-14 12:30:00,200.75,200.76,200.75,200.76,0.0,16.66,3365.79,1
2023-08-14,2023-08-14 12:31:00,200.76,200.77,200.76,200.77,0.0,16.66,3365.79,1
2023-08-14,2023-08-14 12:32:00,200.77,200.78,200.77,200.78,0.0,16.66,3365.79,1
2023-08-14,2023-08-14 12:33:00,200.78,200.78,200.78,200.78,0.0,16.66,3365.79,0
2023-08-14,2023-08-14 12:34:00,200.78,200.79,200.78,200.79,0.0,16.66,3365.79,1
2023-08-14,2023-08-14 12:35:00,200.79,200.8,200.79,200.8,0.0,16.66,3365.79,1
2023-08-14,2023-08-14 12:36:00,200.8,200.81,200.8,200.81,0.0,16.66,3365.79,1
2023-08-14,2023-08-14 12:37:00,200.81,200.82,200.81,200.82,0.0,16.66,3365.79,1
2023-08-14,2023-08-14 12:38:00,200.82,200.82,200.82,200.82,0.0,16.66,3365.79,0
2023-08-14,2023-08-14 12:39:00,200.82,200.83,200.82,200.83,0.0,16.66,3365.79,1
2023-08-14,2023-08-14 12:40:00,200.83,200.84,200.83,200.84,0.0,16.66,3365.79,1
2023-08-14,2023-08-14 12:41:00,200.84,200.85,200.84,200.85,0.0,16.66,3365.79,1
2023-08-14,2023-08-14 12:42:00,200.85,200.86,200.85,200.86,0.0,16.66,3365.79,1
2023-08-14,2023-08-14 12:43:00,200.86,200.87,200.86,200.87,0.0,16.66,3365.79,1
2023-08-14,2023-08-14 12:44:00,200.87,200.88,200.87,200.88,0.0,16.66,3365.79,1
2023-08-14,2023-08-14 12:45:00,200.88,200.88,200.88,200.88,0.0,16.66,3365.79,0
2023-08-14,2023-08-14 12:46:00,200.88,200.89,200.88,200.89,0.0,16.66,3365.79,1
2023-08-14,2023-08-14 12:47:00,200.89,200.9,200.89,200.9,0.0,16.66,3365.79,1
2023-08-14,2023-08-14 12:48:00,200.9,200.91,200.9,200.91,0.0,16.66,3365.79,1
2023-08-14,2023-08-14 12:49:00,200.91,200.92,200.91,200.92,0.0,16.66,3365.79,1
2023-08-14,2023-08-14 12:50:00,200.92,200.93,200.92,200.93,0.0,16.66,3365.79,1
2023-08-14,2023-08-14 12:51:00,200.93,200.93,200.93,200.93,0.0,16.66,3365.79,0
2023-08-14,2023-08-14 12:52:00,200.93,200.94,200.93,200.94,0.0,16.66,3365.79,1
2023-08-14,2023-08-14 12:53:00,200.94,200.95,200.94,200.95,0.0,16.66,3365.79,1
2023-08-14,2023-08-14 12:54:00,200.95,200.96,200.95,200.96,0.0,16.66,3365.79,1
2023-08-14,2023-08-14 12:55:00,200.96,200.97,200.96,200.97,0.0,16.66,3365.79,1
2023-08-14,2023-08-14 12:56:00,200.97,200.97,200.97,200.97,0.0,16.66,3365.79,0
2023-08-14,2023-08-14 12:57:00,200.97,200.98,200.97,200.98,0.0,16.66,3365.79,1
2023-08-14,2023-08-14 12:58:00,200.98,200.99,200.98,200.99,0.0,16.66,3365.79,1
2023-08-14,2023-08-14 12:59:00,200.99,201.0,200.99,201.0,0.0,16.66,3365.79,1
2023-08-14,2023-08-14 13:00:00,201.0,208.0,200.0,201.01,0.0,16.66,3365.79,1
2023-08-14,2023-08-14 13:01:00,201.01,201.02,201.01,201.02,0.0,16.66,3365.79,1
2023-08-14,2023-08-14 13:02:00,201.02,201.03,201.02,201.03,0.0,16.66,3365.79,1
2023-08-14,2023-08-14 13:03:00,201.03,201.03,201.03,201.03,0.0,16.66,3365.79,0
2023-08-14,2023-08-14 13:04:00,201.03,201.04,201.03,201.04,0.0,16.66,3365.79,1
2023-08-14,2023-08-14 13:05:00,201.04,201.05,201.04,201.05,0.0,16.66,3365.79,1
2023-08-14,2023-08-14 13:06:00,201.05,201.06,201.05,201.06,0.0,16.66,3365.79,1
2023-08-14,2023-08-14 13:07:00,201.06,201.07,201.06,201.07,0.0,16.66,3365.79,1
2023-08-14,2023-08-14 13:08:00,201.07,201.07,201.07,201.07,0.0,16.66,3365.79,0
2023-08-14,2023-08-14 13:09:00,201.07,201.08,201.07,201.08,0.0,16.66,3365.79,1
2023-08-14,2023-08-14 13:10:00,201.08,201.09,201.08,201.09,0.0,16.66,3365.79,1
2023-08-14,2023-08-14 13:11:00,201.09,201.1,201.09,201.1,0.0,16.66,3365.79,1
2023-08-14,2023-08-14 13:12:00,201.1,201.11,201.1,201.11,0.0,16.66,3365.79,1
2023-08-14,2023-08-14 13:13:00,201.11,201.12,201.11,201.12,0.0,16.66,3365.79,1
2023-08-14,2023-08-14 13:14:00,201.12,201.12,201.12,201.12,0.0,16.66,3365.79,0
2023-08-14,2023-08-14 13:15:00,201.12,201.13,201.12,201.13,0.0,16.66,3365.79,1
2023-08-14,2023-08-14 13:16:00,201.13,201.14,201.13,201.14,0.0,16.66,3365.79,1
2023-08-14,2023-08-14 13:17:00,201.14,201.15,201.14,201.15,0.0,16.66,3365.79,1
2023-08-14,2023-08-14 13:18:00,201.15,201.16,201.15,201.16,0.0,16.66,3365.79,1
2023-08-14,2023-08-14 13:19:00,201.16,201.17,201.16,201.17,0.0,16.66,3365.79,1
2023-08-14,2023-08-14 13:20:00,201.17,201.18,201.17,201.18,0.0,16.66,3365.79,1
2023-08-14,2023-08-14 13:21:00,201.18,201.18,201.18,201.18,0.0,16.66,3365.79,0
2023-08-14,2023-08-14 13:22:00,201.18,201.19,201.18,201.19,0.0,16.66,3365.79,1
2023-08-14,2023-08-14 13:23:00,201.19,201.2,201.19,201.2,0.0,16.66,3365.79,1
2023-08-14,2023-08-14 13:24:00,201.2,201.21,201.2,201.21,0.0,16.66,3365.79,1
2023-08-14,2023-08-14 13:25:00,201.21,201.22,201.21,201.22,0.0,16.66,3365.79,1
2023-08-14,2023-08-14 13:26:00,201.22,201.22,201.22,201.22,0.0,16.66,3365.79,0
2023-08-14,2023-08-14 13:27:00,201.22,201.23,201.22,201.23,0.0,16.66,3365.79,1
2023-08-14,2023-08-14 13:28:00,201.23,201.24,201.23,201.24,0.0,16.66,3365.79,1
2023-08-14,2023-08-14 13:29:00,201.24,201.25,201.24,201.25,0.0,16.66,3365.79,1
2023-08-14,2023-08-14 13:30:00,201.25,201.26,201.25,201.26,0.0,16.66,3365.79,1
2023-08-14,2023-08-14 13:31:00,201.26,201.27,201.26,201.27,0.0,16.66,3365.79,1
2023-08-14,2023-08-14 13:32:00,201.27,201.28,201.27,201.28,0.0,16.66,3365.79,1
2023-08-14,2023-08-14 13:33:00,201.28,201.28,201.28,201.28,0.0,16.66,3365.79,0
2023-08-14,2023-08-14 13:34:00,201.28,201.29,201.28,201.29,0.0,16.66,3365.79,1
2023-08-14,2023-08-14 13:35:00,201.29,201.3,201.29,201.3,0.0,16.66,3365.79,1
2023-08-14,2023-08-14 13:36:00,201.3,201.31,201.3,201.31,0.0,16.66,3365.79,1
2023-08-14,2023-08-14 13:37:00,201.31,201.32,201.31,201.32,0.0,16.66,3365.79,1
2023-08-14,2023-08-14 13:38:00,201.32,201.32,201.32,201.32,0.0,16.66,3365.79,0
2023-08-14,2023-08-14 13:39:00,201.32,201.33,201.32,201.33,0.0,16.66,3365.79,1
2023-08-14,2023-08-14 13:40:00,201.33,201.34,201.33,201.34,0.0,16.66,3365.79,1
2023-08-14,2023-08-14 13:41:00,201.34,201.35,201.34,201.35,0.0,16.66,3365.79,1
2023-08-14,2023-08-14 13:42:00,201.35,201.36,201.35,201.36,0.0,16.66,3365.79,1
2023-08-14,2023-08-14 13:43:00,201.36,201.37,201.36,201.37,0.0,16.66,3365.79,1
2023-08-14,2023-08-14 13:44:00,201.37,201.38,201.37,201.38,0.0,16.66,3365.79,1
2023-08-14,2023-08-14 13:45:00,201.38,201.38,201.38,201.38,0.0,16.66,3365.79,0
2023-08-14,2023-08-14 13:46:00,201.38,201.39,201.38,201.39,0.0,16.66,3365.79,1
2023-08-14,2023-08-14 13:47:00,201.39,201.4,201.39,201.4,0.0,16.66,3365.79,1
2023-08-14,2023-08-14 13:48:00,201.4,201.41,201.4,201.41,0.0,16.66,3365.79,1
2023-08-14,2023-08-14 13:49:00,201.41,201.42,201.41,201.42,0.0,16.66,3365.79,1
2023-08-14,2023-08-14 13:50:00,201.42,201.43,201.42,201.43,0.0,16.66,3365.79,1
2023-08-14,2023-08-14 13:51:00,201.43,201.43,201.43,201.43,0.0,16.66,3365.79,0
2023-08-14,2023-08-14 13:52:00,201.43,201.44,201.43,201.44,0.0,16.66,3365.79,1
2023-08-14,2023-08-14 13:53:00,201.44,201.45,201.44,201.45,0.0,16.66,3365.79,1
2023-08-14,2023-08-14 13:54:00,201.45,201.46,201.45,201.46,0.0,16.66,3365.79,1
2023-08-14,2023-08-14 13:55:00,201.46,201.47,201.46,201.47,0.0,16.66,3365.79,1
2023-08-14,2023-08-14 13:56:00,201.47,201.47,201.47,201.47,0.0,16.66,3365.79,0
2023-08-14,2023-08-14 13:57:00,201.47,201.48,201.47,201.48,0.0,16.66,3365.79,1
2023-08-14,2023-08-14 13:58:00,201.48,201.49,201.48,201.49,0.0,16.66,3365.79,1
2023-08-14,2023-08-14 13:59:00,201.49,201.5,201.49,201.5,0.0,16.66,3365.79,1
2023-08-14,2023-08-14 14:00:00,201.5,201.51,201.5,201.51,0.0,16.66,3365.79,1
2023-08-14,2023-08-14 14:01:00,201.51,201.52,201.51,201.52,0.0,16.66,3365.79,1
2023-08-14,2023-08-14 14:02:00,201.52,201.53,201.52,201.53,0.0,16.66,3365.79,1
2023-08-14,2023-08-14 14:03:00,201.53,201.53,201.53,201.53,0.0,16.66,3365.79,0
2023-08-14,2023-08-14 14:04:00,201.53,201.54,201.53,201.54,0.0,16.66,3365.79,1
2023-08-14,2023-08-14 14:05:00,201.54,201.55,201.54,201.55,0.0,16.66,3365.79,1
2023-08-14,2023-08-14 14:06:00,201.55,201.56,201.55,201.56,0.0,16.66,3365.79,1
2023-08-14,2023-08-14 14:07:00,201.56,201.57,201.56,201.57,0.0,16.66,3365.79,1
2023-08-14,2023-08-14 14:08:00,201.57,201.57,201.57,201.57,0.0,16.66,3365.79,0
2023-08-14,2023-08-14 14:09:00,201.57,201.58,201.57,201.58,0.0,16.66,3365.79,1
2023-08-14,2023-08-14 14:10:00,201.58,201.59,201.58,201.59,0.0,16.66,3365.79,1
2023-08-14,2023-08-14 14:11:00,201.59,201.6,201.59,201.6,0.0,16.66,3365.79,1
2023-08-14,2023-08-14 14:12:00,201.6,201.61,201.6,201.61,0.0,16.66,3365.79,1
2023-08-14,2023-08-14 14:13:00,201.61,201.62,201.61,201.62,0.0,16.66,3365.79,1
2023-08-14,2023-08-14 14:14:00,201.62,201.62,201.62,201.62,0.0,16.66,3365.79,0
2023-08-14,2023-08-14 14:15:00,201.62,201.63,201.62,201.63,0.0,16.66,3365.79,1
2023-08-14,2023-08-14 14:16:00,201.63,201.64,201.63,201.64,0.0,16.66,3365.79,1
2023-08-14,2023-08-14 14:17:00,201.64,201.65,201.64,201.65,0.0,16.66,3365.79,1
2023-08-14,2023-08-14 14:18:00,201.65,201.66,201.65,201.66,0.0,16.66,3365.79,1
2023-08-14,2023-08-14 14:19:00,201.66,201.67,201.66,201.67,0.0,16.66,3365.79,1
2023-08-14,2023-08-14 14:20:00,201.67,201.68,201.67,201.68,0.0,16.66,3365.79,1
2023-08-14,2023-08-14 14:21:00,201.68,201.68,201.68,201.68,0.0,16.66,3365.79,0
2023-08-14,2023-08-14 14:22:00,201.68,201.69,201.68,201.69,0.0,16.66,3365.79,1
2023-08-14,2023-08-14 14:23:00,201.69,201.7,201.69,201.7,0.0,16.66,3365.79,1
2023-08-14,2023-08-14 14:24:00,201.7,201.71,201.7,201.71,0.0,16.66,3365.79,1
2023-08-14,2023-08-14 14:25:00,201.71,201.72,201.71,201.72,0.0,16.66,3365.79,1
2023-08-14,2023-08-14 14:26:00,201.72,201.72,201.72,201.72,0.0,16.66,3365.79,0
2023-08-14,2023-08-14 14:27:00,201.72,201.73,201.72,201.73,0.0,16.66,3365.79,1
2023-08-14,2023-08-14 14:28:00,201.73,201.74,201.73,201.74,0.0,16.66,3365.79,1
2023-08-14,2023-08-14 14:29:00,201.74,201.75,201.74,201.75,0.0,16.66,3365.79,1
2023-08-14,2023-08-14 14:30:00,201.75,201.76,201.75,201.76,0.0,16.66,3365.79,1
2023-08-14,2023-08-14 14:31:00,201.76,201.77,201.76,201.77,0.0,16.66,3365.79,1
2023-08-14,2023-08-14 14:32:00,201.77,201.78,201.77,201.78,0.0,16.66,3365.79,1
2023-08-14,2023-08-14 14:33:00,201.78,201.78,201.78,201.78,0.0,16.66,3365.79,0
2023-08-14,2023-08-14 14:34:00,201.78,201.79,201.78,201.79,0.0,16.66,3365.79,1
2023-08-14,2023-08-14 14:35:00,201.79,201.8,201.79,201.8,0.0,16.66,3365.79,1
2023-08-14,2023-08-14 14:36:00,201.8,201.81,201.8,201.81,0.0,16.66,3365.79,1
2023-08-14,2023-08-14 14:37:00,201.81,201.82,201.81,201.82,0.0,16.66,3365.79,1
2023-08-14,2023-08-14 14:38:00,201.82,201.82,201.82,201.82,0.0,16.66,3365.79,0
2023-08-14,2023-08-14 14:39:00,201.82,201.83,201.82,201.83,0.0,16.66,3365.79,1
2023-08-14,2023-08-14 14:40:00,201.83,201.84,201.83,201.84,0.0,16.66,3365.79,1
2023-08-14,2023-08-14 14:41:00,201.84,201.85,201.84,201.85,0.0,16.66,3365.79,1
2023-08-14,2023-08-14 14:42:00,201.85,201.86,201.85,201.86,0.0,16.66,3365.79,1
2023-08-14,2023-08-14 14:43:00,201.86,201.87,201.86,201.87,0.0,16.66,3365.79,1
2023-08-14,2023-08-14 14:44:00,201.87,201.88,201.87,201.88,0.0,16.66,3365.79,1
2023-08-14,2023-08-14 14:45:00,201.88,201.88,201.88,201.88,0.0,16.66,3365.79,0
2023-08-14,2023-08-14 14:46:00,201.88,201.89,201.88,201.89,0.0,16.66,3365.79,1
2023-08-14,2023-08-14 14:47:00,201.89,201.9,201.89,201.9,0.0,16.66,3365.79,1
2023-08-14,2023-08-14 14:48:00,201.9,201.91,201.9,201.91,0.0,16.66,3365.79,1
2023-08-14,2023-08-14 14:49:00,201.91,201.92,201.91,201.92,0.0,16.66,3365.79,1
2023-08-14,2023-08-14 14:50:00,201.92,201.93,201.92,201.93,0.0,16.66,3365.79,1
2023-08-14,2023-08-14 14:51:00,201.93,201.93,201.93,201.93,0.0,16.66,3365.79,0
2023-08-14,2023-08-14 14:52:00,201.93,201.94,201.93,201.94,0.0,16.66,3365.79,1
2023-08-14,2023-08-14 14:53:00,201.94,201.95,201.94,201.95,0.0,16.66,3365.79,1
2023-08-14,2023-08-14 14:54:00,201.95,201.96,201.95,201.96,0.0,16.66,3365.79,1
2023-08-14,2023-08-14 14:55:00,201.96,201.97,201.96,201.97,0.0,16.66,3365.79,1
2023-08-14,2023-08-14 14:56:00,201.97,201.97,201.97,201.97,0.0,16.66,3365.79,0
2023-08-14,2023-08-14 14:57:00,201.97,201.98,201.97,201.98,0.0,16.66,3365.79,1
2023-08-14,2023-08-14 14:58:00,201.98,201.99,201.98,201.99,0.0,16.66,3365.79,1
2023-08-14,2023-08-14 14:59:00,201.99,202.0,201.99,202.0,0.0,16.66,3365.79,1
2023-08-14,2023-08-14 15:00:00,202.0,208.0,200.0,202.0,0.0,16.66,3365.79,0
2023-08-15,2023-08-15 11:00:00,200.0,200.6,199.43,199.99,-0.0,18.9,3776.99,-1
2023-08-15,2023-08-15 11:01:00,199.99,199.99,199.98,199.98,-0.01,18.9,3776.99,-1
2023-08-15,2023-08-15 11:02:00,199.98,199.98,199.98,199.98,0.0,18.9,3776.99,0
2023-08-15,2023-08-15 11:03:00,199.98,199.98,199.97,199.97,-0.01,18.9,3776.99,-1
2023-08-15,2023-08-15 11:04:00,199.97,199.97,199.96,199.96,-0.01,18.9,3776.99,-1
2023-08-15,2023-08-15 11:05:00,199.96,199.96,199.95,199.95,-0.01,18.9,3776.99,-1
2023-08-15,2023-08-15 11:06:00,199.95,199.95,199.94,199.94,-0.01,18.9,3776.99,-1
2023-08-15,2023-08-15 11:07:00,199.94,199.94,199.94,199.94,0.0,18.9,3776.99,0
2023-08-15,2023-08-15 11:08:00,199.94,199.94,199.93,199.93,-0.01,18.9,3776.99,-1
2023-08-15,2023-08-15 11:09:00,199.93,199.93,199.92,199.92,-0.01,18.9,3776.99,-1
2023-08-15,2023-08-15 11:10:00,199.92,199.92,199.91,199.91,-0.01,18.9,3776.99,-1
2023-08-15,2023-08-15 11:11:00,199.91,199.91,199.91,199.91,0.0,18.9,3776.99,0
2023-08-15,2023-08-15 11:12:00,199.91,199.91,199.9,199.9,-0.01,18.9,3776.99,-1
2023-08-15,2023-08-15 11:13:00,199.9,199.9,199.89,199.89,-0.01,18.9,3776.99,-1
2023-08-15,2023-08-15 11:14:00,199.89,199.89,199.88,199.88,-0.01,18.9,3776.99,-1
2023-08-15,2023-08-15 11:15:00,199.88,199.88,199.87,199.87,-0.01,18.9,3776.99,-1
2023-08-15,2023-08-15 11:16:00,199.87,199.87,199.87,199.87,0.0,18.9,3776.99,0
2023-08-15,2023-08-15 11:17:00,199.87,199.87,199.86,199.86,-0.01,18.9,3776.99,-1
2023-08-15,2023-08-15 11:18:00,199.86,199.86,199.85,199.85,-0.01,18.9,3776.99,-1
2023-08-15,2023-08-15 11:19:00,199.85,199.85,199.84,199.84,-0.01,18.9,3776.99,-1
2023-08-15,2023-08-15 11:20:00,199.84,199.84,199.83,199.83,-0.01,18.9,3776.99,-1
2023-08-15,2023-08-15 11:21:00,199.83,199.83,199.83,199.83,0.0,18.9,3776.99,0
2023-08-15,2023-08-15 11:22:00,199.83,199.83,199.82,199.82,-0.01,18.9,3776.99,-1
2023-08-15,2023-08-15 11:23:00,199.82,199.82,199.81,199.81,-0.01,18.9,3776.99,-1
2023-08-15,2023-08-15 11:24:00,199.81,199.81,199.8,199.8,-0.01,18.9,3776.99,-1
2023-08-15,2023-08-15 11:25:00,199.8,199.8,199.79,199.79,-0.01,18.9,3776.99,-1
2023-08-15,2023-08-15 11:26:00,199.79,199.79,199.79,199.79,0.0,18.9,3776.99,0
2023-08-15,2023-08-15 11:27:00,199.79,199.79,199.78,199.78,-0.01,18.9,3776.99,-1
2023-08-15,2023-08-15 11:28:00,199.78,199.78,199.77,199.77,-0.01,18.9,3776.99,-1
2023-08-15,2023-08-15 11:29:00,199.77,199.77,199.76,199.76,-0.01,18.9,3776.99,-1
2023-08-15,2023-08-15 11:30:00,199.76,199.76,199.75,199.75,-0.01,18.9,3776.99,-1
2023-08-15,2023-08-15 11:31:00,199.75,199.75,199.75,199.75,0.0,18.9,3776.99,0
2023-08-15,2023-08-15 11:32:00,199.75,199.75,199.74,199.74,-0.01,18.9,3776.99,-1
2023-08-15,2023-08-15 11:33:00,199.74,199.74,199.73,199.73,-0.01,18.9,3776.99,-1
2023-08-15,2023-08-15 11:34:00,199.73,199.73,199.72,199.72,-0.01,18.9,3776.99,-1
2023-08-15,2023-08-15 11:35:00,199.72,199.72,199.72,199.72,0.0,18.9,3776.99,0
2023-08-15,2023-08-15 11:36:00,199.72,199.72,199.71,199.71,-0.01,18.9,3776.99,-1
2023-08-15,2023-08-15 11:37:00,199.71,199.71,199.7,199.7,-0.01,18.9,3776.99,-1
2023-08-15,2023-08-15 11:38:00,199.7,199.7,199.69,199.69,-0.01,18.9,3776.99,-1
2023-08-15,2023-08-15 11:39:00,199.69,199.69,199.68,199.68,-0.01,18.9,3776.99,-1
2023-08-15,2023-08-15 11:40:00,199.68,199.68,199.68,199.68,0.0,18.9,3776.99,0
2023-08-15,2023-08-15 11:41:00,199.68,199.68,199.67,199.67,-0.01,18.9,3776.99,-1
2023-08-15,2023-08-15 11:42:00,199.67,199.67,199.66,199.66,-0.01,18.9,3776.99,-1
2023-08-15,2023-08-15 11:43:00,199.66,199.66,199.65,199.65,-0.01,18.9,3776.99,-1
2023-08-15,2023-08-15 11:44:00,199.65,199.65,199.64,199.64,-0.01,18.9,3776.99,-1
2023-08-15,2023-08-15 11:45:00,199.64,199.64,199.64,199.64,0.0,18.9,3776.99,0
2023-08-15,2023-08-15 11:46:00,199.64,199.64,199.63,199.63,-0.01,18.9,3776.99,-1
2023-08-15,2023-08-15 11:47:00,199.63,199.63,199.62,199.62,-0.01,18.9,3776.99,-1
2023-08-15,2023-08-15 11:48:00,199.62,199.62,199.61,199.61,-0.01,18.9,3776.99,-1
2023-08-15,2023-08-15 11:49:00,199.61,199.61,199.6,199.6,-0.01,18.9,3776.99,-1
2023-08-15,2023-08-15 11:50:00,199.6,199.6,199.6,199.6,0.0,18.9,3776.99,0
2023-08-15,2023-08-15 11:51:00,199.6,199.6,199.59,199.59,-0.01,18.9,3776.99,-1
2023-08-15,2023-08-15 11:52:00,199.59,199.59,199.58,199.58,-0.01,18.9,3776.99,-1
2023-08-15,2023-08-15 11:53:00,199.58,199.58,199.57,199.57,-0.01,18.9,3776.99,-1
2023-08-15,2023-08-15 11:54:00,199.57,199.57,199.56,199.56,-0.01,18.9,3776.99,-1
2023-08-15,2023-08-15 11:55:00,199.56,199.56,199.56,199.56,0.0,18.9,3776.99,0
2023-08-15,2023-08-15 11:56:00,199.56,199.56,199.55,199.55,-0.01,18.9,3776.99,-1
2023-08-15,2023-08-15 11:57:00,199.55,199.55,199.54,199.54,-0.01,18.9,3776.99,-1
2023-08-15,2023-08-15 11:58:00,199.54,199.54,199.53,199.53,-0.01,18.9,3776.99,-1
2023-08-15,2023-08-15 11:59:00,199.53,199.53,199.53,199.53,0.0,18.9,3776.99,0
2023-08-15,2023-08-15 12:00:00,199.53,199.53,199.52,199.52,-0.01,18.9,3776.99,-1
2023-08-15,2023-08-15 12:01:00,199.52,199.52,199.51,199.51,-0.01,18.9,3776.99,-1
2023-08-15,2023-08-15 12:02:00,199.51,199.51,199.5,199.5,-0.01,18.9,3776.99,-1
2023-08-15,2023-08-15 12:03:00,199.5,199.5,199.49,199.49,-0.01,18.9,3776.99,-1
2023-08-15,2023-08-15 12:04:00,199.49,199.49,199.49,199.49,0.0,18.9,3776.99,0
2023-08-15,2023-08-15 12:05:00,199.49,199.49,199.48,199.48,-0.01,18.9,3776.99,-1
2023-08-15,2023-08-15 12:06:00,199.48,199.48,199.47,199.47,-0.01,18.9,3776.99,-1
2023-08-15,2023-08-15 12:07:00,199.47,199.47,199.46,199.46,-0.01,18.9,3776.99,-1
2023-08-15,2023-08-15 12:08:00,199.46,199.46,199.45,199.45,-0.01,18.9,3776.99,-1
2023-08-15,2023-08-15 12:09:00,199.45,199.45,199.45,199.45,0.0,18.9,3776.99,0
2023-08-15,2023-08-15 12:10:00,199.45,199.45,199.44,199.44,-0.01,18.9,3776.99,-1
2023-08-15,2023-08-15 12:11:00,199.44,199.44,199.43,199.43,-0.01,18.9,3776.99,-1
2023-08-15,2023-08-15 12:12:00,199.43,199.43,199.42,199.42,-0.01,18.9,3776.99,-1
2023-08-15,2023-08-15 12:13:00,199.42,199.42,199.41,199.41,-0.01,18.9,3776.99,-1
2023-08-15,2023-08-15 12:14:00,199.41,199.41,199.41,199.41,0.0,18.9,3776.99,0
2023-08-15,2023-08-15 12:15:00,199.41,199.41,199.4,199.4,-0.01,18.9,3776.99,-1
2023-08-15,2023-08-15 12:16:00,199.4,199.4,199.39,199.39,-0.01,18.9,3776.99,-1
2023-08-15,2023-08-15 12:17:00,199.39,199.39,199.38,199.38,-0.01,18.9,3776.99,-1
2023-08-15,2023-08-15 12:18:00,199.38,199.38,199.37,199.37,-0.01,18.9,3776.99,-1
2023-08-15,2023-08-15 12:19:00,199.37,199.37,199.37,199.37,0.0,18.9,3776.99,0
2023-08-15,2023-08-15 12:20:00,199.37,199.37,199.36,199.36,-0.01,18.9,3776.99,-1
2023-08-15,2023-08-15 12:21:00,199.36,199.36,199.35,199.35,-0.01,18.9,3776.99,-1
2023-08-15,2023-08-15 12:22:00,199.35,199.35,199.34,199.34,-0.01,18.9,3776.99,-1
2023-08-15,2023-08-15 12:23:00,199.34,199.34,199.34,199.34,0.0,18.9,3776.99,0
2023-08-15,2023-08-15 12:24:00,199.34,199.34,199.33,199.33,-0.01,18.9,3776.99,-1
2023-08-15,2023-08-15 12:25:00,199.33,199.33,199.32,199.32,-0.01,18.9,3776.99,-1
2023-08-15,2023-08-15 12:26:00,199.32,199.32,199.31,199.31,-0.01,18.9,3776.99,-1
2023-08-15,2023-08-15 12:27:00,199.31,199.31,199.3,199.3,-0.01,18.9,3776.99,-1
2023-08-15,2023-08-15 12:28:00,199.3,199.3,199.3,199.3,0.0,18.9,3776.99,0
2023-08-15,2023-08-15 12:29:00,199.3,199.3,199.29,199.29,-0.01,18.9,3776.99,-1
2023-08-15,2023-08-15 12:30:00,199.29,199.29,199.28,199.28,-0.01,18.9,3776.99,-1
2023-08-15,2023-08-15 12:31:00,199.28,199.28,199.27,199.27,-0.01,18.9,3776.99,-1
2023-08-15,2023-08-15 12:32:00,199.27,199.27,199.26,199.26,-0.01,18.9,3776.99,-1
2023-08-15,2023-08-15 12:33:00,199.26,199.26,199.26,199.26,0.0,18.9,3776.99,0
2023-08-15,2023-08-15 12:34:00,199.26,199.26,199.25,199.25,-0.01,18.9,3776.99,-1
2023-08-15,2023-08-15 12:35:00,199.25,199.25,199.24,199.24,-0.01,18.9,3776.99,-1
2023-08-15,2023-08-15 12:36:00,199.24,199.24,199.23,199.23,-0.01,18.9,3776.99,-1
2023-08-15,2023-08-15 12:37:00,199.23,199.23,199.22,199.22,-0.01,18.9,3776.99,-1
2023-08-15,2023-08-15 12:38:00,199.22,199.22,199.22,199.22,0.0,18.9,3776.99,0
2023-08-15,2023-08-15 12:39:00,199.22,199.22,199.21,199.21,-0.01,18.9,3776.99,-1
2023-08-15,2023-08-15 12:40:00,199.21,199.21,199.2,199.2,-0.01,18.9,3776.99,-1
2023-08-15,2023-08-15 12:41:00,199.2,199.2,199.19,199.19,-0.01,18.9,3776.99,-1
2023-08-15,2023-08-15 12:42:00,199.19,199.19,199.18,199.18,-0.01,18.9,3776.99,-1
2023-08-15,2023-08-15 12:43:00,199.18,199.18,199.18,199.18,0.0,18.9,3776.99,0
2023-08-15,2023-08-15 12:44:00,199.18,199.18,199.17,199.17,-0.01,18.9,3776.99,-1
2023-08-15,2023-08-15 12:45:00,199.17,199.17,199.16,199.16,-0.01,18.9,3776.99,-1
2023-08-15,2023-08-15 12:46:00,199.16,199.16,199.15,199.15,-0.01,18.9,3776.99,-1
2023-08-15,2023-08-15 12:47:00,199.15,199.15,199.15,199.15,0.0,18.9,3776.99,0
2023-08-15,2023-08-15 12:48:00,199.15,199.15,199.14,199.14,-0.01,18.9,3776.99,-1
2023-08-15,2023-08-15 12:49:00,199.14,199.14,199.13,199.13,-0.01,18.9,3776.99,-1
2023-08-15,2023-08-15 12:50:00,199.13,199.13,199.12,199.12,-0.01,18.9,3776.99,-1
2023-08-15,2023-08-15 12:51:00,199.12,199.12,199.11,199.11,-0.01,18.9,3776.99,-1
2023-08-15,2023-08-15 12:52:00,199.11,199.11,199.11,199.11,0.0,18.9,3776.99,0
2023-08-15,2023-08-15 12:53:00,199.11,199.11,199.1,199.1,-0.01,18.9,3776.99,-1
2023-08-15,2023-08-15 12:54:00,199.1,199.1,199.09,199.09,-0.01,18.9,3776.99,-1
2023-08-15,2023-08-15 12:55:00,199.09,199.09,199.08,199.08,-0.01,18.9,3776.99,-1
2023-08-15,2023-08-15 12:56:00,199.08,199.08,199.07,199.07,-0.01,18.9,3776.99,-1
2023-08-15,2023-08-15 12:57:00,199.07,199.07,199.07,199.07,0.0,18.9,3776.99,0
2023-08-15,2023-08-15 12:58:00,199.07,199.07,199.06,199.06,-0.01,18.9,3776.99,-1
2023-08-15,2023-08-15 12:59:00,199.06,199.06,199.05,199.05,-0.01,18.9,3776.99,-1
2023-08-15,2023-08-15 13:00:00,199.05,202.0,198.1,199.04,-0.01,18.9,3776.99,-1
2023-08-15,2023-08-15 13:01:00,199.04,199.04,199.03,199.03,-0.01,18.9,3776.99,-1
2023-08-15,2023-08-15 13:02:00,199.03,199.03,199.03,199.03,0.0,18.9,3776.99,0
2023-08-15,2023-08-15 13:03:00,199.03,199.03,199.02,199.02,-0.01,18.9,3776.99,-1
2023-08-15,2023-08-15 13:04:00,199.02,199.02,199.01,199.01,-0.01,18.9,3776.99,-1
2023-08-15,2023-08-15 13:05:00,199.01,199.01,199.0,199.0,-0.01,18.9,3776.99,-1
2023-08-15,2023-08-15 13:06:00,199.0,199.0,198.99,198.99,-0.01,18.9,3776.99,-1
2023-08-15,2023-08-15 13:07:00,198.99,198.99,198.99,198.99,0.0,18.9,3776.99,0
2023-08-15,2023-08-15 13:08:00,198.99,198.99,198.98,198.98,-0.01,18.9,3776.99,-1
2023-08-15,2023-08-15 13:09:00,198.98,198.98,198.97,198.97,-0.01,18.9,3776.99,-1
2023-08-15,2023-08-15 13:10:00,198.97,198.97,198.96,198.96,-0.01,18.9,3776.99,-1
2023-08-15,2023-08-15 13:11:00,198.96,198.96,198.95,198.95,-0.01,18.9,3776.99,-1
2023-08-15,2023-08-15 13:12:00,198.95,198.95,198.95,198.95,0.0,18.9,3776.99,0
2023-08-15,2023-08-15 13:13:00,198.95,198.95,198.94,198.94,-0.01,18.9,3776.99,-1
2023-08-15,2023-08-15 13:14:00,198.94,198.94,198.93,198.93,-0.01,18.9,3776.99,-1
2023-08-15,2023-08-15 13:15:00,198.93,198.93,198.92,198.92,-0.01,18.9,3776.99,-1
2023-08-15,2023-08-15 13:16:00,198.92,198.92,198.92,198.92,0.0,18.9,3776.99,0
2023-08-15,2023-08-15 13:17:00,198.92,198.92,198.91,198.91,-0.01,18.9,3776.99,-1
2023-08-15,2023-08-15 13:18:00,198.91,198.91,198.9,198.9,-0.01,18.9,3776.99,-1
2023-08-15,2023-08-15 13:19:00,198.9,198.9,198.89,198.89,-0.01,18.9,3776.99,-1
2023-08-15,2023-08-15 13:20:00,198.89,198.89,198.88,198.88,-0.01,18.9,3776.99,-1
2023-08-15,2023-08-15 13:21:00,198.88,198.88,198.88,198.88,0.0,18.9,3776.99,0
2023-08-15,2023-08-15 13:22:00,198.88,198.88,198.87,198.87,-0.01,18.9,3776.99,-1
2023-08-15,2023-08-15 13:23:00,198.87,198.87,198.86,198.86,-0.01,18.9,3776.99,-1
2023-08-15,2023-08-15 13:24:00,198.86,198.86,198.85,198.85,-0.01,18.9,3776.99,-1
2023-08-15,2023-08-15 13:25:00,198.85,198.85,198.84,198.84,-0.01,18.9,3776.99,-1
2023-08-15,2023-08-15 13:26:00,198.84,198.84,198.84,198.84,0.0,18.9,3776.99,0
2023-08-15,2023-08-15 13:27:00,198.84,198.84,198.83,198.83,-0.01,18.9,3776.99,-1
2023-08-15,2023-08-15 13:28:00,198.83,198.83,198.82,198.82,-0.01,18.9,3776.99,-1
2023-08-15,2023-08-15 13:29:00,198.82,198.82,198.81,198.81,-0.01,18.9,3776.99,-1
2023-08-15,2023-08-15 13:30:00,198.81,198.81,198.8,198.8,-0.01,18.9,3776.99,-1
2023-08-15,2023-08-15 13:31:00,198.8,198.8,198.8,198.8,0.0,18.9,3776.99,0
2023-08-15,2023-08-15 13:32:00,198.8,198.8,198.79,198.79,-0.01,18.9,3776.99,-1
2023-08-15,2023-08-15 13:33:00,198.79,198.79,198.78,198.78,-0.01,18.9,3776.99,-1
2023-08-15,2023-08-15 13:34:00,198.78,198.78,198.77,198.77,-0.01,18.9,3776.99,-1
2023-08-15,2023-08-15 13:35:00,198.77,198.77,198.76,198.76,-0.01,18.9,3776.99,-1
2023-08-15,2023-08-15 13:36:00,198.76,198.76,198.76,198.76,0.0,18.9,3776.99,0
2023-08-15,2023-08-15 13:37:00,198.76,198.76,198.75,198.75,-0.01,18.9,3776.99,-1
2023-08-15,2023-08-15 13:38:00,198.75,198.75,198.74,198.74,-0.01,18.9,3776.99,-1
2023-08-15,2023-08-15 13:39:00,198.74,198.74,198.73,198.73,-0.01,18.9,3776.99,-1
2023-08-15,2023-08-15 13:40:00,198.73,198.73,198.73,198.73,0.0,18.9,3776.99,0
2023-08-15,2023-08-15 13:41:00,198.73,198.73,198.72,198.72,-0.01,18.9,3776.99,-1
2023-08-15,2023-08-15 13:42:00,198.72,198.72,198.71,198.71,-0.01,18.9,3776.99,-1
2023-08-15,2023-08-15 13:43:00,198.71,198.71,198.7,198.7,-0.01,18.9,3776.99,-1
2023-08-15,2023-08-15 13:44:00,198.7,198.7,198.69,198.69,-0.01,18.9,3776.99,-1
2023-08-15,2023-08-15 13:45:00,198.69,198.69,198.69,198.69,0.0,18.9,3776.99,0
2023-08-15,2023-08-15 13:46:00,198.69,198.69,198.68,198.68,-0.01,18.9,3776.99,-1
2023-08-15,2023-08-15 13:47:00,198.68,198.68,198.67,198.67,-0.01,18.9,3776.99,-1
2023-08-15,2023-08-15 13:48:00,198.67,198.67,198.66,198.66,-0.01,18.9,3776.99,-1
2023-08-15,2023-08-15 13:49:00,198.66,198.66,198.65,198.65,-0.01,18.9,3776.99,-1
2023-08-15,2023-08-15 13:50:00,198.65,198.65,198.65,198.65,0.0,18.9,3776.99,0
2023-08-15,2023-08-15 13:51:00,198.65,198.65,198.64,198.64,-0.01,18.9,3776.99,-1
2023-08-15,2023-08-15 13:52:00,198.64,198.64,198.63,198.63,-0.01,18.9,3776.99,-1
2023-08-15,2023-08-15 13:53:00,198.63,198.63,198.62,198.62,-0.01,18.9,3776.99,-1
2023-08-15,2023-08-15 13:54:00,198.62,198.62,198.61,198.61,-0.01,18.9,3776.99,-1
2023-08-15,2023-08-15 13:55:00,198.61,198.61,198.61,198.61,0.0,18.9,3776.99,0
2023-08-15,2023-08-15 13:56:00,198.61,198.61,198.6,198.6,-0.01,18.9,3776.99,-1
2023-08-15,2023-08-15 13:57:00,198.6,198.6,198.59,198.59,-0.01,18.9,3776.99,-1
2023-08-15,2023-08-15 13:58:00,198.59,198.59,198.58,198.58,-0.01,18.9,3776.99,-1
2023-08-15,2023-08-15 13:59:00,198.58,198.58,198.57,198.57,-0.01,18.9,3776.99,-1
2023-08-15,2023-08-15 14:00:00,198.57,198.57,198.57,198.57,0.0,18.9,3776.99,0
2023-08-15,2023-08-15 14:01:00,198.57,198.57,198.56,198.56,-0.01,18.9,3776.99,-1
2023-08-15,2023-08-15 14:02:00,198.56,198.56,198.55,198.55,-0.01,18.9,3776.99,-1
2023-08-15,2023-08-15 14:03:00,198.55,198.55,198.54,198.54,-0.01,18.9,3776.99,-1
2023-08-15,2023-08-15 14:04:00,198.54,198.54,198.54,198.54,0.0,18.9,3776.99,0
2023-08-15,2023-08-15 14:05:00,198.54,198.54,198.53,198.53,-0.01,18.9,3776.99,-1
2023-08-15,2023-08-15 14:06:00,198.53,198.53,198.52,198.52,-0.01,18.9,3776.99,-1
2023-08-15,2023-08-15 14:07:00,198.52,198.52,198.51,198.51,-0.01,18.9,3776.99,-1
2023-08-15,2023-08-15 14:08:00,198.51,198.51,198.5,198.5,-0.01,18.9,3776.99,-1
2023-08-15,2023-08-15 14:09:00,198.5,198.5,198.5,198.5,0.0,18.9,3776.99,0
2023-08-15,2023-08-15 14:10:00,198.5,198.5,198.49,198.49,-0.01,18.9,3776.99,-1
2023-08-15,2023-08-15 14:11:00,198.49,198.49,198.48,198.48,-0.01,18.9,3776.99,-1
2023-08-15,2023-08-15 14:12:00,198.48,198.48,198.47,198.47,-0.01,18.9,3776.99,-1
2023-08-15,2023-08-15 14:13:00,198.47,198.47,198.46,198.46,-0.01,18.9,3776.99,-1
2023-08-15,2023-08-15 14:14:00,198.46,198.46,198.46,198.46,0.0,18.9,3776.99,0
2023-08-15,2023-08-15 14:15:00,198.46,198.46,198.45,198.45,-0.01,18.9,3776.99,-1
2023-08-15,2023-08-15 14:16:00,198.45,198.45,198.44,198.44,-0.01,18.9,3776.99,-1
2023-08-15,2023-08-15 14:17:00,198.44,198.44,198.43,198.43,-0.01,18.9,3776.99,-1
2023-08-15,2023-08-15 14:18:00,198.43,198.43,198.42,198.42,-0.01,18.9,3776.99,-1
2023-08-15,2023-08-15 14:19:00,198.42,198.42,198.42,198.42,0.0,18.9,3776.99,0
2023-08-15,2023-08-15 14:20:00,198.42,198.42,198.41,198.41,-0.01,18.9,3776.99,-1
2023-08-15,2023-08-15 14:21:00,198.41,198.41,198.4,198.4,-0.01,18.9,3776.99,-1
2023-08-15,2023-08-15 14:22:00,198.4,198.4,198.39,198.39,-0.01,18.9,3776.99,-1
2023-08-15,2023-08-15 14:23:00,198.39,198.39,198.38,198.38,-0.01,18.9,3776.99,-1
2023-08-15,2023-08-15 14:24:00,198.38,198.38,198.38,198.38,0.0,18.9,3776.99,0
2023-08-15,2023-08-15 14:25:00,198.38,198.38,198.37,198.37,-0.01,18.9,3776.99,-1
2023-08-15,2023-08-15 14:26:00,198.37,198.37,198.36,198.36,-0.01,18.9,3776.99,-1
2023-08-15,2023-08-15 14:27:00,198.36,198.36,198.35,198.35,-0.01,18.9,3776.99,-1
2023-08-15,2023-08-15 14:28:00,198.35,198.35,198.35,198.35,0.0,18.9,3776.99,0
2023-08-15,2023-08-15 14:29:00,198.35,198.35,198.34,198.34,-0.01,18.9,3776.99,-1
2023-08-15,2023-08-15 14:30:00,198.34,198.34,198.33,198.33,-0.01,18.9,3776.99,-1
2023-08-15,2023-08-15 14:31:00,198.33,198.33,198.32,198.32,-0.01,18.9,3776.99,-1
2023-08-15,2023-08-15 14:32:00,198.32,198.32,198.31,198.31,-0.01,18.9,3776.99,-1
2023-08-15,2023-08-15 14:33:00,198.31,198.31,198.31,198.31,0.0,18.9,3776.99,0
2023-08-15,2023-08-15 14:34:00,198.31,198.31,198.3,198.3,-0.01,18.9,3776.99,-1
2023-08-15,2023-08-15 14:35:00,198.3,198.3,198.29,198.29,-0.01,18.9,3776.99,-1
2023-08-15,2023-08-15 14:36:00,198.29,198.29,198.28,198.28,-0.01,18.9,3776.99,-1
2023-08-15,2023-08-15 14:37:00,198.28,198.28,198.27,198.27,-0.01,18.9,3776.99,-1
2023-08-15,2023-08-15 14:38:00,198.27,198.27,198.27,198.27,0.0,18.9,3776.99,0
2023-08-15,2023-08-15 14:39:00,198.27,198.27,198.26,198.26,-0.01,18.9,3776.99,-1
2023-08-15,2023-08-15 14:40:00,198.26,198.26,198.25,198.25,-0.01,18.9,3776.99,-1
2023-08-15,2023-08-15 14:41:00,198.25,198.25,198.24,198.24,-0.01,18.9,3776.99,-1
2023-08-15,2023-08-15 14:42:00,198.24,198.24,198.23,198.23,-0.01,18.9,3776.99,-1
2023-08-15,2023-08-15 14:43:00,198.23,198.23,198.23,198.23,0.0,18.9,3776.99,0
2023-08-15,2023-08-15 14:44:00,198.23,198.23,198.22,198.22,-0.01,18.9,3776.99,-1
2023-08-15,2023-08-15 14:45:00,198.22,198.22,198.21,198.21,-0.01,18.9,3776.99,-1
2023-08-15,2023-08-15 14:46:00,198.21,198.21,198.2,198.2,-0.01,18.9,3776.99,-1
2023-08-15,2023-08-15 14:47:00,198.2,198.2,198.19,198.19,-0.01,18.9,3776.99,-1
2023-08-15,2023-08-15 14:48:00,198.19,198.19,198.19,198.19,0.0,18.9,3776.99,0
2023-08-15,2023-08-15 14:49:00,198.19,198.19,198.18,198.18,-0.01,18.9,3776.99,-1
2023-08-15,2023-08-15 14:50:00,198.18,198.18,198.17,198.17,-0.01,18.9,3776.99,-1
2023-08-15,2023-08-15 14:51:00,198.17,198.17,198.16,198.16,-0.01,18.9,3776.99,-1
2023-08-15,2023-08-15 14:52:00,198.16,198.16,198.16,198.16,0.0,18.9,3776.99,0
2023-08-15,2023-08-15 14:53:00,198.16,198.16,198.15,198.15,-0.01,18.9,3776.99,-1
2023-08-15,2023-08-15 14:54:00,198.15,198.15,198.14,198.14,-0.01,18.9,3776.99,-1
2023-08-15,2023-08-15 14:55:00,198.14,198.14,198.13,198.13,-0.01,18.9,3776.99,-1
2023-08-15,2023-08-15 14:56:00,198.13,198.13,198.12,198.12,-0.01,18.9,3776.99,-1
2023-08-15,2023-08-15 14:57:00,198.12,198.12,198.12,198.12,0.0,18.9,3776.99,0
2023-08-15,2023-08-15 14:58:00,198.12,198.12,198.11,198.11,-0.01,18.9,3776.99,-1
2023-08-15,2023-08-15 14:59:00,198.11,198.11,198.1,198.1,-0.01,18.9,3776.99,-1
2023-08-15,2023-08-15 15:00:00,198.1,202.0,198.1,198.1,0.0,18.9,3776.99,0
2023-08-16,2023-08-16 11:00:00,195.0,195.9,194.16,195.0,0.0,24.98,4875.85,0
2023-08-16,2023-08-16 11:01:00,195.0,195.01,195.0,195.01,0.01,24.98,4875.85,1
2023-08-16,2023-08-16 11:02:00,195.01,195.01,195.01,195.01,0.0,24.98,4875.85,0
2023-08-16,2023-08-16 11:03:00,195.01,195.02,195.01,195.02,0.01,24.98,4875.85,1
2023-08-16,2023-08-16 11:04:00,195.02,195.02,195.02,195.02,0.0,24.98,4875.85,0
2023-08-16,2023-08-16 11:05:00,195.02,195.03,195.02,195.03,0.01,24.98,4875.85,1
2023-08-16,2023-08-16 11:06:00,195.03,195.03,195.03,195.03,0.0,24.98,4875.85,0
2023-08-16,2023-08-16 11:07:00,195.03,195.03,195.03,195.03,0.0,24.98,4875.85,0
2023-08-16,2023-08-16 11:08:00,195.03,195.04,195.03,195.04,0.01,24.98,4875.85,1
2023-08-16,2023-08-16 11:09:00,195.04,195.04,195.04,195.04,0.0,24.98,4875.85,0
2023-08-16,2023-08-16 11:10:00,195.04,195.05,195.04,195.05,0.01,24.98,4875.85,1
2023-08-16,2023-08-16 11:11:00,195.05,195.05,195.05,195.05,0.0,24.98,4875.85,0
2023-08-16,2023-08-16 11:12:00,195.05,195.05,195.05,195.05,0.0,24.98,4875.85,0
2023-08-16,2023-08-16 11:13:00,195.05,195.06,195.05,195.06,0.01,24.98,4875.85,1
2023-08-16,2023-08-16 11:14:00,195.06,195.06,195.06,195.06,0.0,24.98,4875.85,0
2023-08-16,2023-08-16 11:15:00,195.06,195.07,195.06,195.07,0.01,24.98,4875.85,1
2023-08-16,2023-08-16 11:16:00,195.07,195.07,195.07,195.07,0.0,24.98,4875.85,0
2023-08-16,2023-08-16 11:17:00,195.07,195.07,195.07,195.07,0.0,24.98,4875.85,0
2023-08-16,2023-08-16 11:18:00,195.07,195.08,195.07,195.08,0.01,24.98,4875.85,1
2023-08-16,2023-08-16 11:19:00,195.08,195.08,195.08,195.08,0.0,24.98,4875.85,0
2023-08-16,2023-08-16 11:20:00,195.08,195.09,195.08,195.09,0.01,24.98,4875.85,1
2023-08-16,2023-08-16 11:21:00,195.09,195.09,195.09,195.09,0.0,24.98,4875.85,0
2023-08-16,2023-08-16 11:22:00,195.09,195.1,195.09,195.1,0.01,24.98,4875.85,1
2023-08-16,2023-08-16 11:23:00,195.1,195.1,195.1,195.1,0.0,24.98,4875.85,0
2023-08-16,2023-08-16 11:24:00,195.1,195.1,195.1,195.1,0.0,24.98,4875.85,0
2023-08-16,2023-08-16 11:25:00,195.1,195.11,195.1,195.11,0.01,24.98,4875.85,1
2023-08-16,2023-08-16 11:26:00,195.11,195.11,195.11,195.11,0.0,24.98,4875.85,0
2023-08-16,2023-08-16 11:27:00,195.11,195.12,195.11,195.12,0.01,24.98,4875.85,1
2023-08-16,2023-08-16 11:28:00,195.12,195.12,195.12,195.12,0.0,24.98,4875.85,0
2023-08-16,2023-08-16 11:29:00,195.12,195.12,195.12,195.12,0.0,24.98,4875.85,0
2023-08-16,2023-08-16 11:30:00,195.12,195.13,195.12,195.13,0.01,24.98,4875.85,1
2023-08-16,2023-08-16 11:31:00,195.13,195.13,195.13,195.13,0.0,24.98,4875.85,0
2023-08-16,2023-08-16 11:32:00,195.13,195.14,195.13,195.14,0.01,24.98,4875.85,1
2023-08-16,2023-08-16 11:33:00,195.14,195.14,195.14,195.14,0.0,24.98,4875.85,0
2023-08-16,2023-08-16 11:34:00,195.14,195.15,195.14,195.15,0.01,24.98,4875.85,1
2023-08-16,2023-08-16 11:35:00,195.15,195.15,195.15,195.15,0.0,24.98,4875.85,0
2023-08-16,2023-08-16 11:36:00,195.15,195.15,195.15,195.15,0.0,24.98,4875.85,0
2023-08-16,2023-08-16 11:37:00,195.15,195.16,195.15,195.16,0.01,24.98,4875.85,1
2023-08-16,2023-08-16 11:38:00,195.16,195.16,195.16,195.16,0.0,24.98,4875.85,0
2023-08-16,2023-08-16 11:39:00,195.16,195.17,195.16,195.17,0.01,24.98,4875.85,1
2023-08-16,2023-08-16 11:40:00,195.17,195.17,195.17,195.17,0.0,24.98,4875.85,0
2023-08-16,2023-08-16 11:41:00,195.17,195.18,195.17,195.18,0.01,24.98,4875.85,1
2023-08-16,2023-08-16 11:42:00,195.18,195.18,195.18,195.18,0.0,24.98,4875.85,0
2023-08-16,2023-08-16 11:43:00,195.18,195.18,195.18,195.18,0.0,24.98,4875.85,0
2023-08-16,2023-08-16 11:44:00,195.18,195.19,195.18,195.19,0.01,24.98,4875.85,1
2023-08-16,2023-08-16 11:45:00,195.19,195.19,195.19,195.19,0.0,24.98,4875.85,0
2023-08-16,2023-08-16 11:46:00,195.19,195.2,195.19,195.2,0.01,24.98,4875.85,1
2023-08-16,2023-08-16 11:47:00,195.2,195.2,195.2,195.2,0.0,24.98,4875.85,0
2023-08-16,2023-08-16 11:48:00,195.2,195.2,195.2,195.2,0.0,24.98,4875.85,0
2023-08-16,2023-08-16 11:49:00,195.2,195.21,195.2,195.21,0.01,24.98,4875.85,1
2023-08-16,2023-08-16 11:50:00,195.21,195.21,195.21,195.21,0.0,24.98,4875.85,0
2023-08-16,2023-08-16 11:51:00,195.21,195.22,195.21,195.22,0.01,24.98,4875.85,1
2023-08-16,2023-08-16 11:52:00,195.22,195.22,195.22,195.22,0.0,24.98,4875.85,0
2023-08-16,2023-08-16 11:53:00,195.22,195.22,195.22,195.22,0.0,24.98,4875.85,0
2023-08-16,2023-08-16 11:54:00,195.22,195.23,195.22,195.23,0.01,24.98,4875.85,1
2023-08-16,2023-08-16 11:55:00,195.23,195.23,195.23,195.23,0.0,24.98,4875.85,0
2023-08-16,2023-08-16 11:56:00,195.23,195.24,195.23,195.24,0.01,24.98,4875.85,1
2023-08-16,2023-08-16 11:57:00,195.24,195.24,195.24,195.24,0.0,24.98,4875.85,0
2023-08-16,2023-08-16 11:58:00,195.24,195.25,195.24,195.25,0.01,24.98,4875.85,1
2023-08-16,2023-08-16 11:59:00,195.25,195.25,195.25,195.25,0.0,24.98,4875.85,0
2023-08-16,2023-08-16 12:00:00,195.25,195.25,195.25,195.25,0.0,24.98,4875.85,0
2023-08-16,2023-08-16 12:01:00,195.25,195.26,195.25,195.26,0.01,24.98,4875.85,1
2023-08-16,2023-08-16 12:02:00,195.26,195.26,195.26,195.26,0.0,24.98,4875.85,0
2023-08-16,2023-08-16 12:03:00,195.26,195.27,195.26,195.27,0.01,24.98,4875.85,1
2023-08-16,2023-08-16 12:04:00,195.27,195.27,195.27,195.27,0.0,24.98,4875.85,0
2023-08-16,2023-08-16 12:05:00,195.27,195.28,195.27,195.28,0.01,24.98,4875.85,1
2023-08-16,2023-08-16 12:06:00,195.28,195.28,195.28,195.28,0.0,24.98,4875.85,0
2023-08-16,2023-08-16 12:07:00,195.28,195.28,195.28,195.28,0.0,24.98,4875.85,0
2023-08-16,2023-08-16 12:08:00,195.28,195.29,195.28,195.29,0.01,24.98,4875.85,1
2023-08-16,2023-08-16 12:09:00,195.29,195.29,195.29,195.29,0.0,24.98,4875.85,0
2023-08-16,2023-08-16 12:10:00,195.29,195.3,195.29,195.3,0.01,24.98,4875.85,1
2023-08-16,2023-08-16 12:11:00,195.3,195.3,195.3,195.3,0.0,24.98,4875.85,0
2023-08-16,2023-08-16 12:12:00,195.3,195.3,195.3,195.3,0.0,24.98,4875.85,0
2023-08-16,2023-08-16 12:13:00,195.3,195.31,195.3,195.31,0.01,24.98,4875.85,1
2023-08-16,2023-08-16 12:14:00,195.31,195.31,195.31,195.31,0.0,24.98,4875.85,0
2023-08-16,2023-08-16 12:15:00,195.31,195.32,195.31,195.32,0.01,24.98,4875.85,1
2023-08-16,2023-08-16 12:16:00,195.32,195.32,195.32,195.32,0.0,24.98,4875.85,0
2023-08-16,2023-08-16 12:17:00,195.32,195.32,195.32,195.32,0.0,24.98,4875.85,0
2023-08-16,2023-08-16 12:18:00,195.32,195.33,195.32,195.33,0.01,24.98,4875.85,1
2023-08-16,2023-08-16 12:19:00,195.33,195.33,195.33,195.33,0.0,24.98,4875.85,0
2023-08-16,2023-08-16 12:20:00,195.33,195.34,195.33,195.34,0.01,24.98,4875.85,1
2023-08-16,2023-08-16 12:21:00,195.34,195.34,195.34,195.34,0.0,24.98,4875.85,0
2023-08-16,2023-08-16 12:22:00,195.34,195.35,195.34,195.35,0.01,24.98,4875.85,1
2023-08-16,2023-08-16 12:23:00,195.35,195.35,195.35,195.35,0.0,24.98,4875.85,0
2023-08-16,2023-08-16 12:24:00,195.35,195.35,195.35,195.35,0.0,24.98,4875.85,0
2023-08-16,2023-08-16 12:25:00,195.35,195.36,195.35,195.36,0.01,24.98,4875.85,1
2023-08-16,2023-08-16 12:26:00,195.36,195.36,195.36,195.36,0.0,24.98,4875.85,0
2023-08-16,2023-08-16 12:27:00,195.36,195.37,195.36,195.37,0.01,24.98,4875.85,1
2023-08-16,2023-08-16 12:28:00,195.37,195.37,195.37,195.37,0.0,24.98,4875.85,0
2023-08-16,2023-08-16 12:29:00,195.37,195.38,195.37,195.38,0.01,24.98,4875.85,1
2023-08-16,2023-08-16 12:30:00,195.38,195.38,195.38,195.38,0.0,24.98,4875.85,0
2023-08-16,2023-08-16 12:31:00,195.38,195.38,195.38,195.38,0.0,24.98,4875.85,0
2023-08-16,2023-08-16 12:32:00,195.38,195.39,195.38,195.39,0.01,24.98,4875.85,1
2023-08-16,2023-08-16 12:33:00,195.39,195.39,195.39,195.39,0.0,24.98,4875.85,0
2023-08-16,2023-08-16 12:34:00,195.39,195.4,195.39,195.4,0.01,24.98,4875.85,1
2023-08-16,2023-08-16 12:35:00,195.4,195.4,195.4,195.4,0.0,24.98,4875.85,0
2023-08-16,2023-08-16 12:36:00,195.4,195.4,195.4,195.4,0.0,24.98,4875.85,0
2023-08-16,2023-08-16 12:37:00,195.4,195.41,195.4,195.41,0.01,24.98,4875.85,1
2023-08-16,2023-08-16 12:38:00,195.41,195.41,195.41,195.41,0.0,24.98,4875.85,0
2023-08-16,2023-08-16 12:39:00,195.41,195.42,195.41,195.42,0.01,24.98,4875.85,1
2023-08-16,2023-08-16 12:40:00,195.42,195.42,195.42,195.42,0.0,24.98,4875.85,0
2023-08-16,2023-08-16 12:41:00,195.42,195.43,195.42,195.43,0.01,24.98,4875.85,1
2023-08-16,2023-08-16 12:42:00,195.43,195.43,195.43,195.43,0.0,24.98,4875.85,0
2023-08-16,2023-08-16 12:43:00,195.43,195.43,195.43,195.43,0.0,24.98,4875.85,0
2023-08-16,2023-08-16 12:44:00,195.43,195.44,195.43,195.44,0.01,24.98,4875.85,1
2023-08-16,2023-08-16 12:45:00,195.44,195.44,195.44,195.44,0.0,24.98,4875.85,0
2023-08-16,2023-08-16 12:46:00,195.44,195.45,195.44,195.45,0.01,24.98,4875.85,1
2023-08-16,2023-08-16 12:47:00,195.45,195.45,195.45,195.45,0.0,24.98,4875.85,0
2023-08-16,2023-08-16 12:48:00,195.45,195.45,195.45,195.45,0.0,24.98,4875.85,0
2023-08-16,2023-08-16 12:49:00,195.45,195.46,195.45,195.46,0.01,24.98,4875.85,1
2023-08-16,2023-08-16 12:50:00,195.46,195.46,195.46,195.46,0.0,24.98,4875.85,0
2023-08-16,2023-08-16 12:51:00,195.46,195.47,195.46,195.47,0.01,24.98,4875.85,1
2023-08-16,2023-08-16 12:52:00,195.47,195.47,195.47,195.47,0.0,24.98,4875.85,0
2023-08-16,2023-08-16 12:53:00,195.47,195.47,195.47,195.47,0.0,24.98,4875.85,0
2023-08-16,2023-08-16 12:54:00,195.47,195.48,195.47,195.48,0.01,24.98,4875.85,1
2023-08-16,2023-08-16 12:55:00,195.48,195.48,195.48,195.48,0.0,24.98,4875.85,0
2023-08-16,2023-08-16 12:56:00,195.48,195.49,195.48,195.49,0.01,24.98,4875.85,1
2023-08-16,2023-08-16 12:57:00,195.49,195.49,195.49,195.49,0.0,24.98,4875.85,0
2023-08-16,2023-08-16 12:58:00,195.49,195.5,195.49,195.5,0.01,24.98,4875.85,1
2023-08-16,2023-08-16 12:59:00,195.5,195.5,195.5,195.5,0.0,24.98,4875.85,0
2023-08-16,2023-08-16 13:00:00,195.5,198.0,192.2,195.5,0.0,24.98,4875.85,0
2023-08-16,2023-08-16 13:01:00,195.5,195.51,195.5,195.51,0.01,24.98,4875.85,1
2023-08-16,2023-08-16 13:02:00,195.51,195.51,195.51,195.51,0.0,24.98,4875.85,0
2023-08-16,2023-08-16 13:03:00,195.51,195.52,195.51,195.52,0.01,24.98,4875.85,1
2023-08-16,2023-08-16 13:04:00,195.52,195.52,195.52,195.52,0.0,24.98,4875.85,0
2023-08-16,2023-08-16 13:05:00,195.52,195.53,195.52,195.53,0.01,24.98,4875.85,1
2023-08-16,2023-08-16 13:06:00,195.53,195.53,195.53,195.53,0.0,24.98,4875.85,0
2023-08-16,2023-08-16 13:07:00,195.53,195.53,195.53,195.53,0.0,24.98,4875.85,0
2023-08-16,2023-08-16 13:08:00,195.53,195.54,195.53,195.54,0.01,24.98,4875.85,1
2023-08-16,2023-08-16 13:09:00,195.54,195.54,195.54,195.54,0.0,24.98,4875.85,0
2023-08-16,2023-08-16 13:10:00,195.54,195.55,195.54,195.55,0.01,24.98,4875.85,1
2023-08-16,2023-08-16 13:11:00,195.55,195.55,195.55,195.55,0.0,24.98,4875.85,0
2023-08-16,2023-08-16 13:12:00,195.55,195.55,195.55,195.55,0.0,24.98,4875.85,0
2023-08-16,2023-08-16 13:13:00,195.55,195.56,195.55,195.56,0.01,24.98,4875.85,1
2023-08-16,2023-08-16 13:14:00,195.56,195.56,195.56,195.56,0.0,24.98,4875.85,0
2023-08-16,2023-08-16 13:15:00,195.56,195.57,195.56,195.57,0.01,24.98,4875.85,1
2023-08-16,2023-08-16 13:16:00,195.57,195.57,195.57,195.57,0.0,24.98,4875.85,0
2023-08-16,2023-08-16 13:17:00,195.57,195.57,195.57,195.57,0.0,24.98,4875.85,0
2023-08-16,2023-08-16 13:18:00,195.57,195.58,195.57,195.58,0.01,24.98,4875.85,1
2023-08-16,2023-08-16 13:19:00,195.58,195.58,195.58,195.58,0.0,24.98,4875.85,0
2023-08-16,2023-08-16 13:20:00,195.58,195.59,195.58,195.59,0.01,24.98,4875.85,1
2023-08-16,2023-08-16 13:21:00,195.59,195.59,195.59,195.59,0.0,24.98,4875.85,0
2023-08-16,2023-08-16 13:22:00,195.59,195.6,195.59,195.6,0.01,24.98,4875.85,1
2023-08-16,2023-08-16 13:23:00,195.6,195.6,195.6,195.6,0.0,24.98,4875.85,0
2023-08-16,2023-08-16 13:24:00,195.6,195.6,195.6,195.6,0.0,24.98,4875.85,0
2023-08-16,2023-08-16 13:25:00,195.6,195.61,195.6,195.61,0.01,24.98,4875.85,1
2023-08-16,2023-08-16 13:26:00,195.61,195.61,195.61,195.61,0.0,24.98,4875.85,0
2023-08-16,2023-08-16 13:27:00,195.61,195.62,195.61,195.62,0.01,24.98,4875.85,1
2023-08-16,2023-08-16 13:28:00,195.62,195.62,195.62,195.62,0.0,24.98,4875.85,0
2023-08-16,2023-08-16 13:29:00,195.62,195.62,195.62,195.62,0.0,24.98,4875.85,0
2023-08-16,2023-08-16 13:30:00,195.62,195.63,195.62,195.63,0.01,24.98,4875.85,1
2023-08-16,2023-08-16 13:31:00,195.63,195.63,195.63,195.63,0.0,24.98,4875.85,0
2023-08-16,2023-08-16 13:32:00,195.63,195.64,195.63,195.64,0.01,24.98,4875.85,1
2023-08-16,2023-08-16 13:33:00,195.64,195.64,195.64,195.64,0.0,24.98,4875.85,0
2023-08-16,2023-08-16 13:34:00,195.64,195.65,195.64,195.65,0.01,24.98,4875.85,1
2023-08-16,2023-08-16 13:35:00,195.65,195.65,195.65,195.65,0.0,24.98,4875.85,0
2023-08-16,2023-08-16 13:36:00,195.65,195.65,195.65,195.65,0.0,24.98,4875.85,0
2023-08-16,2023-08-16 13:37:00,195.65,195.66,195.65,195.66,0.01,24.98,4875.85,1
2023-08-16,2023-08-16 13:38:00,195.66,195.66,195.66,195.66,0.0,24.98,4875.85,0
2023-08-16,2023-08-16 13:39:00,195.66,195.67,195.66,195.67,0.01,24.98,4875.85,1
2023-08-16,2023-08-16 13:40:00,195.67,195.67,195.67,195.67,0.0,24.98,4875.85,0
2023-08-16,2023-08-16 13:41:00,195.67,195.68,195.67,195.68,0.01,24.98,4875.85,1
2023-08-16,2023-08-16 13:42:00,195.68,195.68,195.68,195.68,0.0,24.98,4875.85,0
2023-08-16,2023-08-16 13:43:00,195.68,195.68,195.68,195.68,0.0,24.98,4875.85,0
2023-08-16,2023-08-16 13:44:00,195.68,195.69,195.68,195.69,0.01,24.98,4875.85,1
2023-08-16,2023-08-16 13:45:00,195.69,195.69,195.69,195.69,0.0,24.98,4875.85,0
2023-08-16,2023-08-16 13:46:00,195.69,195.7,195.69,195.7,0.01,24.98,4875.85,1
2023-08-16,2023-08-16 13:47:00,195.7,195.7,195.7,195.7,0.0,24.98,4875.85,0
2023-08-16,2023-08-16 13:48:00,195.7,195.7,195.7,195.7,0.0,24.98,4875.85,0
2023-08-16,2023-08-16 13:49:00,195.7,195.71,195.7,195.71,0.01,24.98,4875.85,1
2023-08-16,2023-08-16 13:50:00,195.71,195.71,195.71,195.71,0.0,24.98,4875.85,0
2023-08-16,2023-08-16 13:51:00,195.71,195.72,195.71,195.72,0.01,24.98,4875.85,1
2023-08-16,2023-08-16 13:52:00,195.72,195.72,195.72,195.72,0.0,24.98,4875.85,0
2023-08-16,2023-08-16 13:53:00,195.72,195.72,195.72,195.72,0.0,24.98,4875.85,0
2023-08-16,2023-08-16 13:54:00,195.72,195.73,195.72,195.73,0.01,24.98,4875.85,1
2023-08-16,2023-08-16 13:55:00,195.73,195.73,195.73,195.73,0.0,24.98,4875.85,0
2023-08-16,2023-08-16 13:56:00,195.73,195.74,195.73,195.74,0.01,24.98,4875.85,1
2023-08-16,2023-08-16 13:57:00,195.74,195.74,195.74,195.74,0.0,24.98,4875.85,0
2023-08-16,2023-08-16 13:58:00,195.74,195.75,195.74,195.75,0.01,24.98,4875.85,1
2023-08-16,2023-08-16 13:59:00,195.75,195.75,195.75,195.75,0.0,24.98,4875.85,0
2023-08-16,2023-08-16 14:00:00,195.75,195.75,195.75,195.75,0.0,24.98,4875.85,0
2023-08-16,2023-08-16 14:01:00,195.75,195.76,195.75,195.76,0.01,24.98,4875.85,1
2023-08-16,2023-08-16 14:02:00,195.76,195.76,195.76,195.76,0.0,24.98,4875.85,0
2023-08-16,2023-08-16 14:03:00,195.76,195.77,195.76,195.77,0.01,24.98,4875.85,1
2023-08-16,2023-08-16 14:04:00,195.77,195.77,195.77,195.77,0.0,24.98,4875.85,0
2023-08-16,2023-08-16 14:05:00,195.77,195.78,195.77,195.78,0.01,24.98,4875.85,1
2023-08-16,2023-08-16 14:06:00,195.78,195.78,195.78,195.78,0.0,24.98,4875.85,0
2023-08-16,2023-08-16 14:07:00,195.78,195.78,195.78,195.78,0.0,24.98,4875.85,0
2023-08-16,2023-08-16 14:08:00,195.78,195.79,195.78,195.79,0.01,24.98,4875.85,1
2023-08-16,2023-08-16 14:09:00,195.79,195.79,195.79,195.79,0.0,24.98,4875.85,0
2023-08-16,2023-08-16 14:10:00,195.79,195.8,195.79,195.8,0.01,24.98,4875.85,1
2023-08-16,2023-08-16 14:11:00,195.8,195.8,195.8,195.8,0.0,24.98,4875.85,0
2023-08-16,2023-08-16 14:12:00,195.8,195.8,195.8,195.8,0.0,24.98,4875.85,0
2023-08-16,2023-08-16 14:13:00,195.8,195.81,195.8,195.81,0.01,24.98,4875.85,1
2023-08-16,2023-08-16 14:14:00,195.81,195.81,195.81,195.81,0.0,24.98,4875.85,0
2023-08-16,2023-08-16 14:15:00,195.81,195.82,195.81,195.82,0.01,24.98,4875.85,1
2023-08-16,2023-08-16 14:16:00,195.82,195.82,195.82,195.82,0.0,24.98,4875.85,0
2023-08-16,2023-08-16 14:17:00,195.82,195.82,195.82,195.82,0.0,24.98,4875.85,0
2023-08-16,2023-08-16 14:18:00,195.82,195.83,195.82,195.83,0.01,24.98,4875.85,1
2023-08-16,2023-08-16 14:19:00,195.83,195.83,195.83,195.83,0.0,24.98,4875.85,0
2023-08-16,2023-08-16 14:20:00,195.83,195.84,195.83,195.84,0.01,24.98,4875.85,1
2023-08-16,2023-08-16 14:21:00,195.84,195.84,195.84,195.84,0.0,24.98,4875.85,0
2023-08-16,2023-08-16 14:22:00,195.84,195.85,195.84,195.85,0.01,24.98,4875.85,1
2023-08-16,2023-08-16 14:23:00,195.85,195.85,195.85,195.85,0.0,24.98,4875.85,0
2023-08-16,2023-08-16 14:24:00,195.85,195.85,195.85,195.85,0.0,24.98,4875.85,0
2023-08-16,2023-08-16 14:25:00,195.85,195.86,195.85,195.86,0.01,24.98,4875.85,1
2023-08-16,2023-08-16 14:26:00,195.86,195.86,195.86,195.86,0.0,24.98,4875.85,0
2023-08-16,2023-08-16 14:27:00,195.86,195.87,195.86,195.87,0.01,24.98,4875.85,1
2023-08-16,2023-08-16 14:28:00,195.87,195.87,195.87,195.87,0.0,24.98,4875.85,0
2023-08-16,2023-08-16 14:29:00,195.87,195.88,195.87,195.88,0.01,24.98,4875.85,1
2023-08-16,2023-08-16 14:30:00,195.88,195.88,195.88,195.88,0.0,24.98,4875.85,0
2023-08-16,2023-08-16 14:31:00,195.88,195.88,195.88,195.88,0.0,24.98,4875.85,0
2023-08-16,2023-08-16 14:32:00,195.88,195.89,195.88,195.89,0.01,24.98,4875.85,1
2023-08-16,2023-08-16 14:33:00,195.89,195.89,195.89,195.89,0.0,24.98,4875.85,0
2023-08-16,2023-08-16 14:34:00,195.89,195.9,195.89,195.9,0.01,24.98,4875.85,1
2023-08-16,2023-08-16 14:35:00,195.9,195.9,195.9,195.9,0.0,24.98,4875.85,0
2023-08-16,2023-08-16 14:36:00,195.9,195.9,195.9,195.9,0.0,24.98,4875.85,0
2023-08-16,2023-08-16 14:37:00,195.9,195.91,195.9,195.91,0.01,24.98,4875.85,1
2023-08-16,2023-08-16 14:38:00,195.91,195.91,195.91,195.91,0.0,24.98,4875.85,0
2023-08-16,2023-08-16 14:39:00,195.91,195.92,195.91,195.92,0.01,24.98,4875.85,1
2023-08-16,2023-08-16 14:40:00,195.92,195.92,195.92,195.92,0.0,24.98,4875.85,0
2023-08-16,2023-08-16 14:41:00,195.92,195.93,195.92,195.93,0.01,24.98,4875.85,1
2023-08-16,2023-08-16 14:42:00,195.93,195.93,195.93,195.93,0.0,24.98,4875.85,0
2023-08-16,2023-08-16 14:43:00,195.93,195.93,195.93,195.93,0.0,24.98,4875.85,0
2023-08-16,2023-08-16 14:44:00,195.93,195.94,195.93,195.94,0.01,24.98,4875.85,1
2023-08-16,2023-08-16 14:45:00,195.94,195.94,195.94,195.94,0.0,24.98,4875.85,0
2023-08-16,2023-08-16 14:46:00,195.94,195.95,195.94,195.95,0.01,24.98,4875.85,1
2023-08-16,2023-08-16 14:47:00,195.95,195.95,195.95,195.95,0.0,24.98,4875.85,0
2023-08-16,2023-08-16 14:48:00,195.95,195.95,195.95,195.95,0.0,24.98,4875.85,0
2023-08-16,2023-08-16 14:49:00,195.95,195.96,195.95,195.96,0.01,24.98,4875.85,1
2023-08-16,2023-08-16 14:50:00,195.96,195.96,195.96,195.96,0.0,24.98,4875.85,0
2023-08-16,2023-08-16 14:51:00,195.96,195.97,195.96,195.97,0.01,24.98,4875.85,1
2023-08-16,2023-08-16 14:52:00,195.97,195.97,195.97,195.97,0.0,24.98,4875.85,0
2023-08-16,2023-08-16 14:53:00,195.97,195.97,195.97,195.97,0.0,24.98,4875.85,0
2023-08-16,2023-08-16 14:54:00,195.97,195.98,195.97,195.98,0.01,24.98,4875.85,1
2023-08-16,2023-08-16 14:55:00,195.98,195.98,195.98,195.98,0.0,24.98,4875.85,0
2023-08-16,2023-08-16 14:56:00,195.98,195.99,195.98,195.99,0.01,24.98,4875.85,1
2023-08-16,2023-08-16 14:57:00,195.99,195.99,195.99,195.99,0.0,24.98,4875.85,0
2023-08-16,2023-08-16 14:58:00,195.99,196.0,195.99,196.0,0.01,24.98,4875.85,1
2023-08-16,2023-08-16 14:59:00,196.0,196.0,196.0,196.0,0.0,24.98,4875.85,0
2023-08-16,2023-08-16 15:00:00,196.0,198.0,192.2,196.0,0.0,24.98,4875.85,0
2023-08-17,2023-08-17 11:00:00,199.9,199.9,196.51,199.85,-0.03,17.01,3237.07,-1
2023-08-17,2023-08-17 11:01:00,199.85,199.85,199.81,199.81,-0.02,17.01,3237.07,-1
2023-08-17,2023-08-17 11:02:00,199.81,199.81,199.76,199.76,-0.03,17.01,3237.07,-1
2023-08-17,2023-08-17 11:03:00,199.76,199.76,199.72,199.72,-0.02,17.01,3237.07,-1
2023-08-17,2023-08-17 11:04:00,199.72,199.72,199.67,199.67,-0.03,17.01,3237.07,-1
2023-08-17,2023-08-17 11:05:00,199.67,199.67,199.62,199.62,-0.03,17.01,3237.07,-1
2023-08-17,2023-08-17 11:06:00,199.62,199.62,199.58,199.58,-0.02,17.01,3237.07,-1
2023-08-17,2023-08-17 11:07:00,199.58,199.58,199.53,199.53,-0.03,17.01,3237.07,-1
2023-08-17,2023-08-17 11:08:00,199.53,199.53,199.49,199.49,-0.02,17.01,3237.07,-1
2023-08-17,2023-08-17 11:09:00,199.49,199.49,199.44,199.44,-0.03,17.01,3237.07,-1
2023-08-17,2023-08-17 11:10:00,199.44,199.44,199.4,199.4,-0.02,17.01,3237.07,-1
2023-08-17,2023-08-17 11:11:00,199.4,199.4,199.35,199.35,-0.03,17.01,3237.07,-1
2023-08-17,2023-08-17 11:12:00,199.35,199.35,199.3,199.3,-0.03,17.01,3237.07,-1
2023-08-17,2023-08-17 11:13:00,199.3,199.3,199.26,199.26,-0.02,17.01,3237.07,-1
2023-08-17,2023-08-17 11:14:00,199.26,199.26,199.21,199.21,-0.03,17.01,3237.07,-1
2023-08-17,2023-08-17 11:15:00,199.21,199.21,199.17,199.17,-0.02,17.01,3237.07,-1
2023-08-17,2023-08-17 11:16:00,199.17,199.17,199.12,199.12,-0.03,17.01,3237.07,-1
2023-08-17,2023-08-17 11:17:00,199.12,199.12,199.08,199.08,-0.02,17.01,3237.07,-1
2023-08-17,2023-08-17 11:18:00,199.08,199.08,199.03,199.03,-0.03,17.01,3237.07,-1
2023-08-17,2023-08-17 11:19:00,199.03,199.03,198.98,198.98,-0.03,17.01,3237.07,-1
2023-08-17,2023-08-17 11:20:00,198.98,198.98,198.94,198.94,-0.02,17.01,3237.07,-1
2023-08-17,2023-08-17 11:21:00,198.94,198.94,198.89,198.89,-0.03,17.01,3237.07,-1
2023-08-17,2023-08-17 11:22:00,198.89,198.89,198.85,198.85,-0.02,17.01,3237.07,-1
2023-08-17,2023-08-17 11:23:00,198.85,198.85,198.8,198.8,-0.03,17.01,3237.07,-1
2023-08-17,2023-08-17 11:24:00,198.8,198.8,198.75,198.75,-0.03,17.01,3237.07,-1
2023-08-17,2023-08-17 11:25:00,198.75,198.75,198.71,198.71,-0.02,17.01,3237.07,-1
2023-08-17,2023-08-17 11:26:00,198.71,198.71,198.66,198.66,-0.03,17.01,3237.07,-1
2023-08-17,2023-08-17 11:27:00,198.66,198.66,198.62,198.62,-0.02,17.01,3237.07,-1
2023-08-17,2023-08-17 11:28:00,198.62,198.62,198.57,198.57,-0.03,17.01,3237.07,-1
2023-08-17,2023-08-17 11:29:00,198.57,198.57,198.53,198.53,-0.02,17.01,3237.07,-1
2023-08-17,2023-08-17 11:30:00,198.53,198.53,198.48,198.48,-0.03,17.01,3237.07,-1
2023-08-17,2023-08-17 11:31:00,198.48,198.48,198.43,198.43,-0.03,17.01,3237.07,-1
2023-08-17,2023-08-17 11:32:00,198.43,198.43,198.39,198.39,-0.02,17.01,3237.07,-1
2023-08-17,2023-08-17 11:33:00,198.39,198.39,198.34,198.34,-0.03,17.01,3237.07,-1
2023-08-17,2023-08-17 11:34:00,198.34,198.34,198.3,198.3,-0.02,17.01,3237.07,-1
2023-08-17,2023-08-17 11:35:00,198.3,198.3,198.25,198.25,-0.03,17.01,3237.07,-1
2023-08-17,2023-08-17 11:36:00,198.25,198.25,198.2,198.2,-0.03,17.01,3237.07,-1
2023-08-17,2023-08-17 11:37:00,198.2,198.2,198.16,198.16,-0.02,17.01,3237.07,-1
2023-08-17,2023-08-17 11:38:00,198.16,198.16,198.11,198.11,-0.03,17.01,3237.07,-1
2023-08-17,2023-08-17 11:39:00,198.11,198.11,198.07,198.07,-0.02,17.01,3237.07,-1
2023-08-17,2023-08-17 11:40:00,198.07,198.07,198.02,198.02,-0.03,17.01,3237.07,-1
2023-08-17,2023-08-17 11:41:00,198.02,198.02,197.97,197.97,-0.03,17.01,3237.07,-1
2023-08-17,2023-08-17 11:42:00,197.97,197.97,197.93,197.93,-0.02,17.01,3237.07,-1
2023-08-17,2023-08-17 11:43:00,197.93,197.93,197.88,197.88,-0.03,17.01,3237.07,-1
2023-08-17,2023-08-17 11:44:00,197.88,197.88,197.84,197.84,-0.02,17.01,3237.07,-1
2023-08-17,2023-08-17 11:45:00,197.84,197.84,197.79,197.79,-0.03,17.01,3237.07,-1
2023-08-17,2023-08-17 11:46:00,197.79,197.79,197.75,197.75,-0.02,17.01,3237.07,-1
2023-08-17,2023-08-17 11:47:00,197.75,197.75,197.7,197.7,-0.03,17.01,3237.07,-1
2023-08-17,2023-08-17 11:48:00,197.7,197.7,197.65,197.65,-0.03,17.01,3237.07,-1
2023-08-17,2023-08-17 11:49:00,197.65,197.65,197.61,197.61,-0.02,17.01,3237.07,-1
2023-08-17,2023-08-17 11:50:00,197.61,197.61,197.56,197.56,-0.03,17.01,3237.07,-1
2023-08-17,2023-08-17 11:51:00,197.56,197.56,197.52,197.52,-0.02,17.01,3237.07,-1
2023-08-17,2023-08-17 11:52:00,197.52,197.52,197.47,197.47,-0.03,17.01,3237.07,-1
2023-08-17,2023-08-17 11:53:00,197.47,197.47,197.43,197.43,-0.02,17.01,3237.07,-1
2023-08-17,2023-08-17 11:54:00,197.43,197.43,197.38,197.38,-0.03,17.01,3237.07,-1
2023-08-17,2023-08-17 11:55:00,197.38,197.38,197.33,197.33,-0.03,17.01,3237.07,-1
2023-08-17,2023-08-17 11:56:00,197.33,197.33,197.29,197.29,-0.02,17.01,3237.07,-1
2023-08-17,2023-08-17 11:57:00,197.29,197.29,197.24,197.24,-0.03,17.01,3237.07,-1
2023-08-17,2023-08-17 11:58:00,197.24,197.24,197.2,197.2,-0.02,17.01,3237.07,-1
2023-08-17,2023-08-17 11:59:00,197.2,197.2,197.15,197.15,-0.03,17.01,3237.07,-1
2023-08-17,2023-08-17 12:00:00,197.15,197.15,197.1,197.1,-0.03,17.01,3237.07,-1
2023-08-17,2023-08-17 12:01:00,197.1,197.1,197.06,197.06,-0.02,17.01,3237.07,-1
2023-08-17,2023-08-17 12:02:00,197.06,197.06,197.01,197.01,-0.03,17.01,3237.07,-1
2023-08-17,2023-08-17 12:03:00,197.01,197.01,196.97,196.97,-0.02,17.01,3237.07,-1
2023-08-17,2023-08-17 12:04:00,196.97,196.97,196.92,196.92,-0.03,17.01,3237.07,-1
2023-08-17,2023-08-17 12:05:00,196.92,196.92,196.88,196.88,-0.02,17.01,3237.07,-1
2023-08-17,2023-08-17 12:06:00,196.88,196.88,196.83,196.83,-0.03,17.01,3237.07,-1
2023-08-17,2023-08-17 12:07:00,196.83,196.83,196.78,196.78,-0.03,17.01,3237.07,-1
2023-08-17,2023-08-17 12:08:00,196.78,196.78,196.74,196.74,-0.02,17.01,3237.07,-1
2023-08-17,2023-08-17 12:09:00,196.74,196.74,196.69,196.69,-0.03,17.01,3237.07,-1
2023-08-17,2023-08-17 12:10:00,196.69,196.69,196.65,196.65,-0.02,17.01,3237.07,-1
2023-08-17,2023-08-17 12:11:00,196.65,196.65,196.6,196.6,-0.03,17.01,3237.07,-1
2023-08-17,2023-08-17 12:12:00,196.6,196.6,196.55,196.55,-0.03,17.01,3237.07,-1
2023-08-17,2023-08-17 12:13:00,196.55,196.55,196.51,196.51,-0.02,17.01,3237.07,-1
2023-08-17,2023-08-17 12:14:00,196.51,196.51,196.46,196.46,-0.03,17.01,3237.07,-1
2023-08-17,2023-08-17 12:15:00,196.46,196.46,196.42,196.42,-0.02,17.01,3237.07,-1
2023-08-17,2023-08-17 12:16:00,196.42,196.42,196.37,196.37,-0.03,17.01,3237.07,-1
2023-08-17,2023-08-17 12:17:00,196.37,196.37,196.33,196.33,-0.02,17.01,3237.07,-1
2023-08-17,2023-08-17 12:18:00,196.33,196.33,196.28,196.28,-0.03,17.01,3237.07,-1
2023-08-17,2023-08-17 12:19:00,196.28,196.28,196.23,196.23,-0.03,17.01,3237.07,-1
2023-08-17,2023-08-17 12:20:00,196.23,196.23,196.19,196.19,-0.02,17.01,3237.07,-1
2023-08-17,2023-08-17 12:21:00,196.19,196.19,196.14,196.14,-0.03,17.01,3237.07,-1
2023-08-17,2023-08-17 12:22:00,196.14,196.14,196.1,196.1,-0.02,17.01,3237.07,-1
2023-08-17,2023-08-17 12:23:00,196.1,196.1,196.05,196.05,-0.03,17.01,3237.07,-1
2023-08-17,2023-08-17 12:24:00,196.05,196.05,196.0,196.0,-0.03,17.01,3237.07,-1
2023-08-17,2023-08-17 12:25:00,196.0,196.0,195.96,195.96,-0.02,17.01,3237.07,-1
2023-08-17,2023-08-17 12:26:00,195.96,195.96,195.91,195.91,-0.03,17.01,3237.07,-1
2023-08-17,2023-08-17 12:27:00,195.91,195.91,195.87,195.87,-0.02,17.01,3237.07,-1
2023-08-17,2023-08-17 12:28:00,195.87,195.87,195.82,195.82,-0.03,17.01,3237.07,-1
2023-08-17,2023-08-17 12:29:00,195.82,195.82,195.78,195.78,-0.02,17.01,3237.07,-1
2023-08-17,2023-08-17 12:30:00,195.78,195.78,195.73,195.73,-0.03,17.01,3237.07,-1
2023-08-17,2023-08-17 12:31:00,195.73,195.73,195.68,195.68,-0.03,17.01,3237.07,-1
2023-08-17,2023-08-17 12:32:00,195.68,195.68,195.64,195.64,-0.02,17.01,3237.07,-1
2023-08-17,2023-08-17 12:33:00,195.64,195.64,195.59,195.59,-0.03,17.01,3237.07,-1
2023-08-17,2023-08-17 12:34:00,195.59,195.59,195.55,195.55,-0.02,17.01,3237.07,-1
2023-08-17,2023-08-17 12:35:00,195.55,195.55,195.5,195.5,-0.03,17.01,3237.07,-1
2023-08-17,2023-08-17 12:36:00,195.5,195.5,195.45,195.45,-0.03,17.01,3237.07,-1
2023-08-17,2023-08-17 12:37:00,195.45,195.45,195.41,195.41,-0.02,17.01,3237.07,-1
2023-08-17,2023-08-17 12:38:00,195.41,195.41,195.36,195.36,-0.03,17.01,3237.07,-1
2023-08-17,2023-08-17 12:39:00,195.36,195.36,195.32,195.32,-0.02,17.01,3237.07,-1
2023-08-17,2023-08-17 12:40:00,195.32,195.32,195.27,195.27,-0.03,17.01,3237.07,-1
2023-08-17,2023-08-17 12:41:00,195.27,195.27,195.22,195.22,-0.03,17.01,3237.07,-1
2023-08-17,2023-08-17 12:42:00,195.22,195.22,195.18,195.18,-0.02,17.01,3237.07,-1
2023-08-17,2023-08-17 12:43:00,195.18,195.18,195.13,195.13,-0.03,17.01,3237.07,-1
2023-08-17,2023-08-17 12:44:00,195.13,195.13,195.09,195.09,-0.02,17.01,3237.07,-1
2023-08-17,2023-08-17 12:45:00,195.09,195.09,195.04,195.04,-0.03,17.01,3237.07,-1
2023-08-17,2023-08-17 12:46:00,195.04,195.04,195.0,195.0,-0.02,17.01,3237.07,-1
2023-08-17,2023-08-17 12:47:00,195.0,195.0,194.95,194.95,-0.03,17.01,3237.07,-1
2023-08-17,2023-08-17 12:48:00,194.95,194.95,194.9,194.9,-0.03,17.01,3237.07,-1
2023-08-17,2023-08-17 12:49:00,194.9,194.9,194.86,194.86,-0.02,17.01,3237.07,-1
2023-08-17,2023-08-17 12:50:00,194.86,194.86,194.81,194.81,-0.03,17.01,3237.07,-1
2023-08-17,2023-08-17 12:51:00,194.81,194.81,194.77,194.77,-0.02,17.01,3237.07,-1
2023-08-17,2023-08-17 12:52:00,194.77,194.77,194.72,194.72,-0.03,17.01,3237.07,-1
2023-08-17,2023-08-17 12:53:00,194.72,194.72,194.68,194.68,-0.02,17.01,3237.07,-1
2023-08-17,2023-08-17 12:54:00,194.68,194.68,194.63,194.63,-0.03,17.01,3237.07,-1
2023-08-17,2023-08-17 12:55:00,194.63,194.63,194.58,194.58,-0.03,17.01,3237.07,-1
2023-08-17,2023-08-17 12:56:00,194.58,194.58,194.54,194.54,-0.02,17.01,3237.07,-1
2023-08-17,2023-08-17 12:57:00,194.54,194.54,194.49,194.49,-0.03,17.01,3237.07,-1
2023-08-17,2023-08-17 12:58:00,194.49,194.49,194.45,194.45,-0.02,17.01,3237.07,-1
2023-08-17,2023-08-17 12:59:00,194.45,194.45,194.4,194.4,-0.03,17.01,3237.07,-1
2023-08-17,2023-08-17 13:00:00,194.4,199.9,188.6,194.35,-0.03,17.01,3237.07,-1
2023-08-17,2023-08-17 13:01:00,194.35,194.35,194.31,194.31,-0.02,17.01,3237.07,-1
2023-08-17,2023-08-17 13:02:00,194.31,194.31,194.26,194.26,-0.03,17.01,3237.07,-1
2023-08-17,2023-08-17 13:03:00,194.26,194.26,194.22,194.22,-0.02,17.01,3237.07,-1
2023-08-17,2023-08-17 13:04:00,194.22,194.22,194.17,194.17,-0.03,17.01,3237.07,-1
2023-08-17,2023-08-17 13:05:00,194.17,194.17,194.12,194.12,-0.03,17.01,3237.07,-1
2023-08-17,2023-08-17 13:06:00,194.12,194.12,194.08,194.08,-0.02,17.01,3237.07,-1
2023-08-17,2023-08-17 13:07:00,194.08,194.08,194.03,194.03,-0.03,17.01,3237.07,-1
2023-08-17,2023-08-17 13:08:00,194.03,194.03,193.99,193.99,-0.02,17.01,3237.07,-1
2023-08-17,2023-08-17 13:09:00,193.99,193.99,193.94,193.94,-0.03,17.01,3237.07,-1
2023-08-17,2023-08-17 13:10:00,193.94,193.94,193.9,193.9,-0.02,17.01,3237.07,-1
2023-08-17,2023-08-17 13:11:00,193.9,193.9,193.85,193.85,-0.03,17.01,3237.07,-1
2023-08-17,2023-08-17 13:12:00,193.85,193.85,193.8,193.8,-0.03,17.01,3237.07,-1
2023-08-17,2023-08-17 13:13:00,193.8,193.8,193.76,193.76,-0.02,17.01,3237.07,-1
2023-08-17,2023-08-17 13:14:00,193.76,193.76,193.71,193.71,-0.03,17.01,3237.07,-1
2023-08-17,2023-08-17 13:15:00,193.71,193.71,193.67,193.67,-0.02,17.01,3237.07,-1
2023-08-17,2023-08-17 13:16:00,193.67,193.67,193.62,193.62,-0.03,17.01,3237.07,-1
2023-08-17,2023-08-17 13:17:00,193.62,193.62,193.58,193.58,-0.02,17.01,3237.07,-1
2023-08-17,2023-08-17 13:18:00,193.58,193.58,193.53,193.53,-0.03,17.01,3237.07,-1
2023-08-17,2023-08-17 13:19:00,193.53,193.53,193.48,193.48,-0.03,17.01,3237.07,-1
2023-08-17,2023-08-17 13:20:00,193.48,193.48,193.44,193.44,-0.02,17.01,3237.07,-1
2023-08-17,2023-08-17 13:21:00,193.44,193.44,193.39,193.39,-0.03,17.01,3237.07,-1
2023-08-17,2023-08-17 13:22:00,193.39,193.39,193.35,193.35,-0.02,17.01,3237.07,-1
2023-08-17,2023-08-17 13:23:00,193.35,193.35,193.3,193.3,-0.03,17.01,3237.07,-1
2023-08-17,2023-08-17 13:24:00,193.3,193.3,193.25,193.25,-0.03,17.01,3237.07,-1
2023-08-17,2023-08-17 13:25:00,193.25,193.25,193.21,193.21,-0.02,17.01,3237.07,-1
2023-08-17,2023-08-17 13:26:00,193.21,193.21,193.16,193.16,-0.03,17.01,3237.07,-1
2023-08-17,2023-08-17 13:27:00,193.16,193.16,193.12,193.12,-0.02,17.01,3237.07,-1
2023-08-17,2023-08-17 13:28:00,193.12,193.12,193.07,193.07,-0.03,17.01,3237.07,-1
2023-08-17,2023-08-17 13:29:00,193.07,193.07,193.03,193.03,-0.02,17.01,3237.07,-1
2023-08-17,2023-08-17 13:30:00,193.03,193.03,192.98,192.98,-0.03,17.01,3237.07,-1
2023-08-17,2023-08-17 13:31:00,192.98,192.98,192.93,192.93,-0.03,17.01,3237.07,-1
2023-08-17,2023-08-17 13:32:00,192.93,192.93,192.89,192.89,-0.02,17.01,3237.07,-1
2023-08-17,2023-08-17 13:33:00,192.89,192.89,192.84,192.84,-0.03,17.01,3237.07,-1
2023-08-17,2023-08-17 13:34:00,192.84,192.84,192.8,192.8,-0.02,17.01,3237.07,-1
2023-08-17,2023-08-17 13:35:00,192.8,192.8,192.75,192.75,-0.03,17.01,3237.07,-1
2023-08-17,2023-08-17 13:36:00,192.75,192.75,192.7,192.7,-0.03,17.01,3237.07,-1
2023-08-17,2023-08-17 13:37:00,192.7,192.7,192.66,192.66,-0.02,17.01,3237.07,-1
2023-08-17,2023-08-17 13:38:00,192.66,192.66,192.61,192.61,-0.03,17.01,3237.07,-1
2023-08-17,2023-08-17 13:39:00,192.61,192.61,192.57,192.57,-0.02,17.01,3237.07,-1
2023-08-17,2023-08-17 13:40:00,192.57,192.57,192.52,192.52,-0.03,17.01,3237.07,-1
2023-08-17,2023-08-17 13:41:00,192.52,192.52,192.47,192.47,-0.03,17.01,3237.07,-1
2023-08-17,2023-08-17 13:42:00,192.47,192.47,192.43,192.43,-0.02,17.01,3237.07,-1
2023-08-17,2023-08-17 13:43:00,192.43,192.43,192.38,192.38,-0.03,17.01,3237.07,-1
2023-08-17,2023-08-17 13:44:00,192.38,192.38,192.34,192.34,-0.02,17.01,3237.07,-1
2023-08-17,2023-08-17 13:45:00,192.34,192.34,192.29,192.29,-0.03,17.01,3237.07,-1
2023-08-17,2023-08-17 13:46:00,192.29,192.29,192.25,192.25,-0.02,17.01,3237.07,-1
2023-08-17,2023-08-17 13:47:00,192.25,192.25,192.2,192.2,-0.03,17.01,3237.07,-1
2023-08-17,2023-08-17 13:48:00,192.2,192.2,192.15,192.15,-0.03,17.01,3237.07,-1
2023-08-17,2023-08-17 13:49:00,192.15,192.15,192.11,192.11,-0.02,17.01,3237.07,-1
2023-08-17,2023-08-17 13:50:00,192.11,192.11,192.06,192.06,-0.03,17.01,3237.07,-1
2023-08-17,2023-08-17 13:51:00,192.06,192.06,192.02,192.02,-0.02,17.01,3237.07,-1
2023-08-17,2023-08-17 13:52:00,192.02,192.02,191.97,191.97,-0.03,17.01,3237.07,-1
2023-08-17,2023-08-17 13:53:00,191.97,191.97,191.93,191.93,-0.02,17.01,3237.07,-1
2023-08-17,2023-08-17 13:54:00,191.93,191.93,191.88,191.88,-0.03,17.01,3237.07,-1
2023-08-17,2023-08-17 13:55:00,191.88,191.88,191.83,191.83,-0.03,17.01,3237.07,-1
2023-08-17,2023-08-17 13:56:00,191.83,191.83,191.79,191.79,-0.02,17.01,3237.07,-1
2023-08-17,2023-08-17 13:57:00,191.79,191.79,191.74,191.74,-0.03,17.01,3237.07,-1
2023-08-17,2023-08-17 13:58:00,191.74,191.74,191.7,191.7,-0.02,17.01,3237.07,-1
2023-08-17,2023-08-17 13:59:00,191.7,191.7,191.65,191.65,-0.03,17.01,3237.07,-1
2023-08-17,2023-08-17 14:00:00,191.65,191.65,191.6,191.6,-0.03,17.01,3237.07,-1
2023-08-17,2023-08-17 14:01:00,191.6,191.6,191.56,191.56,-0.02,17.01,3237.07,-1
2023-08-17,2023-08-17 14:02:00,191.56,191.56,191.51,191.51,-0.03,17.01,3237.07,-1
2023-08-17,2023-08-17 14:03:00,191.51,191.51,191.47,191.47,-0.02,17.01,3237.07,-1
2023-08-17,2023-08-17 14:04:00,191.47,191.47,191.42,191.42,-0.03,17.01,3237.07,-1
2023-08-17,2023-08-17 14:05:00,191.42,191.42,191.38,191.38,-0.02,17.01,3237.07,-1
2023-08-17,2023-08-17 14:06:00,191.38,191.38,191.33,191.33,-0.03,17.01,3237.07,-1
2023-08-17,2023-08-17 14:07:00,191.33,191.33,191.28,191.28,-0.03,17.01,3237.07,-1
2023-08-17,2023-08-17 14:08:00,191.28,191.28,191.24,191.24,-0.02,17.01,3237.07,-1
2023-08-17,2023-08-17 14:09:00,191.24,191.24,191.19,191.19,-0.03,17.01,3237.07,-1
2023-08-17,2023-08-17 14:10:00,191.19,191.19,191.15,191.15,-0.02,17.01,3237.07,-1
2023-08-17,2023-08-17 14:11:00,191.15,191.15,191.1,191.1,-0.03,17.01,3237.07,-1
2023-08-17,2023-08-17 14:12:00,191.1,191.1,191.05,191.05,-0.03,17.01,3237.07,-1
2023-08-17,2023-08-17 14:13:00,191.05,191.05,191.01,191.01,-0.02,17.01,3237.07,-1
2023-08-17,2023-08-17 14:14:00,191.01,191.01,190.96,190.96,-0.03,17.01,3237.07,-1
2023-08-17,2023-08-17 14:15:00,190.96,190.96,190.92,190.92,-0.02,17.01,3237.07,-1
2023-08-17,2023-08-17 14:16:00,190.92,190.92,190.87,190.87,-0.03,17.01,3237.07,-1
2023-08-17,2023-08-17 14:17:00,190.87,190.87,190.83,190.83,-0.02,17.01,3237.07,-1
2023-08-17,2023-08-17 14:18:00,190.83,190.83,190.78,190.78,-0.03,17.01,3237.07,-1
2023-08-17,2023-08-17 14:19:00,190.78,190.78,190.73,190.73,-0.03,17.01,3237.07,-1
2023-08-17,2023-08-17 14:20:00,190.73,190.73,190.69,190.69,-0.02,17.01,3237.07,-1
2023-08-17,2023-08-17 14:21:00,190.69,190.69,190.64,190.64,-0.03,17.01,3237.07,-1
2023-08-17,2023-08-17 14:22:00,190.64,190.64,190.6,190.6,-0.02,17.01,3237.07,-1
2023-08-17,2023-08-17 14:23:00,190.6,190.6,190.55,190.55,-0.03,17.01,3237.07,-1
2023-08-17,2023-08-17 14:24:00,190.55,190.55,190.5,190.5,-0.03,17.01,3237.07,-1
2023-08-17,2023-08-17 14:25:00,190.5,190.5,190.46,190.46,-0.02,17.01,3237.07,-1
2023-08-17,2023-08-17 14:26:00,190.46,190.46,190.41,190.41,-0.03,17.01,3237.07,-1
2023-08-17,2023-08-17 14:27:00,190.41,190.41,190.37,190.37,-0.02,17.01,3237.07,-1
2023-08-17,2023-08-17 14:28:00,190.37,190.37,190.32,190.32,-0.03,17.01,3237.07,-1
2023-08-17,2023-08-17 14:29:00,190.32,190.32,190.28,190.28,-0.02,17.01,3237.07,-1
2023-08-17,2023-08-17 14:30:00,190.28,190.28,190.23,190.23,-0.03,17.01,3237.07,-1
2023-08-17,2023-08-17 14:31:00,190.23,190.23,190.18,190.18,-0.03,17.01,3237.07,-1
2023-08-17,2023-08-17 14:32:00,190.18,190.18,190.14,190.14,-0.02,17.01,3237.07,-1
2023-08-17,2023-08-17 14:33:00,190.14,190.14,190.09,190.09,-0.03,17.01,3237.07,-1
2023-08-17,2023-08-17 14:34:00,190.09,190.09,190.05,190.05,-0.02,17.01,3237.07,-1
2023-08-17,2023-08-17 14:35:00,190.05,190.05,190.0,190.0,-0.03,17.01,3237.07,-1
2023-08-17,2023-08-17 14:36:00,190.0,190.0,189.95,189.95,-0.03,17.01,3237.07,-1
2023-08-17,2023-08-17 14:37:00,189.95,189.95,189.91,189.91,-0.02,17.01,3237.07,-1
2023-08-17,2023-08-17 14:38:00,189.91,189.91,189.86,189.86,-0.03,17.01,3237.07,-1
2023-08-17,2023-08-17 14:39:00,189.86,189.86,189.82,189.82,-0.02,17.01,3237.07,-1
2023-08-17,2023-08-17 14:40:00,189.82,189.82,189.77,189.77,-0.03,17.01,3237.07,-1
2023-08-17,2023-08-17 14:41:00,189.77,189.77,189.72,189.72,-0.03,17.01,3237.07,-1
2023-08-17,2023-08-17 14:42:00,189.72,189.72,189.68,189.68,-0.02,17.01,3237.07,-1
2023-08-17,2023-08-17 14:43:00,189.68,189.68,189.63,189.63,-0.03,17.01,3237.07,-1
2023-08-17,2023-08-17 14:44:00,189.63,189.63,189.59,189.59,-0.02,17.01,3237.07,-1
2023-08-17,2023-08-17 14:45:00,189.59,189.59,189.54,189.54,-0.03,17.01,3237.07,-1
2023-08-17,2023-08-17 14:46:00,189.54,189.54,189.5,189.5,-0.02,17.01,3237.07,-1
2023-08-17,2023-08-17 14:47:00,189.5,189.5,189.45,189.45,-0.03,17.01,3237.07,-1
2023-08-17,2023-08-17 14:48:00,189.45,189.45,189.4,189.4,-0.03,17.01,3237.07,-1
2023-08-17,2023-08-17 14:49:00,189.4,189.4,189.36,189.36,-0.02,17.01,3237.07,-1
2023-08-17,2023-08-17 14:50:00,189.36,189.36,189.31,189.31,-0.03,17.01,3237.07,-1
2023-08-17,2023-08-17 14:51:00,189.31,189.31,189.27,189.27,-0.02,17.01,3237.07,-1
2023-08-17,2023-08-17 14:52:00,189.27,189.27,189.22,189.22,-0.03,17.01,3237.07,-1
2023-08-17,2023-08-17 14:53:00,189.22,189.22,189.18,189.18,-0.02,17.01,3237.07,-1
2023-08-17,2023-08-17 14:54:00,189.18,189.18,189.13,189.13,-0.03,17.01,3237.07,-1
2023-08-17,2023-08-17 14:55:00,189.13,189.13,189.08,189.08,-0.03,17.01,3237.07,-1
2023-08-17,2023-08-17 14:56:00,189.08,189.08,189.04,189.04,-0.02,17.01,3237.07,-1
2023-08-17,2023-08-17 14:57:00,189.04,189.04,188.99,188.99,-0.03,17.01,3237.07,-1
2023-08-17,2023-08-17 14:58:00,188.99,188.99,188.95,188.95,-0.02,17.01,3237.07,-1
2023-08-17,2023-08-17 14:59:00,188.95,188.95,188.9,188.9,-0.03,17.01,3237.07,-1
2023-08-17,2023-08-17 15:00:00,188.9,199.9,188.6,188.9,0.0,17.01,3237.07,0
2023-08-20,2023-08-20 11:00:00,186.0,186.9,184.5,185.98,-0.01,22.07,4045.27,-1
2023-08-20,2023-08-20 11:01:00,185.98,185.98,185.97,185.97,-0.01,22.07,4045.27,-1
2023-08-20,2023-08-20 11:02:00,185.97,185.97,185.95,185.95,-0.01,22.07,4045.27,-1
2023-08-20,2023-08-20 11:03:00,185.95,185.95,185.93,185.93,-0.01,22.07,4045.27,-1
2023-08-20,2023-08-20 11:04:00,185.93,185.93,185.92,185.92,-0.01,22.07,4045.27,-1
2023-08-20,2023-08-20 11:05:00,185.92,185.92,185.9,185.9,-0.01,22.07,4045.27,-1
2023-08-20,2023-08-20 11:06:00,185.9,185.9,185.88,185.88,-0.01,22.07,4045.27,-1
2023-08-20,2023-08-20 11:07:00,185.88,185.88,185.87,185.87,-0.01,22.07,4045.27,-1
2023-08-20,2023-08-20 11:08:00,185.87,185.87,185.85,185.85,-0.01,22.07,4045.27,-1
2023-08-20,2023-08-20 11:09:00,185.85,185.85,185.83,185.83,-0.01,22.07,4045.27,-1
2023-08-20,2023-08-20 11:10:00,185.83,185.83,185.82,185.82,-0.01,22.07,4045.27,-1
2023-08-20,2023-08-20 11:11:00,185.82,185.82,185.8,185.8,-0.01,22.07,4045.27,-1
2023-08-20,2023-08-20 11:12:00,185.8,185.8,185.78,185.78,-0.01,22.07,4045.27,-1
2023-08-20,2023-08-20 11:13:00,185.78,185.78,185.77,185.77,-0.01,22.07,4045.27,-1
2023-08-20,2023-08-20 11:14:00,185.77,185.77,185.75,185.75,-0.01,22.07,4045.27,-1
2023-08-20,2023-08-20 11:15:00,185.75,185.75,185.73,185.73,-0.01,22.07,4045.27,-1
2023-08-20,2023-08-20 11:16:00,185.73,185.73,185.72,185.72,-0.01,22.07,4045.27,-1
2023-08-20,2023-08-20 11:17:00,185.72,185.72,185.7,185.7,-0.01,22.07,4045.27,-1
2023-08-20,2023-08-20 11:18:00,185.7,185.7,185.68,185.68,-0.01,22.07,4045.27,-1
2023-08-20,2023-08-20 11:19:00,185.68,185.68,185.67,185.67,-0.01,22.07,4045.27,-1
2023-08-20,2023-08-20 11:20:00,185.67,185.67,185.65,185.65,-0.01,22.07,4045.27,-1
2023-08-20,2023-08-20 11:21:00,185.65,185.65,185.63,185.63,-0.01,22.07,4045.27,-1
2023-08-20,2023-08-20 11:22:00,185.63,185.63,185.62,185.62,-0.01,22.07,4045.27,-1
2023-08-20,2023-08-20 11:23:00,185.62,185.62,185.6,185.6,-0.01,22.07,4045.27,-1
2023-08-20,2023-08-20 11:24:00,185.6,185.6,185.58,185.58,-0.01,22.07,4045.27,-1
2023-08-20,2023-08-20 11:25:00,185.58,185.58,185.57,185.57,-0.01,22.07,4045.27,-1
2023-08-20,2023-08-20 11:26:00,185.57,185.57,185.55,185.55,-0.01,22.07,4045.27,-1
2023-08-20,2023-08-20 11:27:00,185.55,185.55,185.53,185.53,-0.01,22.07,4045.27,-1
2023-08-20,2023-08-20 11:28:00,185.53,185.53,185.52,185.52,-0.01,22.07,4045.27,-1
2023-08-20,2023-08-20 11:29:00,185.52,185.52,185.5,185.5,-0.01,22.07,4045.27,-1
2023-08-20,2023-08-20 11:30:00,185.5,185.5,185.48,185.48,-0.01,22.07,4045.27,-1
2023-08-20,2023-08-20 11:31:00,185.48,185.48,185.47,185.47,-0.01,22.07,4045.27,-1
2023-08-20,2023-08-20 11:32:00,185.47,185.47,185.45,185.45,-0.01,22.07,4045.27,-1
2023-08-20,2023-08-20 11:33:00,185.45,185.45,185.43,185.43,-0.01,22.07,4045.27,-1
2023-08-20,2023-08-20 11:34:00,185.43,185.43,185.42,185.42,-0.01,22.07,4045.27,-1
2023-08-20,2023-08-20 11:35:00,185.42,185.42,185.4,185.4,-0.01,22.07,4045.27,-1
2023-08-20,2023-08-20 11:36:00,185.4,185.4,185.38,185.38,-0.01,22.07,4045.27,-1
2023-08-20,2023-08-20 11:37:00,185.38,185.38,185.37,185.37,-0.01,22.07,4045.27,-1
2023-08-20,2023-08-20 11:38:00,185.37,185.37,185.35,185.35,-0.01,22.07,4045.27,-1
2023-08-20,2023-08-20 11:39:00,185.35,185.35,185.33,185.33,-0.01,22.07,4045.27,-1
2023-08-20,2023-08-20 11:40:00,185.33,185.33,185.32,185.32,-0.01,22.07,4045.27,-1
2023-08-20,2023-08-20 11:41:00,185.32,185.32,185.3,185.3,-0.01,22.07,4045.27,-1
2023-08-20,2023-08-20 11:42:00,185.3,185.3,185.28,185.28,-0.01,22.07,4045.27,-1
2023-08-20,2023-08-20 11:43:00,185.28,185.28,185.27,185.27,-0.01,22.07,4045.27,-1
2023-08-20,2023-08-20 11:44:00,185.27,185.27,185.25,185.25,-0.01,22.07,4045.27,-1
2023-08-20,2023-08-20 11:45:00,185.25,185.25,185.23,185.23,-0.01,22.07,4045.27,-1
2023-08-20,2023-08-20 11:46:00,185.23,185.23,185.22,185.22,-0.01,22.07,4045.27,-1
2023-08-20,2023-08-20 11:47:00,185.22,185.22,185.2,185.2,-0.01,22.07,4045.27,-1
2023-08-20,2023-08-20 11:48:00,185.2,185.2,185.18,185.18,-0.01,22.07,4045.27,-1
2023-08-20,2023-08-20 11:49:00,185.18,185.18,185.17,185.17,-0.01,22.07,4045.27,-1
2023-08-20,2023-08-20 11:50:00,185.17,185.17,185.15,185.15,-0.01,22.07,4045.27,-1
2023-08-20,2023-08-20 11:51:00,185.15,185.15,185.13,185.13,-0.01,22.07,4045.27,-1
2023-08-20,2023-08-20 11:52:00,185.13,185.13,185.12,185.12,-0.01,22.07,4045.27,-1
2023-08-20,2023-08-20 11:53:00,185.12,185.12,185.1,185.1,-0.01,22.07,4045.27,-1
2023-08-20,2023-08-20 11:54:00,185.1,185.1,185.08,185.08,-0.01,22.07,4045.27,-1
2023-08-20,2023-08-20 11:55:00,185.08,185.08,185.07,185.07,-0.01,22.07,4045.27,-1
2023-08-20,2023-08-20 11:56:00,185.07,185.07,185.05,185.05,-0.01,22.07,4045.27,-1
2023-08-20,2023-08-20 11:57:00,185.05,185.05,185.03,185.03,-0.01,22.07,4045.27,-1
2023-08-20,2023-08-20 11:58:00,185.03,185.03,185.02,185.02,-0.01,22.07,4045.27,-1
2023-08-20,2023-08-20 11:59:00,185.02,185.02,185.0,185.0,-0.01,22.07,4045.27,-1
2023-08-20,2023-08-20 12:00:00,185.0,185.0,184.98,184.98,-0.01,22.07,4045.27,-1
2023-08-20,2023-08-20 12:01:00,184.98,184.98,184.97,184.97,-0.01,22.07,4045.27,-1
2023-08-20,2023-08-20 12:02:00,184.97,184.97,184.95,184.95,-0.01,22.07,4045.27,-1
2023-08-20,2023-08-20 12:03:00,184.95,184.95,184.93,184.93,-0.01,22.07,4045.27,-1
2023-08-20,2023-08-20 12:04:00,184.93,184.93,184.92,184.92,-0.01,22.07,4045.27,-1
2023-08-20,2023-08-20 12:05:00,184.92,184.92,184.9,184.9,-0.01,22.07,4045.27,-1
2023-08-20,2023-08-20 12:06:00,184.9,184.9,184.88,184.88,-0.01,22.07,4045.27,-1
2023-08-20,2023-08-20 12:07:00,184.88,184.88,184.87,184.87,-0.01,22.07,4045.27,-1
2023-08-20,2023-08-20 12:08:00,184.87,184.87,184.85,184.85,-0.01,22.07,4045.27,-1
2023-08-20,2023-08-20 12:09:00,184.85,184.85,184.83,184.83,-0.01,22.07,4045.27,-1
2023-08-20,2023-08-20 12:10:00,184.83,184.83,184.82,184.82,-0.01,22.07,4045.27,-1
2023-08-20,2023-08-20 12:11:00,184.82,184.82,184.8,184.8,-0.01,22.07,4045.27,-1
2023-08-20,2023-08-20 12:12:00,184.8,184.8,184.78,184.78,-0.01,22.07,4045.27,-1
2023-08-20,2023-08-20 12:13:00,184.78,184.78,184.77,184.77,-0.01,22.07,4045.27,-1
2023-08-20,2023-08-20 12:14:00,184.77,184.77,184.75,184.75,-0.01,22.07,4045.27,-1
2023-08-20,2023-08-20 12:15:00,184.75,184.75,184.73,184.73,-0.01,22.07,4045.27,-1
2023-08-20,2023-08-20 12:16:00,184.73,184.73,184.72,184.72,-0.01,22.07,4045.27,-1
2023-08-20,2023-08-20 12:17:00,184.72,184.72,184.7,184.7,-0.01,22.07,4045.27,-1
2023-08-20,2023-08-20 12:18:00,184.7,184.7,184.68,184.68,-0.01,22.07,4045.27,-1
2023-08-20,2023-08-20 12:19:00,184.68,184.68,184.67,184.67,-0.01,22.07,4045.27,-1
2023-08-20,2023-08-20 12:20:00,184.67,184.67,184.65,184.65,-0.01,22.07,4045.27,-1
2023-08-20,2023-08-20 12:21:00,184.65,184.65,184.63,184.63,-0.01,22.07,4045.27,-1
2023-08-20,2023-08-20 12:22:00,184.63,184.63,184.62,184.62,-0.01,22.07,4045.27,-1
2023-08-20,2023-08-20 12:23:00,184.62,184.62,184.6,184.6,-0.01,22.07,4045.27,-1
2023-08-20,2023-08-20 12:24:00,184.6,184.6,184.58,184.58,-0.01,22.07,4045.27,-1
2023-08-20,2023-08-20 12:25:00,184.58,184.58,184.57,184.57,-0.01,22.07,4045.27,-1
2023-08-20,2023-08-20 12:26:00,184.57,184.57,184.55,184.55,-0.01,22.07,4045.27,-1
2023-08-20,2023-08-20 12:27:00,184.55,184.55,184.53,184.53,-0.01,22.07,4045.27,-1
2023-08-20,2023-08-20 12:28:00,184.53,184.53,184.52,184.52,-0.01,22.07,4045.27,-1
2023-08-20,2023-08-20 12:29:00,184.52,184.52,184.5,184.5,-0.01,22.07,4045.27,-1
2023-08-20,2023-08-20 12:30:00,184.5,184.5,184.48,184.48,-0.01,22.07,4045.27,-1
2023-08-20,2023-08-20 12:31:00,184.48,184.48,184.47,184.47,-0.01,22.07,4045.27,-1
2023-08-20,2023-08-20 12:32:00,184.47,184.47,184.45,184.45,-0.01,22.07,4045.27,-1
2023-08-20,2023-08-20 12:33:00,184.45,184.45,184.43,184.43,-0.01,22.07,4045.27,-1
2023-08-20,2023-08-20 12:34:00,184.43,184.43,184.42,184.42,-0.01,22.07,4045.27,-1
2023-08-20,2023-08-20 12:35:00,184.42,184.42,184.4,184.4,-0.01,22.07,4045.27,-1
2023-08-20,2023-08-20 12:36:00,184.4,184.4,184.38,184.38,-0.01,22.07,4045.27,-1
2023-08-20,2023-08-20 12:37:00,184.38,184.38,184.37,184.37,-0.01,22.07,4045.27,-1
2023-08-20,2023-08-20 12:38:00,184.37,184.37,184.35,184.35,-0.01,22.07,4045.27,-1
2023-08-20,2023-08-20 12:39:00,184.35,184.35,184.33,184.33,-0.01,22.07,4045.27,-1
2023-08-20,2023-08-20 12:40:00,184.33,184.33,184.32,184.32,-0.01,22.07,4045.27,-1
2023-08-20,2023-08-20 12:41:00,184.32,184.32,184.3,184.3,-0.01,22.07,4045.27,-1
2023-08-20,2023-08-20 12:42:00,184.3,184.3,184.28,184.28,-0.01,22.07,4045.27,-1
2023-08-20,2023-08-20 12:43:00,184.28,184.28,184.27,184.27,-0.01,22.07,4045.27,-1
2023-08-20,2023-08-20 12:44:00,184.27,184.27,184.25,184.25,-0.01,22.07,4045.27,-1
2023-08-20,2023-08-20 12:45:00,184.25,184.25,184.23,184.23,-0.01,22.07,4045.27,-1
2023-08-20,2023-08-20 12:46:00,184.23,184.23,184.22,184.22,-0.01,22.07,4045.27,-1
2023-08-20,2023-08-20 12:47:00,184.22,184.22,184.2,184.2,-0.01,22.07,4045.27,-1
2023-08-20,2023-08-20 12:48:00,184.2,184.2,184.18,184.18,-0.01,22.07,4045.27,-1
2023-08-20,2023-08-20 12:49:00,184.18,184.18,184.17,184.17,-0.01,22.07,4045.27,-1
2023-08-20,2023-08-20 12:50:00,184.17,184.17,184.15,184.15,-0.01,22.07,4045.27,-1
2023-08-20,2023-08-20 12:51:00,184.15,184.15,184.13,184.13,-0.01,22.07,4045.27,-1
2023-08-20,2023-08-20 12:52:00,184.13,184.13,184.12,184.12,-0.01,22.07,4045.27,-1
2023-08-20,2023-08-20 12:53:00,184.12,184.12,184.1,184.1,-0.01,22.07,4045.27,-1
2023-08-20,2023-08-20 12:54:00,184.1,184.1,184.08,184.08,-0.01,22.07,4045.27,-1
2023-08-20,2023-08-20 12:55:00,184.08,184.08,184.07,184.07,-0.01,22.07,4045.27,-1
2023-08-20,2023-08-20 12:56:00,184.07,184.07,184.05,184.05,-0.01,22.07,4045.27,-1
2023-08-20,2023-08-20 12:57:00,184.05,184.05,184.03,184.03,-0.01,22.07,4045.27,-1
2023-08-20,2023-08-20 12:58:00,184.03,184.03,184.02,184.02,-0.01,22.07,4045.27,-1
2023-08-20,2023-08-20 12:59:00,184.02,184.02,184.0,184.0,-0.01,22.07,4045.27,-1
2023-08-20,2023-08-20 13:00:00,184.0,189.0,181.0,183.98,-0.01,22.07,4045.27,-1
2023-08-20,2023-08-20 13:01:00,183.98,183.98,183.97,183.97,-0.01,22.07,4045.27,-1
2023-08-20,2023-08-20 13:02:00,183.97,183.97,183.95,183.95,-0.01,22.07,4045.27,-1
2023-08-20,2023-08-20 13:03:00,183.95,183.95,183.93,183.93,-0.01,22.07,4045.27,-1
2023-08-20,2023-08-20 13:04:00,183.93,183.93,183.92,183.92,-0.01,22.07,4045.27,-1
2023-08-20,2023-08-20 13:05:00,183.92,183.92,183.9,183.9,-0.01,22.07,4045.27,-1
2023-08-20,2023-08-20 13:06:00,183.9,183.9,183.88,183.88,-0.01,22.07,4045.27,-1
2023-08-20,2023-08-20 13:07:00,183.88,183.88,183.87,183.87,-0.01,22.07,4045.27,-1
2023-08-20,2023-08-20 13:08:00,183.87,183.87,183.85,183.85,-0.01,22.07,4045.27,-1
2023-08-20,2023-08-20 13:09:00,183.85,183.85,183.83,183.83,-0.01,22.07,4045.27,-1
2023-08-20,2023-08-20 13:10:00,183.83,183.83,183.82,183.82,-0.01,22.07,4045.27,-1
2023-08-20,2023-08-20 13:11:00,183.82,183.82,183.8,183.8,-0.01,22.07,4045.27,-1
2023-08-20,2023-08-20 13:12:00,183.8,183.8,183.78,183.78,-0.01,22.07,4045.27,-1
2023-08-20,2023-08-20 13:13:00,183.78,183.78,183.77,183.77,-0.01,22.07,4045.27,-1
2023-08-20,2023-08-20 13:14:00,183.77,183.77,183.75,183.75,-0.01,22.07,4045.27,-1
2023-08-20,2023-08-20 13:15:00,183.75,183.75,183.73,183.73,-0.01,22.07,4045.27,-1
2023-08-20,2023-08-20 13:16:00,183.73,183.73,183.72,183.72,-0.01,22.07,4045.27,-1
2023-08-20,2023-08-20 13:17:00,183.72,183.72,183.7,183.7,-0.01,22.07,4045.27,-1
2023-08-20,2023-08-20 13:18:00,183.7,183.7,183.68,183.68,-0.01,22.07,4045.27,-1
2023-08-20,2023-08-20 13:19:00,183.68,183.68,183.67,183.67,-0.01,22.07,4045.27,-1
2023-08-20,2023-08-20 13:20:00,183.67,183.67,183.65,183.65,-0.01,22.07,4045.27,-1
2023-08-20,2023-08-20 13:21:00,183.65,183.65,183.63,183.63,-0.01,22.07,4045.27,-1
2023-08-20,2023-08-20 13:22:00,183.63,183.63,183.62,183.62,-0.01,22.07,4045.27,-1
2023-08-20,2023-08-20 13:23:00,183.62,183.62,183.6,183.6,-0.01,22.07,4045.27,-1
2023-08-20,2023-08-20 13:24:00,183.6,183.6,183.58,183.58,-0.01,22.07,4045.27,-1
2023-08-20,2023-08-20 13:25:00,183.58,183.58,183.57,183.57,-0.01,22.07,4045.27,-1
2023-08-20,2023-08-20 13:26:00,183.57,183.57,183.55,183.55,-0.01,22.07,4045.27,-1
2023-08-20,2023-08-20 13:27:00,183.55,183.55,183.53,183.53,-0.01,22.07,4045.27,-1
2023-08-20,2023-08-20 13:28:00,183.53,183.53,183.52,183.52,-0.01,22.07,4045.27,-1
2023-08-20,2023-08-20 13:29:00,183.52,183.52,183.5,183.5,-0.01,22.07,4045.27,-1
2023-08-20,2023-08-20 13:30:00,183.5,183.5,183.48,183.48,-0.01,22.07,4045.27,-1
2023-08-20,2023-08-20 13:31:00,183.48,183.48,183.47,183.47,-0.01,22.07,4045.27,-1
2023-08-20,2023-08-20 13:32:00,183.47,183.47,183.45,183.45,-0.01,22.07,4045.27,-1
2023-08-20,2023-08-20 13:33:00,183.45,183.45,183.43,183.43,-0.01,22.07,4045.27,-1
2023-08-20,2023-08-20 13:34:00,183.43,183.43,183.42,183.42,-0.01,22.07,4045.27,-1
2023-08-20,2023-08-20 13:35:00,183.42,183.42,183.4,183.4,-0.01,22.07,4045.27,-1
2023-08-20,2023-08-20 13:36:00,183.4,183.4,183.38,183.38,-0.01,22.07,4045.27,-1
2023-08-20,2023-08-20 13:37:00,183.38,183.38,183.37,183.37,-0.01,22.07,4045.27,-1
2023-08-20,2023-08-20 13:38:00,183.37,183.37,183.35,183.35,-0.01,22.07,4045.27,-1
2023-08-20,2023-08-20 13:39:00,183.35,183.35,183.33,183.33,-0.01,22.07,4045.27,-1
2023-08-20,2023-08-20 13:40:00,183.33,183.33,183.32,183.32,-0.01,22.07,4045.27,-1
2023-08-20,2023-08-20 13:41:00,183.32,183.32,183.3,183.3,-0.01,22.07,4045.27,-1
2023-08-20,2023-08-20 13:42:00,183.3,183.3,183.28,183.28,-0.01,22.07,4045.27,-1
2023-08-20,2023-08-20 13:43:00,183.28,183.28,183.27,183.27,-0.01,22.07,4045.27,-1
2023-08-20,2023-08-20 13:44:00,183.27,183.27,183.25,183.25,-0.01,22.07,4045.27,-1
2023-08-20,2023-08-20 13:45:00,183.25,183.25,183.23,183.23,-0.01,22.07,4045.27,-1
2023-08-20,2023-08-20 13:46:00,183.23,183.23,183.22,183.22,-0.01,22.07,4045.27,-1
2023-08-20,2023-08-20 13:47:00,183.22,183.22,183.2,183.2,-0.01,22.07,4045.27,-1
2023-08-20,2023-08-20 13:48:00,183.2,183.2,183.18,183.18,-0.01,22.07,4045.27,-1
2023-08-20,2023-08-20 13:49:00,183.18,183.18,183.17,183.17,-0.01,22.07,4045.27,-1
2023-08-20,2023-08-20 13:50:00,183.17,183.17,183.15,183.15,-0.01,22.07,4045.27,-1
2023-08-20,2023-08-20 13:51:00,183.15,183.15,183.13,183.13,-0.01,22.07,4045.27,-1
2023-08-20,2023-08-20 13:52:00,183.13,183.13,183.12,183.12,-0.01,22.07,4045.27,-1
2023-08-20,2023-08-20 13:53:00,183.12,183.12,183.1,183.1,-0.01,22.07,4045.27,-1
2023-08-20,2023-08-20 13:54:00,183.1,183.1,183.08,183.08,-0.01,22.07,4045.27,-1
2023-08-20,2023-08-20 13:55:00,183.08,183.08,183.07,183.07,-0.01,22.07,4045.27,-1
2023-08-20,2023-08-20 13:56:00,183.07,183.07,183.05,183.05,-0.01,22.07,4045.27,-1
2023-08-20,2023-08-20 13:57:00,183.05,183.05,183.03,183.03,-0.01,22.07,4045.27,-1
2023-08-20,2023-08-20 13:58:00,183.03,183.03,183.02,183.02,-0.01,22.07,4045.27,-1
2023-08-20,2023-08-20 13:59:00,183.02,183.02,183.0,183.0,-0.01,22.07,4045.27,-1
2023-08-20,2023-08-20 14:00:00,183.0,183.0,182.98,182.98,-0.01,22.07,4045.27,-1
2023-08-20,2023-08-20 14:01:00,182.98,182.98,182.97,182.97,-0.01,22.07,4045.27,-1
2023-08-20,2023-08-20 14:02:00,182.97,182.97,182.95,182.95,-0.01,22.07,4045.27,-1
2023-08-20,2023-08-20 14:03:00,182.95,182.95,182.93,182.93,-0.01,22.07,4045.27,-1
2023-08-20,2023-08-20 14:04:00,182.93,182.93,182.92,182.92,-0.01,22.07,4045.27,-1
2023-08-20,2023-08-20 14:05:00,182.92,182.92,182.9,182.9,-0.01,22.07,4045.27,-1
2023-08-20,2023-08-20 14:06:00,182.9,182.9,182.88,182.88,-0.01,22.07,4045.27,-1
2023-08-20,2023-08-20 14:07:00,182.88,182.88,182.87,182.87,-0.01,22.07,4045.27,-1
2023-08-20,2023-08-20 14:08:00,182.87,182.87,182.85,182.85,-0.01,22.07,4045.27,-1
2023-08-20,2023-08-20 14:09:00,182.85,182.85,182.83,182.83,-0.01,22.07,4045.27,-1
2023-08-20,2023-08-20 14:10:00,182.83,182.83,182.82,182.82,-0.01,22.07,4045.27,-1
2023-08-20,2023-08-20 14:11:00,182.82,182.82,182.8,182.8,-0.01,22.07,4045.27,-1
2023-08-20,2023-08-20 14:12:00,182.8,182.8,182.78,182.78,-0.01,22.07,4045.27,-1
2023-08-20,2023-08-20 14:13:00,182.78,182.78,182.77,182.77,-0.01,22.07,4045.27,-1
2023-08-20,2023-08-20 14:14:00,182.77,182.77,182.75,182.75,-0.01,22.07,4045.27,-1
2023-08-20,2023-08-20 14:15:00,182.75,182.75,182.73,182.73,-0.01,22.07,4045.27,-1
2023-08-20,2023-08-20 14:16:00,182.73,182.73,182.72,182.72,-0.01,22.07,4045.27,-1
2023-08-20,2023-08-20 14:17:00,182.72,182.72,182.7,182.7,-0.01,22.07,4045.27,-1
2023-08-20,2023-08-20 14:18:00,182.7,182.7,182.68,182.68,-0.01,22.07,4045.27,-1
2023-08-20,2023-08-20 14:19:00,182.68,182.68,182.67,182.67,-0.01,22.07,4045.27,-1
2023-08-20,2023-08-20 14:20:00,182.67,182.67,182.65,182.65,-0.01,22.07,4045.27,-1
2023-08-20,2023-08-20 14:21:00,182.65,182.65,182.63,182.63,-0.01,22.07,4045.27,-1
2023-08-20,2023-08-20 14:22:00,182.63,182.63,182.62,182.62,-0.01,22.07,4045.27,-1
2023-08-20,2023-08-20 14:23:00,182.62,182.62,182.6,182.6,-0.01,22.07,4045.27,-1
2023-08-20,2023-08-20 14:24:00,182.6,182.6,182.58,182.58,-0.01,22.07,4045.27,-1
2023-08-20,2023-08-20 14:25:00,182.58,182.58,182.57,182.57,-0.01,22.07,4045.27,-1
2023-08-20,2023-08-20 14:26:00,182.57,182.57,182.55,182.55,-0.01,22.07,4045.27,-1
2023-08-20,2023-08-20 14:27:00,182.55,182.55,182.53,182.53,-0.01,22.07,4045.27,-1
2023-08-20,2023-08-20 14:28:00,182.53,182.53,182.52,182.52,-0.01,22.07,4045.27,-1
2023-08-20,2023-08-20 14:29:00,182.52,182.52,182.5,182.5,-0.01,22.07,4045.27,-1
2023-08-20,2023-08-20 14:30:00,182.5,182.5,182.48,182.48,-0.01,22.07,4045.27,-1
2023-08-20,2023-08-20 14:31:00,182.48,182.48,182.47,182.47,-0.01,22.07,4045.27,-1
2023-08-20,2023-08-20 14:32:00,182.47,182.47,182.45,182.45,-0.01,22.07,4045.27,-1
2023-08-20,2023-08-20 14:33:00,182.45,182.45,182.43,182.43,-0.01,22.07,4045.27,-1
2023-08-20,2023-08-20 14:34:00,182.43,182.43,182.42,182.42,-0.01,22.07,4045.27,-1
2023-08-20,2023-08-20 14:35:00,182.42,182.42,182.4,182.4,-0.01,22.07,4045.27,-1
2023-08-20,2023-08-20 14:36:00,182.4,182.4,182.38,182.38,-0.01,22.07,4045.27,-1
2023-08-20,2023-08-20 14:37:00,182.38,182.38,182.37,182.37,-0.01,22.07,4045.27,-1
2023-08-20,2023-08-20 14:38:00,182.37,182.37,182.35,182.35,-0.01,22.07,4045.27,-1
2023-08-20,2023-08-20 14:39:00,182.35,182.35,182.33,182.33,-0.01,22.07,4045.27,-1
2023-08-20,2023-08-20 14:40:00,182.33,182.33,182.32,182.32,-0.01,22.07,4045.27,-1
2023-08-20,2023-08-20 14:41:00,182.32,182.32,182.3,182.3,-0.01,22.07,4045.27,-1
2023-08-20,2023-08-20 14:42:00,182.3,182.3,182.28,182.28,-0.01,22.07,4045.27,-1
2023-08-20,2023-08-20 14:43:00,182.28,182.28,182.27,182.27,-0.01,22.07,4045.27,-1
2023-08-20,2023-08-20 14:44:00,182.27,182.27,182.25,182.25,-0.01,22.07,4045.27,-1
2023-08-20,2023-08-20 14:45:00,182.25,182.25,182.23,182.23,-0.01,22.07,4045.27,-1
2023-08-20,2023-08-20 14:46:00,182.23,182.23,182.22,182.22,-0.01,22.07,4045.27,-1
2023-08-20,2023-08-20 14:47:00,182.22,182.22,182.2,182.2,-0.01,22.07,4045.27,-1
2023-08-20,2023-08-20 14:48:00,182.2,182.2,182.18,182.18,-0.01,22.07,4045.27,-1
2023-08-20,2023-08-20 14:49:00,182.18,182.18,182.17,182.17,-0.01,22.07,4045.27,-1
2023-08-20,2023-08-20 14:50:00,182.17,182.17,182.15,182.15,-0.01,22.07,4045.27,-1
2023-08-20,2023-08-20 14:51:00,182.15,182.15,182.13,182.13,-0.01,22.07,4045.27,-1
2023-08-20,2023-08-20 14:52:00,182.13,182.13,182.12,182.12,-0.01,22.07,4045.27,-1
2023-08-20,2023-08-20 14:53:00,182.12,182.12,182.1,182.1,-0.01,22.07,4045.27,-1
2023-08-20,2023-08-20 14:54:00,182.1,182.1,182.08,182.08,-0.01,22.07,4045.27,-1
2023-08-20,2023-08-20 14:55:00,182.08,182.08,182.07,182.07,-0.01,22.07,4045.27,-1
2023-08-20,2023-08-20 14:56:00,182.07,182.07,182.05,182.05,-0.01,22.07,4045.27,-1
2023-08-20,2023-08-20 14:57:00,182.05,182.05,182.03,182.03,-0.01,22.07,4045.27,-1
2023-08-20,2023-08-20 14:58:00,182.03,182.03,182.02,182.02,-0.01,22.07,4045.27,-1
2023-08-20,2023-08-20 14:59:00,182.02,182.02,182.0,182.0,-0.01,22.07,4045.27,-1
2023-08-20,2023-08-20 15:00:00,182.0,189.0,181.0,182.0,0.0,22.07,4045.27,0
2023-08-21,2023-08-21 11:00:00,179.0,179.3,176.3,178.97,-0.02,28.28,4942.94,-1
2023-08-21,2023-08-21 11:01:00,178.97,178.97,178.95,178.95,-0.01,28.28,4942.94,-1
2023-08-21,2023-08-21 11:02:00,178.95,178.95,178.92,178.92,-0.02,28.28,4942.94,-1
2023-08-21,2023-08-21 11:03:00,178.92,178.92,178.89,178.89,-0.02,28.28,4942.94,-1
2023-08-21,2023-08-21 11:04:00,178.89,178.89,178.87,178.87,-0.01,28.28,4942.94,-1
2023-08-21,2023-08-21 11:05:00,178.87,178.87,178.84,178.84,-0.02,28.28,4942.94,-1
2023-08-21,2023-08-21 11:06:00,178.84,178.84,178.81,178.81,-0.02,28.28,4942.94,-1
2023-08-21,2023-08-21 11:07:00,178.81,178.81,178.79,178.79,-0.01,28.28,4942.94,-1
2023-08-21,2023-08-21 11:08:00,178.79,178.79,178.76,178.76,-0.02,28.28,4942.94,-1
2023-08-21,2023-08-21 11:09:00,178.76,178.76,178.73,178.73,-0.02,28.28,4942.94,-1
2023-08-21,2023-08-21 11:10:00,178.73,178.73,178.71,178.71,-0.01,28.28,4942.94,-1
2023-08-21,2023-08-21 11:11:00,178.71,178.71,178.68,178.68,-0.02,28.28,4942.94,-1
2023-08-21,2023-08-21 11:12:00,178.68,178.68,178.65,178.65,-0.02,28.28,4942.94,-1
2023-08-21,2023-08-21 11:13:00,178.65,178.65,178.63,178.63,-0.01,28.28,4942.94,-1
2023-08-21,2023-08-21 11:14:00,178.63,178.63,178.6,178.6,-0.02,28.28,4942.94,-1
2023-08-21,2023-08-21 11:15:00,178.6,178.6,178.57,178.57,-0.02,28.28,4942.94,-1
2023-08-21,2023-08-21 11:16:00,178.57,178.57,178.55,178.55,-0.01,28.28,4942.94,-1
2023-08-21,2023-08-21 11:17:00,178.55,178.55,178.52,178.52,-0.02,28.28,4942.94,-1
2023-08-21,2023-08-21 11:18:00,178.52,178.52,178.49,178.49,-0.02,28.28,4942.94,-1
2023-08-21,2023-08-21 11:19:00,178.49,178.49,178.47,178.47,-0.01,28.28,4942.94,-1
2023-08-21,2023-08-21 11:20:00,178.47,178.47,178.44,178.44,-0.02,28.28,4942.94,-1
2023-08-21,2023-08-21 11:21:00,178.44,178.44,178.41,178.41,-0.02,28.28,4942.94,-1
2023-08-21,2023-08-21 11:22:00,178.41,178.41,178.39,178.39,-0.01,28.28,4942.94,-1
2023-08-21,2023-08-21 11:23:00,178.39,178.39,178.36,178.36,-0.02,28.28,4942.94,-1
2023-08-21,2023-08-21 11:24:00,178.36,178.36,178.33,178.33,-0.02,28.28,4942.94,-1
2023-08-21,2023-08-21 11:25:00,178.33,178.33,178.31,178.31,-0.01,28.28,4942.94,-1
2023-08-21,2023-08-21 11:26:00,178.31,178.31,178.28,178.28,-0.02,28.28,4942.94,-1
2023-08-21,2023-08-21 11:27:00,178.28,178.28,178.25,178.25,-0.02,28.28,4942.94,-1
2023-08-21,2023-08-21 11:28:00,178.25,178.25,178.23,178.23,-0.01,28.28,4942.94,-1
2023-08-21,2023-08-21 11:29:00,178.23,178.23,178.2,178.2,-0.02,28.28,4942.94,-1
2023-08-21,2023-08-21 11:30:00,178.2,178.2,178.17,178.17,-0.02,28.28,4942.94,-1
2023-08-21,2023-08-21 11:31:00,178.17,178.17,178.15,178.15,-0.01,28.28,4942.94,-1
2023-08-21,2023-08-21 11:32:00,178.15,178.15,178.12,178.12,-0.02,28.28,4942.94,-1
2023-08-21,2023-08-21 11:33:00,178.12,178.12,178.09,178.09,-0.02,28.28,4942.94,-1
2023-08-21,2023-08-21 11:34:00,178.09,178.09,178.07,178.07,-0.01,28.28,4942.94,-1
2023-08-21,2023-08-21 11:35:00,178.07,178.07,178.04,178.04,-0.02,28.28,4942.94,-1
2023-08-21,2023-08-21 11:36:00,178.04,178.04,178.01,178.01,-0.02,28.28,4942.94,-1
2023-08-21,2023-08-21 11:37:00,178.01,178.01,177.99,177.99,-0.01,28.28,4942.94,-1
2023-08-21,2023-08-21 11:38:00,177.99,177.99,177.96,177.96,-0.02,28.28,4942.94,-1
2023-08-21,2023-08-21 11:39:00,177.96,177.96,177.93,177.93,-0.02,28.28,4942.94,-1
2023-08-21,2023-08-21 11:40:00,177.93,177.93,177.91,177.91,-0.01,28.28,4942.94,-1
2023-08-21,2023-08-21 11:41:00,177.91,177.91,177.88,177.88,-0.02,28.28,4942.94,-1
2023-08-21,2023-08-21 11:42:00,177.88,177.88,177.85,177.85,-0.02,28.28,4942.94,-1
2023-08-21,2023-08-21 11:43:00,177.85,177.85,177.83,177.83,-0.01,28.28,4942.94,-1
2023-08-21,2023-08-21 11:44:00,177.83,177.83,177.8,177.8,-0.02,28.28,4942.94,-1
2023-08-21,2023-08-21 11:45:00,177.8,177.8,177.77,177.77,-0.02,28.28,4942.94,-1
2023-08-21,2023-08-21 11:46:00,177.77,177.77,177.75,177.75,-0.01,28.28,4942.94,-1
2023-08-21,2023-08-21 11:47:00,177.75,177.75,177.72,177.72,-0.02,28.28,4942.94,-1
2023-08-21,2023-08-21 11:48:00,177.72,177.72,177.69,177.69,-0.02,28.28,4942.94,-1
2023-08-21,2023-08-21 11:49:00,177.69,177.69,177.67,177.67,-0.01,28.28,4942.94,-1
2023-08-21,2023-08-21 11:50:00,177.67,177.67,177.64,177.64,-0.02,28.28,4942.94,-1
2023-08-21,2023-08-21 11:51:00,177.64,177.64,177.61,177.61,-0.02,28.28,4942.94,-1
2023-08-21,2023-08-21 11:52:00,177.61,177.61,177.59,177.59,-0.01,28.28,4942.94,-1
2023-08-21,2023-08-21 11:53:00,177.59,177.59,177.56,177.56,-0.02,28.28,4942.94,-1
2023-08-21,2023-08-21 11:54:00,177.56,177.56,177.53,177.53,-0.02,28.28,4942.94,-1
2023-08-21,2023-08-21 11:55:00,177.53,177.53,177.51,177.51,-0.01,28.28,4942.94,-1
2023-08-21,2023-08-21 11:56:00,177.51,177.51,177.48,177.48,-0.02,28.28,4942.94,-1
2023-08-21,2023-08-21 11:57:00,177.48,177.48,177.45,177.45,-0.02,28.28,4942.94,-1
2023-08-21,2023-08-21 11:58:00,177.45,177.45,177.43,177.43,-0.01,28.28,4942.94,-1
2023-08-21,2023-08-21 11:59:00,177.43,177.43,177.4,177.4,-0.02,28.28,4942.94,-1
2023-08-21,2023-08-21 12:00:00,177.4,177.4,177.37,177.37,-0.02,28.28,4942.94,-1
2023-08-21,2023-08-21 12:01:00,177.37,177.37,177.35,177.35,-0.01,28.28,4942.94,-1
2023-08-21,2023-08-21 12:02:00,177.35,177.35,177.32,177.32,-0.02,28.28,4942.94,-1
2023-08-21,2023-08-21 12:03:00,177.32,177.32,177.29,177.29,-0.02,28.28,4942.94,-1
2023-08-21,2023-08-21 12:04:00,177.29,177.29,177.27,177.27,-0.01,28.28,4942.94,-1
2023-08-21,2023-08-21 12:05:00,177.27,177.27,177.24,177.24,-0.02,28.28,4942.94,-1
2023-08-21,2023-08-21 12:06:00,177.24,177.24,177.21,177.21,-0.02,28.28,4942.94,-1
2023-08-21,2023-08-21 12:07:00,177.21,177.21,177.19,177.19,-0.01,28.28,4942.94,-1
2023-08-21,2023-08-21 12:08:00,177.19,177.19,177.16,177.16,-0.02,28.28,4942.94,-1
2023-08-21,2023-08-21 12:09:00,177.16,177.16,177.13,177.13,-0.02,28.28,4942.94,-1
2023-08-21,2023-08-21 12:10:00,177.13,177.13,177.11,177.11,-0.01,28.28,4942.94,-1
2023-08-21,2023-08-21 12:11:00,177.11,177.11,177.08,177.08,-0.02,28.28,4942.94,-1
2023-08-21,2023-08-21 12:12:00,177.08,177.08,177.05,177.05,-0.02,28.28,4942.94,-1
2023-08-21,2023-08-21 12:13:00,177.05,177.05,177.03,177.03,-0.01,28.28,4942.94,-1
2023-08-21,2023-08-21 12:14:00,177.03,177.03,177.0,177.0,-0.02,28.28,4942.94,-1
2023-08-21,2023-08-21 12:15:00,177.0,177.0,176.97,176.97,-0.02,28.28,4942.94,-1
2023-08-21,2023-08-21 12:16:00,176.97,176.97,176.95,176.95,-0.01,28.28,4942.94,-1
2023-08-21,2023-08-21 12:17:00,176.95,176.95,176.92,176.92,-0.02,28.28,4942.94,-1
2023-08-21,2023-08-21 12:18:00,176.92,176.92,176.89,176.89,-0.02,28.28,4942.94,-1
2023-08-21,2023-08-21 12:19:00,176.89,176.89,176.87,176.87,-0.01,28.28,4942.94,-1
2023-08-21,2023-08-21 12:20:00,176.87,176.87,176.84,176.84,-0.02,28.28,4942.94,-1
2023-08-21,2023-08-21 12:21:00,176.84,176.84,176.81,176.81,-0.02,28.28,4942.94,-1
2023-08-21,2023-08-21 12:22:00,176.81,176.81,176.79,176.79,-0.01,28.28,4942.94,-1
2023-08-21,2023-08-21 12:23:00,176.79,176.79,176.76,176.76,-0.02,28.28,4942.94,-1
2023-08-21,2023-08-21 12:24:00,176.76,176.76,176.73,176.73,-0.02,28.28,4942.94,-1
2023-08-21,2023-08-21 12:25:00,176.73,176.73,176.71,176.71,-0.01,28.28,4942.94,-1
2023-08-21,2023-08-21 12:26:00,176.71,176.71,176.68,176.68,-0.02,28.28,4942.94,-1
2023-08-21,2023-08-21 12:27:00,176.68,176.68,176.65,176.65,-0.02,28.28,4942.94,-1
2023-08-21,2023-08-21 12:28:00,176.65,176.65,176.63,176.63,-0.01,28.28,4942.94,-1
2023-08-21,2023-08-21 12:29:00,176.63,176.63,176.6,176.6,-0.02,28.28,4942.94,-1
2023-08-21,2023-08-21 12:30:00,176.6,176.6,176.57,176.57,-0.02,28.28,4942.94,-1
2023-08-21,2023-08-21 12:31:00,176.57,176.57,176.55,176.55,-0.01,28.28,4942.94,-1
2023-08-21,2023-08-21 12:32:00,176.55,176.55,176.52,176.52,-0.02,28.28,4942.94,-1
2023-08-21,2023-08-21 12:33:00,176.52,176.52,176.49,176.49,-0.02,28.28,4942.94,-1
2023-08-21,2023-08-21 12:34:00,176.49,176.49,176.47,176.47,-0.01,28.28,4942.94,-1
2023-08-21,2023-08-21 12:35:00,176.47,176.47,176.44,176.44,-0.02,28.28,4942.94,-1
2023-08-21,2023-08-21 12:36:00,176.44,176.44,176.41,176.41,-0.02,28.28,4942.94,-1
2023-08-21,2023-08-21 12:37:00,176.41,176.41,176.39,176.39,-0.01,28.28,4942.94,-1
2023-08-21,2023-08-21 12:38:00,176.39,176.39,176.36,176.36,-0.02,28.28,4942.94,-1
2023-08-21,2023-08-21 12:39:00,176.36,176.36,176.33,176.33,-0.02,28.28,4942.94,-1
2023-08-21,2023-08-21 12:40:00,176.33,176.33,176.31,176.31,-0.01,28.28,4942.94,-1
2023-08-21,2023-08-21 12:41:00,176.31,176.31,176.28,176.28,-0.02,28.28,4942.94,-1
2023-08-21,2023-08-21 12:42:00,176.28,176.28,176.25,176.25,-0.02,28.28,4942.94,-1
2023-08-21,2023-08-21 12:43:00,176.25,176.25,176.23,176.23,-0.01,28.28,4942.94,-1
2023-08-21,2023-08-21 12:44:00,176.23,176.23,176.2,176.2,-0.02,28.28,4942.94,-1
2023-08-21,2023-08-21 12:45:00,176.2,176.2,176.17,176.17,-0.02,28.28,4942.94,-1
2023-08-21,2023-08-21 12:46:00,176.17,176.17,176.15,176.15,-0.01,28.28,4942.94,-1
2023-08-21,2023-08-21 12:47:00,176.15,176.15,176.12,176.12,-0.02,28.28,4942.94,-1
2023-08-21,2023-08-21 12:48:00,176.12,176.12,176.09,176.09,-0.02,28.28,4942.94,-1
2023-08-21,2023-08-21 12:49:00,176.09,176.09,176.07,176.07,-0.01,28.28,4942.94,-1
2023-08-21,2023-08-21 12:50:00,176.07,176.07,176.04,176.04,-0.02,28.28,4942.94,-1
2023-08-21,2023-08-21 12:51:00,176.04,176.04,176.01,176.01,-0.02,28.28,4942.94,-1
2023-08-21,2023-08-21 12:52:00,176.01,176.01,175.99,175.99,-0.01,28.28,4942.94,-1
2023-08-21,2023-08-21 12:53:00,175.99,175.99,175.96,175.96,-0.02,28.28,4942.94,-1
2023-08-21,2023-08-21 12:54:00,175.96,175.96,175.93,175.93,-0.02,28.28,4942.94,-1
2023-08-21,2023-08-21 12:55:00,175.93,175.93,175.91,175.91,-0.01,28.28,4942.94,-1
2023-08-21,2023-08-21 12:56:00,175.91,175.91,175.88,175.88,-0.02,28.28,4942.94,-1
2023-08-21,2023-08-21 12:57:00,175.88,175.88,175.85,175.85,-0.02,28.28,4942.94,-1
2023-08-21,2023-08-21 12:58:00,175.85,175.85,175.83,175.83,-0.01,28.28,4942.94,-1
2023-08-21,2023-08-21 12:59:00,175.83,175.83,175.8,175.8,-0.02,28.28,4942.94,-1
2023-08-21,2023-08-21 13:00:00,175.8,180.0,170.0,175.77,-0.02,28.28,4942.94,-1
2023-08-21,2023-08-21 13:01:00,175.77,175.77,175.75,175.75,-0.01,28.28,4942.94,-1
2023-08-21,2023-08-21 13:02:00,175.75,175.75,175.72,175.72,-0.02,28.28,4942.94,-1
2023-08-21,2023-08-21 13:03:00,175.72,175.72,175.69,175.69,-0.02,28.28,4942.94,-1
2023-08-21,2023-08-21 13:04:00,175.69,175.69,175.67,175.67,-0.01,28.28,4942.94,-1
2023-08-21,2023-08-21 13:05:00,175.67,175.67,175.64,175.64,-0.02,28.28,4942.94,-1
2023-08-21,2023-08-21 13:06:00,175.64,175.64,175.61,175.61,-0.02,28.28,4942.94,-1
2023-08-21,2023-08-21 13:07:00,175.61,175.61,175.59,175.59,-0.01,28.28,4942.94,-1
2023-08-21,2023-08-21 13:08:00,175.59,175.59,175.56,175.56,-0.02,28.28,4942.94,-1
2023-08-21,2023-08-21 13:09:00,175.56,175.56,175.53,175.53,-0.02,28.28,4942.94,-1
2023-08-21,2023-08-21 13:10:00,175.53,175.53,175.51,175.51,-0.01,28.28,4942.94,-1
2023-08-21,2023-08-21 13:11:00,175.51,175.51,175.48,175.48,-0.02,28.28,4942.94,-1
2023-08-21,2023-08-21 13:12:00,175.48,175.48,175.45,175.45,-0.02,28.28,4942.94,-1
2023-08-21,2023-08-21 13:13:00,175.45,175.45,175.43,175.43,-0.01,28.28,4942.94,-1
2023-08-21,2023-08-21 13:14:00,175.43,175.43,175.4,175.4,-0.02,28.28,4942.94,-1
2023-08-21,2023-08-21 13:15:00,175.4,175.4,175.37,175.37,-0.02,28.28,4942.94,-1
2023-08-21,2023-08-21 13:16:00,175.37,175.37,175.35,175.35,-0.01,28.28,4942.94,-1
2023-08-21,2023-08-21 13:17:00,175.35,175.35,175.32,175.32,-0.02,28.28,4942.94,-1
2023-08-21,2023-08-21 13:18:00,175.32,175.32,175.29,175.29,-0.02,28.28,4942.94,-1
2023-08-21,2023-08-21 13:19:00,175.29,175.29,175.27,175.27,-0.01,28.28,4942.94,-1
2023-08-21,2023-08-21 13:20:00,175.27,175.27,175.24,175.24,-0.02,28.28,4942.94,-1
2023-08-21,2023-08-21 13:21:00,175.24,175.24,175.21,175.21,-0.02,28.28,4942.94,-1
2023-08-21,2023-08-21 13:22:00,175.21,175.21,175.19,175.19,-0.01,28.28,4942.94,-1
2023-08-21,2023-08-21 13:23:00,175.19,175.19,175.16,175.16,-0.02,28.28,4942.94,-1
2023-08-21,2023-08-21 13:24:00,175.16,175.16,175.13,175.13,-0.02,28.28,4942.94,-1
2023-08-21,2023-08-21 13:25:00,175.13,175.13,175.11,175.11,-0.01,28.28,4942.94,-1
2023-08-21,2023-08-21 13:26:00,175.11,175.11,175.08,175.08,-0.02,28.28,4942.94,-1
2023-08-21,2023-08-21 13:27:00,175.08,175.08,175.05,175.05,-0.02,28.28,4942.94,-1
2023-08-21,2023-08-21 13:28:00,175.05,175.05,175.03,175.03,-0.01,28.28,4942.94,-1
2023-08-21,2023-08-21 13:29:00,175.03,175.03,175.0,175.0,-0.02,28.28,4942.94,-1
2023-08-21,2023-08-21 13:30:00,175.0,175.0,174.97,174.97,-0.02,28.28,4942.94,-1
2023-08-21,2023-08-21 13:31:00,174.97,174.97,174.95,174.95,-0.01,28.28,4942.94,-1
2023-08-21,2023-08-21 13:32:00,174.95,174.95,174.92,174.92,-0.02,28.28,4942.94,-1
2023-08-21,2023-08-21 13:33:00,174.92,174.92,174.89,174.89,-0.02,28.28,4942.94,-1
2023-08-21,2023-08-21 13:34:00,174.89,174.89,174.87,174.87,-0.01,28.28,4942.94,-1
2023-08-21,2023-08-21 13:35:00,174.87,174.87,174.84,174.84,-0.02,28.28,4942.94,-1
2023-08-21,2023-08-21 13:36:00,174.84,174.84,174.81,174.81,-0.02,28.28,4942.94,-1
2023-08-21,2023-08-21 13:37:00,174.81,174.81,174.79,174.79,-0.01,28.28,4942.94,-1
2023-08-21,2023-08-21 13:38:00,174.79,174.79,174.76,174.76,-0.02,28.28,4942.94,-1
2023-08-21,2023-08-21 13:39:00,174.76,174.76,174.73,174.73,-0.02,28.28,4942.94,-1
2023-08-21,2023-08-21 13:40:00,174.73,174.73,174.71,174.71,-0.01,28.28,4942.94,-1
2023-08-21,2023-08-21 13:41:00,174.71,174.71,174.68,174.68,-0.02,28.28,4942.94,-1
2023-08-21,2023-08-21 13:42:00,174.68,174.68,174.65,174.65,-0.02,28.28,4942.94,-1
2023-08-21,2023-08-21 13:43:00,174.65,174.65,174.63,174.63,-0.01,28.28,4942.94,-1
2023-08-21,2023-08-21 13:44:00,174.63,174.63,174.6,174.6,-0.02,28.28,4942.94,-1
2023-08-21,2023-08-21 13:45:00,174.6,174.6,174.57,174.57,-0.02,28.28,4942.94,-1
2023-08-21,2023-08-21 13:46:00,174.57,174.57,174.55,174.55,-0.01,28.28,4942.94,-1
2023-08-21,2023-08-21 13:47:00,174.55,174.55,174.52,174.52,-0.02,28.28,4942.94,-1
2023-08-21,2023-08-21 13:48:00,174.52,174.52,174.49,174.49,-0.02,28.28,4942.94,-1
2023-08-21,2023-08-21 13:49:00,174.49,174.49,174.47,174.47,-0.01,28.28,4942.94,-1
2023-08-21,2023-08-21 13:50:00,174.47,174.47,174.44,174.44,-0.02,28.28,4942.94,-1
2023-08-21,2023-08-21 13:51:00,174.44,174.44,174.41,174.41,-0.02,28.28,4942.94,-1
2023-08-21,2023-08-21 13:52:00,174.41,174.41,174.39,174.39,-0.01,28.28,4942.94,-1
2023-08-21,2023-08-21 13:53:00,174.39,174.39,174.36,174.36,-0.02,28.28,4942.94,-1
2023-08-21,2023-08-21 13:54:00,174.36,174.36,174.33,174.33,-0.02,28.28,4942.94,-1
2023-08-21,2023-08-21 13:55:00,174.33,174.33,174.31,174.31,-0.01,28.28,4942.94,-1
2023-08-21,2023-08-21 13:56:00,174.31,174.31,174.28,174.28,-0.02,28.28,4942.94,-1
2023-08-21,2023-08-21 13:57:00,174.28,174.28,174.25,174.25,-0.02,28.28,4942.94,-1
2023-08-21,2023-08-21 13:58:00,174.25,174.25,174.23,174.23,-0.01,28.28,4942.94,-1
2023-08-21,2023-08-21 13:59:00,174.23,174.23,174.2,174.2,-0.02,28.28,4942.94,-1
2023-08-21,2023-08-21 14:00:00,174.2,174.2,174.17,174.17,-0.02,28.28,4942.94,-1
2023-08-21,2023-08-21 14:01:00,174.17,174.17,174.15,174.15,-0.01,28.28,4942.94,-1
2023-08-21,2023-08-21 14:02:00,174.15,174.15,174.12,174.12,-0.02,28.28,4942.94,-1
2023-08-21,2023-08-21 14:03:00,174.12,174.12,174.09,174.09,-0.02,28.28,4942.94,-1
2023-08-21,2023-08-21 14:04:00,174.09,174.09,174.07,174.07,-0.01,28.28,4942.94,-1
2023-08-21,2023-08-21 14:05:00,174.07,174.07,174.04,174.04,-0.02,28.28,4942.94,-1
2023-08-21,2023-08-21 14:06:00,174.04,174.04,174.01,174.01,-0.02,28.28,4942.94,-1
2023-08-21,2023-08-21 14:07:00,174.01,174.01,173.99,173.99,-0.01,28.28,4942.94,-1
2023-08-21,2023-08-21 14:08:00,173.99,173.99,173.96,173.96,-0.02,28.28,4942.94,-1
2023-08-21,2023-08-21 14:09:00,173.96,173.96,173.93,173.93,-0.02,28.28,4942.94,-1
2023-08-21,2023-08-21 14:10:00,173.93,173.93,173.91,173.91,-0.01,28.28,4942.94,-1
2023-08-21,2023-08-21 14:11:00,173.91,173.91,173.88,173.88,-0.02,28.28,4942.94,-1
2023-08-21,2023-08-21 14:12:00,173.88,173.88,173.85,173.85,-0.02,28.28,4942.94,-1
2023-08-21,2023-08-21 14:13:00,173.85,173.85,173.83,173.83,-0.01,28.28,4942.94,-1
2023-08-21,2023-08-21 14:14:00,173.83,173.83,173.8,173.8,-0.02,28.28,4942.94,-1
2023-08-21,2023-08-21 14:15:00,173.8,173.8,173.77,173.77,-0.02,28.28,4942.94,-1
2023-08-21,2023-08-21 14:16:00,173.77,173.77,173.75,173.75,-0.01,28.28,4942.94,-1
2023-08-21,2023-08-21 14:17:00,173.75,173.75,173.72,173.72,-0.02,28.28,4942.94,-1
2023-08-21,2023-08-21 14:18:00,173.72,173.72,173.69,173.69,-0.02,28.28,4942.94,-1
2023-08-21,2023-08-21 14:19:00,173.69,173.69,173.67,173.67,-0.01,28.28,4942.94,-1
2023-08-21,2023-08-21 14:20:00,173.67,173.67,173.64,173.64,-0.02,28.28,4942.94,-1
2023-08-21,2023-08-21 14:21:00,173.64,173.64,173.61,173.61,-0.02,28.28,4942.94,-1
2023-08-21,2023-08-21 14:22:00,173.61,173.61,173.59,173.59,-0.01,28.28,4942.94,-1
2023-08-21,2023-08-21 14:23:00,173.59,173.59,173.56,173.56,-0.02,28.28,4942.94,-1
2023-08-21,2023-08-21 14:24:00,173.56,173.56,173.53,173.53,-0.02,28.28,4942.94,-1
2023-08-21,2023-08-21 14:25:00,173.53,173.53,173.51,173.51,-0.01,28.28,4942.94,-1
2023-08-21,2023-08-21 14:26:00,173.51,173.51,173.48,173.48,-0.02,28.28,4942.94,-1
2023-08-21,2023-08-21 14:27:00,173.48,173.48,173.45,173.45,-0.02,28.28,4942.94,-1
2023-08-21,2023-08-21 14:28:00,173.45,173.45,173.43,173.43,-0.01,28.28,4942.94,-1
2023-08-21,2023-08-21 14:29:00,173.43,173.43,173.4,173.4,-0.02,28.28,4942.94,-1
2023-08-21,2023-08-21 14:30:00,173.4,173.4,173.37,173.37,-0.02,28.28,4942.94,-1
2023-08-21,2023-08-21 14:31:00,173.37,173.37,173.35,173.35,-0.01,28.28,4942.94,-1
2023-08-21,2023-08-21 14:32:00,173.35,173.35,173.32,173.32,-0.02,28.28,4942.94,-1
2023-08-21,2023-08-21 14:33:00,173.32,173.32,173.29,173.29,-0.02,28.28,4942.94,-1
2023-08-21,2023-08-21 14:34:00,173.29,173.29,173.27,173.27,-0.01,28.28,4942.94,-1
2023-08-21,2023-08-21 14:35:00,173.27,173.27,173.24,173.24,-0.02,28.28,4942.94,-1
2023-08-21,2023-08-21 14:36:00,173.24,173.24,173.21,173.21,-0.02,28.28,4942.94,-1
2023-08-21,2023-08-21 14:37:00,173.21,173.21,173.19,173.19,-0.01,28.28,4942.94,-1
2023-08-21,2023-08-21 14:38:00,173.19,173.19,173.16,173.16,-0.02,28.28,4942.94,-1
2023-08-21,2023-08-21 14:39:00,173.16,173.16,173.13,173.13,-0.02,28.28,4942.94,-1
2023-08-21,2023-08-21 14:40:00,173.13,173.13,173.11,173.11,-0.01,28.28,4942.94,-1
2023-08-21,2023-08-21 14:41:00,173.11,173.11,173.08,173.08,-0.02,28.28,4942.94,-1
2023-08-21,2023-08-21 14:42:00,173.08,173.08,173.05,173.05,-0.02,28.28,4942.94,-1
2023-08-21,2023-08-21 14:43:00,173.05,173.05,173.03,173.03,-0.01,28.28,4942.94,-1
2023-08-21,2023-08-21 14:44:00,173.03,173.03,173.0,173.0,-0.02,28.28,4942.94,-1
2023-08-21,2023-08-21 14:45:00,173.0,173.0,172.97,172.97,-0.02,28.28,4942.94,-1
2023-08-21,2023-08-21 14:46:00,172.97,172.97,172.95,172.95,-0.01,28.28,4942.94,-1
2023-08-21,2023-08-21 14:47:00,172.95,172.95,172.92,172.92,-0.02,28.28,4942.94,-1
2023-08-21,2023-08-21 14:48:00,172.92,172.92,172.89,172.89,-0.02,28.28,4942.94,-1
2023-08-21,2023-08-21 14:49:00,172.89,172.89,172.87,172.87,-0.01,28.28,4942.94,-1
2023-08-21,2023-08-21 14:50:00,172.87,172.87,172.84,172.84,-0.02,28.28,4942.94,-1
2023-08-21,2023-08-21 14:51:00,172.84,172.84,172.81,172.81,-0.02,28.28,4942.94,-1
2023-08-21,2023-08-21 14:52:00,172.81,172.81,172.79,172.79,-0.01,28.28,4942.94,-1
2023-08-21,2023-08-21 14:53:00,172.79,172.79,172.76,172.76,-0.02,28.28,4942.94,-1
2023-08-21,2023-08-21 14:54:00,172.76,172.76,172.73,172.73,-0.02,28.28,4942.94,-1
2023-08-21,2023-08-21 14:55:00,172.73,172.73,172.71,172.71,-0.01,28.28,4942.94,-1
2023-08-21,2023-08-21 14:56:00,172.71,172.71,172.68,172.68,-0.02,28.28,4942.94,-1
2023-08-21,2023-08-21 14:57:00,172.68,172.68,172.65,172.65,-0.02,28.28,4942.94,-1
2023-08-21,2023-08-21 14:58:00,172.65,172.65,172.63,172.63,-0.01,28.28,4942.94,-1
2023-08-21,2023-08-21 14:59:00,172.63,172.63,172.6,172.6,-0.02,28.28,4942.94,-1
2023-08-21,2023-08-21 15:00:00,172.6,180.0,170.0,172.6,0.0,28.28,4942.94,0
2023-08-22,2023-08-22 11:00:00,171.0,173.55,171.0,171.03,0.02,22.0,3834.37,1
2023-08-22,2023-08-22 11:01:00,171.03,171.06,171.03,171.06,0.02,22.0,3834.37,1
2023-08-22,2023-08-22 11:02:00,171.06,171.09,171.06,171.09,0.02,22.0,3834.37,1
2023-08-22,2023-08-22 11:03:00,171.09,171.12,171.09,171.12,0.02,22.0,3834.37,1
2023-08-22,2023-08-22 11:04:00,171.12,171.15,171.12,171.15,0.02,22.0,3834.37,1
2023-08-22,2023-08-22 11:05:00,171.15,171.18,171.15,171.18,0.02,22.0,3834.37,1
2023-08-22,2023-08-22 11:06:00,171.18,171.2,171.18,171.2,0.01,22.0,3834.37,1
2023-08-22,2023-08-22 11:07:00,171.2,171.23,171.2,171.23,0.02,22.0,3834.37,1
2023-08-22,2023-08-22 11:08:00,171.23,171.26,171.23,171.26,0.02,22.0,3834.37,1
2023-08-22,2023-08-22 11:09:00,171.26,171.29,171.26,171.29,0.02,22.0,3834.37,1
2023-08-22,2023-08-22 11:10:00,171.29,171.32,171.29,171.32,0.02,22.0,3834.37,1
2023-08-22,2023-08-22 11:11:00,171.32,171.35,171.32,171.35,0.02,22.0,3834.37,1
2023-08-22,2023-08-22 11:12:00,171.35,171.38,171.35,171.38,0.02,22.0,3834.37,1
2023-08-22,2023-08-22 11:13:00,171.38,171.41,171.38,171.41,0.02,22.0,3834.37,1
2023-08-22,2023-08-22 11:14:00,171.41,171.44,171.41,171.44,0.02,22.0,3834.37,1
2023-08-22,2023-08-22 11:15:00,171.44,171.47,171.44,171.47,0.02,22.0,3834.37,1
2023-08-22,2023-08-22 11:16:00,171.47,171.5,171.47,171.5,0.02,22.0,3834.37,1
2023-08-22,2023-08-22 11:17:00,171.5,171.53,171.5,171.53,0.02,22.0,3834.37,1
2023-08-22,2023-08-22 11:18:00,171.53,171.55,171.53,171.55,0.01,22.0,3834.37,1
2023-08-22,2023-08-22 11:19:00,171.55,171.58,171.55,171.58,0.02,22.0,3834.37,1
2023-08-22,2023-08-22 11:20:00,171.58,171.61,171.58,171.61,0.02,22.0,3834.37,1
2023-08-22,2023-08-22 11:21:00,171.61,171.64,171.61,171.64,0.02,22.0,3834.37,1
2023-08-22,2023-08-22 11:22:00,171.64,171.67,171.64,171.67,0.02,22.0,3834.37,1
2023-08-22,2023-08-22 11:23:00,171.67,171.7,171.67,171.7,0.02,22.0,3834.37,1
2023-08-22,2023-08-22 11:24:00,171.7,171.73,171.7,171.73,0.02,22.0,3834.37,1
2023-08-22,2023-08-22 11:25:00,171.73,171.76,171.73,171.76,0.02,22.0,3834.37,1
2023-08-22,2023-08-22 11:26:00,171.76,171.79,171.76,171.79,0.02,22.0,3834.37,1
2023-08-22,2023-08-22 11:27:00,171.79,171.82,171.79,171.82,0.02,22.0,3834.37,1
2023-08-22,2023-08-22 11:28:00,171.82,171.85,171.82,171.85,0.02,22.0,3834.37,1
2023-08-22,2023-08-22 11:29:00,171.85,171.88,171.85,171.88,0.02,22.0,3834.37,1
2023-08-22,2023-08-22 11:30:00,171.88,171.9,171.88,171.9,0.01,22.0,3834.37,1
2023-08-22,2023-08-22 11:31:00,171.9,171.93,171.9,171.93,0.02,22.0,3834.37,1
2023-08-22,2023-08-22 11:32:00,171.93,171.96,171.93,171.96,0.02,22.0,3834.37,1
2023-08-22,2023-08-22 11:33:00,171.96,171.99,171.96,171.99,0.02,22.0,3834.37,1
2023-08-22,2023-08-22 11:34:00,171.99,172.02,171.99,172.02,0.02,22.0,3834.37,1
2023-08-22,2023-08-22 11:35:00,172.02,172.05,172.02,172.05,0.02,22.0,3834.37,1
2023-08-22,2023-08-22 11:36:00,172.05,172.08,172.05,172.08,0.02,22.0,3834.37,1
2023-08-22,2023-08-22 11:37:00,172.08,172.11,172.08,172.11,0.02,22.0,3834.37,1
2023-08-22,2023-08-22 11:38:00,172.11,172.14,172.11,172.14,0.02,22.0,3834.37,1
2023-08-22,2023-08-22 11:39:00,172.14,172.17,172.14,172.17,0.02,22.0,3834.37,1
2023-08-22,2023-08-22 11:40:00,172.17,172.2,172.17,172.2,0.02,22.0,3834.37,1
2023-08-22,2023-08-22 11:41:00,172.2,172.22,172.2,172.22,0.01,22.0,3834.37,1
2023-08-22,2023-08-22 11:42:00,172.22,172.25,172.22,172.25,0.02,22.0,3834.37,1
2023-08-22,2023-08-22 11:43:00,172.25,172.28,172.25,172.28,0.02,22.0,3834.37,1
2023-08-22,2023-08-22 11:44:00,172.28,172.31,172.28,172.31,0.02,22.0,3834.37,1
2023-08-22,2023-08-22 11:45:00,172.31,172.34,172.31,172.34,0.02,22.0,3834.37,1
2023-08-22,2023-08-22 11:46:00,172.34,172.37,172.34,172.37,0.02,22.0,3834.37,1
2023-08-22,2023-08-22 11:47:00,172.37,172.4,172.37,172.4,0.02,22.0,3834.37,1
2023-08-22,2023-08-22 11:48:00,172.4,172.43,172.4,172.43,0.02,22.0,3834.37,1
2023-08-22,2023-08-22 11:49:00,172.43,172.46,172.43,172.46,0.02,22.0,3834.37,1
2023-08-22,2023-08-22 11:50:00,172.46,172.49,172.46,172.49,0.02,22.0,3834.37,1
2023-08-22,2023-08-22 11:51:00,172.49,172.52,172.49,172.52,0.02,22.0,3834.37,1
2023-08-22,2023-08-22 11:52:00,172.52,172.55,172.52,172.55,0.02,22.0,3834.37,1
2023-08-22,2023-08-22 11:53:00,172.55,172.57,172.55,172.57,0.01,22.0,3834.37,1
2023-08-22,2023-08-22 11:54:00,172.57,172.6,172.57,172.6,0.02,22.0,3834.37,1
2023-08-22,2023-08-22 11:55:00,172.6,172.63,172.6,172.63,0.02,22.0,3834.37,1
2023-08-22,2023-08-22 11:56:00,172.63,172.66,172.63,172.66,0.02,22.0,3834.37,1
2023-08-22,2023-08-22 11:57:00,172.66,172.69,172.66,172.69,0.02,22.0,3834.37,1
2023-08-22,2023-08-22 11:58:00,172.69,172.72,172.69,172.72,0.02,22.0,3834.37,1
2023-08-22,2023-08-22 11:59:00,172.72,172.75,172.72,172.75,0.02,22.0,3834.37,1
2023-08-22,2023-08-22 12:00:00,172.75,172.78,172.75,172.78,0.02,22.0,3834.37,1
2023-08-22,2023-08-22 12:01:00,172.78,172.81,172.78,172.81,0.02,22.0,3834.37,1
2023-08-22,2023-08-22 12:02:00,172.81,172.84,172.81,172.84,0.02,22.0,3834.37,1
2023-08-22,2023-08-22 12:03:00,172.84,172.87,172.84,172.87,0.02,22.0,3834.37,1
2023-08-22,2023-08-22 12:04:00,172.87,172.9,172.87,172.9,0.02,22.0,3834.37,1
2023-08-22,2023-08-22 12:05:00,172.9,172.93,172.9,172.93,0.02,22.0,3834.37,1
2023-08-22,2023-08-22 12:06:00,172.93,172.95,172.93,172.95,0.01,22.0,3834.37,1
2023-08-22,2023-08-22 12:07:00,172.95,172.98,172.95,172.98,0.02,22.0,3834.37,1
2023-08-22,2023-08-22 12:08:00,172.98,173.01,172.98,173.01,0.02,22.0,3834.37,1
2023-08-22,2023-08-22 12:09:00,173.01,173.04,173.01,173.04,0.02,22.0,3834.37,1
2023-08-22,2023-08-22 12:10:00,173.04,173.07,173.04,173.07,0.02,22.0,3834.37,1
2023-08-22,2023-08-22 12:11:00,173.07,173.1,173.07,173.1,0.02,22.0,3834.37,1
2023-08-22,2023-08-22 12:12:00,173.1,173.13,173.1,173.13,0.02,22.0,3834.37,1
2023-08-22,2023-08-22 12:13:00,173.13,173.16,173.13,173.16,0.02,22.0,3834.37,1
2023-08-22,2023-08-22 12:14:00,173.16,173.19,173.16,173.19,0.02,22.0,3834.37,1
2023-08-22,2023-08-22 12:15:00,173.19,173.22,173.19,173.22,0.02,22.0,3834.37,1
2023-08-22,2023-08-22 12:16:00,173.22,173.25,173.22,173.25,0.02,22.0,3834.37,1
2023-08-22,2023-08-22 12:17:00,173.25,173.28,173.25,173.28,0.02,22.0,3834.37,1
2023-08-22,2023-08-22 12:18:00,173.28,173.3,173.28,173.3,0.01,22.0,3834.37,1
2023-08-22,2023-08-22 12:19:00,173.3,173.33,173.3,173.33,0.02,22.0,3834.37,1
2023-08-22,2023-08-22 12:20:00,173.33,173.36,173.33,173.36,0.02,22.0,3834.37,1
2023-08-22,2023-08-22 12:21:00,173.36,173.39,173.36,173.39,0.02,22.0,3834.37,1
2023-08-22,2023-08-22 12:22:00,173.39,173.42,173.39,173.42,0.02,22.0,3834.37,1
2023-08-22,2023-08-22 12:23:00,173.42,173.45,173.42,173.45,0.02,22.0,3834.37,1
2023-08-22,2023-08-22 12:24:00,173.45,173.48,173.45,173.48,0.02,22.0,3834.37,1
2023-08-22,2023-08-22 12:25:00,173.48,173.51,173.48,173.51,0.02,22.0,3834.37,1
2023-08-22,2023-08-22 12:26:00,173.51,173.54,173.51,173.54,0.02,22.0,3834.37,1
2023-08-22,2023-08-22 12:27:00,173.54,173.57,173.54,173.57,0.02,22.0,3834.37,1
2023-08-22,2023-08-22 12:28:00,173.57,173.6,173.57,173.6,0.02,22.0,3834.37,1
2023-08-22,2023-08-22 12:29:00,173.6,173.62,173.6,173.62,0.01,22.0,3834.37,1
2023-08-22,2023-08-22 12:30:00,173.62,173.65,173.62,173.65,0.02,22.0,3834.37,1
2023-08-22,2023-08-22 12:31:00,173.65,173.68,173.65,173.68,0.02,22.0,3834.37,1
2023-08-22,2023-08-22 12:32:00,173.68,173.71,173.68,173.71,0.02,22.0,3834.37,1
2023-08-22,2023-08-22 12:33:00,173.71,173.74,173.71,173.74,0.02,22.0,3834.37,1
2023-08-22,2023-08-22 12:34:00,173.74,173.77,173.74,173.77,0.02,22.0,3834.37,1
2023-08-22,2023-08-22 12:35:00,173.77,173.8,173.77,173.8,0.02,22.0,3834.37,1
2023-08-22,2023-08-22 12:36:00,173.8,173.83,173.8,173.83,0.02,22.0,3834.37,1
2023-08-22,2023-08-22 12:37:00,173.83,173.86,173.83,173.86,0.02,22.0,3834.37,1
2023-08-22,2023-08-22 12:38:00,173.86,173.89,173.86,173.89,0.02,22.0,3834.37,1
2023-08-22,2023-08-22 12:39:00,173.89,173.92,173.89,173.92,0.02,22.0,3834.37,1
2023-08-22,2023-08-22 12:40:00,173.92,173.95,173.92,173.95,0.02,22.0,3834.37,1
2023-08-22,2023-08-22 12:41:00,173.95,173.97,173.95,173.97,0.01,22.0,3834.37,1
2023-08-22,2023-08-22 12:42:00,173.97,174.0,173.97,174.0,0.02,22.0,3834.37,1
2023-08-22,2023-08-22 12:43:00,174.0,174.03,174.0,174.03,0.02,22.0,3834.37,1
2023-08-22,2023-08-22 12:44:00,174.03,174.06,174.03,174.06,0.02,22.0,3834.37,1
2023-08-22,2023-08-22 12:45:00,174.06,174.09,174.06,174.09,0.02,22.0,3834.37,1
2023-08-22,2023-08-22 12:46:00,174.09,174.12,174.09,174.12,0.02,22.0,3834.37,1
2023-08-22,2023-08-22 12:47:00,174.12,174.15,174.12,174.15,0.02,22.0,3834.37,1
2023-08-22,2023-08-22 12:48:00,174.15,174.18,174.15,174.18,0.02,22.0,3834.37,1
2023-08-22,2023-08-22 12:49:00,174.18,174.21,174.18,174.21,0.02,22.0,3834.37,1
2023-08-22,2023-08-22 12:50:00,174.21,174.24,174.21,174.24,0.02,22.0,3834.37,1
2023-08-22,2023-08-22 12:51:00,174.24,174.27,174.24,174.27,0.02,22.0,3834.37,1
2023-08-22,2023-08-22 12:52:00,174.27,174.3,174.27,174.3,0.02,22.0,3834.37,1
2023-08-22,2023-08-22 12:53:00,174.3,174.32,174.3,174.32,0.01,22.0,3834.37,1
2023-08-22,2023-08-22 12:54:00,174.32,174.35,174.32,174.35,0.02,22.0,3834.37,1
2023-08-22,2023-08-22 12:55:00,174.35,174.38,174.35,174.38,0.02,22.0,3834.37,1
2023-08-22,2023-08-22 12:56:00,174.38,174.41,174.38,174.41,0.02,22.0,3834.37,1
2023-08-22,2023-08-22 12:57:00,174.41,174.44,174.41,174.44,0.02,22.0,3834.37,1
2023-08-22,2023-08-22 12:58:00,174.44,174.47,174.44,174.47,0.02,22.0,3834.37,1
2023-08-22,2023-08-22 12:59:00,174.47,174.5,174.47,174.5,0.02,22.0,3834.37,1
2023-08-22,2023-08-22 13:00:00,174.5,179.5,171.0,174.53,0.02,22.0,3834.37,1
2023-08-22,2023-08-22 13:01:00,174.53,174.56,174.53,174.56,0.02,22.0,3834.37,1
2023-08-22,2023-08-22 13:02:00,174.56,174.59,174.56,174.59,0.02,22.0,3834.37,1
2023-08-22,2023-08-22 13:03:00,174.59,174.62,174.59,174.62,0.02,22.0,3834.37,1
2023-08-22,2023-08-22 13:04:00,174.62,174.65,174.62,174.65,0.02,22.0,3834.37,1
2023-08-22,2023-08-22 13:05:00,174.65,174.68,174.65,174.68,0.02,22.0,3834.37,1
2023-08-22,2023-08-22 13:06:00,174.68,174.7,174.68,174.7,0.01,22.0,3834.37,1
2023-08-22,2023-08-22 13:07:00,174.7,174.73,174.7,174.73,0.02,22.0,3834.37,1
2023-08-22,2023-08-22 13:08:00,174.73,174.76,174.73,174.76,0.02,22.0,3834.37,1
2023-08-22,2023-08-22 13:09:00,174.76,174.79,174.76,174.79,0.02,22.0,3834.37,1
2023-08-22,2023-08-22 13:10:00,174.79,174.82,174.79,174.82,0.02,22.0,3834.37,1
2023-08-22,2023-08-22 13:11:00,174.82,174.85,174.82,174.85,0.02,22.0,3834.37,1
2023-08-22,2023-08-22 13:12:00,174.85,174.88,174.85,174.88,0.02,22.0,3834.37,1
2023-08-22,2023-08-22 13:13:00,174.88,174.91,174.88,174.91,0.02,22.0,3834.37,1
2023-08-22,2023-08-22 13:14:00,174.91,174.94,174.91,174.94,0.02,22.0,3834.37,1
2023-08-22,2023-08-22 13:15:00,174.94,174.97,174.94,174.97,0.02,22.0,3834.37,1
2023-08-22,2023-08-22 13:16:00,174.97,175.0,174.97,175.0,0.02,22.0,3834.37,1
2023-08-22,2023-08-22 13:17:00,175.0,175.03,175.0,175.03,0.02,22.0,3834.37,1
2023-08-22,2023-08-22 13:18:00,175.03,175.05,175.03,175.05,0.01,22.0,3834.37,1
2023-08-22,2023-08-22 13:19:00,175.05,175.08,175.05,175.08,0.02,22.0,3834.37,1
2023-08-22,2023-08-22 13:20:00,175.08,175.11,175.08,175.11,0.02,22.0,3834.37,1
2023-08-22,2023-08-22 13:21:00,175.11,175.14,175.11,175.14,0.02,22.0,3834.37,1
2023-08-22,2023-08-22 13:22:00,175.14,175.17,175.14,175.17,0.02,22.0,3834.37,1
2023-08-22,2023-08-22 13:23:00,175.17,175.2,175.17,175.2,0.02,22.0,3834.37,1
2023-08-22,2023-08-22 13:24:00,175.2,175.23,175.2,175.23,0.02,22.0,3834.37,1
2023-08-22,2023-08-22 13:25:00,175.23,175.26,175.23,175.26,0.02,22.0,3834.37,1
2023-08-22,2023-08-22 13:26:00,175.26,175.29,175.26,175.29,0.02,22.0,3834.37,1
2023-08-22,2023-08-22 13:27:00,175.29,175.32,175.29,175.32,0.02,22.0,3834.37,1
2023-08-22,2023-08-22 13:28:00,175.32,175.35,175.32,175.35,0.02,22.0,3834.37,1
2023-08-22,2023-08-22 13:29:00,175.35,175.38,175.35,175.38,0.02,22.0,3834.37,1
2023-08-22,2023-08-22 13:30:00,175.38,175.4,175.38,175.4,0.01,22.0,3834.37,1
2023-08-22,2023-08-22 13:31:00,175.4,175.43,175.4,175.43,0.02,22.0,3834.37,1
2023-08-22,2023-08-22 13:32:00,175.43,175.46,175.43,175.46,0.02,22.0,3834.37,1
2023-08-22,2023-08-22 13:33:00,175.46,175.49,175.46,175.49,0.02,22.0,3834.37,1
2023-08-22,2023-08-22 13:34:00,175.49,175.52,175.49,175.52,0.02,22.0,3834.37,1
2023-08-22,2023-08-22 13:35:00,175.52,175.55,175.52,175.55,0.02,22.0,3834.37,1
2023-08-22,2023-08-22 13:36:00,175.55,175.58,175.55,175.58,0.02,22.0,3834.37,1
2023-08-22,2023-08-22 13:37:00,175.58,175.61,175.58,175.61,0.02,22.0,3834.37,1
2023-08-22,2023-08-22 13:38:00,175.61,175.64,175.61,175.64,0.02,22.0,3834.37,1
2023-08-22,2023-08-22 13:39:00,175.64,175.67,175.64,175.67,0.02,22.0,3834.37,1
2023-08-22,2023-08-22 13:40:00,175.67,175.7,175.67,175.7,0.02,22.0,3834.37,1
2023-08-22,2023-08-22 13:41:00,175.7,175.72,175.7,175.72,0.01,22.0,3834.37,1
2023-08-22,2023-08-22 13:42:00,175.72,175.75,175.72,175.75,0.02,22.0,3834.37,1
2023-08-22,2023-08-22 13:43:00,175.75,175.78,175.75,175.78,0.02,22.0,3834.37,1
2023-08-22,2023-08-22 13:44:00,175.78,175.81,175.78,175.81,0.02,22.0,3834.37,1
2023-08-22,2023-08-22 13:45:00,175.81,175.84,175.81,175.84,0.02,22.0,3834.37,1
2023-08-22,2023-08-22 13:46:00,175.84,175.87,175.84,175.87,0.02,22.0,3834.37,1
2023-08-22,2023-08-22 13:47:00,175.87,175.9,175.87,175.9,0.02,22.0,3834.37,1
2023-08-22,2023-08-22 13:48:00,175.9,175.93,175.9,175.93,0.02,22.0,3834.37,1
2023-08-22,2023-08-22 13:49:00,175.93,175.96,175.93,175.96,0.02,22.0,3834.37,1
2023-08-22,2023-08-22 13:50:00,175.96,175.99,175.96,175.99,0.02,22.0,3834.37,1
2023-08-22,2023-08-22 13:51:00,175.99,176.02,175.99,176.02,0.02,22.0,3834.37,1
2023-08-22,2023-08-22 13:52:00,176.02,176.05,176.02,176.05,0.02,22.0,3834.37,1
2023-08-22,2023-08-22 13:53:00,176.05,176.07,176.05,176.07,0.01,22.0,3834.37,1
2023-08-22,2023-08-22 13:54:00,176.07,176.1,176.07,176.1,0.02,22.0,3834.37,1
2023-08-22,2023-08-22 13:55:00,176.1,176.13,176.1,176.13,0.02,22.0,3834.37,1
2023-08-22,2023-08-22 13:56:00,176.13,176.16,176.13,176.16,0.02,22.0,3834.37,1
2023-08-22,2023-08-22 13:57:00,176.16,176.19,176.16,176.19,0.02,22.0,3834.37,1
2023-08-22,2023-08-22 13:58:00,176.19,176.22,176.19,176.22,0.02,22.0,3834.37,1
2023-08-22,2023-08-22 13:59:00,176.22,176.25,176.22,176.25,0.02,22.0,3834.37,1
2023-08-22,2023-08-22 14:00:00,176.25,176.28,176.25,176.28,0.02,22.0,3834.37,1
2023-08-22,2023-08-22 14:01:00,176.28,176.31,176.28,176.31,0.02,22.0,3834.37,1
2023-08-22,2023-08-22 14:02:00,176.31,176.34,176.31,176.34,0.02,22.0,3834.37,1
2023-08-22,2023-08-22 14:03:00,176.34,176.37,176.34,176.37,0.02,22.0,3834.37,1
2023-08-22,2023-08-22 14:04:00,176.37,176.4,176.37,176.4,0.02,22.0,3834.37,1
2023-08-22,2023-08-22 14:05:00,176.4,176.43,176.4,176.43,0.02,22.0,3834.37,1
2023-08-22,2023-08-22 14:06:00,176.43,176.45,176.43,176.45,0.01,22.0,3834.37,1
2023-08-22,2023-08-22 14:07:00,176.45,176.48,176.45,176.48,0.02,22.0,3834.37,1
2023-08-22,2023-08-22 14:08:00,176.48,176.51,176.48,176.51,0.02,22.0,3834.37,1
2023-08-22,2023-08-22 14:09:00,176.51,176.54,176.51,176.54,0.02,22.0,3834.37,1
2023-08-22,2023-08-22 14:10:00,176.54,176.57,176.54,176.57,0.02,22.0,3834.37,1
2023-08-22,2023-08-22 14:11:00,176.57,176.6,176.57,176.6,0.02,22.0,3834.37,1
2023-08-22,2023-08-22 14:12:00,176.6,176.63,176.6,176.63,0.02,22.0,3834.37,1
2023-08-22,2023-08-22 14:13:00,176.63,176.66,176.63,176.66,0.02,22.0,3834.37,1
2023-08-22,2023-08-22 14:14:00,176.66,176.69,176.66,176.69,0.02,22.0,3834.37,1
2023-08-22,2023-08-22 14:15:00,176.69,176.72,176.69,176.72,0.02,22.0,3834.37,1
2023-08-22,2023-08-22 14:16:00,176.72,176.75,176.72,176.75,0.02,22.0,3834.37,1
2023-08-22,2023-08-22 14:17:00,176.75,176.78,176.75,176.78,0.02,22.0,3834.37,1
2023-08-22,2023-08-22 14:18:00,176.78,176.8,176.78,176.8,0.01,22.0,3834.37,1
2023-08-22,2023-08-22 14:19:00,176.8,176.83,176.8,176.83,0.02,22.0,3834.37,1
2023-08-22,2023-08-22 14:20:00,176.83,176.86,176.83,176.86,0.02,22.0,3834.37,1
2023-08-22,2023-08-22 14:21:00,176.86,176.89,176.86,176.89,0.02,22.0,3834.37,1
2023-08-22,2023-08-22 14:22:00,176.89,176.92,176.89,176.92,0.02,22.0,3834.37,1
2023-08-22,2023-08-22 14:23:00,176.92,176.95,176.92,176.95,0.02,22.0,3834.37,1
2023-08-22,2023-08-22 14:24:00,176.95,176.98,176.95,176.98,0.02,22.0,3834.37,1
2023-08-22,2023-08-22 14:25:00,176.98,177.01,176.98,177.01,0.02,22.0,3834.37,1
2023-08-22,2023-08-22 14:26:00,177.01,177.04,177.01,177.04,0.02,22.0,3834.37,1
2023-08-22,2023-08-22 14:27:00,177.04,177.07,177.04,177.07,0.02,22.0,3834.37,1
2023-08-22,2023-08-22 14:28:00,177.07,177.1,177.07,177.1,0.02,22.0,3834.37,1
2023-08-22,2023-08-22 14:29:00,177.1,177.12,177.1,177.12,0.01,22.0,3834.37,1
2023-08-22,2023-08-22 14:30:00,177.12,177.15,177.12,177.15,0.02,22.0,3834.37,1
2023-08-22,2023-08-22 14:31:00,177.15,177.18,177.15,177.18,0.02,22.0,3834.37,1
2023-08-22,2023-08-22 14:32:00,177.18,177.21,177.18,177.21,0.02,22.0,3834.37,1
2023-08-22,2023-08-22 14:33:00,177.21,177.24,177.21,177.24,0.02,22.0,3834.37,1
2023-08-22,2023-08-22 14:34:00,177.24,177.27,177.24,177.27,0.02,22.0,3834.37,1
2023-08-22,2023-08-22 14:35:00,177.27,177.3,177.27,177.3,0.02,22.0,3834.37,1
2023-08-22,2023-08-22 14:36:00,177.3,177.33,177.3,177.33,0.02,22.0,3834.37,1
2023-08-22,2023-08-22 14:37:00,177.33,177.36,177.33,177.36,0.02,22.0,3834.37,1
2023-08-22,2023-08-22 14:38:00,177.36,177.39,177.36,177.39,0.02,22.0,3834.37,1
2023-08-22,2023-08-22 14:39:00,177.39,177.42,177.39,177.42,0.02,22.0,3834.37,1
2023-08-22,2023-08-22 14:40:00,177.42,177.45,177.42,177.45,0.02,22.0,3834.37,1
2023-08-22,2023-08-22 14:41:00,177.45,177.47,177.45,177.47,0.01,22.0,3834.37,1
2023-08-22,2023-08-22 14:42:00,177.47,177.5,177.47,177.5,0.02,22.0,3834.37,1
2023-08-22,2023-08-22 14:43:00,177.5,177.53,177.5,177.53,0.02,22.0,3834.37,1
2023-08-22,2023-08-22 14:44:00,177.53,177.56,177.53,177.56,0.02,22.0,3834.37,1
2023-08-22,2023-08-22 14:45:00,177.56,177.59,177.56,177.59,0.02,22.0,3834.37,1
2023-08-22,2023-08-22 14:46:00,177.59,177.62,177.59,177.62,0.02,22.0,3834.37,1
2023-08-22,2023-08-22 14:47:00,177.62,177.65,177.62,177.65,0.02,22.0,3834.37,1
2023-08-22,2023-08-22 14:48:00,177.65,177.68,177.65,177.68,0.02,22.0,3834.37,1
2023-08-22,2023-08-22 14:49:00,177.68,177.71,177.68,177.71,0.02,22.0,3834.37,1
2023-08-22,2023-08-22 14:50:00,177.71,177.74,177.71,177.74,0.02,22.0,3834.37,1
2023-08-22,2023-08-22 14:51:00,177.74,177.77,177.74,177.77,0.02,22.0,3834.37,1
2023-08-22,2023-08-22 14:52:00,177.77,177.8,177.77,177.8,0.02,22.0,3834.37,1
2023-08-22,2023-08-22 14:53:00,177.8,177.82,177.8,177.82,0.01,22.0,3834.37,1
2023-08-22,2023-08-22 14:54:00,177.82,177.85,177.82,177.85,0.02,22.0,3834.37,1
2023-08-22,2023-08-22 14:55:00,177.85,177.88,177.85,177.88,0.02,22.0,3834.37,1
2023-08-22,2023-08-22 14:56:00,177.88,177.91,177.88,177.91,0.02,22.0,3834.37,1
2023-08-22,2023-08-22 14:57:00,177.91,177.94,177.91,177.94,0.02,22.0,3834.37,1
2023-08-22,2023-08-22 14:58:00,177.94,177.97,177.94,177.97,0.02,22.0,3834.37,1
2023-08-22,2023-08-22 14:59:00,177.97,178.0,177.97,178.0,0.02,22.0,3834.37,1
2023-08-22,2023-08-22 15:00:00,178.0,179.5,171.0,178.0,0.0,22.0,3834.37,0
2023-08-23,2023-08-23 11:00:00,176.0,180.71,175.73,176.07,0.04,20.07,3703.53,1
2023-08-23,2023-08-23 11:01:00,176.07,176.13,176.07,176.13,0.03,20.07,3703.53,1
2023-08-23,2023-08-23 11:02:00,176.13,176.2,176.13,176.2,0.04,20.07,3703.53,1
2023-08-23,2023-08-23 11:03:00,176.2,176.26,176.2,176.26,0.03,20.07,3703.53,1
2023-08-23,2023-08-23 11:04:00,176.26,176.33,176.26,176.33,0.04,20.07,3703.53,1
2023-08-23,2023-08-23 11:05:00,176.33,176.39,176.33,176.39,0.03,20.07,3703.53,1
2023-08-23,2023-08-23 11:06:00,176.39,176.46,176.39,176.46,0.04,20.07,3703.53,1
2023-08-23,2023-08-23 11:07:00,176.46,176.52,176.46,176.52,0.03,20.07,3703.53,1
2023-08-23,2023-08-23 11:08:00,176.52,176.59,176.52,176.59,0.04,20.07,3703.53,1
2023-08-23,2023-08-23 11:09:00,176.59,176.65,176.59,176.65,0.03,20.07,3703.53,1
2023-08-23,2023-08-23 11:10:00,176.65,176.72,176.65,176.72,0.04,20.07,3703.53,1
2023-08-23,2023-08-23 11:11:00,176.72,176.78,176.72,176.78,0.03,20.07,3703.53,1
2023-08-23,2023-08-23 11:12:00,176.78,176.85,176.78,176.85,0.04,20.07,3703.53,1
2023-08-23,2023-08-23 11:13:00,176.85,176.92,176.85,176.92,0.04,20.07,3703.53,1
2023-08-23,2023-08-23 11:14:00,176.92,176.98,176.92,176.98,0.03,20.07,3703.53,1
2023-08-23,2023-08-23 11:15:00,176.98,177.05,176.98,177.05,0.04,20.07,3703.53,1
2023-08-23,2023-08-23 11:16:00,177.05,177.11,177.05,177.11,0.03,20.07,3703.53,1
2023-08-23,2023-08-23 11:17:00,177.11,177.18,177.11,177.18,0.04,20.07,3703.53,1
2023-08-23,2023-08-23 11:18:00,177.18,177.24,177.18,177.24,0.03,20.07,3703.53,1
2023-08-23,2023-08-23 11:19:00,177.24,177.31,177.24,177.31,0.04,20.07,3703.53,1
2023-08-23,2023-08-23 11:20:00,177.31,177.37,177.31,177.37,0.03,20.07,3703.53,1
2023-08-23,2023-08-23 11:21:00,177.37,177.44,177.37,177.44,0.04,20.07,3703.53,1
2023-08-23,2023-08-23 11:22:00,177.44,177.5,177.44,177.5,0.03,20.07,3703.53,1
2023-08-23,2023-08-23 11:23:00,177.5,177.57,177.5,177.57,0.04,20.07,3703.53,1
2023-08-23,2023-08-23 11:24:00,177.57,177.64,177.57,177.64,0.04,20.07,3703.53,1
2023-08-23,2023-08-23 11:25:00,177.64,177.7,177.64,177.7,0.03,20.07,3703.53,1
2023-08-23,2023-08-23 11:26:00,177.7,177.77,177.7,177.77,0.04,20.07,3703.53,1
2023-08-23,2023-08-23 11:27:00,177.77,177.83,177.77,177.83,0.03,20.07,3703.53,1
2023-08-23,2023-08-23 11:28:00,177.83,177.9,177.83,177.9,0.04,20.07,3703.53,1
2023-08-23,2023-08-23 11:29:00,177.9,177.96,177.9,177.96,0.03,20.07,3703.53,1
2023-08-23,2023-08-23 11:30:00,177.96,178.03,177.96,178.03,0.04,20.07,3703.53,1
2023-08-23,2023-08-23 11:31:00,178.03,178.09,178.03,178.09,0.03,20.07,3703.53,1
2023-08-23,2023-08-23 11:32:00,178.09,178.16,178.09,178.16,0.04,20.07,3703.53,1
2023-08-23,2023-08-23 11:33:00,178.16,178.22,178.16,178.22,0.03,20.07,3703.53,1
2023-08-23,2023-08-23 11:34:00,178.22,178.29,178.22,178.29,0.04,20.07,3703.53,1
2023-08-23,2023-08-23 11:35:00,178.29,178.35,178.29,178.35,0.03,20.07,3703.53,1
2023-08-23,2023-08-23 11:36:00,178.35,178.42,178.35,178.42,0.04,20.07,3703.53,1
2023-08-23,2023-08-23 11:37:00,178.42,178.49,178.42,178.49,0.04,20.07,3703.53,1
2023-08-23,2023-08-23 11:38:00,178.49,178.55,178.49,178.55,0.03,20.07,3703.53,1
2023-08-23,2023-08-23 11:39:00,178.55,178.62,178.55,178.62,0.04,20.07,3703.53,1
2023-08-23,2023-08-23 11:40:00,178.62,178.68,178.62,178.68,0.03,20.07,3703.53,1
2023-08-23,2023-08-23 11:41:00,178.68,178.75,178.68,178.75,0.04,20.07,3703.53,1
2023-08-23,2023-08-23 11:42:00,178.75,178.81,178.75,178.81,0.03,20.07,3703.53,1
2023-08-23,2023-08-23 11:43:00,178.81,178.88,178.81,178.88,0.04,20.07,3703.53,1
2023-08-23,2023-08-23 11:44:00,178.88,178.94,178.88,178.94,0.03,20.07,3703.53,1
2023-08-23,2023-08-23 11:45:00,178.94,179.01,178.94,179.01,0.04,20.07,3703.53,1
2023-08-23,2023-08-23 11:46:00,179.01,179.07,179.01,179.07,0.03,20.07,3703.53,1
2023-08-23,2023-08-23 11:47:00,179.07,179.14,179.07,179.14,0.04,20.07,3703.53,1
2023-08-23,2023-08-23 11:48:00,179.14,179.21,179.14,179.21,0.04,20.07,3703.53,1
2023-08-23,2023-08-23 11:49:00,179.21,179.27,179.21,179.27,0.03,20.07,3703.53,1
2023-08-23,2023-08-23 11:50:00,179.27,179.34,179.27,179.34,0.04,20.07,3703.53,1
2023-08-23,2023-08-23 11:51:00,179.34,179.4,179.34,179.4,0.03,20.07,3703.53,1
2023-08-23,2023-08-23 11:52:00,179.4,179.47,179.4,179.47,0.04,20.07,3703.53,1
2023-08-23,2023-08-23 11:53:00,179.47,179.53,179.47,179.53,0.03,20.07,3703.53,1
2023-08-23,2023-08-23 11:54:00,179.53,179.6,179.53,179.6,0.04,20.07,3703.53,1
2023-08-23,2023-08-23 11:55:00,179.6,179.66,179.6,179.66,0.03,20.07,3703.53,1
2023-08-23,2023-08-23 11:56:00,179.66,179.73,179.66,179.73,0.04,20.07,3703.53,1
2023-08-23,2023-08-23 11:57:00,179.73,179.79,179.73,179.79,0.03,20.07,3703.53,1
2023-08-23,2023-08-23 11:58:00,179.79,179.86,179.79,179.86,0.04,20.07,3703.53,1
2023-08-23,2023-08-23 11:59:00,179.86,179.93,179.86,179.93,0.04,20.07,3703.53,1
2023-08-23,2023-08-23 12:00:00,179.93,179.99,179.93,179.99,0.03,20.07,3703.53,1
2023-08-23,2023-08-23 12:01:00,179.99,180.06,179.99,180.06,0.04,20.07,3703.53,1
2023-08-23,2023-08-23 12:02:00,180.06,180.12,180.06,180.12,0.03,20.07,3703.53,1
2023-08-23,2023-08-23 12:03:00,180.12,180.19,180.12,180.19,0.04,20.07,3703.53,1
2023-08-23,2023-08-23 12:04:00,180.19,180.25,180.19,180.25,0.03,20.07,3703.53,1
2023-08-23,2023-08-23 12:05:00,180.25,180.32,180.25,180.32,0.04,20.07,3703.53,1
2023-08-23,2023-08-23 12:06:00,180.32,180.38,180.32,180.38,0.03,20.07,3703.53,1
2023-08-23,2023-08-23 12:07:00,180.38,180.45,180.38,180.45,0.04,20.07,3703.53,1
2023-08-23,2023-08-23 12:08:00,180.45,180.51,180.45,180.51,0.03,20.07,3703.53,1
2023-08-23,2023-08-23 12:09:00,180.51,180.58,180.51,180.58,0.04,20.07,3703.53,1
2023-08-23,2023-08-23 12:10:00,180.58,180.64,180.58,180.64,0.03,20.07,3703.53,1
2023-08-23,2023-08-23 12:11:00,180.64,180.71,180.64,180.71,0.04,20.07,3703.53,1
2023-08-23,2023-08-23 12:12:00,180.71,180.78,180.71,180.78,0.04,20.07,3703.53,1
2023-08-23,2023-08-23 12:13:00,180.78,180.84,180.78,180.84,0.03,20.07,3703.53,1
2023-08-23,2023-08-23 12:14:00,180.84,180.91,180.84,180.91,0.04,20.07,3703.53,1
2023-08-23,2023-08-23 12:15:00,180.91,180.97,180.91,180.97,0.03,20.07,3703.53,1
2023-08-23,2023-08-23 12:16:00,180.97,181.04,180.97,181.04,0.04,20.07,3703.53,1
2023-08-23,2023-08-23 12:17:00,181.04,181.1,181.04,181.1,0.03,20.07,3703.53,1
2023-08-23,2023-08-23 12:18:00,181.1,181.17,181.1,181.17,0.04,20.07,3703.53,1
2023-08-23,2023-08-23 12:19:00,181.17,181.23,181.17,181.23,0.03,20.07,3703.53,1
2023-08-23,2023-08-23 12:20:00,181.23,181.3,181.23,181.3,0.04,20.07,3703.53,1
2023-08-23,2023-08-23 12:21:00,181.3,181.36,181.3,181.36,0.03,20.07,3703.53,1
2023-08-23,2023-08-23 12:22:00,181.36,181.43,181.36,181.43,0.04,20.07,3703.53,1
2023-08-23,2023-08-23 12:23:00,181.43,181.5,181.43,181.5,0.04,20.07,3703.53,1
2023-08-23,2023-08-23 12:24:00,181.5,181.56,181.5,181.56,0.03,20.07,3703.53,1
2023-08-23,2023-08-23 12:25:00,181.56,181.63,181.56,181.63,0.04,20.07,3703.53,1
2023-08-23,2023-08-23 12:26:00,181.63,181.69,181.63,181.69,0.03,20.07,3703.53,1
2023-08-23,2023-08-23 12:27:00,181.69,181.76,181.69,181.76,0.04,20.07,3703.53,1
2023-08-23,2023-08-23 12:28:00,181.76,181.82,181.76,181.82,0.03,20.07,3703.53,1
2023-08-23,2023-08-23 12:29:00,181.82,181.89,181.82,181.89,0.04,20.07,3703.53,1
2023-08-23,2023-08-23 12:30:00,181.89,181.95,181.89,181.95,0.03,20.07,3703.53,1
2023-08-23,2023-08-23 12:31:00,181.95,182.02,181.95,182.02,0.04,20.07,3703.53,1
2023-08-23,2023-08-23 12:32:00,182.02,182.08,182.02,182.08,0.03,20.07,3703.53,1
2023-08-23,2023-08-23 12:33:00,182.08,182.15,182.08,182.15,0.04,20.07,3703.53,1
2023-08-23,2023-08-23 12:34:00,182.15,182.21,182.15,182.21,0.03,20.07,3703.53,1
2023-08-23,2023-08-23 12:35:00,182.21,182.28,182.21,182.28,0.04,20.07,3703.53,1
2023-08-23,2023-08-23 12:36:00,182.28,182.35,182.28,182.35,0.04,20.07,3703.53,1
2023-08-23,2023-08-23 12:37:00,182.35,182.41,182.35,182.41,0.03,20.07,3703.53,1
2023-08-23,2023-08-23 12:38:00,182.41,182.48,182.41,182.48,0.04,20.07,3703.53,1
2023-08-23,2023-08-23 12:39:00,182.48,182.54,182.48,182.54,0.03,20.07,3703.53,1
2023-08-23,2023-08-23 12:40:00,182.54,182.61,182.54,182.61,0.04,20.07,3703.53,1
2023-08-23,2023-08-23 12:41:00,182.61,182.67,182.61,182.67,0.03,20.07,3703.53,1
2023-08-23,2023-08-23 12:42:00,182.67,182.74,182.67,182.74,0.04,20.07,3703.53,1
2023-08-23,2023-08-23 12:43:00,182.74,182.8,182.74,182.8,0.03,20.07,3703.53,1
2023-08-23,2023-08-23 12:44:00,182.8,182.87,182.8,182.87,0.04,20.07,3703.53,1
2023-08-23,2023-08-23 12:45:00,182.87,182.93,182.87,182.93,0.03,20.07,3703.53,1
2023-08-23,2023-08-23 12:46:00,182.93,183.0,182.93,183.0,0.04,20.07,3703.53,1
2023-08-23,2023-08-23 12:47:00,183.0,183.06,183.0,183.06,0.03,20.07,3703.53,1
2023-08-23,2023-08-23 12:48:00,183.06,183.13,183.06,183.13,0.04,20.07,3703.53,1
2023-08-23,2023-08-23 12:49:00,183.13,183.2,183.13,183.2,0.04,20.07,3703.53,1
2023-08-23,2023-08-23 12:50:00,183.2,183.26,183.2,183.26,0.03,20.07,3703.53,1
2023-08-23,2023-08-23 12:51:00,183.26,183.33,183.26,183.33,0.04,20.07,3703.53,1
2023-08-23,2023-08-23 12:52:00,183.33,183.39,183.33,183.39,0.03,20.07,3703.53,1
2023-08-23,2023-08-23 12:53:00,183.39,183.46,183.39,183.46,0.04,20.07,3703.53,1
2023-08-23,2023-08-23 12:54:00,183.46,183.52,183.46,183.52,0.03,20.07,3703.53,1
2023-08-23,2023-08-23 12:55:00,183.52,183.59,183.52,183.59,0.04,20.07,3703.53,1
2023-08-23,2023-08-23 12:56:00,183.59,183.65,183.59,183.65,0.03,20.07,3703.53,1
2023-08-23,2023-08-23 12:57:00,183.65,183.72,183.65,183.72,0.04,20.07,3703.53,1
2023-08-23,2023-08-23 12:58:00,183.72,183.78,183.72,183.78,0.03,20.07,3703.53,1
2023-08-23,2023-08-23 12:59:00,183.78,183.85,183.78,183.85,0.04,20.07,3703.53,1
2023-08-23,2023-08-23 13:00:00,183.85,191.7,175.1,183.92,0.04,20.07,3703.53,1
2023-08-23,2023-08-23 13:01:00,183.92,183.98,183.92,183.98,0.03,20.07,3703.53,1
2023-08-23,2023-08-23 13:02:00,183.98,184.05,183.98,184.05,0.04,20.07,3703.53,1
2023-08-23,2023-08-23 13:03:00,184.05,184.11,184.05,184.11,0.03,20.07,3703.53,1
2023-08-23,2023-08-23 13:04:00,184.11,184.18,184.11,184.18,0.04,20.07,3703.53,1
2023-08-23,2023-08-23 13:05:00,184.18,184.24,184.18,184.24,0.03,20.07,3703.53,1
2023-08-23,2023-08-23 13:06:00,184.24,184.31,184.24,184.31,0.04,20.07,3703.53,1
2023-08-23,2023-08-23 13:07:00,184.31,184.37,184.31,184.37,0.03,20.07,3703.53,1
2023-08-23,2023-08-23 13:08:00,184.37,184.44,184.37,184.44,0.04,20.07,3703.53,1
2023-08-23,2023-08-23 13:09:00,184.44,184.5,184.44,184.5,0.03,20.07,3703.53,1
2023-08-23,2023-08-23 13:10:00,184.5,184.57,184.5,184.57,0.04,20.07,3703.53,1
2023-08-23,2023-08-23 13:11:00,184.57,184.63,184.57,184.63,0.03,20.07,3703.53,1
2023-08-23,2023-08-23 13:12:00,184.63,184.7,184.63,184.7,0.04,20.07,3703.53,1
2023-08-23,2023-08-23 13:13:00,184.7,184.77,184.7,184.77,0.04,20.07,3703.53,1
2023-08-23,2023-08-23 13:14:00,184.77,184.83,184.77,184.83,0.03,20.07,3703.53,1
2023-08-23,2023-08-23 13:15:00,184.83,184.9,184.83,184.9,0.04,20.07,3703.53,1
2023-08-23,2023-08-23 13:16:00,184.9,184.96,184.9,184.96,0.03,20.07,3703.53,1
2023-08-23,2023-08-23 13:17:00,184.96,185.03,184.96,185.03,0.04,20.07,3703.53,1
2023-08-23,2023-08-23 13:18:00,185.03,185.09,185.03,185.09,0.03,20.07,3703.53,1
2023-08-23,2023-08-23 13:19:00,185.09,185.16,185.09,185.16,0.04,20.07,3703.53,1
2023-08-23,2023-08-23 13:20:00,185.16,185.22,185.16,185.22,0.03,20.07,3703.53,1
2023-08-23,2023-08-23 13:21:00,185.22,185.29,185.22,185.29,0.04,20.07,3703.53,1
2023-08-23,2023-08-23 13:22:00,185.29,185.35,185.29,185.35,0.03,20.07,3703.53,1
2023-08-23,2023-08-23 13:23:00,185.35,185.42,185.35,185.42,0.04,20.07,3703.53,1
2023-08-23,2023-08-23 13:24:00,185.42,185.49,185.42,185.49,0.04,20.07,3703.53,1
2023-08-23,2023-08-23 13:25:00,185.49,185.55,185.49,185.55,0.03,20.07,3703.53,1
2023-08-23,2023-08-23 13:26:00,185.55,185.62,185.55,185.62,0.04,20.07,3703.53,1
2023-08-23,2023-08-23 13:27:00,185.62,185.68,185.62,185.68,0.03,20.07,3703.53,1
2023-08-23,2023-08-23 13:28:00,185.68,185.75,185.68,185.75,0.04,20.07,3703.53,1
2023-08-23,2023-08-23 13:29:00,185.75,185.81,185.75,185.81,0.03,20.07,3703.53,1
2023-08-23,2023-08-23 13:30:00,185.81,185.88,185.81,185.88,0.04,20.07,3703.53,1
2023-08-23,2023-08-23 13:31:00,185.88,185.94,185.88,185.94,0.03,20.07,3703.53,1
2023-08-23,2023-08-23 13:32:00,185.94,186.01,185.94,186.01,0.04,20.07,3703.53,1
2023-08-23,2023-08-23 13:33:00,186.01,186.07,186.01,186.07,0.03,20.07,3703.53,1
2023-08-23,2023-08-23 13:34:00,186.07,186.14,186.07,186.14,0.04,20.07,3703.53,1
2023-08-23,2023-08-23 13:35:00,186.14,186.2,186.14,186.2,0.03,20.07,3703.53,1
2023-08-23,2023-08-23 13:36:00,186.2,186.27,186.2,186.27,0.04,20.07,3703.53,1
2023-08-23,2023-08-23 13:37:00,186.27,186.34,186.27,186.34,0.04,20.07,3703.53,1
2023-08-23,2023-08-23 13:38:00,186.34,186.4,186.34,186.4,0.03,20.07,3703.53,1
2023-08-23,2023-08-23 13:39:00,186.4,186.47,186.4,186.47,0.04,20.07,3703.53,1
2023-08-23,2023-08-23 13:40:00,186.47,186.53,186.47,186.53,0.03,20.07,3703.53,1
2023-08-23,2023-08-23 13:41:00,186.53,186.6,186.53,186.6,0.04,20.07,3703.53,1
2023-08-23,2023-08-23 13:42:00,186.6,186.66,186.6,186.66,0.03,20.07,3703.53,1
2023-08-23,2023-08-23 13:43:00,186.66,186.73,186.66,186.73,0.04,20.07,3703.53,1
2023-08-23,2023-08-23 13:44:00,186.73,186.79,186.73,186.79,0.03,20.07,3703.53,1
2023-08-23,2023-08-23 13:45:00,186.79,186.86,186.79,186.86,0.04,20.07,3703.53,1
2023-08-23,2023-08-23 13:46:00,186.86,186.92,186.86,186.92,0.03,20.07,3703.53,1
2023-08-23,2023-08-23 13:47:00,186.92,186.99,186.92,186.99,0.04,20.07,3703.53,1
2023-08-23,2023-08-23 13:48:00,186.99,187.06,186.99,187.06,0.04,20.07,3703.53,1
2023-08-23,2023-08-23 13:49:00,187.06,187.12,187.06,187.12,0.03,20.07,3703.53,1
2023-08-23,2023-08-23 13:50:00,187.12,187.19,187.12,187.19,0.04,20.07,3703.53,1
2023-08-23,2023-08-23 13:51:00,187.19,187.25,187.19,187.25,0.03,20.07,3703.53,1
2023-08-23,2023-08-23 13:52:00,187.25,187.32,187.25,187.32,0.04,20.07,3703.53,1
2023-08-23,2023-08-23 13:53:00,187.32,187.38,187.32,187.38,0.03,20.07,3703.53,1
2023-08-23,2023-08-23 13:54:00,187.38,187.45,187.38,187.45,0.04,20.07,3703.53,1
2023-08-23,2023-08-23 13:55:00,187.45,187.51,187.45,187.51,0.03,20.07,3703.53,1
2023-08-23,2023-08-23 13:56:00,187.51,187.58,187.51,187.58,0.04,20.07,3703.53,1
2023-08-23,2023-08-23 13:57:00,187.58,187.64,187.58,187.64,0.03,20.07,3703.53,1
2023-08-23,2023-08-23 13:58:00,187.64,187.71,187.64,187.71,0.04,20.07,3703.53,1
2023-08-23,2023-08-23 13:59:00,187.71,187.77,187.71,187.77,0.03,20.07,3703.53,1
2023-08-23,2023-08-23 14:00:00,187.77,187.84,187.77,187.84,0.04,20.07,3703.53,1
2023-08-23,2023-08-23 14:01:00,187.84,187.91,187.84,187.91,0.04,20.07,3703.53,1
2023-08-23,2023-08-23 14:02:00,187.91,187.97,187.91,187.97,0.03,20.07,3703.53,1
2023-08-23,2023-08-23 14:03:00,187.97,188.04,187.97,188.04,0.04,20.07,3703.53,1
2023-08-23,2023-08-23 14:04:00,188.04,188.1,188.04,188.1,0.03,20.07,3703.53,1
2023-08-23,2023-08-23 14:05:00,188.1,188.17,188.1,188.17,0.04,20.07,3703.53,1
2023-08-23,2023-08-23 14:06:00,188.17,188.23,188.17,188.23,0.03,20.07,3703.53,1
2023-08-23,2023-08-23 14:07:00,188.23,188.3,188.23,188.3,0.04,20.07,3703.53,1
2023-08-23,2023-08-23 14:08:00,188.3,188.36,188.3,188.36,0.03,20.07,3703.53,1
2023-08-23,2023-08-23 14:09:00,188.36,188.43,188.36,188.43,0.04,20.07,3703.53,1
2023-08-23,2023-08-23 14:10:00,188.43,188.49,188.43,188.49,0.03,20.07,3703.53,1
2023-08-23,2023-08-23 14:11:00,188.49,188.56,188.49,188.56,0.04,20.07,3703.53,1
2023-08-23,2023-08-23 14:12:00,188.56,188.63,188.56,188.63,0.04,20.07,3703.53,1
2023-08-23,2023-08-23 14:13:00,188.63,188.69,188.63,188.69,0.03,20.07,3703.53,1
2023-08-23,2023-08-23 14:14:00,188.69,188.76,188.69,188.76,0.04,20.07,3703.53,1
2023-08-23,2023-08-23 14:15:00,188.76,188.82,188.76,188.82,0.03,20.07,3703.53,1
2023-08-23,2023-08-23 14:16:00,188.82,188.89,188.82,188.89,0.04,20.07,3703.53,1
2023-08-23,2023-08-23 14:17:00,188.89,188.95,188.89,188.95,0.03,20.07,3703.53,1
2023-08-23,2023-08-23 14:18:00,188.95,189.02,188.95,189.02,0.04,20.07,3703.53,1
2023-08-23,2023-08-23 14:19:00,189.02,189.08,189.02,189.08,0.03,20.07,3703.53,1
2023-08-23,2023-08-23 14:20:00,189.08,189.15,189.08,189.15,0.04,20.07,3703.53,1
2023-08-23,2023-08-23 14:21:00,189.15,189.21,189.15,189.21,0.03,20.07,3703.53,1
2023-08-23,2023-08-23 14:22:00,189.21,189.28,189.21,189.28,0.04,20.07,3703.53,1
2023-08-23,2023-08-23 14:23:00,189.28,189.34,189.28,189.34,0.03,20.07,3703.53,1
2023-08-23,2023-08-23 14:24:00,189.34,189.41,189.34,189.41,0.04,20.07,3703.53,1
2023-08-23,2023-08-23 14:25:00,189.41,189.48,189.41,189.48,0.04,20.07,3703.53,1
2023-08-23,2023-08-23 14:26:00,189.48,189.54,189.48,189.54,0.03,20.07,3703.53,1
2023-08-23,2023-08-23 14:27:00,189.54,189.61,189.54,189.61,0.04,20.07,3703.53,1
2023-08-23,2023-08-23 14:28:00,189.61,189.67,189.61,189.67,0.03,20.07,3703.53,1
2023-08-23,2023-08-23 14:29:00,189.67,189.74,189.67,189.74,0.04,20.07,3703.53,1
2023-08-23,2023-08-23 14:30:00,189.74,189.8,189.74,189.8,0.03,20.07,3703.53,1
2023-08-23,2023-08-23 14:31:00,189.8,189.87,189.8,189.87,0.04,20.07,3703.53,1
2023-08-23,2023-08-23 14:32:00,189.87,189.93,189.87,189.93,0.03,20.07,3703.53,1
2023-08-23,2023-08-23 14:33:00,189.93,190.0,189.93,190.0,0.04,20.07,3703.53,1
2023-08-23,2023-08-23 14:34:00,190.0,190.06,190.0,190.06,0.03,20.07,3703.53,1
2023-08-23,2023-08-23 14:35:00,190.06,190.13,190.06,190.13,0.04,20.07,3703.53,1
2023-08-23,2023-08-23 14:36:00,190.13,190.2,190.13,190.2,0.04,20.07,3703.53,1
2023-08-23,2023-08-23 14:37:00,190.2,190.26,190.2,190.26,0.03,20.07,3703.53,1
2023-08-23,2023-08-23 14:38:00,190.26,190.33,190.26,190.33,0.04,20.07,3703.53,1
2023-08-23,2023-08-23 14:39:00,190.33,190.39,190.33,190.39,0.03,20.07,3703.53,1
2023-08-23,2023-08-23 14:40:00,190.39,190.46,190.39,190.46,0.04,20.07,3703.53,1
2023-08-23,2023-08-23 14:41:00,190.46,190.52,190.46,190.52,0.03,20.07,3703.53,1
2023-08-23,2023-08-23 14:42:00,190.52,190.59,190.52,190.59,0.04,20.07,3703.53,1
2023-08-23,2023-08-23 14:43:00,190.59,190.65,190.59,190.65,0.03,20.07,3703.53,1
2023-08-23,2023-08-23 14:44:00,190.65,190.72,190.65,190.72,0.04,20.07,3703.53,1
2023-08-23,2023-08-23 14:45:00,190.72,190.78,190.72,190.78,0.03,20.07,3703.53,1
2023-08-23,2023-08-23 14:46:00,190.78,190.85,190.78,190.85,0.04,20.07,3703.53,1
2023-08-23,2023-08-23 14:47:00,190.85,190.91,190.85,190.91,0.03,20.07,3703.53,1
2023-08-23,2023-08-23 14:48:00,190.91,190.98,190.91,190.98,0.04,20.07,3703.53,1
2023-08-23,2023-08-23 14:49:00,190.98,191.05,190.98,191.05,0.04,20.07,3703.53,1
2023-08-23,2023-08-23 14:50:00,191.05,191.11,191.05,191.11,0.03,20.07,3703.53,1
2023-08-23,2023-08-23 14:51:00,191.11,191.18,191.11,191.18,0.04,20.07,3703.53,1
2023-08-23,2023-08-23 14:52:00,191.18,191.24,191.18,191.24,0.03,20.07,3703.53,1
2023-08-23,2023-08-23 14:53:00,191.24,191.31,191.24,191.31,0.04,20.07,3703.53,1
2023-08-23,2023-08-23 14:54:00,191.31,191.37,191.31,191.37,0.03,20.07,3703.53,1
2023-08-23,2023-08-23 14:55:00,191.37,191.44,191.37,191.44,0.04,20.07,3703.53,1
2023-08-23,2023-08-23 14:56:00,191.44,191.5,191.44,191.5,0.03,20.07,3703.53,1
2023-08-23,2023-08-23 14:57:00,191.5,191.57,191.5,191.57,0.04,20.07,3703.53,1
2023-08-23,2023-08-23 14:58:00,191.57,191.63,191.57,191.63,0.03,20.07,3703.53,1
2023-08-23,2023-08-23 14:59:00,191.63,191.7,191.63,191.7,0.04,20.07,3703.53,1
2023-08-23,2023-08-23 15:00:00,191.7,191.7,175.1,191.7,0.0,20.07,3703.53,0
2023-08-24,2023-08-24 11:00:00,191.7,192.45,188.79,191.67,-0.02,18.02,3404.59,-1
2023-08-24,2023-08-24 11:01:00,191.67,191.67,191.63,191.63,-0.02,18.02,3404.59,-1
2023-08-24,2023-08-24 11:02:00,191.63,191.63,191.6,191.6,-0.02,18.02,3404.59,-1
2023-08-24,2023-08-24 11:03:00,191.6,191.6,191.57,191.57,-0.02,18.02,3404.59,-1
2023-08-24,2023-08-24 11:04:00,191.57,191.57,191.54,191.54,-0.02,18.02,3404.59,-1
2023-08-24,2023-08-24 11:05:00,191.54,191.54,191.5,191.5,-0.02,18.02,3404.59,-1
2023-08-24,2023-08-24 11:06:00,191.5,191.5,191.47,191.47,-0.02,18.02,3404.59,-1
2023-08-24,2023-08-24 11:07:00,191.47,191.47,191.44,191.44,-0.02,18.02,3404.59,-1
2023-08-24,2023-08-24 11:08:00,191.44,191.44,191.41,191.41,-0.02,18.02,3404.59,-1
2023-08-24,2023-08-24 11:09:00,191.41,191.41,191.38,191.38,-0.02,18.02,3404.59,-1
2023-08-24,2023-08-24 11:10:00,191.38,191.38,191.34,191.34,-0.02,18.02,3404.59,-1
2023-08-24,2023-08-24 11:11:00,191.34,191.34,191.31,191.31,-0.02,18.02,3404.59,-1
2023-08-24,2023-08-24 11:12:00,191.31,191.31,191.28,191.28,-0.02,18.02,3404.59,-1
2023-08-24,2023-08-24 11:13:00,191.28,191.28,191.24,191.24,-0.02,18.02,3404.59,-1
2023-08-24,2023-08-24 11:14:00,191.24,191.24,191.21,191.21,-0.02,18.02,3404.59,-1
2023-08-24,2023-08-24 11:15:00,191.21,191.21,191.18,191.18,-0.02,18.02,3404.59,-1
2023-08-24,2023-08-24 11:16:00,191.18,191.18,191.15,191.15,-0.02,18.02,3404.59,-1
2023-08-24,2023-08-24 11:17:00,191.15,191.15,191.11,191.11,-0.02,18.02,3404.59,-1
2023-08-24,2023-08-24 11:18:00,191.11,191.11,191.08,191.08,-0.02,18.02,3404.59,-1
2023-08-24,2023-08-24 11:19:00,191.08,191.08,191.05,191.05,-0.02,18.02,3404.59,-1
2023-08-24,2023-08-24 11:20:00,191.05,191.05,191.02,191.02,-0.02,18.02,3404.59,-1
2023-08-24,2023-08-24 11:21:00,191.02,191.02,190.98,190.98,-0.02,18.02,3404.59,-1
2023-08-24,2023-08-24 11:22:00,190.98,190.98,190.95,190.95,-0.02,18.02,3404.59,-1
2023-08-24,2023-08-24 11:23:00,190.95,190.95,190.92,190.92,-0.02,18.02,3404.59,-1
2023-08-24,2023-08-24 11:24:00,190.92,190.92,190.89,190.89,-0.02,18.02,3404.59,-1
2023-08-24,2023-08-24 11:25:00,190.89,190.89,190.85,190.85,-0.02,18.02,3404.59,-1
2023-08-24,2023-08-24 11:26:00,190.85,190.85,190.82,190.82,-0.02,18.02,3404.59,-1
2023-08-24,2023-08-24 11:27:00,190.82,190.82,190.79,190.79,-0.02,18.02,3404.59,-1
2023-08-24,2023-08-24 11:28:00,190.79,190.79,190.76,190.76,-0.02,18.02,3404.59,-1
2023-08-24,2023-08-24 11:29:00,190.76,190.76,190.72,190.72,-0.02,18.02,3404.59,-1
2023-08-24,2023-08-24 11:30:00,190.72,190.72,190.69,190.69,-0.02,18.02,3404.59,-1
2023-08-24,2023-08-24 11:31:00,190.69,190.69,190.66,190.66,-0.02,18.02,3404.59,-1
2023-08-24,2023-08-24 11:32:00,190.66,190.66,190.63,190.63,-0.02,18.02,3404.59,-1
2023-08-24,2023-08-24 11:33:00,190.63,190.63,190.59,190.59,-0.02,18.02,3404.59,-1
2023-08-24,2023-08-24 11:34:00,190.59,190.59,190.56,190.56,-0.02,18.02,3404.59,-1
2023-08-24,2023-08-24 11:35:00,190.56,190.56,190.53,190.53,-0.02,18.02,3404.59,-1
2023-08-24,2023-08-24 11:36:00,190.53,190.53,190.5,190.5,-0.02,18.02,3404.59,-1
2023-08-24,2023-08-24 11:37:00,190.5,190.5,190.47,190.47,-0.02,18.02,3404.59,-1
2023-08-24,2023-08-24 11:38:00,190.47,190.47,190.43,190.43,-0.02,18.02,3404.59,-1
2023-08-24,2023-08-24 11:39:00,190.43,190.43,190.4,190.4,-0.02,18.02,3404.59,-1
2023-08-24,2023-08-24 11:40:00,190.4,190.4,190.37,190.37,-0.02,18.02,3404.59,-1
2023-08-24,2023-08-24 11:41:00,190.37,190.37,190.33,190.33,-0.02,18.02,3404.59,-1
2023-08-24,2023-08-24 11:42:00,190.33,190.33,190.3,190.3,-0.02,18.02,3404.59,-1
2023-08-24,2023-08-24 11:43:00,190.3,190.3,190.27,190.27,-0.02,18.02,3404.59,-1
2023-08-24,2023-08-24 11:44:00,190.27,190.27,190.24,190.24,-0.02,18.02,3404.59,-1
2023-08-24,2023-08-24 11:45:00,190.24,190.24,190.2,190.2,-0.02,18.02,3404.59,-1
2023-08-24,2023-08-24 11:46:00,190.2,190.2,190.17,190.17,-0.02,18.02,3404.59,-1
2023-08-24,2023-08-24 11:47:00,190.17,190.17,190.14,190.14,-0.02,18.02,3404.59,-1
2023-08-24,2023-08-24 11:48:00,190.14,190.14,190.11,190.11,-0.02,18.02,3404.59,-1
2023-08-24,2023-08-24 11:49:00,190.11,190.11,190.07,190.07,-0.02,18.02,3404.59,-1
2023-08-24,2023-08-24 11:50:00,190.07,190.07,190.04,190.04,-0.02,18.02,3404.59,-1
2023-08-24,2023-08-24 11:51:00,190.04,190.04,190.01,190.01,-0.02,18.02,3404.59,-1
2023-08-24,2023-08-24 11:52:00,190.01,190.01,189.98,189.98,-0.02,18.02,3404.59,-1
2023-08-24,2023-08-24 11:53:00,189.98,189.98,189.94,189.94,-0.02,18.02,3404.59,-1
2023-08-24,2023-08-24 11:54:00,189.94,189.94,189.91,189.91,-0.02,18.02,3404.59,-1
2023-08-24,2023-08-24 11:55:00,189.91,189.91,189.88,189.88,-0.02,18.02,3404.59,-1
2023-08-24,2023-08-24 11:56:00,189.88,189.88,189.85,189.85,-0.02,18.02,3404.59,-1
2023-08-24,2023-08-24 11:57:00,189.85,189.85,189.81,189.81,-0.02,18.02,3404.59,-1
2023-08-24,2023-08-24 11:58:00,189.81,189.81,189.78,189.78,-0.02,18.02,3404.59,-1
2023-08-24,2023-08-24 11:59:00,189.78,189.78,189.75,189.75,-0.02,18.02,3404.59,-1
2023-08-24,2023-08-24 12:00:00,189.75,189.75,189.72,189.72,-0.02,18.02,3404.59,-1
2023-08-24,2023-08-24 12:01:00,189.72,189.72,189.69,189.69,-0.02,18.02,3404.59,-1
2023-08-24,2023-08-24 12:02:00,189.69,189.69,189.65,189.65,-0.02,18.02,3404.59,-1
2023-08-24,2023-08-24 12:03:00,189.65,189.65,189.62,189.62,-0.02,18.02,3404.59,-1
2023-08-24,2023-08-24 12:04:00,189.62,189.62,189.59,189.59,-0.02,18.02,3404.59,-1
2023-08-24,2023-08-24 12:05:00,189.59,189.59,189.56,189.56,-0.02,18.02,3404.59,-1
2023-08-24,2023-08-24 12:06:00,189.56,189.56,189.52,189.52,-0.02,18.02,3404.59,-1
2023-08-24,2023-08-24 12:07:00,189.52,189.52,189.49,189.49,-0.02,18.02,3404.59,-1
2023-08-24,2023-08-24 12:08:00,189.49,189.49,189.46,189.46,-0.02,18.02,3404.59,-1
2023-08-24,2023-08-24 12:09:00,189.46,189.46,189.42,189.42,-0.02,18.02,3404.59,-1
2023-08-24,2023-08-24 12:10:00,189.42,189.42,189.39,189.39,-0.02,18.02,3404.59,-1
2023-08-24,2023-08-24 12:11:00,189.39,189.39,189.36,189.36,-0.02,18.02,3404.59,-1
2023-08-24,2023-08-24 12:12:00,189.36,189.36,189.33,189.33,-0.02,18.02,3404.59,-1
2023-08-24,2023-08-24 12:13:00,189.33,189.33,189.29,189.29,-0.02,18.02,3404.59,-1
2023-08-24,2023-08-24 12:14:00,189.29,189.29,189.26,189.26,-0.02,18.02,3404.59,-1
2023-08-24,2023-08-24 12:15:00,189.26,189.26,189.23,189.23,-0.02,18.02,3404.59,-1
2023-08-24,2023-08-24 12:16:00,189.23,189.23,189.2,189.2,-0.02,18.02,3404.59,-1
2023-08-24,2023-08-24 12:17:00,189.2,189.2,189.16,189.16,-0.02,18.02,3404.59,-1
2023-08-24,2023-08-24 12:18:00,189.16,189.16,189.13,189.13,-0.02,18.02,3404.59,-1
2023-08-24,2023-08-24 12:19:00,189.13,189.13,189.1,189.1,-0.02,18.02,3404.59,-1
2023-08-24,2023-08-24 12:20:00,189.1,189.1,189.07,189.07,-0.02,18.02,3404.59,-1
2023-08-24,2023-08-24 12:21:00,189.07,189.07,189.03,189.03,-0.02,18.02,3404.59,-1
2023-08-24,2023-08-24 12:22:00,189.03,189.03,189.0,189.0,-0.02,18.02,3404.59,-1
2023-08-24,2023-08-24 12:23:00,189.0,189.0,188.97,188.97,-0.02,18.02,3404.59,-1
2023-08-24,2023-08-24 12:24:00,188.97,188.97,188.94,188.94,-0.02,18.02,3404.59,-1
2023-08-24,2023-08-24 12:25:00,188.94,188.94,188.91,188.91,-0.02,18.02,3404.59,-1
2023-08-24,2023-08-24 12:26:00,188.91,188.91,188.87,188.87,-0.02,18.02,3404.59,-1
2023-08-24,2023-08-24 12:27:00,188.87,188.87,188.84,188.84,-0.02,18.02,3404.59,-1
2023-08-24,2023-08-24 12:28:00,188.84,188.84,188.81,188.81,-0.02,18.02,3404.59,-1
2023-08-24,2023-08-24 12:29:00,188.81,188.81,188.78,188.78,-0.02,18.02,3404.59,-1
2023-08-24,2023-08-24 12:30:00,188.78,188.78,188.74,188.74,-0.02,18.02,3404.59,-1
2023-08-24,2023-08-24 12:31:00,188.74,188.74,188.71,188.71,-0.02,18.02,3404.59,-1
2023-08-24,2023-08-24 12:32:00,188.71,188.71,188.68,188.68,-0.02,18.02,3404.59,-1
2023-08-24,2023-08-24 12:33:00,188.68,188.68,188.64,188.64,-0.02,18.02,3404.59,-1
2023-08-24,2023-08-24 12:34:00,188.64,188.64,188.61,188.61,-0.02,18.02,3404.59,-1
2023-08-24,2023-08-24 12:35:00,188.61,188.61,188.58,188.58,-0.02,18.02,3404.59,-1
2023-08-24,2023-08-24 12:36:00,188.58,188.58,188.55,188.55,-0.02,18.02,3404.59,-1
2023-08-24,2023-08-24 12:37:00,188.55,188.55,188.51,188.51,-0.02,18.02,3404.59,-1
2023-08-24,2023-08-24 12:38:00,188.51,188.51,188.48,188.48,-0.02,18.02,3404.59,-1
2023-08-24,2023-08-24 12:39:00,188.48,188.48,188.45,188.45,-0.02,18.02,3404.59,-1
2023-08-24,2023-08-24 12:40:00,188.45,188.45,188.42,188.42,-0.02,18.02,3404.59,-1
2023-08-24,2023-08-24 12:41:00,188.42,188.42,188.38,188.38,-0.02,18.02,3404.59,-1
2023-08-24,2023-08-24 12:42:00,188.38,188.38,188.35,188.35,-0.02,18.02,3404.59,-1
2023-08-24,2023-08-24 12:43:00,188.35,188.35,188.32,188.32,-0.02,18.02,3404.59,-1
2023-08-24,2023-08-24 12:44:00,188.32,188.32,188.29,188.29,-0.02,18.02,3404.59,-1
2023-08-24,2023-08-24 12:45:00,188.29,188.29,188.25,188.25,-0.02,18.02,3404.59,-1
2023-08-24,2023-08-24 12:46:00,188.25,188.25,188.22,188.22,-0.02,18.02,3404.59,-1
2023-08-24,2023-08-24 12:47:00,188.22,188.22,188.19,188.19,-0.02,18.02,3404.59,-1
2023-08-24,2023-08-24 12:48:00,188.19,188.19,188.16,188.16,-0.02,18.02,3404.59,-1
2023-08-24,2023-08-24 12:49:00,188.16,188.16,188.12,188.12,-0.02,18.02,3404.59,-1
2023-08-24,2023-08-24 12:50:00,188.12,188.12,188.09,188.09,-0.02,18.02,3404.59,-1
2023-08-24,2023-08-24 12:51:00,188.09,188.09,188.06,188.06,-0.02,18.02,3404.59,-1
2023-08-24,2023-08-24 12:52:00,188.06,188.06,188.03,188.03,-0.02,18.02,3404.59,-1
2023-08-24,2023-08-24 12:53:00,188.03,188.03,188.0,188.0,-0.02,18.02,3404.59,-1
2023-08-24,2023-08-24 12:54:00,188.0,188.0,187.96,187.96,-0.02,18.02,3404.59,-1
2023-08-24,2023-08-24 12:55:00,187.96,187.96,187.93,187.93,-0.02,18.02,3404.59,-1
2023-08-24,2023-08-24 12:56:00,187.93,187.93,187.9,187.9,-0.02,18.02,3404.59,-1
2023-08-24,2023-08-24 12:57:00,187.9,187.9,187.87,187.87,-0.02,18.02,3404.59,-1
2023-08-24,2023-08-24 12:58:00,187.87,187.87,187.83,187.83,-0.02,18.02,3404.59,-1
2023-08-24,2023-08-24 12:59:00,187.83,187.83,187.8,187.8,-0.02,18.02,3404.59,-1
2023-08-24,2023-08-24 13:00:00,187.8,194.2,182.0,187.77,-0.02,18.02,3404.59,-1
2023-08-24,2023-08-24 13:01:00,187.77,187.77,187.73,187.73,-0.02,18.02,3404.59,-1
2023-08-24,2023-08-24 13:02:00,187.73,187.73,187.7,187.7,-0.02,18.02,3404.59,-1
2023-08-24,2023-08-24 13:03:00,187.7,187.7,187.67,187.67,-0.02,18.02,3404.59,-1
2023-08-24,2023-08-24 13:04:00,187.67,187.67,187.64,187.64,-0.02,18.02,3404.59,-1
2023-08-24,2023-08-24 13:05:00,187.64,187.64,187.6,187.6,-0.02,18.02,3404.59,-1
2023-08-24,2023-08-24 13:06:00,187.6,187.6,187.57,187.57,-0.02,18.02,3404.59,-1
2023-08-24,2023-08-24 13:07:00,187.57,187.57,187.54,187.54,-0.02,18.02,3404.59,-1
2023-08-24,2023-08-24 13:08:00,187.54,187.54,187.51,187.51,-0.02,18.02,3404.59,-1
2023-08-24,2023-08-24 13:09:00,187.51,187.51,187.47,187.47,-0.02,18.02,3404.59,-1
2023-08-24,2023-08-24 13:10:00,187.47,187.47,187.44,187.44,-0.02,18.02,3404.59,-1
2023-08-24,2023-08-24 13:11:00,187.44,187.44,187.41,187.41,-0.02,18.02,3404.59,-1
2023-08-24,2023-08-24 13:12:00,187.41,187.41,187.38,187.38,-0.02,18.02,3404.59,-1
2023-08-24,2023-08-24 13:13:00,187.38,187.38,187.34,187.34,-0.02,18.02,3404.59,-1
2023-08-24,2023-08-24 13:14:00,187.34,187.34,187.31,187.31,-0.02,18.02,3404.59,-1
2023-08-24,2023-08-24 13:15:00,187.31,187.31,187.28,187.28,-0.02,18.02,3404.59,-1
2023-08-24,2023-08-24 13:16:00,187.28,187.28,187.25,187.25,-0.02,18.02,3404.59,-1
2023-08-24,2023-08-24 13:17:00,187.25,187.25,187.22,187.22,-0.02,18.02,3404.59,-1
2023-08-24,2023-08-24 13:18:00,187.22,187.22,187.18,187.18,-0.02,18.02,3404.59,-1
2023-08-24,2023-08-24 13:19:00,187.18,187.18,187.15,187.15,-0.02,18.02,3404.59,-1
2023-08-24,2023-08-24 13:20:00,187.15,187.15,187.12,187.12,-0.02,18.02,3404.59,-1
2023-08-24,2023-08-24 13:21:00,187.12,187.12,187.09,187.09,-0.02,18.02,3404.59,-1
2023-08-24,2023-08-24 13:22:00,187.09,187.09,187.05,187.05,-0.02,18.02,3404.59,-1
2023-08-24,2023-08-24 13:23:00,187.05,187.05,187.02,187.02,-0.02,18.02,3404.59,-1
2023-08-24,2023-08-24 13:24:00,187.02,187.02,186.99,186.99,-0.02,18.02,3404.59,-1
2023-08-24,2023-08-24 13:25:00,186.99,186.99,186.96,186.96,-0.02,18.02,3404.59,-1
2023-08-24,2023-08-24 13:26:00,186.96,186.96,186.92,186.92,-0.02,18.02,3404.59,-1
2023-08-24,2023-08-24 13:27:00,186.92,186.92,186.89,186.89,-0.02,18.02,3404.59,-1
2023-08-24,2023-08-24 13:28:00,186.89,186.89,186.86,186.86,-0.02,18.02,3404.59,-1
2023-08-24,2023-08-24 13:29:00,186.86,186.86,186.82,186.82,-0.02,18.02,3404.59,-1
2023-08-24,2023-08-24 13:30:00,186.82,186.82,186.79,186.79,-0.02,18.02,3404.59,-1
2023-08-24,2023-08-24 13:31:00,186.79,186.79,186.76,186.76,-0.02,18.02,3404.59,-1
2023-08-24,2023-08-24 13:32:00,186.76,186.76,186.73,186.73,-0.02,18.02,3404.59,-1
2023-08-24,2023-08-24 13:33:00,186.73,186.73,186.69,186.69,-0.02,18.02,3404.59,-1
2023-08-24,2023-08-24 13:34:00,186.69,186.69,186.66,186.66,-0.02,18.02,3404.59,-1
2023-08-24,2023-08-24 13:35:00,186.66,186.66,186.63,186.63,-0.02,18.02,3404.59,-1
2023-08-24,2023-08-24 13:36:00,186.63,186.63,186.6,186.6,-0.02,18.02,3404.59,-1
2023-08-24,2023-08-24 13:37:00,186.6,186.6,186.56,186.56,-0.02,18.02,3404.59,-1
2023-08-24,2023-08-24 13:38:00,186.56,186.56,186.53,186.53,-0.02,18.02,3404.59,-1
2023-08-24,2023-08-24 13:39:00,186.53,186.53,186.5,186.5,-0.02,18.02,3404.59,-1
2023-08-24,2023-08-24 13:40:00,186.5,186.5,186.47,186.47,-0.02,18.02,3404.59,-1
2023-08-24,2023-08-24 13:41:00,186.47,186.47,186.44,186.44,-0.02,18.02,3404.59,-1
2023-08-24,2023-08-24 13:42:00,186.44,186.44,186.4,186.4,-0.02,18.02,3404.59,-1
2023-08-24,2023-08-24 13:43:00,186.4,186.4,186.37,186.37,-0.02,18.02,3404.59,-1
2023-08-24,2023-08-24 13:44:00,186.37,186.37,186.34,186.34,-0.02,18.02,3404.59,-1
2023-08-24,2023-08-24 13:45:00,186.34,186.34,186.31,186.31,-0.02,18.02,3404.59,-1
2023-08-24,2023-08-24 13:46:00,186.31,186.31,186.27,186.27,-0.02,18.02,3404.59,-1
2023-08-24,2023-08-24 13:47:00,186.27,186.27,186.24,186.24,-0.02,18.02,3404.59,-1
2023-08-24,2023-08-24 13:48:00,186.24,186.24,186.21,186.21,-0.02,18.02,3404.59,-1
2023-08-24,2023-08-24 13:49:00,186.21,186.21,186.18,186.18,-0.02,18.02,3404.59,-1
2023-08-24,2023-08-24 13:50:00,186.18,186.18,186.14,186.14,-0.02,18.02,3404.59,-1
2023-08-24,2023-08-24 13:51:00,186.14,186.14,186.11,186.11,-0.02,18.02,3404.59,-1
2023-08-24,2023-08-24 13:52:00,186.11,186.11,186.08,186.08,-0.02,18.02,3404.59,-1
2023-08-24,2023-08-24 13:53:00,186.08,186.08,186.04,186.04,-0.02,18.02,3404.59,-1
2023-08-24,2023-08-24 13:54:00,186.04,186.04,186.01,186.01,-0.02,18.02,3404.59,-1
2023-08-24,2023-08-24 13:55:00,186.01,186.01,185.98,185.98,-0.02,18.02,3404.59,-1
2023-08-24,2023-08-24 13:56:00,185.98,185.98,185.95,185.95,-0.02,18.02,3404.59,-1
2023-08-24,2023-08-24 13:57:00,185.95,185.95,185.91,185.91,-0.02,18.02,3404.59,-1
2023-08-24,2023-08-24 13:58:00,185.91,185.91,185.88,185.88,-0.02,18.02,3404.59,-1
2023-08-24,2023-08-24 13:59:00,185.88,185.88,185.85,185.85,-0.02,18.02,3404.59,-1
2023-08-24,2023-08-24 14:00:00,185.85,185.85,185.82,185.82,-0.02,18.02,3404.59,-1
2023-08-24,2023-08-24 14:01:00,185.82,185.82,185.78,185.78,-0.02,18.02,3404.59,-1
2023-08-24,2023-08-24 14:02:00,185.78,185.78,185.75,185.75,-0.02,18.02,3404.59,-1
2023-08-24,2023-08-24 14:03:00,185.75,185.75,185.72,185.72,-0.02,18.02,3404.59,-1
2023-08-24,2023-08-24 14:04:00,185.72,185.72,185.69,185.69,-0.02,18.02,3404.59,-1
2023-08-24,2023-08-24 14:05:00,185.69,185.69,185.66,185.66,-0.02,18.02,3404.59,-1
2023-08-24,2023-08-24 14:06:00,185.66,185.66,185.62,185.62,-0.02,18.02,3404.59,-1
2023-08-24,2023-08-24 14:07:00,185.62,185.62,185.59,185.59,-0.02,18.02,3404.59,-1
2023-08-24,2023-08-24 14:08:00,185.59,185.59,185.56,185.56,-0.02,18.02,3404.59,-1
2023-08-24,2023-08-24 14:09:00,185.56,185.56,185.53,185.53,-0.02,18.02,3404.59,-1
2023-08-24,2023-08-24 14:10:00,185.53,185.53,185.49,185.49,-0.02,18.02,3404.59,-1
2023-08-24,2023-08-24 14:11:00,185.49,185.49,185.46,185.46,-0.02,18.02,3404.59,-1
2023-08-24,2023-08-24 14:12:00,185.46,185.46,185.43,185.43,-0.02,18.02,3404.59,-1
2023-08-24,2023-08-24 14:13:00,185.43,185.43,185.4,185.4,-0.02,18.02,3404.59,-1
2023-08-24,2023-08-24 14:14:00,185.4,185.4,185.36,185.36,-0.02,18.02,3404.59,-1
2023-08-24,2023-08-24 14:15:00,185.36,185.36,185.33,185.33,-0.02,18.02,3404.59,-1
2023-08-24,2023-08-24 14:16:00,185.33,185.33,185.3,185.3,-0.02,18.02,3404.59,-1
2023-08-24,2023-08-24 14:17:00,185.3,185.3,185.27,185.27,-0.02,18.02,3404.59,-1
2023-08-24,2023-08-24 14:18:00,185.27,185.27,185.23,185.23,-0.02,18.02,3404.59,-1
2023-08-24,2023-08-24 14:19:00,185.23,185.23,185.2,185.2,-0.02,18.02,3404.59,-1
2023-08-24,2023-08-24 14:20:00,185.2,185.2,185.17,185.17,-0.02,18.02,3404.59,-1
2023-08-24,2023-08-24 14:21:00,185.17,185.17,185.13,185.13,-0.02,18.02,3404.59,-1
2023-08-24,2023-08-24 14:22:00,185.13,185.13,185.1,185.1,-0.02,18.02,3404.59,-1
2023-08-24,2023-08-24 14:23:00,185.1,185.1,185.07,185.07,-0.02,18.02,3404.59,-1
2023-08-24,2023-08-24 14:24:00,185.07,185.07,185.04,185.04,-0.02,18.02,3404.59,-1
2023-08-24,2023-08-24 14:25:00,185.04,185.04,185.0,185.0,-0.02,18.02,3404.59,-1
2023-08-24,2023-08-24 14:26:00,185.0,185.0,184.97,184.97,-0.02,18.02,3404.59,-1
2023-08-24,2023-08-24 14:27:00,184.97,184.97,184.94,184.94,-0.02,18.02,3404.59,-1
2023-08-24,2023-08-24 14:28:00,184.94,184.94,184.91,184.91,-0.02,18.02,3404.59,-1
2023-08-24,2023-08-24 14:29:00,184.91,184.91,184.88,184.88,-0.02,18.02,3404.59,-1
2023-08-24,2023-08-24 14:30:00,184.88,184.88,184.84,184.84,-0.02,18.02,3404.59,-1
2023-08-24,2023-08-24 14:31:00,184.84,184.84,184.81,184.81,-0.02,18.02,3404.59,-1
2023-08-24,2023-08-24 14:32:00,184.81,184.81,184.78,184.78,-0.02,18.02,3404.59,-1
2023-08-24,2023-08-24 14:33:00,184.78,184.78,184.75,184.75,-0.02,18.02,3404.59,-1
2023-08-24,2023-08-24 14:34:00,184.75,184.75,184.71,184.71,-0.02,18.02,3404.59,-1
2023-08-24,2023-08-24 14:35:00,184.71,184.71,184.68,184.68,-0.02,18.02,3404.59,-1
2023-08-24,2023-08-24 14:36:00,184.68,184.68,184.65,184.65,-0.02,18.02,3404.59,-1
2023-08-24,2023-08-24 14:37:00,184.65,184.65,184.62,184.62,-0.02,18.02,3404.59,-1
2023-08-24,2023-08-24 14:38:00,184.62,184.62,184.58,184.58,-0.02,18.02,3404.59,-1
2023-08-24,2023-08-24 14:39:00,184.58,184.58,184.55,184.55,-0.02,18.02,3404.59,-1
2023-08-24,2023-08-24 14:40:00,184.55,184.55,184.52,184.52,-0.02,18.02,3404.59,-1
2023-08-24,2023-08-24 14:41:00,184.52,184.52,184.49,184.49,-0.02,18.02,3404.59,-1
2023-08-24,2023-08-24 14:42:00,184.49,184.49,184.45,184.45,-0.02,18.02,3404.59,-1
2023-08-24,2023-08-24 14:43:00,184.45,184.45,184.42,184.42,-0.02,18.02,3404.59,-1
2023-08-24,2023-08-24 14:44:00,184.42,184.42,184.39,184.39,-0.02,18.02,3404.59,-1
2023-08-24,2023-08-24 14:45:00,184.39,184.39,184.36,184.36,-0.02,18.02,3404.59,-1
2023-08-24,2023-08-24 14:46:00,184.36,184.36,184.32,184.32,-0.02,18.02,3404.59,-1
2023-08-24,2023-08-24 14:47:00,184.32,184.32,184.29,184.29,-0.02,18.02,3404.59,-1
2023-08-24,2023-08-24 14:48:00,184.29,184.29,184.26,184.26,-0.02,18.02,3404.59,-1
2023-08-24,2023-08-24 14:49:00,184.26,184.26,184.22,184.22,-0.02,18.02,3404.59,-1
2023-08-24,2023-08-24 14:50:00,184.22,184.22,184.19,184.19,-0.02,18.02,3404.59,-1
2023-08-24,2023-08-24 14:51:00,184.19,184.19,184.16,184.16,-0.02,18.02,3404.59,-1
2023-08-24,2023-08-24 14:52:00,184.16,184.16,184.13,184.13,-0.02,18.02,3404.59,-1
2023-08-24,2023-08-24 14:53:00,184.13,184.13,184.09,184.09,-0.02,18.02,3404.59,-1
2023-08-24,2023-08-24 14:54:00,184.09,184.09,184.06,184.06,-0.02,18.02,3404.59,-1
2023-08-24,2023-08-24 14:55:00,184.06,184.06,184.03,184.03,-0.02,18.02,3404.59,-1
2023-08-24,2023-08-24 14:56:00,184.03,184.03,184.0,184.0,-0.02,18.02,3404.59,-1
2023-08-24,2023-08-24 14:57:00,184.0,184.0,183.97,183.97,-0.02,18.02,3404.59,-1
2023-08-24,2023-08-24 14:58:00,183.97,183.97,183.93,183.93,-0.02,18.02,3404.59,-1
2023-08-24,2023-08-24 14:59:00,183.93,183.93,183.9,183.9,-0.02,18.02,3404.59,-1
2023-08-24,2023-08-24 15:00:00,183.9,194.2,182.0,183.9,0.0,18.02,3404.59,0
2023-08-27,2023-08-27 11:00:00,182.0,182.0,179.0,181.98,-0.01,8.48,1493.78,-1
2023-08-27,2023-08-27 11:01:00,181.98,181.98,181.97,181.97,-0.01,8.48,1493.78,-1
2023-08-27,2023-08-27 11:02:00,181.97,181.97,181.95,181.95,-0.01,8.48,1493.78,-1
2023-08-27,2023-08-27 11:03:00,181.95,181.95,181.93,181.93,-0.01,8.48,1493.78,-1
2023-08-27,2023-08-27 11:04:00,181.93,181.93,181.92,181.92,-0.01,8.48,1493.78,-1
2023-08-27,2023-08-27 11:05:00,181.92,181.92,181.9,181.9,-0.01,8.48,1493.78,-1
2023-08-27,2023-08-27 11:06:00,181.9,181.9,181.88,181.88,-0.01,8.48,1493.78,-1
2023-08-27,2023-08-27 11:07:00,181.88,181.88,181.87,181.87,-0.01,8.48,1493.78,-1
2023-08-27,2023-08-27 11:08:00,181.87,181.87,181.85,181.85,-0.01,8.48,1493.78,-1
2023-08-27,2023-08-27 11:09:00,181.85,181.85,181.83,181.83,-0.01,8.48,1493.78,-1
2023-08-27,2023-08-27 11:10:00,181.83,181.83,181.82,181.82,-0.01,8.48,1493.78,-1
2023-08-27,2023-08-27 11:11:00,181.82,181.82,181.8,181.8,-0.01,8.48,1493.78,-1
2023-08-27,2023-08-27 11:12:00,181.8,181.8,181.78,181.78,-0.01,8.48,1493.78,-1
2023-08-27,2023-08-27 11:13:00,181.78,181.78,181.77,181.77,-0.01,8.48,1493.78,-1
2023-08-27,2023-08-27 11:14:00,181.77,181.77,181.75,181.75,-0.01,8.48,1493.78,-1
2023-08-27,2023-08-27 11:15:00,181.75,181.75,181.73,181.73,-0.01,8.48,1493.78,-1
2023-08-27,2023-08-27 11:16:00,181.73,181.73,181.72,181.72,-0.01,8.48,1493.78,-1
2023-08-27,2023-08-27 11:17:00,181.72,181.72,181.7,181.7,-0.01,8.48,1493.78,-1
2023-08-27,2023-08-27 11:18:00,181.7,181.7,181.68,181.68,-0.01,8.48,1493.78,-1
2023-08-27,2023-08-27 11:19:00,181.68,181.68,181.67,181.67,-0.01,8.48,1493.78,-1
2023-08-27,2023-08-27 11:20:00,181.67,181.67,181.65,181.65,-0.01,8.48,1493.78,-1
2023-08-27,2023-08-27 11:21:00,181.65,181.65,181.63,181.63,-0.01,8.48,1493.78,-1
2023-08-27,2023-08-27 11:22:00,181.63,181.63,181.62,181.62,-0.01,8.48,1493.78,-1
2023-08-27,2023-08-27 11:23:00,181.62,181.62,181.6,181.6,-0.01,8.48,1493.78,-1
2023-08-27,2023-08-27 11:24:00,181.6,181.6,181.58,181.58,-0.01,8.48,1493.78,-1
2023-08-27,2023-08-27 11:25:00,181.58,181.58,181.57,181.57,-0.01,8.48,1493.78,-1
2023-08-27,2023-08-27 11:26:00,181.57,181.57,181.55,181.55,-0.01,8.48,1493.78,-1
2023-08-27,2023-08-27 11:27:00,181.55,181.55,181.53,181.53,-0.01,8.48,1493.78,-1
2023-08-27,2023-08-27 11:28:00,181.53,181.53,181.52,181.52,-0.01,8.48,1493.78,-1
2023-08-27,2023-08-27 11:29:00,181.52,181.52,181.5,181.5,-0.01,8.48,1493.78,-1
2023-08-27,2023-08-27 11:30:00,181.5,181.5,181.48,181.48,-0.01,8.48,1493.78,-1
2023-08-27,2023-08-27 11:31:00,181.48,181.48,181.47,181.47,-0.01,8.48,1493.78,-1
2023-08-27,2023-08-27 11:32:00,181.47,181.47,181.45,181.45,-0.01,8.48,1493.78,-1
2023-08-27,2023-08-27 11:33:00,181.45,181.45,181.43,181.43,-0.01,8.48,1493.78,-1
2023-08-27,2023-08-27 11:34:00,181.43,181.43,181.42,181.42,-0.01,8.48,1493.78,-1
2023-08-27,2023-08-27 11:35:00,181.42,181.42,181.4,181.4,-0.01,8.48,1493.78,-1
2023-08-27,2023-08-27 11:36:00,181.4,181.4,181.38,181.38,-0.01,8.48,1493.78,-1
2023-08-27,2023-08-27 11:37:00,181.38,181.38,181.37,181.37,-0.01,8.48,1493.78,-1
2023-08-27,2023-08-27 11:38:00,181.37,181.37,181.35,181.35,-0.01,8.48,1493.78,-1
2023-08-27,2023-08-27 11:39:00,181.35,181.35,181.33,181.33,-0.01,8.48,1493.78,-1
2023-08-27,2023-08-27 11:40:00,181.33,181.33,181.32,181.32,-0.01,8.48,1493.78,-1
2023-08-27,2023-08-27 11:41:00,181.32,181.32,181.3,181.3,-0.01,8.48,1493.78,-1
2023-08-27,2023-08-27 11:42:00,181.3,181.3,181.28,181.28,-0.01,8.48,1493.78,-1
2023-08-27,2023-08-27 11:43:00,181.28,181.28,181.27,181.27,-0.01,8.48,1493.78,-1
2023-08-27,2023-08-27 11:44:00,181.27,181.27,181.25,181.25,-0.01,8.48,1493.78,-1
2023-08-27,2023-08-27 11:45:00,181.25,181.25,181.23,181.23,-0.01,8.48,1493.78,-1
2023-08-27,2023-08-27 11:46:00,181.23,181.23,181.22,181.22,-0.01,8.48,1493.78,-1
2023-08-27,2023-08-27 11:47:00,181.22,181.22,181.2,181.2,-0.01,8.48,1493.78,-1
2023-08-27,2023-08-27 11:48:00,181.2,181.2,181.18,181.18,-0.01,8.48,1493.78,-1
2023-08-27,2023-08-27 11:49:00,181.18,181.18,181.17,181.17,-0.01,8.48,1493.78,-1
2023-08-27,2023-08-27 11:50:00,181.17,181.17,181.15,181.15,-0.01,8.48,1493.78,-1
2023-08-27,2023-08-27 11:51:00,181.15,181.15,181.13,181.13,-0.01,8.48,1493.78,-1
2023-08-27,2023-08-27 11:52:00,181.13,181.13,181.12,181.12,-0.01,8.48,1493.78,-1
2023-08-27,2023-08-27 11:53:00,181.12,181.12,181.1,181.1,-0.01,8.48,1493.78,-1
2023-08-27,2023-08-27 11:54:00,181.1,181.1,181.08,181.08,-0.01,8.48,1493.78,-1
2023-08-27,2023-08-27 11:55:00,181.08,181.08,181.07,181.07,-0.01,8.48,1493.78,-1
2023-08-27,2023-08-27 11:56:00,181.07,181.07,181.05,181.05,-0.01,8.48,1493.78,-1
2023-08-27,2023-08-27 11:57:00,181.05,181.05,181.03,181.03,-0.01,8.48,1493.78,-1
2023-08-27,2023-08-27 11:58:00,181.03,181.03,181.02,181.02,-0.01,8.48,1493.78,-1
2023-08-27,2023-08-27 11:59:00,181.02,181.02,181.0,181.0,-0.01,8.48,1493.78,-1
2023-08-27,2023-08-27 12:00:00,181.0,181.0,180.98,180.98,-0.01,8.48,1493.78,-1
2023-08-27,2023-08-27 12:01:00,180.98,180.98,180.97,180.97,-0.01,8.48,1493.78,-1
2023-08-27,2023-08-27 12:02:00,180.97,180.97,180.95,180.95,-0.01,8.48,1493.78,-1
2023-08-27,2023-08-27 12:03:00,180.95,180.95,180.93,180.93,-0.01,8.48,1493.78,-1
2023-08-27,2023-08-27 12:04:00,180.93,180.93,180.92,180.92,-0.01,8.48,1493.78,-1
2023-08-27,2023-08-27 12:05:00,180.92,180.92,180.9,180.9,-0.01,8.48,1493.78,-1
2023-08-27,2023-08-27 12:06:00,180.9,180.9,180.88,180.88,-0.01,8.48,1493.78,-1
2023-08-27,2023-08-27 12:07:00,180.88,180.88,180.87,180.87,-0.01,8.48,1493.78,-1
2023-08-27,2023-08-27 12:08:00,180.87,180.87,180.85,180.85,-0.01,8.48,1493.78,-1
2023-08-27,2023-08-27 12:09:00,180.85,180.85,180.83,180.83,-0.01,8.48,1493.78,-1
2023-08-27,2023-08-27 12:10:00,180.83,180.83,180.82,180.82,-0.01,8.48,1493.78,-1
2023-08-27,2023-08-27 12:11:00,180.82,180.82,180.8,180.8,-0.01,8.48,1493.78,-1
2023-08-27,2023-08-27 12:12:00,180.8,180.8,180.78,180.78,-0.01,8.48,1493.78,-1
2023-08-27,2023-08-27 12:13:00,180.78,180.78,180.77,180.77,-0.01,8.48,1493.78,-1
2023-08-27,2023-08-27 12:14:00,180.77,180.77,180.75,180.75,-0.01,8.48,1493.78,-1
2023-08-27,2023-08-27 12:15:00,180.75,180.75,180.73,180.73,-0.01,8.48,1493.78,-1
2023-08-27,2023-08-27 12:16:00,180.73,180.73,180.72,180.72,-0.01,8.48,1493.78,-1
2023-08-27,2023-08-27 12:17:00,180.72,180.72,180.7,180.7,-0.01,8.48,1493.78,-1
2023-08-27,2023-08-27 12:18:00,180.7,180.7,180.68,180.68,-0.01,8.48,1493.78,-1
2023-08-27,2023-08-27 12:19:00,180.68,180.68,180.67,180.67,-0.01,8.48,1493.78,-1
2023-08-27,2023-08-27 12:20:00,180.67,180.67,180.65,180.65,-0.01,8.48,1493.78,-1
2023-08-27,2023-08-27 12:21:00,180.65,180.65,180.63,180.63,-0.01,8.48,1493.78,-1
2023-08-27,2023-08-27 12:22:00,180.63,180.63,180.62,180.62,-0.01,8.48,1493.78,-1
2023-08-27,2023-08-27 12:23:00,180.62,180.62,180.6,180.6,-0.01,8.48,1493.78,-1
2023-08-27,2023-08-27 12:24:00,180.6,180.6,180.58,180.58,-0.01,8.48,1493.78,-1
2023-08-27,2023-08-27 12:25:00,180.58,180.58,180.57,180.57,-0.01,8.48,1493.78,-1
2023-08-27,2023-08-27 12:26:00,180.57,180.57,180.55,180.55,-0.01,8.48,1493.78,-1
2023-08-27,2023-08-27 12:27:00,180.55,180.55,180.53,180.53,-0.01,8.48,1493.78,-1
2023-08-27,2023-08-27 12:28:00,180.53,180.53,180.52,180.52,-0.01,8.48,1493.78,-1
2023-08-27,2023-08-27 12:29:00,180.52,180.52,180.5,180.5,-0.01,8.48,1493.78,-1
2023-08-27,2023-08-27 12:30:00,180.5,180.5,180.48,180.48,-0.01,8.48,1493.78,-1
2023-08-27,2023-08-27 12:31:00,180.48,180.48,180.47,180.47,-0.01,8.48,1493.78,-1
2023-08-27,2023-08-27 12:32:00,180.47,180.47,180.45,180.45,-0.01,8.48,1493.78,-1
2023-08-27,2023-08-27 12:33:00,180.45,180.45,180.43,180.43,-0.01,8.48,1493.78,-1
2023-08-27,2023-08-27 12:34:00,180.43,180.43,180.42,180.42,-0.01,8.48,1493.78,-1
2023-08-27,2023-08-27 12:35:00,180.42,180.42,180.4,180.4,-0.01,8.48,1493.78,-1
2023-08-27,2023-08-27 12:36:00,180.4,180.4,180.38,180.38,-0.01,8.48,1493.78,-1
2023-08-27,2023-08-27 12:37:00,180.38,180.38,180.37,180.37,-0.01,8.48,1493.78,-1
2023-08-27,2023-08-27 12:38:00,180.37,180.37,180.35,180.35,-0.01,8.48,1493.78,-1
2023-08-27,2023-08-27 12:39:00,180.35,180.35,180.33,180.33,-0.01,8.48,1493.78,-1
2023-08-27,2023-08-27 12:40:00,180.33,180.33,180.32,180.32,-0.01,8.48,1493.78,-1
2023-08-27,2023-08-27 12:41:00,180.32,180.32,180.3,180.3,-0.01,8.48,1493.78,-1
2023-08-27,2023-08-27 12:42:00,180.3,180.3,180.28,180.28,-0.01,8.48,1493.78,-1
2023-08-27,2023-08-27 12:43:00,180.28,180.28,180.27,180.27,-0.01,8.48,1493.78,-1
2023-08-27,2023-08-27 12:44:00,180.27,180.27,180.25,180.25,-0.01,8.48,1493.78,-1
2023-08-27,2023-08-27 12:45:00,180.25,180.25,180.23,180.23,-0.01,8.48,1493.78,-1
2023-08-27,2023-08-27 12:46:00,180.23,180.23,180.22,180.22,-0.01,8.48,1493.78,-1
2023-08-27,2023-08-27 12:47:00,180.22,180.22,180.2,180.2,-0.01,8.48,1493.78,-1
2023-08-27,2023-08-27 12:48:00,180.2,180.2,180.18,180.18,-0.01,8.48,1493.78,-1
2023-08-27,2023-08-27 12:49:00,180.18,180.18,180.17,180.17,-0.01,8.48,1493.78,-1
2023-08-27,2023-08-27 12:50:00,180.17,180.17,180.15,180.15,-0.01,8.48,1493.78,-1
2023-08-27,2023-08-27 12:51:00,180.15,180.15,180.13,180.13,-0.01,8.48,1493.78,-1
2023-08-27,2023-08-27 12:52:00,180.13,180.13,180.12,180.12,-0.01,8.48,1493.78,-1
2023-08-27,2023-08-27 12:53:00,180.12,180.12,180.1,180.1,-0.01,8.48,1493.78,-1
2023-08-27,2023-08-27 12:54:00,180.1,180.1,180.08,180.08,-0.01,8.48,1493.78,-1
2023-08-27,2023-08-27 12:55:00,180.08,180.08,180.07,180.07,-0.01,8.48,1493.78,-1
2023-08-27,2023-08-27 12:56:00,180.07,180.07,180.05,180.05,-0.01,8.48,1493.78,-1
2023-08-27,2023-08-27 12:57:00,180.05,180.05,180.03,180.03,-0.01,8.48,1493.78,-1
2023-08-27,2023-08-27 12:58:00,180.03,180.03,180.02,180.02,-0.01,8.48,1493.78,-1
2023-08-27,2023-08-27 12:59:00,180.02,180.02,180.0,180.0,-0.01,8.48,1493.78,-1
2023-08-27,2023-08-27 13:00:00,180.0,182.0,172.0,179.98,-0.01,8.48,1493.78,-1
2023-08-27,2023-08-27 13:01:00,179.98,179.98,179.97,179.97,-0.01,8.48,1493.78,-1
2023-08-27,2023-08-27 13:02:00,179.97,179.97,179.95,179.95,-0.01,8.48,1493.78,-1
2023-08-27,2023-08-27 13:03:00,179.95,179.95,179.93,179.93,-0.01,8.48,1493.78,-1
2023-08-27,2023-08-27 13:04:00,179.93,179.93,179.92,179.92,-0.01,8.48,1493.78,-1
2023-08-27,2023-08-27 13:05:00,179.92,179.92,179.9,179.9,-0.01,8.48,1493.78,-1
2023-08-27,2023-08-27 13:06:00,179.9,179.9,179.88,179.88,-0.01,8.48,1493.78,-1
2023-08-27,2023-08-27 13:07:00,179.88,179.88,179.87,179.87,-0.01,8.48,1493.78,-1
2023-08-27,2023-08-27 13:08:00,179.87,179.87,179.85,179.85,-0.01,8.48,1493.78,-1
2023-08-27,2023-08-27 13:09:00,179.85,179.85,179.83,179.83,-0.01,8.48,1493.78,-1
2023-08-27,2023-08-27 13:10:00,179.83,179.83,179.82,179.82,-0.01,8.48,1493.78,-1
2023-08-27,2023-08-27 13:11:00,179.82,179.82,179.8,179.8,-0.01,8.48,1493.78,-1
2023-08-27,2023-08-27 13:12:00,179.8,179.8,179.78,179.78,-0.01,8.48,1493.78,-1
2023-08-27,2023-08-27 13:13:00,179.78,179.78,179.77,179.77,-0.01,8.48,1493.78,-1
2023-08-27,2023-08-27 13:14:00,179.77,179.77,179.75,179.75,-0.01,8.48,1493.78,-1
2023-08-27,2023-08-27 13:15:00,179.75,179.75,179.73,179.73,-0.01,8.48,1493.78,-1
2023-08-27,2023-08-27 13:16:00,179.73,179.73,179.72,179.72,-0.01,8.48,1493.78,-1
2023-08-27,2023-08-27 13:17:00,179.72,179.72,179.7,179.7,-0.01,8.48,1493.78,-1
2023-08-27,2023-08-27 13:18:00,179.7,179.7,179.68,179.68,-0.01,8.48,1493.78,-1
2023-08-27,2023-08-27 13:19:00,179.68,179.68,179.67,179.67,-0.01,8.48,1493.78,-1
2023-08-27,2023-08-27 13:20:00,179.67,179.67,179.65,179.65,-0.01,8.48,1493.78,-1
2023-08-27,2023-08-27 13:21:00,179.65,179.65,179.63,179.63,-0.01,8.48,1493.78,-1
2023-08-27,2023-08-27 13:22:00,179.63,179.63,179.62,179.62,-0.01,8.48,1493.78,-1
2023-08-27,2023-08-27 13:23:00,179.62,179.62,179.6,179.6,-0.01,8.48,1493.78,-1
2023-08-27,2023-08-27 13:24:00,179.6,179.6,179.58,179.58,-0.01,8.48,1493.78,-1
2023-08-27,2023-08-27 13:25:00,179.58,179.58,179.57,179.57,-0.01,8.48,1493.78,-1
2023-08-27,2023-08-27 13:26:00,179.57,179.57,179.55,179.55,-0.01,8.48,1493.78,-1
2023-08-27,2023-08-27 13:27:00,179.55,179.55,179.53,179.53,-0.01,8.48,1493.78,-1
2023-08-27,2023-08-27 13:28:00,179.53,179.53,179.52,179.52,-0.01,8.48,1493.78,-1
2023-08-27,2023-08-27 13:29:00,179.52,179.52,179.5,179.5,-0.01,8.48,1493.78,-1
2023-08-27,2023-08-27 13:30:00,179.5,179.5,179.48,179.48,-0.01,8.48,1493.78,-1
2023-08-27,2023-08-27 13:31:00,179.48,179.48,179.47,179.47,-0.01,8.48,1493.78,-1
2023-08-27,2023-08-27 13:32:00,179.47,179.47,179.45,179.45,-0.01,8.48,1493.78,-1
2023-08-27,2023-08-27 13:33:00,179.45,179.45,179.43,179.43,-0.01,8.48,1493.78,-1
2023-08-27,2023-08-27 13:34:00,179.43,179.43,179.42,179.42,-0.01,8.48,1493.78,-1
2023-08-27,2023-08-27 13:35:00,179.42,179.42,179.4,179.4,-0.01,8.48,1493.78,-1
2023-08-27,2023-08-27 13:36:00,179.4,179.4,179.38,179.38,-0.01,8.48,1493.78,-1
2023-08-27,2023-08-27 13:37:00,179.38,179.38,179.37,179.37,-0.01,8.48,1493.78,-1
2023-08-27,2023-08-27 13:38:00,179.37,179.37,179.35,179.35,-0.01,8.48,1493.78,-1
2023-08-27,2023-08-27 13:39:00,179.35,179.35,179.33,179.33,-0.01,8.48,1493.78,-1
2023-08-27,2023-08-27 13:40:00,179.33,179.33,179.32,179.32,-0.01,8.48,1493.78,-1
2023-08-27,2023-08-27 13:41:00,179.32,179.32,179.3,179.3,-0.01,8.48,1493.78,-1
2023-08-27,2023-08-27 13:42:00,179.3,179.3,179.28,179.28,-0.01,8.48,1493.78,-1
2023-08-27,2023-08-27 13:43:00,179.28,179.28,179.27,179.27,-0.01,8.48,1493.78,-1
2023-08-27,2023-08-27 13:44:00,179.27,179.27,179.25,179.25,-0.01,8.48,1493.78,-1
2023-08-27,2023-08-27 13:45:00,179.25,179.25,179.23,179.23,-0.01,8.48,1493.78,-1
2023-08-27,2023-08-27 13:46:00,179.23,179.23,179.22,179.22,-0.01,8.48,1493.78,-1
2023-08-27,2023-08-27 13:47:00,179.22,179.22,179.2,179.2,-0.01,8.48,1493.78,-1
2023-08-27,2023-08-27 13:48:00,179.2,179.2,179.18,179.18,-0.01,8.48,1493.78,-1
2023-08-27,2023-08-27 13:49:00,179.18,179.18,179.17,179.17,-0.01,8.48,1493.78,-1
2023-08-27,2023-08-27 13:50:00,179.17,179.17,179.15,179.15,-0.01,8.48,1493.78,-1
2023-08-27,2023-08-27 13:51:00,179.15,179.15,179.13,179.13,-0.01,8.48,1493.78,-1
2023-08-27,2023-08-27 13:52:00,179.13,179.13,179.12,179.12,-0.01,8.48,1493.78,-1
2023-08-27,2023-08-27 13:53:00,179.12,179.12,179.1,179.1,-0.01,8.48,1493.78,-1
2023-08-27,2023-08-27 13:54:00,179.1,179.1,179.08,179.08,-0.01,8.48,1493.78,-1
2023-08-27,2023-08-27 13:55:00,179.08,179.08,179.07,179.07,-0.01,8.48,1493.78,-1
2023-08-27,2023-08-27 13:56:00,179.07,179.07,179.05,179.05,-0.01,8.48,1493.78,-1
2023-08-27,2023-08-27 13:57:00,179.05,179.05,179.03,179.03,-0.01,8.48,1493.78,-1
2023-08-27,2023-08-27 13:58:00,179.03,179.03,179.02,179.02,-0.01,8.48,1493.78,-1
2023-08-27,2023-08-27 13:59:00,179.02,179.02,179.0,179.0,-0.01,8.48,1493.78,-1
2023-08-27,2023-08-27 14:00:00,179.0,179.0,178.98,178.98,-0.01,8.48,1493.78,-1
2023-08-27,2023-08-27 14:01:00,178.98,178.98,178.97,178.97,-0.01,8.48,1493.78,-1
2023-08-27,2023-08-27 14:02:00,178.97,178.97,178.95,178.95,-0.01,8.48,1493.78,-1
2023-08-27,2023-08-27 14:03:00,178.95,178.95,178.93,178.93,-0.01,8.48,1493.78,-1
2023-08-27,2023-08-27 14:04:00,178.93,178.93,178.92,178.92,-0.01,8.48,1493.78,-1
2023-08-27,2023-08-27 14:05:00,178.92,178.92,178.9,178.9,-0.01,8.48,1493.78,-1
2023-08-27,2023-08-27 14:06:00,178.9,178.9,178.88,178.88,-0.01,8.48,1493.78,-1
2023-08-27,2023-08-27 14:07:00,178.88,178.88,178.87,178.87,-0.01,8.48,1493.78,-1
2023-08-27,2023-08-27 14:08:00,178.87,178.87,178.85,178.85,-0.01,8.48,1493.78,-1
2023-08-27,2023-08-27 14:09:00,178.85,178.85,178.83,178.83,-0.01,8.48,1493.78,-1
2023-08-27,2023-08-27 14:10:00,178.83,178.83,178.82,178.82,-0.01,8.48,1493.78,-1
2023-08-27,2023-08-27 14:11:00,178.82,178.82,178.8,178.8,-0.01,8.48,1493.78,-1
2023-08-27,2023-08-27 14:12:00,178.8,178.8,178.78,178.78,-0.01,8.48,1493.78,-1
2023-08-27,2023-08-27 14:13:00,178.78,178.78,178.77,178.77,-0.01,8.48,1493.78,-1
2023-08-27,2023-08-27 14:14:00,178.77,178.77,178.75,178.75,-0.01,8.48,1493.78,-1
2023-08-27,2023-08-27 14:15:00,178.75,178.75,178.73,178.73,-0.01,8.48,1493.78,-1
2023-08-27,2023-08-27 14:16:00,178.73,178.73,178.72,178.72,-0.01,8.48,1493.78,-1
2023-08-27,2023-08-27 14:17:00,178.72,178.72,178.7,178.7,-0.01,8.48,1493.78,-1
2023-08-27,2023-08-27 14:18:00,178.7,178.7,178.68,178.68,-0.01,8.48,1493.78,-1
2023-08-27,2023-08-27 14:19:00,178.68,178.68,178.67,178.67,-0.01,8.48,1493.78,-1
2023-08-27,2023-08-27 14:20:00,178.67,178.67,178.65,178.65,-0.01,8.48,1493.78,-1
2023-08-27,2023-08-27 14:21:00,178.65,178.65,178.63,178.63,-0.01,8.48,1493.78,-1
2023-08-27,2023-08-27 14:22:00,178.63,178.63,178.62,178.62,-0.01,8.48,1493.78,-1
2023-08-27,2023-08-27 14:23:00,178.62,178.62,178.6,178.6,-0.01,8.48,1493.78,-1
2023-08-27,2023-08-27 14:24:00,178.6,178.6,178.58,178.58,-0.01,8.48,1493.78,-1
2023-08-27,2023-08-27 14:25:00,178.58,178.58,178.57,178.57,-0.01,8.48,1493.78,-1
2023-08-27,2023-08-27 14:26:00,178.57,178.57,178.55,178.55,-0.01,8.48,1493.78,-1
2023-08-27,2023-08-27 14:27:00,178.55,178.55,178.53,178.53,-0.01,8.48,1493.78,-1
2023-08-27,2023-08-27 14:28:00,178.53,178.53,178.52,178.52,-0.01,8.48,1493.78,-1
2023-08-27,2023-08-27 14:29:00,178.52,178.52,178.5,178.5,-0.01,8.48,1493.78,-1
2023-08-27,2023-08-27 14:30:00,178.5,178.5,178.48,178.48,-0.01,8.48,1493.78,-1
2023-08-27,2023-08-27 14:31:00,178.48,178.48,178.47,178.47,-0.01,8.48,1493.78,-1
2023-08-27,2023-08-27 14:32:00,178.47,178.47,178.45,178.45,-0.01,8.48,1493.78,-1
2023-08-27,2023-08-27 14:33:00,178.45,178.45,178.43,178.43,-0.01,8.48,1493.78,-1
2023-08-27,2023-08-27 14:34:00,178.43,178.43,178.42,178.42,-0.01,8.48,1493.78,-1
2023-08-27,2023-08-27 14:35:00,178.42,178.42,178.4,178.4,-0.01,8.48,1493.78,-1
2023-08-27,2023-08-27 14:36:00,178.4,178.4,178.38,178.38,-0.01,8.48,1493.78,-1
2023-08-27,2023-08-27 14:37:00,178.38,178.38,178.37,178.37,-0.01,8.48,1493.78,-1
2023-08-27,2023-08-27 14:38:00,178.37,178.37,178.35,178.35,-0.01,8.48,1493.78,-1
2023-08-27,2023-08-27 14:39:00,178.35,178.35,178.33,178.33,-0.01,8.48,1493.78,-1
2023-08-27,2023-08-27 14:40:00,178.33,178.33,178.32,178.32,-0.01,8.48,1493.78,-1
2023-08-27,2023-08-27 14:41:00,178.32,178.32,178.3,178.3,-0.01,8.48,1493.78,-1
2023-08-27,2023-08-27 14:42:00,178.3,178.3,178.28,178.28,-0.01,8.48,1493.78,-1
2023-08-27,2023-08-27 14:43:00,178.28,178.28,178.27,178.27,-0.01,8.48,1493.78,-1
2023-08-27,2023-08-27 14:44:00,178.27,178.27,178.25,178.25,-0.01,8.48,1493.78,-1
2023-08-27,2023-08-27 14:45:00,178.25,178.25,178.23,178.23,-0.01,8.48,1493.78,-1
2023-08-27,2023-08-27 14:46:00,178.23,178.23,178.22,178.22,-0.01,8.48,1493.78,-1
2023-08-27,2023-08-27 14:47:00,178.22,178.22,178.2,178.2,-0.01,8.48,1493.78,-1
2023-08-27,2023-08-27 14:48:00,178.2,178.2,178.18,178.18,-0.01,8.48,1493.78,-1
2023-08-27,2023-08-27 14:49:00,178.18,178.18,178.17,178.17,-0.01,8.48,1493.78,-1
2023-08-27,2023-08-27 14:50:00,178.17,178.17,178.15,178.15,-0.01,8.48,1493.78,-1
2023-08-27,2023-08-27 14:51:00,178.15,178.15,178.13,178.13,-0.01,8.48,1493.78,-1
2023-08-27,2023-08-27 14:52:00,178.13,178.13,178.12,178.12,-0.01,8.48,1493.78,-1
2023-08-27,2023-08-27 14:53:00,178.12,178.12,178.1,178.1,-0.01,8.48,1493.78,-1
2023-08-27,2023-08-27 14:54:00,178.1,178.1,178.08,178.08,-0.01,8.48,1493.78,-1
2023-08-27,2023-08-27 14:55:00,178.08,178.08,178.07,178.07,-0.01,8.48,1493.78,-1
2023-08-27,2023-08-27 14:56:00,178.07,178.07,178.05,178.05,-0.01,8.48,1493.78,-1
2023-08-27,2023-08-27 14:57:00,178.05,178.05,178.03,178.03,-0.01,8.48,1493.78,-1
2023-08-27,2023-08-27 14:58:00,178.03,178.03,178.02,178.02,-0.01,8.48,1493.78,-1
2023-08-27,2023-08-27 14:59:00,178.02,178.02,178.0,178.0,-0.01,8.48,1493.78,-1
2023-08-27,2023-08-27 15:00:00,178.0,182.0,172.0,178.0,0.0,8.48,1493.78,0
2023-08-28,2023-08-28 11:00:00,174.5,176.45,174.5,174.53,0.02,15.84,2834.86,1
2023-08-28,2023-08-28 11:01:00,174.53,174.55,174.53,174.55,0.01,15.84,2834.86,1
2023-08-28,2023-08-28 11:02:00,174.55,174.58,174.55,174.58,0.02,15.84,2834.86,1
2023-08-28,2023-08-28 11:03:00,174.58,174.61,174.58,174.61,0.02,15.84,2834.86,1
2023-08-28,2023-08-28 11:04:00,174.61,174.64,174.61,174.64,0.02,15.84,2834.86,1
2023-08-28,2023-08-28 11:05:00,174.64,174.66,174.64,174.66,0.01,15.84,2834.86,1
2023-08-28,2023-08-28 11:06:00,174.66,174.69,174.66,174.69,0.02,15.84,2834.86,1
2023-08-28,2023-08-28 11:07:00,174.69,174.72,174.69,174.72,0.02,15.84,2834.86,1
2023-08-28,2023-08-28 11:08:00,174.72,174.74,174.72,174.74,0.01,15.84,2834.86,1
2023-08-28,2023-08-28 11:09:00,174.74,174.77,174.74,174.77,0.02,15.84,2834.86,1
2023-08-28,2023-08-28 11:10:00,174.77,174.8,174.77,174.8,0.02,15.84,2834.86,1
2023-08-28,2023-08-28 11:11:00,174.8,174.82,174.8,174.82,0.01,15.84,2834.86,1
2023-08-28,2023-08-28 11:12:00,174.82,174.85,174.82,174.85,0.02,15.84,2834.86,1
2023-08-28,2023-08-28 11:13:00,174.85,174.88,174.85,174.88,0.02,15.84,2834.86,1
2023-08-28,2023-08-28 11:14:00,174.88,174.91,174.88,174.91,0.02,15.84,2834.86,1
2023-08-28,2023-08-28 11:15:00,174.91,174.93,174.91,174.93,0.01,15.84,2834.86,1
2023-08-28,2023-08-28 11:16:00,174.93,174.96,174.93,174.96,0.02,15.84,2834.86,1
2023-08-28,2023-08-28 11:17:00,174.96,174.99,174.96,174.99,0.02,15.84,2834.86,1
2023-08-28,2023-08-28 11:18:00,174.99,175.01,174.99,175.01,0.01,15.84,2834.86,1
2023-08-28,2023-08-28 11:19:00,175.01,175.04,175.01,175.04,0.02,15.84,2834.86,1
2023-08-28,2023-08-28 11:20:00,175.04,175.07,175.04,175.07,0.02,15.84,2834.86,1
2023-08-28,2023-08-28 11:21:00,175.07,175.1,175.07,175.1,0.02,15.84,2834.86,1
2023-08-28,2023-08-28 11:22:00,175.1,175.12,175.1,175.12,0.01,15.84,2834.86,1
2023-08-28,2023-08-28 11:23:00,175.12,175.15,175.12,175.15,0.02,15.84,2834.86,1
2023-08-28,2023-08-28 11:24:00,175.15,175.18,175.15,175.18,0.02,15.84,2834.86,1
2023-08-28,2023-08-28 11:25:00,175.18,175.2,175.18,175.2,0.01,15.84,2834.86,1
2023-08-28,2023-08-28 11:26:00,175.2,175.23,175.2,175.23,0.02,15.84,2834.86,1
2023-08-28,2023-08-28 11:27:00,175.23,175.26,175.23,175.26,0.02,15.84,2834.86,1
2023-08-28,2023-08-28 11:28:00,175.26,175.29,175.26,175.29,0.02,15.84,2834.86,1
2023-08-28,2023-08-28 11:29:00,175.29,175.31,175.29,175.31,0.01,15.84,2834.86,1
2023-08-28,2023-08-28 11:30:00,175.31,175.34,175.31,175.34,0.02,15.84,2834.86,1
2023-08-28,2023-08-28 11:31:00,175.34,175.37,175.34,175.37,0.02,15.84,2834.86,1
2023-08-28,2023-08-28 11:32:00,175.37,175.39,175.37,175.39,0.01,15.84,2834.86,1
2023-08-28,2023-08-28 11:33:00,175.39,175.42,175.39,175.42,0.02,15.84,2834.86,1
2023-08-28,2023-08-28 11:34:00,175.42,175.45,175.42,175.45,0.02,15.84,2834.86,1
2023-08-28,2023-08-28 11:35:00,175.45,175.47,175.45,175.47,0.01,15.84,2834.86,1
2023-08-28,2023-08-28 11:36:00,175.47,175.5,175.47,175.5,0.02,15.84,2834.86,1
2023-08-28,2023-08-28 11:37:00,175.5,175.53,175.5,175.53,0.02,15.84,2834.86,1
2023-08-28,2023-08-28 11:38:00,175.53,175.56,175.53,175.56,0.02,15.84,2834.86,1
2023-08-28,2023-08-28 11:39:00,175.56,175.58,175.56,175.58,0.01,15.84,2834.86,1
2023-08-28,2023-08-28 11:40:00,175.58,175.61,175.58,175.61,0.02,15.84,2834.86,1
2023-08-28,2023-08-28 11:41:00,175.61,175.64,175.61,175.64,0.02,15.84,2834.86,1
2023-08-28,2023-08-28 11:42:00,175.64,175.66,175.64,175.66,0.01,15.84,2834.86,1
2023-08-28,2023-08-28 11:43:00,175.66,175.69,175.66,175.69,0.02,15.84,2834.86,1
2023-08-28,2023-08-28 11:44:00,175.69,175.72,175.69,175.72,0.02,15.84,2834.86,1
2023-08-28,2023-08-28 11:45:00,175.72,175.75,175.72,175.75,0.02,15.84,2834.86,1
2023-08-28,2023-08-28 11:46:00,175.75,175.77,175.75,175.77,0.01,15.84,2834.86,1
2023-08-28,2023-08-28 11:47:00,175.77,175.8,175.77,175.8,0.02,15.84,2834.86,1
2023-08-28,2023-08-28 11:48:00,175.8,175.83,175.8,175.83,0.02,15.84,2834.86,1
2023-08-28,2023-08-28 11:49:00,175.83,175.85,175.83,175.85,0.01,15.84,2834.86,1
2023-08-28,2023-08-28 11:50:00,175.85,175.88,175.85,175.88,0.02,15.84,2834.86,1
2023-08-28,2023-08-28 11:51:00,175.88,175.91,175.88,175.91,0.02,15.84,2834.86,1
2023-08-28,2023-08-28 11:52:00,175.91,175.94,175.91,175.94,0.02,15.84,2834.86,1
2023-08-28,2023-08-28 11:53:00,175.94,175.96,175.94,175.96,0.01,15.84,2834.86,1
2023-08-28,2023-08-28 11:54:00,175.96,175.99,175.96,175.99,0.02,15.84,2834.86,1
2023-08-28,2023-08-28 11:55:00,175.99,176.02,175.99,176.02,0.02,15.84,2834.86,1
2023-08-28,2023-08-28 11:56:00,176.02,176.04,176.02,176.04,0.01,15.84,2834.86,1
2023-08-28,2023-08-28 11:57:00,176.04,176.07,176.04,176.07,0.02,15.84,2834.86,1
2023-08-28,2023-08-28 11:58:00,176.07,176.1,176.07,176.1,0.02,15.84,2834.86,1
2023-08-28,2023-08-28 11:59:00,176.1,176.12,176.1,176.12,0.01,15.84,2834.86,1
2023-08-28,2023-08-28 12:00:00,176.12,176.15,176.12,176.15,0.02,15.84,2834.86,1
2023-08-28,2023-08-28 12:01:00,176.15,176.18,176.15,176.18,0.02,15.84,2834.86,1
2023-08-28,2023-08-28 12:02:00,176.18,176.21,176.18,176.21,0.02,15.84,2834.86,1
2023-08-28,2023-08-28 12:03:00,176.21,176.23,176.21,176.23,0.01,15.84,2834.86,1
2023-08-28,2023-08-28 12:04:00,176.23,176.26,176.23,176.26,0.02,15.84,2834.86,1
2023-08-28,2023-08-28 12:05:00,176.26,176.29,176.26,176.29,0.02,15.84,2834.86,1
2023-08-28,2023-08-28 12:06:00,176.29,176.31,176.29,176.31,0.01,15.84,2834.86,1
2023-08-28,2023-08-28 12:07:00,176.31,176.34,176.31,176.34,0.02,15.84,2834.86,1
2023-08-28,2023-08-28 12:08:00,176.34,176.37,176.34,176.37,0.02,15.84,2834.86,1
2023-08-28,2023-08-28 12:09:00,176.37,176.4,176.37,176.4,0.02,15.84,2834.86,1
2023-08-28,2023-08-28 12:10:00,176.4,176.42,176.4,176.42,0.01,15.84,2834.86,1
2023-08-28,2023-08-28 12:11:00,176.42,176.45,176.42,176.45,0.02,15.84,2834.86,1
2023-08-28,2023-08-28 12:12:00,176.45,176.48,176.45,176.48,0.02,15.84,2834.86,1
2023-08-28,2023-08-28 12:13:00,176.48,176.5,176.48,176.5,0.01,15.84,2834.86,1
2023-08-28,2023-08-28 12:14:00,176.5,176.53,176.5,176.53,0.02,15.84,2834.86,1
2023-08-28,2023-08-28 12:15:00,176.53,176.56,176.53,176.56,0.02,15.84,2834.86,1
2023-08-28,2023-08-28 12:16:00,176.56,176.59,176.56,176.59,0.02,15.84,2834.86,1
2023-08-28,2023-08-28 12:17:00,176.59,176.61,176.59,176.61,0.01,15.84,2834.86,1
2023-08-28,2023-08-28 12:18:00,176.61,176.64,176.61,176.64,0.02,15.84,2834.86,1
2023-08-28,2023-08-28 12:19:00,176.64,176.67,176.64,176.67,0.02,15.84,2834.86,1
2023-08-28,2023-08-28 12:20:00,176.67,176.69,176.67,176.69,0.01,15.84,2834.86,1
2023-08-28,2023-08-28 12:21:00,176.69,176.72,176.69,176.72,0.02,15.84,2834.86,1
2023-08-28,2023-08-28 12:22:00,176.72,176.75,176.72,176.75,0.02,15.84,2834.86,1
2023-08-28,2023-08-28 12:23:00,176.75,176.78,176.75,176.78,0.02,15.84,2834.86,1
2023-08-28,2023-08-28 12:24:00,176.78,176.8,176.78,176.8,0.01,15.84,2834.86,1
2023-08-28,2023-08-28 12:25:00,176.8,176.83,176.8,176.83,0.02,15.84,2834.86,1
2023-08-28,2023-08-28 12:26:00,176.83,176.86,176.83,176.86,0.02,15.84,2834.86,1
2023-08-28,2023-08-28 12:27:00,176.86,176.88,176.86,176.88,0.01,15.84,2834.86,1
2023-08-28,2023-08-28 12:28:00,176.88,176.91,176.88,176.91,0.02,15.84,2834.86,1
2023-08-28,2023-08-28 12:29:00,176.91,176.94,176.91,176.94,0.02,15.84,2834.86,1
2023-08-28,2023-08-28 12:30:00,176.94,176.96,176.94,176.96,0.01,15.84,2834.86,1
2023-08-28,2023-08-28 12:31:00,176.96,176.99,176.96,176.99,0.02,15.84,2834.86,1
2023-08-28,2023-08-28 12:32:00,176.99,177.02,176.99,177.02,0.02,15.84,2834.86,1
2023-08-28,2023-08-28 12:33:00,177.02,177.05,177.02,177.05,0.02,15.84,2834.86,1
2023-08-28,2023-08-28 12:34:00,177.05,177.07,177.05,177.07,0.01,15.84,2834.86,1
2023-08-28,2023-08-28 12:35:00,177.07,177.1,177.07,177.1,0.02,15.84,2834.86,1
2023-08-28,2023-08-28 12:36:00,177.1,177.13,177.1,177.13,0.02,15.84,2834.86,1
2023-08-28,2023-08-28 12:37:00,177.13,177.15,177.13,177.15,0.01,15.84,2834.86,1
2023-08-28,2023-08-28 12:38:00,177.15,177.18,177.15,177.18,0.02,15.84,2834.86,1
2023-08-28,2023-08-28 12:39:00,177.18,177.21,177.18,177.21,0.02,15.84,2834.86,1
2023-08-28,2023-08-28 12:40:00,177.21,177.24,177.21,177.24,0.02,15.84,2834.86,1
2023-08-28,2023-08-28 12:41:00,177.24,177.26,177.24,177.26,0.01,15.84,2834.86,1
2023-08-28,2023-08-28 12:42:00,177.26,177.29,177.26,177.29,0.02,15.84,2834.86,1
2023-08-28,2023-08-28 12:43:00,177.29,177.32,177.29,177.32,0.02,15.84,2834.86,1
2023-08-28,2023-08-28 12:44:00,177.32,177.34,177.32,177.34,0.01,15.84,2834.86,1
2023-08-28,2023-08-28 12:45:00,177.34,177.37,177.34,177.37,0.02,15.84,2834.86,1
2023-08-28,2023-08-28 12:46:00,177.37,177.4,177.37,177.4,0.02,15.84,2834.86,1
2023-08-28,2023-08-28 12:47:00,177.4,177.43,177.4,177.43,0.02,15.84,2834.86,1
2023-08-28,2023-08-28 12:48:00,177.43,177.45,177.43,177.45,0.01,15.84,2834.86,1
2023-08-28,2023-08-28 12:49:00,177.45,177.48,177.45,177.48,0.02,15.84,2834.86,1
2023-08-28,2023-08-28 12:50:00,177.48,177.51,177.48,177.51,0.02,15.84,2834.86,1
2023-08-28,2023-08-28 12:51:00,177.51,177.53,177.51,177.53,0.01,15.84,2834.86,1
2023-08-28,2023-08-28 12:52:00,177.53,177.56,177.53,177.56,0.02,15.84,2834.86,1
2023-08-28,2023-08-28 12:53:00,177.56,177.59,177.56,177.59,0.02,15.84,2834.86,1
2023-08-28,2023-08-28 12:54:00,177.59,177.61,177.59,177.61,0.01,15.84,2834.86,1
2023-08-28,2023-08-28 12:55:00,177.61,177.64,177.61,177.64,0.02,15.84,2834.86,1
2023-08-28,2023-08-28 12:56:00,177.64,177.67,177.64,177.67,0.02,15.84,2834.86,1
2023-08-28,2023-08-28 12:57:00,177.67,177.7,177.67,177.7,0.02,15.84,2834.86,1
2023-08-28,2023-08-28 12:58:00,177.7,177.72,177.7,177.72,0.01,15.84,2834.86,1
2023-08-28,2023-08-28 12:59:00,177.72,177.75,177.72,177.75,0.02,15.84,2834.86,1
2023-08-28,2023-08-28 13:00:00,177.75,181.0,174.5,177.78,0.02,15.84,2834.86,1
2023-08-28,2023-08-28 13:01:00,177.78,177.8,177.78,177.8,0.01,15.84,2834.86,1
2023-08-28,2023-08-28 13:02:00,177.8,177.83,177.8,177.83,0.02,15.84,2834.86,1
2023-08-28,2023-08-28 13:03:00,177.83,177.86,177.83,177.86,0.02,15.84,2834.86,1
2023-08-28,2023-08-28 13:04:00,177.86,177.89,177.86,177.89,0.02,15.84,2834.86,1
2023-08-28,2023-08-28 13:05:00,177.89,177.91,177.89,177.91,0.01,15.84,2834.86,1
2023-08-28,2023-08-28 13:06:00,177.91,177.94,177.91,177.94,0.02,15.84,2834.86,1
2023-08-28,2023-08-28 13:07:00,177.94,177.97,177.94,177.97,0.02,15.84,2834.86,1
2023-08-28,2023-08-28 13:08:00,177.97,177.99,177.97,177.99,0.01,15.84,2834.86,1
2023-08-28,2023-08-28 13:09:00,177.99,178.02,177.99,178.02,0.02,15.84,2834.86,1
2023-08-28,2023-08-28 13:10:00,178.02,178.05,178.02,178.05,0.02,15.84,2834.86,1
2023-08-28,2023-08-28 13:11:00,178.05,178.07,178.05,178.07,0.01,15.84,2834.86,1
2023-08-28,2023-08-28 13:12:00,178.07,178.1,178.07,178.1,0.02,15.84,2834.86,1
2023-08-28,2023-08-28 13:13:00,178.1,178.13,178.1,178.13,0.02,15.84,2834.86,1
2023-08-28,2023-08-28 13:14:00,178.13,178.16,178.13,178.16,0.02,15.84,2834.86,1
2023-08-28,2023-08-28 13:15:00,178.16,178.18,178.16,178.18,0.01,15.84,2834.86,1
2023-08-28,2023-08-28 13:16:00,178.18,178.21,178.18,178.21,0.02,15.84,2834.86,1
2023-08-28,2023-08-28 13:17:00,178.21,178.24,178.21,178.24,0.02,15.84,2834.86,1
2023-08-28,2023-08-28 13:18:00,178.24,178.26,178.24,178.26,0.01,15.84,2834.86,1
2023-08-28,2023-08-28 13:19:00,178.26,178.29,178.26,178.29,0.02,15.84,2834.86,1
2023-08-28,2023-08-28 13:20:00,178.29,178.32,178.29,178.32,0.02,15.84,2834.86,1
2023-08-28,2023-08-28 13:21:00,178.32,178.35,178.32,178.35,0.02,15.84,2834.86,1
2023-08-28,2023-08-28 13:22:00,178.35,178.37,178.35,178.37,0.01,15.84,2834.86,1
2023-08-28,2023-08-28 13:23:00,178.37,178.4,178.37,178.4,0.02,15.84,2834.86,1
2023-08-28,2023-08-28 13:24:00,178.4,178.43,178.4,178.43,0.02,15.84,2834.86,1
2023-08-28,2023-08-28 13:25:00,178.43,178.45,178.43,178.45,0.01,15.84,2834.86,1
2023-08-28,2023-08-28 13:26:00,178.45,178.48,178.45,178.48,0.02,15.84,2834.86,1
2023-08-28,2023-08-28 13:27:00,178.48,178.51,178.48,178.51,0.02,15.84,2834.86,1
2023-08-28,2023-08-28 13:28:00,178.51,178.54,178.51,178.54,0.02,15.84,2834.86,1
2023-08-28,2023-08-28 13:29:00,178.54,178.56,178.54,178.56,0.01,15.84,2834.86,1
2023-08-28,2023-08-28 13:30:00,178.56,178.59,178.56,178.59,0.02,15.84,2834.86,1
2023-08-28,2023-08-28 13:31:00,178.59,178.62,178.59,178.62,0.02,15.84,2834.86,1
2023-08-28,2023-08-28 13:32:00,178.62,178.64,178.62,178.64,0.01,15.84,2834.86,1
2023-08-28,2023-08-28 13:33:00,178.64,178.67,178.64,178.67,0.02,15.84,2834.86,1
2023-08-28,2023-08-28 13:34:00,178.67,178.7,178.67,178.7,0.02,15.84,2834.86,1
2023-08-28,2023-08-28 13:35:00,178.7,178.72,178.7,178.72,0.01,15.84,2834.86,1
2023-08-28,2023-08-28 13:36:00,178.72,178.75,178.72,178.75,0.02,15.84,2834.86,1
2023-08-28,2023-08-28 13:37:00,178.75,178.78,178.75,178.78,0.02,15.84,2834.86,1
2023-08-28,2023-08-28 13:38:00,178.78,178.81,178.78,178.81,0.02,15.84,2834.86,1
2023-08-28,2023-08-28 13:39:00,178.81,178.83,178.81,178.83,0.01,15.84,2834.86,1
2023-08-28,2023-08-28 13:40:00,178.83,178.86,178.83,178.86,0.02,15.84,2834.86,1
2023-08-28,2023-08-28 13:41:00,178.86,178.89,178.86,178.89,0.02,15.84,2834.86,1
2023-08-28,2023-08-28 13:42:00,178.89,178.91,178.89,178.91,0.01,15.84,2834.86,1
2023-08-28,2023-08-28 13:43:00,178.91,178.94,178.91,178.94,0.02,15.84,2834.86,1
2023-08-28,2023-08-28 13:44:00,178.94,178.97,178.94,178.97,0.02,15.84,2834.86,1
2023-08-28,2023-08-28 13:45:00,178.97,179.0,178.97,179.0,0.02,15.84,2834.86,1
2023-08-28,2023-08-28 13:46:00,179.0,179.02,179.0,179.02,0.01,15.84,2834.86,1
2023-08-28,2023-08-28 13:47:00,179.02,179.05,179.02,179.05,0.02,15.84,2834.86,1
2023-08-28,2023-08-28 13:48:00,179.05,179.08,179.05,179.08,0.02,15.84,2834.86,1
2023-08-28,2023-08-28 13:49:00,179.08,179.1,179.08,179.1,0.01,15.84,2834.86,1
2023-08-28,2023-08-28 13:50:00,179.1,179.13,179.1,179.13,0.02,15.84,2834.86,1
2023-08-28,2023-08-28 13:51:00,179.13,179.16,179.13,179.16,0.02,15.84,2834.86,1
2023-08-28,2023-08-28 13:52:00,179.16,179.19,179.16,179.19,0.02,15.84,2834.86,1
2023-08-28,2023-08-28 13:53:00,179.19,179.21,179.19,179.21,0.01,15.84,2834.86,1
2023-08-28,2023-08-28 13:54:00,179.21,179.24,179.21,179.24,0.02,15.84,2834.86,1
2023-08-28,2023-08-28 13:55:00,179.24,179.27,179.24,179.27,0.02,15.84,2834.86,1
2023-08-28,2023-08-28 13:56:00,179.27,179.29,179.27,179.29,0.01,15.84,2834.86,1
2023-08-28,2023-08-28 13:57:00,179.29,179.32,179.29,179.32,0.02,15.84,2834.86,1
2023-08-28,2023-08-28 13:58:00,179.32,179.35,179.32,179.35,0.02,15.84,2834.86,1
2023-08-28,2023-08-28 13:59:00,179.35,179.38,179.35,179.38,0.02,15.84,2834.86,1
2023-08-28,2023-08-28 14:00:00,179.38,179.4,179.38,179.4,0.01,15.84,2834.86,1
2023-08-28,2023-08-28 14:01:00,179.4,179.43,179.4,179.43,0.02,15.84,2834.86,1
2023-08-28,2023-08-28 14:02:00,179.43,179.46,179.43,179.46,0.02,15.84,2834.86,1
2023-08-28,2023-08-28 14:03:00,179.46,179.48,179.46,179.48,0.01,15.84,2834.86,1
2023-08-28,2023-08-28 14:04:00,179.48,179.51,179.48,179.51,0.02,15.84,2834.86,1
2023-08-28,2023-08-28 14:05:00,179.51,179.54,179.51,179.54,0.02,15.84,2834.86,1
2023-08-28,2023-08-28 14:06:00,179.54,179.56,179.54,179.56,0.01,15.84,2834.86,1
2023-08-28,2023-08-28 14:07:00,179.56,179.59,179.56,179.59,0.02,15.84,2834.86,1
2023-08-28,2023-08-28 14:08:00,179.59,179.62,179.59,179.62,0.02,15.84,2834.86,1
2023-08-28,2023-08-28 14:09:00,179.62,179.65,179.62,179.65,0.02,15.84,2834.86,1
2023-08-28,2023-08-28 14:10:00,179.65,179.67,179.65,179.67,0.01,15.84,2834.86,1
2023-08-28,2023-08-28 14:11:00,179.67,179.7,179.67,179.7,0.02,15.84,2834.86,1
2023-08-28,2023-08-28 14:12:00,179.7,179.73,179.7,179.73,0.02,15.84,2834.86,1
2023-08-28,2023-08-28 14:13:00,179.73,179.75,179.73,179.75,0.01,15.84,2834.86,1
2023-08-28,2023-08-28 14:14:00,179.75,179.78,179.75,179.78,0.02,15.84,2834.86,1
2023-08-28,2023-08-28 14:15:00,179.78,179.81,179.78,179.81,0.02,15.84,2834.86,1
2023-08-28,2023-08-28 14:16:00,179.81,179.84,179.81,179.84,0.02,15.84,2834.86,1
2023-08-28,2023-08-28 14:17:00,179.84,179.86,179.84,179.86,0.01,15.84,2834.86,1
2023-08-28,2023-08-28 14:18:00,179.86,179.89,179.86,179.89,0.02,15.84,2834.86,1
2023-08-28,2023-08-28 14:19:00,179.89,179.92,179.89,179.92,0.02,15.84,2834.86,1
2023-08-28,2023-08-28 14:20:00,179.92,179.94,179.92,179.94,0.01,15.84,2834.86,1
2023-08-28,2023-08-28 14:21:00,179.94,179.97,179.94,179.97,0.02,15.84,2834.86,1
2023-08-28,2023-08-28 14:22:00,179.97,180.0,179.97,180.0,0.02,15.84,2834.86,1
2023-08-28,2023-08-28 14:23:00,180.0,180.03,180.0,180.03,0.02,15.84,2834.86,1
2023-08-28,2023-08-28 14:24:00,180.03,180.05,180.03,180.05,0.01,15.84,2834.86,1
2023-08-28,2023-08-28 14:25:00,180.05,180.08,180.05,180.08,0.02,15.84,2834.86,1
2023-08-28,2023-08-28 14:26:00,180.08,180.11,180.08,180.11,0.02,15.84,2834.86,1
2023-08-28,2023-08-28 14:27:00,180.11,180.13,180.11,180.13,0.01,15.84,2834.86,1
2023-08-28,2023-08-28 14:28:00,180.13,180.16,180.13,180.16,0.02,15.84,2834.86,1
2023-08-28,2023-08-28 14:29:00,180.16,180.19,180.16,180.19,0.02,15.84,2834.86,1
2023-08-28,2023-08-28 14:30:00,180.19,180.21,180.19,180.21,0.01,15.84,2834.86,1
2023-08-28,2023-08-28 14:31:00,180.21,180.24,180.21,180.24,0.02,15.84,2834.86,1
2023-08-28,2023-08-28 14:32:00,180.24,180.27,180.24,180.27,0.02,15.84,2834.86,1
2023-08-28,2023-08-28 14:33:00,180.27,180.3,180.27,180.3,0.02,15.84,2834.86,1
2023-08-28,2023-08-28 14:34:00,180.3,180.32,180.3,180.32,0.01,15.84,2834.86,1
2023-08-28,2023-08-28 14:35:00,180.32,180.35,180.32,180.35,0.02,15.84,2834.86,1
2023-08-28,2023-08-28 14:36:00,180.35,180.38,180.35,180.38,0.02,15.84,2834.86,1
2023-08-28,2023-08-28 14:37:00,180.38,180.4,180.38,180.4,0.01,15.84,2834.86,1
2023-08-28,2023-08-28 14:38:00,180.4,180.43,180.4,180.43,0.02,15.84,2834.86,1
2023-08-28,2023-08-28 14:39:00,180.43,180.46,180.43,180.46,0.02,15.84,2834.86,1
2023-08-28,2023-08-28 14:40:00,180.46,180.49,180.46,180.49,0.02,15.84,2834.86,1
2023-08-28,2023-08-28 14:41:00,180.49,180.51,180.49,180.51,0.01,15.84,2834.86,1
2023-08-28,2023-08-28 14:42:00,180.51,180.54,180.51,180.54,0.02,15.84,2834.86,1
2023-08-28,2023-08-28 14:43:00,180.54,180.57,180.54,180.57,0.02,15.84,2834.86,1
2023-08-28,2023-08-28 14:44:00,180.57,180.59,180.57,180.59,0.01,15.84,2834.86,1
2023-08-28,2023-08-28 14:45:00,180.59,180.62,180.59,180.62,0.02,15.84,2834.86,1
2023-08-28,2023-08-28 14:46:00,180.62,180.65,180.62,180.65,0.02,15.84,2834.86,1
2023-08-28,2023-08-28 14:47:00,180.65,180.68,180.65,180.68,0.02,15.84,2834.86,1
2023-08-28,2023-08-28 14:48:00,180.68,180.7,180.68,180.7,0.01,15.84,2834.86,1
2023-08-28,2023-08-28 14:49:00,180.7,180.73,180.7,180.73,0.02,15.84,2834.86,1
2023-08-28,2023-08-28 14:50:00,180.73,180.76,180.73,180.76,0.02,15.84,2834.86,1
2023-08-28,2023-08-28 14:51:00,180.76,180.78,180.76,180.78,0.01,15.84,2834.86,1
2023-08-28,2023-08-28 14:52:00,180.78,180.81,180.78,180.81,0.02,15.84,2834.86,1
2023-08-28,2023-08-28 14:53:00,180.81,180.84,180.81,180.84,0.02,15.84,2834.86,1
2023-08-28,2023-08-28 14:54:00,180.84,180.86,180.84,180.86,0.01,15.84,2834.86,1
2023-08-28,2023-08-28 14:55:00,180.86,180.89,180.86,180.89,0.02,15.84,2834.86,1
2023-08-28,2023-08-28 14:56:00,180.89,180.92,180.89,180.92,0.02,15.84,2834.86,1
2023-08-28,2023-08-28 14:57:00,180.92,180.95,180.92,180.95,0.02,15.84,2834.86,1
2023-08-28,2023-08-28 14:58:00,180.95,180.97,180.95,180.97,0.01,15.84,2834.86,1
2023-08-28,2023-08-28 14:59:00,180.97,181.0,180.97,181.0,0.02,15.84,2834.86,1
2023-08-28,2023-08-28 15:00:00,181.0,181.0,174.5,181.0,0.0,15.84,2834.86,0
2023-08-29,2023-08-29 11:00:00,177.5,178.37,176.75,177.5,0.0,15.48,2753.58,0
2023-08-29,2023-08-29 11:01:00,177.5,177.5,177.5,177.5,0.0,15.48,2753.58,0
2023-08-29,2023-08-29 11:02:00,177.5,177.51,177.5,177.51,0.01,15.48,2753.58,1
2023-08-29,2023-08-29 11:03:00,177.51,177.51,177.51,177.51,0.0,15.48,2753.58,0
2023-08-29,2023-08-29 11:04:00,177.51,177.51,177.51,177.51,0.0,15.48,2753.58,0
2023-08-29,2023-08-29 11:05:00,177.51,177.51,177.51,177.51,0.0,15.48,2753.58,0
2023-08-29,2023-08-29 11:06:00,177.51,177.51,177.51,177.51,0.0,15.48,2753.58,0
2023-08-29,2023-08-29 11:07:00,177.51,177.52,177.51,177.52,0.01,15.48,2753.58,1
2023-08-29,2023-08-29 11:08:00,177.52,177.52,177.52,177.52,0.0,15.48,2753.58,0
2023-08-29,2023-08-29 11:09:00,177.52,177.52,177.52,177.52,0.0,15.48,2753.58,0
2023-08-29,2023-08-29 11:10:00,177.52,177.52,177.52,177.52,0.0,15.48,2753.58,0
2023-08-29,2023-08-29 11:11:00,177.52,177.53,177.52,177.53,0.01,15.48,2753.58,1
2023-08-29,2023-08-29 11:12:00,177.53,177.53,177.53,177.53,0.0,15.48,2753.58,0
2023-08-29,2023-08-29 11:13:00,177.53,177.53,177.53,177.53,0.0,15.48,2753.58,0
2023-08-29,2023-08-29 11:14:00,177.53,177.53,177.53,177.53,0.0,15.48,2753.58,0
2023-08-29,2023-08-29 11:15:00,177.53,177.53,177.53,177.53,0.0,15.48,2753.58,0
2023-08-29,2023-08-29 11:16:00,177.53,177.54,177.53,177.54,0.01,15.48,2753.58,1
2023-08-29,2023-08-29 11:17:00,177.54,177.54,177.54,177.54,0.0,15.48,2753.58,0
2023-08-29,2023-08-29 11:18:00,177.54,177.54,177.54,177.54,0.0,15.48,2753.58,0
2023-08-29,2023-08-29 11:19:00,177.54,177.54,177.54,177.54,0.0,15.48,2753.58,0
2023-08-29,2023-08-29 11:20:00,177.54,177.54,177.54,177.54,0.0,15.48,2753.58,0
2023-08-29,2023-08-29 11:21:00,177.54,177.55,177.54,177.55,0.01,15.48,2753.58,1
2023-08-29,2023-08-29 11:22:00,177.55,177.55,177.55,177.55,0.0,15.48,2753.58,0
2023-08-29,2023-08-29 11:23:00,177.55,177.55,177.55,177.55,0.0,15.48,2753.58,0
2023-08-29,2023-08-29 11:24:00,177.55,177.55,177.55,177.55,0.0,15.48,2753.58,0
2023-08-29,2023-08-29 11:25:00,177.55,177.55,177.55,177.55,0.0,15.48,2753.58,0
2023-08-29,2023-08-29 11:26:00,177.55,177.56,177.55,177.56,0.01,15.48,2753.58,1
2023-08-29,2023-08-29 11:27:00,177.56,177.56,177.56,177.56,0.0,15.48,2753.58,0
2023-08-29,2023-08-29 11:28:00,177.56,177.56,177.56,177.56,0.0,15.48,2753.58,0
2023-08-29,2023-08-29 11:29:00,177.56,177.56,177.56,177.56,0.0,15.48,2753.58,0
2023-08-29,2023-08-29 11:30:00,177.56,177.56,177.56,177.56,0.0,15.48,2753.58,0
2023-08-29,2023-08-29 11:31:00,177.56,177.57,177.56,177.57,0.01,15.48,2753.58,1
2023-08-29,2023-08-29 11:32:00,177.57,177.57,177.57,177.57,0.0,15.48,2753.58,0
2023-08-29,2023-08-29 11:33:00,177.57,177.57,177.57,177.57,0.0,15.48,2753.58,0
2023-08-29,2023-08-29 11:34:00,177.57,177.57,177.57,177.57,0.0,15.48,2753.58,0
2023-08-29,2023-08-29 11:35:00,177.57,177.57,177.57,177.57,0.0,15.48,2753.58,0
2023-08-29,2023-08-29 11:36:00,177.57,177.58,177.57,177.58,0.01,15.48,2753.58,1
2023-08-29,2023-08-29 11:37:00,177.58,177.58,177.58,177.58,0.0,15.48,2753.58,0
2023-08-29,2023-08-29 11:38:00,177.58,177.58,177.58,177.58,0.0,15.48,2753.58,0
2023-08-29,2023-08-29 11:39:00,177.58,177.58,177.58,177.58,0.0,15.48,2753.58,0
2023-08-29,2023-08-29 11:40:00,177.58,177.59,177.58,177.59,0.01,15.48,2753.58,1
2023-08-29,2023-08-29 11:41:00,177.59,177.59,177.59,177.59,0.0,15.48,2753.58,0
2023-08-29,2023-08-29 11:42:00,177.59,177.59,177.59,177.59,0.0,15.48,2753.58,0
2023-08-29,2023-08-29 11:43:00,177.59,177.59,177.59,177.59,0.0,15.48,2753.58,0
2023-08-29,2023-08-29 11:44:00,177.59,177.59,177.59,177.59,0.0,15.48,2753.58,0
2023-08-29,2023-08-29 11:45:00,177.59,177.6,177.59,177.6,0.01,15.48,2753.58,1
2023-08-29,2023-08-29 11:46:00,177.6,177.6,177.6,177.6,0.0,15.48,2753.58,0
2023-08-29,2023-08-29 11:47:00,177.6,177.6,177.6,177.6,0.0,15.48,2753.58,0
2023-08-29,2023-08-29 11:48:00,177.6,177.6,177.6,177.6,0.0,15.48,2753.58,0
2023-08-29,2023-08-29 11:49:00,177.6,177.6,177.6,177.6,0.0,15.48,2753.58,0
2023-08-29,2023-08-29 11:50:00,177.6,177.61,177.6,177.61,0.01,15.48,2753.58,1
2023-08-29,2023-08-29 11:51:00,177.61,177.61,177.61,177.61,0.0,15.48,2753.58,0
2023-08-29,2023-08-29 11:52:00,177.61,177.61,177.61,177.61,0.0,15.48,2753.58,0
2023-08-29,2023-08-29 11:53:00,177.61,177.61,177.61,177.61,0.0,15.48,2753.58,0
2023-08-29,2023-08-29 11:54:00,177.61,177.61,177.61,177.61,0.0,15.48,2753.58,0
2023-08-29,2023-08-29 11:55:00,177.61,177.62,177.61,177.62,0.01,15.48,2753.58,1
2023-08-29,2023-08-29 11:56:00,177.62,177.62,177.62,177.62,0.0,15.48,2753.58,0
2023-08-29,2023-08-29 11:57:00,177.62,177.62,177.62,177.62,0.0,15.48,2753.58,0
2023-08-29,2023-08-29 11:58:00,177.62,177.62,177.62,177.62,0.0,15.48,2753.58,0
2023-08-29,2023-08-29 11:59:00,177.62,177.62,177.62,177.62,0.0,15.48,2753.58,0
2023-08-29,2023-08-29 12:00:00,177.62,177.63,177.62,177.63,0.01,15.48,2753.58,1
2023-08-29,2023-08-29 12:01:00,177.63,177.63,177.63,177.63,0.0,15.48,2753.58,0
2023-08-29,2023-08-29 12:02:00,177.63,177.63,177.63,177.63,0.0,15.48,2753.58,0
2023-08-29,2023-08-29 12:03:00,177.63,177.63,177.63,177.63,0.0,15.48,2753.58,0
2023-08-29,2023-08-29 12:04:00,177.63,177.64,177.63,177.64,0.01,15.48,2753.58,1
2023-08-29,2023-08-29 12:05:00,177.64,177.64,177.64,177.64,0.0,15.48,2753.58,0
2023-08-29,2023-08-29 12:06:00,177.64,177.64,177.64,177.64,0.0,15.48,2753.58,0
2023-08-29,2023-08-29 12:07:00,177.64,177.64,177.64,177.64,0.0,15.48,2753.58,0
2023-08-29,2023-08-29 12:08:00,177.64,177.64,177.64,177.64,0.0,15.48,2753.58,0
2023-08-29,2023-08-29 12:09:00,177.64,177.65,177.64,177.65,0.01,15.48,2753.58,1
2023-08-29,2023-08-29 12:10:00,177.65,177.65,177.65,177.65,0.0,15.48,2753.58,0
2023-08-29,2023-08-29 12:11:00,177.65,177.65,177.65,177.65,0.0,15.48,2753.58,0
2023-08-29,2023-08-29 12:12:00,177.65,177.65,177.65,177.65,0.0,15.48,2753.58,0
2023-08-29,2023-08-29 12:13:00,177.65,177.65,177.65,177.65,0.0,15.48,2753.58,0
2023-08-29,2023-08-29 12:14:00,177.65,177.66,177.65,177.66,0.01,15.48,2753.58,1
2023-08-29,2023-08-29 12:15:00,177.66,177.66,177.66,177.66,0.0,15.48,2753.58,0
2023-08-29,2023-08-29 12:16:00,177.66,177.66,177.66,177.66,0.0,15.48,2753.58,0
2023-08-29,2023-08-29 12:17:00,177.66,177.66,177.66,177.66,0.0,15.48,2753.58,0
2023-08-29,2023-08-29 12:18:00,177.66,177.66,177.66,177.66,0.0,15.48,2753.58,0
2023-08-29,2023-08-29 12:19:00,177.66,177.67,177.66,177.67,0.01,15.48,2753.58,1
2023-08-29,2023-08-29 12:20:00,177.67,177.67,177.67,177.67,0.0,15.48,2753.58,0
2023-08-29,2023-08-29 12:21:00,177.67,177.67,177.67,177.67,0.0,15.48,2753.58,0
2023-08-29,2023-08-29 12:22:00,177.67,177.67,177.67,177.67,0.0,15.48,2753.58,0
2023-08-29,2023-08-29 12:23:00,177.67,177.68,177.67,177.68,0.01,15.48,2753.58,1
2023-08-29,2023-08-29 12:24:00,177.68,177.68,177.68,177.68,0.0,15.48,2753.58,0
2023-08-29,2023-08-29 12:25:00,177.68,177.68,177.68,177.68,0.0,15.48,2753.58,0
2023-08-29,2023-08-29 12:26:00,177.68,177.68,177.68,177.68,0.0,15.48,2753.58,0
2023-08-29,2023-08-29 12:27:00,177.68,177.68,177.68,177.68,0.0,15.48,2753.58,0
2023-08-29,2023-08-29 12:28:00,177.68,177.69,177.68,177.69,0.01,15.48,2753.58,1
2023-08-29,2023-08-29 12:29:00,177.69,177.69,177.69,177.69,0.0,15.48,2753.58,0
2023-08-29,2023-08-29 12:30:00,177.69,177.69,177.69,177.69,0.0,15.48,2753.58,0
2023-08-29,2023-08-29 12:31:00,177.69,177.69,177.69,177.69,0.0,15.48,2753.58,0
2023-08-29,2023-08-29 12:32:00,177.69,177.69,177.69,177.69,0.0,15.48,2753.58,0
2023-08-29,2023-08-29 12:33:00,177.69,177.7,177.69,177.7,0.01,15.48,2753.58,1
2023-08-29,2023-08-29 12:34:00,177.7,177.7,177.7,177.7,0.0,15.48,2753.58,0
2023-08-29,2023-08-29 12:35:00,177.7,177.7,177.7,177.7,0.0,15.48,2753.58,0
2023-08-29,2023-08-29 12:36:00,177.7,177.7,177.7,177.7,0.0,15.48,2753.58,0
2023-08-29,2023-08-29 12:37:00,177.7,177.7,177.7,177.7,0.0,15.48,2753.58,0
2023-08-29,2023-08-29 12:38:00,177.7,177.71,177.7,177.71,0.01,15.48,2753.58,1
2023-08-29,2023-08-29 12:39:00,177.71,177.71,177.71,177.71,0.0,15.48,2753.58,0
2023-08-29,2023-08-29 12:40:00,177.71,177.71,177.71,177.71,0.0,15.48,2753.58,0
2023-08-29,2023-08-29 12:41:00,177.71,177.71,177.71,177.71,0.0,15.48,2753.58,0
2023-08-29,2023-08-29 12:42:00,177.71,177.71,177.71,177.71,0.0,15.48,2753.58,0
2023-08-29,2023-08-29 12:43:00,177.71,177.72,177.71,177.72,0.01,15.48,2753.58,1
2023-08-29,2023-08-29 12:44:00,177.72,177.72,177.72,177.72,0.0,15.48,2753.58,0
2023-08-29,2023-08-29 12:45:00,177.72,177.72,177.72,177.72,0.0,15.48,2753.58,0
2023-08-29,2023-08-29 12:46:00,177.72,177.72,177.72,177.72,0.0,15.48,2753.58,0
2023-08-29,2023-08-29 12:47:00,177.72,177.72,177.72,177.72,0.0,15.48,2753.58,0
2023-08-29,2023-08-29 12:48:00,177.72,177.73,177.72,177.73,0.01,15.48,2753.58,1
2023-08-29,2023-08-29 12:49:00,177.73,177.73,177.73,177.73,0.0,15.48,2753.58,0
2023-08-29,2023-08-29 12:50:00,177.73,177.73,177.73,177.73,0.0,15.48,2753.58,0
2023-08-29,2023-08-29 12:51:00,177.73,177.73,177.73,177.73,0.0,15.48,2753.58,0
2023-08-29,2023-08-29 12:52:00,177.73,177.74,177.73,177.74,0.01,15.48,2753.58,1
2023-08-29,2023-08-29 12:53:00,177.74,177.74,177.74,177.74,0.0,15.48,2753.58,0
2023-08-29,2023-08-29 12:54:00,177.74,177.74,177.74,177.74,0.0,15.48,2753.58,0
2023-08-29,2023-08-29 12:55:00,177.74,177.74,177.74,177.74,0.0,15.48,2753.58,0
2023-08-29,2023-08-29 12:56:00,177.74,177.74,177.74,177.74,0.0,15.48,2753.58,0
2023-08-29,2023-08-29 12:57:00,177.74,177.75,177.74,177.75,0.01,15.48,2753.58,1
2023-08-29,2023-08-29 12:58:00,177.75,177.75,177.75,177.75,0.0,15.48,2753.58,0
2023-08-29,2023-08-29 12:59:00,177.75,177.75,177.75,177.75,0.0,15.48,2753.58,0
2023-08-29,2023-08-29 13:00:00,177.75,180.4,175.0,177.75,0.0,15.48,2753.58,0
2023-08-29,2023-08-29 13:01:00,177.75,177.75,177.75,177.75,0.0,15.48,2753.58,0
2023-08-29,2023-08-29 13:02:00,177.75,177.76,177.75,177.76,0.01,15.48,2753.58,1
2023-08-29,2023-08-29 13:03:00,177.76,177.76,177.76,177.76,0.0,15.48,2753.58,0
2023-08-29,2023-08-29 13:04:00,177.76,177.76,177.76,177.76,0.0,15.48,2753.58,0
2023-08-29,2023-08-29 13:05:00,177.76,177.76,177.76,177.76,0.0,15.48,2753.58,0
2023-08-29,2023-08-29 13:06:00,177.76,177.76,177.76,177.76,0.0,15.48,2753.58,0
2023-08-29,2023-08-29 13:07:00,177.76,177.77,177.76,177.77,0.01,15.48,2753.58,1
2023-08-29,2023-08-29 13:08:00,177.77,177.77,177.77,177.77,0.0,15.48,2753.58,0
2023-08-29,2023-08-29 13:09:00,177.77,177.77,177.77,177.77,0.0,15.48,2753.58,0
2023-08-29,2023-08-29 13:10:00,177.77,177.77,177.77,177.77,0.0,15.48,2753.58,0
2023-08-29,2023-08-29 13:11:00,177.77,177.78,177.77,177.78,0.01,15.48,2753.58,1
2023-08-29,2023-08-29 13:12:00,177.78,177.78,177.78,177.78,0.0,15.48,2753.58,0
2023-08-29,2023-08-29 13:13:00,177.78,177.78,177.78,177.78,0.0,15.48,2753.58,0
2023-08-29,2023-08-29 13:14:00,177.78,177.78,177.78,177.78,0.0,15.48,2753.58,0
2023-08-29,2023-08-29 13:15:00,177.78,177.78,177.78,177.78,0.0,15.48,2753.58,0
2023-08-29,2023-08-29 13:16:00,177.78,177.79,177.78,177.79,0.01,15.48,2753.58,1
2023-08-29,2023-08-29 13:17:00,177.79,177.79,177.79,177.79,0.0,15.48,2753.58,0
2023-08-29,2023-08-29 13:18:00,177.79,177.79,177.79,177.79,0.0,15.48,2753.58,0
2023-08-29,2023-08-29 13:19:00,177.79,177.79,177.79,177.79,0.0,15.48,2753.58,0
2023-08-29,2023-08-29 13:20:00,177.79,177.79,177.79,177.79,0.0,15.48,2753.58,0
2023-08-29,2023-08-29 13:21:00,177.79,177.8,177.79,177.8,0.01,15.48,2753.58,1
2023-08-29,2023-08-29 13:22:00,177.8,177.8,177.8,177.8,0.0,15.48,2753.58,0
2023-08-29,2023-08-29 13:23:00,177.8,177.8,177.8,177.8,0.0,15.48,2753.58,0
2023-08-29,2023-08-29 13:24:00,177.8,177.8,177.8,177.8,0.0,15.48,2753.58,0
2023-08-29,2023-08-29 13:25:00,177.8,177.8,177.8,177.8,0.0,15.48,2753.58,0
2023-08-29,2023-08-29 13:26:00,177.8,177.81,177.8,177.81,0.01,15.48,2753.58,1
2023-08-29,2023-08-29 13:27:00,177.81,177.81,177.81,177.81,0.0,15.48,2753.58,0
2023-08-29,2023-08-29 13:28:00,177.81,177.81,177.81,177.81,0.0,15.48,2753.58,0
2023-08-29,2023-08-29 13:29:00,177.81,177.81,177.81,177.81,0.0,15.48,2753.58,0
2023-08-29,2023-08-29 13:30:00,177.81,177.81,177.81,177.81,0.0,15.48,2753.58,0
2023-08-29,2023-08-29 13:31:00,177.81,177.82,177.81,177.82,0.01,15.48,2753.58,1
2023-08-29,2023-08-29 13:32:00,177.82,177.82,177.82,177.82,0.0,15.48,2753.58,0
2023-08-29,2023-08-29 13:33:00,177.82,177.82,177.82,177.82,0.0,15.48,2753.58,0
2023-08-29,2023-08-29 13:34:00,177.82,177.82,177.82,177.82,0.0,15.48,2753.58,0
2023-08-29,2023-08-29 13:35:00,177.82,177.82,177.82,177.82,0.0,15.48,2753.58,0
2023-08-29,2023-08-29 13:36:00,177.82,177.83,177.82,177.83,0.01,15.48,2753.58,1
2023-08-29,2023-08-29 13:37:00,177.83,177.83,177.83,177.83,0.0,15.48,2753.58,0
2023-08-29,2023-08-29 13:38:00,177.83,177.83,177.83,177.83,0.0,15.48,2753.58,0
2023-08-29,2023-08-29 13:39:00,177.83,177.83,177.83,177.83,0.0,15.48,2753.58,0
2023-08-29,2023-08-29 13:40:00,177.83,177.84,177.83,177.84,0.01,15.48,2753.58,1
2023-08-29,2023-08-29 13:41:00,177.84,177.84,177.84,177.84,0.0,15.48,2753.58,0
2023-08-29,2023-08-29 13:42:00,177.84,177.84,177.84,177.84,0.0,15.48,2753.58,0
2023-08-29,2023-08-29 13:43:00,177.84,177.84,177.84,177.84,0.0,15.48,2753.58,0
2023-08-29,2023-08-29 13:44:00,177.84,177.84,177.84,177.84,0.0,15.48,2753.58,0
2023-08-29,2023-08-29 13:45:00,177.84,177.85,177.84,177.85,0.01,15.48,2753.58,1
2023-08-29,2023-08-29 13:46:00,177.85,177.85,177.85,177.85,0.0,15.48,2753.58,0
2023-08-29,2023-08-29 13:47:00,177.85,177.85,177.85,177.85,0.0,15.48,2753.58,0
2023-08-29,2023-08-29 13:48:00,177.85,177.85,177.85,177.85,0.0,15.48,2753.58,0
2023-08-29,2023-08-29 13:49:00,177.85,177.85,177.85,177.85,0.0,15.48,2753.58,0
2023-08-29,2023-08-29 13:50:00,177.85,177.86,177.85,177.86,0.01,15.48,2753.58,1
2023-08-29,2023-08-29 13:51:00,177.86,177.86,177.86,177.86,0.0,15.48,2753.58,0
2023-08-29,2023-08-29 13:52:00,177.86,177.86,177.86,177.86,0.0,15.48,2753.58,0
2023-08-29,2023-08-29 13:53:00,177.86,177.86,177.86,177.86,0.0,15.48,2753.58,0
2023-08-29,2023-08-29 13:54:00,177.86,177.86,177.86,177.86,0.0,15.48,2753.58,0
2023-08-29,2023-08-29 13:55:00,177.86,177.87,177.86,177.87,0.01,15.48,2753.58,1
2023-08-29,2023-08-29 13:56:00,177.87,177.87,177.87,177.87,0.0,15.48,2753.58,0
2023-08-29,2023-08-29 13:57:00,177.87,177.87,177.87,177.87,0.0,15.48,2753.58,0
2023-08-29,2023-08-29 13:58:00,177.87,177.87,177.87,177.87,0.0,15.48,2753.58,0
2023-08-29,2023-08-29 13:59:00,177.87,177.88,177.87,177.88,0.01,15.48,2753.58,1
2023-08-29,2023-08-29 14:00:00,177.88,177.88,177.88,177.88,0.0,15.48,2753.58,0
2023-08-29,2023-08-29 14:01:00,177.88,177.88,177.88,177.88,0.0,15.48,2753.58,0
2023-08-29,2023-08-29 14:02:00,177.88,177.88,177.88,177.88,0.0,15.48,2753.58,0
2023-08-29,2023-08-29 14:03:00,177.88,177.88,177.88,177.88,0.0,15.48,2753.58,0
2023-08-29,2023-08-29 14:04:00,177.88,177.89,177.88,177.89,0.01,15.48,2753.58,1
2023-08-29,2023-08-29 14:05:00,177.89,177.89,177.89,177.89,0.0,15.48,2753.58,0
2023-08-29,2023-08-29 14:06:00,177.89,177.89,177.89,177.89,0.0,15.48,2753.58,0
2023-08-29,2023-08-29 14:07:00,177.89,177.89,177.89,177.89,0.0,15.48,2753.58,0
2023-08-29,2023-08-29 14:08:00,177.89,177.89,177.89,177.89,0.0,15.48,2753.58,0
2023-08-29,2023-08-29 14:09:00,177.89,177.9,177.89,177.9,0.01,15.48,2753.58,1
2023-08-29,2023-08-29 14:10:00,177.9,177.9,177.9,177.9,0.0,15.48,2753.58,0
2023-08-29,2023-08-29 14:11:00,177.9,177.9,177.9,177.9,0.0,15.48,2753.58,0
2023-08-29,2023-08-29 14:12:00,177.9,177.9,177.9,177.9,0.0,15.48,2753.58,0
2023-08-29,2023-08-29 14:13:00,177.9,177.9,177.9,177.9,0.0,15.48,2753.58,0
2023-08-29,2023-08-29 14:14:00,177.9,177.91,177.9,177.91,0.01,15.48,2753.58,1
2023-08-29,2023-08-29 14:15:00,177.91,177.91,177.91,177.91,0.0,15.48,2753.58,0
2023-08-29,2023-08-29 14:16:00,177.91,177.91,177.91,177.91,0.0,15.48,2753.58,0
2023-08-29,2023-08-29 14:17:00,177.91,177.91,177.91,177.91,0.0,15.48,2753.58,0
2023-08-29,2023-08-29 14:18:00,177.91,177.91,177.91,177.91,0.0,15.48,2753.58,0
2023-08-29,2023-08-29 14:19:00,177.91,177.92,177.91,177.92,0.01,15.48,2753.58,1
2023-08-29,2023-08-29 14:20:00,177.92,177.92,177.92,177.92,0.0,15.48,2753.58,0
2023-08-29,2023-08-29 14:21:00,177.92,177.92,177.92,177.92,0.0,15.48,2753.58,0
2023-08-29,2023-08-29 14:22:00,177.92,177.92,177.92,177.92,0.0,15.48,2753.58,0
2023-08-29,2023-08-29 14:23:00,177.92,177.93,177.92,177.93,0.01,15.48,2753.58,1
2023-08-29,2023-08-29 14:24:00,177.93,177.93,177.93,177.93,0.0,15.48,2753.58,0
2023-08-29,2023-08-29 14:25:00,177.93,177.93,177.93,177.93,0.0,15.48,2753.58,0
2023-08-29,2023-08-29 14:26:00,177.93,177.93,177.93,177.93,0.0,15.48,2753.58,0
2023-08-29,2023-08-29 14:27:00,177.93,177.93,177.93,177.93,0.0,15.48,2753.58,0
2023-08-29,2023-08-29 14:28:00,177.93,177.94,177.93,177.94,0.01,15.48,2753.58,1
2023-08-29,2023-08-29 14:29:00,177.94,177.94,177.94,177.94,0.0,15.48,2753.58,0
2023-08-29,2023-08-29 14:30:00,177.94,177.94,177.94,177.94,0.0,15.48,2753.58,0
2023-08-29,2023-08-29 14:31:00,177.94,177.94,177.94,177.94,0.0,15.48,2753.58,0
2023-08-29,2023-08-29 14:32:00,177.94,177.94,177.94,177.94,0.0,15.48,2753.58,0
2023-08-29,2023-08-29 14:33:00,177.94,177.95,177.94,177.95,0.01,15.48,2753.58,1
2023-08-29,2023-08-29 14:34:00,177.95,177.95,177.95,177.95,0.0,15.48,2753.58,0
2023-08-29,2023-08-29 14:35:00,177.95,177.95,177.95,177.95,0.0,15.48,2753.58,0
2023-08-29,2023-08-29 14:36:00,177.95,177.95,177.95,177.95,0.0,15.48,2753.58,0
2023-08-29,2023-08-29 14:37:00,177.95,177.95,177.95,177.95,0.0,15.48,2753.58,0
2023-08-29,2023-08-29 14:38:00,177.95,177.96,177.95,177.96,0.01,15.48,2753.58,1
2023-08-29,2023-08-29 14:39:00,177.96,177.96,177.96,177.96,0.0,15.48,2753.58,0
2023-08-29,2023-08-29 14:40:00,177.96,177.96,177.96,177.96,0.0,15.48,2753.58,0
2023-08-29,2023-08-29 14:41:00,177.96,177.96,177.96,177.96,0.0,15.48,2753.58,0
2023-08-29,2023-08-29 14:42:00,177.96,177.96,177.96,177.96,0.0,15.48,2753.58,0
2023-08-29,2023-08-29 14:43:00,177.96,177.97,177.96,177.97,0.01,15.48,2753.58,1
2023-08-29,2023-08-29 14:44:00,177.97,177.97,177.97,177.97,0.0,15.48,2753.58,0
2023-08-29,2023-08-29 14:45:00,177.97,177.97,177.97,177.97,0.0,15.48,2753.58,0
2023-08-29,2023-08-29 14:46:00,177.97,177.97,177.97,177.97,0.0,15.48,2753.58,0
2023-08-29,2023-08-29 14:47:00,177.97,177.97,177.97,177.97,0.0,15.48,2753.58,0
2023-08-29,2023-08-29 14:48:00,177.97,177.98,177.97,177.98,0.01,15.48,2753.58,1
2023-08-29,2023-08-29 14:49:00,177.98,177.98,177.98,177.98,0.0,15.48,2753.58,0
2023-08-29,2023-08-29 14:50:00,177.98,177.98,177.98,177.98,0.0,15.48,2753.58,0
2023-08-29,2023-08-29 14:51:00,177.98,177.98,177.98,177.98,0.0,15.48,2753.58,0
2023-08-29,2023-08-29 14:52:00,177.98,177.99,177.98,177.99,0.01,15.48,2753.58,1
2023-08-29,2023-08-29 14:53:00,177.99,177.99,177.99,177.99,0.0,15.48,2753.58,0
2023-08-29,2023-08-29 14:54:00,177.99,177.99,177.99,177.99,0.0,15.48,2753.58,0
2023-08-29,2023-08-29 14:55:00,177.99,177.99,177.99,177.99,0.0,15.48,2753.58,0
2023-08-29,2023-08-29 14:56:00,177.99,177.99,177.99,177.99,0.0,15.48,2753.58,0
2023-08-29,2023-08-29 14:57:00,177.99,178.0,177.99,178.0,0.01,15.48,2753.58,1
2023-08-29,2023-08-29 14:58:00,178.0,178.0,178.0,178.0,0.0,15.48,2753.58,0
2023-08-29,2023-08-29 14:59:00,178.0,178.0,178.0,178.0,0.0,15.48,2753.58,0
2023-08-29,2023-08-29 15:00:00,178.0,180.4,175.0,178.0,0.0,15.48,2753.58,0
2023-08-30,2023-08-30 11:00:00,175.0,176.95,174.1,175.0,0.0,12.86,2262.83,0
2023-08-30,2023-08-30 11:01:00,175.0,175.0,175.0,175.0,0.0,12.86,2262.83,0
2023-08-30,2023-08-30 11:02:00,175.0,175.0,175.0,175.0,0.0,12.86,2262.83,0
2023-08-30,2023-08-30 11:03:00,175.0,175.0,175.0,175.0,0.0,12.86,2262.83,0
2023-08-30,2023-08-30 11:04:00,175.0,175.0,175.0,175.0,0.0,12.86,2262.83,0
2023-08-30,2023-08-30 11:05:00,175.0,175.0,175.0,175.0,0.0,12.86,2262.83,0
2023-08-30,2023-08-30 11:06:00,175.0,175.0,175.0,175.0,0.0,12.86,2262.83,0
2023-08-30,2023-08-30 11:07:00,175.0,175.0,175.0,175.0,0.0,12.86,2262.83,0
2023-08-30,2023-08-30 11:08:00,175.0,175.0,175.0,175.0,0.0,12.86,2262.83,0
2023-08-30,2023-08-30 11:09:00,175.0,175.0,175.0,175.0,0.0,12.86,2262.83,0
2023-08-30,2023-08-30 11:10:00,175.0,175.0,175.0,175.0,0.0,12.86,2262.83,0
2023-08-30,2023-08-30 11:11:00,175.0,175.0,175.0,175.0,0.0,12.86,2262.83,0
2023-08-30,2023-08-30 11:12:00,175.0,175.0,175.0,175.0,0.0,12.86,2262.83,0
2023-08-30,2023-08-30 11:13:00,175.0,175.0,175.0,175.0,0.0,12.86,2262.83,0
2023-08-30,2023-08-30 11:14:00,175.0,175.0,175.0,175.0,0.0,12.86,2262.83,0
2023-08-30,2023-08-30 11:15:00,175.0,175.0,175.0,175.0,0.0,12.86,2262.83,0
2023-08-30,2023-08-30 11:16:00,175.0,175.0,175.0,175.0,0.0,12.86,2262.83,0
2023-08-30,2023-08-30 11:17:00,175.0,175.0,175.0,175.0,0.0,12.86,2262.83,0
2023-08-30,2023-08-30 11:18:00,175.0,175.0,175.0,175.0,0.0,12.86,2262.83,0
2023-08-30,2023-08-30 11:19:00,175.0,175.0,175.0,175.0,0.0,12.86,2262.83,0
2023-08-30,2023-08-30 11:20:00,175.0,175.0,175.0,175.0,0.0,12.86,2262.83,0
2023-08-30,2023-08-30 11:21:00,175.0,175.0,175.0,175.0,0.0,12.86,2262.83,0
2023-08-30,2023-08-30 11:22:00,175.0,175.0,175.0,175.0,0.0,12.86,2262.83,0
2023-08-30,2023-08-30 11:23:00,175.0,175.0,175.0,175.0,0.0,12.86,2262.83,0
2023-08-30,2023-08-30 11:24:00,175.0,175.0,175.0,175.0,0.0,12.86,2262.83,0
2023-08-30,2023-08-30 11:25:00,175.0,175.0,175.0,175.0,0.0,12.86,2262.83,0
2023-08-30,2023-08-30 11:26:00,175.0,175.0,175.0,175.0,0.0,12.86,2262.83,0
2023-08-30,2023-08-30 11:27:00,175.0,175.0,175.0,175.0,0.0,12.86,2262.83,0
2023-08-30,2023-08-30 11:28:00,175.0,175.0,175.0,175.0,0.0,12.86,2262.83,0
2023-08-30,2023-08-30 11:29:00,175.0,175.0,175.0,175.0,0.0,12.86,2262.83,0
2023-08-30,2023-08-30 11:30:00,175.0,175.0,175.0,175.0,0.0,12.86,2262.83,0
2023-08-30,2023-08-30 11:31:00,175.0,175.0,175.0,175.0,0.0,12.86,2262.83,0
2023-08-30,2023-08-30 11:32:00,175.0,175.0,175.0,175.0,0.0,12.86,2262.83,0
2023-08-30,2023-08-30 11:33:00,175.0,175.0,175.0,175.0,0.0,12.86,2262.83,0
2023-08-30,2023-08-30 11:34:00,175.0,175.0,175.0,175.0,0.0,12.86,2262.83,0
2023-08-30,2023-08-30 11:35:00,175.0,175.0,175.0,175.0,0.0,12.86,2262.83,0
2023-08-30,2023-08-30 11:36:00,175.0,175.0,175.0,175.0,0.0,12.86,2262.83,0
2023-08-30,2023-08-30 11:37:00,175.0,175.0,175.0,175.0,0.0,12.86,2262.83,0
2023-08-30,2023-08-30 11:38:00,175.0,175.0,175.0,175.0,0.0,12.86,2262.83,0
2023-08-30,2023-08-30 11:39:00,175.0,175.0,175.0,175.0,0.0,12.86,2262.83,0
2023-08-30,2023-08-30 11:40:00,175.0,175.0,175.0,175.0,0.0,12.86,2262.83,0
2023-08-30,2023-08-30 11:41:00,175.0,175.0,175.0,175.0,0.0,12.86,2262.83,0
2023-08-30,2023-08-30 11:42:00,175.0,175.0,175.0,175.0,0.0,12.86,2262.83,0
2023-08-30,2023-08-30 11:43:00,175.0,175.0,175.0,175.0,0.0,12.86,2262.83,0
2023-08-30,2023-08-30 11:44:00,175.0,175.0,175.0,175.0,0.0,12.86,2262.83,0
2023-08-30,2023-08-30 11:45:00,175.0,175.0,175.0,175.0,0.0,12.86,2262.83,0
2023-08-30,2023-08-30 11:46:00,175.0,175.0,175.0,175.0,0.0,12.86,2262.83,0
2023-08-30,2023-08-30 11:47:00,175.0,175.0,175.0,175.0,0.0,12.86,2262.83,0
2023-08-30,2023-08-30 11:48:00,175.0,175.0,175.0,175.0,0.0,12.86,2262.83,0
2023-08-30,2023-08-30 11:49:00,175.0,175.0,175.0,175.0,0.0,12.86,2262.83,0
2023-08-30,2023-08-30 11:50:00,175.0,175.0,175.0,175.0,0.0,12.86,2262.83,0
2023-08-30,2023-08-30 11:51:00,175.0,175.0,175.0,175.0,0.0,12.86,2262.83,0
2023-08-30,2023-08-30 11:52:00,175.0,175.0,175.0,175.0,0.0,12.86,2262.83,0
2023-08-30,2023-08-30 11:53:00,175.0,175.0,175.0,175.0,0.0,12.86,2262.83,0
2023-08-30,2023-08-30 11:54:00,175.0,175.0,175.0,175.0,0.0,12.86,2262.83,0
2023-08-30,2023-08-30 11:55:00,175.0,175.0,175.0,175.0,0.0,12.86,2262.83,0
2023-08-30,2023-08-30 11:56:00,175.0,175.0,175.0,175.0,0.0,12.86,2262.83,0
2023-08-30,2023-08-30 11:57:00,175.0,175.0,175.0,175.0,0.0,12.86,2262.83,0
2023-08-30,2023-08-30 11:58:00,175.0,175.0,175.0,175.0,0.0,12.86,2262.83,0
2023-08-30,2023-08-30 11:59:00,175.0,175.0,175.0,175.0,0.0,12.86,2262.83,0
2023-08-30,2023-08-30 12:00:00,175.0,175.0,175.0,175.0,0.0,12.86,2262.83,0
2023-08-30,2023-08-30 12:01:00,175.0,175.0,175.0,175.0,0.0,12.86,2262.83,0
2023-08-30,2023-08-30 12:02:00,175.0,175.0,175.0,175.0,0.0,12.86,2262.83,0
2023-08-30,2023-08-30 12:03:00,175.0,175.0,175.0,175.0,0.0,12.86,2262.83,0
2023-08-30,2023-08-30 12:04:00,175.0,175.0,175.0,175.0,0.0,12.86,2262.83,0
2023-08-30,2023-08-30 12:05:00,175.0,175.0,175.0,175.0,0.0,12.86,2262.83,0
2023-08-30,2023-08-30 12:06:00,175.0,175.0,175.0,175.0,0.0,12.86,2262.83,0
2023-08-30,2023-08-30 12:07:00,175.0,175.0,175.0,175.0,0.0,12.86,2262.83,0
2023-08-30,2023-08-30 12:08:00,175.0,175.0,175.0,175.0,0.0,12.86,2262.83,0
2023-08-30,2023-08-30 12:09:00,175.0,175.0,175.0,175.0,0.0,12.86,2262.83,0
2023-08-30,2023-08-30 12:10:00,175.0,175.0,175.0,175.0,0.0,12.86,2262.83,0
2023-08-30,2023-08-30 12:11:00,175.0,175.0,175.0,175.0,0.0,12.86,2262.83,0
2023-08-30,2023-08-30 12:12:00,175.0,175.0,175.0,175.0,0.0,12.86,2262.83,0
2023-08-30,2023-08-30 12:13:00,175.0,175.0,175.0,175.0,0.0,12.86,2262.83,0
2023-08-30,2023-08-30 12:14:00,175.0,175.0,175.0,175.0,0.0,12.86,2262.83,0
2023-08-30,2023-08-30 12:15:00,175.0,175.0,175.0,175.0,0.0,12.86,2262.83,0
2023-08-30,2023-08-30 12:16:00,175.0,175.0,175.0,175.0,0.0,12.86,2262.83,0
2023-08-30,2023-08-30 12:17:00,175.0,175.0,175.0,175.0,0.0,12.86,2262.83,0
2023-08-30,2023-08-30 12:18:00,175.0,175.0,175.0,175.0,0.0,12.86,2262.83,0
2023-08-30,2023-08-30 12:19:00,175.0,175.0,175.0,175.0,0.0,12.86,2262.83,0
2023-08-30,2023-08-30 12:20:00,175.0,175.0,175.0,175.0,0.0,12.86,2262.83,0
2023-08-30,2023-08-30 12:21:00,175.0,175.0,175.0,175.0,0.0,12.86,2262.83,0
2023-08-30,2023-08-30 12:22:00,175.0,175.0,175.0,175.0,0.0,12.86,2262.83,0
2023-08-30,2023-08-30 12:23:00,175.0,175.0,175.0,175.0,0.0,12.86,2262.83,0
2023-08-30,2023-08-30 12:24:00,175.0,175.0,175.0,175.0,0.0,12.86,2262.83,0
2023-08-30,2023-08-30 12:25:00,175.0,175.0,175.0,175.0,0.0,12.86,2262.83,0
2023-08-30,2023-08-30 12:26:00,175.0,175.0,175.0,175.0,0.0,12.86,2262.83,0
2023-08-30,2023-08-30 12:27:00,175.0,175.0,175.0,175.0,0.0,12.86,2262.83,0
2023-08-30,2023-08-30 12:28:00,175.0,175.0,175.0,175.0,0.0,12.86,2262.83,0
2023-08-30,2023-08-30 12:29:00,175.0,175.0,175.0,175.0,0.0,12.86,2262.83,0
2023-08-30,2023-08-30 12:30:00,175.0,175.0,175.0,175.0,0.0,12.86,2262.83,0
2023-08-30,2023-08-30 12:31:00,175.0,175.0,175.0,175.0,0.0,12.86,2262.83,0
2023-08-30,2023-08-30 12:32:00,175.0,175.0,175.0,175.0,0.0,12.86,2262.83,0
2023-08-30,2023-08-30 12:33:00,175.0,175.0,175.0,175.0,0.0,12.86,2262.83,0
2023-08-30,2023-08-30 12:34:00,175.0,175.0,175.0,175.0,0.0,12.86,2262.83,0
2023-08-30,2023-08-30 12:35:00,175.0,175.0,175.0,175.0,0.0,12.86,2262.83,0
2023-08-30,2023-08-30 12:36:00,175.0,175.0,175.0,175.0,0.0,12.86,2262.83,0
2023-08-30,2023-08-30 12:37:00,175.0,175.0,175.0,175.0,0.0,12.86,2262.83,0
2023-08-30,2023-08-30 12:38:00,175.0,175.0,175.0,175.0,0.0,12.86,2262.83,0
2023-08-30,2023-08-30 12:39:00,175.0,175.0,175.0,175.0,0.0,12.86,2262.83,0
2023-08-30,2023-08-30 12:40:00,175.0,175.0,175.0,175.0,0.0,12.86,2262.83,0
2023-08-30,2023-08-30 12:41:00,175.0,175.0,175.0,175.0,0.0,12.86,2262.83,0
2023-08-30,2023-08-30 12:42:00,175.0,175.0,175.0,175.0,0.0,12.86,2262.83,0
2023-08-30,2023-08-30 12:43:00,175.0,175.0,175.0,175.0,0.0,12.86,2262.83,0
2023-08-30,2023-08-30 12:44:00,175.0,175.0,175.0,175.0,0.0,12.86,2262.83,0
2023-08-30,2023-08-30 12:45:00,175.0,175.0,175.0,175.0,0.0,12.86,2262.83,0
2023-08-30,2023-08-30 12:46:00,175.0,175.0,175.0,175.0,0.0,12.86,2262.83,0
2023-08-30,2023-08-30 12:47:00,175.0,175.0,175.0,175.0,0.0,12.86,2262.83,0
2023-08-30,2023-08-30 12:48:00,175.0,175.0,175.0,175.0,0.0,12.86,2262.83,0
2023-08-30,2023-08-30 12:49:00,175.0,175.0,175.0,175.0,0.0,12.86,2262.83,0
2023-08-30,2023-08-30 12:50:00,175.0,175.0,175.0,175.0,0.0,12.86,2262.83,0
2023-08-30,2023-08-30 12:51:00,175.0,175.0,175.0,175.0,0.0,12.86,2262.83,0
2023-08-30,2023-08-30 12:52:00,175.0,175.0,175.0,175.0,0.0,12.86,2262.83,0
2023-08-30,2023-08-30 12:53:00,175.0,175.0,175.0,175.0,0.0,12.86,2262.83,0
2023-08-30,2023-08-30 12:54:00,175.0,175.0,175.0,175.0,0.0,12.86,2262.83,0
2023-08-30,2023-08-30 12:55:00,175.0,175.0,175.0,175.0,0.0,12.86,2262.83,0
2023-08-30,2023-08-30 12:56:00,175.0,175.0,175.0,175.0,0.0,12.86,2262.83,0
2023-08-30,2023-08-30 12:57:00,175.0,175.0,175.0,175.0,0.0,12.86,2262.83,0
2023-08-30,2023-08-30 12:58:00,175.0,175.0,175.0,175.0,0.0,12.86,2262.83,0
2023-08-30,2023-08-30 12:59:00,175.0,175.0,175.0,175.0,0.0,12.86,2262.83,0
2023-08-30,2023-08-30 13:00:00,175.0,181.5,172.0,175.0,0.0,12.86,2262.83,0
2023-08-30,2023-08-30 13:01:00,175.0,175.0,175.0,175.0,0.0,12.86,2262.83,0
2023-08-30,2023-08-30 13:02:00,175.0,175.0,175.0,175.0,0.0,12.86,2262.83,0
2023-08-30,2023-08-30 13:03:00,175.0,175.0,175.0,175.0,0.0,12.86,2262.83,0
2023-08-30,2023-08-30 13:04:00,175.0,175.0,175.0,175.0,0.0,12.86,2262.83,0
2023-08-30,2023-08-30 13:05:00,175.0,175.0,175.0,175.0,0.0,12.86,2262.83,0
2023-08-30,2023-08-30 13:06:00,175.0,175.0,175.0,175.0,0.0,12.86,2262.83,0
2023-08-30,2023-08-30 13:07:00,175.0,175.0,175.0,175.0,0.0,12.86,2262.83,0
2023-08-30,2023-08-30 13:08:00,175.0,175.0,175.0,175.0,0.0,12.86,2262.83,0
2023-08-30,2023-08-30 13:09:00,175.0,175.0,175.0,175.0,0.0,12.86,2262.83,0
2023-08-30,2023-08-30 13:10:00,175.0,175.0,175.0,175.0,0.0,12.86,2262.83,0
2023-08-30,2023-08-30 13:11:00,175.0,175.0,175.0,175.0,0.0,12.86,2262.83,0
2023-08-30,2023-08-30 13:12:00,175.0,175.0,175.0,175.0,0.0,12.86,2262.83,0
2023-08-30,2023-08-30 13:13:00,175.0,175.0,175.0,175.0,0.0,12.86,2262.83,0
2023-08-30,2023-08-30 13:14:00,175.0,175.0,175.0,175.0,0.0,12.86,2262.83,0
2023-08-30,2023-08-30 13:15:00,175.0,175.0,175.0,175.0,0.0,12.86,2262.83,0
2023-08-30,2023-08-30 13:16:00,175.0,175.0,175.0,175.0,0.0,12.86,2262.83,0
2023-08-30,2023-08-30 13:17:00,175.0,175.0,175.0,175.0,0.0,12.86,2262.83,0
2023-08-30,2023-08-30 13:18:00,175.0,175.0,175.0,175.0,0.0,12.86,2262.83,0
2023-08-30,2023-08-30 13:19:00,175.0,175.0,175.0,175.0,0.0,12.86,2262.83,0
2023-08-30,2023-08-30 13:20:00,175.0,175.0,175.0,175.0,0.0,12.86,2262.83,0
2023-08-30,2023-08-30 13:21:00,175.0,175.0,175.0,175.0,0.0,12.86,2262.83,0
2023-08-30,2023-08-30 13:22:00,175.0,175.0,175.0,175.0,0.0,12.86,2262.83,0
2023-08-30,2023-08-30 13:23:00,175.0,175.0,175.0,175.0,0.0,12.86,2262.83,0
2023-08-30,2023-08-30 13:24:00,175.0,175.0,175.0,175.0,0.0,12.86,2262.83,0
2023-08-30,2023-08-30 13:25:00,175.0,175.0,175.0,175.0,0.0,12.86,2262.83,0
2023-08-30,2023-08-30 13:26:00,175.0,175.0,175.0,175.0,0.0,12.86,2262.83,0
2023-08-30,2023-08-30 13:27:00,175.0,175.0,175.0,175.0,0.0,12.86,2262.83,0
2023-08-30,2023-08-30 13:28:00,175.0,175.0,175.0,175.0,0.0,12.86,2262.83,0
2023-08-30,2023-08-30 13:29:00,175.0,175.0,175.0,175.0,0.0,12.86,2262.83,0
2023-08-30,2023-08-30 13:30:00,175.0,175.0,175.0,175.0,0.0,12.86,2262.83,0
2023-08-30,2023-08-30 13:31:00,175.0,175.0,175.0,175.0,0.0,12.86,2262.83,0
2023-08-30,2023-08-30 13:32:00,175.0,175.0,175.0,175.0,0.0,12.86,2262.83,0
2023-08-30,2023-08-30 13:33:00,175.0,175.0,175.0,175.0,0.0,12.86,2262.83,0
2023-08-30,2023-08-30 13:34:00,175.0,175.0,175.0,175.0,0.0,12.86,2262.83,0
2023-08-30,2023-08-30 13:35:00,175.0,175.0,175.0,175.0,0.0,12.86,2262.83,0
2023-08-30,2023-08-30 13:36:00,175.0,175.0,175.0,175.0,0.0,12.86,2262.83,0
2023-08-30,2023-08-30 13:37:00,175.0,175.0,175.0,175.0,0.0,12.86,2262.83,0
2023-08-30,2023-08-30 13:38:00,175.0,175.0,175.0,175.0,0.0,12.86,2262.83,0
2023-08-30,2023-08-30 13:39:00,175.0,175.0,175.0,175.0,0.0,12.86,2262.83,0
2023-08-30,2023-08-30 13:40:00,175.0,175.0,175.0,175.0,0.0,12.86,2262.83,0
2023-08-30,2023-08-30 13:41:00,175.0,175.0,175.0,175.0,0.0,12.86,2262.83,0
2023-08-30,2023-08-30 13:42:00,175.0,175.0,175.0,175.0,0.0,12.86,2262.83,0
2023-08-30,2023-08-30 13:43:00,175.0,175.0,175.0,175.0,0.0,12.86,2262.83,0
2023-08-30,2023-08-30 13:44:00,175.0,175.0,175.0,175.0,0.0,12.86,2262.83,0
2023-08-30,2023-08-30 13:45:00,175.0,175.0,175.0,175.0,0.0,12.86,2262.83,0
2023-08-30,2023-08-30 13:46:00,175.0,175.0,175.0,175.0,0.0,12.86,2262.83,0
2023-08-30,2023-08-30 13:47:00,175.0,175.0,175.0,175.0,0.0,12.86,2262.83,0
2023-08-30,2023-08-30 13:48:00,175.0,175.0,175.0,175.0,0.0,12.86,2262.83,0
2023-08-30,2023-08-30 13:49:00,175.0,175.0,175.0,175.0,0.0,12.86,2262.83,0
2023-08-30,2023-08-30 13:50:00,175.0,175.0,175.0,175.0,0.0,12.86,2262.83,0
2023-08-30,2023-08-30 13:51:00,175.0,175.0,175.0,175.0,0.0,12.86,2262.83,0
2023-08-30,2023-08-30 13:52:00,175.0,175.0,175.0,175.0,0.0,12.86,2262.83,0
2023-08-30,2023-08-30 13:53:00,175.0,175.0,175.0,175.0,0.0,12.86,2262.83,0
2023-08-30,2023-08-30 13:54:00,175.0,175.0,175.0,175.0,0.0,12.86,2262.83,0
2023-08-30,2023-08-30 13:55:00,175.0,175.0,175.0,175.0,0.0,12.86,2262.83,0
2023-08-30,2023-08-30 13:56:00,175.0,175.0,175.0,175.0,0.0,12.86,2262.83,0
2023-08-30,2023-08-30 13:57:00,175.0,175.0,175.0,175.0,0.0,12.86,2262.83,0
2023-08-30,2023-08-30 13:58:00,175.0,175.0,175.0,175.0,0.0,12.86,2262.83,0
2023-08-30,2023-08-30 13:59:00,175.0,175.0,175.0,175.0,0.0,12.86,2262.83,0
2023-08-30,2023-08-30 14:00:00,175.0,175.0,175.0,175.0,0.0,12.86,2262.83,0
2023-08-30,2023-08-30 14:01:00,175.0,175.0,175.0,175.0,0.0,12.86,2262.83,0
2023-08-30,2023-08-30 14:02:00,175.0,175.0,175.0,175.0,0.0,12.86,2262.83,0
2023-08-30,2023-08-30 14:03:00,175.0,175.0,175.0,175.0,0.0,12.86,2262.83,0
2023-08-30,2023-08-30 14:04:00,175.0,175.0,175.0,175.0,0.0,12.86,2262.83,0
2023-08-30,2023-08-30 14:05:00,175.0,175.0,175.0,175.0,0.0,12.86,2262.83,0
2023-08-30,2023-08-30 14:06:00,175.0,175.0,175.0,175.0,0.0,12.86,2262.83,0
2023-08-30,2023-08-30 14:07:00,175.0,175.0,175.0,175.0,0.0,12.86,2262.83,0
2023-08-30,2023-08-30 14:08:00,175.0,175.0,175.0,175.0,0.0,12.86,2262.83,0
2023-08-30,2023-08-30 14:09:00,175.0,175.0,175.0,175.0,0.0,12.86,2262.83,0
2023-08-30,2023-08-30 14:10:00,175.0,175.0,175.0,175.0,0.0,12.86,2262.83,0
2023-08-30,2023-08-30 14:11:00,175.0,175.0,175.0,175.0,0.0,12.86,2262.83,0
2023-08-30,2023-08-30 14:12:00,175.0,175.0,175.0,175.0,0.0,12.86,2262.83,0
2023-08-30,2023-08-30 14:13:00,175.0,175.0,175.0,175.0,0.0,12.86,2262.83,0
2023-08-30,2023-08-30 14:14:00,175.0,175.0,175.0,175.0,0.0,12.86,2262.83,0
2023-08-30,2023-08-30 14:15:00,175.0,175.0,175.0,175.0,0.0,12.86,2262.83,0
2023-08-30,2023-08-30 14:16:00,175.0,175.0,175.0,175.0,0.0,12.86,2262.83,0
2023-08-30,2023-08-30 14:17:00,175.0,175.0,175.0,175.0,0.0,12.86,2262.83,0
2023-08-30,2023-08-30 14:18:00,175.0,175.0,175.0,175.0,0.0,12.86,2262.83,0
2023-08-30,2023-08-30 14:19:00,175.0,175.0,175.0,175.0,0.0,12.86,2262.83,0
2023-08-30,2023-08-30 14:20:00,175.0,175.0,175.0,175.0,0.0,12.86,2262.83,0
2023-08-30,2023-08-30 14:21:00,175.0,175.0,175.0,175.0,0.0,12.86,2262.83,0
2023-08-30,2023-08-30 14:22:00,175.0,175.0,175.0,175.0,0.0,12.86,2262.83,0
2023-08-30,2023-08-30 14:23:00,175.0,175.0,175.0,175.0,0.0,12.86,2262.83,0
2023-08-30,2023-08-30 14:24:00,175.0,175.0,175.0,175.0,0.0,12.86,2262.83,0
2023-08-30,2023-08-30 14:25:00,175.0,175.0,175.0,175.0,0.0,12.86,2262.83,0
2023-08-30,2023-08-30 14:26:00,175.0,175.0,175.0,175.0,0.0,12.86,2262.83,0
2023-08-30,2023-08-30 14:27:00,175.0,175.0,175.0,175.0,0.0,12.86,2262.83,0
2023-08-30,2023-08-30 14:28:00,175.0,175.0,175.0,175.0,0.0,12.86,2262.83,0
2023-08-30,2023-08-30 14:29:00,175.0,175.0,175.0,175.0,0.0,12.86,2262.83,0
2023-08-30,2023-08-30 14:30:00,175.0,175.0,175.0,175.0,0.0,12.86,2262.83,0
2023-08-30,2023-08-30 14:31:00,175.0,175.0,175.0,175.0,0.0,12.86,2262.83,0
2023-08-30,2023-08-30 14:32:00,175.0,175.0,175.0,175.0,0.0,12.86,2262.83,0
2023-08-30,2023-08-30 14:33:00,175.0,175.0,175.0,175.0,0.0,12.86,2262.83,0
2023-08-30,2023-08-30 14:34:00,175.0,175.0,175.0,175.0,0.0,12.86,2262.83,0
2023-08-30,2023-08-30 14:35:00,175.0,175.0,175.0,175.0,0.0,12.86,2262.83,0
2023-08-30,2023-08-30 14:36:00,175.0,175.0,175.0,175.0,0.0,12.86,2262.83,0
2023-08-30,2023-08-30 14:37:00,175.0,175.0,175.0,175.0,0.0,12.86,2262.83,0
2023-08-30,2023-08-30 14:38:00,175.0,175.0,175.0,175.0,0.0,12.86,2262.83,0
2023-08-30,2023-08-30 14:39:00,175.0,175.0,175.0,175.0,0.0,12.86,2262.83,0
2023-08-30,2023-08-30 14:40:00,175.0,175.0,175.0,175.0,0.0,12.86,2262.83,0
2023-08-30,2023-08-30 14:41:00,175.0,175.0,175.0,175.0,0.0,12.86,2262.83,0
2023-08-30,2023-08-30 14:42:00,175.0,175.0,175.0,175.0,0.0,12.86,2262.83,0
2023-08-30,2023-08-30 14:43:00,175.0,175.0,175.0,175.0,0.0,12.86,2262.83,0
2023-08-30,2023-08-30 14:44:00,175.0,175.0,175.0,175.0,0.0,12.86,2262.83,0
2023-08-30,2023-08-30 14:45:00,175.0,175.0,175.0,175.0,0.0,12.86,2262.83,0
2023-08-30,2023-08-30 14:46:00,175.0,175.0,175.0,175.0,0.0,12.86,2262.83,0
2023-08-30,2023-08-30 14:47:00,175.0,175.0,175.0,175.0,0.0,12.86,2262.83,0
2023-08-30,2023-08-30 14:48:00,175.0,175.0,175.0,175.0,0.0,12.86,2262.83,0
2023-08-30,2023-08-30 14:49:00,175.0,175.0,175.0,175.0,0.0,12.86,2262.83,0
2023-08-30,2023-08-30 14:50:00,175.0,175.0,175.0,175.0,0.0,12.86,2262.83,0
2023-08-30,2023-08-30 14:51:00,175.0,175.0,175.0,175.0,0.0,12.86,2262.83,0
2023-08-30,2023-08-30 14:52:00,175.0,175.0,175.0,175.0,0.0,12.86,2262.83,0
2023-08-30,2023-08-30 14:53:00,175.0,175.0,175.0,175.0,0.0,12.86,2262.83,0
2023-08-30,2023-08-30 14:54:00,175.0,175.0,175.0,175.0,0.0,12.86,2262.83,0
2023-08-30,2023-08-30 14:55:00,175.0,175.0,175.0,175.0,0.0,12.86,2262.83,0
2023-08-30,2023-08-30 14:56:00,175.0,175.0,175.0,175.0,0.0,12.86,2262.83,0
2023-08-30,2023-08-30 14:57:00,175.0,175.0,175.0,175.0,0.0,12.86,2262.83,0
2023-08-30,2023-08-30 14:58:00,175.0,175.0,175.0,175.0,0.0,12.86,2262.83,0
2023-08-30,2023-08-30 14:59:00,175.0,175.0,175.0,175.0,0.0,12.86,2262.83,0
2023-08-30,2023-08-30 15:00:00,175.0,181.5,172.0,175.0,0.0,12.86,2262.83,0
2023-09-03,2023-09-03 11:00:00,172.0,173.14,172.0,172.01,0.01,11.72,2025.97,1
2023-09-03,2023-09-03 11:01:00,172.01,172.03,172.01,172.03,0.01,11.72,2025.97,1
2023-09-03,2023-09-03 11:02:00,172.03,172.04,172.03,172.04,0.01,11.72,2025.97,1
2023-09-03,2023-09-03 11:03:00,172.04,172.05,172.04,172.05,0.01,11.72,2025.97,1
2023-09-03,2023-09-03 11:04:00,172.05,172.06,172.05,172.06,0.01,11.72,2025.97,1
2023-09-03,2023-09-03 11:05:00,172.06,172.07,172.06,172.07,0.01,11.72,2025.97,1
2023-09-03,2023-09-03 11:06:00,172.07,172.09,172.07,172.09,0.01,11.72,2025.97,1
2023-09-03,2023-09-03 11:07:00,172.09,172.1,172.09,172.1,0.01,11.72,2025.97,1
2023-09-03,2023-09-03 11:08:00,172.1,172.11,172.1,172.11,0.01,11.72,2025.97,1
2023-09-03,2023-09-03 11:09:00,172.11,172.12,172.11,172.12,0.01,11.72,2025.97,1
2023-09-03,2023-09-03 11:10:00,172.12,172.14,172.12,172.14,0.01,11.72,2025.97,1
2023-09-03,2023-09-03 11:11:00,172.14,172.15,172.14,172.15,0.01,11.72,2025.97,1
2023-09-03,2023-09-03 11:12:00,172.15,172.16,172.15,172.16,0.01,11.72,2025.97,1
2023-09-03,2023-09-03 11:13:00,172.16,172.18,172.16,172.18,0.01,11.72,2025.97,1
2023-09-03,2023-09-03 11:14:00,172.18,172.19,172.18,172.19,0.01,11.72,2025.97,1
2023-09-03,2023-09-03 11:15:00,172.19,172.2,172.19,172.2,0.01,11.72,2025.97,1
2023-09-03,2023-09-03 11:16:00,172.2,172.21,172.2,172.21,0.01,11.72,2025.97,1
2023-09-03,2023-09-03 11:17:00,172.21,172.22,172.21,172.22,0.01,11.72,2025.97,1
2023-09-03,2023-09-03 11:18:00,172.22,172.24,172.22,172.24,0.01,11.72,2025.97,1
2023-09-03,2023-09-03 11:19:00,172.24,172.25,172.24,172.25,0.01,11.72,2025.97,1
2023-09-03,2023-09-03 11:20:00,172.25,172.26,172.25,172.26,0.01,11.72,2025.97,1
2023-09-03,2023-09-03 11:21:00,172.26,172.28,172.26,172.28,0.01,11.72,2025.97,1
2023-09-03,2023-09-03 11:22:00,172.28,172.29,172.28,172.29,0.01,11.72,2025.97,1
2023-09-03,2023-09-03 11:23:00,172.29,172.3,172.29,172.3,0.01,11.72,2025.97,1
2023-09-03,2023-09-03 11:24:00,172.3,172.31,172.3,172.31,0.01,11.72,2025.97,1
2023-09-03,2023-09-03 11:25:00,172.31,172.32,172.31,172.32,0.01,11.72,2025.97,1
2023-09-03,2023-09-03 11:26:00,172.32,172.34,172.32,172.34,0.01,11.72,2025.97,1
2023-09-03,2023-09-03 11:27:00,172.34,172.35,172.34,172.35,0.01,11.72,2025.97,1
2023-09-03,2023-09-03 11:28:00,172.35,172.36,172.35,172.36,0.01,11.72,2025.97,1
2023-09-03,2023-09-03 11:29:00,172.36,172.38,172.36,172.38,0.01,11.72,2025.97,1
2023-09-03,2023-09-03 11:30:00,172.38,172.39,172.38,172.39,0.01,11.72,2025.97,1
2023-09-03,2023-09-03 11:31:00,172.39,172.4,172.39,172.4,0.01,11.72,2025.97,1
2023-09-03,2023-09-03 11:32:00,172.4,172.41,172.4,172.41,0.01,11.72,2025.97,1
2023-09-03,2023-09-03 11:33:00,172.41,172.43,172.41,172.43,0.01,11.72,2025.97,1
2023-09-03,2023-09-03 11:34:00,172.43,172.44,172.43,172.44,0.01,11.72,2025.97,1
2023-09-03,2023-09-03 11:35:00,172.44,172.45,172.44,172.45,0.01,11.72,2025.97,1
2023-09-03,2023-09-03 11:36:00,172.45,172.46,172.45,172.46,0.01,11.72,2025.97,1
2023-09-03,2023-09-03 11:37:00,172.46,172.47,172.46,172.47,0.01,11.72,2025.97,1
2023-09-03,2023-09-03 11:38:00,172.47,172.49,172.47,172.49,0.01,11.72,2025.97,1
2023-09-03,2023-09-03 11:39:00,172.49,172.5,172.49,172.5,0.01,11.72,2025.97,1
2023-09-03,2023-09-03 11:40:00,172.5,172.51,172.5,172.51,0.01,11.72,2025.97,1
2023-09-03,2023-09-03 11:41:00,172.51,172.53,172.51,172.53,0.01,11.72,2025.97,1
2023-09-03,2023-09-03 11:42:00,172.53,172.54,172.53,172.54,0.01,11.72,2025.97,1
2023-09-03,2023-09-03 11:43:00,172.54,172.55,172.54,172.55,0.01,11.72,2025.97,1
2023-09-03,2023-09-03 11:44:00,172.55,172.56,172.55,172.56,0.01,11.72,2025.97,1
2023-09-03,2023-09-03 11:45:00,172.56,172.57,172.56,172.57,0.01,11.72,2025.97,1
2023-09-03,2023-09-03 11:46:00,172.57,172.59,172.57,172.59,0.01,11.72,2025.97,1
2023-09-03,2023-09-03 11:47:00,172.59,172.6,172.59,172.6,0.01,11.72,2025.97,1
2023-09-03,2023-09-03 11:48:00,172.6,172.61,172.6,172.61,0.01,11.72,2025.97,1
2023-09-03,2023-09-03 11:49:00,172.61,172.62,172.61,172.62,0.01,11.72,2025.97,1
2023-09-03,2023-09-03 11:50:00,172.62,172.64,172.62,172.64,0.01,11.72,2025.97,1
2023-09-03,2023-09-03 11:51:00,172.64,172.65,172.64,172.65,0.01,11.72,2025.97,1
2023-09-03,2023-09-03 11:52:00,172.65,172.66,172.65,172.66,0.01,11.72,2025.97,1
2023-09-03,2023-09-03 11:53:00,172.66,172.68,172.66,172.68,0.01,11.72,2025.97,1
2023-09-03,2023-09-03 11:54:00,172.68,172.69,172.68,172.69,0.01,11.72,2025.97,1
2023-09-03,2023-09-03 11:55:00,172.69,172.7,172.69,172.7,0.01,11.72,2025.97,1
2023-09-03,2023-09-03 11:56:00,172.7,172.71,172.7,172.71,0.01,11.72,2025.97,1
2023-09-03,2023-09-03 11:57:00,172.71,172.72,172.71,172.72,0.01,11.72,2025.97,1
2023-09-03,2023-09-03 11:58:00,172.72,172.74,172.72,172.74,0.01,11.72,2025.97,1
2023-09-03,2023-09-03 11:59:00,172.74,172.75,172.74,172.75,0.01,11.72,2025.97,1
2023-09-03,2023-09-03 12:00:00,172.75,172.76,172.75,172.76,0.01,11.72,2025.97,1
2023-09-03,2023-09-03 12:01:00,172.76,172.78,172.76,172.78,0.01,11.72,2025.97,1
2023-09-03,2023-09-03 12:02:00,172.78,172.79,172.78,172.79,0.01,11.72,2025.97,1
2023-09-03,2023-09-03 12:03:00,172.79,172.8,172.79,172.8,0.01,11.72,2025.97,1
2023-09-03,2023-09-03 12:04:00,172.8,172.81,172.8,172.81,0.01,11.72,2025.97,1
2023-09-03,2023-09-03 12:05:00,172.81,172.82,172.81,172.82,0.01,11.72,2025.97,1
2023-09-03,2023-09-03 12:06:00,172.82,172.84,172.82,172.84,0.01,11.72,2025.97,1
2023-09-03,2023-09-03 12:07:00,172.84,172.85,172.84,172.85,0.01,11.72,2025.97,1
2023-09-03,2023-09-03 12:08:00,172.85,172.86,172.85,172.86,0.01,11.72,2025.97,1
2023-09-03,2023-09-03 12:09:00,172.86,172.88,172.86,172.88,0.01,11.72,2025.97,1
2023-09-03,2023-09-03 12:10:00,172.88,172.89,172.88,172.89,0.01,11.72,2025.97,1
2023-09-03,2023-09-03 12:11:00,172.89,172.9,172.89,172.9,0.01,11.72,2025.97,1
2023-09-03,2023-09-03 12:12:00,172.9,172.91,172.9,172.91,0.01,11.72,2025.97,1
2023-09-03,2023-09-03 12:13:00,172.91,172.93,172.91,172.93,0.01,11.72,2025.97,1
2023-09-03,2023-09-03 12:14:00,172.93,172.94,172.93,172.94,0.01,11.72,2025.97,1
2023-09-03,2023-09-03 12:15:00,172.94,172.95,172.94,172.95,0.01,11.72,2025.97,1
2023-09-03,2023-09-03 12:16:00,172.95,172.96,172.95,172.96,0.01,11.72,2025.97,1
2023-09-03,2023-09-03 12:17:00,172.96,172.97,172.96,172.97,0.01,11.72,2025.97,1
2023-09-03,2023-09-03 12:18:00,172.97,172.99,172.97,172.99,0.01,11.72,2025.97,1
2023-09-03,2023-09-03 12:19:00,172.99,173.0,172.99,173.0,0.01,11.72,2025.97,1
2023-09-03,2023-09-03 12:20:00,173.0,173.01,173.0,173.01,0.01,11.72,2025.97,1
2023-09-03,2023-09-03 12:21:00,173.01,173.03,173.01,173.03,0.01,11.72,2025.97,1
2023-09-03,2023-09-03 12:22:00,173.03,173.04,173.03,173.04,0.01,11.72,2025.97,1
2023-09-03,2023-09-03 12:23:00,173.04,173.05,173.04,173.05,0.01,11.72,2025.97,1
2023-09-03,2023-09-03 12:24:00,173.05,173.06,173.05,173.06,0.01,11.72,2025.97,1
2023-09-03,2023-09-03 12:25:00,173.06,173.07,173.06,173.07,0.01,11.72,2025.97,1
2023-09-03,2023-09-03 12:26:00,173.07,173.09,173.07,173.09,0.01,11.72,2025.97,1
2023-09-03,2023-09-03 12:27:00,173.09,173.1,173.09,173.1,0.01,11.72,2025.97,1
2023-09-03,2023-09-03 12:28:00,173.1,173.11,173.1,173.11,0.01,11.72,2025.97,1
2023-09-03,2023-09-03 12:29:00,173.11,173.12,173.11,173.12,0.01,11.72,2025.97,1
2023-09-03,2023-09-03 12:30:00,173.12,173.14,173.12,173.14,0.01,11.72,2025.97,1
2023-09-03,2023-09-03 12:31:00,173.14,173.15,173.14,173.15,0.01,11.72,2025.97,1
2023-09-03,2023-09-03 12:32:00,173.15,173.16,173.15,173.16,0.01,11.72,2025.97,1
2023-09-03,2023-09-03 12:33:00,173.16,173.18,173.16,173.18,0.01,11.72,2025.97,1
2023-09-03,2023-09-03 12:34:00,173.18,173.19,173.18,173.19,0.01,11.72,2025.97,1
2023-09-03,2023-09-03 12:35:00,173.19,173.2,173.19,173.2,0.01,11.72,2025.97,1
2023-09-03,2023-09-03 12:36:00,173.2,173.21,173.2,173.21,0.01,11.72,2025.97,1
2023-09-03,2023-09-03 12:37:00,173.21,173.22,173.21,173.22,0.01,11.72,2025.97,1
2023-09-03,2023-09-03 12:38:00,173.22,173.24,173.22,173.24,0.01,11.72,2025.97,1
2023-09-03,2023-09-03 12:39:00,173.24,173.25,173.24,173.25,0.01,11.72,2025.97,1
2023-09-03,2023-09-03 12:40:00,173.25,173.26,173.25,173.26,0.01,11.72,2025.97,1
2023-09-03,2023-09-03 12:41:00,173.26,173.28,173.26,173.28,0.01,11.72,2025.97,1
2023-09-03,2023-09-03 12:42:00,173.28,173.29,173.28,173.29,0.01,11.72,2025.97,1
2023-09-03,2023-09-03 12:43:00,173.29,173.3,173.29,173.3,0.01,11.72,2025.97,1
2023-09-03,2023-09-03 12:44:00,173.3,173.31,173.3,173.31,0.01,11.72,2025.97,1
2023-09-03,2023-09-03 12:45:00,173.31,173.32,173.31,173.32,0.01,11.72,2025.97,1
2023-09-03,2023-09-03 12:46:00,173.32,173.34,173.32,173.34,0.01,11.72,2025.97,1
2023-09-03,2023-09-03 12:47:00,173.34,173.35,173.34,173.35,0.01,11.72,2025.97,1
2023-09-03,2023-09-03 12:48:00,173.35,173.36,173.35,173.36,0.01,11.72,2025.97,1
2023-09-03,2023-09-03 12:49:00,173.36,173.38,173.36,173.38,0.01,11.72,2025.97,1
2023-09-03,2023-09-03 12:50:00,173.38,173.39,173.38,173.39,0.01,11.72,2025.97,1
2023-09-03,2023-09-03 12:51:00,173.39,173.4,173.39,173.4,0.01,11.72,2025.97,1
2023-09-03,2023-09-03 12:52:00,173.4,173.41,173.4,173.41,0.01,11.72,2025.97,1
2023-09-03,2023-09-03 12:53:00,173.41,173.43,173.41,173.43,0.01,11.72,2025.97,1
2023-09-03,2023-09-03 12:54:00,173.43,173.44,173.43,173.44,0.01,11.72,2025.97,1
2023-09-03,2023-09-03 12:55:00,173.44,173.45,173.44,173.45,0.01,11.72,2025.97,1
2023-09-03,2023-09-03 12:56:00,173.45,173.46,173.45,173.46,0.01,11.72,2025.97,1
2023-09-03,2023-09-03 12:57:00,173.46,173.47,173.46,173.47,0.01,11.72,2025.97,1
2023-09-03,2023-09-03 12:58:00,173.47,173.49,173.47,173.49,0.01,11.72,2025.97,1
2023-09-03,2023-09-03 12:59:00,173.49,173.5,173.49,173.5,0.01,11.72,2025.97,1
2023-09-03,2023-09-03 13:00:00,173.5,175.8,172.0,173.51,0.01,11.72,2025.97,1
2023-09-03,2023-09-03 13:01:00,173.51,173.53,173.51,173.53,0.01,11.72,2025.97,1
2023-09-03,2023-09-03 13:02:00,173.53,173.54,173.53,173.54,0.01,11.72,2025.97,1
2023-09-03,2023-09-03 13:03:00,173.54,173.55,173.54,173.55,0.01,11.72,2025.97,1
2023-09-03,2023-09-03 13:04:00,173.55,173.56,173.55,173.56,0.01,11.72,2025.97,1
2023-09-03,2023-09-03 13:05:00,173.56,173.57,173.56,173.57,0.01,11.72,2025.97,1
2023-09-03,2023-09-03 13:06:00,173.57,173.59,173.57,173.59,0.01,11.72,2025.97,1
2023-09-03,2023-09-03 13:07:00,173.59,173.6,173.59,173.6,0.01,11.72,2025.97,1
2023-09-03,2023-09-03 13:08:00,173.6,173.61,173.6,173.61,0.01,11.72,2025.97,1
2023-09-03,2023-09-03 13:09:00,173.61,173.62,173.61,173.62,0.01,11.72,2025.97,1
2023-09-03,2023-09-03 13:10:00,173.62,173.64,173.62,173.64,0.01,11.72,2025.97,1
2023-09-03,2023-09-03 13:11:00,173.64,173.65,173.64,173.65,0.01,11.72,2025.97,1
2023-09-03,2023-09-03 13:12:00,173.65,173.66,173.65,173.66,0.01,11.72,2025.97,1
2023-09-03,2023-09-03 13:13:00,173.66,173.68,173.66,173.68,0.01,11.72,2025.97,1
2023-09-03,2023-09-03 13:14:00,173.68,173.69,173.68,173.69,0.01,11.72,2025.97,1
2023-09-03,2023-09-03 13:15:00,173.69,173.7,173.69,173.7,0.01,11.72,2025.97,1
2023-09-03,2023-09-03 13:16:00,173.7,173.71,173.7,173.71,0.01,11.72,2025.97,1
2023-09-03,2023-09-03 13:17:00,173.71,173.72,173.71,173.72,0.01,11.72,2025.97,1
2023-09-03,2023-09-03 13:18:00,173.72,173.74,173.72,173.74,0.01,11.72,2025.97,1
2023-09-03,2023-09-03 13:19:00,173.74,173.75,173.74,173.75,0.01,11.72,2025.97,1
2023-09-03,2023-09-03 13:20:00,173.75,173.76,173.75,173.76,0.01,11.72,2025.97,1
2023-09-03,2023-09-03 13:21:00,173.76,173.78,173.76,173.78,0.01,11.72,2025.97,1
2023-09-03,2023-09-03 13:22:00,173.78,173.79,173.78,173.79,0.01,11.72,2025.97,1
2023-09-03,2023-09-03 13:23:00,173.79,173.8,173.79,173.8,0.01,11.72,2025.97,1
2023-09-03,2023-09-03 13:24:00,173.8,173.81,173.8,173.81,0.01,11.72,2025.97,1
2023-09-03,2023-09-03 13:25:00,173.81,173.82,173.81,173.82,0.01,11.72,2025.97,1
2023-09-03,2023-09-03 13:26:00,173.82,173.84,173.82,173.84,0.01,11.72,2025.97,1
2023-09-03,2023-09-03 13:27:00,173.84,173.85,173.84,173.85,0.01,11.72,2025.97,1
2023-09-03,2023-09-03 13:28:00,173.85,173.86,173.85,173.86,0.01,11.72,2025.97,1
2023-09-03,2023-09-03 13:29:00,173.86,173.88,173.86,173.88,0.01,11.72,2025.97,1
2023-09-03,2023-09-03 13:30:00,173.88,173.89,173.88,173.89,0.01,11.72,2025.97,1
2023-09-03,2023-09-03 13:31:00,173.89,173.9,173.89,173.9,0.01,11.72,2025.97,1
2023-09-03,2023-09-03 13:32:00,173.9,173.91,173.9,173.91,0.01,11.72,2025.97,1
2023-09-03,2023-09-03 13:33:00,173.91,173.93,173.91,173.93,0.01,11.72,2025.97,1
2023-09-03,2023-09-03 13:34:00,173.93,173.94,173.93,173.94,0.01,11.72,2025.97,1
2023-09-03,2023-09-03 13:35:00,173.94,173.95,173.94,173.95,0.01,11.72,2025.97,1
2023-09-03,2023-09-03 13:36:00,173.95,173.96,173.95,173.96,0.01,11.72,2025.97,1
2023-09-03,2023-09-03 13:37:00,173.96,173.97,173.96,173.97,0.01,11.72,2025.97,1
2023-09-03,2023-09-03 13:38:00,173.97,173.99,173.97,173.99,0.01,11.72,2025.97,1
2023-09-03,2023-09-03 13:39:00,173.99,174.0,173.99,174.0,0.01,11.72,2025.97,1
2023-09-03,2023-09-03 13:40:00,174.0,174.01,174.0,174.01,0.01,11.72,2025.97,1
2023-09-03,2023-09-03 13:41:00,174.01,174.03,174.01,174.03,0.01,11.72,2025.97,1
2023-09-03,2023-09-03 13:42:00,174.03,174.04,174.03,174.04,0.01,11.72,2025.97,1
2023-09-03,2023-09-03 13:43:00,174.04,174.05,174.04,174.05,0.01,11.72,2025.97,1
2023-09-03,2023-09-03 13:44:00,174.05,174.06,174.05,174.06,0.01,11.72,2025.97,1
2023-09-03,2023-09-03 13:45:00,174.06,174.07,174.06,174.07,0.01,11.72,2025.97,1
2023-09-03,2023-09-03 13:46:00,174.07,174.09,174.07,174.09,0.01,11.72,2025.97,1
2023-09-03,2023-09-03 13:47:00,174.09,174.1,174.09,174.1,0.01,11.72,2025.97,1
2023-09-03,2023-09-03 13:48:00,174.1,174.11,174.1,174.11,0.01,11.72,2025.97,1
2023-09-03,2023-09-03 13:49:00,174.11,174.12,174.11,174.12,0.01,11.72,2025.97,1
2023-09-03,2023-09-03 13:50:00,174.12,174.14,174.12,174.14,0.01,11.72,2025.97,1
2023-09-03,2023-09-03 13:51:00,174.14,174.15,174.14,174.15,0.01,11.72,2025.97,1
2023-09-03,2023-09-03 13:52:00,174.15,174.16,174.15,174.16,0.01,11.72,2025.97,1
2023-09-03,2023-09-03 13:53:00,174.16,174.18,174.16,174.18,0.01,11.72,2025.97,1
2023-09-03,2023-09-03 13:54:00,174.18,174.19,174.18,174.19,0.01,11.72,2025.97,1
2023-09-03,2023-09-03 13:55:00,174.19,174.2,174.19,174.2,0.01,11.72,2025.97,1
2023-09-03,2023-09-03 13:56:00,174.2,174.21,174.2,174.21,0.01,11.72,2025.97,1
2023-09-03,2023-09-03 13:57:00,174.21,174.22,174.21,174.22,0.01,11.72,2025.97,1
2023-09-03,2023-09-03 13:58:00,174.22,174.24,174.22,174.24,0.01,11.72,2025.97,1
2023-09-03,2023-09-03 13:59:00,174.24,174.25,174.24,174.25,0.01,11.72,2025.97,1
2023-09-03,2023-09-03 14:00:00,174.25,174.26,174.25,174.26,0.01,11.72,2025.97,1
2023-09-03,2023-09-03 14:01:00,174.26,174.28,174.26,174.28,0.01,11.72,2025.97,1
2023-09-03,2023-09-03 14:02:00,174.28,174.29,174.28,174.29,0.01,11.72,2025.97,1
2023-09-03,2023-09-03 14:03:00,174.29,174.3,174.29,174.3,0.01,11.72,2025.97,1
2023-09-03,2023-09-03 14:04:00,174.3,174.31,174.3,174.31,0.01,11.72,2025.97,1
2023-09-03,2023-09-03 14:05:00,174.31,174.32,174.31,174.32,0.01,11.72,2025.97,1
2023-09-03,2023-09-03 14:06:00,174.32,174.34,174.32,174.34,0.01,11.72,2025.97,1
2023-09-03,2023-09-03 14:07:00,174.34,174.35,174.34,174.35,0.01,11.72,2025.97,1
2023-09-03,2023-09-03 14:08:00,174.35,174.36,174.35,174.36,0.01,11.72,2025.97,1
2023-09-03,2023-09-03 14:09:00,174.36,174.38,174.36,174.38,0.01,11.72,2025.97,1
2023-09-03,2023-09-03 14:10:00,174.38,174.39,174.38,174.39,0.01,11.72,2025.97,1
2023-09-03,2023-09-03 14:11:00,174.39,174.4,174.39,174.4,0.01,11.72,2025.97,1
2023-09-03,2023-09-03 14:12:00,174.4,174.41,174.4,174.41,0.01,11.72,2025.97,1
2023-09-03,2023-09-03 14:13:00,174.41,174.43,174.41,174.43,0.01,11.72,2025.97,1
2023-09-03,2023-09-03 14:14:00,174.43,174.44,174.43,174.44,0.01,11.72,2025.97,1
2023-09-03,2023-09-03 14:15:00,174.44,174.45,174.44,174.45,0.01,11.72,2025.97,1
2023-09-03,2023-09-03 14:16:00,174.45,174.46,174.45,174.46,0.01,11.72,2025.97,1
2023-09-03,2023-09-03 14:17:00,174.46,174.47,174.46,174.47,0.01,11.72,2025.97,1
2023-09-03,2023-09-03 14:18:00,174.47,174.49,174.47,174.49,0.01,11.72,2025.97,1
2023-09-03,2023-09-03 14:19:00,174.49,174.5,174.49,174.5,0.01,11.72,2025.97,1
2023-09-03,2023-09-03 14:20:00,174.5,174.51,174.5,174.51,0.01,11.72,2025.97,1
2023-09-03,2023-09-03 14:21:00,174.51,174.53,174.51,174.53,0.01,11.72,2025.97,1
2023-09-03,2023-09-03 14:22:00,174.53,174.54,174.53,174.54,0.01,11.72,2025.97,1
2023-09-03,2023-09-03 14:23:00,174.54,174.55,174.54,174.55,0.01,11.72,2025.97,1
2023-09-03,2023-09-03 14:24:00,174.55,174.56,174.55,174.56,0.01,11.72,2025.97,1
2023-09-03,2023-09-03 14:25:00,174.56,174.57,174.56,174.57,0.01,11.72,2025.97,1
2023-09-03,2023-09-03 14:26:00,174.57,174.59,174.57,174.59,0.01,11.72,2025.97,1
2023-09-03,2023-09-03 14:27:00,174.59,174.6,174.59,174.6,0.01,11.72,2025.97,1
2023-09-03,2023-09-03 14:28:00,174.6,174.61,174.6,174.61,0.01,11.72,2025.97,1
2023-09-03,2023-09-03 14:29:00,174.61,174.62,174.61,174.62,0.01,11.72,2025.97,1
2023-09-03,2023-09-03 14:30:00,174.62,174.64,174.62,174.64,0.01,11.72,2025.97,1
2023-09-03,2023-09-03 14:31:00,174.64,174.65,174.64,174.65,0.01,11.72,2025.97,1
2023-09-03,2023-09-03 14:32:00,174.65,174.66,174.65,174.66,0.01,11.72,2025.97,1
2023-09-03,2023-09-03 14:33:00,174.66,174.68,174.66,174.68,0.01,11.72,2025.97,1
2023-09-03,2023-09-03 14:34:00,174.68,174.69,174.68,174.69,0.01,11.72,2025.97,1
2023-09-03,2023-09-03 14:35:00,174.69,174.7,174.69,174.7,0.01,11.72,2025.97,1
2023-09-03,2023-09-03 14:36:00,174.7,174.71,174.7,174.71,0.01,11.72,2025.97,1
2023-09-03,2023-09-03 14:37:00,174.71,174.72,174.71,174.72,0.01,11.72,2025.97,1
2023-09-03,2023-09-03 14:38:00,174.72,174.74,174.72,174.74,0.01,11.72,2025.97,1
2023-09-03,2023-09-03 14:39:00,174.74,174.75,174.74,174.75,0.01,11.72,2025.97,1
2023-09-03,2023-09-03 14:40:00,174.75,174.76,174.75,174.76,0.01,11.72,2025.97,1
2023-09-03,2023-09-03 14:41:00,174.76,174.78,174.76,174.78,0.01,11.72,2025.97,1
2023-09-03,2023-09-03 14:42:00,174.78,174.79,174.78,174.79,0.01,11.72,2025.97,1
2023-09-03,2023-09-03 14:43:00,174.79,174.8,174.79,174.8,0.01,11.72,2025.97,1
2023-09-03,2023-09-03 14:44:00,174.8,174.81,174.8,174.81,0.01,11.72,2025.97,1
2023-09-03,2023-09-03 14:45:00,174.81,174.82,174.81,174.82,0.01,11.72,2025.97,1
2023-09-03,2023-09-03 14:46:00,174.82,174.84,174.82,174.84,0.01,11.72,2025.97,1
2023-09-03,2023-09-03 14:47:00,174.84,174.85,174.84,174.85,0.01,11.72,2025.97,1
2023-09-03,2023-09-03 14:48:00,174.85,174.86,174.85,174.86,0.01,11.72,2025.97,1
2023-09-03,2023-09-03 14:49:00,174.86,174.88,174.86,174.88,0.01,11.72,2025.97,1
2023-09-03,2023-09-03 14:50:00,174.88,174.89,174.88,174.89,0.01,11.72,2025.97,1
2023-09-03,2023-09-03 14:51:00,174.89,174.9,174.89,174.9,0.01,11.72,2025.97,1
2023-09-03,2023-09-03 14:52:00,174.9,174.91,174.9,174.91,0.01,11.72,2025.97,1
2023-09-03,2023-09-03 14:53:00,174.91,174.93,174.91,174.93,0.01,11.72,2025.97,1
2023-09-03,2023-09-03 14:54:00,174.93,174.94,174.93,174.94,0.01,11.72,2025.97,1
2023-09-03,2023-09-03 14:55:00,174.94,174.95,174.94,174.95,0.01,11.72,2025.97,1
2023-09-03,2023-09-03 14:56:00,174.95,174.96,174.95,174.96,0.01,11.72,2025.97,1
2023-09-03,2023-09-03 14:57:00,174.96,174.97,174.96,174.97,0.01,11.72,2025.97,1
2023-09-03,2023-09-03 14:58:00,174.97,174.99,174.97,174.99,0.01,11.72,2025.97,1
2023-09-03,2023-09-03 14:59:00,174.99,175.0,174.99,175.0,0.01,11.72,2025.97,1
2023-09-03,2023-09-03 15:00:00,175.0,175.8,172.0,175.0,0.0,11.72,2025.97,0
2023-09-04,2023-09-04 11:00:00,171.5,174.65,171.5,171.54,0.02,12.59,2202.2,1
2023-09-04,2023-09-04 11:01:00,171.54,171.59,171.54,171.59,0.03,12.59,2202.2,1
2023-09-04,2023-09-04 11:02:00,171.59,171.63,171.59,171.63,0.02,12.59,2202.2,1
2023-09-04,2023-09-04 11:03:00,171.63,171.68,171.63,171.68,0.03,12.59,2202.2,1
2023-09-04,2023-09-04 11:04:00,171.68,171.72,171.68,171.72,0.02,12.59,2202.2,1
2023-09-04,2023-09-04 11:05:00,171.72,171.76,171.72,171.76,0.02,12.59,2202.2,1
2023-09-04,2023-09-04 11:06:00,171.76,171.81,171.76,171.81,0.03,12.59,2202.2,1
2023-09-04,2023-09-04 11:07:00,171.81,171.85,171.81,171.85,0.02,12.59,2202.2,1
2023-09-04,2023-09-04 11:08:00,171.85,171.89,171.85,171.89,0.02,12.59,2202.2,1
2023-09-04,2023-09-04 11:09:00,171.89,171.94,171.89,171.94,0.03,12.59,2202.2,1
2023-09-04,2023-09-04 11:10:00,171.94,171.98,171.94,171.98,0.02,12.59,2202.2,1
2023-09-04,2023-09-04 11:11:00,171.98,172.03,171.98,172.03,0.03,12.59,2202.2,1
2023-09-04,2023-09-04 11:12:00,172.03,172.07,172.03,172.07,0.02,12.59,2202.2,1
2023-09-04,2023-09-04 11:13:00,172.07,172.11,172.07,172.11,0.02,12.59,2202.2,1
2023-09-04,2023-09-04 11:14:00,172.11,172.16,172.11,172.16,0.03,12.59,2202.2,1
2023-09-04,2023-09-04 11:15:00,172.16,172.2,172.16,172.2,0.02,12.59,2202.2,1
2023-09-04,2023-09-04 11:16:00,172.2,172.24,172.2,172.24,0.02,12.59,2202.2,1
2023-09-04,2023-09-04 11:17:00,172.24,172.29,172.24,172.29,0.03,12.59,2202.2,1
2023-09-04,2023-09-04 11:18:00,172.29,172.33,172.29,172.33,0.02,12.59,2202.2,1
2023-09-04,2023-09-04 11:19:00,172.33,172.38,172.33,172.38,0.03,12.59,2202.2,1
2023-09-04,2023-09-04 11:20:00,172.38,172.42,172.38,172.42,0.02,12.59,2202.2,1
2023-09-04,2023-09-04 11:21:00,172.42,172.46,172.42,172.46,0.02,12.59,2202.2,1
2023-09-04,2023-09-04 11:22:00,172.46,172.51,172.46,172.51,0.03,12.59,2202.2,1
2023-09-04,2023-09-04 11:23:00,172.51,172.55,172.51,172.55,0.02,12.59,2202.2,1
2023-09-04,2023-09-04 11:24:00,172.55,172.59,172.55,172.59,0.02,12.59,2202.2,1
2023-09-04,2023-09-04 11:25:00,172.59,172.64,172.59,172.64,0.03,12.59,2202.2,1
2023-09-04,2023-09-04 11:26:00,172.64,172.68,172.64,172.68,0.02,12.59,2202.2,1
2023-09-04,2023-09-04 11:27:00,172.68,172.72,172.68,172.72,0.02,12.59,2202.2,1
2023-09-04,2023-09-04 11:28:00,172.72,172.77,172.72,172.77,0.03,12.59,2202.2,1
2023-09-04,2023-09-04 11:29:00,172.77,172.81,172.77,172.81,0.02,12.59,2202.2,1
2023-09-04,2023-09-04 11:30:00,172.81,172.86,172.81,172.86,0.03,12.59,2202.2,1
2023-09-04,2023-09-04 11:31:00,172.86,172.9,172.86,172.9,0.02,12.59,2202.2,1
2023-09-04,2023-09-04 11:32:00,172.9,172.94,172.9,172.94,0.02,12.59,2202.2,1
2023-09-04,2023-09-04 11:33:00,172.94,172.99,172.94,172.99,0.03,12.59,2202.2,1
2023-09-04,2023-09-04 11:34:00,172.99,173.03,172.99,173.03,0.02,12.59,2202.2,1
2023-09-04,2023-09-04 11:35:00,173.03,173.07,173.03,173.07,0.02,12.59,2202.2,1
2023-09-04,2023-09-04 11:36:00,173.07,173.12,173.07,173.12,0.03,12.59,2202.2,1
2023-09-04,2023-09-04 11:37:00,173.12,173.16,173.12,173.16,0.02,12.59,2202.2,1
2023-09-04,2023-09-04 11:38:00,173.16,173.21,173.16,173.21,0.03,12.59,2202.2,1
2023-09-04,2023-09-04 11:39:00,173.21,173.25,173.21,173.25,0.02,12.59,2202.2,1
2023-09-04,2023-09-04 11:40:00,173.25,173.29,173.25,173.29,0.02,12.59,2202.2,1
2023-09-04,2023-09-04 11:41:00,173.29,173.34,173.29,173.34,0.03,12.59,2202.2,1
2023-09-04,2023-09-04 11:42:00,173.34,173.38,173.34,173.38,0.02,12.59,2202.2,1
2023-09-04,2023-09-04 11:43:00,173.38,173.43,173.38,173.43,0.03,12.59,2202.2,1
2023-09-04,2023-09-04 11:44:00,173.43,173.47,173.43,173.47,0.02,12.59,2202.2,1
2023-09-04,2023-09-04 11:45:00,173.47,173.51,173.47,173.51,0.02,12.59,2202.2,1
2023-09-04,2023-09-04 11:46:00,173.51,173.56,173.51,173.56,0.03,12.59,2202.2,1
2023-09-04,2023-09-04 11:47:00,173.56,173.6,173.56,173.6,0.02,12.59,2202.2,1
2023-09-04,2023-09-04 11:48:00,173.6,173.64,173.6,173.64,0.02,12.59,2202.2,1
2023-09-04,2023-09-04 11:49:00,173.64,173.69,173.64,173.69,0.03,12.59,2202.2,1
2023-09-04,2023-09-04 11:50:00,173.69,173.73,173.69,173.73,0.02,12.59,2202.2,1
2023-09-04,2023-09-04 11:51:00,173.73,173.78,173.73,173.78,0.03,12.59,2202.2,1
2023-09-04,2023-09-04 11:52:00,173.78,173.82,173.78,173.82,0.02,12.59,2202.2,1
2023-09-04,2023-09-04 11:53:00,173.82,173.86,173.82,173.86,0.02,12.59,2202.2,1
2023-09-04,2023-09-04 11:54:00,173.86,173.91,173.86,173.91,0.03,12.59,2202.2,1
2023-09-04,2023-09-04 11:55:00,173.91,173.95,173.91,173.95,0.02,12.59,2202.2,1
2023-09-04,2023-09-04 11:56:00,173.95,173.99,173.95,173.99,0.02,12.59,2202.2,1
2023-09-04,2023-09-04 11:57:00,173.99,174.04,173.99,174.04,0.03,12.59,2202.2,1
2023-09-04,2023-09-04 11:58:00,174.04,174.08,174.04,174.08,0.02,12.59,2202.2,1
2023-09-04,2023-09-04 11:59:00,174.08,174.12,174.08,174.12,0.02,12.59,2202.2,1
2023-09-04,2023-09-04 12:00:00,174.12,174.17,174.12,174.17,0.03,12.59,2202.2,1
2023-09-04,2023-09-04 12:01:00,174.17,174.21,174.17,174.21,0.02,12.59,2202.2,1
2023-09-04,2023-09-04 12:02:00,174.21,174.26,174.21,174.26,0.03,12.59,2202.2,1
2023-09-04,2023-09-04 12:03:00,174.26,174.3,174.26,174.3,0.02,12.59,2202.2,1
2023-09-04,2023-09-04 12:04:00,174.3,174.34,174.3,174.34,0.02,12.59,2202.2,1
2023-09-04,2023-09-04 12:05:00,174.34,174.39,174.34,174.39,0.03,12.59,2202.2,1
2023-09-04,2023-09-04 12:06:00,174.39,174.43,174.39,174.43,0.02,12.59,2202.2,1
2023-09-04,2023-09-04 12:07:00,174.43,174.47,174.43,174.47,0.02,12.59,2202.2,1
2023-09-04,2023-09-04 12:08:00,174.47,174.52,174.47,174.52,0.03,12.59,2202.2,1
2023-09-04,2023-09-04 12:09:00,174.52,174.56,174.52,174.56,0.02,12.59,2202.2,1
2023-09-04,2023-09-04 12:10:00,174.56,174.61,174.56,174.61,0.03,12.59,2202.2,1
2023-09-04,2023-09-04 12:11:00,174.61,174.65,174.61,174.65,0.02,12.59,2202.2,1
2023-09-04,2023-09-04 12:12:00,174.65,174.69,174.65,174.69,0.02,12.59,2202.2,1
2023-09-04,2023-09-04 12:13:00,174.69,174.74,174.69,174.74,0.03,12.59,2202.2,1
2023-09-04,2023-09-04 12:14:00,174.74,174.78,174.74,174.78,0.02,12.59,2202.2,1
2023-09-04,2023-09-04 12:15:00,174.78,174.82,174.78,174.82,0.02,12.59,2202.2,1
2023-09-04,2023-09-04 12:16:00,174.82,174.87,174.82,174.87,0.03,12.59,2202.2,1
2023-09-04,2023-09-04 12:17:00,174.87,174.91,174.87,174.91,0.02,12.59,2202.2,1
2023-09-04,2023-09-04 12:18:00,174.91,174.96,174.91,174.96,0.03,12.59,2202.2,1
2023-09-04,2023-09-04 12:19:00,174.96,175.0,174.96,175.0,0.02,12.59,2202.2,1
2023-09-04,2023-09-04 12:20:00,175.0,175.04,175.0,175.04,0.02,12.59,2202.2,1
2023-09-04,2023-09-04 12:21:00,175.04,175.09,175.04,175.09,0.03,12.59,2202.2,1
2023-09-04,2023-09-04 12:22:00,175.09,175.13,175.09,175.13,0.02,12.59,2202.2,1
2023-09-04,2023-09-04 12:23:00,175.13,175.18,175.13,175.18,0.03,12.59,2202.2,1
2023-09-04,2023-09-04 12:24:00,175.18,175.22,175.18,175.22,0.02,12.59,2202.2,1
2023-09-04,2023-09-04 12:25:00,175.22,175.26,175.22,175.26,0.02,12.59,2202.2,1
2023-09-04,2023-09-04 12:26:00,175.26,175.31,175.26,175.31,0.03,12.59,2202.2,1
2023-09-04,2023-09-04 12:27:00,175.31,175.35,175.31,175.35,0.02,12.59,2202.2,1
2023-09-04,2023-09-04 12:28:00,175.35,175.39,175.35,175.39,0.02,12.59,2202.2,1
2023-09-04,2023-09-04 12:29:00,175.39,175.44,175.39,175.44,0.03,12.59,2202.2,1
2023-09-04,2023-09-04 12:30:00,175.44,175.48,175.44,175.48,0.02,12.59,2202.2,1
2023-09-04,2023-09-04 12:31:00,175.48,175.53,175.48,175.53,0.03,12.59,2202.2,1
2023-09-04,2023-09-04 12:32:00,175.53,175.57,175.53,175.57,0.02,12.59,2202.2,1
2023-09-04,2023-09-04 12:33:00,175.57,175.61,175.57,175.61,0.02,12.59,2202.2,1
2023-09-04,2023-09-04 12:34:00,175.61,175.66,175.61,175.66,0.03,12.59,2202.2,1
2023-09-04,2023-09-04 12:35:00,175.66,175.7,175.66,175.7,0.02,12.59,2202.2,1
2023-09-04,2023-09-04 12:36:00,175.7,175.74,175.7,175.74,0.02,12.59,2202.2,1
2023-09-04,2023-09-04 12:37:00,175.74,175.79,175.74,175.79,0.03,12.59,2202.2,1
2023-09-04,2023-09-04 12:38:00,175.79,175.83,175.79,175.83,0.02,12.59,2202.2,1
2023-09-04,2023-09-04 12:39:00,175.83,175.88,175.83,175.88,0.03,12.59,2202.2,1
2023-09-04,2023-09-04 12:40:00,175.88,175.92,175.88,175.92,0.02,12.59,2202.2,1
2023-09-04,2023-09-04 12:41:00,175.92,175.96,175.92,175.96,0.02,12.59,2202.2,1
2023-09-04,2023-09-04 12:42:00,175.96,176.01,175.96,176.01,0.03,12.59,2202.2,1
2023-09-04,2023-09-04 12:43:00,176.01,176.05,176.01,176.05,0.02,12.59,2202.2,1
2023-09-04,2023-09-04 12:44:00,176.05,176.09,176.05,176.09,0.02,12.59,2202.2,1
2023-09-04,2023-09-04 12:45:00,176.09,176.14,176.09,176.14,0.03,12.59,2202.2,1
2023-09-04,2023-09-04 12:46:00,176.14,176.18,176.14,176.18,0.02,12.59,2202.2,1
2023-09-04,2023-09-04 12:47:00,176.18,176.22,176.18,176.22,0.02,12.59,2202.2,1
2023-09-04,2023-09-04 12:48:00,176.22,176.27,176.22,176.27,0.03,12.59,2202.2,1
2023-09-04,2023-09-04 12:49:00,176.27,176.31,176.27,176.31,0.02,12.59,2202.2,1
2023-09-04,2023-09-04 12:50:00,176.31,176.36,176.31,176.36,0.03,12.59,2202.2,1
2023-09-04,2023-09-04 12:51:00,176.36,176.4,176.36,176.4,0.02,12.59,2202.2,1
2023-09-04,2023-09-04 12:52:00,176.4,176.44,176.4,176.44,0.02,12.59,2202.2,1
2023-09-04,2023-09-04 12:53:00,176.44,176.49,176.44,176.49,0.03,12.59,2202.2,1
2023-09-04,2023-09-04 12:54:00,176.49,176.53,176.49,176.53,0.02,12.59,2202.2,1
2023-09-04,2023-09-04 12:55:00,176.53,176.57,176.53,176.57,0.02,12.59,2202.2,1
2023-09-04,2023-09-04 12:56:00,176.57,176.62,176.57,176.62,0.03,12.59,2202.2,1
2023-09-04,2023-09-04 12:57:00,176.62,176.66,176.62,176.66,0.02,12.59,2202.2,1
2023-09-04,2023-09-04 12:58:00,176.66,176.71,176.66,176.71,0.03,12.59,2202.2,1
2023-09-04,2023-09-04 12:59:00,176.71,176.75,176.71,176.75,0.02,12.59,2202.2,1
2023-09-04,2023-09-04 13:00:00,176.75,182.0,171.5,176.79,0.02,12.59,2202.2,1
2023-09-04,2023-09-04 13:01:00,176.79,176.84,176.79,176.84,0.03,12.59,2202.2,1
2023-09-04,2023-09-04 13:02:00,176.84,176.88,176.84,176.88,0.02,12.59,2202.2,1
2023-09-04,2023-09-04 13:03:00,176.88,176.93,176.88,176.93,0.03,12.59,2202.2,1
2023-09-04,2023-09-04 13:04:00,176.93,176.97,176.93,176.97,0.02,12.59,2202.2,1
2023-09-04,2023-09-04 13:05:00,176.97,177.01,176.97,177.01,0.02,12.59,2202.2,1
2023-09-04,2023-09-04 13:06:00,177.01,177.06,177.01,177.06,0.03,12.59,2202.2,1
2023-09-04,2023-09-04 13:07:00,177.06,177.1,177.06,177.1,0.02,12.59,2202.2,1
2023-09-04,2023-09-04 13:08:00,177.1,177.14,177.1,177.14,0.02,12.59,2202.2,1
2023-09-04,2023-09-04 13:09:00,177.14,177.19,177.14,177.19,0.03,12.59,2202.2,1
2023-09-04,2023-09-04 13:10:00,177.19,177.23,177.19,177.23,0.02,12.59,2202.2,1
2023-09-04,2023-09-04 13:11:00,177.23,177.28,177.23,177.28,0.03,12.59,2202.2,1
2023-09-04,2023-09-04 13:12:00,177.28,177.32,177.28,177.32,0.02,12.59,2202.2,1
2023-09-04,2023-09-04 13:13:00,177.32,177.36,177.32,177.36,0.02,12.59,2202.2,1
2023-09-04,2023-09-04 13:14:00,177.36,177.41,177.36,177.41,0.03,12.59,2202.2,1
2023-09-04,2023-09-04 13:15:00,177.41,177.45,177.41,177.45,0.02,12.59,2202.2,1
2023-09-04,2023-09-04 13:16:00,177.45,177.49,177.45,177.49,0.02,12.59,2202.2,1
2023-09-04,2023-09-04 13:17:00,177.49,177.54,177.49,177.54,0.03,12.59,2202.2,1
2023-09-04,2023-09-04 13:18:00,177.54,177.58,177.54,177.58,0.02,12.59,2202.2,1
2023-09-04,2023-09-04 13:19:00,177.58,177.62,177.58,177.62,0.02,12.59,2202.2,1
2023-09-04,2023-09-04 13:20:00,177.62,177.67,177.62,177.67,0.03,12.59,2202.2,1
2023-09-04,2023-09-04 13:21:00,177.67,177.71,177.67,177.71,0.02,12.59,2202.2,1
2023-09-04,2023-09-04 13:22:00,177.71,177.76,177.71,177.76,0.03,12.59,2202.2,1
2023-09-04,2023-09-04 13:23:00,177.76,177.8,177.76,177.8,0.02,12.59,2202.2,1
2023-09-04,2023-09-04 13:24:00,177.8,177.84,177.8,177.84,0.02,12.59,2202.2,1
2023-09-04,2023-09-04 13:25:00,177.84,177.89,177.84,177.89,0.03,12.59,2202.2,1
2023-09-04,2023-09-04 13:26:00,177.89,177.93,177.89,177.93,0.02,12.59,2202.2,1
2023-09-04,2023-09-04 13:27:00,177.93,177.97,177.93,177.97,0.02,12.59,2202.2,1
2023-09-04,2023-09-04 13:28:00,177.97,178.02,177.97,178.02,0.03,12.59,2202.2,1
2023-09-04,2023-09-04 13:29:00,178.02,178.06,178.02,178.06,0.02,12.59,2202.2,1
2023-09-04,2023-09-04 13:30:00,178.06,178.11,178.06,178.11,0.03,12.59,2202.2,1
2023-09-04,2023-09-04 13:31:00,178.11,178.15,178.11,178.15,0.02,12.59,2202.2,1
2023-09-04,2023-09-04 13:32:00,178.15,178.19,178.15,178.19,0.02,12.59,2202.2,1
2023-09-04,2023-09-04 13:33:00,178.19,178.24,178.19,178.24,0.03,12.59,2202.2,1
2023-09-04,2023-09-04 13:34:00,178.24,178.28,178.24,178.28,0.02,12.59,2202.2,1
2023-09-04,2023-09-04 13:35:00,178.28,178.32,178.28,178.32,0.02,12.59,2202.2,1
2023-09-04,2023-09-04 13:36:00,178.32,178.37,178.32,178.37,0.03,12.59,2202.2,1
2023-09-04,2023-09-04 13:37:00,178.37,178.41,178.37,178.41,0.02,12.59,2202.2,1
2023-09-04,2023-09-04 13:38:00,178.41,178.46,178.41,178.46,0.03,12.59,2202.2,1
2023-09-04,2023-09-04 13:39:00,178.46,178.5,178.46,178.5,0.02,12.59,2202.2,1
2023-09-04,2023-09-04 13:40:00,178.5,178.54,178.5,178.54,0.02,12.59,2202.2,1
2023-09-04,2023-09-04 13:41:00,178.54,178.59,178.54,178.59,0.03,12.59,2202.2,1
2023-09-04,2023-09-04 13:42:00,178.59,178.63,178.59,178.63,0.02,12.59,2202.2,1
2023-09-04,2023-09-04 13:43:00,178.63,178.68,178.63,178.68,0.03,12.59,2202.2,1
2023-09-04,2023-09-04 13:44:00,178.68,178.72,178.68,178.72,0.02,12.59,2202.2,1
2023-09-04,2023-09-04 13:45:00,178.72,178.76,178.72,178.76,0.02,12.59,2202.2,1
2023-09-04,2023-09-04 13:46:00,178.76,178.81,178.76,178.81,0.03,12.59,2202.2,1
2023-09-04,2023-09-04 13:47:00,178.81,178.85,178.81,178.85,0.02,12.59,2202.2,1
2023-09-04,2023-09-04 13:48:00,178.85,178.89,178.85,178.89,0.02,12.59,2202.2,1
2023-09-04,2023-09-04 13:49:00,178.89,178.94,178.89,178.94,0.03,12.59,2202.2,1
2023-09-04,2023-09-04 13:50:00,178.94,178.98,178.94,178.98,0.02,12.59,2202.2,1
2023-09-04,2023-09-04 13:51:00,178.98,179.03,178.98,179.03,0.03,12.59,2202.2,1
2023-09-04,2023-09-04 13:52:00,179.03,179.07,179.03,179.07,0.02,12.59,2202.2,1
2023-09-04,2023-09-04 13:53:00,179.07,179.11,179.07,179.11,0.02,12.59,2202.2,1
2023-09-04,2023-09-04 13:54:00,179.11,179.16,179.11,179.16,0.03,12.59,2202.2,1
2023-09-04,2023-09-04 13:55:00,179.16,179.2,179.16,179.2,0.02,12.59,2202.2,1
2023-09-04,2023-09-04 13:56:00,179.2,179.24,179.2,179.24,0.02,12.59,2202.2,1
2023-09-04,2023-09-04 13:57:00,179.24,179.29,179.24,179.29,0.03,12.59,2202.2,1
2023-09-04,2023-09-04 13:58:00,179.29,179.33,179.29,179.33,0.02,12.59,2202.2,1
2023-09-04,2023-09-04 13:59:00,179.33,179.38,179.33,179.38,0.03,12.59,2202.2,1
2023-09-04,2023-09-04 14:00:00,179.38,179.42,179.38,179.42,0.02,12.59,2202.2,1
2023-09-04,2023-09-04 14:01:00,179.42,179.46,179.42,179.46,0.02,12.59,2202.2,1
2023-09-04,2023-09-04 14:02:00,179.46,179.51,179.46,179.51,0.03,12.59,2202.2,1
2023-09-04,2023-09-04 14:03:00,179.51,179.55,179.51,179.55,0.02,12.59,2202.2,1
2023-09-04,2023-09-04 14:04:00,179.55,179.59,179.55,179.59,0.02,12.59,2202.2,1
2023-09-04,2023-09-04 14:05:00,179.59,179.64,179.59,179.64,0.03,12.59,2202.2,1
2023-09-04,2023-09-04 14:06:00,179.64,179.68,179.64,179.68,0.02,12.59,2202.2,1
2023-09-04,2023-09-04 14:07:00,179.68,179.72,179.68,179.72,0.02,12.59,2202.2,1
2023-09-04,2023-09-04 14:08:00,179.72,179.77,179.72,179.77,0.03,12.59,2202.2,1
2023-09-04,2023-09-04 14:09:00,179.77,179.81,179.77,179.81,0.02,12.59,2202.2,1
2023-09-04,2023-09-04 14:10:00,179.81,179.86,179.81,179.86,0.03,12.59,2202.2,1
2023-09-04,2023-09-04 14:11:00,179.86,179.9,179.86,179.9,0.02,12.59,2202.2,1
2023-09-04,2023-09-04 14:12:00,179.9,179.94,179.9,179.94,0.02,12.59,2202.2,1
2023-09-04,2023-09-04 14:13:00,179.94,179.99,179.94,179.99,0.03,12.59,2202.2,1
2023-09-04,2023-09-04 14:14:00,179.99,180.03,179.99,180.03,0.02,12.59,2202.2,1
2023-09-04,2023-09-04 14:15:00,180.03,180.07,180.03,180.07,0.02,12.59,2202.2,1
2023-09-04,2023-09-04 14:16:00,180.07,180.12,180.07,180.12,0.03,12.59,2202.2,1
2023-09-04,2023-09-04 14:17:00,180.12,180.16,180.12,180.16,0.02,12.59,2202.2,1
2023-09-04,2023-09-04 14:18:00,180.16,180.21,180.16,180.21,0.03,12.59,2202.2,1
2023-09-04,2023-09-04 14:19:00,180.21,180.25,180.21,180.25,0.02,12.59,2202.2,1
2023-09-04,2023-09-04 14:20:00,180.25,180.29,180.25,180.29,0.02,12.59,2202.2,1
2023-09-04,2023-09-04 14:21:00,180.29,180.34,180.29,180.34,0.03,12.59,2202.2,1
2023-09-04,2023-09-04 14:22:00,180.34,180.38,180.34,180.38,0.02,12.59,2202.2,1
2023-09-04,2023-09-04 14:23:00,180.38,180.43,180.38,180.43,0.03,12.59,2202.2,1
2023-09-04,2023-09-04 14:24:00,180.43,180.47,180.43,180.47,0.02,12.59,2202.2,1
2023-09-04,2023-09-04 14:25:00,180.47,180.51,180.47,180.51,0.02,12.59,2202.2,1
2023-09-04,2023-09-04 14:26:00,180.51,180.56,180.51,180.56,0.03,12.59,2202.2,1
2023-09-04,2023-09-04 14:27:00,180.56,180.6,180.56,180.6,0.02,12.59,2202.2,1
2023-09-04,2023-09-04 14:28:00,180.6,180.64,180.6,180.64,0.02,12.59,2202.2,1
2023-09-04,2023-09-04 14:29:00,180.64,180.69,180.64,180.69,0.03,12.59,2202.2,1
2023-09-04,2023-09-04 14:30:00,180.69,180.73,180.69,180.73,0.02,12.59,2202.2,1
2023-09-04,2023-09-04 14:31:00,180.73,180.78,180.73,180.78,0.03,12.59,2202.2,1
2023-09-04,2023-09-04 14:32:00,180.78,180.82,180.78,180.82,0.02,12.59,2202.2,1
2023-09-04,2023-09-04 14:33:00,180.82,180.86,180.82,180.86,0.02,12.59,2202.2,1
2023-09-04,2023-09-04 14:34:00,180.86,180.91,180.86,180.91,0.03,12.59,2202.2,1
2023-09-04,2023-09-04 14:35:00,180.91,180.95,180.91,180.95,0.02,12.59,2202.2,1
2023-09-04,2023-09-04 14:36:00,180.95,180.99,180.95,180.99,0.02,12.59,2202.2,1
2023-09-04,2023-09-04 14:37:00,180.99,181.04,180.99,181.04,0.03,12.59,2202.2,1
2023-09-04,2023-09-04 14:38:00,181.04,181.08,181.04,181.08,0.02,12.59,2202.2,1
2023-09-04,2023-09-04 14:39:00,181.08,181.12,181.08,181.12,0.02,12.59,2202.2,1
2023-09-04,2023-09-04 14:40:00,181.12,181.17,181.12,181.17,0.03,12.59,2202.2,1
2023-09-04,2023-09-04 14:41:00,181.17,181.21,181.17,181.21,0.02,12.59,2202.2,1
2023-09-04,2023-09-04 14:42:00,181.21,181.26,181.21,181.26,0.03,12.59,2202.2,1
2023-09-04,2023-09-04 14:43:00,181.26,181.3,181.26,181.3,0.02,12.59,2202.2,1
2023-09-04,2023-09-04 14:44:00,181.3,181.34,181.3,181.34,0.02,12.59,2202.2,1
2023-09-04,2023-09-04 14:45:00,181.34,181.39,181.34,181.39,0.03,12.59,2202.2,1
2023-09-04,2023-09-04 14:46:00,181.39,181.43,181.39,181.43,0.02,12.59,2202.2,1
2023-09-04,2023-09-04 14:47:00,181.43,181.47,181.43,181.47,0.02,12.59,2202.2,1
2023-09-04,2023-09-04 14:48:00,181.47,181.52,181.47,181.52,0.03,12.59,2202.2,1
2023-09-04,2023-09-04 14:49:00,181.52,181.56,181.52,181.56,0.02,12.59,2202.2,1
2023-09-04,2023-09-04 14:50:00,181.56,181.61,181.56,181.61,0.03,12.59,2202.2,1
2023-09-04,2023-09-04 14:51:00,181.61,181.65,181.61,181.65,0.02,12.59,2202.2,1
2023-09-04,2023-09-04 14:52:00,181.65,181.69,181.65,181.69,0.02,12.59,2202.2,1
2023-09-04,2023-09-04 14:53:00,181.69,181.74,181.69,181.74,0.03,12.59,2202.2,1
2023-09-04,2023-09-04 14:54:00,181.74,181.78,181.74,181.78,0.02,12.59,2202.2,1
2023-09-04,2023-09-04 14:55:00,181.78,181.82,181.78,181.82,0.02,12.59,2202.2,1
2023-09-04,2023-09-04 14:56:00,181.82,181.87,181.82,181.87,0.03,12.59,2202.2,1
2023-09-04,2023-09-04 14:57:00,181.87,181.91,181.87,181.91,0.02,12.59,2202.2,1
2023-09-04,2023-09-04 14:58:00,181.91,181.96,181.91,181.96,0.03,12.59,2202.2,1
2023-09-04,2023-09-04 14:59:00,181.96,182.0,181.96,182.0,0.02,12.59,2202.2,1
2023-09-04,2023-09-04 15:00:00,182.0,182.0,171.5,182.0,0.0,12.59,2202.2,0
2023-09-05,2023-09-05 11:00:00,178.4,179.18,177.53,178.39,-0.01,11.99,2124.38,-1
2023-09-05,2023-09-05 11:01:00,178.39,178.39,178.38,178.38,-0.01,11.99,2124.38,-1
2023-09-05,2023-09-05 11:02:00,178.38,178.38,178.37,178.37,-0.01,11.99,2124.38,-1
2023-09-05,2023-09-05 11:03:00,178.37,178.37,178.36,178.36,-0.01,11.99,2124.38,-1
2023-09-05,2023-09-05 11:04:00,178.36,178.36,178.35,178.35,-0.01,11.99,2124.38,-1
2023-09-05,2023-09-05 11:05:00,178.35,178.35,178.34,178.34,-0.01,11.99,2124.38,-1
2023-09-05,2023-09-05 11:06:00,178.34,178.34,178.33,178.33,-0.01,11.99,2124.38,-1
2023-09-05,2023-09-05 11:07:00,178.33,178.33,178.32,178.32,-0.01,11.99,2124.38,-1
2023-09-05,2023-09-05 11:08:00,178.32,178.32,178.31,178.31,-0.01,11.99,2124.38,-1
2023-09-05,2023-09-05 11:09:00,178.31,178.31,178.3,178.3,-0.01,11.99,2124.38,-1
2023-09-05,2023-09-05 11:10:00,178.3,178.3,178.29,178.29,-0.01,11.99,2124.38,-1
2023-09-05,2023-09-05 11:11:00,178.29,178.29,178.28,178.28,-0.01,11.99,2124.38,-1
2023-09-05,2023-09-05 11:12:00,178.28,178.28,178.28,178.28,0.0,11.99,2124.38,0
2023-09-05,2023-09-05 11:13:00,178.28,178.28,178.27,178.27,-0.01,11.99,2124.38,-1
2023-09-05,2023-09-05 11:14:00,178.27,178.27,178.26,178.26,-0.01,11.99,2124.38,-1
2023-09-05,2023-09-05 11:15:00,178.26,178.26,178.25,178.25,-0.01,11.99,2124.38,-1
2023-09-05,2023-09-05 11:16:00,178.25,178.25,178.24,178.24,-0.01,11.99,2124.38,-1
2023-09-05,2023-09-05 11:17:00,178.24,178.24,178.23,178.23,-0.01,11.99,2124.38,-1
2023-09-05,2023-09-05 11:18:00,178.23,178.23,178.22,178.22,-0.01,11.99,2124.38,-1
2023-09-05,2023-09-05 11:19:00,178.22,178.22,178.21,178.21,-0.01,11.99,2124.38,-1
2023-09-05,2023-09-05 11:20:00,178.21,178.21,178.2,178.2,-0.01,11.99,2124.38,-1
2023-09-05,2023-09-05 11:21:00,178.2,178.2,178.19,178.19,-0.01,11.99,2124.38,-1
2023-09-05,2023-09-05 11:22:00,178.19,178.19,178.18,178.18,-0.01,11.99,2124.38,-1
2023-09-05,2023-09-05 11:23:00,178.18,178.18,178.17,178.17,-0.01,11.99,2124.38,-1
2023-09-05,2023-09-05 11:24:00,178.17,178.17,178.16,178.16,-0.01,11.99,2124.38,-1
2023-09-05,2023-09-05 11:25:00,178.16,178.16,178.15,178.15,-0.01,11.99,2124.38,-1
2023-09-05,2023-09-05 11:26:00,178.15,178.15,178.14,178.14,-0.01,11.99,2124.38,-1
2023-09-05,2023-09-05 11:27:00,178.14,178.14,178.13,178.13,-0.01,11.99,2124.38,-1
2023-09-05,2023-09-05 11:28:00,178.13,178.13,178.12,178.12,-0.01,11.99,2124.38,-1
2023-09-05,2023-09-05 11:29:00,178.12,178.12,178.11,178.11,-0.01,11.99,2124.38,-1
2023-09-05,2023-09-05 11:30:00,178.11,178.11,178.1,178.1,-0.01,11.99,2124.38,-1
2023-09-05,2023-09-05 11:31:00,178.1,178.1,178.09,178.09,-0.01,11.99,2124.38,-1
2023-09-05,2023-09-05 11:32:00,178.09,178.09,178.08,178.08,-0.01,11.99,2124.38,-1
2023-09-05,2023-09-05 11:33:00,178.08,178.08,178.07,178.07,-0.01,11.99,2124.38,-1
2023-09-05,2023-09-05 11:34:00,178.07,178.07,178.06,178.06,-0.01,11.99,2124.38,-1
2023-09-05,2023-09-05 11:35:00,178.06,178.06,178.06,178.06,0.0,11.99,2124.38,0
2023-09-05,2023-09-05 11:36:00,178.06,178.06,178.05,178.05,-0.01,11.99,2124.38,-1
2023-09-05,2023-09-05 11:37:00,178.05,178.05,178.04,178.04,-0.01,11.99,2124.38,-1
2023-09-05,2023-09-05 11:38:00,178.04,178.04,178.03,178.03,-0.01,11.99,2124.38,-1
2023-09-05,2023-09-05 11:39:00,178.03,178.03,178.02,178.02,-0.01,11.99,2124.38,-1
2023-09-05,2023-09-05 11:40:00,178.02,178.02,178.01,178.01,-0.01,11.99,2124.38,-1
2023-09-05,2023-09-05 11:41:00,178.01,178.01,178.0,178.0,-0.01,11.99,2124.38,-1
2023-09-05,2023-09-05 11:42:00,178.0,178.0,177.99,177.99,-0.01,11.99,2124.38,-1
2023-09-05,2023-09-05 11:43:00,177.99,177.99,177.98,177.98,-0.01,11.99,2124.38,-1
2023-09-05,2023-09-05 11:44:00,177.98,177.98,177.97,177.97,-0.01,11.99,2124.38,-1
2023-09-05,2023-09-05 11:45:00,177.97,177.97,177.96,177.96,-0.01,11.99,2124.38,-1
2023-09-05,2023-09-05 11:46:00,177.96,177.96,177.95,177.95,-0.01,11.99,2124.38,-1
2023-09-05,2023-09-05 11:47:00,177.95,177.95,177.94,177.94,-0.01,11.99,2124.38,-1
2023-09-05,2023-09-05 11:48:00,177.94,177.94,177.93,177.93,-0.01,11.99,2124.38,-1
2023-09-05,2023-09-05 11:49:00,177.93,177.93,177.92,177.92,-0.01,11.99,2124.38,-1
2023-09-05,2023-09-05 11:50:00,177.92,177.92,177.91,177.91,-0.01,11.99,2124.38,-1
2023-09-05,2023-09-05 11:51:00,177.91,177.91,177.9,177.9,-0.01,11.99,2124.38,-1
2023-09-05,2023-09-05 11:52:00,177.9,177.9,177.89,177.89,-0.01,11.99,2124.38,-1
2023-09-05,2023-09-05 11:53:00,177.89,177.89,177.88,177.88,-0.01,11.99,2124.38,-1
2023-09-05,2023-09-05 11:54:00,177.88,177.88,177.87,177.87,-0.01,11.99,2124.38,-1
2023-09-05,2023-09-05 11:55:00,177.87,177.87,177.86,177.86,-0.01,11.99,2124.38,-1
2023-09-05,2023-09-05 11:56:00,177.86,177.86,177.85,177.85,-0.01,11.99,2124.38,-1
2023-09-05,2023-09-05 11:57:00,177.85,177.85,177.84,177.84,-0.01,11.99,2124.38,-1
2023-09-05,2023-09-05 11:58:00,177.84,177.84,177.83,177.83,-0.01,11.99,2124.38,-1
2023-09-05,2023-09-05 11:59:00,177.83,177.83,177.82,177.82,-0.01,11.99,2124.38,-1
2023-09-05,2023-09-05 12:00:00,177.82,177.82,177.82,177.82,0.0,11.99,2124.38,0
2023-09-05,2023-09-05 12:01:00,177.82,177.82,177.81,177.81,-0.01,11.99,2124.38,-1
2023-09-05,2023-09-05 12:02:00,177.81,177.81,177.8,177.8,-0.01,11.99,2124.38,-1
2023-09-05,2023-09-05 12:03:00,177.8,177.8,177.79,177.79,-0.01,11.99,2124.38,-1
2023-09-05,2023-09-05 12:04:00,177.79,177.79,177.78,177.78,-0.01,11.99,2124.38,-1
2023-09-05,2023-09-05 12:05:00,177.78,177.78,177.77,177.77,-0.01,11.99,2124.38,-1
2023-09-05,2023-09-05 12:06:00,177.77,177.77,177.76,177.76,-0.01,11.99,2124.38,-1
2023-09-05,2023-09-05 12:07:00,177.76,177.76,177.75,177.75,-0.01,11.99,2124.38,-1
2023-09-05,2023-09-05 12:08:00,177.75,177.75,177.74,177.74,-0.01,11.99,2124.38,-1
2023-09-05,2023-09-05 12:09:00,177.74,177.74,177.73,177.73,-0.01,11.99,2124.38,-1
2023-09-05,2023-09-05 12:10:00,177.73,177.73,177.72,177.72,-0.01,11.99,2124.38,-1
2023-09-05,2023-09-05 12:11:00,177.72,177.72,177.71,177.71,-0.01,11.99,2124.38,-1
2023-09-05,2023-09-05 12:12:00,177.71,177.71,177.7,177.7,-0.01,11.99,2124.38,-1
2023-09-05,2023-09-05 12:13:00,177.7,177.7,177.69,177.69,-0.01,11.99,2124.38,-1
2023-09-05,2023-09-05 12:14:00,177.69,177.69,177.68,177.68,-0.01,11.99,2124.38,-1
2023-09-05,2023-09-05 12:15:00,177.68,177.68,177.67,177.67,-0.01,11.99,2124.38,-1
2023-09-05,2023-09-05 12:16:00,177.67,177.67,177.66,177.66,-0.01,11.99,2124.38,-1
2023-09-05,2023-09-05 12:17:00,177.66,177.66,177.65,177.65,-0.01,11.99,2124.38,-1
2023-09-05,2023-09-05 12:18:00,177.65,177.65,177.64,177.64,-0.01,11.99,2124.38,-1
2023-09-05,2023-09-05 12:19:00,177.64,177.64,177.63,177.63,-0.01,11.99,2124.38,-1
2023-09-05,2023-09-05 12:20:00,177.63,177.63,177.62,177.62,-0.01,11.99,2124.38,-1
2023-09-05,2023-09-05 12:21:00,177.62,177.62,177.61,177.61,-0.01,11.99,2124.38,-1
2023-09-05,2023-09-05 12:22:00,177.61,177.61,177.6,177.6,-0.01,11.99,2124.38,-1
2023-09-05,2023-09-05 12:23:00,177.6,177.6,177.59,177.59,-0.01,11.99,2124.38,-1
2023-09-05,2023-09-05 12:24:00,177.59,177.59,177.59,177.59,0.0,11.99,2124.38,0
2023-09-05,2023-09-05 12:25:00,177.59,177.59,177.58,177.58,-0.01,11.99,2124.38,-1
2023-09-05,2023-09-05 12:26:00,177.58,177.58,177.57,177.57,-0.01,11.99,2124.38,-1
2023-09-05,2023-09-05 12:27:00,177.57,177.57,177.56,177.56,-0.01,11.99,2124.38,-1
2023-09-05,2023-09-05 12:28:00,177.56,177.56,177.55,177.55,-0.01,11.99,2124.38,-1
2023-09-05,2023-09-05 12:29:00,177.55,177.55,177.54,177.54,-0.01,11.99,2124.38,-1
2023-09-05,2023-09-05 12:30:00,177.54,177.54,177.53,177.53,-0.01,11.99,2124.38,-1
2023-09-05,2023-09-05 12:31:00,177.53,177.53,177.52,177.52,-0.01,11.99,2124.38,-1
2023-09-05,2023-09-05 12:32:00,177.52,177.52,177.51,177.51,-0.01,11.99,2124.38,-1
2023-09-05,2023-09-05 12:33:00,177.51,177.51,177.5,177.5,-0.01,11.99,2124.38,-1
2023-09-05,2023-09-05 12:34:00,177.5,177.5,177.49,177.49,-0.01,11.99,2124.38,-1
2023-09-05,2023-09-05 12:35:00,177.49,177.49,177.48,177.48,-0.01,11.99,2124.38,-1
2023-09-05,2023-09-05 12:36:00,177.48,177.48,177.47,177.47,-0.01,11.99,2124.38,-1
2023-09-05,2023-09-05 12:37:00,177.47,177.47,177.46,177.46,-0.01,11.99,2124.38,-1
2023-09-05,2023-09-05 12:38:00,177.46,177.46,177.45,177.45,-0.01,11.99,2124.38,-1
2023-09-05,2023-09-05 12:39:00,177.45,177.45,177.44,177.44,-0.01,11.99,2124.38,-1
2023-09-05,2023-09-05 12:40:00,177.44,177.44,177.43,177.43,-0.01,11.99,2124.38,-1
2023-09-05,2023-09-05 12:41:00,177.43,177.43,177.42,177.42,-0.01,11.99,2124.38,-1
2023-09-05,2023-09-05 12:42:00,177.42,177.42,177.41,177.41,-0.01,11.99,2124.38,-1
2023-09-05,2023-09-05 12:43:00,177.41,177.41,177.4,177.4,-0.01,11.99,2124.38,-1
2023-09-05,2023-09-05 12:44:00,177.4,177.4,177.39,177.39,-0.01,11.99,2124.38,-1
2023-09-05,2023-09-05 12:45:00,177.39,177.39,177.38,177.38,-0.01,11.99,2124.38,-1
2023-09-05,2023-09-05 12:46:00,177.38,177.38,177.37,177.37,-0.01,11.99,2124.38,-1
2023-09-05,2023-09-05 12:47:00,177.37,177.37,177.37,177.37,0.0,11.99,2124.38,0
2023-09-05,2023-09-05 12:48:00,177.37,177.37,177.36,177.36,-0.01,11.99,2124.38,-1
2023-09-05,2023-09-05 12:49:00,177.36,177.36,177.35,177.35,-0.01,11.99,2124.38,-1
2023-09-05,2023-09-05 12:50:00,177.35,177.35,177.34,177.34,-0.01,11.99,2124.38,-1
2023-09-05,2023-09-05 12:51:00,177.34,177.34,177.33,177.33,-0.01,11.99,2124.38,-1
2023-09-05,2023-09-05 12:52:00,177.33,177.33,177.32,177.32,-0.01,11.99,2124.38,-1
2023-09-05,2023-09-05 12:53:00,177.32,177.32,177.31,177.31,-0.01,11.99,2124.38,-1
2023-09-05,2023-09-05 12:54:00,177.31,177.31,177.3,177.3,-0.01,11.99,2124.38,-1
2023-09-05,2023-09-05 12:55:00,177.3,177.3,177.29,177.29,-0.01,11.99,2124.38,-1
2023-09-05,2023-09-05 12:56:00,177.29,177.29,177.28,177.28,-0.01,11.99,2124.38,-1
2023-09-05,2023-09-05 12:57:00,177.28,177.28,177.27,177.27,-0.01,11.99,2124.38,-1
2023-09-05,2023-09-05 12:58:00,177.27,177.27,177.26,177.26,-0.01,11.99,2124.38,-1
2023-09-05,2023-09-05 12:59:00,177.26,177.26,177.25,177.25,-0.01,11.99,2124.38,-1
2023-09-05,2023-09-05 13:00:00,177.25,181.0,175.5,177.24,-0.01,11.99,2124.38,-1
2023-09-05,2023-09-05 13:01:00,177.24,177.24,177.23,177.23,-0.01,11.99,2124.38,-1
2023-09-05,2023-09-05 13:02:00,177.23,177.23,177.22,177.22,-0.01,11.99,2124.38,-1
2023-09-05,2023-09-05 13:03:00,177.22,177.22,177.21,177.21,-0.01,11.99,2124.38,-1
2023-09-05,2023-09-05 13:04:00,177.21,177.21,177.2,177.2,-0.01,11.99,2124.38,-1
2023-09-05,2023-09-05 13:05:00,177.2,177.2,177.19,177.19,-0.01,11.99,2124.38,-1
2023-09-05,2023-09-05 13:06:00,177.19,177.19,177.18,177.18,-0.01,11.99,2124.38,-1
2023-09-05,2023-09-05 13:07:00,177.18,177.18,177.17,177.17,-0.01,11.99,2124.38,-1
2023-09-05,2023-09-05 13:08:00,177.17,177.17,177.16,177.16,-0.01,11.99,2124.38,-1
2023-09-05,2023-09-05 13:09:00,177.16,177.16,177.15,177.15,-0.01,11.99,2124.38,-1
2023-09-05,2023-09-05 13:10:00,177.15,177.15,177.14,177.14,-0.01,11.99,2124.38,-1
2023-09-05,2023-09-05 13:11:00,177.14,177.14,177.13,177.13,-0.01,11.99,2124.38,-1
2023-09-05,2023-09-05 13:12:00,177.13,177.13,177.13,177.13,0.0,11.99,2124.38,0
2023-09-05,2023-09-05 13:13:00,177.13,177.13,177.12,177.12,-0.01,11.99,2124.38,-1
2023-09-05,2023-09-05 13:14:00,177.12,177.12,177.11,177.11,-0.01,11.99,2124.38,-1
2023-09-05,2023-09-05 13:15:00,177.11,177.11,177.1,177.1,-0.01,11.99,2124.38,-1
2023-09-05,2023-09-05 13:16:00,177.1,177.1,177.09,177.09,-0.01,11.99,2124.38,-1
2023-09-05,2023-09-05 13:17:00,177.09,177.09,177.08,177.08,-0.01,11.99,2124.38,-1
2023-09-05,2023-09-05 13:18:00,177.08,177.08,177.07,177.07,-0.01,11.99,2124.38,-1
2023-09-05,2023-09-05 13:19:00,177.07,177.07,177.06,177.06,-0.01,11.99,2124.38,-1
2023-09-05,2023-09-05 13:20:00,177.06,177.06,177.05,177.05,-0.01,11.99,2124.38,-1
2023-09-05,2023-09-05 13:21:00,177.05,177.05,177.04,177.04,-0.01,11.99,2124.38,-1
2023-09-05,2023-09-05 13:22:00,177.04,177.04,177.03,177.03,-0.01,11.99,2124.38,-1
2023-09-05,2023-09-05 13:23:00,177.03,177.03,177.02,177.02,-0.01,11.99,2124.38,-1
2023-09-05,2023-09-05 13:24:00,177.02,177.02,177.01,177.01,-0.01,11.99,2124.38,-1
2023-09-05,2023-09-05 13:25:00,177.01,177.01,177.0,177.0,-0.01,11.99,2124.38,-1
2023-09-05,2023-09-05 13:26:00,177.0,177.0,176.99,176.99,-0.01,11.99,2124.38,-1
2023-09-05,2023-09-05 13:27:00,176.99,176.99,176.98,176.98,-0.01,11.99,2124.38,-1
2023-09-05,2023-09-05 13:28:00,176.98,176.98,176.97,176.97,-0.01,11.99,2124.38,-1
2023-09-05,2023-09-05 13:29:00,176.97,176.97,176.96,176.96,-0.01,11.99,2124.38,-1
2023-09-05,2023-09-05 13:30:00,176.96,176.96,176.95,176.95,-0.01,11.99,2124.38,-1
2023-09-05,2023-09-05 13:31:00,176.95,176.95,176.94,176.94,-0.01,11.99,2124.38,-1
2023-09-05,2023-09-05 13:32:00,176.94,176.94,176.93,176.93,-0.01,11.99,2124.38,-1
2023-09-05,2023-09-05 13:33:00,176.93,176.93,176.92,176.92,-0.01,11.99,2124.38,-1
2023-09-05,2023-09-05 13:34:00,176.92,176.92,176.91,176.91,-0.01,11.99,2124.38,-1
2023-09-05,2023-09-05 13:35:00,176.91,176.91,176.91,176.91,0.0,11.99,2124.38,0
2023-09-05,2023-09-05 13:36:00,176.91,176.91,176.9,176.9,-0.01,11.99,2124.38,-1
2023-09-05,2023-09-05 13:37:00,176.9,176.9,176.89,176.89,-0.01,11.99,2124.38,-1
2023-09-05,2023-09-05 13:38:00,176.89,176.89,176.88,176.88,-0.01,11.99,2124.38,-1
2023-09-05,2023-09-05 13:39:00,176.88,176.88,176.87,176.87,-0.01,11.99,2124.38,-1
2023-09-05,2023-09-05 13:40:00,176.87,176.87,176.86,176.86,-0.01,11.99,2124.38,-1
2023-09-05,2023-09-05 13:41:00,176.86,176.86,176.85,176.85,-0.01,11.99,2124.38,-1
2023-09-05,2023-09-05 13:42:00,176.85,176.85,176.84,176.84,-0.01,11.99,2124.38,-1
2023-09-05,2023-09-05 13:43:00,176.84,176.84,176.83,176.83,-0.01,11.99,2124.38,-1
2023-09-05,2023-09-05 13:44:00,176.83,176.83,176.82,176.82,-0.01,11.99,2124.38,-1
2023-09-05,2023-09-05 13:45:00,176.82,176.82,176.81,176.81,-0.01,11.99,2124.38,-1
2023-09-05,2023-09-05 13:46:00,176.81,176.81,176.8,176.8,-0.01,11.99,2124.38,-1
2023-09-05,2023-09-05 13:47:00,176.8,176.8,176.79,176.79,-0.01,11.99,2124.38,-1
2023-09-05,2023-09-05 13:48:00,176.79,176.79,176.78,176.78,-0.01,11.99,2124.38,-1
2023-09-05,2023-09-05 13:49:00,176.78,176.78,176.77,176.77,-0.01,11.99,2124.38,-1
2023-09-05,2023-09-05 13:50:00,176.77,176.77,176.76,176.76,-0.01,11.99,2124.38,-1
2023-09-05,2023-09-05 13:51:00,176.76,176.76,176.75,176.75,-0.01,11.99,2124.38,-1
2023-09-05,2023-09-05 13:52:00,176.75,176.75,176.74,176.74,-0.01,11.99,2124.38,-1
2023-09-05,2023-09-05 13:53:00,176.74,176.74,176.73,176.73,-0.01,11.99,2124.38,-1
2023-09-05,2023-09-05 13:54:00,176.73,176.73,176.72,176.72,-0.01,11.99,2124.38,-1
2023-09-05,2023-09-05 13:55:00,176.72,176.72,176.71,176.71,-0.01,11.99,2124.38,-1
2023-09-05,2023-09-05 13:56:00,176.71,176.71,176.7,176.7,-0.01,11.99,2124.38,-1
2023-09-05,2023-09-05 13:57:00,176.7,176.7,176.69,176.69,-0.01,11.99,2124.38,-1
2023-09-05,2023-09-05 13:58:00,176.69,176.69,176.68,176.68,-0.01,11.99,2124.38,-1
2023-09-05,2023-09-05 13:59:00,176.68,176.68,176.68,176.68,0.0,11.99,2124.38,0
2023-09-05,2023-09-05 14:00:00,176.68,176.68,176.67,176.67,-0.01,11.99,2124.38,-1
2023-09-05,2023-09-05 14:01:00,176.67,176.67,176.66,176.66,-0.01,11.99,2124.38,-1
2023-09-05,2023-09-05 14:02:00,176.66,176.66,176.65,176.65,-0.01,11.99,2124.38,-1
2023-09-05,2023-09-05 14:03:00,176.65,176.65,176.64,176.64,-0.01,11.99,2124.38,-1
2023-09-05,2023-09-05 14:04:00,176.64,176.64,176.63,176.63,-0.01,11.99,2124.38,-1
2023-09-05,2023-09-05 14:05:00,176.63,176.63,176.62,176.62,-0.01,11.99,2124.38,-1
2023-09-05,2023-09-05 14:06:00,176.62,176.62,176.61,176.61,-0.01,11.99,2124.38,-1
2023-09-05,2023-09-05 14:07:00,176.61,176.61,176.6,176.6,-0.01,11.99,2124.38,-1
2023-09-05,2023-09-05 14:08:00,176.6,176.6,176.59,176.59,-0.01,11.99,2124.38,-1
2023-09-05,2023-09-05 14:09:00,176.59,176.59,176.58,176.58,-0.01,11.99,2124.38,-1
2023-09-05,2023-09-05 14:10:00,176.58,176.58,176.57,176.57,-0.01,11.99,2124.38,-1
2023-09-05,2023-09-05 14:11:00,176.57,176.57,176.56,176.56,-0.01,11.99,2124.38,-1
2023-09-05,2023-09-05 14:12:00,176.56,176.56,176.55,176.55,-0.01,11.99,2124.38,-1
2023-09-05,2023-09-05 14:13:00,176.55,176.55,176.54,176.54,-0.01,11.99,2124.38,-1
2023-09-05,2023-09-05 14:14:00,176.54,176.54,176.53,176.53,-0.01,11.99,2124.38,-1
2023-09-05,2023-09-05 14:15:00,176.53,176.53,176.52,176.52,-0.01,11.99,2124.38,-1
2023-09-05,2023-09-05 14:16:00,176.52,176.52,176.51,176.51,-0.01,11.99,2124.38,-1
2023-09-05,2023-09-05 14:17:00,176.51,176.51,176.5,176.5,-0.01,11.99,2124.38,-1
2023-09-05,2023-09-05 14:18:00,176.5,176.5,176.49,176.49,-0.01,11.99,2124.38,-1
2023-09-05,2023-09-05 14:19:00,176.49,176.49,176.48,176.48,-0.01,11.99,2124.38,-1
2023-09-05,2023-09-05 14:20:00,176.48,176.48,176.47,176.47,-0.01,11.99,2124.38,-1
2023-09-05,2023-09-05 14:21:00,176.47,176.47,176.46,176.46,-0.01,11.99,2124.38,-1
2023-09-05,2023-09-05 14:22:00,176.46,176.46,176.45,176.45,-0.01,11.99,2124.38,-1
2023-09-05,2023-09-05 14:23:00,176.45,176.45,176.44,176.44,-0.01,11.99,2124.38,-1
2023-09-05,2023-09-05 14:24:00,176.44,176.44,176.44,176.44,0.0,11.99,2124.38,0
2023-09-05,2023-09-05 14:25:00,176.44,176.44,176.43,176.43,-0.01,11.99,2124.38,-1
2023-09-05,2023-09-05 14:26:00,176.43,176.43,176.42,176.42,-0.01,11.99,2124.38,-1
2023-09-05,2023-09-05 14:27:00,176.42,176.42,176.41,176.41,-0.01,11.99,2124.38,-1
2023-09-05,2023-09-05 14:28:00,176.41,176.41,176.4,176.4,-0.01,11.99,2124.38,-1
2023-09-05,2023-09-05 14:29:00,176.4,176.4,176.39,176.39,-0.01,11.99,2124.38,-1
2023-09-05,2023-09-05 14:30:00,176.39,176.39,176.38,176.38,-0.01,11.99,2124.38,-1
2023-09-05,2023-09-05 14:31:00,176.38,176.38,176.37,176.37,-0.01,11.99,2124.38,-1
2023-09-05,2023-09-05 14:32:00,176.37,176.37,176.36,176.36,-0.01,11.99,2124.38,-1
2023-09-05,2023-09-05 14:33:00,176.36,176.36,176.35,176.35,-0.01,11.99,2124.38,-1
2023-09-05,2023-09-05 14:34:00,176.35,176.35,176.34,176.34,-0.01,11.99,2124.38,-1
2023-09-05,2023-09-05 14:35:00,176.34,176.34,176.33,176.33,-0.01,11.99,2124.38,-1
2023-09-05,2023-09-05 14:36:00,176.33,176.33,176.32,176.32,-0.01,11.99,2124.38,-1
2023-09-05,2023-09-05 14:37:00,176.32,176.32,176.31,176.31,-0.01,11.99,2124.38,-1
2023-09-05,2023-09-05 14:38:00,176.31,176.31,176.3,176.3,-0.01,11.99,2124.38,-1
2023-09-05,2023-09-05 14:39:00,176.3,176.3,176.29,176.29,-0.01,11.99,2124.38,-1
2023-09-05,2023-09-05 14:40:00,176.29,176.29,176.28,176.28,-0.01,11.99,2124.38,-1
2023-09-05,2023-09-05 14:41:00,176.28,176.28,176.27,176.27,-0.01,11.99,2124.38,-1
2023-09-05,2023-09-05 14:42:00,176.27,176.27,176.26,176.26,-0.01,11.99,2124.38,-1
2023-09-05,2023-09-05 14:43:00,176.26,176.26,176.25,176.25,-0.01,11.99,2124.38,-1
2023-09-05,2023-09-05 14:44:00,176.25,176.25,176.24,176.24,-0.01,11.99,2124.38,-1
2023-09-05,2023-09-05 14:45:00,176.24,176.24,176.23,176.23,-0.01,11.99,2124.38,-1
2023-09-05,2023-09-05 14:46:00,176.23,176.23,176.22,176.22,-0.01,11.99,2124.38,-1
2023-09-05,2023-09-05 14:47:00,176.22,176.22,176.22,176.22,0.0,11.99,2124.38,0
2023-09-05,2023-09-05 14:48:00,176.22,176.22,176.21,176.21,-0.01,11.99,2124.38,-1
2023-09-05,2023-09-05 14:49:00,176.21,176.21,176.2,176.2,-0.01,11.99,2124.38,-1
2023-09-05,2023-09-05 14:50:00,176.2,176.2,176.19,176.19,-0.01,11.99,2124.38,-1
2023-09-05,2023-09-05 14:51:00,176.19,176.19,176.18,176.18,-0.01,11.99,2124.38,-1
2023-09-05,2023-09-05 14:52:00,176.18,176.18,176.17,176.17,-0.01,11.99,2124.38,-1
2023-09-05,2023-09-05 14:53:00,176.17,176.17,176.16,176.16,-0.01,11.99,2124.38,-1
2023-09-05,2023-09-05 14:54:00,176.16,176.16,176.15,176.15,-0.01,11.99,2124.38,-1
2023-09-05,2023-09-05 14:55:00,176.15,176.15,176.14,176.14,-0.01,11.99,2124.38,-1
2023-09-05,2023-09-05 14:56:00,176.14,176.14,176.13,176.13,-0.01,11.99,2124.38,-1
2023-09-05,2023-09-05 14:57:00,176.13,176.13,176.12,176.12,-0.01,11.99,2124.38,-1
2023-09-05,2023-09-05 14:58:00,176.12,176.12,176.11,176.11,-0.01,11.99,2124.38,-1
2023-09-05,2023-09-05 14:59:00,176.11,176.11,176.1,176.1,-0.01,11.99,2124.38,-1
2023-09-05,2023-09-05 15:00:00,176.1,181.0,175.5,176.1,0.0,11.99,2124.38,0
2023-09-07,2023-09-07 11:00:00,172.9,175.03,172.87,172.93,0.02,21.68,3829.24,1
2023-09-07,2023-09-07 11:01:00,172.93,172.95,172.93,172.95,0.01,21.68,3829.24,1
2023-09-07,2023-09-07 11:02:00,172.95,172.98,172.95,172.98,0.02,21.68,3829.24,1
2023-09-07,2023-09-07 11:03:00,172.98,173.0,172.98,173.0,0.01,21.68,3829.24,1
2023-09-07,2023-09-07 11:04:00,173.0,173.03,173.0,173.03,0.02,21.68,3829.24,1
2023-09-07,2023-09-07 11:05:00,173.03,173.05,173.03,173.05,0.01,21.68,3829.24,1
2023-09-07,2023-09-07 11:06:00,173.05,173.08,173.05,173.08,0.02,21.68,3829.24,1
2023-09-07,2023-09-07 11:07:00,173.08,173.1,173.08,173.1,0.01,21.68,3829.24,1
2023-09-07,2023-09-07 11:08:00,173.1,173.13,173.1,173.13,0.02,21.68,3829.24,1
2023-09-07,2023-09-07 11:09:00,173.13,173.15,173.13,173.15,0.01,21.68,3829.24,1
2023-09-07,2023-09-07 11:10:00,173.15,173.18,173.15,173.18,0.02,21.68,3829.24,1
2023-09-07,2023-09-07 11:11:00,173.18,173.21,173.18,173.21,0.02,21.68,3829.24,1
2023-09-07,2023-09-07 11:12:00,173.21,173.23,173.21,173.23,0.01,21.68,3829.24,1
2023-09-07,2023-09-07 11:13:00,173.23,173.26,173.23,173.26,0.02,21.68,3829.24,1
2023-09-07,2023-09-07 11:14:00,173.26,173.28,173.26,173.28,0.01,21.68,3829.24,1
2023-09-07,2023-09-07 11:15:00,173.28,173.31,173.28,173.31,0.02,21.68,3829.24,1
2023-09-07,2023-09-07 11:16:00,173.31,173.33,173.31,173.33,0.01,21.68,3829.24,1
2023-09-07,2023-09-07 11:17:00,173.33,173.36,173.33,173.36,0.02,21.68,3829.24,1
2023-09-07,2023-09-07 11:18:00,173.36,173.38,173.36,173.38,0.01,21.68,3829.24,1
2023-09-07,2023-09-07 11:19:00,173.38,173.41,173.38,173.41,0.02,21.68,3829.24,1
2023-09-07,2023-09-07 11:20:00,173.41,173.43,173.41,173.43,0.01,21.68,3829.24,1
2023-09-07,2023-09-07 11:21:00,173.43,173.46,173.43,173.46,0.02,21.68,3829.24,1
2023-09-07,2023-09-07 11:22:00,173.46,173.48,173.46,173.48,0.01,21.68,3829.24,1
2023-09-07,2023-09-07 11:23:00,173.48,173.51,173.48,173.51,0.02,21.68,3829.24,1
2023-09-07,2023-09-07 11:24:00,173.51,173.54,173.51,173.54,0.02,21.68,3829.24,1
2023-09-07,2023-09-07 11:25:00,173.54,173.56,173.54,173.56,0.01,21.68,3829.24,1
2023-09-07,2023-09-07 11:26:00,173.56,173.59,173.56,173.59,0.02,21.68,3829.24,1
2023-09-07,2023-09-07 11:27:00,173.59,173.61,173.59,173.61,0.01,21.68,3829.24,1
2023-09-07,2023-09-07 11:28:00,173.61,173.64,173.61,173.64,0.02,21.68,3829.24,1
2023-09-07,2023-09-07 11:29:00,173.64,173.66,173.64,173.66,0.01,21.68,3829.24,1
2023-09-07,2023-09-07 11:30:00,173.66,173.69,173.66,173.69,0.02,21.68,3829.24,1
2023-09-07,2023-09-07 11:31:00,173.69,173.71,173.69,173.71,0.01,21.68,3829.24,1
2023-09-07,2023-09-07 11:32:00,173.71,173.74,173.71,173.74,0.02,21.68,3829.24,1
2023-09-07,2023-09-07 11:33:00,173.74,173.76,173.74,173.76,0.01,21.68,3829.24,1
2023-09-07,2023-09-07 11:34:00,173.76,173.79,173.76,173.79,0.02,21.68,3829.24,1
2023-09-07,2023-09-07 11:35:00,173.79,173.81,173.79,173.81,0.01,21.68,3829.24,1
2023-09-07,2023-09-07 11:36:00,173.81,173.84,173.81,173.84,0.02,21.68,3829.24,1
2023-09-07,2023-09-07 11:37:00,173.84,173.87,173.84,173.87,0.02,21.68,3829.24,1
2023-09-07,2023-09-07 11:38:00,173.87,173.89,173.87,173.89,0.01,21.68,3829.24,1
2023-09-07,2023-09-07 11:39:00,173.89,173.92,173.89,173.92,0.02,21.68,3829.24,1
2023-09-07,2023-09-07 11:40:00,173.92,173.94,173.92,173.94,0.01,21.68,3829.24,1
2023-09-07,2023-09-07 11:41:00,173.94,173.97,173.94,173.97,0.02,21.68,3829.24,1
2023-09-07,2023-09-07 11:42:00,173.97,173.99,173.97,173.99,0.01,21.68,3829.24,1
2023-09-07,2023-09-07 11:43:00,173.99,174.02,173.99,174.02,0.02,21.68,3829.24,1
2023-09-07,2023-09-07 11:44:00,174.02,174.04,174.02,174.04,0.01,21.68,3829.24,1
2023-09-07,2023-09-07 11:45:00,174.04,174.07,174.04,174.07,0.02,21.68,3829.24,1
2023-09-07,2023-09-07 11:46:00,174.07,174.09,174.07,174.09,0.01,21.68,3829.24,1
2023-09-07,2023-09-07 11:47:00,174.09,174.12,174.09,174.12,0.02,21.68,3829.24,1
2023-09-07,2023-09-07 11:48:00,174.12,174.15,174.12,174.15,0.02,21.68,3829.24,1
2023-09-07,2023-09-07 11:49:00,174.15,174.17,174.15,174.17,0.01,21.68,3829.24,1
2023-09-07,2023-09-07 11:50:00,174.17,174.2,174.17,174.2,0.02,21.68,3829.24,1
2023-09-07,2023-09-07 11:51:00,174.2,174.22,174.2,174.22,0.01,21.68,3829.24,1
2023-09-07,2023-09-07 11:52:00,174.22,174.25,174.22,174.25,0.02,21.68,3829.24,1
2023-09-07,2023-09-07 11:53:00,174.25,174.27,174.25,174.27,0.01,21.68,3829.24,1
2023-09-07,2023-09-07 11:54:00,174.27,174.3,174.27,174.3,0.02,21.68,3829.24,1
2023-09-07,2023-09-07 11:55:00,174.3,174.32,174.3,174.32,0.01,21.68,3829.24,1
2023-09-07,2023-09-07 11:56:00,174.32,174.35,174.32,174.35,0.02,21.68,3829.24,1
2023-09-07,2023-09-07 11:57:00,174.35,174.37,174.35,174.37,0.01,21.68,3829.24,1
2023-09-07,2023-09-07 11:58:00,174.37,174.4,174.37,174.4,0.02,21.68,3829.24,1
2023-09-07,2023-09-07 11:59:00,174.4,174.43,174.4,174.43,0.02,21.68,3829.24,1
2023-09-07,2023-09-07 12:00:00,174.43,174.45,174.43,174.45,0.01,21.68,3829.24,1
2023-09-07,2023-09-07 12:01:00,174.45,174.48,174.45,174.48,0.02,21.68,3829.24,1
2023-09-07,2023-09-07 12:02:00,174.48,174.5,174.48,174.5,0.01,21.68,3829.24,1
2023-09-07,2023-09-07 12:03:00,174.5,174.53,174.5,174.53,0.02,21.68,3829.24,1
2023-09-07,2023-09-07 12:04:00,174.53,174.55,174.53,174.55,0.01,21.68,3829.24,1
2023-09-07,2023-09-07 12:05:00,174.55,174.58,174.55,174.58,0.02,21.68,3829.24,1
2023-09-07,2023-09-07 12:06:00,174.58,174.6,174.58,174.6,0.01,21.68,3829.24,1
2023-09-07,2023-09-07 12:07:00,174.6,174.63,174.6,174.63,0.02,21.68,3829.24,1
2023-09-07,2023-09-07 12:08:00,174.63,174.65,174.63,174.65,0.01,21.68,3829.24,1
2023-09-07,2023-09-07 12:09:00,174.65,174.68,174.65,174.68,0.02,21.68,3829.24,1
2023-09-07,2023-09-07 12:10:00,174.68,174.7,174.68,174.7,0.01,21.68,3829.24,1
2023-09-07,2023-09-07 12:11:00,174.7,174.73,174.7,174.73,0.02,21.68,3829.24,1
2023-09-07,2023-09-07 12:12:00,174.73,174.76,174.73,174.76,0.02,21.68,3829.24,1
2023-09-07,2023-09-07 12:13:00,174.76,174.78,174.76,174.78,0.01,21.68,3829.24,1
2023-09-07,2023-09-07 12:14:00,174.78,174.81,174.78,174.81,0.02,21.68,3829.24,1
2023-09-07,2023-09-07 12:15:00,174.81,174.83,174.81,174.83,0.01,21.68,3829.24,1
2023-09-07,2023-09-07 12:16:00,174.83,174.86,174.83,174.86,0.02,21.68,3829.24,1
2023-09-07,2023-09-07 12:17:00,174.86,174.88,174.86,174.88,0.01,21.68,3829.24,1
2023-09-07,2023-09-07 12:18:00,174.88,174.91,174.88,174.91,0.02,21.68,3829.24,1
2023-09-07,2023-09-07 12:19:00,174.91,174.93,174.91,174.93,0.01,21.68,3829.24,1
2023-09-07,2023-09-07 12:20:00,174.93,174.96,174.93,174.96,0.02,21.68,3829.24,1
2023-09-07,2023-09-07 12:21:00,174.96,174.98,174.96,174.98,0.01,21.68,3829.24,1
2023-09-07,2023-09-07 12:22:00,174.98,175.01,174.98,175.01,0.02,21.68,3829.24,1
2023-09-07,2023-09-07 12:23:00,175.01,175.03,175.01,175.03,0.01,21.68,3829.24,1
2023-09-07,2023-09-07 12:24:00,175.03,175.06,175.03,175.06,0.02,21.68,3829.24,1
2023-09-07,2023-09-07 12:25:00,175.06,175.09,175.06,175.09,0.02,21.68,3829.24,1
2023-09-07,2023-09-07 12:26:00,175.09,175.11,175.09,175.11,0.01,21.68,3829.24,1
2023-09-07,2023-09-07 12:27:00,175.11,175.14,175.11,175.14,0.02,21.68,3829.24,1
2023-09-07,2023-09-07 12:28:00,175.14,175.16,175.14,175.16,0.01,21.68,3829.24,1
2023-09-07,2023-09-07 12:29:00,175.16,175.19,175.16,175.19,0.02,21.68,3829.24,1
2023-09-07,2023-09-07 12:30:00,175.19,175.21,175.19,175.21,0.01,21.68,3829.24,1
2023-09-07,2023-09-07 12:31:00,175.21,175.24,175.21,175.24,0.02,21.68,3829.24,1
2023-09-07,2023-09-07 12:32:00,175.24,175.26,175.24,175.26,0.01,21.68,3829.24,1
2023-09-07,2023-09-07 12:33:00,175.26,175.29,175.26,175.29,0.02,21.68,3829.24,1
2023-09-07,2023-09-07 12:34:00,175.29,175.31,175.29,175.31,0.01,21.68,3829.24,1
2023-09-07,2023-09-07 12:35:00,175.31,175.34,175.31,175.34,0.02,21.68,3829.24,1
2023-09-07,2023-09-07 12:36:00,175.34,175.37,175.34,175.37,0.02,21.68,3829.24,1
2023-09-07,2023-09-07 12:37:00,175.37,175.39,175.37,175.39,0.01,21.68,3829.24,1
2023-09-07,2023-09-07 12:38:00,175.39,175.42,175.39,175.42,0.02,21.68,3829.24,1
2023-09-07,2023-09-07 12:39:00,175.42,175.44,175.42,175.44,0.01,21.68,3829.24,1
2023-09-07,2023-09-07 12:40:00,175.44,175.47,175.44,175.47,0.02,21.68,3829.24,1
2023-09-07,2023-09-07 12:41:00,175.47,175.49,175.47,175.49,0.01,21.68,3829.24,1
2023-09-07,2023-09-07 12:42:00,175.49,175.52,175.49,175.52,0.02,21.68,3829.24,1
2023-09-07,2023-09-07 12:43:00,175.52,175.54,175.52,175.54,0.01,21.68,3829.24,1
2023-09-07,2023-09-07 12:44:00,175.54,175.57,175.54,175.57,0.02,21.68,3829.24,1
2023-09-07,2023-09-07 12:45:00,175.57,175.59,175.57,175.59,0.01,21.68,3829.24,1
2023-09-07,2023-09-07 12:46:00,175.59,175.62,175.59,175.62,0.02,21.68,3829.24,1
2023-09-07,2023-09-07 12:47:00,175.62,175.65,175.62,175.65,0.02,21.68,3829.24,1
2023-09-07,2023-09-07 12:48:00,175.65,175.67,175.65,175.67,0.01,21.68,3829.24,1
2023-09-07,2023-09-07 12:49:00,175.67,175.7,175.67,175.7,0.02,21.68,3829.24,1
2023-09-07,2023-09-07 12:50:00,175.7,175.72,175.7,175.72,0.01,21.68,3829.24,1
2023-09-07,2023-09-07 12:51:00,175.72,175.75,175.72,175.75,0.02,21.68,3829.24,1
2023-09-07,2023-09-07 12:52:00,175.75,175.77,175.75,175.77,0.01,21.68,3829.24,1
2023-09-07,2023-09-07 12:53:00,175.77,175.8,175.77,175.8,0.02,21.68,3829.24,1
2023-09-07,2023-09-07 12:54:00,175.8,175.82,175.8,175.82,0.01,21.68,3829.24,1
2023-09-07,2023-09-07 12:55:00,175.82,175.85,175.82,175.85,0.02,21.68,3829.24,1
2023-09-07,2023-09-07 12:56:00,175.85,175.87,175.85,175.87,0.01,21.68,3829.24,1
2023-09-07,2023-09-07 12:57:00,175.87,175.9,175.87,175.9,0.02,21.68,3829.24,1
2023-09-07,2023-09-07 12:58:00,175.9,175.92,175.9,175.92,0.01,21.68,3829.24,1
2023-09-07,2023-09-07 12:59:00,175.92,175.95,175.92,175.95,0.02,21.68,3829.24,1
2023-09-07,2023-09-07 13:00:00,175.95,180.0,172.8,175.98,0.02,21.68,3829.24,1
2023-09-07,2023-09-07 13:01:00,175.98,176.0,175.98,176.0,0.01,21.68,3829.24,1
2023-09-07,2023-09-07 13:02:00,176.0,176.03,176.0,176.03,0.02,21.68,3829.24,1
2023-09-07,2023-09-07 13:03:00,176.03,176.05,176.03,176.05,0.01,21.68,3829.24,1
2023-09-07,2023-09-07 13:04:00,176.05,176.08,176.05,176.08,0.02,21.68,3829.24,1
2023-09-07,2023-09-07 13:05:00,176.08,176.1,176.08,176.1,0.01,21.68,3829.24,1
2023-09-07,2023-09-07 13:06:00,176.1,176.13,176.1,176.13,0.02,21.68,3829.24,1
2023-09-07,2023-09-07 13:07:00,176.13,176.15,176.13,176.15,0.01,21.68,3829.24,1
2023-09-07,2023-09-07 13:08:00,176.15,176.18,176.15,176.18,0.02,21.68,3829.24,1
2023-09-07,2023-09-07 13:09:00,176.18,176.2,176.18,176.2,0.01,21.68,3829.24,1
2023-09-07,2023-09-07 13:10:00,176.2,176.23,176.2,176.23,0.02,21.68,3829.24,1
2023-09-07,2023-09-07 13:11:00,176.23,176.25,176.23,176.25,0.01,21.68,3829.24,1
2023-09-07,2023-09-07 13:12:00,176.25,176.28,176.25,176.28,0.02,21.68,3829.24,1
2023-09-07,2023-09-07 13:13:00,176.28,176.31,176.28,176.31,0.02,21.68,3829.24,1
2023-09-07,2023-09-07 13:14:00,176.31,176.33,176.31,176.33,0.01,21.68,3829.24,1
2023-09-07,2023-09-07 13:15:00,176.33,176.36,176.33,176.36,0.02,21.68,3829.24,1
2023-09-07,2023-09-07 13:16:00,176.36,176.38,176.36,176.38,0.01,21.68,3829.24,1
2023-09-07,2023-09-07 13:17:00,176.38,176.41,176.38,176.41,0.02,21.68,3829.24,1
2023-09-07,2023-09-07 13:18:00,176.41,176.43,176.41,176.43,0.01,21.68,3829.24,1
2023-09-07,2023-09-07 13:19:00,176.43,176.46,176.43,176.46,0.02,21.68,3829.24,1
2023-09-07,2023-09-07 13:20:00,176.46,176.48,176.46,176.48,0.01,21.68,3829.24,1
2023-09-07,2023-09-07 13:21:00,176.48,176.51,176.48,176.51,0.02,21.68,3829.24,1
2023-09-07,2023-09-07 13:22:00,176.51,176.53,176.51,176.53,0.01,21.68,3829.24,1
2023-09-07,2023-09-07 13:23:00,176.53,176.56,176.53,176.56,0.02,21.68,3829.24,1
2023-09-07,2023-09-07 13:24:00,176.56,176.59,176.56,176.59,0.02,21.68,3829.24,1
2023-09-07,2023-09-07 13:25:00,176.59,176.61,176.59,176.61,0.01,21.68,3829.24,1
2023-09-07,2023-09-07 13:26:00,176.61,176.64,176.61,176.64,0.02,21.68,3829.24,1
2023-09-07,2023-09-07 13:27:00,176.64,176.66,176.64,176.66,0.01,21.68,3829.24,1
2023-09-07,2023-09-07 13:28:00,176.66,176.69,176.66,176.69,0.02,21.68,3829.24,1
2023-09-07,2023-09-07 13:29:00,176.69,176.71,176.69,176.71,0.01,21.68,3829.24,1
2023-09-07,2023-09-07 13:30:00,176.71,176.74,176.71,176.74,0.02,21.68,3829.24,1
2023-09-07,2023-09-07 13:31:00,176.74,176.76,176.74,176.76,0.01,21.68,3829.24,1
2023-09-07,2023-09-07 13:32:00,176.76,176.79,176.76,176.79,0.02,21.68,3829.24,1
2023-09-07,2023-09-07 13:33:00,176.79,176.81,176.79,176.81,0.01,21.68,3829.24,1
2023-09-07,2023-09-07 13:34:00,176.81,176.84,176.81,176.84,0.02,21.68,3829.24,1
2023-09-07,2023-09-07 13:35:00,176.84,176.87,176.84,176.87,0.02,21.68,3829.24,1
2023-09-07,2023-09-07 13:36:00,176.87,176.89,176.87,176.89,0.01,21.68,3829.24,1
2023-09-07,2023-09-07 13:37:00,176.89,176.92,176.89,176.92,0.02,21.68,3829.24,1
2023-09-07,2023-09-07 13:38:00,176.92,176.94,176.92,176.94,0.01,21.68,3829.24,1
2023-09-07,2023-09-07 13:39:00,176.94,176.97,176.94,176.97,0.02,21.68,3829.24,1
2023-09-07,2023-09-07 13:40:00,176.97,176.99,176.97,176.99,0.01,21.68,3829.24,1
2023-09-07,2023-09-07 13:41:00,176.99,177.02,176.99,177.02,0.02,21.68,3829.24,1
2023-09-07,2023-09-07 13:42:00,177.02,177.04,177.02,177.04,0.01,21.68,3829.24,1
2023-09-07,2023-09-07 13:43:00,177.04,177.07,177.04,177.07,0.02,21.68,3829.24,1
2023-09-07,2023-09-07 13:44:00,177.07,177.09,177.07,177.09,0.01,21.68,3829.24,1
2023-09-07,2023-09-07 13:45:00,177.09,177.12,177.09,177.12,0.02,21.68,3829.24,1
2023-09-07,2023-09-07 13:46:00,177.12,177.14,177.12,177.14,0.01,21.68,3829.24,1
2023-09-07,2023-09-07 13:47:00,177.14,177.17,177.14,177.17,0.02,21.68,3829.24,1
2023-09-07,2023-09-07 13:48:00,177.17,177.2,177.17,177.2,0.02,21.68,3829.24,1
2023-09-07,2023-09-07 13:49:00,177.2,177.22,177.2,177.22,0.01,21.68,3829.24,1
2023-09-07,2023-09-07 13:50:00,177.22,177.25,177.22,177.25,0.02,21.68,3829.24,1
2023-09-07,2023-09-07 13:51:00,177.25,177.27,177.25,177.27,0.01,21.68,3829.24,1
2023-09-07,2023-09-07 13:52:00,177.27,177.3,177.27,177.3,0.02,21.68,3829.24,1
2023-09-07,2023-09-07 13:53:00,177.3,177.32,177.3,177.32,0.01,21.68,3829.24,1
2023-09-07,2023-09-07 13:54:00,177.32,177.35,177.32,177.35,0.02,21.68,3829.24,1
2023-09-07,2023-09-07 13:55:00,177.35,177.37,177.35,177.37,0.01,21.68,3829.24,1
2023-09-07,2023-09-07 13:56:00,177.37,177.4,177.37,177.4,0.02,21.68,3829.24,1
2023-09-07,2023-09-07 13:57:00,177.4,177.42,177.4,177.42,0.01,21.68,3829.24,1
2023-09-07,2023-09-07 13:58:00,177.42,177.45,177.42,177.45,0.02,21.68,3829.24,1
2023-09-07,2023-09-07 13:59:00,177.45,177.47,177.45,177.47,0.01,21.68,3829.24,1
2023-09-07,2023-09-07 14:00:00,177.47,177.5,177.47,177.5,0.02,21.68,3829.24,1
2023-09-07,2023-09-07 14:01:00,177.5,177.53,177.5,177.53,0.02,21.68,3829.24,1
2023-09-07,2023-09-07 14:02:00,177.53,177.55,177.53,177.55,0.01,21.68,3829.24,1
2023-09-07,2023-09-07 14:03:00,177.55,177.58,177.55,177.58,0.02,21.68,3829.24,1
2023-09-07,2023-09-07 14:04:00,177.58,177.6,177.58,177.6,0.01,21.68,3829.24,1
2023-09-07,2023-09-07 14:05:00,177.6,177.63,177.6,177.63,0.02,21.68,3829.24,1
2023-09-07,2023-09-07 14:06:00,177.63,177.65,177.63,177.65,0.01,21.68,3829.24,1
2023-09-07,2023-09-07 14:07:00,177.65,177.68,177.65,177.68,0.02,21.68,3829.24,1
2023-09-07,2023-09-07 14:08:00,177.68,177.7,177.68,177.7,0.01,21.68,3829.24,1
2023-09-07,2023-09-07 14:09:00,177.7,177.73,177.7,177.73,0.02,21.68,3829.24,1
2023-09-07,2023-09-07 14:10:00,177.73,177.75,177.73,177.75,0.01,21.68,3829.24,1
2023-09-07,2023-09-07 14:11:00,177.75,177.78,177.75,177.78,0.02,21.68,3829.24,1
2023-09-07,2023-09-07 14:12:00,177.78,177.81,177.78,177.81,0.02,21.68,3829.24,1
2023-09-07,2023-09-07 14:13:00,177.81,177.83,177.81,177.83,0.01,21.68,3829.24,1
2023-09-07,2023-09-07 14:14:00,177.83,177.86,177.83,177.86,0.02,21.68,3829.24,1
2023-09-07,2023-09-07 14:15:00,177.86,177.88,177.86,177.88,0.01,21.68,3829.24,1
2023-09-07,2023-09-07 14:16:00,177.88,177.91,177.88,177.91,0.02,21.68,3829.24,1
2023-09-07,2023-09-07 14:17:00,177.91,177.93,177.91,177.93,0.01,21.68,3829.24,1
2023-09-07,2023-09-07 14:18:00,177.93,177.96,177.93,177.96,0.02,21.68,3829.24,1
2023-09-07,2023-09-07 14:19:00,177.96,177.98,177.96,177.98,0.01,21.68,3829.24,1
2023-09-07,2023-09-07 14:20:00,177.98,178.01,177.98,178.01,0.02,21.68,3829.24,1
2023-09-07,2023-09-07 14:21:00,178.01,178.03,178.01,178.03,0.01,21.68,3829.24,1
2023-09-07,2023-09-07 14:22:00,178.03,178.06,178.03,178.06,0.02,21.68,3829.24,1
2023-09-07,2023-09-07 14:23:00,178.06,178.09,178.06,178.09,0.02,21.68,3829.24,1
2023-09-07,2023-09-07 14:24:00,178.09,178.11,178.09,178.11,0.01,21.68,3829.24,1
2023-09-07,2023-09-07 14:25:00,178.11,178.14,178.11,178.14,0.02,21.68,3829.24,1
2023-09-07,2023-09-07 14:26:00,178.14,178.16,178.14,178.16,0.01,21.68,3829.24,1
2023-09-07,2023-09-07 14:27:00,178.16,178.19,178.16,178.19,0.02,21.68,3829.24,1
2023-09-07,2023-09-07 14:28:00,178.19,178.21,178.19,178.21,0.01,21.68,3829.24,1
2023-09-07,2023-09-07 14:29:00,178.21,178.24,178.21,178.24,0.02,21.68,3829.24,1
2023-09-07,2023-09-07 14:30:00,178.24,178.26,178.24,178.26,0.01,21.68,3829.24,1
2023-09-07,2023-09-07 14:31:00,178.26,178.29,178.26,178.29,0.02,21.68,3829.24,1
2023-09-07,2023-09-07 14:32:00,178.29,178.31,178.29,178.31,0.01,21.68,3829.24,1
2023-09-07,2023-09-07 14:33:00,178.31,178.34,178.31,178.34,0.02,21.68,3829.24,1
2023-09-07,2023-09-07 14:34:00,178.34,178.36,178.34,178.36,0.01,21.68,3829.24,1
2023-09-07,2023-09-07 14:35:00,178.36,178.39,178.36,178.39,0.02,21.68,3829.24,1
2023-09-07,2023-09-07 14:36:00,178.39,178.42,178.39,178.42,0.02,21.68,3829.24,1
2023-09-07,2023-09-07 14:37:00,178.42,178.44,178.42,178.44,0.01,21.68,3829.24,1
2023-09-07,2023-09-07 14:38:00,178.44,178.47,178.44,178.47,0.02,21.68,3829.24,1
2023-09-07,2023-09-07 14:39:00,178.47,178.49,178.47,178.49,0.01,21.68,3829.24,1
2023-09-07,2023-09-07 14:40:00,178.49,178.52,178.49,178.52,0.02,21.68,3829.24,1
2023-09-07,2023-09-07 14:41:00,178.52,178.54,178.52,178.54,0.01,21.68,3829.24,1
2023-09-07,2023-09-07 14:42:00,178.54,178.57,178.54,178.57,0.02,21.68,3829.24,1
2023-09-07,2023-09-07 14:43:00,178.57,178.59,178.57,178.59,0.01,21.68,3829.24,1
2023-09-07,2023-09-07 14:44:00,178.59,178.62,178.59,178.62,0.02,21.68,3829.24,1
2023-09-07,2023-09-07 14:45:00,178.62,178.64,178.62,178.64,0.01,21.68,3829.24,1
2023-09-07,2023-09-07 14:46:00,178.64,178.67,178.64,178.67,0.02,21.68,3829.24,1
2023-09-07,2023-09-07 14:47:00,178.67,178.69,178.67,178.69,0.01,21.68,3829.24,1
2023-09-07,2023-09-07 14:48:00,178.69,178.72,178.69,178.72,0.02,21.68,3829.24,1
2023-09-07,2023-09-07 14:49:00,178.72,178.75,178.72,178.75,0.02,21.68,3829.24,1
2023-09-07,2023-09-07 14:50:00,178.75,178.77,178.75,178.77,0.01,21.68,3829.24,1
2023-09-07,2023-09-07 14:51:00,178.77,178.8,178.77,178.8,0.02,21.68,3829.24,1
2023-09-07,2023-09-07 14:52:00,178.8,178.82,178.8,178.82,0.01,21.68,3829.24,1
2023-09-07,2023-09-07 14:53:00,178.82,178.85,178.82,178.85,0.02,21.68,3829.24,1
2023-09-07,2023-09-07 14:54:00,178.85,178.87,178.85,178.87,0.01,21.68,3829.24,1
2023-09-07,2023-09-07 14:55:00,178.87,178.9,178.87,178.9,0.02,21.68,3829.24,1
2023-09-07,2023-09-07 14:56:00,178.9,178.92,178.9,178.92,0.01,21.68,3829.24,1
2023-09-07,2023-09-07 14:57:00,178.92,178.95,178.92,178.95,0.02,21.68,3829.24,1
2023-09-07,2023-09-07 14:58:00,178.95,178.97,178.95,178.97,0.01,21.68,3829.24,1
2023-09-07,2023-09-07 14:59:00,178.97,179.0,178.97,179.0,0.02,21.68,3829.24,1
2023-09-07,2023-09-07 15:00:00,179.0,180.0,172.8,179.0,0.0,21.68,3829.24,0
2023-09-10,2023-09-10 11:00:00,177.0,180.45,176.7,177.05,0.03,16.76,3059.56,1
2023-09-10,2023-09-10 11:01:00,177.05,177.09,177.05,177.09,0.02,16.76,3059.56,1
2023-09-10,2023-09-10 11:02:00,177.09,177.14,177.09,177.14,0.03,16.76,3059.56,1
2023-09-10,2023-09-10 11:03:00,177.14,177.18,177.14,177.18,0.02,16.76,3059.56,1
2023-09-10,2023-09-10 11:04:00,177.18,177.23,177.18,177.23,0.03,16.76,3059.56,1
2023-09-10,2023-09-10 11:05:00,177.23,177.28,177.23,177.28,0.03,16.76,3059.56,1
2023-09-10,2023-09-10 11:06:00,177.28,177.32,177.28,177.32,0.02,16.76,3059.56,1
2023-09-10,2023-09-10 11:07:00,177.32,177.37,177.32,177.37,0.03,16.76,3059.56,1
2023-09-10,2023-09-10 11:08:00,177.37,177.41,177.37,177.41,0.02,16.76,3059.56,1
2023-09-10,2023-09-10 11:09:00,177.41,177.46,177.41,177.46,0.03,16.76,3059.56,1
2023-09-10,2023-09-10 11:10:00,177.46,177.5,177.46,177.5,0.02,16.76,3059.56,1
2023-09-10,2023-09-10 11:11:00,177.5,177.55,177.5,177.55,0.03,16.76,3059.56,1
2023-09-10,2023-09-10 11:12:00,177.55,177.6,177.55,177.6,0.03,16.76,3059.56,1
2023-09-10,2023-09-10 11:13:00,177.6,177.64,177.6,177.64,0.02,16.76,3059.56,1
2023-09-10,2023-09-10 11:14:00,177.64,177.69,177.64,177.69,0.03,16.76,3059.56,1
2023-09-10,2023-09-10 11:15:00,177.69,177.73,177.69,177.73,0.02,16.76,3059.56,1
2023-09-10,2023-09-10 11:16:00,177.73,177.78,177.73,177.78,0.03,16.76,3059.56,1
2023-09-10,2023-09-10 11:17:00,177.78,177.82,177.78,177.82,0.02,16.76,3059.56,1
2023-09-10,2023-09-10 11:18:00,177.82,177.87,177.82,177.87,0.03,16.76,3059.56,1
2023-09-10,2023-09-10 11:19:00,177.87,177.92,177.87,177.92,0.03,16.76,3059.56,1
2023-09-10,2023-09-10 11:20:00,177.92,177.96,177.92,177.96,0.02,16.76,3059.56,1
2023-09-10,2023-09-10 11:21:00,177.96,178.01,177.96,178.01,0.03,16.76,3059.56,1
2023-09-10,2023-09-10 11:22:00,178.01,178.05,178.01,178.05,0.02,16.76,3059.56,1
2023-09-10,2023-09-10 11:23:00,178.05,178.1,178.05,178.1,0.03,16.76,3059.56,1
2023-09-10,2023-09-10 11:24:00,178.1,178.15,178.1,178.15,0.03,16.76,3059.56,1
2023-09-10,2023-09-10 11:25:00,178.15,178.19,178.15,178.19,0.02,16.76,3059.56,1
2023-09-10,2023-09-10 11:26:00,178.19,178.24,178.19,178.24,0.03,16.76,3059.56,1
2023-09-10,2023-09-10 11:27:00,178.24,178.28,178.24,178.28,0.02,16.76,3059.56,1
2023-09-10,2023-09-10 11:28:00,178.28,178.33,178.28,178.33,0.03,16.76,3059.56,1
2023-09-10,2023-09-10 11:29:00,178.33,178.38,178.33,178.38,0.03,16.76,3059.56,1
2023-09-10,2023-09-10 11:30:00,178.38,178.42,178.38,178.42,0.02,16.76,3059.56,1
2023-09-10,2023-09-10 11:31:00,178.42,178.47,178.42,178.47,0.03,16.76,3059.56,1
2023-09-10,2023-09-10 11:32:00,178.47,178.51,178.47,178.51,0.02,16.76,3059.56,1
2023-09-10,2023-09-10 11:33:00,178.51,178.56,178.51,178.56,0.03,16.76,3059.56,1
2023-09-10,2023-09-10 11:34:00,178.56,178.6,178.56,178.6,0.02,16.76,3059.56,1
2023-09-10,2023-09-10 11:35:00,178.6,178.65,178.6,178.65,0.03,16.76,3059.56,1
2023-09-10,2023-09-10 11:36:00,178.65,178.7,178.65,178.7,0.03,16.76,3059.56,1
2023-09-10,2023-09-10 11:37:00,178.7,178.74,178.7,178.74,0.02,16.76,3059.56,1
2023-09-10,2023-09-10 11:38:00,178.74,178.79,178.74,178.79,0.03,16.76,3059.56,1
2023-09-10,2023-09-10 11:39:00,178.79,178.83,178.79,178.83,0.02,16.76,3059.56,1
2023-09-10,2023-09-10 11:40:00,178.83,178.88,178.83,178.88,0.03,16.76,3059.56,1
2023-09-10,2023-09-10 11:41:00,178.88,178.93,178.88,178.93,0.03,16.76,3059.56,1
2023-09-10,2023-09-10 11:42:00,178.93,178.97,178.93,178.97,0.02,16.76,3059.56,1
2023-09-10,2023-09-10 11:43:00,178.97,179.02,178.97,179.02,0.03,16.76,3059.56,1
2023-09-10,2023-09-10 11:44:00,179.02,179.06,179.02,179.06,0.02,16.76,3059.56,1
2023-09-10,2023-09-10 11:45:00,179.06,179.11,179.06,179.11,0.03,16.76,3059.56,1
2023-09-10,2023-09-10 11:46:00,179.11,179.15,179.11,179.15,0.02,16.76,3059.56,1
2023-09-10,2023-09-10 11:47:00,179.15,179.2,179.15,179.2,0.03,16.76,3059.56,1
2023-09-10,2023-09-10 11:48:00,179.2,179.25,179.2,179.25,0.03,16.76,3059.56,1
2023-09-10,2023-09-10 11:49:00,179.25,179.29,179.25,179.29,0.02,16.76,3059.56,1
2023-09-10,2023-09-10 11:50:00,179.29,179.34,179.29,179.34,0.03,16.76,3059.56,1
2023-09-10,2023-09-10 11:51:00,179.34,179.38,179.34,179.38,0.02,16.76,3059.56,1
2023-09-10,2023-09-10 11:52:00,179.38,179.43,179.38,179.43,0.03,16.76,3059.56,1
2023-09-10,2023-09-10 11:53:00,179.43,179.47,179.43,179.47,0.02,16.76,3059.56,1
2023-09-10,2023-09-10 11:54:00,179.47,179.52,179.47,179.52,0.03,16.76,3059.56,1
2023-09-10,2023-09-10 11:55:00,179.52,179.57,179.52,179.57,0.03,16.76,3059.56,1
2023-09-10,2023-09-10 11:56:00,179.57,179.61,179.57,179.61,0.02,16.76,3059.56,1
2023-09-10,2023-09-10 11:57:00,179.61,179.66,179.61,179.66,0.03,16.76,3059.56,1
2023-09-10,2023-09-10 11:58:00,179.66,179.7,179.66,179.7,0.02,16.76,3059.56,1
2023-09-10,2023-09-10 11:59:00,179.7,179.75,179.7,179.75,0.03,16.76,3059.56,1
2023-09-10,2023-09-10 12:00:00,179.75,179.8,179.75,179.8,0.03,16.76,3059.56,1
2023-09-10,2023-09-10 12:01:00,179.8,179.84,179.8,179.84,0.02,16.76,3059.56,1
2023-09-10,2023-09-10 12:02:00,179.84,179.89,179.84,179.89,0.03,16.76,3059.56,1
2023-09-10,2023-09-10 12:03:00,179.89,179.93,179.89,179.93,0.02,16.76,3059.56,1
2023-09-10,2023-09-10 12:04:00,179.93,179.98,179.93,179.98,0.03,16.76,3059.56,1
2023-09-10,2023-09-10 12:05:00,179.98,180.03,179.98,180.03,0.03,16.76,3059.56,1
2023-09-10,2023-09-10 12:06:00,180.03,180.07,180.03,180.07,0.02,16.76,3059.56,1
2023-09-10,2023-09-10 12:07:00,180.07,180.12,180.07,180.12,0.03,16.76,3059.56,1
2023-09-10,2023-09-10 12:08:00,180.12,180.16,180.12,180.16,0.02,16.76,3059.56,1
2023-09-10,2023-09-10 12:09:00,180.16,180.21,180.16,180.21,0.03,16.76,3059.56,1
2023-09-10,2023-09-10 12:10:00,180.21,180.25,180.21,180.25,0.02,16.76,3059.56,1
2023-09-10,2023-09-10 12:11:00,180.25,180.3,180.25,180.3,0.03,16.76,3059.56,1
2023-09-10,2023-09-10 12:12:00,180.3,180.35,180.3,180.35,0.03,16.76,3059.56,1
2023-09-10,2023-09-10 12:13:00,180.35,180.39,180.35,180.39,0.02,16.76,3059.56,1
2023-09-10,2023-09-10 12:14:00,180.39,180.44,180.39,180.44,0.03,16.76,3059.56,1
2023-09-10,2023-09-10 12:15:00,180.44,180.48,180.44,180.48,0.02,16.76,3059.56,1
2023-09-10,2023-09-10 12:16:00,180.48,180.53,180.48,180.53,0.03,16.76,3059.56,1
2023-09-10,2023-09-10 12:17:00,180.53,180.57,180.53,180.57,0.02,16.76,3059.56,1
2023-09-10,2023-09-10 12:18:00,180.57,180.62,180.57,180.62,0.03,16.76,3059.56,1
2023-09-10,2023-09-10 12:19:00,180.62,180.67,180.62,180.67,0.03,16.76,3059.56,1
2023-09-10,2023-09-10 12:20:00,180.67,180.71,180.67,180.71,0.02,16.76,3059.56,1
2023-09-10,2023-09-10 12:21:00,180.71,180.76,180.71,180.76,0.03,16.76,3059.56,1
2023-09-10,2023-09-10 12:22:00,180.76,180.8,180.76,180.8,0.02,16.76,3059.56,1
2023-09-10,2023-09-10 12:23:00,180.8,180.85,180.8,180.85,0.03,16.76,3059.56,1
2023-09-10,2023-09-10 12:24:00,180.85,180.9,180.85,180.9,0.03,16.76,3059.56,1
2023-09-10,2023-09-10 12:25:00,180.9,180.94,180.9,180.94,0.02,16.76,3059.56,1
2023-09-10,2023-09-10 12:26:00,180.94,180.99,180.94,180.99,0.03,16.76,3059.56,1
2023-09-10,2023-09-10 12:27:00,180.99,181.03,180.99,181.03,0.02,16.76,3059.56,1
2023-09-10,2023-09-10 12:28:00,181.03,181.08,181.03,181.08,0.03,16.76,3059.56,1
2023-09-10,2023-09-10 12:29:00,181.08,181.12,181.08,181.12,0.02,16.76,3059.56,1
2023-09-10,2023-09-10 12:30:00,181.12,181.17,181.12,181.17,0.03,16.76,3059.56,1
2023-09-10,2023-09-10 12:31:00,181.17,181.22,181.17,181.22,0.03,16.76,3059.56,1
2023-09-10,2023-09-10 12:32:00,181.22,181.26,181.22,181.26,0.02,16.76,3059.56,1
2023-09-10,2023-09-10 12:33:00,181.26,181.31,181.26,181.31,0.03,16.76,3059.56,1
2023-09-10,2023-09-10 12:34:00,181.31,181.35,181.31,181.35,0.02,16.76,3059.56,1
2023-09-10,2023-09-10 12:35:00,181.35,181.4,181.35,181.4,0.03,16.76,3059.56,1
2023-09-10,2023-09-10 12:36:00,181.4,181.45,181.4,181.45,0.03,16.76,3059.56,1
2023-09-10,2023-09-10 12:37:00,181.45,181.49,181.45,181.49,0.02,16.76,3059.56,1
2023-09-10,2023-09-10 12:38:00,181.49,181.54,181.49,181.54,0.03,16.76,3059.56,1
2023-09-10,2023-09-10 12:39:00,181.54,181.58,181.54,181.58,0.02,16.76,3059.56,1
2023-09-10,2023-09-10 12:40:00,181.58,181.63,181.58,181.63,0.03,16.76,3059.56,1
2023-09-10,2023-09-10 12:41:00,181.63,181.68,181.63,181.68,0.03,16.76,3059.56,1
2023-09-10,2023-09-10 12:42:00,181.68,181.72,181.68,181.72,0.02,16.76,3059.56,1
2023-09-10,2023-09-10 12:43:00,181.72,181.77,181.72,181.77,0.03,16.76,3059.56,1
2023-09-10,2023-09-10 12:44:00,181.77,181.81,181.77,181.81,0.02,16.76,3059.56,1
2023-09-10,2023-09-10 12:45:00,181.81,181.86,181.81,181.86,0.03,16.76,3059.56,1
2023-09-10,2023-09-10 12:46:00,181.86,181.9,181.86,181.9,0.02,16.76,3059.56,1
2023-09-10,2023-09-10 12:47:00,181.9,181.95,181.9,181.95,0.03,16.76,3059.56,1
2023-09-10,2023-09-10 12:48:00,181.95,182.0,181.95,182.0,0.03,16.76,3059.56,1
2023-09-10,2023-09-10 12:49:00,182.0,182.04,182.0,182.04,0.02,16.76,3059.56,1
2023-09-10,2023-09-10 12:50:00,182.04,182.09,182.04,182.09,0.03,16.76,3059.56,1
2023-09-10,2023-09-10 12:51:00,182.09,182.13,182.09,182.13,0.02,16.76,3059.56,1
2023-09-10,2023-09-10 12:52:00,182.13,182.18,182.13,182.18,0.03,16.76,3059.56,1
2023-09-10,2023-09-10 12:53:00,182.18,182.22,182.18,182.22,0.02,16.76,3059.56,1
2023-09-10,2023-09-10 12:54:00,182.22,182.27,182.22,182.27,0.03,16.76,3059.56,1
2023-09-10,2023-09-10 12:55:00,182.27,182.32,182.27,182.32,0.03,16.76,3059.56,1
2023-09-10,2023-09-10 12:56:00,182.32,182.36,182.32,182.36,0.02,16.76,3059.56,1
2023-09-10,2023-09-10 12:57:00,182.36,182.41,182.36,182.41,0.03,16.76,3059.56,1
2023-09-10,2023-09-10 12:58:00,182.41,182.45,182.41,182.45,0.02,16.76,3059.56,1
2023-09-10,2023-09-10 12:59:00,182.45,182.5,182.45,182.5,0.03,16.76,3059.56,1
2023-09-10,2023-09-10 13:00:00,182.5,188.5,176.0,182.55,0.03,16.76,3059.56,1
2023-09-10,2023-09-10 13:01:00,182.55,182.59,182.55,182.59,0.02,16.76,3059.56,1
2023-09-10,2023-09-10 13:02:00,182.59,182.64,182.59,182.64,0.03,16.76,3059.56,1
2023-09-10,2023-09-10 13:03:00,182.64,182.68,182.64,182.68,0.02,16.76,3059.56,1
2023-09-10,2023-09-10 13:04:00,182.68,182.73,182.68,182.73,0.03,16.76,3059.56,1
2023-09-10,2023-09-10 13:05:00,182.73,182.78,182.73,182.78,0.03,16.76,3059.56,1
2023-09-10,2023-09-10 13:06:00,182.78,182.82,182.78,182.82,0.02,16.76,3059.56,1
2023-09-10,2023-09-10 13:07:00,182.82,182.87,182.82,182.87,0.03,16.76,3059.56,1
2023-09-10,2023-09-10 13:08:00,182.87,182.91,182.87,182.91,0.02,16.76,3059.56,1
2023-09-10,2023-09-10 13:09:00,182.91,182.96,182.91,182.96,0.03,16.76,3059.56,1
2023-09-10,2023-09-10 13:10:00,182.96,183.0,182.96,183.0,0.02,16.76,3059.56,1
2023-09-10,2023-09-10 13:11:00,183.0,183.05,183.0,183.05,0.03,16.76,3059.56,1
2023-09-10,2023-09-10 13:12:00,183.05,183.1,183.05,183.1,0.03,16.76,3059.56,1
2023-09-10,2023-09-10 13:13:00,183.1,183.14,183.1,183.14,0.02,16.76,3059.56,1
2023-09-10,2023-09-10 13:14:00,183.14,183.19,183.14,183.19,0.03,16.76,3059.56,1
2023-09-10,2023-09-10 13:15:00,183.19,183.23,183.19,183.23,0.02,16.76,3059.56,1
2023-09-10,2023-09-10 13:16:00,183.23,183.28,183.23,183.28,0.03,16.76,3059.56,1
2023-09-10,2023-09-10 13:17:00,183.28,183.32,183.28,183.32,0.02,16.76,3059.56,1
2023-09-10,2023-09-10 13:18:00,183.32,183.37,183.32,183.37,0.03,16.76,3059.56,1
2023-09-10,2023-09-10 13:19:00,183.37,183.42,183.37,183.42,0.03,16.76,3059.56,1
2023-09-10,2023-09-10 13:20:00,183.42,183.46,183.42,183.46,0.02,16.76,3059.56,1
2023-09-10,2023-09-10 13:21:00,183.46,183.51,183.46,183.51,0.03,16.76,3059.56,1
2023-09-10,2023-09-10 13:22:00,183.51,183.55,183.51,183.55,0.02,16.76,3059.56,1
2023-09-10,2023-09-10 13:23:00,183.55,183.6,183.55,183.6,0.03,16.76,3059.56,1
2023-09-10,2023-09-10 13:24:00,183.6,183.65,183.6,183.65,0.03,16.76,3059.56,1
2023-09-10,2023-09-10 13:25:00,183.65,183.69,183.65,183.69,0.02,16.76,3059.56,1
2023-09-10,2023-09-10 13:26:00,183.69,183.74,183.69,183.74,0.03,16.76,3059.56,1
2023-09-10,2023-09-10 13:27:00,183.74,183.78,183.74,183.78,0.02,16.76,3059.56,1
2023-09-10,2023-09-10 13:28:00,183.78,183.83,183.78,183.83,0.03,16.76,3059.56,1
2023-09-10,2023-09-10 13:29:00,183.83,183.88,183.83,183.88,0.03,16.76,3059.56,1
2023-09-10,2023-09-10 13:30:00,183.88,183.92,183.88,183.92,0.02,16.76,3059.56,1
2023-09-10,2023-09-10 13:31:00,183.92,183.97,183.92,183.97,0.03,16.76,3059.56,1
2023-09-10,2023-09-10 13:32:00,183.97,184.01,183.97,184.01,0.02,16.76,3059.56,1
2023-09-10,2023-09-10 13:33:00,184.01,184.06,184.01,184.06,0.03,16.76,3059.56,1
2023-09-10,2023-09-10 13:34:00,184.06,184.1,184.06,184.1,0.02,16.76,3059.56,1
2023-09-10,2023-09-10 13:35:00,184.1,184.15,184.1,184.15,0.03,16.76,3059.56,1
2023-09-10,2023-09-10 13:36:00,184.15,184.2,184.15,184.2,0.03,16.76,3059.56,1
2023-09-10,2023-09-10 13:37:00,184.2,184.24,184.2,184.24,0.02,16.76,3059.56,1
2023-09-10,2023-09-10 13:38:00,184.24,184.29,184.24,184.29,0.03,16.76,3059.56,1
2023-09-10,2023-09-10 13:39:00,184.29,184.33,184.29,184.33,0.02,16.76,3059.56,1
2023-09-10,2023-09-10 13:40:00,184.33,184.38,184.33,184.38,0.03,16.76,3059.56,1
2023-09-10,2023-09-10 13:41:00,184.38,184.43,184.38,184.43,0.03,16.76,3059.56,1
2023-09-10,2023-09-10 13:42:00,184.43,184.47,184.43,184.47,0.02,16.76,3059.56,1
2023-09-10,2023-09-10 13:43:00,184.47,184.52,184.47,184.52,0.03,16.76,3059.56,1
2023-09-10,2023-09-10 13:44:00,184.52,184.56,184.52,184.56,0.02,16.76,3059.56,1
2023-09-10,2023-09-10 13:45:00,184.56,184.61,184.56,184.61,0.03,16.76,3059.56,1
2023-09-10,2023-09-10 13:46:00,184.61,184.65,184.61,184.65,0.02,16.76,3059.56,1
2023-09-10,2023-09-10 13:47:00,184.65,184.7,184.65,184.7,0.03,16.76,3059.56,1
2023-09-10,2023-09-10 13:48:00,184.7,184.75,184.7,184.75,0.03,16.76,3059.56,1
2023-09-10,2023-09-10 13:49:00,184.75,184.79,184.75,184.79,0.02,16.76,3059.56,1
2023-09-10,2023-09-10 13:50:00,184.79,184.84,184.79,184.84,0.03,16.76,3059.56,1
2023-09-10,2023-09-10 13:51:00,184.84,184.88,184.84,184.88,0.02,16.76,3059.56,1
2023-09-10,2023-09-10 13:52:00,184.88,184.93,184.88,184.93,0.03,16.76,3059.56,1
2023-09-10,2023-09-10 13:53:00,184.93,184.97,184.93,184.97,0.02,16.76,3059.56,1
2023-09-10,2023-09-10 13:54:00,184.97,185.02,184.97,185.02,0.03,16.76,3059.56,1
2023-09-10,2023-09-10 13:55:00,185.02,185.07,185.02,185.07,0.03,16.76,3059.56,1
2023-09-10,2023-09-10 13:56:00,185.07,185.11,185.07,185.11,0.02,16.76,3059.56,1
2023-09-10,2023-09-10 13:57:00,185.11,185.16,185.11,185.16,0.03,16.76,3059.56,1
2023-09-10,2023-09-10 13:58:00,185.16,185.2,185.16,185.2,0.02,16.76,3059.56,1
2023-09-10,2023-09-10 13:59:00,185.2,185.25,185.2,185.25,0.03,16.76,3059.56,1
2023-09-10,2023-09-10 14:00:00,185.25,185.3,185.25,185.3,0.03,16.76,3059.56,1
2023-09-10,2023-09-10 14:01:00,185.3,185.34,185.3,185.34,0.02,16.76,3059.56,1
2023-09-10,2023-09-10 14:02:00,185.34,185.39,185.34,185.39,0.03,16.76,3059.56,1
2023-09-10,2023-09-10 14:03:00,185.39,185.43,185.39,185.43,0.02,16.76,3059.56,1
2023-09-10,2023-09-10 14:04:00,185.43,185.48,185.43,185.48,0.03,16.76,3059.56,1
2023-09-10,2023-09-10 14:05:00,185.48,185.53,185.48,185.53,0.03,16.76,3059.56,1
2023-09-10,2023-09-10 14:06:00,185.53,185.57,185.53,185.57,0.02,16.76,3059.56,1
2023-09-10,2023-09-10 14:07:00,185.57,185.62,185.57,185.62,0.03,16.76,3059.56,1
2023-09-10,2023-09-10 14:08:00,185.62,185.66,185.62,185.66,0.02,16.76,3059.56,1
2023-09-10,2023-09-10 14:09:00,185.66,185.71,185.66,185.71,0.03,16.76,3059.56,1
2023-09-10,2023-09-10 14:10:00,185.71,185.75,185.71,185.75,0.02,16.76,3059.56,1
2023-09-10,2023-09-10 14:11:00,185.75,185.8,185.75,185.8,0.03,16.76,3059.56,1
2023-09-10,2023-09-10 14:12:00,185.8,185.85,185.8,185.85,0.03,16.76,3059.56,1
2023-09-10,2023-09-10 14:13:00,185.85,185.89,185.85,185.89,0.02,16.76,3059.56,1
2023-09-10,2023-09-10 14:14:00,185.89,185.94,185.89,185.94,0.03,16.76,3059.56,1
2023-09-10,2023-09-10 14:15:00,185.94,185.98,185.94,185.98,0.02,16.76,3059.56,1
2023-09-10,2023-09-10 14:16:00,185.98,186.03,185.98,186.03,0.03,16.76,3059.56,1
2023-09-10,2023-09-10 14:17:00,186.03,186.07,186.03,186.07,0.02,16.76,3059.56,1
2023-09-10,2023-09-10 14:18:00,186.07,186.12,186.07,186.12,0.03,16.76,3059.56,1
2023-09-10,2023-09-10 14:19:00,186.12,186.17,186.12,186.17,0.03,16.76,3059.56,1
2023-09-10,2023-09-10 14:20:00,186.17,186.21,186.17,186.21,0.02,16.76,3059.56,1
2023-09-10,2023-09-10 14:21:00,186.21,186.26,186.21,186.26,0.03,16.76,3059.56,1
2023-09-10,2023-09-10 14:22:00,186.26,186.3,186.26,186.3,0.02,16.76,3059.56,1
2023-09-10,2023-09-10 14:23:00,186.3,186.35,186.3,186.35,0.03,16.76,3059.56,1
2023-09-10,2023-09-10 14:24:00,186.35,186.4,186.35,186.4,0.03,16.76,3059.56,1
2023-09-10,2023-09-10 14:25:00,186.4,186.44,186.4,186.44,0.02,16.76,3059.56,1
2023-09-10,2023-09-10 14:26:00,186.44,186.49,186.44,186.49,0.03,16.76,3059.56,1
2023-09-10,2023-09-10 14:27:00,186.49,186.53,186.49,186.53,0.02,16.76,3059.56,1
2023-09-10,2023-09-10 14:28:00,186.53,186.58,186.53,186.58,0.03,16.76,3059.56,1
2023-09-10,2023-09-10 14:29:00,186.58,186.62,186.58,186.62,0.02,16.76,3059.56,1
2023-09-10,2023-09-10 14:30:00,186.62,186.67,186.62,186.67,0.03,16.76,3059.56,1
2023-09-10,2023-09-10 14:31:00,186.67,186.72,186.67,186.72,0.03,16.76,3059.56,1
2023-09-10,2023-09-10 14:32:00,186.72,186.76,186.72,186.76,0.02,16.76,3059.56,1
2023-09-10,2023-09-10 14:33:00,186.76,186.81,186.76,186.81,0.03,16.76,3059.56,1
2023-09-10,2023-09-10 14:34:00,186.81,186.85,186.81,186.85,0.02,16.76,3059.56,1
2023-09-10,2023-09-10 14:35:00,186.85,186.9,186.85,186.9,0.03,16.76,3059.56,1
2023-09-10,2023-09-10 14:36:00,186.9,186.95,186.9,186.95,0.03,16.76,3059.56,1
2023-09-10,2023-09-10 14:37:00,186.95,186.99,186.95,186.99,0.02,16.76,3059.56,1
2023-09-10,2023-09-10 14:38:00,186.99,187.04,186.99,187.04,0.03,16.76,3059.56,1
2023-09-10,2023-09-10 14:39:00,187.04,187.08,187.04,187.08,0.02,16.76,3059.56,1
2023-09-10,2023-09-10 14:40:00,187.08,187.13,187.08,187.13,0.03,16.76,3059.56,1
2023-09-10,2023-09-10 14:41:00,187.13,187.18,187.13,187.18,0.03,16.76,3059.56,1
2023-09-10,2023-09-10 14:42:00,187.18,187.22,187.18,187.22,0.02,16.76,3059.56,1
2023-09-10,2023-09-10 14:43:00,187.22,187.27,187.22,187.27,0.03,16.76,3059.56,1
2023-09-10,2023-09-10 14:44:00,187.27,187.31,187.27,187.31,0.02,16.76,3059.56,1
2023-09-10,2023-09-10 14:45:00,187.31,187.36,187.31,187.36,0.03,16.76,3059.56,1
2023-09-10,2023-09-10 14:46:00,187.36,187.4,187.36,187.4,0.02,16.76,3059.56,1
2023-09-10,2023-09-10 14:47:00,187.4,187.45,187.4,187.45,0.03,16.76,3059.56,1
2023-09-10,2023-09-10 14:48:00,187.45,187.5,187.45,187.5,0.03,16.76,3059.56,1
2023-09-10,2023-09-10 14:49:00,187.5,187.54,187.5,187.54,0.02,16.76,3059.56,1
2023-09-10,2023-09-10 14:50:00,187.54,187.59,187.54,187.59,0.03,16.76,3059.56,1
2023-09-10,2023-09-10 14:51:00,187.59,187.63,187.59,187.63,0.02,16.76,3059.56,1
2023-09-10,2023-09-10 14:52:00,187.63,187.68,187.63,187.68,0.03,16.76,3059.56,1
2023-09-10,2023-09-10 14:53:00,187.68,187.72,187.68,187.72,0.02,16.76,3059.56,1
2023-09-10,2023-09-10 14:54:00,187.72,187.77,187.72,187.77,0.03,16.76,3059.56,1
2023-09-10,2023-09-10 14:55:00,187.77,187.82,187.77,187.82,0.03,16.76,3059.56,1
2023-09-10,2023-09-10 14:56:00,187.82,187.86,187.82,187.86,0.02,16.76,3059.56,1
2023-09-10,2023-09-10 14:57:00,187.86,187.91,187.86,187.91,0.03,16.76,3059.56,1
2023-09-10,2023-09-10 14:58:00,187.91,187.95,187.91,187.95,0.02,16.76,3059.56,1
2023-09-10,2023-09-10 14:59:00,187.95,188.0,187.95,188.0,0.03,16.76,3059.56,1
2023-09-10,2023-09-10 15:00:00,188.0,188.5,176.0,188.0,0.0,16.76,3059.56,0
2023-09-11,2023-09-11 11:00:00,184.4,190.28,183.38,184.47,0.04,45.63,8988.03,1
2023-09-11,2023-09-11 11:01:00,184.47,184.54,184.47,184.54,0.04,45.63,8988.03,1
2023-09-11,2023-09-11 11:02:00,184.54,184.61,184.54,184.61,0.04,45.63,8988.03,1
2023-09-11,2023-09-11 11:03:00,184.61,184.68,184.61,184.68,0.04,45.63,8988.03,1
2023-09-11,2023-09-11 11:04:00,184.68,184.75,184.68,184.75,0.04,45.63,8988.03,1
2023-09-11,2023-09-11 11:05:00,184.75,184.81,184.75,184.81,0.03,45.63,8988.03,1
2023-09-11,2023-09-11 11:06:00,184.81,184.88,184.81,184.88,0.04,45.63,8988.03,1
2023-09-11,2023-09-11 11:07:00,184.88,184.95,184.88,184.95,0.04,45.63,8988.03,1
2023-09-11,2023-09-11 11:08:00,184.95,185.02,184.95,185.02,0.04,45.63,8988.03,1
2023-09-11,2023-09-11 11:09:00,185.02,185.09,185.02,185.09,0.04,45.63,8988.03,1
2023-09-11,2023-09-11 11:10:00,185.09,185.16,185.09,185.16,0.04,45.63,8988.03,1
2023-09-11,2023-09-11 11:11:00,185.16,185.23,185.16,185.23,0.04,45.63,8988.03,1
2023-09-11,2023-09-11 11:12:00,185.23,185.3,185.23,185.3,0.04,45.63,8988.03,1
2023-09-11,2023-09-11 11:13:00,185.3,185.37,185.3,185.37,0.04,45.63,8988.03,1
2023-09-11,2023-09-11 11:14:00,185.37,185.44,185.37,185.44,0.04,45.63,8988.03,1
2023-09-11,2023-09-11 11:15:00,185.44,185.51,185.44,185.51,0.04,45.63,8988.03,1
2023-09-11,2023-09-11 11:16:00,185.51,185.58,185.51,185.58,0.04,45.63,8988.03,1
2023-09-11,2023-09-11 11:17:00,185.58,185.65,185.58,185.65,0.04,45.63,8988.03,1
2023-09-11,2023-09-11 11:18:00,185.65,185.71,185.65,185.71,0.03,45.63,8988.03,1
2023-09-11,2023-09-11 11:19:00,185.71,185.78,185.71,185.78,0.04,45.63,8988.03,1
2023-09-11,2023-09-11 11:20:00,185.78,185.85,185.78,185.85,0.04,45.63,8988.03,1
2023-09-11,2023-09-11 11:21:00,185.85,185.92,185.85,185.92,0.04,45.63,8988.03,1
2023-09-11,2023-09-11 11:22:00,185.92,185.99,185.92,185.99,0.04,45.63,8988.03,1
2023-09-11,2023-09-11 11:23:00,185.99,186.06,185.99,186.06,0.04,45.63,8988.03,1
2023-09-11,2023-09-11 11:24:00,186.06,186.13,186.06,186.13,0.04,45.63,8988.03,1
2023-09-11,2023-09-11 11:25:00,186.13,186.2,186.13,186.2,0.04,45.63,8988.03,1
2023-09-11,2023-09-11 11:26:00,186.2,186.27,186.2,186.27,0.04,45.63,8988.03,1
2023-09-11,2023-09-11 11:27:00,186.27,186.34,186.27,186.34,0.04,45.63,8988.03,1
2023-09-11,2023-09-11 11:28:00,186.34,186.41,186.34,186.41,0.04,45.63,8988.03,1
2023-09-11,2023-09-11 11:29:00,186.41,186.47,186.41,186.47,0.03,45.63,8988.03,1
2023-09-11,2023-09-11 11:30:00,186.47,186.54,186.47,186.54,0.04,45.63,8988.03,1
2023-09-11,2023-09-11 11:31:00,186.54,186.61,186.54,186.61,0.04,45.63,8988.03,1
2023-09-11,2023-09-11 11:32:00,186.61,186.68,186.61,186.68,0.04,45.63,8988.03,1
2023-09-11,2023-09-11 11:33:00,186.68,186.75,186.68,186.75,0.04,45.63,8988.03,1
2023-09-11,2023-09-11 11:34:00,186.75,186.82,186.75,186.82,0.04,45.63,8988.03,1
2023-09-11,2023-09-11 11:35:00,186.82,186.89,186.82,186.89,0.04,45.63,8988.03,1
2023-09-11,2023-09-11 11:36:00,186.89,186.96,186.89,186.96,0.04,45.63,8988.03,1
2023-09-11,2023-09-11 11:37:00,186.96,187.03,186.96,187.03,0.04,45.63,8988.03,1
2023-09-11,2023-09-11 11:38:00,187.03,187.1,187.03,187.1,0.04,45.63,8988.03,1
2023-09-11,2023-09-11 11:39:00,187.1,187.17,187.1,187.17,0.04,45.63,8988.03,1
2023-09-11,2023-09-11 11:40:00,187.17,187.24,187.17,187.24,0.04,45.63,8988.03,1
2023-09-11,2023-09-11 11:41:00,187.24,187.31,187.24,187.31,0.04,45.63,8988.03,1
2023-09-11,2023-09-11 11:42:00,187.31,187.37,187.31,187.37,0.03,45.63,8988.03,1
2023-09-11,2023-09-11 11:43:00,187.37,187.44,187.37,187.44,0.04,45.63,8988.03,1
2023-09-11,2023-09-11 11:44:00,187.44,187.51,187.44,187.51,0.04,45.63,8988.03,1
2023-09-11,2023-09-11 11:45:00,187.51,187.58,187.51,187.58,0.04,45.63,8988.03,1
2023-09-11,2023-09-11 11:46:00,187.58,187.65,187.58,187.65,0.04,45.63,8988.03,1
2023-09-11,2023-09-11 11:47:00,187.65,187.72,187.65,187.72,0.04,45.63,8988.03,1
2023-09-11,2023-09-11 11:48:00,187.72,187.79,187.72,187.79,0.04,45.63,8988.03,1
2023-09-11,2023-09-11 11:49:00,187.79,187.86,187.79,187.86,0.04,45.63,8988.03,1
2023-09-11,2023-09-11 11:50:00,187.86,187.93,187.86,187.93,0.04,45.63,8988.03,1
2023-09-11,2023-09-11 11:51:00,187.93,188.0,187.93,188.0,0.04,45.63,8988.03,1
2023-09-11,2023-09-11 11:52:00,188.0,188.07,188.0,188.07,0.04,45.63,8988.03,1
2023-09-11,2023-09-11 11:53:00,188.07,188.13,188.07,188.13,0.03,45.63,8988.03,1
2023-09-11,2023-09-11 11:54:00,188.13,188.2,188.13,188.2,0.04,45.63,8988.03,1
2023-09-11,2023-09-11 11:55:00,188.2,188.27,188.2,188.27,0.04,45.63,8988.03,1
2023-09-11,2023-09-11 11:56:00,188.27,188.34,188.27,188.34,0.04,45.63,8988.03,1
2023-09-11,2023-09-11 11:57:00,188.34,188.41,188.34,188.41,0.04,45.63,8988.03,1
2023-09-11,2023-09-11 11:58:00,188.41,188.48,188.41,188.48,0.04,45.63,8988.03,1
2023-09-11,2023-09-11 11:59:00,188.48,188.55,188.48,188.55,0.04,45.63,8988.03,1
2023-09-11,2023-09-11 12:00:00,188.55,188.62,188.55,188.62,0.04,45.63,8988.03,1
2023-09-11,2023-09-11 12:01:00,188.62,188.69,188.62,188.69,0.04,45.63,8988.03,1
2023-09-11,2023-09-11 12:02:00,188.69,188.76,188.69,188.76,0.04,45.63,8988.03,1
2023-09-11,2023-09-11 12:03:00,188.76,188.83,188.76,188.83,0.04,45.63,8988.03,1
2023-09-11,2023-09-11 12:04:00,188.83,188.9,188.83,188.9,0.04,45.63,8988.03,1
2023-09-11,2023-09-11 12:05:00,188.9,188.97,188.9,188.97,0.04,45.63,8988.03,1
2023-09-11,2023-09-11 12:06:00,188.97,189.03,188.97,189.03,0.03,45.63,8988.03,1
2023-09-11,2023-09-11 12:07:00,189.03,189.1,189.03,189.1,0.04,45.63,8988.03,1
2023-09-11,2023-09-11 12:08:00,189.1,189.17,189.1,189.17,0.04,45.63,8988.03,1
2023-09-11,2023-09-11 12:09:00,189.17,189.24,189.17,189.24,0.04,45.63,8988.03,1
2023-09-11,2023-09-11 12:10:00,189.24,189.31,189.24,189.31,0.04,45.63,8988.03,1
2023-09-11,2023-09-11 12:11:00,189.31,189.38,189.31,189.38,0.04,45.63,8988.03,1
2023-09-11,2023-09-11 12:12:00,189.38,189.45,189.38,189.45,0.04,45.63,8988.03,1
2023-09-11,2023-09-11 12:13:00,189.45,189.52,189.45,189.52,0.04,45.63,8988.03,1
2023-09-11,2023-09-11 12:14:00,189.52,189.59,189.52,189.59,0.04,45.63,8988.03,1
2023-09-11,2023-09-11 12:15:00,189.59,189.66,189.59,189.66,0.04,45.63,8988.03,1
2023-09-11,2023-09-11 12:16:00,189.66,189.73,189.66,189.73,0.04,45.63,8988.03,1
2023-09-11,2023-09-11 12:17:00,189.73,189.8,189.73,189.8,0.04,45.63,8988.03,1
2023-09-11,2023-09-11 12:18:00,189.8,189.86,189.8,189.86,0.03,45.63,8988.03,1
2023-09-11,2023-09-11 12:19:00,189.86,189.93,189.86,189.93,0.04,45.63,8988.03,1
2023-09-11,2023-09-11 12:20:00,189.93,190.0,189.93,190.0,0.04,45.63,8988.03,1
2023-09-11,2023-09-11 12:21:00,190.0,190.07,190.0,190.07,0.04,45.63,8988.03,1
2023-09-11,2023-09-11 12:22:00,190.07,190.14,190.07,190.14,0.04,45.63,8988.03,1
2023-09-11,2023-09-11 12:23:00,190.14,190.21,190.14,190.21,0.04,45.63,8988.03,1
2023-09-11,2023-09-11 12:24:00,190.21,190.28,190.21,190.28,0.04,45.63,8988.03,1
2023-09-11,2023-09-11 12:25:00,190.28,190.35,190.28,190.35,0.04,45.63,8988.03,1
2023-09-11,2023-09-11 12:26:00,190.35,190.42,190.35,190.42,0.04,45.63,8988.03,1
2023-09-11,2023-09-11 12:27:00,190.42,190.49,190.42,190.49,0.04,45.63,8988.03,1
2023-09-11,2023-09-11 12:28:00,190.49,190.56,190.49,190.56,0.04,45.63,8988.03,1
2023-09-11,2023-09-11 12:29:00,190.56,190.62,190.56,190.62,0.03,45.63,8988.03,1
2023-09-11,2023-09-11 12:30:00,190.62,190.69,190.62,190.69,0.04,45.63,8988.03,1
2023-09-11,2023-09-11 12:31:00,190.69,190.76,190.69,190.76,0.04,45.63,8988.03,1
2023-09-11,2023-09-11 12:32:00,190.76,190.83,190.76,190.83,0.04,45.63,8988.03,1
2023-09-11,2023-09-11 12:33:00,190.83,190.9,190.83,190.9,0.04,45.63,8988.03,1
2023-09-11,2023-09-11 12:34:00,190.9,190.97,190.9,190.97,0.04,45.63,8988.03,1
2023-09-11,2023-09-11 12:35:00,190.97,191.04,190.97,191.04,0.04,45.63,8988.03,1
2023-09-11,2023-09-11 12:36:00,191.04,191.11,191.04,191.11,0.04,45.63,8988.03,1
2023-09-11,2023-09-11 12:37:00,191.11,191.18,191.11,191.18,0.04,45.63,8988.03,1
2023-09-11,2023-09-11 12:38:00,191.18,191.25,191.18,191.25,0.04,45.63,8988.03,1
2023-09-11,2023-09-11 12:39:00,191.25,191.32,191.25,191.32,0.04,45.63,8988.03,1
2023-09-11,2023-09-11 12:40:00,191.32,191.39,191.32,191.39,0.04,45.63,8988.03,1
2023-09-11,2023-09-11 12:41:00,191.39,191.46,191.39,191.46,0.04,45.63,8988.03,1
2023-09-11,2023-09-11 12:42:00,191.46,191.52,191.46,191.52,0.03,45.63,8988.03,1
2023-09-11,2023-09-11 12:43:00,191.52,191.59,191.52,191.59,0.04,45.63,8988.03,1
2023-09-11,2023-09-11 12:44:00,191.59,191.66,191.59,191.66,0.04,45.63,8988.03,1
2023-09-11,2023-09-11 12:45:00,191.66,191.73,191.66,191.73,0.04,45.63,8988.03,1
2023-09-11,2023-09-11 12:46:00,191.73,191.8,191.73,191.8,0.04,45.63,8988.03,1
2023-09-11,2023-09-11 12:47:00,191.8,191.87,191.8,191.87,0.04,45.63,8988.03,1
2023-09-11,2023-09-11 12:48:00,191.87,191.94,191.87,191.94,0.04,45.63,8988.03,1
2023-09-11,2023-09-11 12:49:00,191.94,192.01,191.94,192.01,0.04,45.63,8988.03,1
2023-09-11,2023-09-11 12:50:00,192.01,192.08,192.01,192.08,0.04,45.63,8988.03,1
2023-09-11,2023-09-11 12:51:00,192.08,192.15,192.08,192.15,0.04,45.63,8988.03,1
2023-09-11,2023-09-11 12:52:00,192.15,192.22,192.15,192.22,0.04,45.63,8988.03,1
2023-09-11,2023-09-11 12:53:00,192.22,192.28,192.22,192.28,0.03,45.63,8988.03,1
2023-09-11,2023-09-11 12:54:00,192.28,192.35,192.28,192.35,0.04,45.63,8988.03,1
2023-09-11,2023-09-11 12:55:00,192.35,192.42,192.35,192.42,0.04,45.63,8988.03,1
2023-09-11,2023-09-11 12:56:00,192.42,192.49,192.42,192.49,0.04,45.63,8988.03,1
2023-09-11,2023-09-11 12:57:00,192.49,192.56,192.49,192.56,0.04,45.63,8988.03,1
2023-09-11,2023-09-11 12:58:00,192.56,192.63,192.56,192.63,0.04,45.63,8988.03,1
2023-09-11,2023-09-11 12:59:00,192.63,192.7,192.63,192.7,0.04,45.63,8988.03,1
2023-09-11,2023-09-11 13:00:00,192.7,204.0,181.0,192.77,0.04,45.63,8988.03,1
2023-09-11,2023-09-11 13:01:00,192.77,192.84,192.77,192.84,0.04,45.63,8988.03,1
2023-09-11,2023-09-11 13:02:00,192.84,192.91,192.84,192.91,0.04,45.63,8988.03,1
2023-09-11,2023-09-11 13:03:00,192.91,192.98,192.91,192.98,0.04,45.63,8988.03,1
2023-09-11,2023-09-11 13:04:00,192.98,193.05,192.98,193.05,0.04,45.63,8988.03,1
2023-09-11,2023-09-11 13:05:00,193.05,193.12,193.05,193.12,0.04,45.63,8988.03,1
2023-09-11,2023-09-11 13:06:00,193.12,193.18,193.12,193.18,0.03,45.63,8988.03,1
2023-09-11,2023-09-11 13:07:00,193.18,193.25,193.18,193.25,0.04,45.63,8988.03,1
2023-09-11,2023-09-11 13:08:00,193.25,193.32,193.25,193.32,0.04,45.63,8988.03,1
2023-09-11,2023-09-11 13:09:00,193.32,193.39,193.32,193.39,0.04,45.63,8988.03,1
2023-09-11,2023-09-11 13:10:00,193.39,193.46,193.39,193.46,0.04,45.63,8988.03,1
2023-09-11,2023-09-11 13:11:00,193.46,193.53,193.46,193.53,0.04,45.63,8988.03,1
2023-09-11,2023-09-11 13:12:00,193.53,193.6,193.53,193.6,0.04,45.63,8988.03,1
2023-09-11,2023-09-11 13:13:00,193.6,193.67,193.6,193.67,0.04,45.63,8988.03,1
2023-09-11,2023-09-11 13:14:00,193.67,193.74,193.67,193.74,0.04,45.63,8988.03,1
2023-09-11,2023-09-11 13:15:00,193.74,193.81,193.74,193.81,0.04,45.63,8988.03,1
2023-09-11,2023-09-11 13:16:00,193.81,193.88,193.81,193.88,0.04,45.63,8988.03,1
2023-09-11,2023-09-11 13:17:00,193.88,193.94,193.88,193.94,0.03,45.63,8988.03,1
2023-09-11,2023-09-11 13:18:00,193.94,194.01,193.94,194.01,0.04,45.63,8988.03,1
2023-09-11,2023-09-11 13:19:00,194.01,194.08,194.01,194.08,0.04,45.63,8988.03,1
2023-09-11,2023-09-11 13:20:00,194.08,194.15,194.08,194.15,0.04,45.63,8988.03,1
2023-09-11,2023-09-11 13:21:00,194.15,194.22,194.15,194.22,0.04,45.63,8988.03,1
2023-09-11,2023-09-11 13:22:00,194.22,194.29,194.22,194.29,0.04,45.63,8988.03,1
2023-09-11,2023-09-11 13:23:00,194.29,194.36,194.29,194.36,0.04,45.63,8988.03,1
2023-09-11,2023-09-11 13:24:00,194.36,194.43,194.36,194.43,0.04,45.63,8988.03,1
2023-09-11,2023-09-11 13:25:00,194.43,194.5,194.43,194.5,0.04,45.63,8988.03,1
2023-09-11,2023-09-11 13:26:00,194.5,194.57,194.5,194.57,0.04,45.63,8988.03,1
2023-09-11,2023-09-11 13:27:00,194.57,194.64,194.57,194.64,0.04,45.63,8988.03,1
2023-09-11,2023-09-11 13:28:00,194.64,194.71,194.64,194.71,0.04,45.63,8988.03,1
2023-09-11,2023-09-11 13:29:00,194.71,194.78,194.71,194.78,0.04,45.63,8988.03,1
2023-09-11,2023-09-11 13:30:00,194.78,194.84,194.78,194.84,0.03,45.63,8988.03,1
2023-09-11,2023-09-11 13:31:00,194.84,194.91,194.84,194.91,0.04,45.63,8988.03,1
2023-09-11,2023-09-11 13:32:00,194.91,194.98,194.91,194.98,0.04,45.63,8988.03,1
2023-09-11,2023-09-11 13:33:00,194.98,195.05,194.98,195.05,0.04,45.63,8988.03,1
2023-09-11,2023-09-11 13:34:00,195.05,195.12,195.05,195.12,0.04,45.63,8988.03,1
2023-09-11,2023-09-11 13:35:00,195.12,195.19,195.12,195.19,0.04,45.63,8988.03,1
2023-09-11,2023-09-11 13:36:00,195.19,195.26,195.19,195.26,0.04,45.63,8988.03,1
2023-09-11,2023-09-11 13:37:00,195.26,195.33,195.26,195.33,0.04,45.63,8988.03,1
2023-09-11,2023-09-11 13:38:00,195.33,195.4,195.33,195.4,0.04,45.63,8988.03,1
2023-09-11,2023-09-11 13:39:00,195.4,195.47,195.4,195.47,0.04,45.63,8988.03,1
2023-09-11,2023-09-11 13:40:00,195.47,195.54,195.47,195.54,0.04,45.63,8988.03,1
2023-09-11,2023-09-11 13:41:00,195.54,195.6,195.54,195.6,0.03,45.63,8988.03,1
2023-09-11,2023-09-11 13:42:00,195.6,195.67,195.6,195.67,0.04,45.63,8988.03,1
2023-09-11,2023-09-11 13:43:00,195.67,195.74,195.67,195.74,0.04,45.63,8988.03,1
2023-09-11,2023-09-11 13:44:00,195.74,195.81,195.74,195.81,0.04,45.63,8988.03,1
2023-09-11,2023-09-11 13:45:00,195.81,195.88,195.81,195.88,0.04,45.63,8988.03,1
2023-09-11,2023-09-11 13:46:00,195.88,195.95,195.88,195.95,0.04,45.63,8988.03,1
2023-09-11,2023-09-11 13:47:00,195.95,196.02,195.95,196.02,0.04,45.63,8988.03,1
2023-09-11,2023-09-11 13:48:00,196.02,196.09,196.02,196.09,0.04,45.63,8988.03,1
2023-09-11,2023-09-11 13:49:00,196.09,196.16,196.09,196.16,0.04,45.63,8988.03,1
2023-09-11,2023-09-11 13:50:00,196.16,196.23,196.16,196.23,0.04,45.63,8988.03,1
2023-09-11,2023-09-11 13:51:00,196.23,196.3,196.23,196.3,0.04,45.63,8988.03,1
2023-09-11,2023-09-11 13:52:00,196.3,196.37,196.3,196.37,0.04,45.63,8988.03,1
2023-09-11,2023-09-11 13:53:00,196.37,196.44,196.37,196.44,0.04,45.63,8988.03,1
2023-09-11,2023-09-11 13:54:00,196.44,196.5,196.44,196.5,0.03,45.63,8988.03,1
2023-09-11,2023-09-11 13:55:00,196.5,196.57,196.5,196.57,0.04,45.63,8988.03,1
2023-09-11,2023-09-11 13:56:00,196.57,196.64,196.57,196.64,0.04,45.63,8988.03,1
2023-09-11,2023-09-11 13:57:00,196.64,196.71,196.64,196.71,0.04,45.63,8988.03,1
2023-09-11,2023-09-11 13:58:00,196.71,196.78,196.71,196.78,0.04,45.63,8988.03,1
2023-09-11,2023-09-11 13:59:00,196.78,196.85,196.78,196.85,0.04,45.63,8988.03,1
2023-09-11,2023-09-11 14:00:00,196.85,196.92,196.85,196.92,0.04,45.63,8988.03,1
2023-09-11,2023-09-11 14:01:00,196.92,196.99,196.92,196.99,0.04,45.63,8988.03,1
2023-09-11,2023-09-11 14:02:00,196.99,197.06,196.99,197.06,0.04,45.63,8988.03,1
2023-09-11,2023-09-11 14:03:00,197.06,197.13,197.06,197.13,0.04,45.63,8988.03,1
2023-09-11,2023-09-11 14:04:00,197.13,197.2,197.13,197.2,0.04,45.63,8988.03,1
2023-09-11,2023-09-11 14:05:00,197.2,197.27,197.2,197.27,0.04,45.63,8988.03,1
2023-09-11,2023-09-11 14:06:00,197.27,197.33,197.27,197.33,0.03,45.63,8988.03,1
2023-09-11,2023-09-11 14:07:00,197.33,197.4,197.33,197.4,0.04,45.63,8988.03,1
2023-09-11,2023-09-11 14:08:00,197.4,197.47,197.4,197.47,0.04,45.63,8988.03,1
2023-09-11,2023-09-11 14:09:00,197.47,197.54,197.47,197.54,0.04,45.63,8988.03,1
2023-09-11,2023-09-11 14:10:00,197.54,197.61,197.54,197.61,0.04,45.63,8988.03,1
2023-09-11,2023-09-11 14:11:00,197.61,197.68,197.61,197.68,0.04,45.63,8988.03,1
2023-09-11,2023-09-11 14:12:00,197.68,197.75,197.68,197.75,0.04,45.63,8988.03,1
2023-09-11,2023-09-11 14:13:00,197.75,197.82,197.75,197.82,0.04,45.63,8988.03,1
2023-09-11,2023-09-11 14:14:00,197.82,197.89,197.82,197.89,0.04,45.63,8988.03,1
2023-09-11,2023-09-11 14:15:00,197.89,197.96,197.89,197.96,0.04,45.63,8988.03,1
2023-09-11,2023-09-11 14:16:00,197.96,198.03,197.96,198.03,0.04,45.63,8988.03,1
2023-09-11,2023-09-11 14:17:00,198.03,198.09,198.03,198.09,0.03,45.63,8988.03,1
2023-09-11,2023-09-11 14:18:00,198.09,198.16,198.09,198.16,0.04,45.63,8988.03,1
2023-09-11,2023-09-11 14:19:00,198.16,198.23,198.16,198.23,0.04,45.63,8988.03,1
2023-09-11,2023-09-11 14:20:00,198.23,198.3,198.23,198.3,0.04,45.63,8988.03,1
2023-09-11,2023-09-11 14:21:00,198.3,198.37,198.3,198.37,0.04,45.63,8988.03,1
2023-09-11,2023-09-11 14:22:00,198.37,198.44,198.37,198.44,0.04,45.63,8988.03,1
2023-09-11,2023-09-11 14:23:00,198.44,198.51,198.44,198.51,0.04,45.63,8988.03,1
2023-09-11,2023-09-11 14:24:00,198.51,198.58,198.51,198.58,0.04,45.63,8988.03,1
2023-09-11,2023-09-11 14:25:00,198.58,198.65,198.58,198.65,0.04,45.63,8988.03,1
2023-09-11,2023-09-11 14:26:00,198.65,198.72,198.65,198.72,0.04,45.63,8988.03,1
2023-09-11,2023-09-11 14:27:00,198.72,198.79,198.72,198.79,0.04,45.63,8988.03,1
2023-09-11,2023-09-11 14:28:00,198.79,198.86,198.79,198.86,0.04,45.63,8988.03,1
2023-09-11,2023-09-11 14:29:00,198.86,198.93,198.86,198.93,0.04,45.63,8988.03,1
2023-09-11,2023-09-11 14:30:00,198.93,198.99,198.93,198.99,0.03,45.63,8988.03,1
2023-09-11,2023-09-11 14:31:00,198.99,199.06,198.99,199.06,0.04,45.63,8988.03,1
2023-09-11,2023-09-11 14:32:00,199.06,199.13,199.06,199.13,0.04,45.63,8988.03,1
2023-09-11,2023-09-11 14:33:00,199.13,199.2,199.13,199.2,0.04,45.63,8988.03,1
2023-09-11,2023-09-11 14:34:00,199.2,199.27,199.2,199.27,0.04,45.63,8988.03,1
2023-09-11,2023-09-11 14:35:00,199.27,199.34,199.27,199.34,0.04,45.63,8988.03,1
2023-09-11,2023-09-11 14:36:00,199.34,199.41,199.34,199.41,0.04,45.63,8988.03,1
2023-09-11,2023-09-11 14:37:00,199.41,199.48,199.41,199.48,0.04,45.63,8988.03,1
2023-09-11,2023-09-11 14:38:00,199.48,199.55,199.48,199.55,0.04,45.63,8988.03,1
2023-09-11,2023-09-11 14:39:00,199.55,199.62,199.55,199.62,0.04,45.63,8988.03,1
2023-09-11,2023-09-11 14:40:00,199.62,199.69,199.62,199.69,0.04,45.63,8988.03,1
2023-09-11,2023-09-11 14:41:00,199.69,199.75,199.69,199.75,0.03,45.63,8988.03,1
2023-09-11,2023-09-11 14:42:00,199.75,199.82,199.75,199.82,0.04,45.63,8988.03,1
2023-09-11,2023-09-11 14:43:00,199.82,199.89,199.82,199.89,0.04,45.63,8988.03,1
2023-09-11,2023-09-11 14:44:00,199.89,199.96,199.89,199.96,0.04,45.63,8988.03,1
2023-09-11,2023-09-11 14:45:00,199.96,200.03,199.96,200.03,0.04,45.63,8988.03,1
2023-09-11,2023-09-11 14:46:00,200.03,200.1,200.03,200.1,0.03,45.63,8988.03,1
2023-09-11,2023-09-11 14:47:00,200.1,200.17,200.1,200.17,0.03,45.63,8988.03,1
2023-09-11,2023-09-11 14:48:00,200.17,200.24,200.17,200.24,0.03,45.63,8988.03,1
2023-09-11,2023-09-11 14:49:00,200.24,200.31,200.24,200.31,0.03,45.63,8988.03,1
2023-09-11,2023-09-11 14:50:00,200.31,200.38,200.31,200.38,0.03,45.63,8988.03,1
2023-09-11,2023-09-11 14:51:00,200.38,200.45,200.38,200.45,0.03,45.63,8988.03,1
2023-09-11,2023-09-11 14:52:00,200.45,200.52,200.45,200.52,0.03,45.63,8988.03,1
2023-09-11,2023-09-11 14:53:00,200.52,200.59,200.52,200.59,0.03,45.63,8988.03,1
2023-09-11,2023-09-11 14:54:00,200.59,200.65,200.59,200.65,0.03,45.63,8988.03,1
2023-09-11,2023-09-11 14:55:00,200.65,200.72,200.65,200.72,0.03,45.63,8988.03,1
2023-09-11,2023-09-11 14:56:00,200.72,200.79,200.72,200.79,0.03,45.63,8988.03,1
2023-09-11,2023-09-11 14:57:00,200.79,200.86,200.79,200.86,0.03,45.63,8988.03,1
2023-09-11,2023-09-11 14:58:00,200.86,200.93,200.86,200.93,0.03,45.63,8988.03,1
2023-09-11,2023-09-11 14:59:00,200.93,201.0,200.93,201.0,0.03,45.63,8988.03,1
2023-09-11,2023-09-11 15:00:00,201.0,204.0,181.0,201.0,0.0,45.63,8988.03,0
2023-09-12,2023-09-12 11:00:00,202.0,204.4,197.62,201.98,-0.01,39.11,7770.79,-1
2023-09-12,2023-09-12 11:01:00,201.98,201.98,201.96,201.96,-0.01,39.11,7770.79,-1
2023-09-12,2023-09-12 11:02:00,201.96,201.96,201.94,201.94,-0.01,39.11,7770.79,-1
2023-09-12,2023-09-12 11:03:00,201.94,201.94,201.93,201.93,-0.0,39.11,7770.79,-1
2023-09-12,2023-09-12 11:04:00,201.93,201.93,201.91,201.91,-0.01,39.11,7770.79,-1
2023-09-12,2023-09-12 11:05:00,201.91,201.91,201.89,201.89,-0.01,39.11,7770.79,-1
2023-09-12,2023-09-12 11:06:00,201.89,201.89,201.87,201.87,-0.01,39.11,7770.79,-1
2023-09-12,2023-09-12 11:07:00,201.87,201.87,201.85,201.85,-0.01,39.11,7770.79,-1
2023-09-12,2023-09-12 11:08:00,201.85,201.85,201.83,201.83,-0.01,39.11,7770.79,-1
2023-09-12,2023-09-12 11:09:00,201.83,201.83,201.81,201.81,-0.01,39.11,7770.79,-1
2023-09-12,2023-09-12 11:10:00,201.81,201.81,201.79,201.79,-0.01,39.11,7770.79,-1
2023-09-12,2023-09-12 11:11:00,201.79,201.79,201.78,201.78,-0.0,39.11,7770.79,-1
2023-09-12,2023-09-12 11:12:00,201.78,201.78,201.76,201.76,-0.01,39.11,7770.79,-1
2023-09-12,2023-09-12 11:13:00,201.76,201.76,201.74,201.74,-0.01,39.11,7770.79,-1
2023-09-12,2023-09-12 11:14:00,201.74,201.74,201.72,201.72,-0.01,39.11,7770.79,-1
2023-09-12,2023-09-12 11:15:00,201.72,201.72,201.7,201.7,-0.01,39.11,7770.79,-1
2023-09-12,2023-09-12 11:16:00,201.7,201.7,201.68,201.68,-0.01,39.11,7770.79,-1
2023-09-12,2023-09-12 11:17:00,201.68,201.68,201.66,201.66,-0.01,39.11,7770.79,-1
2023-09-12,2023-09-12 11:18:00,201.66,201.66,201.64,201.64,-0.01,39.11,7770.79,-1
2023-09-12,2023-09-12 11:19:00,201.64,201.64,201.62,201.62,-0.01,39.11,7770.79,-1
2023-09-12,2023-09-12 11:20:00,201.62,201.62,201.61,201.61,-0.0,39.11,7770.79,-1
2023-09-12,2023-09-12 11:21:00,201.61,201.61,201.59,201.59,-0.01,39.11,7770.79,-1
2023-09-12,2023-09-12 11:22:00,201.59,201.59,201.57,201.57,-0.01,39.11,7770.79,-1
2023-09-12,2023-09-12 11:23:00,201.57,201.57,201.55,201.55,-0.01,39.11,7770.79,-1
2023-09-12,2023-09-12 11:24:00,201.55,201.55,201.53,201.53,-0.01,39.11,7770.79,-1
2023-09-12,2023-09-12 11:25:00,201.53,201.53,201.51,201.51,-0.01,39.11,7770.79,-1
2023-09-12,2023-09-12 11:26:00,201.51,201.51,201.49,201.49,-0.01,39.11,7770.79,-1
2023-09-12,2023-09-12 11:27:00,201.49,201.49,201.47,201.47,-0.01,39.11,7770.79,-1
2023-09-12,2023-09-12 11:28:00,201.47,201.47,201.46,201.46,-0.0,39.11,7770.79,-1
2023-09-12,2023-09-12 11:29:00,201.46,201.46,201.44,201.44,-0.01,39.11,7770.79,-1
2023-09-12,2023-09-12 11:30:00,201.44,201.44,201.42,201.42,-0.01,39.11,7770.79,-1
2023-09-12,2023-09-12 11:31:00,201.42,201.42,201.4,201.4,-0.01,39.11,7770.79,-1
2023-09-12,2023-09-12 11:32:00,201.4,201.4,201.38,201.38,-0.01,39.11,7770.79,-1
2023-09-12,2023-09-12 11:33:00,201.38,201.38,201.36,201.36,-0.01,39.11,7770.79,-1
2023-09-12,2023-09-12 11:34:00,201.36,201.36,201.34,201.34,-0.01,39.11,7770.79,-1
2023-09-12,2023-09-12 11:35:00,201.34,201.34,201.32,201.32,-0.01,39.11,7770.79,-1
2023-09-12,2023-09-12 11:36:00,201.32,201.32,201.31,201.31,-0.0,39.11,7770.79,-1
2023-09-12,2023-09-12 11:37:00,201.31,201.31,201.29,201.29,-0.01,39.11,7770.79,-1
2023-09-12,2023-09-12 11:38:00,201.29,201.29,201.27,201.27,-0.01,39.11,7770.79,-1
2023-09-12,2023-09-12 11:39:00,201.27,201.27,201.25,201.25,-0.01,39.11,7770.79,-1
2023-09-12,2023-09-12 11:40:00,201.25,201.25,201.23,201.23,-0.01,39.11,7770.79,-1
2023-09-12,2023-09-12 11:41:00,201.23,201.23,201.21,201.21,-0.01,39.11,7770.79,-1
2023-09-12,2023-09-12 11:42:00,201.21,201.21,201.19,201.19,-0.01,39.11,7770.79,-1
2023-09-12,2023-09-12 11:43:00,201.19,201.19,201.18,201.18,-0.0,39.11,7770.79,-1
2023-09-12,2023-09-12 11:44:00,201.18,201.18,201.16,201.16,-0.01,39.11,7770.79,-1
2023-09-12,2023-09-12 11:45:00,201.16,201.16,201.14,201.14,-0.01,39.11,7770.79,-1
2023-09-12,2023-09-12 11:46:00,201.14,201.14,201.12,201.12,-0.01,39.11,7770.79,-1
2023-09-12,2023-09-12 11:47:00,201.12,201.12,201.1,201.1,-0.01,39.11,7770.79,-1
2023-09-12,2023-09-12 11:48:00,201.1,201.1,201.08,201.08,-0.01,39.11,7770.79,-1
2023-09-12,2023-09-12 11:49:00,201.08,201.08,201.06,201.06,-0.01,39.11,7770.79,-1
2023-09-12,2023-09-12 11:50:00,201.06,201.06,201.04,201.04,-0.01,39.11,7770.79,-1
2023-09-12,2023-09-12 11:51:00,201.04,201.04,201.03,201.03,-0.0,39.11,7770.79,-1
2023-09-12,2023-09-12 11:52:00,201.03,201.03,201.01,201.01,-0.01,39.11,7770.79,-1
2023-09-12,2023-09-12 11:53:00,201.01,201.01,200.99,200.99,-0.01,39.11,7770.79,-1
2023-09-12,2023-09-12 11:54:00,200.99,200.99,200.97,200.97,-0.01,39.11,7770.79,-1
2023-09-12,2023-09-12 11:55:00,200.97,200.97,200.95,200.95,-0.01,39.11,7770.79,-1
2023-09-12,2023-09-12 11:56:00,200.95,200.95,200.93,200.93,-0.01,39.11,7770.79,-1
2023-09-12,2023-09-12 11:57:00,200.93,200.93,200.91,200.91,-0.01,39.11,7770.79,-1
2023-09-12,2023-09-12 11:58:00,200.91,200.91,200.89,200.89,-0.01,39.11,7770.79,-1
2023-09-12,2023-09-12 11:59:00,200.89,200.89,200.88,200.88,-0.0,39.11,7770.79,-1
2023-09-12,2023-09-12 12:00:00,200.88,200.88,200.86,200.86,-0.01,39.11,7770.79,-1
2023-09-12,2023-09-12 12:01:00,200.86,200.86,200.84,200.84,-0.01,39.11,7770.79,-1
2023-09-12,2023-09-12 12:02:00,200.84,200.84,200.82,200.82,-0.01,39.11,7770.79,-1
2023-09-12,2023-09-12 12:03:00,200.82,200.82,200.8,200.8,-0.01,39.11,7770.79,-1
2023-09-12,2023-09-12 12:04:00,200.8,200.8,200.78,200.78,-0.01,39.11,7770.79,-1
2023-09-12,2023-09-12 12:05:00,200.78,200.78,200.76,200.76,-0.01,39.11,7770.79,-1
2023-09-12,2023-09-12 12:06:00,200.76,200.76,200.74,200.74,-0.01,39.11,7770.79,-1
2023-09-12,2023-09-12 12:07:00,200.74,200.74,200.72,200.72,-0.01,39.11,7770.79,-1
2023-09-12,2023-09-12 12:08:00,200.72,200.72,200.71,200.71,-0.0,39.11,7770.79,-1
2023-09-12,2023-09-12 12:09:00,200.71,200.71,200.69,200.69,-0.01,39.11,7770.79,-1
2023-09-12,2023-09-12 12:10:00,200.69,200.69,200.67,200.67,-0.01,39.11,7770.79,-1
2023-09-12,2023-09-12 12:11:00,200.67,200.67,200.65,200.65,-0.01,39.11,7770.79,-1
2023-09-12,2023-09-12 12:12:00,200.65,200.65,200.63,200.63,-0.01,39.11,7770.79,-1
2023-09-12,2023-09-12 12:13:00,200.63,200.63,200.61,200.61,-0.01,39.11,7770.79,-1
2023-09-12,2023-09-12 12:14:00,200.61,200.61,200.59,200.59,-0.01,39.11,7770.79,-1
2023-09-12,2023-09-12 12:15:00,200.59,200.59,200.57,200.57,-0.01,39.11,7770.79,-1
2023-09-12,2023-09-12 12:16:00,200.57,200.57,200.56,200.56,-0.0,39.11,7770.79,-1
2023-09-12,2023-09-12 12:17:00,200.56,200.56,200.54,200.54,-0.01,39.11,7770.79,-1
2023-09-12,2023-09-12 12:18:00,200.54,200.54,200.52,200.52,-0.01,39.11,7770.79,-1
2023-09-12,2023-09-12 12:19:00,200.52,200.52,200.5,200.5,-0.01,39.11,7770.79,-1
2023-09-12,2023-09-12 12:20:00,200.5,200.5,200.48,200.48,-0.01,39.11,7770.79,-1
2023-09-12,2023-09-12 12:21:00,200.48,200.48,200.46,200.46,-0.01,39.11,7770.79,-1
2023-09-12,2023-09-12 12:22:00,200.46,200.46,200.44,200.44,-0.01,39.11,7770.79,-1
2023-09-12,2023-09-12 12:23:00,200.44,200.44,200.43,200.43,-0.0,39.11,7770.79,-1
2023-09-12,2023-09-12 12:24:00,200.43,200.43,200.41,200.41,-0.01,39.11,7770.79,-1
2023-09-12,2023-09-12 12:25:00,200.41,200.41,200.39,200.39,-0.01,39.11,7770.79,-1
2023-09-12,2023-09-12 12:26:00,200.39,200.39,200.37,200.37,-0.01,39.11,7770.79,-1
2023-09-12,2023-09-12 12:27:00,200.37,200.37,200.35,200.35,-0.01,39.11,7770.79,-1
2023-09-12,2023-09-12 12:28:00,200.35,200.35,200.33,200.33,-0.01,39.11,7770.79,-1
2023-09-12,2023-09-12 12:29:00,200.33,200.33,200.31,200.31,-0.01,39.11,7770.79,-1
2023-09-12,2023-09-12 12:30:00,200.31,200.31,200.29,200.29,-0.01,39.11,7770.79,-1
2023-09-12,2023-09-12 12:31:00,200.29,200.29,200.28,200.28,-0.0,39.11,7770.79,-1
2023-09-12,2023-09-12 12:32:00,200.28,200.28,200.26,200.26,-0.01,39.11,7770.79,-1
2023-09-12,2023-09-12 12:33:00,200.26,200.26,200.24,200.24,-0.01,39.11,7770.79,-1
2023-09-12,2023-09-12 12:34:00,200.24,200.24,200.22,200.22,-0.01,39.11,7770.79,-1
2023-09-12,2023-09-12 12:35:00,200.22,200.22,200.2,200.2,-0.01,39.11,7770.79,-1
2023-09-12,2023-09-12 12:36:00,200.2,200.2,200.18,200.18,-0.01,39.11,7770.79,-1
2023-09-12,2023-09-12 12:37:00,200.18,200.18,200.16,200.16,-0.01,39.11,7770.79,-1
2023-09-12,2023-09-12 12:38:00,200.16,200.16,200.14,200.14,-0.01,39.11,7770.79,-1
2023-09-12,2023-09-12 12:39:00,200.14,200.14,200.12,200.12,-0.01,39.11,7770.79,-1
2023-09-12,2023-09-12 12:40:00,200.12,200.12,200.11,200.11,-0.0,39.11,7770.79,-1
2023-09-12,2023-09-12 12:41:00,200.11,200.11,200.09,200.09,-0.01,39.11,7770.79,-1
2023-09-12,2023-09-12 12:42:00,200.09,200.09,200.07,200.07,-0.01,39.11,7770.79,-1
2023-09-12,2023-09-12 12:43:00,200.07,200.07,200.05,200.05,-0.01,39.11,7770.79,-1
2023-09-12,2023-09-12 12:44:00,200.05,200.05,200.03,200.03,-0.01,39.11,7770.79,-1
2023-09-12,2023-09-12 12:45:00,200.03,200.03,200.01,200.01,-0.01,39.11,7770.79,-1
2023-09-12,2023-09-12 12:46:00,200.01,200.01,199.99,199.99,-0.01,39.11,7770.79,-1
2023-09-12,2023-09-12 12:47:00,199.99,199.99,199.97,199.97,-0.01,39.11,7770.79,-1
2023-09-12,2023-09-12 12:48:00,199.97,199.97,199.96,199.96,-0.01,39.11,7770.79,-1
2023-09-12,2023-09-12 12:49:00,199.96,199.96,199.94,199.94,-0.01,39.11,7770.79,-1
2023-09-12,2023-09-12 12:50:00,199.94,199.94,199.92,199.92,-0.01,39.11,7770.79,-1
2023-09-12,2023-09-12 12:51:00,199.92,199.92,199.9,199.9,-0.01,39.11,7770.79,-1
2023-09-12,2023-09-12 12:52:00,199.9,199.9,199.88,199.88,-0.01,39.11,7770.79,-1
2023-09-12,2023-09-12 12:53:00,199.88,199.88,199.86,199.86,-0.01,39.11,7770.79,-1
2023-09-12,2023-09-12 12:54:00,199.86,199.86,199.84,199.84,-0.01,39.11,7770.79,-1
2023-09-12,2023-09-12 12:55:00,199.84,199.84,199.82,199.82,-0.01,39.11,7770.79,-1
2023-09-12,2023-09-12 12:56:00,199.82,199.82,199.81,199.81,-0.01,39.11,7770.79,-1
2023-09-12,2023-09-12 12:57:00,199.81,199.81,199.79,199.79,-0.01,39.11,7770.79,-1
2023-09-12,2023-09-12 12:58:00,199.79,199.79,199.77,199.77,-0.01,39.11,7770.79,-1
2023-09-12,2023-09-12 12:59:00,199.77,199.77,199.75,199.75,-0.01,39.11,7770.79,-1
2023-09-12,2023-09-12 13:00:00,199.75,210.0,187.4,199.73,-0.01,39.11,7770.79,-1
2023-09-12,2023-09-12 13:01:00,199.73,199.73,199.71,199.71,-0.01,39.11,7770.79,-1
2023-09-12,2023-09-12 13:02:00,199.71,199.71,199.69,199.69,-0.01,39.11,7770.79,-1
2023-09-12,2023-09-12 13:03:00,199.69,199.69,199.68,199.68,-0.01,39.11,7770.79,-1
2023-09-12,2023-09-12 13:04:00,199.68,199.68,199.66,199.66,-0.01,39.11,7770.79,-1
2023-09-12,2023-09-12 13:05:00,199.66,199.66,199.64,199.64,-0.01,39.11,7770.79,-1
2023-09-12,2023-09-12 13:06:00,199.64,199.64,199.62,199.62,-0.01,39.11,7770.79,-1
2023-09-12,2023-09-12 13:07:00,199.62,199.62,199.6,199.6,-0.01,39.11,7770.79,-1
2023-09-12,2023-09-12 13:08:00,199.6,199.6,199.58,199.58,-0.01,39.11,7770.79,-1
2023-09-12,2023-09-12 13:09:00,199.58,199.58,199.56,199.56,-0.01,39.11,7770.79,-1
2023-09-12,2023-09-12 13:10:00,199.56,199.56,199.54,199.54,-0.01,39.11,7770.79,-1
2023-09-12,2023-09-12 13:11:00,199.54,199.54,199.53,199.53,-0.01,39.11,7770.79,-1
2023-09-12,2023-09-12 13:12:00,199.53,199.53,199.51,199.51,-0.01,39.11,7770.79,-1
2023-09-12,2023-09-12 13:13:00,199.51,199.51,199.49,199.49,-0.01,39.11,7770.79,-1
2023-09-12,2023-09-12 13:14:00,199.49,199.49,199.47,199.47,-0.01,39.11,7770.79,-1
2023-09-12,2023-09-12 13:15:00,199.47,199.47,199.45,199.45,-0.01,39.11,7770.79,-1
2023-09-12,2023-09-12 13:16:00,199.45,199.45,199.43,199.43,-0.01,39.11,7770.79,-1
2023-09-12,2023-09-12 13:17:00,199.43,199.43,199.41,199.41,-0.01,39.11,7770.79,-1
2023-09-12,2023-09-12 13:18:00,199.41,199.41,199.39,199.39,-0.01,39.11,7770.79,-1
2023-09-12,2023-09-12 13:19:00,199.39,199.39,199.38,199.38,-0.01,39.11,7770.79,-1
2023-09-12,2023-09-12 13:20:00,199.38,199.38,199.36,199.36,-0.01,39.11,7770.79,-1
2023-09-12,2023-09-12 13:21:00,199.36,199.36,199.34,199.34,-0.01,39.11,7770.79,-1
2023-09-12,2023-09-12 13:22:00,199.34,199.34,199.32,199.32,-0.01,39.11,7770.79,-1
2023-09-12,2023-09-12 13:23:00,199.32,199.32,199.3,199.3,-0.01,39.11,7770.79,-1
2023-09-12,2023-09-12 13:24:00,199.3,199.3,199.28,199.28,-0.01,39.11,7770.79,-1
2023-09-12,2023-09-12 13:25:00,199.28,199.28,199.26,199.26,-0.01,39.11,7770.79,-1
2023-09-12,2023-09-12 13:26:00,199.26,199.26,199.24,199.24,-0.01,39.11,7770.79,-1
2023-09-12,2023-09-12 13:27:00,199.24,199.24,199.22,199.22,-0.01,39.11,7770.79,-1
2023-09-12,2023-09-12 13:28:00,199.22,199.22,199.21,199.21,-0.01,39.11,7770.79,-1
2023-09-12,2023-09-12 13:29:00,199.21,199.21,199.19,199.19,-0.01,39.11,7770.79,-1
2023-09-12,2023-09-12 13:30:00,199.19,199.19,199.17,199.17,-0.01,39.11,7770.79,-1
2023-09-12,2023-09-12 13:31:00,199.17,199.17,199.15,199.15,-0.01,39.11,7770.79,-1
2023-09-12,2023-09-12 13:32:00,199.15,199.15,199.13,199.13,-0.01,39.11,7770.79,-1
2023-09-12,2023-09-12 13:33:00,199.13,199.13,199.11,199.11,-0.01,39.11,7770.79,-1
2023-09-12,2023-09-12 13:34:00,199.11,199.11,199.09,199.09,-0.01,39.11,7770.79,-1
2023-09-12,2023-09-12 13:35:00,199.09,199.09,199.07,199.07,-0.01,39.11,7770.79,-1
2023-09-12,2023-09-12 13:36:00,199.07,199.07,199.06,199.06,-0.01,39.11,7770.79,-1
2023-09-12,2023-09-12 13:37:00,199.06,199.06,199.04,199.04,-0.01,39.11,7770.79,-1
2023-09-12,2023-09-12 13:38:00,199.04,199.04,199.02,199.02,-0.01,39.11,7770.79,-1
2023-09-12,2023-09-12 13:39:00,199.02,199.02,199.0,199.0,-0.01,39.11,7770.79,-1
2023-09-12,2023-09-12 13:40:00,199.0,199.0,198.98,198.98,-0.01,39.11,7770.79,-1
2023-09-12,2023-09-12 13:41:00,198.98,198.98,198.96,198.96,-0.01,39.11,7770.79,-1
2023-09-12,2023-09-12 13:42:00,198.96,198.96,198.94,198.94,-0.01,39.11,7770.79,-1
2023-09-12,2023-09-12 13:43:00,198.94,198.94,198.93,198.93,-0.01,39.11,7770.79,-1
2023-09-12,2023-09-12 13:44:00,198.93,198.93,198.91,198.91,-0.01,39.11,7770.79,-1
2023-09-12,2023-09-12 13:45:00,198.91,198.91,198.89,198.89,-0.01,39.11,7770.79,-1
2023-09-12,2023-09-12 13:46:00,198.89,198.89,198.87,198.87,-0.01,39.11,7770.79,-1
2023-09-12,2023-09-12 13:47:00,198.87,198.87,198.85,198.85,-0.01,39.11,7770.79,-1
2023-09-12,2023-09-12 13:48:00,198.85,198.85,198.83,198.83,-0.01,39.11,7770.79,-1
2023-09-12,2023-09-12 13:49:00,198.83,198.83,198.81,198.81,-0.01,39.11,7770.79,-1
2023-09-12,2023-09-12 13:50:00,198.81,198.81,198.79,198.79,-0.01,39.11,7770.79,-1
2023-09-12,2023-09-12 13:51:00,198.79,198.79,198.78,198.78,-0.01,39.11,7770.79,-1
2023-09-12,2023-09-12 13:52:00,198.78,198.78,198.76,198.76,-0.01,39.11,7770.79,-1
2023-09-12,2023-09-12 13:53:00,198.76,198.76,198.74,198.74,-0.01,39.11,7770.79,-1
2023-09-12,2023-09-12 13:54:00,198.74,198.74,198.72,198.72,-0.01,39.11,7770.79,-1
2023-09-12,2023-09-12 13:55:00,198.72,198.72,198.7,198.7,-0.01,39.11,7770.79,-1
2023-09-12,2023-09-12 13:56:00,198.7,198.7,198.68,198.68,-0.01,39.11,7770.79,-1
2023-09-12,2023-09-12 13:57:00,198.68,198.68,198.66,198.66,-0.01,39.11,7770.79,-1
2023-09-12,2023-09-12 13:58:00,198.66,198.66,198.64,198.64,-0.01,39.11,7770.79,-1
2023-09-12,2023-09-12 13:59:00,198.64,198.64,198.62,198.62,-0.01,39.11,7770.79,-1
2023-09-12,2023-09-12 14:00:00,198.62,198.62,198.61,198.61,-0.01,39.11,7770.79,-1
2023-09-12,2023-09-12 14:01:00,198.61,198.61,198.59,198.59,-0.01,39.11,7770.79,-1
2023-09-12,2023-09-12 14:02:00,198.59,198.59,198.57,198.57,-0.01,39.11,7770.79,-1
2023-09-12,2023-09-12 14:03:00,198.57,198.57,198.55,198.55,-0.01,39.11,7770.79,-1
2023-09-12,2023-09-12 14:04:00,198.55,198.55,198.53,198.53,-0.01,39.11,7770.79,-1
2023-09-12,2023-09-12 14:05:00,198.53,198.53,198.51,198.51,-0.01,39.11,7770.79,-1
2023-09-12,2023-09-12 14:06:00,198.51,198.51,198.49,198.49,-0.01,39.11,7770.79,-1
2023-09-12,2023-09-12 14:07:00,198.49,198.49,198.47,198.47,-0.01,39.11,7770.79,-1
2023-09-12,2023-09-12 14:08:00,198.47,198.47,198.46,198.46,-0.01,39.11,7770.79,-1
2023-09-12,2023-09-12 14:09:00,198.46,198.46,198.44,198.44,-0.01,39.11,7770.79,-1
2023-09-12,2023-09-12 14:10:00,198.44,198.44,198.42,198.42,-0.01,39.11,7770.79,-1
2023-09-12,2023-09-12 14:11:00,198.42,198.42,198.4,198.4,-0.01,39.11,7770.79,-1
2023-09-12,2023-09-12 14:12:00,198.4,198.4,198.38,198.38,-0.01,39.11,7770.79,-1
2023-09-12,2023-09-12 14:13:00,198.38,198.38,198.36,198.36,-0.01,39.11,7770.79,-1
2023-09-12,2023-09-12 14:14:00,198.36,198.36,198.34,198.34,-0.01,39.11,7770.79,-1
2023-09-12,2023-09-12 14:15:00,198.34,198.34,198.32,198.32,-0.01,39.11,7770.79,-1
2023-09-12,2023-09-12 14:16:00,198.32,198.32,198.31,198.31,-0.01,39.11,7770.79,-1
2023-09-12,2023-09-12 14:17:00,198.31,198.31,198.29,198.29,-0.01,39.11,7770.79,-1
2023-09-12,2023-09-12 14:18:00,198.29,198.29,198.27,198.27,-0.01,39.11,7770.79,-1
2023-09-12,2023-09-12 14:19:00,198.27,198.27,198.25,198.25,-0.01,39.11,7770.79,-1
2023-09-12,2023-09-12 14:20:00,198.25,198.25,198.23,198.23,-0.01,39.11,7770.79,-1
2023-09-12,2023-09-12 14:21:00,198.23,198.23,198.21,198.21,-0.01,39.11,7770.79,-1
2023-09-12,2023-09-12 14:22:00,198.21,198.21,198.19,198.19,-0.01,39.11,7770.79,-1
2023-09-12,2023-09-12 14:23:00,198.19,198.19,198.18,198.18,-0.01,39.11,7770.79,-1
2023-09-12,2023-09-12 14:24:00,198.18,198.18,198.16,198.16,-0.01,39.11,7770.79,-1
2023-09-12,2023-09-12 14:25:00,198.16,198.16,198.14,198.14,-0.01,39.11,7770.79,-1
2023-09-12,2023-09-12 14:26:00,198.14,198.14,198.12,198.12,-0.01,39.11,7770.79,-1
2023-09-12,2023-09-12 14:27:00,198.12,198.12,198.1,198.1,-0.01,39.11,7770.79,-1
2023-09-12,2023-09-12 14:28:00,198.1,198.1,198.08,198.08,-0.01,39.11,7770.79,-1
2023-09-12,2023-09-12 14:29:00,198.08,198.08,198.06,198.06,-0.01,39.11,7770.79,-1
2023-09-12,2023-09-12 14:30:00,198.06,198.06,198.04,198.04,-0.01,39.11,7770.79,-1
2023-09-12,2023-09-12 14:31:00,198.04,198.04,198.03,198.03,-0.01,39.11,7770.79,-1
2023-09-12,2023-09-12 14:32:00,198.03,198.03,198.01,198.01,-0.01,39.11,7770.79,-1
2023-09-12,2023-09-12 14:33:00,198.01,198.01,197.99,197.99,-0.01,39.11,7770.79,-1
2023-09-12,2023-09-12 14:34:00,197.99,197.99,197.97,197.97,-0.01,39.11,7770.79,-1
2023-09-12,2023-09-12 14:35:00,197.97,197.97,197.95,197.95,-0.01,39.11,7770.79,-1
2023-09-12,2023-09-12 14:36:00,197.95,197.95,197.93,197.93,-0.01,39.11,7770.79,-1
2023-09-12,2023-09-12 14:37:00,197.93,197.93,197.91,197.91,-0.01,39.11,7770.79,-1
2023-09-12,2023-09-12 14:38:00,197.91,197.91,197.89,197.89,-0.01,39.11,7770.79,-1
2023-09-12,2023-09-12 14:39:00,197.89,197.89,197.88,197.88,-0.01,39.11,7770.79,-1
2023-09-12,2023-09-12 14:40:00,197.88,197.88,197.86,197.86,-0.01,39.11,7770.79,-1
2023-09-12,2023-09-12 14:41:00,197.86,197.86,197.84,197.84,-0.01,39.11,7770.79,-1
2023-09-12,2023-09-12 14:42:00,197.84,197.84,197.82,197.82,-0.01,39.11,7770.79,-1
2023-09-12,2023-09-12 14:43:00,197.82,197.82,197.8,197.8,-0.01,39.11,7770.79,-1
2023-09-12,2023-09-12 14:44:00,197.8,197.8,197.78,197.78,-0.01,39.11,7770.79,-1
2023-09-12,2023-09-12 14:45:00,197.78,197.78,197.76,197.76,-0.01,39.11,7770.79,-1
2023-09-12,2023-09-12 14:46:00,197.76,197.76,197.74,197.74,-0.01,39.11,7770.79,-1
2023-09-12,2023-09-12 14:47:00,197.74,197.74,197.72,197.72,-0.01,39.11,7770.79,-1
2023-09-12,2023-09-12 14:48:00,197.72,197.72,197.71,197.71,-0.01,39.11,7770.79,-1
2023-09-12,2023-09-12 14:49:00,197.71,197.71,197.69,197.69,-0.01,39.11,7770.79,-1
2023-09-12,2023-09-12 14:50:00,197.69,197.69,197.67,197.67,-0.01,39.11,7770.79,-1
2023-09-12,2023-09-12 14:51:00,197.67,197.67,197.65,197.65,-0.01,39.11,7770.79,-1
2023-09-12,2023-09-12 14:52:00,197.65,197.65,197.63,197.63,-0.01,39.11,7770.79,-1
2023-09-12,2023-09-12 14:53:00,197.63,197.63,197.61,197.61,-0.01,39.11,7770.79,-1
2023-09-12,2023-09-12 14:54:00,197.61,197.61,197.59,197.59,-0.01,39.11,7770.79,-1
2023-09-12,2023-09-12 14:55:00,197.59,197.59,197.57,197.57,-0.01,39.11,7770.79,-1
2023-09-12,2023-09-12 14:56:00,197.57,197.57,197.56,197.56,-0.01,39.11,7770.79,-1
2023-09-12,2023-09-12 14:57:00,197.56,197.56,197.54,197.54,-0.01,39.11,7770.79,-1
2023-09-12,2023-09-12 14:58:00,197.54,197.54,197.52,197.52,-0.01,39.11,7770.79,-1
2023-09-12,2023-09-12 14:59:00,197.52,197.52,197.5,197.5,-0.01,39.11,7770.79,-1
2023-09-12,2023-09-12 15:00:00,197.5,210.0,187.4,197.5,0.0,39.11,7770.79,0
2023-09-13,2023-09-13 11:00:00,193.6,199.12,192.52,193.68,0.04,28.67,5821.78,1
2023-09-13,2023-09-13 11:01:00,193.68,193.75,193.68,193.75,0.04,28.67,5821.78,1
2023-09-13,2023-09-13 11:02:00,193.75,193.83,193.75,193.83,0.04,28.67,5821.78,1
2023-09-13,2023-09-13 11:03:00,193.83,193.91,193.83,193.91,0.04,28.67,5821.78,1
2023-09-13,2023-09-13 11:04:00,193.91,193.98,193.91,193.98,0.04,28.67,5821.78,1
2023-09-13,2023-09-13 11:05:00,193.98,194.06,193.98,194.06,0.04,28.67,5821.78,1
2023-09-13,2023-09-13 11:06:00,194.06,194.14,194.06,194.14,0.04,28.67,5821.78,1
2023-09-13,2023-09-13 11:07:00,194.14,194.21,194.14,194.21,0.04,28.67,5821.78,1
2023-09-13,2023-09-13 11:08:00,194.21,194.29,194.21,194.29,0.04,28.67,5821.78,1
2023-09-13,2023-09-13 11:09:00,194.29,194.37,194.29,194.37,0.04,28.67,5821.78,1
2023-09-13,2023-09-13 11:10:00,194.37,194.44,194.37,194.44,0.04,28.67,5821.78,1
2023-09-13,2023-09-13 11:11:00,194.44,194.52,194.44,194.52,0.04,28.67,5821.78,1
2023-09-13,2023-09-13 11:12:00,194.52,194.6,194.52,194.6,0.04,28.67,5821.78,1
2023-09-13,2023-09-13 11:13:00,194.6,194.67,194.6,194.67,0.04,28.67,5821.78,1
2023-09-13,2023-09-13 11:14:00,194.67,194.75,194.67,194.75,0.04,28.67,5821.78,1
2023-09-13,2023-09-13 11:15:00,194.75,194.83,194.75,194.83,0.04,28.67,5821.78,1
2023-09-13,2023-09-13 11:16:00,194.83,194.9,194.83,194.9,0.04,28.67,5821.78,1
2023-09-13,2023-09-13 11:17:00,194.9,194.98,194.9,194.98,0.04,28.67,5821.78,1
2023-09-13,2023-09-13 11:18:00,194.98,195.06,194.98,195.06,0.04,28.67,5821.78,1
2023-09-13,2023-09-13 11:19:00,195.06,195.13,195.06,195.13,0.04,28.67,5821.78,1
2023-09-13,2023-09-13 11:20:00,195.13,195.21,195.13,195.21,0.04,28.67,5821.78,1
2023-09-13,2023-09-13 11:21:00,195.21,195.29,195.21,195.29,0.04,28.67,5821.78,1
2023-09-13,2023-09-13 11:22:00,195.29,195.36,195.29,195.36,0.04,28.67,5821.78,1
2023-09-13,2023-09-13 11:23:00,195.36,195.44,195.36,195.44,0.04,28.67,5821.78,1
2023-09-13,2023-09-13 11:24:00,195.44,195.52,195.44,195.52,0.04,28.67,5821.78,1
2023-09-13,2023-09-13 11:25:00,195.52,195.59,195.52,195.59,0.04,28.67,5821.78,1
2023-09-13,2023-09-13 11:26:00,195.59,195.67,195.59,195.67,0.04,28.67,5821.78,1
2023-09-13,2023-09-13 11:27:00,195.67,195.75,195.67,195.75,0.04,28.67,5821.78,1
2023-09-13,2023-09-13 11:28:00,195.75,195.82,195.75,195.82,0.04,28.67,5821.78,1
2023-09-13,2023-09-13 11:29:00,195.82,195.9,195.82,195.9,0.04,28.67,5821.78,1
2023-09-13,2023-09-13 11:30:00,195.9,195.98,195.9,195.98,0.04,28.67,5821.78,1
2023-09-13,2023-09-13 11:31:00,195.98,196.05,195.98,196.05,0.04,28.67,5821.78,1
2023-09-13,2023-09-13 11:32:00,196.05,196.13,196.05,196.13,0.04,28.67,5821.78,1
2023-09-13,2023-09-13 11:33:00,196.13,196.21,196.13,196.21,0.04,28.67,5821.78,1
2023-09-13,2023-09-13 11:34:00,196.21,196.28,196.21,196.28,0.04,28.67,5821.78,1
2023-09-13,2023-09-13 11:35:00,196.28,196.36,196.28,196.36,0.04,28.67,5821.78,1
2023-09-13,2023-09-13 11:36:00,196.36,196.44,196.36,196.44,0.04,28.67,5821.78,1
2023-09-13,2023-09-13 11:37:00,196.44,196.51,196.44,196.51,0.04,28.67,5821.78,1
2023-09-13,2023-09-13 11:38:00,196.51,196.59,196.51,196.59,0.04,28.67,5821.78,1
2023-09-13,2023-09-13 11:39:00,196.59,196.67,196.59,196.67,0.04,28.67,5821.78,1
2023-09-13,2023-09-13 11:40:00,196.67,196.74,196.67,196.74,0.04,28.67,5821.78,1
2023-09-13,2023-09-13 11:41:00,196.74,196.82,196.74,196.82,0.04,28.67,5821.78,1
2023-09-13,2023-09-13 11:42:00,196.82,196.9,196.82,196.9,0.04,28.67,5821.78,1
2023-09-13,2023-09-13 11:43:00,196.9,196.97,196.9,196.97,0.04,28.67,5821.78,1
2023-09-13,2023-09-13 11:44:00,196.97,197.05,196.97,197.05,0.04,28.67,5821.78,1
2023-09-13,2023-09-13 11:45:00,197.05,197.13,197.05,197.13,0.04,28.67,5821.78,1
2023-09-13,2023-09-13 11:46:00,197.13,197.2,197.13,197.2,0.04,28.67,5821.78,1
2023-09-13,2023-09-13 11:47:00,197.2,197.28,197.2,197.28,0.04,28.67,5821.78,1
2023-09-13,2023-09-13 11:48:00,197.28,197.36,197.28,197.36,0.04,28.67,5821.78,1
2023-09-13,2023-09-13 11:49:00,197.36,197.43,197.36,197.43,0.04,28.67,5821.78,1
2023-09-13,2023-09-13 11:50:00,197.43,197.51,197.43,197.51,0.04,28.67,5821.78,1
2023-09-13,2023-09-13 11:51:00,197.51,197.59,197.51,197.59,0.04,28.67,5821.78,1
2023-09-13,2023-09-13 11:52:00,197.59,197.66,197.59,197.66,0.04,28.67,5821.78,1
2023-09-13,2023-09-13 11:53:00,197.66,197.74,197.66,197.74,0.04,28.67,5821.78,1
2023-09-13,2023-09-13 11:54:00,197.74,197.82,197.74,197.82,0.04,28.67,5821.78,1
2023-09-13,2023-09-13 11:55:00,197.82,197.89,197.82,197.89,0.04,28.67,5821.78,1
2023-09-13,2023-09-13 11:56:00,197.89,197.97,197.89,197.97,0.04,28.67,5821.78,1
2023-09-13,2023-09-13 11:57:00,197.97,198.05,197.97,198.05,0.04,28.67,5821.78,1
2023-09-13,2023-09-13 11:58:00,198.05,198.12,198.05,198.12,0.04,28.67,5821.78,1
2023-09-13,2023-09-13 11:59:00,198.12,198.2,198.12,198.2,0.04,28.67,5821.78,1
2023-09-13,2023-09-13 12:00:00,198.2,198.28,198.2,198.28,0.04,28.67,5821.78,1
2023-09-13,2023-09-13 12:01:00,198.28,198.35,198.28,198.35,0.04,28.67,5821.78,1
2023-09-13,2023-09-13 12:02:00,198.35,198.43,198.35,198.43,0.04,28.67,5821.78,1
2023-09-13,2023-09-13 12:03:00,198.43,198.51,198.43,198.51,0.04,28.67,5821.78,1
2023-09-13,2023-09-13 12:04:00,198.51,198.58,198.51,198.58,0.04,28.67,5821.78,1
2023-09-13,2023-09-13 12:05:00,198.58,198.66,198.58,198.66,0.04,28.67,5821.78,1
2023-09-13,2023-09-13 12:06:00,198.66,198.74,198.66,198.74,0.04,28.67,5821.78,1
2023-09-13,2023-09-13 12:07:00,198.74,198.81,198.74,198.81,0.04,28.67,5821.78,1
2023-09-13,2023-09-13 12:08:00,198.81,198.89,198.81,198.89,0.04,28.67,5821.78,1
2023-09-13,2023-09-13 12:09:00,198.89,198.97,198.89,198.97,0.04,28.67,5821.78,1
2023-09-13,2023-09-13 12:10:00,198.97,199.04,198.97,199.04,0.04,28.67,5821.78,1
2023-09-13,2023-09-13 12:11:00,199.04,199.12,199.04,199.12,0.04,28.67,5821.78,1
2023-09-13,2023-09-13 12:12:00,199.12,199.2,199.12,199.2,0.04,28.67,5821.78,1
2023-09-13,2023-09-13 12:13:00,199.2,199.27,199.2,199.27,0.04,28.67,5821.78,1
2023-09-13,2023-09-13 12:14:00,199.27,199.35,199.27,199.35,0.04,28.67,5821.78,1
2023-09-13,2023-09-13 12:15:00,199.35,199.43,199.35,199.43,0.04,28.67,5821.78,1
2023-09-13,2023-09-13 12:16:00,199.43,199.5,199.43,199.5,0.04,28.67,5821.78,1
2023-09-13,2023-09-13 12:17:00,199.5,199.58,199.5,199.58,0.04,28.67,5821.78,1
2023-09-13,2023-09-13 12:18:00,199.58,199.66,199.58,199.66,0.04,28.67,5821.78,1
2023-09-13,2023-09-13 12:19:00,199.66,199.73,199.66,199.73,0.04,28.67,5821.78,1
2023-09-13,2023-09-13 12:20:00,199.73,199.81,199.73,199.81,0.04,28.67,5821.78,1
2023-09-13,2023-09-13 12:21:00,199.81,199.89,199.81,199.89,0.04,28.67,5821.78,1
2023-09-13,2023-09-13 12:22:00,199.89,199.96,199.89,199.96,0.04,28.67,5821.78,1
2023-09-13,2023-09-13 12:23:00,199.96,200.04,199.96,200.04,0.04,28.67,5821.78,1
2023-09-13,2023-09-13 12:24:00,200.04,200.12,200.04,200.12,0.04,28.67,5821.78,1
2023-09-13,2023-09-13 12:25:00,200.12,200.19,200.12,200.19,0.03,28.67,5821.78,1
2023-09-13,2023-09-13 12:26:00,200.19,200.27,200.19,200.27,0.04,28.67,5821.78,1
2023-09-13,2023-09-13 12:27:00,200.27,200.35,200.27,200.35,0.04,28.67,5821.78,1
2023-09-13,2023-09-13 12:28:00,200.35,200.42,200.35,200.42,0.03,28.67,5821.78,1
2023-09-13,2023-09-13 12:29:00,200.42,200.5,200.42,200.5,0.04,28.67,5821.78,1
2023-09-13,2023-09-13 12:30:00,200.5,200.58,200.5,200.58,0.04,28.67,5821.78,1
2023-09-13,2023-09-13 12:31:00,200.58,200.65,200.58,200.65,0.03,28.67,5821.78,1
2023-09-13,2023-09-13 12:32:00,200.65,200.73,200.65,200.73,0.04,28.67,5821.78,1
2023-09-13,2023-09-13 12:33:00,200.73,200.81,200.73,200.81,0.04,28.67,5821.78,1
2023-09-13,2023-09-13 12:34:00,200.81,200.88,200.81,200.88,0.03,28.67,5821.78,1
2023-09-13,2023-09-13 12:35:00,200.88,200.96,200.88,200.96,0.04,28.67,5821.78,1
2023-09-13,2023-09-13 12:36:00,200.96,201.04,200.96,201.04,0.04,28.67,5821.78,1
2023-09-13,2023-09-13 12:37:00,201.04,201.11,201.04,201.11,0.03,28.67,5821.78,1
2023-09-13,2023-09-13 12:38:00,201.11,201.19,201.11,201.19,0.04,28.67,5821.78,1
2023-09-13,2023-09-13 12:39:00,201.19,201.27,201.19,201.27,0.04,28.67,5821.78,1
2023-09-13,2023-09-13 12:40:00,201.27,201.34,201.27,201.34,0.03,28.67,5821.78,1
2023-09-13,2023-09-13 12:41:00,201.34,201.42,201.34,201.42,0.04,28.67,5821.78,1
2023-09-13,2023-09-13 12:42:00,201.42,201.5,201.42,201.5,0.04,28.67,5821.78,1
2023-09-13,2023-09-13 12:43:00,201.5,201.57,201.5,201.57,0.03,28.67,5821.78,1
2023-09-13,2023-09-13 12:44:00,201.57,201.65,201.57,201.65,0.04,28.67,5821.78,1
2023-09-13,2023-09-13 12:45:00,201.65,201.73,201.65,201.73,0.04,28.67,5821.78,1
2023-09-13,2023-09-13 12:46:00,201.73,201.8,201.73,201.8,0.03,28.67,5821.78,1
2023-09-13,2023-09-13 12:47:00,201.8,201.88,201.8,201.88,0.04,28.67,5821.78,1
2023-09-13,2023-09-13 12:48:00,201.88,201.96,201.88,201.96,0.04,28.67,5821.78,1
2023-09-13,2023-09-13 12:49:00,201.96,202.03,201.96,202.03,0.03,28.67,5821.78,1
2023-09-13,2023-09-13 12:50:00,202.03,202.11,202.03,202.11,0.04,28.67,5821.78,1
2023-09-13,2023-09-13 12:51:00,202.11,202.19,202.11,202.19,0.04,28.67,5821.78,1
2023-09-13,2023-09-13 12:52:00,202.19,202.26,202.19,202.26,0.03,28.67,5821.78,1
2023-09-13,2023-09-13 12:53:00,202.26,202.34,202.26,202.34,0.04,28.67,5821.78,1
2023-09-13,2023-09-13 12:54:00,202.34,202.42,202.34,202.42,0.04,28.67,5821.78,1
2023-09-13,2023-09-13 12:55:00,202.42,202.49,202.42,202.49,0.03,28.67,5821.78,1
2023-09-13,2023-09-13 12:56:00,202.49,202.57,202.49,202.57,0.04,28.67,5821.78,1
2023-09-13,2023-09-13 12:57:00,202.57,202.65,202.57,202.65,0.04,28.67,5821.78,1
2023-09-13,2023-09-13 12:58:00,202.65,202.72,202.65,202.72,0.03,28.67,5821.78,1
2023-09-13,2023-09-13 12:59:00,202.72,202.8,202.72,202.8,0.04,28.67,5821.78,1
2023-09-13,2023-09-13 13:00:00,202.8,212.0,190.0,202.88,0.04,28.67,5821.78,1
2023-09-13,2023-09-13 13:01:00,202.88,202.95,202.88,202.95,0.03,28.67,5821.78,1
2023-09-13,2023-09-13 13:02:00,202.95,203.03,202.95,203.03,0.04,28.67,5821.78,1
2023-09-13,2023-09-13 13:03:00,203.03,203.11,203.03,203.11,0.04,28.67,5821.78,1
2023-09-13,2023-09-13 13:04:00,203.11,203.18,203.11,203.18,0.03,28.67,5821.78,1
2023-09-13,2023-09-13 13:05:00,203.18,203.26,203.18,203.26,0.04,28.67,5821.78,1
2023-09-13,2023-09-13 13:06:00,203.26,203.34,203.26,203.34,0.04,28.67,5821.78,1
2023-09-13,2023-09-13 13:07:00,203.34,203.41,203.34,203.41,0.03,28.67,5821.78,1
2023-09-13,2023-09-13 13:08:00,203.41,203.49,203.41,203.49,0.04,28.67,5821.78,1
2023-09-13,2023-09-13 13:09:00,203.49,203.57,203.49,203.57,0.04,28.67,5821.78,1
2023-09-13,2023-09-13 13:10:00,203.57,203.64,203.57,203.64,0.03,28.67,5821.78,1
2023-09-13,2023-09-13 13:11:00,203.64,203.72,203.64,203.72,0.04,28.67,5821.78,1
2023-09-13,2023-09-13 13:12:00,203.72,203.8,203.72,203.8,0.04,28.67,5821.78,1
2023-09-13,2023-09-13 13:13:00,203.8,203.87,203.8,203.87,0.03,28.67,5821.78,1
2023-09-13,2023-09-13 13:14:00,203.87,203.95,203.87,203.95,0.04,28.67,5821.78,1
2023-09-13,2023-09-13 13:15:00,203.95,204.03,203.95,204.03,0.04,28.67,5821.78,1
2023-09-13,2023-09-13 13:16:00,204.03,204.1,204.03,204.1,0.03,28.67,5821.78,1
2023-09-13,2023-09-13 13:17:00,204.1,204.18,204.1,204.18,0.04,28.67,5821.78,1
2023-09-13,2023-09-13 13:18:00,204.18,204.26,204.18,204.26,0.04,28.67,5821.78,1
2023-09-13,2023-09-13 13:19:00,204.26,204.33,204.26,204.33,0.03,28.67,5821.78,1
2023-09-13,2023-09-13 13:20:00,204.33,204.41,204.33,204.41,0.04,28.67,5821.78,1
2023-09-13,2023-09-13 13:21:00,204.41,204.49,204.41,204.49,0.04,28.67,5821.78,1
2023-09-13,2023-09-13 13:22:00,204.49,204.56,204.49,204.56,0.03,28.67,5821.78,1
2023-09-13,2023-09-13 13:23:00,204.56,204.64,204.56,204.64,0.04,28.67,5821.78,1
2023-09-13,2023-09-13 13:24:00,204.64,204.72,204.64,204.72,0.04,28.67,5821.78,1
2023-09-13,2023-09-13 13:25:00,204.72,204.79,204.72,204.79,0.03,28.67,5821.78,1
2023-09-13,2023-09-13 13:26:00,204.79,204.87,204.79,204.87,0.04,28.67,5821.78,1
2023-09-13,2023-09-13 13:27:00,204.87,204.95,204.87,204.95,0.04,28.67,5821.78,1
2023-09-13,2023-09-13 13:28:00,204.95,205.02,204.95,205.02,0.03,28.67,5821.78,1
2023-09-13,2023-09-13 13:29:00,205.02,205.1,205.02,205.1,0.04,28.67,5821.78,1
2023-09-13,2023-09-13 13:30:00,205.1,205.18,205.1,205.18,0.04,28.67,5821.78,1
2023-09-13,2023-09-13 13:31:00,205.18,205.25,205.18,205.25,0.03,28.67,5821.78,1
2023-09-13,2023-09-13 13:32:00,205.25,205.33,205.25,205.33,0.04,28.67,5821.78,1
2023-09-13,2023-09-13 13:33:00,205.33,205.41,205.33,205.41,0.04,28.67,5821.78,1
2023-09-13,2023-09-13 13:34:00,205.41,205.48,205.41,205.48,0.03,28.67,5821.78,1
2023-09-13,2023-09-13 13:35:00,205.48,205.56,205.48,205.56,0.04,28.67,5821.78,1
2023-09-13,2023-09-13 13:36:00,205.56,205.64,205.56,205.64,0.04,28.67,5821.78,1
2023-09-13,2023-09-13 13:37:00,205.64,205.71,205.64,205.71,0.03,28.67,5821.78,1
2023-09-13,2023-09-13 13:38:00,205.71,205.79,205.71,205.79,0.04,28.67,5821.78,1
2023-09-13,2023-09-13 13:39:00,205.79,205.87,205.79,205.87,0.04,28.67,5821.78,1
2023-09-13,2023-09-13 13:40:00,205.87,205.94,205.87,205.94,0.03,28.67,5821.78,1
2023-09-13,2023-09-13 13:41:00,205.94,206.02,205.94,206.02,0.04,28.67,5821.78,1
2023-09-13,2023-09-13 13:42:00,206.02,206.1,206.02,206.1,0.04,28.67,5821.78,1
2023-09-13,2023-09-13 13:43:00,206.1,206.17,206.1,206.17,0.03,28.67,5821.78,1
2023-09-13,2023-09-13 13:44:00,206.17,206.25,206.17,206.25,0.04,28.67,5821.78,1
2023-09-13,2023-09-13 13:45:00,206.25,206.33,206.25,206.33,0.04,28.67,5821.78,1
2023-09-13,2023-09-13 13:46:00,206.33,206.4,206.33,206.4,0.03,28.67,5821.78,1
2023-09-13,2023-09-13 13:47:00,206.4,206.48,206.4,206.48,0.04,28.67,5821.78,1
2023-09-13,2023-09-13 13:48:00,206.48,206.56,206.48,206.56,0.04,28.67,5821.78,1
2023-09-13,2023-09-13 13:49:00,206.56,206.63,206.56,206.63,0.03,28.67,5821.78,1
2023-09-13,2023-09-13 13:50:00,206.63,206.71,206.63,206.71,0.04,28.67,5821.78,1
2023-09-13,2023-09-13 13:51:00,206.71,206.79,206.71,206.79,0.04,28.67,5821.78,1
2023-09-13,2023-09-13 13:52:00,206.79,206.86,206.79,206.86,0.03,28.67,5821.78,1
2023-09-13,2023-09-13 13:53:00,206.86,206.94,206.86,206.94,0.04,28.67,5821.78,1
2023-09-13,2023-09-13 13:54:00,206.94,207.02,206.94,207.02,0.04,28.67,5821.78,1
2023-09-13,2023-09-13 13:55:00,207.02,207.09,207.02,207.09,0.03,28.67,5821.78,1
2023-09-13,2023-09-13 13:56:00,207.09,207.17,207.09,207.17,0.04,28.67,5821.78,1
2023-09-13,2023-09-13 13:57:00,207.17,207.25,207.17,207.25,0.04,28.67,5821.78,1
2023-09-13,2023-09-13 13:58:00,207.25,207.32,207.25,207.32,0.03,28.67,5821.78,1
2023-09-13,2023-09-13 13:59:00,207.32,207.4,207.32,207.4,0.04,28.67,5821.78,1
2023-09-13,2023-09-13 14:00:00,207.4,207.48,207.4,207.48,0.04,28.67,5821.78,1
2023-09-13,2023-09-13 14:01:00,207.48,207.55,207.48,207.55,0.03,28.67,5821.78,1
2023-09-13,2023-09-13 14:02:00,207.55,207.63,207.55,207.63,0.04,28.67,5821.78,1
2023-09-13,2023-09-13 14:03:00,207.63,207.71,207.63,207.71,0.04,28.67,5821.78,1
2023-09-13,2023-09-13 14:04:00,207.71,207.78,207.71,207.78,0.03,28.67,5821.78,1
2023-09-13,2023-09-13 14:05:00,207.78,207.86,207.78,207.86,0.04,28.67,5821.78,1
2023-09-13,2023-09-13 14:06:00,207.86,207.94,207.86,207.94,0.04,28.67,5821.78,1
2023-09-13,2023-09-13 14:07:00,207.94,208.01,207.94,208.01,0.03,28.67,5821.78,1
2023-09-13,2023-09-13 14:08:00,208.01,208.09,208.01,208.09,0.04,28.67,5821.78,1
2023-09-13,2023-09-13 14:09:00,208.09,208.17,208.09,208.17,0.04,28.67,5821.78,1
2023-09-13,2023-09-13 14:10:00,208.17,208.24,208.17,208.24,0.03,28.67,5821.78,1
2023-09-13,2023-09-13 14:11:00,208.24,208.32,208.24,208.32,0.04,28.67,5821.78,1
2023-09-13,2023-09-13 14:12:00,208.32,208.4,208.32,208.4,0.04,28.67,5821.78,1
2023-09-13,2023-09-13 14:13:00,208.4,208.47,208.4,208.47,0.03,28.67,5821.78,1
2023-09-13,2023-09-13 14:14:00,208.47,208.55,208.47,208.55,0.04,28.67,5821.78,1
2023-09-13,2023-09-13 14:15:00,208.55,208.63,208.55,208.63,0.04,28.67,5821.78,1
2023-09-13,2023-09-13 14:16:00,208.63,208.7,208.63,208.7,0.03,28.67,5821.78,1
2023-09-13,2023-09-13 14:17:00,208.7,208.78,208.7,208.78,0.04,28.67,5821.78,1
2023-09-13,2023-09-13 14:18:00,208.78,208.86,208.78,208.86,0.04,28.67,5821.78,1
2023-09-13,2023-09-13 14:19:00,208.86,208.93,208.86,208.93,0.03,28.67,5821.78,1
2023-09-13,2023-09-13 14:20:00,208.93,209.01,208.93,209.01,0.04,28.67,5821.78,1
2023-09-13,2023-09-13 14:21:00,209.01,209.09,209.01,209.09,0.04,28.67,5821.78,1
2023-09-13,2023-09-13 14:22:00,209.09,209.16,209.09,209.16,0.03,28.67,5821.78,1
2023-09-13,2023-09-13 14:23:00,209.16,209.24,209.16,209.24,0.04,28.67,5821.78,1
2023-09-13,2023-09-13 14:24:00,209.24,209.32,209.24,209.32,0.04,28.67,5821.78,1
2023-09-13,2023-09-13 14:25:00,209.32,209.39,209.32,209.39,0.03,28.67,5821.78,1
2023-09-13,2023-09-13 14:26:00,209.39,209.47,209.39,209.47,0.04,28.67,5821.78,1
2023-09-13,2023-09-13 14:27:00,209.47,209.55,209.47,209.55,0.04,28.67,5821.78,1
2023-09-13,2023-09-13 14:28:00,209.55,209.62,209.55,209.62,0.03,28.67,5821.78,1
2023-09-13,2023-09-13 14:29:00,209.62,209.7,209.62,209.7,0.04,28.67,5821.78,1
2023-09-13,2023-09-13 14:30:00,209.7,209.78,209.7,209.78,0.04,28.67,5821.78,1
2023-09-13,2023-09-13 14:31:00,209.78,209.85,209.78,209.85,0.03,28.67,5821.78,1
2023-09-13,2023-09-13 14:32:00,209.85,209.93,209.85,209.93,0.04,28.67,5821.78,1
2023-09-13,2023-09-13 14:33:00,209.93,210.01,209.93,210.01,0.04,28.67,5821.78,1
2023-09-13,2023-09-13 14:34:00,210.01,210.08,210.01,210.08,0.03,28.67,5821.78,1
2023-09-13,2023-09-13 14:35:00,210.08,210.16,210.08,210.16,0.04,28.67,5821.78,1
2023-09-13,2023-09-13 14:36:00,210.16,210.24,210.16,210.24,0.04,28.67,5821.78,1
2023-09-13,2023-09-13 14:37:00,210.24,210.31,210.24,210.31,0.03,28.67,5821.78,1
2023-09-13,2023-09-13 14:38:00,210.31,210.39,210.31,210.39,0.04,28.67,5821.78,1
2023-09-13,2023-09-13 14:39:00,210.39,210.47,210.39,210.47,0.04,28.67,5821.78,1
2023-09-13,2023-09-13 14:40:00,210.47,210.54,210.47,210.54,0.03,28.67,5821.78,1
2023-09-13,2023-09-13 14:41:00,210.54,210.62,210.54,210.62,0.04,28.67,5821.78,1
2023-09-13,2023-09-13 14:42:00,210.62,210.7,210.62,210.7,0.04,28.67,5821.78,1
2023-09-13,2023-09-13 14:43:00,210.7,210.77,210.7,210.77,0.03,28.67,5821.78,1
2023-09-13,2023-09-13 14:44:00,210.77,210.85,210.77,210.85,0.04,28.67,5821.78,1
2023-09-13,2023-09-13 14:45:00,210.85,210.93,210.85,210.93,0.04,28.67,5821.78,1
2023-09-13,2023-09-13 14:46:00,210.93,211.0,210.93,211.0,0.03,28.67,5821.78,1
2023-09-13,2023-09-13 14:47:00,211.0,211.08,211.0,211.08,0.04,28.67,5821.78,1
2023-09-13,2023-09-13 14:48:00,211.08,211.16,211.08,211.16,0.04,28.67,5821.78,1
2023-09-13,2023-09-13 14:49:00,211.16,211.23,211.16,211.23,0.03,28.67,5821.78,1
2023-09-13,2023-09-13 14:50:00,211.23,211.31,211.23,211.31,0.04,28.67,5821.78,1
2023-09-13,2023-09-13 14:51:00,211.31,211.39,211.31,211.39,0.04,28.67,5821.78,1
2023-09-13,2023-09-13 14:52:00,211.39,211.46,211.39,211.46,0.03,28.67,5821.78,1
2023-09-13,2023-09-13 14:53:00,211.46,211.54,211.46,211.54,0.04,28.67,5821.78,1
2023-09-13,2023-09-13 14:54:00,211.54,211.62,211.54,211.62,0.04,28.67,5821.78,1
2023-09-13,2023-09-13 14:55:00,211.62,211.69,211.62,211.69,0.03,28.67,5821.78,1
2023-09-13,2023-09-13 14:56:00,211.69,211.77,211.69,211.77,0.04,28.67,5821.78,1
2023-09-13,2023-09-13 14:57:00,211.77,211.85,211.77,211.85,0.04,28.67,5821.78,1
2023-09-13,2023-09-13 14:58:00,211.85,211.92,211.85,211.92,0.03,28.67,5821.78,1
2023-09-13,2023-09-13 14:59:00,211.92,212.0,211.92,212.0,0.04,28.67,5821.78,1
2023-09-13,2023-09-13 15:00:00,212.0,212.0,190.0,212.0,0.0,28.67,5821.78,0
2023-09-17,2023-09-17 11:00:00,207.9,208.53,203.46,207.85,-0.02,80.58,16092.13,-1
2023-09-17,2023-09-17 11:01:00,207.85,207.85,207.79,207.79,-0.03,80.58,16092.13,-1
2023-09-17,2023-09-17 11:02:00,207.79,207.79,207.74,207.74,-0.02,80.58,16092.13,-1
2023-09-17,2023-09-17 11:03:00,207.74,207.74,207.69,207.69,-0.02,80.58,16092.13,-1
2023-09-17,2023-09-17 11:04:00,207.69,207.69,207.63,207.63,-0.03,80.58,16092.13,-1
2023-09-17,2023-09-17 11:05:00,207.63,207.63,207.58,207.58,-0.02,80.58,16092.13,-1
2023-09-17,2023-09-17 11:06:00,207.58,207.58,207.52,207.52,-0.03,80.58,16092.13,-1
2023-09-17,2023-09-17 11:07:00,207.52,207.52,207.47,207.47,-0.02,80.58,16092.13,-1
2023-09-17,2023-09-17 11:08:00,207.47,207.47,207.42,207.42,-0.02,80.58,16092.13,-1
2023-09-17,2023-09-17 11:09:00,207.42,207.42,207.36,207.36,-0.03,80.58,16092.13,-1
2023-09-17,2023-09-17 11:10:00,207.36,207.36,207.31,207.31,-0.02,80.58,16092.13,-1
2023-09-17,2023-09-17 11:11:00,207.31,207.31,207.25,207.25,-0.03,80.58,16092.13,-1
2023-09-17,2023-09-17 11:12:00,207.25,207.25,207.2,207.2,-0.02,80.58,16092.13,-1
2023-09-17,2023-09-17 11:13:00,207.2,207.2,207.15,207.15,-0.02,80.58,16092.13,-1
2023-09-17,2023-09-17 11:14:00,207.15,207.15,207.09,207.09,-0.03,80.58,16092.13,-1
2023-09-17,2023-09-17 11:15:00,207.09,207.09,207.04,207.04,-0.02,80.58,16092.13,-1
2023-09-17,2023-09-17 11:16:00,207.04,207.04,206.99,206.99,-0.02,80.58,16092.13,-1
2023-09-17,2023-09-17 11:17:00,206.99,206.99,206.93,206.93,-0.03,80.58,16092.13,-1
2023-09-17,2023-09-17 11:18:00,206.93,206.93,206.88,206.88,-0.02,80.58,16092.13,-1
2023-09-17,2023-09-17 11:19:00,206.88,206.88,206.83,206.83,-0.02,80.58,16092.13,-1
2023-09-17,2023-09-17 11:20:00,206.83,206.83,206.77,206.77,-0.03,80.58,16092.13,-1
2023-09-17,2023-09-17 11:21:00,206.77,206.77,206.72,206.72,-0.02,80.58,16092.13,-1
2023-09-17,2023-09-17 11:22:00,206.72,206.72,206.66,206.66,-0.03,80.58,16092.13,-1
2023-09-17,2023-09-17 11:23:00,206.66,206.66,206.61,206.61,-0.02,80.58,16092.13,-1
2023-09-17,2023-09-17 11:24:00,206.61,206.61,206.56,206.56,-0.02,80.58,16092.13,-1
2023-09-17,2023-09-17 11:25:00,206.56,206.56,206.5,206.5,-0.03,80.58,16092.13,-1
2023-09-17,2023-09-17 11:26:00,206.5,206.5,206.45,206.45,-0.02,80.58,16092.13,-1
2023-09-17,2023-09-17 11:27:00,206.45,206.45,206.4,206.4,-0.02,80.58,16092.13,-1
2023-09-17,2023-09-17 11:28:00,206.4,206.4,206.34,206.34,-0.03,80.58,16092.13,-1
2023-09-17,2023-09-17 11:29:00,206.34,206.34,206.29,206.29,-0.02,80.58,16092.13,-1
2023-09-17,2023-09-17 11:30:00,206.29,206.29,206.23,206.23,-0.03,80.58,16092.13,-1
2023-09-17,2023-09-17 11:31:00,206.23,206.23,206.18,206.18,-0.02,80.58,16092.13,-1
2023-09-17,2023-09-17 11:32:00,206.18,206.18,206.13,206.13,-0.02,80.58,16092.13,-1
2023-09-17,2023-09-17 11:33:00,206.13,206.13,206.07,206.07,-0.03,80.58,16092.13,-1
2023-09-17,2023-09-17 11:34:00,206.07,206.07,206.02,206.02,-0.02,80.58,16092.13,-1
2023-09-17,2023-09-17 11:35:00,206.02,206.02,205.97,205.97,-0.02,80.58,16092.13,-1
2023-09-17,2023-09-17 11:36:00,205.97,205.97,205.91,205.91,-0.03,80.58,16092.13,-1
2023-09-17,2023-09-17 11:37:00,205.91,205.91,205.86,205.86,-0.02,80.58,16092.13,-1
2023-09-17,2023-09-17 11:38:00,205.86,205.86,205.8,205.8,-0.03,80.58,16092.13,-1
2023-09-17,2023-09-17 11:39:00,205.8,205.8,205.75,205.75,-0.02,80.58,16092.13,-1
2023-09-17,2023-09-17 11:40:00,205.75,205.75,205.7,205.7,-0.02,80.58,16092.13,-1
2023-09-17,2023-09-17 11:41:00,205.7,205.7,205.64,205.64,-0.03,80.58,16092.13,-1
2023-09-17,2023-09-17 11:42:00,205.64,205.64,205.59,205.59,-0.02,80.58,16092.13,-1
2023-09-17,2023-09-17 11:43:00,205.59,205.59,205.53,205.53,-0.03,80.58,16092.13,-1
2023-09-17,2023-09-17 11:44:00,205.53,205.53,205.48,205.48,-0.02,80.58,16092.13,-1
2023-09-17,2023-09-17 11:45:00,205.48,205.48,205.43,205.43,-0.02,80.58,16092.13,-1
2023-09-17,2023-09-17 11:46:00,205.43,205.43,205.37,205.37,-0.03,80.58,16092.13,-1
2023-09-17,2023-09-17 11:47:00,205.37,205.37,205.32,205.32,-0.02,80.58,16092.13,-1
2023-09-17,2023-09-17 11:48:00,205.32,205.32,205.27,205.27,-0.02,80.58,16092.13,-1
2023-09-17,2023-09-17 11:49:00,205.27,205.27,205.21,205.21,-0.03,80.58,16092.13,-1
2023-09-17,2023-09-17 11:50:00,205.21,205.21,205.16,205.16,-0.02,80.58,16092.13,-1
2023-09-17,2023-09-17 11:51:00,205.16,205.16,205.11,205.11,-0.02,80.58,16092.13,-1
2023-09-17,2023-09-17 11:52:00,205.11,205.11,205.05,205.05,-0.03,80.58,16092.13,-1
2023-09-17,2023-09-17 11:53:00,205.05,205.05,205.0,205.0,-0.02,80.58,16092.13,-1
2023-09-17,2023-09-17 11:54:00,205.0,205.0,204.94,204.94,-0.03,80.58,16092.13,-1
2023-09-17,2023-09-17 11:55:00,204.94,204.94,204.89,204.89,-0.02,80.58,16092.13,-1
2023-09-17,2023-09-17 11:56:00,204.89,204.89,204.84,204.84,-0.02,80.58,16092.13,-1
2023-09-17,2023-09-17 11:57:00,204.84,204.84,204.78,204.78,-0.03,80.58,16092.13,-1
2023-09-17,2023-09-17 11:58:00,204.78,204.78,204.73,204.73,-0.02,80.58,16092.13,-1
2023-09-17,2023-09-17 11:59:00,204.73,204.73,204.68,204.68,-0.02,80.58,16092.13,-1
2023-09-17,2023-09-17 12:00:00,204.68,204.68,204.62,204.62,-0.03,80.58,16092.13,-1
2023-09-17,2023-09-17 12:01:00,204.62,204.62,204.57,204.57,-0.02,80.58,16092.13,-1
2023-09-17,2023-09-17 12:02:00,204.57,204.57,204.51,204.51,-0.03,80.58,16092.13,-1
2023-09-17,2023-09-17 12:03:00,204.51,204.51,204.46,204.46,-0.02,80.58,16092.13,-1
2023-09-17,2023-09-17 12:04:00,204.46,204.46,204.41,204.41,-0.02,80.58,16092.13,-1
2023-09-17,2023-09-17 12:05:00,204.41,204.41,204.35,204.35,-0.03,80.58,16092.13,-1
2023-09-17,2023-09-17 12:06:00,204.35,204.35,204.3,204.3,-0.02,80.58,16092.13,-1
2023-09-17,2023-09-17 12:07:00,204.3,204.3,204.25,204.25,-0.02,80.58,16092.13,-1
2023-09-17,2023-09-17 12:08:00,204.25,204.25,204.19,204.19,-0.03,80.58,16092.13,-1
2023-09-17,2023-09-17 12:09:00,204.19,204.19,204.14,204.14,-0.02,80.58,16092.13,-1
2023-09-17,2023-09-17 12:10:00,204.14,204.14,204.08,204.08,-0.03,80.58,16092.13,-1
2023-09-17,2023-09-17 12:11:00,204.08,204.08,204.03,204.03,-0.02,80.58,16092.13,-1
2023-09-17,2023-09-17 12:12:00,204.03,204.03,203.98,203.98,-0.02,80.58,16092.13,-1
2023-09-17,2023-09-17 12:13:00,203.98,203.98,203.92,203.92,-0.03,80.58,16092.13,-1
2023-09-17,2023-09-17 12:14:00,203.92,203.92,203.87,203.87,-0.02,80.58,16092.13,-1
2023-09-17,2023-09-17 12:15:00,203.87,203.87,203.81,203.81,-0.03,80.58,16092.13,-1
2023-09-17,2023-09-17 12:16:00,203.81,203.81,203.76,203.76,-0.02,80.58,16092.13,-1
2023-09-17,2023-09-17 12:17:00,203.76,203.76,203.71,203.71,-0.02,80.58,16092.13,-1
2023-09-17,2023-09-17 12:18:00,203.71,203.71,203.65,203.65,-0.03,80.58,16092.13,-1
2023-09-17,2023-09-17 12:19:00,203.65,203.65,203.6,203.6,-0.02,80.58,16092.13,-1
2023-09-17,2023-09-17 12:20:00,203.6,203.6,203.55,203.55,-0.02,80.58,16092.13,-1
2023-09-17,2023-09-17 12:21:00,203.55,203.55,203.49,203.49,-0.03,80.58,16092.13,-1
2023-09-17,2023-09-17 12:22:00,203.49,203.49,203.44,203.44,-0.02,80.58,16092.13,-1
2023-09-17,2023-09-17 12:23:00,203.44,203.44,203.38,203.38,-0.03,80.58,16092.13,-1
2023-09-17,2023-09-17 12:24:00,203.38,203.38,203.33,203.33,-0.02,80.58,16092.13,-1
2023-09-17,2023-09-17 12:25:00,203.33,203.33,203.28,203.28,-0.02,80.58,16092.13,-1
2023-09-17,2023-09-17 12:26:00,203.28,203.28,203.22,203.22,-0.03,80.58,16092.13,-1
2023-09-17,2023-09-17 12:27:00,203.22,203.22,203.17,203.17,-0.02,80.58,16092.13,-1
2023-09-17,2023-09-17 12:28:00,203.17,203.17,203.12,203.12,-0.02,80.58,16092.13,-1
2023-09-17,2023-09-17 12:29:00,203.12,203.12,203.06,203.06,-0.03,80.58,16092.13,-1
2023-09-17,2023-09-17 12:30:00,203.06,203.06,203.01,203.01,-0.02,80.58,16092.13,-1
2023-09-17,2023-09-17 12:31:00,203.01,203.01,202.96,202.96,-0.02,80.58,16092.13,-1
2023-09-17,2023-09-17 12:32:00,202.96,202.96,202.9,202.9,-0.03,80.58,16092.13,-1
2023-09-17,2023-09-17 12:33:00,202.9,202.9,202.85,202.85,-0.02,80.58,16092.13,-1
2023-09-17,2023-09-17 12:34:00,202.85,202.85,202.79,202.79,-0.03,80.58,16092.13,-1
2023-09-17,2023-09-17 12:35:00,202.79,202.79,202.74,202.74,-0.02,80.58,16092.13,-1
2023-09-17,2023-09-17 12:36:00,202.74,202.74,202.69,202.69,-0.02,80.58,16092.13,-1
2023-09-17,2023-09-17 12:37:00,202.69,202.69,202.63,202.63,-0.03,80.58,16092.13,-1
2023-09-17,2023-09-17 12:38:00,202.63,202.63,202.58,202.58,-0.02,80.58,16092.13,-1
2023-09-17,2023-09-17 12:39:00,202.58,202.58,202.53,202.53,-0.02,80.58,16092.13,-1
2023-09-17,2023-09-17 12:40:00,202.53,202.53,202.47,202.47,-0.03,80.58,16092.13,-1
2023-09-17,2023-09-17 12:41:00,202.47,202.47,202.42,202.42,-0.02,80.58,16092.13,-1
2023-09-17,2023-09-17 12:42:00,202.42,202.42,202.36,202.36,-0.03,80.58,16092.13,-1
2023-09-17,2023-09-17 12:43:00,202.36,202.36,202.31,202.31,-0.02,80.58,16092.13,-1
2023-09-17,2023-09-17 12:44:00,202.31,202.31,202.26,202.26,-0.02,80.58,16092.13,-1
2023-09-17,2023-09-17 12:45:00,202.26,202.26,202.2,202.2,-0.03,80.58,16092.13,-1
2023-09-17,2023-09-17 12:46:00,202.2,202.2,202.15,202.15,-0.02,80.58,16092.13,-1
2023-09-17,2023-09-17 12:47:00,202.15,202.15,202.09,202.09,-0.03,80.58,16092.13,-1
2023-09-17,2023-09-17 12:48:00,202.09,202.09,202.04,202.04,-0.02,80.58,16092.13,-1
2023-09-17,2023-09-17 12:49:00,202.04,202.04,201.99,201.99,-0.02,80.58,16092.13,-1
2023-09-17,2023-09-17 12:50:00,201.99,201.99,201.93,201.93,-0.03,80.58,16092.13,-1
2023-09-17,2023-09-17 12:51:00,201.93,201.93,201.88,201.88,-0.02,80.58,16092.13,-1
2023-09-17,2023-09-17 12:52:00,201.88,201.88,201.83,201.83,-0.02,80.58,16092.13,-1
2023-09-17,2023-09-17 12:53:00,201.83,201.83,201.77,201.77,-0.03,80.58,16092.13,-1
2023-09-17,2023-09-17 12:54:00,201.77,201.77,201.72,201.72,-0.02,80.58,16092.13,-1
2023-09-17,2023-09-17 12:55:00,201.72,201.72,201.66,201.66,-0.03,80.58,16092.13,-1
2023-09-17,2023-09-17 12:56:00,201.66,201.66,201.61,201.61,-0.02,80.58,16092.13,-1
2023-09-17,2023-09-17 12:57:00,201.61,201.61,201.56,201.56,-0.02,80.58,16092.13,-1
2023-09-17,2023-09-17 12:58:00,201.56,201.56,201.5,201.5,-0.03,80.58,16092.13,-1
2023-09-17,2023-09-17 12:59:00,201.5,201.5,201.45,201.45,-0.02,80.58,16092.13,-1
2023-09-17,2023-09-17 13:00:00,201.45,210.0,193.1,201.4,-0.02,80.58,16092.13,-1
2023-09-17,2023-09-17 13:01:00,201.4,201.4,201.34,201.34,-0.03,80.58,16092.13,-1
2023-09-17,2023-09-17 13:02:00,201.34,201.34,201.29,201.29,-0.02,80.58,16092.13,-1
2023-09-17,2023-09-17 13:03:00,201.29,201.29,201.24,201.24,-0.02,80.58,16092.13,-1
2023-09-17,2023-09-17 13:04:00,201.24,201.24,201.18,201.18,-0.03,80.58,16092.13,-1
2023-09-17,2023-09-17 13:05:00,201.18,201.18,201.13,201.13,-0.02,80.58,16092.13,-1
2023-09-17,2023-09-17 13:06:00,201.13,201.13,201.07,201.07,-0.03,80.58,16092.13,-1
2023-09-17,2023-09-17 13:07:00,201.07,201.07,201.02,201.02,-0.02,80.58,16092.13,-1
2023-09-17,2023-09-17 13:08:00,201.02,201.02,200.97,200.97,-0.02,80.58,16092.13,-1
2023-09-17,2023-09-17 13:09:00,200.97,200.97,200.91,200.91,-0.03,80.58,16092.13,-1
2023-09-17,2023-09-17 13:10:00,200.91,200.91,200.86,200.86,-0.02,80.58,16092.13,-1
2023-09-17,2023-09-17 13:11:00,200.86,200.86,200.81,200.81,-0.02,80.58,16092.13,-1
2023-09-17,2023-09-17 13:12:00,200.81,200.81,200.75,200.75,-0.03,80.58,16092.13,-1
2023-09-17,2023-09-17 13:13:00,200.75,200.75,200.7,200.7,-0.02,80.58,16092.13,-1
2023-09-17,2023-09-17 13:14:00,200.7,200.7,200.64,200.64,-0.03,80.58,16092.13,-1
2023-09-17,2023-09-17 13:15:00,200.64,200.64,200.59,200.59,-0.02,80.58,16092.13,-1
2023-09-17,2023-09-17 13:16:00,200.59,200.59,200.54,200.54,-0.02,80.58,16092.13,-1
2023-09-17,2023-09-17 13:17:00,200.54,200.54,200.48,200.48,-0.03,80.58,16092.13,-1
2023-09-17,2023-09-17 13:18:00,200.48,200.48,200.43,200.43,-0.02,80.58,16092.13,-1
2023-09-17,2023-09-17 13:19:00,200.43,200.43,200.38,200.38,-0.02,80.58,16092.13,-1
2023-09-17,2023-09-17 13:20:00,200.38,200.38,200.32,200.32,-0.03,80.58,16092.13,-1
2023-09-17,2023-09-17 13:21:00,200.32,200.32,200.27,200.27,-0.02,80.58,16092.13,-1
2023-09-17,2023-09-17 13:22:00,200.27,200.27,200.21,200.21,-0.03,80.58,16092.13,-1
2023-09-17,2023-09-17 13:23:00,200.21,200.21,200.16,200.16,-0.02,80.58,16092.13,-1
2023-09-17,2023-09-17 13:24:00,200.16,200.16,200.11,200.11,-0.02,80.58,16092.13,-1
2023-09-17,2023-09-17 13:25:00,200.11,200.11,200.05,200.05,-0.03,80.58,16092.13,-1
2023-09-17,2023-09-17 13:26:00,200.05,200.05,200.0,200.0,-0.02,80.58,16092.13,-1
2023-09-17,2023-09-17 13:27:00,200.0,200.0,199.94,199.94,-0.03,80.58,16092.13,-1
2023-09-17,2023-09-17 13:28:00,199.94,199.94,199.89,199.89,-0.03,80.58,16092.13,-1
2023-09-17,2023-09-17 13:29:00,199.89,199.89,199.84,199.84,-0.03,80.58,16092.13,-1
2023-09-17,2023-09-17 13:30:00,199.84,199.84,199.78,199.78,-0.03,80.58,16092.13,-1
2023-09-17,2023-09-17 13:31:00,199.78,199.78,199.73,199.73,-0.03,80.58,16092.13,-1
2023-09-17,2023-09-17 13:32:00,199.73,199.73,199.68,199.68,-0.03,80.58,16092.13,-1
2023-09-17,2023-09-17 13:33:00,199.68,199.68,199.62,199.62,-0.03,80.58,16092.13,-1
2023-09-17,2023-09-17 13:34:00,199.62,199.62,199.57,199.57,-0.03,80.58,16092.13,-1
2023-09-17,2023-09-17 13:35:00,199.57,199.57,199.52,199.52,-0.03,80.58,16092.13,-1
2023-09-17,2023-09-17 13:36:00,199.52,199.52,199.46,199.46,-0.03,80.58,16092.13,-1
2023-09-17,2023-09-17 13:37:00,199.46,199.46,199.41,199.41,-0.03,80.58,16092.13,-1
2023-09-17,2023-09-17 13:38:00,199.41,199.41,199.35,199.35,-0.03,80.58,16092.13,-1
2023-09-17,2023-09-17 13:39:00,199.35,199.35,199.3,199.3,-0.03,80.58,16092.13,-1
2023-09-17,2023-09-17 13:40:00,199.3,199.3,199.25,199.25,-0.03,80.58,16092.13,-1
2023-09-17,2023-09-17 13:41:00,199.25,199.25,199.19,199.19,-0.03,80.58,16092.13,-1
2023-09-17,2023-09-17 13:42:00,199.19,199.19,199.14,199.14,-0.03,80.58,16092.13,-1
2023-09-17,2023-09-17 13:43:00,199.14,199.14,199.09,199.09,-0.03,80.58,16092.13,-1
2023-09-17,2023-09-17 13:44:00,199.09,199.09,199.03,199.03,-0.03,80.58,16092.13,-1
2023-09-17,2023-09-17 13:45:00,199.03,199.03,198.98,198.98,-0.03,80.58,16092.13,-1
2023-09-17,2023-09-17 13:46:00,198.98,198.98,198.92,198.92,-0.03,80.58,16092.13,-1
2023-09-17,2023-09-17 13:47:00,198.92,198.92,198.87,198.87,-0.03,80.58,16092.13,-1
2023-09-17,2023-09-17 13:48:00,198.87,198.87,198.82,198.82,-0.03,80.58,16092.13,-1
2023-09-17,2023-09-17 13:49:00,198.82,198.82,198.76,198.76,-0.03,80.58,16092.13,-1
2023-09-17,2023-09-17 13:50:00,198.76,198.76,198.71,198.71,-0.03,80.58,16092.13,-1
2023-09-17,2023-09-17 13:51:00,198.71,198.71,198.66,198.66,-0.03,80.58,16092.13,-1
2023-09-17,2023-09-17 13:52:00,198.66,198.66,198.6,198.6,-0.03,80.58,16092.13,-1
2023-09-17,2023-09-17 13:53:00,198.6,198.6,198.55,198.55,-0.03,80.58,16092.13,-1
2023-09-17,2023-09-17 13:54:00,198.55,198.55,198.49,198.49,-0.03,80.58,16092.13,-1
2023-09-17,2023-09-17 13:55:00,198.49,198.49,198.44,198.44,-0.03,80.58,16092.13,-1
2023-09-17,2023-09-17 13:56:00,198.44,198.44,198.39,198.39,-0.03,80.58,16092.13,-1
2023-09-17,2023-09-17 13:57:00,198.39,198.39,198.33,198.33,-0.03,80.58,16092.13,-1
2023-09-17,2023-09-17 13:58:00,198.33,198.33,198.28,198.28,-0.03,80.58,16092.13,-1
2023-09-17,2023-09-17 13:59:00,198.28,198.28,198.22,198.22,-0.03,80.58,16092.13,-1
2023-09-17,2023-09-17 14:00:00,198.22,198.22,198.17,198.17,-0.03,80.58,16092.13,-1
2023-09-17,2023-09-17 14:01:00,198.17,198.17,198.12,198.12,-0.03,80.58,16092.13,-1
2023-09-17,2023-09-17 14:02:00,198.12,198.12,198.06,198.06,-0.03,80.58,16092.13,-1
2023-09-17,2023-09-17 14:03:00,198.06,198.06,198.01,198.01,-0.03,80.58,16092.13,-1
2023-09-17,2023-09-17 14:04:00,198.01,198.01,197.96,197.96,-0.03,80.58,16092.13,-1
2023-09-17,2023-09-17 14:05:00,197.96,197.96,197.9,197.9,-0.03,80.58,16092.13,-1
2023-09-17,2023-09-17 14:06:00,197.9,197.9,197.85,197.85,-0.03,80.58,16092.13,-1
2023-09-17,2023-09-17 14:07:00,197.85,197.85,197.8,197.8,-0.03,80.58,16092.13,-1
2023-09-17,2023-09-17 14:08:00,197.8,197.8,197.74,197.74,-0.03,80.58,16092.13,-1
2023-09-17,2023-09-17 14:09:00,197.74,197.74,197.69,197.69,-0.03,80.58,16092.13,-1
2023-09-17,2023-09-17 14:10:00,197.69,197.69,197.63,197.63,-0.03,80.58,16092.13,-1
2023-09-17,2023-09-17 14:11:00,197.63,197.63,197.58,197.58,-0.03,80.58,16092.13,-1
2023-09-17,2023-09-17 14:12:00,197.58,197.58,197.53,197.53,-0.03,80.58,16092.13,-1
2023-09-17,2023-09-17 14:13:00,197.53,197.53,197.47,197.47,-0.03,80.58,16092.13,-1
2023-09-17,2023-09-17 14:14:00,197.47,197.47,197.42,197.42,-0.03,80.58,16092.13,-1
2023-09-17,2023-09-17 14:15:00,197.42,197.42,197.37,197.37,-0.03,80.58,16092.13,-1
2023-09-17,2023-09-17 14:16:00,197.37,197.37,197.31,197.31,-0.03,80.58,16092.13,-1
2023-09-17,2023-09-17 14:17:00,197.31,197.31,197.26,197.26,-0.03,80.58,16092.13,-1
2023-09-17,2023-09-17 14:18:00,197.26,197.26,197.2,197.2,-0.03,80.58,16092.13,-1
2023-09-17,2023-09-17 14:19:00,197.2,197.2,197.15,197.15,-0.03,80.58,16092.13,-1
2023-09-17,2023-09-17 14:20:00,197.15,197.15,197.1,197.1,-0.03,80.58,16092.13,-1
2023-09-17,2023-09-17 14:21:00,197.1,197.1,197.04,197.04,-0.03,80.58,16092.13,-1
2023-09-17,2023-09-17 14:22:00,197.04,197.04,196.99,196.99,-0.03,80.58,16092.13,-1
2023-09-17,2023-09-17 14:23:00,196.99,196.99,196.94,196.94,-0.03,80.58,16092.13,-1
2023-09-17,2023-09-17 14:24:00,196.94,196.94,196.88,196.88,-0.03,80.58,16092.13,-1
2023-09-17,2023-09-17 14:25:00,196.88,196.88,196.83,196.83,-0.03,80.58,16092.13,-1
2023-09-17,2023-09-17 14:26:00,196.83,196.83,196.77,196.77,-0.03,80.58,16092.13,-1
2023-09-17,2023-09-17 14:27:00,196.77,196.77,196.72,196.72,-0.03,80.58,16092.13,-1
2023-09-17,2023-09-17 14:28:00,196.72,196.72,196.67,196.67,-0.03,80.58,16092.13,-1
2023-09-17,2023-09-17 14:29:00,196.67,196.67,196.61,196.61,-0.03,80.58,16092.13,-1
2023-09-17,2023-09-17 14:30:00,196.61,196.61,196.56,196.56,-0.03,80.58,16092.13,-1
2023-09-17,2023-09-17 14:31:00,196.56,196.56,196.5,196.5,-0.03,80.58,16092.13,-1
2023-09-17,2023-09-17 14:32:00,196.5,196.5,196.45,196.45,-0.03,80.58,16092.13,-1
2023-09-17,2023-09-17 14:33:00,196.45,196.45,196.4,196.4,-0.03,80.58,16092.13,-1
2023-09-17,2023-09-17 14:34:00,196.4,196.4,196.34,196.34,-0.03,80.58,16092.13,-1
2023-09-17,2023-09-17 14:35:00,196.34,196.34,196.29,196.29,-0.03,80.58,16092.13,-1
2023-09-17,2023-09-17 14:36:00,196.29,196.29,196.24,196.24,-0.03,80.58,16092.13,-1
2023-09-17,2023-09-17 14:37:00,196.24,196.24,196.18,196.18,-0.03,80.58,16092.13,-1
2023-09-17,2023-09-17 14:38:00,196.18,196.18,196.13,196.13,-0.03,80.58,16092.13,-1
2023-09-17,2023-09-17 14:39:00,196.13,196.13,196.07,196.07,-0.03,80.58,16092.13,-1
2023-09-17,2023-09-17 14:40:00,196.07,196.07,196.02,196.02,-0.03,80.58,16092.13,-1
2023-09-17,2023-09-17 14:41:00,196.02,196.02,195.97,195.97,-0.03,80.58,16092.13,-1
2023-09-17,2023-09-17 14:42:00,195.97,195.97,195.91,195.91,-0.03,80.58,16092.13,-1
2023-09-17,2023-09-17 14:43:00,195.91,195.91,195.86,195.86,-0.03,80.58,16092.13,-1
2023-09-17,2023-09-17 14:44:00,195.86,195.86,195.81,195.81,-0.03,80.58,16092.13,-1
2023-09-17,2023-09-17 14:45:00,195.81,195.81,195.75,195.75,-0.03,80.58,16092.13,-1
2023-09-17,2023-09-17 14:46:00,195.75,195.75,195.7,195.7,-0.03,80.58,16092.13,-1
2023-09-17,2023-09-17 14:47:00,195.7,195.7,195.65,195.65,-0.03,80.58,16092.13,-1
2023-09-17,2023-09-17 14:48:00,195.65,195.65,195.59,195.59,-0.03,80.58,16092.13,-1
2023-09-17,2023-09-17 14:49:00,195.59,195.59,195.54,195.54,-0.03,80.58,16092.13,-1
2023-09-17,2023-09-17 14:50:00,195.54,195.54,195.48,195.48,-0.03,80.58,16092.13,-1
2023-09-17,2023-09-17 14:51:00,195.48,195.48,195.43,195.43,-0.03,80.58,16092.13,-1
2023-09-17,2023-09-17 14:52:00,195.43,195.43,195.38,195.38,-0.03,80.58,16092.13,-1
2023-09-17,2023-09-17 14:53:00,195.38,195.38,195.32,195.32,-0.03,80.58,16092.13,-1
2023-09-17,2023-09-17 14:54:00,195.32,195.32,195.27,195.27,-0.03,80.58,16092.13,-1
2023-09-17,2023-09-17 14:55:00,195.27,195.27,195.22,195.22,-0.03,80.58,16092.13,-1
2023-09-17,2023-09-17 14:56:00,195.22,195.22,195.16,195.16,-0.03,80.58,16092.13,-1
2023-09-17,2023-09-17 14:57:00,195.16,195.16,195.11,195.11,-0.03,80.58,16092.13,-1
2023-09-17,2023-09-17 14:58:00,195.11,195.11,195.05,195.05,-0.03,80.58,16092.13,-1
2023-09-17,2023-09-17 14:59:00,195.05,195.05,195.0,195.0,-0.03,80.58,16092.13,-1
2023-09-17,2023-09-17 15:00:00,195.0,210.0,193.1,195.0,0.0,80.58,16092.13,0
2023-09-18,2023-09-18 11:00:00,191.1,197.4,190.17,191.19,0.05,24.85,4974.54,1
2023-09-18,2023-09-18 11:01:00,191.19,191.27,191.19,191.27,0.04,24.85,4974.54,1
2023-09-18,2023-09-18 11:02:00,191.27,191.36,191.27,191.36,0.05,24.85,4974.54,1
2023-09-18,2023-09-18 11:03:00,191.36,191.45,191.36,191.45,0.05,24.85,4974.54,1
2023-09-18,2023-09-18 11:04:00,191.45,191.54,191.45,191.54,0.05,24.85,4974.54,1
2023-09-18,2023-09-18 11:05:00,191.54,191.62,191.54,191.62,0.04,24.85,4974.54,1
2023-09-18,2023-09-18 11:06:00,191.62,191.71,191.62,191.71,0.05,24.85,4974.54,1
2023-09-18,2023-09-18 11:07:00,191.71,191.8,191.71,191.8,0.05,24.85,4974.54,1
2023-09-18,2023-09-18 11:08:00,191.8,191.88,191.8,191.88,0.04,24.85,4974.54,1
2023-09-18,2023-09-18 11:09:00,191.88,191.97,191.88,191.97,0.05,24.85,4974.54,1
2023-09-18,2023-09-18 11:10:00,191.97,192.06,191.97,192.06,0.05,24.85,4974.54,1
2023-09-18,2023-09-18 11:11:00,192.06,192.14,192.06,192.14,0.04,24.85,4974.54,1
2023-09-18,2023-09-18 11:12:00,192.14,192.23,192.14,192.23,0.05,24.85,4974.54,1
2023-09-18,2023-09-18 11:13:00,192.23,192.32,192.23,192.32,0.05,24.85,4974.54,1
2023-09-18,2023-09-18 11:14:00,192.32,192.41,192.32,192.41,0.05,24.85,4974.54,1
2023-09-18,2023-09-18 11:15:00,192.41,192.49,192.41,192.49,0.04,24.85,4974.54,1
2023-09-18,2023-09-18 11:16:00,192.49,192.58,192.49,192.58,0.05,24.85,4974.54,1
2023-09-18,2023-09-18 11:17:00,192.58,192.67,192.58,192.67,0.05,24.85,4974.54,1
2023-09-18,2023-09-18 11:18:00,192.67,192.75,192.67,192.75,0.04,24.85,4974.54,1
2023-09-18,2023-09-18 11:19:00,192.75,192.84,192.75,192.84,0.05,24.85,4974.54,1
2023-09-18,2023-09-18 11:20:00,192.84,192.93,192.84,192.93,0.05,24.85,4974.54,1
2023-09-18,2023-09-18 11:21:00,192.93,193.02,192.93,193.02,0.05,24.85,4974.54,1
2023-09-18,2023-09-18 11:22:00,193.02,193.1,193.02,193.1,0.04,24.85,4974.54,1
2023-09-18,2023-09-18 11:23:00,193.1,193.19,193.1,193.19,0.05,24.85,4974.54,1
2023-09-18,2023-09-18 11:24:00,193.19,193.28,193.19,193.28,0.05,24.85,4974.54,1
2023-09-18,2023-09-18 11:25:00,193.28,193.36,193.28,193.36,0.04,24.85,4974.54,1
2023-09-18,2023-09-18 11:26:00,193.36,193.45,193.36,193.45,0.05,24.85,4974.54,1
2023-09-18,2023-09-18 11:27:00,193.45,193.54,193.45,193.54,0.05,24.85,4974.54,1
2023-09-18,2023-09-18 11:28:00,193.54,193.63,193.54,193.63,0.05,24.85,4974.54,1
2023-09-18,2023-09-18 11:29:00,193.63,193.71,193.63,193.71,0.04,24.85,4974.54,1
2023-09-18,2023-09-18 11:30:00,193.71,193.8,193.71,193.8,0.05,24.85,4974.54,1
2023-09-18,2023-09-18 11:31:00,193.8,193.89,193.8,193.89,0.05,24.85,4974.54,1
2023-09-18,2023-09-18 11:32:00,193.89,193.97,193.89,193.97,0.04,24.85,4974.54,1
2023-09-18,2023-09-18 11:33:00,193.97,194.06,193.97,194.06,0.05,24.85,4974.54,1
2023-09-18,2023-09-18 11:34:00,194.06,194.15,194.06,194.15,0.05,24.85,4974.54,1
2023-09-18,2023-09-18 11:35:00,194.15,194.23,194.15,194.23,0.04,24.85,4974.54,1
2023-09-18,2023-09-18 11:36:00,194.23,194.32,194.23,194.32,0.05,24.85,4974.54,1
2023-09-18,2023-09-18 11:37:00,194.32,194.41,194.32,194.41,0.05,24.85,4974.54,1
2023-09-18,2023-09-18 11:38:00,194.41,194.5,194.41,194.5,0.05,24.85,4974.54,1
2023-09-18,2023-09-18 11:39:00,194.5,194.58,194.5,194.58,0.04,24.85,4974.54,1
2023-09-18,2023-09-18 11:40:00,194.58,194.67,194.58,194.67,0.05,24.85,4974.54,1
2023-09-18,2023-09-18 11:41:00,194.67,194.76,194.67,194.76,0.05,24.85,4974.54,1
2023-09-18,2023-09-18 11:42:00,194.76,194.84,194.76,194.84,0.04,24.85,4974.54,1
2023-09-18,2023-09-18 11:43:00,194.84,194.93,194.84,194.93,0.05,24.85,4974.54,1
2023-09-18,2023-09-18 11:44:00,194.93,195.02,194.93,195.02,0.05,24.85,4974.54,1
2023-09-18,2023-09-18 11:45:00,195.02,195.11,195.02,195.11,0.05,24.85,4974.54,1
2023-09-18,2023-09-18 11:46:00,195.11,195.19,195.11,195.19,0.04,24.85,4974.54,1
2023-09-18,2023-09-18 11:47:00,195.19,195.28,195.19,195.28,0.05,24.85,4974.54,1
2023-09-18,2023-09-18 11:48:00,195.28,195.37,195.28,195.37,0.05,24.85,4974.54,1
2023-09-18,2023-09-18 11:49:00,195.37,195.45,195.37,195.45,0.04,24.85,4974.54,1
2023-09-18,2023-09-18 11:50:00,195.45,195.54,195.45,195.54,0.05,24.85,4974.54,1
2023-09-18,2023-09-18 11:51:00,195.54,195.63,195.54,195.63,0.05,24.85,4974.54,1
2023-09-18,2023-09-18 11:52:00,195.63,195.72,195.63,195.72,0.05,24.85,4974.54,1
2023-09-18,2023-09-18 11:53:00,195.72,195.8,195.72,195.8,0.04,24.85,4974.54,1
2023-09-18,2023-09-18 11:54:00,195.8,195.89,195.8,195.89,0.05,24.85,4974.54,1
2023-09-18,2023-09-18 11:55:00,195.89,195.98,195.89,195.98,0.05,24.85,4974.54,1
2023-09-18,2023-09-18 11:56:00,195.98,196.06,195.98,196.06,0.04,24.85,4974.54,1
2023-09-18,2023-09-18 11:57:00,196.06,196.15,196.06,196.15,0.05,24.85,4974.54,1
2023-09-18,2023-09-18 11:58:00,196.15,196.24,196.15,196.24,0.05,24.85,4974.54,1
2023-09-18,2023-09-18 11:59:00,196.24,196.32,196.24,196.32,0.04,24.85,4974.54,1
2023-09-18,2023-09-18 12:00:00,196.32,196.41,196.32,196.41,0.05,24.85,4974.54,1
2023-09-18,2023-09-18 12:01:00,196.41,196.5,196.41,196.5,0.05,24.85,4974.54,1
2023-09-18,2023-09-18 12:02:00,196.5,196.59,196.5,196.59,0.05,24.85,4974.54,1
2023-09-18,2023-09-18 12:03:00,196.59,196.67,196.59,196.67,0.04,24.85,4974.54,1
2023-09-18,2023-09-18 12:04:00,196.67,196.76,196.67,196.76,0.05,24.85,4974.54,1
2023-09-18,2023-09-18 12:05:00,196.76,196.85,196.76,196.85,0.05,24.85,4974.54,1
2023-09-18,2023-09-18 12:06:00,196.85,196.93,196.85,196.93,0.04,24.85,4974.54,1
2023-09-18,2023-09-18 12:07:00,196.93,197.02,196.93,197.02,0.05,24.85,4974.54,1
2023-09-18,2023-09-18 12:08:00,197.02,197.11,197.02,197.11,0.05,24.85,4974.54,1
2023-09-18,2023-09-18 12:09:00,197.11,197.2,197.11,197.2,0.05,24.85,4974.54,1
2023-09-18,2023-09-18 12:10:00,197.2,197.28,197.2,197.28,0.04,24.85,4974.54,1
2023-09-18,2023-09-18 12:11:00,197.28,197.37,197.28,197.37,0.05,24.85,4974.54,1
2023-09-18,2023-09-18 12:12:00,197.37,197.46,197.37,197.46,0.05,24.85,4974.54,1
2023-09-18,2023-09-18 12:13:00,197.46,197.54,197.46,197.54,0.04,24.85,4974.54,1
2023-09-18,2023-09-18 12:14:00,197.54,197.63,197.54,197.63,0.05,24.85,4974.54,1
2023-09-18,2023-09-18 12:15:00,197.63,197.72,197.63,197.72,0.05,24.85,4974.54,1
2023-09-18,2023-09-18 12:16:00,197.72,197.81,197.72,197.81,0.05,24.85,4974.54,1
2023-09-18,2023-09-18 12:17:00,197.81,197.89,197.81,197.89,0.04,24.85,4974.54,1
2023-09-18,2023-09-18 12:18:00,197.89,197.98,197.89,197.98,0.05,24.85,4974.54,1
2023-09-18,2023-09-18 12:19:00,197.98,198.07,197.98,198.07,0.05,24.85,4974.54,1
2023-09-18,2023-09-18 12:20:00,198.07,198.15,198.07,198.15,0.04,24.85,4974.54,1
2023-09-18,2023-09-18 12:21:00,198.15,198.24,198.15,198.24,0.05,24.85,4974.54,1
2023-09-18,2023-09-18 12:22:00,198.24,198.33,198.24,198.33,0.05,24.85,4974.54,1
2023-09-18,2023-09-18 12:23:00,198.33,198.41,198.33,198.41,0.04,24.85,4974.54,1
2023-09-18,2023-09-18 12:24:00,198.41,198.5,198.41,198.5,0.05,24.85,4974.54,1
2023-09-18,2023-09-18 12:25:00,198.5,198.59,198.5,198.59,0.05,24.85,4974.54,1
2023-09-18,2023-09-18 12:26:00,198.59,198.68,198.59,198.68,0.05,24.85,4974.54,1
2023-09-18,2023-09-18 12:27:00,198.68,198.76,198.68,198.76,0.04,24.85,4974.54,1
2023-09-18,2023-09-18 12:28:00,198.76,198.85,198.76,198.85,0.05,24.85,4974.54,1
2023-09-18,2023-09-18 12:29:00,198.85,198.94,198.85,198.94,0.05,24.85,4974.54,1
2023-09-18,2023-09-18 12:30:00,198.94,199.02,198.94,199.02,0.04,24.85,4974.54,1
2023-09-18,2023-09-18 12:31:00,199.02,199.11,199.02,199.11,0.05,24.85,4974.54,1
2023-09-18,2023-09-18 12:32:00,199.11,199.2,199.11,199.2,0.05,24.85,4974.54,1
2023-09-18,2023-09-18 12:33:00,199.2,199.29,199.2,199.29,0.05,24.85,4974.54,1
2023-09-18,2023-09-18 12:34:00,199.29,199.37,199.29,199.37,0.04,24.85,4974.54,1
2023-09-18,2023-09-18 12:35:00,199.37,199.46,199.37,199.46,0.05,24.85,4974.54,1
2023-09-18,2023-09-18 12:36:00,199.46,199.55,199.46,199.55,0.05,24.85,4974.54,1
2023-09-18,2023-09-18 12:37:00,199.55,199.63,199.55,199.63,0.04,24.85,4974.54,1
2023-09-18,2023-09-18 12:38:00,199.63,199.72,199.63,199.72,0.05,24.85,4974.54,1
2023-09-18,2023-09-18 12:39:00,199.72,199.81,199.72,199.81,0.05,24.85,4974.54,1
2023-09-18,2023-09-18 12:40:00,199.81,199.9,199.81,199.9,0.05,24.85,4974.54,1
2023-09-18,2023-09-18 12:41:00,199.9,199.98,199.9,199.98,0.04,24.85,4974.54,1
2023-09-18,2023-09-18 12:42:00,199.98,200.07,199.98,200.07,0.05,24.85,4974.54,1
2023-09-18,2023-09-18 12:43:00,200.07,200.16,200.07,200.16,0.04,24.85,4974.54,1
2023-09-18,2023-09-18 12:44:00,200.16,200.24,200.16,200.24,0.04,24.85,4974.54,1
2023-09-18,2023-09-18 12:45:00,200.24,200.33,200.24,200.33,0.04,24.85,4974.54,1
2023-09-18,2023-09-18 12:46:00,200.33,200.42,200.33,200.42,0.04,24.85,4974.54,1
2023-09-18,2023-09-18 12:47:00,200.42,200.5,200.42,200.5,0.04,24.85,4974.54,1
2023-09-18,2023-09-18 12:48:00,200.5,200.59,200.5,200.59,0.04,24.85,4974.54,1
2023-09-18,2023-09-18 12:49:00,200.59,200.68,200.59,200.68,0.04,24.85,4974.54,1
2023-09-18,2023-09-18 12:50:00,200.68,200.77,200.68,200.77,0.04,24.85,4974.54,1
2023-09-18,2023-09-18 12:51:00,200.77,200.85,200.77,200.85,0.04,24.85,4974.54,1
2023-09-18,2023-09-18 12:52:00,200.85,200.94,200.85,200.94,0.04,24.85,4974.54,1
2023-09-18,2023-09-18 12:53:00,200.94,201.03,200.94,201.03,0.04,24.85,4974.54,1
2023-09-18,2023-09-18 12:54:00,201.03,201.11,201.03,201.11,0.04,24.85,4974.54,1
2023-09-18,2023-09-18 12:55:00,201.11,201.2,201.11,201.2,0.04,24.85,4974.54,1
2023-09-18,2023-09-18 12:56:00,201.2,201.29,201.2,201.29,0.04,24.85,4974.54,1
2023-09-18,2023-09-18 12:57:00,201.29,201.38,201.29,201.38,0.04,24.85,4974.54,1
2023-09-18,2023-09-18 12:58:00,201.38,201.46,201.38,201.46,0.04,24.85,4974.54,1
2023-09-18,2023-09-18 12:59:00,201.46,201.55,201.46,201.55,0.04,24.85,4974.54,1
2023-09-18,2023-09-18 13:00:00,201.55,212.1,188.0,201.64,0.04,24.85,4974.54,1
2023-09-18,2023-09-18 13:01:00,201.64,201.72,201.64,201.72,0.04,24.85,4974.54,1
2023-09-18,2023-09-18 13:02:00,201.72,201.81,201.72,201.81,0.04,24.85,4974.54,1
2023-09-18,2023-09-18 13:03:00,201.81,201.9,201.81,201.9,0.04,24.85,4974.54,1
2023-09-18,2023-09-18 13:04:00,201.9,201.99,201.9,201.99,0.04,24.85,4974.54,1
2023-09-18,2023-09-18 13:05:00,201.99,202.07,201.99,202.07,0.04,24.85,4974.54,1
2023-09-18,2023-09-18 13:06:00,202.07,202.16,202.07,202.16,0.04,24.85,4974.54,1
2023-09-18,2023-09-18 13:07:00,202.16,202.25,202.16,202.25,0.04,24.85,4974.54,1
2023-09-18,2023-09-18 13:08:00,202.25,202.33,202.25,202.33,0.04,24.85,4974.54,1
2023-09-18,2023-09-18 13:09:00,202.33,202.42,202.33,202.42,0.04,24.85,4974.54,1
2023-09-18,2023-09-18 13:10:00,202.42,202.51,202.42,202.51,0.04,24.85,4974.54,1
2023-09-18,2023-09-18 13:11:00,202.51,202.59,202.51,202.59,0.04,24.85,4974.54,1
2023-09-18,2023-09-18 13:12:00,202.59,202.68,202.59,202.68,0.04,24.85,4974.54,1
2023-09-18,2023-09-18 13:13:00,202.68,202.77,202.68,202.77,0.04,24.85,4974.54,1
2023-09-18,2023-09-18 13:14:00,202.77,202.86,202.77,202.86,0.04,24.85,4974.54,1
2023-09-18,2023-09-18 13:15:00,202.86,202.94,202.86,202.94,0.04,24.85,4974.54,1
2023-09-18,2023-09-18 13:16:00,202.94,203.03,202.94,203.03,0.04,24.85,4974.54,1
2023-09-18,2023-09-18 13:17:00,203.03,203.12,203.03,203.12,0.04,24.85,4974.54,1
2023-09-18,2023-09-18 13:18:00,203.12,203.2,203.12,203.2,0.04,24.85,4974.54,1
2023-09-18,2023-09-18 13:19:00,203.2,203.29,203.2,203.29,0.04,24.85,4974.54,1
2023-09-18,2023-09-18 13:20:00,203.29,203.38,203.29,203.38,0.04,24.85,4974.54,1
2023-09-18,2023-09-18 13:21:00,203.38,203.47,203.38,203.47,0.04,24.85,4974.54,1
2023-09-18,2023-09-18 13:22:00,203.47,203.55,203.47,203.55,0.04,24.85,4974.54,1
2023-09-18,2023-09-18 13:23:00,203.55,203.64,203.55,203.64,0.04,24.85,4974.54,1
2023-09-18,2023-09-18 13:24:00,203.64,203.73,203.64,203.73,0.04,24.85,4974.54,1
2023-09-18,2023-09-18 13:25:00,203.73,203.81,203.73,203.81,0.04,24.85,4974.54,1
2023-09-18,2023-09-18 13:26:00,203.81,203.9,203.81,203.9,0.04,24.85,4974.54,1
2023-09-18,2023-09-18 13:27:00,203.9,203.99,203.9,203.99,0.04,24.85,4974.54,1
2023-09-18,2023-09-18 13:28:00,203.99,204.08,203.99,204.08,0.04,24.85,4974.54,1
2023-09-18,2023-09-18 13:29:00,204.08,204.16,204.08,204.16,0.04,24.85,4974.54,1
2023-09-18,2023-09-18 13:30:00,204.16,204.25,204.16,204.25,0.04,24.85,4974.54,1
2023-09-18,2023-09-18 13:31:00,204.25,204.34,204.25,204.34,0.04,24.85,4974.54,1
2023-09-18,2023-09-18 13:32:00,204.34,204.42,204.34,204.42,0.04,24.85,4974.54,1
2023-09-18,2023-09-18 13:33:00,204.42,204.51,204.42,204.51,0.04,24.85,4974.54,1
2023-09-18,2023-09-18 13:34:00,204.51,204.6,204.51,204.6,0.04,24.85,4974.54,1
2023-09-18,2023-09-18 13:35:00,204.6,204.69,204.6,204.69,0.04,24.85,4974.54,1
2023-09-18,2023-09-18 13:36:00,204.69,204.77,204.69,204.77,0.04,24.85,4974.54,1
2023-09-18,2023-09-18 13:37:00,204.77,204.86,204.77,204.86,0.04,24.85,4974.54,1
2023-09-18,2023-09-18 13:38:00,204.86,204.95,204.86,204.95,0.04,24.85,4974.54,1
2023-09-18,2023-09-18 13:39:00,204.95,205.03,204.95,205.03,0.04,24.85,4974.54,1
2023-09-18,2023-09-18 13:40:00,205.03,205.12,205.03,205.12,0.04,24.85,4974.54,1
2023-09-18,2023-09-18 13:41:00,205.12,205.21,205.12,205.21,0.04,24.85,4974.54,1
2023-09-18,2023-09-18 13:42:00,205.21,205.29,205.21,205.29,0.04,24.85,4974.54,1
2023-09-18,2023-09-18 13:43:00,205.29,205.38,205.29,205.38,0.04,24.85,4974.54,1
2023-09-18,2023-09-18 13:44:00,205.38,205.47,205.38,205.47,0.04,24.85,4974.54,1
2023-09-18,2023-09-18 13:45:00,205.47,205.56,205.47,205.56,0.04,24.85,4974.54,1
2023-09-18,2023-09-18 13:46:00,205.56,205.64,205.56,205.64,0.04,24.85,4974.54,1
2023-09-18,2023-09-18 13:47:00,205.64,205.73,205.64,205.73,0.04,24.85,4974.54,1
2023-09-18,2023-09-18 13:48:00,205.73,205.82,205.73,205.82,0.04,24.85,4974.54,1
2023-09-18,2023-09-18 13:49:00,205.82,205.9,205.82,205.9,0.04,24.85,4974.54,1
2023-09-18,2023-09-18 13:50:00,205.9,205.99,205.9,205.99,0.04,24.85,4974.54,1
2023-09-18,2023-09-18 13:51:00,205.99,206.08,205.99,206.08,0.04,24.85,4974.54,1
2023-09-18,2023-09-18 13:52:00,206.08,206.17,206.08,206.17,0.04,24.85,4974.54,1
2023-09-18,2023-09-18 13:53:00,206.17,206.25,206.17,206.25,0.04,24.85,4974.54,1
2023-09-18,2023-09-18 13:54:00,206.25,206.34,206.25,206.34,0.04,24.85,4974.54,1
2023-09-18,2023-09-18 13:55:00,206.34,206.43,206.34,206.43,0.04,24.85,4974.54,1
2023-09-18,2023-09-18 13:56:00,206.43,206.51,206.43,206.51,0.04,24.85,4974.54,1
2023-09-18,2023-09-18 13:57:00,206.51,206.6,206.51,206.6,0.04,24.85,4974.54,1
2023-09-18,2023-09-18 13:58:00,206.6,206.69,206.6,206.69,0.04,24.85,4974.54,1
2023-09-18,2023-09-18 13:59:00,206.69,206.78,206.69,206.78,0.04,24.85,4974.54,1
2023-09-18,2023-09-18 14:00:00,206.78,206.86,206.78,206.86,0.04,24.85,4974.54,1
2023-09-18,2023-09-18 14:01:00,206.86,206.95,206.86,206.95,0.04,24.85,4974.54,1
2023-09-18,2023-09-18 14:02:00,206.95,207.04,206.95,207.04,0.04,24.85,4974.54,1
2023-09-18,2023-09-18 14:03:00,207.04,207.12,207.04,207.12,0.04,24.85,4974.54,1
2023-09-18,2023-09-18 14:04:00,207.12,207.21,207.12,207.21,0.04,24.85,4974.54,1
2023-09-18,2023-09-18 14:05:00,207.21,207.3,207.21,207.3,0.04,24.85,4974.54,1
2023-09-18,2023-09-18 14:06:00,207.3,207.38,207.3,207.38,0.04,24.85,4974.54,1
2023-09-18,2023-09-18 14:07:00,207.38,207.47,207.38,207.47,0.04,24.85,4974.54,1
2023-09-18,2023-09-18 14:08:00,207.47,207.56,207.47,207.56,0.04,24.85,4974.54,1
2023-09-18,2023-09-18 14:09:00,207.56,207.65,207.56,207.65,0.04,24.85,4974.54,1
2023-09-18,2023-09-18 14:10:00,207.65,207.73,207.65,207.73,0.04,24.85,4974.54,1
2023-09-18,2023-09-18 14:11:00,207.73,207.82,207.73,207.82,0.04,24.85,4974.54,1
2023-09-18,2023-09-18 14:12:00,207.82,207.91,207.82,207.91,0.04,24.85,4974.54,1
2023-09-18,2023-09-18 14:13:00,207.91,207.99,207.91,207.99,0.04,24.85,4974.54,1
2023-09-18,2023-09-18 14:14:00,207.99,208.08,207.99,208.08,0.04,24.85,4974.54,1
2023-09-18,2023-09-18 14:15:00,208.08,208.17,208.08,208.17,0.04,24.85,4974.54,1
2023-09-18,2023-09-18 14:16:00,208.17,208.26,208.17,208.26,0.04,24.85,4974.54,1
2023-09-18,2023-09-18 14:17:00,208.26,208.34,208.26,208.34,0.04,24.85,4974.54,1
2023-09-18,2023-09-18 14:18:00,208.34,208.43,208.34,208.43,0.04,24.85,4974.54,1
2023-09-18,2023-09-18 14:19:00,208.43,208.52,208.43,208.52,0.04,24.85,4974.54,1
2023-09-18,2023-09-18 14:20:00,208.52,208.6,208.52,208.6,0.04,24.85,4974.54,1
2023-09-18,2023-09-18 14:21:00,208.6,208.69,208.6,208.69,0.04,24.85,4974.54,1
2023-09-18,2023-09-18 14:22:00,208.69,208.78,208.69,208.78,0.04,24.85,4974.54,1
2023-09-18,2023-09-18 14:23:00,208.78,208.87,208.78,208.87,0.04,24.85,4974.54,1
2023-09-18,2023-09-18 14:24:00,208.87,208.95,208.87,208.95,0.04,24.85,4974.54,1
2023-09-18,2023-09-18 14:25:00,208.95,209.04,208.95,209.04,0.04,24.85,4974.54,1
2023-09-18,2023-09-18 14:26:00,209.04,209.13,209.04,209.13,0.04,24.85,4974.54,1
2023-09-18,2023-09-18 14:27:00,209.13,209.21,209.13,209.21,0.04,24.85,4974.54,1
2023-09-18,2023-09-18 14:28:00,209.21,209.3,209.21,209.3,0.04,24.85,4974.54,1
2023-09-18,2023-09-18 14:29:00,209.3,209.39,209.3,209.39,0.04,24.85,4974.54,1
2023-09-18,2023-09-18 14:30:00,209.39,209.47,209.39,209.47,0.04,24.85,4974.54,1
2023-09-18,2023-09-18 14:31:00,209.47,209.56,209.47,209.56,0.04,24.85,4974.54,1
2023-09-18,2023-09-18 14:32:00,209.56,209.65,209.56,209.65,0.04,24.85,4974.54,1
2023-09-18,2023-09-18 14:33:00,209.65,209.74,209.65,209.74,0.04,24.85,4974.54,1
2023-09-18,2023-09-18 14:34:00,209.74,209.82,209.74,209.82,0.04,24.85,4974.54,1
2023-09-18,2023-09-18 14:35:00,209.82,209.91,209.82,209.91,0.04,24.85,4974.54,1
2023-09-18,2023-09-18 14:36:00,209.91,210.0,209.91,210.0,0.04,24.85,4974.54,1
2023-09-18,2023-09-18 14:37:00,210.0,210.08,210.0,210.08,0.04,24.85,4974.54,1
2023-09-18,2023-09-18 14:38:00,210.08,210.17,210.08,210.17,0.04,24.85,4974.54,1
2023-09-18,2023-09-18 14:39:00,210.17,210.26,210.17,210.26,0.04,24.85,4974.54,1
2023-09-18,2023-09-18 14:40:00,210.26,210.35,210.26,210.35,0.04,24.85,4974.54,1
2023-09-18,2023-09-18 14:41:00,210.35,210.43,210.35,210.43,0.04,24.85,4974.54,1
2023-09-18,2023-09-18 14:42:00,210.43,210.52,210.43,210.52,0.04,24.85,4974.54,1
2023-09-18,2023-09-18 14:43:00,210.52,210.61,210.52,210.61,0.04,24.85,4974.54,1
2023-09-18,2023-09-18 14:44:00,210.61,210.69,210.61,210.69,0.04,24.85,4974.54,1
2023-09-18,2023-09-18 14:45:00,210.69,210.78,210.69,210.78,0.04,24.85,4974.54,1
2023-09-18,2023-09-18 14:46:00,210.78,210.87,210.78,210.87,0.04,24.85,4974.54,1
2023-09-18,2023-09-18 14:47:00,210.87,210.95,210.87,210.95,0.04,24.85,4974.54,1
2023-09-18,2023-09-18 14:48:00,210.95,211.04,210.95,211.04,0.04,24.85,4974.54,1
2023-09-18,2023-09-18 14:49:00,211.04,211.13,211.04,211.13,0.04,24.85,4974.54,1
2023-09-18,2023-09-18 14:50:00,211.13,211.22,211.13,211.22,0.04,24.85,4974.54,1
2023-09-18,2023-09-18 14:51:00,211.22,211.3,211.22,211.3,0.04,24.85,4974.54,1
2023-09-18,2023-09-18 14:52:00,211.3,211.39,211.3,211.39,0.04,24.85,4974.54,1
2023-09-18,2023-09-18 14:53:00,211.39,211.48,211.39,211.48,0.04,24.85,4974.54,1
2023-09-18,2023-09-18 14:54:00,211.48,211.56,211.48,211.56,0.04,24.85,4974.54,1
2023-09-18,2023-09-18 14:55:00,211.56,211.65,211.56,211.65,0.04,24.85,4974.54,1
2023-09-18,2023-09-18 14:56:00,211.65,211.74,211.65,211.74,0.04,24.85,4974.54,1
2023-09-18,2023-09-18 14:57:00,211.74,211.83,211.74,211.83,0.04,24.85,4974.54,1
2023-09-18,2023-09-18 14:58:00,211.83,211.91,211.83,211.91,0.04,24.85,4974.54,1
2023-09-18,2023-09-18 14:59:00,211.91,212.0,211.91,212.0,0.04,24.85,4974.54,1
2023-09-18,2023-09-18 15:00:00,212.0,212.1,188.0,212.0,0.0,24.85,4974.54,0
2023-09-19,2023-09-19 11:00:00,211.0,216.25,207.4,211.06,0.03,105.26,22907.35,1
2023-09-19,2023-09-19 11:01:00,211.06,211.12,211.06,211.12,0.03,105.26,22907.35,1
2023-09-19,2023-09-19 11:02:00,211.12,211.18,211.12,211.18,0.03,105.26,22907.35,1
2023-09-19,2023-09-19 11:03:00,211.18,211.23,211.18,211.23,0.02,105.26,22907.35,1
2023-09-19,2023-09-19 11:04:00,211.23,211.29,211.23,211.29,0.03,105.26,22907.35,1
2023-09-19,2023-09-19 11:05:00,211.29,211.35,211.29,211.35,0.03,105.26,22907.35,1
2023-09-19,2023-09-19 11:06:00,211.35,211.41,211.35,211.41,0.03,105.26,22907.35,1
2023-09-19,2023-09-19 11:07:00,211.41,211.47,211.41,211.47,0.03,105.26,22907.35,1
2023-09-19,2023-09-19 11:08:00,211.47,211.53,211.47,211.53,0.03,105.26,22907.35,1
2023-09-19,2023-09-19 11:09:00,211.53,211.58,211.53,211.58,0.02,105.26,22907.35,1
2023-09-19,2023-09-19 11:10:00,211.58,211.64,211.58,211.64,0.03,105.26,22907.35,1
2023-09-19,2023-09-19 11:11:00,211.64,211.7,211.64,211.7,0.03,105.26,22907.35,1
2023-09-19,2023-09-19 11:12:00,211.7,211.76,211.7,211.76,0.03,105.26,22907.35,1
2023-09-19,2023-09-19 11:13:00,211.76,211.82,211.76,211.82,0.03,105.26,22907.35,1
2023-09-19,2023-09-19 11:14:00,211.82,211.88,211.82,211.88,0.03,105.26,22907.35,1
2023-09-19,2023-09-19 11:15:00,211.88,211.93,211.88,211.93,0.02,105.26,22907.35,1
2023-09-19,2023-09-19 11:16:00,211.93,211.99,211.93,211.99,0.03,105.26,22907.35,1
2023-09-19,2023-09-19 11:17:00,211.99,212.05,211.99,212.05,0.03,105.26,22907.35,1
2023-09-19,2023-09-19 11:18:00,212.05,212.11,212.05,212.11,0.03,105.26,22907.35,1
2023-09-19,2023-09-19 11:19:00,212.11,212.17,212.11,212.17,0.03,105.26,22907.35,1
2023-09-19,2023-09-19 11:20:00,212.17,212.22,212.17,212.22,0.02,105.26,22907.35,1
2023-09-19,2023-09-19 11:21:00,212.22,212.28,212.22,212.28,0.03,105.26,22907.35,1
2023-09-19,2023-09-19 11:22:00,212.28,212.34,212.28,212.34,0.03,105.26,22907.35,1
2023-09-19,2023-09-19 11:23:00,212.34,212.4,212.34,212.4,0.03,105.26,22907.35,1
2023-09-19,2023-09-19 11:24:00,212.4,212.46,212.4,212.46,0.03,105.26,22907.35,1
2023-09-19,2023-09-19 11:25:00,212.46,212.52,212.46,212.52,0.03,105.26,22907.35,1
2023-09-19,2023-09-19 11:26:00,212.52,212.57,212.52,212.57,0.02,105.26,22907.35,1
2023-09-19,2023-09-19 11:27:00,212.57,212.63,212.57,212.63,0.03,105.26,22907.35,1
2023-09-19,2023-09-19 11:28:00,212.63,212.69,212.63,212.69,0.03,105.26,22907.35,1
2023-09-19,2023-09-19 11:29:00,212.69,212.75,212.69,212.75,0.03,105.26,22907.35,1
2023-09-19,2023-09-19 11:30:00,212.75,212.81,212.75,212.81,0.03,105.26,22907.35,1
2023-09-19,2023-09-19 11:31:00,212.81,212.87,212.81,212.87,0.03,105.26,22907.35,1
2023-09-19,2023-09-19 11:32:00,212.87,212.93,212.87,212.93,0.03,105.26,22907.35,1
2023-09-19,2023-09-19 11:33:00,212.93,212.98,212.93,212.98,0.02,105.26,22907.35,1
2023-09-19,2023-09-19 11:34:00,212.98,213.04,212.98,213.04,0.03,105.26,22907.35,1
2023-09-19,2023-09-19 11:35:00,213.04,213.1,213.04,213.1,0.03,105.26,22907.35,1
2023-09-19,2023-09-19 11:36:00,213.1,213.16,213.1,213.16,0.03,105.26,22907.35,1
2023-09-19,2023-09-19 11:37:00,213.16,213.22,213.16,213.22,0.03,105.26,22907.35,1
2023-09-19,2023-09-19 11:38:00,213.22,213.28,213.22,213.28,0.03,105.26,22907.35,1
2023-09-19,2023-09-19 11:39:00,213.28,213.33,213.28,213.33,0.02,105.26,22907.35,1
2023-09-19,2023-09-19 11:40:00,213.33,213.39,213.33,213.39,0.03,105.26,22907.35,1
2023-09-19,2023-09-19 11:41:00,213.39,213.45,213.39,213.45,0.03,105.26,22907.35,1
2023-09-19,2023-09-19 11:42:00,213.45,213.51,213.45,213.51,0.03,105.26,22907.35,1
2023-09-19,2023-09-19 11:43:00,213.51,213.57,213.51,213.57,0.03,105.26,22907.35,1
2023-09-19,2023-09-19 11:44:00,213.57,213.62,213.57,213.62,0.02,105.26,22907.35,1
2023-09-19,2023-09-19 11:45:00,213.62,213.68,213.62,213.68,0.03,105.26,22907.35,1
2023-09-19,2023-09-19 11:46:00,213.68,213.74,213.68,213.74,0.03,105.26,22907.35,1
2023-09-19,2023-09-19 11:47:00,213.74,213.8,213.74,213.8,0.03,105.26,22907.35,1
2023-09-19,2023-09-19 11:48:00,213.8,213.86,213.8,213.86,0.03,105.26,22907.35,1
2023-09-19,2023-09-19 11:49:00,213.86,213.92,213.86,213.92,0.03,105.26,22907.35,1
2023-09-19,2023-09-19 11:50:00,213.92,213.97,213.92,213.97,0.02,105.26,22907.35,1
2023-09-19,2023-09-19 11:51:00,213.97,214.03,213.97,214.03,0.03,105.26,22907.35,1
2023-09-19,2023-09-19 11:52:00,214.03,214.09,214.03,214.09,0.03,105.26,22907.35,1
2023-09-19,2023-09-19 11:53:00,214.09,214.15,214.09,214.15,0.03,105.26,22907.35,1
2023-09-19,2023-09-19 11:54:00,214.15,214.21,214.15,214.21,0.03,105.26,22907.35,1
2023-09-19,2023-09-19 11:55:00,214.21,214.27,214.21,214.27,0.03,105.26,22907.35,1
2023-09-19,2023-09-19 11:56:00,214.27,214.32,214.27,214.32,0.02,105.26,22907.35,1
2023-09-19,2023-09-19 11:57:00,214.32,214.38,214.32,214.38,0.03,105.26,22907.35,1
2023-09-19,2023-09-19 11:58:00,214.38,214.44,214.38,214.44,0.03,105.26,22907.35,1
2023-09-19,2023-09-19 11:59:00,214.44,214.5,214.44,214.5,0.03,105.26,22907.35,1
2023-09-19,2023-09-19 12:00:00,214.5,214.56,214.5,214.56,0.03,105.26,22907.35,1
2023-09-19,2023-09-19 12:01:00,214.56,214.62,214.56,214.62,0.03,105.26,22907.35,1
2023-09-19,2023-09-19 12:02:00,214.62,214.68,214.62,214.68,0.03,105.26,22907.35,1
2023-09-19,2023-09-19 12:03:00,214.68,214.73,214.68,214.73,0.02,105.26,22907.35,1
2023-09-19,2023-09-19 12:04:00,214.73,214.79,214.73,214.79,0.03,105.26,22907.35,1
2023-09-19,2023-09-19 12:05:00,214.79,214.85,214.79,214.85,0.03,105.26,22907.35,1
2023-09-19,2023-09-19 12:06:00,214.85,214.91,214.85,214.91,0.03,105.26,22907.35,1
2023-09-19,2023-09-19 12:07:00,214.91,214.97,214.91,214.97,0.03,105.26,22907.35,1
2023-09-19,2023-09-19 12:08:00,214.97,215.03,214.97,215.03,0.03,105.26,22907.35,1
2023-09-19,2023-09-19 12:09:00,215.03,215.08,215.03,215.08,0.02,105.26,22907.35,1
2023-09-19,2023-09-19 12:10:00,215.08,215.14,215.08,215.14,0.03,105.26,22907.35,1
2023-09-19,2023-09-19 12:11:00,215.14,215.2,215.14,215.2,0.03,105.26,22907.35,1
2023-09-19,2023-09-19 12:12:00,215.2,215.26,215.2,215.26,0.03,105.26,22907.35,1
2023-09-19,2023-09-19 12:13:00,215.26,215.32,215.26,215.32,0.03,105.26,22907.35,1
2023-09-19,2023-09-19 12:14:00,215.32,215.38,215.32,215.38,0.03,105.26,22907.35,1
2023-09-19,2023-09-19 12:15:00,215.38,215.43,215.38,215.43,0.02,105.26,22907.35,1
2023-09-19,2023-09-19 12:16:00,215.43,215.49,215.43,215.49,0.03,105.26,22907.35,1
2023-09-19,2023-09-19 12:17:00,215.49,215.55,215.49,215.55,0.03,105.26,22907.35,1
2023-09-19,2023-09-19 12:18:00,215.55,215.61,215.55,215.61,0.03,105.26,22907.35,1
2023-09-19,2023-09-19 12:19:00,215.61,215.67,215.61,215.67,0.03,105.26,22907.35,1
2023-09-19,2023-09-19 12:20:00,215.67,215.72,215.67,215.72,0.02,105.26,22907.35,1
2023-09-19,2023-09-19 12:21:00,215.72,215.78,215.72,215.78,0.03,105.26,22907.35,1
2023-09-19,2023-09-19 12:22:00,215.78,215.84,215.78,215.84,0.03,105.26,22907.35,1
2023-09-19,2023-09-19 12:23:00,215.84,215.9,215.84,215.9,0.03,105.26,22907.35,1
2023-09-19,2023-09-19 12:24:00,215.9,215.96,215.9,215.96,0.03,105.26,22907.35,1
2023-09-19,2023-09-19 12:25:00,215.96,216.02,215.96,216.02,0.03,105.26,22907.35,1
2023-09-19,2023-09-19 12:26:00,216.02,216.07,216.02,216.07,0.02,105.26,22907.35,1
2023-09-19,2023-09-19 12:27:00,216.07,216.13,216.07,216.13,0.03,105.26,22907.35,1
2023-09-19,2023-09-19 12:28:00,216.13,216.19,216.13,216.19,0.03,105.26,22907.35,1
2023-09-19,2023-09-19 12:29:00,216.19,216.25,216.19,216.25,0.03,105.26,22907.35,1
2023-09-19,2023-09-19 12:30:00,216.25,216.31,216.25,216.31,0.03,105.26,22907.35,1
2023-09-19,2023-09-19 12:31:00,216.31,216.37,216.31,216.37,0.03,105.26,22907.35,1
2023-09-19,2023-09-19 12:32:00,216.37,216.43,216.37,216.43,0.03,105.26,22907.35,1
2023-09-19,2023-09-19 12:33:00,216.43,216.48,216.43,216.48,0.02,105.26,22907.35,1
2023-09-19,2023-09-19 12:34:00,216.48,216.54,216.48,216.54,0.03,105.26,22907.35,1
2023-09-19,2023-09-19 12:35:00,216.54,216.6,216.54,216.6,0.03,105.26,22907.35,1
2023-09-19,2023-09-19 12:36:00,216.6,216.66,216.6,216.66,0.03,105.26,22907.35,1
2023-09-19,2023-09-19 12:37:00,216.66,216.72,216.66,216.72,0.03,105.26,22907.35,1
2023-09-19,2023-09-19 12:38:00,216.72,216.78,216.72,216.78,0.03,105.26,22907.35,1
2023-09-19,2023-09-19 12:39:00,216.78,216.83,216.78,216.83,0.02,105.26,22907.35,1
2023-09-19,2023-09-19 12:40:00,216.83,216.89,216.83,216.89,0.03,105.26,22907.35,1
2023-09-19,2023-09-19 12:41:00,216.89,216.95,216.89,216.95,0.03,105.26,22907.35,1
2023-09-19,2023-09-19 12:42:00,216.95,217.01,216.95,217.01,0.03,105.26,22907.35,1
2023-09-19,2023-09-19 12:43:00,217.01,217.07,217.01,217.07,0.03,105.26,22907.35,1
2023-09-19,2023-09-19 12:44:00,217.07,217.12,217.07,217.12,0.02,105.26,22907.35,1
2023-09-19,2023-09-19 12:45:00,217.12,217.18,217.12,217.18,0.03,105.26,22907.35,1
2023-09-19,2023-09-19 12:46:00,217.18,217.24,217.18,217.24,0.03,105.26,22907.35,1
2023-09-19,2023-09-19 12:47:00,217.24,217.3,217.24,217.3,0.03,105.26,22907.35,1
2023-09-19,2023-09-19 12:48:00,217.3,217.36,217.3,217.36,0.03,105.26,22907.35,1
2023-09-19,2023-09-19 12:49:00,217.36,217.42,217.36,217.42,0.03,105.26,22907.35,1
2023-09-19,2023-09-19 12:50:00,217.42,217.47,217.42,217.47,0.02,105.26,22907.35,1
2023-09-19,2023-09-19 12:51:00,217.47,217.53,217.47,217.53,0.03,105.26,22907.35,1
2023-09-19,2023-09-19 12:52:00,217.53,217.59,217.53,217.59,0.03,105.26,22907.35,1
2023-09-19,2023-09-19 12:53:00,217.59,217.65,217.59,217.65,0.03,105.26,22907.35,1
2023-09-19,2023-09-19 12:54:00,217.65,217.71,217.65,217.71,0.03,105.26,22907.35,1
2023-09-19,2023-09-19 12:55:00,217.71,217.77,217.71,217.77,0.03,105.26,22907.35,1
2023-09-19,2023-09-19 12:56:00,217.77,217.82,217.77,217.82,0.02,105.26,22907.35,1
2023-09-19,2023-09-19 12:57:00,217.82,217.88,217.82,217.88,0.03,105.26,22907.35,1
2023-09-19,2023-09-19 12:58:00,217.88,217.94,217.88,217.94,0.03,105.26,22907.35,1
2023-09-19,2023-09-19 12:59:00,217.94,218.0,217.94,218.0,0.03,105.26,22907.35,1
2023-09-19,2023-09-19 13:00:00,218.0,228.5,199.0,218.06,0.03,105.26,22907.35,1
2023-09-19,2023-09-19 13:01:00,218.06,218.12,218.06,218.12,0.03,105.26,22907.35,1
2023-09-19,2023-09-19 13:02:00,218.12,218.18,218.12,218.18,0.03,105.26,22907.35,1
2023-09-19,2023-09-19 13:03:00,218.18,218.23,218.18,218.23,0.02,105.26,22907.35,1
2023-09-19,2023-09-19 13:04:00,218.23,218.29,218.23,218.29,0.03,105.26,22907.35,1
2023-09-19,2023-09-19 13:05:00,218.29,218.35,218.29,218.35,0.03,105.26,22907.35,1
2023-09-19,2023-09-19 13:06:00,218.35,218.41,218.35,218.41,0.03,105.26,22907.35,1
2023-09-19,2023-09-19 13:07:00,218.41,218.47,218.41,218.47,0.03,105.26,22907.35,1
2023-09-19,2023-09-19 13:08:00,218.47,218.53,218.47,218.53,0.03,105.26,22907.35,1
2023-09-19,2023-09-19 13:09:00,218.53,218.58,218.53,218.58,0.02,105.26,22907.35,1
2023-09-19,2023-09-19 13:10:00,218.58,218.64,218.58,218.64,0.03,105.26,22907.35,1
2023-09-19,2023-09-19 13:11:00,218.64,218.7,218.64,218.7,0.03,105.26,22907.35,1
2023-09-19,2023-09-19 13:12:00,218.7,218.76,218.7,218.76,0.03,105.26,22907.35,1
2023-09-19,2023-09-19 13:13:00,218.76,218.82,218.76,218.82,0.03,105.26,22907.35,1
2023-09-19,2023-09-19 13:14:00,218.82,218.88,218.82,218.88,0.03,105.26,22907.35,1
2023-09-19,2023-09-19 13:15:00,218.88,218.93,218.88,218.93,0.02,105.26,22907.35,1
2023-09-19,2023-09-19 13:16:00,218.93,218.99,218.93,218.99,0.03,105.26,22907.35,1
2023-09-19,2023-09-19 13:17:00,218.99,219.05,218.99,219.05,0.03,105.26,22907.35,1
2023-09-19,2023-09-19 13:18:00,219.05,219.11,219.05,219.11,0.03,105.26,22907.35,1
2023-09-19,2023-09-19 13:19:00,219.11,219.17,219.11,219.17,0.03,105.26,22907.35,1
2023-09-19,2023-09-19 13:20:00,219.17,219.22,219.17,219.22,0.02,105.26,22907.35,1
2023-09-19,2023-09-19 13:21:00,219.22,219.28,219.22,219.28,0.03,105.26,22907.35,1
2023-09-19,2023-09-19 13:22:00,219.28,219.34,219.28,219.34,0.03,105.26,22907.35,1
2023-09-19,2023-09-19 13:23:00,219.34,219.4,219.34,219.4,0.03,105.26,22907.35,1
2023-09-19,2023-09-19 13:24:00,219.4,219.46,219.4,219.46,0.03,105.26,22907.35,1
2023-09-19,2023-09-19 13:25:00,219.46,219.52,219.46,219.52,0.03,105.26,22907.35,1
2023-09-19,2023-09-19 13:26:00,219.52,219.57,219.52,219.57,0.02,105.26,22907.35,1
2023-09-19,2023-09-19 13:27:00,219.57,219.63,219.57,219.63,0.03,105.26,22907.35,1
2023-09-19,2023-09-19 13:28:00,219.63,219.69,219.63,219.69,0.03,105.26,22907.35,1
2023-09-19,2023-09-19 13:29:00,219.69,219.75,219.69,219.75,0.03,105.26,22907.35,1
2023-09-19,2023-09-19 13:30:00,219.75,219.81,219.75,219.81,0.03,105.26,22907.35,1
2023-09-19,2023-09-19 13:31:00,219.81,219.87,219.81,219.87,0.03,105.26,22907.35,1
2023-09-19,2023-09-19 13:32:00,219.87,219.93,219.87,219.93,0.03,105.26,22907.35,1
2023-09-19,2023-09-19 13:33:00,219.93,219.98,219.93,219.98,0.02,105.26,22907.35,1
2023-09-19,2023-09-19 13:34:00,219.98,220.04,219.98,220.04,0.03,105.26,22907.35,1
2023-09-19,2023-09-19 13:35:00,220.04,220.1,220.04,220.1,0.03,105.26,22907.35,1
2023-09-19,2023-09-19 13:36:00,220.1,220.16,220.1,220.16,0.03,105.26,22907.35,1
2023-09-19,2023-09-19 13:37:00,220.16,220.22,220.16,220.22,0.03,105.26,22907.35,1
2023-09-19,2023-09-19 13:38:00,220.22,220.28,220.22,220.28,0.03,105.26,22907.35,1
2023-09-19,2023-09-19 13:39:00,220.28,220.33,220.28,220.33,0.02,105.26,22907.35,1
2023-09-19,2023-09-19 13:40:00,220.33,220.39,220.33,220.39,0.03,105.26,22907.35,1
2023-09-19,2023-09-19 13:41:00,220.39,220.45,220.39,220.45,0.03,105.26,22907.35,1
2023-09-19,2023-09-19 13:42:00,220.45,220.51,220.45,220.51,0.03,105.26,22907.35,1
2023-09-19,2023-09-19 13:43:00,220.51,220.57,220.51,220.57,0.03,105.26,22907.35,1
2023-09-19,2023-09-19 13:44:00,220.57,220.62,220.57,220.62,0.02,105.26,22907.35,1
2023-09-19,2023-09-19 13:45:00,220.62,220.68,220.62,220.68,0.03,105.26,22907.35,1
2023-09-19,2023-09-19 13:46:00,220.68,220.74,220.68,220.74,0.03,105.26,22907.35,1
2023-09-19,2023-09-19 13:47:00,220.74,220.8,220.74,220.8,0.03,105.26,22907.35,1
2023-09-19,2023-09-19 13:48:00,220.8,220.86,220.8,220.86,0.03,105.26,22907.35,1
2023-09-19,2023-09-19 13:49:00,220.86,220.92,220.86,220.92,0.03,105.26,22907.35,1
2023-09-19,2023-09-19 13:50:00,220.92,220.97,220.92,220.97,0.02,105.26,22907.35,1
2023-09-19,2023-09-19 13:51:00,220.97,221.03,220.97,221.03,0.03,105.26,22907.35,1
2023-09-19,2023-09-19 13:52:00,221.03,221.09,221.03,221.09,0.03,105.26,22907.35,1
2023-09-19,2023-09-19 13:53:00,221.09,221.15,221.09,221.15,0.03,105.26,22907.35,1
2023-09-19,2023-09-19 13:54:00,221.15,221.21,221.15,221.21,0.03,105.26,22907.35,1
2023-09-19,2023-09-19 13:55:00,221.21,221.27,221.21,221.27,0.03,105.26,22907.35,1
2023-09-19,2023-09-19 13:56:00,221.27,221.32,221.27,221.32,0.02,105.26,22907.35,1
2023-09-19,2023-09-19 13:57:00,221.32,221.38,221.32,221.38,0.03,105.26,22907.35,1
2023-09-19,2023-09-19 13:58:00,221.38,221.44,221.38,221.44,0.03,105.26,22907.35,1
2023-09-19,2023-09-19 13:59:00,221.44,221.5,221.44,221.5,0.03,105.26,22907.35,1
2023-09-19,2023-09-19 14:00:00,221.5,221.56,221.5,221.56,0.03,105.26,22907.35,1
2023-09-19,2023-09-19 14:01:00,221.56,221.62,221.56,221.62,0.03,105.26,22907.35,1
2023-09-19,2023-09-19 14:02:00,221.62,221.68,221.62,221.68,0.03,105.26,22907.35,1
2023-09-19,2023-09-19 14:03:00,221.68,221.73,221.68,221.73,0.02,105.26,22907.35,1
2023-09-19,2023-09-19 14:04:00,221.73,221.79,221.73,221.79,0.03,105.26,22907.35,1
2023-09-19,2023-09-19 14:05:00,221.79,221.85,221.79,221.85,0.03,105.26,22907.35,1
2023-09-19,2023-09-19 14:06:00,221.85,221.91,221.85,221.91,0.03,105.26,22907.35,1
2023-09-19,2023-09-19 14:07:00,221.91,221.97,221.91,221.97,0.03,105.26,22907.35,1
2023-09-19,2023-09-19 14:08:00,221.97,222.03,221.97,222.03,0.03,105.26,22907.35,1
2023-09-19,2023-09-19 14:09:00,222.03,222.08,222.03,222.08,0.02,105.26,22907.35,1
2023-09-19,2023-09-19 14:10:00,222.08,222.14,222.08,222.14,0.03,105.26,22907.35,1
2023-09-19,2023-09-19 14:11:00,222.14,222.2,222.14,222.2,0.03,105.26,22907.35,1
2023-09-19,2023-09-19 14:12:00,222.2,222.26,222.2,222.26,0.03,105.26,22907.35,1
2023-09-19,2023-09-19 14:13:00,222.26,222.32,222.26,222.32,0.03,105.26,22907.35,1
2023-09-19,2023-09-19 14:14:00,222.32,222.38,222.32,222.38,0.03,105.26,22907.35,1
2023-09-19,2023-09-19 14:15:00,222.38,222.43,222.38,222.43,0.02,105.26,22907.35,1
2023-09-19,2023-09-19 14:16:00,222.43,222.49,222.43,222.49,0.03,105.26,22907.35,1
2023-09-19,2023-09-19 14:17:00,222.49,222.55,222.49,222.55,0.03,105.26,22907.35,1
2023-09-19,2023-09-19 14:18:00,222.55,222.61,222.55,222.61,0.03,105.26,22907.35,1
2023-09-19,2023-09-19 14:19:00,222.61,222.67,222.61,222.67,0.03,105.26,22907.35,1
2023-09-19,2023-09-19 14:20:00,222.67,222.72,222.67,222.72,0.02,105.26,22907.35,1
2023-09-19,2023-09-19 14:21:00,222.72,222.78,222.72,222.78,0.03,105.26,22907.35,1
2023-09-19,2023-09-19 14:22:00,222.78,222.84,222.78,222.84,0.03,105.26,22907.35,1
2023-09-19,2023-09-19 14:23:00,222.84,222.9,222.84,222.9,0.03,105.26,22907.35,1
2023-09-19,2023-09-19 14:24:00,222.9,222.96,222.9,222.96,0.03,105.26,22907.35,1
2023-09-19,2023-09-19 14:25:00,222.96,223.02,222.96,223.02,0.03,105.26,22907.35,1
2023-09-19,2023-09-19 14:26:00,223.02,223.07,223.02,223.07,0.02,105.26,22907.35,1
2023-09-19,2023-09-19 14:27:00,223.07,223.13,223.07,223.13,0.03,105.26,22907.35,1
2023-09-19,2023-09-19 14:28:00,223.13,223.19,223.13,223.19,0.03,105.26,22907.35,1
2023-09-19,2023-09-19 14:29:00,223.19,223.25,223.19,223.25,0.03,105.26,22907.35,1
2023-09-19,2023-09-19 14:30:00,223.25,223.31,223.25,223.31,0.03,105.26,22907.35,1
2023-09-19,2023-09-19 14:31:00,223.31,223.37,223.31,223.37,0.03,105.26,22907.35,1
2023-09-19,2023-09-19 14:32:00,223.37,223.43,223.37,223.43,0.03,105.26,22907.35,1
2023-09-19,2023-09-19 14:33:00,223.43,223.48,223.43,223.48,0.02,105.26,22907.35,1
2023-09-19,2023-09-19 14:34:00,223.48,223.54,223.48,223.54,0.03,105.26,22907.35,1
2023-09-19,2023-09-19 14:35:00,223.54,223.6,223.54,223.6,0.03,105.26,22907.35,1
2023-09-19,2023-09-19 14:36:00,223.6,223.66,223.6,223.66,0.03,105.26,22907.35,1
2023-09-19,2023-09-19 14:37:00,223.66,223.72,223.66,223.72,0.03,105.26,22907.35,1
2023-09-19,2023-09-19 14:38:00,223.72,223.78,223.72,223.78,0.03,105.26,22907.35,1
2023-09-19,2023-09-19 14:39:00,223.78,223.83,223.78,223.83,0.02,105.26,22907.35,1
2023-09-19,2023-09-19 14:40:00,223.83,223.89,223.83,223.89,0.03,105.26,22907.35,1
2023-09-19,2023-09-19 14:41:00,223.89,223.95,223.89,223.95,0.03,105.26,22907.35,1
2023-09-19,2023-09-19 14:42:00,223.95,224.01,223.95,224.01,0.03,105.26,22907.35,1
2023-09-19,2023-09-19 14:43:00,224.01,224.07,224.01,224.07,0.03,105.26,22907.35,1
2023-09-19,2023-09-19 14:44:00,224.07,224.12,224.07,224.12,0.02,105.26,22907.35,1
2023-09-19,2023-09-19 14:45:00,224.12,224.18,224.12,224.18,0.03,105.26,22907.35,1
2023-09-19,2023-09-19 14:46:00,224.18,224.24,224.18,224.24,0.03,105.26,22907.35,1
2023-09-19,2023-09-19 14:47:00,224.24,224.3,224.24,224.3,0.03,105.26,22907.35,1
2023-09-19,2023-09-19 14:48:00,224.3,224.36,224.3,224.36,0.03,105.26,22907.35,1
2023-09-19,2023-09-19 14:49:00,224.36,224.42,224.36,224.42,0.03,105.26,22907.35,1
2023-09-19,2023-09-19 14:50:00,224.42,224.47,224.42,224.47,0.02,105.26,22907.35,1
2023-09-19,2023-09-19 14:51:00,224.47,224.53,224.47,224.53,0.03,105.26,22907.35,1
2023-09-19,2023-09-19 14:52:00,224.53,224.59,224.53,224.59,0.03,105.26,22907.35,1
2023-09-19,2023-09-19 14:53:00,224.59,224.65,224.59,224.65,0.03,105.26,22907.35,1
2023-09-19,2023-09-19 14:54:00,224.65,224.71,224.65,224.71,0.03,105.26,22907.35,1
2023-09-19,2023-09-19 14:55:00,224.71,224.77,224.71,224.77,0.03,105.26,22907.35,1
2023-09-19,2023-09-19 14:56:00,224.77,224.82,224.77,224.82,0.02,105.26,22907.35,1
2023-09-19,2023-09-19 14:57:00,224.82,224.88,224.82,224.88,0.03,105.26,22907.35,1
2023-09-19,2023-09-19 14:58:00,224.88,224.94,224.88,224.94,0.03,105.26,22907.35,1
2023-09-19,2023-09-19 14:59:00,224.94,225.0,224.94,225.0,0.03,105.26,22907.35,1
2023-09-19,2023-09-19 15:00:00,225.0,228.5,199.0,225.0,0.0,105.26,22907.35,0
2023-09-21,2023-09-21 11:00:00,227.0,231.71,226.43,227.02,0.01,151.76,35784.8,1
2023-09-21,2023-09-21 11:01:00,227.02,227.03,227.02,227.03,0.0,151.76,35784.8,1
2023-09-21,2023-09-21 11:02:00,227.03,227.05,227.03,227.05,0.01,151.76,35784.8,1
2023-09-21,2023-09-21 11:03:00,227.05,227.07,227.05,227.07,0.01,151.76,35784.8,1
2023-09-21,2023-09-21 11:04:00,227.07,227.08,227.07,227.08,0.0,151.76,35784.8,1
2023-09-21,2023-09-21 11:05:00,227.08,227.1,227.08,227.1,0.01,151.76,35784.8,1
2023-09-21,2023-09-21 11:06:00,227.1,227.12,227.1,227.12,0.01,151.76,35784.8,1
2023-09-21,2023-09-21 11:07:00,227.12,227.13,227.12,227.13,0.0,151.76,35784.8,1
2023-09-21,2023-09-21 11:08:00,227.13,227.15,227.13,227.15,0.01,151.76,35784.8,1
2023-09-21,2023-09-21 11:09:00,227.15,227.17,227.15,227.17,0.01,151.76,35784.8,1
2023-09-21,2023-09-21 11:10:00,227.17,227.18,227.17,227.18,0.0,151.76,35784.8,1
2023-09-21,2023-09-21 11:11:00,227.18,227.2,227.18,227.2,0.01,151.76,35784.8,1
2023-09-21,2023-09-21 11:12:00,227.2,227.22,227.2,227.22,0.01,151.76,35784.8,1
2023-09-21,2023-09-21 11:13:00,227.22,227.23,227.22,227.23,0.0,151.76,35784.8,1
2023-09-21,2023-09-21 11:14:00,227.23,227.25,227.23,227.25,0.01,151.76,35784.8,1
2023-09-21,2023-09-21 11:15:00,227.25,227.27,227.25,227.27,0.01,151.76,35784.8,1
2023-09-21,2023-09-21 11:16:00,227.27,227.28,227.27,227.28,0.0,151.76,35784.8,1
2023-09-21,2023-09-21 11:17:00,227.28,227.3,227.28,227.3,0.01,151.76,35784.8,1
2023-09-21,2023-09-21 11:18:00,227.3,227.32,227.3,227.32,0.01,151.76,35784.8,1
2023-09-21,2023-09-21 11:19:00,227.32,227.33,227.32,227.33,0.0,151.76,35784.8,1
2023-09-21,2023-09-21 11:20:00,227.33,227.35,227.33,227.35,0.01,151.76,35784.8,1
2023-09-21,2023-09-21 11:21:00,227.35,227.37,227.35,227.37,0.01,151.76,35784.8,1
2023-09-21,2023-09-21 11:22:00,227.37,227.38,227.37,227.38,0.0,151.76,35784.8,1
2023-09-21,2023-09-21 11:23:00,227.38,227.4,227.38,227.4,0.01,151.76,35784.8,1
2023-09-21,2023-09-21 11:24:00,227.4,227.42,227.4,227.42,0.01,151.76,35784.8,1
2023-09-21,2023-09-21 11:25:00,227.42,227.43,227.42,227.43,0.0,151.76,35784.8,1
2023-09-21,2023-09-21 11:26:00,227.43,227.45,227.43,227.45,0.01,151.76,35784.8,1
2023-09-21,2023-09-21 11:27:00,227.45,227.47,227.45,227.47,0.01,151.76,35784.8,1
2023-09-21,2023-09-21 11:28:00,227.47,227.48,227.47,227.48,0.0,151.76,35784.8,1
2023-09-21,2023-09-21 11:29:00,227.48,227.5,227.48,227.5,0.01,151.76,35784.8,1
2023-09-21,2023-09-21 11:30:00,227.5,227.52,227.5,227.52,0.01,151.76,35784.8,1
2023-09-21,2023-09-21 11:31:00,227.52,227.53,227.52,227.53,0.0,151.76,35784.8,1
2023-09-21,2023-09-21 11:32:00,227.53,227.55,227.53,227.55,0.01,151.76,35784.8,1
2023-09-21,2023-09-21 11:33:00,227.55,227.57,227.55,227.57,0.01,151.76,35784.8,1
2023-09-21,2023-09-21 11:34:00,227.57,227.58,227.57,227.58,0.0,151.76,35784.8,1
2023-09-21,2023-09-21 11:35:00,227.58,227.6,227.58,227.6,0.01,151.76,35784.8,1
2023-09-21,2023-09-21 11:36:00,227.6,227.62,227.6,227.62,0.01,151.76,35784.8,1
2023-09-21,2023-09-21 11:37:00,227.62,227.63,227.62,227.63,0.0,151.76,35784.8,1
2023-09-21,2023-09-21 11:38:00,227.63,227.65,227.63,227.65,0.01,151.76,35784.8,1
2023-09-21,2023-09-21 11:39:00,227.65,227.67,227.65,227.67,0.01,151.76,35784.8,1
2023-09-21,2023-09-21 11:40:00,227.67,227.68,227.67,227.68,0.0,151.76,35784.8,1
2023-09-21,2023-09-21 11:41:00,227.68,227.7,227.68,227.7,0.01,151.76,35784.8,1
2023-09-21,2023-09-21 11:42:00,227.7,227.72,227.7,227.72,0.01,151.76,35784.8,1
2023-09-21,2023-09-21 11:43:00,227.72,227.73,227.72,227.73,0.0,151.76,35784.8,1
2023-09-21,2023-09-21 11:44:00,227.73,227.75,227.73,227.75,0.01,151.76,35784.8,1
2023-09-21,2023-09-21 11:45:00,227.75,227.77,227.75,227.77,0.01,151.76,35784.8,1
2023-09-21,2023-09-21 11:46:00,227.77,227.78,227.77,227.78,0.0,151.76,35784.8,1
2023-09-21,2023-09-21 11:47:00,227.78,227.8,227.78,227.8,0.01,151.76,35784.8,1
2023-09-21,2023-09-21 11:48:00,227.8,227.82,227.8,227.82,0.01,151.76,35784.8,1
2023-09-21,2023-09-21 11:49:00,227.82,227.83,227.82,227.83,0.0,151.76,35784.8,1
2023-09-21,2023-09-21 11:50:00,227.83,227.85,227.83,227.85,0.01,151.76,35784.8,1
2023-09-21,2023-09-21 11:51:00,227.85,227.87,227.85,227.87,0.01,151.76,35784.8,1
2023-09-21,2023-09-21 11:52:00,227.87,227.88,227.87,227.88,0.0,151.76,35784.8,1
2023-09-21,2023-09-21 11:53:00,227.88,227.9,227.88,227.9,0.01,151.76,35784.8,1
2023-09-21,2023-09-21 11:54:00,227.9,227.92,227.9,227.92,0.01,151.76,35784.8,1
2023-09-21,2023-09-21 11:55:00,227.92,227.93,227.92,227.93,0.0,151.76,35784.8,1
2023-09-21,2023-09-21 11:56:00,227.93,227.95,227.93,227.95,0.01,151.76,35784.8,1
2023-09-21,2023-09-21 11:57:00,227.95,227.97,227.95,227.97,0.01,151.76,35784.8,1
2023-09-21,2023-09-21 11:58:00,227.97,227.98,227.97,227.98,0.0,151.76,35784.8,1
2023-09-21,2023-09-21 11:59:00,227.98,228.0,227.98,228.0,0.01,151.76,35784.8,1
2023-09-21,2023-09-21 12:00:00,228.0,228.02,228.0,228.02,0.01,151.76,35784.8,1
2023-09-21,2023-09-21 12:01:00,228.02,228.03,228.02,228.03,0.0,151.76,35784.8,1
2023-09-21,2023-09-21 12:02:00,228.03,228.05,228.03,228.05,0.01,151.76,35784.8,1
2023-09-21,2023-09-21 12:03:00,228.05,228.07,228.05,228.07,0.01,151.76,35784.8,1
2023-09-21,2023-09-21 12:04:00,228.07,228.08,228.07,228.08,0.0,151.76,35784.8,1
2023-09-21,2023-09-21 12:05:00,228.08,228.1,228.08,228.1,0.01,151.76,35784.8,1
2023-09-21,2023-09-21 12:06:00,228.1,228.12,228.1,228.12,0.01,151.76,35784.8,1
2023-09-21,2023-09-21 12:07:00,228.12,228.13,228.12,228.13,0.0,151.76,35784.8,1
2023-09-21,2023-09-21 12:08:00,228.13,228.15,228.13,228.15,0.01,151.76,35784.8,1
2023-09-21,2023-09-21 12:09:00,228.15,228.17,228.15,228.17,0.01,151.76,35784.8,1
2023-09-21,2023-09-21 12:10:00,228.17,228.18,228.17,228.18,0.0,151.76,35784.8,1
2023-09-21,2023-09-21 12:11:00,228.18,228.2,228.18,228.2,0.01,151.76,35784.8,1
2023-09-21,2023-09-21 12:12:00,228.2,228.22,228.2,228.22,0.01,151.76,35784.8,1
2023-09-21,2023-09-21 12:13:00,228.22,228.23,228.22,228.23,0.0,151.76,35784.8,1
2023-09-21,2023-09-21 12:14:00,228.23,228.25,228.23,228.25,0.01,151.76,35784.8,1
2023-09-21,2023-09-21 12:15:00,228.25,228.27,228.25,228.27,0.01,151.76,35784.8,1
2023-09-21,2023-09-21 12:16:00,228.27,228.28,228.27,228.28,0.0,151.76,35784.8,1
2023-09-21,2023-09-21 12:17:00,228.28,228.3,228.28,228.3,0.01,151.76,35784.8,1
2023-09-21,2023-09-21 12:18:00,228.3,228.32,228.3,228.32,0.01,151.76,35784.8,1
2023-09-21,2023-09-21 12:19:00,228.32,228.33,228.32,228.33,0.0,151.76,35784.8,1
2023-09-21,2023-09-21 12:20:00,228.33,228.35,228.33,228.35,0.01,151.76,35784.8,1
2023-09-21,2023-09-21 12:21:00,228.35,228.37,228.35,228.37,0.01,151.76,35784.8,1
2023-09-21,2023-09-21 12:22:00,228.37,228.38,228.37,228.38,0.0,151.76,35784.8,1
2023-09-21,2023-09-21 12:23:00,228.38,228.4,228.38,228.4,0.01,151.76,35784.8,1
2023-09-21,2023-09-21 12:24:00,228.4,228.42,228.4,228.42,0.01,151.76,35784.8,1
2023-09-21,2023-09-21 12:25:00,228.42,228.43,228.42,228.43,0.0,151.76,35784.8,1
2023-09-21,2023-09-21 12:26:00,228.43,228.45,228.43,228.45,0.01,151.76,35784.8,1
2023-09-21,2023-09-21 12:27:00,228.45,228.47,228.45,228.47,0.01,151.76,35784.8,1
2023-09-21,2023-09-21 12:28:00,228.47,228.48,228.47,228.48,0.0,151.76,35784.8,1
2023-09-21,2023-09-21 12:29:00,228.48,228.5,228.48,228.5,0.01,151.76,35784.8,1
2023-09-21,2023-09-21 12:30:00,228.5,228.52,228.5,228.52,0.01,151.76,35784.8,1
2023-09-21,2023-09-21 12:31:00,228.52,228.53,228.52,228.53,0.0,151.76,35784.8,1
2023-09-21,2023-09-21 12:32:00,228.53,228.55,228.53,228.55,0.01,151.76,35784.8,1
2023-09-21,2023-09-21 12:33:00,228.55,228.57,228.55,228.57,0.01,151.76,35784.8,1
2023-09-21,2023-09-21 12:34:00,228.57,228.58,228.57,228.58,0.0,151.76,35784.8,1
2023-09-21,2023-09-21 12:35:00,228.58,228.6,228.58,228.6,0.01,151.76,35784.8,1
2023-09-21,2023-09-21 12:36:00,228.6,228.62,228.6,228.62,0.01,151.76,35784.8,1
2023-09-21,2023-09-21 12:37:00,228.62,228.63,228.62,228.63,0.0,151.76,35784.8,1
2023-09-21,2023-09-21 12:38:00,228.63,228.65,228.63,228.65,0.01,151.76,35784.8,1
2023-09-21,2023-09-21 12:39:00,228.65,228.67,228.65,228.67,0.01,151.76,35784.8,1
2023-09-21,2023-09-21 12:40:00,228.67,228.68,228.67,228.68,0.0,151.76,35784.8,1
2023-09-21,2023-09-21 12:41:00,228.68,228.7,228.68,228.7,0.01,151.76,35784.8,1
2023-09-21,2023-09-21 12:42:00,228.7,228.72,228.7,228.72,0.01,151.76,35784.8,1
2023-09-21,2023-09-21 12:43:00,228.72,228.73,228.72,228.73,0.0,151.76,35784.8,1
2023-09-21,2023-09-21 12:44:00,228.73,228.75,228.73,228.75,0.01,151.76,35784.8,1
2023-09-21,2023-09-21 12:45:00,228.75,228.77,228.75,228.77,0.01,151.76,35784.8,1
2023-09-21,2023-09-21 12:46:00,228.77,228.78,228.77,228.78,0.0,151.76,35784.8,1
2023-09-21,2023-09-21 12:47:00,228.78,228.8,228.78,228.8,0.01,151.76,35784.8,1
2023-09-21,2023-09-21 12:48:00,228.8,228.82,228.8,228.82,0.01,151.76,35784.8,1
2023-09-21,2023-09-21 12:49:00,228.82,228.83,228.82,228.83,0.0,151.76,35784.8,1
2023-09-21,2023-09-21 12:50:00,228.83,228.85,228.83,228.85,0.01,151.76,35784.8,1
2023-09-21,2023-09-21 12:51:00,228.85,228.87,228.85,228.87,0.01,151.76,35784.8,1
2023-09-21,2023-09-21 12:52:00,228.87,228.88,228.87,228.88,0.0,151.76,35784.8,1
2023-09-21,2023-09-21 12:53:00,228.88,228.9,228.88,228.9,0.01,151.76,35784.8,1
2023-09-21,2023-09-21 12:54:00,228.9,228.92,228.9,228.92,0.01,151.76,35784.8,1
2023-09-21,2023-09-21 12:55:00,228.92,228.93,228.92,228.93,0.0,151.76,35784.8,1
2023-09-21,2023-09-21 12:56:00,228.93,228.95,228.93,228.95,0.01,151.76,35784.8,1
2023-09-21,2023-09-21 12:57:00,228.95,228.97,228.95,228.97,0.01,151.76,35784.8,1
2023-09-21,2023-09-21 12:58:00,228.97,228.98,228.97,228.98,0.0,151.76,35784.8,1
2023-09-21,2023-09-21 12:59:00,228.98,229.0,228.98,229.0,0.01,151.76,35784.8,1
2023-09-21,2023-09-21 13:00:00,229.0,242.7,225.1,229.02,0.01,151.76,35784.8,1
2023-09-21,2023-09-21 13:01:00,229.02,229.03,229.02,229.03,0.0,151.76,35784.8,1
2023-09-21,2023-09-21 13:02:00,229.03,229.05,229.03,229.05,0.01,151.76,35784.8,1
2023-09-21,2023-09-21 13:03:00,229.05,229.07,229.05,229.07,0.01,151.76,35784.8,1
2023-09-21,2023-09-21 13:04:00,229.07,229.08,229.07,229.08,0.0,151.76,35784.8,1
2023-09-21,2023-09-21 13:05:00,229.08,229.1,229.08,229.1,0.01,151.76,35784.8,1
2023-09-21,2023-09-21 13:06:00,229.1,229.12,229.1,229.12,0.01,151.76,35784.8,1
2023-09-21,2023-09-21 13:07:00,229.12,229.13,229.12,229.13,0.0,151.76,35784.8,1
2023-09-21,2023-09-21 13:08:00,229.13,229.15,229.13,229.15,0.01,151.76,35784.8,1
2023-09-21,2023-09-21 13:09:00,229.15,229.17,229.15,229.17,0.01,151.76,35784.8,1
2023-09-21,2023-09-21 13:10:00,229.17,229.18,229.17,229.18,0.0,151.76,35784.8,1
2023-09-21,2023-09-21 13:11:00,229.18,229.2,229.18,229.2,0.01,151.76,35784.8,1
2023-09-21,2023-09-21 13:12:00,229.2,229.22,229.2,229.22,0.01,151.76,35784.8,1
2023-09-21,2023-09-21 13:13:00,229.22,229.23,229.22,229.23,0.0,151.76,35784.8,1
2023-09-21,2023-09-21 13:14:00,229.23,229.25,229.23,229.25,0.01,151.76,35784.8,1
2023-09-21,2023-09-21 13:15:00,229.25,229.27,229.25,229.27,0.01,151.76,35784.8,1
2023-09-21,2023-09-21 13:16:00,229.27,229.28,229.27,229.28,0.0,151.76,35784.8,1
2023-09-21,2023-09-21 13:17:00,229.28,229.3,229.28,229.3,0.01,151.76,35784.8,1
2023-09-21,2023-09-21 13:18:00,229.3,229.32,229.3,229.32,0.01,151.76,35784.8,1
2023-09-21,2023-09-21 13:19:00,229.32,229.33,229.32,229.33,0.0,151.76,35784.8,1
2023-09-21,2023-09-21 13:20:00,229.33,229.35,229.33,229.35,0.01,151.76,35784.8,1
2023-09-21,2023-09-21 13:21:00,229.35,229.37,229.35,229.37,0.01,151.76,35784.8,1
2023-09-21,2023-09-21 13:22:00,229.37,229.38,229.37,229.38,0.0,151.76,35784.8,1
2023-09-21,2023-09-21 13:23:00,229.38,229.4,229.38,229.4,0.01,151.76,35784.8,1
2023-09-21,2023-09-21 13:24:00,229.4,229.42,229.4,229.42,0.01,151.76,35784.8,1
2023-09-21,2023-09-21 13:25:00,229.42,229.43,229.42,229.43,0.0,151.76,35784.8,1
2023-09-21,2023-09-21 13:26:00,229.43,229.45,229.43,229.45,0.01,151.76,35784.8,1
2023-09-21,2023-09-21 13:27:00,229.45,229.47,229.45,229.47,0.01,151.76,35784.8,1
2023-09-21,2023-09-21 13:28:00,229.47,229.48,229.47,229.48,0.0,151.76,35784.8,1
2023-09-21,2023-09-21 13:29:00,229.48,229.5,229.48,229.5,0.01,151.76,35784.8,1
2023-09-21,2023-09-21 13:30:00,229.5,229.52,229.5,229.52,0.01,151.76,35784.8,1
2023-09-21,2023-09-21 13:31:00,229.52,229.53,229.52,229.53,0.0,151.76,35784.8,1
2023-09-21,2023-09-21 13:32:00,229.53,229.55,229.53,229.55,0.01,151.76,35784.8,1
2023-09-21,2023-09-21 13:33:00,229.55,229.57,229.55,229.57,0.01,151.76,35784.8,1
2023-09-21,2023-09-21 13:34:00,229.57,229.58,229.57,229.58,0.0,151.76,35784.8,1
2023-09-21,2023-09-21 13:35:00,229.58,229.6,229.58,229.6,0.01,151.76,35784.8,1
2023-09-21,2023-09-21 13:36:00,229.6,229.62,229.6,229.62,0.01,151.76,35784.8,1
2023-09-21,2023-09-21 13:37:00,229.62,229.63,229.62,229.63,0.0,151.76,35784.8,1
2023-09-21,2023-09-21 13:38:00,229.63,229.65,229.63,229.65,0.01,151.76,35784.8,1
2023-09-21,2023-09-21 13:39:00,229.65,229.67,229.65,229.67,0.01,151.76,35784.8,1
2023-09-21,2023-09-21 13:40:00,229.67,229.68,229.67,229.68,0.0,151.76,35784.8,1
2023-09-21,2023-09-21 13:41:00,229.68,229.7,229.68,229.7,0.01,151.76,35784.8,1
2023-09-21,2023-09-21 13:42:00,229.7,229.72,229.7,229.72,0.01,151.76,35784.8,1
2023-09-21,2023-09-21 13:43:00,229.72,229.73,229.72,229.73,0.0,151.76,35784.8,1
2023-09-21,2023-09-21 13:44:00,229.73,229.75,229.73,229.75,0.01,151.76,35784.8,1
2023-09-21,2023-09-21 13:45:00,229.75,229.77,229.75,229.77,0.01,151.76,35784.8,1
2023-09-21,2023-09-21 13:46:00,229.77,229.78,229.77,229.78,0.0,151.76,35784.8,1
2023-09-21,2023-09-21 13:47:00,229.78,229.8,229.78,229.8,0.01,151.76,35784.8,1
2023-09-21,2023-09-21 13:48:00,229.8,229.82,229.8,229.82,0.01,151.76,35784.8,1
2023-09-21,2023-09-21 13:49:00,229.82,229.83,229.82,229.83,0.0,151.76,35784.8,1
2023-09-21,2023-09-21 13:50:00,229.83,229.85,229.83,229.85,0.01,151.76,35784.8,1
2023-09-21,2023-09-21 13:51:00,229.85,229.87,229.85,229.87,0.01,151.76,35784.8,1
2023-09-21,2023-09-21 13:52:00,229.87,229.88,229.87,229.88,0.0,151.76,35784.8,1
2023-09-21,2023-09-21 13:53:00,229.88,229.9,229.88,229.9,0.01,151.76,35784.8,1
2023-09-21,2023-09-21 13:54:00,229.9,229.92,229.9,229.92,0.01,151.76,35784.8,1
2023-09-21,2023-09-21 13:55:00,229.92,229.93,229.92,229.93,0.0,151.76,35784.8,1
2023-09-21,2023-09-21 13:56:00,229.93,229.95,229.93,229.95,0.01,151.76,35784.8,1
2023-09-21,2023-09-21 13:57:00,229.95,229.97,229.95,229.97,0.01,151.76,35784.8,1
2023-09-21,2023-09-21 13:58:00,229.97,229.98,229.97,229.98,0.0,151.76,35784.8,1
2023-09-21,2023-09-21 13:59:00,229.98,230.0,229.98,230.0,0.01,151.76,35784.8,1
2023-09-21,2023-09-21 14:00:00,230.0,230.02,230.0,230.02,0.01,151.76,35784.8,1
2023-09-21,2023-09-21 14:01:00,230.02,230.03,230.02,230.03,0.0,151.76,35784.8,1
2023-09-21,2023-09-21 14:02:00,230.03,230.05,230.03,230.05,0.01,151.76,35784.8,1
2023-09-21,2023-09-21 14:03:00,230.05,230.07,230.05,230.07,0.01,151.76,35784.8,1
2023-09-21,2023-09-21 14:04:00,230.07,230.08,230.07,230.08,0.0,151.76,35784.8,1
2023-09-21,2023-09-21 14:05:00,230.08,230.1,230.08,230.1,0.01,151.76,35784.8,1
2023-09-21,2023-09-21 14:06:00,230.1,230.12,230.1,230.12,0.01,151.76,35784.8,1
2023-09-21,2023-09-21 14:07:00,230.12,230.13,230.12,230.13,0.0,151.76,35784.8,1
2023-09-21,2023-09-21 14:08:00,230.13,230.15,230.13,230.15,0.01,151.76,35784.8,1
2023-09-21,2023-09-21 14:09:00,230.15,230.17,230.15,230.17,0.01,151.76,35784.8,1
2023-09-21,2023-09-21 14:10:00,230.17,230.18,230.17,230.18,0.0,151.76,35784.8,1
2023-09-21,2023-09-21 14:11:00,230.18,230.2,230.18,230.2,0.01,151.76,35784.8,1
2023-09-21,2023-09-21 14:12:00,230.2,230.22,230.2,230.22,0.01,151.76,35784.8,1
2023-09-21,2023-09-21 14:13:00,230.22,230.23,230.22,230.23,0.0,151.76,35784.8,1
2023-09-21,2023-09-21 14:14:00,230.23,230.25,230.23,230.25,0.01,151.76,35784.8,1
2023-09-21,2023-09-21 14:15:00,230.25,230.27,230.25,230.27,0.01,151.76,35784.8,1
2023-09-21,2023-09-21 14:16:00,230.27,230.28,230.27,230.28,0.0,151.76,35784.8,1
2023-09-21,2023-09-21 14:17:00,230.28,230.3,230.28,230.3,0.01,151.76,35784.8,1
2023-09-21,2023-09-21 14:18:00,230.3,230.32,230.3,230.32,0.01,151.76,35784.8,1
2023-09-21,2023-09-21 14:19:00,230.32,230.33,230.32,230.33,0.0,151.76,35784.8,1
2023-09-21,2023-09-21 14:20:00,230.33,230.35,230.33,230.35,0.01,151.76,35784.8,1
2023-09-21,2023-09-21 14:21:00,230.35,230.37,230.35,230.37,0.01,151.76,35784.8,1
2023-09-21,2023-09-21 14:22:00,230.37,230.38,230.37,230.38,0.0,151.76,35784.8,1
2023-09-21,2023-09-21 14:23:00,230.38,230.4,230.38,230.4,0.01,151.76,35784.8,1
2023-09-21,2023-09-21 14:24:00,230.4,230.42,230.4,230.42,0.01,151.76,35784.8,1
2023-09-21,2023-09-21 14:25:00,230.42,230.43,230.42,230.43,0.0,151.76,35784.8,1
2023-09-21,2023-09-21 14:26:00,230.43,230.45,230.43,230.45,0.01,151.76,35784.8,1
2023-09-21,2023-09-21 14:27:00,230.45,230.47,230.45,230.47,0.01,151.76,35784.8,1
2023-09-21,2023-09-21 14:28:00,230.47,230.48,230.47,230.48,0.0,151.76,35784.8,1
2023-09-21,2023-09-21 14:29:00,230.48,230.5,230.48,230.5,0.01,151.76,35784.8,1
2023-09-21,2023-09-21 14:30:00,230.5,230.52,230.5,230.52,0.01,151.76,35784.8,1
2023-09-21,2023-09-21 14:31:00,230.52,230.53,230.52,230.53,0.0,151.76,35784.8,1
2023-09-21,2023-09-21 14:32:00,230.53,230.55,230.53,230.55,0.01,151.76,35784.8,1
2023-09-21,2023-09-21 14:33:00,230.55,230.57,230.55,230.57,0.01,151.76,35784.8,1
2023-09-21,2023-09-21 14:34:00,230.57,230.58,230.57,230.58,0.0,151.76,35784.8,1
2023-09-21,2023-09-21 14:35:00,230.58,230.6,230.58,230.6,0.01,151.76,35784.8,1
2023-09-21,2023-09-21 14:36:00,230.6,230.62,230.6,230.62,0.01,151.76,35784.8,1
2023-09-21,2023-09-21 14:37:00,230.62,230.63,230.62,230.63,0.0,151.76,35784.8,1
2023-09-21,2023-09-21 14:38:00,230.63,230.65,230.63,230.65,0.01,151.76,35784.8,1
2023-09-21,2023-09-21 14:39:00,230.65,230.67,230.65,230.67,0.01,151.76,35784.8,1
2023-09-21,2023-09-21 14:40:00,230.67,230.68,230.67,230.68,0.0,151.76,35784.8,1
2023-09-21,2023-09-21 14:41:00,230.68,230.7,230.68,230.7,0.01,151.76,35784.8,1
2023-09-21,2023-09-21 14:42:00,230.7,230.72,230.7,230.72,0.01,151.76,35784.8,1
2023-09-21,2023-09-21 14:43:00,230.72,230.73,230.72,230.73,0.0,151.76,35784.8,1
2023-09-21,2023-09-21 14:44:00,230.73,230.75,230.73,230.75,0.01,151.76,35784.8,1
2023-09-21,2023-09-21 14:45:00,230.75,230.77,230.75,230.77,0.01,151.76,35784.8,1
2023-09-21,2023-09-21 14:46:00,230.77,230.78,230.77,230.78,0.0,151.76,35784.8,1
2023-09-21,2023-09-21 14:47:00,230.78,230.8,230.78,230.8,0.01,151.76,35784.8,1
2023-09-21,2023-09-21 14:48:00,230.8,230.82,230.8,230.82,0.01,151.76,35784.8,1
2023-09-21,2023-09-21 14:49:00,230.82,230.83,230.82,230.83,0.0,151.76,35784.8,1
2023-09-21,2023-09-21 14:50:00,230.83,230.85,230.83,230.85,0.01,151.76,35784.8,1
2023-09-21,2023-09-21 14:51:00,230.85,230.87,230.85,230.87,0.01,151.76,35784.8,1
2023-09-21,2023-09-21 14:52:00,230.87,230.88,230.87,230.88,0.0,151.76,35784.8,1
2023-09-21,2023-09-21 14:53:00,230.88,230.9,230.88,230.9,0.01,151.76,35784.8,1
2023-09-21,2023-09-21 14:54:00,230.9,230.92,230.9,230.92,0.01,151.76,35784.8,1
2023-09-21,2023-09-21 14:55:00,230.92,230.93,230.92,230.93,0.0,151.76,35784.8,1
2023-09-21,2023-09-21 14:56:00,230.93,230.95,230.93,230.95,0.01,151.76,35784.8,1
2023-09-21,2023-09-21 14:57:00,230.95,230.97,230.95,230.97,0.01,151.76,35784.8,1
2023-09-21,2023-09-21 14:58:00,230.97,230.98,230.97,230.98,0.0,151.76,35784.8,1
2023-09-21,2023-09-21 14:59:00,230.98,231.0,230.98,231.0,0.01,151.76,35784.8,1
2023-09-21,2023-09-21 15:00:00,231.0,242.7,225.1,231.0,0.0,151.76,35784.8,0
2023-09-24,2023-09-24 11:00:00,232.6,232.6,229.27,232.56,-0.02,59.46,13474.05,-1
2023-09-24,2023-09-24 11:01:00,232.56,232.56,232.52,232.52,-0.02,59.46,13474.05,-1
2023-09-24,2023-09-24 11:02:00,232.52,232.52,232.47,232.47,-0.02,59.46,13474.05,-1
2023-09-24,2023-09-24 11:03:00,232.47,232.47,232.43,232.43,-0.02,59.46,13474.05,-1
2023-09-24,2023-09-24 11:04:00,232.43,232.43,232.39,232.39,-0.02,59.46,13474.05,-1
2023-09-24,2023-09-24 11:05:00,232.39,232.39,232.35,232.35,-0.02,59.46,13474.05,-1
2023-09-24,2023-09-24 11:06:00,232.35,232.35,232.31,232.31,-0.02,59.46,13474.05,-1
2023-09-24,2023-09-24 11:07:00,232.31,232.31,232.26,232.26,-0.02,59.46,13474.05,-1
2023-09-24,2023-09-24 11:08:00,232.26,232.26,232.22,232.22,-0.02,59.46,13474.05,-1
2023-09-24,2023-09-24 11:09:00,232.22,232.22,232.18,232.18,-0.02,59.46,13474.05,-1
2023-09-24,2023-09-24 11:10:00,232.18,232.18,232.14,232.14,-0.02,59.46,13474.05,-1
2023-09-24,2023-09-24 11:11:00,232.14,232.14,232.09,232.09,-0.02,59.46,13474.05,-1
2023-09-24,2023-09-24 11:12:00,232.09,232.09,232.05,232.05,-0.02,59.46,13474.05,-1
2023-09-24,2023-09-24 11:13:00,232.05,232.05,232.01,232.01,-0.02,59.46,13474.05,-1
2023-09-24,2023-09-24 11:14:00,232.01,232.01,231.97,231.97,-0.02,59.46,13474.05,-1
2023-09-24,2023-09-24 11:15:00,231.97,231.97,231.93,231.93,-0.02,59.46,13474.05,-1
2023-09-24,2023-09-24 11:16:00,231.93,231.93,231.88,231.88,-0.02,59.46,13474.05,-1
2023-09-24,2023-09-24 11:17:00,231.88,231.88,231.84,231.84,-0.02,59.46,13474.05,-1
2023-09-24,2023-09-24 11:18:00,231.84,231.84,231.8,231.8,-0.02,59.46,13474.05,-1
2023-09-24,2023-09-24 11:19:00,231.8,231.8,231.76,231.76,-0.02,59.46,13474.05,-1
2023-09-24,2023-09-24 11:20:00,231.76,231.76,231.72,231.72,-0.02,59.46,13474.05,-1
2023-09-24,2023-09-24 11:21:00,231.72,231.72,231.67,231.67,-0.02,59.46,13474.05,-1
2023-09-24,2023-09-24 11:22:00,231.67,231.67,231.63,231.63,-0.02,59.46,13474.05,-1
2023-09-24,2023-09-24 11:23:00,231.63,231.63,231.59,231.59,-0.02,59.46,13474.05,-1
2023-09-24,2023-09-24 11:24:00,231.59,231.59,231.55,231.55,-0.02,59.46,13474.05,-1
2023-09-24,2023-09-24 11:25:00,231.55,231.55,231.51,231.51,-0.02,59.46,13474.05,-1
2023-09-24,2023-09-24 11:26:00,231.51,231.51,231.46,231.46,-0.02,59.46,13474.05,-1
2023-09-24,2023-09-24 11:27:00,231.46,231.46,231.42,231.42,-0.02,59.46,13474.05,-1
2023-09-24,2023-09-24 11:28:00,231.42,231.42,231.38,231.38,-0.02,59.46,13474.05,-1
2023-09-24,2023-09-24 11:29:00,231.38,231.38,231.34,231.34,-0.02,59.46,13474.05,-1
2023-09-24,2023-09-24 11:30:00,231.34,231.34,231.3,231.3,-0.02,59.46,13474.05,-1
2023-09-24,2023-09-24 11:31:00,231.3,231.3,231.25,231.25,-0.02,59.46,13474.05,-1
2023-09-24,2023-09-24 11:32:00,231.25,231.25,231.21,231.21,-0.02,59.46,13474.05,-1
2023-09-24,2023-09-24 11:33:00,231.21,231.21,231.17,231.17,-0.02,59.46,13474.05,-1
2023-09-24,2023-09-24 11:34:00,231.17,231.17,231.13,231.13,-0.02,59.46,13474.05,-1
2023-09-24,2023-09-24 11:35:00,231.13,231.13,231.09,231.09,-0.02,59.46,13474.05,-1
2023-09-24,2023-09-24 11:36:00,231.09,231.09,231.04,231.04,-0.02,59.46,13474.05,-1
2023-09-24,2023-09-24 11:37:00,231.04,231.04,231.0,231.0,-0.02,59.46,13474.05,-1
2023-09-24,2023-09-24 11:38:00,231.0,231.0,230.96,230.96,-0.02,59.46,13474.05,-1
2023-09-24,2023-09-24 11:39:00,230.96,230.96,230.92,230.92,-0.02,59.46,13474.05,-1
2023-09-24,2023-09-24 11:40:00,230.92,230.92,230.87,230.87,-0.02,59.46,13474.05,-1
2023-09-24,2023-09-24 11:41:00,230.87,230.87,230.83,230.83,-0.02,59.46,13474.05,-1
2023-09-24,2023-09-24 11:42:00,230.83,230.83,230.79,230.79,-0.02,59.46,13474.05,-1
2023-09-24,2023-09-24 11:43:00,230.79,230.79,230.75,230.75,-0.02,59.46,13474.05,-1
2023-09-24,2023-09-24 11:44:00,230.75,230.75,230.71,230.71,-0.02,59.46,13474.05,-1
2023-09-24,2023-09-24 11:45:00,230.71,230.71,230.66,230.66,-0.02,59.46,13474.05,-1
2023-09-24,2023-09-24 11:46:00,230.66,230.66,230.62,230.62,-0.02,59.46,13474.05,-1
2023-09-24,2023-09-24 11:47:00,230.62,230.62,230.58,230.58,-0.02,59.46,13474.05,-1
2023-09-24,2023-09-24 11:48:00,230.58,230.58,230.54,230.54,-0.02,59.46,13474.05,-1
2023-09-24,2023-09-24 11:49:00,230.54,230.54,230.5,230.5,-0.02,59.46,13474.05,-1
2023-09-24,2023-09-24 11:50:00,230.5,230.5,230.45,230.45,-0.02,59.46,13474.05,-1
2023-09-24,2023-09-24 11:51:00,230.45,230.45,230.41,230.41,-0.02,59.46,13474.05,-1
2023-09-24,2023-09-24 11:52:00,230.41,230.41,230.37,230.37,-0.02,59.46,13474.05,-1
2023-09-24,2023-09-24 11:53:00,230.37,230.37,230.33,230.33,-0.02,59.46,13474.05,-1
2023-09-24,2023-09-24 11:54:00,230.33,230.33,230.29,230.29,-0.02,59.46,13474.05,-1
2023-09-24,2023-09-24 11:55:00,230.29,230.29,230.24,230.24,-0.02,59.46,13474.05,-1
2023-09-24,2023-09-24 11:56:00,230.24,230.24,230.2,230.2,-0.02,59.46,13474.05,-1
2023-09-24,2023-09-24 11:57:00,230.2,230.2,230.16,230.16,-0.02,59.46,13474.05,-1
2023-09-24,2023-09-24 11:58:00,230.16,230.16,230.12,230.12,-0.02,59.46,13474.05,-1
2023-09-24,2023-09-24 11:59:00,230.12,230.12,230.07,230.07,-0.02,59.46,13474.05,-1
2023-09-24,2023-09-24 12:00:00,230.07,230.07,230.03,230.03,-0.02,59.46,13474.05,-1
2023-09-24,2023-09-24 12:01:00,230.03,230.03,229.99,229.99,-0.02,59.46,13474.05,-1
2023-09-24,2023-09-24 12:02:00,229.99,229.99,229.95,229.95,-0.02,59.46,13474.05,-1
2023-09-24,2023-09-24 12:03:00,229.95,229.95,229.91,229.91,-0.02,59.46,13474.05,-1
2023-09-24,2023-09-24 12:04:00,229.91,229.91,229.86,229.86,-0.02,59.46,13474.05,-1
2023-09-24,2023-09-24 12:05:00,229.86,229.86,229.82,229.82,-0.02,59.46,13474.05,-1
2023-09-24,2023-09-24 12:06:00,229.82,229.82,229.78,229.78,-0.02,59.46,13474.05,-1
2023-09-24,2023-09-24 12:07:00,229.78,229.78,229.74,229.74,-0.02,59.46,13474.05,-1
2023-09-24,2023-09-24 12:08:00,229.74,229.74,229.7,229.7,-0.02,59.46,13474.05,-1
2023-09-24,2023-09-24 12:09:00,229.7,229.7,229.65,229.65,-0.02,59.46,13474.05,-1
2023-09-24,2023-09-24 12:10:00,229.65,229.65,229.61,229.61,-0.02,59.46,13474.05,-1
2023-09-24,2023-09-24 12:11:00,229.61,229.61,229.57,229.57,-0.02,59.46,13474.05,-1
2023-09-24,2023-09-24 12:12:00,229.57,229.57,229.53,229.53,-0.02,59.46,13474.05,-1
2023-09-24,2023-09-24 12:13:00,229.53,229.53,229.49,229.49,-0.02,59.46,13474.05,-1
2023-09-24,2023-09-24 12:14:00,229.49,229.49,229.44,229.44,-0.02,59.46,13474.05,-1
2023-09-24,2023-09-24 12:15:00,229.44,229.44,229.4,229.4,-0.02,59.46,13474.05,-1
2023-09-24,2023-09-24 12:16:00,229.4,229.4,229.36,229.36,-0.02,59.46,13474.05,-1
2023-09-24,2023-09-24 12:17:00,229.36,229.36,229.32,229.32,-0.02,59.46,13474.05,-1
2023-09-24,2023-09-24 12:18:00,229.32,229.32,229.28,229.28,-0.02,59.46,13474.05,-1
2023-09-24,2023-09-24 12:19:00,229.28,229.28,229.23,229.23,-0.02,59.46,13474.05,-1
2023-09-24,2023-09-24 12:20:00,229.23,229.23,229.19,229.19,-0.02,59.46,13474.05,-1
2023-09-24,2023-09-24 12:21:00,229.19,229.19,229.15,229.15,-0.02,59.46,13474.05,-1
2023-09-24,2023-09-24 12:22:00,229.15,229.15,229.11,229.11,-0.02,59.46,13474.05,-1
2023-09-24,2023-09-24 12:23:00,229.11,229.11,229.06,229.06,-0.02,59.46,13474.05,-1
2023-09-24,2023-09-24 12:24:00,229.06,229.06,229.02,229.02,-0.02,59.46,13474.05,-1
2023-09-24,2023-09-24 12:25:00,229.02,229.02,228.98,228.98,-0.02,59.46,13474.05,-1
2023-09-24,2023-09-24 12:26:00,228.98,228.98,228.94,228.94,-0.02,59.46,13474.05,-1
2023-09-24,2023-09-24 12:27:00,228.94,228.94,228.9,228.9,-0.02,59.46,13474.05,-1
2023-09-24,2023-09-24 12:28:00,228.9,228.9,228.85,228.85,-0.02,59.46,13474.05,-1
2023-09-24,2023-09-24 12:29:00,228.85,228.85,228.81,228.81,-0.02,59.46,13474.05,-1
2023-09-24,2023-09-24 12:30:00,228.81,228.81,228.77,228.77,-0.02,59.46,13474.05,-1
2023-09-24,2023-09-24 12:31:00,228.77,228.77,228.73,228.73,-0.02,59.46,13474.05,-1
2023-09-24,2023-09-24 12:32:00,228.73,228.73,228.69,228.69,-0.02,59.46,13474.05,-1
2023-09-24,2023-09-24 12:33:00,228.69,228.69,228.64,228.64,-0.02,59.46,13474.05,-1
2023-09-24,2023-09-24 12:34:00,228.64,228.64,228.6,228.6,-0.02,59.46,13474.05,-1
2023-09-24,2023-09-24 12:35:00,228.6,228.6,228.56,228.56,-0.02,59.46,13474.05,-1
2023-09-24,2023-09-24 12:36:00,228.56,228.56,228.52,228.52,-0.02,59.46,13474.05,-1
2023-09-24,2023-09-24 12:37:00,228.52,228.52,228.48,228.48,-0.02,59.46,13474.05,-1
2023-09-24,2023-09-24 12:38:00,228.48,228.48,228.43,228.43,-0.02,59.46,13474.05,-1
2023-09-24,2023-09-24 12:39:00,228.43,228.43,228.39,228.39,-0.02,59.46,13474.05,-1
2023-09-24,2023-09-24 12:40:00,228.39,228.39,228.35,228.35,-0.02,59.46,13474.05,-1
2023-09-24,2023-09-24 12:41:00,228.35,228.35,228.31,228.31,-0.02,59.46,13474.05,-1
2023-09-24,2023-09-24 12:42:00,228.31,228.31,228.27,228.27,-0.02,59.46,13474.05,-1
2023-09-24,2023-09-24 12:43:00,228.27,228.27,228.22,228.22,-0.02,59.46,13474.05,-1
2023-09-24,2023-09-24 12:44:00,228.22,228.22,228.18,228.18,-0.02,59.46,13474.05,-1
2023-09-24,2023-09-24 12:45:00,228.18,228.18,228.14,228.14,-0.02,59.46,13474.05,-1
2023-09-24,2023-09-24 12:46:00,228.14,228.14,228.1,228.1,-0.02,59.46,13474.05,-1
2023-09-24,2023-09-24 12:47:00,228.1,228.1,228.06,228.06,-0.02,59.46,13474.05,-1
2023-09-24,2023-09-24 12:48:00,228.06,228.06,228.01,228.01,-0.02,59.46,13474.05,-1
2023-09-24,2023-09-24 12:49:00,228.01,228.01,227.97,227.97,-0.02,59.46,13474.05,-1
2023-09-24,2023-09-24 12:50:00,227.97,227.97,227.93,227.93,-0.02,59.46,13474.05,-1
2023-09-24,2023-09-24 12:51:00,227.93,227.93,227.89,227.89,-0.02,59.46,13474.05,-1
2023-09-24,2023-09-24 12:52:00,227.89,227.89,227.84,227.84,-0.02,59.46,13474.05,-1
2023-09-24,2023-09-24 12:53:00,227.84,227.84,227.8,227.8,-0.02,59.46,13474.05,-1
2023-09-24,2023-09-24 12:54:00,227.8,227.8,227.76,227.76,-0.02,59.46,13474.05,-1
2023-09-24,2023-09-24 12:55:00,227.76,227.76,227.72,227.72,-0.02,59.46,13474.05,-1
2023-09-24,2023-09-24 12:56:00,227.72,227.72,227.68,227.68,-0.02,59.46,13474.05,-1
2023-09-24,2023-09-24 12:57:00,227.68,227.68,227.63,227.63,-0.02,59.46,13474.05,-1
2023-09-24,2023-09-24 12:58:00,227.63,227.63,227.59,227.59,-0.02,59.46,13474.05,-1
2023-09-24,2023-09-24 12:59:00,227.59,227.59,227.55,227.55,-0.02,59.46,13474.05,-1
2023-09-24,2023-09-24 13:00:00,227.55,232.6,221.5,227.51,-0.02,59.46,13474.05,-1
2023-09-24,2023-09-24 13:01:00,227.51,227.51,227.47,227.47,-0.02,59.46,13474.05,-1
2023-09-24,2023-09-24 13:02:00,227.47,227.47,227.42,227.42,-0.02,59.46,13474.05,-1
2023-09-24,2023-09-24 13:03:00,227.42,227.42,227.38,227.38,-0.02,59.46,13474.05,-1
2023-09-24,2023-09-24 13:04:00,227.38,227.38,227.34,227.34,-0.02,59.46,13474.05,-1
2023-09-24,2023-09-24 13:05:00,227.34,227.34,227.3,227.3,-0.02,59.46,13474.05,-1
2023-09-24,2023-09-24 13:06:00,227.3,227.3,227.26,227.26,-0.02,59.46,13474.05,-1
2023-09-24,2023-09-24 13:07:00,227.26,227.26,227.21,227.21,-0.02,59.46,13474.05,-1
2023-09-24,2023-09-24 13:08:00,227.21,227.21,227.17,227.17,-0.02,59.46,13474.05,-1
2023-09-24,2023-09-24 13:09:00,227.17,227.17,227.13,227.13,-0.02,59.46,13474.05,-1
2023-09-24,2023-09-24 13:10:00,227.13,227.13,227.09,227.09,-0.02,59.46,13474.05,-1
2023-09-24,2023-09-24 13:11:00,227.09,227.09,227.04,227.04,-0.02,59.46,13474.05,-1
2023-09-24,2023-09-24 13:12:00,227.04,227.04,227.0,227.0,-0.02,59.46,13474.05,-1
2023-09-24,2023-09-24 13:13:00,227.0,227.0,226.96,226.96,-0.02,59.46,13474.05,-1
2023-09-24,2023-09-24 13:14:00,226.96,226.96,226.92,226.92,-0.02,59.46,13474.05,-1
2023-09-24,2023-09-24 13:15:00,226.92,226.92,226.88,226.88,-0.02,59.46,13474.05,-1
2023-09-24,2023-09-24 13:16:00,226.88,226.88,226.83,226.83,-0.02,59.46,13474.05,-1
2023-09-24,2023-09-24 13:17:00,226.83,226.83,226.79,226.79,-0.02,59.46,13474.05,-1
2023-09-24,2023-09-24 13:18:00,226.79,226.79,226.75,226.75,-0.02,59.46,13474.05,-1
2023-09-24,2023-09-24 13:19:00,226.75,226.75,226.71,226.71,-0.02,59.46,13474.05,-1
2023-09-24,2023-09-24 13:20:00,226.71,226.71,226.67,226.67,-0.02,59.46,13474.05,-1
2023-09-24,2023-09-24 13:21:00,226.67,226.67,226.62,226.62,-0.02,59.46,13474.05,-1
2023-09-24,2023-09-24 13:22:00,226.62,226.62,226.58,226.58,-0.02,59.46,13474.05,-1
2023-09-24,2023-09-24 13:23:00,226.58,226.58,226.54,226.54,-0.02,59.46,13474.05,-1
2023-09-24,2023-09-24 13:24:00,226.54,226.54,226.5,226.5,-0.02,59.46,13474.05,-1
2023-09-24,2023-09-24 13:25:00,226.5,226.5,226.46,226.46,-0.02,59.46,13474.05,-1
2023-09-24,2023-09-24 13:26:00,226.46,226.46,226.41,226.41,-0.02,59.46,13474.05,-1
2023-09-24,2023-09-24 13:27:00,226.41,226.41,226.37,226.37,-0.02,59.46,13474.05,-1
2023-09-24,2023-09-24 13:28:00,226.37,226.37,226.33,226.33,-0.02,59.46,13474.05,-1
2023-09-24,2023-09-24 13:29:00,226.33,226.33,226.29,226.29,-0.02,59.46,13474.05,-1
2023-09-24,2023-09-24 13:30:00,226.29,226.29,226.25,226.25,-0.02,59.46,13474.05,-1
2023-09-24,2023-09-24 13:31:00,226.25,226.25,226.2,226.2,-0.02,59.46,13474.05,-1
2023-09-24,2023-09-24 13:32:00,226.2,226.2,226.16,226.16,-0.02,59.46,13474.05,-1
2023-09-24,2023-09-24 13:33:00,226.16,226.16,226.12,226.12,-0.02,59.46,13474.05,-1
2023-09-24,2023-09-24 13:34:00,226.12,226.12,226.08,226.08,-0.02,59.46,13474.05,-1
2023-09-24,2023-09-24 13:35:00,226.08,226.08,226.03,226.03,-0.02,59.46,13474.05,-1
2023-09-24,2023-09-24 13:36:00,226.03,226.03,225.99,225.99,-0.02,59.46,13474.05,-1
2023-09-24,2023-09-24 13:37:00,225.99,225.99,225.95,225.95,-0.02,59.46,13474.05,-1
2023-09-24,2023-09-24 13:38:00,225.95,225.95,225.91,225.91,-0.02,59.46,13474.05,-1
2023-09-24,2023-09-24 13:39:00,225.91,225.91,225.87,225.87,-0.02,59.46,13474.05,-1
2023-09-24,2023-09-24 13:40:00,225.87,225.87,225.82,225.82,-0.02,59.46,13474.05,-1
2023-09-24,2023-09-24 13:41:00,225.82,225.82,225.78,225.78,-0.02,59.46,13474.05,-1
2023-09-24,2023-09-24 13:42:00,225.78,225.78,225.74,225.74,-0.02,59.46,13474.05,-1
2023-09-24,2023-09-24 13:43:00,225.74,225.74,225.7,225.7,-0.02,59.46,13474.05,-1
2023-09-24,2023-09-24 13:44:00,225.7,225.7,225.66,225.66,-0.02,59.46,13474.05,-1
2023-09-24,2023-09-24 13:45:00,225.66,225.66,225.61,225.61,-0.02,59.46,13474.05,-1
2023-09-24,2023-09-24 13:46:00,225.61,225.61,225.57,225.57,-0.02,59.46,13474.05,-1
2023-09-24,2023-09-24 13:47:00,225.57,225.57,225.53,225.53,-0.02,59.46,13474.05,-1
2023-09-24,2023-09-24 13:48:00,225.53,225.53,225.49,225.49,-0.02,59.46,13474.05,-1
2023-09-24,2023-09-24 13:49:00,225.49,225.49,225.45,225.45,-0.02,59.46,13474.05,-1
2023-09-24,2023-09-24 13:50:00,225.45,225.45,225.4,225.4,-0.02,59.46,13474.05,-1
2023-09-24,2023-09-24 13:51:00,225.4,225.4,225.36,225.36,-0.02,59.46,13474.05,-1
2023-09-24,2023-09-24 13:52:00,225.36,225.36,225.32,225.32,-0.02,59.46,13474.05,-1
2023-09-24,2023-09-24 13:53:00,225.32,225.32,225.28,225.28,-0.02,59.46,13474.05,-1
2023-09-24,2023-09-24 13:54:00,225.28,225.28,225.24,225.24,-0.02,59.46,13474.05,-1
2023-09-24,2023-09-24 13:55:00,225.24,225.24,225.19,225.19,-0.02,59.46,13474.05,-1
2023-09-24,2023-09-24 13:56:00,225.19,225.19,225.15,225.15,-0.02,59.46,13474.05,-1
2023-09-24,2023-09-24 13:57:00,225.15,225.15,225.11,225.11,-0.02,59.46,13474.05,-1
2023-09-24,2023-09-24 13:58:00,225.11,225.11,225.07,225.07,-0.02,59.46,13474.05,-1
2023-09-24,2023-09-24 13:59:00,225.07,225.07,225.03,225.03,-0.02,59.46,13474.05,-1
2023-09-24,2023-09-24 14:00:00,225.03,225.03,224.98,224.98,-0.02,59.46,13474.05,-1
2023-09-24,2023-09-24 14:01:00,224.98,224.98,224.94,224.94,-0.02,59.46,13474.05,-1
2023-09-24,2023-09-24 14:02:00,224.94,224.94,224.9,224.9,-0.02,59.46,13474.05,-1
2023-09-24,2023-09-24 14:03:00,224.9,224.9,224.86,224.86,-0.02,59.46,13474.05,-1
2023-09-24,2023-09-24 14:04:00,224.86,224.86,224.81,224.81,-0.02,59.46,13474.05,-1
2023-09-24,2023-09-24 14:05:00,224.81,224.81,224.77,224.77,-0.02,59.46,13474.05,-1
2023-09-24,2023-09-24 14:06:00,224.77,224.77,224.73,224.73,-0.02,59.46,13474.05,-1
2023-09-24,2023-09-24 14:07:00,224.73,224.73,224.69,224.69,-0.02,59.46,13474.05,-1
2023-09-24,2023-09-24 14:08:00,224.69,224.69,224.65,224.65,-0.02,59.46,13474.05,-1
2023-09-24,2023-09-24 14:09:00,224.65,224.65,224.6,224.6,-0.02,59.46,13474.05,-1
2023-09-24,2023-09-24 14:10:00,224.6,224.6,224.56,224.56,-0.02,59.46,13474.05,-1
2023-09-24,2023-09-24 14:11:00,224.56,224.56,224.52,224.52,-0.02,59.46,13474.05,-1
2023-09-24,2023-09-24 14:12:00,224.52,224.52,224.48,224.48,-0.02,59.46,13474.05,-1
2023-09-24,2023-09-24 14:13:00,224.48,224.48,224.44,224.44,-0.02,59.46,13474.05,-1
2023-09-24,2023-09-24 14:14:00,224.44,224.44,224.39,224.39,-0.02,59.46,13474.05,-1
2023-09-24,2023-09-24 14:15:00,224.39,224.39,224.35,224.35,-0.02,59.46,13474.05,-1
2023-09-24,2023-09-24 14:16:00,224.35,224.35,224.31,224.31,-0.02,59.46,13474.05,-1
2023-09-24,2023-09-24 14:17:00,224.31,224.31,224.27,224.27,-0.02,59.46,13474.05,-1
2023-09-24,2023-09-24 14:18:00,224.27,224.27,224.23,224.23,-0.02,59.46,13474.05,-1
2023-09-24,2023-09-24 14:19:00,224.23,224.23,224.18,224.18,-0.02,59.46,13474.05,-1
2023-09-24,2023-09-24 14:20:00,224.18,224.18,224.14,224.14,-0.02,59.46,13474.05,-1
2023-09-24,2023-09-24 14:21:00,224.14,224.14,224.1,224.1,-0.02,59.46,13474.05,-1
2023-09-24,2023-09-24 14:22:00,224.1,224.1,224.06,224.06,-0.02,59.46,13474.05,-1
2023-09-24,2023-09-24 14:23:00,224.06,224.06,224.01,224.01,-0.02,59.46,13474.05,-1
2023-09-24,2023-09-24 14:24:00,224.01,224.01,223.97,223.97,-0.02,59.46,13474.05,-1
2023-09-24,2023-09-24 14:25:00,223.97,223.97,223.93,223.93,-0.02,59.46,13474.05,-1
2023-09-24,2023-09-24 14:26:00,223.93,223.93,223.89,223.89,-0.02,59.46,13474.05,-1
2023-09-24,2023-09-24 14:27:00,223.89,223.89,223.85,223.85,-0.02,59.46,13474.05,-1
2023-09-24,2023-09-24 14:28:00,223.85,223.85,223.8,223.8,-0.02,59.46,13474.05,-1
2023-09-24,2023-09-24 14:29:00,223.8,223.8,223.76,223.76,-0.02,59.46,13474.05,-1
2023-09-24,2023-09-24 14:30:00,223.76,223.76,223.72,223.72,-0.02,59.46,13474.05,-1
2023-09-24,2023-09-24 14:31:00,223.72,223.72,223.68,223.68,-0.02,59.46,13474.05,-1
2023-09-24,2023-09-24 14:32:00,223.68,223.68,223.64,223.64,-0.02,59.46,13474.05,-1
2023-09-24,2023-09-24 14:33:00,223.64,223.64,223.59,223.59,-0.02,59.46,13474.05,-1
2023-09-24,2023-09-24 14:34:00,223.59,223.59,223.55,223.55,-0.02,59.46,13474.05,-1
2023-09-24,2023-09-24 14:35:00,223.55,223.55,223.51,223.51,-0.02,59.46,13474.05,-1
2023-09-24,2023-09-24 14:36:00,223.51,223.51,223.47,223.47,-0.02,59.46,13474.05,-1
2023-09-24,2023-09-24 14:37:00,223.47,223.47,223.43,223.43,-0.02,59.46,13474.05,-1
2023-09-24,2023-09-24 14:38:00,223.43,223.43,223.38,223.38,-0.02,59.46,13474.05,-1
2023-09-24,2023-09-24 14:39:00,223.38,223.38,223.34,223.34,-0.02,59.46,13474.05,-1
2023-09-24,2023-09-24 14:40:00,223.34,223.34,223.3,223.3,-0.02,59.46,13474.05,-1
2023-09-24,2023-09-24 14:41:00,223.3,223.3,223.26,223.26,-0.02,59.46,13474.05,-1
2023-09-24,2023-09-24 14:42:00,223.26,223.26,223.22,223.22,-0.02,59.46,13474.05,-1
2023-09-24,2023-09-24 14:43:00,223.22,223.22,223.17,223.17,-0.02,59.46,13474.05,-1
2023-09-24,2023-09-24 14:44:00,223.17,223.17,223.13,223.13,-0.02,59.46,13474.05,-1
2023-09-24,2023-09-24 14:45:00,223.13,223.13,223.09,223.09,-0.02,59.46,13474.05,-1
2023-09-24,2023-09-24 14:46:00,223.09,223.09,223.05,223.05,-0.02,59.46,13474.05,-1
2023-09-24,2023-09-24 14:47:00,223.05,223.05,223.0,223.0,-0.02,59.46,13474.05,-1
2023-09-24,2023-09-24 14:48:00,223.0,223.0,222.96,222.96,-0.02,59.46,13474.05,-1
2023-09-24,2023-09-24 14:49:00,222.96,222.96,222.92,222.92,-0.02,59.46,13474.05,-1
2023-09-24,2023-09-24 14:50:00,222.92,222.92,222.88,222.88,-0.02,59.46,13474.05,-1
2023-09-24,2023-09-24 14:51:00,222.88,222.88,222.84,222.84,-0.02,59.46,13474.05,-1
2023-09-24,2023-09-24 14:52:00,222.84,222.84,222.79,222.79,-0.02,59.46,13474.05,-1
2023-09-24,2023-09-24 14:53:00,222.79,222.79,222.75,222.75,-0.02,59.46,13474.05,-1
2023-09-24,2023-09-24 14:54:00,222.75,222.75,222.71,222.71,-0.02,59.46,13474.05,-1
2023-09-24,2023-09-24 14:55:00,222.71,222.71,222.67,222.67,-0.02,59.46,13474.05,-1
2023-09-24,2023-09-24 14:56:00,222.67,222.67,222.63,222.63,-0.02,59.46,13474.05,-1
2023-09-24,2023-09-24 14:57:00,222.63,222.63,222.58,222.58,-0.02,59.46,13474.05,-1
2023-09-24,2023-09-24 14:58:00,222.58,222.58,222.54,222.54,-0.02,59.46,13474.05,-1
2023-09-24,2023-09-24 14:59:00,222.54,222.54,222.5,222.5,-0.02,59.46,13474.05,-1
2023-09-24,2023-09-24 15:00:00,222.5,232.6,221.5,222.5,0.0,59.46,13474.05,0
2023-09-25,2023-09-25 11:00:00,223.0,228.61,221.53,223.05,0.02,75.8,17646.26,1
2023-09-25,2023-09-25 11:01:00,223.05,223.09,223.05,223.09,0.02,75.8,17646.26,1
2023-09-25,2023-09-25 11:02:00,223.09,223.14,223.09,223.14,0.02,75.8,17646.26,1
2023-09-25,2023-09-25 11:03:00,223.14,223.18,223.14,223.18,0.02,75.8,17646.26,1
2023-09-25,2023-09-25 11:04:00,223.18,223.23,223.18,223.23,0.02,75.8,17646.26,1
2023-09-25,2023-09-25 11:05:00,223.23,223.28,223.23,223.28,0.02,75.8,17646.26,1
2023-09-25,2023-09-25 11:06:00,223.28,223.32,223.28,223.32,0.02,75.8,17646.26,1
2023-09-25,2023-09-25 11:07:00,223.32,223.37,223.32,223.37,0.02,75.8,17646.26,1
2023-09-25,2023-09-25 11:08:00,223.37,223.41,223.37,223.41,0.02,75.8,17646.26,1
2023-09-25,2023-09-25 11:09:00,223.41,223.46,223.41,223.46,0.02,75.8,17646.26,1
2023-09-25,2023-09-25 11:10:00,223.46,223.5,223.46,223.5,0.02,75.8,17646.26,1
2023-09-25,2023-09-25 11:11:00,223.5,223.55,223.5,223.55,0.02,75.8,17646.26,1
2023-09-25,2023-09-25 11:12:00,223.55,223.6,223.55,223.6,0.02,75.8,17646.26,1
2023-09-25,2023-09-25 11:13:00,223.6,223.64,223.6,223.64,0.02,75.8,17646.26,1
2023-09-25,2023-09-25 11:14:00,223.64,223.69,223.64,223.69,0.02,75.8,17646.26,1
2023-09-25,2023-09-25 11:15:00,223.69,223.73,223.69,223.73,0.02,75.8,17646.26,1
2023-09-25,2023-09-25 11:16:00,223.73,223.78,223.73,223.78,0.02,75.8,17646.26,1
2023-09-25,2023-09-25 11:17:00,223.78,223.82,223.78,223.82,0.02,75.8,17646.26,1
2023-09-25,2023-09-25 11:18:00,223.82,223.87,223.82,223.87,0.02,75.8,17646.26,1
2023-09-25,2023-09-25 11:19:00,223.87,223.92,223.87,223.92,0.02,75.8,17646.26,1
2023-09-25,2023-09-25 11:20:00,223.92,223.96,223.92,223.96,0.02,75.8,17646.26,1
2023-09-25,2023-09-25 11:21:00,223.96,224.01,223.96,224.01,0.02,75.8,17646.26,1
2023-09-25,2023-09-25 11:22:00,224.01,224.05,224.01,224.05,0.02,75.8,17646.26,1
2023-09-25,2023-09-25 11:23:00,224.05,224.1,224.05,224.1,0.02,75.8,17646.26,1
2023-09-25,2023-09-25 11:24:00,224.1,224.15,224.1,224.15,0.02,75.8,17646.26,1
2023-09-25,2023-09-25 11:25:00,224.15,224.19,224.15,224.19,0.02,75.8,17646.26,1
2023-09-25,2023-09-25 11:26:00,224.19,224.24,224.19,224.24,0.02,75.8,17646.26,1
2023-09-25,2023-09-25 11:27:00,224.24,224.28,224.24,224.28,0.02,75.8,17646.26,1
2023-09-25,2023-09-25 11:28:00,224.28,224.33,224.28,224.33,0.02,75.8,17646.26,1
2023-09-25,2023-09-25 11:29:00,224.33,224.38,224.33,224.38,0.02,75.8,17646.26,1
2023-09-25,2023-09-25 11:30:00,224.38,224.42,224.38,224.42,0.02,75.8,17646.26,1
2023-09-25,2023-09-25 11:31:00,224.42,224.47,224.42,224.47,0.02,75.8,17646.26,1
2023-09-25,2023-09-25 11:32:00,224.47,224.51,224.47,224.51,0.02,75.8,17646.26,1
2023-09-25,2023-09-25 11:33:00,224.51,224.56,224.51,224.56,0.02,75.8,17646.26,1
2023-09-25,2023-09-25 11:34:00,224.56,224.6,224.56,224.6,0.02,75.8,17646.26,1
2023-09-25,2023-09-25 11:35:00,224.6,224.65,224.6,224.65,0.02,75.8,17646.26,1
2023-09-25,2023-09-25 11:36:00,224.65,224.7,224.65,224.7,0.02,75.8,17646.26,1
2023-09-25,2023-09-25 11:37:00,224.7,224.74,224.7,224.74,0.02,75.8,17646.26,1
2023-09-25,2023-09-25 11:38:00,224.74,224.79,224.74,224.79,0.02,75.8,17646.26,1
2023-09-25,2023-09-25 11:39:00,224.79,224.83,224.79,224.83,0.02,75.8,17646.26,1
2023-09-25,2023-09-25 11:40:00,224.83,224.88,224.83,224.88,0.02,75.8,17646.26,1
2023-09-25,2023-09-25 11:41:00,224.88,224.93,224.88,224.93,0.02,75.8,17646.26,1
2023-09-25,2023-09-25 11:42:00,224.93,224.97,224.93,224.97,0.02,75.8,17646.26,1
2023-09-25,2023-09-25 11:43:00,224.97,225.02,224.97,225.02,0.02,75.8,17646.26,1
2023-09-25,2023-09-25 11:44:00,225.02,225.06,225.02,225.06,0.02,75.8,17646.26,1
2023-09-25,2023-09-25 11:45:00,225.06,225.11,225.06,225.11,0.02,75.8,17646.26,1
2023-09-25,2023-09-25 11:46:00,225.11,225.15,225.11,225.15,0.02,75.8,17646.26,1
2023-09-25,2023-09-25 11:47:00,225.15,225.2,225.15,225.2,0.02,75.8,17646.26,1
2023-09-25,2023-09-25 11:48:00,225.2,225.25,225.2,225.25,0.02,75.8,17646.26,1
2023-09-25,2023-09-25 11:49:00,225.25,225.29,225.25,225.29,0.02,75.8,17646.26,1
2023-09-25,2023-09-25 11:50:00,225.29,225.34,225.29,225.34,0.02,75.8,17646.26,1
2023-09-25,2023-09-25 11:51:00,225.34,225.38,225.34,225.38,0.02,75.8,17646.26,1
2023-09-25,2023-09-25 11:52:00,225.38,225.43,225.38,225.43,0.02,75.8,17646.26,1
2023-09-25,2023-09-25 11:53:00,225.43,225.47,225.43,225.47,0.02,75.8,17646.26,1
2023-09-25,2023-09-25 11:54:00,225.47,225.52,225.47,225.52,0.02,75.8,17646.26,1
2023-09-25,2023-09-25 11:55:00,225.52,225.57,225.52,225.57,0.02,75.8,17646.26,1
2023-09-25,2023-09-25 11:56:00,225.57,225.61,225.57,225.61,0.02,75.8,17646.26,1
2023-09-25,2023-09-25 11:57:00,225.61,225.66,225.61,225.66,0.02,75.8,17646.26,1
2023-09-25,2023-09-25 11:58:00,225.66,225.7,225.66,225.7,0.02,75.8,17646.26,1
2023-09-25,2023-09-25 11:59:00,225.7,225.75,225.7,225.75,0.02,75.8,17646.26,1
2023-09-25,2023-09-25 12:00:00,225.75,225.8,225.75,225.8,0.02,75.8,17646.26,1
2023-09-25,2023-09-25 12:01:00,225.8,225.84,225.8,225.84,0.02,75.8,17646.26,1
2023-09-25,2023-09-25 12:02:00,225.84,225.89,225.84,225.89,0.02,75.8,17646.26,1
2023-09-25,2023-09-25 12:03:00,225.89,225.93,225.89,225.93,0.02,75.8,17646.26,1
2023-09-25,2023-09-25 12:04:00,225.93,225.98,225.93,225.98,0.02,75.8,17646.26,1
2023-09-25,2023-09-25 12:05:00,225.98,226.03,225.98,226.03,0.02,75.8,17646.26,1
2023-09-25,2023-09-25 12:06:00,226.03,226.07,226.03,226.07,0.02,75.8,17646.26,1
2023-09-25,2023-09-25 12:07:00,226.07,226.12,226.07,226.12,0.02,75.8,17646.26,1
2023-09-25,2023-09-25 12:08:00,226.12,226.16,226.12,226.16,0.02,75.8,17646.26,1
2023-09-25,2023-09-25 12:09:00,226.16,226.21,226.16,226.21,0.02,75.8,17646.26,1
2023-09-25,2023-09-25 12:10:00,226.21,226.25,226.21,226.25,0.02,75.8,17646.26,1
2023-09-25,2023-09-25 12:11:00,226.25,226.3,226.25,226.3,0.02,75.8,17646.26,1
2023-09-25,2023-09-25 12:12:00,226.3,226.35,226.3,226.35,0.02,75.8,17646.26,1
2023-09-25,2023-09-25 12:13:00,226.35,226.39,226.35,226.39,0.02,75.8,17646.26,1
2023-09-25,2023-09-25 12:14:00,226.39,226.44,226.39,226.44,0.02,75.8,17646.26,1
2023-09-25,2023-09-25 12:15:00,226.44,226.48,226.44,226.48,0.02,75.8,17646.26,1
2023-09-25,2023-09-25 12:16:00,226.48,226.53,226.48,226.53,0.02,75.8,17646.26,1
2023-09-25,2023-09-25 12:17:00,226.53,226.57,226.53,226.57,0.02,75.8,17646.26,1
2023-09-25,2023-09-25 12:18:00,226.57,226.62,226.57,226.62,0.02,75.8,17646.26,1
2023-09-25,2023-09-25 12:19:00,226.62,226.67,226.62,226.67,0.02,75.8,17646.26,1
2023-09-25,2023-09-25 12:20:00,226.67,226.71,226.67,226.71,0.02,75.8,17646.26,1
2023-09-25,2023-09-25 12:21:00,226.71,226.76,226.71,226.76,0.02,75.8,17646.26,1
2023-09-25,2023-09-25 12:22:00,226.76,226.8,226.76,226.8,0.02,75.8,17646.26,1
2023-09-25,2023-09-25 12:23:00,226.8,226.85,226.8,226.85,0.02,75.8,17646.26,1
2023-09-25,2023-09-25 12:24:00,226.85,226.9,226.85,226.9,0.02,75.8,17646.26,1
2023-09-25,2023-09-25 12:25:00,226.9,226.94,226.9,226.94,0.02,75.8,17646.26,1
2023-09-25,2023-09-25 12:26:00,226.94,226.99,226.94,226.99,0.02,75.8,17646.26,1
2023-09-25,2023-09-25 12:27:00,226.99,227.03,226.99,227.03,0.02,75.8,17646.26,1
2023-09-25,2023-09-25 12:28:00,227.03,227.08,227.03,227.08,0.02,75.8,17646.26,1
2023-09-25,2023-09-25 12:29:00,227.08,227.12,227.08,227.12,0.02,75.8,17646.26,1
2023-09-25,2023-09-25 12:30:00,227.12,227.17,227.12,227.17,0.02,75.8,17646.26,1
2023-09-25,2023-09-25 12:31:00,227.17,227.22,227.17,227.22,0.02,75.8,17646.26,1
2023-09-25,2023-09-25 12:32:00,227.22,227.26,227.22,227.26,0.02,75.8,17646.26,1
2023-09-25,2023-09-25 12:33:00,227.26,227.31,227.26,227.31,0.02,75.8,17646.26,1
2023-09-25,2023-09-25 12:34:00,227.31,227.35,227.31,227.35,0.02,75.8,17646.26,1
2023-09-25,2023-09-25 12:35:00,227.35,227.4,227.35,227.4,0.02,75.8,17646.26,1
2023-09-25,2023-09-25 12:36:00,227.4,227.45,227.4,227.45,0.02,75.8,17646.26,1
2023-09-25,2023-09-25 12:37:00,227.45,227.49,227.45,227.49,0.02,75.8,17646.26,1
2023-09-25,2023-09-25 12:38:00,227.49,227.54,227.49,227.54,0.02,75.8,17646.26,1
2023-09-25,2023-09-25 12:39:00,227.54,227.58,227.54,227.58,0.02,75.8,17646.26,1
2023-09-25,2023-09-25 12:40:00,227.58,227.63,227.58,227.63,0.02,75.8,17646.26,1
2023-09-25,2023-09-25 12:41:00,227.63,227.68,227.63,227.68,0.02,75.8,17646.26,1
2023-09-25,2023-09-25 12:42:00,227.68,227.72,227.68,227.72,0.02,75.8,17646.26,1
2023-09-25,2023-09-25 12:43:00,227.72,227.77,227.72,227.77,0.02,75.8,17646.26,1
2023-09-25,2023-09-25 12:44:00,227.77,227.81,227.77,227.81,0.02,75.8,17646.26,1
2023-09-25,2023-09-25 12:45:00,227.81,227.86,227.81,227.86,0.02,75.8,17646.26,1
2023-09-25,2023-09-25 12:46:00,227.86,227.9,227.86,227.9,0.02,75.8,17646.26,1
2023-09-25,2023-09-25 12:47:00,227.9,227.95,227.9,227.95,0.02,75.8,17646.26,1
2023-09-25,2023-09-25 12:48:00,227.95,228.0,227.95,228.0,0.02,75.8,17646.26,1
2023-09-25,2023-09-25 12:49:00,228.0,228.04,228.0,228.04,0.02,75.8,17646.26,1
2023-09-25,2023-09-25 12:50:00,228.04,228.09,228.04,228.09,0.02,75.8,17646.26,1
2023-09-25,2023-09-25 12:51:00,228.09,228.13,228.09,228.13,0.02,75.8,17646.26,1
2023-09-25,2023-09-25 12:52:00,228.13,228.18,228.13,228.18,0.02,75.8,17646.26,1
2023-09-25,2023-09-25 12:53:00,228.18,228.22,228.18,228.22,0.02,75.8,17646.26,1
2023-09-25,2023-09-25 12:54:00,228.22,228.27,228.22,228.27,0.02,75.8,17646.26,1
2023-09-25,2023-09-25 12:55:00,228.27,228.32,228.27,228.32,0.02,75.8,17646.26,1
2023-09-25,2023-09-25 12:56:00,228.32,228.36,228.32,228.36,0.02,75.8,17646.26,1
2023-09-25,2023-09-25 12:57:00,228.36,228.41,228.36,228.41,0.02,75.8,17646.26,1
2023-09-25,2023-09-25 12:58:00,228.41,228.45,228.41,228.45,0.02,75.8,17646.26,1
2023-09-25,2023-09-25 12:59:00,228.45,228.5,228.45,228.5,0.02,75.8,17646.26,1
2023-09-25,2023-09-25 13:00:00,228.5,241.7,218.1,228.55,0.02,75.8,17646.26,1
2023-09-25,2023-09-25 13:01:00,228.55,228.59,228.55,228.59,0.02,75.8,17646.26,1
2023-09-25,2023-09-25 13:02:00,228.59,228.64,228.59,228.64,0.02,75.8,17646.26,1
2023-09-25,2023-09-25 13:03:00,228.64,228.68,228.64,228.68,0.02,75.8,17646.26,1
2023-09-25,2023-09-25 13:04:00,228.68,228.73,228.68,228.73,0.02,75.8,17646.26,1
2023-09-25,2023-09-25 13:05:00,228.73,228.78,228.73,228.78,0.02,75.8,17646.26,1
2023-09-25,2023-09-25 13:06:00,228.78,228.82,228.78,228.82,0.02,75.8,17646.26,1
2023-09-25,2023-09-25 13:07:00,228.82,228.87,228.82,228.87,0.02,75.8,17646.26,1
2023-09-25,2023-09-25 13:08:00,228.87,228.91,228.87,228.91,0.02,75.8,17646.26,1
2023-09-25,2023-09-25 13:09:00,228.91,228.96,228.91,228.96,0.02,75.8,17646.26,1
2023-09-25,2023-09-25 13:10:00,228.96,229.0,228.96,229.0,0.02,75.8,17646.26,1
2023-09-25,2023-09-25 13:11:00,229.0,229.05,229.0,229.05,0.02,75.8,17646.26,1
2023-09-25,2023-09-25 13:12:00,229.05,229.1,229.05,229.1,0.02,75.8,17646.26,1
2023-09-25,2023-09-25 13:13:00,229.1,229.14,229.1,229.14,0.02,75.8,17646.26,1
2023-09-25,2023-09-25 13:14:00,229.14,229.19,229.14,229.19,0.02,75.8,17646.26,1
2023-09-25,2023-09-25 13:15:00,229.19,229.23,229.19,229.23,0.02,75.8,17646.26,1
2023-09-25,2023-09-25 13:16:00,229.23,229.28,229.23,229.28,0.02,75.8,17646.26,1
2023-09-25,2023-09-25 13:17:00,229.28,229.32,229.28,229.32,0.02,75.8,17646.26,1
2023-09-25,2023-09-25 13:18:00,229.32,229.37,229.32,229.37,0.02,75.8,17646.26,1
2023-09-25,2023-09-25 13:19:00,229.37,229.42,229.37,229.42,0.02,75.8,17646.26,1
2023-09-25,2023-09-25 13:20:00,229.42,229.46,229.42,229.46,0.02,75.8,17646.26,1
2023-09-25,2023-09-25 13:21:00,229.46,229.51,229.46,229.51,0.02,75.8,17646.26,1
2023-09-25,2023-09-25 13:22:00,229.51,229.55,229.51,229.55,0.02,75.8,17646.26,1
2023-09-25,2023-09-25 13:23:00,229.55,229.6,229.55,229.6,0.02,75.8,17646.26,1
2023-09-25,2023-09-25 13:24:00,229.6,229.65,229.6,229.65,0.02,75.8,17646.26,1
2023-09-25,2023-09-25 13:25:00,229.65,229.69,229.65,229.69,0.02,75.8,17646.26,1
2023-09-25,2023-09-25 13:26:00,229.69,229.74,229.69,229.74,0.02,75.8,17646.26,1
2023-09-25,2023-09-25 13:27:00,229.74,229.78,229.74,229.78,0.02,75.8,17646.26,1
2023-09-25,2023-09-25 13:28:00,229.78,229.83,229.78,229.83,0.02,75.8,17646.26,1
2023-09-25,2023-09-25 13:29:00,229.83,229.88,229.83,229.88,0.02,75.8,17646.26,1
2023-09-25,2023-09-25 13:30:00,229.88,229.92,229.88,229.92,0.02,75.8,17646.26,1
2023-09-25,2023-09-25 13:31:00,229.92,229.97,229.92,229.97,0.02,75.8,17646.26,1
2023-09-25,2023-09-25 13:32:00,229.97,230.01,229.97,230.01,0.02,75.8,17646.26,1
2023-09-25,2023-09-25 13:33:00,230.01,230.06,230.01,230.06,0.02,75.8,17646.26,1
2023-09-25,2023-09-25 13:34:00,230.06,230.1,230.06,230.1,0.02,75.8,17646.26,1
2023-09-25,2023-09-25 13:35:00,230.1,230.15,230.1,230.15,0.02,75.8,17646.26,1
2023-09-25,2023-09-25 13:36:00,230.15,230.2,230.15,230.2,0.02,75.8,17646.26,1
2023-09-25,2023-09-25 13:37:00,230.2,230.24,230.2,230.24,0.02,75.8,17646.26,1
2023-09-25,2023-09-25 13:38:00,230.24,230.29,230.24,230.29,0.02,75.8,17646.26,1
2023-09-25,2023-09-25 13:39:00,230.29,230.33,230.29,230.33,0.02,75.8,17646.26,1
2023-09-25,2023-09-25 13:40:00,230.33,230.38,230.33,230.38,0.02,75.8,17646.26,1
2023-09-25,2023-09-25 13:41:00,230.38,230.43,230.38,230.43,0.02,75.8,17646.26,1
2023-09-25,2023-09-25 13:42:00,230.43,230.47,230.43,230.47,0.02,75.8,17646.26,1
2023-09-25,2023-09-25 13:43:00,230.47,230.52,230.47,230.52,0.02,75.8,17646.26,1
2023-09-25,2023-09-25 13:44:00,230.52,230.56,230.52,230.56,0.02,75.8,17646.26,1
2023-09-25,2023-09-25 13:45:00,230.56,230.61,230.56,230.61,0.02,75.8,17646.26,1
2023-09-25,2023-09-25 13:46:00,230.61,230.65,230.61,230.65,0.02,75.8,17646.26,1
2023-09-25,2023-09-25 13:47:00,230.65,230.7,230.65,230.7,0.02,75.8,17646.26,1
2023-09-25,2023-09-25 13:48:00,230.7,230.75,230.7,230.75,0.02,75.8,17646.26,1
2023-09-25,2023-09-25 13:49:00,230.75,230.79,230.75,230.79,0.02,75.8,17646.26,1
2023-09-25,2023-09-25 13:50:00,230.79,230.84,230.79,230.84,0.02,75.8,17646.26,1
2023-09-25,2023-09-25 13:51:00,230.84,230.88,230.84,230.88,0.02,75.8,17646.26,1
2023-09-25,2023-09-25 13:52:00,230.88,230.93,230.88,230.93,0.02,75.8,17646.26,1
2023-09-25,2023-09-25 13:53:00,230.93,230.97,230.93,230.97,0.02,75.8,17646.26,1
2023-09-25,2023-09-25 13:54:00,230.97,231.02,230.97,231.02,0.02,75.8,17646.26,1
2023-09-25,2023-09-25 13:55:00,231.02,231.07,231.02,231.07,0.02,75.8,17646.26,1
2023-09-25,2023-09-25 13:56:00,231.07,231.11,231.07,231.11,0.02,75.8,17646.26,1
2023-09-25,2023-09-25 13:57:00,231.11,231.16,231.11,231.16,0.02,75.8,17646.26,1
2023-09-25,2023-09-25 13:58:00,231.16,231.2,231.16,231.2,0.02,75.8,17646.26,1
2023-09-25,2023-09-25 13:59:00,231.2,231.25,231.2,231.25,0.02,75.8,17646.26,1
2023-09-25,2023-09-25 14:00:00,231.25,231.3,231.25,231.3,0.02,75.8,17646.26,1
2023-09-25,2023-09-25 14:01:00,231.3,231.34,231.3,231.34,0.02,75.8,17646.26,1
2023-09-25,2023-09-25 14:02:00,231.34,231.39,231.34,231.39,0.02,75.8,17646.26,1
2023-09-25,2023-09-25 14:03:00,231.39,231.43,231.39,231.43,0.02,75.8,17646.26,1
2023-09-25,2023-09-25 14:04:00,231.43,231.48,231.43,231.48,0.02,75.8,17646.26,1
2023-09-25,2023-09-25 14:05:00,231.48,231.53,231.48,231.53,0.02,75.8,17646.26,1
2023-09-25,2023-09-25 14:06:00,231.53,231.57,231.53,231.57,0.02,75.8,17646.26,1
2023-09-25,2023-09-25 14:07:00,231.57,231.62,231.57,231.62,0.02,75.8,17646.26,1
2023-09-25,2023-09-25 14:08:00,231.62,231.66,231.62,231.66,0.02,75.8,17646.26,1
2023-09-25,2023-09-25 14:09:00,231.66,231.71,231.66,231.71,0.02,75.8,17646.26,1
2023-09-25,2023-09-25 14:10:00,231.71,231.75,231.71,231.75,0.02,75.8,17646.26,1
2023-09-25,2023-09-25 14:11:00,231.75,231.8,231.75,231.8,0.02,75.8,17646.26,1
2023-09-25,2023-09-25 14:12:00,231.8,231.85,231.8,231.85,0.02,75.8,17646.26,1
2023-09-25,2023-09-25 14:13:00,231.85,231.89,231.85,231.89,0.02,75.8,17646.26,1
2023-09-25,2023-09-25 14:14:00,231.89,231.94,231.89,231.94,0.02,75.8,17646.26,1
2023-09-25,2023-09-25 14:15:00,231.94,231.98,231.94,231.98,0.02,75.8,17646.26,1
2023-09-25,2023-09-25 14:16:00,231.98,232.03,231.98,232.03,0.02,75.8,17646.26,1
2023-09-25,2023-09-25 14:17:00,232.03,232.07,232.03,232.07,0.02,75.8,17646.26,1
2023-09-25,2023-09-25 14:18:00,232.07,232.12,232.07,232.12,0.02,75.8,17646.26,1
2023-09-25,2023-09-25 14:19:00,232.12,232.17,232.12,232.17,0.02,75.8,17646.26,1
2023-09-25,2023-09-25 14:20:00,232.17,232.21,232.17,232.21,0.02,75.8,17646.26,1
2023-09-25,2023-09-25 14:21:00,232.21,232.26,232.21,232.26,0.02,75.8,17646.26,1
2023-09-25,2023-09-25 14:22:00,232.26,232.3,232.26,232.3,0.02,75.8,17646.26,1
2023-09-25,2023-09-25 14:23:00,232.3,232.35,232.3,232.35,0.02,75.8,17646.26,1
2023-09-25,2023-09-25 14:24:00,232.35,232.4,232.35,232.4,0.02,75.8,17646.26,1
2023-09-25,2023-09-25 14:25:00,232.4,232.44,232.4,232.44,0.02,75.8,17646.26,1
2023-09-25,2023-09-25 14:26:00,232.44,232.49,232.44,232.49,0.02,75.8,17646.26,1
2023-09-25,2023-09-25 14:27:00,232.49,232.53,232.49,232.53,0.02,75.8,17646.26,1
2023-09-25,2023-09-25 14:28:00,232.53,232.58,232.53,232.58,0.02,75.8,17646.26,1
2023-09-25,2023-09-25 14:29:00,232.58,232.62,232.58,232.62,0.02,75.8,17646.26,1
2023-09-25,2023-09-25 14:30:00,232.62,232.67,232.62,232.67,0.02,75.8,17646.26,1
2023-09-25,2023-09-25 14:31:00,232.67,232.72,232.67,232.72,0.02,75.8,17646.26,1
2023-09-25,2023-09-25 14:32:00,232.72,232.76,232.72,232.76,0.02,75.8,17646.26,1
2023-09-25,2023-09-25 14:33:00,232.76,232.81,232.76,232.81,0.02,75.8,17646.26,1
2023-09-25,2023-09-25 14:34:00,232.81,232.85,232.81,232.85,0.02,75.8,17646.26,1
2023-09-25,2023-09-25 14:35:00,232.85,232.9,232.85,232.9,0.02,75.8,17646.26,1
2023-09-25,2023-09-25 14:36:00,232.9,232.95,232.9,232.95,0.02,75.8,17646.26,1
2023-09-25,2023-09-25 14:37:00,232.95,232.99,232.95,232.99,0.02,75.8,17646.26,1
2023-09-25,2023-09-25 14:38:00,232.99,233.04,232.99,233.04,0.02,75.8,17646.26,1
2023-09-25,2023-09-25 14:39:00,233.04,233.08,233.04,233.08,0.02,75.8,17646.26,1
2023-09-25,2023-09-25 14:40:00,233.08,233.13,233.08,233.13,0.02,75.8,17646.26,1
2023-09-25,2023-09-25 14:41:00,233.13,233.18,233.13,233.18,0.02,75.8,17646.26,1
2023-09-25,2023-09-25 14:42:00,233.18,233.22,233.18,233.22,0.02,75.8,17646.26,1
2023-09-25,2023-09-25 14:43:00,233.22,233.27,233.22,233.27,0.02,75.8,17646.26,1
2023-09-25,2023-09-25 14:44:00,233.27,233.31,233.27,233.31,0.02,75.8,17646.26,1
2023-09-25,2023-09-25 14:45:00,233.31,233.36,233.31,233.36,0.02,75.8,17646.26,1
2023-09-25,2023-09-25 14:46:00,233.36,233.4,233.36,233.4,0.02,75.8,17646.26,1
2023-09-25,2023-09-25 14:47:00,233.4,233.45,233.4,233.45,0.02,75.8,17646.26,1
2023-09-25,2023-09-25 14:48:00,233.45,233.5,233.45,233.5,0.02,75.8,17646.26,1
2023-09-25,2023-09-25 14:49:00,233.5,233.54,233.5,233.54,0.02,75.8,17646.26,1
2023-09-25,2023-09-25 14:50:00,233.54,233.59,233.54,233.59,0.02,75.8,17646.26,1
2023-09-25,2023-09-25 14:51:00,233.59,233.63,233.59,233.63,0.02,75.8,17646.26,1
2023-09-25,2023-09-25 14:52:00,233.63,233.68,233.63,233.68,0.02,75.8,17646.26,1
2023-09-25,2023-09-25 14:53:00,233.68,233.72,233.68,233.72,0.02,75.8,17646.26,1
2023-09-25,2023-09-25 14:54:00,233.72,233.77,233.72,233.77,0.02,75.8,17646.26,1
2023-09-25,2023-09-25 14:55:00,233.77,233.82,233.77,233.82,0.02,75.8,17646.26,1
2023-09-25,2023-09-25 14:56:00,233.82,233.86,233.82,233.86,0.02,75.8,17646.26,1
2023-09-25,2023-09-25 14:57:00,233.86,233.91,233.86,233.91,0.02,75.8,17646.26,1
2023-09-25,2023-09-25 14:58:00,233.91,233.95,233.91,233.95,0.02,75.8,17646.26,1
2023-09-25,2023-09-25 14:59:00,233.95,234.0,233.95,234.0,0.02,75.8,17646.26,1
2023-09-25,2023-09-25 15:00:00,234.0,241.7,218.1,234.0,0.0,75.8,17646.26,0
2023-09-26,2023-09-26 11:00:00,230.0,234.5,230.0,230.06,0.03,76.03,18231.48,1
2023-09-26,2023-09-26 11:01:00,230.06,230.12,230.06,230.12,0.03,76.03,18231.48,1
2023-09-26,2023-09-26 11:02:00,230.12,230.18,230.12,230.18,0.03,76.03,18231.48,1
2023-09-26,2023-09-26 11:03:00,230.18,230.23,230.18,230.23,0.02,76.03,18231.48,1
2023-09-26,2023-09-26 11:04:00,230.23,230.29,230.23,230.29,0.03,76.03,18231.48,1
2023-09-26,2023-09-26 11:05:00,230.29,230.35,230.29,230.35,0.03,76.03,18231.48,1
2023-09-26,2023-09-26 11:06:00,230.35,230.41,230.35,230.41,0.03,76.03,18231.48,1
2023-09-26,2023-09-26 11:07:00,230.41,230.47,230.41,230.47,0.03,76.03,18231.48,1
2023-09-26,2023-09-26 11:08:00,230.47,230.53,230.47,230.53,0.03,76.03,18231.48,1
2023-09-26,2023-09-26 11:09:00,230.53,230.58,230.53,230.58,0.02,76.03,18231.48,1
2023-09-26,2023-09-26 11:10:00,230.58,230.64,230.58,230.64,0.03,76.03,18231.48,1
2023-09-26,2023-09-26 11:11:00,230.64,230.7,230.64,230.7,0.03,76.03,18231.48,1
2023-09-26,2023-09-26 11:12:00,230.7,230.76,230.7,230.76,0.03,76.03,18231.48,1
2023-09-26,2023-09-26 11:13:00,230.76,230.82,230.76,230.82,0.03,76.03,18231.48,1
2023-09-26,2023-09-26 11:14:00,230.82,230.88,230.82,230.88,0.03,76.03,18231.48,1
2023-09-26,2023-09-26 11:15:00,230.88,230.93,230.88,230.93,0.02,76.03,18231.48,1
2023-09-26,2023-09-26 11:16:00,230.93,230.99,230.93,230.99,0.03,76.03,18231.48,1
2023-09-26,2023-09-26 11:17:00,230.99,231.05,230.99,231.05,0.03,76.03,18231.48,1
2023-09-26,2023-09-26 11:18:00,231.05,231.11,231.05,231.11,0.03,76.03,18231.48,1
2023-09-26,2023-09-26 11:19:00,231.11,231.17,231.11,231.17,0.03,76.03,18231.48,1
2023-09-26,2023-09-26 11:20:00,231.17,231.22,231.17,231.22,0.02,76.03,18231.48,1
2023-09-26,2023-09-26 11:21:00,231.22,231.28,231.22,231.28,0.03,76.03,18231.48,1
2023-09-26,2023-09-26 11:22:00,231.28,231.34,231.28,231.34,0.03,76.03,18231.48,1
2023-09-26,2023-09-26 11:23:00,231.34,231.4,231.34,231.4,0.03,76.03,18231.48,1
2023-09-26,2023-09-26 11:24:00,231.4,231.46,231.4,231.46,0.03,76.03,18231.48,1
2023-09-26,2023-09-26 11:25:00,231.46,231.52,231.46,231.52,0.03,76.03,18231.48,1
2023-09-26,2023-09-26 11:26:00,231.52,231.57,231.52,231.57,0.02,76.03,18231.48,1
2023-09-26,2023-09-26 11:27:00,231.57,231.63,231.57,231.63,0.03,76.03,18231.48,1
2023-09-26,2023-09-26 11:28:00,231.63,231.69,231.63,231.69,0.03,76.03,18231.48,1
2023-09-26,2023-09-26 11:29:00,231.69,231.75,231.69,231.75,0.03,76.03,18231.48,1
2023-09-26,2023-09-26 11:30:00,231.75,231.81,231.75,231.81,0.03,76.03,18231.48,1
2023-09-26,2023-09-26 11:31:00,231.81,231.87,231.81,231.87,0.03,76.03,18231.48,1
2023-09-26,2023-09-26 11:32:00,231.87,231.93,231.87,231.93,0.03,76.03,18231.48,1
2023-09-26,2023-09-26 11:33:00,231.93,231.98,231.93,231.98,0.02,76.03,18231.48,1
2023-09-26,2023-09-26 11:34:00,231.98,232.04,231.98,232.04,0.03,76.03,18231.48,1
2023-09-26,2023-09-26 11:35:00,232.04,232.1,232.04,232.1,0.03,76.03,18231.48,1
2023-09-26,2023-09-26 11:36:00,232.1,232.16,232.1,232.16,0.03,76.03,18231.48,1
2023-09-26,2023-09-26 11:37:00,232.16,232.22,232.16,232.22,0.03,76.03,18231.48,1
2023-09-26,2023-09-26 11:38:00,232.22,232.28,232.22,232.28,0.03,76.03,18231.48,1
2023-09-26,2023-09-26 11:39:00,232.28,232.33,232.28,232.33,0.02,76.03,18231.48,1
2023-09-26,2023-09-26 11:40:00,232.33,232.39,232.33,232.39,0.03,76.03,18231.48,1
2023-09-26,2023-09-26 11:41:00,232.39,232.45,232.39,232.45,0.03,76.03,18231.48,1
2023-09-26,2023-09-26 11:42:00,232.45,232.51,232.45,232.51,0.03,76.03,18231.48,1
2023-09-26,2023-09-26 11:43:00,232.51,232.57,232.51,232.57,0.03,76.03,18231.48,1
2023-09-26,2023-09-26 11:44:00,232.57,232.62,232.57,232.62,0.02,76.03,18231.48,1
2023-09-26,2023-09-26 11:45:00,232.62,232.68,232.62,232.68,0.03,76.03,18231.48,1
2023-09-26,2023-09-26 11:46:00,232.68,232.74,232.68,232.74,0.03,76.03,18231.48,1
2023-09-26,2023-09-26 11:47:00,232.74,232.8,232.74,232.8,0.03,76.03,18231.48,1
2023-09-26,2023-09-26 11:48:00,232.8,232.86,232.8,232.86,0.03,76.03,18231.48,1
2023-09-26,2023-09-26 11:49:00,232.86,232.92,232.86,232.92,0.03,76.03,18231.48,1
2023-09-26,2023-09-26 11:50:00,232.92,232.97,232.92,232.97,0.02,76.03,18231.48,1
2023-09-26,2023-09-26 11:51:00,232.97,233.03,232.97,233.03,0.03,76.03,18231.48,1
2023-09-26,2023-09-26 11:52:00,233.03,233.09,233.03,233.09,0.03,76.03,18231.48,1
2023-09-26,2023-09-26 11:53:00,233.09,233.15,233.09,233.15,0.03,76.03,18231.48,1
2023-09-26,2023-09-26 11:54:00,233.15,233.21,233.15,233.21,0.03,76.03,18231.48,1
2023-09-26,2023-09-26 11:55:00,233.21,233.27,233.21,233.27,0.03,76.03,18231.48,1
2023-09-26,2023-09-26 11:56:00,233.27,233.32,233.27,233.32,0.02,76.03,18231.48,1
2023-09-26,2023-09-26 11:57:00,233.32,233.38,233.32,233.38,0.03,76.03,18231.48,1
2023-09-26,2023-09-26 11:58:00,233.38,233.44,233.38,233.44,0.03,76.03,18231.48,1
2023-09-26,2023-09-26 11:59:00,233.44,233.5,233.44,233.5,0.03,76.03,18231.48,1
2023-09-26,2023-09-26 12:00:00,233.5,233.56,233.5,233.56,0.03,76.03,18231.48,1
2023-09-26,2023-09-26 12:01:00,233.56,233.62,233.56,233.62,0.03,76.03,18231.48,1
2023-09-26,2023-09-26 12:02:00,233.62,233.68,233.62,233.68,0.03,76.03,18231.48,1
2023-09-26,2023-09-26 12:03:00,233.68,233.73,233.68,233.73,0.02,76.03,18231.48,1
2023-09-26,2023-09-26 12:04:00,233.73,233.79,233.73,233.79,0.03,76.03,18231.48,1
2023-09-26,2023-09-26 12:05:00,233.79,233.85,233.79,233.85,0.03,76.03,18231.48,1
2023-09-26,2023-09-26 12:06:00,233.85,233.91,233.85,233.91,0.03,76.03,18231.48,1
2023-09-26,2023-09-26 12:07:00,233.91,233.97,233.91,233.97,0.03,76.03,18231.48,1
2023-09-26,2023-09-26 12:08:00,233.97,234.03,233.97,234.03,0.03,76.03,18231.48,1
2023-09-26,2023-09-26 12:09:00,234.03,234.08,234.03,234.08,0.02,76.03,18231.48,1
2023-09-26,2023-09-26 12:10:00,234.08,234.14,234.08,234.14,0.03,76.03,18231.48,1
2023-09-26,2023-09-26 12:11:00,234.14,234.2,234.14,234.2,0.03,76.03,18231.48,1
2023-09-26,2023-09-26 12:12:00,234.2,234.26,234.2,234.26,0.03,76.03,18231.48,1
2023-09-26,2023-09-26 12:13:00,234.26,234.32,234.26,234.32,0.03,76.03,18231.48,1
2023-09-26,2023-09-26 12:14:00,234.32,234.38,234.32,234.38,0.03,76.03,18231.48,1
2023-09-26,2023-09-26 12:15:00,234.38,234.43,234.38,234.43,0.02,76.03,18231.48,1
2023-09-26,2023-09-26 12:16:00,234.43,234.49,234.43,234.49,0.03,76.03,18231.48,1
2023-09-26,2023-09-26 12:17:00,234.49,234.55,234.49,234.55,0.03,76.03,18231.48,1
2023-09-26,2023-09-26 12:18:00,234.55,234.61,234.55,234.61,0.03,76.03,18231.48,1
2023-09-26,2023-09-26 12:19:00,234.61,234.67,234.61,234.67,0.03,76.03,18231.48,1
2023-09-26,2023-09-26 12:20:00,234.67,234.72,234.67,234.72,0.02,76.03,18231.48,1
2023-09-26,2023-09-26 12:21:00,234.72,234.78,234.72,234.78,0.03,76.03,18231.48,1
2023-09-26,2023-09-26 12:22:00,234.78,234.84,234.78,234.84,0.03,76.03,18231.48,1
2023-09-26,2023-09-26 12:23:00,234.84,234.9,234.84,234.9,0.03,76.03,18231.48,1
2023-09-26,2023-09-26 12:24:00,234.9,234.96,234.9,234.96,0.03,76.03,18231.48,1
2023-09-26,2023-09-26 12:25:00,234.96,235.02,234.96,235.02,0.03,76.03,18231.48,1
2023-09-26,2023-09-26 12:26:00,235.02,235.07,235.02,235.07,0.02,76.03,18231.48,1
2023-09-26,2023-09-26 12:27:00,235.07,235.13,235.07,235.13,0.03,76.03,18231.48,1
2023-09-26,2023-09-26 12:28:00,235.13,235.19,235.13,235.19,0.03,76.03,18231.48,1
2023-09-26,2023-09-26 12:29:00,235.19,235.25,235.19,235.25,0.03,76.03,18231.48,1
2023-09-26,2023-09-26 12:30:00,235.25,235.31,235.25,235.31,0.03,76.03,18231.48,1
2023-09-26,2023-09-26 12:31:00,235.31,235.37,235.31,235.37,0.03,76.03,18231.48,1
2023-09-26,2023-09-26 12:32:00,235.37,235.43,235.37,235.43,0.03,76.03,18231.48,1
2023-09-26,2023-09-26 12:33:00,235.43,235.48,235.43,235.48,0.02,76.03,18231.48,1
2023-09-26,2023-09-26 12:34:00,235.48,235.54,235.48,235.54,0.03,76.03,18231.48,1
2023-09-26,2023-09-26 12:35:00,235.54,235.6,235.54,235.6,0.03,76.03,18231.48,1
2023-09-26,2023-09-26 12:36:00,235.6,235.66,235.6,235.66,0.03,76.03,18231.48,1
2023-09-26,2023-09-26 12:37:00,235.66,235.72,235.66,235.72,0.03,76.03,18231.48,1
2023-09-26,2023-09-26 12:38:00,235.72,235.78,235.72,235.78,0.03,76.03,18231.48,1
2023-09-26,2023-09-26 12:39:00,235.78,235.83,235.78,235.83,0.02,76.03,18231.48,1
2023-09-26,2023-09-26 12:40:00,235.83,235.89,235.83,235.89,0.03,76.03,18231.48,1
2023-09-26,2023-09-26 12:41:00,235.89,235.95,235.89,235.95,0.03,76.03,18231.48,1
2023-09-26,2023-09-26 12:42:00,235.95,236.01,235.95,236.01,0.03,76.03,18231.48,1
2023-09-26,2023-09-26 12:43:00,236.01,236.07,236.01,236.07,0.03,76.03,18231.48,1
2023-09-26,2023-09-26 12:44:00,236.07,236.12,236.07,236.12,0.02,76.03,18231.48,1
2023-09-26,2023-09-26 12:45:00,236.12,236.18,236.12,236.18,0.03,76.03,18231.48,1
2023-09-26,2023-09-26 12:46:00,236.18,236.24,236.18,236.24,0.03,76.03,18231.48,1
2023-09-26,2023-09-26 12:47:00,236.24,236.3,236.24,236.3,0.03,76.03,18231.48,1
2023-09-26,2023-09-26 12:48:00,236.3,236.36,236.3,236.36,0.03,76.03,18231.48,1
2023-09-26,2023-09-26 12:49:00,236.36,236.42,236.36,236.42,0.03,76.03,18231.48,1
2023-09-26,2023-09-26 12:50:00,236.42,236.47,236.42,236.47,0.02,76.03,18231.48,1
2023-09-26,2023-09-26 12:51:00,236.47,236.53,236.47,236.53,0.03,76.03,18231.48,1
2023-09-26,2023-09-26 12:52:00,236.53,236.59,236.53,236.59,0.03,76.03,18231.48,1
2023-09-26,2023-09-26 12:53:00,236.59,236.65,236.59,236.65,0.03,76.03,18231.48,1
2023-09-26,2023-09-26 12:54:00,236.65,236.71,236.65,236.71,0.03,76.03,18231.48,1
2023-09-26,2023-09-26 12:55:00,236.71,236.77,236.71,236.77,0.03,76.03,18231.48,1
2023-09-26,2023-09-26 12:56:00,236.77,236.82,236.77,236.82,0.02,76.03,18231.48,1
2023-09-26,2023-09-26 12:57:00,236.82,236.88,236.82,236.88,0.03,76.03,18231.48,1
2023-09-26,2023-09-26 12:58:00,236.88,236.94,236.88,236.94,0.03,76.03,18231.48,1
2023-09-26,2023-09-26 12:59:00,236.94,237.0,236.94,237.0,0.03,76.03,18231.48,1
2023-09-26,2023-09-26 13:00:00,237.0,245.0,230.0,237.06,0.03,76.03,18231.48,1
2023-09-26,2023-09-26 13:01:00,237.06,237.12,237.06,237.12,0.03,76.03,18231.48,1
2023-09-26,2023-09-26 13:02:00,237.12,237.18,237.12,237.18,0.03,76.03,18231.48,1
2023-09-26,2023-09-26 13:03:00,237.18,237.23,237.18,237.23,0.02,76.03,18231.48,1
2023-09-26,2023-09-26 13:04:00,237.23,237.29,237.23,237.29,0.03,76.03,18231.48,1
2023-09-26,2023-09-26 13:05:00,237.29,237.35,237.29,237.35,0.03,76.03,18231.48,1
2023-09-26,2023-09-26 13:06:00,237.35,237.41,237.35,237.41,0.03,76.03,18231.48,1
2023-09-26,2023-09-26 13:07:00,237.41,237.47,237.41,237.47,0.03,76.03,18231.48,1
2023-09-26,2023-09-26 13:08:00,237.47,237.53,237.47,237.53,0.03,76.03,18231.48,1
2023-09-26,2023-09-26 13:09:00,237.53,237.58,237.53,237.58,0.02,76.03,18231.48,1
2023-09-26,2023-09-26 13:10:00,237.58,237.64,237.58,237.64,0.03,76.03,18231.48,1
2023-09-26,2023-09-26 13:11:00,237.64,237.7,237.64,237.7,0.03,76.03,18231.48,1
2023-09-26,2023-09-26 13:12:00,237.7,237.76,237.7,237.76,0.03,76.03,18231.48,1
2023-09-26,2023-09-26 13:13:00,237.76,237.82,237.76,237.82,0.03,76.03,18231.48,1
2023-09-26,2023-09-26 13:14:00,237.82,237.88,237.82,237.88,0.03,76.03,18231.48,1
2023-09-26,2023-09-26 13:15:00,237.88,237.93,237.88,237.93,0.02,76.03,18231.48,1
2023-09-26,2023-09-26 13:16:00,237.93,237.99,237.93,237.99,0.03,76.03,18231.48,1
2023-09-26,2023-09-26 13:17:00,237.99,238.05,237.99,238.05,0.03,76.03,18231.48,1
2023-09-26,2023-09-26 13:18:00,238.05,238.11,238.05,238.11,0.03,76.03,18231.48,1
2023-09-26,2023-09-26 13:19:00,238.11,238.17,238.11,238.17,0.03,76.03,18231.48,1
2023-09-26,2023-09-26 13:20:00,238.17,238.22,238.17,238.22,0.02,76.03,18231.48,1
2023-09-26,2023-09-26 13:21:00,238.22,238.28,238.22,238.28,0.03,76.03,18231.48,1
2023-09-26,2023-09-26 13:22:00,238.28,238.34,238.28,238.34,0.03,76.03,18231.48,1
2023-09-26,2023-09-26 13:23:00,238.34,238.4,238.34,238.4,0.03,76.03,18231.48,1
2023-09-26,2023-09-26 13:24:00,238.4,238.46,238.4,238.46,0.03,76.03,18231.48,1
2023-09-26,2023-09-26 13:25:00,238.46,238.52,238.46,238.52,0.03,76.03,18231.48,1
2023-09-26,2023-09-26 13:26:00,238.52,238.57,238.52,238.57,0.02,76.03,18231.48,1
2023-09-26,2023-09-26 13:27:00,238.57,238.63,238.57,238.63,0.03,76.03,18231.48,1
2023-09-26,2023-09-26 13:28:00,238.63,238.69,238.63,238.69,0.03,76.03,18231.48,1
2023-09-26,2023-09-26 13:29:00,238.69,238.75,238.69,238.75,0.03,76.03,18231.48,1
2023-09-26,2023-09-26 13:30:00,238.75,238.81,238.75,238.81,0.03,76.03,18231.48,1
2023-09-26,2023-09-26 13:31:00,238.81,238.87,238.81,238.87,0.03,76.03,18231.48,1
2023-09-26,2023-09-26 13:32:00,238.87,238.93,238.87,238.93,0.03,76.03,18231.48,1
2023-09-26,2023-09-26 13:33:00,238.93,238.98,238.93,238.98,0.02,76.03,18231.48,1
2023-09-26,2023-09-26 13:34:00,238.98,239.04,238.98,239.04,0.03,76.03,18231.48,1
2023-09-26,2023-09-26 13:35:00,239.04,239.1,239.04,239.1,0.03,76.03,18231.48,1
2023-09-26,2023-09-26 13:36:00,239.1,239.16,239.1,239.16,0.03,76.03,18231.48,1
2023-09-26,2023-09-26 13:37:00,239.16,239.22,239.16,239.22,0.03,76.03,18231.48,1
2023-09-26,2023-09-26 13:38:00,239.22,239.28,239.22,239.28,0.03,76.03,18231.48,1
2023-09-26,2023-09-26 13:39:00,239.28,239.33,239.28,239.33,0.02,76.03,18231.48,1
2023-09-26,2023-09-26 13:40:00,239.33,239.39,239.33,239.39,0.03,76.03,18231.48,1
2023-09-26,2023-09-26 13:41:00,239.39,239.45,239.39,239.45,0.03,76.03,18231.48,1
2023-09-26,2023-09-26 13:42:00,239.45,239.51,239.45,239.51,0.03,76.03,18231.48,1
2023-09-26,2023-09-26 13:43:00,239.51,239.57,239.51,239.57,0.03,76.03,18231.48,1
2023-09-26,2023-09-26 13:44:00,239.57,239.62,239.57,239.62,0.02,76.03,18231.48,1
2023-09-26,2023-09-26 13:45:00,239.62,239.68,239.62,239.68,0.03,76.03,18231.48,1
2023-09-26,2023-09-26 13:46:00,239.68,239.74,239.68,239.74,0.03,76.03,18231.48,1
2023-09-26,2023-09-26 13:47:00,239.74,239.8,239.74,239.8,0.03,76.03,18231.48,1
2023-09-26,2023-09-26 13:48:00,239.8,239.86,239.8,239.86,0.03,76.03,18231.48,1
2023-09-26,2023-09-26 13:49:00,239.86,239.92,239.86,239.92,0.03,76.03,18231.48,1
2023-09-26,2023-09-26 13:50:00,239.92,239.97,239.92,239.97,0.02,76.03,18231.48,1
2023-09-26,2023-09-26 13:51:00,239.97,240.03,239.97,240.03,0.03,76.03,18231.48,1
2023-09-26,2023-09-26 13:52:00,240.03,240.09,240.03,240.09,0.02,76.03,18231.48,1
2023-09-26,2023-09-26 13:53:00,240.09,240.15,240.09,240.15,0.02,76.03,18231.48,1
2023-09-26,2023-09-26 13:54:00,240.15,240.21,240.15,240.21,0.02,76.03,18231.48,1
2023-09-26,2023-09-26 13:55:00,240.21,240.27,240.21,240.27,0.02,76.03,18231.48,1
2023-09-26,2023-09-26 13:56:00,240.27,240.32,240.27,240.32,0.02,76.03,18231.48,1
2023-09-26,2023-09-26 13:57:00,240.32,240.38,240.32,240.38,0.02,76.03,18231.48,1
2023-09-26,2023-09-26 13:58:00,240.38,240.44,240.38,240.44,0.02,76.03,18231.48,1
2023-09-26,2023-09-26 13:59:00,240.44,240.5,240.44,240.5,0.02,76.03,18231.48,1
2023-09-26,2023-09-26 14:00:00,240.5,240.56,240.5,240.56,0.02,76.03,18231.48,1
2023-09-26,2023-09-26 14:01:00,240.56,240.62,240.56,240.62,0.02,76.03,18231.48,1
2023-09-26,2023-09-26 14:02:00,240.62,240.68,240.62,240.68,0.02,76.03,18231.48,1
2023-09-26,2023-09-26 14:03:00,240.68,240.73,240.68,240.73,0.02,76.03,18231.48,1
2023-09-26,2023-09-26 14:04:00,240.73,240.79,240.73,240.79,0.02,76.03,18231.48,1
2023-09-26,2023-09-26 14:05:00,240.79,240.85,240.79,240.85,0.02,76.03,18231.48,1
2023-09-26,2023-09-26 14:06:00,240.85,240.91,240.85,240.91,0.02,76.03,18231.48,1
2023-09-26,2023-09-26 14:07:00,240.91,240.97,240.91,240.97,0.02,76.03,18231.48,1
2023-09-26,2023-09-26 14:08:00,240.97,241.03,240.97,241.03,0.02,76.03,18231.48,1
2023-09-26,2023-09-26 14:09:00,241.03,241.08,241.03,241.08,0.02,76.03,18231.48,1
2023-09-26,2023-09-26 14:10:00,241.08,241.14,241.08,241.14,0.02,76.03,18231.48,1
2023-09-26,2023-09-26 14:11:00,241.14,241.2,241.14,241.2,0.02,76.03,18231.48,1
2023-09-26,2023-09-26 14:12:00,241.2,241.26,241.2,241.26,0.02,76.03,18231.48,1
2023-09-26,2023-09-26 14:13:00,241.26,241.32,241.26,241.32,0.02,76.03,18231.48,1
2023-09-26,2023-09-26 14:14:00,241.32,241.38,241.32,241.38,0.02,76.03,18231.48,1
2023-09-26,2023-09-26 14:15:00,241.38,241.43,241.38,241.43,0.02,76.03,18231.48,1
2023-09-26,2023-09-26 14:16:00,241.43,241.49,241.43,241.49,0.02,76.03,18231.48,1
2023-09-26,2023-09-26 14:17:00,241.49,241.55,241.49,241.55,0.02,76.03,18231.48,1
2023-09-26,2023-09-26 14:18:00,241.55,241.61,241.55,241.61,0.02,76.03,18231.48,1
2023-09-26,2023-09-26 14:19:00,241.61,241.67,241.61,241.67,0.02,76.03,18231.48,1
2023-09-26,2023-09-26 14:20:00,241.67,241.72,241.67,241.72,0.02,76.03,18231.48,1
2023-09-26,2023-09-26 14:21:00,241.72,241.78,241.72,241.78,0.02,76.03,18231.48,1
2023-09-26,2023-09-26 14:22:00,241.78,241.84,241.78,241.84,0.02,76.03,18231.48,1
2023-09-26,2023-09-26 14:23:00,241.84,241.9,241.84,241.9,0.02,76.03,18231.48,1
2023-09-26,2023-09-26 14:24:00,241.9,241.96,241.9,241.96,0.02,76.03,18231.48,1
2023-09-26,2023-09-26 14:25:00,241.96,242.02,241.96,242.02,0.02,76.03,18231.48,1
2023-09-26,2023-09-26 14:26:00,242.02,242.07,242.02,242.07,0.02,76.03,18231.48,1
2023-09-26,2023-09-26 14:27:00,242.07,242.13,242.07,242.13,0.02,76.03,18231.48,1
2023-09-26,2023-09-26 14:28:00,242.13,242.19,242.13,242.19,0.02,76.03,18231.48,1
2023-09-26,2023-09-26 14:29:00,242.19,242.25,242.19,242.25,0.02,76.03,18231.48,1
2023-09-26,2023-09-26 14:30:00,242.25,242.31,242.25,242.31,0.02,76.03,18231.48,1
2023-09-26,2023-09-26 14:31:00,242.31,242.37,242.31,242.37,0.02,76.03,18231.48,1
2023-09-26,2023-09-26 14:32:00,242.37,242.43,242.37,242.43,0.02,76.03,18231.48,1
2023-09-26,2023-09-26 14:33:00,242.43,242.48,242.43,242.48,0.02,76.03,18231.48,1
2023-09-26,2023-09-26 14:34:00,242.48,242.54,242.48,242.54,0.02,76.03,18231.48,1
2023-09-26,2023-09-26 14:35:00,242.54,242.6,242.54,242.6,0.02,76.03,18231.48,1
2023-09-26,2023-09-26 14:36:00,242.6,242.66,242.6,242.66,0.02,76.03,18231.48,1
2023-09-26,2023-09-26 14:37:00,242.66,242.72,242.66,242.72,0.02,76.03,18231.48,1
2023-09-26,2023-09-26 14:38:00,242.72,242.78,242.72,242.78,0.02,76.03,18231.48,1
2023-09-26,2023-09-26 14:39:00,242.78,242.83,242.78,242.83,0.02,76.03,18231.48,1
2023-09-26,2023-09-26 14:40:00,242.83,242.89,242.83,242.89,0.02,76.03,18231.48,1
2023-09-26,2023-09-26 14:41:00,242.89,242.95,242.89,242.95,0.02,76.03,18231.48,1
2023-09-26,2023-09-26 14:42:00,242.95,243.01,242.95,243.01,0.02,76.03,18231.48,1
2023-09-26,2023-09-26 14:43:00,243.01,243.07,243.01,243.07,0.02,76.03,18231.48,1
2023-09-26,2023-09-26 14:44:00,243.07,243.12,243.07,243.12,0.02,76.03,18231.48,1
2023-09-26,2023-09-26 14:45:00,243.12,243.18,243.12,243.18,0.02,76.03,18231.48,1
2023-09-26,2023-09-26 14:46:00,243.18,243.24,243.18,243.24,0.02,76.03,18231.48,1
2023-09-26,2023-09-26 14:47:00,243.24,243.3,243.24,243.3,0.02,76.03,18231.48,1
2023-09-26,2023-09-26 14:48:00,243.3,243.36,243.3,243.36,0.02,76.03,18231.48,1
2023-09-26,2023-09-26 14:49:00,243.36,243.42,243.36,243.42,0.02,76.03,18231.48,1
2023-09-26,2023-09-26 14:50:00,243.42,243.47,243.42,243.47,0.02,76.03,18231.48,1
2023-09-26,2023-09-26 14:51:00,243.47,243.53,243.47,243.53,0.02,76.03,18231.48,1
2023-09-26,2023-09-26 14:52:00,243.53,243.59,243.53,243.59,0.02,76.03,18231.48,1
2023-09-26,2023-09-26 14:53:00,243.59,243.65,243.59,243.65,0.02,76.03,18231.48,1
2023-09-26,2023-09-26 14:54:00,243.65,243.71,243.65,243.71,0.02,76.03,18231.48,1
2023-09-26,2023-09-26 14:55:00,243.71,243.77,243.71,243.77,0.02,76.03,18231.48,1
2023-09-26,2023-09-26 14:56:00,243.77,243.82,243.77,243.82,0.02,76.03,18231.48,1
2023-09-26,2023-09-26 14:57:00,243.82,243.88,243.82,243.88,0.02,76.03,18231.48,1
2023-09-26,2023-09-26 14:58:00,243.88,243.94,243.88,243.94,0.02,76.03,18231.48,1
2023-09-26,2023-09-26 14:59:00,243.94,244.0,243.94,244.0,0.02,76.03,18231.48,1
2023-09-26,2023-09-26 15:00:00,244.0,245.0,230.0,244.0,0.0,76.03,18231.48,0
2023-09-27,2023-09-27 11:00:00,239.8,240.37,237.46,239.78,-0.01,85.81,20195.74,-1
2023-09-27,2023-09-27 11:01:00,239.78,239.78,239.76,239.76,-0.01,85.81,20195.74,-1
2023-09-27,2023-09-27 11:02:00,239.76,239.76,239.75,239.75,-0.0,85.81,20195.74,-1
2023-09-27,2023-09-27 11:03:00,239.75,239.75,239.73,239.73,-0.01,85.81,20195.74,-1
2023-09-27,2023-09-27 11:04:00,239.73,239.73,239.71,239.71,-0.01,85.81,20195.74,-1
2023-09-27,2023-09-27 11:05:00,239.71,239.71,239.69,239.69,-0.01,85.81,20195.74,-1
2023-09-27,2023-09-27 11:06:00,239.69,239.69,239.67,239.67,-0.01,85.81,20195.74,-1
2023-09-27,2023-09-27 11:07:00,239.67,239.67,239.65,239.65,-0.01,85.81,20195.74,-1
2023-09-27,2023-09-27 11:08:00,239.65,239.65,239.64,239.64,-0.0,85.81,20195.74,-1
2023-09-27,2023-09-27 11:09:00,239.64,239.64,239.62,239.62,-0.01,85.81,20195.74,-1
2023-09-27,2023-09-27 11:10:00,239.62,239.62,239.6,239.6,-0.01,85.81,20195.74,-1
2023-09-27,2023-09-27 11:11:00,239.6,239.6,239.58,239.58,-0.01,85.81,20195.74,-1
2023-09-27,2023-09-27 11:12:00,239.58,239.58,239.56,239.56,-0.01,85.81,20195.74,-1
2023-09-27,2023-09-27 11:13:00,239.56,239.56,239.54,239.54,-0.01,85.81,20195.74,-1
2023-09-27,2023-09-27 11:14:00,239.54,239.54,239.53,239.53,-0.0,85.81,20195.74,-1
2023-09-27,2023-09-27 11:15:00,239.53,239.53,239.51,239.51,-0.01,85.81,20195.74,-1
2023-09-27,2023-09-27 11:16:00,239.51,239.51,239.49,239.49,-0.01,85.81,20195.74,-1
2023-09-27,2023-09-27 11:17:00,239.49,239.49,239.47,239.47,-0.01,85.81,20195.74,-1
2023-09-27,2023-09-27 11:18:00,239.47,239.47,239.45,239.45,-0.01,85.81,20195.74,-1
2023-09-27,2023-09-27 11:19:00,239.45,239.45,239.43,239.43,-0.01,85.81,20195.74,-1
2023-09-27,2023-09-27 11:20:00,239.43,239.43,239.42,239.42,-0.0,85.81,20195.74,-1
2023-09-27,2023-09-27 11:21:00,239.42,239.42,239.4,239.4,-0.01,85.81,20195.74,-1
2023-09-27,2023-09-27 11:22:00,239.4,239.4,239.38,239.38,-0.01,85.81,20195.74,-1
2023-09-27,2023-09-27 11:23:00,239.38,239.38,239.36,239.36,-0.01,85.81,20195.74,-1
2023-09-27,2023-09-27 11:24:00,239.36,239.36,239.34,239.34,-0.01,85.81,20195.74,-1
2023-09-27,2023-09-27 11:25:00,239.34,239.34,239.32,239.32,-0.01,85.81,20195.74,-1
2023-09-27,2023-09-27 11:26:00,239.32,239.32,239.31,239.31,-0.0,85.81,20195.74,-1
2023-09-27,2023-09-27 11:27:00,239.31,239.31,239.29,239.29,-0.01,85.81,20195.74,-1
2023-09-27,2023-09-27 11:28:00,239.29,239.29,239.27,239.27,-0.01,85.81,20195.74,-1
2023-09-27,2023-09-27 11:29:00,239.27,239.27,239.25,239.25,-0.01,85.81,20195.74,-1
2023-09-27,2023-09-27 11:30:00,239.25,239.25,239.23,239.23,-0.01,85.81,20195.74,-1
2023-09-27,2023-09-27 11:31:00,239.23,239.23,239.21,239.21,-0.01,85.81,20195.74,-1
2023-09-27,2023-09-27 11:32:00,239.21,239.21,239.2,239.2,-0.0,85.81,20195.74,-1
2023-09-27,2023-09-27 11:33:00,239.2,239.2,239.18,239.18,-0.01,85.81,20195.74,-1
2023-09-27,2023-09-27 11:34:00,239.18,239.18,239.16,239.16,-0.01,85.81,20195.74,-1
2023-09-27,2023-09-27 11:35:00,239.16,239.16,239.14,239.14,-0.01,85.81,20195.74,-1
2023-09-27,2023-09-27 11:36:00,239.14,239.14,239.12,239.12,-0.01,85.81,20195.74,-1
2023-09-27,2023-09-27 11:37:00,239.12,239.12,239.1,239.1,-0.01,85.81,20195.74,-1
2023-09-27,2023-09-27 11:38:00,239.1,239.1,239.09,239.09,-0.0,85.81,20195.74,-1
2023-09-27,2023-09-27 11:39:00,239.09,239.09,239.07,239.07,-0.01,85.81,20195.74,-1
2023-09-27,2023-09-27 11:40:00,239.07,239.07,239.05,239.05,-0.01,85.81,20195.74,-1
2023-09-27,2023-09-27 11:41:00,239.05,239.05,239.03,239.03,-0.01,85.81,20195.74,-1
2023-09-27,2023-09-27 11:42:00,239.03,239.03,239.01,239.01,-0.01,85.81,20195.74,-1
2023-09-27,2023-09-27 11:43:00,239.01,239.01,238.99,238.99,-0.01,85.81,20195.74,-1
2023-09-27,2023-09-27 11:44:00,238.99,238.99,238.98,238.98,-0.0,85.81,20195.74,-1
2023-09-27,2023-09-27 11:45:00,238.98,238.98,238.96,238.96,-0.01,85.81,20195.74,-1
2023-09-27,2023-09-27 11:46:00,238.96,238.96,238.94,238.94,-0.01,85.81,20195.74,-1
2023-09-27,2023-09-27 11:47:00,238.94,238.94,238.92,238.92,-0.01,85.81,20195.74,-1
2023-09-27,2023-09-27 11:48:00,238.92,238.92,238.9,238.9,-0.01,85.81,20195.74,-1
2023-09-27,2023-09-27 11:49:00,238.9,238.9,238.88,238.88,-0.01,85.81,20195.74,-1
2023-09-27,2023-09-27 11:50:00,238.88,238.88,238.87,238.87,-0.0,85.81,20195.74,-1
2023-09-27,2023-09-27 11:51:00,238.87,238.87,238.85,238.85,-0.01,85.81,20195.74,-1
2023-09-27,2023-09-27 11:52:00,238.85,238.85,238.83,238.83,-0.01,85.81,20195.74,-1
2023-09-27,2023-09-27 11:53:00,238.83,238.83,238.81,238.81,-0.01,85.81,20195.74,-1
2023-09-27,2023-09-27 11:54:00,238.81,238.81,238.79,238.79,-0.01,85.81,20195.74,-1
2023-09-27,2023-09-27 11:55:00,238.79,238.79,238.77,238.77,-0.01,85.81,20195.74,-1
2023-09-27,2023-09-27 11:56:00,238.77,238.77,238.76,238.76,-0.0,85.81,20195.74,-1
2023-09-27,2023-09-27 11:57:00,238.76,238.76,238.74,238.74,-0.01,85.81,20195.74,-1
2023-09-27,2023-09-27 11:58:00,238.74,238.74,238.72,238.72,-0.01,85.81,20195.74,-1
2023-09-27,2023-09-27 11:59:00,238.72,238.72,238.7,238.7,-0.01,85.81,20195.74,-1
2023-09-27,2023-09-27 12:00:00,238.7,238.7,238.68,238.68,-0.01,85.81,20195.74,-1
2023-09-27,2023-09-27 12:01:00,238.68,238.68,238.66,238.66,-0.01,85.81,20195.74,-1
2023-09-27,2023-09-27 12:02:00,238.66,238.66,238.65,238.65,-0.0,85.81,20195.74,-1
2023-09-27,2023-09-27 12:03:00,238.65,238.65,238.63,238.63,-0.01,85.81,20195.74,-1
2023-09-27,2023-09-27 12:04:00,238.63,238.63,238.61,238.61,-0.01,85.81,20195.74,-1
2023-09-27,2023-09-27 12:05:00,238.61,238.61,238.59,238.59,-0.01,85.81,20195.74,-1
2023-09-27,2023-09-27 12:06:00,238.59,238.59,238.57,238.57,-0.01,85.81,20195.74,-1
2023-09-27,2023-09-27 12:07:00,238.57,238.57,238.55,238.55,-0.01,85.81,20195.74,-1
2023-09-27,2023-09-27 12:08:00,238.55,238.55,238.53,238.53,-0.01,85.81,20195.74,-1
2023-09-27,2023-09-27 12:09:00,238.53,238.53,238.52,238.52,-0.0,85.81,20195.74,-1
2023-09-27,2023-09-27 12:10:00,238.52,238.52,238.5,238.5,-0.01,85.81,20195.74,-1
2023-09-27,2023-09-27 12:11:00,238.5,238.5,238.48,238.48,-0.01,85.81,20195.74,-1
2023-09-27,2023-09-27 12:12:00,238.48,238.48,238.46,238.46,-0.01,85.81,20195.74,-1
2023-09-27,2023-09-27 12:13:00,238.46,238.46,238.44,238.44,-0.01,85.81,20195.74,-1
2023-09-27,2023-09-27 12:14:00,238.44,238.44,238.43,238.43,-0.0,85.81,20195.74,-1
2023-09-27,2023-09-27 12:15:00,238.43,238.43,238.41,238.41,-0.01,85.81,20195.74,-1
2023-09-27,2023-09-27 12:16:00,238.41,238.41,238.39,238.39,-0.01,85.81,20195.74,-1
2023-09-27,2023-09-27 12:17:00,238.39,238.39,238.37,238.37,-0.01,85.81,20195.74,-1
2023-09-27,2023-09-27 12:18:00,238.37,238.37,238.35,238.35,-0.01,85.81,20195.74,-1
2023-09-27,2023-09-27 12:19:00,238.35,238.35,238.33,238.33,-0.01,85.81,20195.74,-1
2023-09-27,2023-09-27 12:20:00,238.33,238.33,238.31,238.31,-0.01,85.81,20195.74,-1
2023-09-27,2023-09-27 12:21:00,238.31,238.31,238.3,238.3,-0.0,85.81,20195.74,-1
2023-09-27,2023-09-27 12:22:00,238.3,238.3,238.28,238.28,-0.01,85.81,20195.74,-1
2023-09-27,2023-09-27 12:23:00,238.28,238.28,238.26,238.26,-0.01,85.81,20195.74,-1
2023-09-27,2023-09-27 12:24:00,238.26,238.26,238.24,238.24,-0.01,85.81,20195.74,-1
2023-09-27,2023-09-27 12:25:00,238.24,238.24,238.22,238.22,-0.01,85.81,20195.74,-1
2023-09-27,2023-09-27 12:26:00,238.22,238.22,238.21,238.21,-0.0,85.81,20195.74,-1
2023-09-27,2023-09-27 12:27:00,238.21,238.21,238.19,238.19,-0.01,85.81,20195.74,-1
2023-09-27,2023-09-27 12:28:00,238.19,238.19,238.17,238.17,-0.01,85.81,20195.74,-1
2023-09-27,2023-09-27 12:29:00,238.17,238.17,238.15,238.15,-0.01,85.81,20195.74,-1
2023-09-27,2023-09-27 12:30:00,238.15,238.15,238.13,238.13,-0.01,85.81,20195.74,-1
2023-09-27,2023-09-27 12:31:00,238.13,238.13,238.11,238.11,-0.01,85.81,20195.74,-1
2023-09-27,2023-09-27 12:32:00,238.11,238.11,238.09,238.09,-0.01,85.81,20195.74,-1
2023-09-27,2023-09-27 12:33:00,238.09,238.09,238.08,238.08,-0.0,85.81,20195.74,-1
2023-09-27,2023-09-27 12:34:00,238.08,238.08,238.06,238.06,-0.01,85.81,20195.74,-1
2023-09-27,2023-09-27 12:35:00,238.06,238.06,238.04,238.04,-0.01,85.81,20195.74,-1
2023-09-27,2023-09-27 12:36:00,238.04,238.04,238.02,238.02,-0.01,85.81,20195.74,-1
2023-09-27,2023-09-27 12:37:00,238.02,238.02,238.0,238.0,-0.01,85.81,20195.74,-1
2023-09-27,2023-09-27 12:38:00,238.0,238.0,237.99,237.99,-0.0,85.81,20195.74,-1
2023-09-27,2023-09-27 12:39:00,237.99,237.99,237.97,237.97,-0.01,85.81,20195.74,-1
2023-09-27,2023-09-27 12:40:00,237.97,237.97,237.95,237.95,-0.01,85.81,20195.74,-1
2023-09-27,2023-09-27 12:41:00,237.95,237.95,237.93,237.93,-0.01,85.81,20195.74,-1
2023-09-27,2023-09-27 12:42:00,237.93,237.93,237.91,237.91,-0.01,85.81,20195.74,-1
2023-09-27,2023-09-27 12:43:00,237.91,237.91,237.89,237.89,-0.01,85.81,20195.74,-1
2023-09-27,2023-09-27 12:44:00,237.89,237.89,237.88,237.88,-0.0,85.81,20195.74,-1
2023-09-27,2023-09-27 12:45:00,237.88,237.88,237.86,237.86,-0.01,85.81,20195.74,-1
2023-09-27,2023-09-27 12:46:00,237.86,237.86,237.84,237.84,-0.01,85.81,20195.74,-1
2023-09-27,2023-09-27 12:47:00,237.84,237.84,237.82,237.82,-0.01,85.81,20195.74,-1
2023-09-27,2023-09-27 12:48:00,237.82,237.82,237.8,237.8,-0.01,85.81,20195.74,-1
2023-09-27,2023-09-27 12:49:00,237.8,237.8,237.78,237.78,-0.01,85.81,20195.74,-1
2023-09-27,2023-09-27 12:50:00,237.78,237.78,237.77,237.77,-0.0,85.81,20195.74,-1
2023-09-27,2023-09-27 12:51:00,237.77,237.77,237.75,237.75,-0.01,85.81,20195.74,-1
2023-09-27,2023-09-27 12:52:00,237.75,237.75,237.73,237.73,-0.01,85.81,20195.74,-1
2023-09-27,2023-09-27 12:53:00,237.73,237.73,237.71,237.71,-0.01,85.81,20195.74,-1
2023-09-27,2023-09-27 12:54:00,237.71,237.71,237.69,237.69,-0.01,85.81,20195.74,-1
2023-09-27,2023-09-27 12:55:00,237.69,237.69,237.67,237.67,-0.01,85.81,20195.74,-1
2023-09-27,2023-09-27 12:56:00,237.67,237.67,237.66,237.66,-0.0,85.81,20195.74,-1
2023-09-27,2023-09-27 12:57:00,237.66,237.66,237.64,237.64,-0.01,85.81,20195.74,-1
2023-09-27,2023-09-27 12:58:00,237.64,237.64,237.62,237.62,-0.01,85.81,20195.74,-1
2023-09-27,2023-09-27 12:59:00,237.62,237.62,237.6,237.6,-0.01,85.81,20195.74,-1
2023-09-27,2023-09-27 13:00:00,237.6,241.7,232.0,237.58,-0.01,85.81,20195.74,-1
2023-09-27,2023-09-27 13:01:00,237.58,237.58,237.56,237.56,-0.01,85.81,20195.74,-1
2023-09-27,2023-09-27 13:02:00,237.56,237.56,237.55,237.55,-0.0,85.81,20195.74,-1
2023-09-27,2023-09-27 13:03:00,237.55,237.55,237.53,237.53,-0.01,85.81,20195.74,-1
2023-09-27,2023-09-27 13:04:00,237.53,237.53,237.51,237.51,-0.01,85.81,20195.74,-1
2023-09-27,2023-09-27 13:05:00,237.51,237.51,237.49,237.49,-0.01,85.81,20195.74,-1
2023-09-27,2023-09-27 13:06:00,237.49,237.49,237.47,237.47,-0.01,85.81,20195.74,-1
2023-09-27,2023-09-27 13:07:00,237.47,237.47,237.45,237.45,-0.01,85.81,20195.74,-1
2023-09-27,2023-09-27 13:08:00,237.45,237.45,237.44,237.44,-0.0,85.81,20195.74,-1
2023-09-27,2023-09-27 13:09:00,237.44,237.44,237.42,237.42,-0.01,85.81,20195.74,-1
2023-09-27,2023-09-27 13:10:00,237.42,237.42,237.4,237.4,-0.01,85.81,20195.74,-1
2023-09-27,2023-09-27 13:11:00,237.4,237.4,237.38,237.38,-0.01,85.81,20195.74,-1
2023-09-27,2023-09-27 13:12:00,237.38,237.38,237.36,237.36,-0.01,85.81,20195.74,-1
2023-09-27,2023-09-27 13:13:00,237.36,237.36,237.34,237.34,-0.01,85.81,20195.74,-1
2023-09-27,2023-09-27 13:14:00,237.34,237.34,237.33,237.33,-0.0,85.81,20195.74,-1
2023-09-27,2023-09-27 13:15:00,237.33,237.33,237.31,237.31,-0.01,85.81,20195.74,-1
2023-09-27,2023-09-27 13:16:00,237.31,237.31,237.29,237.29,-0.01,85.81,20195.74,-1
2023-09-27,2023-09-27 13:17:00,237.29,237.29,237.27,237.27,-0.01,85.81,20195.74,-1
2023-09-27,2023-09-27 13:18:00,237.27,237.27,237.25,237.25,-0.01,85.81,20195.74,-1
2023-09-27,2023-09-27 13:19:00,237.25,237.25,237.23,237.23,-0.01,85.81,20195.74,-1
2023-09-27,2023-09-27 13:20:00,237.23,237.23,237.22,237.22,-0.0,85.81,20195.74,-1
2023-09-27,2023-09-27 13:21:00,237.22,237.22,237.2,237.2,-0.01,85.81,20195.74,-1
2023-09-27,2023-09-27 13:22:00,237.2,237.2,237.18,237.18,-0.01,85.81,20195.74,-1
2023-09-27,2023-09-27 13:23:00,237.18,237.18,237.16,237.16,-0.01,85.81,20195.74,-1
2023-09-27,2023-09-27 13:24:00,237.16,237.16,237.14,237.14,-0.01,85.81,20195.74,-1
2023-09-27,2023-09-27 13:25:00,237.14,237.14,237.12,237.12,-0.01,85.81,20195.74,-1
2023-09-27,2023-09-27 13:26:00,237.12,237.12,237.11,237.11,-0.0,85.81,20195.74,-1
2023-09-27,2023-09-27 13:27:00,237.11,237.11,237.09,237.09,-0.01,85.81,20195.74,-1
2023-09-27,2023-09-27 13:28:00,237.09,237.09,237.07,237.07,-0.01,85.81,20195.74,-1
2023-09-27,2023-09-27 13:29:00,237.07,237.07,237.05,237.05,-0.01,85.81,20195.74,-1
2023-09-27,2023-09-27 13:30:00,237.05,237.05,237.03,237.03,-0.01,85.81,20195.74,-1
2023-09-27,2023-09-27 13:31:00,237.03,237.03,237.01,237.01,-0.01,85.81,20195.74,-1
2023-09-27,2023-09-27 13:32:00,237.01,237.01,237.0,237.0,-0.0,85.81,20195.74,-1
2023-09-27,2023-09-27 13:33:00,237.0,237.0,236.98,236.98,-0.01,85.81,20195.74,-1
2023-09-27,2023-09-27 13:34:00,236.98,236.98,236.96,236.96,-0.01,85.81,20195.74,-1
2023-09-27,2023-09-27 13:35:00,236.96,236.96,236.94,236.94,-0.01,85.81,20195.74,-1
2023-09-27,2023-09-27 13:36:00,236.94,236.94,236.92,236.92,-0.01,85.81,20195.74,-1
2023-09-27,2023-09-27 13:37:00,236.92,236.92,236.9,236.9,-0.01,85.81,20195.74,-1
2023-09-27,2023-09-27 13:38:00,236.9,236.9,236.89,236.89,-0.0,85.81,20195.74,-1
2023-09-27,2023-09-27 13:39:00,236.89,236.89,236.87,236.87,-0.01,85.81,20195.74,-1
2023-09-27,2023-09-27 13:40:00,236.87,236.87,236.85,236.85,-0.01,85.81,20195.74,-1
2023-09-27,2023-09-27 13:41:00,236.85,236.85,236.83,236.83,-0.01,85.81,20195.74,-1
2023-09-27,2023-09-27 13:42:00,236.83,236.83,236.81,236.81,-0.01,85.81,20195.74,-1
2023-09-27,2023-09-27 13:43:00,236.81,236.81,236.79,236.79,-0.01,85.81,20195.74,-1
2023-09-27,2023-09-27 13:44:00,236.79,236.79,236.78,236.78,-0.0,85.81,20195.74,-1
2023-09-27,2023-09-27 13:45:00,236.78,236.78,236.76,236.76,-0.01,85.81,20195.74,-1
2023-09-27,2023-09-27 13:46:00,236.76,236.76,236.74,236.74,-0.01,85.81,20195.74,-1
2023-09-27,2023-09-27 13:47:00,236.74,236.74,236.72,236.72,-0.01,85.81,20195.74,-1
2023-09-27,2023-09-27 13:48:00,236.72,236.72,236.7,236.7,-0.01,85.81,20195.74,-1
2023-09-27,2023-09-27 13:49:00,236.7,236.7,236.68,236.68,-0.01,85.81,20195.74,-1
2023-09-27,2023-09-27 13:50:00,236.68,236.68,236.67,236.67,-0.0,85.81,20195.74,-1
2023-09-27,2023-09-27 13:51:00,236.67,236.67,236.65,236.65,-0.01,85.81,20195.74,-1
2023-09-27,2023-09-27 13:52:00,236.65,236.65,236.63,236.63,-0.01,85.81,20195.74,-1
2023-09-27,2023-09-27 13:53:00,236.63,236.63,236.61,236.61,-0.01,85.81,20195.74,-1
2023-09-27,2023-09-27 13:54:00,236.61,236.61,236.59,236.59,-0.01,85.81,20195.74,-1
2023-09-27,2023-09-27 13:55:00,236.59,236.59,236.57,236.57,-0.01,85.81,20195.74,-1
2023-09-27,2023-09-27 13:56:00,236.57,236.57,236.56,236.56,-0.0,85.81,20195.74,-1
2023-09-27,2023-09-27 13:57:00,236.56,236.56,236.54,236.54,-0.01,85.81,20195.74,-1
2023-09-27,2023-09-27 13:58:00,236.54,236.54,236.52,236.52,-0.01,85.81,20195.74,-1
2023-09-27,2023-09-27 13:59:00,236.52,236.52,236.5,236.5,-0.01,85.81,20195.74,-1
2023-09-27,2023-09-27 14:00:00,236.5,236.5,236.48,236.48,-0.01,85.81,20195.74,-1
2023-09-27,2023-09-27 14:01:00,236.48,236.48,236.46,236.46,-0.01,85.81,20195.74,-1
2023-09-27,2023-09-27 14:02:00,236.46,236.46,236.44,236.44,-0.01,85.81,20195.74,-1
2023-09-27,2023-09-27 14:03:00,236.44,236.44,236.43,236.43,-0.0,85.81,20195.74,-1
2023-09-27,2023-09-27 14:04:00,236.43,236.43,236.41,236.41,-0.01,85.81,20195.74,-1
2023-09-27,2023-09-27 14:05:00,236.41,236.41,236.39,236.39,-0.01,85.81,20195.74,-1
2023-09-27,2023-09-27 14:06:00,236.39,236.39,236.37,236.37,-0.01,85.81,20195.74,-1
2023-09-27,2023-09-27 14:07:00,236.37,236.37,236.35,236.35,-0.01,85.81,20195.74,-1
2023-09-27,2023-09-27 14:08:00,236.35,236.35,236.34,236.34,-0.0,85.81,20195.74,-1
2023-09-27,2023-09-27 14:09:00,236.34,236.34,236.32,236.32,-0.01,85.81,20195.74,-1
2023-09-27,2023-09-27 14:10:00,236.32,236.32,236.3,236.3,-0.01,85.81,20195.74,-1
2023-09-27,2023-09-27 14:11:00,236.3,236.3,236.28,236.28,-0.01,85.81,20195.74,-1
2023-09-27,2023-09-27 14:12:00,236.28,236.28,236.26,236.26,-0.01,85.81,20195.74,-1
2023-09-27,2023-09-27 14:13:00,236.26,236.26,236.24,236.24,-0.01,85.81,20195.74,-1
2023-09-27,2023-09-27 14:14:00,236.24,236.24,236.22,236.22,-0.01,85.81,20195.74,-1
2023-09-27,2023-09-27 14:15:00,236.22,236.22,236.21,236.21,-0.0,85.81,20195.74,-1
2023-09-27,2023-09-27 14:16:00,236.21,236.21,236.19,236.19,-0.01,85.81,20195.74,-1
2023-09-27,2023-09-27 14:17:00,236.19,236.19,236.17,236.17,-0.01,85.81,20195.74,-1
2023-09-27,2023-09-27 14:18:00,236.17,236.17,236.15,236.15,-0.01,85.81,20195.74,-1
2023-09-27,2023-09-27 14:19:00,236.15,236.15,236.13,236.13,-0.01,85.81,20195.74,-1
2023-09-27,2023-09-27 14:20:00,236.13,236.13,236.12,236.12,-0.0,85.81,20195.74,-1
2023-09-27,2023-09-27 14:21:00,236.12,236.12,236.1,236.1,-0.01,85.81,20195.74,-1
2023-09-27,2023-09-27 14:22:00,236.1,236.1,236.08,236.08,-0.01,85.81,20195.74,-1
2023-09-27,2023-09-27 14:23:00,236.08,236.08,236.06,236.06,-0.01,85.81,20195.74,-1
2023-09-27,2023-09-27 14:24:00,236.06,236.06,236.04,236.04,-0.01,85.81,20195.74,-1
2023-09-27,2023-09-27 14:25:00,236.04,236.04,236.02,236.02,-0.01,85.81,20195.74,-1
2023-09-27,2023-09-27 14:26:00,236.02,236.02,236.0,236.0,-0.01,85.81,20195.74,-1
2023-09-27,2023-09-27 14:27:00,236.0,236.0,235.99,235.99,-0.0,85.81,20195.74,-1
2023-09-27,2023-09-27 14:28:00,235.99,235.99,235.97,235.97,-0.01,85.81,20195.74,-1
2023-09-27,2023-09-27 14:29:00,235.97,235.97,235.95,235.95,-0.01,85.81,20195.74,-1
2023-09-27,2023-09-27 14:30:00,235.95,235.95,235.93,235.93,-0.01,85.81,20195.74,-1
2023-09-27,2023-09-27 14:31:00,235.93,235.93,235.91,235.91,-0.01,85.81,20195.74,-1
2023-09-27,2023-09-27 14:32:00,235.91,235.91,235.9,235.9,-0.0,85.81,20195.74,-1
2023-09-27,2023-09-27 14:33:00,235.9,235.9,235.88,235.88,-0.01,85.81,20195.74,-1
2023-09-27,2023-09-27 14:34:00,235.88,235.88,235.86,235.86,-0.01,85.81,20195.74,-1
2023-09-27,2023-09-27 14:35:00,235.86,235.86,235.84,235.84,-0.01,85.81,20195.74,-1
2023-09-27,2023-09-27 14:36:00,235.84,235.84,235.82,235.82,-0.01,85.81,20195.74,-1
2023-09-27,2023-09-27 14:37:00,235.82,235.82,235.8,235.8,-0.01,85.81,20195.74,-1
2023-09-27,2023-09-27 14:38:00,235.8,235.8,235.78,235.78,-0.01,85.81,20195.74,-1
2023-09-27,2023-09-27 14:39:00,235.78,235.78,235.77,235.77,-0.0,85.81,20195.74,-1
2023-09-27,2023-09-27 14:40:00,235.77,235.77,235.75,235.75,-0.01,85.81,20195.74,-1
2023-09-27,2023-09-27 14:41:00,235.75,235.75,235.73,235.73,-0.01,85.81,20195.74,-1
2023-09-27,2023-09-27 14:42:00,235.73,235.73,235.71,235.71,-0.01,85.81,20195.74,-1
2023-09-27,2023-09-27 14:43:00,235.71,235.71,235.69,235.69,-0.01,85.81,20195.74,-1
2023-09-27,2023-09-27 14:44:00,235.69,235.69,235.68,235.68,-0.0,85.81,20195.74,-1
2023-09-27,2023-09-27 14:45:00,235.68,235.68,235.66,235.66,-0.01,85.81,20195.74,-1
2023-09-27,2023-09-27 14:46:00,235.66,235.66,235.64,235.64,-0.01,85.81,20195.74,-1
2023-09-27,2023-09-27 14:47:00,235.64,235.64,235.62,235.62,-0.01,85.81,20195.74,-1
2023-09-27,2023-09-27 14:48:00,235.62,235.62,235.6,235.6,-0.01,85.81,20195.74,-1
2023-09-27,2023-09-27 14:49:00,235.6,235.6,235.58,235.58,-0.01,85.81,20195.74,-1
2023-09-27,2023-09-27 14:50:00,235.58,235.58,235.56,235.56,-0.01,85.81,20195.74,-1
2023-09-27,2023-09-27 14:51:00,235.56,235.56,235.55,235.55,-0.0,85.81,20195.74,-1
2023-09-27,2023-09-27 14:52:00,235.55,235.55,235.53,235.53,-0.01,85.81,20195.74,-1
2023-09-27,2023-09-27 14:53:00,235.53,235.53,235.51,235.51,-0.01,85.81,20195.74,-1
2023-09-27,2023-09-27 14:54:00,235.51,235.51,235.49,235.49,-0.01,85.81,20195.74,-1
2023-09-27,2023-09-27 14:55:00,235.49,235.49,235.47,235.47,-0.01,85.81,20195.74,-1
2023-09-27,2023-09-27 14:56:00,235.47,235.47,235.46,235.46,-0.0,85.81,20195.74,-1
2023-09-27,2023-09-27 14:57:00,235.46,235.46,235.44,235.44,-0.01,85.81,20195.74,-1
2023-09-27,2023-09-27 14:58:00,235.44,235.44,235.42,235.42,-0.01,85.81,20195.74,-1
2023-09-27,2023-09-27 14:59:00,235.42,235.42,235.4,235.4,-0.01,85.81,20195.74,-1
2023-09-27,2023-09-27 15:00:00,235.4,241.7,232.0,235.4,0.0,85.81,20195.74,0
2023-10-01,2023-10-01 11:00:00,231.0,232.2,227.31,230.96,-0.02,90.03,20291.77,-1
2023-10-01,2023-10-01 11:01:00,230.96,230.96,230.93,230.93,-0.01,90.03,20291.77,-1
2023-10-01,2023-10-01 11:02:00,230.93,230.93,230.89,230.89,-0.02,90.03,20291.77,-1
2023-10-01,2023-10-01 11:03:00,230.89,230.89,230.85,230.85,-0.02,90.03,20291.77,-1
2023-10-01,2023-10-01 11:04:00,230.85,230.85,230.81,230.81,-0.02,90.03,20291.77,-1
2023-10-01,2023-10-01 11:05:00,230.81,230.81,230.78,230.78,-0.01,90.03,20291.77,-1
2023-10-01,2023-10-01 11:06:00,230.78,230.78,230.74,230.74,-0.02,90.03,20291.77,-1
2023-10-01,2023-10-01 11:07:00,230.74,230.74,230.7,230.7,-0.02,90.03,20291.77,-1
2023-10-01,2023-10-01 11:08:00,230.7,230.7,230.66,230.66,-0.02,90.03,20291.77,-1
2023-10-01,2023-10-01 11:09:00,230.66,230.66,230.62,230.62,-0.02,90.03,20291.77,-1
2023-10-01,2023-10-01 11:10:00,230.62,230.62,230.59,230.59,-0.01,90.03,20291.77,-1
2023-10-01,2023-10-01 11:11:00,230.59,230.59,230.55,230.55,-0.02,90.03,20291.77,-1
2023-10-01,2023-10-01 11:12:00,230.55,230.55,230.51,230.51,-0.02,90.03,20291.77,-1
2023-10-01,2023-10-01 11:13:00,230.51,230.51,230.47,230.47,-0.02,90.03,20291.77,-1
2023-10-01,2023-10-01 11:14:00,230.47,230.47,230.44,230.44,-0.01,90.03,20291.77,-1
2023-10-01,2023-10-01 11:15:00,230.44,230.44,230.4,230.4,-0.02,90.03,20291.77,-1
2023-10-01,2023-10-01 11:16:00,230.4,230.4,230.36,230.36,-0.02,90.03,20291.77,-1
2023-10-01,2023-10-01 11:17:00,230.36,230.36,230.32,230.32,-0.02,90.03,20291.77,-1
2023-10-01,2023-10-01 11:18:00,230.32,230.32,230.29,230.29,-0.01,90.03,20291.77,-1
2023-10-01,2023-10-01 11:19:00,230.29,230.29,230.25,230.25,-0.02,90.03,20291.77,-1
2023-10-01,2023-10-01 11:20:00,230.25,230.25,230.21,230.21,-0.02,90.03,20291.77,-1
2023-10-01,2023-10-01 11:21:00,230.21,230.21,230.18,230.18,-0.01,90.03,20291.77,-1
2023-10-01,2023-10-01 11:22:00,230.18,230.18,230.14,230.14,-0.02,90.03,20291.77,-1
2023-10-01,2023-10-01 11:23:00,230.14,230.14,230.1,230.1,-0.02,90.03,20291.77,-1
2023-10-01,2023-10-01 11:24:00,230.1,230.1,230.06,230.06,-0.02,90.03,20291.77,-1
2023-10-01,2023-10-01 11:25:00,230.06,230.06,230.03,230.03,-0.01,90.03,20291.77,-1
2023-10-01,2023-10-01 11:26:00,230.03,230.03,229.99,229.99,-0.02,90.03,20291.77,-1
2023-10-01,2023-10-01 11:27:00,229.99,229.99,229.95,229.95,-0.02,90.03,20291.77,-1
2023-10-01,2023-10-01 11:28:00,229.95,229.95,229.91,229.91,-0.02,90.03,20291.77,-1
2023-10-01,2023-10-01 11:29:00,229.91,229.91,229.88,229.88,-0.01,90.03,20291.77,-1
2023-10-01,2023-10-01 11:30:00,229.88,229.88,229.84,229.84,-0.02,90.03,20291.77,-1
2023-10-01,2023-10-01 11:31:00,229.84,229.84,229.8,229.8,-0.02,90.03,20291.77,-1
2023-10-01,2023-10-01 11:32:00,229.8,229.8,229.76,229.76,-0.02,90.03,20291.77,-1
2023-10-01,2023-10-01 11:33:00,229.76,229.76,229.72,229.72,-0.02,90.03,20291.77,-1
2023-10-01,2023-10-01 11:34:00,229.72,229.72,229.69,229.69,-0.01,90.03,20291.77,-1
2023-10-01,2023-10-01 11:35:00,229.69,229.69,229.65,229.65,-0.02,90.03,20291.77,-1
2023-10-01,2023-10-01 11:36:00,229.65,229.65,229.61,229.61,-0.02,90.03,20291.77,-1
2023-10-01,2023-10-01 11:37:00,229.61,229.61,229.57,229.57,-0.02,90.03,20291.77,-1
2023-10-01,2023-10-01 11:38:00,229.57,229.57,229.54,229.54,-0.01,90.03,20291.77,-1
2023-10-01,2023-10-01 11:39:00,229.54,229.54,229.5,229.5,-0.02,90.03,20291.77,-1
2023-10-01,2023-10-01 11:40:00,229.5,229.5,229.46,229.46,-0.02,90.03,20291.77,-1
2023-10-01,2023-10-01 11:41:00,229.46,229.46,229.43,229.43,-0.01,90.03,20291.77,-1
2023-10-01,2023-10-01 11:42:00,229.43,229.43,229.39,229.39,-0.02,90.03,20291.77,-1
2023-10-01,2023-10-01 11:43:00,229.39,229.39,229.35,229.35,-0.02,90.03,20291.77,-1
2023-10-01,2023-10-01 11:44:00,229.35,229.35,229.31,229.31,-0.02,90.03,20291.77,-1
2023-10-01,2023-10-01 11:45:00,229.31,229.31,229.28,229.28,-0.01,90.03,20291.77,-1
2023-10-01,2023-10-01 11:46:00,229.28,229.28,229.24,229.24,-0.02,90.03,20291.77,-1
2023-10-01,2023-10-01 11:47:00,229.24,229.24,229.2,229.2,-0.02,90.03,20291.77,-1
2023-10-01,2023-10-01 11:48:00,229.2,229.2,229.16,229.16,-0.02,90.03,20291.77,-1
2023-10-01,2023-10-01 11:49:00,229.16,229.16,229.12,229.12,-0.02,90.03,20291.77,-1
2023-10-01,2023-10-01 11:50:00,229.12,229.12,229.09,229.09,-0.01,90.03,20291.77,-1
2023-10-01,2023-10-01 11:51:00,229.09,229.09,229.05,229.05,-0.02,90.03,20291.77,-1
2023-10-01,2023-10-01 11:52:00,229.05,229.05,229.01,229.01,-0.02,90.03,20291.77,-1
2023-10-01,2023-10-01 11:53:00,229.01,229.01,228.97,228.97,-0.02,90.03,20291.77,-1
2023-10-01,2023-10-01 11:54:00,228.97,228.97,228.94,228.94,-0.01,90.03,20291.77,-1
2023-10-01,2023-10-01 11:55:00,228.94,228.94,228.9,228.9,-0.02,90.03,20291.77,-1
2023-10-01,2023-10-01 11:56:00,228.9,228.9,228.86,228.86,-0.02,90.03,20291.77,-1
2023-10-01,2023-10-01 11:57:00,228.86,228.86,228.82,228.82,-0.02,90.03,20291.77,-1
2023-10-01,2023-10-01 11:58:00,228.82,228.82,228.79,228.79,-0.01,90.03,20291.77,-1
2023-10-01,2023-10-01 11:59:00,228.79,228.79,228.75,228.75,-0.02,90.03,20291.77,-1
2023-10-01,2023-10-01 12:00:00,228.75,228.75,228.71,228.71,-0.02,90.03,20291.77,-1
2023-10-01,2023-10-01 12:01:00,228.71,228.71,228.68,228.68,-0.01,90.03,20291.77,-1
2023-10-01,2023-10-01 12:02:00,228.68,228.68,228.64,228.64,-0.02,90.03,20291.77,-1
2023-10-01,2023-10-01 12:03:00,228.64,228.64,228.6,228.6,-0.02,90.03,20291.77,-1
2023-10-01,2023-10-01 12:04:00,228.6,228.6,228.56,228.56,-0.02,90.03,20291.77,-1
2023-10-01,2023-10-01 12:05:00,228.56,228.56,228.53,228.53,-0.01,90.03,20291.77,-1
2023-10-01,2023-10-01 12:06:00,228.53,228.53,228.49,228.49,-0.02,90.03,20291.77,-1
2023-10-01,2023-10-01 12:07:00,228.49,228.49,228.45,228.45,-0.02,90.03,20291.77,-1
2023-10-01,2023-10-01 12:08:00,228.45,228.45,228.41,228.41,-0.02,90.03,20291.77,-1
2023-10-01,2023-10-01 12:09:00,228.41,228.41,228.38,228.38,-0.01,90.03,20291.77,-1
2023-10-01,2023-10-01 12:10:00,228.38,228.38,228.34,228.34,-0.02,90.03,20291.77,-1
2023-10-01,2023-10-01 12:11:00,228.34,228.34,228.3,228.3,-0.02,90.03,20291.77,-1
2023-10-01,2023-10-01 12:12:00,228.3,228.3,228.26,228.26,-0.02,90.03,20291.77,-1
2023-10-01,2023-10-01 12:13:00,228.26,228.26,228.22,228.22,-0.02,90.03,20291.77,-1
2023-10-01,2023-10-01 12:14:00,228.22,228.22,228.19,228.19,-0.01,90.03,20291.77,-1
2023-10-01,2023-10-01 12:15:00,228.19,228.19,228.15,228.15,-0.02,90.03,20291.77,-1
2023-10-01,2023-10-01 12:16:00,228.15,228.15,228.11,228.11,-0.02,90.03,20291.77,-1
2023-10-01,2023-10-01 12:17:00,228.11,228.11,228.07,228.07,-0.02,90.03,20291.77,-1
2023-10-01,2023-10-01 12:18:00,228.07,228.07,228.04,228.04,-0.01,90.03,20291.77,-1
2023-10-01,2023-10-01 12:19:00,228.04,228.04,228.0,228.0,-0.02,90.03,20291.77,-1
2023-10-01,2023-10-01 12:20:00,228.0,228.0,227.96,227.96,-0.02,90.03,20291.77,-1
2023-10-01,2023-10-01 12:21:00,227.96,227.96,227.93,227.93,-0.01,90.03,20291.77,-1
2023-10-01,2023-10-01 12:22:00,227.93,227.93,227.89,227.89,-0.02,90.03,20291.77,-1
2023-10-01,2023-10-01 12:23:00,227.89,227.89,227.85,227.85,-0.02,90.03,20291.77,-1
2023-10-01,2023-10-01 12:24:00,227.85,227.85,227.81,227.81,-0.02,90.03,20291.77,-1
2023-10-01,2023-10-01 12:25:00,227.81,227.81,227.78,227.78,-0.01,90.03,20291.77,-1
2023-10-01,2023-10-01 12:26:00,227.78,227.78,227.74,227.74,-0.02,90.03,20291.77,-1
2023-10-01,2023-10-01 12:27:00,227.74,227.74,227.7,227.7,-0.02,90.03,20291.77,-1
2023-10-01,2023-10-01 12:28:00,227.7,227.7,227.66,227.66,-0.02,90.03,20291.77,-1
2023-10-01,2023-10-01 12:29:00,227.66,227.66,227.62,227.62,-0.02,90.03,20291.77,-1
2023-10-01,2023-10-01 12:30:00,227.62,227.62,227.59,227.59,-0.01,90.03,20291.77,-1
2023-10-01,2023-10-01 12:31:00,227.59,227.59,227.55,227.55,-0.02,90.03,20291.77,-1
2023-10-01,2023-10-01 12:32:00,227.55,227.55,227.51,227.51,-0.02,90.03,20291.77,-1
2023-10-01,2023-10-01 12:33:00,227.51,227.51,227.47,227.47,-0.02,90.03,20291.77,-1
2023-10-01,2023-10-01 12:34:00,227.47,227.47,227.44,227.44,-0.01,90.03,20291.77,-1
2023-10-01,2023-10-01 12:35:00,227.44,227.44,227.4,227.4,-0.02,90.03,20291.77,-1
2023-10-01,2023-10-01 12:36:00,227.4,227.4,227.36,227.36,-0.02,90.03,20291.77,-1
2023-10-01,2023-10-01 12:37:00,227.36,227.36,227.32,227.32,-0.02,90.03,20291.77,-1
2023-10-01,2023-10-01 12:38:00,227.32,227.32,227.29,227.29,-0.01,90.03,20291.77,-1
2023-10-01,2023-10-01 12:39:00,227.29,227.29,227.25,227.25,-0.02,90.03,20291.77,-1
2023-10-01,2023-10-01 12:40:00,227.25,227.25,227.21,227.21,-0.02,90.03,20291.77,-1
2023-10-01,2023-10-01 12:41:00,227.21,227.21,227.18,227.18,-0.01,90.03,20291.77,-1
2023-10-01,2023-10-01 12:42:00,227.18,227.18,227.14,227.14,-0.02,90.03,20291.77,-1
2023-10-01,2023-10-01 12:43:00,227.14,227.14,227.1,227.1,-0.02,90.03,20291.77,-1
2023-10-01,2023-10-01 12:44:00,227.1,227.1,227.06,227.06,-0.02,90.03,20291.77,-1
2023-10-01,2023-10-01 12:45:00,227.06,227.06,227.03,227.03,-0.01,90.03,20291.77,-1
2023-10-01,2023-10-01 12:46:00,227.03,227.03,226.99,226.99,-0.02,90.03,20291.77,-1
2023-10-01,2023-10-01 12:47:00,226.99,226.99,226.95,226.95,-0.02,90.03,20291.77,-1
2023-10-01,2023-10-01 12:48:00,226.95,226.95,226.91,226.91,-0.02,90.03,20291.77,-1
2023-10-01,2023-10-01 12:49:00,226.91,226.91,226.88,226.88,-0.01,90.03,20291.77,-1
2023-10-01,2023-10-01 12:50:00,226.88,226.88,226.84,226.84,-0.02,90.03,20291.77,-1
2023-10-01,2023-10-01 12:51:00,226.84,226.84,226.8,226.8,-0.02,90.03,20291.77,-1
2023-10-01,2023-10-01 12:52:00,226.8,226.8,226.76,226.76,-0.02,90.03,20291.77,-1
2023-10-01,2023-10-01 12:53:00,226.76,226.76,226.72,226.72,-0.02,90.03,20291.77,-1
2023-10-01,2023-10-01 12:54:00,226.72,226.72,226.69,226.69,-0.01,90.03,20291.77,-1
2023-10-01,2023-10-01 12:55:00,226.69,226.69,226.65,226.65,-0.02,90.03,20291.77,-1
2023-10-01,2023-10-01 12:56:00,226.65,226.65,226.61,226.61,-0.02,90.03,20291.77,-1
2023-10-01,2023-10-01 12:57:00,226.61,226.61,226.57,226.57,-0.02,90.03,20291.77,-1
2023-10-01,2023-10-01 12:58:00,226.57,226.57,226.54,226.54,-0.01,90.03,20291.77,-1
2023-10-01,2023-10-01 12:59:00,226.54,226.54,226.5,226.5,-0.02,90.03,20291.77,-1
2023-10-01,2023-10-01 13:00:00,226.5,235.0,218.7,226.46,-0.02,90.03,20291.77,-1
2023-10-01,2023-10-01 13:01:00,226.46,226.46,226.43,226.43,-0.01,90.03,20291.77,-1
2023-10-01,2023-10-01 13:02:00,226.43,226.43,226.39,226.39,-0.02,90.03,20291.77,-1
2023-10-01,2023-10-01 13:03:00,226.39,226.39,226.35,226.35,-0.02,90.03,20291.77,-1
2023-10-01,2023-10-01 13:04:00,226.35,226.35,226.31,226.31,-0.02,90.03,20291.77,-1
2023-10-01,2023-10-01 13:05:00,226.31,226.31,226.28,226.28,-0.01,90.03,20291.77,-1
2023-10-01,2023-10-01 13:06:00,226.28,226.28,226.24,226.24,-0.02,90.03,20291.77,-1
2023-10-01,2023-10-01 13:07:00,226.24,226.24,226.2,226.2,-0.02,90.03,20291.77,-1
2023-10-01,2023-10-01 13:08:00,226.2,226.2,226.16,226.16,-0.02,90.03,20291.77,-1
2023-10-01,2023-10-01 13:09:00,226.16,226.16,226.12,226.12,-0.02,90.03,20291.77,-1
2023-10-01,2023-10-01 13:10:00,226.12,226.12,226.09,226.09,-0.01,90.03,20291.77,-1
2023-10-01,2023-10-01 13:11:00,226.09,226.09,226.05,226.05,-0.02,90.03,20291.77,-1
2023-10-01,2023-10-01 13:12:00,226.05,226.05,226.01,226.01,-0.02,90.03,20291.77,-1
2023-10-01,2023-10-01 13:13:00,226.01,226.01,225.97,225.97,-0.02,90.03,20291.77,-1
2023-10-01,2023-10-01 13:14:00,225.97,225.97,225.94,225.94,-0.01,90.03,20291.77,-1
2023-10-01,2023-10-01 13:15:00,225.94,225.94,225.9,225.9,-0.02,90.03,20291.77,-1
2023-10-01,2023-10-01 13:16:00,225.9,225.9,225.86,225.86,-0.02,90.03,20291.77,-1
2023-10-01,2023-10-01 13:17:00,225.86,225.86,225.82,225.82,-0.02,90.03,20291.77,-1
2023-10-01,2023-10-01 13:18:00,225.82,225.82,225.79,225.79,-0.01,90.03,20291.77,-1
2023-10-01,2023-10-01 13:19:00,225.79,225.79,225.75,225.75,-0.02,90.03,20291.77,-1
2023-10-01,2023-10-01 13:20:00,225.75,225.75,225.71,225.71,-0.02,90.03,20291.77,-1
2023-10-01,2023-10-01 13:21:00,225.71,225.71,225.68,225.68,-0.01,90.03,20291.77,-1
2023-10-01,2023-10-01 13:22:00,225.68,225.68,225.64,225.64,-0.02,90.03,20291.77,-1
2023-10-01,2023-10-01 13:23:00,225.64,225.64,225.6,225.6,-0.02,90.03,20291.77,-1
2023-10-01,2023-10-01 13:24:00,225.6,225.6,225.56,225.56,-0.02,90.03,20291.77,-1
2023-10-01,2023-10-01 13:25:00,225.56,225.56,225.53,225.53,-0.01,90.03,20291.77,-1
2023-10-01,2023-10-01 13:26:00,225.53,225.53,225.49,225.49,-0.02,90.03,20291.77,-1
2023-10-01,2023-10-01 13:27:00,225.49,225.49,225.45,225.45,-0.02,90.03,20291.77,-1
2023-10-01,2023-10-01 13:28:00,225.45,225.45,225.41,225.41,-0.02,90.03,20291.77,-1
2023-10-01,2023-10-01 13:29:00,225.41,225.41,225.38,225.38,-0.01,90.03,20291.77,-1
2023-10-01,2023-10-01 13:30:00,225.38,225.38,225.34,225.34,-0.02,90.03,20291.77,-1
2023-10-01,2023-10-01 13:31:00,225.34,225.34,225.3,225.3,-0.02,90.03,20291.77,-1
2023-10-01,2023-10-01 13:32:00,225.3,225.3,225.26,225.26,-0.02,90.03,20291.77,-1
2023-10-01,2023-10-01 13:33:00,225.26,225.26,225.22,225.22,-0.02,90.03,20291.77,-1
2023-10-01,2023-10-01 13:34:00,225.22,225.22,225.19,225.19,-0.01,90.03,20291.77,-1
2023-10-01,2023-10-01 13:35:00,225.19,225.19,225.15,225.15,-0.02,90.03,20291.77,-1
2023-10-01,2023-10-01 13:36:00,225.15,225.15,225.11,225.11,-0.02,90.03,20291.77,-1
2023-10-01,2023-10-01 13:37:00,225.11,225.11,225.07,225.07,-0.02,90.03,20291.77,-1
2023-10-01,2023-10-01 13:38:00,225.07,225.07,225.04,225.04,-0.01,90.03,20291.77,-1
2023-10-01,2023-10-01 13:39:00,225.04,225.04,225.0,225.0,-0.02,90.03,20291.77,-1
2023-10-01,2023-10-01 13:40:00,225.0,225.0,224.96,224.96,-0.02,90.03,20291.77,-1
2023-10-01,2023-10-01 13:41:00,224.96,224.96,224.93,224.93,-0.01,90.03,20291.77,-1
2023-10-01,2023-10-01 13:42:00,224.93,224.93,224.89,224.89,-0.02,90.03,20291.77,-1
2023-10-01,2023-10-01 13:43:00,224.89,224.89,224.85,224.85,-0.02,90.03,20291.77,-1
2023-10-01,2023-10-01 13:44:00,224.85,224.85,224.81,224.81,-0.02,90.03,20291.77,-1
2023-10-01,2023-10-01 13:45:00,224.81,224.81,224.78,224.78,-0.01,90.03,20291.77,-1
2023-10-01,2023-10-01 13:46:00,224.78,224.78,224.74,224.74,-0.02,90.03,20291.77,-1
2023-10-01,2023-10-01 13:47:00,224.74,224.74,224.7,224.7,-0.02,90.03,20291.77,-1
2023-10-01,2023-10-01 13:48:00,224.7,224.7,224.66,224.66,-0.02,90.03,20291.77,-1
2023-10-01,2023-10-01 13:49:00,224.66,224.66,224.62,224.62,-0.02,90.03,20291.77,-1
2023-10-01,2023-10-01 13:50:00,224.62,224.62,224.59,224.59,-0.01,90.03,20291.77,-1
2023-10-01,2023-10-01 13:51:00,224.59,224.59,224.55,224.55,-0.02,90.03,20291.77,-1
2023-10-01,2023-10-01 13:52:00,224.55,224.55,224.51,224.51,-0.02,90.03,20291.77,-1
2023-10-01,2023-10-01 13:53:00,224.51,224.51,224.47,224.47,-0.02,90.03,20291.77,-1
2023-10-01,2023-10-01 13:54:00,224.47,224.47,224.44,224.44,-0.01,90.03,20291.77,-1
2023-10-01,2023-10-01 13:55:00,224.44,224.44,224.4,224.4,-0.02,90.03,20291.77,-1
2023-10-01,2023-10-01 13:56:00,224.4,224.4,224.36,224.36,-0.02,90.03,20291.77,-1
2023-10-01,2023-10-01 13:57:00,224.36,224.36,224.32,224.32,-0.02,90.03,20291.77,-1
2023-10-01,2023-10-01 13:58:00,224.32,224.32,224.29,224.29,-0.01,90.03,20291.77,-1
2023-10-01,2023-10-01 13:59:00,224.29,224.29,224.25,224.25,-0.02,90.03,20291.77,-1
2023-10-01,2023-10-01 14:00:00,224.25,224.25,224.21,224.21,-0.02,90.03,20291.77,-1
2023-10-01,2023-10-01 14:01:00,224.21,224.21,224.18,224.18,-0.01,90.03,20291.77,-1
2023-10-01,2023-10-01 14:02:00,224.18,224.18,224.14,224.14,-0.02,90.03,20291.77,-1
2023-10-01,2023-10-01 14:03:00,224.14,224.14,224.1,224.1,-0.02,90.03,20291.77,-1
2023-10-01,2023-10-01 14:04:00,224.1,224.1,224.06,224.06,-0.02,90.03,20291.77,-1
2023-10-01,2023-10-01 14:05:00,224.06,224.06,224.03,224.03,-0.01,90.03,20291.77,-1
2023-10-01,2023-10-01 14:06:00,224.03,224.03,223.99,223.99,-0.02,90.03,20291.77,-1
2023-10-01,2023-10-01 14:07:00,223.99,223.99,223.95,223.95,-0.02,90.03,20291.77,-1
2023-10-01,2023-10-01 14:08:00,223.95,223.95,223.91,223.91,-0.02,90.03,20291.77,-1
2023-10-01,2023-10-01 14:09:00,223.91,223.91,223.88,223.88,-0.01,90.03,20291.77,-1
2023-10-01,2023-10-01 14:10:00,223.88,223.88,223.84,223.84,-0.02,90.03,20291.77,-1
2023-10-01,2023-10-01 14:11:00,223.84,223.84,223.8,223.8,-0.02,90.03,20291.77,-1
2023-10-01,2023-10-01 14:12:00,223.8,223.8,223.76,223.76,-0.02,90.03,20291.77,-1
2023-10-01,2023-10-01 14:13:00,223.76,223.76,223.72,223.72,-0.02,90.03,20291.77,-1
2023-10-01,2023-10-01 14:14:00,223.72,223.72,223.69,223.69,-0.01,90.03,20291.77,-1
2023-10-01,2023-10-01 14:15:00,223.69,223.69,223.65,223.65,-0.02,90.03,20291.77,-1
2023-10-01,2023-10-01 14:16:00,223.65,223.65,223.61,223.61,-0.02,90.03,20291.77,-1
2023-10-01,2023-10-01 14:17:00,223.61,223.61,223.57,223.57,-0.02,90.03,20291.77,-1
2023-10-01,2023-10-01 14:18:00,223.57,223.57,223.54,223.54,-0.01,90.03,20291.77,-1
2023-10-01,2023-10-01 14:19:00,223.54,223.54,223.5,223.5,-0.02,90.03,20291.77,-1
2023-10-01,2023-10-01 14:20:00,223.5,223.5,223.46,223.46,-0.02,90.03,20291.77,-1
2023-10-01,2023-10-01 14:21:00,223.46,223.46,223.43,223.43,-0.01,90.03,20291.77,-1
2023-10-01,2023-10-01 14:22:00,223.43,223.43,223.39,223.39,-0.02,90.03,20291.77,-1
2023-10-01,2023-10-01 14:23:00,223.39,223.39,223.35,223.35,-0.02,90.03,20291.77,-1
2023-10-01,2023-10-01 14:24:00,223.35,223.35,223.31,223.31,-0.02,90.03,20291.77,-1
2023-10-01,2023-10-01 14:25:00,223.31,223.31,223.28,223.28,-0.01,90.03,20291.77,-1
2023-10-01,2023-10-01 14:26:00,223.28,223.28,223.24,223.24,-0.02,90.03,20291.77,-1
2023-10-01,2023-10-01 14:27:00,223.24,223.24,223.2,223.2,-0.02,90.03,20291.77,-1
2023-10-01,2023-10-01 14:28:00,223.2,223.2,223.16,223.16,-0.02,90.03,20291.77,-1
2023-10-01,2023-10-01 14:29:00,223.16,223.16,223.12,223.12,-0.02,90.03,20291.77,-1
2023-10-01,2023-10-01 14:30:00,223.12,223.12,223.09,223.09,-0.01,90.03,20291.77,-1
2023-10-01,2023-10-01 14:31:00,223.09,223.09,223.05,223.05,-0.02,90.03,20291.77,-1
2023-10-01,2023-10-01 14:32:00,223.05,223.05,223.01,223.01,-0.02,90.03,20291.77,-1
2023-10-01,2023-10-01 14:33:00,223.01,223.01,222.97,222.97,-0.02,90.03,20291.77,-1
2023-10-01,2023-10-01 14:34:00,222.97,222.97,222.94,222.94,-0.01,90.03,20291.77,-1
2023-10-01,2023-10-01 14:35:00,222.94,222.94,222.9,222.9,-0.02,90.03,20291.77,-1
2023-10-01,2023-10-01 14:36:00,222.9,222.9,222.86,222.86,-0.02,90.03,20291.77,-1
2023-10-01,2023-10-01 14:37:00,222.86,222.86,222.82,222.82,-0.02,90.03,20291.77,-1
2023-10-01,2023-10-01 14:38:00,222.82,222.82,222.79,222.79,-0.01,90.03,20291.77,-1
2023-10-01,2023-10-01 14:39:00,222.79,222.79,222.75,222.75,-0.02,90.03,20291.77,-1
2023-10-01,2023-10-01 14:40:00,222.75,222.75,222.71,222.71,-0.02,90.03,20291.77,-1
2023-10-01,2023-10-01 14:41:00,222.71,222.71,222.68,222.68,-0.01,90.03,20291.77,-1
2023-10-01,2023-10-01 14:42:00,222.68,222.68,222.64,222.64,-0.02,90.03,20291.77,-1
2023-10-01,2023-10-01 14:43:00,222.64,222.64,222.6,222.6,-0.02,90.03,20291.77,-1
2023-10-01,2023-10-01 14:44:00,222.6,222.6,222.56,222.56,-0.02,90.03,20291.77,-1
2023-10-01,2023-10-01 14:45:00,222.56,222.56,222.53,222.53,-0.01,90.03,20291.77,-1
2023-10-01,2023-10-01 14:46:00,222.53,222.53,222.49,222.49,-0.02,90.03,20291.77,-1
2023-10-01,2023-10-01 14:47:00,222.49,222.49,222.45,222.45,-0.02,90.03,20291.77,-1
2023-10-01,2023-10-01 14:48:00,222.45,222.45,222.41,222.41,-0.02,90.03,20291.77,-1
2023-10-01,2023-10-01 14:49:00,222.41,222.41,222.38,222.38,-0.01,90.03,20291.77,-1
2023-10-01,2023-10-01 14:50:00,222.38,222.38,222.34,222.34,-0.02,90.03,20291.77,-1
2023-10-01,2023-10-01 14:51:00,222.34,222.34,222.3,222.3,-0.02,90.03,20291.77,-1
2023-10-01,2023-10-01 14:52:00,222.3,222.3,222.26,222.26,-0.02,90.03,20291.77,-1
2023-10-01,2023-10-01 14:53:00,222.26,222.26,222.22,222.22,-0.02,90.03,20291.77,-1
2023-10-01,2023-10-01 14:54:00,222.22,222.22,222.19,222.19,-0.01,90.03,20291.77,-1
2023-10-01,2023-10-01 14:55:00,222.19,222.19,222.15,222.15,-0.02,90.03,20291.77,-1
2023-10-01,2023-10-01 14:56:00,222.15,222.15,222.11,222.11,-0.02,90.03,20291.77,-1
2023-10-01,2023-10-01 14:57:00,222.11,222.11,222.07,222.07,-0.02,90.03,20291.77,-1
2023-10-01,2023-10-01 14:58:00,222.07,222.07,222.04,222.04,-0.01,90.03,20291.77,-1
2023-10-01,2023-10-01 14:59:00,222.04,222.04,222.0,222.0,-0.02,90.03,20291.77,-1
2023-10-01,2023-10-01 15:00:00,222.0,235.0,218.7,222.0,0.0,90.03,20291.77,0
2023-10-02,2023-10-02 11:00:00,217.6,221.77,217.12,217.63,0.01,58.62,13013.62,1
2023-10-02,2023-10-02 11:01:00,217.63,217.66,217.63,217.66,0.01,58.62,13013.62,1
2023-10-02,2023-10-02 11:02:00,217.66,217.69,217.66,217.69,0.01,58.62,13013.62,1
2023-10-02,2023-10-02 11:03:00,217.69,217.72,217.69,217.72,0.01,58.62,13013.62,1
2023-10-02,2023-10-02 11:04:00,217.72,217.75,217.72,217.75,0.01,58.62,13013.62,1
2023-10-02,2023-10-02 11:05:00,217.75,217.78,217.75,217.78,0.01,58.62,13013.62,1
2023-10-02,2023-10-02 11:06:00,217.78,217.81,217.78,217.81,0.01,58.62,13013.62,1
2023-10-02,2023-10-02 11:07:00,217.81,217.84,217.81,217.84,0.01,58.62,13013.62,1
2023-10-02,2023-10-02 11:08:00,217.84,217.87,217.84,217.87,0.01,58.62,13013.62,1
2023-10-02,2023-10-02 11:09:00,217.87,217.9,217.87,217.9,0.01,58.62,13013.62,1
2023-10-02,2023-10-02 11:10:00,217.9,217.93,217.9,217.93,0.01,58.62,13013.62,1
2023-10-02,2023-10-02 11:11:00,217.93,217.97,217.93,217.97,0.02,58.62,13013.62,1
2023-10-02,2023-10-02 11:12:00,217.97,218.0,217.97,218.0,0.01,58.62,13013.62,1
2023-10-02,2023-10-02 11:13:00,218.0,218.03,218.0,218.03,0.01,58.62,13013.62,1
2023-10-02,2023-10-02 11:14:00,218.03,218.06,218.03,218.06,0.01,58.62,13013.62,1
2023-10-02,2023-10-02 11:15:00,218.06,218.09,218.06,218.09,0.01,58.62,13013.62,1
2023-10-02,2023-10-02 11:16:00,218.09,218.12,218.09,218.12,0.01,58.62,13013.62,1
2023-10-02,2023-10-02 11:17:00,218.12,218.15,218.12,218.15,0.01,58.62,13013.62,1
2023-10-02,2023-10-02 11:18:00,218.15,218.18,218.15,218.18,0.01,58.62,13013.62,1
2023-10-02,2023-10-02 11:19:00,218.18,218.21,218.18,218.21,0.01,58.62,13013.62,1
2023-10-02,2023-10-02 11:20:00,218.21,218.24,218.21,218.24,0.01,58.62,13013.62,1
2023-10-02,2023-10-02 11:21:00,218.24,218.27,218.24,218.27,0.01,58.62,13013.62,1
2023-10-02,2023-10-02 11:22:00,218.27,218.3,218.27,218.3,0.01,58.62,13013.62,1
2023-10-02,2023-10-02 11:23:00,218.3,218.33,218.3,218.33,0.01,58.62,13013.62,1
2023-10-02,2023-10-02 11:24:00,218.33,218.36,218.33,218.36,0.01,58.62,13013.62,1
2023-10-02,2023-10-02 11:25:00,218.36,218.39,218.36,218.39,0.01,58.62,13013.62,1
2023-10-02,2023-10-02 11:26:00,218.39,218.42,218.39,218.42,0.01,58.62,13013.62,1
2023-10-02,2023-10-02 11:27:00,218.42,218.45,218.42,218.45,0.01,58.62,13013.62,1
2023-10-02,2023-10-02 11:28:00,218.45,218.48,218.45,218.48,0.01,58.62,13013.62,1
2023-10-02,2023-10-02 11:29:00,218.48,218.51,218.48,218.51,0.01,58.62,13013.62,1
2023-10-02,2023-10-02 11:30:00,218.51,218.54,218.51,218.54,0.01,58.62,13013.62,1
2023-10-02,2023-10-02 11:31:00,218.54,218.57,218.54,218.57,0.01,58.62,13013.62,1
2023-10-02,2023-10-02 11:32:00,218.57,218.6,218.57,218.6,0.01,58.62,13013.62,1
2023-10-02,2023-10-02 11:33:00,218.6,218.63,218.6,218.63,0.01,58.62,13013.62,1
2023-10-02,2023-10-02 11:34:00,218.63,218.66,218.63,218.66,0.01,58.62,13013.62,1
2023-10-02,2023-10-02 11:35:00,218.66,218.69,218.66,218.69,0.01,58.62,13013.62,1
2023-10-02,2023-10-02 11:36:00,218.69,218.73,218.69,218.73,0.02,58.62,13013.62,1
2023-10-02,2023-10-02 11:37:00,218.73,218.76,218.73,218.76,0.01,58.62,13013.62,1
2023-10-02,2023-10-02 11:38:00,218.76,218.79,218.76,218.79,0.01,58.62,13013.62,1
2023-10-02,2023-10-02 11:39:00,218.79,218.82,218.79,218.82,0.01,58.62,13013.62,1
2023-10-02,2023-10-02 11:40:00,218.82,218.85,218.82,218.85,0.01,58.62,13013.62,1
2023-10-02,2023-10-02 11:41:00,218.85,218.88,218.85,218.88,0.01,58.62,13013.62,1
2023-10-02,2023-10-02 11:42:00,218.88,218.91,218.88,218.91,0.01,58.62,13013.62,1
2023-10-02,2023-10-02 11:43:00,218.91,218.94,218.91,218.94,0.01,58.62,13013.62,1
2023-10-02,2023-10-02 11:44:00,218.94,218.97,218.94,218.97,0.01,58.62,13013.62,1
2023-10-02,2023-10-02 11:45:00,218.97,219.0,218.97,219.0,0.01,58.62,13013.62,1
2023-10-02,2023-10-02 11:46:00,219.0,219.03,219.0,219.03,0.01,58.62,13013.62,1
2023-10-02,2023-10-02 11:47:00,219.03,219.06,219.03,219.06,0.01,58.62,13013.62,1
2023-10-02,2023-10-02 11:48:00,219.06,219.09,219.06,219.09,0.01,58.62,13013.62,1
2023-10-02,2023-10-02 11:49:00,219.09,219.12,219.09,219.12,0.01,58.62,13013.62,1
2023-10-02,2023-10-02 11:50:00,219.12,219.15,219.12,219.15,0.01,58.62,13013.62,1
2023-10-02,2023-10-02 11:51:00,219.15,219.18,219.15,219.18,0.01,58.62,13013.62,1
2023-10-02,2023-10-02 11:52:00,219.18,219.21,219.18,219.21,0.01,58.62,13013.62,1
2023-10-02,2023-10-02 11:53:00,219.21,219.24,219.21,219.24,0.01,58.62,13013.62,1
2023-10-02,2023-10-02 11:54:00,219.24,219.27,219.24,219.27,0.01,58.62,13013.62,1
2023-10-02,2023-10-02 11:55:00,219.27,219.3,219.27,219.3,0.01,58.62,13013.62,1
2023-10-02,2023-10-02 11:56:00,219.3,219.33,219.3,219.33,0.01,58.62,13013.62,1
2023-10-02,2023-10-02 11:57:00,219.33,219.36,219.33,219.36,0.01,58.62,13013.62,1
2023-10-02,2023-10-02 11:58:00,219.36,219.39,219.36,219.39,0.01,58.62,13013.62,1
2023-10-02,2023-10-02 11:59:00,219.39,219.43,219.39,219.43,0.02,58.62,13013.62,1
2023-10-02,2023-10-02 12:00:00,219.43,219.46,219.43,219.46,0.01,58.62,13013.62,1
2023-10-02,2023-10-02 12:01:00,219.46,219.49,219.46,219.49,0.01,58.62,13013.62,1
2023-10-02,2023-10-02 12:02:00,219.49,219.52,219.49,219.52,0.01,58.62,13013.62,1
2023-10-02,2023-10-02 12:03:00,219.52,219.55,219.52,219.55,0.01,58.62,13013.62,1
2023-10-02,2023-10-02 12:04:00,219.55,219.58,219.55,219.58,0.01,58.62,13013.62,1
2023-10-02,2023-10-02 12:05:00,219.58,219.61,219.58,219.61,0.01,58.62,13013.62,1
2023-10-02,2023-10-02 12:06:00,219.61,219.64,219.61,219.64,0.01,58.62,13013.62,1
2023-10-02,2023-10-02 12:07:00,219.64,219.67,219.64,219.67,0.01,58.62,13013.62,1
2023-10-02,2023-10-02 12:08:00,219.67,219.7,219.67,219.7,0.01,58.62,13013.62,1
2023-10-02,2023-10-02 12:09:00,219.7,219.73,219.7,219.73,0.01,58.62,13013.62,1
2023-10-02,2023-10-02 12:10:00,219.73,219.76,219.73,219.76,0.01,58.62,13013.62,1
2023-10-02,2023-10-02 12:11:00,219.76,219.79,219.76,219.79,0.01,58.62,13013.62,1
2023-10-02,2023-10-02 12:12:00,219.79,219.82,219.79,219.82,0.01,58.62,13013.62,1
2023-10-02,2023-10-02 12:13:00,219.82,219.85,219.82,219.85,0.01,58.62,13013.62,1
2023-10-02,2023-10-02 12:14:00,219.85,219.88,219.85,219.88,0.01,58.62,13013.62,1
2023-10-02,2023-10-02 12:15:00,219.88,219.91,219.88,219.91,0.01,58.62,13013.62,1
2023-10-02,2023-10-02 12:16:00,219.91,219.94,219.91,219.94,0.01,58.62,13013.62,1
2023-10-02,2023-10-02 12:17:00,219.94,219.97,219.94,219.97,0.01,58.62,13013.62,1
2023-10-02,2023-10-02 12:18:00,219.97,220.0,219.97,220.0,0.01,58.62,13013.62,1
2023-10-02,2023-10-02 12:19:00,220.0,220.03,220.0,220.03,0.01,58.62,13013.62,1
2023-10-02,2023-10-02 12:20:00,220.03,220.06,220.03,220.06,0.01,58.62,13013.62,1
2023-10-02,2023-10-02 12:21:00,220.06,220.09,220.06,220.09,0.01,58.62,13013.62,1
2023-10-02,2023-10-02 12:22:00,220.09,220.12,220.09,220.12,0.01,58.62,13013.62,1
2023-10-02,2023-10-02 12:23:00,220.12,220.16,220.12,220.16,0.02,58.62,13013.62,1
2023-10-02,2023-10-02 12:24:00,220.16,220.19,220.16,220.19,0.01,58.62,13013.62,1
2023-10-02,2023-10-02 12:25:00,220.19,220.22,220.19,220.22,0.01,58.62,13013.62,1
2023-10-02,2023-10-02 12:26:00,220.22,220.25,220.22,220.25,0.01,58.62,13013.62,1
2023-10-02,2023-10-02 12:27:00,220.25,220.28,220.25,220.28,0.01,58.62,13013.62,1
2023-10-02,2023-10-02 12:28:00,220.28,220.31,220.28,220.31,0.01,58.62,13013.62,1
2023-10-02,2023-10-02 12:29:00,220.31,220.34,220.31,220.34,0.01,58.62,13013.62,1
2023-10-02,2023-10-02 12:30:00,220.34,220.37,220.34,220.37,0.01,58.62,13013.62,1
2023-10-02,2023-10-02 12:31:00,220.37,220.4,220.37,220.4,0.01,58.62,13013.62,1
2023-10-02,2023-10-02 12:32:00,220.4,220.43,220.4,220.43,0.01,58.62,13013.62,1
2023-10-02,2023-10-02 12:33:00,220.43,220.46,220.43,220.46,0.01,58.62,13013.62,1
2023-10-02,2023-10-02 12:34:00,220.46,220.49,220.46,220.49,0.01,58.62,13013.62,1
2023-10-02,2023-10-02 12:35:00,220.49,220.52,220.49,220.52,0.01,58.62,13013.62,1
2023-10-02,2023-10-02 12:36:00,220.52,220.55,220.52,220.55,0.01,58.62,13013.62,1
2023-10-02,2023-10-02 12:37:00,220.55,220.58,220.55,220.58,0.01,58.62,13013.62,1
2023-10-02,2023-10-02 12:38:00,220.58,220.61,220.58,220.61,0.01,58.62,13013.62,1
2023-10-02,2023-10-02 12:39:00,220.61,220.64,220.61,220.64,0.01,58.62,13013.62,1
2023-10-02,2023-10-02 12:40:00,220.64,220.67,220.64,220.67,0.01,58.62,13013.62,1
2023-10-02,2023-10-02 12:41:00,220.67,220.7,220.67,220.7,0.01,58.62,13013.62,1
2023-10-02,2023-10-02 12:42:00,220.7,220.73,220.7,220.73,0.01,58.62,13013.62,1
2023-10-02,2023-10-02 12:43:00,220.73,220.76,220.73,220.76,0.01,58.62,13013.62,1
2023-10-02,2023-10-02 12:44:00,220.76,220.79,220.76,220.79,0.01,58.62,13013.62,1
2023-10-02,2023-10-02 12:45:00,220.79,220.82,220.79,220.82,0.01,58.62,13013.62,1
2023-10-02,2023-10-02 12:46:00,220.82,220.85,220.82,220.85,0.01,58.62,13013.62,1
2023-10-02,2023-10-02 12:47:00,220.85,220.88,220.85,220.88,0.01,58.62,13013.62,1
2023-10-02,2023-10-02 12:48:00,220.88,220.92,220.88,220.92,0.02,58.62,13013.62,1
2023-10-02,2023-10-02 12:49:00,220.92,220.95,220.92,220.95,0.01,58.62,13013.62,1
2023-10-02,2023-10-02 12:50:00,220.95,220.98,220.95,220.98,0.01,58.62,13013.62,1
2023-10-02,2023-10-02 12:51:00,220.98,221.01,220.98,221.01,0.01,58.62,13013.62,1
2023-10-02,2023-10-02 12:52:00,221.01,221.04,221.01,221.04,0.01,58.62,13013.62,1
2023-10-02,2023-10-02 12:53:00,221.04,221.07,221.04,221.07,0.01,58.62,13013.62,1
2023-10-02,2023-10-02 12:54:00,221.07,221.1,221.07,221.1,0.01,58.62,13013.62,1
2023-10-02,2023-10-02 12:55:00,221.1,221.13,221.1,221.13,0.01,58.62,13013.62,1
2023-10-02,2023-10-02 12:56:00,221.13,221.16,221.13,221.16,0.01,58.62,13013.62,1
2023-10-02,2023-10-02 12:57:00,221.16,221.19,221.16,221.19,0.01,58.62,13013.62,1
2023-10-02,2023-10-02 12:58:00,221.19,221.22,221.19,221.22,0.01,58.62,13013.62,1
2023-10-02,2023-10-02 12:59:00,221.22,221.25,221.22,221.25,0.01,58.62,13013.62,1
2023-10-02,2023-10-02 13:00:00,221.25,231.5,216.0,221.28,0.01,58.62,13013.62,1
2023-10-02,2023-10-02 13:01:00,221.28,221.31,221.28,221.31,0.01,58.62,13013.62,1
2023-10-02,2023-10-02 13:02:00,221.31,221.34,221.31,221.34,0.01,58.62,13013.62,1
2023-10-02,2023-10-02 13:03:00,221.34,221.37,221.34,221.37,0.01,58.62,13013.62,1
2023-10-02,2023-10-02 13:04:00,221.37,221.4,221.37,221.4,0.01,58.62,13013.62,1
2023-10-02,2023-10-02 13:05:00,221.4,221.43,221.4,221.43,0.01,58.62,13013.62,1
2023-10-02,2023-10-02 13:06:00,221.43,221.46,221.43,221.46,0.01,58.62,13013.62,1
2023-10-02,2023-10-02 13:07:00,221.46,221.49,221.46,221.49,0.01,58.62,13013.62,1
2023-10-02,2023-10-02 13:08:00,221.49,221.52,221.49,221.52,0.01,58.62,13013.62,1
2023-10-02,2023-10-02 13:09:00,221.52,221.55,221.52,221.55,0.01,58.62,13013.62,1
2023-10-02,2023-10-02 13:10:00,221.55,221.58,221.55,221.58,0.01,58.62,13013.62,1
2023-10-02,2023-10-02 13:11:00,221.58,221.62,221.58,221.62,0.02,58.62,13013.62,1
2023-10-02,2023-10-02 13:12:00,221.62,221.65,221.62,221.65,0.01,58.62,13013.62,1
2023-10-02,2023-10-02 13:13:00,221.65,221.68,221.65,221.68,0.01,58.62,13013.62,1
2023-10-02,2023-10-02 13:14:00,221.68,221.71,221.68,221.71,0.01,58.62,13013.62,1
2023-10-02,2023-10-02 13:15:00,221.71,221.74,221.71,221.74,0.01,58.62,13013.62,1
2023-10-02,2023-10-02 13:16:00,221.74,221.77,221.74,221.77,0.01,58.62,13013.62,1
2023-10-02,2023-10-02 13:17:00,221.77,221.8,221.77,221.8,0.01,58.62,13013.62,1
2023-10-02,2023-10-02 13:18:00,221.8,221.83,221.8,221.83,0.01,58.62,13013.62,1
2023-10-02,2023-10-02 13:19:00,221.83,221.86,221.83,221.86,0.01,58.62,13013.62,1
2023-10-02,2023-10-02 13:20:00,221.86,221.89,221.86,221.89,0.01,58.62,13013.62,1
2023-10-02,2023-10-02 13:21:00,221.89,221.92,221.89,221.92,0.01,58.62,13013.62,1
2023-10-02,2023-10-02 13:22:00,221.92,221.95,221.92,221.95,0.01,58.62,13013.62,1
2023-10-02,2023-10-02 13:23:00,221.95,221.98,221.95,221.98,0.01,58.62,13013.62,1
2023-10-02,2023-10-02 13:24:00,221.98,222.01,221.98,222.01,0.01,58.62,13013.62,1
2023-10-02,2023-10-02 13:25:00,222.01,222.04,222.01,222.04,0.01,58.62,13013.62,1
2023-10-02,2023-10-02 13:26:00,222.04,222.07,222.04,222.07,0.01,58.62,13013.62,1
2023-10-02,2023-10-02 13:27:00,222.07,222.1,222.07,222.1,0.01,58.62,13013.62,1
2023-10-02,2023-10-02 13:28:00,222.1,222.13,222.1,222.13,0.01,58.62,13013.62,1
2023-10-02,2023-10-02 13:29:00,222.13,222.16,222.13,222.16,0.01,58.62,13013.62,1
2023-10-02,2023-10-02 13:30:00,222.16,222.19,222.16,222.19,0.01,58.62,13013.62,1
2023-10-02,2023-10-02 13:31:00,222.19,222.22,222.19,222.22,0.01,58.62,13013.62,1
2023-10-02,2023-10-02 13:32:00,222.22,222.25,222.22,222.25,0.01,58.62,13013.62,1
2023-10-02,2023-10-02 13:33:00,222.25,222.28,222.25,222.28,0.01,58.62,13013.62,1
2023-10-02,2023-10-02 13:34:00,222.28,222.31,222.28,222.31,0.01,58.62,13013.62,1
2023-10-02,2023-10-02 13:35:00,222.31,222.34,222.31,222.34,0.01,58.62,13013.62,1
2023-10-02,2023-10-02 13:36:00,222.34,222.38,222.34,222.38,0.02,58.62,13013.62,1
2023-10-02,2023-10-02 13:37:00,222.38,222.41,222.38,222.41,0.01,58.62,13013.62,1
2023-10-02,2023-10-02 13:38:00,222.41,222.44,222.41,222.44,0.01,58.62,13013.62,1
2023-10-02,2023-10-02 13:39:00,222.44,222.47,222.44,222.47,0.01,58.62,13013.62,1
2023-10-02,2023-10-02 13:40:00,222.47,222.5,222.47,222.5,0.01,58.62,13013.62,1
2023-10-02,2023-10-02 13:41:00,222.5,222.53,222.5,222.53,0.01,58.62,13013.62,1
2023-10-02,2023-10-02 13:42:00,222.53,222.56,222.53,222.56,0.01,58.62,13013.62,1
2023-10-02,2023-10-02 13:43:00,222.56,222.59,222.56,222.59,0.01,58.62,13013.62,1
2023-10-02,2023-10-02 13:44:00,222.59,222.62,222.59,222.62,0.01,58.62,13013.62,1
2023-10-02,2023-10-02 13:45:00,222.62,222.65,222.62,222.65,0.01,58.62,13013.62,1
2023-10-02,2023-10-02 13:46:00,222.65,222.68,222.65,222.68,0.01,58.62,13013.62,1
2023-10-02,2023-10-02 13:47:00,222.68,222.71,222.68,222.71,0.01,58.62,13013.62,1
2023-10-02,2023-10-02 13:48:00,222.71,222.74,222.71,222.74,0.01,58.62,13013.62,1
2023-10-02,2023-10-02 13:49:00,222.74,222.77,222.74,222.77,0.01,58.62,13013.62,1
2023-10-02,2023-10-02 13:50:00,222.77,222.8,222.77,222.8,0.01,58.62,13013.62,1
2023-10-02,2023-10-02 13:51:00,222.8,222.83,222.8,222.83,0.01,58.62,13013.62,1
2023-10-02,2023-10-02 13:52:00,222.83,222.86,222.83,222.86,0.01,58.62,13013.62,1
2023-10-02,2023-10-02 13:53:00,222.86,222.89,222.86,222.89,0.01,58.62,13013.62,1
2023-10-02,2023-10-02 13:54:00,222.89,222.92,222.89,222.92,0.01,58.62,13013.62,1
2023-10-02,2023-10-02 13:55:00,222.92,222.95,222.92,222.95,0.01,58.62,13013.62,1
2023-10-02,2023-10-02 13:56:00,222.95,222.98,222.95,222.98,0.01,58.62,13013.62,1
2023-10-02,2023-10-02 13:57:00,222.98,223.01,222.98,223.01,0.01,58.62,13013.62,1
2023-10-02,2023-10-02 13:58:00,223.01,223.04,223.01,223.04,0.01,58.62,13013.62,1
2023-10-02,2023-10-02 13:59:00,223.04,223.07,223.04,223.07,0.01,58.62,13013.62,1
2023-10-02,2023-10-02 14:00:00,223.07,223.11,223.07,223.11,0.02,58.62,13013.62,1
2023-10-02,2023-10-02 14:01:00,223.11,223.14,223.11,223.14,0.01,58.62,13013.62,1
2023-10-02,2023-10-02 14:02:00,223.14,223.17,223.14,223.17,0.01,58.62,13013.62,1
2023-10-02,2023-10-02 14:03:00,223.17,223.2,223.17,223.2,0.01,58.62,13013.62,1
2023-10-02,2023-10-02 14:04:00,223.2,223.23,223.2,223.23,0.01,58.62,13013.62,1
2023-10-02,2023-10-02 14:05:00,223.23,223.26,223.23,223.26,0.01,58.62,13013.62,1
2023-10-02,2023-10-02 14:06:00,223.26,223.29,223.26,223.29,0.01,58.62,13013.62,1
2023-10-02,2023-10-02 14:07:00,223.29,223.32,223.29,223.32,0.01,58.62,13013.62,1
2023-10-02,2023-10-02 14:08:00,223.32,223.35,223.32,223.35,0.01,58.62,13013.62,1
2023-10-02,2023-10-02 14:09:00,223.35,223.38,223.35,223.38,0.01,58.62,13013.62,1
2023-10-02,2023-10-02 14:10:00,223.38,223.41,223.38,223.41,0.01,58.62,13013.62,1
2023-10-02,2023-10-02 14:11:00,223.41,223.44,223.41,223.44,0.01,58.62,13013.62,1
2023-10-02,2023-10-02 14:12:00,223.44,223.47,223.44,223.47,0.01,58.62,13013.62,1
2023-10-02,2023-10-02 14:13:00,223.47,223.5,223.47,223.5,0.01,58.62,13013.62,1
2023-10-02,2023-10-02 14:14:00,223.5,223.53,223.5,223.53,0.01,58.62,13013.62,1
2023-10-02,2023-10-02 14:15:00,223.53,223.56,223.53,223.56,0.01,58.62,13013.62,1
2023-10-02,2023-10-02 14:16:00,223.56,223.59,223.56,223.59,0.01,58.62,13013.62,1
2023-10-02,2023-10-02 14:17:00,223.59,223.62,223.59,223.62,0.01,58.62,13013.62,1
2023-10-02,2023-10-02 14:18:00,223.62,223.65,223.62,223.65,0.01,58.62,13013.62,1
2023-10-02,2023-10-02 14:19:00,223.65,223.68,223.65,223.68,0.01,58.62,13013.62,1
2023-10-02,2023-10-02 14:20:00,223.68,223.71,223.68,223.71,0.01,58.62,13013.62,1
2023-10-02,2023-10-02 14:21:00,223.71,223.74,223.71,223.74,0.01,58.62,13013.62,1
2023-10-02,2023-10-02 14:22:00,223.74,223.77,223.74,223.77,0.01,58.62,13013.62,1
2023-10-02,2023-10-02 14:23:00,223.77,223.81,223.77,223.81,0.02,58.62,13013.62,1
2023-10-02,2023-10-02 14:24:00,223.81,223.84,223.81,223.84,0.01,58.62,13013.62,1
2023-10-02,2023-10-02 14:25:00,223.84,223.87,223.84,223.87,0.01,58.62,13013.62,1
2023-10-02,2023-10-02 14:26:00,223.87,223.9,223.87,223.9,0.01,58.62,13013.62,1
2023-10-02,2023-10-02 14:27:00,223.9,223.93,223.9,223.93,0.01,58.62,13013.62,1
2023-10-02,2023-10-02 14:28:00,223.93,223.96,223.93,223.96,0.01,58.62,13013.62,1
2023-10-02,2023-10-02 14:29:00,223.96,223.99,223.96,223.99,0.01,58.62,13013.62,1
2023-10-02,2023-10-02 14:30:00,223.99,224.02,223.99,224.02,0.01,58.62,13013.62,1
2023-10-02,2023-10-02 14:31:00,224.02,224.05,224.02,224.05,0.01,58.62,13013.62,1
2023-10-02,2023-10-02 14:32:00,224.05,224.08,224.05,224.08,0.01,58.62,13013.62,1
2023-10-02,2023-10-02 14:33:00,224.08,224.11,224.08,224.11,0.01,58.62,13013.62,1
2023-10-02,2023-10-02 14:34:00,224.11,224.14,224.11,224.14,0.01,58.62,13013.62,1
2023-10-02,2023-10-02 14:35:00,224.14,224.17,224.14,224.17,0.01,58.62,13013.62,1
2023-10-02,2023-10-02 14:36:00,224.17,224.2,224.17,224.2,0.01,58.62,13013.62,1
2023-10-02,2023-10-02 14:37:00,224.2,224.23,224.2,224.23,0.01,58.62,13013.62,1
2023-10-02,2023-10-02 14:38:00,224.23,224.26,224.23,224.26,0.01,58.62,13013.62,1
2023-10-02,2023-10-02 14:39:00,224.26,224.29,224.26,224.29,0.01,58.62,13013.62,1
2023-10-02,2023-10-02 14:40:00,224.29,224.32,224.29,224.32,0.01,58.62,13013.62,1
2023-10-02,2023-10-02 14:41:00,224.32,224.35,224.32,224.35,0.01,58.62,13013.62,1
2023-10-02,2023-10-02 14:42:00,224.35,224.38,224.35,224.38,0.01,58.62,13013.62,1
2023-10-02,2023-10-02 14:43:00,224.38,224.41,224.38,224.41,0.01,58.62,13013.62,1
2023-10-02,2023-10-02 14:44:00,224.41,224.44,224.41,224.44,0.01,58.62,13013.62,1
2023-10-02,2023-10-02 14:45:00,224.44,224.47,224.44,224.47,0.01,58.62,13013.62,1
2023-10-02,2023-10-02 14:46:00,224.47,224.5,224.47,224.5,0.01,58.62,13013.62,1
2023-10-02,2023-10-02 14:47:00,224.5,224.53,224.5,224.53,0.01,58.62,13013.62,1
2023-10-02,2023-10-02 14:48:00,224.53,224.57,224.53,224.57,0.02,58.62,13013.62,1
2023-10-02,2023-10-02 14:49:00,224.57,224.6,224.57,224.6,0.01,58.62,13013.62,1
2023-10-02,2023-10-02 14:50:00,224.6,224.63,224.6,224.63,0.01,58.62,13013.62,1
2023-10-02,2023-10-02 14:51:00,224.63,224.66,224.63,224.66,0.01,58.62,13013.62,1
2023-10-02,2023-10-02 14:52:00,224.66,224.69,224.66,224.69,0.01,58.62,13013.62,1
2023-10-02,2023-10-02 14:53:00,224.69,224.72,224.69,224.72,0.01,58.62,13013.62,1
2023-10-02,2023-10-02 14:54:00,224.72,224.75,224.72,224.75,0.01,58.62,13013.62,1
2023-10-02,2023-10-02 14:55:00,224.75,224.78,224.75,224.78,0.01,58.62,13013.62,1
2023-10-02,2023-10-02 14:56:00,224.78,224.81,224.78,224.81,0.01,58.62,13013.62,1
2023-10-02,2023-10-02 14:57:00,224.81,224.84,224.81,224.84,0.01,58.62,13013.62,1
2023-10-02,2023-10-02 14:58:00,224.84,224.87,224.84,224.87,0.01,58.62,13013.62,1
2023-10-02,2023-10-02 14:59:00,224.87,224.9,224.87,224.9,0.01,58.62,13013.62,1
2023-10-02,2023-10-02 15:00:00,224.9,231.5,216.0,224.9,0.0,58.62,13013.62,0
2023-10-03,2023-10-03 11:00:00,220.5,221.25,219.15,220.49,-0.0,21.37,4680.91,-1
2023-10-03,2023-10-03 11:01:00,220.49,220.49,220.48,220.48,-0.0,21.37,4680.91,-1
2023-10-03,2023-10-03 11:02:00,220.48,220.48,220.47,220.47,-0.0,21.37,4680.91,-1
2023-10-03,2023-10-03 11:03:00,220.47,220.47,220.46,220.46,-0.0,21.37,4680.91,-1
2023-10-03,2023-10-03 11:04:00,220.46,220.46,220.45,220.45,-0.0,21.37,4680.91,-1
2023-10-03,2023-10-03 11:05:00,220.45,220.45,220.44,220.44,-0.0,21.37,4680.91,-1
2023-10-03,2023-10-03 11:06:00,220.44,220.44,220.43,220.43,-0.0,21.37,4680.91,-1
2023-10-03,2023-10-03 11:07:00,220.43,220.43,220.42,220.42,-0.0,21.37,4680.91,-1
2023-10-03,2023-10-03 11:08:00,220.42,220.42,220.41,220.41,-0.0,21.37,4680.91,-1
2023-10-03,2023-10-03 11:09:00,220.41,220.41,220.4,220.4,-0.0,21.37,4680.91,-1
2023-10-03,2023-10-03 11:10:00,220.4,220.4,220.39,220.39,-0.0,21.37,4680.91,-1
2023-10-03,2023-10-03 11:11:00,220.39,220.39,220.38,220.38,-0.0,21.37,4680.91,-1
2023-10-03,2023-10-03 11:12:00,220.38,220.38,220.36,220.36,-0.01,21.37,4680.91,-1
2023-10-03,2023-10-03 11:13:00,220.36,220.36,220.35,220.35,-0.0,21.37,4680.91,-1
2023-10-03,2023-10-03 11:14:00,220.35,220.35,220.34,220.34,-0.0,21.37,4680.91,-1
2023-10-03,2023-10-03 11:15:00,220.34,220.34,220.33,220.33,-0.0,21.37,4680.91,-1
2023-10-03,2023-10-03 11:16:00,220.33,220.33,220.32,220.32,-0.0,21.37,4680.91,-1
2023-10-03,2023-10-03 11:17:00,220.32,220.32,220.31,220.31,-0.0,21.37,4680.91,-1
2023-10-03,2023-10-03 11:18:00,220.31,220.31,220.3,220.3,-0.0,21.37,4680.91,-1
2023-10-03,2023-10-03 11:19:00,220.3,220.3,220.29,220.29,-0.0,21.37,4680.91,-1
2023-10-03,2023-10-03 11:20:00,220.29,220.29,220.28,220.28,-0.0,21.37,4680.91,-1
2023-10-03,2023-10-03 11:21:00,220.28,220.28,220.27,220.27,-0.0,21.37,4680.91,-1
2023-10-03,2023-10-03 11:22:00,220.27,220.27,220.26,220.26,-0.0,21.37,4680.91,-1
2023-10-03,2023-10-03 11:23:00,220.26,220.26,220.25,220.25,-0.0,21.37,4680.91,-1
2023-10-03,2023-10-03 11:24:00,220.25,220.25,220.24,220.24,-0.0,21.37,4680.91,-1
2023-10-03,2023-10-03 11:25:00,220.24,220.24,220.23,220.23,-0.0,21.37,4680.91,-1
2023-10-03,2023-10-03 11:26:00,220.23,220.23,220.22,220.22,-0.0,21.37,4680.91,-1
2023-10-03,2023-10-03 11:27:00,220.22,220.22,220.21,220.21,-0.0,21.37,4680.91,-1
2023-10-03,2023-10-03 11:28:00,220.21,220.21,220.2,220.2,-0.0,21.37,4680.91,-1
2023-10-03,2023-10-03 11:29:00,220.2,220.2,220.19,220.19,-0.0,21.37,4680.91,-1
2023-10-03,2023-10-03 11:30:00,220.19,220.19,220.18,220.18,-0.0,21.37,4680.91,-1
2023-10-03,2023-10-03 11:31:00,220.18,220.18,220.17,220.17,-0.0,21.37,4680.91,-1
2023-10-03,2023-10-03 11:32:00,220.17,220.17,220.16,220.16,-0.0,21.37,4680.91,-1
2023-10-03,2023-10-03 11:33:00,220.16,220.16,220.15,220.15,-0.0,21.37,4680.91,-1
2023-10-03,2023-10-03 11:34:00,220.15,220.15,220.14,220.14,-0.0,21.37,4680.91,-1
2023-10-03,2023-10-03 11:35:00,220.14,220.14,220.12,220.12,-0.01,21.37,4680.91,-1
2023-10-03,2023-10-03 11:36:00,220.12,220.12,220.11,220.11,-0.0,21.37,4680.91,-1
2023-10-03,2023-10-03 11:37:00,220.11,220.11,220.1,220.1,-0.0,21.37,4680.91,-1
2023-10-03,2023-10-03 11:38:00,220.1,220.1,220.09,220.09,-0.0,21.37,4680.91,-1
2023-10-03,2023-10-03 11:39:00,220.09,220.09,220.08,220.08,-0.0,21.37,4680.91,-1
2023-10-03,2023-10-03 11:40:00,220.08,220.08,220.07,220.07,-0.0,21.37,4680.91,-1
2023-10-03,2023-10-03 11:41:00,220.07,220.07,220.06,220.06,-0.0,21.37,4680.91,-1
2023-10-03,2023-10-03 11:42:00,220.06,220.06,220.05,220.05,-0.0,21.37,4680.91,-1
2023-10-03,2023-10-03 11:43:00,220.05,220.05,220.04,220.04,-0.0,21.37,4680.91,-1
2023-10-03,2023-10-03 11:44:00,220.04,220.04,220.03,220.03,-0.0,21.37,4680.91,-1
2023-10-03,2023-10-03 11:45:00,220.03,220.03,220.02,220.02,-0.0,21.37,4680.91,-1
2023-10-03,2023-10-03 11:46:00,220.02,220.02,220.01,220.01,-0.0,21.37,4680.91,-1
2023-10-03,2023-10-03 11:47:00,220.01,220.01,220.0,220.0,-0.0,21.37,4680.91,-1
2023-10-03,2023-10-03 11:48:00,220.0,220.0,219.99,219.99,-0.0,21.37,4680.91,-1
2023-10-03,2023-10-03 11:49:00,219.99,219.99,219.98,219.98,-0.0,21.37,4680.91,-1
2023-10-03,2023-10-03 11:50:00,219.98,219.98,219.97,219.97,-0.0,21.37,4680.91,-1
2023-10-03,2023-10-03 11:51:00,219.97,219.97,219.96,219.96,-0.0,21.37,4680.91,-1
2023-10-03,2023-10-03 11:52:00,219.96,219.96,219.95,219.95,-0.0,21.37,4680.91,-1
2023-10-03,2023-10-03 11:53:00,219.95,219.95,219.94,219.94,-0.0,21.37,4680.91,-1
2023-10-03,2023-10-03 11:54:00,219.94,219.94,219.93,219.93,-0.0,21.37,4680.91,-1
2023-10-03,2023-10-03 11:55:00,219.93,219.93,219.92,219.92,-0.0,21.37,4680.91,-1
2023-10-03,2023-10-03 11:56:00,219.92,219.92,219.91,219.91,-0.0,21.37,4680.91,-1
2023-10-03,2023-10-03 11:57:00,219.91,219.91,219.9,219.9,-0.0,21.37,4680.91,-1
2023-10-03,2023-10-03 11:58:00,219.9,219.9,219.89,219.89,-0.0,21.37,4680.91,-1
2023-10-03,2023-10-03 11:59:00,219.89,219.89,219.88,219.88,-0.0,21.37,4680.91,-1
2023-10-03,2023-10-03 12:00:00,219.88,219.88,219.86,219.86,-0.01,21.37,4680.91,-1
2023-10-03,2023-10-03 12:01:00,219.86,219.86,219.85,219.85,-0.0,21.37,4680.91,-1
2023-10-03,2023-10-03 12:02:00,219.85,219.85,219.84,219.84,-0.0,21.37,4680.91,-1
2023-10-03,2023-10-03 12:03:00,219.84,219.84,219.83,219.83,-0.0,21.37,4680.91,-1
2023-10-03,2023-10-03 12:04:00,219.83,219.83,219.82,219.82,-0.0,21.37,4680.91,-1
2023-10-03,2023-10-03 12:05:00,219.82,219.82,219.81,219.81,-0.0,21.37,4680.91,-1
2023-10-03,2023-10-03 12:06:00,219.81,219.81,219.8,219.8,-0.0,21.37,4680.91,-1
2023-10-03,2023-10-03 12:07:00,219.8,219.8,219.79,219.79,-0.0,21.37,4680.91,-1
2023-10-03,2023-10-03 12:08:00,219.79,219.79,219.78,219.78,-0.0,21.37,4680.91,-1
2023-10-03,2023-10-03 12:09:00,219.78,219.78,219.77,219.77,-0.0,21.37,4680.91,-1
2023-10-03,2023-10-03 12:10:00,219.77,219.77,219.76,219.76,-0.0,21.37,4680.91,-1
2023-10-03,2023-10-03 12:11:00,219.76,219.76,219.75,219.75,-0.0,21.37,4680.91,-1
2023-10-03,2023-10-03 12:12:00,219.75,219.75,219.74,219.74,-0.0,21.37,4680.91,-1
2023-10-03,2023-10-03 12:13:00,219.74,219.74,219.73,219.73,-0.0,21.37,4680.91,-1
2023-10-03,2023-10-03 12:14:00,219.73,219.73,219.72,219.72,-0.0,21.37,4680.91,-1
2023-10-03,2023-10-03 12:15:00,219.72,219.72,219.71,219.71,-0.0,21.37,4680.91,-1
2023-10-03,2023-10-03 12:16:00,219.71,219.71,219.7,219.7,-0.0,21.37,4680.91,-1
2023-10-03,2023-10-03 12:17:00,219.7,219.7,219.69,219.69,-0.0,21.37,4680.91,-1
2023-10-03,2023-10-03 12:18:00,219.69,219.69,219.68,219.68,-0.0,21.37,4680.91,-1
2023-10-03,2023-10-03 12:19:00,219.68,219.68,219.67,219.67,-0.0,21.37,4680.91,-1
2023-10-03,2023-10-03 12:20:00,219.67,219.67,219.66,219.66,-0.0,21.37,4680.91,-1
2023-10-03,2023-10-03 12:21:00,219.66,219.66,219.65,219.65,-0.0,21.37,4680.91,-1
2023-10-03,2023-10-03 12:22:00,219.65,219.65,219.64,219.64,-0.0,21.37,4680.91,-1
2023-10-03,2023-10-03 12:23:00,219.64,219.64,219.62,219.62,-0.01,21.37,4680.91,-1
2023-10-03,2023-10-03 12:24:00,219.62,219.62,219.61,219.61,-0.0,21.37,4680.91,-1
2023-10-03,2023-10-03 12:25:00,219.61,219.61,219.6,219.6,-0.0,21.37,4680.91,-1
2023-10-03,2023-10-03 12:26:00,219.6,219.6,219.59,219.59,-0.0,21.37,4680.91,-1
2023-10-03,2023-10-03 12:27:00,219.59,219.59,219.58,219.58,-0.0,21.37,4680.91,-1
2023-10-03,2023-10-03 12:28:00,219.58,219.58,219.57,219.57,-0.0,21.37,4680.91,-1
2023-10-03,2023-10-03 12:29:00,219.57,219.57,219.56,219.56,-0.0,21.37,4680.91,-1
2023-10-03,2023-10-03 12:30:00,219.56,219.56,219.55,219.55,-0.0,21.37,4680.91,-1
2023-10-03,2023-10-03 12:31:00,219.55,219.55,219.54,219.54,-0.0,21.37,4680.91,-1
2023-10-03,2023-10-03 12:32:00,219.54,219.54,219.53,219.53,-0.0,21.37,4680.91,-1
2023-10-03,2023-10-03 12:33:00,219.53,219.53,219.52,219.52,-0.0,21.37,4680.91,-1
2023-10-03,2023-10-03 12:34:00,219.52,219.52,219.51,219.51,-0.0,21.37,4680.91,-1
2023-10-03,2023-10-03 12:35:00,219.51,219.51,219.5,219.5,-0.0,21.37,4680.91,-1
2023-10-03,2023-10-03 12:36:00,219.5,219.5,219.49,219.49,-0.0,21.37,4680.91,-1
2023-10-03,2023-10-03 12:37:00,219.49,219.49,219.48,219.48,-0.0,21.37,4680.91,-1
2023-10-03,2023-10-03 12:38:00,219.48,219.48,219.47,219.47,-0.0,21.37,4680.91,-1
2023-10-03,2023-10-03 12:39:00,219.47,219.47,219.46,219.46,-0.0,21.37,4680.91,-1
2023-10-03,2023-10-03 12:40:00,219.46,219.46,219.45,219.45,-0.0,21.37,4680.91,-1
2023-10-03,2023-10-03 12:41:00,219.45,219.45,219.44,219.44,-0.0,21.37,4680.91,-1
2023-10-03,2023-10-03 12:42:00,219.44,219.44,219.43,219.43,-0.0,21.37,4680.91,-1
2023-10-03,2023-10-03 12:43:00,219.43,219.43,219.42,219.42,-0.0,21.37,4680.91,-1
2023-10-03,2023-10-03 12:44:00,219.42,219.42,219.41,219.41,-0.0,21.37,4680.91,-1
2023-10-03,2023-10-03 12:45:00,219.41,219.41,219.4,219.4,-0.0,21.37,4680.91,-1
2023-10-03,2023-10-03 12:46:00,219.4,219.4,219.39,219.39,-0.0,21.37,4680.91,-1
2023-10-03,2023-10-03 12:47:00,219.39,219.39,219.38,219.38,-0.0,21.37,4680.91,-1
2023-10-03,2023-10-03 12:48:00,219.38,219.38,219.36,219.36,-0.01,21.37,4680.91,-1
2023-10-03,2023-10-03 12:49:00,219.36,219.36,219.35,219.35,-0.0,21.37,4680.91,-1
2023-10-03,2023-10-03 12:50:00,219.35,219.35,219.34,219.34,-0.0,21.37,4680.91,-1
2023-10-03,2023-10-03 12:51:00,219.34,219.34,219.33,219.33,-0.0,21.37,4680.91,-1
2023-10-03,2023-10-03 12:52:00,219.33,219.33,219.32,219.32,-0.0,21.37,4680.91,-1
2023-10-03,2023-10-03 12:53:00,219.32,219.32,219.31,219.31,-0.0,21.37,4680.91,-1
2023-10-03,2023-10-03 12:54:00,219.31,219.31,219.3,219.3,-0.0,21.37,4680.91,-1
2023-10-03,2023-10-03 12:55:00,219.3,219.3,219.29,219.29,-0.0,21.37,4680.91,-1
2023-10-03,2023-10-03 12:56:00,219.29,219.29,219.28,219.28,-0.0,21.37,4680.91,-1
2023-10-03,2023-10-03 12:57:00,219.28,219.28,219.27,219.27,-0.0,21.37,4680.91,-1
2023-10-03,2023-10-03 12:58:00,219.27,219.27,219.26,219.26,-0.0,21.37,4680.91,-1
2023-10-03,2023-10-03 12:59:00,219.26,219.26,219.25,219.25,-0.0,21.37,4680.91,-1
2023-10-03,2023-10-03 13:00:00,219.25,223.0,216.0,219.24,-0.0,21.37,4680.91,-1
2023-10-03,2023-10-03 13:01:00,219.24,219.24,219.23,219.23,-0.0,21.37,4680.91,-1
2023-10-03,2023-10-03 13:02:00,219.23,219.23,219.22,219.22,-0.0,21.37,4680.91,-1
2023-10-03,2023-10-03 13:03:00,219.22,219.22,219.21,219.21,-0.0,21.37,4680.91,-1
2023-10-03,2023-10-03 13:04:00,219.21,219.21,219.2,219.2,-0.0,21.37,4680.91,-1
2023-10-03,2023-10-03 13:05:00,219.2,219.2,219.19,219.19,-0.0,21.37,4680.91,-1
2023-10-03,2023-10-03 13:06:00,219.19,219.19,219.18,219.18,-0.0,21.37,4680.91,-1
2023-10-03,2023-10-03 13:07:00,219.18,219.18,219.17,219.17,-0.0,21.37,4680.91,-1
2023-10-03,2023-10-03 13:08:00,219.17,219.17,219.16,219.16,-0.0,21.37,4680.91,-1
2023-10-03,2023-10-03 13:09:00,219.16,219.16,219.15,219.15,-0.0,21.37,4680.91,-1
2023-10-03,2023-10-03 13:10:00,219.15,219.15,219.14,219.14,-0.0,21.37,4680.91,-1
2023-10-03,2023-10-03 13:11:00,219.14,219.14,219.12,219.12,-0.01,21.37,4680.91,-1
2023-10-03,2023-10-03 13:12:00,219.12,219.12,219.11,219.11,-0.0,21.37,4680.91,-1
2023-10-03,2023-10-03 13:13:00,219.11,219.11,219.1,219.1,-0.0,21.37,4680.91,-1
2023-10-03,2023-10-03 13:14:00,219.1,219.1,219.09,219.09,-0.0,21.37,4680.91,-1
2023-10-03,2023-10-03 13:15:00,219.09,219.09,219.08,219.08,-0.0,21.37,4680.91,-1
2023-10-03,2023-10-03 13:16:00,219.08,219.08,219.07,219.07,-0.0,21.37,4680.91,-1
2023-10-03,2023-10-03 13:17:00,219.07,219.07,219.06,219.06,-0.0,21.37,4680.91,-1
2023-10-03,2023-10-03 13:18:00,219.06,219.06,219.05,219.05,-0.0,21.37,4680.91,-1
2023-10-03,2023-10-03 13:19:00,219.05,219.05,219.04,219.04,-0.0,21.37,4680.91,-1
2023-10-03,2023-10-03 13:20:00,219.04,219.04,219.03,219.03,-0.0,21.37,4680.91,-1
2023-10-03,2023-10-03 13:21:00,219.03,219.03,219.02,219.02,-0.0,21.37,4680.91,-1
2023-10-03,2023-10-03 13:22:00,219.02,219.02,219.01,219.01,-0.0,21.37,4680.91,-1
2023-10-03,2023-10-03 13:23:00,219.01,219.01,219.0,219.0,-0.0,21.37,4680.91,-1
2023-10-03,2023-10-03 13:24:00,219.0,219.0,218.99,218.99,-0.0,21.37,4680.91,-1
2023-10-03,2023-10-03 13:25:00,218.99,218.99,218.98,218.98,-0.0,21.37,4680.91,-1
2023-10-03,2023-10-03 13:26:00,218.98,218.98,218.97,218.97,-0.0,21.37,4680.91,-1
2023-10-03,2023-10-03 13:27:00,218.97,218.97,218.96,218.96,-0.0,21.37,4680.91,-1
2023-10-03,2023-10-03 13:28:00,218.96,218.96,218.95,218.95,-0.0,21.37,4680.91,-1
2023-10-03,2023-10-03 13:29:00,218.95,218.95,218.94,218.94,-0.0,21.37,4680.91,-1
2023-10-03,2023-10-03 13:30:00,218.94,218.94,218.93,218.93,-0.0,21.37,4680.91,-1
2023-10-03,2023-10-03 13:31:00,218.93,218.93,218.92,218.92,-0.0,21.37,4680.91,-1
2023-10-03,2023-10-03 13:32:00,218.92,218.92,218.91,218.91,-0.0,21.37,4680.91,-1
2023-10-03,2023-10-03 13:33:00,218.91,218.91,218.9,218.9,-0.0,21.37,4680.91,-1
2023-10-03,2023-10-03 13:34:00,218.9,218.9,218.89,218.89,-0.0,21.37,4680.91,-1
2023-10-03,2023-10-03 13:35:00,218.89,218.89,218.88,218.88,-0.0,21.37,4680.91,-1
2023-10-03,2023-10-03 13:36:00,218.88,218.88,218.86,218.86,-0.01,21.37,4680.91,-1
2023-10-03,2023-10-03 13:37:00,218.86,218.86,218.85,218.85,-0.0,21.37,4680.91,-1
2023-10-03,2023-10-03 13:38:00,218.85,218.85,218.84,218.84,-0.0,21.37,4680.91,-1
2023-10-03,2023-10-03 13:39:00,218.84,218.84,218.83,218.83,-0.0,21.37,4680.91,-1
2023-10-03,2023-10-03 13:40:00,218.83,218.83,218.82,218.82,-0.0,21.37,4680.91,-1
2023-10-03,2023-10-03 13:41:00,218.82,218.82,218.81,218.81,-0.0,21.37,4680.91,-1
2023-10-03,2023-10-03 13:42:00,218.81,218.81,218.8,218.8,-0.0,21.37,4680.91,-1
2023-10-03,2023-10-03 13:43:00,218.8,218.8,218.79,218.79,-0.0,21.37,4680.91,-1
2023-10-03,2023-10-03 13:44:00,218.79,218.79,218.78,218.78,-0.0,21.37,4680.91,-1
2023-10-03,2023-10-03 13:45:00,218.78,218.78,218.77,218.77,-0.0,21.37,4680.91,-1
2023-10-03,2023-10-03 13:46:00,218.77,218.77,218.76,218.76,-0.0,21.37,4680.91,-1
2023-10-03,2023-10-03 13:47:00,218.76,218.76,218.75,218.75,-0.0,21.37,4680.91,-1
2023-10-03,2023-10-03 13:48:00,218.75,218.75,218.74,218.74,-0.0,21.37,4680.91,-1
2023-10-03,2023-10-03 13:49:00,218.74,218.74,218.73,218.73,-0.0,21.37,4680.91,-1
2023-10-03,2023-10-03 13:50:00,218.73,218.73,218.72,218.72,-0.0,21.37,4680.91,-1
2023-10-03,2023-10-03 13:51:00,218.72,218.72,218.71,218.71,-0.0,21.37,4680.91,-1
2023-10-03,2023-10-03 13:52:00,218.71,218.71,218.7,218.7,-0.0,21.37,4680.91,-1
2023-10-03,2023-10-03 13:53:00,218.7,218.7,218.69,218.69,-0.0,21.37,4680.91,-1
2023-10-03,2023-10-03 13:54:00,218.69,218.69,218.68,218.68,-0.0,21.37,4680.91,-1
2023-10-03,2023-10-03 13:55:00,218.68,218.68,218.67,218.67,-0.0,21.37,4680.91,-1
2023-10-03,2023-10-03 13:56:00,218.67,218.67,218.66,218.66,-0.0,21.37,4680.91,-1
2023-10-03,2023-10-03 13:57:00,218.66,218.66,218.65,218.65,-0.0,21.37,4680.91,-1
2023-10-03,2023-10-03 13:58:00,218.65,218.65,218.64,218.64,-0.0,21.37,4680.91,-1
2023-10-03,2023-10-03 13:59:00,218.64,218.64,218.62,218.62,-0.01,21.37,4680.91,-1
2023-10-03,2023-10-03 14:00:00,218.62,218.62,218.61,218.61,-0.0,21.37,4680.91,-1
2023-10-03,2023-10-03 14:01:00,218.61,218.61,218.6,218.6,-0.0,21.37,4680.91,-1
2023-10-03,2023-10-03 14:02:00,218.6,218.6,218.59,218.59,-0.0,21.37,4680.91,-1
2023-10-03,2023-10-03 14:03:00,218.59,218.59,218.58,218.58,-0.0,21.37,4680.91,-1
2023-10-03,2023-10-03 14:04:00,218.58,218.58,218.57,218.57,-0.0,21.37,4680.91,-1
2023-10-03,2023-10-03 14:05:00,218.57,218.57,218.56,218.56,-0.0,21.37,4680.91,-1
2023-10-03,2023-10-03 14:06:00,218.56,218.56,218.55,218.55,-0.0,21.37,4680.91,-1
2023-10-03,2023-10-03 14:07:00,218.55,218.55,218.54,218.54,-0.0,21.37,4680.91,-1
2023-10-03,2023-10-03 14:08:00,218.54,218.54,218.53,218.53,-0.0,21.37,4680.91,-1
2023-10-03,2023-10-03 14:09:00,218.53,218.53,218.52,218.52,-0.0,21.37,4680.91,-1
2023-10-03,2023-10-03 14:10:00,218.52,218.52,218.51,218.51,-0.0,21.37,4680.91,-1
2023-10-03,2023-10-03 14:11:00,218.51,218.51,218.5,218.5,-0.0,21.37,4680.91,-1
2023-10-03,2023-10-03 14:12:00,218.5,218.5,218.49,218.49,-0.0,21.37,4680.91,-1
2023-10-03,2023-10-03 14:13:00,218.49,218.49,218.48,218.48,-0.0,21.37,4680.91,-1
2023-10-03,2023-10-03 14:14:00,218.48,218.48,218.47,218.47,-0.0,21.37,4680.91,-1
2023-10-03,2023-10-03 14:15:00,218.47,218.47,218.46,218.46,-0.0,21.37,4680.91,-1
2023-10-03,2023-10-03 14:16:00,218.46,218.46,218.45,218.45,-0.0,21.37,4680.91,-1
2023-10-03,2023-10-03 14:17:00,218.45,218.45,218.44,218.44,-0.0,21.37,4680.91,-1
2023-10-03,2023-10-03 14:18:00,218.44,218.44,218.43,218.43,-0.0,21.37,4680.91,-1
2023-10-03,2023-10-03 14:19:00,218.43,218.43,218.42,218.42,-0.0,21.37,4680.91,-1
2023-10-03,2023-10-03 14:20:00,218.42,218.42,218.41,218.41,-0.0,21.37,4680.91,-1
2023-10-03,2023-10-03 14:21:00,218.41,218.41,218.4,218.4,-0.0,21.37,4680.91,-1
2023-10-03,2023-10-03 14:22:00,218.4,218.4,218.39,218.39,-0.0,21.37,4680.91,-1
2023-10-03,2023-10-03 14:23:00,218.39,218.39,218.38,218.38,-0.0,21.37,4680.91,-1
2023-10-03,2023-10-03 14:24:00,218.38,218.38,218.36,218.36,-0.01,21.37,4680.91,-1
2023-10-03,2023-10-03 14:25:00,218.36,218.36,218.35,218.35,-0.0,21.37,4680.91,-1
2023-10-03,2023-10-03 14:26:00,218.35,218.35,218.34,218.34,-0.0,21.37,4680.91,-1
2023-10-03,2023-10-03 14:27:00,218.34,218.34,218.33,218.33,-0.0,21.37,4680.91,-1
2023-10-03,2023-10-03 14:28:00,218.33,218.33,218.32,218.32,-0.0,21.37,4680.91,-1
2023-10-03,2023-10-03 14:29:00,218.32,218.32,218.31,218.31,-0.0,21.37,4680.91,-1
2023-10-03,2023-10-03 14:30:00,218.31,218.31,218.3,218.3,-0.0,21.37,4680.91,-1
2023-10-03,2023-10-03 14:31:00,218.3,218.3,218.29,218.29,-0.0,21.37,4680.91,-1
2023-10-03,2023-10-03 14:32:00,218.29,218.29,218.28,218.28,-0.0,21.37,4680.91,-1
2023-10-03,2023-10-03 14:33:00,218.28,218.28,218.27,218.27,-0.0,21.37,4680.91,-1
2023-10-03,2023-10-03 14:34:00,218.27,218.27,218.26,218.26,-0.0,21.37,4680.91,-1
2023-10-03,2023-10-03 14:35:00,218.26,218.26,218.25,218.25,-0.0,21.37,4680.91,-1
2023-10-03,2023-10-03 14:36:00,218.25,218.25,218.24,218.24,-0.0,21.37,4680.91,-1
2023-10-03,2023-10-03 14:37:00,218.24,218.24,218.23,218.23,-0.0,21.37,4680.91,-1
2023-10-03,2023-10-03 14:38:00,218.23,218.23,218.22,218.22,-0.0,21.37,4680.91,-1
2023-10-03,2023-10-03 14:39:00,218.22,218.22,218.21,218.21,-0.0,21.37,4680.91,-1
2023-10-03,2023-10-03 14:40:00,218.21,218.21,218.2,218.2,-0.0,21.37,4680.91,-1
2023-10-03,2023-10-03 14:41:00,218.2,218.2,218.19,218.19,-0.0,21.37,4680.91,-1
2023-10-03,2023-10-03 14:42:00,218.19,218.19,218.18,218.18,-0.0,21.37,4680.91,-1
2023-10-03,2023-10-03 14:43:00,218.18,218.18,218.17,218.17,-0.0,21.37,4680.91,-1
2023-10-03,2023-10-03 14:44:00,218.17,218.17,218.16,218.16,-0.0,21.37,4680.91,-1
2023-10-03,2023-10-03 14:45:00,218.16,218.16,218.15,218.15,-0.0,21.37,4680.91,-1
2023-10-03,2023-10-03 14:46:00,218.15,218.15,218.14,218.14,-0.0,21.37,4680.91,-1
2023-10-03,2023-10-03 14:47:00,218.14,218.14,218.12,218.12,-0.01,21.37,4680.91,-1
2023-10-03,2023-10-03 14:48:00,218.12,218.12,218.11,218.11,-0.0,21.37,4680.91,-1
2023-10-03,2023-10-03 14:49:00,218.11,218.11,218.1,218.1,-0.0,21.37,4680.91,-1
2023-10-03,2023-10-03 14:50:00,218.1,218.1,218.09,218.09,-0.0,21.37,4680.91,-1
2023-10-03,2023-10-03 14:51:00,218.09,218.09,218.08,218.08,-0.0,21.37,4680.91,-1
2023-10-03,2023-10-03 14:52:00,218.08,218.08,218.07,218.07,-0.0,21.37,4680.91,-1
2023-10-03,2023-10-03 14:53:00,218.07,218.07,218.06,218.06,-0.0,21.37,4680.91,-1
2023-10-03,2023-10-03 14:54:00,218.06,218.06,218.05,218.05,-0.0,21.37,4680.91,-1
2023-10-03,2023-10-03 14:55:00,218.05,218.05,218.04,218.04,-0.0,21.37,4680.91,-1
2023-10-03,2023-10-03 14:56:00,218.04,218.04,218.03,218.03,-0.0,21.37,4680.91,-1
2023-10-03,2023-10-03 14:57:00,218.03,218.03,218.02,218.02,-0.0,21.37,4680.91,-1
2023-10-03,2023-10-03 14:58:00,218.02,218.02,218.01,218.01,-0.0,21.37,4680.91,-1
2023-10-03,2023-10-03 14:59:00,218.01,218.01,218.0,218.0,-0.0,21.37,4680.91,-1
2023-10-03,2023-10-03 15:00:00,218.0,223.0,216.0,218.0,0.0,21.37,4680.91,0
2023-10-04,2023-10-04 11:00:00,216.1,220.12,216.07,216.13,0.01,28.52,6332.24,1
2023-10-04,2023-10-04 11:01:00,216.13,216.15,216.13,216.15,0.01,28.52,6332.24,1
2023-10-04,2023-10-04 11:02:00,216.15,216.18,216.15,216.18,0.01,28.52,6332.24,1
2023-10-04,2023-10-04 11:03:00,216.18,216.21,216.18,216.21,0.01,28.52,6332.24,1
2023-10-04,2023-10-04 11:04:00,216.21,216.23,216.21,216.23,0.01,28.52,6332.24,1
2023-10-04,2023-10-04 11:05:00,216.23,216.26,216.23,216.26,0.01,28.52,6332.24,1
2023-10-04,2023-10-04 11:06:00,216.26,216.29,216.26,216.29,0.01,28.52,6332.24,1
2023-10-04,2023-10-04 11:07:00,216.29,216.31,216.29,216.31,0.01,28.52,6332.24,1
2023-10-04,2023-10-04 11:08:00,216.31,216.34,216.31,216.34,0.01,28.52,6332.24,1
2023-10-04,2023-10-04 11:09:00,216.34,216.37,216.34,216.37,0.01,28.52,6332.24,1
2023-10-04,2023-10-04 11:10:00,216.37,216.39,216.37,216.39,0.01,28.52,6332.24,1
2023-10-04,2023-10-04 11:11:00,216.39,216.42,216.39,216.42,0.01,28.52,6332.24,1
2023-10-04,2023-10-04 11:12:00,216.42,216.45,216.42,216.45,0.01,28.52,6332.24,1
2023-10-04,2023-10-04 11:13:00,216.45,216.47,216.45,216.47,0.01,28.52,6332.24,1
2023-10-04,2023-10-04 11:14:00,216.47,216.5,216.47,216.5,0.01,28.52,6332.24,1
2023-10-04,2023-10-04 11:15:00,216.5,216.53,216.5,216.53,0.01,28.52,6332.24,1
2023-10-04,2023-10-04 11:16:00,216.53,216.55,216.53,216.55,0.01,28.52,6332.24,1
2023-10-04,2023-10-04 11:17:00,216.55,216.58,216.55,216.58,0.01,28.52,6332.24,1
2023-10-04,2023-10-04 11:18:00,216.58,216.61,216.58,216.61,0.01,28.52,6332.24,1
2023-10-04,2023-10-04 11:19:00,216.61,216.63,216.61,216.63,0.01,28.52,6332.24,1
2023-10-04,2023-10-04 11:20:00,216.63,216.66,216.63,216.66,0.01,28.52,6332.24,1
2023-10-04,2023-10-04 11:21:00,216.66,216.69,216.66,216.69,0.01,28.52,6332.24,1
2023-10-04,2023-10-04 11:22:00,216.69,216.71,216.69,216.71,0.01,28.52,6332.24,1
2023-10-04,2023-10-04 11:23:00,216.71,216.74,216.71,216.74,0.01,28.52,6332.24,1
2023-10-04,2023-10-04 11:24:00,216.74,216.77,216.74,216.77,0.01,28.52,6332.24,1
2023-10-04,2023-10-04 11:25:00,216.77,216.79,216.77,216.79,0.01,28.52,6332.24,1
2023-10-04,2023-10-04 11:26:00,216.79,216.82,216.79,216.82,0.01,28.52,6332.24,1
2023-10-04,2023-10-04 11:27:00,216.82,216.85,216.82,216.85,0.01,28.52,6332.24,1
2023-10-04,2023-10-04 11:28:00,216.85,216.87,216.85,216.87,0.01,28.52,6332.24,1
2023-10-04,2023-10-04 11:29:00,216.87,216.9,216.87,216.9,0.01,28.52,6332.24,1
2023-10-04,2023-10-04 11:30:00,216.9,216.93,216.9,216.93,0.01,28.52,6332.24,1
2023-10-04,2023-10-04 11:31:00,216.93,216.95,216.93,216.95,0.01,28.52,6332.24,1
2023-10-04,2023-10-04 11:32:00,216.95,216.98,216.95,216.98,0.01,28.52,6332.24,1
2023-10-04,2023-10-04 11:33:00,216.98,217.01,216.98,217.01,0.01,28.52,6332.24,1
2023-10-04,2023-10-04 11:34:00,217.01,217.03,217.01,217.03,0.01,28.52,6332.24,1
2023-10-04,2023-10-04 11:35:00,217.03,217.06,217.03,217.06,0.01,28.52,6332.24,1
2023-10-04,2023-10-04 11:36:00,217.06,217.09,217.06,217.09,0.01,28.52,6332.24,1
2023-10-04,2023-10-04 11:37:00,217.09,217.11,217.09,217.11,0.01,28.52,6332.24,1
2023-10-04,2023-10-04 11:38:00,217.11,217.14,217.11,217.14,0.01,28.52,6332.24,1
2023-10-04,2023-10-04 11:39:00,217.14,217.17,217.14,217.17,0.01,28.52,6332.24,1
2023-10-04,2023-10-04 11:40:00,217.17,217.19,217.17,217.19,0.01,28.52,6332.24,1
2023-10-04,2023-10-04 11:41:00,217.19,217.22,217.19,217.22,0.01,28.52,6332.24,1
2023-10-04,2023-10-04 11:42:00,217.22,217.25,217.22,217.25,0.01,28.52,6332.24,1
2023-10-04,2023-10-04 11:43:00,217.25,217.27,217.25,217.27,0.01,28.52,6332.24,1
2023-10-04,2023-10-04 11:44:00,217.27,217.3,217.27,217.3,0.01,28.52,6332.24,1
2023-10-04,2023-10-04 11:45:00,217.3,217.33,217.3,217.33,0.01,28.52,6332.24,1
2023-10-04,2023-10-04 11:46:00,217.33,217.35,217.33,217.35,0.01,28.52,6332.24,1
2023-10-04,2023-10-04 11:47:00,217.35,217.38,217.35,217.38,0.01,28.52,6332.24,1
2023-10-04,2023-10-04 11:48:00,217.38,217.41,217.38,217.41,0.01,28.52,6332.24,1
2023-10-04,2023-10-04 11:49:00,217.41,217.43,217.41,217.43,0.01,28.52,6332.24,1
2023-10-04,2023-10-04 11:50:00,217.43,217.46,217.43,217.46,0.01,28.52,6332.24,1
2023-10-04,2023-10-04 11:51:00,217.46,217.49,217.46,217.49,0.01,28.52,6332.24,1
2023-10-04,2023-10-04 11:52:00,217.49,217.51,217.49,217.51,0.01,28.52,6332.24,1
2023-10-04,2023-10-04 11:53:00,217.51,217.54,217.51,217.54,0.01,28.52,6332.24,1
2023-10-04,2023-10-04 11:54:00,217.54,217.57,217.54,217.57,0.01,28.52,6332.24,1
2023-10-04,2023-10-04 11:55:00,217.57,217.59,217.57,217.59,0.01,28.52,6332.24,1
2023-10-04,2023-10-04 11:56:00,217.59,217.62,217.59,217.62,0.01,28.52,6332.24,1
2023-10-04,2023-10-04 11:57:00,217.62,217.65,217.62,217.65,0.01,28.52,6332.24,1
2023-10-04,2023-10-04 11:58:00,217.65,217.67,217.65,217.67,0.01,28.52,6332.24,1
2023-10-04,2023-10-04 11:59:00,217.67,217.7,217.67,217.7,0.01,28.52,6332.24,1
2023-10-04,2023-10-04 12:00:00,217.7,217.73,217.7,217.73,0.01,28.52,6332.24,1
2023-10-04,2023-10-04 12:01:00,217.73,217.75,217.73,217.75,0.01,28.52,6332.24,1
2023-10-04,2023-10-04 12:02:00,217.75,217.78,217.75,217.78,0.01,28.52,6332.24,1
2023-10-04,2023-10-04 12:03:00,217.78,217.81,217.78,217.81,0.01,28.52,6332.24,1
2023-10-04,2023-10-04 12:04:00,217.81,217.83,217.81,217.83,0.01,28.52,6332.24,1
2023-10-04,2023-10-04 12:05:00,217.83,217.86,217.83,217.86,0.01,28.52,6332.24,1
2023-10-04,2023-10-04 12:06:00,217.86,217.89,217.86,217.89,0.01,28.52,6332.24,1
2023-10-04,2023-10-04 12:07:00,217.89,217.91,217.89,217.91,0.01,28.52,6332.24,1
2023-10-04,2023-10-04 12:08:00,217.91,217.94,217.91,217.94,0.01,28.52,6332.24,1
2023-10-04,2023-10-04 12:09:00,217.94,217.97,217.94,217.97,0.01,28.52,6332.24,1
2023-10-04,2023-10-04 12:10:00,217.97,217.99,217.97,217.99,0.01,28.52,6332.24,1
2023-10-04,2023-10-04 12:11:00,217.99,218.02,217.99,218.02,0.01,28.52,6332.24,1
2023-10-04,2023-10-04 12:12:00,218.02,218.05,218.02,218.05,0.01,28.52,6332.24,1
2023-10-04,2023-10-04 12:13:00,218.05,218.07,218.05,218.07,0.01,28.52,6332.24,1
2023-10-04,2023-10-04 12:14:00,218.07,218.1,218.07,218.1,0.01,28.52,6332.24,1
2023-10-04,2023-10-04 12:15:00,218.1,218.13,218.1,218.13,0.01,28.52,6332.24,1
2023-10-04,2023-10-04 12:16:00,218.13,218.15,218.13,218.15,0.01,28.52,6332.24,1
2023-10-04,2023-10-04 12:17:00,218.15,218.18,218.15,218.18,0.01,28.52,6332.24,1
2023-10-04,2023-10-04 12:18:00,218.18,218.21,218.18,218.21,0.01,28.52,6332.24,1
2023-10-04,2023-10-04 12:19:00,218.21,218.23,218.21,218.23,0.01,28.52,6332.24,1
2023-10-04,2023-10-04 12:20:00,218.23,218.26,218.23,218.26,0.01,28.52,6332.24,1
2023-10-04,2023-10-04 12:21:00,218.26,218.29,218.26,218.29,0.01,28.52,6332.24,1
2023-10-04,2023-10-04 12:22:00,218.29,218.31,218.29,218.31,0.01,28.52,6332.24,1
2023-10-04,2023-10-04 12:23:00,218.31,218.34,218.31,218.34,0.01,28.52,6332.24,1
2023-10-04,2023-10-04 12:24:00,218.34,218.37,218.34,218.37,0.01,28.52,6332.24,1
2023-10-04,2023-10-04 12:25:00,218.37,218.39,218.37,218.39,0.01,28.52,6332.24,1
2023-10-04,2023-10-04 12:26:00,218.39,218.42,218.39,218.42,0.01,28.52,6332.24,1
2023-10-04,2023-10-04 12:27:00,218.42,218.45,218.42,218.45,0.01,28.52,6332.24,1
2023-10-04,2023-10-04 12:28:00,218.45,218.47,218.45,218.47,0.01,28.52,6332.24,1
2023-10-04,2023-10-04 12:29:00,218.47,218.5,218.47,218.5,0.01,28.52,6332.24,1
2023-10-04,2023-10-04 12:30:00,218.5,218.53,218.5,218.53,0.01,28.52,6332.24,1
2023-10-04,2023-10-04 12:31:00,218.53,218.55,218.53,218.55,0.01,28.52,6332.24,1
2023-10-04,2023-10-04 12:32:00,218.55,218.58,218.55,218.58,0.01,28.52,6332.24,1
2023-10-04,2023-10-04 12:33:00,218.58,218.61,218.58,218.61,0.01,28.52,6332.24,1
2023-10-04,2023-10-04 12:34:00,218.61,218.63,218.61,218.63,0.01,28.52,6332.24,1
2023-10-04,2023-10-04 12:35:00,218.63,218.66,218.63,218.66,0.01,28.52,6332.24,1
2023-10-04,2023-10-04 12:36:00,218.66,218.69,218.66,218.69,0.01,28.52,6332.24,1
2023-10-04,2023-10-04 12:37:00,218.69,218.71,218.69,218.71,0.01,28.52,6332.24,1
2023-10-04,2023-10-04 12:38:00,218.71,218.74,218.71,218.74,0.01,28.52,6332.24,1
2023-10-04,2023-10-04 12:39:00,218.74,218.77,218.74,218.77,0.01,28.52,6332.24,1
2023-10-04,2023-10-04 12:40:00,218.77,218.79,218.77,218.79,0.01,28.52,6332.24,1
2023-10-04,2023-10-04 12:41:00,218.79,218.82,218.79,218.82,0.01,28.52,6332.24,1
2023-10-04,2023-10-04 12:42:00,218.82,218.85,218.82,218.85,0.01,28.52,6332.24,1
2023-10-04,2023-10-04 12:43:00,218.85,218.87,218.85,218.87,0.01,28.52,6332.24,1
2023-10-04,2023-10-04 12:44:00,218.87,218.9,218.87,218.9,0.01,28.52,6332.24,1
2023-10-04,2023-10-04 12:45:00,218.9,218.93,218.9,218.93,0.01,28.52,6332.24,1
2023-10-04,2023-10-04 12:46:00,218.93,218.95,218.93,218.95,0.01,28.52,6332.24,1
2023-10-04,2023-10-04 12:47:00,218.95,218.98,218.95,218.98,0.01,28.52,6332.24,1
2023-10-04,2023-10-04 12:48:00,218.98,219.01,218.98,219.01,0.01,28.52,6332.24,1
2023-10-04,2023-10-04 12:49:00,219.01,219.03,219.01,219.03,0.01,28.52,6332.24,1
2023-10-04,2023-10-04 12:50:00,219.03,219.06,219.03,219.06,0.01,28.52,6332.24,1
2023-10-04,2023-10-04 12:51:00,219.06,219.09,219.06,219.09,0.01,28.52,6332.24,1
2023-10-04,2023-10-04 12:52:00,219.09,219.11,219.09,219.11,0.01,28.52,6332.24,1
2023-10-04,2023-10-04 12:53:00,219.11,219.14,219.11,219.14,0.01,28.52,6332.24,1
2023-10-04,2023-10-04 12:54:00,219.14,219.17,219.14,219.17,0.01,28.52,6332.24,1
2023-10-04,2023-10-04 12:55:00,219.17,219.19,219.17,219.19,0.01,28.52,6332.24,1
2023-10-04,2023-10-04 12:56:00,219.19,219.22,219.19,219.22,0.01,28.52,6332.24,1
2023-10-04,2023-10-04 12:57:00,219.22,219.25,219.22,219.25,0.01,28.52,6332.24,1
2023-10-04,2023-10-04 12:58:00,219.25,219.27,219.25,219.27,0.01,28.52,6332.24,1
2023-10-04,2023-10-04 12:59:00,219.27,219.3,219.27,219.3,0.01,28.52,6332.24,1
2023-10-04,2023-10-04 13:00:00,219.3,229.5,216.0,219.33,0.01,28.52,6332.24,1
2023-10-04,2023-10-04 13:01:00,219.33,219.35,219.33,219.35,0.01,28.52,6332.24,1
2023-10-04,2023-10-04 13:02:00,219.35,219.38,219.35,219.38,0.01,28.52,6332.24,1
2023-10-04,2023-10-04 13:03:00,219.38,219.41,219.38,219.41,0.01,28.52,6332.24,1
2023-10-04,2023-10-04 13:04:00,219.41,219.43,219.41,219.43,0.01,28.52,6332.24,1
2023-10-04,2023-10-04 13:05:00,219.43,219.46,219.43,219.46,0.01,28.52,6332.24,1
2023-10-04,2023-10-04 13:06:00,219.46,219.49,219.46,219.49,0.01,28.52,6332.24,1
2023-10-04,2023-10-04 13:07:00,219.49,219.51,219.49,219.51,0.01,28.52,6332.24,1
2023-10-04,2023-10-04 13:08:00,219.51,219.54,219.51,219.54,0.01,28.52,6332.24,1
2023-10-04,2023-10-04 13:09:00,219.54,219.57,219.54,219.57,0.01,28.52,6332.24,1
2023-10-04,2023-10-04 13:10:00,219.57,219.59,219.57,219.59,0.01,28.52,6332.24,1
2023-10-04,2023-10-04 13:11:00,219.59,219.62,219.59,219.62,0.01,28.52,6332.24,1
2023-10-04,2023-10-04 13:12:00,219.62,219.65,219.62,219.65,0.01,28.52,6332.24,1
2023-10-04,2023-10-04 13:13:00,219.65,219.67,219.65,219.67,0.01,28.52,6332.24,1
2023-10-04,2023-10-04 13:14:00,219.67,219.7,219.67,219.7,0.01,28.52,6332.24,1
2023-10-04,2023-10-04 13:15:00,219.7,219.73,219.7,219.73,0.01,28.52,6332.24,1
2023-10-04,2023-10-04 13:16:00,219.73,219.75,219.73,219.75,0.01,28.52,6332.24,1
2023-10-04,2023-10-04 13:17:00,219.75,219.78,219.75,219.78,0.01,28.52,6332.24,1
2023-10-04,2023-10-04 13:18:00,219.78,219.81,219.78,219.81,0.01,28.52,6332.24,1
2023-10-04,2023-10-04 13:19:00,219.81,219.83,219.81,219.83,0.01,28.52,6332.24,1
2023-10-04,2023-10-04 13:20:00,219.83,219.86,219.83,219.86,0.01,28.52,6332.24,1
2023-10-04,2023-10-04 13:21:00,219.86,219.89,219.86,219.89,0.01,28.52,6332.24,1
2023-10-04,2023-10-04 13:22:00,219.89,219.91,219.89,219.91,0.01,28.52,6332.24,1
2023-10-04,2023-10-04 13:23:00,219.91,219.94,219.91,219.94,0.01,28.52,6332.24,1
2023-10-04,2023-10-04 13:24:00,219.94,219.97,219.94,219.97,0.01,28.52,6332.24,1
2023-10-04,2023-10-04 13:25:00,219.97,219.99,219.97,219.99,0.01,28.52,6332.24,1
2023-10-04,2023-10-04 13:26:00,219.99,220.02,219.99,220.02,0.01,28.52,6332.24,1
2023-10-04,2023-10-04 13:27:00,220.02,220.05,220.02,220.05,0.01,28.52,6332.24,1
2023-10-04,2023-10-04 13:28:00,220.05,220.07,220.05,220.07,0.01,28.52,6332.24,1
2023-10-04,2023-10-04 13:29:00,220.07,220.1,220.07,220.1,0.01,28.52,6332.24,1
2023-10-04,2023-10-04 13:30:00,220.1,220.13,220.1,220.13,0.01,28.52,6332.24,1
2023-10-04,2023-10-04 13:31:00,220.13,220.15,220.13,220.15,0.01,28.52,6332.24,1
2023-10-04,2023-10-04 13:32:00,220.15,220.18,220.15,220.18,0.01,28.52,6332.24,1
2023-10-04,2023-10-04 13:33:00,220.18,220.21,220.18,220.21,0.01,28.52,6332.24,1
2023-10-04,2023-10-04 13:34:00,220.21,220.23,220.21,220.23,0.01,28.52,6332.24,1
2023-10-04,2023-10-04 13:35:00,220.23,220.26,220.23,220.26,0.01,28.52,6332.24,1
2023-10-04,2023-10-04 13:36:00,220.26,220.29,220.26,220.29,0.01,28.52,6332.24,1
2023-10-04,2023-10-04 13:37:00,220.29,220.31,220.29,220.31,0.01,28.52,6332.24,1
2023-10-04,2023-10-04 13:38:00,220.31,220.34,220.31,220.34,0.01,28.52,6332.24,1
2023-10-04,2023-10-04 13:39:00,220.34,220.37,220.34,220.37,0.01,28.52,6332.24,1
2023-10-04,2023-10-04 13:40:00,220.37,220.39,220.37,220.39,0.01,28.52,6332.24,1
2023-10-04,2023-10-04 13:41:00,220.39,220.42,220.39,220.42,0.01,28.52,6332.24,1
2023-10-04,2023-10-04 13:42:00,220.42,220.45,220.42,220.45,0.01,28.52,6332.24,1
2023-10-04,2023-10-04 13:43:00,220.45,220.47,220.45,220.47,0.01,28.52,6332.24,1
2023-10-04,2023-10-04 13:44:00,220.47,220.5,220.47,220.5,0.01,28.52,6332.24,1
2023-10-04,2023-10-04 13:45:00,220.5,220.53,220.5,220.53,0.01,28.52,6332.24,1
2023-10-04,2023-10-04 13:46:00,220.53,220.55,220.53,220.55,0.01,28.52,6332.24,1
2023-10-04,2023-10-04 13:47:00,220.55,220.58,220.55,220.58,0.01,28.52,6332.24,1
2023-10-04,2023-10-04 13:48:00,220.58,220.61,220.58,220.61,0.01,28.52,6332.24,1
2023-10-04,2023-10-04 13:49:00,220.61,220.63,220.61,220.63,0.01,28.52,6332.24,1
2023-10-04,2023-10-04 13:50:00,220.63,220.66,220.63,220.66,0.01,28.52,6332.24,1
2023-10-04,2023-10-04 13:51:00,220.66,220.69,220.66,220.69,0.01,28.52,6332.24,1
2023-10-04,2023-10-04 13:52:00,220.69,220.71,220.69,220.71,0.01,28.52,6332.24,1
2023-10-04,2023-10-04 13:53:00,220.71,220.74,220.71,220.74,0.01,28.52,6332.24,1
2023-10-04,2023-10-04 13:54:00,220.74,220.77,220.74,220.77,0.01,28.52,6332.24,1
2023-10-04,2023-10-04 13:55:00,220.77,220.79,220.77,220.79,0.01,28.52,6332.24,1
2023-10-04,2023-10-04 13:56:00,220.79,220.82,220.79,220.82,0.01,28.52,6332.24,1
2023-10-04,2023-10-04 13:57:00,220.82,220.85,220.82,220.85,0.01,28.52,6332.24,1
2023-10-04,2023-10-04 13:58:00,220.85,220.87,220.85,220.87,0.01,28.52,6332.24,1
2023-10-04,2023-10-04 13:59:00,220.87,220.9,220.87,220.9,0.01,28.52,6332.24,1
2023-10-04,2023-10-04 14:00:00,220.9,220.93,220.9,220.93,0.01,28.52,6332.24,1
2023-10-04,2023-10-04 14:01:00,220.93,220.95,220.93,220.95,0.01,28.52,6332.24,1
2023-10-04,2023-10-04 14:02:00,220.95,220.98,220.95,220.98,0.01,28.52,6332.24,1
2023-10-04,2023-10-04 14:03:00,220.98,221.01,220.98,221.01,0.01,28.52,6332.24,1
2023-10-04,2023-10-04 14:04:00,221.01,221.03,221.01,221.03,0.01,28.52,6332.24,1
2023-10-04,2023-10-04 14:05:00,221.03,221.06,221.03,221.06,0.01,28.52,6332.24,1
2023-10-04,2023-10-04 14:06:00,221.06,221.09,221.06,221.09,0.01,28.52,6332.24,1
2023-10-04,2023-10-04 14:07:00,221.09,221.11,221.09,221.11,0.01,28.52,6332.24,1
2023-10-04,2023-10-04 14:08:00,221.11,221.14,221.11,221.14,0.01,28.52,6332.24,1
2023-10-04,2023-10-04 14:09:00,221.14,221.17,221.14,221.17,0.01,28.52,6332.24,1
2023-10-04,2023-10-04 14:10:00,221.17,221.19,221.17,221.19,0.01,28.52,6332.24,1
2023-10-04,2023-10-04 14:11:00,221.19,221.22,221.19,221.22,0.01,28.52,6332.24,1
2023-10-04,2023-10-04 14:12:00,221.22,221.25,221.22,221.25,0.01,28.52,6332.24,1
2023-10-04,2023-10-04 14:13:00,221.25,221.27,221.25,221.27,0.01,28.52,6332.24,1
2023-10-04,2023-10-04 14:14:00,221.27,221.3,221.27,221.3,0.01,28.52,6332.24,1
2023-10-04,2023-10-04 14:15:00,221.3,221.33,221.3,221.33,0.01,28.52,6332.24,1
2023-10-04,2023-10-04 14:16:00,221.33,221.35,221.33,221.35,0.01,28.52,6332.24,1
2023-10-04,2023-10-04 14:17:00,221.35,221.38,221.35,221.38,0.01,28.52,6332.24,1
2023-10-04,2023-10-04 14:18:00,221.38,221.41,221.38,221.41,0.01,28.52,6332.24,1
2023-10-04,2023-10-04 14:19:00,221.41,221.43,221.41,221.43,0.01,28.52,6332.24,1
2023-10-04,2023-10-04 14:20:00,221.43,221.46,221.43,221.46,0.01,28.52,6332.24,1
2023-10-04,2023-10-04 14:21:00,221.46,221.49,221.46,221.49,0.01,28.52,6332.24,1
2023-10-04,2023-10-04 14:22:00,221.49,221.51,221.49,221.51,0.01,28.52,6332.24,1
2023-10-04,2023-10-04 14:23:00,221.51,221.54,221.51,221.54,0.01,28.52,6332.24,1
2023-10-04,2023-10-04 14:24:00,221.54,221.57,221.54,221.57,0.01,28.52,6332.24,1
2023-10-04,2023-10-04 14:25:00,221.57,221.59,221.57,221.59,0.01,28.52,6332.24,1
2023-10-04,2023-10-04 14:26:00,221.59,221.62,221.59,221.62,0.01,28.52,6332.24,1
2023-10-04,2023-10-04 14:27:00,221.62,221.65,221.62,221.65,0.01,28.52,6332.24,1
2023-10-04,2023-10-04 14:28:00,221.65,221.67,221.65,221.67,0.01,28.52,6332.24,1
2023-10-04,2023-10-04 14:29:00,221.67,221.7,221.67,221.7,0.01,28.52,6332.24,1
2023-10-04,2023-10-04 14:30:00,221.7,221.73,221.7,221.73,0.01,28.52,6332.24,1
2023-10-04,2023-10-04 14:31:00,221.73,221.75,221.73,221.75,0.01,28.52,6332.24,1
2023-10-04,2023-10-04 14:32:00,221.75,221.78,221.75,221.78,0.01,28.52,6332.24,1
2023-10-04,2023-10-04 14:33:00,221.78,221.81,221.78,221.81,0.01,28.52,6332.24,1
2023-10-04,2023-10-04 14:34:00,221.81,221.83,221.81,221.83,0.01,28.52,6332.24,1
2023-10-04,2023-10-04 14:35:00,221.83,221.86,221.83,221.86,0.01,28.52,6332.24,1
2023-10-04,2023-10-04 14:36:00,221.86,221.89,221.86,221.89,0.01,28.52,6332.24,1
2023-10-04,2023-10-04 14:37:00,221.89,221.91,221.89,221.91,0.01,28.52,6332.24,1
2023-10-04,2023-10-04 14:38:00,221.91,221.94,221.91,221.94,0.01,28.52,6332.24,1
2023-10-04,2023-10-04 14:39:00,221.94,221.97,221.94,221.97,0.01,28.52,6332.24,1
2023-10-04,2023-10-04 14:40:00,221.97,221.99,221.97,221.99,0.01,28.52,6332.24,1
2023-10-04,2023-10-04 14:41:00,221.99,222.02,221.99,222.02,0.01,28.52,6332.24,1
2023-10-04,2023-10-04 14:42:00,222.02,222.05,222.02,222.05,0.01,28.52,6332.24,1
2023-10-04,2023-10-04 14:43:00,222.05,222.07,222.05,222.07,0.01,28.52,6332.24,1
2023-10-04,2023-10-04 14:44:00,222.07,222.1,222.07,222.1,0.01,28.52,6332.24,1
2023-10-04,2023-10-04 14:45:00,222.1,222.13,222.1,222.13,0.01,28.52,6332.24,1
2023-10-04,2023-10-04 14:46:00,222.13,222.15,222.13,222.15,0.01,28.52,6332.24,1
2023-10-04,2023-10-04 14:47:00,222.15,222.18,222.15,222.18,0.01,28.52,6332.24,1
2023-10-04,2023-10-04 14:48:00,222.18,222.21,222.18,222.21,0.01,28.52,6332.24,1
2023-10-04,2023-10-04 14:49:00,222.21,222.23,222.21,222.23,0.01,28.52,6332.24,1
2023-10-04,2023-10-04 14:50:00,222.23,222.26,222.23,222.26,0.01,28.52,6332.24,1
2023-10-04,2023-10-04 14:51:00,222.26,222.29,222.26,222.29,0.01,28.52,6332.24,1
2023-10-04,2023-10-04 14:52:00,222.29,222.31,222.29,222.31,0.01,28.52,6332.24,1
2023-10-04,2023-10-04 14:53:00,222.31,222.34,222.31,222.34,0.01,28.52,6332.24,1
2023-10-04,2023-10-04 14:54:00,222.34,222.37,222.34,222.37,0.01,28.52,6332.24,1
2023-10-04,2023-10-04 14:55:00,222.37,222.39,222.37,222.39,0.01,28.52,6332.24,1
2023-10-04,2023-10-04 14:56:00,222.39,222.42,222.39,222.42,0.01,28.52,6332.24,1
2023-10-04,2023-10-04 14:57:00,222.42,222.45,222.42,222.45,0.01,28.52,6332.24,1
2023-10-04,2023-10-04 14:58:00,222.45,222.47,222.45,222.47,0.01,28.52,6332.24,1
2023-10-04,2023-10-04 14:59:00,222.47,222.5,222.47,222.5,0.01,28.52,6332.24,1
2023-10-04,2023-10-04 15:00:00,222.5,229.5,216.0,222.5,0.0,28.52,6332.24,0
2023-10-05,2023-10-05 11:00:00,220.2,222.99,220.05,220.2,0.0,26.29,5863.65,0
2023-10-05,2023-10-05 11:01:00,220.2,220.2,220.2,220.2,0.0,26.29,5863.65,0
2023-10-05,2023-10-05 11:02:00,220.2,220.2,220.2,220.2,0.0,26.29,5863.65,0
2023-10-05,2023-10-05 11:03:00,220.2,220.2,220.2,220.2,0.0,26.29,5863.65,0
2023-10-05,2023-10-05 11:04:00,220.2,220.2,220.2,220.2,0.0,26.29,5863.65,0
2023-10-05,2023-10-05 11:05:00,220.2,220.2,220.19,220.19,-0.0,26.29,5863.65,-1
2023-10-05,2023-10-05 11:06:00,220.19,220.19,220.19,220.19,0.0,26.29,5863.65,0
2023-10-05,2023-10-05 11:07:00,220.19,220.19,220.19,220.19,0.0,26.29,5863.65,0
2023-10-05,2023-10-05 11:08:00,220.19,220.19,220.19,220.19,0.0,26.29,5863.65,0
2023-10-05,2023-10-05 11:09:00,220.19,220.19,220.19,220.19,0.0,26.29,5863.65,0
2023-10-05,2023-10-05 11:10:00,220.19,220.19,220.19,220.19,0.0,26.29,5863.65,0
2023-10-05,2023-10-05 11:11:00,220.19,220.19,220.19,220.19,0.0,26.29,5863.65,0
2023-10-05,2023-10-05 11:12:00,220.19,220.19,220.19,220.19,0.0,26.29,5863.65,0
2023-10-05,2023-10-05 11:13:00,220.19,220.19,220.19,220.19,0.0,26.29,5863.65,0
2023-10-05,2023-10-05 11:14:00,220.19,220.19,220.19,220.19,0.0,26.29,5863.65,0
2023-10-05,2023-10-05 11:15:00,220.19,220.19,220.19,220.19,0.0,26.29,5863.65,0
2023-10-05,2023-10-05 11:16:00,220.19,220.19,220.19,220.19,0.0,26.29,5863.65,0
2023-10-05,2023-10-05 11:17:00,220.19,220.19,220.19,220.19,0.0,26.29,5863.65,0
2023-10-05,2023-10-05 11:18:00,220.19,220.19,220.18,220.18,-0.0,26.29,5863.65,-1
2023-10-05,2023-10-05 11:19:00,220.18,220.18,220.18,220.18,0.0,26.29,5863.65,0
2023-10-05,2023-10-05 11:20:00,220.18,220.18,220.18,220.18,0.0,26.29,5863.65,0
2023-10-05,2023-10-05 11:21:00,220.18,220.18,220.18,220.18,0.0,26.29,5863.65,0
2023-10-05,2023-10-05 11:22:00,220.18,220.18,220.18,220.18,0.0,26.29,5863.65,0
2023-10-05,2023-10-05 11:23:00,220.18,220.18,220.18,220.18,0.0,26.29,5863.65,0
2023-10-05,2023-10-05 11:24:00,220.18,220.18,220.18,220.18,0.0,26.29,5863.65,0
2023-10-05,2023-10-05 11:25:00,220.18,220.18,220.18,220.18,0.0,26.29,5863.65,0
2023-10-05,2023-10-05 11:26:00,220.18,220.18,220.18,220.18,0.0,26.29,5863.65,0
2023-10-05,2023-10-05 11:27:00,220.18,220.18,220.18,220.18,0.0,26.29,5863.65,0
2023-10-05,2023-10-05 11:28:00,220.18,220.18,220.18,220.18,0.0,26.29,5863.65,0
2023-10-05,2023-10-05 11:29:00,220.18,220.18,220.17,220.17,-0.0,26.29,5863.65,-1
2023-10-05,2023-10-05 11:30:00,220.17,220.17,220.17,220.17,0.0,26.29,5863.65,0
2023-10-05,2023-10-05 11:31:00,220.17,220.17,220.17,220.17,0.0,26.29,5863.65,0
2023-10-05,2023-10-05 11:32:00,220.17,220.17,220.17,220.17,0.0,26.29,5863.65,0
2023-10-05,2023-10-05 11:33:00,220.17,220.17,220.17,220.17,0.0,26.29,5863.65,0
2023-10-05,2023-10-05 11:34:00,220.17,220.17,220.17,220.17,0.0,26.29,5863.65,0
2023-10-05,2023-10-05 11:35:00,220.17,220.17,220.17,220.17,0.0,26.29,5863.65,0
2023-10-05,2023-10-05 11:36:00,220.17,220.17,220.17,220.17,0.0,26.29,5863.65,0
2023-10-05,2023-10-05 11:37:00,220.17,220.17,220.17,220.17,0.0,26.29,5863.65,0
2023-10-05,2023-10-05 11:38:00,220.17,220.17,220.17,220.17,0.0,26.29,5863.65,0
2023-10-05,2023-10-05 11:39:00,220.17,220.17,220.17,220.17,0.0,26.29,5863.65,0
2023-10-05,2023-10-05 11:40:00,220.17,220.17,220.17,220.17,0.0,26.29,5863.65,0
2023-10-05,2023-10-05 11:41:00,220.17,220.17,220.16,220.16,-0.0,26.29,5863.65,-1
2023-10-05,2023-10-05 11:42:00,220.16,220.16,220.16,220.16,0.0,26.29,5863.65,0
2023-10-05,2023-10-05 11:43:00,220.16,220.16,220.16,220.16,0.0,26.29,5863.65,0
2023-10-05,2023-10-05 11:44:00,220.16,220.16,220.16,220.16,0.0,26.29,5863.65,0
2023-10-05,2023-10-05 11:45:00,220.16,220.16,220.16,220.16,0.0,26.29,5863.65,0
2023-10-05,2023-10-05 11:46:00,220.16,220.16,220.16,220.16,0.0,26.29,5863.65,0
2023-10-05,2023-10-05 11:47:00,220.16,220.16,220.16,220.16,0.0,26.29,5863.65,0
2023-10-05,2023-10-05 11:48:00,220.16,220.16,220.16,220.16,0.0,26.29,5863.65,0
2023-10-05,2023-10-05 11:49:00,220.16,220.16,220.16,220.16,0.0,26.29,5863.65,0
2023-10-05,2023-10-05 11:50:00,220.16,220.16,220.16,220.16,0.0,26.29,5863.65,0
2023-10-05,2023-10-05 11:51:00,220.16,220.16,220.16,220.16,0.0,26.29,5863.65,0
2023-10-05,2023-10-05 11:52:00,220.16,220.16,220.16,220.16,0.0,26.29,5863.65,0
2023-10-05,2023-10-05 11:53:00,220.16,220.16,220.16,220.16,0.0,26.29,5863.65,0
2023-10-05,2023-10-05 11:54:00,220.16,220.16,220.15,220.15,-0.0,26.29,5863.65,-1
2023-10-05,2023-10-05 11:55:00,220.15,220.15,220.15,220.15,0.0,26.29,5863.65,0
2023-10-05,2023-10-05 11:56:00,220.15,220.15,220.15,220.15,0.0,26.29,5863.65,0
2023-10-05,2023-10-05 11:57:00,220.15,220.15,220.15,220.15,0.0,26.29,5863.65,0
2023-10-05,2023-10-05 11:58:00,220.15,220.15,220.15,220.15,0.0,26.29,5863.65,0
2023-10-05,2023-10-05 11:59:00,220.15,220.15,220.15,220.15,0.0,26.29,5863.65,0
2023-10-05,2023-10-05 12:00:00,220.15,220.15,220.15,220.15,0.0,26.29,5863.65,0
2023-10-05,2023-10-05 12:01:00,220.15,220.15,220.15,220.15,0.0,26.29,5863.65,0
2023-10-05,2023-10-05 12:02:00,220.15,220.15,220.15,220.15,0.0,26.29,5863.65,0
2023-10-05,2023-10-05 12:03:00,220.15,220.15,220.15,220.15,0.0,26.29,5863.65,0
2023-10-05,2023-10-05 12:04:00,220.15,220.15,220.15,220.15,0.0,26.29,5863.65,0
2023-10-05,2023-10-05 12:05:00,220.15,220.15,220.14,220.14,-0.0,26.29,5863.65,-1
2023-10-05,2023-10-05 12:06:00,220.14,220.14,220.14,220.14,0.0,26.29,5863.65,0
2023-10-05,2023-10-05 12:07:00,220.14,220.14,220.14,220.14,0.0,26.29,5863.65,0
2023-10-05,2023-10-05 12:08:00,220.14,220.14,220.14,220.14,0.0,26.29,5863.65,0
2023-10-05,2023-10-05 12:09:00,220.14,220.14,220.14,220.14,0.0,26.29,5863.65,0
2023-10-05,2023-10-05 12:10:00,220.14,220.14,220.14,220.14,0.0,26.29,5863.65,0
2023-10-05,2023-10-05 12:11:00,220.14,220.14,220.14,220.14,0.0,26.29,5863.65,0
2023-10-05,2023-10-05 12:12:00,220.14,220.14,220.14,220.14,0.0,26.29,5863.65,0
2023-10-05,2023-10-05 12:13:00,220.14,220.14,220.14,220.14,0.0,26.29,5863.65,0
2023-10-05,2023-10-05 12:14:00,220.14,220.14,220.14,220.14,0.0,26.29,5863.65,0
2023-10-05,2023-10-05 12:15:00,220.14,220.14,220.14,220.14,0.0,26.29,5863.65,0
2023-10-05,2023-10-05 12:16:00,220.14,220.14,220.14,220.14,0.0,26.29,5863.65,0
2023-10-05,2023-10-05 12:17:00,220.14,220.14,220.13,220.13,-0.0,26.29,5863.65,-1
2023-10-05,2023-10-05 12:18:00,220.13,220.13,220.13,220.13,0.0,26.29,5863.65,0
2023-10-05,2023-10-05 12:19:00,220.13,220.13,220.13,220.13,0.0,26.29,5863.65,0
2023-10-05,2023-10-05 12:20:00,220.13,220.13,220.13,220.13,0.0,26.29,5863.65,0
2023-10-05,2023-10-05 12:21:00,220.13,220.13,220.13,220.13,0.0,26.29,5863.65,0
2023-10-05,2023-10-05 12:22:00,220.13,220.13,220.13,220.13,0.0,26.29,5863.65,0
2023-10-05,2023-10-05 12:23:00,220.13,220.13,220.13,220.13,0.0,26.29,5863.65,0
2023-10-05,2023-10-05 12:24:00,220.13,220.13,220.13,220.13,0.0,26.29,5863.65,0
2023-10-05,2023-10-05 12:25:00,220.13,220.13,220.13,220.13,0.0,26.29,5863.65,0
2023-10-05,2023-10-05 12:26:00,220.13,220.13,220.13,220.13,0.0,26.29,5863.65,0
2023-10-05,2023-10-05 12:27:00,220.13,220.13,220.13,220.13,0.0,26.29,5863.65,0
2023-10-05,2023-10-05 12:28:00,220.13,220.13,220.13,220.13,0.0,26.29,5863.65,0
2023-10-05,2023-10-05 12:29:00,220.13,220.13,220.12,220.12,-0.0,26.29,5863.65,-1
2023-10-05,2023-10-05 12:30:00,220.12,220.12,220.12,220.12,0.0,26.29,5863.65,0
2023-10-05,2023-10-05 12:31:00,220.12,220.12,220.12,220.12,0.0,26.29,5863.65,0
2023-10-05,2023-10-05 12:32:00,220.12,220.12,220.12,220.12,0.0,26.29,5863.65,0
2023-10-05,2023-10-05 12:33:00,220.12,220.12,220.12,220.12,0.0,26.29,5863.65,0
2023-10-05,2023-10-05 12:34:00,220.12,220.12,220.12,220.12,0.0,26.29,5863.65,0
2023-10-05,2023-10-05 12:35:00,220.12,220.12,220.12,220.12,0.0,26.29,5863.65,0
2023-10-05,2023-10-05 12:36:00,220.12,220.12,220.12,220.12,0.0,26.29,5863.65,0
2023-10-05,2023-10-05 12:37:00,220.12,220.12,220.12,220.12,0.0,26.29,5863.65,0
2023-10-05,2023-10-05 12:38:00,220.12,220.12,220.12,220.12,0.0,26.29,5863.65,0
2023-10-05,2023-10-05 12:39:00,220.12,220.12,220.12,220.12,0.0,26.29,5863.65,0
2023-10-05,2023-10-05 12:40:00,220.12,220.12,220.12,220.12,0.0,26.29,5863.65,0
2023-10-05,2023-10-05 12:41:00,220.12,220.12,220.11,220.11,-0.0,26.29,5863.65,-1
2023-10-05,2023-10-05 12:42:00,220.11,220.11,220.11,220.11,0.0,26.29,5863.65,0
2023-10-05,2023-10-05 12:43:00,220.11,220.11,220.11,220.11,0.0,26.29,5863.65,0
2023-10-05,2023-10-05 12:44:00,220.11,220.11,220.11,220.11,0.0,26.29,5863.65,0
2023-10-05,2023-10-05 12:45:00,220.11,220.11,220.11,220.11,0.0,26.29,5863.65,0
2023-10-05,2023-10-05 12:46:00,220.11,220.11,220.11,220.11,0.0,26.29,5863.65,0
2023-10-05,2023-10-05 12:47:00,220.11,220.11,220.11,220.11,0.0,26.29,5863.65,0
2023-10-05,2023-10-05 12:48:00,220.11,220.11,220.11,220.11,0.0,26.29,5863.65,0
2023-10-05,2023-10-05 12:49:00,220.11,220.11,220.11,220.11,0.0,26.29,5863.65,0
2023-10-05,2023-10-05 12:50:00,220.11,220.11,220.11,220.11,0.0,26.29,5863.65,0
2023-10-05,2023-10-05 12:51:00,220.11,220.11,220.11,220.11,0.0,26.29,5863.65,0
2023-10-05,2023-10-05 12:52:00,220.11,220.11,220.11,220.11,0.0,26.29,5863.65,0
2023-10-05,2023-10-05 12:53:00,220.11,220.11,220.1,220.1,-0.0,26.29,5863.65,-1
2023-10-05,2023-10-05 12:54:00,220.1,220.1,220.1,220.1,0.0,26.29,5863.65,0
2023-10-05,2023-10-05 12:55:00,220.1,220.1,220.1,220.1,0.0,26.29,5863.65,0
2023-10-05,2023-10-05 12:56:00,220.1,220.1,220.1,220.1,0.0,26.29,5863.65,0
2023-10-05,2023-10-05 12:57:00,220.1,220.1,220.1,220.1,0.0,26.29,5863.65,0
2023-10-05,2023-10-05 12:58:00,220.1,220.1,220.1,220.1,0.0,26.29,5863.65,0
2023-10-05,2023-10-05 12:59:00,220.1,220.1,220.1,220.1,0.0,26.29,5863.65,0
2023-10-05,2023-10-05 13:00:00,220.1,229.5,219.7,220.1,0.0,26.29,5863.65,0
2023-10-05,2023-10-05 13:01:00,220.1,220.1,220.1,220.1,0.0,26.29,5863.65,0
2023-10-05,2023-10-05 13:02:00,220.1,220.1,220.1,220.1,0.0,26.29,5863.65,0
2023-10-05,2023-10-05 13:03:00,220.1,220.1,220.1,220.1,0.0,26.29,5863.65,0
2023-10-05,2023-10-05 13:04:00,220.1,220.1,220.1,220.1,0.0,26.29,5863.65,0
2023-10-05,2023-10-05 13:05:00,220.1,220.1,220.09,220.09,-0.0,26.29,5863.65,-1
2023-10-05,2023-10-05 13:06:00,220.09,220.09,220.09,220.09,0.0,26.29,5863.65,0
2023-10-05,2023-10-05 13:07:00,220.09,220.09,220.09,220.09,0.0,26.29,5863.65,0
2023-10-05,2023-10-05 13:08:00,220.09,220.09,220.09,220.09,0.0,26.29,5863.65,0
2023-10-05,2023-10-05 13:09:00,220.09,220.09,220.09,220.09,0.0,26.29,5863.65,0
2023-10-05,2023-10-05 13:10:00,220.09,220.09,220.09,220.09,0.0,26.29,5863.65,0
2023-10-05,2023-10-05 13:11:00,220.09,220.09,220.09,220.09,0.0,26.29,5863.65,0
2023-10-05,2023-10-05 13:12:00,220.09,220.09,220.09,220.09,0.0,26.29,5863.65,0
2023-10-05,2023-10-05 13:13:00,220.09,220.09,220.09,220.09,0.0,26.29,5863.65,0
2023-10-05,2023-10-05 13:14:00,220.09,220.09,220.09,220.09,0.0,26.29,5863.65,0
2023-10-05,2023-10-05 13:15:00,220.09,220.09,220.09,220.09,0.0,26.29,5863.65,0
2023-10-05,2023-10-05 13:16:00,220.09,220.09,220.09,220.09,0.0,26.29,5863.65,0
2023-10-05,2023-10-05 13:17:00,220.09,220.09,220.09,220.09,0.0,26.29,5863.65,0
2023-10-05,2023-10-05 13:18:00,220.09,220.09,220.08,220.08,-0.0,26.29,5863.65,-1
2023-10-05,2023-10-05 13:19:00,220.08,220.08,220.08,220.08,0.0,26.29,5863.65,0
2023-10-05,2023-10-05 13:20:00,220.08,220.08,220.08,220.08,0.0,26.29,5863.65,0
2023-10-05,2023-10-05 13:21:00,220.08,220.08,220.08,220.08,0.0,26.29,5863.65,0
2023-10-05,2023-10-05 13:22:00,220.08,220.08,220.08,220.08,0.0,26.29,5863.65,0
2023-10-05,2023-10-05 13:23:00,220.08,220.08,220.08,220.08,0.0,26.29,5863.65,0
2023-10-05,2023-10-05 13:24:00,220.08,220.08,220.08,220.08,0.0,26.29,5863.65,0
2023-10-05,2023-10-05 13:25:00,220.08,220.08,220.08,220.08,0.0,26.29,5863.65,0
2023-10-05,2023-10-05 13:26:00,220.08,220.08,220.08,220.08,0.0,26.29,5863.65,0
2023-10-05,2023-10-05 13:27:00,220.08,220.08,220.08,220.08,0.0,26.29,5863.65,0
2023-10-05,2023-10-05 13:28:00,220.08,220.08,220.08,220.08,0.0,26.29,5863.65,0
2023-10-05,2023-10-05 13:29:00,220.08,220.08,220.07,220.07,-0.0,26.29,5863.65,-1
2023-10-05,2023-10-05 13:30:00,220.07,220.07,220.07,220.07,0.0,26.29,5863.65,0
2023-10-05,2023-10-05 13:31:00,220.07,220.07,220.07,220.07,0.0,26.29,5863.65,0
2023-10-05,2023-10-05 13:32:00,220.07,220.07,220.07,220.07,0.0,26.29,5863.65,0
2023-10-05,2023-10-05 13:33:00,220.07,220.07,220.07,220.07,0.0,26.29,5863.65,0
2023-10-05,2023-10-05 13:34:00,220.07,220.07,220.07,220.07,0.0,26.29,5863.65,0
2023-10-05,2023-10-05 13:35:00,220.07,220.07,220.07,220.07,0.0,26.29,5863.65,0
2023-10-05,2023-10-05 13:36:00,220.07,220.07,220.07,220.07,0.0,26.29,5863.65,0
2023-10-05,2023-10-05 13:37:00,220.07,220.07,220.07,220.07,0.0,26.29,5863.65,0
2023-10-05,2023-10-05 13:38:00,220.07,220.07,220.07,220.07,0.0,26.29,5863.65,0
2023-10-05,2023-10-05 13:39:00,220.07,220.07,220.07,220.07,0.0,26.29,5863.65,0
2023-10-05,2023-10-05 13:40:00,220.07,220.07,220.07,220.07,0.0,26.29,5863.65,0
2023-10-05,2023-10-05 13:41:00,220.07,220.07,220.06,220.06,-0.0,26.29,5863.65,-1
2023-10-05,2023-10-05 13:42:00,220.06,220.06,220.06,220.06,0.0,26.29,5863.65,0
2023-10-05,2023-10-05 13:43:00,220.06,220.06,220.06,220.06,0.0,26.29,5863.65,0
2023-10-05,2023-10-05 13:44:00,220.06,220.06,220.06,220.06,0.0,26.29,5863.65,0
2023-10-05,2023-10-05 13:45:00,220.06,220.06,220.06,220.06,0.0,26.29,5863.65,0
2023-10-05,2023-10-05 13:46:00,220.06,220.06,220.06,220.06,0.0,26.29,5863.65,0
2023-10-05,2023-10-05 13:47:00,220.06,220.06,220.06,220.06,0.0,26.29,5863.65,0
2023-10-05,2023-10-05 13:48:00,220.06,220.06,220.06,220.06,0.0,26.29,5863.65,0
2023-10-05,2023-10-05 13:49:00,220.06,220.06,220.06,220.06,0.0,26.29,5863.65,0
2023-10-05,2023-10-05 13:50:00,220.06,220.06,220.06,220.06,0.0,26.29,5863.65,0
2023-10-05,2023-10-05 13:51:00,220.06,220.06,220.06,220.06,0.0,26.29,5863.65,0
2023-10-05,2023-10-05 13:52:00,220.06,220.06,220.06,220.06,0.0,26.29,5863.65,0
2023-10-05,2023-10-05 13:53:00,220.06,220.06,220.06,220.06,0.0,26.29,5863.65,0
2023-10-05,2023-10-05 13:54:00,220.06,220.06,220.05,220.05,-0.0,26.29,5863.65,-1
2023-10-05,2023-10-05 13:55:00,220.05,220.05,220.05,220.05,0.0,26.29,5863.65,0
2023-10-05,2023-10-05 13:56:00,220.05,220.05,220.05,220.05,0.0,26.29,5863.65,0
2023-10-05,2023-10-05 13:57:00,220.05,220.05,220.05,220.05,0.0,26.29,5863.65,0
2023-10-05,2023-10-05 13:58:00,220.05,220.05,220.05,220.05,0.0,26.29,5863.65,0
2023-10-05,2023-10-05 13:59:00,220.05,220.05,220.05,220.05,0.0,26.29,5863.65,0
2023-10-05,2023-10-05 14:00:00,220.05,220.05,220.05,220.05,0.0,26.29,5863.65,0
2023-10-05,2023-10-05 14:01:00,220.05,220.05,220.05,220.05,0.0,26.29,5863.65,0
2023-10-05,2023-10-05 14:02:00,220.05,220.05,220.05,220.05,0.0,26.29,5863.65,0
2023-10-05,2023-10-05 14:03:00,220.05,220.05,220.05,220.05,0.0,26.29,5863.65,0
2023-10-05,2023-10-05 14:04:00,220.05,220.05,220.05,220.05,0.0,26.29,5863.65,0
2023-10-05,2023-10-05 14:05:00,220.05,220.05,220.04,220.04,-0.0,26.29,5863.65,-1
2023-10-05,2023-10-05 14:06:00,220.04,220.04,220.04,220.04,0.0,26.29,5863.65,0
2023-10-05,2023-10-05 14:07:00,220.04,220.04,220.04,220.04,0.0,26.29,5863.65,0
2023-10-05,2023-10-05 14:08:00,220.04,220.04,220.04,220.04,0.0,26.29,5863.65,0
2023-10-05,2023-10-05 14:09:00,220.04,220.04,220.04,220.04,0.0,26.29,5863.65,0
2023-10-05,2023-10-05 14:10:00,220.04,220.04,220.04,220.04,0.0,26.29,5863.65,0
2023-10-05,2023-10-05 14:11:00,220.04,220.04,220.04,220.04,0.0,26.29,5863.65,0
2023-10-05,2023-10-05 14:12:00,220.04,220.04,220.04,220.04,0.0,26.29,5863.65,0
2023-10-05,2023-10-05 14:13:00,220.04,220.04,220.04,220.04,0.0,26.29,5863.65,0
2023-10-05,2023-10-05 14:14:00,220.04,220.04,220.04,220.04,0.0,26.29,5863.65,0
2023-10-05,2023-10-05 14:15:00,220.04,220.04,220.04,220.04,0.0,26.29,5863.65,0
2023-10-05,2023-10-05 14:16:00,220.04,220.04,220.04,220.04,0.0,26.29,5863.65,0
2023-10-05,2023-10-05 14:17:00,220.04,220.04,220.03,220.03,-0.0,26.29,5863.65,-1
2023-10-05,2023-10-05 14:18:00,220.03,220.03,220.03,220.03,0.0,26.29,5863.65,0
2023-10-05,2023-10-05 14:19:00,220.03,220.03,220.03,220.03,0.0,26.29,5863.65,0
2023-10-05,2023-10-05 14:20:00,220.03,220.03,220.03,220.03,0.0,26.29,5863.65,0
2023-10-05,2023-10-05 14:21:00,220.03,220.03,220.03,220.03,0.0,26.29,5863.65,0
2023-10-05,2023-10-05 14:22:00,220.03,220.03,220.03,220.03,0.0,26.29,5863.65,0
2023-10-05,2023-10-05 14:23:00,220.03,220.03,220.03,220.03,0.0,26.29,5863.65,0
2023-10-05,2023-10-05 14:24:00,220.03,220.03,220.03,220.03,0.0,26.29,5863.65,0
2023-10-05,2023-10-05 14:25:00,220.03,220.03,220.03,220.03,0.0,26.29,5863.65,0
2023-10-05,2023-10-05 14:26:00,220.03,220.03,220.03,220.03,0.0,26.29,5863.65,0
2023-10-05,2023-10-05 14:27:00,220.03,220.03,220.03,220.03,0.0,26.29,5863.65,0
2023-10-05,2023-10-05 14:28:00,220.03,220.03,220.03,220.03,0.0,26.29,5863.65,0
2023-10-05,2023-10-05 14:29:00,220.03,220.03,220.03,220.03,0.0,26.29,5863.65,0
2023-10-05,2023-10-05 14:30:00,220.03,220.03,220.02,220.02,-0.0,26.29,5863.65,-1
2023-10-05,2023-10-05 14:31:00,220.02,220.02,220.02,220.02,0.0,26.29,5863.65,0
2023-10-05,2023-10-05 14:32:00,220.02,220.02,220.02,220.02,0.0,26.29,5863.65,0
2023-10-05,2023-10-05 14:33:00,220.02,220.02,220.02,220.02,0.0,26.29,5863.65,0
2023-10-05,2023-10-05 14:34:00,220.02,220.02,220.02,220.02,0.0,26.29,5863.65,0
2023-10-05,2023-10-05 14:35:00,220.02,220.02,220.02,220.02,0.0,26.29,5863.65,0
2023-10-05,2023-10-05 14:36:00,220.02,220.02,220.02,220.02,0.0,26.29,5863.65,0
2023-10-05,2023-10-05 14:37:00,220.02,220.02,220.02,220.02,0.0,26.29,5863.65,0
2023-10-05,2023-10-05 14:38:00,220.02,220.02,220.02,220.02,0.0,26.29,5863.65,0
2023-10-05,2023-10-05 14:39:00,220.02,220.02,220.02,220.02,0.0,26.29,5863.65,0
2023-10-05,2023-10-05 14:40:00,220.02,220.02,220.02,220.02,0.0,26.29,5863.65,0
2023-10-05,2023-10-05 14:41:00,220.02,220.02,220.01,220.01,-0.0,26.29,5863.65,-1
2023-10-05,2023-10-05 14:42:00,220.01,220.01,220.01,220.01,0.0,26.29,5863.65,0
2023-10-05,2023-10-05 14:43:00,220.01,220.01,220.01,220.01,0.0,26.29,5863.65,0
2023-10-05,2023-10-05 14:44:00,220.01,220.01,220.01,220.01,0.0,26.29,5863.65,0
2023-10-05,2023-10-05 14:45:00,220.01,220.01,220.01,220.01,0.0,26.29,5863.65,0
2023-10-05,2023-10-05 14:46:00,220.01,220.01,220.01,220.01,0.0,26.29,5863.65,0
2023-10-05,2023-10-05 14:47:00,220.01,220.01,220.01,220.01,0.0,26.29,5863.65,0
2023-10-05,2023-10-05 14:48:00,220.01,220.01,220.01,220.01,0.0,26.29,5863.65,0
2023-10-05,2023-10-05 14:49:00,220.01,220.01,220.01,220.01,0.0,26.29,5863.65,0
2023-10-05,2023-10-05 14:50:00,220.01,220.01,220.01,220.01,0.0,26.29,5863.65,0
2023-10-05,2023-10-05 14:51:00,220.01,220.01,220.01,220.01,0.0,26.29,5863.65,0
2023-10-05,2023-10-05 14:52:00,220.01,220.01,220.01,220.01,0.0,26.29,5863.65,0
2023-10-05,2023-10-05 14:53:00,220.01,220.01,220.0,220.0,-0.0,26.29,5863.65,-1
2023-10-05,2023-10-05 14:54:00,220.0,220.0,220.0,220.0,0.0,26.29,5863.65,0
2023-10-05,2023-10-05 14:55:00,220.0,220.0,220.0,220.0,0.0,26.29,5863.65,0
2023-10-05,2023-10-05 14:56:00,220.0,220.0,220.0,220.0,0.0,26.29,5863.65,0
2023-10-05,2023-10-05 14:57:00,220.0,220.0,220.0,220.0,0.0,26.29,5863.65,0
2023-10-05,2023-10-05 14:58:00,220.0,220.0,220.0,220.0,0.0,26.29,5863.65,0
2023-10-05,2023-10-05 14:59:00,220.0,220.0,220.0,220.0,0.0,26.29,5863.65,0
2023-10-05,2023-10-05 15:00:00,220.0,229.5,219.7,220.0,0.0,26.29,5863.65,0
2023-10-08,2023-10-08 11:00:00,216.0,216.6,214.44,215.99,-0.0,48.83,10428.01,-1
2023-10-08,2023-10-08 11:01:00,215.99,215.99,215.97,215.97,-0.01,48.83,10428.01,-1
2023-10-08,2023-10-08 11:02:00,215.97,215.97,215.96,215.96,-0.0,48.83,10428.01,-1
2023-10-08,2023-10-08 11:03:00,215.96,215.96,215.95,215.95,-0.0,48.83,10428.01,-1
2023-10-08,2023-10-08 11:04:00,215.95,215.95,215.94,215.94,-0.0,48.83,10428.01,-1
2023-10-08,2023-10-08 11:05:00,215.94,215.94,215.92,215.92,-0.01,48.83,10428.01,-1
2023-10-08,2023-10-08 11:06:00,215.92,215.92,215.91,215.91,-0.0,48.83,10428.01,-1
2023-10-08,2023-10-08 11:07:00,215.91,215.91,215.9,215.9,-0.0,48.83,10428.01,-1
2023-10-08,2023-10-08 11:08:00,215.9,215.9,215.88,215.88,-0.01,48.83,10428.01,-1
2023-10-08,2023-10-08 11:09:00,215.88,215.88,215.87,215.87,-0.0,48.83,10428.01,-1
2023-10-08,2023-10-08 11:10:00,215.87,215.87,215.86,215.86,-0.0,48.83,10428.01,-1
2023-10-08,2023-10-08 11:11:00,215.86,215.86,215.84,215.84,-0.01,48.83,10428.01,-1
2023-10-08,2023-10-08 11:12:00,215.84,215.84,215.83,215.83,-0.0,48.83,10428.01,-1
2023-10-08,2023-10-08 11:13:00,215.83,215.83,215.82,215.82,-0.0,48.83,10428.01,-1
2023-10-08,2023-10-08 11:14:00,215.82,215.82,215.81,215.81,-0.0,48.83,10428.01,-1
2023-10-08,2023-10-08 11:15:00,215.81,215.81,215.79,215.79,-0.01,48.83,10428.01,-1
2023-10-08,2023-10-08 11:16:00,215.79,215.79,215.78,215.78,-0.0,48.83,10428.01,-1
2023-10-08,2023-10-08 11:17:00,215.78,215.78,215.77,215.77,-0.0,48.83,10428.01,-1
2023-10-08,2023-10-08 11:18:00,215.77,215.77,215.75,215.75,-0.01,48.83,10428.01,-1
2023-10-08,2023-10-08 11:19:00,215.75,215.75,215.74,215.74,-0.0,48.83,10428.01,-1
2023-10-08,2023-10-08 11:20:00,215.74,215.74,215.73,215.73,-0.0,48.83,10428.01,-1
2023-10-08,2023-10-08 11:21:00,215.73,215.73,215.72,215.72,-0.0,48.83,10428.01,-1
2023-10-08,2023-10-08 11:22:00,215.72,215.72,215.7,215.7,-0.01,48.83,10428.01,-1
2023-10-08,2023-10-08 11:23:00,215.7,215.7,215.69,215.69,-0.0,48.83,10428.01,-1
2023-10-08,2023-10-08 11:24:00,215.69,215.69,215.68,215.68,-0.0,48.83,10428.01,-1
2023-10-08,2023-10-08 11:25:00,215.68,215.68,215.66,215.66,-0.01,48.83,10428.01,-1
2023-10-08,2023-10-08 11:26:00,215.66,215.66,215.65,215.65,-0.0,48.83,10428.01,-1
2023-10-08,2023-10-08 11:27:00,215.65,215.65,215.64,215.64,-0.0,48.83,10428.01,-1
2023-10-08,2023-10-08 11:28:00,215.64,215.64,215.63,215.63,-0.0,48.83,10428.01,-1
2023-10-08,2023-10-08 11:29:00,215.63,215.63,215.61,215.61,-0.01,48.83,10428.01,-1
2023-10-08,2023-10-08 11:30:00,215.61,215.61,215.6,215.6,-0.0,48.83,10428.01,-1
2023-10-08,2023-10-08 11:31:00,215.6,215.6,215.59,215.59,-0.0,48.83,10428.01,-1
2023-10-08,2023-10-08 11:32:00,215.59,215.59,215.57,215.57,-0.01,48.83,10428.01,-1
2023-10-08,2023-10-08 11:33:00,215.57,215.57,215.56,215.56,-0.0,48.83,10428.01,-1
2023-10-08,2023-10-08 11:34:00,215.56,215.56,215.55,215.55,-0.0,48.83,10428.01,-1
2023-10-08,2023-10-08 11:35:00,215.55,215.55,215.53,215.53,-0.01,48.83,10428.01,-1
2023-10-08,2023-10-08 11:36:00,215.53,215.53,215.52,215.52,-0.0,48.83,10428.01,-1
2023-10-08,2023-10-08 11:37:00,215.52,215.52,215.51,215.51,-0.0,48.83,10428.01,-1
2023-10-08,2023-10-08 11:38:00,215.51,215.51,215.5,215.5,-0.0,48.83,10428.01,-1
2023-10-08,2023-10-08 11:39:00,215.5,215.5,215.48,215.48,-0.01,48.83,10428.01,-1
2023-10-08,2023-10-08 11:40:00,215.48,215.48,215.47,215.47,-0.0,48.83,10428.01,-1
2023-10-08,2023-10-08 11:41:00,215.47,215.47,215.46,215.46,-0.0,48.83,10428.01,-1
2023-10-08,2023-10-08 11:42:00,215.46,215.46,215.44,215.44,-0.01,48.83,10428.01,-1
2023-10-08,2023-10-08 11:43:00,215.44,215.44,215.43,215.43,-0.0,48.83,10428.01,-1
2023-10-08,2023-10-08 11:44:00,215.43,215.43,215.42,215.42,-0.0,48.83,10428.01,-1
2023-10-08,2023-10-08 11:45:00,215.42,215.42,215.41,215.41,-0.0,48.83,10428.01,-1
2023-10-08,2023-10-08 11:46:00,215.41,215.41,215.39,215.39,-0.01,48.83,10428.01,-1
2023-10-08,2023-10-08 11:47:00,215.39,215.39,215.38,215.38,-0.0,48.83,10428.01,-1
2023-10-08,2023-10-08 11:48:00,215.38,215.38,215.37,215.37,-0.0,48.83,10428.01,-1
2023-10-08,2023-10-08 11:49:00,215.37,215.37,215.35,215.35,-0.01,48.83,10428.01,-1
2023-10-08,2023-10-08 11:50:00,215.35,215.35,215.34,215.34,-0.0,48.83,10428.01,-1
2023-10-08,2023-10-08 11:51:00,215.34,215.34,215.33,215.33,-0.0,48.83,10428.01,-1
2023-10-08,2023-10-08 11:52:00,215.33,215.33,215.32,215.32,-0.0,48.83,10428.01,-1
2023-10-08,2023-10-08 11:53:00,215.32,215.32,215.3,215.3,-0.01,48.83,10428.01,-1
2023-10-08,2023-10-08 11:54:00,215.3,215.3,215.29,215.29,-0.0,48.83,10428.01,-1
2023-10-08,2023-10-08 11:55:00,215.29,215.29,215.28,215.28,-0.0,48.83,10428.01,-1
2023-10-08,2023-10-08 11:56:00,215.28,215.28,215.26,215.26,-0.01,48.83,10428.01,-1
2023-10-08,2023-10-08 11:57:00,215.26,215.26,215.25,215.25,-0.0,48.83,10428.01,-1
2023-10-08,2023-10-08 11:58:00,215.25,215.25,215.24,215.24,-0.0,48.83,10428.01,-1
2023-10-08,2023-10-08 11:59:00,215.24,215.24,215.22,215.22,-0.01,48.83,10428.01,-1
2023-10-08,2023-10-08 12:00:00,215.22,215.22,215.21,215.21,-0.0,48.83,10428.01,-1
2023-10-08,2023-10-08 12:01:00,215.21,215.21,215.2,215.2,-0.0,48.83,10428.01,-1
2023-10-08,2023-10-08 12:02:00,215.2,215.2,215.19,215.19,-0.0,48.83,10428.01,-1
2023-10-08,2023-10-08 12:03:00,215.19,215.19,215.17,215.17,-0.01,48.83,10428.01,-1
2023-10-08,2023-10-08 12:04:00,215.17,215.17,215.16,215.16,-0.0,48.83,10428.01,-1
2023-10-08,2023-10-08 12:05:00,215.16,215.16,215.15,215.15,-0.0,48.83,10428.01,-1
2023-10-08,2023-10-08 12:06:00,215.15,215.15,215.13,215.13,-0.01,48.83,10428.01,-1
2023-10-08,2023-10-08 12:07:00,215.13,215.13,215.12,215.12,-0.0,48.83,10428.01,-1
2023-10-08,2023-10-08 12:08:00,215.12,215.12,215.11,215.11,-0.0,48.83,10428.01,-1
2023-10-08,2023-10-08 12:09:00,215.11,215.11,215.1,215.1,-0.0,48.83,10428.01,-1
2023-10-08,2023-10-08 12:10:00,215.1,215.1,215.08,215.08,-0.01,48.83,10428.01,-1
2023-10-08,2023-10-08 12:11:00,215.08,215.08,215.07,215.07,-0.0,48.83,10428.01,-1
2023-10-08,2023-10-08 12:12:00,215.07,215.07,215.06,215.06,-0.0,48.83,10428.01,-1
2023-10-08,2023-10-08 12:13:00,215.06,215.06,215.04,215.04,-0.01,48.83,10428.01,-1
2023-10-08,2023-10-08 12:14:00,215.04,215.04,215.03,215.03,-0.0,48.83,10428.01,-1
2023-10-08,2023-10-08 12:15:00,215.03,215.03,215.02,215.02,-0.0,48.83,10428.01,-1
2023-10-08,2023-10-08 12:16:00,215.02,215.02,215.01,215.01,-0.0,48.83,10428.01,-1
2023-10-08,2023-10-08 12:17:00,215.01,215.01,214.99,214.99,-0.01,48.83,10428.01,-1
2023-10-08,2023-10-08 12:18:00,214.99,214.99,214.98,214.98,-0.0,48.83,10428.01,-1
2023-10-08,2023-10-08 12:19:00,214.98,214.98,214.97,214.97,-0.0,48.83,10428.01,-1
2023-10-08,2023-10-08 12:20:00,214.97,214.97,214.95,214.95,-0.01,48.83,10428.01,-1
2023-10-08,2023-10-08 12:21:00,214.95,214.95,214.94,214.94,-0.0,48.83,10428.01,-1
2023-10-08,2023-10-08 12:22:00,214.94,214.94,214.93,214.93,-0.0,48.83,10428.01,-1
2023-10-08,2023-10-08 12:23:00,214.93,214.93,214.91,214.91,-0.01,48.83,10428.01,-1
2023-10-08,2023-10-08 12:24:00,214.91,214.91,214.9,214.9,-0.0,48.83,10428.01,-1
2023-10-08,2023-10-08 12:25:00,214.9,214.9,214.89,214.89,-0.0,48.83,10428.01,-1
2023-10-08,2023-10-08 12:26:00,214.89,214.89,214.88,214.88,-0.0,48.83,10428.01,-1
2023-10-08,2023-10-08 12:27:00,214.88,214.88,214.86,214.86,-0.01,48.83,10428.01,-1
2023-10-08,2023-10-08 12:28:00,214.86,214.86,214.85,214.85,-0.0,48.83,10428.01,-1
2023-10-08,2023-10-08 12:29:00,214.85,214.85,214.84,214.84,-0.0,48.83,10428.01,-1
2023-10-08,2023-10-08 12:30:00,214.84,214.84,214.82,214.82,-0.01,48.83,10428.01,-1
2023-10-08,2023-10-08 12:31:00,214.82,214.82,214.81,214.81,-0.0,48.83,10428.01,-1
2023-10-08,2023-10-08 12:32:00,214.81,214.81,214.8,214.8,-0.0,48.83,10428.01,-1
2023-10-08,2023-10-08 12:33:00,214.8,214.8,214.79,214.79,-0.0,48.83,10428.01,-1
2023-10-08,2023-10-08 12:34:00,214.79,214.79,214.77,214.77,-0.01,48.83,10428.01,-1
2023-10-08,2023-10-08 12:35:00,214.77,214.77,214.76,214.76,-0.0,48.83,10428.01,-1
2023-10-08,2023-10-08 12:36:00,214.76,214.76,214.75,214.75,-0.0,48.83,10428.01,-1
2023-10-08,2023-10-08 12:37:00,214.75,214.75,214.73,214.73,-0.01,48.83,10428.01,-1
2023-10-08,2023-10-08 12:38:00,214.73,214.73,214.72,214.72,-0.0,48.83,10428.01,-1
2023-10-08,2023-10-08 12:39:00,214.72,214.72,214.71,214.71,-0.0,48.83,10428.01,-1
2023-10-08,2023-10-08 12:40:00,214.71,214.71,214.7,214.7,-0.0,48.83,10428.01,-1
2023-10-08,2023-10-08 12:41:00,214.7,214.7,214.68,214.68,-0.01,48.83,10428.01,-1
2023-10-08,2023-10-08 12:42:00,214.68,214.68,214.67,214.67,-0.0,48.83,10428.01,-1
2023-10-08,2023-10-08 12:43:00,214.67,214.67,214.66,214.66,-0.0,48.83,10428.01,-1
2023-10-08,2023-10-08 12:44:00,214.66,214.66,214.64,214.64,-0.01,48.83,10428.01,-1
2023-10-08,2023-10-08 12:45:00,214.64,214.64,214.63,214.63,-0.0,48.83,10428.01,-1
2023-10-08,2023-10-08 12:46:00,214.63,214.63,214.62,214.62,-0.0,48.83,10428.01,-1
2023-10-08,2023-10-08 12:47:00,214.62,214.62,214.6,214.6,-0.01,48.83,10428.01,-1
2023-10-08,2023-10-08 12:48:00,214.6,214.6,214.59,214.59,-0.0,48.83,10428.01,-1
2023-10-08,2023-10-08 12:49:00,214.59,214.59,214.58,214.58,-0.0,48.83,10428.01,-1
2023-10-08,2023-10-08 12:50:00,214.58,214.58,214.57,214.57,-0.0,48.83,10428.01,-1
2023-10-08,2023-10-08 12:51:00,214.57,214.57,214.55,214.55,-0.01,48.83,10428.01,-1
2023-10-08,2023-10-08 12:52:00,214.55,214.55,214.54,214.54,-0.0,48.83,10428.01,-1
2023-10-08,2023-10-08 12:53:00,214.54,214.54,214.53,214.53,-0.0,48.83,10428.01,-1
2023-10-08,2023-10-08 12:54:00,214.53,214.53,214.51,214.51,-0.01,48.83,10428.01,-1
2023-10-08,2023-10-08 12:55:00,214.51,214.51,214.5,214.5,-0.0,48.83,10428.01,-1
2023-10-08,2023-10-08 12:56:00,214.5,214.5,214.49,214.49,-0.0,48.83,10428.01,-1
2023-10-08,2023-10-08 12:57:00,214.49,214.49,214.48,214.48,-0.0,48.83,10428.01,-1
2023-10-08,2023-10-08 12:58:00,214.48,214.48,214.46,214.46,-0.01,48.83,10428.01,-1
2023-10-08,2023-10-08 12:59:00,214.46,214.46,214.45,214.45,-0.0,48.83,10428.01,-1
2023-10-08,2023-10-08 13:00:00,214.45,218.0,210.8,214.44,-0.0,48.83,10428.01,-1
2023-10-08,2023-10-08 13:01:00,214.44,214.44,214.42,214.42,-0.01,48.83,10428.01,-1
2023-10-08,2023-10-08 13:02:00,214.42,214.42,214.41,214.41,-0.0,48.83,10428.01,-1
2023-10-08,2023-10-08 13:03:00,214.41,214.41,214.4,214.4,-0.0,48.83,10428.01,-1
2023-10-08,2023-10-08 13:04:00,214.4,214.4,214.39,214.39,-0.0,48.83,10428.01,-1
2023-10-08,2023-10-08 13:05:00,214.39,214.39,214.37,214.37,-0.01,48.83,10428.01,-1
2023-10-08,2023-10-08 13:06:00,214.37,214.37,214.36,214.36,-0.0,48.83,10428.01,-1
2023-10-08,2023-10-08 13:07:00,214.36,214.36,214.35,214.35,-0.0,48.83,10428.01,-1
2023-10-08,2023-10-08 13:08:00,214.35,214.35,214.33,214.33,-0.01,48.83,10428.01,-1
2023-10-08,2023-10-08 13:09:00,214.33,214.33,214.32,214.32,-0.0,48.83,10428.01,-1
2023-10-08,2023-10-08 13:10:00,214.32,214.32,214.31,214.31,-0.0,48.83,10428.01,-1
2023-10-08,2023-10-08 13:11:00,214.31,214.31,214.3,214.3,-0.0,48.83,10428.01,-1
2023-10-08,2023-10-08 13:12:00,214.3,214.3,214.28,214.28,-0.01,48.83,10428.01,-1
2023-10-08,2023-10-08 13:13:00,214.28,214.28,214.27,214.27,-0.0,48.83,10428.01,-1
2023-10-08,2023-10-08 13:14:00,214.27,214.27,214.26,214.26,-0.0,48.83,10428.01,-1
2023-10-08,2023-10-08 13:15:00,214.26,214.26,214.24,214.24,-0.01,48.83,10428.01,-1
2023-10-08,2023-10-08 13:16:00,214.24,214.24,214.23,214.23,-0.0,48.83,10428.01,-1
2023-10-08,2023-10-08 13:17:00,214.23,214.23,214.22,214.22,-0.0,48.83,10428.01,-1
2023-10-08,2023-10-08 13:18:00,214.22,214.22,214.2,214.2,-0.01,48.83,10428.01,-1
2023-10-08,2023-10-08 13:19:00,214.2,214.2,214.19,214.19,-0.0,48.83,10428.01,-1
2023-10-08,2023-10-08 13:20:00,214.19,214.19,214.18,214.18,-0.0,48.83,10428.01,-1
2023-10-08,2023-10-08 13:21:00,214.18,214.18,214.17,214.17,-0.0,48.83,10428.01,-1
2023-10-08,2023-10-08 13:22:00,214.17,214.17,214.15,214.15,-0.01,48.83,10428.01,-1
2023-10-08,2023-10-08 13:23:00,214.15,214.15,214.14,214.14,-0.0,48.83,10428.01,-1
2023-10-08,2023-10-08 13:24:00,214.14,214.14,214.13,214.13,-0.0,48.83,10428.01,-1
2023-10-08,2023-10-08 13:25:00,214.13,214.13,214.11,214.11,-0.01,48.83,10428.01,-1
2023-10-08,2023-10-08 13:26:00,214.11,214.11,214.1,214.1,-0.0,48.83,10428.01,-1
2023-10-08,2023-10-08 13:27:00,214.1,214.1,214.09,214.09,-0.0,48.83,10428.01,-1
2023-10-08,2023-10-08 13:28:00,214.09,214.09,214.08,214.08,-0.0,48.83,10428.01,-1
2023-10-08,2023-10-08 13:29:00,214.08,214.08,214.06,214.06,-0.01,48.83,10428.01,-1
2023-10-08,2023-10-08 13:30:00,214.06,214.06,214.05,214.05,-0.0,48.83,10428.01,-1
2023-10-08,2023-10-08 13:31:00,214.05,214.05,214.04,214.04,-0.0,48.83,10428.01,-1
2023-10-08,2023-10-08 13:32:00,214.04,214.04,214.02,214.02,-0.01,48.83,10428.01,-1
2023-10-08,2023-10-08 13:33:00,214.02,214.02,214.01,214.01,-0.0,48.83,10428.01,-1
2023-10-08,2023-10-08 13:34:00,214.01,214.01,214.0,214.0,-0.0,48.83,10428.01,-1
2023-10-08,2023-10-08 13:35:00,214.0,214.0,213.99,213.99,-0.0,48.83,10428.01,-1
2023-10-08,2023-10-08 13:36:00,213.99,213.99,213.97,213.97,-0.01,48.83,10428.01,-1
2023-10-08,2023-10-08 13:37:00,213.97,213.97,213.96,213.96,-0.0,48.83,10428.01,-1
2023-10-08,2023-10-08 13:38:00,213.96,213.96,213.95,213.95,-0.0,48.83,10428.01,-1
2023-10-08,2023-10-08 13:39:00,213.95,213.95,213.93,213.93,-0.01,48.83,10428.01,-1
2023-10-08,2023-10-08 13:40:00,213.93,213.93,213.92,213.92,-0.0,48.83,10428.01,-1
2023-10-08,2023-10-08 13:41:00,213.92,213.92,213.91,213.91,-0.0,48.83,10428.01,-1
2023-10-08,2023-10-08 13:42:00,213.91,213.91,213.89,213.89,-0.01,48.83,10428.01,-1
2023-10-08,2023-10-08 13:43:00,213.89,213.89,213.88,213.88,-0.0,48.83,10428.01,-1
2023-10-08,2023-10-08 13:44:00,213.88,213.88,213.87,213.87,-0.0,48.83,10428.01,-1
2023-10-08,2023-10-08 13:45:00,213.87,213.87,213.86,213.86,-0.0,48.83,10428.01,-1
2023-10-08,2023-10-08 13:46:00,213.86,213.86,213.84,213.84,-0.01,48.83,10428.01,-1
2023-10-08,2023-10-08 13:47:00,213.84,213.84,213.83,213.83,-0.0,48.83,10428.01,-1
2023-10-08,2023-10-08 13:48:00,213.83,213.83,213.82,213.82,-0.0,48.83,10428.01,-1
2023-10-08,2023-10-08 13:49:00,213.82,213.82,213.8,213.8,-0.01,48.83,10428.01,-1
2023-10-08,2023-10-08 13:50:00,213.8,213.8,213.79,213.79,-0.0,48.83,10428.01,-1
2023-10-08,2023-10-08 13:51:00,213.79,213.79,213.78,213.78,-0.0,48.83,10428.01,-1
2023-10-08,2023-10-08 13:52:00,213.78,213.78,213.77,213.77,-0.0,48.83,10428.01,-1
2023-10-08,2023-10-08 13:53:00,213.77,213.77,213.75,213.75,-0.01,48.83,10428.01,-1
2023-10-08,2023-10-08 13:54:00,213.75,213.75,213.74,213.74,-0.0,48.83,10428.01,-1
2023-10-08,2023-10-08 13:55:00,213.74,213.74,213.73,213.73,-0.0,48.83,10428.01,-1
2023-10-08,2023-10-08 13:56:00,213.73,213.73,213.71,213.71,-0.01,48.83,10428.01,-1
2023-10-08,2023-10-08 13:57:00,213.71,213.71,213.7,213.7,-0.0,48.83,10428.01,-1
2023-10-08,2023-10-08 13:58:00,213.7,213.7,213.69,213.69,-0.0,48.83,10428.01,-1
2023-10-08,2023-10-08 13:59:00,213.69,213.69,213.68,213.68,-0.0,48.83,10428.01,-1
2023-10-08,2023-10-08 14:00:00,213.68,213.68,213.66,213.66,-0.01,48.83,10428.01,-1
2023-10-08,2023-10-08 14:01:00,213.66,213.66,213.65,213.65,-0.0,48.83,10428.01,-1
2023-10-08,2023-10-08 14:02:00,213.65,213.65,213.64,213.64,-0.0,48.83,10428.01,-1
2023-10-08,2023-10-08 14:03:00,213.64,213.64,213.62,213.62,-0.01,48.83,10428.01,-1
2023-10-08,2023-10-08 14:04:00,213.62,213.62,213.61,213.61,-0.0,48.83,10428.01,-1
2023-10-08,2023-10-08 14:05:00,213.61,213.61,213.6,213.6,-0.0,48.83,10428.01,-1
2023-10-08,2023-10-08 14:06:00,213.6,213.6,213.58,213.58,-0.01,48.83,10428.01,-1
2023-10-08,2023-10-08 14:07:00,213.58,213.58,213.57,213.57,-0.0,48.83,10428.01,-1
2023-10-08,2023-10-08 14:08:00,213.57,213.57,213.56,213.56,-0.0,48.83,10428.01,-1
2023-10-08,2023-10-08 14:09:00,213.56,213.56,213.55,213.55,-0.0,48.83,10428.01,-1
2023-10-08,2023-10-08 14:10:00,213.55,213.55,213.53,213.53,-0.01,48.83,10428.01,-1
2023-10-08,2023-10-08 14:11:00,213.53,213.53,213.52,213.52,-0.0,48.83,10428.01,-1
2023-10-08,2023-10-08 14:12:00,213.52,213.52,213.51,213.51,-0.0,48.83,10428.01,-1
2023-10-08,2023-10-08 14:13:00,213.51,213.51,213.49,213.49,-0.01,48.83,10428.01,-1
2023-10-08,2023-10-08 14:14:00,213.49,213.49,213.48,213.48,-0.0,48.83,10428.01,-1
2023-10-08,2023-10-08 14:15:00,213.48,213.48,213.47,213.47,-0.0,48.83,10428.01,-1
2023-10-08,2023-10-08 14:16:00,213.47,213.47,213.46,213.46,-0.0,48.83,10428.01,-1
2023-10-08,2023-10-08 14:17:00,213.46,213.46,213.44,213.44,-0.01,48.83,10428.01,-1
2023-10-08,2023-10-08 14:18:00,213.44,213.44,213.43,213.43,-0.0,48.83,10428.01,-1
2023-10-08,2023-10-08 14:19:00,213.43,213.43,213.42,213.42,-0.0,48.83,10428.01,-1
2023-10-08,2023-10-08 14:20:00,213.42,213.42,213.4,213.4,-0.01,48.83,10428.01,-1
2023-10-08,2023-10-08 14:21:00,213.4,213.4,213.39,213.39,-0.0,48.83,10428.01,-1
2023-10-08,2023-10-08 14:22:00,213.39,213.39,213.38,213.38,-0.0,48.83,10428.01,-1
2023-10-08,2023-10-08 14:23:00,213.38,213.38,213.37,213.37,-0.0,48.83,10428.01,-1
2023-10-08,2023-10-08 14:24:00,213.37,213.37,213.35,213.35,-0.01,48.83,10428.01,-1
2023-10-08,2023-10-08 14:25:00,213.35,213.35,213.34,213.34,-0.0,48.83,10428.01,-1
2023-10-08,2023-10-08 14:26:00,213.34,213.34,213.33,213.33,-0.0,48.83,10428.01,-1
2023-10-08,2023-10-08 14:27:00,213.33,213.33,213.31,213.31,-0.01,48.83,10428.01,-1
2023-10-08,2023-10-08 14:28:00,213.31,213.31,213.3,213.3,-0.0,48.83,10428.01,-1
2023-10-08,2023-10-08 14:29:00,213.3,213.3,213.29,213.29,-0.0,48.83,10428.01,-1
2023-10-08,2023-10-08 14:30:00,213.29,213.29,213.27,213.27,-0.01,48.83,10428.01,-1
2023-10-08,2023-10-08 14:31:00,213.27,213.27,213.26,213.26,-0.0,48.83,10428.01,-1
2023-10-08,2023-10-08 14:32:00,213.26,213.26,213.25,213.25,-0.0,48.83,10428.01,-1
2023-10-08,2023-10-08 14:33:00,213.25,213.25,213.24,213.24,-0.0,48.83,10428.01,-1
2023-10-08,2023-10-08 14:34:00,213.24,213.24,213.22,213.22,-0.01,48.83,10428.01,-1
2023-10-08,2023-10-08 14:35:00,213.22,213.22,213.21,213.21,-0.0,48.83,10428.01,-1
2023-10-08,2023-10-08 14:36:00,213.21,213.21,213.2,213.2,-0.0,48.83,10428.01,-1
2023-10-08,2023-10-08 14:37:00,213.2,213.2,213.18,213.18,-0.01,48.83,10428.01,-1
2023-10-08,2023-10-08 14:38:00,213.18,213.18,213.17,213.17,-0.0,48.83,10428.01,-1
2023-10-08,2023-10-08 14:39:00,213.17,213.17,213.16,213.16,-0.0,48.83,10428.01,-1
2023-10-08,2023-10-08 14:40:00,213.16,213.16,213.15,213.15,-0.0,48.83,10428.01,-1
2023-10-08,2023-10-08 14:41:00,213.15,213.15,213.13,213.13,-0.01,48.83,10428.01,-1
2023-10-08,2023-10-08 14:42:00,213.13,213.13,213.12,213.12,-0.0,48.83,10428.01,-1
2023-10-08,2023-10-08 14:43:00,213.12,213.12,213.11,213.11,-0.0,48.83,10428.01,-1
2023-10-08,2023-10-08 14:44:00,213.11,213.11,213.09,213.09,-0.01,48.83,10428.01,-1
2023-10-08,2023-10-08 14:45:00,213.09,213.09,213.08,213.08,-0.0,48.83,10428.01,-1
2023-10-08,2023-10-08 14:46:00,213.08,213.08,213.07,213.07,-0.0,48.83,10428.01,-1
2023-10-08,2023-10-08 14:47:00,213.07,213.07,213.06,213.06,-0.0,48.83,10428.01,-1
2023-10-08,2023-10-08 14:48:00,213.06,213.06,213.04,213.04,-0.01,48.83,10428.01,-1
2023-10-08,2023-10-08 14:49:00,213.04,213.04,213.03,213.03,-0.0,48.83,10428.01,-1
2023-10-08,2023-10-08 14:50:00,213.03,213.03,213.02,213.02,-0.0,48.83,10428.01,-1
2023-10-08,2023-10-08 14:51:00,213.02,213.02,213.0,213.0,-0.01,48.83,10428.01,-1
2023-10-08,2023-10-08 14:52:00,213.0,213.0,212.99,212.99,-0.0,48.83,10428.01,-1
2023-10-08,2023-10-08 14:53:00,212.99,212.99,212.98,212.98,-0.0,48.83,10428.01,-1
2023-10-08,2023-10-08 14:54:00,212.98,212.98,212.96,212.96,-0.01,48.83,10428.01,-1
2023-10-08,2023-10-08 14:55:00,212.96,212.96,212.95,212.95,-0.0,48.83,10428.01,-1
2023-10-08,2023-10-08 14:56:00,212.95,212.95,212.94,212.94,-0.0,48.83,10428.01,-1
2023-10-08,2023-10-08 14:57:00,212.94,212.94,212.93,212.93,-0.0,48.83,10428.01,-1
2023-10-08,2023-10-08 14:58:00,212.93,212.93,212.91,212.91,-0.01,48.83,10428.01,-1
2023-10-08,2023-10-08 14:59:00,212.91,212.91,212.9,212.9,-0.0,48.83,10428.01,-1
2023-10-08,2023-10-08 15:00:00,212.9,218.0,210.8,212.9,0.0,48.83,10428.01,0
2023-10-09,2023-10-09 11:00:00,216.0,216.3,213.3,215.96,-0.02,22.85,4794.16,-1
2023-10-09,2023-10-09 11:01:00,215.96,215.96,215.93,215.93,-0.01,22.85,4794.16,-1
2023-10-09,2023-10-09 11:02:00,215.93,215.93,215.89,215.89,-0.02,22.85,4794.16,-1
2023-10-09,2023-10-09 11:03:00,215.89,215.89,215.85,215.85,-0.02,22.85,4794.16,-1
2023-10-09,2023-10-09 11:04:00,215.85,215.85,215.81,215.81,-0.02,22.85,4794.16,-1
2023-10-09,2023-10-09 11:05:00,215.81,215.81,215.78,215.78,-0.01,22.85,4794.16,-1
2023-10-09,2023-10-09 11:06:00,215.78,215.78,215.74,215.74,-0.02,22.85,4794.16,-1
2023-10-09,2023-10-09 11:07:00,215.74,215.74,215.7,215.7,-0.02,22.85,4794.16,-1
2023-10-09,2023-10-09 11:08:00,215.7,215.7,215.67,215.67,-0.01,22.85,4794.16,-1
2023-10-09,2023-10-09 11:09:00,215.67,215.67,215.63,215.63,-0.02,22.85,4794.16,-1
2023-10-09,2023-10-09 11:10:00,215.63,215.63,215.59,215.59,-0.02,22.85,4794.16,-1
2023-10-09,2023-10-09 11:11:00,215.59,215.59,215.56,215.56,-0.01,22.85,4794.16,-1
2023-10-09,2023-10-09 11:12:00,215.56,215.56,215.52,215.52,-0.02,22.85,4794.16,-1
2023-10-09,2023-10-09 11:13:00,215.52,215.52,215.48,215.48,-0.02,22.85,4794.16,-1
2023-10-09,2023-10-09 11:14:00,215.48,215.48,215.44,215.44,-0.02,22.85,4794.16,-1
2023-10-09,2023-10-09 11:15:00,215.44,215.44,215.41,215.41,-0.01,22.85,4794.16,-1
2023-10-09,2023-10-09 11:16:00,215.41,215.41,215.37,215.37,-0.02,22.85,4794.16,-1
2023-10-09,2023-10-09 11:17:00,215.37,215.37,215.33,215.33,-0.02,22.85,4794.16,-1
2023-10-09,2023-10-09 11:18:00,215.33,215.33,215.3,215.3,-0.01,22.85,4794.16,-1
2023-10-09,2023-10-09 11:19:00,215.3,215.3,215.26,215.26,-0.02,22.85,4794.16,-1
2023-10-09,2023-10-09 11:20:00,215.26,215.26,215.22,215.22,-0.02,22.85,4794.16,-1
2023-10-09,2023-10-09 11:21:00,215.22,215.22,215.18,215.18,-0.02,22.85,4794.16,-1
2023-10-09,2023-10-09 11:22:00,215.18,215.18,215.15,215.15,-0.01,22.85,4794.16,-1
2023-10-09,2023-10-09 11:23:00,215.15,215.15,215.11,215.11,-0.02,22.85,4794.16,-1
2023-10-09,2023-10-09 11:24:00,215.11,215.11,215.07,215.07,-0.02,22.85,4794.16,-1
2023-10-09,2023-10-09 11:25:00,215.07,215.07,215.04,215.04,-0.01,22.85,4794.16,-1
2023-10-09,2023-10-09 11:26:00,215.04,215.04,215.0,215.0,-0.02,22.85,4794.16,-1
2023-10-09,2023-10-09 11:27:00,215.0,215.0,214.96,214.96,-0.02,22.85,4794.16,-1
2023-10-09,2023-10-09 11:28:00,214.96,214.96,214.92,214.92,-0.02,22.85,4794.16,-1
2023-10-09,2023-10-09 11:29:00,214.92,214.92,214.89,214.89,-0.01,22.85,4794.16,-1
2023-10-09,2023-10-09 11:30:00,214.89,214.89,214.85,214.85,-0.02,22.85,4794.16,-1
2023-10-09,2023-10-09 11:31:00,214.85,214.85,214.81,214.81,-0.02,22.85,4794.16,-1
2023-10-09,2023-10-09 11:32:00,214.81,214.81,214.78,214.78,-0.01,22.85,4794.16,-1
2023-10-09,2023-10-09 11:33:00,214.78,214.78,214.74,214.74,-0.02,22.85,4794.16,-1
2023-10-09,2023-10-09 11:34:00,214.74,214.74,214.7,214.7,-0.02,22.85,4794.16,-1
2023-10-09,2023-10-09 11:35:00,214.7,214.7,214.66,214.66,-0.02,22.85,4794.16,-1
2023-10-09,2023-10-09 11:36:00,214.66,214.66,214.63,214.63,-0.01,22.85,4794.16,-1
2023-10-09,2023-10-09 11:37:00,214.63,214.63,214.59,214.59,-0.02,22.85,4794.16,-1
2023-10-09,2023-10-09 11:38:00,214.59,214.59,214.55,214.55,-0.02,22.85,4794.16,-1
2023-10-09,2023-10-09 11:39:00,214.55,214.55,214.52,214.52,-0.01,22.85,4794.16,-1
2023-10-09,2023-10-09 11:40:00,214.52,214.52,214.48,214.48,-0.02,22.85,4794.16,-1
2023-10-09,2023-10-09 11:41:00,214.48,214.48,214.44,214.44,-0.02,22.85,4794.16,-1
2023-10-09,2023-10-09 11:42:00,214.44,214.44,214.41,214.41,-0.01,22.85,4794.16,-1
2023-10-09,2023-10-09 11:43:00,214.41,214.41,214.37,214.37,-0.02,22.85,4794.16,-1
2023-10-09,2023-10-09 11:44:00,214.37,214.37,214.33,214.33,-0.02,22.85,4794.16,-1
2023-10-09,2023-10-09 11:45:00,214.33,214.33,214.29,214.29,-0.02,22.85,4794.16,-1
2023-10-09,2023-10-09 11:46:00,214.29,214.29,214.26,214.26,-0.01,22.85,4794.16,-1
2023-10-09,2023-10-09 11:47:00,214.26,214.26,214.22,214.22,-0.02,22.85,4794.16,-1
2023-10-09,2023-10-09 11:48:00,214.22,214.22,214.18,214.18,-0.02,22.85,4794.16,-1
2023-10-09,2023-10-09 11:49:00,214.18,214.18,214.15,214.15,-0.01,22.85,4794.16,-1
2023-10-09,2023-10-09 11:50:00,214.15,214.15,214.11,214.11,-0.02,22.85,4794.16,-1
2023-10-09,2023-10-09 11:51:00,214.11,214.11,214.07,214.07,-0.02,22.85,4794.16,-1
2023-10-09,2023-10-09 11:52:00,214.07,214.07,214.03,214.03,-0.02,22.85,4794.16,-1
2023-10-09,2023-10-09 11:53:00,214.03,214.03,214.0,214.0,-0.01,22.85,4794.16,-1
2023-10-09,2023-10-09 11:54:00,214.0,214.0,213.96,213.96,-0.02,22.85,4794.16,-1
2023-10-09,2023-10-09 11:55:00,213.96,213.96,213.92,213.92,-0.02,22.85,4794.16,-1
2023-10-09,2023-10-09 11:56:00,213.92,213.92,213.89,213.89,-0.01,22.85,4794.16,-1
2023-10-09,2023-10-09 11:57:00,213.89,213.89,213.85,213.85,-0.02,22.85,4794.16,-1
2023-10-09,2023-10-09 11:58:00,213.85,213.85,213.81,213.81,-0.02,22.85,4794.16,-1
2023-10-09,2023-10-09 11:59:00,213.81,213.81,213.78,213.78,-0.01,22.85,4794.16,-1
2023-10-09,2023-10-09 12:00:00,213.78,213.78,213.74,213.74,-0.02,22.85,4794.16,-1
2023-10-09,2023-10-09 12:01:00,213.74,213.74,213.7,213.7,-0.02,22.85,4794.16,-1
2023-10-09,2023-10-09 12:02:00,213.7,213.7,213.66,213.66,-0.02,22.85,4794.16,-1
2023-10-09,2023-10-09 12:03:00,213.66,213.66,213.63,213.63,-0.01,22.85,4794.16,-1
2023-10-09,2023-10-09 12:04:00,213.63,213.63,213.59,213.59,-0.02,22.85,4794.16,-1
2023-10-09,2023-10-09 12:05:00,213.59,213.59,213.55,213.55,-0.02,22.85,4794.16,-1
2023-10-09,2023-10-09 12:06:00,213.55,213.55,213.52,213.52,-0.01,22.85,4794.16,-1
2023-10-09,2023-10-09 12:07:00,213.52,213.52,213.48,213.48,-0.02,22.85,4794.16,-1
2023-10-09,2023-10-09 12:08:00,213.48,213.48,213.44,213.44,-0.02,22.85,4794.16,-1
2023-10-09,2023-10-09 12:09:00,213.44,213.44,213.4,213.4,-0.02,22.85,4794.16,-1
2023-10-09,2023-10-09 12:10:00,213.4,213.4,213.37,213.37,-0.01,22.85,4794.16,-1
2023-10-09,2023-10-09 12:11:00,213.37,213.37,213.33,213.33,-0.02,22.85,4794.16,-1
2023-10-09,2023-10-09 12:12:00,213.33,213.33,213.29,213.29,-0.02,22.85,4794.16,-1
2023-10-09,2023-10-09 12:13:00,213.29,213.29,213.26,213.26,-0.01,22.85,4794.16,-1
2023-10-09,2023-10-09 12:14:00,213.26,213.26,213.22,213.22,-0.02,22.85,4794.16,-1
2023-10-09,2023-10-09 12:15:00,213.22,213.22,213.18,213.18,-0.02,22.85,4794.16,-1
2023-10-09,2023-10-09 12:16:00,213.18,213.18,213.14,213.14,-0.02,22.85,4794.16,-1
2023-10-09,2023-10-09 12:17:00,213.14,213.14,213.11,213.11,-0.01,22.85,4794.16,-1
2023-10-09,2023-10-09 12:18:00,213.11,213.11,213.07,213.07,-0.02,22.85,4794.16,-1
2023-10-09,2023-10-09 12:19:00,213.07,213.07,213.03,213.03,-0.02,22.85,4794.16,-1
2023-10-09,2023-10-09 12:20:00,213.03,213.03,213.0,213.0,-0.01,22.85,4794.16,-1
2023-10-09,2023-10-09 12:21:00,213.0,213.0,212.96,212.96,-0.02,22.85,4794.16,-1
2023-10-09,2023-10-09 12:22:00,212.96,212.96,212.92,212.92,-0.02,22.85,4794.16,-1
2023-10-09,2023-10-09 12:23:00,212.92,212.92,212.88,212.88,-0.02,22.85,4794.16,-1
2023-10-09,2023-10-09 12:24:00,212.88,212.88,212.85,212.85,-0.01,22.85,4794.16,-1
2023-10-09,2023-10-09 12:25:00,212.85,212.85,212.81,212.81,-0.02,22.85,4794.16,-1
2023-10-09,2023-10-09 12:26:00,212.81,212.81,212.77,212.77,-0.02,22.85,4794.16,-1
2023-10-09,2023-10-09 12:27:00,212.77,212.77,212.74,212.74,-0.01,22.85,4794.16,-1
2023-10-09,2023-10-09 12:28:00,212.74,212.74,212.7,212.7,-0.02,22.85,4794.16,-1
2023-10-09,2023-10-09 12:29:00,212.7,212.7,212.66,212.66,-0.02,22.85,4794.16,-1
2023-10-09,2023-10-09 12:30:00,212.66,212.66,212.63,212.63,-0.01,22.85,4794.16,-1
2023-10-09,2023-10-09 12:31:00,212.63,212.63,212.59,212.59,-0.02,22.85,4794.16,-1
2023-10-09,2023-10-09 12:32:00,212.59,212.59,212.55,212.55,-0.02,22.85,4794.16,-1
2023-10-09,2023-10-09 12:33:00,212.55,212.55,212.51,212.51,-0.02,22.85,4794.16,-1
2023-10-09,2023-10-09 12:34:00,212.51,212.51,212.48,212.48,-0.01,22.85,4794.16,-1
2023-10-09,2023-10-09 12:35:00,212.48,212.48,212.44,212.44,-0.02,22.85,4794.16,-1
2023-10-09,2023-10-09 12:36:00,212.44,212.44,212.4,212.4,-0.02,22.85,4794.16,-1
2023-10-09,2023-10-09 12:37:00,212.4,212.4,212.37,212.37,-0.01,22.85,4794.16,-1
2023-10-09,2023-10-09 12:38:00,212.37,212.37,212.33,212.33,-0.02,22.85,4794.16,-1
2023-10-09,2023-10-09 12:39:00,212.33,212.33,212.29,212.29,-0.02,22.85,4794.16,-1
2023-10-09,2023-10-09 12:40:00,212.29,212.29,212.25,212.25,-0.02,22.85,4794.16,-1
2023-10-09,2023-10-09 12:41:00,212.25,212.25,212.22,212.22,-0.01,22.85,4794.16,-1
2023-10-09,2023-10-09 12:42:00,212.22,212.22,212.18,212.18,-0.02,22.85,4794.16,-1
2023-10-09,2023-10-09 12:43:00,212.18,212.18,212.14,212.14,-0.02,22.85,4794.16,-1
2023-10-09,2023-10-09 12:44:00,212.14,212.14,212.11,212.11,-0.01,22.85,4794.16,-1
2023-10-09,2023-10-09 12:45:00,212.11,212.11,212.07,212.07,-0.02,22.85,4794.16,-1
2023-10-09,2023-10-09 12:46:00,212.07,212.07,212.03,212.03,-0.02,22.85,4794.16,-1
2023-10-09,2023-10-09 12:47:00,212.03,212.03,212.0,212.0,-0.01,22.85,4794.16,-1
2023-10-09,2023-10-09 12:48:00,212.0,212.0,211.96,211.96,-0.02,22.85,4794.16,-1
2023-10-09,2023-10-09 12:49:00,211.96,211.96,211.92,211.92,-0.02,22.85,4794.16,-1
2023-10-09,2023-10-09 12:50:00,211.92,211.92,211.88,211.88,-0.02,22.85,4794.16,-1
2023-10-09,2023-10-09 12:51:00,211.88,211.88,211.85,211.85,-0.01,22.85,4794.16,-1
2023-10-09,2023-10-09 12:52:00,211.85,211.85,211.81,211.81,-0.02,22.85,4794.16,-1
2023-10-09,2023-10-09 12:53:00,211.81,211.81,211.77,211.77,-0.02,22.85,4794.16,-1
2023-10-09,2023-10-09 12:54:00,211.77,211.77,211.74,211.74,-0.01,22.85,4794.16,-1
2023-10-09,2023-10-09 12:55:00,211.74,211.74,211.7,211.7,-0.02,22.85,4794.16,-1
2023-10-09,2023-10-09 12:56:00,211.7,211.7,211.66,211.66,-0.02,22.85,4794.16,-1
2023-10-09,2023-10-09 12:57:00,211.66,211.66,211.62,211.62,-0.02,22.85,4794.16,-1
2023-10-09,2023-10-09 12:58:00,211.62,211.62,211.59,211.59,-0.01,22.85,4794.16,-1
2023-10-09,2023-10-09 12:59:00,211.59,211.59,211.55,211.55,-0.02,22.85,4794.16,-1
2023-10-09,2023-10-09 13:00:00,211.55,217.0,207.0,211.51,-0.02,22.85,4794.16,-1
2023-10-09,2023-10-09 13:01:00,211.51,211.51,211.48,211.48,-0.01,22.85,4794.16,-1
2023-10-09,2023-10-09 13:02:00,211.48,211.48,211.44,211.44,-0.02,22.85,4794.16,-1
2023-10-09,2023-10-09 13:03:00,211.44,211.44,211.4,211.4,-0.02,22.85,4794.16,-1
2023-10-09,2023-10-09 13:04:00,211.4,211.4,211.36,211.36,-0.02,22.85,4794.16,-1
2023-10-09,2023-10-09 13:05:00,211.36,211.36,211.33,211.33,-0.01,22.85,4794.16,-1
2023-10-09,2023-10-09 13:06:00,211.33,211.33,211.29,211.29,-0.02,22.85,4794.16,-1
2023-10-09,2023-10-09 13:07:00,211.29,211.29,211.25,211.25,-0.02,22.85,4794.16,-1
2023-10-09,2023-10-09 13:08:00,211.25,211.25,211.22,211.22,-0.01,22.85,4794.16,-1
2023-10-09,2023-10-09 13:09:00,211.22,211.22,211.18,211.18,-0.02,22.85,4794.16,-1
2023-10-09,2023-10-09 13:10:00,211.18,211.18,211.14,211.14,-0.02,22.85,4794.16,-1
2023-10-09,2023-10-09 13:11:00,211.14,211.14,211.1,211.1,-0.02,22.85,4794.16,-1
2023-10-09,2023-10-09 13:12:00,211.1,211.1,211.07,211.07,-0.01,22.85,4794.16,-1
2023-10-09,2023-10-09 13:13:00,211.07,211.07,211.03,211.03,-0.02,22.85,4794.16,-1
2023-10-09,2023-10-09 13:14:00,211.03,211.03,210.99,210.99,-0.02,22.85,4794.16,-1
2023-10-09,2023-10-09 13:15:00,210.99,210.99,210.96,210.96,-0.01,22.85,4794.16,-1
2023-10-09,2023-10-09 13:16:00,210.96,210.96,210.92,210.92,-0.02,22.85,4794.16,-1
2023-10-09,2023-10-09 13:17:00,210.92,210.92,210.88,210.88,-0.02,22.85,4794.16,-1
2023-10-09,2023-10-09 13:18:00,210.88,210.88,210.85,210.85,-0.01,22.85,4794.16,-1
2023-10-09,2023-10-09 13:19:00,210.85,210.85,210.81,210.81,-0.02,22.85,4794.16,-1
2023-10-09,2023-10-09 13:20:00,210.81,210.81,210.77,210.77,-0.02,22.85,4794.16,-1
2023-10-09,2023-10-09 13:21:00,210.77,210.77,210.73,210.73,-0.02,22.85,4794.16,-1
2023-10-09,2023-10-09 13:22:00,210.73,210.73,210.7,210.7,-0.01,22.85,4794.16,-1
2023-10-09,2023-10-09 13:23:00,210.7,210.7,210.66,210.66,-0.02,22.85,4794.16,-1
2023-10-09,2023-10-09 13:24:00,210.66,210.66,210.62,210.62,-0.02,22.85,4794.16,-1
2023-10-09,2023-10-09 13:25:00,210.62,210.62,210.59,210.59,-0.01,22.85,4794.16,-1
2023-10-09,2023-10-09 13:26:00,210.59,210.59,210.55,210.55,-0.02,22.85,4794.16,-1
2023-10-09,2023-10-09 13:27:00,210.55,210.55,210.51,210.51,-0.02,22.85,4794.16,-1
2023-10-09,2023-10-09 13:28:00,210.51,210.51,210.47,210.47,-0.02,22.85,4794.16,-1
2023-10-09,2023-10-09 13:29:00,210.47,210.47,210.44,210.44,-0.01,22.85,4794.16,-1
2023-10-09,2023-10-09 13:30:00,210.44,210.44,210.4,210.4,-0.02,22.85,4794.16,-1
2023-10-09,2023-10-09 13:31:00,210.4,210.4,210.36,210.36,-0.02,22.85,4794.16,-1
2023-10-09,2023-10-09 13:32:00,210.36,210.36,210.33,210.33,-0.01,22.85,4794.16,-1
2023-10-09,2023-10-09 13:33:00,210.33,210.33,210.29,210.29,-0.02,22.85,4794.16,-1
2023-10-09,2023-10-09 13:34:00,210.29,210.29,210.25,210.25,-0.02,22.85,4794.16,-1
2023-10-09,2023-10-09 13:35:00,210.25,210.25,210.22,210.22,-0.01,22.85,4794.16,-1
2023-10-09,2023-10-09 13:36:00,210.22,210.22,210.18,210.18,-0.02,22.85,4794.16,-1
2023-10-09,2023-10-09 13:37:00,210.18,210.18,210.14,210.14,-0.02,22.85,4794.16,-1
2023-10-09,2023-10-09 13:38:00,210.14,210.14,210.1,210.1,-0.02,22.85,4794.16,-1
2023-10-09,2023-10-09 13:39:00,210.1,210.1,210.07,210.07,-0.01,22.85,4794.16,-1
2023-10-09,2023-10-09 13:40:00,210.07,210.07,210.03,210.03,-0.02,22.85,4794.16,-1
2023-10-09,2023-10-09 13:41:00,210.03,210.03,209.99,209.99,-0.02,22.85,4794.16,-1
2023-10-09,2023-10-09 13:42:00,209.99,209.99,209.96,209.96,-0.01,22.85,4794.16,-1
2023-10-09,2023-10-09 13:43:00,209.96,209.96,209.92,209.92,-0.02,22.85,4794.16,-1
2023-10-09,2023-10-09 13:44:00,209.92,209.92,209.88,209.88,-0.02,22.85,4794.16,-1
2023-10-09,2023-10-09 13:45:00,209.88,209.88,209.84,209.84,-0.02,22.85,4794.16,-1
2023-10-09,2023-10-09 13:46:00,209.84,209.84,209.81,209.81,-0.01,22.85,4794.16,-1
2023-10-09,2023-10-09 13:47:00,209.81,209.81,209.77,209.77,-0.02,22.85,4794.16,-1
2023-10-09,2023-10-09 13:48:00,209.77,209.77,209.73,209.73,-0.02,22.85,4794.16,-1
2023-10-09,2023-10-09 13:49:00,209.73,209.73,209.7,209.7,-0.01,22.85,4794.16,-1
2023-10-09,2023-10-09 13:50:00,209.7,209.7,209.66,209.66,-0.02,22.85,4794.16,-1
2023-10-09,2023-10-09 13:51:00,209.66,209.66,209.62,209.62,-0.02,22.85,4794.16,-1
2023-10-09,2023-10-09 13:52:00,209.62,209.62,209.58,209.58,-0.02,22.85,4794.16,-1
2023-10-09,2023-10-09 13:53:00,209.58,209.58,209.55,209.55,-0.01,22.85,4794.16,-1
2023-10-09,2023-10-09 13:54:00,209.55,209.55,209.51,209.51,-0.02,22.85,4794.16,-1
2023-10-09,2023-10-09 13:55:00,209.51,209.51,209.47,209.47,-0.02,22.85,4794.16,-1
2023-10-09,2023-10-09 13:56:00,209.47,209.47,209.44,209.44,-0.01,22.85,4794.16,-1
2023-10-09,2023-10-09 13:57:00,209.44,209.44,209.4,209.4,-0.02,22.85,4794.16,-1
2023-10-09,2023-10-09 13:58:00,209.4,209.4,209.36,209.36,-0.02,22.85,4794.16,-1
2023-10-09,2023-10-09 13:59:00,209.36,209.36,209.32,209.32,-0.02,22.85,4794.16,-1
2023-10-09,2023-10-09 14:00:00,209.32,209.32,209.29,209.29,-0.01,22.85,4794.16,-1
2023-10-09,2023-10-09 14:01:00,209.29,209.29,209.25,209.25,-0.02,22.85,4794.16,-1
2023-10-09,2023-10-09 14:02:00,209.25,209.25,209.21,209.21,-0.02,22.85,4794.16,-1
2023-10-09,2023-10-09 14:03:00,209.21,209.21,209.18,209.18,-0.01,22.85,4794.16,-1
2023-10-09,2023-10-09 14:04:00,209.18,209.18,209.14,209.14,-0.02,22.85,4794.16,-1
2023-10-09,2023-10-09 14:05:00,209.14,209.14,209.1,209.1,-0.02,22.85,4794.16,-1
2023-10-09,2023-10-09 14:06:00,209.1,209.1,209.07,209.07,-0.01,22.85,4794.16,-1
2023-10-09,2023-10-09 14:07:00,209.07,209.07,209.03,209.03,-0.02,22.85,4794.16,-1
2023-10-09,2023-10-09 14:08:00,209.03,209.03,208.99,208.99,-0.02,22.85,4794.16,-1
2023-10-09,2023-10-09 14:09:00,208.99,208.99,208.95,208.95,-0.02,22.85,4794.16,-1
2023-10-09,2023-10-09 14:10:00,208.95,208.95,208.92,208.92,-0.01,22.85,4794.16,-1
2023-10-09,2023-10-09 14:11:00,208.92,208.92,208.88,208.88,-0.02,22.85,4794.16,-1
2023-10-09,2023-10-09 14:12:00,208.88,208.88,208.84,208.84,-0.02,22.85,4794.16,-1
2023-10-09,2023-10-09 14:13:00,208.84,208.84,208.81,208.81,-0.01,22.85,4794.16,-1
2023-10-09,2023-10-09 14:14:00,208.81,208.81,208.77,208.77,-0.02,22.85,4794.16,-1
2023-10-09,2023-10-09 14:15:00,208.77,208.77,208.73,208.73,-0.02,22.85,4794.16,-1
2023-10-09,2023-10-09 14:16:00,208.73,208.73,208.69,208.69,-0.02,22.85,4794.16,-1
2023-10-09,2023-10-09 14:17:00,208.69,208.69,208.66,208.66,-0.01,22.85,4794.16,-1
2023-10-09,2023-10-09 14:18:00,208.66,208.66,208.62,208.62,-0.02,22.85,4794.16,-1
2023-10-09,2023-10-09 14:19:00,208.62,208.62,208.58,208.58,-0.02,22.85,4794.16,-1
2023-10-09,2023-10-09 14:20:00,208.58,208.58,208.55,208.55,-0.01,22.85,4794.16,-1
2023-10-09,2023-10-09 14:21:00,208.55,208.55,208.51,208.51,-0.02,22.85,4794.16,-1
2023-10-09,2023-10-09 14:22:00,208.51,208.51,208.47,208.47,-0.02,22.85,4794.16,-1
2023-10-09,2023-10-09 14:23:00,208.47,208.47,208.44,208.44,-0.01,22.85,4794.16,-1
2023-10-09,2023-10-09 14:24:00,208.44,208.44,208.4,208.4,-0.02,22.85,4794.16,-1
2023-10-09,2023-10-09 14:25:00,208.4,208.4,208.36,208.36,-0.02,22.85,4794.16,-1
2023-10-09,2023-10-09 14:26:00,208.36,208.36,208.32,208.32,-0.02,22.85,4794.16,-1
2023-10-09,2023-10-09 14:27:00,208.32,208.32,208.29,208.29,-0.01,22.85,4794.16,-1
2023-10-09,2023-10-09 14:28:00,208.29,208.29,208.25,208.25,-0.02,22.85,4794.16,-1
2023-10-09,2023-10-09 14:29:00,208.25,208.25,208.21,208.21,-0.02,22.85,4794.16,-1
2023-10-09,2023-10-09 14:30:00,208.21,208.21,208.18,208.18,-0.01,22.85,4794.16,-1
2023-10-09,2023-10-09 14:31:00,208.18,208.18,208.14,208.14,-0.02,22.85,4794.16,-1
2023-10-09,2023-10-09 14:32:00,208.14,208.14,208.1,208.1,-0.02,22.85,4794.16,-1
2023-10-09,2023-10-09 14:33:00,208.1,208.1,208.06,208.06,-0.02,22.85,4794.16,-1
2023-10-09,2023-10-09 14:34:00,208.06,208.06,208.03,208.03,-0.01,22.85,4794.16,-1
2023-10-09,2023-10-09 14:35:00,208.03,208.03,207.99,207.99,-0.02,22.85,4794.16,-1
2023-10-09,2023-10-09 14:36:00,207.99,207.99,207.95,207.95,-0.02,22.85,4794.16,-1
2023-10-09,2023-10-09 14:37:00,207.95,207.95,207.92,207.92,-0.01,22.85,4794.16,-1
2023-10-09,2023-10-09 14:38:00,207.92,207.92,207.88,207.88,-0.02,22.85,4794.16,-1
2023-10-09,2023-10-09 14:39:00,207.88,207.88,207.84,207.84,-0.02,22.85,4794.16,-1
2023-10-09,2023-10-09 14:40:00,207.84,207.84,207.8,207.8,-0.02,22.85,4794.16,-1
2023-10-09,2023-10-09 14:41:00,207.8,207.8,207.77,207.77,-0.01,22.85,4794.16,-1
2023-10-09,2023-10-09 14:42:00,207.77,207.77,207.73,207.73,-0.02,22.85,4794.16,-1
2023-10-09,2023-10-09 14:43:00,207.73,207.73,207.69,207.69,-0.02,22.85,4794.16,-1
2023-10-09,2023-10-09 14:44:00,207.69,207.69,207.66,207.66,-0.01,22.85,4794.16,-1
2023-10-09,2023-10-09 14:45:00,207.66,207.66,207.62,207.62,-0.02,22.85,4794.16,-1
2023-10-09,2023-10-09 14:46:00,207.62,207.62,207.58,207.58,-0.02,22.85,4794.16,-1
2023-10-09,2023-10-09 14:47:00,207.58,207.58,207.54,207.54,-0.02,22.85,4794.16,-1
2023-10-09,2023-10-09 14:48:00,207.54,207.54,207.51,207.51,-0.01,22.85,4794.16,-1
2023-10-09,2023-10-09 14:49:00,207.51,207.51,207.47,207.47,-0.02,22.85,4794.16,-1
2023-10-09,2023-10-09 14:50:00,207.47,207.47,207.43,207.43,-0.02,22.85,4794.16,-1
2023-10-09,2023-10-09 14:51:00,207.43,207.43,207.4,207.4,-0.01,22.85,4794.16,-1
2023-10-09,2023-10-09 14:52:00,207.4,207.4,207.36,207.36,-0.02,22.85,4794.16,-1
2023-10-09,2023-10-09 14:53:00,207.36,207.36,207.32,207.32,-0.02,22.85,4794.16,-1
2023-10-09,2023-10-09 14:54:00,207.32,207.32,207.29,207.29,-0.01,22.85,4794.16,-1
2023-10-09,2023-10-09 14:55:00,207.29,207.29,207.25,207.25,-0.02,22.85,4794.16,-1
2023-10-09,2023-10-09 14:56:00,207.25,207.25,207.21,207.21,-0.02,22.85,4794.16,-1
2023-10-09,2023-10-09 14:57:00,207.21,207.21,207.17,207.17,-0.02,22.85,4794.16,-1
2023-10-09,2023-10-09 14:58:00,207.17,207.17,207.14,207.14,-0.01,22.85,4794.16,-1
2023-10-09,2023-10-09 14:59:00,207.14,207.14,207.1,207.1,-0.02,22.85,4794.16,-1
2023-10-09,2023-10-09 15:00:00,207.1,217.0,207.0,207.1,0.0,22.85,4794.16,0
2023-10-10,2023-10-10 11:00:00,204.0,206.4,204.0,204.03,0.01,17.45,3605.36,1
2023-10-10,2023-10-10 11:01:00,204.03,204.06,204.03,204.06,0.01,17.45,3605.36,1
2023-10-10,2023-10-10 11:02:00,204.06,204.09,204.06,204.09,0.01,17.45,3605.36,1
2023-10-10,2023-10-10 11:03:00,204.09,204.12,204.09,204.12,0.01,17.45,3605.36,1
2023-10-10,2023-10-10 11:04:00,204.12,204.15,204.12,204.15,0.01,17.45,3605.36,1
2023-10-10,2023-10-10 11:05:00,204.15,204.18,204.15,204.18,0.01,17.45,3605.36,1
2023-10-10,2023-10-10 11:06:00,204.18,204.2,204.18,204.2,0.01,17.45,3605.36,1
2023-10-10,2023-10-10 11:07:00,204.2,204.23,204.2,204.23,0.01,17.45,3605.36,1
2023-10-10,2023-10-10 11:08:00,204.23,204.26,204.23,204.26,0.01,17.45,3605.36,1
2023-10-10,2023-10-10 11:09:00,204.26,204.29,204.26,204.29,0.01,17.45,3605.36,1
2023-10-10,2023-10-10 11:10:00,204.29,204.32,204.29,204.32,0.01,17.45,3605.36,1
2023-10-10,2023-10-10 11:11:00,204.32,204.35,204.32,204.35,0.01,17.45,3605.36,1
2023-10-10,2023-10-10 11:12:00,204.35,204.38,204.35,204.38,0.01,17.45,3605.36,1
2023-10-10,2023-10-10 11:13:00,204.38,204.41,204.38,204.41,0.01,17.45,3605.36,1
2023-10-10,2023-10-10 11:14:00,204.41,204.44,204.41,204.44,0.01,17.45,3605.36,1
2023-10-10,2023-10-10 11:15:00,204.44,204.47,204.44,204.47,0.01,17.45,3605.36,1
2023-10-10,2023-10-10 11:16:00,204.47,204.5,204.47,204.5,0.01,17.45,3605.36,1
2023-10-10,2023-10-10 11:17:00,204.5,204.53,204.5,204.53,0.01,17.45,3605.36,1
2023-10-10,2023-10-10 11:18:00,204.53,204.55,204.53,204.55,0.01,17.45,3605.36,1
2023-10-10,2023-10-10 11:19:00,204.55,204.58,204.55,204.58,0.01,17.45,3605.36,1
2023-10-10,2023-10-10 11:20:00,204.58,204.61,204.58,204.61,0.01,17.45,3605.36,1
2023-10-10,2023-10-10 11:21:00,204.61,204.64,204.61,204.64,0.01,17.45,3605.36,1
2023-10-10,2023-10-10 11:22:00,204.64,204.67,204.64,204.67,0.01,17.45,3605.36,1
2023-10-10,2023-10-10 11:23:00,204.67,204.7,204.67,204.7,0.01,17.45,3605.36,1
2023-10-10,2023-10-10 11:24:00,204.7,204.73,204.7,204.73,0.01,17.45,3605.36,1
2023-10-10,2023-10-10 11:25:00,204.73,204.76,204.73,204.76,0.01,17.45,3605.36,1
2023-10-10,2023-10-10 11:26:00,204.76,204.79,204.76,204.79,0.01,17.45,3605.36,1
2023-10-10,2023-10-10 11:27:00,204.79,204.82,204.79,204.82,0.01,17.45,3605.36,1
2023-10-10,2023-10-10 11:28:00,204.82,204.85,204.82,204.85,0.01,17.45,3605.36,1
2023-10-10,2023-10-10 11:29:00,204.85,204.88,204.85,204.88,0.01,17.45,3605.36,1
2023-10-10,2023-10-10 11:30:00,204.88,204.9,204.88,204.9,0.01,17.45,3605.36,1
2023-10-10,2023-10-10 11:31:00,204.9,204.93,204.9,204.93,0.01,17.45,3605.36,1
2023-10-10,2023-10-10 11:32:00,204.93,204.96,204.93,204.96,0.01,17.45,3605.36,1
2023-10-10,2023-10-10 11:33:00,204.96,204.99,204.96,204.99,0.01,17.45,3605.36,1
2023-10-10,2023-10-10 11:34:00,204.99,205.02,204.99,205.02,0.01,17.45,3605.36,1
2023-10-10,2023-10-10 11:35:00,205.02,205.05,205.02,205.05,0.01,17.45,3605.36,1
2023-10-10,2023-10-10 11:36:00,205.05,205.08,205.05,205.08,0.01,17.45,3605.36,1
2023-10-10,2023-10-10 11:37:00,205.08,205.11,205.08,205.11,0.01,17.45,3605.36,1
2023-10-10,2023-10-10 11:38:00,205.11,205.14,205.11,205.14,0.01,17.45,3605.36,1
2023-10-10,2023-10-10 11:39:00,205.14,205.17,205.14,205.17,0.01,17.45,3605.36,1
2023-10-10,2023-10-10 11:40:00,205.17,205.2,205.17,205.2,0.01,17.45,3605.36,1
2023-10-10,2023-10-10 11:41:00,205.2,205.22,205.2,205.22,0.01,17.45,3605.36,1
2023-10-10,2023-10-10 11:42:00,205.22,205.25,205.22,205.25,0.01,17.45,3605.36,1
2023-10-10,2023-10-10 11:43:00,205.25,205.28,205.25,205.28,0.01,17.45,3605.36,1
2023-10-10,2023-10-10 11:44:00,205.28,205.31,205.28,205.31,0.01,17.45,3605.36,1
2023-10-10,2023-10-10 11:45:00,205.31,205.34,205.31,205.34,0.01,17.45,3605.36,1
2023-10-10,2023-10-10 11:46:00,205.34,205.37,205.34,205.37,0.01,17.45,3605.36,1
2023-10-10,2023-10-10 11:47:00,205.37,205.4,205.37,205.4,0.01,17.45,3605.36,1
2023-10-10,2023-10-10 11:48:00,205.4,205.43,205.4,205.43,0.01,17.45,3605.36,1
2023-10-10,2023-10-10 11:49:00,205.43,205.46,205.43,205.46,0.01,17.45,3605.36,1
2023-10-10,2023-10-10 11:50:00,205.46,205.49,205.46,205.49,0.01,17.45,3605.36,1
2023-10-10,2023-10-10 11:51:00,205.49,205.52,205.49,205.52,0.01,17.45,3605.36,1
2023-10-10,2023-10-10 11:52:00,205.52,205.55,205.52,205.55,0.01,17.45,3605.36,1
2023-10-10,2023-10-10 11:53:00,205.55,205.57,205.55,205.57,0.01,17.45,3605.36,1
2023-10-10,2023-10-10 11:54:00,205.57,205.6,205.57,205.6,0.01,17.45,3605.36,1
2023-10-10,2023-10-10 11:55:00,205.6,205.63,205.6,205.63,0.01,17.45,3605.36,1
2023-10-10,2023-10-10 11:56:00,205.63,205.66,205.63,205.66,0.01,17.45,3605.36,1
2023-10-10,2023-10-10 11:57:00,205.66,205.69,205.66,205.69,0.01,17.45,3605.36,1
2023-10-10,2023-10-10 11:58:00,205.69,205.72,205.69,205.72,0.01,17.45,3605.36,1
2023-10-10,2023-10-10 11:59:00,205.72,205.75,205.72,205.75,0.01,17.45,3605.36,1
2023-10-10,2023-10-10 12:00:00,205.75,205.78,205.75,205.78,0.01,17.45,3605.36,1
2023-10-10,2023-10-10 12:01:00,205.78,205.81,205.78,205.81,0.01,17.45,3605.36,1
2023-10-10,2023-10-10 12:02:00,205.81,205.84,205.81,205.84,0.01,17.45,3605.36,1
2023-10-10,2023-10-10 12:03:00,205.84,205.87,205.84,205.87,0.01,17.45,3605.36,1
2023-10-10,2023-10-10 12:04:00,205.87,205.9,205.87,205.9,0.01,17.45,3605.36,1
2023-10-10,2023-10-10 12:05:00,205.9,205.93,205.9,205.93,0.01,17.45,3605.36,1
2023-10-10,2023-10-10 12:06:00,205.93,205.95,205.93,205.95,0.01,17.45,3605.36,1
2023-10-10,2023-10-10 12:07:00,205.95,205.98,205.95,205.98,0.01,17.45,3605.36,1
2023-10-10,2023-10-10 12:08:00,205.98,206.01,205.98,206.01,0.01,17.45,3605.36,1
2023-10-10,2023-10-10 12:09:00,206.01,206.04,206.01,206.04,0.01,17.45,3605.36,1
2023-10-10,2023-10-10 12:10:00,206.04,206.07,206.04,206.07,0.01,17.45,3605.36,1
2023-10-10,2023-10-10 12:11:00,206.07,206.1,206.07,206.1,0.01,17.45,3605.36,1
2023-10-10,2023-10-10 12:12:00,206.1,206.13,206.1,206.13,0.01,17.45,3605.36,1
2023-10-10,2023-10-10 12:13:00,206.13,206.16,206.13,206.16,0.01,17.45,3605.36,1
2023-10-10,2023-10-10 12:14:00,206.16,206.19,206.16,206.19,0.01,17.45,3605.36,1
2023-10-10,2023-10-10 12:15:00,206.19,206.22,206.19,206.22,0.01,17.45,3605.36,1
2023-10-10,2023-10-10 12:16:00,206.22,206.25,206.22,206.25,0.01,17.45,3605.36,1
2023-10-10,2023-10-10 12:17:00,206.25,206.28,206.25,206.28,0.01,17.45,3605.36,1
2023-10-10,2023-10-10 12:18:00,206.28,206.3,206.28,206.3,0.01,17.45,3605.36,1
2023-10-10,2023-10-10 12:19:00,206.3,206.33,206.3,206.33,0.01,17.45,3605.36,1
2023-10-10,2023-10-10 12:20:00,206.33,206.36,206.33,206.36,0.01,17.45,3605.36,1
2023-10-10,2023-10-10 12:21:00,206.36,206.39,206.36,206.39,0.01,17.45,3605.36,1
2023-10-10,2023-10-10 12:22:00,206.39,206.42,206.39,206.42,0.01,17.45,3605.36,1
2023-10-10,2023-10-10 12:23:00,206.42,206.45,206.42,206.45,0.01,17.45,3605.36,1
2023-10-10,2023-10-10 12:24:00,206.45,206.48,206.45,206.48,0.01,17.45,3605.36,1
2023-10-10,2023-10-10 12:25:00,206.48,206.51,206.48,206.51,0.01,17.45,3605.36,1
2023-10-10,2023-10-10 12:26:00,206.51,206.54,206.51,206.54,0.01,17.45,3605.36,1
2023-10-10,2023-10-10 12:27:00,206.54,206.57,206.54,206.57,0.01,17.45,3605.36,1
2023-10-10,2023-10-10 12:28:00,206.57,206.6,206.57,206.6,0.01,17.45,3605.36,1
2023-10-10,2023-10-10 12:29:00,206.6,206.62,206.6,206.62,0.01,17.45,3605.36,1
2023-10-10,2023-10-10 12:30:00,206.62,206.65,206.62,206.65,0.01,17.45,3605.36,1
2023-10-10,2023-10-10 12:31:00,206.65,206.68,206.65,206.68,0.01,17.45,3605.36,1
2023-10-10,2023-10-10 12:32:00,206.68,206.71,206.68,206.71,0.01,17.45,3605.36,1
2023-10-10,2023-10-10 12:33:00,206.71,206.74,206.71,206.74,0.01,17.45,3605.36,1
2023-10-10,2023-10-10 12:34:00,206.74,206.77,206.74,206.77,0.01,17.45,3605.36,1
2023-10-10,2023-10-10 12:35:00,206.77,206.8,206.77,206.8,0.01,17.45,3605.36,1
2023-10-10,2023-10-10 12:36:00,206.8,206.83,206.8,206.83,0.01,17.45,3605.36,1
2023-10-10,2023-10-10 12:37:00,206.83,206.86,206.83,206.86,0.01,17.45,3605.36,1
2023-10-10,2023-10-10 12:38:00,206.86,206.89,206.86,206.89,0.01,17.45,3605.36,1
2023-10-10,2023-10-10 12:39:00,206.89,206.92,206.89,206.92,0.01,17.45,3605.36,1
2023-10-10,2023-10-10 12:40:00,206.92,206.95,206.92,206.95,0.01,17.45,3605.36,1
2023-10-10,2023-10-10 12:41:00,206.95,206.97,206.95,206.97,0.01,17.45,3605.36,1
2023-10-10,2023-10-10 12:42:00,206.97,207.0,206.97,207.0,0.01,17.45,3605.36,1
2023-10-10,2023-10-10 12:43:00,207.0,207.03,207.0,207.03,0.01,17.45,3605.36,1
2023-10-10,2023-10-10 12:44:00,207.03,207.06,207.03,207.06,0.01,17.45,3605.36,1
2023-10-10,2023-10-10 12:45:00,207.06,207.09,207.06,207.09,0.01,17.45,3605.36,1
2023-10-10,2023-10-10 12:46:00,207.09,207.12,207.09,207.12,0.01,17.45,3605.36,1
2023-10-10,2023-10-10 12:47:00,207.12,207.15,207.12,207.15,0.01,17.45,3605.36,1
2023-10-10,2023-10-10 12:48:00,207.15,207.18,207.15,207.18,0.01,17.45,3605.36,1
2023-10-10,2023-10-10 12:49:00,207.18,207.21,207.18,207.21,0.01,17.45,3605.36,1
2023-10-10,2023-10-10 12:50:00,207.21,207.24,207.21,207.24,0.01,17.45,3605.36,1
2023-10-10,2023-10-10 12:51:00,207.24,207.27,207.24,207.27,0.01,17.45,3605.36,1
2023-10-10,2023-10-10 12:52:00,207.27,207.3,207.27,207.3,0.01,17.45,3605.36,1
2023-10-10,2023-10-10 12:53:00,207.3,207.32,207.3,207.32,0.01,17.45,3605.36,1
2023-10-10,2023-10-10 12:54:00,207.32,207.35,207.32,207.35,0.01,17.45,3605.36,1
2023-10-10,2023-10-10 12:55:00,207.35,207.38,207.35,207.38,0.01,17.45,3605.36,1
2023-10-10,2023-10-10 12:56:00,207.38,207.41,207.38,207.41,0.01,17.45,3605.36,1
2023-10-10,2023-10-10 12:57:00,207.41,207.44,207.41,207.44,0.01,17.45,3605.36,1
2023-10-10,2023-10-10 12:58:00,207.44,207.47,207.44,207.47,0.01,17.45,3605.36,1
2023-10-10,2023-10-10 12:59:00,207.47,207.5,207.47,207.5,0.01,17.45,3605.36,1
2023-10-10,2023-10-10 13:00:00,207.5,212.0,204.0,207.53,0.01,17.45,3605.36,1
2023-10-10,2023-10-10 13:01:00,207.53,207.56,207.53,207.56,0.01,17.45,3605.36,1
2023-10-10,2023-10-10 13:02:00,207.56,207.59,207.56,207.59,0.01,17.45,3605.36,1
2023-10-10,2023-10-10 13:03:00,207.59,207.62,207.59,207.62,0.01,17.45,3605.36,1
2023-10-10,2023-10-10 13:04:00,207.62,207.65,207.62,207.65,0.01,17.45,3605.36,1
2023-10-10,2023-10-10 13:05:00,207.65,207.68,207.65,207.68,0.01,17.45,3605.36,1
2023-10-10,2023-10-10 13:06:00,207.68,207.7,207.68,207.7,0.01,17.45,3605.36,1
2023-10-10,2023-10-10 13:07:00,207.7,207.73,207.7,207.73,0.01,17.45,3605.36,1
2023-10-10,2023-10-10 13:08:00,207.73,207.76,207.73,207.76,0.01,17.45,3605.36,1
2023-10-10,2023-10-10 13:09:00,207.76,207.79,207.76,207.79,0.01,17.45,3605.36,1
2023-10-10,2023-10-10 13:10:00,207.79,207.82,207.79,207.82,0.01,17.45,3605.36,1
2023-10-10,2023-10-10 13:11:00,207.82,207.85,207.82,207.85,0.01,17.45,3605.36,1
2023-10-10,2023-10-10 13:12:00,207.85,207.88,207.85,207.88,0.01,17.45,3605.36,1
2023-10-10,2023-10-10 13:13:00,207.88,207.91,207.88,207.91,0.01,17.45,3605.36,1
2023-10-10,2023-10-10 13:14:00,207.91,207.94,207.91,207.94,0.01,17.45,3605.36,1
2023-10-10,2023-10-10 13:15:00,207.94,207.97,207.94,207.97,0.01,17.45,3605.36,1
2023-10-10,2023-10-10 13:16:00,207.97,208.0,207.97,208.0,0.01,17.45,3605.36,1
2023-10-10,2023-10-10 13:17:00,208.0,208.03,208.0,208.03,0.01,17.45,3605.36,1
2023-10-10,2023-10-10 13:18:00,208.03,208.05,208.03,208.05,0.01,17.45,3605.36,1
2023-10-10,2023-10-10 13:19:00,208.05,208.08,208.05,208.08,0.01,17.45,3605.36,1
2023-10-10,2023-10-10 13:20:00,208.08,208.11,208.08,208.11,0.01,17.45,3605.36,1
2023-10-10,2023-10-10 13:21:00,208.11,208.14,208.11,208.14,0.01,17.45,3605.36,1
2023-10-10,2023-10-10 13:22:00,208.14,208.17,208.14,208.17,0.01,17.45,3605.36,1
2023-10-10,2023-10-10 13:23:00,208.17,208.2,208.17,208.2,0.01,17.45,3605.36,1
2023-10-10,2023-10-10 13:24:00,208.2,208.23,208.2,208.23,0.01,17.45,3605.36,1
2023-10-10,2023-10-10 13:25:00,208.23,208.26,208.23,208.26,0.01,17.45,3605.36,1
2023-10-10,2023-10-10 13:26:00,208.26,208.29,208.26,208.29,0.01,17.45,3605.36,1
2023-10-10,2023-10-10 13:27:00,208.29,208.32,208.29,208.32,0.01,17.45,3605.36,1
2023-10-10,2023-10-10 13:28:00,208.32,208.35,208.32,208.35,0.01,17.45,3605.36,1
2023-10-10,2023-10-10 13:29:00,208.35,208.38,208.35,208.38,0.01,17.45,3605.36,1
2023-10-10,2023-10-10 13:30:00,208.38,208.4,208.38,208.4,0.01,17.45,3605.36,1
2023-10-10,2023-10-10 13:31:00,208.4,208.43,208.4,208.43,0.01,17.45,3605.36,1
2023-10-10,2023-10-10 13:32:00,208.43,208.46,208.43,208.46,0.01,17.45,3605.36,1
2023-10-10,2023-10-10 13:33:00,208.46,208.49,208.46,208.49,0.01,17.45,3605.36,1
2023-10-10,2023-10-10 13:34:00,208.49,208.52,208.49,208.52,0.01,17.45,3605.36,1
2023-10-10,2023-10-10 13:35:00,208.52,208.55,208.52,208.55,0.01,17.45,3605.36,1
2023-10-10,2023-10-10 13:36:00,208.55,208.58,208.55,208.58,0.01,17.45,3605.36,1
2023-10-10,2023-10-10 13:37:00,208.58,208.61,208.58,208.61,0.01,17.45,3605.36,1
2023-10-10,2023-10-10 13:38:00,208.61,208.64,208.61,208.64,0.01,17.45,3605.36,1
2023-10-10,2023-10-10 13:39:00,208.64,208.67,208.64,208.67,0.01,17.45,3605.36,1
2023-10-10,2023-10-10 13:40:00,208.67,208.7,208.67,208.7,0.01,17.45,3605.36,1
2023-10-10,2023-10-10 13:41:00,208.7,208.72,208.7,208.72,0.01,17.45,3605.36,1
2023-10-10,2023-10-10 13:42:00,208.72,208.75,208.72,208.75,0.01,17.45,3605.36,1
2023-10-10,2023-10-10 13:43:00,208.75,208.78,208.75,208.78,0.01,17.45,3605.36,1
2023-10-10,2023-10-10 13:44:00,208.78,208.81,208.78,208.81,0.01,17.45,3605.36,1
2023-10-10,2023-10-10 13:45:00,208.81,208.84,208.81,208.84,0.01,17.45,3605.36,1
2023-10-10,2023-10-10 13:46:00,208.84,208.87,208.84,208.87,0.01,17.45,3605.36,1
2023-10-10,2023-10-10 13:47:00,208.87,208.9,208.87,208.9,0.01,17.45,3605.36,1
2023-10-10,2023-10-10 13:48:00,208.9,208.93,208.9,208.93,0.01,17.45,3605.36,1
2023-10-10,2023-10-10 13:49:00,208.93,208.96,208.93,208.96,0.01,17.45,3605.36,1
2023-10-10,2023-10-10 13:50:00,208.96,208.99,208.96,208.99,0.01,17.45,3605.36,1
2023-10-10,2023-10-10 13:51:00,208.99,209.02,208.99,209.02,0.01,17.45,3605.36,1
2023-10-10,2023-10-10 13:52:00,209.02,209.05,209.02,209.05,0.01,17.45,3605.36,1
2023-10-10,2023-10-10 13:53:00,209.05,209.07,209.05,209.07,0.01,17.45,3605.36,1
2023-10-10,2023-10-10 13:54:00,209.07,209.1,209.07,209.1,0.01,17.45,3605.36,1
2023-10-10,2023-10-10 13:55:00,209.1,209.13,209.1,209.13,0.01,17.45,3605.36,1
2023-10-10,2023-10-10 13:56:00,209.13,209.16,209.13,209.16,0.01,17.45,3605.36,1
2023-10-10,2023-10-10 13:57:00,209.16,209.19,209.16,209.19,0.01,17.45,3605.36,1
2023-10-10,2023-10-10 13:58:00,209.19,209.22,209.19,209.22,0.01,17.45,3605.36,1
2023-10-10,2023-10-10 13:59:00,209.22,209.25,209.22,209.25,0.01,17.45,3605.36,1
2023-10-10,2023-10-10 14:00:00,209.25,209.28,209.25,209.28,0.01,17.45,3605.36,1
2023-10-10,2023-10-10 14:01:00,209.28,209.31,209.28,209.31,0.01,17.45,3605.36,1
2023-10-10,2023-10-10 14:02:00,209.31,209.34,209.31,209.34,0.01,17.45,3605.36,1
2023-10-10,2023-10-10 14:03:00,209.34,209.37,209.34,209.37,0.01,17.45,3605.36,1
2023-10-10,2023-10-10 14:04:00,209.37,209.4,209.37,209.4,0.01,17.45,3605.36,1
2023-10-10,2023-10-10 14:05:00,209.4,209.43,209.4,209.43,0.01,17.45,3605.36,1
2023-10-10,2023-10-10 14:06:00,209.43,209.45,209.43,209.45,0.01,17.45,3605.36,1
2023-10-10,2023-10-10 14:07:00,209.45,209.48,209.45,209.48,0.01,17.45,3605.36,1
2023-10-10,2023-10-10 14:08:00,209.48,209.51,209.48,209.51,0.01,17.45,3605.36,1
2023-10-10,2023-10-10 14:09:00,209.51,209.54,209.51,209.54,0.01,17.45,3605.36,1
2023-10-10,2023-10-10 14:10:00,209.54,209.57,209.54,209.57,0.01,17.45,3605.36,1
2023-10-10,2023-10-10 14:11:00,209.57,209.6,209.57,209.6,0.01,17.45,3605.36,1
2023-10-10,2023-10-10 14:12:00,209.6,209.63,209.6,209.63,0.01,17.45,3605.36,1
2023-10-10,2023-10-10 14:13:00,209.63,209.66,209.63,209.66,0.01,17.45,3605.36,1
2023-10-10,2023-10-10 14:14:00,209.66,209.69,209.66,209.69,0.01,17.45,3605.36,1
2023-10-10,2023-10-10 14:15:00,209.69,209.72,209.69,209.72,0.01,17.45,3605.36,1
2023-10-10,2023-10-10 14:16:00,209.72,209.75,209.72,209.75,0.01,17.45,3605.36,1
2023-10-10,2023-10-10 14:17:00,209.75,209.78,209.75,209.78,0.01,17.45,3605.36,1
2023-10-10,2023-10-10 14:18:00,209.78,209.8,209.78,209.8,0.01,17.45,3605.36,1
2023-10-10,2023-10-10 14:19:00,209.8,209.83,209.8,209.83,0.01,17.45,3605.36,1
2023-10-10,2023-10-10 14:20:00,209.83,209.86,209.83,209.86,0.01,17.45,3605.36,1
2023-10-10,2023-10-10 14:21:00,209.86,209.89,209.86,209.89,0.01,17.45,3605.36,1
2023-10-10,2023-10-10 14:22:00,209.89,209.92,209.89,209.92,0.01,17.45,3605.36,1
2023-10-10,2023-10-10 14:23:00,209.92,209.95,209.92,209.95,0.01,17.45,3605.36,1
2023-10-10,2023-10-10 14:24:00,209.95,209.98,209.95,209.98,0.01,17.45,3605.36,1
2023-10-10,2023-10-10 14:25:00,209.98,210.01,209.98,210.01,0.01,17.45,3605.36,1
2023-10-10,2023-10-10 14:26:00,210.01,210.04,210.01,210.04,0.01,17.45,3605.36,1
2023-10-10,2023-10-10 14:27:00,210.04,210.07,210.04,210.07,0.01,17.45,3605.36,1
2023-10-10,2023-10-10 14:28:00,210.07,210.1,210.07,210.1,0.01,17.45,3605.36,1
2023-10-10,2023-10-10 14:29:00,210.1,210.12,210.1,210.12,0.01,17.45,3605.36,1
2023-10-10,2023-10-10 14:30:00,210.12,210.15,210.12,210.15,0.01,17.45,3605.36,1
2023-10-10,2023-10-10 14:31:00,210.15,210.18,210.15,210.18,0.01,17.45,3605.36,1
2023-10-10,2023-10-10 14:32:00,210.18,210.21,210.18,210.21,0.01,17.45,3605.36,1
2023-10-10,2023-10-10 14:33:00,210.21,210.24,210.21,210.24,0.01,17.45,3605.36,1
2023-10-10,2023-10-10 14:34:00,210.24,210.27,210.24,210.27,0.01,17.45,3605.36,1
2023-10-10,2023-10-10 14:35:00,210.27,210.3,210.27,210.3,0.01,17.45,3605.36,1
2023-10-10,2023-10-10 14:36:00,210.3,210.33,210.3,210.33,0.01,17.45,3605.36,1
2023-10-10,2023-10-10 14:37:00,210.33,210.36,210.33,210.36,0.01,17.45,3605.36,1
2023-10-10,2023-10-10 14:38:00,210.36,210.39,210.36,210.39,0.01,17.45,3605.36,1
2023-10-10,2023-10-10 14:39:00,210.39,210.42,210.39,210.42,0.01,17.45,3605.36,1
2023-10-10,2023-10-10 14:40:00,210.42,210.45,210.42,210.45,0.01,17.45,3605.36,1
2023-10-10,2023-10-10 14:41:00,210.45,210.47,210.45,210.47,0.01,17.45,3605.36,1
2023-10-10,2023-10-10 14:42:00,210.47,210.5,210.47,210.5,0.01,17.45,3605.36,1
2023-10-10,2023-10-10 14:43:00,210.5,210.53,210.5,210.53,0.01,17.45,3605.36,1
2023-10-10,2023-10-10 14:44:00,210.53,210.56,210.53,210.56,0.01,17.45,3605.36,1
2023-10-10,2023-10-10 14:45:00,210.56,210.59,210.56,210.59,0.01,17.45,3605.36,1
2023-10-10,2023-10-10 14:46:00,210.59,210.62,210.59,210.62,0.01,17.45,3605.36,1
2023-10-10,2023-10-10 14:47:00,210.62,210.65,210.62,210.65,0.01,17.45,3605.36,1
2023-10-10,2023-10-10 14:48:00,210.65,210.68,210.65,210.68,0.01,17.45,3605.36,1
2023-10-10,2023-10-10 14:49:00,210.68,210.71,210.68,210.71,0.01,17.45,3605.36,1
2023-10-10,2023-10-10 14:50:00,210.71,210.74,210.71,210.74,0.01,17.45,3605.36,1
2023-10-10,2023-10-10 14:51:00,210.74,210.77,210.74,210.77,0.01,17.45,3605.36,1
2023-10-10,2023-10-10 14:52:00,210.77,210.8,210.77,210.8,0.01,17.45,3605.36,1
2023-10-10,2023-10-10 14:53:00,210.8,210.82,210.8,210.82,0.01,17.45,3605.36,1
2023-10-10,2023-10-10 14:54:00,210.82,210.85,210.82,210.85,0.01,17.45,3605.36,1
2023-10-10,2023-10-10 14:55:00,210.85,210.88,210.85,210.88,0.01,17.45,3605.36,1
2023-10-10,2023-10-10 14:56:00,210.88,210.91,210.88,210.91,0.01,17.45,3605.36,1
2023-10-10,2023-10-10 14:57:00,210.91,210.94,210.91,210.94,0.01,17.45,3605.36,1
2023-10-10,2023-10-10 14:58:00,210.94,210.97,210.94,210.97,0.01,17.45,3605.36,1
2023-10-10,2023-10-10 14:59:00,210.97,211.0,210.97,211.0,0.01,17.45,3605.36,1
2023-10-10,2023-10-10 15:00:00,211.0,212.0,204.0,211.0,0.0,17.45,3605.36,0
2023-10-11,2023-10-11 11:00:00,206.8,209.92,206.56,206.81,0.0,28.88,6068.49,1
2023-10-11,2023-10-11 11:01:00,206.81,206.82,206.81,206.82,0.0,28.88,6068.49,1
2023-10-11,2023-10-11 11:02:00,206.82,206.83,206.82,206.83,0.0,28.88,6068.49,1
2023-10-11,2023-10-11 11:03:00,206.83,206.84,206.83,206.84,0.0,28.88,6068.49,1
2023-10-11,2023-10-11 11:04:00,206.84,206.85,206.84,206.85,0.0,28.88,6068.49,1
2023-10-11,2023-10-11 11:05:00,206.85,206.86,206.85,206.86,0.0,28.88,6068.49,1
2023-10-11,2023-10-11 11:06:00,206.86,206.86,206.86,206.86,0.0,28.88,6068.49,0
2023-10-11,2023-10-11 11:07:00,206.86,206.87,206.86,206.87,0.0,28.88,6068.49,1
2023-10-11,2023-10-11 11:08:00,206.87,206.88,206.87,206.88,0.0,28.88,6068.49,1
2023-10-11,2023-10-11 11:09:00,206.88,206.89,206.88,206.89,0.0,28.88,6068.49,1
2023-10-11,2023-10-11 11:10:00,206.89,206.9,206.89,206.9,0.0,28.88,6068.49,1
2023-10-11,2023-10-11 11:11:00,206.9,206.91,206.9,206.91,0.0,28.88,6068.49,1
2023-10-11,2023-10-11 11:12:00,206.91,206.92,206.91,206.92,0.0,28.88,6068.49,1
2023-10-11,2023-10-11 11:13:00,206.92,206.93,206.92,206.93,0.0,28.88,6068.49,1
2023-10-11,2023-10-11 11:14:00,206.93,206.94,206.93,206.94,0.0,28.88,6068.49,1
2023-10-11,2023-10-11 11:15:00,206.94,206.95,206.94,206.95,0.0,28.88,6068.49,1
2023-10-11,2023-10-11 11:16:00,206.95,206.96,206.95,206.96,0.0,28.88,6068.49,1
2023-10-11,2023-10-11 11:17:00,206.96,206.97,206.96,206.97,0.0,28.88,6068.49,1
2023-10-11,2023-10-11 11:18:00,206.97,206.97,206.97,206.97,0.0,28.88,6068.49,0
2023-10-11,2023-10-11 11:19:00,206.97,206.98,206.97,206.98,0.0,28.88,6068.49,1
2023-10-11,2023-10-11 11:20:00,206.98,206.99,206.98,206.99,0.0,28.88,6068.49,1
2023-10-11,2023-10-11 11:21:00,206.99,207.0,206.99,207.0,0.0,28.88,6068.49,1
2023-10-11,2023-10-11 11:22:00,207.0,207.01,207.0,207.01,0.0,28.88,6068.49,1
2023-10-11,2023-10-11 11:23:00,207.01,207.02,207.01,207.02,0.0,28.88,6068.49,1
2023-10-11,2023-10-11 11:24:00,207.02,207.03,207.02,207.03,0.0,28.88,6068.49,1
2023-10-11,2023-10-11 11:25:00,207.03,207.04,207.03,207.04,0.0,28.88,6068.49,1
2023-10-11,2023-10-11 11:26:00,207.04,207.05,207.04,207.05,0.0,28.88,6068.49,1
2023-10-11,2023-10-11 11:27:00,207.05,207.06,207.05,207.06,0.0,28.88,6068.49,1
2023-10-11,2023-10-11 11:28:00,207.06,207.07,207.06,207.07,0.0,28.88,6068.49,1
2023-10-11,2023-10-11 11:29:00,207.07,207.08,207.07,207.08,0.0,28.88,6068.49,1
2023-10-11,2023-10-11 11:30:00,207.08,207.08,207.08,207.08,0.0,28.88,6068.49,0
2023-10-11,2023-10-11 11:31:00,207.08,207.09,207.08,207.09,0.0,28.88,6068.49,1
2023-10-11,2023-10-11 11:32:00,207.09,207.1,207.09,207.1,0.0,28.88,6068.49,1
2023-10-11,2023-10-11 11:33:00,207.1,207.11,207.1,207.11,0.0,28.88,6068.49,1
2023-10-11,2023-10-11 11:34:00,207.11,207.12,207.11,207.12,0.0,28.88,6068.49,1
2023-10-11,2023-10-11 11:35:00,207.12,207.13,207.12,207.13,0.0,28.88,6068.49,1
2023-10-11,2023-10-11 11:36:00,207.13,207.14,207.13,207.14,0.0,28.88,6068.49,1
2023-10-11,2023-10-11 11:37:00,207.14,207.15,207.14,207.15,0.0,28.88,6068.49,1
2023-10-11,2023-10-11 11:38:00,207.15,207.16,207.15,207.16,0.0,28.88,6068.49,1
2023-10-11,2023-10-11 11:39:00,207.16,207.17,207.16,207.17,0.0,28.88,6068.49,1
2023-10-11,2023-10-11 11:40:00,207.17,207.18,207.17,207.18,0.0,28.88,6068.49,1
2023-10-11,2023-10-11 11:41:00,207.18,207.19,207.18,207.19,0.0,28.88,6068.49,1
2023-10-11,2023-10-11 11:42:00,207.19,207.19,207.19,207.19,0.0,28.88,6068.49,0
2023-10-11,2023-10-11 11:43:00,207.19,207.2,207.19,207.2,0.0,28.88,6068.49,1
2023-10-11,2023-10-11 11:44:00,207.2,207.21,207.2,207.21,0.0,28.88,6068.49,1
2023-10-11,2023-10-11 11:45:00,207.21,207.22,207.21,207.22,0.0,28.88,6068.49,1
2023-10-11,2023-10-11 11:46:00,207.22,207.23,207.22,207.23,0.0,28.88,6068.49,1
2023-10-11,2023-10-11 11:47:00,207.23,207.24,207.23,207.24,0.0,28.88,6068.49,1
2023-10-11,2023-10-11 11:48:00,207.24,207.25,207.24,207.25,0.0,28.88,6068.49,1
2023-10-11,2023-10-11 11:49:00,207.25,207.26,207.25,207.26,0.0,28.88,6068.49,1
2023-10-11,2023-10-11 11:50:00,207.26,207.27,207.26,207.27,0.0,28.88,6068.49,1
2023-10-11,2023-10-11 11:51:00,207.27,207.28,207.27,207.28,0.0,28.88,6068.49,1
2023-10-11,2023-10-11 11:52:00,207.28,207.29,207.28,207.29,0.0,28.88,6068.49,1
2023-10-11,2023-10-11 11:53:00,207.29,207.3,207.29,207.3,0.0,28.88,6068.49,1
2023-10-11,2023-10-11 11:54:00,207.3,207.3,207.3,207.3,0.0,28.88,6068.49,0
2023-10-11,2023-10-11 11:55:00,207.3,207.31,207.3,207.31,0.0,28.88,6068.49,1
2023-10-11,2023-10-11 11:56:00,207.31,207.32,207.31,207.32,0.0,28.88,6068.49,1
2023-10-11,2023-10-11 11:57:00,207.32,207.33,207.32,207.33,0.0,28.88,6068.49,1
2023-10-11,2023-10-11 11:58:00,207.33,207.34,207.33,207.34,0.0,28.88,6068.49,1
2023-10-11,2023-10-11 11:59:00,207.34,207.35,207.34,207.35,0.0,28.88,6068.49,1
2023-10-11,2023-10-11 12:00:00,207.35,207.36,207.35,207.36,0.0,28.88,6068.49,1
2023-10-11,2023-10-11 12:01:00,207.36,207.37,207.36,207.37,0.0,28.88,6068.49,1
2023-10-11,2023-10-11 12:02:00,207.37,207.38,207.37,207.38,0.0,28.88,6068.49,1
2023-10-11,2023-10-11 12:03:00,207.38,207.39,207.38,207.39,0.0,28.88,6068.49,1
2023-10-11,2023-10-11 12:04:00,207.39,207.4,207.39,207.4,0.0,28.88,6068.49,1
2023-10-11,2023-10-11 12:05:00,207.4,207.41,207.4,207.41,0.0,28.88,6068.49,1
2023-10-11,2023-10-11 12:06:00,207.41,207.41,207.41,207.41,0.0,28.88,6068.49,0
2023-10-11,2023-10-11 12:07:00,207.41,207.42,207.41,207.42,0.0,28.88,6068.49,1
2023-10-11,2023-10-11 12:08:00,207.42,207.43,207.42,207.43,0.0,28.88,6068.49,1
2023-10-11,2023-10-11 12:09:00,207.43,207.44,207.43,207.44,0.0,28.88,6068.49,1
2023-10-11,2023-10-11 12:10:00,207.44,207.45,207.44,207.45,0.0,28.88,6068.49,1
2023-10-11,2023-10-11 12:11:00,207.45,207.46,207.45,207.46,0.0,28.88,6068.49,1
2023-10-11,2023-10-11 12:12:00,207.46,207.47,207.46,207.47,0.0,28.88,6068.49,1
2023-10-11,2023-10-11 12:13:00,207.47,207.48,207.47,207.48,0.0,28.88,6068.49,1
2023-10-11,2023-10-11 12:14:00,207.48,207.49,207.48,207.49,0.0,28.88,6068.49,1
2023-10-11,2023-10-11 12:15:00,207.49,207.5,207.49,207.5,0.0,28.88,6068.49,1
2023-10-11,2023-10-11 12:16:00,207.5,207.51,207.5,207.51,0.0,28.88,6068.49,1
2023-10-11,2023-10-11 12:17:00,207.51,207.52,207.51,207.52,0.0,28.88,6068.49,1
2023-10-11,2023-10-11 12:18:00,207.52,207.52,207.52,207.52,0.0,28.88,6068.49,0
2023-10-11,2023-10-11 12:19:00,207.52,207.53,207.52,207.53,0.0,28.88,6068.49,1
2023-10-11,2023-10-11 12:20:00,207.53,207.54,207.53,207.54,0.0,28.88,6068.49,1
2023-10-11,2023-10-11 12:21:00,207.54,207.55,207.54,207.55,0.0,28.88,6068.49,1
2023-10-11,2023-10-11 12:22:00,207.55,207.56,207.55,207.56,0.0,28.88,6068.49,1
2023-10-11,2023-10-11 12:23:00,207.56,207.57,207.56,207.57,0.0,28.88,6068.49,1
2023-10-11,2023-10-11 12:24:00,207.57,207.58,207.57,207.58,0.0,28.88,6068.49,1
2023-10-11,2023-10-11 12:25:00,207.58,207.59,207.58,207.59,0.0,28.88,6068.49,1
2023-10-11,2023-10-11 12:26:00,207.59,207.6,207.59,207.6,0.0,28.88,6068.49,1
2023-10-11,2023-10-11 12:27:00,207.6,207.61,207.6,207.61,0.0,28.88,6068.49,1
2023-10-11,2023-10-11 12:28:00,207.61,207.62,207.61,207.62,0.0,28.88,6068.49,1
2023-10-11,2023-10-11 12:29:00,207.62,207.62,207.62,207.62,0.0,28.88,6068.49,0
2023-10-11,2023-10-11 12:30:00,207.62,207.63,207.62,207.63,0.0,28.88,6068.49,1
2023-10-11,2023-10-11 12:31:00,207.63,207.64,207.63,207.64,0.0,28.88,6068.49,1
2023-10-11,2023-10-11 12:32:00,207.64,207.65,207.64,207.65,0.0,28.88,6068.49,1
2023-10-11,2023-10-11 12:33:00,207.65,207.66,207.65,207.66,0.0,28.88,6068.49,1
2023-10-11,2023-10-11 12:34:00,207.66,207.67,207.66,207.67,0.0,28.88,6068.49,1
2023-10-11,2023-10-11 12:35:00,207.67,207.68,207.67,207.68,0.0,28.88,6068.49,1
2023-10-11,2023-10-11 12:36:00,207.68,207.69,207.68,207.69,0.0,28.88,6068.49,1
2023-10-11,2023-10-11 12:37:00,207.69,207.7,207.69,207.7,0.0,28.88,6068.49,1
2023-10-11,2023-10-11 12:38:00,207.7,207.71,207.7,207.71,0.0,28.88,6068.49,1
2023-10-11,2023-10-11 12:39:00,207.71,207.72,207.71,207.72,0.0,28.88,6068.49,1
2023-10-11,2023-10-11 12:40:00,207.72,207.73,207.72,207.73,0.0,28.88,6068.49,1
2023-10-11,2023-10-11 12:41:00,207.73,207.74,207.73,207.74,0.0,28.88,6068.49,1
2023-10-11,2023-10-11 12:42:00,207.74,207.74,207.74,207.74,0.0,28.88,6068.49,0
2023-10-11,2023-10-11 12:43:00,207.74,207.75,207.74,207.75,0.0,28.88,6068.49,1
2023-10-11,2023-10-11 12:44:00,207.75,207.76,207.75,207.76,0.0,28.88,6068.49,1
2023-10-11,2023-10-11 12:45:00,207.76,207.77,207.76,207.77,0.0,28.88,6068.49,1
2023-10-11,2023-10-11 12:46:00,207.77,207.78,207.77,207.78,0.0,28.88,6068.49,1
2023-10-11,2023-10-11 12:47:00,207.78,207.79,207.78,207.79,0.0,28.88,6068.49,1
2023-10-11,2023-10-11 12:48:00,207.79,207.8,207.79,207.8,0.0,28.88,6068.49,1
2023-10-11,2023-10-11 12:49:00,207.8,207.81,207.8,207.81,0.0,28.88,6068.49,1
2023-10-11,2023-10-11 12:50:00,207.81,207.82,207.81,207.82,0.0,28.88,6068.49,1
2023-10-11,2023-10-11 12:51:00,207.82,207.83,207.82,207.83,0.0,28.88,6068.49,1
2023-10-11,2023-10-11 12:52:00,207.83,207.84,207.83,207.84,0.0,28.88,6068.49,1
2023-10-11,2023-10-11 12:53:00,207.84,207.84,207.84,207.84,0.0,28.88,6068.49,0
2023-10-11,2023-10-11 12:54:00,207.84,207.85,207.84,207.85,0.0,28.88,6068.49,1
2023-10-11,2023-10-11 12:55:00,207.85,207.86,207.85,207.86,0.0,28.88,6068.49,1
2023-10-11,2023-10-11 12:56:00,207.86,207.87,207.86,207.87,0.0,28.88,6068.49,1
2023-10-11,2023-10-11 12:57:00,207.87,207.88,207.87,207.88,0.0,28.88,6068.49,1
2023-10-11,2023-10-11 12:58:00,207.88,207.89,207.88,207.89,0.0,28.88,6068.49,1
2023-10-11,2023-10-11 12:59:00,207.89,207.9,207.89,207.9,0.0,28.88,6068.49,1
2023-10-11,2023-10-11 13:00:00,207.9,217.2,206.0,207.91,0.0,28.88,6068.49,1
2023-10-11,2023-10-11 13:01:00,207.91,207.92,207.91,207.92,0.0,28.88,6068.49,1
2023-10-11,2023-10-11 13:02:00,207.92,207.93,207.92,207.93,0.0,28.88,6068.49,1
2023-10-11,2023-10-11 13:03:00,207.93,207.94,207.93,207.94,0.0,28.88,6068.49,1
2023-10-11,2023-10-11 13:04:00,207.94,207.95,207.94,207.95,0.0,28.88,6068.49,1
2023-10-11,2023-10-11 13:05:00,207.95,207.96,207.95,207.96,0.0,28.88,6068.49,1
2023-10-11,2023-10-11 13:06:00,207.96,207.96,207.96,207.96,0.0,28.88,6068.49,0
2023-10-11,2023-10-11 13:07:00,207.96,207.97,207.96,207.97,0.0,28.88,6068.49,1
2023-10-11,2023-10-11 13:08:00,207.97,207.98,207.97,207.98,0.0,28.88,6068.49,1
2023-10-11,2023-10-11 13:09:00,207.98,207.99,207.98,207.99,0.0,28.88,6068.49,1
2023-10-11,2023-10-11 13:10:00,207.99,208.0,207.99,208.0,0.0,28.88,6068.49,1
2023-10-11,2023-10-11 13:11:00,208.0,208.01,208.0,208.01,0.0,28.88,6068.49,1
2023-10-11,2023-10-11 13:12:00,208.01,208.02,208.01,208.02,0.0,28.88,6068.49,1
2023-10-11,2023-10-11 13:13:00,208.02,208.03,208.02,208.03,0.0,28.88,6068.49,1
2023-10-11,2023-10-11 13:14:00,208.03,208.04,208.03,208.04,0.0,28.88,6068.49,1
2023-10-11,2023-10-11 13:15:00,208.04,208.05,208.04,208.05,0.0,28.88,6068.49,1
2023-10-11,2023-10-11 13:16:00,208.05,208.06,208.05,208.06,0.0,28.88,6068.49,1
2023-10-11,2023-10-11 13:17:00,208.06,208.06,208.06,208.06,0.0,28.88,6068.49,0
2023-10-11,2023-10-11 13:18:00,208.06,208.07,208.06,208.07,0.0,28.88,6068.49,1
2023-10-11,2023-10-11 13:19:00,208.07,208.08,208.07,208.08,0.0,28.88,6068.49,1
2023-10-11,2023-10-11 13:20:00,208.08,208.09,208.08,208.09,0.0,28.88,6068.49,1
2023-10-11,2023-10-11 13:21:00,208.09,208.1,208.09,208.1,0.0,28.88,6068.49,1
2023-10-11,2023-10-11 13:22:00,208.1,208.11,208.1,208.11,0.0,28.88,6068.49,1
2023-10-11,2023-10-11 13:23:00,208.11,208.12,208.11,208.12,0.0,28.88,6068.49,1
2023-10-11,2023-10-11 13:24:00,208.12,208.13,208.12,208.13,0.0,28.88,6068.49,1
2023-10-11,2023-10-11 13:25:00,208.13,208.14,208.13,208.14,0.0,28.88,6068.49,1
2023-10-11,2023-10-11 13:26:00,208.14,208.15,208.14,208.15,0.0,28.88,6068.49,1
2023-10-11,2023-10-11 13:27:00,208.15,208.16,208.15,208.16,0.0,28.88,6068.49,1
2023-10-11,2023-10-11 13:28:00,208.16,208.17,208.16,208.17,0.0,28.88,6068.49,1
2023-10-11,2023-10-11 13:29:00,208.17,208.18,208.17,208.18,0.0,28.88,6068.49,1
2023-10-11,2023-10-11 13:30:00,208.18,208.18,208.18,208.18,0.0,28.88,6068.49,0
2023-10-11,2023-10-11 13:31:00,208.18,208.19,208.18,208.19,0.0,28.88,6068.49,1
2023-10-11,2023-10-11 13:32:00,208.19,208.2,208.19,208.2,0.0,28.88,6068.49,1
2023-10-11,2023-10-11 13:33:00,208.2,208.21,208.2,208.21,0.0,28.88,6068.49,1
2023-10-11,2023-10-11 13:34:00,208.21,208.22,208.21,208.22,0.0,28.88,6068.49,1
2023-10-11,2023-10-11 13:35:00,208.22,208.23,208.22,208.23,0.0,28.88,6068.49,1
2023-10-11,2023-10-11 13:36:00,208.23,208.24,208.23,208.24,0.0,28.88,6068.49,1
2023-10-11,2023-10-11 13:37:00,208.24,208.25,208.24,208.25,0.0,28.88,6068.49,1
2023-10-11,2023-10-11 13:38:00,208.25,208.26,208.25,208.26,0.0,28.88,6068.49,1
2023-10-11,2023-10-11 13:39:00,208.26,208.27,208.26,208.27,0.0,28.88,6068.49,1
2023-10-11,2023-10-11 13:40:00,208.27,208.28,208.27,208.28,0.0,28.88,6068.49,1
2023-10-11,2023-10-11 13:41:00,208.28,208.28,208.28,208.28,0.0,28.88,6068.49,0
2023-10-11,2023-10-11 13:42:00,208.28,208.29,208.28,208.29,0.0,28.88,6068.49,1
2023-10-11,2023-10-11 13:43:00,208.29,208.3,208.29,208.3,0.0,28.88,6068.49,1
2023-10-11,2023-10-11 13:44:00,208.3,208.31,208.3,208.31,0.0,28.88,6068.49,1
2023-10-11,2023-10-11 13:45:00,208.31,208.32,208.31,208.32,0.0,28.88,6068.49,1
2023-10-11,2023-10-11 13:46:00,208.32,208.33,208.32,208.33,0.0,28.88,6068.49,1
2023-10-11,2023-10-11 13:47:00,208.33,208.34,208.33,208.34,0.0,28.88,6068.49,1
2023-10-11,2023-10-11 13:48:00,208.34,208.35,208.34,208.35,0.0,28.88,6068.49,1
2023-10-11,2023-10-11 13:49:00,208.35,208.36,208.35,208.36,0.0,28.88,6068.49,1
2023-10-11,2023-10-11 13:50:00,208.36,208.37,208.36,208.37,0.0,28.88,6068.49,1
2023-10-11,2023-10-11 13:51:00,208.37,208.38,208.37,208.38,0.0,28.88,6068.49,1
2023-10-11,2023-10-11 13:52:00,208.38,208.39,208.38,208.39,0.0,28.88,6068.49,1
2023-10-11,2023-10-11 13:53:00,208.39,208.4,208.39,208.4,0.0,28.88,6068.49,1
2023-10-11,2023-10-11 13:54:00,208.4,208.4,208.4,208.4,0.0,28.88,6068.49,0
2023-10-11,2023-10-11 13:55:00,208.4,208.41,208.4,208.41,0.0,28.88,6068.49,1
2023-10-11,2023-10-11 13:56:00,208.41,208.42,208.41,208.42,0.0,28.88,6068.49,1
2023-10-11,2023-10-11 13:57:00,208.42,208.43,208.42,208.43,0.0,28.88,6068.49,1
2023-10-11,2023-10-11 13:58:00,208.43,208.44,208.43,208.44,0.0,28.88,6068.49,1
2023-10-11,2023-10-11 13:59:00,208.44,208.45,208.44,208.45,0.0,28.88,6068.49,1
2023-10-11,2023-10-11 14:00:00,208.45,208.46,208.45,208.46,0.0,28.88,6068.49,1
2023-10-11,2023-10-11 14:01:00,208.46,208.47,208.46,208.47,0.0,28.88,6068.49,1
2023-10-11,2023-10-11 14:02:00,208.47,208.48,208.47,208.48,0.0,28.88,6068.49,1
2023-10-11,2023-10-11 14:03:00,208.48,208.49,208.48,208.49,0.0,28.88,6068.49,1
2023-10-11,2023-10-11 14:04:00,208.49,208.5,208.49,208.5,0.0,28.88,6068.49,1
2023-10-11,2023-10-11 14:05:00,208.5,208.5,208.5,208.5,0.0,28.88,6068.49,0
2023-10-11,2023-10-11 14:06:00,208.5,208.51,208.5,208.51,0.0,28.88,6068.49,1
2023-10-11,2023-10-11 14:07:00,208.51,208.52,208.51,208.52,0.0,28.88,6068.49,1
2023-10-11,2023-10-11 14:08:00,208.52,208.53,208.52,208.53,0.0,28.88,6068.49,1
2023-10-11,2023-10-11 14:09:00,208.53,208.54,208.53,208.54,0.0,28.88,6068.49,1
2023-10-11,2023-10-11 14:10:00,208.54,208.55,208.54,208.55,0.0,28.88,6068.49,1
2023-10-11,2023-10-11 14:11:00,208.55,208.56,208.55,208.56,0.0,28.88,6068.49,1
2023-10-11,2023-10-11 14:12:00,208.56,208.57,208.56,208.57,0.0,28.88,6068.49,1
2023-10-11,2023-10-11 14:13:00,208.57,208.58,208.57,208.58,0.0,28.88,6068.49,1
2023-10-11,2023-10-11 14:14:00,208.58,208.59,208.58,208.59,0.0,28.88,6068.49,1
2023-10-11,2023-10-11 14:15:00,208.59,208.6,208.59,208.6,0.0,28.88,6068.49,1
2023-10-11,2023-10-11 14:16:00,208.6,208.61,208.6,208.61,0.0,28.88,6068.49,1
2023-10-11,2023-10-11 14:17:00,208.61,208.62,208.61,208.62,0.0,28.88,6068.49,1
2023-10-11,2023-10-11 14:18:00,208.62,208.62,208.62,208.62,0.0,28.88,6068.49,0
2023-10-11,2023-10-11 14:19:00,208.62,208.63,208.62,208.63,0.0,28.88,6068.49,1
2023-10-11,2023-10-11 14:20:00,208.63,208.64,208.63,208.64,0.0,28.88,6068.49,1
2023-10-11,2023-10-11 14:21:00,208.64,208.65,208.64,208.65,0.0,28.88,6068.49,1
2023-10-11,2023-10-11 14:22:00,208.65,208.66,208.65,208.66,0.0,28.88,6068.49,1
2023-10-11,2023-10-11 14:23:00,208.66,208.67,208.66,208.67,0.0,28.88,6068.49,1
2023-10-11,2023-10-11 14:24:00,208.67,208.68,208.67,208.68,0.0,28.88,6068.49,1
2023-10-11,2023-10-11 14:25:00,208.68,208.69,208.68,208.69,0.0,28.88,6068.49,1
2023-10-11,2023-10-11 14:26:00,208.69,208.7,208.69,208.7,0.0,28.88,6068.49,1
2023-10-11,2023-10-11 14:27:00,208.7,208.71,208.7,208.71,0.0,28.88,6068.49,1
2023-10-11,2023-10-11 14:28:00,208.71,208.72,208.71,208.72,0.0,28.88,6068.49,1
2023-10-11,2023-10-11 14:29:00,208.72,208.72,208.72,208.72,0.0,28.88,6068.49,0
2023-10-11,2023-10-11 14:30:00,208.72,208.73,208.72,208.73,0.0,28.88,6068.49,1
2023-10-11,2023-10-11 14:31:00,208.73,208.74,208.73,208.74,0.0,28.88,6068.49,1
2023-10-11,2023-10-11 14:32:00,208.74,208.75,208.74,208.75,0.0,28.88,6068.49,1
2023-10-11,2023-10-11 14:33:00,208.75,208.76,208.75,208.76,0.0,28.88,6068.49,1
2023-10-11,2023-10-11 14:34:00,208.76,208.77,208.76,208.77,0.0,28.88,6068.49,1
2023-10-11,2023-10-11 14:35:00,208.77,208.78,208.77,208.78,0.0,28.88,6068.49,1
2023-10-11,2023-10-11 14:36:00,208.78,208.79,208.78,208.79,0.0,28.88,6068.49,1
2023-10-11,2023-10-11 14:37:00,208.79,208.8,208.79,208.8,0.0,28.88,6068.49,1
2023-10-11,2023-10-11 14:38:00,208.8,208.81,208.8,208.81,0.0,28.88,6068.49,1
2023-10-11,2023-10-11 14:39:00,208.81,208.82,208.81,208.82,0.0,28.88,6068.49,1
2023-10-11,2023-10-11 14:40:00,208.82,208.83,208.82,208.83,0.0,28.88,6068.49,1
2023-10-11,2023-10-11 14:41:00,208.83,208.84,208.83,208.84,0.0,28.88,6068.49,1
2023-10-11,2023-10-11 14:42:00,208.84,208.84,208.84,208.84,0.0,28.88,6068.49,0
2023-10-11,2023-10-11 14:43:00,208.84,208.85,208.84,208.85,0.0,28.88,6068.49,1
2023-10-11,2023-10-11 14:44:00,208.85,208.86,208.85,208.86,0.0,28.88,6068.49,1
2023-10-11,2023-10-11 14:45:00,208.86,208.87,208.86,208.87,0.0,28.88,6068.49,1
2023-10-11,2023-10-11 14:46:00,208.87,208.88,208.87,208.88,0.0,28.88,6068.49,1
2023-10-11,2023-10-11 14:47:00,208.88,208.89,208.88,208.89,0.0,28.88,6068.49,1
2023-10-11,2023-10-11 14:48:00,208.89,208.9,208.89,208.9,0.0,28.88,6068.49,1
2023-10-11,2023-10-11 14:49:00,208.9,208.91,208.9,208.91,0.0,28.88,6068.49,1
2023-10-11,2023-10-11 14:50:00,208.91,208.92,208.91,208.92,0.0,28.88,6068.49,1
2023-10-11,2023-10-11 14:51:00,208.92,208.93,208.92,208.93,0.0,28.88,6068.49,1
2023-10-11,2023-10-11 14:52:00,208.93,208.94,208.93,208.94,0.0,28.88,6068.49,1
2023-10-11,2023-10-11 14:53:00,208.94,208.94,208.94,208.94,0.0,28.88,6068.49,0
2023-10-11,2023-10-11 14:54:00,208.94,208.95,208.94,208.95,0.0,28.88,6068.49,1
2023-10-11,2023-10-11 14:55:00,208.95,208.96,208.95,208.96,0.0,28.88,6068.49,1
2023-10-11,2023-10-11 14:56:00,208.96,208.97,208.96,208.97,0.0,28.88,6068.49,1
2023-10-11,2023-10-11 14:57:00,208.97,208.98,208.97,208.98,0.0,28.88,6068.49,1
2023-10-11,2023-10-11 14:58:00,208.98,208.99,208.98,208.99,0.0,28.88,6068.49,1
2023-10-11,2023-10-11 14:59:00,208.99,209.0,208.99,209.0,0.0,28.88,6068.49,1
2023-10-11,2023-10-11 15:00:00,209.0,217.2,206.0,209.0,0.0,28.88,6068.49,0
2023-10-12,2023-10-12 11:00:00,205.1,206.87,205.07,205.12,0.01,25.8,5308.8,1
2023-10-12,2023-10-12 11:01:00,205.12,205.13,205.12,205.13,0.0,25.8,5308.8,1
2023-10-12,2023-10-12 11:02:00,205.13,205.15,205.13,205.15,0.01,25.8,5308.8,1
2023-10-12,2023-10-12 11:03:00,205.15,205.16,205.15,205.16,0.0,25.8,5308.8,1
2023-10-12,2023-10-12 11:04:00,205.16,205.18,205.16,205.18,0.01,25.8,5308.8,1
2023-10-12,2023-10-12 11:05:00,205.18,205.2,205.18,205.2,0.01,25.8,5308.8,1
2023-10-12,2023-10-12 11:06:00,205.2,205.21,205.2,205.21,0.0,25.8,5308.8,1
2023-10-12,2023-10-12 11:07:00,205.21,205.23,205.21,205.23,0.01,25.8,5308.8,1
2023-10-12,2023-10-12 11:08:00,205.23,205.25,205.23,205.25,0.01,25.8,5308.8,1
2023-10-12,2023-10-12 11:09:00,205.25,205.26,205.25,205.26,0.0,25.8,5308.8,1
2023-10-12,2023-10-12 11:10:00,205.26,205.28,205.26,205.28,0.01,25.8,5308.8,1
2023-10-12,2023-10-12 11:11:00,205.28,205.29,205.28,205.29,0.0,25.8,5308.8,1
2023-10-12,2023-10-12 11:12:00,205.29,205.31,205.29,205.31,0.01,25.8,5308.8,1
2023-10-12,2023-10-12 11:13:00,205.31,205.33,205.31,205.33,0.01,25.8,5308.8,1
2023-10-12,2023-10-12 11:14:00,205.33,205.34,205.33,205.34,0.0,25.8,5308.8,1
2023-10-12,2023-10-12 11:15:00,205.34,205.36,205.34,205.36,0.01,25.8,5308.8,1
2023-10-12,2023-10-12 11:16:00,205.36,205.38,205.36,205.38,0.01,25.8,5308.8,1
2023-10-12,2023-10-12 11:17:00,205.38,205.39,205.38,205.39,0.0,25.8,5308.8,1
2023-10-12,2023-10-12 11:18:00,205.39,205.41,205.39,205.41,0.01,25.8,5308.8,1
2023-10-12,2023-10-12 11:19:00,205.41,205.42,205.41,205.42,0.0,25.8,5308.8,1
2023-10-12,2023-10-12 11:20:00,205.42,205.44,205.42,205.44,0.01,25.8,5308.8,1
2023-10-12,2023-10-12 11:21:00,205.44,205.46,205.44,205.46,0.01,25.8,5308.8,1
2023-10-12,2023-10-12 11:22:00,205.46,205.47,205.46,205.47,0.0,25.8,5308.8,1
2023-10-12,2023-10-12 11:23:00,205.47,205.49,205.47,205.49,0.01,25.8,5308.8,1
2023-10-12,2023-10-12 11:24:00,205.49,205.51,205.49,205.51,0.01,25.8,5308.8,1
2023-10-12,2023-10-12 11:25:00,205.51,205.52,205.51,205.52,0.0,25.8,5308.8,1
2023-10-12,2023-10-12 11:26:00,205.52,205.54,205.52,205.54,0.01,25.8,5308.8,1
2023-10-12,2023-10-12 11:27:00,205.54,205.56,205.54,205.56,0.01,25.8,5308.8,1
2023-10-12,2023-10-12 11:28:00,205.56,205.57,205.56,205.57,0.0,25.8,5308.8,1
2023-10-12,2023-10-12 11:29:00,205.57,205.59,205.57,205.59,0.01,25.8,5308.8,1
2023-10-12,2023-10-12 11:30:00,205.59,205.6,205.59,205.6,0.0,25.8,5308.8,1
2023-10-12,2023-10-12 11:31:00,205.6,205.62,205.6,205.62,0.01,25.8,5308.8,1
2023-10-12,2023-10-12 11:32:00,205.62,205.64,205.62,205.64,0.01,25.8,5308.8,1
2023-10-12,2023-10-12 11:33:00,205.64,205.65,205.64,205.65,0.0,25.8,5308.8,1
2023-10-12,2023-10-12 11:34:00,205.65,205.67,205.65,205.67,0.01,25.8,5308.8,1
2023-10-12,2023-10-12 11:35:00,205.67,205.69,205.67,205.69,0.01,25.8,5308.8,1
2023-10-12,2023-10-12 11:36:00,205.69,205.7,205.69,205.7,0.0,25.8,5308.8,1
2023-10-12,2023-10-12 11:37:00,205.7,205.72,205.7,205.72,0.01,25.8,5308.8,1
2023-10-12,2023-10-12 11:38:00,205.72,205.73,205.72,205.73,0.0,25.8,5308.8,1
2023-10-12,2023-10-12 11:39:00,205.73,205.75,205.73,205.75,0.01,25.8,5308.8,1
2023-10-12,2023-10-12 11:40:00,205.75,205.77,205.75,205.77,0.01,25.8,5308.8,1
2023-10-12,2023-10-12 11:41:00,205.77,205.78,205.77,205.78,0.0,25.8,5308.8,1
2023-10-12,2023-10-12 11:42:00,205.78,205.8,205.78,205.8,0.01,25.8,5308.8,1
2023-10-12,2023-10-12 11:43:00,205.8,205.81,205.8,205.81,0.0,25.8,5308.8,1
2023-10-12,2023-10-12 11:44:00,205.81,205.83,205.81,205.83,0.01,25.8,5308.8,1
2023-10-12,2023-10-12 11:45:00,205.83,205.85,205.83,205.85,0.01,25.8,5308.8,1
2023-10-12,2023-10-12 11:46:00,205.85,205.86,205.85,205.86,0.0,25.8,5308.8,1
2023-10-12,2023-10-12 11:47:00,205.86,205.88,205.86,205.88,0.01,25.8,5308.8,1
2023-10-12,2023-10-12 11:48:00,205.88,205.9,205.88,205.9,0.01,25.8,5308.8,1
2023-10-12,2023-10-12 11:49:00,205.9,205.91,205.9,205.91,0.0,25.8,5308.8,1
2023-10-12,2023-10-12 11:50:00,205.91,205.93,205.91,205.93,0.01,25.8,5308.8,1
2023-10-12,2023-10-12 11:51:00,205.93,205.94,205.93,205.94,0.0,25.8,5308.8,1
2023-10-12,2023-10-12 11:52:00,205.94,205.96,205.94,205.96,0.01,25.8,5308.8,1
2023-10-12,2023-10-12 11:53:00,205.96,205.98,205.96,205.98,0.01,25.8,5308.8,1
2023-10-12,2023-10-12 11:54:00,205.98,205.99,205.98,205.99,0.0,25.8,5308.8,1
2023-10-12,2023-10-12 11:55:00,205.99,206.01,205.99,206.01,0.01,25.8,5308.8,1
2023-10-12,2023-10-12 11:56:00,206.01,206.03,206.01,206.03,0.01,25.8,5308.8,1
2023-10-12,2023-10-12 11:57:00,206.03,206.04,206.03,206.04,0.0,25.8,5308.8,1
2023-10-12,2023-10-12 11:58:00,206.04,206.06,206.04,206.06,0.01,25.8,5308.8,1
2023-10-12,2023-10-12 11:59:00,206.06,206.07,206.06,206.07,0.0,25.8,5308.8,1
2023-10-12,2023-10-12 12:00:00,206.07,206.09,206.07,206.09,0.01,25.8,5308.8,1
2023-10-12,2023-10-12 12:01:00,206.09,206.11,206.09,206.11,0.01,25.8,5308.8,1
2023-10-12,2023-10-12 12:02:00,206.11,206.12,206.11,206.12,0.0,25.8,5308.8,1
2023-10-12,2023-10-12 12:03:00,206.12,206.14,206.12,206.14,0.01,25.8,5308.8,1
2023-10-12,2023-10-12 12:04:00,206.14,206.16,206.14,206.16,0.01,25.8,5308.8,1
2023-10-12,2023-10-12 12:05:00,206.16,206.17,206.16,206.17,0.0,25.8,5308.8,1
2023-10-12,2023-10-12 12:06:00,206.17,206.19,206.17,206.19,0.01,25.8,5308.8,1
2023-10-12,2023-10-12 12:07:00,206.19,206.2,206.19,206.2,0.0,25.8,5308.8,1
2023-10-12,2023-10-12 12:08:00,206.2,206.22,206.2,206.22,0.01,25.8,5308.8,1
2023-10-12,2023-10-12 12:09:00,206.22,206.24,206.22,206.24,0.01,25.8,5308.8,1
2023-10-12,2023-10-12 12:10:00,206.24,206.25,206.24,206.25,0.0,25.8,5308.8,1
2023-10-12,2023-10-12 12:11:00,206.25,206.27,206.25,206.27,0.01,25.8,5308.8,1
2023-10-12,2023-10-12 12:12:00,206.27,206.29,206.27,206.29,0.01,25.8,5308.8,1
2023-10-12,2023-10-12 12:13:00,206.29,206.3,206.29,206.3,0.0,25.8,5308.8,1
2023-10-12,2023-10-12 12:14:00,206.3,206.32,206.3,206.32,0.01,25.8,5308.8,1
2023-10-12,2023-10-12 12:15:00,206.32,206.34,206.32,206.34,0.01,25.8,5308.8,1
2023-10-12,2023-10-12 12:16:00,206.34,206.35,206.34,206.35,0.0,25.8,5308.8,1
2023-10-12,2023-10-12 12:17:00,206.35,206.37,206.35,206.37,0.01,25.8,5308.8,1
2023-10-12,2023-10-12 12:18:00,206.37,206.38,206.37,206.38,0.0,25.8,5308.8,1
2023-10-12,2023-10-12 12:19:00,206.38,206.4,206.38,206.4,0.01,25.8,5308.8,1
2023-10-12,2023-10-12 12:20:00,206.4,206.42,206.4,206.42,0.01,25.8,5308.8,1
2023-10-12,2023-10-12 12:21:00,206.42,206.43,206.42,206.43,0.0,25.8,5308.8,1
2023-10-12,2023-10-12 12:22:00,206.43,206.45,206.43,206.45,0.01,25.8,5308.8,1
2023-10-12,2023-10-12 12:23:00,206.45,206.47,206.45,206.47,0.01,25.8,5308.8,1
2023-10-12,2023-10-12 12:24:00,206.47,206.48,206.47,206.48,0.0,25.8,5308.8,1
2023-10-12,2023-10-12 12:25:00,206.48,206.5,206.48,206.5,0.01,25.8,5308.8,1
2023-10-12,2023-10-12 12:26:00,206.5,206.51,206.5,206.51,0.0,25.8,5308.8,1
2023-10-12,2023-10-12 12:27:00,206.51,206.53,206.51,206.53,0.01,25.8,5308.8,1
2023-10-12,2023-10-12 12:28:00,206.53,206.55,206.53,206.55,0.01,25.8,5308.8,1
2023-10-12,2023-10-12 12:29:00,206.55,206.56,206.55,206.56,0.0,25.8,5308.8,1
2023-10-12,2023-10-12 12:30:00,206.56,206.58,206.56,206.58,0.01,25.8,5308.8,1
2023-10-12,2023-10-12 12:31:00,206.58,206.59,206.58,206.59,0.0,25.8,5308.8,1
2023-10-12,2023-10-12 12:32:00,206.59,206.61,206.59,206.61,0.01,25.8,5308.8,1
2023-10-12,2023-10-12 12:33:00,206.61,206.63,206.61,206.63,0.01,25.8,5308.8,1
2023-10-12,2023-10-12 12:34:00,206.63,206.64,206.63,206.64,0.0,25.8,5308.8,1
2023-10-12,2023-10-12 12:35:00,206.64,206.66,206.64,206.66,0.01,25.8,5308.8,1
2023-10-12,2023-10-12 12:36:00,206.66,206.68,206.66,206.68,0.01,25.8,5308.8,1
2023-10-12,2023-10-12 12:37:00,206.68,206.69,206.68,206.69,0.0,25.8,5308.8,1
2023-10-12,2023-10-12 12:38:00,206.69,206.71,206.69,206.71,0.01,25.8,5308.8,1
2023-10-12,2023-10-12 12:39:00,206.71,206.72,206.71,206.72,0.0,25.8,5308.8,1
2023-10-12,2023-10-12 12:40:00,206.72,206.74,206.72,206.74,0.01,25.8,5308.8,1
2023-10-12,2023-10-12 12:41:00,206.74,206.76,206.74,206.76,0.01,25.8,5308.8,1
2023-10-12,2023-10-12 12:42:00,206.76,206.77,206.76,206.77,0.0,25.8,5308.8,1
2023-10-12,2023-10-12 12:43:00,206.77,206.79,206.77,206.79,0.01,25.8,5308.8,1
2023-10-12,2023-10-12 12:44:00,206.79,206.81,206.79,206.81,0.01,25.8,5308.8,1
2023-10-12,2023-10-12 12:45:00,206.81,206.82,206.81,206.82,0.0,25.8,5308.8,1
2023-10-12,2023-10-12 12:46:00,206.82,206.84,206.82,206.84,0.01,25.8,5308.8,1
2023-10-12,2023-10-12 12:47:00,206.84,206.85,206.84,206.85,0.0,25.8,5308.8,1
2023-10-12,2023-10-12 12:48:00,206.85,206.87,206.85,206.87,0.01,25.8,5308.8,1
2023-10-12,2023-10-12 12:49:00,206.87,206.89,206.87,206.89,0.01,25.8,5308.8,1
2023-10-12,2023-10-12 12:50:00,206.89,206.9,206.89,206.9,0.0,25.8,5308.8,1
2023-10-12,2023-10-12 12:51:00,206.9,206.92,206.9,206.92,0.01,25.8,5308.8,1
2023-10-12,2023-10-12 12:52:00,206.92,206.94,206.92,206.94,0.01,25.8,5308.8,1
2023-10-12,2023-10-12 12:53:00,206.94,206.95,206.94,206.95,0.0,25.8,5308.8,1
2023-10-12,2023-10-12 12:54:00,206.95,206.97,206.95,206.97,0.01,25.8,5308.8,1
2023-10-12,2023-10-12 12:55:00,206.97,206.98,206.97,206.98,0.0,25.8,5308.8,1
2023-10-12,2023-10-12 12:56:00,206.98,207.0,206.98,207.0,0.01,25.8,5308.8,1
2023-10-12,2023-10-12 12:57:00,207.0,207.02,207.0,207.02,0.01,25.8,5308.8,1
2023-10-12,2023-10-12 12:58:00,207.02,207.03,207.02,207.03,0.0,25.8,5308.8,1
2023-10-12,2023-10-12 12:59:00,207.03,207.05,207.03,207.05,0.01,25.8,5308.8,1
2023-10-12,2023-10-12 13:00:00,207.05,211.0,205.0,207.07,0.01,25.8,5308.8,1
2023-10-12,2023-10-12 13:01:00,207.07,207.08,207.07,207.08,0.0,25.8,5308.8,1
2023-10-12,2023-10-12 13:02:00,207.08,207.1,207.08,207.1,0.01,25.8,5308.8,1
2023-10-12,2023-10-12 13:03:00,207.1,207.12,207.1,207.12,0.01,25.8,5308.8,1
2023-10-12,2023-10-12 13:04:00,207.12,207.13,207.12,207.13,0.0,25.8,5308.8,1
2023-10-12,2023-10-12 13:05:00,207.13,207.15,207.13,207.15,0.01,25.8,5308.8,1
2023-10-12,2023-10-12 13:06:00,207.15,207.16,207.15,207.16,0.0,25.8,5308.8,1
2023-10-12,2023-10-12 13:07:00,207.16,207.18,207.16,207.18,0.01,25.8,5308.8,1
2023-10-12,2023-10-12 13:08:00,207.18,207.2,207.18,207.2,0.01,25.8,5308.8,1
2023-10-12,2023-10-12 13:09:00,207.2,207.21,207.2,207.21,0.0,25.8,5308.8,1
2023-10-12,2023-10-12 13:10:00,207.21,207.23,207.21,207.23,0.01,25.8,5308.8,1
2023-10-12,2023-10-12 13:11:00,207.23,207.25,207.23,207.25,0.01,25.8,5308.8,1
2023-10-12,2023-10-12 13:12:00,207.25,207.26,207.25,207.26,0.0,25.8,5308.8,1
2023-10-12,2023-10-12 13:13:00,207.26,207.28,207.26,207.28,0.01,25.8,5308.8,1
2023-10-12,2023-10-12 13:14:00,207.28,207.29,207.28,207.29,0.0,25.8,5308.8,1
2023-10-12,2023-10-12 13:15:00,207.29,207.31,207.29,207.31,0.01,25.8,5308.8,1
2023-10-12,2023-10-12 13:16:00,207.31,207.33,207.31,207.33,0.01,25.8,5308.8,1
2023-10-12,2023-10-12 13:17:00,207.33,207.34,207.33,207.34,0.0,25.8,5308.8,1
2023-10-12,2023-10-12 13:18:00,207.34,207.36,207.34,207.36,0.01,25.8,5308.8,1
2023-10-12,2023-10-12 13:19:00,207.36,207.38,207.36,207.38,0.01,25.8,5308.8,1
2023-10-12,2023-10-12 13:20:00,207.38,207.39,207.38,207.39,0.0,25.8,5308.8,1
2023-10-12,2023-10-12 13:21:00,207.39,207.41,207.39,207.41,0.01,25.8,5308.8,1
2023-10-12,2023-10-12 13:22:00,207.41,207.42,207.41,207.42,0.0,25.8,5308.8,1
2023-10-12,2023-10-12 13:23:00,207.42,207.44,207.42,207.44,0.01,25.8,5308.8,1
2023-10-12,2023-10-12 13:24:00,207.44,207.46,207.44,207.46,0.01,25.8,5308.8,1
2023-10-12,2023-10-12 13:25:00,207.46,207.47,207.46,207.47,0.0,25.8,5308.8,1
2023-10-12,2023-10-12 13:26:00,207.47,207.49,207.47,207.49,0.01,25.8,5308.8,1
2023-10-12,2023-10-12 13:27:00,207.49,207.5,207.49,207.5,0.0,25.8,5308.8,1
2023-10-12,2023-10-12 13:28:00,207.5,207.52,207.5,207.52,0.01,25.8,5308.8,1
2023-10-12,2023-10-12 13:29:00,207.52,207.54,207.52,207.54,0.01,25.8,5308.8,1
2023-10-12,2023-10-12 13:30:00,207.54,207.55,207.54,207.55,0.0,25.8,5308.8,1
2023-10-12,2023-10-12 13:31:00,207.55,207.57,207.55,207.57,0.01,25.8,5308.8,1
2023-10-12,2023-10-12 13:32:00,207.57,207.59,207.57,207.59,0.01,25.8,5308.8,1
2023-10-12,2023-10-12 13:33:00,207.59,207.6,207.59,207.6,0.0,25.8,5308.8,1
2023-10-12,2023-10-12 13:34:00,207.6,207.62,207.6,207.62,0.01,25.8,5308.8,1
2023-10-12,2023-10-12 13:35:00,207.62,207.63,207.62,207.63,0.0,25.8,5308.8,1
2023-10-12,2023-10-12 13:36:00,207.63,207.65,207.63,207.65,0.01,25.8,5308.8,1
2023-10-12,2023-10-12 13:37:00,207.65,207.67,207.65,207.67,0.01,25.8,5308.8,1
2023-10-12,2023-10-12 13:38:00,207.67,207.68,207.67,207.68,0.0,25.8,5308.8,1
2023-10-12,2023-10-12 13:39:00,207.68,207.7,207.68,207.7,0.01,25.8,5308.8,1
2023-10-12,2023-10-12 13:40:00,207.7,207.72,207.7,207.72,0.01,25.8,5308.8,1
2023-10-12,2023-10-12 13:41:00,207.72,207.73,207.72,207.73,0.0,25.8,5308.8,1
2023-10-12,2023-10-12 13:42:00,207.73,207.75,207.73,207.75,0.01,25.8,5308.8,1
2023-10-12,2023-10-12 13:43:00,207.75,207.76,207.75,207.76,0.0,25.8,5308.8,1
2023-10-12,2023-10-12 13:44:00,207.76,207.78,207.76,207.78,0.01,25.8,5308.8,1
2023-10-12,2023-10-12 13:45:00,207.78,207.8,207.78,207.8,0.01,25.8,5308.8,1
2023-10-12,2023-10-12 13:46:00,207.8,207.81,207.8,207.81,0.0,25.8,5308.8,1
2023-10-12,2023-10-12 13:47:00,207.81,207.83,207.81,207.83,0.01,25.8,5308.8,1
2023-10-12,2023-10-12 13:48:00,207.83,207.85,207.83,207.85,0.01,25.8,5308.8,1
2023-10-12,2023-10-12 13:49:00,207.85,207.86,207.85,207.86,0.0,25.8,5308.8,1
2023-10-12,2023-10-12 13:50:00,207.86,207.88,207.86,207.88,0.01,25.8,5308.8,1
2023-10-12,2023-10-12 13:51:00,207.88,207.9,207.88,207.9,0.01,25.8,5308.8,1
2023-10-12,2023-10-12 13:52:00,207.9,207.91,207.9,207.91,0.0,25.8,5308.8,1
2023-10-12,2023-10-12 13:53:00,207.91,207.93,207.91,207.93,0.01,25.8,5308.8,1
2023-10-12,2023-10-12 13:54:00,207.93,207.94,207.93,207.94,0.0,25.8,5308.8,1
2023-10-12,2023-10-12 13:55:00,207.94,207.96,207.94,207.96,0.01,25.8,5308.8,1
2023-10-12,2023-10-12 13:56:00,207.96,207.98,207.96,207.98,0.01,25.8,5308.8,1
2023-10-12,2023-10-12 13:57:00,207.98,207.99,207.98,207.99,0.0,25.8,5308.8,1
2023-10-12,2023-10-12 13:58:00,207.99,208.01,207.99,208.01,0.01,25.8,5308.8,1
2023-10-12,2023-10-12 13:59:00,208.01,208.03,208.01,208.03,0.01,25.8,5308.8,1
2023-10-12,2023-10-12 14:00:00,208.03,208.04,208.03,208.04,0.0,25.8,5308.8,1
2023-10-12,2023-10-12 14:01:00,208.04,208.06,208.04,208.06,0.01,25.8,5308.8,1
2023-10-12,2023-10-12 14:02:00,208.06,208.07,208.06,208.07,0.0,25.8,5308.8,1
2023-10-12,2023-10-12 14:03:00,208.07,208.09,208.07,208.09,0.01,25.8,5308.8,1
2023-10-12,2023-10-12 14:04:00,208.09,208.11,208.09,208.11,0.01,25.8,5308.8,1
2023-10-12,2023-10-12 14:05:00,208.11,208.12,208.11,208.12,0.0,25.8,5308.8,1
2023-10-12,2023-10-12 14:06:00,208.12,208.14,208.12,208.14,0.01,25.8,5308.8,1
2023-10-12,2023-10-12 14:07:00,208.14,208.16,208.14,208.16,0.01,25.8,5308.8,1
2023-10-12,2023-10-12 14:08:00,208.16,208.17,208.16,208.17,0.0,25.8,5308.8,1
2023-10-12,2023-10-12 14:09:00,208.17,208.19,208.17,208.19,0.01,25.8,5308.8,1
2023-10-12,2023-10-12 14:10:00,208.19,208.2,208.19,208.2,0.0,25.8,5308.8,1
2023-10-12,2023-10-12 14:11:00,208.2,208.22,208.2,208.22,0.01,25.8,5308.8,1
2023-10-12,2023-10-12 14:12:00,208.22,208.24,208.22,208.24,0.01,25.8,5308.8,1
2023-10-12,2023-10-12 14:13:00,208.24,208.25,208.24,208.25,0.0,25.8,5308.8,1
2023-10-12,2023-10-12 14:14:00,208.25,208.27,208.25,208.27,0.01,25.8,5308.8,1
2023-10-12,2023-10-12 14:15:00,208.27,208.28,208.27,208.28,0.0,25.8,5308.8,1
2023-10-12,2023-10-12 14:16:00,208.28,208.3,208.28,208.3,0.01,25.8,5308.8,1
2023-10-12,2023-10-12 14:17:00,208.3,208.32,208.3,208.32,0.01,25.8,5308.8,1
2023-10-12,2023-10-12 14:18:00,208.32,208.33,208.32,208.33,0.0,25.8,5308.8,1
2023-10-12,2023-10-12 14:19:00,208.33,208.35,208.33,208.35,0.01,25.8,5308.8,1
2023-10-12,2023-10-12 14:20:00,208.35,208.37,208.35,208.37,0.01,25.8,5308.8,1
2023-10-12,2023-10-12 14:21:00,208.37,208.38,208.37,208.38,0.0,25.8,5308.8,1
2023-10-12,2023-10-12 14:22:00,208.38,208.4,208.38,208.4,0.01,25.8,5308.8,1
2023-10-12,2023-10-12 14:23:00,208.4,208.41,208.4,208.41,0.0,25.8,5308.8,1
2023-10-12,2023-10-12 14:24:00,208.41,208.43,208.41,208.43,0.01,25.8,5308.8,1
2023-10-12,2023-10-12 14:25:00,208.43,208.45,208.43,208.45,0.01,25.8,5308.8,1
2023-10-12,2023-10-12 14:26:00,208.45,208.46,208.45,208.46,0.0,25.8,5308.8,1
2023-10-12,2023-10-12 14:27:00,208.46,208.48,208.46,208.48,0.01,25.8,5308.8,1
2023-10-12,2023-10-12 14:28:00,208.48,208.5,208.48,208.5,0.01,25.8,5308.8,1
2023-10-12,2023-10-12 14:29:00,208.5,208.51,208.5,208.51,0.0,25.8,5308.8,1
2023-10-12,2023-10-12 14:30:00,208.51,208.53,208.51,208.53,0.01,25.8,5308.8,1
2023-10-12,2023-10-12 14:31:00,208.53,208.54,208.53,208.54,0.0,25.8,5308.8,1
2023-10-12,2023-10-12 14:32:00,208.54,208.56,208.54,208.56,0.01,25.8,5308.8,1
2023-10-12,2023-10-12 14:33:00,208.56,208.58,208.56,208.58,0.01,25.8,5308.8,1
2023-10-12,2023-10-12 14:34:00,208.58,208.59,208.58,208.59,0.0,25.8,5308.8,1
2023-10-12,2023-10-12 14:35:00,208.59,208.61,208.59,208.61,0.01,25.8,5308.8,1
2023-10-12,2023-10-12 14:36:00,208.61,208.63,208.61,208.63,0.01,25.8,5308.8,1
2023-10-12,2023-10-12 14:37:00,208.63,208.64,208.63,208.64,0.0,25.8,5308.8,1
2023-10-12,2023-10-12 14:38:00,208.64,208.66,208.64,208.66,0.01,25.8,5308.8,1
2023-10-12,2023-10-12 14:39:00,208.66,208.68,208.66,208.68,0.01,25.8,5308.8,1
2023-10-12,2023-10-12 14:40:00,208.68,208.69,208.68,208.69,0.0,25.8,5308.8,1
2023-10-12,2023-10-12 14:41:00,208.69,208.71,208.69,208.71,0.01,25.8,5308.8,1
2023-10-12,2023-10-12 14:42:00,208.71,208.72,208.71,208.72,0.0,25.8,5308.8,1
2023-10-12,2023-10-12 14:43:00,208.72,208.74,208.72,208.74,0.01,25.8,5308.8,1
2023-10-12,2023-10-12 14:44:00,208.74,208.76,208.74,208.76,0.01,25.8,5308.8,1
2023-10-12,2023-10-12 14:45:00,208.76,208.77,208.76,208.77,0.0,25.8,5308.8,1
2023-10-12,2023-10-12 14:46:00,208.77,208.79,208.77,208.79,0.01,25.8,5308.8,1
2023-10-12,2023-10-12 14:47:00,208.79,208.81,208.79,208.81,0.01,25.8,5308.8,1
2023-10-12,2023-10-12 14:48:00,208.81,208.82,208.81,208.82,0.0,25.8,5308.8,1
2023-10-12,2023-10-12 14:49:00,208.82,208.84,208.82,208.84,0.01,25.8,5308.8,1
2023-10-12,2023-10-12 14:50:00,208.84,208.85,208.84,208.85,0.0,25.8,5308.8,1
2023-10-12,2023-10-12 14:51:00,208.85,208.87,208.85,208.87,0.01,25.8,5308.8,1
2023-10-12,2023-10-12 14:52:00,208.87,208.89,208.87,208.89,0.01,25.8,5308.8,1
2023-10-12,2023-10-12 14:53:00,208.89,208.9,208.89,208.9,0.0,25.8,5308.8,1
2023-10-12,2023-10-12 14:54:00,208.9,208.92,208.9,208.92,0.01,25.8,5308.8,1
2023-10-12,2023-10-12 14:55:00,208.92,208.94,208.92,208.94,0.01,25.8,5308.8,1
2023-10-12,2023-10-12 14:56:00,208.94,208.95,208.94,208.95,0.0,25.8,5308.8,1
2023-10-12,2023-10-12 14:57:00,208.95,208.97,208.95,208.97,0.01,25.8,5308.8,1
2023-10-12,2023-10-12 14:58:00,208.97,208.98,208.97,208.98,0.0,25.8,5308.8,1
2023-10-12,2023-10-12 14:59:00,208.98,209.0,208.98,209.0,0.01,25.8,5308.8,1
2023-10-12,2023-10-12 15:00:00,209.0,211.0,205.0,209.0,0.0,25.8,5308.8,0
2023-10-16,2023-10-16 11:00:00,204.9,205.08,203.79,204.9,0.0,19.96,4056.73,0
2023-10-16,2023-10-16 11:01:00,204.9,204.9,204.9,204.9,0.0,19.96,4056.73,0
2023-10-16,2023-10-16 11:02:00,204.9,204.9,204.9,204.9,0.0,19.96,4056.73,0
2023-10-16,2023-10-16 11:03:00,204.9,204.9,204.9,204.9,0.0,19.96,4056.73,0
2023-10-16,2023-10-16 11:04:00,204.9,204.9,204.9,204.9,0.0,19.96,4056.73,0
2023-10-16,2023-10-16 11:05:00,204.9,204.9,204.9,204.9,0.0,19.96,4056.73,0
2023-10-16,2023-10-16 11:06:00,204.9,204.9,204.9,204.9,0.0,19.96,4056.73,0
2023-10-16,2023-10-16 11:07:00,204.9,204.9,204.9,204.9,0.0,19.96,4056.73,0
2023-10-16,2023-10-16 11:08:00,204.9,204.9,204.9,204.9,0.0,19.96,4056.73,0
2023-10-16,2023-10-16 11:09:00,204.9,204.9,204.9,204.9,0.0,19.96,4056.73,0
2023-10-16,2023-10-16 11:10:00,204.9,204.9,204.9,204.9,0.0,19.96,4056.73,0
2023-10-16,2023-10-16 11:11:00,204.9,204.91,204.9,204.91,0.0,19.96,4056.73,1
2023-10-16,2023-10-16 11:12:00,204.91,204.91,204.91,204.91,0.0,19.96,4056.73,0
2023-10-16,2023-10-16 11:13:00,204.91,204.91,204.91,204.91,0.0,19.96,4056.73,0
2023-10-16,2023-10-16 11:14:00,204.91,204.91,204.91,204.91,0.0,19.96,4056.73,0
2023-10-16,2023-10-16 11:15:00,204.91,204.91,204.91,204.91,0.0,19.96,4056.73,0
2023-10-16,2023-10-16 11:16:00,204.91,204.91,204.91,204.91,0.0,19.96,4056.73,0
2023-10-16,2023-10-16 11:17:00,204.91,204.91,204.91,204.91,0.0,19.96,4056.73,0
2023-10-16,2023-10-16 11:18:00,204.91,204.91,204.91,204.91,0.0,19.96,4056.73,0
2023-10-16,2023-10-16 11:19:00,204.91,204.91,204.91,204.91,0.0,19.96,4056.73,0
2023-10-16,2023-10-16 11:20:00,204.91,204.91,204.91,204.91,0.0,19.96,4056.73,0
2023-10-16,2023-10-16 11:21:00,204.91,204.91,204.91,204.91,0.0,19.96,4056.73,0
2023-10-16,2023-10-16 11:22:00,204.91,204.91,204.91,204.91,0.0,19.96,4056.73,0
2023-10-16,2023-10-16 11:23:00,204.91,204.91,204.91,204.91,0.0,19.96,4056.73,0
2023-10-16,2023-10-16 11:24:00,204.91,204.91,204.91,204.91,0.0,19.96,4056.73,0
2023-10-16,2023-10-16 11:25:00,204.91,204.91,204.91,204.91,0.0,19.96,4056.73,0
2023-10-16,2023-10-16 11:26:00,204.91,204.91,204.91,204.91,0.0,19.96,4056.73,0
2023-10-16,2023-10-16 11:27:00,204.91,204.91,204.91,204.91,0.0,19.96,4056.73,0
2023-10-16,2023-10-16 11:28:00,204.91,204.91,204.91,204.91,0.0,19.96,4056.73,0
2023-10-16,2023-10-16 11:29:00,204.91,204.91,204.91,204.91,0.0,19.96,4056.73,0
2023-10-16,2023-10-16 11:30:00,204.91,204.91,204.91,204.91,0.0,19.96,4056.73,0
2023-10-16,2023-10-16 11:31:00,204.91,204.91,204.91,204.91,0.0,19.96,4056.73,0
2023-10-16,2023-10-16 11:32:00,204.91,204.91,204.91,204.91,0.0,19.96,4056.73,0
2023-10-16,2023-10-16 11:33:00,204.91,204.91,204.91,204.91,0.0,19.96,4056.73,0
2023-10-16,2023-10-16 11:34:00,204.91,204.91,204.91,204.91,0.0,19.96,4056.73,0
2023-10-16,2023-10-16 11:35:00,204.91,204.91,204.91,204.91,0.0,19.96,4056.73,0
2023-10-16,2023-10-16 11:36:00,204.91,204.92,204.91,204.92,0.0,19.96,4056.73,1
2023-10-16,2023-10-16 11:37:00,204.92,204.92,204.92,204.92,0.0,19.96,4056.73,0
2023-10-16,2023-10-16 11:38:00,204.92,204.92,204.92,204.92,0.0,19.96,4056.73,0
2023-10-16,2023-10-16 11:39:00,204.92,204.92,204.92,204.92,0.0,19.96,4056.73,0
2023-10-16,2023-10-16 11:40:00,204.92,204.92,204.92,204.92,0.0,19.96,4056.73,0
2023-10-16,2023-10-16 11:41:00,204.92,204.92,204.92,204.92,0.0,19.96,4056.73,0
2023-10-16,2023-10-16 11:42:00,204.92,204.92,204.92,204.92,0.0,19.96,4056.73,0
2023-10-16,2023-10-16 11:43:00,204.92,204.92,204.92,204.92,0.0,19.96,4056.73,0
2023-10-16,2023-10-16 11:44:00,204.92,204.92,204.92,204.92,0.0,19.96,4056.73,0
2023-10-16,2023-10-16 11:45:00,204.92,204.92,204.92,204.92,0.0,19.96,4056.73,0
2023-10-16,2023-10-16 11:46:00,204.92,204.92,204.92,204.92,0.0,19.96,4056.73,0
2023-10-16,2023-10-16 11:47:00,204.92,204.92,204.92,204.92,0.0,19.96,4056.73,0
2023-10-16,2023-10-16 11:48:00,204.92,204.92,204.92,204.92,0.0,19.96,4056.73,0
2023-10-16,2023-10-16 11:49:00,204.92,204.92,204.92,204.92,0.0,19.96,4056.73,0
2023-10-16,2023-10-16 11:50:00,204.92,204.92,204.92,204.92,0.0,19.96,4056.73,0
2023-10-16,2023-10-16 11:51:00,204.92,204.92,204.92,204.92,0.0,19.96,4056.73,0
2023-10-16,2023-10-16 11:52:00,204.92,204.92,204.92,204.92,0.0,19.96,4056.73,0
2023-10-16,2023-10-16 11:53:00,204.92,204.92,204.92,204.92,0.0,19.96,4056.73,0
2023-10-16,2023-10-16 11:54:00,204.92,204.92,204.92,204.92,0.0,19.96,4056.73,0
2023-10-16,2023-10-16 11:55:00,204.92,204.92,204.92,204.92,0.0,19.96,4056.73,0
2023-10-16,2023-10-16 11:56:00,204.92,204.92,204.92,204.92,0.0,19.96,4056.73,0
2023-10-16,2023-10-16 11:57:00,204.92,204.92,204.92,204.92,0.0,19.96,4056.73,0
2023-10-16,2023-10-16 11:58:00,204.92,204.92,204.92,204.92,0.0,19.96,4056.73,0
2023-10-16,2023-10-16 11:59:00,204.92,204.93,204.92,204.93,0.0,19.96,4056.73,1
2023-10-16,2023-10-16 12:00:00,204.93,204.93,204.93,204.93,0.0,19.96,4056.73,0
2023-10-16,2023-10-16 12:01:00,204.93,204.93,204.93,204.93,0.0,19.96,4056.73,0
2023-10-16,2023-10-16 12:02:00,204.93,204.93,204.93,204.93,0.0,19.96,4056.73,0
2023-10-16,2023-10-16 12:03:00,204.93,204.93,204.93,204.93,0.0,19.96,4056.73,0
2023-10-16,2023-10-16 12:04:00,204.93,204.93,204.93,204.93,0.0,19.96,4056.73,0
2023-10-16,2023-10-16 12:05:00,204.93,204.93,204.93,204.93,0.0,19.96,4056.73,0
2023-10-16,2023-10-16 12:06:00,204.93,204.93,204.93,204.93,0.0,19.96,4056.73,0
2023-10-16,2023-10-16 12:07:00,204.93,204.93,204.93,204.93,0.0,19.96,4056.73,0
2023-10-16,2023-10-16 12:08:00,204.93,204.93,204.93,204.93,0.0,19.96,4056.73,0
2023-10-16,2023-10-16 12:09:00,204.93,204.93,204.93,204.93,0.0,19.96,4056.73,0
2023-10-16,2023-10-16 12:10:00,204.93,204.93,204.93,204.93,0.0,19.96,4056.73,0
2023-10-16,2023-10-16 12:11:00,204.93,204.93,204.93,204.93,0.0,19.96,4056.73,0
2023-10-16,2023-10-16 12:12:00,204.93,204.93,204.93,204.93,0.0,19.96,4056.73,0
2023-10-16,2023-10-16 12:13:00,204.93,204.93,204.93,204.93,0.0,19.96,4056.73,0
2023-10-16,2023-10-16 12:14:00,204.93,204.93,204.93,204.93,0.0,19.96,4056.73,0
2023-10-16,2023-10-16 12:15:00,204.93,204.93,204.93,204.93,0.0,19.96,4056.73,0
2023-10-16,2023-10-16 12:16:00,204.93,204.93,204.93,204.93,0.0,19.96,4056.73,0
2023-10-16,2023-10-16 12:17:00,204.93,204.93,204.93,204.93,0.0,19.96,4056.73,0
2023-10-16,2023-10-16 12:18:00,204.93,204.93,204.93,204.93,0.0,19.96,4056.73,0
2023-10-16,2023-10-16 12:19:00,204.93,204.93,204.93,204.93,0.0,19.96,4056.73,0
2023-10-16,2023-10-16 12:20:00,204.93,204.93,204.93,204.93,0.0,19.96,4056.73,0
2023-10-16,2023-10-16 12:21:00,204.93,204.93,204.93,204.93,0.0,19.96,4056.73,0
2023-10-16,2023-10-16 12:22:00,204.93,204.93,204.93,204.93,0.0,19.96,4056.73,0
2023-10-16,2023-10-16 12:23:00,204.93,204.94,204.93,204.94,0.0,19.96,4056.73,1
2023-10-16,2023-10-16 12:24:00,204.94,204.94,204.94,204.94,0.0,19.96,4056.73,0
2023-10-16,2023-10-16 12:25:00,204.94,204.94,204.94,204.94,0.0,19.96,4056.73,0
2023-10-16,2023-10-16 12:26:00,204.94,204.94,204.94,204.94,0.0,19.96,4056.73,0
2023-10-16,2023-10-16 12:27:00,204.94,204.94,204.94,204.94,0.0,19.96,4056.73,0
2023-10-16,2023-10-16 12:28:00,204.94,204.94,204.94,204.94,0.0,19.96,4056.73,0
2023-10-16,2023-10-16 12:29:00,204.94,204.94,204.94,204.94,0.0,19.96,4056.73,0
2023-10-16,2023-10-16 12:30:00,204.94,204.94,204.94,204.94,0.0,19.96,4056.73,0
2023-10-16,2023-10-16 12:31:00,204.94,204.94,204.94,204.94,0.0,19.96,4056.73,0
2023-10-16,2023-10-16 12:32:00,204.94,204.94,204.94,204.94,0.0,19.96,4056.73,0
2023-10-16,2023-10-16 12:33:00,204.94,204.94,204.94,204.94,0.0,19.96,4056.73,0
2023-10-16,2023-10-16 12:34:00,204.94,204.94,204.94,204.94,0.0,19.96,4056.73,0
2023-10-16,2023-10-16 12:35:00,204.94,204.94,204.94,204.94,0.0,19.96,4056.73,0
2023-10-16,2023-10-16 12:36:00,204.94,204.94,204.94,204.94,0.0,19.96,4056.73,0
2023-10-16,2023-10-16 12:37:00,204.94,204.94,204.94,204.94,0.0,19.96,4056.73,0
2023-10-16,2023-10-16 12:38:00,204.94,204.94,204.94,204.94,0.0,19.96,4056.73,0
2023-10-16,2023-10-16 12:39:00,204.94,204.94,204.94,204.94,0.0,19.96,4056.73,0
2023-10-16,2023-10-16 12:40:00,204.94,204.94,204.94,204.94,0.0,19.96,4056.73,0
2023-10-16,2023-10-16 12:41:00,204.94,204.94,204.94,204.94,0.0,19.96,4056.73,0
2023-10-16,2023-10-16 12:42:00,204.94,204.94,204.94,204.94,0.0,19.96,4056.73,0
2023-10-16,2023-10-16 12:43:00,204.94,204.94,204.94,204.94,0.0,19.96,4056.73,0
2023-10-16,2023-10-16 12:44:00,204.94,204.94,204.94,204.94,0.0,19.96,4056.73,0
2023-10-16,2023-10-16 12:45:00,204.94,204.94,204.94,204.94,0.0,19.96,4056.73,0
2023-10-16,2023-10-16 12:46:00,204.94,204.94,204.94,204.94,0.0,19.96,4056.73,0
2023-10-16,2023-10-16 12:47:00,204.94,204.94,204.94,204.94,0.0,19.96,4056.73,0
2023-10-16,2023-10-16 12:48:00,204.94,204.95,204.94,204.95,0.0,19.96,4056.73,1
2023-10-16,2023-10-16 12:49:00,204.95,204.95,204.95,204.95,0.0,19.96,4056.73,0
2023-10-16,2023-10-16 12:50:00,204.95,204.95,204.95,204.95,0.0,19.96,4056.73,0
2023-10-16,2023-10-16 12:51:00,204.95,204.95,204.95,204.95,0.0,19.96,4056.73,0
2023-10-16,2023-10-16 12:52:00,204.95,204.95,204.95,204.95,0.0,19.96,4056.73,0
2023-10-16,2023-10-16 12:53:00,204.95,204.95,204.95,204.95,0.0,19.96,4056.73,0
2023-10-16,2023-10-16 12:54:00,204.95,204.95,204.95,204.95,0.0,19.96,4056.73,0
2023-10-16,2023-10-16 12:55:00,204.95,204.95,204.95,204.95,0.0,19.96,4056.73,0
2023-10-16,2023-10-16 12:56:00,204.95,204.95,204.95,204.95,0.0,19.96,4056.73,0
2023-10-16,2023-10-16 12:57:00,204.95,204.95,204.95,204.95,0.0,19.96,4056.73,0
2023-10-16,2023-10-16 12:58:00,204.95,204.95,204.95,204.95,0.0,19.96,4056.73,0
2023-10-16,2023-10-16 12:59:00,204.95,204.95,204.95,204.95,0.0,19.96,4056.73,0
2023-10-16,2023-10-16 13:00:00,204.95,205.5,201.2,204.95,0.0,19.96,4056.73,0
2023-10-16,2023-10-16 13:01:00,204.95,204.95,204.95,204.95,0.0,19.96,4056.73,0
2023-10-16,2023-10-16 13:02:00,204.95,204.95,204.95,204.95,0.0,19.96,4056.73,0
2023-10-16,2023-10-16 13:03:00,204.95,204.95,204.95,204.95,0.0,19.96,4056.73,0
2023-10-16,2023-10-16 13:04:00,204.95,204.95,204.95,204.95,0.0,19.96,4056.73,0
2023-10-16,2023-10-16 13:05:00,204.95,204.95,204.95,204.95,0.0,19.96,4056.73,0
2023-10-16,2023-10-16 13:06:00,204.95,204.95,204.95,204.95,0.0,19.96,4056.73,0
2023-10-16,2023-10-16 13:07:00,204.95,204.95,204.95,204.95,0.0,19.96,4056.73,0
2023-10-16,2023-10-16 13:08:00,204.95,204.95,204.95,204.95,0.0,19.96,4056.73,0
2023-10-16,2023-10-16 13:09:00,204.95,204.95,204.95,204.95,0.0,19.96,4056.73,0
2023-10-16,2023-10-16 13:10:00,204.95,204.95,204.95,204.95,0.0,19.96,4056.73,0
2023-10-16,2023-10-16 13:11:00,204.95,204.96,204.95,204.96,0.0,19.96,4056.73,1
2023-10-16,2023-10-16 13:12:00,204.96,204.96,204.96,204.96,0.0,19.96,4056.73,0
2023-10-16,2023-10-16 13:13:00,204.96,204.96,204.96,204.96,0.0,19.96,4056.73,0
2023-10-16,2023-10-16 13:14:00,204.96,204.96,204.96,204.96,0.0,19.96,4056.73,0
2023-10-16,2023-10-16 13:15:00,204.96,204.96,204.96,204.96,0.0,19.96,4056.73,0
2023-10-16,2023-10-16 13:16:00,204.96,204.96,204.96,204.96,0.0,19.96,4056.73,0
2023-10-16,2023-10-16 13:17:00,204.96,204.96,204.96,204.96,0.0,19.96,4056.73,0
2023-10-16,2023-10-16 13:18:00,204.96,204.96,204.96,204.96,0.0,19.96,4056.73,0
2023-10-16,2023-10-16 13:19:00,204.96,204.96,204.96,204.96,0.0,19.96,4056.73,0
2023-10-16,2023-10-16 13:20:00,204.96,204.96,204.96,204.96,0.0,19.96,4056.73,0
2023-10-16,2023-10-16 13:21:00,204.96,204.96,204.96,204.96,0.0,19.96,4056.73,0
2023-10-16,2023-10-16 13:22:00,204.96,204.96,204.96,204.96,0.0,19.96,4056.73,0
2023-10-16,2023-10-16 13:23:00,204.96,204.96,204.96,204.96,0.0,19.96,4056.73,0
2023-10-16,2023-10-16 13:24:00,204.96,204.96,204.96,204.96,0.0,19.96,4056.73,0
2023-10-16,2023-10-16 13:25:00,204.96,204.96,204.96,204.96,0.0,19.96,4056.73,0
2023-10-16,2023-10-16 13:26:00,204.96,204.96,204.96,204.96,0.0,19.96,4056.73,0
2023-10-16,2023-10-16 13:27:00,204.96,204.96,204.96,204.96,0.0,19.96,4056.73,0
2023-10-16,2023-10-16 13:28:00,204.96,204.96,204.96,204.96,0.0,19.96,4056.73,0
2023-10-16,2023-10-16 13:29:00,204.96,204.96,204.96,204.96,0.0,19.96,4056.73,0
2023-10-16,2023-10-16 13:30:00,204.96,204.96,204.96,204.96,0.0,19.96,4056.73,0
2023-10-16,2023-10-16 13:31:00,204.96,204.96,204.96,204.96,0.0,19.96,4056.73,0
2023-10-16,2023-10-16 13:32:00,204.96,204.96,204.96,204.96,0.0,19.96,4056.73,0
2023-10-16,2023-10-16 13:33:00,204.96,204.96,204.96,204.96,0.0,19.96,4056.73,0
2023-10-16,2023-10-16 13:34:00,204.96,204.96,204.96,204.96,0.0,19.96,4056.73,0
2023-10-16,2023-10-16 13:35:00,204.96,204.97,204.96,204.97,0.0,19.96,4056.73,1
2023-10-16,2023-10-16 13:36:00,204.97,204.97,204.97,204.97,0.0,19.96,4056.73,0
2023-10-16,2023-10-16 13:37:00,204.97,204.97,204.97,204.97,0.0,19.96,4056.73,0
2023-10-16,2023-10-16 13:38:00,204.97,204.97,204.97,204.97,0.0,19.96,4056.73,0
2023-10-16,2023-10-16 13:39:00,204.97,204.97,204.97,204.97,0.0,19.96,4056.73,0
2023-10-16,2023-10-16 13:40:00,204.97,204.97,204.97,204.97,0.0,19.96,4056.73,0
2023-10-16,2023-10-16 13:41:00,204.97,204.97,204.97,204.97,0.0,19.96,4056.73,0
2023-10-16,2023-10-16 13:42:00,204.97,204.97,204.97,204.97,0.0,19.96,4056.73,0
2023-10-16,2023-10-16 13:43:00,204.97,204.97,204.97,204.97,0.0,19.96,4056.73,0
2023-10-16,2023-10-16 13:44:00,204.97,204.97,204.97,204.97,0.0,19.96,4056.73,0
2023-10-16,2023-10-16 13:45:00,204.97,204.97,204.97,204.97,0.0,19.96,4056.73,0
2023-10-16,2023-10-16 13:46:00,204.97,204.97,204.97,204.97,0.0,19.96,4056.73,0
2023-10-16,2023-10-16 13:47:00,204.97,204.97,204.97,204.97,0.0,19.96,4056.73,0
2023-10-16,2023-10-16 13:48:00,204.97,204.97,204.97,204.97,0.0,19.96,4056.73,0
2023-10-16,2023-10-16 13:49:00,204.97,204.97,204.97,204.97,0.0,19.96,4056.73,0
2023-10-16,2023-10-16 13:50:00,204.97,204.97,204.97,204.97,0.0,19.96,4056.73,0
2023-10-16,2023-10-16 13:51:00,204.97,204.97,204.97,204.97,0.0,19.96,4056.73,0
2023-10-16,2023-10-16 13:52:00,204.97,204.97,204.97,204.97,0.0,19.96,4056.73,0
2023-10-16,2023-10-16 13:53:00,204.97,204.97,204.97,204.97,0.0,19.96,4056.73,0
2023-10-16,2023-10-16 13:54:00,204.97,204.97,204.97,204.97,0.0,19.96,4056.73,0
2023-10-16,2023-10-16 13:55:00,204.97,204.97,204.97,204.97,0.0,19.96,4056.73,0
2023-10-16,2023-10-16 13:56:00,204.97,204.97,204.97,204.97,0.0,19.96,4056.73,0
2023-10-16,2023-10-16 13:57:00,204.97,204.97,204.97,204.97,0.0,19.96,4056.73,0
2023-10-16,2023-10-16 13:58:00,204.97,204.97,204.97,204.97,0.0,19.96,4056.73,0
2023-10-16,2023-10-16 13:59:00,204.97,204.97,204.97,204.97,0.0,19.96,4056.73,0
2023-10-16,2023-10-16 14:00:00,204.97,204.98,204.97,204.98,0.0,19.96,4056.73,1
2023-10-16,2023-10-16 14:01:00,204.98,204.98,204.98,204.98,0.0,19.96,4056.73,0
2023-10-16,2023-10-16 14:02:00,204.98,204.98,204.98,204.98,0.0,19.96,4056.73,0
2023-10-16,2023-10-16 14:03:00,204.98,204.98,204.98,204.98,0.0,19.96,4056.73,0
2023-10-16,2023-10-16 14:04:00,204.98,204.98,204.98,204.98,0.0,19.96,4056.73,0
2023-10-16,2023-10-16 14:05:00,204.98,204.98,204.98,204.98,0.0,19.96,4056.73,0
2023-10-16,2023-10-16 14:06:00,204.98,204.98,204.98,204.98,0.0,19.96,4056.73,0
2023-10-16,2023-10-16 14:07:00,204.98,204.98,204.98,204.98,0.0,19.96,4056.73,0
2023-10-16,2023-10-16 14:08:00,204.98,204.98,204.98,204.98,0.0,19.96,4056.73,0
2023-10-16,2023-10-16 14:09:00,204.98,204.98,204.98,204.98,0.0,19.96,4056.73,0
2023-10-16,2023-10-16 14:10:00,204.98,204.98,204.98,204.98,0.0,19.96,4056.73,0
2023-10-16,2023-10-16 14:11:00,204.98,204.98,204.98,204.98,0.0,19.96,4056.73,0
2023-10-16,2023-10-16 14:12:00,204.98,204.98,204.98,204.98,0.0,19.96,4056.73,0
2023-10-16,2023-10-16 14:13:00,204.98,204.98,204.98,204.98,0.0,19.96,4056.73,0
2023-10-16,2023-10-16 14:14:00,204.98,204.98,204.98,204.98,0.0,19.96,4056.73,0
2023-10-16,2023-10-16 14:15:00,204.98,204.98,204.98,204.98,0.0,19.96,4056.73,0
2023-10-16,2023-10-16 14:16:00,204.98,204.98,204.98,204.98,0.0,19.96,4056.73,0
2023-10-16,2023-10-16 14:17:00,204.98,204.98,204.98,204.98,0.0,19.96,4056.73,0
2023-10-16,2023-10-16 14:18:00,204.98,204.98,204.98,204.98,0.0,19.96,4056.73,0
2023-10-16,2023-10-16 14:19:00,204.98,204.98,204.98,204.98,0.0,19.96,4056.73,0
2023-10-16,2023-10-16 14:20:00,204.98,204.98,204.98,204.98,0.0,19.96,4056.73,0
2023-10-16,2023-10-16 14:21:00,204.98,204.98,204.98,204.98,0.0,19.96,4056.73,0
2023-10-16,2023-10-16 14:22:00,204.98,204.98,204.98,204.98,0.0,19.96,4056.73,0
2023-10-16,2023-10-16 14:23:00,204.98,204.99,204.98,204.99,0.0,19.96,4056.73,1
2023-10-16,2023-10-16 14:24:00,204.99,204.99,204.99,204.99,0.0,19.96,4056.73,0
2023-10-16,2023-10-16 14:25:00,204.99,204.99,204.99,204.99,0.0,19.96,4056.73,0
2023-10-16,2023-10-16 14:26:00,204.99,204.99,204.99,204.99,0.0,19.96,4056.73,0
2023-10-16,2023-10-16 14:27:00,204.99,204.99,204.99,204.99,0.0,19.96,4056.73,0
2023-10-16,2023-10-16 14:28:00,204.99,204.99,204.99,204.99,0.0,19.96,4056.73,0
2023-10-16,2023-10-16 14:29:00,204.99,204.99,204.99,204.99,0.0,19.96,4056.73,0
2023-10-16,2023-10-16 14:30:00,204.99,204.99,204.99,204.99,0.0,19.96,4056.73,0
2023-10-16,2023-10-16 14:31:00,204.99,204.99,204.99,204.99,0.0,19.96,4056.73,0
2023-10-16,2023-10-16 14:32:00,204.99,204.99,204.99,204.99,0.0,19.96,4056.73,0
2023-10-16,2023-10-16 14:33:00,204.99,204.99,204.99,204.99,0.0,19.96,4056.73,0
2023-10-16,2023-10-16 14:34:00,204.99,204.99,204.99,204.99,0.0,19.96,4056.73,0
2023-10-16,2023-10-16 14:35:00,204.99,204.99,204.99,204.99,0.0,19.96,4056.73,0
2023-10-16,2023-10-16 14:36:00,204.99,204.99,204.99,204.99,0.0,19.96,4056.73,0
2023-10-16,2023-10-16 14:37:00,204.99,204.99,204.99,204.99,0.0,19.96,4056.73,0
2023-10-16,2023-10-16 14:38:00,204.99,204.99,204.99,204.99,0.0,19.96,4056.73,0
2023-10-16,2023-10-16 14:39:00,204.99,204.99,204.99,204.99,0.0,19.96,4056.73,0
2023-10-16,2023-10-16 14:40:00,204.99,204.99,204.99,204.99,0.0,19.96,4056.73,0
2023-10-16,2023-10-16 14:41:00,204.99,204.99,204.99,204.99,0.0,19.96,4056.73,0
2023-10-16,2023-10-16 14:42:00,204.99,204.99,204.99,204.99,0.0,19.96,4056.73,0
2023-10-16,2023-10-16 14:43:00,204.99,204.99,204.99,204.99,0.0,19.96,4056.73,0
2023-10-16,2023-10-16 14:44:00,204.99,204.99,204.99,204.99,0.0,19.96,4056.73,0
2023-10-16,2023-10-16 14:45:00,204.99,204.99,204.99,204.99,0.0,19.96,4056.73,0
2023-10-16,2023-10-16 14:46:00,204.99,204.99,204.99,204.99,0.0,19.96,4056.73,0
2023-10-16,2023-10-16 14:47:00,204.99,205.0,204.99,205.0,0.0,19.96,4056.73,1
2023-10-16,2023-10-16 14:48:00,205.0,205.0,205.0,205.0,0.0,19.96,4056.73,0
2023-10-16,2023-10-16 14:49:00,205.0,205.0,205.0,205.0,0.0,19.96,4056.73,0
2023-10-16,2023-10-16 14:50:00,205.0,205.0,205.0,205.0,0.0,19.96,4056.73,0
2023-10-16,2023-10-16 14:51:00,205.0,205.0,205.0,205.0,0.0,19.96,4056.73,0
2023-10-16,2023-10-16 14:52:00,205.0,205.0,205.0,205.0,0.0,19.96,4056.73,0
2023-10-16,2023-10-16 14:53:00,205.0,205.0,205.0,205.0,0.0,19.96,4056.73,0
2023-10-16,2023-10-16 14:54:00,205.0,205.0,205.0,205.0,0.0,19.96,4056.73,0
2023-10-16,2023-10-16 14:55:00,205.0,205.0,205.0,205.0,0.0,19.96,4056.73,0
2023-10-16,2023-10-16 14:56:00,205.0,205.0,205.0,205.0,0.0,19.96,4056.73,0
2023-10-16,2023-10-16 14:57:00,205.0,205.0,205.0,205.0,0.0,19.96,4056.73,0
2023-10-16,2023-10-16 14:58:00,205.0,205.0,205.0,205.0,0.0,19.96,4056.73,0
2023-10-16,2023-10-16 14:59:00,205.0,205.0,205.0,205.0,0.0,19.96,4056.73,0
2023-10-16,2023-10-16 15:00:00,205.0,205.5,201.2,205.0,0.0,19.96,4056.73,0
2023-10-17,2023-10-17 11:00:00,203.5,207.55,203.5,203.52,0.01,22.47,4697.26,1
2023-10-17,2023-10-17 11:01:00,203.52,203.54,203.52,203.54,0.01,22.47,4697.26,1
2023-10-17,2023-10-17 11:02:00,203.54,203.56,203.54,203.56,0.01,22.47,4697.26,1
2023-10-17,2023-10-17 11:03:00,203.56,203.57,203.56,203.57,0.0,22.47,4697.26,1
2023-10-17,2023-10-17 11:04:00,203.57,203.59,203.57,203.59,0.01,22.47,4697.26,1
2023-10-17,2023-10-17 11:05:00,203.59,203.61,203.59,203.61,0.01,22.47,4697.26,1
2023-10-17,2023-10-17 11:06:00,203.61,203.63,203.61,203.63,0.01,22.47,4697.26,1
2023-10-17,2023-10-17 11:07:00,203.63,203.65,203.63,203.65,0.01,22.47,4697.26,1
2023-10-17,2023-10-17 11:08:00,203.65,203.67,203.65,203.67,0.01,22.47,4697.26,1
2023-10-17,2023-10-17 11:09:00,203.67,203.69,203.67,203.69,0.01,22.47,4697.26,1
2023-10-17,2023-10-17 11:10:00,203.69,203.71,203.69,203.71,0.01,22.47,4697.26,1
2023-10-17,2023-10-17 11:11:00,203.71,203.72,203.71,203.72,0.0,22.47,4697.26,1
2023-10-17,2023-10-17 11:12:00,203.72,203.74,203.72,203.74,0.01,22.47,4697.26,1
2023-10-17,2023-10-17 11:13:00,203.74,203.76,203.74,203.76,0.01,22.47,4697.26,1
2023-10-17,2023-10-17 11:14:00,203.76,203.78,203.76,203.78,0.01,22.47,4697.26,1
2023-10-17,2023-10-17 11:15:00,203.78,203.8,203.78,203.8,0.01,22.47,4697.26,1
2023-10-17,2023-10-17 11:16:00,203.8,203.82,203.8,203.82,0.01,22.47,4697.26,1
2023-10-17,2023-10-17 11:17:00,203.82,203.84,203.82,203.84,0.01,22.47,4697.26,1
2023-10-17,2023-10-17 11:18:00,203.84,203.86,203.84,203.86,0.01,22.47,4697.26,1
2023-10-17,2023-10-17 11:19:00,203.86,203.88,203.86,203.88,0.01,22.47,4697.26,1
2023-10-17,2023-10-17 11:20:00,203.88,203.89,203.88,203.89,0.0,22.47,4697.26,1
2023-10-17,2023-10-17 11:21:00,203.89,203.91,203.89,203.91,0.01,22.47,4697.26,1
2023-10-17,2023-10-17 11:22:00,203.91,203.93,203.91,203.93,0.01,22.47,4697.26,1
2023-10-17,2023-10-17 11:23:00,203.93,203.95,203.93,203.95,0.01,22.47,4697.26,1
2023-10-17,2023-10-17 11:24:00,203.95,203.97,203.95,203.97,0.01,22.47,4697.26,1
2023-10-17,2023-10-17 11:25:00,203.97,203.99,203.97,203.99,0.01,22.47,4697.26,1
2023-10-17,2023-10-17 11:26:00,203.99,204.01,203.99,204.01,0.01,22.47,4697.26,1
2023-10-17,2023-10-17 11:27:00,204.01,204.03,204.01,204.03,0.01,22.47,4697.26,1
2023-10-17,2023-10-17 11:28:00,204.03,204.04,204.03,204.04,0.0,22.47,4697.26,1
2023-10-17,2023-10-17 11:29:00,204.04,204.06,204.04,204.06,0.01,22.47,4697.26,1
2023-10-17,2023-10-17 11:30:00,204.06,204.08,204.06,204.08,0.01,22.47,4697.26,1
2023-10-17,2023-10-17 11:31:00,204.08,204.1,204.08,204.1,0.01,22.47,4697.26,1
2023-10-17,2023-10-17 11:32:00,204.1,204.12,204.1,204.12,0.01,22.47,4697.26,1
2023-10-17,2023-10-17 11:33:00,204.12,204.14,204.12,204.14,0.01,22.47,4697.26,1
2023-10-17,2023-10-17 11:34:00,204.14,204.16,204.14,204.16,0.01,22.47,4697.26,1
2023-10-17,2023-10-17 11:35:00,204.16,204.18,204.16,204.18,0.01,22.47,4697.26,1
2023-10-17,2023-10-17 11:36:00,204.18,204.19,204.18,204.19,0.0,22.47,4697.26,1
2023-10-17,2023-10-17 11:37:00,204.19,204.21,204.19,204.21,0.01,22.47,4697.26,1
2023-10-17,2023-10-17 11:38:00,204.21,204.23,204.21,204.23,0.01,22.47,4697.26,1
2023-10-17,2023-10-17 11:39:00,204.23,204.25,204.23,204.25,0.01,22.47,4697.26,1
2023-10-17,2023-10-17 11:40:00,204.25,204.27,204.25,204.27,0.01,22.47,4697.26,1
2023-10-17,2023-10-17 11:41:00,204.27,204.29,204.27,204.29,0.01,22.47,4697.26,1
2023-10-17,2023-10-17 11:42:00,204.29,204.31,204.29,204.31,0.01,22.47,4697.26,1
2023-10-17,2023-10-17 11:43:00,204.31,204.32,204.31,204.32,0.0,22.47,4697.26,1
2023-10-17,2023-10-17 11:44:00,204.32,204.34,204.32,204.34,0.01,22.47,4697.26,1
2023-10-17,2023-10-17 11:45:00,204.34,204.36,204.34,204.36,0.01,22.47,4697.26,1
2023-10-17,2023-10-17 11:46:00,204.36,204.38,204.36,204.38,0.01,22.47,4697.26,1
2023-10-17,2023-10-17 11:47:00,204.38,204.4,204.38,204.4,0.01,22.47,4697.26,1
2023-10-17,2023-10-17 11:48:00,204.4,204.42,204.4,204.42,0.01,22.47,4697.26,1
2023-10-17,2023-10-17 11:49:00,204.42,204.44,204.42,204.44,0.01,22.47,4697.26,1
2023-10-17,2023-10-17 11:50:00,204.44,204.46,204.44,204.46,0.01,22.47,4697.26,1
2023-10-17,2023-10-17 11:51:00,204.46,204.47,204.46,204.47,0.0,22.47,4697.26,1
2023-10-17,2023-10-17 11:52:00,204.47,204.49,204.47,204.49,0.01,22.47,4697.26,1
2023-10-17,2023-10-17 11:53:00,204.49,204.51,204.49,204.51,0.01,22.47,4697.26,1
2023-10-17,2023-10-17 11:54:00,204.51,204.53,204.51,204.53,0.01,22.47,4697.26,1
2023-10-17,2023-10-17 11:55:00,204.53,204.55,204.53,204.55,0.01,22.47,4697.26,1
2023-10-17,2023-10-17 11:56:00,204.55,204.57,204.55,204.57,0.01,22.47,4697.26,1
2023-10-17,2023-10-17 11:57:00,204.57,204.59,204.57,204.59,0.01,22.47,4697.26,1
2023-10-17,2023-10-17 11:58:00,204.59,204.61,204.59,204.61,0.01,22.47,4697.26,1
2023-10-17,2023-10-17 11:59:00,204.61,204.62,204.61,204.62,0.0,22.47,4697.26,1
2023-10-17,2023-10-17 12:00:00,204.62,204.64,204.62,204.64,0.01,22.47,4697.26,1
2023-10-17,2023-10-17 12:01:00,204.64,204.66,204.64,204.66,0.01,22.47,4697.26,1
2023-10-17,2023-10-17 12:02:00,204.66,204.68,204.66,204.68,0.01,22.47,4697.26,1
2023-10-17,2023-10-17 12:03:00,204.68,204.7,204.68,204.7,0.01,22.47,4697.26,1
2023-10-17,2023-10-17 12:04:00,204.7,204.72,204.7,204.72,0.01,22.47,4697.26,1
2023-10-17,2023-10-17 12:05:00,204.72,204.74,204.72,204.74,0.01,22.47,4697.26,1
2023-10-17,2023-10-17 12:06:00,204.74,204.76,204.74,204.76,0.01,22.47,4697.26,1
2023-10-17,2023-10-17 12:07:00,204.76,204.78,204.76,204.78,0.01,22.47,4697.26,1
2023-10-17,2023-10-17 12:08:00,204.78,204.79,204.78,204.79,0.0,22.47,4697.26,1
2023-10-17,2023-10-17 12:09:00,204.79,204.81,204.79,204.81,0.01,22.47,4697.26,1
2023-10-17,2023-10-17 12:10:00,204.81,204.83,204.81,204.83,0.01,22.47,4697.26,1
2023-10-17,2023-10-17 12:11:00,204.83,204.85,204.83,204.85,0.01,22.47,4697.26,1
2023-10-17,2023-10-17 12:12:00,204.85,204.87,204.85,204.87,0.01,22.47,4697.26,1
2023-10-17,2023-10-17 12:13:00,204.87,204.89,204.87,204.89,0.01,22.47,4697.26,1
2023-10-17,2023-10-17 12:14:00,204.89,204.91,204.89,204.91,0.01,22.47,4697.26,1
2023-10-17,2023-10-17 12:15:00,204.91,204.93,204.91,204.93,0.01,22.47,4697.26,1
2023-10-17,2023-10-17 12:16:00,204.93,204.94,204.93,204.94,0.0,22.47,4697.26,1
2023-10-17,2023-10-17 12:17:00,204.94,204.96,204.94,204.96,0.01,22.47,4697.26,1
2023-10-17,2023-10-17 12:18:00,204.96,204.98,204.96,204.98,0.01,22.47,4697.26,1
2023-10-17,2023-10-17 12:19:00,204.98,205.0,204.98,205.0,0.01,22.47,4697.26,1
2023-10-17,2023-10-17 12:20:00,205.0,205.02,205.0,205.02,0.01,22.47,4697.26,1
2023-10-17,2023-10-17 12:21:00,205.02,205.04,205.02,205.04,0.01,22.47,4697.26,1
2023-10-17,2023-10-17 12:22:00,205.04,205.06,205.04,205.06,0.01,22.47,4697.26,1
2023-10-17,2023-10-17 12:23:00,205.06,205.07,205.06,205.07,0.0,22.47,4697.26,1
2023-10-17,2023-10-17 12:24:00,205.07,205.09,205.07,205.09,0.01,22.47,4697.26,1
2023-10-17,2023-10-17 12:25:00,205.09,205.11,205.09,205.11,0.01,22.47,4697.26,1
2023-10-17,2023-10-17 12:26:00,205.11,205.13,205.11,205.13,0.01,22.47,4697.26,1
2023-10-17,2023-10-17 12:27:00,205.13,205.15,205.13,205.15,0.01,22.47,4697.26,1
2023-10-17,2023-10-17 12:28:00,205.15,205.17,205.15,205.17,0.01,22.47,4697.26,1
2023-10-17,2023-10-17 12:29:00,205.17,205.19,205.17,205.19,0.01,22.47,4697.26,1
2023-10-17,2023-10-17 12:30:00,205.19,205.21,205.19,205.21,0.01,22.47,4697.26,1
2023-10-17,2023-10-17 12:31:00,205.21,205.22,205.21,205.22,0.0,22.47,4697.26,1
2023-10-17,2023-10-17 12:32:00,205.22,205.24,205.22,205.24,0.01,22.47,4697.26,1
2023-10-17,2023-10-17 12:33:00,205.24,205.26,205.24,205.26,0.01,22.47,4697.26,1
2023-10-17,2023-10-17 12:34:00,205.26,205.28,205.26,205.28,0.01,22.47,4697.26,1
2023-10-17,2023-10-17 12:35:00,205.28,205.3,205.28,205.3,0.01,22.47,4697.26,1
2023-10-17,2023-10-17 12:36:00,205.3,205.32,205.3,205.32,0.01,22.47,4697.26,1
2023-10-17,2023-10-17 12:37:00,205.32,205.34,205.32,205.34,0.01,22.47,4697.26,1
2023-10-17,2023-10-17 12:38:00,205.34,205.36,205.34,205.36,0.01,22.47,4697.26,1
2023-10-17,2023-10-17 12:39:00,205.36,205.38,205.36,205.38,0.01,22.47,4697.26,1
2023-10-17,2023-10-17 12:40:00,205.38,205.39,205.38,205.39,0.0,22.47,4697.26,1
2023-10-17,2023-10-17 12:41:00,205.39,205.41,205.39,205.41,0.01,22.47,4697.26,1
2023-10-17,2023-10-17 12:42:00,205.41,205.43,205.41,205.43,0.01,22.47,4697.26,1
2023-10-17,2023-10-17 12:43:00,205.43,205.45,205.43,205.45,0.01,22.47,4697.26,1
2023-10-17,2023-10-17 12:44:00,205.45,205.47,205.45,205.47,0.01,22.47,4697.26,1
2023-10-17,2023-10-17 12:45:00,205.47,205.49,205.47,205.49,0.01,22.47,4697.26,1
2023-10-17,2023-10-17 12:46:00,205.49,205.51,205.49,205.51,0.01,22.47,4697.26,1
2023-10-17,2023-10-17 12:47:00,205.51,205.53,205.51,205.53,0.01,22.47,4697.26,1
2023-10-17,2023-10-17 12:48:00,205.53,205.54,205.53,205.54,0.0,22.47,4697.26,1
2023-10-17,2023-10-17 12:49:00,205.54,205.56,205.54,205.56,0.01,22.47,4697.26,1
2023-10-17,2023-10-17 12:50:00,205.56,205.58,205.56,205.58,0.01,22.47,4697.26,1
2023-10-17,2023-10-17 12:51:00,205.58,205.6,205.58,205.6,0.01,22.47,4697.26,1
2023-10-17,2023-10-17 12:52:00,205.6,205.62,205.6,205.62,0.01,22.47,4697.26,1
2023-10-17,2023-10-17 12:53:00,205.62,205.64,205.62,205.64,0.01,22.47,4697.26,1
2023-10-17,2023-10-17 12:54:00,205.64,205.66,205.64,205.66,0.01,22.47,4697.26,1
2023-10-17,2023-10-17 12:55:00,205.66,205.68,205.66,205.68,0.01,22.47,4697.26,1
2023-10-17,2023-10-17 12:56:00,205.68,205.69,205.68,205.69,0.0,22.47,4697.26,1
2023-10-17,2023-10-17 12:57:00,205.69,205.71,205.69,205.71,0.01,22.47,4697.26,1
2023-10-17,2023-10-17 12:58:00,205.71,205.73,205.71,205.73,0.01,22.47,4697.26,1
2023-10-17,2023-10-17 12:59:00,205.73,205.75,205.73,205.75,0.01,22.47,4697.26,1
2023-10-17,2023-10-17 13:00:00,205.75,217.0,203.5,205.77,0.01,22.47,4697.26,1
2023-10-17,2023-10-17 13:01:00,205.77,205.79,205.77,205.79,0.01,22.47,4697.26,1
2023-10-17,2023-10-17 13:02:00,205.79,205.81,205.79,205.81,0.01,22.47,4697.26,1
2023-10-17,2023-10-17 13:03:00,205.81,205.82,205.81,205.82,0.0,22.47,4697.26,1
2023-10-17,2023-10-17 13:04:00,205.82,205.84,205.82,205.84,0.01,22.47,4697.26,1
2023-10-17,2023-10-17 13:05:00,205.84,205.86,205.84,205.86,0.01,22.47,4697.26,1
2023-10-17,2023-10-17 13:06:00,205.86,205.88,205.86,205.88,0.01,22.47,4697.26,1
2023-10-17,2023-10-17 13:07:00,205.88,205.9,205.88,205.9,0.01,22.47,4697.26,1
2023-10-17,2023-10-17 13:08:00,205.9,205.92,205.9,205.92,0.01,22.47,4697.26,1
2023-10-17,2023-10-17 13:09:00,205.92,205.94,205.92,205.94,0.01,22.47,4697.26,1
2023-10-17,2023-10-17 13:10:00,205.94,205.96,205.94,205.96,0.01,22.47,4697.26,1
2023-10-17,2023-10-17 13:11:00,205.96,205.97,205.96,205.97,0.0,22.47,4697.26,1
2023-10-17,2023-10-17 13:12:00,205.97,205.99,205.97,205.99,0.01,22.47,4697.26,1
2023-10-17,2023-10-17 13:13:00,205.99,206.01,205.99,206.01,0.01,22.47,4697.26,1
2023-10-17,2023-10-17 13:14:00,206.01,206.03,206.01,206.03,0.01,22.47,4697.26,1
2023-10-17,2023-10-17 13:15:00,206.03,206.05,206.03,206.05,0.01,22.47,4697.26,1
2023-10-17,2023-10-17 13:16:00,206.05,206.07,206.05,206.07,0.01,22.47,4697.26,1
2023-10-17,2023-10-17 13:17:00,206.07,206.09,206.07,206.09,0.01,22.47,4697.26,1
2023-10-17,2023-10-17 13:18:00,206.09,206.11,206.09,206.11,0.01,22.47,4697.26,1
2023-10-17,2023-10-17 13:19:00,206.11,206.12,206.11,206.12,0.0,22.47,4697.26,1
2023-10-17,2023-10-17 13:20:00,206.12,206.14,206.12,206.14,0.01,22.47,4697.26,1
2023-10-17,2023-10-17 13:21:00,206.14,206.16,206.14,206.16,0.01,22.47,4697.26,1
2023-10-17,2023-10-17 13:22:00,206.16,206.18,206.16,206.18,0.01,22.47,4697.26,1
2023-10-17,2023-10-17 13:23:00,206.18,206.2,206.18,206.2,0.01,22.47,4697.26,1
2023-10-17,2023-10-17 13:24:00,206.2,206.22,206.2,206.22,0.01,22.47,4697.26,1
2023-10-17,2023-10-17 13:25:00,206.22,206.24,206.22,206.24,0.01,22.47,4697.26,1
2023-10-17,2023-10-17 13:26:00,206.24,206.26,206.24,206.26,0.01,22.47,4697.26,1
2023-10-17,2023-10-17 13:27:00,206.26,206.28,206.26,206.28,0.01,22.47,4697.26,1
2023-10-17,2023-10-17 13:28:00,206.28,206.29,206.28,206.29,0.0,22.47,4697.26,1
2023-10-17,2023-10-17 13:29:00,206.29,206.31,206.29,206.31,0.01,22.47,4697.26,1
2023-10-17,2023-10-17 13:30:00,206.31,206.33,206.31,206.33,0.01,22.47,4697.26,1
2023-10-17,2023-10-17 13:31:00,206.33,206.35,206.33,206.35,0.01,22.47,4697.26,1
2023-10-17,2023-10-17 13:32:00,206.35,206.37,206.35,206.37,0.01,22.47,4697.26,1
2023-10-17,2023-10-17 13:33:00,206.37,206.39,206.37,206.39,0.01,22.47,4697.26,1
2023-10-17,2023-10-17 13:34:00,206.39,206.41,206.39,206.41,0.01,22.47,4697.26,1
2023-10-17,2023-10-17 13:35:00,206.41,206.43,206.41,206.43,0.01,22.47,4697.26,1
2023-10-17,2023-10-17 13:36:00,206.43,206.44,206.43,206.44,0.0,22.47,4697.26,1
2023-10-17,2023-10-17 13:37:00,206.44,206.46,206.44,206.46,0.01,22.47,4697.26,1
2023-10-17,2023-10-17 13:38:00,206.46,206.48,206.46,206.48,0.01,22.47,4697.26,1
2023-10-17,2023-10-17 13:39:00,206.48,206.5,206.48,206.5,0.01,22.47,4697.26,1
2023-10-17,2023-10-17 13:40:00,206.5,206.52,206.5,206.52,0.01,22.47,4697.26,1
2023-10-17,2023-10-17 13:41:00,206.52,206.54,206.52,206.54,0.01,22.47,4697.26,1
2023-10-17,2023-10-17 13:42:00,206.54,206.56,206.54,206.56,0.01,22.47,4697.26,1
2023-10-17,2023-10-17 13:43:00,206.56,206.57,206.56,206.57,0.0,22.47,4697.26,1
2023-10-17,2023-10-17 13:44:00,206.57,206.59,206.57,206.59,0.01,22.47,4697.26,1
2023-10-17,2023-10-17 13:45:00,206.59,206.61,206.59,206.61,0.01,22.47,4697.26,1
2023-10-17,2023-10-17 13:46:00,206.61,206.63,206.61,206.63,0.01,22.47,4697.26,1
2023-10-17,2023-10-17 13:47:00,206.63,206.65,206.63,206.65,0.01,22.47,4697.26,1
2023-10-17,2023-10-17 13:48:00,206.65,206.67,206.65,206.67,0.01,22.47,4697.26,1
2023-10-17,2023-10-17 13:49:00,206.67,206.69,206.67,206.69,0.01,22.47,4697.26,1
2023-10-17,2023-10-17 13:50:00,206.69,206.71,206.69,206.71,0.01,22.47,4697.26,1
2023-10-17,2023-10-17 13:51:00,206.71,206.72,206.71,206.72,0.0,22.47,4697.26,1
2023-10-17,2023-10-17 13:52:00,206.72,206.74,206.72,206.74,0.01,22.47,4697.26,1
2023-10-17,2023-10-17 13:53:00,206.74,206.76,206.74,206.76,0.01,22.47,4697.26,1
2023-10-17,2023-10-17 13:54:00,206.76,206.78,206.76,206.78,0.01,22.47,4697.26,1
2023-10-17,2023-10-17 13:55:00,206.78,206.8,206.78,206.8,0.01,22.47,4697.26,1
2023-10-17,2023-10-17 13:56:00,206.8,206.82,206.8,206.82,0.01,22.47,4697.26,1
2023-10-17,2023-10-17 13:57:00,206.82,206.84,206.82,206.84,0.01,22.47,4697.26,1
2023-10-17,2023-10-17 13:58:00,206.84,206.86,206.84,206.86,0.01,22.47,4697.26,1
2023-10-17,2023-10-17 13:59:00,206.86,206.88,206.86,206.88,0.01,22.47,4697.26,1
2023-10-17,2023-10-17 14:00:00,206.88,206.89,206.88,206.89,0.0,22.47,4697.26,1
2023-10-17,2023-10-17 14:01:00,206.89,206.91,206.89,206.91,0.01,22.47,4697.26,1
2023-10-17,2023-10-17 14:02:00,206.91,206.93,206.91,206.93,0.01,22.47,4697.26,1
2023-10-17,2023-10-17 14:03:00,206.93,206.95,206.93,206.95,0.01,22.47,4697.26,1
2023-10-17,2023-10-17 14:04:00,206.95,206.97,206.95,206.97,0.01,22.47,4697.26,1
2023-10-17,2023-10-17 14:05:00,206.97,206.99,206.97,206.99,0.01,22.47,4697.26,1
2023-10-17,2023-10-17 14:06:00,206.99,207.01,206.99,207.01,0.01,22.47,4697.26,1
2023-10-17,2023-10-17 14:07:00,207.01,207.03,207.01,207.03,0.01,22.47,4697.26,1
2023-10-17,2023-10-17 14:08:00,207.03,207.04,207.03,207.04,0.0,22.47,4697.26,1
2023-10-17,2023-10-17 14:09:00,207.04,207.06,207.04,207.06,0.01,22.47,4697.26,1
2023-10-17,2023-10-17 14:10:00,207.06,207.08,207.06,207.08,0.01,22.47,4697.26,1
2023-10-17,2023-10-17 14:11:00,207.08,207.1,207.08,207.1,0.01,22.47,4697.26,1
2023-10-17,2023-10-17 14:12:00,207.1,207.12,207.1,207.12,0.01,22.47,4697.26,1
2023-10-17,2023-10-17 14:13:00,207.12,207.14,207.12,207.14,0.01,22.47,4697.26,1
2023-10-17,2023-10-17 14:14:00,207.14,207.16,207.14,207.16,0.01,22.47,4697.26,1
2023-10-17,2023-10-17 14:15:00,207.16,207.18,207.16,207.18,0.01,22.47,4697.26,1
2023-10-17,2023-10-17 14:16:00,207.18,207.19,207.18,207.19,0.0,22.47,4697.26,1
2023-10-17,2023-10-17 14:17:00,207.19,207.21,207.19,207.21,0.01,22.47,4697.26,1
2023-10-17,2023-10-17 14:18:00,207.21,207.23,207.21,207.23,0.01,22.47,4697.26,1
2023-10-17,2023-10-17 14:19:00,207.23,207.25,207.23,207.25,0.01,22.47,4697.26,1
2023-10-17,2023-10-17 14:20:00,207.25,207.27,207.25,207.27,0.01,22.47,4697.26,1
2023-10-17,2023-10-17 14:21:00,207.27,207.29,207.27,207.29,0.01,22.47,4697.26,1
2023-10-17,2023-10-17 14:22:00,207.29,207.31,207.29,207.31,0.01,22.47,4697.26,1
2023-10-17,2023-10-17 14:23:00,207.31,207.32,207.31,207.32,0.0,22.47,4697.26,1
2023-10-17,2023-10-17 14:24:00,207.32,207.34,207.32,207.34,0.01,22.47,4697.26,1
2023-10-17,2023-10-17 14:25:00,207.34,207.36,207.34,207.36,0.01,22.47,4697.26,1
2023-10-17,2023-10-17 14:26:00,207.36,207.38,207.36,207.38,0.01,22.47,4697.26,1
2023-10-17,2023-10-17 14:27:00,207.38,207.4,207.38,207.4,0.01,22.47,4697.26,1
2023-10-17,2023-10-17 14:28:00,207.4,207.42,207.4,207.42,0.01,22.47,4697.26,1
2023-10-17,2023-10-17 14:29:00,207.42,207.44,207.42,207.44,0.01,22.47,4697.26,1
2023-10-17,2023-10-17 14:30:00,207.44,207.46,207.44,207.46,0.01,22.47,4697.26,1
2023-10-17,2023-10-17 14:31:00,207.46,207.47,207.46,207.47,0.0,22.47,4697.26,1
2023-10-17,2023-10-17 14:32:00,207.47,207.49,207.47,207.49,0.01,22.47,4697.26,1
2023-10-17,2023-10-17 14:33:00,207.49,207.51,207.49,207.51,0.01,22.47,4697.26,1
2023-10-17,2023-10-17 14:34:00,207.51,207.53,207.51,207.53,0.01,22.47,4697.26,1
2023-10-17,2023-10-17 14:35:00,207.53,207.55,207.53,207.55,0.01,22.47,4697.26,1
2023-10-17,2023-10-17 14:36:00,207.55,207.57,207.55,207.57,0.01,22.47,4697.26,1
2023-10-17,2023-10-17 14:37:00,207.57,207.59,207.57,207.59,0.01,22.47,4697.26,1
2023-10-17,2023-10-17 14:38:00,207.59,207.61,207.59,207.61,0.01,22.47,4697.26,1
2023-10-17,2023-10-17 14:39:00,207.61,207.62,207.61,207.62,0.0,22.47,4697.26,1
2023-10-17,2023-10-17 14:40:00,207.62,207.64,207.62,207.64,0.01,22.47,4697.26,1
2023-10-17,2023-10-17 14:41:00,207.64,207.66,207.64,207.66,0.01,22.47,4697.26,1
2023-10-17,2023-10-17 14:42:00,207.66,207.68,207.66,207.68,0.01,22.47,4697.26,1
2023-10-17,2023-10-17 14:43:00,207.68,207.7,207.68,207.7,0.01,22.47,4697.26,1
2023-10-17,2023-10-17 14:44:00,207.7,207.72,207.7,207.72,0.01,22.47,4697.26,1
2023-10-17,2023-10-17 14:45:00,207.72,207.74,207.72,207.74,0.01,22.47,4697.26,1
2023-10-17,2023-10-17 14:46:00,207.74,207.76,207.74,207.76,0.01,22.47,4697.26,1
2023-10-17,2023-10-17 14:47:00,207.76,207.78,207.76,207.78,0.01,22.47,4697.26,1
2023-10-17,2023-10-17 14:48:00,207.78,207.79,207.78,207.79,0.0,22.47,4697.26,1
2023-10-17,2023-10-17 14:49:00,207.79,207.81,207.79,207.81,0.01,22.47,4697.26,1
2023-10-17,2023-10-17 14:50:00,207.81,207.83,207.81,207.83,0.01,22.47,4697.26,1
2023-10-17,2023-10-17 14:51:00,207.83,207.85,207.83,207.85,0.01,22.47,4697.26,1
2023-10-17,2023-10-17 14:52:00,207.85,207.87,207.85,207.87,0.01,22.47,4697.26,1
2023-10-17,2023-10-17 14:53:00,207.87,207.89,207.87,207.89,0.01,22.47,4697.26,1
2023-10-17,2023-10-17 14:54:00,207.89,207.91,207.89,207.91,0.01,22.47,4697.26,1
2023-10-17,2023-10-17 14:55:00,207.91,207.93,207.91,207.93,0.01,22.47,4697.26,1
2023-10-17,2023-10-17 14:56:00,207.93,207.94,207.93,207.94,0.0,22.47,4697.26,1
2023-10-17,2023-10-17 14:57:00,207.94,207.96,207.94,207.96,0.01,22.47,4697.26,1
2023-10-17,2023-10-17 14:58:00,207.96,207.98,207.96,207.98,0.01,22.47,4697.26,1
2023-10-17,2023-10-17 14:59:00,207.98,208.0,207.98,208.0,0.01,22.47,4697.26,1
2023-10-17,2023-10-17 15:00:00,208.0,217.0,203.5,208.0,0.0,22.47,4697.26,0
2023-10-18,2023-10-18 11:00:00,207.0,208.8,206.73,207.02,0.01,18.21,3837.5,1
2023-10-18,2023-10-18 11:01:00,207.02,207.03,207.02,207.03,0.0,18.21,3837.5,1
2023-10-18,2023-10-18 11:02:00,207.03,207.05,207.03,207.05,0.01,18.21,3837.5,1
2023-10-18,2023-10-18 11:03:00,207.05,207.07,207.05,207.07,0.01,18.21,3837.5,1
2023-10-18,2023-10-18 11:04:00,207.07,207.08,207.07,207.08,0.0,18.21,3837.5,1
2023-10-18,2023-10-18 11:05:00,207.08,207.1,207.08,207.1,0.01,18.21,3837.5,1
2023-10-18,2023-10-18 11:06:00,207.1,207.12,207.1,207.12,0.01,18.21,3837.5,1
2023-10-18,2023-10-18 11:07:00,207.12,207.13,207.12,207.13,0.0,18.21,3837.5,1
2023-10-18,2023-10-18 11:08:00,207.13,207.15,207.13,207.15,0.01,18.21,3837.5,1
2023-10-18,2023-10-18 11:09:00,207.15,207.17,207.15,207.17,0.01,18.21,3837.5,1
2023-10-18,2023-10-18 11:10:00,207.17,207.18,207.17,207.18,0.0,18.21,3837.5,1
2023-10-18,2023-10-18 11:11:00,207.18,207.2,207.18,207.2,0.01,18.21,3837.5,1
2023-10-18,2023-10-18 11:12:00,207.2,207.22,207.2,207.22,0.01,18.21,3837.5,1
2023-10-18,2023-10-18 11:13:00,207.22,207.23,207.22,207.23,0.0,18.21,3837.5,1
2023-10-18,2023-10-18 11:14:00,207.23,207.25,207.23,207.25,0.01,18.21,3837.5,1
2023-10-18,2023-10-18 11:15:00,207.25,207.27,207.25,207.27,0.01,18.21,3837.5,1
2023-10-18,2023-10-18 11:16:00,207.27,207.28,207.27,207.28,0.0,18.21,3837.5,1
2023-10-18,2023-10-18 11:17:00,207.28,207.3,207.28,207.3,0.01,18.21,3837.5,1
2023-10-18,2023-10-18 11:18:00,207.3,207.32,207.3,207.32,0.01,18.21,3837.5,1
2023-10-18,2023-10-18 11:19:00,207.32,207.33,207.32,207.33,0.0,18.21,3837.5,1
2023-10-18,2023-10-18 11:20:00,207.33,207.35,207.33,207.35,0.01,18.21,3837.5,1
2023-10-18,2023-10-18 11:21:00,207.35,207.37,207.35,207.37,0.01,18.21,3837.5,1
2023-10-18,2023-10-18 11:22:00,207.37,207.38,207.37,207.38,0.0,18.21,3837.5,1
2023-10-18,2023-10-18 11:23:00,207.38,207.4,207.38,207.4,0.01,18.21,3837.5,1
2023-10-18,2023-10-18 11:24:00,207.4,207.42,207.4,207.42,0.01,18.21,3837.5,1
2023-10-18,2023-10-18 11:25:00,207.42,207.43,207.42,207.43,0.0,18.21,3837.5,1
2023-10-18,2023-10-18 11:26:00,207.43,207.45,207.43,207.45,0.01,18.21,3837.5,1
2023-10-18,2023-10-18 11:27:00,207.45,207.47,207.45,207.47,0.01,18.21,3837.5,1
2023-10-18,2023-10-18 11:28:00,207.47,207.48,207.47,207.48,0.0,18.21,3837.5,1
2023-10-18,2023-10-18 11:29:00,207.48,207.5,207.48,207.5,0.01,18.21,3837.5,1
2023-10-18,2023-10-18 11:30:00,207.5,207.52,207.5,207.52,0.01,18.21,3837.5,1
2023-10-18,2023-10-18 11:31:00,207.52,207.53,207.52,207.53,0.0,18.21,3837.5,1
2023-10-18,2023-10-18 11:32:00,207.53,207.55,207.53,207.55,0.01,18.21,3837.5,1
2023-10-18,2023-10-18 11:33:00,207.55,207.57,207.55,207.57,0.01,18.21,3837.5,1
2023-10-18,2023-10-18 11:34:00,207.57,207.58,207.57,207.58,0.0,18.21,3837.5,1
2023-10-18,2023-10-18 11:35:00,207.58,207.6,207.58,207.6,0.01,18.21,3837.5,1
2023-10-18,2023-10-18 11:36:00,207.6,207.62,207.6,207.62,0.01,18.21,3837.5,1
2023-10-18,2023-10-18 11:37:00,207.62,207.63,207.62,207.63,0.0,18.21,3837.5,1
2023-10-18,2023-10-18 11:38:00,207.63,207.65,207.63,207.65,0.01,18.21,3837.5,1
2023-10-18,2023-10-18 11:39:00,207.65,207.67,207.65,207.67,0.01,18.21,3837.5,1
2023-10-18,2023-10-18 11:40:00,207.67,207.68,207.67,207.68,0.0,18.21,3837.5,1
2023-10-18,2023-10-18 11:41:00,207.68,207.7,207.68,207.7,0.01,18.21,3837.5,1
2023-10-18,2023-10-18 11:42:00,207.7,207.72,207.7,207.72,0.01,18.21,3837.5,1
2023-10-18,2023-10-18 11:43:00,207.72,207.73,207.72,207.73,0.0,18.21,3837.5,1
2023-10-18,2023-10-18 11:44:00,207.73,207.75,207.73,207.75,0.01,18.21,3837.5,1
2023-10-18,2023-10-18 11:45:00,207.75,207.77,207.75,207.77,0.01,18.21,3837.5,1
2023-10-18,2023-10-18 11:46:00,207.77,207.78,207.77,207.78,0.0,18.21,3837.5,1
2023-10-18,2023-10-18 11:47:00,207.78,207.8,207.78,207.8,0.01,18.21,3837.5,1
2023-10-18,2023-10-18 11:48:00,207.8,207.82,207.8,207.82,0.01,18.21,3837.5,1
2023-10-18,2023-10-18 11:49:00,207.82,207.83,207.82,207.83,0.0,18.21,3837.5,1
2023-10-18,2023-10-18 11:50:00,207.83,207.85,207.83,207.85,0.01,18.21,3837.5,1
2023-10-18,2023-10-18 11:51:00,207.85,207.87,207.85,207.87,0.01,18.21,3837.5,1
2023-10-18,2023-10-18 11:52:00,207.87,207.88,207.87,207.88,0.0,18.21,3837.5,1
2023-10-18,2023-10-18 11:53:00,207.88,207.9,207.88,207.9,0.01,18.21,3837.5,1
2023-10-18,2023-10-18 11:54:00,207.9,207.92,207.9,207.92,0.01,18.21,3837.5,1
2023-10-18,2023-10-18 11:55:00,207.92,207.93,207.92,207.93,0.0,18.21,3837.5,1
2023-10-18,2023-10-18 11:56:00,207.93,207.95,207.93,207.95,0.01,18.21,3837.5,1
2023-10-18,2023-10-18 11:57:00,207.95,207.97,207.95,207.97,0.01,18.21,3837.5,1
2023-10-18,2023-10-18 11:58:00,207.97,207.98,207.97,207.98,0.0,18.21,3837.5,1
2023-10-18,2023-10-18 11:59:00,207.98,208.0,207.98,208.0,0.01,18.21,3837.5,1
2023-10-18,2023-10-18 12:00:00,208.0,208.02,208.0,208.02,0.01,18.21,3837.5,1
2023-10-18,2023-10-18 12:01:00,208.02,208.03,208.02,208.03,0.0,18.21,3837.5,1
2023-10-18,2023-10-18 12:02:00,208.03,208.05,208.03,208.05,0.01,18.21,3837.5,1
2023-10-18,2023-10-18 12:03:00,208.05,208.07,208.05,208.07,0.01,18.21,3837.5,1
2023-10-18,2023-10-18 12:04:00,208.07,208.08,208.07,208.08,0.0,18.21,3837.5,1
2023-10-18,2023-10-18 12:05:00,208.08,208.1,208.08,208.1,0.01,18.21,3837.5,1
2023-10-18,2023-10-18 12:06:00,208.1,208.12,208.1,208.12,0.01,18.21,3837.5,1
2023-10-18,2023-10-18 12:07:00,208.12,208.13,208.12,208.13,0.0,18.21,3837.5,1
2023-10-18,2023-10-18 12:08:00,208.13,208.15,208.13,208.15,0.01,18.21,3837.5,1
2023-10-18,2023-10-18 12:09:00,208.15,208.17,208.15,208.17,0.01,18.21,3837.5,1
2023-10-18,2023-10-18 12:10:00,208.17,208.18,208.17,208.18,0.0,18.21,3837.5,1
2023-10-18,2023-10-18 12:11:00,208.18,208.2,208.18,208.2,0.01,18.21,3837.5,1
2023-10-18,2023-10-18 12:12:00,208.2,208.22,208.2,208.22,0.01,18.21,3837.5,1
2023-10-18,2023-10-18 12:13:00,208.22,208.23,208.22,208.23,0.0,18.21,3837.5,1
2023-10-18,2023-10-18 12:14:00,208.23,208.25,208.23,208.25,0.01,18.21,3837.5,1
2023-10-18,2023-10-18 12:15:00,208.25,208.27,208.25,208.27,0.01,18.21,3837.5,1
2023-10-18,2023-10-18 12:16:00,208.27,208.28,208.27,208.28,0.0,18.21,3837.5,1
2023-10-18,2023-10-18 12:17:00,208.28,208.3,208.28,208.3,0.01,18.21,3837.5,1
2023-10-18,2023-10-18 12:18:00,208.3,208.32,208.3,208.32,0.01,18.21,3837.5,1
2023-10-18,2023-10-18 12:19:00,208.32,208.33,208.32,208.33,0.0,18.21,3837.5,1
2023-10-18,2023-10-18 12:20:00,208.33,208.35,208.33,208.35,0.01,18.21,3837.5,1
2023-10-18,2023-10-18 12:21:00,208.35,208.37,208.35,208.37,0.01,18.21,3837.5,1
2023-10-18,2023-10-18 12:22:00,208.37,208.38,208.37,208.38,0.0,18.21,3837.5,1
2023-10-18,2023-10-18 12:23:00,208.38,208.4,208.38,208.4,0.01,18.21,3837.5,1
2023-10-18,2023-10-18 12:24:00,208.4,208.42,208.4,208.42,0.01,18.21,3837.5,1
2023-10-18,2023-10-18 12:25:00,208.42,208.43,208.42,208.43,0.0,18.21,3837.5,1
2023-10-18,2023-10-18 12:26:00,208.43,208.45,208.43,208.45,0.01,18.21,3837.5,1
2023-10-18,2023-10-18 12:27:00,208.45,208.47,208.45,208.47,0.01,18.21,3837.5,1
2023-10-18,2023-10-18 12:28:00,208.47,208.48,208.47,208.48,0.0,18.21,3837.5,1
2023-10-18,2023-10-18 12:29:00,208.48,208.5,208.48,208.5,0.01,18.21,3837.5,1
2023-10-18,2023-10-18 12:30:00,208.5,208.52,208.5,208.52,0.01,18.21,3837.5,1
2023-10-18,2023-10-18 12:31:00,208.52,208.53,208.52,208.53,0.0,18.21,3837.5,1
2023-10-18,2023-10-18 12:32:00,208.53,208.55,208.53,208.55,0.01,18.21,3837.5,1
2023-10-18,2023-10-18 12:33:00,208.55,208.57,208.55,208.57,0.01,18.21,3837.5,1
2023-10-18,2023-10-18 12:34:00,208.57,208.58,208.57,208.58,0.0,18.21,3837.5,1
2023-10-18,2023-10-18 12:35:00,208.58,208.6,208.58,208.6,0.01,18.21,3837.5,1
2023-10-18,2023-10-18 12:36:00,208.6,208.62,208.6,208.62,0.01,18.21,3837.5,1
2023-10-18,2023-10-18 12:37:00,208.62,208.63,208.62,208.63,0.0,18.21,3837.5,1
2023-10-18,2023-10-18 12:38:00,208.63,208.65,208.63,208.65,0.01,18.21,3837.5,1
2023-10-18,2023-10-18 12:39:00,208.65,208.67,208.65,208.67,0.01,18.21,3837.5,1
2023-10-18,2023-10-18 12:40:00,208.67,208.68,208.67,208.68,0.0,18.21,3837.5,1
2023-10-18,2023-10-18 12:41:00,208.68,208.7,208.68,208.7,0.01,18.21,3837.5,1
2023-10-18,2023-10-18 12:42:00,208.7,208.72,208.7,208.72,0.01,18.21,3837.5,1
2023-10-18,2023-10-18 12:43:00,208.72,208.73,208.72,208.73,0.0,18.21,3837.5,1
2023-10-18,2023-10-18 12:44:00,208.73,208.75,208.73,208.75,0.01,18.21,3837.5,1
2023-10-18,2023-10-18 12:45:00,208.75,208.77,208.75,208.77,0.01,18.21,3837.5,1
2023-10-18,2023-10-18 12:46:00,208.77,208.78,208.77,208.78,0.0,18.21,3837.5,1
2023-10-18,2023-10-18 12:47:00,208.78,208.8,208.78,208.8,0.01,18.21,3837.5,1
2023-10-18,2023-10-18 12:48:00,208.8,208.82,208.8,208.82,0.01,18.21,3837.5,1
2023-10-18,2023-10-18 12:49:00,208.82,208.83,208.82,208.83,0.0,18.21,3837.5,1
2023-10-18,2023-10-18 12:50:00,208.83,208.85,208.83,208.85,0.01,18.21,3837.5,1
2023-10-18,2023-10-18 12:51:00,208.85,208.87,208.85,208.87,0.01,18.21,3837.5,1
2023-10-18,2023-10-18 12:52:00,208.87,208.88,208.87,208.88,0.0,18.21,3837.5,1
2023-10-18,2023-10-18 12:53:00,208.88,208.9,208.88,208.9,0.01,18.21,3837.5,1
2023-10-18,2023-10-18 12:54:00,208.9,208.92,208.9,208.92,0.01,18.21,3837.5,1
2023-10-18,2023-10-18 12:55:00,208.92,208.93,208.92,208.93,0.0,18.21,3837.5,1
2023-10-18,2023-10-18 12:56:00,208.93,208.95,208.93,208.95,0.01,18.21,3837.5,1
2023-10-18,2023-10-18 12:57:00,208.95,208.97,208.95,208.97,0.01,18.21,3837.5,1
2023-10-18,2023-10-18 12:58:00,208.97,208.98,208.97,208.98,0.0,18.21,3837.5,1
2023-10-18,2023-10-18 12:59:00,208.98,209.0,208.98,209.0,0.01,18.21,3837.5,1
2023-10-18,2023-10-18 13:00:00,209.0,213.0,206.1,209.02,0.01,18.21,3837.5,1
2023-10-18,2023-10-18 13:01:00,209.02,209.03,209.02,209.03,0.0,18.21,3837.5,1
2023-10-18,2023-10-18 13:02:00,209.03,209.05,209.03,209.05,0.01,18.21,3837.5,1
2023-10-18,2023-10-18 13:03:00,209.05,209.07,209.05,209.07,0.01,18.21,3837.5,1
2023-10-18,2023-10-18 13:04:00,209.07,209.08,209.07,209.08,0.0,18.21,3837.5,1
2023-10-18,2023-10-18 13:05:00,209.08,209.1,209.08,209.1,0.01,18.21,3837.5,1
2023-10-18,2023-10-18 13:06:00,209.1,209.12,209.1,209.12,0.01,18.21,3837.5,1
2023-10-18,2023-10-18 13:07:00,209.12,209.13,209.12,209.13,0.0,18.21,3837.5,1
2023-10-18,2023-10-18 13:08:00,209.13,209.15,209.13,209.15,0.01,18.21,3837.5,1
2023-10-18,2023-10-18 13:09:00,209.15,209.17,209.15,209.17,0.01,18.21,3837.5,1
2023-10-18,2023-10-18 13:10:00,209.17,209.18,209.17,209.18,0.0,18.21,3837.5,1
2023-10-18,2023-10-18 13:11:00,209.18,209.2,209.18,209.2,0.01,18.21,3837.5,1
2023-10-18,2023-10-18 13:12:00,209.2,209.22,209.2,209.22,0.01,18.21,3837.5,1
2023-10-18,2023-10-18 13:13:00,209.22,209.23,209.22,209.23,0.0,18.21,3837.5,1
2023-10-18,2023-10-18 13:14:00,209.23,209.25,209.23,209.25,0.01,18.21,3837.5,1
2023-10-18,2023-10-18 13:15:00,209.25,209.27,209.25,209.27,0.01,18.21,3837.5,1
2023-10-18,2023-10-18 13:16:00,209.27,209.28,209.27,209.28,0.0,18.21,3837.5,1
2023-10-18,2023-10-18 13:17:00,209.28,209.3,209.28,209.3,0.01,18.21,3837.5,1
2023-10-18,2023-10-18 13:18:00,209.3,209.32,209.3,209.32,0.01,18.21,3837.5,1
2023-10-18,2023-10-18 13:19:00,209.32,209.33,209.32,209.33,0.0,18.21,3837.5,1
2023-10-18,2023-10-18 13:20:00,209.33,209.35,209.33,209.35,0.01,18.21,3837.5,1
2023-10-18,2023-10-18 13:21:00,209.35,209.37,209.35,209.37,0.01,18.21,3837.5,1
2023-10-18,2023-10-18 13:22:00,209.37,209.38,209.37,209.38,0.0,18.21,3837.5,1
2023-10-18,2023-10-18 13:23:00,209.38,209.4,209.38,209.4,0.01,18.21,3837.5,1
2023-10-18,2023-10-18 13:24:00,209.4,209.42,209.4,209.42,0.01,18.21,3837.5,1
2023-10-18,2023-10-18 13:25:00,209.42,209.43,209.42,209.43,0.0,18.21,3837.5,1
2023-10-18,2023-10-18 13:26:00,209.43,209.45,209.43,209.45,0.01,18.21,3837.5,1
2023-10-18,2023-10-18 13:27:00,209.45,209.47,209.45,209.47,0.01,18.21,3837.5,1
2023-10-18,2023-10-18 13:28:00,209.47,209.48,209.47,209.48,0.0,18.21,3837.5,1
2023-10-18,2023-10-18 13:29:00,209.48,209.5,209.48,209.5,0.01,18.21,3837.5,1
2023-10-18,2023-10-18 13:30:00,209.5,209.52,209.5,209.52,0.01,18.21,3837.5,1
2023-10-18,2023-10-18 13:31:00,209.52,209.53,209.52,209.53,0.0,18.21,3837.5,1
2023-10-18,2023-10-18 13:32:00,209.53,209.55,209.53,209.55,0.01,18.21,3837.5,1
2023-10-18,2023-10-18 13:33:00,209.55,209.57,209.55,209.57,0.01,18.21,3837.5,1
2023-10-18,2023-10-18 13:34:00,209.57,209.58,209.57,209.58,0.0,18.21,3837.5,1
2023-10-18,2023-10-18 13:35:00,209.58,209.6,209.58,209.6,0.01,18.21,3837.5,1
2023-10-18,2023-10-18 13:36:00,209.6,209.62,209.6,209.62,0.01,18.21,3837.5,1
2023-10-18,2023-10-18 13:37:00,209.62,209.63,209.62,209.63,0.0,18.21,3837.5,1
2023-10-18,2023-10-18 13:38:00,209.63,209.65,209.63,209.65,0.01,18.21,3837.5,1
2023-10-18,2023-10-18 13:39:00,209.65,209.67,209.65,209.67,0.01,18.21,3837.5,1
2023-10-18,2023-10-18 13:40:00,209.67,209.68,209.67,209.68,0.0,18.21,3837.5,1
2023-10-18,2023-10-18 13:41:00,209.68,209.7,209.68,209.7,0.01,18.21,3837.5,1
2023-10-18,2023-10-18 13:42:00,209.7,209.72,209.7,209.72,0.01,18.21,3837.5,1
2023-10-18,2023-10-18 13:43:00,209.72,209.73,209.72,209.73,0.0,18.21,3837.5,1
2023-10-18,2023-10-18 13:44:00,209.73,209.75,209.73,209.75,0.01,18.21,3837.5,1
2023-10-18,2023-10-18 13:45:00,209.75,209.77,209.75,209.77,0.01,18.21,3837.5,1
2023-10-18,2023-10-18 13:46:00,209.77,209.78,209.77,209.78,0.0,18.21,3837.5,1
2023-10-18,2023-10-18 13:47:00,209.78,209.8,209.78,209.8,0.01,18.21,3837.5,1
2023-10-18,2023-10-18 13:48:00,209.8,209.82,209.8,209.82,0.01,18.21,3837.5,1
2023-10-18,2023-10-18 13:49:00,209.82,209.83,209.82,209.83,0.0,18.21,3837.5,1
2023-10-18,2023-10-18 13:50:00,209.83,209.85,209.83,209.85,0.01,18.21,3837.5,1
2023-10-18,2023-10-18 13:51:00,209.85,209.87,209.85,209.87,0.01,18.21,3837.5,1
2023-10-18,2023-10-18 13:52:00,209.87,209.88,209.87,209.88,0.0,18.21,3837.5,1
2023-10-18,2023-10-18 13:53:00,209.88,209.9,209.88,209.9,0.01,18.21,3837.5,1
2023-10-18,2023-10-18 13:54:00,209.9,209.92,209.9,209.92,0.01,18.21,3837.5,1
2023-10-18,2023-10-18 13:55:00,209.92,209.93,209.92,209.93,0.0,18.21,3837.5,1
2023-10-18,2023-10-18 13:56:00,209.93,209.95,209.93,209.95,0.01,18.21,3837.5,1
2023-10-18,2023-10-18 13:57:00,209.95,209.97,209.95,209.97,0.01,18.21,3837.5,1
2023-10-18,2023-10-18 13:58:00,209.97,209.98,209.97,209.98,0.0,18.21,3837.5,1
2023-10-18,2023-10-18 13:59:00,209.98,210.0,209.98,210.0,0.01,18.21,3837.5,1
2023-10-18,2023-10-18 14:00:00,210.0,210.02,210.0,210.02,0.01,18.21,3837.5,1
2023-10-18,2023-10-18 14:01:00,210.02,210.03,210.02,210.03,0.0,18.21,3837.5,1
2023-10-18,2023-10-18 14:02:00,210.03,210.05,210.03,210.05,0.01,18.21,3837.5,1
2023-10-18,2023-10-18 14:03:00,210.05,210.07,210.05,210.07,0.01,18.21,3837.5,1
2023-10-18,2023-10-18 14:04:00,210.07,210.08,210.07,210.08,0.0,18.21,3837.5,1
2023-10-18,2023-10-18 14:05:00,210.08,210.1,210.08,210.1,0.01,18.21,3837.5,1
2023-10-18,2023-10-18 14:06:00,210.1,210.12,210.1,210.12,0.01,18.21,3837.5,1
2023-10-18,2023-10-18 14:07:00,210.12,210.13,210.12,210.13,0.0,18.21,3837.5,1
2023-10-18,2023-10-18 14:08:00,210.13,210.15,210.13,210.15,0.01,18.21,3837.5,1
2023-10-18,2023-10-18 14:09:00,210.15,210.17,210.15,210.17,0.01,18.21,3837.5,1
2023-10-18,2023-10-18 14:10:00,210.17,210.18,210.17,210.18,0.0,18.21,3837.5,1
2023-10-18,2023-10-18 14:11:00,210.18,210.2,210.18,210.2,0.01,18.21,3837.5,1
2023-10-18,2023-10-18 14:12:00,210.2,210.22,210.2,210.22,0.01,18.21,3837.5,1
2023-10-18,2023-10-18 14:13:00,210.22,210.23,210.22,210.23,0.0,18.21,3837.5,1
2023-10-18,2023-10-18 14:14:00,210.23,210.25,210.23,210.25,0.01,18.21,3837.5,1
2023-10-18,2023-10-18 14:15:00,210.25,210.27,210.25,210.27,0.01,18.21,3837.5,1
2023-10-18,2023-10-18 14:16:00,210.27,210.28,210.27,210.28,0.0,18.21,3837.5,1
2023-10-18,2023-10-18 14:17:00,210.28,210.3,210.28,210.3,0.01,18.21,3837.5,1
2023-10-18,2023-10-18 14:18:00,210.3,210.32,210.3,210.32,0.01,18.21,3837.5,1
2023-10-18,2023-10-18 14:19:00,210.32,210.33,210.32,210.33,0.0,18.21,3837.5,1
2023-10-18,2023-10-18 14:20:00,210.33,210.35,210.33,210.35,0.01,18.21,3837.5,1
2023-10-18,2023-10-18 14:21:00,210.35,210.37,210.35,210.37,0.01,18.21,3837.5,1
2023-10-18,2023-10-18 14:22:00,210.37,210.38,210.37,210.38,0.0,18.21,3837.5,1
2023-10-18,2023-10-18 14:23:00,210.38,210.4,210.38,210.4,0.01,18.21,3837.5,1
2023-10-18,2023-10-18 14:24:00,210.4,210.42,210.4,210.42,0.01,18.21,3837.5,1
2023-10-18,2023-10-18 14:25:00,210.42,210.43,210.42,210.43,0.0,18.21,3837.5,1
2023-10-18,2023-10-18 14:26:00,210.43,210.45,210.43,210.45,0.01,18.21,3837.5,1
2023-10-18,2023-10-18 14:27:00,210.45,210.47,210.45,210.47,0.01,18.21,3837.5,1
2023-10-18,2023-10-18 14:28:00,210.47,210.48,210.47,210.48,0.0,18.21,3837.5,1
2023-10-18,2023-10-18 14:29:00,210.48,210.5,210.48,210.5,0.01,18.21,3837.5,1
2023-10-18,2023-10-18 14:30:00,210.5,210.52,210.5,210.52,0.01,18.21,3837.5,1
2023-10-18,2023-10-18 14:31:00,210.52,210.53,210.52,210.53,0.0,18.21,3837.5,1
2023-10-18,2023-10-18 14:32:00,210.53,210.55,210.53,210.55,0.01,18.21,3837.5,1
2023-10-18,2023-10-18 14:33:00,210.55,210.57,210.55,210.57,0.01,18.21,3837.5,1
2023-10-18,2023-10-18 14:34:00,210.57,210.58,210.57,210.58,0.0,18.21,3837.5,1
2023-10-18,2023-10-18 14:35:00,210.58,210.6,210.58,210.6,0.01,18.21,3837.5,1
2023-10-18,2023-10-18 14:36:00,210.6,210.62,210.6,210.62,0.01,18.21,3837.5,1
2023-10-18,2023-10-18 14:37:00,210.62,210.63,210.62,210.63,0.0,18.21,3837.5,1
2023-10-18,2023-10-18 14:38:00,210.63,210.65,210.63,210.65,0.01,18.21,3837.5,1
2023-10-18,2023-10-18 14:39:00,210.65,210.67,210.65,210.67,0.01,18.21,3837.5,1
2023-10-18,2023-10-18 14:40:00,210.67,210.68,210.67,210.68,0.0,18.21,3837.5,1
2023-10-18,2023-10-18 14:41:00,210.68,210.7,210.68,210.7,0.01,18.21,3837.5,1
2023-10-18,2023-10-18 14:42:00,210.7,210.72,210.7,210.72,0.01,18.21,3837.5,1
2023-10-18,2023-10-18 14:43:00,210.72,210.73,210.72,210.73,0.0,18.21,3837.5,1
2023-10-18,2023-10-18 14:44:00,210.73,210.75,210.73,210.75,0.01,18.21,3837.5,1
2023-10-18,2023-10-18 14:45:00,210.75,210.77,210.75,210.77,0.01,18.21,3837.5,1
2023-10-18,2023-10-18 14:46:00,210.77,210.78,210.77,210.78,0.0,18.21,3837.5,1
2023-10-18,2023-10-18 14:47:00,210.78,210.8,210.78,210.8,0.01,18.21,3837.5,1
2023-10-18,2023-10-18 14:48:00,210.8,210.82,210.8,210.82,0.01,18.21,3837.5,1
2023-10-18,2023-10-18 14:49:00,210.82,210.83,210.82,210.83,0.0,18.21,3837.5,1
2023-10-18,2023-10-18 14:50:00,210.83,210.85,210.83,210.85,0.01,18.21,3837.5,1
2023-10-18,2023-10-18 14:51:00,210.85,210.87,210.85,210.87,0.01,18.21,3837.5,1
2023-10-18,2023-10-18 14:52:00,210.87,210.88,210.87,210.88,0.0,18.21,3837.5,1
2023-10-18,2023-10-18 14:53:00,210.88,210.9,210.88,210.9,0.01,18.21,3837.5,1
2023-10-18,2023-10-18 14:54:00,210.9,210.92,210.9,210.92,0.01,18.21,3837.5,1
2023-10-18,2023-10-18 14:55:00,210.92,210.93,210.92,210.93,0.0,18.21,3837.5,1
2023-10-18,2023-10-18 14:56:00,210.93,210.95,210.93,210.95,0.01,18.21,3837.5,1
2023-10-18,2023-10-18 14:57:00,210.95,210.97,210.95,210.97,0.01,18.21,3837.5,1
2023-10-18,2023-10-18 14:58:00,210.97,210.98,210.97,210.98,0.0,18.21,3837.5,1
2023-10-18,2023-10-18 14:59:00,210.98,211.0,210.98,211.0,0.01,18.21,3837.5,1
2023-10-18,2023-10-18 15:00:00,211.0,213.0,206.1,211.0,0.0,18.21,3837.5,0
2023-10-19,2023-10-19 11:00:00,207.1,208.3,206.71,207.11,0.0,14.53,3021.09,1
2023-10-19,2023-10-19 11:01:00,207.11,207.13,207.11,207.13,0.01,14.53,3021.09,1
2023-10-19,2023-10-19 11:02:00,207.13,207.14,207.13,207.14,0.0,14.53,3021.09,1
2023-10-19,2023-10-19 11:03:00,207.14,207.16,207.14,207.16,0.01,14.53,3021.09,1
2023-10-19,2023-10-19 11:04:00,207.16,207.17,207.16,207.17,0.0,14.53,3021.09,1
2023-10-19,2023-10-19 11:05:00,207.17,207.19,207.17,207.19,0.01,14.53,3021.09,1
2023-10-19,2023-10-19 11:06:00,207.19,207.2,207.19,207.2,0.0,14.53,3021.09,1
2023-10-19,2023-10-19 11:07:00,207.2,207.22,207.2,207.22,0.01,14.53,3021.09,1
2023-10-19,2023-10-19 11:08:00,207.22,207.23,207.22,207.23,0.0,14.53,3021.09,1
2023-10-19,2023-10-19 11:09:00,207.23,207.25,207.23,207.25,0.01,14.53,3021.09,1
2023-10-19,2023-10-19 11:10:00,207.25,207.26,207.25,207.26,0.0,14.53,3021.09,1
2023-10-19,2023-10-19 11:11:00,207.26,207.28,207.26,207.28,0.01,14.53,3021.09,1
2023-10-19,2023-10-19 11:12:00,207.28,207.29,207.28,207.29,0.0,14.53,3021.09,1
2023-10-19,2023-10-19 11:13:00,207.29,207.3,207.29,207.3,0.0,14.53,3021.09,1
2023-10-19,2023-10-19 11:14:00,207.3,207.32,207.3,207.32,0.01,14.53,3021.09,1
2023-10-19,2023-10-19 11:15:00,207.32,207.33,207.32,207.33,0.0,14.53,3021.09,1
2023-10-19,2023-10-19 11:16:00,207.33,207.35,207.33,207.35,0.01,14.53,3021.09,1
2023-10-19,2023-10-19 11:17:00,207.35,207.36,207.35,207.36,0.0,14.53,3021.09,1
2023-10-19,2023-10-19 11:18:00,207.36,207.38,207.36,207.38,0.01,14.53,3021.09,1
2023-10-19,2023-10-19 11:19:00,207.38,207.39,207.38,207.39,0.0,14.53,3021.09,1
2023-10-19,2023-10-19 11:20:00,207.39,207.41,207.39,207.41,0.01,14.53,3021.09,1
2023-10-19,2023-10-19 11:21:00,207.41,207.42,207.41,207.42,0.0,14.53,3021.09,1
2023-10-19,2023-10-19 11:22:00,207.42,207.44,207.42,207.44,0.01,14.53,3021.09,1
2023-10-19,2023-10-19 11:23:00,207.44,207.45,207.44,207.45,0.0,14.53,3021.09,1
2023-10-19,2023-10-19 11:24:00,207.45,207.46,207.45,207.46,0.0,14.53,3021.09,1
2023-10-19,2023-10-19 11:25:00,207.46,207.48,207.46,207.48,0.01,14.53,3021.09,1
2023-10-19,2023-10-19 11:26:00,207.48,207.49,207.48,207.49,0.0,14.53,3021.09,1
2023-10-19,2023-10-19 11:27:00,207.49,207.51,207.49,207.51,0.01,14.53,3021.09,1
2023-10-19,2023-10-19 11:28:00,207.51,207.52,207.51,207.52,0.0,14.53,3021.09,1
2023-10-19,2023-10-19 11:29:00,207.52,207.54,207.52,207.54,0.01,14.53,3021.09,1
2023-10-19,2023-10-19 11:30:00,207.54,207.55,207.54,207.55,0.0,14.53,3021.09,1
2023-10-19,2023-10-19 11:31:00,207.55,207.57,207.55,207.57,0.01,14.53,3021.09,1
2023-10-19,2023-10-19 11:32:00,207.57,207.58,207.57,207.58,0.0,14.53,3021.09,1
2023-10-19,2023-10-19 11:33:00,207.58,207.6,207.58,207.6,0.01,14.53,3021.09,1
2023-10-19,2023-10-19 11:34:00,207.6,207.61,207.6,207.61,0.0,14.53,3021.09,1
2023-10-19,2023-10-19 11:35:00,207.61,207.62,207.61,207.62,0.0,14.53,3021.09,1
2023-10-19,2023-10-19 11:36:00,207.62,207.64,207.62,207.64,0.01,14.53,3021.09,1
2023-10-19,2023-10-19 11:37:00,207.64,207.65,207.64,207.65,0.0,14.53,3021.09,1
2023-10-19,2023-10-19 11:38:00,207.65,207.67,207.65,207.67,0.01,14.53,3021.09,1
2023-10-19,2023-10-19 11:39:00,207.67,207.68,207.67,207.68,0.0,14.53,3021.09,1
2023-10-19,2023-10-19 11:40:00,207.68,207.7,207.68,207.7,0.01,14.53,3021.09,1
2023-10-19,2023-10-19 11:41:00,207.7,207.71,207.7,207.71,0.0,14.53,3021.09,1
2023-10-19,2023-10-19 11:42:00,207.71,207.73,207.71,207.73,0.01,14.53,3021.09,1
2023-10-19,2023-10-19 11:43:00,207.73,207.74,207.73,207.74,0.0,14.53,3021.09,1
2023-10-19,2023-10-19 11:44:00,207.74,207.76,207.74,207.76,0.01,14.53,3021.09,1
2023-10-19,2023-10-19 11:45:00,207.76,207.77,207.76,207.77,0.0,14.53,3021.09,1
2023-10-19,2023-10-19 11:46:00,207.77,207.79,207.77,207.79,0.01,14.53,3021.09,1
2023-10-19,2023-10-19 11:47:00,207.79,207.8,207.79,207.8,0.0,14.53,3021.09,1
2023-10-19,2023-10-19 11:48:00,207.8,207.81,207.8,207.81,0.0,14.53,3021.09,1
2023-10-19,2023-10-19 11:49:00,207.81,207.83,207.81,207.83,0.01,14.53,3021.09,1
2023-10-19,2023-10-19 11:50:00,207.83,207.84,207.83,207.84,0.0,14.53,3021.09,1
2023-10-19,2023-10-19 11:51:00,207.84,207.86,207.84,207.86,0.01,14.53,3021.09,1
2023-10-19,2023-10-19 11:52:00,207.86,207.87,207.86,207.87,0.0,14.53,3021.09,1
2023-10-19,2023-10-19 11:53:00,207.87,207.89,207.87,207.89,0.01,14.53,3021.09,1
2023-10-19,2023-10-19 11:54:00,207.89,207.9,207.89,207.9,0.0,14.53,3021.09,1
2023-10-19,2023-10-19 11:55:00,207.9,207.92,207.9,207.92,0.01,14.53,3021.09,1
2023-10-19,2023-10-19 11:56:00,207.92,207.93,207.92,207.93,0.0,14.53,3021.09,1
2023-10-19,2023-10-19 11:57:00,207.93,207.95,207.93,207.95,0.01,14.53,3021.09,1
2023-10-19,2023-10-19 11:58:00,207.95,207.96,207.95,207.96,0.0,14.53,3021.09,1
2023-10-19,2023-10-19 11:59:00,207.96,207.97,207.96,207.97,0.0,14.53,3021.09,1
2023-10-19,2023-10-19 12:00:00,207.97,207.99,207.97,207.99,0.01,14.53,3021.09,1
2023-10-19,2023-10-19 12:01:00,207.99,208.0,207.99,208.0,0.0,14.53,3021.09,1
2023-10-19,2023-10-19 12:02:00,208.0,208.02,208.0,208.02,0.01,14.53,3021.09,1
2023-10-19,2023-10-19 12:03:00,208.02,208.03,208.02,208.03,0.0,14.53,3021.09,1
2023-10-19,2023-10-19 12:04:00,208.03,208.05,208.03,208.05,0.01,14.53,3021.09,1
2023-10-19,2023-10-19 12:05:00,208.05,208.06,208.05,208.06,0.0,14.53,3021.09,1
2023-10-19,2023-10-19 12:06:00,208.06,208.08,208.06,208.08,0.01,14.53,3021.09,1
2023-10-19,2023-10-19 12:07:00,208.08,208.09,208.08,208.09,0.0,14.53,3021.09,1
2023-10-19,2023-10-19 12:08:00,208.09,208.11,208.09,208.11,0.01,14.53,3021.09,1
2023-10-19,2023-10-19 12:09:00,208.11,208.12,208.11,208.12,0.0,14.53,3021.09,1
2023-10-19,2023-10-19 12:10:00,208.12,208.14,208.12,208.14,0.01,14.53,3021.09,1
2023-10-19,2023-10-19 12:11:00,208.14,208.15,208.14,208.15,0.0,14.53,3021.09,1
2023-10-19,2023-10-19 12:12:00,208.15,208.16,208.15,208.16,0.0,14.53,3021.09,1
2023-10-19,2023-10-19 12:13:00,208.16,208.18,208.16,208.18,0.01,14.53,3021.09,1
2023-10-19,2023-10-19 12:14:00,208.18,208.19,208.18,208.19,0.0,14.53,3021.09,1
2023-10-19,2023-10-19 12:15:00,208.19,208.21,208.19,208.21,0.01,14.53,3021.09,1
2023-10-19,2023-10-19 12:16:00,208.21,208.22,208.21,208.22,0.0,14.53,3021.09,1
2023-10-19,2023-10-19 12:17:00,208.22,208.24,208.22,208.24,0.01,14.53,3021.09,1
2023-10-19,2023-10-19 12:18:00,208.24,208.25,208.24,208.25,0.0,14.53,3021.09,1
2023-10-19,2023-10-19 12:19:00,208.25,208.27,208.25,208.27,0.01,14.53,3021.09,1
2023-10-19,2023-10-19 12:20:00,208.27,208.28,208.27,208.28,0.0,14.53,3021.09,1
2023-10-19,2023-10-19 12:21:00,208.28,208.3,208.28,208.3,0.01,14.53,3021.09,1
2023-10-19,2023-10-19 12:22:00,208.3,208.31,208.3,208.31,0.0,14.53,3021.09,1
2023-10-19,2023-10-19 12:23:00,208.31,208.32,208.31,208.32,0.0,14.53,3021.09,1
2023-10-19,2023-10-19 12:24:00,208.32,208.34,208.32,208.34,0.01,14.53,3021.09,1
2023-10-19,2023-10-19 12:25:00,208.34,208.35,208.34,208.35,0.0,14.53,3021.09,1
2023-10-19,2023-10-19 12:26:00,208.35,208.37,208.35,208.37,0.01,14.53,3021.09,1
2023-10-19,2023-10-19 12:27:00,208.37,208.38,208.37,208.38,0.0,14.53,3021.09,1
2023-10-19,2023-10-19 12:28:00,208.38,208.4,208.38,208.4,0.01,14.53,3021.09,1
2023-10-19,2023-10-19 12:29:00,208.4,208.41,208.4,208.41,0.0,14.53,3021.09,1
2023-10-19,2023-10-19 12:30:00,208.41,208.43,208.41,208.43,0.01,14.53,3021.09,1
2023-10-19,2023-10-19 12:31:00,208.43,208.44,208.43,208.44,0.0,14.53,3021.09,1
2023-10-19,2023-10-19 12:32:00,208.44,208.46,208.44,208.46,0.01,14.53,3021.09,1
2023-10-19,2023-10-19 12:33:00,208.46,208.47,208.46,208.47,0.0,14.53,3021.09,1
2023-10-19,2023-10-19 12:34:00,208.47,208.49,208.47,208.49,0.01,14.53,3021.09,1
2023-10-19,2023-10-19 12:35:00,208.49,208.5,208.49,208.5,0.0,14.53,3021.09,1
2023-10-19,2023-10-19 12:36:00,208.5,208.51,208.5,208.51,0.0,14.53,3021.09,1
2023-10-19,2023-10-19 12:37:00,208.51,208.53,208.51,208.53,0.01,14.53,3021.09,1
2023-10-19,2023-10-19 12:38:00,208.53,208.54,208.53,208.54,0.0,14.53,3021.09,1
2023-10-19,2023-10-19 12:39:00,208.54,208.56,208.54,208.56,0.01,14.53,3021.09,1
2023-10-19,2023-10-19 12:40:00,208.56,208.57,208.56,208.57,0.0,14.53,3021.09,1
2023-10-19,2023-10-19 12:41:00,208.57,208.59,208.57,208.59,0.01,14.53,3021.09,1
2023-10-19,2023-10-19 12:42:00,208.59,208.6,208.59,208.6,0.0,14.53,3021.09,1
2023-10-19,2023-10-19 12:43:00,208.6,208.62,208.6,208.62,0.01,14.53,3021.09,1
2023-10-19,2023-10-19 12:44:00,208.62,208.63,208.62,208.63,0.0,14.53,3021.09,1
2023-10-19,2023-10-19 12:45:00,208.63,208.65,208.63,208.65,0.01,14.53,3021.09,1
2023-10-19,2023-10-19 12:46:00,208.65,208.66,208.65,208.66,0.0,14.53,3021.09,1
2023-10-19,2023-10-19 12:47:00,208.66,208.67,208.66,208.67,0.0,14.53,3021.09,1
2023-10-19,2023-10-19 12:48:00,208.67,208.69,208.67,208.69,0.01,14.53,3021.09,1
2023-10-19,2023-10-19 12:49:00,208.69,208.7,208.69,208.7,0.0,14.53,3021.09,1
2023-10-19,2023-10-19 12:50:00,208.7,208.72,208.7,208.72,0.01,14.53,3021.09,1
2023-10-19,2023-10-19 12:51:00,208.72,208.73,208.72,208.73,0.0,14.53,3021.09,1
2023-10-19,2023-10-19 12:52:00,208.73,208.75,208.73,208.75,0.01,14.53,3021.09,1
2023-10-19,2023-10-19 12:53:00,208.75,208.76,208.75,208.76,0.0,14.53,3021.09,1
2023-10-19,2023-10-19 12:54:00,208.76,208.78,208.76,208.78,0.01,14.53,3021.09,1
2023-10-19,2023-10-19 12:55:00,208.78,208.79,208.78,208.79,0.0,14.53,3021.09,1
2023-10-19,2023-10-19 12:56:00,208.79,208.81,208.79,208.81,0.01,14.53,3021.09,1
2023-10-19,2023-10-19 12:57:00,208.81,208.82,208.81,208.82,0.0,14.53,3021.09,1
2023-10-19,2023-10-19 12:58:00,208.82,208.84,208.82,208.84,0.01,14.53,3021.09,1
2023-10-19,2023-10-19 12:59:00,208.84,208.85,208.84,208.85,0.0,14.53,3021.09,1
2023-10-19,2023-10-19 13:00:00,208.85,211.1,205.8,208.86,0.0,14.53,3021.09,1
2023-10-19,2023-10-19 13:01:00,208.86,208.88,208.86,208.88,0.01,14.53,3021.09,1
2023-10-19,2023-10-19 13:02:00,208.88,208.89,208.88,208.89,0.0,14.53,3021.09,1
2023-10-19,2023-10-19 13:03:00,208.89,208.91,208.89,208.91,0.01,14.53,3021.09,1
2023-10-19,2023-10-19 13:04:00,208.91,208.92,208.91,208.92,0.0,14.53,3021.09,1
2023-10-19,2023-10-19 13:05:00,208.92,208.94,208.92,208.94,0.01,14.53,3021.09,1
2023-10-19,2023-10-19 13:06:00,208.94,208.95,208.94,208.95,0.0,14.53,3021.09,1
2023-10-19,2023-10-19 13:07:00,208.95,208.97,208.95,208.97,0.01,14.53,3021.09,1
2023-10-19,2023-10-19 13:08:00,208.97,208.98,208.97,208.98,0.0,14.53,3021.09,1
2023-10-19,2023-10-19 13:09:00,208.98,209.0,208.98,209.0,0.01,14.53,3021.09,1
2023-10-19,2023-10-19 13:10:00,209.0,209.01,209.0,209.01,0.0,14.53,3021.09,1
2023-10-19,2023-10-19 13:11:00,209.01,209.03,209.01,209.03,0.01,14.53,3021.09,1
2023-10-19,2023-10-19 13:12:00,209.03,209.04,209.03,209.04,0.0,14.53,3021.09,1
2023-10-19,2023-10-19 13:13:00,209.04,209.05,209.04,209.05,0.0,14.53,3021.09,1
2023-10-19,2023-10-19 13:14:00,209.05,209.07,209.05,209.07,0.01,14.53,3021.09,1
2023-10-19,2023-10-19 13:15:00,209.07,209.08,209.07,209.08,0.0,14.53,3021.09,1
2023-10-19,2023-10-19 13:16:00,209.08,209.1,209.08,209.1,0.01,14.53,3021.09,1
2023-10-19,2023-10-19 13:17:00,209.1,209.11,209.1,209.11,0.0,14.53,3021.09,1
2023-10-19,2023-10-19 13:18:00,209.11,209.13,209.11,209.13,0.01,14.53,3021.09,1
2023-10-19,2023-10-19 13:19:00,209.13,209.14,209.13,209.14,0.0,14.53,3021.09,1
2023-10-19,2023-10-19 13:20:00,209.14,209.16,209.14,209.16,0.01,14.53,3021.09,1
2023-10-19,2023-10-19 13:21:00,209.16,209.17,209.16,209.17,0.0,14.53,3021.09,1
2023-10-19,2023-10-19 13:22:00,209.17,209.19,209.17,209.19,0.01,14.53,3021.09,1
2023-10-19,2023-10-19 13:23:00,209.19,209.2,209.19,209.2,0.0,14.53,3021.09,1
2023-10-19,2023-10-19 13:24:00,209.2,209.21,209.2,209.21,0.0,14.53,3021.09,1
2023-10-19,2023-10-19 13:25:00,209.21,209.23,209.21,209.23,0.01,14.53,3021.09,1
2023-10-19,2023-10-19 13:26:00,209.23,209.24,209.23,209.24,0.0,14.53,3021.09,1
2023-10-19,2023-10-19 13:27:00,209.24,209.26,209.24,209.26,0.01,14.53,3021.09,1
2023-10-19,2023-10-19 13:28:00,209.26,209.27,209.26,209.27,0.0,14.53,3021.09,1
2023-10-19,2023-10-19 13:29:00,209.27,209.29,209.27,209.29,0.01,14.53,3021.09,1
2023-10-19,2023-10-19 13:30:00,209.29,209.3,209.29,209.3,0.0,14.53,3021.09,1
2023-10-19,2023-10-19 13:31:00,209.3,209.32,209.3,209.32,0.01,14.53,3021.09,1
2023-10-19,2023-10-19 13:32:00,209.32,209.33,209.32,209.33,0.0,14.53,3021.09,1
2023-10-19,2023-10-19 13:33:00,209.33,209.35,209.33,209.35,0.01,14.53,3021.09,1
2023-10-19,2023-10-19 13:34:00,209.35,209.36,209.35,209.36,0.0,14.53,3021.09,1
2023-10-19,2023-10-19 13:35:00,209.36,209.38,209.36,209.38,0.01,14.53,3021.09,1
2023-10-19,2023-10-19 13:36:00,209.38,209.39,209.38,209.39,0.0,14.53,3021.09,1
2023-10-19,2023-10-19 13:37:00,209.39,209.4,209.39,209.4,0.0,14.53,3021.09,1
2023-10-19,2023-10-19 13:38:00,209.4,209.42,209.4,209.42,0.01,14.53,3021.09,1
2023-10-19,2023-10-19 13:39:00,209.42,209.43,209.42,209.43,0.0,14.53,3021.09,1
2023-10-19,2023-10-19 13:40:00,209.43,209.45,209.43,209.45,0.01,14.53,3021.09,1
2023-10-19,2023-10-19 13:41:00,209.45,209.46,209.45,209.46,0.0,14.53,3021.09,1
2023-10-19,2023-10-19 13:42:00,209.46,209.48,209.46,209.48,0.01,14.53,3021.09,1
2023-10-19,2023-10-19 13:43:00,209.48,209.49,209.48,209.49,0.0,14.53,3021.09,1
2023-10-19,2023-10-19 13:44:00,209.49,209.51,209.49,209.51,0.01,14.53,3021.09,1
2023-10-19,2023-10-19 13:45:00,209.51,209.52,209.51,209.52,0.0,14.53,3021.09,1
2023-10-19,2023-10-19 13:46:00,209.52,209.54,209.52,209.54,0.01,14.53,3021.09,1
2023-10-19,2023-10-19 13:47:00,209.54,209.55,209.54,209.55,0.0,14.53,3021.09,1
2023-10-19,2023-10-19 13:48:00,209.55,209.56,209.55,209.56,0.0,14.53,3021.09,1
2023-10-19,2023-10-19 13:49:00,209.56,209.58,209.56,209.58,0.01,14.53,3021.09,1
2023-10-19,2023-10-19 13:50:00,209.58,209.59,209.58,209.59,0.0,14.53,3021.09,1
2023-10-19,2023-10-19 13:51:00,209.59,209.61,209.59,209.61,0.01,14.53,3021.09,1
2023-10-19,2023-10-19 13:52:00,209.61,209.62,209.61,209.62,0.0,14.53,3021.09,1
2023-10-19,2023-10-19 13:53:00,209.62,209.64,209.62,209.64,0.01,14.53,3021.09,1
2023-10-19,2023-10-19 13:54:00,209.64,209.65,209.64,209.65,0.0,14.53,3021.09,1
2023-10-19,2023-10-19 13:55:00,209.65,209.67,209.65,209.67,0.01,14.53,3021.09,1
2023-10-19,2023-10-19 13:56:00,209.67,209.68,209.67,209.68,0.0,14.53,3021.09,1
2023-10-19,2023-10-19 13:57:00,209.68,209.7,209.68,209.7,0.01,14.53,3021.09,1
2023-10-19,2023-10-19 13:58:00,209.7,209.71,209.7,209.71,0.0,14.53,3021.09,1
2023-10-19,2023-10-19 13:59:00,209.71,209.72,209.71,209.72,0.0,14.53,3021.09,1
2023-10-19,2023-10-19 14:00:00,209.72,209.74,209.72,209.74,0.01,14.53,3021.09,1
2023-10-19,2023-10-19 14:01:00,209.74,209.75,209.74,209.75,0.0,14.53,3021.09,1
2023-10-19,2023-10-19 14:02:00,209.75,209.77,209.75,209.77,0.01,14.53,3021.09,1
2023-10-19,2023-10-19 14:03:00,209.77,209.78,209.77,209.78,0.0,14.53,3021.09,1
2023-10-19,2023-10-19 14:04:00,209.78,209.8,209.78,209.8,0.01,14.53,3021.09,1
2023-10-19,2023-10-19 14:05:00,209.8,209.81,209.8,209.81,0.0,14.53,3021.09,1
2023-10-19,2023-10-19 14:06:00,209.81,209.83,209.81,209.83,0.01,14.53,3021.09,1
2023-10-19,2023-10-19 14:07:00,209.83,209.84,209.83,209.84,0.0,14.53,3021.09,1
2023-10-19,2023-10-19 14:08:00,209.84,209.86,209.84,209.86,0.01,14.53,3021.09,1
2023-10-19,2023-10-19 14:09:00,209.86,209.87,209.86,209.87,0.0,14.53,3021.09,1
2023-10-19,2023-10-19 14:10:00,209.87,209.89,209.87,209.89,0.01,14.53,3021.09,1
2023-10-19,2023-10-19 14:11:00,209.89,209.9,209.89,209.9,0.0,14.53,3021.09,1
2023-10-19,2023-10-19 14:12:00,209.9,209.91,209.9,209.91,0.0,14.53,3021.09,1
2023-10-19,2023-10-19 14:13:00,209.91,209.93,209.91,209.93,0.01,14.53,3021.09,1
2023-10-19,2023-10-19 14:14:00,209.93,209.94,209.93,209.94,0.0,14.53,3021.09,1
2023-10-19,2023-10-19 14:15:00,209.94,209.96,209.94,209.96,0.01,14.53,3021.09,1
2023-10-19,2023-10-19 14:16:00,209.96,209.97,209.96,209.97,0.0,14.53,3021.09,1
2023-10-19,2023-10-19 14:17:00,209.97,209.99,209.97,209.99,0.01,14.53,3021.09,1
2023-10-19,2023-10-19 14:18:00,209.99,210.0,209.99,210.0,0.0,14.53,3021.09,1
2023-10-19,2023-10-19 14:19:00,210.0,210.02,210.0,210.02,0.01,14.53,3021.09,1
2023-10-19,2023-10-19 14:20:00,210.02,210.03,210.02,210.03,0.0,14.53,3021.09,1
2023-10-19,2023-10-19 14:21:00,210.03,210.05,210.03,210.05,0.01,14.53,3021.09,1
2023-10-19,2023-10-19 14:22:00,210.05,210.06,210.05,210.06,0.0,14.53,3021.09,1
2023-10-19,2023-10-19 14:23:00,210.06,210.07,210.06,210.07,0.0,14.53,3021.09,1
2023-10-19,2023-10-19 14:24:00,210.07,210.09,210.07,210.09,0.01,14.53,3021.09,1
2023-10-19,2023-10-19 14:25:00,210.09,210.1,210.09,210.1,0.0,14.53,3021.09,1
2023-10-19,2023-10-19 14:26:00,210.1,210.12,210.1,210.12,0.01,14.53,3021.09,1
2023-10-19,2023-10-19 14:27:00,210.12,210.13,210.12,210.13,0.0,14.53,3021.09,1
2023-10-19,2023-10-19 14:28:00,210.13,210.15,210.13,210.15,0.01,14.53,3021.09,1
2023-10-19,2023-10-19 14:29:00,210.15,210.16,210.15,210.16,0.0,14.53,3021.09,1
2023-10-19,2023-10-19 14:30:00,210.16,210.18,210.16,210.18,0.01,14.53,3021.09,1
2023-10-19,2023-10-19 14:31:00,210.18,210.19,210.18,210.19,0.0,14.53,3021.09,1
2023-10-19,2023-10-19 14:32:00,210.19,210.21,210.19,210.21,0.01,14.53,3021.09,1
2023-10-19,2023-10-19 14:33:00,210.21,210.22,210.21,210.22,0.0,14.53,3021.09,1
2023-10-19,2023-10-19 14:34:00,210.22,210.24,210.22,210.24,0.01,14.53,3021.09,1
2023-10-19,2023-10-19 14:35:00,210.24,210.25,210.24,210.25,0.0,14.53,3021.09,1
2023-10-19,2023-10-19 14:36:00,210.25,210.26,210.25,210.26,0.0,14.53,3021.09,1
2023-10-19,2023-10-19 14:37:00,210.26,210.28,210.26,210.28,0.01,14.53,3021.09,1
2023-10-19,2023-10-19 14:38:00,210.28,210.29,210.28,210.29,0.0,14.53,3021.09,1
2023-10-19,2023-10-19 14:39:00,210.29,210.31,210.29,210.31,0.01,14.53,3021.09,1
2023-10-19,2023-10-19 14:40:00,210.31,210.32,210.31,210.32,0.0,14.53,3021.09,1
2023-10-19,2023-10-19 14:41:00,210.32,210.34,210.32,210.34,0.01,14.53,3021.09,1
2023-10-19,2023-10-19 14:42:00,210.34,210.35,210.34,210.35,0.0,14.53,3021.09,1
2023-10-19,2023-10-19 14:43:00,210.35,210.37,210.35,210.37,0.01,14.53,3021.09,1
2023-10-19,2023-10-19 14:44:00,210.37,210.38,210.37,210.38,0.0,14.53,3021.09,1
2023-10-19,2023-10-19 14:45:00,210.38,210.4,210.38,210.4,0.01,14.53,3021.09,1
2023-10-19,2023-10-19 14:46:00,210.4,210.41,210.4,210.41,0.0,14.53,3021.09,1
2023-10-19,2023-10-19 14:47:00,210.41,210.42,210.41,210.42,0.0,14.53,3021.09,1
2023-10-19,2023-10-19 14:48:00,210.42,210.44,210.42,210.44,0.01,14.53,3021.09,1
2023-10-19,2023-10-19 14:49:00,210.44,210.45,210.44,210.45,0.0,14.53,3021.09,1
2023-10-19,2023-10-19 14:50:00,210.45,210.47,210.45,210.47,0.01,14.53,3021.09,1
2023-10-19,2023-10-19 14:51:00,210.47,210.48,210.47,210.48,0.0,14.53,3021.09,1
2023-10-19,2023-10-19 14:52:00,210.48,210.5,210.48,210.5,0.01,14.53,3021.09,1
2023-10-19,2023-10-19 14:53:00,210.5,210.51,210.5,210.51,0.0,14.53,3021.09,1
2023-10-19,2023-10-19 14:54:00,210.51,210.53,210.51,210.53,0.01,14.53,3021.09,1
2023-10-19,2023-10-19 14:55:00,210.53,210.54,210.53,210.54,0.0,14.53,3021.09,1
2023-10-19,2023-10-19 14:56:00,210.54,210.56,210.54,210.56,0.01,14.53,3021.09,1
2023-10-19,2023-10-19 14:57:00,210.56,210.57,210.56,210.57,0.0,14.53,3021.09,1
2023-10-19,2023-10-19 14:58:00,210.57,210.59,210.57,210.59,0.01,14.53,3021.09,1
2023-10-19,2023-10-19 14:59:00,210.59,210.6,210.59,210.6,0.0,14.53,3021.09,1
2023-10-19,2023-10-19 15:00:00,210.6,211.1,205.8,210.6,0.0,14.53,3021.09,0
2023-10-29,2023-10-29 11:00:00,206.4,206.58,204.48,206.4,0.0,10.46,2119.99,0
2023-10-29,2023-10-29 11:01:00,206.4,206.41,206.4,206.41,0.0,10.46,2119.99,1
2023-10-29,2023-10-29 11:02:00,206.41,206.41,206.41,206.41,0.0,10.46,2119.99,0
2023-10-29,2023-10-29 11:03:00,206.41,206.41,206.41,206.41,0.0,10.46,2119.99,0
2023-10-29,2023-10-29 11:04:00,206.41,206.41,206.41,206.41,0.0,10.46,2119.99,0
2023-10-29,2023-10-29 11:05:00,206.41,206.41,206.41,206.41,0.0,10.46,2119.99,0
2023-10-29,2023-10-29 11:06:00,206.41,206.42,206.41,206.42,0.0,10.46,2119.99,1
2023-10-29,2023-10-29 11:07:00,206.42,206.42,206.42,206.42,0.0,10.46,2119.99,0
2023-10-29,2023-10-29 11:08:00,206.42,206.42,206.42,206.42,0.0,10.46,2119.99,0
2023-10-29,2023-10-29 11:09:00,206.42,206.43,206.42,206.43,0.0,10.46,2119.99,1
2023-10-29,2023-10-29 11:10:00,206.43,206.43,206.43,206.43,0.0,10.46,2119.99,0
2023-10-29,2023-10-29 11:11:00,206.43,206.43,206.43,206.43,0.0,10.46,2119.99,0
2023-10-29,2023-10-29 11:12:00,206.43,206.43,206.43,206.43,0.0,10.46,2119.99,0
2023-10-29,2023-10-29 11:13:00,206.43,206.44,206.43,206.44,0.0,10.46,2119.99,1
2023-10-29,2023-10-29 11:14:00,206.44,206.44,206.44,206.44,0.0,10.46,2119.99,0
2023-10-29,2023-10-29 11:15:00,206.44,206.44,206.44,206.44,0.0,10.46,2119.99,0
2023-10-29,2023-10-29 11:16:00,206.44,206.44,206.44,206.44,0.0,10.46,2119.99,0
2023-10-29,2023-10-29 11:17:00,206.44,206.44,206.44,206.44,0.0,10.46,2119.99,0
2023-10-29,2023-10-29 11:18:00,206.44,206.45,206.44,206.45,0.0,10.46,2119.99,1
2023-10-29,2023-10-29 11:19:00,206.45,206.45,206.45,206.45,0.0,10.46,2119.99,0
2023-10-29,2023-10-29 11:20:00,206.45,206.45,206.45,206.45,0.0,10.46,2119.99,0
2023-10-29,2023-10-29 11:21:00,206.45,206.46,206.45,206.46,0.0,10.46,2119.99,1
2023-10-29,2023-10-29 11:22:00,206.46,206.46,206.46,206.46,0.0,10.46,2119.99,0
2023-10-29,2023-10-29 11:23:00,206.46,206.46,206.46,206.46,0.0,10.46,2119.99,0
2023-10-29,2023-10-29 11:24:00,206.46,206.46,206.46,206.46,0.0,10.46,2119.99,0
2023-10-29,2023-10-29 11:25:00,206.46,206.47,206.46,206.47,0.0,10.46,2119.99,1
2023-10-29,2023-10-29 11:26:00,206.47,206.47,206.47,206.47,0.0,10.46,2119.99,0
2023-10-29,2023-10-29 11:27:00,206.47,206.47,206.47,206.47,0.0,10.46,2119.99,0
2023-10-29,2023-10-29 11:28:00,206.47,206.47,206.47,206.47,0.0,10.46,2119.99,0
2023-10-29,2023-10-29 11:29:00,206.47,206.47,206.47,206.47,0.0,10.46,2119.99,0
2023-10-29,2023-10-29 11:30:00,206.47,206.48,206.47,206.48,0.0,10.46,2119.99,1
2023-10-29,2023-10-29 11:31:00,206.48,206.48,206.48,206.48,0.0,10.46,2119.99,0
2023-10-29,2023-10-29 11:32:00,206.48,206.48,206.48,206.48,0.0,10.46,2119.99,0
2023-10-29,2023-10-29 11:33:00,206.48,206.49,206.48,206.49,0.0,10.46,2119.99,1
2023-10-29,2023-10-29 11:34:00,206.49,206.49,206.49,206.49,0.0,10.46,2119.99,0
2023-10-29,2023-10-29 11:35:00,206.49,206.49,206.49,206.49,0.0,10.46,2119.99,0
2023-10-29,2023-10-29 11:36:00,206.49,206.49,206.49,206.49,0.0,10.46,2119.99,0
2023-10-29,2023-10-29 11:37:00,206.49,206.5,206.49,206.5,0.0,10.46,2119.99,1
2023-10-29,2023-10-29 11:38:00,206.5,206.5,206.5,206.5,0.0,10.46,2119.99,0
2023-10-29,2023-10-29 11:39:00,206.5,206.5,206.5,206.5,0.0,10.46,2119.99,0
2023-10-29,2023-10-29 11:40:00,206.5,206.5,206.5,206.5,0.0,10.46,2119.99,0
2023-10-29,2023-10-29 11:41:00,206.5,206.5,206.5,206.5,0.0,10.46,2119.99,0
2023-10-29,2023-10-29 11:42:00,206.5,206.51,206.5,206.51,0.0,10.46,2119.99,1
2023-10-29,2023-10-29 11:43:00,206.51,206.51,206.51,206.51,0.0,10.46,2119.99,0
2023-10-29,2023-10-29 11:44:00,206.51,206.51,206.51,206.51,0.0,10.46,2119.99,0
2023-10-29,2023-10-29 11:45:00,206.51,206.52,206.51,206.52,0.0,10.46,2119.99,1
2023-10-29,2023-10-29 11:46:00,206.52,206.52,206.52,206.52,0.0,10.46,2119.99,0
2023-10-29,2023-10-29 11:47:00,206.52,206.52,206.52,206.52,0.0,10.46,2119.99,0
2023-10-29,2023-10-29 11:48:00,206.52,206.52,206.52,206.52,0.0,10.46,2119.99,0
2023-10-29,2023-10-29 11:49:00,206.52,206.53,206.52,206.53,0.0,10.46,2119.99,1
2023-10-29,2023-10-29 11:50:00,206.53,206.53,206.53,206.53,0.0,10.46,2119.99,0
2023-10-29,2023-10-29 11:51:00,206.53,206.53,206.53,206.53,0.0,10.46,2119.99,0
2023-10-29,2023-10-29 11:52:00,206.53,206.53,206.53,206.53,0.0,10.46,2119.99,0
2023-10-29,2023-10-29 11:53:00,206.53,206.53,206.53,206.53,0.0,10.46,2119.99,0
2023-10-29,2023-10-29 11:54:00,206.53,206.54,206.53,206.54,0.0,10.46,2119.99,1
2023-10-29,2023-10-29 11:55:00,206.54,206.54,206.54,206.54,0.0,10.46,2119.99,0
2023-10-29,2023-10-29 11:56:00,206.54,206.54,206.54,206.54,0.0,10.46,2119.99,0
2023-10-29,2023-10-29 11:57:00,206.54,206.55,206.54,206.55,0.0,10.46,2119.99,1
2023-10-29,2023-10-29 11:58:00,206.55,206.55,206.55,206.55,0.0,10.46,2119.99,0
2023-10-29,2023-10-29 11:59:00,206.55,206.55,206.55,206.55,0.0,10.46,2119.99,0
2023-10-29,2023-10-29 12:00:00,206.55,206.55,206.55,206.55,0.0,10.46,2119.99,0
2023-10-29,2023-10-29 12:01:00,206.55,206.56,206.55,206.56,0.0,10.46,2119.99,1
2023-10-29,2023-10-29 12:02:00,206.56,206.56,206.56,206.56,0.0,10.46,2119.99,0
2023-10-29,2023-10-29 12:03:00,206.56,206.56,206.56,206.56,0.0,10.46,2119.99,0
2023-10-29,2023-10-29 12:04:00,206.56,206.56,206.56,206.56,0.0,10.46,2119.99,0
2023-10-29,2023-10-29 12:05:00,206.56,206.56,206.56,206.56,0.0,10.46,2119.99,0
2023-10-29,2023-10-29 12:06:00,206.56,206.57,206.56,206.57,0.0,10.46,2119.99,1
2023-10-29,2023-10-29 12:07:00,206.57,206.57,206.57,206.57,0.0,10.46,2119.99,0
2023-10-29,2023-10-29 12:08:00,206.57,206.57,206.57,206.57,0.0,10.46,2119.99,0
2023-10-29,2023-10-29 12:09:00,206.57,206.58,206.57,206.58,0.0,10.46,2119.99,1
2023-10-29,2023-10-29 12:10:00,206.58,206.58,206.58,206.58,0.0,10.46,2119.99,0
2023-10-29,2023-10-29 12:11:00,206.58,206.58,206.58,206.58,0.0,10.46,2119.99,0
2023-10-29,2023-10-29 12:12:00,206.58,206.58,206.58,206.58,0.0,10.46,2119.99,0
2023-10-29,2023-10-29 12:13:00,206.58,206.59,206.58,206.59,0.0,10.46,2119.99,1
2023-10-29,2023-10-29 12:14:00,206.59,206.59,206.59,206.59,0.0,10.46,2119.99,0
2023-10-29,2023-10-29 12:15:00,206.59,206.59,206.59,206.59,0.0,10.46,2119.99,0
2023-10-29,2023-10-29 12:16:00,206.59,206.59,206.59,206.59,0.0,10.46,2119.99,0
2023-10-29,2023-10-29 12:17:00,206.59,206.59,206.59,206.59,0.0,10.46,2119.99,0
2023-10-29,2023-10-29 12:18:00,206.59,206.6,206.59,206.6,0.0,10.46,2119.99,1
2023-10-29,2023-10-29 12:19:00,206.6,206.6,206.6,206.6,0.0,10.46,2119.99,0
2023-10-29,2023-10-29 12:20:00,206.6,206.6,206.6,206.6,0.0,10.46,2119.99,0
2023-10-29,2023-10-29 12:21:00,206.6,206.6,206.6,206.6,0.0,10.46,2119.99,0
2023-10-29,2023-10-29 12:22:00,206.6,206.61,206.6,206.61,0.0,10.46,2119.99,1
2023-10-29,2023-10-29 12:23:00,206.61,206.61,206.61,206.61,0.0,10.46,2119.99,0
2023-10-29,2023-10-29 12:24:00,206.61,206.61,206.61,206.61,0.0,10.46,2119.99,0
2023-10-29,2023-10-29 12:25:00,206.61,206.62,206.61,206.62,0.0,10.46,2119.99,1
2023-10-29,2023-10-29 12:26:00,206.62,206.62,206.62,206.62,0.0,10.46,2119.99,0
2023-10-29,2023-10-29 12:27:00,206.62,206.62,206.62,206.62,0.0,10.46,2119.99,0
2023-10-29,2023-10-29 12:28:00,206.62,206.62,206.62,206.62,0.0,10.46,2119.99,0
2023-10-29,2023-10-29 12:29:00,206.62,206.62,206.62,206.62,0.0,10.46,2119.99,0
2023-10-29,2023-10-29 12:30:00,206.62,206.63,206.62,206.63,0.0,10.46,2119.99,1
2023-10-29,2023-10-29 12:31:00,206.63,206.63,206.63,206.63,0.0,10.46,2119.99,0
2023-10-29,2023-10-29 12:32:00,206.63,206.63,206.63,206.63,0.0,10.46,2119.99,0
2023-10-29,2023-10-29 12:33:00,206.63,206.63,206.63,206.63,0.0,10.46,2119.99,0
2023-10-29,2023-10-29 12:34:00,206.63,206.64,206.63,206.64,0.0,10.46,2119.99,1
2023-10-29,2023-10-29 12:35:00,206.64,206.64,206.64,206.64,0.0,10.46,2119.99,0
2023-10-29,2023-10-29 12:36:00,206.64,206.64,206.64,206.64,0.0,10.46,2119.99,0
2023-10-29,2023-10-29 12:37:00,206.64,206.65,206.64,206.65,0.0,10.46,2119.99,1
2023-10-29,2023-10-29 12:38:00,206.65,206.65,206.65,206.65,0.0,10.46,2119.99,0
2023-10-29,2023-10-29 12:39:00,206.65,206.65,206.65,206.65,0.0,10.46,2119.99,0
2023-10-29,2023-10-29 12:40:00,206.65,206.65,206.65,206.65,0.0,10.46,2119.99,0
2023-10-29,2023-10-29 12:41:00,206.65,206.66,206.65,206.66,0.0,10.46,2119.99,1
2023-10-29,2023-10-29 12:42:00,206.66,206.66,206.66,206.66,0.0,10.46,2119.99,0
2023-10-29,2023-10-29 12:43:00,206.66,206.66,206.66,206.66,0.0,10.46,2119.99,0
2023-10-29,2023-10-29 12:44:00,206.66,206.66,206.66,206.66,0.0,10.46,2119.99,0
2023-10-29,2023-10-29 12:45:00,206.66,206.66,206.66,206.66,0.0,10.46,2119.99,0
2023-10-29,2023-10-29 12:46:00,206.66,206.67,206.66,206.67,0.0,10.46,2119.99,1
2023-10-29,2023-10-29 12:47:00,206.67,206.67,206.67,206.67,0.0,10.46,2119.99,0
2023-10-29,2023-10-29 12:48:00,206.67,206.67,206.67,206.67,0.0,10.46,2119.99,0
2023-10-29,2023-10-29 12:49:00,206.67,206.68,206.67,206.68,0.0,10.46,2119.99,1
2023-10-29,2023-10-29 12:50:00,206.68,206.68,206.68,206.68,0.0,10.46,2119.99,0
2023-10-29,2023-10-29 12:51:00,206.68,206.68,206.68,206.68,0.0,10.46,2119.99,0
2023-10-29,2023-10-29 12:52:00,206.68,206.68,206.68,206.68,0.0,10.46,2119.99,0
2023-10-29,2023-10-29 12:53:00,206.68,206.69,206.68,206.69,0.0,10.46,2119.99,1
2023-10-29,2023-10-29 12:54:00,206.69,206.69,206.69,206.69,0.0,10.46,2119.99,0
2023-10-29,2023-10-29 12:55:00,206.69,206.69,206.69,206.69,0.0,10.46,2119.99,0
2023-10-29,2023-10-29 12:56:00,206.69,206.69,206.69,206.69,0.0,10.46,2119.99,0
2023-10-29,2023-10-29 12:57:00,206.69,206.69,206.69,206.69,0.0,10.46,2119.99,0
2023-10-29,2023-10-29 12:58:00,206.69,206.7,206.69,206.7,0.0,10.46,2119.99,1
2023-10-29,2023-10-29 12:59:00,206.7,206.7,206.7,206.7,0.0,10.46,2119.99,0
2023-10-29,2023-10-29 13:00:00,206.7,207.0,200.0,206.7,0.0,10.46,2119.99,0
2023-10-29,2023-10-29 13:01:00,206.7,206.71,206.7,206.71,0.0,10.46,2119.99,1
2023-10-29,2023-10-29 13:02:00,206.71,206.71,206.71,206.71,0.0,10.46,2119.99,0
2023-10-29,2023-10-29 13:03:00,206.71,206.71,206.71,206.71,0.0,10.46,2119.99,0
2023-10-29,2023-10-29 13:04:00,206.71,206.71,206.71,206.71,0.0,10.46,2119.99,0
2023-10-29,2023-10-29 13:05:00,206.71,206.72,206.71,206.72,0.0,10.46,2119.99,1
2023-10-29,2023-10-29 13:06:00,206.72,206.72,206.72,206.72,0.0,10.46,2119.99,0
2023-10-29,2023-10-29 13:07:00,206.72,206.72,206.72,206.72,0.0,10.46,2119.99,0
2023-10-29,2023-10-29 13:08:00,206.72,206.72,206.72,206.72,0.0,10.46,2119.99,0
2023-10-29,2023-10-29 13:09:00,206.72,206.72,206.72,206.72,0.0,10.46,2119.99,0
2023-10-29,2023-10-29 13:10:00,206.72,206.73,206.72,206.73,0.0,10.46,2119.99,1
2023-10-29,2023-10-29 13:11:00,206.73,206.73,206.73,206.73,0.0,10.46,2119.99,0
2023-10-29,2023-10-29 13:12:00,206.73,206.73,206.73,206.73,0.0,10.46,2119.99,0
2023-10-29,2023-10-29 13:13:00,206.73,206.74,206.73,206.74,0.0,10.46,2119.99,1
2023-10-29,2023-10-29 13:14:00,206.74,206.74,206.74,206.74,0.0,10.46,2119.99,0
2023-10-29,2023-10-29 13:15:00,206.74,206.74,206.74,206.74,0.0,10.46,2119.99,0
2023-10-29,2023-10-29 13:16:00,206.74,206.74,206.74,206.74,0.0,10.46,2119.99,0
2023-10-29,2023-10-29 13:17:00,206.74,206.75,206.74,206.75,0.0,10.46,2119.99,1
2023-10-29,2023-10-29 13:18:00,206.75,206.75,206.75,206.75,0.0,10.46,2119.99,0
2023-10-29,2023-10-29 13:19:00,206.75,206.75,206.75,206.75,0.0,10.46,2119.99,0
2023-10-29,2023-10-29 13:20:00,206.75,206.75,206.75,206.75,0.0,10.46,2119.99,0
2023-10-29,2023-10-29 13:21:00,206.75,206.75,206.75,206.75,0.0,10.46,2119.99,0
2023-10-29,2023-10-29 13:22:00,206.75,206.76,206.75,206.76,0.0,10.46,2119.99,1
2023-10-29,2023-10-29 13:23:00,206.76,206.76,206.76,206.76,0.0,10.46,2119.99,0
2023-10-29,2023-10-29 13:24:00,206.76,206.76,206.76,206.76,0.0,10.46,2119.99,0
2023-10-29,2023-10-29 13:25:00,206.76,206.77,206.76,206.77,0.0,10.46,2119.99,1
2023-10-29,2023-10-29 13:26:00,206.77,206.77,206.77,206.77,0.0,10.46,2119.99,0
2023-10-29,2023-10-29 13:27:00,206.77,206.77,206.77,206.77,0.0,10.46,2119.99,0
2023-10-29,2023-10-29 13:28:00,206.77,206.77,206.77,206.77,0.0,10.46,2119.99,0
2023-10-29,2023-10-29 13:29:00,206.77,206.78,206.77,206.78,0.0,10.46,2119.99,1
2023-10-29,2023-10-29 13:30:00,206.78,206.78,206.78,206.78,0.0,10.46,2119.99,0
2023-10-29,2023-10-29 13:31:00,206.78,206.78,206.78,206.78,0.0,10.46,2119.99,0
2023-10-29,2023-10-29 13:32:00,206.78,206.78,206.78,206.78,0.0,10.46,2119.99,0
2023-10-29,2023-10-29 13:33:00,206.78,206.78,206.78,206.78,0.0,10.46,2119.99,0
2023-10-29,2023-10-29 13:34:00,206.78,206.79,206.78,206.79,0.0,10.46,2119.99,1
2023-10-29,2023-10-29 13:35:00,206.79,206.79,206.79,206.79,0.0,10.46,2119.99,0
2023-10-29,2023-10-29 13:36:00,206.79,206.79,206.79,206.79,0.0,10.46,2119.99,0
2023-10-29,2023-10-29 13:37:00,206.79,206.8,206.79,206.8,0.0,10.46,2119.99,1
2023-10-29,2023-10-29 13:38:00,206.8,206.8,206.8,206.8,0.0,10.46,2119.99,0
2023-10-29,2023-10-29 13:39:00,206.8,206.8,206.8,206.8,0.0,10.46,2119.99,0
2023-10-29,2023-10-29 13:40:00,206.8,206.8,206.8,206.8,0.0,10.46,2119.99,0
2023-10-29,2023-10-29 13:41:00,206.8,206.81,206.8,206.81,0.0,10.46,2119.99,1
2023-10-29,2023-10-29 13:42:00,206.81,206.81,206.81,206.81,0.0,10.46,2119.99,0
2023-10-29,2023-10-29 13:43:00,206.81,206.81,206.81,206.81,0.0,10.46,2119.99,0
2023-10-29,2023-10-29 13:44:00,206.81,206.81,206.81,206.81,0.0,10.46,2119.99,0
2023-10-29,2023-10-29 13:45:00,206.81,206.81,206.81,206.81,0.0,10.46,2119.99,0
2023-10-29,2023-10-29 13:46:00,206.81,206.82,206.81,206.82,0.0,10.46,2119.99,1
2023-10-29,2023-10-29 13:47:00,206.82,206.82,206.82,206.82,0.0,10.46,2119.99,0
2023-10-29,2023-10-29 13:48:00,206.82,206.82,206.82,206.82,0.0,10.46,2119.99,0
2023-10-29,2023-10-29 13:49:00,206.82,206.82,206.82,206.82,0.0,10.46,2119.99,0
2023-10-29,2023-10-29 13:50:00,206.82,206.83,206.82,206.83,0.0,10.46,2119.99,1
2023-10-29,2023-10-29 13:51:00,206.83,206.83,206.83,206.83,0.0,10.46,2119.99,0
2023-10-29,2023-10-29 13:52:00,206.83,206.83,206.83,206.83,0.0,10.46,2119.99,0
2023-10-29,2023-10-29 13:53:00,206.83,206.84,206.83,206.84,0.0,10.46,2119.99,1
2023-10-29,2023-10-29 13:54:00,206.84,206.84,206.84,206.84,0.0,10.46,2119.99,0
2023-10-29,2023-10-29 13:55:00,206.84,206.84,206.84,206.84,0.0,10.46,2119.99,0
2023-10-29,2023-10-29 13:56:00,206.84,206.84,206.84,206.84,0.0,10.46,2119.99,0
2023-10-29,2023-10-29 13:57:00,206.84,206.84,206.84,206.84,0.0,10.46,2119.99,0
2023-10-29,2023-10-29 13:58:00,206.84,206.85,206.84,206.85,0.0,10.46,2119.99,1
2023-10-29,2023-10-29 13:59:00,206.85,206.85,206.85,206.85,0.0,10.46,2119.99,0
2023-10-29,2023-10-29 14:00:00,206.85,206.85,206.85,206.85,0.0,10.46,2119.99,0
2023-10-29,2023-10-29 14:01:00,206.85,206.85,206.85,206.85,0.0,10.46,2119.99,0
2023-10-29,2023-10-29 14:02:00,206.85,206.86,206.85,206.86,0.0,10.46,2119.99,1
2023-10-29,2023-10-29 14:03:00,206.86,206.86,206.86,206.86,0.0,10.46,2119.99,0
2023-10-29,2023-10-29 14:04:00,206.86,206.86,206.86,206.86,0.0,10.46,2119.99,0
2023-10-29,2023-10-29 14:05:00,206.86,206.87,206.86,206.87,0.0,10.46,2119.99,1
2023-10-29,2023-10-29 14:06:00,206.87,206.87,206.87,206.87,0.0,10.46,2119.99,0
2023-10-29,2023-10-29 14:07:00,206.87,206.87,206.87,206.87,0.0,10.46,2119.99,0
2023-10-29,2023-10-29 14:08:00,206.87,206.87,206.87,206.87,0.0,10.46,2119.99,0
2023-10-29,2023-10-29 14:09:00,206.87,206.88,206.87,206.88,0.0,10.46,2119.99,1
2023-10-29,2023-10-29 14:10:00,206.88,206.88,206.88,206.88,0.0,10.46,2119.99,0
2023-10-29,2023-10-29 14:11:00,206.88,206.88,206.88,206.88,0.0,10.46,2119.99,0
2023-10-29,2023-10-29 14:12:00,206.88,206.88,206.88,206.88,0.0,10.46,2119.99,0
2023-10-29,2023-10-29 14:13:00,206.88,206.88,206.88,206.88,0.0,10.46,2119.99,0
2023-10-29,2023-10-29 14:14:00,206.88,206.89,206.88,206.89,0.0,10.46,2119.99,1
2023-10-29,2023-10-29 14:15:00,206.89,206.89,206.89,206.89,0.0,10.46,2119.99,0
2023-10-29,2023-10-29 14:16:00,206.89,206.89,206.89,206.89,0.0,10.46,2119.99,0
2023-10-29,2023-10-29 14:17:00,206.89,206.9,206.89,206.9,0.0,10.46,2119.99,1
2023-10-29,2023-10-29 14:18:00,206.9,206.9,206.9,206.9,0.0,10.46,2119.99,0
2023-10-29,2023-10-29 14:19:00,206.9,206.9,206.9,206.9,0.0,10.46,2119.99,0
2023-10-29,2023-10-29 14:20:00,206.9,206.9,206.9,206.9,0.0,10.46,2119.99,0
2023-10-29,2023-10-29 14:21:00,206.9,206.91,206.9,206.91,0.0,10.46,2119.99,1
2023-10-29,2023-10-29 14:22:00,206.91,206.91,206.91,206.91,0.0,10.46,2119.99,0
2023-10-29,2023-10-29 14:23:00,206.91,206.91,206.91,206.91,0.0,10.46,2119.99,0
2023-10-29,2023-10-29 14:24:00,206.91,206.91,206.91,206.91,0.0,10.46,2119.99,0
2023-10-29,2023-10-29 14:25:00,206.91,206.91,206.91,206.91,0.0,10.46,2119.99,0
2023-10-29,2023-10-29 14:26:00,206.91,206.92,206.91,206.92,0.0,10.46,2119.99,1
2023-10-29,2023-10-29 14:27:00,206.92,206.92,206.92,206.92,0.0,10.46,2119.99,0
2023-10-29,2023-10-29 14:28:00,206.92,206.92,206.92,206.92,0.0,10.46,2119.99,0
2023-10-29,2023-10-29 14:29:00,206.92,206.93,206.92,206.93,0.0,10.46,2119.99,1
2023-10-29,2023-10-29 14:30:00,206.93,206.93,206.93,206.93,0.0,10.46,2119.99,0
2023-10-29,2023-10-29 14:31:00,206.93,206.93,206.93,206.93,0.0,10.46,2119.99,0
2023-10-29,2023-10-29 14:32:00,206.93,206.93,206.93,206.93,0.0,10.46,2119.99,0
2023-10-29,2023-10-29 14:33:00,206.93,206.94,206.93,206.94,0.0,10.46,2119.99,1
2023-10-29,2023-10-29 14:34:00,206.94,206.94,206.94,206.94,0.0,10.46,2119.99,0
2023-10-29,2023-10-29 14:35:00,206.94,206.94,206.94,206.94,0.0,10.46,2119.99,0
2023-10-29,2023-10-29 14:36:00,206.94,206.94,206.94,206.94,0.0,10.46,2119.99,0
2023-10-29,2023-10-29 14:37:00,206.94,206.94,206.94,206.94,0.0,10.46,2119.99,0
2023-10-29,2023-10-29 14:38:00,206.94,206.95,206.94,206.95,0.0,10.46,2119.99,1
2023-10-29,2023-10-29 14:39:00,206.95,206.95,206.95,206.95,0.0,10.46,2119.99,0
2023-10-29,2023-10-29 14:40:00,206.95,206.95,206.95,206.95,0.0,10.46,2119.99,0
2023-10-29,2023-10-29 14:41:00,206.95,206.96,206.95,206.96,0.0,10.46,2119.99,1
2023-10-29,2023-10-29 14:42:00,206.96,206.96,206.96,206.96,0.0,10.46,2119.99,0
2023-10-29,2023-10-29 14:43:00,206.96,206.96,206.96,206.96,0.0,10.46,2119.99,0
2023-10-29,2023-10-29 14:44:00,206.96,206.96,206.96,206.96,0.0,10.46,2119.99,0
2023-10-29,2023-10-29 14:45:00,206.96,206.97,206.96,206.97,0.0,10.46,2119.99,1
2023-10-29,2023-10-29 14:46:00,206.97,206.97,206.97,206.97,0.0,10.46,2119.99,0
2023-10-29,2023-10-29 14:47:00,206.97,206.97,206.97,206.97,0.0,10.46,2119.99,0
2023-10-29,2023-10-29 14:48:00,206.97,206.97,206.97,206.97,0.0,10.46,2119.99,0
2023-10-29,2023-10-29 14:49:00,206.97,206.97,206.97,206.97,0.0,10.46,2119.99,0
2023-10-29,2023-10-29 14:50:00,206.97,206.98,206.97,206.98,0.0,10.46,2119.99,1
2023-10-29,2023-10-29 14:51:00,206.98,206.98,206.98,206.98,0.0,10.46,2119.99,0
2023-10-29,2023-10-29 14:52:00,206.98,206.98,206.98,206.98,0.0,10.46,2119.99,0
2023-10-29,2023-10-29 14:53:00,206.98,206.99,206.98,206.99,0.0,10.46,2119.99,1
2023-10-29,2023-10-29 14:54:00,206.99,206.99,206.99,206.99,0.0,10.46,2119.99,0
2023-10-29,2023-10-29 14:55:00,206.99,206.99,206.99,206.99,0.0,10.46,2119.99,0
2023-10-29,2023-10-29 14:56:00,206.99,206.99,206.99,206.99,0.0,10.46,2119.99,0
2023-10-29,2023-10-29 14:57:00,206.99,207.0,206.99,207.0,0.0,10.46,2119.99,1
2023-10-29,2023-10-29 14:58:00,207.0,207.0,207.0,207.0,0.0,10.46,2119.99,0
2023-10-29,2023-10-29 14:59:00,207.0,207.0,207.0,207.0,0.0,10.46,2119.99,0
2023-10-29,2023-10-29 15:00:00,207.0,207.0,200.0,207.0,0.0,10.46,2119.99,0
2023-10-30,2023-10-30 11:00:00,203.0,203.96,202.13,203.01,0.0,6.89,1395.39,1
2023-10-30,2023-10-30 11:01:00,203.01,203.03,203.01,203.03,0.01,6.89,1395.39,1
2023-10-30,2023-10-30 11:02:00,203.03,203.04,203.03,203.04,0.0,6.89,1395.39,1
2023-10-30,2023-10-30 11:03:00,203.04,203.05,203.04,203.05,0.0,6.89,1395.39,1
2023-10-30,2023-10-30 11:04:00,203.05,203.07,203.05,203.07,0.01,6.89,1395.39,1
2023-10-30,2023-10-30 11:05:00,203.07,203.08,203.07,203.08,0.0,6.89,1395.39,1
2023-10-30,2023-10-30 11:06:00,203.08,203.09,203.08,203.09,0.0,6.89,1395.39,1
2023-10-30,2023-10-30 11:07:00,203.09,203.11,203.09,203.11,0.01,6.89,1395.39,1
2023-10-30,2023-10-30 11:08:00,203.11,203.12,203.11,203.12,0.0,6.89,1395.39,1
2023-10-30,2023-10-30 11:09:00,203.12,203.13,203.12,203.13,0.0,6.89,1395.39,1
2023-10-30,2023-10-30 11:10:00,203.13,203.15,203.13,203.15,0.01,6.89,1395.39,1
2023-10-30,2023-10-30 11:11:00,203.15,203.16,203.15,203.16,0.0,6.89,1395.39,1
2023-10-30,2023-10-30 11:12:00,203.16,203.17,203.16,203.17,0.0,6.89,1395.39,1
2023-10-30,2023-10-30 11:13:00,203.17,203.19,203.17,203.19,0.01,6.89,1395.39,1
2023-10-30,2023-10-30 11:14:00,203.19,203.2,203.19,203.2,0.0,6.89,1395.39,1
2023-10-30,2023-10-30 11:15:00,203.2,203.21,203.2,203.21,0.0,6.89,1395.39,1
2023-10-30,2023-10-30 11:16:00,203.21,203.23,203.21,203.23,0.01,6.89,1395.39,1
2023-10-30,2023-10-30 11:17:00,203.23,203.24,203.23,203.24,0.0,6.89,1395.39,1
2023-10-30,2023-10-30 11:18:00,203.24,203.25,203.24,203.25,0.0,6.89,1395.39,1
2023-10-30,2023-10-30 11:19:00,203.25,203.27,203.25,203.27,0.01,6.89,1395.39,1
2023-10-30,2023-10-30 11:20:00,203.27,203.28,203.27,203.28,0.0,6.89,1395.39,1
2023-10-30,2023-10-30 11:21:00,203.28,203.29,203.28,203.29,0.0,6.89,1395.39,1
2023-10-30,2023-10-30 11:22:00,203.29,203.31,203.29,203.31,0.01,6.89,1395.39,1
2023-10-30,2023-10-30 11:23:00,203.31,203.32,203.31,203.32,0.0,6.89,1395.39,1
2023-10-30,2023-10-30 11:24:00,203.32,203.33,203.32,203.33,0.0,6.89,1395.39,1
2023-10-30,2023-10-30 11:25:00,203.33,203.35,203.33,203.35,0.01,6.89,1395.39,1
2023-10-30,2023-10-30 11:26:00,203.35,203.36,203.35,203.36,0.0,6.89,1395.39,1
2023-10-30,2023-10-30 11:27:00,203.36,203.37,203.36,203.37,0.0,6.89,1395.39,1
2023-10-30,2023-10-30 11:28:00,203.37,203.39,203.37,203.39,0.01,6.89,1395.39,1
2023-10-30,2023-10-30 11:29:00,203.39,203.4,203.39,203.4,0.0,6.89,1395.39,1
2023-10-30,2023-10-30 11:30:00,203.4,203.41,203.4,203.41,0.0,6.89,1395.39,1
2023-10-30,2023-10-30 11:31:00,203.41,203.43,203.41,203.43,0.01,6.89,1395.39,1
2023-10-30,2023-10-30 11:32:00,203.43,203.44,203.43,203.44,0.0,6.89,1395.39,1
2023-10-30,2023-10-30 11:33:00,203.44,203.45,203.44,203.45,0.0,6.89,1395.39,1
2023-10-30,2023-10-30 11:34:00,203.45,203.47,203.45,203.47,0.01,6.89,1395.39,1
2023-10-30,2023-10-30 11:35:00,203.47,203.48,203.47,203.48,0.0,6.89,1395.39,1
2023-10-30,2023-10-30 11:36:00,203.48,203.49,203.48,203.49,0.0,6.89,1395.39,1
2023-10-30,2023-10-30 11:37:00,203.49,203.51,203.49,203.51,0.01,6.89,1395.39,1
2023-10-30,2023-10-30 11:38:00,203.51,203.52,203.51,203.52,0.0,6.89,1395.39,1
2023-10-30,2023-10-30 11:39:00,203.52,203.53,203.52,203.53,0.0,6.89,1395.39,1
2023-10-30,2023-10-30 11:40:00,203.53,203.55,203.53,203.55,0.01,6.89,1395.39,1
2023-10-30,2023-10-30 11:41:00,203.55,203.56,203.55,203.56,0.0,6.89,1395.39,1
2023-10-30,2023-10-30 11:42:00,203.56,203.57,203.56,203.57,0.0,6.89,1395.39,1
2023-10-30,2023-10-30 11:43:00,203.57,203.59,203.57,203.59,0.01,6.89,1395.39,1
2023-10-30,2023-10-30 11:44:00,203.59,203.6,203.59,203.6,0.0,6.89,1395.39,1
2023-10-30,2023-10-30 11:45:00,203.6,203.61,203.6,203.61,0.0,6.89,1395.39,1
2023-10-30,2023-10-30 11:46:00,203.61,203.63,203.61,203.63,0.01,6.89,1395.39,1
2023-10-30,2023-10-30 11:47:00,203.63,203.64,203.63,203.64,0.0,6.89,1395.39,1
2023-10-30,2023-10-30 11:48:00,203.64,203.65,203.64,203.65,0.0,6.89,1395.39,1
2023-10-30,2023-10-30 11:49:00,203.65,203.67,203.65,203.67,0.01,6.89,1395.39,1
2023-10-30,2023-10-30 11:50:00,203.67,203.68,203.67,203.68,0.0,6.89,1395.39,1
2023-10-30,2023-10-30 11:51:00,203.68,203.69,203.68,203.69,0.0,6.89,1395.39,1
2023-10-30,2023-10-30 11:52:00,203.69,203.71,203.69,203.71,0.01,6.89,1395.39,1
2023-10-30,2023-10-30 11:53:00,203.71,203.72,203.71,203.72,0.0,6.89,1395.39,1
2023-10-30,2023-10-30 11:54:00,203.72,203.73,203.72,203.73,0.0,6.89,1395.39,1
2023-10-30,2023-10-30 11:55:00,203.73,203.75,203.73,203.75,0.01,6.89,1395.39,1
2023-10-30,2023-10-30 11:56:00,203.75,203.76,203.75,203.76,0.0,6.89,1395.39,1
2023-10-30,2023-10-30 11:57:00,203.76,203.77,203.76,203.77,0.0,6.89,1395.39,1
2023-10-30,2023-10-30 11:58:00,203.77,203.79,203.77,203.79,0.01,6.89,1395.39,1
2023-10-30,2023-10-30 11:59:00,203.79,203.8,203.79,203.8,0.0,6.89,1395.39,1
2023-10-30,2023-10-30 12:00:00,203.8,203.81,203.8,203.81,0.0,6.89,1395.39,1
2023-10-30,2023-10-30 12:01:00,203.81,203.83,203.81,203.83,0.01,6.89,1395.39,1
2023-10-30,2023-10-30 12:02:00,203.83,203.84,203.83,203.84,0.0,6.89,1395.39,1
2023-10-30,2023-10-30 12:03:00,203.84,203.85,203.84,203.85,0.0,6.89,1395.39,1
2023-10-30,2023-10-30 12:04:00,203.85,203.87,203.85,203.87,0.01,6.89,1395.39,1
2023-10-30,2023-10-30 12:05:00,203.87,203.88,203.87,203.88,0.0,6.89,1395.39,1
2023-10-30,2023-10-30 12:06:00,203.88,203.89,203.88,203.89,0.0,6.89,1395.39,1
2023-10-30,2023-10-30 12:07:00,203.89,203.91,203.89,203.91,0.01,6.89,1395.39,1
2023-10-30,2023-10-30 12:08:00,203.91,203.92,203.91,203.92,0.0,6.89,1395.39,1
2023-10-30,2023-10-30 12:09:00,203.92,203.93,203.92,203.93,0.0,6.89,1395.39,1
2023-10-30,2023-10-30 12:10:00,203.93,203.95,203.93,203.95,0.01,6.89,1395.39,1
2023-10-30,2023-10-30 12:11:00,203.95,203.96,203.95,203.96,0.0,6.89,1395.39,1
2023-10-30,2023-10-30 12:12:00,203.96,203.97,203.96,203.97,0.0,6.89,1395.39,1
2023-10-30,2023-10-30 12:13:00,203.97,203.99,203.97,203.99,0.01,6.89,1395.39,1
2023-10-30,2023-10-30 12:14:00,203.99,204.0,203.99,204.0,0.0,6.89,1395.39,1
2023-10-30,2023-10-30 12:15:00,204.0,204.01,204.0,204.01,0.0,6.89,1395.39,1
2023-10-30,2023-10-30 12:16:00,204.01,204.03,204.01,204.03,0.01,6.89,1395.39,1
2023-10-30,2023-10-30 12:17:00,204.03,204.04,204.03,204.04,0.0,6.89,1395.39,1
2023-10-30,2023-10-30 12:18:00,204.04,204.05,204.04,204.05,0.0,6.89,1395.39,1
2023-10-30,2023-10-30 12:19:00,204.05,204.07,204.05,204.07,0.01,6.89,1395.39,1
2023-10-30,2023-10-30 12:20:00,204.07,204.08,204.07,204.08,0.0,6.89,1395.39,1
2023-10-30,2023-10-30 12:21:00,204.08,204.09,204.08,204.09,0.0,6.89,1395.39,1
2023-10-30,2023-10-30 12:22:00,204.09,204.11,204.09,204.11,0.01,6.89,1395.39,1
2023-10-30,2023-10-30 12:23:00,204.11,204.12,204.11,204.12,0.0,6.89,1395.39,1
2023-10-30,2023-10-30 12:24:00,204.12,204.13,204.12,204.13,0.0,6.89,1395.39,1
2023-10-30,2023-10-30 12:25:00,204.13,204.15,204.13,204.15,0.01,6.89,1395.39,1
2023-10-30,2023-10-30 12:26:00,204.15,204.16,204.15,204.16,0.0,6.89,1395.39,1
2023-10-30,2023-10-30 12:27:00,204.16,204.17,204.16,204.17,0.0,6.89,1395.39,1
2023-10-30,2023-10-30 12:28:00,204.17,204.19,204.17,204.19,0.01,6.89,1395.39,1
2023-10-30,2023-10-30 12:29:00,204.19,204.2,204.19,204.2,0.0,6.89,1395.39,1
2023-10-30,2023-10-30 12:30:00,204.2,204.21,204.2,204.21,0.0,6.89,1395.39,1
2023-10-30,2023-10-30 12:31:00,204.21,204.23,204.21,204.23,0.01,6.89,1395.39,1
2023-10-30,2023-10-30 12:32:00,204.23,204.24,204.23,204.24,0.0,6.89,1395.39,1
2023-10-30,2023-10-30 12:33:00,204.24,204.25,204.24,204.25,0.0,6.89,1395.39,1
2023-10-30,2023-10-30 12:34:00,204.25,204.27,204.25,204.27,0.01,6.89,1395.39,1
2023-10-30,2023-10-30 12:35:00,204.27,204.28,204.27,204.28,0.0,6.89,1395.39,1
2023-10-30,2023-10-30 12:36:00,204.28,204.29,204.28,204.29,0.0,6.89,1395.39,1
2023-10-30,2023-10-30 12:37:00,204.29,204.31,204.29,204.31,0.01,6.89,1395.39,1
2023-10-30,2023-10-30 12:38:00,204.31,204.32,204.31,204.32,0.0,6.89,1395.39,1
2023-10-30,2023-10-30 12:39:00,204.32,204.33,204.32,204.33,0.0,6.89,1395.39,1
2023-10-30,2023-10-30 12:40:00,204.33,204.35,204.33,204.35,0.01,6.89,1395.39,1
2023-10-30,2023-10-30 12:41:00,204.35,204.36,204.35,204.36,0.0,6.89,1395.39,1
2023-10-30,2023-10-30 12:42:00,204.36,204.37,204.36,204.37,0.0,6.89,1395.39,1
2023-10-30,2023-10-30 12:43:00,204.37,204.39,204.37,204.39,0.01,6.89,1395.39,1
2023-10-30,2023-10-30 12:44:00,204.39,204.4,204.39,204.4,0.0,6.89,1395.39,1
2023-10-30,2023-10-30 12:45:00,204.4,204.41,204.4,204.41,0.0,6.89,1395.39,1
2023-10-30,2023-10-30 12:46:00,204.41,204.43,204.41,204.43,0.01,6.89,1395.39,1
2023-10-30,2023-10-30 12:47:00,204.43,204.44,204.43,204.44,0.0,6.89,1395.39,1
2023-10-30,2023-10-30 12:48:00,204.44,204.45,204.44,204.45,0.0,6.89,1395.39,1
2023-10-30,2023-10-30 12:49:00,204.45,204.47,204.45,204.47,0.01,6.89,1395.39,1
2023-10-30,2023-10-30 12:50:00,204.47,204.48,204.47,204.48,0.0,6.89,1395.39,1
2023-10-30,2023-10-30 12:51:00,204.48,204.49,204.48,204.49,0.0,6.89,1395.39,1
2023-10-30,2023-10-30 12:52:00,204.49,204.51,204.49,204.51,0.01,6.89,1395.39,1
2023-10-30,2023-10-30 12:53:00,204.51,204.52,204.51,204.52,0.0,6.89,1395.39,1
2023-10-30,2023-10-30 12:54:00,204.52,204.53,204.52,204.53,0.0,6.89,1395.39,1
2023-10-30,2023-10-30 12:55:00,204.53,204.55,204.53,204.55,0.01,6.89,1395.39,1
2023-10-30,2023-10-30 12:56:00,204.55,204.56,204.55,204.56,0.0,6.89,1395.39,1
2023-10-30,2023-10-30 12:57:00,204.56,204.57,204.56,204.57,0.0,6.89,1395.39,1
2023-10-30,2023-10-30 12:58:00,204.57,204.59,204.57,204.59,0.01,6.89,1395.39,1
2023-10-30,2023-10-30 12:59:00,204.59,204.6,204.59,204.6,0.0,6.89,1395.39,1
2023-10-30,2023-10-30 13:00:00,204.6,206.2,200.1,204.61,0.0,6.89,1395.39,1
2023-10-30,2023-10-30 13:01:00,204.61,204.63,204.61,204.63,0.01,6.89,1395.39,1
2023-10-30,2023-10-30 13:02:00,204.63,204.64,204.63,204.64,0.0,6.89,1395.39,1
2023-10-30,2023-10-30 13:03:00,204.64,204.65,204.64,204.65,0.0,6.89,1395.39,1
2023-10-30,2023-10-30 13:04:00,204.65,204.67,204.65,204.67,0.01,6.89,1395.39,1
2023-10-30,2023-10-30 13:05:00,204.67,204.68,204.67,204.68,0.0,6.89,1395.39,1
2023-10-30,2023-10-30 13:06:00,204.68,204.69,204.68,204.69,0.0,6.89,1395.39,1
2023-10-30,2023-10-30 13:07:00,204.69,204.71,204.69,204.71,0.01,6.89,1395.39,1
2023-10-30,2023-10-30 13:08:00,204.71,204.72,204.71,204.72,0.0,6.89,1395.39,1
2023-10-30,2023-10-30 13:09:00,204.72,204.73,204.72,204.73,0.0,6.89,1395.39,1
2023-10-30,2023-10-30 13:10:00,204.73,204.75,204.73,204.75,0.01,6.89,1395.39,1
2023-10-30,2023-10-30 13:11:00,204.75,204.76,204.75,204.76,0.0,6.89,1395.39,1
2023-10-30,2023-10-30 13:12:00,204.76,204.77,204.76,204.77,0.0,6.89,1395.39,1
2023-10-30,2023-10-30 13:13:00,204.77,204.79,204.77,204.79,0.01,6.89,1395.39,1
2023-10-30,2023-10-30 13:14:00,204.79,204.8,204.79,204.8,0.0,6.89,1395.39,1
2023-10-30,2023-10-30 13:15:00,204.8,204.81,204.8,204.81,0.0,6.89,1395.39,1
2023-10-30,2023-10-30 13:16:00,204.81,204.83,204.81,204.83,0.01,6.89,1395.39,1
2023-10-30,2023-10-30 13:17:00,204.83,204.84,204.83,204.84,0.0,6.89,1395.39,1
2023-10-30,2023-10-30 13:18:00,204.84,204.85,204.84,204.85,0.0,6.89,1395.39,1
2023-10-30,2023-10-30 13:19:00,204.85,204.87,204.85,204.87,0.01,6.89,1395.39,1
2023-10-30,2023-10-30 13:20:00,204.87,204.88,204.87,204.88,0.0,6.89,1395.39,1
2023-10-30,2023-10-30 13:21:00,204.88,204.89,204.88,204.89,0.0,6.89,1395.39,1
2023-10-30,2023-10-30 13:22:00,204.89,204.91,204.89,204.91,0.01,6.89,1395.39,1
2023-10-30,2023-10-30 13:23:00,204.91,204.92,204.91,204.92,0.0,6.89,1395.39,1
2023-10-30,2023-10-30 13:24:00,204.92,204.93,204.92,204.93,0.0,6.89,1395.39,1
2023-10-30,2023-10-30 13:25:00,204.93,204.95,204.93,204.95,0.01,6.89,1395.39,1
2023-10-30,2023-10-30 13:26:00,204.95,204.96,204.95,204.96,0.0,6.89,1395.39,1
2023-10-30,2023-10-30 13:27:00,204.96,204.97,204.96,204.97,0.0,6.89,1395.39,1
2023-10-30,2023-10-30 13:28:00,204.97,204.99,204.97,204.99,0.01,6.89,1395.39,1
2023-10-30,2023-10-30 13:29:00,204.99,205.0,204.99,205.0,0.0,6.89,1395.39,1
2023-10-30,2023-10-30 13:30:00,205.0,205.01,205.0,205.01,0.0,6.89,1395.39,1
2023-10-30,2023-10-30 13:31:00,205.01,205.03,205.01,205.03,0.01,6.89,1395.39,1
2023-10-30,2023-10-30 13:32:00,205.03,205.04,205.03,205.04,0.0,6.89,1395.39,1
2023-10-30,2023-10-30 13:33:00,205.04,205.05,205.04,205.05,0.0,6.89,1395.39,1
2023-10-30,2023-10-30 13:34:00,205.05,205.07,205.05,205.07,0.01,6.89,1395.39,1
2023-10-30,2023-10-30 13:35:00,205.07,205.08,205.07,205.08,0.0,6.89,1395.39,1
2023-10-30,2023-10-30 13:36:00,205.08,205.09,205.08,205.09,0.0,6.89,1395.39,1
2023-10-30,2023-10-30 13:37:00,205.09,205.11,205.09,205.11,0.01,6.89,1395.39,1
2023-10-30,2023-10-30 13:38:00,205.11,205.12,205.11,205.12,0.0,6.89,1395.39,1
2023-10-30,2023-10-30 13:39:00,205.12,205.13,205.12,205.13,0.0,6.89,1395.39,1
2023-10-30,2023-10-30 13:40:00,205.13,205.15,205.13,205.15,0.01,6.89,1395.39,1
2023-10-30,2023-10-30 13:41:00,205.15,205.16,205.15,205.16,0.0,6.89,1395.39,1
2023-10-30,2023-10-30 13:42:00,205.16,205.17,205.16,205.17,0.0,6.89,1395.39,1
2023-10-30,2023-10-30 13:43:00,205.17,205.19,205.17,205.19,0.01,6.89,1395.39,1
2023-10-30,2023-10-30 13:44:00,205.19,205.2,205.19,205.2,0.0,6.89,1395.39,1
2023-10-30,2023-10-30 13:45:00,205.2,205.21,205.2,205.21,0.0,6.89,1395.39,1
2023-10-30,2023-10-30 13:46:00,205.21,205.23,205.21,205.23,0.01,6.89,1395.39,1
2023-10-30,2023-10-30 13:47:00,205.23,205.24,205.23,205.24,0.0,6.89,1395.39,1
2023-10-30,2023-10-30 13:48:00,205.24,205.25,205.24,205.25,0.0,6.89,1395.39,1
2023-10-30,2023-10-30 13:49:00,205.25,205.27,205.25,205.27,0.01,6.89,1395.39,1
2023-10-30,2023-10-30 13:50:00,205.27,205.28,205.27,205.28,0.0,6.89,1395.39,1
2023-10-30,2023-10-30 13:51:00,205.28,205.29,205.28,205.29,0.0,6.89,1395.39,1
2023-10-30,2023-10-30 13:52:00,205.29,205.31,205.29,205.31,0.01,6.89,1395.39,1
2023-10-30,2023-10-30 13:53:00,205.31,205.32,205.31,205.32,0.0,6.89,1395.39,1
2023-10-30,2023-10-30 13:54:00,205.32,205.33,205.32,205.33,0.0,6.89,1395.39,1
2023-10-30,2023-10-30 13:55:00,205.33,205.35,205.33,205.35,0.01,6.89,1395.39,1
2023-10-30,2023-10-30 13:56:00,205.35,205.36,205.35,205.36,0.0,6.89,1395.39,1
2023-10-30,2023-10-30 13:57:00,205.36,205.37,205.36,205.37,0.0,6.89,1395.39,1
2023-10-30,2023-10-30 13:58:00,205.37,205.39,205.37,205.39,0.01,6.89,1395.39,1
2023-10-30,2023-10-30 13:59:00,205.39,205.4,205.39,205.4,0.0,6.89,1395.39,1
2023-10-30,2023-10-30 14:00:00,205.4,205.41,205.4,205.41,0.0,6.89,1395.39,1
2023-10-30,2023-10-30 14:01:00,205.41,205.43,205.41,205.43,0.01,6.89,1395.39,1
2023-10-30,2023-10-30 14:02:00,205.43,205.44,205.43,205.44,0.0,6.89,1395.39,1
2023-10-30,2023-10-30 14:03:00,205.44,205.45,205.44,205.45,0.0,6.89,1395.39,1
2023-10-30,2023-10-30 14:04:00,205.45,205.47,205.45,205.47,0.01,6.89,1395.39,1
2023-10-30,2023-10-30 14:05:00,205.47,205.48,205.47,205.48,0.0,6.89,1395.39,1
2023-10-30,2023-10-30 14:06:00,205.48,205.49,205.48,205.49,0.0,6.89,1395.39,1
2023-10-30,2023-10-30 14:07:00,205.49,205.51,205.49,205.51,0.01,6.89,1395.39,1
2023-10-30,2023-10-30 14:08:00,205.51,205.52,205.51,205.52,0.0,6.89,1395.39,1
2023-10-30,2023-10-30 14:09:00,205.52,205.53,205.52,205.53,0.0,6.89,1395.39,1
2023-10-30,2023-10-30 14:10:00,205.53,205.55,205.53,205.55,0.01,6.89,1395.39,1
2023-10-30,2023-10-30 14:11:00,205.55,205.56,205.55,205.56,0.0,6.89,1395.39,1
2023-10-30,2023-10-30 14:12:00,205.56,205.57,205.56,205.57,0.0,6.89,1395.39,1
2023-10-30,2023-10-30 14:13:00,205.57,205.59,205.57,205.59,0.01,6.89,1395.39,1
2023-10-30,2023-10-30 14:14:00,205.59,205.6,205.59,205.6,0.0,6.89,1395.39,1
2023-10-30,2023-10-30 14:15:00,205.6,205.61,205.6,205.61,0.0,6.89,1395.39,1
2023-10-30,2023-10-30 14:16:00,205.61,205.63,205.61,205.63,0.01,6.89,1395.39,1
2023-10-30,2023-10-30 14:17:00,205.63,205.64,205.63,205.64,0.0,6.89,1395.39,1
2023-10-30,2023-10-30 14:18:00,205.64,205.65,205.64,205.65,0.0,6.89,1395.39,1
2023-10-30,2023-10-30 14:19:00,205.65,205.67,205.65,205.67,0.01,6.89,1395.39,1
2023-10-30,2023-10-30 14:20:00,205.67,205.68,205.67,205.68,0.0,6.89,1395.39,1
2023-10-30,2023-10-30 14:21:00,205.68,205.69,205.68,205.69,0.0,6.89,1395.39,1
2023-10-30,2023-10-30 14:22:00,205.69,205.71,205.69,205.71,0.01,6.89,1395.39,1
2023-10-30,2023-10-30 14:23:00,205.71,205.72,205.71,205.72,0.0,6.89,1395.39,1
2023-10-30,2023-10-30 14:24:00,205.72,205.73,205.72,205.73,0.0,6.89,1395.39,1
2023-10-30,2023-10-30 14:25:00,205.73,205.75,205.73,205.75,0.01,6.89,1395.39,1
2023-10-30,2023-10-30 14:26:00,205.75,205.76,205.75,205.76,0.0,6.89,1395.39,1
2023-10-30,2023-10-30 14:27:00,205.76,205.77,205.76,205.77,0.0,6.89,1395.39,1
2023-10-30,2023-10-30 14:28:00,205.77,205.79,205.77,205.79,0.01,6.89,1395.39,1
2023-10-30,2023-10-30 14:29:00,205.79,205.8,205.79,205.8,0.0,6.89,1395.39,1
2023-10-30,2023-10-30 14:30:00,205.8,205.81,205.8,205.81,0.0,6.89,1395.39,1
2023-10-30,2023-10-30 14:31:00,205.81,205.83,205.81,205.83,0.01,6.89,1395.39,1
2023-10-30,2023-10-30 14:32:00,205.83,205.84,205.83,205.84,0.0,6.89,1395.39,1
2023-10-30,2023-10-30 14:33:00,205.84,205.85,205.84,205.85,0.0,6.89,1395.39,1
2023-10-30,2023-10-30 14:34:00,205.85,205.87,205.85,205.87,0.01,6.89,1395.39,1
2023-10-30,2023-10-30 14:35:00,205.87,205.88,205.87,205.88,0.0,6.89,1395.39,1
2023-10-30,2023-10-30 14:36:00,205.88,205.89,205.88,205.89,0.0,6.89,1395.39,1
2023-10-30,2023-10-30 14:37:00,205.89,205.91,205.89,205.91,0.01,6.89,1395.39,1
2023-10-30,2023-10-30 14:38:00,205.91,205.92,205.91,205.92,0.0,6.89,1395.39,1
2023-10-30,2023-10-30 14:39:00,205.92,205.93,205.92,205.93,0.0,6.89,1395.39,1
2023-10-30,2023-10-30 14:40:00,205.93,205.95,205.93,205.95,0.01,6.89,1395.39,1
2023-10-30,2023-10-30 14:41:00,205.95,205.96,205.95,205.96,0.0,6.89,1395.39,1
2023-10-30,2023-10-30 14:42:00,205.96,205.97,205.96,205.97,0.0,6.89,1395.39,1
2023-10-30,2023-10-30 14:43:00,205.97,205.99,205.97,205.99,0.01,6.89,1395.39,1
2023-10-30,2023-10-30 14:44:00,205.99,206.0,205.99,206.0,0.0,6.89,1395.39,1
2023-10-30,2023-10-30 14:45:00,206.0,206.01,206.0,206.01,0.0,6.89,1395.39,1
2023-10-30,2023-10-30 14:46:00,206.01,206.03,206.01,206.03,0.01,6.89,1395.39,1
2023-10-30,2023-10-30 14:47:00,206.03,206.04,206.03,206.04,0.0,6.89,1395.39,1
2023-10-30,2023-10-30 14:48:00,206.04,206.05,206.04,206.05,0.0,6.89,1395.39,1
2023-10-30,2023-10-30 14:49:00,206.05,206.07,206.05,206.07,0.01,6.89,1395.39,1
2023-10-30,2023-10-30 14:50:00,206.07,206.08,206.07,206.08,0.0,6.89,1395.39,1
2023-10-30,2023-10-30 14:51:00,206.08,206.09,206.08,206.09,0.0,6.89,1395.39,1
2023-10-30,2023-10-30 14:52:00,206.09,206.11,206.09,206.11,0.01,6.89,1395.39,1
2023-10-30,2023-10-30 14:53:00,206.11,206.12,206.11,206.12,0.0,6.89,1395.39,1
2023-10-30,2023-10-30 14:54:00,206.12,206.13,206.12,206.13,0.0,6.89,1395.39,1
2023-10-30,2023-10-30 14:55:00,206.13,206.15,206.13,206.15,0.01,6.89,1395.39,1
2023-10-30,2023-10-30 14:56:00,206.15,206.16,206.15,206.16,0.0,6.89,1395.39,1
2023-10-30,2023-10-30 14:57:00,206.16,206.17,206.16,206.17,0.0,6.89,1395.39,1
2023-10-30,2023-10-30 14:58:00,206.17,206.19,206.17,206.19,0.01,6.89,1395.39,1
2023-10-30,2023-10-30 14:59:00,206.19,206.2,206.19,206.2,0.0,6.89,1395.39,1
2023-10-30,2023-10-30 15:00:00,206.2,206.2,200.1,206.2,0.0,6.89,1395.39,0
2023-10-31,2023-10-31 11:00:00,202.5,202.95,201.75,202.5,0.0,5.62,1135.23,0
2023-10-31,2023-10-31 11:01:00,202.5,202.5,202.5,202.5,0.0,5.62,1135.23,0
2023-10-31,2023-10-31 11:02:00,202.5,202.5,202.49,202.49,-0.0,5.62,1135.23,-1
2023-10-31,2023-10-31 11:03:00,202.49,202.49,202.49,202.49,0.0,5.62,1135.23,0
2023-10-31,2023-10-31 11:04:00,202.49,202.49,202.49,202.49,0.0,5.62,1135.23,0
2023-10-31,2023-10-31 11:05:00,202.49,202.49,202.49,202.49,0.0,5.62,1135.23,0
2023-10-31,2023-10-31 11:06:00,202.49,202.49,202.49,202.49,0.0,5.62,1135.23,0
2023-10-31,2023-10-31 11:07:00,202.49,202.49,202.48,202.48,-0.0,5.62,1135.23,-1
2023-10-31,2023-10-31 11:08:00,202.48,202.48,202.48,202.48,0.0,5.62,1135.23,0
2023-10-31,2023-10-31 11:09:00,202.48,202.48,202.48,202.48,0.0,5.62,1135.23,0
2023-10-31,2023-10-31 11:10:00,202.48,202.48,202.48,202.48,0.0,5.62,1135.23,0
2023-10-31,2023-10-31 11:11:00,202.48,202.48,202.47,202.47,-0.0,5.62,1135.23,-1
2023-10-31,2023-10-31 11:12:00,202.47,202.47,202.47,202.47,0.0,5.62,1135.23,0
2023-10-31,2023-10-31 11:13:00,202.47,202.47,202.47,202.47,0.0,5.62,1135.23,0
2023-10-31,2023-10-31 11:14:00,202.47,202.47,202.47,202.47,0.0,5.62,1135.23,0
2023-10-31,2023-10-31 11:15:00,202.47,202.47,202.47,202.47,0.0,5.62,1135.23,0
2023-10-31,2023-10-31 11:16:00,202.47,202.47,202.46,202.46,-0.0,5.62,1135.23,-1
2023-10-31,2023-10-31 11:17:00,202.46,202.46,202.46,202.46,0.0,5.62,1135.23,0
2023-10-31,2023-10-31 11:18:00,202.46,202.46,202.46,202.46,0.0,5.62,1135.23,0
2023-10-31,2023-10-31 11:19:00,202.46,202.46,202.46,202.46,0.0,5.62,1135.23,0
2023-10-31,2023-10-31 11:20:00,202.46,202.46,202.46,202.46,0.0,5.62,1135.23,0
2023-10-31,2023-10-31 11:21:00,202.46,202.46,202.45,202.45,-0.0,5.62,1135.23,-1
2023-10-31,2023-10-31 11:22:00,202.45,202.45,202.45,202.45,0.0,5.62,1135.23,0
2023-10-31,2023-10-31 11:23:00,202.45,202.45,202.45,202.45,0.0,5.62,1135.23,0
2023-10-31,2023-10-31 11:24:00,202.45,202.45,202.45,202.45,0.0,5.62,1135.23,0
2023-10-31,2023-10-31 11:25:00,202.45,202.45,202.45,202.45,0.0,5.62,1135.23,0
2023-10-31,2023-10-31 11:26:00,202.45,202.45,202.44,202.44,-0.0,5.62,1135.23,-1
2023-10-31,2023-10-31 11:27:00,202.44,202.44,202.44,202.44,0.0,5.62,1135.23,0
2023-10-31,2023-10-31 11:28:00,202.44,202.44,202.44,202.44,0.0,5.62,1135.23,0
2023-10-31,2023-10-31 11:29:00,202.44,202.44,202.44,202.44,0.0,5.62,1135.23,0
2023-10-31,2023-10-31 11:30:00,202.44,202.44,202.44,202.44,0.0,5.62,1135.23,0
2023-10-31,2023-10-31 11:31:00,202.44,202.44,202.43,202.43,-0.0,5.62,1135.23,-1
2023-10-31,2023-10-31 11:32:00,202.43,202.43,202.43,202.43,0.0,5.62,1135.23,0
2023-10-31,2023-10-31 11:33:00,202.43,202.43,202.43,202.43,0.0,5.62,1135.23,0
2023-10-31,2023-10-31 11:34:00,202.43,202.43,202.43,202.43,0.0,5.62,1135.23,0
2023-10-31,2023-10-31 11:35:00,202.43,202.43,202.43,202.43,0.0,5.62,1135.23,0
2023-10-31,2023-10-31 11:36:00,202.43,202.43,202.42,202.42,-0.0,5.62,1135.23,-1
2023-10-31,2023-10-31 11:37:00,202.42,202.42,202.42,202.42,0.0,5.62,1135.23,0
2023-10-31,2023-10-31 11:38:00,202.42,202.42,202.42,202.42,0.0,5.62,1135.23,0
2023-10-31,2023-10-31 11:39:00,202.42,202.42,202.42,202.42,0.0,5.62,1135.23,0
2023-10-31,2023-10-31 11:40:00,202.42,202.42,202.41,202.41,-0.0,5.62,1135.23,-1
2023-10-31,2023-10-31 11:41:00,202.41,202.41,202.41,202.41,0.0,5.62,1135.23,0
2023-10-31,2023-10-31 11:42:00,202.41,202.41,202.41,202.41,0.0,5.62,1135.23,0
2023-10-31,2023-10-31 11:43:00,202.41,202.41,202.41,202.41,0.0,5.62,1135.23,0
2023-10-31,2023-10-31 11:44:00,202.41,202.41,202.41,202.41,0.0,5.62,1135.23,0
2023-10-31,2023-10-31 11:45:00,202.41,202.41,202.4,202.4,-0.0,5.62,1135.23,-1
2023-10-31,2023-10-31 11:46:00,202.4,202.4,202.4,202.4,0.0,5.62,1135.23,0
2023-10-31,2023-10-31 11:47:00,202.4,202.4,202.4,202.4,0.0,5.62,1135.23,0
2023-10-31,2023-10-31 11:48:00,202.4,202.4,202.4,202.4,0.0,5.62,1135.23,0
2023-10-31,2023-10-31 11:49:00,202.4,202.4,202.4,202.4,0.0,5.62,1135.23,0
2023-10-31,2023-10-31 11:50:00,202.4,202.4,202.39,202.39,-0.0,5.62,1135.23,-1
2023-10-31,2023-10-31 11:51:00,202.39,202.39,202.39,202.39,0.0,5.62,1135.23,0
2023-10-31,2023-10-31 11:52:00,202.39,202.39,202.39,202.39,0.0,5.62,1135.23,0
2023-10-31,2023-10-31 11:53:00,202.39,202.39,202.39,202.39,0.0,5.62,1135.23,0
2023-10-31,2023-10-31 11:54:00,202.39,202.39,202.39,202.39,0.0,5.62,1135.23,0
2023-10-31,2023-10-31 11:55:00,202.39,202.39,202.38,202.38,-0.0,5.62,1135.23,-1
2023-10-31,2023-10-31 11:56:00,202.38,202.38,202.38,202.38,0.0,5.62,1135.23,0
2023-10-31,2023-10-31 11:57:00,202.38,202.38,202.38,202.38,0.0,5.62,1135.23,0
2023-10-31,2023-10-31 11:58:00,202.38,202.38,202.38,202.38,0.0,5.62,1135.23,0
2023-10-31,2023-10-31 11:59:00,202.38,202.38,202.38,202.38,0.0,5.62,1135.23,0
2023-10-31,2023-10-31 12:00:00,202.38,202.38,202.37,202.37,-0.0,5.62,1135.23,-1
2023-10-31,2023-10-31 12:01:00,202.37,202.37,202.37,202.37,0.0,5.62,1135.23,0
2023-10-31,2023-10-31 12:02:00,202.37,202.37,202.37,202.37,0.0,5.62,1135.23,0
2023-10-31,2023-10-31 12:03:00,202.37,202.37,202.37,202.37,0.0,5.62,1135.23,0
2023-10-31,2023-10-31 12:04:00,202.37,202.37,202.36,202.36,-0.0,5.62,1135.23,-1
2023-10-31,2023-10-31 12:05:00,202.36,202.36,202.36,202.36,0.0,5.62,1135.23,0
2023-10-31,2023-10-31 12:06:00,202.36,202.36,202.36,202.36,0.0,5.62,1135.23,0
2023-10-31,2023-10-31 12:07:00,202.36,202.36,202.36,202.36,0.0,5.62,1135.23,0
2023-10-31,2023-10-31 12:08:00,202.36,202.36,202.36,202.36,0.0,5.62,1135.23,0
2023-10-31,2023-10-31 12:09:00,202.36,202.36,202.35,202.35,-0.0,5.62,1135.23,-1
2023-10-31,2023-10-31 12:10:00,202.35,202.35,202.35,202.35,0.0,5.62,1135.23,0
2023-10-31,2023-10-31 12:11:00,202.35,202.35,202.35,202.35,0.0,5.62,1135.23,0
2023-10-31,2023-10-31 12:12:00,202.35,202.35,202.35,202.35,0.0,5.62,1135.23,0
2023-10-31,2023-10-31 12:13:00,202.35,202.35,202.35,202.35,0.0,5.62,1135.23,0
2023-10-31,2023-10-31 12:14:00,202.35,202.35,202.34,202.34,-0.0,5.62,1135.23,-1
2023-10-31,2023-10-31 12:15:00,202.34,202.34,202.34,202.34,0.0,5.62,1135.23,0
2023-10-31,2023-10-31 12:16:00,202.34,202.34,202.34,202.34,0.0,5.62,1135.23,0
2023-10-31,2023-10-31 12:17:00,202.34,202.34,202.34,202.34,0.0,5.62,1135.23,0
2023-10-31,2023-10-31 12:18:00,202.34,202.34,202.34,202.34,0.0,5.62,1135.23,0
2023-10-31,2023-10-31 12:19:00,202.34,202.34,202.33,202.33,-0.0,5.62,1135.23,-1
2023-10-31,2023-10-31 12:20:00,202.33,202.33,202.33,202.33,0.0,5.62,1135.23,0
2023-10-31,2023-10-31 12:21:00,202.33,202.33,202.33,202.33,0.0,5.62,1135.23,0
2023-10-31,2023-10-31 12:22:00,202.33,202.33,202.33,202.33,0.0,5.62,1135.23,0
2023-10-31,2023-10-31 12:23:00,202.33,202.33,202.32,202.32,-0.0,5.62,1135.23,-1
2023-10-31,2023-10-31 12:24:00,202.32,202.32,202.32,202.32,0.0,5.62,1135.23,0
2023-10-31,2023-10-31 12:25:00,202.32,202.32,202.32,202.32,0.0,5.62,1135.23,0
2023-10-31,2023-10-31 12:26:00,202.32,202.32,202.32,202.32,0.0,5.62,1135.23,0
2023-10-31,2023-10-31 12:27:00,202.32,202.32,202.32,202.32,0.0,5.62,1135.23,0
2023-10-31,2023-10-31 12:28:00,202.32,202.32,202.31,202.31,-0.0,5.62,1135.23,-1
2023-10-31,2023-10-31 12:29:00,202.31,202.31,202.31,202.31,0.0,5.62,1135.23,0
2023-10-31,2023-10-31 12:30:00,202.31,202.31,202.31,202.31,0.0,5.62,1135.23,0
2023-10-31,2023-10-31 12:31:00,202.31,202.31,202.31,202.31,0.0,5.62,1135.23,0
2023-10-31,2023-10-31 12:32:00,202.31,202.31,202.31,202.31,0.0,5.62,1135.23,0
2023-10-31,2023-10-31 12:33:00,202.31,202.31,202.3,202.3,-0.0,5.62,1135.23,-1
2023-10-31,2023-10-31 12:34:00,202.3,202.3,202.3,202.3,0.0,5.62,1135.23,0
2023-10-31,2023-10-31 12:35:00,202.3,202.3,202.3,202.3,0.0,5.62,1135.23,0
2023-10-31,2023-10-31 12:36:00,202.3,202.3,202.3,202.3,0.0,5.62,1135.23,0
2023-10-31,2023-10-31 12:37:00,202.3,202.3,202.3,202.3,0.0,5.62,1135.23,0
2023-10-31,2023-10-31 12:38:00,202.3,202.3,202.29,202.29,-0.0,5.62,1135.23,-1
2023-10-31,2023-10-31 12:39:00,202.29,202.29,202.29,202.29,0.0,5.62,1135.23,0
2023-10-31,2023-10-31 12:40:00,202.29,202.29,202.29,202.29,0.0,5.62,1135.23,0
2023-10-31,2023-10-31 12:41:00,202.29,202.29,202.29,202.29,0.0,5.62,1135.23,0
2023-10-31,2023-10-31 12:42:00,202.29,202.29,202.29,202.29,0.0,5.62,1135.23,0
2023-10-31,2023-10-31 12:43:00,202.29,202.29,202.28,202.28,-0.0,5.62,1135.23,-1
2023-10-31,2023-10-31 12:44:00,202.28,202.28,202.28,202.28,0.0,5.62,1135.23,0
2023-10-31,2023-10-31 12:45:00,202.28,202.28,202.28,202.28,0.0,5.62,1135.23,0
2023-10-31,2023-10-31 12:46:00,202.28,202.28,202.28,202.28,0.0,5.62,1135.23,0
2023-10-31,2023-10-31 12:47:00,202.28,202.28,202.28,202.28,0.0,5.62,1135.23,0
2023-10-31,2023-10-31 12:48:00,202.28,202.28,202.27,202.27,-0.0,5.62,1135.23,-1
2023-10-31,2023-10-31 12:49:00,202.27,202.27,202.27,202.27,0.0,5.62,1135.23,0
2023-10-31,2023-10-31 12:50:00,202.27,202.27,202.27,202.27,0.0,5.62,1135.23,0
2023-10-31,2023-10-31 12:51:00,202.27,202.27,202.27,202.27,0.0,5.62,1135.23,0
2023-10-31,2023-10-31 12:52:00,202.27,202.27,202.26,202.26,-0.0,5.62,1135.23,-1
2023-10-31,2023-10-31 12:53:00,202.26,202.26,202.26,202.26,0.0,5.62,1135.23,0
2023-10-31,2023-10-31 12:54:00,202.26,202.26,202.26,202.26,0.0,5.62,1135.23,0
2023-10-31,2023-10-31 12:55:00,202.26,202.26,202.26,202.26,0.0,5.62,1135.23,0
2023-10-31,2023-10-31 12:56:00,202.26,202.26,202.26,202.26,0.0,5.62,1135.23,0
2023-10-31,2023-10-31 12:57:00,202.26,202.26,202.25,202.25,-0.0,5.62,1135.23,-1
2023-10-31,2023-10-31 12:58:00,202.25,202.25,202.25,202.25,0.0,5.62,1135.23,0
2023-10-31,2023-10-31 12:59:00,202.25,202.25,202.25,202.25,0.0,5.62,1135.23,0
2023-10-31,2023-10-31 13:00:00,202.25,204.0,200.0,202.25,0.0,5.62,1135.23,0
2023-10-31,2023-10-31 13:01:00,202.25,202.25,202.25,202.25,0.0,5.62,1135.23,0
2023-10-31,2023-10-31 13:02:00,202.25,202.25,202.24,202.24,-0.0,5.62,1135.23,-1
2023-10-31,2023-10-31 13:03:00,202.24,202.24,202.24,202.24,0.0,5.62,1135.23,0
2023-10-31,2023-10-31 13:04:00,202.24,202.24,202.24,202.24,0.0,5.62,1135.23,0
2023-10-31,2023-10-31 13:05:00,202.24,202.24,202.24,202.24,0.0,5.62,1135.23,0
2023-10-31,2023-10-31 13:06:00,202.24,202.24,202.24,202.24,0.0,5.62,1135.23,0
2023-10-31,2023-10-31 13:07:00,202.24,202.24,202.23,202.23,-0.0,5.62,1135.23,-1
2023-10-31,2023-10-31 13:08:00,202.23,202.23,202.23,202.23,0.0,5.62,1135.23,0
2023-10-31,2023-10-31 13:09:00,202.23,202.23,202.23,202.23,0.0,5.62,1135.23,0
2023-10-31,2023-10-31 13:10:00,202.23,202.23,202.23,202.23,0.0,5.62,1135.23,0
2023-10-31,2023-10-31 13:11:00,202.23,202.23,202.22,202.22,-0.0,5.62,1135.23,-1
2023-10-31,2023-10-31 13:12:00,202.22,202.22,202.22,202.22,0.0,5.62,1135.23,0
2023-10-31,2023-10-31 13:13:00,202.22,202.22,202.22,202.22,0.0,5.62,1135.23,0
2023-10-31,2023-10-31 13:14:00,202.22,202.22,202.22,202.22,0.0,5.62,1135.23,0
2023-10-31,2023-10-31 13:15:00,202.22,202.22,202.22,202.22,0.0,5.62,1135.23,0
2023-10-31,2023-10-31 13:16:00,202.22,202.22,202.21,202.21,-0.0,5.62,1135.23,-1
2023-10-31,2023-10-31 13:17:00,202.21,202.21,202.21,202.21,0.0,5.62,1135.23,0
2023-10-31,2023-10-31 13:18:00,202.21,202.21,202.21,202.21,0.0,5.62,1135.23,0
2023-10-31,2023-10-31 13:19:00,202.21,202.21,202.21,202.21,0.0,5.62,1135.23,0
2023-10-31,2023-10-31 13:20:00,202.21,202.21,202.21,202.21,0.0,5.62,1135.23,0
2023-10-31,2023-10-31 13:21:00,202.21,202.21,202.2,202.2,-0.0,5.62,1135.23,-1
2023-10-31,2023-10-31 13:22:00,202.2,202.2,202.2,202.2,0.0,5.62,1135.23,0
2023-10-31,2023-10-31 13:23:00,202.2,202.2,202.2,202.2,0.0,5.62,1135.23,0
2023-10-31,2023-10-31 13:24:00,202.2,202.2,202.2,202.2,0.0,5.62,1135.23,0
2023-10-31,2023-10-31 13:25:00,202.2,202.2,202.2,202.2,0.0,5.62,1135.23,0
2023-10-31,2023-10-31 13:26:00,202.2,202.2,202.19,202.19,-0.0,5.62,1135.23,-1
2023-10-31,2023-10-31 13:27:00,202.19,202.19,202.19,202.19,0.0,5.62,1135.23,0
2023-10-31,2023-10-31 13:28:00,202.19,202.19,202.19,202.19,0.0,5.62,1135.23,0
2023-10-31,2023-10-31 13:29:00,202.19,202.19,202.19,202.19,0.0,5.62,1135.23,0
2023-10-31,2023-10-31 13:30:00,202.19,202.19,202.19,202.19,0.0,5.62,1135.23,0
2023-10-31,2023-10-31 13:31:00,202.19,202.19,202.18,202.18,-0.0,5.62,1135.23,-1
2023-10-31,2023-10-31 13:32:00,202.18,202.18,202.18,202.18,0.0,5.62,1135.23,0
2023-10-31,2023-10-31 13:33:00,202.18,202.18,202.18,202.18,0.0,5.62,1135.23,0
2023-10-31,2023-10-31 13:34:00,202.18,202.18,202.18,202.18,0.0,5.62,1135.23,0
2023-10-31,2023-10-31 13:35:00,202.18,202.18,202.18,202.18,0.0,5.62,1135.23,0
2023-10-31,2023-10-31 13:36:00,202.18,202.18,202.17,202.17,-0.0,5.62,1135.23,-1
2023-10-31,2023-10-31 13:37:00,202.17,202.17,202.17,202.17,0.0,5.62,1135.23,0
2023-10-31,2023-10-31 13:38:00,202.17,202.17,202.17,202.17,0.0,5.62,1135.23,0
2023-10-31,2023-10-31 13:39:00,202.17,202.17,202.17,202.17,0.0,5.62,1135.23,0
2023-10-31,2023-10-31 13:40:00,202.17,202.17,202.16,202.16,-0.0,5.62,1135.23,-1
2023-10-31,2023-10-31 13:41:00,202.16,202.16,202.16,202.16,0.0,5.62,1135.23,0
2023-10-31,2023-10-31 13:42:00,202.16,202.16,202.16,202.16,0.0,5.62,1135.23,0
2023-10-31,2023-10-31 13:43:00,202.16,202.16,202.16,202.16,0.0,5.62,1135.23,0
2023-10-31,2023-10-31 13:44:00,202.16,202.16,202.16,202.16,0.0,5.62,1135.23,0
2023-10-31,2023-10-31 13:45:00,202.16,202.16,202.15,202.15,-0.0,5.62,1135.23,-1
2023-10-31,2023-10-31 13:46:00,202.15,202.15,202.15,202.15,0.0,5.62,1135.23,0
2023-10-31,2023-10-31 13:47:00,202.15,202.15,202.15,202.15,0.0,5.62,1135.23,0
2023-10-31,2023-10-31 13:48:00,202.15,202.15,202.15,202.15,0.0,5.62,1135.23,0
2023-10-31,2023-10-31 13:49:00,202.15,202.15,202.15,202.15,0.0,5.62,1135.23,0
2023-10-31,2023-10-31 13:50:00,202.15,202.15,202.14,202.14,-0.0,5.62,1135.23,-1
2023-10-31,2023-10-31 13:51:00,202.14,202.14,202.14,202.14,0.0,5.62,1135.23,0
2023-10-31,2023-10-31 13:52:00,202.14,202.14,202.14,202.14,0.0,5.62,1135.23,0
2023-10-31,2023-10-31 13:53:00,202.14,202.14,202.14,202.14,0.0,5.62,1135.23,0
2023-10-31,2023-10-31 13:54:00,202.14,202.14,202.14,202.14,0.0,5.62,1135.23,0
2023-10-31,2023-10-31 13:55:00,202.14,202.14,202.13,202.13,-0.0,5.62,1135.23,-1
2023-10-31,2023-10-31 13:56:00,202.13,202.13,202.13,202.13,0.0,5.62,1135.23,0
2023-10-31,2023-10-31 13:57:00,202.13,202.13,202.13,202.13,0.0,5.62,1135.23,0
2023-10-31,2023-10-31 13:58:00,202.13,202.13,202.13,202.13,0.0,5.62,1135.23,0
2023-10-31,2023-10-31 13:59:00,202.13,202.13,202.12,202.12,-0.0,5.62,1135.23,-1
2023-10-31,2023-10-31 14:00:00,202.12,202.12,202.12,202.12,0.0,5.62,1135.23,0
2023-10-31,2023-10-31 14:01:00,202.12,202.12,202.12,202.12,0.0,5.62,1135.23,0
2023-10-31,2023-10-31 14:02:00,202.12,202.12,202.12,202.12,0.0,5.62,1135.23,0
2023-10-31,2023-10-31 14:03:00,202.12,202.12,202.12,202.12,0.0,5.62,1135.23,0
2023-10-31,2023-10-31 14:04:00,202.12,202.12,202.11,202.11,-0.0,5.62,1135.23,-1
2023-10-31,2023-10-31 14:05:00,202.11,202.11,202.11,202.11,0.0,5.62,1135.23,0
2023-10-31,2023-10-31 14:06:00,202.11,202.11,202.11,202.11,0.0,5.62,1135.23,0
2023-10-31,2023-10-31 14:07:00,202.11,202.11,202.11,202.11,0.0,5.62,1135.23,0
2023-10-31,2023-10-31 14:08:00,202.11,202.11,202.11,202.11,0.0,5.62,1135.23,0
2023-10-31,2023-10-31 14:09:00,202.11,202.11,202.1,202.1,-0.0,5.62,1135.23,-1
2023-10-31,2023-10-31 14:10:00,202.1,202.1,202.1,202.1,0.0,5.62,1135.23,0
2023-10-31,2023-10-31 14:11:00,202.1,202.1,202.1,202.1,0.0,5.62,1135.23,0
2023-10-31,2023-10-31 14:12:00,202.1,202.1,202.1,202.1,0.0,5.62,1135.23,0
2023-10-31,2023-10-31 14:13:00,202.1,202.1,202.1,202.1,0.0,5.62,1135.23,0
2023-10-31,2023-10-31 14:14:00,202.1,202.1,202.09,202.09,-0.0,5.62,1135.23,-1
2023-10-31,2023-10-31 14:15:00,202.09,202.09,202.09,202.09,0.0,5.62,1135.23,0
2023-10-31,2023-10-31 14:16:00,202.09,202.09,202.09,202.09,0.0,5.62,1135.23,0
2023-10-31,2023-10-31 14:17:00,202.09,202.09,202.09,202.09,0.0,5.62,1135.23,0
2023-10-31,2023-10-31 14:18:00,202.09,202.09,202.09,202.09,0.0,5.62,1135.23,0
2023-10-31,2023-10-31 14:19:00,202.09,202.09,202.08,202.08,-0.0,5.62,1135.23,-1
2023-10-31,2023-10-31 14:20:00,202.08,202.08,202.08,202.08,0.0,5.62,1135.23,0
2023-10-31,2023-10-31 14:21:00,202.08,202.08,202.08,202.08,0.0,5.62,1135.23,0
2023-10-31,2023-10-31 14:22:00,202.08,202.08,202.08,202.08,0.0,5.62,1135.23,0
2023-10-31,2023-10-31 14:23:00,202.08,202.08,202.07,202.07,-0.0,5.62,1135.23,-1
2023-10-31,2023-10-31 14:24:00,202.07,202.07,202.07,202.07,0.0,5.62,1135.23,0
2023-10-31,2023-10-31 14:25:00,202.07,202.07,202.07,202.07,0.0,5.62,1135.23,0
2023-10-31,2023-10-31 14:26:00,202.07,202.07,202.07,202.07,0.0,5.62,1135.23,0
2023-10-31,2023-10-31 14:27:00,202.07,202.07,202.07,202.07,0.0,5.62,1135.23,0
2023-10-31,2023-10-31 14:28:00,202.07,202.07,202.06,202.06,-0.0,5.62,1135.23,-1
2023-10-31,2023-10-31 14:29:00,202.06,202.06,202.06,202.06,0.0,5.62,1135.23,0
2023-10-31,2023-10-31 14:30:00,202.06,202.06,202.06,202.06,0.0,5.62,1135.23,0
2023-10-31,2023-10-31 14:31:00,202.06,202.06,202.06,202.06,0.0,5.62,1135.23,0
2023-10-31,2023-10-31 14:32:00,202.06,202.06,202.06,202.06,0.0,5.62,1135.23,0
2023-10-31,2023-10-31 14:33:00,202.06,202.06,202.05,202.05,-0.0,5.62,1135.23,-1
2023-10-31,2023-10-31 14:34:00,202.05,202.05,202.05,202.05,0.0,5.62,1135.23,0
2023-10-31,2023-10-31 14:35:00,202.05,202.05,202.05,202.05,0.0,5.62,1135.23,0
2023-10-31,2023-10-31 14:36:00,202.05,202.05,202.05,202.05,0.0,5.62,1135.23,0
2023-10-31,2023-10-31 14:37:00,202.05,202.05,202.05,202.05,0.0,5.62,1135.23,0
2023-10-31,2023-10-31 14:38:00,202.05,202.05,202.04,202.04,-0.0,5.62,1135.23,-1
2023-10-31,2023-10-31 14:39:00,202.04,202.04,202.04,202.04,0.0,5.62,1135.23,0
2023-10-31,2023-10-31 14:40:00,202.04,202.04,202.04,202.04,0.0,5.62,1135.23,0
2023-10-31,2023-10-31 14:41:00,202.04,202.04,202.04,202.04,0.0,5.62,1135.23,0
2023-10-31,2023-10-31 14:42:00,202.04,202.04,202.04,202.04,0.0,5.62,1135.23,0
2023-10-31,2023-10-31 14:43:00,202.04,202.04,202.03,202.03,-0.0,5.62,1135.23,-1
2023-10-31,2023-10-31 14:44:00,202.03,202.03,202.03,202.03,0.0,5.62,1135.23,0
2023-10-31,2023-10-31 14:45:00,202.03,202.03,202.03,202.03,0.0,5.62,1135.23,0
2023-10-31,2023-10-31 14:46:00,202.03,202.03,202.03,202.03,0.0,5.62,1135.23,0
2023-10-31,2023-10-31 14:47:00,202.03,202.03,202.03,202.03,0.0,5.62,1135.23,0
2023-10-31,2023-10-31 14:48:00,202.03,202.03,202.02,202.02,-0.0,5.62,1135.23,-1
2023-10-31,2023-10-31 14:49:00,202.02,202.02,202.02,202.02,0.0,5.62,1135.23,0
2023-10-31,2023-10-31 14:50:00,202.02,202.02,202.02,202.02,0.0,5.62,1135.23,0
2023-10-31,2023-10-31 14:51:00,202.02,202.02,202.02,202.02,0.0,5.62,1135.23,0
2023-10-31,2023-10-31 14:52:00,202.02,202.02,202.01,202.01,-0.0,5.62,1135.23,-1
2023-10-31,2023-10-31 14:53:00,202.01,202.01,202.01,202.01,0.0,5.62,1135.23,0
2023-10-31,2023-10-31 14:54:00,202.01,202.01,202.01,202.01,0.0,5.62,1135.23,0
2023-10-31,2023-10-31 14:55:00,202.01,202.01,202.01,202.01,0.0,5.62,1135.23,0
2023-10-31,2023-10-31 14:56:00,202.01,202.01,202.01,202.01,0.0,5.62,1135.23,0
2023-10-31,2023-10-31 14:57:00,202.01,202.01,202.0,202.0,-0.0,5.62,1135.23,-1
2023-10-31,2023-10-31 14:58:00,202.0,202.0,202.0,202.0,0.0,5.62,1135.23,0
2023-10-31,2023-10-31 14:59:00,202.0,202.0,202.0,202.0,0.0,5.62,1135.23,0
2023-10-31,2023-10-31 15:00:00,202.0,204.0,200.0,202.0,0.0,5.62,1135.23,0
2023-11-01,2023-11-01 11:00:00,201.1,201.67,199.72,201.09,-0.0,20.9,4164.07,-1
2023-11-01,2023-11-01 11:01:00,201.09,201.09,201.09,201.09,0.0,20.9,4164.07,0
2023-11-01,2023-11-01 11:02:00,201.09,201.09,201.09,201.09,0.0,20.9,4164.07,0
2023-11-01,2023-11-01 11:03:00,201.09,201.09,201.08,201.08,-0.0,20.9,4164.07,-1
2023-11-01,2023-11-01 11:04:00,201.08,201.08,201.07,201.07,-0.0,20.9,4164.07,-1
2023-11-01,2023-11-01 11:05:00,201.07,201.07,201.07,201.07,0.0,20.9,4164.07,0
2023-11-01,2023-11-01 11:06:00,201.07,201.07,201.06,201.06,-0.0,20.9,4164.07,-1
2023-11-01,2023-11-01 11:07:00,201.06,201.06,201.06,201.06,0.0,20.9,4164.07,0
2023-11-01,2023-11-01 11:08:00,201.06,201.06,201.06,201.06,0.0,20.9,4164.07,0
2023-11-01,2023-11-01 11:09:00,201.06,201.06,201.05,201.05,-0.0,20.9,4164.07,-1
2023-11-01,2023-11-01 11:10:00,201.05,201.05,201.04,201.04,-0.0,20.9,4164.07,-1
2023-11-01,2023-11-01 11:11:00,201.04,201.04,201.04,201.04,0.0,20.9,4164.07,0
2023-11-01,2023-11-01 11:12:00,201.04,201.04,201.03,201.03,-0.0,20.9,4164.07,-1
2023-11-01,2023-11-01 11:13:00,201.03,201.03,201.03,201.03,0.0,20.9,4164.07,0
2023-11-01,2023-11-01 11:14:00,201.03,201.03,201.03,201.03,0.0,20.9,4164.07,0
2023-11-01,2023-11-01 11:15:00,201.03,201.03,201.02,201.02,-0.0,20.9,4164.07,-1
2023-11-01,2023-11-01 11:16:00,201.02,201.02,201.01,201.01,-0.0,20.9,4164.07,-1
2023-11-01,2023-11-01 11:17:00,201.01,201.01,201.01,201.01,0.0,20.9,4164.07,0
2023-11-01,2023-11-01 11:18:00,201.01,201.01,201.0,201.0,-0.0,20.9,4164.07,-1
2023-11-01,2023-11-01 11:19:00,201.0,201.0,201.0,201.0,0.0,20.9,4164.07,0
2023-11-01,2023-11-01 11:20:00,201.0,201.0,201.0,201.0,0.0,20.9,4164.07,0
2023-11-01,2023-11-01 11:21:00,201.0,201.0,200.99,200.99,-0.0,20.9,4164.07,-1
2023-11-01,2023-11-01 11:22:00,200.99,200.99,200.98,200.98,-0.0,20.9,4164.07,-1
2023-11-01,2023-11-01 11:23:00,200.98,200.98,200.98,200.98,0.0,20.9,4164.07,0
2023-11-01,2023-11-01 11:24:00,200.98,200.98,200.97,200.97,-0.0,20.9,4164.07,-1
2023-11-01,2023-11-01 11:25:00,200.97,200.97,200.97,200.97,0.0,20.9,4164.07,0
2023-11-01,2023-11-01 11:26:00,200.97,200.97,200.97,200.97,0.0,20.9,4164.07,0
2023-11-01,2023-11-01 11:27:00,200.97,200.97,200.96,200.96,-0.0,20.9,4164.07,-1
2023-11-01,2023-11-01 11:28:00,200.96,200.96,200.95,200.95,-0.0,20.9,4164.07,-1
2023-11-01,2023-11-01 11:29:00,200.95,200.95,200.95,200.95,0.0,20.9,4164.07,0
2023-11-01,2023-11-01 11:30:00,200.95,200.95,200.94,200.94,-0.0,20.9,4164.07,-1
2023-11-01,2023-11-01 11:31:00,200.94,200.94,200.94,200.94,0.0,20.9,4164.07,0
2023-11-01,2023-11-01 11:32:00,200.94,200.94,200.94,200.94,0.0,20.9,4164.07,0
2023-11-01,2023-11-01 11:33:00,200.94,200.94,200.93,200.93,-0.0,20.9,4164.07,-1
2023-11-01,2023-11-01 11:34:00,200.93,200.93,200.92,200.92,-0.0,20.9,4164.07,-1
2023-11-01,2023-11-01 11:35:00,200.92,200.92,200.92,200.92,0.0,20.9,4164.07,0
2023-11-01,2023-11-01 11:36:00,200.92,200.92,200.91,200.91,-0.0,20.9,4164.07,-1
2023-11-01,2023-11-01 11:37:00,200.91,200.91,200.91,200.91,0.0,20.9,4164.07,0
2023-11-01,2023-11-01 11:38:00,200.91,200.91,200.91,200.91,0.0,20.9,4164.07,0
2023-11-01,2023-11-01 11:39:00,200.91,200.91,200.9,200.9,-0.0,20.9,4164.07,-1
2023-11-01,2023-11-01 11:40:00,200.9,200.9,200.9,200.9,0.0,20.9,4164.07,0
2023-11-01,2023-11-01 11:41:00,200.9,200.9,200.89,200.89,-0.0,20.9,4164.07,-1
2023-11-01,2023-11-01 11:42:00,200.89,200.89,200.88,200.88,-0.0,20.9,4164.07,-1
2023-11-01,2023-11-01 11:43:00,200.88,200.88,200.88,200.88,0.0,20.9,4164.07,0
2023-11-01,2023-11-01 11:44:00,200.88,200.88,200.88,200.88,0.0,20.9,4164.07,0
2023-11-01,2023-11-01 11:45:00,200.88,200.88,200.87,200.87,-0.0,20.9,4164.07,-1
2023-11-01,2023-11-01 11:46:00,200.87,200.87,200.87,200.87,0.0,20.9,4164.07,0
2023-11-01,2023-11-01 11:47:00,200.87,200.87,200.86,200.86,-0.0,20.9,4164.07,-1
2023-11-01,2023-11-01 11:48:00,200.86,200.86,200.85,200.85,-0.0,20.9,4164.07,-1
2023-11-01,2023-11-01 11:49:00,200.85,200.85,200.85,200.85,0.0,20.9,4164.07,0
2023-11-01,2023-11-01 11:50:00,200.85,200.85,200.84,200.84,-0.0,20.9,4164.07,-1
2023-11-01,2023-11-01 11:51:00,200.84,200.84,200.84,200.84,0.0,20.9,4164.07,0
2023-11-01,2023-11-01 11:52:00,200.84,200.84,200.84,200.84,0.0,20.9,4164.07,0
2023-11-01,2023-11-01 11:53:00,200.84,200.84,200.83,200.83,-0.0,20.9,4164.07,-1
2023-11-01,2023-11-01 11:54:00,200.83,200.83,200.82,200.82,-0.0,20.9,4164.07,-1
2023-11-01,2023-11-01 11:55:00,200.82,200.82,200.82,200.82,0.0,20.9,4164.07,0
2023-11-01,2023-11-01 11:56:00,200.82,200.82,200.81,200.81,-0.0,20.9,4164.07,-1
2023-11-01,2023-11-01 11:57:00,200.81,200.81,200.81,200.81,0.0,20.9,4164.07,0
2023-11-01,2023-11-01 11:58:00,200.81,200.81,200.81,200.81,0.0,20.9,4164.07,0
2023-11-01,2023-11-01 11:59:00,200.81,200.81,200.8,200.8,-0.0,20.9,4164.07,-1
2023-11-01,2023-11-01 12:00:00,200.8,200.8,200.79,200.79,-0.0,20.9,4164.07,-1
2023-11-01,2023-11-01 12:01:00,200.79,200.79,200.79,200.79,0.0,20.9,4164.07,0
2023-11-01,2023-11-01 12:02:00,200.79,200.79,200.78,200.78,-0.0,20.9,4164.07,-1
2023-11-01,2023-11-01 12:03:00,200.78,200.78,200.78,200.78,0.0,20.9,4164.07,0
2023-11-01,2023-11-01 12:04:00,200.78,200.78,200.78,200.78,0.0,20.9,4164.07,0
2023-11-01,2023-11-01 12:05:00,200.78,200.78,200.77,200.77,-0.0,20.9,4164.07,-1
2023-11-01,2023-11-01 12:06:00,200.77,200.77,200.76,200.76,-0.0,20.9,4164.07,-1
2023-11-01,2023-11-01 12:07:00,200.76,200.76,200.76,200.76,0.0,20.9,4164.07,0
2023-11-01,2023-11-01 12:08:00,200.76,200.76,200.75,200.75,-0.0,20.9,4164.07,-1
2023-11-01,2023-11-01 12:09:00,200.75,200.75,200.75,200.75,0.0,20.9,4164.07,0
2023-11-01,2023-11-01 12:10:00,200.75,200.75,200.75,200.75,0.0,20.9,4164.07,0
2023-11-01,2023-11-01 12:11:00,200.75,200.75,200.74,200.74,-0.0,20.9,4164.07,-1
2023-11-01,2023-11-01 12:12:00,200.74,200.74,200.73,200.73,-0.0,20.9,4164.07,-1
2023-11-01,2023-11-01 12:13:00,200.73,200.73,200.73,200.73,0.0,20.9,4164.07,0
2023-11-01,2023-11-01 12:14:00,200.73,200.73,200.72,200.72,-0.0,20.9,4164.07,-1
2023-11-01,2023-11-01 12:15:00,200.72,200.72,200.72,200.72,0.0,20.9,4164.07,0
2023-11-01,2023-11-01 12:16:00,200.72,200.72,200.72,200.72,0.0,20.9,4164.07,0
2023-11-01,2023-11-01 12:17:00,200.72,200.72,200.71,200.71,-0.0,20.9,4164.07,-1
2023-11-01,2023-11-01 12:18:00,200.71,200.71,200.7,200.7,-0.0,20.9,4164.07,-1
2023-11-01,2023-11-01 12:19:00,200.7,200.7,200.7,200.7,0.0,20.9,4164.07,0
2023-11-01,2023-11-01 12:20:00,200.7,200.7,200.69,200.69,-0.0,20.9,4164.07,-1
2023-11-01,2023-11-01 12:21:00,200.69,200.69,200.69,200.69,0.0,20.9,4164.07,0
2023-11-01,2023-11-01 12:22:00,200.69,200.69,200.69,200.69,0.0,20.9,4164.07,0
2023-11-01,2023-11-01 12:23:00,200.69,200.69,200.68,200.68,-0.0,20.9,4164.07,-1
2023-11-01,2023-11-01 12:24:00,200.68,200.68,200.68,200.68,0.0,20.9,4164.07,0
2023-11-01,2023-11-01 12:25:00,200.68,200.68,200.67,200.67,-0.0,20.9,4164.07,-1
2023-11-01,2023-11-01 12:26:00,200.67,200.67,200.66,200.66,-0.0,20.9,4164.07,-1
2023-11-01,2023-11-01 12:27:00,200.66,200.66,200.66,200.66,0.0,20.9,4164.07,0
2023-11-01,2023-11-01 12:28:00,200.66,200.66,200.66,200.66,0.0,20.9,4164.07,0
2023-11-01,2023-11-01 12:29:00,200.66,200.66,200.65,200.65,-0.0,20.9,4164.07,-1
2023-11-01,2023-11-01 12:30:00,200.65,200.65,200.65,200.65,0.0,20.9,4164.07,0
2023-11-01,2023-11-01 12:31:00,200.65,200.65,200.64,200.64,-0.0,20.9,4164.07,-1
2023-11-01,2023-11-01 12:32:00,200.64,200.64,200.63,200.63,-0.0,20.9,4164.07,-1
2023-11-01,2023-11-01 12:33:00,200.63,200.63,200.63,200.63,0.0,20.9,4164.07,0
2023-11-01,2023-11-01 12:34:00,200.63,200.63,200.62,200.62,-0.0,20.9,4164.07,-1
2023-11-01,2023-11-01 12:35:00,200.62,200.62,200.62,200.62,0.0,20.9,4164.07,0
2023-11-01,2023-11-01 12:36:00,200.62,200.62,200.62,200.62,0.0,20.9,4164.07,0
2023-11-01,2023-11-01 12:37:00,200.62,200.62,200.61,200.61,-0.0,20.9,4164.07,-1
2023-11-01,2023-11-01 12:38:00,200.61,200.61,200.6,200.6,-0.0,20.9,4164.07,-1
2023-11-01,2023-11-01 12:39:00,200.6,200.6,200.6,200.6,0.0,20.9,4164.07,0
2023-11-01,2023-11-01 12:40:00,200.6,200.6,200.59,200.59,-0.0,20.9,4164.07,-1
2023-11-01,2023-11-01 12:41:00,200.59,200.59,200.59,200.59,0.0,20.9,4164.07,0
2023-11-01,2023-11-01 12:42:00,200.59,200.59,200.59,200.59,0.0,20.9,4164.07,0
2023-11-01,2023-11-01 12:43:00,200.59,200.59,200.58,200.58,-0.0,20.9,4164.07,-1
2023-11-01,2023-11-01 12:44:00,200.58,200.58,200.57,200.57,-0.0,20.9,4164.07,-1
2023-11-01,2023-11-01 12:45:00,200.57,200.57,200.57,200.57,0.0,20.9,4164.07,0
2023-11-01,2023-11-01 12:46:00,200.57,200.57,200.56,200.56,-0.0,20.9,4164.07,-1
2023-11-01,2023-11-01 12:47:00,200.56,200.56,200.56,200.56,0.0,20.9,4164.07,0
2023-11-01,2023-11-01 12:48:00,200.56,200.56,200.56,200.56,0.0,20.9,4164.07,0
2023-11-01,2023-11-01 12:49:00,200.56,200.56,200.55,200.55,-0.0,20.9,4164.07,-1
2023-11-01,2023-11-01 12:50:00,200.55,200.55,200.54,200.54,-0.0,20.9,4164.07,-1
2023-11-01,2023-11-01 12:51:00,200.54,200.54,200.54,200.54,0.0,20.9,4164.07,0
2023-11-01,2023-11-01 12:52:00,200.54,200.54,200.53,200.53,-0.0,20.9,4164.07,-1
2023-11-01,2023-11-01 12:53:00,200.53,200.53,200.53,200.53,0.0,20.9,4164.07,0
2023-11-01,2023-11-01 12:54:00,200.53,200.53,200.53,200.53,0.0,20.9,4164.07,0
2023-11-01,2023-11-01 12:55:00,200.53,200.53,200.52,200.52,-0.0,20.9,4164.07,-1
2023-11-01,2023-11-01 12:56:00,200.52,200.52,200.51,200.51,-0.0,20.9,4164.07,-1
2023-11-01,2023-11-01 12:57:00,200.51,200.51,200.51,200.51,0.0,20.9,4164.07,0
2023-11-01,2023-11-01 12:58:00,200.51,200.51,200.5,200.5,-0.0,20.9,4164.07,-1
2023-11-01,2023-11-01 12:59:00,200.5,200.5,200.5,200.5,0.0,20.9,4164.07,0
2023-11-01,2023-11-01 13:00:00,200.5,203.0,196.5,200.5,0.0,20.9,4164.07,0
2023-11-01,2023-11-01 13:01:00,200.5,200.5,200.49,200.49,-0.0,20.9,4164.07,-1
2023-11-01,2023-11-01 13:02:00,200.49,200.49,200.49,200.49,0.0,20.9,4164.07,0
2023-11-01,2023-11-01 13:03:00,200.49,200.49,200.48,200.48,-0.0,20.9,4164.07,-1
2023-11-01,2023-11-01 13:04:00,200.48,200.48,200.47,200.47,-0.0,20.9,4164.07,-1
2023-11-01,2023-11-01 13:05:00,200.47,200.47,200.47,200.47,0.0,20.9,4164.07,0
2023-11-01,2023-11-01 13:06:00,200.47,200.47,200.47,200.47,0.0,20.9,4164.07,0
2023-11-01,2023-11-01 13:07:00,200.47,200.47,200.46,200.46,-0.0,20.9,4164.07,-1
2023-11-01,2023-11-01 13:08:00,200.46,200.46,200.46,200.46,0.0,20.9,4164.07,0
2023-11-01,2023-11-01 13:09:00,200.46,200.46,200.45,200.45,-0.0,20.9,4164.07,-1
2023-11-01,2023-11-01 13:10:00,200.45,200.45,200.44,200.44,-0.0,20.9,4164.07,-1
2023-11-01,2023-11-01 13:11:00,200.44,200.44,200.44,200.44,0.0,20.9,4164.07,0
2023-11-01,2023-11-01 13:12:00,200.44,200.44,200.44,200.44,0.0,20.9,4164.07,0
2023-11-01,2023-11-01 13:13:00,200.44,200.44,200.43,200.43,-0.0,20.9,4164.07,-1
2023-11-01,2023-11-01 13:14:00,200.43,200.43,200.43,200.43,0.0,20.9,4164.07,0
2023-11-01,2023-11-01 13:15:00,200.43,200.43,200.42,200.42,-0.0,20.9,4164.07,-1
2023-11-01,2023-11-01 13:16:00,200.42,200.42,200.41,200.41,-0.0,20.9,4164.07,-1
2023-11-01,2023-11-01 13:17:00,200.41,200.41,200.41,200.41,0.0,20.9,4164.07,0
2023-11-01,2023-11-01 13:18:00,200.41,200.41,200.41,200.41,0.0,20.9,4164.07,0
2023-11-01,2023-11-01 13:19:00,200.41,200.41,200.4,200.4,-0.0,20.9,4164.07,-1
2023-11-01,2023-11-01 13:20:00,200.4,200.4,200.4,200.4,0.0,20.9,4164.07,0
2023-11-01,2023-11-01 13:21:00,200.4,200.4,200.39,200.39,-0.0,20.9,4164.07,-1
2023-11-01,2023-11-01 13:22:00,200.39,200.39,200.38,200.38,-0.0,20.9,4164.07,-1
2023-11-01,2023-11-01 13:23:00,200.38,200.38,200.38,200.38,0.0,20.9,4164.07,0
2023-11-01,2023-11-01 13:24:00,200.38,200.38,200.38,200.38,0.0,20.9,4164.07,0
2023-11-01,2023-11-01 13:25:00,200.38,200.38,200.37,200.37,-0.0,20.9,4164.07,-1
2023-11-01,2023-11-01 13:26:00,200.37,200.37,200.37,200.37,0.0,20.9,4164.07,0
2023-11-01,2023-11-01 13:27:00,200.37,200.37,200.36,200.36,-0.0,20.9,4164.07,-1
2023-11-01,2023-11-01 13:28:00,200.36,200.36,200.35,200.35,-0.0,20.9,4164.07,-1
2023-11-01,2023-11-01 13:29:00,200.35,200.35,200.35,200.35,0.0,20.9,4164.07,0
2023-11-01,2023-11-01 13:30:00,200.35,200.35,200.34,200.34,-0.0,20.9,4164.07,-1
2023-11-01,2023-11-01 13:31:00,200.34,200.34,200.34,200.34,0.0,20.9,4164.07,0
2023-11-01,2023-11-01 13:32:00,200.34,200.34,200.34,200.34,0.0,20.9,4164.07,0
2023-11-01,2023-11-01 13:33:00,200.34,200.34,200.33,200.33,-0.0,20.9,4164.07,-1
2023-11-01,2023-11-01 13:34:00,200.33,200.33,200.32,200.32,-0.0,20.9,4164.07,-1
2023-11-01,2023-11-01 13:35:00,200.32,200.32,200.32,200.32,0.0,20.9,4164.07,0
2023-11-01,2023-11-01 13:36:00,200.32,200.32,200.31,200.31,-0.0,20.9,4164.07,-1
2023-11-01,2023-11-01 13:37:00,200.31,200.31,200.31,200.31,0.0,20.9,4164.07,0
2023-11-01,2023-11-01 13:38:00,200.31,200.31,200.31,200.31,0.0,20.9,4164.07,0
2023-11-01,2023-11-01 13:39:00,200.31,200.31,200.3,200.3,-0.0,20.9,4164.07,-1
2023-11-01,2023-11-01 13:40:00,200.3,200.3,200.3,200.3,0.0,20.9,4164.07,0
2023-11-01,2023-11-01 13:41:00,200.3,200.3,200.29,200.29,-0.0,20.9,4164.07,-1
2023-11-01,2023-11-01 13:42:00,200.29,200.29,200.28,200.28,-0.0,20.9,4164.07,-1
2023-11-01,2023-11-01 13:43:00,200.28,200.28,200.28,200.28,0.0,20.9,4164.07,0
2023-11-01,2023-11-01 13:44:00,200.28,200.28,200.28,200.28,0.0,20.9,4164.07,0
2023-11-01,2023-11-01 13:45:00,200.28,200.28,200.27,200.27,-0.0,20.9,4164.07,-1
2023-11-01,2023-11-01 13:46:00,200.27,200.27,200.27,200.27,0.0,20.9,4164.07,0
2023-11-01,2023-11-01 13:47:00,200.27,200.27,200.26,200.26,-0.0,20.9,4164.07,-1
2023-11-01,2023-11-01 13:48:00,200.26,200.26,200.25,200.25,-0.0,20.9,4164.07,-1
2023-11-01,2023-11-01 13:49:00,200.25,200.25,200.25,200.25,0.0,20.9,4164.07,0
2023-11-01,2023-11-01 13:50:00,200.25,200.25,200.25,200.25,0.0,20.9,4164.07,0
2023-11-01,2023-11-01 13:51:00,200.25,200.25,200.24,200.24,-0.0,20.9,4164.07,-1
2023-11-01,2023-11-01 13:52:00,200.24,200.24,200.24,200.24,0.0,20.9,4164.07,0
2023-11-01,2023-11-01 13:53:00,200.24,200.24,200.23,200.23,-0.0,20.9,4164.07,-1
2023-11-01,2023-11-01 13:54:00,200.23,200.23,200.22,200.22,-0.0,20.9,4164.07,-1
2023-11-01,2023-11-01 13:55:00,200.22,200.22,200.22,200.22,0.0,20.9,4164.07,0
2023-11-01,2023-11-01 13:56:00,200.22,200.22,200.22,200.22,0.0,20.9,4164.07,0
2023-11-01,2023-11-01 13:57:00,200.22,200.22,200.21,200.21,-0.0,20.9,4164.07,-1
2023-11-01,2023-11-01 13:58:00,200.21,200.21,200.21,200.21,0.0,20.9,4164.07,0
2023-11-01,2023-11-01 13:59:00,200.21,200.21,200.2,200.2,-0.0,20.9,4164.07,-1
2023-11-01,2023-11-01 14:00:00,200.2,200.2,200.19,200.19,-0.0,20.9,4164.07,-1
2023-11-01,2023-11-01 14:01:00,200.19,200.19,200.19,200.19,0.0,20.9,4164.07,0
2023-11-01,2023-11-01 14:02:00,200.19,200.19,200.19,200.19,0.0,20.9,4164.07,0
2023-11-01,2023-11-01 14:03:00,200.19,200.19,200.18,200.18,-0.0,20.9,4164.07,-1
2023-11-01,2023-11-01 14:04:00,200.18,200.18,200.18,200.18,0.0,20.9,4164.07,0
2023-11-01,2023-11-01 14:05:00,200.18,200.18,200.17,200.17,-0.0,20.9,4164.07,-1
2023-11-01,2023-11-01 14:06:00,200.17,200.17,200.16,200.16,-0.0,20.9,4164.07,-1
2023-11-01,2023-11-01 14:07:00,200.16,200.16,200.16,200.16,0.0,20.9,4164.07,0
2023-11-01,2023-11-01 14:08:00,200.16,200.16,200.16,200.16,0.0,20.9,4164.07,0
2023-11-01,2023-11-01 14:09:00,200.16,200.16,200.15,200.15,-0.0,20.9,4164.07,-1
2023-11-01,2023-11-01 14:10:00,200.15,200.15,200.15,200.15,0.0,20.9,4164.07,0
2023-11-01,2023-11-01 14:11:00,200.15,200.15,200.14,200.14,-0.0,20.9,4164.07,-1
2023-11-01,2023-11-01 14:12:00,200.14,200.14,200.13,200.13,-0.0,20.9,4164.07,-1
2023-11-01,2023-11-01 14:13:00,200.13,200.13,200.13,200.13,0.0,20.9,4164.07,0
2023-11-01,2023-11-01 14:14:00,200.13,200.13,200.12,200.12,-0.0,20.9,4164.07,-1
2023-11-01,2023-11-01 14:15:00,200.12,200.12,200.12,200.12,0.0,20.9,4164.07,0
2023-11-01,2023-11-01 14:16:00,200.12,200.12,200.12,200.12,0.0,20.9,4164.07,0
2023-11-01,2023-11-01 14:17:00,200.12,200.12,200.11,200.11,-0.0,20.9,4164.07,-1
2023-11-01,2023-11-01 14:18:00,200.11,200.11,200.1,200.1,-0.0,20.9,4164.07,-1
2023-11-01,2023-11-01 14:19:00,200.1,200.1,200.1,200.1,0.0,20.9,4164.07,0
2023-11-01,2023-11-01 14:20:00,200.1,200.1,200.09,200.09,-0.0,20.9,4164.07,-1
2023-11-01,2023-11-01 14:21:00,200.09,200.09,200.09,200.09,0.0,20.9,4164.07,0
2023-11-01,2023-11-01 14:22:00,200.09,200.09,200.09,200.09,0.0,20.9,4164.07,0
2023-11-01,2023-11-01 14:23:00,200.09,200.09,200.08,200.08,-0.0,20.9,4164.07,-1
2023-11-01,2023-11-01 14:24:00,200.08,200.08,200.08,200.08,0.0,20.9,4164.07,0
2023-11-01,2023-11-01 14:25:00,200.08,200.08,200.07,200.07,-0.0,20.9,4164.07,-1
2023-11-01,2023-11-01 14:26:00,200.07,200.07,200.06,200.06,-0.0,20.9,4164.07,-1
2023-11-01,2023-11-01 14:27:00,200.06,200.06,200.06,200.06,0.0,20.9,4164.07,0
2023-11-01,2023-11-01 14:28:00,200.06,200.06,200.06,200.06,0.0,20.9,4164.07,0
2023-11-01,2023-11-01 14:29:00,200.06,200.06,200.05,200.05,-0.0,20.9,4164.07,-1
2023-11-01,2023-11-01 14:30:00,200.05,200.05,200.05,200.05,0.0,20.9,4164.07,0
2023-11-01,2023-11-01 14:31:00,200.05,200.05,200.04,200.04,-0.0,20.9,4164.07,-1
2023-11-01,2023-11-01 14:32:00,200.04,200.04,200.03,200.03,-0.0,20.9,4164.07,-1
2023-11-01,2023-11-01 14:33:00,200.03,200.03,200.03,200.03,0.0,20.9,4164.07,0
2023-11-01,2023-11-01 14:34:00,200.03,200.03,200.03,200.03,0.0,20.9,4164.07,0
2023-11-01,2023-11-01 14:35:00,200.03,200.03,200.02,200.02,-0.0,20.9,4164.07,-1
2023-11-01,2023-11-01 14:36:00,200.02,200.02,200.02,200.02,0.0,20.9,4164.07,0
2023-11-01,2023-11-01 14:37:00,200.02,200.02,200.01,200.01,-0.0,20.9,4164.07,-1
2023-11-01,2023-11-01 14:38:00,200.01,200.01,200.0,200.0,-0.0,20.9,4164.07,-1
2023-11-01,2023-11-01 14:39:00,200.0,200.0,200.0,200.0,0.0,20.9,4164.07,0
2023-11-01,2023-11-01 14:40:00,200.0,200.0,200.0,200.0,0.0,20.9,4164.07,0
2023-11-01,2023-11-01 14:41:00,200.0,200.0,199.99,199.99,-0.0,20.9,4164.07,-1
2023-11-01,2023-11-01 14:42:00,199.99,199.99,199.99,199.99,0.0,20.9,4164.07,0
2023-11-01,2023-11-01 14:43:00,199.99,199.99,199.98,199.98,-0.01,20.9,4164.07,-1
2023-11-01,2023-11-01 14:44:00,199.98,199.98,199.97,199.97,-0.01,20.9,4164.07,-1
2023-11-01,2023-11-01 14:45:00,199.97,199.97,199.97,199.97,0.0,20.9,4164.07,0
2023-11-01,2023-11-01 14:46:00,199.97,199.97,199.97,199.97,0.0,20.9,4164.07,0
2023-11-01,2023-11-01 14:47:00,199.97,199.97,199.96,199.96,-0.01,20.9,4164.07,-1
2023-11-01,2023-11-01 14:48:00,199.96,199.96,199.96,199.96,0.0,20.9,4164.07,0
2023-11-01,2023-11-01 14:49:00,199.96,199.96,199.95,199.95,-0.01,20.9,4164.07,-1
2023-11-01,2023-11-01 14:50:00,199.95,199.95,199.94,199.94,-0.01,20.9,4164.07,-1
2023-11-01,2023-11-01 14:51:00,199.94,199.94,199.94,199.94,0.0,20.9,4164.07,0
2023-11-01,2023-11-01 14:52:00,199.94,199.94,199.94,199.94,0.0,20.9,4164.07,0
2023-11-01,2023-11-01 14:53:00,199.94,199.94,199.93,199.93,-0.01,20.9,4164.07,-1
2023-11-01,2023-11-01 14:54:00,199.93,199.93,199.93,199.93,0.0,20.9,4164.07,0
2023-11-01,2023-11-01 14:55:00,199.93,199.93,199.92,199.92,-0.01,20.9,4164.07,-1
2023-11-01,2023-11-01 14:56:00,199.92,199.92,199.91,199.91,-0.01,20.9,4164.07,-1
2023-11-01,2023-11-01 14:57:00,199.91,199.91,199.91,199.91,0.0,20.9,4164.07,0
2023-11-01,2023-11-01 14:58:00,199.91,199.91,199.91,199.91,0.0,20.9,4164.07,0
2023-11-01,2023-11-01 14:59:00,199.91,199.91,199.9,199.9,-0.01,20.9,4164.07,-1
2023-11-01,2023-11-01 15:00:00,199.9,203.0,196.5,199.9,0.0,20.9,4164.07,0
2023-11-02,2023-11-02 11:00:00,196.0,198.31,195.22,195.99,-0.01,11.99,2354.4,-1
2023-11-02,2023-11-02 11:01:00,195.99,195.99,195.98,195.98,-0.01,11.99,2354.4,-1
2023-11-02,2023-11-02 11:02:00,195.98,195.98,195.97,195.97,-0.01,11.99,2354.4,-1
2023-11-02,2023-11-02 11:03:00,195.97,195.97,195.96,195.96,-0.01,11.99,2354.4,-1
2023-11-02,2023-11-02 11:04:00,195.96,195.96,195.95,195.95,-0.01,11.99,2354.4,-1
2023-11-02,2023-11-02 11:05:00,195.95,195.95,195.94,195.94,-0.01,11.99,2354.4,-1
2023-11-02,2023-11-02 11:06:00,195.94,195.94,195.92,195.92,-0.01,11.99,2354.4,-1
2023-11-02,2023-11-02 11:07:00,195.92,195.92,195.91,195.91,-0.01,11.99,2354.4,-1
2023-11-02,2023-11-02 11:08:00,195.91,195.91,195.9,195.9,-0.01,11.99,2354.4,-1
2023-11-02,2023-11-02 11:09:00,195.9,195.9,195.89,195.89,-0.01,11.99,2354.4,-1
2023-11-02,2023-11-02 11:10:00,195.89,195.89,195.88,195.88,-0.01,11.99,2354.4,-1
2023-11-02,2023-11-02 11:11:00,195.88,195.88,195.87,195.87,-0.01,11.99,2354.4,-1
2023-11-02,2023-11-02 11:12:00,195.87,195.87,195.86,195.86,-0.01,11.99,2354.4,-1
2023-11-02,2023-11-02 11:13:00,195.86,195.86,195.85,195.85,-0.01,11.99,2354.4,-1
2023-11-02,2023-11-02 11:14:00,195.85,195.85,195.84,195.84,-0.01,11.99,2354.4,-1
2023-11-02,2023-11-02 11:15:00,195.84,195.84,195.83,195.83,-0.01,11.99,2354.4,-1
2023-11-02,2023-11-02 11:16:00,195.83,195.83,195.82,195.82,-0.01,11.99,2354.4,-1
2023-11-02,2023-11-02 11:17:00,195.82,195.82,195.81,195.81,-0.01,11.99,2354.4,-1
2023-11-02,2023-11-02 11:18:00,195.81,195.81,195.79,195.79,-0.01,11.99,2354.4,-1
2023-11-02,2023-11-02 11:19:00,195.79,195.79,195.78,195.78,-0.01,11.99,2354.4,-1
2023-11-02,2023-11-02 11:20:00,195.78,195.78,195.77,195.77,-0.01,11.99,2354.4,-1
2023-11-02,2023-11-02 11:21:00,195.77,195.77,195.76,195.76,-0.01,11.99,2354.4,-1
2023-11-02,2023-11-02 11:22:00,195.76,195.76,195.75,195.75,-0.01,11.99,2354.4,-1
2023-11-02,2023-11-02 11:23:00,195.75,195.75,195.74,195.74,-0.01,11.99,2354.4,-1
2023-11-02,2023-11-02 11:24:00,195.74,195.74,195.73,195.73,-0.01,11.99,2354.4,-1
2023-11-02,2023-11-02 11:25:00,195.73,195.73,195.72,195.72,-0.01,11.99,2354.4,-1
2023-11-02,2023-11-02 11:26:00,195.72,195.72,195.71,195.71,-0.01,11.99,2354.4,-1
2023-11-02,2023-11-02 11:27:00,195.71,195.71,195.7,195.7,-0.01,11.99,2354.4,-1
2023-11-02,2023-11-02 11:28:00,195.7,195.7,195.69,195.69,-0.01,11.99,2354.4,-1
2023-11-02,2023-11-02 11:29:00,195.69,195.69,195.68,195.68,-0.01,11.99,2354.4,-1
2023-11-02,2023-11-02 11:30:00,195.68,195.68,195.66,195.66,-0.01,11.99,2354.4,-1
2023-11-02,2023-11-02 11:31:00,195.66,195.66,195.65,195.65,-0.01,11.99,2354.4,-1
2023-11-02,2023-11-02 11:32:00,195.65,195.65,195.64,195.64,-0.01,11.99,2354.4,-1
2023-11-02,2023-11-02 11:33:00,195.64,195.64,195.63,195.63,-0.01,11.99,2354.4,-1
2023-11-02,2023-11-02 11:34:00,195.63,195.63,195.62,195.62,-0.01,11.99,2354.4,-1
2023-11-02,2023-11-02 11:35:00,195.62,195.62,195.61,195.61,-0.01,11.99,2354.4,-1
2023-11-02,2023-11-02 11:36:00,195.61,195.61,195.6,195.6,-0.01,11.99,2354.4,-1
2023-11-02,2023-11-02 11:37:00,195.6,195.6,195.59,195.59,-0.01,11.99,2354.4,-1
2023-11-02,2023-11-02 11:38:00,195.59,195.59,195.58,195.58,-0.01,11.99,2354.4,-1
2023-11-02,2023-11-02 11:39:00,195.58,195.58,195.57,195.57,-0.01,11.99,2354.4,-1
2023-11-02,2023-11-02 11:40:00,195.57,195.57,195.56,195.56,-0.01,11.99,2354.4,-1
2023-11-02,2023-11-02 11:41:00,195.56,195.56,195.54,195.54,-0.01,11.99,2354.4,-1
2023-11-02,2023-11-02 11:42:00,195.54,195.54,195.53,195.53,-0.01,11.99,2354.4,-1
2023-11-02,2023-11-02 11:43:00,195.53,195.53,195.52,195.52,-0.01,11.99,2354.4,-1
2023-11-02,2023-11-02 11:44:00,195.52,195.52,195.51,195.51,-0.01,11.99,2354.4,-1
2023-11-02,2023-11-02 11:45:00,195.51,195.51,195.5,195.5,-0.01,11.99,2354.4,-1
2023-11-02,2023-11-02 11:46:00,195.5,195.5,195.49,195.49,-0.01,11.99,2354.4,-1
2023-11-02,2023-11-02 11:47:00,195.49,195.49,195.48,195.48,-0.01,11.99,2354.4,-1
2023-11-02,2023-11-02 11:48:00,195.48,195.48,195.47,195.47,-0.01,11.99,2354.4,-1
2023-11-02,2023-11-02 11:49:00,195.47,195.47,195.46,195.46,-0.01,11.99,2354.4,-1
2023-11-02,2023-11-02 11:50:00,195.46,195.46,195.45,195.45,-0.01,11.99,2354.4,-1
2023-11-02,2023-11-02 11:51:00,195.45,195.45,195.44,195.44,-0.01,11.99,2354.4,-1
2023-11-02,2023-11-02 11:52:00,195.44,195.44,195.43,195.43,-0.01,11.99,2354.4,-1
2023-11-02,2023-11-02 11:53:00,195.43,195.43,195.41,195.41,-0.01,11.99,2354.4,-1
2023-11-02,2023-11-02 11:54:00,195.41,195.41,195.4,195.4,-0.01,11.99,2354.4,-1
2023-11-02,2023-11-02 11:55:00,195.4,195.4,195.39,195.39,-0.01,11.99,2354.4,-1
2023-11-02,2023-11-02 11:56:00,195.39,195.39,195.38,195.38,-0.01,11.99,2354.4,-1
2023-11-02,2023-11-02 11:57:00,195.38,195.38,195.37,195.37,-0.01,11.99,2354.4,-1
2023-11-02,2023-11-02 11:58:00,195.37,195.37,195.36,195.36,-0.01,11.99,2354.4,-1
2023-11-02,2023-11-02 11:59:00,195.36,195.36,195.35,195.35,-0.01,11.99,2354.4,-1
2023-11-02,2023-11-02 12:00:00,195.35,195.35,195.34,195.34,-0.01,11.99,2354.4,-1
2023-11-02,2023-11-02 12:01:00,195.34,195.34,195.33,195.33,-0.01,11.99,2354.4,-1
2023-11-02,2023-11-02 12:02:00,195.33,195.33,195.32,195.32,-0.01,11.99,2354.4,-1
2023-11-02,2023-11-02 12:03:00,195.32,195.32,195.31,195.31,-0.01,11.99,2354.4,-1
2023-11-02,2023-11-02 12:04:00,195.31,195.31,195.3,195.3,-0.01,11.99,2354.4,-1
2023-11-02,2023-11-02 12:05:00,195.3,195.3,195.28,195.28,-0.01,11.99,2354.4,-1
2023-11-02,2023-11-02 12:06:00,195.28,195.28,195.27,195.27,-0.01,11.99,2354.4,-1
2023-11-02,2023-11-02 12:07:00,195.27,195.27,195.26,195.26,-0.01,11.99,2354.4,-1
2023-11-02,2023-11-02 12:08:00,195.26,195.26,195.25,195.25,-0.01,11.99,2354.4,-1
2023-11-02,2023-11-02 12:09:00,195.25,195.25,195.24,195.24,-0.01,11.99,2354.4,-1
2023-11-02,2023-11-02 12:10:00,195.24,195.24,195.23,195.23,-0.01,11.99,2354.4,-1
2023-11-02,2023-11-02 12:11:00,195.23,195.23,195.22,195.22,-0.01,11.99,2354.4,-1
2023-11-02,2023-11-02 12:12:00,195.22,195.22,195.21,195.21,-0.01,11.99,2354.4,-1
2023-11-02,2023-11-02 12:13:00,195.21,195.21,195.2,195.2,-0.01,11.99,2354.4,-1
2023-11-02,2023-11-02 12:14:00,195.2,195.2,195.19,195.19,-0.01,11.99,2354.4,-1
2023-11-02,2023-11-02 12:15:00,195.19,195.19,195.18,195.18,-0.01,11.99,2354.4,-1
2023-11-02,2023-11-02 12:16:00,195.18,195.18,195.17,195.17,-0.01,11.99,2354.4,-1
2023-11-02,2023-11-02 12:17:00,195.17,195.17,195.16,195.16,-0.01,11.99,2354.4,-1
2023-11-02,2023-11-02 12:18:00,195.16,195.16,195.14,195.14,-0.01,11.99,2354.4,-1
2023-11-02,2023-11-02 12:19:00,195.14,195.14,195.13,195.13,-0.01,11.99,2354.4,-1
2023-11-02,2023-11-02 12:20:00,195.13,195.13,195.12,195.12,-0.01,11.99,2354.4,-1
2023-11-02,2023-11-02 12:21:00,195.12,195.12,195.11,195.11,-0.01,11.99,2354.4,-1
2023-11-02,2023-11-02 12:22:00,195.11,195.11,195.1,195.1,-0.01,11.99,2354.4,-1
2023-11-02,2023-11-02 12:23:00,195.1,195.1,195.09,195.09,-0.01,11.99,2354.4,-1
2023-11-02,2023-11-02 12:24:00,195.09,195.09,195.08,195.08,-0.01,11.99,2354.4,-1
2023-11-02,2023-11-02 12:25:00,195.08,195.08,195.07,195.07,-0.01,11.99,2354.4,-1
2023-11-02,2023-11-02 12:26:00,195.07,195.07,195.06,195.06,-0.01,11.99,2354.4,-1
2023-11-02,2023-11-02 12:27:00,195.06,195.06,195.05,195.05,-0.01,11.99,2354.4,-1
2023-11-02,2023-11-02 12:28:00,195.05,195.05,195.04,195.04,-0.01,11.99,2354.4,-1
2023-11-02,2023-11-02 12:29:00,195.04,195.04,195.03,195.03,-0.01,11.99,2354.4,-1
2023-11-02,2023-11-02 12:30:00,195.03,195.03,195.01,195.01,-0.01,11.99,2354.4,-1
2023-11-02,2023-11-02 12:31:00,195.01,195.01,195.0,195.0,-0.01,11.99,2354.4,-1
2023-11-02,2023-11-02 12:32:00,195.0,195.0,194.99,194.99,-0.01,11.99,2354.4,-1
2023-11-02,2023-11-02 12:33:00,194.99,194.99,194.98,194.98,-0.01,11.99,2354.4,-1
2023-11-02,2023-11-02 12:34:00,194.98,194.98,194.97,194.97,-0.01,11.99,2354.4,-1
2023-11-02,2023-11-02 12:35:00,194.97,194.97,194.96,194.96,-0.01,11.99,2354.4,-1
2023-11-02,2023-11-02 12:36:00,194.96,194.96,194.95,194.95,-0.01,11.99,2354.4,-1
2023-11-02,2023-11-02 12:37:00,194.95,194.95,194.94,194.94,-0.01,11.99,2354.4,-1
2023-11-02,2023-11-02 12:38:00,194.94,194.94,194.93,194.93,-0.01,11.99,2354.4,-1
2023-11-02,2023-11-02 12:39:00,194.93,194.93,194.92,194.92,-0.01,11.99,2354.4,-1
2023-11-02,2023-11-02 12:40:00,194.92,194.92,194.91,194.91,-0.01,11.99,2354.4,-1
2023-11-02,2023-11-02 12:41:00,194.91,194.91,194.9,194.9,-0.01,11.99,2354.4,-1
2023-11-02,2023-11-02 12:42:00,194.9,194.9,194.88,194.88,-0.01,11.99,2354.4,-1
2023-11-02,2023-11-02 12:43:00,194.88,194.88,194.87,194.87,-0.01,11.99,2354.4,-1
2023-11-02,2023-11-02 12:44:00,194.87,194.87,194.86,194.86,-0.01,11.99,2354.4,-1
2023-11-02,2023-11-02 12:45:00,194.86,194.86,194.85,194.85,-0.01,11.99,2354.4,-1
2023-11-02,2023-11-02 12:46:00,194.85,194.85,194.84,194.84,-0.01,11.99,2354.4,-1
2023-11-02,2023-11-02 12:47:00,194.84,194.84,194.83,194.83,-0.01,11.99,2354.4,-1
2023-11-02,2023-11-02 12:48:00,194.83,194.83,194.82,194.82,-0.01,11.99,2354.4,-1
2023-11-02,2023-11-02 12:49:00,194.82,194.82,194.81,194.81,-0.01,11.99,2354.4,-1
2023-11-02,2023-11-02 12:50:00,194.81,194.81,194.8,194.8,-0.01,11.99,2354.4,-1
2023-11-02,2023-11-02 12:51:00,194.8,194.8,194.79,194.79,-0.01,11.99,2354.4,-1
2023-11-02,2023-11-02 12:52:00,194.79,194.79,194.78,194.78,-0.01,11.99,2354.4,-1
2023-11-02,2023-11-02 12:53:00,194.78,194.78,194.77,194.77,-0.01,11.99,2354.4,-1
2023-11-02,2023-11-02 12:54:00,194.77,194.77,194.75,194.75,-0.01,11.99,2354.4,-1
2023-11-02,2023-11-02 12:55:00,194.75,194.75,194.74,194.74,-0.01,11.99,2354.4,-1
2023-11-02,2023-11-02 12:56:00,194.74,194.74,194.73,194.73,-0.01,11.99,2354.4,-1
2023-11-02,2023-11-02 12:57:00,194.73,194.73,194.72,194.72,-0.01,11.99,2354.4,-1
2023-11-02,2023-11-02 12:58:00,194.72,194.72,194.71,194.71,-0.01,11.99,2354.4,-1
2023-11-02,2023-11-02 12:59:00,194.71,194.71,194.7,194.7,-0.01,11.99,2354.4,-1
2023-11-02,2023-11-02 13:00:00,194.7,203.7,193.4,194.69,-0.01,11.99,2354.4,-1
2023-11-02,2023-11-02 13:01:00,194.69,194.69,194.68,194.68,-0.01,11.99,2354.4,-1
2023-11-02,2023-11-02 13:02:00,194.68,194.68,194.67,194.67,-0.01,11.99,2354.4,-1
2023-11-02,2023-11-02 13:03:00,194.67,194.67,194.66,194.66,-0.01,11.99,2354.4,-1
2023-11-02,2023-11-02 13:04:00,194.66,194.66,194.65,194.65,-0.01,11.99,2354.4,-1
2023-11-02,2023-11-02 13:05:00,194.65,194.65,194.63,194.63,-0.01,11.99,2354.4,-1
2023-11-02,2023-11-02 13:06:00,194.63,194.63,194.62,194.62,-0.01,11.99,2354.4,-1
2023-11-02,2023-11-02 13:07:00,194.62,194.62,194.61,194.61,-0.01,11.99,2354.4,-1
2023-11-02,2023-11-02 13:08:00,194.61,194.61,194.6,194.6,-0.01,11.99,2354.4,-1
2023-11-02,2023-11-02 13:09:00,194.6,194.6,194.59,194.59,-0.01,11.99,2354.4,-1
2023-11-02,2023-11-02 13:10:00,194.59,194.59,194.58,194.58,-0.01,11.99,2354.4,-1
2023-11-02,2023-11-02 13:11:00,194.58,194.58,194.57,194.57,-0.01,11.99,2354.4,-1
2023-11-02,2023-11-02 13:12:00,194.57,194.57,194.56,194.56,-0.01,11.99,2354.4,-1
2023-11-02,2023-11-02 13:13:00,194.56,194.56,194.55,194.55,-0.01,11.99,2354.4,-1
2023-11-02,2023-11-02 13:14:00,194.55,194.55,194.54,194.54,-0.01,11.99,2354.4,-1
2023-11-02,2023-11-02 13:15:00,194.54,194.54,194.53,194.53,-0.01,11.99,2354.4,-1
2023-11-02,2023-11-02 13:16:00,194.53,194.53,194.52,194.52,-0.01,11.99,2354.4,-1
2023-11-02,2023-11-02 13:17:00,194.52,194.52,194.5,194.5,-0.01,11.99,2354.4,-1
2023-11-02,2023-11-02 13:18:00,194.5,194.5,194.49,194.49,-0.01,11.99,2354.4,-1
2023-11-02,2023-11-02 13:19:00,194.49,194.49,194.48,194.48,-0.01,11.99,2354.4,-1
2023-11-02,2023-11-02 13:20:00,194.48,194.48,194.47,194.47,-0.01,11.99,2354.4,-1
2023-11-02,2023-11-02 13:21:00,194.47,194.47,194.46,194.46,-0.01,11.99,2354.4,-1
2023-11-02,2023-11-02 13:22:00,194.46,194.46,194.45,194.45,-0.01,11.99,2354.4,-1
2023-11-02,2023-11-02 13:23:00,194.45,194.45,194.44,194.44,-0.01,11.99,2354.4,-1
2023-11-02,2023-11-02 13:24:00,194.44,194.44,194.43,194.43,-0.01,11.99,2354.4,-1
2023-11-02,2023-11-02 13:25:00,194.43,194.43,194.42,194.42,-0.01,11.99,2354.4,-1
2023-11-02,2023-11-02 13:26:00,194.42,194.42,194.41,194.41,-0.01,11.99,2354.4,-1
2023-11-02,2023-11-02 13:27:00,194.41,194.41,194.4,194.4,-0.01,11.99,2354.4,-1
2023-11-02,2023-11-02 13:28:00,194.4,194.4,194.39,194.39,-0.01,11.99,2354.4,-1
2023-11-02,2023-11-02 13:29:00,194.39,194.39,194.38,194.38,-0.01,11.99,2354.4,-1
2023-11-02,2023-11-02 13:30:00,194.38,194.38,194.36,194.36,-0.01,11.99,2354.4,-1
2023-11-02,2023-11-02 13:31:00,194.36,194.36,194.35,194.35,-0.01,11.99,2354.4,-1
2023-11-02,2023-11-02 13:32:00,194.35,194.35,194.34,194.34,-0.01,11.99,2354.4,-1
2023-11-02,2023-11-02 13:33:00,194.34,194.34,194.33,194.33,-0.01,11.99,2354.4,-1
2023-11-02,2023-11-02 13:34:00,194.33,194.33,194.32,194.32,-0.01,11.99,2354.4,-1
2023-11-02,2023-11-02 13:35:00,194.32,194.32,194.31,194.31,-0.01,11.99,2354.4,-1
2023-11-02,2023-11-02 13:36:00,194.31,194.31,194.3,194.3,-0.01,11.99,2354.4,-1
2023-11-02,2023-11-02 13:37:00,194.3,194.3,194.29,194.29,-0.01,11.99,2354.4,-1
2023-11-02,2023-11-02 13:38:00,194.29,194.29,194.28,194.28,-0.01,11.99,2354.4,-1
2023-11-02,2023-11-02 13:39:00,194.28,194.28,194.27,194.27,-0.01,11.99,2354.4,-1
2023-11-02,2023-11-02 13:40:00,194.27,194.27,194.26,194.26,-0.01,11.99,2354.4,-1
2023-11-02,2023-11-02 13:41:00,194.26,194.26,194.25,194.25,-0.01,11.99,2354.4,-1
2023-11-02,2023-11-02 13:42:00,194.25,194.25,194.23,194.23,-0.01,11.99,2354.4,-1
2023-11-02,2023-11-02 13:43:00,194.23,194.23,194.22,194.22,-0.01,11.99,2354.4,-1
2023-11-02,2023-11-02 13:44:00,194.22,194.22,194.21,194.21,-0.01,11.99,2354.4,-1
2023-11-02,2023-11-02 13:45:00,194.21,194.21,194.2,194.2,-0.01,11.99,2354.4,-1
2023-11-02,2023-11-02 13:46:00,194.2,194.2,194.19,194.19,-0.01,11.99,2354.4,-1
2023-11-02,2023-11-02 13:47:00,194.19,194.19,194.18,194.18,-0.01,11.99,2354.4,-1
2023-11-02,2023-11-02 13:48:00,194.18,194.18,194.17,194.17,-0.01,11.99,2354.4,-1
2023-11-02,2023-11-02 13:49:00,194.17,194.17,194.16,194.16,-0.01,11.99,2354.4,-1
2023-11-02,2023-11-02 13:50:00,194.16,194.16,194.15,194.15,-0.01,11.99,2354.4,-1
2023-11-02,2023-11-02 13:51:00,194.15,194.15,194.14,194.14,-0.01,11.99,2354.4,-1
2023-11-02,2023-11-02 13:52:00,194.14,194.14,194.13,194.13,-0.01,11.99,2354.4,-1
2023-11-02,2023-11-02 13:53:00,194.13,194.13,194.12,194.12,-0.01,11.99,2354.4,-1
2023-11-02,2023-11-02 13:54:00,194.12,194.12,194.1,194.1,-0.01,11.99,2354.4,-1
2023-11-02,2023-11-02 13:55:00,194.1,194.1,194.09,194.09,-0.01,11.99,2354.4,-1
2023-11-02,2023-11-02 13:56:00,194.09,194.09,194.08,194.08,-0.01,11.99,2354.4,-1
2023-11-02,2023-11-02 13:57:00,194.08,194.08,194.07,194.07,-0.01,11.99,2354.4,-1
2023-11-02,2023-11-02 13:58:00,194.07,194.07,194.06,194.06,-0.01,11.99,2354.4,-1
2023-11-02,2023-11-02 13:59:00,194.06,194.06,194.05,194.05,-0.01,11.99,2354.4,-1
2023-11-02,2023-11-02 14:00:00,194.05,194.05,194.04,194.04,-0.01,11.99,2354.4,-1
2023-11-02,2023-11-02 14:01:00,194.04,194.04,194.03,194.03,-0.01,11.99,2354.4,-1
2023-11-02,2023-11-02 14:02:00,194.03,194.03,194.02,194.02,-0.01,11.99,2354.4,-1
2023-11-02,2023-11-02 14:03:00,194.02,194.02,194.01,194.01,-0.01,11.99,2354.4,-1
2023-11-02,2023-11-02 14:04:00,194.01,194.01,194.0,194.0,-0.01,11.99,2354.4,-1
2023-11-02,2023-11-02 14:05:00,194.0,194.0,193.99,193.99,-0.01,11.99,2354.4,-1
2023-11-02,2023-11-02 14:06:00,193.99,193.99,193.97,193.97,-0.01,11.99,2354.4,-1
2023-11-02,2023-11-02 14:07:00,193.97,193.97,193.96,193.96,-0.01,11.99,2354.4,-1
2023-11-02,2023-11-02 14:08:00,193.96,193.96,193.95,193.95,-0.01,11.99,2354.4,-1
2023-11-02,2023-11-02 14:09:00,193.95,193.95,193.94,193.94,-0.01,11.99,2354.4,-1
2023-11-02,2023-11-02 14:10:00,193.94,193.94,193.93,193.93,-0.01,11.99,2354.4,-1
2023-11-02,2023-11-02 14:11:00,193.93,193.93,193.92,193.92,-0.01,11.99,2354.4,-1
2023-11-02,2023-11-02 14:12:00,193.92,193.92,193.91,193.91,-0.01,11.99,2354.4,-1
2023-11-02,2023-11-02 14:13:00,193.91,193.91,193.9,193.9,-0.01,11.99,2354.4,-1
2023-11-02,2023-11-02 14:14:00,193.9,193.9,193.89,193.89,-0.01,11.99,2354.4,-1
2023-11-02,2023-11-02 14:15:00,193.89,193.89,193.88,193.88,-0.01,11.99,2354.4,-1
2023-11-02,2023-11-02 14:16:00,193.88,193.88,193.87,193.87,-0.01,11.99,2354.4,-1
2023-11-02,2023-11-02 14:17:00,193.87,193.87,193.86,193.86,-0.01,11.99,2354.4,-1
2023-11-02,2023-11-02 14:18:00,193.86,193.86,193.84,193.84,-0.01,11.99,2354.4,-1
2023-11-02,2023-11-02 14:19:00,193.84,193.84,193.83,193.83,-0.01,11.99,2354.4,-1
2023-11-02,2023-11-02 14:20:00,193.83,193.83,193.82,193.82,-0.01,11.99,2354.4,-1
2023-11-02,2023-11-02 14:21:00,193.82,193.82,193.81,193.81,-0.01,11.99,2354.4,-1
2023-11-02,2023-11-02 14:22:00,193.81,193.81,193.8,193.8,-0.01,11.99,2354.4,-1
2023-11-02,2023-11-02 14:23:00,193.8,193.8,193.79,193.79,-0.01,11.99,2354.4,-1
2023-11-02,2023-11-02 14:24:00,193.79,193.79,193.78,193.78,-0.01,11.99,2354.4,-1
2023-11-02,2023-11-02 14:25:00,193.78,193.78,193.77,193.77,-0.01,11.99,2354.4,-1
2023-11-02,2023-11-02 14:26:00,193.77,193.77,193.76,193.76,-0.01,11.99,2354.4,-1
2023-11-02,2023-11-02 14:27:00,193.76,193.76,193.75,193.75,-0.01,11.99,2354.4,-1
2023-11-02,2023-11-02 14:28:00,193.75,193.75,193.74,193.74,-0.01,11.99,2354.4,-1
2023-11-02,2023-11-02 14:29:00,193.74,193.74,193.72,193.72,-0.01,11.99,2354.4,-1
2023-11-02,2023-11-02 14:30:00,193.72,193.72,193.71,193.71,-0.01,11.99,2354.4,-1
2023-11-02,2023-11-02 14:31:00,193.71,193.71,193.7,193.7,-0.01,11.99,2354.4,-1
2023-11-02,2023-11-02 14:32:00,193.7,193.7,193.69,193.69,-0.01,11.99,2354.4,-1
2023-11-02,2023-11-02 14:33:00,193.69,193.69,193.68,193.68,-0.01,11.99,2354.4,-1
2023-11-02,2023-11-02 14:34:00,193.68,193.68,193.67,193.67,-0.01,11.99,2354.4,-1
2023-11-02,2023-11-02 14:35:00,193.67,193.67,193.66,193.66,-0.01,11.99,2354.4,-1
2023-11-02,2023-11-02 14:36:00,193.66,193.66,193.65,193.65,-0.01,11.99,2354.4,-1
2023-11-02,2023-11-02 14:37:00,193.65,193.65,193.64,193.64,-0.01,11.99,2354.4,-1
2023-11-02,2023-11-02 14:38:00,193.64,193.64,193.63,193.63,-0.01,11.99,2354.4,-1
2023-11-02,2023-11-02 14:39:00,193.63,193.63,193.62,193.62,-0.01,11.99,2354.4,-1
2023-11-02,2023-11-02 14:40:00,193.62,193.62,193.61,193.61,-0.01,11.99,2354.4,-1
2023-11-02,2023-11-02 14:41:00,193.61,193.61,193.59,193.59,-0.01,11.99,2354.4,-1
2023-11-02,2023-11-02 14:42:00,193.59,193.59,193.58,193.58,-0.01,11.99,2354.4,-1
2023-11-02,2023-11-02 14:43:00,193.58,193.58,193.57,193.57,-0.01,11.99,2354.4,-1
2023-11-02,2023-11-02 14:44:00,193.57,193.57,193.56,193.56,-0.01,11.99,2354.4,-1
2023-11-02,2023-11-02 14:45:00,193.56,193.56,193.55,193.55,-0.01,11.99,2354.4,-1
2023-11-02,2023-11-02 14:46:00,193.55,193.55,193.54,193.54,-0.01,11.99,2354.4,-1
2023-11-02,2023-11-02 14:47:00,193.54,193.54,193.53,193.53,-0.01,11.99,2354.4,-1
2023-11-02,2023-11-02 14:48:00,193.53,193.53,193.52,193.52,-0.01,11.99,2354.4,-1
2023-11-02,2023-11-02 14:49:00,193.52,193.52,193.51,193.51,-0.01,11.99,2354.4,-1
2023-11-02,2023-11-02 14:50:00,193.51,193.51,193.5,193.5,-0.01,11.99,2354.4,-1
2023-11-02,2023-11-02 14:51:00,193.5,193.5,193.49,193.49,-0.01,11.99,2354.4,-1
2023-11-02,2023-11-02 14:52:00,193.49,193.49,193.48,193.48,-0.01,11.99,2354.4,-1
2023-11-02,2023-11-02 14:53:00,193.48,193.48,193.47,193.47,-0.01,11.99,2354.4,-1
2023-11-02,2023-11-02 14:54:00,193.47,193.47,193.45,193.45,-0.01,11.99,2354.4,-1
2023-11-02,2023-11-02 14:55:00,193.45,193.45,193.44,193.44,-0.01,11.99,2354.4,-1
2023-11-02,2023-11-02 14:56:00,193.44,193.44,193.43,193.43,-0.01,11.99,2354.4,-1
2023-11-02,2023-11-02 14:57:00,193.43,193.43,193.42,193.42,-0.01,11.99,2354.4,-1
2023-11-02,2023-11-02 14:58:00,193.42,193.42,193.41,193.41,-0.01,11.99,2354.4,-1
2023-11-02,2023-11-02 14:59:00,193.41,193.41,193.4,193.4,-0.01,11.99,2354.4,-1
2023-11-02,2023-11-02 15:00:00,193.4,203.7,193.4,193.4,0.0,11.99,2354.4,0
2023-11-05,2023-11-05 11:00:00,192.2,192.74,190.97,192.2,0.0,19.22,3667.6,0
2023-11-05,2023-11-05 11:01:00,192.2,192.21,192.2,192.21,0.01,19.22,3667.6,1
2023-11-05,2023-11-05 11:02:00,192.21,192.21,192.21,192.21,0.0,19.22,3667.6,0
2023-11-05,2023-11-05 11:03:00,192.21,192.21,192.21,192.21,0.0,19.22,3667.6,0
2023-11-05,2023-11-05 11:04:00,192.21,192.22,192.21,192.22,0.01,19.22,3667.6,1
2023-11-05,2023-11-05 11:05:00,192.22,192.22,192.22,192.22,0.0,19.22,3667.6,0
2023-11-05,2023-11-05 11:06:00,192.22,192.22,192.22,192.22,0.0,19.22,3667.6,0
2023-11-05,2023-11-05 11:07:00,192.22,192.23,192.22,192.23,0.01,19.22,3667.6,1
2023-11-05,2023-11-05 11:08:00,192.23,192.23,192.23,192.23,0.0,19.22,3667.6,0
2023-11-05,2023-11-05 11:09:00,192.23,192.23,192.23,192.23,0.0,19.22,3667.6,0
2023-11-05,2023-11-05 11:10:00,192.23,192.24,192.23,192.24,0.01,19.22,3667.6,1
2023-11-05,2023-11-05 11:11:00,192.24,192.24,192.24,192.24,0.0,19.22,3667.6,0
2023-11-05,2023-11-05 11:12:00,192.24,192.24,192.24,192.24,0.0,19.22,3667.6,0
2023-11-05,2023-11-05 11:13:00,192.24,192.25,192.24,192.25,0.01,19.22,3667.6,1
2023-11-05,2023-11-05 11:14:00,192.25,192.25,192.25,192.25,0.0,19.22,3667.6,0
2023-11-05,2023-11-05 11:15:00,192.25,192.25,192.25,192.25,0.0,19.22,3667.6,0
2023-11-05,2023-11-05 11:16:00,192.25,192.26,192.25,192.26,0.01,19.22,3667.6,1
2023-11-05,2023-11-05 11:17:00,192.26,192.26,192.26,192.26,0.0,19.22,3667.6,0
2023-11-05,2023-11-05 11:18:00,192.26,192.26,192.26,192.26,0.0,19.22,3667.6,0
2023-11-05,2023-11-05 11:19:00,192.26,192.27,192.26,192.27,0.01,19.22,3667.6,1
2023-11-05,2023-11-05 11:20:00,192.27,192.27,192.27,192.27,0.0,19.22,3667.6,0
2023-11-05,2023-11-05 11:21:00,192.27,192.27,192.27,192.27,0.0,19.22,3667.6,0
2023-11-05,2023-11-05 11:22:00,192.27,192.28,192.27,192.28,0.01,19.22,3667.6,1
2023-11-05,2023-11-05 11:23:00,192.28,192.28,192.28,192.28,0.0,19.22,3667.6,0
2023-11-05,2023-11-05 11:24:00,192.28,192.28,192.28,192.28,0.0,19.22,3667.6,0
2023-11-05,2023-11-05 11:25:00,192.28,192.29,192.28,192.29,0.01,19.22,3667.6,1
2023-11-05,2023-11-05 11:26:00,192.29,192.29,192.29,192.29,0.0,19.22,3667.6,0
2023-11-05,2023-11-05 11:27:00,192.29,192.29,192.29,192.29,0.0,19.22,3667.6,0
2023-11-05,2023-11-05 11:28:00,192.29,192.3,192.29,192.3,0.01,19.22,3667.6,1
2023-11-05,2023-11-05 11:29:00,192.3,192.3,192.3,192.3,0.0,19.22,3667.6,0
2023-11-05,2023-11-05 11:30:00,192.3,192.3,192.3,192.3,0.0,19.22,3667.6,0
2023-11-05,2023-11-05 11:31:00,192.3,192.31,192.3,192.31,0.01,19.22,3667.6,1
2023-11-05,2023-11-05 11:32:00,192.31,192.31,192.31,192.31,0.0,19.22,3667.6,0
2023-11-05,2023-11-05 11:33:00,192.31,192.31,192.31,192.31,0.0,19.22,3667.6,0
2023-11-05,2023-11-05 11:34:00,192.31,192.32,192.31,192.32,0.01,19.22,3667.6,1
2023-11-05,2023-11-05 11:35:00,192.32,192.32,192.32,192.32,0.0,19.22,3667.6,0
2023-11-05,2023-11-05 11:36:00,192.32,192.32,192.32,192.32,0.0,19.22,3667.6,0
2023-11-05,2023-11-05 11:37:00,192.32,192.33,192.32,192.33,0.01,19.22,3667.6,1
2023-11-05,2023-11-05 11:38:00,192.33,192.33,192.33,192.33,0.0,19.22,3667.6,0
2023-11-05,2023-11-05 11:39:00,192.33,192.33,192.33,192.33,0.0,19.22,3667.6,0
2023-11-05,2023-11-05 11:40:00,192.33,192.34,192.33,192.34,0.01,19.22,3667.6,1
2023-11-05,2023-11-05 11:41:00,192.34,192.34,192.34,192.34,0.0,19.22,3667.6,0
2023-11-05,2023-11-05 11:42:00,192.34,192.34,192.34,192.34,0.0,19.22,3667.6,0
2023-11-05,2023-11-05 11:43:00,192.34,192.35,192.34,192.35,0.01,19.22,3667.6,1
2023-11-05,2023-11-05 11:44:00,192.35,192.35,192.35,192.35,0.0,19.22,3667.6,0
2023-11-05,2023-11-05 11:45:00,192.35,192.35,192.35,192.35,0.0,19.22,3667.6,0
2023-11-05,2023-11-05 11:46:00,192.35,192.36,192.35,192.36,0.01,19.22,3667.6,1
2023-11-05,2023-11-05 11:47:00,192.36,192.36,192.36,192.36,0.0,19.22,3667.6,0
2023-11-05,2023-11-05 11:48:00,192.36,192.36,192.36,192.36,0.0,19.22,3667.6,0
2023-11-05,2023-11-05 11:49:00,192.36,192.37,192.36,192.37,0.01,19.22,3667.6,1
2023-11-05,2023-11-05 11:50:00,192.37,192.37,192.37,192.37,0.0,19.22,3667.6,0
2023-11-05,2023-11-05 11:51:00,192.37,192.37,192.37,192.37,0.0,19.22,3667.6,0
2023-11-05,2023-11-05 11:52:00,192.37,192.38,192.37,192.38,0.01,19.22,3667.6,1
2023-11-05,2023-11-05 11:53:00,192.38,192.38,192.38,192.38,0.0,19.22,3667.6,0
2023-11-05,2023-11-05 11:54:00,192.38,192.38,192.38,192.38,0.0,19.22,3667.6,0
2023-11-05,2023-11-05 11:55:00,192.38,192.39,192.38,192.39,0.01,19.22,3667.6,1
2023-11-05,2023-11-05 11:56:00,192.39,192.39,192.39,192.39,0.0,19.22,3667.6,0
2023-11-05,2023-11-05 11:57:00,192.39,192.39,192.39,192.39,0.0,19.22,3667.6,0
2023-11-05,2023-11-05 11:58:00,192.39,192.4,192.39,192.4,0.01,19.22,3667.6,1
2023-11-05,2023-11-05 11:59:00,192.4,192.4,192.4,192.4,0.0,19.22,3667.6,0
2023-11-05,2023-11-05 12:00:00,192.4,192.4,192.4,192.4,0.0,19.22,3667.6,0
2023-11-05,2023-11-05 12:01:00,192.4,192.41,192.4,192.41,0.01,19.22,3667.6,1
2023-11-05,2023-11-05 12:02:00,192.41,192.41,192.41,192.41,0.0,19.22,3667.6,0
2023-11-05,2023-11-05 12:03:00,192.41,192.41,192.41,192.41,0.0,19.22,3667.6,0
2023-11-05,2023-11-05 12:04:00,192.41,192.42,192.41,192.42,0.01,19.22,3667.6,1
2023-11-05,2023-11-05 12:05:00,192.42,192.42,192.42,192.42,0.0,19.22,3667.6,0
2023-11-05,2023-11-05 12:06:00,192.42,192.42,192.42,192.42,0.0,19.22,3667.6,0
2023-11-05,2023-11-05 12:07:00,192.42,192.43,192.42,192.43,0.01,19.22,3667.6,1
2023-11-05,2023-11-05 12:08:00,192.43,192.43,192.43,192.43,0.0,19.22,3667.6,0
2023-11-05,2023-11-05 12:09:00,192.43,192.43,192.43,192.43,0.0,19.22,3667.6,0
2023-11-05,2023-11-05 12:10:00,192.43,192.44,192.43,192.44,0.01,19.22,3667.6,1
2023-11-05,2023-11-05 12:11:00,192.44,192.44,192.44,192.44,0.0,19.22,3667.6,0
2023-11-05,2023-11-05 12:12:00,192.44,192.44,192.44,192.44,0.0,19.22,3667.6,0
2023-11-05,2023-11-05 12:13:00,192.44,192.45,192.44,192.45,0.01,19.22,3667.6,1
2023-11-05,2023-11-05 12:14:00,192.45,192.45,192.45,192.45,0.0,19.22,3667.6,0
2023-11-05,2023-11-05 12:15:00,192.45,192.45,192.45,192.45,0.0,19.22,3667.6,0
2023-11-05,2023-11-05 12:16:00,192.45,192.46,192.45,192.46,0.01,19.22,3667.6,1
2023-11-05,2023-11-05 12:17:00,192.46,192.46,192.46,192.46,0.0,19.22,3667.6,0
2023-11-05,2023-11-05 12:18:00,192.46,192.46,192.46,192.46,0.0,19.22,3667.6,0
2023-11-05,2023-11-05 12:19:00,192.46,192.47,192.46,192.47,0.01,19.22,3667.6,1
2023-11-05,2023-11-05 12:20:00,192.47,192.47,192.47,192.47,0.0,19.22,3667.6,0
2023-11-05,2023-11-05 12:21:00,192.47,192.47,192.47,192.47,0.0,19.22,3667.6,0
2023-11-05,2023-11-05 12:22:00,192.47,192.48,192.47,192.48,0.01,19.22,3667.6,1
2023-11-05,2023-11-05 12:23:00,192.48,192.48,192.48,192.48,0.0,19.22,3667.6,0
2023-11-05,2023-11-05 12:24:00,192.48,192.48,192.48,192.48,0.0,19.22,3667.6,0
2023-11-05,2023-11-05 12:25:00,192.48,192.49,192.48,192.49,0.01,19.22,3667.6,1
2023-11-05,2023-11-05 12:26:00,192.49,192.49,192.49,192.49,0.0,19.22,3667.6,0
2023-11-05,2023-11-05 12:27:00,192.49,192.49,192.49,192.49,0.0,19.22,3667.6,0
2023-11-05,2023-11-05 12:28:00,192.49,192.5,192.49,192.5,0.01,19.22,3667.6,1
2023-11-05,2023-11-05 12:29:00,192.5,192.5,192.5,192.5,0.0,19.22,3667.6,0
2023-11-05,2023-11-05 12:30:00,192.5,192.5,192.5,192.5,0.0,19.22,3667.6,0
2023-11-05,2023-11-05 12:31:00,192.5,192.51,192.5,192.51,0.01,19.22,3667.6,1
2023-11-05,2023-11-05 12:32:00,192.51,192.51,192.51,192.51,0.0,19.22,3667.6,0
2023-11-05,2023-11-05 12:33:00,192.51,192.51,192.51,192.51,0.0,19.22,3667.6,0
2023-11-05,2023-11-05 12:34:00,192.51,192.52,192.51,192.52,0.01,19.22,3667.6,1
2023-11-05,2023-11-05 12:35:00,192.52,192.52,192.52,192.52,0.0,19.22,3667.6,0
2023-11-05,2023-11-05 12:36:00,192.52,192.52,192.52,192.52,0.0,19.22,3667.6,0
2023-11-05,2023-11-05 12:37:00,192.52,192.53,192.52,192.53,0.01,19.22,3667.6,1
2023-11-05,2023-11-05 12:38:00,192.53,192.53,192.53,192.53,0.0,19.22,3667.6,0
2023-11-05,2023-11-05 12:39:00,192.53,192.53,192.53,192.53,0.0,19.22,3667.6,0
2023-11-05,2023-11-05 12:40:00,192.53,192.54,192.53,192.54,0.01,19.22,3667.6,1
2023-11-05,2023-11-05 12:41:00,192.54,192.54,192.54,192.54,0.0,19.22,3667.6,0
2023-11-05,2023-11-05 12:42:00,192.54,192.54,192.54,192.54,0.0,19.22,3667.6,0
2023-11-05,2023-11-05 12:43:00,192.54,192.55,192.54,192.55,0.01,19.22,3667.6,1
2023-11-05,2023-11-05 12:44:00,192.55,192.55,192.55,192.55,0.0,19.22,3667.6,0
2023-11-05,2023-11-05 12:45:00,192.55,192.55,192.55,192.55,0.0,19.22,3667.6,0
2023-11-05,2023-11-05 12:46:00,192.55,192.56,192.55,192.56,0.01,19.22,3667.6,1
2023-11-05,2023-11-05 12:47:00,192.56,192.56,192.56,192.56,0.0,19.22,3667.6,0
2023-11-05,2023-11-05 12:48:00,192.56,192.56,192.56,192.56,0.0,19.22,3667.6,0
2023-11-05,2023-11-05 12:49:00,192.56,192.57,192.56,192.57,0.01,19.22,3667.6,1
2023-11-05,2023-11-05 12:50:00,192.57,192.57,192.57,192.57,0.0,19.22,3667.6,0
2023-11-05,2023-11-05 12:51:00,192.57,192.57,192.57,192.57,0.0,19.22,3667.6,0
2023-11-05,2023-11-05 12:52:00,192.57,192.58,192.57,192.58,0.01,19.22,3667.6,1
2023-11-05,2023-11-05 12:53:00,192.58,192.58,192.58,192.58,0.0,19.22,3667.6,0
2023-11-05,2023-11-05 12:54:00,192.58,192.58,192.58,192.58,0.0,19.22,3667.6,0
2023-11-05,2023-11-05 12:55:00,192.58,192.59,192.58,192.59,0.01,19.22,3667.6,1
2023-11-05,2023-11-05 12:56:00,192.59,192.59,192.59,192.59,0.0,19.22,3667.6,0
2023-11-05,2023-11-05 12:57:00,192.59,192.59,192.59,192.59,0.0,19.22,3667.6,0
2023-11-05,2023-11-05 12:58:00,192.59,192.6,192.59,192.6,0.01,19.22,3667.6,1
2023-11-05,2023-11-05 12:59:00,192.6,192.6,192.6,192.6,0.0,19.22,3667.6,0
2023-11-05,2023-11-05 13:00:00,192.6,194.0,188.1,192.6,0.0,19.22,3667.6,0
2023-11-05,2023-11-05 13:01:00,192.6,192.61,192.6,192.61,0.01,19.22,3667.6,1
2023-11-05,2023-11-05 13:02:00,192.61,192.61,192.61,192.61,0.0,19.22,3667.6,0
2023-11-05,2023-11-05 13:03:00,192.61,192.61,192.61,192.61,0.0,19.22,3667.6,0
2023-11-05,2023-11-05 13:04:00,192.61,192.62,192.61,192.62,0.01,19.22,3667.6,1
2023-11-05,2023-11-05 13:05:00,192.62,192.62,192.62,192.62,0.0,19.22,3667.6,0
2023-11-05,2023-11-05 13:06:00,192.62,192.62,192.62,192.62,0.0,19.22,3667.6,0
2023-11-05,2023-11-05 13:07:00,192.62,192.63,192.62,192.63,0.01,19.22,3667.6,1
2023-11-05,2023-11-05 13:08:00,192.63,192.63,192.63,192.63,0.0,19.22,3667.6,0
2023-11-05,2023-11-05 13:09:00,192.63,192.63,192.63,192.63,0.0,19.22,3667.6,0
2023-11-05,2023-11-05 13:10:00,192.63,192.64,192.63,192.64,0.01,19.22,3667.6,1
2023-11-05,2023-11-05 13:11:00,192.64,192.64,192.64,192.64,0.0,19.22,3667.6,0
2023-11-05,2023-11-05 13:12:00,192.64,192.64,192.64,192.64,0.0,19.22,3667.6,0
2023-11-05,2023-11-05 13:13:00,192.64,192.65,192.64,192.65,0.01,19.22,3667.6,1
2023-11-05,2023-11-05 13:14:00,192.65,192.65,192.65,192.65,0.0,19.22,3667.6,0
2023-11-05,2023-11-05 13:15:00,192.65,192.65,192.65,192.65,0.0,19.22,3667.6,0
2023-11-05,2023-11-05 13:16:00,192.65,192.66,192.65,192.66,0.01,19.22,3667.6,1
2023-11-05,2023-11-05 13:17:00,192.66,192.66,192.66,192.66,0.0,19.22,3667.6,0
2023-11-05,2023-11-05 13:18:00,192.66,192.66,192.66,192.66,0.0,19.22,3667.6,0
2023-11-05,2023-11-05 13:19:00,192.66,192.67,192.66,192.67,0.01,19.22,3667.6,1
2023-11-05,2023-11-05 13:20:00,192.67,192.67,192.67,192.67,0.0,19.22,3667.6,0
2023-11-05,2023-11-05 13:21:00,192.67,192.67,192.67,192.67,0.0,19.22,3667.6,0
2023-11-05,2023-11-05 13:22:00,192.67,192.68,192.67,192.68,0.01,19.22,3667.6,1
2023-11-05,2023-11-05 13:23:00,192.68,192.68,192.68,192.68,0.0,19.22,3667.6,0
2023-11-05,2023-11-05 13:24:00,192.68,192.68,192.68,192.68,0.0,19.22,3667.6,0
2023-11-05,2023-11-05 13:25:00,192.68,192.69,192.68,192.69,0.01,19.22,3667.6,1
2023-11-05,2023-11-05 13:26:00,192.69,192.69,192.69,192.69,0.0,19.22,3667.6,0
2023-11-05,2023-11-05 13:27:00,192.69,192.69,192.69,192.69,0.0,19.22,3667.6,0
2023-11-05,2023-11-05 13:28:00,192.69,192.7,192.69,192.7,0.01,19.22,3667.6,1
2023-11-05,2023-11-05 13:29:00,192.7,192.7,192.7,192.7,0.0,19.22,3667.6,0
2023-11-05,2023-11-05 13:30:00,192.7,192.7,192.7,192.7,0.0,19.22,3667.6,0
2023-11-05,2023-11-05 13:31:00,192.7,192.71,192.7,192.71,0.01,19.22,3667.6,1
2023-11-05,2023-11-05 13:32:00,192.71,192.71,192.71,192.71,0.0,19.22,3667.6,0
2023-11-05,2023-11-05 13:33:00,192.71,192.71,192.71,192.71,0.0,19.22,3667.6,0
2023-11-05,2023-11-05 13:34:00,192.71,192.72,192.71,192.72,0.01,19.22,3667.6,1
2023-11-05,2023-11-05 13:35:00,192.72,192.72,192.72,192.72,0.0,19.22,3667.6,0
2023-11-05,2023-11-05 13:36:00,192.72,192.72,192.72,192.72,0.0,19.22,3667.6,0
2023-11-05,2023-11-05 13:37:00,192.72,192.73,192.72,192.73,0.01,19.22,3667.6,1
2023-11-05,2023-11-05 13:38:00,192.73,192.73,192.73,192.73,0.0,19.22,3667.6,0
2023-11-05,2023-11-05 13:39:00,192.73,192.73,192.73,192.73,0.0,19.22,3667.6,0
2023-11-05,2023-11-05 13:40:00,192.73,192.74,192.73,192.74,0.01,19.22,3667.6,1
2023-11-05,2023-11-05 13:41:00,192.74,192.74,192.74,192.74,0.0,19.22,3667.6,0
2023-11-05,2023-11-05 13:42:00,192.74,192.74,192.74,192.74,0.0,19.22,3667.6,0
2023-11-05,2023-11-05 13:43:00,192.74,192.75,192.74,192.75,0.01,19.22,3667.6,1
2023-11-05,2023-11-05 13:44:00,192.75,192.75,192.75,192.75,0.0,19.22,3667.6,0
2023-11-05,2023-11-05 13:45:00,192.75,192.75,192.75,192.75,0.0,19.22,3667.6,0
2023-11-05,2023-11-05 13:46:00,192.75,192.76,192.75,192.76,0.01,19.22,3667.6,1
2023-11-05,2023-11-05 13:47:00,192.76,192.76,192.76,192.76,0.0,19.22,3667.6,0
2023-11-05,2023-11-05 13:48:00,192.76,192.76,192.76,192.76,0.0,19.22,3667.6,0
2023-11-05,2023-11-05 13:49:00,192.76,192.77,192.76,192.77,0.01,19.22,3667.6,1
2023-11-05,2023-11-05 13:50:00,192.77,192.77,192.77,192.77,0.0,19.22,3667.6,0
2023-11-05,2023-11-05 13:51:00,192.77,192.77,192.77,192.77,0.0,19.22,3667.6,0
2023-11-05,2023-11-05 13:52:00,192.77,192.78,192.77,192.78,0.01,19.22,3667.6,1
2023-11-05,2023-11-05 13:53:00,192.78,192.78,192.78,192.78,0.0,19.22,3667.6,0
2023-11-05,2023-11-05 13:54:00,192.78,192.78,192.78,192.78,0.0,19.22,3667.6,0
2023-11-05,2023-11-05 13:55:00,192.78,192.79,192.78,192.79,0.01,19.22,3667.6,1
2023-11-05,2023-11-05 13:56:00,192.79,192.79,192.79,192.79,0.0,19.22,3667.6,0
2023-11-05,2023-11-05 13:57:00,192.79,192.79,192.79,192.79,0.0,19.22,3667.6,0
2023-11-05,2023-11-05 13:58:00,192.79,192.8,192.79,192.8,0.01,19.22,3667.6,1
2023-11-05,2023-11-05 13:59:00,192.8,192.8,192.8,192.8,0.0,19.22,3667.6,0
2023-11-05,2023-11-05 14:00:00,192.8,192.8,192.8,192.8,0.0,19.22,3667.6,0
2023-11-05,2023-11-05 14:01:00,192.8,192.81,192.8,192.81,0.01,19.22,3667.6,1
2023-11-05,2023-11-05 14:02:00,192.81,192.81,192.81,192.81,0.0,19.22,3667.6,0
2023-11-05,2023-11-05 14:03:00,192.81,192.81,192.81,192.81,0.0,19.22,3667.6,0
2023-11-05,2023-11-05 14:04:00,192.81,192.82,192.81,192.82,0.01,19.22,3667.6,1
2023-11-05,2023-11-05 14:05:00,192.82,192.82,192.82,192.82,0.0,19.22,3667.6,0
2023-11-05,2023-11-05 14:06:00,192.82,192.82,192.82,192.82,0.0,19.22,3667.6,0
2023-11-05,2023-11-05 14:07:00,192.82,192.83,192.82,192.83,0.01,19.22,3667.6,1
2023-11-05,2023-11-05 14:08:00,192.83,192.83,192.83,192.83,0.0,19.22,3667.6,0
2023-11-05,2023-11-05 14:09:00,192.83,192.83,192.83,192.83,0.0,19.22,3667.6,0
2023-11-05,2023-11-05 14:10:00,192.83,192.84,192.83,192.84,0.01,19.22,3667.6,1
2023-11-05,2023-11-05 14:11:00,192.84,192.84,192.84,192.84,0.0,19.22,3667.6,0
2023-11-05,2023-11-05 14:12:00,192.84,192.84,192.84,192.84,0.0,19.22,3667.6,0
2023-11-05,2023-11-05 14:13:00,192.84,192.85,192.84,192.85,0.01,19.22,3667.6,1
2023-11-05,2023-11-05 14:14:00,192.85,192.85,192.85,192.85,0.0,19.22,3667.6,0
2023-11-05,2023-11-05 14:15:00,192.85,192.85,192.85,192.85,0.0,19.22,3667.6,0
2023-11-05,2023-11-05 14:16:00,192.85,192.86,192.85,192.86,0.01,19.22,3667.6,1
2023-11-05,2023-11-05 14:17:00,192.86,192.86,192.86,192.86,0.0,19.22,3667.6,0
2023-11-05,2023-11-05 14:18:00,192.86,192.86,192.86,192.86,0.0,19.22,3667.6,0
2023-11-05,2023-11-05 14:19:00,192.86,192.87,192.86,192.87,0.01,19.22,3667.6,1
2023-11-05,2023-11-05 14:20:00,192.87,192.87,192.87,192.87,0.0,19.22,3667.6,0
2023-11-05,2023-11-05 14:21:00,192.87,192.87,192.87,192.87,0.0,19.22,3667.6,0
2023-11-05,2023-11-05 14:22:00,192.87,192.88,192.87,192.88,0.01,19.22,3667.6,1
2023-11-05,2023-11-05 14:23:00,192.88,192.88,192.88,192.88,0.0,19.22,3667.6,0
2023-11-05,2023-11-05 14:24:00,192.88,192.88,192.88,192.88,0.0,19.22,3667.6,0
2023-11-05,2023-11-05 14:25:00,192.88,192.89,192.88,192.89,0.01,19.22,3667.6,1
2023-11-05,2023-11-05 14:26:00,192.89,192.89,192.89,192.89,0.0,19.22,3667.6,0
2023-11-05,2023-11-05 14:27:00,192.89,192.89,192.89,192.89,0.0,19.22,3667.6,0
2023-11-05,2023-11-05 14:28:00,192.89,192.9,192.89,192.9,0.01,19.22,3667.6,1
2023-11-05,2023-11-05 14:29:00,192.9,192.9,192.9,192.9,0.0,19.22,3667.6,0
2023-11-05,2023-11-05 14:30:00,192.9,192.9,192.9,192.9,0.0,19.22,3667.6,0
2023-11-05,2023-11-05 14:31:00,192.9,192.91,192.9,192.91,0.01,19.22,3667.6,1
2023-11-05,2023-11-05 14:32:00,192.91,192.91,192.91,192.91,0.0,19.22,3667.6,0
2023-11-05,2023-11-05 14:33:00,192.91,192.91,192.91,192.91,0.0,19.22,3667.6,0
2023-11-05,2023-11-05 14:34:00,192.91,192.92,192.91,192.92,0.01,19.22,3667.6,1
2023-11-05,2023-11-05 14:35:00,192.92,192.92,192.92,192.92,0.0,19.22,3667.6,0
2023-11-05,2023-11-05 14:36:00,192.92,192.92,192.92,192.92,0.0,19.22,3667.6,0
2023-11-05,2023-11-05 14:37:00,192.92,192.93,192.92,192.93,0.01,19.22,3667.6,1
2023-11-05,2023-11-05 14:38:00,192.93,192.93,192.93,192.93,0.0,19.22,3667.6,0
2023-11-05,2023-11-05 14:39:00,192.93,192.93,192.93,192.93,0.0,19.22,3667.6,0
2023-11-05,2023-11-05 14:40:00,192.93,192.94,192.93,192.94,0.01,19.22,3667.6,1
2023-11-05,2023-11-05 14:41:00,192.94,192.94,192.94,192.94,0.0,19.22,3667.6,0
2023-11-05,2023-11-05 14:42:00,192.94,192.94,192.94,192.94,0.0,19.22,3667.6,0
2023-11-05,2023-11-05 14:43:00,192.94,192.95,192.94,192.95,0.01,19.22,3667.6,1
2023-11-05,2023-11-05 14:44:00,192.95,192.95,192.95,192.95,0.0,19.22,3667.6,0
2023-11-05,2023-11-05 14:45:00,192.95,192.95,192.95,192.95,0.0,19.22,3667.6,0
2023-11-05,2023-11-05 14:46:00,192.95,192.96,192.95,192.96,0.01,19.22,3667.6,1
2023-11-05,2023-11-05 14:47:00,192.96,192.96,192.96,192.96,0.0,19.22,3667.6,0
2023-11-05,2023-11-05 14:48:00,192.96,192.96,192.96,192.96,0.0,19.22,3667.6,0
2023-11-05,2023-11-05 14:49:00,192.96,192.97,192.96,192.97,0.01,19.22,3667.6,1
2023-11-05,2023-11-05 14:50:00,192.97,192.97,192.97,192.97,0.0,19.22,3667.6,0
2023-11-05,2023-11-05 14:51:00,192.97,192.97,192.97,192.97,0.0,19.22,3667.6,0
2023-11-05,2023-11-05 14:52:00,192.97,192.98,192.97,192.98,0.01,19.22,3667.6,1
2023-11-05,2023-11-05 14:53:00,192.98,192.98,192.98,192.98,0.0,19.22,3667.6,0
2023-11-05,2023-11-05 14:54:00,192.98,192.98,192.98,192.98,0.0,19.22,3667.6,0
2023-11-05,2023-11-05 14:55:00,192.98,192.99,192.98,192.99,0.01,19.22,3667.6,1
2023-11-05,2023-11-05 14:56:00,192.99,192.99,192.99,192.99,0.0,19.22,3667.6,0
2023-11-05,2023-11-05 14:57:00,192.99,192.99,192.99,192.99,0.0,19.22,3667.6,0
2023-11-05,2023-11-05 14:58:00,192.99,193.0,192.99,193.0,0.01,19.22,3667.6,1
2023-11-05,2023-11-05 14:59:00,193.0,193.0,193.0,193.0,0.0,19.22,3667.6,0
2023-11-05,2023-11-05 15:00:00,193.0,194.0,188.1,193.0,0.0,19.22,3667.6,0
2023-11-06,2023-11-06 11:00:00,190.0,193.21,190.0,190.04,0.02,15.1,2966.0,1
2023-11-06,2023-11-06 11:01:00,190.04,190.07,190.04,190.07,0.02,15.1,2966.0,1
2023-11-06,2023-11-06 11:02:00,190.07,190.11,190.07,190.11,0.02,15.1,2966.0,1
2023-11-06,2023-11-06 11:03:00,190.11,190.14,190.11,190.14,0.02,15.1,2966.0,1
2023-11-06,2023-11-06 11:04:00,190.14,190.18,190.14,190.18,0.02,15.1,2966.0,1
2023-11-06,2023-11-06 11:05:00,190.18,190.21,190.18,190.21,0.02,15.1,2966.0,1
2023-11-06,2023-11-06 11:06:00,190.21,190.25,190.21,190.25,0.02,15.1,2966.0,1
2023-11-06,2023-11-06 11:07:00,190.25,190.28,190.25,190.28,0.02,15.1,2966.0,1
2023-11-06,2023-11-06 11:08:00,190.28,190.32,190.28,190.32,0.02,15.1,2966.0,1
2023-11-06,2023-11-06 11:09:00,190.32,190.35,190.32,190.35,0.02,15.1,2966.0,1
2023-11-06,2023-11-06 11:10:00,190.35,190.39,190.35,190.39,0.02,15.1,2966.0,1
2023-11-06,2023-11-06 11:11:00,190.39,190.43,190.39,190.43,0.02,15.1,2966.0,1
2023-11-06,2023-11-06 11:12:00,190.43,190.46,190.43,190.46,0.02,15.1,2966.0,1
2023-11-06,2023-11-06 11:13:00,190.46,190.5,190.46,190.5,0.02,15.1,2966.0,1
2023-11-06,2023-11-06 11:14:00,190.5,190.53,190.5,190.53,0.02,15.1,2966.0,1
2023-11-06,2023-11-06 11:15:00,190.53,190.57,190.53,190.57,0.02,15.1,2966.0,1
2023-11-06,2023-11-06 11:16:00,190.57,190.6,190.57,190.6,0.02,15.1,2966.0,1
2023-11-06,2023-11-06 11:17:00,190.6,190.64,190.6,190.64,0.02,15.1,2966.0,1
2023-11-06,2023-11-06 11:18:00,190.64,190.67,190.64,190.67,0.02,15.1,2966.0,1
2023-11-06,2023-11-06 11:19:00,190.67,190.71,190.67,190.71,0.02,15.1,2966.0,1
2023-11-06,2023-11-06 11:20:00,190.71,190.74,190.71,190.74,0.02,15.1,2966.0,1
2023-11-06,2023-11-06 11:21:00,190.74,190.78,190.74,190.78,0.02,15.1,2966.0,1
2023-11-06,2023-11-06 11:22:00,190.78,190.81,190.78,190.81,0.02,15.1,2966.0,1
2023-11-06,2023-11-06 11:23:00,190.81,190.85,190.81,190.85,0.02,15.1,2966.0,1
2023-11-06,2023-11-06 11:24:00,190.85,190.89,190.85,190.89,0.02,15.1,2966.0,1
2023-11-06,2023-11-06 11:25:00,190.89,190.92,190.89,190.92,0.02,15.1,2966.0,1
2023-11-06,2023-11-06 11:26:00,190.92,190.96,190.92,190.96,0.02,15.1,2966.0,1
2023-11-06,2023-11-06 11:27:00,190.96,190.99,190.96,190.99,0.02,15.1,2966.0,1
2023-11-06,2023-11-06 11:28:00,190.99,191.03,190.99,191.03,0.02,15.1,2966.0,1
2023-11-06,2023-11-06 11:29:00,191.03,191.06,191.03,191.06,0.02,15.1,2966.0,1
2023-11-06,2023-11-06 11:30:00,191.06,191.1,191.06,191.1,0.02,15.1,2966.0,1
2023-11-06,2023-11-06 11:31:00,191.1,191.13,191.1,191.13,0.02,15.1,2966.0,1
2023-11-06,2023-11-06 11:32:00,191.13,191.17,191.13,191.17,0.02,15.1,2966.0,1
2023-11-06,2023-11-06 11:33:00,191.17,191.2,191.17,191.2,0.02,15.1,2966.0,1
2023-11-06,2023-11-06 11:34:00,191.2,191.24,191.2,191.24,0.02,15.1,2966.0,1
2023-11-06,2023-11-06 11:35:00,191.24,191.28,191.24,191.28,0.02,15.1,2966.0,1
2023-11-06,2023-11-06 11:36:00,191.28,191.31,191.28,191.31,0.02,15.1,2966.0,1
2023-11-06,2023-11-06 11:37:00,191.31,191.35,191.31,191.35,0.02,15.1,2966.0,1
2023-11-06,2023-11-06 11:38:00,191.35,191.38,191.35,191.38,0.02,15.1,2966.0,1
2023-11-06,2023-11-06 11:39:00,191.38,191.42,191.38,191.42,0.02,15.1,2966.0,1
2023-11-06,2023-11-06 11:40:00,191.42,191.45,191.42,191.45,0.02,15.1,2966.0,1
2023-11-06,2023-11-06 11:41:00,191.45,191.49,191.45,191.49,0.02,15.1,2966.0,1
2023-11-06,2023-11-06 11:42:00,191.49,191.52,191.49,191.52,0.02,15.1,2966.0,1
2023-11-06,2023-11-06 11:43:00,191.52,191.56,191.52,191.56,0.02,15.1,2966.0,1
2023-11-06,2023-11-06 11:44:00,191.56,191.59,191.56,191.59,0.02,15.1,2966.0,1
2023-11-06,2023-11-06 11:45:00,191.59,191.63,191.59,191.63,0.02,15.1,2966.0,1
2023-11-06,2023-11-06 11:46:00,191.63,191.66,191.63,191.66,0.02,15.1,2966.0,1
2023-11-06,2023-11-06 11:47:00,191.66,191.7,191.66,191.7,0.02,15.1,2966.0,1
2023-11-06,2023-11-06 11:48:00,191.7,191.74,191.7,191.74,0.02,15.1,2966.0,1
2023-11-06,2023-11-06 11:49:00,191.74,191.77,191.74,191.77,0.02,15.1,2966.0,1
2023-11-06,2023-11-06 11:50:00,191.77,191.81,191.77,191.81,0.02,15.1,2966.0,1
2023-11-06,2023-11-06 11:51:00,191.81,191.84,191.81,191.84,0.02,15.1,2966.0,1
2023-11-06,2023-11-06 11:52:00,191.84,191.88,191.84,191.88,0.02,15.1,2966.0,1
2023-11-06,2023-11-06 11:53:00,191.88,191.91,191.88,191.91,0.02,15.1,2966.0,1
2023-11-06,2023-11-06 11:54:00,191.91,191.95,191.91,191.95,0.02,15.1,2966.0,1
2023-11-06,2023-11-06 11:55:00,191.95,191.98,191.95,191.98,0.02,15.1,2966.0,1
2023-11-06,2023-11-06 11:56:00,191.98,192.02,191.98,192.02,0.02,15.1,2966.0,1
2023-11-06,2023-11-06 11:57:00,192.02,192.05,192.02,192.05,0.02,15.1,2966.0,1
2023-11-06,2023-11-06 11:58:00,192.05,192.09,192.05,192.09,0.02,15.1,2966.0,1
2023-11-06,2023-11-06 11:59:00,192.09,192.12,192.09,192.12,0.02,15.1,2966.0,1
2023-11-06,2023-11-06 12:00:00,192.12,192.16,192.12,192.16,0.02,15.1,2966.0,1
2023-11-06,2023-11-06 12:01:00,192.16,192.2,192.16,192.2,0.02,15.1,2966.0,1
2023-11-06,2023-11-06 12:02:00,192.2,192.23,192.2,192.23,0.02,15.1,2966.0,1
2023-11-06,2023-11-06 12:03:00,192.23,192.27,192.23,192.27,0.02,15.1,2966.0,1
2023-11-06,2023-11-06 12:04:00,192.27,192.3,192.27,192.3,0.02,15.1,2966.0,1
2023-11-06,2023-11-06 12:05:00,192.3,192.34,192.3,192.34,0.02,15.1,2966.0,1
2023-11-06,2023-11-06 12:06:00,192.34,192.37,192.34,192.37,0.02,15.1,2966.0,1
2023-11-06,2023-11-06 12:07:00,192.37,192.41,192.37,192.41,0.02,15.1,2966.0,1
2023-11-06,2023-11-06 12:08:00,192.41,192.44,192.41,192.44,0.02,15.1,2966.0,1
2023-11-06,2023-11-06 12:09:00,192.44,192.48,192.44,192.48,0.02,15.1,2966.0,1
2023-11-06,2023-11-06 12:10:00,192.48,192.51,192.48,192.51,0.02,15.1,2966.0,1
2023-11-06,2023-11-06 12:11:00,192.51,192.55,192.51,192.55,0.02,15.1,2966.0,1
2023-11-06,2023-11-06 12:12:00,192.55,192.59,192.55,192.59,0.02,15.1,2966.0,1
2023-11-06,2023-11-06 12:13:00,192.59,192.62,192.59,192.62,0.02,15.1,2966.0,1
2023-11-06,2023-11-06 12:14:00,192.62,192.66,192.62,192.66,0.02,15.1,2966.0,1
2023-11-06,2023-11-06 12:15:00,192.66,192.69,192.66,192.69,0.02,15.1,2966.0,1
2023-11-06,2023-11-06 12:16:00,192.69,192.73,192.69,192.73,0.02,15.1,2966.0,1
2023-11-06,2023-11-06 12:17:00,192.73,192.76,192.73,192.76,0.02,15.1,2966.0,1
2023-11-06,2023-11-06 12:18:00,192.76,192.8,192.76,192.8,0.02,15.1,2966.0,1
2023-11-06,2023-11-06 12:19:00,192.8,192.83,192.8,192.83,0.02,15.1,2966.0,1
2023-11-06,2023-11-06 12:20:00,192.83,192.87,192.83,192.87,0.02,15.1,2966.0,1
2023-11-06,2023-11-06 12:21:00,192.87,192.9,192.87,192.9,0.02,15.1,2966.0,1
2023-11-06,2023-11-06 12:22:00,192.9,192.94,192.9,192.94,0.02,15.1,2966.0,1
2023-11-06,2023-11-06 12:23:00,192.94,192.97,192.94,192.97,0.02,15.1,2966.0,1
2023-11-06,2023-11-06 12:24:00,192.97,193.01,192.97,193.01,0.02,15.1,2966.0,1
2023-11-06,2023-11-06 12:25:00,193.01,193.05,193.01,193.05,0.02,15.1,2966.0,1
2023-11-06,2023-11-06 12:26:00,193.05,193.08,193.05,193.08,0.02,15.1,2966.0,1
2023-11-06,2023-11-06 12:27:00,193.08,193.12,193.08,193.12,0.02,15.1,2966.0,1
2023-11-06,2023-11-06 12:28:00,193.12,193.15,193.12,193.15,0.02,15.1,2966.0,1
2023-11-06,2023-11-06 12:29:00,193.15,193.19,193.15,193.19,0.02,15.1,2966.0,1
2023-11-06,2023-11-06 12:30:00,193.19,193.22,193.19,193.22,0.02,15.1,2966.0,1
2023-11-06,2023-11-06 12:31:00,193.22,193.26,193.22,193.26,0.02,15.1,2966.0,1
2023-11-06,2023-11-06 12:32:00,193.26,193.29,193.26,193.29,0.02,15.1,2966.0,1
2023-11-06,2023-11-06 12:33:00,193.29,193.33,193.29,193.33,0.02,15.1,2966.0,1
2023-11-06,2023-11-06 12:34:00,193.33,193.36,193.33,193.36,0.02,15.1,2966.0,1
2023-11-06,2023-11-06 12:35:00,193.36,193.4,193.36,193.4,0.02,15.1,2966.0,1
2023-11-06,2023-11-06 12:36:00,193.4,193.44,193.4,193.44,0.02,15.1,2966.0,1
2023-11-06,2023-11-06 12:37:00,193.44,193.47,193.44,193.47,0.02,15.1,2966.0,1
2023-11-06,2023-11-06 12:38:00,193.47,193.51,193.47,193.51,0.02,15.1,2966.0,1
2023-11-06,2023-11-06 12:39:00,193.51,193.54,193.51,193.54,0.02,15.1,2966.0,1
2023-11-06,2023-11-06 12:40:00,193.54,193.58,193.54,193.58,0.02,15.1,2966.0,1
2023-11-06,2023-11-06 12:41:00,193.58,193.61,193.58,193.61,0.02,15.1,2966.0,1
2023-11-06,2023-11-06 12:42:00,193.61,193.65,193.61,193.65,0.02,15.1,2966.0,1
2023-11-06,2023-11-06 12:43:00,193.65,193.68,193.65,193.68,0.02,15.1,2966.0,1
2023-11-06,2023-11-06 12:44:00,193.68,193.72,193.68,193.72,0.02,15.1,2966.0,1
2023-11-06,2023-11-06 12:45:00,193.72,193.75,193.72,193.75,0.02,15.1,2966.0,1
2023-11-06,2023-11-06 12:46:00,193.75,193.79,193.75,193.79,0.02,15.1,2966.0,1
2023-11-06,2023-11-06 12:47:00,193.79,193.82,193.79,193.82,0.02,15.1,2966.0,1
2023-11-06,2023-11-06 12:48:00,193.82,193.86,193.82,193.86,0.02,15.1,2966.0,1
2023-11-06,2023-11-06 12:49:00,193.86,193.9,193.86,193.9,0.02,15.1,2966.0,1
2023-11-06,2023-11-06 12:50:00,193.9,193.93,193.9,193.93,0.02,15.1,2966.0,1
2023-11-06,2023-11-06 12:51:00,193.93,193.97,193.93,193.97,0.02,15.1,2966.0,1
2023-11-06,2023-11-06 12:52:00,193.97,194.0,193.97,194.0,0.02,15.1,2966.0,1
2023-11-06,2023-11-06 12:53:00,194.0,194.04,194.0,194.04,0.02,15.1,2966.0,1
2023-11-06,2023-11-06 12:54:00,194.04,194.07,194.04,194.07,0.02,15.1,2966.0,1
2023-11-06,2023-11-06 12:55:00,194.07,194.11,194.07,194.11,0.02,15.1,2966.0,1
2023-11-06,2023-11-06 12:56:00,194.11,194.14,194.11,194.14,0.02,15.1,2966.0,1
2023-11-06,2023-11-06 12:57:00,194.14,194.18,194.14,194.18,0.02,15.1,2966.0,1
2023-11-06,2023-11-06 12:58:00,194.18,194.21,194.18,194.21,0.02,15.1,2966.0,1
2023-11-06,2023-11-06 12:59:00,194.21,194.25,194.21,194.25,0.02,15.1,2966.0,1
2023-11-06,2023-11-06 13:00:00,194.25,200.7,190.0,194.29,0.02,15.1,2966.0,1
2023-11-06,2023-11-06 13:01:00,194.29,194.32,194.29,194.32,0.02,15.1,2966.0,1
2023-11-06,2023-11-06 13:02:00,194.32,194.36,194.32,194.36,0.02,15.1,2966.0,1
2023-11-06,2023-11-06 13:03:00,194.36,194.39,194.36,194.39,0.02,15.1,2966.0,1
2023-11-06,2023-11-06 13:04:00,194.39,194.43,194.39,194.43,0.02,15.1,2966.0,1
2023-11-06,2023-11-06 13:05:00,194.43,194.46,194.43,194.46,0.02,15.1,2966.0,1
2023-11-06,2023-11-06 13:06:00,194.46,194.5,194.46,194.5,0.02,15.1,2966.0,1
2023-11-06,2023-11-06 13:07:00,194.5,194.53,194.5,194.53,0.02,15.1,2966.0,1
2023-11-06,2023-11-06 13:08:00,194.53,194.57,194.53,194.57,0.02,15.1,2966.0,1
2023-11-06,2023-11-06 13:09:00,194.57,194.6,194.57,194.6,0.02,15.1,2966.0,1
2023-11-06,2023-11-06 13:10:00,194.6,194.64,194.6,194.64,0.02,15.1,2966.0,1
2023-11-06,2023-11-06 13:11:00,194.64,194.68,194.64,194.68,0.02,15.1,2966.0,1
2023-11-06,2023-11-06 13:12:00,194.68,194.71,194.68,194.71,0.02,15.1,2966.0,1
2023-11-06,2023-11-06 13:13:00,194.71,194.75,194.71,194.75,0.02,15.1,2966.0,1
2023-11-06,2023-11-06 13:14:00,194.75,194.78,194.75,194.78,0.02,15.1,2966.0,1
2023-11-06,2023-11-06 13:15:00,194.78,194.82,194.78,194.82,0.02,15.1,2966.0,1
2023-11-06,2023-11-06 13:16:00,194.82,194.85,194.82,194.85,0.02,15.1,2966.0,1
2023-11-06,2023-11-06 13:17:00,194.85,194.89,194.85,194.89,0.02,15.1,2966.0,1
2023-11-06,2023-11-06 13:18:00,194.89,194.92,194.89,194.92,0.02,15.1,2966.0,1
2023-11-06,2023-11-06 13:19:00,194.92,194.96,194.92,194.96,0.02,15.1,2966.0,1
2023-11-06,2023-11-06 13:20:00,194.96,194.99,194.96,194.99,0.02,15.1,2966.0,1
2023-11-06,2023-11-06 13:21:00,194.99,195.03,194.99,195.03,0.02,15.1,2966.0,1
2023-11-06,2023-11-06 13:22:00,195.03,195.06,195.03,195.06,0.02,15.1,2966.0,1
2023-11-06,2023-11-06 13:23:00,195.06,195.1,195.06,195.1,0.02,15.1,2966.0,1
2023-11-06,2023-11-06 13:24:00,195.1,195.14,195.1,195.14,0.02,15.1,2966.0,1
2023-11-06,2023-11-06 13:25:00,195.14,195.17,195.14,195.17,0.02,15.1,2966.0,1
2023-11-06,2023-11-06 13:26:00,195.17,195.21,195.17,195.21,0.02,15.1,2966.0,1
2023-11-06,2023-11-06 13:27:00,195.21,195.24,195.21,195.24,0.02,15.1,2966.0,1
2023-11-06,2023-11-06 13:28:00,195.24,195.28,195.24,195.28,0.02,15.1,2966.0,1
2023-11-06,2023-11-06 13:29:00,195.28,195.31,195.28,195.31,0.02,15.1,2966.0,1
2023-11-06,2023-11-06 13:30:00,195.31,195.35,195.31,195.35,0.02,15.1,2966.0,1
2023-11-06,2023-11-06 13:31:00,195.35,195.38,195.35,195.38,0.02,15.1,2966.0,1
2023-11-06,2023-11-06 13:32:00,195.38,195.42,195.38,195.42,0.02,15.1,2966.0,1
2023-11-06,2023-11-06 13:33:00,195.42,195.45,195.42,195.45,0.02,15.1,2966.0,1
2023-11-06,2023-11-06 13:34:00,195.45,195.49,195.45,195.49,0.02,15.1,2966.0,1
2023-11-06,2023-11-06 13:35:00,195.49,195.53,195.49,195.53,0.02,15.1,2966.0,1
2023-11-06,2023-11-06 13:36:00,195.53,195.56,195.53,195.56,0.02,15.1,2966.0,1
2023-11-06,2023-11-06 13:37:00,195.56,195.6,195.56,195.6,0.02,15.1,2966.0,1
2023-11-06,2023-11-06 13:38:00,195.6,195.63,195.6,195.63,0.02,15.1,2966.0,1
2023-11-06,2023-11-06 13:39:00,195.63,195.67,195.63,195.67,0.02,15.1,2966.0,1
2023-11-06,2023-11-06 13:40:00,195.67,195.7,195.67,195.7,0.02,15.1,2966.0,1
2023-11-06,2023-11-06 13:41:00,195.7,195.74,195.7,195.74,0.02,15.1,2966.0,1
2023-11-06,2023-11-06 13:42:00,195.74,195.77,195.74,195.77,0.02,15.1,2966.0,1
2023-11-06,2023-11-06 13:43:00,195.77,195.81,195.77,195.81,0.02,15.1,2966.0,1
2023-11-06,2023-11-06 13:44:00,195.81,195.84,195.81,195.84,0.02,15.1,2966.0,1
2023-11-06,2023-11-06 13:45:00,195.84,195.88,195.84,195.88,0.02,15.1,2966.0,1
2023-11-06,2023-11-06 13:46:00,195.88,195.91,195.88,195.91,0.02,15.1,2966.0,1
2023-11-06,2023-11-06 13:47:00,195.91,195.95,195.91,195.95,0.02,15.1,2966.0,1
2023-11-06,2023-11-06 13:48:00,195.95,195.99,195.95,195.99,0.02,15.1,2966.0,1
2023-11-06,2023-11-06 13:49:00,195.99,196.02,195.99,196.02,0.02,15.1,2966.0,1
2023-11-06,2023-11-06 13:50:00,196.02,196.06,196.02,196.06,0.02,15.1,2966.0,1
2023-11-06,2023-11-06 13:51:00,196.06,196.09,196.06,196.09,0.02,15.1,2966.0,1
2023-11-06,2023-11-06 13:52:00,196.09,196.13,196.09,196.13,0.02,15.1,2966.0,1
2023-11-06,2023-11-06 13:53:00,196.13,196.16,196.13,196.16,0.02,15.1,2966.0,1
2023-11-06,2023-11-06 13:54:00,196.16,196.2,196.16,196.2,0.02,15.1,2966.0,1
2023-11-06,2023-11-06 13:55:00,196.2,196.23,196.2,196.23,0.02,15.1,2966.0,1
2023-11-06,2023-11-06 13:56:00,196.23,196.27,196.23,196.27,0.02,15.1,2966.0,1
2023-11-06,2023-11-06 13:57:00,196.27,196.3,196.27,196.3,0.02,15.1,2966.0,1
2023-11-06,2023-11-06 13:58:00,196.3,196.34,196.3,196.34,0.02,15.1,2966.0,1
2023-11-06,2023-11-06 13:59:00,196.34,196.38,196.34,196.38,0.02,15.1,2966.0,1
2023-11-06,2023-11-06 14:00:00,196.38,196.41,196.38,196.41,0.02,15.1,2966.0,1
2023-11-06,2023-11-06 14:01:00,196.41,196.45,196.41,196.45,0.02,15.1,2966.0,1
2023-11-06,2023-11-06 14:02:00,196.45,196.48,196.45,196.48,0.02,15.1,2966.0,1
2023-11-06,2023-11-06 14:03:00,196.48,196.52,196.48,196.52,0.02,15.1,2966.0,1
2023-11-06,2023-11-06 14:04:00,196.52,196.55,196.52,196.55,0.02,15.1,2966.0,1
2023-11-06,2023-11-06 14:05:00,196.55,196.59,196.55,196.59,0.02,15.1,2966.0,1
2023-11-06,2023-11-06 14:06:00,196.59,196.62,196.59,196.62,0.02,15.1,2966.0,1
2023-11-06,2023-11-06 14:07:00,196.62,196.66,196.62,196.66,0.02,15.1,2966.0,1
2023-11-06,2023-11-06 14:08:00,196.66,196.69,196.66,196.69,0.02,15.1,2966.0,1
2023-11-06,2023-11-06 14:09:00,196.69,196.73,196.69,196.73,0.02,15.1,2966.0,1
2023-11-06,2023-11-06 14:10:00,196.73,196.76,196.73,196.76,0.02,15.1,2966.0,1
2023-11-06,2023-11-06 14:11:00,196.76,196.8,196.76,196.8,0.02,15.1,2966.0,1
2023-11-06,2023-11-06 14:12:00,196.8,196.84,196.8,196.84,0.02,15.1,2966.0,1
2023-11-06,2023-11-06 14:13:00,196.84,196.87,196.84,196.87,0.02,15.1,2966.0,1
2023-11-06,2023-11-06 14:14:00,196.87,196.91,196.87,196.91,0.02,15.1,2966.0,1
2023-11-06,2023-11-06 14:15:00,196.91,196.94,196.91,196.94,0.02,15.1,2966.0,1
2023-11-06,2023-11-06 14:16:00,196.94,196.98,196.94,196.98,0.02,15.1,2966.0,1
2023-11-06,2023-11-06 14:17:00,196.98,197.01,196.98,197.01,0.02,15.1,2966.0,1
2023-11-06,2023-11-06 14:18:00,197.01,197.05,197.01,197.05,0.02,15.1,2966.0,1
2023-11-06,2023-11-06 14:19:00,197.05,197.08,197.05,197.08,0.02,15.1,2966.0,1
2023-11-06,2023-11-06 14:20:00,197.08,197.12,197.08,197.12,0.02,15.1,2966.0,1
2023-11-06,2023-11-06 14:21:00,197.12,197.15,197.12,197.15,0.02,15.1,2966.0,1
2023-11-06,2023-11-06 14:22:00,197.15,197.19,197.15,197.19,0.02,15.1,2966.0,1
2023-11-06,2023-11-06 14:23:00,197.19,197.22,197.19,197.22,0.02,15.1,2966.0,1
2023-11-06,2023-11-06 14:24:00,197.22,197.26,197.22,197.26,0.02,15.1,2966.0,1
2023-11-06,2023-11-06 14:25:00,197.26,197.3,197.26,197.3,0.02,15.1,2966.0,1
2023-11-06,2023-11-06 14:26:00,197.3,197.33,197.3,197.33,0.02,15.1,2966.0,1
2023-11-06,2023-11-06 14:27:00,197.33,197.37,197.33,197.37,0.02,15.1,2966.0,1
2023-11-06,2023-11-06 14:28:00,197.37,197.4,197.37,197.4,0.02,15.1,2966.0,1
2023-11-06,2023-11-06 14:29:00,197.4,197.44,197.4,197.44,0.02,15.1,2966.0,1
2023-11-06,2023-11-06 14:30:00,197.44,197.47,197.44,197.47,0.02,15.1,2966.0,1
2023-11-06,2023-11-06 14:31:00,197.47,197.51,197.47,197.51,0.02,15.1,2966.0,1
2023-11-06,2023-11-06 14:32:00,197.51,197.54,197.51,197.54,0.02,15.1,2966.0,1
2023-11-06,2023-11-06 14:33:00,197.54,197.58,197.54,197.58,0.02,15.1,2966.0,1
2023-11-06,2023-11-06 14:34:00,197.58,197.61,197.58,197.61,0.02,15.1,2966.0,1
2023-11-06,2023-11-06 14:35:00,197.61,197.65,197.61,197.65,0.02,15.1,2966.0,1
2023-11-06,2023-11-06 14:36:00,197.65,197.69,197.65,197.69,0.02,15.1,2966.0,1
2023-11-06,2023-11-06 14:37:00,197.69,197.72,197.69,197.72,0.02,15.1,2966.0,1
2023-11-06,2023-11-06 14:38:00,197.72,197.76,197.72,197.76,0.02,15.1,2966.0,1
2023-11-06,2023-11-06 14:39:00,197.76,197.79,197.76,197.79,0.02,15.1,2966.0,1
2023-11-06,2023-11-06 14:40:00,197.79,197.83,197.79,197.83,0.02,15.1,2966.0,1
2023-11-06,2023-11-06 14:41:00,197.83,197.86,197.83,197.86,0.02,15.1,2966.0,1
2023-11-06,2023-11-06 14:42:00,197.86,197.9,197.86,197.9,0.02,15.1,2966.0,1
2023-11-06,2023-11-06 14:43:00,197.9,197.93,197.9,197.93,0.02,15.1,2966.0,1
2023-11-06,2023-11-06 14:44:00,197.93,197.97,197.93,197.97,0.02,15.1,2966.0,1
2023-11-06,2023-11-06 14:45:00,197.97,198.0,197.97,198.0,0.02,15.1,2966.0,1
2023-11-06,2023-11-06 14:46:00,198.0,198.04,198.0,198.04,0.02,15.1,2966.0,1
2023-11-06,2023-11-06 14:47:00,198.04,198.07,198.04,198.07,0.02,15.1,2966.0,1
2023-11-06,2023-11-06 14:48:00,198.07,198.11,198.07,198.11,0.02,15.1,2966.0,1
2023-11-06,2023-11-06 14:49:00,198.11,198.15,198.11,198.15,0.02,15.1,2966.0,1
2023-11-06,2023-11-06 14:50:00,198.15,198.18,198.15,198.18,0.02,15.1,2966.0,1
2023-11-06,2023-11-06 14:51:00,198.18,198.22,198.18,198.22,0.02,15.1,2966.0,1
2023-11-06,2023-11-06 14:52:00,198.22,198.25,198.22,198.25,0.02,15.1,2966.0,1
2023-11-06,2023-11-06 14:53:00,198.25,198.29,198.25,198.29,0.02,15.1,2966.0,1
2023-11-06,2023-11-06 14:54:00,198.29,198.32,198.29,198.32,0.02,15.1,2966.0,1
2023-11-06,2023-11-06 14:55:00,198.32,198.36,198.32,198.36,0.02,15.1,2966.0,1
2023-11-06,2023-11-06 14:56:00,198.36,198.39,198.36,198.39,0.02,15.1,2966.0,1
2023-11-06,2023-11-06 14:57:00,198.39,198.43,198.39,198.43,0.02,15.1,2966.0,1
2023-11-06,2023-11-06 14:58:00,198.43,198.46,198.43,198.46,0.02,15.1,2966.0,1
2023-11-06,2023-11-06 14:59:00,198.46,198.5,198.46,198.5,0.02,15.1,2966.0,1
2023-11-06,2023-11-06 15:00:00,198.5,200.7,190.0,198.5,0.0,15.1,2966.0,0
2023-11-07,2023-11-07 11:00:00,195.0,198.0,195.0,195.03,0.02,16.89,3389.87,1
2023-11-07,2023-11-07 11:01:00,195.03,195.06,195.03,195.06,0.02,16.89,3389.87,1
2023-11-07,2023-11-07 11:02:00,195.06,195.09,195.06,195.09,0.02,16.89,3389.87,1
2023-11-07,2023-11-07 11:03:00,195.09,195.12,195.09,195.12,0.02,16.89,3389.87,1
2023-11-07,2023-11-07 11:04:00,195.12,195.14,195.12,195.14,0.01,16.89,3389.87,1
2023-11-07,2023-11-07 11:05:00,195.14,195.17,195.14,195.17,0.02,16.89,3389.87,1
2023-11-07,2023-11-07 11:06:00,195.17,195.2,195.17,195.2,0.02,16.89,3389.87,1
2023-11-07,2023-11-07 11:07:00,195.2,195.23,195.2,195.23,0.02,16.89,3389.87,1
2023-11-07,2023-11-07 11:08:00,195.23,195.26,195.23,195.26,0.02,16.89,3389.87,1
2023-11-07,2023-11-07 11:09:00,195.26,195.29,195.26,195.29,0.02,16.89,3389.87,1
2023-11-07,2023-11-07 11:10:00,195.29,195.32,195.29,195.32,0.02,16.89,3389.87,1
2023-11-07,2023-11-07 11:11:00,195.32,195.34,195.32,195.34,0.01,16.89,3389.87,1
2023-11-07,2023-11-07 11:12:00,195.34,195.37,195.34,195.37,0.02,16.89,3389.87,1
2023-11-07,2023-11-07 11:13:00,195.37,195.4,195.37,195.4,0.02,16.89,3389.87,1
2023-11-07,2023-11-07 11:14:00,195.4,195.43,195.4,195.43,0.02,16.89,3389.87,1
2023-11-07,2023-11-07 11:15:00,195.43,195.46,195.43,195.46,0.02,16.89,3389.87,1
2023-11-07,2023-11-07 11:16:00,195.46,195.49,195.46,195.49,0.02,16.89,3389.87,1
2023-11-07,2023-11-07 11:17:00,195.49,195.52,195.49,195.52,0.02,16.89,3389.87,1
2023-11-07,2023-11-07 11:18:00,195.52,195.55,195.52,195.55,0.02,16.89,3389.87,1
2023-11-07,2023-11-07 11:19:00,195.55,195.57,195.55,195.57,0.01,16.89,3389.87,1
2023-11-07,2023-11-07 11:20:00,195.57,195.6,195.57,195.6,0.02,16.89,3389.87,1
2023-11-07,2023-11-07 11:21:00,195.6,195.63,195.6,195.63,0.02,16.89,3389.87,1
2023-11-07,2023-11-07 11:22:00,195.63,195.66,195.63,195.66,0.02,16.89,3389.87,1
2023-11-07,2023-11-07 11:23:00,195.66,195.69,195.66,195.69,0.02,16.89,3389.87,1
2023-11-07,2023-11-07 11:24:00,195.69,195.72,195.69,195.72,0.02,16.89,3389.87,1
2023-11-07,2023-11-07 11:25:00,195.72,195.75,195.72,195.75,0.02,16.89,3389.87,1
2023-11-07,2023-11-07 11:26:00,195.75,195.78,195.75,195.78,0.02,16.89,3389.87,1
2023-11-07,2023-11-07 11:27:00,195.78,195.81,195.78,195.81,0.02,16.89,3389.87,1
2023-11-07,2023-11-07 11:28:00,195.81,195.83,195.81,195.83,0.01,16.89,3389.87,1
2023-11-07,2023-11-07 11:29:00,195.83,195.86,195.83,195.86,0.02,16.89,3389.87,1
2023-11-07,2023-11-07 11:30:00,195.86,195.89,195.86,195.89,0.02,16.89,3389.87,1
2023-11-07,2023-11-07 11:31:00,195.89,195.92,195.89,195.92,0.02,16.89,3389.87,1
2023-11-07,2023-11-07 11:32:00,195.92,195.95,195.92,195.95,0.02,16.89,3389.87,1
2023-11-07,2023-11-07 11:33:00,195.95,195.98,195.95,195.98,0.02,16.89,3389.87,1
2023-11-07,2023-11-07 11:34:00,195.98,196.01,195.98,196.01,0.02,16.89,3389.87,1
2023-11-07,2023-11-07 11:35:00,196.01,196.03,196.01,196.03,0.01,16.89,3389.87,1
2023-11-07,2023-11-07 11:36:00,196.03,196.06,196.03,196.06,0.02,16.89,3389.87,1
2023-11-07,2023-11-07 11:37:00,196.06,196.09,196.06,196.09,0.02,16.89,3389.87,1
2023-11-07,2023-11-07 11:38:00,196.09,196.12,196.09,196.12,0.02,16.89,3389.87,1
2023-11-07,2023-11-07 11:39:00,196.12,196.15,196.12,196.15,0.02,16.89,3389.87,1
2023-11-07,2023-11-07 11:40:00,196.15,196.18,196.15,196.18,0.02,16.89,3389.87,1
2023-11-07,2023-11-07 11:41:00,196.18,196.21,196.18,196.21,0.02,16.89,3389.87,1
2023-11-07,2023-11-07 11:42:00,196.21,196.24,196.21,196.24,0.02,16.89,3389.87,1
2023-11-07,2023-11-07 11:43:00,196.24,196.27,196.24,196.27,0.02,16.89,3389.87,1
2023-11-07,2023-11-07 11:44:00,196.27,196.29,196.27,196.29,0.01,16.89,3389.87,1
2023-11-07,2023-11-07 11:45:00,196.29,196.32,196.29,196.32,0.02,16.89,3389.87,1
2023-11-07,2023-11-07 11:46:00,196.32,196.35,196.32,196.35,0.02,16.89,3389.87,1
2023-11-07,2023-11-07 11:47:00,196.35,196.38,196.35,196.38,0.02,16.89,3389.87,1
2023-11-07,2023-11-07 11:48:00,196.38,196.41,196.38,196.41,0.02,16.89,3389.87,1
2023-11-07,2023-11-07 11:49:00,196.41,196.44,196.41,196.44,0.02,16.89,3389.87,1
2023-11-07,2023-11-07 11:50:00,196.44,196.47,196.44,196.47,0.02,16.89,3389.87,1
2023-11-07,2023-11-07 11:51:00,196.47,196.5,196.47,196.5,0.02,16.89,3389.87,1
2023-11-07,2023-11-07 11:52:00,196.5,196.52,196.5,196.52,0.01,16.89,3389.87,1
2023-11-07,2023-11-07 11:53:00,196.52,196.55,196.52,196.55,0.02,16.89,3389.87,1
2023-11-07,2023-11-07 11:54:00,196.55,196.58,196.55,196.58,0.02,16.89,3389.87,1
2023-11-07,2023-11-07 11:55:00,196.58,196.61,196.58,196.61,0.02,16.89,3389.87,1
2023-11-07,2023-11-07 11:56:00,196.61,196.64,196.61,196.64,0.02,16.89,3389.87,1
2023-11-07,2023-11-07 11:57:00,196.64,196.67,196.64,196.67,0.02,16.89,3389.87,1
2023-11-07,2023-11-07 11:58:00,196.67,196.7,196.67,196.7,0.02,16.89,3389.87,1
2023-11-07,2023-11-07 11:59:00,196.7,196.72,196.7,196.72,0.01,16.89,3389.87,1
2023-11-07,2023-11-07 12:00:00,196.72,196.75,196.72,196.75,0.02,16.89,3389.87,1
2023-11-07,2023-11-07 12:01:00,196.75,196.78,196.75,196.78,0.02,16.89,3389.87,1
2023-11-07,2023-11-07 12:02:00,196.78,196.81,196.78,196.81,0.02,16.89,3389.87,1
2023-11-07,2023-11-07 12:03:00,196.81,196.84,196.81,196.84,0.02,16.89,3389.87,1
2023-11-07,2023-11-07 12:04:00,196.84,196.87,196.84,196.87,0.02,16.89,3389.87,1
2023-11-07,2023-11-07 12:05:00,196.87,196.9,196.87,196.9,0.02,16.89,3389.87,1
2023-11-07,2023-11-07 12:06:00,196.9,196.93,196.9,196.93,0.02,16.89,3389.87,1
2023-11-07,2023-11-07 12:07:00,196.93,196.96,196.93,196.96,0.02,16.89,3389.87,1
2023-11-07,2023-11-07 12:08:00,196.96,196.98,196.96,196.98,0.01,16.89,3389.87,1
2023-11-07,2023-11-07 12:09:00,196.98,197.01,196.98,197.01,0.02,16.89,3389.87,1
2023-11-07,2023-11-07 12:10:00,197.01,197.04,197.01,197.04,0.02,16.89,3389.87,1
2023-11-07,2023-11-07 12:11:00,197.04,197.07,197.04,197.07,0.02,16.89,3389.87,1
2023-11-07,2023-11-07 12:12:00,197.07,197.1,197.07,197.1,0.02,16.89,3389.87,1
2023-11-07,2023-11-07 12:13:00,197.1,197.13,197.1,197.13,0.02,16.89,3389.87,1
2023-11-07,2023-11-07 12:14:00,197.13,197.16,197.13,197.16,0.02,16.89,3389.87,1
2023-11-07,2023-11-07 12:15:00,197.16,197.19,197.16,197.19,0.02,16.89,3389.87,1
2023-11-07,2023-11-07 12:16:00,197.19,197.21,197.19,197.21,0.01,16.89,3389.87,1
2023-11-07,2023-11-07 12:17:00,197.21,197.24,197.21,197.24,0.02,16.89,3389.87,1
2023-11-07,2023-11-07 12:18:00,197.24,197.27,197.24,197.27,0.02,16.89,3389.87,1
2023-11-07,2023-11-07 12:19:00,197.27,197.3,197.27,197.3,0.02,16.89,3389.87,1
2023-11-07,2023-11-07 12:20:00,197.3,197.33,197.3,197.33,0.02,16.89,3389.87,1
2023-11-07,2023-11-07 12:21:00,197.33,197.36,197.33,197.36,0.02,16.89,3389.87,1
2023-11-07,2023-11-07 12:22:00,197.36,197.39,197.36,197.39,0.02,16.89,3389.87,1
2023-11-07,2023-11-07 12:23:00,197.39,197.41,197.39,197.41,0.01,16.89,3389.87,1
2023-11-07,2023-11-07 12:24:00,197.41,197.44,197.41,197.44,0.02,16.89,3389.87,1
2023-11-07,2023-11-07 12:25:00,197.44,197.47,197.44,197.47,0.02,16.89,3389.87,1
2023-11-07,2023-11-07 12:26:00,197.47,197.5,197.47,197.5,0.02,16.89,3389.87,1
2023-11-07,2023-11-07 12:27:00,197.5,197.53,197.5,197.53,0.02,16.89,3389.87,1
2023-11-07,2023-11-07 12:28:00,197.53,197.56,197.53,197.56,0.02,16.89,3389.87,1
2023-11-07,2023-11-07 12:29:00,197.56,197.59,197.56,197.59,0.02,16.89,3389.87,1
2023-11-07,2023-11-07 12:30:00,197.59,197.62,197.59,197.62,0.02,16.89,3389.87,1
2023-11-07,2023-11-07 12:31:00,197.62,197.65,197.62,197.65,0.02,16.89,3389.87,1
2023-11-07,2023-11-07 12:32:00,197.65,197.67,197.65,197.67,0.01,16.89,3389.87,1
2023-11-07,2023-11-07 12:33:00,197.67,197.7,197.67,197.7,0.02,16.89,3389.87,1
2023-11-07,2023-11-07 12:34:00,197.7,197.73,197.7,197.73,0.02,16.89,3389.87,1
2023-11-07,2023-11-07 12:35:00,197.73,197.76,197.73,197.76,0.02,16.89,3389.87,1
2023-11-07,2023-11-07 12:36:00,197.76,197.79,197.76,197.79,0.02,16.89,3389.87,1
2023-11-07,2023-11-07 12:37:00,197.79,197.82,197.79,197.82,0.02,16.89,3389.87,1
2023-11-07,2023-11-07 12:38:00,197.82,197.85,197.82,197.85,0.02,16.89,3389.87,1
2023-11-07,2023-11-07 12:39:00,197.85,197.88,197.85,197.88,0.02,16.89,3389.87,1
2023-11-07,2023-11-07 12:40:00,197.88,197.9,197.88,197.9,0.01,16.89,3389.87,1
2023-11-07,2023-11-07 12:41:00,197.9,197.93,197.9,197.93,0.02,16.89,3389.87,1
2023-11-07,2023-11-07 12:42:00,197.93,197.96,197.93,197.96,0.02,16.89,3389.87,1
2023-11-07,2023-11-07 12:43:00,197.96,197.99,197.96,197.99,0.02,16.89,3389.87,1
2023-11-07,2023-11-07 12:44:00,197.99,198.02,197.99,198.02,0.02,16.89,3389.87,1
2023-11-07,2023-11-07 12:45:00,198.02,198.05,198.02,198.05,0.02,16.89,3389.87,1
2023-11-07,2023-11-07 12:46:00,198.05,198.08,198.05,198.08,0.02,16.89,3389.87,1
2023-11-07,2023-11-07 12:47:00,198.08,198.1,198.08,198.1,0.01,16.89,3389.87,1
2023-11-07,2023-11-07 12:48:00,198.1,198.13,198.1,198.13,0.02,16.89,3389.87,1
2023-11-07,2023-11-07 12:49:00,198.13,198.16,198.13,198.16,0.02,16.89,3389.87,1
2023-11-07,2023-11-07 12:50:00,198.16,198.19,198.16,198.19,0.02,16.89,3389.87,1
2023-11-07,2023-11-07 12:51:00,198.19,198.22,198.19,198.22,0.02,16.89,3389.87,1
2023-11-07,2023-11-07 12:52:00,198.22,198.25,198.22,198.25,0.02,16.89,3389.87,1
2023-11-07,2023-11-07 12:53:00,198.25,198.28,198.25,198.28,0.02,16.89,3389.87,1
2023-11-07,2023-11-07 12:54:00,198.28,198.31,198.28,198.31,0.02,16.89,3389.87,1
2023-11-07,2023-11-07 12:55:00,198.31,198.34,198.31,198.34,0.02,16.89,3389.87,1
2023-11-07,2023-11-07 12:56:00,198.34,198.36,198.34,198.36,0.01,16.89,3389.87,1
2023-11-07,2023-11-07 12:57:00,198.36,198.39,198.36,198.39,0.02,16.89,3389.87,1
2023-11-07,2023-11-07 12:58:00,198.39,198.42,198.39,198.42,0.02,16.89,3389.87,1
2023-11-07,2023-11-07 12:59:00,198.42,198.45,198.42,198.45,0.02,16.89,3389.87,1
2023-11-07,2023-11-07 13:00:00,198.45,205.0,195.0,198.48,0.02,16.89,3389.87,1
2023-11-07,2023-11-07 13:01:00,198.48,198.51,198.48,198.51,0.02,16.89,3389.87,1
2023-11-07,2023-11-07 13:02:00,198.51,198.54,198.51,198.54,0.02,16.89,3389.87,1
2023-11-07,2023-11-07 13:03:00,198.54,198.56,198.54,198.56,0.01,16.89,3389.87,1
2023-11-07,2023-11-07 13:04:00,198.56,198.59,198.56,198.59,0.02,16.89,3389.87,1
2023-11-07,2023-11-07 13:05:00,198.59,198.62,198.59,198.62,0.02,16.89,3389.87,1
2023-11-07,2023-11-07 13:06:00,198.62,198.65,198.62,198.65,0.02,16.89,3389.87,1
2023-11-07,2023-11-07 13:07:00,198.65,198.68,198.65,198.68,0.02,16.89,3389.87,1
2023-11-07,2023-11-07 13:08:00,198.68,198.71,198.68,198.71,0.02,16.89,3389.87,1
2023-11-07,2023-11-07 13:09:00,198.71,198.74,198.71,198.74,0.02,16.89,3389.87,1
2023-11-07,2023-11-07 13:10:00,198.74,198.77,198.74,198.77,0.02,16.89,3389.87,1
2023-11-07,2023-11-07 13:11:00,198.77,198.8,198.77,198.8,0.02,16.89,3389.87,1
2023-11-07,2023-11-07 13:12:00,198.8,198.82,198.8,198.82,0.01,16.89,3389.87,1
2023-11-07,2023-11-07 13:13:00,198.82,198.85,198.82,198.85,0.02,16.89,3389.87,1
2023-11-07,2023-11-07 13:14:00,198.85,198.88,198.85,198.88,0.02,16.89,3389.87,1
2023-11-07,2023-11-07 13:15:00,198.88,198.91,198.88,198.91,0.02,16.89,3389.87,1
2023-11-07,2023-11-07 13:16:00,198.91,198.94,198.91,198.94,0.02,16.89,3389.87,1
2023-11-07,2023-11-07 13:17:00,198.94,198.97,198.94,198.97,0.02,16.89,3389.87,1
2023-11-07,2023-11-07 13:18:00,198.97,199.0,198.97,199.0,0.02,16.89,3389.87,1
2023-11-07,2023-11-07 13:19:00,199.0,199.03,199.0,199.03,0.02,16.89,3389.87,1
2023-11-07,2023-11-07 13:20:00,199.03,199.05,199.03,199.05,0.01,16.89,3389.87,1
2023-11-07,2023-11-07 13:21:00,199.05,199.08,199.05,199.08,0.02,16.89,3389.87,1
2023-11-07,2023-11-07 13:22:00,199.08,199.11,199.08,199.11,0.02,16.89,3389.87,1
2023-11-07,2023-11-07 13:23:00,199.11,199.14,199.11,199.14,0.02,16.89,3389.87,1
2023-11-07,2023-11-07 13:24:00,199.14,199.17,199.14,199.17,0.02,16.89,3389.87,1
2023-11-07,2023-11-07 13:25:00,199.17,199.2,199.17,199.2,0.02,16.89,3389.87,1
2023-11-07,2023-11-07 13:26:00,199.2,199.23,199.2,199.23,0.02,16.89,3389.87,1
2023-11-07,2023-11-07 13:27:00,199.23,199.25,199.23,199.25,0.01,16.89,3389.87,1
2023-11-07,2023-11-07 13:28:00,199.25,199.28,199.25,199.28,0.02,16.89,3389.87,1
2023-11-07,2023-11-07 13:29:00,199.28,199.31,199.28,199.31,0.02,16.89,3389.87,1
2023-11-07,2023-11-07 13:30:00,199.31,199.34,199.31,199.34,0.02,16.89,3389.87,1
2023-11-07,2023-11-07 13:31:00,199.34,199.37,199.34,199.37,0.02,16.89,3389.87,1
2023-11-07,2023-11-07 13:32:00,199.37,199.4,199.37,199.4,0.02,16.89,3389.87,1
2023-11-07,2023-11-07 13:33:00,199.4,199.43,199.4,199.43,0.02,16.89,3389.87,1
2023-11-07,2023-11-07 13:34:00,199.43,199.46,199.43,199.46,0.02,16.89,3389.87,1
2023-11-07,2023-11-07 13:35:00,199.46,199.49,199.46,199.49,0.02,16.89,3389.87,1
2023-11-07,2023-11-07 13:36:00,199.49,199.51,199.49,199.51,0.01,16.89,3389.87,1
2023-11-07,2023-11-07 13:37:00,199.51,199.54,199.51,199.54,0.02,16.89,3389.87,1
2023-11-07,2023-11-07 13:38:00,199.54,199.57,199.54,199.57,0.02,16.89,3389.87,1
2023-11-07,2023-11-07 13:39:00,199.57,199.6,199.57,199.6,0.02,16.89,3389.87,1
2023-11-07,2023-11-07 13:40:00,199.6,199.63,199.6,199.63,0.02,16.89,3389.87,1
2023-11-07,2023-11-07 13:41:00,199.63,199.66,199.63,199.66,0.02,16.89,3389.87,1
2023-11-07,2023-11-07 13:42:00,199.66,199.69,199.66,199.69,0.02,16.89,3389.87,1
2023-11-07,2023-11-07 13:43:00,199.69,199.72,199.69,199.72,0.02,16.89,3389.87,1
2023-11-07,2023-11-07 13:44:00,199.72,199.74,199.72,199.74,0.01,16.89,3389.87,1
2023-11-07,2023-11-07 13:45:00,199.74,199.77,199.74,199.77,0.02,16.89,3389.87,1
2023-11-07,2023-11-07 13:46:00,199.77,199.8,199.77,199.8,0.02,16.89,3389.87,1
2023-11-07,2023-11-07 13:47:00,199.8,199.83,199.8,199.83,0.02,16.89,3389.87,1
2023-11-07,2023-11-07 13:48:00,199.83,199.86,199.83,199.86,0.02,16.89,3389.87,1
2023-11-07,2023-11-07 13:49:00,199.86,199.89,199.86,199.89,0.02,16.89,3389.87,1
2023-11-07,2023-11-07 13:50:00,199.89,199.92,199.89,199.92,0.02,16.89,3389.87,1
2023-11-07,2023-11-07 13:51:00,199.92,199.94,199.92,199.94,0.01,16.89,3389.87,1
2023-11-07,2023-11-07 13:52:00,199.94,199.97,199.94,199.97,0.02,16.89,3389.87,1
2023-11-07,2023-11-07 13:53:00,199.97,200.0,199.97,200.0,0.02,16.89,3389.87,1
2023-11-07,2023-11-07 13:54:00,200.0,200.03,200.0,200.03,0.02,16.89,3389.87,1
2023-11-07,2023-11-07 13:55:00,200.03,200.06,200.03,200.06,0.01,16.89,3389.87,1
2023-11-07,2023-11-07 13:56:00,200.06,200.09,200.06,200.09,0.01,16.89,3389.87,1
2023-11-07,2023-11-07 13:57:00,200.09,200.12,200.09,200.12,0.01,16.89,3389.87,1
2023-11-07,2023-11-07 13:58:00,200.12,200.15,200.12,200.15,0.01,16.89,3389.87,1
2023-11-07,2023-11-07 13:59:00,200.15,200.18,200.15,200.18,0.01,16.89,3389.87,1
2023-11-07,2023-11-07 14:00:00,200.18,200.2,200.18,200.2,0.01,16.89,3389.87,1
2023-11-07,2023-11-07 14:01:00,200.2,200.23,200.2,200.23,0.01,16.89,3389.87,1
2023-11-07,2023-11-07 14:02:00,200.23,200.26,200.23,200.26,0.01,16.89,3389.87,1
2023-11-07,2023-11-07 14:03:00,200.26,200.29,200.26,200.29,0.01,16.89,3389.87,1
2023-11-07,2023-11-07 14:04:00,200.29,200.32,200.29,200.32,0.01,16.89,3389.87,1
2023-11-07,2023-11-07 14:05:00,200.32,200.35,200.32,200.35,0.01,16.89,3389.87,1
2023-11-07,2023-11-07 14:06:00,200.35,200.38,200.35,200.38,0.01,16.89,3389.87,1
2023-11-07,2023-11-07 14:07:00,200.38,200.41,200.38,200.41,0.01,16.89,3389.87,1
2023-11-07,2023-11-07 14:08:00,200.41,200.43,200.41,200.43,0.01,16.89,3389.87,1
2023-11-07,2023-11-07 14:09:00,200.43,200.46,200.43,200.46,0.01,16.89,3389.87,1
2023-11-07,2023-11-07 14:10:00,200.46,200.49,200.46,200.49,0.01,16.89,3389.87,1
2023-11-07,2023-11-07 14:11:00,200.49,200.52,200.49,200.52,0.01,16.89,3389.87,1
2023-11-07,2023-11-07 14:12:00,200.52,200.55,200.52,200.55,0.01,16.89,3389.87,1
2023-11-07,2023-11-07 14:13:00,200.55,200.58,200.55,200.58,0.01,16.89,3389.87,1
2023-11-07,2023-11-07 14:14:00,200.58,200.61,200.58,200.61,0.01,16.89,3389.87,1
2023-11-07,2023-11-07 14:15:00,200.61,200.63,200.61,200.63,0.01,16.89,3389.87,1
2023-11-07,2023-11-07 14:16:00,200.63,200.66,200.63,200.66,0.01,16.89,3389.87,1
2023-11-07,2023-11-07 14:17:00,200.66,200.69,200.66,200.69,0.01,16.89,3389.87,1
2023-11-07,2023-11-07 14:18:00,200.69,200.72,200.69,200.72,0.01,16.89,3389.87,1
2023-11-07,2023-11-07 14:19:00,200.72,200.75,200.72,200.75,0.01,16.89,3389.87,1
2023-11-07,2023-11-07 14:20:00,200.75,200.78,200.75,200.78,0.01,16.89,3389.87,1
2023-11-07,2023-11-07 14:21:00,200.78,200.81,200.78,200.81,0.01,16.89,3389.87,1
2023-11-07,2023-11-07 14:22:00,200.81,200.84,200.81,200.84,0.01,16.89,3389.87,1
2023-11-07,2023-11-07 14:23:00,200.84,200.87,200.84,200.87,0.01,16.89,3389.87,1
2023-11-07,2023-11-07 14:24:00,200.87,200.89,200.87,200.89,0.01,16.89,3389.87,1
2023-11-07,2023-11-07 14:25:00,200.89,200.92,200.89,200.92,0.01,16.89,3389.87,1
2023-11-07,2023-11-07 14:26:00,200.92,200.95,200.92,200.95,0.01,16.89,3389.87,1
2023-11-07,2023-11-07 14:27:00,200.95,200.98,200.95,200.98,0.01,16.89,3389.87,1
2023-11-07,2023-11-07 14:28:00,200.98,201.01,200.98,201.01,0.01,16.89,3389.87,1
2023-11-07,2023-11-07 14:29:00,201.01,201.04,201.01,201.04,0.01,16.89,3389.87,1
2023-11-07,2023-11-07 14:30:00,201.04,201.07,201.04,201.07,0.01,16.89,3389.87,1
2023-11-07,2023-11-07 14:31:00,201.07,201.09,201.07,201.09,0.01,16.89,3389.87,1
2023-11-07,2023-11-07 14:32:00,201.09,201.12,201.09,201.12,0.01,16.89,3389.87,1
2023-11-07,2023-11-07 14:33:00,201.12,201.15,201.12,201.15,0.01,16.89,3389.87,1
2023-11-07,2023-11-07 14:34:00,201.15,201.18,201.15,201.18,0.01,16.89,3389.87,1
2023-11-07,2023-11-07 14:35:00,201.18,201.21,201.18,201.21,0.01,16.89,3389.87,1
2023-11-07,2023-11-07 14:36:00,201.21,201.24,201.21,201.24,0.01,16.89,3389.87,1
2023-11-07,2023-11-07 14:37:00,201.24,201.27,201.24,201.27,0.01,16.89,3389.87,1
2023-11-07,2023-11-07 14:38:00,201.27,201.3,201.27,201.3,0.01,16.89,3389.87,1
2023-11-07,2023-11-07 14:39:00,201.3,201.33,201.3,201.33,0.01,16.89,3389.87,1
2023-11-07,2023-11-07 14:40:00,201.33,201.35,201.33,201.35,0.01,16.89,3389.87,1
2023-11-07,2023-11-07 14:41:00,201.35,201.38,201.35,201.38,0.01,16.89,3389.87,1
2023-11-07,2023-11-07 14:42:00,201.38,201.41,201.38,201.41,0.01,16.89,3389.87,1
2023-11-07,2023-11-07 14:43:00,201.41,201.44,201.41,201.44,0.01,16.89,3389.87,1
2023-11-07,2023-11-07 14:44:00,201.44,201.47,201.44,201.47,0.01,16.89,3389.87,1
2023-11-07,2023-11-07 14:45:00,201.47,201.5,201.47,201.5,0.01,16.89,3389.87,1
2023-11-07,2023-11-07 14:46:00,201.5,201.53,201.5,201.53,0.01,16.89,3389.87,1
2023-11-07,2023-11-07 14:47:00,201.53,201.56,201.53,201.56,0.01,16.89,3389.87,1
2023-11-07,2023-11-07 14:48:00,201.56,201.58,201.56,201.58,0.01,16.89,3389.87,1
2023-11-07,2023-11-07 14:49:00,201.58,201.61,201.58,201.61,0.01,16.89,3389.87,1
2023-11-07,2023-11-07 14:50:00,201.61,201.64,201.61,201.64,0.01,16.89,3389.87,1
2023-11-07,2023-11-07 14:51:00,201.64,201.67,201.64,201.67,0.01,16.89,3389.87,1
2023-11-07,2023-11-07 14:52:00,201.67,201.7,201.67,201.7,0.01,16.89,3389.87,1
2023-11-07,2023-11-07 14:53:00,201.7,201.73,201.7,201.73,0.01,16.89,3389.87,1
2023-11-07,2023-11-07 14:54:00,201.73,201.76,201.73,201.76,0.01,16.89,3389.87,1
2023-11-07,2023-11-07 14:55:00,201.76,201.78,201.76,201.78,0.01,16.89,3389.87,1
2023-11-07,2023-11-07 14:56:00,201.78,201.81,201.78,201.81,0.01,16.89,3389.87,1
2023-11-07,2023-11-07 14:57:00,201.81,201.84,201.81,201.84,0.01,16.89,3389.87,1
2023-11-07,2023-11-07 14:58:00,201.84,201.87,201.84,201.87,0.01,16.89,3389.87,1
2023-11-07,2023-11-07 14:59:00,201.87,201.9,201.87,201.9,0.01,16.89,3389.87,1
2023-11-07,2023-11-07 15:00:00,201.9,205.0,195.0,201.9,0.0,16.89,3389.87,0
2023-11-08,2023-11-08 11:00:00,197.9,199.4,196.22,197.92,0.01,14.77,2945.44,1
2023-11-08,2023-11-08 11:01:00,197.92,197.94,197.92,197.94,0.01,14.77,2945.44,1
2023-11-08,2023-11-08 11:02:00,197.94,197.96,197.94,197.96,0.01,14.77,2945.44,1
2023-11-08,2023-11-08 11:03:00,197.96,197.98,197.96,197.98,0.01,14.77,2945.44,1
2023-11-08,2023-11-08 11:04:00,197.98,198.0,197.98,198.0,0.01,14.77,2945.44,1
2023-11-08,2023-11-08 11:05:00,198.0,198.03,198.0,198.03,0.02,14.77,2945.44,1
2023-11-08,2023-11-08 11:06:00,198.03,198.05,198.03,198.05,0.01,14.77,2945.44,1
2023-11-08,2023-11-08 11:07:00,198.05,198.07,198.05,198.07,0.01,14.77,2945.44,1
2023-11-08,2023-11-08 11:08:00,198.07,198.09,198.07,198.09,0.01,14.77,2945.44,1
2023-11-08,2023-11-08 11:09:00,198.09,198.11,198.09,198.11,0.01,14.77,2945.44,1
2023-11-08,2023-11-08 11:10:00,198.11,198.13,198.11,198.13,0.01,14.77,2945.44,1
2023-11-08,2023-11-08 11:11:00,198.13,198.15,198.13,198.15,0.01,14.77,2945.44,1
2023-11-08,2023-11-08 11:12:00,198.15,198.17,198.15,198.17,0.01,14.77,2945.44,1
2023-11-08,2023-11-08 11:13:00,198.17,198.19,198.17,198.19,0.01,14.77,2945.44,1
2023-11-08,2023-11-08 11:14:00,198.19,198.21,198.19,198.21,0.01,14.77,2945.44,1
2023-11-08,2023-11-08 11:15:00,198.21,198.23,198.21,198.23,0.01,14.77,2945.44,1
2023-11-08,2023-11-08 11:16:00,198.23,198.25,198.23,198.25,0.01,14.77,2945.44,1
2023-11-08,2023-11-08 11:17:00,198.25,198.28,198.25,198.28,0.02,14.77,2945.44,1
2023-11-08,2023-11-08 11:18:00,198.28,198.3,198.28,198.3,0.01,14.77,2945.44,1
2023-11-08,2023-11-08 11:19:00,198.3,198.32,198.3,198.32,0.01,14.77,2945.44,1
2023-11-08,2023-11-08 11:20:00,198.32,198.34,198.32,198.34,0.01,14.77,2945.44,1
2023-11-08,2023-11-08 11:21:00,198.34,198.36,198.34,198.36,0.01,14.77,2945.44,1
2023-11-08,2023-11-08 11:22:00,198.36,198.38,198.36,198.38,0.01,14.77,2945.44,1
2023-11-08,2023-11-08 11:23:00,198.38,198.4,198.38,198.4,0.01,14.77,2945.44,1
2023-11-08,2023-11-08 11:24:00,198.4,198.42,198.4,198.42,0.01,14.77,2945.44,1
2023-11-08,2023-11-08 11:25:00,198.42,198.44,198.42,198.44,0.01,14.77,2945.44,1
2023-11-08,2023-11-08 11:26:00,198.44,198.46,198.44,198.46,0.01,14.77,2945.44,1
2023-11-08,2023-11-08 11:27:00,198.46,198.48,198.46,198.48,0.01,14.77,2945.44,1
2023-11-08,2023-11-08 11:28:00,198.48,198.5,198.48,198.5,0.01,14.77,2945.44,1
2023-11-08,2023-11-08 11:29:00,198.5,198.53,198.5,198.53,0.02,14.77,2945.44,1
2023-11-08,2023-11-08 11:30:00,198.53,198.55,198.53,198.55,0.01,14.77,2945.44,1
2023-11-08,2023-11-08 11:31:00,198.55,198.57,198.55,198.57,0.01,14.77,2945.44,1
2023-11-08,2023-11-08 11:32:00,198.57,198.59,198.57,198.59,0.01,14.77,2945.44,1
2023-11-08,2023-11-08 11:33:00,198.59,198.61,198.59,198.61,0.01,14.77,2945.44,1
2023-11-08,2023-11-08 11:34:00,198.61,198.63,198.61,198.63,0.01,14.77,2945.44,1
2023-11-08,2023-11-08 11:35:00,198.63,198.65,198.63,198.65,0.01,14.77,2945.44,1
2023-11-08,2023-11-08 11:36:00,198.65,198.67,198.65,198.67,0.01,14.77,2945.44,1
2023-11-08,2023-11-08 11:37:00,198.67,198.69,198.67,198.69,0.01,14.77,2945.44,1
2023-11-08,2023-11-08 11:38:00,198.69,198.71,198.69,198.71,0.01,14.77,2945.44,1
2023-11-08,2023-11-08 11:39:00,198.71,198.73,198.71,198.73,0.01,14.77,2945.44,1
2023-11-08,2023-11-08 11:40:00,198.73,198.75,198.73,198.75,0.01,14.77,2945.44,1
2023-11-08,2023-11-08 11:41:00,198.75,198.78,198.75,198.78,0.02,14.77,2945.44,1
2023-11-08,2023-11-08 11:42:00,198.78,198.8,198.78,198.8,0.01,14.77,2945.44,1
2023-11-08,2023-11-08 11:43:00,198.8,198.82,198.8,198.82,0.01,14.77,2945.44,1
2023-11-08,2023-11-08 11:44:00,198.82,198.84,198.82,198.84,0.01,14.77,2945.44,1
2023-11-08,2023-11-08 11:45:00,198.84,198.86,198.84,198.86,0.01,14.77,2945.44,1
2023-11-08,2023-11-08 11:46:00,198.86,198.88,198.86,198.88,0.01,14.77,2945.44,1
2023-11-08,2023-11-08 11:47:00,198.88,198.9,198.88,198.9,0.01,14.77,2945.44,1
2023-11-08,2023-11-08 11:48:00,198.9,198.92,198.9,198.92,0.01,14.77,2945.44,1
2023-11-08,2023-11-08 11:49:00,198.92,198.94,198.92,198.94,0.01,14.77,2945.44,1
2023-11-08,2023-11-08 11:50:00,198.94,198.96,198.94,198.96,0.01,14.77,2945.44,1
2023-11-08,2023-11-08 11:51:00,198.96,198.98,198.96,198.98,0.01,14.77,2945.44,1
2023-11-08,2023-11-08 11:52:00,198.98,199.0,198.98,199.0,0.01,14.77,2945.44,1
2023-11-08,2023-11-08 11:53:00,199.0,199.03,199.0,199.03,0.02,14.77,2945.44,1
2023-11-08,2023-11-08 11:54:00,199.03,199.05,199.03,199.05,0.01,14.77,2945.44,1
2023-11-08,2023-11-08 11:55:00,199.05,199.07,199.05,199.07,0.01,14.77,2945.44,1
2023-11-08,2023-11-08 11:56:00,199.07,199.09,199.07,199.09,0.01,14.77,2945.44,1
2023-11-08,2023-11-08 11:57:00,199.09,199.11,199.09,199.11,0.01,14.77,2945.44,1
2023-11-08,2023-11-08 11:58:00,199.11,199.13,199.11,199.13,0.01,14.77,2945.44,1
2023-11-08,2023-11-08 11:59:00,199.13,199.15,199.13,199.15,0.01,14.77,2945.44,1
2023-11-08,2023-11-08 12:00:00,199.15,199.17,199.15,199.17,0.01,14.77,2945.44,1
2023-11-08,2023-11-08 12:01:00,199.17,199.19,199.17,199.19,0.01,14.77,2945.44,1
2023-11-08,2023-11-08 12:02:00,199.19,199.21,199.19,199.21,0.01,14.77,2945.44,1
2023-11-08,2023-11-08 12:03:00,199.21,199.23,199.21,199.23,0.01,14.77,2945.44,1
2023-11-08,2023-11-08 12:04:00,199.23,199.25,199.23,199.25,0.01,14.77,2945.44,1
2023-11-08,2023-11-08 12:05:00,199.25,199.28,199.25,199.28,0.02,14.77,2945.44,1
2023-11-08,2023-11-08 12:06:00,199.28,199.3,199.28,199.3,0.01,14.77,2945.44,1
2023-11-08,2023-11-08 12:07:00,199.3,199.32,199.3,199.32,0.01,14.77,2945.44,1
2023-11-08,2023-11-08 12:08:00,199.32,199.34,199.32,199.34,0.01,14.77,2945.44,1
2023-11-08,2023-11-08 12:09:00,199.34,199.36,199.34,199.36,0.01,14.77,2945.44,1
2023-11-08,2023-11-08 12:10:00,199.36,199.38,199.36,199.38,0.01,14.77,2945.44,1
2023-11-08,2023-11-08 12:11:00,199.38,199.4,199.38,199.4,0.01,14.77,2945.44,1
2023-11-08,2023-11-08 12:12:00,199.4,199.42,199.4,199.42,0.01,14.77,2945.44,1
2023-11-08,2023-11-08 12:13:00,199.42,199.44,199.42,199.44,0.01,14.77,2945.44,1
2023-11-08,2023-11-08 12:14:00,199.44,199.46,199.44,199.46,0.01,14.77,2945.44,1
2023-11-08,2023-11-08 12:15:00,199.46,199.48,199.46,199.48,0.01,14.77,2945.44,1
2023-11-08,2023-11-08 12:16:00,199.48,199.5,199.48,199.5,0.01,14.77,2945.44,1
2023-11-08,2023-11-08 12:17:00,199.5,199.53,199.5,199.53,0.02,14.77,2945.44,1
2023-11-08,2023-11-08 12:18:00,199.53,199.55,199.53,199.55,0.01,14.77,2945.44,1
2023-11-08,2023-11-08 12:19:00,199.55,199.57,199.55,199.57,0.01,14.77,2945.44,1
2023-11-08,2023-11-08 12:20:00,199.57,199.59,199.57,199.59,0.01,14.77,2945.44,1
2023-11-08,2023-11-08 12:21:00,199.59,199.61,199.59,199.61,0.01,14.77,2945.44,1
2023-11-08,2023-11-08 12:22:00,199.61,199.63,199.61,199.63,0.01,14.77,2945.44,1
2023-11-08,2023-11-08 12:23:00,199.63,199.65,199.63,199.65,0.01,14.77,2945.44,1
2023-11-08,2023-11-08 12:24:00,199.65,199.67,199.65,199.67,0.01,14.77,2945.44,1
2023-11-08,2023-11-08 12:25:00,199.67,199.69,199.67,199.69,0.01,14.77,2945.44,1
2023-11-08,2023-11-08 12:26:00,199.69,199.71,199.69,199.71,0.01,14.77,2945.44,1
2023-11-08,2023-11-08 12:27:00,199.71,199.73,199.71,199.73,0.01,14.77,2945.44,1
2023-11-08,2023-11-08 12:28:00,199.73,199.75,199.73,199.75,0.01,14.77,2945.44,1
2023-11-08,2023-11-08 12:29:00,199.75,199.78,199.75,199.78,0.02,14.77,2945.44,1
2023-11-08,2023-11-08 12:30:00,199.78,199.8,199.78,199.8,0.01,14.77,2945.44,1
2023-11-08,2023-11-08 12:31:00,199.8,199.82,199.8,199.82,0.01,14.77,2945.44,1
2023-11-08,2023-11-08 12:32:00,199.82,199.84,199.82,199.84,0.01,14.77,2945.44,1
2023-11-08,2023-11-08 12:33:00,199.84,199.86,199.84,199.86,0.01,14.77,2945.44,1
2023-11-08,2023-11-08 12:34:00,199.86,199.88,199.86,199.88,0.01,14.77,2945.44,1
2023-11-08,2023-11-08 12:35:00,199.88,199.9,199.88,199.9,0.01,14.77,2945.44,1
2023-11-08,2023-11-08 12:36:00,199.9,199.92,199.9,199.92,0.01,14.77,2945.44,1
2023-11-08,2023-11-08 12:37:00,199.92,199.94,199.92,199.94,0.01,14.77,2945.44,1
2023-11-08,2023-11-08 12:38:00,199.94,199.96,199.94,199.96,0.01,14.77,2945.44,1
2023-11-08,2023-11-08 12:39:00,199.96,199.98,199.96,199.98,0.01,14.77,2945.44,1
2023-11-08,2023-11-08 12:40:00,199.98,200.0,199.98,200.0,0.01,14.77,2945.44,1
2023-11-08,2023-11-08 12:41:00,200.0,200.03,200.0,200.03,0.02,14.77,2945.44,1
2023-11-08,2023-11-08 12:42:00,200.03,200.05,200.03,200.05,0.01,14.77,2945.44,1
2023-11-08,2023-11-08 12:43:00,200.05,200.07,200.05,200.07,0.01,14.77,2945.44,1
2023-11-08,2023-11-08 12:44:00,200.07,200.09,200.07,200.09,0.01,14.77,2945.44,1
2023-11-08,2023-11-08 12:45:00,200.09,200.11,200.09,200.11,0.01,14.77,2945.44,1
2023-11-08,2023-11-08 12:46:00,200.11,200.13,200.11,200.13,0.01,14.77,2945.44,1
2023-11-08,2023-11-08 12:47:00,200.13,200.15,200.13,200.15,0.01,14.77,2945.44,1
2023-11-08,2023-11-08 12:48:00,200.15,200.17,200.15,200.17,0.01,14.77,2945.44,1
2023-11-08,2023-11-08 12:49:00,200.17,200.19,200.17,200.19,0.01,14.77,2945.44,1
2023-11-08,2023-11-08 12:50:00,200.19,200.21,200.19,200.21,0.01,14.77,2945.44,1
2023-11-08,2023-11-08 12:51:00,200.21,200.23,200.21,200.23,0.01,14.77,2945.44,1
2023-11-08,2023-11-08 12:52:00,200.23,200.25,200.23,200.25,0.01,14.77,2945.44,1
2023-11-08,2023-11-08 12:53:00,200.25,200.28,200.25,200.28,0.01,14.77,2945.44,1
2023-11-08,2023-11-08 12:54:00,200.28,200.3,200.28,200.3,0.01,14.77,2945.44,1
2023-11-08,2023-11-08 12:55:00,200.3,200.32,200.3,200.32,0.01,14.77,2945.44,1
2023-11-08,2023-11-08 12:56:00,200.32,200.34,200.32,200.34,0.01,14.77,2945.44,1
2023-11-08,2023-11-08 12:57:00,200.34,200.36,200.34,200.36,0.01,14.77,2945.44,1
2023-11-08,2023-11-08 12:58:00,200.36,200.38,200.36,200.38,0.01,14.77,2945.44,1
2023-11-08,2023-11-08 12:59:00,200.38,200.4,200.38,200.4,0.01,14.77,2945.44,1
2023-11-08,2023-11-08 13:00:00,200.4,202.9,192.3,200.42,0.01,14.77,2945.44,1
2023-11-08,2023-11-08 13:01:00,200.42,200.44,200.42,200.44,0.01,14.77,2945.44,1
2023-11-08,2023-11-08 13:02:00,200.44,200.46,200.44,200.46,0.01,14.77,2945.44,1
2023-11-08,2023-11-08 13:03:00,200.46,200.48,200.46,200.48,0.01,14.77,2945.44,1
2023-11-08,2023-11-08 13:04:00,200.48,200.5,200.48,200.5,0.01,14.77,2945.44,1
2023-11-08,2023-11-08 13:05:00,200.5,200.53,200.5,200.53,0.01,14.77,2945.44,1
2023-11-08,2023-11-08 13:06:00,200.53,200.55,200.53,200.55,0.01,14.77,2945.44,1
2023-11-08,2023-11-08 13:07:00,200.55,200.57,200.55,200.57,0.01,14.77,2945.44,1
2023-11-08,2023-11-08 13:08:00,200.57,200.59,200.57,200.59,0.01,14.77,2945.44,1
2023-11-08,2023-11-08 13:09:00,200.59,200.61,200.59,200.61,0.01,14.77,2945.44,1
2023-11-08,2023-11-08 13:10:00,200.61,200.63,200.61,200.63,0.01,14.77,2945.44,1
2023-11-08,2023-11-08 13:11:00,200.63,200.65,200.63,200.65,0.01,14.77,2945.44,1
2023-11-08,2023-11-08 13:12:00,200.65,200.67,200.65,200.67,0.01,14.77,2945.44,1
2023-11-08,2023-11-08 13:13:00,200.67,200.69,200.67,200.69,0.01,14.77,2945.44,1
2023-11-08,2023-11-08 13:14:00,200.69,200.71,200.69,200.71,0.01,14.77,2945.44,1
2023-11-08,2023-11-08 13:15:00,200.71,200.73,200.71,200.73,0.01,14.77,2945.44,1
2023-11-08,2023-11-08 13:16:00,200.73,200.75,200.73,200.75,0.01,14.77,2945.44,1
2023-11-08,2023-11-08 13:17:00,200.75,200.78,200.75,200.78,0.01,14.77,2945.44,1
2023-11-08,2023-11-08 13:18:00,200.78,200.8,200.78,200.8,0.01,14.77,2945.44,1
2023-11-08,2023-11-08 13:19:00,200.8,200.82,200.8,200.82,0.01,14.77,2945.44,1
2023-11-08,2023-11-08 13:20:00,200.82,200.84,200.82,200.84,0.01,14.77,2945.44,1
2023-11-08,2023-11-08 13:21:00,200.84,200.86,200.84,200.86,0.01,14.77,2945.44,1
2023-11-08,2023-11-08 13:22:00,200.86,200.88,200.86,200.88,0.01,14.77,2945.44,1
2023-11-08,2023-11-08 13:23:00,200.88,200.9,200.88,200.9,0.01,14.77,2945.44,1
2023-11-08,2023-11-08 13:24:00,200.9,200.92,200.9,200.92,0.01,14.77,2945.44,1
2023-11-08,2023-11-08 13:25:00,200.92,200.94,200.92,200.94,0.01,14.77,2945.44,1
2023-11-08,2023-11-08 13:26:00,200.94,200.96,200.94,200.96,0.01,14.77,2945.44,1
2023-11-08,2023-11-08 13:27:00,200.96,200.98,200.96,200.98,0.01,14.77,2945.44,1
2023-11-08,2023-11-08 13:28:00,200.98,201.0,200.98,201.0,0.01,14.77,2945.44,1
2023-11-08,2023-11-08 13:29:00,201.0,201.03,201.0,201.03,0.01,14.77,2945.44,1
2023-11-08,2023-11-08 13:30:00,201.03,201.05,201.03,201.05,0.01,14.77,2945.44,1
2023-11-08,2023-11-08 13:31:00,201.05,201.07,201.05,201.07,0.01,14.77,2945.44,1
2023-11-08,2023-11-08 13:32:00,201.07,201.09,201.07,201.09,0.01,14.77,2945.44,1
2023-11-08,2023-11-08 13:33:00,201.09,201.11,201.09,201.11,0.01,14.77,2945.44,1
2023-11-08,2023-11-08 13:34:00,201.11,201.13,201.11,201.13,0.01,14.77,2945.44,1
2023-11-08,2023-11-08 13:35:00,201.13,201.15,201.13,201.15,0.01,14.77,2945.44,1
2023-11-08,2023-11-08 13:36:00,201.15,201.17,201.15,201.17,0.01,14.77,2945.44,1
2023-11-08,2023-11-08 13:37:00,201.17,201.19,201.17,201.19,0.01,14.77,2945.44,1
2023-11-08,2023-11-08 13:38:00,201.19,201.21,201.19,201.21,0.01,14.77,2945.44,1
2023-11-08,2023-11-08 13:39:00,201.21,201.23,201.21,201.23,0.01,14.77,2945.44,1
2023-11-08,2023-11-08 13:40:00,201.23,201.25,201.23,201.25,0.01,14.77,2945.44,1
2023-11-08,2023-11-08 13:41:00,201.25,201.28,201.25,201.28,0.01,14.77,2945.44,1
2023-11-08,2023-11-08 13:42:00,201.28,201.3,201.28,201.3,0.01,14.77,2945.44,1
2023-11-08,2023-11-08 13:43:00,201.3,201.32,201.3,201.32,0.01,14.77,2945.44,1
2023-11-08,2023-11-08 13:44:00,201.32,201.34,201.32,201.34,0.01,14.77,2945.44,1
2023-11-08,2023-11-08 13:45:00,201.34,201.36,201.34,201.36,0.01,14.77,2945.44,1
2023-11-08,2023-11-08 13:46:00,201.36,201.38,201.36,201.38,0.01,14.77,2945.44,1
2023-11-08,2023-11-08 13:47:00,201.38,201.4,201.38,201.4,0.01,14.77,2945.44,1
2023-11-08,2023-11-08 13:48:00,201.4,201.42,201.4,201.42,0.01,14.77,2945.44,1
2023-11-08,2023-11-08 13:49:00,201.42,201.44,201.42,201.44,0.01,14.77,2945.44,1
2023-11-08,2023-11-08 13:50:00,201.44,201.46,201.44,201.46,0.01,14.77,2945.44,1
2023-11-08,2023-11-08 13:51:00,201.46,201.48,201.46,201.48,0.01,14.77,2945.44,1
2023-11-08,2023-11-08 13:52:00,201.48,201.5,201.48,201.5,0.01,14.77,2945.44,1
2023-11-08,2023-11-08 13:53:00,201.5,201.53,201.5,201.53,0.01,14.77,2945.44,1
2023-11-08,2023-11-08 13:54:00,201.53,201.55,201.53,201.55,0.01,14.77,2945.44,1
2023-11-08,2023-11-08 13:55:00,201.55,201.57,201.55,201.57,0.01,14.77,2945.44,1
2023-11-08,2023-11-08 13:56:00,201.57,201.59,201.57,201.59,0.01,14.77,2945.44,1
2023-11-08,2023-11-08 13:57:00,201.59,201.61,201.59,201.61,0.01,14.77,2945.44,1
2023-11-08,2023-11-08 13:58:00,201.61,201.63,201.61,201.63,0.01,14.77,2945.44,1
2023-11-08,2023-11-08 13:59:00,201.63,201.65,201.63,201.65,0.01,14.77,2945.44,1
2023-11-08,2023-11-08 14:00:00,201.65,201.67,201.65,201.67,0.01,14.77,2945.44,1
2023-11-08,2023-11-08 14:01:00,201.67,201.69,201.67,201.69,0.01,14.77,2945.44,1
2023-11-08,2023-11-08 14:02:00,201.69,201.71,201.69,201.71,0.01,14.77,2945.44,1
2023-11-08,2023-11-08 14:03:00,201.71,201.73,201.71,201.73,0.01,14.77,2945.44,1
2023-11-08,2023-11-08 14:04:00,201.73,201.75,201.73,201.75,0.01,14.77,2945.44,1
2023-11-08,2023-11-08 14:05:00,201.75,201.78,201.75,201.78,0.01,14.77,2945.44,1
2023-11-08,2023-11-08 14:06:00,201.78,201.8,201.78,201.8,0.01,14.77,2945.44,1
2023-11-08,2023-11-08 14:07:00,201.8,201.82,201.8,201.82,0.01,14.77,2945.44,1
2023-11-08,2023-11-08 14:08:00,201.82,201.84,201.82,201.84,0.01,14.77,2945.44,1
2023-11-08,2023-11-08 14:09:00,201.84,201.86,201.84,201.86,0.01,14.77,2945.44,1
2023-11-08,2023-11-08 14:10:00,201.86,201.88,201.86,201.88,0.01,14.77,2945.44,1
2023-11-08,2023-11-08 14:11:00,201.88,201.9,201.88,201.9,0.01,14.77,2945.44,1
2023-11-08,2023-11-08 14:12:00,201.9,201.92,201.9,201.92,0.01,14.77,2945.44,1
2023-11-08,2023-11-08 14:13:00,201.92,201.94,201.92,201.94,0.01,14.77,2945.44,1
2023-11-08,2023-11-08 14:14:00,201.94,201.96,201.94,201.96,0.01,14.77,2945.44,1
2023-11-08,2023-11-08 14:15:00,201.96,201.98,201.96,201.98,0.01,14.77,2945.44,1
2023-11-08,2023-11-08 14:16:00,201.98,202.0,201.98,202.0,0.01,14.77,2945.44,1
2023-11-08,2023-11-08 14:17:00,202.0,202.03,202.0,202.03,0.01,14.77,2945.44,1
2023-11-08,2023-11-08 14:18:00,202.03,202.05,202.03,202.05,0.01,14.77,2945.44,1
2023-11-08,2023-11-08 14:19:00,202.05,202.07,202.05,202.07,0.01,14.77,2945.44,1
2023-11-08,2023-11-08 14:20:00,202.07,202.09,202.07,202.09,0.01,14.77,2945.44,1
2023-11-08,2023-11-08 14:21:00,202.09,202.11,202.09,202.11,0.01,14.77,2945.44,1
2023-11-08,2023-11-08 14:22:00,202.11,202.13,202.11,202.13,0.01,14.77,2945.44,1
2023-11-08,2023-11-08 14:23:00,202.13,202.15,202.13,202.15,0.01,14.77,2945.44,1
2023-11-08,2023-11-08 14:24:00,202.15,202.17,202.15,202.17,0.01,14.77,2945.44,1
2023-11-08,2023-11-08 14:25:00,202.17,202.19,202.17,202.19,0.01,14.77,2945.44,1
2023-11-08,2023-11-08 14:26:00,202.19,202.21,202.19,202.21,0.01,14.77,2945.44,1
2023-11-08,2023-11-08 14:27:00,202.21,202.23,202.21,202.23,0.01,14.77,2945.44,1
2023-11-08,2023-11-08 14:28:00,202.23,202.25,202.23,202.25,0.01,14.77,2945.44,1
2023-11-08,2023-11-08 14:29:00,202.25,202.28,202.25,202.28,0.01,14.77,2945.44,1
2023-11-08,2023-11-08 14:30:00,202.28,202.3,202.28,202.3,0.01,14.77,2945.44,1
2023-11-08,2023-11-08 14:31:00,202.3,202.32,202.3,202.32,0.01,14.77,2945.44,1
2023-11-08,2023-11-08 14:32:00,202.32,202.34,202.32,202.34,0.01,14.77,2945.44,1
2023-11-08,2023-11-08 14:33:00,202.34,202.36,202.34,202.36,0.01,14.77,2945.44,1
2023-11-08,2023-11-08 14:34:00,202.36,202.38,202.36,202.38,0.01,14.77,2945.44,1
2023-11-08,2023-11-08 14:35:00,202.38,202.4,202.38,202.4,0.01,14.77,2945.44,1
2023-11-08,2023-11-08 14:36:00,202.4,202.42,202.4,202.42,0.01,14.77,2945.44,1
2023-11-08,2023-11-08 14:37:00,202.42,202.44,202.42,202.44,0.01,14.77,2945.44,1
2023-11-08,2023-11-08 14:38:00,202.44,202.46,202.44,202.46,0.01,14.77,2945.44,1
2023-11-08,2023-11-08 14:39:00,202.46,202.48,202.46,202.48,0.01,14.77,2945.44,1
2023-11-08,2023-11-08 14:40:00,202.48,202.5,202.48,202.5,0.01,14.77,2945.44,1
2023-11-08,2023-11-08 14:41:00,202.5,202.53,202.5,202.53,0.01,14.77,2945.44,1
2023-11-08,2023-11-08 14:42:00,202.53,202.55,202.53,202.55,0.01,14.77,2945.44,1
2023-11-08,2023-11-08 14:43:00,202.55,202.57,202.55,202.57,0.01,14.77,2945.44,1
2023-11-08,2023-11-08 14:44:00,202.57,202.59,202.57,202.59,0.01,14.77,2945.44,1
2023-11-08,2023-11-08 14:45:00,202.59,202.61,202.59,202.61,0.01,14.77,2945.44,1
2023-11-08,2023-11-08 14:46:00,202.61,202.63,202.61,202.63,0.01,14.77,2945.44,1
2023-11-08,2023-11-08 14:47:00,202.63,202.65,202.63,202.65,0.01,14.77,2945.44,1
2023-11-08,2023-11-08 14:48:00,202.65,202.67,202.65,202.67,0.01,14.77,2945.44,1
2023-11-08,2023-11-08 14:49:00,202.67,202.69,202.67,202.69,0.01,14.77,2945.44,1
2023-11-08,2023-11-08 14:50:00,202.69,202.71,202.69,202.71,0.01,14.77,2945.44,1
2023-11-08,2023-11-08 14:51:00,202.71,202.73,202.71,202.73,0.01,14.77,2945.44,1
2023-11-08,2023-11-08 14:52:00,202.73,202.75,202.73,202.75,0.01,14.77,2945.44,1
2023-11-08,2023-11-08 14:53:00,202.75,202.78,202.75,202.78,0.01,14.77,2945.44,1
2023-11-08,2023-11-08 14:54:00,202.78,202.8,202.78,202.8,0.01,14.77,2945.44,1
2023-11-08,2023-11-08 14:55:00,202.8,202.82,202.8,202.82,0.01,14.77,2945.44,1
2023-11-08,2023-11-08 14:56:00,202.82,202.84,202.82,202.84,0.01,14.77,2945.44,1
2023-11-08,2023-11-08 14:57:00,202.84,202.86,202.84,202.86,0.01,14.77,2945.44,1
2023-11-08,2023-11-08 14:58:00,202.86,202.88,202.86,202.88,0.01,14.77,2945.44,1
2023-11-08,2023-11-08 14:59:00,202.88,202.9,202.88,202.9,0.01,14.77,2945.44,1
2023-11-08,2023-11-08 15:00:00,202.9,202.9,192.3,202.9,0.0,14.77,2945.44,0
2023-11-09,2023-11-09 11:00:00,206.0,206.9,202.7,205.97,-0.01,28.82,5700.27,-1
2023-11-09,2023-11-09 11:01:00,205.97,205.97,205.93,205.93,-0.02,28.82,5700.27,-1
2023-11-09,2023-11-09 11:02:00,205.93,205.93,205.9,205.9,-0.01,28.82,5700.27,-1
2023-11-09,2023-11-09 11:03:00,205.9,205.9,205.87,205.87,-0.01,28.82,5700.27,-1
2023-11-09,2023-11-09 11:04:00,205.87,205.87,205.83,205.83,-0.02,28.82,5700.27,-1
2023-11-09,2023-11-09 11:05:00,205.83,205.83,205.8,205.8,-0.01,28.82,5700.27,-1
2023-11-09,2023-11-09 11:06:00,205.8,205.8,205.77,205.77,-0.01,28.82,5700.27,-1
2023-11-09,2023-11-09 11:07:00,205.77,205.77,205.73,205.73,-0.02,28.82,5700.27,-1
2023-11-09,2023-11-09 11:08:00,205.73,205.73,205.7,205.7,-0.01,28.82,5700.27,-1
2023-11-09,2023-11-09 11:09:00,205.7,205.7,205.67,205.67,-0.01,28.82,5700.27,-1
2023-11-09,2023-11-09 11:10:00,205.67,205.67,205.63,205.63,-0.02,28.82,5700.27,-1
2023-11-09,2023-11-09 11:11:00,205.63,205.63,205.6,205.6,-0.01,28.82,5700.27,-1
2023-11-09,2023-11-09 11:12:00,205.6,205.6,205.57,205.57,-0.01,28.82,5700.27,-1
2023-11-09,2023-11-09 11:13:00,205.57,205.57,205.53,205.53,-0.02,28.82,5700.27,-1
2023-11-09,2023-11-09 11:14:00,205.53,205.53,205.5,205.5,-0.01,28.82,5700.27,-1
2023-11-09,2023-11-09 11:15:00,205.5,205.5,205.47,205.47,-0.01,28.82,5700.27,-1
2023-11-09,2023-11-09 11:16:00,205.47,205.47,205.43,205.43,-0.02,28.82,5700.27,-1
2023-11-09,2023-11-09 11:17:00,205.43,205.43,205.4,205.4,-0.01,28.82,5700.27,-1
2023-11-09,2023-11-09 11:18:00,205.4,205.4,205.37,205.37,-0.01,28.82,5700.27,-1
2023-11-09,2023-11-09 11:19:00,205.37,205.37,205.33,205.33,-0.02,28.82,5700.27,-1
2023-11-09,2023-11-09 11:20:00,205.33,205.33,205.3,205.3,-0.01,28.82,5700.27,-1
2023-11-09,2023-11-09 11:21:00,205.3,205.3,205.27,205.27,-0.01,28.82,5700.27,-1
2023-11-09,2023-11-09 11:22:00,205.27,205.27,205.23,205.23,-0.02,28.82,5700.27,-1
2023-11-09,2023-11-09 11:23:00,205.23,205.23,205.2,205.2,-0.01,28.82,5700.27,-1
2023-11-09,2023-11-09 11:24:00,205.2,205.2,205.17,205.17,-0.01,28.82,5700.27,-1
2023-11-09,2023-11-09 11:25:00,205.17,205.17,205.13,205.13,-0.02,28.82,5700.27,-1
2023-11-09,2023-11-09 11:26:00,205.13,205.13,205.1,205.1,-0.01,28.82,5700.27,-1
2023-11-09,2023-11-09 11:27:00,205.1,205.1,205.07,205.07,-0.01,28.82,5700.27,-1
2023-11-09,2023-11-09 11:28:00,205.07,205.07,205.03,205.03,-0.02,28.82,5700.27,-1
2023-11-09,2023-11-09 11:29:00,205.03,205.03,205.0,205.0,-0.01,28.82,5700.27,-1
2023-11-09,2023-11-09 11:30:00,205.0,205.0,204.97,204.97,-0.01,28.82,5700.27,-1
2023-11-09,2023-11-09 11:31:00,204.97,204.97,204.93,204.93,-0.02,28.82,5700.27,-1
2023-11-09,2023-11-09 11:32:00,204.93,204.93,204.9,204.9,-0.01,28.82,5700.27,-1
2023-11-09,2023-11-09 11:33:00,204.9,204.9,204.87,204.87,-0.01,28.82,5700.27,-1
2023-11-09,2023-11-09 11:34:00,204.87,204.87,204.83,204.83,-0.02,28.82,5700.27,-1
2023-11-09,2023-11-09 11:35:00,204.83,204.83,204.8,204.8,-0.01,28.82,5700.27,-1
2023-11-09,2023-11-09 11:36:00,204.8,204.8,204.77,204.77,-0.01,28.82,5700.27,-1
2023-11-09,2023-11-09 11:37:00,204.77,204.77,204.73,204.73,-0.02,28.82,5700.27,-1
2023-11-09,2023-11-09 11:38:00,204.73,204.73,204.7,204.7,-0.01,28.82,5700.27,-1
2023-11-09,2023-11-09 11:39:00,204.7,204.7,204.67,204.67,-0.01,28.82,5700.27,-1
2023-11-09,2023-11-09 11:40:00,204.67,204.67,204.63,204.63,-0.02,28.82,5700.27,-1
2023-11-09,2023-11-09 11:41:00,204.63,204.63,204.6,204.6,-0.01,28.82,5700.27,-1
2023-11-09,2023-11-09 11:42:00,204.6,204.6,204.57,204.57,-0.01,28.82,5700.27,-1
2023-11-09,2023-11-09 11:43:00,204.57,204.57,204.53,204.53,-0.02,28.82,5700.27,-1
2023-11-09,2023-11-09 11:44:00,204.53,204.53,204.5,204.5,-0.01,28.82,5700.27,-1
2023-11-09,2023-11-09 11:45:00,204.5,204.5,204.47,204.47,-0.01,28.82,5700.27,-1
2023-11-09,2023-11-09 11:46:00,204.47,204.47,204.43,204.43,-0.02,28.82,5700.27,-1
2023-11-09,2023-11-09 11:47:00,204.43,204.43,204.4,204.4,-0.01,28.82,5700.27,-1
2023-11-09,2023-11-09 11:48:00,204.4,204.4,204.37,204.37,-0.01,28.82,5700.27,-1
2023-11-09,2023-11-09 11:49:00,204.37,204.37,204.33,204.33,-0.02,28.82,5700.27,-1
2023-11-09,2023-11-09 11:50:00,204.33,204.33,204.3,204.3,-0.01,28.82,5700.27,-1
2023-11-09,2023-11-09 11:51:00,204.3,204.3,204.27,204.27,-0.01,28.82,5700.27,-1
2023-11-09,2023-11-09 11:52:00,204.27,204.27,204.23,204.23,-0.02,28.82,5700.27,-1
2023-11-09,2023-11-09 11:53:00,204.23,204.23,204.2,204.2,-0.01,28.82,5700.27,-1
2023-11-09,2023-11-09 11:54:00,204.2,204.2,204.17,204.17,-0.01,28.82,5700.27,-1
2023-11-09,2023-11-09 11:55:00,204.17,204.17,204.13,204.13,-0.02,28.82,5700.27,-1
2023-11-09,2023-11-09 11:56:00,204.13,204.13,204.1,204.1,-0.01,28.82,5700.27,-1
2023-11-09,2023-11-09 11:57:00,204.1,204.1,204.07,204.07,-0.01,28.82,5700.27,-1
2023-11-09,2023-11-09 11:58:00,204.07,204.07,204.03,204.03,-0.02,28.82,5700.27,-1
2023-11-09,2023-11-09 11:59:00,204.03,204.03,204.0,204.0,-0.01,28.82,5700.27,-1
2023-11-09,2023-11-09 12:00:00,204.0,204.0,203.97,203.97,-0.01,28.82,5700.27,-1
2023-11-09,2023-11-09 12:01:00,203.97,203.97,203.93,203.93,-0.02,28.82,5700.27,-1
2023-11-09,2023-11-09 12:02:00,203.93,203.93,203.9,203.9,-0.01,28.82,5700.27,-1
2023-11-09,2023-11-09 12:03:00,203.9,203.9,203.87,203.87,-0.01,28.82,5700.27,-1
2023-11-09,2023-11-09 12:04:00,203.87,203.87,203.83,203.83,-0.02,28.82,5700.27,-1
2023-11-09,2023-11-09 12:05:00,203.83,203.83,203.8,203.8,-0.01,28.82,5700.27,-1
2023-11-09,2023-11-09 12:06:00,203.8,203.8,203.77,203.77,-0.01,28.82,5700.27,-1
2023-11-09,2023-11-09 12:07:00,203.77,203.77,203.73,203.73,-0.02,28.82,5700.27,-1
2023-11-09,2023-11-09 12:08:00,203.73,203.73,203.7,203.7,-0.01,28.82,5700.27,-1
2023-11-09,2023-11-09 12:09:00,203.7,203.7,203.67,203.67,-0.01,28.82,5700.27,-1
2023-11-09,2023-11-09 12:10:00,203.67,203.67,203.63,203.63,-0.02,28.82,5700.27,-1
2023-11-09,2023-11-09 12:11:00,203.63,203.63,203.6,203.6,-0.01,28.82,5700.27,-1
2023-11-09,2023-11-09 12:12:00,203.6,203.6,203.57,203.57,-0.01,28.82,5700.27,-1
2023-11-09,2023-11-09 12:13:00,203.57,203.57,203.53,203.53,-0.02,28.82,5700.27,-1
2023-11-09,2023-11-09 12:14:00,203.53,203.53,203.5,203.5,-0.01,28.82,5700.27,-1
2023-11-09,2023-11-09 12:15:00,203.5,203.5,203.47,203.47,-0.01,28.82,5700.27,-1
2023-11-09,2023-11-09 12:16:00,203.47,203.47,203.43,203.43,-0.02,28.82,5700.27,-1
2023-11-09,2023-11-09 12:17:00,203.43,203.43,203.4,203.4,-0.01,28.82,5700.27,-1
2023-11-09,2023-11-09 12:18:00,203.4,203.4,203.37,203.37,-0.01,28.82,5700.27,-1
2023-11-09,2023-11-09 12:19:00,203.37,203.37,203.33,203.33,-0.02,28.82,5700.27,-1
2023-11-09,2023-11-09 12:20:00,203.33,203.33,203.3,203.3,-0.01,28.82,5700.27,-1
2023-11-09,2023-11-09 12:21:00,203.3,203.3,203.27,203.27,-0.01,28.82,5700.27,-1
2023-11-09,2023-11-09 12:22:00,203.27,203.27,203.23,203.23,-0.02,28.82,5700.27,-1
2023-11-09,2023-11-09 12:23:00,203.23,203.23,203.2,203.2,-0.01,28.82,5700.27,-1
2023-11-09,2023-11-09 12:24:00,203.2,203.2,203.17,203.17,-0.01,28.82,5700.27,-1
2023-11-09,2023-11-09 12:25:00,203.17,203.17,203.13,203.13,-0.02,28.82,5700.27,-1
2023-11-09,2023-11-09 12:26:00,203.13,203.13,203.1,203.1,-0.01,28.82,5700.27,-1
2023-11-09,2023-11-09 12:27:00,203.1,203.1,203.07,203.07,-0.01,28.82,5700.27,-1
2023-11-09,2023-11-09 12:28:00,203.07,203.07,203.03,203.03,-0.02,28.82,5700.27,-1
2023-11-09,2023-11-09 12:29:00,203.03,203.03,203.0,203.0,-0.01,28.82,5700.27,-1
2023-11-09,2023-11-09 12:30:00,203.0,203.0,202.97,202.97,-0.01,28.82,5700.27,-1
2023-11-09,2023-11-09 12:31:00,202.97,202.97,202.93,202.93,-0.02,28.82,5700.27,-1
2023-11-09,2023-11-09 12:32:00,202.93,202.93,202.9,202.9,-0.01,28.82,5700.27,-1
2023-11-09,2023-11-09 12:33:00,202.9,202.9,202.87,202.87,-0.01,28.82,5700.27,-1
2023-11-09,2023-11-09 12:34:00,202.87,202.87,202.83,202.83,-0.02,28.82,5700.27,-1
2023-11-09,2023-11-09 12:35:00,202.83,202.83,202.8,202.8,-0.01,28.82,5700.27,-1
2023-11-09,2023-11-09 12:36:00,202.8,202.8,202.77,202.77,-0.01,28.82,5700.27,-1
2023-11-09,2023-11-09 12:37:00,202.77,202.77,202.73,202.73,-0.02,28.82,5700.27,-1
2023-11-09,2023-11-09 12:38:00,202.73,202.73,202.7,202.7,-0.01,28.82,5700.27,-1
2023-11-09,2023-11-09 12:39:00,202.7,202.7,202.67,202.67,-0.01,28.82,5700.27,-1
2023-11-09,2023-11-09 12:40:00,202.67,202.67,202.63,202.63,-0.02,28.82,5700.27,-1
2023-11-09,2023-11-09 12:41:00,202.63,202.63,202.6,202.6,-0.01,28.82,5700.27,-1
2023-11-09,2023-11-09 12:42:00,202.6,202.6,202.57,202.57,-0.01,28.82,5700.27,-1
2023-11-09,2023-11-09 12:43:00,202.57,202.57,202.53,202.53,-0.02,28.82,5700.27,-1
2023-11-09,2023-11-09 12:44:00,202.53,202.53,202.5,202.5,-0.01,28.82,5700.27,-1
2023-11-09,2023-11-09 12:45:00,202.5,202.5,202.47,202.47,-0.01,28.82,5700.27,-1
2023-11-09,2023-11-09 12:46:00,202.47,202.47,202.43,202.43,-0.02,28.82,5700.27,-1
2023-11-09,2023-11-09 12:47:00,202.43,202.43,202.4,202.4,-0.01,28.82,5700.27,-1
2023-11-09,2023-11-09 12:48:00,202.4,202.4,202.37,202.37,-0.01,28.82,5700.27,-1
2023-11-09,2023-11-09 12:49:00,202.37,202.37,202.33,202.33,-0.02,28.82,5700.27,-1
2023-11-09,2023-11-09 12:50:00,202.33,202.33,202.3,202.3,-0.01,28.82,5700.27,-1
2023-11-09,2023-11-09 12:51:00,202.3,202.3,202.27,202.27,-0.01,28.82,5700.27,-1
2023-11-09,2023-11-09 12:52:00,202.27,202.27,202.23,202.23,-0.02,28.82,5700.27,-1
2023-11-09,2023-11-09 12:53:00,202.23,202.23,202.2,202.2,-0.01,28.82,5700.27,-1
2023-11-09,2023-11-09 12:54:00,202.2,202.2,202.17,202.17,-0.01,28.82,5700.27,-1
2023-11-09,2023-11-09 12:55:00,202.17,202.17,202.13,202.13,-0.02,28.82,5700.27,-1
2023-11-09,2023-11-09 12:56:00,202.13,202.13,202.1,202.1,-0.01,28.82,5700.27,-1
2023-11-09,2023-11-09 12:57:00,202.1,202.1,202.07,202.07,-0.01,28.82,5700.27,-1
2023-11-09,2023-11-09 12:58:00,202.07,202.07,202.03,202.03,-0.02,28.82,5700.27,-1
2023-11-09,2023-11-09 12:59:00,202.03,202.03,202.0,202.0,-0.01,28.82,5700.27,-1
2023-11-09,2023-11-09 13:00:00,202.0,209.0,195.0,201.97,-0.01,28.82,5700.27,-1
2023-11-09,2023-11-09 13:01:00,201.97,201.97,201.93,201.93,-0.02,28.82,5700.27,-1
2023-11-09,2023-11-09 13:02:00,201.93,201.93,201.9,201.9,-0.01,28.82,5700.27,-1
2023-11-09,2023-11-09 13:03:00,201.9,201.9,201.87,201.87,-0.01,28.82,5700.27,-1
2023-11-09,2023-11-09 13:04:00,201.87,201.87,201.83,201.83,-0.02,28.82,5700.27,-1
2023-11-09,2023-11-09 13:05:00,201.83,201.83,201.8,201.8,-0.01,28.82,5700.27,-1
2023-11-09,2023-11-09 13:06:00,201.8,201.8,201.77,201.77,-0.01,28.82,5700.27,-1
2023-11-09,2023-11-09 13:07:00,201.77,201.77,201.73,201.73,-0.02,28.82,5700.27,-1
2023-11-09,2023-11-09 13:08:00,201.73,201.73,201.7,201.7,-0.01,28.82,5700.27,-1
2023-11-09,2023-11-09 13:09:00,201.7,201.7,201.67,201.67,-0.01,28.82,5700.27,-1
2023-11-09,2023-11-09 13:10:00,201.67,201.67,201.63,201.63,-0.02,28.82,5700.27,-1
2023-11-09,2023-11-09 13:11:00,201.63,201.63,201.6,201.6,-0.01,28.82,5700.27,-1
2023-11-09,2023-11-09 13:12:00,201.6,201.6,201.57,201.57,-0.01,28.82,5700.27,-1
2023-11-09,2023-11-09 13:13:00,201.57,201.57,201.53,201.53,-0.02,28.82,5700.27,-1
2023-11-09,2023-11-09 13:14:00,201.53,201.53,201.5,201.5,-0.01,28.82,5700.27,-1
2023-11-09,2023-11-09 13:15:00,201.5,201.5,201.47,201.47,-0.01,28.82,5700.27,-1
2023-11-09,2023-11-09 13:16:00,201.47,201.47,201.43,201.43,-0.02,28.82,5700.27,-1
2023-11-09,2023-11-09 13:17:00,201.43,201.43,201.4,201.4,-0.01,28.82,5700.27,-1
2023-11-09,2023-11-09 13:18:00,201.4,201.4,201.37,201.37,-0.01,28.82,5700.27,-1
2023-11-09,2023-11-09 13:19:00,201.37,201.37,201.33,201.33,-0.02,28.82,5700.27,-1
2023-11-09,2023-11-09 13:20:00,201.33,201.33,201.3,201.3,-0.01,28.82,5700.27,-1
2023-11-09,2023-11-09 13:21:00,201.3,201.3,201.27,201.27,-0.01,28.82,5700.27,-1
2023-11-09,2023-11-09 13:22:00,201.27,201.27,201.23,201.23,-0.02,28.82,5700.27,-1
2023-11-09,2023-11-09 13:23:00,201.23,201.23,201.2,201.2,-0.01,28.82,5700.27,-1
2023-11-09,2023-11-09 13:24:00,201.2,201.2,201.17,201.17,-0.01,28.82,5700.27,-1
2023-11-09,2023-11-09 13:25:00,201.17,201.17,201.13,201.13,-0.02,28.82,5700.27,-1
2023-11-09,2023-11-09 13:26:00,201.13,201.13,201.1,201.1,-0.01,28.82,5700.27,-1
2023-11-09,2023-11-09 13:27:00,201.1,201.1,201.07,201.07,-0.01,28.82,5700.27,-1
2023-11-09,2023-11-09 13:28:00,201.07,201.07,201.03,201.03,-0.02,28.82,5700.27,-1
2023-11-09,2023-11-09 13:29:00,201.03,201.03,201.0,201.0,-0.01,28.82,5700.27,-1
2023-11-09,2023-11-09 13:30:00,201.0,201.0,200.97,200.97,-0.01,28.82,5700.27,-1
2023-11-09,2023-11-09 13:31:00,200.97,200.97,200.93,200.93,-0.02,28.82,5700.27,-1
2023-11-09,2023-11-09 13:32:00,200.93,200.93,200.9,200.9,-0.01,28.82,5700.27,-1
2023-11-09,2023-11-09 13:33:00,200.9,200.9,200.87,200.87,-0.01,28.82,5700.27,-1
2023-11-09,2023-11-09 13:34:00,200.87,200.87,200.83,200.83,-0.02,28.82,5700.27,-1
2023-11-09,2023-11-09 13:35:00,200.83,200.83,200.8,200.8,-0.01,28.82,5700.27,-1
2023-11-09,2023-11-09 13:36:00,200.8,200.8,200.77,200.77,-0.01,28.82,5700.27,-1
2023-11-09,2023-11-09 13:37:00,200.77,200.77,200.73,200.73,-0.02,28.82,5700.27,-1
2023-11-09,2023-11-09 13:38:00,200.73,200.73,200.7,200.7,-0.01,28.82,5700.27,-1
2023-11-09,2023-11-09 13:39:00,200.7,200.7,200.67,200.67,-0.01,28.82,5700.27,-1
2023-11-09,2023-11-09 13:40:00,200.67,200.67,200.63,200.63,-0.02,28.82,5700.27,-1
2023-11-09,2023-11-09 13:41:00,200.63,200.63,200.6,200.6,-0.01,28.82,5700.27,-1
2023-11-09,2023-11-09 13:42:00,200.6,200.6,200.57,200.57,-0.01,28.82,5700.27,-1
2023-11-09,2023-11-09 13:43:00,200.57,200.57,200.53,200.53,-0.02,28.82,5700.27,-1
2023-11-09,2023-11-09 13:44:00,200.53,200.53,200.5,200.5,-0.01,28.82,5700.27,-1
2023-11-09,2023-11-09 13:45:00,200.5,200.5,200.47,200.47,-0.01,28.82,5700.27,-1
2023-11-09,2023-11-09 13:46:00,200.47,200.47,200.43,200.43,-0.02,28.82,5700.27,-1
2023-11-09,2023-11-09 13:47:00,200.43,200.43,200.4,200.4,-0.01,28.82,5700.27,-1
2023-11-09,2023-11-09 13:48:00,200.4,200.4,200.37,200.37,-0.01,28.82,5700.27,-1
2023-11-09,2023-11-09 13:49:00,200.37,200.37,200.33,200.33,-0.02,28.82,5700.27,-1
2023-11-09,2023-11-09 13:50:00,200.33,200.33,200.3,200.3,-0.01,28.82,5700.27,-1
2023-11-09,2023-11-09 13:51:00,200.3,200.3,200.27,200.27,-0.01,28.82,5700.27,-1
2023-11-09,2023-11-09 13:52:00,200.27,200.27,200.23,200.23,-0.02,28.82,5700.27,-1
2023-11-09,2023-11-09 13:53:00,200.23,200.23,200.2,200.2,-0.01,28.82,5700.27,-1
2023-11-09,2023-11-09 13:54:00,200.2,200.2,200.17,200.17,-0.01,28.82,5700.27,-1
2023-11-09,2023-11-09 13:55:00,200.17,200.17,200.13,200.13,-0.02,28.82,5700.27,-1
2023-11-09,2023-11-09 13:56:00,200.13,200.13,200.1,200.1,-0.01,28.82,5700.27,-1
2023-11-09,2023-11-09 13:57:00,200.1,200.1,200.07,200.07,-0.01,28.82,5700.27,-1
2023-11-09,2023-11-09 13:58:00,200.07,200.07,200.03,200.03,-0.02,28.82,5700.27,-1
2023-11-09,2023-11-09 13:59:00,200.03,200.03,200.0,200.0,-0.01,28.82,5700.27,-1
2023-11-09,2023-11-09 14:00:00,200.0,200.0,199.97,199.97,-0.02,28.82,5700.27,-1
2023-11-09,2023-11-09 14:01:00,199.97,199.97,199.93,199.93,-0.02,28.82,5700.27,-1
2023-11-09,2023-11-09 14:02:00,199.93,199.93,199.9,199.9,-0.02,28.82,5700.27,-1
2023-11-09,2023-11-09 14:03:00,199.9,199.9,199.87,199.87,-0.02,28.82,5700.27,-1
2023-11-09,2023-11-09 14:04:00,199.87,199.87,199.83,199.83,-0.02,28.82,5700.27,-1
2023-11-09,2023-11-09 14:05:00,199.83,199.83,199.8,199.8,-0.02,28.82,5700.27,-1
2023-11-09,2023-11-09 14:06:00,199.8,199.8,199.77,199.77,-0.02,28.82,5700.27,-1
2023-11-09,2023-11-09 14:07:00,199.77,199.77,199.73,199.73,-0.02,28.82,5700.27,-1
2023-11-09,2023-11-09 14:08:00,199.73,199.73,199.7,199.7,-0.02,28.82,5700.27,-1
2023-11-09,2023-11-09 14:09:00,199.7,199.7,199.67,199.67,-0.02,28.82,5700.27,-1
2023-11-09,2023-11-09 14:10:00,199.67,199.67,199.63,199.63,-0.02,28.82,5700.27,-1
2023-11-09,2023-11-09 14:11:00,199.63,199.63,199.6,199.6,-0.02,28.82,5700.27,-1
2023-11-09,2023-11-09 14:12:00,199.6,199.6,199.57,199.57,-0.02,28.82,5700.27,-1
2023-11-09,2023-11-09 14:13:00,199.57,199.57,199.53,199.53,-0.02,28.82,5700.27,-1
2023-11-09,2023-11-09 14:14:00,199.53,199.53,199.5,199.5,-0.02,28.82,5700.27,-1
2023-11-09,2023-11-09 14:15:00,199.5,199.5,199.47,199.47,-0.02,28.82,5700.27,-1
2023-11-09,2023-11-09 14:16:00,199.47,199.47,199.43,199.43,-0.02,28.82,5700.27,-1
2023-11-09,2023-11-09 14:17:00,199.43,199.43,199.4,199.4,-0.02,28.82,5700.27,-1
2023-11-09,2023-11-09 14:18:00,199.4,199.4,199.37,199.37,-0.02,28.82,5700.27,-1
2023-11-09,2023-11-09 14:19:00,199.37,199.37,199.33,199.33,-0.02,28.82,5700.27,-1
2023-11-09,2023-11-09 14:20:00,199.33,199.33,199.3,199.3,-0.02,28.82,5700.27,-1
2023-11-09,2023-11-09 14:21:00,199.3,199.3,199.27,199.27,-0.02,28.82,5700.27,-1
2023-11-09,2023-11-09 14:22:00,199.27,199.27,199.23,199.23,-0.02,28.82,5700.27,-1
2023-11-09,2023-11-09 14:23:00,199.23,199.23,199.2,199.2,-0.02,28.82,5700.27,-1
2023-11-09,2023-11-09 14:24:00,199.2,199.2,199.17,199.17,-0.02,28.82,5700.27,-1
2023-11-09,2023-11-09 14:25:00,199.17,199.17,199.13,199.13,-0.02,28.82,5700.27,-1
2023-11-09,2023-11-09 14:26:00,199.13,199.13,199.1,199.1,-0.02,28.82,5700.27,-1
2023-11-09,2023-11-09 14:27:00,199.1,199.1,199.07,199.07,-0.02,28.82,5700.27,-1
2023-11-09,2023-11-09 14:28:00,199.07,199.07,199.03,199.03,-0.02,28.82,5700.27,-1
2023-11-09,2023-11-09 14:29:00,199.03,199.03,199.0,199.0,-0.02,28.82,5700.27,-1
2023-11-09,2023-11-09 14:30:00,199.0,199.0,198.97,198.97,-0.02,28.82,5700.27,-1
2023-11-09,2023-11-09 14:31:00,198.97,198.97,198.93,198.93,-0.02,28.82,5700.27,-1
2023-11-09,2023-11-09 14:32:00,198.93,198.93,198.9,198.9,-0.02,28.82,5700.27,-1
2023-11-09,2023-11-09 14:33:00,198.9,198.9,198.87,198.87,-0.02,28.82,5700.27,-1
2023-11-09,2023-11-09 14:34:00,198.87,198.87,198.83,198.83,-0.02,28.82,5700.27,-1
2023-11-09,2023-11-09 14:35:00,198.83,198.83,198.8,198.8,-0.02,28.82,5700.27,-1
2023-11-09,2023-11-09 14:36:00,198.8,198.8,198.77,198.77,-0.02,28.82,5700.27,-1
2023-11-09,2023-11-09 14:37:00,198.77,198.77,198.73,198.73,-0.02,28.82,5700.27,-1
2023-11-09,2023-11-09 14:38:00,198.73,198.73,198.7,198.7,-0.02,28.82,5700.27,-1
2023-11-09,2023-11-09 14:39:00,198.7,198.7,198.67,198.67,-0.02,28.82,5700.27,-1
2023-11-09,2023-11-09 14:40:00,198.67,198.67,198.63,198.63,-0.02,28.82,5700.27,-1
2023-11-09,2023-11-09 14:41:00,198.63,198.63,198.6,198.6,-0.02,28.82,5700.27,-1
2023-11-09,2023-11-09 14:42:00,198.6,198.6,198.57,198.57,-0.02,28.82,5700.27,-1
2023-11-09,2023-11-09 14:43:00,198.57,198.57,198.53,198.53,-0.02,28.82,5700.27,-1
2023-11-09,2023-11-09 14:44:00,198.53,198.53,198.5,198.5,-0.02,28.82,5700.27,-1
2023-11-09,2023-11-09 14:45:00,198.5,198.5,198.47,198.47,-0.02,28.82,5700.27,-1
2023-11-09,2023-11-09 14:46:00,198.47,198.47,198.43,198.43,-0.02,28.82,5700.27,-1
2023-11-09,2023-11-09 14:47:00,198.43,198.43,198.4,198.4,-0.02,28.82,5700.27,-1
2023-11-09,2023-11-09 14:48:00,198.4,198.4,198.37,198.37,-0.02,28.82,5700.27,-1
2023-11-09,2023-11-09 14:49:00,198.37,198.37,198.33,198.33,-0.02,28.82,5700.27,-1
2023-11-09,2023-11-09 14:50:00,198.33,198.33,198.3,198.3,-0.02,28.82,5700.27,-1
2023-11-09,2023-11-09 14:51:00,198.3,198.3,198.27,198.27,-0.02,28.82,5700.27,-1
2023-11-09,2023-11-09 14:52:00,198.27,198.27,198.23,198.23,-0.02,28.82,5700.27,-1
2023-11-09,2023-11-09 14:53:00,198.23,198.23,198.2,198.2,-0.02,28.82,5700.27,-1
2023-11-09,2023-11-09 14:54:00,198.2,198.2,198.17,198.17,-0.02,28.82,5700.27,-1
2023-11-09,2023-11-09 14:55:00,198.17,198.17,198.13,198.13,-0.02,28.82,5700.27,-1
2023-11-09,2023-11-09 14:56:00,198.13,198.13,198.1,198.1,-0.02,28.82,5700.27,-1
2023-11-09,2023-11-09 14:57:00,198.1,198.1,198.07,198.07,-0.02,28.82,5700.27,-1
2023-11-09,2023-11-09 14:58:00,198.07,198.07,198.03,198.03,-0.02,28.82,5700.27,-1
2023-11-09,2023-11-09 14:59:00,198.03,198.03,198.0,198.0,-0.02,28.82,5700.27,-1
2023-11-09,2023-11-09 15:00:00,198.0,209.0,195.0,198.0,0.0,28.82,5700.27,0
2023-11-20,2023-11-20 11:00:00,200.0,200.3,197.96,199.98,-0.01,8.34,1636.0,-1
2023-11-20,2023-11-20 11:01:00,199.98,199.98,199.96,199.96,-0.01,8.34,1636.0,-1
2023-11-20,2023-11-20 11:02:00,199.96,199.96,199.94,199.94,-0.01,8.34,1636.0,-1
2023-11-20,2023-11-20 11:03:00,199.94,199.94,199.93,199.93,-0.01,8.34,1636.0,-1
2023-11-20,2023-11-20 11:04:00,199.93,199.93,199.91,199.91,-0.01,8.34,1636.0,-1
2023-11-20,2023-11-20 11:05:00,199.91,199.91,199.89,199.89,-0.01,8.34,1636.0,-1
2023-11-20,2023-11-20 11:06:00,199.89,199.89,199.87,199.87,-0.01,8.34,1636.0,-1
2023-11-20,2023-11-20 11:07:00,199.87,199.87,199.85,199.85,-0.01,8.34,1636.0,-1
2023-11-20,2023-11-20 11:08:00,199.85,199.85,199.83,199.83,-0.01,8.34,1636.0,-1
2023-11-20,2023-11-20 11:09:00,199.83,199.83,199.81,199.81,-0.01,8.34,1636.0,-1
2023-11-20,2023-11-20 11:10:00,199.81,199.81,199.79,199.79,-0.01,8.34,1636.0,-1
2023-11-20,2023-11-20 11:11:00,199.79,199.79,199.78,199.78,-0.01,8.34,1636.0,-1
2023-11-20,2023-11-20 11:12:00,199.78,199.78,199.76,199.76,-0.01,8.34,1636.0,-1
2023-11-20,2023-11-20 11:13:00,199.76,199.76,199.74,199.74,-0.01,8.34,1636.0,-1
2023-11-20,2023-11-20 11:14:00,199.74,199.74,199.72,199.72,-0.01,8.34,1636.0,-1
2023-11-20,2023-11-20 11:15:00,199.72,199.72,199.7,199.7,-0.01,8.34,1636.0,-1
2023-11-20,2023-11-20 11:16:00,199.7,199.7,199.68,199.68,-0.01,8.34,1636.0,-1
2023-11-20,2023-11-20 11:17:00,199.68,199.68,199.66,199.66,-0.01,8.34,1636.0,-1
2023-11-20,2023-11-20 11:18:00,199.66,199.66,199.64,199.64,-0.01,8.34,1636.0,-1
2023-11-20,2023-11-20 11:19:00,199.64,199.64,199.62,199.62,-0.01,8.34,1636.0,-1
2023-11-20,2023-11-20 11:20:00,199.62,199.62,199.61,199.61,-0.01,8.34,1636.0,-1
2023-11-20,2023-11-20 11:21:00,199.61,199.61,199.59,199.59,-0.01,8.34,1636.0,-1
2023-11-20,2023-11-20 11:22:00,199.59,199.59,199.57,199.57,-0.01,8.34,1636.0,-1
2023-11-20,2023-11-20 11:23:00,199.57,199.57,199.55,199.55,-0.01,8.34,1636.0,-1
2023-11-20,2023-11-20 11:24:00,199.55,199.55,199.53,199.53,-0.01,8.34,1636.0,-1
2023-11-20,2023-11-20 11:25:00,199.53,199.53,199.51,199.51,-0.01,8.34,1636.0,-1
2023-11-20,2023-11-20 11:26:00,199.51,199.51,199.49,199.49,-0.01,8.34,1636.0,-1
2023-11-20,2023-11-20 11:27:00,199.49,199.49,199.47,199.47,-0.01,8.34,1636.0,-1
2023-11-20,2023-11-20 11:28:00,199.47,199.47,199.46,199.46,-0.01,8.34,1636.0,-1
2023-11-20,2023-11-20 11:29:00,199.46,199.46,199.44,199.44,-0.01,8.34,1636.0,-1
2023-11-20,2023-11-20 11:30:00,199.44,199.44,199.42,199.42,-0.01,8.34,1636.0,-1
2023-11-20,2023-11-20 11:31:00,199.42,199.42,199.4,199.4,-0.01,8.34,1636.0,-1
2023-11-20,2023-11-20 11:32:00,199.4,199.4,199.38,199.38,-0.01,8.34,1636.0,-1
2023-11-20,2023-11-20 11:33:00,199.38,199.38,199.36,199.36,-0.01,8.34,1636.0,-1
2023-11-20,2023-11-20 11:34:00,199.36,199.36,199.34,199.34,-0.01,8.34,1636.0,-1
2023-11-20,2023-11-20 11:35:00,199.34,199.34,199.32,199.32,-0.01,8.34,1636.0,-1
2023-11-20,2023-11-20 11:36:00,199.32,199.32,199.31,199.31,-0.01,8.34,1636.0,-1
2023-11-20,2023-11-20 11:37:00,199.31,199.31,199.29,199.29,-0.01,8.34,1636.0,-1
2023-11-20,2023-11-20 11:38:00,199.29,199.29,199.27,199.27,-0.01,8.34,1636.0,-1
2023-11-20,2023-11-20 11:39:00,199.27,199.27,199.25,199.25,-0.01,8.34,1636.0,-1
2023-11-20,2023-11-20 11:40:00,199.25,199.25,199.23,199.23,-0.01,8.34,1636.0,-1
2023-11-20,2023-11-20 11:41:00,199.23,199.23,199.21,199.21,-0.01,8.34,1636.0,-1
2023-11-20,2023-11-20 11:42:00,199.21,199.21,199.19,199.19,-0.01,8.34,1636.0,-1
2023-11-20,2023-11-20 11:43:00,199.19,199.19,199.18,199.18,-0.01,8.34,1636.0,-1
2023-11-20,2023-11-20 11:44:00,199.18,199.18,199.16,199.16,-0.01,8.34,1636.0,-1
2023-11-20,2023-11-20 11:45:00,199.16,199.16,199.14,199.14,-0.01,8.34,1636.0,-1
2023-11-20,2023-11-20 11:46:00,199.14,199.14,199.12,199.12,-0.01,8.34,1636.0,-1
2023-11-20,2023-11-20 11:47:00,199.12,199.12,199.1,199.1,-0.01,8.34,1636.0,-1
2023-11-20,2023-11-20 11:48:00,199.1,199.1,199.08,199.08,-0.01,8.34,1636.0,-1
2023-11-20,2023-11-20 11:49:00,199.08,199.08,199.06,199.06,-0.01,8.34,1636.0,-1
2023-11-20,2023-11-20 11:50:00,199.06,199.06,199.04,199.04,-0.01,8.34,1636.0,-1
2023-11-20,2023-11-20 11:51:00,199.04,199.04,199.03,199.03,-0.01,8.34,1636.0,-1
2023-11-20,2023-11-20 11:52:00,199.03,199.03,199.01,199.01,-0.01,8.34,1636.0,-1
2023-11-20,2023-11-20 11:53:00,199.01,199.01,198.99,198.99,-0.01,8.34,1636.0,-1
2023-11-20,2023-11-20 11:54:00,198.99,198.99,198.97,198.97,-0.01,8.34,1636.0,-1
2023-11-20,2023-11-20 11:55:00,198.97,198.97,198.95,198.95,-0.01,8.34,1636.0,-1
2023-11-20,2023-11-20 11:56:00,198.95,198.95,198.93,198.93,-0.01,8.34,1636.0,-1
2023-11-20,2023-11-20 11:57:00,198.93,198.93,198.91,198.91,-0.01,8.34,1636.0,-1
2023-11-20,2023-11-20 11:58:00,198.91,198.91,198.89,198.89,-0.01,8.34,1636.0,-1
2023-11-20,2023-11-20 11:59:00,198.89,198.89,198.88,198.88,-0.01,8.34,1636.0,-1
2023-11-20,2023-11-20 12:00:00,198.88,198.88,198.86,198.86,-0.01,8.34,1636.0,-1
2023-11-20,2023-11-20 12:01:00,198.86,198.86,198.84,198.84,-0.01,8.34,1636.0,-1
2023-11-20,2023-11-20 12:02:00,198.84,198.84,198.82,198.82,-0.01,8.34,1636.0,-1
2023-11-20,2023-11-20 12:03:00,198.82,198.82,198.8,198.8,-0.01,8.34,1636.0,-1
2023-11-20,2023-11-20 12:04:00,198.8,198.8,198.78,198.78,-0.01,8.34,1636.0,-1
2023-11-20,2023-11-20 12:05:00,198.78,198.78,198.76,198.76,-0.01,8.34,1636.0,-1
2023-11-20,2023-11-20 12:06:00,198.76,198.76,198.74,198.74,-0.01,8.34,1636.0,-1
2023-11-20,2023-11-20 12:07:00,198.74,198.74,198.72,198.72,-0.01,8.34,1636.0,-1
2023-11-20,2023-11-20 12:08:00,198.72,198.72,198.71,198.71,-0.01,8.34,1636.0,-1
2023-11-20,2023-11-20 12:09:00,198.71,198.71,198.69,198.69,-0.01,8.34,1636.0,-1
2023-11-20,2023-11-20 12:10:00,198.69,198.69,198.67,198.67,-0.01,8.34,1636.0,-1
2023-11-20,2023-11-20 12:11:00,198.67,198.67,198.65,198.65,-0.01,8.34,1636.0,-1
2023-11-20,2023-11-20 12:12:00,198.65,198.65,198.63,198.63,-0.01,8.34,1636.0,-1
2023-11-20,2023-11-20 12:13:00,198.63,198.63,198.61,198.61,-0.01,8.34,1636.0,-1
2023-11-20,2023-11-20 12:14:00,198.61,198.61,198.59,198.59,-0.01,8.34,1636.0,-1
2023-11-20,2023-11-20 12:15:00,198.59,198.59,198.57,198.57,-0.01,8.34,1636.0,-1
2023-11-20,2023-11-20 12:16:00,198.57,198.57,198.56,198.56,-0.01,8.34,1636.0,-1
2023-11-20,2023-11-20 12:17:00,198.56,198.56,198.54,198.54,-0.01,8.34,1636.0,-1
2023-11-20,2023-11-20 12:18:00,198.54,198.54,198.52,198.52,-0.01,8.34,1636.0,-1
2023-11-20,2023-11-20 12:19:00,198.52,198.52,198.5,198.5,-0.01,8.34,1636.0,-1
2023-11-20,2023-11-20 12:20:00,198.5,198.5,198.48,198.48,-0.01,8.34,1636.0,-1
2023-11-20,2023-11-20 12:21:00,198.48,198.48,198.46,198.46,-0.01,8.34,1636.0,-1
2023-11-20,2023-11-20 12:22:00,198.46,198.46,198.44,198.44,-0.01,8.34,1636.0,-1
2023-11-20,2023-11-20 12:23:00,198.44,198.44,198.43,198.43,-0.01,8.34,1636.0,-1
2023-11-20,2023-11-20 12:24:00,198.43,198.43,198.41,198.41,-0.01,8.34,1636.0,-1
2023-11-20,2023-11-20 12:25:00,198.41,198.41,198.39,198.39,-0.01,8.34,1636.0,-1
2023-11-20,2023-11-20 12:26:00,198.39,198.39,198.37,198.37,-0.01,8.34,1636.0,-1
2023-11-20,2023-11-20 12:27:00,198.37,198.37,198.35,198.35,-0.01,8.34,1636.0,-1
2023-11-20,2023-11-20 12:28:00,198.35,198.35,198.33,198.33,-0.01,8.34,1636.0,-1
2023-11-20,2023-11-20 12:29:00,198.33,198.33,198.31,198.31,-0.01,8.34,1636.0,-1
2023-11-20,2023-11-20 12:30:00,198.31,198.31,198.29,198.29,-0.01,8.34,1636.0,-1
2023-11-20,2023-11-20 12:31:00,198.29,198.29,198.28,198.28,-0.01,8.34,1636.0,-1
2023-11-20,2023-11-20 12:32:00,198.28,198.28,198.26,198.26,-0.01,8.34,1636.0,-1
2023-11-20,2023-11-20 12:33:00,198.26,198.26,198.24,198.24,-0.01,8.34,1636.0,-1
2023-11-20,2023-11-20 12:34:00,198.24,198.24,198.22,198.22,-0.01,8.34,1636.0,-1
2023-11-20,2023-11-20 12:35:00,198.22,198.22,198.2,198.2,-0.01,8.34,1636.0,-1
2023-11-20,2023-11-20 12:36:00,198.2,198.2,198.18,198.18,-0.01,8.34,1636.0,-1
2023-11-20,2023-11-20 12:37:00,198.18,198.18,198.16,198.16,-0.01,8.34,1636.0,-1
2023-11-20,2023-11-20 12:38:00,198.16,198.16,198.14,198.14,-0.01,8.34,1636.0,-1
2023-11-20,2023-11-20 12:39:00,198.14,198.14,198.12,198.12,-0.01,8.34,1636.0,-1
2023-11-20,2023-11-20 12:40:00,198.12,198.12,198.11,198.11,-0.01,8.34,1636.0,-1
2023-11-20,2023-11-20 12:41:00,198.11,198.11,198.09,198.09,-0.01,8.34,1636.0,-1
2023-11-20,2023-11-20 12:42:00,198.09,198.09,198.07,198.07,-0.01,8.34,1636.0,-1
2023-11-20,2023-11-20 12:43:00,198.07,198.07,198.05,198.05,-0.01,8.34,1636.0,-1
2023-11-20,2023-11-20 12:44:00,198.05,198.05,198.03,198.03,-0.01,8.34,1636.0,-1
2023-11-20,2023-11-20 12:45:00,198.03,198.03,198.01,198.01,-0.01,8.34,1636.0,-1
2023-11-20,2023-11-20 12:46:00,198.01,198.01,197.99,197.99,-0.01,8.34,1636.0,-1
2023-11-20,2023-11-20 12:47:00,197.99,197.99,197.97,197.97,-0.01,8.34,1636.0,-1
2023-11-20,2023-11-20 12:48:00,197.97,197.97,197.96,197.96,-0.01,8.34,1636.0,-1
2023-11-20,2023-11-20 12:49:00,197.96,197.96,197.94,197.94,-0.01,8.34,1636.0,-1
2023-11-20,2023-11-20 12:50:00,197.94,197.94,197.92,197.92,-0.01,8.34,1636.0,-1
2023-11-20,2023-11-20 12:51:00,197.92,197.92,197.9,197.9,-0.01,8.34,1636.0,-1
2023-11-20,2023-11-20 12:52:00,197.9,197.9,197.88,197.88,-0.01,8.34,1636.0,-1
2023-11-20,2023-11-20 12:53:00,197.88,197.88,197.86,197.86,-0.01,8.34,1636.0,-1
2023-11-20,2023-11-20 12:54:00,197.86,197.86,197.84,197.84,-0.01,8.34,1636.0,-1
2023-11-20,2023-11-20 12:55:00,197.84,197.84,197.82,197.82,-0.01,8.34,1636.0,-1
2023-11-20,2023-11-20 12:56:00,197.82,197.82,197.81,197.81,-0.01,8.34,1636.0,-1
2023-11-20,2023-11-20 12:57:00,197.81,197.81,197.79,197.79,-0.01,8.34,1636.0,-1
2023-11-20,2023-11-20 12:58:00,197.79,197.79,197.77,197.77,-0.01,8.34,1636.0,-1
2023-11-20,2023-11-20 12:59:00,197.77,197.77,197.75,197.75,-0.01,8.34,1636.0,-1
2023-11-20,2023-11-20 13:00:00,197.75,201.0,193.2,197.73,-0.01,8.34,1636.0,-1
2023-11-20,2023-11-20 13:01:00,197.73,197.73,197.71,197.71,-0.01,8.34,1636.0,-1
2023-11-20,2023-11-20 13:02:00,197.71,197.71,197.69,197.69,-0.01,8.34,1636.0,-1
2023-11-20,2023-11-20 13:03:00,197.69,197.69,197.68,197.68,-0.01,8.34,1636.0,-1
2023-11-20,2023-11-20 13:04:00,197.68,197.68,197.66,197.66,-0.01,8.34,1636.0,-1
2023-11-20,2023-11-20 13:05:00,197.66,197.66,197.64,197.64,-0.01,8.34,1636.0,-1
2023-11-20,2023-11-20 13:06:00,197.64,197.64,197.62,197.62,-0.01,8.34,1636.0,-1
2023-11-20,2023-11-20 13:07:00,197.62,197.62,197.6,197.6,-0.01,8.34,1636.0,-1
2023-11-20,2023-11-20 13:08:00,197.6,197.6,197.58,197.58,-0.01,8.34,1636.0,-1
2023-11-20,2023-11-20 13:09:00,197.58,197.58,197.56,197.56,-0.01,8.34,1636.0,-1
2023-11-20,2023-11-20 13:10:00,197.56,197.56,197.54,197.54,-0.01,8.34,1636.0,-1
2023-11-20,2023-11-20 13:11:00,197.54,197.54,197.53,197.53,-0.01,8.34,1636.0,-1
2023-11-20,2023-11-20 13:12:00,197.53,197.53,197.51,197.51,-0.01,8.34,1636.0,-1
2023-11-20,2023-11-20 13:13:00,197.51,197.51,197.49,197.49,-0.01,8.34,1636.0,-1
2023-11-20,2023-11-20 13:14:00,197.49,197.49,197.47,197.47,-0.01,8.34,1636.0,-1
2023-11-20,2023-11-20 13:15:00,197.47,197.47,197.45,197.45,-0.01,8.34,1636.0,-1
2023-11-20,2023-11-20 13:16:00,197.45,197.45,197.43,197.43,-0.01,8.34,1636.0,-1
2023-11-20,2023-11-20 13:17:00,197.43,197.43,197.41,197.41,-0.01,8.34,1636.0,-1
2023-11-20,2023-11-20 13:18:00,197.41,197.41,197.39,197.39,-0.01,8.34,1636.0,-1
2023-11-20,2023-11-20 13:19:00,197.39,197.39,197.38,197.38,-0.01,8.34,1636.0,-1
2023-11-20,2023-11-20 13:20:00,197.38,197.38,197.36,197.36,-0.01,8.34,1636.0,-1
2023-11-20,2023-11-20 13:21:00,197.36,197.36,197.34,197.34,-0.01,8.34,1636.0,-1
2023-11-20,2023-11-20 13:22:00,197.34,197.34,197.32,197.32,-0.01,8.34,1636.0,-1
2023-11-20,2023-11-20 13:23:00,197.32,197.32,197.3,197.3,-0.01,8.34,1636.0,-1
2023-11-20,2023-11-20 13:24:00,197.3,197.3,197.28,197.28,-0.01,8.34,1636.0,-1
2023-11-20,2023-11-20 13:25:00,197.28,197.28,197.26,197.26,-0.01,8.34,1636.0,-1
2023-11-20,2023-11-20 13:26:00,197.26,197.26,197.24,197.24,-0.01,8.34,1636.0,-1
2023-11-20,2023-11-20 13:27:00,197.24,197.24,197.22,197.22,-0.01,8.34,1636.0,-1
2023-11-20,2023-11-20 13:28:00,197.22,197.22,197.21,197.21,-0.01,8.34,1636.0,-1
2023-11-20,2023-11-20 13:29:00,197.21,197.21,197.19,197.19,-0.01,8.34,1636.0,-1
2023-11-20,2023-11-20 13:30:00,197.19,197.19,197.17,197.17,-0.01,8.34,1636.0,-1
2023-11-20,2023-11-20 13:31:00,197.17,197.17,197.15,197.15,-0.01,8.34,1636.0,-1
2023-11-20,2023-11-20 13:32:00,197.15,197.15,197.13,197.13,-0.01,8.34,1636.0,-1
2023-11-20,2023-11-20 13:33:00,197.13,197.13,197.11,197.11,-0.01,8.34,1636.0,-1
2023-11-20,2023-11-20 13:34:00,197.11,197.11,197.09,197.09,-0.01,8.34,1636.0,-1
2023-11-20,2023-11-20 13:35:00,197.09,197.09,197.07,197.07,-0.01,8.34,1636.0,-1
2023-11-20,2023-11-20 13:36:00,197.07,197.07,197.06,197.06,-0.01,8.34,1636.0,-1
2023-11-20,2023-11-20 13:37:00,197.06,197.06,197.04,197.04,-0.01,8.34,1636.0,-1
2023-11-20,2023-11-20 13:38:00,197.04,197.04,197.02,197.02,-0.01,8.34,1636.0,-1
2023-11-20,2023-11-20 13:39:00,197.02,197.02,197.0,197.0,-0.01,8.34,1636.0,-1
2023-11-20,2023-11-20 13:40:00,197.0,197.0,196.98,196.98,-0.01,8.34,1636.0,-1
2023-11-20,2023-11-20 13:41:00,196.98,196.98,196.96,196.96,-0.01,8.34,1636.0,-1
2023-11-20,2023-11-20 13:42:00,196.96,196.96,196.94,196.94,-0.01,8.34,1636.0,-1
2023-11-20,2023-11-20 13:43:00,196.94,196.94,196.93,196.93,-0.01,8.34,1636.0,-1
2023-11-20,2023-11-20 13:44:00,196.93,196.93,196.91,196.91,-0.01,8.34,1636.0,-1
2023-11-20,2023-11-20 13:45:00,196.91,196.91,196.89,196.89,-0.01,8.34,1636.0,-1
2023-11-20,2023-11-20 13:46:00,196.89,196.89,196.87,196.87,-0.01,8.34,1636.0,-1
2023-11-20,2023-11-20 13:47:00,196.87,196.87,196.85,196.85,-0.01,8.34,1636.0,-1
2023-11-20,2023-11-20 13:48:00,196.85,196.85,196.83,196.83,-0.01,8.34,1636.0,-1
2023-11-20,2023-11-20 13:49:00,196.83,196.83,196.81,196.81,-0.01,8.34,1636.0,-1
2023-11-20,2023-11-20 13:50:00,196.81,196.81,196.79,196.79,-0.01,8.34,1636.0,-1
2023-11-20,2023-11-20 13:51:00,196.79,196.79,196.78,196.78,-0.01,8.34,1636.0,-1
2023-11-20,2023-11-20 13:52:00,196.78,196.78,196.76,196.76,-0.01,8.34,1636.0,-1
2023-11-20,2023-11-20 13:53:00,196.76,196.76,196.74,196.74,-0.01,8.34,1636.0,-1
2023-11-20,2023-11-20 13:54:00,196.74,196.74,196.72,196.72,-0.01,8.34,1636.0,-1
2023-11-20,2023-11-20 13:55:00,196.72,196.72,196.7,196.7,-0.01,8.34,1636.0,-1
2023-11-20,2023-11-20 13:56:00,196.7,196.7,196.68,196.68,-0.01,8.34,1636.0,-1
2023-11-20,2023-11-20 13:57:00,196.68,196.68,196.66,196.66,-0.01,8.34,1636.0,-1
2023-11-20,2023-11-20 13:58:00,196.66,196.66,196.64,196.64,-0.01,8.34,1636.0,-1
2023-11-20,2023-11-20 13:59:00,196.64,196.64,196.62,196.62,-0.01,8.34,1636.0,-1
2023-11-20,2023-11-20 14:00:00,196.62,196.62,196.61,196.61,-0.01,8.34,1636.0,-1
2023-11-20,2023-11-20 14:01:00,196.61,196.61,196.59,196.59,-0.01,8.34,1636.0,-1
2023-11-20,2023-11-20 14:02:00,196.59,196.59,196.57,196.57,-0.01,8.34,1636.0,-1
2023-11-20,2023-11-20 14:03:00,196.57,196.57,196.55,196.55,-0.01,8.34,1636.0,-1
2023-11-20,2023-11-20 14:04:00,196.55,196.55,196.53,196.53,-0.01,8.34,1636.0,-1
2023-11-20,2023-11-20 14:05:00,196.53,196.53,196.51,196.51,-0.01,8.34,1636.0,-1
2023-11-20,2023-11-20 14:06:00,196.51,196.51,196.49,196.49,-0.01,8.34,1636.0,-1
2023-11-20,2023-11-20 14:07:00,196.49,196.49,196.47,196.47,-0.01,8.34,1636.0,-1
2023-11-20,2023-11-20 14:08:00,196.47,196.47,196.46,196.46,-0.01,8.34,1636.0,-1
2023-11-20,2023-11-20 14:09:00,196.46,196.46,196.44,196.44,-0.01,8.34,1636.0,-1
2023-11-20,2023-11-20 14:10:00,196.44,196.44,196.42,196.42,-0.01,8.34,1636.0,-1
2023-11-20,2023-11-20 14:11:00,196.42,196.42,196.4,196.4,-0.01,8.34,1636.0,-1
2023-11-20,2023-11-20 14:12:00,196.4,196.4,196.38,196.38,-0.01,8.34,1636.0,-1
2023-11-20,2023-11-20 14:13:00,196.38,196.38,196.36,196.36,-0.01,8.34,1636.0,-1
2023-11-20,2023-11-20 14:14:00,196.36,196.36,196.34,196.34,-0.01,8.34,1636.0,-1
2023-11-20,2023-11-20 14:15:00,196.34,196.34,196.32,196.32,-0.01,8.34,1636.0,-1
2023-11-20,2023-11-20 14:16:00,196.32,196.32,196.31,196.31,-0.01,8.34,1636.0,-1
2023-11-20,2023-11-20 14:17:00,196.31,196.31,196.29,196.29,-0.01,8.34,1636.0,-1
2023-11-20,2023-11-20 14:18:00,196.29,196.29,196.27,196.27,-0.01,8.34,1636.0,-1
2023-11-20,2023-11-20 14:19:00,196.27,196.27,196.25,196.25,-0.01,8.34,1636.0,-1
2023-11-20,2023-11-20 14:20:00,196.25,196.25,196.23,196.23,-0.01,8.34,1636.0,-1
2023-11-20,2023-11-20 14:21:00,196.23,196.23,196.21,196.21,-0.01,8.34,1636.0,-1
2023-11-20,2023-11-20 14:22:00,196.21,196.21,196.19,196.19,-0.01,8.34,1636.0,-1
2023-11-20,2023-11-20 14:23:00,196.19,196.19,196.18,196.18,-0.01,8.34,1636.0,-1
2023-11-20,2023-11-20 14:24:00,196.18,196.18,196.16,196.16,-0.01,8.34,1636.0,-1
2023-11-20,2023-11-20 14:25:00,196.16,196.16,196.14,196.14,-0.01,8.34,1636.0,-1
2023-11-20,2023-11-20 14:26:00,196.14,196.14,196.12,196.12,-0.01,8.34,1636.0,-1
2023-11-20,2023-11-20 14:27:00,196.12,196.12,196.1,196.1,-0.01,8.34,1636.0,-1
2023-11-20,2023-11-20 14:28:00,196.1,196.1,196.08,196.08,-0.01,8.34,1636.0,-1
2023-11-20,2023-11-20 14:29:00,196.08,196.08,196.06,196.06,-0.01,8.34,1636.0,-1
2023-11-20,2023-11-20 14:30:00,196.06,196.06,196.04,196.04,-0.01,8.34,1636.0,-1
2023-11-20,2023-11-20 14:31:00,196.04,196.04,196.03,196.03,-0.01,8.34,1636.0,-1
2023-11-20,2023-11-20 14:32:00,196.03,196.03,196.01,196.01,-0.01,8.34,1636.0,-1
2023-11-20,2023-11-20 14:33:00,196.01,196.01,195.99,195.99,-0.01,8.34,1636.0,-1
2023-11-20,2023-11-20 14:34:00,195.99,195.99,195.97,195.97,-0.01,8.34,1636.0,-1
2023-11-20,2023-11-20 14:35:00,195.97,195.97,195.95,195.95,-0.01,8.34,1636.0,-1
2023-11-20,2023-11-20 14:36:00,195.95,195.95,195.93,195.93,-0.01,8.34,1636.0,-1
2023-11-20,2023-11-20 14:37:00,195.93,195.93,195.91,195.91,-0.01,8.34,1636.0,-1
2023-11-20,2023-11-20 14:38:00,195.91,195.91,195.89,195.89,-0.01,8.34,1636.0,-1
2023-11-20,2023-11-20 14:39:00,195.89,195.89,195.88,195.88,-0.01,8.34,1636.0,-1
2023-11-20,2023-11-20 14:40:00,195.88,195.88,195.86,195.86,-0.01,8.34,1636.0,-1
2023-11-20,2023-11-20 14:41:00,195.86,195.86,195.84,195.84,-0.01,8.34,1636.0,-1
2023-11-20,2023-11-20 14:42:00,195.84,195.84,195.82,195.82,-0.01,8.34,1636.0,-1
2023-11-20,2023-11-20 14:43:00,195.82,195.82,195.8,195.8,-0.01,8.34,1636.0,-1
2023-11-20,2023-11-20 14:44:00,195.8,195.8,195.78,195.78,-0.01,8.34,1636.0,-1
2023-11-20,2023-11-20 14:45:00,195.78,195.78,195.76,195.76,-0.01,8.34,1636.0,-1
2023-11-20,2023-11-20 14:46:00,195.76,195.76,195.74,195.74,-0.01,8.34,1636.0,-1
2023-11-20,2023-11-20 14:47:00,195.74,195.74,195.72,195.72,-0.01,8.34,1636.0,-1
2023-11-20,2023-11-20 14:48:00,195.72,195.72,195.71,195.71,-0.01,8.34,1636.0,-1
2023-11-20,2023-11-20 14:49:00,195.71,195.71,195.69,195.69,-0.01,8.34,1636.0,-1
2023-11-20,2023-11-20 14:50:00,195.69,195.69,195.67,195.67,-0.01,8.34,1636.0,-1
2023-11-20,2023-11-20 14:51:00,195.67,195.67,195.65,195.65,-0.01,8.34,1636.0,-1
2023-11-20,2023-11-20 14:52:00,195.65,195.65,195.63,195.63,-0.01,8.34,1636.0,-1
2023-11-20,2023-11-20 14:53:00,195.63,195.63,195.61,195.61,-0.01,8.34,1636.0,-1
2023-11-20,2023-11-20 14:54:00,195.61,195.61,195.59,195.59,-0.01,8.34,1636.0,-1
2023-11-20,2023-11-20 14:55:00,195.59,195.59,195.57,195.57,-0.01,8.34,1636.0,-1
2023-11-20,2023-11-20 14:56:00,195.57,195.57,195.56,195.56,-0.01,8.34,1636.0,-1
2023-11-20,2023-11-20 14:57:00,195.56,195.56,195.54,195.54,-0.01,8.34,1636.0,-1
2023-11-20,2023-11-20 14:58:00,195.54,195.54,195.52,195.52,-0.01,8.34,1636.0,-1
2023-11-20,2023-11-20 14:59:00,195.52,195.52,195.5,195.5,-0.01,8.34,1636.0,-1
2023-11-20,2023-11-20 15:00:00,195.5,201.0,193.2,195.5,0.0,8.34,1636.0,0
2023-11-21,2023-11-21 11:00:00,192.0,192.9,189.63,192.0,0.0,42.53,8031.36,0
2023-11-21,2023-11-21 11:01:00,192.0,192.0,192.0,192.0,0.0,42.53,8031.36,0
2023-11-21,2023-11-21 11:02:00,192.0,192.0,192.0,192.0,0.0,42.53,8031.36,0
2023-11-21,2023-11-21 11:03:00,192.0,192.0,192.0,192.0,0.0,42.53,8031.36,0
2023-11-21,2023-11-21 11:04:00,192.0,192.0,192.0,192.0,0.0,42.53,8031.36,0
2023-11-21,2023-11-21 11:05:00,192.0,192.0,192.0,192.0,0.0,42.53,8031.36,0
2023-11-21,2023-11-21 11:06:00,192.0,192.0,192.0,192.0,0.0,42.53,8031.36,0
2023-11-21,2023-11-21 11:07:00,192.0,192.0,192.0,192.0,0.0,42.53,8031.36,0
2023-11-21,2023-11-21 11:08:00,192.0,192.0,192.0,192.0,0.0,42.53,8031.36,0
2023-11-21,2023-11-21 11:09:00,192.0,192.0,192.0,192.0,0.0,42.53,8031.36,0
2023-11-21,2023-11-21 11:10:00,192.0,192.0,192.0,192.0,0.0,42.53,8031.36,0
2023-11-21,2023-11-21 11:11:00,192.0,192.0,192.0,192.0,0.0,42.53,8031.36,0
2023-11-21,2023-11-21 11:12:00,192.0,192.0,191.99,191.99,-0.01,42.53,8031.36,-1
2023-11-21,2023-11-21 11:13:00,191.99,191.99,191.99,191.99,0.0,42.53,8031.36,0
2023-11-21,2023-11-21 11:14:00,191.99,191.99,191.99,191.99,0.0,42.53,8031.36,0
2023-11-21,2023-11-21 11:15:00,191.99,191.99,191.99,191.99,0.0,42.53,8031.36,0
2023-11-21,2023-11-21 11:16:00,191.99,191.99,191.99,191.99,0.0,42.53,8031.36,0
2023-11-21,2023-11-21 11:17:00,191.99,191.99,191.99,191.99,0.0,42.53,8031.36,0
2023-11-21,2023-11-21 11:18:00,191.99,191.99,191.99,191.99,0.0,42.53,8031.36,0
2023-11-21,2023-11-21 11:19:00,191.99,191.99,191.99,191.99,0.0,42.53,8031.36,0
2023-11-21,2023-11-21 11:20:00,191.99,191.99,191.99,191.99,0.0,42.53,8031.36,0
2023-11-21,2023-11-21 11:21:00,191.99,191.99,191.99,191.99,0.0,42.53,8031.36,0
2023-11-21,2023-11-21 11:22:00,191.99,191.99,191.99,191.99,0.0,42.53,8031.36,0
2023-11-21,2023-11-21 11:23:00,191.99,191.99,191.99,191.99,0.0,42.53,8031.36,0
2023-11-21,2023-11-21 11:24:00,191.99,191.99,191.99,191.99,0.0,42.53,8031.36,0
2023-11-21,2023-11-21 11:25:00,191.99,191.99,191.99,191.99,0.0,42.53,8031.36,0
2023-11-21,2023-11-21 11:26:00,191.99,191.99,191.99,191.99,0.0,42.53,8031.36,0
2023-11-21,2023-11-21 11:27:00,191.99,191.99,191.99,191.99,0.0,42.53,8031.36,0
2023-11-21,2023-11-21 11:28:00,191.99,191.99,191.99,191.99,0.0,42.53,8031.36,0
2023-11-21,2023-11-21 11:29:00,191.99,191.99,191.99,191.99,0.0,42.53,8031.36,0
2023-11-21,2023-11-21 11:30:00,191.99,191.99,191.99,191.99,0.0,42.53,8031.36,0
2023-11-21,2023-11-21 11:31:00,191.99,191.99,191.99,191.99,0.0,42.53,8031.36,0
2023-11-21,2023-11-21 11:32:00,191.99,191.99,191.99,191.99,0.0,42.53,8031.36,0
2023-11-21,2023-11-21 11:33:00,191.99,191.99,191.99,191.99,0.0,42.53,8031.36,0
2023-11-21,2023-11-21 11:34:00,191.99,191.99,191.99,191.99,0.0,42.53,8031.36,0
2023-11-21,2023-11-21 11:35:00,191.99,191.99,191.99,191.99,0.0,42.53,8031.36,0
2023-11-21,2023-11-21 11:36:00,191.99,191.99,191.98,191.98,-0.01,42.53,8031.36,-1
2023-11-21,2023-11-21 11:37:00,191.98,191.98,191.98,191.98,0.0,42.53,8031.36,0
2023-11-21,2023-11-21 11:38:00,191.98,191.98,191.98,191.98,0.0,42.53,8031.36,0
2023-11-21,2023-11-21 11:39:00,191.98,191.98,191.98,191.98,0.0,42.53,8031.36,0
2023-11-21,2023-11-21 11:40:00,191.98,191.98,191.98,191.98,0.0,42.53,8031.36,0
2023-11-21,2023-11-21 11:41:00,191.98,191.98,191.98,191.98,0.0,42.53,8031.36,0
2023-11-21,2023-11-21 11:42:00,191.98,191.98,191.98,191.98,0.0,42.53,8031.36,0
2023-11-21,2023-11-21 11:43:00,191.98,191.98,191.98,191.98,0.0,42.53,8031.36,0
2023-11-21,2023-11-21 11:44:00,191.98,191.98,191.98,191.98,0.0,42.53,8031.36,0
2023-11-21,2023-11-21 11:45:00,191.98,191.98,191.98,191.98,0.0,42.53,8031.36,0
2023-11-21,2023-11-21 11:46:00,191.98,191.98,191.98,191.98,0.0,42.53,8031.36,0
2023-11-21,2023-11-21 11:47:00,191.98,191.98,191.98,191.98,0.0,42.53,8031.36,0
2023-11-21,2023-11-21 11:48:00,191.98,191.98,191.98,191.98,0.0,42.53,8031.36,0
2023-11-21,2023-11-21 11:49:00,191.98,191.98,191.98,191.98,0.0,42.53,8031.36,0
2023-11-21,2023-11-21 11:50:00,191.98,191.98,191.98,191.98,0.0,42.53,8031.36,0
2023-11-21,2023-11-21 11:51:00,191.98,191.98,191.98,191.98,0.0,42.53,8031.36,0
2023-11-21,2023-11-21 11:52:00,191.98,191.98,191.98,191.98,0.0,42.53,8031.36,0
2023-11-21,2023-11-21 11:53:00,191.98,191.98,191.98,191.98,0.0,42.53,8031.36,0
2023-11-21,2023-11-21 11:54:00,191.98,191.98,191.98,191.98,0.0,42.53,8031.36,0
2023-11-21,2023-11-21 11:55:00,191.98,191.98,191.98,191.98,0.0,42.53,8031.36,0
2023-11-21,2023-11-21 11:56:00,191.98,191.98,191.98,191.98,0.0,42.53,8031.36,0
2023-11-21,2023-11-21 11:57:00,191.98,191.98,191.98,191.98,0.0,42.53,8031.36,0
2023-11-21,2023-11-21 11:58:00,191.98,191.98,191.98,191.98,0.0,42.53,8031.36,0
2023-11-21,2023-11-21 11:59:00,191.98,191.98,191.97,191.97,-0.01,42.53,8031.36,-1
2023-11-21,2023-11-21 12:00:00,191.97,191.97,191.97,191.97,0.0,42.53,8031.36,0
2023-11-21,2023-11-21 12:01:00,191.97,191.97,191.97,191.97,0.0,42.53,8031.36,0
2023-11-21,2023-11-21 12:02:00,191.97,191.97,191.97,191.97,0.0,42.53,8031.36,0
2023-11-21,2023-11-21 12:03:00,191.97,191.97,191.97,191.97,0.0,42.53,8031.36,0
2023-11-21,2023-11-21 12:04:00,191.97,191.97,191.97,191.97,0.0,42.53,8031.36,0
2023-11-21,2023-11-21 12:05:00,191.97,191.97,191.97,191.97,0.0,42.53,8031.36,0
2023-11-21,2023-11-21 12:06:00,191.97,191.97,191.97,191.97,0.0,42.53,8031.36,0
2023-11-21,2023-11-21 12:07:00,191.97,191.97,191.97,191.97,0.0,42.53,8031.36,0
2023-11-21,2023-11-21 12:08:00,191.97,191.97,191.97,191.97,0.0,42.53,8031.36,0
2023-11-21,2023-11-21 12:09:00,191.97,191.97,191.97,191.97,0.0,42.53,8031.36,0
2023-11-21,2023-11-21 12:10:00,191.97,191.97,191.97,191.97,0.0,42.53,8031.36,0
2023-11-21,2023-11-21 12:11:00,191.97,191.97,191.97,191.97,0.0,42.53,8031.36,0
2023-11-21,2023-11-21 12:12:00,191.97,191.97,191.97,191.97,0.0,42.53,8031.36,0
2023-11-21,2023-11-21 12:13:00,191.97,191.97,191.97,191.97,0.0,42.53,8031.36,0
2023-11-21,2023-11-21 12:14:00,191.97,191.97,191.97,191.97,0.0,42.53,8031.36,0
2023-11-21,2023-11-21 12:15:00,191.97,191.97,191.97,191.97,0.0,42.53,8031.36,0
2023-11-21,2023-11-21 12:16:00,191.97,191.97,191.97,191.97,0.0,42.53,8031.36,0
2023-11-21,2023-11-21 12:17:00,191.97,191.97,191.97,191.97,0.0,42.53,8031.36,0
2023-11-21,2023-11-21 12:18:00,191.97,191.97,191.97,191.97,0.0,42.53,8031.36,0
2023-11-21,2023-11-21 12:19:00,191.97,191.97,191.97,191.97,0.0,42.53,8031.36,0
2023-11-21,2023-11-21 12:20:00,191.97,191.97,191.97,191.97,0.0,42.53,8031.36,0
2023-11-21,2023-11-21 12:21:00,191.97,191.97,191.97,191.97,0.0,42.53,8031.36,0
2023-11-21,2023-11-21 12:22:00,191.97,191.97,191.97,191.97,0.0,42.53,8031.36,0
2023-11-21,2023-11-21 12:23:00,191.97,191.97,191.97,191.97,0.0,42.53,8031.36,0
2023-11-21,2023-11-21 12:24:00,191.97,191.97,191.96,191.96,-0.01,42.53,8031.36,-1
2023-11-21,2023-11-21 12:25:00,191.96,191.96,191.96,191.96,0.0,42.53,8031.36,0
2023-11-21,2023-11-21 12:26:00,191.96,191.96,191.96,191.96,0.0,42.53,8031.36,0
2023-11-21,2023-11-21 12:27:00,191.96,191.96,191.96,191.96,0.0,42.53,8031.36,0
2023-11-21,2023-11-21 12:28:00,191.96,191.96,191.96,191.96,0.0,42.53,8031.36,0
2023-11-21,2023-11-21 12:29:00,191.96,191.96,191.96,191.96,0.0,42.53,8031.36,0
2023-11-21,2023-11-21 12:30:00,191.96,191.96,191.96,191.96,0.0,42.53,8031.36,0
2023-11-21,2023-11-21 12:31:00,191.96,191.96,191.96,191.96,0.0,42.53,8031.36,0
2023-11-21,2023-11-21 12:32:00,191.96,191.96,191.96,191.96,0.0,42.53,8031.36,0
2023-11-21,2023-11-21 12:33:00,191.96,191.96,191.96,191.96,0.0,42.53,8031.36,0
2023-11-21,2023-11-21 12:34:00,191.96,191.96,191.96,191.96,0.0,42.53,8031.36,0
2023-11-21,2023-11-21 12:35:00,191.96,191.96,191.96,191.96,0.0,42.53,8031.36,0
2023-11-21,2023-11-21 12:36:00,191.96,191.96,191.96,191.96,0.0,42.53,8031.36,0
2023-11-21,2023-11-21 12:37:00,191.96,191.96,191.96,191.96,0.0,42.53,8031.36,0
2023-11-21,2023-11-21 12:38:00,191.96,191.96,191.96,191.96,0.0,42.53,8031.36,0
2023-11-21,2023-11-21 12:39:00,191.96,191.96,191.96,191.96,0.0,42.53,8031.36,0
2023-11-21,2023-11-21 12:40:00,191.96,191.96,191.96,191.96,0.0,42.53,8031.36,0
2023-11-21,2023-11-21 12:41:00,191.96,191.96,191.96,191.96,0.0,42.53,8031.36,0
2023-11-21,2023-11-21 12:42:00,191.96,191.96,191.96,191.96,0.0,42.53,8031.36,0
2023-11-21,2023-11-21 12:43:00,191.96,191.96,191.96,191.96,0.0,42.53,8031.36,0
2023-11-21,2023-11-21 12:44:00,191.96,191.96,191.96,191.96,0.0,42.53,8031.36,0
2023-11-21,2023-11-21 12:45:00,191.96,191.96,191.96,191.96,0.0,42.53,8031.36,0
2023-11-21,2023-11-21 12:46:00,191.96,191.96,191.96,191.96,0.0,42.53,8031.36,0
2023-11-21,2023-11-21 12:47:00,191.96,191.96,191.96,191.96,0.0,42.53,8031.36,0
2023-11-21,2023-11-21 12:48:00,191.96,191.96,191.95,191.95,-0.01,42.53,8031.36,-1
2023-11-21,2023-11-21 12:49:00,191.95,191.95,191.95,191.95,0.0,42.53,8031.36,0
2023-11-21,2023-11-21 12:50:00,191.95,191.95,191.95,191.95,0.0,42.53,8031.36,0
2023-11-21,2023-11-21 12:51:00,191.95,191.95,191.95,191.95,0.0,42.53,8031.36,0
2023-11-21,2023-11-21 12:52:00,191.95,191.95,191.95,191.95,0.0,42.53,8031.36,0
2023-11-21,2023-11-21 12:53:00,191.95,191.95,191.95,191.95,0.0,42.53,8031.36,0
2023-11-21,2023-11-21 12:54:00,191.95,191.95,191.95,191.95,0.0,42.53,8031.36,0
2023-11-21,2023-11-21 12:55:00,191.95,191.95,191.95,191.95,0.0,42.53,8031.36,0
2023-11-21,2023-11-21 12:56:00,191.95,191.95,191.95,191.95,0.0,42.53,8031.36,0
2023-11-21,2023-11-21 12:57:00,191.95,191.95,191.95,191.95,0.0,42.53,8031.36,0
2023-11-21,2023-11-21 12:58:00,191.95,191.95,191.95,191.95,0.0,42.53,8031.36,0
2023-11-21,2023-11-21 12:59:00,191.95,191.95,191.95,191.95,0.0,42.53,8031.36,0
2023-11-21,2023-11-21 13:00:00,191.95,195.0,184.1,191.95,0.0,42.53,8031.36,0
2023-11-21,2023-11-21 13:01:00,191.95,191.95,191.95,191.95,0.0,42.53,8031.36,0
2023-11-21,2023-11-21 13:02:00,191.95,191.95,191.95,191.95,0.0,42.53,8031.36,0
2023-11-21,2023-11-21 13:03:00,191.95,191.95,191.95,191.95,0.0,42.53,8031.36,0
2023-11-21,2023-11-21 13:04:00,191.95,191.95,191.95,191.95,0.0,42.53,8031.36,0
2023-11-21,2023-11-21 13:05:00,191.95,191.95,191.95,191.95,0.0,42.53,8031.36,0
2023-11-21,2023-11-21 13:06:00,191.95,191.95,191.95,191.95,0.0,42.53,8031.36,0
2023-11-21,2023-11-21 13:07:00,191.95,191.95,191.95,191.95,0.0,42.53,8031.36,0
2023-11-21,2023-11-21 13:08:00,191.95,191.95,191.95,191.95,0.0,42.53,8031.36,0
2023-11-21,2023-11-21 13:09:00,191.95,191.95,191.95,191.95,0.0,42.53,8031.36,0
2023-11-21,2023-11-21 13:10:00,191.95,191.95,191.95,191.95,0.0,42.53,8031.36,0
2023-11-21,2023-11-21 13:11:00,191.95,191.95,191.94,191.94,-0.01,42.53,8031.36,-1
2023-11-21,2023-11-21 13:12:00,191.94,191.94,191.94,191.94,0.0,42.53,8031.36,0
2023-11-21,2023-11-21 13:13:00,191.94,191.94,191.94,191.94,0.0,42.53,8031.36,0
2023-11-21,2023-11-21 13:14:00,191.94,191.94,191.94,191.94,0.0,42.53,8031.36,0
2023-11-21,2023-11-21 13:15:00,191.94,191.94,191.94,191.94,0.0,42.53,8031.36,0
2023-11-21,2023-11-21 13:16:00,191.94,191.94,191.94,191.94,0.0,42.53,8031.36,0
2023-11-21,2023-11-21 13:17:00,191.94,191.94,191.94,191.94,0.0,42.53,8031.36,0
2023-11-21,2023-11-21 13:18:00,191.94,191.94,191.94,191.94,0.0,42.53,8031.36,0
2023-11-21,2023-11-21 13:19:00,191.94,191.94,191.94,191.94,0.0,42.53,8031.36,0
2023-11-21,2023-11-21 13:20:00,191.94,191.94,191.94,191.94,0.0,42.53,8031.36,0
2023-11-21,2023-11-21 13:21:00,191.94,191.94,191.94,191.94,0.0,42.53,8031.36,0
2023-11-21,2023-11-21 13:22:00,191.94,191.94,191.94,191.94,0.0,42.53,8031.36,0
2023-11-21,2023-11-21 13:23:00,191.94,191.94,191.94,191.94,0.0,42.53,8031.36,0
2023-11-21,2023-11-21 13:24:00,191.94,191.94,191.94,191.94,0.0,42.53,8031.36,0
2023-11-21,2023-11-21 13:25:00,191.94,191.94,191.94,191.94,0.0,42.53,8031.36,0
2023-11-21,2023-11-21 13:26:00,191.94,191.94,191.94,191.94,0.0,42.53,8031.36,0
2023-11-21,2023-11-21 13:27:00,191.94,191.94,191.94,191.94,0.0,42.53,8031.36,0
2023-11-21,2023-11-21 13:28:00,191.94,191.94,191.94,191.94,0.0,42.53,8031.36,0
2023-11-21,2023-11-21 13:29:00,191.94,191.94,191.94,191.94,0.0,42.53,8031.36,0
2023-11-21,2023-11-21 13:30:00,191.94,191.94,191.94,191.94,0.0,42.53,8031.36,0
2023-11-21,2023-11-21 13:31:00,191.94,191.94,191.94,191.94,0.0,42.53,8031.36,0
2023-11-21,2023-11-21 13:32:00,191.94,191.94,191.94,191.94,0.0,42.53,8031.36,0
2023-11-21,2023-11-21 13:33:00,191.94,191.94,191.94,191.94,0.0,42.53,8031.36,0
2023-11-21,2023-11-21 13:34:00,191.94,191.94,191.94,191.94,0.0,42.53,8031.36,0
2023-11-21,2023-11-21 13:35:00,191.94,191.94,191.94,191.94,0.0,42.53,8031.36,0
2023-11-21,2023-11-21 13:36:00,191.94,191.94,191.93,191.93,-0.01,42.53,8031.36,-1
2023-11-21,2023-11-21 13:37:00,191.93,191.93,191.93,191.93,0.0,42.53,8031.36,0
2023-11-21,2023-11-21 13:38:00,191.93,191.93,191.93,191.93,0.0,42.53,8031.36,0
2023-11-21,2023-11-21 13:39:00,191.93,191.93,191.93,191.93,0.0,42.53,8031.36,0
2023-11-21,2023-11-21 13:40:00,191.93,191.93,191.93,191.93,0.0,42.53,8031.36,0
2023-11-21,2023-11-21 13:41:00,191.93,191.93,191.93,191.93,0.0,42.53,8031.36,0
2023-11-21,2023-11-21 13:42:00,191.93,191.93,191.93,191.93,0.0,42.53,8031.36,0
2023-11-21,2023-11-21 13:43:00,191.93,191.93,191.93,191.93,0.0,42.53,8031.36,0
2023-11-21,2023-11-21 13:44:00,191.93,191.93,191.93,191.93,0.0,42.53,8031.36,0
2023-11-21,2023-11-21 13:45:00,191.93,191.93,191.93,191.93,0.0,42.53,8031.36,0
2023-11-21,2023-11-21 13:46:00,191.93,191.93,191.93,191.93,0.0,42.53,8031.36,0
2023-11-21,2023-11-21 13:47:00,191.93,191.93,191.93,191.93,0.0,42.53,8031.36,0
2023-11-21,2023-11-21 13:48:00,191.93,191.93,191.93,191.93,0.0,42.53,8031.36,0
2023-11-21,2023-11-21 13:49:00,191.93,191.93,191.93,191.93,0.0,42.53,8031.36,0
2023-11-21,2023-11-21 13:50:00,191.93,191.93,191.93,191.93,0.0,42.53,8031.36,0
2023-11-21,2023-11-21 13:51:00,191.93,191.93,191.93,191.93,0.0,42.53,8031.36,0
2023-11-21,2023-11-21 13:52:00,191.93,191.93,191.93,191.93,0.0,42.53,8031.36,0
2023-11-21,2023-11-21 13:53:00,191.93,191.93,191.93,191.93,0.0,42.53,8031.36,0
2023-11-21,2023-11-21 13:54:00,191.93,191.93,191.93,191.93,0.0,42.53,8031.36,0
2023-11-21,2023-11-21 13:55:00,191.93,191.93,191.93,191.93,0.0,42.53,8031.36,0
2023-11-21,2023-11-21 13:56:00,191.93,191.93,191.93,191.93,0.0,42.53,8031.36,0
2023-11-21,2023-11-21 13:57:00,191.93,191.93,191.93,191.93,0.0,42.53,8031.36,0
2023-11-21,2023-11-21 13:58:00,191.93,191.93,191.93,191.93,0.0,42.53,8031.36,0
2023-11-21,2023-11-21 13:59:00,191.93,191.93,191.93,191.93,0.0,42.53,8031.36,0
2023-11-21,2023-11-21 14:00:00,191.93,191.93,191.92,191.92,-0.01,42.53,8031.36,-1
2023-11-21,2023-11-21 14:01:00,191.92,191.92,191.92,191.92,0.0,42.53,8031.36,0
2023-11-21,2023-11-21 14:02:00,191.92,191.92,191.92,191.92,0.0,42.53,8031.36,0
2023-11-21,2023-11-21 14:03:00,191.92,191.92,191.92,191.92,0.0,42.53,8031.36,0
2023-11-21,2023-11-21 14:04:00,191.92,191.92,191.92,191.92,0.0,42.53,8031.36,0
2023-11-21,2023-11-21 14:05:00,191.92,191.92,191.92,191.92,0.0,42.53,8031.36,0
2023-11-21,2023-11-21 14:06:00,191.92,191.92,191.92,191.92,0.0,42.53,8031.36,0
2023-11-21,2023-11-21 14:07:00,191.92,191.92,191.92,191.92,0.0,42.53,8031.36,0
2023-11-21,2023-11-21 14:08:00,191.92,191.92,191.92,191.92,0.0,42.53,8031.36,0
2023-11-21,2023-11-21 14:09:00,191.92,191.92,191.92,191.92,0.0,42.53,8031.36,0
2023-11-21,2023-11-21 14:10:00,191.92,191.92,191.92,191.92,0.0,42.53,8031.36,0
2023-11-21,2023-11-21 14:11:00,191.92,191.92,191.92,191.92,0.0,42.53,8031.36,0
2023-11-21,2023-11-21 14:12:00,191.92,191.92,191.92,191.92,0.0,42.53,8031.36,0
2023-11-21,2023-11-21 14:13:00,191.92,191.92,191.92,191.92,0.0,42.53,8031.36,0
2023-11-21,2023-11-21 14:14:00,191.92,191.92,191.92,191.92,0.0,42.53,8031.36,0
2023-11-21,2023-11-21 14:15:00,191.92,191.92,191.92,191.92,0.0,42.53,8031.36,0
2023-11-21,2023-11-21 14:16:00,191.92,191.92,191.92,191.92,0.0,42.53,8031.36,0
2023-11-21,2023-11-21 14:17:00,191.92,191.92,191.92,191.92,0.0,42.53,8031.36,0
2023-11-21,2023-11-21 14:18:00,191.92,191.92,191.92,191.92,0.0,42.53,8031.36,0
2023-11-21,2023-11-21 14:19:00,191.92,191.92,191.92,191.92,0.0,42.53,8031.36,0
2023-11-21,2023-11-21 14:20:00,191.92,191.92,191.92,191.92,0.0,42.53,8031.36,0
2023-11-21,2023-11-21 14:21:00,191.92,191.92,191.92,191.92,0.0,42.53,8031.36,0
2023-11-21,2023-11-21 14:22:00,191.92,191.92,191.92,191.92,0.0,42.53,8031.36,0
2023-11-21,2023-11-21 14:23:00,191.92,191.92,191.91,191.91,-0.01,42.53,8031.36,-1
2023-11-21,2023-11-21 14:24:00,191.91,191.91,191.91,191.91,0.0,42.53,8031.36,0
2023-11-21,2023-11-21 14:25:00,191.91,191.91,191.91,191.91,0.0,42.53,8031.36,0
2023-11-21,2023-11-21 14:26:00,191.91,191.91,191.91,191.91,0.0,42.53,8031.36,0
2023-11-21,2023-11-21 14:27:00,191.91,191.91,191.91,191.91,0.0,42.53,8031.36,0
2023-11-21,2023-11-21 14:28:00,191.91,191.91,191.91,191.91,0.0,42.53,8031.36,0
2023-11-21,2023-11-21 14:29:00,191.91,191.91,191.91,191.91,0.0,42.53,8031.36,0
2023-11-21,2023-11-21 14:30:00,191.91,191.91,191.91,191.91,0.0,42.53,8031.36,0
2023-11-21,2023-11-21 14:31:00,191.91,191.91,191.91,191.91,0.0,42.53,8031.36,0
2023-11-21,2023-11-21 14:32:00,191.91,191.91,191.91,191.91,0.0,42.53,8031.36,0
2023-11-21,2023-11-21 14:33:00,191.91,191.91,191.91,191.91,0.0,42.53,8031.36,0
2023-11-21,2023-11-21 14:34:00,191.91,191.91,191.91,191.91,0.0,42.53,8031.36,0
2023-11-21,2023-11-21 14:35:00,191.91,191.91,191.91,191.91,0.0,42.53,8031.36,0
2023-11-21,2023-11-21 14:36:00,191.91,191.91,191.91,191.91,0.0,42.53,8031.36,0
2023-11-21,2023-11-21 14:37:00,191.91,191.91,191.91,191.91,0.0,42.53,8031.36,0
2023-11-21,2023-11-21 14:38:00,191.91,191.91,191.91,191.91,0.0,42.53,8031.36,0
2023-11-21,2023-11-21 14:39:00,191.91,191.91,191.91,191.91,0.0,42.53,8031.36,0
2023-11-21,2023-11-21 14:40:00,191.91,191.91,191.91,191.91,0.0,42.53,8031.36,0
2023-11-21,2023-11-21 14:41:00,191.91,191.91,191.91,191.91,0.0,42.53,8031.36,0
2023-11-21,2023-11-21 14:42:00,191.91,191.91,191.91,191.91,0.0,42.53,8031.36,0
2023-11-21,2023-11-21 14:43:00,191.91,191.91,191.91,191.91,0.0,42.53,8031.36,0
2023-11-21,2023-11-21 14:44:00,191.91,191.91,191.91,191.91,0.0,42.53,8031.36,0
2023-11-21,2023-11-21 14:45:00,191.91,191.91,191.91,191.91,0.0,42.53,8031.36,0
2023-11-21,2023-11-21 14:46:00,191.91,191.91,191.91,191.91,0.0,42.53,8031.36,0
2023-11-21,2023-11-21 14:47:00,191.91,191.91,191.91,191.91,0.0,42.53,8031.36,0
2023-11-21,2023-11-21 14:48:00,191.91,191.91,191.9,191.9,-0.01,42.53,8031.36,-1
2023-11-21,2023-11-21 14:49:00,191.9,191.9,191.9,191.9,0.0,42.53,8031.36,0
2023-11-21,2023-11-21 14:50:00,191.9,191.9,191.9,191.9,0.0,42.53,8031.36,0
2023-11-21,2023-11-21 14:51:00,191.9,191.9,191.9,191.9,0.0,42.53,8031.36,0
2023-11-21,2023-11-21 14:52:00,191.9,191.9,191.9,191.9,0.0,42.53,8031.36,0
2023-11-21,2023-11-21 14:53:00,191.9,191.9,191.9,191.9,0.0,42.53,8031.36,0
2023-11-21,2023-11-21 14:54:00,191.9,191.9,191.9,191.9,0.0,42.53,8031.36,0
2023-11-21,2023-11-21 14:55:00,191.9,191.9,191.9,191.9,0.0,42.53,8031.36,0
2023-11-21,2023-11-21 14:56:00,191.9,191.9,191.9,191.9,0.0,42.53,8031.36,0
2023-11-21,2023-11-21 14:57:00,191.9,191.9,191.9,191.9,0.0,42.53,8031.36,0
2023-11-21,2023-11-21 14:58:00,191.9,191.9,191.9,191.9,0.0,42.53,8031.36,0
2023-11-21,2023-11-21 14:59:00,191.9,191.9,191.9,191.9,0.0,42.53,8031.36,0
2023-11-21,2023-11-21 15:00:00,191.9,195.0,184.1,191.9,0.0,42.53,8031.36,0
2023-11-22,2023-11-22 11:00:00,188.1,191.64,187.17,188.15,0.03,15.52,3031.77,1
2023-11-22,2023-11-22 11:01:00,188.15,188.19,188.15,188.19,0.02,15.52,3031.77,1
2023-11-22,2023-11-22 11:02:00,188.19,188.24,188.19,188.24,0.03,15.52,3031.77,1
2023-11-22,2023-11-22 11:03:00,188.24,188.28,188.24,188.28,0.02,15.52,3031.77,1
2023-11-22,2023-11-22 11:04:00,188.28,188.33,188.28,188.33,0.03,15.52,3031.77,1
2023-11-22,2023-11-22 11:05:00,188.33,188.37,188.33,188.37,0.02,15.52,3031.77,1
2023-11-22,2023-11-22 11:06:00,188.37,188.42,188.37,188.42,0.03,15.52,3031.77,1
2023-11-22,2023-11-22 11:07:00,188.42,188.46,188.42,188.46,0.02,15.52,3031.77,1
2023-11-22,2023-11-22 11:08:00,188.46,188.51,188.46,188.51,0.03,15.52,3031.77,1
2023-11-22,2023-11-22 11:09:00,188.51,188.55,188.51,188.55,0.02,15.52,3031.77,1
2023-11-22,2023-11-22 11:10:00,188.55,188.6,188.55,188.6,0.03,15.52,3031.77,1
2023-11-22,2023-11-22 11:11:00,188.6,188.64,188.6,188.64,0.02,15.52,3031.77,1
2023-11-22,2023-11-22 11:12:00,188.64,188.69,188.64,188.69,0.03,15.52,3031.77,1
2023-11-22,2023-11-22 11:13:00,188.69,188.74,188.69,188.74,0.03,15.52,3031.77,1
2023-11-22,2023-11-22 11:14:00,188.74,188.78,188.74,188.78,0.02,15.52,3031.77,1
2023-11-22,2023-11-22 11:15:00,188.78,188.83,188.78,188.83,0.03,15.52,3031.77,1
2023-11-22,2023-11-22 11:16:00,188.83,188.87,188.83,188.87,0.02,15.52,3031.77,1
2023-11-22,2023-11-22 11:17:00,188.87,188.92,188.87,188.92,0.03,15.52,3031.77,1
2023-11-22,2023-11-22 11:18:00,188.92,188.96,188.92,188.96,0.02,15.52,3031.77,1
2023-11-22,2023-11-22 11:19:00,188.96,189.01,188.96,189.01,0.03,15.52,3031.77,1
2023-11-22,2023-11-22 11:20:00,189.01,189.05,189.01,189.05,0.02,15.52,3031.77,1
2023-11-22,2023-11-22 11:21:00,189.05,189.1,189.05,189.1,0.03,15.52,3031.77,1
2023-11-22,2023-11-22 11:22:00,189.1,189.14,189.1,189.14,0.02,15.52,3031.77,1
2023-11-22,2023-11-22 11:23:00,189.14,189.19,189.14,189.19,0.03,15.52,3031.77,1
2023-11-22,2023-11-22 11:24:00,189.19,189.24,189.19,189.24,0.03,15.52,3031.77,1
2023-11-22,2023-11-22 11:25:00,189.24,189.28,189.24,189.28,0.02,15.52,3031.77,1
2023-11-22,2023-11-22 11:26:00,189.28,189.33,189.28,189.33,0.03,15.52,3031.77,1
2023-11-22,2023-11-22 11:27:00,189.33,189.37,189.33,189.37,0.02,15.52,3031.77,1
2023-11-22,2023-11-22 11:28:00,189.37,189.42,189.37,189.42,0.03,15.52,3031.77,1
2023-11-22,2023-11-22 11:29:00,189.42,189.46,189.42,189.46,0.02,15.52,3031.77,1
2023-11-22,2023-11-22 11:30:00,189.46,189.51,189.46,189.51,0.03,15.52,3031.77,1
2023-11-22,2023-11-22 11:31:00,189.51,189.55,189.51,189.55,0.02,15.52,3031.77,1
2023-11-22,2023-11-22 11:32:00,189.55,189.6,189.55,189.6,0.03,15.52,3031.77,1
2023-11-22,2023-11-22 11:33:00,189.6,189.64,189.6,189.64,0.02,15.52,3031.77,1
2023-11-22,2023-11-22 11:34:00,189.64,189.69,189.64,189.69,0.03,15.52,3031.77,1
2023-11-22,2023-11-22 11:35:00,189.69,189.73,189.69,189.73,0.02,15.52,3031.77,1
2023-11-22,2023-11-22 11:36:00,189.73,189.78,189.73,189.78,0.03,15.52,3031.77,1
2023-11-22,2023-11-22 11:37:00,189.78,189.83,189.78,189.83,0.03,15.52,3031.77,1
2023-11-22,2023-11-22 11:38:00,189.83,189.87,189.83,189.87,0.02,15.52,3031.77,1
2023-11-22,2023-11-22 11:39:00,189.87,189.92,189.87,189.92,0.03,15.52,3031.77,1
2023-11-22,2023-11-22 11:40:00,189.92,189.96,189.92,189.96,0.02,15.52,3031.77,1
2023-11-22,2023-11-22 11:41:00,189.96,190.01,189.96,190.01,0.03,15.52,3031.77,1
2023-11-22,2023-11-22 11:42:00,190.01,190.05,190.01,190.05,0.02,15.52,3031.77,1
2023-11-22,2023-11-22 11:43:00,190.05,190.1,190.05,190.1,0.03,15.52,3031.77,1
2023-11-22,2023-11-22 11:44:00,190.1,190.14,190.1,190.14,0.02,15.52,3031.77,1
2023-11-22,2023-11-22 11:45:00,190.14,190.19,190.14,190.19,0.03,15.52,3031.77,1
2023-11-22,2023-11-22 11:46:00,190.19,190.23,190.19,190.23,0.02,15.52,3031.77,1
2023-11-22,2023-11-22 11:47:00,190.23,190.28,190.23,190.28,0.03,15.52,3031.77,1
2023-11-22,2023-11-22 11:48:00,190.28,190.33,190.28,190.33,0.03,15.52,3031.77,1
2023-11-22,2023-11-22 11:49:00,190.33,190.37,190.33,190.37,0.02,15.52,3031.77,1
2023-11-22,2023-11-22 11:50:00,190.37,190.42,190.37,190.42,0.03,15.52,3031.77,1
2023-11-22,2023-11-22 11:51:00,190.42,190.46,190.42,190.46,0.02,15.52,3031.77,1
2023-11-22,2023-11-22 11:52:00,190.46,190.51,190.46,190.51,0.03,15.52,3031.77,1
2023-11-22,2023-11-22 11:53:00,190.51,190.55,190.51,190.55,0.02,15.52,3031.77,1
2023-11-22,2023-11-22 11:54:00,190.55,190.6,190.55,190.6,0.03,15.52,3031.77,1
2023-11-22,2023-11-22 11:55:00,190.6,190.64,190.6,190.64,0.02,15.52,3031.77,1
2023-11-22,2023-11-22 11:56:00,190.64,190.69,190.64,190.69,0.03,15.52,3031.77,1
2023-11-22,2023-11-22 11:57:00,190.69,190.73,190.69,190.73,0.02,15.52,3031.77,1
2023-11-22,2023-11-22 11:58:00,190.73,190.78,190.73,190.78,0.03,15.52,3031.77,1
2023-11-22,2023-11-22 11:59:00,190.78,190.82,190.78,190.82,0.02,15.52,3031.77,1
2023-11-22,2023-11-22 12:00:00,190.82,190.87,190.82,190.87,0.03,15.52,3031.77,1
2023-11-22,2023-11-22 12:01:00,190.87,190.92,190.87,190.92,0.03,15.52,3031.77,1
2023-11-22,2023-11-22 12:02:00,190.92,190.96,190.92,190.96,0.02,15.52,3031.77,1
2023-11-22,2023-11-22 12:03:00,190.96,191.01,190.96,191.01,0.03,15.52,3031.77,1
2023-11-22,2023-11-22 12:04:00,191.01,191.05,191.01,191.05,0.02,15.52,3031.77,1
2023-11-22,2023-11-22 12:05:00,191.05,191.1,191.05,191.1,0.03,15.52,3031.77,1
2023-11-22,2023-11-22 12:06:00,191.1,191.14,191.1,191.14,0.02,15.52,3031.77,1
2023-11-22,2023-11-22 12:07:00,191.14,191.19,191.14,191.19,0.03,15.52,3031.77,1
2023-11-22,2023-11-22 12:08:00,191.19,191.23,191.19,191.23,0.02,15.52,3031.77,1
2023-11-22,2023-11-22 12:09:00,191.23,191.28,191.23,191.28,0.03,15.52,3031.77,1
2023-11-22,2023-11-22 12:10:00,191.28,191.32,191.28,191.32,0.02,15.52,3031.77,1
2023-11-22,2023-11-22 12:11:00,191.32,191.37,191.32,191.37,0.03,15.52,3031.77,1
2023-11-22,2023-11-22 12:12:00,191.37,191.42,191.37,191.42,0.03,15.52,3031.77,1
2023-11-22,2023-11-22 12:13:00,191.42,191.46,191.42,191.46,0.02,15.52,3031.77,1
2023-11-22,2023-11-22 12:14:00,191.46,191.51,191.46,191.51,0.03,15.52,3031.77,1
2023-11-22,2023-11-22 12:15:00,191.51,191.55,191.51,191.55,0.02,15.52,3031.77,1
2023-11-22,2023-11-22 12:16:00,191.55,191.6,191.55,191.6,0.03,15.52,3031.77,1
2023-11-22,2023-11-22 12:17:00,191.6,191.64,191.6,191.64,0.02,15.52,3031.77,1
2023-11-22,2023-11-22 12:18:00,191.64,191.69,191.64,191.69,0.03,15.52,3031.77,1
2023-11-22,2023-11-22 12:19:00,191.69,191.73,191.69,191.73,0.02,15.52,3031.77,1
2023-11-22,2023-11-22 12:20:00,191.73,191.78,191.73,191.78,0.03,15.52,3031.77,1
2023-11-22,2023-11-22 12:21:00,191.78,191.82,191.78,191.82,0.02,15.52,3031.77,1
2023-11-22,2023-11-22 12:22:00,191.82,191.87,191.82,191.87,0.03,15.52,3031.77,1
2023-11-22,2023-11-22 12:23:00,191.87,191.91,191.87,191.91,0.02,15.52,3031.77,1
2023-11-22,2023-11-22 12:24:00,191.91,191.96,191.91,191.96,0.03,15.52,3031.77,1
2023-11-22,2023-11-22 12:25:00,191.96,192.01,191.96,192.01,0.03,15.52,3031.77,1
2023-11-22,2023-11-22 12:26:00,192.01,192.05,192.01,192.05,0.02,15.52,3031.77,1
2023-11-22,2023-11-22 12:27:00,192.05,192.1,192.05,192.1,0.03,15.52,3031.77,1
2023-11-22,2023-11-22 12:28:00,192.1,192.14,192.1,192.14,0.02,15.52,3031.77,1
2023-11-22,2023-11-22 12:29:00,192.14,192.19,192.14,192.19,0.03,15.52,3031.77,1
2023-11-22,2023-11-22 12:30:00,192.19,192.23,192.19,192.23,0.02,15.52,3031.77,1
2023-11-22,2023-11-22 12:31:00,192.23,192.28,192.23,192.28,0.03,15.52,3031.77,1
2023-11-22,2023-11-22 12:32:00,192.28,192.32,192.28,192.32,0.02,15.52,3031.77,1
2023-11-22,2023-11-22 12:33:00,192.32,192.37,192.32,192.37,0.03,15.52,3031.77,1
2023-11-22,2023-11-22 12:34:00,192.37,192.41,192.37,192.41,0.02,15.52,3031.77,1
2023-11-22,2023-11-22 12:35:00,192.41,192.46,192.41,192.46,0.03,15.52,3031.77,1
2023-11-22,2023-11-22 12:36:00,192.46,192.51,192.46,192.51,0.03,15.52,3031.77,1
2023-11-22,2023-11-22 12:37:00,192.51,192.55,192.51,192.55,0.02,15.52,3031.77,1
2023-11-22,2023-11-22 12:38:00,192.55,192.6,192.55,192.6,0.03,15.52,3031.77,1
2023-11-22,2023-11-22 12:39:00,192.6,192.64,192.6,192.64,0.02,15.52,3031.77,1
2023-11-22,2023-11-22 12:40:00,192.64,192.69,192.64,192.69,0.03,15.52,3031.77,1
2023-11-22,2023-11-22 12:41:00,192.69,192.73,192.69,192.73,0.02,15.52,3031.77,1
2023-11-22,2023-11-22 12:42:00,192.73,192.78,192.73,192.78,0.03,15.52,3031.77,1
2023-11-22,2023-11-22 12:43:00,192.78,192.82,192.78,192.82,0.02,15.52,3031.77,1
2023-11-22,2023-11-22 12:44:00,192.82,192.87,192.82,192.87,0.03,15.52,3031.77,1
2023-11-22,2023-11-22 12:45:00,192.87,192.91,192.87,192.91,0.02,15.52,3031.77,1
2023-11-22,2023-11-22 12:46:00,192.91,192.96,192.91,192.96,0.03,15.52,3031.77,1
2023-11-22,2023-11-22 12:47:00,192.96,193.0,192.96,193.0,0.02,15.52,3031.77,1
2023-11-22,2023-11-22 12:48:00,193.0,193.05,193.0,193.05,0.03,15.52,3031.77,1
2023-11-22,2023-11-22 12:49:00,193.05,193.1,193.05,193.1,0.03,15.52,3031.77,1
2023-11-22,2023-11-22 12:50:00,193.1,193.14,193.1,193.14,0.02,15.52,3031.77,1
2023-11-22,2023-11-22 12:51:00,193.14,193.19,193.14,193.19,0.03,15.52,3031.77,1
2023-11-22,2023-11-22 12:52:00,193.19,193.23,193.19,193.23,0.02,15.52,3031.77,1
2023-11-22,2023-11-22 12:53:00,193.23,193.28,193.23,193.28,0.03,15.52,3031.77,1
2023-11-22,2023-11-22 12:54:00,193.28,193.32,193.28,193.32,0.02,15.52,3031.77,1
2023-11-22,2023-11-22 12:55:00,193.32,193.37,193.32,193.37,0.03,15.52,3031.77,1
2023-11-22,2023-11-22 12:56:00,193.37,193.41,193.37,193.41,0.02,15.52,3031.77,1
2023-11-22,2023-11-22 12:57:00,193.41,193.46,193.41,193.46,0.03,15.52,3031.77,1
2023-11-22,2023-11-22 12:58:00,193.46,193.5,193.46,193.5,0.02,15.52,3031.77,1
2023-11-22,2023-11-22 12:59:00,193.5,193.55,193.5,193.55,0.03,15.52,3031.77,1
2023-11-22,2023-11-22 13:00:00,193.55,199.9,185.0,193.6,0.03,15.52,3031.77,1
2023-11-22,2023-11-22 13:01:00,193.6,193.64,193.6,193.64,0.02,15.52,3031.77,1
2023-11-22,2023-11-22 13:02:00,193.64,193.69,193.64,193.69,0.03,15.52,3031.77,1
2023-11-22,2023-11-22 13:03:00,193.69,193.73,193.69,193.73,0.02,15.52,3031.77,1
2023-11-22,2023-11-22 13:04:00,193.73,193.78,193.73,193.78,0.03,15.52,3031.77,1
2023-11-22,2023-11-22 13:05:00,193.78,193.82,193.78,193.82,0.02,15.52,3031.77,1
2023-11-22,2023-11-22 13:06:00,193.82,193.87,193.82,193.87,0.03,15.52,3031.77,1
2023-11-22,2023-11-22 13:07:00,193.87,193.91,193.87,193.91,0.02,15.52,3031.77,1
2023-11-22,2023-11-22 13:08:00,193.91,193.96,193.91,193.96,0.03,15.52,3031.77,1
2023-11-22,2023-11-22 13:09:00,193.96,194.0,193.96,194.0,0.02,15.52,3031.77,1
2023-11-22,2023-11-22 13:10:00,194.0,194.05,194.0,194.05,0.03,15.52,3031.77,1
2023-11-22,2023-11-22 13:11:00,194.05,194.09,194.05,194.09,0.02,15.52,3031.77,1
2023-11-22,2023-11-22 13:12:00,194.09,194.14,194.09,194.14,0.03,15.52,3031.77,1
2023-11-22,2023-11-22 13:13:00,194.14,194.19,194.14,194.19,0.03,15.52,3031.77,1
2023-11-22,2023-11-22 13:14:00,194.19,194.23,194.19,194.23,0.02,15.52,3031.77,1
2023-11-22,2023-11-22 13:15:00,194.23,194.28,194.23,194.28,0.03,15.52,3031.77,1
2023-11-22,2023-11-22 13:16:00,194.28,194.32,194.28,194.32,0.02,15.52,3031.77,1
2023-11-22,2023-11-22 13:17:00,194.32,194.37,194.32,194.37,0.03,15.52,3031.77,1
2023-11-22,2023-11-22 13:18:00,194.37,194.41,194.37,194.41,0.02,15.52,3031.77,1
2023-11-22,2023-11-22 13:19:00,194.41,194.46,194.41,194.46,0.03,15.52,3031.77,1
2023-11-22,2023-11-22 13:20:00,194.46,194.5,194.46,194.5,0.02,15.52,3031.77,1
2023-11-22,2023-11-22 13:21:00,194.5,194.55,194.5,194.55,0.03,15.52,3031.77,1
2023-11-22,2023-11-22 13:22:00,194.55,194.59,194.55,194.59,0.02,15.52,3031.77,1
2023-11-22,2023-11-22 13:23:00,194.59,194.64,194.59,194.64,0.03,15.52,3031.77,1
2023-11-22,2023-11-22 13:24:00,194.64,194.69,194.64,194.69,0.03,15.52,3031.77,1
2023-11-22,2023-11-22 13:25:00,194.69,194.73,194.69,194.73,0.02,15.52,3031.77,1
2023-11-22,2023-11-22 13:26:00,194.73,194.78,194.73,194.78,0.03,15.52,3031.77,1
2023-11-22,2023-11-22 13:27:00,194.78,194.82,194.78,194.82,0.02,15.52,3031.77,1
2023-11-22,2023-11-22 13:28:00,194.82,194.87,194.82,194.87,0.03,15.52,3031.77,1
2023-11-22,2023-11-22 13:29:00,194.87,194.91,194.87,194.91,0.02,15.52,3031.77,1
2023-11-22,2023-11-22 13:30:00,194.91,194.96,194.91,194.96,0.03,15.52,3031.77,1
2023-11-22,2023-11-22 13:31:00,194.96,195.0,194.96,195.0,0.02,15.52,3031.77,1
2023-11-22,2023-11-22 13:32:00,195.0,195.05,195.0,195.05,0.03,15.52,3031.77,1
2023-11-22,2023-11-22 13:33:00,195.05,195.09,195.05,195.09,0.02,15.52,3031.77,1
2023-11-22,2023-11-22 13:34:00,195.09,195.14,195.09,195.14,0.03,15.52,3031.77,1
2023-11-22,2023-11-22 13:35:00,195.14,195.19,195.14,195.19,0.03,15.52,3031.77,1
2023-11-22,2023-11-22 13:36:00,195.19,195.23,195.19,195.23,0.02,15.52,3031.77,1
2023-11-22,2023-11-22 13:37:00,195.23,195.28,195.23,195.28,0.03,15.52,3031.77,1
2023-11-22,2023-11-22 13:38:00,195.28,195.32,195.28,195.32,0.02,15.52,3031.77,1
2023-11-22,2023-11-22 13:39:00,195.32,195.37,195.32,195.37,0.03,15.52,3031.77,1
2023-11-22,2023-11-22 13:40:00,195.37,195.41,195.37,195.41,0.02,15.52,3031.77,1
2023-11-22,2023-11-22 13:41:00,195.41,195.46,195.41,195.46,0.03,15.52,3031.77,1
2023-11-22,2023-11-22 13:42:00,195.46,195.5,195.46,195.5,0.02,15.52,3031.77,1
2023-11-22,2023-11-22 13:43:00,195.5,195.55,195.5,195.55,0.03,15.52,3031.77,1
2023-11-22,2023-11-22 13:44:00,195.55,195.59,195.55,195.59,0.02,15.52,3031.77,1
2023-11-22,2023-11-22 13:45:00,195.59,195.64,195.59,195.64,0.03,15.52,3031.77,1
2023-11-22,2023-11-22 13:46:00,195.64,195.68,195.64,195.68,0.02,15.52,3031.77,1
2023-11-22,2023-11-22 13:47:00,195.68,195.73,195.68,195.73,0.03,15.52,3031.77,1
2023-11-22,2023-11-22 13:48:00,195.73,195.78,195.73,195.78,0.03,15.52,3031.77,1
2023-11-22,2023-11-22 13:49:00,195.78,195.82,195.78,195.82,0.02,15.52,3031.77,1
2023-11-22,2023-11-22 13:50:00,195.82,195.87,195.82,195.87,0.03,15.52,3031.77,1
2023-11-22,2023-11-22 13:51:00,195.87,195.91,195.87,195.91,0.02,15.52,3031.77,1
2023-11-22,2023-11-22 13:52:00,195.91,195.96,195.91,195.96,0.03,15.52,3031.77,1
2023-11-22,2023-11-22 13:53:00,195.96,196.0,195.96,196.0,0.02,15.52,3031.77,1
2023-11-22,2023-11-22 13:54:00,196.0,196.05,196.0,196.05,0.03,15.52,3031.77,1
2023-11-22,2023-11-22 13:55:00,196.05,196.09,196.05,196.09,0.02,15.52,3031.77,1
2023-11-22,2023-11-22 13:56:00,196.09,196.14,196.09,196.14,0.03,15.52,3031.77,1
2023-11-22,2023-11-22 13:57:00,196.14,196.18,196.14,196.18,0.02,15.52,3031.77,1
2023-11-22,2023-11-22 13:58:00,196.18,196.23,196.18,196.23,0.03,15.52,3031.77,1
2023-11-22,2023-11-22 13:59:00,196.23,196.28,196.23,196.28,0.03,15.52,3031.77,1
2023-11-22,2023-11-22 14:00:00,196.28,196.32,196.28,196.32,0.02,15.52,3031.77,1
2023-11-22,2023-11-22 14:01:00,196.32,196.37,196.32,196.37,0.03,15.52,3031.77,1
2023-11-22,2023-11-22 14:02:00,196.37,196.41,196.37,196.41,0.02,15.52,3031.77,1
2023-11-22,2023-11-22 14:03:00,196.41,196.46,196.41,196.46,0.03,15.52,3031.77,1
2023-11-22,2023-11-22 14:04:00,196.46,196.5,196.46,196.5,0.02,15.52,3031.77,1
2023-11-22,2023-11-22 14:05:00,196.5,196.55,196.5,196.55,0.03,15.52,3031.77,1
2023-11-22,2023-11-22 14:06:00,196.55,196.59,196.55,196.59,0.02,15.52,3031.77,1
2023-11-22,2023-11-22 14:07:00,196.59,196.64,196.59,196.64,0.03,15.52,3031.77,1
2023-11-22,2023-11-22 14:08:00,196.64,196.68,196.64,196.68,0.02,15.52,3031.77,1
2023-11-22,2023-11-22 14:09:00,196.68,196.73,196.68,196.73,0.03,15.52,3031.77,1
2023-11-22,2023-11-22 14:10:00,196.73,196.77,196.73,196.77,0.02,15.52,3031.77,1
2023-11-22,2023-11-22 14:11:00,196.77,196.82,196.77,196.82,0.03,15.52,3031.77,1
2023-11-22,2023-11-22 14:12:00,196.82,196.87,196.82,196.87,0.03,15.52,3031.77,1
2023-11-22,2023-11-22 14:13:00,196.87,196.91,196.87,196.91,0.02,15.52,3031.77,1
2023-11-22,2023-11-22 14:14:00,196.91,196.96,196.91,196.96,0.03,15.52,3031.77,1
2023-11-22,2023-11-22 14:15:00,196.96,197.0,196.96,197.0,0.02,15.52,3031.77,1
2023-11-22,2023-11-22 14:16:00,197.0,197.05,197.0,197.05,0.03,15.52,3031.77,1
2023-11-22,2023-11-22 14:17:00,197.05,197.09,197.05,197.09,0.02,15.52,3031.77,1
2023-11-22,2023-11-22 14:18:00,197.09,197.14,197.09,197.14,0.03,15.52,3031.77,1
2023-11-22,2023-11-22 14:19:00,197.14,197.18,197.14,197.18,0.02,15.52,3031.77,1
2023-11-22,2023-11-22 14:20:00,197.18,197.23,197.18,197.23,0.03,15.52,3031.77,1
2023-11-22,2023-11-22 14:21:00,197.23,197.27,197.23,197.27,0.02,15.52,3031.77,1
2023-11-22,2023-11-22 14:22:00,197.27,197.32,197.27,197.32,0.03,15.52,3031.77,1
2023-11-22,2023-11-22 14:23:00,197.32,197.37,197.32,197.37,0.03,15.52,3031.77,1
2023-11-22,2023-11-22 14:24:00,197.37,197.41,197.37,197.41,0.02,15.52,3031.77,1
2023-11-22,2023-11-22 14:25:00,197.41,197.46,197.41,197.46,0.03,15.52,3031.77,1
2023-11-22,2023-11-22 14:26:00,197.46,197.5,197.46,197.5,0.02,15.52,3031.77,1
2023-11-22,2023-11-22 14:27:00,197.5,197.55,197.5,197.55,0.03,15.52,3031.77,1
2023-11-22,2023-11-22 14:28:00,197.55,197.59,197.55,197.59,0.02,15.52,3031.77,1
2023-11-22,2023-11-22 14:29:00,197.59,197.64,197.59,197.64,0.03,15.52,3031.77,1
2023-11-22,2023-11-22 14:30:00,197.64,197.68,197.64,197.68,0.02,15.52,3031.77,1
2023-11-22,2023-11-22 14:31:00,197.68,197.73,197.68,197.73,0.03,15.52,3031.77,1
2023-11-22,2023-11-22 14:32:00,197.73,197.77,197.73,197.77,0.02,15.52,3031.77,1
2023-11-22,2023-11-22 14:33:00,197.77,197.82,197.77,197.82,0.03,15.52,3031.77,1
2023-11-22,2023-11-22 14:34:00,197.82,197.86,197.82,197.86,0.02,15.52,3031.77,1
2023-11-22,2023-11-22 14:35:00,197.86,197.91,197.86,197.91,0.03,15.52,3031.77,1
2023-11-22,2023-11-22 14:36:00,197.91,197.96,197.91,197.96,0.03,15.52,3031.77,1
2023-11-22,2023-11-22 14:37:00,197.96,198.0,197.96,198.0,0.02,15.52,3031.77,1
2023-11-22,2023-11-22 14:38:00,198.0,198.05,198.0,198.05,0.03,15.52,3031.77,1
2023-11-22,2023-11-22 14:39:00,198.05,198.09,198.05,198.09,0.02,15.52,3031.77,1
2023-11-22,2023-11-22 14:40:00,198.09,198.14,198.09,198.14,0.03,15.52,3031.77,1
2023-11-22,2023-11-22 14:41:00,198.14,198.18,198.14,198.18,0.02,15.52,3031.77,1
2023-11-22,2023-11-22 14:42:00,198.18,198.23,198.18,198.23,0.03,15.52,3031.77,1
2023-11-22,2023-11-22 14:43:00,198.23,198.27,198.23,198.27,0.02,15.52,3031.77,1
2023-11-22,2023-11-22 14:44:00,198.27,198.32,198.27,198.32,0.03,15.52,3031.77,1
2023-11-22,2023-11-22 14:45:00,198.32,198.36,198.32,198.36,0.02,15.52,3031.77,1
2023-11-22,2023-11-22 14:46:00,198.36,198.41,198.36,198.41,0.03,15.52,3031.77,1
2023-11-22,2023-11-22 14:47:00,198.41,198.46,198.41,198.46,0.03,15.52,3031.77,1
2023-11-22,2023-11-22 14:48:00,198.46,198.5,198.46,198.5,0.02,15.52,3031.77,1
2023-11-22,2023-11-22 14:49:00,198.5,198.55,198.5,198.55,0.03,15.52,3031.77,1
2023-11-22,2023-11-22 14:50:00,198.55,198.59,198.55,198.59,0.02,15.52,3031.77,1
2023-11-22,2023-11-22 14:51:00,198.59,198.64,198.59,198.64,0.03,15.52,3031.77,1
2023-11-22,2023-11-22 14:52:00,198.64,198.68,198.64,198.68,0.02,15.52,3031.77,1
2023-11-22,2023-11-22 14:53:00,198.68,198.73,198.68,198.73,0.03,15.52,3031.77,1
2023-11-22,2023-11-22 14:54:00,198.73,198.77,198.73,198.77,0.02,15.52,3031.77,1
2023-11-22,2023-11-22 14:55:00,198.77,198.82,198.77,198.82,0.03,15.52,3031.77,1
2023-11-22,2023-11-22 14:56:00,198.82,198.86,198.82,198.86,0.02,15.52,3031.77,1
2023-11-22,2023-11-22 14:57:00,198.86,198.91,198.86,198.91,0.03,15.52,3031.77,1
2023-11-22,2023-11-22 14:58:00,198.91,198.95,198.91,198.95,0.02,15.52,3031.77,1
2023-11-22,2023-11-22 14:59:00,198.95,199.0,198.95,199.0,0.03,15.52,3031.77,1
2023-11-22,2023-11-22 15:00:00,199.0,199.9,185.0,199.0,0.0,15.52,3031.77,0
2023-11-23,2023-11-23 11:00:00,195.1,198.94,193.63,195.15,0.03,10.09,2018.97,1
2023-11-23,2023-11-23 11:01:00,195.15,195.21,195.15,195.21,0.03,10.09,2018.97,1
2023-11-23,2023-11-23 11:02:00,195.21,195.26,195.21,195.26,0.03,10.09,2018.97,1
2023-11-23,2023-11-23 11:03:00,195.26,195.31,195.26,195.31,0.03,10.09,2018.97,1
2023-11-23,2023-11-23 11:04:00,195.31,195.37,195.31,195.37,0.03,10.09,2018.97,1
2023-11-23,2023-11-23 11:05:00,195.37,195.42,195.37,195.42,0.03,10.09,2018.97,1
2023-11-23,2023-11-23 11:06:00,195.42,195.47,195.42,195.47,0.03,10.09,2018.97,1
2023-11-23,2023-11-23 11:07:00,195.47,195.53,195.47,195.53,0.03,10.09,2018.97,1
2023-11-23,2023-11-23 11:08:00,195.53,195.58,195.53,195.58,0.03,10.09,2018.97,1
2023-11-23,2023-11-23 11:09:00,195.58,195.63,195.58,195.63,0.03,10.09,2018.97,1
2023-11-23,2023-11-23 11:10:00,195.63,195.69,195.63,195.69,0.03,10.09,2018.97,1
2023-11-23,2023-11-23 11:11:00,195.69,195.74,195.69,195.74,0.03,10.09,2018.97,1
2023-11-23,2023-11-23 11:12:00,195.74,195.79,195.74,195.79,0.03,10.09,2018.97,1
2023-11-23,2023-11-23 11:13:00,195.79,195.85,195.79,195.85,0.03,10.09,2018.97,1
2023-11-23,2023-11-23 11:14:00,195.85,195.9,195.85,195.9,0.03,10.09,2018.97,1
2023-11-23,2023-11-23 11:15:00,195.9,195.95,195.9,195.95,0.03,10.09,2018.97,1
2023-11-23,2023-11-23 11:16:00,195.95,196.01,195.95,196.01,0.03,10.09,2018.97,1
2023-11-23,2023-11-23 11:17:00,196.01,196.06,196.01,196.06,0.03,10.09,2018.97,1
2023-11-23,2023-11-23 11:18:00,196.06,196.11,196.06,196.11,0.03,10.09,2018.97,1
2023-11-23,2023-11-23 11:19:00,196.11,196.17,196.11,196.17,0.03,10.09,2018.97,1
2023-11-23,2023-11-23 11:20:00,196.17,196.22,196.17,196.22,0.03,10.09,2018.97,1
2023-11-23,2023-11-23 11:21:00,196.22,196.27,196.22,196.27,0.03,10.09,2018.97,1
2023-11-23,2023-11-23 11:22:00,196.27,196.33,196.27,196.33,0.03,10.09,2018.97,1
2023-11-23,2023-11-23 11:23:00,196.33,196.38,196.33,196.38,0.03,10.09,2018.97,1
2023-11-23,2023-11-23 11:24:00,196.38,196.43,196.38,196.43,0.03,10.09,2018.97,1
2023-11-23,2023-11-23 11:25:00,196.43,196.49,196.43,196.49,0.03,10.09,2018.97,1
2023-11-23,2023-11-23 11:26:00,196.49,196.54,196.49,196.54,0.03,10.09,2018.97,1
2023-11-23,2023-11-23 11:27:00,196.54,196.59,196.54,196.59,0.03,10.09,2018.97,1
2023-11-23,2023-11-23 11:28:00,196.59,196.65,196.59,196.65,0.03,10.09,2018.97,1
2023-11-23,2023-11-23 11:29:00,196.65,196.7,196.65,196.7,0.03,10.09,2018.97,1
2023-11-23,2023-11-23 11:30:00,196.7,196.75,196.7,196.75,0.03,10.09,2018.97,1
2023-11-23,2023-11-23 11:31:00,196.75,196.81,196.75,196.81,0.03,10.09,2018.97,1
2023-11-23,2023-11-23 11:32:00,196.81,196.86,196.81,196.86,0.03,10.09,2018.97,1
2023-11-23,2023-11-23 11:33:00,196.86,196.91,196.86,196.91,0.03,10.09,2018.97,1
2023-11-23,2023-11-23 11:34:00,196.91,196.97,196.91,196.97,0.03,10.09,2018.97,1
2023-11-23,2023-11-23 11:35:00,196.97,197.02,196.97,197.02,0.03,10.09,2018.97,1
2023-11-23,2023-11-23 11:36:00,197.02,197.07,197.02,197.07,0.03,10.09,2018.97,1
2023-11-23,2023-11-23 11:37:00,197.07,197.13,197.07,197.13,0.03,10.09,2018.97,1
2023-11-23,2023-11-23 11:38:00,197.13,197.18,197.13,197.18,0.03,10.09,2018.97,1
2023-11-23,2023-11-23 11:39:00,197.18,197.23,197.18,197.23,0.03,10.09,2018.97,1
2023-11-23,2023-11-23 11:40:00,197.23,197.29,197.23,197.29,0.03,10.09,2018.97,1
2023-11-23,2023-11-23 11:41:00,197.29,197.34,197.29,197.34,0.03,10.09,2018.97,1
2023-11-23,2023-11-23 11:42:00,197.34,197.39,197.34,197.39,0.03,10.09,2018.97,1
2023-11-23,2023-11-23 11:43:00,197.39,197.45,197.39,197.45,0.03,10.09,2018.97,1
2023-11-23,2023-11-23 11:44:00,197.45,197.5,197.45,197.5,0.03,10.09,2018.97,1
2023-11-23,2023-11-23 11:45:00,197.5,197.55,197.5,197.55,0.03,10.09,2018.97,1
2023-11-23,2023-11-23 11:46:00,197.55,197.61,197.55,197.61,0.03,10.09,2018.97,1
2023-11-23,2023-11-23 11:47:00,197.61,197.66,197.61,197.66,0.03,10.09,2018.97,1
2023-11-23,2023-11-23 11:48:00,197.66,197.71,197.66,197.71,0.03,10.09,2018.97,1
2023-11-23,2023-11-23 11:49:00,197.71,197.77,197.71,197.77,0.03,10.09,2018.97,1
2023-11-23,2023-11-23 11:50:00,197.77,197.82,197.77,197.82,0.03,10.09,2018.97,1
2023-11-23,2023-11-23 11:51:00,197.82,197.87,197.82,197.87,0.03,10.09,2018.97,1
2023-11-23,2023-11-23 11:52:00,197.87,197.93,197.87,197.93,0.03,10.09,2018.97,1
2023-11-23,2023-11-23 11:53:00,197.93,197.98,197.93,197.98,0.03,10.09,2018.97,1
2023-11-23,2023-11-23 11:54:00,197.98,198.03,197.98,198.03,0.03,10.09,2018.97,1
2023-11-23,2023-11-23 11:55:00,198.03,198.09,198.03,198.09,0.03,10.09,2018.97,1
2023-11-23,2023-11-23 11:56:00,198.09,198.14,198.09,198.14,0.03,10.09,2018.97,1
2023-11-23,2023-11-23 11:57:00,198.14,198.19,198.14,198.19,0.03,10.09,2018.97,1
2023-11-23,2023-11-23 11:58:00,198.19,198.25,198.19,198.25,0.03,10.09,2018.97,1
2023-11-23,2023-11-23 11:59:00,198.25,198.3,198.25,198.3,0.03,10.09,2018.97,1
2023-11-23,2023-11-23 12:00:00,198.3,198.35,198.3,198.35,0.03,10.09,2018.97,1
2023-11-23,2023-11-23 12:01:00,198.35,198.41,198.35,198.41,0.03,10.09,2018.97,1
2023-11-23,2023-11-23 12:02:00,198.41,198.46,198.41,198.46,0.03,10.09,2018.97,1
2023-11-23,2023-11-23 12:03:00,198.46,198.51,198.46,198.51,0.03,10.09,2018.97,1
2023-11-23,2023-11-23 12:04:00,198.51,198.57,198.51,198.57,0.03,10.09,2018.97,1
2023-11-23,2023-11-23 12:05:00,198.57,198.62,198.57,198.62,0.03,10.09,2018.97,1
2023-11-23,2023-11-23 12:06:00,198.62,198.67,198.62,198.67,0.03,10.09,2018.97,1
2023-11-23,2023-11-23 12:07:00,198.67,198.73,198.67,198.73,0.03,10.09,2018.97,1
2023-11-23,2023-11-23 12:08:00,198.73,198.78,198.73,198.78,0.03,10.09,2018.97,1
2023-11-23,2023-11-23 12:09:00,198.78,198.83,198.78,198.83,0.03,10.09,2018.97,1
2023-11-23,2023-11-23 12:10:00,198.83,198.89,198.83,198.89,0.03,10.09,2018.97,1
2023-11-23,2023-11-23 12:11:00,198.89,198.94,198.89,198.94,0.03,10.09,2018.97,1
2023-11-23,2023-11-23 12:12:00,198.94,198.99,198.94,198.99,0.03,10.09,2018.97,1
2023-11-23,2023-11-23 12:13:00,198.99,199.05,198.99,199.05,0.03,10.09,2018.97,1
2023-11-23,2023-11-23 12:14:00,199.05,199.1,199.05,199.1,0.03,10.09,2018.97,1
2023-11-23,2023-11-23 12:15:00,199.1,199.15,199.1,199.15,0.03,10.09,2018.97,1
2023-11-23,2023-11-23 12:16:00,199.15,199.21,199.15,199.21,0.03,10.09,2018.97,1
2023-11-23,2023-11-23 12:17:00,199.21,199.26,199.21,199.26,0.03,10.09,2018.97,1
2023-11-23,2023-11-23 12:18:00,199.26,199.31,199.26,199.31,0.03,10.09,2018.97,1
2023-11-23,2023-11-23 12:19:00,199.31,199.37,199.31,199.37,0.03,10.09,2018.97,1
2023-11-23,2023-11-23 12:20:00,199.37,199.42,199.37,199.42,0.03,10.09,2018.97,1
2023-11-23,2023-11-23 12:21:00,199.42,199.47,199.42,199.47,0.03,10.09,2018.97,1
2023-11-23,2023-11-23 12:22:00,199.47,199.53,199.47,199.53,0.03,10.09,2018.97,1
2023-11-23,2023-11-23 12:23:00,199.53,199.58,199.53,199.58,0.03,10.09,2018.97,1
2023-11-23,2023-11-23 12:24:00,199.58,199.63,199.58,199.63,0.03,10.09,2018.97,1
2023-11-23,2023-11-23 12:25:00,199.63,199.69,199.63,199.69,0.03,10.09,2018.97,1
2023-11-23,2023-11-23 12:26:00,199.69,199.74,199.69,199.74,0.03,10.09,2018.97,1
2023-11-23,2023-11-23 12:27:00,199.74,199.79,199.74,199.79,0.03,10.09,2018.97,1
2023-11-23,2023-11-23 12:28:00,199.79,199.85,199.79,199.85,0.03,10.09,2018.97,1
2023-11-23,2023-11-23 12:29:00,199.85,199.9,199.85,199.9,0.03,10.09,2018.97,1
2023-11-23,2023-11-23 12:30:00,199.9,199.95,199.9,199.95,0.03,10.09,2018.97,1
2023-11-23,2023-11-23 12:31:00,199.95,200.01,199.95,200.01,0.03,10.09,2018.97,1
2023-11-23,2023-11-23 12:32:00,200.01,200.06,200.01,200.06,0.02,10.09,2018.97,1
2023-11-23,2023-11-23 12:33:00,200.06,200.11,200.06,200.11,0.02,10.09,2018.97,1
2023-11-23,2023-11-23 12:34:00,200.11,200.17,200.11,200.17,0.03,10.09,2018.97,1
2023-11-23,2023-11-23 12:35:00,200.17,200.22,200.17,200.22,0.02,10.09,2018.97,1
2023-11-23,2023-11-23 12:36:00,200.22,200.27,200.22,200.27,0.02,10.09,2018.97,1
2023-11-23,2023-11-23 12:37:00,200.27,200.33,200.27,200.33,0.03,10.09,2018.97,1
2023-11-23,2023-11-23 12:38:00,200.33,200.38,200.33,200.38,0.02,10.09,2018.97,1
2023-11-23,2023-11-23 12:39:00,200.38,200.43,200.38,200.43,0.02,10.09,2018.97,1
2023-11-23,2023-11-23 12:40:00,200.43,200.49,200.43,200.49,0.03,10.09,2018.97,1
2023-11-23,2023-11-23 12:41:00,200.49,200.54,200.49,200.54,0.02,10.09,2018.97,1
2023-11-23,2023-11-23 12:42:00,200.54,200.59,200.54,200.59,0.02,10.09,2018.97,1
2023-11-23,2023-11-23 12:43:00,200.59,200.65,200.59,200.65,0.03,10.09,2018.97,1
2023-11-23,2023-11-23 12:44:00,200.65,200.7,200.65,200.7,0.02,10.09,2018.97,1
2023-11-23,2023-11-23 12:45:00,200.7,200.75,200.7,200.75,0.02,10.09,2018.97,1
2023-11-23,2023-11-23 12:46:00,200.75,200.81,200.75,200.81,0.03,10.09,2018.97,1
2023-11-23,2023-11-23 12:47:00,200.81,200.86,200.81,200.86,0.02,10.09,2018.97,1
2023-11-23,2023-11-23 12:48:00,200.86,200.91,200.86,200.91,0.02,10.09,2018.97,1
2023-11-23,2023-11-23 12:49:00,200.91,200.97,200.91,200.97,0.03,10.09,2018.97,1
2023-11-23,2023-11-23 12:50:00,200.97,201.02,200.97,201.02,0.02,10.09,2018.97,1
2023-11-23,2023-11-23 12:51:00,201.02,201.07,201.02,201.07,0.02,10.09,2018.97,1
2023-11-23,2023-11-23 12:52:00,201.07,201.13,201.07,201.13,0.03,10.09,2018.97,1
2023-11-23,2023-11-23 12:53:00,201.13,201.18,201.13,201.18,0.02,10.09,2018.97,1
2023-11-23,2023-11-23 12:54:00,201.18,201.23,201.18,201.23,0.02,10.09,2018.97,1
2023-11-23,2023-11-23 12:55:00,201.23,201.29,201.23,201.29,0.03,10.09,2018.97,1
2023-11-23,2023-11-23 12:56:00,201.29,201.34,201.29,201.34,0.02,10.09,2018.97,1
2023-11-23,2023-11-23 12:57:00,201.34,201.39,201.34,201.39,0.02,10.09,2018.97,1
2023-11-23,2023-11-23 12:58:00,201.39,201.45,201.39,201.45,0.03,10.09,2018.97,1
2023-11-23,2023-11-23 12:59:00,201.45,201.5,201.45,201.5,0.02,10.09,2018.97,1
2023-11-23,2023-11-23 13:00:00,201.5,207.9,190.2,201.55,0.02,10.09,2018.97,1
2023-11-23,2023-11-23 13:01:00,201.55,201.61,201.55,201.61,0.03,10.09,2018.97,1
2023-11-23,2023-11-23 13:02:00,201.61,201.66,201.61,201.66,0.02,10.09,2018.97,1
2023-11-23,2023-11-23 13:03:00,201.66,201.71,201.66,201.71,0.02,10.09,2018.97,1
2023-11-23,2023-11-23 13:04:00,201.71,201.77,201.71,201.77,0.03,10.09,2018.97,1
2023-11-23,2023-11-23 13:05:00,201.77,201.82,201.77,201.82,0.02,10.09,2018.97,1
2023-11-23,2023-11-23 13:06:00,201.82,201.87,201.82,201.87,0.02,10.09,2018.97,1
2023-11-23,2023-11-23 13:07:00,201.87,201.93,201.87,201.93,0.03,10.09,2018.97,1
2023-11-23,2023-11-23 13:08:00,201.93,201.98,201.93,201.98,0.02,10.09,2018.97,1
2023-11-23,2023-11-23 13:09:00,201.98,202.03,201.98,202.03,0.02,10.09,2018.97,1
2023-11-23,2023-11-23 13:10:00,202.03,202.09,202.03,202.09,0.03,10.09,2018.97,1
2023-11-23,2023-11-23 13:11:00,202.09,202.14,202.09,202.14,0.02,10.09,2018.97,1
2023-11-23,2023-11-23 13:12:00,202.14,202.19,202.14,202.19,0.02,10.09,2018.97,1
2023-11-23,2023-11-23 13:13:00,202.19,202.25,202.19,202.25,0.03,10.09,2018.97,1
2023-11-23,2023-11-23 13:14:00,202.25,202.3,202.25,202.3,0.02,10.09,2018.97,1
2023-11-23,2023-11-23 13:15:00,202.3,202.35,202.3,202.35,0.02,10.09,2018.97,1
2023-11-23,2023-11-23 13:16:00,202.35,202.41,202.35,202.41,0.03,10.09,2018.97,1
2023-11-23,2023-11-23 13:17:00,202.41,202.46,202.41,202.46,0.02,10.09,2018.97,1
2023-11-23,2023-11-23 13:18:00,202.46,202.51,202.46,202.51,0.02,10.09,2018.97,1
2023-11-23,2023-11-23 13:19:00,202.51,202.57,202.51,202.57,0.03,10.09,2018.97,1
2023-11-23,2023-11-23 13:20:00,202.57,202.62,202.57,202.62,0.02,10.09,2018.97,1
2023-11-23,2023-11-23 13:21:00,202.62,202.67,202.62,202.67,0.02,10.09,2018.97,1
2023-11-23,2023-11-23 13:22:00,202.67,202.73,202.67,202.73,0.03,10.09,2018.97,1
2023-11-23,2023-11-23 13:23:00,202.73,202.78,202.73,202.78,0.02,10.09,2018.97,1
2023-11-23,2023-11-23 13:24:00,202.78,202.83,202.78,202.83,0.02,10.09,2018.97,1
2023-11-23,2023-11-23 13:25:00,202.83,202.89,202.83,202.89,0.03,10.09,2018.97,1
2023-11-23,2023-11-23 13:26:00,202.89,202.94,202.89,202.94,0.02,10.09,2018.97,1
2023-11-23,2023-11-23 13:27:00,202.94,202.99,202.94,202.99,0.02,10.09,2018.97,1
2023-11-23,2023-11-23 13:28:00,202.99,203.05,202.99,203.05,0.03,10.09,2018.97,1
2023-11-23,2023-11-23 13:29:00,203.05,203.1,203.05,203.1,0.02,10.09,2018.97,1
2023-11-23,2023-11-23 13:30:00,203.1,203.15,203.1,203.15,0.02,10.09,2018.97,1
2023-11-23,2023-11-23 13:31:00,203.15,203.21,203.15,203.21,0.03,10.09,2018.97,1
2023-11-23,2023-11-23 13:32:00,203.21,203.26,203.21,203.26,0.02,10.09,2018.97,1
2023-11-23,2023-11-23 13:33:00,203.26,203.31,203.26,203.31,0.02,10.09,2018.97,1
2023-11-23,2023-11-23 13:34:00,203.31,203.37,203.31,203.37,0.03,10.09,2018.97,1
2023-11-23,2023-11-23 13:35:00,203.37,203.42,203.37,203.42,0.02,10.09,2018.97,1
2023-11-23,2023-11-23 13:36:00,203.42,203.47,203.42,203.47,0.02,10.09,2018.97,1
2023-11-23,2023-11-23 13:37:00,203.47,203.53,203.47,203.53,0.03,10.09,2018.97,1
2023-11-23,2023-11-23 13:38:00,203.53,203.58,203.53,203.58,0.02,10.09,2018.97,1
2023-11-23,2023-11-23 13:39:00,203.58,203.63,203.58,203.63,0.02,10.09,2018.97,1
2023-11-23,2023-11-23 13:40:00,203.63,203.69,203.63,203.69,0.03,10.09,2018.97,1
2023-11-23,2023-11-23 13:41:00,203.69,203.74,203.69,203.74,0.02,10.09,2018.97,1
2023-11-23,2023-11-23 13:42:00,203.74,203.79,203.74,203.79,0.02,10.09,2018.97,1
2023-11-23,2023-11-23 13:43:00,203.79,203.85,203.79,203.85,0.03,10.09,2018.97,1
2023-11-23,2023-11-23 13:44:00,203.85,203.9,203.85,203.9,0.02,10.09,2018.97,1
2023-11-23,2023-11-23 13:45:00,203.9,203.95,203.9,203.95,0.02,10.09,2018.97,1
2023-11-23,2023-11-23 13:46:00,203.95,204.01,203.95,204.01,0.03,10.09,2018.97,1
2023-11-23,2023-11-23 13:47:00,204.01,204.06,204.01,204.06,0.02,10.09,2018.97,1
2023-11-23,2023-11-23 13:48:00,204.06,204.11,204.06,204.11,0.02,10.09,2018.97,1
2023-11-23,2023-11-23 13:49:00,204.11,204.17,204.11,204.17,0.03,10.09,2018.97,1
2023-11-23,2023-11-23 13:50:00,204.17,204.22,204.17,204.22,0.02,10.09,2018.97,1
2023-11-23,2023-11-23 13:51:00,204.22,204.27,204.22,204.27,0.02,10.09,2018.97,1
2023-11-23,2023-11-23 13:52:00,204.27,204.33,204.27,204.33,0.03,10.09,2018.97,1
2023-11-23,2023-11-23 13:53:00,204.33,204.38,204.33,204.38,0.02,10.09,2018.97,1
2023-11-23,2023-11-23 13:54:00,204.38,204.43,204.38,204.43,0.02,10.09,2018.97,1
2023-11-23,2023-11-23 13:55:00,204.43,204.49,204.43,204.49,0.03,10.09,2018.97,1
2023-11-23,2023-11-23 13:56:00,204.49,204.54,204.49,204.54,0.02,10.09,2018.97,1
2023-11-23,2023-11-23 13:57:00,204.54,204.59,204.54,204.59,0.02,10.09,2018.97,1
2023-11-23,2023-11-23 13:58:00,204.59,204.65,204.59,204.65,0.03,10.09,2018.97,1
2023-11-23,2023-11-23 13:59:00,204.65,204.7,204.65,204.7,0.02,10.09,2018.97,1
2023-11-23,2023-11-23 14:00:00,204.7,204.75,204.7,204.75,0.02,10.09,2018.97,1
2023-11-23,2023-11-23 14:01:00,204.75,204.81,204.75,204.81,0.03,10.09,2018.97,1
2023-11-23,2023-11-23 14:02:00,204.81,204.86,204.81,204.86,0.02,10.09,2018.97,1
2023-11-23,2023-11-23 14:03:00,204.86,204.91,204.86,204.91,0.02,10.09,2018.97,1
2023-11-23,2023-11-23 14:04:00,204.91,204.97,204.91,204.97,0.03,10.09,2018.97,1
2023-11-23,2023-11-23 14:05:00,204.97,205.02,204.97,205.02,0.02,10.09,2018.97,1
2023-11-23,2023-11-23 14:06:00,205.02,205.07,205.02,205.07,0.02,10.09,2018.97,1
2023-11-23,2023-11-23 14:07:00,205.07,205.13,205.07,205.13,0.03,10.09,2018.97,1
2023-11-23,2023-11-23 14:08:00,205.13,205.18,205.13,205.18,0.02,10.09,2018.97,1
2023-11-23,2023-11-23 14:09:00,205.18,205.23,205.18,205.23,0.02,10.09,2018.97,1
2023-11-23,2023-11-23 14:10:00,205.23,205.29,205.23,205.29,0.03,10.09,2018.97,1
2023-11-23,2023-11-23 14:11:00,205.29,205.34,205.29,205.34,0.02,10.09,2018.97,1
2023-11-23,2023-11-23 14:12:00,205.34,205.39,205.34,205.39,0.02,10.09,2018.97,1
2023-11-23,2023-11-23 14:13:00,205.39,205.45,205.39,205.45,0.03,10.09,2018.97,1
2023-11-23,2023-11-23 14:14:00,205.45,205.5,205.45,205.5,0.02,10.09,2018.97,1
2023-11-23,2023-11-23 14:15:00,205.5,205.55,205.5,205.55,0.02,10.09,2018.97,1
2023-11-23,2023-11-23 14:16:00,205.55,205.61,205.55,205.61,0.03,10.09,2018.97,1
2023-11-23,2023-11-23 14:17:00,205.61,205.66,205.61,205.66,0.02,10.09,2018.97,1
2023-11-23,2023-11-23 14:18:00,205.66,205.71,205.66,205.71,0.02,10.09,2018.97,1
2023-11-23,2023-11-23 14:19:00,205.71,205.77,205.71,205.77,0.03,10.09,2018.97,1
2023-11-23,2023-11-23 14:20:00,205.77,205.82,205.77,205.82,0.02,10.09,2018.97,1
2023-11-23,2023-11-23 14:21:00,205.82,205.87,205.82,205.87,0.02,10.09,2018.97,1
2023-11-23,2023-11-23 14:22:00,205.87,205.93,205.87,205.93,0.03,10.09,2018.97,1
2023-11-23,2023-11-23 14:23:00,205.93,205.98,205.93,205.98,0.02,10.09,2018.97,1
2023-11-23,2023-11-23 14:24:00,205.98,206.03,205.98,206.03,0.02,10.09,2018.97,1
2023-11-23,2023-11-23 14:25:00,206.03,206.09,206.03,206.09,0.03,10.09,2018.97,1
2023-11-23,2023-11-23 14:26:00,206.09,206.14,206.09,206.14,0.02,10.09,2018.97,1
2023-11-23,2023-11-23 14:27:00,206.14,206.19,206.14,206.19,0.02,10.09,2018.97,1
2023-11-23,2023-11-23 14:28:00,206.19,206.25,206.19,206.25,0.03,10.09,2018.97,1
2023-11-23,2023-11-23 14:29:00,206.25,206.3,206.25,206.3,0.02,10.09,2018.97,1
2023-11-23,2023-11-23 14:30:00,206.3,206.35,206.3,206.35,0.02,10.09,2018.97,1
2023-11-23,2023-11-23 14:31:00,206.35,206.41,206.35,206.41,0.03,10.09,2018.97,1
2023-11-23,2023-11-23 14:32:00,206.41,206.46,206.41,206.46,0.02,10.09,2018.97,1
2023-11-23,2023-11-23 14:33:00,206.46,206.51,206.46,206.51,0.02,10.09,2018.97,1
2023-11-23,2023-11-23 14:34:00,206.51,206.57,206.51,206.57,0.03,10.09,2018.97,1
2023-11-23,2023-11-23 14:35:00,206.57,206.62,206.57,206.62,0.02,10.09,2018.97,1
2023-11-23,2023-11-23 14:36:00,206.62,206.67,206.62,206.67,0.02,10.09,2018.97,1
2023-11-23,2023-11-23 14:37:00,206.67,206.73,206.67,206.73,0.03,10.09,2018.97,1
2023-11-23,2023-11-23 14:38:00,206.73,206.78,206.73,206.78,0.02,10.09,2018.97,1
2023-11-23,2023-11-23 14:39:00,206.78,206.83,206.78,206.83,0.02,10.09,2018.97,1
2023-11-23,2023-11-23 14:40:00,206.83,206.89,206.83,206.89,0.03,10.09,2018.97,1
2023-11-23,2023-11-23 14:41:00,206.89,206.94,206.89,206.94,0.02,10.09,2018.97,1
2023-11-23,2023-11-23 14:42:00,206.94,206.99,206.94,206.99,0.02,10.09,2018.97,1
2023-11-23,2023-11-23 14:43:00,206.99,207.05,206.99,207.05,0.03,10.09,2018.97,1
2023-11-23,2023-11-23 14:44:00,207.05,207.1,207.05,207.1,0.02,10.09,2018.97,1
2023-11-23,2023-11-23 14:45:00,207.1,207.15,207.1,207.15,0.02,10.09,2018.97,1
2023-11-23,2023-11-23 14:46:00,207.15,207.21,207.15,207.21,0.03,10.09,2018.97,1
2023-11-23,2023-11-23 14:47:00,207.21,207.26,207.21,207.26,0.02,10.09,2018.97,1
2023-11-23,2023-11-23 14:48:00,207.26,207.31,207.26,207.31,0.02,10.09,2018.97,1
2023-11-23,2023-11-23 14:49:00,207.31,207.37,207.31,207.37,0.03,10.09,2018.97,1
2023-11-23,2023-11-23 14:50:00,207.37,207.42,207.37,207.42,0.02,10.09,2018.97,1
2023-11-23,2023-11-23 14:51:00,207.42,207.47,207.42,207.47,0.02,10.09,2018.97,1
2023-11-23,2023-11-23 14:52:00,207.47,207.53,207.47,207.53,0.03,10.09,2018.97,1
2023-11-23,2023-11-23 14:53:00,207.53,207.58,207.53,207.58,0.02,10.09,2018.97,1
2023-11-23,2023-11-23 14:54:00,207.58,207.63,207.58,207.63,0.02,10.09,2018.97,1
2023-11-23,2023-11-23 14:55:00,207.63,207.69,207.63,207.69,0.03,10.09,2018.97,1
2023-11-23,2023-11-23 14:56:00,207.69,207.74,207.69,207.74,0.02,10.09,2018.97,1
2023-11-23,2023-11-23 14:57:00,207.74,207.79,207.74,207.79,0.02,10.09,2018.97,1
2023-11-23,2023-11-23 14:58:00,207.79,207.85,207.79,207.85,0.03,10.09,2018.97,1
2023-11-23,2023-11-23 14:59:00,207.85,207.9,207.85,207.9,0.02,10.09,2018.97,1
2023-11-23,2023-11-23 15:00:00,207.9,207.9,190.2,207.9,0.0,10.09,2018.97,0
2023-11-26,2023-11-26 11:00:00,203.8,208.72,202.81,203.86,0.03,32.81,6971.35,1
2023-11-26,2023-11-26 11:01:00,203.86,203.92,203.86,203.92,0.03,32.81,6971.35,1
2023-11-26,2023-11-26 11:02:00,203.92,203.98,203.92,203.98,0.03,32.81,6971.35,1
2023-11-26,2023-11-26 11:03:00,203.98,204.04,203.98,204.04,0.03,32.81,6971.35,1
2023-11-26,2023-11-26 11:04:00,204.04,204.1,204.04,204.1,0.03,32.81,6971.35,1
2023-11-26,2023-11-26 11:05:00,204.1,204.16,204.1,204.16,0.03,32.81,6971.35,1
2023-11-26,2023-11-26 11:06:00,204.16,204.21,204.16,204.21,0.02,32.81,6971.35,1
2023-11-26,2023-11-26 11:07:00,204.21,204.27,204.21,204.27,0.03,32.81,6971.35,1
2023-11-26,2023-11-26 11:08:00,204.27,204.33,204.27,204.33,0.03,32.81,6971.35,1
2023-11-26,2023-11-26 11:09:00,204.33,204.39,204.33,204.39,0.03,32.81,6971.35,1
2023-11-26,2023-11-26 11:10:00,204.39,204.45,204.39,204.45,0.03,32.81,6971.35,1
2023-11-26,2023-11-26 11:11:00,204.45,204.51,204.45,204.51,0.03,32.81,6971.35,1
2023-11-26,2023-11-26 11:12:00,204.51,204.57,204.51,204.57,0.03,32.81,6971.35,1
2023-11-26,2023-11-26 11:13:00,204.57,204.63,204.57,204.63,0.03,32.81,6971.35,1
2023-11-26,2023-11-26 11:14:00,204.63,204.69,204.63,204.69,0.03,32.81,6971.35,1
2023-11-26,2023-11-26 11:15:00,204.69,204.75,204.69,204.75,0.03,32.81,6971.35,1
2023-11-26,2023-11-26 11:16:00,204.75,204.81,204.75,204.81,0.03,32.81,6971.35,1
2023-11-26,2023-11-26 11:17:00,204.81,204.87,204.81,204.87,0.03,32.81,6971.35,1
2023-11-26,2023-11-26 11:18:00,204.87,204.92,204.87,204.92,0.02,32.81,6971.35,1
2023-11-26,2023-11-26 11:19:00,204.92,204.98,204.92,204.98,0.03,32.81,6971.35,1
2023-11-26,2023-11-26 11:20:00,204.98,205.04,204.98,205.04,0.03,32.81,6971.35,1
2023-11-26,2023-11-26 11:21:00,205.04,205.1,205.04,205.1,0.03,32.81,6971.35,1
2023-11-26,2023-11-26 11:22:00,205.1,205.16,205.1,205.16,0.03,32.81,6971.35,1
2023-11-26,2023-11-26 11:23:00,205.16,205.22,205.16,205.22,0.03,32.81,6971.35,1
2023-11-26,2023-11-26 11:24:00,205.22,205.28,205.22,205.28,0.03,32.81,6971.35,1
2023-11-26,2023-11-26 11:25:00,205.28,205.34,205.28,205.34,0.03,32.81,6971.35,1
2023-11-26,2023-11-26 11:26:00,205.34,205.4,205.34,205.4,0.03,32.81,6971.35,1
2023-11-26,2023-11-26 11:27:00,205.4,205.46,205.4,205.46,0.03,32.81,6971.35,1
2023-11-26,2023-11-26 11:28:00,205.46,205.52,205.46,205.52,0.03,32.81,6971.35,1
2023-11-26,2023-11-26 11:29:00,205.52,205.58,205.52,205.58,0.03,32.81,6971.35,1
2023-11-26,2023-11-26 11:30:00,205.58,205.63,205.58,205.63,0.02,32.81,6971.35,1
2023-11-26,2023-11-26 11:31:00,205.63,205.69,205.63,205.69,0.03,32.81,6971.35,1
2023-11-26,2023-11-26 11:32:00,205.69,205.75,205.69,205.75,0.03,32.81,6971.35,1
2023-11-26,2023-11-26 11:33:00,205.75,205.81,205.75,205.81,0.03,32.81,6971.35,1
2023-11-26,2023-11-26 11:34:00,205.81,205.87,205.81,205.87,0.03,32.81,6971.35,1
2023-11-26,2023-11-26 11:35:00,205.87,205.93,205.87,205.93,0.03,32.81,6971.35,1
2023-11-26,2023-11-26 11:36:00,205.93,205.99,205.93,205.99,0.03,32.81,6971.35,1
2023-11-26,2023-11-26 11:37:00,205.99,206.05,205.99,206.05,0.03,32.81,6971.35,1
2023-11-26,2023-11-26 11:38:00,206.05,206.11,206.05,206.11,0.03,32.81,6971.35,1
2023-11-26,2023-11-26 11:39:00,206.11,206.17,206.11,206.17,0.03,32.81,6971.35,1
2023-11-26,2023-11-26 11:40:00,206.17,206.23,206.17,206.23,0.03,32.81,6971.35,1
2023-11-26,2023-11-26 11:41:00,206.23,206.28,206.23,206.28,0.02,32.81,6971.35,1
2023-11-26,2023-11-26 11:42:00,206.28,206.34,206.28,206.34,0.03,32.81,6971.35,1
2023-11-26,2023-11-26 11:43:00,206.34,206.4,206.34,206.4,0.03,32.81,6971.35,1
2023-11-26,2023-11-26 11:44:00,206.4,206.46,206.4,206.46,0.03,32.81,6971.35,1
2023-11-26,2023-11-26 11:45:00,206.46,206.52,206.46,206.52,0.03,32.81,6971.35,1
2023-11-26,2023-11-26 11:46:00,206.52,206.58,206.52,206.58,0.03,32.81,6971.35,1
2023-11-26,2023-11-26 11:47:00,206.58,206.64,206.58,206.64,0.03,32.81,6971.35,1
2023-11-26,2023-11-26 11:48:00,206.64,206.7,206.64,206.7,0.03,32.81,6971.35,1
2023-11-26,2023-11-26 11:49:00,206.7,206.76,206.7,206.76,0.03,32.81,6971.35,1
2023-11-26,2023-11-26 11:50:00,206.76,206.82,206.76,206.82,0.03,32.81,6971.35,1
2023-11-26,2023-11-26 11:51:00,206.82,206.88,206.82,206.88,0.03,32.81,6971.35,1
2023-11-26,2023-11-26 11:52:00,206.88,206.94,206.88,206.94,0.03,32.81,6971.35,1
2023-11-26,2023-11-26 11:53:00,206.94,207.0,206.94,207.0,0.03,32.81,6971.35,1
2023-11-26,2023-11-26 11:54:00,207.0,207.05,207.0,207.05,0.02,32.81,6971.35,1
2023-11-26,2023-11-26 11:55:00,207.05,207.11,207.05,207.11,0.03,32.81,6971.35,1
2023-11-26,2023-11-26 11:56:00,207.11,207.17,207.11,207.17,0.03,32.81,6971.35,1
2023-11-26,2023-11-26 11:57:00,207.17,207.23,207.17,207.23,0.03,32.81,6971.35,1
2023-11-26,2023-11-26 11:58:00,207.23,207.29,207.23,207.29,0.03,32.81,6971.35,1
2023-11-26,2023-11-26 11:59:00,207.29,207.35,207.29,207.35,0.03,32.81,6971.35,1
2023-11-26,2023-11-26 12:00:00,207.35,207.41,207.35,207.41,0.03,32.81,6971.35,1
2023-11-26,2023-11-26 12:01:00,207.41,207.47,207.41,207.47,0.03,32.81,6971.35,1
2023-11-26,2023-11-26 12:02:00,207.47,207.53,207.47,207.53,0.03,32.81,6971.35,1
2023-11-26,2023-11-26 12:03:00,207.53,207.59,207.53,207.59,0.03,32.81,6971.35,1
2023-11-26,2023-11-26 12:04:00,207.59,207.65,207.59,207.65,0.03,32.81,6971.35,1
2023-11-26,2023-11-26 12:05:00,207.65,207.71,207.65,207.71,0.03,32.81,6971.35,1
2023-11-26,2023-11-26 12:06:00,207.71,207.76,207.71,207.76,0.02,32.81,6971.35,1
2023-11-26,2023-11-26 12:07:00,207.76,207.82,207.76,207.82,0.03,32.81,6971.35,1
2023-11-26,2023-11-26 12:08:00,207.82,207.88,207.82,207.88,0.03,32.81,6971.35,1
2023-11-26,2023-11-26 12:09:00,207.88,207.94,207.88,207.94,0.03,32.81,6971.35,1
2023-11-26,2023-11-26 12:10:00,207.94,208.0,207.94,208.0,0.03,32.81,6971.35,1
2023-11-26,2023-11-26 12:11:00,208.0,208.06,208.0,208.06,0.03,32.81,6971.35,1
2023-11-26,2023-11-26 12:12:00,208.06,208.12,208.06,208.12,0.03,32.81,6971.35,1
2023-11-26,2023-11-26 12:13:00,208.12,208.18,208.12,208.18,0.03,32.81,6971.35,1
2023-11-26,2023-11-26 12:14:00,208.18,208.24,208.18,208.24,0.03,32.81,6971.35,1
2023-11-26,2023-11-26 12:15:00,208.24,208.3,208.24,208.3,0.03,32.81,6971.35,1
2023-11-26,2023-11-26 12:16:00,208.3,208.36,208.3,208.36,0.03,32.81,6971.35,1
2023-11-26,2023-11-26 12:17:00,208.36,208.42,208.36,208.42,0.03,32.81,6971.35,1
2023-11-26,2023-11-26 12:18:00,208.42,208.47,208.42,208.47,0.02,32.81,6971.35,1
2023-11-26,2023-11-26 12:19:00,208.47,208.53,208.47,208.53,0.03,32.81,6971.35,1
2023-11-26,2023-11-26 12:20:00,208.53,208.59,208.53,208.59,0.03,32.81,6971.35,1
2023-11-26,2023-11-26 12:21:00,208.59,208.65,208.59,208.65,0.03,32.81,6971.35,1
2023-11-26,2023-11-26 12:22:00,208.65,208.71,208.65,208.71,0.03,32.81,6971.35,1
2023-11-26,2023-11-26 12:23:00,208.71,208.77,208.71,208.77,0.03,32.81,6971.35,1
2023-11-26,2023-11-26 12:24:00,208.77,208.83,208.77,208.83,0.03,32.81,6971.35,1
2023-11-26,2023-11-26 12:25:00,208.83,208.89,208.83,208.89,0.03,32.81,6971.35,1
2023-11-26,2023-11-26 12:26:00,208.89,208.95,208.89,208.95,0.03,32.81,6971.35,1
2023-11-26,2023-11-26 12:27:00,208.95,209.01,208.95,209.01,0.03,32.81,6971.35,1
2023-11-26,2023-11-26 12:28:00,209.01,209.07,209.01,209.07,0.03,32.81,6971.35,1
2023-11-26,2023-11-26 12:29:00,209.07,209.12,209.07,209.12,0.02,32.81,6971.35,1
2023-11-26,2023-11-26 12:30:00,209.12,209.18,209.12,209.18,0.03,32.81,6971.35,1
2023-11-26,2023-11-26 12:31:00,209.18,209.24,209.18,209.24,0.03,32.81,6971.35,1
2023-11-26,2023-11-26 12:32:00,209.24,209.3,209.24,209.3,0.03,32.81,6971.35,1
2023-11-26,2023-11-26 12:33:00,209.3,209.36,209.3,209.36,0.03,32.81,6971.35,1
2023-11-26,2023-11-26 12:34:00,209.36,209.42,209.36,209.42,0.03,32.81,6971.35,1
2023-11-26,2023-11-26 12:35:00,209.42,209.48,209.42,209.48,0.03,32.81,6971.35,1
2023-11-26,2023-11-26 12:36:00,209.48,209.54,209.48,209.54,0.03,32.81,6971.35,1
2023-11-26,2023-11-26 12:37:00,209.54,209.6,209.54,209.6,0.03,32.81,6971.35,1
2023-11-26,2023-11-26 12:38:00,209.6,209.66,209.6,209.66,0.03,32.81,6971.35,1
2023-11-26,2023-11-26 12:39:00,209.66,209.72,209.66,209.72,0.03,32.81,6971.35,1
2023-11-26,2023-11-26 12:40:00,209.72,209.78,209.72,209.78,0.03,32.81,6971.35,1
2023-11-26,2023-11-26 12:41:00,209.78,209.84,209.78,209.84,0.03,32.81,6971.35,1
2023-11-26,2023-11-26 12:42:00,209.84,209.89,209.84,209.89,0.02,32.81,6971.35,1
2023-11-26,2023-11-26 12:43:00,209.89,209.95,209.89,209.95,0.03,32.81,6971.35,1
2023-11-26,2023-11-26 12:44:00,209.95,210.01,209.95,210.01,0.03,32.81,6971.35,1
2023-11-26,2023-11-26 12:45:00,210.01,210.07,210.01,210.07,0.03,32.81,6971.35,1
2023-11-26,2023-11-26 12:46:00,210.07,210.13,210.07,210.13,0.03,32.81,6971.35,1
2023-11-26,2023-11-26 12:47:00,210.13,210.19,210.13,210.19,0.03,32.81,6971.35,1
2023-11-26,2023-11-26 12:48:00,210.19,210.25,210.19,210.25,0.03,32.81,6971.35,1
2023-11-26,2023-11-26 12:49:00,210.25,210.31,210.25,210.31,0.03,32.81,6971.35,1
2023-11-26,2023-11-26 12:50:00,210.31,210.37,210.31,210.37,0.03,32.81,6971.35,1
2023-11-26,2023-11-26 12:51:00,210.37,210.43,210.37,210.43,0.03,32.81,6971.35,1
2023-11-26,2023-11-26 12:52:00,210.43,210.49,210.43,210.49,0.03,32.81,6971.35,1
2023-11-26,2023-11-26 12:53:00,210.49,210.55,210.49,210.55,0.03,32.81,6971.35,1
2023-11-26,2023-11-26 12:54:00,210.55,210.6,210.55,210.6,0.02,32.81,6971.35,1
2023-11-26,2023-11-26 12:55:00,210.6,210.66,210.6,210.66,0.03,32.81,6971.35,1
2023-11-26,2023-11-26 12:56:00,210.66,210.72,210.66,210.72,0.03,32.81,6971.35,1
2023-11-26,2023-11-26 12:57:00,210.72,210.78,210.72,210.78,0.03,32.81,6971.35,1
2023-11-26,2023-11-26 12:58:00,210.78,210.84,210.78,210.84,0.03,32.81,6971.35,1
2023-11-26,2023-11-26 12:59:00,210.84,210.9,210.84,210.9,0.03,32.81,6971.35,1
2023-11-26,2023-11-26 13:00:00,210.9,220.2,200.5,210.96,0.03,32.81,6971.35,1
2023-11-26,2023-11-26 13:01:00,210.96,211.02,210.96,211.02,0.03,32.81,6971.35,1
2023-11-26,2023-11-26 13:02:00,211.02,211.08,211.02,211.08,0.03,32.81,6971.35,1
2023-11-26,2023-11-26 13:03:00,211.08,211.14,211.08,211.14,0.03,32.81,6971.35,1
2023-11-26,2023-11-26 13:04:00,211.14,211.2,211.14,211.2,0.03,32.81,6971.35,1
2023-11-26,2023-11-26 13:05:00,211.2,211.25,211.2,211.25,0.02,32.81,6971.35,1
2023-11-26,2023-11-26 13:06:00,211.25,211.31,211.25,211.31,0.03,32.81,6971.35,1
2023-11-26,2023-11-26 13:07:00,211.31,211.37,211.31,211.37,0.03,32.81,6971.35,1
2023-11-26,2023-11-26 13:08:00,211.37,211.43,211.37,211.43,0.03,32.81,6971.35,1
2023-11-26,2023-11-26 13:09:00,211.43,211.49,211.43,211.49,0.03,32.81,6971.35,1
2023-11-26,2023-11-26 13:10:00,211.49,211.55,211.49,211.55,0.03,32.81,6971.35,1
2023-11-26,2023-11-26 13:11:00,211.55,211.61,211.55,211.61,0.03,32.81,6971.35,1
2023-11-26,2023-11-26 13:12:00,211.61,211.67,211.61,211.67,0.03,32.81,6971.35,1
2023-11-26,2023-11-26 13:13:00,211.67,211.73,211.67,211.73,0.03,32.81,6971.35,1
2023-11-26,2023-11-26 13:14:00,211.73,211.79,211.73,211.79,0.03,32.81,6971.35,1
2023-11-26,2023-11-26 13:15:00,211.79,211.85,211.79,211.85,0.03,32.81,6971.35,1
2023-11-26,2023-11-26 13:16:00,211.85,211.91,211.85,211.91,0.03,32.81,6971.35,1
2023-11-26,2023-11-26 13:17:00,211.91,211.97,211.91,211.97,0.03,32.81,6971.35,1
2023-11-26,2023-11-26 13:18:00,211.97,212.02,211.97,212.02,0.02,32.81,6971.35,1
2023-11-26,2023-11-26 13:19:00,212.02,212.08,212.02,212.08,0.03,32.81,6971.35,1
2023-11-26,2023-11-26 13:20:00,212.08,212.14,212.08,212.14,0.03,32.81,6971.35,1
2023-11-26,2023-11-26 13:21:00,212.14,212.2,212.14,212.2,0.03,32.81,6971.35,1
2023-11-26,2023-11-26 13:22:00,212.2,212.26,212.2,212.26,0.03,32.81,6971.35,1
2023-11-26,2023-11-26 13:23:00,212.26,212.32,212.26,212.32,0.03,32.81,6971.35,1
2023-11-26,2023-11-26 13:24:00,212.32,212.38,212.32,212.38,0.03,32.81,6971.35,1
2023-11-26,2023-11-26 13:25:00,212.38,212.44,212.38,212.44,0.03,32.81,6971.35,1
2023-11-26,2023-11-26 13:26:00,212.44,212.5,212.44,212.5,0.03,32.81,6971.35,1
2023-11-26,2023-11-26 13:27:00,212.5,212.56,212.5,212.56,0.03,32.81,6971.35,1
2023-11-26,2023-11-26 13:28:00,212.56,212.62,212.56,212.62,0.03,32.81,6971.35,1
2023-11-26,2023-11-26 13:29:00,212.62,212.68,212.62,212.68,0.03,32.81,6971.35,1
2023-11-26,2023-11-26 13:30:00,212.68,212.73,212.68,212.73,0.02,32.81,6971.35,1
2023-11-26,2023-11-26 13:31:00,212.73,212.79,212.73,212.79,0.03,32.81,6971.35,1
2023-11-26,2023-11-26 13:32:00,212.79,212.85,212.79,212.85,0.03,32.81,6971.35,1
2023-11-26,2023-11-26 13:33:00,212.85,212.91,212.85,212.91,0.03,32.81,6971.35,1
2023-11-26,2023-11-26 13:34:00,212.91,212.97,212.91,212.97,0.03,32.81,6971.35,1
2023-11-26,2023-11-26 13:35:00,212.97,213.03,212.97,213.03,0.03,32.81,6971.35,1
2023-11-26,2023-11-26 13:36:00,213.03,213.09,213.03,213.09,0.03,32.81,6971.35,1
2023-11-26,2023-11-26 13:37:00,213.09,213.15,213.09,213.15,0.03,32.81,6971.35,1
2023-11-26,2023-11-26 13:38:00,213.15,213.21,213.15,213.21,0.03,32.81,6971.35,1
2023-11-26,2023-11-26 13:39:00,213.21,213.27,213.21,213.27,0.03,32.81,6971.35,1
2023-11-26,2023-11-26 13:40:00,213.27,213.33,213.27,213.33,0.03,32.81,6971.35,1
2023-11-26,2023-11-26 13:41:00,213.33,213.38,213.33,213.38,0.02,32.81,6971.35,1
2023-11-26,2023-11-26 13:42:00,213.38,213.44,213.38,213.44,0.03,32.81,6971.35,1
2023-11-26,2023-11-26 13:43:00,213.44,213.5,213.44,213.5,0.03,32.81,6971.35,1
2023-11-26,2023-11-26 13:44:00,213.5,213.56,213.5,213.56,0.03,32.81,6971.35,1
2023-11-26,2023-11-26 13:45:00,213.56,213.62,213.56,213.62,0.03,32.81,6971.35,1
2023-11-26,2023-11-26 13:46:00,213.62,213.68,213.62,213.68,0.03,32.81,6971.35,1
2023-11-26,2023-11-26 13:47:00,213.68,213.74,213.68,213.74,0.03,32.81,6971.35,1
2023-11-26,2023-11-26 13:48:00,213.74,213.8,213.74,213.8,0.03,32.81,6971.35,1
2023-11-26,2023-11-26 13:49:00,213.8,213.86,213.8,213.86,0.03,32.81,6971.35,1
2023-11-26,2023-11-26 13:50:00,213.86,213.92,213.86,213.92,0.03,32.81,6971.35,1
2023-11-26,2023-11-26 13:51:00,213.92,213.98,213.92,213.98,0.03,32.81,6971.35,1
2023-11-26,2023-11-26 13:52:00,213.98,214.04,213.98,214.04,0.03,32.81,6971.35,1
2023-11-26,2023-11-26 13:53:00,214.04,214.09,214.04,214.09,0.02,32.81,6971.35,1
2023-11-26,2023-11-26 13:54:00,214.09,214.15,214.09,214.15,0.03,32.81,6971.35,1
2023-11-26,2023-11-26 13:55:00,214.15,214.21,214.15,214.21,0.03,32.81,6971.35,1
2023-11-26,2023-11-26 13:56:00,214.21,214.27,214.21,214.27,0.03,32.81,6971.35,1
2023-11-26,2023-11-26 13:57:00,214.27,214.33,214.27,214.33,0.03,32.81,6971.35,1
2023-11-26,2023-11-26 13:58:00,214.33,214.39,214.33,214.39,0.03,32.81,6971.35,1
2023-11-26,2023-11-26 13:59:00,214.39,214.45,214.39,214.45,0.03,32.81,6971.35,1
2023-11-26,2023-11-26 14:00:00,214.45,214.51,214.45,214.51,0.03,32.81,6971.35,1
2023-11-26,2023-11-26 14:01:00,214.51,214.57,214.51,214.57,0.03,32.81,6971.35,1
2023-11-26,2023-11-26 14:02:00,214.57,214.63,214.57,214.63,0.03,32.81,6971.35,1
2023-11-26,2023-11-26 14:03:00,214.63,214.69,214.63,214.69,0.03,32.81,6971.35,1
2023-11-26,2023-11-26 14:04:00,214.69,214.75,214.69,214.75,0.03,32.81,6971.35,1
2023-11-26,2023-11-26 14:05:00,214.75,214.81,214.75,214.81,0.03,32.81,6971.35,1
2023-11-26,2023-11-26 14:06:00,214.81,214.86,214.81,214.86,0.02,32.81,6971.35,1
2023-11-26,2023-11-26 14:07:00,214.86,214.92,214.86,214.92,0.03,32.81,6971.35,1
2023-11-26,2023-11-26 14:08:00,214.92,214.98,214.92,214.98,0.03,32.81,6971.35,1
2023-11-26,2023-11-26 14:09:00,214.98,215.04,214.98,215.04,0.03,32.81,6971.35,1
2023-11-26,2023-11-26 14:10:00,215.04,215.1,215.04,215.1,0.03,32.81,6971.35,1
2023-11-26,2023-11-26 14:11:00,215.1,215.16,215.1,215.16,0.03,32.81,6971.35,1
2023-11-26,2023-11-26 14:12:00,215.16,215.22,215.16,215.22,0.03,32.81,6971.35,1
2023-11-26,2023-11-26 14:13:00,215.22,215.28,215.22,215.28,0.03,32.81,6971.35,1
2023-11-26,2023-11-26 14:14:00,215.28,215.34,215.28,215.34,0.03,32.81,6971.35,1
2023-11-26,2023-11-26 14:15:00,215.34,215.4,215.34,215.4,0.03,32.81,6971.35,1
2023-11-26,2023-11-26 14:16:00,215.4,215.46,215.4,215.46,0.03,32.81,6971.35,1
2023-11-26,2023-11-26 14:17:00,215.46,215.51,215.46,215.51,0.02,32.81,6971.35,1
2023-11-26,2023-11-26 14:18:00,215.51,215.57,215.51,215.57,0.03,32.81,6971.35,1
2023-11-26,2023-11-26 14:19:00,215.57,215.63,215.57,215.63,0.03,32.81,6971.35,1
2023-11-26,2023-11-26 14:20:00,215.63,215.69,215.63,215.69,0.03,32.81,6971.35,1
2023-11-26,2023-11-26 14:21:00,215.69,215.75,215.69,215.75,0.03,32.81,6971.35,1
2023-11-26,2023-11-26 14:22:00,215.75,215.81,215.75,215.81,0.03,32.81,6971.35,1
2023-11-26,2023-11-26 14:23:00,215.81,215.87,215.81,215.87,0.03,32.81,6971.35,1
2023-11-26,2023-11-26 14:24:00,215.87,215.93,215.87,215.93,0.03,32.81,6971.35,1
2023-11-26,2023-11-26 14:25:00,215.93,215.99,215.93,215.99,0.03,32.81,6971.35,1
2023-11-26,2023-11-26 14:26:00,215.99,216.05,215.99,216.05,0.03,32.81,6971.35,1
2023-11-26,2023-11-26 14:27:00,216.05,216.11,216.05,216.11,0.03,32.81,6971.35,1
2023-11-26,2023-11-26 14:28:00,216.11,216.17,216.11,216.17,0.03,32.81,6971.35,1
2023-11-26,2023-11-26 14:29:00,216.17,216.22,216.17,216.22,0.02,32.81,6971.35,1
2023-11-26,2023-11-26 14:30:00,216.22,216.28,216.22,216.28,0.03,32.81,6971.35,1
2023-11-26,2023-11-26 14:31:00,216.28,216.34,216.28,216.34,0.03,32.81,6971.35,1
2023-11-26,2023-11-26 14:32:00,216.34,216.4,216.34,216.4,0.03,32.81,6971.35,1
2023-11-26,2023-11-26 14:33:00,216.4,216.46,216.4,216.46,0.03,32.81,6971.35,1
2023-11-26,2023-11-26 14:34:00,216.46,216.52,216.46,216.52,0.03,32.81,6971.35,1
2023-11-26,2023-11-26 14:35:00,216.52,216.58,216.52,216.58,0.03,32.81,6971.35,1
2023-11-26,2023-11-26 14:36:00,216.58,216.64,216.58,216.64,0.03,32.81,6971.35,1
2023-11-26,2023-11-26 14:37:00,216.64,216.7,216.64,216.7,0.03,32.81,6971.35,1
2023-11-26,2023-11-26 14:38:00,216.7,216.76,216.7,216.76,0.03,32.81,6971.35,1
2023-11-26,2023-11-26 14:39:00,216.76,216.82,216.76,216.82,0.03,32.81,6971.35,1
2023-11-26,2023-11-26 14:40:00,216.82,216.88,216.82,216.88,0.03,32.81,6971.35,1
2023-11-26,2023-11-26 14:41:00,216.88,216.94,216.88,216.94,0.03,32.81,6971.35,1
2023-11-26,2023-11-26 14:42:00,216.94,216.99,216.94,216.99,0.02,32.81,6971.35,1
2023-11-26,2023-11-26 14:43:00,216.99,217.05,216.99,217.05,0.03,32.81,6971.35,1
2023-11-26,2023-11-26 14:44:00,217.05,217.11,217.05,217.11,0.03,32.81,6971.35,1
2023-11-26,2023-11-26 14:45:00,217.11,217.17,217.11,217.17,0.03,32.81,6971.35,1
2023-11-26,2023-11-26 14:46:00,217.17,217.23,217.17,217.23,0.03,32.81,6971.35,1
2023-11-26,2023-11-26 14:47:00,217.23,217.29,217.23,217.29,0.03,32.81,6971.35,1
2023-11-26,2023-11-26 14:48:00,217.29,217.35,217.29,217.35,0.03,32.81,6971.35,1
2023-11-26,2023-11-26 14:49:00,217.35,217.41,217.35,217.41,0.03,32.81,6971.35,1
2023-11-26,2023-11-26 14:50:00,217.41,217.47,217.41,217.47,0.03,32.81,6971.35,1
2023-11-26,2023-11-26 14:51:00,217.47,217.53,217.47,217.53,0.03,32.81,6971.35,1
2023-11-26,2023-11-26 14:52:00,217.53,217.59,217.53,217.59,0.03,32.81,6971.35,1
2023-11-26,2023-11-26 14:53:00,217.59,217.65,217.59,217.65,0.03,32.81,6971.35,1
2023-11-26,2023-11-26 14:54:00,217.65,217.7,217.65,217.7,0.02,32.81,6971.35,1
2023-11-26,2023-11-26 14:55:00,217.7,217.76,217.7,217.76,0.03,32.81,6971.35,1
2023-11-26,2023-11-26 14:56:00,217.76,217.82,217.76,217.82,0.03,32.81,6971.35,1
2023-11-26,2023-11-26 14:57:00,217.82,217.88,217.82,217.88,0.03,32.81,6971.35,1
2023-11-26,2023-11-26 14:58:00,217.88,217.94,217.88,217.94,0.03,32.81,6971.35,1
2023-11-26,2023-11-26 14:59:00,217.94,218.0,217.94,218.0,0.03,32.81,6971.35,1
2023-11-26,2023-11-26 15:00:00,218.0,220.2,200.5,218.0,0.0,32.81,6971.35,0
2023-11-27,2023-11-27 11:00:00,218.0,219.29,216.38,217.99,-0.0,44.3,9637.58,-1
2023-11-27,2023-11-27 11:01:00,217.99,217.99,217.98,217.98,-0.0,44.3,9637.58,-1
2023-11-27,2023-11-27 11:02:00,217.98,217.98,217.97,217.97,-0.0,44.3,9637.58,-1
2023-11-27,2023-11-27 11:03:00,217.97,217.97,217.95,217.95,-0.01,44.3,9637.58,-1
2023-11-27,2023-11-27 11:04:00,217.95,217.95,217.94,217.94,-0.0,44.3,9637.58,-1
2023-11-27,2023-11-27 11:05:00,217.94,217.94,217.93,217.93,-0.0,44.3,9637.58,-1
2023-11-27,2023-11-27 11:06:00,217.93,217.93,217.92,217.92,-0.0,44.3,9637.58,-1
2023-11-27,2023-11-27 11:07:00,217.92,217.92,217.91,217.91,-0.0,44.3,9637.58,-1
2023-11-27,2023-11-27 11:08:00,217.91,217.91,217.9,217.9,-0.0,44.3,9637.58,-1
2023-11-27,2023-11-27 11:09:00,217.9,217.9,217.88,217.88,-0.01,44.3,9637.58,-1
2023-11-27,2023-11-27 11:10:00,217.88,217.88,217.87,217.87,-0.0,44.3,9637.58,-1
2023-11-27,2023-11-27 11:11:00,217.87,217.87,217.86,217.86,-0.0,44.3,9637.58,-1
2023-11-27,2023-11-27 11:12:00,217.86,217.86,217.85,217.85,-0.0,44.3,9637.58,-1
2023-11-27,2023-11-27 11:13:00,217.85,217.85,217.84,217.84,-0.0,44.3,9637.58,-1
2023-11-27,2023-11-27 11:14:00,217.84,217.84,217.82,217.82,-0.01,44.3,9637.58,-1
2023-11-27,2023-11-27 11:15:00,217.82,217.82,217.81,217.81,-0.0,44.3,9637.58,-1
2023-11-27,2023-11-27 11:16:00,217.81,217.81,217.8,217.8,-0.0,44.3,9637.58,-1
2023-11-27,2023-11-27 11:17:00,217.8,217.8,217.79,217.79,-0.0,44.3,9637.58,-1
2023-11-27,2023-11-27 11:18:00,217.79,217.79,217.78,217.78,-0.0,44.3,9637.58,-1
2023-11-27,2023-11-27 11:19:00,217.78,217.78,217.77,217.77,-0.0,44.3,9637.58,-1
2023-11-27,2023-11-27 11:20:00,217.77,217.77,217.75,217.75,-0.01,44.3,9637.58,-1
2023-11-27,2023-11-27 11:21:00,217.75,217.75,217.74,217.74,-0.0,44.3,9637.58,-1
2023-11-27,2023-11-27 11:22:00,217.74,217.74,217.73,217.73,-0.0,44.3,9637.58,-1
2023-11-27,2023-11-27 11:23:00,217.73,217.73,217.72,217.72,-0.0,44.3,9637.58,-1
2023-11-27,2023-11-27 11:24:00,217.72,217.72,217.71,217.71,-0.0,44.3,9637.58,-1
2023-11-27,2023-11-27 11:25:00,217.71,217.71,217.7,217.7,-0.0,44.3,9637.58,-1
2023-11-27,2023-11-27 11:26:00,217.7,217.7,217.69,217.69,-0.0,44.3,9637.58,-1
2023-11-27,2023-11-27 11:27:00,217.69,217.69,217.67,217.67,-0.01,44.3,9637.58,-1
2023-11-27,2023-11-27 11:28:00,217.67,217.67,217.66,217.66,-0.0,44.3,9637.58,-1
2023-11-27,2023-11-27 11:29:00,217.66,217.66,217.65,217.65,-0.0,44.3,9637.58,-1
2023-11-27,2023-11-27 11:30:00,217.65,217.65,217.64,217.64,-0.0,44.3,9637.58,-1
2023-11-27,2023-11-27 11:31:00,217.64,217.64,217.63,217.63,-0.0,44.3,9637.58,-1
2023-11-27,2023-11-27 11:32:00,217.63,217.63,217.62,217.62,-0.0,44.3,9637.58,-1
2023-11-27,2023-11-27 11:33:00,217.62,217.62,217.6,217.6,-0.01,44.3,9637.58,-1
2023-11-27,2023-11-27 11:34:00,217.6,217.6,217.59,217.59,-0.0,44.3,9637.58,-1
2023-11-27,2023-11-27 11:35:00,217.59,217.59,217.58,217.58,-0.0,44.3,9637.58,-1
2023-11-27,2023-11-27 11:36:00,217.58,217.58,217.57,217.57,-0.0,44.3,9637.58,-1
2023-11-27,2023-11-27 11:37:00,217.57,217.57,217.56,217.56,-0.0,44.3,9637.58,-1
2023-11-27,2023-11-27 11:38:00,217.56,217.56,217.54,217.54,-0.01,44.3,9637.58,-1
2023-11-27,2023-11-27 11:39:00,217.54,217.54,217.53,217.53,-0.0,44.3,9637.58,-1
2023-11-27,2023-11-27 11:40:00,217.53,217.53,217.52,217.52,-0.0,44.3,9637.58,-1
2023-11-27,2023-11-27 11:41:00,217.52,217.52,217.51,217.51,-0.0,44.3,9637.58,-1
2023-11-27,2023-11-27 11:42:00,217.51,217.51,217.5,217.5,-0.0,44.3,9637.58,-1
2023-11-27,2023-11-27 11:43:00,217.5,217.5,217.49,217.49,-0.0,44.3,9637.58,-1
2023-11-27,2023-11-27 11:44:00,217.49,217.49,217.47,217.47,-0.01,44.3,9637.58,-1
2023-11-27,2023-11-27 11:45:00,217.47,217.47,217.46,217.46,-0.0,44.3,9637.58,-1
2023-11-27,2023-11-27 11:46:00,217.46,217.46,217.45,217.45,-0.0,44.3,9637.58,-1
2023-11-27,2023-11-27 11:47:00,217.45,217.45,217.44,217.44,-0.0,44.3,9637.58,-1
2023-11-27,2023-11-27 11:48:00,217.44,217.44,217.43,217.43,-0.0,44.3,9637.58,-1
2023-11-27,2023-11-27 11:49:00,217.43,217.43,217.42,217.42,-0.0,44.3,9637.58,-1
2023-11-27,2023-11-27 11:50:00,217.42,217.42,217.41,217.41,-0.0,44.3,9637.58,-1
2023-11-27,2023-11-27 11:51:00,217.41,217.41,217.39,217.39,-0.01,44.3,9637.58,-1
2023-11-27,2023-11-27 11:52:00,217.39,217.39,217.38,217.38,-0.0,44.3,9637.58,-1
2023-11-27,2023-11-27 11:53:00,217.38,217.38,217.37,217.37,-0.0,44.3,9637.58,-1
2023-11-27,2023-11-27 11:54:00,217.37,217.37,217.36,217.36,-0.0,44.3,9637.58,-1
2023-11-27,2023-11-27 11:55:00,217.36,217.36,217.35,217.35,-0.0,44.3,9637.58,-1
2023-11-27,2023-11-27 11:56:00,217.35,217.35,217.34,217.34,-0.0,44.3,9637.58,-1
2023-11-27,2023-11-27 11:57:00,217.34,217.34,217.32,217.32,-0.01,44.3,9637.58,-1
2023-11-27,2023-11-27 11:58:00,217.32,217.32,217.31,217.31,-0.0,44.3,9637.58,-1
2023-11-27,2023-11-27 11:59:00,217.31,217.31,217.3,217.3,-0.0,44.3,9637.58,-1
2023-11-27,2023-11-27 12:00:00,217.3,217.3,217.29,217.29,-0.0,44.3,9637.58,-1
2023-11-27,2023-11-27 12:01:00,217.29,217.29,217.28,217.28,-0.0,44.3,9637.58,-1
2023-11-27,2023-11-27 12:02:00,217.28,217.28,217.26,217.26,-0.01,44.3,9637.58,-1
2023-11-27,2023-11-27 12:03:00,217.26,217.26,217.25,217.25,-0.0,44.3,9637.58,-1
2023-11-27,2023-11-27 12:04:00,217.25,217.25,217.24,217.24,-0.0,44.3,9637.58,-1
2023-11-27,2023-11-27 12:05:00,217.24,217.24,217.23,217.23,-0.0,44.3,9637.58,-1
2023-11-27,2023-11-27 12:06:00,217.23,217.23,217.22,217.22,-0.0,44.3,9637.58,-1
2023-11-27,2023-11-27 12:07:00,217.22,217.22,217.21,217.21,-0.0,44.3,9637.58,-1
2023-11-27,2023-11-27 12:08:00,217.21,217.21,217.19,217.19,-0.01,44.3,9637.58,-1
2023-11-27,2023-11-27 12:09:00,217.19,217.19,217.18,217.18,-0.0,44.3,9637.58,-1
2023-11-27,2023-11-27 12:10:00,217.18,217.18,217.17,217.17,-0.0,44.3,9637.58,-1
2023-11-27,2023-11-27 12:11:00,217.17,217.17,217.16,217.16,-0.0,44.3,9637.58,-1
2023-11-27,2023-11-27 12:12:00,217.16,217.16,217.15,217.15,-0.0,44.3,9637.58,-1
2023-11-27,2023-11-27 12:13:00,217.15,217.15,217.14,217.14,-0.0,44.3,9637.58,-1
2023-11-27,2023-11-27 12:14:00,217.14,217.14,217.12,217.12,-0.01,44.3,9637.58,-1
2023-11-27,2023-11-27 12:15:00,217.12,217.12,217.11,217.11,-0.0,44.3,9637.58,-1
2023-11-27,2023-11-27 12:16:00,217.11,217.11,217.1,217.1,-0.0,44.3,9637.58,-1
2023-11-27,2023-11-27 12:17:00,217.1,217.1,217.09,217.09,-0.0,44.3,9637.58,-1
2023-11-27,2023-11-27 12:18:00,217.09,217.09,217.08,217.08,-0.0,44.3,9637.58,-1
2023-11-27,2023-11-27 12:19:00,217.08,217.08,217.07,217.07,-0.0,44.3,9637.58,-1
2023-11-27,2023-11-27 12:20:00,217.07,217.07,217.06,217.06,-0.0,44.3,9637.58,-1
2023-11-27,2023-11-27 12:21:00,217.06,217.06,217.04,217.04,-0.01,44.3,9637.58,-1
2023-11-27,2023-11-27 12:22:00,217.04,217.04,217.03,217.03,-0.0,44.3,9637.58,-1
2023-11-27,2023-11-27 12:23:00,217.03,217.03,217.02,217.02,-0.0,44.3,9637.58,-1
2023-11-27,2023-11-27 12:24:00,217.02,217.02,217.01,217.01,-0.0,44.3,9637.58,-1
2023-11-27,2023-11-27 12:25:00,217.01,217.01,217.0,217.0,-0.0,44.3,9637.58,-1
2023-11-27,2023-11-27 12:26:00,217.0,217.0,216.98,216.98,-0.01,44.3,9637.58,-1
2023-11-27,2023-11-27 12:27:00,216.98,216.98,216.97,216.97,-0.0,44.3,9637.58,-1
2023-11-27,2023-11-27 12:28:00,216.97,216.97,216.96,216.96,-0.0,44.3,9637.58,-1
2023-11-27,2023-11-27 12:29:00,216.96,216.96,216.95,216.95,-0.0,44.3,9637.58,-1
2023-11-27,2023-11-27 12:30:00,216.95,216.95,216.94,216.94,-0.0,44.3,9637.58,-1
2023-11-27,2023-11-27 12:31:00,216.94,216.94,216.93,216.93,-0.0,44.3,9637.58,-1
2023-11-27,2023-11-27 12:32:00,216.93,216.93,216.91,216.91,-0.01,44.3,9637.58,-1
2023-11-27,2023-11-27 12:33:00,216.91,216.91,216.9,216.9,-0.0,44.3,9637.58,-1
2023-11-27,2023-11-27 12:34:00,216.9,216.9,216.89,216.89,-0.0,44.3,9637.58,-1
2023-11-27,2023-11-27 12:35:00,216.89,216.89,216.88,216.88,-0.0,44.3,9637.58,-1
2023-11-27,2023-11-27 12:36:00,216.88,216.88,216.87,216.87,-0.0,44.3,9637.58,-1
2023-11-27,2023-11-27 12:37:00,216.87,216.87,216.86,216.86,-0.0,44.3,9637.58,-1
2023-11-27,2023-11-27 12:38:00,216.86,216.86,216.84,216.84,-0.01,44.3,9637.58,-1
2023-11-27,2023-11-27 12:39:00,216.84,216.84,216.83,216.83,-0.0,44.3,9637.58,-1
2023-11-27,2023-11-27 12:40:00,216.83,216.83,216.82,216.82,-0.0,44.3,9637.58,-1
2023-11-27,2023-11-27 12:41:00,216.82,216.82,216.81,216.81,-0.0,44.3,9637.58,-1
2023-11-27,2023-11-27 12:42:00,216.81,216.81,216.8,216.8,-0.0,44.3,9637.58,-1
2023-11-27,2023-11-27 12:43:00,216.8,216.8,216.79,216.79,-0.0,44.3,9637.58,-1
2023-11-27,2023-11-27 12:44:00,216.79,216.79,216.78,216.78,-0.0,44.3,9637.58,-1
2023-11-27,2023-11-27 12:45:00,216.78,216.78,216.76,216.76,-0.01,44.3,9637.58,-1
2023-11-27,2023-11-27 12:46:00,216.76,216.76,216.75,216.75,-0.0,44.3,9637.58,-1
2023-11-27,2023-11-27 12:47:00,216.75,216.75,216.74,216.74,-0.0,44.3,9637.58,-1
2023-11-27,2023-11-27 12:48:00,216.74,216.74,216.73,216.73,-0.0,44.3,9637.58,-1
2023-11-27,2023-11-27 12:49:00,216.73,216.73,216.72,216.72,-0.0,44.3,9637.58,-1
2023-11-27,2023-11-27 12:50:00,216.72,216.72,216.7,216.7,-0.01,44.3,9637.58,-1
2023-11-27,2023-11-27 12:51:00,216.7,216.7,216.69,216.69,-0.0,44.3,9637.58,-1
2023-11-27,2023-11-27 12:52:00,216.69,216.69,216.68,216.68,-0.0,44.3,9637.58,-1
2023-11-27,2023-11-27 12:53:00,216.68,216.68,216.67,216.67,-0.0,44.3,9637.58,-1
2023-11-27,2023-11-27 12:54:00,216.67,216.67,216.66,216.66,-0.0,44.3,9637.58,-1
2023-11-27,2023-11-27 12:55:00,216.66,216.66,216.65,216.65,-0.0,44.3,9637.58,-1
2023-11-27,2023-11-27 12:56:00,216.65,216.65,216.63,216.63,-0.01,44.3,9637.58,-1
2023-11-27,2023-11-27 12:57:00,216.63,216.63,216.62,216.62,-0.0,44.3,9637.58,-1
2023-11-27,2023-11-27 12:58:00,216.62,216.62,216.61,216.61,-0.0,44.3,9637.58,-1
2023-11-27,2023-11-27 12:59:00,216.61,216.61,216.6,216.6,-0.0,44.3,9637.58,-1
2023-11-27,2023-11-27 13:00:00,216.6,222.3,212.6,216.59,-0.0,44.3,9637.58,-1
2023-11-27,2023-11-27 13:01:00,216.59,216.59,216.58,216.58,-0.0,44.3,9637.58,-1
2023-11-27,2023-11-27 13:02:00,216.58,216.58,216.56,216.56,-0.01,44.3,9637.58,-1
2023-11-27,2023-11-27 13:03:00,216.56,216.56,216.55,216.55,-0.0,44.3,9637.58,-1
2023-11-27,2023-11-27 13:04:00,216.55,216.55,216.54,216.54,-0.0,44.3,9637.58,-1
2023-11-27,2023-11-27 13:05:00,216.54,216.54,216.53,216.53,-0.0,44.3,9637.58,-1
2023-11-27,2023-11-27 13:06:00,216.53,216.53,216.52,216.52,-0.0,44.3,9637.58,-1
2023-11-27,2023-11-27 13:07:00,216.52,216.52,216.51,216.51,-0.0,44.3,9637.58,-1
2023-11-27,2023-11-27 13:08:00,216.51,216.51,216.5,216.5,-0.0,44.3,9637.58,-1
2023-11-27,2023-11-27 13:09:00,216.5,216.5,216.48,216.48,-0.01,44.3,9637.58,-1
2023-11-27,2023-11-27 13:10:00,216.48,216.48,216.47,216.47,-0.0,44.3,9637.58,-1
2023-11-27,2023-11-27 13:11:00,216.47,216.47,216.46,216.46,-0.0,44.3,9637.58,-1
2023-11-27,2023-11-27 13:12:00,216.46,216.46,216.45,216.45,-0.0,44.3,9637.58,-1
2023-11-27,2023-11-27 13:13:00,216.45,216.45,216.44,216.44,-0.0,44.3,9637.58,-1
2023-11-27,2023-11-27 13:14:00,216.44,216.44,216.42,216.42,-0.01,44.3,9637.58,-1
2023-11-27,2023-11-27 13:15:00,216.42,216.42,216.41,216.41,-0.0,44.3,9637.58,-1
2023-11-27,2023-11-27 13:16:00,216.41,216.41,216.4,216.4,-0.0,44.3,9637.58,-1
2023-11-27,2023-11-27 13:17:00,216.4,216.4,216.39,216.39,-0.0,44.3,9637.58,-1
2023-11-27,2023-11-27 13:18:00,216.39,216.39,216.38,216.38,-0.0,44.3,9637.58,-1
2023-11-27,2023-11-27 13:19:00,216.38,216.38,216.37,216.37,-0.0,44.3,9637.58,-1
2023-11-27,2023-11-27 13:20:00,216.37,216.37,216.35,216.35,-0.01,44.3,9637.58,-1
2023-11-27,2023-11-27 13:21:00,216.35,216.35,216.34,216.34,-0.0,44.3,9637.58,-1
2023-11-27,2023-11-27 13:22:00,216.34,216.34,216.33,216.33,-0.0,44.3,9637.58,-1
2023-11-27,2023-11-27 13:23:00,216.33,216.33,216.32,216.32,-0.0,44.3,9637.58,-1
2023-11-27,2023-11-27 13:24:00,216.32,216.32,216.31,216.31,-0.0,44.3,9637.58,-1
2023-11-27,2023-11-27 13:25:00,216.31,216.31,216.3,216.3,-0.0,44.3,9637.58,-1
2023-11-27,2023-11-27 13:26:00,216.3,216.3,216.28,216.28,-0.01,44.3,9637.58,-1
2023-11-27,2023-11-27 13:27:00,216.28,216.28,216.27,216.27,-0.0,44.3,9637.58,-1
2023-11-27,2023-11-27 13:28:00,216.27,216.27,216.26,216.26,-0.0,44.3,9637.58,-1
2023-11-27,2023-11-27 13:29:00,216.26,216.26,216.25,216.25,-0.0,44.3,9637.58,-1
2023-11-27,2023-11-27 13:30:00,216.25,216.25,216.24,216.24,-0.0,44.3,9637.58,-1
2023-11-27,2023-11-27 13:31:00,216.24,216.24,216.23,216.23,-0.0,44.3,9637.58,-1
2023-11-27,2023-11-27 13:32:00,216.23,216.23,216.22,216.22,-0.0,44.3,9637.58,-1
2023-11-27,2023-11-27 13:33:00,216.22,216.22,216.2,216.2,-0.01,44.3,9637.58,-1
2023-11-27,2023-11-27 13:34:00,216.2,216.2,216.19,216.19,-0.0,44.3,9637.58,-1
2023-11-27,2023-11-27 13:35:00,216.19,216.19,216.18,216.18,-0.0,44.3,9637.58,-1
2023-11-27,2023-11-27 13:36:00,216.18,216.18,216.17,216.17,-0.0,44.3,9637.58,-1
2023-11-27,2023-11-27 13:37:00,216.17,216.17,216.16,216.16,-0.0,44.3,9637.58,-1
2023-11-27,2023-11-27 13:38:00,216.16,216.16,216.14,216.14,-0.01,44.3,9637.58,-1
2023-11-27,2023-11-27 13:39:00,216.14,216.14,216.13,216.13,-0.0,44.3,9637.58,-1
2023-11-27,2023-11-27 13:40:00,216.13,216.13,216.12,216.12,-0.0,44.3,9637.58,-1
2023-11-27,2023-11-27 13:41:00,216.12,216.12,216.11,216.11,-0.0,44.3,9637.58,-1
2023-11-27,2023-11-27 13:42:00,216.11,216.11,216.1,216.1,-0.0,44.3,9637.58,-1
2023-11-27,2023-11-27 13:43:00,216.1,216.1,216.09,216.09,-0.0,44.3,9637.58,-1
2023-11-27,2023-11-27 13:44:00,216.09,216.09,216.07,216.07,-0.01,44.3,9637.58,-1
2023-11-27,2023-11-27 13:45:00,216.07,216.07,216.06,216.06,-0.0,44.3,9637.58,-1
2023-11-27,2023-11-27 13:46:00,216.06,216.06,216.05,216.05,-0.0,44.3,9637.58,-1
2023-11-27,2023-11-27 13:47:00,216.05,216.05,216.04,216.04,-0.0,44.3,9637.58,-1
2023-11-27,2023-11-27 13:48:00,216.04,216.04,216.03,216.03,-0.0,44.3,9637.58,-1
2023-11-27,2023-11-27 13:49:00,216.03,216.03,216.02,216.02,-0.0,44.3,9637.58,-1
2023-11-27,2023-11-27 13:50:00,216.02,216.02,216.0,216.0,-0.01,44.3,9637.58,-1
2023-11-27,2023-11-27 13:51:00,216.0,216.0,215.99,215.99,-0.0,44.3,9637.58,-1
2023-11-27,2023-11-27 13:52:00,215.99,215.99,215.98,215.98,-0.0,44.3,9637.58,-1
2023-11-27,2023-11-27 13:53:00,215.98,215.98,215.97,215.97,-0.0,44.3,9637.58,-1
2023-11-27,2023-11-27 13:54:00,215.97,215.97,215.96,215.96,-0.0,44.3,9637.58,-1
2023-11-27,2023-11-27 13:55:00,215.96,215.96,215.95,215.95,-0.0,44.3,9637.58,-1
2023-11-27,2023-11-27 13:56:00,215.95,215.95,215.94,215.94,-0.0,44.3,9637.58,-1
2023-11-27,2023-11-27 13:57:00,215.94,215.94,215.92,215.92,-0.01,44.3,9637.58,-1
2023-11-27,2023-11-27 13:58:00,215.92,215.92,215.91,215.91,-0.0,44.3,9637.58,-1
2023-11-27,2023-11-27 13:59:00,215.91,215.91,215.9,215.9,-0.0,44.3,9637.58,-1
2023-11-27,2023-11-27 14:00:00,215.9,215.9,215.89,215.89,-0.0,44.3,9637.58,-1
2023-11-27,2023-11-27 14:01:00,215.89,215.89,215.88,215.88,-0.0,44.3,9637.58,-1
2023-11-27,2023-11-27 14:02:00,215.88,215.88,215.86,215.86,-0.01,44.3,9637.58,-1
2023-11-27,2023-11-27 14:03:00,215.86,215.86,215.85,215.85,-0.0,44.3,9637.58,-1
2023-11-27,2023-11-27 14:04:00,215.85,215.85,215.84,215.84,-0.0,44.3,9637.58,-1
2023-11-27,2023-11-27 14:05:00,215.84,215.84,215.83,215.83,-0.0,44.3,9637.58,-1
2023-11-27,2023-11-27 14:06:00,215.83,215.83,215.82,215.82,-0.0,44.3,9637.58,-1
2023-11-27,2023-11-27 14:07:00,215.82,215.82,215.81,215.81,-0.0,44.3,9637.58,-1
2023-11-27,2023-11-27 14:08:00,215.81,215.81,215.79,215.79,-0.01,44.3,9637.58,-1
2023-11-27,2023-11-27 14:09:00,215.79,215.79,215.78,215.78,-0.0,44.3,9637.58,-1
2023-11-27,2023-11-27 14:10:00,215.78,215.78,215.77,215.77,-0.0,44.3,9637.58,-1
2023-11-27,2023-11-27 14:11:00,215.77,215.77,215.76,215.76,-0.0,44.3,9637.58,-1
2023-11-27,2023-11-27 14:12:00,215.76,215.76,215.75,215.75,-0.0,44.3,9637.58,-1
2023-11-27,2023-11-27 14:13:00,215.75,215.75,215.74,215.74,-0.0,44.3,9637.58,-1
2023-11-27,2023-11-27 14:14:00,215.74,215.74,215.72,215.72,-0.01,44.3,9637.58,-1
2023-11-27,2023-11-27 14:15:00,215.72,215.72,215.71,215.71,-0.0,44.3,9637.58,-1
2023-11-27,2023-11-27 14:16:00,215.71,215.71,215.7,215.7,-0.0,44.3,9637.58,-1
2023-11-27,2023-11-27 14:17:00,215.7,215.7,215.69,215.69,-0.0,44.3,9637.58,-1
2023-11-27,2023-11-27 14:18:00,215.69,215.69,215.68,215.68,-0.0,44.3,9637.58,-1
2023-11-27,2023-11-27 14:19:00,215.68,215.68,215.67,215.67,-0.0,44.3,9637.58,-1
2023-11-27,2023-11-27 14:20:00,215.67,215.67,215.66,215.66,-0.0,44.3,9637.58,-1
2023-11-27,2023-11-27 14:21:00,215.66,215.66,215.64,215.64,-0.01,44.3,9637.58,-1
2023-11-27,2023-11-27 14:22:00,215.64,215.64,215.63,215.63,-0.0,44.3,9637.58,-1
2023-11-27,2023-11-27 14:23:00,215.63,215.63,215.62,215.62,-0.0,44.3,9637.58,-1
2023-11-27,2023-11-27 14:24:00,215.62,215.62,215.61,215.61,-0.0,44.3,9637.58,-1
2023-11-27,2023-11-27 14:25:00,215.61,215.61,215.6,215.6,-0.0,44.3,9637.58,-1
2023-11-27,2023-11-27 14:26:00,215.6,215.6,215.58,215.58,-0.01,44.3,9637.58,-1
2023-11-27,2023-11-27 14:27:00,215.58,215.58,215.57,215.57,-0.0,44.3,9637.58,-1
2023-11-27,2023-11-27 14:28:00,215.57,215.57,215.56,215.56,-0.0,44.3,9637.58,-1
2023-11-27,2023-11-27 14:29:00,215.56,215.56,215.55,215.55,-0.0,44.3,9637.58,-1
2023-11-27,2023-11-27 14:30:00,215.55,215.55,215.54,215.54,-0.0,44.3,9637.58,-1
2023-11-27,2023-11-27 14:31:00,215.54,215.54,215.53,215.53,-0.0,44.3,9637.58,-1
2023-11-27,2023-11-27 14:32:00,215.53,215.53,215.51,215.51,-0.01,44.3,9637.58,-1
2023-11-27,2023-11-27 14:33:00,215.51,215.51,215.5,215.5,-0.0,44.3,9637.58,-1
2023-11-27,2023-11-27 14:34:00,215.5,215.5,215.49,215.49,-0.0,44.3,9637.58,-1
2023-11-27,2023-11-27 14:35:00,215.49,215.49,215.48,215.48,-0.0,44.3,9637.58,-1
2023-11-27,2023-11-27 14:36:00,215.48,215.48,215.47,215.47,-0.0,44.3,9637.58,-1
2023-11-27,2023-11-27 14:37:00,215.47,215.47,215.46,215.46,-0.0,44.3,9637.58,-1
2023-11-27,2023-11-27 14:38:00,215.46,215.46,215.44,215.44,-0.01,44.3,9637.58,-1
2023-11-27,2023-11-27 14:39:00,215.44,215.44,215.43,215.43,-0.0,44.3,9637.58,-1
2023-11-27,2023-11-27 14:40:00,215.43,215.43,215.42,215.42,-0.0,44.3,9637.58,-1
2023-11-27,2023-11-27 14:41:00,215.42,215.42,215.41,215.41,-0.0,44.3,9637.58,-1
2023-11-27,2023-11-27 14:42:00,215.41,215.41,215.4,215.4,-0.0,44.3,9637.58,-1
2023-11-27,2023-11-27 14:43:00,215.4,215.4,215.39,215.39,-0.0,44.3,9637.58,-1
2023-11-27,2023-11-27 14:44:00,215.39,215.39,215.38,215.38,-0.0,44.3,9637.58,-1
2023-11-27,2023-11-27 14:45:00,215.38,215.38,215.36,215.36,-0.01,44.3,9637.58,-1
2023-11-27,2023-11-27 14:46:00,215.36,215.36,215.35,215.35,-0.0,44.3,9637.58,-1
2023-11-27,2023-11-27 14:47:00,215.35,215.35,215.34,215.34,-0.0,44.3,9637.58,-1
2023-11-27,2023-11-27 14:48:00,215.34,215.34,215.33,215.33,-0.0,44.3,9637.58,-1
2023-11-27,2023-11-27 14:49:00,215.33,215.33,215.32,215.32,-0.0,44.3,9637.58,-1
2023-11-27,2023-11-27 14:50:00,215.32,215.32,215.3,215.3,-0.01,44.3,9637.58,-1
2023-11-27,2023-11-27 14:51:00,215.3,215.3,215.29,215.29,-0.0,44.3,9637.58,-1
2023-11-27,2023-11-27 14:52:00,215.29,215.29,215.28,215.28,-0.0,44.3,9637.58,-1
2023-11-27,2023-11-27 14:53:00,215.28,215.28,215.27,215.27,-0.0,44.3,9637.58,-1
2023-11-27,2023-11-27 14:54:00,215.27,215.27,215.26,215.26,-0.0,44.3,9637.58,-1
2023-11-27,2023-11-27 14:55:00,215.26,215.26,215.25,215.25,-0.0,44.3,9637.58,-1
2023-11-27,2023-11-27 14:56:00,215.25,215.25,215.23,215.23,-0.01,44.3,9637.58,-1
2023-11-27,2023-11-27 14:57:00,215.23,215.23,215.22,215.22,-0.0,44.3,9637.58,-1
2023-11-27,2023-11-27 14:58:00,215.22,215.22,215.21,215.21,-0.0,44.3,9637.58,-1
2023-11-27,2023-11-27 14:59:00,215.21,215.21,215.2,215.2,-0.0,44.3,9637.58,-1
2023-11-27,2023-11-27 15:00:00,215.2,222.3,212.6,215.2,0.0,44.3,9637.58,0
2023-11-28,2023-11-28 11:00:00,211.0,213.55,211.0,211.02,0.01,12.11,2600.12,1
2023-11-28,2023-11-28 11:01:00,211.02,211.04,211.02,211.04,0.01,12.11,2600.12,1
2023-11-28,2023-11-28 11:02:00,211.04,211.06,211.04,211.06,0.01,12.11,2600.12,1
2023-11-28,2023-11-28 11:03:00,211.06,211.08,211.06,211.08,0.01,12.11,2600.12,1
2023-11-28,2023-11-28 11:04:00,211.08,211.1,211.08,211.1,0.01,12.11,2600.12,1
2023-11-28,2023-11-28 11:05:00,211.1,211.12,211.1,211.12,0.01,12.11,2600.12,1
2023-11-28,2023-11-28 11:06:00,211.12,211.15,211.12,211.15,0.01,12.11,2600.12,1
2023-11-28,2023-11-28 11:07:00,211.15,211.17,211.15,211.17,0.01,12.11,2600.12,1
2023-11-28,2023-11-28 11:08:00,211.17,211.19,211.17,211.19,0.01,12.11,2600.12,1
2023-11-28,2023-11-28 11:09:00,211.19,211.21,211.19,211.21,0.01,12.11,2600.12,1
2023-11-28,2023-11-28 11:10:00,211.21,211.23,211.21,211.23,0.01,12.11,2600.12,1
2023-11-28,2023-11-28 11:11:00,211.23,211.25,211.23,211.25,0.01,12.11,2600.12,1
2023-11-28,2023-11-28 11:12:00,211.25,211.27,211.25,211.27,0.01,12.11,2600.12,1
2023-11-28,2023-11-28 11:13:00,211.27,211.29,211.27,211.29,0.01,12.11,2600.12,1
2023-11-28,2023-11-28 11:14:00,211.29,211.31,211.29,211.31,0.01,12.11,2600.12,1
2023-11-28,2023-11-28 11:15:00,211.31,211.33,211.31,211.33,0.01,12.11,2600.12,1
2023-11-28,2023-11-28 11:16:00,211.33,211.35,211.33,211.35,0.01,12.11,2600.12,1
2023-11-28,2023-11-28 11:17:00,211.35,211.38,211.35,211.38,0.01,12.11,2600.12,1
2023-11-28,2023-11-28 11:18:00,211.38,211.4,211.38,211.4,0.01,12.11,2600.12,1
2023-11-28,2023-11-28 11:19:00,211.4,211.42,211.4,211.42,0.01,12.11,2600.12,1
2023-11-28,2023-11-28 11:20:00,211.42,211.44,211.42,211.44,0.01,12.11,2600.12,1
2023-11-28,2023-11-28 11:21:00,211.44,211.46,211.44,211.46,0.01,12.11,2600.12,1
2023-11-28,2023-11-28 11:22:00,211.46,211.48,211.46,211.48,0.01,12.11,2600.12,1
2023-11-28,2023-11-28 11:23:00,211.48,211.5,211.48,211.5,0.01,12.11,2600.12,1
2023-11-28,2023-11-28 11:24:00,211.5,211.52,211.5,211.52,0.01,12.11,2600.12,1
2023-11-28,2023-11-28 11:25:00,211.52,211.54,211.52,211.54,0.01,12.11,2600.12,1
2023-11-28,2023-11-28 11:26:00,211.54,211.56,211.54,211.56,0.01,12.11,2600.12,1
2023-11-28,2023-11-28 11:27:00,211.56,211.58,211.56,211.58,0.01,12.11,2600.12,1
2023-11-28,2023-11-28 11:28:00,211.58,211.6,211.58,211.6,0.01,12.11,2600.12,1
2023-11-28,2023-11-28 11:29:00,211.6,211.62,211.6,211.62,0.01,12.11,2600.12,1
2023-11-28,2023-11-28 11:30:00,211.62,211.65,211.62,211.65,0.01,12.11,2600.12,1
2023-11-28,2023-11-28 11:31:00,211.65,211.67,211.65,211.67,0.01,12.11,2600.12,1
2023-11-28,2023-11-28 11:32:00,211.67,211.69,211.67,211.69,0.01,12.11,2600.12,1
2023-11-28,2023-11-28 11:33:00,211.69,211.71,211.69,211.71,0.01,12.11,2600.12,1
2023-11-28,2023-11-28 11:34:00,211.71,211.73,211.71,211.73,0.01,12.11,2600.12,1
2023-11-28,2023-11-28 11:35:00,211.73,211.75,211.73,211.75,0.01,12.11,2600.12,1
2023-11-28,2023-11-28 11:36:00,211.75,211.77,211.75,211.77,0.01,12.11,2600.12,1
2023-11-28,2023-11-28 11:37:00,211.77,211.79,211.77,211.79,0.01,12.11,2600.12,1
2023-11-28,2023-11-28 11:38:00,211.79,211.81,211.79,211.81,0.01,12.11,2600.12,1
2023-11-28,2023-11-28 11:39:00,211.81,211.83,211.81,211.83,0.01,12.11,2600.12,1
2023-11-28,2023-11-28 11:40:00,211.83,211.85,211.83,211.85,0.01,12.11,2600.12,1
2023-11-28,2023-11-28 11:41:00,211.85,211.88,211.85,211.88,0.01,12.11,2600.12,1
2023-11-28,2023-11-28 11:42:00,211.88,211.9,211.88,211.9,0.01,12.11,2600.12,1
2023-11-28,2023-11-28 11:43:00,211.9,211.92,211.9,211.92,0.01,12.11,2600.12,1
2023-11-28,2023-11-28 11:44:00,211.92,211.94,211.92,211.94,0.01,12.11,2600.12,1
2023-11-28,2023-11-28 11:45:00,211.94,211.96,211.94,211.96,0.01,12.11,2600.12,1
2023-11-28,2023-11-28 11:46:00,211.96,211.98,211.96,211.98,0.01,12.11,2600.12,1
2023-11-28,2023-11-28 11:47:00,211.98,212.0,211.98,212.0,0.01,12.11,2600.12,1
2023-11-28,2023-11-28 11:48:00,212.0,212.02,212.0,212.02,0.01,12.11,2600.12,1
2023-11-28,2023-11-28 11:49:00,212.02,212.04,212.02,212.04,0.01,12.11,2600.12,1
2023-11-28,2023-11-28 11:50:00,212.04,212.06,212.04,212.06,0.01,12.11,2600.12,1
2023-11-28,2023-11-28 11:51:00,212.06,212.08,212.06,212.08,0.01,12.11,2600.12,1
2023-11-28,2023-11-28 11:52:00,212.08,212.1,212.08,212.1,0.01,12.11,2600.12,1
2023-11-28,2023-11-28 11:53:00,212.1,212.12,212.1,212.12,0.01,12.11,2600.12,1
2023-11-28,2023-11-28 11:54:00,212.12,212.15,212.12,212.15,0.01,12.11,2600.12,1
2023-11-28,2023-11-28 11:55:00,212.15,212.17,212.15,212.17,0.01,12.11,2600.12,1
2023-11-28,2023-11-28 11:56:00,212.17,212.19,212.17,212.19,0.01,12.11,2600.12,1
2023-11-28,2023-11-28 11:57:00,212.19,212.21,212.19,212.21,0.01,12.11,2600.12,1
2023-11-28,2023-11-28 11:58:00,212.21,212.23,212.21,212.23,0.01,12.11,2600.12,1
2023-11-28,2023-11-28 11:59:00,212.23,212.25,212.23,212.25,0.01,12.11,2600.12,1
2023-11-28,2023-11-28 12:00:00,212.25,212.27,212.25,212.27,0.01,12.11,2600.12,1
2023-11-28,2023-11-28 12:01:00,212.27,212.29,212.27,212.29,0.01,12.11,2600.12,1
2023-11-28,2023-11-28 12:02:00,212.29,212.31,212.29,212.31,0.01,12.11,2600.12,1
2023-11-28,2023-11-28 12:03:00,212.31,212.33,212.31,212.33,0.01,12.11,2600.12,1
2023-11-28,2023-11-28 12:04:00,212.33,212.35,212.33,212.35,0.01,12.11,2600.12,1
2023-11-28,2023-11-28 12:05:00,212.35,212.38,212.35,212.38,0.01,12.11,2600.12,1
2023-11-28,2023-11-28 12:06:00,212.38,212.4,212.38,212.4,0.01,12.11,2600.12,1
2023-11-28,2023-11-28 12:07:00,212.4,212.42,212.4,212.42,0.01,12.11,2600.12,1
2023-11-28,2023-11-28 12:08:00,212.42,212.44,212.42,212.44,0.01,12.11,2600.12,1
2023-11-28,2023-11-28 12:09:00,212.44,212.46,212.44,212.46,0.01,12.11,2600.12,1
2023-11-28,2023-11-28 12:10:00,212.46,212.48,212.46,212.48,0.01,12.11,2600.12,1
2023-11-28,2023-11-28 12:11:00,212.48,212.5,212.48,212.5,0.01,12.11,2600.12,1
2023-11-28,2023-11-28 12:12:00,212.5,212.52,212.5,212.52,0.01,12.11,2600.12,1
2023-11-28,2023-11-28 12:13:00,212.52,212.54,212.52,212.54,0.01,12.11,2600.12,1
2023-11-28,2023-11-28 12:14:00,212.54,212.56,212.54,212.56,0.01,12.11,2600.12,1
2023-11-28,2023-11-28 12:15:00,212.56,212.58,212.56,212.58,0.01,12.11,2600.12,1
2023-11-28,2023-11-28 12:16:00,212.58,212.6,212.58,212.6,0.01,12.11,2600.12,1
2023-11-28,2023-11-28 12:17:00,212.6,212.62,212.6,212.62,0.01,12.11,2600.12,1
2023-11-28,2023-11-28 12:18:00,212.62,212.65,212.62,212.65,0.01,12.11,2600.12,1
2023-11-28,2023-11-28 12:19:00,212.65,212.67,212.65,212.67,0.01,12.11,2600.12,1
2023-11-28,2023-11-28 12:20:00,212.67,212.69,212.67,212.69,0.01,12.11,2600.12,1
2023-11-28,2023-11-28 12:21:00,212.69,212.71,212.69,212.71,0.01,12.11,2600.12,1
2023-11-28,2023-11-28 12:22:00,212.71,212.73,212.71,212.73,0.01,12.11,2600.12,1
2023-11-28,2023-11-28 12:23:00,212.73,212.75,212.73,212.75,0.01,12.11,2600.12,1
2023-11-28,2023-11-28 12:24:00,212.75,212.77,212.75,212.77,0.01,12.11,2600.12,1
2023-11-28,2023-11-28 12:25:00,212.77,212.79,212.77,212.79,0.01,12.11,2600.12,1
2023-11-28,2023-11-28 12:26:00,212.79,212.81,212.79,212.81,0.01,12.11,2600.12,1
2023-11-28,2023-11-28 12:27:00,212.81,212.83,212.81,212.83,0.01,12.11,2600.12,1
2023-11-28,2023-11-28 12:28:00,212.83,212.85,212.83,212.85,0.01,12.11,2600.12,1
2023-11-28,2023-11-28 12:29:00,212.85,212.88,212.85,212.88,0.01,12.11,2600.12,1
2023-11-28,2023-11-28 12:30:00,212.88,212.9,212.88,212.9,0.01,12.11,2600.12,1
2023-11-28,2023-11-28 12:31:00,212.9,212.92,212.9,212.92,0.01,12.11,2600.12,1
2023-11-28,2023-11-28 12:32:00,212.92,212.94,212.92,212.94,0.01,12.11,2600.12,1
2023-11-28,2023-11-28 12:33:00,212.94,212.96,212.94,212.96,0.01,12.11,2600.12,1
2023-11-28,2023-11-28 12:34:00,212.96,212.98,212.96,212.98,0.01,12.11,2600.12,1
2023-11-28,2023-11-28 12:35:00,212.98,213.0,212.98,213.0,0.01,12.11,2600.12,1
2023-11-28,2023-11-28 12:36:00,213.0,213.02,213.0,213.02,0.01,12.11,2600.12,1
2023-11-28,2023-11-28 12:37:00,213.02,213.04,213.02,213.04,0.01,12.11,2600.12,1
2023-11-28,2023-11-28 12:38:00,213.04,213.06,213.04,213.06,0.01,12.11,2600.12,1
2023-11-28,2023-11-28 12:39:00,213.06,213.08,213.06,213.08,0.01,12.11,2600.12,1
2023-11-28,2023-11-28 12:40:00,213.08,213.1,213.08,213.1,0.01,12.11,2600.12,1
2023-11-28,2023-11-28 12:41:00,213.1,213.12,213.1,213.12,0.01,12.11,2600.12,1
2023-11-28,2023-11-28 12:42:00,213.12,213.15,213.12,213.15,0.01,12.11,2600.12,1
2023-11-28,2023-11-28 12:43:00,213.15,213.17,213.15,213.17,0.01,12.11,2600.12,1
2023-11-28,2023-11-28 12:44:00,213.17,213.19,213.17,213.19,0.01,12.11,2600.12,1
2023-11-28,2023-11-28 12:45:00,213.19,213.21,213.19,213.21,0.01,12.11,2600.12,1
2023-11-28,2023-11-28 12:46:00,213.21,213.23,213.21,213.23,0.01,12.11,2600.12,1
2023-11-28,2023-11-28 12:47:00,213.23,213.25,213.23,213.25,0.01,12.11,2600.12,1
2023-11-28,2023-11-28 12:48:00,213.25,213.27,213.25,213.27,0.01,12.11,2600.12,1
2023-11-28,2023-11-28 12:49:00,213.27,213.29,213.27,213.29,0.01,12.11,2600.12,1
2023-11-28,2023-11-28 12:50:00,213.29,213.31,213.29,213.31,0.01,12.11,2600.12,1
2023-11-28,2023-11-28 12:51:00,213.31,213.33,213.31,213.33,0.01,12.11,2600.12,1
2023-11-28,2023-11-28 12:52:00,213.33,213.35,213.33,213.35,0.01,12.11,2600.12,1
2023-11-28,2023-11-28 12:53:00,213.35,213.38,213.35,213.38,0.01,12.11,2600.12,1
2023-11-28,2023-11-28 12:54:00,213.38,213.4,213.38,213.4,0.01,12.11,2600.12,1
2023-11-28,2023-11-28 12:55:00,213.4,213.42,213.4,213.42,0.01,12.11,2600.12,1
2023-11-28,2023-11-28 12:56:00,213.42,213.44,213.42,213.44,0.01,12.11,2600.12,1
2023-11-28,2023-11-28 12:57:00,213.44,213.46,213.44,213.46,0.01,12.11,2600.12,1
2023-11-28,2023-11-28 12:58:00,213.46,213.48,213.46,213.48,0.01,12.11,2600.12,1
2023-11-28,2023-11-28 12:59:00,213.48,213.5,213.48,213.5,0.01,12.11,2600.12,1
2023-11-28,2023-11-28 13:00:00,213.5,219.5,211.0,213.52,0.01,12.11,2600.12,1
2023-11-28,2023-11-28 13:01:00,213.52,213.54,213.52,213.54,0.01,12.11,2600.12,1
2023-11-28,2023-11-28 13:02:00,213.54,213.56,213.54,213.56,0.01,12.11,2600.12,1
2023-11-28,2023-11-28 13:03:00,213.56,213.58,213.56,213.58,0.01,12.11,2600.12,1
2023-11-28,2023-11-28 13:04:00,213.58,213.6,213.58,213.6,0.01,12.11,2600.12,1
2023-11-28,2023-11-28 13:05:00,213.6,213.62,213.6,213.62,0.01,12.11,2600.12,1
2023-11-28,2023-11-28 13:06:00,213.62,213.65,213.62,213.65,0.01,12.11,2600.12,1
2023-11-28,2023-11-28 13:07:00,213.65,213.67,213.65,213.67,0.01,12.11,2600.12,1
2023-11-28,2023-11-28 13:08:00,213.67,213.69,213.67,213.69,0.01,12.11,2600.12,1
2023-11-28,2023-11-28 13:09:00,213.69,213.71,213.69,213.71,0.01,12.11,2600.12,1
2023-11-28,2023-11-28 13:10:00,213.71,213.73,213.71,213.73,0.01,12.11,2600.12,1
2023-11-28,2023-11-28 13:11:00,213.73,213.75,213.73,213.75,0.01,12.11,2600.12,1
2023-11-28,2023-11-28 13:12:00,213.75,213.77,213.75,213.77,0.01,12.11,2600.12,1
2023-11-28,2023-11-28 13:13:00,213.77,213.79,213.77,213.79,0.01,12.11,2600.12,1
2023-11-28,2023-11-28 13:14:00,213.79,213.81,213.79,213.81,0.01,12.11,2600.12,1
2023-11-28,2023-11-28 13:15:00,213.81,213.83,213.81,213.83,0.01,12.11,2600.12,1
2023-11-28,2023-11-28 13:16:00,213.83,213.85,213.83,213.85,0.01,12.11,2600.12,1
2023-11-28,2023-11-28 13:17:00,213.85,213.88,213.85,213.88,0.01,12.11,2600.12,1
2023-11-28,2023-11-28 13:18:00,213.88,213.9,213.88,213.9,0.01,12.11,2600.12,1
2023-11-28,2023-11-28 13:19:00,213.9,213.92,213.9,213.92,0.01,12.11,2600.12,1
2023-11-28,2023-11-28 13:20:00,213.92,213.94,213.92,213.94,0.01,12.11,2600.12,1
2023-11-28,2023-11-28 13:21:00,213.94,213.96,213.94,213.96,0.01,12.11,2600.12,1
2023-11-28,2023-11-28 13:22:00,213.96,213.98,213.96,213.98,0.01,12.11,2600.12,1
2023-11-28,2023-11-28 13:23:00,213.98,214.0,213.98,214.0,0.01,12.11,2600.12,1
2023-11-28,2023-11-28 13:24:00,214.0,214.02,214.0,214.02,0.01,12.11,2600.12,1
2023-11-28,2023-11-28 13:25:00,214.02,214.04,214.02,214.04,0.01,12.11,2600.12,1
2023-11-28,2023-11-28 13:26:00,214.04,214.06,214.04,214.06,0.01,12.11,2600.12,1
2023-11-28,2023-11-28 13:27:00,214.06,214.08,214.06,214.08,0.01,12.11,2600.12,1
2023-11-28,2023-11-28 13:28:00,214.08,214.1,214.08,214.1,0.01,12.11,2600.12,1
2023-11-28,2023-11-28 13:29:00,214.1,214.12,214.1,214.12,0.01,12.11,2600.12,1
2023-11-28,2023-11-28 13:30:00,214.12,214.15,214.12,214.15,0.01,12.11,2600.12,1
2023-11-28,2023-11-28 13:31:00,214.15,214.17,214.15,214.17,0.01,12.11,2600.12,1
2023-11-28,2023-11-28 13:32:00,214.17,214.19,214.17,214.19,0.01,12.11,2600.12,1
2023-11-28,2023-11-28 13:33:00,214.19,214.21,214.19,214.21,0.01,12.11,2600.12,1
2023-11-28,2023-11-28 13:34:00,214.21,214.23,214.21,214.23,0.01,12.11,2600.12,1
2023-11-28,2023-11-28 13:35:00,214.23,214.25,214.23,214.25,0.01,12.11,2600.12,1
2023-11-28,2023-11-28 13:36:00,214.25,214.27,214.25,214.27,0.01,12.11,2600.12,1
2023-11-28,2023-11-28 13:37:00,214.27,214.29,214.27,214.29,0.01,12.11,2600.12,1
2023-11-28,2023-11-28 13:38:00,214.29,214.31,214.29,214.31,0.01,12.11,2600.12,1
2023-11-28,2023-11-28 13:39:00,214.31,214.33,214.31,214.33,0.01,12.11,2600.12,1
2023-11-28,2023-11-28 13:40:00,214.33,214.35,214.33,214.35,0.01,12.11,2600.12,1
2023-11-28,2023-11-28 13:41:00,214.35,214.38,214.35,214.38,0.01,12.11,2600.12,1
2023-11-28,2023-11-28 13:42:00,214.38,214.4,214.38,214.4,0.01,12.11,2600.12,1
2023-11-28,2023-11-28 13:43:00,214.4,214.42,214.4,214.42,0.01,12.11,2600.12,1
2023-11-28,2023-11-28 13:44:00,214.42,214.44,214.42,214.44,0.01,12.11,2600.12,1
2023-11-28,2023-11-28 13:45:00,214.44,214.46,214.44,214.46,0.01,12.11,2600.12,1
2023-11-28,2023-11-28 13:46:00,214.46,214.48,214.46,214.48,0.01,12.11,2600.12,1
2023-11-28,2023-11-28 13:47:00,214.48,214.5,214.48,214.5,0.01,12.11,2600.12,1
2023-11-28,2023-11-28 13:48:00,214.5,214.52,214.5,214.52,0.01,12.11,2600.12,1
2023-11-28,2023-11-28 13:49:00,214.52,214.54,214.52,214.54,0.01,12.11,2600.12,1
2023-11-28,2023-11-28 13:50:00,214.54,214.56,214.54,214.56,0.01,12.11,2600.12,1
2023-11-28,2023-11-28 13:51:00,214.56,214.58,214.56,214.58,0.01,12.11,2600.12,1
2023-11-28,2023-11-28 13:52:00,214.58,214.6,214.58,214.6,0.01,12.11,2600.12,1
2023-11-28,2023-11-28 13:53:00,214.6,214.62,214.6,214.62,0.01,12.11,2600.12,1
2023-11-28,2023-11-28 13:54:00,214.62,214.65,214.62,214.65,0.01,12.11,2600.12,1
2023-11-28,2023-11-28 13:55:00,214.65,214.67,214.65,214.67,0.01,12.11,2600.12,1
2023-11-28,2023-11-28 13:56:00,214.67,214.69,214.67,214.69,0.01,12.11,2600.12,1
2023-11-28,2023-11-28 13:57:00,214.69,214.71,214.69,214.71,0.01,12.11,2600.12,1
2023-11-28,2023-11-28 13:58:00,214.71,214.73,214.71,214.73,0.01,12.11,2600.12,1
2023-11-28,2023-11-28 13:59:00,214.73,214.75,214.73,214.75,0.01,12.11,2600.12,1
2023-11-28,2023-11-28 14:00:00,214.75,214.77,214.75,214.77,0.01,12.11,2600.12,1
2023-11-28,2023-11-28 14:01:00,214.77,214.79,214.77,214.79,0.01,12.11,2600.12,1
2023-11-28,2023-11-28 14:02:00,214.79,214.81,214.79,214.81,0.01,12.11,2600.12,1
2023-11-28,2023-11-28 14:03:00,214.81,214.83,214.81,214.83,0.01,12.11,2600.12,1
2023-11-28,2023-11-28 14:04:00,214.83,214.85,214.83,214.85,0.01,12.11,2600.12,1
2023-11-28,2023-11-28 14:05:00,214.85,214.88,214.85,214.88,0.01,12.11,2600.12,1
2023-11-28,2023-11-28 14:06:00,214.88,214.9,214.88,214.9,0.01,12.11,2600.12,1
2023-11-28,2023-11-28 14:07:00,214.9,214.92,214.9,214.92,0.01,12.11,2600.12,1
2023-11-28,2023-11-28 14:08:00,214.92,214.94,214.92,214.94,0.01,12.11,2600.12,1
2023-11-28,2023-11-28 14:09:00,214.94,214.96,214.94,214.96,0.01,12.11,2600.12,1
2023-11-28,2023-11-28 14:10:00,214.96,214.98,214.96,214.98,0.01,12.11,2600.12,1
2023-11-28,2023-11-28 14:11:00,214.98,215.0,214.98,215.0,0.01,12.11,2600.12,1
2023-11-28,2023-11-28 14:12:00,215.0,215.02,215.0,215.02,0.01,12.11,2600.12,1
2023-11-28,2023-11-28 14:13:00,215.02,215.04,215.02,215.04,0.01,12.11,2600.12,1
2023-11-28,2023-11-28 14:14:00,215.04,215.06,215.04,215.06,0.01,12.11,2600.12,1
2023-11-28,2023-11-28 14:15:00,215.06,215.08,215.06,215.08,0.01,12.11,2600.12,1
2023-11-28,2023-11-28 14:16:00,215.08,215.1,215.08,215.1,0.01,12.11,2600.12,1
2023-11-28,2023-11-28 14:17:00,215.1,215.12,215.1,215.12,0.01,12.11,2600.12,1
2023-11-28,2023-11-28 14:18:00,215.12,215.15,215.12,215.15,0.01,12.11,2600.12,1
2023-11-28,2023-11-28 14:19:00,215.15,215.17,215.15,215.17,0.01,12.11,2600.12,1
2023-11-28,2023-11-28 14:20:00,215.17,215.19,215.17,215.19,0.01,12.11,2600.12,1
2023-11-28,2023-11-28 14:21:00,215.19,215.21,215.19,215.21,0.01,12.11,2600.12,1
2023-11-28,2023-11-28 14:22:00,215.21,215.23,215.21,215.23,0.01,12.11,2600.12,1
2023-11-28,2023-11-28 14:23:00,215.23,215.25,215.23,215.25,0.01,12.11,2600.12,1
2023-11-28,2023-11-28 14:24:00,215.25,215.27,215.25,215.27,0.01,12.11,2600.12,1
2023-11-28,2023-11-28 14:25:00,215.27,215.29,215.27,215.29,0.01,12.11,2600.12,1
2023-11-28,2023-11-28 14:26:00,215.29,215.31,215.29,215.31,0.01,12.11,2600.12,1
2023-11-28,2023-11-28 14:27:00,215.31,215.33,215.31,215.33,0.01,12.11,2600.12,1
2023-11-28,2023-11-28 14:28:00,215.33,215.35,215.33,215.35,0.01,12.11,2600.12,1
2023-11-28,2023-11-28 14:29:00,215.35,215.38,215.35,215.38,0.01,12.11,2600.12,1
2023-11-28,2023-11-28 14:30:00,215.38,215.4,215.38,215.4,0.01,12.11,2600.12,1
2023-11-28,2023-11-28 14:31:00,215.4,215.42,215.4,215.42,0.01,12.11,2600.12,1
2023-11-28,2023-11-28 14:32:00,215.42,215.44,215.42,215.44,0.01,12.11,2600.12,1
2023-11-28,2023-11-28 14:33:00,215.44,215.46,215.44,215.46,0.01,12.11,2600.12,1
2023-11-28,2023-11-28 14:34:00,215.46,215.48,215.46,215.48,0.01,12.11,2600.12,1
2023-11-28,2023-11-28 14:35:00,215.48,215.5,215.48,215.5,0.01,12.11,2600.12,1
2023-11-28,2023-11-28 14:36:00,215.5,215.52,215.5,215.52,0.01,12.11,2600.12,1
2023-11-28,2023-11-28 14:37:00,215.52,215.54,215.52,215.54,0.01,12.11,2600.12,1
2023-11-28,2023-11-28 14:38:00,215.54,215.56,215.54,215.56,0.01,12.11,2600.12,1
2023-11-28,2023-11-28 14:39:00,215.56,215.58,215.56,215.58,0.01,12.11,2600.12,1
2023-11-28,2023-11-28 14:40:00,215.58,215.6,215.58,215.6,0.01,12.11,2600.12,1
2023-11-28,2023-11-28 14:41:00,215.6,215.62,215.6,215.62,0.01,12.11,2600.12,1
2023-11-28,2023-11-28 14:42:00,215.62,215.65,215.62,215.65,0.01,12.11,2600.12,1
2023-11-28,2023-11-28 14:43:00,215.65,215.67,215.65,215.67,0.01,12.11,2600.12,1
2023-11-28,2023-11-28 14:44:00,215.67,215.69,215.67,215.69,0.01,12.11,2600.12,1
2023-11-28,2023-11-28 14:45:00,215.69,215.71,215.69,215.71,0.01,12.11,2600.12,1
2023-11-28,2023-11-28 14:46:00,215.71,215.73,215.71,215.73,0.01,12.11,2600.12,1
2023-11-28,2023-11-28 14:47:00,215.73,215.75,215.73,215.75,0.01,12.11,2600.12,1
2023-11-28,2023-11-28 14:48:00,215.75,215.77,215.75,215.77,0.01,12.11,2600.12,1
2023-11-28,2023-11-28 14:49:00,215.77,215.79,215.77,215.79,0.01,12.11,2600.12,1
2023-11-28,2023-11-28 14:50:00,215.79,215.81,215.79,215.81,0.01,12.11,2600.12,1
2023-11-28,2023-11-28 14:51:00,215.81,215.83,215.81,215.83,0.01,12.11,2600.12,1
2023-11-28,2023-11-28 14:52:00,215.83,215.85,215.83,215.85,0.01,12.11,2600.12,1
2023-11-28,2023-11-28 14:53:00,215.85,215.88,215.85,215.88,0.01,12.11,2600.12,1
2023-11-28,2023-11-28 14:54:00,215.88,215.9,215.88,215.9,0.01,12.11,2600.12,1
2023-11-28,2023-11-28 14:55:00,215.9,215.92,215.9,215.92,0.01,12.11,2600.12,1
2023-11-28,2023-11-28 14:56:00,215.92,215.94,215.92,215.94,0.01,12.11,2600.12,1
2023-11-28,2023-11-28 14:57:00,215.94,215.96,215.94,215.96,0.01,12.11,2600.12,1
2023-11-28,2023-11-28 14:58:00,215.96,215.98,215.96,215.98,0.01,12.11,2600.12,1
2023-11-28,2023-11-28 14:59:00,215.98,216.0,215.98,216.0,0.01,12.11,2600.12,1
2023-11-28,2023-11-28 15:00:00,216.0,219.5,211.0,216.0,0.0,12.11,2600.12,0
2023-11-29,2023-11-29 11:00:00,215.0,216.59,213.95,215.0,0.0,19.78,4238.38,0
2023-11-29,2023-11-29 11:01:00,215.0,215.0,215.0,215.0,0.0,19.78,4238.38,0
2023-11-29,2023-11-29 11:02:00,215.0,215.0,215.0,215.0,0.0,19.78,4238.38,0
2023-11-29,2023-11-29 11:03:00,215.0,215.0,215.0,215.0,0.0,19.78,4238.38,0
2023-11-29,2023-11-29 11:04:00,215.0,215.0,215.0,215.0,0.0,19.78,4238.38,0
2023-11-29,2023-11-29 11:05:00,215.0,215.0,215.0,215.0,0.0,19.78,4238.38,0
2023-11-29,2023-11-29 11:06:00,215.0,215.0,214.99,214.99,-0.0,19.78,4238.38,-1
2023-11-29,2023-11-29 11:07:00,214.99,214.99,214.99,214.99,0.0,19.78,4238.38,0
2023-11-29,2023-11-29 11:08:00,214.99,214.99,214.99,214.99,0.0,19.78,4238.38,0
2023-11-29,2023-11-29 11:09:00,214.99,214.99,214.99,214.99,0.0,19.78,4238.38,0
2023-11-29,2023-11-29 11:10:00,214.99,214.99,214.99,214.99,0.0,19.78,4238.38,0
2023-11-29,2023-11-29 11:11:00,214.99,214.99,214.99,214.99,0.0,19.78,4238.38,0
2023-11-29,2023-11-29 11:12:00,214.99,214.99,214.99,214.99,0.0,19.78,4238.38,0
2023-11-29,2023-11-29 11:13:00,214.99,214.99,214.99,214.99,0.0,19.78,4238.38,0
2023-11-29,2023-11-29 11:14:00,214.99,214.99,214.99,214.99,0.0,19.78,4238.38,0
2023-11-29,2023-11-29 11:15:00,214.99,214.99,214.99,214.99,0.0,19.78,4238.38,0
2023-11-29,2023-11-29 11:16:00,214.99,214.99,214.99,214.99,0.0,19.78,4238.38,0
2023-11-29,2023-11-29 11:17:00,214.99,214.99,214.99,214.99,0.0,19.78,4238.38,0
2023-11-29,2023-11-29 11:18:00,214.99,214.99,214.98,214.98,-0.0,19.78,4238.38,-1
2023-11-29,2023-11-29 11:19:00,214.98,214.98,214.98,214.98,0.0,19.78,4238.38,0
2023-11-29,2023-11-29 11:20:00,214.98,214.98,214.98,214.98,0.0,19.78,4238.38,0
2023-11-29,2023-11-29 11:21:00,214.98,214.98,214.98,214.98,0.0,19.78,4238.38,0
2023-11-29,2023-11-29 11:22:00,214.98,214.98,214.98,214.98,0.0,19.78,4238.38,0
2023-11-29,2023-11-29 11:23:00,214.98,214.98,214.98,214.98,0.0,19.78,4238.38,0
2023-11-29,2023-11-29 11:24:00,214.98,214.98,214.98,214.98,0.0,19.78,4238.38,0
2023-11-29,2023-11-29 11:25:00,214.98,214.98,214.98,214.98,0.0,19.78,4238.38,0
2023-11-29,2023-11-29 11:26:00,214.98,214.98,214.98,214.98,0.0,19.78,4238.38,0
2023-11-29,2023-11-29 11:27:00,214.98,214.98,214.98,214.98,0.0,19.78,4238.38,0
2023-11-29,2023-11-29 11:28:00,214.98,214.98,214.98,214.98,0.0,19.78,4238.38,0
2023-11-29,2023-11-29 11:29:00,214.98,214.98,214.97,214.97,-0.0,19.78,4238.38,-1
2023-11-29,2023-11-29 11:30:00,214.97,214.97,214.97,214.97,0.0,19.78,4238.38,0
2023-11-29,2023-11-29 11:31:00,214.97,214.97,214.97,214.97,0.0,19.78,4238.38,0
2023-11-29,2023-11-29 11:32:00,214.97,214.97,214.97,214.97,0.0,19.78,4238.38,0
2023-11-29,2023-11-29 11:33:00,214.97,214.97,214.97,214.97,0.0,19.78,4238.38,0
2023-11-29,2023-11-29 11:34:00,214.97,214.97,214.97,214.97,0.0,19.78,4238.38,0
2023-11-29,2023-11-29 11:35:00,214.97,214.97,214.97,214.97,0.0,19.78,4238.38,0
2023-11-29,2023-11-29 11:36:00,214.97,214.97,214.97,214.97,0.0,19.78,4238.38,0
2023-11-29,2023-11-29 11:37:00,214.97,214.97,214.97,214.97,0.0,19.78,4238.38,0
2023-11-29,2023-11-29 11:38:00,214.97,214.97,214.97,214.97,0.0,19.78,4238.38,0
2023-11-29,2023-11-29 11:39:00,214.97,214.97,214.97,214.97,0.0,19.78,4238.38,0
2023-11-29,2023-11-29 11:40:00,214.97,214.97,214.97,214.97,0.0,19.78,4238.38,0
2023-11-29,2023-11-29 11:41:00,214.97,214.97,214.97,214.97,0.0,19.78,4238.38,0
2023-11-29,2023-11-29 11:42:00,214.97,214.97,214.96,214.96,-0.0,19.78,4238.38,-1
2023-11-29,2023-11-29 11:43:00,214.96,214.96,214.96,214.96,0.0,19.78,4238.38,0
2023-11-29,2023-11-29 11:44:00,214.96,214.96,214.96,214.96,0.0,19.78,4238.38,0
2023-11-29,2023-11-29 11:45:00,214.96,214.96,214.96,214.96,0.0,19.78,4238.38,0
2023-11-29,2023-11-29 11:46:00,214.96,214.96,214.96,214.96,0.0,19.78,4238.38,0
2023-11-29,2023-11-29 11:47:00,214.96,214.96,214.96,214.96,0.0,19.78,4238.38,0
2023-11-29,2023-11-29 11:48:00,214.96,214.96,214.96,214.96,0.0,19.78,4238.38,0
2023-11-29,2023-11-29 11:49:00,214.96,214.96,214.96,214.96,0.0,19.78,4238.38,0
2023-11-29,2023-11-29 11:50:00,214.96,214.96,214.96,214.96,0.0,19.78,4238.38,0
2023-11-29,2023-11-29 11:51:00,214.96,214.96,214.96,214.96,0.0,19.78,4238.38,0
2023-11-29,2023-11-29 11:52:00,214.96,214.96,214.96,214.96,0.0,19.78,4238.38,0
2023-11-29,2023-11-29 11:53:00,214.96,214.96,214.96,214.96,0.0,19.78,4238.38,0
2023-11-29,2023-11-29 11:54:00,214.96,214.96,214.95,214.95,-0.0,19.78,4238.38,-1
2023-11-29,2023-11-29 11:55:00,214.95,214.95,214.95,214.95,0.0,19.78,4238.38,0
2023-11-29,2023-11-29 11:56:00,214.95,214.95,214.95,214.95,0.0,19.78,4238.38,0
2023-11-29,2023-11-29 11:57:00,214.95,214.95,214.95,214.95,0.0,19.78,4238.38,0
2023-11-29,2023-11-29 11:58:00,214.95,214.95,214.95,214.95,0.0,19.78,4238.38,0
2023-11-29,2023-11-29 11:59:00,214.95,214.95,214.95,214.95,0.0,19.78,4238.38,0
2023-11-29,2023-11-29 12:00:00,214.95,214.95,214.95,214.95,0.0,19.78,4238.38,0
2023-11-29,2023-11-29 12:01:00,214.95,214.95,214.95,214.95,0.0,19.78,4238.38,0
2023-11-29,2023-11-29 12:02:00,214.95,214.95,214.95,214.95,0.0,19.78,4238.38,0
2023-11-29,2023-11-29 12:03:00,214.95,214.95,214.95,214.95,0.0,19.78,4238.38,0
2023-11-29,2023-11-29 12:04:00,214.95,214.95,214.95,214.95,0.0,19.78,4238.38,0
2023-11-29,2023-11-29 12:05:00,214.95,214.95,214.94,214.94,-0.0,19.78,4238.38,-1
2023-11-29,2023-11-29 12:06:00,214.94,214.94,214.94,214.94,0.0,19.78,4238.38,0
2023-11-29,2023-11-29 12:07:00,214.94,214.94,214.94,214.94,0.0,19.78,4238.38,0
2023-11-29,2023-11-29 12:08:00,214.94,214.94,214.94,214.94,0.0,19.78,4238.38,0
2023-11-29,2023-11-29 12:09:00,214.94,214.94,214.94,214.94,0.0,19.78,4238.38,0
2023-11-29,2023-11-29 12:10:00,214.94,214.94,214.94,214.94,0.0,19.78,4238.38,0
2023-11-29,2023-11-29 12:11:00,214.94,214.94,214.94,214.94,0.0,19.78,4238.38,0
2023-11-29,2023-11-29 12:12:00,214.94,214.94,214.94,214.94,0.0,19.78,4238.38,0
2023-11-29,2023-11-29 12:13:00,214.94,214.94,214.94,214.94,0.0,19.78,4238.38,0
2023-11-29,2023-11-29 12:14:00,214.94,214.94,214.94,214.94,0.0,19.78,4238.38,0
2023-11-29,2023-11-29 12:15:00,214.94,214.94,214.94,214.94,0.0,19.78,4238.38,0
2023-11-29,2023-11-29 12:16:00,214.94,214.94,214.94,214.94,0.0,19.78,4238.38,0
2023-11-29,2023-11-29 12:17:00,214.94,214.94,214.94,214.94,0.0,19.78,4238.38,0
2023-11-29,2023-11-29 12:18:00,214.94,214.94,214.93,214.93,-0.0,19.78,4238.38,-1
2023-11-29,2023-11-29 12:19:00,214.93,214.93,214.93,214.93,0.0,19.78,4238.38,0
2023-11-29,2023-11-29 12:20:00,214.93,214.93,214.93,214.93,0.0,19.78,4238.38,0
2023-11-29,2023-11-29 12:21:00,214.93,214.93,214.93,214.93,0.0,19.78,4238.38,0
2023-11-29,2023-11-29 12:22:00,214.93,214.93,214.93,214.93,0.0,19.78,4238.38,0
2023-11-29,2023-11-29 12:23:00,214.93,214.93,214.93,214.93,0.0,19.78,4238.38,0
2023-11-29,2023-11-29 12:24:00,214.93,214.93,214.93,214.93,0.0,19.78,4238.38,0
2023-11-29,2023-11-29 12:25:00,214.93,214.93,214.93,214.93,0.0,19.78,4238.38,0
2023-11-29,2023-11-29 12:26:00,214.93,214.93,214.93,214.93,0.0,19.78,4238.38,0
2023-11-29,2023-11-29 12:27:00,214.93,214.93,214.93,214.93,0.0,19.78,4238.38,0
2023-11-29,2023-11-29 12:28:00,214.93,214.93,214.93,214.93,0.0,19.78,4238.38,0
2023-11-29,2023-11-29 12:29:00,214.93,214.93,214.93,214.93,0.0,19.78,4238.38,0
2023-11-29,2023-11-29 12:30:00,214.93,214.93,214.92,214.92,-0.0,19.78,4238.38,-1
2023-11-29,2023-11-29 12:31:00,214.92,214.92,214.92,214.92,0.0,19.78,4238.38,0
2023-11-29,2023-11-29 12:32:00,214.92,214.92,214.92,214.92,0.0,19.78,4238.38,0
2023-11-29,2023-11-29 12:33:00,214.92,214.92,214.92,214.92,0.0,19.78,4238.38,0
2023-11-29,2023-11-29 12:34:00,214.92,214.92,214.92,214.92,0.0,19.78,4238.38,0
2023-11-29,2023-11-29 12:35:00,214.92,214.92,214.92,214.92,0.0,19.78,4238.38,0
2023-11-29,2023-11-29 12:36:00,214.92,214.92,214.92,214.92,0.0,19.78,4238.38,0
2023-11-29,2023-11-29 12:37:00,214.92,214.92,214.92,214.92,0.0,19.78,4238.38,0
2023-11-29,2023-11-29 12:38:00,214.92,214.92,214.92,214.92,0.0,19.78,4238.38,0
2023-11-29,2023-11-29 12:39:00,214.92,214.92,214.92,214.92,0.0,19.78,4238.38,0
2023-11-29,2023-11-29 12:40:00,214.92,214.92,214.92,214.92,0.0,19.78,4238.38,0
2023-11-29,2023-11-29 12:41:00,214.92,214.92,214.91,214.91,-0.0,19.78,4238.38,-1
2023-11-29,2023-11-29 12:42:00,214.91,214.91,214.91,214.91,0.0,19.78,4238.38,0
2023-11-29,2023-11-29 12:43:00,214.91,214.91,214.91,214.91,0.0,19.78,4238.38,0
2023-11-29,2023-11-29 12:44:00,214.91,214.91,214.91,214.91,0.0,19.78,4238.38,0
2023-11-29,2023-11-29 12:45:00,214.91,214.91,214.91,214.91,0.0,19.78,4238.38,0
2023-11-29,2023-11-29 12:46:00,214.91,214.91,214.91,214.91,0.0,19.78,4238.38,0
2023-11-29,2023-11-29 12:47:00,214.91,214.91,214.91,214.91,0.0,19.78,4238.38,0
2023-11-29,2023-11-29 12:48:00,214.91,214.91,214.91,214.91,0.0,19.78,4238.38,0
2023-11-29,2023-11-29 12:49:00,214.91,214.91,214.91,214.91,0.0,19.78,4238.38,0
2023-11-29,2023-11-29 12:50:00,214.91,214.91,214.91,214.91,0.0,19.78,4238.38,0
2023-11-29,2023-11-29 12:51:00,214.91,214.91,214.91,214.91,0.0,19.78,4238.38,0
2023-11-29,2023-11-29 12:52:00,214.91,214.91,214.91,214.91,0.0,19.78,4238.38,0
2023-11-29,2023-11-29 12:53:00,214.91,214.91,214.91,214.91,0.0,19.78,4238.38,0
2023-11-29,2023-11-29 12:54:00,214.91,214.91,214.9,214.9,-0.0,19.78,4238.38,-1
2023-11-29,2023-11-29 12:55:00,214.9,214.9,214.9,214.9,0.0,19.78,4238.38,0
2023-11-29,2023-11-29 12:56:00,214.9,214.9,214.9,214.9,0.0,19.78,4238.38,0
2023-11-29,2023-11-29 12:57:00,214.9,214.9,214.9,214.9,0.0,19.78,4238.38,0
2023-11-29,2023-11-29 12:58:00,214.9,214.9,214.9,214.9,0.0,19.78,4238.38,0
2023-11-29,2023-11-29 12:59:00,214.9,214.9,214.9,214.9,0.0,19.78,4238.38,0
2023-11-29,2023-11-29 13:00:00,214.9,220.3,211.5,214.9,0.0,19.78,4238.38,0
2023-11-29,2023-11-29 13:01:00,214.9,214.9,214.9,214.9,0.0,19.78,4238.38,0
2023-11-29,2023-11-29 13:02:00,214.9,214.9,214.9,214.9,0.0,19.78,4238.38,0
2023-11-29,2023-11-29 13:03:00,214.9,214.9,214.9,214.9,0.0,19.78,4238.38,0
2023-11-29,2023-11-29 13:04:00,214.9,214.9,214.9,214.9,0.0,19.78,4238.38,0
2023-11-29,2023-11-29 13:05:00,214.9,214.9,214.9,214.9,0.0,19.78,4238.38,0
2023-11-29,2023-11-29 13:06:00,214.9,214.9,214.89,214.89,-0.0,19.78,4238.38,-1
2023-11-29,2023-11-29 13:07:00,214.89,214.89,214.89,214.89,0.0,19.78,4238.38,0
2023-11-29,2023-11-29 13:08:00,214.89,214.89,214.89,214.89,0.0,19.78,4238.38,0
2023-11-29,2023-11-29 13:09:00,214.89,214.89,214.89,214.89,0.0,19.78,4238.38,0
2023-11-29,2023-11-29 13:10:00,214.89,214.89,214.89,214.89,0.0,19.78,4238.38,0
2023-11-29,2023-11-29 13:11:00,214.89,214.89,214.89,214.89,0.0,19.78,4238.38,0
2023-11-29,2023-11-29 13:12:00,214.89,214.89,214.89,214.89,0.0,19.78,4238.38,0
2023-11-29,2023-11-29 13:13:00,214.89,214.89,214.89,214.89,0.0,19.78,4238.38,0
2023-11-29,2023-11-29 13:14:00,214.89,214.89,214.89,214.89,0.0,19.78,4238.38,0
2023-11-29,2023-11-29 13:15:00,214.89,214.89,214.89,214.89,0.0,19.78,4238.38,0
2023-11-29,2023-11-29 13:16:00,214.89,214.89,214.89,214.89,0.0,19.78,4238.38,0
2023-11-29,2023-11-29 13:17:00,214.89,214.89,214.89,214.89,0.0,19.78,4238.38,0
2023-11-29,2023-11-29 13:18:00,214.89,214.89,214.88,214.88,-0.0,19.78,4238.38,-1
2023-11-29,2023-11-29 13:19:00,214.88,214.88,214.88,214.88,0.0,19.78,4238.38,0
2023-11-29,2023-11-29 13:20:00,214.88,214.88,214.88,214.88,0.0,19.78,4238.38,0
2023-11-29,2023-11-29 13:21:00,214.88,214.88,214.88,214.88,0.0,19.78,4238.38,0
2023-11-29,2023-11-29 13:22:00,214.88,214.88,214.88,214.88,0.0,19.78,4238.38,0
2023-11-29,2023-11-29 13:23:00,214.88,214.88,214.88,214.88,0.0,19.78,4238.38,0
2023-11-29,2023-11-29 13:24:00,214.88,214.88,214.88,214.88,0.0,19.78,4238.38,0
2023-11-29,2023-11-29 13:25:00,214.88,214.88,214.88,214.88,0.0,19.78,4238.38,0
2023-11-29,2023-11-29 13:26:00,214.88,214.88,214.88,214.88,0.0,19.78,4238.38,0
2023-11-29,2023-11-29 13:27:00,214.88,214.88,214.88,214.88,0.0,19.78,4238.38,0
2023-11-29,2023-11-29 13:28:00,214.88,214.88,214.88,214.88,0.0,19.78,4238.38,0
2023-11-29,2023-11-29 13:29:00,214.88,214.88,214.88,214.88,0.0,19.78,4238.38,0
2023-11-29,2023-11-29 13:30:00,214.88,214.88,214.87,214.87,-0.0,19.78,4238.38,-1
2023-11-29,2023-11-29 13:31:00,214.87,214.87,214.87,214.87,0.0,19.78,4238.38,0
2023-11-29,2023-11-29 13:32:00,214.87,214.87,214.87,214.87,0.0,19.78,4238.38,0
2023-11-29,2023-11-29 13:33:00,214.87,214.87,214.87,214.87,0.0,19.78,4238.38,0
2023-11-29,2023-11-29 13:34:00,214.87,214.87,214.87,214.87,0.0,19.78,4238.38,0
2023-11-29,2023-11-29 13:35:00,214.87,214.87,214.87,214.87,0.0,19.78,4238.38,0
2023-11-29,2023-11-29 13:36:00,214.87,214.87,214.87,214.87,0.0,19.78,4238.38,0
2023-11-29,2023-11-29 13:37:00,214.87,214.87,214.87,214.87,0.0,19.78,4238.38,0
2023-11-29,2023-11-29 13:38:00,214.87,214.87,214.87,214.87,0.0,19.78,4238.38,0
2023-11-29,2023-11-29 13:39:00,214.87,214.87,214.87,214.87,0.0,19.78,4238.38,0
2023-11-29,2023-11-29 13:40:00,214.87,214.87,214.87,214.87,0.0,19.78,4238.38,0
2023-11-29,2023-11-29 13:41:00,214.87,214.87,214.87,214.87,0.0,19.78,4238.38,0
2023-11-29,2023-11-29 13:42:00,214.87,214.87,214.86,214.86,-0.0,19.78,4238.38,-1
2023-11-29,2023-11-29 13:43:00,214.86,214.86,214.86,214.86,0.0,19.78,4238.38,0
2023-11-29,2023-11-29 13:44:00,214.86,214.86,214.86,214.86,0.0,19.78,4238.38,0
2023-11-29,2023-11-29 13:45:00,214.86,214.86,214.86,214.86,0.0,19.78,4238.38,0
2023-11-29,2023-11-29 13:46:00,214.86,214.86,214.86,214.86,0.0,19.78,4238.38,0
2023-11-29,2023-11-29 13:47:00,214.86,214.86,214.86,214.86,0.0,19.78,4238.38,0
2023-11-29,2023-11-29 13:48:00,214.86,214.86,214.86,214.86,0.0,19.78,4238.38,0
2023-11-29,2023-11-29 13:49:00,214.86,214.86,214.86,214.86,0.0,19.78,4238.38,0
2023-11-29,2023-11-29 13:50:00,214.86,214.86,214.86,214.86,0.0,19.78,4238.38,0
2023-11-29,2023-11-29 13:51:00,214.86,214.86,214.86,214.86,0.0,19.78,4238.38,0
2023-11-29,2023-11-29 13:52:00,214.86,214.86,214.86,214.86,0.0,19.78,4238.38,0
2023-11-29,2023-11-29 13:53:00,214.86,214.86,214.86,214.86,0.0,19.78,4238.38,0
2023-11-29,2023-11-29 13:54:00,214.86,214.86,214.85,214.85,-0.0,19.78,4238.38,-1
2023-11-29,2023-11-29 13:55:00,214.85,214.85,214.85,214.85,0.0,19.78,4238.38,0
2023-11-29,2023-11-29 13:56:00,214.85,214.85,214.85,214.85,0.0,19.78,4238.38,0
2023-11-29,2023-11-29 13:57:00,214.85,214.85,214.85,214.85,0.0,19.78,4238.38,0
2023-11-29,2023-11-29 13:58:00,214.85,214.85,214.85,214.85,0.0,19.78,4238.38,0
2023-11-29,2023-11-29 13:59:00,214.85,214.85,214.85,214.85,0.0,19.78,4238.38,0
2023-11-29,2023-11-29 14:00:00,214.85,214.85,214.85,214.85,0.0,19.78,4238.38,0
2023-11-29,2023-11-29 14:01:00,214.85,214.85,214.85,214.85,0.0,19.78,4238.38,0
2023-11-29,2023-11-29 14:02:00,214.85,214.85,214.85,214.85,0.0,19.78,4238.38,0
2023-11-29,2023-11-29 14:03:00,214.85,214.85,214.85,214.85,0.0,19.78,4238.38,0
2023-11-29,2023-11-29 14:04:00,214.85,214.85,214.85,214.85,0.0,19.78,4238.38,0
2023-11-29,2023-11-29 14:05:00,214.85,214.85,214.84,214.84,-0.0,19.78,4238.38,-1
2023-11-29,2023-11-29 14:06:00,214.84,214.84,214.84,214.84,0.0,19.78,4238.38,0
2023-11-29,2023-11-29 14:07:00,214.84,214.84,214.84,214.84,0.0,19.78,4238.38,0
2023-11-29,2023-11-29 14:08:00,214.84,214.84,214.84,214.84,0.0,19.78,4238.38,0
2023-11-29,2023-11-29 14:09:00,214.84,214.84,214.84,214.84,0.0,19.78,4238.38,0
2023-11-29,2023-11-29 14:10:00,214.84,214.84,214.84,214.84,0.0,19.78,4238.38,0
2023-11-29,2023-11-29 14:11:00,214.84,214.84,214.84,214.84,0.0,19.78,4238.38,0
2023-11-29,2023-11-29 14:12:00,214.84,214.84,214.84,214.84,0.0,19.78,4238.38,0
2023-11-29,2023-11-29 14:13:00,214.84,214.84,214.84,214.84,0.0,19.78,4238.38,0
2023-11-29,2023-11-29 14:14:00,214.84,214.84,214.84,214.84,0.0,19.78,4238.38,0
2023-11-29,2023-11-29 14:15:00,214.84,214.84,214.84,214.84,0.0,19.78,4238.38,0
2023-11-29,2023-11-29 14:16:00,214.84,214.84,214.84,214.84,0.0,19.78,4238.38,0
2023-11-29,2023-11-29 14:17:00,214.84,214.84,214.84,214.84,0.0,19.78,4238.38,0
2023-11-29,2023-11-29 14:18:00,214.84,214.84,214.83,214.83,-0.0,19.78,4238.38,-1
2023-11-29,2023-11-29 14:19:00,214.83,214.83,214.83,214.83,0.0,19.78,4238.38,0
2023-11-29,2023-11-29 14:20:00,214.83,214.83,214.83,214.83,0.0,19.78,4238.38,0
2023-11-29,2023-11-29 14:21:00,214.83,214.83,214.83,214.83,0.0,19.78,4238.38,0
2023-11-29,2023-11-29 14:22:00,214.83,214.83,214.83,214.83,0.0,19.78,4238.38,0
2023-11-29,2023-11-29 14:23:00,214.83,214.83,214.83,214.83,0.0,19.78,4238.38,0
2023-11-29,2023-11-29 14:24:00,214.83,214.83,214.83,214.83,0.0,19.78,4238.38,0
2023-11-29,2023-11-29 14:25:00,214.83,214.83,214.83,214.83,0.0,19.78,4238.38,0
2023-11-29,2023-11-29 14:26:00,214.83,214.83,214.83,214.83,0.0,19.78,4238.38,0
2023-11-29,2023-11-29 14:27:00,214.83,214.83,214.83,214.83,0.0,19.78,4238.38,0
2023-11-29,2023-11-29 14:28:00,214.83,214.83,214.83,214.83,0.0,19.78,4238.38,0
2023-11-29,2023-11-29 14:29:00,214.83,214.83,214.83,214.83,0.0,19.78,4238.38,0
2023-11-29,2023-11-29 14:30:00,214.83,214.83,214.82,214.82,-0.0,19.78,4238.38,-1
2023-11-29,2023-11-29 14:31:00,214.82,214.82,214.82,214.82,0.0,19.78,4238.38,0
2023-11-29,2023-11-29 14:32:00,214.82,214.82,214.82,214.82,0.0,19.78,4238.38,0
2023-11-29,2023-11-29 14:33:00,214.82,214.82,214.82,214.82,0.0,19.78,4238.38,0
2023-11-29,2023-11-29 14:34:00,214.82,214.82,214.82,214.82,0.0,19.78,4238.38,0
2023-11-29,2023-11-29 14:35:00,214.82,214.82,214.82,214.82,0.0,19.78,4238.38,0
2023-11-29,2023-11-29 14:36:00,214.82,214.82,214.82,214.82,0.0,19.78,4238.38,0
2023-11-29,2023-11-29 14:37:00,214.82,214.82,214.82,214.82,0.0,19.78,4238.38,0
2023-11-29,2023-11-29 14:38:00,214.82,214.82,214.82,214.82,0.0,19.78,4238.38,0
2023-11-29,2023-11-29 14:39:00,214.82,214.82,214.82,214.82,0.0,19.78,4238.38,0
2023-11-29,2023-11-29 14:40:00,214.82,214.82,214.82,214.82,0.0,19.78,4238.38,0
2023-11-29,2023-11-29 14:41:00,214.82,214.82,214.81,214.81,-0.0,19.78,4238.38,-1
2023-11-29,2023-11-29 14:42:00,214.81,214.81,214.81,214.81,0.0,19.78,4238.38,0
2023-11-29,2023-11-29 14:43:00,214.81,214.81,214.81,214.81,0.0,19.78,4238.38,0
2023-11-29,2023-11-29 14:44:00,214.81,214.81,214.81,214.81,0.0,19.78,4238.38,0
2023-11-29,2023-11-29 14:45:00,214.81,214.81,214.81,214.81,0.0,19.78,4238.38,0
2023-11-29,2023-11-29 14:46:00,214.81,214.81,214.81,214.81,0.0,19.78,4238.38,0
2023-11-29,2023-11-29 14:47:00,214.81,214.81,214.81,214.81,0.0,19.78,4238.38,0
2023-11-29,2023-11-29 14:48:00,214.81,214.81,214.81,214.81,0.0,19.78,4238.38,0
2023-11-29,2023-11-29 14:49:00,214.81,214.81,214.81,214.81,0.0,19.78,4238.38,0
2023-11-29,2023-11-29 14:50:00,214.81,214.81,214.81,214.81,0.0,19.78,4238.38,0
2023-11-29,2023-11-29 14:51:00,214.81,214.81,214.81,214.81,0.0,19.78,4238.38,0
2023-11-29,2023-11-29 14:52:00,214.81,214.81,214.81,214.81,0.0,19.78,4238.38,0
2023-11-29,2023-11-29 14:53:00,214.81,214.81,214.81,214.81,0.0,19.78,4238.38,0
2023-11-29,2023-11-29 14:54:00,214.81,214.81,214.8,214.8,-0.0,19.78,4238.38,-1
2023-11-29,2023-11-29 14:55:00,214.8,214.8,214.8,214.8,0.0,19.78,4238.38,0
2023-11-29,2023-11-29 14:56:00,214.8,214.8,214.8,214.8,0.0,19.78,4238.38,0
2023-11-29,2023-11-29 14:57:00,214.8,214.8,214.8,214.8,0.0,19.78,4238.38,0
2023-11-29,2023-11-29 14:58:00,214.8,214.8,214.8,214.8,0.0,19.78,4238.38,0
2023-11-29,2023-11-29 14:59:00,214.8,214.8,214.8,214.8,0.0,19.78,4238.38,0
2023-11-29,2023-11-29 15:00:00,214.8,220.3,211.5,214.8,0.0,19.78,4238.38,0
2023-11-30,2023-11-30 11:00:00,210.8,212.06,208.49,210.8,0.0,19.05,3970.29,0
2023-11-30,2023-11-30 11:01:00,210.8,210.8,210.79,210.79,-0.0,19.05,3970.29,-1
2023-11-30,2023-11-30 11:02:00,210.79,210.79,210.79,210.79,0.0,19.05,3970.29,0
2023-11-30,2023-11-30 11:03:00,210.79,210.79,210.79,210.79,0.0,19.05,3970.29,0
2023-11-30,2023-11-30 11:04:00,210.79,210.79,210.78,210.78,-0.0,19.05,3970.29,-1
2023-11-30,2023-11-30 11:05:00,210.78,210.78,210.78,210.78,0.0,19.05,3970.29,0
2023-11-30,2023-11-30 11:06:00,210.78,210.78,210.77,210.77,-0.0,19.05,3970.29,-1
2023-11-30,2023-11-30 11:07:00,210.77,210.77,210.77,210.77,0.0,19.05,3970.29,0
2023-11-30,2023-11-30 11:08:00,210.77,210.77,210.77,210.77,0.0,19.05,3970.29,0
2023-11-30,2023-11-30 11:09:00,210.77,210.77,210.76,210.76,-0.0,19.05,3970.29,-1
2023-11-30,2023-11-30 11:10:00,210.76,210.76,210.76,210.76,0.0,19.05,3970.29,0
2023-11-30,2023-11-30 11:11:00,210.76,210.76,210.76,210.76,0.0,19.05,3970.29,0
2023-11-30,2023-11-30 11:12:00,210.76,210.76,210.75,210.75,-0.0,19.05,3970.29,-1
2023-11-30,2023-11-30 11:13:00,210.75,210.75,210.75,210.75,0.0,19.05,3970.29,0
2023-11-30,2023-11-30 11:14:00,210.75,210.75,210.74,210.74,-0.0,19.05,3970.29,-1
2023-11-30,2023-11-30 11:15:00,210.74,210.74,210.74,210.74,0.0,19.05,3970.29,0
2023-11-30,2023-11-30 11:16:00,210.74,210.74,210.74,210.74,0.0,19.05,3970.29,0
2023-11-30,2023-11-30 11:17:00,210.74,210.74,210.73,210.73,-0.0,19.05,3970.29,-1
2023-11-30,2023-11-30 11:18:00,210.73,210.73,210.73,210.73,0.0,19.05,3970.29,0
2023-11-30,2023-11-30 11:19:00,210.73,210.73,210.73,210.73,0.0,19.05,3970.29,0
2023-11-30,2023-11-30 11:20:00,210.73,210.73,210.72,210.72,-0.0,19.05,3970.29,-1
2023-11-30,2023-11-30 11:21:00,210.72,210.72,210.72,210.72,0.0,19.05,3970.29,0
2023-11-30,2023-11-30 11:22:00,210.72,210.72,210.71,210.71,-0.0,19.05,3970.29,-1
2023-11-30,2023-11-30 11:23:00,210.71,210.71,210.71,210.71,0.0,19.05,3970.29,0
2023-11-30,2023-11-30 11:24:00,210.71,210.71,210.71,210.71,0.0,19.05,3970.29,0
2023-11-30,2023-11-30 11:25:00,210.71,210.71,210.7,210.7,-0.0,19.05,3970.29,-1
2023-11-30,2023-11-30 11:26:00,210.7,210.7,210.7,210.7,0.0,19.05,3970.29,0
2023-11-30,2023-11-30 11:27:00,210.7,210.7,210.7,210.7,0.0,19.05,3970.29,0
2023-11-30,2023-11-30 11:28:00,210.7,210.7,210.69,210.69,-0.0,19.05,3970.29,-1
2023-11-30,2023-11-30 11:29:00,210.69,210.69,210.69,210.69,0.0,19.05,3970.29,0
2023-11-30,2023-11-30 11:30:00,210.69,210.69,210.68,210.68,-0.0,19.05,3970.29,-1
2023-11-30,2023-11-30 11:31:00,210.68,210.68,210.68,210.68,0.0,19.05,3970.29,0
2023-11-30,2023-11-30 11:32:00,210.68,210.68,210.68,210.68,0.0,19.05,3970.29,0
2023-11-30,2023-11-30 11:33:00,210.68,210.68,210.67,210.67,-0.0,19.05,3970.29,-1
2023-11-30,2023-11-30 11:34:00,210.67,210.67,210.67,210.67,0.0,19.05,3970.29,0
2023-11-30,2023-11-30 11:35:00,210.67,210.67,210.67,210.67,0.0,19.05,3970.29,0
2023-11-30,2023-11-30 11:36:00,210.67,210.67,210.66,210.66,-0.0,19.05,3970.29,-1
2023-11-30,2023-11-30 11:37:00,210.66,210.66,210.66,210.66,0.0,19.05,3970.29,0
2023-11-30,2023-11-30 11:38:00,210.66,210.66,210.65,210.65,-0.0,19.05,3970.29,-1
2023-11-30,2023-11-30 11:39:00,210.65,210.65,210.65,210.65,0.0,19.05,3970.29,0
2023-11-30,2023-11-30 11:40:00,210.65,210.65,210.65,210.65,0.0,19.05,3970.29,0
2023-11-30,2023-11-30 11:41:00,210.65,210.65,210.64,210.64,-0.0,19.05,3970.29,-1
2023-11-30,2023-11-30 11:42:00,210.64,210.64,210.64,210.64,0.0,19.05,3970.29,0
2023-11-30,2023-11-30 11:43:00,210.64,210.64,210.64,210.64,0.0,19.05,3970.29,0
2023-11-30,2023-11-30 11:44:00,210.64,210.64,210.63,210.63,-0.0,19.05,3970.29,-1
2023-11-30,2023-11-30 11:45:00,210.63,210.63,210.63,210.63,0.0,19.05,3970.29,0
2023-11-30,2023-11-30 11:46:00,210.63,210.63,210.62,210.62,-0.0,19.05,3970.29,-1
2023-11-30,2023-11-30 11:47:00,210.62,210.62,210.62,210.62,0.0,19.05,3970.29,0
2023-11-30,2023-11-30 11:48:00,210.62,210.62,210.62,210.62,0.0,19.05,3970.29,0
2023-11-30,2023-11-30 11:49:00,210.62,210.62,210.61,210.61,-0.0,19.05,3970.29,-1
2023-11-30,2023-11-30 11:50:00,210.61,210.61,210.61,210.61,0.0,19.05,3970.29,0
2023-11-30,2023-11-30 11:51:00,210.61,210.61,210.61,210.61,0.0,19.05,3970.29,0
2023-11-30,2023-11-30 11:52:00,210.61,210.61,210.6,210.6,-0.0,19.05,3970.29,-1
2023-11-30,2023-11-30 11:53:00,210.6,210.6,210.6,210.6,0.0,19.05,3970.29,0
2023-11-30,2023-11-30 11:54:00,210.6,210.6,210.59,210.59,-0.0,19.05,3970.29,-1
2023-11-30,2023-11-30 11:55:00,210.59,210.59,210.59,210.59,0.0,19.05,3970.29,0
2023-11-30,2023-11-30 11:56:00,210.59,210.59,210.59,210.59,0.0,19.05,3970.29,0
2023-11-30,2023-11-30 11:57:00,210.59,210.59,210.58,210.58,-0.0,19.05,3970.29,-1
2023-11-30,2023-11-30 11:58:00,210.58,210.58,210.58,210.58,0.0,19.05,3970.29,0
2023-11-30,2023-11-30 11:59:00,210.58,210.58,210.58,210.58,0.0,19.05,3970.29,0
2023-11-30,2023-11-30 12:00:00,210.58,210.58,210.57,210.57,-0.0,19.05,3970.29,-1
2023-11-30,2023-11-30 12:01:00,210.57,210.57,210.57,210.57,0.0,19.05,3970.29,0
2023-11-30,2023-11-30 12:02:00,210.57,210.57,210.56,210.56,-0.0,19.05,3970.29,-1
2023-11-30,2023-11-30 12:03:00,210.56,210.56,210.56,210.56,0.0,19.05,3970.29,0
2023-11-30,2023-11-30 12:04:00,210.56,210.56,210.56,210.56,0.0,19.05,3970.29,0
2023-11-30,2023-11-30 12:05:00,210.56,210.56,210.55,210.55,-0.0,19.05,3970.29,-1
2023-11-30,2023-11-30 12:06:00,210.55,210.55,210.55,210.55,0.0,19.05,3970.29,0
2023-11-30,2023-11-30 12:07:00,210.55,210.55,210.55,210.55,0.0,19.05,3970.29,0
2023-11-30,2023-11-30 12:08:00,210.55,210.55,210.54,210.54,-0.0,19.05,3970.29,-1
2023-11-30,2023-11-30 12:09:00,210.54,210.54,210.54,210.54,0.0,19.05,3970.29,0
2023-11-30,2023-11-30 12:10:00,210.54,210.54,210.53,210.53,-0.0,19.05,3970.29,-1
2023-11-30,2023-11-30 12:11:00,210.53,210.53,210.53,210.53,0.0,19.05,3970.29,0
2023-11-30,2023-11-30 12:12:00,210.53,210.53,210.53,210.53,0.0,19.05,3970.29,0
2023-11-30,2023-11-30 12:13:00,210.53,210.53,210.52,210.52,-0.0,19.05,3970.29,-1
2023-11-30,2023-11-30 12:14:00,210.52,210.52,210.52,210.52,0.0,19.05,3970.29,0
2023-11-30,2023-11-30 12:15:00,210.52,210.52,210.52,210.52,0.0,19.05,3970.29,0
2023-11-30,2023-11-30 12:16:00,210.52,210.52,210.51,210.51,-0.0,19.05,3970.29,-1
2023-11-30,2023-11-30 12:17:00,210.51,210.51,210.51,210.51,0.0,19.05,3970.29,0
2023-11-30,2023-11-30 12:18:00,210.51,210.51,210.5,210.5,-0.0,19.05,3970.29,-1
2023-11-30,2023-11-30 12:19:00,210.5,210.5,210.5,210.5,0.0,19.05,3970.29,0
2023-11-30,2023-11-30 12:20:00,210.5,210.5,210.5,210.5,0.0,19.05,3970.29,0
2023-11-30,2023-11-30 12:21:00,210.5,210.5,210.49,210.49,-0.0,19.05,3970.29,-1
2023-11-30,2023-11-30 12:22:00,210.49,210.49,210.49,210.49,0.0,19.05,3970.29,0
2023-11-30,2023-11-30 12:23:00,210.49,210.49,210.49,210.49,0.0,19.05,3970.29,0
2023-11-30,2023-11-30 12:24:00,210.49,210.49,210.48,210.48,-0.0,19.05,3970.29,-1
2023-11-30,2023-11-30 12:25:00,210.48,210.48,210.48,210.48,0.0,19.05,3970.29,0
2023-11-30,2023-11-30 12:26:00,210.48,210.48,210.47,210.47,-0.0,19.05,3970.29,-1
2023-11-30,2023-11-30 12:27:00,210.47,210.47,210.47,210.47,0.0,19.05,3970.29,0
2023-11-30,2023-11-30 12:28:00,210.47,210.47,210.47,210.47,0.0,19.05,3970.29,0
2023-11-30,2023-11-30 12:29:00,210.47,210.47,210.46,210.46,-0.0,19.05,3970.29,-1
2023-11-30,2023-11-30 12:30:00,210.46,210.46,210.46,210.46,0.0,19.05,3970.29,0
2023-11-30,2023-11-30 12:31:00,210.46,210.46,210.46,210.46,0.0,19.05,3970.29,0
2023-11-30,2023-11-30 12:32:00,210.46,210.46,210.45,210.45,-0.0,19.05,3970.29,-1
2023-11-30,2023-11-30 12:33:00,210.45,210.45,210.45,210.45,0.0,19.05,3970.29,0
2023-11-30,2023-11-30 12:34:00,210.45,210.45,210.44,210.44,-0.0,19.05,3970.29,-1
2023-11-30,2023-11-30 12:35:00,210.44,210.44,210.44,210.44,0.0,19.05,3970.29,0
2023-11-30,2023-11-30 12:36:00,210.44,210.44,210.44,210.44,0.0,19.05,3970.29,0
2023-11-30,2023-11-30 12:37:00,210.44,210.44,210.43,210.43,-0.0,19.05,3970.29,-1
2023-11-30,2023-11-30 12:38:00,210.43,210.43,210.43,210.43,0.0,19.05,3970.29,0
2023-11-30,2023-11-30 12:39:00,210.43,210.43,210.43,210.43,0.0,19.05,3970.29,0
2023-11-30,2023-11-30 12:40:00,210.43,210.43,210.42,210.42,-0.0,19.05,3970.29,-1
2023-11-30,2023-11-30 12:41:00,210.42,210.42,210.42,210.42,0.0,19.05,3970.29,0
2023-11-30,2023-11-30 12:42:00,210.42,210.42,210.41,210.41,-0.0,19.05,3970.29,-1
2023-11-30,2023-11-30 12:43:00,210.41,210.41,210.41,210.41,0.0,19.05,3970.29,0
2023-11-30,2023-11-30 12:44:00,210.41,210.41,210.41,210.41,0.0,19.05,3970.29,0
2023-11-30,2023-11-30 12:45:00,210.41,210.41,210.4,210.4,-0.0,19.05,3970.29,-1
2023-11-30,2023-11-30 12:46:00,210.4,210.4,210.4,210.4,0.0,19.05,3970.29,0
2023-11-30,2023-11-30 12:47:00,210.4,210.4,210.4,210.4,0.0,19.05,3970.29,0
2023-11-30,2023-11-30 12:48:00,210.4,210.4,210.39,210.39,-0.0,19.05,3970.29,-1
2023-11-30,2023-11-30 12:49:00,210.39,210.39,210.39,210.39,0.0,19.05,3970.29,0
2023-11-30,2023-11-30 12:50:00,210.39,210.39,210.38,210.38,-0.0,19.05,3970.29,-1
2023-11-30,2023-11-30 12:51:00,210.38,210.38,210.38,210.38,0.0,19.05,3970.29,0
2023-11-30,2023-11-30 12:52:00,210.38,210.38,210.38,210.38,0.0,19.05,3970.29,0
2023-11-30,2023-11-30 12:53:00,210.38,210.38,210.37,210.37,-0.0,19.05,3970.29,-1
2023-11-30,2023-11-30 12:54:00,210.37,210.37,210.37,210.37,0.0,19.05,3970.29,0
2023-11-30,2023-11-30 12:55:00,210.37,210.37,210.37,210.37,0.0,19.05,3970.29,0
2023-11-30,2023-11-30 12:56:00,210.37,210.37,210.36,210.36,-0.0,19.05,3970.29,-1
2023-11-30,2023-11-30 12:57:00,210.36,210.36,210.36,210.36,0.0,19.05,3970.29,0
2023-11-30,2023-11-30 12:58:00,210.36,210.36,210.35,210.35,-0.0,19.05,3970.29,-1
2023-11-30,2023-11-30 12:59:00,210.35,210.35,210.35,210.35,0.0,19.05,3970.29,0
2023-11-30,2023-11-30 13:00:00,210.35,215.0,203.1,210.35,0.0,19.05,3970.29,0
2023-11-30,2023-11-30 13:01:00,210.35,210.35,210.34,210.34,-0.0,19.05,3970.29,-1
2023-11-30,2023-11-30 13:02:00,210.34,210.34,210.34,210.34,0.0,19.05,3970.29,0
2023-11-30,2023-11-30 13:03:00,210.34,210.34,210.34,210.34,0.0,19.05,3970.29,0
2023-11-30,2023-11-30 13:04:00,210.34,210.34,210.33,210.33,-0.0,19.05,3970.29,-1
2023-11-30,2023-11-30 13:05:00,210.33,210.33,210.33,210.33,0.0,19.05,3970.29,0
2023-11-30,2023-11-30 13:06:00,210.33,210.33,210.32,210.32,-0.0,19.05,3970.29,-1
2023-11-30,2023-11-30 13:07:00,210.32,210.32,210.32,210.32,0.0,19.05,3970.29,0
2023-11-30,2023-11-30 13:08:00,210.32,210.32,210.32,210.32,0.0,19.05,3970.29,0
2023-11-30,2023-11-30 13:09:00,210.32,210.32,210.31,210.31,-0.0,19.05,3970.29,-1
2023-11-30,2023-11-30 13:10:00,210.31,210.31,210.31,210.31,0.0,19.05,3970.29,0
2023-11-30,2023-11-30 13:11:00,210.31,210.31,210.31,210.31,0.0,19.05,3970.29,0
2023-11-30,2023-11-30 13:12:00,210.31,210.31,210.3,210.3,-0.0,19.05,3970.29,-1
2023-11-30,2023-11-30 13:13:00,210.3,210.3,210.3,210.3,0.0,19.05,3970.29,0
2023-11-30,2023-11-30 13:14:00,210.3,210.3,210.29,210.29,-0.0,19.05,3970.29,-1
2023-11-30,2023-11-30 13:15:00,210.29,210.29,210.29,210.29,0.0,19.05,3970.29,0
2023-11-30,2023-11-30 13:16:00,210.29,210.29,210.29,210.29,0.0,19.05,3970.29,0
2023-11-30,2023-11-30 13:17:00,210.29,210.29,210.28,210.28,-0.0,19.05,3970.29,-1
2023-11-30,2023-11-30 13:18:00,210.28,210.28,210.28,210.28,0.0,19.05,3970.29,0
2023-11-30,2023-11-30 13:19:00,210.28,210.28,210.28,210.28,0.0,19.05,3970.29,0
2023-11-30,2023-11-30 13:20:00,210.28,210.28,210.27,210.27,-0.0,19.05,3970.29,-1
2023-11-30,2023-11-30 13:21:00,210.27,210.27,210.27,210.27,0.0,19.05,3970.29,0
2023-11-30,2023-11-30 13:22:00,210.27,210.27,210.26,210.26,-0.0,19.05,3970.29,-1
2023-11-30,2023-11-30 13:23:00,210.26,210.26,210.26,210.26,0.0,19.05,3970.29,0
2023-11-30,2023-11-30 13:24:00,210.26,210.26,210.26,210.26,0.0,19.05,3970.29,0
2023-11-30,2023-11-30 13:25:00,210.26,210.26,210.25,210.25,-0.0,19.05,3970.29,-1
2023-11-30,2023-11-30 13:26:00,210.25,210.25,210.25,210.25,0.0,19.05,3970.29,0
2023-11-30,2023-11-30 13:27:00,210.25,210.25,210.25,210.25,0.0,19.05,3970.29,0
2023-11-30,2023-11-30 13:28:00,210.25,210.25,210.24,210.24,-0.0,19.05,3970.29,-1
2023-11-30,2023-11-30 13:29:00,210.24,210.24,210.24,210.24,0.0,19.05,3970.29,0
2023-11-30,2023-11-30 13:30:00,210.24,210.24,210.23,210.23,-0.0,19.05,3970.29,-1
2023-11-30,2023-11-30 13:31:00,210.23,210.23,210.23,210.23,0.0,19.05,3970.29,0
2023-11-30,2023-11-30 13:32:00,210.23,210.23,210.23,210.23,0.0,19.05,3970.29,0
2023-11-30,2023-11-30 13:33:00,210.23,210.23,210.22,210.22,-0.0,19.05,3970.29,-1
2023-11-30,2023-11-30 13:34:00,210.22,210.22,210.22,210.22,0.0,19.05,3970.29,0
2023-11-30,2023-11-30 13:35:00,210.22,210.22,210.22,210.22,0.0,19.05,3970.29,0
2023-11-30,2023-11-30 13:36:00,210.22,210.22,210.21,210.21,-0.0,19.05,3970.29,-1
2023-11-30,2023-11-30 13:37:00,210.21,210.21,210.21,210.21,0.0,19.05,3970.29,0
2023-11-30,2023-11-30 13:38:00,210.21,210.21,210.2,210.2,-0.0,19.05,3970.29,-1
2023-11-30,2023-11-30 13:39:00,210.2,210.2,210.2,210.2,0.0,19.05,3970.29,0
2023-11-30,2023-11-30 13:40:00,210.2,210.2,210.2,210.2,0.0,19.05,3970.29,0
2023-11-30,2023-11-30 13:41:00,210.2,210.2,210.19,210.19,-0.0,19.05,3970.29,-1
2023-11-30,2023-11-30 13:42:00,210.19,210.19,210.19,210.19,0.0,19.05,3970.29,0
2023-11-30,2023-11-30 13:43:00,210.19,210.19,210.19,210.19,0.0,19.05,3970.29,0
2023-11-30,2023-11-30 13:44:00,210.19,210.19,210.18,210.18,-0.0,19.05,3970.29,-1
2023-11-30,2023-11-30 13:45:00,210.18,210.18,210.18,210.18,0.0,19.05,3970.29,0
2023-11-30,2023-11-30 13:46:00,210.18,210.18,210.17,210.17,-0.0,19.05,3970.29,-1
2023-11-30,2023-11-30 13:47:00,210.17,210.17,210.17,210.17,0.0,19.05,3970.29,0
2023-11-30,2023-11-30 13:48:00,210.17,210.17,210.17,210.17,0.0,19.05,3970.29,0
2023-11-30,2023-11-30 13:49:00,210.17,210.17,210.16,210.16,-0.0,19.05,3970.29,-1
2023-11-30,2023-11-30 13:50:00,210.16,210.16,210.16,210.16,0.0,19.05,3970.29,0
2023-11-30,2023-11-30 13:51:00,210.16,210.16,210.16,210.16,0.0,19.05,3970.29,0
2023-11-30,2023-11-30 13:52:00,210.16,210.16,210.15,210.15,-0.0,19.05,3970.29,-1
2023-11-30,2023-11-30 13:53:00,210.15,210.15,210.15,210.15,0.0,19.05,3970.29,0
2023-11-30,2023-11-30 13:54:00,210.15,210.15,210.14,210.14,-0.0,19.05,3970.29,-1
2023-11-30,2023-11-30 13:55:00,210.14,210.14,210.14,210.14,0.0,19.05,3970.29,0
2023-11-30,2023-11-30 13:56:00,210.14,210.14,210.14,210.14,0.0,19.05,3970.29,0
2023-11-30,2023-11-30 13:57:00,210.14,210.14,210.13,210.13,-0.0,19.05,3970.29,-1
2023-11-30,2023-11-30 13:58:00,210.13,210.13,210.13,210.13,0.0,19.05,3970.29,0
2023-11-30,2023-11-30 13:59:00,210.13,210.13,210.12,210.12,-0.0,19.05,3970.29,-1
2023-11-30,2023-11-30 14:00:00,210.12,210.12,210.12,210.12,0.0,19.05,3970.29,0
2023-11-30,2023-11-30 14:01:00,210.12,210.12,210.12,210.12,0.0,19.05,3970.29,0
2023-11-30,2023-11-30 14:02:00,210.12,210.12,210.11,210.11,-0.0,19.05,3970.29,-1
2023-11-30,2023-11-30 14:03:00,210.11,210.11,210.11,210.11,0.0,19.05,3970.29,0
2023-11-30,2023-11-30 14:04:00,210.11,210.11,210.11,210.11,0.0,19.05,3970.29,0
2023-11-30,2023-11-30 14:05:00,210.11,210.11,210.1,210.1,-0.0,19.05,3970.29,-1
2023-11-30,2023-11-30 14:06:00,210.1,210.1,210.1,210.1,0.0,19.05,3970.29,0
2023-11-30,2023-11-30 14:07:00,210.1,210.1,210.09,210.09,-0.0,19.05,3970.29,-1
2023-11-30,2023-11-30 14:08:00,210.09,210.09,210.09,210.09,0.0,19.05,3970.29,0
2023-11-30,2023-11-30 14:09:00,210.09,210.09,210.09,210.09,0.0,19.05,3970.29,0
2023-11-30,2023-11-30 14:10:00,210.09,210.09,210.08,210.08,-0.0,19.05,3970.29,-1
2023-11-30,2023-11-30 14:11:00,210.08,210.08,210.08,210.08,0.0,19.05,3970.29,0
2023-11-30,2023-11-30 14:12:00,210.08,210.08,210.08,210.08,0.0,19.05,3970.29,0
2023-11-30,2023-11-30 14:13:00,210.08,210.08,210.07,210.07,-0.0,19.05,3970.29,-1
2023-11-30,2023-11-30 14:14:00,210.07,210.07,210.07,210.07,0.0,19.05,3970.29,0
2023-11-30,2023-11-30 14:15:00,210.07,210.07,210.06,210.06,-0.0,19.05,3970.29,-1
2023-11-30,2023-11-30 14:16:00,210.06,210.06,210.06,210.06,0.0,19.05,3970.29,0
2023-11-30,2023-11-30 14:17:00,210.06,210.06,210.06,210.06,0.0,19.05,3970.29,0
2023-11-30,2023-11-30 14:18:00,210.06,210.06,210.05,210.05,-0.0,19.05,3970.29,-1
2023-11-30,2023-11-30 14:19:00,210.05,210.05,210.05,210.05,0.0,19.05,3970.29,0
2023-11-30,2023-11-30 14:20:00,210.05,210.05,210.05,210.05,0.0,19.05,3970.29,0
2023-11-30,2023-11-30 14:21:00,210.05,210.05,210.04,210.04,-0.0,19.05,3970.29,-1
2023-11-30,2023-11-30 14:22:00,210.04,210.04,210.04,210.04,0.0,19.05,3970.29,0
2023-11-30,2023-11-30 14:23:00,210.04,210.04,210.03,210.03,-0.0,19.05,3970.29,-1
2023-11-30,2023-11-30 14:24:00,210.03,210.03,210.03,210.03,0.0,19.05,3970.29,0
2023-11-30,2023-11-30 14:25:00,210.03,210.03,210.03,210.03,0.0,19.05,3970.29,0
2023-11-30,2023-11-30 14:26:00,210.03,210.03,210.02,210.02,-0.0,19.05,3970.29,-1
2023-11-30,2023-11-30 14:27:00,210.02,210.02,210.02,210.02,0.0,19.05,3970.29,0
2023-11-30,2023-11-30 14:28:00,210.02,210.02,210.02,210.02,0.0,19.05,3970.29,0
2023-11-30,2023-11-30 14:29:00,210.02,210.02,210.01,210.01,-0.0,19.05,3970.29,-1
2023-11-30,2023-11-30 14:30:00,210.01,210.01,210.01,210.01,0.0,19.05,3970.29,0
2023-11-30,2023-11-30 14:31:00,210.01,210.01,210.0,210.0,-0.0,19.05,3970.29,-1
2023-11-30,2023-11-30 14:32:00,210.0,210.0,210.0,210.0,0.0,19.05,3970.29,0
2023-11-30,2023-11-30 14:33:00,210.0,210.0,210.0,210.0,0.0,19.05,3970.29,0
2023-11-30,2023-11-30 14:34:00,210.0,210.0,209.99,209.99,-0.0,19.05,3970.29,-1
2023-11-30,2023-11-30 14:35:00,209.99,209.99,209.99,209.99,0.0,19.05,3970.29,0
2023-11-30,2023-11-30 14:36:00,209.99,209.99,209.99,209.99,0.0,19.05,3970.29,0
2023-11-30,2023-11-30 14:37:00,209.99,209.99,209.98,209.98,-0.0,19.05,3970.29,-1
2023-11-30,2023-11-30 14:38:00,209.98,209.98,209.98,209.98,0.0,19.05,3970.29,0
2023-11-30,2023-11-30 14:39:00,209.98,209.98,209.97,209.97,-0.0,19.05,3970.29,-1
2023-11-30,2023-11-30 14:40:00,209.97,209.97,209.97,209.97,0.0,19.05,3970.29,0
2023-11-30,2023-11-30 14:41:00,209.97,209.97,209.97,209.97,0.0,19.05,3970.29,0
2023-11-30,2023-11-30 14:42:00,209.97,209.97,209.96,209.96,-0.0,19.05,3970.29,-1
2023-11-30,2023-11-30 14:43:00,209.96,209.96,209.96,209.96,0.0,19.05,3970.29,0
2023-11-30,2023-11-30 14:44:00,209.96,209.96,209.96,209.96,0.0,19.05,3970.29,0
2023-11-30,2023-11-30 14:45:00,209.96,209.96,209.95,209.95,-0.0,19.05,3970.29,-1
2023-11-30,2023-11-30 14:46:00,209.95,209.95,209.95,209.95,0.0,19.05,3970.29,0
2023-11-30,2023-11-30 14:47:00,209.95,209.95,209.94,209.94,-0.0,19.05,3970.29,-1
2023-11-30,2023-11-30 14:48:00,209.94,209.94,209.94,209.94,0.0,19.05,3970.29,0
2023-11-30,2023-11-30 14:49:00,209.94,209.94,209.94,209.94,0.0,19.05,3970.29,0
2023-11-30,2023-11-30 14:50:00,209.94,209.94,209.93,209.93,-0.0,19.05,3970.29,-1
2023-11-30,2023-11-30 14:51:00,209.93,209.93,209.93,209.93,0.0,19.05,3970.29,0
2023-11-30,2023-11-30 14:52:00,209.93,209.93,209.93,209.93,0.0,19.05,3970.29,0
2023-11-30,2023-11-30 14:53:00,209.93,209.93,209.92,209.92,-0.0,19.05,3970.29,-1
2023-11-30,2023-11-30 14:54:00,209.92,209.92,209.92,209.92,0.0,19.05,3970.29,0
2023-11-30,2023-11-30 14:55:00,209.92,209.92,209.91,209.91,-0.0,19.05,3970.29,-1
2023-11-30,2023-11-30 14:56:00,209.91,209.91,209.91,209.91,0.0,19.05,3970.29,0
2023-11-30,2023-11-30 14:57:00,209.91,209.91,209.91,209.91,0.0,19.05,3970.29,0
2023-11-30,2023-11-30 14:58:00,209.91,209.91,209.9,209.9,-0.0,19.05,3970.29,-1
2023-11-30,2023-11-30 14:59:00,209.9,209.9,209.9,209.9,0.0,19.05,3970.29,0
2023-11-30,2023-11-30 15:00:00,209.9,215.0,203.1,209.9,0.0,19.05,3970.29,0
2023-12-03,2023-12-03 11:00:00,206.0,207.17,205.13,206.0,0.0,9.84,2030.87,0
2023-12-03,2023-12-03 11:01:00,206.0,206.01,206.0,206.01,0.0,9.84,2030.87,1
2023-12-03,2023-12-03 11:02:00,206.01,206.01,206.01,206.01,0.0,9.84,2030.87,0
2023-12-03,2023-12-03 11:03:00,206.01,206.02,206.01,206.02,0.0,9.84,2030.87,1
2023-12-03,2023-12-03 11:04:00,206.02,206.02,206.02,206.02,0.0,9.84,2030.87,0
2023-12-03,2023-12-03 11:05:00,206.02,206.03,206.02,206.03,0.0,9.84,2030.87,1
2023-12-03,2023-12-03 11:06:00,206.03,206.03,206.03,206.03,0.0,9.84,2030.87,0
2023-12-03,2023-12-03 11:07:00,206.03,206.03,206.03,206.03,0.0,9.84,2030.87,0
2023-12-03,2023-12-03 11:08:00,206.03,206.04,206.03,206.04,0.0,9.84,2030.87,1
2023-12-03,2023-12-03 11:09:00,206.04,206.04,206.04,206.04,0.0,9.84,2030.87,0
2023-12-03,2023-12-03 11:10:00,206.04,206.05,206.04,206.05,0.0,9.84,2030.87,1
2023-12-03,2023-12-03 11:11:00,206.05,206.05,206.05,206.05,0.0,9.84,2030.87,0
2023-12-03,2023-12-03 11:12:00,206.05,206.05,206.05,206.05,0.0,9.84,2030.87,0
2023-12-03,2023-12-03 11:13:00,206.05,206.06,206.05,206.06,0.0,9.84,2030.87,1
2023-12-03,2023-12-03 11:14:00,206.06,206.06,206.06,206.06,0.0,9.84,2030.87,0
2023-12-03,2023-12-03 11:15:00,206.06,206.07,206.06,206.07,0.0,9.84,2030.87,1
2023-12-03,2023-12-03 11:16:00,206.07,206.07,206.07,206.07,0.0,9.84,2030.87,0
2023-12-03,2023-12-03 11:17:00,206.07,206.07,206.07,206.07,0.0,9.84,2030.87,0
2023-12-03,2023-12-03 11:18:00,206.07,206.08,206.07,206.08,0.0,9.84,2030.87,1
2023-12-03,2023-12-03 11:19:00,206.08,206.08,206.08,206.08,0.0,9.84,2030.87,0
2023-12-03,2023-12-03 11:20:00,206.08,206.09,206.08,206.09,0.0,9.84,2030.87,1
2023-12-03,2023-12-03 11:21:00,206.09,206.09,206.09,206.09,0.0,9.84,2030.87,0
2023-12-03,2023-12-03 11:22:00,206.09,206.1,206.09,206.1,0.0,9.84,2030.87,1
2023-12-03,2023-12-03 11:23:00,206.1,206.1,206.1,206.1,0.0,9.84,2030.87,0
2023-12-03,2023-12-03 11:24:00,206.1,206.1,206.1,206.1,0.0,9.84,2030.87,0
2023-12-03,2023-12-03 11:25:00,206.1,206.11,206.1,206.11,0.0,9.84,2030.87,1
2023-12-03,2023-12-03 11:26:00,206.11,206.11,206.11,206.11,0.0,9.84,2030.87,0
2023-12-03,2023-12-03 11:27:00,206.11,206.12,206.11,206.12,0.0,9.84,2030.87,1
2023-12-03,2023-12-03 11:28:00,206.12,206.12,206.12,206.12,0.0,9.84,2030.87,0
2023-12-03,2023-12-03 11:29:00,206.12,206.12,206.12,206.12,0.0,9.84,2030.87,0
2023-12-03,2023-12-03 11:30:00,206.12,206.13,206.12,206.13,0.0,9.84,2030.87,1
2023-12-03,2023-12-03 11:31:00,206.13,206.13,206.13,206.13,0.0,9.84,2030.87,0
2023-12-03,2023-12-03 11:32:00,206.13,206.14,206.13,206.14,0.0,9.84,2030.87,1
2023-12-03,2023-12-03 11:33:00,206.14,206.14,206.14,206.14,0.0,9.84,2030.87,0
2023-12-03,2023-12-03 11:34:00,206.14,206.15,206.14,206.15,0.0,9.84,2030.87,1
2023-12-03,2023-12-03 11:35:00,206.15,206.15,206.15,206.15,0.0,9.84,2030.87,0
2023-12-03,2023-12-03 11:36:00,206.15,206.15,206.15,206.15,0.0,9.84,2030.87,0
2023-12-03,2023-12-03 11:37:00,206.15,206.16,206.15,206.16,0.0,9.84,2030.87,1
2023-12-03,2023-12-03 11:38:00,206.16,206.16,206.16,206.16,0.0,9.84,2030.87,0
2023-12-03,2023-12-03 11:39:00,206.16,206.17,206.16,206.17,0.0,9.84,2030.87,1
2023-12-03,2023-12-03 11:40:00,206.17,206.17,206.17,206.17,0.0,9.84,2030.87,0
2023-12-03,2023-12-03 11:41:00,206.17,206.18,206.17,206.18,0.0,9.84,2030.87,1
2023-12-03,2023-12-03 11:42:00,206.18,206.18,206.18,206.18,0.0,9.84,2030.87,0
2023-12-03,2023-12-03 11:43:00,206.18,206.18,206.18,206.18,0.0,9.84,2030.87,0
2023-12-03,2023-12-03 11:44:00,206.18,206.19,206.18,206.19,0.0,9.84,2030.87,1
2023-12-03,2023-12-03 11:45:00,206.19,206.19,206.19,206.19,0.0,9.84,2030.87,0
2023-12-03,2023-12-03 11:46:00,206.19,206.2,206.19,206.2,0.0,9.84,2030.87,1
2023-12-03,2023-12-03 11:47:00,206.2,206.2,206.2,206.2,0.0,9.84,2030.87,0
2023-12-03,2023-12-03 11:48:00,206.2,206.2,206.2,206.2,0.0,9.84,2030.87,0
2023-12-03,2023-12-03 11:49:00,206.2,206.21,206.2,206.21,0.0,9.84,2030.87,1
2023-12-03,2023-12-03 11:50:00,206.21,206.21,206.21,206.21,0.0,9.84,2030.87,0
2023-12-03,2023-12-03 11:51:00,206.21,206.22,206.21,206.22,0.0,9.84,2030.87,1
2023-12-03,2023-12-03 11:52:00,206.22,206.22,206.22,206.22,0.0,9.84,2030.87,0
2023-12-03,2023-12-03 11:53:00,206.22,206.22,206.22,206.22,0.0,9.84,2030.87,0
2023-12-03,2023-12-03 11:54:00,206.22,206.23,206.22,206.23,0.0,9.84,2030.87,1
2023-12-03,2023-12-03 11:55:00,206.23,206.23,206.23,206.23,0.0,9.84,2030.87,0
2023-12-03,2023-12-03 11:56:00,206.23,206.24,206.23,206.24,0.0,9.84,2030.87,1
2023-12-03,2023-12-03 11:57:00,206.24,206.24,206.24,206.24,0.0,9.84,2030.87,0
2023-12-03,2023-12-03 11:58:00,206.24,206.25,206.24,206.25,0.0,9.84,2030.87,1
2023-12-03,2023-12-03 11:59:00,206.25,206.25,206.25,206.25,0.0,9.84,2030.87,0
2023-12-03,2023-12-03 12:00:00,206.25,206.25,206.25,206.25,0.0,9.84,2030.87,0
2023-12-03,2023-12-03 12:01:00,206.25,206.26,206.25,206.26,0.0,9.84,2030.87,1
2023-12-03,2023-12-03 12:02:00,206.26,206.26,206.26,206.26,0.0,9.84,2030.87,0
2023-12-03,2023-12-03 12:03:00,206.26,206.27,206.26,206.27,0.0,9.84,2030.87,1
2023-12-03,2023-12-03 12:04:00,206.27,206.27,206.27,206.27,0.0,9.84,2030.87,0
2023-12-03,2023-12-03 12:05:00,206.27,206.28,206.27,206.28,0.0,9.84,2030.87,1
2023-12-03,2023-12-03 12:06:00,206.28,206.28,206.28,206.28,0.0,9.84,2030.87,0
2023-12-03,2023-12-03 12:07:00,206.28,206.28,206.28,206.28,0.0,9.84,2030.87,0
2023-12-03,2023-12-03 12:08:00,206.28,206.29,206.28,206.29,0.0,9.84,2030.87,1
2023-12-03,2023-12-03 12:09:00,206.29,206.29,206.29,206.29,0.0,9.84,2030.87,0
2023-12-03,2023-12-03 12:10:00,206.29,206.3,206.29,206.3,0.0,9.84,2030.87,1
2023-12-03,2023-12-03 12:11:00,206.3,206.3,206.3,206.3,0.0,9.84,2030.87,0
2023-12-03,2023-12-03 12:12:00,206.3,206.3,206.3,206.3,0.0,9.84,2030.87,0
2023-12-03,2023-12-03 12:13:00,206.3,206.31,206.3,206.31,0.0,9.84,2030.87,1
2023-12-03,2023-12-03 12:14:00,206.31,206.31,206.31,206.31,0.0,9.84,2030.87,0
2023-12-03,2023-12-03 12:15:00,206.31,206.32,206.31,206.32,0.0,9.84,2030.87,1
2023-12-03,2023-12-03 12:16:00,206.32,206.32,206.32,206.32,0.0,9.84,2030.87,0
2023-12-03,2023-12-03 12:17:00,206.32,206.32,206.32,206.32,0.0,9.84,2030.87,0
2023-12-03,2023-12-03 12:18:00,206.32,206.33,206.32,206.33,0.0,9.84,2030.87,1
2023-12-03,2023-12-03 12:19:00,206.33,206.33,206.33,206.33,0.0,9.84,2030.87,0
2023-12-03,2023-12-03 12:20:00,206.33,206.34,206.33,206.34,0.0,9.84,2030.87,1
2023-12-03,2023-12-03 12:21:00,206.34,206.34,206.34,206.34,0.0,9.84,2030.87,0
2023-12-03,2023-12-03 12:22:00,206.34,206.35,206.34,206.35,0.0,9.84,2030.87,1
2023-12-03,2023-12-03 12:23:00,206.35,206.35,206.35,206.35,0.0,9.84,2030.87,0
2023-12-03,2023-12-03 12:24:00,206.35,206.35,206.35,206.35,0.0,9.84,2030.87,0
2023-12-03,2023-12-03 12:25:00,206.35,206.36,206.35,206.36,0.0,9.84,2030.87,1
2023-12-03,2023-12-03 12:26:00,206.36,206.36,206.36,206.36,0.0,9.84,2030.87,0
2023-12-03,2023-12-03 12:27:00,206.36,206.37,206.36,206.37,0.0,9.84,2030.87,1
2023-12-03,2023-12-03 12:28:00,206.37,206.37,206.37,206.37,0.0,9.84,2030.87,0
2023-12-03,2023-12-03 12:29:00,206.37,206.38,206.37,206.38,0.0,9.84,2030.87,1
2023-12-03,2023-12-03 12:30:00,206.38,206.38,206.38,206.38,0.0,9.84,2030.87,0
2023-12-03,2023-12-03 12:31:00,206.38,206.38,206.38,206.38,0.0,9.84,2030.87,0
2023-12-03,2023-12-03 12:32:00,206.38,206.39,206.38,206.39,0.0,9.84,2030.87,1
2023-12-03,2023-12-03 12:33:00,206.39,206.39,206.39,206.39,0.0,9.84,2030.87,0
2023-12-03,2023-12-03 12:34:00,206.39,206.4,206.39,206.4,0.0,9.84,2030.87,1
2023-12-03,2023-12-03 12:35:00,206.4,206.4,206.4,206.4,0.0,9.84,2030.87,0
2023-12-03,2023-12-03 12:36:00,206.4,206.4,206.4,206.4,0.0,9.84,2030.87,0
2023-12-03,2023-12-03 12:37:00,206.4,206.41,206.4,206.41,0.0,9.84,2030.87,1
2023-12-03,2023-12-03 12:38:00,206.41,206.41,206.41,206.41,0.0,9.84,2030.87,0
2023-12-03,2023-12-03 12:39:00,206.41,206.42,206.41,206.42,0.0,9.84,2030.87,1
2023-12-03,2023-12-03 12:40:00,206.42,206.42,206.42,206.42,0.0,9.84,2030.87,0
2023-12-03,2023-12-03 12:41:00,206.42,206.43,206.42,206.43,0.0,9.84,2030.87,1
2023-12-03,2023-12-03 12:42:00,206.43,206.43,206.43,206.43,0.0,9.84,2030.87,0
2023-12-03,2023-12-03 12:43:00,206.43,206.43,206.43,206.43,0.0,9.84,2030.87,0
2023-12-03,2023-12-03 12:44:00,206.43,206.44,206.43,206.44,0.0,9.84,2030.87,1
2023-12-03,2023-12-03 12:45:00,206.44,206.44,206.44,206.44,0.0,9.84,2030.87,0
2023-12-03,2023-12-03 12:46:00,206.44,206.45,206.44,206.45,0.0,9.84,2030.87,1
2023-12-03,2023-12-03 12:47:00,206.45,206.45,206.45,206.45,0.0,9.84,2030.87,0
2023-12-03,2023-12-03 12:48:00,206.45,206.45,206.45,206.45,0.0,9.84,2030.87,0
2023-12-03,2023-12-03 12:49:00,206.45,206.46,206.45,206.46,0.0,9.84,2030.87,1
2023-12-03,2023-12-03 12:50:00,206.46,206.46,206.46,206.46,0.0,9.84,2030.87,0
2023-12-03,2023-12-03 12:51:00,206.46,206.47,206.46,206.47,0.0,9.84,2030.87,1
2023-12-03,2023-12-03 12:52:00,206.47,206.47,206.47,206.47,0.0,9.84,2030.87,0
2023-12-03,2023-12-03 12:53:00,206.47,206.47,206.47,206.47,0.0,9.84,2030.87,0
2023-12-03,2023-12-03 12:54:00,206.47,206.48,206.47,206.48,0.0,9.84,2030.87,1
2023-12-03,2023-12-03 12:55:00,206.48,206.48,206.48,206.48,0.0,9.84,2030.87,0
2023-12-03,2023-12-03 12:56:00,206.48,206.49,206.48,206.49,0.0,9.84,2030.87,1
2023-12-03,2023-12-03 12:57:00,206.49,206.49,206.49,206.49,0.0,9.84,2030.87,0
2023-12-03,2023-12-03 12:58:00,206.49,206.5,206.49,206.5,0.0,9.84,2030.87,1
2023-12-03,2023-12-03 12:59:00,206.5,206.5,206.5,206.5,0.0,9.84,2030.87,0
2023-12-03,2023-12-03 13:00:00,206.5,209.9,203.1,206.5,0.0,9.84,2030.87,0
2023-12-03,2023-12-03 13:01:00,206.5,206.51,206.5,206.51,0.0,9.84,2030.87,1
2023-12-03,2023-12-03 13:02:00,206.51,206.51,206.51,206.51,0.0,9.84,2030.87,0
2023-12-03,2023-12-03 13:03:00,206.51,206.52,206.51,206.52,0.0,9.84,2030.87,1
2023-12-03,2023-12-03 13:04:00,206.52,206.52,206.52,206.52,0.0,9.84,2030.87,0
2023-12-03,2023-12-03 13:05:00,206.52,206.53,206.52,206.53,0.0,9.84,2030.87,1
2023-12-03,2023-12-03 13:06:00,206.53,206.53,206.53,206.53,0.0,9.84,2030.87,0
2023-12-03,2023-12-03 13:07:00,206.53,206.53,206.53,206.53,0.0,9.84,2030.87,0
2023-12-03,2023-12-03 13:08:00,206.53,206.54,206.53,206.54,0.0,9.84,2030.87,1
2023-12-03,2023-12-03 13:09:00,206.54,206.54,206.54,206.54,0.0,9.84,2030.87,0
2023-12-03,2023-12-03 13:10:00,206.54,206.55,206.54,206.55,0.0,9.84,2030.87,1
2023-12-03,2023-12-03 13:11:00,206.55,206.55,206.55,206.55,0.0,9.84,2030.87,0
2023-12-03,2023-12-03 13:12:00,206.55,206.55,206.55,206.55,0.0,9.84,2030.87,0
2023-12-03,2023-12-03 13:13:00,206.55,206.56,206.55,206.56,0.0,9.84,2030.87,1
2023-12-03,2023-12-03 13:14:00,206.56,206.56,206.56,206.56,0.0,9.84,2030.87,0
2023-12-03,2023-12-03 13:15:00,206.56,206.57,206.56,206.57,0.0,9.84,2030.87,1
2023-12-03,2023-12-03 13:16:00,206.57,206.57,206.57,206.57,0.0,9.84,2030.87,0
2023-12-03,2023-12-03 13:17:00,206.57,206.57,206.57,206.57,0.0,9.84,2030.87,0
2023-12-03,2023-12-03 13:18:00,206.57,206.58,206.57,206.58,0.0,9.84,2030.87,1
2023-12-03,2023-12-03 13:19:00,206.58,206.58,206.58,206.58,0.0,9.84,2030.87,0
2023-12-03,2023-12-03 13:20:00,206.58,206.59,206.58,206.59,0.0,9.84,2030.87,1
2023-12-03,2023-12-03 13:21:00,206.59,206.59,206.59,206.59,0.0,9.84,2030.87,0
2023-12-03,2023-12-03 13:22:00,206.59,206.6,206.59,206.6,0.0,9.84,2030.87,1
2023-12-03,2023-12-03 13:23:00,206.6,206.6,206.6,206.6,0.0,9.84,2030.87,0
2023-12-03,2023-12-03 13:24:00,206.6,206.6,206.6,206.6,0.0,9.84,2030.87,0
2023-12-03,2023-12-03 13:25:00,206.6,206.61,206.6,206.61,0.0,9.84,2030.87,1
2023-12-03,2023-12-03 13:26:00,206.61,206.61,206.61,206.61,0.0,9.84,2030.87,0
2023-12-03,2023-12-03 13:27:00,206.61,206.62,206.61,206.62,0.0,9.84,2030.87,1
2023-12-03,2023-12-03 13:28:00,206.62,206.62,206.62,206.62,0.0,9.84,2030.87,0
2023-12-03,2023-12-03 13:29:00,206.62,206.62,206.62,206.62,0.0,9.84,2030.87,0
2023-12-03,2023-12-03 13:30:00,206.62,206.63,206.62,206.63,0.0,9.84,2030.87,1
2023-12-03,2023-12-03 13:31:00,206.63,206.63,206.63,206.63,0.0,9.84,2030.87,0
2023-12-03,2023-12-03 13:32:00,206.63,206.64,206.63,206.64,0.0,9.84,2030.87,1
2023-12-03,2023-12-03 13:33:00,206.64,206.64,206.64,206.64,0.0,9.84,2030.87,0
2023-12-03,2023-12-03 13:34:00,206.64,206.65,206.64,206.65,0.0,9.84,2030.87,1
2023-12-03,2023-12-03 13:35:00,206.65,206.65,206.65,206.65,0.0,9.84,2030.87,0
2023-12-03,2023-12-03 13:36:00,206.65,206.65,206.65,206.65,0.0,9.84,2030.87,0
2023-12-03,2023-12-03 13:37:00,206.65,206.66,206.65,206.66,0.0,9.84,2030.87,1
2023-12-03,2023-12-03 13:38:00,206.66,206.66,206.66,206.66,0.0,9.84,2030.87,0
2023-12-03,2023-12-03 13:39:00,206.66,206.67,206.66,206.67,0.0,9.84,2030.87,1
2023-12-03,2023-12-03 13:40:00,206.67,206.67,206.67,206.67,0.0,9.84,2030.87,0
2023-12-03,2023-12-03 13:41:00,206.67,206.68,206.67,206.68,0.0,9.84,2030.87,1
2023-12-03,2023-12-03 13:42:00,206.68,206.68,206.68,206.68,0.0,9.84,2030.87,0
2023-12-03,2023-12-03 13:43:00,206.68,206.68,206.68,206.68,0.0,9.84,2030.87,0
2023-12-03,2023-12-03 13:44:00,206.68,206.69,206.68,206.69,0.0,9.84,2030.87,1
2023-12-03,2023-12-03 13:45:00,206.69,206.69,206.69,206.69,0.0,9.84,2030.87,0
2023-12-03,2023-12-03 13:46:00,206.69,206.7,206.69,206.7,0.0,9.84,2030.87,1
2023-12-03,2023-12-03 13:47:00,206.7,206.7,206.7,206.7,0.0,9.84,2030.87,0
2023-12-03,2023-12-03 13:48:00,206.7,206.7,206.7,206.7,0.0,9.84,2030.87,0
2023-12-03,2023-12-03 13:49:00,206.7,206.71,206.7,206.71,0.0,9.84,2030.87,1
2023-12-03,2023-12-03 13:50:00,206.71,206.71,206.71,206.71,0.0,9.84,2030.87,0
2023-12-03,2023-12-03 13:51:00,206.71,206.72,206.71,206.72,0.0,9.84,2030.87,1
2023-12-03,2023-12-03 13:52:00,206.72,206.72,206.72,206.72,0.0,9.84,2030.87,0
2023-12-03,2023-12-03 13:53:00,206.72,206.72,206.72,206.72,0.0,9.84,2030.87,0
2023-12-03,2023-12-03 13:54:00,206.72,206.73,206.72,206.73,0.0,9.84,2030.87,1
2023-12-03,2023-12-03 13:55:00,206.73,206.73,206.73,206.73,0.0,9.84,2030.87,0
2023-12-03,2023-12-03 13:56:00,206.73,206.74,206.73,206.74,0.0,9.84,2030.87,1
2023-12-03,2023-12-03 13:57:00,206.74,206.74,206.74,206.74,0.0,9.84,2030.87,0
2023-12-03,2023-12-03 13:58:00,206.74,206.75,206.74,206.75,0.0,9.84,2030.87,1
2023-12-03,2023-12-03 13:59:00,206.75,206.75,206.75,206.75,0.0,9.84,2030.87,0
2023-12-03,2023-12-03 14:00:00,206.75,206.75,206.75,206.75,0.0,9.84,2030.87,0
2023-12-03,2023-12-03 14:01:00,206.75,206.76,206.75,206.76,0.0,9.84,2030.87,1
2023-12-03,2023-12-03 14:02:00,206.76,206.76,206.76,206.76,0.0,9.84,2030.87,0
2023-12-03,2023-12-03 14:03:00,206.76,206.77,206.76,206.77,0.0,9.84,2030.87,1
2023-12-03,2023-12-03 14:04:00,206.77,206.77,206.77,206.77,0.0,9.84,2030.87,0
2023-12-03,2023-12-03 14:05:00,206.77,206.78,206.77,206.78,0.0,9.84,2030.87,1
2023-12-03,2023-12-03 14:06:00,206.78,206.78,206.78,206.78,0.0,9.84,2030.87,0
2023-12-03,2023-12-03 14:07:00,206.78,206.78,206.78,206.78,0.0,9.84,2030.87,0
2023-12-03,2023-12-03 14:08:00,206.78,206.79,206.78,206.79,0.0,9.84,2030.87,1
2023-12-03,2023-12-03 14:09:00,206.79,206.79,206.79,206.79,0.0,9.84,2030.87,0
2023-12-03,2023-12-03 14:10:00,206.79,206.8,206.79,206.8,0.0,9.84,2030.87,1
2023-12-03,2023-12-03 14:11:00,206.8,206.8,206.8,206.8,0.0,9.84,2030.87,0
2023-12-03,2023-12-03 14:12:00,206.8,206.8,206.8,206.8,0.0,9.84,2030.87,0
2023-12-03,2023-12-03 14:13:00,206.8,206.81,206.8,206.81,0.0,9.84,2030.87,1
2023-12-03,2023-12-03 14:14:00,206.81,206.81,206.81,206.81,0.0,9.84,2030.87,0
2023-12-03,2023-12-03 14:15:00,206.81,206.82,206.81,206.82,0.0,9.84,2030.87,1
2023-12-03,2023-12-03 14:16:00,206.82,206.82,206.82,206.82,0.0,9.84,2030.87,0
2023-12-03,2023-12-03 14:17:00,206.82,206.82,206.82,206.82,0.0,9.84,2030.87,0
2023-12-03,2023-12-03 14:18:00,206.82,206.83,206.82,206.83,0.0,9.84,2030.87,1
2023-12-03,2023-12-03 14:19:00,206.83,206.83,206.83,206.83,0.0,9.84,2030.87,0
2023-12-03,2023-12-03 14:20:00,206.83,206.84,206.83,206.84,0.0,9.84,2030.87,1
2023-12-03,2023-12-03 14:21:00,206.84,206.84,206.84,206.84,0.0,9.84,2030.87,0
2023-12-03,2023-12-03 14:22:00,206.84,206.85,206.84,206.85,0.0,9.84,2030.87,1
2023-12-03,2023-12-03 14:23:00,206.85,206.85,206.85,206.85,0.0,9.84,2030.87,0
2023-12-03,2023-12-03 14:24:00,206.85,206.85,206.85,206.85,0.0,9.84,2030.87,0
2023-12-03,2023-12-03 14:25:00,206.85,206.86,206.85,206.86,0.0,9.84,2030.87,1
2023-12-03,2023-12-03 14:26:00,206.86,206.86,206.86,206.86,0.0,9.84,2030.87,0
2023-12-03,2023-12-03 14:27:00,206.86,206.87,206.86,206.87,0.0,9.84,2030.87,1
2023-12-03,2023-12-03 14:28:00,206.87,206.87,206.87,206.87,0.0,9.84,2030.87,0
2023-12-03,2023-12-03 14:29:00,206.87,206.88,206.87,206.88,0.0,9.84,2030.87,1
2023-12-03,2023-12-03 14:30:00,206.88,206.88,206.88,206.88,0.0,9.84,2030.87,0
2023-12-03,2023-12-03 14:31:00,206.88,206.88,206.88,206.88,0.0,9.84,2030.87,0
2023-12-03,2023-12-03 14:32:00,206.88,206.89,206.88,206.89,0.0,9.84,2030.87,1
2023-12-03,2023-12-03 14:33:00,206.89,206.89,206.89,206.89,0.0,9.84,2030.87,0
2023-12-03,2023-12-03 14:34:00,206.89,206.9,206.89,206.9,0.0,9.84,2030.87,1
2023-12-03,2023-12-03 14:35:00,206.9,206.9,206.9,206.9,0.0,9.84,2030.87,0
2023-12-03,2023-12-03 14:36:00,206.9,206.9,206.9,206.9,0.0,9.84,2030.87,0
2023-12-03,2023-12-03 14:37:00,206.9,206.91,206.9,206.91,0.0,9.84,2030.87,1
2023-12-03,2023-12-03 14:38:00,206.91,206.91,206.91,206.91,0.0,9.84,2030.87,0
2023-12-03,2023-12-03 14:39:00,206.91,206.92,206.91,206.92,0.0,9.84,2030.87,1
2023-12-03,2023-12-03 14:40:00,206.92,206.92,206.92,206.92,0.0,9.84,2030.87,0
2023-12-03,2023-12-03 14:41:00,206.92,206.93,206.92,206.93,0.0,9.84,2030.87,1
2023-12-03,2023-12-03 14:42:00,206.93,206.93,206.93,206.93,0.0,9.84,2030.87,0
2023-12-03,2023-12-03 14:43:00,206.93,206.93,206.93,206.93,0.0,9.84,2030.87,0
2023-12-03,2023-12-03 14:44:00,206.93,206.94,206.93,206.94,0.0,9.84,2030.87,1
2023-12-03,2023-12-03 14:45:00,206.94,206.94,206.94,206.94,0.0,9.84,2030.87,0
2023-12-03,2023-12-03 14:46:00,206.94,206.95,206.94,206.95,0.0,9.84,2030.87,1
2023-12-03,2023-12-03 14:47:00,206.95,206.95,206.95,206.95,0.0,9.84,2030.87,0
2023-12-03,2023-12-03 14:48:00,206.95,206.95,206.95,206.95,0.0,9.84,2030.87,0
2023-12-03,2023-12-03 14:49:00,206.95,206.96,206.95,206.96,0.0,9.84,2030.87,1
2023-12-03,2023-12-03 14:50:00,206.96,206.96,206.96,206.96,0.0,9.84,2030.87,0
2023-12-03,2023-12-03 14:51:00,206.96,206.97,206.96,206.97,0.0,9.84,2030.87,1
2023-12-03,2023-12-03 14:52:00,206.97,206.97,206.97,206.97,0.0,9.84,2030.87,0
2023-12-03,2023-12-03 14:53:00,206.97,206.97,206.97,206.97,0.0,9.84,2030.87,0
2023-12-03,2023-12-03 14:54:00,206.97,206.98,206.97,206.98,0.0,9.84,2030.87,1
2023-12-03,2023-12-03 14:55:00,206.98,206.98,206.98,206.98,0.0,9.84,2030.87,0
2023-12-03,2023-12-03 14:56:00,206.98,206.99,206.98,206.99,0.0,9.84,2030.87,1
2023-12-03,2023-12-03 14:57:00,206.99,206.99,206.99,206.99,0.0,9.84,2030.87,0
2023-12-03,2023-12-03 14:58:00,206.99,207.0,206.99,207.0,0.0,9.84,2030.87,1
2023-12-03,2023-12-03 14:59:00,207.0,207.0,207.0,207.0,0.0,9.84,2030.87,0
2023-12-03,2023-12-03 15:00:00,207.0,209.9,203.1,207.0,0.0,9.84,2030.87,0
2023-12-04,2023-12-04 11:00:00,203.0,206.87,203.0,203.04,0.02,24.85,5259.54,1
2023-12-04,2023-12-04 11:01:00,203.04,203.08,203.04,203.08,0.02,24.85,5259.54,1
2023-12-04,2023-12-04 11:02:00,203.08,203.12,203.08,203.12,0.02,24.85,5259.54,1
2023-12-04,2023-12-04 11:03:00,203.12,203.16,203.12,203.16,0.02,24.85,5259.54,1
2023-12-04,2023-12-04 11:04:00,203.16,203.21,203.16,203.21,0.02,24.85,5259.54,1
2023-12-04,2023-12-04 11:05:00,203.21,203.25,203.21,203.25,0.02,24.85,5259.54,1
2023-12-04,2023-12-04 11:06:00,203.25,203.29,203.25,203.29,0.02,24.85,5259.54,1
2023-12-04,2023-12-04 11:07:00,203.29,203.33,203.29,203.33,0.02,24.85,5259.54,1
2023-12-04,2023-12-04 11:08:00,203.33,203.37,203.33,203.37,0.02,24.85,5259.54,1
2023-12-04,2023-12-04 11:09:00,203.37,203.41,203.37,203.41,0.02,24.85,5259.54,1
2023-12-04,2023-12-04 11:10:00,203.41,203.45,203.41,203.45,0.02,24.85,5259.54,1
2023-12-04,2023-12-04 11:11:00,203.45,203.5,203.45,203.5,0.02,24.85,5259.54,1
2023-12-04,2023-12-04 11:12:00,203.5,203.54,203.5,203.54,0.02,24.85,5259.54,1
2023-12-04,2023-12-04 11:13:00,203.54,203.58,203.54,203.58,0.02,24.85,5259.54,1
2023-12-04,2023-12-04 11:14:00,203.58,203.62,203.58,203.62,0.02,24.85,5259.54,1
2023-12-04,2023-12-04 11:15:00,203.62,203.66,203.62,203.66,0.02,24.85,5259.54,1
2023-12-04,2023-12-04 11:16:00,203.66,203.7,203.66,203.7,0.02,24.85,5259.54,1
2023-12-04,2023-12-04 11:17:00,203.7,203.74,203.7,203.74,0.02,24.85,5259.54,1
2023-12-04,2023-12-04 11:18:00,203.74,203.78,203.74,203.78,0.02,24.85,5259.54,1
2023-12-04,2023-12-04 11:19:00,203.78,203.82,203.78,203.82,0.02,24.85,5259.54,1
2023-12-04,2023-12-04 11:20:00,203.82,203.87,203.82,203.87,0.02,24.85,5259.54,1
2023-12-04,2023-12-04 11:21:00,203.87,203.91,203.87,203.91,0.02,24.85,5259.54,1
2023-12-04,2023-12-04 11:22:00,203.91,203.95,203.91,203.95,0.02,24.85,5259.54,1
2023-12-04,2023-12-04 11:23:00,203.95,203.99,203.95,203.99,0.02,24.85,5259.54,1
2023-12-04,2023-12-04 11:24:00,203.99,204.03,203.99,204.03,0.02,24.85,5259.54,1
2023-12-04,2023-12-04 11:25:00,204.03,204.07,204.03,204.07,0.02,24.85,5259.54,1
2023-12-04,2023-12-04 11:26:00,204.07,204.11,204.07,204.11,0.02,24.85,5259.54,1
2023-12-04,2023-12-04 11:27:00,204.11,204.16,204.11,204.16,0.02,24.85,5259.54,1
2023-12-04,2023-12-04 11:28:00,204.16,204.2,204.16,204.2,0.02,24.85,5259.54,1
2023-12-04,2023-12-04 11:29:00,204.2,204.24,204.2,204.24,0.02,24.85,5259.54,1
2023-12-04,2023-12-04 11:30:00,204.24,204.28,204.24,204.28,0.02,24.85,5259.54,1
2023-12-04,2023-12-04 11:31:00,204.28,204.32,204.28,204.32,0.02,24.85,5259.54,1
2023-12-04,2023-12-04 11:32:00,204.32,204.36,204.32,204.36,0.02,24.85,5259.54,1
2023-12-04,2023-12-04 11:33:00,204.36,204.4,204.36,204.4,0.02,24.85,5259.54,1
2023-12-04,2023-12-04 11:34:00,204.4,204.44,204.4,204.44,0.02,24.85,5259.54,1
2023-12-04,2023-12-04 11:35:00,204.44,204.49,204.44,204.49,0.02,24.85,5259.54,1
2023-12-04,2023-12-04 11:36:00,204.49,204.53,204.49,204.53,0.02,24.85,5259.54,1
2023-12-04,2023-12-04 11:37:00,204.53,204.57,204.53,204.57,0.02,24.85,5259.54,1
2023-12-04,2023-12-04 11:38:00,204.57,204.61,204.57,204.61,0.02,24.85,5259.54,1
2023-12-04,2023-12-04 11:39:00,204.61,204.65,204.61,204.65,0.02,24.85,5259.54,1
2023-12-04,2023-12-04 11:40:00,204.65,204.69,204.65,204.69,0.02,24.85,5259.54,1
2023-12-04,2023-12-04 11:41:00,204.69,204.73,204.69,204.73,0.02,24.85,5259.54,1
2023-12-04,2023-12-04 11:42:00,204.73,204.77,204.73,204.77,0.02,24.85,5259.54,1
2023-12-04,2023-12-04 11:43:00,204.77,204.81,204.77,204.81,0.02,24.85,5259.54,1
2023-12-04,2023-12-04 11:44:00,204.81,204.86,204.81,204.86,0.02,24.85,5259.54,1
2023-12-04,2023-12-04 11:45:00,204.86,204.9,204.86,204.9,0.02,24.85,5259.54,1
2023-12-04,2023-12-04 11:46:00,204.9,204.94,204.9,204.94,0.02,24.85,5259.54,1
2023-12-04,2023-12-04 11:47:00,204.94,204.98,204.94,204.98,0.02,24.85,5259.54,1
2023-12-04,2023-12-04 11:48:00,204.98,205.02,204.98,205.02,0.02,24.85,5259.54,1
2023-12-04,2023-12-04 11:49:00,205.02,205.06,205.02,205.06,0.02,24.85,5259.54,1
2023-12-04,2023-12-04 11:50:00,205.06,205.1,205.06,205.1,0.02,24.85,5259.54,1
2023-12-04,2023-12-04 11:51:00,205.1,205.15,205.1,205.15,0.02,24.85,5259.54,1
2023-12-04,2023-12-04 11:52:00,205.15,205.19,205.15,205.19,0.02,24.85,5259.54,1
2023-12-04,2023-12-04 11:53:00,205.19,205.23,205.19,205.23,0.02,24.85,5259.54,1
2023-12-04,2023-12-04 11:54:00,205.23,205.27,205.23,205.27,0.02,24.85,5259.54,1
2023-12-04,2023-12-04 11:55:00,205.27,205.31,205.27,205.31,0.02,24.85,5259.54,1
2023-12-04,2023-12-04 11:56:00,205.31,205.35,205.31,205.35,0.02,24.85,5259.54,1
2023-12-04,2023-12-04 11:57:00,205.35,205.39,205.35,205.39,0.02,24.85,5259.54,1
2023-12-04,2023-12-04 11:58:00,205.39,205.43,205.39,205.43,0.02,24.85,5259.54,1
2023-12-04,2023-12-04 11:59:00,205.43,205.47,205.43,205.47,0.02,24.85,5259.54,1
2023-12-04,2023-12-04 12:00:00,205.47,205.52,205.47,205.52,0.02,24.85,5259.54,1
2023-12-04,2023-12-04 12:01:00,205.52,205.56,205.52,205.56,0.02,24.85,5259.54,1
2023-12-04,2023-12-04 12:02:00,205.56,205.6,205.56,205.6,0.02,24.85,5259.54,1
2023-12-04,2023-12-04 12:03:00,205.6,205.64,205.6,205.64,0.02,24.85,5259.54,1
2023-12-04,2023-12-04 12:04:00,205.64,205.68,205.64,205.68,0.02,24.85,5259.54,1
2023-12-04,2023-12-04 12:05:00,205.68,205.72,205.68,205.72,0.02,24.85,5259.54,1
2023-12-04,2023-12-04 12:06:00,205.72,205.76,205.72,205.76,0.02,24.85,5259.54,1
2023-12-04,2023-12-04 12:07:00,205.76,205.81,205.76,205.81,0.02,24.85,5259.54,1
2023-12-04,2023-12-04 12:08:00,205.81,205.85,205.81,205.85,0.02,24.85,5259.54,1
2023-12-04,2023-12-04 12:09:00,205.85,205.89,205.85,205.89,0.02,24.85,5259.54,1
2023-12-04,2023-12-04 12:10:00,205.89,205.93,205.89,205.93,0.02,24.85,5259.54,1
2023-12-04,2023-12-04 12:11:00,205.93,205.97,205.93,205.97,0.02,24.85,5259.54,1
2023-12-04,2023-12-04 12:12:00,205.97,206.01,205.97,206.01,0.02,24.85,5259.54,1
2023-12-04,2023-12-04 12:13:00,206.01,206.05,206.01,206.05,0.02,24.85,5259.54,1
2023-12-04,2023-12-04 12:14:00,206.05,206.09,206.05,206.09,0.02,24.85,5259.54,1
2023-12-04,2023-12-04 12:15:00,206.09,206.13,206.09,206.13,0.02,24.85,5259.54,1
2023-12-04,2023-12-04 12:16:00,206.13,206.18,206.13,206.18,0.02,24.85,5259.54,1
2023-12-04,2023-12-04 12:17:00,206.18,206.22,206.18,206.22,0.02,24.85,5259.54,1
2023-12-04,2023-12-04 12:18:00,206.22,206.26,206.22,206.26,0.02,24.85,5259.54,1
2023-12-04,2023-12-04 12:19:00,206.26,206.3,206.26,206.3,0.02,24.85,5259.54,1
2023-12-04,2023-12-04 12:20:00,206.3,206.34,206.3,206.34,0.02,24.85,5259.54,1
2023-12-04,2023-12-04 12:21:00,206.34,206.38,206.34,206.38,0.02,24.85,5259.54,1
2023-12-04,2023-12-04 12:22:00,206.38,206.42,206.38,206.42,0.02,24.85,5259.54,1
2023-12-04,2023-12-04 12:23:00,206.42,206.47,206.42,206.47,0.02,24.85,5259.54,1
2023-12-04,2023-12-04 12:24:00,206.47,206.51,206.47,206.51,0.02,24.85,5259.54,1
2023-12-04,2023-12-04 12:25:00,206.51,206.55,206.51,206.55,0.02,24.85,5259.54,1
2023-12-04,2023-12-04 12:26:00,206.55,206.59,206.55,206.59,0.02,24.85,5259.54,1
2023-12-04,2023-12-04 12:27:00,206.59,206.63,206.59,206.63,0.02,24.85,5259.54,1
2023-12-04,2023-12-04 12:28:00,206.63,206.67,206.63,206.67,0.02,24.85,5259.54,1
2023-12-04,2023-12-04 12:29:00,206.67,206.71,206.67,206.71,0.02,24.85,5259.54,1
2023-12-04,2023-12-04 12:30:00,206.71,206.75,206.71,206.75,0.02,24.85,5259.54,1
2023-12-04,2023-12-04 12:31:00,206.75,206.8,206.75,206.8,0.02,24.85,5259.54,1
2023-12-04,2023-12-04 12:32:00,206.8,206.84,206.8,206.84,0.02,24.85,5259.54,1
2023-12-04,2023-12-04 12:33:00,206.84,206.88,206.84,206.88,0.02,24.85,5259.54,1
2023-12-04,2023-12-04 12:34:00,206.88,206.92,206.88,206.92,0.02,24.85,5259.54,1
2023-12-04,2023-12-04 12:35:00,206.92,206.96,206.92,206.96,0.02,24.85,5259.54,1
2023-12-04,2023-12-04 12:36:00,206.96,207.0,206.96,207.0,0.02,24.85,5259.54,1
2023-12-04,2023-12-04 12:37:00,207.0,207.04,207.0,207.04,0.02,24.85,5259.54,1
2023-12-04,2023-12-04 12:38:00,207.04,207.08,207.04,207.08,0.02,24.85,5259.54,1
2023-12-04,2023-12-04 12:39:00,207.08,207.12,207.08,207.12,0.02,24.85,5259.54,1
2023-12-04,2023-12-04 12:40:00,207.12,207.17,207.12,207.17,0.02,24.85,5259.54,1
2023-12-04,2023-12-04 12:41:00,207.17,207.21,207.17,207.21,0.02,24.85,5259.54,1
2023-12-04,2023-12-04 12:42:00,207.21,207.25,207.21,207.25,0.02,24.85,5259.54,1
2023-12-04,2023-12-04 12:43:00,207.25,207.29,207.25,207.29,0.02,24.85,5259.54,1
2023-12-04,2023-12-04 12:44:00,207.29,207.33,207.29,207.33,0.02,24.85,5259.54,1
2023-12-04,2023-12-04 12:45:00,207.33,207.37,207.33,207.37,0.02,24.85,5259.54,1
2023-12-04,2023-12-04 12:46:00,207.37,207.41,207.37,207.41,0.02,24.85,5259.54,1
2023-12-04,2023-12-04 12:47:00,207.41,207.46,207.41,207.46,0.02,24.85,5259.54,1
2023-12-04,2023-12-04 12:48:00,207.46,207.5,207.46,207.5,0.02,24.85,5259.54,1
2023-12-04,2023-12-04 12:49:00,207.5,207.54,207.5,207.54,0.02,24.85,5259.54,1
2023-12-04,2023-12-04 12:50:00,207.54,207.58,207.54,207.58,0.02,24.85,5259.54,1
2023-12-04,2023-12-04 12:51:00,207.58,207.62,207.58,207.62,0.02,24.85,5259.54,1
2023-12-04,2023-12-04 12:52:00,207.62,207.66,207.62,207.66,0.02,24.85,5259.54,1
2023-12-04,2023-12-04 12:53:00,207.66,207.7,207.66,207.7,0.02,24.85,5259.54,1
2023-12-04,2023-12-04 12:54:00,207.7,207.74,207.7,207.74,0.02,24.85,5259.54,1
2023-12-04,2023-12-04 12:55:00,207.74,207.78,207.74,207.78,0.02,24.85,5259.54,1
2023-12-04,2023-12-04 12:56:00,207.78,207.83,207.78,207.83,0.02,24.85,5259.54,1
2023-12-04,2023-12-04 12:57:00,207.83,207.87,207.83,207.87,0.02,24.85,5259.54,1
2023-12-04,2023-12-04 12:58:00,207.87,207.91,207.87,207.91,0.02,24.85,5259.54,1
2023-12-04,2023-12-04 12:59:00,207.91,207.95,207.91,207.95,0.02,24.85,5259.54,1
2023-12-04,2023-12-04 13:00:00,207.95,215.9,203.0,207.99,0.02,24.85,5259.54,1
2023-12-04,2023-12-04 13:01:00,207.99,208.03,207.99,208.03,0.02,24.85,5259.54,1
2023-12-04,2023-12-04 13:02:00,208.03,208.07,208.03,208.07,0.02,24.85,5259.54,1
2023-12-04,2023-12-04 13:03:00,208.07,208.12,208.07,208.12,0.02,24.85,5259.54,1
2023-12-04,2023-12-04 13:04:00,208.12,208.16,208.12,208.16,0.02,24.85,5259.54,1
2023-12-04,2023-12-04 13:05:00,208.16,208.2,208.16,208.2,0.02,24.85,5259.54,1
2023-12-04,2023-12-04 13:06:00,208.2,208.24,208.2,208.24,0.02,24.85,5259.54,1
2023-12-04,2023-12-04 13:07:00,208.24,208.28,208.24,208.28,0.02,24.85,5259.54,1
2023-12-04,2023-12-04 13:08:00,208.28,208.32,208.28,208.32,0.02,24.85,5259.54,1
2023-12-04,2023-12-04 13:09:00,208.32,208.36,208.32,208.36,0.02,24.85,5259.54,1
2023-12-04,2023-12-04 13:10:00,208.36,208.4,208.36,208.4,0.02,24.85,5259.54,1
2023-12-04,2023-12-04 13:11:00,208.4,208.44,208.4,208.44,0.02,24.85,5259.54,1
2023-12-04,2023-12-04 13:12:00,208.44,208.49,208.44,208.49,0.02,24.85,5259.54,1
2023-12-04,2023-12-04 13:13:00,208.49,208.53,208.49,208.53,0.02,24.85,5259.54,1
2023-12-04,2023-12-04 13:14:00,208.53,208.57,208.53,208.57,0.02,24.85,5259.54,1
2023-12-04,2023-12-04 13:15:00,208.57,208.61,208.57,208.61,0.02,24.85,5259.54,1
2023-12-04,2023-12-04 13:16:00,208.61,208.65,208.61,208.65,0.02,24.85,5259.54,1
2023-12-04,2023-12-04 13:17:00,208.65,208.69,208.65,208.69,0.02,24.85,5259.54,1
2023-12-04,2023-12-04 13:18:00,208.69,208.73,208.69,208.73,0.02,24.85,5259.54,1
2023-12-04,2023-12-04 13:19:00,208.73,208.78,208.73,208.78,0.02,24.85,5259.54,1
2023-12-04,2023-12-04 13:20:00,208.78,208.82,208.78,208.82,0.02,24.85,5259.54,1
2023-12-04,2023-12-04 13:21:00,208.82,208.86,208.82,208.86,0.02,24.85,5259.54,1
2023-12-04,2023-12-04 13:22:00,208.86,208.9,208.86,208.9,0.02,24.85,5259.54,1
2023-12-04,2023-12-04 13:23:00,208.9,208.94,208.9,208.94,0.02,24.85,5259.54,1
2023-12-04,2023-12-04 13:24:00,208.94,208.98,208.94,208.98,0.02,24.85,5259.54,1
2023-12-04,2023-12-04 13:25:00,208.98,209.02,208.98,209.02,0.02,24.85,5259.54,1
2023-12-04,2023-12-04 13:26:00,209.02,209.06,209.02,209.06,0.02,24.85,5259.54,1
2023-12-04,2023-12-04 13:27:00,209.06,209.11,209.06,209.11,0.02,24.85,5259.54,1
2023-12-04,2023-12-04 13:28:00,209.11,209.15,209.11,209.15,0.02,24.85,5259.54,1
2023-12-04,2023-12-04 13:29:00,209.15,209.19,209.15,209.19,0.02,24.85,5259.54,1
2023-12-04,2023-12-04 13:30:00,209.19,209.23,209.19,209.23,0.02,24.85,5259.54,1
2023-12-04,2023-12-04 13:31:00,209.23,209.27,209.23,209.27,0.02,24.85,5259.54,1
2023-12-04,2023-12-04 13:32:00,209.27,209.31,209.27,209.31,0.02,24.85,5259.54,1
2023-12-04,2023-12-04 13:33:00,209.31,209.35,209.31,209.35,0.02,24.85,5259.54,1
2023-12-04,2023-12-04 13:34:00,209.35,209.39,209.35,209.39,0.02,24.85,5259.54,1
2023-12-04,2023-12-04 13:35:00,209.39,209.44,209.39,209.44,0.02,24.85,5259.54,1
2023-12-04,2023-12-04 13:36:00,209.44,209.48,209.44,209.48,0.02,24.85,5259.54,1
2023-12-04,2023-12-04 13:37:00,209.48,209.52,209.48,209.52,0.02,24.85,5259.54,1
2023-12-04,2023-12-04 13:38:00,209.52,209.56,209.52,209.56,0.02,24.85,5259.54,1
2023-12-04,2023-12-04 13:39:00,209.56,209.6,209.56,209.6,0.02,24.85,5259.54,1
2023-12-04,2023-12-04 13:40:00,209.6,209.64,209.6,209.64,0.02,24.85,5259.54,1
2023-12-04,2023-12-04 13:41:00,209.64,209.68,209.64,209.68,0.02,24.85,5259.54,1
2023-12-04,2023-12-04 13:42:00,209.68,209.72,209.68,209.72,0.02,24.85,5259.54,1
2023-12-04,2023-12-04 13:43:00,209.72,209.77,209.72,209.77,0.02,24.85,5259.54,1
2023-12-04,2023-12-04 13:44:00,209.77,209.81,209.77,209.81,0.02,24.85,5259.54,1
2023-12-04,2023-12-04 13:45:00,209.81,209.85,209.81,209.85,0.02,24.85,5259.54,1
2023-12-04,2023-12-04 13:46:00,209.85,209.89,209.85,209.89,0.02,24.85,5259.54,1
2023-12-04,2023-12-04 13:47:00,209.89,209.93,209.89,209.93,0.02,24.85,5259.54,1
2023-12-04,2023-12-04 13:48:00,209.93,209.97,209.93,209.97,0.02,24.85,5259.54,1
2023-12-04,2023-12-04 13:49:00,209.97,210.01,209.97,210.01,0.02,24.85,5259.54,1
2023-12-04,2023-12-04 13:50:00,210.01,210.05,210.01,210.05,0.02,24.85,5259.54,1
2023-12-04,2023-12-04 13:51:00,210.05,210.09,210.05,210.09,0.02,24.85,5259.54,1
2023-12-04,2023-12-04 13:52:00,210.09,210.14,210.09,210.14,0.02,24.85,5259.54,1
2023-12-04,2023-12-04 13:53:00,210.14,210.18,210.14,210.18,0.02,24.85,5259.54,1
2023-12-04,2023-12-04 13:54:00,210.18,210.22,210.18,210.22,0.02,24.85,5259.54,1
2023-12-04,2023-12-04 13:55:00,210.22,210.26,210.22,210.26,0.02,24.85,5259.54,1
2023-12-04,2023-12-04 13:56:00,210.26,210.3,210.26,210.3,0.02,24.85,5259.54,1
2023-12-04,2023-12-04 13:57:00,210.3,210.34,210.3,210.34,0.02,24.85,5259.54,1
2023-12-04,2023-12-04 13:58:00,210.34,210.38,210.34,210.38,0.02,24.85,5259.54,1
2023-12-04,2023-12-04 13:59:00,210.38,210.43,210.38,210.43,0.02,24.85,5259.54,1
2023-12-04,2023-12-04 14:00:00,210.43,210.47,210.43,210.47,0.02,24.85,5259.54,1
2023-12-04,2023-12-04 14:01:00,210.47,210.51,210.47,210.51,0.02,24.85,5259.54,1
2023-12-04,2023-12-04 14:02:00,210.51,210.55,210.51,210.55,0.02,24.85,5259.54,1
2023-12-04,2023-12-04 14:03:00,210.55,210.59,210.55,210.59,0.02,24.85,5259.54,1
2023-12-04,2023-12-04 14:04:00,210.59,210.63,210.59,210.63,0.02,24.85,5259.54,1
2023-12-04,2023-12-04 14:05:00,210.63,210.67,210.63,210.67,0.02,24.85,5259.54,1
2023-12-04,2023-12-04 14:06:00,210.67,210.71,210.67,210.71,0.02,24.85,5259.54,1
2023-12-04,2023-12-04 14:07:00,210.71,210.75,210.71,210.75,0.02,24.85,5259.54,1
2023-12-04,2023-12-04 14:08:00,210.75,210.8,210.75,210.8,0.02,24.85,5259.54,1
2023-12-04,2023-12-04 14:09:00,210.8,210.84,210.8,210.84,0.02,24.85,5259.54,1
2023-12-04,2023-12-04 14:10:00,210.84,210.88,210.84,210.88,0.02,24.85,5259.54,1
2023-12-04,2023-12-04 14:11:00,210.88,210.92,210.88,210.92,0.02,24.85,5259.54,1
2023-12-04,2023-12-04 14:12:00,210.92,210.96,210.92,210.96,0.02,24.85,5259.54,1
2023-12-04,2023-12-04 14:13:00,210.96,211.0,210.96,211.0,0.02,24.85,5259.54,1
2023-12-04,2023-12-04 14:14:00,211.0,211.04,211.0,211.04,0.02,24.85,5259.54,1
2023-12-04,2023-12-04 14:15:00,211.04,211.09,211.04,211.09,0.02,24.85,5259.54,1
2023-12-04,2023-12-04 14:16:00,211.09,211.13,211.09,211.13,0.02,24.85,5259.54,1
2023-12-04,2023-12-04 14:17:00,211.13,211.17,211.13,211.17,0.02,24.85,5259.54,1
2023-12-04,2023-12-04 14:18:00,211.17,211.21,211.17,211.21,0.02,24.85,5259.54,1
2023-12-04,2023-12-04 14:19:00,211.21,211.25,211.21,211.25,0.02,24.85,5259.54,1
2023-12-04,2023-12-04 14:20:00,211.25,211.29,211.25,211.29,0.02,24.85,5259.54,1
2023-12-04,2023-12-04 14:21:00,211.29,211.33,211.29,211.33,0.02,24.85,5259.54,1
2023-12-04,2023-12-04 14:22:00,211.33,211.37,211.33,211.37,0.02,24.85,5259.54,1
2023-12-04,2023-12-04 14:23:00,211.37,211.41,211.37,211.41,0.02,24.85,5259.54,1
2023-12-04,2023-12-04 14:24:00,211.41,211.46,211.41,211.46,0.02,24.85,5259.54,1
2023-12-04,2023-12-04 14:25:00,211.46,211.5,211.46,211.5,0.02,24.85,5259.54,1
2023-12-04,2023-12-04 14:26:00,211.5,211.54,211.5,211.54,0.02,24.85,5259.54,1
2023-12-04,2023-12-04 14:27:00,211.54,211.58,211.54,211.58,0.02,24.85,5259.54,1
2023-12-04,2023-12-04 14:28:00,211.58,211.62,211.58,211.62,0.02,24.85,5259.54,1
2023-12-04,2023-12-04 14:29:00,211.62,211.66,211.62,211.66,0.02,24.85,5259.54,1
2023-12-04,2023-12-04 14:30:00,211.66,211.7,211.66,211.7,0.02,24.85,5259.54,1
2023-12-04,2023-12-04 14:31:00,211.7,211.75,211.7,211.75,0.02,24.85,5259.54,1
2023-12-04,2023-12-04 14:32:00,211.75,211.79,211.75,211.79,0.02,24.85,5259.54,1
2023-12-04,2023-12-04 14:33:00,211.79,211.83,211.79,211.83,0.02,24.85,5259.54,1
2023-12-04,2023-12-04 14:34:00,211.83,211.87,211.83,211.87,0.02,24.85,5259.54,1
2023-12-04,2023-12-04 14:35:00,211.87,211.91,211.87,211.91,0.02,24.85,5259.54,1
2023-12-04,2023-12-04 14:36:00,211.91,211.95,211.91,211.95,0.02,24.85,5259.54,1
2023-12-04,2023-12-04 14:37:00,211.95,211.99,211.95,211.99,0.02,24.85,5259.54,1
2023-12-04,2023-12-04 14:38:00,211.99,212.03,211.99,212.03,0.02,24.85,5259.54,1
2023-12-04,2023-12-04 14:39:00,212.03,212.08,212.03,212.08,0.02,24.85,5259.54,1
2023-12-04,2023-12-04 14:40:00,212.08,212.12,212.08,212.12,0.02,24.85,5259.54,1
2023-12-04,2023-12-04 14:41:00,212.12,212.16,212.12,212.16,0.02,24.85,5259.54,1
2023-12-04,2023-12-04 14:42:00,212.16,212.2,212.16,212.2,0.02,24.85,5259.54,1
2023-12-04,2023-12-04 14:43:00,212.2,212.24,212.2,212.24,0.02,24.85,5259.54,1
2023-12-04,2023-12-04 14:44:00,212.24,212.28,212.24,212.28,0.02,24.85,5259.54,1
2023-12-04,2023-12-04 14:45:00,212.28,212.32,212.28,212.32,0.02,24.85,5259.54,1
2023-12-04,2023-12-04 14:46:00,212.32,212.36,212.32,212.36,0.02,24.85,5259.54,1
2023-12-04,2023-12-04 14:47:00,212.36,212.41,212.36,212.41,0.02,24.85,5259.54,1
2023-12-04,2023-12-04 14:48:00,212.41,212.45,212.41,212.45,0.02,24.85,5259.54,1
2023-12-04,2023-12-04 14:49:00,212.45,212.49,212.45,212.49,0.02,24.85,5259.54,1
2023-12-04,2023-12-04 14:50:00,212.49,212.53,212.49,212.53,0.02,24.85,5259.54,1
2023-12-04,2023-12-04 14:51:00,212.53,212.57,212.53,212.57,0.02,24.85,5259.54,1
2023-12-04,2023-12-04 14:52:00,212.57,212.61,212.57,212.61,0.02,24.85,5259.54,1
2023-12-04,2023-12-04 14:53:00,212.61,212.65,212.61,212.65,0.02,24.85,5259.54,1
2023-12-04,2023-12-04 14:54:00,212.65,212.69,212.65,212.69,0.02,24.85,5259.54,1
2023-12-04,2023-12-04 14:55:00,212.69,212.74,212.69,212.74,0.02,24.85,5259.54,1
2023-12-04,2023-12-04 14:56:00,212.74,212.78,212.74,212.78,0.02,24.85,5259.54,1
2023-12-04,2023-12-04 14:57:00,212.78,212.82,212.78,212.82,0.02,24.85,5259.54,1
2023-12-04,2023-12-04 14:58:00,212.82,212.86,212.82,212.86,0.02,24.85,5259.54,1
2023-12-04,2023-12-04 14:59:00,212.86,212.9,212.86,212.9,0.02,24.85,5259.54,1
2023-12-04,2023-12-04 15:00:00,212.9,215.9,203.0,212.9,0.0,24.85,5259.54,0
2023-12-05,2023-12-05 11:00:00,217.0,217.0,213.7,216.97,-0.01,19.74,4130.36,-1
2023-12-05,2023-12-05 11:01:00,216.97,216.97,216.95,216.95,-0.01,19.74,4130.36,-1
2023-12-05,2023-12-05 11:02:00,216.95,216.95,216.93,216.93,-0.01,19.74,4130.36,-1
2023-12-05,2023-12-05 11:03:00,216.93,216.93,216.9,216.9,-0.01,19.74,4130.36,-1
2023-12-05,2023-12-05 11:04:00,216.9,216.9,216.88,216.88,-0.01,19.74,4130.36,-1
2023-12-05,2023-12-05 11:05:00,216.88,216.88,216.85,216.85,-0.01,19.74,4130.36,-1
2023-12-05,2023-12-05 11:06:00,216.85,216.85,216.82,216.82,-0.01,19.74,4130.36,-1
2023-12-05,2023-12-05 11:07:00,216.82,216.82,216.8,216.8,-0.01,19.74,4130.36,-1
2023-12-05,2023-12-05 11:08:00,216.8,216.8,216.78,216.78,-0.01,19.74,4130.36,-1
2023-12-05,2023-12-05 11:09:00,216.78,216.78,216.75,216.75,-0.01,19.74,4130.36,-1
2023-12-05,2023-12-05 11:10:00,216.75,216.75,216.72,216.72,-0.01,19.74,4130.36,-1
2023-12-05,2023-12-05 11:11:00,216.72,216.72,216.7,216.7,-0.01,19.74,4130.36,-1
2023-12-05,2023-12-05 11:12:00,216.7,216.7,216.68,216.68,-0.01,19.74,4130.36,-1
2023-12-05,2023-12-05 11:13:00,216.68,216.68,216.65,216.65,-0.01,19.74,4130.36,-1
2023-12-05,2023-12-05 11:14:00,216.65,216.65,216.62,216.62,-0.01,19.74,4130.36,-1
2023-12-05,2023-12-05 11:15:00,216.62,216.62,216.6,216.6,-0.01,19.74,4130.36,-1
2023-12-05,2023-12-05 11:16:00,216.6,216.6,216.57,216.57,-0.01,19.74,4130.36,-1
2023-12-05,2023-12-05 11:17:00,216.57,216.57,216.55,216.55,-0.01,19.74,4130.36,-1
2023-12-05,2023-12-05 11:18:00,216.55,216.55,216.53,216.53,-0.01,19.74,4130.36,-1
2023-12-05,2023-12-05 11:19:00,216.53,216.53,216.5,216.5,-0.01,19.74,4130.36,-1
2023-12-05,2023-12-05 11:20:00,216.5,216.5,216.47,216.47,-0.01,19.74,4130.36,-1
2023-12-05,2023-12-05 11:21:00,216.47,216.47,216.45,216.45,-0.01,19.74,4130.36,-1
2023-12-05,2023-12-05 11:22:00,216.45,216.45,216.43,216.43,-0.01,19.74,4130.36,-1
2023-12-05,2023-12-05 11:23:00,216.43,216.43,216.4,216.4,-0.01,19.74,4130.36,-1
2023-12-05,2023-12-05 11:24:00,216.4,216.4,216.38,216.38,-0.01,19.74,4130.36,-1
2023-12-05,2023-12-05 11:25:00,216.38,216.38,216.35,216.35,-0.01,19.74,4130.36,-1
2023-12-05,2023-12-05 11:26:00,216.35,216.35,216.32,216.32,-0.01,19.74,4130.36,-1
2023-12-05,2023-12-05 11:27:00,216.32,216.32,216.3,216.3,-0.01,19.74,4130.36,-1
2023-12-05,2023-12-05 11:28:00,216.3,216.3,216.28,216.28,-0.01,19.74,4130.36,-1
2023-12-05,2023-12-05 11:29:00,216.28,216.28,216.25,216.25,-0.01,19.74,4130.36,-1
2023-12-05,2023-12-05 11:30:00,216.25,216.25,216.22,216.22,-0.01,19.74,4130.36,-1
2023-12-05,2023-12-05 11:31:00,216.22,216.22,216.2,216.2,-0.01,19.74,4130.36,-1
2023-12-05,2023-12-05 11:32:00,216.2,216.2,216.18,216.18,-0.01,19.74,4130.36,-1
2023-12-05,2023-12-05 11:33:00,216.18,216.18,216.15,216.15,-0.01,19.74,4130.36,-1
2023-12-05,2023-12-05 11:34:00,216.15,216.15,216.12,216.12,-0.01,19.74,4130.36,-1
2023-12-05,2023-12-05 11:35:00,216.12,216.12,216.1,216.1,-0.01,19.74,4130.36,-1
2023-12-05,2023-12-05 11:36:00,216.1,216.1,216.07,216.07,-0.01,19.74,4130.36,-1
2023-12-05,2023-12-05 11:37:00,216.07,216.07,216.05,216.05,-0.01,19.74,4130.36,-1
2023-12-05,2023-12-05 11:38:00,216.05,216.05,216.03,216.03,-0.01,19.74,4130.36,-1
2023-12-05,2023-12-05 11:39:00,216.03,216.03,216.0,216.0,-0.01,19.74,4130.36,-1
2023-12-05,2023-12-05 11:40:00,216.0,216.0,215.97,215.97,-0.01,19.74,4130.36,-1
2023-12-05,2023-12-05 11:41:00,215.97,215.97,215.95,215.95,-0.01,19.74,4130.36,-1
2023-12-05,2023-12-05 11:42:00,215.95,215.95,215.93,215.93,-0.01,19.74,4130.36,-1
2023-12-05,2023-12-05 11:43:00,215.93,215.93,215.9,215.9,-0.01,19.74,4130.36,-1
2023-12-05,2023-12-05 11:44:00,215.9,215.9,215.88,215.88,-0.01,19.74,4130.36,-1
2023-12-05,2023-12-05 11:45:00,215.88,215.88,215.85,215.85,-0.01,19.74,4130.36,-1
2023-12-05,2023-12-05 11:46:00,215.85,215.85,215.82,215.82,-0.01,19.74,4130.36,-1
2023-12-05,2023-12-05 11:47:00,215.82,215.82,215.8,215.8,-0.01,19.74,4130.36,-1
2023-12-05,2023-12-05 11:48:00,215.8,215.8,215.78,215.78,-0.01,19.74,4130.36,-1
2023-12-05,2023-12-05 11:49:00,215.78,215.78,215.75,215.75,-0.01,19.74,4130.36,-1
2023-12-05,2023-12-05 11:50:00,215.75,215.75,215.72,215.72,-0.01,19.74,4130.36,-1
2023-12-05,2023-12-05 11:51:00,215.72,215.72,215.7,215.7,-0.01,19.74,4130.36,-1
2023-12-05,2023-12-05 11:52:00,215.7,215.7,215.68,215.68,-0.01,19.74,4130.36,-1
2023-12-05,2023-12-05 11:53:00,215.68,215.68,215.65,215.65,-0.01,19.74,4130.36,-1
2023-12-05,2023-12-05 11:54:00,215.65,215.65,215.62,215.62,-0.01,19.74,4130.36,-1
2023-12-05,2023-12-05 11:55:00,215.62,215.62,215.6,215.6,-0.01,19.74,4130.36,-1
2023-12-05,2023-12-05 11:56:00,215.6,215.6,215.57,215.57,-0.01,19.74,4130.36,-1
2023-12-05,2023-12-05 11:57:00,215.57,215.57,215.55,215.55,-0.01,19.74,4130.36,-1
2023-12-05,2023-12-05 11:58:00,215.55,215.55,215.53,215.53,-0.01,19.74,4130.36,-1
2023-12-05,2023-12-05 11:59:00,215.53,215.53,215.5,215.5,-0.01,19.74,4130.36,-1
2023-12-05,2023-12-05 12:00:00,215.5,215.5,215.47,215.47,-0.01,19.74,4130.36,-1
2023-12-05,2023-12-05 12:01:00,215.47,215.47,215.45,215.45,-0.01,19.74,4130.36,-1
2023-12-05,2023-12-05 12:02:00,215.45,215.45,215.43,215.43,-0.01,19.74,4130.36,-1
2023-12-05,2023-12-05 12:03:00,215.43,215.43,215.4,215.4,-0.01,19.74,4130.36,-1
2023-12-05,2023-12-05 12:04:00,215.4,215.4,215.38,215.38,-0.01,19.74,4130.36,-1
2023-12-05,2023-12-05 12:05:00,215.38,215.38,215.35,215.35,-0.01,19.74,4130.36,-1
2023-12-05,2023-12-05 12:06:00,215.35,215.35,215.32,215.32,-0.01,19.74,4130.36,-1
2023-12-05,2023-12-05 12:07:00,215.32,215.32,215.3,215.3,-0.01,19.74,4130.36,-1
2023-12-05,2023-12-05 12:08:00,215.3,215.3,215.28,215.28,-0.01,19.74,4130.36,-1
2023-12-05,2023-12-05 12:09:00,215.28,215.28,215.25,215.25,-0.01,19.74,4130.36,-1
2023-12-05,2023-12-05 12:10:00,215.25,215.25,215.22,215.22,-0.01,19.74,4130.36,-1
2023-12-05,2023-12-05 12:11:00,215.22,215.22,215.2,215.2,-0.01,19.74,4130.36,-1
2023-12-05,2023-12-05 12:12:00,215.2,215.2,215.18,215.18,-0.01,19.74,4130.36,-1
2023-12-05,2023-12-05 12:13:00,215.18,215.18,215.15,215.15,-0.01,19.74,4130.36,-1
2023-12-05,2023-12-05 12:14:00,215.15,215.15,215.12,215.12,-0.01,19.74,4130.36,-1
2023-12-05,2023-12-05 12:15:00,215.12,215.12,215.1,215.1,-0.01,19.74,4130.36,-1
2023-12-05,2023-12-05 12:16:00,215.1,215.1,215.07,215.07,-0.01,19.74,4130.36,-1
2023-12-05,2023-12-05 12:17:00,215.07,215.07,215.05,215.05,-0.01,19.74,4130.36,-1
2023-12-05,2023-12-05 12:18:00,215.05,215.05,215.03,215.03,-0.01,19.74,4130.36,-1
2023-12-05,2023-12-05 12:19:00,215.03,215.03,215.0,215.0,-0.01,19.74,4130.36,-1
2023-12-05,2023-12-05 12:20:00,215.0,215.0,214.97,214.97,-0.01,19.74,4130.36,-1
2023-12-05,2023-12-05 12:21:00,214.97,214.97,214.95,214.95,-0.01,19.74,4130.36,-1
2023-12-05,2023-12-05 12:22:00,214.95,214.95,214.93,214.93,-0.01,19.74,4130.36,-1
2023-12-05,2023-12-05 12:23:00,214.93,214.93,214.9,214.9,-0.01,19.74,4130.36,-1
2023-12-05,2023-12-05 12:24:00,214.9,214.9,214.88,214.88,-0.01,19.74,4130.36,-1
2023-12-05,2023-12-05 12:25:00,214.88,214.88,214.85,214.85,-0.01,19.74,4130.36,-1
2023-12-05,2023-12-05 12:26:00,214.85,214.85,214.82,214.82,-0.01,19.74,4130.36,-1
2023-12-05,2023-12-05 12:27:00,214.82,214.82,214.8,214.8,-0.01,19.74,4130.36,-1
2023-12-05,2023-12-05 12:28:00,214.8,214.8,214.78,214.78,-0.01,19.74,4130.36,-1
2023-12-05,2023-12-05 12:29:00,214.78,214.78,214.75,214.75,-0.01,19.74,4130.36,-1
2023-12-05,2023-12-05 12:30:00,214.75,214.75,214.72,214.72,-0.01,19.74,4130.36,-1
2023-12-05,2023-12-05 12:31:00,214.72,214.72,214.7,214.7,-0.01,19.74,4130.36,-1
2023-12-05,2023-12-05 12:32:00,214.7,214.7,214.68,214.68,-0.01,19.74,4130.36,-1
2023-12-05,2023-12-05 12:33:00,214.68,214.68,214.65,214.65,-0.01,19.74,4130.36,-1
2023-12-05,2023-12-05 12:34:00,214.65,214.65,214.62,214.62,-0.01,19.74,4130.36,-1
2023-12-05,2023-12-05 12:35:00,214.62,214.62,214.6,214.6,-0.01,19.74,4130.36,-1
2023-12-05,2023-12-05 12:36:00,214.6,214.6,214.57,214.57,-0.01,19.74,4130.36,-1
2023-12-05,2023-12-05 12:37:00,214.57,214.57,214.55,214.55,-0.01,19.74,4130.36,-1
2023-12-05,2023-12-05 12:38:00,214.55,214.55,214.53,214.53,-0.01,19.74,4130.36,-1
2023-12-05,2023-12-05 12:39:00,214.53,214.53,214.5,214.5,-0.01,19.74,4130.36,-1
2023-12-05,2023-12-05 12:40:00,214.5,214.5,214.47,214.47,-0.01,19.74,4130.36,-1
2023-12-05,2023-12-05 12:41:00,214.47,214.47,214.45,214.45,-0.01,19.74,4130.36,-1
2023-12-05,2023-12-05 12:42:00,214.45,214.45,214.43,214.43,-0.01,19.74,4130.36,-1
2023-12-05,2023-12-05 12:43:00,214.43,214.43,214.4,214.4,-0.01,19.74,4130.36,-1
2023-12-05,2023-12-05 12:44:00,214.4,214.4,214.38,214.38,-0.01,19.74,4130.36,-1
2023-12-05,2023-12-05 12:45:00,214.38,214.38,214.35,214.35,-0.01,19.74,4130.36,-1
2023-12-05,2023-12-05 12:46:00,214.35,214.35,214.32,214.32,-0.01,19.74,4130.36,-1
2023-12-05,2023-12-05 12:47:00,214.32,214.32,214.3,214.3,-0.01,19.74,4130.36,-1
2023-12-05,2023-12-05 12:48:00,214.3,214.3,214.28,214.28,-0.01,19.74,4130.36,-1
2023-12-05,2023-12-05 12:49:00,214.28,214.28,214.25,214.25,-0.01,19.74,4130.36,-1
2023-12-05,2023-12-05 12:50:00,214.25,214.25,214.22,214.22,-0.01,19.74,4130.36,-1
2023-12-05,2023-12-05 12:51:00,214.22,214.22,214.2,214.2,-0.01,19.74,4130.36,-1
2023-12-05,2023-12-05 12:52:00,214.2,214.2,214.18,214.18,-0.01,19.74,4130.36,-1
2023-12-05,2023-12-05 12:53:00,214.18,214.18,214.15,214.15,-0.01,19.74,4130.36,-1
2023-12-05,2023-12-05 12:54:00,214.15,214.15,214.12,214.12,-0.01,19.74,4130.36,-1
2023-12-05,2023-12-05 12:55:00,214.12,214.12,214.1,214.1,-0.01,19.74,4130.36,-1
2023-12-05,2023-12-05 12:56:00,214.1,214.1,214.07,214.07,-0.01,19.74,4130.36,-1
2023-12-05,2023-12-05 12:57:00,214.07,214.07,214.05,214.05,-0.01,19.74,4130.36,-1
2023-12-05,2023-12-05 12:58:00,214.05,214.05,214.03,214.03,-0.01,19.74,4130.36,-1
2023-12-05,2023-12-05 12:59:00,214.03,214.03,214.0,214.0,-0.01,19.74,4130.36,-1
2023-12-05,2023-12-05 13:00:00,214.0,217.0,206.0,213.97,-0.01,19.74,4130.36,-1
2023-12-05,2023-12-05 13:01:00,213.97,213.97,213.95,213.95,-0.01,19.74,4130.36,-1
2023-12-05,2023-12-05 13:02:00,213.95,213.95,213.93,213.93,-0.01,19.74,4130.36,-1
2023-12-05,2023-12-05 13:03:00,213.93,213.93,213.9,213.9,-0.01,19.74,4130.36,-1
2023-12-05,2023-12-05 13:04:00,213.9,213.9,213.88,213.88,-0.01,19.74,4130.36,-1
2023-12-05,2023-12-05 13:05:00,213.88,213.88,213.85,213.85,-0.01,19.74,4130.36,-1
2023-12-05,2023-12-05 13:06:00,213.85,213.85,213.82,213.82,-0.01,19.74,4130.36,-1
2023-12-05,2023-12-05 13:07:00,213.82,213.82,213.8,213.8,-0.01,19.74,4130.36,-1
2023-12-05,2023-12-05 13:08:00,213.8,213.8,213.78,213.78,-0.01,19.74,4130.36,-1
2023-12-05,2023-12-05 13:09:00,213.78,213.78,213.75,213.75,-0.01,19.74,4130.36,-1
2023-12-05,2023-12-05 13:10:00,213.75,213.75,213.72,213.72,-0.01,19.74,4130.36,-1
2023-12-05,2023-12-05 13:11:00,213.72,213.72,213.7,213.7,-0.01,19.74,4130.36,-1
2023-12-05,2023-12-05 13:12:00,213.7,213.7,213.68,213.68,-0.01,19.74,4130.36,-1
2023-12-05,2023-12-05 13:13:00,213.68,213.68,213.65,213.65,-0.01,19.74,4130.36,-1
2023-12-05,2023-12-05 13:14:00,213.65,213.65,213.62,213.62,-0.01,19.74,4130.36,-1
2023-12-05,2023-12-05 13:15:00,213.62,213.62,213.6,213.6,-0.01,19.74,4130.36,-1
2023-12-05,2023-12-05 13:16:00,213.6,213.6,213.57,213.57,-0.01,19.74,4130.36,-1
2023-12-05,2023-12-05 13:17:00,213.57,213.57,213.55,213.55,-0.01,19.74,4130.36,-1
2023-12-05,2023-12-05 13:18:00,213.55,213.55,213.53,213.53,-0.01,19.74,4130.36,-1
2023-12-05,2023-12-05 13:19:00,213.53,213.53,213.5,213.5,-0.01,19.74,4130.36,-1
2023-12-05,2023-12-05 13:20:00,213.5,213.5,213.47,213.47,-0.01,19.74,4130.36,-1
2023-12-05,2023-12-05 13:21:00,213.47,213.47,213.45,213.45,-0.01,19.74,4130.36,-1
2023-12-05,2023-12-05 13:22:00,213.45,213.45,213.43,213.43,-0.01,19.74,4130.36,-1
2023-12-05,2023-12-05 13:23:00,213.43,213.43,213.4,213.4,-0.01,19.74,4130.36,-1
2023-12-05,2023-12-05 13:24:00,213.4,213.4,213.38,213.38,-0.01,19.74,4130.36,-1
2023-12-05,2023-12-05 13:25:00,213.38,213.38,213.35,213.35,-0.01,19.74,4130.36,-1
2023-12-05,2023-12-05 13:26:00,213.35,213.35,213.32,213.32,-0.01,19.74,4130.36,-1
2023-12-05,2023-12-05 13:27:00,213.32,213.32,213.3,213.3,-0.01,19.74,4130.36,-1
2023-12-05,2023-12-05 13:28:00,213.3,213.3,213.28,213.28,-0.01,19.74,4130.36,-1
2023-12-05,2023-12-05 13:29:00,213.28,213.28,213.25,213.25,-0.01,19.74,4130.36,-1
2023-12-05,2023-12-05 13:30:00,213.25,213.25,213.22,213.22,-0.01,19.74,4130.36,-1
2023-12-05,2023-12-05 13:31:00,213.22,213.22,213.2,213.2,-0.01,19.74,4130.36,-1
2023-12-05,2023-12-05 13:32:00,213.2,213.2,213.18,213.18,-0.01,19.74,4130.36,-1
2023-12-05,2023-12-05 13:33:00,213.18,213.18,213.15,213.15,-0.01,19.74,4130.36,-1
2023-12-05,2023-12-05 13:34:00,213.15,213.15,213.12,213.12,-0.01,19.74,4130.36,-1
2023-12-05,2023-12-05 13:35:00,213.12,213.12,213.1,213.1,-0.01,19.74,4130.36,-1
2023-12-05,2023-12-05 13:36:00,213.1,213.1,213.07,213.07,-0.01,19.74,4130.36,-1
2023-12-05,2023-12-05 13:37:00,213.07,213.07,213.05,213.05,-0.01,19.74,4130.36,-1
2023-12-05,2023-12-05 13:38:00,213.05,213.05,213.03,213.03,-0.01,19.74,4130.36,-1
2023-12-05,2023-12-05 13:39:00,213.03,213.03,213.0,213.0,-0.01,19.74,4130.36,-1
2023-12-05,2023-12-05 13:40:00,213.0,213.0,212.97,212.97,-0.01,19.74,4130.36,-1
2023-12-05,2023-12-05 13:41:00,212.97,212.97,212.95,212.95,-0.01,19.74,4130.36,-1
2023-12-05,2023-12-05 13:42:00,212.95,212.95,212.93,212.93,-0.01,19.74,4130.36,-1
2023-12-05,2023-12-05 13:43:00,212.93,212.93,212.9,212.9,-0.01,19.74,4130.36,-1
2023-12-05,2023-12-05 13:44:00,212.9,212.9,212.88,212.88,-0.01,19.74,4130.36,-1
2023-12-05,2023-12-05 13:45:00,212.88,212.88,212.85,212.85,-0.01,19.74,4130.36,-1
2023-12-05,2023-12-05 13:46:00,212.85,212.85,212.82,212.82,-0.01,19.74,4130.36,-1
2023-12-05,2023-12-05 13:47:00,212.82,212.82,212.8,212.8,-0.01,19.74,4130.36,-1
2023-12-05,2023-12-05 13:48:00,212.8,212.8,212.78,212.78,-0.01,19.74,4130.36,-1
2023-12-05,2023-12-05 13:49:00,212.78,212.78,212.75,212.75,-0.01,19.74,4130.36,-1
2023-12-05,2023-12-05 13:50:00,212.75,212.75,212.72,212.72,-0.01,19.74,4130.36,-1
2023-12-05,2023-12-05 13:51:00,212.72,212.72,212.7,212.7,-0.01,19.74,4130.36,-1
2023-12-05,2023-12-05 13:52:00,212.7,212.7,212.68,212.68,-0.01,19.74,4130.36,-1
2023-12-05,2023-12-05 13:53:00,212.68,212.68,212.65,212.65,-0.01,19.74,4130.36,-1
2023-12-05,2023-12-05 13:54:00,212.65,212.65,212.62,212.62,-0.01,19.74,4130.36,-1
2023-12-05,2023-12-05 13:55:00,212.62,212.62,212.6,212.6,-0.01,19.74,4130.36,-1
2023-12-05,2023-12-05 13:56:00,212.6,212.6,212.57,212.57,-0.01,19.74,4130.36,-1
2023-12-05,2023-12-05 13:57:00,212.57,212.57,212.55,212.55,-0.01,19.74,4130.36,-1
2023-12-05,2023-12-05 13:58:00,212.55,212.55,212.53,212.53,-0.01,19.74,4130.36,-1
2023-12-05,2023-12-05 13:59:00,212.53,212.53,212.5,212.5,-0.01,19.74,4130.36,-1
2023-12-05,2023-12-05 14:00:00,212.5,212.5,212.47,212.47,-0.01,19.74,4130.36,-1
2023-12-05,2023-12-05 14:01:00,212.47,212.47,212.45,212.45,-0.01,19.74,4130.36,-1
2023-12-05,2023-12-05 14:02:00,212.45,212.45,212.43,212.43,-0.01,19.74,4130.36,-1
2023-12-05,2023-12-05 14:03:00,212.43,212.43,212.4,212.4,-0.01,19.74,4130.36,-1
2023-12-05,2023-12-05 14:04:00,212.4,212.4,212.38,212.38,-0.01,19.74,4130.36,-1
2023-12-05,2023-12-05 14:05:00,212.38,212.38,212.35,212.35,-0.01,19.74,4130.36,-1
2023-12-05,2023-12-05 14:06:00,212.35,212.35,212.32,212.32,-0.01,19.74,4130.36,-1
2023-12-05,2023-12-05 14:07:00,212.32,212.32,212.3,212.3,-0.01,19.74,4130.36,-1
2023-12-05,2023-12-05 14:08:00,212.3,212.3,212.28,212.28,-0.01,19.74,4130.36,-1
2023-12-05,2023-12-05 14:09:00,212.28,212.28,212.25,212.25,-0.01,19.74,4130.36,-1
2023-12-05,2023-12-05 14:10:00,212.25,212.25,212.22,212.22,-0.01,19.74,4130.36,-1
2023-12-05,2023-12-05 14:11:00,212.22,212.22,212.2,212.2,-0.01,19.74,4130.36,-1
2023-12-05,2023-12-05 14:12:00,212.2,212.2,212.18,212.18,-0.01,19.74,4130.36,-1
2023-12-05,2023-12-05 14:13:00,212.18,212.18,212.15,212.15,-0.01,19.74,4130.36,-1
2023-12-05,2023-12-05 14:14:00,212.15,212.15,212.12,212.12,-0.01,19.74,4130.36,-1
2023-12-05,2023-12-05 14:15:00,212.12,212.12,212.1,212.1,-0.01,19.74,4130.36,-1
2023-12-05,2023-12-05 14:16:00,212.1,212.1,212.07,212.07,-0.01,19.74,4130.36,-1
2023-12-05,2023-12-05 14:17:00,212.07,212.07,212.05,212.05,-0.01,19.74,4130.36,-1
2023-12-05,2023-12-05 14:18:00,212.05,212.05,212.03,212.03,-0.01,19.74,4130.36,-1
2023-12-05,2023-12-05 14:19:00,212.03,212.03,212.0,212.0,-0.01,19.74,4130.36,-1
2023-12-05,2023-12-05 14:20:00,212.0,212.0,211.97,211.97,-0.01,19.74,4130.36,-1
2023-12-05,2023-12-05 14:21:00,211.97,211.97,211.95,211.95,-0.01,19.74,4130.36,-1
2023-12-05,2023-12-05 14:22:00,211.95,211.95,211.93,211.93,-0.01,19.74,4130.36,-1
2023-12-05,2023-12-05 14:23:00,211.93,211.93,211.9,211.9,-0.01,19.74,4130.36,-1
2023-12-05,2023-12-05 14:24:00,211.9,211.9,211.88,211.88,-0.01,19.74,4130.36,-1
2023-12-05,2023-12-05 14:25:00,211.88,211.88,211.85,211.85,-0.01,19.74,4130.36,-1
2023-12-05,2023-12-05 14:26:00,211.85,211.85,211.82,211.82,-0.01,19.74,4130.36,-1
2023-12-05,2023-12-05 14:27:00,211.82,211.82,211.8,211.8,-0.01,19.74,4130.36,-1
2023-12-05,2023-12-05 14:28:00,211.8,211.8,211.78,211.78,-0.01,19.74,4130.36,-1
2023-12-05,2023-12-05 14:29:00,211.78,211.78,211.75,211.75,-0.01,19.74,4130.36,-1
2023-12-05,2023-12-05 14:30:00,211.75,211.75,211.72,211.72,-0.01,19.74,4130.36,-1
2023-12-05,2023-12-05 14:31:00,211.72,211.72,211.7,211.7,-0.01,19.74,4130.36,-1
2023-12-05,2023-12-05 14:32:00,211.7,211.7,211.68,211.68,-0.01,19.74,4130.36,-1
2023-12-05,2023-12-05 14:33:00,211.68,211.68,211.65,211.65,-0.01,19.74,4130.36,-1
2023-12-05,2023-12-05 14:34:00,211.65,211.65,211.62,211.62,-0.01,19.74,4130.36,-1
2023-12-05,2023-12-05 14:35:00,211.62,211.62,211.6,211.6,-0.01,19.74,4130.36,-1
2023-12-05,2023-12-05 14:36:00,211.6,211.6,211.57,211.57,-0.01,19.74,4130.36,-1
2023-12-05,2023-12-05 14:37:00,211.57,211.57,211.55,211.55,-0.01,19.74,4130.36,-1
2023-12-05,2023-12-05 14:38:00,211.55,211.55,211.53,211.53,-0.01,19.74,4130.36,-1
2023-12-05,2023-12-05 14:39:00,211.53,211.53,211.5,211.5,-0.01,19.74,4130.36,-1
2023-12-05,2023-12-05 14:40:00,211.5,211.5,211.47,211.47,-0.01,19.74,4130.36,-1
2023-12-05,2023-12-05 14:41:00,211.47,211.47,211.45,211.45,-0.01,19.74,4130.36,-1
2023-12-05,2023-12-05 14:42:00,211.45,211.45,211.43,211.43,-0.01,19.74,4130.36,-1
2023-12-05,2023-12-05 14:43:00,211.43,211.43,211.4,211.4,-0.01,19.74,4130.36,-1
2023-12-05,2023-12-05 14:44:00,211.4,211.4,211.38,211.38,-0.01,19.74,4130.36,-1
2023-12-05,2023-12-05 14:45:00,211.38,211.38,211.35,211.35,-0.01,19.74,4130.36,-1
2023-12-05,2023-12-05 14:46:00,211.35,211.35,211.32,211.32,-0.01,19.74,4130.36,-1
2023-12-05,2023-12-05 14:47:00,211.32,211.32,211.3,211.3,-0.01,19.74,4130.36,-1
2023-12-05,2023-12-05 14:48:00,211.3,211.3,211.28,211.28,-0.01,19.74,4130.36,-1
2023-12-05,2023-12-05 14:49:00,211.28,211.28,211.25,211.25,-0.01,19.74,4130.36,-1
2023-12-05,2023-12-05 14:50:00,211.25,211.25,211.22,211.22,-0.01,19.74,4130.36,-1
2023-12-05,2023-12-05 14:51:00,211.22,211.22,211.2,211.2,-0.01,19.74,4130.36,-1
2023-12-05,2023-12-05 14:52:00,211.2,211.2,211.18,211.18,-0.01,19.74,4130.36,-1
2023-12-05,2023-12-05 14:53:00,211.18,211.18,211.15,211.15,-0.01,19.74,4130.36,-1
2023-12-05,2023-12-05 14:54:00,211.15,211.15,211.12,211.12,-0.01,19.74,4130.36,-1
2023-12-05,2023-12-05 14:55:00,211.12,211.12,211.1,211.1,-0.01,19.74,4130.36,-1
2023-12-05,2023-12-05 14:56:00,211.1,211.1,211.07,211.07,-0.01,19.74,4130.36,-1
2023-12-05,2023-12-05 14:57:00,211.07,211.07,211.05,211.05,-0.01,19.74,4130.36,-1
2023-12-05,2023-12-05 14:58:00,211.05,211.05,211.03,211.03,-0.01,19.74,4130.36,-1
2023-12-05,2023-12-05 14:59:00,211.03,211.03,211.0,211.0,-0.01,19.74,4130.36,-1
2023-12-05,2023-12-05 15:00:00,211.0,217.0,206.0,211.0,0.0,19.74,4130.36,0
2023-12-06,2023-12-06 11:00:00,207.0,208.2,206.13,207.0,0.0,13.44,2795.33,0
2023-12-06,2023-12-06 11:01:00,207.0,207.01,207.0,207.01,0.0,13.44,2795.33,1
2023-12-06,2023-12-06 11:02:00,207.01,207.01,207.01,207.01,0.0,13.44,2795.33,0
2023-12-06,2023-12-06 11:03:00,207.01,207.02,207.01,207.02,0.0,13.44,2795.33,1
2023-12-06,2023-12-06 11:04:00,207.02,207.02,207.02,207.02,0.0,13.44,2795.33,0
2023-12-06,2023-12-06 11:05:00,207.02,207.03,207.02,207.03,0.0,13.44,2795.33,1
2023-12-06,2023-12-06 11:06:00,207.03,207.03,207.03,207.03,0.0,13.44,2795.33,0
2023-12-06,2023-12-06 11:07:00,207.03,207.03,207.03,207.03,0.0,13.44,2795.33,0
2023-12-06,2023-12-06 11:08:00,207.03,207.04,207.03,207.04,0.0,13.44,2795.33,1
2023-12-06,2023-12-06 11:09:00,207.04,207.04,207.04,207.04,0.0,13.44,2795.33,0
2023-12-06,2023-12-06 11:10:00,207.04,207.05,207.04,207.05,0.0,13.44,2795.33,1
2023-12-06,2023-12-06 11:11:00,207.05,207.05,207.05,207.05,0.0,13.44,2795.33,0
2023-12-06,2023-12-06 11:12:00,207.05,207.05,207.05,207.05,0.0,13.44,2795.33,0
2023-12-06,2023-12-06 11:13:00,207.05,207.06,207.05,207.06,0.0,13.44,2795.33,1
2023-12-06,2023-12-06 11:14:00,207.06,207.06,207.06,207.06,0.0,13.44,2795.33,0
2023-12-06,2023-12-06 11:15:00,207.06,207.07,207.06,207.07,0.0,13.44,2795.33,1
2023-12-06,2023-12-06 11:16:00,207.07,207.07,207.07,207.07,0.0,13.44,2795.33,0
2023-12-06,2023-12-06 11:17:00,207.07,207.07,207.07,207.07,0.0,13.44,2795.33,0
2023-12-06,2023-12-06 11:18:00,207.07,207.08,207.07,207.08,0.0,13.44,2795.33,1
2023-12-06,2023-12-06 11:19:00,207.08,207.08,207.08,207.08,0.0,13.44,2795.33,0
2023-12-06,2023-12-06 11:20:00,207.08,207.09,207.08,207.09,0.0,13.44,2795.33,1
2023-12-06,2023-12-06 11:21:00,207.09,207.09,207.09,207.09,0.0,13.44,2795.33,0
2023-12-06,2023-12-06 11:22:00,207.09,207.1,207.09,207.1,0.0,13.44,2795.33,1
2023-12-06,2023-12-06 11:23:00,207.1,207.1,207.1,207.1,0.0,13.44,2795.33,0
2023-12-06,2023-12-06 11:24:00,207.1,207.1,207.1,207.1,0.0,13.44,2795.33,0
2023-12-06,2023-12-06 11:25:00,207.1,207.11,207.1,207.11,0.0,13.44,2795.33,1
2023-12-06,2023-12-06 11:26:00,207.11,207.11,207.11,207.11,0.0,13.44,2795.33,0
2023-12-06,2023-12-06 11:27:00,207.11,207.12,207.11,207.12,0.0,13.44,2795.33,1
2023-12-06,2023-12-06 11:28:00,207.12,207.12,207.12,207.12,0.0,13.44,2795.33,0
2023-12-06,2023-12-06 11:29:00,207.12,207.12,207.12,207.12,0.0,13.44,2795.33,0
2023-12-06,2023-12-06 11:30:00,207.12,207.13,207.12,207.13,0.0,13.44,2795.33,1
2023-12-06,2023-12-06 11:31:00,207.13,207.13,207.13,207.13,0.0,13.44,2795.33,0
2023-12-06,2023-12-06 11:32:00,207.13,207.14,207.13,207.14,0.0,13.44,2795.33,1
2023-12-06,2023-12-06 11:33:00,207.14,207.14,207.14,207.14,0.0,13.44,2795.33,0
2023-12-06,2023-12-06 11:34:00,207.14,207.15,207.14,207.15,0.0,13.44,2795.33,1
2023-12-06,2023-12-06 11:35:00,207.15,207.15,207.15,207.15,0.0,13.44,2795.33,0
2023-12-06,2023-12-06 11:36:00,207.15,207.15,207.15,207.15,0.0,13.44,2795.33,0
2023-12-06,2023-12-06 11:37:00,207.15,207.16,207.15,207.16,0.0,13.44,2795.33,1
2023-12-06,2023-12-06 11:38:00,207.16,207.16,207.16,207.16,0.0,13.44,2795.33,0
2023-12-06,2023-12-06 11:39:00,207.16,207.17,207.16,207.17,0.0,13.44,2795.33,1
2023-12-06,2023-12-06 11:40:00,207.17,207.17,207.17,207.17,0.0,13.44,2795.33,0
2023-12-06,2023-12-06 11:41:00,207.17,207.18,207.17,207.18,0.0,13.44,2795.33,1
2023-12-06,2023-12-06 11:42:00,207.18,207.18,207.18,207.18,0.0,13.44,2795.33,0
2023-12-06,2023-12-06 11:43:00,207.18,207.18,207.18,207.18,0.0,13.44,2795.33,0
2023-12-06,2023-12-06 11:44:00,207.18,207.19,207.18,207.19,0.0,13.44,2795.33,1
2023-12-06,2023-12-06 11:45:00,207.19,207.19,207.19,207.19,0.0,13.44,2795.33,0
2023-12-06,2023-12-06 11:46:00,207.19,207.2,207.19,207.2,0.0,13.44,2795.33,1
2023-12-06,2023-12-06 11:47:00,207.2,207.2,207.2,207.2,0.0,13.44,2795.33,0
2023-12-06,2023-12-06 11:48:00,207.2,207.2,207.2,207.2,0.0,13.44,2795.33,0
2023-12-06,2023-12-06 11:49:00,207.2,207.21,207.2,207.21,0.0,13.44,2795.33,1
2023-12-06,2023-12-06 11:50:00,207.21,207.21,207.21,207.21,0.0,13.44,2795.33,0
2023-12-06,2023-12-06 11:51:00,207.21,207.22,207.21,207.22,0.0,13.44,2795.33,1
2023-12-06,2023-12-06 11:52:00,207.22,207.22,207.22,207.22,0.0,13.44,2795.33,0
2023-12-06,2023-12-06 11:53:00,207.22,207.22,207.22,207.22,0.0,13.44,2795.33,0
2023-12-06,2023-12-06 11:54:00,207.22,207.23,207.22,207.23,0.0,13.44,2795.33,1
2023-12-06,2023-12-06 11:55:00,207.23,207.23,207.23,207.23,0.0,13.44,2795.33,0
2023-12-06,2023-12-06 11:56:00,207.23,207.24,207.23,207.24,0.0,13.44,2795.33,1
2023-12-06,2023-12-06 11:57:00,207.24,207.24,207.24,207.24,0.0,13.44,2795.33,0
2023-12-06,2023-12-06 11:58:00,207.24,207.25,207.24,207.25,0.0,13.44,2795.33,1
2023-12-06,2023-12-06 11:59:00,207.25,207.25,207.25,207.25,0.0,13.44,2795.33,0
2023-12-06,2023-12-06 12:00:00,207.25,207.25,207.25,207.25,0.0,13.44,2795.33,0
2023-12-06,2023-12-06 12:01:00,207.25,207.26,207.25,207.26,0.0,13.44,2795.33,1
2023-12-06,2023-12-06 12:02:00,207.26,207.26,207.26,207.26,0.0,13.44,2795.33,0
2023-12-06,2023-12-06 12:03:00,207.26,207.27,207.26,207.27,0.0,13.44,2795.33,1
2023-12-06,2023-12-06 12:04:00,207.27,207.27,207.27,207.27,0.0,13.44,2795.33,0
2023-12-06,2023-12-06 12:05:00,207.27,207.28,207.27,207.28,0.0,13.44,2795.33,1
2023-12-06,2023-12-06 12:06:00,207.28,207.28,207.28,207.28,0.0,13.44,2795.33,0
2023-12-06,2023-12-06 12:07:00,207.28,207.28,207.28,207.28,0.0,13.44,2795.33,0
2023-12-06,2023-12-06 12:08:00,207.28,207.29,207.28,207.29,0.0,13.44,2795.33,1
2023-12-06,2023-12-06 12:09:00,207.29,207.29,207.29,207.29,0.0,13.44,2795.33,0
2023-12-06,2023-12-06 12:10:00,207.29,207.3,207.29,207.3,0.0,13.44,2795.33,1
2023-12-06,2023-12-06 12:11:00,207.3,207.3,207.3,207.3,0.0,13.44,2795.33,0
2023-12-06,2023-12-06 12:12:00,207.3,207.3,207.3,207.3,0.0,13.44,2795.33,0
2023-12-06,2023-12-06 12:13:00,207.3,207.31,207.3,207.31,0.0,13.44,2795.33,1
2023-12-06,2023-12-06 12:14:00,207.31,207.31,207.31,207.31,0.0,13.44,2795.33,0
2023-12-06,2023-12-06 12:15:00,207.31,207.32,207.31,207.32,0.0,13.44,2795.33,1
2023-12-06,2023-12-06 12:16:00,207.32,207.32,207.32,207.32,0.0,13.44,2795.33,0
2023-12-06,2023-12-06 12:17:00,207.32,207.32,207.32,207.32,0.0,13.44,2795.33,0
2023-12-06,2023-12-06 12:18:00,207.32,207.33,207.32,207.33,0.0,13.44,2795.33,1
2023-12-06,2023-12-06 12:19:00,207.33,207.33,207.33,207.33,0.0,13.44,2795.33,0
2023-12-06,2023-12-06 12:20:00,207.33,207.34,207.33,207.34,0.0,13.44,2795.33,1
2023-12-06,2023-12-06 12:21:00,207.34,207.34,207.34,207.34,0.0,13.44,2795.33,0
2023-12-06,2023-12-06 12:22:00,207.34,207.35,207.34,207.35,0.0,13.44,2795.33,1
2023-12-06,2023-12-06 12:23:00,207.35,207.35,207.35,207.35,0.0,13.44,2795.33,0
2023-12-06,2023-12-06 12:24:00,207.35,207.35,207.35,207.35,0.0,13.44,2795.33,0
2023-12-06,2023-12-06 12:25:00,207.35,207.36,207.35,207.36,0.0,13.44,2795.33,1
2023-12-06,2023-12-06 12:26:00,207.36,207.36,207.36,207.36,0.0,13.44,2795.33,0
2023-12-06,2023-12-06 12:27:00,207.36,207.37,207.36,207.37,0.0,13.44,2795.33,1
2023-12-06,2023-12-06 12:28:00,207.37,207.37,207.37,207.37,0.0,13.44,2795.33,0
2023-12-06,2023-12-06 12:29:00,207.37,207.38,207.37,207.38,0.0,13.44,2795.33,1
2023-12-06,2023-12-06 12:30:00,207.38,207.38,207.38,207.38,0.0,13.44,2795.33,0
2023-12-06,2023-12-06 12:31:00,207.38,207.38,207.38,207.38,0.0,13.44,2795.33,0
2023-12-06,2023-12-06 12:32:00,207.38,207.39,207.38,207.39,0.0,13.44,2795.33,1
2023-12-06,2023-12-06 12:33:00,207.39,207.39,207.39,207.39,0.0,13.44,2795.33,0
2023-12-06,2023-12-06 12:34:00,207.39,207.4,207.39,207.4,0.0,13.44,2795.33,1
2023-12-06,2023-12-06 12:35:00,207.4,207.4,207.4,207.4,0.0,13.44,2795.33,0
2023-12-06,2023-12-06 12:36:00,207.4,207.4,207.4,207.4,0.0,13.44,2795.33,0
2023-12-06,2023-12-06 12:37:00,207.4,207.41,207.4,207.41,0.0,13.44,2795.33,1
2023-12-06,2023-12-06 12:38:00,207.41,207.41,207.41,207.41,0.0,13.44,2795.33,0
2023-12-06,2023-12-06 12:39:00,207.41,207.42,207.41,207.42,0.0,13.44,2795.33,1
2023-12-06,2023-12-06 12:40:00,207.42,207.42,207.42,207.42,0.0,13.44,2795.33,0
2023-12-06,2023-12-06 12:41:00,207.42,207.43,207.42,207.43,0.0,13.44,2795.33,1
2023-12-06,2023-12-06 12:42:00,207.43,207.43,207.43,207.43,0.0,13.44,2795.33,0
2023-12-06,2023-12-06 12:43:00,207.43,207.43,207.43,207.43,0.0,13.44,2795.33,0
2023-12-06,2023-12-06 12:44:00,207.43,207.44,207.43,207.44,0.0,13.44,2795.33,1
2023-12-06,2023-12-06 12:45:00,207.44,207.44,207.44,207.44,0.0,13.44,2795.33,0
2023-12-06,2023-12-06 12:46:00,207.44,207.45,207.44,207.45,0.0,13.44,2795.33,1
2023-12-06,2023-12-06 12:47:00,207.45,207.45,207.45,207.45,0.0,13.44,2795.33,0
2023-12-06,2023-12-06 12:48:00,207.45,207.45,207.45,207.45,0.0,13.44,2795.33,0
2023-12-06,2023-12-06 12:49:00,207.45,207.46,207.45,207.46,0.0,13.44,2795.33,1
2023-12-06,2023-12-06 12:50:00,207.46,207.46,207.46,207.46,0.0,13.44,2795.33,0
2023-12-06,2023-12-06 12:51:00,207.46,207.47,207.46,207.47,0.0,13.44,2795.33,1
2023-12-06,2023-12-06 12:52:00,207.47,207.47,207.47,207.47,0.0,13.44,2795.33,0
2023-12-06,2023-12-06 12:53:00,207.47,207.47,207.47,207.47,0.0,13.44,2795.33,0
2023-12-06,2023-12-06 12:54:00,207.47,207.48,207.47,207.48,0.0,13.44,2795.33,1
2023-12-06,2023-12-06 12:55:00,207.48,207.48,207.48,207.48,0.0,13.44,2795.33,0
2023-12-06,2023-12-06 12:56:00,207.48,207.49,207.48,207.49,0.0,13.44,2795.33,1
2023-12-06,2023-12-06 12:57:00,207.49,207.49,207.49,207.49,0.0,13.44,2795.33,0
2023-12-06,2023-12-06 12:58:00,207.49,207.5,207.49,207.5,0.0,13.44,2795.33,1
2023-12-06,2023-12-06 12:59:00,207.5,207.5,207.5,207.5,0.0,13.44,2795.33,0
2023-12-06,2023-12-06 13:00:00,207.5,211.0,204.1,207.5,0.0,13.44,2795.33,0
2023-12-06,2023-12-06 13:01:00,207.5,207.51,207.5,207.51,0.0,13.44,2795.33,1
2023-12-06,2023-12-06 13:02:00,207.51,207.51,207.51,207.51,0.0,13.44,2795.33,0
2023-12-06,2023-12-06 13:03:00,207.51,207.52,207.51,207.52,0.0,13.44,2795.33,1
2023-12-06,2023-12-06 13:04:00,207.52,207.52,207.52,207.52,0.0,13.44,2795.33,0
2023-12-06,2023-12-06 13:05:00,207.52,207.53,207.52,207.53,0.0,13.44,2795.33,1
2023-12-06,2023-12-06 13:06:00,207.53,207.53,207.53,207.53,0.0,13.44,2795.33,0
2023-12-06,2023-12-06 13:07:00,207.53,207.53,207.53,207.53,0.0,13.44,2795.33,0
2023-12-06,2023-12-06 13:08:00,207.53,207.54,207.53,207.54,0.0,13.44,2795.33,1
2023-12-06,2023-12-06 13:09:00,207.54,207.54,207.54,207.54,0.0,13.44,2795.33,0
2023-12-06,2023-12-06 13:10:00,207.54,207.55,207.54,207.55,0.0,13.44,2795.33,1
2023-12-06,2023-12-06 13:11:00,207.55,207.55,207.55,207.55,0.0,13.44,2795.33,0
2023-12-06,2023-12-06 13:12:00,207.55,207.55,207.55,207.55,0.0,13.44,2795.33,0
2023-12-06,2023-12-06 13:13:00,207.55,207.56,207.55,207.56,0.0,13.44,2795.33,1
2023-12-06,2023-12-06 13:14:00,207.56,207.56,207.56,207.56,0.0,13.44,2795.33,0
2023-12-06,2023-12-06 13:15:00,207.56,207.57,207.56,207.57,0.0,13.44,2795.33,1
2023-12-06,2023-12-06 13:16:00,207.57,207.57,207.57,207.57,0.0,13.44,2795.33,0
2023-12-06,2023-12-06 13:17:00,207.57,207.57,207.57,207.57,0.0,13.44,2795.33,0
2023-12-06,2023-12-06 13:18:00,207.57,207.58,207.57,207.58,0.0,13.44,2795.33,1
2023-12-06,2023-12-06 13:19:00,207.58,207.58,207.58,207.58,0.0,13.44,2795.33,0
2023-12-06,2023-12-06 13:20:00,207.58,207.59,207.58,207.59,0.0,13.44,2795.33,1
2023-12-06,2023-12-06 13:21:00,207.59,207.59,207.59,207.59,0.0,13.44,2795.33,0
2023-12-06,2023-12-06 13:22:00,207.59,207.6,207.59,207.6,0.0,13.44,2795.33,1
2023-12-06,2023-12-06 13:23:00,207.6,207.6,207.6,207.6,0.0,13.44,2795.33,0
2023-12-06,2023-12-06 13:24:00,207.6,207.6,207.6,207.6,0.0,13.44,2795.33,0
2023-12-06,2023-12-06 13:25:00,207.6,207.61,207.6,207.61,0.0,13.44,2795.33,1
2023-12-06,2023-12-06 13:26:00,207.61,207.61,207.61,207.61,0.0,13.44,2795.33,0
2023-12-06,2023-12-06 13:27:00,207.61,207.62,207.61,207.62,0.0,13.44,2795.33,1
2023-12-06,2023-12-06 13:28:00,207.62,207.62,207.62,207.62,0.0,13.44,2795.33,0
2023-12-06,2023-12-06 13:29:00,207.62,207.62,207.62,207.62,0.0,13.44,2795.33,0
2023-12-06,2023-12-06 13:30:00,207.62,207.63,207.62,207.63,0.0,13.44,2795.33,1
2023-12-06,2023-12-06 13:31:00,207.63,207.63,207.63,207.63,0.0,13.44,2795.33,0
2023-12-06,2023-12-06 13:32:00,207.63,207.64,207.63,207.64,0.0,13.44,2795.33,1
2023-12-06,2023-12-06 13:33:00,207.64,207.64,207.64,207.64,0.0,13.44,2795.33,0
2023-12-06,2023-12-06 13:34:00,207.64,207.65,207.64,207.65,0.0,13.44,2795.33,1
2023-12-06,2023-12-06 13:35:00,207.65,207.65,207.65,207.65,0.0,13.44,2795.33,0
2023-12-06,2023-12-06 13:36:00,207.65,207.65,207.65,207.65,0.0,13.44,2795.33,0
2023-12-06,2023-12-06 13:37:00,207.65,207.66,207.65,207.66,0.0,13.44,2795.33,1
2023-12-06,2023-12-06 13:38:00,207.66,207.66,207.66,207.66,0.0,13.44,2795.33,0
2023-12-06,2023-12-06 13:39:00,207.66,207.67,207.66,207.67,0.0,13.44,2795.33,1
2023-12-06,2023-12-06 13:40:00,207.67,207.67,207.67,207.67,0.0,13.44,2795.33,0
2023-12-06,2023-12-06 13:41:00,207.67,207.68,207.67,207.68,0.0,13.44,2795.33,1
2023-12-06,2023-12-06 13:42:00,207.68,207.68,207.68,207.68,0.0,13.44,2795.33,0
2023-12-06,2023-12-06 13:43:00,207.68,207.68,207.68,207.68,0.0,13.44,2795.33,0
2023-12-06,2023-12-06 13:44:00,207.68,207.69,207.68,207.69,0.0,13.44,2795.33,1
2023-12-06,2023-12-06 13:45:00,207.69,207.69,207.69,207.69,0.0,13.44,2795.33,0
2023-12-06,2023-12-06 13:46:00,207.69,207.7,207.69,207.7,0.0,13.44,2795.33,1
2023-12-06,2023-12-06 13:47:00,207.7,207.7,207.7,207.7,0.0,13.44,2795.33,0
2023-12-06,2023-12-06 13:48:00,207.7,207.7,207.7,207.7,0.0,13.44,2795.33,0
2023-12-06,2023-12-06 13:49:00,207.7,207.71,207.7,207.71,0.0,13.44,2795.33,1
2023-12-06,2023-12-06 13:50:00,207.71,207.71,207.71,207.71,0.0,13.44,2795.33,0
2023-12-06,2023-12-06 13:51:00,207.71,207.72,207.71,207.72,0.0,13.44,2795.33,1
2023-12-06,2023-12-06 13:52:00,207.72,207.72,207.72,207.72,0.0,13.44,2795.33,0
2023-12-06,2023-12-06 13:53:00,207.72,207.72,207.72,207.72,0.0,13.44,2795.33,0
2023-12-06,2023-12-06 13:54:00,207.72,207.73,207.72,207.73,0.0,13.44,2795.33,1
2023-12-06,2023-12-06 13:55:00,207.73,207.73,207.73,207.73,0.0,13.44,2795.33,0
2023-12-06,2023-12-06 13:56:00,207.73,207.74,207.73,207.74,0.0,13.44,2795.33,1
2023-12-06,2023-12-06 13:57:00,207.74,207.74,207.74,207.74,0.0,13.44,2795.33,0
2023-12-06,2023-12-06 13:58:00,207.74,207.75,207.74,207.75,0.0,13.44,2795.33,1
2023-12-06,2023-12-06 13:59:00,207.75,207.75,207.75,207.75,0.0,13.44,2795.33,0
2023-12-06,2023-12-06 14:00:00,207.75,207.75,207.75,207.75,0.0,13.44,2795.33,0
2023-12-06,2023-12-06 14:01:00,207.75,207.76,207.75,207.76,0.0,13.44,2795.33,1
2023-12-06,2023-12-06 14:02:00,207.76,207.76,207.76,207.76,0.0,13.44,2795.33,0
2023-12-06,2023-12-06 14:03:00,207.76,207.77,207.76,207.77,0.0,13.44,2795.33,1
2023-12-06,2023-12-06 14:04:00,207.77,207.77,207.77,207.77,0.0,13.44,2795.33,0
2023-12-06,2023-12-06 14:05:00,207.77,207.78,207.77,207.78,0.0,13.44,2795.33,1
2023-12-06,2023-12-06 14:06:00,207.78,207.78,207.78,207.78,0.0,13.44,2795.33,0
2023-12-06,2023-12-06 14:07:00,207.78,207.78,207.78,207.78,0.0,13.44,2795.33,0
2023-12-06,2023-12-06 14:08:00,207.78,207.79,207.78,207.79,0.0,13.44,2795.33,1
2023-12-06,2023-12-06 14:09:00,207.79,207.79,207.79,207.79,0.0,13.44,2795.33,0
2023-12-06,2023-12-06 14:10:00,207.79,207.8,207.79,207.8,0.0,13.44,2795.33,1
2023-12-06,2023-12-06 14:11:00,207.8,207.8,207.8,207.8,0.0,13.44,2795.33,0
2023-12-06,2023-12-06 14:12:00,207.8,207.8,207.8,207.8,0.0,13.44,2795.33,0
2023-12-06,2023-12-06 14:13:00,207.8,207.81,207.8,207.81,0.0,13.44,2795.33,1
2023-12-06,2023-12-06 14:14:00,207.81,207.81,207.81,207.81,0.0,13.44,2795.33,0
2023-12-06,2023-12-06 14:15:00,207.81,207.82,207.81,207.82,0.0,13.44,2795.33,1
2023-12-06,2023-12-06 14:16:00,207.82,207.82,207.82,207.82,0.0,13.44,2795.33,0
2023-12-06,2023-12-06 14:17:00,207.82,207.82,207.82,207.82,0.0,13.44,2795.33,0
2023-12-06,2023-12-06 14:18:00,207.82,207.83,207.82,207.83,0.0,13.44,2795.33,1
2023-12-06,2023-12-06 14:19:00,207.83,207.83,207.83,207.83,0.0,13.44,2795.33,0
2023-12-06,2023-12-06 14:20:00,207.83,207.84,207.83,207.84,0.0,13.44,2795.33,1
2023-12-06,2023-12-06 14:21:00,207.84,207.84,207.84,207.84,0.0,13.44,2795.33,0
2023-12-06,2023-12-06 14:22:00,207.84,207.85,207.84,207.85,0.0,13.44,2795.33,1
2023-12-06,2023-12-06 14:23:00,207.85,207.85,207.85,207.85,0.0,13.44,2795.33,0
2023-12-06,2023-12-06 14:24:00,207.85,207.85,207.85,207.85,0.0,13.44,2795.33,0
2023-12-06,2023-12-06 14:25:00,207.85,207.86,207.85,207.86,0.0,13.44,2795.33,1
2023-12-06,2023-12-06 14:26:00,207.86,207.86,207.86,207.86,0.0,13.44,2795.33,0
2023-12-06,2023-12-06 14:27:00,207.86,207.87,207.86,207.87,0.0,13.44,2795.33,1
2023-12-06,2023-12-06 14:28:00,207.87,207.87,207.87,207.87,0.0,13.44,2795.33,0
2023-12-06,2023-12-06 14:29:00,207.87,207.88,207.87,207.88,0.0,13.44,2795.33,1
2023-12-06,2023-12-06 14:30:00,207.88,207.88,207.88,207.88,0.0,13.44,2795.33,0
2023-12-06,2023-12-06 14:31:00,207.88,207.88,207.88,207.88,0.0,13.44,2795.33,0
2023-12-06,2023-12-06 14:32:00,207.88,207.89,207.88,207.89,0.0,13.44,2795.33,1
2023-12-06,2023-12-06 14:33:00,207.89,207.89,207.89,207.89,0.0,13.44,2795.33,0
2023-12-06,2023-12-06 14:34:00,207.89,207.9,207.89,207.9,0.0,13.44,2795.33,1
2023-12-06,2023-12-06 14:35:00,207.9,207.9,207.9,207.9,0.0,13.44,2795.33,0
2023-12-06,2023-12-06 14:36:00,207.9,207.9,207.9,207.9,0.0,13.44,2795.33,0
2023-12-06,2023-12-06 14:37:00,207.9,207.91,207.9,207.91,0.0,13.44,2795.33,1
2023-12-06,2023-12-06 14:38:00,207.91,207.91,207.91,207.91,0.0,13.44,2795.33,0
2023-12-06,2023-12-06 14:39:00,207.91,207.92,207.91,207.92,0.0,13.44,2795.33,1
2023-12-06,2023-12-06 14:40:00,207.92,207.92,207.92,207.92,0.0,13.44,2795.33,0
2023-12-06,2023-12-06 14:41:00,207.92,207.93,207.92,207.93,0.0,13.44,2795.33,1
2023-12-06,2023-12-06 14:42:00,207.93,207.93,207.93,207.93,0.0,13.44,2795.33,0
2023-12-06,2023-12-06 14:43:00,207.93,207.93,207.93,207.93,0.0,13.44,2795.33,0
2023-12-06,2023-12-06 14:44:00,207.93,207.94,207.93,207.94,0.0,13.44,2795.33,1
2023-12-06,2023-12-06 14:45:00,207.94,207.94,207.94,207.94,0.0,13.44,2795.33,0
2023-12-06,2023-12-06 14:46:00,207.94,207.95,207.94,207.95,0.0,13.44,2795.33,1
2023-12-06,2023-12-06 14:47:00,207.95,207.95,207.95,207.95,0.0,13.44,2795.33,0
2023-12-06,2023-12-06 14:48:00,207.95,207.95,207.95,207.95,0.0,13.44,2795.33,0
2023-12-06,2023-12-06 14:49:00,207.95,207.96,207.95,207.96,0.0,13.44,2795.33,1
2023-12-06,2023-12-06 14:50:00,207.96,207.96,207.96,207.96,0.0,13.44,2795.33,0
2023-12-06,2023-12-06 14:51:00,207.96,207.97,207.96,207.97,0.0,13.44,2795.33,1
2023-12-06,2023-12-06 14:52:00,207.97,207.97,207.97,207.97,0.0,13.44,2795.33,0
2023-12-06,2023-12-06 14:53:00,207.97,207.97,207.97,207.97,0.0,13.44,2795.33,0
2023-12-06,2023-12-06 14:54:00,207.97,207.98,207.97,207.98,0.0,13.44,2795.33,1
2023-12-06,2023-12-06 14:55:00,207.98,207.98,207.98,207.98,0.0,13.44,2795.33,0
2023-12-06,2023-12-06 14:56:00,207.98,207.99,207.98,207.99,0.0,13.44,2795.33,1
2023-12-06,2023-12-06 14:57:00,207.99,207.99,207.99,207.99,0.0,13.44,2795.33,0
2023-12-06,2023-12-06 14:58:00,207.99,208.0,207.99,208.0,0.0,13.44,2795.33,1
2023-12-06,2023-12-06 14:59:00,208.0,208.0,208.0,208.0,0.0,13.44,2795.33,0
2023-12-06,2023-12-06 15:00:00,208.0,211.0,204.1,208.0,0.0,13.44,2795.33,0
2023-12-07,2023-12-07 11:00:00,204.0,207.96,204.0,204.05,0.02,26.64,5693.43,1
2023-12-07,2023-12-07 11:01:00,204.05,204.11,204.05,204.11,0.03,26.64,5693.43,1
2023-12-07,2023-12-07 11:02:00,204.11,204.16,204.11,204.16,0.02,26.64,5693.43,1
2023-12-07,2023-12-07 11:03:00,204.16,204.22,204.16,204.22,0.03,26.64,5693.43,1
2023-12-07,2023-12-07 11:04:00,204.22,204.27,204.22,204.27,0.02,26.64,5693.43,1
2023-12-07,2023-12-07 11:05:00,204.27,204.33,204.27,204.33,0.03,26.64,5693.43,1
2023-12-07,2023-12-07 11:06:00,204.33,204.38,204.33,204.38,0.02,26.64,5693.43,1
2023-12-07,2023-12-07 11:07:00,204.38,204.44,204.38,204.44,0.03,26.64,5693.43,1
2023-12-07,2023-12-07 11:08:00,204.44,204.49,204.44,204.49,0.02,26.64,5693.43,1
2023-12-07,2023-12-07 11:09:00,204.49,204.55,204.49,204.55,0.03,26.64,5693.43,1
2023-12-07,2023-12-07 11:10:00,204.55,204.6,204.55,204.6,0.02,26.64,5693.43,1
2023-12-07,2023-12-07 11:11:00,204.6,204.66,204.6,204.66,0.03,26.64,5693.43,1
2023-12-07,2023-12-07 11:12:00,204.66,204.71,204.66,204.71,0.02,26.64,5693.43,1
2023-12-07,2023-12-07 11:13:00,204.71,204.76,204.71,204.76,0.02,26.64,5693.43,1
2023-12-07,2023-12-07 11:14:00,204.76,204.82,204.76,204.82,0.03,26.64,5693.43,1
2023-12-07,2023-12-07 11:15:00,204.82,204.87,204.82,204.87,0.02,26.64,5693.43,1
2023-12-07,2023-12-07 11:16:00,204.87,204.93,204.87,204.93,0.03,26.64,5693.43,1
2023-12-07,2023-12-07 11:17:00,204.93,204.98,204.93,204.98,0.02,26.64,5693.43,1
2023-12-07,2023-12-07 11:18:00,204.98,205.04,204.98,205.04,0.03,26.64,5693.43,1
2023-12-07,2023-12-07 11:19:00,205.04,205.09,205.04,205.09,0.02,26.64,5693.43,1
2023-12-07,2023-12-07 11:20:00,205.09,205.15,205.09,205.15,0.03,26.64,5693.43,1
2023-12-07,2023-12-07 11:21:00,205.15,205.2,205.15,205.2,0.02,26.64,5693.43,1
2023-12-07,2023-12-07 11:22:00,205.2,205.26,205.2,205.26,0.03,26.64,5693.43,1
2023-12-07,2023-12-07 11:23:00,205.26,205.31,205.26,205.31,0.02,26.64,5693.43,1
2023-12-07,2023-12-07 11:24:00,205.31,205.36,205.31,205.36,0.02,26.64,5693.43,1
2023-12-07,2023-12-07 11:25:00,205.36,205.42,205.36,205.42,0.03,26.64,5693.43,1
2023-12-07,2023-12-07 11:26:00,205.42,205.47,205.42,205.47,0.02,26.64,5693.43,1
2023-12-07,2023-12-07 11:27:00,205.47,205.53,205.47,205.53,0.03,26.64,5693.43,1
2023-12-07,2023-12-07 11:28:00,205.53,205.58,205.53,205.58,0.02,26.64,5693.43,1
2023-12-07,2023-12-07 11:29:00,205.58,205.64,205.58,205.64,0.03,26.64,5693.43,1
2023-12-07,2023-12-07 11:30:00,205.64,205.69,205.64,205.69,0.02,26.64,5693.43,1
2023-12-07,2023-12-07 11:31:00,205.69,205.75,205.69,205.75,0.03,26.64,5693.43,1
2023-12-07,2023-12-07 11:32:00,205.75,205.8,205.75,205.8,0.02,26.64,5693.43,1
2023-12-07,2023-12-07 11:33:00,205.8,205.86,205.8,205.86,0.03,26.64,5693.43,1
2023-12-07,2023-12-07 11:34:00,205.86,205.91,205.86,205.91,0.02,26.64,5693.43,1
2023-12-07,2023-12-07 11:35:00,205.91,205.97,205.91,205.97,0.03,26.64,5693.43,1
2023-12-07,2023-12-07 11:36:00,205.97,206.02,205.97,206.02,0.02,26.64,5693.43,1
2023-12-07,2023-12-07 11:37:00,206.02,206.07,206.02,206.07,0.02,26.64,5693.43,1
2023-12-07,2023-12-07 11:38:00,206.07,206.13,206.07,206.13,0.03,26.64,5693.43,1
2023-12-07,2023-12-07 11:39:00,206.13,206.18,206.13,206.18,0.02,26.64,5693.43,1
2023-12-07,2023-12-07 11:40:00,206.18,206.24,206.18,206.24,0.03,26.64,5693.43,1
2023-12-07,2023-12-07 11:41:00,206.24,206.29,206.24,206.29,0.02,26.64,5693.43,1
2023-12-07,2023-12-07 11:42:00,206.29,206.35,206.29,206.35,0.03,26.64,5693.43,1
2023-12-07,2023-12-07 11:43:00,206.35,206.4,206.35,206.4,0.02,26.64,5693.43,1
2023-12-07,2023-12-07 11:44:00,206.4,206.46,206.4,206.46,0.03,26.64,5693.43,1
2023-12-07,2023-12-07 11:45:00,206.46,206.51,206.46,206.51,0.02,26.64,5693.43,1
2023-12-07,2023-12-07 11:46:00,206.51,206.57,206.51,206.57,0.03,26.64,5693.43,1
2023-12-07,2023-12-07 11:47:00,206.57,206.62,206.57,206.62,0.02,26.64,5693.43,1
2023-12-07,2023-12-07 11:48:00,206.62,206.67,206.62,206.67,0.02,26.64,5693.43,1
2023-12-07,2023-12-07 11:49:00,206.67,206.73,206.67,206.73,0.03,26.64,5693.43,1
2023-12-07,2023-12-07 11:50:00,206.73,206.78,206.73,206.78,0.02,26.64,5693.43,1
2023-12-07,2023-12-07 11:51:00,206.78,206.84,206.78,206.84,0.03,26.64,5693.43,1
2023-12-07,2023-12-07 11:52:00,206.84,206.89,206.84,206.89,0.02,26.64,5693.43,1
2023-12-07,2023-12-07 11:53:00,206.89,206.95,206.89,206.95,0.03,26.64,5693.43,1
2023-12-07,2023-12-07 11:54:00,206.95,207.0,206.95,207.0,0.02,26.64,5693.43,1
2023-12-07,2023-12-07 11:55:00,207.0,207.06,207.0,207.06,0.03,26.64,5693.43,1
2023-12-07,2023-12-07 11:56:00,207.06,207.11,207.06,207.11,0.02,26.64,5693.43,1
2023-12-07,2023-12-07 11:57:00,207.11,207.17,207.11,207.17,0.03,26.64,5693.43,1
2023-12-07,2023-12-07 11:58:00,207.17,207.22,207.17,207.22,0.02,26.64,5693.43,1
2023-12-07,2023-12-07 11:59:00,207.22,207.28,207.22,207.28,0.03,26.64,5693.43,1
2023-12-07,2023-12-07 12:00:00,207.28,207.33,207.28,207.33,0.02,26.64,5693.43,1
2023-12-07,2023-12-07 12:01:00,207.33,207.38,207.33,207.38,0.02,26.64,5693.43,1
2023-12-07,2023-12-07 12:02:00,207.38,207.44,207.38,207.44,0.03,26.64,5693.43,1
2023-12-07,2023-12-07 12:03:00,207.44,207.49,207.44,207.49,0.02,26.64,5693.43,1
2023-12-07,2023-12-07 12:04:00,207.49,207.55,207.49,207.55,0.03,26.64,5693.43,1
2023-12-07,2023-12-07 12:05:00,207.55,207.6,207.55,207.6,0.02,26.64,5693.43,1
2023-12-07,2023-12-07 12:06:00,207.6,207.66,207.6,207.66,0.03,26.64,5693.43,1
2023-12-07,2023-12-07 12:07:00,207.66,207.71,207.66,207.71,0.02,26.64,5693.43,1
2023-12-07,2023-12-07 12:08:00,207.71,207.77,207.71,207.77,0.03,26.64,5693.43,1
2023-12-07,2023-12-07 12:09:00,207.77,207.82,207.77,207.82,0.02,26.64,5693.43,1
2023-12-07,2023-12-07 12:10:00,207.82,207.88,207.82,207.88,0.03,26.64,5693.43,1
2023-12-07,2023-12-07 12:11:00,207.88,207.93,207.88,207.93,0.02,26.64,5693.43,1
2023-12-07,2023-12-07 12:12:00,207.93,207.98,207.93,207.98,0.02,26.64,5693.43,1
2023-12-07,2023-12-07 12:13:00,207.98,208.04,207.98,208.04,0.03,26.64,5693.43,1
2023-12-07,2023-12-07 12:14:00,208.04,208.09,208.04,208.09,0.02,26.64,5693.43,1
2023-12-07,2023-12-07 12:15:00,208.09,208.15,208.09,208.15,0.03,26.64,5693.43,1
2023-12-07,2023-12-07 12:16:00,208.15,208.2,208.15,208.2,0.02,26.64,5693.43,1
2023-12-07,2023-12-07 12:17:00,208.2,208.26,208.2,208.26,0.03,26.64,5693.43,1
2023-12-07,2023-12-07 12:18:00,208.26,208.31,208.26,208.31,0.02,26.64,5693.43,1
2023-12-07,2023-12-07 12:19:00,208.31,208.37,208.31,208.37,0.03,26.64,5693.43,1
2023-12-07,2023-12-07 12:20:00,208.37,208.42,208.37,208.42,0.02,26.64,5693.43,1
2023-12-07,2023-12-07 12:21:00,208.42,208.48,208.42,208.48,0.03,26.64,5693.43,1
2023-12-07,2023-12-07 12:22:00,208.48,208.53,208.48,208.53,0.02,26.64,5693.43,1
2023-12-07,2023-12-07 12:23:00,208.53,208.59,208.53,208.59,0.03,26.64,5693.43,1
2023-12-07,2023-12-07 12:24:00,208.59,208.64,208.59,208.64,0.02,26.64,5693.43,1
2023-12-07,2023-12-07 12:25:00,208.64,208.69,208.64,208.69,0.02,26.64,5693.43,1
2023-12-07,2023-12-07 12:26:00,208.69,208.75,208.69,208.75,0.03,26.64,5693.43,1
2023-12-07,2023-12-07 12:27:00,208.75,208.8,208.75,208.8,0.02,26.64,5693.43,1
2023-12-07,2023-12-07 12:28:00,208.8,208.86,208.8,208.86,0.03,26.64,5693.43,1
2023-12-07,2023-12-07 12:29:00,208.86,208.91,208.86,208.91,0.02,26.64,5693.43,1
2023-12-07,2023-12-07 12:30:00,208.91,208.97,208.91,208.97,0.03,26.64,5693.43,1
2023-12-07,2023-12-07 12:31:00,208.97,209.02,208.97,209.02,0.02,26.64,5693.43,1
2023-12-07,2023-12-07 12:32:00,209.02,209.08,209.02,209.08,0.03,26.64,5693.43,1
2023-12-07,2023-12-07 12:33:00,209.08,209.13,209.08,209.13,0.02,26.64,5693.43,1
2023-12-07,2023-12-07 12:34:00,209.13,209.19,209.13,209.19,0.03,26.64,5693.43,1
2023-12-07,2023-12-07 12:35:00,209.19,209.24,209.19,209.24,0.02,26.64,5693.43,1
2023-12-07,2023-12-07 12:36:00,209.24,209.29,209.24,209.29,0.02,26.64,5693.43,1
2023-12-07,2023-12-07 12:37:00,209.29,209.35,209.29,209.35,0.03,26.64,5693.43,1
2023-12-07,2023-12-07 12:38:00,209.35,209.4,209.35,209.4,0.02,26.64,5693.43,1
2023-12-07,2023-12-07 12:39:00,209.4,209.46,209.4,209.46,0.03,26.64,5693.43,1
2023-12-07,2023-12-07 12:40:00,209.46,209.51,209.46,209.51,0.02,26.64,5693.43,1
2023-12-07,2023-12-07 12:41:00,209.51,209.57,209.51,209.57,0.03,26.64,5693.43,1
2023-12-07,2023-12-07 12:42:00,209.57,209.62,209.57,209.62,0.02,26.64,5693.43,1
2023-12-07,2023-12-07 12:43:00,209.62,209.68,209.62,209.68,0.03,26.64,5693.43,1
2023-12-07,2023-12-07 12:44:00,209.68,209.73,209.68,209.73,0.02,26.64,5693.43,1
2023-12-07,2023-12-07 12:45:00,209.73,209.79,209.73,209.79,0.03,26.64,5693.43,1
2023-12-07,2023-12-07 12:46:00,209.79,209.84,209.79,209.84,0.02,26.64,5693.43,1
2023-12-07,2023-12-07 12:47:00,209.84,209.9,209.84,209.9,0.03,26.64,5693.43,1
2023-12-07,2023-12-07 12:48:00,209.9,209.95,209.9,209.95,0.02,26.64,5693.43,1
2023-12-07,2023-12-07 12:49:00,209.95,210.0,209.95,210.0,0.02,26.64,5693.43,1
2023-12-07,2023-12-07 12:50:00,210.0,210.06,210.0,210.06,0.03,26.64,5693.43,1
2023-12-07,2023-12-07 12:51:00,210.06,210.11,210.06,210.11,0.02,26.64,5693.43,1
2023-12-07,2023-12-07 12:52:00,210.11,210.17,210.11,210.17,0.03,26.64,5693.43,1
2023-12-07,2023-12-07 12:53:00,210.17,210.22,210.17,210.22,0.02,26.64,5693.43,1
2023-12-07,2023-12-07 12:54:00,210.22,210.28,210.22,210.28,0.03,26.64,5693.43,1
2023-12-07,2023-12-07 12:55:00,210.28,210.33,210.28,210.33,0.02,26.64,5693.43,1
2023-12-07,2023-12-07 12:56:00,210.33,210.39,210.33,210.39,0.03,26.64,5693.43,1
2023-12-07,2023-12-07 12:57:00,210.39,210.44,210.39,210.44,0.02,26.64,5693.43,1
2023-12-07,2023-12-07 12:58:00,210.44,210.5,210.44,210.5,0.03,26.64,5693.43,1
2023-12-07,2023-12-07 12:59:00,210.5,210.55,210.5,210.55,0.02,26.64,5693.43,1
2023-12-07,2023-12-07 13:00:00,210.55,217.2,204.0,210.6,0.02,26.64,5693.43,1
2023-12-07,2023-12-07 13:01:00,210.6,210.66,210.6,210.66,0.03,26.64,5693.43,1
2023-12-07,2023-12-07 13:02:00,210.66,210.71,210.66,210.71,0.02,26.64,5693.43,1
2023-12-07,2023-12-07 13:03:00,210.71,210.77,210.71,210.77,0.03,26.64,5693.43,1
2023-12-07,2023-12-07 13:04:00,210.77,210.82,210.77,210.82,0.02,26.64,5693.43,1
2023-12-07,2023-12-07 13:05:00,210.82,210.88,210.82,210.88,0.03,26.64,5693.43,1
2023-12-07,2023-12-07 13:06:00,210.88,210.93,210.88,210.93,0.02,26.64,5693.43,1
2023-12-07,2023-12-07 13:07:00,210.93,210.99,210.93,210.99,0.03,26.64,5693.43,1
2023-12-07,2023-12-07 13:08:00,210.99,211.04,210.99,211.04,0.02,26.64,5693.43,1
2023-12-07,2023-12-07 13:09:00,211.04,211.1,211.04,211.1,0.03,26.64,5693.43,1
2023-12-07,2023-12-07 13:10:00,211.1,211.15,211.1,211.15,0.02,26.64,5693.43,1
2023-12-07,2023-12-07 13:11:00,211.15,211.2,211.15,211.2,0.02,26.64,5693.43,1
2023-12-07,2023-12-07 13:12:00,211.2,211.26,211.2,211.26,0.03,26.64,5693.43,1
2023-12-07,2023-12-07 13:13:00,211.26,211.31,211.26,211.31,0.02,26.64,5693.43,1
2023-12-07,2023-12-07 13:14:00,211.31,211.37,211.31,211.37,0.03,26.64,5693.43,1
2023-12-07,2023-12-07 13:15:00,211.37,211.42,211.37,211.42,0.02,26.64,5693.43,1
2023-12-07,2023-12-07 13:16:00,211.42,211.48,211.42,211.48,0.03,26.64,5693.43,1
2023-12-07,2023-12-07 13:17:00,211.48,211.53,211.48,211.53,0.02,26.64,5693.43,1
2023-12-07,2023-12-07 13:18:00,211.53,211.59,211.53,211.59,0.03,26.64,5693.43,1
2023-12-07,2023-12-07 13:19:00,211.59,211.64,211.59,211.64,0.02,26.64,5693.43,1
2023-12-07,2023-12-07 13:20:00,211.64,211.7,211.64,211.7,0.03,26.64,5693.43,1
2023-12-07,2023-12-07 13:21:00,211.7,211.75,211.7,211.75,0.02,26.64,5693.43,1
2023-12-07,2023-12-07 13:22:00,211.75,211.81,211.75,211.81,0.03,26.64,5693.43,1
2023-12-07,2023-12-07 13:23:00,211.81,211.86,211.81,211.86,0.02,26.64,5693.43,1
2023-12-07,2023-12-07 13:24:00,211.86,211.91,211.86,211.91,0.02,26.64,5693.43,1
2023-12-07,2023-12-07 13:25:00,211.91,211.97,211.91,211.97,0.03,26.64,5693.43,1
2023-12-07,2023-12-07 13:26:00,211.97,212.02,211.97,212.02,0.02,26.64,5693.43,1
2023-12-07,2023-12-07 13:27:00,212.02,212.08,212.02,212.08,0.03,26.64,5693.43,1
2023-12-07,2023-12-07 13:28:00,212.08,212.13,212.08,212.13,0.02,26.64,5693.43,1
2023-12-07,2023-12-07 13:29:00,212.13,212.19,212.13,212.19,0.03,26.64,5693.43,1
2023-12-07,2023-12-07 13:30:00,212.19,212.24,212.19,212.24,0.02,26.64,5693.43,1
2023-12-07,2023-12-07 13:31:00,212.24,212.3,212.24,212.3,0.03,26.64,5693.43,1
2023-12-07,2023-12-07 13:32:00,212.3,212.35,212.3,212.35,0.02,26.64,5693.43,1
2023-12-07,2023-12-07 13:33:00,212.35,212.41,212.35,212.41,0.03,26.64,5693.43,1
2023-12-07,2023-12-07 13:34:00,212.41,212.46,212.41,212.46,0.02,26.64,5693.43,1
2023-12-07,2023-12-07 13:35:00,212.46,212.51,212.46,212.51,0.02,26.64,5693.43,1
2023-12-07,2023-12-07 13:36:00,212.51,212.57,212.51,212.57,0.03,26.64,5693.43,1
2023-12-07,2023-12-07 13:37:00,212.57,212.62,212.57,212.62,0.02,26.64,5693.43,1
2023-12-07,2023-12-07 13:38:00,212.62,212.68,212.62,212.68,0.03,26.64,5693.43,1
2023-12-07,2023-12-07 13:39:00,212.68,212.73,212.68,212.73,0.02,26.64,5693.43,1
2023-12-07,2023-12-07 13:40:00,212.73,212.79,212.73,212.79,0.03,26.64,5693.43,1
2023-12-07,2023-12-07 13:41:00,212.79,212.84,212.79,212.84,0.02,26.64,5693.43,1
2023-12-07,2023-12-07 13:42:00,212.84,212.9,212.84,212.9,0.03,26.64,5693.43,1
2023-12-07,2023-12-07 13:43:00,212.9,212.95,212.9,212.95,0.02,26.64,5693.43,1
2023-12-07,2023-12-07 13:44:00,212.95,213.01,212.95,213.01,0.03,26.64,5693.43,1
2023-12-07,2023-12-07 13:45:00,213.01,213.06,213.01,213.06,0.02,26.64,5693.43,1
2023-12-07,2023-12-07 13:46:00,213.06,213.12,213.06,213.12,0.03,26.64,5693.43,1
2023-12-07,2023-12-07 13:47:00,213.12,213.17,213.12,213.17,0.02,26.64,5693.43,1
2023-12-07,2023-12-07 13:48:00,213.17,213.22,213.17,213.22,0.02,26.64,5693.43,1
2023-12-07,2023-12-07 13:49:00,213.22,213.28,213.22,213.28,0.03,26.64,5693.43,1
2023-12-07,2023-12-07 13:50:00,213.28,213.33,213.28,213.33,0.02,26.64,5693.43,1
2023-12-07,2023-12-07 13:51:00,213.33,213.39,213.33,213.39,0.03,26.64,5693.43,1
2023-12-07,2023-12-07 13:52:00,213.39,213.44,213.39,213.44,0.02,26.64,5693.43,1
2023-12-07,2023-12-07 13:53:00,213.44,213.5,213.44,213.5,0.03,26.64,5693.43,1
2023-12-07,2023-12-07 13:54:00,213.5,213.55,213.5,213.55,0.02,26.64,5693.43,1
2023-12-07,2023-12-07 13:55:00,213.55,213.61,213.55,213.61,0.03,26.64,5693.43,1
2023-12-07,2023-12-07 13:56:00,213.61,213.66,213.61,213.66,0.02,26.64,5693.43,1
2023-12-07,2023-12-07 13:57:00,213.66,213.72,213.66,213.72,0.03,26.64,5693.43,1
2023-12-07,2023-12-07 13:58:00,213.72,213.77,213.72,213.77,0.02,26.64,5693.43,1
2023-12-07,2023-12-07 13:59:00,213.77,213.82,213.77,213.82,0.02,26.64,5693.43,1
2023-12-07,2023-12-07 14:00:00,213.82,213.88,213.82,213.88,0.03,26.64,5693.43,1
2023-12-07,2023-12-07 14:01:00,213.88,213.93,213.88,213.93,0.02,26.64,5693.43,1
2023-12-07,2023-12-07 14:02:00,213.93,213.99,213.93,213.99,0.03,26.64,5693.43,1
2023-12-07,2023-12-07 14:03:00,213.99,214.04,213.99,214.04,0.02,26.64,5693.43,1
2023-12-07,2023-12-07 14:04:00,214.04,214.1,214.04,214.1,0.03,26.64,5693.43,1
2023-12-07,2023-12-07 14:05:00,214.1,214.15,214.1,214.15,0.02,26.64,5693.43,1
2023-12-07,2023-12-07 14:06:00,214.15,214.21,214.15,214.21,0.03,26.64,5693.43,1
2023-12-07,2023-12-07 14:07:00,214.21,214.26,214.21,214.26,0.02,26.64,5693.43,1
2023-12-07,2023-12-07 14:08:00,214.26,214.32,214.26,214.32,0.03,26.64,5693.43,1
2023-12-07,2023-12-07 14:09:00,214.32,214.37,214.32,214.37,0.02,26.64,5693.43,1
2023-12-07,2023-12-07 14:10:00,214.37,214.43,214.37,214.43,0.03,26.64,5693.43,1
2023-12-07,2023-12-07 14:11:00,214.43,214.48,214.43,214.48,0.02,26.64,5693.43,1
2023-12-07,2023-12-07 14:12:00,214.48,214.53,214.48,214.53,0.02,26.64,5693.43,1
2023-12-07,2023-12-07 14:13:00,214.53,214.59,214.53,214.59,0.03,26.64,5693.43,1
2023-12-07,2023-12-07 14:14:00,214.59,214.64,214.59,214.64,0.02,26.64,5693.43,1
2023-12-07,2023-12-07 14:15:00,214.64,214.7,214.64,214.7,0.03,26.64,5693.43,1
2023-12-07,2023-12-07 14:16:00,214.7,214.75,214.7,214.75,0.02,26.64,5693.43,1
2023-12-07,2023-12-07 14:17:00,214.75,214.81,214.75,214.81,0.03,26.64,5693.43,1
2023-12-07,2023-12-07 14:18:00,214.81,214.86,214.81,214.86,0.02,26.64,5693.43,1
2023-12-07,2023-12-07 14:19:00,214.86,214.92,214.86,214.92,0.03,26.64,5693.43,1
2023-12-07,2023-12-07 14:20:00,214.92,214.97,214.92,214.97,0.02,26.64,5693.43,1
2023-12-07,2023-12-07 14:21:00,214.97,215.03,214.97,215.03,0.03,26.64,5693.43,1
2023-12-07,2023-12-07 14:22:00,215.03,215.08,215.03,215.08,0.02,26.64,5693.43,1
2023-12-07,2023-12-07 14:23:00,215.08,215.13,215.08,215.13,0.02,26.64,5693.43,1
2023-12-07,2023-12-07 14:24:00,215.13,215.19,215.13,215.19,0.03,26.64,5693.43,1
2023-12-07,2023-12-07 14:25:00,215.19,215.24,215.19,215.24,0.02,26.64,5693.43,1
2023-12-07,2023-12-07 14:26:00,215.24,215.3,215.24,215.3,0.03,26.64,5693.43,1
2023-12-07,2023-12-07 14:27:00,215.3,215.35,215.3,215.35,0.02,26.64,5693.43,1
2023-12-07,2023-12-07 14:28:00,215.35,215.41,215.35,215.41,0.03,26.64,5693.43,1
2023-12-07,2023-12-07 14:29:00,215.41,215.46,215.41,215.46,0.02,26.64,5693.43,1
2023-12-07,2023-12-07 14:30:00,215.46,215.52,215.46,215.52,0.03,26.64,5693.43,1
2023-12-07,2023-12-07 14:31:00,215.52,215.57,215.52,215.57,0.02,26.64,5693.43,1
2023-12-07,2023-12-07 14:32:00,215.57,215.63,215.57,215.63,0.03,26.64,5693.43,1
2023-12-07,2023-12-07 14:33:00,215.63,215.68,215.63,215.68,0.02,26.64,5693.43,1
2023-12-07,2023-12-07 14:34:00,215.68,215.74,215.68,215.74,0.03,26.64,5693.43,1
2023-12-07,2023-12-07 14:35:00,215.74,215.79,215.74,215.79,0.02,26.64,5693.43,1
2023-12-07,2023-12-07 14:36:00,215.79,215.84,215.79,215.84,0.02,26.64,5693.43,1
2023-12-07,2023-12-07 14:37:00,215.84,215.9,215.84,215.9,0.03,26.64,5693.43,1
2023-12-07,2023-12-07 14:38:00,215.9,215.95,215.9,215.95,0.02,26.64,5693.43,1
2023-12-07,2023-12-07 14:39:00,215.95,216.01,215.95,216.01,0.03,26.64,5693.43,1
2023-12-07,2023-12-07 14:40:00,216.01,216.06,216.01,216.06,0.02,26.64,5693.43,1
2023-12-07,2023-12-07 14:41:00,216.06,216.12,216.06,216.12,0.03,26.64,5693.43,1
2023-12-07,2023-12-07 14:42:00,216.12,216.17,216.12,216.17,0.02,26.64,5693.43,1
2023-12-07,2023-12-07 14:43:00,216.17,216.23,216.17,216.23,0.03,26.64,5693.43,1
2023-12-07,2023-12-07 14:44:00,216.23,216.28,216.23,216.28,0.02,26.64,5693.43,1
2023-12-07,2023-12-07 14:45:00,216.28,216.34,216.28,216.34,0.03,26.64,5693.43,1
2023-12-07,2023-12-07 14:46:00,216.34,216.39,216.34,216.39,0.02,26.64,5693.43,1
2023-12-07,2023-12-07 14:47:00,216.39,216.44,216.39,216.44,0.02,26.64,5693.43,1
2023-12-07,2023-12-07 14:48:00,216.44,216.5,216.44,216.5,0.03,26.64,5693.43,1
2023-12-07,2023-12-07 14:49:00,216.5,216.55,216.5,216.55,0.02,26.64,5693.43,1
2023-12-07,2023-12-07 14:50:00,216.55,216.61,216.55,216.61,0.03,26.64,5693.43,1
2023-12-07,2023-12-07 14:51:00,216.61,216.66,216.61,216.66,0.02,26.64,5693.43,1
2023-12-07,2023-12-07 14:52:00,216.66,216.72,216.66,216.72,0.03,26.64,5693.43,1
2023-12-07,2023-12-07 14:53:00,216.72,216.77,216.72,216.77,0.02,26.64,5693.43,1
2023-12-07,2023-12-07 14:54:00,216.77,216.83,216.77,216.83,0.03,26.64,5693.43,1
2023-12-07,2023-12-07 14:55:00,216.83,216.88,216.83,216.88,0.02,26.64,5693.43,1
2023-12-07,2023-12-07 14:56:00,216.88,216.94,216.88,216.94,0.03,26.64,5693.43,1
2023-12-07,2023-12-07 14:57:00,216.94,216.99,216.94,216.99,0.02,26.64,5693.43,1
2023-12-07,2023-12-07 14:58:00,216.99,217.05,216.99,217.05,0.03,26.64,5693.43,1
2023-12-07,2023-12-07 14:59:00,217.05,217.1,217.05,217.1,0.02,26.64,5693.43,1
2023-12-07,2023-12-07 15:00:00,217.1,217.2,204.0,217.1,0.0,26.64,5693.43,0
2023-12-10,2023-12-10 11:00:00,221.4,226.41,221.4,221.47,0.03,6.18,1462.56,1
2023-12-10,2023-12-10 11:01:00,221.47,221.54,221.47,221.54,0.03,6.18,1462.56,1
2023-12-10,2023-12-10 11:02:00,221.54,221.61,221.54,221.61,0.03,6.18,1462.56,1
2023-12-10,2023-12-10 11:03:00,221.61,221.68,221.61,221.68,0.03,6.18,1462.56,1
2023-12-10,2023-12-10 11:04:00,221.68,221.75,221.68,221.75,0.03,6.18,1462.56,1
2023-12-10,2023-12-10 11:05:00,221.75,221.81,221.75,221.81,0.03,6.18,1462.56,1
2023-12-10,2023-12-10 11:06:00,221.81,221.88,221.81,221.88,0.03,6.18,1462.56,1
2023-12-10,2023-12-10 11:07:00,221.88,221.95,221.88,221.95,0.03,6.18,1462.56,1
2023-12-10,2023-12-10 11:08:00,221.95,222.02,221.95,222.02,0.03,6.18,1462.56,1
2023-12-10,2023-12-10 11:09:00,222.02,222.09,222.02,222.09,0.03,6.18,1462.56,1
2023-12-10,2023-12-10 11:10:00,222.09,222.16,222.09,222.16,0.03,6.18,1462.56,1
2023-12-10,2023-12-10 11:11:00,222.16,222.23,222.16,222.23,0.03,6.18,1462.56,1
2023-12-10,2023-12-10 11:12:00,222.23,222.3,222.23,222.3,0.03,6.18,1462.56,1
2023-12-10,2023-12-10 11:13:00,222.3,222.37,222.3,222.37,0.03,6.18,1462.56,1
2023-12-10,2023-12-10 11:14:00,222.37,222.44,222.37,222.44,0.03,6.18,1462.56,1
2023-12-10,2023-12-10 11:15:00,222.44,222.51,222.44,222.51,0.03,6.18,1462.56,1
2023-12-10,2023-12-10 11:16:00,222.51,222.58,222.51,222.58,0.03,6.18,1462.56,1
2023-12-10,2023-12-10 11:17:00,222.58,222.65,222.58,222.65,0.03,6.18,1462.56,1
2023-12-10,2023-12-10 11:18:00,222.65,222.71,222.65,222.71,0.03,6.18,1462.56,1
2023-12-10,2023-12-10 11:19:00,222.71,222.78,222.71,222.78,0.03,6.18,1462.56,1
2023-12-10,2023-12-10 11:20:00,222.78,222.85,222.78,222.85,0.03,6.18,1462.56,1
2023-12-10,2023-12-10 11:21:00,222.85,222.92,222.85,222.92,0.03,6.18,1462.56,1
2023-12-10,2023-12-10 11:22:00,222.92,222.99,222.92,222.99,0.03,6.18,1462.56,1
2023-12-10,2023-12-10 11:23:00,222.99,223.06,222.99,223.06,0.03,6.18,1462.56,1
2023-12-10,2023-12-10 11:24:00,223.06,223.13,223.06,223.13,0.03,6.18,1462.56,1
2023-12-10,2023-12-10 11:25:00,223.13,223.2,223.13,223.2,0.03,6.18,1462.56,1
2023-12-10,2023-12-10 11:26:00,223.2,223.27,223.2,223.27,0.03,6.18,1462.56,1
2023-12-10,2023-12-10 11:27:00,223.27,223.34,223.27,223.34,0.03,6.18,1462.56,1
2023-12-10,2023-12-10 11:28:00,223.34,223.41,223.34,223.41,0.03,6.18,1462.56,1
2023-12-10,2023-12-10 11:29:00,223.41,223.47,223.41,223.47,0.03,6.18,1462.56,1
2023-12-10,2023-12-10 11:30:00,223.47,223.54,223.47,223.54,0.03,6.18,1462.56,1
2023-12-10,2023-12-10 11:31:00,223.54,223.61,223.54,223.61,0.03,6.18,1462.56,1
2023-12-10,2023-12-10 11:32:00,223.61,223.68,223.61,223.68,0.03,6.18,1462.56,1
2023-12-10,2023-12-10 11:33:00,223.68,223.75,223.68,223.75,0.03,6.18,1462.56,1
2023-12-10,2023-12-10 11:34:00,223.75,223.82,223.75,223.82,0.03,6.18,1462.56,1
2023-12-10,2023-12-10 11:35:00,223.82,223.89,223.82,223.89,0.03,6.18,1462.56,1
2023-12-10,2023-12-10 11:36:00,223.89,223.96,223.89,223.96,0.03,6.18,1462.56,1
2023-12-10,2023-12-10 11:37:00,223.96,224.03,223.96,224.03,0.03,6.18,1462.56,1
2023-12-10,2023-12-10 11:38:00,224.03,224.1,224.03,224.1,0.03,6.18,1462.56,1
2023-12-10,2023-12-10 11:39:00,224.1,224.17,224.1,224.17,0.03,6.18,1462.56,1
2023-12-10,2023-12-10 11:40:00,224.17,224.24,224.17,224.24,0.03,6.18,1462.56,1
2023-12-10,2023-12-10 11:41:00,224.24,224.31,224.24,224.31,0.03,6.18,1462.56,1
2023-12-10,2023-12-10 11:42:00,224.31,224.37,224.31,224.37,0.03,6.18,1462.56,1
2023-12-10,2023-12-10 11:43:00,224.37,224.44,224.37,224.44,0.03,6.18,1462.56,1
2023-12-10,2023-12-10 11:44:00,224.44,224.51,224.44,224.51,0.03,6.18,1462.56,1
2023-12-10,2023-12-10 11:45:00,224.51,224.58,224.51,224.58,0.03,6.18,1462.56,1
2023-12-10,2023-12-10 11:46:00,224.58,224.65,224.58,224.65,0.03,6.18,1462.56,1
2023-12-10,2023-12-10 11:47:00,224.65,224.72,224.65,224.72,0.03,6.18,1462.56,1
2023-12-10,2023-12-10 11:48:00,224.72,224.79,224.72,224.79,0.03,6.18,1462.56,1
2023-12-10,2023-12-10 11:49:00,224.79,224.86,224.79,224.86,0.03,6.18,1462.56,1
2023-12-10,2023-12-10 11:50:00,224.86,224.93,224.86,224.93,0.03,6.18,1462.56,1
2023-12-10,2023-12-10 11:51:00,224.93,225.0,224.93,225.0,0.03,6.18,1462.56,1
2023-12-10,2023-12-10 11:52:00,225.0,225.07,225.0,225.07,0.03,6.18,1462.56,1
2023-12-10,2023-12-10 11:53:00,225.07,225.13,225.07,225.13,0.03,6.18,1462.56,1
2023-12-10,2023-12-10 11:54:00,225.13,225.2,225.13,225.2,0.03,6.18,1462.56,1
2023-12-10,2023-12-10 11:55:00,225.2,225.27,225.2,225.27,0.03,6.18,1462.56,1
2023-12-10,2023-12-10 11:56:00,225.27,225.34,225.27,225.34,0.03,6.18,1462.56,1
2023-12-10,2023-12-10 11:57:00,225.34,225.41,225.34,225.41,0.03,6.18,1462.56,1
2023-12-10,2023-12-10 11:58:00,225.41,225.48,225.41,225.48,0.03,6.18,1462.56,1
2023-12-10,2023-12-10 11:59:00,225.48,225.55,225.48,225.55,0.03,6.18,1462.56,1
2023-12-10,2023-12-10 12:00:00,225.55,225.62,225.55,225.62,0.03,6.18,1462.56,1
2023-12-10,2023-12-10 12:01:00,225.62,225.69,225.62,225.69,0.03,6.18,1462.56,1
2023-12-10,2023-12-10 12:02:00,225.69,225.76,225.69,225.76,0.03,6.18,1462.56,1
2023-12-10,2023-12-10 12:03:00,225.76,225.83,225.76,225.83,0.03,6.18,1462.56,1
2023-12-10,2023-12-10 12:04:00,225.83,225.9,225.83,225.9,0.03,6.18,1462.56,1
2023-12-10,2023-12-10 12:05:00,225.9,225.97,225.9,225.97,0.03,6.18,1462.56,1
2023-12-10,2023-12-10 12:06:00,225.97,226.03,225.97,226.03,0.03,6.18,1462.56,1
2023-12-10,2023-12-10 12:07:00,226.03,226.1,226.03,226.1,0.03,6.18,1462.56,1
2023-12-10,2023-12-10 12:08:00,226.1,226.17,226.1,226.17,0.03,6.18,1462.56,1
2023-12-10,2023-12-10 12:09:00,226.17,226.24,226.17,226.24,0.03,6.18,1462.56,1
2023-12-10,2023-12-10 12:10:00,226.24,226.31,226.24,226.31,0.03,6.18,1462.56,1
2023-12-10,2023-12-10 12:11:00,226.31,226.38,226.31,226.38,0.03,6.18,1462.56,1
2023-12-10,2023-12-10 12:12:00,226.38,226.45,226.38,226.45,0.03,6.18,1462.56,1
2023-12-10,2023-12-10 12:13:00,226.45,226.52,226.45,226.52,0.03,6.18,1462.56,1
2023-12-10,2023-12-10 12:14:00,226.52,226.59,226.52,226.59,0.03,6.18,1462.56,1
2023-12-10,2023-12-10 12:15:00,226.59,226.66,226.59,226.66,0.03,6.18,1462.56,1
2023-12-10,2023-12-10 12:16:00,226.66,226.73,226.66,226.73,0.03,6.18,1462.56,1
2023-12-10,2023-12-10 12:17:00,226.73,226.8,226.73,226.8,0.03,6.18,1462.56,1
2023-12-10,2023-12-10 12:18:00,226.8,226.86,226.8,226.86,0.03,6.18,1462.56,1
2023-12-10,2023-12-10 12:19:00,226.86,226.93,226.86,226.93,0.03,6.18,1462.56,1
2023-12-10,2023-12-10 12:20:00,226.93,227.0,226.93,227.0,0.03,6.18,1462.56,1
2023-12-10,2023-12-10 12:21:00,227.0,227.07,227.0,227.07,0.03,6.18,1462.56,1
2023-12-10,2023-12-10 12:22:00,227.07,227.14,227.07,227.14,0.03,6.18,1462.56,1
2023-12-10,2023-12-10 12:23:00,227.14,227.21,227.14,227.21,0.03,6.18,1462.56,1
2023-12-10,2023-12-10 12:24:00,227.21,227.28,227.21,227.28,0.03,6.18,1462.56,1
2023-12-10,2023-12-10 12:25:00,227.28,227.35,227.28,227.35,0.03,6.18,1462.56,1
2023-12-10,2023-12-10 12:26:00,227.35,227.42,227.35,227.42,0.03,6.18,1462.56,1
2023-12-10,2023-12-10 12:27:00,227.42,227.49,227.42,227.49,0.03,6.18,1462.56,1
2023-12-10,2023-12-10 12:28:00,227.49,227.56,227.49,227.56,0.03,6.18,1462.56,1
2023-12-10,2023-12-10 12:29:00,227.56,227.62,227.56,227.62,0.03,6.18,1462.56,1
2023-12-10,2023-12-10 12:30:00,227.62,227.69,227.62,227.69,0.03,6.18,1462.56,1
2023-12-10,2023-12-10 12:31:00,227.69,227.76,227.69,227.76,0.03,6.18,1462.56,1
2023-12-10,2023-12-10 12:32:00,227.76,227.83,227.76,227.83,0.03,6.18,1462.56,1
2023-12-10,2023-12-10 12:33:00,227.83,227.9,227.83,227.9,0.03,6.18,1462.56,1
2023-12-10,2023-12-10 12:34:00,227.9,227.97,227.9,227.97,0.03,6.18,1462.56,1
2023-12-10,2023-12-10 12:35:00,227.97,228.04,227.97,228.04,0.03,6.18,1462.56,1
2023-12-10,2023-12-10 12:36:00,228.04,228.11,228.04,228.11,0.03,6.18,1462.56,1
2023-12-10,2023-12-10 12:37:00,228.11,228.18,228.11,228.18,0.03,6.18,1462.56,1
2023-12-10,2023-12-10 12:38:00,228.18,228.25,228.18,228.25,0.03,6.18,1462.56,1
2023-12-10,2023-12-10 12:39:00,228.25,228.32,228.25,228.32,0.03,6.18,1462.56,1
2023-12-10,2023-12-10 12:40:00,228.32,228.39,228.32,228.39,0.03,6.18,1462.56,1
2023-12-10,2023-12-10 12:41:00,228.39,228.46,228.39,228.46,0.03,6.18,1462.56,1
2023-12-10,2023-12-10 12:42:00,228.46,228.52,228.46,228.52,0.03,6.18,1462.56,1
2023-12-10,2023-12-10 12:43:00,228.52,228.59,228.52,228.59,0.03,6.18,1462.56,1
2023-12-10,2023-12-10 12:44:00,228.59,228.66,228.59,228.66,0.03,6.18,1462.56,1
2023-12-10,2023-12-10 12:45:00,228.66,228.73,228.66,228.73,0.03,6.18,1462.56,1
2023-12-10,2023-12-10 12:46:00,228.73,228.8,228.73,228.8,0.03,6.18,1462.56,1
2023-12-10,2023-12-10 12:47:00,228.8,228.87,228.8,228.87,0.03,6.18,1462.56,1
2023-12-10,2023-12-10 12:48:00,228.87,228.94,228.87,228.94,0.03,6.18,1462.56,1
2023-12-10,2023-12-10 12:49:00,228.94,229.01,228.94,229.01,0.03,6.18,1462.56,1
2023-12-10,2023-12-10 12:50:00,229.01,229.08,229.01,229.08,0.03,6.18,1462.56,1
2023-12-10,2023-12-10 12:51:00,229.08,229.15,229.08,229.15,0.03,6.18,1462.56,1
2023-12-10,2023-12-10 12:52:00,229.15,229.22,229.15,229.22,0.03,6.18,1462.56,1
2023-12-10,2023-12-10 12:53:00,229.22,229.28,229.22,229.28,0.03,6.18,1462.56,1
2023-12-10,2023-12-10 12:54:00,229.28,229.35,229.28,229.35,0.03,6.18,1462.56,1
2023-12-10,2023-12-10 12:55:00,229.35,229.42,229.35,229.42,0.03,6.18,1462.56,1
2023-12-10,2023-12-10 12:56:00,229.42,229.49,229.42,229.49,0.03,6.18,1462.56,1
2023-12-10,2023-12-10 12:57:00,229.49,229.56,229.49,229.56,0.03,6.18,1462.56,1
2023-12-10,2023-12-10 12:58:00,229.56,229.63,229.56,229.63,0.03,6.18,1462.56,1
2023-12-10,2023-12-10 12:59:00,229.63,229.7,229.63,229.7,0.03,6.18,1462.56,1
2023-12-10,2023-12-10 13:00:00,229.7,238.1,221.4,229.77,0.03,6.18,1462.56,1
2023-12-10,2023-12-10 13:01:00,229.77,229.84,229.77,229.84,0.03,6.18,1462.56,1
2023-12-10,2023-12-10 13:02:00,229.84,229.91,229.84,229.91,0.03,6.18,1462.56,1
2023-12-10,2023-12-10 13:03:00,229.91,229.98,229.91,229.98,0.03,6.18,1462.56,1
2023-12-10,2023-12-10 13:04:00,229.98,230.05,229.98,230.05,0.03,6.18,1462.56,1
2023-12-10,2023-12-10 13:05:00,230.05,230.12,230.05,230.12,0.03,6.18,1462.56,1
2023-12-10,2023-12-10 13:06:00,230.12,230.18,230.12,230.18,0.03,6.18,1462.56,1
2023-12-10,2023-12-10 13:07:00,230.18,230.25,230.18,230.25,0.03,6.18,1462.56,1
2023-12-10,2023-12-10 13:08:00,230.25,230.32,230.25,230.32,0.03,6.18,1462.56,1
2023-12-10,2023-12-10 13:09:00,230.32,230.39,230.32,230.39,0.03,6.18,1462.56,1
2023-12-10,2023-12-10 13:10:00,230.39,230.46,230.39,230.46,0.03,6.18,1462.56,1
2023-12-10,2023-12-10 13:11:00,230.46,230.53,230.46,230.53,0.03,6.18,1462.56,1
2023-12-10,2023-12-10 13:12:00,230.53,230.6,230.53,230.6,0.03,6.18,1462.56,1
2023-12-10,2023-12-10 13:13:00,230.6,230.67,230.6,230.67,0.03,6.18,1462.56,1
2023-12-10,2023-12-10 13:14:00,230.67,230.74,230.67,230.74,0.03,6.18,1462.56,1
2023-12-10,2023-12-10 13:15:00,230.74,230.81,230.74,230.81,0.03,6.18,1462.56,1
2023-12-10,2023-12-10 13:16:00,230.81,230.88,230.81,230.88,0.03,6.18,1462.56,1
2023-12-10,2023-12-10 13:17:00,230.88,230.94,230.88,230.94,0.03,6.18,1462.56,1
2023-12-10,2023-12-10 13:18:00,230.94,231.01,230.94,231.01,0.03,6.18,1462.56,1
2023-12-10,2023-12-10 13:19:00,231.01,231.08,231.01,231.08,0.03,6.18,1462.56,1
2023-12-10,2023-12-10 13:20:00,231.08,231.15,231.08,231.15,0.03,6.18,1462.56,1
2023-12-10,2023-12-10 13:21:00,231.15,231.22,231.15,231.22,0.03,6.18,1462.56,1
2023-12-10,2023-12-10 13:22:00,231.22,231.29,231.22,231.29,0.03,6.18,1462.56,1
2023-12-10,2023-12-10 13:23:00,231.29,231.36,231.29,231.36,0.03,6.18,1462.56,1
2023-12-10,2023-12-10 13:24:00,231.36,231.43,231.36,231.43,0.03,6.18,1462.56,1
2023-12-10,2023-12-10 13:25:00,231.43,231.5,231.43,231.5,0.03,6.18,1462.56,1
2023-12-10,2023-12-10 13:26:00,231.5,231.57,231.5,231.57,0.03,6.18,1462.56,1
2023-12-10,2023-12-10 13:27:00,231.57,231.64,231.57,231.64,0.03,6.18,1462.56,1
2023-12-10,2023-12-10 13:28:00,231.64,231.71,231.64,231.71,0.03,6.18,1462.56,1
2023-12-10,2023-12-10 13:29:00,231.71,231.78,231.71,231.78,0.03,6.18,1462.56,1
2023-12-10,2023-12-10 13:30:00,231.78,231.84,231.78,231.84,0.03,6.18,1462.56,1
2023-12-10,2023-12-10 13:31:00,231.84,231.91,231.84,231.91,0.03,6.18,1462.56,1
2023-12-10,2023-12-10 13:32:00,231.91,231.98,231.91,231.98,0.03,6.18,1462.56,1
2023-12-10,2023-12-10 13:33:00,231.98,232.05,231.98,232.05,0.03,6.18,1462.56,1
2023-12-10,2023-12-10 13:34:00,232.05,232.12,232.05,232.12,0.03,6.18,1462.56,1
2023-12-10,2023-12-10 13:35:00,232.12,232.19,232.12,232.19,0.03,6.18,1462.56,1
2023-12-10,2023-12-10 13:36:00,232.19,232.26,232.19,232.26,0.03,6.18,1462.56,1
2023-12-10,2023-12-10 13:37:00,232.26,232.33,232.26,232.33,0.03,6.18,1462.56,1
2023-12-10,2023-12-10 13:38:00,232.33,232.4,232.33,232.4,0.03,6.18,1462.56,1
2023-12-10,2023-12-10 13:39:00,232.4,232.47,232.4,232.47,0.03,6.18,1462.56,1
2023-12-10,2023-12-10 13:40:00,232.47,232.54,232.47,232.54,0.03,6.18,1462.56,1
2023-12-10,2023-12-10 13:41:00,232.54,232.6,232.54,232.6,0.03,6.18,1462.56,1
2023-12-10,2023-12-10 13:42:00,232.6,232.67,232.6,232.67,0.03,6.18,1462.56,1
2023-12-10,2023-12-10 13:43:00,232.67,232.74,232.67,232.74,0.03,6.18,1462.56,1
2023-12-10,2023-12-10 13:44:00,232.74,232.81,232.74,232.81,0.03,6.18,1462.56,1
2023-12-10,2023-12-10 13:45:00,232.81,232.88,232.81,232.88,0.03,6.18,1462.56,1
2023-12-10,2023-12-10 13:46:00,232.88,232.95,232.88,232.95,0.03,6.18,1462.56,1
2023-12-10,2023-12-10 13:47:00,232.95,233.02,232.95,233.02,0.03,6.18,1462.56,1
2023-12-10,2023-12-10 13:48:00,233.02,233.09,233.02,233.09,0.03,6.18,1462.56,1
2023-12-10,2023-12-10 13:49:00,233.09,233.16,233.09,233.16,0.03,6.18,1462.56,1
2023-12-10,2023-12-10 13:50:00,233.16,233.23,233.16,233.23,0.03,6.18,1462.56,1
2023-12-10,2023-12-10 13:51:00,233.23,233.3,233.23,233.3,0.03,6.18,1462.56,1
2023-12-10,2023-12-10 13:52:00,233.3,233.37,233.3,233.37,0.03,6.18,1462.56,1
2023-12-10,2023-12-10 13:53:00,233.37,233.44,233.37,233.44,0.03,6.18,1462.56,1
2023-12-10,2023-12-10 13:54:00,233.44,233.5,233.44,233.5,0.03,6.18,1462.56,1
2023-12-10,2023-12-10 13:55:00,233.5,233.57,233.5,233.57,0.03,6.18,1462.56,1
2023-12-10,2023-12-10 13:56:00,233.57,233.64,233.57,233.64,0.03,6.18,1462.56,1
2023-12-10,2023-12-10 13:57:00,233.64,233.71,233.64,233.71,0.03,6.18,1462.56,1
2023-12-10,2023-12-10 13:58:00,233.71,233.78,233.71,233.78,0.03,6.18,1462.56,1
2023-12-10,2023-12-10 13:59:00,233.78,233.85,233.78,233.85,0.03,6.18,1462.56,1
2023-12-10,2023-12-10 14:00:00,233.85,233.92,233.85,233.92,0.03,6.18,1462.56,1
2023-12-10,2023-12-10 14:01:00,233.92,233.99,233.92,233.99,0.03,6.18,1462.56,1
2023-12-10,2023-12-10 14:02:00,233.99,234.06,233.99,234.06,0.03,6.18,1462.56,1
2023-12-10,2023-12-10 14:03:00,234.06,234.13,234.06,234.13,0.03,6.18,1462.56,1
2023-12-10,2023-12-10 14:04:00,234.13,234.2,234.13,234.2,0.03,6.18,1462.56,1
2023-12-10,2023-12-10 14:05:00,234.2,234.27,234.2,234.27,0.03,6.18,1462.56,1
2023-12-10,2023-12-10 14:06:00,234.27,234.33,234.27,234.33,0.03,6.18,1462.56,1
2023-12-10,2023-12-10 14:07:00,234.33,234.4,234.33,234.4,0.03,6.18,1462.56,1
2023-12-10,2023-12-10 14:08:00,234.4,234.47,234.4,234.47,0.03,6.18,1462.56,1
2023-12-10,2023-12-10 14:09:00,234.47,234.54,234.47,234.54,0.03,6.18,1462.56,1
2023-12-10,2023-12-10 14:10:00,234.54,234.61,234.54,234.61,0.03,6.18,1462.56,1
2023-12-10,2023-12-10 14:11:00,234.61,234.68,234.61,234.68,0.03,6.18,1462.56,1
2023-12-10,2023-12-10 14:12:00,234.68,234.75,234.68,234.75,0.03,6.18,1462.56,1
2023-12-10,2023-12-10 14:13:00,234.75,234.82,234.75,234.82,0.03,6.18,1462.56,1
2023-12-10,2023-12-10 14:14:00,234.82,234.89,234.82,234.89,0.03,6.18,1462.56,1
2023-12-10,2023-12-10 14:15:00,234.89,234.96,234.89,234.96,0.03,6.18,1462.56,1
2023-12-10,2023-12-10 14:16:00,234.96,235.03,234.96,235.03,0.03,6.18,1462.56,1
2023-12-10,2023-12-10 14:17:00,235.03,235.09,235.03,235.09,0.03,6.18,1462.56,1
2023-12-10,2023-12-10 14:18:00,235.09,235.16,235.09,235.16,0.03,6.18,1462.56,1
2023-12-10,2023-12-10 14:19:00,235.16,235.23,235.16,235.23,0.03,6.18,1462.56,1
2023-12-10,2023-12-10 14:20:00,235.23,235.3,235.23,235.3,0.03,6.18,1462.56,1
2023-12-10,2023-12-10 14:21:00,235.3,235.37,235.3,235.37,0.03,6.18,1462.56,1
2023-12-10,2023-12-10 14:22:00,235.37,235.44,235.37,235.44,0.03,6.18,1462.56,1
2023-12-10,2023-12-10 14:23:00,235.44,235.51,235.44,235.51,0.03,6.18,1462.56,1
2023-12-10,2023-12-10 14:24:00,235.51,235.58,235.51,235.58,0.03,6.18,1462.56,1
2023-12-10,2023-12-10 14:25:00,235.58,235.65,235.58,235.65,0.03,6.18,1462.56,1
2023-12-10,2023-12-10 14:26:00,235.65,235.72,235.65,235.72,0.03,6.18,1462.56,1
2023-12-10,2023-12-10 14:27:00,235.72,235.79,235.72,235.79,0.03,6.18,1462.56,1
2023-12-10,2023-12-10 14:28:00,235.79,235.86,235.79,235.86,0.03,6.18,1462.56,1
2023-12-10,2023-12-10 14:29:00,235.86,235.93,235.86,235.93,0.03,6.18,1462.56,1
2023-12-10,2023-12-10 14:30:00,235.93,235.99,235.93,235.99,0.03,6.18,1462.56,1
2023-12-10,2023-12-10 14:31:00,235.99,236.06,235.99,236.06,0.03,6.18,1462.56,1
2023-12-10,2023-12-10 14:32:00,236.06,236.13,236.06,236.13,0.03,6.18,1462.56,1
2023-12-10,2023-12-10 14:33:00,236.13,236.2,236.13,236.2,0.03,6.18,1462.56,1
2023-12-10,2023-12-10 14:34:00,236.2,236.27,236.2,236.27,0.03,6.18,1462.56,1
2023-12-10,2023-12-10 14:35:00,236.27,236.34,236.27,236.34,0.03,6.18,1462.56,1
2023-12-10,2023-12-10 14:36:00,236.34,236.41,236.34,236.41,0.03,6.18,1462.56,1
2023-12-10,2023-12-10 14:37:00,236.41,236.48,236.41,236.48,0.03,6.18,1462.56,1
2023-12-10,2023-12-10 14:38:00,236.48,236.55,236.48,236.55,0.03,6.18,1462.56,1
2023-12-10,2023-12-10 14:39:00,236.55,236.62,236.55,236.62,0.03,6.18,1462.56,1
2023-12-10,2023-12-10 14:40:00,236.62,236.69,236.62,236.69,0.03,6.18,1462.56,1
2023-12-10,2023-12-10 14:41:00,236.69,236.75,236.69,236.75,0.03,6.18,1462.56,1
2023-12-10,2023-12-10 14:42:00,236.75,236.82,236.75,236.82,0.03,6.18,1462.56,1
2023-12-10,2023-12-10 14:43:00,236.82,236.89,236.82,236.89,0.03,6.18,1462.56,1
2023-12-10,2023-12-10 14:44:00,236.89,236.96,236.89,236.96,0.03,6.18,1462.56,1
2023-12-10,2023-12-10 14:45:00,236.96,237.03,236.96,237.03,0.03,6.18,1462.56,1
2023-12-10,2023-12-10 14:46:00,237.03,237.1,237.03,237.1,0.03,6.18,1462.56,1
2023-12-10,2023-12-10 14:47:00,237.1,237.17,237.1,237.17,0.03,6.18,1462.56,1
2023-12-10,2023-12-10 14:48:00,237.17,237.24,237.17,237.24,0.03,6.18,1462.56,1
2023-12-10,2023-12-10 14:49:00,237.24,237.31,237.24,237.31,0.03,6.18,1462.56,1
2023-12-10,2023-12-10 14:50:00,237.31,237.38,237.31,237.38,0.03,6.18,1462.56,1
2023-12-10,2023-12-10 14:51:00,237.38,237.45,237.38,237.45,0.03,6.18,1462.56,1
2023-12-10,2023-12-10 14:52:00,237.45,237.52,237.45,237.52,0.03,6.18,1462.56,1
2023-12-10,2023-12-10 14:53:00,237.52,237.59,237.52,237.59,0.03,6.18,1462.56,1
2023-12-10,2023-12-10 14:54:00,237.59,237.65,237.59,237.65,0.03,6.18,1462.56,1
2023-12-10,2023-12-10 14:55:00,237.65,237.72,237.65,237.72,0.03,6.18,1462.56,1
2023-12-10,2023-12-10 14:56:00,237.72,237.79,237.72,237.79,0.03,6.18,1462.56,1
2023-12-10,2023-12-10 14:57:00,237.79,237.86,237.79,237.86,0.03,6.18,1462.56,1
2023-12-10,2023-12-10 14:58:00,237.86,237.93,237.86,237.93,0.03,6.18,1462.56,1
2023-12-10,2023-12-10 14:59:00,237.93,238.0,237.93,238.0,0.03,6.18,1462.56,1
2023-12-10,2023-12-10 15:00:00,238.0,238.1,221.4,238.0,0.0,6.18,1462.56,0
2023-12-11,2023-12-11 11:00:00,242.7,242.7,236.52,242.66,-0.02,78.39,18082.78,-1
2023-12-11,2023-12-11 11:01:00,242.66,242.66,242.61,242.61,-0.02,78.39,18082.78,-1
2023-12-11,2023-12-11 11:02:00,242.61,242.61,242.57,242.57,-0.02,78.39,18082.78,-1
2023-12-11,2023-12-11 11:03:00,242.57,242.57,242.52,242.52,-0.02,78.39,18082.78,-1
2023-12-11,2023-12-11 11:04:00,242.52,242.52,242.48,242.48,-0.02,78.39,18082.78,-1
2023-12-11,2023-12-11 11:05:00,242.48,242.48,242.44,242.44,-0.02,78.39,18082.78,-1
2023-12-11,2023-12-11 11:06:00,242.44,242.44,242.39,242.39,-0.02,78.39,18082.78,-1
2023-12-11,2023-12-11 11:07:00,242.39,242.39,242.35,242.35,-0.02,78.39,18082.78,-1
2023-12-11,2023-12-11 11:08:00,242.35,242.35,242.3,242.3,-0.02,78.39,18082.78,-1
2023-12-11,2023-12-11 11:09:00,242.3,242.3,242.26,242.26,-0.02,78.39,18082.78,-1
2023-12-11,2023-12-11 11:10:00,242.26,242.26,242.21,242.21,-0.02,78.39,18082.78,-1
2023-12-11,2023-12-11 11:11:00,242.21,242.21,242.17,242.17,-0.02,78.39,18082.78,-1
2023-12-11,2023-12-11 11:12:00,242.17,242.17,242.13,242.13,-0.02,78.39,18082.78,-1
2023-12-11,2023-12-11 11:13:00,242.13,242.13,242.08,242.08,-0.02,78.39,18082.78,-1
2023-12-11,2023-12-11 11:14:00,242.08,242.08,242.04,242.04,-0.02,78.39,18082.78,-1
2023-12-11,2023-12-11 11:15:00,242.04,242.04,241.99,241.99,-0.02,78.39,18082.78,-1
2023-12-11,2023-12-11 11:16:00,241.99,241.99,241.95,241.95,-0.02,78.39,18082.78,-1
2023-12-11,2023-12-11 11:17:00,241.95,241.95,241.91,241.91,-0.02,78.39,18082.78,-1
2023-12-11,2023-12-11 11:18:00,241.91,241.91,241.86,241.86,-0.02,78.39,18082.78,-1
2023-12-11,2023-12-11 11:19:00,241.86,241.86,241.82,241.82,-0.02,78.39,18082.78,-1
2023-12-11,2023-12-11 11:20:00,241.82,241.82,241.77,241.77,-0.02,78.39,18082.78,-1
2023-12-11,2023-12-11 11:21:00,241.77,241.77,241.73,241.73,-0.02,78.39,18082.78,-1
2023-12-11,2023-12-11 11:22:00,241.73,241.73,241.68,241.68,-0.02,78.39,18082.78,-1
2023-12-11,2023-12-11 11:23:00,241.68,241.68,241.64,241.64,-0.02,78.39,18082.78,-1
2023-12-11,2023-12-11 11:24:00,241.64,241.64,241.6,241.6,-0.02,78.39,18082.78,-1
2023-12-11,2023-12-11 11:25:00,241.6,241.6,241.55,241.55,-0.02,78.39,18082.78,-1
2023-12-11,2023-12-11 11:26:00,241.55,241.55,241.51,241.51,-0.02,78.39,18082.78,-1
2023-12-11,2023-12-11 11:27:00,241.51,241.51,241.46,241.46,-0.02,78.39,18082.78,-1
2023-12-11,2023-12-11 11:28:00,241.46,241.46,241.42,241.42,-0.02,78.39,18082.78,-1
2023-12-11,2023-12-11 11:29:00,241.42,241.42,241.38,241.38,-0.02,78.39,18082.78,-1
2023-12-11,2023-12-11 11:30:00,241.38,241.38,241.33,241.33,-0.02,78.39,18082.78,-1
2023-12-11,2023-12-11 11:31:00,241.33,241.33,241.29,241.29,-0.02,78.39,18082.78,-1
2023-12-11,2023-12-11 11:32:00,241.29,241.29,241.24,241.24,-0.02,78.39,18082.78,-1
2023-12-11,2023-12-11 11:33:00,241.24,241.24,241.2,241.2,-0.02,78.39,18082.78,-1
2023-12-11,2023-12-11 11:34:00,241.2,241.2,241.15,241.15,-0.02,78.39,18082.78,-1
2023-12-11,2023-12-11 11:35:00,241.15,241.15,241.11,241.11,-0.02,78.39,18082.78,-1
2023-12-11,2023-12-11 11:36:00,241.11,241.11,241.07,241.07,-0.02,78.39,18082.78,-1
2023-12-11,2023-12-11 11:37:00,241.07,241.07,241.02,241.02,-0.02,78.39,18082.78,-1
2023-12-11,2023-12-11 11:38:00,241.02,241.02,240.98,240.98,-0.02,78.39,18082.78,-1
2023-12-11,2023-12-11 11:39:00,240.98,240.98,240.93,240.93,-0.02,78.39,18082.78,-1
2023-12-11,2023-12-11 11:40:00,240.93,240.93,240.89,240.89,-0.02,78.39,18082.78,-1
2023-12-11,2023-12-11 11:41:00,240.89,240.89,240.84,240.84,-0.02,78.39,18082.78,-1
2023-12-11,2023-12-11 11:42:00,240.84,240.84,240.8,240.8,-0.02,78.39,18082.78,-1
2023-12-11,2023-12-11 11:43:00,240.8,240.8,240.76,240.76,-0.02,78.39,18082.78,-1
2023-12-11,2023-12-11 11:44:00,240.76,240.76,240.71,240.71,-0.02,78.39,18082.78,-1
2023-12-11,2023-12-11 11:45:00,240.71,240.71,240.67,240.67,-0.02,78.39,18082.78,-1
2023-12-11,2023-12-11 11:46:00,240.67,240.67,240.62,240.62,-0.02,78.39,18082.78,-1
2023-12-11,2023-12-11 11:47:00,240.62,240.62,240.58,240.58,-0.02,78.39,18082.78,-1
2023-12-11,2023-12-11 11:48:00,240.58,240.58,240.54,240.54,-0.02,78.39,18082.78,-1
2023-12-11,2023-12-11 11:49:00,240.54,240.54,240.49,240.49,-0.02,78.39,18082.78,-1
2023-12-11,2023-12-11 11:50:00,240.49,240.49,240.45,240.45,-0.02,78.39,18082.78,-1
2023-12-11,2023-12-11 11:51:00,240.45,240.45,240.4,240.4,-0.02,78.39,18082.78,-1
2023-12-11,2023-12-11 11:52:00,240.4,240.4,240.36,240.36,-0.02,78.39,18082.78,-1
2023-12-11,2023-12-11 11:53:00,240.36,240.36,240.31,240.31,-0.02,78.39,18082.78,-1
2023-12-11,2023-12-11 11:54:00,240.31,240.31,240.27,240.27,-0.02,78.39,18082.78,-1
2023-12-11,2023-12-11 11:55:00,240.27,240.27,240.23,240.23,-0.02,78.39,18082.78,-1
2023-12-11,2023-12-11 11:56:00,240.23,240.23,240.18,240.18,-0.02,78.39,18082.78,-1
2023-12-11,2023-12-11 11:57:00,240.18,240.18,240.14,240.14,-0.02,78.39,18082.78,-1
2023-12-11,2023-12-11 11:58:00,240.14,240.14,240.09,240.09,-0.02,78.39,18082.78,-1
2023-12-11,2023-12-11 11:59:00,240.09,240.09,240.05,240.05,-0.02,78.39,18082.78,-1
2023-12-11,2023-12-11 12:00:00,240.05,240.05,240.01,240.01,-0.02,78.39,18082.78,-1
2023-12-11,2023-12-11 12:01:00,240.01,240.01,239.96,239.96,-0.02,78.39,18082.78,-1
2023-12-11,2023-12-11 12:02:00,239.96,239.96,239.92,239.92,-0.02,78.39,18082.78,-1
2023-12-11,2023-12-11 12:03:00,239.92,239.92,239.87,239.87,-0.02,78.39,18082.78,-1
2023-12-11,2023-12-11 12:04:00,239.87,239.87,239.83,239.83,-0.02,78.39,18082.78,-1
2023-12-11,2023-12-11 12:05:00,239.83,239.83,239.78,239.78,-0.02,78.39,18082.78,-1
2023-12-11,2023-12-11 12:06:00,239.78,239.78,239.74,239.74,-0.02,78.39,18082.78,-1
2023-12-11,2023-12-11 12:07:00,239.74,239.74,239.7,239.7,-0.02,78.39,18082.78,-1
2023-12-11,2023-12-11 12:08:00,239.7,239.7,239.65,239.65,-0.02,78.39,18082.78,-1
2023-12-11,2023-12-11 12:09:00,239.65,239.65,239.61,239.61,-0.02,78.39,18082.78,-1
2023-12-11,2023-12-11 12:10:00,239.61,239.61,239.56,239.56,-0.02,78.39,18082.78,-1
2023-12-11,2023-12-11 12:11:00,239.56,239.56,239.52,239.52,-0.02,78.39,18082.78,-1
2023-12-11,2023-12-11 12:12:00,239.52,239.52,239.48,239.48,-0.02,78.39,18082.78,-1
2023-12-11,2023-12-11 12:13:00,239.48,239.48,239.43,239.43,-0.02,78.39,18082.78,-1
2023-12-11,2023-12-11 12:14:00,239.43,239.43,239.39,239.39,-0.02,78.39,18082.78,-1
2023-12-11,2023-12-11 12:15:00,239.39,239.39,239.34,239.34,-0.02,78.39,18082.78,-1
2023-12-11,2023-12-11 12:16:00,239.34,239.34,239.3,239.3,-0.02,78.39,18082.78,-1
2023-12-11,2023-12-11 12:17:00,239.3,239.3,239.25,239.25,-0.02,78.39,18082.78,-1
2023-12-11,2023-12-11 12:18:00,239.25,239.25,239.21,239.21,-0.02,78.39,18082.78,-1
2023-12-11,2023-12-11 12:19:00,239.21,239.21,239.17,239.17,-0.02,78.39,18082.78,-1
2023-12-11,2023-12-11 12:20:00,239.17,239.17,239.12,239.12,-0.02,78.39,18082.78,-1
2023-12-11,2023-12-11 12:21:00,239.12,239.12,239.08,239.08,-0.02,78.39,18082.78,-1
2023-12-11,2023-12-11 12:22:00,239.08,239.08,239.03,239.03,-0.02,78.39,18082.78,-1
2023-12-11,2023-12-11 12:23:00,239.03,239.03,238.99,238.99,-0.02,78.39,18082.78,-1
2023-12-11,2023-12-11 12:24:00,238.99,238.99,238.95,238.95,-0.02,78.39,18082.78,-1
2023-12-11,2023-12-11 12:25:00,238.95,238.95,238.9,238.9,-0.02,78.39,18082.78,-1
2023-12-11,2023-12-11 12:26:00,238.9,238.9,238.86,238.86,-0.02,78.39,18082.78,-1
2023-12-11,2023-12-11 12:27:00,238.86,238.86,238.81,238.81,-0.02,78.39,18082.78,-1
2023-12-11,2023-12-11 12:28:00,238.81,238.81,238.77,238.77,-0.02,78.39,18082.78,-1
2023-12-11,2023-12-11 12:29:00,238.77,238.77,238.72,238.72,-0.02,78.39,18082.78,-1
2023-12-11,2023-12-11 12:30:00,238.72,238.72,238.68,238.68,-0.02,78.39,18082.78,-1
2023-12-11,2023-12-11 12:31:00,238.68,238.68,238.64,238.64,-0.02,78.39,18082.78,-1
2023-12-11,2023-12-11 12:32:00,238.64,238.64,238.59,238.59,-0.02,78.39,18082.78,-1
2023-12-11,2023-12-11 12:33:00,238.59,238.59,238.55,238.55,-0.02,78.39,18082.78,-1
2023-12-11,2023-12-11 12:34:00,238.55,238.55,238.5,238.5,-0.02,78.39,18082.78,-1
2023-12-11,2023-12-11 12:35:00,238.5,238.5,238.46,238.46,-0.02,78.39,18082.78,-1
2023-12-11,2023-12-11 12:36:00,238.46,238.46,238.42,238.42,-0.02,78.39,18082.78,-1
2023-12-11,2023-12-11 12:37:00,238.42,238.42,238.37,238.37,-0.02,78.39,18082.78,-1
2023-12-11,2023-12-11 12:38:00,238.37,238.37,238.33,238.33,-0.02,78.39,18082.78,-1
2023-12-11,2023-12-11 12:39:00,238.33,238.33,238.28,238.28,-0.02,78.39,18082.78,-1
2023-12-11,2023-12-11 12:40:00,238.28,238.28,238.24,238.24,-0.02,78.39,18082.78,-1
2023-12-11,2023-12-11 12:41:00,238.24,238.24,238.19,238.19,-0.02,78.39,18082.78,-1
2023-12-11,2023-12-11 12:42:00,238.19,238.19,238.15,238.15,-0.02,78.39,18082.78,-1
2023-12-11,2023-12-11 12:43:00,238.15,238.15,238.11,238.11,-0.02,78.39,18082.78,-1
2023-12-11,2023-12-11 12:44:00,238.11,238.11,238.06,238.06,-0.02,78.39,18082.78,-1
2023-12-11,2023-12-11 12:45:00,238.06,238.06,238.02,238.02,-0.02,78.39,18082.78,-1
2023-12-11,2023-12-11 12:46:00,238.02,238.02,237.97,237.97,-0.02,78.39,18082.78,-1
2023-12-11,2023-12-11 12:47:00,237.97,237.97,237.93,237.93,-0.02,78.39,18082.78,-1
2023-12-11,2023-12-11 12:48:00,237.93,237.93,237.89,237.89,-0.02,78.39,18082.78,-1
2023-12-11,2023-12-11 12:49:00,237.89,237.89,237.84,237.84,-0.02,78.39,18082.78,-1
2023-12-11,2023-12-11 12:50:00,237.84,237.84,237.8,237.8,-0.02,78.39,18082.78,-1
2023-12-11,2023-12-11 12:51:00,237.8,237.8,237.75,237.75,-0.02,78.39,18082.78,-1
2023-12-11,2023-12-11 12:52:00,237.75,237.75,237.71,237.71,-0.02,78.39,18082.78,-1
2023-12-11,2023-12-11 12:53:00,237.71,237.71,237.66,237.66,-0.02,78.39,18082.78,-1
2023-12-11,2023-12-11 12:54:00,237.66,237.66,237.62,237.62,-0.02,78.39,18082.78,-1
2023-12-11,2023-12-11 12:55:00,237.62,237.62,237.58,237.58,-0.02,78.39,18082.78,-1
2023-12-11,2023-12-11 12:56:00,237.58,237.58,237.53,237.53,-0.02,78.39,18082.78,-1
2023-12-11,2023-12-11 12:57:00,237.53,237.53,237.49,237.49,-0.02,78.39,18082.78,-1
2023-12-11,2023-12-11 12:58:00,237.49,237.49,237.44,237.44,-0.02,78.39,18082.78,-1
2023-12-11,2023-12-11 12:59:00,237.44,237.44,237.4,237.4,-0.02,78.39,18082.78,-1
2023-12-11,2023-12-11 13:00:00,237.4,242.7,222.1,237.36,-0.02,78.39,18082.78,-1
2023-12-11,2023-12-11 13:01:00,237.36,237.36,237.31,237.31,-0.02,78.39,18082.78,-1
2023-12-11,2023-12-11 13:02:00,237.31,237.31,237.27,237.27,-0.02,78.39,18082.78,-1
2023-12-11,2023-12-11 13:03:00,237.27,237.27,237.22,237.22,-0.02,78.39,18082.78,-1
2023-12-11,2023-12-11 13:04:00,237.22,237.22,237.18,237.18,-0.02,78.39,18082.78,-1
2023-12-11,2023-12-11 13:05:00,237.18,237.18,237.13,237.13,-0.02,78.39,18082.78,-1
2023-12-11,2023-12-11 13:06:00,237.13,237.13,237.09,237.09,-0.02,78.39,18082.78,-1
2023-12-11,2023-12-11 13:07:00,237.09,237.09,237.05,237.05,-0.02,78.39,18082.78,-1
2023-12-11,2023-12-11 13:08:00,237.05,237.05,237.0,237.0,-0.02,78.39,18082.78,-1
2023-12-11,2023-12-11 13:09:00,237.0,237.0,236.96,236.96,-0.02,78.39,18082.78,-1
2023-12-11,2023-12-11 13:10:00,236.96,236.96,236.91,236.91,-0.02,78.39,18082.78,-1
2023-12-11,2023-12-11 13:11:00,236.91,236.91,236.87,236.87,-0.02,78.39,18082.78,-1
2023-12-11,2023-12-11 13:12:00,236.87,236.87,236.83,236.83,-0.02,78.39,18082.78,-1
2023-12-11,2023-12-11 13:13:00,236.83,236.83,236.78,236.78,-0.02,78.39,18082.78,-1
2023-12-11,2023-12-11 13:14:00,236.78,236.78,236.74,236.74,-0.02,78.39,18082.78,-1
2023-12-11,2023-12-11 13:15:00,236.74,236.74,236.69,236.69,-0.02,78.39,18082.78,-1
2023-12-11,2023-12-11 13:16:00,236.69,236.69,236.65,236.65,-0.02,78.39,18082.78,-1
2023-12-11,2023-12-11 13:17:00,236.65,236.65,236.6,236.6,-0.02,78.39,18082.78,-1
2023-12-11,2023-12-11 13:18:00,236.6,236.6,236.56,236.56,-0.02,78.39,18082.78,-1
2023-12-11,2023-12-11 13:19:00,236.56,236.56,236.52,236.52,-0.02,78.39,18082.78,-1
2023-12-11,2023-12-11 13:20:00,236.52,236.52,236.47,236.47,-0.02,78.39,18082.78,-1
2023-12-11,2023-12-11 13:21:00,236.47,236.47,236.43,236.43,-0.02,78.39,18082.78,-1
2023-12-11,2023-12-11 13:22:00,236.43,236.43,236.38,236.38,-0.02,78.39,18082.78,-1
2023-12-11,2023-12-11 13:23:00,236.38,236.38,236.34,236.34,-0.02,78.39,18082.78,-1
2023-12-11,2023-12-11 13:24:00,236.34,236.34,236.3,236.3,-0.02,78.39,18082.78,-1
2023-12-11,2023-12-11 13:25:00,236.3,236.3,236.25,236.25,-0.02,78.39,18082.78,-1
2023-12-11,2023-12-11 13:26:00,236.25,236.25,236.21,236.21,-0.02,78.39,18082.78,-1
2023-12-11,2023-12-11 13:27:00,236.21,236.21,236.16,236.16,-0.02,78.39,18082.78,-1
2023-12-11,2023-12-11 13:28:00,236.16,236.16,236.12,236.12,-0.02,78.39,18082.78,-1
2023-12-11,2023-12-11 13:29:00,236.12,236.12,236.07,236.07,-0.02,78.39,18082.78,-1
2023-12-11,2023-12-11 13:30:00,236.07,236.07,236.03,236.03,-0.02,78.39,18082.78,-1
2023-12-11,2023-12-11 13:31:00,236.03,236.03,235.99,235.99,-0.02,78.39,18082.78,-1
2023-12-11,2023-12-11 13:32:00,235.99,235.99,235.94,235.94,-0.02,78.39,18082.78,-1
2023-12-11,2023-12-11 13:33:00,235.94,235.94,235.9,235.9,-0.02,78.39,18082.78,-1
2023-12-11,2023-12-11 13:34:00,235.9,235.9,235.85,235.85,-0.02,78.39,18082.78,-1
2023-12-11,2023-12-11 13:35:00,235.85,235.85,235.81,235.81,-0.02,78.39,18082.78,-1
2023-12-11,2023-12-11 13:36:00,235.81,235.81,235.77,235.77,-0.02,78.39,18082.78,-1
2023-12-11,2023-12-11 13:37:00,235.77,235.77,235.72,235.72,-0.02,78.39,18082.78,-1
2023-12-11,2023-12-11 13:38:00,235.72,235.72,235.68,235.68,-0.02,78.39,18082.78,-1
2023-12-11,2023-12-11 13:39:00,235.68,235.68,235.63,235.63,-0.02,78.39,18082.78,-1
2023-12-11,2023-12-11 13:40:00,235.63,235.63,235.59,235.59,-0.02,78.39,18082.78,-1
2023-12-11,2023-12-11 13:41:00,235.59,235.59,235.54,235.54,-0.02,78.39,18082.78,-1
2023-12-11,2023-12-11 13:42:00,235.54,235.54,235.5,235.5,-0.02,78.39,18082.78,-1
2023-12-11,2023-12-11 13:43:00,235.5,235.5,235.46,235.46,-0.02,78.39,18082.78,-1
2023-12-11,2023-12-11 13:44:00,235.46,235.46,235.41,235.41,-0.02,78.39,18082.78,-1
2023-12-11,2023-12-11 13:45:00,235.41,235.41,235.37,235.37,-0.02,78.39,18082.78,-1
2023-12-11,2023-12-11 13:46:00,235.37,235.37,235.32,235.32,-0.02,78.39,18082.78,-1
2023-12-11,2023-12-11 13:47:00,235.32,235.32,235.28,235.28,-0.02,78.39,18082.78,-1
2023-12-11,2023-12-11 13:48:00,235.28,235.28,235.24,235.24,-0.02,78.39,18082.78,-1
2023-12-11,2023-12-11 13:49:00,235.24,235.24,235.19,235.19,-0.02,78.39,18082.78,-1
2023-12-11,2023-12-11 13:50:00,235.19,235.19,235.15,235.15,-0.02,78.39,18082.78,-1
2023-12-11,2023-12-11 13:51:00,235.15,235.15,235.1,235.1,-0.02,78.39,18082.78,-1
2023-12-11,2023-12-11 13:52:00,235.1,235.1,235.06,235.06,-0.02,78.39,18082.78,-1
2023-12-11,2023-12-11 13:53:00,235.06,235.06,235.01,235.01,-0.02,78.39,18082.78,-1
2023-12-11,2023-12-11 13:54:00,235.01,235.01,234.97,234.97,-0.02,78.39,18082.78,-1
2023-12-11,2023-12-11 13:55:00,234.97,234.97,234.93,234.93,-0.02,78.39,18082.78,-1
2023-12-11,2023-12-11 13:56:00,234.93,234.93,234.88,234.88,-0.02,78.39,18082.78,-1
2023-12-11,2023-12-11 13:57:00,234.88,234.88,234.84,234.84,-0.02,78.39,18082.78,-1
2023-12-11,2023-12-11 13:58:00,234.84,234.84,234.79,234.79,-0.02,78.39,18082.78,-1
2023-12-11,2023-12-11 13:59:00,234.79,234.79,234.75,234.75,-0.02,78.39,18082.78,-1
2023-12-11,2023-12-11 14:00:00,234.75,234.75,234.71,234.71,-0.02,78.39,18082.78,-1
2023-12-11,2023-12-11 14:01:00,234.71,234.71,234.66,234.66,-0.02,78.39,18082.78,-1
2023-12-11,2023-12-11 14:02:00,234.66,234.66,234.62,234.62,-0.02,78.39,18082.78,-1
2023-12-11,2023-12-11 14:03:00,234.62,234.62,234.57,234.57,-0.02,78.39,18082.78,-1
2023-12-11,2023-12-11 14:04:00,234.57,234.57,234.53,234.53,-0.02,78.39,18082.78,-1
2023-12-11,2023-12-11 14:05:00,234.53,234.53,234.48,234.48,-0.02,78.39,18082.78,-1
2023-12-11,2023-12-11 14:06:00,234.48,234.48,234.44,234.44,-0.02,78.39,18082.78,-1
2023-12-11,2023-12-11 14:07:00,234.44,234.44,234.4,234.4,-0.02,78.39,18082.78,-1
2023-12-11,2023-12-11 14:08:00,234.4,234.4,234.35,234.35,-0.02,78.39,18082.78,-1
2023-12-11,2023-12-11 14:09:00,234.35,234.35,234.31,234.31,-0.02,78.39,18082.78,-1
2023-12-11,2023-12-11 14:10:00,234.31,234.31,234.26,234.26,-0.02,78.39,18082.78,-1
2023-12-11,2023-12-11 14:11:00,234.26,234.26,234.22,234.22,-0.02,78.39,18082.78,-1
2023-12-11,2023-12-11 14:12:00,234.22,234.22,234.18,234.18,-0.02,78.39,18082.78,-1
2023-12-11,2023-12-11 14:13:00,234.18,234.18,234.13,234.13,-0.02,78.39,18082.78,-1
2023-12-11,2023-12-11 14:14:00,234.13,234.13,234.09,234.09,-0.02,78.39,18082.78,-1
2023-12-11,2023-12-11 14:15:00,234.09,234.09,234.04,234.04,-0.02,78.39,18082.78,-1
2023-12-11,2023-12-11 14:16:00,234.04,234.04,234.0,234.0,-0.02,78.39,18082.78,-1
2023-12-11,2023-12-11 14:17:00,234.0,234.0,233.95,233.95,-0.02,78.39,18082.78,-1
2023-12-11,2023-12-11 14:18:00,233.95,233.95,233.91,233.91,-0.02,78.39,18082.78,-1
2023-12-11,2023-12-11 14:19:00,233.91,233.91,233.87,233.87,-0.02,78.39,18082.78,-1
2023-12-11,2023-12-11 14:20:00,233.87,233.87,233.82,233.82,-0.02,78.39,18082.78,-1
2023-12-11,2023-12-11 14:21:00,233.82,233.82,233.78,233.78,-0.02,78.39,18082.78,-1
2023-12-11,2023-12-11 14:22:00,233.78,233.78,233.73,233.73,-0.02,78.39,18082.78,-1
2023-12-11,2023-12-11 14:23:00,233.73,233.73,233.69,233.69,-0.02,78.39,18082.78,-1
2023-12-11,2023-12-11 14:24:00,233.69,233.69,233.65,233.65,-0.02,78.39,18082.78,-1
2023-12-11,2023-12-11 14:25:00,233.65,233.65,233.6,233.6,-0.02,78.39,18082.78,-1
2023-12-11,2023-12-11 14:26:00,233.6,233.6,233.56,233.56,-0.02,78.39,18082.78,-1
2023-12-11,2023-12-11 14:27:00,233.56,233.56,233.51,233.51,-0.02,78.39,18082.78,-1
2023-12-11,2023-12-11 14:28:00,233.51,233.51,233.47,233.47,-0.02,78.39,18082.78,-1
2023-12-11,2023-12-11 14:29:00,233.47,233.47,233.42,233.42,-0.02,78.39,18082.78,-1
2023-12-11,2023-12-11 14:30:00,233.42,233.42,233.38,233.38,-0.02,78.39,18082.78,-1
2023-12-11,2023-12-11 14:31:00,233.38,233.38,233.34,233.34,-0.02,78.39,18082.78,-1
2023-12-11,2023-12-11 14:32:00,233.34,233.34,233.29,233.29,-0.02,78.39,18082.78,-1
2023-12-11,2023-12-11 14:33:00,233.29,233.29,233.25,233.25,-0.02,78.39,18082.78,-1
2023-12-11,2023-12-11 14:34:00,233.25,233.25,233.2,233.2,-0.02,78.39,18082.78,-1
2023-12-11,2023-12-11 14:35:00,233.2,233.2,233.16,233.16,-0.02,78.39,18082.78,-1
2023-12-11,2023-12-11 14:36:00,233.16,233.16,233.12,233.12,-0.02,78.39,18082.78,-1
2023-12-11,2023-12-11 14:37:00,233.12,233.12,233.07,233.07,-0.02,78.39,18082.78,-1
2023-12-11,2023-12-11 14:38:00,233.07,233.07,233.03,233.03,-0.02,78.39,18082.78,-1
2023-12-11,2023-12-11 14:39:00,233.03,233.03,232.98,232.98,-0.02,78.39,18082.78,-1
2023-12-11,2023-12-11 14:40:00,232.98,232.98,232.94,232.94,-0.02,78.39,18082.78,-1
2023-12-11,2023-12-11 14:41:00,232.94,232.94,232.89,232.89,-0.02,78.39,18082.78,-1
2023-12-11,2023-12-11 14:42:00,232.89,232.89,232.85,232.85,-0.02,78.39,18082.78,-1
2023-12-11,2023-12-11 14:43:00,232.85,232.85,232.81,232.81,-0.02,78.39,18082.78,-1
2023-12-11,2023-12-11 14:44:00,232.81,232.81,232.76,232.76,-0.02,78.39,18082.78,-1
2023-12-11,2023-12-11 14:45:00,232.76,232.76,232.72,232.72,-0.02,78.39,18082.78,-1
2023-12-11,2023-12-11 14:46:00,232.72,232.72,232.67,232.67,-0.02,78.39,18082.78,-1
2023-12-11,2023-12-11 14:47:00,232.67,232.67,232.63,232.63,-0.02,78.39,18082.78,-1
2023-12-11,2023-12-11 14:48:00,232.63,232.63,232.59,232.59,-0.02,78.39,18082.78,-1
2023-12-11,2023-12-11 14:49:00,232.59,232.59,232.54,232.54,-0.02,78.39,18082.78,-1
2023-12-11,2023-12-11 14:50:00,232.54,232.54,232.5,232.5,-0.02,78.39,18082.78,-1
2023-12-11,2023-12-11 14:51:00,232.5,232.5,232.45,232.45,-0.02,78.39,18082.78,-1
2023-12-11,2023-12-11 14:52:00,232.45,232.45,232.41,232.41,-0.02,78.39,18082.78,-1
2023-12-11,2023-12-11 14:53:00,232.41,232.41,232.37,232.37,-0.02,78.39,18082.78,-1
2023-12-11,2023-12-11 14:54:00,232.37,232.37,232.32,232.32,-0.02,78.39,18082.78,-1
2023-12-11,2023-12-11 14:55:00,232.32,232.32,232.28,232.28,-0.02,78.39,18082.78,-1
2023-12-11,2023-12-11 14:56:00,232.28,232.28,232.23,232.23,-0.02,78.39,18082.78,-1
2023-12-11,2023-12-11 14:57:00,232.23,232.23,232.19,232.19,-0.02,78.39,18082.78,-1
2023-12-11,2023-12-11 14:58:00,232.19,232.19,232.14,232.14,-0.02,78.39,18082.78,-1
2023-12-11,2023-12-11 14:59:00,232.14,232.14,232.1,232.1,-0.02,78.39,18082.78,-1
2023-12-11,2023-12-11 15:00:00,232.1,242.7,222.1,232.1,0.0,78.39,18082.78,0
2023-12-12,2023-12-12 11:00:00,228.1,234.07,227.17,228.15,0.02,102.27,24715.74,1
2023-12-12,2023-12-12 11:01:00,228.15,228.2,228.15,228.2,0.02,102.27,24715.74,1
2023-12-12,2023-12-12 11:02:00,228.2,228.25,228.2,228.25,0.02,102.27,24715.74,1
2023-12-12,2023-12-12 11:03:00,228.25,228.3,228.25,228.3,0.02,102.27,24715.74,1
2023-12-12,2023-12-12 11:04:00,228.3,228.35,228.3,228.35,0.02,102.27,24715.74,1
2023-12-12,2023-12-12 11:05:00,228.35,228.4,228.35,228.4,0.02,102.27,24715.74,1
2023-12-12,2023-12-12 11:06:00,228.4,228.45,228.4,228.45,0.02,102.27,24715.74,1
2023-12-12,2023-12-12 11:07:00,228.45,228.5,228.45,228.5,0.02,102.27,24715.74,1
2023-12-12,2023-12-12 11:08:00,228.5,228.55,228.5,228.55,0.02,102.27,24715.74,1
2023-12-12,2023-12-12 11:09:00,228.55,228.6,228.55,228.6,0.02,102.27,24715.74,1
2023-12-12,2023-12-12 11:10:00,228.6,228.65,228.6,228.65,0.02,102.27,24715.74,1
2023-12-12,2023-12-12 11:11:00,228.65,228.69,228.65,228.69,0.02,102.27,24715.74,1
2023-12-12,2023-12-12 11:12:00,228.69,228.74,228.69,228.74,0.02,102.27,24715.74,1
2023-12-12,2023-12-12 11:13:00,228.74,228.79,228.74,228.79,0.02,102.27,24715.74,1
2023-12-12,2023-12-12 11:14:00,228.79,228.84,228.79,228.84,0.02,102.27,24715.74,1
2023-12-12,2023-12-12 11:15:00,228.84,228.89,228.84,228.89,0.02,102.27,24715.74,1
2023-12-12,2023-12-12 11:16:00,228.89,228.94,228.89,228.94,0.02,102.27,24715.74,1
2023-12-12,2023-12-12 11:17:00,228.94,228.99,228.94,228.99,0.02,102.27,24715.74,1
2023-12-12,2023-12-12 11:18:00,228.99,229.04,228.99,229.04,0.02,102.27,24715.74,1
2023-12-12,2023-12-12 11:19:00,229.04,229.09,229.04,229.09,0.02,102.27,24715.74,1
2023-12-12,2023-12-12 11:20:00,229.09,229.14,229.09,229.14,0.02,102.27,24715.74,1
2023-12-12,2023-12-12 11:21:00,229.14,229.19,229.14,229.19,0.02,102.27,24715.74,1
2023-12-12,2023-12-12 11:22:00,229.19,229.24,229.19,229.24,0.02,102.27,24715.74,1
2023-12-12,2023-12-12 11:23:00,229.24,229.29,229.24,229.29,0.02,102.27,24715.74,1
2023-12-12,2023-12-12 11:24:00,229.29,229.34,229.29,229.34,0.02,102.27,24715.74,1
2023-12-12,2023-12-12 11:25:00,229.34,229.39,229.34,229.39,0.02,102.27,24715.74,1
2023-12-12,2023-12-12 11:26:00,229.39,229.44,229.39,229.44,0.02,102.27,24715.74,1
2023-12-12,2023-12-12 11:27:00,229.44,229.49,229.44,229.49,0.02,102.27,24715.74,1
2023-12-12,2023-12-12 11:28:00,229.49,229.54,229.49,229.54,0.02,102.27,24715.74,1
2023-12-12,2023-12-12 11:29:00,229.54,229.59,229.54,229.59,0.02,102.27,24715.74,1
2023-12-12,2023-12-12 11:30:00,229.59,229.64,229.59,229.64,0.02,102.27,24715.74,1
2023-12-12,2023-12-12 11:31:00,229.64,229.69,229.64,229.69,0.02,102.27,24715.74,1
2023-12-12,2023-12-12 11:32:00,229.69,229.74,229.69,229.74,0.02,102.27,24715.74,1
2023-12-12,2023-12-12 11:33:00,229.74,229.79,229.74,229.79,0.02,102.27,24715.74,1
2023-12-12,2023-12-12 11:34:00,229.79,229.84,229.79,229.84,0.02,102.27,24715.74,1
2023-12-12,2023-12-12 11:35:00,229.84,229.88,229.84,229.88,0.02,102.27,24715.74,1
2023-12-12,2023-12-12 11:36:00,229.88,229.93,229.88,229.93,0.02,102.27,24715.74,1
2023-12-12,2023-12-12 11:37:00,229.93,229.98,229.93,229.98,0.02,102.27,24715.74,1
2023-12-12,2023-12-12 11:38:00,229.98,230.03,229.98,230.03,0.02,102.27,24715.74,1
2023-12-12,2023-12-12 11:39:00,230.03,230.08,230.03,230.08,0.02,102.27,24715.74,1
2023-12-12,2023-12-12 11:40:00,230.08,230.13,230.08,230.13,0.02,102.27,24715.74,1
2023-12-12,2023-12-12 11:41:00,230.13,230.18,230.13,230.18,0.02,102.27,24715.74,1
2023-12-12,2023-12-12 11:42:00,230.18,230.23,230.18,230.23,0.02,102.27,24715.74,1
2023-12-12,2023-12-12 11:43:00,230.23,230.28,230.23,230.28,0.02,102.27,24715.74,1
2023-12-12,2023-12-12 11:44:00,230.28,230.33,230.28,230.33,0.02,102.27,24715.74,1
2023-12-12,2023-12-12 11:45:00,230.33,230.38,230.33,230.38,0.02,102.27,24715.74,1
2023-12-12,2023-12-12 11:46:00,230.38,230.43,230.38,230.43,0.02,102.27,24715.74,1
2023-12-12,2023-12-12 11:47:00,230.43,230.48,230.43,230.48,0.02,102.27,24715.74,1
2023-12-12,2023-12-12 11:48:00,230.48,230.53,230.48,230.53,0.02,102.27,24715.74,1
2023-12-12,2023-12-12 11:49:00,230.53,230.58,230.53,230.58,0.02,102.27,24715.74,1
2023-12-12,2023-12-12 11:50:00,230.58,230.63,230.58,230.63,0.02,102.27,24715.74,1
2023-12-12,2023-12-12 11:51:00,230.63,230.68,230.63,230.68,0.02,102.27,24715.74,1
2023-12-12,2023-12-12 11:52:00,230.68,230.73,230.68,230.73,0.02,102.27,24715.74,1
2023-12-12,2023-12-12 11:53:00,230.73,230.78,230.73,230.78,0.02,102.27,24715.74,1
2023-12-12,2023-12-12 11:54:00,230.78,230.83,230.78,230.83,0.02,102.27,24715.74,1
2023-12-12,2023-12-12 11:55:00,230.83,230.88,230.83,230.88,0.02,102.27,24715.74,1
2023-12-12,2023-12-12 11:56:00,230.88,230.93,230.88,230.93,0.02,102.27,24715.74,1
2023-12-12,2023-12-12 11:57:00,230.93,230.98,230.93,230.98,0.02,102.27,24715.74,1
2023-12-12,2023-12-12 11:58:00,230.98,231.03,230.98,231.03,0.02,102.27,24715.74,1
2023-12-12,2023-12-12 11:59:00,231.03,231.07,231.03,231.07,0.02,102.27,24715.74,1
2023-12-12,2023-12-12 12:00:00,231.07,231.12,231.07,231.12,0.02,102.27,24715.74,1
2023-12-12,2023-12-12 12:01:00,231.12,231.17,231.12,231.17,0.02,102.27,24715.74,1
2023-12-12,2023-12-12 12:02:00,231.17,231.22,231.17,231.22,0.02,102.27,24715.74,1
2023-12-12,2023-12-12 12:03:00,231.22,231.27,231.22,231.27,0.02,102.27,24715.74,1
2023-12-12,2023-12-12 12:04:00,231.27,231.32,231.27,231.32,0.02,102.27,24715.74,1
2023-12-12,2023-12-12 12:05:00,231.32,231.37,231.32,231.37,0.02,102.27,24715.74,1
2023-12-12,2023-12-12 12:06:00,231.37,231.42,231.37,231.42,0.02,102.27,24715.74,1
2023-12-12,2023-12-12 12:07:00,231.42,231.47,231.42,231.47,0.02,102.27,24715.74,1
2023-12-12,2023-12-12 12:08:00,231.47,231.52,231.47,231.52,0.02,102.27,24715.74,1
2023-12-12,2023-12-12 12:09:00,231.52,231.57,231.52,231.57,0.02,102.27,24715.74,1
2023-12-12,2023-12-12 12:10:00,231.57,231.62,231.57,231.62,0.02,102.27,24715.74,1
2023-12-12,2023-12-12 12:11:00,231.62,231.67,231.62,231.67,0.02,102.27,24715.74,1
2023-12-12,2023-12-12 12:12:00,231.67,231.72,231.67,231.72,0.02,102.27,24715.74,1
2023-12-12,2023-12-12 12:13:00,231.72,231.77,231.72,231.77,0.02,102.27,24715.74,1
2023-12-12,2023-12-12 12:14:00,231.77,231.82,231.77,231.82,0.02,102.27,24715.74,1
2023-12-12,2023-12-12 12:15:00,231.82,231.87,231.82,231.87,0.02,102.27,24715.74,1
2023-12-12,2023-12-12 12:16:00,231.87,231.92,231.87,231.92,0.02,102.27,24715.74,1
2023-12-12,2023-12-12 12:17:00,231.92,231.97,231.92,231.97,0.02,102.27,24715.74,1
2023-12-12,2023-12-12 12:18:00,231.97,232.02,231.97,232.02,0.02,102.27,24715.74,1
2023-12-12,2023-12-12 12:19:00,232.02,232.07,232.02,232.07,0.02,102.27,24715.74,1
2023-12-12,2023-12-12 12:20:00,232.07,232.12,232.07,232.12,0.02,102.27,24715.74,1
2023-12-12,2023-12-12 12:21:00,232.12,232.17,232.12,232.17,0.02,102.27,24715.74,1
2023-12-12,2023-12-12 12:22:00,232.17,232.22,232.17,232.22,0.02,102.27,24715.74,1
2023-12-12,2023-12-12 12:23:00,232.22,232.26,232.22,232.26,0.02,102.27,24715.74,1
2023-12-12,2023-12-12 12:24:00,232.26,232.31,232.26,232.31,0.02,102.27,24715.74,1
2023-12-12,2023-12-12 12:25:00,232.31,232.36,232.31,232.36,0.02,102.27,24715.74,1
2023-12-12,2023-12-12 12:26:00,232.36,232.41,232.36,232.41,0.02,102.27,24715.74,1
2023-12-12,2023-12-12 12:27:00,232.41,232.46,232.41,232.46,0.02,102.27,24715.74,1
2023-12-12,2023-12-12 12:28:00,232.46,232.51,232.46,232.51,0.02,102.27,24715.74,1
2023-12-12,2023-12-12 12:29:00,232.51,232.56,232.51,232.56,0.02,102.27,24715.74,1
2023-12-12,2023-12-12 12:30:00,232.56,232.61,232.56,232.61,0.02,102.27,24715.74,1
2023-12-12,2023-12-12 12:31:00,232.61,232.66,232.61,232.66,0.02,102.27,24715.74,1
2023-12-12,2023-12-12 12:32:00,232.66,232.71,232.66,232.71,0.02,102.27,24715.74,1
2023-12-12,2023-12-12 12:33:00,232.71,232.76,232.71,232.76,0.02,102.27,24715.74,1
2023-12-12,2023-12-12 12:34:00,232.76,232.81,232.76,232.81,0.02,102.27,24715.74,1
2023-12-12,2023-12-12 12:35:00,232.81,232.86,232.81,232.86,0.02,102.27,24715.74,1
2023-12-12,2023-12-12 12:36:00,232.86,232.91,232.86,232.91,0.02,102.27,24715.74,1
2023-12-12,2023-12-12 12:37:00,232.91,232.96,232.91,232.96,0.02,102.27,24715.74,1
2023-12-12,2023-12-12 12:38:00,232.96,233.01,232.96,233.01,0.02,102.27,24715.74,1
2023-12-12,2023-12-12 12:39:00,233.01,233.06,233.01,233.06,0.02,102.27,24715.74,1
2023-12-12,2023-12-12 12:40:00,233.06,233.11,233.06,233.11,0.02,102.27,24715.74,1
2023-12-12,2023-12-12 12:41:00,233.11,233.16,233.11,233.16,0.02,102.27,24715.74,1
2023-12-12,2023-12-12 12:42:00,233.16,233.21,233.16,233.21,0.02,102.27,24715.74,1
2023-12-12,2023-12-12 12:43:00,233.21,233.26,233.21,233.26,0.02,102.27,24715.74,1
2023-12-12,2023-12-12 12:44:00,233.26,233.31,233.26,233.31,0.02,102.27,24715.74,1
2023-12-12,2023-12-12 12:45:00,233.31,233.36,233.31,233.36,0.02,102.27,24715.74,1
2023-12-12,2023-12-12 12:46:00,233.36,233.41,233.36,233.41,0.02,102.27,24715.74,1
2023-12-12,2023-12-12 12:47:00,233.41,233.45,233.41,233.45,0.02,102.27,24715.74,1
2023-12-12,2023-12-12 12:48:00,233.45,233.5,233.45,233.5,0.02,102.27,24715.74,1
2023-12-12,2023-12-12 12:49:00,233.5,233.55,233.5,233.55,0.02,102.27,24715.74,1
2023-12-12,2023-12-12 12:50:00,233.55,233.6,233.55,233.6,0.02,102.27,24715.74,1
2023-12-12,2023-12-12 12:51:00,233.6,233.65,233.6,233.65,0.02,102.27,24715.74,1
2023-12-12,2023-12-12 12:52:00,233.65,233.7,233.65,233.7,0.02,102.27,24715.74,1
2023-12-12,2023-12-12 12:53:00,233.7,233.75,233.7,233.75,0.02,102.27,24715.74,1
2023-12-12,2023-12-12 12:54:00,233.75,233.8,233.75,233.8,0.02,102.27,24715.74,1
2023-12-12,2023-12-12 12:55:00,233.8,233.85,233.8,233.85,0.02,102.27,24715.74,1
2023-12-12,2023-12-12 12:56:00,233.85,233.9,233.85,233.9,0.02,102.27,24715.74,1
2023-12-12,2023-12-12 12:57:00,233.9,233.95,233.9,233.95,0.02,102.27,24715.74,1
2023-12-12,2023-12-12 12:58:00,233.95,234.0,233.95,234.0,0.02,102.27,24715.74,1
2023-12-12,2023-12-12 12:59:00,234.0,234.05,234.0,234.05,0.02,102.27,24715.74,1
2023-12-12,2023-12-12 13:00:00,234.05,248.0,225.0,234.1,0.02,102.27,24715.74,1
2023-12-12,2023-12-12 13:01:00,234.1,234.15,234.1,234.15,0.02,102.27,24715.74,1
2023-12-12,2023-12-12 13:02:00,234.15,234.2,234.15,234.2,0.02,102.27,24715.74,1
2023-12-12,2023-12-12 13:03:00,234.2,234.25,234.2,234.25,0.02,102.27,24715.74,1
2023-12-12,2023-12-12 13:04:00,234.25,234.3,234.25,234.3,0.02,102.27,24715.74,1
2023-12-12,2023-12-12 13:05:00,234.3,234.35,234.3,234.35,0.02,102.27,24715.74,1
2023-12-12,2023-12-12 13:06:00,234.35,234.4,234.35,234.4,0.02,102.27,24715.74,1
2023-12-12,2023-12-12 13:07:00,234.4,234.45,234.4,234.45,0.02,102.27,24715.74,1
2023-12-12,2023-12-12 13:08:00,234.45,234.5,234.45,234.5,0.02,102.27,24715.74,1
2023-12-12,2023-12-12 13:09:00,234.5,234.55,234.5,234.55,0.02,102.27,24715.74,1
2023-12-12,2023-12-12 13:10:00,234.55,234.6,234.55,234.6,0.02,102.27,24715.74,1
2023-12-12,2023-12-12 13:11:00,234.6,234.65,234.6,234.65,0.02,102.27,24715.74,1
2023-12-12,2023-12-12 13:12:00,234.65,234.69,234.65,234.69,0.02,102.27,24715.74,1
2023-12-12,2023-12-12 13:13:00,234.69,234.74,234.69,234.74,0.02,102.27,24715.74,1
2023-12-12,2023-12-12 13:14:00,234.74,234.79,234.74,234.79,0.02,102.27,24715.74,1
2023-12-12,2023-12-12 13:15:00,234.79,234.84,234.79,234.84,0.02,102.27,24715.74,1
2023-12-12,2023-12-12 13:16:00,234.84,234.89,234.84,234.89,0.02,102.27,24715.74,1
2023-12-12,2023-12-12 13:17:00,234.89,234.94,234.89,234.94,0.02,102.27,24715.74,1
2023-12-12,2023-12-12 13:18:00,234.94,234.99,234.94,234.99,0.02,102.27,24715.74,1
2023-12-12,2023-12-12 13:19:00,234.99,235.04,234.99,235.04,0.02,102.27,24715.74,1
2023-12-12,2023-12-12 13:20:00,235.04,235.09,235.04,235.09,0.02,102.27,24715.74,1
2023-12-12,2023-12-12 13:21:00,235.09,235.14,235.09,235.14,0.02,102.27,24715.74,1
2023-12-12,2023-12-12 13:22:00,235.14,235.19,235.14,235.19,0.02,102.27,24715.74,1
2023-12-12,2023-12-12 13:23:00,235.19,235.24,235.19,235.24,0.02,102.27,24715.74,1
2023-12-12,2023-12-12 13:24:00,235.24,235.29,235.24,235.29,0.02,102.27,24715.74,1
2023-12-12,2023-12-12 13:25:00,235.29,235.34,235.29,235.34,0.02,102.27,24715.74,1
2023-12-12,2023-12-12 13:26:00,235.34,235.39,235.34,235.39,0.02,102.27,24715.74,1
2023-12-12,2023-12-12 13:27:00,235.39,235.44,235.39,235.44,0.02,102.27,24715.74,1
2023-12-12,2023-12-12 13:28:00,235.44,235.49,235.44,235.49,0.02,102.27,24715.74,1
2023-12-12,2023-12-12 13:29:00,235.49,235.54,235.49,235.54,0.02,102.27,24715.74,1
2023-12-12,2023-12-12 13:30:00,235.54,235.59,235.54,235.59,0.02,102.27,24715.74,1
2023-12-12,2023-12-12 13:31:00,235.59,235.64,235.59,235.64,0.02,102.27,24715.74,1
2023-12-12,2023-12-12 13:32:00,235.64,235.69,235.64,235.69,0.02,102.27,24715.74,1
2023-12-12,2023-12-12 13:33:00,235.69,235.74,235.69,235.74,0.02,102.27,24715.74,1
2023-12-12,2023-12-12 13:34:00,235.74,235.79,235.74,235.79,0.02,102.27,24715.74,1
2023-12-12,2023-12-12 13:35:00,235.79,235.84,235.79,235.84,0.02,102.27,24715.74,1
2023-12-12,2023-12-12 13:36:00,235.84,235.88,235.84,235.88,0.02,102.27,24715.74,1
2023-12-12,2023-12-12 13:37:00,235.88,235.93,235.88,235.93,0.02,102.27,24715.74,1
2023-12-12,2023-12-12 13:38:00,235.93,235.98,235.93,235.98,0.02,102.27,24715.74,1
2023-12-12,2023-12-12 13:39:00,235.98,236.03,235.98,236.03,0.02,102.27,24715.74,1
2023-12-12,2023-12-12 13:40:00,236.03,236.08,236.03,236.08,0.02,102.27,24715.74,1
2023-12-12,2023-12-12 13:41:00,236.08,236.13,236.08,236.13,0.02,102.27,24715.74,1
2023-12-12,2023-12-12 13:42:00,236.13,236.18,236.13,236.18,0.02,102.27,24715.74,1
2023-12-12,2023-12-12 13:43:00,236.18,236.23,236.18,236.23,0.02,102.27,24715.74,1
2023-12-12,2023-12-12 13:44:00,236.23,236.28,236.23,236.28,0.02,102.27,24715.74,1
2023-12-12,2023-12-12 13:45:00,236.28,236.33,236.28,236.33,0.02,102.27,24715.74,1
2023-12-12,2023-12-12 13:46:00,236.33,236.38,236.33,236.38,0.02,102.27,24715.74,1
2023-12-12,2023-12-12 13:47:00,236.38,236.43,236.38,236.43,0.02,102.27,24715.74,1
2023-12-12,2023-12-12 13:48:00,236.43,236.48,236.43,236.48,0.02,102.27,24715.74,1
2023-12-12,2023-12-12 13:49:00,236.48,236.53,236.48,236.53,0.02,102.27,24715.74,1
2023-12-12,2023-12-12 13:50:00,236.53,236.58,236.53,236.58,0.02,102.27,24715.74,1
2023-12-12,2023-12-12 13:51:00,236.58,236.63,236.58,236.63,0.02,102.27,24715.74,1
2023-12-12,2023-12-12 13:52:00,236.63,236.68,236.63,236.68,0.02,102.27,24715.74,1
2023-12-12,2023-12-12 13:53:00,236.68,236.73,236.68,236.73,0.02,102.27,24715.74,1
2023-12-12,2023-12-12 13:54:00,236.73,236.78,236.73,236.78,0.02,102.27,24715.74,1
2023-12-12,2023-12-12 13:55:00,236.78,236.83,236.78,236.83,0.02,102.27,24715.74,1
2023-12-12,2023-12-12 13:56:00,236.83,236.88,236.83,236.88,0.02,102.27,24715.74,1
2023-12-12,2023-12-12 13:57:00,236.88,236.93,236.88,236.93,0.02,102.27,24715.74,1
2023-12-12,2023-12-12 13:58:00,236.93,236.98,236.93,236.98,0.02,102.27,24715.74,1
2023-12-12,2023-12-12 13:59:00,236.98,237.03,236.98,237.03,0.02,102.27,24715.74,1
2023-12-12,2023-12-12 14:00:00,237.03,237.07,237.03,237.07,0.02,102.27,24715.74,1
2023-12-12,2023-12-12 14:01:00,237.07,237.12,237.07,237.12,0.02,102.27,24715.74,1
2023-12-12,2023-12-12 14:02:00,237.12,237.17,237.12,237.17,0.02,102.27,24715.74,1
2023-12-12,2023-12-12 14:03:00,237.17,237.22,237.17,237.22,0.02,102.27,24715.74,1
2023-12-12,2023-12-12 14:04:00,237.22,237.27,237.22,237.27,0.02,102.27,24715.74,1
2023-12-12,2023-12-12 14:05:00,237.27,237.32,237.27,237.32,0.02,102.27,24715.74,1
2023-12-12,2023-12-12 14:06:00,237.32,237.37,237.32,237.37,0.02,102.27,24715.74,1
2023-12-12,2023-12-12 14:07:00,237.37,237.42,237.37,237.42,0.02,102.27,24715.74,1
2023-12-12,2023-12-12 14:08:00,237.42,237.47,237.42,237.47,0.02,102.27,24715.74,1
2023-12-12,2023-12-12 14:09:00,237.47,237.52,237.47,237.52,0.02,102.27,24715.74,1
2023-12-12,2023-12-12 14:10:00,237.52,237.57,237.52,237.57,0.02,102.27,24715.74,1
2023-12-12,2023-12-12 14:11:00,237.57,237.62,237.57,237.62,0.02,102.27,24715.74,1
2023-12-12,2023-12-12 14:12:00,237.62,237.67,237.62,237.67,0.02,102.27,24715.74,1
2023-12-12,2023-12-12 14:13:00,237.67,237.72,237.67,237.72,0.02,102.27,24715.74,1
2023-12-12,2023-12-12 14:14:00,237.72,237.77,237.72,237.77,0.02,102.27,24715.74,1
2023-12-12,2023-12-12 14:15:00,237.77,237.82,237.77,237.82,0.02,102.27,24715.74,1
2023-12-12,2023-12-12 14:16:00,237.82,237.87,237.82,237.87,0.02,102.27,24715.74,1
2023-12-12,2023-12-12 14:17:00,237.87,237.92,237.87,237.92,0.02,102.27,24715.74,1
2023-12-12,2023-12-12 14:18:00,237.92,237.97,237.92,237.97,0.02,102.27,24715.74,1
2023-12-12,2023-12-12 14:19:00,237.97,238.02,237.97,238.02,0.02,102.27,24715.74,1
2023-12-12,2023-12-12 14:20:00,238.02,238.07,238.02,238.07,0.02,102.27,24715.74,1
2023-12-12,2023-12-12 14:21:00,238.07,238.12,238.07,238.12,0.02,102.27,24715.74,1
2023-12-12,2023-12-12 14:22:00,238.12,238.17,238.12,238.17,0.02,102.27,24715.74,1
2023-12-12,2023-12-12 14:23:00,238.17,238.22,238.17,238.22,0.02,102.27,24715.74,1
2023-12-12,2023-12-12 14:24:00,238.22,238.26,238.22,238.26,0.02,102.27,24715.74,1
2023-12-12,2023-12-12 14:25:00,238.26,238.31,238.26,238.31,0.02,102.27,24715.74,1
2023-12-12,2023-12-12 14:26:00,238.31,238.36,238.31,238.36,0.02,102.27,24715.74,1
2023-12-12,2023-12-12 14:27:00,238.36,238.41,238.36,238.41,0.02,102.27,24715.74,1
2023-12-12,2023-12-12 14:28:00,238.41,238.46,238.41,238.46,0.02,102.27,24715.74,1
2023-12-12,2023-12-12 14:29:00,238.46,238.51,238.46,238.51,0.02,102.27,24715.74,1
2023-12-12,2023-12-12 14:30:00,238.51,238.56,238.51,238.56,0.02,102.27,24715.74,1
2023-12-12,2023-12-12 14:31:00,238.56,238.61,238.56,238.61,0.02,102.27,24715.74,1
2023-12-12,2023-12-12 14:32:00,238.61,238.66,238.61,238.66,0.02,102.27,24715.74,1
2023-12-12,2023-12-12 14:33:00,238.66,238.71,238.66,238.71,0.02,102.27,24715.74,1
2023-12-12,2023-12-12 14:34:00,238.71,238.76,238.71,238.76,0.02,102.27,24715.74,1
2023-12-12,2023-12-12 14:35:00,238.76,238.81,238.76,238.81,0.02,102.27,24715.74,1
2023-12-12,2023-12-12 14:36:00,238.81,238.86,238.81,238.86,0.02,102.27,24715.74,1
2023-12-12,2023-12-12 14:37:00,238.86,238.91,238.86,238.91,0.02,102.27,24715.74,1
2023-12-12,2023-12-12 14:38:00,238.91,238.96,238.91,238.96,0.02,102.27,24715.74,1
2023-12-12,2023-12-12 14:39:00,238.96,239.01,238.96,239.01,0.02,102.27,24715.74,1
2023-12-12,2023-12-12 14:40:00,239.01,239.06,239.01,239.06,0.02,102.27,24715.74,1
2023-12-12,2023-12-12 14:41:00,239.06,239.11,239.06,239.11,0.02,102.27,24715.74,1
2023-12-12,2023-12-12 14:42:00,239.11,239.16,239.11,239.16,0.02,102.27,24715.74,1
2023-12-12,2023-12-12 14:43:00,239.16,239.21,239.16,239.21,0.02,102.27,24715.74,1
2023-12-12,2023-12-12 14:44:00,239.21,239.26,239.21,239.26,0.02,102.27,24715.74,1
2023-12-12,2023-12-12 14:45:00,239.26,239.31,239.26,239.31,0.02,102.27,24715.74,1
2023-12-12,2023-12-12 14:46:00,239.31,239.36,239.31,239.36,0.02,102.27,24715.74,1
2023-12-12,2023-12-12 14:47:00,239.36,239.41,239.36,239.41,0.02,102.27,24715.74,1
2023-12-12,2023-12-12 14:48:00,239.41,239.45,239.41,239.45,0.02,102.27,24715.74,1
2023-12-12,2023-12-12 14:49:00,239.45,239.5,239.45,239.5,0.02,102.27,24715.74,1
2023-12-12,2023-12-12 14:50:00,239.5,239.55,239.5,239.55,0.02,102.27,24715.74,1
2023-12-12,2023-12-12 14:51:00,239.55,239.6,239.55,239.6,0.02,102.27,24715.74,1
2023-12-12,2023-12-12 14:52:00,239.6,239.65,239.6,239.65,0.02,102.27,24715.74,1
2023-12-12,2023-12-12 14:53:00,239.65,239.7,239.65,239.7,0.02,102.27,24715.74,1
2023-12-12,2023-12-12 14:54:00,239.7,239.75,239.7,239.75,0.02,102.27,24715.74,1
2023-12-12,2023-12-12 14:55:00,239.75,239.8,239.75,239.8,0.02,102.27,24715.74,1
2023-12-12,2023-12-12 14:56:00,239.8,239.85,239.8,239.85,0.02,102.27,24715.74,1
2023-12-12,2023-12-12 14:57:00,239.85,239.9,239.85,239.9,0.02,102.27,24715.74,1
2023-12-12,2023-12-12 14:58:00,239.9,239.95,239.9,239.95,0.02,102.27,24715.74,1
2023-12-12,2023-12-12 14:59:00,239.95,240.0,239.95,240.0,0.02,102.27,24715.74,1
2023-12-12,2023-12-12 15:00:00,240.0,248.0,225.0,240.0,0.0,102.27,24715.74,0
2023-12-13,2023-12-13 11:00:00,240.0,246.33,239.1,240.01,0.0,104.3,25767.45,1
2023-12-13,2023-12-13 11:01:00,240.01,240.02,240.01,240.02,0.0,104.3,25767.45,1
2023-12-13,2023-12-13 11:02:00,240.02,240.03,240.02,240.03,0.0,104.3,25767.45,1
2023-12-13,2023-12-13 11:03:00,240.03,240.03,240.03,240.03,0.0,104.3,25767.45,0
2023-12-13,2023-12-13 11:04:00,240.03,240.04,240.03,240.04,0.0,104.3,25767.45,1
2023-12-13,2023-12-13 11:05:00,240.04,240.05,240.04,240.05,0.0,104.3,25767.45,1
2023-12-13,2023-12-13 11:06:00,240.05,240.06,240.05,240.06,0.0,104.3,25767.45,1
2023-12-13,2023-12-13 11:07:00,240.06,240.07,240.06,240.07,0.0,104.3,25767.45,1
2023-12-13,2023-12-13 11:08:00,240.07,240.08,240.07,240.08,0.0,104.3,25767.45,1
2023-12-13,2023-12-13 11:09:00,240.08,240.09,240.08,240.09,0.0,104.3,25767.45,1
2023-12-13,2023-12-13 11:10:00,240.09,240.1,240.09,240.1,0.0,104.3,25767.45,1
2023-12-13,2023-12-13 11:11:00,240.1,240.1,240.1,240.1,0.0,104.3,25767.45,0
2023-12-13,2023-12-13 11:12:00,240.1,240.11,240.1,240.11,0.0,104.3,25767.45,1
2023-12-13,2023-12-13 11:13:00,240.11,240.12,240.11,240.12,0.0,104.3,25767.45,1
2023-12-13,2023-12-13 11:14:00,240.12,240.13,240.12,240.13,0.0,104.3,25767.45,1
2023-12-13,2023-12-13 11:15:00,240.13,240.14,240.13,240.14,0.0,104.3,25767.45,1
2023-12-13,2023-12-13 11:16:00,240.14,240.15,240.14,240.15,0.0,104.3,25767.45,1
2023-12-13,2023-12-13 11:17:00,240.15,240.16,240.15,240.16,0.0,104.3,25767.45,1
2023-12-13,2023-12-13 11:18:00,240.16,240.17,240.16,240.17,0.0,104.3,25767.45,1
2023-12-13,2023-12-13 11:19:00,240.17,240.18,240.17,240.18,0.0,104.3,25767.45,1
2023-12-13,2023-12-13 11:20:00,240.18,240.18,240.18,240.18,0.0,104.3,25767.45,0
2023-12-13,2023-12-13 11:21:00,240.18,240.19,240.18,240.19,0.0,104.3,25767.45,1
2023-12-13,2023-12-13 11:22:00,240.19,240.2,240.19,240.2,0.0,104.3,25767.45,1
2023-12-13,2023-12-13 11:23:00,240.2,240.21,240.2,240.21,0.0,104.3,25767.45,1
2023-12-13,2023-12-13 11:24:00,240.21,240.22,240.21,240.22,0.0,104.3,25767.45,1
2023-12-13,2023-12-13 11:25:00,240.22,240.23,240.22,240.23,0.0,104.3,25767.45,1
2023-12-13,2023-12-13 11:26:00,240.23,240.24,240.23,240.24,0.0,104.3,25767.45,1
2023-12-13,2023-12-13 11:27:00,240.24,240.25,240.24,240.25,0.0,104.3,25767.45,1
2023-12-13,2023-12-13 11:28:00,240.25,240.25,240.25,240.25,0.0,104.3,25767.45,0
2023-12-13,2023-12-13 11:29:00,240.25,240.26,240.25,240.26,0.0,104.3,25767.45,1
2023-12-13,2023-12-13 11:30:00,240.26,240.27,240.26,240.27,0.0,104.3,25767.45,1
2023-12-13,2023-12-13 11:31:00,240.27,240.28,240.27,240.28,0.0,104.3,25767.45,1
2023-12-13,2023-12-13 11:32:00,240.28,240.29,240.28,240.29,0.0,104.3,25767.45,1
2023-12-13,2023-12-13 11:33:00,240.29,240.3,240.29,240.3,0.0,104.3,25767.45,1
2023-12-13,2023-12-13 11:34:00,240.3,240.31,240.3,240.31,0.0,104.3,25767.45,1
2023-12-13,2023-12-13 11:35:00,240.31,240.31,240.31,240.31,0.0,104.3,25767.45,0
2023-12-13,2023-12-13 11:36:00,240.31,240.32,240.31,240.32,0.0,104.3,25767.45,1
2023-12-13,2023-12-13 11:37:00,240.32,240.33,240.32,240.33,0.0,104.3,25767.45,1
2023-12-13,2023-12-13 11:38:00,240.33,240.34,240.33,240.34,0.0,104.3,25767.45,1
2023-12-13,2023-12-13 11:39:00,240.34,240.35,240.34,240.35,0.0,104.3,25767.45,1
2023-12-13,2023-12-13 11:40:00,240.35,240.36,240.35,240.36,0.0,104.3,25767.45,1
2023-12-13,2023-12-13 11:41:00,240.36,240.37,240.36,240.37,0.0,104.3,25767.45,1
2023-12-13,2023-12-13 11:42:00,240.37,240.38,240.37,240.38,0.0,104.3,25767.45,1
2023-12-13,2023-12-13 11:43:00,240.38,240.38,240.38,240.38,0.0,104.3,25767.45,0
2023-12-13,2023-12-13 11:44:00,240.38,240.39,240.38,240.39,0.0,104.3,25767.45,1
2023-12-13,2023-12-13 11:45:00,240.39,240.4,240.39,240.4,0.0,104.3,25767.45,1
2023-12-13,2023-12-13 11:46:00,240.4,240.41,240.4,240.41,0.0,104.3,25767.45,1
2023-12-13,2023-12-13 11:47:00,240.41,240.42,240.41,240.42,0.0,104.3,25767.45,1
2023-12-13,2023-12-13 11:48:00,240.42,240.43,240.42,240.43,0.0,104.3,25767.45,1
2023-12-13,2023-12-13 11:49:00,240.43,240.44,240.43,240.44,0.0,104.3,25767.45,1
2023-12-13,2023-12-13 11:50:00,240.44,240.45,240.44,240.45,0.0,104.3,25767.45,1
2023-12-13,2023-12-13 11:51:00,240.45,240.46,240.45,240.46,0.0,104.3,25767.45,1
2023-12-13,2023-12-13 11:52:00,240.46,240.46,240.46,240.46,0.0,104.3,25767.45,0
2023-12-13,2023-12-13 11:53:00,240.46,240.47,240.46,240.47,0.0,104.3,25767.45,1
2023-12-13,2023-12-13 11:54:00,240.47,240.48,240.47,240.48,0.0,104.3,25767.45,1
2023-12-13,2023-12-13 11:55:00,240.48,240.49,240.48,240.49,0.0,104.3,25767.45,1
2023-12-13,2023-12-13 11:56:00,240.49,240.5,240.49,240.5,0.0,104.3,25767.45,1
2023-12-13,2023-12-13 11:57:00,240.5,240.51,240.5,240.51,0.0,104.3,25767.45,1
2023-12-13,2023-12-13 11:58:00,240.51,240.52,240.51,240.52,0.0,104.3,25767.45,1
2023-12-13,2023-12-13 11:59:00,240.52,240.53,240.52,240.53,0.0,104.3,25767.45,1
2023-12-13,2023-12-13 12:00:00,240.53,240.53,240.53,240.53,0.0,104.3,25767.45,0
2023-12-13,2023-12-13 12:01:00,240.53,240.54,240.53,240.54,0.0,104.3,25767.45,1
2023-12-13,2023-12-13 12:02:00,240.54,240.55,240.54,240.55,0.0,104.3,25767.45,1
2023-12-13,2023-12-13 12:03:00,240.55,240.56,240.55,240.56,0.0,104.3,25767.45,1
2023-12-13,2023-12-13 12:04:00,240.56,240.57,240.56,240.57,0.0,104.3,25767.45,1
2023-12-13,2023-12-13 12:05:00,240.57,240.58,240.57,240.58,0.0,104.3,25767.45,1
2023-12-13,2023-12-13 12:06:00,240.58,240.59,240.58,240.59,0.0,104.3,25767.45,1
2023-12-13,2023-12-13 12:07:00,240.59,240.59,240.59,240.59,0.0,104.3,25767.45,0
2023-12-13,2023-12-13 12:08:00,240.59,240.6,240.59,240.6,0.0,104.3,25767.45,1
2023-12-13,2023-12-13 12:09:00,240.6,240.61,240.6,240.61,0.0,104.3,25767.45,1
2023-12-13,2023-12-13 12:10:00,240.61,240.62,240.61,240.62,0.0,104.3,25767.45,1
2023-12-13,2023-12-13 12:11:00,240.62,240.63,240.62,240.63,0.0,104.3,25767.45,1
2023-12-13,2023-12-13 12:12:00,240.63,240.64,240.63,240.64,0.0,104.3,25767.45,1
2023-12-13,2023-12-13 12:13:00,240.64,240.65,240.64,240.65,0.0,104.3,25767.45,1
2023-12-13,2023-12-13 12:14:00,240.65,240.66,240.65,240.66,0.0,104.3,25767.45,1
2023-12-13,2023-12-13 12:15:00,240.66,240.66,240.66,240.66,0.0,104.3,25767.45,0
2023-12-13,2023-12-13 12:16:00,240.66,240.67,240.66,240.67,0.0,104.3,25767.45,1
2023-12-13,2023-12-13 12:17:00,240.67,240.68,240.67,240.68,0.0,104.3,25767.45,1
2023-12-13,2023-12-13 12:18:00,240.68,240.69,240.68,240.69,0.0,104.3,25767.45,1
2023-12-13,2023-12-13 12:19:00,240.69,240.7,240.69,240.7,0.0,104.3,25767.45,1
2023-12-13,2023-12-13 12:20:00,240.7,240.71,240.7,240.71,0.0,104.3,25767.45,1
2023-12-13,2023-12-13 12:21:00,240.71,240.72,240.71,240.72,0.0,104.3,25767.45,1
2023-12-13,2023-12-13 12:22:00,240.72,240.73,240.72,240.73,0.0,104.3,25767.45,1
2023-12-13,2023-12-13 12:23:00,240.73,240.73,240.73,240.73,0.0,104.3,25767.45,0
2023-12-13,2023-12-13 12:24:00,240.73,240.74,240.73,240.74,0.0,104.3,25767.45,1
2023-12-13,2023-12-13 12:25:00,240.74,240.75,240.74,240.75,0.0,104.3,25767.45,1
2023-12-13,2023-12-13 12:26:00,240.75,240.76,240.75,240.76,0.0,104.3,25767.45,1
2023-12-13,2023-12-13 12:27:00,240.76,240.77,240.76,240.77,0.0,104.3,25767.45,1
2023-12-13,2023-12-13 12:28:00,240.77,240.78,240.77,240.78,0.0,104.3,25767.45,1
2023-12-13,2023-12-13 12:29:00,240.78,240.79,240.78,240.79,0.0,104.3,25767.45,1
2023-12-13,2023-12-13 12:30:00,240.79,240.8,240.79,240.8,0.0,104.3,25767.45,1
2023-12-13,2023-12-13 12:31:00,240.8,240.81,240.8,240.81,0.0,104.3,25767.45,1
2023-12-13,2023-12-13 12:32:00,240.81,240.81,240.81,240.81,0.0,104.3,25767.45,0
2023-12-13,2023-12-13 12:33:00,240.81,240.82,240.81,240.82,0.0,104.3,25767.45,1
2023-12-13,2023-12-13 12:34:00,240.82,240.83,240.82,240.83,0.0,104.3,25767.45,1
2023-12-13,2023-12-13 12:35:00,240.83,240.84,240.83,240.84,0.0,104.3,25767.45,1
2023-12-13,2023-12-13 12:36:00,240.84,240.85,240.84,240.85,0.0,104.3,25767.45,1
2023-12-13,2023-12-13 12:37:00,240.85,240.86,240.85,240.86,0.0,104.3,25767.45,1
2023-12-13,2023-12-13 12:38:00,240.86,240.87,240.86,240.87,0.0,104.3,25767.45,1
2023-12-13,2023-12-13 12:39:00,240.87,240.88,240.87,240.88,0.0,104.3,25767.45,1
2023-12-13,2023-12-13 12:40:00,240.88,240.88,240.88,240.88,0.0,104.3,25767.45,0
2023-12-13,2023-12-13 12:41:00,240.88,240.89,240.88,240.89,0.0,104.3,25767.45,1
2023-12-13,2023-12-13 12:42:00,240.89,240.9,240.89,240.9,0.0,104.3,25767.45,1
2023-12-13,2023-12-13 12:43:00,240.9,240.91,240.9,240.91,0.0,104.3,25767.45,1
2023-12-13,2023-12-13 12:44:00,240.91,240.92,240.91,240.92,0.0,104.3,25767.45,1
2023-12-13,2023-12-13 12:45:00,240.92,240.93,240.92,240.93,0.0,104.3,25767.45,1
2023-12-13,2023-12-13 12:46:00,240.93,240.94,240.93,240.94,0.0,104.3,25767.45,1
2023-12-13,2023-12-13 12:47:00,240.94,240.94,240.94,240.94,0.0,104.3,25767.45,0
2023-12-13,2023-12-13 12:48:00,240.94,240.95,240.94,240.95,0.0,104.3,25767.45,1
2023-12-13,2023-12-13 12:49:00,240.95,240.96,240.95,240.96,0.0,104.3,25767.45,1
2023-12-13,2023-12-13 12:50:00,240.96,240.97,240.96,240.97,0.0,104.3,25767.45,1
2023-12-13,2023-12-13 12:51:00,240.97,240.98,240.97,240.98,0.0,104.3,25767.45,1
2023-12-13,2023-12-13 12:52:00,240.98,240.99,240.98,240.99,0.0,104.3,25767.45,1
2023-12-13,2023-12-13 12:53:00,240.99,241.0,240.99,241.0,0.0,104.3,25767.45,1
2023-12-13,2023-12-13 12:54:00,241.0,241.01,241.0,241.01,0.0,104.3,25767.45,1
2023-12-13,2023-12-13 12:55:00,241.01,241.01,241.01,241.01,0.0,104.3,25767.45,0
2023-12-13,2023-12-13 12:56:00,241.01,241.02,241.01,241.02,0.0,104.3,25767.45,1
2023-12-13,2023-12-13 12:57:00,241.02,241.03,241.02,241.03,0.0,104.3,25767.45,1
2023-12-13,2023-12-13 12:58:00,241.03,241.04,241.03,241.04,0.0,104.3,25767.45,1
2023-12-13,2023-12-13 12:59:00,241.04,241.05,241.04,241.05,0.0,104.3,25767.45,1
2023-12-13,2023-12-13 13:00:00,241.05,261.1,237.0,241.06,0.0,104.3,25767.45,1
2023-12-13,2023-12-13 13:01:00,241.06,241.07,241.06,241.07,0.0,104.3,25767.45,1
2023-12-13,2023-12-13 13:02:00,241.07,241.08,241.07,241.08,0.0,104.3,25767.45,1
2023-12-13,2023-12-13 13:03:00,241.08,241.09,241.08,241.09,0.0,104.3,25767.45,1
2023-12-13,2023-12-13 13:04:00,241.09,241.09,241.09,241.09,0.0,104.3,25767.45,0
2023-12-13,2023-12-13 13:05:00,241.09,241.1,241.09,241.1,0.0,104.3,25767.45,1
2023-12-13,2023-12-13 13:06:00,241.1,241.11,241.1,241.11,0.0,104.3,25767.45,1
2023-12-13,2023-12-13 13:07:00,241.11,241.12,241.11,241.12,0.0,104.3,25767.45,1
2023-12-13,2023-12-13 13:08:00,241.12,241.13,241.12,241.13,0.0,104.3,25767.45,1
2023-12-13,2023-12-13 13:09:00,241.13,241.14,241.13,241.14,0.0,104.3,25767.45,1
2023-12-13,2023-12-13 13:10:00,241.14,241.15,241.14,241.15,0.0,104.3,25767.45,1
2023-12-13,2023-12-13 13:11:00,241.15,241.16,241.15,241.16,0.0,104.3,25767.45,1
2023-12-13,2023-12-13 13:12:00,241.16,241.16,241.16,241.16,0.0,104.3,25767.45,0
2023-12-13,2023-12-13 13:13:00,241.16,241.17,241.16,241.17,0.0,104.3,25767.45,1
2023-12-13,2023-12-13 13:14:00,241.17,241.18,241.17,241.18,0.0,104.3,25767.45,1
2023-12-13,2023-12-13 13:15:00,241.18,241.19,241.18,241.19,0.0,104.3,25767.45,1
2023-12-13,2023-12-13 13:16:00,241.19,241.2,241.19,241.2,0.0,104.3,25767.45,1
2023-12-13,2023-12-13 13:17:00,241.2,241.21,241.2,241.21,0.0,104.3,25767.45,1
2023-12-13,2023-12-13 13:18:00,241.21,241.22,241.21,241.22,0.0,104.3,25767.45,1
2023-12-13,2023-12-13 13:19:00,241.22,241.22,241.22,241.22,0.0,104.3,25767.45,0
2023-12-13,2023-12-13 13:20:00,241.22,241.23,241.22,241.23,0.0,104.3,25767.45,1
2023-12-13,2023-12-13 13:21:00,241.23,241.24,241.23,241.24,0.0,104.3,25767.45,1
2023-12-13,2023-12-13 13:22:00,241.24,241.25,241.24,241.25,0.0,104.3,25767.45,1
2023-12-13,2023-12-13 13:23:00,241.25,241.26,241.25,241.26,0.0,104.3,25767.45,1
2023-12-13,2023-12-13 13:24:00,241.26,241.27,241.26,241.27,0.0,104.3,25767.45,1
2023-12-13,2023-12-13 13:25:00,241.27,241.28,241.27,241.28,0.0,104.3,25767.45,1
2023-12-13,2023-12-13 13:26:00,241.28,241.29,241.28,241.29,0.0,104.3,25767.45,1
2023-12-13,2023-12-13 13:27:00,241.29,241.29,241.29,241.29,0.0,104.3,25767.45,0
2023-12-13,2023-12-13 13:28:00,241.29,241.3,241.29,241.3,0.0,104.3,25767.45,1
2023-12-13,2023-12-13 13:29:00,241.3,241.31,241.3,241.31,0.0,104.3,25767.45,1
2023-12-13,2023-12-13 13:30:00,241.31,241.32,241.31,241.32,0.0,104.3,25767.45,1
2023-12-13,2023-12-13 13:31:00,241.32,241.33,241.32,241.33,0.0,104.3,25767.45,1
2023-12-13,2023-12-13 13:32:00,241.33,241.34,241.33,241.34,0.0,104.3,25767.45,1
2023-12-13,2023-12-13 13:33:00,241.34,241.35,241.34,241.35,0.0,104.3,25767.45,1
2023-12-13,2023-12-13 13:34:00,241.35,241.36,241.35,241.36,0.0,104.3,25767.45,1
2023-12-13,2023-12-13 13:35:00,241.36,241.37,241.36,241.37,0.0,104.3,25767.45,1
2023-12-13,2023-12-13 13:36:00,241.37,241.37,241.37,241.37,0.0,104.3,25767.45,0
2023-12-13,2023-12-13 13:37:00,241.37,241.38,241.37,241.38,0.0,104.3,25767.45,1
2023-12-13,2023-12-13 13:38:00,241.38,241.39,241.38,241.39,0.0,104.3,25767.45,1
2023-12-13,2023-12-13 13:39:00,241.39,241.4,241.39,241.4,0.0,104.3,25767.45,1
2023-12-13,2023-12-13 13:40:00,241.4,241.41,241.4,241.41,0.0,104.3,25767.45,1
2023-12-13,2023-12-13 13:41:00,241.41,241.42,241.41,241.42,0.0,104.3,25767.45,1
2023-12-13,2023-12-13 13:42:00,241.42,241.43,241.42,241.43,0.0,104.3,25767.45,1
2023-12-13,2023-12-13 13:43:00,241.43,241.44,241.43,241.44,0.0,104.3,25767.45,1
2023-12-13,2023-12-13 13:44:00,241.44,241.44,241.44,241.44,0.0,104.3,25767.45,0
2023-12-13,2023-12-13 13:45:00,241.44,241.45,241.44,241.45,0.0,104.3,25767.45,1
2023-12-13,2023-12-13 13:46:00,241.45,241.46,241.45,241.46,0.0,104.3,25767.45,1
2023-12-13,2023-12-13 13:47:00,241.46,241.47,241.46,241.47,0.0,104.3,25767.45,1
2023-12-13,2023-12-13 13:48:00,241.47,241.48,241.47,241.48,0.0,104.3,25767.45,1
2023-12-13,2023-12-13 13:49:00,241.48,241.49,241.48,241.49,0.0,104.3,25767.45,1
2023-12-13,2023-12-13 13:50:00,241.49,241.5,241.49,241.5,0.0,104.3,25767.45,1
2023-12-13,2023-12-13 13:51:00,241.5,241.5,241.5,241.5,0.0,104.3,25767.45,0
2023-12-13,2023-12-13 13:52:00,241.5,241.51,241.5,241.51,0.0,104.3,25767.45,1
2023-12-13,2023-12-13 13:53:00,241.51,241.52,241.51,241.52,0.0,104.3,25767.45,1
2023-12-13,2023-12-13 13:54:00,241.52,241.53,241.52,241.53,0.0,104.3,25767.45,1
2023-12-13,2023-12-13 13:55:00,241.53,241.54,241.53,241.54,0.0,104.3,25767.45,1
2023-12-13,2023-12-13 13:56:00,241.54,241.55,241.54,241.55,0.0,104.3,25767.45,1
2023-12-13,2023-12-13 13:57:00,241.55,241.56,241.55,241.56,0.0,104.3,25767.45,1
2023-12-13,2023-12-13 13:58:00,241.56,241.57,241.56,241.57,0.0,104.3,25767.45,1
2023-12-13,2023-12-13 13:59:00,241.57,241.57,241.57,241.57,0.0,104.3,25767.45,0
2023-12-13,2023-12-13 14:00:00,241.57,241.58,241.57,241.58,0.0,104.3,25767.45,1
2023-12-13,2023-12-13 14:01:00,241.58,241.59,241.58,241.59,0.0,104.3,25767.45,1
2023-12-13,2023-12-13 14:02:00,241.59,241.6,241.59,241.6,0.0,104.3,25767.45,1
2023-12-13,2023-12-13 14:03:00,241.6,241.61,241.6,241.61,0.0,104.3,25767.45,1
2023-12-13,2023-12-13 14:04:00,241.61,241.62,241.61,241.62,0.0,104.3,25767.45,1
2023-12-13,2023-12-13 14:05:00,241.62,241.63,241.62,241.63,0.0,104.3,25767.45,1
2023-12-13,2023-12-13 14:06:00,241.63,241.64,241.63,241.64,0.0,104.3,25767.45,1
2023-12-13,2023-12-13 14:07:00,241.64,241.64,241.64,241.64,0.0,104.3,25767.45,0
2023-12-13,2023-12-13 14:08:00,241.64,241.65,241.64,241.65,0.0,104.3,25767.45,1
2023-12-13,2023-12-13 14:09:00,241.65,241.66,241.65,241.66,0.0,104.3,25767.45,1
2023-12-13,2023-12-13 14:10:00,241.66,241.67,241.66,241.67,0.0,104.3,25767.45,1
2023-12-13,2023-12-13 14:11:00,241.67,241.68,241.67,241.68,0.0,104.3,25767.45,1
2023-12-13,2023-12-13 14:12:00,241.68,241.69,241.68,241.69,0.0,104.3,25767.45,1
2023-12-13,2023-12-13 14:13:00,241.69,241.7,241.69,241.7,0.0,104.3,25767.45,1
2023-12-13,2023-12-13 14:14:00,241.7,241.71,241.7,241.71,0.0,104.3,25767.45,1
2023-12-13,2023-12-13 14:15:00,241.71,241.72,241.71,241.72,0.0,104.3,25767.45,1
2023-12-13,2023-12-13 14:16:00,241.72,241.72,241.72,241.72,0.0,104.3,25767.45,0
2023-12-13,2023-12-13 14:17:00,241.72,241.73,241.72,241.73,0.0,104.3,25767.45,1
2023-12-13,2023-12-13 14:18:00,241.73,241.74,241.73,241.74,0.0,104.3,25767.45,1
2023-12-13,2023-12-13 14:19:00,241.74,241.75,241.74,241.75,0.0,104.3,25767.45,1
2023-12-13,2023-12-13 14:20:00,241.75,241.76,241.75,241.76,0.0,104.3,25767.45,1
2023-12-13,2023-12-13 14:21:00,241.76,241.77,241.76,241.77,0.0,104.3,25767.45,1
2023-12-13,2023-12-13 14:22:00,241.77,241.78,241.77,241.78,0.0,104.3,25767.45,1
2023-12-13,2023-12-13 14:23:00,241.78,241.78,241.78,241.78,0.0,104.3,25767.45,0
2023-12-13,2023-12-13 14:24:00,241.78,241.79,241.78,241.79,0.0,104.3,25767.45,1
2023-12-13,2023-12-13 14:25:00,241.79,241.8,241.79,241.8,0.0,104.3,25767.45,1
2023-12-13,2023-12-13 14:26:00,241.8,241.81,241.8,241.81,0.0,104.3,25767.45,1
2023-12-13,2023-12-13 14:27:00,241.81,241.82,241.81,241.82,0.0,104.3,25767.45,1
2023-12-13,2023-12-13 14:28:00,241.82,241.83,241.82,241.83,0.0,104.3,25767.45,1
2023-12-13,2023-12-13 14:29:00,241.83,241.84,241.83,241.84,0.0,104.3,25767.45,1
2023-12-13,2023-12-13 14:30:00,241.84,241.85,241.84,241.85,0.0,104.3,25767.45,1
2023-12-13,2023-12-13 14:31:00,241.85,241.85,241.85,241.85,0.0,104.3,25767.45,0
2023-12-13,2023-12-13 14:32:00,241.85,241.86,241.85,241.86,0.0,104.3,25767.45,1
2023-12-13,2023-12-13 14:33:00,241.86,241.87,241.86,241.87,0.0,104.3,25767.45,1
2023-12-13,2023-12-13 14:34:00,241.87,241.88,241.87,241.88,0.0,104.3,25767.45,1
2023-12-13,2023-12-13 14:35:00,241.88,241.89,241.88,241.89,0.0,104.3,25767.45,1
2023-12-13,2023-12-13 14:36:00,241.89,241.9,241.89,241.9,0.0,104.3,25767.45,1
2023-12-13,2023-12-13 14:37:00,241.9,241.91,241.9,241.91,0.0,104.3,25767.45,1
2023-12-13,2023-12-13 14:38:00,241.91,241.92,241.91,241.92,0.0,104.3,25767.45,1
2023-12-13,2023-12-13 14:39:00,241.92,241.92,241.92,241.92,0.0,104.3,25767.45,0
2023-12-13,2023-12-13 14:40:00,241.92,241.93,241.92,241.93,0.0,104.3,25767.45,1
2023-12-13,2023-12-13 14:41:00,241.93,241.94,241.93,241.94,0.0,104.3,25767.45,1
2023-12-13,2023-12-13 14:42:00,241.94,241.95,241.94,241.95,0.0,104.3,25767.45,1
2023-12-13,2023-12-13 14:43:00,241.95,241.96,241.95,241.96,0.0,104.3,25767.45,1
2023-12-13,2023-12-13 14:44:00,241.96,241.97,241.96,241.97,0.0,104.3,25767.45,1
2023-12-13,2023-12-13 14:45:00,241.97,241.98,241.97,241.98,0.0,104.3,25767.45,1
2023-12-13,2023-12-13 14:46:00,241.98,241.99,241.98,241.99,0.0,104.3,25767.45,1
2023-12-13,2023-12-13 14:47:00,241.99,242.0,241.99,242.0,0.0,104.3,25767.45,1
2023-12-13,2023-12-13 14:48:00,242.0,242.0,242.0,242.0,0.0,104.3,25767.45,0
2023-12-13,2023-12-13 14:49:00,242.0,242.01,242.0,242.01,0.0,104.3,25767.45,1
2023-12-13,2023-12-13 14:50:00,242.01,242.02,242.01,242.02,0.0,104.3,25767.45,1
2023-12-13,2023-12-13 14:51:00,242.02,242.03,242.02,242.03,0.0,104.3,25767.45,1
2023-12-13,2023-12-13 14:52:00,242.03,242.04,242.03,242.04,0.0,104.3,25767.45,1
2023-12-13,2023-12-13 14:53:00,242.04,242.05,242.04,242.05,0.0,104.3,25767.45,1
2023-12-13,2023-12-13 14:54:00,242.05,242.06,242.05,242.06,0.0,104.3,25767.45,1
2023-12-13,2023-12-13 14:55:00,242.06,242.06,242.06,242.06,0.0,104.3,25767.45,0
2023-12-13,2023-12-13 14:56:00,242.06,242.07,242.06,242.07,0.0,104.3,25767.45,1
2023-12-13,2023-12-13 14:57:00,242.07,242.08,242.07,242.08,0.0,104.3,25767.45,1
2023-12-13,2023-12-13 14:58:00,242.08,242.09,242.08,242.09,0.0,104.3,25767.45,1
2023-12-13,2023-12-13 14:59:00,242.09,242.1,242.09,242.1,0.0,104.3,25767.45,1
2023-12-13,2023-12-13 15:00:00,242.1,261.1,237.0,242.1,0.0,104.3,25767.45,0
2023-12-14,2023-12-14 11:00:00,245.0,249.41,243.5,245.05,0.02,100.37,25373.65,1
2023-12-14,2023-12-14 11:01:00,245.05,245.11,245.05,245.11,0.02,100.37,25373.65,1
2023-12-14,2023-12-14 11:02:00,245.11,245.16,245.11,245.16,0.02,100.37,25373.65,1
2023-12-14,2023-12-14 11:03:00,245.16,245.22,245.16,245.22,0.02,100.37,25373.65,1
2023-12-14,2023-12-14 11:04:00,245.22,245.27,245.22,245.27,0.02,100.37,25373.65,1
2023-12-14,2023-12-14 11:05:00,245.27,245.32,245.27,245.32,0.02,100.37,25373.65,1
2023-12-14,2023-12-14 11:06:00,245.32,245.38,245.32,245.38,0.02,100.37,25373.65,1
2023-12-14,2023-12-14 11:07:00,245.38,245.43,245.38,245.43,0.02,100.37,25373.65,1
2023-12-14,2023-12-14 11:08:00,245.43,245.49,245.43,245.49,0.02,100.37,25373.65,1
2023-12-14,2023-12-14 11:09:00,245.49,245.54,245.49,245.54,0.02,100.37,25373.65,1
2023-12-14,2023-12-14 11:10:00,245.54,245.6,245.54,245.6,0.02,100.37,25373.65,1
2023-12-14,2023-12-14 11:11:00,245.6,245.65,245.6,245.65,0.02,100.37,25373.65,1
2023-12-14,2023-12-14 11:12:00,245.65,245.7,245.65,245.7,0.02,100.37,25373.65,1
2023-12-14,2023-12-14 11:13:00,245.7,245.76,245.7,245.76,0.02,100.37,25373.65,1
2023-12-14,2023-12-14 11:14:00,245.76,245.81,245.76,245.81,0.02,100.37,25373.65,1
2023-12-14,2023-12-14 11:15:00,245.81,245.87,245.81,245.87,0.02,100.37,25373.65,1
2023-12-14,2023-12-14 11:16:00,245.87,245.92,245.87,245.92,0.02,100.37,25373.65,1
2023-12-14,2023-12-14 11:17:00,245.92,245.97,245.92,245.97,0.02,100.37,25373.65,1
2023-12-14,2023-12-14 11:18:00,245.97,246.03,245.97,246.03,0.02,100.37,25373.65,1
2023-12-14,2023-12-14 11:19:00,246.03,246.08,246.03,246.08,0.02,100.37,25373.65,1
2023-12-14,2023-12-14 11:20:00,246.08,246.14,246.08,246.14,0.02,100.37,25373.65,1
2023-12-14,2023-12-14 11:21:00,246.14,246.19,246.14,246.19,0.02,100.37,25373.65,1
2023-12-14,2023-12-14 11:22:00,246.19,246.25,246.19,246.25,0.02,100.37,25373.65,1
2023-12-14,2023-12-14 11:23:00,246.25,246.3,246.25,246.3,0.02,100.37,25373.65,1
2023-12-14,2023-12-14 11:24:00,246.3,246.35,246.3,246.35,0.02,100.37,25373.65,1
2023-12-14,2023-12-14 11:25:00,246.35,246.41,246.35,246.41,0.02,100.37,25373.65,1
2023-12-14,2023-12-14 11:26:00,246.41,246.46,246.41,246.46,0.02,100.37,25373.65,1
2023-12-14,2023-12-14 11:27:00,246.46,246.52,246.46,246.52,0.02,100.37,25373.65,1
2023-12-14,2023-12-14 11:28:00,246.52,246.57,246.52,246.57,0.02,100.37,25373.65,1
2023-12-14,2023-12-14 11:29:00,246.57,246.62,246.57,246.62,0.02,100.37,25373.65,1
2023-12-14,2023-12-14 11:30:00,246.62,246.68,246.62,246.68,0.02,100.37,25373.65,1
2023-12-14,2023-12-14 11:31:00,246.68,246.73,246.68,246.73,0.02,100.37,25373.65,1
2023-12-14,2023-12-14 11:32:00,246.73,246.79,246.73,246.79,0.02,100.37,25373.65,1
2023-12-14,2023-12-14 11:33:00,246.79,246.84,246.79,246.84,0.02,100.37,25373.65,1
2023-12-14,2023-12-14 11:34:00,246.84,246.9,246.84,246.9,0.02,100.37,25373.65,1
2023-12-14,2023-12-14 11:35:00,246.9,246.95,246.9,246.95,0.02,100.37,25373.65,1
2023-12-14,2023-12-14 11:36:00,246.95,247.0,246.95,247.0,0.02,100.37,25373.65,1
2023-12-14,2023-12-14 11:37:00,247.0,247.06,247.0,247.06,0.02,100.37,25373.65,1
2023-12-14,2023-12-14 11:38:00,247.06,247.11,247.06,247.11,0.02,100.37,25373.65,1
2023-12-14,2023-12-14 11:39:00,247.11,247.17,247.11,247.17,0.02,100.37,25373.65,1
2023-12-14,2023-12-14 11:40:00,247.17,247.22,247.17,247.22,0.02,100.37,25373.65,1
2023-12-14,2023-12-14 11:41:00,247.22,247.28,247.22,247.28,0.02,100.37,25373.65,1
2023-12-14,2023-12-14 11:42:00,247.28,247.33,247.28,247.33,0.02,100.37,25373.65,1
2023-12-14,2023-12-14 11:43:00,247.33,247.38,247.33,247.38,0.02,100.37,25373.65,1
2023-12-14,2023-12-14 11:44:00,247.38,247.44,247.38,247.44,0.02,100.37,25373.65,1
2023-12-14,2023-12-14 11:45:00,247.44,247.49,247.44,247.49,0.02,100.37,25373.65,1
2023-12-14,2023-12-14 11:46:00,247.49,247.55,247.49,247.55,0.02,100.37,25373.65,1
2023-12-14,2023-12-14 11:47:00,247.55,247.6,247.55,247.6,0.02,100.37,25373.65,1
2023-12-14,2023-12-14 11:48:00,247.6,247.65,247.6,247.65,0.02,100.37,25373.65,1
2023-12-14,2023-12-14 11:49:00,247.65,247.71,247.65,247.71,0.02,100.37,25373.65,1
2023-12-14,2023-12-14 11:50:00,247.71,247.76,247.71,247.76,0.02,100.37,25373.65,1
2023-12-14,2023-12-14 11:51:00,247.76,247.82,247.76,247.82,0.02,100.37,25373.65,1
2023-12-14,2023-12-14 11:52:00,247.82,247.87,247.82,247.87,0.02,100.37,25373.65,1
2023-12-14,2023-12-14 11:53:00,247.87,247.93,247.87,247.93,0.02,100.37,25373.65,1
2023-12-14,2023-12-14 11:54:00,247.93,247.98,247.93,247.98,0.02,100.37,25373.65,1
2023-12-14,2023-12-14 11:55:00,247.98,248.03,247.98,248.03,0.02,100.37,25373.65,1
2023-12-14,2023-12-14 11:56:00,248.03,248.09,248.03,248.09,0.02,100.37,25373.65,1
2023-12-14,2023-12-14 11:57:00,248.09,248.14,248.09,248.14,0.02,100.37,25373.65,1
2023-12-14,2023-12-14 11:58:00,248.14,248.2,248.14,248.2,0.02,100.37,25373.65,1
2023-12-14,2023-12-14 11:59:00,248.2,248.25,248.2,248.25,0.02,100.37,25373.65,1
2023-12-14,2023-12-14 12:00:00,248.25,248.3,248.25,248.3,0.02,100.37,25373.65,1
2023-12-14,2023-12-14 12:01:00,248.3,248.36,248.3,248.36,0.02,100.37,25373.65,1
2023-12-14,2023-12-14 12:02:00,248.36,248.41,248.36,248.41,0.02,100.37,25373.65,1
2023-12-14,2023-12-14 12:03:00,248.41,248.47,248.41,248.47,0.02,100.37,25373.65,1
2023-12-14,2023-12-14 12:04:00,248.47,248.52,248.47,248.52,0.02,100.37,25373.65,1
2023-12-14,2023-12-14 12:05:00,248.52,248.57,248.52,248.57,0.02,100.37,25373.65,1
2023-12-14,2023-12-14 12:06:00,248.57,248.63,248.57,248.63,0.02,100.37,25373.65,1
2023-12-14,2023-12-14 12:07:00,248.63,248.68,248.63,248.68,0.02,100.37,25373.65,1
2023-12-14,2023-12-14 12:08:00,248.68,248.74,248.68,248.74,0.02,100.37,25373.65,1
2023-12-14,2023-12-14 12:09:00,248.74,248.79,248.74,248.79,0.02,100.37,25373.65,1
2023-12-14,2023-12-14 12:10:00,248.79,248.85,248.79,248.85,0.02,100.37,25373.65,1
2023-12-14,2023-12-14 12:11:00,248.85,248.9,248.85,248.9,0.02,100.37,25373.65,1
2023-12-14,2023-12-14 12:12:00,248.9,248.95,248.9,248.95,0.02,100.37,25373.65,1
2023-12-14,2023-12-14 12:13:00,248.95,249.01,248.95,249.01,0.02,100.37,25373.65,1
2023-12-14,2023-12-14 12:14:00,249.01,249.06,249.01,249.06,0.02,100.37,25373.65,1
2023-12-14,2023-12-14 12:15:00,249.06,249.12,249.06,249.12,0.02,100.37,25373.65,1
2023-12-14,2023-12-14 12:16:00,249.12,249.17,249.12,249.17,0.02,100.37,25373.65,1
2023-12-14,2023-12-14 12:17:00,249.17,249.22,249.17,249.22,0.02,100.37,25373.65,1
2023-12-14,2023-12-14 12:18:00,249.22,249.28,249.22,249.28,0.02,100.37,25373.65,1
2023-12-14,2023-12-14 12:19:00,249.28,249.33,249.28,249.33,0.02,100.37,25373.65,1
2023-12-14,2023-12-14 12:20:00,249.33,249.39,249.33,249.39,0.02,100.37,25373.65,1
2023-12-14,2023-12-14 12:21:00,249.39,249.44,249.39,249.44,0.02,100.37,25373.65,1
2023-12-14,2023-12-14 12:22:00,249.44,249.5,249.44,249.5,0.02,100.37,25373.65,1
2023-12-14,2023-12-14 12:23:00,249.5,249.55,249.5,249.55,0.02,100.37,25373.65,1
2023-12-14,2023-12-14 12:24:00,249.55,249.6,249.55,249.6,0.02,100.37,25373.65,1
2023-12-14,2023-12-14 12:25:00,249.6,249.66,249.6,249.66,0.02,100.37,25373.65,1
2023-12-14,2023-12-14 12:26:00,249.66,249.71,249.66,249.71,0.02,100.37,25373.65,1
2023-12-14,2023-12-14 12:27:00,249.71,249.77,249.71,249.77,0.02,100.37,25373.65,1
2023-12-14,2023-12-14 12:28:00,249.77,249.82,249.77,249.82,0.02,100.37,25373.65,1
2023-12-14,2023-12-14 12:29:00,249.82,249.88,249.82,249.88,0.02,100.37,25373.65,1
2023-12-14,2023-12-14 12:30:00,249.88,249.93,249.88,249.93,0.02,100.37,25373.65,1
2023-12-14,2023-12-14 12:31:00,249.93,249.98,249.93,249.98,0.02,100.37,25373.65,1
2023-12-14,2023-12-14 12:32:00,249.98,250.04,249.98,250.04,0.02,100.37,25373.65,1
2023-12-14,2023-12-14 12:33:00,250.04,250.09,250.04,250.09,0.02,100.37,25373.65,1
2023-12-14,2023-12-14 12:34:00,250.09,250.15,250.09,250.15,0.02,100.37,25373.65,1
2023-12-14,2023-12-14 12:35:00,250.15,250.2,250.15,250.2,0.02,100.37,25373.65,1
2023-12-14,2023-12-14 12:36:00,250.2,250.25,250.2,250.25,0.02,100.37,25373.65,1
2023-12-14,2023-12-14 12:37:00,250.25,250.31,250.25,250.31,0.02,100.37,25373.65,1
2023-12-14,2023-12-14 12:38:00,250.31,250.36,250.31,250.36,0.02,100.37,25373.65,1
2023-12-14,2023-12-14 12:39:00,250.36,250.42,250.36,250.42,0.02,100.37,25373.65,1
2023-12-14,2023-12-14 12:40:00,250.42,250.47,250.42,250.47,0.02,100.37,25373.65,1
2023-12-14,2023-12-14 12:41:00,250.47,250.53,250.47,250.53,0.02,100.37,25373.65,1
2023-12-14,2023-12-14 12:42:00,250.53,250.58,250.53,250.58,0.02,100.37,25373.65,1
2023-12-14,2023-12-14 12:43:00,250.58,250.63,250.58,250.63,0.02,100.37,25373.65,1
2023-12-14,2023-12-14 12:44:00,250.63,250.69,250.63,250.69,0.02,100.37,25373.65,1
2023-12-14,2023-12-14 12:45:00,250.69,250.74,250.69,250.74,0.02,100.37,25373.65,1
2023-12-14,2023-12-14 12:46:00,250.74,250.8,250.74,250.8,0.02,100.37,25373.65,1
2023-12-14,2023-12-14 12:47:00,250.8,250.85,250.8,250.85,0.02,100.37,25373.65,1
2023-12-14,2023-12-14 12:48:00,250.85,250.9,250.85,250.9,0.02,100.37,25373.65,1
2023-12-14,2023-12-14 12:49:00,250.9,250.96,250.9,250.96,0.02,100.37,25373.65,1
2023-12-14,2023-12-14 12:50:00,250.96,251.01,250.96,251.01,0.02,100.37,25373.65,1
2023-12-14,2023-12-14 12:51:00,251.01,251.07,251.01,251.07,0.02,100.37,25373.65,1
2023-12-14,2023-12-14 12:52:00,251.07,251.12,251.07,251.12,0.02,100.37,25373.65,1
2023-12-14,2023-12-14 12:53:00,251.12,251.18,251.12,251.18,0.02,100.37,25373.65,1
2023-12-14,2023-12-14 12:54:00,251.18,251.23,251.18,251.23,0.02,100.37,25373.65,1
2023-12-14,2023-12-14 12:55:00,251.23,251.28,251.23,251.28,0.02,100.37,25373.65,1
2023-12-14,2023-12-14 12:56:00,251.28,251.34,251.28,251.34,0.02,100.37,25373.65,1
2023-12-14,2023-12-14 12:57:00,251.34,251.39,251.34,251.39,0.02,100.37,25373.65,1
2023-12-14,2023-12-14 12:58:00,251.39,251.45,251.39,251.45,0.02,100.37,25373.65,1
2023-12-14,2023-12-14 12:59:00,251.45,251.5,251.45,251.5,0.02,100.37,25373.65,1
2023-12-14,2023-12-14 13:00:00,251.5,259.7,240.0,251.55,0.02,100.37,25373.65,1
2023-12-14,2023-12-14 13:01:00,251.55,251.61,251.55,251.61,0.02,100.37,25373.65,1
2023-12-14,2023-12-14 13:02:00,251.61,251.66,251.61,251.66,0.02,100.37,25373.65,1
2023-12-14,2023-12-14 13:03:00,251.66,251.72,251.66,251.72,0.02,100.37,25373.65,1
2023-12-14,2023-12-14 13:04:00,251.72,251.77,251.72,251.77,0.02,100.37,25373.65,1
2023-12-14,2023-12-14 13:05:00,251.77,251.82,251.77,251.82,0.02,100.37,25373.65,1
2023-12-14,2023-12-14 13:06:00,251.82,251.88,251.82,251.88,0.02,100.37,25373.65,1
2023-12-14,2023-12-14 13:07:00,251.88,251.93,251.88,251.93,0.02,100.37,25373.65,1
2023-12-14,2023-12-14 13:08:00,251.93,251.99,251.93,251.99,0.02,100.37,25373.65,1
2023-12-14,2023-12-14 13:09:00,251.99,252.04,251.99,252.04,0.02,100.37,25373.65,1
2023-12-14,2023-12-14 13:10:00,252.04,252.1,252.04,252.1,0.02,100.37,25373.65,1
2023-12-14,2023-12-14 13:11:00,252.1,252.15,252.1,252.15,0.02,100.37,25373.65,1
2023-12-14,2023-12-14 13:12:00,252.15,252.2,252.15,252.2,0.02,100.37,25373.65,1
2023-12-14,2023-12-14 13:13:00,252.2,252.26,252.2,252.26,0.02,100.37,25373.65,1
2023-12-14,2023-12-14 13:14:00,252.26,252.31,252.26,252.31,0.02,100.37,25373.65,1
2023-12-14,2023-12-14 13:15:00,252.31,252.37,252.31,252.37,0.02,100.37,25373.65,1
2023-12-14,2023-12-14 13:16:00,252.37,252.42,252.37,252.42,0.02,100.37,25373.65,1
2023-12-14,2023-12-14 13:17:00,252.42,252.47,252.42,252.47,0.02,100.37,25373.65,1
2023-12-14,2023-12-14 13:18:00,252.47,252.53,252.47,252.53,0.02,100.37,25373.65,1
2023-12-14,2023-12-14 13:19:00,252.53,252.58,252.53,252.58,0.02,100.37,25373.65,1
2023-12-14,2023-12-14 13:20:00,252.58,252.64,252.58,252.64,0.02,100.37,25373.65,1
2023-12-14,2023-12-14 13:21:00,252.64,252.69,252.64,252.69,0.02,100.37,25373.65,1
2023-12-14,2023-12-14 13:22:00,252.69,252.75,252.69,252.75,0.02,100.37,25373.65,1
2023-12-14,2023-12-14 13:23:00,252.75,252.8,252.75,252.8,0.02,100.37,25373.65,1
2023-12-14,2023-12-14 13:24:00,252.8,252.85,252.8,252.85,0.02,100.37,25373.65,1
2023-12-14,2023-12-14 13:25:00,252.85,252.91,252.85,252.91,0.02,100.37,25373.65,1
2023-12-14,2023-12-14 13:26:00,252.91,252.96,252.91,252.96,0.02,100.37,25373.65,1
2023-12-14,2023-12-14 13:27:00,252.96,253.02,252.96,253.02,0.02,100.37,25373.65,1
2023-12-14,2023-12-14 13:28:00,253.02,253.07,253.02,253.07,0.02,100.37,25373.65,1
2023-12-14,2023-12-14 13:29:00,253.07,253.12,253.07,253.12,0.02,100.37,25373.65,1
2023-12-14,2023-12-14 13:30:00,253.12,253.18,253.12,253.18,0.02,100.37,25373.65,1
2023-12-14,2023-12-14 13:31:00,253.18,253.23,253.18,253.23,0.02,100.37,25373.65,1
2023-12-14,2023-12-14 13:32:00,253.23,253.29,253.23,253.29,0.02,100.37,25373.65,1
2023-12-14,2023-12-14 13:33:00,253.29,253.34,253.29,253.34,0.02,100.37,25373.65,1
2023-12-14,2023-12-14 13:34:00,253.34,253.4,253.34,253.4,0.02,100.37,25373.65,1
2023-12-14,2023-12-14 13:35:00,253.4,253.45,253.4,253.45,0.02,100.37,25373.65,1
2023-12-14,2023-12-14 13:36:00,253.45,253.5,253.45,253.5,0.02,100.37,25373.65,1
2023-12-14,2023-12-14 13:37:00,253.5,253.56,253.5,253.56,0.02,100.37,25373.65,1
2023-12-14,2023-12-14 13:38:00,253.56,253.61,253.56,253.61,0.02,100.37,25373.65,1
2023-12-14,2023-12-14 13:39:00,253.61,253.67,253.61,253.67,0.02,100.37,25373.65,1
2023-12-14,2023-12-14 13:40:00,253.67,253.72,253.67,253.72,0.02,100.37,25373.65,1
2023-12-14,2023-12-14 13:41:00,253.72,253.78,253.72,253.78,0.02,100.37,25373.65,1
2023-12-14,2023-12-14 13:42:00,253.78,253.83,253.78,253.83,0.02,100.37,25373.65,1
2023-12-14,2023-12-14 13:43:00,253.83,253.88,253.83,253.88,0.02,100.37,25373.65,1
2023-12-14,2023-12-14 13:44:00,253.88,253.94,253.88,253.94,0.02,100.37,25373.65,1
2023-12-14,2023-12-14 13:45:00,253.94,253.99,253.94,253.99,0.02,100.37,25373.65,1
2023-12-14,2023-12-14 13:46:00,253.99,254.05,253.99,254.05,0.02,100.37,25373.65,1
2023-12-14,2023-12-14 13:47:00,254.05,254.1,254.05,254.1,0.02,100.37,25373.65,1
2023-12-14,2023-12-14 13:48:00,254.1,254.15,254.1,254.15,0.02,100.37,25373.65,1
2023-12-14,2023-12-14 13:49:00,254.15,254.21,254.15,254.21,0.02,100.37,25373.65,1
2023-12-14,2023-12-14 13:50:00,254.21,254.26,254.21,254.26,0.02,100.37,25373.65,1
2023-12-14,2023-12-14 13:51:00,254.26,254.32,254.26,254.32,0.02,100.37,25373.65,1
2023-12-14,2023-12-14 13:52:00,254.32,254.37,254.32,254.37,0.02,100.37,25373.65,1
2023-12-14,2023-12-14 13:53:00,254.37,254.43,254.37,254.43,0.02,100.37,25373.65,1
2023-12-14,2023-12-14 13:54:00,254.43,254.48,254.43,254.48,0.02,100.37,25373.65,1
2023-12-14,2023-12-14 13:55:00,254.48,254.53,254.48,254.53,0.02,100.37,25373.65,1
2023-12-14,2023-12-14 13:56:00,254.53,254.59,254.53,254.59,0.02,100.37,25373.65,1
2023-12-14,2023-12-14 13:57:00,254.59,254.64,254.59,254.64,0.02,100.37,25373.65,1
2023-12-14,2023-12-14 13:58:00,254.64,254.7,254.64,254.7,0.02,100.37,25373.65,1
2023-12-14,2023-12-14 13:59:00,254.7,254.75,254.7,254.75,0.02,100.37,25373.65,1
2023-12-14,2023-12-14 14:00:00,254.75,254.8,254.75,254.8,0.02,100.37,25373.65,1
2023-12-14,2023-12-14 14:01:00,254.8,254.86,254.8,254.86,0.02,100.37,25373.65,1
2023-12-14,2023-12-14 14:02:00,254.86,254.91,254.86,254.91,0.02,100.37,25373.65,1
2023-12-14,2023-12-14 14:03:00,254.91,254.97,254.91,254.97,0.02,100.37,25373.65,1
2023-12-14,2023-12-14 14:04:00,254.97,255.02,254.97,255.02,0.02,100.37,25373.65,1
2023-12-14,2023-12-14 14:05:00,255.02,255.07,255.02,255.07,0.02,100.37,25373.65,1
2023-12-14,2023-12-14 14:06:00,255.07,255.13,255.07,255.13,0.02,100.37,25373.65,1
2023-12-14,2023-12-14 14:07:00,255.13,255.18,255.13,255.18,0.02,100.37,25373.65,1
2023-12-14,2023-12-14 14:08:00,255.18,255.24,255.18,255.24,0.02,100.37,25373.65,1
2023-12-14,2023-12-14 14:09:00,255.24,255.29,255.24,255.29,0.02,100.37,25373.65,1
2023-12-14,2023-12-14 14:10:00,255.29,255.35,255.29,255.35,0.02,100.37,25373.65,1
2023-12-14,2023-12-14 14:11:00,255.35,255.4,255.35,255.4,0.02,100.37,25373.65,1
2023-12-14,2023-12-14 14:12:00,255.4,255.45,255.4,255.45,0.02,100.37,25373.65,1
2023-12-14,2023-12-14 14:13:00,255.45,255.51,255.45,255.51,0.02,100.37,25373.65,1
2023-12-14,2023-12-14 14:14:00,255.51,255.56,255.51,255.56,0.02,100.37,25373.65,1
2023-12-14,2023-12-14 14:15:00,255.56,255.62,255.56,255.62,0.02,100.37,25373.65,1
2023-12-14,2023-12-14 14:16:00,255.62,255.67,255.62,255.67,0.02,100.37,25373.65,1
2023-12-14,2023-12-14 14:17:00,255.67,255.72,255.67,255.72,0.02,100.37,25373.65,1
2023-12-14,2023-12-14 14:18:00,255.72,255.78,255.72,255.78,0.02,100.37,25373.65,1
2023-12-14,2023-12-14 14:19:00,255.78,255.83,255.78,255.83,0.02,100.37,25373.65,1
2023-12-14,2023-12-14 14:20:00,255.83,255.89,255.83,255.89,0.02,100.37,25373.65,1
2023-12-14,2023-12-14 14:21:00,255.89,255.94,255.89,255.94,0.02,100.37,25373.65,1
2023-12-14,2023-12-14 14:22:00,255.94,256.0,255.94,256.0,0.02,100.37,25373.65,1
2023-12-14,2023-12-14 14:23:00,256.0,256.05,256.0,256.05,0.02,100.37,25373.65,1
2023-12-14,2023-12-14 14:24:00,256.05,256.1,256.05,256.1,0.02,100.37,25373.65,1
2023-12-14,2023-12-14 14:25:00,256.1,256.16,256.1,256.16,0.02,100.37,25373.65,1
2023-12-14,2023-12-14 14:26:00,256.16,256.21,256.16,256.21,0.02,100.37,25373.65,1
2023-12-14,2023-12-14 14:27:00,256.21,256.27,256.21,256.27,0.02,100.37,25373.65,1
2023-12-14,2023-12-14 14:28:00,256.27,256.32,256.27,256.32,0.02,100.37,25373.65,1
2023-12-14,2023-12-14 14:29:00,256.32,256.38,256.32,256.38,0.02,100.37,25373.65,1
2023-12-14,2023-12-14 14:30:00,256.38,256.43,256.38,256.43,0.02,100.37,25373.65,1
2023-12-14,2023-12-14 14:31:00,256.43,256.48,256.43,256.48,0.02,100.37,25373.65,1
2023-12-14,2023-12-14 14:32:00,256.48,256.54,256.48,256.54,0.02,100.37,25373.65,1
2023-12-14,2023-12-14 14:33:00,256.54,256.59,256.54,256.59,0.02,100.37,25373.65,1
2023-12-14,2023-12-14 14:34:00,256.59,256.65,256.59,256.65,0.02,100.37,25373.65,1
2023-12-14,2023-12-14 14:35:00,256.65,256.7,256.65,256.7,0.02,100.37,25373.65,1
2023-12-14,2023-12-14 14:36:00,256.7,256.75,256.7,256.75,0.02,100.37,25373.65,1
2023-12-14,2023-12-14 14:37:00,256.75,256.81,256.75,256.81,0.02,100.37,25373.65,1
2023-12-14,2023-12-14 14:38:00,256.81,256.86,256.81,256.86,0.02,100.37,25373.65,1
2023-12-14,2023-12-14 14:39:00,256.86,256.92,256.86,256.92,0.02,100.37,25373.65,1
2023-12-14,2023-12-14 14:40:00,256.92,256.97,256.92,256.97,0.02,100.37,25373.65,1
2023-12-14,2023-12-14 14:41:00,256.97,257.02,256.97,257.02,0.02,100.37,25373.65,1
2023-12-14,2023-12-14 14:42:00,257.02,257.08,257.02,257.08,0.02,100.37,25373.65,1
2023-12-14,2023-12-14 14:43:00,257.08,257.13,257.08,257.13,0.02,100.37,25373.65,1
2023-12-14,2023-12-14 14:44:00,257.13,257.19,257.13,257.19,0.02,100.37,25373.65,1
2023-12-14,2023-12-14 14:45:00,257.19,257.24,257.19,257.24,0.02,100.37,25373.65,1
2023-12-14,2023-12-14 14:46:00,257.24,257.3,257.24,257.3,0.02,100.37,25373.65,1
2023-12-14,2023-12-14 14:47:00,257.3,257.35,257.3,257.35,0.02,100.37,25373.65,1
2023-12-14,2023-12-14 14:48:00,257.35,257.4,257.35,257.4,0.02,100.37,25373.65,1
2023-12-14,2023-12-14 14:49:00,257.4,257.46,257.4,257.46,0.02,100.37,25373.65,1
2023-12-14,2023-12-14 14:50:00,257.46,257.51,257.46,257.51,0.02,100.37,25373.65,1
2023-12-14,2023-12-14 14:51:00,257.51,257.57,257.51,257.57,0.02,100.37,25373.65,1
2023-12-14,2023-12-14 14:52:00,257.57,257.62,257.57,257.62,0.02,100.37,25373.65,1
2023-12-14,2023-12-14 14:53:00,257.62,257.68,257.62,257.68,0.02,100.37,25373.65,1
2023-12-14,2023-12-14 14:54:00,257.68,257.73,257.68,257.73,0.02,100.37,25373.65,1
2023-12-14,2023-12-14 14:55:00,257.73,257.78,257.73,257.78,0.02,100.37,25373.65,1
2023-12-14,2023-12-14 14:56:00,257.78,257.84,257.78,257.84,0.02,100.37,25373.65,1
2023-12-14,2023-12-14 14:57:00,257.84,257.89,257.84,257.89,0.02,100.37,25373.65,1
2023-12-14,2023-12-14 14:58:00,257.89,257.95,257.89,257.95,0.02,100.37,25373.65,1
2023-12-14,2023-12-14 14:59:00,257.95,258.0,257.95,258.0,0.02,100.37,25373.65,1
2023-12-14,2023-12-14 15:00:00,258.0,259.7,240.0,258.0,0.0,100.37,25373.65,0
2023-12-17,2023-12-17 11:00:00,253.0,262.24,251.5,253.13,0.05,194.39,54031.91,1
2023-12-17,2023-12-17 11:01:00,253.13,253.26,253.13,253.26,0.05,194.39,54031.91,1
2023-12-17,2023-12-17 11:02:00,253.26,253.38,253.26,253.38,0.05,194.39,54031.91,1
2023-12-17,2023-12-17 11:03:00,253.38,253.51,253.38,253.51,0.05,194.39,54031.91,1
2023-12-17,2023-12-17 11:04:00,253.51,253.64,253.51,253.64,0.05,194.39,54031.91,1
2023-12-17,2023-12-17 11:05:00,253.64,253.77,253.64,253.77,0.05,194.39,54031.91,1
2023-12-17,2023-12-17 11:06:00,253.77,253.9,253.77,253.9,0.05,194.39,54031.91,1
2023-12-17,2023-12-17 11:07:00,253.9,254.03,253.9,254.03,0.05,194.39,54031.91,1
2023-12-17,2023-12-17 11:08:00,254.03,254.16,254.03,254.16,0.05,194.39,54031.91,1
2023-12-17,2023-12-17 11:09:00,254.16,254.28,254.16,254.28,0.05,194.39,54031.91,1
2023-12-17,2023-12-17 11:10:00,254.28,254.41,254.28,254.41,0.05,194.39,54031.91,1
2023-12-17,2023-12-17 11:11:00,254.41,254.54,254.41,254.54,0.05,194.39,54031.91,1
2023-12-17,2023-12-17 11:12:00,254.54,254.67,254.54,254.67,0.05,194.39,54031.91,1
2023-12-17,2023-12-17 11:13:00,254.67,254.8,254.67,254.8,0.05,194.39,54031.91,1
2023-12-17,2023-12-17 11:14:00,254.8,254.93,254.8,254.93,0.05,194.39,54031.91,1
2023-12-17,2023-12-17 11:15:00,254.93,255.05,254.93,255.05,0.05,194.39,54031.91,1
2023-12-17,2023-12-17 11:16:00,255.05,255.18,255.05,255.18,0.05,194.39,54031.91,1
2023-12-17,2023-12-17 11:17:00,255.18,255.31,255.18,255.31,0.05,194.39,54031.91,1
2023-12-17,2023-12-17 11:18:00,255.31,255.44,255.31,255.44,0.05,194.39,54031.91,1
2023-12-17,2023-12-17 11:19:00,255.44,255.57,255.44,255.57,0.05,194.39,54031.91,1
2023-12-17,2023-12-17 11:20:00,255.57,255.69,255.57,255.69,0.05,194.39,54031.91,1
2023-12-17,2023-12-17 11:21:00,255.69,255.82,255.69,255.82,0.05,194.39,54031.91,1
2023-12-17,2023-12-17 11:22:00,255.82,255.95,255.82,255.95,0.05,194.39,54031.91,1
2023-12-17,2023-12-17 11:23:00,255.95,256.08,255.95,256.08,0.05,194.39,54031.91,1
2023-12-17,2023-12-17 11:24:00,256.08,256.21,256.08,256.21,0.05,194.39,54031.91,1
2023-12-17,2023-12-17 11:25:00,256.21,256.34,256.21,256.34,0.05,194.39,54031.91,1
2023-12-17,2023-12-17 11:26:00,256.34,256.46,256.34,256.46,0.05,194.39,54031.91,1
2023-12-17,2023-12-17 11:27:00,256.46,256.59,256.46,256.59,0.05,194.39,54031.91,1
2023-12-17,2023-12-17 11:28:00,256.59,256.72,256.59,256.72,0.05,194.39,54031.91,1
2023-12-17,2023-12-17 11:29:00,256.72,256.85,256.72,256.85,0.05,194.39,54031.91,1
2023-12-17,2023-12-17 11:30:00,256.85,256.98,256.85,256.98,0.05,194.39,54031.91,1
2023-12-17,2023-12-17 11:31:00,256.98,257.11,256.98,257.11,0.05,194.39,54031.91,1
2023-12-17,2023-12-17 11:32:00,257.11,257.24,257.11,257.24,0.05,194.39,54031.91,1
2023-12-17,2023-12-17 11:33:00,257.24,257.36,257.24,257.36,0.05,194.39,54031.91,1
2023-12-17,2023-12-17 11:34:00,257.36,257.49,257.36,257.49,0.05,194.39,54031.91,1
2023-12-17,2023-12-17 11:35:00,257.49,257.62,257.49,257.62,0.05,194.39,54031.91,1
2023-12-17,2023-12-17 11:36:00,257.62,257.75,257.62,257.75,0.05,194.39,54031.91,1
2023-12-17,2023-12-17 11:37:00,257.75,257.88,257.75,257.88,0.05,194.39,54031.91,1
2023-12-17,2023-12-17 11:38:00,257.88,258.0,257.88,258.0,0.05,194.39,54031.91,1
2023-12-17,2023-12-17 11:39:00,258.0,258.13,258.0,258.13,0.05,194.39,54031.91,1
2023-12-17,2023-12-17 11:40:00,258.13,258.26,258.13,258.26,0.05,194.39,54031.91,1
2023-12-17,2023-12-17 11:41:00,258.26,258.39,258.26,258.39,0.05,194.39,54031.91,1
2023-12-17,2023-12-17 11:42:00,258.39,258.52,258.39,258.52,0.05,194.39,54031.91,1
2023-12-17,2023-12-17 11:43:00,258.52,258.65,258.52,258.65,0.05,194.39,54031.91,1
2023-12-17,2023-12-17 11:44:00,258.65,258.77,258.65,258.77,0.05,194.39,54031.91,1
2023-12-17,2023-12-17 11:45:00,258.77,258.9,258.77,258.9,0.05,194.39,54031.91,1
2023-12-17,2023-12-17 11:46:00,258.9,259.03,258.9,259.03,0.05,194.39,54031.91,1
2023-12-17,2023-12-17 11:47:00,259.03,259.16,259.03,259.16,0.05,194.39,54031.91,1
2023-12-17,2023-12-17 11:48:00,259.16,259.29,259.16,259.29,0.05,194.39,54031.91,1
2023-12-17,2023-12-17 11:49:00,259.29,259.42,259.29,259.42,0.05,194.39,54031.91,1
2023-12-17,2023-12-17 11:50:00,259.42,259.55,259.42,259.55,0.05,194.39,54031.91,1
2023-12-17,2023-12-17 11:51:00,259.55,259.67,259.55,259.67,0.05,194.39,54031.91,1
2023-12-17,2023-12-17 11:52:00,259.67,259.8,259.67,259.8,0.05,194.39,54031.91,1
2023-12-17,2023-12-17 11:53:00,259.8,259.93,259.8,259.93,0.05,194.39,54031.91,1
2023-12-17,2023-12-17 11:54:00,259.93,260.06,259.93,260.06,0.05,194.39,54031.91,1
2023-12-17,2023-12-17 11:55:00,260.06,260.19,260.06,260.19,0.05,194.39,54031.91,1
2023-12-17,2023-12-17 11:56:00,260.19,260.31,260.19,260.31,0.05,194.39,54031.91,1
2023-12-17,2023-12-17 11:57:00,260.31,260.44,260.31,260.44,0.05,194.39,54031.91,1
2023-12-17,2023-12-17 11:58:00,260.44,260.57,260.44,260.57,0.05,194.39,54031.91,1
2023-12-17,2023-12-17 11:59:00,260.57,260.7,260.57,260.7,0.05,194.39,54031.91,1
2023-12-17,2023-12-17 12:00:00,260.7,260.83,260.7,260.83,0.05,194.39,54031.91,1
2023-12-17,2023-12-17 12:01:00,260.83,260.96,260.83,260.96,0.05,194.39,54031.91,1
2023-12-17,2023-12-17 12:02:00,260.96,261.08,260.96,261.08,0.05,194.39,54031.91,1
2023-12-17,2023-12-17 12:03:00,261.08,261.21,261.08,261.21,0.05,194.39,54031.91,1
2023-12-17,2023-12-17 12:04:00,261.21,261.34,261.21,261.34,0.05,194.39,54031.91,1
2023-12-17,2023-12-17 12:05:00,261.34,261.47,261.34,261.47,0.05,194.39,54031.91,1
2023-12-17,2023-12-17 12:06:00,261.47,261.6,261.47,261.6,0.05,194.39,54031.91,1
2023-12-17,2023-12-17 12:07:00,261.6,261.73,261.6,261.73,0.05,194.39,54031.91,1
2023-12-17,2023-12-17 12:08:00,261.73,261.86,261.73,261.86,0.05,194.39,54031.91,1
2023-12-17,2023-12-17 12:09:00,261.86,261.98,261.86,261.98,0.05,194.39,54031.91,1
2023-12-17,2023-12-17 12:10:00,261.98,262.11,261.98,262.11,0.05,194.39,54031.91,1
2023-12-17,2023-12-17 12:11:00,262.11,262.24,262.11,262.24,0.05,194.39,54031.91,1
2023-12-17,2023-12-17 12:12:00,262.24,262.37,262.24,262.37,0.05,194.39,54031.91,1
2023-12-17,2023-12-17 12:13:00,262.37,262.5,262.37,262.5,0.05,194.39,54031.91,1
2023-12-17,2023-12-17 12:14:00,262.5,262.62,262.5,262.62,0.05,194.39,54031.91,1
2023-12-17,2023-12-17 12:15:00,262.62,262.75,262.62,262.75,0.05,194.39,54031.91,1
2023-12-17,2023-12-17 12:16:00,262.75,262.88,262.75,262.88,0.05,194.39,54031.91,1
2023-12-17,2023-12-17 12:17:00,262.88,263.01,262.88,263.01,0.05,194.39,54031.91,1
2023-12-17,2023-12-17 12:18:00,263.01,263.14,263.01,263.14,0.05,194.39,54031.91,1
2023-12-17,2023-12-17 12:19:00,263.14,263.27,263.14,263.27,0.05,194.39,54031.91,1
2023-12-17,2023-12-17 12:20:00,263.27,263.39,263.27,263.39,0.05,194.39,54031.91,1
2023-12-17,2023-12-17 12:21:00,263.39,263.52,263.39,263.52,0.05,194.39,54031.91,1
2023-12-17,2023-12-17 12:22:00,263.52,263.65,263.52,263.65,0.05,194.39,54031.91,1
2023-12-17,2023-12-17 12:23:00,263.65,263.78,263.65,263.78,0.05,194.39,54031.91,1
2023-12-17,2023-12-17 12:24:00,263.78,263.91,263.78,263.91,0.05,194.39,54031.91,1
2023-12-17,2023-12-17 12:25:00,263.91,264.04,263.91,264.04,0.05,194.39,54031.91,1
2023-12-17,2023-12-17 12:26:00,264.04,264.17,264.04,264.17,0.05,194.39,54031.91,1
2023-12-17,2023-12-17 12:27:00,264.17,264.29,264.17,264.29,0.05,194.39,54031.91,1
2023-12-17,2023-12-17 12:28:00,264.29,264.42,264.29,264.42,0.05,194.39,54031.91,1
2023-12-17,2023-12-17 12:29:00,264.42,264.55,264.42,264.55,0.05,194.39,54031.91,1
2023-12-17,2023-12-17 12:30:00,264.55,264.68,264.55,264.68,0.05,194.39,54031.91,1
2023-12-17,2023-12-17 12:31:00,264.68,264.81,264.68,264.81,0.05,194.39,54031.91,1
2023-12-17,2023-12-17 12:32:00,264.81,264.94,264.81,264.94,0.05,194.39,54031.91,1
2023-12-17,2023-12-17 12:33:00,264.94,265.06,264.94,265.06,0.05,194.39,54031.91,1
2023-12-17,2023-12-17 12:34:00,265.06,265.19,265.06,265.19,0.05,194.39,54031.91,1
2023-12-17,2023-12-17 12:35:00,265.19,265.32,265.19,265.32,0.05,194.39,54031.91,1
2023-12-17,2023-12-17 12:36:00,265.32,265.45,265.32,265.45,0.05,194.39,54031.91,1
2023-12-17,2023-12-17 12:37:00,265.45,265.58,265.45,265.58,0.05,194.39,54031.91,1
2023-12-17,2023-12-17 12:38:00,265.58,265.7,265.58,265.7,0.05,194.39,54031.91,1
2023-12-17,2023-12-17 12:39:00,265.7,265.83,265.7,265.83,0.05,194.39,54031.91,1
2023-12-17,2023-12-17 12:40:00,265.83,265.96,265.83,265.96,0.05,194.39,54031.91,1
2023-12-17,2023-12-17 12:41:00,265.96,266.09,265.96,266.09,0.05,194.39,54031.91,1
2023-12-17,2023-12-17 12:42:00,266.09,266.22,266.09,266.22,0.05,194.39,54031.91,1
2023-12-17,2023-12-17 12:43:00,266.22,266.35,266.22,266.35,0.05,194.39,54031.91,1
2023-12-17,2023-12-17 12:44:00,266.35,266.48,266.35,266.48,0.05,194.39,54031.91,1
2023-12-17,2023-12-17 12:45:00,266.48,266.6,266.48,266.6,0.05,194.39,54031.91,1
2023-12-17,2023-12-17 12:46:00,266.6,266.73,266.6,266.73,0.05,194.39,54031.91,1
2023-12-17,2023-12-17 12:47:00,266.73,266.86,266.73,266.86,0.05,194.39,54031.91,1
2023-12-17,2023-12-17 12:48:00,266.86,266.99,266.86,266.99,0.05,194.39,54031.91,1
2023-12-17,2023-12-17 12:49:00,266.99,267.12,266.99,267.12,0.05,194.39,54031.91,1
2023-12-17,2023-12-17 12:50:00,267.12,267.25,267.12,267.25,0.05,194.39,54031.91,1
2023-12-17,2023-12-17 12:51:00,267.25,267.37,267.25,267.37,0.04,194.39,54031.91,1
2023-12-17,2023-12-17 12:52:00,267.37,267.5,267.37,267.5,0.05,194.39,54031.91,1
2023-12-17,2023-12-17 12:53:00,267.5,267.63,267.5,267.63,0.05,194.39,54031.91,1
2023-12-17,2023-12-17 12:54:00,267.63,267.76,267.63,267.76,0.05,194.39,54031.91,1
2023-12-17,2023-12-17 12:55:00,267.76,267.89,267.76,267.89,0.05,194.39,54031.91,1
2023-12-17,2023-12-17 12:56:00,267.89,268.01,267.89,268.01,0.04,194.39,54031.91,1
2023-12-17,2023-12-17 12:57:00,268.01,268.14,268.01,268.14,0.05,194.39,54031.91,1
2023-12-17,2023-12-17 12:58:00,268.14,268.27,268.14,268.27,0.05,194.39,54031.91,1
2023-12-17,2023-12-17 12:59:00,268.27,268.4,268.27,268.4,0.05,194.39,54031.91,1
2023-12-17,2023-12-17 13:00:00,268.4,283.8,248.0,268.53,0.05,194.39,54031.91,1
2023-12-17,2023-12-17 13:01:00,268.53,268.66,268.53,268.66,0.05,194.39,54031.91,1
2023-12-17,2023-12-17 13:02:00,268.66,268.79,268.66,268.79,0.05,194.39,54031.91,1
2023-12-17,2023-12-17 13:03:00,268.79,268.91,268.79,268.91,0.04,194.39,54031.91,1
2023-12-17,2023-12-17 13:04:00,268.91,269.04,268.91,269.04,0.05,194.39,54031.91,1
2023-12-17,2023-12-17 13:05:00,269.04,269.17,269.04,269.17,0.05,194.39,54031.91,1
2023-12-17,2023-12-17 13:06:00,269.17,269.3,269.17,269.3,0.05,194.39,54031.91,1
2023-12-17,2023-12-17 13:07:00,269.3,269.43,269.3,269.43,0.05,194.39,54031.91,1
2023-12-17,2023-12-17 13:08:00,269.43,269.56,269.43,269.56,0.05,194.39,54031.91,1
2023-12-17,2023-12-17 13:09:00,269.56,269.68,269.56,269.68,0.04,194.39,54031.91,1
2023-12-17,2023-12-17 13:10:00,269.68,269.81,269.68,269.81,0.05,194.39,54031.91,1
2023-12-17,2023-12-17 13:11:00,269.81,269.94,269.81,269.94,0.05,194.39,54031.91,1
2023-12-17,2023-12-17 13:12:00,269.94,270.07,269.94,270.07,0.05,194.39,54031.91,1
2023-12-17,2023-12-17 13:13:00,270.07,270.2,270.07,270.2,0.05,194.39,54031.91,1
2023-12-17,2023-12-17 13:14:00,270.2,270.32,270.2,270.32,0.04,194.39,54031.91,1
2023-12-17,2023-12-17 13:15:00,270.32,270.45,270.32,270.45,0.05,194.39,54031.91,1
2023-12-17,2023-12-17 13:16:00,270.45,270.58,270.45,270.58,0.05,194.39,54031.91,1
2023-12-17,2023-12-17 13:17:00,270.58,270.71,270.58,270.71,0.05,194.39,54031.91,1
2023-12-17,2023-12-17 13:18:00,270.71,270.84,270.71,270.84,0.05,194.39,54031.91,1
2023-12-17,2023-12-17 13:19:00,270.84,270.97,270.84,270.97,0.05,194.39,54031.91,1
2023-12-17,2023-12-17 13:20:00,270.97,271.1,270.97,271.1,0.05,194.39,54031.91,1
2023-12-17,2023-12-17 13:21:00,271.1,271.22,271.1,271.22,0.04,194.39,54031.91,1
2023-12-17,2023-12-17 13:22:00,271.22,271.35,271.22,271.35,0.05,194.39,54031.91,1
2023-12-17,2023-12-17 13:23:00,271.35,271.48,271.35,271.48,0.05,194.39,54031.91,1
2023-12-17,2023-12-17 13:24:00,271.48,271.61,271.48,271.61,0.05,194.39,54031.91,1
2023-12-17,2023-12-17 13:25:00,271.61,271.74,271.61,271.74,0.05,194.39,54031.91,1
2023-12-17,2023-12-17 13:26:00,271.74,271.87,271.74,271.87,0.05,194.39,54031.91,1
2023-12-17,2023-12-17 13:27:00,271.87,271.99,271.87,271.99,0.04,194.39,54031.91,1
2023-12-17,2023-12-17 13:28:00,271.99,272.12,271.99,272.12,0.05,194.39,54031.91,1
2023-12-17,2023-12-17 13:29:00,272.12,272.25,272.12,272.25,0.05,194.39,54031.91,1
2023-12-17,2023-12-17 13:30:00,272.25,272.38,272.25,272.38,0.05,194.39,54031.91,1
2023-12-17,2023-12-17 13:31:00,272.38,272.51,272.38,272.51,0.05,194.39,54031.91,1
2023-12-17,2023-12-17 13:32:00,272.51,272.63,272.51,272.63,0.04,194.39,54031.91,1
2023-12-17,2023-12-17 13:33:00,272.63,272.76,272.63,272.76,0.05,194.39,54031.91,1
2023-12-17,2023-12-17 13:34:00,272.76,272.89,272.76,272.89,0.05,194.39,54031.91,1
2023-12-17,2023-12-17 13:35:00,272.89,273.02,272.89,273.02,0.05,194.39,54031.91,1
2023-12-17,2023-12-17 13:36:00,273.02,273.15,273.02,273.15,0.05,194.39,54031.91,1
2023-12-17,2023-12-17 13:37:00,273.15,273.28,273.15,273.28,0.05,194.39,54031.91,1
2023-12-17,2023-12-17 13:38:00,273.28,273.41,273.28,273.41,0.05,194.39,54031.91,1
2023-12-17,2023-12-17 13:39:00,273.41,273.53,273.41,273.53,0.04,194.39,54031.91,1
2023-12-17,2023-12-17 13:40:00,273.53,273.66,273.53,273.66,0.05,194.39,54031.91,1
2023-12-17,2023-12-17 13:41:00,273.66,273.79,273.66,273.79,0.05,194.39,54031.91,1
2023-12-17,2023-12-17 13:42:00,273.79,273.92,273.79,273.92,0.05,194.39,54031.91,1
2023-12-17,2023-12-17 13:43:00,273.92,274.05,273.92,274.05,0.05,194.39,54031.91,1
2023-12-17,2023-12-17 13:44:00,274.05,274.18,274.05,274.18,0.05,194.39,54031.91,1
2023-12-17,2023-12-17 13:45:00,274.18,274.3,274.18,274.3,0.04,194.39,54031.91,1
2023-12-17,2023-12-17 13:46:00,274.3,274.43,274.3,274.43,0.05,194.39,54031.91,1
2023-12-17,2023-12-17 13:47:00,274.43,274.56,274.43,274.56,0.05,194.39,54031.91,1
2023-12-17,2023-12-17 13:48:00,274.56,274.69,274.56,274.69,0.05,194.39,54031.91,1
2023-12-17,2023-12-17 13:49:00,274.69,274.82,274.69,274.82,0.05,194.39,54031.91,1
2023-12-17,2023-12-17 13:50:00,274.82,274.94,274.82,274.94,0.04,194.39,54031.91,1
2023-12-17,2023-12-17 13:51:00,274.94,275.07,274.94,275.07,0.05,194.39,54031.91,1
2023-12-17,2023-12-17 13:52:00,275.07,275.2,275.07,275.2,0.05,194.39,54031.91,1
2023-12-17,2023-12-17 13:53:00,275.2,275.33,275.2,275.33,0.05,194.39,54031.91,1
2023-12-17,2023-12-17 13:54:00,275.33,275.46,275.33,275.46,0.05,194.39,54031.91,1
2023-12-17,2023-12-17 13:55:00,275.46,275.59,275.46,275.59,0.05,194.39,54031.91,1
2023-12-17,2023-12-17 13:56:00,275.59,275.72,275.59,275.72,0.05,194.39,54031.91,1
2023-12-17,2023-12-17 13:57:00,275.72,275.84,275.72,275.84,0.04,194.39,54031.91,1
2023-12-17,2023-12-17 13:58:00,275.84,275.97,275.84,275.97,0.05,194.39,54031.91,1
2023-12-17,2023-12-17 13:59:00,275.97,276.1,275.97,276.1,0.05,194.39,54031.91,1
2023-12-17,2023-12-17 14:00:00,276.1,276.23,276.1,276.23,0.05,194.39,54031.91,1
2023-12-17,2023-12-17 14:01:00,276.23,276.36,276.23,276.36,0.05,194.39,54031.91,1
2023-12-17,2023-12-17 14:02:00,276.36,276.49,276.36,276.49,0.05,194.39,54031.91,1
2023-12-17,2023-12-17 14:03:00,276.49,276.61,276.49,276.61,0.04,194.39,54031.91,1
2023-12-17,2023-12-17 14:04:00,276.61,276.74,276.61,276.74,0.05,194.39,54031.91,1
2023-12-17,2023-12-17 14:05:00,276.74,276.87,276.74,276.87,0.05,194.39,54031.91,1
2023-12-17,2023-12-17 14:06:00,276.87,277.0,276.87,277.0,0.05,194.39,54031.91,1
2023-12-17,2023-12-17 14:07:00,277.0,277.13,277.0,277.13,0.05,194.39,54031.91,1
2023-12-17,2023-12-17 14:08:00,277.13,277.25,277.13,277.25,0.04,194.39,54031.91,1
2023-12-17,2023-12-17 14:09:00,277.25,277.38,277.25,277.38,0.05,194.39,54031.91,1
2023-12-17,2023-12-17 14:10:00,277.38,277.51,277.38,277.51,0.05,194.39,54031.91,1
2023-12-17,2023-12-17 14:11:00,277.51,277.64,277.51,277.64,0.05,194.39,54031.91,1
2023-12-17,2023-12-17 14:12:00,277.64,277.77,277.64,277.77,0.05,194.39,54031.91,1
2023-12-17,2023-12-17 14:13:00,277.77,277.9,277.77,277.9,0.05,194.39,54031.91,1
2023-12-17,2023-12-17 14:14:00,277.9,278.03,277.9,278.03,0.05,194.39,54031.91,1
2023-12-17,2023-12-17 14:15:00,278.03,278.15,278.03,278.15,0.04,194.39,54031.91,1
2023-12-17,2023-12-17 14:16:00,278.15,278.28,278.15,278.28,0.05,194.39,54031.91,1
2023-12-17,2023-12-17 14:17:00,278.28,278.41,278.28,278.41,0.05,194.39,54031.91,1
2023-12-17,2023-12-17 14:18:00,278.41,278.54,278.41,278.54,0.05,194.39,54031.91,1
2023-12-17,2023-12-17 14:19:00,278.54,278.67,278.54,278.67,0.05,194.39,54031.91,1
2023-12-17,2023-12-17 14:20:00,278.67,278.8,278.67,278.8,0.05,194.39,54031.91,1
2023-12-17,2023-12-17 14:21:00,278.8,278.92,278.8,278.92,0.04,194.39,54031.91,1
2023-12-17,2023-12-17 14:22:00,278.92,279.05,278.92,279.05,0.05,194.39,54031.91,1
2023-12-17,2023-12-17 14:23:00,279.05,279.18,279.05,279.18,0.05,194.39,54031.91,1
2023-12-17,2023-12-17 14:24:00,279.18,279.31,279.18,279.31,0.05,194.39,54031.91,1
2023-12-17,2023-12-17 14:25:00,279.31,279.44,279.31,279.44,0.05,194.39,54031.91,1
2023-12-17,2023-12-17 14:26:00,279.44,279.56,279.44,279.56,0.04,194.39,54031.91,1
2023-12-17,2023-12-17 14:27:00,279.56,279.69,279.56,279.69,0.05,194.39,54031.91,1
2023-12-17,2023-12-17 14:28:00,279.69,279.82,279.69,279.82,0.05,194.39,54031.91,1
2023-12-17,2023-12-17 14:29:00,279.82,279.95,279.82,279.95,0.05,194.39,54031.91,1
2023-12-17,2023-12-17 14:30:00,279.95,280.08,279.95,280.08,0.05,194.39,54031.91,1
2023-12-17,2023-12-17 14:31:00,280.08,280.21,280.08,280.21,0.05,194.39,54031.91,1
2023-12-17,2023-12-17 14:32:00,280.21,280.34,280.21,280.34,0.05,194.39,54031.91,1
2023-12-17,2023-12-17 14:33:00,280.34,280.46,280.34,280.46,0.04,194.39,54031.91,1
2023-12-17,2023-12-17 14:34:00,280.46,280.59,280.46,280.59,0.05,194.39,54031.91,1
2023-12-17,2023-12-17 14:35:00,280.59,280.72,280.59,280.72,0.05,194.39,54031.91,1
2023-12-17,2023-12-17 14:36:00,280.72,280.85,280.72,280.85,0.05,194.39,54031.91,1
2023-12-17,2023-12-17 14:37:00,280.85,280.98,280.85,280.98,0.05,194.39,54031.91,1
2023-12-17,2023-12-17 14:38:00,280.98,281.11,280.98,281.11,0.05,194.39,54031.91,1
2023-12-17,2023-12-17 14:39:00,281.11,281.23,281.11,281.23,0.04,194.39,54031.91,1
2023-12-17,2023-12-17 14:40:00,281.23,281.36,281.23,281.36,0.05,194.39,54031.91,1
2023-12-17,2023-12-17 14:41:00,281.36,281.49,281.36,281.49,0.05,194.39,54031.91,1
2023-12-17,2023-12-17 14:42:00,281.49,281.62,281.49,281.62,0.05,194.39,54031.91,1
2023-12-17,2023-12-17 14:43:00,281.62,281.75,281.62,281.75,0.05,194.39,54031.91,1
2023-12-17,2023-12-17 14:44:00,281.75,281.88,281.75,281.88,0.05,194.39,54031.91,1
2023-12-17,2023-12-17 14:45:00,281.88,282.0,281.88,282.0,0.04,194.39,54031.91,1
2023-12-17,2023-12-17 14:46:00,282.0,282.13,282.0,282.13,0.05,194.39,54031.91,1
2023-12-17,2023-12-17 14:47:00,282.13,282.26,282.13,282.26,0.05,194.39,54031.91,1
2023-12-17,2023-12-17 14:48:00,282.26,282.39,282.26,282.39,0.05,194.39,54031.91,1
2023-12-17,2023-12-17 14:49:00,282.39,282.52,282.39,282.52,0.05,194.39,54031.91,1
2023-12-17,2023-12-17 14:50:00,282.52,282.64,282.52,282.64,0.04,194.39,54031.91,1
2023-12-17,2023-12-17 14:51:00,282.64,282.77,282.64,282.77,0.05,194.39,54031.91,1
2023-12-17,2023-12-17 14:52:00,282.77,282.9,282.77,282.9,0.05,194.39,54031.91,1
2023-12-17,2023-12-17 14:53:00,282.9,283.03,282.9,283.03,0.05,194.39,54031.91,1
2023-12-17,2023-12-17 14:54:00,283.03,283.16,283.03,283.16,0.05,194.39,54031.91,1
2023-12-17,2023-12-17 14:55:00,283.16,283.29,283.16,283.29,0.05,194.39,54031.91,1
2023-12-17,2023-12-17 14:56:00,283.29,283.42,283.29,283.42,0.05,194.39,54031.91,1
2023-12-17,2023-12-17 14:57:00,283.42,283.54,283.42,283.54,0.04,194.39,54031.91,1
2023-12-17,2023-12-17 14:58:00,283.54,283.67,283.54,283.67,0.05,194.39,54031.91,1
2023-12-17,2023-12-17 14:59:00,283.67,283.8,283.67,283.8,0.05,194.39,54031.91,1
2023-12-17,2023-12-17 15:00:00,283.8,283.8,248.0,283.8,0.0,194.39,54031.91,0
2023-12-18,2023-12-18 11:00:00,289.0,293.2,284.62,288.98,-0.01,206.63,59817.83,-1
2023-12-18,2023-12-18 11:01:00,288.98,288.98,288.95,288.95,-0.01,206.63,59817.83,-1
2023-12-18,2023-12-18 11:02:00,288.95,288.95,288.93,288.93,-0.01,206.63,59817.83,-1
2023-12-18,2023-12-18 11:03:00,288.93,288.93,288.9,288.9,-0.01,206.63,59817.83,-1
2023-12-18,2023-12-18 11:04:00,288.9,288.9,288.88,288.88,-0.01,206.63,59817.83,-1
2023-12-18,2023-12-18 11:05:00,288.88,288.88,288.85,288.85,-0.01,206.63,59817.83,-1
2023-12-18,2023-12-18 11:06:00,288.85,288.85,288.82,288.82,-0.01,206.63,59817.83,-1
2023-12-18,2023-12-18 11:07:00,288.82,288.82,288.8,288.8,-0.01,206.63,59817.83,-1
2023-12-18,2023-12-18 11:08:00,288.8,288.8,288.77,288.77,-0.01,206.63,59817.83,-1
2023-12-18,2023-12-18 11:09:00,288.77,288.77,288.75,288.75,-0.01,206.63,59817.83,-1
2023-12-18,2023-12-18 11:10:00,288.75,288.75,288.73,288.73,-0.01,206.63,59817.83,-1
2023-12-18,2023-12-18 11:11:00,288.73,288.73,288.7,288.7,-0.01,206.63,59817.83,-1
2023-12-18,2023-12-18 11:12:00,288.7,288.7,288.68,288.68,-0.01,206.63,59817.83,-1
2023-12-18,2023-12-18 11:13:00,288.68,288.68,288.65,288.65,-0.01,206.63,59817.83,-1
2023-12-18,2023-12-18 11:14:00,288.65,288.65,288.62,288.62,-0.01,206.63,59817.83,-1
2023-12-18,2023-12-18 11:15:00,288.62,288.62,288.6,288.6,-0.01,206.63,59817.83,-1
2023-12-18,2023-12-18 11:16:00,288.6,288.6,288.57,288.57,-0.01,206.63,59817.83,-1
2023-12-18,2023-12-18 11:17:00,288.57,288.57,288.55,288.55,-0.01,206.63,59817.83,-1
2023-12-18,2023-12-18 11:18:00,288.55,288.55,288.52,288.52,-0.01,206.63,59817.83,-1
2023-12-18,2023-12-18 11:19:00,288.52,288.52,288.5,288.5,-0.01,206.63,59817.83,-1
2023-12-18,2023-12-18 11:20:00,288.5,288.5,288.48,288.48,-0.01,206.63,59817.83,-1
2023-12-18,2023-12-18 11:21:00,288.48,288.48,288.45,288.45,-0.01,206.63,59817.83,-1
2023-12-18,2023-12-18 11:22:00,288.45,288.45,288.43,288.43,-0.01,206.63,59817.83,-1
2023-12-18,2023-12-18 11:23:00,288.43,288.43,288.4,288.4,-0.01,206.63,59817.83,-1
2023-12-18,2023-12-18 11:24:00,288.4,288.4,288.38,288.38,-0.01,206.63,59817.83,-1
2023-12-18,2023-12-18 11:25:00,288.38,288.38,288.35,288.35,-0.01,206.63,59817.83,-1
2023-12-18,2023-12-18 11:26:00,288.35,288.35,288.32,288.32,-0.01,206.63,59817.83,-1
2023-12-18,2023-12-18 11:27:00,288.32,288.32,288.3,288.3,-0.01,206.63,59817.83,-1
2023-12-18,2023-12-18 11:28:00,288.3,288.3,288.27,288.27,-0.01,206.63,59817.83,-1
2023-12-18,2023-12-18 11:29:00,288.27,288.27,288.25,288.25,-0.01,206.63,59817.83,-1
2023-12-18,2023-12-18 11:30:00,288.25,288.25,288.23,288.23,-0.01,206.63,59817.83,-1
2023-12-18,2023-12-18 11:31:00,288.23,288.23,288.2,288.2,-0.01,206.63,59817.83,-1
2023-12-18,2023-12-18 11:32:00,288.2,288.2,288.18,288.18,-0.01,206.63,59817.83,-1
2023-12-18,2023-12-18 11:33:00,288.18,288.18,288.15,288.15,-0.01,206.63,59817.83,-1
2023-12-18,2023-12-18 11:34:00,288.15,288.15,288.12,288.12,-0.01,206.63,59817.83,-1
2023-12-18,2023-12-18 11:35:00,288.12,288.12,288.1,288.1,-0.01,206.63,59817.83,-1
2023-12-18,2023-12-18 11:36:00,288.1,288.1,288.07,288.07,-0.01,206.63,59817.83,-1
2023-12-18,2023-12-18 11:37:00,288.07,288.07,288.05,288.05,-0.01,206.63,59817.83,-1
2023-12-18,2023-12-18 11:38:00,288.05,288.05,288.02,288.02,-0.01,206.63,59817.83,-1
2023-12-18,2023-12-18 11:39:00,288.02,288.02,288.0,288.0,-0.01,206.63,59817.83,-1
2023-12-18,2023-12-18 11:40:00,288.0,288.0,287.98,287.98,-0.01,206.63,59817.83,-1
2023-12-18,2023-12-18 11:41:00,287.98,287.98,287.95,287.95,-0.01,206.63,59817.83,-1
2023-12-18,2023-12-18 11:42:00,287.95,287.95,287.93,287.93,-0.01,206.63,59817.83,-1
2023-12-18,2023-12-18 11:43:00,287.93,287.93,287.9,287.9,-0.01,206.63,59817.83,-1
2023-12-18,2023-12-18 11:44:00,287.9,287.9,287.88,287.88,-0.01,206.63,59817.83,-1
2023-12-18,2023-12-18 11:45:00,287.88,287.88,287.85,287.85,-0.01,206.63,59817.83,-1
2023-12-18,2023-12-18 11:46:00,287.85,287.85,287.82,287.82,-0.01,206.63,59817.83,-1
2023-12-18,2023-12-18 11:47:00,287.82,287.82,287.8,287.8,-0.01,206.63,59817.83,-1
2023-12-18,2023-12-18 11:48:00,287.8,287.8,287.77,287.77,-0.01,206.63,59817.83,-1
2023-12-18,2023-12-18 11:49:00,287.77,287.77,287.75,287.75,-0.01,206.63,59817.83,-1
2023-12-18,2023-12-18 11:50:00,287.75,287.75,287.73,287.73,-0.01,206.63,59817.83,-1
2023-12-18,2023-12-18 11:51:00,287.73,287.73,287.7,287.7,-0.01,206.63,59817.83,-1
2023-12-18,2023-12-18 11:52:00,287.7,287.7,287.68,287.68,-0.01,206.63,59817.83,-1
2023-12-18,2023-12-18 11:53:00,287.68,287.68,287.65,287.65,-0.01,206.63,59817.83,-1
2023-12-18,2023-12-18 11:54:00,287.65,287.65,287.62,287.62,-0.01,206.63,59817.83,-1
2023-12-18,2023-12-18 11:55:00,287.62,287.62,287.6,287.6,-0.01,206.63,59817.83,-1
2023-12-18,2023-12-18 11:56:00,287.6,287.6,287.57,287.57,-0.01,206.63,59817.83,-1
2023-12-18,2023-12-18 11:57:00,287.57,287.57,287.55,287.55,-0.01,206.63,59817.83,-1
2023-12-18,2023-12-18 11:58:00,287.55,287.55,287.52,287.52,-0.01,206.63,59817.83,-1
2023-12-18,2023-12-18 11:59:00,287.52,287.52,287.5,287.5,-0.01,206.63,59817.83,-1
2023-12-18,2023-12-18 12:00:00,287.5,287.5,287.48,287.48,-0.01,206.63,59817.83,-1
2023-12-18,2023-12-18 12:01:00,287.48,287.48,287.45,287.45,-0.01,206.63,59817.83,-1
2023-12-18,2023-12-18 12:02:00,287.45,287.45,287.43,287.43,-0.01,206.63,59817.83,-1
2023-12-18,2023-12-18 12:03:00,287.43,287.43,287.4,287.4,-0.01,206.63,59817.83,-1
2023-12-18,2023-12-18 12:04:00,287.4,287.4,287.38,287.38,-0.01,206.63,59817.83,-1
2023-12-18,2023-12-18 12:05:00,287.38,287.38,287.35,287.35,-0.01,206.63,59817.83,-1
2023-12-18,2023-12-18 12:06:00,287.35,287.35,287.32,287.32,-0.01,206.63,59817.83,-1
2023-12-18,2023-12-18 12:07:00,287.32,287.32,287.3,287.3,-0.01,206.63,59817.83,-1
2023-12-18,2023-12-18 12:08:00,287.3,287.3,287.27,287.27,-0.01,206.63,59817.83,-1
2023-12-18,2023-12-18 12:09:00,287.27,287.27,287.25,287.25,-0.01,206.63,59817.83,-1
2023-12-18,2023-12-18 12:10:00,287.25,287.25,287.23,287.23,-0.01,206.63,59817.83,-1
2023-12-18,2023-12-18 12:11:00,287.23,287.23,287.2,287.2,-0.01,206.63,59817.83,-1
2023-12-18,2023-12-18 12:12:00,287.2,287.2,287.18,287.18,-0.01,206.63,59817.83,-1
2023-12-18,2023-12-18 12:13:00,287.18,287.18,287.15,287.15,-0.01,206.63,59817.83,-1
2023-12-18,2023-12-18 12:14:00,287.15,287.15,287.12,287.12,-0.01,206.63,59817.83,-1
2023-12-18,2023-12-18 12:15:00,287.12,287.12,287.1,287.1,-0.01,206.63,59817.83,-1
2023-12-18,2023-12-18 12:16:00,287.1,287.1,287.07,287.07,-0.01,206.63,59817.83,-1
2023-12-18,2023-12-18 12:17:00,287.07,287.07,287.05,287.05,-0.01,206.63,59817.83,-1
2023-12-18,2023-12-18 12:18:00,287.05,287.05,287.02,287.02,-0.01,206.63,59817.83,-1
2023-12-18,2023-12-18 12:19:00,287.02,287.02,287.0,287.0,-0.01,206.63,59817.83,-1
2023-12-18,2023-12-18 12:20:00,287.0,287.0,286.98,286.98,-0.01,206.63,59817.83,-1
2023-12-18,2023-12-18 12:21:00,286.98,286.98,286.95,286.95,-0.01,206.63,59817.83,-1
2023-12-18,2023-12-18 12:22:00,286.95,286.95,286.93,286.93,-0.01,206.63,59817.83,-1
2023-12-18,2023-12-18 12:23:00,286.93,286.93,286.9,286.9,-0.01,206.63,59817.83,-1
2023-12-18,2023-12-18 12:24:00,286.9,286.9,286.88,286.88,-0.01,206.63,59817.83,-1
2023-12-18,2023-12-18 12:25:00,286.88,286.88,286.85,286.85,-0.01,206.63,59817.83,-1
2023-12-18,2023-12-18 12:26:00,286.85,286.85,286.82,286.82,-0.01,206.63,59817.83,-1
2023-12-18,2023-12-18 12:27:00,286.82,286.82,286.8,286.8,-0.01,206.63,59817.83,-1
2023-12-18,2023-12-18 12:28:00,286.8,286.8,286.77,286.77,-0.01,206.63,59817.83,-1
2023-12-18,2023-12-18 12:29:00,286.77,286.77,286.75,286.75,-0.01,206.63,59817.83,-1
2023-12-18,2023-12-18 12:30:00,286.75,286.75,286.73,286.73,-0.01,206.63,59817.83,-1
2023-12-18,2023-12-18 12:31:00,286.73,286.73,286.7,286.7,-0.01,206.63,59817.83,-1
2023-12-18,2023-12-18 12:32:00,286.7,286.7,286.68,286.68,-0.01,206.63,59817.83,-1
2023-12-18,2023-12-18 12:33:00,286.68,286.68,286.65,286.65,-0.01,206.63,59817.83,-1
2023-12-18,2023-12-18 12:34:00,286.65,286.65,286.62,286.62,-0.01,206.63,59817.83,-1
2023-12-18,2023-12-18 12:35:00,286.62,286.62,286.6,286.6,-0.01,206.63,59817.83,-1
2023-12-18,2023-12-18 12:36:00,286.6,286.6,286.57,286.57,-0.01,206.63,59817.83,-1
2023-12-18,2023-12-18 12:37:00,286.57,286.57,286.55,286.55,-0.01,206.63,59817.83,-1
2023-12-18,2023-12-18 12:38:00,286.55,286.55,286.52,286.52,-0.01,206.63,59817.83,-1
2023-12-18,2023-12-18 12:39:00,286.52,286.52,286.5,286.5,-0.01,206.63,59817.83,-1
2023-12-18,2023-12-18 12:40:00,286.5,286.5,286.48,286.48,-0.01,206.63,59817.83,-1
2023-12-18,2023-12-18 12:41:00,286.48,286.48,286.45,286.45,-0.01,206.63,59817.83,-1
2023-12-18,2023-12-18 12:42:00,286.45,286.45,286.43,286.43,-0.01,206.63,59817.83,-1
2023-12-18,2023-12-18 12:43:00,286.43,286.43,286.4,286.4,-0.01,206.63,59817.83,-1
2023-12-18,2023-12-18 12:44:00,286.4,286.4,286.38,286.38,-0.01,206.63,59817.83,-1
2023-12-18,2023-12-18 12:45:00,286.38,286.38,286.35,286.35,-0.01,206.63,59817.83,-1
2023-12-18,2023-12-18 12:46:00,286.35,286.35,286.32,286.32,-0.01,206.63,59817.83,-1
2023-12-18,2023-12-18 12:47:00,286.32,286.32,286.3,286.3,-0.01,206.63,59817.83,-1
2023-12-18,2023-12-18 12:48:00,286.3,286.3,286.27,286.27,-0.01,206.63,59817.83,-1
2023-12-18,2023-12-18 12:49:00,286.27,286.27,286.25,286.25,-0.01,206.63,59817.83,-1
2023-12-18,2023-12-18 12:50:00,286.25,286.25,286.23,286.23,-0.01,206.63,59817.83,-1
2023-12-18,2023-12-18 12:51:00,286.23,286.23,286.2,286.2,-0.01,206.63,59817.83,-1
2023-12-18,2023-12-18 12:52:00,286.2,286.2,286.18,286.18,-0.01,206.63,59817.83,-1
2023-12-18,2023-12-18 12:53:00,286.18,286.18,286.15,286.15,-0.01,206.63,59817.83,-1
2023-12-18,2023-12-18 12:54:00,286.15,286.15,286.12,286.12,-0.01,206.63,59817.83,-1
2023-12-18,2023-12-18 12:55:00,286.12,286.12,286.1,286.1,-0.01,206.63,59817.83,-1
2023-12-18,2023-12-18 12:56:00,286.1,286.1,286.07,286.07,-0.01,206.63,59817.83,-1
2023-12-18,2023-12-18 12:57:00,286.07,286.07,286.05,286.05,-0.01,206.63,59817.83,-1
2023-12-18,2023-12-18 12:58:00,286.05,286.05,286.02,286.02,-0.01,206.63,59817.83,-1
2023-12-18,2023-12-18 12:59:00,286.02,286.02,286.0,286.0,-0.01,206.63,59817.83,-1
2023-12-18,2023-12-18 13:00:00,286.0,303.0,274.4,285.98,-0.01,206.63,59817.83,-1
2023-12-18,2023-12-18 13:01:00,285.98,285.98,285.95,285.95,-0.01,206.63,59817.83,-1
2023-12-18,2023-12-18 13:02:00,285.95,285.95,285.93,285.93,-0.01,206.63,59817.83,-1
2023-12-18,2023-12-18 13:03:00,285.93,285.93,285.9,285.9,-0.01,206.63,59817.83,-1
2023-12-18,2023-12-18 13:04:00,285.9,285.9,285.88,285.88,-0.01,206.63,59817.83,-1
2023-12-18,2023-12-18 13:05:00,285.88,285.88,285.85,285.85,-0.01,206.63,59817.83,-1
2023-12-18,2023-12-18 13:06:00,285.85,285.85,285.82,285.82,-0.01,206.63,59817.83,-1
2023-12-18,2023-12-18 13:07:00,285.82,285.82,285.8,285.8,-0.01,206.63,59817.83,-1
2023-12-18,2023-12-18 13:08:00,285.8,285.8,285.77,285.77,-0.01,206.63,59817.83,-1
2023-12-18,2023-12-18 13:09:00,285.77,285.77,285.75,285.75,-0.01,206.63,59817.83,-1
2023-12-18,2023-12-18 13:10:00,285.75,285.75,285.73,285.73,-0.01,206.63,59817.83,-1
2023-12-18,2023-12-18 13:11:00,285.73,285.73,285.7,285.7,-0.01,206.63,59817.83,-1
2023-12-18,2023-12-18 13:12:00,285.7,285.7,285.68,285.68,-0.01,206.63,59817.83,-1
2023-12-18,2023-12-18 13:13:00,285.68,285.68,285.65,285.65,-0.01,206.63,59817.83,-1
2023-12-18,2023-12-18 13:14:00,285.65,285.65,285.62,285.62,-0.01,206.63,59817.83,-1
2023-12-18,2023-12-18 13:15:00,285.62,285.62,285.6,285.6,-0.01,206.63,59817.83,-1
2023-12-18,2023-12-18 13:16:00,285.6,285.6,285.57,285.57,-0.01,206.63,59817.83,-1
2023-12-18,2023-12-18 13:17:00,285.57,285.57,285.55,285.55,-0.01,206.63,59817.83,-1
2023-12-18,2023-12-18 13:18:00,285.55,285.55,285.52,285.52,-0.01,206.63,59817.83,-1
2023-12-18,2023-12-18 13:19:00,285.52,285.52,285.5,285.5,-0.01,206.63,59817.83,-1
2023-12-18,2023-12-18 13:20:00,285.5,285.5,285.48,285.48,-0.01,206.63,59817.83,-1
2023-12-18,2023-12-18 13:21:00,285.48,285.48,285.45,285.45,-0.01,206.63,59817.83,-1
2023-12-18,2023-12-18 13:22:00,285.45,285.45,285.43,285.43,-0.01,206.63,59817.83,-1
2023-12-18,2023-12-18 13:23:00,285.43,285.43,285.4,285.4,-0.01,206.63,59817.83,-1
2023-12-18,2023-12-18 13:24:00,285.4,285.4,285.38,285.38,-0.01,206.63,59817.83,-1
2023-12-18,2023-12-18 13:25:00,285.38,285.38,285.35,285.35,-0.01,206.63,59817.83,-1
2023-12-18,2023-12-18 13:26:00,285.35,285.35,285.32,285.32,-0.01,206.63,59817.83,-1
2023-12-18,2023-12-18 13:27:00,285.32,285.32,285.3,285.3,-0.01,206.63,59817.83,-1
2023-12-18,2023-12-18 13:28:00,285.3,285.3,285.27,285.27,-0.01,206.63,59817.83,-1
2023-12-18,2023-12-18 13:29:00,285.27,285.27,285.25,285.25,-0.01,206.63,59817.83,-1
2023-12-18,2023-12-18 13:30:00,285.25,285.25,285.23,285.23,-0.01,206.63,59817.83,-1
2023-12-18,2023-12-18 13:31:00,285.23,285.23,285.2,285.2,-0.01,206.63,59817.83,-1
2023-12-18,2023-12-18 13:32:00,285.2,285.2,285.18,285.18,-0.01,206.63,59817.83,-1
2023-12-18,2023-12-18 13:33:00,285.18,285.18,285.15,285.15,-0.01,206.63,59817.83,-1
2023-12-18,2023-12-18 13:34:00,285.15,285.15,285.12,285.12,-0.01,206.63,59817.83,-1
2023-12-18,2023-12-18 13:35:00,285.12,285.12,285.1,285.1,-0.01,206.63,59817.83,-1
2023-12-18,2023-12-18 13:36:00,285.1,285.1,285.07,285.07,-0.01,206.63,59817.83,-1
2023-12-18,2023-12-18 13:37:00,285.07,285.07,285.05,285.05,-0.01,206.63,59817.83,-1
2023-12-18,2023-12-18 13:38:00,285.05,285.05,285.02,285.02,-0.01,206.63,59817.83,-1
2023-12-18,2023-12-18 13:39:00,285.02,285.02,285.0,285.0,-0.01,206.63,59817.83,-1
2023-12-18,2023-12-18 13:40:00,285.0,285.0,284.98,284.98,-0.01,206.63,59817.83,-1
2023-12-18,2023-12-18 13:41:00,284.98,284.98,284.95,284.95,-0.01,206.63,59817.83,-1
2023-12-18,2023-12-18 13:42:00,284.95,284.95,284.93,284.93,-0.01,206.63,59817.83,-1
2023-12-18,2023-12-18 13:43:00,284.93,284.93,284.9,284.9,-0.01,206.63,59817.83,-1
2023-12-18,2023-12-18 13:44:00,284.9,284.9,284.88,284.88,-0.01,206.63,59817.83,-1
2023-12-18,2023-12-18 13:45:00,284.88,284.88,284.85,284.85,-0.01,206.63,59817.83,-1
2023-12-18,2023-12-18 13:46:00,284.85,284.85,284.82,284.82,-0.01,206.63,59817.83,-1
2023-12-18,2023-12-18 13:47:00,284.82,284.82,284.8,284.8,-0.01,206.63,59817.83,-1
2023-12-18,2023-12-18 13:48:00,284.8,284.8,284.77,284.77,-0.01,206.63,59817.83,-1
2023-12-18,2023-12-18 13:49:00,284.77,284.77,284.75,284.75,-0.01,206.63,59817.83,-1
2023-12-18,2023-12-18 13:50:00,284.75,284.75,284.73,284.73,-0.01,206.63,59817.83,-1
2023-12-18,2023-12-18 13:51:00,284.73,284.73,284.7,284.7,-0.01,206.63,59817.83,-1
2023-12-18,2023-12-18 13:52:00,284.7,284.7,284.68,284.68,-0.01,206.63,59817.83,-1
2023-12-18,2023-12-18 13:53:00,284.68,284.68,284.65,284.65,-0.01,206.63,59817.83,-1
2023-12-18,2023-12-18 13:54:00,284.65,284.65,284.62,284.62,-0.01,206.63,59817.83,-1
2023-12-18,2023-12-18 13:55:00,284.62,284.62,284.6,284.6,-0.01,206.63,59817.83,-1
2023-12-18,2023-12-18 13:56:00,284.6,284.6,284.57,284.57,-0.01,206.63,59817.83,-1
2023-12-18,2023-12-18 13:57:00,284.57,284.57,284.55,284.55,-0.01,206.63,59817.83,-1
2023-12-18,2023-12-18 13:58:00,284.55,284.55,284.52,284.52,-0.01,206.63,59817.83,-1
2023-12-18,2023-12-18 13:59:00,284.52,284.52,284.5,284.5,-0.01,206.63,59817.83,-1
2023-12-18,2023-12-18 14:00:00,284.5,284.5,284.48,284.48,-0.01,206.63,59817.83,-1
2023-12-18,2023-12-18 14:01:00,284.48,284.48,284.45,284.45,-0.01,206.63,59817.83,-1
2023-12-18,2023-12-18 14:02:00,284.45,284.45,284.43,284.43,-0.01,206.63,59817.83,-1
2023-12-18,2023-12-18 14:03:00,284.43,284.43,284.4,284.4,-0.01,206.63,59817.83,-1
2023-12-18,2023-12-18 14:04:00,284.4,284.4,284.38,284.38,-0.01,206.63,59817.83,-1
2023-12-18,2023-12-18 14:05:00,284.38,284.38,284.35,284.35,-0.01,206.63,59817.83,-1
2023-12-18,2023-12-18 14:06:00,284.35,284.35,284.32,284.32,-0.01,206.63,59817.83,-1
2023-12-18,2023-12-18 14:07:00,284.32,284.32,284.3,284.3,-0.01,206.63,59817.83,-1
2023-12-18,2023-12-18 14:08:00,284.3,284.3,284.27,284.27,-0.01,206.63,59817.83,-1
2023-12-18,2023-12-18 14:09:00,284.27,284.27,284.25,284.25,-0.01,206.63,59817.83,-1
2023-12-18,2023-12-18 14:10:00,284.25,284.25,284.23,284.23,-0.01,206.63,59817.83,-1
2023-12-18,2023-12-18 14:11:00,284.23,284.23,284.2,284.2,-0.01,206.63,59817.83,-1
2023-12-18,2023-12-18 14:12:00,284.2,284.2,284.18,284.18,-0.01,206.63,59817.83,-1
2023-12-18,2023-12-18 14:13:00,284.18,284.18,284.15,284.15,-0.01,206.63,59817.83,-1
2023-12-18,2023-12-18 14:14:00,284.15,284.15,284.12,284.12,-0.01,206.63,59817.83,-1
2023-12-18,2023-12-18 14:15:00,284.12,284.12,284.1,284.1,-0.01,206.63,59817.83,-1
2023-12-18,2023-12-18 14:16:00,284.1,284.1,284.07,284.07,-0.01,206.63,59817.83,-1
2023-12-18,2023-12-18 14:17:00,284.07,284.07,284.05,284.05,-0.01,206.63,59817.83,-1
2023-12-18,2023-12-18 14:18:00,284.05,284.05,284.02,284.02,-0.01,206.63,59817.83,-1
2023-12-18,2023-12-18 14:19:00,284.02,284.02,284.0,284.0,-0.01,206.63,59817.83,-1
2023-12-18,2023-12-18 14:20:00,284.0,284.0,283.98,283.98,-0.01,206.63,59817.83,-1
2023-12-18,2023-12-18 14:21:00,283.98,283.98,283.95,283.95,-0.01,206.63,59817.83,-1
2023-12-18,2023-12-18 14:22:00,283.95,283.95,283.93,283.93,-0.01,206.63,59817.83,-1
2023-12-18,2023-12-18 14:23:00,283.93,283.93,283.9,283.9,-0.01,206.63,59817.83,-1
2023-12-18,2023-12-18 14:24:00,283.9,283.9,283.88,283.88,-0.01,206.63,59817.83,-1
2023-12-18,2023-12-18 14:25:00,283.88,283.88,283.85,283.85,-0.01,206.63,59817.83,-1
2023-12-18,2023-12-18 14:26:00,283.85,283.85,283.82,283.82,-0.01,206.63,59817.83,-1
2023-12-18,2023-12-18 14:27:00,283.82,283.82,283.8,283.8,-0.01,206.63,59817.83,-1
2023-12-18,2023-12-18 14:28:00,283.8,283.8,283.77,283.77,-0.01,206.63,59817.83,-1
2023-12-18,2023-12-18 14:29:00,283.77,283.77,283.75,283.75,-0.01,206.63,59817.83,-1
2023-12-18,2023-12-18 14:30:00,283.75,283.75,283.73,283.73,-0.01,206.63,59817.83,-1
2023-12-18,2023-12-18 14:31:00,283.73,283.73,283.7,283.7,-0.01,206.63,59817.83,-1
2023-12-18,2023-12-18 14:32:00,283.7,283.7,283.68,283.68,-0.01,206.63,59817.83,-1
2023-12-18,2023-12-18 14:33:00,283.68,283.68,283.65,283.65,-0.01,206.63,59817.83,-1
2023-12-18,2023-12-18 14:34:00,283.65,283.65,283.62,283.62,-0.01,206.63,59817.83,-1
2023-12-18,2023-12-18 14:35:00,283.62,283.62,283.6,283.6,-0.01,206.63,59817.83,-1
2023-12-18,2023-12-18 14:36:00,283.6,283.6,283.57,283.57,-0.01,206.63,59817.83,-1
2023-12-18,2023-12-18 14:37:00,283.57,283.57,283.55,283.55,-0.01,206.63,59817.83,-1
2023-12-18,2023-12-18 14:38:00,283.55,283.55,283.52,283.52,-0.01,206.63,59817.83,-1
2023-12-18,2023-12-18 14:39:00,283.52,283.52,283.5,283.5,-0.01,206.63,59817.83,-1
2023-12-18,2023-12-18 14:40:00,283.5,283.5,283.48,283.48,-0.01,206.63,59817.83,-1
2023-12-18,2023-12-18 14:41:00,283.48,283.48,283.45,283.45,-0.01,206.63,59817.83,-1
2023-12-18,2023-12-18 14:42:00,283.45,283.45,283.43,283.43,-0.01,206.63,59817.83,-1
2023-12-18,2023-12-18 14:43:00,283.43,283.43,283.4,283.4,-0.01,206.63,59817.83,-1
2023-12-18,2023-12-18 14:44:00,283.4,283.4,283.38,283.38,-0.01,206.63,59817.83,-1
2023-12-18,2023-12-18 14:45:00,283.38,283.38,283.35,283.35,-0.01,206.63,59817.83,-1
2023-12-18,2023-12-18 14:46:00,283.35,283.35,283.32,283.32,-0.01,206.63,59817.83,-1
2023-12-18,2023-12-18 14:47:00,283.32,283.32,283.3,283.3,-0.01,206.63,59817.83,-1
2023-12-18,2023-12-18 14:48:00,283.3,283.3,283.27,283.27,-0.01,206.63,59817.83,-1
2023-12-18,2023-12-18 14:49:00,283.27,283.27,283.25,283.25,-0.01,206.63,59817.83,-1
2023-12-18,2023-12-18 14:50:00,283.25,283.25,283.23,283.23,-0.01,206.63,59817.83,-1
2023-12-18,2023-12-18 14:51:00,283.23,283.23,283.2,283.2,-0.01,206.63,59817.83,-1
2023-12-18,2023-12-18 14:52:00,283.2,283.2,283.18,283.18,-0.01,206.63,59817.83,-1
2023-12-18,2023-12-18 14:53:00,283.18,283.18,283.15,283.15,-0.01,206.63,59817.83,-1
2023-12-18,2023-12-18 14:54:00,283.15,283.15,283.12,283.12,-0.01,206.63,59817.83,-1
2023-12-18,2023-12-18 14:55:00,283.12,283.12,283.1,283.1,-0.01,206.63,59817.83,-1
2023-12-18,2023-12-18 14:56:00,283.1,283.1,283.07,283.07,-0.01,206.63,59817.83,-1
2023-12-18,2023-12-18 14:57:00,283.07,283.07,283.05,283.05,-0.01,206.63,59817.83,-1
2023-12-18,2023-12-18 14:58:00,283.05,283.05,283.02,283.02,-0.01,206.63,59817.83,-1
2023-12-18,2023-12-18 14:59:00,283.02,283.02,283.0,283.0,-0.01,206.63,59817.83,-1
2023-12-18,2023-12-18 15:00:00,283.0,303.0,274.4,283.0,0.0,206.63,59817.83,0
2023-12-19,2023-12-19 11:00:00,282.0,288.9,282.0,282.07,0.02,189.46,56223.14,1
2023-12-19,2023-12-19 11:01:00,282.07,282.13,282.07,282.13,0.02,189.46,56223.14,1
2023-12-19,2023-12-19 11:02:00,282.13,282.2,282.13,282.2,0.02,189.46,56223.14,1
2023-12-19,2023-12-19 11:03:00,282.2,282.26,282.2,282.26,0.02,189.46,56223.14,1
2023-12-19,2023-12-19 11:04:00,282.26,282.33,282.26,282.33,0.02,189.46,56223.14,1
2023-12-19,2023-12-19 11:05:00,282.33,282.4,282.33,282.4,0.02,189.46,56223.14,1
2023-12-19,2023-12-19 11:06:00,282.4,282.46,282.4,282.46,0.02,189.46,56223.14,1
2023-12-19,2023-12-19 11:07:00,282.46,282.53,282.46,282.53,0.02,189.46,56223.14,1
2023-12-19,2023-12-19 11:08:00,282.53,282.6,282.53,282.6,0.02,189.46,56223.14,1
2023-12-19,2023-12-19 11:09:00,282.6,282.66,282.6,282.66,0.02,189.46,56223.14,1
2023-12-19,2023-12-19 11:10:00,282.66,282.73,282.66,282.73,0.02,189.46,56223.14,1
2023-12-19,2023-12-19 11:11:00,282.73,282.8,282.73,282.8,0.02,189.46,56223.14,1
2023-12-19,2023-12-19 11:12:00,282.8,282.86,282.8,282.86,0.02,189.46,56223.14,1
2023-12-19,2023-12-19 11:13:00,282.86,282.93,282.86,282.93,0.02,189.46,56223.14,1
2023-12-19,2023-12-19 11:14:00,282.93,282.99,282.93,282.99,0.02,189.46,56223.14,1
2023-12-19,2023-12-19 11:15:00,282.99,283.06,282.99,283.06,0.02,189.46,56223.14,1
2023-12-19,2023-12-19 11:16:00,283.06,283.13,283.06,283.13,0.02,189.46,56223.14,1
2023-12-19,2023-12-19 11:17:00,283.13,283.19,283.13,283.19,0.02,189.46,56223.14,1
2023-12-19,2023-12-19 11:18:00,283.19,283.26,283.19,283.26,0.02,189.46,56223.14,1
2023-12-19,2023-12-19 11:19:00,283.26,283.32,283.26,283.32,0.02,189.46,56223.14,1
2023-12-19,2023-12-19 11:20:00,283.32,283.39,283.32,283.39,0.02,189.46,56223.14,1
2023-12-19,2023-12-19 11:21:00,283.39,283.46,283.39,283.46,0.02,189.46,56223.14,1
2023-12-19,2023-12-19 11:22:00,283.46,283.52,283.46,283.52,0.02,189.46,56223.14,1
2023-12-19,2023-12-19 11:23:00,283.52,283.59,283.52,283.59,0.02,189.46,56223.14,1
2023-12-19,2023-12-19 11:24:00,283.59,283.66,283.59,283.66,0.02,189.46,56223.14,1
2023-12-19,2023-12-19 11:25:00,283.66,283.72,283.66,283.72,0.02,189.46,56223.14,1
2023-12-19,2023-12-19 11:26:00,283.72,283.79,283.72,283.79,0.02,189.46,56223.14,1
2023-12-19,2023-12-19 11:27:00,283.79,283.86,283.79,283.86,0.02,189.46,56223.14,1
2023-12-19,2023-12-19 11:28:00,283.86,283.92,283.86,283.92,0.02,189.46,56223.14,1
2023-12-19,2023-12-19 11:29:00,283.92,283.99,283.92,283.99,0.02,189.46,56223.14,1
2023-12-19,2023-12-19 11:30:00,283.99,284.05,283.99,284.05,0.02,189.46,56223.14,1
2023-12-19,2023-12-19 11:31:00,284.05,284.12,284.05,284.12,0.02,189.46,56223.14,1
2023-12-19,2023-12-19 11:32:00,284.12,284.19,284.12,284.19,0.02,189.46,56223.14,1
2023-12-19,2023-12-19 11:33:00,284.19,284.25,284.19,284.25,0.02,189.46,56223.14,1
2023-12-19,2023-12-19 11:34:00,284.25,284.32,284.25,284.32,0.02,189.46,56223.14,1
2023-12-19,2023-12-19 11:35:00,284.32,284.38,284.32,284.38,0.02,189.46,56223.14,1
2023-12-19,2023-12-19 11:36:00,284.38,284.45,284.38,284.45,0.02,189.46,56223.14,1
2023-12-19,2023-12-19 11:37:00,284.45,284.52,284.45,284.52,0.02,189.46,56223.14,1
2023-12-19,2023-12-19 11:38:00,284.52,284.58,284.52,284.58,0.02,189.46,56223.14,1
2023-12-19,2023-12-19 11:39:00,284.58,284.65,284.58,284.65,0.02,189.46,56223.14,1
2023-12-19,2023-12-19 11:40:00,284.65,284.72,284.65,284.72,0.02,189.46,56223.14,1
2023-12-19,2023-12-19 11:41:00,284.72,284.78,284.72,284.78,0.02,189.46,56223.14,1
2023-12-19,2023-12-19 11:42:00,284.78,284.85,284.78,284.85,0.02,189.46,56223.14,1
2023-12-19,2023-12-19 11:43:00,284.85,284.92,284.85,284.92,0.02,189.46,56223.14,1
2023-12-19,2023-12-19 11:44:00,284.92,284.98,284.92,284.98,0.02,189.46,56223.14,1
2023-12-19,2023-12-19 11:45:00,284.98,285.05,284.98,285.05,0.02,189.46,56223.14,1
2023-12-19,2023-12-19 11:46:00,285.05,285.11,285.05,285.11,0.02,189.46,56223.14,1
2023-12-19,2023-12-19 11:47:00,285.11,285.18,285.11,285.18,0.02,189.46,56223.14,1
2023-12-19,2023-12-19 11:48:00,285.18,285.25,285.18,285.25,0.02,189.46,56223.14,1
2023-12-19,2023-12-19 11:49:00,285.25,285.31,285.25,285.31,0.02,189.46,56223.14,1
2023-12-19,2023-12-19 11:50:00,285.31,285.38,285.31,285.38,0.02,189.46,56223.14,1
2023-12-19,2023-12-19 11:51:00,285.38,285.44,285.38,285.44,0.02,189.46,56223.14,1
2023-12-19,2023-12-19 11:52:00,285.44,285.51,285.44,285.51,0.02,189.46,56223.14,1
2023-12-19,2023-12-19 11:53:00,285.51,285.58,285.51,285.58,0.02,189.46,56223.14,1
2023-12-19,2023-12-19 11:54:00,285.58,285.64,285.58,285.64,0.02,189.46,56223.14,1
2023-12-19,2023-12-19 11:55:00,285.64,285.71,285.64,285.71,0.02,189.46,56223.14,1
2023-12-19,2023-12-19 11:56:00,285.71,285.78,285.71,285.78,0.02,189.46,56223.14,1
2023-12-19,2023-12-19 11:57:00,285.78,285.84,285.78,285.84,0.02,189.46,56223.14,1
2023-12-19,2023-12-19 11:58:00,285.84,285.91,285.84,285.91,0.02,189.46,56223.14,1
2023-12-19,2023-12-19 11:59:00,285.91,285.98,285.91,285.98,0.02,189.46,56223.14,1
2023-12-19,2023-12-19 12:00:00,285.98,286.04,285.98,286.04,0.02,189.46,56223.14,1
2023-12-19,2023-12-19 12:01:00,286.04,286.11,286.04,286.11,0.02,189.46,56223.14,1
2023-12-19,2023-12-19 12:02:00,286.11,286.17,286.11,286.17,0.02,189.46,56223.14,1
2023-12-19,2023-12-19 12:03:00,286.17,286.24,286.17,286.24,0.02,189.46,56223.14,1
2023-12-19,2023-12-19 12:04:00,286.24,286.31,286.24,286.31,0.02,189.46,56223.14,1
2023-12-19,2023-12-19 12:05:00,286.31,286.37,286.31,286.37,0.02,189.46,56223.14,1
2023-12-19,2023-12-19 12:06:00,286.37,286.44,286.37,286.44,0.02,189.46,56223.14,1
2023-12-19,2023-12-19 12:07:00,286.44,286.5,286.44,286.5,0.02,189.46,56223.14,1
2023-12-19,2023-12-19 12:08:00,286.5,286.57,286.5,286.57,0.02,189.46,56223.14,1
2023-12-19,2023-12-19 12:09:00,286.57,286.64,286.57,286.64,0.02,189.46,56223.14,1
2023-12-19,2023-12-19 12:10:00,286.64,286.7,286.64,286.7,0.02,189.46,56223.14,1
2023-12-19,2023-12-19 12:11:00,286.7,286.77,286.7,286.77,0.02,189.46,56223.14,1
2023-12-19,2023-12-19 12:12:00,286.77,286.84,286.77,286.84,0.02,189.46,56223.14,1
2023-12-19,2023-12-19 12:13:00,286.84,286.9,286.84,286.9,0.02,189.46,56223.14,1
2023-12-19,2023-12-19 12:14:00,286.9,286.97,286.9,286.97,0.02,189.46,56223.14,1
2023-12-19,2023-12-19 12:15:00,286.97,287.03,286.97,287.03,0.02,189.46,56223.14,1
2023-12-19,2023-12-19 12:16:00,287.03,287.1,287.03,287.1,0.02,189.46,56223.14,1
2023-12-19,2023-12-19 12:17:00,287.1,287.17,287.1,287.17,0.02,189.46,56223.14,1
2023-12-19,2023-12-19 12:18:00,287.17,287.23,287.17,287.23,0.02,189.46,56223.14,1
2023-12-19,2023-12-19 12:19:00,287.23,287.3,287.23,287.3,0.02,189.46,56223.14,1
2023-12-19,2023-12-19 12:20:00,287.3,287.37,287.3,287.37,0.02,189.46,56223.14,1
2023-12-19,2023-12-19 12:21:00,287.37,287.43,287.37,287.43,0.02,189.46,56223.14,1
2023-12-19,2023-12-19 12:22:00,287.43,287.5,287.43,287.5,0.02,189.46,56223.14,1
2023-12-19,2023-12-19 12:23:00,287.5,287.56,287.5,287.56,0.02,189.46,56223.14,1
2023-12-19,2023-12-19 12:24:00,287.56,287.63,287.56,287.63,0.02,189.46,56223.14,1
2023-12-19,2023-12-19 12:25:00,287.63,287.7,287.63,287.7,0.02,189.46,56223.14,1
2023-12-19,2023-12-19 12:26:00,287.7,287.76,287.7,287.76,0.02,189.46,56223.14,1
2023-12-19,2023-12-19 12:27:00,287.76,287.83,287.76,287.83,0.02,189.46,56223.14,1
2023-12-19,2023-12-19 12:28:00,287.83,287.9,287.83,287.9,0.02,189.46,56223.14,1
2023-12-19,2023-12-19 12:29:00,287.9,287.96,287.9,287.96,0.02,189.46,56223.14,1
2023-12-19,2023-12-19 12:30:00,287.96,288.03,287.96,288.03,0.02,189.46,56223.14,1
2023-12-19,2023-12-19 12:31:00,288.03,288.09,288.03,288.09,0.02,189.46,56223.14,1
2023-12-19,2023-12-19 12:32:00,288.09,288.16,288.09,288.16,0.02,189.46,56223.14,1
2023-12-19,2023-12-19 12:33:00,288.16,288.23,288.16,288.23,0.02,189.46,56223.14,1
2023-12-19,2023-12-19 12:34:00,288.23,288.29,288.23,288.29,0.02,189.46,56223.14,1
2023-12-19,2023-12-19 12:35:00,288.29,288.36,288.29,288.36,0.02,189.46,56223.14,1
2023-12-19,2023-12-19 12:36:00,288.36,288.43,288.36,288.43,0.02,189.46,56223.14,1
2023-12-19,2023-12-19 12:37:00,288.43,288.49,288.43,288.49,0.02,189.46,56223.14,1
2023-12-19,2023-12-19 12:38:00,288.49,288.56,288.49,288.56,0.02,189.46,56223.14,1
2023-12-19,2023-12-19 12:39:00,288.56,288.62,288.56,288.62,0.02,189.46,56223.14,1
2023-12-19,2023-12-19 12:40:00,288.62,288.69,288.62,288.69,0.02,189.46,56223.14,1
2023-12-19,2023-12-19 12:41:00,288.69,288.76,288.69,288.76,0.02,189.46,56223.14,1
2023-12-19,2023-12-19 12:42:00,288.76,288.82,288.76,288.82,0.02,189.46,56223.14,1
2023-12-19,2023-12-19 12:43:00,288.82,288.89,288.82,288.89,0.02,189.46,56223.14,1
2023-12-19,2023-12-19 12:44:00,288.89,288.96,288.89,288.96,0.02,189.46,56223.14,1
2023-12-19,2023-12-19 12:45:00,288.96,289.02,288.96,289.02,0.02,189.46,56223.14,1
2023-12-19,2023-12-19 12:46:00,289.02,289.09,289.02,289.09,0.02,189.46,56223.14,1
2023-12-19,2023-12-19 12:47:00,289.09,289.15,289.09,289.15,0.02,189.46,56223.14,1
2023-12-19,2023-12-19 12:48:00,289.15,289.22,289.15,289.22,0.02,189.46,56223.14,1
2023-12-19,2023-12-19 12:49:00,289.22,289.29,289.22,289.29,0.02,189.46,56223.14,1
2023-12-19,2023-12-19 12:50:00,289.29,289.35,289.29,289.35,0.02,189.46,56223.14,1
2023-12-19,2023-12-19 12:51:00,289.35,289.42,289.35,289.42,0.02,189.46,56223.14,1
2023-12-19,2023-12-19 12:52:00,289.42,289.49,289.42,289.49,0.02,189.46,56223.14,1
2023-12-19,2023-12-19 12:53:00,289.49,289.55,289.49,289.55,0.02,189.46,56223.14,1
2023-12-19,2023-12-19 12:54:00,289.55,289.62,289.55,289.62,0.02,189.46,56223.14,1
2023-12-19,2023-12-19 12:55:00,289.62,289.69,289.62,289.69,0.02,189.46,56223.14,1
2023-12-19,2023-12-19 12:56:00,289.69,289.75,289.69,289.75,0.02,189.46,56223.14,1
2023-12-19,2023-12-19 12:57:00,289.75,289.82,289.75,289.82,0.02,189.46,56223.14,1
2023-12-19,2023-12-19 12:58:00,289.82,289.88,289.82,289.88,0.02,189.46,56223.14,1
2023-12-19,2023-12-19 12:59:00,289.88,289.95,289.88,289.95,0.02,189.46,56223.14,1
2023-12-19,2023-12-19 13:00:00,289.95,305.0,282.0,290.02,0.02,189.46,56223.14,1
2023-12-19,2023-12-19 13:01:00,290.02,290.08,290.02,290.08,0.02,189.46,56223.14,1
2023-12-19,2023-12-19 13:02:00,290.08,290.15,290.08,290.15,0.02,189.46,56223.14,1
2023-12-19,2023-12-19 13:03:00,290.15,290.21,290.15,290.21,0.02,189.46,56223.14,1
2023-12-19,2023-12-19 13:04:00,290.21,290.28,290.21,290.28,0.02,189.46,56223.14,1
2023-12-19,2023-12-19 13:05:00,290.28,290.35,290.28,290.35,0.02,189.46,56223.14,1
2023-12-19,2023-12-19 13:06:00,290.35,290.41,290.35,290.41,0.02,189.46,56223.14,1
2023-12-19,2023-12-19 13:07:00,290.41,290.48,290.41,290.48,0.02,189.46,56223.14,1
2023-12-19,2023-12-19 13:08:00,290.48,290.55,290.48,290.55,0.02,189.46,56223.14,1
2023-12-19,2023-12-19 13:09:00,290.55,290.61,290.55,290.61,0.02,189.46,56223.14,1
2023-12-19,2023-12-19 13:10:00,290.61,290.68,290.61,290.68,0.02,189.46,56223.14,1
2023-12-19,2023-12-19 13:11:00,290.68,290.75,290.68,290.75,0.02,189.46,56223.14,1
2023-12-19,2023-12-19 13:12:00,290.75,290.81,290.75,290.81,0.02,189.46,56223.14,1
2023-12-19,2023-12-19 13:13:00,290.81,290.88,290.81,290.88,0.02,189.46,56223.14,1
2023-12-19,2023-12-19 13:14:00,290.88,290.94,290.88,290.94,0.02,189.46,56223.14,1
2023-12-19,2023-12-19 13:15:00,290.94,291.01,290.94,291.01,0.02,189.46,56223.14,1
2023-12-19,2023-12-19 13:16:00,291.01,291.08,291.01,291.08,0.02,189.46,56223.14,1
2023-12-19,2023-12-19 13:17:00,291.08,291.14,291.08,291.14,0.02,189.46,56223.14,1
2023-12-19,2023-12-19 13:18:00,291.14,291.21,291.14,291.21,0.02,189.46,56223.14,1
2023-12-19,2023-12-19 13:19:00,291.21,291.27,291.21,291.27,0.02,189.46,56223.14,1
2023-12-19,2023-12-19 13:20:00,291.27,291.34,291.27,291.34,0.02,189.46,56223.14,1
2023-12-19,2023-12-19 13:21:00,291.34,291.41,291.34,291.41,0.02,189.46,56223.14,1
2023-12-19,2023-12-19 13:22:00,291.41,291.47,291.41,291.47,0.02,189.46,56223.14,1
2023-12-19,2023-12-19 13:23:00,291.47,291.54,291.47,291.54,0.02,189.46,56223.14,1
2023-12-19,2023-12-19 13:24:00,291.54,291.61,291.54,291.61,0.02,189.46,56223.14,1
2023-12-19,2023-12-19 13:25:00,291.61,291.67,291.61,291.67,0.02,189.46,56223.14,1
2023-12-19,2023-12-19 13:26:00,291.67,291.74,291.67,291.74,0.02,189.46,56223.14,1
2023-12-19,2023-12-19 13:27:00,291.74,291.81,291.74,291.81,0.02,189.46,56223.14,1
2023-12-19,2023-12-19 13:28:00,291.81,291.87,291.81,291.87,0.02,189.46,56223.14,1
2023-12-19,2023-12-19 13:29:00,291.87,291.94,291.87,291.94,0.02,189.46,56223.14,1
2023-12-19,2023-12-19 13:30:00,291.94,292.0,291.94,292.0,0.02,189.46,56223.14,1
2023-12-19,2023-12-19 13:31:00,292.0,292.07,292.0,292.07,0.02,189.46,56223.14,1
2023-12-19,2023-12-19 13:32:00,292.07,292.14,292.07,292.14,0.02,189.46,56223.14,1
2023-12-19,2023-12-19 13:33:00,292.14,292.2,292.14,292.2,0.02,189.46,56223.14,1
2023-12-19,2023-12-19 13:34:00,292.2,292.27,292.2,292.27,0.02,189.46,56223.14,1
2023-12-19,2023-12-19 13:35:00,292.27,292.33,292.27,292.33,0.02,189.46,56223.14,1
2023-12-19,2023-12-19 13:36:00,292.33,292.4,292.33,292.4,0.02,189.46,56223.14,1
2023-12-19,2023-12-19 13:37:00,292.4,292.47,292.4,292.47,0.02,189.46,56223.14,1
2023-12-19,2023-12-19 13:38:00,292.47,292.53,292.47,292.53,0.02,189.46,56223.14,1
2023-12-19,2023-12-19 13:39:00,292.53,292.6,292.53,292.6,0.02,189.46,56223.14,1
2023-12-19,2023-12-19 13:40:00,292.6,292.67,292.6,292.67,0.02,189.46,56223.14,1
2023-12-19,2023-12-19 13:41:00,292.67,292.73,292.67,292.73,0.02,189.46,56223.14,1
2023-12-19,2023-12-19 13:42:00,292.73,292.8,292.73,292.8,0.02,189.46,56223.14,1
2023-12-19,2023-12-19 13:43:00,292.8,292.87,292.8,292.87,0.02,189.46,56223.14,1
2023-12-19,2023-12-19 13:44:00,292.87,292.93,292.87,292.93,0.02,189.46,56223.14,1
2023-12-19,2023-12-19 13:45:00,292.93,293.0,292.93,293.0,0.02,189.46,56223.14,1
2023-12-19,2023-12-19 13:46:00,293.0,293.06,293.0,293.06,0.02,189.46,56223.14,1
2023-12-19,2023-12-19 13:47:00,293.06,293.13,293.06,293.13,0.02,189.46,56223.14,1
2023-12-19,2023-12-19 13:48:00,293.13,293.2,293.13,293.2,0.02,189.46,56223.14,1
2023-12-19,2023-12-19 13:49:00,293.2,293.26,293.2,293.26,0.02,189.46,56223.14,1
2023-12-19,2023-12-19 13:50:00,293.26,293.33,293.26,293.33,0.02,189.46,56223.14,1
2023-12-19,2023-12-19 13:51:00,293.33,293.39,293.33,293.39,0.02,189.46,56223.14,1
2023-12-19,2023-12-19 13:52:00,293.39,293.46,293.39,293.46,0.02,189.46,56223.14,1
2023-12-19,2023-12-19 13:53:00,293.46,293.53,293.46,293.53,0.02,189.46,56223.14,1
2023-12-19,2023-12-19 13:54:00,293.53,293.59,293.53,293.59,0.02,189.46,56223.14,1
2023-12-19,2023-12-19 13:55:00,293.59,293.66,293.59,293.66,0.02,189.46,56223.14,1
2023-12-19,2023-12-19 13:56:00,293.66,293.73,293.66,293.73,0.02,189.46,56223.14,1
2023-12-19,2023-12-19 13:57:00,293.73,293.79,293.73,293.79,0.02,189.46,56223.14,1
2023-12-19,2023-12-19 13:58:00,293.79,293.86,293.79,293.86,0.02,189.46,56223.14,1
2023-12-19,2023-12-19 13:59:00,293.86,293.92,293.86,293.92,0.02,189.46,56223.14,1
2023-12-19,2023-12-19 14:00:00,293.92,293.99,293.92,293.99,0.02,189.46,56223.14,1
2023-12-19,2023-12-19 14:01:00,293.99,294.06,293.99,294.06,0.02,189.46,56223.14,1
2023-12-19,2023-12-19 14:02:00,294.06,294.12,294.06,294.12,0.02,189.46,56223.14,1
2023-12-19,2023-12-19 14:03:00,294.12,294.19,294.12,294.19,0.02,189.46,56223.14,1
2023-12-19,2023-12-19 14:04:00,294.19,294.26,294.19,294.26,0.02,189.46,56223.14,1
2023-12-19,2023-12-19 14:05:00,294.26,294.32,294.26,294.32,0.02,189.46,56223.14,1
2023-12-19,2023-12-19 14:06:00,294.32,294.39,294.32,294.39,0.02,189.46,56223.14,1
2023-12-19,2023-12-19 14:07:00,294.39,294.45,294.39,294.45,0.02,189.46,56223.14,1
2023-12-19,2023-12-19 14:08:00,294.45,294.52,294.45,294.52,0.02,189.46,56223.14,1
2023-12-19,2023-12-19 14:09:00,294.52,294.59,294.52,294.59,0.02,189.46,56223.14,1
2023-12-19,2023-12-19 14:10:00,294.59,294.65,294.59,294.65,0.02,189.46,56223.14,1
2023-12-19,2023-12-19 14:11:00,294.65,294.72,294.65,294.72,0.02,189.46,56223.14,1
2023-12-19,2023-12-19 14:12:00,294.72,294.79,294.72,294.79,0.02,189.46,56223.14,1
2023-12-19,2023-12-19 14:13:00,294.79,294.85,294.79,294.85,0.02,189.46,56223.14,1
2023-12-19,2023-12-19 14:14:00,294.85,294.92,294.85,294.92,0.02,189.46,56223.14,1
2023-12-19,2023-12-19 14:15:00,294.92,294.98,294.92,294.98,0.02,189.46,56223.14,1
2023-12-19,2023-12-19 14:16:00,294.98,295.05,294.98,295.05,0.02,189.46,56223.14,1
2023-12-19,2023-12-19 14:17:00,295.05,295.12,295.05,295.12,0.02,189.46,56223.14,1
2023-12-19,2023-12-19 14:18:00,295.12,295.18,295.12,295.18,0.02,189.46,56223.14,1
2023-12-19,2023-12-19 14:19:00,295.18,295.25,295.18,295.25,0.02,189.46,56223.14,1
2023-12-19,2023-12-19 14:20:00,295.25,295.32,295.25,295.32,0.02,189.46,56223.14,1
2023-12-19,2023-12-19 14:21:00,295.32,295.38,295.32,295.38,0.02,189.46,56223.14,1
2023-12-19,2023-12-19 14:22:00,295.38,295.45,295.38,295.45,0.02,189.46,56223.14,1
2023-12-19,2023-12-19 14:23:00,295.45,295.51,295.45,295.51,0.02,189.46,56223.14,1
2023-12-19,2023-12-19 14:24:00,295.51,295.58,295.51,295.58,0.02,189.46,56223.14,1
2023-12-19,2023-12-19 14:25:00,295.58,295.65,295.58,295.65,0.02,189.46,56223.14,1
2023-12-19,2023-12-19 14:26:00,295.65,295.71,295.65,295.71,0.02,189.46,56223.14,1
2023-12-19,2023-12-19 14:27:00,295.71,295.78,295.71,295.78,0.02,189.46,56223.14,1
2023-12-19,2023-12-19 14:28:00,295.78,295.85,295.78,295.85,0.02,189.46,56223.14,1
2023-12-19,2023-12-19 14:29:00,295.85,295.91,295.85,295.91,0.02,189.46,56223.14,1
2023-12-19,2023-12-19 14:30:00,295.91,295.98,295.91,295.98,0.02,189.46,56223.14,1
2023-12-19,2023-12-19 14:31:00,295.98,296.04,295.98,296.04,0.02,189.46,56223.14,1
2023-12-19,2023-12-19 14:32:00,296.04,296.11,296.04,296.11,0.02,189.46,56223.14,1
2023-12-19,2023-12-19 14:33:00,296.11,296.18,296.11,296.18,0.02,189.46,56223.14,1
2023-12-19,2023-12-19 14:34:00,296.18,296.24,296.18,296.24,0.02,189.46,56223.14,1
2023-12-19,2023-12-19 14:35:00,296.24,296.31,296.24,296.31,0.02,189.46,56223.14,1
2023-12-19,2023-12-19 14:36:00,296.31,296.38,296.31,296.38,0.02,189.46,56223.14,1
2023-12-19,2023-12-19 14:37:00,296.38,296.44,296.38,296.44,0.02,189.46,56223.14,1
2023-12-19,2023-12-19 14:38:00,296.44,296.51,296.44,296.51,0.02,189.46,56223.14,1
2023-12-19,2023-12-19 14:39:00,296.51,296.57,296.51,296.57,0.02,189.46,56223.14,1
2023-12-19,2023-12-19 14:40:00,296.57,296.64,296.57,296.64,0.02,189.46,56223.14,1
2023-12-19,2023-12-19 14:41:00,296.64,296.71,296.64,296.71,0.02,189.46,56223.14,1
2023-12-19,2023-12-19 14:42:00,296.71,296.77,296.71,296.77,0.02,189.46,56223.14,1
2023-12-19,2023-12-19 14:43:00,296.77,296.84,296.77,296.84,0.02,189.46,56223.14,1
2023-12-19,2023-12-19 14:44:00,296.84,296.91,296.84,296.91,0.02,189.46,56223.14,1
2023-12-19,2023-12-19 14:45:00,296.91,296.97,296.91,296.97,0.02,189.46,56223.14,1
2023-12-19,2023-12-19 14:46:00,296.97,297.04,296.97,297.04,0.02,189.46,56223.14,1
2023-12-19,2023-12-19 14:47:00,297.04,297.1,297.04,297.1,0.02,189.46,56223.14,1
2023-12-19,2023-12-19 14:48:00,297.1,297.17,297.1,297.17,0.02,189.46,56223.14,1
2023-12-19,2023-12-19 14:49:00,297.17,297.24,297.17,297.24,0.02,189.46,56223.14,1
2023-12-19,2023-12-19 14:50:00,297.24,297.3,297.24,297.3,0.02,189.46,56223.14,1
2023-12-19,2023-12-19 14:51:00,297.3,297.37,297.3,297.37,0.02,189.46,56223.14,1
2023-12-19,2023-12-19 14:52:00,297.37,297.44,297.37,297.44,0.02,189.46,56223.14,1
2023-12-19,2023-12-19 14:53:00,297.44,297.5,297.44,297.5,0.02,189.46,56223.14,1
2023-12-19,2023-12-19 14:54:00,297.5,297.57,297.5,297.57,0.02,189.46,56223.14,1
2023-12-19,2023-12-19 14:55:00,297.57,297.63,297.57,297.63,0.02,189.46,56223.14,1
2023-12-19,2023-12-19 14:56:00,297.63,297.7,297.63,297.7,0.02,189.46,56223.14,1
2023-12-19,2023-12-19 14:57:00,297.7,297.77,297.7,297.77,0.02,189.46,56223.14,1
2023-12-19,2023-12-19 14:58:00,297.77,297.83,297.77,297.83,0.02,189.46,56223.14,1
2023-12-19,2023-12-19 14:59:00,297.83,297.9,297.83,297.9,0.02,189.46,56223.14,1
2023-12-19,2023-12-19 15:00:00,297.9,305.0,282.0,297.9,0.0,189.46,56223.14,0
2023-12-20,2023-12-20 11:00:00,302.1,304.17,295.8,302.06,-0.01,207.57,61424.3,-1
2023-12-20,2023-12-20 11:01:00,302.06,302.06,302.02,302.02,-0.01,207.57,61424.3,-1
2023-12-20,2023-12-20 11:02:00,302.02,302.02,301.97,301.97,-0.02,207.57,61424.3,-1
2023-12-20,2023-12-20 11:03:00,301.97,301.97,301.93,301.93,-0.01,207.57,61424.3,-1
2023-12-20,2023-12-20 11:04:00,301.93,301.93,301.89,301.89,-0.01,207.57,61424.3,-1
2023-12-20,2023-12-20 11:05:00,301.89,301.89,301.85,301.85,-0.01,207.57,61424.3,-1
2023-12-20,2023-12-20 11:06:00,301.85,301.85,301.81,301.81,-0.01,207.57,61424.3,-1
2023-12-20,2023-12-20 11:07:00,301.81,301.81,301.76,301.76,-0.02,207.57,61424.3,-1
2023-12-20,2023-12-20 11:08:00,301.76,301.76,301.72,301.72,-0.01,207.57,61424.3,-1
2023-12-20,2023-12-20 11:09:00,301.72,301.72,301.68,301.68,-0.01,207.57,61424.3,-1
2023-12-20,2023-12-20 11:10:00,301.68,301.68,301.64,301.64,-0.01,207.57,61424.3,-1
2023-12-20,2023-12-20 11:11:00,301.64,301.64,301.6,301.6,-0.01,207.57,61424.3,-1
2023-12-20,2023-12-20 11:12:00,301.6,301.6,301.55,301.55,-0.02,207.57,61424.3,-1
2023-12-20,2023-12-20 11:13:00,301.55,301.55,301.51,301.51,-0.01,207.57,61424.3,-1
2023-12-20,2023-12-20 11:14:00,301.51,301.51,301.47,301.47,-0.01,207.57,61424.3,-1
2023-12-20,2023-12-20 11:15:00,301.47,301.47,301.43,301.43,-0.01,207.57,61424.3,-1
2023-12-20,2023-12-20 11:16:00,301.43,301.43,301.38,301.38,-0.02,207.57,61424.3,-1
2023-12-20,2023-12-20 11:17:00,301.38,301.38,301.34,301.34,-0.01,207.57,61424.3,-1
2023-12-20,2023-12-20 11:18:00,301.34,301.34,301.3,301.3,-0.01,207.57,61424.3,-1
2023-12-20,2023-12-20 11:19:00,301.3,301.3,301.26,301.26,-0.01,207.57,61424.3,-1
2023-12-20,2023-12-20 11:20:00,301.26,301.26,301.22,301.22,-0.01,207.57,61424.3,-1
2023-12-20,2023-12-20 11:21:00,301.22,301.22,301.17,301.17,-0.02,207.57,61424.3,-1
2023-12-20,2023-12-20 11:22:00,301.17,301.17,301.13,301.13,-0.01,207.57,61424.3,-1
2023-12-20,2023-12-20 11:23:00,301.13,301.13,301.09,301.09,-0.01,207.57,61424.3,-1
2023-12-20,2023-12-20 11:24:00,301.09,301.09,301.05,301.05,-0.01,207.57,61424.3,-1
2023-12-20,2023-12-20 11:25:00,301.05,301.05,301.01,301.01,-0.01,207.57,61424.3,-1
2023-12-20,2023-12-20 11:26:00,301.01,301.01,300.96,300.96,-0.02,207.57,61424.3,-1
2023-12-20,2023-12-20 11:27:00,300.96,300.96,300.92,300.92,-0.01,207.57,61424.3,-1
2023-12-20,2023-12-20 11:28:00,300.92,300.92,300.88,300.88,-0.01,207.57,61424.3,-1
2023-12-20,2023-12-20 11:29:00,300.88,300.88,300.84,300.84,-0.01,207.57,61424.3,-1
2023-12-20,2023-12-20 11:30:00,300.84,300.84,300.8,300.8,-0.01,207.57,61424.3,-1
2023-12-20,2023-12-20 11:31:00,300.8,300.8,300.75,300.75,-0.02,207.57,61424.3,-1
2023-12-20,2023-12-20 11:32:00,300.75,300.75,300.71,300.71,-0.01,207.57,61424.3,-1
2023-12-20,2023-12-20 11:33:00,300.71,300.71,300.67,300.67,-0.01,207.57,61424.3,-1
2023-12-20,2023-12-20 11:34:00,300.67,300.67,300.63,300.63,-0.01,207.57,61424.3,-1
2023-12-20,2023-12-20 11:35:00,300.63,300.63,300.59,300.59,-0.01,207.57,61424.3,-1
2023-12-20,2023-12-20 11:36:00,300.59,300.59,300.54,300.54,-0.02,207.57,61424.3,-1
2023-12-20,2023-12-20 11:37:00,300.54,300.54,300.5,300.5,-0.01,207.57,61424.3,-1
2023-12-20,2023-12-20 11:38:00,300.5,300.5,300.46,300.46,-0.01,207.57,61424.3,-1
2023-12-20,2023-12-20 11:39:00,300.46,300.46,300.42,300.42,-0.01,207.57,61424.3,-1
2023-12-20,2023-12-20 11:40:00,300.42,300.42,300.37,300.37,-0.02,207.57,61424.3,-1
2023-12-20,2023-12-20 11:41:00,300.37,300.37,300.33,300.33,-0.01,207.57,61424.3,-1
2023-12-20,2023-12-20 11:42:00,300.33,300.33,300.29,300.29,-0.01,207.57,61424.3,-1
2023-12-20,2023-12-20 11:43:00,300.29,300.29,300.25,300.25,-0.01,207.57,61424.3,-1
2023-12-20,2023-12-20 11:44:00,300.25,300.25,300.21,300.21,-0.01,207.57,61424.3,-1
2023-12-20,2023-12-20 11:45:00,300.21,300.21,300.16,300.16,-0.02,207.57,61424.3,-1
2023-12-20,2023-12-20 11:46:00,300.16,300.16,300.12,300.12,-0.01,207.57,61424.3,-1
2023-12-20,2023-12-20 11:47:00,300.12,300.12,300.08,300.08,-0.01,207.57,61424.3,-1
2023-12-20,2023-12-20 11:48:00,300.08,300.08,300.04,300.04,-0.01,207.57,61424.3,-1
2023-12-20,2023-12-20 11:49:00,300.04,300.04,300.0,300.0,-0.01,207.57,61424.3,-1
2023-12-20,2023-12-20 11:50:00,300.0,300.0,299.95,299.95,-0.02,207.57,61424.3,-1
2023-12-20,2023-12-20 11:51:00,299.95,299.95,299.91,299.91,-0.01,207.57,61424.3,-1
2023-12-20,2023-12-20 11:52:00,299.91,299.91,299.87,299.87,-0.01,207.57,61424.3,-1
2023-12-20,2023-12-20 11:53:00,299.87,299.87,299.83,299.83,-0.01,207.57,61424.3,-1
2023-12-20,2023-12-20 11:54:00,299.83,299.83,299.79,299.79,-0.01,207.57,61424.3,-1
2023-12-20,2023-12-20 11:55:00,299.79,299.79,299.74,299.74,-0.02,207.57,61424.3,-1
2023-12-20,2023-12-20 11:56:00,299.74,299.74,299.7,299.7,-0.01,207.57,61424.3,-1
2023-12-20,2023-12-20 11:57:00,299.7,299.7,299.66,299.66,-0.01,207.57,61424.3,-1
2023-12-20,2023-12-20 11:58:00,299.66,299.66,299.62,299.62,-0.01,207.57,61424.3,-1
2023-12-20,2023-12-20 11:59:00,299.62,299.62,299.58,299.58,-0.01,207.57,61424.3,-1
2023-12-20,2023-12-20 12:00:00,299.58,299.58,299.53,299.53,-0.02,207.57,61424.3,-1
2023-12-20,2023-12-20 12:01:00,299.53,299.53,299.49,299.49,-0.01,207.57,61424.3,-1
2023-12-20,2023-12-20 12:02:00,299.49,299.49,299.45,299.45,-0.01,207.57,61424.3,-1
2023-12-20,2023-12-20 12:03:00,299.45,299.45,299.41,299.41,-0.01,207.57,61424.3,-1
2023-12-20,2023-12-20 12:04:00,299.41,299.41,299.36,299.36,-0.02,207.57,61424.3,-1
2023-12-20,2023-12-20 12:05:00,299.36,299.36,299.32,299.32,-0.01,207.57,61424.3,-1
2023-12-20,2023-12-20 12:06:00,299.32,299.32,299.28,299.28,-0.01,207.57,61424.3,-1
2023-12-20,2023-12-20 12:07:00,299.28,299.28,299.24,299.24,-0.01,207.57,61424.3,-1
2023-12-20,2023-12-20 12:08:00,299.24,299.24,299.2,299.2,-0.01,207.57,61424.3,-1
2023-12-20,2023-12-20 12:09:00,299.2,299.2,299.15,299.15,-0.02,207.57,61424.3,-1
2023-12-20,2023-12-20 12:10:00,299.15,299.15,299.11,299.11,-0.01,207.57,61424.3,-1
2023-12-20,2023-12-20 12:11:00,299.11,299.11,299.07,299.07,-0.01,207.57,61424.3,-1
2023-12-20,2023-12-20 12:12:00,299.07,299.07,299.03,299.03,-0.01,207.57,61424.3,-1
2023-12-20,2023-12-20 12:13:00,299.03,299.03,298.99,298.99,-0.01,207.57,61424.3,-1
2023-12-20,2023-12-20 12:14:00,298.99,298.99,298.94,298.94,-0.02,207.57,61424.3,-1
2023-12-20,2023-12-20 12:15:00,298.94,298.94,298.9,298.9,-0.01,207.57,61424.3,-1
2023-12-20,2023-12-20 12:16:00,298.9,298.9,298.86,298.86,-0.01,207.57,61424.3,-1
2023-12-20,2023-12-20 12:17:00,298.86,298.86,298.82,298.82,-0.01,207.57,61424.3,-1
2023-12-20,2023-12-20 12:18:00,298.82,298.82,298.78,298.78,-0.01,207.57,61424.3,-1
2023-12-20,2023-12-20 12:19:00,298.78,298.78,298.73,298.73,-0.02,207.57,61424.3,-1
2023-12-20,2023-12-20 12:20:00,298.73,298.73,298.69,298.69,-0.01,207.57,61424.3,-1
2023-12-20,2023-12-20 12:21:00,298.69,298.69,298.65,298.65,-0.01,207.57,61424.3,-1
2023-12-20,2023-12-20 12:22:00,298.65,298.65,298.61,298.61,-0.01,207.57,61424.3,-1
2023-12-20,2023-12-20 12:23:00,298.61,298.61,298.56,298.56,-0.02,207.57,61424.3,-1
2023-12-20,2023-12-20 12:24:00,298.56,298.56,298.52,298.52,-0.01,207.57,61424.3,-1
2023-12-20,2023-12-20 12:25:00,298.52,298.52,298.48,298.48,-0.01,207.57,61424.3,-1
2023-12-20,2023-12-20 12:26:00,298.48,298.48,298.44,298.44,-0.01,207.57,61424.3,-1
2023-12-20,2023-12-20 12:27:00,298.44,298.44,298.4,298.4,-0.01,207.57,61424.3,-1
2023-12-20,2023-12-20 12:28:00,298.4,298.4,298.35,298.35,-0.02,207.57,61424.3,-1
2023-12-20,2023-12-20 12:29:00,298.35,298.35,298.31,298.31,-0.01,207.57,61424.3,-1
2023-12-20,2023-12-20 12:30:00,298.31,298.31,298.27,298.27,-0.01,207.57,61424.3,-1
2023-12-20,2023-12-20 12:31:00,298.27,298.27,298.23,298.23,-0.01,207.57,61424.3,-1
2023-12-20,2023-12-20 12:32:00,298.23,298.23,298.19,298.19,-0.01,207.57,61424.3,-1
2023-12-20,2023-12-20 12:33:00,298.19,298.19,298.14,298.14,-0.02,207.57,61424.3,-1
2023-12-20,2023-12-20 12:34:00,298.14,298.14,298.1,298.1,-0.01,207.57,61424.3,-1
2023-12-20,2023-12-20 12:35:00,298.1,298.1,298.06,298.06,-0.01,207.57,61424.3,-1
2023-12-20,2023-12-20 12:36:00,298.06,298.06,298.02,298.02,-0.01,207.57,61424.3,-1
2023-12-20,2023-12-20 12:37:00,298.02,298.02,297.98,297.98,-0.01,207.57,61424.3,-1
2023-12-20,2023-12-20 12:38:00,297.98,297.98,297.93,297.93,-0.02,207.57,61424.3,-1
2023-12-20,2023-12-20 12:39:00,297.93,297.93,297.89,297.89,-0.01,207.57,61424.3,-1
2023-12-20,2023-12-20 12:40:00,297.89,297.89,297.85,297.85,-0.01,207.57,61424.3,-1
2023-12-20,2023-12-20 12:41:00,297.85,297.85,297.81,297.81,-0.01,207.57,61424.3,-1
2023-12-20,2023-12-20 12:42:00,297.81,297.81,297.77,297.77,-0.01,207.57,61424.3,-1
2023-12-20,2023-12-20 12:43:00,297.77,297.77,297.72,297.72,-0.02,207.57,61424.3,-1
2023-12-20,2023-12-20 12:44:00,297.72,297.72,297.68,297.68,-0.01,207.57,61424.3,-1
2023-12-20,2023-12-20 12:45:00,297.68,297.68,297.64,297.64,-0.01,207.57,61424.3,-1
2023-12-20,2023-12-20 12:46:00,297.64,297.64,297.6,297.6,-0.01,207.57,61424.3,-1
2023-12-20,2023-12-20 12:47:00,297.6,297.6,297.56,297.56,-0.01,207.57,61424.3,-1
2023-12-20,2023-12-20 12:48:00,297.56,297.56,297.51,297.51,-0.02,207.57,61424.3,-1
2023-12-20,2023-12-20 12:49:00,297.51,297.51,297.47,297.47,-0.01,207.57,61424.3,-1
2023-12-20,2023-12-20 12:50:00,297.47,297.47,297.43,297.43,-0.01,207.57,61424.3,-1
2023-12-20,2023-12-20 12:51:00,297.43,297.43,297.39,297.39,-0.01,207.57,61424.3,-1
2023-12-20,2023-12-20 12:52:00,297.39,297.39,297.34,297.34,-0.02,207.57,61424.3,-1
2023-12-20,2023-12-20 12:53:00,297.34,297.34,297.3,297.3,-0.01,207.57,61424.3,-1
2023-12-20,2023-12-20 12:54:00,297.3,297.3,297.26,297.26,-0.01,207.57,61424.3,-1
2023-12-20,2023-12-20 12:55:00,297.26,297.26,297.22,297.22,-0.01,207.57,61424.3,-1
2023-12-20,2023-12-20 12:56:00,297.22,297.22,297.18,297.18,-0.01,207.57,61424.3,-1
2023-12-20,2023-12-20 12:57:00,297.18,297.18,297.13,297.13,-0.02,207.57,61424.3,-1
2023-12-20,2023-12-20 12:58:00,297.13,297.13,297.09,297.09,-0.01,207.57,61424.3,-1
2023-12-20,2023-12-20 12:59:00,297.09,297.09,297.05,297.05,-0.01,207.57,61424.3,-1
2023-12-20,2023-12-20 13:00:00,297.05,309.0,281.1,297.01,-0.01,207.57,61424.3,-1
2023-12-20,2023-12-20 13:01:00,297.01,297.01,296.97,296.97,-0.01,207.57,61424.3,-1
2023-12-20,2023-12-20 13:02:00,296.97,296.97,296.92,296.92,-0.02,207.57,61424.3,-1
2023-12-20,2023-12-20 13:03:00,296.92,296.92,296.88,296.88,-0.01,207.57,61424.3,-1
2023-12-20,2023-12-20 13:04:00,296.88,296.88,296.84,296.84,-0.01,207.57,61424.3,-1
2023-12-20,2023-12-20 13:05:00,296.84,296.84,296.8,296.8,-0.01,207.57,61424.3,-1
2023-12-20,2023-12-20 13:06:00,296.8,296.8,296.76,296.76,-0.01,207.57,61424.3,-1
2023-12-20,2023-12-20 13:07:00,296.76,296.76,296.71,296.71,-0.02,207.57,61424.3,-1
2023-12-20,2023-12-20 13:08:00,296.71,296.71,296.67,296.67,-0.01,207.57,61424.3,-1
2023-12-20,2023-12-20 13:09:00,296.67,296.67,296.63,296.63,-0.01,207.57,61424.3,-1
2023-12-20,2023-12-20 13:10:00,296.63,296.63,296.59,296.59,-0.01,207.57,61424.3,-1
2023-12-20,2023-12-20 13:11:00,296.59,296.59,296.55,296.55,-0.01,207.57,61424.3,-1
2023-12-20,2023-12-20 13:12:00,296.55,296.55,296.5,296.5,-0.02,207.57,61424.3,-1
2023-12-20,2023-12-20 13:13:00,296.5,296.5,296.46,296.46,-0.01,207.57,61424.3,-1
2023-12-20,2023-12-20 13:14:00,296.46,296.46,296.42,296.42,-0.01,207.57,61424.3,-1
2023-12-20,2023-12-20 13:15:00,296.42,296.42,296.38,296.38,-0.01,207.57,61424.3,-1
2023-12-20,2023-12-20 13:16:00,296.38,296.38,296.33,296.33,-0.02,207.57,61424.3,-1
2023-12-20,2023-12-20 13:17:00,296.33,296.33,296.29,296.29,-0.01,207.57,61424.3,-1
2023-12-20,2023-12-20 13:18:00,296.29,296.29,296.25,296.25,-0.01,207.57,61424.3,-1
2023-12-20,2023-12-20 13:19:00,296.25,296.25,296.21,296.21,-0.01,207.57,61424.3,-1
2023-12-20,2023-12-20 13:20:00,296.21,296.21,296.17,296.17,-0.01,207.57,61424.3,-1
2023-12-20,2023-12-20 13:21:00,296.17,296.17,296.12,296.12,-0.02,207.57,61424.3,-1
2023-12-20,2023-12-20 13:22:00,296.12,296.12,296.08,296.08,-0.01,207.57,61424.3,-1
2023-12-20,2023-12-20 13:23:00,296.08,296.08,296.04,296.04,-0.01,207.57,61424.3,-1
2023-12-20,2023-12-20 13:24:00,296.04,296.04,296.0,296.0,-0.01,207.57,61424.3,-1
2023-12-20,2023-12-20 13:25:00,296.0,296.0,295.96,295.96,-0.01,207.57,61424.3,-1
2023-12-20,2023-12-20 13:26:00,295.96,295.96,295.91,295.91,-0.02,207.57,61424.3,-1
2023-12-20,2023-12-20 13:27:00,295.91,295.91,295.87,295.87,-0.01,207.57,61424.3,-1
2023-12-20,2023-12-20 13:28:00,295.87,295.87,295.83,295.83,-0.01,207.57,61424.3,-1
2023-12-20,2023-12-20 13:29:00,295.83,295.83,295.79,295.79,-0.01,207.57,61424.3,-1
2023-12-20,2023-12-20 13:30:00,295.79,295.79,295.75,295.75,-0.01,207.57,61424.3,-1
2023-12-20,2023-12-20 13:31:00,295.75,295.75,295.7,295.7,-0.02,207.57,61424.3,-1
2023-12-20,2023-12-20 13:32:00,295.7,295.7,295.66,295.66,-0.01,207.57,61424.3,-1
2023-12-20,2023-12-20 13:33:00,295.66,295.66,295.62,295.62,-0.01,207.57,61424.3,-1
2023-12-20,2023-12-20 13:34:00,295.62,295.62,295.58,295.58,-0.01,207.57,61424.3,-1
2023-12-20,2023-12-20 13:35:00,295.58,295.58,295.54,295.54,-0.01,207.57,61424.3,-1
2023-12-20,2023-12-20 13:36:00,295.54,295.54,295.49,295.49,-0.02,207.57,61424.3,-1
2023-12-20,2023-12-20 13:37:00,295.49,295.49,295.45,295.45,-0.01,207.57,61424.3,-1
2023-12-20,2023-12-20 13:38:00,295.45,295.45,295.41,295.41,-0.01,207.57,61424.3,-1
2023-12-20,2023-12-20 13:39:00,295.41,295.41,295.37,295.37,-0.01,207.57,61424.3,-1
2023-12-20,2023-12-20 13:40:00,295.37,295.37,295.32,295.32,-0.02,207.57,61424.3,-1
2023-12-20,2023-12-20 13:41:00,295.32,295.32,295.28,295.28,-0.01,207.57,61424.3,-1
2023-12-20,2023-12-20 13:42:00,295.28,295.28,295.24,295.24,-0.01,207.57,61424.3,-1
2023-12-20,2023-12-20 13:43:00,295.24,295.24,295.2,295.2,-0.01,207.57,61424.3,-1
2023-12-20,2023-12-20 13:44:00,295.2,295.2,295.16,295.16,-0.01,207.57,61424.3,-1
2023-12-20,2023-12-20 13:45:00,295.16,295.16,295.11,295.11,-0.02,207.57,61424.3,-1
2023-12-20,2023-12-20 13:46:00,295.11,295.11,295.07,295.07,-0.01,207.57,61424.3,-1
2023-12-20,2023-12-20 13:47:00,295.07,295.07,295.03,295.03,-0.01,207.57,61424.3,-1
2023-12-20,2023-12-20 13:48:00,295.03,295.03,294.99,294.99,-0.01,207.57,61424.3,-1
2023-12-20,2023-12-20 13:49:00,294.99,294.99,294.95,294.95,-0.01,207.57,61424.3,-1
2023-12-20,2023-12-20 13:50:00,294.95,294.95,294.9,294.9,-0.02,207.57,61424.3,-1
2023-12-20,2023-12-20 13:51:00,294.9,294.9,294.86,294.86,-0.01,207.57,61424.3,-1
2023-12-20,2023-12-20 13:52:00,294.86,294.86,294.82,294.82,-0.01,207.57,61424.3,-1
2023-12-20,2023-12-20 13:53:00,294.82,294.82,294.78,294.78,-0.01,207.57,61424.3,-1
2023-12-20,2023-12-20 13:54:00,294.78,294.78,294.74,294.74,-0.01,207.57,61424.3,-1
2023-12-20,2023-12-20 13:55:00,294.74,294.74,294.69,294.69,-0.02,207.57,61424.3,-1
2023-12-20,2023-12-20 13:56:00,294.69,294.69,294.65,294.65,-0.01,207.57,61424.3,-1
2023-12-20,2023-12-20 13:57:00,294.65,294.65,294.61,294.61,-0.01,207.57,61424.3,-1
2023-12-20,2023-12-20 13:58:00,294.61,294.61,294.57,294.57,-0.01,207.57,61424.3,-1
2023-12-20,2023-12-20 13:59:00,294.57,294.57,294.52,294.52,-0.02,207.57,61424.3,-1
2023-12-20,2023-12-20 14:00:00,294.52,294.52,294.48,294.48,-0.01,207.57,61424.3,-1
2023-12-20,2023-12-20 14:01:00,294.48,294.48,294.44,294.44,-0.01,207.57,61424.3,-1
2023-12-20,2023-12-20 14:02:00,294.44,294.44,294.4,294.4,-0.01,207.57,61424.3,-1
2023-12-20,2023-12-20 14:03:00,294.4,294.4,294.36,294.36,-0.01,207.57,61424.3,-1
2023-12-20,2023-12-20 14:04:00,294.36,294.36,294.31,294.31,-0.02,207.57,61424.3,-1
2023-12-20,2023-12-20 14:05:00,294.31,294.31,294.27,294.27,-0.01,207.57,61424.3,-1
2023-12-20,2023-12-20 14:06:00,294.27,294.27,294.23,294.23,-0.01,207.57,61424.3,-1
2023-12-20,2023-12-20 14:07:00,294.23,294.23,294.19,294.19,-0.01,207.57,61424.3,-1
2023-12-20,2023-12-20 14:08:00,294.19,294.19,294.15,294.15,-0.01,207.57,61424.3,-1
2023-12-20,2023-12-20 14:09:00,294.15,294.15,294.1,294.1,-0.02,207.57,61424.3,-1
2023-12-20,2023-12-20 14:10:00,294.1,294.1,294.06,294.06,-0.01,207.57,61424.3,-1
2023-12-20,2023-12-20 14:11:00,294.06,294.06,294.02,294.02,-0.01,207.57,61424.3,-1
2023-12-20,2023-12-20 14:12:00,294.02,294.02,293.98,293.98,-0.01,207.57,61424.3,-1
2023-12-20,2023-12-20 14:13:00,293.98,293.98,293.94,293.94,-0.01,207.57,61424.3,-1
2023-12-20,2023-12-20 14:14:00,293.94,293.94,293.89,293.89,-0.02,207.57,61424.3,-1
2023-12-20,2023-12-20 14:15:00,293.89,293.89,293.85,293.85,-0.01,207.57,61424.3,-1
2023-12-20,2023-12-20 14:16:00,293.85,293.85,293.81,293.81,-0.01,207.57,61424.3,-1
2023-12-20,2023-12-20 14:17:00,293.81,293.81,293.77,293.77,-0.01,207.57,61424.3,-1
2023-12-20,2023-12-20 14:18:00,293.77,293.77,293.73,293.73,-0.01,207.57,61424.3,-1
2023-12-20,2023-12-20 14:19:00,293.73,293.73,293.68,293.68,-0.02,207.57,61424.3,-1
2023-12-20,2023-12-20 14:20:00,293.68,293.68,293.64,293.64,-0.01,207.57,61424.3,-1
2023-12-20,2023-12-20 14:21:00,293.64,293.64,293.6,293.6,-0.01,207.57,61424.3,-1
2023-12-20,2023-12-20 14:22:00,293.6,293.6,293.56,293.56,-0.01,207.57,61424.3,-1
2023-12-20,2023-12-20 14:23:00,293.56,293.56,293.51,293.51,-0.02,207.57,61424.3,-1
2023-12-20,2023-12-20 14:24:00,293.51,293.51,293.47,293.47,-0.01,207.57,61424.3,-1
2023-12-20,2023-12-20 14:25:00,293.47,293.47,293.43,293.43,-0.01,207.57,61424.3,-1
2023-12-20,2023-12-20 14:26:00,293.43,293.43,293.39,293.39,-0.01,207.57,61424.3,-1
2023-12-20,2023-12-20 14:27:00,293.39,293.39,293.35,293.35,-0.01,207.57,61424.3,-1
2023-12-20,2023-12-20 14:28:00,293.35,293.35,293.3,293.3,-0.02,207.57,61424.3,-1
2023-12-20,2023-12-20 14:29:00,293.3,293.3,293.26,293.26,-0.01,207.57,61424.3,-1
2023-12-20,2023-12-20 14:30:00,293.26,293.26,293.22,293.22,-0.01,207.57,61424.3,-1
2023-12-20,2023-12-20 14:31:00,293.22,293.22,293.18,293.18,-0.01,207.57,61424.3,-1
2023-12-20,2023-12-20 14:32:00,293.18,293.18,293.14,293.14,-0.01,207.57,61424.3,-1
2023-12-20,2023-12-20 14:33:00,293.14,293.14,293.09,293.09,-0.02,207.57,61424.3,-1
2023-12-20,2023-12-20 14:34:00,293.09,293.09,293.05,293.05,-0.01,207.57,61424.3,-1
2023-12-20,2023-12-20 14:35:00,293.05,293.05,293.01,293.01,-0.01,207.57,61424.3,-1
2023-12-20,2023-12-20 14:36:00,293.01,293.01,292.97,292.97,-0.01,207.57,61424.3,-1
2023-12-20,2023-12-20 14:37:00,292.97,292.97,292.93,292.93,-0.01,207.57,61424.3,-1
2023-12-20,2023-12-20 14:38:00,292.93,292.93,292.88,292.88,-0.02,207.57,61424.3,-1
2023-12-20,2023-12-20 14:39:00,292.88,292.88,292.84,292.84,-0.01,207.57,61424.3,-1
2023-12-20,2023-12-20 14:40:00,292.84,292.84,292.8,292.8,-0.01,207.57,61424.3,-1
2023-12-20,2023-12-20 14:41:00,292.8,292.8,292.76,292.76,-0.01,207.57,61424.3,-1
2023-12-20,2023-12-20 14:42:00,292.76,292.76,292.72,292.72,-0.01,207.57,61424.3,-1
2023-12-20,2023-12-20 14:43:00,292.72,292.72,292.67,292.67,-0.02,207.57,61424.3,-1
2023-12-20,2023-12-20 14:44:00,292.67,292.67,292.63,292.63,-0.01,207.57,61424.3,-1
2023-12-20,2023-12-20 14:45:00,292.63,292.63,292.59,292.59,-0.01,207.57,61424.3,-1
2023-12-20,2023-12-20 14:46:00,292.59,292.59,292.55,292.55,-0.01,207.57,61424.3,-1
2023-12-20,2023-12-20 14:47:00,292.55,292.55,292.5,292.5,-0.02,207.57,61424.3,-1
2023-12-20,2023-12-20 14:48:00,292.5,292.5,292.46,292.46,-0.01,207.57,61424.3,-1
2023-12-20,2023-12-20 14:49:00,292.46,292.46,292.42,292.42,-0.01,207.57,61424.3,-1
2023-12-20,2023-12-20 14:50:00,292.42,292.42,292.38,292.38,-0.01,207.57,61424.3,-1
2023-12-20,2023-12-20 14:51:00,292.38,292.38,292.34,292.34,-0.01,207.57,61424.3,-1
2023-12-20,2023-12-20 14:52:00,292.34,292.34,292.29,292.29,-0.02,207.57,61424.3,-1
2023-12-20,2023-12-20 14:53:00,292.29,292.29,292.25,292.25,-0.01,207.57,61424.3,-1
2023-12-20,2023-12-20 14:54:00,292.25,292.25,292.21,292.21,-0.01,207.57,61424.3,-1
2023-12-20,2023-12-20 14:55:00,292.21,292.21,292.17,292.17,-0.01,207.57,61424.3,-1
2023-12-20,2023-12-20 14:56:00,292.17,292.17,292.13,292.13,-0.01,207.57,61424.3,-1
2023-12-20,2023-12-20 14:57:00,292.13,292.13,292.08,292.08,-0.02,207.57,61424.3,-1
2023-12-20,2023-12-20 14:58:00,292.08,292.08,292.04,292.04,-0.01,207.57,61424.3,-1
2023-12-20,2023-12-20 14:59:00,292.04,292.04,292.0,292.0,-0.01,207.57,61424.3,-1
2023-12-20,2023-12-20 15:00:00,292.0,309.0,281.1,292.0,0.0,207.57,61424.3,0
2023-12-21,2023-12-21 11:00:00,292.0,293.74,288.52,291.96,-0.01,86.35,24679.47,-1
2023-12-21,2023-12-21 11:01:00,291.96,291.96,291.92,291.92,-0.01,86.35,24679.47,-1
2023-12-21,2023-12-21 11:02:00,291.92,291.92,291.88,291.88,-0.01,86.35,24679.47,-1
2023-12-21,2023-12-21 11:03:00,291.88,291.88,291.83,291.83,-0.02,86.35,24679.47,-1
2023-12-21,2023-12-21 11:04:00,291.83,291.83,291.79,291.79,-0.01,86.35,24679.47,-1
2023-12-21,2023-12-21 11:05:00,291.79,291.79,291.75,291.75,-0.01,86.35,24679.47,-1
2023-12-21,2023-12-21 11:06:00,291.75,291.75,291.71,291.71,-0.01,86.35,24679.47,-1
2023-12-21,2023-12-21 11:07:00,291.71,291.71,291.67,291.67,-0.01,86.35,24679.47,-1
2023-12-21,2023-12-21 11:08:00,291.67,291.67,291.62,291.62,-0.02,86.35,24679.47,-1
2023-12-21,2023-12-21 11:09:00,291.62,291.62,291.58,291.58,-0.01,86.35,24679.47,-1
2023-12-21,2023-12-21 11:10:00,291.58,291.58,291.54,291.54,-0.01,86.35,24679.47,-1
2023-12-21,2023-12-21 11:11:00,291.54,291.54,291.5,291.5,-0.01,86.35,24679.47,-1
2023-12-21,2023-12-21 11:12:00,291.5,291.5,291.46,291.46,-0.01,86.35,24679.47,-1
2023-12-21,2023-12-21 11:13:00,291.46,291.46,291.42,291.42,-0.01,86.35,24679.47,-1
2023-12-21,2023-12-21 11:14:00,291.42,291.42,291.38,291.38,-0.01,86.35,24679.47,-1
2023-12-21,2023-12-21 11:15:00,291.38,291.38,291.33,291.33,-0.02,86.35,24679.47,-1
2023-12-21,2023-12-21 11:16:00,291.33,291.33,291.29,291.29,-0.01,86.35,24679.47,-1
2023-12-21,2023-12-21 11:17:00,291.29,291.29,291.25,291.25,-0.01,86.35,24679.47,-1
2023-12-21,2023-12-21 11:18:00,291.25,291.25,291.21,291.21,-0.01,86.35,24679.47,-1
2023-12-21,2023-12-21 11:19:00,291.21,291.21,291.17,291.17,-0.01,86.35,24679.47,-1
2023-12-21,2023-12-21 11:20:00,291.17,291.17,291.12,291.12,-0.02,86.35,24679.47,-1
2023-12-21,2023-12-21 11:21:00,291.12,291.12,291.08,291.08,-0.01,86.35,24679.47,-1
2023-12-21,2023-12-21 11:22:00,291.08,291.08,291.04,291.04,-0.01,86.35,24679.47,-1
2023-12-21,2023-12-21 11:23:00,291.04,291.04,291.0,291.0,-0.01,86.35,24679.47,-1
2023-12-21,2023-12-21 11:24:00,291.0,291.0,290.96,290.96,-0.01,86.35,24679.47,-1
2023-12-21,2023-12-21 11:25:00,290.96,290.96,290.92,290.92,-0.01,86.35,24679.47,-1
2023-12-21,2023-12-21 11:26:00,290.92,290.92,290.88,290.88,-0.01,86.35,24679.47,-1
2023-12-21,2023-12-21 11:27:00,290.88,290.88,290.83,290.83,-0.02,86.35,24679.47,-1
2023-12-21,2023-12-21 11:28:00,290.83,290.83,290.79,290.79,-0.01,86.35,24679.47,-1
2023-12-21,2023-12-21 11:29:00,290.79,290.79,290.75,290.75,-0.01,86.35,24679.47,-1
2023-12-21,2023-12-21 11:30:00,290.75,290.75,290.71,290.71,-0.01,86.35,24679.47,-1
2023-12-21,2023-12-21 11:31:00,290.71,290.71,290.67,290.67,-0.01,86.35,24679.47,-1
2023-12-21,2023-12-21 11:32:00,290.67,290.67,290.62,290.62,-0.02,86.35,24679.47,-1
2023-12-21,2023-12-21 11:33:00,290.62,290.62,290.58,290.58,-0.01,86.35,24679.47,-1
2023-12-21,2023-12-21 11:34:00,290.58,290.58,290.54,290.54,-0.01,86.35,24679.47,-1
2023-12-21,2023-12-21 11:35:00,290.54,290.54,290.5,290.5,-0.01,86.35,24679.47,-1
2023-12-21,2023-12-21 11:36:00,290.5,290.5,290.46,290.46,-0.01,86.35,24679.47,-1
2023-12-21,2023-12-21 11:37:00,290.46,290.46,290.42,290.42,-0.01,86.35,24679.47,-1
2023-12-21,2023-12-21 11:38:00,290.42,290.42,290.38,290.38,-0.01,86.35,24679.47,-1
2023-12-21,2023-12-21 11:39:00,290.38,290.38,290.33,290.33,-0.02,86.35,24679.47,-1
2023-12-21,2023-12-21 11:40:00,290.33,290.33,290.29,290.29,-0.01,86.35,24679.47,-1
2023-12-21,2023-12-21 11:41:00,290.29,290.29,290.25,290.25,-0.01,86.35,24679.47,-1
2023-12-21,2023-12-21 11:42:00,290.25,290.25,290.21,290.21,-0.01,86.35,24679.47,-1
2023-12-21,2023-12-21 11:43:00,290.21,290.21,290.17,290.17,-0.01,86.35,24679.47,-1
2023-12-21,2023-12-21 11:44:00,290.17,290.17,290.12,290.12,-0.02,86.35,24679.47,-1
2023-12-21,2023-12-21 11:45:00,290.12,290.12,290.08,290.08,-0.01,86.35,24679.47,-1
2023-12-21,2023-12-21 11:46:00,290.08,290.08,290.04,290.04,-0.01,86.35,24679.47,-1
2023-12-21,2023-12-21 11:47:00,290.04,290.04,290.0,290.0,-0.01,86.35,24679.47,-1
2023-12-21,2023-12-21 11:48:00,290.0,290.0,289.96,289.96,-0.01,86.35,24679.47,-1
2023-12-21,2023-12-21 11:49:00,289.96,289.96,289.92,289.92,-0.01,86.35,24679.47,-1
2023-12-21,2023-12-21 11:50:00,289.92,289.92,289.88,289.88,-0.01,86.35,24679.47,-1
2023-12-21,2023-12-21 11:51:00,289.88,289.88,289.83,289.83,-0.02,86.35,24679.47,-1
2023-12-21,2023-12-21 11:52:00,289.83,289.83,289.79,289.79,-0.01,86.35,24679.47,-1
2023-12-21,2023-12-21 11:53:00,289.79,289.79,289.75,289.75,-0.01,86.35,24679.47,-1
2023-12-21,2023-12-21 11:54:00,289.75,289.75,289.71,289.71,-0.01,86.35,24679.47,-1
2023-12-21,2023-12-21 11:55:00,289.71,289.71,289.67,289.67,-0.01,86.35,24679.47,-1
2023-12-21,2023-12-21 11:56:00,289.67,289.67,289.62,289.62,-0.02,86.35,24679.47,-1
2023-12-21,2023-12-21 11:57:00,289.62,289.62,289.58,289.58,-0.01,86.35,24679.47,-1
2023-12-21,2023-12-21 11:58:00,289.58,289.58,289.54,289.54,-0.01,86.35,24679.47,-1
2023-12-21,2023-12-21 11:59:00,289.54,289.54,289.5,289.5,-0.01,86.35,24679.47,-1
2023-12-21,2023-12-21 12:00:00,289.5,289.5,289.46,289.46,-0.01,86.35,24679.47,-1
2023-12-21,2023-12-21 12:01:00,289.46,289.46,289.42,289.42,-0.01,86.35,24679.47,-1
2023-12-21,2023-12-21 12:02:00,289.42,289.42,289.38,289.38,-0.01,86.35,24679.47,-1
2023-12-21,2023-12-21 12:03:00,289.38,289.38,289.33,289.33,-0.02,86.35,24679.47,-1
2023-12-21,2023-12-21 12:04:00,289.33,289.33,289.29,289.29,-0.01,86.35,24679.47,-1
2023-12-21,2023-12-21 12:05:00,289.29,289.29,289.25,289.25,-0.01,86.35,24679.47,-1
2023-12-21,2023-12-21 12:06:00,289.25,289.25,289.21,289.21,-0.01,86.35,24679.47,-1
2023-12-21,2023-12-21 12:07:00,289.21,289.21,289.17,289.17,-0.01,86.35,24679.47,-1
2023-12-21,2023-12-21 12:08:00,289.17,289.17,289.12,289.12,-0.02,86.35,24679.47,-1
2023-12-21,2023-12-21 12:09:00,289.12,289.12,289.08,289.08,-0.01,86.35,24679.47,-1
2023-12-21,2023-12-21 12:10:00,289.08,289.08,289.04,289.04,-0.01,86.35,24679.47,-1
2023-12-21,2023-12-21 12:11:00,289.04,289.04,289.0,289.0,-0.01,86.35,24679.47,-1
2023-12-21,2023-12-21 12:12:00,289.0,289.0,288.96,288.96,-0.01,86.35,24679.47,-1
2023-12-21,2023-12-21 12:13:00,288.96,288.96,288.92,288.92,-0.01,86.35,24679.47,-1
2023-12-21,2023-12-21 12:14:00,288.92,288.92,288.88,288.88,-0.01,86.35,24679.47,-1
2023-12-21,2023-12-21 12:15:00,288.88,288.88,288.83,288.83,-0.02,86.35,24679.47,-1
2023-12-21,2023-12-21 12:16:00,288.83,288.83,288.79,288.79,-0.01,86.35,24679.47,-1
2023-12-21,2023-12-21 12:17:00,288.79,288.79,288.75,288.75,-0.01,86.35,24679.47,-1
2023-12-21,2023-12-21 12:18:00,288.75,288.75,288.71,288.71,-0.01,86.35,24679.47,-1
2023-12-21,2023-12-21 12:19:00,288.71,288.71,288.67,288.67,-0.01,86.35,24679.47,-1
2023-12-21,2023-12-21 12:20:00,288.67,288.67,288.62,288.62,-0.02,86.35,24679.47,-1
2023-12-21,2023-12-21 12:21:00,288.62,288.62,288.58,288.58,-0.01,86.35,24679.47,-1
2023-12-21,2023-12-21 12:22:00,288.58,288.58,288.54,288.54,-0.01,86.35,24679.47,-1
2023-12-21,2023-12-21 12:23:00,288.54,288.54,288.5,288.5,-0.01,86.35,24679.47,-1
2023-12-21,2023-12-21 12:24:00,288.5,288.5,288.46,288.46,-0.01,86.35,24679.47,-1
2023-12-21,2023-12-21 12:25:00,288.46,288.46,288.42,288.42,-0.01,86.35,24679.47,-1
2023-12-21,2023-12-21 12:26:00,288.42,288.42,288.38,288.38,-0.01,86.35,24679.47,-1
2023-12-21,2023-12-21 12:27:00,288.38,288.38,288.33,288.33,-0.02,86.35,24679.47,-1
2023-12-21,2023-12-21 12:28:00,288.33,288.33,288.29,288.29,-0.01,86.35,24679.47,-1
2023-12-21,2023-12-21 12:29:00,288.29,288.29,288.25,288.25,-0.01,86.35,24679.47,-1
2023-12-21,2023-12-21 12:30:00,288.25,288.25,288.21,288.21,-0.01,86.35,24679.47,-1
2023-12-21,2023-12-21 12:31:00,288.21,288.21,288.17,288.17,-0.01,86.35,24679.47,-1
2023-12-21,2023-12-21 12:32:00,288.17,288.17,288.12,288.12,-0.02,86.35,24679.47,-1
2023-12-21,2023-12-21 12:33:00,288.12,288.12,288.08,288.08,-0.01,86.35,24679.47,-1
2023-12-21,2023-12-21 12:34:00,288.08,288.08,288.04,288.04,-0.01,86.35,24679.47,-1
2023-12-21,2023-12-21 12:35:00,288.04,288.04,288.0,288.0,-0.01,86.35,24679.47,-1
2023-12-21,2023-12-21 12:36:00,288.0,288.0,287.96,287.96,-0.01,86.35,24679.47,-1
2023-12-21,2023-12-21 12:37:00,287.96,287.96,287.92,287.92,-0.01,86.35,24679.47,-1
2023-12-21,2023-12-21 12:38:00,287.92,287.92,287.88,287.88,-0.01,86.35,24679.47,-1
2023-12-21,2023-12-21 12:39:00,287.88,287.88,287.83,287.83,-0.02,86.35,24679.47,-1
2023-12-21,2023-12-21 12:40:00,287.83,287.83,287.79,287.79,-0.01,86.35,24679.47,-1
2023-12-21,2023-12-21 12:41:00,287.79,287.79,287.75,287.75,-0.01,86.35,24679.47,-1
2023-12-21,2023-12-21 12:42:00,287.75,287.75,287.71,287.71,-0.01,86.35,24679.47,-1
2023-12-21,2023-12-21 12:43:00,287.71,287.71,287.67,287.67,-0.01,86.35,24679.47,-1
2023-12-21,2023-12-21 12:44:00,287.67,287.67,287.62,287.62,-0.02,86.35,24679.47,-1
2023-12-21,2023-12-21 12:45:00,287.62,287.62,287.58,287.58,-0.01,86.35,24679.47,-1
2023-12-21,2023-12-21 12:46:00,287.58,287.58,287.54,287.54,-0.01,86.35,24679.47,-1
2023-12-21,2023-12-21 12:47:00,287.54,287.54,287.5,287.5,-0.01,86.35,24679.47,-1
2023-12-21,2023-12-21 12:48:00,287.5,287.5,287.46,287.46,-0.01,86.35,24679.47,-1
2023-12-21,2023-12-21 12:49:00,287.46,287.46,287.42,287.42,-0.01,86.35,24679.47,-1
2023-12-21,2023-12-21 12:50:00,287.42,287.42,287.38,287.38,-0.01,86.35,24679.47,-1
2023-12-21,2023-12-21 12:51:00,287.38,287.38,287.33,287.33,-0.02,86.35,24679.47,-1
2023-12-21,2023-12-21 12:52:00,287.33,287.33,287.29,287.29,-0.01,86.35,24679.47,-1
2023-12-21,2023-12-21 12:53:00,287.29,287.29,287.25,287.25,-0.01,86.35,24679.47,-1
2023-12-21,2023-12-21 12:54:00,287.25,287.25,287.21,287.21,-0.01,86.35,24679.47,-1
2023-12-21,2023-12-21 12:55:00,287.21,287.21,287.17,287.17,-0.01,86.35,24679.47,-1
2023-12-21,2023-12-21 12:56:00,287.17,287.17,287.12,287.12,-0.02,86.35,24679.47,-1
2023-12-21,2023-12-21 12:57:00,287.12,287.12,287.08,287.08,-0.01,86.35,24679.47,-1
2023-12-21,2023-12-21 12:58:00,287.08,287.08,287.04,287.04,-0.01,86.35,24679.47,-1
2023-12-21,2023-12-21 12:59:00,287.04,287.04,287.0,287.0,-0.01,86.35,24679.47,-1
2023-12-21,2023-12-21 13:00:00,287.0,297.8,280.4,286.96,-0.01,86.35,24679.47,-1
2023-12-21,2023-12-21 13:01:00,286.96,286.96,286.92,286.92,-0.01,86.35,24679.47,-1
2023-12-21,2023-12-21 13:02:00,286.92,286.92,286.88,286.88,-0.01,86.35,24679.47,-1
2023-12-21,2023-12-21 13:03:00,286.88,286.88,286.83,286.83,-0.02,86.35,24679.47,-1
2023-12-21,2023-12-21 13:04:00,286.83,286.83,286.79,286.79,-0.01,86.35,24679.47,-1
2023-12-21,2023-12-21 13:05:00,286.79,286.79,286.75,286.75,-0.01,86.35,24679.47,-1
2023-12-21,2023-12-21 13:06:00,286.75,286.75,286.71,286.71,-0.01,86.35,24679.47,-1
2023-12-21,2023-12-21 13:07:00,286.71,286.71,286.67,286.67,-0.01,86.35,24679.47,-1
2023-12-21,2023-12-21 13:08:00,286.67,286.67,286.62,286.62,-0.02,86.35,24679.47,-1
2023-12-21,2023-12-21 13:09:00,286.62,286.62,286.58,286.58,-0.01,86.35,24679.47,-1
2023-12-21,2023-12-21 13:10:00,286.58,286.58,286.54,286.54,-0.01,86.35,24679.47,-1
2023-12-21,2023-12-21 13:11:00,286.54,286.54,286.5,286.5,-0.01,86.35,24679.47,-1
2023-12-21,2023-12-21 13:12:00,286.5,286.5,286.46,286.46,-0.01,86.35,24679.47,-1
2023-12-21,2023-12-21 13:13:00,286.46,286.46,286.42,286.42,-0.01,86.35,24679.47,-1
2023-12-21,2023-12-21 13:14:00,286.42,286.42,286.38,286.38,-0.01,86.35,24679.47,-1
2023-12-21,2023-12-21 13:15:00,286.38,286.38,286.33,286.33,-0.02,86.35,24679.47,-1
2023-12-21,2023-12-21 13:16:00,286.33,286.33,286.29,286.29,-0.01,86.35,24679.47,-1
2023-12-21,2023-12-21 13:17:00,286.29,286.29,286.25,286.25,-0.01,86.35,24679.47,-1
2023-12-21,2023-12-21 13:18:00,286.25,286.25,286.21,286.21,-0.01,86.35,24679.47,-1
2023-12-21,2023-12-21 13:19:00,286.21,286.21,286.17,286.17,-0.01,86.35,24679.47,-1
2023-12-21,2023-12-21 13:20:00,286.17,286.17,286.12,286.12,-0.02,86.35,24679.47,-1
2023-12-21,2023-12-21 13:21:00,286.12,286.12,286.08,286.08,-0.01,86.35,24679.47,-1
2023-12-21,2023-12-21 13:22:00,286.08,286.08,286.04,286.04,-0.01,86.35,24679.47,-1
2023-12-21,2023-12-21 13:23:00,286.04,286.04,286.0,286.0,-0.01,86.35,24679.47,-1
2023-12-21,2023-12-21 13:24:00,286.0,286.0,285.96,285.96,-0.01,86.35,24679.47,-1
2023-12-21,2023-12-21 13:25:00,285.96,285.96,285.92,285.92,-0.01,86.35,24679.47,-1
2023-12-21,2023-12-21 13:26:00,285.92,285.92,285.88,285.88,-0.01,86.35,24679.47,-1
2023-12-21,2023-12-21 13:27:00,285.88,285.88,285.83,285.83,-0.02,86.35,24679.47,-1
2023-12-21,2023-12-21 13:28:00,285.83,285.83,285.79,285.79,-0.01,86.35,24679.47,-1
2023-12-21,2023-12-21 13:29:00,285.79,285.79,285.75,285.75,-0.01,86.35,24679.47,-1
2023-12-21,2023-12-21 13:30:00,285.75,285.75,285.71,285.71,-0.01,86.35,24679.47,-1
2023-12-21,2023-12-21 13:31:00,285.71,285.71,285.67,285.67,-0.01,86.35,24679.47,-1
2023-12-21,2023-12-21 13:32:00,285.67,285.67,285.62,285.62,-0.02,86.35,24679.47,-1
2023-12-21,2023-12-21 13:33:00,285.62,285.62,285.58,285.58,-0.01,86.35,24679.47,-1
2023-12-21,2023-12-21 13:34:00,285.58,285.58,285.54,285.54,-0.01,86.35,24679.47,-1
2023-12-21,2023-12-21 13:35:00,285.54,285.54,285.5,285.5,-0.01,86.35,24679.47,-1
2023-12-21,2023-12-21 13:36:00,285.5,285.5,285.46,285.46,-0.01,86.35,24679.47,-1
2023-12-21,2023-12-21 13:37:00,285.46,285.46,285.42,285.42,-0.01,86.35,24679.47,-1
2023-12-21,2023-12-21 13:38:00,285.42,285.42,285.38,285.38,-0.01,86.35,24679.47,-1
2023-12-21,2023-12-21 13:39:00,285.38,285.38,285.33,285.33,-0.02,86.35,24679.47,-1
2023-12-21,2023-12-21 13:40:00,285.33,285.33,285.29,285.29,-0.01,86.35,24679.47,-1
2023-12-21,2023-12-21 13:41:00,285.29,285.29,285.25,285.25,-0.01,86.35,24679.47,-1
2023-12-21,2023-12-21 13:42:00,285.25,285.25,285.21,285.21,-0.01,86.35,24679.47,-1
2023-12-21,2023-12-21 13:43:00,285.21,285.21,285.17,285.17,-0.01,86.35,24679.47,-1
2023-12-21,2023-12-21 13:44:00,285.17,285.17,285.12,285.12,-0.02,86.35,24679.47,-1
2023-12-21,2023-12-21 13:45:00,285.12,285.12,285.08,285.08,-0.01,86.35,24679.47,-1
2023-12-21,2023-12-21 13:46:00,285.08,285.08,285.04,285.04,-0.01,86.35,24679.47,-1
2023-12-21,2023-12-21 13:47:00,285.04,285.04,285.0,285.0,-0.01,86.35,24679.47,-1
2023-12-21,2023-12-21 13:48:00,285.0,285.0,284.96,284.96,-0.01,86.35,24679.47,-1
2023-12-21,2023-12-21 13:49:00,284.96,284.96,284.92,284.92,-0.01,86.35,24679.47,-1
2023-12-21,2023-12-21 13:50:00,284.92,284.92,284.88,284.88,-0.01,86.35,24679.47,-1
2023-12-21,2023-12-21 13:51:00,284.88,284.88,284.83,284.83,-0.02,86.35,24679.47,-1
2023-12-21,2023-12-21 13:52:00,284.83,284.83,284.79,284.79,-0.01,86.35,24679.47,-1
2023-12-21,2023-12-21 13:53:00,284.79,284.79,284.75,284.75,-0.01,86.35,24679.47,-1
2023-12-21,2023-12-21 13:54:00,284.75,284.75,284.71,284.71,-0.01,86.35,24679.47,-1
2023-12-21,2023-12-21 13:55:00,284.71,284.71,284.67,284.67,-0.01,86.35,24679.47,-1
2023-12-21,2023-12-21 13:56:00,284.67,284.67,284.62,284.62,-0.02,86.35,24679.47,-1
2023-12-21,2023-12-21 13:57:00,284.62,284.62,284.58,284.58,-0.01,86.35,24679.47,-1
2023-12-21,2023-12-21 13:58:00,284.58,284.58,284.54,284.54,-0.01,86.35,24679.47,-1
2023-12-21,2023-12-21 13:59:00,284.54,284.54,284.5,284.5,-0.01,86.35,24679.47,-1
2023-12-21,2023-12-21 14:00:00,284.5,284.5,284.46,284.46,-0.01,86.35,24679.47,-1
2023-12-21,2023-12-21 14:01:00,284.46,284.46,284.42,284.42,-0.01,86.35,24679.47,-1
2023-12-21,2023-12-21 14:02:00,284.42,284.42,284.38,284.38,-0.01,86.35,24679.47,-1
2023-12-21,2023-12-21 14:03:00,284.38,284.38,284.33,284.33,-0.02,86.35,24679.47,-1
2023-12-21,2023-12-21 14:04:00,284.33,284.33,284.29,284.29,-0.01,86.35,24679.47,-1
2023-12-21,2023-12-21 14:05:00,284.29,284.29,284.25,284.25,-0.01,86.35,24679.47,-1
2023-12-21,2023-12-21 14:06:00,284.25,284.25,284.21,284.21,-0.01,86.35,24679.47,-1
2023-12-21,2023-12-21 14:07:00,284.21,284.21,284.17,284.17,-0.01,86.35,24679.47,-1
2023-12-21,2023-12-21 14:08:00,284.17,284.17,284.12,284.12,-0.02,86.35,24679.47,-1
2023-12-21,2023-12-21 14:09:00,284.12,284.12,284.08,284.08,-0.01,86.35,24679.47,-1
2023-12-21,2023-12-21 14:10:00,284.08,284.08,284.04,284.04,-0.01,86.35,24679.47,-1
2023-12-21,2023-12-21 14:11:00,284.04,284.04,284.0,284.0,-0.01,86.35,24679.47,-1
2023-12-21,2023-12-21 14:12:00,284.0,284.0,283.96,283.96,-0.01,86.35,24679.47,-1
2023-12-21,2023-12-21 14:13:00,283.96,283.96,283.92,283.92,-0.01,86.35,24679.47,-1
2023-12-21,2023-12-21 14:14:00,283.92,283.92,283.88,283.88,-0.01,86.35,24679.47,-1
2023-12-21,2023-12-21 14:15:00,283.88,283.88,283.83,283.83,-0.02,86.35,24679.47,-1
2023-12-21,2023-12-21 14:16:00,283.83,283.83,283.79,283.79,-0.01,86.35,24679.47,-1
2023-12-21,2023-12-21 14:17:00,283.79,283.79,283.75,283.75,-0.01,86.35,24679.47,-1
2023-12-21,2023-12-21 14:18:00,283.75,283.75,283.71,283.71,-0.01,86.35,24679.47,-1
2023-12-21,2023-12-21 14:19:00,283.71,283.71,283.67,283.67,-0.01,86.35,24679.47,-1
2023-12-21,2023-12-21 14:20:00,283.67,283.67,283.62,283.62,-0.02,86.35,24679.47,-1
2023-12-21,2023-12-21 14:21:00,283.62,283.62,283.58,283.58,-0.01,86.35,24679.47,-1
2023-12-21,2023-12-21 14:22:00,283.58,283.58,283.54,283.54,-0.01,86.35,24679.47,-1
2023-12-21,2023-12-21 14:23:00,283.54,283.54,283.5,283.5,-0.01,86.35,24679.47,-1
2023-12-21,2023-12-21 14:24:00,283.5,283.5,283.46,283.46,-0.01,86.35,24679.47,-1
2023-12-21,2023-12-21 14:25:00,283.46,283.46,283.42,283.42,-0.01,86.35,24679.47,-1
2023-12-21,2023-12-21 14:26:00,283.42,283.42,283.38,283.38,-0.01,86.35,24679.47,-1
2023-12-21,2023-12-21 14:27:00,283.38,283.38,283.33,283.33,-0.02,86.35,24679.47,-1
2023-12-21,2023-12-21 14:28:00,283.33,283.33,283.29,283.29,-0.01,86.35,24679.47,-1
2023-12-21,2023-12-21 14:29:00,283.29,283.29,283.25,283.25,-0.01,86.35,24679.47,-1
2023-12-21,2023-12-21 14:30:00,283.25,283.25,283.21,283.21,-0.01,86.35,24679.47,-1
2023-12-21,2023-12-21 14:31:00,283.21,283.21,283.17,283.17,-0.01,86.35,24679.47,-1
2023-12-21,2023-12-21 14:32:00,283.17,283.17,283.12,283.12,-0.02,86.35,24679.47,-1
2023-12-21,2023-12-21 14:33:00,283.12,283.12,283.08,283.08,-0.01,86.35,24679.47,-1
2023-12-21,2023-12-21 14:34:00,283.08,283.08,283.04,283.04,-0.01,86.35,24679.47,-1
2023-12-21,2023-12-21 14:35:00,283.04,283.04,283.0,283.0,-0.01,86.35,24679.47,-1
2023-12-21,2023-12-21 14:36:00,283.0,283.0,282.96,282.96,-0.01,86.35,24679.47,-1
2023-12-21,2023-12-21 14:37:00,282.96,282.96,282.92,282.92,-0.01,86.35,24679.47,-1
2023-12-21,2023-12-21 14:38:00,282.92,282.92,282.88,282.88,-0.01,86.35,24679.47,-1
2023-12-21,2023-12-21 14:39:00,282.88,282.88,282.83,282.83,-0.02,86.35,24679.47,-1
2023-12-21,2023-12-21 14:40:00,282.83,282.83,282.79,282.79,-0.01,86.35,24679.47,-1
2023-12-21,2023-12-21 14:41:00,282.79,282.79,282.75,282.75,-0.01,86.35,24679.47,-1
2023-12-21,2023-12-21 14:42:00,282.75,282.75,282.71,282.71,-0.01,86.35,24679.47,-1
2023-12-21,2023-12-21 14:43:00,282.71,282.71,282.67,282.67,-0.01,86.35,24679.47,-1
2023-12-21,2023-12-21 14:44:00,282.67,282.67,282.62,282.62,-0.02,86.35,24679.47,-1
2023-12-21,2023-12-21 14:45:00,282.62,282.62,282.58,282.58,-0.01,86.35,24679.47,-1
2023-12-21,2023-12-21 14:46:00,282.58,282.58,282.54,282.54,-0.01,86.35,24679.47,-1
2023-12-21,2023-12-21 14:47:00,282.54,282.54,282.5,282.5,-0.01,86.35,24679.47,-1
2023-12-21,2023-12-21 14:48:00,282.5,282.5,282.46,282.46,-0.01,86.35,24679.47,-1
2023-12-21,2023-12-21 14:49:00,282.46,282.46,282.42,282.42,-0.01,86.35,24679.47,-1
2023-12-21,2023-12-21 14:50:00,282.42,282.42,282.38,282.38,-0.01,86.35,24679.47,-1
2023-12-21,2023-12-21 14:51:00,282.38,282.38,282.33,282.33,-0.02,86.35,24679.47,-1
2023-12-21,2023-12-21 14:52:00,282.33,282.33,282.29,282.29,-0.01,86.35,24679.47,-1
2023-12-21,2023-12-21 14:53:00,282.29,282.29,282.25,282.25,-0.01,86.35,24679.47,-1
2023-12-21,2023-12-21 14:54:00,282.25,282.25,282.21,282.21,-0.01,86.35,24679.47,-1
2023-12-21,2023-12-21 14:55:00,282.21,282.21,282.17,282.17,-0.01,86.35,24679.47,-1
2023-12-21,2023-12-21 14:56:00,282.17,282.17,282.12,282.12,-0.02,86.35,24679.47,-1
2023-12-21,2023-12-21 14:57:00,282.12,282.12,282.08,282.08,-0.01,86.35,24679.47,-1
2023-12-21,2023-12-21 14:58:00,282.08,282.08,282.04,282.04,-0.01,86.35,24679.47,-1
2023-12-21,2023-12-21 14:59:00,282.04,282.04,282.0,282.0,-0.01,86.35,24679.47,-1
2023-12-21,2023-12-21 15:00:00,282.0,297.8,280.4,282.0,0.0,86.35,24679.47,0
2023-12-24,2023-12-24 11:00:00,278.0,287.6,278.0,278.01,0.0,108.03,31275.34,1
2023-12-24,2023-12-24 11:01:00,278.01,278.02,278.01,278.02,0.0,108.03,31275.34,1
2023-12-24,2023-12-24 11:02:00,278.02,278.02,278.02,278.02,0.0,108.03,31275.34,0
2023-12-24,2023-12-24 11:03:00,278.02,278.03,278.02,278.03,0.0,108.03,31275.34,1
2023-12-24,2023-12-24 11:04:00,278.03,278.04,278.03,278.04,0.0,108.03,31275.34,1
2023-12-24,2023-12-24 11:05:00,278.04,278.05,278.04,278.05,0.0,108.03,31275.34,1
2023-12-24,2023-12-24 11:06:00,278.05,278.06,278.05,278.06,0.0,108.03,31275.34,1
2023-12-24,2023-12-24 11:07:00,278.06,278.07,278.06,278.07,0.0,108.03,31275.34,1
2023-12-24,2023-12-24 11:08:00,278.07,278.07,278.07,278.07,0.0,108.03,31275.34,0
2023-12-24,2023-12-24 11:09:00,278.07,278.08,278.07,278.08,0.0,108.03,31275.34,1
2023-12-24,2023-12-24 11:10:00,278.08,278.09,278.08,278.09,0.0,108.03,31275.34,1
2023-12-24,2023-12-24 11:11:00,278.09,278.1,278.09,278.1,0.0,108.03,31275.34,1
2023-12-24,2023-12-24 11:12:00,278.1,278.11,278.1,278.11,0.0,108.03,31275.34,1
2023-12-24,2023-12-24 11:13:00,278.11,278.12,278.11,278.12,0.0,108.03,31275.34,1
2023-12-24,2023-12-24 11:14:00,278.12,278.12,278.12,278.12,0.0,108.03,31275.34,0
2023-12-24,2023-12-24 11:15:00,278.12,278.13,278.12,278.13,0.0,108.03,31275.34,1
2023-12-24,2023-12-24 11:16:00,278.13,278.14,278.13,278.14,0.0,108.03,31275.34,1
2023-12-24,2023-12-24 11:17:00,278.14,278.15,278.14,278.15,0.0,108.03,31275.34,1
2023-12-24,2023-12-24 11:18:00,278.15,278.16,278.15,278.16,0.0,108.03,31275.34,1
2023-12-24,2023-12-24 11:19:00,278.16,278.17,278.16,278.17,0.0,108.03,31275.34,1
2023-12-24,2023-12-24 11:20:00,278.17,278.18,278.17,278.18,0.0,108.03,31275.34,1
2023-12-24,2023-12-24 11:21:00,278.18,278.18,278.18,278.18,0.0,108.03,31275.34,0
2023-12-24,2023-12-24 11:22:00,278.18,278.19,278.18,278.19,0.0,108.03,31275.34,1
2023-12-24,2023-12-24 11:23:00,278.19,278.2,278.19,278.2,0.0,108.03,31275.34,1
2023-12-24,2023-12-24 11:24:00,278.2,278.21,278.2,278.21,0.0,108.03,31275.34,1
2023-12-24,2023-12-24 11:25:00,278.21,278.22,278.21,278.22,0.0,108.03,31275.34,1
2023-12-24,2023-12-24 11:26:00,278.22,278.23,278.22,278.23,0.0,108.03,31275.34,1
2023-12-24,2023-12-24 11:27:00,278.23,278.23,278.23,278.23,0.0,108.03,31275.34,0
2023-12-24,2023-12-24 11:28:00,278.23,278.24,278.23,278.24,0.0,108.03,31275.34,1
2023-12-24,2023-12-24 11:29:00,278.24,278.25,278.24,278.25,0.0,108.03,31275.34,1
2023-12-24,2023-12-24 11:30:00,278.25,278.26,278.25,278.26,0.0,108.03,31275.34,1
2023-12-24,2023-12-24 11:31:00,278.26,278.27,278.26,278.27,0.0,108.03,31275.34,1
2023-12-24,2023-12-24 11:32:00,278.27,278.27,278.27,278.27,0.0,108.03,31275.34,0
2023-12-24,2023-12-24 11:33:00,278.27,278.28,278.27,278.28,0.0,108.03,31275.34,1
2023-12-24,2023-12-24 11:34:00,278.28,278.29,278.28,278.29,0.0,108.03,31275.34,1
2023-12-24,2023-12-24 11:35:00,278.29,278.3,278.29,278.3,0.0,108.03,31275.34,1
2023-12-24,2023-12-24 11:36:00,278.3,278.31,278.3,278.31,0.0,108.03,31275.34,1
2023-12-24,2023-12-24 11:37:00,278.31,278.32,278.31,278.32,0.0,108.03,31275.34,1
2023-12-24,2023-12-24 11:38:00,278.32,278.32,278.32,278.32,0.0,108.03,31275.34,0
2023-12-24,2023-12-24 11:39:00,278.32,278.33,278.32,278.33,0.0,108.03,31275.34,1
2023-12-24,2023-12-24 11:40:00,278.33,278.34,278.33,278.34,0.0,108.03,31275.34,1
2023-12-24,2023-12-24 11:41:00,278.34,278.35,278.34,278.35,0.0,108.03,31275.34,1
2023-12-24,2023-12-24 11:42:00,278.35,278.36,278.35,278.36,0.0,108.03,31275.34,1
2023-12-24,2023-12-24 11:43:00,278.36,278.37,278.36,278.37,0.0,108.03,31275.34,1
2023-12-24,2023-12-24 11:44:00,278.37,278.38,278.37,278.38,0.0,108.03,31275.34,1
2023-12-24,2023-12-24 11:45:00,278.38,278.38,278.38,278.38,0.0,108.03,31275.34,0
2023-12-24,2023-12-24 11:46:00,278.38,278.39,278.38,278.39,0.0,108.03,31275.34,1
2023-12-24,2023-12-24 11:47:00,278.39,278.4,278.39,278.4,0.0,108.03,31275.34,1
2023-12-24,2023-12-24 11:48:00,278.4,278.41,278.4,278.41,0.0,108.03,31275.34,1
2023-12-24,2023-12-24 11:49:00,278.41,278.42,278.41,278.42,0.0,108.03,31275.34,1
2023-12-24,2023-12-24 11:50:00,278.42,278.43,278.42,278.43,0.0,108.03,31275.34,1
2023-12-24,2023-12-24 11:51:00,278.43,278.43,278.43,278.43,0.0,108.03,31275.34,0
2023-12-24,2023-12-24 11:52:00,278.43,278.44,278.43,278.44,0.0,108.03,31275.34,1
2023-12-24,2023-12-24 11:53:00,278.44,278.45,278.44,278.45,0.0,108.03,31275.34,1
2023-12-24,2023-12-24 11:54:00,278.45,278.46,278.45,278.46,0.0,108.03,31275.34,1
2023-12-24,2023-12-24 11:55:00,278.46,278.47,278.46,278.47,0.0,108.03,31275.34,1
2023-12-24,2023-12-24 11:56:00,278.47,278.48,278.47,278.48,0.0,108.03,31275.34,1
2023-12-24,2023-12-24 11:57:00,278.48,278.48,278.48,278.48,0.0,108.03,31275.34,0
2023-12-24,2023-12-24 11:58:00,278.48,278.49,278.48,278.49,0.0,108.03,31275.34,1
2023-12-24,2023-12-24 11:59:00,278.49,278.5,278.49,278.5,0.0,108.03,31275.34,1
2023-12-24,2023-12-24 12:00:00,278.5,278.51,278.5,278.51,0.0,108.03,31275.34,1
2023-12-24,2023-12-24 12:01:00,278.51,278.52,278.51,278.52,0.0,108.03,31275.34,1
2023-12-24,2023-12-24 12:02:00,278.52,278.52,278.52,278.52,0.0,108.03,31275.34,0
2023-12-24,2023-12-24 12:03:00,278.52,278.53,278.52,278.53,0.0,108.03,31275.34,1
2023-12-24,2023-12-24 12:04:00,278.53,278.54,278.53,278.54,0.0,108.03,31275.34,1
2023-12-24,2023-12-24 12:05:00,278.54,278.55,278.54,278.55,0.0,108.03,31275.34,1
2023-12-24,2023-12-24 12:06:00,278.55,278.56,278.55,278.56,0.0,108.03,31275.34,1
2023-12-24,2023-12-24 12:07:00,278.56,278.57,278.56,278.57,0.0,108.03,31275.34,1
2023-12-24,2023-12-24 12:08:00,278.57,278.57,278.57,278.57,0.0,108.03,31275.34,0
2023-12-24,2023-12-24 12:09:00,278.57,278.58,278.57,278.58,0.0,108.03,31275.34,1
2023-12-24,2023-12-24 12:10:00,278.58,278.59,278.58,278.59,0.0,108.03,31275.34,1
2023-12-24,2023-12-24 12:11:00,278.59,278.6,278.59,278.6,0.0,108.03,31275.34,1
2023-12-24,2023-12-24 12:12:00,278.6,278.61,278.6,278.61,0.0,108.03,31275.34,1
2023-12-24,2023-12-24 12:13:00,278.61,278.62,278.61,278.62,0.0,108.03,31275.34,1
2023-12-24,2023-12-24 12:14:00,278.62,278.62,278.62,278.62,0.0,108.03,31275.34,0
2023-12-24,2023-12-24 12:15:00,278.62,278.63,278.62,278.63,0.0,108.03,31275.34,1
2023-12-24,2023-12-24 12:16:00,278.63,278.64,278.63,278.64,0.0,108.03,31275.34,1
2023-12-24,2023-12-24 12:17:00,278.64,278.65,278.64,278.65,0.0,108.03,31275.34,1
2023-12-24,2023-12-24 12:18:00,278.65,278.66,278.65,278.66,0.0,108.03,31275.34,1
2023-12-24,2023-12-24 12:19:00,278.66,278.67,278.66,278.67,0.0,108.03,31275.34,1
2023-12-24,2023-12-24 12:20:00,278.67,278.68,278.67,278.68,0.0,108.03,31275.34,1
2023-12-24,2023-12-24 12:21:00,278.68,278.68,278.68,278.68,0.0,108.03,31275.34,0
2023-12-24,2023-12-24 12:22:00,278.68,278.69,278.68,278.69,0.0,108.03,31275.34,1
2023-12-24,2023-12-24 12:23:00,278.69,278.7,278.69,278.7,0.0,108.03,31275.34,1
2023-12-24,2023-12-24 12:24:00,278.7,278.71,278.7,278.71,0.0,108.03,31275.34,1
2023-12-24,2023-12-24 12:25:00,278.71,278.72,278.71,278.72,0.0,108.03,31275.34,1
2023-12-24,2023-12-24 12:26:00,278.72,278.73,278.72,278.73,0.0,108.03,31275.34,1
2023-12-24,2023-12-24 12:27:00,278.73,278.73,278.73,278.73,0.0,108.03,31275.34,0
2023-12-24,2023-12-24 12:28:00,278.73,278.74,278.73,278.74,0.0,108.03,31275.34,1
2023-12-24,2023-12-24 12:29:00,278.74,278.75,278.74,278.75,0.0,108.03,31275.34,1
2023-12-24,2023-12-24 12:30:00,278.75,278.76,278.75,278.76,0.0,108.03,31275.34,1
2023-12-24,2023-12-24 12:31:00,278.76,278.77,278.76,278.77,0.0,108.03,31275.34,1
2023-12-24,2023-12-24 12:32:00,278.77,278.77,278.77,278.77,0.0,108.03,31275.34,0
2023-12-24,2023-12-24 12:33:00,278.77,278.78,278.77,278.78,0.0,108.03,31275.34,1
2023-12-24,2023-12-24 12:34:00,278.78,278.79,278.78,278.79,0.0,108.03,31275.34,1
2023-12-24,2023-12-24 12:35:00,278.79,278.8,278.79,278.8,0.0,108.03,31275.34,1
2023-12-24,2023-12-24 12:36:00,278.8,278.81,278.8,278.81,0.0,108.03,31275.34,1
2023-12-24,2023-12-24 12:37:00,278.81,278.82,278.81,278.82,0.0,108.03,31275.34,1
2023-12-24,2023-12-24 12:38:00,278.82,278.82,278.82,278.82,0.0,108.03,31275.34,0
2023-12-24,2023-12-24 12:39:00,278.82,278.83,278.82,278.83,0.0,108.03,31275.34,1
2023-12-24,2023-12-24 12:40:00,278.83,278.84,278.83,278.84,0.0,108.03,31275.34,1
2023-12-24,2023-12-24 12:41:00,278.84,278.85,278.84,278.85,0.0,108.03,31275.34,1
2023-12-24,2023-12-24 12:42:00,278.85,278.86,278.85,278.86,0.0,108.03,31275.34,1
2023-12-24,2023-12-24 12:43:00,278.86,278.87,278.86,278.87,0.0,108.03,31275.34,1
2023-12-24,2023-12-24 12:44:00,278.87,278.88,278.87,278.88,0.0,108.03,31275.34,1
2023-12-24,2023-12-24 12:45:00,278.88,278.88,278.88,278.88,0.0,108.03,31275.34,0
2023-12-24,2023-12-24 12:46:00,278.88,278.89,278.88,278.89,0.0,108.03,31275.34,1
2023-12-24,2023-12-24 12:47:00,278.89,278.9,278.89,278.9,0.0,108.03,31275.34,1
2023-12-24,2023-12-24 12:48:00,278.9,278.91,278.9,278.91,0.0,108.03,31275.34,1
2023-12-24,2023-12-24 12:49:00,278.91,278.92,278.91,278.92,0.0,108.03,31275.34,1
2023-12-24,2023-12-24 12:50:00,278.92,278.93,278.92,278.93,0.0,108.03,31275.34,1
2023-12-24,2023-12-24 12:51:00,278.93,278.93,278.93,278.93,0.0,108.03,31275.34,0
2023-12-24,2023-12-24 12:52:00,278.93,278.94,278.93,278.94,0.0,108.03,31275.34,1
2023-12-24,2023-12-24 12:53:00,278.94,278.95,278.94,278.95,0.0,108.03,31275.34,1
2023-12-24,2023-12-24 12:54:00,278.95,278.96,278.95,278.96,0.0,108.03,31275.34,1
2023-12-24,2023-12-24 12:55:00,278.96,278.97,278.96,278.97,0.0,108.03,31275.34,1
2023-12-24,2023-12-24 12:56:00,278.97,278.98,278.97,278.98,0.0,108.03,31275.34,1
2023-12-24,2023-12-24 12:57:00,278.98,278.98,278.98,278.98,0.0,108.03,31275.34,0
2023-12-24,2023-12-24 12:58:00,278.98,278.99,278.98,278.99,0.0,108.03,31275.34,1
2023-12-24,2023-12-24 12:59:00,278.99,279.0,278.99,279.0,0.0,108.03,31275.34,1
2023-12-24,2023-12-24 13:00:00,279.0,310.0,278.0,279.01,0.0,108.03,31275.34,1
2023-12-24,2023-12-24 13:01:00,279.01,279.02,279.01,279.02,0.0,108.03,31275.34,1
2023-12-24,2023-12-24 13:02:00,279.02,279.02,279.02,279.02,0.0,108.03,31275.34,0
2023-12-24,2023-12-24 13:03:00,279.02,279.03,279.02,279.03,0.0,108.03,31275.34,1
2023-12-24,2023-12-24 13:04:00,279.03,279.04,279.03,279.04,0.0,108.03,31275.34,1
2023-12-24,2023-12-24 13:05:00,279.04,279.05,279.04,279.05,0.0,108.03,31275.34,1
2023-12-24,2023-12-24 13:06:00,279.05,279.06,279.05,279.06,0.0,108.03,31275.34,1
2023-12-24,2023-12-24 13:07:00,279.06,279.07,279.06,279.07,0.0,108.03,31275.34,1
2023-12-24,2023-12-24 13:08:00,279.07,279.07,279.07,279.07,0.0,108.03,31275.34,0
2023-12-24,2023-12-24 13:09:00,279.07,279.08,279.07,279.08,0.0,108.03,31275.34,1
2023-12-24,2023-12-24 13:10:00,279.08,279.09,279.08,279.09,0.0,108.03,31275.34,1
2023-12-24,2023-12-24 13:11:00,279.09,279.1,279.09,279.1,0.0,108.03,31275.34,1
2023-12-24,2023-12-24 13:12:00,279.1,279.11,279.1,279.11,0.0,108.03,31275.34,1
2023-12-24,2023-12-24 13:13:00,279.11,279.12,279.11,279.12,0.0,108.03,31275.34,1
2023-12-24,2023-12-24 13:14:00,279.12,279.12,279.12,279.12,0.0,108.03,31275.34,0
2023-12-24,2023-12-24 13:15:00,279.12,279.13,279.12,279.13,0.0,108.03,31275.34,1
2023-12-24,2023-12-24 13:16:00,279.13,279.14,279.13,279.14,0.0,108.03,31275.34,1
2023-12-24,2023-12-24 13:17:00,279.14,279.15,279.14,279.15,0.0,108.03,31275.34,1
2023-12-24,2023-12-24 13:18:00,279.15,279.16,279.15,279.16,0.0,108.03,31275.34,1
2023-12-24,2023-12-24 13:19:00,279.16,279.17,279.16,279.17,0.0,108.03,31275.34,1
2023-12-24,2023-12-24 13:20:00,279.17,279.18,279.17,279.18,0.0,108.03,31275.34,1
2023-12-24,2023-12-24 13:21:00,279.18,279.18,279.18,279.18,0.0,108.03,31275.34,0
2023-12-24,2023-12-24 13:22:00,279.18,279.19,279.18,279.19,0.0,108.03,31275.34,1
2023-12-24,2023-12-24 13:23:00,279.19,279.2,279.19,279.2,0.0,108.03,31275.34,1
2023-12-24,2023-12-24 13:24:00,279.2,279.21,279.2,279.21,0.0,108.03,31275.34,1
2023-12-24,2023-12-24 13:25:00,279.21,279.22,279.21,279.22,0.0,108.03,31275.34,1
2023-12-24,2023-12-24 13:26:00,279.22,279.23,279.22,279.23,0.0,108.03,31275.34,1
2023-12-24,2023-12-24 13:27:00,279.23,279.23,279.23,279.23,0.0,108.03,31275.34,0
2023-12-24,2023-12-24 13:28:00,279.23,279.24,279.23,279.24,0.0,108.03,31275.34,1
2023-12-24,2023-12-24 13:29:00,279.24,279.25,279.24,279.25,0.0,108.03,31275.34,1
2023-12-24,2023-12-24 13:30:00,279.25,279.26,279.25,279.26,0.0,108.03,31275.34,1
2023-12-24,2023-12-24 13:31:00,279.26,279.27,279.26,279.27,0.0,108.03,31275.34,1
2023-12-24,2023-12-24 13:32:00,279.27,279.27,279.27,279.27,0.0,108.03,31275.34,0
2023-12-24,2023-12-24 13:33:00,279.27,279.28,279.27,279.28,0.0,108.03,31275.34,1
2023-12-24,2023-12-24 13:34:00,279.28,279.29,279.28,279.29,0.0,108.03,31275.34,1
2023-12-24,2023-12-24 13:35:00,279.29,279.3,279.29,279.3,0.0,108.03,31275.34,1
2023-12-24,2023-12-24 13:36:00,279.3,279.31,279.3,279.31,0.0,108.03,31275.34,1
2023-12-24,2023-12-24 13:37:00,279.31,279.32,279.31,279.32,0.0,108.03,31275.34,1
2023-12-24,2023-12-24 13:38:00,279.32,279.32,279.32,279.32,0.0,108.03,31275.34,0
2023-12-24,2023-12-24 13:39:00,279.32,279.33,279.32,279.33,0.0,108.03,31275.34,1
2023-12-24,2023-12-24 13:40:00,279.33,279.34,279.33,279.34,0.0,108.03,31275.34,1
2023-12-24,2023-12-24 13:41:00,279.34,279.35,279.34,279.35,0.0,108.03,31275.34,1
2023-12-24,2023-12-24 13:42:00,279.35,279.36,279.35,279.36,0.0,108.03,31275.34,1
2023-12-24,2023-12-24 13:43:00,279.36,279.37,279.36,279.37,0.0,108.03,31275.34,1
2023-12-24,2023-12-24 13:44:00,279.37,279.38,279.37,279.38,0.0,108.03,31275.34,1
2023-12-24,2023-12-24 13:45:00,279.38,279.38,279.38,279.38,0.0,108.03,31275.34,0
2023-12-24,2023-12-24 13:46:00,279.38,279.39,279.38,279.39,0.0,108.03,31275.34,1
2023-12-24,2023-12-24 13:47:00,279.39,279.4,279.39,279.4,0.0,108.03,31275.34,1
2023-12-24,2023-12-24 13:48:00,279.4,279.41,279.4,279.41,0.0,108.03,31275.34,1
2023-12-24,2023-12-24 13:49:00,279.41,279.42,279.41,279.42,0.0,108.03,31275.34,1
2023-12-24,2023-12-24 13:50:00,279.42,279.43,279.42,279.43,0.0,108.03,31275.34,1
2023-12-24,2023-12-24 13:51:00,279.43,279.43,279.43,279.43,0.0,108.03,31275.34,0
2023-12-24,2023-12-24 13:52:00,279.43,279.44,279.43,279.44,0.0,108.03,31275.34,1
2023-12-24,2023-12-24 13:53:00,279.44,279.45,279.44,279.45,0.0,108.03,31275.34,1
2023-12-24,2023-12-24 13:54:00,279.45,279.46,279.45,279.46,0.0,108.03,31275.34,1
2023-12-24,2023-12-24 13:55:00,279.46,279.47,279.46,279.47,0.0,108.03,31275.34,1
2023-12-24,2023-12-24 13:56:00,279.47,279.48,279.47,279.48,0.0,108.03,31275.34,1
2023-12-24,2023-12-24 13:57:00,279.48,279.48,279.48,279.48,0.0,108.03,31275.34,0
2023-12-24,2023-12-24 13:58:00,279.48,279.49,279.48,279.49,0.0,108.03,31275.34,1
2023-12-24,2023-12-24 13:59:00,279.49,279.5,279.49,279.5,0.0,108.03,31275.34,1
2023-12-24,2023-12-24 14:00:00,279.5,279.51,279.5,279.51,0.0,108.03,31275.34,1
2023-12-24,2023-12-24 14:01:00,279.51,279.52,279.51,279.52,0.0,108.03,31275.34,1
2023-12-24,2023-12-24 14:02:00,279.52,279.52,279.52,279.52,0.0,108.03,31275.34,0
2023-12-24,2023-12-24 14:03:00,279.52,279.53,279.52,279.53,0.0,108.03,31275.34,1
2023-12-24,2023-12-24 14:04:00,279.53,279.54,279.53,279.54,0.0,108.03,31275.34,1
2023-12-24,2023-12-24 14:05:00,279.54,279.55,279.54,279.55,0.0,108.03,31275.34,1
2023-12-24,2023-12-24 14:06:00,279.55,279.56,279.55,279.56,0.0,108.03,31275.34,1
2023-12-24,2023-12-24 14:07:00,279.56,279.57,279.56,279.57,0.0,108.03,31275.34,1
2023-12-24,2023-12-24 14:08:00,279.57,279.57,279.57,279.57,0.0,108.03,31275.34,0
2023-12-24,2023-12-24 14:09:00,279.57,279.58,279.57,279.58,0.0,108.03,31275.34,1
2023-12-24,2023-12-24 14:10:00,279.58,279.59,279.58,279.59,0.0,108.03,31275.34,1
2023-12-24,2023-12-24 14:11:00,279.59,279.6,279.59,279.6,0.0,108.03,31275.34,1
2023-12-24,2023-12-24 14:12:00,279.6,279.61,279.6,279.61,0.0,108.03,31275.34,1
2023-12-24,2023-12-24 14:13:00,279.61,279.62,279.61,279.62,0.0,108.03,31275.34,1
2023-12-24,2023-12-24 14:14:00,279.62,279.62,279.62,279.62,0.0,108.03,31275.34,0
2023-12-24,2023-12-24 14:15:00,279.62,279.63,279.62,279.63,0.0,108.03,31275.34,1
2023-12-24,2023-12-24 14:16:00,279.63,279.64,279.63,279.64,0.0,108.03,31275.34,1
2023-12-24,2023-12-24 14:17:00,279.64,279.65,279.64,279.65,0.0,108.03,31275.34,1
2023-12-24,2023-12-24 14:18:00,279.65,279.66,279.65,279.66,0.0,108.03,31275.34,1
2023-12-24,2023-12-24 14:19:00,279.66,279.67,279.66,279.67,0.0,108.03,31275.34,1
2023-12-24,2023-12-24 14:20:00,279.67,279.68,279.67,279.68,0.0,108.03,31275.34,1
2023-12-24,2023-12-24 14:21:00,279.68,279.68,279.68,279.68,0.0,108.03,31275.34,0
2023-12-24,2023-12-24 14:22:00,279.68,279.69,279.68,279.69,0.0,108.03,31275.34,1
2023-12-24,2023-12-24 14:23:00,279.69,279.7,279.69,279.7,0.0,108.03,31275.34,1
2023-12-24,2023-12-24 14:24:00,279.7,279.71,279.7,279.71,0.0,108.03,31275.34,1
2023-12-24,2023-12-24 14:25:00,279.71,279.72,279.71,279.72,0.0,108.03,31275.34,1
2023-12-24,2023-12-24 14:26:00,279.72,279.73,279.72,279.73,0.0,108.03,31275.34,1
2023-12-24,2023-12-24 14:27:00,279.73,279.73,279.73,279.73,0.0,108.03,31275.34,0
2023-12-24,2023-12-24 14:28:00,279.73,279.74,279.73,279.74,0.0,108.03,31275.34,1
2023-12-24,2023-12-24 14:29:00,279.74,279.75,279.74,279.75,0.0,108.03,31275.34,1
2023-12-24,2023-12-24 14:30:00,279.75,279.76,279.75,279.76,0.0,108.03,31275.34,1
2023-12-24,2023-12-24 14:31:00,279.76,279.77,279.76,279.77,0.0,108.03,31275.34,1
2023-12-24,2023-12-24 14:32:00,279.77,279.77,279.77,279.77,0.0,108.03,31275.34,0
2023-12-24,2023-12-24 14:33:00,279.77,279.78,279.77,279.78,0.0,108.03,31275.34,1
2023-12-24,2023-12-24 14:34:00,279.78,279.79,279.78,279.79,0.0,108.03,31275.34,1
2023-12-24,2023-12-24 14:35:00,279.79,279.8,279.79,279.8,0.0,108.03,31275.34,1
2023-12-24,2023-12-24 14:36:00,279.8,279.81,279.8,279.81,0.0,108.03,31275.34,1
2023-12-24,2023-12-24 14:37:00,279.81,279.82,279.81,279.82,0.0,108.03,31275.34,1
2023-12-24,2023-12-24 14:38:00,279.82,279.82,279.82,279.82,0.0,108.03,31275.34,0
2023-12-24,2023-12-24 14:39:00,279.82,279.83,279.82,279.83,0.0,108.03,31275.34,1
2023-12-24,2023-12-24 14:40:00,279.83,279.84,279.83,279.84,0.0,108.03,31275.34,1
2023-12-24,2023-12-24 14:41:00,279.84,279.85,279.84,279.85,0.0,108.03,31275.34,1
2023-12-24,2023-12-24 14:42:00,279.85,279.86,279.85,279.86,0.0,108.03,31275.34,1
2023-12-24,2023-12-24 14:43:00,279.86,279.87,279.86,279.87,0.0,108.03,31275.34,1
2023-12-24,2023-12-24 14:44:00,279.87,279.88,279.87,279.88,0.0,108.03,31275.34,1
2023-12-24,2023-12-24 14:45:00,279.88,279.88,279.88,279.88,0.0,108.03,31275.34,0
2023-12-24,2023-12-24 14:46:00,279.88,279.89,279.88,279.89,0.0,108.03,31275.34,1
2023-12-24,2023-12-24 14:47:00,279.89,279.9,279.89,279.9,0.0,108.03,31275.34,1
2023-12-24,2023-12-24 14:48:00,279.9,279.91,279.9,279.91,0.0,108.03,31275.34,1
2023-12-24,2023-12-24 14:49:00,279.91,279.92,279.91,279.92,0.0,108.03,31275.34,1
2023-12-24,2023-12-24 14:50:00,279.92,279.93,279.92,279.93,0.0,108.03,31275.34,1
2023-12-24,2023-12-24 14:51:00,279.93,279.93,279.93,279.93,0.0,108.03,31275.34,0
2023-12-24,2023-12-24 14:52:00,279.93,279.94,279.93,279.94,0.0,108.03,31275.34,1
2023-12-24,2023-12-24 14:53:00,279.94,279.95,279.94,279.95,0.0,108.03,31275.34,1
2023-12-24,2023-12-24 14:54:00,279.95,279.96,279.95,279.96,0.0,108.03,31275.34,1
2023-12-24,2023-12-24 14:55:00,279.96,279.97,279.96,279.97,0.0,108.03,31275.34,1
2023-12-24,2023-12-24 14:56:00,279.97,279.98,279.97,279.98,0.0,108.03,31275.34,1
2023-12-24,2023-12-24 14:57:00,279.98,279.98,279.98,279.98,0.0,108.03,31275.34,0
2023-12-24,2023-12-24 14:58:00,279.98,279.99,279.98,279.99,0.0,108.03,31275.34,1
2023-12-24,2023-12-24 14:59:00,279.99,280.0,279.99,280.0,0.0,108.03,31275.34,1
2023-12-24,2023-12-24 15:00:00,280.0,310.0,278.0,280.0,0.0,108.03,31275.34,0
2023-12-27,2023-12-27 11:00:00,285.6,289.02,282.42,285.61,0.0,160.25,46583.23,1
2023-12-27,2023-12-27 11:01:00,285.61,285.63,285.61,285.63,0.01,160.25,46583.23,1
2023-12-27,2023-12-27 11:02:00,285.63,285.64,285.63,285.64,0.0,160.25,46583.23,1
2023-12-27,2023-12-27 11:03:00,285.64,285.66,285.64,285.66,0.01,160.25,46583.23,1
2023-12-27,2023-12-27 11:04:00,285.66,285.67,285.66,285.67,0.0,160.25,46583.23,1
2023-12-27,2023-12-27 11:05:00,285.67,285.69,285.67,285.69,0.01,160.25,46583.23,1
2023-12-27,2023-12-27 11:06:00,285.69,285.7,285.69,285.7,0.0,160.25,46583.23,1
2023-12-27,2023-12-27 11:07:00,285.7,285.72,285.7,285.72,0.01,160.25,46583.23,1
2023-12-27,2023-12-27 11:08:00,285.72,285.73,285.72,285.73,0.0,160.25,46583.23,1
2023-12-27,2023-12-27 11:09:00,285.73,285.75,285.73,285.75,0.01,160.25,46583.23,1
2023-12-27,2023-12-27 11:10:00,285.75,285.76,285.75,285.76,0.0,160.25,46583.23,1
2023-12-27,2023-12-27 11:11:00,285.76,285.78,285.76,285.78,0.01,160.25,46583.23,1
2023-12-27,2023-12-27 11:12:00,285.78,285.79,285.78,285.79,0.0,160.25,46583.23,1
2023-12-27,2023-12-27 11:13:00,285.79,285.8,285.79,285.8,0.0,160.25,46583.23,1
2023-12-27,2023-12-27 11:14:00,285.8,285.82,285.8,285.82,0.01,160.25,46583.23,1
2023-12-27,2023-12-27 11:15:00,285.82,285.83,285.82,285.83,0.0,160.25,46583.23,1
2023-12-27,2023-12-27 11:16:00,285.83,285.85,285.83,285.85,0.01,160.25,46583.23,1
2023-12-27,2023-12-27 11:17:00,285.85,285.86,285.85,285.86,0.0,160.25,46583.23,1
2023-12-27,2023-12-27 11:18:00,285.86,285.88,285.86,285.88,0.01,160.25,46583.23,1
2023-12-27,2023-12-27 11:19:00,285.88,285.89,285.88,285.89,0.0,160.25,46583.23,1
2023-12-27,2023-12-27 11:20:00,285.89,285.91,285.89,285.91,0.01,160.25,46583.23,1
2023-12-27,2023-12-27 11:21:00,285.91,285.92,285.91,285.92,0.0,160.25,46583.23,1
2023-12-27,2023-12-27 11:22:00,285.92,285.94,285.92,285.94,0.01,160.25,46583.23,1
2023-12-27,2023-12-27 11:23:00,285.94,285.95,285.94,285.95,0.0,160.25,46583.23,1
2023-12-27,2023-12-27 11:24:00,285.95,285.96,285.95,285.96,0.0,160.25,46583.23,1
2023-12-27,2023-12-27 11:25:00,285.96,285.98,285.96,285.98,0.01,160.25,46583.23,1
2023-12-27,2023-12-27 11:26:00,285.98,285.99,285.98,285.99,0.0,160.25,46583.23,1
2023-12-27,2023-12-27 11:27:00,285.99,286.01,285.99,286.01,0.01,160.25,46583.23,1
2023-12-27,2023-12-27 11:28:00,286.01,286.02,286.01,286.02,0.0,160.25,46583.23,1
2023-12-27,2023-12-27 11:29:00,286.02,286.04,286.02,286.04,0.01,160.25,46583.23,1
2023-12-27,2023-12-27 11:30:00,286.04,286.05,286.04,286.05,0.0,160.25,46583.23,1
2023-12-27,2023-12-27 11:31:00,286.05,286.07,286.05,286.07,0.01,160.25,46583.23,1
2023-12-27,2023-12-27 11:32:00,286.07,286.08,286.07,286.08,0.0,160.25,46583.23,1
2023-12-27,2023-12-27 11:33:00,286.08,286.1,286.08,286.1,0.01,160.25,46583.23,1
2023-12-27,2023-12-27 11:34:00,286.1,286.11,286.1,286.11,0.0,160.25,46583.23,1
2023-12-27,2023-12-27 11:35:00,286.11,286.12,286.11,286.12,0.0,160.25,46583.23,1
2023-12-27,2023-12-27 11:36:00,286.12,286.14,286.12,286.14,0.01,160.25,46583.23,1
2023-12-27,2023-12-27 11:37:00,286.14,286.15,286.14,286.15,0.0,160.25,46583.23,1
2023-12-27,2023-12-27 11:38:00,286.15,286.17,286.15,286.17,0.01,160.25,46583.23,1
2023-12-27,2023-12-27 11:39:00,286.17,286.18,286.17,286.18,0.0,160.25,46583.23,1
2023-12-27,2023-12-27 11:40:00,286.18,286.2,286.18,286.2,0.01,160.25,46583.23,1
2023-12-27,2023-12-27 11:41:00,286.2,286.21,286.2,286.21,0.0,160.25,46583.23,1
2023-12-27,2023-12-27 11:42:00,286.21,286.23,286.21,286.23,0.01,160.25,46583.23,1
2023-12-27,2023-12-27 11:43:00,286.23,286.24,286.23,286.24,0.0,160.25,46583.23,1
2023-12-27,2023-12-27 11:44:00,286.24,286.26,286.24,286.26,0.01,160.25,46583.23,1
2023-12-27,2023-12-27 11:45:00,286.26,286.27,286.26,286.27,0.0,160.25,46583.23,1
2023-12-27,2023-12-27 11:46:00,286.27,286.29,286.27,286.29,0.01,160.25,46583.23,1
2023-12-27,2023-12-27 11:47:00,286.29,286.3,286.29,286.3,0.0,160.25,46583.23,1
2023-12-27,2023-12-27 11:48:00,286.3,286.31,286.3,286.31,0.0,160.25,46583.23,1
2023-12-27,2023-12-27 11:49:00,286.31,286.33,286.31,286.33,0.01,160.25,46583.23,1
2023-12-27,2023-12-27 11:50:00,286.33,286.34,286.33,286.34,0.0,160.25,46583.23,1
2023-12-27,2023-12-27 11:51:00,286.34,286.36,286.34,286.36,0.01,160.25,46583.23,1
2023-12-27,2023-12-27 11:52:00,286.36,286.37,286.36,286.37,0.0,160.25,46583.23,1
2023-12-27,2023-12-27 11:53:00,286.37,286.39,286.37,286.39,0.01,160.25,46583.23,1
2023-12-27,2023-12-27 11:54:00,286.39,286.4,286.39,286.4,0.0,160.25,46583.23,1
2023-12-27,2023-12-27 11:55:00,286.4,286.42,286.4,286.42,0.01,160.25,46583.23,1
2023-12-27,2023-12-27 11:56:00,286.42,286.43,286.42,286.43,0.0,160.25,46583.23,1
2023-12-27,2023-12-27 11:57:00,286.43,286.45,286.43,286.45,0.01,160.25,46583.23,1
2023-12-27,2023-12-27 11:58:00,286.45,286.46,286.45,286.46,0.0,160.25,46583.23,1
2023-12-27,2023-12-27 11:59:00,286.46,286.48,286.46,286.48,0.01,160.25,46583.23,1
2023-12-27,2023-12-27 12:00:00,286.48,286.49,286.48,286.49,0.0,160.25,46583.23,1
2023-12-27,2023-12-27 12:01:00,286.49,286.5,286.49,286.5,0.0,160.25,46583.23,1
2023-12-27,2023-12-27 12:02:00,286.5,286.52,286.5,286.52,0.01,160.25,46583.23,1
2023-12-27,2023-12-27 12:03:00,286.52,286.53,286.52,286.53,0.0,160.25,46583.23,1
2023-12-27,2023-12-27 12:04:00,286.53,286.55,286.53,286.55,0.01,160.25,46583.23,1
2023-12-27,2023-12-27 12:05:00,286.55,286.56,286.55,286.56,0.0,160.25,46583.23,1
2023-12-27,2023-12-27 12:06:00,286.56,286.58,286.56,286.58,0.01,160.25,46583.23,1
2023-12-27,2023-12-27 12:07:00,286.58,286.59,286.58,286.59,0.0,160.25,46583.23,1
2023-12-27,2023-12-27 12:08:00,286.59,286.61,286.59,286.61,0.01,160.25,46583.23,1
2023-12-27,2023-12-27 12:09:00,286.61,286.62,286.61,286.62,0.0,160.25,46583.23,1
2023-12-27,2023-12-27 12:10:00,286.62,286.64,286.62,286.64,0.01,160.25,46583.23,1
2023-12-27,2023-12-27 12:11:00,286.64,286.65,286.64,286.65,0.0,160.25,46583.23,1
2023-12-27,2023-12-27 12:12:00,286.65,286.66,286.65,286.66,0.0,160.25,46583.23,1
2023-12-27,2023-12-27 12:13:00,286.66,286.68,286.66,286.68,0.01,160.25,46583.23,1
2023-12-27,2023-12-27 12:14:00,286.68,286.69,286.68,286.69,0.0,160.25,46583.23,1
2023-12-27,2023-12-27 12:15:00,286.69,286.71,286.69,286.71,0.01,160.25,46583.23,1
2023-12-27,2023-12-27 12:16:00,286.71,286.72,286.71,286.72,0.0,160.25,46583.23,1
2023-12-27,2023-12-27 12:17:00,286.72,286.74,286.72,286.74,0.01,160.25,46583.23,1
2023-12-27,2023-12-27 12:18:00,286.74,286.75,286.74,286.75,0.0,160.25,46583.23,1
2023-12-27,2023-12-27 12:19:00,286.75,286.77,286.75,286.77,0.01,160.25,46583.23,1
2023-12-27,2023-12-27 12:20:00,286.77,286.78,286.77,286.78,0.0,160.25,46583.23,1
2023-12-27,2023-12-27 12:21:00,286.78,286.8,286.78,286.8,0.01,160.25,46583.23,1
2023-12-27,2023-12-27 12:22:00,286.8,286.81,286.8,286.81,0.0,160.25,46583.23,1
2023-12-27,2023-12-27 12:23:00,286.81,286.83,286.81,286.83,0.01,160.25,46583.23,1
2023-12-27,2023-12-27 12:24:00,286.83,286.84,286.83,286.84,0.0,160.25,46583.23,1
2023-12-27,2023-12-27 12:25:00,286.84,286.85,286.84,286.85,0.0,160.25,46583.23,1
2023-12-27,2023-12-27 12:26:00,286.85,286.87,286.85,286.87,0.01,160.25,46583.23,1
2023-12-27,2023-12-27 12:27:00,286.87,286.88,286.87,286.88,0.0,160.25,46583.23,1
2023-12-27,2023-12-27 12:28:00,286.88,286.9,286.88,286.9,0.01,160.25,46583.23,1
2023-12-27,2023-12-27 12:29:00,286.9,286.91,286.9,286.91,0.0,160.25,46583.23,1
2023-12-27,2023-12-27 12:30:00,286.91,286.93,286.91,286.93,0.01,160.25,46583.23,1
2023-12-27,2023-12-27 12:31:00,286.93,286.94,286.93,286.94,0.0,160.25,46583.23,1
2023-12-27,2023-12-27 12:32:00,286.94,286.96,286.94,286.96,0.01,160.25,46583.23,1
2023-12-27,2023-12-27 12:33:00,286.96,286.97,286.96,286.97,0.0,160.25,46583.23,1
2023-12-27,2023-12-27 12:34:00,286.97,286.99,286.97,286.99,0.01,160.25,46583.23,1
2023-12-27,2023-12-27 12:35:00,286.99,287.0,286.99,287.0,0.0,160.25,46583.23,1
2023-12-27,2023-12-27 12:36:00,287.0,287.01,287.0,287.01,0.0,160.25,46583.23,1
2023-12-27,2023-12-27 12:37:00,287.01,287.03,287.01,287.03,0.01,160.25,46583.23,1
2023-12-27,2023-12-27 12:38:00,287.03,287.04,287.03,287.04,0.0,160.25,46583.23,1
2023-12-27,2023-12-27 12:39:00,287.04,287.06,287.04,287.06,0.01,160.25,46583.23,1
2023-12-27,2023-12-27 12:40:00,287.06,287.07,287.06,287.07,0.0,160.25,46583.23,1
2023-12-27,2023-12-27 12:41:00,287.07,287.09,287.07,287.09,0.01,160.25,46583.23,1
2023-12-27,2023-12-27 12:42:00,287.09,287.1,287.09,287.1,0.0,160.25,46583.23,1
2023-12-27,2023-12-27 12:43:00,287.1,287.12,287.1,287.12,0.01,160.25,46583.23,1
2023-12-27,2023-12-27 12:44:00,287.12,287.13,287.12,287.13,0.0,160.25,46583.23,1
2023-12-27,2023-12-27 12:45:00,287.13,287.15,287.13,287.15,0.01,160.25,46583.23,1
2023-12-27,2023-12-27 12:46:00,287.15,287.16,287.15,287.16,0.0,160.25,46583.23,1
2023-12-27,2023-12-27 12:47:00,287.16,287.18,287.16,287.18,0.01,160.25,46583.23,1
2023-12-27,2023-12-27 12:48:00,287.18,287.19,287.18,287.19,0.0,160.25,46583.23,1
2023-12-27,2023-12-27 12:49:00,287.19,287.2,287.19,287.2,0.0,160.25,46583.23,1
2023-12-27,2023-12-27 12:50:00,287.2,287.22,287.2,287.22,0.01,160.25,46583.23,1
2023-12-27,2023-12-27 12:51:00,287.22,287.23,287.22,287.23,0.0,160.25,46583.23,1
2023-12-27,2023-12-27 12:52:00,287.23,287.25,287.23,287.25,0.01,160.25,46583.23,1
2023-12-27,2023-12-27 12:53:00,287.25,287.26,287.25,287.26,0.0,160.25,46583.23,1
2023-12-27,2023-12-27 12:54:00,287.26,287.28,287.26,287.28,0.01,160.25,46583.23,1
2023-12-27,2023-12-27 12:55:00,287.28,287.29,287.28,287.29,0.0,160.25,46583.23,1
2023-12-27,2023-12-27 12:56:00,287.29,287.31,287.29,287.31,0.01,160.25,46583.23,1
2023-12-27,2023-12-27 12:57:00,287.31,287.32,287.31,287.32,0.0,160.25,46583.23,1
2023-12-27,2023-12-27 12:58:00,287.32,287.34,287.32,287.34,0.01,160.25,46583.23,1
2023-12-27,2023-12-27 12:59:00,287.34,287.35,287.34,287.35,0.0,160.25,46583.23,1
2023-12-27,2023-12-27 13:00:00,287.35,297.0,275.0,287.36,0.0,160.25,46583.23,1
2023-12-27,2023-12-27 13:01:00,287.36,287.38,287.36,287.38,0.01,160.25,46583.23,1
2023-12-27,2023-12-27 13:02:00,287.38,287.39,287.38,287.39,0.0,160.25,46583.23,1
2023-12-27,2023-12-27 13:03:00,287.39,287.41,287.39,287.41,0.01,160.25,46583.23,1
2023-12-27,2023-12-27 13:04:00,287.41,287.42,287.41,287.42,0.0,160.25,46583.23,1
2023-12-27,2023-12-27 13:05:00,287.42,287.44,287.42,287.44,0.01,160.25,46583.23,1
2023-12-27,2023-12-27 13:06:00,287.44,287.45,287.44,287.45,0.0,160.25,46583.23,1
2023-12-27,2023-12-27 13:07:00,287.45,287.47,287.45,287.47,0.01,160.25,46583.23,1
2023-12-27,2023-12-27 13:08:00,287.47,287.48,287.47,287.48,0.0,160.25,46583.23,1
2023-12-27,2023-12-27 13:09:00,287.48,287.5,287.48,287.5,0.01,160.25,46583.23,1
2023-12-27,2023-12-27 13:10:00,287.5,287.51,287.5,287.51,0.0,160.25,46583.23,1
2023-12-27,2023-12-27 13:11:00,287.51,287.53,287.51,287.53,0.01,160.25,46583.23,1
2023-12-27,2023-12-27 13:12:00,287.53,287.54,287.53,287.54,0.0,160.25,46583.23,1
2023-12-27,2023-12-27 13:13:00,287.54,287.55,287.54,287.55,0.0,160.25,46583.23,1
2023-12-27,2023-12-27 13:14:00,287.55,287.57,287.55,287.57,0.01,160.25,46583.23,1
2023-12-27,2023-12-27 13:15:00,287.57,287.58,287.57,287.58,0.0,160.25,46583.23,1
2023-12-27,2023-12-27 13:16:00,287.58,287.6,287.58,287.6,0.01,160.25,46583.23,1
2023-12-27,2023-12-27 13:17:00,287.6,287.61,287.6,287.61,0.0,160.25,46583.23,1
2023-12-27,2023-12-27 13:18:00,287.61,287.63,287.61,287.63,0.01,160.25,46583.23,1
2023-12-27,2023-12-27 13:19:00,287.63,287.64,287.63,287.64,0.0,160.25,46583.23,1
2023-12-27,2023-12-27 13:20:00,287.64,287.66,287.64,287.66,0.01,160.25,46583.23,1
2023-12-27,2023-12-27 13:21:00,287.66,287.67,287.66,287.67,0.0,160.25,46583.23,1
2023-12-27,2023-12-27 13:22:00,287.67,287.69,287.67,287.69,0.01,160.25,46583.23,1
2023-12-27,2023-12-27 13:23:00,287.69,287.7,287.69,287.7,0.0,160.25,46583.23,1
2023-12-27,2023-12-27 13:24:00,287.7,287.71,287.7,287.71,0.0,160.25,46583.23,1
2023-12-27,2023-12-27 13:25:00,287.71,287.73,287.71,287.73,0.01,160.25,46583.23,1
2023-12-27,2023-12-27 13:26:00,287.73,287.74,287.73,287.74,0.0,160.25,46583.23,1
2023-12-27,2023-12-27 13:27:00,287.74,287.76,287.74,287.76,0.01,160.25,46583.23,1
2023-12-27,2023-12-27 13:28:00,287.76,287.77,287.76,287.77,0.0,160.25,46583.23,1
2023-12-27,2023-12-27 13:29:00,287.77,287.79,287.77,287.79,0.01,160.25,46583.23,1
2023-12-27,2023-12-27 13:30:00,287.79,287.8,287.79,287.8,0.0,160.25,46583.23,1
2023-12-27,2023-12-27 13:31:00,287.8,287.82,287.8,287.82,0.01,160.25,46583.23,1
2023-12-27,2023-12-27 13:32:00,287.82,287.83,287.82,287.83,0.0,160.25,46583.23,1
2023-12-27,2023-12-27 13:33:00,287.83,287.85,287.83,287.85,0.01,160.25,46583.23,1
2023-12-27,2023-12-27 13:34:00,287.85,287.86,287.85,287.86,0.0,160.25,46583.23,1
2023-12-27,2023-12-27 13:35:00,287.86,287.88,287.86,287.88,0.01,160.25,46583.23,1
2023-12-27,2023-12-27 13:36:00,287.88,287.89,287.88,287.89,0.0,160.25,46583.23,1
2023-12-27,2023-12-27 13:37:00,287.89,287.9,287.89,287.9,0.0,160.25,46583.23,1
2023-12-27,2023-12-27 13:38:00,287.9,287.92,287.9,287.92,0.01,160.25,46583.23,1
2023-12-27,2023-12-27 13:39:00,287.92,287.93,287.92,287.93,0.0,160.25,46583.23,1
2023-12-27,2023-12-27 13:40:00,287.93,287.95,287.93,287.95,0.01,160.25,46583.23,1
2023-12-27,2023-12-27 13:41:00,287.95,287.96,287.95,287.96,0.0,160.25,46583.23,1
2023-12-27,2023-12-27 13:42:00,287.96,287.98,287.96,287.98,0.01,160.25,46583.23,1
2023-12-27,2023-12-27 13:43:00,287.98,287.99,287.98,287.99,0.0,160.25,46583.23,1
2023-12-27,2023-12-27 13:44:00,287.99,288.01,287.99,288.01,0.01,160.25,46583.23,1
2023-12-27,2023-12-27 13:45:00,288.01,288.02,288.01,288.02,0.0,160.25,46583.23,1
2023-12-27,2023-12-27 13:46:00,288.02,288.04,288.02,288.04,0.01,160.25,46583.23,1
2023-12-27,2023-12-27 13:47:00,288.04,288.05,288.04,288.05,0.0,160.25,46583.23,1
2023-12-27,2023-12-27 13:48:00,288.05,288.06,288.05,288.06,0.0,160.25,46583.23,1
2023-12-27,2023-12-27 13:49:00,288.06,288.08,288.06,288.08,0.01,160.25,46583.23,1
2023-12-27,2023-12-27 13:50:00,288.08,288.09,288.08,288.09,0.0,160.25,46583.23,1
2023-12-27,2023-12-27 13:51:00,288.09,288.11,288.09,288.11,0.01,160.25,46583.23,1
2023-12-27,2023-12-27 13:52:00,288.11,288.12,288.11,288.12,0.0,160.25,46583.23,1
2023-12-27,2023-12-27 13:53:00,288.12,288.14,288.12,288.14,0.01,160.25,46583.23,1
2023-12-27,2023-12-27 13:54:00,288.14,288.15,288.14,288.15,0.0,160.25,46583.23,1
2023-12-27,2023-12-27 13:55:00,288.15,288.17,288.15,288.17,0.01,160.25,46583.23,1
2023-12-27,2023-12-27 13:56:00,288.17,288.18,288.17,288.18,0.0,160.25,46583.23,1
2023-12-27,2023-12-27 13:57:00,288.18,288.2,288.18,288.2,0.01,160.25,46583.23,1
2023-12-27,2023-12-27 13:58:00,288.2,288.21,288.2,288.21,0.0,160.25,46583.23,1
2023-12-27,2023-12-27 13:59:00,288.21,288.23,288.21,288.23,0.01,160.25,46583.23,1
2023-12-27,2023-12-27 14:00:00,288.23,288.24,288.23,288.24,0.0,160.25,46583.23,1
2023-12-27,2023-12-27 14:01:00,288.24,288.25,288.24,288.25,0.0,160.25,46583.23,1
2023-12-27,2023-12-27 14:02:00,288.25,288.27,288.25,288.27,0.01,160.25,46583.23,1
2023-12-27,2023-12-27 14:03:00,288.27,288.28,288.27,288.28,0.0,160.25,46583.23,1
2023-12-27,2023-12-27 14:04:00,288.28,288.3,288.28,288.3,0.01,160.25,46583.23,1
2023-12-27,2023-12-27 14:05:00,288.3,288.31,288.3,288.31,0.0,160.25,46583.23,1
2023-12-27,2023-12-27 14:06:00,288.31,288.33,288.31,288.33,0.01,160.25,46583.23,1
2023-12-27,2023-12-27 14:07:00,288.33,288.34,288.33,288.34,0.0,160.25,46583.23,1
2023-12-27,2023-12-27 14:08:00,288.34,288.36,288.34,288.36,0.01,160.25,46583.23,1
2023-12-27,2023-12-27 14:09:00,288.36,288.37,288.36,288.37,0.0,160.25,46583.23,1
2023-12-27,2023-12-27 14:10:00,288.37,288.39,288.37,288.39,0.01,160.25,46583.23,1
2023-12-27,2023-12-27 14:11:00,288.39,288.4,288.39,288.4,0.0,160.25,46583.23,1
2023-12-27,2023-12-27 14:12:00,288.4,288.41,288.4,288.41,0.0,160.25,46583.23,1
2023-12-27,2023-12-27 14:13:00,288.41,288.43,288.41,288.43,0.01,160.25,46583.23,1
2023-12-27,2023-12-27 14:14:00,288.43,288.44,288.43,288.44,0.0,160.25,46583.23,1
2023-12-27,2023-12-27 14:15:00,288.44,288.46,288.44,288.46,0.01,160.25,46583.23,1
2023-12-27,2023-12-27 14:16:00,288.46,288.47,288.46,288.47,0.0,160.25,46583.23,1
2023-12-27,2023-12-27 14:17:00,288.47,288.49,288.47,288.49,0.01,160.25,46583.23,1
2023-12-27,2023-12-27 14:18:00,288.49,288.5,288.49,288.5,0.0,160.25,46583.23,1
2023-12-27,2023-12-27 14:19:00,288.5,288.52,288.5,288.52,0.01,160.25,46583.23,1
2023-12-27,2023-12-27 14:20:00,288.52,288.53,288.52,288.53,0.0,160.25,46583.23,1
2023-12-27,2023-12-27 14:21:00,288.53,288.55,288.53,288.55,0.01,160.25,46583.23,1
2023-12-27,2023-12-27 14:22:00,288.55,288.56,288.55,288.56,0.0,160.25,46583.23,1
2023-12-27,2023-12-27 14:23:00,288.56,288.58,288.56,288.58,0.01,160.25,46583.23,1
2023-12-27,2023-12-27 14:24:00,288.58,288.59,288.58,288.59,0.0,160.25,46583.23,1
2023-12-27,2023-12-27 14:25:00,288.59,288.6,288.59,288.6,0.0,160.25,46583.23,1
2023-12-27,2023-12-27 14:26:00,288.6,288.62,288.6,288.62,0.01,160.25,46583.23,1
2023-12-27,2023-12-27 14:27:00,288.62,288.63,288.62,288.63,0.0,160.25,46583.23,1
2023-12-27,2023-12-27 14:28:00,288.63,288.65,288.63,288.65,0.01,160.25,46583.23,1
2023-12-27,2023-12-27 14:29:00,288.65,288.66,288.65,288.66,0.0,160.25,46583.23,1
2023-12-27,2023-12-27 14:30:00,288.66,288.68,288.66,288.68,0.01,160.25,46583.23,1
2023-12-27,2023-12-27 14:31:00,288.68,288.69,288.68,288.69,0.0,160.25,46583.23,1
2023-12-27,2023-12-27 14:32:00,288.69,288.71,288.69,288.71,0.01,160.25,46583.23,1
2023-12-27,2023-12-27 14:33:00,288.71,288.72,288.71,288.72,0.0,160.25,46583.23,1
2023-12-27,2023-12-27 14:34:00,288.72,288.74,288.72,288.74,0.01,160.25,46583.23,1
2023-12-27,2023-12-27 14:35:00,288.74,288.75,288.74,288.75,0.0,160.25,46583.23,1
2023-12-27,2023-12-27 14:36:00,288.75,288.76,288.75,288.76,0.0,160.25,46583.23,1
2023-12-27,2023-12-27 14:37:00,288.76,288.78,288.76,288.78,0.01,160.25,46583.23,1
2023-12-27,2023-12-27 14:38:00,288.78,288.79,288.78,288.79,0.0,160.25,46583.23,1
2023-12-27,2023-12-27 14:39:00,288.79,288.81,288.79,288.81,0.01,160.25,46583.23,1
2023-12-27,2023-12-27 14:40:00,288.81,288.82,288.81,288.82,0.0,160.25,46583.23,1
2023-12-27,2023-12-27 14:41:00,288.82,288.84,288.82,288.84,0.01,160.25,46583.23,1
2023-12-27,2023-12-27 14:42:00,288.84,288.85,288.84,288.85,0.0,160.25,46583.23,1
2023-12-27,2023-12-27 14:43:00,288.85,288.87,288.85,288.87,0.01,160.25,46583.23,1
2023-12-27,2023-12-27 14:44:00,288.87,288.88,288.87,288.88,0.0,160.25,46583.23,1
2023-12-27,2023-12-27 14:45:00,288.88,288.9,288.88,288.9,0.01,160.25,46583.23,1
2023-12-27,2023-12-27 14:46:00,288.9,288.91,288.9,288.91,0.0,160.25,46583.23,1
2023-12-27,2023-12-27 14:47:00,288.91,288.93,288.91,288.93,0.01,160.25,46583.23,1
2023-12-27,2023-12-27 14:48:00,288.93,288.94,288.93,288.94,0.0,160.25,46583.23,1
2023-12-27,2023-12-27 14:49:00,288.94,288.95,288.94,288.95,0.0,160.25,46583.23,1
2023-12-27,2023-12-27 14:50:00,288.95,288.97,288.95,288.97,0.01,160.25,46583.23,1
2023-12-27,2023-12-27 14:51:00,288.97,288.98,288.97,288.98,0.0,160.25,46583.23,1
2023-12-27,2023-12-27 14:52:00,288.98,289.0,288.98,289.0,0.01,160.25,46583.23,1
2023-12-27,2023-12-27 14:53:00,289.0,289.01,289.0,289.01,0.0,160.25,46583.23,1
2023-12-27,2023-12-27 14:54:00,289.01,289.03,289.01,289.03,0.01,160.25,46583.23,1
2023-12-27,2023-12-27 14:55:00,289.03,289.04,289.03,289.04,0.0,160.25,46583.23,1
2023-12-27,2023-12-27 14:56:00,289.04,289.06,289.04,289.06,0.01,160.25,46583.23,1
2023-12-27,2023-12-27 14:57:00,289.06,289.07,289.06,289.07,0.0,160.25,46583.23,1
2023-12-27,2023-12-27 14:58:00,289.07,289.09,289.07,289.09,0.01,160.25,46583.23,1
2023-12-27,2023-12-27 14:59:00,289.09,289.1,289.09,289.1,0.0,160.25,46583.23,1
2023-12-27,2023-12-27 15:00:00,289.1,297.0,275.0,289.1,0.0,160.25,46583.23,0
2023-12-28,2023-12-28 11:00:00,294.0,295.5,291.0,293.98,-0.01,107.71,31125.77,-1
2023-12-28,2023-12-28 11:01:00,293.98,293.98,293.95,293.95,-0.01,107.71,31125.77,-1
2023-12-28,2023-12-28 11:02:00,293.95,293.95,293.93,293.93,-0.01,107.71,31125.77,-1
2023-12-28,2023-12-28 11:03:00,293.93,293.93,293.9,293.9,-0.01,107.71,31125.77,-1
2023-12-28,2023-12-28 11:04:00,293.9,293.9,293.88,293.88,-0.01,107.71,31125.77,-1
2023-12-28,2023-12-28 11:05:00,293.88,293.88,293.85,293.85,-0.01,107.71,31125.77,-1
2023-12-28,2023-12-28 11:06:00,293.85,293.85,293.82,293.82,-0.01,107.71,31125.77,-1
2023-12-28,2023-12-28 11:07:00,293.82,293.82,293.8,293.8,-0.01,107.71,31125.77,-1
2023-12-28,2023-12-28 11:08:00,293.8,293.8,293.77,293.77,-0.01,107.71,31125.77,-1
2023-12-28,2023-12-28 11:09:00,293.77,293.77,293.75,293.75,-0.01,107.71,31125.77,-1
2023-12-28,2023-12-28 11:10:00,293.75,293.75,293.73,293.73,-0.01,107.71,31125.77,-1
2023-12-28,2023-12-28 11:11:00,293.73,293.73,293.7,293.7,-0.01,107.71,31125.77,-1
2023-12-28,2023-12-28 11:12:00,293.7,293.7,293.68,293.68,-0.01,107.71,31125.77,-1
2023-12-28,2023-12-28 11:13:00,293.68,293.68,293.65,293.65,-0.01,107.71,31125.77,-1
2023-12-28,2023-12-28 11:14:00,293.65,293.65,293.62,293.62,-0.01,107.71,31125.77,-1
2023-12-28,2023-12-28 11:15:00,293.62,293.62,293.6,293.6,-0.01,107.71,31125.77,-1
2023-12-28,2023-12-28 11:16:00,293.6,293.6,293.57,293.57,-0.01,107.71,31125.77,-1
2023-12-28,2023-12-28 11:17:00,293.57,293.57,293.55,293.55,-0.01,107.71,31125.77,-1
2023-12-28,2023-12-28 11:18:00,293.55,293.55,293.52,293.52,-0.01,107.71,31125.77,-1
2023-12-28,2023-12-28 11:19:00,293.52,293.52,293.5,293.5,-0.01,107.71,31125.77,-1
2023-12-28,2023-12-28 11:20:00,293.5,293.5,293.48,293.48,-0.01,107.71,31125.77,-1
2023-12-28,2023-12-28 11:21:00,293.48,293.48,293.45,293.45,-0.01,107.71,31125.77,-1
2023-12-28,2023-12-28 11:22:00,293.45,293.45,293.43,293.43,-0.01,107.71,31125.77,-1
2023-12-28,2023-12-28 11:23:00,293.43,293.43,293.4,293.4,-0.01,107.71,31125.77,-1
2023-12-28,2023-12-28 11:24:00,293.4,293.4,293.38,293.38,-0.01,107.71,31125.77,-1
2023-12-28,2023-12-28 11:25:00,293.38,293.38,293.35,293.35,-0.01,107.71,31125.77,-1
2023-12-28,2023-12-28 11:26:00,293.35,293.35,293.32,293.32,-0.01,107.71,31125.77,-1
2023-12-28,2023-12-28 11:27:00,293.32,293.32,293.3,293.3,-0.01,107.71,31125.77,-1
2023-12-28,2023-12-28 11:28:00,293.3,293.3,293.27,293.27,-0.01,107.71,31125.77,-1
2023-12-28,2023-12-28 11:29:00,293.27,293.27,293.25,293.25,-0.01,107.71,31125.77,-1
2023-12-28,2023-12-28 11:30:00,293.25,293.25,293.23,293.23,-0.01,107.71,31125.77,-1
2023-12-28,2023-12-28 11:31:00,293.23,293.23,293.2,293.2,-0.01,107.71,31125.77,-1
2023-12-28,2023-12-28 11:32:00,293.2,293.2,293.18,293.18,-0.01,107.71,31125.77,-1
2023-12-28,2023-12-28 11:33:00,293.18,293.18,293.15,293.15,-0.01,107.71,31125.77,-1
2023-12-28,2023-12-28 11:34:00,293.15,293.15,293.12,293.12,-0.01,107.71,31125.77,-1
2023-12-28,2023-12-28 11:35:00,293.12,293.12,293.1,293.1,-0.01,107.71,31125.77,-1
2023-12-28,2023-12-28 11:36:00,293.1,293.1,293.07,293.07,-0.01,107.71,31125.77,-1
2023-12-28,2023-12-28 11:37:00,293.07,293.07,293.05,293.05,-0.01,107.71,31125.77,-1
2023-12-28,2023-12-28 11:38:00,293.05,293.05,293.02,293.02,-0.01,107.71,31125.77,-1
2023-12-28,2023-12-28 11:39:00,293.02,293.02,293.0,293.0,-0.01,107.71,31125.77,-1
2023-12-28,2023-12-28 11:40:00,293.0,293.0,292.98,292.98,-0.01,107.71,31125.77,-1
2023-12-28,2023-12-28 11:41:00,292.98,292.98,292.95,292.95,-0.01,107.71,31125.77,-1
2023-12-28,2023-12-28 11:42:00,292.95,292.95,292.93,292.93,-0.01,107.71,31125.77,-1
2023-12-28,2023-12-28 11:43:00,292.93,292.93,292.9,292.9,-0.01,107.71,31125.77,-1
2023-12-28,2023-12-28 11:44:00,292.9,292.9,292.88,292.88,-0.01,107.71,31125.77,-1
2023-12-28,2023-12-28 11:45:00,292.88,292.88,292.85,292.85,-0.01,107.71,31125.77,-1
2023-12-28,2023-12-28 11:46:00,292.85,292.85,292.82,292.82,-0.01,107.71,31125.77,-1
2023-12-28,2023-12-28 11:47:00,292.82,292.82,292.8,292.8,-0.01,107.71,31125.77,-1
2023-12-28,2023-12-28 11:48:00,292.8,292.8,292.77,292.77,-0.01,107.71,31125.77,-1
2023-12-28,2023-12-28 11:49:00,292.77,292.77,292.75,292.75,-0.01,107.71,31125.77,-1
2023-12-28,2023-12-28 11:50:00,292.75,292.75,292.73,292.73,-0.01,107.71,31125.77,-1
2023-12-28,2023-12-28 11:51:00,292.73,292.73,292.7,292.7,-0.01,107.71,31125.77,-1
2023-12-28,2023-12-28 11:52:00,292.7,292.7,292.68,292.68,-0.01,107.71,31125.77,-1
2023-12-28,2023-12-28 11:53:00,292.68,292.68,292.65,292.65,-0.01,107.71,31125.77,-1
2023-12-28,2023-12-28 11:54:00,292.65,292.65,292.62,292.62,-0.01,107.71,31125.77,-1
2023-12-28,2023-12-28 11:55:00,292.62,292.62,292.6,292.6,-0.01,107.71,31125.77,-1
2023-12-28,2023-12-28 11:56:00,292.6,292.6,292.57,292.57,-0.01,107.71,31125.77,-1
2023-12-28,2023-12-28 11:57:00,292.57,292.57,292.55,292.55,-0.01,107.71,31125.77,-1
2023-12-28,2023-12-28 11:58:00,292.55,292.55,292.52,292.52,-0.01,107.71,31125.77,-1
2023-12-28,2023-12-28 11:59:00,292.52,292.52,292.5,292.5,-0.01,107.71,31125.77,-1
2023-12-28,2023-12-28 12:00:00,292.5,292.5,292.48,292.48,-0.01,107.71,31125.77,-1
2023-12-28,2023-12-28 12:01:00,292.48,292.48,292.45,292.45,-0.01,107.71,31125.77,-1
2023-12-28,2023-12-28 12:02:00,292.45,292.45,292.43,292.43,-0.01,107.71,31125.77,-1
2023-12-28,2023-12-28 12:03:00,292.43,292.43,292.4,292.4,-0.01,107.71,31125.77,-1
2023-12-28,2023-12-28 12:04:00,292.4,292.4,292.38,292.38,-0.01,107.71,31125.77,-1
2023-12-28,2023-12-28 12:05:00,292.38,292.38,292.35,292.35,-0.01,107.71,31125.77,-1
2023-12-28,2023-12-28 12:06:00,292.35,292.35,292.32,292.32,-0.01,107.71,31125.77,-1
2023-12-28,2023-12-28 12:07:00,292.32,292.32,292.3,292.3,-0.01,107.71,31125.77,-1
2023-12-28,2023-12-28 12:08:00,292.3,292.3,292.27,292.27,-0.01,107.71,31125.77,-1
2023-12-28,2023-12-28 12:09:00,292.27,292.27,292.25,292.25,-0.01,107.71,31125.77,-1
2023-12-28,2023-12-28 12:10:00,292.25,292.25,292.23,292.23,-0.01,107.71,31125.77,-1
2023-12-28,2023-12-28 12:11:00,292.23,292.23,292.2,292.2,-0.01,107.71,31125.77,-1
2023-12-28,2023-12-28 12:12:00,292.2,292.2,292.18,292.18,-0.01,107.71,31125.77,-1
2023-12-28,2023-12-28 12:13:00,292.18,292.18,292.15,292.15,-0.01,107.71,31125.77,-1
2023-12-28,2023-12-28 12:14:00,292.15,292.15,292.12,292.12,-0.01,107.71,31125.77,-1
2023-12-28,2023-12-28 12:15:00,292.12,292.12,292.1,292.1,-0.01,107.71,31125.77,-1
2023-12-28,2023-12-28 12:16:00,292.1,292.1,292.07,292.07,-0.01,107.71,31125.77,-1
2023-12-28,2023-12-28 12:17:00,292.07,292.07,292.05,292.05,-0.01,107.71,31125.77,-1
2023-12-28,2023-12-28 12:18:00,292.05,292.05,292.02,292.02,-0.01,107.71,31125.77,-1
2023-12-28,2023-12-28 12:19:00,292.02,292.02,292.0,292.0,-0.01,107.71,31125.77,-1
2023-12-28,2023-12-28 12:20:00,292.0,292.0,291.98,291.98,-0.01,107.71,31125.77,-1
2023-12-28,2023-12-28 12:21:00,291.98,291.98,291.95,291.95,-0.01,107.71,31125.77,-1
2023-12-28,2023-12-28 12:22:00,291.95,291.95,291.93,291.93,-0.01,107.71,31125.77,-1
2023-12-28,2023-12-28 12:23:00,291.93,291.93,291.9,291.9,-0.01,107.71,31125.77,-1
2023-12-28,2023-12-28 12:24:00,291.9,291.9,291.88,291.88,-0.01,107.71,31125.77,-1
2023-12-28,2023-12-28 12:25:00,291.88,291.88,291.85,291.85,-0.01,107.71,31125.77,-1
2023-12-28,2023-12-28 12:26:00,291.85,291.85,291.82,291.82,-0.01,107.71,31125.77,-1
2023-12-28,2023-12-28 12:27:00,291.82,291.82,291.8,291.8,-0.01,107.71,31125.77,-1
2023-12-28,2023-12-28 12:28:00,291.8,291.8,291.77,291.77,-0.01,107.71,31125.77,-1
2023-12-28,2023-12-28 12:29:00,291.77,291.77,291.75,291.75,-0.01,107.71,31125.77,-1
2023-12-28,2023-12-28 12:30:00,291.75,291.75,291.73,291.73,-0.01,107.71,31125.77,-1
2023-12-28,2023-12-28 12:31:00,291.73,291.73,291.7,291.7,-0.01,107.71,31125.77,-1
2023-12-28,2023-12-28 12:32:00,291.7,291.7,291.68,291.68,-0.01,107.71,31125.77,-1
2023-12-28,2023-12-28 12:33:00,291.68,291.68,291.65,291.65,-0.01,107.71,31125.77,-1
2023-12-28,2023-12-28 12:34:00,291.65,291.65,291.62,291.62,-0.01,107.71,31125.77,-1
2023-12-28,2023-12-28 12:35:00,291.62,291.62,291.6,291.6,-0.01,107.71,31125.77,-1
2023-12-28,2023-12-28 12:36:00,291.6,291.6,291.57,291.57,-0.01,107.71,31125.77,-1
2023-12-28,2023-12-28 12:37:00,291.57,291.57,291.55,291.55,-0.01,107.71,31125.77,-1
2023-12-28,2023-12-28 12:38:00,291.55,291.55,291.52,291.52,-0.01,107.71,31125.77,-1
2023-12-28,2023-12-28 12:39:00,291.52,291.52,291.5,291.5,-0.01,107.71,31125.77,-1
2023-12-28,2023-12-28 12:40:00,291.5,291.5,291.48,291.48,-0.01,107.71,31125.77,-1
2023-12-28,2023-12-28 12:41:00,291.48,291.48,291.45,291.45,-0.01,107.71,31125.77,-1
2023-12-28,2023-12-28 12:42:00,291.45,291.45,291.43,291.43,-0.01,107.71,31125.77,-1
2023-12-28,2023-12-28 12:43:00,291.43,291.43,291.4,291.4,-0.01,107.71,31125.77,-1
2023-12-28,2023-12-28 12:44:00,291.4,291.4,291.38,291.38,-0.01,107.71,31125.77,-1
2023-12-28,2023-12-28 12:45:00,291.38,291.38,291.35,291.35,-0.01,107.71,31125.77,-1
2023-12-28,2023-12-28 12:46:00,291.35,291.35,291.32,291.32,-0.01,107.71,31125.77,-1
2023-12-28,2023-12-28 12:47:00,291.32,291.32,291.3,291.3,-0.01,107.71,31125.77,-1
2023-12-28,2023-12-28 12:48:00,291.3,291.3,291.27,291.27,-0.01,107.71,31125.77,-1
2023-12-28,2023-12-28 12:49:00,291.27,291.27,291.25,291.25,-0.01,107.71,31125.77,-1
2023-12-28,2023-12-28 12:50:00,291.25,291.25,291.23,291.23,-0.01,107.71,31125.77,-1
2023-12-28,2023-12-28 12:51:00,291.23,291.23,291.2,291.2,-0.01,107.71,31125.77,-1
2023-12-28,2023-12-28 12:52:00,291.2,291.2,291.18,291.18,-0.01,107.71,31125.77,-1
2023-12-28,2023-12-28 12:53:00,291.18,291.18,291.15,291.15,-0.01,107.71,31125.77,-1
2023-12-28,2023-12-28 12:54:00,291.15,291.15,291.12,291.12,-0.01,107.71,31125.77,-1
2023-12-28,2023-12-28 12:55:00,291.12,291.12,291.1,291.1,-0.01,107.71,31125.77,-1
2023-12-28,2023-12-28 12:56:00,291.1,291.1,291.07,291.07,-0.01,107.71,31125.77,-1
2023-12-28,2023-12-28 12:57:00,291.07,291.07,291.05,291.05,-0.01,107.71,31125.77,-1
2023-12-28,2023-12-28 12:58:00,291.05,291.05,291.02,291.02,-0.01,107.71,31125.77,-1
2023-12-28,2023-12-28 12:59:00,291.02,291.02,291.0,291.0,-0.01,107.71,31125.77,-1
2023-12-28,2023-12-28 13:00:00,291.0,299.0,284.0,290.98,-0.01,107.71,31125.77,-1
2023-12-28,2023-12-28 13:01:00,290.98,290.98,290.95,290.95,-0.01,107.71,31125.77,-1
2023-12-28,2023-12-28 13:02:00,290.95,290.95,290.93,290.93,-0.01,107.71,31125.77,-1
2023-12-28,2023-12-28 13:03:00,290.93,290.93,290.9,290.9,-0.01,107.71,31125.77,-1
2023-12-28,2023-12-28 13:04:00,290.9,290.9,290.88,290.88,-0.01,107.71,31125.77,-1
2023-12-28,2023-12-28 13:05:00,290.88,290.88,290.85,290.85,-0.01,107.71,31125.77,-1
2023-12-28,2023-12-28 13:06:00,290.85,290.85,290.82,290.82,-0.01,107.71,31125.77,-1
2023-12-28,2023-12-28 13:07:00,290.82,290.82,290.8,290.8,-0.01,107.71,31125.77,-1
2023-12-28,2023-12-28 13:08:00,290.8,290.8,290.77,290.77,-0.01,107.71,31125.77,-1
2023-12-28,2023-12-28 13:09:00,290.77,290.77,290.75,290.75,-0.01,107.71,31125.77,-1
2023-12-28,2023-12-28 13:10:00,290.75,290.75,290.73,290.73,-0.01,107.71,31125.77,-1
2023-12-28,2023-12-28 13:11:00,290.73,290.73,290.7,290.7,-0.01,107.71,31125.77,-1
2023-12-28,2023-12-28 13:12:00,290.7,290.7,290.68,290.68,-0.01,107.71,31125.77,-1
2023-12-28,2023-12-28 13:13:00,290.68,290.68,290.65,290.65,-0.01,107.71,31125.77,-1
2023-12-28,2023-12-28 13:14:00,290.65,290.65,290.62,290.62,-0.01,107.71,31125.77,-1
2023-12-28,2023-12-28 13:15:00,290.62,290.62,290.6,290.6,-0.01,107.71,31125.77,-1
2023-12-28,2023-12-28 13:16:00,290.6,290.6,290.57,290.57,-0.01,107.71,31125.77,-1
2023-12-28,2023-12-28 13:17:00,290.57,290.57,290.55,290.55,-0.01,107.71,31125.77,-1
2023-12-28,2023-12-28 13:18:00,290.55,290.55,290.52,290.52,-0.01,107.71,31125.77,-1
2023-12-28,2023-12-28 13:19:00,290.52,290.52,290.5,290.5,-0.01,107.71,31125.77,-1
2023-12-28,2023-12-28 13:20:00,290.5,290.5,290.48,290.48,-0.01,107.71,31125.77,-1
2023-12-28,2023-12-28 13:21:00,290.48,290.48,290.45,290.45,-0.01,107.71,31125.77,-1
2023-12-28,2023-12-28 13:22:00,290.45,290.45,290.43,290.43,-0.01,107.71,31125.77,-1
2023-12-28,2023-12-28 13:23:00,290.43,290.43,290.4,290.4,-0.01,107.71,31125.77,-1
2023-12-28,2023-12-28 13:24:00,290.4,290.4,290.38,290.38,-0.01,107.71,31125.77,-1
2023-12-28,2023-12-28 13:25:00,290.38,290.38,290.35,290.35,-0.01,107.71,31125.77,-1
2023-12-28,2023-12-28 13:26:00,290.35,290.35,290.32,290.32,-0.01,107.71,31125.77,-1
2023-12-28,2023-12-28 13:27:00,290.32,290.32,290.3,290.3,-0.01,107.71,31125.77,-1
2023-12-28,2023-12-28 13:28:00,290.3,290.3,290.27,290.27,-0.01,107.71,31125.77,-1
2023-12-28,2023-12-28 13:29:00,290.27,290.27,290.25,290.25,-0.01,107.71,31125.77,-1
2023-12-28,2023-12-28 13:30:00,290.25,290.25,290.23,290.23,-0.01,107.71,31125.77,-1
2023-12-28,2023-12-28 13:31:00,290.23,290.23,290.2,290.2,-0.01,107.71,31125.77,-1
2023-12-28,2023-12-28 13:32:00,290.2,290.2,290.18,290.18,-0.01,107.71,31125.77,-1
2023-12-28,2023-12-28 13:33:00,290.18,290.18,290.15,290.15,-0.01,107.71,31125.77,-1
2023-12-28,2023-12-28 13:34:00,290.15,290.15,290.12,290.12,-0.01,107.71,31125.77,-1
2023-12-28,2023-12-28 13:35:00,290.12,290.12,290.1,290.1,-0.01,107.71,31125.77,-1
2023-12-28,2023-12-28 13:36:00,290.1,290.1,290.07,290.07,-0.01,107.71,31125.77,-1
2023-12-28,2023-12-28 13:37:00,290.07,290.07,290.05,290.05,-0.01,107.71,31125.77,-1
2023-12-28,2023-12-28 13:38:00,290.05,290.05,290.02,290.02,-0.01,107.71,31125.77,-1
2023-12-28,2023-12-28 13:39:00,290.02,290.02,290.0,290.0,-0.01,107.71,31125.77,-1
2023-12-28,2023-12-28 13:40:00,290.0,290.0,289.98,289.98,-0.01,107.71,31125.77,-1
2023-12-28,2023-12-28 13:41:00,289.98,289.98,289.95,289.95,-0.01,107.71,31125.77,-1
2023-12-28,2023-12-28 13:42:00,289.95,289.95,289.93,289.93,-0.01,107.71,31125.77,-1
2023-12-28,2023-12-28 13:43:00,289.93,289.93,289.9,289.9,-0.01,107.71,31125.77,-1
2023-12-28,2023-12-28 13:44:00,289.9,289.9,289.88,289.88,-0.01,107.71,31125.77,-1
2023-12-28,2023-12-28 13:45:00,289.88,289.88,289.85,289.85,-0.01,107.71,31125.77,-1
2023-12-28,2023-12-28 13:46:00,289.85,289.85,289.82,289.82,-0.01,107.71,31125.77,-1
2023-12-28,2023-12-28 13:47:00,289.82,289.82,289.8,289.8,-0.01,107.71,31125.77,-1
2023-12-28,2023-12-28 13:48:00,289.8,289.8,289.77,289.77,-0.01,107.71,31125.77,-1
2023-12-28,2023-12-28 13:49:00,289.77,289.77,289.75,289.75,-0.01,107.71,31125.77,-1
2023-12-28,2023-12-28 13:50:00,289.75,289.75,289.73,289.73,-0.01,107.71,31125.77,-1
2023-12-28,2023-12-28 13:51:00,289.73,289.73,289.7,289.7,-0.01,107.71,31125.77,-1
2023-12-28,2023-12-28 13:52:00,289.7,289.7,289.68,289.68,-0.01,107.71,31125.77,-1
2023-12-28,2023-12-28 13:53:00,289.68,289.68,289.65,289.65,-0.01,107.71,31125.77,-1
2023-12-28,2023-12-28 13:54:00,289.65,289.65,289.62,289.62,-0.01,107.71,31125.77,-1
2023-12-28,2023-12-28 13:55:00,289.62,289.62,289.6,289.6,-0.01,107.71,31125.77,-1
2023-12-28,2023-12-28 13:56:00,289.6,289.6,289.57,289.57,-0.01,107.71,31125.77,-1
2023-12-28,2023-12-28 13:57:00,289.57,289.57,289.55,289.55,-0.01,107.71,31125.77,-1
2023-12-28,2023-12-28 13:58:00,289.55,289.55,289.52,289.52,-0.01,107.71,31125.77,-1
2023-12-28,2023-12-28 13:59:00,289.52,289.52,289.5,289.5,-0.01,107.71,31125.77,-1
2023-12-28,2023-12-28 14:00:00,289.5,289.5,289.48,289.48,-0.01,107.71,31125.77,-1
2023-12-28,2023-12-28 14:01:00,289.48,289.48,289.45,289.45,-0.01,107.71,31125.77,-1
2023-12-28,2023-12-28 14:02:00,289.45,289.45,289.43,289.43,-0.01,107.71,31125.77,-1
2023-12-28,2023-12-28 14:03:00,289.43,289.43,289.4,289.4,-0.01,107.71,31125.77,-1
2023-12-28,2023-12-28 14:04:00,289.4,289.4,289.38,289.38,-0.01,107.71,31125.77,-1
2023-12-28,2023-12-28 14:05:00,289.38,289.38,289.35,289.35,-0.01,107.71,31125.77,-1
2023-12-28,2023-12-28 14:06:00,289.35,289.35,289.32,289.32,-0.01,107.71,31125.77,-1
2023-12-28,2023-12-28 14:07:00,289.32,289.32,289.3,289.3,-0.01,107.71,31125.77,-1
2023-12-28,2023-12-28 14:08:00,289.3,289.3,289.27,289.27,-0.01,107.71,31125.77,-1
2023-12-28,2023-12-28 14:09:00,289.27,289.27,289.25,289.25,-0.01,107.71,31125.77,-1
2023-12-28,2023-12-28 14:10:00,289.25,289.25,289.23,289.23,-0.01,107.71,31125.77,-1
2023-12-28,2023-12-28 14:11:00,289.23,289.23,289.2,289.2,-0.01,107.71,31125.77,-1
2023-12-28,2023-12-28 14:12:00,289.2,289.2,289.18,289.18,-0.01,107.71,31125.77,-1
2023-12-28,2023-12-28 14:13:00,289.18,289.18,289.15,289.15,-0.01,107.71,31125.77,-1
2023-12-28,2023-12-28 14:14:00,289.15,289.15,289.12,289.12,-0.01,107.71,31125.77,-1
2023-12-28,2023-12-28 14:15:00,289.12,289.12,289.1,289.1,-0.01,107.71,31125.77,-1
2023-12-28,2023-12-28 14:16:00,289.1,289.1,289.07,289.07,-0.01,107.71,31125.77,-1
2023-12-28,2023-12-28 14:17:00,289.07,289.07,289.05,289.05,-0.01,107.71,31125.77,-1
2023-12-28,2023-12-28 14:18:00,289.05,289.05,289.02,289.02,-0.01,107.71,31125.77,-1
2023-12-28,2023-12-28 14:19:00,289.02,289.02,289.0,289.0,-0.01,107.71,31125.77,-1
2023-12-28,2023-12-28 14:20:00,289.0,289.0,288.98,288.98,-0.01,107.71,31125.77,-1
2023-12-28,2023-12-28 14:21:00,288.98,288.98,288.95,288.95,-0.01,107.71,31125.77,-1
2023-12-28,2023-12-28 14:22:00,288.95,288.95,288.93,288.93,-0.01,107.71,31125.77,-1
2023-12-28,2023-12-28 14:23:00,288.93,288.93,288.9,288.9,-0.01,107.71,31125.77,-1
2023-12-28,2023-12-28 14:24:00,288.9,288.9,288.88,288.88,-0.01,107.71,31125.77,-1
2023-12-28,2023-12-28 14:25:00,288.88,288.88,288.85,288.85,-0.01,107.71,31125.77,-1
2023-12-28,2023-12-28 14:26:00,288.85,288.85,288.82,288.82,-0.01,107.71,31125.77,-1
2023-12-28,2023-12-28 14:27:00,288.82,288.82,288.8,288.8,-0.01,107.71,31125.77,-1
2023-12-28,2023-12-28 14:28:00,288.8,288.8,288.77,288.77,-0.01,107.71,31125.77,-1
2023-12-28,2023-12-28 14:29:00,288.77,288.77,288.75,288.75,-0.01,107.71,31125.77,-1
2023-12-28,2023-12-28 14:30:00,288.75,288.75,288.73,288.73,-0.01,107.71,31125.77,-1
2023-12-28,2023-12-28 14:31:00,288.73,288.73,288.7,288.7,-0.01,107.71,31125.77,-1
2023-12-28,2023-12-28 14:32:00,288.7,288.7,288.68,288.68,-0.01,107.71,31125.77,-1
2023-12-28,2023-12-28 14:33:00,288.68,288.68,288.65,288.65,-0.01,107.71,31125.77,-1
2023-12-28,2023-12-28 14:34:00,288.65,288.65,288.62,288.62,-0.01,107.71,31125.77,-1
2023-12-28,2023-12-28 14:35:00,288.62,288.62,288.6,288.6,-0.01,107.71,31125.77,-1
2023-12-28,2023-12-28 14:36:00,288.6,288.6,288.57,288.57,-0.01,107.71,31125.77,-1
2023-12-28,2023-12-28 14:37:00,288.57,288.57,288.55,288.55,-0.01,107.71,31125.77,-1
2023-12-28,2023-12-28 14:38:00,288.55,288.55,288.52,288.52,-0.01,107.71,31125.77,-1
2023-12-28,2023-12-28 14:39:00,288.52,288.52,288.5,288.5,-0.01,107.71,31125.77,-1
2023-12-28,2023-12-28 14:40:00,288.5,288.5,288.48,288.48,-0.01,107.71,31125.77,-1
2023-12-28,2023-12-28 14:41:00,288.48,288.48,288.45,288.45,-0.01,107.71,31125.77,-1
2023-12-28,2023-12-28 14:42:00,288.45,288.45,288.43,288.43,-0.01,107.71,31125.77,-1
2023-12-28,2023-12-28 14:43:00,288.43,288.43,288.4,288.4,-0.01,107.71,31125.77,-1
2023-12-28,2023-12-28 14:44:00,288.4,288.4,288.38,288.38,-0.01,107.71,31125.77,-1
2023-12-28,2023-12-28 14:45:00,288.38,288.38,288.35,288.35,-0.01,107.71,31125.77,-1
2023-12-28,2023-12-28 14:46:00,288.35,288.35,288.32,288.32,-0.01,107.71,31125.77,-1
2023-12-28,2023-12-28 14:47:00,288.32,288.32,288.3,288.3,-0.01,107.71,31125.77,-1
2023-12-28,2023-12-28 14:48:00,288.3,288.3,288.27,288.27,-0.01,107.71,31125.77,-1
2023-12-28,2023-12-28 14:49:00,288.27,288.27,288.25,288.25,-0.01,107.71,31125.77,-1
2023-12-28,2023-12-28 14:50:00,288.25,288.25,288.23,288.23,-0.01,107.71,31125.77,-1
2023-12-28,2023-12-28 14:51:00,288.23,288.23,288.2,288.2,-0.01,107.71,31125.77,-1
2023-12-28,2023-12-28 14:52:00,288.2,288.2,288.18,288.18,-0.01,107.71,31125.77,-1
2023-12-28,2023-12-28 14:53:00,288.18,288.18,288.15,288.15,-0.01,107.71,31125.77,-1
2023-12-28,2023-12-28 14:54:00,288.15,288.15,288.12,288.12,-0.01,107.71,31125.77,-1
2023-12-28,2023-12-28 14:55:00,288.12,288.12,288.1,288.1,-0.01,107.71,31125.77,-1
2023-12-28,2023-12-28 14:56:00,288.1,288.1,288.07,288.07,-0.01,107.71,31125.77,-1
2023-12-28,2023-12-28 14:57:00,288.07,288.07,288.05,288.05,-0.01,107.71,31125.77,-1
2023-12-28,2023-12-28 14:58:00,288.05,288.05,288.02,288.02,-0.01,107.71,31125.77,-1
2023-12-28,2023-12-28 14:59:00,288.02,288.02,288.0,288.0,-0.01,107.71,31125.77,-1
2023-12-28,2023-12-28 15:00:00,288.0,299.0,284.0,288.0,0.0,107.71,31125.77,0
2024-01-01,2024-01-01 11:00:00,293.0,296.57,290.36,292.97,-0.01,190.12,56275.85,-1
2024-01-01,2024-01-01 11:01:00,292.97,292.97,292.93,292.93,-0.01,190.12,56275.85,-1
2024-01-01,2024-01-01 11:02:00,292.93,292.93,292.9,292.9,-0.01,190.12,56275.85,-1
2024-01-01,2024-01-01 11:03:00,292.9,292.9,292.87,292.87,-0.01,190.12,56275.85,-1
2024-01-01,2024-01-01 11:04:00,292.87,292.87,292.83,292.83,-0.01,190.12,56275.85,-1
2024-01-01,2024-01-01 11:05:00,292.83,292.83,292.8,292.8,-0.01,190.12,56275.85,-1
2024-01-01,2024-01-01 11:06:00,292.8,292.8,292.77,292.77,-0.01,190.12,56275.85,-1
2024-01-01,2024-01-01 11:07:00,292.77,292.77,292.73,292.73,-0.01,190.12,56275.85,-1
2024-01-01,2024-01-01 11:08:00,292.73,292.73,292.7,292.7,-0.01,190.12,56275.85,-1
2024-01-01,2024-01-01 11:09:00,292.7,292.7,292.67,292.67,-0.01,190.12,56275.85,-1
2024-01-01,2024-01-01 11:10:00,292.67,292.67,292.63,292.63,-0.01,190.12,56275.85,-1
2024-01-01,2024-01-01 11:11:00,292.63,292.63,292.6,292.6,-0.01,190.12,56275.85,-1
2024-01-01,2024-01-01 11:12:00,292.6,292.6,292.57,292.57,-0.01,190.12,56275.85,-1
2024-01-01,2024-01-01 11:13:00,292.57,292.57,292.53,292.53,-0.01,190.12,56275.85,-1
2024-01-01,2024-01-01 11:14:00,292.53,292.53,292.5,292.5,-0.01,190.12,56275.85,-1
2024-01-01,2024-01-01 11:15:00,292.5,292.5,292.47,292.47,-0.01,190.12,56275.85,-1
2024-01-01,2024-01-01 11:16:00,292.47,292.47,292.43,292.43,-0.01,190.12,56275.85,-1
2024-01-01,2024-01-01 11:17:00,292.43,292.43,292.4,292.4,-0.01,190.12,56275.85,-1
2024-01-01,2024-01-01 11:18:00,292.4,292.4,292.37,292.37,-0.01,190.12,56275.85,-1
2024-01-01,2024-01-01 11:19:00,292.37,292.37,292.33,292.33,-0.01,190.12,56275.85,-1
2024-01-01,2024-01-01 11:20:00,292.33,292.33,292.3,292.3,-0.01,190.12,56275.85,-1
2024-01-01,2024-01-01 11:21:00,292.3,292.3,292.27,292.27,-0.01,190.12,56275.85,-1
2024-01-01,2024-01-01 11:22:00,292.27,292.27,292.23,292.23,-0.01,190.12,56275.85,-1
2024-01-01,2024-01-01 11:23:00,292.23,292.23,292.2,292.2,-0.01,190.12,56275.85,-1
2024-01-01,2024-01-01 11:24:00,292.2,292.2,292.17,292.17,-0.01,190.12,56275.85,-1
2024-01-01,2024-01-01 11:25:00,292.17,292.17,292.13,292.13,-0.01,190.12,56275.85,-1
2024-01-01,2024-01-01 11:26:00,292.13,292.13,292.1,292.1,-0.01,190.12,56275.85,-1
2024-01-01,2024-01-01 11:27:00,292.1,292.1,292.07,292.07,-0.01,190.12,56275.85,-1
2024-01-01,2024-01-01 11:28:00,292.07,292.07,292.03,292.03,-0.01,190.12,56275.85,-1
2024-01-01,2024-01-01 11:29:00,292.03,292.03,292.0,292.0,-0.01,190.12,56275.85,-1
2024-01-01,2024-01-01 11:30:00,292.0,292.0,291.97,291.97,-0.01,190.12,56275.85,-1
2024-01-01,2024-01-01 11:31:00,291.97,291.97,291.93,291.93,-0.01,190.12,56275.85,-1
2024-01-01,2024-01-01 11:32:00,291.93,291.93,291.9,291.9,-0.01,190.12,56275.85,-1
2024-01-01,2024-01-01 11:33:00,291.9,291.9,291.87,291.87,-0.01,190.12,56275.85,-1
2024-01-01,2024-01-01 11:34:00,291.87,291.87,291.83,291.83,-0.01,190.12,56275.85,-1
2024-01-01,2024-01-01 11:35:00,291.83,291.83,291.8,291.8,-0.01,190.12,56275.85,-1
2024-01-01,2024-01-01 11:36:00,291.8,291.8,291.77,291.77,-0.01,190.12,56275.85,-1
2024-01-01,2024-01-01 11:37:00,291.77,291.77,291.73,291.73,-0.01,190.12,56275.85,-1
2024-01-01,2024-01-01 11:38:00,291.73,291.73,291.7,291.7,-0.01,190.12,56275.85,-1
2024-01-01,2024-01-01 11:39:00,291.7,291.7,291.67,291.67,-0.01,190.12,56275.85,-1
2024-01-01,2024-01-01 11:40:00,291.67,291.67,291.63,291.63,-0.01,190.12,56275.85,-1
2024-01-01,2024-01-01 11:41:00,291.63,291.63,291.6,291.6,-0.01,190.12,56275.85,-1
2024-01-01,2024-01-01 11:42:00,291.6,291.6,291.57,291.57,-0.01,190.12,56275.85,-1
2024-01-01,2024-01-01 11:43:00,291.57,291.57,291.53,291.53,-0.01,190.12,56275.85,-1
2024-01-01,2024-01-01 11:44:00,291.53,291.53,291.5,291.5,-0.01,190.12,56275.85,-1
2024-01-01,2024-01-01 11:45:00,291.5,291.5,291.47,291.47,-0.01,190.12,56275.85,-1
2024-01-01,2024-01-01 11:46:00,291.47,291.47,291.43,291.43,-0.01,190.12,56275.85,-1
2024-01-01,2024-01-01 11:47:00,291.43,291.43,291.4,291.4,-0.01,190.12,56275.85,-1
2024-01-01,2024-01-01 11:48:00,291.4,291.4,291.37,291.37,-0.01,190.12,56275.85,-1
2024-01-01,2024-01-01 11:49:00,291.37,291.37,291.33,291.33,-0.01,190.12,56275.85,-1
2024-01-01,2024-01-01 11:50:00,291.33,291.33,291.3,291.3,-0.01,190.12,56275.85,-1
2024-01-01,2024-01-01 11:51:00,291.3,291.3,291.27,291.27,-0.01,190.12,56275.85,-1
2024-01-01,2024-01-01 11:52:00,291.27,291.27,291.23,291.23,-0.01,190.12,56275.85,-1
2024-01-01,2024-01-01 11:53:00,291.23,291.23,291.2,291.2,-0.01,190.12,56275.85,-1
2024-01-01,2024-01-01 11:54:00,291.2,291.2,291.17,291.17,-0.01,190.12,56275.85,-1
2024-01-01,2024-01-01 11:55:00,291.17,291.17,291.13,291.13,-0.01,190.12,56275.85,-1
2024-01-01,2024-01-01 11:56:00,291.13,291.13,291.1,291.1,-0.01,190.12,56275.85,-1
2024-01-01,2024-01-01 11:57:00,291.1,291.1,291.07,291.07,-0.01,190.12,56275.85,-1
2024-01-01,2024-01-01 11:58:00,291.07,291.07,291.03,291.03,-0.01,190.12,56275.85,-1
2024-01-01,2024-01-01 11:59:00,291.03,291.03,291.0,291.0,-0.01,190.12,56275.85,-1
2024-01-01,2024-01-01 12:00:00,291.0,291.0,290.97,290.97,-0.01,190.12,56275.85,-1
2024-01-01,2024-01-01 12:01:00,290.97,290.97,290.93,290.93,-0.01,190.12,56275.85,-1
2024-01-01,2024-01-01 12:02:00,290.93,290.93,290.9,290.9,-0.01,190.12,56275.85,-1
2024-01-01,2024-01-01 12:03:00,290.9,290.9,290.87,290.87,-0.01,190.12,56275.85,-1
2024-01-01,2024-01-01 12:04:00,290.87,290.87,290.83,290.83,-0.01,190.12,56275.85,-1
2024-01-01,2024-01-01 12:05:00,290.83,290.83,290.8,290.8,-0.01,190.12,56275.85,-1
2024-01-01,2024-01-01 12:06:00,290.8,290.8,290.77,290.77,-0.01,190.12,56275.85,-1
2024-01-01,2024-01-01 12:07:00,290.77,290.77,290.73,290.73,-0.01,190.12,56275.85,-1
2024-01-01,2024-01-01 12:08:00,290.73,290.73,290.7,290.7,-0.01,190.12,56275.85,-1
2024-01-01,2024-01-01 12:09:00,290.7,290.7,290.67,290.67,-0.01,190.12,56275.85,-1
2024-01-01,2024-01-01 12:10:00,290.67,290.67,290.63,290.63,-0.01,190.12,56275.85,-1
2024-01-01,2024-01-01 12:11:00,290.63,290.63,290.6,290.6,-0.01,190.12,56275.85,-1
2024-01-01,2024-01-01 12:12:00,290.6,290.6,290.57,290.57,-0.01,190.12,56275.85,-1
2024-01-01,2024-01-01 12:13:00,290.57,290.57,290.53,290.53,-0.01,190.12,56275.85,-1
2024-01-01,2024-01-01 12:14:00,290.53,290.53,290.5,290.5,-0.01,190.12,56275.85,-1
2024-01-01,2024-01-01 12:15:00,290.5,290.5,290.47,290.47,-0.01,190.12,56275.85,-1
2024-01-01,2024-01-01 12:16:00,290.47,290.47,290.43,290.43,-0.01,190.12,56275.85,-1
2024-01-01,2024-01-01 12:17:00,290.43,290.43,290.4,290.4,-0.01,190.12,56275.85,-1
2024-01-01,2024-01-01 12:18:00,290.4,290.4,290.37,290.37,-0.01,190.12,56275.85,-1
2024-01-01,2024-01-01 12:19:00,290.37,290.37,290.33,290.33,-0.01,190.12,56275.85,-1
2024-01-01,2024-01-01 12:20:00,290.33,290.33,290.3,290.3,-0.01,190.12,56275.85,-1
2024-01-01,2024-01-01 12:21:00,290.3,290.3,290.27,290.27,-0.01,190.12,56275.85,-1
2024-01-01,2024-01-01 12:22:00,290.27,290.27,290.23,290.23,-0.01,190.12,56275.85,-1
2024-01-01,2024-01-01 12:23:00,290.23,290.23,290.2,290.2,-0.01,190.12,56275.85,-1
2024-01-01,2024-01-01 12:24:00,290.2,290.2,290.17,290.17,-0.01,190.12,56275.85,-1
2024-01-01,2024-01-01 12:25:00,290.17,290.17,290.13,290.13,-0.01,190.12,56275.85,-1
2024-01-01,2024-01-01 12:26:00,290.13,290.13,290.1,290.1,-0.01,190.12,56275.85,-1
2024-01-01,2024-01-01 12:27:00,290.1,290.1,290.07,290.07,-0.01,190.12,56275.85,-1
2024-01-01,2024-01-01 12:28:00,290.07,290.07,290.03,290.03,-0.01,190.12,56275.85,-1
2024-01-01,2024-01-01 12:29:00,290.03,290.03,290.0,290.0,-0.01,190.12,56275.85,-1
2024-01-01,2024-01-01 12:30:00,290.0,290.0,289.97,289.97,-0.01,190.12,56275.85,-1
2024-01-01,2024-01-01 12:31:00,289.97,289.97,289.93,289.93,-0.01,190.12,56275.85,-1
2024-01-01,2024-01-01 12:32:00,289.93,289.93,289.9,289.9,-0.01,190.12,56275.85,-1
2024-01-01,2024-01-01 12:33:00,289.9,289.9,289.87,289.87,-0.01,190.12,56275.85,-1
2024-01-01,2024-01-01 12:34:00,289.87,289.87,289.83,289.83,-0.01,190.12,56275.85,-1
2024-01-01,2024-01-01 12:35:00,289.83,289.83,289.8,289.8,-0.01,190.12,56275.85,-1
2024-01-01,2024-01-01 12:36:00,289.8,289.8,289.77,289.77,-0.01,190.12,56275.85,-1
2024-01-01,2024-01-01 12:37:00,289.77,289.77,289.73,289.73,-0.01,190.12,56275.85,-1
2024-01-01,2024-01-01 12:38:00,289.73,289.73,289.7,289.7,-0.01,190.12,56275.85,-1
2024-01-01,2024-01-01 12:39:00,289.7,289.7,289.67,289.67,-0.01,190.12,56275.85,-1
2024-01-01,2024-01-01 12:40:00,289.67,289.67,289.63,289.63,-0.01,190.12,56275.85,-1
2024-01-01,2024-01-01 12:41:00,289.63,289.63,289.6,289.6,-0.01,190.12,56275.85,-1
2024-01-01,2024-01-01 12:42:00,289.6,289.6,289.57,289.57,-0.01,190.12,56275.85,-1
2024-01-01,2024-01-01 12:43:00,289.57,289.57,289.53,289.53,-0.01,190.12,56275.85,-1
2024-01-01,2024-01-01 12:44:00,289.53,289.53,289.5,289.5,-0.01,190.12,56275.85,-1
2024-01-01,2024-01-01 12:45:00,289.5,289.5,289.47,289.47,-0.01,190.12,56275.85,-1
2024-01-01,2024-01-01 12:46:00,289.47,289.47,289.43,289.43,-0.01,190.12,56275.85,-1
2024-01-01,2024-01-01 12:47:00,289.43,289.43,289.4,289.4,-0.01,190.12,56275.85,-1
2024-01-01,2024-01-01 12:48:00,289.4,289.4,289.37,289.37,-0.01,190.12,56275.85,-1
2024-01-01,2024-01-01 12:49:00,289.37,289.37,289.33,289.33,-0.01,190.12,56275.85,-1
2024-01-01,2024-01-01 12:50:00,289.33,289.33,289.3,289.3,-0.01,190.12,56275.85,-1
2024-01-01,2024-01-01 12:51:00,289.3,289.3,289.27,289.27,-0.01,190.12,56275.85,-1
2024-01-01,2024-01-01 12:52:00,289.27,289.27,289.23,289.23,-0.01,190.12,56275.85,-1
2024-01-01,2024-01-01 12:53:00,289.23,289.23,289.2,289.2,-0.01,190.12,56275.85,-1
2024-01-01,2024-01-01 12:54:00,289.2,289.2,289.17,289.17,-0.01,190.12,56275.85,-1
2024-01-01,2024-01-01 12:55:00,289.17,289.17,289.13,289.13,-0.01,190.12,56275.85,-1
2024-01-01,2024-01-01 12:56:00,289.13,289.13,289.1,289.1,-0.01,190.12,56275.85,-1
2024-01-01,2024-01-01 12:57:00,289.1,289.1,289.07,289.07,-0.01,190.12,56275.85,-1
2024-01-01,2024-01-01 12:58:00,289.07,289.07,289.03,289.03,-0.01,190.12,56275.85,-1
2024-01-01,2024-01-01 12:59:00,289.03,289.03,289.0,289.0,-0.01,190.12,56275.85,-1
2024-01-01,2024-01-01 13:00:00,289.0,304.9,284.2,288.97,-0.01,190.12,56275.85,-1
2024-01-01,2024-01-01 13:01:00,288.97,288.97,288.93,288.93,-0.01,190.12,56275.85,-1
2024-01-01,2024-01-01 13:02:00,288.93,288.93,288.9,288.9,-0.01,190.12,56275.85,-1
2024-01-01,2024-01-01 13:03:00,288.9,288.9,288.87,288.87,-0.01,190.12,56275.85,-1
2024-01-01,2024-01-01 13:04:00,288.87,288.87,288.83,288.83,-0.01,190.12,56275.85,-1
2024-01-01,2024-01-01 13:05:00,288.83,288.83,288.8,288.8,-0.01,190.12,56275.85,-1
2024-01-01,2024-01-01 13:06:00,288.8,288.8,288.77,288.77,-0.01,190.12,56275.85,-1
2024-01-01,2024-01-01 13:07:00,288.77,288.77,288.73,288.73,-0.01,190.12,56275.85,-1
2024-01-01,2024-01-01 13:08:00,288.73,288.73,288.7,288.7,-0.01,190.12,56275.85,-1
2024-01-01,2024-01-01 13:09:00,288.7,288.7,288.67,288.67,-0.01,190.12,56275.85,-1
2024-01-01,2024-01-01 13:10:00,288.67,288.67,288.63,288.63,-0.01,190.12,56275.85,-1
2024-01-01,2024-01-01 13:11:00,288.63,288.63,288.6,288.6,-0.01,190.12,56275.85,-1
2024-01-01,2024-01-01 13:12:00,288.6,288.6,288.57,288.57,-0.01,190.12,56275.85,-1
2024-01-01,2024-01-01 13:13:00,288.57,288.57,288.53,288.53,-0.01,190.12,56275.85,-1
2024-01-01,2024-01-01 13:14:00,288.53,288.53,288.5,288.5,-0.01,190.12,56275.85,-1
2024-01-01,2024-01-01 13:15:00,288.5,288.5,288.47,288.47,-0.01,190.12,56275.85,-1
2024-01-01,2024-01-01 13:16:00,288.47,288.47,288.43,288.43,-0.01,190.12,56275.85,-1
2024-01-01,2024-01-01 13:17:00,288.43,288.43,288.4,288.4,-0.01,190.12,56275.85,-1
2024-01-01,2024-01-01 13:18:00,288.4,288.4,288.37,288.37,-0.01,190.12,56275.85,-1
2024-01-01,2024-01-01 13:19:00,288.37,288.37,288.33,288.33,-0.01,190.12,56275.85,-1
2024-01-01,2024-01-01 13:20:00,288.33,288.33,288.3,288.3,-0.01,190.12,56275.85,-1
2024-01-01,2024-01-01 13:21:00,288.3,288.3,288.27,288.27,-0.01,190.12,56275.85,-1
2024-01-01,2024-01-01 13:22:00,288.27,288.27,288.23,288.23,-0.01,190.12,56275.85,-1
2024-01-01,2024-01-01 13:23:00,288.23,288.23,288.2,288.2,-0.01,190.12,56275.85,-1
2024-01-01,2024-01-01 13:24:00,288.2,288.2,288.17,288.17,-0.01,190.12,56275.85,-1
2024-01-01,2024-01-01 13:25:00,288.17,288.17,288.13,288.13,-0.01,190.12,56275.85,-1
2024-01-01,2024-01-01 13:26:00,288.13,288.13,288.1,288.1,-0.01,190.12,56275.85,-1
2024-01-01,2024-01-01 13:27:00,288.1,288.1,288.07,288.07,-0.01,190.12,56275.85,-1
2024-01-01,2024-01-01 13:28:00,288.07,288.07,288.03,288.03,-0.01,190.12,56275.85,-1
2024-01-01,2024-01-01 13:29:00,288.03,288.03,288.0,288.0,-0.01,190.12,56275.85,-1
2024-01-01,2024-01-01 13:30:00,288.0,288.0,287.97,287.97,-0.01,190.12,56275.85,-1
2024-01-01,2024-01-01 13:31:00,287.97,287.97,287.93,287.93,-0.01,190.12,56275.85,-1
2024-01-01,2024-01-01 13:32:00,287.93,287.93,287.9,287.9,-0.01,190.12,56275.85,-1
2024-01-01,2024-01-01 13:33:00,287.9,287.9,287.87,287.87,-0.01,190.12,56275.85,-1
2024-01-01,2024-01-01 13:34:00,287.87,287.87,287.83,287.83,-0.01,190.12,56275.85,-1
2024-01-01,2024-01-01 13:35:00,287.83,287.83,287.8,287.8,-0.01,190.12,56275.85,-1
2024-01-01,2024-01-01 13:36:00,287.8,287.8,287.77,287.77,-0.01,190.12,56275.85,-1
2024-01-01,2024-01-01 13:37:00,287.77,287.77,287.73,287.73,-0.01,190.12,56275.85,-1
2024-01-01,2024-01-01 13:38:00,287.73,287.73,287.7,287.7,-0.01,190.12,56275.85,-1
2024-01-01,2024-01-01 13:39:00,287.7,287.7,287.67,287.67,-0.01,190.12,56275.85,-1
2024-01-01,2024-01-01 13:40:00,287.67,287.67,287.63,287.63,-0.01,190.12,56275.85,-1
2024-01-01,2024-01-01 13:41:00,287.63,287.63,287.6,287.6,-0.01,190.12,56275.85,-1
2024-01-01,2024-01-01 13:42:00,287.6,287.6,287.57,287.57,-0.01,190.12,56275.85,-1
2024-01-01,2024-01-01 13:43:00,287.57,287.57,287.53,287.53,-0.01,190.12,56275.85,-1
2024-01-01,2024-01-01 13:44:00,287.53,287.53,287.5,287.5,-0.01,190.12,56275.85,-1
2024-01-01,2024-01-01 13:45:00,287.5,287.5,287.47,287.47,-0.01,190.12,56275.85,-1
2024-01-01,2024-01-01 13:46:00,287.47,287.47,287.43,287.43,-0.01,190.12,56275.85,-1
2024-01-01,2024-01-01 13:47:00,287.43,287.43,287.4,287.4,-0.01,190.12,56275.85,-1
2024-01-01,2024-01-01 13:48:00,287.4,287.4,287.37,287.37,-0.01,190.12,56275.85,-1
2024-01-01,2024-01-01 13:49:00,287.37,287.37,287.33,287.33,-0.01,190.12,56275.85,-1
2024-01-01,2024-01-01 13:50:00,287.33,287.33,287.3,287.3,-0.01,190.12,56275.85,-1
2024-01-01,2024-01-01 13:51:00,287.3,287.3,287.27,287.27,-0.01,190.12,56275.85,-1
2024-01-01,2024-01-01 13:52:00,287.27,287.27,287.23,287.23,-0.01,190.12,56275.85,-1
2024-01-01,2024-01-01 13:53:00,287.23,287.23,287.2,287.2,-0.01,190.12,56275.85,-1
2024-01-01,2024-01-01 13:54:00,287.2,287.2,287.17,287.17,-0.01,190.12,56275.85,-1
2024-01-01,2024-01-01 13:55:00,287.17,287.17,287.13,287.13,-0.01,190.12,56275.85,-1
2024-01-01,2024-01-01 13:56:00,287.13,287.13,287.1,287.1,-0.01,190.12,56275.85,-1
2024-01-01,2024-01-01 13:57:00,287.1,287.1,287.07,287.07,-0.01,190.12,56275.85,-1
2024-01-01,2024-01-01 13:58:00,287.07,287.07,287.03,287.03,-0.01,190.12,56275.85,-1
2024-01-01,2024-01-01 13:59:00,287.03,287.03,287.0,287.0,-0.01,190.12,56275.85,-1
2024-01-01,2024-01-01 14:00:00,287.0,287.0,286.97,286.97,-0.01,190.12,56275.85,-1
2024-01-01,2024-01-01 14:01:00,286.97,286.97,286.93,286.93,-0.01,190.12,56275.85,-1
2024-01-01,2024-01-01 14:02:00,286.93,286.93,286.9,286.9,-0.01,190.12,56275.85,-1
2024-01-01,2024-01-01 14:03:00,286.9,286.9,286.87,286.87,-0.01,190.12,56275.85,-1
2024-01-01,2024-01-01 14:04:00,286.87,286.87,286.83,286.83,-0.01,190.12,56275.85,-1
2024-01-01,2024-01-01 14:05:00,286.83,286.83,286.8,286.8,-0.01,190.12,56275.85,-1
2024-01-01,2024-01-01 14:06:00,286.8,286.8,286.77,286.77,-0.01,190.12,56275.85,-1
2024-01-01,2024-01-01 14:07:00,286.77,286.77,286.73,286.73,-0.01,190.12,56275.85,-1
2024-01-01,2024-01-01 14:08:00,286.73,286.73,286.7,286.7,-0.01,190.12,56275.85,-1
2024-01-01,2024-01-01 14:09:00,286.7,286.7,286.67,286.67,-0.01,190.12,56275.85,-1
2024-01-01,2024-01-01 14:10:00,286.67,286.67,286.63,286.63,-0.01,190.12,56275.85,-1
2024-01-01,2024-01-01 14:11:00,286.63,286.63,286.6,286.6,-0.01,190.12,56275.85,-1
2024-01-01,2024-01-01 14:12:00,286.6,286.6,286.57,286.57,-0.01,190.12,56275.85,-1
2024-01-01,2024-01-01 14:13:00,286.57,286.57,286.53,286.53,-0.01,190.12,56275.85,-1
2024-01-01,2024-01-01 14:14:00,286.53,286.53,286.5,286.5,-0.01,190.12,56275.85,-1
2024-01-01,2024-01-01 14:15:00,286.5,286.5,286.47,286.47,-0.01,190.12,56275.85,-1
2024-01-01,2024-01-01 14:16:00,286.47,286.47,286.43,286.43,-0.01,190.12,56275.85,-1
2024-01-01,2024-01-01 14:17:00,286.43,286.43,286.4,286.4,-0.01,190.12,56275.85,-1
2024-01-01,2024-01-01 14:18:00,286.4,286.4,286.37,286.37,-0.01,190.12,56275.85,-1
2024-01-01,2024-01-01 14:19:00,286.37,286.37,286.33,286.33,-0.01,190.12,56275.85,-1
2024-01-01,2024-01-01 14:20:00,286.33,286.33,286.3,286.3,-0.01,190.12,56275.85,-1
2024-01-01,2024-01-01 14:21:00,286.3,286.3,286.27,286.27,-0.01,190.12,56275.85,-1
2024-01-01,2024-01-01 14:22:00,286.27,286.27,286.23,286.23,-0.01,190.12,56275.85,-1
2024-01-01,2024-01-01 14:23:00,286.23,286.23,286.2,286.2,-0.01,190.12,56275.85,-1
2024-01-01,2024-01-01 14:24:00,286.2,286.2,286.17,286.17,-0.01,190.12,56275.85,-1
2024-01-01,2024-01-01 14:25:00,286.17,286.17,286.13,286.13,-0.01,190.12,56275.85,-1
2024-01-01,2024-01-01 14:26:00,286.13,286.13,286.1,286.1,-0.01,190.12,56275.85,-1
2024-01-01,2024-01-01 14:27:00,286.1,286.1,286.07,286.07,-0.01,190.12,56275.85,-1
2024-01-01,2024-01-01 14:28:00,286.07,286.07,286.03,286.03,-0.01,190.12,56275.85,-1
2024-01-01,2024-01-01 14:29:00,286.03,286.03,286.0,286.0,-0.01,190.12,56275.85,-1
2024-01-01,2024-01-01 14:30:00,286.0,286.0,285.97,285.97,-0.01,190.12,56275.85,-1
2024-01-01,2024-01-01 14:31:00,285.97,285.97,285.93,285.93,-0.01,190.12,56275.85,-1
2024-01-01,2024-01-01 14:32:00,285.93,285.93,285.9,285.9,-0.01,190.12,56275.85,-1
2024-01-01,2024-01-01 14:33:00,285.9,285.9,285.87,285.87,-0.01,190.12,56275.85,-1
2024-01-01,2024-01-01 14:34:00,285.87,285.87,285.83,285.83,-0.01,190.12,56275.85,-1
2024-01-01,2024-01-01 14:35:00,285.83,285.83,285.8,285.8,-0.01,190.12,56275.85,-1
2024-01-01,2024-01-01 14:36:00,285.8,285.8,285.77,285.77,-0.01,190.12,56275.85,-1
2024-01-01,2024-01-01 14:37:00,285.77,285.77,285.73,285.73,-0.01,190.12,56275.85,-1
2024-01-01,2024-01-01 14:38:00,285.73,285.73,285.7,285.7,-0.01,190.12,56275.85,-1
2024-01-01,2024-01-01 14:39:00,285.7,285.7,285.67,285.67,-0.01,190.12,56275.85,-1
2024-01-01,2024-01-01 14:40:00,285.67,285.67,285.63,285.63,-0.01,190.12,56275.85,-1
2024-01-01,2024-01-01 14:41:00,285.63,285.63,285.6,285.6,-0.01,190.12,56275.85,-1
2024-01-01,2024-01-01 14:42:00,285.6,285.6,285.57,285.57,-0.01,190.12,56275.85,-1
2024-01-01,2024-01-01 14:43:00,285.57,285.57,285.53,285.53,-0.01,190.12,56275.85,-1
2024-01-01,2024-01-01 14:44:00,285.53,285.53,285.5,285.5,-0.01,190.12,56275.85,-1
2024-01-01,2024-01-01 14:45:00,285.5,285.5,285.47,285.47,-0.01,190.12,56275.85,-1
2024-01-01,2024-01-01 14:46:00,285.47,285.47,285.43,285.43,-0.01,190.12,56275.85,-1
2024-01-01,2024-01-01 14:47:00,285.43,285.43,285.4,285.4,-0.01,190.12,56275.85,-1
2024-01-01,2024-01-01 14:48:00,285.4,285.4,285.37,285.37,-0.01,190.12,56275.85,-1
2024-01-01,2024-01-01 14:49:00,285.37,285.37,285.33,285.33,-0.01,190.12,56275.85,-1
2024-01-01,2024-01-01 14:50:00,285.33,285.33,285.3,285.3,-0.01,190.12,56275.85,-1
2024-01-01,2024-01-01 14:51:00,285.3,285.3,285.27,285.27,-0.01,190.12,56275.85,-1
2024-01-01,2024-01-01 14:52:00,285.27,285.27,285.23,285.23,-0.01,190.12,56275.85,-1
2024-01-01,2024-01-01 14:53:00,285.23,285.23,285.2,285.2,-0.01,190.12,56275.85,-1
2024-01-01,2024-01-01 14:54:00,285.2,285.2,285.17,285.17,-0.01,190.12,56275.85,-1
2024-01-01,2024-01-01 14:55:00,285.17,285.17,285.13,285.13,-0.01,190.12,56275.85,-1
2024-01-01,2024-01-01 14:56:00,285.13,285.13,285.1,285.1,-0.01,190.12,56275.85,-1
2024-01-01,2024-01-01 14:57:00,285.1,285.1,285.07,285.07,-0.01,190.12,56275.85,-1
2024-01-01,2024-01-01 14:58:00,285.07,285.07,285.03,285.03,-0.01,190.12,56275.85,-1
2024-01-01,2024-01-01 14:59:00,285.03,285.03,285.0,285.0,-0.01,190.12,56275.85,-1
2024-01-01,2024-01-01 15:00:00,285.0,304.9,284.2,285.0,0.0,190.12,56275.85,0
2024-01-02,2024-01-02 11:00:00,280.1,286.07,280.1,280.15,0.02,113.47,32760.09,1
2024-01-02,2024-01-02 11:01:00,280.15,280.19,280.15,280.19,0.01,113.47,32760.09,1
2024-01-02,2024-01-02 11:02:00,280.19,280.24,280.19,280.24,0.02,113.47,32760.09,1
2024-01-02,2024-01-02 11:03:00,280.24,280.28,280.24,280.28,0.01,113.47,32760.09,1
2024-01-02,2024-01-02 11:04:00,280.28,280.33,280.28,280.33,0.02,113.47,32760.09,1
2024-01-02,2024-01-02 11:05:00,280.33,280.37,280.33,280.37,0.01,113.47,32760.09,1
2024-01-02,2024-01-02 11:06:00,280.37,280.42,280.37,280.42,0.02,113.47,32760.09,1
2024-01-02,2024-01-02 11:07:00,280.42,280.46,280.42,280.46,0.01,113.47,32760.09,1
2024-01-02,2024-01-02 11:08:00,280.46,280.5,280.46,280.5,0.01,113.47,32760.09,1
2024-01-02,2024-01-02 11:09:00,280.5,280.55,280.5,280.55,0.02,113.47,32760.09,1
2024-01-02,2024-01-02 11:10:00,280.55,280.6,280.55,280.6,0.02,113.47,32760.09,1
2024-01-02,2024-01-02 11:11:00,280.6,280.64,280.6,280.64,0.01,113.47,32760.09,1
2024-01-02,2024-01-02 11:12:00,280.64,280.69,280.64,280.69,0.02,113.47,32760.09,1
2024-01-02,2024-01-02 11:13:00,280.69,280.73,280.69,280.73,0.01,113.47,32760.09,1
2024-01-02,2024-01-02 11:14:00,280.73,280.78,280.73,280.78,0.02,113.47,32760.09,1
2024-01-02,2024-01-02 11:15:00,280.78,280.82,280.78,280.82,0.01,113.47,32760.09,1
2024-01-02,2024-01-02 11:16:00,280.82,280.87,280.82,280.87,0.02,113.47,32760.09,1
2024-01-02,2024-01-02 11:17:00,280.87,280.91,280.87,280.91,0.01,113.47,32760.09,1
2024-01-02,2024-01-02 11:18:00,280.91,280.96,280.91,280.96,0.02,113.47,32760.09,1
2024-01-02,2024-01-02 11:19:00,280.96,281.0,280.96,281.0,0.01,113.47,32760.09,1
2024-01-02,2024-01-02 11:20:00,281.0,281.05,281.0,281.05,0.02,113.47,32760.09,1
2024-01-02,2024-01-02 11:21:00,281.05,281.09,281.05,281.09,0.01,113.47,32760.09,1
2024-01-02,2024-01-02 11:22:00,281.09,281.13,281.09,281.13,0.01,113.47,32760.09,1
2024-01-02,2024-01-02 11:23:00,281.13,281.18,281.13,281.18,0.02,113.47,32760.09,1
2024-01-02,2024-01-02 11:24:00,281.18,281.23,281.18,281.23,0.02,113.47,32760.09,1
2024-01-02,2024-01-02 11:25:00,281.23,281.27,281.23,281.27,0.01,113.47,32760.09,1
2024-01-02,2024-01-02 11:26:00,281.27,281.31,281.27,281.31,0.01,113.47,32760.09,1
2024-01-02,2024-01-02 11:27:00,281.31,281.36,281.31,281.36,0.02,113.47,32760.09,1
2024-01-02,2024-01-02 11:28:00,281.36,281.41,281.36,281.41,0.02,113.47,32760.09,1
2024-01-02,2024-01-02 11:29:00,281.41,281.45,281.41,281.45,0.01,113.47,32760.09,1
2024-01-02,2024-01-02 11:30:00,281.45,281.5,281.45,281.5,0.02,113.47,32760.09,1
2024-01-02,2024-01-02 11:31:00,281.5,281.54,281.5,281.54,0.01,113.47,32760.09,1
2024-01-02,2024-01-02 11:32:00,281.54,281.59,281.54,281.59,0.02,113.47,32760.09,1
2024-01-02,2024-01-02 11:33:00,281.59,281.63,281.59,281.63,0.01,113.47,32760.09,1
2024-01-02,2024-01-02 11:34:00,281.63,281.68,281.63,281.68,0.02,113.47,32760.09,1
2024-01-02,2024-01-02 11:35:00,281.68,281.72,281.68,281.72,0.01,113.47,32760.09,1
2024-01-02,2024-01-02 11:36:00,281.72,281.77,281.72,281.77,0.02,113.47,32760.09,1
2024-01-02,2024-01-02 11:37:00,281.77,281.81,281.77,281.81,0.01,113.47,32760.09,1
2024-01-02,2024-01-02 11:38:00,281.81,281.86,281.81,281.86,0.02,113.47,32760.09,1
2024-01-02,2024-01-02 11:39:00,281.86,281.9,281.86,281.9,0.01,113.47,32760.09,1
2024-01-02,2024-01-02 11:40:00,281.9,281.94,281.9,281.94,0.01,113.47,32760.09,1
2024-01-02,2024-01-02 11:41:00,281.94,281.99,281.94,281.99,0.02,113.47,32760.09,1
2024-01-02,2024-01-02 11:42:00,281.99,282.04,281.99,282.04,0.02,113.47,32760.09,1
2024-01-02,2024-01-02 11:43:00,282.04,282.08,282.04,282.08,0.01,113.47,32760.09,1
2024-01-02,2024-01-02 11:44:00,282.08,282.12,282.08,282.12,0.01,113.47,32760.09,1
2024-01-02,2024-01-02 11:45:00,282.12,282.17,282.12,282.17,0.02,113.47,32760.09,1
2024-01-02,2024-01-02 11:46:00,282.17,282.22,282.17,282.22,0.02,113.47,32760.09,1
2024-01-02,2024-01-02 11:47:00,282.22,282.26,282.22,282.26,0.01,113.47,32760.09,1
2024-01-02,2024-01-02 11:48:00,282.26,282.31,282.26,282.31,0.02,113.47,32760.09,1
2024-01-02,2024-01-02 11:49:00,282.31,282.35,282.31,282.35,0.01,113.47,32760.09,1
2024-01-02,2024-01-02 11:50:00,282.35,282.4,282.35,282.4,0.02,113.47,32760.09,1
2024-01-02,2024-01-02 11:51:00,282.4,282.44,282.4,282.44,0.01,113.47,32760.09,1
2024-01-02,2024-01-02 11:52:00,282.44,282.49,282.44,282.49,0.02,113.47,32760.09,1
2024-01-02,2024-01-02 11:53:00,282.49,282.53,282.49,282.53,0.01,113.47,32760.09,1
2024-01-02,2024-01-02 11:54:00,282.53,282.57,282.53,282.57,0.01,113.47,32760.09,1
2024-01-02,2024-01-02 11:55:00,282.57,282.62,282.57,282.62,0.02,113.47,32760.09,1
2024-01-02,2024-01-02 11:56:00,282.62,282.67,282.62,282.67,0.02,113.47,32760.09,1
2024-01-02,2024-01-02 11:57:00,282.67,282.71,282.67,282.71,0.01,113.47,32760.09,1
2024-01-02,2024-01-02 11:58:00,282.71,282.75,282.71,282.75,0.01,113.47,32760.09,1
2024-01-02,2024-01-02 11:59:00,282.75,282.8,282.75,282.8,0.02,113.47,32760.09,1
2024-01-02,2024-01-02 12:00:00,282.8,282.85,282.8,282.85,0.02,113.47,32760.09,1
2024-01-02,2024-01-02 12:01:00,282.85,282.89,282.85,282.89,0.01,113.47,32760.09,1
2024-01-02,2024-01-02 12:02:00,282.89,282.94,282.89,282.94,0.02,113.47,32760.09,1
2024-01-02,2024-01-02 12:03:00,282.94,282.98,282.94,282.98,0.01,113.47,32760.09,1
2024-01-02,2024-01-02 12:04:00,282.98,283.03,282.98,283.03,0.02,113.47,32760.09,1
2024-01-02,2024-01-02 12:05:00,283.03,283.07,283.03,283.07,0.01,113.47,32760.09,1
2024-01-02,2024-01-02 12:06:00,283.07,283.12,283.07,283.12,0.02,113.47,32760.09,1
2024-01-02,2024-01-02 12:07:00,283.12,283.16,283.12,283.16,0.01,113.47,32760.09,1
2024-01-02,2024-01-02 12:08:00,283.16,283.2,283.16,283.2,0.01,113.47,32760.09,1
2024-01-02,2024-01-02 12:09:00,283.2,283.25,283.2,283.25,0.02,113.47,32760.09,1
2024-01-02,2024-01-02 12:10:00,283.25,283.3,283.25,283.3,0.02,113.47,32760.09,1
2024-01-02,2024-01-02 12:11:00,283.3,283.34,283.3,283.34,0.01,113.47,32760.09,1
2024-01-02,2024-01-02 12:12:00,283.34,283.38,283.34,283.38,0.01,113.47,32760.09,1
2024-01-02,2024-01-02 12:13:00,283.38,283.43,283.38,283.43,0.02,113.47,32760.09,1
2024-01-02,2024-01-02 12:14:00,283.43,283.48,283.43,283.48,0.02,113.47,32760.09,1
2024-01-02,2024-01-02 12:15:00,283.48,283.52,283.48,283.52,0.01,113.47,32760.09,1
2024-01-02,2024-01-02 12:16:00,283.52,283.56,283.52,283.56,0.01,113.47,32760.09,1
2024-01-02,2024-01-02 12:17:00,283.56,283.61,283.56,283.61,0.02,113.47,32760.09,1
2024-01-02,2024-01-02 12:18:00,283.61,283.66,283.61,283.66,0.02,113.47,32760.09,1
2024-01-02,2024-01-02 12:19:00,283.66,283.7,283.66,283.7,0.01,113.47,32760.09,1
2024-01-02,2024-01-02 12:20:00,283.7,283.75,283.7,283.75,0.02,113.47,32760.09,1
2024-01-02,2024-01-02 12:21:00,283.75,283.79,283.75,283.79,0.01,113.47,32760.09,1
2024-01-02,2024-01-02 12:22:00,283.79,283.83,283.79,283.83,0.01,113.47,32760.09,1
2024-01-02,2024-01-02 12:23:00,283.83,283.88,283.83,283.88,0.02,113.47,32760.09,1
2024-01-02,2024-01-02 12:24:00,283.88,283.93,283.88,283.93,0.02,113.47,32760.09,1
2024-01-02,2024-01-02 12:25:00,283.93,283.97,283.93,283.97,0.01,113.47,32760.09,1
2024-01-02,2024-01-02 12:26:00,283.97,284.01,283.97,284.01,0.01,113.47,32760.09,1
2024-01-02,2024-01-02 12:27:00,284.01,284.06,284.01,284.06,0.02,113.47,32760.09,1
2024-01-02,2024-01-02 12:28:00,284.06,284.11,284.06,284.11,0.02,113.47,32760.09,1
2024-01-02,2024-01-02 12:29:00,284.11,284.15,284.11,284.15,0.01,113.47,32760.09,1
2024-01-02,2024-01-02 12:30:00,284.15,284.19,284.15,284.19,0.01,113.47,32760.09,1
2024-01-02,2024-01-02 12:31:00,284.19,284.24,284.19,284.24,0.02,113.47,32760.09,1
2024-01-02,2024-01-02 12:32:00,284.24,284.29,284.24,284.29,0.02,113.47,32760.09,1
2024-01-02,2024-01-02 12:33:00,284.29,284.33,284.29,284.33,0.01,113.47,32760.09,1
2024-01-02,2024-01-02 12:34:00,284.33,284.38,284.33,284.38,0.02,113.47,32760.09,1
2024-01-02,2024-01-02 12:35:00,284.38,284.42,284.38,284.42,0.01,113.47,32760.09,1
2024-01-02,2024-01-02 12:36:00,284.42,284.47,284.42,284.47,0.02,113.47,32760.09,1
2024-01-02,2024-01-02 12:37:00,284.47,284.51,284.47,284.51,0.01,113.47,32760.09,1
2024-01-02,2024-01-02 12:38:00,284.51,284.56,284.51,284.56,0.02,113.47,32760.09,1
2024-01-02,2024-01-02 12:39:00,284.56,284.6,284.56,284.6,0.01,113.47,32760.09,1
2024-01-02,2024-01-02 12:40:00,284.6,284.64,284.6,284.64,0.01,113.47,32760.09,1
2024-01-02,2024-01-02 12:41:00,284.64,284.69,284.64,284.69,0.02,113.47,32760.09,1
2024-01-02,2024-01-02 12:42:00,284.69,284.74,284.69,284.74,0.02,113.47,32760.09,1
2024-01-02,2024-01-02 12:43:00,284.74,284.78,284.74,284.78,0.01,113.47,32760.09,1
2024-01-02,2024-01-02 12:44:00,284.78,284.82,284.78,284.82,0.01,113.47,32760.09,1
2024-01-02,2024-01-02 12:45:00,284.82,284.87,284.82,284.87,0.02,113.47,32760.09,1
2024-01-02,2024-01-02 12:46:00,284.87,284.92,284.87,284.92,0.02,113.47,32760.09,1
2024-01-02,2024-01-02 12:47:00,284.92,284.96,284.92,284.96,0.01,113.47,32760.09,1
2024-01-02,2024-01-02 12:48:00,284.96,285.0,284.96,285.0,0.01,113.47,32760.09,1
2024-01-02,2024-01-02 12:49:00,285.0,285.05,285.0,285.05,0.02,113.47,32760.09,1
2024-01-02,2024-01-02 12:50:00,285.05,285.1,285.05,285.1,0.02,113.47,32760.09,1
2024-01-02,2024-01-02 12:51:00,285.1,285.14,285.1,285.14,0.01,113.47,32760.09,1
2024-01-02,2024-01-02 12:52:00,285.14,285.19,285.14,285.19,0.02,113.47,32760.09,1
2024-01-02,2024-01-02 12:53:00,285.19,285.23,285.19,285.23,0.01,113.47,32760.09,1
2024-01-02,2024-01-02 12:54:00,285.23,285.27,285.23,285.27,0.01,113.47,32760.09,1
2024-01-02,2024-01-02 12:55:00,285.27,285.32,285.27,285.32,0.02,113.47,32760.09,1
2024-01-02,2024-01-02 12:56:00,285.32,285.37,285.32,285.37,0.02,113.47,32760.09,1
2024-01-02,2024-01-02 12:57:00,285.37,285.41,285.37,285.41,0.01,113.47,32760.09,1
2024-01-02,2024-01-02 12:58:00,285.41,285.45,285.41,285.45,0.01,113.47,32760.09,1
2024-01-02,2024-01-02 12:59:00,285.45,285.5,285.45,285.5,0.02,113.47,32760.09,1
2024-01-02,2024-01-02 13:00:00,285.5,300.0,280.1,285.55,0.02,113.47,32760.09,1
2024-01-02,2024-01-02 13:01:00,285.55,285.59,285.55,285.59,0.01,113.47,32760.09,1
2024-01-02,2024-01-02 13:02:00,285.59,285.63,285.59,285.63,0.01,113.47,32760.09,1
2024-01-02,2024-01-02 13:03:00,285.63,285.68,285.63,285.68,0.02,113.47,32760.09,1
2024-01-02,2024-01-02 13:04:00,285.68,285.73,285.68,285.73,0.02,113.47,32760.09,1
2024-01-02,2024-01-02 13:05:00,285.73,285.77,285.73,285.77,0.01,113.47,32760.09,1
2024-01-02,2024-01-02 13:06:00,285.77,285.81,285.77,285.81,0.01,113.47,32760.09,1
2024-01-02,2024-01-02 13:07:00,285.81,285.86,285.81,285.86,0.02,113.47,32760.09,1
2024-01-02,2024-01-02 13:08:00,285.86,285.9,285.86,285.9,0.01,113.47,32760.09,1
2024-01-02,2024-01-02 13:09:00,285.9,285.95,285.9,285.95,0.02,113.47,32760.09,1
2024-01-02,2024-01-02 13:10:00,285.95,286.0,285.95,286.0,0.02,113.47,32760.09,1
2024-01-02,2024-01-02 13:11:00,286.0,286.04,286.0,286.04,0.01,113.47,32760.09,1
2024-01-02,2024-01-02 13:12:00,286.04,286.08,286.04,286.08,0.01,113.47,32760.09,1
2024-01-02,2024-01-02 13:13:00,286.08,286.13,286.08,286.13,0.02,113.47,32760.09,1
2024-01-02,2024-01-02 13:14:00,286.13,286.18,286.13,286.18,0.02,113.47,32760.09,1
2024-01-02,2024-01-02 13:15:00,286.18,286.22,286.18,286.22,0.01,113.47,32760.09,1
2024-01-02,2024-01-02 13:16:00,286.22,286.26,286.22,286.26,0.01,113.47,32760.09,1
2024-01-02,2024-01-02 13:17:00,286.26,286.31,286.26,286.31,0.02,113.47,32760.09,1
2024-01-02,2024-01-02 13:18:00,286.31,286.36,286.31,286.36,0.02,113.47,32760.09,1
2024-01-02,2024-01-02 13:19:00,286.36,286.4,286.36,286.4,0.01,113.47,32760.09,1
2024-01-02,2024-01-02 13:20:00,286.4,286.44,286.4,286.44,0.01,113.47,32760.09,1
2024-01-02,2024-01-02 13:21:00,286.44,286.49,286.44,286.49,0.02,113.47,32760.09,1
2024-01-02,2024-01-02 13:22:00,286.49,286.53,286.49,286.53,0.01,113.47,32760.09,1
2024-01-02,2024-01-02 13:23:00,286.53,286.58,286.53,286.58,0.02,113.47,32760.09,1
2024-01-02,2024-01-02 13:24:00,286.58,286.62,286.58,286.62,0.01,113.47,32760.09,1
2024-01-02,2024-01-02 13:25:00,286.62,286.67,286.62,286.67,0.02,113.47,32760.09,1
2024-01-02,2024-01-02 13:26:00,286.67,286.71,286.67,286.71,0.01,113.47,32760.09,1
2024-01-02,2024-01-02 13:27:00,286.71,286.76,286.71,286.76,0.02,113.47,32760.09,1
2024-01-02,2024-01-02 13:28:00,286.76,286.81,286.76,286.81,0.02,113.47,32760.09,1
2024-01-02,2024-01-02 13:29:00,286.81,286.85,286.81,286.85,0.01,113.47,32760.09,1
2024-01-02,2024-01-02 13:30:00,286.85,286.89,286.85,286.89,0.01,113.47,32760.09,1
2024-01-02,2024-01-02 13:31:00,286.89,286.94,286.89,286.94,0.02,113.47,32760.09,1
2024-01-02,2024-01-02 13:32:00,286.94,286.99,286.94,286.99,0.02,113.47,32760.09,1
2024-01-02,2024-01-02 13:33:00,286.99,287.03,286.99,287.03,0.01,113.47,32760.09,1
2024-01-02,2024-01-02 13:34:00,287.03,287.07,287.03,287.07,0.01,113.47,32760.09,1
2024-01-02,2024-01-02 13:35:00,287.07,287.12,287.07,287.12,0.02,113.47,32760.09,1
2024-01-02,2024-01-02 13:36:00,287.12,287.17,287.12,287.17,0.02,113.47,32760.09,1
2024-01-02,2024-01-02 13:37:00,287.17,287.21,287.17,287.21,0.01,113.47,32760.09,1
2024-01-02,2024-01-02 13:38:00,287.21,287.25,287.21,287.25,0.01,113.47,32760.09,1
2024-01-02,2024-01-02 13:39:00,287.25,287.3,287.25,287.3,0.02,113.47,32760.09,1
2024-01-02,2024-01-02 13:40:00,287.3,287.34,287.3,287.34,0.01,113.47,32760.09,1
2024-01-02,2024-01-02 13:41:00,287.34,287.39,287.34,287.39,0.02,113.47,32760.09,1
2024-01-02,2024-01-02 13:42:00,287.39,287.44,287.39,287.44,0.02,113.47,32760.09,1
2024-01-02,2024-01-02 13:43:00,287.44,287.48,287.44,287.48,0.01,113.47,32760.09,1
2024-01-02,2024-01-02 13:44:00,287.48,287.52,287.48,287.52,0.01,113.47,32760.09,1
2024-01-02,2024-01-02 13:45:00,287.52,287.57,287.52,287.57,0.02,113.47,32760.09,1
2024-01-02,2024-01-02 13:46:00,287.57,287.62,287.57,287.62,0.02,113.47,32760.09,1
2024-01-02,2024-01-02 13:47:00,287.62,287.66,287.62,287.66,0.01,113.47,32760.09,1
2024-01-02,2024-01-02 13:48:00,287.66,287.7,287.66,287.7,0.01,113.47,32760.09,1
2024-01-02,2024-01-02 13:49:00,287.7,287.75,287.7,287.75,0.02,113.47,32760.09,1
2024-01-02,2024-01-02 13:50:00,287.75,287.8,287.75,287.8,0.02,113.47,32760.09,1
2024-01-02,2024-01-02 13:51:00,287.8,287.84,287.8,287.84,0.01,113.47,32760.09,1
2024-01-02,2024-01-02 13:52:00,287.84,287.88,287.84,287.88,0.01,113.47,32760.09,1
2024-01-02,2024-01-02 13:53:00,287.88,287.93,287.88,287.93,0.02,113.47,32760.09,1
2024-01-02,2024-01-02 13:54:00,287.93,287.97,287.93,287.97,0.01,113.47,32760.09,1
2024-01-02,2024-01-02 13:55:00,287.97,288.02,287.97,288.02,0.02,113.47,32760.09,1
2024-01-02,2024-01-02 13:56:00,288.02,288.06,288.02,288.06,0.01,113.47,32760.09,1
2024-01-02,2024-01-02 13:57:00,288.06,288.11,288.06,288.11,0.02,113.47,32760.09,1
2024-01-02,2024-01-02 13:58:00,288.11,288.15,288.11,288.15,0.01,113.47,32760.09,1
2024-01-02,2024-01-02 13:59:00,288.15,288.2,288.15,288.2,0.02,113.47,32760.09,1
2024-01-02,2024-01-02 14:00:00,288.2,288.25,288.2,288.25,0.02,113.47,32760.09,1
2024-01-02,2024-01-02 14:01:00,288.25,288.29,288.25,288.29,0.01,113.47,32760.09,1
2024-01-02,2024-01-02 14:02:00,288.29,288.33,288.29,288.33,0.01,113.47,32760.09,1
2024-01-02,2024-01-02 14:03:00,288.33,288.38,288.33,288.38,0.02,113.47,32760.09,1
2024-01-02,2024-01-02 14:04:00,288.38,288.43,288.38,288.43,0.02,113.47,32760.09,1
2024-01-02,2024-01-02 14:05:00,288.43,288.47,288.43,288.47,0.01,113.47,32760.09,1
2024-01-02,2024-01-02 14:06:00,288.47,288.51,288.47,288.51,0.01,113.47,32760.09,1
2024-01-02,2024-01-02 14:07:00,288.51,288.56,288.51,288.56,0.02,113.47,32760.09,1
2024-01-02,2024-01-02 14:08:00,288.56,288.6,288.56,288.6,0.01,113.47,32760.09,1
2024-01-02,2024-01-02 14:09:00,288.6,288.65,288.6,288.65,0.02,113.47,32760.09,1
2024-01-02,2024-01-02 14:10:00,288.65,288.69,288.65,288.69,0.01,113.47,32760.09,1
2024-01-02,2024-01-02 14:11:00,288.69,288.74,288.69,288.74,0.02,113.47,32760.09,1
2024-01-02,2024-01-02 14:12:00,288.74,288.78,288.74,288.78,0.01,113.47,32760.09,1
2024-01-02,2024-01-02 14:13:00,288.78,288.83,288.78,288.83,0.02,113.47,32760.09,1
2024-01-02,2024-01-02 14:14:00,288.83,288.88,288.83,288.88,0.02,113.47,32760.09,1
2024-01-02,2024-01-02 14:15:00,288.88,288.92,288.88,288.92,0.01,113.47,32760.09,1
2024-01-02,2024-01-02 14:16:00,288.92,288.96,288.92,288.96,0.01,113.47,32760.09,1
2024-01-02,2024-01-02 14:17:00,288.96,289.01,288.96,289.01,0.02,113.47,32760.09,1
2024-01-02,2024-01-02 14:18:00,289.01,289.06,289.01,289.06,0.02,113.47,32760.09,1
2024-01-02,2024-01-02 14:19:00,289.06,289.1,289.06,289.1,0.01,113.47,32760.09,1
2024-01-02,2024-01-02 14:20:00,289.1,289.14,289.1,289.14,0.01,113.47,32760.09,1
2024-01-02,2024-01-02 14:21:00,289.14,289.19,289.14,289.19,0.02,113.47,32760.09,1
2024-01-02,2024-01-02 14:22:00,289.19,289.23,289.19,289.23,0.01,113.47,32760.09,1
2024-01-02,2024-01-02 14:23:00,289.23,289.28,289.23,289.28,0.02,113.47,32760.09,1
2024-01-02,2024-01-02 14:24:00,289.28,289.32,289.28,289.32,0.01,113.47,32760.09,1
2024-01-02,2024-01-02 14:25:00,289.32,289.37,289.32,289.37,0.02,113.47,32760.09,1
2024-01-02,2024-01-02 14:26:00,289.37,289.41,289.37,289.41,0.01,113.47,32760.09,1
2024-01-02,2024-01-02 14:27:00,289.41,289.46,289.41,289.46,0.02,113.47,32760.09,1
2024-01-02,2024-01-02 14:28:00,289.46,289.5,289.46,289.5,0.01,113.47,32760.09,1
2024-01-02,2024-01-02 14:29:00,289.5,289.55,289.5,289.55,0.02,113.47,32760.09,1
2024-01-02,2024-01-02 14:30:00,289.55,289.59,289.55,289.59,0.01,113.47,32760.09,1
2024-01-02,2024-01-02 14:31:00,289.59,289.64,289.59,289.64,0.02,113.47,32760.09,1
2024-01-02,2024-01-02 14:32:00,289.64,289.69,289.64,289.69,0.02,113.47,32760.09,1
2024-01-02,2024-01-02 14:33:00,289.69,289.73,289.69,289.73,0.01,113.47,32760.09,1
2024-01-02,2024-01-02 14:34:00,289.73,289.77,289.73,289.77,0.01,113.47,32760.09,1
2024-01-02,2024-01-02 14:35:00,289.77,289.82,289.77,289.82,0.02,113.47,32760.09,1
2024-01-02,2024-01-02 14:36:00,289.82,289.87,289.82,289.87,0.02,113.47,32760.09,1
2024-01-02,2024-01-02 14:37:00,289.87,289.91,289.87,289.91,0.01,113.47,32760.09,1
2024-01-02,2024-01-02 14:38:00,289.91,289.95,289.91,289.95,0.01,113.47,32760.09,1
2024-01-02,2024-01-02 14:39:00,289.95,290.0,289.95,290.0,0.02,113.47,32760.09,1
2024-01-02,2024-01-02 14:40:00,290.0,290.04,290.0,290.04,0.01,113.47,32760.09,1
2024-01-02,2024-01-02 14:41:00,290.04,290.09,290.04,290.09,0.02,113.47,32760.09,1
2024-01-02,2024-01-02 14:42:00,290.09,290.13,290.09,290.13,0.01,113.47,32760.09,1
2024-01-02,2024-01-02 14:43:00,290.13,290.18,290.13,290.18,0.02,113.47,32760.09,1
2024-01-02,2024-01-02 14:44:00,290.18,290.22,290.18,290.22,0.01,113.47,32760.09,1
2024-01-02,2024-01-02 14:45:00,290.22,290.27,290.22,290.27,0.02,113.47,32760.09,1
2024-01-02,2024-01-02 14:46:00,290.27,290.31,290.27,290.31,0.01,113.47,32760.09,1
2024-01-02,2024-01-02 14:47:00,290.31,290.36,290.31,290.36,0.02,113.47,32760.09,1
2024-01-02,2024-01-02 14:48:00,290.36,290.4,290.36,290.4,0.01,113.47,32760.09,1
2024-01-02,2024-01-02 14:49:00,290.4,290.45,290.4,290.45,0.02,113.47,32760.09,1
2024-01-02,2024-01-02 14:50:00,290.45,290.5,290.45,290.5,0.02,113.47,32760.09,1
2024-01-02,2024-01-02 14:51:00,290.5,290.54,290.5,290.54,0.01,113.47,32760.09,1
2024-01-02,2024-01-02 14:52:00,290.54,290.58,290.54,290.58,0.01,113.47,32760.09,1
2024-01-02,2024-01-02 14:53:00,290.58,290.63,290.58,290.63,0.02,113.47,32760.09,1
2024-01-02,2024-01-02 14:54:00,290.63,290.67,290.63,290.67,0.01,113.47,32760.09,1
2024-01-02,2024-01-02 14:55:00,290.67,290.72,290.67,290.72,0.02,113.47,32760.09,1
2024-01-02,2024-01-02 14:56:00,290.72,290.76,290.72,290.76,0.01,113.47,32760.09,1
2024-01-02,2024-01-02 14:57:00,290.76,290.81,290.76,290.81,0.02,113.47,32760.09,1
2024-01-02,2024-01-02 14:58:00,290.81,290.85,290.81,290.85,0.01,113.47,32760.09,1
2024-01-02,2024-01-02 14:59:00,290.85,290.9,290.85,290.9,0.02,113.47,32760.09,1
2024-01-02,2024-01-02 15:00:00,290.9,300.0,280.1,290.9,0.0,113.47,32760.09,0
2024-01-03,2024-01-03 11:00:00,286.0,296.17,286.0,286.13,0.05,208.11,62910.13,1
2024-01-03,2024-01-03 11:01:00,286.13,286.27,286.13,286.27,0.05,208.11,62910.13,1
2024-01-03,2024-01-03 11:02:00,286.27,286.4,286.27,286.4,0.05,208.11,62910.13,1
2024-01-03,2024-01-03 11:03:00,286.4,286.53,286.4,286.53,0.05,208.11,62910.13,1
2024-01-03,2024-01-03 11:04:00,286.53,286.67,286.53,286.67,0.05,208.11,62910.13,1
2024-01-03,2024-01-03 11:05:00,286.67,286.8,286.67,286.8,0.05,208.11,62910.13,1
2024-01-03,2024-01-03 11:06:00,286.8,286.93,286.8,286.93,0.05,208.11,62910.13,1
2024-01-03,2024-01-03 11:07:00,286.93,287.07,286.93,287.07,0.05,208.11,62910.13,1
2024-01-03,2024-01-03 11:08:00,287.07,287.2,287.07,287.2,0.05,208.11,62910.13,1
2024-01-03,2024-01-03 11:09:00,287.2,287.33,287.2,287.33,0.05,208.11,62910.13,1
2024-01-03,2024-01-03 11:10:00,287.33,287.47,287.33,287.47,0.05,208.11,62910.13,1
2024-01-03,2024-01-03 11:11:00,287.47,287.6,287.47,287.6,0.05,208.11,62910.13,1
2024-01-03,2024-01-03 11:12:00,287.6,287.73,287.6,287.73,0.05,208.11,62910.13,1
2024-01-03,2024-01-03 11:13:00,287.73,287.87,287.73,287.87,0.05,208.11,62910.13,1
2024-01-03,2024-01-03 11:14:00,287.87,288.0,287.87,288.0,0.05,208.11,62910.13,1
2024-01-03,2024-01-03 11:15:00,288.0,288.13,288.0,288.13,0.05,208.11,62910.13,1
2024-01-03,2024-01-03 11:16:00,288.13,288.27,288.13,288.27,0.05,208.11,62910.13,1
2024-01-03,2024-01-03 11:17:00,288.27,288.4,288.27,288.4,0.05,208.11,62910.13,1
2024-01-03,2024-01-03 11:18:00,288.4,288.53,288.4,288.53,0.05,208.11,62910.13,1
2024-01-03,2024-01-03 11:19:00,288.53,288.67,288.53,288.67,0.05,208.11,62910.13,1
2024-01-03,2024-01-03 11:20:00,288.67,288.8,288.67,288.8,0.05,208.11,62910.13,1
2024-01-03,2024-01-03 11:21:00,288.8,288.93,288.8,288.93,0.05,208.11,62910.13,1
2024-01-03,2024-01-03 11:22:00,288.93,289.07,288.93,289.07,0.05,208.11,62910.13,1
2024-01-03,2024-01-03 11:23:00,289.07,289.2,289.07,289.2,0.04,208.11,62910.13,1
2024-01-03,2024-01-03 11:24:00,289.2,289.33,289.2,289.33,0.04,208.11,62910.13,1
2024-01-03,2024-01-03 11:25:00,289.33,289.47,289.33,289.47,0.05,208.11,62910.13,1
2024-01-03,2024-01-03 11:26:00,289.47,289.6,289.47,289.6,0.04,208.11,62910.13,1
2024-01-03,2024-01-03 11:27:00,289.6,289.73,289.6,289.73,0.04,208.11,62910.13,1
2024-01-03,2024-01-03 11:28:00,289.73,289.87,289.73,289.87,0.05,208.11,62910.13,1
2024-01-03,2024-01-03 11:29:00,289.87,290.0,289.87,290.0,0.04,208.11,62910.13,1
2024-01-03,2024-01-03 11:30:00,290.0,290.13,290.0,290.13,0.04,208.11,62910.13,1
2024-01-03,2024-01-03 11:31:00,290.13,290.27,290.13,290.27,0.05,208.11,62910.13,1
2024-01-03,2024-01-03 11:32:00,290.27,290.4,290.27,290.4,0.04,208.11,62910.13,1
2024-01-03,2024-01-03 11:33:00,290.4,290.53,290.4,290.53,0.04,208.11,62910.13,1
2024-01-03,2024-01-03 11:34:00,290.53,290.67,290.53,290.67,0.05,208.11,62910.13,1
2024-01-03,2024-01-03 11:35:00,290.67,290.8,290.67,290.8,0.04,208.11,62910.13,1
2024-01-03,2024-01-03 11:36:00,290.8,290.93,290.8,290.93,0.04,208.11,62910.13,1
2024-01-03,2024-01-03 11:37:00,290.93,291.07,290.93,291.07,0.05,208.11,62910.13,1
2024-01-03,2024-01-03 11:38:00,291.07,291.2,291.07,291.2,0.04,208.11,62910.13,1
2024-01-03,2024-01-03 11:39:00,291.2,291.33,291.2,291.33,0.04,208.11,62910.13,1
2024-01-03,2024-01-03 11:40:00,291.33,291.47,291.33,291.47,0.05,208.11,62910.13,1
2024-01-03,2024-01-03 11:41:00,291.47,291.6,291.47,291.6,0.04,208.11,62910.13,1
2024-01-03,2024-01-03 11:42:00,291.6,291.73,291.6,291.73,0.04,208.11,62910.13,1
2024-01-03,2024-01-03 11:43:00,291.73,291.87,291.73,291.87,0.05,208.11,62910.13,1
2024-01-03,2024-01-03 11:44:00,291.87,292.0,291.87,292.0,0.04,208.11,62910.13,1
2024-01-03,2024-01-03 11:45:00,292.0,292.13,292.0,292.13,0.04,208.11,62910.13,1
2024-01-03,2024-01-03 11:46:00,292.13,292.27,292.13,292.27,0.05,208.11,62910.13,1
2024-01-03,2024-01-03 11:47:00,292.27,292.4,292.27,292.4,0.04,208.11,62910.13,1
2024-01-03,2024-01-03 11:48:00,292.4,292.53,292.4,292.53,0.04,208.11,62910.13,1
2024-01-03,2024-01-03 11:49:00,292.53,292.67,292.53,292.67,0.05,208.11,62910.13,1
2024-01-03,2024-01-03 11:50:00,292.67,292.8,292.67,292.8,0.04,208.11,62910.13,1
2024-01-03,2024-01-03 11:51:00,292.8,292.93,292.8,292.93,0.04,208.11,62910.13,1
2024-01-03,2024-01-03 11:52:00,292.93,293.07,292.93,293.07,0.05,208.11,62910.13,1
2024-01-03,2024-01-03 11:53:00,293.07,293.2,293.07,293.2,0.04,208.11,62910.13,1
2024-01-03,2024-01-03 11:54:00,293.2,293.33,293.2,293.33,0.04,208.11,62910.13,1
2024-01-03,2024-01-03 11:55:00,293.33,293.47,293.33,293.47,0.05,208.11,62910.13,1
2024-01-03,2024-01-03 11:56:00,293.47,293.6,293.47,293.6,0.04,208.11,62910.13,1
2024-01-03,2024-01-03 11:57:00,293.6,293.73,293.6,293.73,0.04,208.11,62910.13,1
2024-01-03,2024-01-03 11:58:00,293.73,293.87,293.73,293.87,0.05,208.11,62910.13,1
2024-01-03,2024-01-03 11:59:00,293.87,294.0,293.87,294.0,0.04,208.11,62910.13,1
2024-01-03,2024-01-03 12:00:00,294.0,294.13,294.0,294.13,0.04,208.11,62910.13,1
2024-01-03,2024-01-03 12:01:00,294.13,294.27,294.13,294.27,0.05,208.11,62910.13,1
2024-01-03,2024-01-03 12:02:00,294.27,294.4,294.27,294.4,0.04,208.11,62910.13,1
2024-01-03,2024-01-03 12:03:00,294.4,294.53,294.4,294.53,0.04,208.11,62910.13,1
2024-01-03,2024-01-03 12:04:00,294.53,294.67,294.53,294.67,0.05,208.11,62910.13,1
2024-01-03,2024-01-03 12:05:00,294.67,294.8,294.67,294.8,0.04,208.11,62910.13,1
2024-01-03,2024-01-03 12:06:00,294.8,294.93,294.8,294.93,0.04,208.11,62910.13,1
2024-01-03,2024-01-03 12:07:00,294.93,295.07,294.93,295.07,0.05,208.11,62910.13,1
2024-01-03,2024-01-03 12:08:00,295.07,295.2,295.07,295.2,0.04,208.11,62910.13,1
2024-01-03,2024-01-03 12:09:00,295.2,295.33,295.2,295.33,0.04,208.11,62910.13,1
2024-01-03,2024-01-03 12:10:00,295.33,295.47,295.33,295.47,0.05,208.11,62910.13,1
2024-01-03,2024-01-03 12:11:00,295.47,295.6,295.47,295.6,0.04,208.11,62910.13,1
2024-01-03,2024-01-03 12:12:00,295.6,295.73,295.6,295.73,0.04,208.11,62910.13,1
2024-01-03,2024-01-03 12:13:00,295.73,295.87,295.73,295.87,0.05,208.11,62910.13,1
2024-01-03,2024-01-03 12:14:00,295.87,296.0,295.87,296.0,0.04,208.11,62910.13,1
2024-01-03,2024-01-03 12:15:00,296.0,296.13,296.0,296.13,0.04,208.11,62910.13,1
2024-01-03,2024-01-03 12:16:00,296.13,296.27,296.13,296.27,0.05,208.11,62910.13,1
2024-01-03,2024-01-03 12:17:00,296.27,296.4,296.27,296.4,0.04,208.11,62910.13,1
2024-01-03,2024-01-03 12:18:00,296.4,296.53,296.4,296.53,0.04,208.11,62910.13,1
2024-01-03,2024-01-03 12:19:00,296.53,296.67,296.53,296.67,0.05,208.11,62910.13,1
2024-01-03,2024-01-03 12:20:00,296.67,296.8,296.67,296.8,0.04,208.11,62910.13,1
2024-01-03,2024-01-03 12:21:00,296.8,296.93,296.8,296.93,0.04,208.11,62910.13,1
2024-01-03,2024-01-03 12:22:00,296.93,297.07,296.93,297.07,0.05,208.11,62910.13,1
2024-01-03,2024-01-03 12:23:00,297.07,297.2,297.07,297.2,0.04,208.11,62910.13,1
2024-01-03,2024-01-03 12:24:00,297.2,297.33,297.2,297.33,0.04,208.11,62910.13,1
2024-01-03,2024-01-03 12:25:00,297.33,297.47,297.33,297.47,0.05,208.11,62910.13,1
2024-01-03,2024-01-03 12:26:00,297.47,297.6,297.47,297.6,0.04,208.11,62910.13,1
2024-01-03,2024-01-03 12:27:00,297.6,297.73,297.6,297.73,0.04,208.11,62910.13,1
2024-01-03,2024-01-03 12:28:00,297.73,297.87,297.73,297.87,0.05,208.11,62910.13,1
2024-01-03,2024-01-03 12:29:00,297.87,298.0,297.87,298.0,0.04,208.11,62910.13,1
2024-01-03,2024-01-03 12:30:00,298.0,298.13,298.0,298.13,0.04,208.11,62910.13,1
2024-01-03,2024-01-03 12:31:00,298.13,298.27,298.13,298.27,0.05,208.11,62910.13,1
2024-01-03,2024-01-03 12:32:00,298.27,298.4,298.27,298.4,0.04,208.11,62910.13,1
2024-01-03,2024-01-03 12:33:00,298.4,298.53,298.4,298.53,0.04,208.11,62910.13,1
2024-01-03,2024-01-03 12:34:00,298.53,298.67,298.53,298.67,0.05,208.11,62910.13,1
2024-01-03,2024-01-03 12:35:00,298.67,298.8,298.67,298.8,0.04,208.11,62910.13,1
2024-01-03,2024-01-03 12:36:00,298.8,298.93,298.8,298.93,0.04,208.11,62910.13,1
2024-01-03,2024-01-03 12:37:00,298.93,299.07,298.93,299.07,0.05,208.11,62910.13,1
2024-01-03,2024-01-03 12:38:00,299.07,299.2,299.07,299.2,0.04,208.11,62910.13,1
2024-01-03,2024-01-03 12:39:00,299.2,299.33,299.2,299.33,0.04,208.11,62910.13,1
2024-01-03,2024-01-03 12:40:00,299.33,299.47,299.33,299.47,0.05,208.11,62910.13,1
2024-01-03,2024-01-03 12:41:00,299.47,299.6,299.47,299.6,0.04,208.11,62910.13,1
2024-01-03,2024-01-03 12:42:00,299.6,299.73,299.6,299.73,0.04,208.11,62910.13,1
2024-01-03,2024-01-03 12:43:00,299.73,299.87,299.73,299.87,0.05,208.11,62910.13,1
2024-01-03,2024-01-03 12:44:00,299.87,300.0,299.87,300.0,0.04,208.11,62910.13,1
2024-01-03,2024-01-03 12:45:00,300.0,300.13,300.0,300.13,0.04,208.11,62910.13,1
2024-01-03,2024-01-03 12:46:00,300.13,300.27,300.13,300.27,0.05,208.11,62910.13,1
2024-01-03,2024-01-03 12:47:00,300.27,300.4,300.27,300.4,0.04,208.11,62910.13,1
2024-01-03,2024-01-03 12:48:00,300.4,300.53,300.4,300.53,0.04,208.11,62910.13,1
2024-01-03,2024-01-03 12:49:00,300.53,300.67,300.53,300.67,0.05,208.11,62910.13,1
2024-01-03,2024-01-03 12:50:00,300.67,300.8,300.67,300.8,0.04,208.11,62910.13,1
2024-01-03,2024-01-03 12:51:00,300.8,300.93,300.8,300.93,0.04,208.11,62910.13,1
2024-01-03,2024-01-03 12:52:00,300.93,301.07,300.93,301.07,0.05,208.11,62910.13,1
2024-01-03,2024-01-03 12:53:00,301.07,301.2,301.07,301.2,0.04,208.11,62910.13,1
2024-01-03,2024-01-03 12:54:00,301.2,301.33,301.2,301.33,0.04,208.11,62910.13,1
2024-01-03,2024-01-03 12:55:00,301.33,301.47,301.33,301.47,0.05,208.11,62910.13,1
2024-01-03,2024-01-03 12:56:00,301.47,301.6,301.47,301.6,0.04,208.11,62910.13,1
2024-01-03,2024-01-03 12:57:00,301.6,301.73,301.6,301.73,0.04,208.11,62910.13,1
2024-01-03,2024-01-03 12:58:00,301.73,301.87,301.73,301.87,0.05,208.11,62910.13,1
2024-01-03,2024-01-03 12:59:00,301.87,302.0,301.87,302.0,0.04,208.11,62910.13,1
2024-01-03,2024-01-03 13:00:00,302.0,319.9,286.0,302.13,0.04,208.11,62910.13,1
2024-01-03,2024-01-03 13:01:00,302.13,302.27,302.13,302.27,0.05,208.11,62910.13,1
2024-01-03,2024-01-03 13:02:00,302.27,302.4,302.27,302.4,0.04,208.11,62910.13,1
2024-01-03,2024-01-03 13:03:00,302.4,302.53,302.4,302.53,0.04,208.11,62910.13,1
2024-01-03,2024-01-03 13:04:00,302.53,302.67,302.53,302.67,0.05,208.11,62910.13,1
2024-01-03,2024-01-03 13:05:00,302.67,302.8,302.67,302.8,0.04,208.11,62910.13,1
2024-01-03,2024-01-03 13:06:00,302.8,302.93,302.8,302.93,0.04,208.11,62910.13,1
2024-01-03,2024-01-03 13:07:00,302.93,303.07,302.93,303.07,0.05,208.11,62910.13,1
2024-01-03,2024-01-03 13:08:00,303.07,303.2,303.07,303.2,0.04,208.11,62910.13,1
2024-01-03,2024-01-03 13:09:00,303.2,303.33,303.2,303.33,0.04,208.11,62910.13,1
2024-01-03,2024-01-03 13:10:00,303.33,303.47,303.33,303.47,0.05,208.11,62910.13,1
2024-01-03,2024-01-03 13:11:00,303.47,303.6,303.47,303.6,0.04,208.11,62910.13,1
2024-01-03,2024-01-03 13:12:00,303.6,303.73,303.6,303.73,0.04,208.11,62910.13,1
2024-01-03,2024-01-03 13:13:00,303.73,303.87,303.73,303.87,0.05,208.11,62910.13,1
2024-01-03,2024-01-03 13:14:00,303.87,304.0,303.87,304.0,0.04,208.11,62910.13,1
2024-01-03,2024-01-03 13:15:00,304.0,304.13,304.0,304.13,0.04,208.11,62910.13,1
2024-01-03,2024-01-03 13:16:00,304.13,304.27,304.13,304.27,0.05,208.11,62910.13,1
2024-01-03,2024-01-03 13:17:00,304.27,304.4,304.27,304.4,0.04,208.11,62910.13,1
2024-01-03,2024-01-03 13:18:00,304.4,304.53,304.4,304.53,0.04,208.11,62910.13,1
2024-01-03,2024-01-03 13:19:00,304.53,304.67,304.53,304.67,0.05,208.11,62910.13,1
2024-01-03,2024-01-03 13:20:00,304.67,304.8,304.67,304.8,0.04,208.11,62910.13,1
2024-01-03,2024-01-03 13:21:00,304.8,304.93,304.8,304.93,0.04,208.11,62910.13,1
2024-01-03,2024-01-03 13:22:00,304.93,305.07,304.93,305.07,0.05,208.11,62910.13,1
2024-01-03,2024-01-03 13:23:00,305.07,305.2,305.07,305.2,0.04,208.11,62910.13,1
2024-01-03,2024-01-03 13:24:00,305.2,305.33,305.2,305.33,0.04,208.11,62910.13,1
2024-01-03,2024-01-03 13:25:00,305.33,305.47,305.33,305.47,0.05,208.11,62910.13,1
2024-01-03,2024-01-03 13:26:00,305.47,305.6,305.47,305.6,0.04,208.11,62910.13,1
2024-01-03,2024-01-03 13:27:00,305.6,305.73,305.6,305.73,0.04,208.11,62910.13,1
2024-01-03,2024-01-03 13:28:00,305.73,305.87,305.73,305.87,0.05,208.11,62910.13,1
2024-01-03,2024-01-03 13:29:00,305.87,306.0,305.87,306.0,0.04,208.11,62910.13,1
2024-01-03,2024-01-03 13:30:00,306.0,306.13,306.0,306.13,0.04,208.11,62910.13,1
2024-01-03,2024-01-03 13:31:00,306.13,306.27,306.13,306.27,0.05,208.11,62910.13,1
2024-01-03,2024-01-03 13:32:00,306.27,306.4,306.27,306.4,0.04,208.11,62910.13,1
2024-01-03,2024-01-03 13:33:00,306.4,306.53,306.4,306.53,0.04,208.11,62910.13,1
2024-01-03,2024-01-03 13:34:00,306.53,306.67,306.53,306.67,0.05,208.11,62910.13,1
2024-01-03,2024-01-03 13:35:00,306.67,306.8,306.67,306.8,0.04,208.11,62910.13,1
2024-01-03,2024-01-03 13:36:00,306.8,306.93,306.8,306.93,0.04,208.11,62910.13,1
2024-01-03,2024-01-03 13:37:00,306.93,307.07,306.93,307.07,0.05,208.11,62910.13,1
2024-01-03,2024-01-03 13:38:00,307.07,307.2,307.07,307.2,0.04,208.11,62910.13,1
2024-01-03,2024-01-03 13:39:00,307.2,307.33,307.2,307.33,0.04,208.11,62910.13,1
2024-01-03,2024-01-03 13:40:00,307.33,307.47,307.33,307.47,0.05,208.11,62910.13,1
2024-01-03,2024-01-03 13:41:00,307.47,307.6,307.47,307.6,0.04,208.11,62910.13,1
2024-01-03,2024-01-03 13:42:00,307.6,307.73,307.6,307.73,0.04,208.11,62910.13,1
2024-01-03,2024-01-03 13:43:00,307.73,307.87,307.73,307.87,0.05,208.11,62910.13,1
2024-01-03,2024-01-03 13:44:00,307.87,308.0,307.87,308.0,0.04,208.11,62910.13,1
2024-01-03,2024-01-03 13:45:00,308.0,308.13,308.0,308.13,0.04,208.11,62910.13,1
2024-01-03,2024-01-03 13:46:00,308.13,308.27,308.13,308.27,0.05,208.11,62910.13,1
2024-01-03,2024-01-03 13:47:00,308.27,308.4,308.27,308.4,0.04,208.11,62910.13,1
2024-01-03,2024-01-03 13:48:00,308.4,308.53,308.4,308.53,0.04,208.11,62910.13,1
2024-01-03,2024-01-03 13:49:00,308.53,308.67,308.53,308.67,0.05,208.11,62910.13,1
2024-01-03,2024-01-03 13:50:00,308.67,308.8,308.67,308.8,0.04,208.11,62910.13,1
2024-01-03,2024-01-03 13:51:00,308.8,308.93,308.8,308.93,0.04,208.11,62910.13,1
2024-01-03,2024-01-03 13:52:00,308.93,309.07,308.93,309.07,0.05,208.11,62910.13,1
2024-01-03,2024-01-03 13:53:00,309.07,309.2,309.07,309.2,0.04,208.11,62910.13,1
2024-01-03,2024-01-03 13:54:00,309.2,309.33,309.2,309.33,0.04,208.11,62910.13,1
2024-01-03,2024-01-03 13:55:00,309.33,309.47,309.33,309.47,0.05,208.11,62910.13,1
2024-01-03,2024-01-03 13:56:00,309.47,309.6,309.47,309.6,0.04,208.11,62910.13,1
2024-01-03,2024-01-03 13:57:00,309.6,309.73,309.6,309.73,0.04,208.11,62910.13,1
2024-01-03,2024-01-03 13:58:00,309.73,309.87,309.73,309.87,0.05,208.11,62910.13,1
2024-01-03,2024-01-03 13:59:00,309.87,310.0,309.87,310.0,0.04,208.11,62910.13,1
2024-01-03,2024-01-03 14:00:00,310.0,310.13,310.0,310.13,0.04,208.11,62910.13,1
2024-01-03,2024-01-03 14:01:00,310.13,310.27,310.13,310.27,0.05,208.11,62910.13,1
2024-01-03,2024-01-03 14:02:00,310.27,310.4,310.27,310.4,0.04,208.11,62910.13,1
2024-01-03,2024-01-03 14:03:00,310.4,310.53,310.4,310.53,0.04,208.11,62910.13,1
2024-01-03,2024-01-03 14:04:00,310.53,310.67,310.53,310.67,0.05,208.11,62910.13,1
2024-01-03,2024-01-03 14:05:00,310.67,310.8,310.67,310.8,0.04,208.11,62910.13,1
2024-01-03,2024-01-03 14:06:00,310.8,310.93,310.8,310.93,0.04,208.11,62910.13,1
2024-01-03,2024-01-03 14:07:00,310.93,311.07,310.93,311.07,0.05,208.11,62910.13,1
2024-01-03,2024-01-03 14:08:00,311.07,311.2,311.07,311.2,0.04,208.11,62910.13,1
2024-01-03,2024-01-03 14:09:00,311.2,311.33,311.2,311.33,0.04,208.11,62910.13,1
2024-01-03,2024-01-03 14:10:00,311.33,311.47,311.33,311.47,0.04,208.11,62910.13,1
2024-01-03,2024-01-03 14:11:00,311.47,311.6,311.47,311.6,0.04,208.11,62910.13,1
2024-01-03,2024-01-03 14:12:00,311.6,311.73,311.6,311.73,0.04,208.11,62910.13,1
2024-01-03,2024-01-03 14:13:00,311.73,311.87,311.73,311.87,0.04,208.11,62910.13,1
2024-01-03,2024-01-03 14:14:00,311.87,312.0,311.87,312.0,0.04,208.11,62910.13,1
2024-01-03,2024-01-03 14:15:00,312.0,312.13,312.0,312.13,0.04,208.11,62910.13,1
2024-01-03,2024-01-03 14:16:00,312.13,312.27,312.13,312.27,0.04,208.11,62910.13,1
2024-01-03,2024-01-03 14:17:00,312.27,312.4,312.27,312.4,0.04,208.11,62910.13,1
2024-01-03,2024-01-03 14:18:00,312.4,312.53,312.4,312.53,0.04,208.11,62910.13,1
2024-01-03,2024-01-03 14:19:00,312.53,312.67,312.53,312.67,0.04,208.11,62910.13,1
2024-01-03,2024-01-03 14:20:00,312.67,312.8,312.67,312.8,0.04,208.11,62910.13,1
2024-01-03,2024-01-03 14:21:00,312.8,312.93,312.8,312.93,0.04,208.11,62910.13,1
2024-01-03,2024-01-03 14:22:00,312.93,313.07,312.93,313.07,0.04,208.11,62910.13,1
2024-01-03,2024-01-03 14:23:00,313.07,313.2,313.07,313.2,0.04,208.11,62910.13,1
2024-01-03,2024-01-03 14:24:00,313.2,313.33,313.2,313.33,0.04,208.11,62910.13,1
2024-01-03,2024-01-03 14:25:00,313.33,313.47,313.33,313.47,0.04,208.11,62910.13,1
2024-01-03,2024-01-03 14:26:00,313.47,313.6,313.47,313.6,0.04,208.11,62910.13,1
2024-01-03,2024-01-03 14:27:00,313.6,313.73,313.6,313.73,0.04,208.11,62910.13,1
2024-01-03,2024-01-03 14:28:00,313.73,313.87,313.73,313.87,0.04,208.11,62910.13,1
2024-01-03,2024-01-03 14:29:00,313.87,314.0,313.87,314.0,0.04,208.11,62910.13,1
2024-01-03,2024-01-03 14:30:00,314.0,314.13,314.0,314.13,0.04,208.11,62910.13,1
2024-01-03,2024-01-03 14:31:00,314.13,314.27,314.13,314.27,0.04,208.11,62910.13,1
2024-01-03,2024-01-03 14:32:00,314.27,314.4,314.27,314.4,0.04,208.11,62910.13,1
2024-01-03,2024-01-03 14:33:00,314.4,314.53,314.4,314.53,0.04,208.11,62910.13,1
2024-01-03,2024-01-03 14:34:00,314.53,314.67,314.53,314.67,0.04,208.11,62910.13,1
2024-01-03,2024-01-03 14:35:00,314.67,314.8,314.67,314.8,0.04,208.11,62910.13,1
2024-01-03,2024-01-03 14:36:00,314.8,314.93,314.8,314.93,0.04,208.11,62910.13,1
2024-01-03,2024-01-03 14:37:00,314.93,315.07,314.93,315.07,0.04,208.11,62910.13,1
2024-01-03,2024-01-03 14:38:00,315.07,315.2,315.07,315.2,0.04,208.11,62910.13,1
2024-01-03,2024-01-03 14:39:00,315.2,315.33,315.2,315.33,0.04,208.11,62910.13,1
2024-01-03,2024-01-03 14:40:00,315.33,315.47,315.33,315.47,0.04,208.11,62910.13,1
2024-01-03,2024-01-03 14:41:00,315.47,315.6,315.47,315.6,0.04,208.11,62910.13,1
2024-01-03,2024-01-03 14:42:00,315.6,315.73,315.6,315.73,0.04,208.11,62910.13,1
2024-01-03,2024-01-03 14:43:00,315.73,315.87,315.73,315.87,0.04,208.11,62910.13,1
2024-01-03,2024-01-03 14:44:00,315.87,316.0,315.87,316.0,0.04,208.11,62910.13,1
2024-01-03,2024-01-03 14:45:00,316.0,316.13,316.0,316.13,0.04,208.11,62910.13,1
2024-01-03,2024-01-03 14:46:00,316.13,316.27,316.13,316.27,0.04,208.11,62910.13,1
2024-01-03,2024-01-03 14:47:00,316.27,316.4,316.27,316.4,0.04,208.11,62910.13,1
2024-01-03,2024-01-03 14:48:00,316.4,316.53,316.4,316.53,0.04,208.11,62910.13,1
2024-01-03,2024-01-03 14:49:00,316.53,316.67,316.53,316.67,0.04,208.11,62910.13,1
2024-01-03,2024-01-03 14:50:00,316.67,316.8,316.67,316.8,0.04,208.11,62910.13,1
2024-01-03,2024-01-03 14:51:00,316.8,316.93,316.8,316.93,0.04,208.11,62910.13,1
2024-01-03,2024-01-03 14:52:00,316.93,317.07,316.93,317.07,0.04,208.11,62910.13,1
2024-01-03,2024-01-03 14:53:00,317.07,317.2,317.07,317.2,0.04,208.11,62910.13,1
2024-01-03,2024-01-03 14:54:00,317.2,317.33,317.2,317.33,0.04,208.11,62910.13,1
2024-01-03,2024-01-03 14:55:00,317.33,317.47,317.33,317.47,0.04,208.11,62910.13,1
2024-01-03,2024-01-03 14:56:00,317.47,317.6,317.47,317.6,0.04,208.11,62910.13,1
2024-01-03,2024-01-03 14:57:00,317.6,317.73,317.6,317.73,0.04,208.11,62910.13,1
2024-01-03,2024-01-03 14:58:00,317.73,317.87,317.73,317.87,0.04,208.11,62910.13,1
2024-01-03,2024-01-03 14:59:00,317.87,318.0,317.87,318.0,0.04,208.11,62910.13,1
2024-01-03,2024-01-03 15:00:00,318.0,319.9,286.0,318.0,0.0,208.11,62910.13,0
2024-01-04,2024-01-04 11:00:00,323.8,327.46,321.16,323.81,0.0,296.25,96793.33,1
2024-01-04,2024-01-04 11:01:00,323.81,323.83,323.81,323.83,0.01,296.25,96793.33,1
2024-01-04,2024-01-04 11:02:00,323.83,323.85,323.83,323.85,0.01,296.25,96793.33,1
2024-01-04,2024-01-04 11:03:00,323.85,323.86,323.85,323.86,0.0,296.25,96793.33,1
2024-01-04,2024-01-04 11:04:00,323.86,323.88,323.86,323.88,0.01,296.25,96793.33,1
2024-01-04,2024-01-04 11:05:00,323.88,323.89,323.88,323.89,0.0,296.25,96793.33,1
2024-01-04,2024-01-04 11:06:00,323.89,323.91,323.89,323.91,0.01,296.25,96793.33,1
2024-01-04,2024-01-04 11:07:00,323.91,323.92,323.91,323.92,0.0,296.25,96793.33,1
2024-01-04,2024-01-04 11:08:00,323.92,323.94,323.92,323.94,0.01,296.25,96793.33,1
2024-01-04,2024-01-04 11:09:00,323.94,323.95,323.94,323.95,0.0,296.25,96793.33,1
2024-01-04,2024-01-04 11:10:00,323.95,323.97,323.95,323.97,0.01,296.25,96793.33,1
2024-01-04,2024-01-04 11:11:00,323.97,323.98,323.97,323.98,0.0,296.25,96793.33,1
2024-01-04,2024-01-04 11:12:00,323.98,324.0,323.98,324.0,0.01,296.25,96793.33,1
2024-01-04,2024-01-04 11:13:00,324.0,324.01,324.0,324.01,0.0,296.25,96793.33,1
2024-01-04,2024-01-04 11:14:00,324.01,324.03,324.01,324.03,0.01,296.25,96793.33,1
2024-01-04,2024-01-04 11:15:00,324.03,324.04,324.03,324.04,0.0,296.25,96793.33,1
2024-01-04,2024-01-04 11:16:00,324.04,324.06,324.04,324.06,0.01,296.25,96793.33,1
2024-01-04,2024-01-04 11:17:00,324.06,324.07,324.06,324.07,0.0,296.25,96793.33,1
2024-01-04,2024-01-04 11:18:00,324.07,324.09,324.07,324.09,0.01,296.25,96793.33,1
2024-01-04,2024-01-04 11:19:00,324.09,324.1,324.09,324.1,0.0,296.25,96793.33,1
2024-01-04,2024-01-04 11:20:00,324.1,324.12,324.1,324.12,0.01,296.25,96793.33,1
2024-01-04,2024-01-04 11:21:00,324.12,324.13,324.12,324.13,0.0,296.25,96793.33,1
2024-01-04,2024-01-04 11:22:00,324.13,324.14,324.13,324.14,0.0,296.25,96793.33,1
2024-01-04,2024-01-04 11:23:00,324.14,324.16,324.14,324.16,0.01,296.25,96793.33,1
2024-01-04,2024-01-04 11:24:00,324.16,324.18,324.16,324.18,0.01,296.25,96793.33,1
2024-01-04,2024-01-04 11:25:00,324.18,324.19,324.18,324.19,0.0,296.25,96793.33,1
2024-01-04,2024-01-04 11:26:00,324.19,324.2,324.19,324.2,0.0,296.25,96793.33,1
2024-01-04,2024-01-04 11:27:00,324.2,324.22,324.2,324.22,0.01,296.25,96793.33,1
2024-01-04,2024-01-04 11:28:00,324.22,324.24,324.22,324.24,0.01,296.25,96793.33,1
2024-01-04,2024-01-04 11:29:00,324.24,324.25,324.24,324.25,0.0,296.25,96793.33,1
2024-01-04,2024-01-04 11:30:00,324.25,324.26,324.25,324.26,0.0,296.25,96793.33,1
2024-01-04,2024-01-04 11:31:00,324.26,324.28,324.26,324.28,0.01,296.25,96793.33,1
2024-01-04,2024-01-04 11:32:00,324.28,324.3,324.28,324.3,0.01,296.25,96793.33,1
2024-01-04,2024-01-04 11:33:00,324.3,324.31,324.3,324.31,0.0,296.25,96793.33,1
2024-01-04,2024-01-04 11:34:00,324.31,324.32,324.31,324.32,0.0,296.25,96793.33,1
2024-01-04,2024-01-04 11:35:00,324.32,324.34,324.32,324.34,0.01,296.25,96793.33,1
2024-01-04,2024-01-04 11:36:00,324.34,324.36,324.34,324.36,0.01,296.25,96793.33,1
2024-01-04,2024-01-04 11:37:00,324.36,324.37,324.36,324.37,0.0,296.25,96793.33,1
2024-01-04,2024-01-04 11:38:00,324.37,324.38,324.37,324.38,0.0,296.25,96793.33,1
2024-01-04,2024-01-04 11:39:00,324.38,324.4,324.38,324.4,0.01,296.25,96793.33,1
2024-01-04,2024-01-04 11:40:00,324.4,324.42,324.4,324.42,0.01,296.25,96793.33,1
2024-01-04,2024-01-04 11:41:00,324.42,324.43,324.42,324.43,0.0,296.25,96793.33,1
2024-01-04,2024-01-04 11:42:00,324.43,324.44,324.43,324.44,0.0,296.25,96793.33,1
2024-01-04,2024-01-04 11:43:00,324.44,324.46,324.44,324.46,0.01,296.25,96793.33,1
2024-01-04,2024-01-04 11:44:00,324.46,324.48,324.46,324.48,0.01,296.25,96793.33,1
2024-01-04,2024-01-04 11:45:00,324.48,324.49,324.48,324.49,0.0,296.25,96793.33,1
2024-01-04,2024-01-04 11:46:00,324.49,324.5,324.49,324.5,0.0,296.25,96793.33,1
2024-01-04,2024-01-04 11:47:00,324.5,324.52,324.5,324.52,0.01,296.25,96793.33,1
2024-01-04,2024-01-04 11:48:00,324.52,324.54,324.52,324.54,0.01,296.25,96793.33,1
2024-01-04,2024-01-04 11:49:00,324.54,324.55,324.54,324.55,0.0,296.25,96793.33,1
2024-01-04,2024-01-04 11:50:00,324.55,324.56,324.55,324.56,0.0,296.25,96793.33,1
2024-01-04,2024-01-04 11:51:00,324.56,324.58,324.56,324.58,0.01,296.25,96793.33,1
2024-01-04,2024-01-04 11:52:00,324.58,324.6,324.58,324.6,0.01,296.25,96793.33,1
2024-01-04,2024-01-04 11:53:00,324.6,324.61,324.6,324.61,0.0,296.25,96793.33,1
2024-01-04,2024-01-04 11:54:00,324.61,324.62,324.61,324.62,0.0,296.25,96793.33,1
2024-01-04,2024-01-04 11:55:00,324.62,324.64,324.62,324.64,0.01,296.25,96793.33,1
2024-01-04,2024-01-04 11:56:00,324.64,324.66,324.64,324.66,0.01,296.25,96793.33,1
2024-01-04,2024-01-04 11:57:00,324.66,324.67,324.66,324.67,0.0,296.25,96793.33,1
2024-01-04,2024-01-04 11:58:00,324.67,324.69,324.67,324.69,0.01,296.25,96793.33,1
2024-01-04,2024-01-04 11:59:00,324.69,324.7,324.69,324.7,0.0,296.25,96793.33,1
2024-01-04,2024-01-04 12:00:00,324.7,324.71,324.7,324.71,0.0,296.25,96793.33,1
2024-01-04,2024-01-04 12:01:00,324.71,324.73,324.71,324.73,0.01,296.25,96793.33,1
2024-01-04,2024-01-04 12:02:00,324.73,324.75,324.73,324.75,0.01,296.25,96793.33,1
2024-01-04,2024-01-04 12:03:00,324.75,324.76,324.75,324.76,0.0,296.25,96793.33,1
2024-01-04,2024-01-04 12:04:00,324.76,324.77,324.76,324.77,0.0,296.25,96793.33,1
2024-01-04,2024-01-04 12:05:00,324.77,324.79,324.77,324.79,0.01,296.25,96793.33,1
2024-01-04,2024-01-04 12:06:00,324.79,324.81,324.79,324.81,0.01,296.25,96793.33,1
2024-01-04,2024-01-04 12:07:00,324.81,324.82,324.81,324.82,0.0,296.25,96793.33,1
2024-01-04,2024-01-04 12:08:00,324.82,324.83,324.82,324.83,0.0,296.25,96793.33,1
2024-01-04,2024-01-04 12:09:00,324.83,324.85,324.83,324.85,0.01,296.25,96793.33,1
2024-01-04,2024-01-04 12:10:00,324.85,324.87,324.85,324.87,0.01,296.25,96793.33,1
2024-01-04,2024-01-04 12:11:00,324.87,324.88,324.87,324.88,0.0,296.25,96793.33,1
2024-01-04,2024-01-04 12:12:00,324.88,324.89,324.88,324.89,0.0,296.25,96793.33,1
2024-01-04,2024-01-04 12:13:00,324.89,324.91,324.89,324.91,0.01,296.25,96793.33,1
2024-01-04,2024-01-04 12:14:00,324.91,324.93,324.91,324.93,0.01,296.25,96793.33,1
2024-01-04,2024-01-04 12:15:00,324.93,324.94,324.93,324.94,0.0,296.25,96793.33,1
2024-01-04,2024-01-04 12:16:00,324.94,324.95,324.94,324.95,0.0,296.25,96793.33,1
2024-01-04,2024-01-04 12:17:00,324.95,324.97,324.95,324.97,0.01,296.25,96793.33,1
2024-01-04,2024-01-04 12:18:00,324.97,324.99,324.97,324.99,0.01,296.25,96793.33,1
2024-01-04,2024-01-04 12:19:00,324.99,325.0,324.99,325.0,0.0,296.25,96793.33,1
2024-01-04,2024-01-04 12:20:00,325.0,325.01,325.0,325.01,0.0,296.25,96793.33,1
2024-01-04,2024-01-04 12:21:00,325.01,325.03,325.01,325.03,0.01,296.25,96793.33,1
2024-01-04,2024-01-04 12:22:00,325.03,325.05,325.03,325.05,0.01,296.25,96793.33,1
2024-01-04,2024-01-04 12:23:00,325.05,325.06,325.05,325.06,0.0,296.25,96793.33,1
2024-01-04,2024-01-04 12:24:00,325.06,325.07,325.06,325.07,0.0,296.25,96793.33,1
2024-01-04,2024-01-04 12:25:00,325.07,325.09,325.07,325.09,0.01,296.25,96793.33,1
2024-01-04,2024-01-04 12:26:00,325.09,325.11,325.09,325.11,0.01,296.25,96793.33,1
2024-01-04,2024-01-04 12:27:00,325.11,325.12,325.11,325.12,0.0,296.25,96793.33,1
2024-01-04,2024-01-04 12:28:00,325.12,325.13,325.12,325.13,0.0,296.25,96793.33,1
2024-01-04,2024-01-04 12:29:00,325.13,325.15,325.13,325.15,0.01,296.25,96793.33,1
2024-01-04,2024-01-04 12:30:00,325.15,325.17,325.15,325.17,0.01,296.25,96793.33,1
2024-01-04,2024-01-04 12:31:00,325.17,325.18,325.17,325.18,0.0,296.25,96793.33,1
2024-01-04,2024-01-04 12:32:00,325.18,325.19,325.18,325.19,0.0,296.25,96793.33,1
2024-01-04,2024-01-04 12:33:00,325.19,325.21,325.19,325.21,0.01,296.25,96793.33,1
2024-01-04,2024-01-04 12:34:00,325.21,325.23,325.21,325.23,0.01,296.25,96793.33,1
2024-01-04,2024-01-04 12:35:00,325.23,325.24,325.23,325.24,0.0,296.25,96793.33,1
2024-01-04,2024-01-04 12:36:00,325.24,325.25,325.24,325.25,0.0,296.25,96793.33,1
2024-01-04,2024-01-04 12:37:00,325.25,325.27,325.25,325.27,0.01,296.25,96793.33,1
2024-01-04,2024-01-04 12:38:00,325.27,325.29,325.27,325.29,0.01,296.25,96793.33,1
2024-01-04,2024-01-04 12:39:00,325.29,325.3,325.29,325.3,0.0,296.25,96793.33,1
2024-01-04,2024-01-04 12:40:00,325.3,325.31,325.3,325.31,0.0,296.25,96793.33,1
2024-01-04,2024-01-04 12:41:00,325.31,325.33,325.31,325.33,0.01,296.25,96793.33,1
2024-01-04,2024-01-04 12:42:00,325.33,325.34,325.33,325.34,0.0,296.25,96793.33,1
2024-01-04,2024-01-04 12:43:00,325.34,325.36,325.34,325.36,0.01,296.25,96793.33,1
2024-01-04,2024-01-04 12:44:00,325.36,325.38,325.36,325.38,0.01,296.25,96793.33,1
2024-01-04,2024-01-04 12:45:00,325.38,325.39,325.38,325.39,0.0,296.25,96793.33,1
2024-01-04,2024-01-04 12:46:00,325.39,325.4,325.39,325.4,0.0,296.25,96793.33,1
2024-01-04,2024-01-04 12:47:00,325.4,325.42,325.4,325.42,0.01,296.25,96793.33,1
2024-01-04,2024-01-04 12:48:00,325.42,325.44,325.42,325.44,0.01,296.25,96793.33,1
2024-01-04,2024-01-04 12:49:00,325.44,325.45,325.44,325.45,0.0,296.25,96793.33,1
2024-01-04,2024-01-04 12:50:00,325.45,325.46,325.45,325.46,0.0,296.25,96793.33,1
2024-01-04,2024-01-04 12:51:00,325.46,325.48,325.46,325.48,0.01,296.25,96793.33,1
2024-01-04,2024-01-04 12:52:00,325.48,325.5,325.48,325.5,0.01,296.25,96793.33,1
2024-01-04,2024-01-04 12:53:00,325.5,325.51,325.5,325.51,0.0,296.25,96793.33,1
2024-01-04,2024-01-04 12:54:00,325.51,325.52,325.51,325.52,0.0,296.25,96793.33,1
2024-01-04,2024-01-04 12:55:00,325.52,325.54,325.52,325.54,0.01,296.25,96793.33,1
2024-01-04,2024-01-04 12:56:00,325.54,325.56,325.54,325.56,0.01,296.25,96793.33,1
2024-01-04,2024-01-04 12:57:00,325.56,325.57,325.56,325.57,0.0,296.25,96793.33,1
2024-01-04,2024-01-04 12:58:00,325.57,325.58,325.57,325.58,0.0,296.25,96793.33,1
2024-01-04,2024-01-04 12:59:00,325.58,325.6,325.58,325.6,0.01,296.25,96793.33,1
2024-01-04,2024-01-04 13:00:00,325.6,336.0,315.0,325.62,0.01,296.25,96793.33,1
2024-01-04,2024-01-04 13:01:00,325.62,325.63,325.62,325.63,0.0,296.25,96793.33,1
2024-01-04,2024-01-04 13:02:00,325.63,325.64,325.63,325.64,0.0,296.25,96793.33,1
2024-01-04,2024-01-04 13:03:00,325.64,325.66,325.64,325.66,0.01,296.25,96793.33,1
2024-01-04,2024-01-04 13:04:00,325.66,325.68,325.66,325.68,0.01,296.25,96793.33,1
2024-01-04,2024-01-04 13:05:00,325.68,325.69,325.68,325.69,0.0,296.25,96793.33,1
2024-01-04,2024-01-04 13:06:00,325.69,325.7,325.69,325.7,0.0,296.25,96793.33,1
2024-01-04,2024-01-04 13:07:00,325.7,325.72,325.7,325.72,0.01,296.25,96793.33,1
2024-01-04,2024-01-04 13:08:00,325.72,325.74,325.72,325.74,0.01,296.25,96793.33,1
2024-01-04,2024-01-04 13:09:00,325.74,325.75,325.74,325.75,0.0,296.25,96793.33,1
2024-01-04,2024-01-04 13:10:00,325.75,325.76,325.75,325.76,0.0,296.25,96793.33,1
2024-01-04,2024-01-04 13:11:00,325.76,325.78,325.76,325.78,0.01,296.25,96793.33,1
2024-01-04,2024-01-04 13:12:00,325.78,325.8,325.78,325.8,0.01,296.25,96793.33,1
2024-01-04,2024-01-04 13:13:00,325.8,325.81,325.8,325.81,0.0,296.25,96793.33,1
2024-01-04,2024-01-04 13:14:00,325.81,325.82,325.81,325.82,0.0,296.25,96793.33,1
2024-01-04,2024-01-04 13:15:00,325.82,325.84,325.82,325.84,0.01,296.25,96793.33,1
2024-01-04,2024-01-04 13:16:00,325.84,325.86,325.84,325.86,0.01,296.25,96793.33,1
2024-01-04,2024-01-04 13:17:00,325.86,325.87,325.86,325.87,0.0,296.25,96793.33,1
2024-01-04,2024-01-04 13:18:00,325.87,325.88,325.87,325.88,0.0,296.25,96793.33,1
2024-01-04,2024-01-04 13:19:00,325.88,325.9,325.88,325.9,0.01,296.25,96793.33,1
2024-01-04,2024-01-04 13:20:00,325.9,325.91,325.9,325.91,0.0,296.25,96793.33,1
2024-01-04,2024-01-04 13:21:00,325.91,325.93,325.91,325.93,0.01,296.25,96793.33,1
2024-01-04,2024-01-04 13:22:00,325.93,325.94,325.93,325.94,0.0,296.25,96793.33,1
2024-01-04,2024-01-04 13:23:00,325.94,325.96,325.94,325.96,0.01,296.25,96793.33,1
2024-01-04,2024-01-04 13:24:00,325.96,325.97,325.96,325.97,0.0,296.25,96793.33,1
2024-01-04,2024-01-04 13:25:00,325.97,325.99,325.97,325.99,0.01,296.25,96793.33,1
2024-01-04,2024-01-04 13:26:00,325.99,326.0,325.99,326.0,0.0,296.25,96793.33,1
2024-01-04,2024-01-04 13:27:00,326.0,326.02,326.0,326.02,0.01,296.25,96793.33,1
2024-01-04,2024-01-04 13:28:00,326.02,326.03,326.02,326.03,0.0,296.25,96793.33,1
2024-01-04,2024-01-04 13:29:00,326.03,326.05,326.03,326.05,0.01,296.25,96793.33,1
2024-01-04,2024-01-04 13:30:00,326.05,326.06,326.05,326.06,0.0,296.25,96793.33,1
2024-01-04,2024-01-04 13:31:00,326.06,326.08,326.06,326.08,0.01,296.25,96793.33,1
2024-01-04,2024-01-04 13:32:00,326.08,326.09,326.08,326.09,0.0,296.25,96793.33,1
2024-01-04,2024-01-04 13:33:00,326.09,326.11,326.09,326.11,0.01,296.25,96793.33,1
2024-01-04,2024-01-04 13:34:00,326.11,326.12,326.11,326.12,0.0,296.25,96793.33,1
2024-01-04,2024-01-04 13:35:00,326.12,326.14,326.12,326.14,0.01,296.25,96793.33,1
2024-01-04,2024-01-04 13:36:00,326.14,326.15,326.14,326.15,0.0,296.25,96793.33,1
2024-01-04,2024-01-04 13:37:00,326.15,326.17,326.15,326.17,0.01,296.25,96793.33,1
2024-01-04,2024-01-04 13:38:00,326.17,326.19,326.17,326.19,0.01,296.25,96793.33,1
2024-01-04,2024-01-04 13:39:00,326.19,326.2,326.19,326.2,0.0,296.25,96793.33,1
2024-01-04,2024-01-04 13:40:00,326.2,326.21,326.2,326.21,0.0,296.25,96793.33,1
2024-01-04,2024-01-04 13:41:00,326.21,326.23,326.21,326.23,0.01,296.25,96793.33,1
2024-01-04,2024-01-04 13:42:00,326.23,326.25,326.23,326.25,0.01,296.25,96793.33,1
2024-01-04,2024-01-04 13:43:00,326.25,326.26,326.25,326.26,0.0,296.25,96793.33,1
2024-01-04,2024-01-04 13:44:00,326.26,326.27,326.26,326.27,0.0,296.25,96793.33,1
2024-01-04,2024-01-04 13:45:00,326.27,326.29,326.27,326.29,0.01,296.25,96793.33,1
2024-01-04,2024-01-04 13:46:00,326.29,326.31,326.29,326.31,0.01,296.25,96793.33,1
2024-01-04,2024-01-04 13:47:00,326.31,326.32,326.31,326.32,0.0,296.25,96793.33,1
2024-01-04,2024-01-04 13:48:00,326.32,326.33,326.32,326.33,0.0,296.25,96793.33,1
2024-01-04,2024-01-04 13:49:00,326.33,326.35,326.33,326.35,0.01,296.25,96793.33,1
2024-01-04,2024-01-04 13:50:00,326.35,326.37,326.35,326.37,0.01,296.25,96793.33,1
2024-01-04,2024-01-04 13:51:00,326.37,326.38,326.37,326.38,0.0,296.25,96793.33,1
2024-01-04,2024-01-04 13:52:00,326.38,326.39,326.38,326.39,0.0,296.25,96793.33,1
2024-01-04,2024-01-04 13:53:00,326.39,326.41,326.39,326.41,0.01,296.25,96793.33,1
2024-01-04,2024-01-04 13:54:00,326.41,326.43,326.41,326.43,0.01,296.25,96793.33,1
2024-01-04,2024-01-04 13:55:00,326.43,326.44,326.43,326.44,0.0,296.25,96793.33,1
2024-01-04,2024-01-04 13:56:00,326.44,326.45,326.44,326.45,0.0,296.25,96793.33,1
2024-01-04,2024-01-04 13:57:00,326.45,326.47,326.45,326.47,0.01,296.25,96793.33,1
2024-01-04,2024-01-04 13:58:00,326.47,326.49,326.47,326.49,0.01,296.25,96793.33,1
2024-01-04,2024-01-04 13:59:00,326.49,326.5,326.49,326.5,0.0,296.25,96793.33,1
2024-01-04,2024-01-04 14:00:00,326.5,326.51,326.5,326.51,0.0,296.25,96793.33,1
2024-01-04,2024-01-04 14:01:00,326.51,326.53,326.51,326.53,0.01,296.25,96793.33,1
2024-01-04,2024-01-04 14:02:00,326.53,326.54,326.53,326.54,0.0,296.25,96793.33,1
2024-01-04,2024-01-04 14:03:00,326.54,326.56,326.54,326.56,0.01,296.25,96793.33,1
2024-01-04,2024-01-04 14:04:00,326.56,326.57,326.56,326.57,0.0,296.25,96793.33,1
2024-01-04,2024-01-04 14:05:00,326.57,326.59,326.57,326.59,0.01,296.25,96793.33,1
2024-01-04,2024-01-04 14:06:00,326.59,326.6,326.59,326.6,0.0,296.25,96793.33,1
2024-01-04,2024-01-04 14:07:00,326.6,326.62,326.6,326.62,0.01,296.25,96793.33,1
2024-01-04,2024-01-04 14:08:00,326.62,326.63,326.62,326.63,0.0,296.25,96793.33,1
2024-01-04,2024-01-04 14:09:00,326.63,326.65,326.63,326.65,0.01,296.25,96793.33,1
2024-01-04,2024-01-04 14:10:00,326.65,326.66,326.65,326.66,0.0,296.25,96793.33,1
2024-01-04,2024-01-04 14:11:00,326.66,326.68,326.66,326.68,0.01,296.25,96793.33,1
2024-01-04,2024-01-04 14:12:00,326.68,326.69,326.68,326.69,0.0,296.25,96793.33,1
2024-01-04,2024-01-04 14:13:00,326.69,326.71,326.69,326.71,0.01,296.25,96793.33,1
2024-01-04,2024-01-04 14:14:00,326.71,326.72,326.71,326.72,0.0,296.25,96793.33,1
2024-01-04,2024-01-04 14:15:00,326.72,326.74,326.72,326.74,0.01,296.25,96793.33,1
2024-01-04,2024-01-04 14:16:00,326.74,326.75,326.74,326.75,0.0,296.25,96793.33,1
2024-01-04,2024-01-04 14:17:00,326.75,326.77,326.75,326.77,0.01,296.25,96793.33,1
2024-01-04,2024-01-04 14:18:00,326.77,326.78,326.77,326.78,0.0,296.25,96793.33,1
2024-01-04,2024-01-04 14:19:00,326.78,326.8,326.78,326.8,0.01,296.25,96793.33,1
2024-01-04,2024-01-04 14:20:00,326.8,326.81,326.8,326.81,0.0,296.25,96793.33,1
2024-01-04,2024-01-04 14:21:00,326.81,326.83,326.81,326.83,0.01,296.25,96793.33,1
2024-01-04,2024-01-04 14:22:00,326.83,326.84,326.83,326.84,0.0,296.25,96793.33,1
2024-01-04,2024-01-04 14:23:00,326.84,326.86,326.84,326.86,0.01,296.25,96793.33,1
2024-01-04,2024-01-04 14:24:00,326.86,326.88,326.86,326.88,0.01,296.25,96793.33,1
2024-01-04,2024-01-04 14:25:00,326.88,326.89,326.88,326.89,0.0,296.25,96793.33,1
2024-01-04,2024-01-04 14:26:00,326.89,326.9,326.89,326.9,0.0,296.25,96793.33,1
2024-01-04,2024-01-04 14:27:00,326.9,326.92,326.9,326.92,0.01,296.25,96793.33,1
2024-01-04,2024-01-04 14:28:00,326.92,326.94,326.92,326.94,0.01,296.25,96793.33,1
2024-01-04,2024-01-04 14:29:00,326.94,326.95,326.94,326.95,0.0,296.25,96793.33,1
2024-01-04,2024-01-04 14:30:00,326.95,326.96,326.95,326.96,0.0,296.25,96793.33,1
2024-01-04,2024-01-04 14:31:00,326.96,326.98,326.96,326.98,0.01,296.25,96793.33,1
2024-01-04,2024-01-04 14:32:00,326.98,327.0,326.98,327.0,0.01,296.25,96793.33,1
2024-01-04,2024-01-04 14:33:00,327.0,327.01,327.0,327.01,0.0,296.25,96793.33,1
2024-01-04,2024-01-04 14:34:00,327.01,327.02,327.01,327.02,0.0,296.25,96793.33,1
2024-01-04,2024-01-04 14:35:00,327.02,327.04,327.02,327.04,0.01,296.25,96793.33,1
2024-01-04,2024-01-04 14:36:00,327.04,327.06,327.04,327.06,0.01,296.25,96793.33,1
2024-01-04,2024-01-04 14:37:00,327.06,327.07,327.06,327.07,0.0,296.25,96793.33,1
2024-01-04,2024-01-04 14:38:00,327.07,327.08,327.07,327.08,0.0,296.25,96793.33,1
2024-01-04,2024-01-04 14:39:00,327.08,327.1,327.08,327.1,0.01,296.25,96793.33,1
2024-01-04,2024-01-04 14:40:00,327.1,327.11,327.1,327.11,0.0,296.25,96793.33,1
2024-01-04,2024-01-04 14:41:00,327.11,327.13,327.11,327.13,0.01,296.25,96793.33,1
2024-01-04,2024-01-04 14:42:00,327.13,327.14,327.13,327.14,0.0,296.25,96793.33,1
2024-01-04,2024-01-04 14:43:00,327.14,327.16,327.14,327.16,0.01,296.25,96793.33,1
2024-01-04,2024-01-04 14:44:00,327.16,327.17,327.16,327.17,0.0,296.25,96793.33,1
2024-01-04,2024-01-04 14:45:00,327.17,327.19,327.17,327.19,0.01,296.25,96793.33,1
2024-01-04,2024-01-04 14:46:00,327.19,327.2,327.19,327.2,0.0,296.25,96793.33,1
2024-01-04,2024-01-04 14:47:00,327.2,327.22,327.2,327.22,0.01,296.25,96793.33,1
2024-01-04,2024-01-04 14:48:00,327.22,327.23,327.22,327.23,0.0,296.25,96793.33,1
2024-01-04,2024-01-04 14:49:00,327.23,327.25,327.23,327.25,0.01,296.25,96793.33,1
2024-01-04,2024-01-04 14:50:00,327.25,327.26,327.25,327.26,0.0,296.25,96793.33,1
2024-01-04,2024-01-04 14:51:00,327.26,327.28,327.26,327.28,0.01,296.25,96793.33,1
2024-01-04,2024-01-04 14:52:00,327.28,327.29,327.28,327.29,0.0,296.25,96793.33,1
2024-01-04,2024-01-04 14:53:00,327.29,327.31,327.29,327.31,0.01,296.25,96793.33,1
2024-01-04,2024-01-04 14:54:00,327.31,327.32,327.31,327.32,0.0,296.25,96793.33,1
2024-01-04,2024-01-04 14:55:00,327.32,327.34,327.32,327.34,0.01,296.25,96793.33,1
2024-01-04,2024-01-04 14:56:00,327.34,327.35,327.34,327.35,0.0,296.25,96793.33,1
2024-01-04,2024-01-04 14:57:00,327.35,327.37,327.35,327.37,0.01,296.25,96793.33,1
2024-01-04,2024-01-04 14:58:00,327.37,327.38,327.37,327.38,0.0,296.25,96793.33,1
2024-01-04,2024-01-04 14:59:00,327.38,327.4,327.38,327.4,0.01,296.25,96793.33,1
2024-01-04,2024-01-04 15:00:00,327.4,336.0,315.0,327.4,0.0,296.25,96793.33,0
2024-01-07,2024-01-07 11:00:00,322.0,325.3,318.7,321.98,-0.01,202.52,64515.83,-1
2024-01-07,2024-01-07 11:01:00,321.98,321.98,321.96,321.96,-0.01,202.52,64515.83,-1
2024-01-07,2024-01-07 11:02:00,321.96,321.96,321.94,321.94,-0.01,202.52,64515.83,-1
2024-01-07,2024-01-07 11:03:00,321.94,321.94,321.92,321.92,-0.01,202.52,64515.83,-1
2024-01-07,2024-01-07 11:04:00,321.92,321.92,321.9,321.9,-0.01,202.52,64515.83,-1
2024-01-07,2024-01-07 11:05:00,321.9,321.9,321.88,321.88,-0.01,202.52,64515.83,-1
2024-01-07,2024-01-07 11:06:00,321.88,321.88,321.85,321.85,-0.01,202.52,64515.83,-1
2024-01-07,2024-01-07 11:07:00,321.85,321.85,321.83,321.83,-0.01,202.52,64515.83,-1
2024-01-07,2024-01-07 11:08:00,321.83,321.83,321.81,321.81,-0.01,202.52,64515.83,-1
2024-01-07,2024-01-07 11:09:00,321.81,321.81,321.79,321.79,-0.01,202.52,64515.83,-1
2024-01-07,2024-01-07 11:10:00,321.79,321.79,321.77,321.77,-0.01,202.52,64515.83,-1
2024-01-07,2024-01-07 11:11:00,321.77,321.77,321.75,321.75,-0.01,202.52,64515.83,-1
2024-01-07,2024-01-07 11:12:00,321.75,321.75,321.73,321.73,-0.01,202.52,64515.83,-1
2024-01-07,2024-01-07 11:13:00,321.73,321.73,321.71,321.71,-0.01,202.52,64515.83,-1
2024-01-07,2024-01-07 11:14:00,321.71,321.71,321.69,321.69,-0.01,202.52,64515.83,-1
2024-01-07,2024-01-07 11:15:00,321.69,321.69,321.67,321.67,-0.01,202.52,64515.83,-1
2024-01-07,2024-01-07 11:16:00,321.67,321.67,321.65,321.65,-0.01,202.52,64515.83,-1
2024-01-07,2024-01-07 11:17:00,321.65,321.65,321.62,321.62,-0.01,202.52,64515.83,-1
2024-01-07,2024-01-07 11:18:00,321.62,321.62,321.6,321.6,-0.01,202.52,64515.83,-1
2024-01-07,2024-01-07 11:19:00,321.6,321.6,321.58,321.58,-0.01,202.52,64515.83,-1
2024-01-07,2024-01-07 11:20:00,321.58,321.58,321.56,321.56,-0.01,202.52,64515.83,-1
2024-01-07,2024-01-07 11:21:00,321.56,321.56,321.54,321.54,-0.01,202.52,64515.83,-1
2024-01-07,2024-01-07 11:22:00,321.54,321.54,321.52,321.52,-0.01,202.52,64515.83,-1
2024-01-07,2024-01-07 11:23:00,321.52,321.52,321.5,321.5,-0.01,202.52,64515.83,-1
2024-01-07,2024-01-07 11:24:00,321.5,321.5,321.48,321.48,-0.01,202.52,64515.83,-1
2024-01-07,2024-01-07 11:25:00,321.48,321.48,321.46,321.46,-0.01,202.52,64515.83,-1
2024-01-07,2024-01-07 11:26:00,321.46,321.46,321.44,321.44,-0.01,202.52,64515.83,-1
2024-01-07,2024-01-07 11:27:00,321.44,321.44,321.42,321.42,-0.01,202.52,64515.83,-1
2024-01-07,2024-01-07 11:28:00,321.42,321.42,321.4,321.4,-0.01,202.52,64515.83,-1
2024-01-07,2024-01-07 11:29:00,321.4,321.4,321.38,321.38,-0.01,202.52,64515.83,-1
2024-01-07,2024-01-07 11:30:00,321.38,321.38,321.35,321.35,-0.01,202.52,64515.83,-1
2024-01-07,2024-01-07 11:31:00,321.35,321.35,321.33,321.33,-0.01,202.52,64515.83,-1
2024-01-07,2024-01-07 11:32:00,321.33,321.33,321.31,321.31,-0.01,202.52,64515.83,-1
2024-01-07,2024-01-07 11:33:00,321.31,321.31,321.29,321.29,-0.01,202.52,64515.83,-1
2024-01-07,2024-01-07 11:34:00,321.29,321.29,321.27,321.27,-0.01,202.52,64515.83,-1
2024-01-07,2024-01-07 11:35:00,321.27,321.27,321.25,321.25,-0.01,202.52,64515.83,-1
2024-01-07,2024-01-07 11:36:00,321.25,321.25,321.23,321.23,-0.01,202.52,64515.83,-1
2024-01-07,2024-01-07 11:37:00,321.23,321.23,321.21,321.21,-0.01,202.52,64515.83,-1
2024-01-07,2024-01-07 11:38:00,321.21,321.21,321.19,321.19,-0.01,202.52,64515.83,-1
2024-01-07,2024-01-07 11:39:00,321.19,321.19,321.17,321.17,-0.01,202.52,64515.83,-1
2024-01-07,2024-01-07 11:40:00,321.17,321.17,321.15,321.15,-0.01,202.52,64515.83,-1
2024-01-07,2024-01-07 11:41:00,321.15,321.15,321.12,321.12,-0.01,202.52,64515.83,-1
2024-01-07,2024-01-07 11:42:00,321.12,321.12,321.1,321.1,-0.01,202.52,64515.83,-1
2024-01-07,2024-01-07 11:43:00,321.1,321.1,321.08,321.08,-0.01,202.52,64515.83,-1
2024-01-07,2024-01-07 11:44:00,321.08,321.08,321.06,321.06,-0.01,202.52,64515.83,-1
2024-01-07,2024-01-07 11:45:00,321.06,321.06,321.04,321.04,-0.01,202.52,64515.83,-1
2024-01-07,2024-01-07 11:46:00,321.04,321.04,321.02,321.02,-0.01,202.52,64515.83,-1
2024-01-07,2024-01-07 11:47:00,321.02,321.02,321.0,321.0,-0.01,202.52,64515.83,-1
2024-01-07,2024-01-07 11:48:00,321.0,321.0,320.98,320.98,-0.01,202.52,64515.83,-1
2024-01-07,2024-01-07 11:49:00,320.98,320.98,320.96,320.96,-0.01,202.52,64515.83,-1
2024-01-07,2024-01-07 11:50:00,320.96,320.96,320.94,320.94,-0.01,202.52,64515.83,-1
2024-01-07,2024-01-07 11:51:00,320.94,320.94,320.92,320.92,-0.01,202.52,64515.83,-1
2024-01-07,2024-01-07 11:52:00,320.92,320.92,320.9,320.9,-0.01,202.52,64515.83,-1
2024-01-07,2024-01-07 11:53:00,320.9,320.9,320.88,320.88,-0.01,202.52,64515.83,-1
2024-01-07,2024-01-07 11:54:00,320.88,320.88,320.85,320.85,-0.01,202.52,64515.83,-1
2024-01-07,2024-01-07 11:55:00,320.85,320.85,320.83,320.83,-0.01,202.52,64515.83,-1
2024-01-07,2024-01-07 11:56:00,320.83,320.83,320.81,320.81,-0.01,202.52,64515.83,-1
2024-01-07,2024-01-07 11:57:00,320.81,320.81,320.79,320.79,-0.01,202.52,64515.83,-1
2024-01-07,2024-01-07 11:58:00,320.79,320.79,320.77,320.77,-0.01,202.52,64515.83,-1
2024-01-07,2024-01-07 11:59:00,320.77,320.77,320.75,320.75,-0.01,202.52,64515.83,-1
2024-01-07,2024-01-07 12:00:00,320.75,320.75,320.73,320.73,-0.01,202.52,64515.83,-1
2024-01-07,2024-01-07 12:01:00,320.73,320.73,320.71,320.71,-0.01,202.52,64515.83,-1
2024-01-07,2024-01-07 12:02:00,320.71,320.71,320.69,320.69,-0.01,202.52,64515.83,-1
2024-01-07,2024-01-07 12:03:00,320.69,320.69,320.67,320.67,-0.01,202.52,64515.83,-1
2024-01-07,2024-01-07 12:04:00,320.67,320.67,320.65,320.65,-0.01,202.52,64515.83,-1
2024-01-07,2024-01-07 12:05:00,320.65,320.65,320.62,320.62,-0.01,202.52,64515.83,-1
2024-01-07,2024-01-07 12:06:00,320.62,320.62,320.6,320.6,-0.01,202.52,64515.83,-1
2024-01-07,2024-01-07 12:07:00,320.6,320.6,320.58,320.58,-0.01,202.52,64515.83,-1
2024-01-07,2024-01-07 12:08:00,320.58,320.58,320.56,320.56,-0.01,202.52,64515.83,-1
2024-01-07,2024-01-07 12:09:00,320.56,320.56,320.54,320.54,-0.01,202.52,64515.83,-1
2024-01-07,2024-01-07 12:10:00,320.54,320.54,320.52,320.52,-0.01,202.52,64515.83,-1
2024-01-07,2024-01-07 12:11:00,320.52,320.52,320.5,320.5,-0.01,202.52,64515.83,-1
2024-01-07,2024-01-07 12:12:00,320.5,320.5,320.48,320.48,-0.01,202.52,64515.83,-1
2024-01-07,2024-01-07 12:13:00,320.48,320.48,320.46,320.46,-0.01,202.52,64515.83,-1
2024-01-07,2024-01-07 12:14:00,320.46,320.46,320.44,320.44,-0.01,202.52,64515.83,-1
2024-01-07,2024-01-07 12:15:00,320.44,320.44,320.42,320.42,-0.01,202.52,64515.83,-1
2024-01-07,2024-01-07 12:16:00,320.42,320.42,320.4,320.4,-0.01,202.52,64515.83,-1
2024-01-07,2024-01-07 12:17:00,320.4,320.4,320.38,320.38,-0.01,202.52,64515.83,-1
2024-01-07,2024-01-07 12:18:00,320.38,320.38,320.35,320.35,-0.01,202.52,64515.83,-1
2024-01-07,2024-01-07 12:19:00,320.35,320.35,320.33,320.33,-0.01,202.52,64515.83,-1
2024-01-07,2024-01-07 12:20:00,320.33,320.33,320.31,320.31,-0.01,202.52,64515.83,-1
2024-01-07,2024-01-07 12:21:00,320.31,320.31,320.29,320.29,-0.01,202.52,64515.83,-1
2024-01-07,2024-01-07 12:22:00,320.29,320.29,320.27,320.27,-0.01,202.52,64515.83,-1
2024-01-07,2024-01-07 12:23:00,320.27,320.27,320.25,320.25,-0.01,202.52,64515.83,-1
2024-01-07,2024-01-07 12:24:00,320.25,320.25,320.23,320.23,-0.01,202.52,64515.83,-1
2024-01-07,2024-01-07 12:25:00,320.23,320.23,320.21,320.21,-0.01,202.52,64515.83,-1
2024-01-07,2024-01-07 12:26:00,320.21,320.21,320.19,320.19,-0.01,202.52,64515.83,-1
2024-01-07,2024-01-07 12:27:00,320.19,320.19,320.17,320.17,-0.01,202.52,64515.83,-1
2024-01-07,2024-01-07 12:28:00,320.17,320.17,320.15,320.15,-0.01,202.52,64515.83,-1
2024-01-07,2024-01-07 12:29:00,320.15,320.15,320.12,320.12,-0.01,202.52,64515.83,-1
2024-01-07,2024-01-07 12:30:00,320.12,320.12,320.1,320.1,-0.01,202.52,64515.83,-1
2024-01-07,2024-01-07 12:31:00,320.1,320.1,320.08,320.08,-0.01,202.52,64515.83,-1
2024-01-07,2024-01-07 12:32:00,320.08,320.08,320.06,320.06,-0.01,202.52,64515.83,-1
2024-01-07,2024-01-07 12:33:00,320.06,320.06,320.04,320.04,-0.01,202.52,64515.83,-1
2024-01-07,2024-01-07 12:34:00,320.04,320.04,320.02,320.02,-0.01,202.52,64515.83,-1
2024-01-07,2024-01-07 12:35:00,320.02,320.02,320.0,320.0,-0.01,202.52,64515.83,-1
2024-01-07,2024-01-07 12:36:00,320.0,320.0,319.98,319.98,-0.01,202.52,64515.83,-1
2024-01-07,2024-01-07 12:37:00,319.98,319.98,319.96,319.96,-0.01,202.52,64515.83,-1
2024-01-07,2024-01-07 12:38:00,319.96,319.96,319.94,319.94,-0.01,202.52,64515.83,-1
2024-01-07,2024-01-07 12:39:00,319.94,319.94,319.92,319.92,-0.01,202.52,64515.83,-1
2024-01-07,2024-01-07 12:40:00,319.92,319.92,319.9,319.9,-0.01,202.52,64515.83,-1
2024-01-07,2024-01-07 12:41:00,319.9,319.9,319.88,319.88,-0.01,202.52,64515.83,-1
2024-01-07,2024-01-07 12:42:00,319.88,319.88,319.85,319.85,-0.01,202.52,64515.83,-1
2024-01-07,2024-01-07 12:43:00,319.85,319.85,319.83,319.83,-0.01,202.52,64515.83,-1
2024-01-07,2024-01-07 12:44:00,319.83,319.83,319.81,319.81,-0.01,202.52,64515.83,-1
2024-01-07,2024-01-07 12:45:00,319.81,319.81,319.79,319.79,-0.01,202.52,64515.83,-1
2024-01-07,2024-01-07 12:46:00,319.79,319.79,319.77,319.77,-0.01,202.52,64515.83,-1
2024-01-07,2024-01-07 12:47:00,319.77,319.77,319.75,319.75,-0.01,202.52,64515.83,-1
2024-01-07,2024-01-07 12:48:00,319.75,319.75,319.73,319.73,-0.01,202.52,64515.83,-1
2024-01-07,2024-01-07 12:49:00,319.73,319.73,319.71,319.71,-0.01,202.52,64515.83,-1
2024-01-07,2024-01-07 12:50:00,319.71,319.71,319.69,319.69,-0.01,202.52,64515.83,-1
2024-01-07,2024-01-07 12:51:00,319.69,319.69,319.67,319.67,-0.01,202.52,64515.83,-1
2024-01-07,2024-01-07 12:52:00,319.67,319.67,319.65,319.65,-0.01,202.52,64515.83,-1
2024-01-07,2024-01-07 12:53:00,319.65,319.65,319.62,319.62,-0.01,202.52,64515.83,-1
2024-01-07,2024-01-07 12:54:00,319.62,319.62,319.6,319.6,-0.01,202.52,64515.83,-1
2024-01-07,2024-01-07 12:55:00,319.6,319.6,319.58,319.58,-0.01,202.52,64515.83,-1
2024-01-07,2024-01-07 12:56:00,319.58,319.58,319.56,319.56,-0.01,202.52,64515.83,-1
2024-01-07,2024-01-07 12:57:00,319.56,319.56,319.54,319.54,-0.01,202.52,64515.83,-1
2024-01-07,2024-01-07 12:58:00,319.54,319.54,319.52,319.52,-0.01,202.52,64515.83,-1
2024-01-07,2024-01-07 12:59:00,319.52,319.52,319.5,319.5,-0.01,202.52,64515.83,-1
2024-01-07,2024-01-07 13:00:00,319.5,333.0,311.0,319.48,-0.01,202.52,64515.83,-1
2024-01-07,2024-01-07 13:01:00,319.48,319.48,319.46,319.46,-0.01,202.52,64515.83,-1
2024-01-07,2024-01-07 13:02:00,319.46,319.46,319.44,319.44,-0.01,202.52,64515.83,-1
2024-01-07,2024-01-07 13:03:00,319.44,319.44,319.42,319.42,-0.01,202.52,64515.83,-1
2024-01-07,2024-01-07 13:04:00,319.42,319.42,319.4,319.4,-0.01,202.52,64515.83,-1
2024-01-07,2024-01-07 13:05:00,319.4,319.4,319.38,319.38,-0.01,202.52,64515.83,-1
2024-01-07,2024-01-07 13:06:00,319.38,319.38,319.35,319.35,-0.01,202.52,64515.83,-1
2024-01-07,2024-01-07 13:07:00,319.35,319.35,319.33,319.33,-0.01,202.52,64515.83,-1
2024-01-07,2024-01-07 13:08:00,319.33,319.33,319.31,319.31,-0.01,202.52,64515.83,-1
2024-01-07,2024-01-07 13:09:00,319.31,319.31,319.29,319.29,-0.01,202.52,64515.83,-1
2024-01-07,2024-01-07 13:10:00,319.29,319.29,319.27,319.27,-0.01,202.52,64515.83,-1
2024-01-07,2024-01-07 13:11:00,319.27,319.27,319.25,319.25,-0.01,202.52,64515.83,-1
2024-01-07,2024-01-07 13:12:00,319.25,319.25,319.23,319.23,-0.01,202.52,64515.83,-1
2024-01-07,2024-01-07 13:13:00,319.23,319.23,319.21,319.21,-0.01,202.52,64515.83,-1
2024-01-07,2024-01-07 13:14:00,319.21,319.21,319.19,319.19,-0.01,202.52,64515.83,-1
2024-01-07,2024-01-07 13:15:00,319.19,319.19,319.17,319.17,-0.01,202.52,64515.83,-1
2024-01-07,2024-01-07 13:16:00,319.17,319.17,319.15,319.15,-0.01,202.52,64515.83,-1
2024-01-07,2024-01-07 13:17:00,319.15,319.15,319.12,319.12,-0.01,202.52,64515.83,-1
2024-01-07,2024-01-07 13:18:00,319.12,319.12,319.1,319.1,-0.01,202.52,64515.83,-1
2024-01-07,2024-01-07 13:19:00,319.1,319.1,319.08,319.08,-0.01,202.52,64515.83,-1
2024-01-07,2024-01-07 13:20:00,319.08,319.08,319.06,319.06,-0.01,202.52,64515.83,-1
2024-01-07,2024-01-07 13:21:00,319.06,319.06,319.04,319.04,-0.01,202.52,64515.83,-1
2024-01-07,2024-01-07 13:22:00,319.04,319.04,319.02,319.02,-0.01,202.52,64515.83,-1
2024-01-07,2024-01-07 13:23:00,319.02,319.02,319.0,319.0,-0.01,202.52,64515.83,-1
2024-01-07,2024-01-07 13:24:00,319.0,319.0,318.98,318.98,-0.01,202.52,64515.83,-1
2024-01-07,2024-01-07 13:25:00,318.98,318.98,318.96,318.96,-0.01,202.52,64515.83,-1
2024-01-07,2024-01-07 13:26:00,318.96,318.96,318.94,318.94,-0.01,202.52,64515.83,-1
2024-01-07,2024-01-07 13:27:00,318.94,318.94,318.92,318.92,-0.01,202.52,64515.83,-1
2024-01-07,2024-01-07 13:28:00,318.92,318.92,318.9,318.9,-0.01,202.52,64515.83,-1
2024-01-07,2024-01-07 13:29:00,318.9,318.9,318.88,318.88,-0.01,202.52,64515.83,-1
2024-01-07,2024-01-07 13:30:00,318.88,318.88,318.85,318.85,-0.01,202.52,64515.83,-1
2024-01-07,2024-01-07 13:31:00,318.85,318.85,318.83,318.83,-0.01,202.52,64515.83,-1
2024-01-07,2024-01-07 13:32:00,318.83,318.83,318.81,318.81,-0.01,202.52,64515.83,-1
2024-01-07,2024-01-07 13:33:00,318.81,318.81,318.79,318.79,-0.01,202.52,64515.83,-1
2024-01-07,2024-01-07 13:34:00,318.79,318.79,318.77,318.77,-0.01,202.52,64515.83,-1
2024-01-07,2024-01-07 13:35:00,318.77,318.77,318.75,318.75,-0.01,202.52,64515.83,-1
2024-01-07,2024-01-07 13:36:00,318.75,318.75,318.73,318.73,-0.01,202.52,64515.83,-1
2024-01-07,2024-01-07 13:37:00,318.73,318.73,318.71,318.71,-0.01,202.52,64515.83,-1
2024-01-07,2024-01-07 13:38:00,318.71,318.71,318.69,318.69,-0.01,202.52,64515.83,-1
2024-01-07,2024-01-07 13:39:00,318.69,318.69,318.67,318.67,-0.01,202.52,64515.83,-1
2024-01-07,2024-01-07 13:40:00,318.67,318.67,318.65,318.65,-0.01,202.52,64515.83,-1
2024-01-07,2024-01-07 13:41:00,318.65,318.65,318.62,318.62,-0.01,202.52,64515.83,-1
2024-01-07,2024-01-07 13:42:00,318.62,318.62,318.6,318.6,-0.01,202.52,64515.83,-1
2024-01-07,2024-01-07 13:43:00,318.6,318.6,318.58,318.58,-0.01,202.52,64515.83,-1
2024-01-07,2024-01-07 13:44:00,318.58,318.58,318.56,318.56,-0.01,202.52,64515.83,-1
2024-01-07,2024-01-07 13:45:00,318.56,318.56,318.54,318.54,-0.01,202.52,64515.83,-1
2024-01-07,2024-01-07 13:46:00,318.54,318.54,318.52,318.52,-0.01,202.52,64515.83,-1
2024-01-07,2024-01-07 13:47:00,318.52,318.52,318.5,318.5,-0.01,202.52,64515.83,-1
2024-01-07,2024-01-07 13:48:00,318.5,318.5,318.48,318.48,-0.01,202.52,64515.83,-1
2024-01-07,2024-01-07 13:49:00,318.48,318.48,318.46,318.46,-0.01,202.52,64515.83,-1
2024-01-07,2024-01-07 13:50:00,318.46,318.46,318.44,318.44,-0.01,202.52,64515.83,-1
2024-01-07,2024-01-07 13:51:00,318.44,318.44,318.42,318.42,-0.01,202.52,64515.83,-1
2024-01-07,2024-01-07 13:52:00,318.42,318.42,318.4,318.4,-0.01,202.52,64515.83,-1
2024-01-07,2024-01-07 13:53:00,318.4,318.4,318.38,318.38,-0.01,202.52,64515.83,-1
2024-01-07,2024-01-07 13:54:00,318.38,318.38,318.35,318.35,-0.01,202.52,64515.83,-1
2024-01-07,2024-01-07 13:55:00,318.35,318.35,318.33,318.33,-0.01,202.52,64515.83,-1
2024-01-07,2024-01-07 13:56:00,318.33,318.33,318.31,318.31,-0.01,202.52,64515.83,-1
2024-01-07,2024-01-07 13:57:00,318.31,318.31,318.29,318.29,-0.01,202.52,64515.83,-1
2024-01-07,2024-01-07 13:58:00,318.29,318.29,318.27,318.27,-0.01,202.52,64515.83,-1
2024-01-07,2024-01-07 13:59:00,318.27,318.27,318.25,318.25,-0.01,202.52,64515.83,-1
2024-01-07,2024-01-07 14:00:00,318.25,318.25,318.23,318.23,-0.01,202.52,64515.83,-1
2024-01-07,2024-01-07 14:01:00,318.23,318.23,318.21,318.21,-0.01,202.52,64515.83,-1
2024-01-07,2024-01-07 14:02:00,318.21,318.21,318.19,318.19,-0.01,202.52,64515.83,-1
2024-01-07,2024-01-07 14:03:00,318.19,318.19,318.17,318.17,-0.01,202.52,64515.83,-1
2024-01-07,2024-01-07 14:04:00,318.17,318.17,318.15,318.15,-0.01,202.52,64515.83,-1
2024-01-07,2024-01-07 14:05:00,318.15,318.15,318.12,318.12,-0.01,202.52,64515.83,-1
2024-01-07,2024-01-07 14:06:00,318.12,318.12,318.1,318.1,-0.01,202.52,64515.83,-1
2024-01-07,2024-01-07 14:07:00,318.1,318.1,318.08,318.08,-0.01,202.52,64515.83,-1
2024-01-07,2024-01-07 14:08:00,318.08,318.08,318.06,318.06,-0.01,202.52,64515.83,-1
2024-01-07,2024-01-07 14:09:00,318.06,318.06,318.04,318.04,-0.01,202.52,64515.83,-1
2024-01-07,2024-01-07 14:10:00,318.04,318.04,318.02,318.02,-0.01,202.52,64515.83,-1
2024-01-07,2024-01-07 14:11:00,318.02,318.02,318.0,318.0,-0.01,202.52,64515.83,-1
2024-01-07,2024-01-07 14:12:00,318.0,318.0,317.98,317.98,-0.01,202.52,64515.83,-1
2024-01-07,2024-01-07 14:13:00,317.98,317.98,317.96,317.96,-0.01,202.52,64515.83,-1
2024-01-07,2024-01-07 14:14:00,317.96,317.96,317.94,317.94,-0.01,202.52,64515.83,-1
2024-01-07,2024-01-07 14:15:00,317.94,317.94,317.92,317.92,-0.01,202.52,64515.83,-1
2024-01-07,2024-01-07 14:16:00,317.92,317.92,317.9,317.9,-0.01,202.52,64515.83,-1
2024-01-07,2024-01-07 14:17:00,317.9,317.9,317.88,317.88,-0.01,202.52,64515.83,-1
2024-01-07,2024-01-07 14:18:00,317.88,317.88,317.85,317.85,-0.01,202.52,64515.83,-1
2024-01-07,2024-01-07 14:19:00,317.85,317.85,317.83,317.83,-0.01,202.52,64515.83,-1
2024-01-07,2024-01-07 14:20:00,317.83,317.83,317.81,317.81,-0.01,202.52,64515.83,-1
2024-01-07,2024-01-07 14:21:00,317.81,317.81,317.79,317.79,-0.01,202.52,64515.83,-1
2024-01-07,2024-01-07 14:22:00,317.79,317.79,317.77,317.77,-0.01,202.52,64515.83,-1
2024-01-07,2024-01-07 14:23:00,317.77,317.77,317.75,317.75,-0.01,202.52,64515.83,-1
2024-01-07,2024-01-07 14:24:00,317.75,317.75,317.73,317.73,-0.01,202.52,64515.83,-1
2024-01-07,2024-01-07 14:25:00,317.73,317.73,317.71,317.71,-0.01,202.52,64515.83,-1
2024-01-07,2024-01-07 14:26:00,317.71,317.71,317.69,317.69,-0.01,202.52,64515.83,-1
2024-01-07,2024-01-07 14:27:00,317.69,317.69,317.67,317.67,-0.01,202.52,64515.83,-1
2024-01-07,2024-01-07 14:28:00,317.67,317.67,317.65,317.65,-0.01,202.52,64515.83,-1
2024-01-07,2024-01-07 14:29:00,317.65,317.65,317.62,317.62,-0.01,202.52,64515.83,-1
2024-01-07,2024-01-07 14:30:00,317.62,317.62,317.6,317.6,-0.01,202.52,64515.83,-1
2024-01-07,2024-01-07 14:31:00,317.6,317.6,317.58,317.58,-0.01,202.52,64515.83,-1
2024-01-07,2024-01-07 14:32:00,317.58,317.58,317.56,317.56,-0.01,202.52,64515.83,-1
2024-01-07,2024-01-07 14:33:00,317.56,317.56,317.54,317.54,-0.01,202.52,64515.83,-1
2024-01-07,2024-01-07 14:34:00,317.54,317.54,317.52,317.52,-0.01,202.52,64515.83,-1
2024-01-07,2024-01-07 14:35:00,317.52,317.52,317.5,317.5,-0.01,202.52,64515.83,-1
2024-01-07,2024-01-07 14:36:00,317.5,317.5,317.48,317.48,-0.01,202.52,64515.83,-1
2024-01-07,2024-01-07 14:37:00,317.48,317.48,317.46,317.46,-0.01,202.52,64515.83,-1
2024-01-07,2024-01-07 14:38:00,317.46,317.46,317.44,317.44,-0.01,202.52,64515.83,-1
2024-01-07,2024-01-07 14:39:00,317.44,317.44,317.42,317.42,-0.01,202.52,64515.83,-1
2024-01-07,2024-01-07 14:40:00,317.42,317.42,317.4,317.4,-0.01,202.52,64515.83,-1
2024-01-07,2024-01-07 14:41:00,317.4,317.4,317.38,317.38,-0.01,202.52,64515.83,-1
2024-01-07,2024-01-07 14:42:00,317.38,317.38,317.35,317.35,-0.01,202.52,64515.83,-1
2024-01-07,2024-01-07 14:43:00,317.35,317.35,317.33,317.33,-0.01,202.52,64515.83,-1
2024-01-07,2024-01-07 14:44:00,317.33,317.33,317.31,317.31,-0.01,202.52,64515.83,-1
2024-01-07,2024-01-07 14:45:00,317.31,317.31,317.29,317.29,-0.01,202.52,64515.83,-1
2024-01-07,2024-01-07 14:46:00,317.29,317.29,317.27,317.27,-0.01,202.52,64515.83,-1
2024-01-07,2024-01-07 14:47:00,317.27,317.27,317.25,317.25,-0.01,202.52,64515.83,-1
2024-01-07,2024-01-07 14:48:00,317.25,317.25,317.23,317.23,-0.01,202.52,64515.83,-1
2024-01-07,2024-01-07 14:49:00,317.23,317.23,317.21,317.21,-0.01,202.52,64515.83,-1
2024-01-07,2024-01-07 14:50:00,317.21,317.21,317.19,317.19,-0.01,202.52,64515.83,-1
2024-01-07,2024-01-07 14:51:00,317.19,317.19,317.17,317.17,-0.01,202.52,64515.83,-1
2024-01-07,2024-01-07 14:52:00,317.17,317.17,317.15,317.15,-0.01,202.52,64515.83,-1
2024-01-07,2024-01-07 14:53:00,317.15,317.15,317.12,317.12,-0.01,202.52,64515.83,-1
2024-01-07,2024-01-07 14:54:00,317.12,317.12,317.1,317.1,-0.01,202.52,64515.83,-1
2024-01-07,2024-01-07 14:55:00,317.1,317.1,317.08,317.08,-0.01,202.52,64515.83,-1
2024-01-07,2024-01-07 14:56:00,317.08,317.08,317.06,317.06,-0.01,202.52,64515.83,-1
2024-01-07,2024-01-07 14:57:00,317.06,317.06,317.04,317.04,-0.01,202.52,64515.83,-1
2024-01-07,2024-01-07 14:58:00,317.04,317.04,317.02,317.02,-0.01,202.52,64515.83,-1
2024-01-07,2024-01-07 14:59:00,317.02,317.02,317.0,317.0,-0.01,202.52,64515.83,-1
2024-01-07,2024-01-07 15:00:00,317.0,333.0,311.0,317.0,0.0,202.52,64515.83,0
2024-01-08,2024-01-08 11:00:00,311.0,319.7,311.0,311.11,0.04,154.07,50133.42,1
2024-01-08,2024-01-08 11:01:00,311.11,311.23,311.11,311.23,0.04,154.07,50133.42,1
2024-01-08,2024-01-08 11:02:00,311.23,311.34,311.23,311.34,0.04,154.07,50133.42,1
2024-01-08,2024-01-08 11:03:00,311.34,311.46,311.34,311.46,0.04,154.07,50133.42,1
2024-01-08,2024-01-08 11:04:00,311.46,311.57,311.46,311.57,0.04,154.07,50133.42,1
2024-01-08,2024-01-08 11:05:00,311.57,311.69,311.57,311.69,0.04,154.07,50133.42,1
2024-01-08,2024-01-08 11:06:00,311.69,311.8,311.69,311.8,0.04,154.07,50133.42,1
2024-01-08,2024-01-08 11:07:00,311.8,311.92,311.8,311.92,0.04,154.07,50133.42,1
2024-01-08,2024-01-08 11:08:00,311.92,312.03,311.92,312.03,0.04,154.07,50133.42,1
2024-01-08,2024-01-08 11:09:00,312.03,312.15,312.03,312.15,0.04,154.07,50133.42,1
2024-01-08,2024-01-08 11:10:00,312.15,312.26,312.15,312.26,0.04,154.07,50133.42,1
2024-01-08,2024-01-08 11:11:00,312.26,312.38,312.26,312.38,0.04,154.07,50133.42,1
2024-01-08,2024-01-08 11:12:00,312.38,312.49,312.38,312.49,0.04,154.07,50133.42,1
2024-01-08,2024-01-08 11:13:00,312.49,312.6,312.49,312.6,0.04,154.07,50133.42,1
2024-01-08,2024-01-08 11:14:00,312.6,312.72,312.6,312.72,0.04,154.07,50133.42,1
2024-01-08,2024-01-08 11:15:00,312.72,312.83,312.72,312.83,0.04,154.07,50133.42,1
2024-01-08,2024-01-08 11:16:00,312.83,312.95,312.83,312.95,0.04,154.07,50133.42,1
2024-01-08,2024-01-08 11:17:00,312.95,313.06,312.95,313.06,0.04,154.07,50133.42,1
2024-01-08,2024-01-08 11:18:00,313.06,313.18,313.06,313.18,0.04,154.07,50133.42,1
2024-01-08,2024-01-08 11:19:00,313.18,313.29,313.18,313.29,0.04,154.07,50133.42,1
2024-01-08,2024-01-08 11:20:00,313.29,313.41,313.29,313.41,0.04,154.07,50133.42,1
2024-01-08,2024-01-08 11:21:00,313.41,313.52,313.41,313.52,0.04,154.07,50133.42,1
2024-01-08,2024-01-08 11:22:00,313.52,313.64,313.52,313.64,0.04,154.07,50133.42,1
2024-01-08,2024-01-08 11:23:00,313.64,313.75,313.64,313.75,0.04,154.07,50133.42,1
2024-01-08,2024-01-08 11:24:00,313.75,313.86,313.75,313.86,0.04,154.07,50133.42,1
2024-01-08,2024-01-08 11:25:00,313.86,313.98,313.86,313.98,0.04,154.07,50133.42,1
2024-01-08,2024-01-08 11:26:00,313.98,314.09,313.98,314.09,0.04,154.07,50133.42,1
2024-01-08,2024-01-08 11:27:00,314.09,314.21,314.09,314.21,0.04,154.07,50133.42,1
2024-01-08,2024-01-08 11:28:00,314.21,314.32,314.21,314.32,0.04,154.07,50133.42,1
2024-01-08,2024-01-08 11:29:00,314.32,314.44,314.32,314.44,0.04,154.07,50133.42,1
2024-01-08,2024-01-08 11:30:00,314.44,314.55,314.44,314.55,0.03,154.07,50133.42,1
2024-01-08,2024-01-08 11:31:00,314.55,314.67,314.55,314.67,0.04,154.07,50133.42,1
2024-01-08,2024-01-08 11:32:00,314.67,314.78,314.67,314.78,0.03,154.07,50133.42,1
2024-01-08,2024-01-08 11:33:00,314.78,314.9,314.78,314.9,0.04,154.07,50133.42,1
2024-01-08,2024-01-08 11:34:00,314.9,315.01,314.9,315.01,0.03,154.07,50133.42,1
2024-01-08,2024-01-08 11:35:00,315.01,315.12,315.01,315.12,0.03,154.07,50133.42,1
2024-01-08,2024-01-08 11:36:00,315.12,315.24,315.12,315.24,0.04,154.07,50133.42,1
2024-01-08,2024-01-08 11:37:00,315.24,315.35,315.24,315.35,0.03,154.07,50133.42,1
2024-01-08,2024-01-08 11:38:00,315.35,315.47,315.35,315.47,0.04,154.07,50133.42,1
2024-01-08,2024-01-08 11:39:00,315.47,315.58,315.47,315.58,0.03,154.07,50133.42,1
2024-01-08,2024-01-08 11:40:00,315.58,315.7,315.58,315.7,0.04,154.07,50133.42,1
2024-01-08,2024-01-08 11:41:00,315.7,315.81,315.7,315.81,0.03,154.07,50133.42,1
2024-01-08,2024-01-08 11:42:00,315.81,315.93,315.81,315.93,0.04,154.07,50133.42,1
2024-01-08,2024-01-08 11:43:00,315.93,316.04,315.93,316.04,0.03,154.07,50133.42,1
2024-01-08,2024-01-08 11:44:00,316.04,316.16,316.04,316.16,0.04,154.07,50133.42,1
2024-01-08,2024-01-08 11:45:00,316.16,316.27,316.16,316.27,0.03,154.07,50133.42,1
2024-01-08,2024-01-08 11:46:00,316.27,316.39,316.27,316.39,0.04,154.07,50133.42,1
2024-01-08,2024-01-08 11:47:00,316.39,316.5,316.39,316.5,0.03,154.07,50133.42,1
2024-01-08,2024-01-08 11:48:00,316.5,316.61,316.5,316.61,0.03,154.07,50133.42,1
2024-01-08,2024-01-08 11:49:00,316.61,316.73,316.61,316.73,0.04,154.07,50133.42,1
2024-01-08,2024-01-08 11:50:00,316.73,316.84,316.73,316.84,0.03,154.07,50133.42,1
2024-01-08,2024-01-08 11:51:00,316.84,316.96,316.84,316.96,0.04,154.07,50133.42,1
2024-01-08,2024-01-08 11:52:00,316.96,317.07,316.96,317.07,0.03,154.07,50133.42,1
2024-01-08,2024-01-08 11:53:00,317.07,317.19,317.07,317.19,0.04,154.07,50133.42,1
2024-01-08,2024-01-08 11:54:00,317.19,317.3,317.19,317.3,0.03,154.07,50133.42,1
2024-01-08,2024-01-08 11:55:00,317.3,317.42,317.3,317.42,0.04,154.07,50133.42,1
2024-01-08,2024-01-08 11:56:00,317.42,317.53,317.42,317.53,0.03,154.07,50133.42,1
2024-01-08,2024-01-08 11:57:00,317.53,317.65,317.53,317.65,0.04,154.07,50133.42,1
2024-01-08,2024-01-08 11:58:00,317.65,317.76,317.65,317.76,0.03,154.07,50133.42,1
2024-01-08,2024-01-08 11:59:00,317.76,317.88,317.76,317.88,0.04,154.07,50133.42,1
2024-01-08,2024-01-08 12:00:00,317.88,317.99,317.88,317.99,0.03,154.07,50133.42,1
2024-01-08,2024-01-08 12:01:00,317.99,318.1,317.99,318.1,0.03,154.07,50133.42,1
2024-01-08,2024-01-08 12:02:00,318.1,318.22,318.1,318.22,0.04,154.07,50133.42,1
2024-01-08,2024-01-08 12:03:00,318.22,318.33,318.22,318.33,0.03,154.07,50133.42,1
2024-01-08,2024-01-08 12:04:00,318.33,318.45,318.33,318.45,0.04,154.07,50133.42,1
2024-01-08,2024-01-08 12:05:00,318.45,318.56,318.45,318.56,0.03,154.07,50133.42,1
2024-01-08,2024-01-08 12:06:00,318.56,318.68,318.56,318.68,0.04,154.07,50133.42,1
2024-01-08,2024-01-08 12:07:00,318.68,318.79,318.68,318.79,0.03,154.07,50133.42,1
2024-01-08,2024-01-08 12:08:00,318.79,318.91,318.79,318.91,0.04,154.07,50133.42,1
2024-01-08,2024-01-08 12:09:00,318.91,319.02,318.91,319.02,0.03,154.07,50133.42,1
2024-01-08,2024-01-08 12:10:00,319.02,319.14,319.02,319.14,0.04,154.07,50133.42,1
2024-01-08,2024-01-08 12:11:00,319.14,319.25,319.14,319.25,0.03,154.07,50133.42,1
2024-01-08,2024-01-08 12:12:00,319.25,319.36,319.25,319.36,0.03,154.07,50133.42,1
2024-01-08,2024-01-08 12:13:00,319.36,319.48,319.36,319.48,0.04,154.07,50133.42,1
2024-01-08,2024-01-08 12:14:00,319.48,319.59,319.48,319.59,0.03,154.07,50133.42,1
2024-01-08,2024-01-08 12:15:00,319.59,319.71,319.59,319.71,0.04,154.07,50133.42,1
2024-01-08,2024-01-08 12:16:00,319.71,319.82,319.71,319.82,0.03,154.07,50133.42,1
2024-01-08,2024-01-08 12:17:00,319.82,319.94,319.82,319.94,0.04,154.07,50133.42,1
2024-01-08,2024-01-08 12:18:00,319.94,320.05,319.94,320.05,0.03,154.07,50133.42,1
2024-01-08,2024-01-08 12:19:00,320.05,320.17,320.05,320.17,0.04,154.07,50133.42,1
2024-01-08,2024-01-08 12:20:00,320.17,320.28,320.17,320.28,0.03,154.07,50133.42,1
2024-01-08,2024-01-08 12:21:00,320.28,320.4,320.28,320.4,0.04,154.07,50133.42,1
2024-01-08,2024-01-08 12:22:00,320.4,320.51,320.4,320.51,0.03,154.07,50133.42,1
2024-01-08,2024-01-08 12:23:00,320.51,320.62,320.51,320.62,0.03,154.07,50133.42,1
2024-01-08,2024-01-08 12:24:00,320.62,320.74,320.62,320.74,0.04,154.07,50133.42,1
2024-01-08,2024-01-08 12:25:00,320.74,320.85,320.74,320.85,0.03,154.07,50133.42,1
2024-01-08,2024-01-08 12:26:00,320.85,320.97,320.85,320.97,0.04,154.07,50133.42,1
2024-01-08,2024-01-08 12:27:00,320.97,321.08,320.97,321.08,0.03,154.07,50133.42,1
2024-01-08,2024-01-08 12:28:00,321.08,321.2,321.08,321.2,0.04,154.07,50133.42,1
2024-01-08,2024-01-08 12:29:00,321.2,321.31,321.2,321.31,0.03,154.07,50133.42,1
2024-01-08,2024-01-08 12:30:00,321.31,321.43,321.31,321.43,0.04,154.07,50133.42,1
2024-01-08,2024-01-08 12:31:00,321.43,321.54,321.43,321.54,0.03,154.07,50133.42,1
2024-01-08,2024-01-08 12:32:00,321.54,321.66,321.54,321.66,0.04,154.07,50133.42,1
2024-01-08,2024-01-08 12:33:00,321.66,321.77,321.66,321.77,0.03,154.07,50133.42,1
2024-01-08,2024-01-08 12:34:00,321.77,321.89,321.77,321.89,0.04,154.07,50133.42,1
2024-01-08,2024-01-08 12:35:00,321.89,322.0,321.89,322.0,0.03,154.07,50133.42,1
2024-01-08,2024-01-08 12:36:00,322.0,322.11,322.0,322.11,0.03,154.07,50133.42,1
2024-01-08,2024-01-08 12:37:00,322.11,322.23,322.11,322.23,0.04,154.07,50133.42,1
2024-01-08,2024-01-08 12:38:00,322.23,322.34,322.23,322.34,0.03,154.07,50133.42,1
2024-01-08,2024-01-08 12:39:00,322.34,322.46,322.34,322.46,0.04,154.07,50133.42,1
2024-01-08,2024-01-08 12:40:00,322.46,322.57,322.46,322.57,0.03,154.07,50133.42,1
2024-01-08,2024-01-08 12:41:00,322.57,322.69,322.57,322.69,0.04,154.07,50133.42,1
2024-01-08,2024-01-08 12:42:00,322.69,322.8,322.69,322.8,0.03,154.07,50133.42,1
2024-01-08,2024-01-08 12:43:00,322.8,322.92,322.8,322.92,0.04,154.07,50133.42,1
2024-01-08,2024-01-08 12:44:00,322.92,323.03,322.92,323.03,0.03,154.07,50133.42,1
2024-01-08,2024-01-08 12:45:00,323.03,323.15,323.03,323.15,0.04,154.07,50133.42,1
2024-01-08,2024-01-08 12:46:00,323.15,323.26,323.15,323.26,0.03,154.07,50133.42,1
2024-01-08,2024-01-08 12:47:00,323.26,323.38,323.26,323.38,0.04,154.07,50133.42,1
2024-01-08,2024-01-08 12:48:00,323.38,323.49,323.38,323.49,0.03,154.07,50133.42,1
2024-01-08,2024-01-08 12:49:00,323.49,323.6,323.49,323.6,0.03,154.07,50133.42,1
2024-01-08,2024-01-08 12:50:00,323.6,323.72,323.6,323.72,0.04,154.07,50133.42,1
2024-01-08,2024-01-08 12:51:00,323.72,323.83,323.72,323.83,0.03,154.07,50133.42,1
2024-01-08,2024-01-08 12:52:00,323.83,323.95,323.83,323.95,0.04,154.07,50133.42,1
2024-01-08,2024-01-08 12:53:00,323.95,324.06,323.95,324.06,0.03,154.07,50133.42,1
2024-01-08,2024-01-08 12:54:00,324.06,324.18,324.06,324.18,0.04,154.07,50133.42,1
2024-01-08,2024-01-08 12:55:00,324.18,324.29,324.18,324.29,0.03,154.07,50133.42,1
2024-01-08,2024-01-08 12:56:00,324.29,324.41,324.29,324.41,0.04,154.07,50133.42,1
2024-01-08,2024-01-08 12:57:00,324.41,324.52,324.41,324.52,0.03,154.07,50133.42,1
2024-01-08,2024-01-08 12:58:00,324.52,324.64,324.52,324.64,0.04,154.07,50133.42,1
2024-01-08,2024-01-08 12:59:00,324.64,324.75,324.64,324.75,0.03,154.07,50133.42,1
2024-01-08,2024-01-08 13:00:00,324.75,340.0,311.0,324.86,0.03,154.07,50133.42,1
2024-01-08,2024-01-08 13:01:00,324.86,324.98,324.86,324.98,0.04,154.07,50133.42,1
2024-01-08,2024-01-08 13:02:00,324.98,325.09,324.98,325.09,0.03,154.07,50133.42,1
2024-01-08,2024-01-08 13:03:00,325.09,325.21,325.09,325.21,0.04,154.07,50133.42,1
2024-01-08,2024-01-08 13:04:00,325.21,325.32,325.21,325.32,0.03,154.07,50133.42,1
2024-01-08,2024-01-08 13:05:00,325.32,325.44,325.32,325.44,0.04,154.07,50133.42,1
2024-01-08,2024-01-08 13:06:00,325.44,325.55,325.44,325.55,0.03,154.07,50133.42,1
2024-01-08,2024-01-08 13:07:00,325.55,325.67,325.55,325.67,0.04,154.07,50133.42,1
2024-01-08,2024-01-08 13:08:00,325.67,325.78,325.67,325.78,0.03,154.07,50133.42,1
2024-01-08,2024-01-08 13:09:00,325.78,325.9,325.78,325.9,0.04,154.07,50133.42,1
2024-01-08,2024-01-08 13:10:00,325.9,326.01,325.9,326.01,0.03,154.07,50133.42,1
2024-01-08,2024-01-08 13:11:00,326.01,326.12,326.01,326.12,0.03,154.07,50133.42,1
2024-01-08,2024-01-08 13:12:00,326.12,326.24,326.12,326.24,0.04,154.07,50133.42,1
2024-01-08,2024-01-08 13:13:00,326.24,326.35,326.24,326.35,0.03,154.07,50133.42,1
2024-01-08,2024-01-08 13:14:00,326.35,326.47,326.35,326.47,0.04,154.07,50133.42,1
2024-01-08,2024-01-08 13:15:00,326.47,326.58,326.47,326.58,0.03,154.07,50133.42,1
2024-01-08,2024-01-08 13:16:00,326.58,326.7,326.58,326.7,0.04,154.07,50133.42,1
2024-01-08,2024-01-08 13:17:00,326.7,326.81,326.7,326.81,0.03,154.07,50133.42,1
2024-01-08,2024-01-08 13:18:00,326.81,326.93,326.81,326.93,0.04,154.07,50133.42,1
2024-01-08,2024-01-08 13:19:00,326.93,327.04,326.93,327.04,0.03,154.07,50133.42,1
2024-01-08,2024-01-08 13:20:00,327.04,327.16,327.04,327.16,0.04,154.07,50133.42,1
2024-01-08,2024-01-08 13:21:00,327.16,327.27,327.16,327.27,0.03,154.07,50133.42,1
2024-01-08,2024-01-08 13:22:00,327.27,327.39,327.27,327.39,0.04,154.07,50133.42,1
2024-01-08,2024-01-08 13:23:00,327.39,327.5,327.39,327.5,0.03,154.07,50133.42,1
2024-01-08,2024-01-08 13:24:00,327.5,327.61,327.5,327.61,0.03,154.07,50133.42,1
2024-01-08,2024-01-08 13:25:00,327.61,327.73,327.61,327.73,0.04,154.07,50133.42,1
2024-01-08,2024-01-08 13:26:00,327.73,327.84,327.73,327.84,0.03,154.07,50133.42,1
2024-01-08,2024-01-08 13:27:00,327.84,327.96,327.84,327.96,0.04,154.07,50133.42,1
2024-01-08,2024-01-08 13:28:00,327.96,328.07,327.96,328.07,0.03,154.07,50133.42,1
2024-01-08,2024-01-08 13:29:00,328.07,328.19,328.07,328.19,0.04,154.07,50133.42,1
2024-01-08,2024-01-08 13:30:00,328.19,328.3,328.19,328.3,0.03,154.07,50133.42,1
2024-01-08,2024-01-08 13:31:00,328.3,328.42,328.3,328.42,0.04,154.07,50133.42,1
2024-01-08,2024-01-08 13:32:00,328.42,328.53,328.42,328.53,0.03,154.07,50133.42,1
2024-01-08,2024-01-08 13:33:00,328.53,328.65,328.53,328.65,0.04,154.07,50133.42,1
2024-01-08,2024-01-08 13:34:00,328.65,328.76,328.65,328.76,0.03,154.07,50133.42,1
2024-01-08,2024-01-08 13:35:00,328.76,328.88,328.76,328.88,0.04,154.07,50133.42,1
2024-01-08,2024-01-08 13:36:00,328.88,328.99,328.88,328.99,0.03,154.07,50133.42,1
2024-01-08,2024-01-08 13:37:00,328.99,329.1,328.99,329.1,0.03,154.07,50133.42,1
2024-01-08,2024-01-08 13:38:00,329.1,329.22,329.1,329.22,0.04,154.07,50133.42,1
2024-01-08,2024-01-08 13:39:00,329.22,329.33,329.22,329.33,0.03,154.07,50133.42,1
2024-01-08,2024-01-08 13:40:00,329.33,329.45,329.33,329.45,0.04,154.07,50133.42,1
2024-01-08,2024-01-08 13:41:00,329.45,329.56,329.45,329.56,0.03,154.07,50133.42,1
2024-01-08,2024-01-08 13:42:00,329.56,329.68,329.56,329.68,0.04,154.07,50133.42,1
2024-01-08,2024-01-08 13:43:00,329.68,329.79,329.68,329.79,0.03,154.07,50133.42,1
2024-01-08,2024-01-08 13:44:00,329.79,329.91,329.79,329.91,0.04,154.07,50133.42,1
2024-01-08,2024-01-08 13:45:00,329.91,330.02,329.91,330.02,0.03,154.07,50133.42,1
2024-01-08,2024-01-08 13:46:00,330.02,330.14,330.02,330.14,0.04,154.07,50133.42,1
2024-01-08,2024-01-08 13:47:00,330.14,330.25,330.14,330.25,0.03,154.07,50133.42,1
2024-01-08,2024-01-08 13:48:00,330.25,330.36,330.25,330.36,0.03,154.07,50133.42,1
2024-01-08,2024-01-08 13:49:00,330.36,330.48,330.36,330.48,0.04,154.07,50133.42,1
2024-01-08,2024-01-08 13:50:00,330.48,330.59,330.48,330.59,0.03,154.07,50133.42,1
2024-01-08,2024-01-08 13:51:00,330.59,330.71,330.59,330.71,0.04,154.07,50133.42,1
2024-01-08,2024-01-08 13:52:00,330.71,330.82,330.71,330.82,0.03,154.07,50133.42,1
2024-01-08,2024-01-08 13:53:00,330.82,330.94,330.82,330.94,0.04,154.07,50133.42,1
2024-01-08,2024-01-08 13:54:00,330.94,331.05,330.94,331.05,0.03,154.07,50133.42,1
2024-01-08,2024-01-08 13:55:00,331.05,331.17,331.05,331.17,0.04,154.07,50133.42,1
2024-01-08,2024-01-08 13:56:00,331.17,331.28,331.17,331.28,0.03,154.07,50133.42,1
2024-01-08,2024-01-08 13:57:00,331.28,331.4,331.28,331.4,0.04,154.07,50133.42,1
2024-01-08,2024-01-08 13:58:00,331.4,331.51,331.4,331.51,0.03,154.07,50133.42,1
2024-01-08,2024-01-08 13:59:00,331.51,331.62,331.51,331.62,0.03,154.07,50133.42,1
2024-01-08,2024-01-08 14:00:00,331.62,331.74,331.62,331.74,0.04,154.07,50133.42,1
2024-01-08,2024-01-08 14:01:00,331.74,331.85,331.74,331.85,0.03,154.07,50133.42,1
2024-01-08,2024-01-08 14:02:00,331.85,331.97,331.85,331.97,0.04,154.07,50133.42,1
2024-01-08,2024-01-08 14:03:00,331.97,332.08,331.97,332.08,0.03,154.07,50133.42,1
2024-01-08,2024-01-08 14:04:00,332.08,332.2,332.08,332.2,0.04,154.07,50133.42,1
2024-01-08,2024-01-08 14:05:00,332.2,332.31,332.2,332.31,0.03,154.07,50133.42,1
2024-01-08,2024-01-08 14:06:00,332.31,332.43,332.31,332.43,0.04,154.07,50133.42,1
2024-01-08,2024-01-08 14:07:00,332.43,332.54,332.43,332.54,0.03,154.07,50133.42,1
2024-01-08,2024-01-08 14:08:00,332.54,332.66,332.54,332.66,0.04,154.07,50133.42,1
2024-01-08,2024-01-08 14:09:00,332.66,332.77,332.66,332.77,0.03,154.07,50133.42,1
2024-01-08,2024-01-08 14:10:00,332.77,332.89,332.77,332.89,0.04,154.07,50133.42,1
2024-01-08,2024-01-08 14:11:00,332.89,333.0,332.89,333.0,0.03,154.07,50133.42,1
2024-01-08,2024-01-08 14:12:00,333.0,333.11,333.0,333.11,0.03,154.07,50133.42,1
2024-01-08,2024-01-08 14:13:00,333.11,333.23,333.11,333.23,0.04,154.07,50133.42,1
2024-01-08,2024-01-08 14:14:00,333.23,333.34,333.23,333.34,0.03,154.07,50133.42,1
2024-01-08,2024-01-08 14:15:00,333.34,333.46,333.34,333.46,0.04,154.07,50133.42,1
2024-01-08,2024-01-08 14:16:00,333.46,333.57,333.46,333.57,0.03,154.07,50133.42,1
2024-01-08,2024-01-08 14:17:00,333.57,333.69,333.57,333.69,0.04,154.07,50133.42,1
2024-01-08,2024-01-08 14:18:00,333.69,333.8,333.69,333.8,0.03,154.07,50133.42,1
2024-01-08,2024-01-08 14:19:00,333.8,333.92,333.8,333.92,0.04,154.07,50133.42,1
2024-01-08,2024-01-08 14:20:00,333.92,334.03,333.92,334.03,0.03,154.07,50133.42,1
2024-01-08,2024-01-08 14:21:00,334.03,334.15,334.03,334.15,0.04,154.07,50133.42,1
2024-01-08,2024-01-08 14:22:00,334.15,334.26,334.15,334.26,0.03,154.07,50133.42,1
2024-01-08,2024-01-08 14:23:00,334.26,334.38,334.26,334.38,0.04,154.07,50133.42,1
2024-01-08,2024-01-08 14:24:00,334.38,334.49,334.38,334.49,0.03,154.07,50133.42,1
2024-01-08,2024-01-08 14:25:00,334.49,334.6,334.49,334.6,0.03,154.07,50133.42,1
2024-01-08,2024-01-08 14:26:00,334.6,334.72,334.6,334.72,0.04,154.07,50133.42,1
2024-01-08,2024-01-08 14:27:00,334.72,334.83,334.72,334.83,0.03,154.07,50133.42,1
2024-01-08,2024-01-08 14:28:00,334.83,334.95,334.83,334.95,0.04,154.07,50133.42,1
2024-01-08,2024-01-08 14:29:00,334.95,335.06,334.95,335.06,0.03,154.07,50133.42,1
2024-01-08,2024-01-08 14:30:00,335.06,335.18,335.06,335.18,0.04,154.07,50133.42,1
2024-01-08,2024-01-08 14:31:00,335.18,335.29,335.18,335.29,0.03,154.07,50133.42,1
2024-01-08,2024-01-08 14:32:00,335.29,335.41,335.29,335.41,0.04,154.07,50133.42,1
2024-01-08,2024-01-08 14:33:00,335.41,335.52,335.41,335.52,0.03,154.07,50133.42,1
2024-01-08,2024-01-08 14:34:00,335.52,335.64,335.52,335.64,0.04,154.07,50133.42,1
2024-01-08,2024-01-08 14:35:00,335.64,335.75,335.64,335.75,0.03,154.07,50133.42,1
2024-01-08,2024-01-08 14:36:00,335.75,335.86,335.75,335.86,0.03,154.07,50133.42,1
2024-01-08,2024-01-08 14:37:00,335.86,335.98,335.86,335.98,0.04,154.07,50133.42,1
2024-01-08,2024-01-08 14:38:00,335.98,336.09,335.98,336.09,0.03,154.07,50133.42,1
2024-01-08,2024-01-08 14:39:00,336.09,336.21,336.09,336.21,0.04,154.07,50133.42,1
2024-01-08,2024-01-08 14:40:00,336.21,336.32,336.21,336.32,0.03,154.07,50133.42,1
2024-01-08,2024-01-08 14:41:00,336.32,336.44,336.32,336.44,0.04,154.07,50133.42,1
2024-01-08,2024-01-08 14:42:00,336.44,336.55,336.44,336.55,0.03,154.07,50133.42,1
2024-01-08,2024-01-08 14:43:00,336.55,336.67,336.55,336.67,0.04,154.07,50133.42,1
2024-01-08,2024-01-08 14:44:00,336.67,336.78,336.67,336.78,0.03,154.07,50133.42,1
2024-01-08,2024-01-08 14:45:00,336.78,336.9,336.78,336.9,0.04,154.07,50133.42,1
2024-01-08,2024-01-08 14:46:00,336.9,337.01,336.9,337.01,0.03,154.07,50133.42,1
2024-01-08,2024-01-08 14:47:00,337.01,337.12,337.01,337.12,0.03,154.07,50133.42,1
2024-01-08,2024-01-08 14:48:00,337.12,337.24,337.12,337.24,0.04,154.07,50133.42,1
2024-01-08,2024-01-08 14:49:00,337.24,337.35,337.24,337.35,0.03,154.07,50133.42,1
2024-01-08,2024-01-08 14:50:00,337.35,337.47,337.35,337.47,0.04,154.07,50133.42,1
2024-01-08,2024-01-08 14:51:00,337.47,337.58,337.47,337.58,0.03,154.07,50133.42,1
2024-01-08,2024-01-08 14:52:00,337.58,337.7,337.58,337.7,0.04,154.07,50133.42,1
2024-01-08,2024-01-08 14:53:00,337.7,337.81,337.7,337.81,0.03,154.07,50133.42,1
2024-01-08,2024-01-08 14:54:00,337.81,337.93,337.81,337.93,0.04,154.07,50133.42,1
2024-01-08,2024-01-08 14:55:00,337.93,338.04,337.93,338.04,0.03,154.07,50133.42,1
2024-01-08,2024-01-08 14:56:00,338.04,338.16,338.04,338.16,0.04,154.07,50133.42,1
2024-01-08,2024-01-08 14:57:00,338.16,338.27,338.16,338.27,0.03,154.07,50133.42,1
2024-01-08,2024-01-08 14:58:00,338.27,338.39,338.27,338.39,0.04,154.07,50133.42,1
2024-01-08,2024-01-08 14:59:00,338.39,338.5,338.39,338.5,0.03,154.07,50133.42,1
2024-01-08,2024-01-08 15:00:00,338.5,340.0,311.0,338.5,0.0,154.07,50133.42,0
2024-01-09,2024-01-09 11:00:00,345.2,347.24,338.24,345.13,-0.02,174.54,57927.59,-1
2024-01-09,2024-01-09 11:01:00,345.13,345.13,345.06,345.06,-0.02,174.54,57927.59,-1
2024-01-09,2024-01-09 11:02:00,345.06,345.06,344.99,344.99,-0.02,174.54,57927.59,-1
2024-01-09,2024-01-09 11:03:00,344.99,344.99,344.91,344.91,-0.02,174.54,57927.59,-1
2024-01-09,2024-01-09 11:04:00,344.91,344.91,344.84,344.84,-0.02,174.54,57927.59,-1
2024-01-09,2024-01-09 11:05:00,344.84,344.84,344.77,344.77,-0.02,174.54,57927.59,-1
2024-01-09,2024-01-09 11:06:00,344.77,344.77,344.7,344.7,-0.02,174.54,57927.59,-1
2024-01-09,2024-01-09 11:07:00,344.7,344.7,344.63,344.63,-0.02,174.54,57927.59,-1
2024-01-09,2024-01-09 11:08:00,344.63,344.63,344.56,344.56,-0.02,174.54,57927.59,-1
2024-01-09,2024-01-09 11:09:00,344.56,344.56,344.48,344.48,-0.02,174.54,57927.59,-1
2024-01-09,2024-01-09 11:10:00,344.48,344.48,344.41,344.41,-0.02,174.54,57927.59,-1
2024-01-09,2024-01-09 11:11:00,344.41,344.41,344.34,344.34,-0.02,174.54,57927.59,-1
2024-01-09,2024-01-09 11:12:00,344.34,344.34,344.27,344.27,-0.02,174.54,57927.59,-1
2024-01-09,2024-01-09 11:13:00,344.27,344.27,344.2,344.2,-0.02,174.54,57927.59,-1
2024-01-09,2024-01-09 11:14:00,344.2,344.2,344.12,344.12,-0.02,174.54,57927.59,-1
2024-01-09,2024-01-09 11:15:00,344.12,344.12,344.05,344.05,-0.02,174.54,57927.59,-1
2024-01-09,2024-01-09 11:16:00,344.05,344.05,343.98,343.98,-0.02,174.54,57927.59,-1
2024-01-09,2024-01-09 11:17:00,343.98,343.98,343.91,343.91,-0.02,174.54,57927.59,-1
2024-01-09,2024-01-09 11:18:00,343.91,343.91,343.84,343.84,-0.02,174.54,57927.59,-1
2024-01-09,2024-01-09 11:19:00,343.84,343.84,343.77,343.77,-0.02,174.54,57927.59,-1
2024-01-09,2024-01-09 11:20:00,343.77,343.77,343.69,343.69,-0.02,174.54,57927.59,-1
2024-01-09,2024-01-09 11:21:00,343.69,343.69,343.62,343.62,-0.02,174.54,57927.59,-1
2024-01-09,2024-01-09 11:22:00,343.62,343.62,343.55,343.55,-0.02,174.54,57927.59,-1
2024-01-09,2024-01-09 11:23:00,343.55,343.55,343.48,343.48,-0.02,174.54,57927.59,-1
2024-01-09,2024-01-09 11:24:00,343.48,343.48,343.41,343.41,-0.02,174.54,57927.59,-1
2024-01-09,2024-01-09 11:25:00,343.41,343.41,343.34,343.34,-0.02,174.54,57927.59,-1
2024-01-09,2024-01-09 11:26:00,343.34,343.34,343.26,343.26,-0.02,174.54,57927.59,-1
2024-01-09,2024-01-09 11:27:00,343.26,343.26,343.19,343.19,-0.02,174.54,57927.59,-1
2024-01-09,2024-01-09 11:28:00,343.19,343.19,343.12,343.12,-0.02,174.54,57927.59,-1
2024-01-09,2024-01-09 11:29:00,343.12,343.12,343.05,343.05,-0.02,174.54,57927.59,-1
2024-01-09,2024-01-09 11:30:00,343.05,343.05,342.98,342.98,-0.02,174.54,57927.59,-1
2024-01-09,2024-01-09 11:31:00,342.98,342.98,342.91,342.91,-0.02,174.54,57927.59,-1
2024-01-09,2024-01-09 11:32:00,342.91,342.91,342.83,342.83,-0.02,174.54,57927.59,-1
2024-01-09,2024-01-09 11:33:00,342.83,342.83,342.76,342.76,-0.02,174.54,57927.59,-1
2024-01-09,2024-01-09 11:34:00,342.76,342.76,342.69,342.69,-0.02,174.54,57927.59,-1
2024-01-09,2024-01-09 11:35:00,342.69,342.69,342.62,342.62,-0.02,174.54,57927.59,-1
2024-01-09,2024-01-09 11:36:00,342.62,342.62,342.55,342.55,-0.02,174.54,57927.59,-1
2024-01-09,2024-01-09 11:37:00,342.55,342.55,342.48,342.48,-0.02,174.54,57927.59,-1
2024-01-09,2024-01-09 11:38:00,342.48,342.48,342.4,342.4,-0.02,174.54,57927.59,-1
2024-01-09,2024-01-09 11:39:00,342.4,342.4,342.33,342.33,-0.02,174.54,57927.59,-1
2024-01-09,2024-01-09 11:40:00,342.33,342.33,342.26,342.26,-0.02,174.54,57927.59,-1
2024-01-09,2024-01-09 11:41:00,342.26,342.26,342.19,342.19,-0.02,174.54,57927.59,-1
2024-01-09,2024-01-09 11:42:00,342.19,342.19,342.12,342.12,-0.02,174.54,57927.59,-1
2024-01-09,2024-01-09 11:43:00,342.12,342.12,342.05,342.05,-0.02,174.54,57927.59,-1
2024-01-09,2024-01-09 11:44:00,342.05,342.05,341.97,341.97,-0.02,174.54,57927.59,-1
2024-01-09,2024-01-09 11:45:00,341.97,341.97,341.9,341.9,-0.02,174.54,57927.59,-1
2024-01-09,2024-01-09 11:46:00,341.9,341.9,341.83,341.83,-0.02,174.54,57927.59,-1
2024-01-09,2024-01-09 11:47:00,341.83,341.83,341.76,341.76,-0.02,174.54,57927.59,-1
2024-01-09,2024-01-09 11:48:00,341.76,341.76,341.69,341.69,-0.02,174.54,57927.59,-1
2024-01-09,2024-01-09 11:49:00,341.69,341.69,341.62,341.62,-0.02,174.54,57927.59,-1
2024-01-09,2024-01-09 11:50:00,341.62,341.62,341.55,341.55,-0.02,174.54,57927.59,-1
2024-01-09,2024-01-09 11:51:00,341.55,341.55,341.47,341.47,-0.02,174.54,57927.59,-1
2024-01-09,2024-01-09 11:52:00,341.47,341.47,341.4,341.4,-0.02,174.54,57927.59,-1
2024-01-09,2024-01-09 11:53:00,341.4,341.4,341.33,341.33,-0.02,174.54,57927.59,-1
2024-01-09,2024-01-09 11:54:00,341.33,341.33,341.26,341.26,-0.02,174.54,57927.59,-1
2024-01-09,2024-01-09 11:55:00,341.26,341.26,341.19,341.19,-0.02,174.54,57927.59,-1
2024-01-09,2024-01-09 11:56:00,341.19,341.19,341.12,341.12,-0.02,174.54,57927.59,-1
2024-01-09,2024-01-09 11:57:00,341.12,341.12,341.04,341.04,-0.02,174.54,57927.59,-1
2024-01-09,2024-01-09 11:58:00,341.04,341.04,340.97,340.97,-0.02,174.54,57927.59,-1
2024-01-09,2024-01-09 11:59:00,340.97,340.97,340.9,340.9,-0.02,174.54,57927.59,-1
2024-01-09,2024-01-09 12:00:00,340.9,340.9,340.83,340.83,-0.02,174.54,57927.59,-1
2024-01-09,2024-01-09 12:01:00,340.83,340.83,340.76,340.76,-0.02,174.54,57927.59,-1
2024-01-09,2024-01-09 12:02:00,340.76,340.76,340.69,340.69,-0.02,174.54,57927.59,-1
2024-01-09,2024-01-09 12:03:00,340.69,340.69,340.61,340.61,-0.02,174.54,57927.59,-1
2024-01-09,2024-01-09 12:04:00,340.61,340.61,340.54,340.54,-0.02,174.54,57927.59,-1
2024-01-09,2024-01-09 12:05:00,340.54,340.54,340.47,340.47,-0.02,174.54,57927.59,-1
2024-01-09,2024-01-09 12:06:00,340.47,340.47,340.4,340.4,-0.02,174.54,57927.59,-1
2024-01-09,2024-01-09 12:07:00,340.4,340.4,340.33,340.33,-0.02,174.54,57927.59,-1
2024-01-09,2024-01-09 12:08:00,340.33,340.33,340.25,340.25,-0.02,174.54,57927.59,-1
2024-01-09,2024-01-09 12:09:00,340.25,340.25,340.18,340.18,-0.02,174.54,57927.59,-1
2024-01-09,2024-01-09 12:10:00,340.18,340.18,340.11,340.11,-0.02,174.54,57927.59,-1
2024-01-09,2024-01-09 12:11:00,340.11,340.11,340.04,340.04,-0.02,174.54,57927.59,-1
2024-01-09,2024-01-09 12:12:00,340.04,340.04,339.97,339.97,-0.02,174.54,57927.59,-1
2024-01-09,2024-01-09 12:13:00,339.97,339.97,339.9,339.9,-0.02,174.54,57927.59,-1
2024-01-09,2024-01-09 12:14:00,339.9,339.9,339.82,339.82,-0.02,174.54,57927.59,-1
2024-01-09,2024-01-09 12:15:00,339.82,339.82,339.75,339.75,-0.02,174.54,57927.59,-1
2024-01-09,2024-01-09 12:16:00,339.75,339.75,339.68,339.68,-0.02,174.54,57927.59,-1
2024-01-09,2024-01-09 12:17:00,339.68,339.68,339.61,339.61,-0.02,174.54,57927.59,-1
2024-01-09,2024-01-09 12:18:00,339.61,339.61,339.54,339.54,-0.02,174.54,57927.59,-1
2024-01-09,2024-01-09 12:19:00,339.54,339.54,339.47,339.47,-0.02,174.54,57927.59,-1
2024-01-09,2024-01-09 12:20:00,339.47,339.47,339.39,339.39,-0.02,174.54,57927.59,-1
2024-01-09,2024-01-09 12:21:00,339.39,339.39,339.32,339.32,-0.02,174.54,57927.59,-1
2024-01-09,2024-01-09 12:22:00,339.32,339.32,339.25,339.25,-0.02,174.54,57927.59,-1
2024-01-09,2024-01-09 12:23:00,339.25,339.25,339.18,339.18,-0.02,174.54,57927.59,-1
2024-01-09,2024-01-09 12:24:00,339.18,339.18,339.11,339.11,-0.02,174.54,57927.59,-1
2024-01-09,2024-01-09 12:25:00,339.11,339.11,339.04,339.04,-0.02,174.54,57927.59,-1
2024-01-09,2024-01-09 12:26:00,339.04,339.04,338.96,338.96,-0.02,174.54,57927.59,-1
2024-01-09,2024-01-09 12:27:00,338.96,338.96,338.89,338.89,-0.02,174.54,57927.59,-1
2024-01-09,2024-01-09 12:28:00,338.89,338.89,338.82,338.82,-0.02,174.54,57927.59,-1
2024-01-09,2024-01-09 12:29:00,338.82,338.82,338.75,338.75,-0.02,174.54,57927.59,-1
2024-01-09,2024-01-09 12:30:00,338.75,338.75,338.68,338.68,-0.02,174.54,57927.59,-1
2024-01-09,2024-01-09 12:31:00,338.68,338.68,338.61,338.61,-0.02,174.54,57927.59,-1
2024-01-09,2024-01-09 12:32:00,338.61,338.61,338.53,338.53,-0.02,174.54,57927.59,-1
2024-01-09,2024-01-09 12:33:00,338.53,338.53,338.46,338.46,-0.02,174.54,57927.59,-1
2024-01-09,2024-01-09 12:34:00,338.46,338.46,338.39,338.39,-0.02,174.54,57927.59,-1
2024-01-09,2024-01-09 12:35:00,338.39,338.39,338.32,338.32,-0.02,174.54,57927.59,-1
2024-01-09,2024-01-09 12:36:00,338.32,338.32,338.25,338.25,-0.02,174.54,57927.59,-1
2024-01-09,2024-01-09 12:37:00,338.25,338.25,338.18,338.18,-0.02,174.54,57927.59,-1
2024-01-09,2024-01-09 12:38:00,338.18,338.18,338.11,338.11,-0.02,174.54,57927.59,-1
2024-01-09,2024-01-09 12:39:00,338.11,338.11,338.03,338.03,-0.02,174.54,57927.59,-1
2024-01-09,2024-01-09 12:40:00,338.03,338.03,337.96,337.96,-0.02,174.54,57927.59,-1
2024-01-09,2024-01-09 12:41:00,337.96,337.96,337.89,337.89,-0.02,174.54,57927.59,-1
2024-01-09,2024-01-09 12:42:00,337.89,337.89,337.82,337.82,-0.02,174.54,57927.59,-1
2024-01-09,2024-01-09 12:43:00,337.82,337.82,337.75,337.75,-0.02,174.54,57927.59,-1
2024-01-09,2024-01-09 12:44:00,337.75,337.75,337.68,337.68,-0.02,174.54,57927.59,-1
2024-01-09,2024-01-09 12:45:00,337.68,337.68,337.6,337.6,-0.02,174.54,57927.59,-1
2024-01-09,2024-01-09 12:46:00,337.6,337.6,337.53,337.53,-0.02,174.54,57927.59,-1
2024-01-09,2024-01-09 12:47:00,337.53,337.53,337.46,337.46,-0.02,174.54,57927.59,-1
2024-01-09,2024-01-09 12:48:00,337.46,337.46,337.39,337.39,-0.02,174.54,57927.59,-1
2024-01-09,2024-01-09 12:49:00,337.39,337.39,337.32,337.32,-0.02,174.54,57927.59,-1
2024-01-09,2024-01-09 12:50:00,337.32,337.32,337.25,337.25,-0.02,174.54,57927.59,-1
2024-01-09,2024-01-09 12:51:00,337.25,337.25,337.17,337.17,-0.02,174.54,57927.59,-1
2024-01-09,2024-01-09 12:52:00,337.17,337.17,337.1,337.1,-0.02,174.54,57927.59,-1
2024-01-09,2024-01-09 12:53:00,337.1,337.1,337.03,337.03,-0.02,174.54,57927.59,-1
2024-01-09,2024-01-09 12:54:00,337.03,337.03,336.96,336.96,-0.02,174.54,57927.59,-1
2024-01-09,2024-01-09 12:55:00,336.96,336.96,336.89,336.89,-0.02,174.54,57927.59,-1
2024-01-09,2024-01-09 12:56:00,336.89,336.89,336.81,336.81,-0.02,174.54,57927.59,-1
2024-01-09,2024-01-09 12:57:00,336.81,336.81,336.74,336.74,-0.02,174.54,57927.59,-1
2024-01-09,2024-01-09 12:58:00,336.74,336.74,336.67,336.67,-0.02,174.54,57927.59,-1
2024-01-09,2024-01-09 12:59:00,336.67,336.67,336.6,336.6,-0.02,174.54,57927.59,-1
2024-01-09,2024-01-09 13:00:00,336.6,352.0,322.0,336.53,-0.02,174.54,57927.59,-1
2024-01-09,2024-01-09 13:01:00,336.53,336.53,336.46,336.46,-0.02,174.54,57927.59,-1
2024-01-09,2024-01-09 13:02:00,336.46,336.46,336.38,336.38,-0.02,174.54,57927.59,-1
2024-01-09,2024-01-09 13:03:00,336.38,336.38,336.31,336.31,-0.02,174.54,57927.59,-1
2024-01-09,2024-01-09 13:04:00,336.31,336.31,336.24,336.24,-0.02,174.54,57927.59,-1
2024-01-09,2024-01-09 13:05:00,336.24,336.24,336.17,336.17,-0.02,174.54,57927.59,-1
2024-01-09,2024-01-09 13:06:00,336.17,336.17,336.1,336.1,-0.02,174.54,57927.59,-1
2024-01-09,2024-01-09 13:07:00,336.1,336.1,336.03,336.03,-0.02,174.54,57927.59,-1
2024-01-09,2024-01-09 13:08:00,336.03,336.03,335.95,335.95,-0.02,174.54,57927.59,-1
2024-01-09,2024-01-09 13:09:00,335.95,335.95,335.88,335.88,-0.02,174.54,57927.59,-1
2024-01-09,2024-01-09 13:10:00,335.88,335.88,335.81,335.81,-0.02,174.54,57927.59,-1
2024-01-09,2024-01-09 13:11:00,335.81,335.81,335.74,335.74,-0.02,174.54,57927.59,-1
2024-01-09,2024-01-09 13:12:00,335.74,335.74,335.67,335.67,-0.02,174.54,57927.59,-1
2024-01-09,2024-01-09 13:13:00,335.67,335.67,335.6,335.6,-0.02,174.54,57927.59,-1
2024-01-09,2024-01-09 13:14:00,335.6,335.6,335.52,335.52,-0.02,174.54,57927.59,-1
2024-01-09,2024-01-09 13:15:00,335.52,335.52,335.45,335.45,-0.02,174.54,57927.59,-1
2024-01-09,2024-01-09 13:16:00,335.45,335.45,335.38,335.38,-0.02,174.54,57927.59,-1
2024-01-09,2024-01-09 13:17:00,335.38,335.38,335.31,335.31,-0.02,174.54,57927.59,-1
2024-01-09,2024-01-09 13:18:00,335.31,335.31,335.24,335.24,-0.02,174.54,57927.59,-1
2024-01-09,2024-01-09 13:19:00,335.24,335.24,335.17,335.17,-0.02,174.54,57927.59,-1
2024-01-09,2024-01-09 13:20:00,335.17,335.17,335.09,335.09,-0.02,174.54,57927.59,-1
2024-01-09,2024-01-09 13:21:00,335.09,335.09,335.02,335.02,-0.02,174.54,57927.59,-1
2024-01-09,2024-01-09 13:22:00,335.02,335.02,334.95,334.95,-0.02,174.54,57927.59,-1
2024-01-09,2024-01-09 13:23:00,334.95,334.95,334.88,334.88,-0.02,174.54,57927.59,-1
2024-01-09,2024-01-09 13:24:00,334.88,334.88,334.81,334.81,-0.02,174.54,57927.59,-1
2024-01-09,2024-01-09 13:25:00,334.81,334.81,334.74,334.74,-0.02,174.54,57927.59,-1
2024-01-09,2024-01-09 13:26:00,334.74,334.74,334.67,334.67,-0.02,174.54,57927.59,-1
2024-01-09,2024-01-09 13:27:00,334.67,334.67,334.59,334.59,-0.02,174.54,57927.59,-1
2024-01-09,2024-01-09 13:28:00,334.59,334.59,334.52,334.52,-0.02,174.54,57927.59,-1
2024-01-09,2024-01-09 13:29:00,334.52,334.52,334.45,334.45,-0.02,174.54,57927.59,-1
2024-01-09,2024-01-09 13:30:00,334.45,334.45,334.38,334.38,-0.02,174.54,57927.59,-1
2024-01-09,2024-01-09 13:31:00,334.38,334.38,334.31,334.31,-0.02,174.54,57927.59,-1
2024-01-09,2024-01-09 13:32:00,334.31,334.31,334.24,334.24,-0.02,174.54,57927.59,-1
2024-01-09,2024-01-09 13:33:00,334.24,334.24,334.16,334.16,-0.02,174.54,57927.59,-1
2024-01-09,2024-01-09 13:34:00,334.16,334.16,334.09,334.09,-0.02,174.54,57927.59,-1
2024-01-09,2024-01-09 13:35:00,334.09,334.09,334.02,334.02,-0.02,174.54,57927.59,-1
2024-01-09,2024-01-09 13:36:00,334.02,334.02,333.95,333.95,-0.02,174.54,57927.59,-1
2024-01-09,2024-01-09 13:37:00,333.95,333.95,333.88,333.88,-0.02,174.54,57927.59,-1
2024-01-09,2024-01-09 13:38:00,333.88,333.88,333.81,333.81,-0.02,174.54,57927.59,-1
2024-01-09,2024-01-09 13:39:00,333.81,333.81,333.73,333.73,-0.02,174.54,57927.59,-1
2024-01-09,2024-01-09 13:40:00,333.73,333.73,333.66,333.66,-0.02,174.54,57927.59,-1
2024-01-09,2024-01-09 13:41:00,333.66,333.66,333.59,333.59,-0.02,174.54,57927.59,-1
2024-01-09,2024-01-09 13:42:00,333.59,333.59,333.52,333.52,-0.02,174.54,57927.59,-1
2024-01-09,2024-01-09 13:43:00,333.52,333.52,333.45,333.45,-0.02,174.54,57927.59,-1
2024-01-09,2024-01-09 13:44:00,333.45,333.45,333.38,333.38,-0.02,174.54,57927.59,-1
2024-01-09,2024-01-09 13:45:00,333.38,333.38,333.3,333.3,-0.02,174.54,57927.59,-1
2024-01-09,2024-01-09 13:46:00,333.3,333.3,333.23,333.23,-0.02,174.54,57927.59,-1
2024-01-09,2024-01-09 13:47:00,333.23,333.23,333.16,333.16,-0.02,174.54,57927.59,-1
2024-01-09,2024-01-09 13:48:00,333.16,333.16,333.09,333.09,-0.02,174.54,57927.59,-1
2024-01-09,2024-01-09 13:49:00,333.09,333.09,333.02,333.02,-0.02,174.54,57927.59,-1
2024-01-09,2024-01-09 13:50:00,333.02,333.02,332.94,332.94,-0.02,174.54,57927.59,-1
2024-01-09,2024-01-09 13:51:00,332.94,332.94,332.87,332.87,-0.02,174.54,57927.59,-1
2024-01-09,2024-01-09 13:52:00,332.87,332.87,332.8,332.8,-0.02,174.54,57927.59,-1
2024-01-09,2024-01-09 13:53:00,332.8,332.8,332.73,332.73,-0.02,174.54,57927.59,-1
2024-01-09,2024-01-09 13:54:00,332.73,332.73,332.66,332.66,-0.02,174.54,57927.59,-1
2024-01-09,2024-01-09 13:55:00,332.66,332.66,332.59,332.59,-0.02,174.54,57927.59,-1
2024-01-09,2024-01-09 13:56:00,332.59,332.59,332.51,332.51,-0.02,174.54,57927.59,-1
2024-01-09,2024-01-09 13:57:00,332.51,332.51,332.44,332.44,-0.02,174.54,57927.59,-1
2024-01-09,2024-01-09 13:58:00,332.44,332.44,332.37,332.37,-0.02,174.54,57927.59,-1
2024-01-09,2024-01-09 13:59:00,332.37,332.37,332.3,332.3,-0.02,174.54,57927.59,-1
2024-01-09,2024-01-09 14:00:00,332.3,332.3,332.23,332.23,-0.02,174.54,57927.59,-1
2024-01-09,2024-01-09 14:01:00,332.23,332.23,332.16,332.16,-0.02,174.54,57927.59,-1
2024-01-09,2024-01-09 14:02:00,332.16,332.16,332.08,332.08,-0.02,174.54,57927.59,-1
2024-01-09,2024-01-09 14:03:00,332.08,332.08,332.01,332.01,-0.02,174.54,57927.59,-1
2024-01-09,2024-01-09 14:04:00,332.01,332.01,331.94,331.94,-0.02,174.54,57927.59,-1
2024-01-09,2024-01-09 14:05:00,331.94,331.94,331.87,331.87,-0.02,174.54,57927.59,-1
2024-01-09,2024-01-09 14:06:00,331.87,331.87,331.8,331.8,-0.02,174.54,57927.59,-1
2024-01-09,2024-01-09 14:07:00,331.8,331.8,331.73,331.73,-0.02,174.54,57927.59,-1
2024-01-09,2024-01-09 14:08:00,331.73,331.73,331.65,331.65,-0.02,174.54,57927.59,-1
2024-01-09,2024-01-09 14:09:00,331.65,331.65,331.58,331.58,-0.02,174.54,57927.59,-1
2024-01-09,2024-01-09 14:10:00,331.58,331.58,331.51,331.51,-0.02,174.54,57927.59,-1
2024-01-09,2024-01-09 14:11:00,331.51,331.51,331.44,331.44,-0.02,174.54,57927.59,-1
2024-01-09,2024-01-09 14:12:00,331.44,331.44,331.37,331.37,-0.02,174.54,57927.59,-1
2024-01-09,2024-01-09 14:13:00,331.37,331.37,331.3,331.3,-0.02,174.54,57927.59,-1
2024-01-09,2024-01-09 14:14:00,331.3,331.3,331.23,331.23,-0.02,174.54,57927.59,-1
2024-01-09,2024-01-09 14:15:00,331.23,331.23,331.15,331.15,-0.02,174.54,57927.59,-1
2024-01-09,2024-01-09 14:16:00,331.15,331.15,331.08,331.08,-0.02,174.54,57927.59,-1
2024-01-09,2024-01-09 14:17:00,331.08,331.08,331.01,331.01,-0.02,174.54,57927.59,-1
2024-01-09,2024-01-09 14:18:00,331.01,331.01,330.94,330.94,-0.02,174.54,57927.59,-1
2024-01-09,2024-01-09 14:19:00,330.94,330.94,330.87,330.87,-0.02,174.54,57927.59,-1
2024-01-09,2024-01-09 14:20:00,330.87,330.87,330.8,330.8,-0.02,174.54,57927.59,-1
2024-01-09,2024-01-09 14:21:00,330.8,330.8,330.72,330.72,-0.02,174.54,57927.59,-1
2024-01-09,2024-01-09 14:22:00,330.72,330.72,330.65,330.65,-0.02,174.54,57927.59,-1
2024-01-09,2024-01-09 14:23:00,330.65,330.65,330.58,330.58,-0.02,174.54,57927.59,-1
2024-01-09,2024-01-09 14:24:00,330.58,330.58,330.51,330.51,-0.02,174.54,57927.59,-1
2024-01-09,2024-01-09 14:25:00,330.51,330.51,330.44,330.44,-0.02,174.54,57927.59,-1
2024-01-09,2024-01-09 14:26:00,330.44,330.44,330.37,330.37,-0.02,174.54,57927.59,-1
2024-01-09,2024-01-09 14:27:00,330.37,330.37,330.29,330.29,-0.02,174.54,57927.59,-1
2024-01-09,2024-01-09 14:28:00,330.29,330.29,330.22,330.22,-0.02,174.54,57927.59,-1
2024-01-09,2024-01-09 14:29:00,330.22,330.22,330.15,330.15,-0.02,174.54,57927.59,-1
2024-01-09,2024-01-09 14:30:00,330.15,330.15,330.08,330.08,-0.02,174.54,57927.59,-1
2024-01-09,2024-01-09 14:31:00,330.08,330.08,330.01,330.01,-0.02,174.54,57927.59,-1
2024-01-09,2024-01-09 14:32:00,330.01,330.01,329.94,329.94,-0.02,174.54,57927.59,-1
2024-01-09,2024-01-09 14:33:00,329.94,329.94,329.86,329.86,-0.02,174.54,57927.59,-1
2024-01-09,2024-01-09 14:34:00,329.86,329.86,329.79,329.79,-0.02,174.54,57927.59,-1
2024-01-09,2024-01-09 14:35:00,329.79,329.79,329.72,329.72,-0.02,174.54,57927.59,-1
2024-01-09,2024-01-09 14:36:00,329.72,329.72,329.65,329.65,-0.02,174.54,57927.59,-1
2024-01-09,2024-01-09 14:37:00,329.65,329.65,329.58,329.58,-0.02,174.54,57927.59,-1
2024-01-09,2024-01-09 14:38:00,329.58,329.58,329.5,329.5,-0.02,174.54,57927.59,-1
2024-01-09,2024-01-09 14:39:00,329.5,329.5,329.43,329.43,-0.02,174.54,57927.59,-1
2024-01-09,2024-01-09 14:40:00,329.43,329.43,329.36,329.36,-0.02,174.54,57927.59,-1
2024-01-09,2024-01-09 14:41:00,329.36,329.36,329.29,329.29,-0.02,174.54,57927.59,-1
2024-01-09,2024-01-09 14:42:00,329.29,329.29,329.22,329.22,-0.02,174.54,57927.59,-1
2024-01-09,2024-01-09 14:43:00,329.22,329.22,329.15,329.15,-0.02,174.54,57927.59,-1
2024-01-09,2024-01-09 14:44:00,329.15,329.15,329.07,329.07,-0.02,174.54,57927.59,-1
2024-01-09,2024-01-09 14:45:00,329.07,329.07,329.0,329.0,-0.02,174.54,57927.59,-1
2024-01-09,2024-01-09 14:46:00,329.0,329.0,328.93,328.93,-0.02,174.54,57927.59,-1
2024-01-09,2024-01-09 14:47:00,328.93,328.93,328.86,328.86,-0.02,174.54,57927.59,-1
2024-01-09,2024-01-09 14:48:00,328.86,328.86,328.79,328.79,-0.02,174.54,57927.59,-1
2024-01-09,2024-01-09 14:49:00,328.79,328.79,328.72,328.72,-0.02,174.54,57927.59,-1
2024-01-09,2024-01-09 14:50:00,328.72,328.72,328.64,328.64,-0.02,174.54,57927.59,-1
2024-01-09,2024-01-09 14:51:00,328.64,328.64,328.57,328.57,-0.02,174.54,57927.59,-1
2024-01-09,2024-01-09 14:52:00,328.57,328.57,328.5,328.5,-0.02,174.54,57927.59,-1
2024-01-09,2024-01-09 14:53:00,328.5,328.5,328.43,328.43,-0.02,174.54,57927.59,-1
2024-01-09,2024-01-09 14:54:00,328.43,328.43,328.36,328.36,-0.02,174.54,57927.59,-1
2024-01-09,2024-01-09 14:55:00,328.36,328.36,328.29,328.29,-0.02,174.54,57927.59,-1
2024-01-09,2024-01-09 14:56:00,328.29,328.29,328.21,328.21,-0.02,174.54,57927.59,-1
2024-01-09,2024-01-09 14:57:00,328.21,328.21,328.14,328.14,-0.02,174.54,57927.59,-1
2024-01-09,2024-01-09 14:58:00,328.14,328.14,328.07,328.07,-0.02,174.54,57927.59,-1
2024-01-09,2024-01-09 14:59:00,328.07,328.07,328.0,328.0,-0.02,174.54,57927.59,-1
2024-01-09,2024-01-09 15:00:00,328.0,352.0,322.0,328.0,0.0,174.54,57927.59,0
2024-01-10,2024-01-10 11:00:00,333.0,334.83,329.55,333.02,0.01,213.49,71273.74,1
2024-01-10,2024-01-10 11:01:00,333.02,333.05,333.02,333.05,0.01,213.49,71273.74,1
2024-01-10,2024-01-10 11:02:00,333.05,333.07,333.05,333.07,0.01,213.49,71273.74,1
2024-01-10,2024-01-10 11:03:00,333.07,333.1,333.07,333.1,0.01,213.49,71273.74,1
2024-01-10,2024-01-10 11:04:00,333.1,333.12,333.1,333.12,0.01,213.49,71273.74,1
2024-01-10,2024-01-10 11:05:00,333.12,333.15,333.12,333.15,0.01,213.49,71273.74,1
2024-01-10,2024-01-10 11:06:00,333.15,333.17,333.15,333.17,0.01,213.49,71273.74,1
2024-01-10,2024-01-10 11:07:00,333.17,333.2,333.17,333.2,0.01,213.49,71273.74,1
2024-01-10,2024-01-10 11:08:00,333.2,333.22,333.2,333.22,0.01,213.49,71273.74,1
2024-01-10,2024-01-10 11:09:00,333.22,333.25,333.22,333.25,0.01,213.49,71273.74,1
2024-01-10,2024-01-10 11:10:00,333.25,333.27,333.25,333.27,0.01,213.49,71273.74,1
2024-01-10,2024-01-10 11:11:00,333.27,333.3,333.27,333.3,0.01,213.49,71273.74,1
2024-01-10,2024-01-10 11:12:00,333.3,333.32,333.3,333.32,0.01,213.49,71273.74,1
2024-01-10,2024-01-10 11:13:00,333.32,333.34,333.32,333.34,0.01,213.49,71273.74,1
2024-01-10,2024-01-10 11:14:00,333.34,333.37,333.34,333.37,0.01,213.49,71273.74,1
2024-01-10,2024-01-10 11:15:00,333.37,333.39,333.37,333.39,0.01,213.49,71273.74,1
2024-01-10,2024-01-10 11:16:00,333.39,333.42,333.39,333.42,0.01,213.49,71273.74,1
2024-01-10,2024-01-10 11:17:00,333.42,333.44,333.42,333.44,0.01,213.49,71273.74,1
2024-01-10,2024-01-10 11:18:00,333.44,333.47,333.44,333.47,0.01,213.49,71273.74,1
2024-01-10,2024-01-10 11:19:00,333.47,333.49,333.47,333.49,0.01,213.49,71273.74,1
2024-01-10,2024-01-10 11:20:00,333.49,333.52,333.49,333.52,0.01,213.49,71273.74,1
2024-01-10,2024-01-10 11:21:00,333.52,333.54,333.52,333.54,0.01,213.49,71273.74,1
2024-01-10,2024-01-10 11:22:00,333.54,333.57,333.54,333.57,0.01,213.49,71273.74,1
2024-01-10,2024-01-10 11:23:00,333.57,333.59,333.57,333.59,0.01,213.49,71273.74,1
2024-01-10,2024-01-10 11:24:00,333.59,333.61,333.59,333.61,0.01,213.49,71273.74,1
2024-01-10,2024-01-10 11:25:00,333.61,333.64,333.61,333.64,0.01,213.49,71273.74,1
2024-01-10,2024-01-10 11:26:00,333.64,333.66,333.64,333.66,0.01,213.49,71273.74,1
2024-01-10,2024-01-10 11:27:00,333.66,333.69,333.66,333.69,0.01,213.49,71273.74,1
2024-01-10,2024-01-10 11:28:00,333.69,333.71,333.69,333.71,0.01,213.49,71273.74,1
2024-01-10,2024-01-10 11:29:00,333.71,333.74,333.71,333.74,0.01,213.49,71273.74,1
2024-01-10,2024-01-10 11:30:00,333.74,333.76,333.74,333.76,0.01,213.49,71273.74,1
2024-01-10,2024-01-10 11:31:00,333.76,333.79,333.76,333.79,0.01,213.49,71273.74,1
2024-01-10,2024-01-10 11:32:00,333.79,333.81,333.79,333.81,0.01,213.49,71273.74,1
2024-01-10,2024-01-10 11:33:00,333.81,333.84,333.81,333.84,0.01,213.49,71273.74,1
2024-01-10,2024-01-10 11:34:00,333.84,333.86,333.84,333.86,0.01,213.49,71273.74,1
2024-01-10,2024-01-10 11:35:00,333.86,333.88,333.86,333.88,0.01,213.49,71273.74,1
2024-01-10,2024-01-10 11:36:00,333.88,333.91,333.88,333.91,0.01,213.49,71273.74,1
2024-01-10,2024-01-10 11:37:00,333.91,333.93,333.91,333.93,0.01,213.49,71273.74,1
2024-01-10,2024-01-10 11:38:00,333.93,333.96,333.93,333.96,0.01,213.49,71273.74,1
2024-01-10,2024-01-10 11:39:00,333.96,333.98,333.96,333.98,0.01,213.49,71273.74,1
2024-01-10,2024-01-10 11:40:00,333.98,334.01,333.98,334.01,0.01,213.49,71273.74,1
2024-01-10,2024-01-10 11:41:00,334.01,334.03,334.01,334.03,0.01,213.49,71273.74,1
2024-01-10,2024-01-10 11:42:00,334.03,334.06,334.03,334.06,0.01,213.49,71273.74,1
2024-01-10,2024-01-10 11:43:00,334.06,334.08,334.06,334.08,0.01,213.49,71273.74,1
2024-01-10,2024-01-10 11:44:00,334.08,334.11,334.08,334.11,0.01,213.49,71273.74,1
2024-01-10,2024-01-10 11:45:00,334.11,334.13,334.11,334.13,0.01,213.49,71273.74,1
2024-01-10,2024-01-10 11:46:00,334.13,334.16,334.13,334.16,0.01,213.49,71273.74,1
2024-01-10,2024-01-10 11:47:00,334.16,334.18,334.16,334.18,0.01,213.49,71273.74,1
2024-01-10,2024-01-10 11:48:00,334.18,334.2,334.18,334.2,0.01,213.49,71273.74,1
2024-01-10,2024-01-10 11:49:00,334.2,334.23,334.2,334.23,0.01,213.49,71273.74,1
2024-01-10,2024-01-10 11:50:00,334.23,334.25,334.23,334.25,0.01,213.49,71273.74,1
2024-01-10,2024-01-10 11:51:00,334.25,334.28,334.25,334.28,0.01,213.49,71273.74,1
2024-01-10,2024-01-10 11:52:00,334.28,334.3,334.28,334.3,0.01,213.49,71273.74,1
2024-01-10,2024-01-10 11:53:00,334.3,334.33,334.3,334.33,0.01,213.49,71273.74,1
2024-01-10,2024-01-10 11:54:00,334.33,334.35,334.33,334.35,0.01,213.49,71273.74,1
2024-01-10,2024-01-10 11:55:00,334.35,334.38,334.35,334.38,0.01,213.49,71273.74,1
2024-01-10,2024-01-10 11:56:00,334.38,334.4,334.38,334.4,0.01,213.49,71273.74,1
2024-01-10,2024-01-10 11:57:00,334.4,334.43,334.4,334.43,0.01,213.49,71273.74,1
2024-01-10,2024-01-10 11:58:00,334.43,334.45,334.43,334.45,0.01,213.49,71273.74,1
2024-01-10,2024-01-10 11:59:00,334.45,334.48,334.45,334.48,0.01,213.49,71273.74,1
2024-01-10,2024-01-10 12:00:00,334.48,334.5,334.48,334.5,0.01,213.49,71273.74,1
2024-01-10,2024-01-10 12:01:00,334.5,334.52,334.5,334.52,0.01,213.49,71273.74,1
2024-01-10,2024-01-10 12:02:00,334.52,334.55,334.52,334.55,0.01,213.49,71273.74,1
2024-01-10,2024-01-10 12:03:00,334.55,334.57,334.55,334.57,0.01,213.49,71273.74,1
2024-01-10,2024-01-10 12:04:00,334.57,334.6,334.57,334.6,0.01,213.49,71273.74,1
2024-01-10,2024-01-10 12:05:00,334.6,334.62,334.6,334.62,0.01,213.49,71273.74,1
2024-01-10,2024-01-10 12:06:00,334.62,334.65,334.62,334.65,0.01,213.49,71273.74,1
2024-01-10,2024-01-10 12:07:00,334.65,334.67,334.65,334.67,0.01,213.49,71273.74,1
2024-01-10,2024-01-10 12:08:00,334.67,334.7,334.67,334.7,0.01,213.49,71273.74,1
2024-01-10,2024-01-10 12:09:00,334.7,334.72,334.7,334.72,0.01,213.49,71273.74,1
2024-01-10,2024-01-10 12:10:00,334.72,334.75,334.72,334.75,0.01,213.49,71273.74,1
2024-01-10,2024-01-10 12:11:00,334.75,334.77,334.75,334.77,0.01,213.49,71273.74,1
2024-01-10,2024-01-10 12:12:00,334.77,334.79,334.77,334.79,0.01,213.49,71273.74,1
2024-01-10,2024-01-10 12:13:00,334.79,334.82,334.79,334.82,0.01,213.49,71273.74,1
2024-01-10,2024-01-10 12:14:00,334.82,334.84,334.82,334.84,0.01,213.49,71273.74,1
2024-01-10,2024-01-10 12:15:00,334.84,334.87,334.84,334.87,0.01,213.49,71273.74,1
2024-01-10,2024-01-10 12:16:00,334.87,334.89,334.87,334.89,0.01,213.49,71273.74,1
2024-01-10,2024-01-10 12:17:00,334.89,334.92,334.89,334.92,0.01,213.49,71273.74,1
2024-01-10,2024-01-10 12:18:00,334.92,334.94,334.92,334.94,0.01,213.49,71273.74,1
2024-01-10,2024-01-10 12:19:00,334.94,334.97,334.94,334.97,0.01,213.49,71273.74,1
2024-01-10,2024-01-10 12:20:00,334.97,334.99,334.97,334.99,0.01,213.49,71273.74,1
2024-01-10,2024-01-10 12:21:00,334.99,335.02,334.99,335.02,0.01,213.49,71273.74,1
2024-01-10,2024-01-10 12:22:00,335.02,335.04,335.02,335.04,0.01,213.49,71273.74,1
2024-01-10,2024-01-10 12:23:00,335.04,335.06,335.04,335.06,0.01,213.49,71273.74,1
2024-01-10,2024-01-10 12:24:00,335.06,335.09,335.06,335.09,0.01,213.49,71273.74,1
2024-01-10,2024-01-10 12:25:00,335.09,335.11,335.09,335.11,0.01,213.49,71273.74,1
2024-01-10,2024-01-10 12:26:00,335.11,335.14,335.11,335.14,0.01,213.49,71273.74,1
2024-01-10,2024-01-10 12:27:00,335.14,335.16,335.14,335.16,0.01,213.49,71273.74,1
2024-01-10,2024-01-10 12:28:00,335.16,335.19,335.16,335.19,0.01,213.49,71273.74,1
2024-01-10,2024-01-10 12:29:00,335.19,335.21,335.19,335.21,0.01,213.49,71273.74,1
2024-01-10,2024-01-10 12:30:00,335.21,335.24,335.21,335.24,0.01,213.49,71273.74,1
2024-01-10,2024-01-10 12:31:00,335.24,335.26,335.24,335.26,0.01,213.49,71273.74,1
2024-01-10,2024-01-10 12:32:00,335.26,335.29,335.26,335.29,0.01,213.49,71273.74,1
2024-01-10,2024-01-10 12:33:00,335.29,335.31,335.29,335.31,0.01,213.49,71273.74,1
2024-01-10,2024-01-10 12:34:00,335.31,335.34,335.31,335.34,0.01,213.49,71273.74,1
2024-01-10,2024-01-10 12:35:00,335.34,335.36,335.34,335.36,0.01,213.49,71273.74,1
2024-01-10,2024-01-10 12:36:00,335.36,335.38,335.36,335.38,0.01,213.49,71273.74,1
2024-01-10,2024-01-10 12:37:00,335.38,335.41,335.38,335.41,0.01,213.49,71273.74,1
2024-01-10,2024-01-10 12:38:00,335.41,335.43,335.41,335.43,0.01,213.49,71273.74,1
2024-01-10,2024-01-10 12:39:00,335.43,335.46,335.43,335.46,0.01,213.49,71273.74,1
2024-01-10,2024-01-10 12:40:00,335.46,335.48,335.46,335.48,0.01,213.49,71273.74,1
2024-01-10,2024-01-10 12:41:00,335.48,335.51,335.48,335.51,0.01,213.49,71273.74,1
2024-01-10,2024-01-10 12:42:00,335.51,335.53,335.51,335.53,0.01,213.49,71273.74,1
2024-01-10,2024-01-10 12:43:00,335.53,335.56,335.53,335.56,0.01,213.49,71273.74,1
2024-01-10,2024-01-10 12:44:00,335.56,335.58,335.56,335.58,0.01,213.49,71273.74,1
2024-01-10,2024-01-10 12:45:00,335.58,335.61,335.58,335.61,0.01,213.49,71273.74,1
2024-01-10,2024-01-10 12:46:00,335.61,335.63,335.61,335.63,0.01,213.49,71273.74,1
2024-01-10,2024-01-10 12:47:00,335.63,335.65,335.63,335.65,0.01,213.49,71273.74,1
2024-01-10,2024-01-10 12:48:00,335.65,335.68,335.65,335.68,0.01,213.49,71273.74,1
2024-01-10,2024-01-10 12:49:00,335.68,335.7,335.68,335.7,0.01,213.49,71273.74,1
2024-01-10,2024-01-10 12:50:00,335.7,335.73,335.7,335.73,0.01,213.49,71273.74,1
2024-01-10,2024-01-10 12:51:00,335.73,335.75,335.73,335.75,0.01,213.49,71273.74,1
2024-01-10,2024-01-10 12:52:00,335.75,335.78,335.75,335.78,0.01,213.49,71273.74,1
2024-01-10,2024-01-10 12:53:00,335.78,335.8,335.78,335.8,0.01,213.49,71273.74,1
2024-01-10,2024-01-10 12:54:00,335.8,335.83,335.8,335.83,0.01,213.49,71273.74,1
2024-01-10,2024-01-10 12:55:00,335.83,335.85,335.83,335.85,0.01,213.49,71273.74,1
2024-01-10,2024-01-10 12:56:00,335.85,335.88,335.85,335.88,0.01,213.49,71273.74,1
2024-01-10,2024-01-10 12:57:00,335.88,335.9,335.88,335.9,0.01,213.49,71273.74,1
2024-01-10,2024-01-10 12:58:00,335.9,335.93,335.9,335.93,0.01,213.49,71273.74,1
2024-01-10,2024-01-10 12:59:00,335.93,335.95,335.93,335.95,0.01,213.49,71273.74,1
2024-01-10,2024-01-10 13:00:00,335.95,339.1,321.5,335.97,0.01,213.49,71273.74,1
2024-01-10,2024-01-10 13:01:00,335.97,336.0,335.97,336.0,0.01,213.49,71273.74,1
2024-01-10,2024-01-10 13:02:00,336.0,336.02,336.0,336.02,0.01,213.49,71273.74,1
2024-01-10,2024-01-10 13:03:00,336.02,336.05,336.02,336.05,0.01,213.49,71273.74,1
2024-01-10,2024-01-10 13:04:00,336.05,336.07,336.05,336.07,0.01,213.49,71273.74,1
2024-01-10,2024-01-10 13:05:00,336.07,336.1,336.07,336.1,0.01,213.49,71273.74,1
2024-01-10,2024-01-10 13:06:00,336.1,336.12,336.1,336.12,0.01,213.49,71273.74,1
2024-01-10,2024-01-10 13:07:00,336.12,336.15,336.12,336.15,0.01,213.49,71273.74,1
2024-01-10,2024-01-10 13:08:00,336.15,336.17,336.15,336.17,0.01,213.49,71273.74,1
2024-01-10,2024-01-10 13:09:00,336.17,336.2,336.17,336.2,0.01,213.49,71273.74,1
2024-01-10,2024-01-10 13:10:00,336.2,336.22,336.2,336.22,0.01,213.49,71273.74,1
2024-01-10,2024-01-10 13:11:00,336.22,336.25,336.22,336.25,0.01,213.49,71273.74,1
2024-01-10,2024-01-10 13:12:00,336.25,336.27,336.25,336.27,0.01,213.49,71273.74,1
2024-01-10,2024-01-10 13:13:00,336.27,336.29,336.27,336.29,0.01,213.49,71273.74,1
2024-01-10,2024-01-10 13:14:00,336.29,336.32,336.29,336.32,0.01,213.49,71273.74,1
2024-01-10,2024-01-10 13:15:00,336.32,336.34,336.32,336.34,0.01,213.49,71273.74,1
2024-01-10,2024-01-10 13:16:00,336.34,336.37,336.34,336.37,0.01,213.49,71273.74,1
2024-01-10,2024-01-10 13:17:00,336.37,336.39,336.37,336.39,0.01,213.49,71273.74,1
2024-01-10,2024-01-10 13:18:00,336.39,336.42,336.39,336.42,0.01,213.49,71273.74,1
2024-01-10,2024-01-10 13:19:00,336.42,336.44,336.42,336.44,0.01,213.49,71273.74,1
2024-01-10,2024-01-10 13:20:00,336.44,336.47,336.44,336.47,0.01,213.49,71273.74,1
2024-01-10,2024-01-10 13:21:00,336.47,336.49,336.47,336.49,0.01,213.49,71273.74,1
2024-01-10,2024-01-10 13:22:00,336.49,336.52,336.49,336.52,0.01,213.49,71273.74,1
2024-01-10,2024-01-10 13:23:00,336.52,336.54,336.52,336.54,0.01,213.49,71273.74,1
2024-01-10,2024-01-10 13:24:00,336.54,336.56,336.54,336.56,0.01,213.49,71273.74,1
2024-01-10,2024-01-10 13:25:00,336.56,336.59,336.56,336.59,0.01,213.49,71273.74,1
2024-01-10,2024-01-10 13:26:00,336.59,336.61,336.59,336.61,0.01,213.49,71273.74,1
2024-01-10,2024-01-10 13:27:00,336.61,336.64,336.61,336.64,0.01,213.49,71273.74,1
2024-01-10,2024-01-10 13:28:00,336.64,336.66,336.64,336.66,0.01,213.49,71273.74,1
2024-01-10,2024-01-10 13:29:00,336.66,336.69,336.66,336.69,0.01,213.49,71273.74,1
2024-01-10,2024-01-10 13:30:00,336.69,336.71,336.69,336.71,0.01,213.49,71273.74,1
2024-01-10,2024-01-10 13:31:00,336.71,336.74,336.71,336.74,0.01,213.49,71273.74,1
2024-01-10,2024-01-10 13:32:00,336.74,336.76,336.74,336.76,0.01,213.49,71273.74,1
2024-01-10,2024-01-10 13:33:00,336.76,336.79,336.76,336.79,0.01,213.49,71273.74,1
2024-01-10,2024-01-10 13:34:00,336.79,336.81,336.79,336.81,0.01,213.49,71273.74,1
2024-01-10,2024-01-10 13:35:00,336.81,336.83,336.81,336.83,0.01,213.49,71273.74,1
2024-01-10,2024-01-10 13:36:00,336.83,336.86,336.83,336.86,0.01,213.49,71273.74,1
2024-01-10,2024-01-10 13:37:00,336.86,336.88,336.86,336.88,0.01,213.49,71273.74,1
2024-01-10,2024-01-10 13:38:00,336.88,336.91,336.88,336.91,0.01,213.49,71273.74,1
2024-01-10,2024-01-10 13:39:00,336.91,336.93,336.91,336.93,0.01,213.49,71273.74,1
2024-01-10,2024-01-10 13:40:00,336.93,336.96,336.93,336.96,0.01,213.49,71273.74,1
2024-01-10,2024-01-10 13:41:00,336.96,336.98,336.96,336.98,0.01,213.49,71273.74,1
2024-01-10,2024-01-10 13:42:00,336.98,337.01,336.98,337.01,0.01,213.49,71273.74,1
2024-01-10,2024-01-10 13:43:00,337.01,337.03,337.01,337.03,0.01,213.49,71273.74,1
2024-01-10,2024-01-10 13:44:00,337.03,337.06,337.03,337.06,0.01,213.49,71273.74,1
2024-01-10,2024-01-10 13:45:00,337.06,337.08,337.06,337.08,0.01,213.49,71273.74,1
2024-01-10,2024-01-10 13:46:00,337.08,337.11,337.08,337.11,0.01,213.49,71273.74,1
2024-01-10,2024-01-10 13:47:00,337.11,337.13,337.11,337.13,0.01,213.49,71273.74,1
2024-01-10,2024-01-10 13:48:00,337.13,337.15,337.13,337.15,0.01,213.49,71273.74,1
2024-01-10,2024-01-10 13:49:00,337.15,337.18,337.15,337.18,0.01,213.49,71273.74,1
2024-01-10,2024-01-10 13:50:00,337.18,337.2,337.18,337.2,0.01,213.49,71273.74,1
2024-01-10,2024-01-10 13:51:00,337.2,337.23,337.2,337.23,0.01,213.49,71273.74,1
2024-01-10,2024-01-10 13:52:00,337.23,337.25,337.23,337.25,0.01,213.49,71273.74,1
2024-01-10,2024-01-10 13:53:00,337.25,337.28,337.25,337.28,0.01,213.49,71273.74,1
2024-01-10,2024-01-10 13:54:00,337.28,337.3,337.28,337.3,0.01,213.49,71273.74,1
2024-01-10,2024-01-10 13:55:00,337.3,337.33,337.3,337.33,0.01,213.49,71273.74,1
2024-01-10,2024-01-10 13:56:00,337.33,337.35,337.33,337.35,0.01,213.49,71273.74,1
2024-01-10,2024-01-10 13:57:00,337.35,337.38,337.35,337.38,0.01,213.49,71273.74,1
2024-01-10,2024-01-10 13:58:00,337.38,337.4,337.38,337.4,0.01,213.49,71273.74,1
2024-01-10,2024-01-10 13:59:00,337.4,337.42,337.4,337.42,0.01,213.49,71273.74,1
2024-01-10,2024-01-10 14:00:00,337.42,337.45,337.42,337.45,0.01,213.49,71273.74,1
2024-01-10,2024-01-10 14:01:00,337.45,337.47,337.45,337.47,0.01,213.49,71273.74,1
2024-01-10,2024-01-10 14:02:00,337.47,337.5,337.47,337.5,0.01,213.49,71273.74,1
2024-01-10,2024-01-10 14:03:00,337.5,337.52,337.5,337.52,0.01,213.49,71273.74,1
2024-01-10,2024-01-10 14:04:00,337.52,337.55,337.52,337.55,0.01,213.49,71273.74,1
2024-01-10,2024-01-10 14:05:00,337.55,337.57,337.55,337.57,0.01,213.49,71273.74,1
2024-01-10,2024-01-10 14:06:00,337.57,337.6,337.57,337.6,0.01,213.49,71273.74,1
2024-01-10,2024-01-10 14:07:00,337.6,337.62,337.6,337.62,0.01,213.49,71273.74,1
2024-01-10,2024-01-10 14:08:00,337.62,337.65,337.62,337.65,0.01,213.49,71273.74,1
2024-01-10,2024-01-10 14:09:00,337.65,337.67,337.65,337.67,0.01,213.49,71273.74,1
2024-01-10,2024-01-10 14:10:00,337.67,337.7,337.67,337.7,0.01,213.49,71273.74,1
2024-01-10,2024-01-10 14:11:00,337.7,337.72,337.7,337.72,0.01,213.49,71273.74,1
2024-01-10,2024-01-10 14:12:00,337.72,337.74,337.72,337.74,0.01,213.49,71273.74,1
2024-01-10,2024-01-10 14:13:00,337.74,337.77,337.74,337.77,0.01,213.49,71273.74,1
2024-01-10,2024-01-10 14:14:00,337.77,337.79,337.77,337.79,0.01,213.49,71273.74,1
2024-01-10,2024-01-10 14:15:00,337.79,337.82,337.79,337.82,0.01,213.49,71273.74,1
2024-01-10,2024-01-10 14:16:00,337.82,337.84,337.82,337.84,0.01,213.49,71273.74,1
2024-01-10,2024-01-10 14:17:00,337.84,337.87,337.84,337.87,0.01,213.49,71273.74,1
2024-01-10,2024-01-10 14:18:00,337.87,337.89,337.87,337.89,0.01,213.49,71273.74,1
2024-01-10,2024-01-10 14:19:00,337.89,337.92,337.89,337.92,0.01,213.49,71273.74,1
2024-01-10,2024-01-10 14:20:00,337.92,337.94,337.92,337.94,0.01,213.49,71273.74,1
2024-01-10,2024-01-10 14:21:00,337.94,337.97,337.94,337.97,0.01,213.49,71273.74,1
2024-01-10,2024-01-10 14:22:00,337.97,337.99,337.97,337.99,0.01,213.49,71273.74,1
2024-01-10,2024-01-10 14:23:00,337.99,338.01,337.99,338.01,0.01,213.49,71273.74,1
2024-01-10,2024-01-10 14:24:00,338.01,338.04,338.01,338.04,0.01,213.49,71273.74,1
2024-01-10,2024-01-10 14:25:00,338.04,338.06,338.04,338.06,0.01,213.49,71273.74,1
2024-01-10,2024-01-10 14:26:00,338.06,338.09,338.06,338.09,0.01,213.49,71273.74,1
2024-01-10,2024-01-10 14:27:00,338.09,338.11,338.09,338.11,0.01,213.49,71273.74,1
2024-01-10,2024-01-10 14:28:00,338.11,338.14,338.11,338.14,0.01,213.49,71273.74,1
2024-01-10,2024-01-10 14:29:00,338.14,338.16,338.14,338.16,0.01,213.49,71273.74,1
2024-01-10,2024-01-10 14:30:00,338.16,338.19,338.16,338.19,0.01,213.49,71273.74,1
2024-01-10,2024-01-10 14:31:00,338.19,338.21,338.19,338.21,0.01,213.49,71273.74,1
2024-01-10,2024-01-10 14:32:00,338.21,338.24,338.21,338.24,0.01,213.49,71273.74,1
2024-01-10,2024-01-10 14:33:00,338.24,338.26,338.24,338.26,0.01,213.49,71273.74,1
2024-01-10,2024-01-10 14:34:00,338.26,338.29,338.26,338.29,0.01,213.49,71273.74,1
2024-01-10,2024-01-10 14:35:00,338.29,338.31,338.29,338.31,0.01,213.49,71273.74,1
2024-01-10,2024-01-10 14:36:00,338.31,338.33,338.31,338.33,0.01,213.49,71273.74,1
2024-01-10,2024-01-10 14:37:00,338.33,338.36,338.33,338.36,0.01,213.49,71273.74,1
2024-01-10,2024-01-10 14:38:00,338.36,338.38,338.36,338.38,0.01,213.49,71273.74,1
2024-01-10,2024-01-10 14:39:00,338.38,338.41,338.38,338.41,0.01,213.49,71273.74,1
2024-01-10,2024-01-10 14:40:00,338.41,338.43,338.41,338.43,0.01,213.49,71273.74,1
2024-01-10,2024-01-10 14:41:00,338.43,338.46,338.43,338.46,0.01,213.49,71273.74,1
2024-01-10,2024-01-10 14:42:00,338.46,338.48,338.46,338.48,0.01,213.49,71273.74,1
2024-01-10,2024-01-10 14:43:00,338.48,338.51,338.48,338.51,0.01,213.49,71273.74,1
2024-01-10,2024-01-10 14:44:00,338.51,338.53,338.51,338.53,0.01,213.49,71273.74,1
2024-01-10,2024-01-10 14:45:00,338.53,338.56,338.53,338.56,0.01,213.49,71273.74,1
2024-01-10,2024-01-10 14:46:00,338.56,338.58,338.56,338.58,0.01,213.49,71273.74,1
2024-01-10,2024-01-10 14:47:00,338.58,338.6,338.58,338.6,0.01,213.49,71273.74,1
2024-01-10,2024-01-10 14:48:00,338.6,338.63,338.6,338.63,0.01,213.49,71273.74,1
2024-01-10,2024-01-10 14:49:00,338.63,338.65,338.63,338.65,0.01,213.49,71273.74,1
2024-01-10,2024-01-10 14:50:00,338.65,338.68,338.65,338.68,0.01,213.49,71273.74,1
2024-01-10,2024-01-10 14:51:00,338.68,338.7,338.68,338.7,0.01,213.49,71273.74,1
2024-01-10,2024-01-10 14:52:00,338.7,338.73,338.7,338.73,0.01,213.49,71273.74,1
2024-01-10,2024-01-10 14:53:00,338.73,338.75,338.73,338.75,0.01,213.49,71273.74,1
2024-01-10,2024-01-10 14:54:00,338.75,338.78,338.75,338.78,0.01,213.49,71273.74,1
2024-01-10,2024-01-10 14:55:00,338.78,338.8,338.78,338.8,0.01,213.49,71273.74,1
2024-01-10,2024-01-10 14:56:00,338.8,338.83,338.8,338.83,0.01,213.49,71273.74,1
2024-01-10,2024-01-10 14:57:00,338.83,338.85,338.83,338.85,0.01,213.49,71273.74,1
2024-01-10,2024-01-10 14:58:00,338.85,338.88,338.85,338.88,0.01,213.49,71273.74,1
2024-01-10,2024-01-10 14:59:00,338.88,338.9,338.88,338.9,0.01,213.49,71273.74,1
2024-01-10,2024-01-10 15:00:00,338.9,339.1,321.5,338.9,0.0,213.49,71273.74,0
2024-01-11,2024-01-11 11:00:00,339.0,348.99,339.0,339.14,0.04,182.32,64690.06,1
2024-01-11,2024-01-11 11:01:00,339.14,339.28,339.14,339.28,0.04,182.32,64690.06,1
2024-01-11,2024-01-11 11:02:00,339.28,339.42,339.28,339.42,0.04,182.32,64690.06,1
2024-01-11,2024-01-11 11:03:00,339.42,339.56,339.42,339.56,0.04,182.32,64690.06,1
2024-01-11,2024-01-11 11:04:00,339.56,339.69,339.56,339.69,0.04,182.32,64690.06,1
2024-01-11,2024-01-11 11:05:00,339.69,339.83,339.69,339.83,0.04,182.32,64690.06,1
2024-01-11,2024-01-11 11:06:00,339.83,339.97,339.83,339.97,0.04,182.32,64690.06,1
2024-01-11,2024-01-11 11:07:00,339.97,340.11,339.97,340.11,0.04,182.32,64690.06,1
2024-01-11,2024-01-11 11:08:00,340.11,340.25,340.11,340.25,0.04,182.32,64690.06,1
2024-01-11,2024-01-11 11:09:00,340.25,340.39,340.25,340.39,0.04,182.32,64690.06,1
2024-01-11,2024-01-11 11:10:00,340.39,340.53,340.39,340.53,0.04,182.32,64690.06,1
2024-01-11,2024-01-11 11:11:00,340.53,340.67,340.53,340.67,0.04,182.32,64690.06,1
2024-01-11,2024-01-11 11:12:00,340.67,340.8,340.67,340.8,0.04,182.32,64690.06,1
2024-01-11,2024-01-11 11:13:00,340.8,340.94,340.8,340.94,0.04,182.32,64690.06,1
2024-01-11,2024-01-11 11:14:00,340.94,341.08,340.94,341.08,0.04,182.32,64690.06,1
2024-01-11,2024-01-11 11:15:00,341.08,341.22,341.08,341.22,0.04,182.32,64690.06,1
2024-01-11,2024-01-11 11:16:00,341.22,341.36,341.22,341.36,0.04,182.32,64690.06,1
2024-01-11,2024-01-11 11:17:00,341.36,341.5,341.36,341.5,0.04,182.32,64690.06,1
2024-01-11,2024-01-11 11:18:00,341.5,341.64,341.5,341.64,0.04,182.32,64690.06,1
2024-01-11,2024-01-11 11:19:00,341.64,341.77,341.64,341.77,0.04,182.32,64690.06,1
2024-01-11,2024-01-11 11:20:00,341.77,341.91,341.77,341.91,0.04,182.32,64690.06,1
2024-01-11,2024-01-11 11:21:00,341.91,342.05,341.91,342.05,0.04,182.32,64690.06,1
2024-01-11,2024-01-11 11:22:00,342.05,342.19,342.05,342.19,0.04,182.32,64690.06,1
2024-01-11,2024-01-11 11:23:00,342.19,342.33,342.19,342.33,0.04,182.32,64690.06,1
2024-01-11,2024-01-11 11:24:00,342.33,342.47,342.33,342.47,0.04,182.32,64690.06,1
2024-01-11,2024-01-11 11:25:00,342.47,342.61,342.47,342.61,0.04,182.32,64690.06,1
2024-01-11,2024-01-11 11:26:00,342.61,342.75,342.61,342.75,0.04,182.32,64690.06,1
2024-01-11,2024-01-11 11:27:00,342.75,342.88,342.75,342.88,0.04,182.32,64690.06,1
2024-01-11,2024-01-11 11:28:00,342.88,343.02,342.88,343.02,0.04,182.32,64690.06,1
2024-01-11,2024-01-11 11:29:00,343.02,343.16,343.02,343.16,0.04,182.32,64690.06,1
2024-01-11,2024-01-11 11:30:00,343.16,343.3,343.16,343.3,0.04,182.32,64690.06,1
2024-01-11,2024-01-11 11:31:00,343.3,343.44,343.3,343.44,0.04,182.32,64690.06,1
2024-01-11,2024-01-11 11:32:00,343.44,343.58,343.44,343.58,0.04,182.32,64690.06,1
2024-01-11,2024-01-11 11:33:00,343.58,343.72,343.58,343.72,0.04,182.32,64690.06,1
2024-01-11,2024-01-11 11:34:00,343.72,343.86,343.72,343.86,0.04,182.32,64690.06,1
2024-01-11,2024-01-11 11:35:00,343.86,344.0,343.86,344.0,0.04,182.32,64690.06,1
2024-01-11,2024-01-11 11:36:00,344.0,344.13,344.0,344.13,0.04,182.32,64690.06,1
2024-01-11,2024-01-11 11:37:00,344.13,344.27,344.13,344.27,0.04,182.32,64690.06,1
2024-01-11,2024-01-11 11:38:00,344.27,344.41,344.27,344.41,0.04,182.32,64690.06,1
2024-01-11,2024-01-11 11:39:00,344.41,344.55,344.41,344.55,0.04,182.32,64690.06,1
2024-01-11,2024-01-11 11:40:00,344.55,344.69,344.55,344.69,0.04,182.32,64690.06,1
2024-01-11,2024-01-11 11:41:00,344.69,344.83,344.69,344.83,0.04,182.32,64690.06,1
2024-01-11,2024-01-11 11:42:00,344.83,344.97,344.83,344.97,0.04,182.32,64690.06,1
2024-01-11,2024-01-11 11:43:00,344.97,345.11,344.97,345.11,0.04,182.32,64690.06,1
2024-01-11,2024-01-11 11:44:00,345.11,345.24,345.11,345.24,0.04,182.32,64690.06,1
2024-01-11,2024-01-11 11:45:00,345.24,345.38,345.24,345.38,0.04,182.32,64690.06,1
2024-01-11,2024-01-11 11:46:00,345.38,345.52,345.38,345.52,0.04,182.32,64690.06,1
2024-01-11,2024-01-11 11:47:00,345.52,345.66,345.52,345.66,0.04,182.32,64690.06,1
2024-01-11,2024-01-11 11:48:00,345.66,345.8,345.66,345.8,0.04,182.32,64690.06,1
2024-01-11,2024-01-11 11:49:00,345.8,345.94,345.8,345.94,0.04,182.32,64690.06,1
2024-01-11,2024-01-11 11:50:00,345.94,346.08,345.94,346.08,0.04,182.32,64690.06,1
2024-01-11,2024-01-11 11:51:00,346.08,346.21,346.08,346.21,0.04,182.32,64690.06,1
2024-01-11,2024-01-11 11:52:00,346.21,346.35,346.21,346.35,0.04,182.32,64690.06,1
2024-01-11,2024-01-11 11:53:00,346.35,346.49,346.35,346.49,0.04,182.32,64690.06,1
2024-01-11,2024-01-11 11:54:00,346.49,346.63,346.49,346.63,0.04,182.32,64690.06,1
2024-01-11,2024-01-11 11:55:00,346.63,346.77,346.63,346.77,0.04,182.32,64690.06,1
2024-01-11,2024-01-11 11:56:00,346.77,346.91,346.77,346.91,0.04,182.32,64690.06,1
2024-01-11,2024-01-11 11:57:00,346.91,347.05,346.91,347.05,0.04,182.32,64690.06,1
2024-01-11,2024-01-11 11:58:00,347.05,347.19,347.05,347.19,0.04,182.32,64690.06,1
2024-01-11,2024-01-11 11:59:00,347.19,347.32,347.19,347.32,0.04,182.32,64690.06,1
2024-01-11,2024-01-11 12:00:00,347.32,347.46,347.32,347.46,0.04,182.32,64690.06,1
2024-01-11,2024-01-11 12:01:00,347.46,347.6,347.46,347.6,0.04,182.32,64690.06,1
2024-01-11,2024-01-11 12:02:00,347.6,347.74,347.6,347.74,0.04,182.32,64690.06,1
2024-01-11,2024-01-11 12:03:00,347.74,347.88,347.74,347.88,0.04,182.32,64690.06,1
2024-01-11,2024-01-11 12:04:00,347.88,348.02,347.88,348.02,0.04,182.32,64690.06,1
2024-01-11,2024-01-11 12:05:00,348.02,348.16,348.02,348.16,0.04,182.32,64690.06,1
2024-01-11,2024-01-11 12:06:00,348.16,348.3,348.16,348.3,0.04,182.32,64690.06,1
2024-01-11,2024-01-11 12:07:00,348.3,348.44,348.3,348.44,0.04,182.32,64690.06,1
2024-01-11,2024-01-11 12:08:00,348.44,348.57,348.44,348.57,0.04,182.32,64690.06,1
2024-01-11,2024-01-11 12:09:00,348.57,348.71,348.57,348.71,0.04,182.32,64690.06,1
2024-01-11,2024-01-11 12:10:00,348.71,348.85,348.71,348.85,0.04,182.32,64690.06,1
2024-01-11,2024-01-11 12:11:00,348.85,348.99,348.85,348.99,0.04,182.32,64690.06,1
2024-01-11,2024-01-11 12:12:00,348.99,349.13,348.99,349.13,0.04,182.32,64690.06,1
2024-01-11,2024-01-11 12:13:00,349.13,349.27,349.13,349.27,0.04,182.32,64690.06,1
2024-01-11,2024-01-11 12:14:00,349.27,349.41,349.27,349.41,0.04,182.32,64690.06,1
2024-01-11,2024-01-11 12:15:00,349.41,349.55,349.41,349.55,0.04,182.32,64690.06,1
2024-01-11,2024-01-11 12:16:00,349.55,349.68,349.55,349.68,0.04,182.32,64690.06,1
2024-01-11,2024-01-11 12:17:00,349.68,349.82,349.68,349.82,0.04,182.32,64690.06,1
2024-01-11,2024-01-11 12:18:00,349.82,349.96,349.82,349.96,0.04,182.32,64690.06,1
2024-01-11,2024-01-11 12:19:00,349.96,350.1,349.96,350.1,0.04,182.32,64690.06,1
2024-01-11,2024-01-11 12:20:00,350.1,350.24,350.1,350.24,0.04,182.32,64690.06,1
2024-01-11,2024-01-11 12:21:00,350.24,350.38,350.24,350.38,0.04,182.32,64690.06,1
2024-01-11,2024-01-11 12:22:00,350.38,350.52,350.38,350.52,0.04,182.32,64690.06,1
2024-01-11,2024-01-11 12:23:00,350.52,350.66,350.52,350.66,0.04,182.32,64690.06,1
2024-01-11,2024-01-11 12:24:00,350.66,350.79,350.66,350.79,0.04,182.32,64690.06,1
2024-01-11,2024-01-11 12:25:00,350.79,350.93,350.79,350.93,0.04,182.32,64690.06,1
2024-01-11,2024-01-11 12:26:00,350.93,351.07,350.93,351.07,0.04,182.32,64690.06,1
2024-01-11,2024-01-11 12:27:00,351.07,351.21,351.07,351.21,0.04,182.32,64690.06,1
2024-01-11,2024-01-11 12:28:00,351.21,351.35,351.21,351.35,0.04,182.32,64690.06,1
2024-01-11,2024-01-11 12:29:00,351.35,351.49,351.35,351.49,0.04,182.32,64690.06,1
2024-01-11,2024-01-11 12:30:00,351.49,351.63,351.49,351.63,0.04,182.32,64690.06,1
2024-01-11,2024-01-11 12:31:00,351.63,351.76,351.63,351.76,0.04,182.32,64690.06,1
2024-01-11,2024-01-11 12:32:00,351.76,351.9,351.76,351.9,0.04,182.32,64690.06,1
2024-01-11,2024-01-11 12:33:00,351.9,352.04,351.9,352.04,0.04,182.32,64690.06,1
2024-01-11,2024-01-11 12:34:00,352.04,352.18,352.04,352.18,0.04,182.32,64690.06,1
2024-01-11,2024-01-11 12:35:00,352.18,352.32,352.18,352.32,0.04,182.32,64690.06,1
2024-01-11,2024-01-11 12:36:00,352.32,352.46,352.32,352.46,0.04,182.32,64690.06,1
2024-01-11,2024-01-11 12:37:00,352.46,352.6,352.46,352.6,0.04,182.32,64690.06,1
2024-01-11,2024-01-11 12:38:00,352.6,352.74,352.6,352.74,0.04,182.32,64690.06,1
2024-01-11,2024-01-11 12:39:00,352.74,352.88,352.74,352.88,0.04,182.32,64690.06,1
2024-01-11,2024-01-11 12:40:00,352.88,353.01,352.88,353.01,0.04,182.32,64690.06,1
2024-01-11,2024-01-11 12:41:00,353.01,353.15,353.01,353.15,0.04,182.32,64690.06,1
2024-01-11,2024-01-11 12:42:00,353.15,353.29,353.15,353.29,0.04,182.32,64690.06,1
2024-01-11,2024-01-11 12:43:00,353.29,353.43,353.29,353.43,0.04,182.32,64690.06,1
2024-01-11,2024-01-11 12:44:00,353.43,353.57,353.43,353.57,0.04,182.32,64690.06,1
2024-01-11,2024-01-11 12:45:00,353.57,353.71,353.57,353.71,0.04,182.32,64690.06,1
2024-01-11,2024-01-11 12:46:00,353.71,353.85,353.71,353.85,0.04,182.32,64690.06,1
2024-01-11,2024-01-11 12:47:00,353.85,353.99,353.85,353.99,0.04,182.32,64690.06,1
2024-01-11,2024-01-11 12:48:00,353.99,354.12,353.99,354.12,0.04,182.32,64690.06,1
2024-01-11,2024-01-11 12:49:00,354.12,354.26,354.12,354.26,0.04,182.32,64690.06,1
2024-01-11,2024-01-11 12:50:00,354.26,354.4,354.26,354.4,0.04,182.32,64690.06,1
2024-01-11,2024-01-11 12:51:00,354.4,354.54,354.4,354.54,0.04,182.32,64690.06,1
2024-01-11,2024-01-11 12:52:00,354.54,354.68,354.54,354.68,0.04,182.32,64690.06,1
2024-01-11,2024-01-11 12:53:00,354.68,354.82,354.68,354.82,0.04,182.32,64690.06,1
2024-01-11,2024-01-11 12:54:00,354.82,354.96,354.82,354.96,0.04,182.32,64690.06,1
2024-01-11,2024-01-11 12:55:00,354.96,355.1,354.96,355.1,0.04,182.32,64690.06,1
2024-01-11,2024-01-11 12:56:00,355.1,355.23,355.1,355.23,0.04,182.32,64690.06,1
2024-01-11,2024-01-11 12:57:00,355.23,355.37,355.23,355.37,0.04,182.32,64690.06,1
2024-01-11,2024-01-11 12:58:00,355.37,355.51,355.37,355.51,0.04,182.32,64690.06,1
2024-01-11,2024-01-11 12:59:00,355.51,355.65,355.51,355.65,0.04,182.32,64690.06,1
2024-01-11,2024-01-11 13:00:00,355.65,372.3,339.0,355.79,0.04,182.32,64690.06,1
2024-01-11,2024-01-11 13:01:00,355.79,355.93,355.79,355.93,0.04,182.32,64690.06,1
2024-01-11,2024-01-11 13:02:00,355.93,356.07,355.93,356.07,0.04,182.32,64690.06,1
2024-01-11,2024-01-11 13:03:00,356.07,356.2,356.07,356.2,0.04,182.32,64690.06,1
2024-01-11,2024-01-11 13:04:00,356.2,356.34,356.2,356.34,0.04,182.32,64690.06,1
2024-01-11,2024-01-11 13:05:00,356.34,356.48,356.34,356.48,0.04,182.32,64690.06,1
2024-01-11,2024-01-11 13:06:00,356.48,356.62,356.48,356.62,0.04,182.32,64690.06,1
2024-01-11,2024-01-11 13:07:00,356.62,356.76,356.62,356.76,0.04,182.32,64690.06,1
2024-01-11,2024-01-11 13:08:00,356.76,356.9,356.76,356.9,0.04,182.32,64690.06,1
2024-01-11,2024-01-11 13:09:00,356.9,357.04,356.9,357.04,0.04,182.32,64690.06,1
2024-01-11,2024-01-11 13:10:00,357.04,357.18,357.04,357.18,0.04,182.32,64690.06,1
2024-01-11,2024-01-11 13:11:00,357.18,357.31,357.18,357.31,0.04,182.32,64690.06,1
2024-01-11,2024-01-11 13:12:00,357.31,357.45,357.31,357.45,0.04,182.32,64690.06,1
2024-01-11,2024-01-11 13:13:00,357.45,357.59,357.45,357.59,0.04,182.32,64690.06,1
2024-01-11,2024-01-11 13:14:00,357.59,357.73,357.59,357.73,0.04,182.32,64690.06,1
2024-01-11,2024-01-11 13:15:00,357.73,357.87,357.73,357.87,0.04,182.32,64690.06,1
2024-01-11,2024-01-11 13:16:00,357.87,358.01,357.87,358.01,0.04,182.32,64690.06,1
2024-01-11,2024-01-11 13:17:00,358.01,358.15,358.01,358.15,0.04,182.32,64690.06,1
2024-01-11,2024-01-11 13:18:00,358.15,358.29,358.15,358.29,0.04,182.32,64690.06,1
2024-01-11,2024-01-11 13:19:00,358.29,358.43,358.29,358.43,0.04,182.32,64690.06,1
2024-01-11,2024-01-11 13:20:00,358.43,358.56,358.43,358.56,0.04,182.32,64690.06,1
2024-01-11,2024-01-11 13:21:00,358.56,358.7,358.56,358.7,0.04,182.32,64690.06,1
2024-01-11,2024-01-11 13:22:00,358.7,358.84,358.7,358.84,0.04,182.32,64690.06,1
2024-01-11,2024-01-11 13:23:00,358.84,358.98,358.84,358.98,0.04,182.32,64690.06,1
2024-01-11,2024-01-11 13:24:00,358.98,359.12,358.98,359.12,0.04,182.32,64690.06,1
2024-01-11,2024-01-11 13:25:00,359.12,359.26,359.12,359.26,0.04,182.32,64690.06,1
2024-01-11,2024-01-11 13:26:00,359.26,359.4,359.26,359.4,0.04,182.32,64690.06,1
2024-01-11,2024-01-11 13:27:00,359.4,359.54,359.4,359.54,0.04,182.32,64690.06,1
2024-01-11,2024-01-11 13:28:00,359.54,359.67,359.54,359.67,0.04,182.32,64690.06,1
2024-01-11,2024-01-11 13:29:00,359.67,359.81,359.67,359.81,0.04,182.32,64690.06,1
2024-01-11,2024-01-11 13:30:00,359.81,359.95,359.81,359.95,0.04,182.32,64690.06,1
2024-01-11,2024-01-11 13:31:00,359.95,360.09,359.95,360.09,0.04,182.32,64690.06,1
2024-01-11,2024-01-11 13:32:00,360.09,360.23,360.09,360.23,0.04,182.32,64690.06,1
2024-01-11,2024-01-11 13:33:00,360.23,360.37,360.23,360.37,0.04,182.32,64690.06,1
2024-01-11,2024-01-11 13:34:00,360.37,360.51,360.37,360.51,0.04,182.32,64690.06,1
2024-01-11,2024-01-11 13:35:00,360.51,360.64,360.51,360.64,0.04,182.32,64690.06,1
2024-01-11,2024-01-11 13:36:00,360.64,360.78,360.64,360.78,0.04,182.32,64690.06,1
2024-01-11,2024-01-11 13:37:00,360.78,360.92,360.78,360.92,0.04,182.32,64690.06,1
2024-01-11,2024-01-11 13:38:00,360.92,361.06,360.92,361.06,0.04,182.32,64690.06,1
2024-01-11,2024-01-11 13:39:00,361.06,361.2,361.06,361.2,0.04,182.32,64690.06,1
2024-01-11,2024-01-11 13:40:00,361.2,361.34,361.2,361.34,0.04,182.32,64690.06,1
2024-01-11,2024-01-11 13:41:00,361.34,361.48,361.34,361.48,0.04,182.32,64690.06,1
2024-01-11,2024-01-11 13:42:00,361.48,361.62,361.48,361.62,0.04,182.32,64690.06,1
2024-01-11,2024-01-11 13:43:00,361.62,361.75,361.62,361.75,0.04,182.32,64690.06,1
2024-01-11,2024-01-11 13:44:00,361.75,361.89,361.75,361.89,0.04,182.32,64690.06,1
2024-01-11,2024-01-11 13:45:00,361.89,362.03,361.89,362.03,0.04,182.32,64690.06,1
2024-01-11,2024-01-11 13:46:00,362.03,362.17,362.03,362.17,0.04,182.32,64690.06,1
2024-01-11,2024-01-11 13:47:00,362.17,362.31,362.17,362.31,0.04,182.32,64690.06,1
2024-01-11,2024-01-11 13:48:00,362.31,362.45,362.31,362.45,0.04,182.32,64690.06,1
2024-01-11,2024-01-11 13:49:00,362.45,362.59,362.45,362.59,0.04,182.32,64690.06,1
2024-01-11,2024-01-11 13:50:00,362.59,362.73,362.59,362.73,0.04,182.32,64690.06,1
2024-01-11,2024-01-11 13:51:00,362.73,362.87,362.73,362.87,0.04,182.32,64690.06,1
2024-01-11,2024-01-11 13:52:00,362.87,363.0,362.87,363.0,0.04,182.32,64690.06,1
2024-01-11,2024-01-11 13:53:00,363.0,363.14,363.0,363.14,0.04,182.32,64690.06,1
2024-01-11,2024-01-11 13:54:00,363.14,363.28,363.14,363.28,0.04,182.32,64690.06,1
2024-01-11,2024-01-11 13:55:00,363.28,363.42,363.28,363.42,0.04,182.32,64690.06,1
2024-01-11,2024-01-11 13:56:00,363.42,363.56,363.42,363.56,0.04,182.32,64690.06,1
2024-01-11,2024-01-11 13:57:00,363.56,363.7,363.56,363.7,0.04,182.32,64690.06,1
2024-01-11,2024-01-11 13:58:00,363.7,363.84,363.7,363.84,0.04,182.32,64690.06,1
2024-01-11,2024-01-11 13:59:00,363.84,363.98,363.84,363.98,0.04,182.32,64690.06,1
2024-01-11,2024-01-11 14:00:00,363.98,364.11,363.98,364.11,0.04,182.32,64690.06,1
2024-01-11,2024-01-11 14:01:00,364.11,364.25,364.11,364.25,0.04,182.32,64690.06,1
2024-01-11,2024-01-11 14:02:00,364.25,364.39,364.25,364.39,0.04,182.32,64690.06,1
2024-01-11,2024-01-11 14:03:00,364.39,364.53,364.39,364.53,0.04,182.32,64690.06,1
2024-01-11,2024-01-11 14:04:00,364.53,364.67,364.53,364.67,0.04,182.32,64690.06,1
2024-01-11,2024-01-11 14:05:00,364.67,364.81,364.67,364.81,0.04,182.32,64690.06,1
2024-01-11,2024-01-11 14:06:00,364.81,364.95,364.81,364.95,0.04,182.32,64690.06,1
2024-01-11,2024-01-11 14:07:00,364.95,365.09,364.95,365.09,0.04,182.32,64690.06,1
2024-01-11,2024-01-11 14:08:00,365.09,365.22,365.09,365.22,0.04,182.32,64690.06,1
2024-01-11,2024-01-11 14:09:00,365.22,365.36,365.22,365.36,0.04,182.32,64690.06,1
2024-01-11,2024-01-11 14:10:00,365.36,365.5,365.36,365.5,0.04,182.32,64690.06,1
2024-01-11,2024-01-11 14:11:00,365.5,365.64,365.5,365.64,0.04,182.32,64690.06,1
2024-01-11,2024-01-11 14:12:00,365.64,365.78,365.64,365.78,0.04,182.32,64690.06,1
2024-01-11,2024-01-11 14:13:00,365.78,365.92,365.78,365.92,0.04,182.32,64690.06,1
2024-01-11,2024-01-11 14:14:00,365.92,366.06,365.92,366.06,0.04,182.32,64690.06,1
2024-01-11,2024-01-11 14:15:00,366.06,366.19,366.06,366.19,0.04,182.32,64690.06,1
2024-01-11,2024-01-11 14:16:00,366.19,366.33,366.19,366.33,0.04,182.32,64690.06,1
2024-01-11,2024-01-11 14:17:00,366.33,366.47,366.33,366.47,0.04,182.32,64690.06,1
2024-01-11,2024-01-11 14:18:00,366.47,366.61,366.47,366.61,0.04,182.32,64690.06,1
2024-01-11,2024-01-11 14:19:00,366.61,366.75,366.61,366.75,0.04,182.32,64690.06,1
2024-01-11,2024-01-11 14:20:00,366.75,366.89,366.75,366.89,0.04,182.32,64690.06,1
2024-01-11,2024-01-11 14:21:00,366.89,367.03,366.89,367.03,0.04,182.32,64690.06,1
2024-01-11,2024-01-11 14:22:00,367.03,367.17,367.03,367.17,0.04,182.32,64690.06,1
2024-01-11,2024-01-11 14:23:00,367.17,367.31,367.17,367.31,0.04,182.32,64690.06,1
2024-01-11,2024-01-11 14:24:00,367.31,367.44,367.31,367.44,0.04,182.32,64690.06,1
2024-01-11,2024-01-11 14:25:00,367.44,367.58,367.44,367.58,0.04,182.32,64690.06,1
2024-01-11,2024-01-11 14:26:00,367.58,367.72,367.58,367.72,0.04,182.32,64690.06,1
2024-01-11,2024-01-11 14:27:00,367.72,367.86,367.72,367.86,0.04,182.32,64690.06,1
2024-01-11,2024-01-11 14:28:00,367.86,368.0,367.86,368.0,0.04,182.32,64690.06,1
2024-01-11,2024-01-11 14:29:00,368.0,368.14,368.0,368.14,0.04,182.32,64690.06,1
2024-01-11,2024-01-11 14:30:00,368.14,368.28,368.14,368.28,0.04,182.32,64690.06,1
2024-01-11,2024-01-11 14:31:00,368.28,368.42,368.28,368.42,0.04,182.32,64690.06,1
2024-01-11,2024-01-11 14:32:00,368.42,368.55,368.42,368.55,0.04,182.32,64690.06,1
2024-01-11,2024-01-11 14:33:00,368.55,368.69,368.55,368.69,0.04,182.32,64690.06,1
2024-01-11,2024-01-11 14:34:00,368.69,368.83,368.69,368.83,0.04,182.32,64690.06,1
2024-01-11,2024-01-11 14:35:00,368.83,368.97,368.83,368.97,0.04,182.32,64690.06,1
2024-01-11,2024-01-11 14:36:00,368.97,369.11,368.97,369.11,0.04,182.32,64690.06,1
2024-01-11,2024-01-11 14:37:00,369.11,369.25,369.11,369.25,0.04,182.32,64690.06,1
2024-01-11,2024-01-11 14:38:00,369.25,369.39,369.25,369.39,0.04,182.32,64690.06,1
2024-01-11,2024-01-11 14:39:00,369.39,369.53,369.39,369.53,0.04,182.32,64690.06,1
2024-01-11,2024-01-11 14:40:00,369.53,369.66,369.53,369.66,0.04,182.32,64690.06,1
2024-01-11,2024-01-11 14:41:00,369.66,369.8,369.66,369.8,0.04,182.32,64690.06,1
2024-01-11,2024-01-11 14:42:00,369.8,369.94,369.8,369.94,0.04,182.32,64690.06,1
2024-01-11,2024-01-11 14:43:00,369.94,370.08,369.94,370.08,0.04,182.32,64690.06,1
2024-01-11,2024-01-11 14:44:00,370.08,370.22,370.08,370.22,0.04,182.32,64690.06,1
2024-01-11,2024-01-11 14:45:00,370.22,370.36,370.22,370.36,0.04,182.32,64690.06,1
2024-01-11,2024-01-11 14:46:00,370.36,370.5,370.36,370.5,0.04,182.32,64690.06,1
2024-01-11,2024-01-11 14:47:00,370.5,370.63,370.5,370.63,0.04,182.32,64690.06,1
2024-01-11,2024-01-11 14:48:00,370.63,370.77,370.63,370.77,0.04,182.32,64690.06,1
2024-01-11,2024-01-11 14:49:00,370.77,370.91,370.77,370.91,0.04,182.32,64690.06,1
2024-01-11,2024-01-11 14:50:00,370.91,371.05,370.91,371.05,0.04,182.32,64690.06,1
2024-01-11,2024-01-11 14:51:00,371.05,371.19,371.05,371.19,0.04,182.32,64690.06,1
2024-01-11,2024-01-11 14:52:00,371.19,371.33,371.19,371.33,0.04,182.32,64690.06,1
2024-01-11,2024-01-11 14:53:00,371.33,371.47,371.33,371.47,0.04,182.32,64690.06,1
2024-01-11,2024-01-11 14:54:00,371.47,371.61,371.47,371.61,0.04,182.32,64690.06,1
2024-01-11,2024-01-11 14:55:00,371.61,371.75,371.61,371.75,0.04,182.32,64690.06,1
2024-01-11,2024-01-11 14:56:00,371.75,371.88,371.75,371.88,0.03,182.32,64690.06,1
2024-01-11,2024-01-11 14:57:00,371.88,372.02,371.88,372.02,0.04,182.32,64690.06,1
2024-01-11,2024-01-11 14:58:00,372.02,372.16,372.02,372.16,0.04,182.32,64690.06,1
2024-01-11,2024-01-11 14:59:00,372.16,372.3,372.16,372.3,0.04,182.32,64690.06,1
2024-01-11,2024-01-11 15:00:00,372.3,372.3,339.0,372.3,0.0,182.32,64690.06,0
2024-01-14,2024-01-14 11:00:00,372.3,377.01,370.08,372.32,0.01,96.17,36373.3,1
2024-01-14,2024-01-14 11:01:00,372.32,372.34,372.32,372.34,0.01,96.17,36373.3,1
2024-01-14,2024-01-14 11:02:00,372.34,372.36,372.34,372.36,0.01,96.17,36373.3,1
2024-01-14,2024-01-14 11:03:00,372.36,372.38,372.36,372.38,0.01,96.17,36373.3,1
2024-01-14,2024-01-14 11:04:00,372.38,372.4,372.38,372.4,0.01,96.17,36373.3,1
2024-01-14,2024-01-14 11:05:00,372.4,372.42,372.4,372.42,0.01,96.17,36373.3,1
2024-01-14,2024-01-14 11:06:00,372.42,372.44,372.42,372.44,0.01,96.17,36373.3,1
2024-01-14,2024-01-14 11:07:00,372.44,372.46,372.44,372.46,0.01,96.17,36373.3,1
2024-01-14,2024-01-14 11:08:00,372.46,372.48,372.46,372.48,0.01,96.17,36373.3,1
2024-01-14,2024-01-14 11:09:00,372.48,372.5,372.48,372.5,0.01,96.17,36373.3,1
2024-01-14,2024-01-14 11:10:00,372.5,372.52,372.5,372.52,0.01,96.17,36373.3,1
2024-01-14,2024-01-14 11:11:00,372.52,372.54,372.52,372.54,0.01,96.17,36373.3,1
2024-01-14,2024-01-14 11:12:00,372.54,372.55,372.54,372.55,0.0,96.17,36373.3,1
2024-01-14,2024-01-14 11:13:00,372.55,372.57,372.55,372.57,0.01,96.17,36373.3,1
2024-01-14,2024-01-14 11:14:00,372.57,372.59,372.57,372.59,0.01,96.17,36373.3,1
2024-01-14,2024-01-14 11:15:00,372.59,372.61,372.59,372.61,0.01,96.17,36373.3,1
2024-01-14,2024-01-14 11:16:00,372.61,372.63,372.61,372.63,0.01,96.17,36373.3,1
2024-01-14,2024-01-14 11:17:00,372.63,372.65,372.63,372.65,0.01,96.17,36373.3,1
2024-01-14,2024-01-14 11:18:00,372.65,372.67,372.65,372.67,0.01,96.17,36373.3,1
2024-01-14,2024-01-14 11:19:00,372.67,372.69,372.67,372.69,0.01,96.17,36373.3,1
2024-01-14,2024-01-14 11:20:00,372.69,372.71,372.69,372.71,0.01,96.17,36373.3,1
2024-01-14,2024-01-14 11:21:00,372.71,372.73,372.71,372.73,0.01,96.17,36373.3,1
2024-01-14,2024-01-14 11:22:00,372.73,372.75,372.73,372.75,0.01,96.17,36373.3,1
2024-01-14,2024-01-14 11:23:00,372.75,372.77,372.75,372.77,0.01,96.17,36373.3,1
2024-01-14,2024-01-14 11:24:00,372.77,372.79,372.77,372.79,0.01,96.17,36373.3,1
2024-01-14,2024-01-14 11:25:00,372.79,372.81,372.79,372.81,0.01,96.17,36373.3,1
2024-01-14,2024-01-14 11:26:00,372.81,372.83,372.81,372.83,0.01,96.17,36373.3,1
2024-01-14,2024-01-14 11:27:00,372.83,372.85,372.83,372.85,0.01,96.17,36373.3,1
2024-01-14,2024-01-14 11:28:00,372.85,372.87,372.85,372.87,0.01,96.17,36373.3,1
2024-01-14,2024-01-14 11:29:00,372.87,372.89,372.87,372.89,0.01,96.17,36373.3,1
2024-01-14,2024-01-14 11:30:00,372.89,372.91,372.89,372.91,0.01,96.17,36373.3,1
2024-01-14,2024-01-14 11:31:00,372.91,372.93,372.91,372.93,0.01,96.17,36373.3,1
2024-01-14,2024-01-14 11:32:00,372.93,372.95,372.93,372.95,0.01,96.17,36373.3,1
2024-01-14,2024-01-14 11:33:00,372.95,372.97,372.95,372.97,0.01,96.17,36373.3,1
2024-01-14,2024-01-14 11:34:00,372.97,372.99,372.97,372.99,0.01,96.17,36373.3,1
2024-01-14,2024-01-14 11:35:00,372.99,373.0,372.99,373.0,0.0,96.17,36373.3,1
2024-01-14,2024-01-14 11:36:00,373.0,373.02,373.0,373.02,0.01,96.17,36373.3,1
2024-01-14,2024-01-14 11:37:00,373.02,373.04,373.02,373.04,0.01,96.17,36373.3,1
2024-01-14,2024-01-14 11:38:00,373.04,373.06,373.04,373.06,0.01,96.17,36373.3,1
2024-01-14,2024-01-14 11:39:00,373.06,373.08,373.06,373.08,0.01,96.17,36373.3,1
2024-01-14,2024-01-14 11:40:00,373.08,373.1,373.08,373.1,0.01,96.17,36373.3,1
2024-01-14,2024-01-14 11:41:00,373.1,373.12,373.1,373.12,0.01,96.17,36373.3,1
2024-01-14,2024-01-14 11:42:00,373.12,373.14,373.12,373.14,0.01,96.17,36373.3,1
2024-01-14,2024-01-14 11:43:00,373.14,373.16,373.14,373.16,0.01,96.17,36373.3,1
2024-01-14,2024-01-14 11:44:00,373.16,373.18,373.16,373.18,0.01,96.17,36373.3,1
2024-01-14,2024-01-14 11:45:00,373.18,373.2,373.18,373.2,0.01,96.17,36373.3,1
2024-01-14,2024-01-14 11:46:00,373.2,373.22,373.2,373.22,0.01,96.17,36373.3,1
2024-01-14,2024-01-14 11:47:00,373.22,373.24,373.22,373.24,0.01,96.17,36373.3,1
2024-01-14,2024-01-14 11:48:00,373.24,373.26,373.24,373.26,0.01,96.17,36373.3,1
2024-01-14,2024-01-14 11:49:00,373.26,373.28,373.26,373.28,0.01,96.17,36373.3,1
2024-01-14,2024-01-14 11:50:00,373.28,373.3,373.28,373.3,0.01,96.17,36373.3,1
2024-01-14,2024-01-14 11:51:00,373.3,373.32,373.3,373.32,0.01,96.17,36373.3,1
2024-01-14,2024-01-14 11:52:00,373.32,373.34,373.32,373.34,0.01,96.17,36373.3,1
2024-01-14,2024-01-14 11:53:00,373.34,373.36,373.34,373.36,0.01,96.17,36373.3,1
2024-01-14,2024-01-14 11:54:00,373.36,373.38,373.36,373.38,0.01,96.17,36373.3,1
2024-01-14,2024-01-14 11:55:00,373.38,373.4,373.38,373.4,0.01,96.17,36373.3,1
2024-01-14,2024-01-14 11:56:00,373.4,373.42,373.4,373.42,0.01,96.17,36373.3,1
2024-01-14,2024-01-14 11:57:00,373.42,373.44,373.42,373.44,0.01,96.17,36373.3,1
2024-01-14,2024-01-14 11:58:00,373.44,373.46,373.44,373.46,0.01,96.17,36373.3,1
2024-01-14,2024-01-14 11:59:00,373.46,373.48,373.46,373.48,0.01,96.17,36373.3,1
2024-01-14,2024-01-14 12:00:00,373.48,373.49,373.48,373.49,0.0,96.17,36373.3,1
2024-01-14,2024-01-14 12:01:00,373.49,373.51,373.49,373.51,0.01,96.17,36373.3,1
2024-01-14,2024-01-14 12:02:00,373.51,373.53,373.51,373.53,0.01,96.17,36373.3,1
2024-01-14,2024-01-14 12:03:00,373.53,373.55,373.53,373.55,0.01,96.17,36373.3,1
2024-01-14,2024-01-14 12:04:00,373.55,373.57,373.55,373.57,0.01,96.17,36373.3,1
2024-01-14,2024-01-14 12:05:00,373.57,373.59,373.57,373.59,0.01,96.17,36373.3,1
2024-01-14,2024-01-14 12:06:00,373.59,373.61,373.59,373.61,0.01,96.17,36373.3,1
2024-01-14,2024-01-14 12:07:00,373.61,373.63,373.61,373.63,0.01,96.17,36373.3,1
2024-01-14,2024-01-14 12:08:00,373.63,373.65,373.63,373.65,0.01,96.17,36373.3,1
2024-01-14,2024-01-14 12:09:00,373.65,373.67,373.65,373.67,0.01,96.17,36373.3,1
2024-01-14,2024-01-14 12:10:00,373.67,373.69,373.67,373.69,0.01,96.17,36373.3,1
2024-01-14,2024-01-14 12:11:00,373.69,373.71,373.69,373.71,0.01,96.17,36373.3,1
2024-01-14,2024-01-14 12:12:00,373.71,373.73,373.71,373.73,0.01,96.17,36373.3,1
2024-01-14,2024-01-14 12:13:00,373.73,373.75,373.73,373.75,0.01,96.17,36373.3,1
2024-01-14,2024-01-14 12:14:00,373.75,373.77,373.75,373.77,0.01,96.17,36373.3,1
2024-01-14,2024-01-14 12:15:00,373.77,373.79,373.77,373.79,0.01,96.17,36373.3,1
2024-01-14,2024-01-14 12:16:00,373.79,373.81,373.79,373.81,0.01,96.17,36373.3,1
2024-01-14,2024-01-14 12:17:00,373.81,373.83,373.81,373.83,0.01,96.17,36373.3,1
2024-01-14,2024-01-14 12:18:00,373.83,373.85,373.83,373.85,0.01,96.17,36373.3,1
2024-01-14,2024-01-14 12:19:00,373.85,373.87,373.85,373.87,0.01,96.17,36373.3,1
2024-01-14,2024-01-14 12:20:00,373.87,373.89,373.87,373.89,0.01,96.17,36373.3,1
2024-01-14,2024-01-14 12:21:00,373.89,373.91,373.89,373.91,0.01,96.17,36373.3,1
2024-01-14,2024-01-14 12:22:00,373.91,373.93,373.91,373.93,0.01,96.17,36373.3,1
2024-01-14,2024-01-14 12:23:00,373.93,373.94,373.93,373.94,0.0,96.17,36373.3,1
2024-01-14,2024-01-14 12:24:00,373.94,373.96,373.94,373.96,0.01,96.17,36373.3,1
2024-01-14,2024-01-14 12:25:00,373.96,373.98,373.96,373.98,0.01,96.17,36373.3,1
2024-01-14,2024-01-14 12:26:00,373.98,374.0,373.98,374.0,0.01,96.17,36373.3,1
2024-01-14,2024-01-14 12:27:00,374.0,374.02,374.0,374.02,0.01,96.17,36373.3,1
2024-01-14,2024-01-14 12:28:00,374.02,374.04,374.02,374.04,0.01,96.17,36373.3,1
2024-01-14,2024-01-14 12:29:00,374.04,374.06,374.04,374.06,0.01,96.17,36373.3,1
2024-01-14,2024-01-14 12:30:00,374.06,374.08,374.06,374.08,0.01,96.17,36373.3,1
2024-01-14,2024-01-14 12:31:00,374.08,374.1,374.08,374.1,0.01,96.17,36373.3,1
2024-01-14,2024-01-14 12:32:00,374.1,374.12,374.1,374.12,0.01,96.17,36373.3,1
2024-01-14,2024-01-14 12:33:00,374.12,374.14,374.12,374.14,0.01,96.17,36373.3,1
2024-01-14,2024-01-14 12:34:00,374.14,374.16,374.14,374.16,0.01,96.17,36373.3,1
2024-01-14,2024-01-14 12:35:00,374.16,374.18,374.16,374.18,0.01,96.17,36373.3,1
2024-01-14,2024-01-14 12:36:00,374.18,374.2,374.18,374.2,0.01,96.17,36373.3,1
2024-01-14,2024-01-14 12:37:00,374.2,374.22,374.2,374.22,0.01,96.17,36373.3,1
2024-01-14,2024-01-14 12:38:00,374.22,374.24,374.22,374.24,0.01,96.17,36373.3,1
2024-01-14,2024-01-14 12:39:00,374.24,374.26,374.24,374.26,0.01,96.17,36373.3,1
2024-01-14,2024-01-14 12:40:00,374.26,374.28,374.26,374.28,0.01,96.17,36373.3,1
2024-01-14,2024-01-14 12:41:00,374.28,374.3,374.28,374.3,0.01,96.17,36373.3,1
2024-01-14,2024-01-14 12:42:00,374.3,374.32,374.3,374.32,0.01,96.17,36373.3,1
2024-01-14,2024-01-14 12:43:00,374.32,374.34,374.32,374.34,0.01,96.17,36373.3,1
2024-01-14,2024-01-14 12:44:00,374.34,374.36,374.34,374.36,0.01,96.17,36373.3,1
2024-01-14,2024-01-14 12:45:00,374.36,374.38,374.36,374.38,0.01,96.17,36373.3,1
2024-01-14,2024-01-14 12:46:00,374.38,374.4,374.38,374.4,0.01,96.17,36373.3,1
2024-01-14,2024-01-14 12:47:00,374.4,374.42,374.4,374.42,0.01,96.17,36373.3,1
2024-01-14,2024-01-14 12:48:00,374.42,374.43,374.42,374.43,0.0,96.17,36373.3,1
2024-01-14,2024-01-14 12:49:00,374.43,374.45,374.43,374.45,0.01,96.17,36373.3,1
2024-01-14,2024-01-14 12:50:00,374.45,374.47,374.45,374.47,0.01,96.17,36373.3,1
2024-01-14,2024-01-14 12:51:00,374.47,374.49,374.47,374.49,0.01,96.17,36373.3,1
2024-01-14,2024-01-14 12:52:00,374.49,374.51,374.49,374.51,0.01,96.17,36373.3,1
2024-01-14,2024-01-14 12:53:00,374.51,374.53,374.51,374.53,0.01,96.17,36373.3,1
2024-01-14,2024-01-14 12:54:00,374.53,374.55,374.53,374.55,0.01,96.17,36373.3,1
2024-01-14,2024-01-14 12:55:00,374.55,374.57,374.55,374.57,0.01,96.17,36373.3,1
2024-01-14,2024-01-14 12:56:00,374.57,374.59,374.57,374.59,0.01,96.17,36373.3,1
2024-01-14,2024-01-14 12:57:00,374.59,374.61,374.59,374.61,0.01,96.17,36373.3,1
2024-01-14,2024-01-14 12:58:00,374.61,374.63,374.61,374.63,0.01,96.17,36373.3,1
2024-01-14,2024-01-14 12:59:00,374.63,374.65,374.63,374.65,0.01,96.17,36373.3,1
2024-01-14,2024-01-14 13:00:00,374.65,388.0,364.9,374.67,0.01,96.17,36373.3,1
2024-01-14,2024-01-14 13:01:00,374.67,374.69,374.67,374.69,0.01,96.17,36373.3,1
2024-01-14,2024-01-14 13:02:00,374.69,374.71,374.69,374.71,0.01,96.17,36373.3,1
2024-01-14,2024-01-14 13:03:00,374.71,374.73,374.71,374.73,0.01,96.17,36373.3,1
2024-01-14,2024-01-14 13:04:00,374.73,374.75,374.73,374.75,0.01,96.17,36373.3,1
2024-01-14,2024-01-14 13:05:00,374.75,374.77,374.75,374.77,0.01,96.17,36373.3,1
2024-01-14,2024-01-14 13:06:00,374.77,374.79,374.77,374.79,0.01,96.17,36373.3,1
2024-01-14,2024-01-14 13:07:00,374.79,374.81,374.79,374.81,0.01,96.17,36373.3,1
2024-01-14,2024-01-14 13:08:00,374.81,374.83,374.81,374.83,0.01,96.17,36373.3,1
2024-01-14,2024-01-14 13:09:00,374.83,374.85,374.83,374.85,0.01,96.17,36373.3,1
2024-01-14,2024-01-14 13:10:00,374.85,374.87,374.85,374.87,0.01,96.17,36373.3,1
2024-01-14,2024-01-14 13:11:00,374.87,374.88,374.87,374.88,0.0,96.17,36373.3,1
2024-01-14,2024-01-14 13:12:00,374.88,374.9,374.88,374.9,0.01,96.17,36373.3,1
2024-01-14,2024-01-14 13:13:00,374.9,374.92,374.9,374.92,0.01,96.17,36373.3,1
2024-01-14,2024-01-14 13:14:00,374.92,374.94,374.92,374.94,0.01,96.17,36373.3,1
2024-01-14,2024-01-14 13:15:00,374.94,374.96,374.94,374.96,0.01,96.17,36373.3,1
2024-01-14,2024-01-14 13:16:00,374.96,374.98,374.96,374.98,0.01,96.17,36373.3,1
2024-01-14,2024-01-14 13:17:00,374.98,375.0,374.98,375.0,0.01,96.17,36373.3,1
2024-01-14,2024-01-14 13:18:00,375.0,375.02,375.0,375.02,0.01,96.17,36373.3,1
2024-01-14,2024-01-14 13:19:00,375.02,375.04,375.02,375.04,0.01,96.17,36373.3,1
2024-01-14,2024-01-14 13:20:00,375.04,375.06,375.04,375.06,0.01,96.17,36373.3,1
2024-01-14,2024-01-14 13:21:00,375.06,375.08,375.06,375.08,0.01,96.17,36373.3,1
2024-01-14,2024-01-14 13:22:00,375.08,375.1,375.08,375.1,0.01,96.17,36373.3,1
2024-01-14,2024-01-14 13:23:00,375.1,375.12,375.1,375.12,0.01,96.17,36373.3,1
2024-01-14,2024-01-14 13:24:00,375.12,375.14,375.12,375.14,0.01,96.17,36373.3,1
2024-01-14,2024-01-14 13:25:00,375.14,375.16,375.14,375.16,0.01,96.17,36373.3,1
2024-01-14,2024-01-14 13:26:00,375.16,375.18,375.16,375.18,0.01,96.17,36373.3,1
2024-01-14,2024-01-14 13:27:00,375.18,375.2,375.18,375.2,0.01,96.17,36373.3,1
2024-01-14,2024-01-14 13:28:00,375.2,375.22,375.2,375.22,0.01,96.17,36373.3,1
2024-01-14,2024-01-14 13:29:00,375.22,375.24,375.22,375.24,0.01,96.17,36373.3,1
2024-01-14,2024-01-14 13:30:00,375.24,375.26,375.24,375.26,0.01,96.17,36373.3,1
2024-01-14,2024-01-14 13:31:00,375.26,375.28,375.26,375.28,0.01,96.17,36373.3,1
2024-01-14,2024-01-14 13:32:00,375.28,375.3,375.28,375.3,0.01,96.17,36373.3,1
2024-01-14,2024-01-14 13:33:00,375.3,375.32,375.3,375.32,0.01,96.17,36373.3,1
2024-01-14,2024-01-14 13:34:00,375.32,375.34,375.32,375.34,0.01,96.17,36373.3,1
2024-01-14,2024-01-14 13:35:00,375.34,375.36,375.34,375.36,0.01,96.17,36373.3,1
2024-01-14,2024-01-14 13:36:00,375.36,375.37,375.36,375.37,0.0,96.17,36373.3,1
2024-01-14,2024-01-14 13:37:00,375.37,375.39,375.37,375.39,0.01,96.17,36373.3,1
2024-01-14,2024-01-14 13:38:00,375.39,375.41,375.39,375.41,0.01,96.17,36373.3,1
2024-01-14,2024-01-14 13:39:00,375.41,375.43,375.41,375.43,0.01,96.17,36373.3,1
2024-01-14,2024-01-14 13:40:00,375.43,375.45,375.43,375.45,0.01,96.17,36373.3,1
2024-01-14,2024-01-14 13:41:00,375.45,375.47,375.45,375.47,0.01,96.17,36373.3,1
2024-01-14,2024-01-14 13:42:00,375.47,375.49,375.47,375.49,0.01,96.17,36373.3,1
2024-01-14,2024-01-14 13:43:00,375.49,375.51,375.49,375.51,0.01,96.17,36373.3,1
2024-01-14,2024-01-14 13:44:00,375.51,375.53,375.51,375.53,0.01,96.17,36373.3,1
2024-01-14,2024-01-14 13:45:00,375.53,375.55,375.53,375.55,0.01,96.17,36373.3,1
2024-01-14,2024-01-14 13:46:00,375.55,375.57,375.55,375.57,0.01,96.17,36373.3,1
2024-01-14,2024-01-14 13:47:00,375.57,375.59,375.57,375.59,0.01,96.17,36373.3,1
2024-01-14,2024-01-14 13:48:00,375.59,375.61,375.59,375.61,0.01,96.17,36373.3,1
2024-01-14,2024-01-14 13:49:00,375.61,375.63,375.61,375.63,0.01,96.17,36373.3,1
2024-01-14,2024-01-14 13:50:00,375.63,375.65,375.63,375.65,0.01,96.17,36373.3,1
2024-01-14,2024-01-14 13:51:00,375.65,375.67,375.65,375.67,0.01,96.17,36373.3,1
2024-01-14,2024-01-14 13:52:00,375.67,375.69,375.67,375.69,0.01,96.17,36373.3,1
2024-01-14,2024-01-14 13:53:00,375.69,375.71,375.69,375.71,0.01,96.17,36373.3,1
2024-01-14,2024-01-14 13:54:00,375.71,375.73,375.71,375.73,0.01,96.17,36373.3,1
2024-01-14,2024-01-14 13:55:00,375.73,375.75,375.73,375.75,0.01,96.17,36373.3,1
2024-01-14,2024-01-14 13:56:00,375.75,375.77,375.75,375.77,0.01,96.17,36373.3,1
2024-01-14,2024-01-14 13:57:00,375.77,375.79,375.77,375.79,0.01,96.17,36373.3,1
2024-01-14,2024-01-14 13:58:00,375.79,375.81,375.79,375.81,0.01,96.17,36373.3,1
2024-01-14,2024-01-14 13:59:00,375.81,375.82,375.81,375.82,0.0,96.17,36373.3,1
2024-01-14,2024-01-14 14:00:00,375.82,375.84,375.82,375.84,0.01,96.17,36373.3,1
2024-01-14,2024-01-14 14:01:00,375.84,375.86,375.84,375.86,0.01,96.17,36373.3,1
2024-01-14,2024-01-14 14:02:00,375.86,375.88,375.86,375.88,0.01,96.17,36373.3,1
2024-01-14,2024-01-14 14:03:00,375.88,375.9,375.88,375.9,0.01,96.17,36373.3,1
2024-01-14,2024-01-14 14:04:00,375.9,375.92,375.9,375.92,0.01,96.17,36373.3,1
2024-01-14,2024-01-14 14:05:00,375.92,375.94,375.92,375.94,0.01,96.17,36373.3,1
2024-01-14,2024-01-14 14:06:00,375.94,375.96,375.94,375.96,0.01,96.17,36373.3,1
2024-01-14,2024-01-14 14:07:00,375.96,375.98,375.96,375.98,0.01,96.17,36373.3,1
2024-01-14,2024-01-14 14:08:00,375.98,376.0,375.98,376.0,0.01,96.17,36373.3,1
2024-01-14,2024-01-14 14:09:00,376.0,376.02,376.0,376.02,0.01,96.17,36373.3,1
2024-01-14,2024-01-14 14:10:00,376.02,376.04,376.02,376.04,0.01,96.17,36373.3,1
2024-01-14,2024-01-14 14:11:00,376.04,376.06,376.04,376.06,0.01,96.17,36373.3,1
2024-01-14,2024-01-14 14:12:00,376.06,376.08,376.06,376.08,0.01,96.17,36373.3,1
2024-01-14,2024-01-14 14:13:00,376.08,376.1,376.08,376.1,0.01,96.17,36373.3,1
2024-01-14,2024-01-14 14:14:00,376.1,376.12,376.1,376.12,0.01,96.17,36373.3,1
2024-01-14,2024-01-14 14:15:00,376.12,376.14,376.12,376.14,0.01,96.17,36373.3,1
2024-01-14,2024-01-14 14:16:00,376.14,376.16,376.14,376.16,0.01,96.17,36373.3,1
2024-01-14,2024-01-14 14:17:00,376.16,376.18,376.16,376.18,0.01,96.17,36373.3,1
2024-01-14,2024-01-14 14:18:00,376.18,376.2,376.18,376.2,0.01,96.17,36373.3,1
2024-01-14,2024-01-14 14:19:00,376.2,376.22,376.2,376.22,0.01,96.17,36373.3,1
2024-01-14,2024-01-14 14:20:00,376.22,376.24,376.22,376.24,0.01,96.17,36373.3,1
2024-01-14,2024-01-14 14:21:00,376.24,376.26,376.24,376.26,0.01,96.17,36373.3,1
2024-01-14,2024-01-14 14:22:00,376.26,376.28,376.26,376.28,0.01,96.17,36373.3,1
2024-01-14,2024-01-14 14:23:00,376.28,376.3,376.28,376.3,0.01,96.17,36373.3,1
2024-01-14,2024-01-14 14:24:00,376.3,376.31,376.3,376.31,0.0,96.17,36373.3,1
2024-01-14,2024-01-14 14:25:00,376.31,376.33,376.31,376.33,0.01,96.17,36373.3,1
2024-01-14,2024-01-14 14:26:00,376.33,376.35,376.33,376.35,0.01,96.17,36373.3,1
2024-01-14,2024-01-14 14:27:00,376.35,376.37,376.35,376.37,0.01,96.17,36373.3,1
2024-01-14,2024-01-14 14:28:00,376.37,376.39,376.37,376.39,0.01,96.17,36373.3,1
2024-01-14,2024-01-14 14:29:00,376.39,376.41,376.39,376.41,0.01,96.17,36373.3,1
2024-01-14,2024-01-14 14:30:00,376.41,376.43,376.41,376.43,0.01,96.17,36373.3,1
2024-01-14,2024-01-14 14:31:00,376.43,376.45,376.43,376.45,0.01,96.17,36373.3,1
2024-01-14,2024-01-14 14:32:00,376.45,376.47,376.45,376.47,0.01,96.17,36373.3,1
2024-01-14,2024-01-14 14:33:00,376.47,376.49,376.47,376.49,0.01,96.17,36373.3,1
2024-01-14,2024-01-14 14:34:00,376.49,376.51,376.49,376.51,0.01,96.17,36373.3,1
2024-01-14,2024-01-14 14:35:00,376.51,376.53,376.51,376.53,0.01,96.17,36373.3,1
2024-01-14,2024-01-14 14:36:00,376.53,376.55,376.53,376.55,0.01,96.17,36373.3,1
2024-01-14,2024-01-14 14:37:00,376.55,376.57,376.55,376.57,0.01,96.17,36373.3,1
2024-01-14,2024-01-14 14:38:00,376.57,376.59,376.57,376.59,0.01,96.17,36373.3,1
2024-01-14,2024-01-14 14:39:00,376.59,376.61,376.59,376.61,0.01,96.17,36373.3,1
2024-01-14,2024-01-14 14:40:00,376.61,376.63,376.61,376.63,0.01,96.17,36373.3,1
2024-01-14,2024-01-14 14:41:00,376.63,376.65,376.63,376.65,0.01,96.17,36373.3,1
2024-01-14,2024-01-14 14:42:00,376.65,376.67,376.65,376.67,0.01,96.17,36373.3,1
2024-01-14,2024-01-14 14:43:00,376.67,376.69,376.67,376.69,0.01,96.17,36373.3,1
2024-01-14,2024-01-14 14:44:00,376.69,376.71,376.69,376.71,0.01,96.17,36373.3,1
2024-01-14,2024-01-14 14:45:00,376.71,376.73,376.71,376.73,0.01,96.17,36373.3,1
2024-01-14,2024-01-14 14:46:00,376.73,376.75,376.73,376.75,0.01,96.17,36373.3,1
2024-01-14,2024-01-14 14:47:00,376.75,376.76,376.75,376.76,0.0,96.17,36373.3,1
2024-01-14,2024-01-14 14:48:00,376.76,376.78,376.76,376.78,0.01,96.17,36373.3,1
2024-01-14,2024-01-14 14:49:00,376.78,376.8,376.78,376.8,0.01,96.17,36373.3,1
2024-01-14,2024-01-14 14:50:00,376.8,376.82,376.8,376.82,0.01,96.17,36373.3,1
2024-01-14,2024-01-14 14:51:00,376.82,376.84,376.82,376.84,0.01,96.17,36373.3,1
2024-01-14,2024-01-14 14:52:00,376.84,376.86,376.84,376.86,0.01,96.17,36373.3,1
2024-01-14,2024-01-14 14:53:00,376.86,376.88,376.86,376.88,0.01,96.17,36373.3,1
2024-01-14,2024-01-14 14:54:00,376.88,376.9,376.88,376.9,0.01,96.17,36373.3,1
2024-01-14,2024-01-14 14:55:00,376.9,376.92,376.9,376.92,0.01,96.17,36373.3,1
2024-01-14,2024-01-14 14:56:00,376.92,376.94,376.92,376.94,0.01,96.17,36373.3,1
2024-01-14,2024-01-14 14:57:00,376.94,376.96,376.94,376.96,0.01,96.17,36373.3,1
2024-01-14,2024-01-14 14:58:00,376.96,376.98,376.96,376.98,0.01,96.17,36373.3,1
2024-01-14,2024-01-14 14:59:00,376.98,377.0,376.98,377.0,0.01,96.17,36373.3,1
2024-01-14,2024-01-14 15:00:00,377.0,388.0,364.9,377.0,0.0,96.17,36373.3,0
2024-01-16,2024-01-16 11:00:00,384.0,384.3,378.3,383.97,-0.01,77.64,29130.98,-1
2024-01-16,2024-01-16 11:01:00,383.97,383.97,383.94,383.94,-0.01,77.64,29130.98,-1
2024-01-16,2024-01-16 11:02:00,383.94,383.94,383.91,383.91,-0.01,77.64,29130.98,-1
2024-01-16,2024-01-16 11:03:00,383.91,383.91,383.88,383.88,-0.01,77.64,29130.98,-1
2024-01-16,2024-01-16 11:04:00,383.88,383.88,383.85,383.85,-0.01,77.64,29130.98,-1
2024-01-16,2024-01-16 11:05:00,383.85,383.85,383.82,383.82,-0.01,77.64,29130.98,-1
2024-01-16,2024-01-16 11:06:00,383.82,383.82,383.8,383.8,-0.01,77.64,29130.98,-1
2024-01-16,2024-01-16 11:07:00,383.8,383.8,383.77,383.77,-0.01,77.64,29130.98,-1
2024-01-16,2024-01-16 11:08:00,383.77,383.77,383.74,383.74,-0.01,77.64,29130.98,-1
2024-01-16,2024-01-16 11:09:00,383.74,383.74,383.71,383.71,-0.01,77.64,29130.98,-1
2024-01-16,2024-01-16 11:10:00,383.71,383.71,383.68,383.68,-0.01,77.64,29130.98,-1
2024-01-16,2024-01-16 11:11:00,383.68,383.68,383.65,383.65,-0.01,77.64,29130.98,-1
2024-01-16,2024-01-16 11:12:00,383.65,383.65,383.62,383.62,-0.01,77.64,29130.98,-1
2024-01-16,2024-01-16 11:13:00,383.62,383.62,383.59,383.59,-0.01,77.64,29130.98,-1
2024-01-16,2024-01-16 11:14:00,383.59,383.59,383.56,383.56,-0.01,77.64,29130.98,-1
2024-01-16,2024-01-16 11:15:00,383.56,383.56,383.53,383.53,-0.01,77.64,29130.98,-1
2024-01-16,2024-01-16 11:16:00,383.53,383.53,383.5,383.5,-0.01,77.64,29130.98,-1
2024-01-16,2024-01-16 11:17:00,383.5,383.5,383.48,383.48,-0.01,77.64,29130.98,-1
2024-01-16,2024-01-16 11:18:00,383.48,383.48,383.45,383.45,-0.01,77.64,29130.98,-1
2024-01-16,2024-01-16 11:19:00,383.45,383.45,383.42,383.42,-0.01,77.64,29130.98,-1
2024-01-16,2024-01-16 11:20:00,383.42,383.42,383.39,383.39,-0.01,77.64,29130.98,-1
2024-01-16,2024-01-16 11:21:00,383.39,383.39,383.36,383.36,-0.01,77.64,29130.98,-1
2024-01-16,2024-01-16 11:22:00,383.36,383.36,383.33,383.33,-0.01,77.64,29130.98,-1
2024-01-16,2024-01-16 11:23:00,383.33,383.33,383.3,383.3,-0.01,77.64,29130.98,-1
2024-01-16,2024-01-16 11:24:00,383.3,383.3,383.27,383.27,-0.01,77.64,29130.98,-1
2024-01-16,2024-01-16 11:25:00,383.27,383.27,383.24,383.24,-0.01,77.64,29130.98,-1
2024-01-16,2024-01-16 11:26:00,383.24,383.24,383.21,383.21,-0.01,77.64,29130.98,-1
2024-01-16,2024-01-16 11:27:00,383.21,383.21,383.18,383.18,-0.01,77.64,29130.98,-1
2024-01-16,2024-01-16 11:28:00,383.18,383.18,383.15,383.15,-0.01,77.64,29130.98,-1
2024-01-16,2024-01-16 11:29:00,383.15,383.15,383.12,383.12,-0.01,77.64,29130.98,-1
2024-01-16,2024-01-16 11:30:00,383.12,383.12,383.1,383.1,-0.01,77.64,29130.98,-1
2024-01-16,2024-01-16 11:31:00,383.1,383.1,383.07,383.07,-0.01,77.64,29130.98,-1
2024-01-16,2024-01-16 11:32:00,383.07,383.07,383.04,383.04,-0.01,77.64,29130.98,-1
2024-01-16,2024-01-16 11:33:00,383.04,383.04,383.01,383.01,-0.01,77.64,29130.98,-1
2024-01-16,2024-01-16 11:34:00,383.01,383.01,382.98,382.98,-0.01,77.64,29130.98,-1
2024-01-16,2024-01-16 11:35:00,382.98,382.98,382.95,382.95,-0.01,77.64,29130.98,-1
2024-01-16,2024-01-16 11:36:00,382.95,382.95,382.92,382.92,-0.01,77.64,29130.98,-1
2024-01-16,2024-01-16 11:37:00,382.92,382.92,382.89,382.89,-0.01,77.64,29130.98,-1
2024-01-16,2024-01-16 11:38:00,382.89,382.89,382.86,382.86,-0.01,77.64,29130.98,-1
2024-01-16,2024-01-16 11:39:00,382.86,382.86,382.83,382.83,-0.01,77.64,29130.98,-1
2024-01-16,2024-01-16 11:40:00,382.83,382.83,382.8,382.8,-0.01,77.64,29130.98,-1
2024-01-16,2024-01-16 11:41:00,382.8,382.8,382.77,382.77,-0.01,77.64,29130.98,-1
2024-01-16,2024-01-16 11:42:00,382.77,382.77,382.75,382.75,-0.01,77.64,29130.98,-1
2024-01-16,2024-01-16 11:43:00,382.75,382.75,382.72,382.72,-0.01,77.64,29130.98,-1
2024-01-16,2024-01-16 11:44:00,382.72,382.72,382.69,382.69,-0.01,77.64,29130.98,-1
2024-01-16,2024-01-16 11:45:00,382.69,382.69,382.66,382.66,-0.01,77.64,29130.98,-1
2024-01-16,2024-01-16 11:46:00,382.66,382.66,382.63,382.63,-0.01,77.64,29130.98,-1
2024-01-16,2024-01-16 11:47:00,382.63,382.63,382.6,382.6,-0.01,77.64,29130.98,-1
2024-01-16,2024-01-16 11:48:00,382.6,382.6,382.57,382.57,-0.01,77.64,29130.98,-1
2024-01-16,2024-01-16 11:49:00,382.57,382.57,382.54,382.54,-0.01,77.64,29130.98,-1
2024-01-16,2024-01-16 11:50:00,382.54,382.54,382.51,382.51,-0.01,77.64,29130.98,-1
2024-01-16,2024-01-16 11:51:00,382.51,382.51,382.48,382.48,-0.01,77.64,29130.98,-1
2024-01-16,2024-01-16 11:52:00,382.48,382.48,382.45,382.45,-0.01,77.64,29130.98,-1
2024-01-16,2024-01-16 11:53:00,382.45,382.45,382.43,382.43,-0.01,77.64,29130.98,-1
2024-01-16,2024-01-16 11:54:00,382.43,382.43,382.4,382.4,-0.01,77.64,29130.98,-1
2024-01-16,2024-01-16 11:55:00,382.4,382.4,382.37,382.37,-0.01,77.64,29130.98,-1
2024-01-16,2024-01-16 11:56:00,382.37,382.37,382.34,382.34,-0.01,77.64,29130.98,-1
2024-01-16,2024-01-16 11:57:00,382.34,382.34,382.31,382.31,-0.01,77.64,29130.98,-1
2024-01-16,2024-01-16 11:58:00,382.31,382.31,382.28,382.28,-0.01,77.64,29130.98,-1
2024-01-16,2024-01-16 11:59:00,382.28,382.28,382.25,382.25,-0.01,77.64,29130.98,-1
2024-01-16,2024-01-16 12:00:00,382.25,382.25,382.22,382.22,-0.01,77.64,29130.98,-1
2024-01-16,2024-01-16 12:01:00,382.22,382.22,382.19,382.19,-0.01,77.64,29130.98,-1
2024-01-16,2024-01-16 12:02:00,382.19,382.19,382.16,382.16,-0.01,77.64,29130.98,-1
2024-01-16,2024-01-16 12:03:00,382.16,382.16,382.13,382.13,-0.01,77.64,29130.98,-1
2024-01-16,2024-01-16 12:04:00,382.13,382.13,382.1,382.1,-0.01,77.64,29130.98,-1
2024-01-16,2024-01-16 12:05:00,382.1,382.1,382.07,382.07,-0.01,77.64,29130.98,-1
2024-01-16,2024-01-16 12:06:00,382.07,382.07,382.05,382.05,-0.01,77.64,29130.98,-1
2024-01-16,2024-01-16 12:07:00,382.05,382.05,382.02,382.02,-0.01,77.64,29130.98,-1
2024-01-16,2024-01-16 12:08:00,382.02,382.02,381.99,381.99,-0.01,77.64,29130.98,-1
2024-01-16,2024-01-16 12:09:00,381.99,381.99,381.96,381.96,-0.01,77.64,29130.98,-1
2024-01-16,2024-01-16 12:10:00,381.96,381.96,381.93,381.93,-0.01,77.64,29130.98,-1
2024-01-16,2024-01-16 12:11:00,381.93,381.93,381.9,381.9,-0.01,77.64,29130.98,-1
2024-01-16,2024-01-16 12:12:00,381.9,381.9,381.87,381.87,-0.01,77.64,29130.98,-1
2024-01-16,2024-01-16 12:13:00,381.87,381.87,381.84,381.84,-0.01,77.64,29130.98,-1
2024-01-16,2024-01-16 12:14:00,381.84,381.84,381.81,381.81,-0.01,77.64,29130.98,-1
2024-01-16,2024-01-16 12:15:00,381.81,381.81,381.78,381.78,-0.01,77.64,29130.98,-1
2024-01-16,2024-01-16 12:16:00,381.78,381.78,381.75,381.75,-0.01,77.64,29130.98,-1
2024-01-16,2024-01-16 12:17:00,381.75,381.75,381.73,381.73,-0.01,77.64,29130.98,-1
2024-01-16,2024-01-16 12:18:00,381.73,381.73,381.7,381.7,-0.01,77.64,29130.98,-1
2024-01-16,2024-01-16 12:19:00,381.7,381.7,381.67,381.67,-0.01,77.64,29130.98,-1
2024-01-16,2024-01-16 12:20:00,381.67,381.67,381.64,381.64,-0.01,77.64,29130.98,-1
2024-01-16,2024-01-16 12:21:00,381.64,381.64,381.61,381.61,-0.01,77.64,29130.98,-1
2024-01-16,2024-01-16 12:22:00,381.61,381.61,381.58,381.58,-0.01,77.64,29130.98,-1
2024-01-16,2024-01-16 12:23:00,381.58,381.58,381.55,381.55,-0.01,77.64,29130.98,-1
2024-01-16,2024-01-16 12:24:00,381.55,381.55,381.52,381.52,-0.01,77.64,29130.98,-1
2024-01-16,2024-01-16 12:25:00,381.52,381.52,381.49,381.49,-0.01,77.64,29130.98,-1
2024-01-16,2024-01-16 12:26:00,381.49,381.49,381.46,381.46,-0.01,77.64,29130.98,-1
2024-01-16,2024-01-16 12:27:00,381.46,381.46,381.43,381.43,-0.01,77.64,29130.98,-1
2024-01-16,2024-01-16 12:28:00,381.43,381.43,381.4,381.4,-0.01,77.64,29130.98,-1
2024-01-16,2024-01-16 12:29:00,381.4,381.4,381.38,381.38,-0.01,77.64,29130.98,-1
2024-01-16,2024-01-16 12:30:00,381.38,381.38,381.35,381.35,-0.01,77.64,29130.98,-1
2024-01-16,2024-01-16 12:31:00,381.35,381.35,381.32,381.32,-0.01,77.64,29130.98,-1
2024-01-16,2024-01-16 12:32:00,381.32,381.32,381.29,381.29,-0.01,77.64,29130.98,-1
2024-01-16,2024-01-16 12:33:00,381.29,381.29,381.26,381.26,-0.01,77.64,29130.98,-1
2024-01-16,2024-01-16 12:34:00,381.26,381.26,381.23,381.23,-0.01,77.64,29130.98,-1
2024-01-16,2024-01-16 12:35:00,381.23,381.23,381.2,381.2,-0.01,77.64,29130.98,-1
2024-01-16,2024-01-16 12:36:00,381.2,381.2,381.17,381.17,-0.01,77.64,29130.98,-1
2024-01-16,2024-01-16 12:37:00,381.17,381.17,381.14,381.14,-0.01,77.64,29130.98,-1
2024-01-16,2024-01-16 12:38:00,381.14,381.14,381.11,381.11,-0.01,77.64,29130.98,-1
2024-01-16,2024-01-16 12:39:00,381.11,381.11,381.08,381.08,-0.01,77.64,29130.98,-1
2024-01-16,2024-01-16 12:40:00,381.08,381.08,381.05,381.05,-0.01,77.64,29130.98,-1
2024-01-16,2024-01-16 12:41:00,381.05,381.05,381.02,381.02,-0.01,77.64,29130.98,-1
2024-01-16,2024-01-16 12:42:00,381.02,381.02,381.0,381.0,-0.01,77.64,29130.98,-1
2024-01-16,2024-01-16 12:43:00,381.0,381.0,380.97,380.97,-0.01,77.64,29130.98,-1
2024-01-16,2024-01-16 12:44:00,380.97,380.97,380.94,380.94,-0.01,77.64,29130.98,-1
2024-01-16,2024-01-16 12:45:00,380.94,380.94,380.91,380.91,-0.01,77.64,29130.98,-1
2024-01-16,2024-01-16 12:46:00,380.91,380.91,380.88,380.88,-0.01,77.64,29130.98,-1
2024-01-16,2024-01-16 12:47:00,380.88,380.88,380.85,380.85,-0.01,77.64,29130.98,-1
2024-01-16,2024-01-16 12:48:00,380.85,380.85,380.82,380.82,-0.01,77.64,29130.98,-1
2024-01-16,2024-01-16 12:49:00,380.82,380.82,380.79,380.79,-0.01,77.64,29130.98,-1
2024-01-16,2024-01-16 12:50:00,380.79,380.79,380.76,380.76,-0.01,77.64,29130.98,-1
2024-01-16,2024-01-16 12:51:00,380.76,380.76,380.73,380.73,-0.01,77.64,29130.98,-1
2024-01-16,2024-01-16 12:52:00,380.73,380.73,380.7,380.7,-0.01,77.64,29130.98,-1
2024-01-16,2024-01-16 12:53:00,380.7,380.7,380.68,380.68,-0.01,77.64,29130.98,-1
2024-01-16,2024-01-16 12:54:00,380.68,380.68,380.65,380.65,-0.01,77.64,29130.98,-1
2024-01-16,2024-01-16 12:55:00,380.65,380.65,380.62,380.62,-0.01,77.64,29130.98,-1
2024-01-16,2024-01-16 12:56:00,380.62,380.62,380.59,380.59,-0.01,77.64,29130.98,-1
2024-01-16,2024-01-16 12:57:00,380.59,380.59,380.56,380.56,-0.01,77.64,29130.98,-1
2024-01-16,2024-01-16 12:58:00,380.56,380.56,380.53,380.53,-0.01,77.64,29130.98,-1
2024-01-16,2024-01-16 12:59:00,380.53,380.53,380.5,380.5,-0.01,77.64,29130.98,-1
2024-01-16,2024-01-16 13:00:00,380.5,385.0,365.0,380.47,-0.01,77.64,29130.98,-1
2024-01-16,2024-01-16 13:01:00,380.47,380.47,380.44,380.44,-0.01,77.64,29130.98,-1
2024-01-16,2024-01-16 13:02:00,380.44,380.44,380.41,380.41,-0.01,77.64,29130.98,-1
2024-01-16,2024-01-16 13:03:00,380.41,380.41,380.38,380.38,-0.01,77.64,29130.98,-1
2024-01-16,2024-01-16 13:04:00,380.38,380.38,380.35,380.35,-0.01,77.64,29130.98,-1
2024-01-16,2024-01-16 13:05:00,380.35,380.35,380.32,380.32,-0.01,77.64,29130.98,-1
2024-01-16,2024-01-16 13:06:00,380.32,380.32,380.3,380.3,-0.01,77.64,29130.98,-1
2024-01-16,2024-01-16 13:07:00,380.3,380.3,380.27,380.27,-0.01,77.64,29130.98,-1
2024-01-16,2024-01-16 13:08:00,380.27,380.27,380.24,380.24,-0.01,77.64,29130.98,-1
2024-01-16,2024-01-16 13:09:00,380.24,380.24,380.21,380.21,-0.01,77.64,29130.98,-1
2024-01-16,2024-01-16 13:10:00,380.21,380.21,380.18,380.18,-0.01,77.64,29130.98,-1
2024-01-16,2024-01-16 13:11:00,380.18,380.18,380.15,380.15,-0.01,77.64,29130.98,-1
2024-01-16,2024-01-16 13:12:00,380.15,380.15,380.12,380.12,-0.01,77.64,29130.98,-1
2024-01-16,2024-01-16 13:13:00,380.12,380.12,380.09,380.09,-0.01,77.64,29130.98,-1
2024-01-16,2024-01-16 13:14:00,380.09,380.09,380.06,380.06,-0.01,77.64,29130.98,-1
2024-01-16,2024-01-16 13:15:00,380.06,380.06,380.03,380.03,-0.01,77.64,29130.98,-1
2024-01-16,2024-01-16 13:16:00,380.03,380.03,380.0,380.0,-0.01,77.64,29130.98,-1
2024-01-16,2024-01-16 13:17:00,380.0,380.0,379.98,379.98,-0.01,77.64,29130.98,-1
2024-01-16,2024-01-16 13:18:00,379.98,379.98,379.95,379.95,-0.01,77.64,29130.98,-1
2024-01-16,2024-01-16 13:19:00,379.95,379.95,379.92,379.92,-0.01,77.64,29130.98,-1
2024-01-16,2024-01-16 13:20:00,379.92,379.92,379.89,379.89,-0.01,77.64,29130.98,-1
2024-01-16,2024-01-16 13:21:00,379.89,379.89,379.86,379.86,-0.01,77.64,29130.98,-1
2024-01-16,2024-01-16 13:22:00,379.86,379.86,379.83,379.83,-0.01,77.64,29130.98,-1
2024-01-16,2024-01-16 13:23:00,379.83,379.83,379.8,379.8,-0.01,77.64,29130.98,-1
2024-01-16,2024-01-16 13:24:00,379.8,379.8,379.77,379.77,-0.01,77.64,29130.98,-1
2024-01-16,2024-01-16 13:25:00,379.77,379.77,379.74,379.74,-0.01,77.64,29130.98,-1
2024-01-16,2024-01-16 13:26:00,379.74,379.74,379.71,379.71,-0.01,77.64,29130.98,-1
2024-01-16,2024-01-16 13:27:00,379.71,379.71,379.68,379.68,-0.01,77.64,29130.98,-1
2024-01-16,2024-01-16 13:28:00,379.68,379.68,379.65,379.65,-0.01,77.64,29130.98,-1
2024-01-16,2024-01-16 13:29:00,379.65,379.65,379.62,379.62,-0.01,77.64,29130.98,-1
2024-01-16,2024-01-16 13:30:00,379.62,379.62,379.6,379.6,-0.01,77.64,29130.98,-1
2024-01-16,2024-01-16 13:31:00,379.6,379.6,379.57,379.57,-0.01,77.64,29130.98,-1
2024-01-16,2024-01-16 13:32:00,379.57,379.57,379.54,379.54,-0.01,77.64,29130.98,-1
2024-01-16,2024-01-16 13:33:00,379.54,379.54,379.51,379.51,-0.01,77.64,29130.98,-1
2024-01-16,2024-01-16 13:34:00,379.51,379.51,379.48,379.48,-0.01,77.64,29130.98,-1
2024-01-16,2024-01-16 13:35:00,379.48,379.48,379.45,379.45,-0.01,77.64,29130.98,-1
2024-01-16,2024-01-16 13:36:00,379.45,379.45,379.42,379.42,-0.01,77.64,29130.98,-1
2024-01-16,2024-01-16 13:37:00,379.42,379.42,379.39,379.39,-0.01,77.64,29130.98,-1
2024-01-16,2024-01-16 13:38:00,379.39,379.39,379.36,379.36,-0.01,77.64,29130.98,-1
2024-01-16,2024-01-16 13:39:00,379.36,379.36,379.33,379.33,-0.01,77.64,29130.98,-1
2024-01-16,2024-01-16 13:40:00,379.33,379.33,379.3,379.3,-0.01,77.64,29130.98,-1
2024-01-16,2024-01-16 13:41:00,379.3,379.3,379.27,379.27,-0.01,77.64,29130.98,-1
2024-01-16,2024-01-16 13:42:00,379.27,379.27,379.25,379.25,-0.01,77.64,29130.98,-1
2024-01-16,2024-01-16 13:43:00,379.25,379.25,379.22,379.22,-0.01,77.64,29130.98,-1
2024-01-16,2024-01-16 13:44:00,379.22,379.22,379.19,379.19,-0.01,77.64,29130.98,-1
2024-01-16,2024-01-16 13:45:00,379.19,379.19,379.16,379.16,-0.01,77.64,29130.98,-1
2024-01-16,2024-01-16 13:46:00,379.16,379.16,379.13,379.13,-0.01,77.64,29130.98,-1
2024-01-16,2024-01-16 13:47:00,379.13,379.13,379.1,379.1,-0.01,77.64,29130.98,-1
2024-01-16,2024-01-16 13:48:00,379.1,379.1,379.07,379.07,-0.01,77.64,29130.98,-1
2024-01-16,2024-01-16 13:49:00,379.07,379.07,379.04,379.04,-0.01,77.64,29130.98,-1
2024-01-16,2024-01-16 13:50:00,379.04,379.04,379.01,379.01,-0.01,77.64,29130.98,-1
2024-01-16,2024-01-16 13:51:00,379.01,379.01,378.98,378.98,-0.01,77.64,29130.98,-1
2024-01-16,2024-01-16 13:52:00,378.98,378.98,378.95,378.95,-0.01,77.64,29130.98,-1
2024-01-16,2024-01-16 13:53:00,378.95,378.95,378.93,378.93,-0.01,77.64,29130.98,-1
2024-01-16,2024-01-16 13:54:00,378.93,378.93,378.9,378.9,-0.01,77.64,29130.98,-1
2024-01-16,2024-01-16 13:55:00,378.9,378.9,378.87,378.87,-0.01,77.64,29130.98,-1
2024-01-16,2024-01-16 13:56:00,378.87,378.87,378.84,378.84,-0.01,77.64,29130.98,-1
2024-01-16,2024-01-16 13:57:00,378.84,378.84,378.81,378.81,-0.01,77.64,29130.98,-1
2024-01-16,2024-01-16 13:58:00,378.81,378.81,378.78,378.78,-0.01,77.64,29130.98,-1
2024-01-16,2024-01-16 13:59:00,378.78,378.78,378.75,378.75,-0.01,77.64,29130.98,-1
2024-01-16,2024-01-16 14:00:00,378.75,378.75,378.72,378.72,-0.01,77.64,29130.98,-1
2024-01-16,2024-01-16 14:01:00,378.72,378.72,378.69,378.69,-0.01,77.64,29130.98,-1
2024-01-16,2024-01-16 14:02:00,378.69,378.69,378.66,378.66,-0.01,77.64,29130.98,-1
2024-01-16,2024-01-16 14:03:00,378.66,378.66,378.63,378.63,-0.01,77.64,29130.98,-1
2024-01-16,2024-01-16 14:04:00,378.63,378.63,378.6,378.6,-0.01,77.64,29130.98,-1
2024-01-16,2024-01-16 14:05:00,378.6,378.6,378.57,378.57,-0.01,77.64,29130.98,-1
2024-01-16,2024-01-16 14:06:00,378.57,378.57,378.55,378.55,-0.01,77.64,29130.98,-1
2024-01-16,2024-01-16 14:07:00,378.55,378.55,378.52,378.52,-0.01,77.64,29130.98,-1
2024-01-16,2024-01-16 14:08:00,378.52,378.52,378.49,378.49,-0.01,77.64,29130.98,-1
2024-01-16,2024-01-16 14:09:00,378.49,378.49,378.46,378.46,-0.01,77.64,29130.98,-1
2024-01-16,2024-01-16 14:10:00,378.46,378.46,378.43,378.43,-0.01,77.64,29130.98,-1
2024-01-16,2024-01-16 14:11:00,378.43,378.43,378.4,378.4,-0.01,77.64,29130.98,-1
2024-01-16,2024-01-16 14:12:00,378.4,378.4,378.37,378.37,-0.01,77.64,29130.98,-1
2024-01-16,2024-01-16 14:13:00,378.37,378.37,378.34,378.34,-0.01,77.64,29130.98,-1
2024-01-16,2024-01-16 14:14:00,378.34,378.34,378.31,378.31,-0.01,77.64,29130.98,-1
2024-01-16,2024-01-16 14:15:00,378.31,378.31,378.28,378.28,-0.01,77.64,29130.98,-1
2024-01-16,2024-01-16 14:16:00,378.28,378.28,378.25,378.25,-0.01,77.64,29130.98,-1
2024-01-16,2024-01-16 14:17:00,378.25,378.25,378.23,378.23,-0.01,77.64,29130.98,-1
2024-01-16,2024-01-16 14:18:00,378.23,378.23,378.2,378.2,-0.01,77.64,29130.98,-1
2024-01-16,2024-01-16 14:19:00,378.2,378.2,378.17,378.17,-0.01,77.64,29130.98,-1
2024-01-16,2024-01-16 14:20:00,378.17,378.17,378.14,378.14,-0.01,77.64,29130.98,-1
2024-01-16,2024-01-16 14:21:00,378.14,378.14,378.11,378.11,-0.01,77.64,29130.98,-1
2024-01-16,2024-01-16 14:22:00,378.11,378.11,378.08,378.08,-0.01,77.64,29130.98,-1
2024-01-16,2024-01-16 14:23:00,378.08,378.08,378.05,378.05,-0.01,77.64,29130.98,-1
2024-01-16,2024-01-16 14:24:00,378.05,378.05,378.02,378.02,-0.01,77.64,29130.98,-1
2024-01-16,2024-01-16 14:25:00,378.02,378.02,377.99,377.99,-0.01,77.64,29130.98,-1
2024-01-16,2024-01-16 14:26:00,377.99,377.99,377.96,377.96,-0.01,77.64,29130.98,-1
2024-01-16,2024-01-16 14:27:00,377.96,377.96,377.93,377.93,-0.01,77.64,29130.98,-1
2024-01-16,2024-01-16 14:28:00,377.93,377.93,377.9,377.9,-0.01,77.64,29130.98,-1
2024-01-16,2024-01-16 14:29:00,377.9,377.9,377.88,377.88,-0.01,77.64,29130.98,-1
2024-01-16,2024-01-16 14:30:00,377.88,377.88,377.85,377.85,-0.01,77.64,29130.98,-1
2024-01-16,2024-01-16 14:31:00,377.85,377.85,377.82,377.82,-0.01,77.64,29130.98,-1
2024-01-16,2024-01-16 14:32:00,377.82,377.82,377.79,377.79,-0.01,77.64,29130.98,-1
2024-01-16,2024-01-16 14:33:00,377.79,377.79,377.76,377.76,-0.01,77.64,29130.98,-1
2024-01-16,2024-01-16 14:34:00,377.76,377.76,377.73,377.73,-0.01,77.64,29130.98,-1
2024-01-16,2024-01-16 14:35:00,377.73,377.73,377.7,377.7,-0.01,77.64,29130.98,-1
2024-01-16,2024-01-16 14:36:00,377.7,377.7,377.67,377.67,-0.01,77.64,29130.98,-1
2024-01-16,2024-01-16 14:37:00,377.67,377.67,377.64,377.64,-0.01,77.64,29130.98,-1
2024-01-16,2024-01-16 14:38:00,377.64,377.64,377.61,377.61,-0.01,77.64,29130.98,-1
2024-01-16,2024-01-16 14:39:00,377.61,377.61,377.58,377.58,-0.01,77.64,29130.98,-1
2024-01-16,2024-01-16 14:40:00,377.58,377.58,377.55,377.55,-0.01,77.64,29130.98,-1
2024-01-16,2024-01-16 14:41:00,377.55,377.55,377.52,377.52,-0.01,77.64,29130.98,-1
2024-01-16,2024-01-16 14:42:00,377.52,377.52,377.5,377.5,-0.01,77.64,29130.98,-1
2024-01-16,2024-01-16 14:43:00,377.5,377.5,377.47,377.47,-0.01,77.64,29130.98,-1
2024-01-16,2024-01-16 14:44:00,377.47,377.47,377.44,377.44,-0.01,77.64,29130.98,-1
2024-01-16,2024-01-16 14:45:00,377.44,377.44,377.41,377.41,-0.01,77.64,29130.98,-1
2024-01-16,2024-01-16 14:46:00,377.41,377.41,377.38,377.38,-0.01,77.64,29130.98,-1
2024-01-16,2024-01-16 14:47:00,377.38,377.38,377.35,377.35,-0.01,77.64,29130.98,-1
2024-01-16,2024-01-16 14:48:00,377.35,377.35,377.32,377.32,-0.01,77.64,29130.98,-1
2024-01-16,2024-01-16 14:49:00,377.32,377.32,377.29,377.29,-0.01,77.64,29130.98,-1
2024-01-16,2024-01-16 14:50:00,377.29,377.29,377.26,377.26,-0.01,77.64,29130.98,-1
2024-01-16,2024-01-16 14:51:00,377.26,377.26,377.23,377.23,-0.01,77.64,29130.98,-1
2024-01-16,2024-01-16 14:52:00,377.23,377.23,377.2,377.2,-0.01,77.64,29130.98,-1
2024-01-16,2024-01-16 14:53:00,377.2,377.2,377.18,377.18,-0.01,77.64,29130.98,-1
2024-01-16,2024-01-16 14:54:00,377.18,377.18,377.15,377.15,-0.01,77.64,29130.98,-1
2024-01-16,2024-01-16 14:55:00,377.15,377.15,377.12,377.12,-0.01,77.64,29130.98,-1
2024-01-16,2024-01-16 14:56:00,377.12,377.12,377.09,377.09,-0.01,77.64,29130.98,-1
2024-01-16,2024-01-16 14:57:00,377.09,377.09,377.06,377.06,-0.01,77.64,29130.98,-1
2024-01-16,2024-01-16 14:58:00,377.06,377.06,377.03,377.03,-0.01,77.64,29130.98,-1
2024-01-16,2024-01-16 14:59:00,377.03,377.03,377.0,377.0,-0.01,77.64,29130.98,-1
2024-01-16,2024-01-16 15:00:00,377.0,385.0,365.0,377.0,0.0,77.64,29130.98,0
2024-01-17,2024-01-17 11:00:00,370.0,370.0,360.79,369.87,-0.04,406.87,142661.47,-1
2024-01-17,2024-01-17 11:01:00,369.87,369.87,369.74,369.74,-0.04,406.87,142661.47,-1
2024-01-17,2024-01-17 11:02:00,369.74,369.74,369.62,369.62,-0.03,406.87,142661.47,-1
2024-01-17,2024-01-17 11:03:00,369.62,369.62,369.49,369.49,-0.04,406.87,142661.47,-1
2024-01-17,2024-01-17 11:04:00,369.49,369.49,369.36,369.36,-0.04,406.87,142661.47,-1
2024-01-17,2024-01-17 11:05:00,369.36,369.36,369.23,369.23,-0.04,406.87,142661.47,-1
2024-01-17,2024-01-17 11:06:00,369.23,369.23,369.1,369.1,-0.04,406.87,142661.47,-1
2024-01-17,2024-01-17 11:07:00,369.1,369.1,368.98,368.98,-0.03,406.87,142661.47,-1
2024-01-17,2024-01-17 11:08:00,368.98,368.98,368.85,368.85,-0.04,406.87,142661.47,-1
2024-01-17,2024-01-17 11:09:00,368.85,368.85,368.72,368.72,-0.04,406.87,142661.47,-1
2024-01-17,2024-01-17 11:10:00,368.72,368.72,368.59,368.59,-0.04,406.87,142661.47,-1
2024-01-17,2024-01-17 11:11:00,368.59,368.59,368.46,368.46,-0.04,406.87,142661.47,-1
2024-01-17,2024-01-17 11:12:00,368.46,368.46,368.34,368.34,-0.03,406.87,142661.47,-1
2024-01-17,2024-01-17 11:13:00,368.34,368.34,368.21,368.21,-0.04,406.87,142661.47,-1
2024-01-17,2024-01-17 11:14:00,368.21,368.21,368.08,368.08,-0.04,406.87,142661.47,-1
2024-01-17,2024-01-17 11:15:00,368.08,368.08,367.95,367.95,-0.04,406.87,142661.47,-1
2024-01-17,2024-01-17 11:16:00,367.95,367.95,367.83,367.83,-0.03,406.87,142661.47,-1
2024-01-17,2024-01-17 11:17:00,367.83,367.83,367.7,367.7,-0.04,406.87,142661.47,-1
2024-01-17,2024-01-17 11:18:00,367.7,367.7,367.57,367.57,-0.04,406.87,142661.47,-1
2024-01-17,2024-01-17 11:19:00,367.57,367.57,367.44,367.44,-0.04,406.87,142661.47,-1
2024-01-17,2024-01-17 11:20:00,367.44,367.44,367.31,367.31,-0.04,406.87,142661.47,-1
2024-01-17,2024-01-17 11:21:00,367.31,367.31,367.19,367.19,-0.03,406.87,142661.47,-1
2024-01-17,2024-01-17 11:22:00,367.19,367.19,367.06,367.06,-0.04,406.87,142661.47,-1
2024-01-17,2024-01-17 11:23:00,367.06,367.06,366.93,366.93,-0.04,406.87,142661.47,-1
2024-01-17,2024-01-17 11:24:00,366.93,366.93,366.8,366.8,-0.04,406.87,142661.47,-1
2024-01-17,2024-01-17 11:25:00,366.8,366.8,366.67,366.67,-0.04,406.87,142661.47,-1
2024-01-17,2024-01-17 11:26:00,366.67,366.67,366.55,366.55,-0.03,406.87,142661.47,-1
2024-01-17,2024-01-17 11:27:00,366.55,366.55,366.42,366.42,-0.04,406.87,142661.47,-1
2024-01-17,2024-01-17 11:28:00,366.42,366.42,366.29,366.29,-0.04,406.87,142661.47,-1
2024-01-17,2024-01-17 11:29:00,366.29,366.29,366.16,366.16,-0.04,406.87,142661.47,-1
2024-01-17,2024-01-17 11:30:00,366.16,366.16,366.03,366.03,-0.04,406.87,142661.47,-1
2024-01-17,2024-01-17 11:31:00,366.03,366.03,365.91,365.91,-0.03,406.87,142661.47,-1
2024-01-17,2024-01-17 11:32:00,365.91,365.91,365.78,365.78,-0.04,406.87,142661.47,-1
2024-01-17,2024-01-17 11:33:00,365.78,365.78,365.65,365.65,-0.04,406.87,142661.47,-1
2024-01-17,2024-01-17 11:34:00,365.65,365.65,365.52,365.52,-0.04,406.87,142661.47,-1
2024-01-17,2024-01-17 11:35:00,365.52,365.52,365.39,365.39,-0.04,406.87,142661.47,-1
2024-01-17,2024-01-17 11:36:00,365.39,365.39,365.27,365.27,-0.03,406.87,142661.47,-1
2024-01-17,2024-01-17 11:37:00,365.27,365.27,365.14,365.14,-0.04,406.87,142661.47,-1
2024-01-17,2024-01-17 11:38:00,365.14,365.14,365.01,365.01,-0.04,406.87,142661.47,-1
2024-01-17,2024-01-17 11:39:00,365.01,365.01,364.88,364.88,-0.04,406.87,142661.47,-1
2024-01-17,2024-01-17 11:40:00,364.88,364.88,364.76,364.76,-0.03,406.87,142661.47,-1
2024-01-17,2024-01-17 11:41:00,364.76,364.76,364.63,364.63,-0.04,406.87,142661.47,-1
2024-01-17,2024-01-17 11:42:00,364.63,364.63,364.5,364.5,-0.04,406.87,142661.47,-1
2024-01-17,2024-01-17 11:43:00,364.5,364.5,364.37,364.37,-0.04,406.87,142661.47,-1
2024-01-17,2024-01-17 11:44:00,364.37,364.37,364.24,364.24,-0.04,406.87,142661.47,-1
2024-01-17,2024-01-17 11:45:00,364.24,364.24,364.12,364.12,-0.03,406.87,142661.47,-1
2024-01-17,2024-01-17 11:46:00,364.12,364.12,363.99,363.99,-0.04,406.87,142661.47,-1
2024-01-17,2024-01-17 11:47:00,363.99,363.99,363.86,363.86,-0.04,406.87,142661.47,-1
2024-01-17,2024-01-17 11:48:00,363.86,363.86,363.73,363.73,-0.04,406.87,142661.47,-1
2024-01-17,2024-01-17 11:49:00,363.73,363.73,363.6,363.6,-0.04,406.87,142661.47,-1
2024-01-17,2024-01-17 11:50:00,363.6,363.6,363.48,363.48,-0.03,406.87,142661.47,-1
2024-01-17,2024-01-17 11:51:00,363.48,363.48,363.35,363.35,-0.04,406.87,142661.47,-1
2024-01-17,2024-01-17 11:52:00,363.35,363.35,363.22,363.22,-0.04,406.87,142661.47,-1
2024-01-17,2024-01-17 11:53:00,363.22,363.22,363.09,363.09,-0.04,406.87,142661.47,-1
2024-01-17,2024-01-17 11:54:00,363.09,363.09,362.96,362.96,-0.04,406.87,142661.47,-1
2024-01-17,2024-01-17 11:55:00,362.96,362.96,362.84,362.84,-0.03,406.87,142661.47,-1
2024-01-17,2024-01-17 11:56:00,362.84,362.84,362.71,362.71,-0.04,406.87,142661.47,-1
2024-01-17,2024-01-17 11:57:00,362.71,362.71,362.58,362.58,-0.04,406.87,142661.47,-1
2024-01-17,2024-01-17 11:58:00,362.58,362.58,362.45,362.45,-0.04,406.87,142661.47,-1
2024-01-17,2024-01-17 11:59:00,362.45,362.45,362.32,362.32,-0.04,406.87,142661.47,-1
2024-01-17,2024-01-17 12:00:00,362.32,362.32,362.2,362.2,-0.03,406.87,142661.47,-1
2024-01-17,2024-01-17 12:01:00,362.2,362.2,362.07,362.07,-0.04,406.87,142661.47,-1
2024-01-17,2024-01-17 12:02:00,362.07,362.07,361.94,361.94,-0.04,406.87,142661.47,-1
2024-01-17,2024-01-17 12:03:00,361.94,361.94,361.81,361.81,-0.04,406.87,142661.47,-1
2024-01-17,2024-01-17 12:04:00,361.81,361.81,361.69,361.69,-0.03,406.87,142661.47,-1
2024-01-17,2024-01-17 12:05:00,361.69,361.69,361.56,361.56,-0.04,406.87,142661.47,-1
2024-01-17,2024-01-17 12:06:00,361.56,361.56,361.43,361.43,-0.04,406.87,142661.47,-1
2024-01-17,2024-01-17 12:07:00,361.43,361.43,361.3,361.3,-0.04,406.87,142661.47,-1
2024-01-17,2024-01-17 12:08:00,361.3,361.3,361.17,361.17,-0.04,406.87,142661.47,-1
2024-01-17,2024-01-17 12:09:00,361.17,361.17,361.05,361.05,-0.03,406.87,142661.47,-1
2024-01-17,2024-01-17 12:10:00,361.05,361.05,360.92,360.92,-0.04,406.87,142661.47,-1
2024-01-17,2024-01-17 12:11:00,360.92,360.92,360.79,360.79,-0.04,406.87,142661.47,-1
2024-01-17,2024-01-17 12:12:00,360.79,360.79,360.66,360.66,-0.04,406.87,142661.47,-1
2024-01-17,2024-01-17 12:13:00,360.66,360.66,360.53,360.53,-0.04,406.87,142661.47,-1
2024-01-17,2024-01-17 12:14:00,360.53,360.53,360.41,360.41,-0.03,406.87,142661.47,-1
2024-01-17,2024-01-17 12:15:00,360.41,360.41,360.28,360.28,-0.04,406.87,142661.47,-1
2024-01-17,2024-01-17 12:16:00,360.28,360.28,360.15,360.15,-0.04,406.87,142661.47,-1
2024-01-17,2024-01-17 12:17:00,360.15,360.15,360.02,360.02,-0.04,406.87,142661.47,-1
2024-01-17,2024-01-17 12:18:00,360.02,360.02,359.89,359.89,-0.04,406.87,142661.47,-1
2024-01-17,2024-01-17 12:19:00,359.89,359.89,359.77,359.77,-0.03,406.87,142661.47,-1
2024-01-17,2024-01-17 12:20:00,359.77,359.77,359.64,359.64,-0.04,406.87,142661.47,-1
2024-01-17,2024-01-17 12:21:00,359.64,359.64,359.51,359.51,-0.04,406.87,142661.47,-1
2024-01-17,2024-01-17 12:22:00,359.51,359.51,359.38,359.38,-0.04,406.87,142661.47,-1
2024-01-17,2024-01-17 12:23:00,359.38,359.38,359.25,359.25,-0.04,406.87,142661.47,-1
2024-01-17,2024-01-17 12:24:00,359.25,359.25,359.13,359.13,-0.03,406.87,142661.47,-1
2024-01-17,2024-01-17 12:25:00,359.13,359.13,359.0,359.0,-0.04,406.87,142661.47,-1
2024-01-17,2024-01-17 12:26:00,359.0,359.0,358.87,358.87,-0.04,406.87,142661.47,-1
2024-01-17,2024-01-17 12:27:00,358.87,358.87,358.74,358.74,-0.04,406.87,142661.47,-1
2024-01-17,2024-01-17 12:28:00,358.74,358.74,358.62,358.62,-0.03,406.87,142661.47,-1
2024-01-17,2024-01-17 12:29:00,358.62,358.62,358.49,358.49,-0.04,406.87,142661.47,-1
2024-01-17,2024-01-17 12:30:00,358.49,358.49,358.36,358.36,-0.04,406.87,142661.47,-1
2024-01-17,2024-01-17 12:31:00,358.36,358.36,358.23,358.23,-0.04,406.87,142661.47,-1
2024-01-17,2024-01-17 12:32:00,358.23,358.23,358.1,358.1,-0.04,406.87,142661.47,-1
2024-01-17,2024-01-17 12:33:00,358.1,358.1,357.98,357.98,-0.03,406.87,142661.47,-1
2024-01-17,2024-01-17 12:34:00,357.98,357.98,357.85,357.85,-0.04,406.87,142661.47,-1
2024-01-17,2024-01-17 12:35:00,357.85,357.85,357.72,357.72,-0.04,406.87,142661.47,-1
2024-01-17,2024-01-17 12:36:00,357.72,357.72,357.59,357.59,-0.04,406.87,142661.47,-1
2024-01-17,2024-01-17 12:37:00,357.59,357.59,357.46,357.46,-0.04,406.87,142661.47,-1
2024-01-17,2024-01-17 12:38:00,357.46,357.46,357.34,357.34,-0.03,406.87,142661.47,-1
2024-01-17,2024-01-17 12:39:00,357.34,357.34,357.21,357.21,-0.04,406.87,142661.47,-1
2024-01-17,2024-01-17 12:40:00,357.21,357.21,357.08,357.08,-0.04,406.87,142661.47,-1
2024-01-17,2024-01-17 12:41:00,357.08,357.08,356.95,356.95,-0.04,406.87,142661.47,-1
2024-01-17,2024-01-17 12:42:00,356.95,356.95,356.82,356.82,-0.04,406.87,142661.47,-1
2024-01-17,2024-01-17 12:43:00,356.82,356.82,356.7,356.7,-0.03,406.87,142661.47,-1
2024-01-17,2024-01-17 12:44:00,356.7,356.7,356.57,356.57,-0.04,406.87,142661.47,-1
2024-01-17,2024-01-17 12:45:00,356.57,356.57,356.44,356.44,-0.04,406.87,142661.47,-1
2024-01-17,2024-01-17 12:46:00,356.44,356.44,356.31,356.31,-0.04,406.87,142661.47,-1
2024-01-17,2024-01-17 12:47:00,356.31,356.31,356.19,356.19,-0.03,406.87,142661.47,-1
2024-01-17,2024-01-17 12:48:00,356.19,356.19,356.06,356.06,-0.04,406.87,142661.47,-1
2024-01-17,2024-01-17 12:49:00,356.06,356.06,355.93,355.93,-0.04,406.87,142661.47,-1
2024-01-17,2024-01-17 12:50:00,355.93,355.93,355.8,355.8,-0.04,406.87,142661.47,-1
2024-01-17,2024-01-17 12:51:00,355.8,355.8,355.67,355.67,-0.04,406.87,142661.47,-1
2024-01-17,2024-01-17 12:52:00,355.67,355.67,355.55,355.55,-0.03,406.87,142661.47,-1
2024-01-17,2024-01-17 12:53:00,355.55,355.55,355.42,355.42,-0.04,406.87,142661.47,-1
2024-01-17,2024-01-17 12:54:00,355.42,355.42,355.29,355.29,-0.04,406.87,142661.47,-1
2024-01-17,2024-01-17 12:55:00,355.29,355.29,355.16,355.16,-0.04,406.87,142661.47,-1
2024-01-17,2024-01-17 12:56:00,355.16,355.16,355.03,355.03,-0.04,406.87,142661.47,-1
2024-01-17,2024-01-17 12:57:00,355.03,355.03,354.91,354.91,-0.03,406.87,142661.47,-1
2024-01-17,2024-01-17 12:58:00,354.91,354.91,354.78,354.78,-0.04,406.87,142661.47,-1
2024-01-17,2024-01-17 12:59:00,354.78,354.78,354.65,354.65,-0.04,406.87,142661.47,-1
2024-01-17,2024-01-17 13:00:00,354.65,370.0,339.3,354.52,-0.04,406.87,142661.47,-1
2024-01-17,2024-01-17 13:01:00,354.52,354.52,354.39,354.39,-0.04,406.87,142661.47,-1
2024-01-17,2024-01-17 13:02:00,354.39,354.39,354.27,354.27,-0.03,406.87,142661.47,-1
2024-01-17,2024-01-17 13:03:00,354.27,354.27,354.14,354.14,-0.04,406.87,142661.47,-1
2024-01-17,2024-01-17 13:04:00,354.14,354.14,354.01,354.01,-0.04,406.87,142661.47,-1
2024-01-17,2024-01-17 13:05:00,354.01,354.01,353.88,353.88,-0.04,406.87,142661.47,-1
2024-01-17,2024-01-17 13:06:00,353.88,353.88,353.75,353.75,-0.04,406.87,142661.47,-1
2024-01-17,2024-01-17 13:07:00,353.75,353.75,353.63,353.63,-0.03,406.87,142661.47,-1
2024-01-17,2024-01-17 13:08:00,353.63,353.63,353.5,353.5,-0.04,406.87,142661.47,-1
2024-01-17,2024-01-17 13:09:00,353.5,353.5,353.37,353.37,-0.04,406.87,142661.47,-1
2024-01-17,2024-01-17 13:10:00,353.37,353.37,353.24,353.24,-0.04,406.87,142661.47,-1
2024-01-17,2024-01-17 13:11:00,353.24,353.24,353.12,353.12,-0.03,406.87,142661.47,-1
2024-01-17,2024-01-17 13:12:00,353.12,353.12,352.99,352.99,-0.04,406.87,142661.47,-1
2024-01-17,2024-01-17 13:13:00,352.99,352.99,352.86,352.86,-0.04,406.87,142661.47,-1
2024-01-17,2024-01-17 13:14:00,352.86,352.86,352.73,352.73,-0.04,406.87,142661.47,-1
2024-01-17,2024-01-17 13:15:00,352.73,352.73,352.6,352.6,-0.04,406.87,142661.47,-1
2024-01-17,2024-01-17 13:16:00,352.6,352.6,352.48,352.48,-0.03,406.87,142661.47,-1
2024-01-17,2024-01-17 13:17:00,352.48,352.48,352.35,352.35,-0.04,406.87,142661.47,-1
2024-01-17,2024-01-17 13:18:00,352.35,352.35,352.22,352.22,-0.04,406.87,142661.47,-1
2024-01-17,2024-01-17 13:19:00,352.22,352.22,352.09,352.09,-0.04,406.87,142661.47,-1
2024-01-17,2024-01-17 13:20:00,352.09,352.09,351.96,351.96,-0.04,406.87,142661.47,-1
2024-01-17,2024-01-17 13:21:00,351.96,351.96,351.84,351.84,-0.03,406.87,142661.47,-1
2024-01-17,2024-01-17 13:22:00,351.84,351.84,351.71,351.71,-0.04,406.87,142661.47,-1
2024-01-17,2024-01-17 13:23:00,351.71,351.71,351.58,351.58,-0.04,406.87,142661.47,-1
2024-01-17,2024-01-17 13:24:00,351.58,351.58,351.45,351.45,-0.04,406.87,142661.47,-1
2024-01-17,2024-01-17 13:25:00,351.45,351.45,351.32,351.32,-0.04,406.87,142661.47,-1
2024-01-17,2024-01-17 13:26:00,351.32,351.32,351.2,351.2,-0.03,406.87,142661.47,-1
2024-01-17,2024-01-17 13:27:00,351.2,351.2,351.07,351.07,-0.04,406.87,142661.47,-1
2024-01-17,2024-01-17 13:28:00,351.07,351.07,350.94,350.94,-0.04,406.87,142661.47,-1
2024-01-17,2024-01-17 13:29:00,350.94,350.94,350.81,350.81,-0.04,406.87,142661.47,-1
2024-01-17,2024-01-17 13:30:00,350.81,350.81,350.68,350.68,-0.04,406.87,142661.47,-1
2024-01-17,2024-01-17 13:31:00,350.68,350.68,350.56,350.56,-0.03,406.87,142661.47,-1
2024-01-17,2024-01-17 13:32:00,350.56,350.56,350.43,350.43,-0.04,406.87,142661.47,-1
2024-01-17,2024-01-17 13:33:00,350.43,350.43,350.3,350.3,-0.04,406.87,142661.47,-1
2024-01-17,2024-01-17 13:34:00,350.3,350.3,350.17,350.17,-0.04,406.87,142661.47,-1
2024-01-17,2024-01-17 13:35:00,350.17,350.17,350.05,350.05,-0.03,406.87,142661.47,-1
2024-01-17,2024-01-17 13:36:00,350.05,350.05,349.92,349.92,-0.04,406.87,142661.47,-1
2024-01-17,2024-01-17 13:37:00,349.92,349.92,349.79,349.79,-0.04,406.87,142661.47,-1
2024-01-17,2024-01-17 13:38:00,349.79,349.79,349.66,349.66,-0.04,406.87,142661.47,-1
2024-01-17,2024-01-17 13:39:00,349.66,349.66,349.53,349.53,-0.04,406.87,142661.47,-1
2024-01-17,2024-01-17 13:40:00,349.53,349.53,349.41,349.41,-0.03,406.87,142661.47,-1
2024-01-17,2024-01-17 13:41:00,349.41,349.41,349.28,349.28,-0.04,406.87,142661.47,-1
2024-01-17,2024-01-17 13:42:00,349.28,349.28,349.15,349.15,-0.04,406.87,142661.47,-1
2024-01-17,2024-01-17 13:43:00,349.15,349.15,349.02,349.02,-0.04,406.87,142661.47,-1
2024-01-17,2024-01-17 13:44:00,349.02,349.02,348.89,348.89,-0.04,406.87,142661.47,-1
2024-01-17,2024-01-17 13:45:00,348.89,348.89,348.77,348.77,-0.03,406.87,142661.47,-1
2024-01-17,2024-01-17 13:46:00,348.77,348.77,348.64,348.64,-0.04,406.87,142661.47,-1
2024-01-17,2024-01-17 13:47:00,348.64,348.64,348.51,348.51,-0.04,406.87,142661.47,-1
2024-01-17,2024-01-17 13:48:00,348.51,348.51,348.38,348.38,-0.04,406.87,142661.47,-1
2024-01-17,2024-01-17 13:49:00,348.38,348.38,348.25,348.25,-0.04,406.87,142661.47,-1
2024-01-17,2024-01-17 13:50:00,348.25,348.25,348.13,348.13,-0.03,406.87,142661.47,-1
2024-01-17,2024-01-17 13:51:00,348.13,348.13,348.0,348.0,-0.04,406.87,142661.47,-1
2024-01-17,2024-01-17 13:52:00,348.0,348.0,347.87,347.87,-0.04,406.87,142661.47,-1
2024-01-17,2024-01-17 13:53:00,347.87,347.87,347.74,347.74,-0.04,406.87,142661.47,-1
2024-01-17,2024-01-17 13:54:00,347.74,347.74,347.61,347.61,-0.04,406.87,142661.47,-1
2024-01-17,2024-01-17 13:55:00,347.61,347.61,347.49,347.49,-0.03,406.87,142661.47,-1
2024-01-17,2024-01-17 13:56:00,347.49,347.49,347.36,347.36,-0.04,406.87,142661.47,-1
2024-01-17,2024-01-17 13:57:00,347.36,347.36,347.23,347.23,-0.04,406.87,142661.47,-1
2024-01-17,2024-01-17 13:58:00,347.23,347.23,347.1,347.1,-0.04,406.87,142661.47,-1
2024-01-17,2024-01-17 13:59:00,347.1,347.1,346.98,346.98,-0.03,406.87,142661.47,-1
2024-01-17,2024-01-17 14:00:00,346.98,346.98,346.85,346.85,-0.04,406.87,142661.47,-1
2024-01-17,2024-01-17 14:01:00,346.85,346.85,346.72,346.72,-0.04,406.87,142661.47,-1
2024-01-17,2024-01-17 14:02:00,346.72,346.72,346.59,346.59,-0.04,406.87,142661.47,-1
2024-01-17,2024-01-17 14:03:00,346.59,346.59,346.46,346.46,-0.04,406.87,142661.47,-1
2024-01-17,2024-01-17 14:04:00,346.46,346.46,346.34,346.34,-0.03,406.87,142661.47,-1
2024-01-17,2024-01-17 14:05:00,346.34,346.34,346.21,346.21,-0.04,406.87,142661.47,-1
2024-01-17,2024-01-17 14:06:00,346.21,346.21,346.08,346.08,-0.04,406.87,142661.47,-1
2024-01-17,2024-01-17 14:07:00,346.08,346.08,345.95,345.95,-0.04,406.87,142661.47,-1
2024-01-17,2024-01-17 14:08:00,345.95,345.95,345.82,345.82,-0.04,406.87,142661.47,-1
2024-01-17,2024-01-17 14:09:00,345.82,345.82,345.7,345.7,-0.03,406.87,142661.47,-1
2024-01-17,2024-01-17 14:10:00,345.7,345.7,345.57,345.57,-0.04,406.87,142661.47,-1
2024-01-17,2024-01-17 14:11:00,345.57,345.57,345.44,345.44,-0.04,406.87,142661.47,-1
2024-01-17,2024-01-17 14:12:00,345.44,345.44,345.31,345.31,-0.04,406.87,142661.47,-1
2024-01-17,2024-01-17 14:13:00,345.31,345.31,345.18,345.18,-0.04,406.87,142661.47,-1
2024-01-17,2024-01-17 14:14:00,345.18,345.18,345.06,345.06,-0.03,406.87,142661.47,-1
2024-01-17,2024-01-17 14:15:00,345.06,345.06,344.93,344.93,-0.04,406.87,142661.47,-1
2024-01-17,2024-01-17 14:16:00,344.93,344.93,344.8,344.8,-0.04,406.87,142661.47,-1
2024-01-17,2024-01-17 14:17:00,344.8,344.8,344.67,344.67,-0.04,406.87,142661.47,-1
2024-01-17,2024-01-17 14:18:00,344.67,344.67,344.54,344.54,-0.04,406.87,142661.47,-1
2024-01-17,2024-01-17 14:19:00,344.54,344.54,344.42,344.42,-0.03,406.87,142661.47,-1
2024-01-17,2024-01-17 14:20:00,344.42,344.42,344.29,344.29,-0.04,406.87,142661.47,-1
2024-01-17,2024-01-17 14:21:00,344.29,344.29,344.16,344.16,-0.04,406.87,142661.47,-1
2024-01-17,2024-01-17 14:22:00,344.16,344.16,344.03,344.03,-0.04,406.87,142661.47,-1
2024-01-17,2024-01-17 14:23:00,344.03,344.03,343.91,343.91,-0.03,406.87,142661.47,-1
2024-01-17,2024-01-17 14:24:00,343.91,343.91,343.78,343.78,-0.04,406.87,142661.47,-1
2024-01-17,2024-01-17 14:25:00,343.78,343.78,343.65,343.65,-0.04,406.87,142661.47,-1
2024-01-17,2024-01-17 14:26:00,343.65,343.65,343.52,343.52,-0.04,406.87,142661.47,-1
2024-01-17,2024-01-17 14:27:00,343.52,343.52,343.39,343.39,-0.04,406.87,142661.47,-1
2024-01-17,2024-01-17 14:28:00,343.39,343.39,343.27,343.27,-0.03,406.87,142661.47,-1
2024-01-17,2024-01-17 14:29:00,343.27,343.27,343.14,343.14,-0.04,406.87,142661.47,-1
2024-01-17,2024-01-17 14:30:00,343.14,343.14,343.01,343.01,-0.04,406.87,142661.47,-1
2024-01-17,2024-01-17 14:31:00,343.01,343.01,342.88,342.88,-0.04,406.87,142661.47,-1
2024-01-17,2024-01-17 14:32:00,342.88,342.88,342.75,342.75,-0.04,406.87,142661.47,-1
2024-01-17,2024-01-17 14:33:00,342.75,342.75,342.63,342.63,-0.04,406.87,142661.47,-1
2024-01-17,2024-01-17 14:34:00,342.63,342.63,342.5,342.5,-0.04,406.87,142661.47,-1
2024-01-17,2024-01-17 14:35:00,342.5,342.5,342.37,342.37,-0.04,406.87,142661.47,-1
2024-01-17,2024-01-17 14:36:00,342.37,342.37,342.24,342.24,-0.04,406.87,142661.47,-1
2024-01-17,2024-01-17 14:37:00,342.24,342.24,342.11,342.11,-0.04,406.87,142661.47,-1
2024-01-17,2024-01-17 14:38:00,342.11,342.11,341.99,341.99,-0.04,406.87,142661.47,-1
2024-01-17,2024-01-17 14:39:00,341.99,341.99,341.86,341.86,-0.04,406.87,142661.47,-1
2024-01-17,2024-01-17 14:40:00,341.86,341.86,341.73,341.73,-0.04,406.87,142661.47,-1
2024-01-17,2024-01-17 14:41:00,341.73,341.73,341.6,341.6,-0.04,406.87,142661.47,-1
2024-01-17,2024-01-17 14:42:00,341.6,341.6,341.47,341.47,-0.04,406.87,142661.47,-1
2024-01-17,2024-01-17 14:43:00,341.47,341.47,341.35,341.35,-0.04,406.87,142661.47,-1
2024-01-17,2024-01-17 14:44:00,341.35,341.35,341.22,341.22,-0.04,406.87,142661.47,-1
2024-01-17,2024-01-17 14:45:00,341.22,341.22,341.09,341.09,-0.04,406.87,142661.47,-1
2024-01-17,2024-01-17 14:46:00,341.09,341.09,340.96,340.96,-0.04,406.87,142661.47,-1
2024-01-17,2024-01-17 14:47:00,340.96,340.96,340.84,340.84,-0.04,406.87,142661.47,-1
2024-01-17,2024-01-17 14:48:00,340.84,340.84,340.71,340.71,-0.04,406.87,142661.47,-1
2024-01-17,2024-01-17 14:49:00,340.71,340.71,340.58,340.58,-0.04,406.87,142661.47,-1
2024-01-17,2024-01-17 14:50:00,340.58,340.58,340.45,340.45,-0.04,406.87,142661.47,-1
2024-01-17,2024-01-17 14:51:00,340.45,340.45,340.32,340.32,-0.04,406.87,142661.47,-1
2024-01-17,2024-01-17 14:52:00,340.32,340.32,340.2,340.2,-0.04,406.87,142661.47,-1
2024-01-17,2024-01-17 14:53:00,340.2,340.2,340.07,340.07,-0.04,406.87,142661.47,-1
2024-01-17,2024-01-17 14:54:00,340.07,340.07,339.94,339.94,-0.04,406.87,142661.47,-1
2024-01-17,2024-01-17 14:55:00,339.94,339.94,339.81,339.81,-0.04,406.87,142661.47,-1
2024-01-17,2024-01-17 14:56:00,339.81,339.81,339.68,339.68,-0.04,406.87,142661.47,-1
2024-01-17,2024-01-17 14:57:00,339.68,339.68,339.56,339.56,-0.04,406.87,142661.47,-1
2024-01-17,2024-01-17 14:58:00,339.56,339.56,339.43,339.43,-0.04,406.87,142661.47,-1
2024-01-17,2024-01-17 14:59:00,339.43,339.43,339.3,339.3,-0.04,406.87,142661.47,-1
2024-01-17,2024-01-17 15:00:00,339.3,370.0,339.3,339.3,0.0,406.87,142661.47,0
2024-01-18,2024-01-18 11:00:00,340.0,344.8,337.0,340.0,0.0,143.02,48411.86,0
2024-01-18,2024-01-18 11:01:00,340.0,340.01,340.0,340.01,0.0,143.02,48411.86,1
2024-01-18,2024-01-18 11:02:00,340.01,340.01,340.01,340.01,0.0,143.02,48411.86,0
2024-01-18,2024-01-18 11:03:00,340.01,340.02,340.01,340.02,0.0,143.02,48411.86,1
2024-01-18,2024-01-18 11:04:00,340.02,340.02,340.02,340.02,0.0,143.02,48411.86,0
2024-01-18,2024-01-18 11:05:00,340.02,340.02,340.02,340.02,0.0,143.02,48411.86,0
2024-01-18,2024-01-18 11:06:00,340.02,340.03,340.02,340.03,0.0,143.02,48411.86,1
2024-01-18,2024-01-18 11:07:00,340.03,340.03,340.03,340.03,0.0,143.02,48411.86,0
2024-01-18,2024-01-18 11:08:00,340.03,340.04,340.03,340.04,0.0,143.02,48411.86,1
2024-01-18,2024-01-18 11:09:00,340.04,340.04,340.04,340.04,0.0,143.02,48411.86,0
2024-01-18,2024-01-18 11:10:00,340.04,340.05,340.04,340.05,0.0,143.02,48411.86,1
2024-01-18,2024-01-18 11:11:00,340.05,340.05,340.05,340.05,0.0,143.02,48411.86,0
2024-01-18,2024-01-18 11:12:00,340.05,340.05,340.05,340.05,0.0,143.02,48411.86,0
2024-01-18,2024-01-18 11:13:00,340.05,340.06,340.05,340.06,0.0,143.02,48411.86,1
2024-01-18,2024-01-18 11:14:00,340.06,340.06,340.06,340.06,0.0,143.02,48411.86,0
2024-01-18,2024-01-18 11:15:00,340.06,340.07,340.06,340.07,0.0,143.02,48411.86,1
2024-01-18,2024-01-18 11:16:00,340.07,340.07,340.07,340.07,0.0,143.02,48411.86,0
2024-01-18,2024-01-18 11:17:00,340.07,340.07,340.07,340.07,0.0,143.02,48411.86,0
2024-01-18,2024-01-18 11:18:00,340.07,340.08,340.07,340.08,0.0,143.02,48411.86,1
2024-01-18,2024-01-18 11:19:00,340.08,340.08,340.08,340.08,0.0,143.02,48411.86,0
2024-01-18,2024-01-18 11:20:00,340.08,340.09,340.08,340.09,0.0,143.02,48411.86,1
2024-01-18,2024-01-18 11:21:00,340.09,340.09,340.09,340.09,0.0,143.02,48411.86,0
2024-01-18,2024-01-18 11:22:00,340.09,340.1,340.09,340.1,0.0,143.02,48411.86,1
2024-01-18,2024-01-18 11:23:00,340.1,340.1,340.1,340.1,0.0,143.02,48411.86,0
2024-01-18,2024-01-18 11:24:00,340.1,340.1,340.1,340.1,0.0,143.02,48411.86,0
2024-01-18,2024-01-18 11:25:00,340.1,340.11,340.1,340.11,0.0,143.02,48411.86,1
2024-01-18,2024-01-18 11:26:00,340.11,340.11,340.11,340.11,0.0,143.02,48411.86,0
2024-01-18,2024-01-18 11:27:00,340.11,340.12,340.11,340.12,0.0,143.02,48411.86,1
2024-01-18,2024-01-18 11:28:00,340.12,340.12,340.12,340.12,0.0,143.02,48411.86,0
2024-01-18,2024-01-18 11:29:00,340.12,340.12,340.12,340.12,0.0,143.02,48411.86,0
2024-01-18,2024-01-18 11:30:00,340.12,340.13,340.12,340.13,0.0,143.02,48411.86,1
2024-01-18,2024-01-18 11:31:00,340.13,340.13,340.13,340.13,0.0,143.02,48411.86,0
2024-01-18,2024-01-18 11:32:00,340.13,340.14,340.13,340.14,0.0,143.02,48411.86,1
2024-01-18,2024-01-18 11:33:00,340.14,340.14,340.14,340.14,0.0,143.02,48411.86,0
2024-01-18,2024-01-18 11:34:00,340.14,340.15,340.14,340.15,0.0,143.02,48411.86,1
2024-01-18,2024-01-18 11:35:00,340.15,340.15,340.15,340.15,0.0,143.02,48411.86,0
2024-01-18,2024-01-18 11:36:00,340.15,340.15,340.15,340.15,0.0,143.02,48411.86,0
2024-01-18,2024-01-18 11:37:00,340.15,340.16,340.15,340.16,0.0,143.02,48411.86,1
2024-01-18,2024-01-18 11:38:00,340.16,340.16,340.16,340.16,0.0,143.02,48411.86,0
2024-01-18,2024-01-18 11:39:00,340.16,340.17,340.16,340.17,0.0,143.02,48411.86,1
2024-01-18,2024-01-18 11:40:00,340.17,340.17,340.17,340.17,0.0,143.02,48411.86,0
2024-01-18,2024-01-18 11:41:00,340.17,340.18,340.17,340.18,0.0,143.02,48411.86,1
2024-01-18,2024-01-18 11:42:00,340.18,340.18,340.18,340.18,0.0,143.02,48411.86,0
2024-01-18,2024-01-18 11:43:00,340.18,340.18,340.18,340.18,0.0,143.02,48411.86,0
2024-01-18,2024-01-18 11:44:00,340.18,340.19,340.18,340.19,0.0,143.02,48411.86,1
2024-01-18,2024-01-18 11:45:00,340.19,340.19,340.19,340.19,0.0,143.02,48411.86,0
2024-01-18,2024-01-18 11:46:00,340.19,340.2,340.19,340.2,0.0,143.02,48411.86,1
2024-01-18,2024-01-18 11:47:00,340.2,340.2,340.2,340.2,0.0,143.02,48411.86,0
2024-01-18,2024-01-18 11:48:00,340.2,340.2,340.2,340.2,0.0,143.02,48411.86,0
2024-01-18,2024-01-18 11:49:00,340.2,340.21,340.2,340.21,0.0,143.02,48411.86,1
2024-01-18,2024-01-18 11:50:00,340.21,340.21,340.21,340.21,0.0,143.02,48411.86,0
2024-01-18,2024-01-18 11:51:00,340.21,340.22,340.21,340.22,0.0,143.02,48411.86,1
2024-01-18,2024-01-18 11:52:00,340.22,340.22,340.22,340.22,0.0,143.02,48411.86,0
2024-01-18,2024-01-18 11:53:00,340.22,340.23,340.22,340.23,0.0,143.02,48411.86,1
2024-01-18,2024-01-18 11:54:00,340.23,340.23,340.23,340.23,0.0,143.02,48411.86,0
2024-01-18,2024-01-18 11:55:00,340.23,340.23,340.23,340.23,0.0,143.02,48411.86,0
2024-01-18,2024-01-18 11:56:00,340.23,340.24,340.23,340.24,0.0,143.02,48411.86,1
2024-01-18,2024-01-18 11:57:00,340.24,340.24,340.24,340.24,0.0,143.02,48411.86,0
2024-01-18,2024-01-18 11:58:00,340.24,340.25,340.24,340.25,0.0,143.02,48411.86,1
2024-01-18,2024-01-18 11:59:00,340.25,340.25,340.25,340.25,0.0,143.02,48411.86,0
2024-01-18,2024-01-18 12:00:00,340.25,340.25,340.25,340.25,0.0,143.02,48411.86,0
2024-01-18,2024-01-18 12:01:00,340.25,340.26,340.25,340.26,0.0,143.02,48411.86,1
2024-01-18,2024-01-18 12:02:00,340.26,340.26,340.26,340.26,0.0,143.02,48411.86,0
2024-01-18,2024-01-18 12:03:00,340.26,340.27,340.26,340.27,0.0,143.02,48411.86,1
2024-01-18,2024-01-18 12:04:00,340.27,340.27,340.27,340.27,0.0,143.02,48411.86,0
2024-01-18,2024-01-18 12:05:00,340.27,340.27,340.27,340.27,0.0,143.02,48411.86,0
2024-01-18,2024-01-18 12:06:00,340.27,340.28,340.27,340.28,0.0,143.02,48411.86,1
2024-01-18,2024-01-18 12:07:00,340.28,340.28,340.28,340.28,0.0,143.02,48411.86,0
2024-01-18,2024-01-18 12:08:00,340.28,340.29,340.28,340.29,0.0,143.02,48411.86,1
2024-01-18,2024-01-18 12:09:00,340.29,340.29,340.29,340.29,0.0,143.02,48411.86,0
2024-01-18,2024-01-18 12:10:00,340.29,340.3,340.29,340.3,0.0,143.02,48411.86,1
2024-01-18,2024-01-18 12:11:00,340.3,340.3,340.3,340.3,0.0,143.02,48411.86,0
2024-01-18,2024-01-18 12:12:00,340.3,340.3,340.3,340.3,0.0,143.02,48411.86,0
2024-01-18,2024-01-18 12:13:00,340.3,340.31,340.3,340.31,0.0,143.02,48411.86,1
2024-01-18,2024-01-18 12:14:00,340.31,340.31,340.31,340.31,0.0,143.02,48411.86,0
2024-01-18,2024-01-18 12:15:00,340.31,340.32,340.31,340.32,0.0,143.02,48411.86,1
2024-01-18,2024-01-18 12:16:00,340.32,340.32,340.32,340.32,0.0,143.02,48411.86,0
2024-01-18,2024-01-18 12:17:00,340.32,340.32,340.32,340.32,0.0,143.02,48411.86,0
2024-01-18,2024-01-18 12:18:00,340.32,340.33,340.32,340.33,0.0,143.02,48411.86,1
2024-01-18,2024-01-18 12:19:00,340.33,340.33,340.33,340.33,0.0,143.02,48411.86,0
2024-01-18,2024-01-18 12:20:00,340.33,340.34,340.33,340.34,0.0,143.02,48411.86,1
2024-01-18,2024-01-18 12:21:00,340.34,340.34,340.34,340.34,0.0,143.02,48411.86,0
2024-01-18,2024-01-18 12:22:00,340.34,340.35,340.34,340.35,0.0,143.02,48411.86,1
2024-01-18,2024-01-18 12:23:00,340.35,340.35,340.35,340.35,0.0,143.02,48411.86,0
2024-01-18,2024-01-18 12:24:00,340.35,340.35,340.35,340.35,0.0,143.02,48411.86,0
2024-01-18,2024-01-18 12:25:00,340.35,340.36,340.35,340.36,0.0,143.02,48411.86,1
2024-01-18,2024-01-18 12:26:00,340.36,340.36,340.36,340.36,0.0,143.02,48411.86,0
2024-01-18,2024-01-18 12:27:00,340.36,340.37,340.36,340.37,0.0,143.02,48411.86,1
2024-01-18,2024-01-18 12:28:00,340.37,340.37,340.37,340.37,0.0,143.02,48411.86,0
2024-01-18,2024-01-18 12:29:00,340.37,340.38,340.37,340.38,0.0,143.02,48411.86,1
2024-01-18,2024-01-18 12:30:00,340.38,340.38,340.38,340.38,0.0,143.02,48411.86,0
2024-01-18,2024-01-18 12:31:00,340.38,340.38,340.38,340.38,0.0,143.02,48411.86,0
2024-01-18,2024-01-18 12:32:00,340.38,340.39,340.38,340.39,0.0,143.02,48411.86,1
2024-01-18,2024-01-18 12:33:00,340.39,340.39,340.39,340.39,0.0,143.02,48411.86,0
2024-01-18,2024-01-18 12:34:00,340.39,340.4,340.39,340.4,0.0,143.02,48411.86,1
2024-01-18,2024-01-18 12:35:00,340.4,340.4,340.4,340.4,0.0,143.02,48411.86,0
2024-01-18,2024-01-18 12:36:00,340.4,340.4,340.4,340.4,0.0,143.02,48411.86,0
2024-01-18,2024-01-18 12:37:00,340.4,340.41,340.4,340.41,0.0,143.02,48411.86,1
2024-01-18,2024-01-18 12:38:00,340.41,340.41,340.41,340.41,0.0,143.02,48411.86,0
2024-01-18,2024-01-18 12:39:00,340.41,340.42,340.41,340.42,0.0,143.02,48411.86,1
2024-01-18,2024-01-18 12:40:00,340.42,340.42,340.42,340.42,0.0,143.02,48411.86,0
2024-01-18,2024-01-18 12:41:00,340.42,340.43,340.42,340.43,0.0,143.02,48411.86,1
2024-01-18,2024-01-18 12:42:00,340.43,340.43,340.43,340.43,0.0,143.02,48411.86,0
2024-01-18,2024-01-18 12:43:00,340.43,340.43,340.43,340.43,0.0,143.02,48411.86,0
2024-01-18,2024-01-18 12:44:00,340.43,340.44,340.43,340.44,0.0,143.02,48411.86,1
2024-01-18,2024-01-18 12:45:00,340.44,340.44,340.44,340.44,0.0,143.02,48411.86,0
2024-01-18,2024-01-18 12:46:00,340.44,340.45,340.44,340.45,0.0,143.02,48411.86,1
2024-01-18,2024-01-18 12:47:00,340.45,340.45,340.45,340.45,0.0,143.02,48411.86,0
2024-01-18,2024-01-18 12:48:00,340.45,340.45,340.45,340.45,0.0,143.02,48411.86,0
2024-01-18,2024-01-18 12:49:00,340.45,340.46,340.45,340.46,0.0,143.02,48411.86,1
2024-01-18,2024-01-18 12:50:00,340.46,340.46,340.46,340.46,0.0,143.02,48411.86,0
2024-01-18,2024-01-18 12:51:00,340.46,340.47,340.46,340.47,0.0,143.02,48411.86,1
2024-01-18,2024-01-18 12:52:00,340.47,340.47,340.47,340.47,0.0,143.02,48411.86,0
2024-01-18,2024-01-18 12:53:00,340.47,340.48,340.47,340.48,0.0,143.02,48411.86,1
2024-01-18,2024-01-18 12:54:00,340.48,340.48,340.48,340.48,0.0,143.02,48411.86,0
2024-01-18,2024-01-18 12:55:00,340.48,340.48,340.48,340.48,0.0,143.02,48411.86,0
2024-01-18,2024-01-18 12:56:00,340.48,340.49,340.48,340.49,0.0,143.02,48411.86,1
2024-01-18,2024-01-18 12:57:00,340.49,340.49,340.49,340.49,0.0,143.02,48411.86,0
2024-01-18,2024-01-18 12:58:00,340.49,340.5,340.49,340.5,0.0,143.02,48411.86,1
2024-01-18,2024-01-18 12:59:00,340.5,340.5,340.5,340.5,0.0,143.02,48411.86,0
2024-01-18,2024-01-18 13:00:00,340.5,356.0,330.0,340.5,0.0,143.02,48411.86,0
2024-01-18,2024-01-18 13:01:00,340.5,340.51,340.5,340.51,0.0,143.02,48411.86,1
2024-01-18,2024-01-18 13:02:00,340.51,340.51,340.51,340.51,0.0,143.02,48411.86,0
2024-01-18,2024-01-18 13:03:00,340.51,340.52,340.51,340.52,0.0,143.02,48411.86,1
2024-01-18,2024-01-18 13:04:00,340.52,340.52,340.52,340.52,0.0,143.02,48411.86,0
2024-01-18,2024-01-18 13:05:00,340.52,340.52,340.52,340.52,0.0,143.02,48411.86,0
2024-01-18,2024-01-18 13:06:00,340.52,340.53,340.52,340.53,0.0,143.02,48411.86,1
2024-01-18,2024-01-18 13:07:00,340.53,340.53,340.53,340.53,0.0,143.02,48411.86,0
2024-01-18,2024-01-18 13:08:00,340.53,340.54,340.53,340.54,0.0,143.02,48411.86,1
2024-01-18,2024-01-18 13:09:00,340.54,340.54,340.54,340.54,0.0,143.02,48411.86,0
2024-01-18,2024-01-18 13:10:00,340.54,340.55,340.54,340.55,0.0,143.02,48411.86,1
2024-01-18,2024-01-18 13:11:00,340.55,340.55,340.55,340.55,0.0,143.02,48411.86,0
2024-01-18,2024-01-18 13:12:00,340.55,340.55,340.55,340.55,0.0,143.02,48411.86,0
2024-01-18,2024-01-18 13:13:00,340.55,340.56,340.55,340.56,0.0,143.02,48411.86,1
2024-01-18,2024-01-18 13:14:00,340.56,340.56,340.56,340.56,0.0,143.02,48411.86,0
2024-01-18,2024-01-18 13:15:00,340.56,340.57,340.56,340.57,0.0,143.02,48411.86,1
2024-01-18,2024-01-18 13:16:00,340.57,340.57,340.57,340.57,0.0,143.02,48411.86,0
2024-01-18,2024-01-18 13:17:00,340.57,340.57,340.57,340.57,0.0,143.02,48411.86,0
2024-01-18,2024-01-18 13:18:00,340.57,340.58,340.57,340.58,0.0,143.02,48411.86,1
2024-01-18,2024-01-18 13:19:00,340.58,340.58,340.58,340.58,0.0,143.02,48411.86,0
2024-01-18,2024-01-18 13:20:00,340.58,340.59,340.58,340.59,0.0,143.02,48411.86,1
2024-01-18,2024-01-18 13:21:00,340.59,340.59,340.59,340.59,0.0,143.02,48411.86,0
2024-01-18,2024-01-18 13:22:00,340.59,340.6,340.59,340.6,0.0,143.02,48411.86,1
2024-01-18,2024-01-18 13:23:00,340.6,340.6,340.6,340.6,0.0,143.02,48411.86,0
2024-01-18,2024-01-18 13:24:00,340.6,340.6,340.6,340.6,0.0,143.02,48411.86,0
2024-01-18,2024-01-18 13:25:00,340.6,340.61,340.6,340.61,0.0,143.02,48411.86,1
2024-01-18,2024-01-18 13:26:00,340.61,340.61,340.61,340.61,0.0,143.02,48411.86,0
2024-01-18,2024-01-18 13:27:00,340.61,340.62,340.61,340.62,0.0,143.02,48411.86,1
2024-01-18,2024-01-18 13:28:00,340.62,340.62,340.62,340.62,0.0,143.02,48411.86,0
2024-01-18,2024-01-18 13:29:00,340.62,340.62,340.62,340.62,0.0,143.02,48411.86,0
2024-01-18,2024-01-18 13:30:00,340.62,340.63,340.62,340.63,0.0,143.02,48411.86,1
2024-01-18,2024-01-18 13:31:00,340.63,340.63,340.63,340.63,0.0,143.02,48411.86,0
2024-01-18,2024-01-18 13:32:00,340.63,340.64,340.63,340.64,0.0,143.02,48411.86,1
2024-01-18,2024-01-18 13:33:00,340.64,340.64,340.64,340.64,0.0,143.02,48411.86,0
2024-01-18,2024-01-18 13:34:00,340.64,340.65,340.64,340.65,0.0,143.02,48411.86,1
2024-01-18,2024-01-18 13:35:00,340.65,340.65,340.65,340.65,0.0,143.02,48411.86,0
2024-01-18,2024-01-18 13:36:00,340.65,340.65,340.65,340.65,0.0,143.02,48411.86,0
2024-01-18,2024-01-18 13:37:00,340.65,340.66,340.65,340.66,0.0,143.02,48411.86,1
2024-01-18,2024-01-18 13:38:00,340.66,340.66,340.66,340.66,0.0,143.02,48411.86,0
2024-01-18,2024-01-18 13:39:00,340.66,340.67,340.66,340.67,0.0,143.02,48411.86,1
2024-01-18,2024-01-18 13:40:00,340.67,340.67,340.67,340.67,0.0,143.02,48411.86,0
2024-01-18,2024-01-18 13:41:00,340.67,340.68,340.67,340.68,0.0,143.02,48411.86,1
2024-01-18,2024-01-18 13:42:00,340.68,340.68,340.68,340.68,0.0,143.02,48411.86,0
2024-01-18,2024-01-18 13:43:00,340.68,340.68,340.68,340.68,0.0,143.02,48411.86,0
2024-01-18,2024-01-18 13:44:00,340.68,340.69,340.68,340.69,0.0,143.02,48411.86,1
2024-01-18,2024-01-18 13:45:00,340.69,340.69,340.69,340.69,0.0,143.02,48411.86,0
2024-01-18,2024-01-18 13:46:00,340.69,340.7,340.69,340.7,0.0,143.02,48411.86,1
2024-01-18,2024-01-18 13:47:00,340.7,340.7,340.7,340.7,0.0,143.02,48411.86,0
2024-01-18,2024-01-18 13:48:00,340.7,340.7,340.7,340.7,0.0,143.02,48411.86,0
2024-01-18,2024-01-18 13:49:00,340.7,340.71,340.7,340.71,0.0,143.02,48411.86,1
2024-01-18,2024-01-18 13:50:00,340.71,340.71,340.71,340.71,0.0,143.02,48411.86,0
2024-01-18,2024-01-18 13:51:00,340.71,340.72,340.71,340.72,0.0,143.02,48411.86,1
2024-01-18,2024-01-18 13:52:00,340.72,340.72,340.72,340.72,0.0,143.02,48411.86,0
2024-01-18,2024-01-18 13:53:00,340.72,340.73,340.72,340.73,0.0,143.02,48411.86,1
2024-01-18,2024-01-18 13:54:00,340.73,340.73,340.73,340.73,0.0,143.02,48411.86,0
2024-01-18,2024-01-18 13:55:00,340.73,340.73,340.73,340.73,0.0,143.02,48411.86,0
2024-01-18,2024-01-18 13:56:00,340.73,340.74,340.73,340.74,0.0,143.02,48411.86,1
2024-01-18,2024-01-18 13:57:00,340.74,340.74,340.74,340.74,0.0,143.02,48411.86,0
2024-01-18,2024-01-18 13:58:00,340.74,340.75,340.74,340.75,0.0,143.02,48411.86,1
2024-01-18,2024-01-18 13:59:00,340.75,340.75,340.75,340.75,0.0,143.02,48411.86,0
2024-01-18,2024-01-18 14:00:00,340.75,340.75,340.75,340.75,0.0,143.02,48411.86,0
2024-01-18,2024-01-18 14:01:00,340.75,340.76,340.75,340.76,0.0,143.02,48411.86,1
2024-01-18,2024-01-18 14:02:00,340.76,340.76,340.76,340.76,0.0,143.02,48411.86,0
2024-01-18,2024-01-18 14:03:00,340.76,340.77,340.76,340.77,0.0,143.02,48411.86,1
2024-01-18,2024-01-18 14:04:00,340.77,340.77,340.77,340.77,0.0,143.02,48411.86,0
2024-01-18,2024-01-18 14:05:00,340.77,340.77,340.77,340.77,0.0,143.02,48411.86,0
2024-01-18,2024-01-18 14:06:00,340.77,340.78,340.77,340.78,0.0,143.02,48411.86,1
2024-01-18,2024-01-18 14:07:00,340.78,340.78,340.78,340.78,0.0,143.02,48411.86,0
2024-01-18,2024-01-18 14:08:00,340.78,340.79,340.78,340.79,0.0,143.02,48411.86,1
2024-01-18,2024-01-18 14:09:00,340.79,340.79,340.79,340.79,0.0,143.02,48411.86,0
2024-01-18,2024-01-18 14:10:00,340.79,340.8,340.79,340.8,0.0,143.02,48411.86,1
2024-01-18,2024-01-18 14:11:00,340.8,340.8,340.8,340.8,0.0,143.02,48411.86,0
2024-01-18,2024-01-18 14:12:00,340.8,340.8,340.8,340.8,0.0,143.02,48411.86,0
2024-01-18,2024-01-18 14:13:00,340.8,340.81,340.8,340.81,0.0,143.02,48411.86,1
2024-01-18,2024-01-18 14:14:00,340.81,340.81,340.81,340.81,0.0,143.02,48411.86,0
2024-01-18,2024-01-18 14:15:00,340.81,340.82,340.81,340.82,0.0,143.02,48411.86,1
2024-01-18,2024-01-18 14:16:00,340.82,340.82,340.82,340.82,0.0,143.02,48411.86,0
2024-01-18,2024-01-18 14:17:00,340.82,340.82,340.82,340.82,0.0,143.02,48411.86,0
2024-01-18,2024-01-18 14:18:00,340.82,340.83,340.82,340.83,0.0,143.02,48411.86,1
2024-01-18,2024-01-18 14:19:00,340.83,340.83,340.83,340.83,0.0,143.02,48411.86,0
2024-01-18,2024-01-18 14:20:00,340.83,340.84,340.83,340.84,0.0,143.02,48411.86,1
2024-01-18,2024-01-18 14:21:00,340.84,340.84,340.84,340.84,0.0,143.02,48411.86,0
2024-01-18,2024-01-18 14:22:00,340.84,340.85,340.84,340.85,0.0,143.02,48411.86,1
2024-01-18,2024-01-18 14:23:00,340.85,340.85,340.85,340.85,0.0,143.02,48411.86,0
2024-01-18,2024-01-18 14:24:00,340.85,340.85,340.85,340.85,0.0,143.02,48411.86,0
2024-01-18,2024-01-18 14:25:00,340.85,340.86,340.85,340.86,0.0,143.02,48411.86,1
2024-01-18,2024-01-18 14:26:00,340.86,340.86,340.86,340.86,0.0,143.02,48411.86,0
2024-01-18,2024-01-18 14:27:00,340.86,340.87,340.86,340.87,0.0,143.02,48411.86,1
2024-01-18,2024-01-18 14:28:00,340.87,340.87,340.87,340.87,0.0,143.02,48411.86,0
2024-01-18,2024-01-18 14:29:00,340.87,340.88,340.87,340.88,0.0,143.02,48411.86,1
2024-01-18,2024-01-18 14:30:00,340.88,340.88,340.88,340.88,0.0,143.02,48411.86,0
2024-01-18,2024-01-18 14:31:00,340.88,340.88,340.88,340.88,0.0,143.02,48411.86,0
2024-01-18,2024-01-18 14:32:00,340.88,340.89,340.88,340.89,0.0,143.02,48411.86,1
2024-01-18,2024-01-18 14:33:00,340.89,340.89,340.89,340.89,0.0,143.02,48411.86,0
2024-01-18,2024-01-18 14:34:00,340.89,340.9,340.89,340.9,0.0,143.02,48411.86,1
2024-01-18,2024-01-18 14:35:00,340.9,340.9,340.9,340.9,0.0,143.02,48411.86,0
2024-01-18,2024-01-18 14:36:00,340.9,340.9,340.9,340.9,0.0,143.02,48411.86,0
2024-01-18,2024-01-18 14:37:00,340.9,340.91,340.9,340.91,0.0,143.02,48411.86,1
2024-01-18,2024-01-18 14:38:00,340.91,340.91,340.91,340.91,0.0,143.02,48411.86,0
2024-01-18,2024-01-18 14:39:00,340.91,340.92,340.91,340.92,0.0,143.02,48411.86,1
2024-01-18,2024-01-18 14:40:00,340.92,340.92,340.92,340.92,0.0,143.02,48411.86,0
2024-01-18,2024-01-18 14:41:00,340.92,340.93,340.92,340.93,0.0,143.02,48411.86,1
2024-01-18,2024-01-18 14:42:00,340.93,340.93,340.93,340.93,0.0,143.02,48411.86,0
2024-01-18,2024-01-18 14:43:00,340.93,340.93,340.93,340.93,0.0,143.02,48411.86,0
2024-01-18,2024-01-18 14:44:00,340.93,340.94,340.93,340.94,0.0,143.02,48411.86,1
2024-01-18,2024-01-18 14:45:00,340.94,340.94,340.94,340.94,0.0,143.02,48411.86,0
2024-01-18,2024-01-18 14:46:00,340.94,340.95,340.94,340.95,0.0,143.02,48411.86,1
2024-01-18,2024-01-18 14:47:00,340.95,340.95,340.95,340.95,0.0,143.02,48411.86,0
2024-01-18,2024-01-18 14:48:00,340.95,340.95,340.95,340.95,0.0,143.02,48411.86,0
2024-01-18,2024-01-18 14:49:00,340.95,340.96,340.95,340.96,0.0,143.02,48411.86,1
2024-01-18,2024-01-18 14:50:00,340.96,340.96,340.96,340.96,0.0,143.02,48411.86,0
2024-01-18,2024-01-18 14:51:00,340.96,340.97,340.96,340.97,0.0,143.02,48411.86,1
2024-01-18,2024-01-18 14:52:00,340.97,340.97,340.97,340.97,0.0,143.02,48411.86,0
2024-01-18,2024-01-18 14:53:00,340.97,340.98,340.97,340.98,0.0,143.02,48411.86,1
2024-01-18,2024-01-18 14:54:00,340.98,340.98,340.98,340.98,0.0,143.02,48411.86,0
2024-01-18,2024-01-18 14:55:00,340.98,340.98,340.98,340.98,0.0,143.02,48411.86,0
2024-01-18,2024-01-18 14:56:00,340.98,340.99,340.98,340.99,0.0,143.02,48411.86,1
2024-01-18,2024-01-18 14:57:00,340.99,340.99,340.99,340.99,0.0,143.02,48411.86,0
2024-01-18,2024-01-18 14:58:00,340.99,341.0,340.99,341.0,0.0,143.02,48411.86,1
2024-01-18,2024-01-18 14:59:00,341.0,341.0,341.0,341.0,0.0,143.02,48411.86,0
2024-01-18,2024-01-18 15:00:00,341.0,356.0,330.0,341.0,0.0,143.02,48411.86,0
2024-01-21,2024-01-21 11:00:00,340.0,344.2,337.3,340.04,0.01,103.76,34966.47,1
2024-01-21,2024-01-21 11:01:00,340.04,340.07,340.04,340.07,0.01,103.76,34966.47,1
2024-01-21,2024-01-21 11:02:00,340.07,340.11,340.07,340.11,0.01,103.76,34966.47,1
2024-01-21,2024-01-21 11:03:00,340.11,340.15,340.11,340.15,0.01,103.76,34966.47,1
2024-01-21,2024-01-21 11:04:00,340.15,340.18,340.15,340.18,0.01,103.76,34966.47,1
2024-01-21,2024-01-21 11:05:00,340.18,340.22,340.18,340.22,0.01,103.76,34966.47,1
2024-01-21,2024-01-21 11:06:00,340.22,340.26,340.22,340.26,0.01,103.76,34966.47,1
2024-01-21,2024-01-21 11:07:00,340.26,340.29,340.26,340.29,0.01,103.76,34966.47,1
2024-01-21,2024-01-21 11:08:00,340.29,340.33,340.29,340.33,0.01,103.76,34966.47,1
2024-01-21,2024-01-21 11:09:00,340.33,340.37,340.33,340.37,0.01,103.76,34966.47,1
2024-01-21,2024-01-21 11:10:00,340.37,340.4,340.37,340.4,0.01,103.76,34966.47,1
2024-01-21,2024-01-21 11:11:00,340.4,340.44,340.4,340.44,0.01,103.76,34966.47,1
2024-01-21,2024-01-21 11:12:00,340.44,340.48,340.44,340.48,0.01,103.76,34966.47,1
2024-01-21,2024-01-21 11:13:00,340.48,340.51,340.48,340.51,0.01,103.76,34966.47,1
2024-01-21,2024-01-21 11:14:00,340.51,340.55,340.51,340.55,0.01,103.76,34966.47,1
2024-01-21,2024-01-21 11:15:00,340.55,340.59,340.55,340.59,0.01,103.76,34966.47,1
2024-01-21,2024-01-21 11:16:00,340.59,340.62,340.59,340.62,0.01,103.76,34966.47,1
2024-01-21,2024-01-21 11:17:00,340.62,340.66,340.62,340.66,0.01,103.76,34966.47,1
2024-01-21,2024-01-21 11:18:00,340.66,340.7,340.66,340.7,0.01,103.76,34966.47,1
2024-01-21,2024-01-21 11:19:00,340.7,340.73,340.7,340.73,0.01,103.76,34966.47,1
2024-01-21,2024-01-21 11:20:00,340.73,340.77,340.73,340.77,0.01,103.76,34966.47,1
2024-01-21,2024-01-21 11:21:00,340.77,340.81,340.77,340.81,0.01,103.76,34966.47,1
2024-01-21,2024-01-21 11:22:00,340.81,340.84,340.81,340.84,0.01,103.76,34966.47,1
2024-01-21,2024-01-21 11:23:00,340.84,340.88,340.84,340.88,0.01,103.76,34966.47,1
2024-01-21,2024-01-21 11:24:00,340.88,340.92,340.88,340.92,0.01,103.76,34966.47,1
2024-01-21,2024-01-21 11:25:00,340.92,340.95,340.92,340.95,0.01,103.76,34966.47,1
2024-01-21,2024-01-21 11:26:00,340.95,340.99,340.95,340.99,0.01,103.76,34966.47,1
2024-01-21,2024-01-21 11:27:00,340.99,341.03,340.99,341.03,0.01,103.76,34966.47,1
2024-01-21,2024-01-21 11:28:00,341.03,341.06,341.03,341.06,0.01,103.76,34966.47,1
2024-01-21,2024-01-21 11:29:00,341.06,341.1,341.06,341.1,0.01,103.76,34966.47,1
2024-01-21,2024-01-21 11:30:00,341.1,341.14,341.1,341.14,0.01,103.76,34966.47,1
2024-01-21,2024-01-21 11:31:00,341.14,341.17,341.14,341.17,0.01,103.76,34966.47,1
2024-01-21,2024-01-21 11:32:00,341.17,341.21,341.17,341.21,0.01,103.76,34966.47,1
2024-01-21,2024-01-21 11:33:00,341.21,341.25,341.21,341.25,0.01,103.76,34966.47,1
2024-01-21,2024-01-21 11:34:00,341.25,341.28,341.25,341.28,0.01,103.76,34966.47,1
2024-01-21,2024-01-21 11:35:00,341.28,341.32,341.28,341.32,0.01,103.76,34966.47,1
2024-01-21,2024-01-21 11:36:00,341.32,341.36,341.32,341.36,0.01,103.76,34966.47,1
2024-01-21,2024-01-21 11:37:00,341.36,341.39,341.36,341.39,0.01,103.76,34966.47,1
2024-01-21,2024-01-21 11:38:00,341.39,341.43,341.39,341.43,0.01,103.76,34966.47,1
2024-01-21,2024-01-21 11:39:00,341.43,341.47,341.43,341.47,0.01,103.76,34966.47,1
2024-01-21,2024-01-21 11:40:00,341.47,341.5,341.47,341.5,0.01,103.76,34966.47,1
2024-01-21,2024-01-21 11:41:00,341.5,341.54,341.5,341.54,0.01,103.76,34966.47,1
2024-01-21,2024-01-21 11:42:00,341.54,341.58,341.54,341.58,0.01,103.76,34966.47,1
2024-01-21,2024-01-21 11:43:00,341.58,341.61,341.58,341.61,0.01,103.76,34966.47,1
2024-01-21,2024-01-21 11:44:00,341.61,341.65,341.61,341.65,0.01,103.76,34966.47,1
2024-01-21,2024-01-21 11:45:00,341.65,341.69,341.65,341.69,0.01,103.76,34966.47,1
2024-01-21,2024-01-21 11:46:00,341.69,341.72,341.69,341.72,0.01,103.76,34966.47,1
2024-01-21,2024-01-21 11:47:00,341.72,341.76,341.72,341.76,0.01,103.76,34966.47,1
2024-01-21,2024-01-21 11:48:00,341.76,341.8,341.76,341.8,0.01,103.76,34966.47,1
2024-01-21,2024-01-21 11:49:00,341.8,341.83,341.8,341.83,0.01,103.76,34966.47,1
2024-01-21,2024-01-21 11:50:00,341.83,341.87,341.83,341.87,0.01,103.76,34966.47,1
2024-01-21,2024-01-21 11:51:00,341.87,341.91,341.87,341.91,0.01,103.76,34966.47,1
2024-01-21,2024-01-21 11:52:00,341.91,341.94,341.91,341.94,0.01,103.76,34966.47,1
2024-01-21,2024-01-21 11:53:00,341.94,341.98,341.94,341.98,0.01,103.76,34966.47,1
2024-01-21,2024-01-21 11:54:00,341.98,342.02,341.98,342.02,0.01,103.76,34966.47,1
2024-01-21,2024-01-21 11:55:00,342.02,342.05,342.02,342.05,0.01,103.76,34966.47,1
2024-01-21,2024-01-21 11:56:00,342.05,342.09,342.05,342.09,0.01,103.76,34966.47,1
2024-01-21,2024-01-21 11:57:00,342.09,342.13,342.09,342.13,0.01,103.76,34966.47,1
2024-01-21,2024-01-21 11:58:00,342.13,342.16,342.13,342.16,0.01,103.76,34966.47,1
2024-01-21,2024-01-21 11:59:00,342.16,342.2,342.16,342.2,0.01,103.76,34966.47,1
2024-01-21,2024-01-21 12:00:00,342.2,342.24,342.2,342.24,0.01,103.76,34966.47,1
2024-01-21,2024-01-21 12:01:00,342.24,342.27,342.24,342.27,0.01,103.76,34966.47,1
2024-01-21,2024-01-21 12:02:00,342.27,342.31,342.27,342.31,0.01,103.76,34966.47,1
2024-01-21,2024-01-21 12:03:00,342.31,342.35,342.31,342.35,0.01,103.76,34966.47,1
2024-01-21,2024-01-21 12:04:00,342.35,342.38,342.35,342.38,0.01,103.76,34966.47,1
2024-01-21,2024-01-21 12:05:00,342.38,342.42,342.38,342.42,0.01,103.76,34966.47,1
2024-01-21,2024-01-21 12:06:00,342.42,342.46,342.42,342.46,0.01,103.76,34966.47,1
2024-01-21,2024-01-21 12:07:00,342.46,342.49,342.46,342.49,0.01,103.76,34966.47,1
2024-01-21,2024-01-21 12:08:00,342.49,342.53,342.49,342.53,0.01,103.76,34966.47,1
2024-01-21,2024-01-21 12:09:00,342.53,342.57,342.53,342.57,0.01,103.76,34966.47,1
2024-01-21,2024-01-21 12:10:00,342.57,342.6,342.57,342.6,0.01,103.76,34966.47,1
2024-01-21,2024-01-21 12:11:00,342.6,342.64,342.6,342.64,0.01,103.76,34966.47,1
2024-01-21,2024-01-21 12:12:00,342.64,342.68,342.64,342.68,0.01,103.76,34966.47,1
2024-01-21,2024-01-21 12:13:00,342.68,342.71,342.68,342.71,0.01,103.76,34966.47,1
2024-01-21,2024-01-21 12:14:00,342.71,342.75,342.71,342.75,0.01,103.76,34966.47,1
2024-01-21,2024-01-21 12:15:00,342.75,342.79,342.75,342.79,0.01,103.76,34966.47,1
2024-01-21,2024-01-21 12:16:00,342.79,342.82,342.79,342.82,0.01,103.76,34966.47,1
2024-01-21,2024-01-21 12:17:00,342.82,342.86,342.82,342.86,0.01,103.76,34966.47,1
2024-01-21,2024-01-21 12:18:00,342.86,342.9,342.86,342.9,0.01,103.76,34966.47,1
2024-01-21,2024-01-21 12:19:00,342.9,342.93,342.9,342.93,0.01,103.76,34966.47,1
2024-01-21,2024-01-21 12:20:00,342.93,342.97,342.93,342.97,0.01,103.76,34966.47,1
2024-01-21,2024-01-21 12:21:00,342.97,343.01,342.97,343.01,0.01,103.76,34966.47,1
2024-01-21,2024-01-21 12:22:00,343.01,343.04,343.01,343.04,0.01,103.76,34966.47,1
2024-01-21,2024-01-21 12:23:00,343.04,343.08,343.04,343.08,0.01,103.76,34966.47,1
2024-01-21,2024-01-21 12:24:00,343.08,343.12,343.08,343.12,0.01,103.76,34966.47,1
2024-01-21,2024-01-21 12:25:00,343.12,343.15,343.12,343.15,0.01,103.76,34966.47,1
2024-01-21,2024-01-21 12:26:00,343.15,343.19,343.15,343.19,0.01,103.76,34966.47,1
2024-01-21,2024-01-21 12:27:00,343.19,343.23,343.19,343.23,0.01,103.76,34966.47,1
2024-01-21,2024-01-21 12:28:00,343.23,343.26,343.23,343.26,0.01,103.76,34966.47,1
2024-01-21,2024-01-21 12:29:00,343.26,343.3,343.26,343.3,0.01,103.76,34966.47,1
2024-01-21,2024-01-21 12:30:00,343.3,343.34,343.3,343.34,0.01,103.76,34966.47,1
2024-01-21,2024-01-21 12:31:00,343.34,343.37,343.34,343.37,0.01,103.76,34966.47,1
2024-01-21,2024-01-21 12:32:00,343.37,343.41,343.37,343.41,0.01,103.76,34966.47,1
2024-01-21,2024-01-21 12:33:00,343.41,343.45,343.41,343.45,0.01,103.76,34966.47,1
2024-01-21,2024-01-21 12:34:00,343.45,343.48,343.45,343.48,0.01,103.76,34966.47,1
2024-01-21,2024-01-21 12:35:00,343.48,343.52,343.48,343.52,0.01,103.76,34966.47,1
2024-01-21,2024-01-21 12:36:00,343.52,343.56,343.52,343.56,0.01,103.76,34966.47,1
2024-01-21,2024-01-21 12:37:00,343.56,343.59,343.56,343.59,0.01,103.76,34966.47,1
2024-01-21,2024-01-21 12:38:00,343.59,343.63,343.59,343.63,0.01,103.76,34966.47,1
2024-01-21,2024-01-21 12:39:00,343.63,343.67,343.63,343.67,0.01,103.76,34966.47,1
2024-01-21,2024-01-21 12:40:00,343.67,343.7,343.67,343.7,0.01,103.76,34966.47,1
2024-01-21,2024-01-21 12:41:00,343.7,343.74,343.7,343.74,0.01,103.76,34966.47,1
2024-01-21,2024-01-21 12:42:00,343.74,343.78,343.74,343.78,0.01,103.76,34966.47,1
2024-01-21,2024-01-21 12:43:00,343.78,343.81,343.78,343.81,0.01,103.76,34966.47,1
2024-01-21,2024-01-21 12:44:00,343.81,343.85,343.81,343.85,0.01,103.76,34966.47,1
2024-01-21,2024-01-21 12:45:00,343.85,343.89,343.85,343.89,0.01,103.76,34966.47,1
2024-01-21,2024-01-21 12:46:00,343.89,343.92,343.89,343.92,0.01,103.76,34966.47,1
2024-01-21,2024-01-21 12:47:00,343.92,343.96,343.92,343.96,0.01,103.76,34966.47,1
2024-01-21,2024-01-21 12:48:00,343.96,344.0,343.96,344.0,0.01,103.76,34966.47,1
2024-01-21,2024-01-21 12:49:00,344.0,344.03,344.0,344.03,0.01,103.76,34966.47,1
2024-01-21,2024-01-21 12:50:00,344.03,344.07,344.03,344.07,0.01,103.76,34966.47,1
2024-01-21,2024-01-21 12:51:00,344.07,344.11,344.07,344.11,0.01,103.76,34966.47,1
2024-01-21,2024-01-21 12:52:00,344.11,344.14,344.11,344.14,0.01,103.76,34966.47,1
2024-01-21,2024-01-21 12:53:00,344.14,344.18,344.14,344.18,0.01,103.76,34966.47,1
2024-01-21,2024-01-21 12:54:00,344.18,344.22,344.18,344.22,0.01,103.76,34966.47,1
2024-01-21,2024-01-21 12:55:00,344.22,344.25,344.22,344.25,0.01,103.76,34966.47,1
2024-01-21,2024-01-21 12:56:00,344.25,344.29,344.25,344.29,0.01,103.76,34966.47,1
2024-01-21,2024-01-21 12:57:00,344.29,344.33,344.29,344.33,0.01,103.76,34966.47,1
2024-01-21,2024-01-21 12:58:00,344.33,344.36,344.33,344.36,0.01,103.76,34966.47,1
2024-01-21,2024-01-21 12:59:00,344.36,344.4,344.36,344.4,0.01,103.76,34966.47,1
2024-01-21,2024-01-21 13:00:00,344.4,354.0,331.0,344.44,0.01,103.76,34966.47,1
2024-01-21,2024-01-21 13:01:00,344.44,344.47,344.44,344.47,0.01,103.76,34966.47,1
2024-01-21,2024-01-21 13:02:00,344.47,344.51,344.47,344.51,0.01,103.76,34966.47,1
2024-01-21,2024-01-21 13:03:00,344.51,344.55,344.51,344.55,0.01,103.76,34966.47,1
2024-01-21,2024-01-21 13:04:00,344.55,344.58,344.55,344.58,0.01,103.76,34966.47,1
2024-01-21,2024-01-21 13:05:00,344.58,344.62,344.58,344.62,0.01,103.76,34966.47,1
2024-01-21,2024-01-21 13:06:00,344.62,344.66,344.62,344.66,0.01,103.76,34966.47,1
2024-01-21,2024-01-21 13:07:00,344.66,344.69,344.66,344.69,0.01,103.76,34966.47,1
2024-01-21,2024-01-21 13:08:00,344.69,344.73,344.69,344.73,0.01,103.76,34966.47,1
2024-01-21,2024-01-21 13:09:00,344.73,344.77,344.73,344.77,0.01,103.76,34966.47,1
2024-01-21,2024-01-21 13:10:00,344.77,344.8,344.77,344.8,0.01,103.76,34966.47,1
2024-01-21,2024-01-21 13:11:00,344.8,344.84,344.8,344.84,0.01,103.76,34966.47,1
2024-01-21,2024-01-21 13:12:00,344.84,344.88,344.84,344.88,0.01,103.76,34966.47,1
2024-01-21,2024-01-21 13:13:00,344.88,344.91,344.88,344.91,0.01,103.76,34966.47,1
2024-01-21,2024-01-21 13:14:00,344.91,344.95,344.91,344.95,0.01,103.76,34966.47,1
2024-01-21,2024-01-21 13:15:00,344.95,344.99,344.95,344.99,0.01,103.76,34966.47,1
2024-01-21,2024-01-21 13:16:00,344.99,345.02,344.99,345.02,0.01,103.76,34966.47,1
2024-01-21,2024-01-21 13:17:00,345.02,345.06,345.02,345.06,0.01,103.76,34966.47,1
2024-01-21,2024-01-21 13:18:00,345.06,345.1,345.06,345.1,0.01,103.76,34966.47,1
2024-01-21,2024-01-21 13:19:00,345.1,345.13,345.1,345.13,0.01,103.76,34966.47,1
2024-01-21,2024-01-21 13:20:00,345.13,345.17,345.13,345.17,0.01,103.76,34966.47,1
2024-01-21,2024-01-21 13:21:00,345.17,345.21,345.17,345.21,0.01,103.76,34966.47,1
2024-01-21,2024-01-21 13:22:00,345.21,345.24,345.21,345.24,0.01,103.76,34966.47,1
2024-01-21,2024-01-21 13:23:00,345.24,345.28,345.24,345.28,0.01,103.76,34966.47,1
2024-01-21,2024-01-21 13:24:00,345.28,345.32,345.28,345.32,0.01,103.76,34966.47,1
2024-01-21,2024-01-21 13:25:00,345.32,345.35,345.32,345.35,0.01,103.76,34966.47,1
2024-01-21,2024-01-21 13:26:00,345.35,345.39,345.35,345.39,0.01,103.76,34966.47,1
2024-01-21,2024-01-21 13:27:00,345.39,345.43,345.39,345.43,0.01,103.76,34966.47,1
2024-01-21,2024-01-21 13:28:00,345.43,345.46,345.43,345.46,0.01,103.76,34966.47,1
2024-01-21,2024-01-21 13:29:00,345.46,345.5,345.46,345.5,0.01,103.76,34966.47,1
2024-01-21,2024-01-21 13:30:00,345.5,345.54,345.5,345.54,0.01,103.76,34966.47,1
2024-01-21,2024-01-21 13:31:00,345.54,345.57,345.54,345.57,0.01,103.76,34966.47,1
2024-01-21,2024-01-21 13:32:00,345.57,345.61,345.57,345.61,0.01,103.76,34966.47,1
2024-01-21,2024-01-21 13:33:00,345.61,345.65,345.61,345.65,0.01,103.76,34966.47,1
2024-01-21,2024-01-21 13:34:00,345.65,345.68,345.65,345.68,0.01,103.76,34966.47,1
2024-01-21,2024-01-21 13:35:00,345.68,345.72,345.68,345.72,0.01,103.76,34966.47,1
2024-01-21,2024-01-21 13:36:00,345.72,345.76,345.72,345.76,0.01,103.76,34966.47,1
2024-01-21,2024-01-21 13:37:00,345.76,345.79,345.76,345.79,0.01,103.76,34966.47,1
2024-01-21,2024-01-21 13:38:00,345.79,345.83,345.79,345.83,0.01,103.76,34966.47,1
2024-01-21,2024-01-21 13:39:00,345.83,345.87,345.83,345.87,0.01,103.76,34966.47,1
2024-01-21,2024-01-21 13:40:00,345.87,345.9,345.87,345.9,0.01,103.76,34966.47,1
2024-01-21,2024-01-21 13:41:00,345.9,345.94,345.9,345.94,0.01,103.76,34966.47,1
2024-01-21,2024-01-21 13:42:00,345.94,345.98,345.94,345.98,0.01,103.76,34966.47,1
2024-01-21,2024-01-21 13:43:00,345.98,346.01,345.98,346.01,0.01,103.76,34966.47,1
2024-01-21,2024-01-21 13:44:00,346.01,346.05,346.01,346.05,0.01,103.76,34966.47,1
2024-01-21,2024-01-21 13:45:00,346.05,346.09,346.05,346.09,0.01,103.76,34966.47,1
2024-01-21,2024-01-21 13:46:00,346.09,346.12,346.09,346.12,0.01,103.76,34966.47,1
2024-01-21,2024-01-21 13:47:00,346.12,346.16,346.12,346.16,0.01,103.76,34966.47,1
2024-01-21,2024-01-21 13:48:00,346.16,346.2,346.16,346.2,0.01,103.76,34966.47,1
2024-01-21,2024-01-21 13:49:00,346.2,346.23,346.2,346.23,0.01,103.76,34966.47,1
2024-01-21,2024-01-21 13:50:00,346.23,346.27,346.23,346.27,0.01,103.76,34966.47,1
2024-01-21,2024-01-21 13:51:00,346.27,346.31,346.27,346.31,0.01,103.76,34966.47,1
2024-01-21,2024-01-21 13:52:00,346.31,346.34,346.31,346.34,0.01,103.76,34966.47,1
2024-01-21,2024-01-21 13:53:00,346.34,346.38,346.34,346.38,0.01,103.76,34966.47,1
2024-01-21,2024-01-21 13:54:00,346.38,346.42,346.38,346.42,0.01,103.76,34966.47,1
2024-01-21,2024-01-21 13:55:00,346.42,346.45,346.42,346.45,0.01,103.76,34966.47,1
2024-01-21,2024-01-21 13:56:00,346.45,346.49,346.45,346.49,0.01,103.76,34966.47,1
2024-01-21,2024-01-21 13:57:00,346.49,346.53,346.49,346.53,0.01,103.76,34966.47,1
2024-01-21,2024-01-21 13:58:00,346.53,346.56,346.53,346.56,0.01,103.76,34966.47,1
2024-01-21,2024-01-21 13:59:00,346.56,346.6,346.56,346.6,0.01,103.76,34966.47,1
2024-01-21,2024-01-21 14:00:00,346.6,346.64,346.6,346.64,0.01,103.76,34966.47,1
2024-01-21,2024-01-21 14:01:00,346.64,346.67,346.64,346.67,0.01,103.76,34966.47,1
2024-01-21,2024-01-21 14:02:00,346.67,346.71,346.67,346.71,0.01,103.76,34966.47,1
2024-01-21,2024-01-21 14:03:00,346.71,346.75,346.71,346.75,0.01,103.76,34966.47,1
2024-01-21,2024-01-21 14:04:00,346.75,346.78,346.75,346.78,0.01,103.76,34966.47,1
2024-01-21,2024-01-21 14:05:00,346.78,346.82,346.78,346.82,0.01,103.76,34966.47,1
2024-01-21,2024-01-21 14:06:00,346.82,346.86,346.82,346.86,0.01,103.76,34966.47,1
2024-01-21,2024-01-21 14:07:00,346.86,346.89,346.86,346.89,0.01,103.76,34966.47,1
2024-01-21,2024-01-21 14:08:00,346.89,346.93,346.89,346.93,0.01,103.76,34966.47,1
2024-01-21,2024-01-21 14:09:00,346.93,346.97,346.93,346.97,0.01,103.76,34966.47,1
2024-01-21,2024-01-21 14:10:00,346.97,347.0,346.97,347.0,0.01,103.76,34966.47,1
2024-01-21,2024-01-21 14:11:00,347.0,347.04,347.0,347.04,0.01,103.76,34966.47,1
2024-01-21,2024-01-21 14:12:00,347.04,347.08,347.04,347.08,0.01,103.76,34966.47,1
2024-01-21,2024-01-21 14:13:00,347.08,347.11,347.08,347.11,0.01,103.76,34966.47,1
2024-01-21,2024-01-21 14:14:00,347.11,347.15,347.11,347.15,0.01,103.76,34966.47,1
2024-01-21,2024-01-21 14:15:00,347.15,347.19,347.15,347.19,0.01,103.76,34966.47,1
2024-01-21,2024-01-21 14:16:00,347.19,347.22,347.19,347.22,0.01,103.76,34966.47,1
2024-01-21,2024-01-21 14:17:00,347.22,347.26,347.22,347.26,0.01,103.76,34966.47,1
2024-01-21,2024-01-21 14:18:00,347.26,347.3,347.26,347.3,0.01,103.76,34966.47,1
2024-01-21,2024-01-21 14:19:00,347.3,347.33,347.3,347.33,0.01,103.76,34966.47,1
2024-01-21,2024-01-21 14:20:00,347.33,347.37,347.33,347.37,0.01,103.76,34966.47,1
2024-01-21,2024-01-21 14:21:00,347.37,347.41,347.37,347.41,0.01,103.76,34966.47,1
2024-01-21,2024-01-21 14:22:00,347.41,347.44,347.41,347.44,0.01,103.76,34966.47,1
2024-01-21,2024-01-21 14:23:00,347.44,347.48,347.44,347.48,0.01,103.76,34966.47,1
2024-01-21,2024-01-21 14:24:00,347.48,347.52,347.48,347.52,0.01,103.76,34966.47,1
2024-01-21,2024-01-21 14:25:00,347.52,347.55,347.52,347.55,0.01,103.76,34966.47,1
2024-01-21,2024-01-21 14:26:00,347.55,347.59,347.55,347.59,0.01,103.76,34966.47,1
2024-01-21,2024-01-21 14:27:00,347.59,347.63,347.59,347.63,0.01,103.76,34966.47,1
2024-01-21,2024-01-21 14:28:00,347.63,347.66,347.63,347.66,0.01,103.76,34966.47,1
2024-01-21,2024-01-21 14:29:00,347.66,347.7,347.66,347.7,0.01,103.76,34966.47,1
2024-01-21,2024-01-21 14:30:00,347.7,347.74,347.7,347.74,0.01,103.76,34966.47,1
2024-01-21,2024-01-21 14:31:00,347.74,347.77,347.74,347.77,0.01,103.76,34966.47,1
2024-01-21,2024-01-21 14:32:00,347.77,347.81,347.77,347.81,0.01,103.76,34966.47,1
2024-01-21,2024-01-21 14:33:00,347.81,347.85,347.81,347.85,0.01,103.76,34966.47,1
2024-01-21,2024-01-21 14:34:00,347.85,347.88,347.85,347.88,0.01,103.76,34966.47,1
2024-01-21,2024-01-21 14:35:00,347.88,347.92,347.88,347.92,0.01,103.76,34966.47,1
2024-01-21,2024-01-21 14:36:00,347.92,347.96,347.92,347.96,0.01,103.76,34966.47,1
2024-01-21,2024-01-21 14:37:00,347.96,347.99,347.96,347.99,0.01,103.76,34966.47,1
2024-01-21,2024-01-21 14:38:00,347.99,348.03,347.99,348.03,0.01,103.76,34966.47,1
2024-01-21,2024-01-21 14:39:00,348.03,348.07,348.03,348.07,0.01,103.76,34966.47,1
2024-01-21,2024-01-21 14:40:00,348.07,348.1,348.07,348.1,0.01,103.76,34966.47,1
2024-01-21,2024-01-21 14:41:00,348.1,348.14,348.1,348.14,0.01,103.76,34966.47,1
2024-01-21,2024-01-21 14:42:00,348.14,348.18,348.14,348.18,0.01,103.76,34966.47,1
2024-01-21,2024-01-21 14:43:00,348.18,348.21,348.18,348.21,0.01,103.76,34966.47,1
2024-01-21,2024-01-21 14:44:00,348.21,348.25,348.21,348.25,0.01,103.76,34966.47,1
2024-01-21,2024-01-21 14:45:00,348.25,348.29,348.25,348.29,0.01,103.76,34966.47,1
2024-01-21,2024-01-21 14:46:00,348.29,348.32,348.29,348.32,0.01,103.76,34966.47,1
2024-01-21,2024-01-21 14:47:00,348.32,348.36,348.32,348.36,0.01,103.76,34966.47,1
2024-01-21,2024-01-21 14:48:00,348.36,348.4,348.36,348.4,0.01,103.76,34966.47,1
2024-01-21,2024-01-21 14:49:00,348.4,348.43,348.4,348.43,0.01,103.76,34966.47,1
2024-01-21,2024-01-21 14:50:00,348.43,348.47,348.43,348.47,0.01,103.76,34966.47,1
2024-01-21,2024-01-21 14:51:00,348.47,348.51,348.47,348.51,0.01,103.76,34966.47,1
2024-01-21,2024-01-21 14:52:00,348.51,348.54,348.51,348.54,0.01,103.76,34966.47,1
2024-01-21,2024-01-21 14:53:00,348.54,348.58,348.54,348.58,0.01,103.76,34966.47,1
2024-01-21,2024-01-21 14:54:00,348.58,348.62,348.58,348.62,0.01,103.76,34966.47,1
2024-01-21,2024-01-21 14:55:00,348.62,348.65,348.62,348.65,0.01,103.76,34966.47,1
2024-01-21,2024-01-21 14:56:00,348.65,348.69,348.65,348.69,0.01,103.76,34966.47,1
2024-01-21,2024-01-21 14:57:00,348.69,348.73,348.69,348.73,0.01,103.76,34966.47,1
2024-01-21,2024-01-21 14:58:00,348.73,348.76,348.73,348.76,0.01,103.76,34966.47,1
2024-01-21,2024-01-21 14:59:00,348.76,348.8,348.76,348.8,0.01,103.76,34966.47,1
2024-01-21,2024-01-21 15:00:00,348.8,354.0,331.0,348.8,0.0,103.76,34966.47,0
2024-01-22,2024-01-22 11:00:00,341.9,342.83,336.83,341.86,-0.01,110.07,36439.49,-1
2024-01-22,2024-01-22 11:01:00,341.86,341.86,341.83,341.83,-0.01,110.07,36439.49,-1
2024-01-22,2024-01-22 11:02:00,341.83,341.83,341.79,341.79,-0.01,110.07,36439.49,-1
2024-01-22,2024-01-22 11:03:00,341.79,341.79,341.75,341.75,-0.01,110.07,36439.49,-1
2024-01-22,2024-01-22 11:04:00,341.75,341.75,341.71,341.71,-0.01,110.07,36439.49,-1
2024-01-22,2024-01-22 11:05:00,341.71,341.71,341.68,341.68,-0.01,110.07,36439.49,-1
2024-01-22,2024-01-22 11:06:00,341.68,341.68,341.64,341.64,-0.01,110.07,36439.49,-1
2024-01-22,2024-01-22 11:07:00,341.64,341.64,341.6,341.6,-0.01,110.07,36439.49,-1
2024-01-22,2024-01-22 11:08:00,341.6,341.6,341.57,341.57,-0.01,110.07,36439.49,-1
2024-01-22,2024-01-22 11:09:00,341.57,341.57,341.53,341.53,-0.01,110.07,36439.49,-1
2024-01-22,2024-01-22 11:10:00,341.53,341.53,341.49,341.49,-0.01,110.07,36439.49,-1
2024-01-22,2024-01-22 11:11:00,341.49,341.49,341.45,341.45,-0.01,110.07,36439.49,-1
2024-01-22,2024-01-22 11:12:00,341.45,341.45,341.42,341.42,-0.01,110.07,36439.49,-1
2024-01-22,2024-01-22 11:13:00,341.42,341.42,341.38,341.38,-0.01,110.07,36439.49,-1
2024-01-22,2024-01-22 11:14:00,341.38,341.38,341.34,341.34,-0.01,110.07,36439.49,-1
2024-01-22,2024-01-22 11:15:00,341.34,341.34,341.31,341.31,-0.01,110.07,36439.49,-1
2024-01-22,2024-01-22 11:16:00,341.31,341.31,341.27,341.27,-0.01,110.07,36439.49,-1
2024-01-22,2024-01-22 11:17:00,341.27,341.27,341.23,341.23,-0.01,110.07,36439.49,-1
2024-01-22,2024-01-22 11:18:00,341.23,341.23,341.2,341.2,-0.01,110.07,36439.49,-1
2024-01-22,2024-01-22 11:19:00,341.2,341.2,341.16,341.16,-0.01,110.07,36439.49,-1
2024-01-22,2024-01-22 11:20:00,341.16,341.16,341.12,341.12,-0.01,110.07,36439.49,-1
2024-01-22,2024-01-22 11:21:00,341.12,341.12,341.08,341.08,-0.01,110.07,36439.49,-1
2024-01-22,2024-01-22 11:22:00,341.08,341.08,341.05,341.05,-0.01,110.07,36439.49,-1
2024-01-22,2024-01-22 11:23:00,341.05,341.05,341.01,341.01,-0.01,110.07,36439.49,-1
2024-01-22,2024-01-22 11:24:00,341.01,341.01,340.97,340.97,-0.01,110.07,36439.49,-1
2024-01-22,2024-01-22 11:25:00,340.97,340.97,340.94,340.94,-0.01,110.07,36439.49,-1
2024-01-22,2024-01-22 11:26:00,340.94,340.94,340.9,340.9,-0.01,110.07,36439.49,-1
2024-01-22,2024-01-22 11:27:00,340.9,340.9,340.86,340.86,-0.01,110.07,36439.49,-1
2024-01-22,2024-01-22 11:28:00,340.86,340.86,340.82,340.82,-0.01,110.07,36439.49,-1
2024-01-22,2024-01-22 11:29:00,340.82,340.82,340.79,340.79,-0.01,110.07,36439.49,-1
2024-01-22,2024-01-22 11:30:00,340.79,340.79,340.75,340.75,-0.01,110.07,36439.49,-1
2024-01-22,2024-01-22 11:31:00,340.75,340.75,340.71,340.71,-0.01,110.07,36439.49,-1
2024-01-22,2024-01-22 11:32:00,340.71,340.71,340.68,340.68,-0.01,110.07,36439.49,-1
2024-01-22,2024-01-22 11:33:00,340.68,340.68,340.64,340.64,-0.01,110.07,36439.49,-1
2024-01-22,2024-01-22 11:34:00,340.64,340.64,340.6,340.6,-0.01,110.07,36439.49,-1
2024-01-22,2024-01-22 11:35:00,340.6,340.6,340.56,340.56,-0.01,110.07,36439.49,-1
2024-01-22,2024-01-22 11:36:00,340.56,340.56,340.53,340.53,-0.01,110.07,36439.49,-1
2024-01-22,2024-01-22 11:37:00,340.53,340.53,340.49,340.49,-0.01,110.07,36439.49,-1
2024-01-22,2024-01-22 11:38:00,340.49,340.49,340.45,340.45,-0.01,110.07,36439.49,-1
2024-01-22,2024-01-22 11:39:00,340.45,340.45,340.42,340.42,-0.01,110.07,36439.49,-1
2024-01-22,2024-01-22 11:40:00,340.42,340.42,340.38,340.38,-0.01,110.07,36439.49,-1
2024-01-22,2024-01-22 11:41:00,340.38,340.38,340.34,340.34,-0.01,110.07,36439.49,-1
2024-01-22,2024-01-22 11:42:00,340.34,340.34,340.31,340.31,-0.01,110.07,36439.49,-1
2024-01-22,2024-01-22 11:43:00,340.31,340.31,340.27,340.27,-0.01,110.07,36439.49,-1
2024-01-22,2024-01-22 11:44:00,340.27,340.27,340.23,340.23,-0.01,110.07,36439.49,-1
2024-01-22,2024-01-22 11:45:00,340.23,340.23,340.19,340.19,-0.01,110.07,36439.49,-1
2024-01-22,2024-01-22 11:46:00,340.19,340.19,340.16,340.16,-0.01,110.07,36439.49,-1
2024-01-22,2024-01-22 11:47:00,340.16,340.16,340.12,340.12,-0.01,110.07,36439.49,-1
2024-01-22,2024-01-22 11:48:00,340.12,340.12,340.08,340.08,-0.01,110.07,36439.49,-1
2024-01-22,2024-01-22 11:49:00,340.08,340.08,340.05,340.05,-0.01,110.07,36439.49,-1
2024-01-22,2024-01-22 11:50:00,340.05,340.05,340.01,340.01,-0.01,110.07,36439.49,-1
2024-01-22,2024-01-22 11:51:00,340.01,340.01,339.97,339.97,-0.01,110.07,36439.49,-1
2024-01-22,2024-01-22 11:52:00,339.97,339.97,339.93,339.93,-0.01,110.07,36439.49,-1
2024-01-22,2024-01-22 11:53:00,339.93,339.93,339.9,339.9,-0.01,110.07,36439.49,-1
2024-01-22,2024-01-22 11:54:00,339.9,339.9,339.86,339.86,-0.01,110.07,36439.49,-1
2024-01-22,2024-01-22 11:55:00,339.86,339.86,339.82,339.82,-0.01,110.07,36439.49,-1
2024-01-22,2024-01-22 11:56:00,339.82,339.82,339.79,339.79,-0.01,110.07,36439.49,-1
2024-01-22,2024-01-22 11:57:00,339.79,339.79,339.75,339.75,-0.01,110.07,36439.49,-1
2024-01-22,2024-01-22 11:58:00,339.75,339.75,339.71,339.71,-0.01,110.07,36439.49,-1
2024-01-22,2024-01-22 11:59:00,339.71,339.71,339.67,339.67,-0.01,110.07,36439.49,-1
2024-01-22,2024-01-22 12:00:00,339.67,339.67,339.64,339.64,-0.01,110.07,36439.49,-1
2024-01-22,2024-01-22 12:01:00,339.64,339.64,339.6,339.6,-0.01,110.07,36439.49,-1
2024-01-22,2024-01-22 12:02:00,339.6,339.6,339.56,339.56,-0.01,110.07,36439.49,-1
2024-01-22,2024-01-22 12:03:00,339.56,339.56,339.53,339.53,-0.01,110.07,36439.49,-1
2024-01-22,2024-01-22 12:04:00,339.53,339.53,339.49,339.49,-0.01,110.07,36439.49,-1
2024-01-22,2024-01-22 12:05:00,339.49,339.49,339.45,339.45,-0.01,110.07,36439.49,-1
2024-01-22,2024-01-22 12:06:00,339.45,339.45,339.42,339.42,-0.01,110.07,36439.49,-1
2024-01-22,2024-01-22 12:07:00,339.42,339.42,339.38,339.38,-0.01,110.07,36439.49,-1
2024-01-22,2024-01-22 12:08:00,339.38,339.38,339.34,339.34,-0.01,110.07,36439.49,-1
2024-01-22,2024-01-22 12:09:00,339.34,339.34,339.3,339.3,-0.01,110.07,36439.49,-1
2024-01-22,2024-01-22 12:10:00,339.3,339.3,339.27,339.27,-0.01,110.07,36439.49,-1
2024-01-22,2024-01-22 12:11:00,339.27,339.27,339.23,339.23,-0.01,110.07,36439.49,-1
2024-01-22,2024-01-22 12:12:00,339.23,339.23,339.19,339.19,-0.01,110.07,36439.49,-1
2024-01-22,2024-01-22 12:13:00,339.19,339.19,339.16,339.16,-0.01,110.07,36439.49,-1
2024-01-22,2024-01-22 12:14:00,339.16,339.16,339.12,339.12,-0.01,110.07,36439.49,-1
2024-01-22,2024-01-22 12:15:00,339.12,339.12,339.08,339.08,-0.01,110.07,36439.49,-1
2024-01-22,2024-01-22 12:16:00,339.08,339.08,339.04,339.04,-0.01,110.07,36439.49,-1
2024-01-22,2024-01-22 12:17:00,339.04,339.04,339.01,339.01,-0.01,110.07,36439.49,-1
2024-01-22,2024-01-22 12:18:00,339.01,339.01,338.97,338.97,-0.01,110.07,36439.49,-1
2024-01-22,2024-01-22 12:19:00,338.97,338.97,338.93,338.93,-0.01,110.07,36439.49,-1
2024-01-22,2024-01-22 12:20:00,338.93,338.93,338.9,338.9,-0.01,110.07,36439.49,-1
2024-01-22,2024-01-22 12:21:00,338.9,338.9,338.86,338.86,-0.01,110.07,36439.49,-1
2024-01-22,2024-01-22 12:22:00,338.86,338.86,338.82,338.82,-0.01,110.07,36439.49,-1
2024-01-22,2024-01-22 12:23:00,338.82,338.82,338.78,338.78,-0.01,110.07,36439.49,-1
2024-01-22,2024-01-22 12:24:00,338.78,338.78,338.75,338.75,-0.01,110.07,36439.49,-1
2024-01-22,2024-01-22 12:25:00,338.75,338.75,338.71,338.71,-0.01,110.07,36439.49,-1
2024-01-22,2024-01-22 12:26:00,338.71,338.71,338.67,338.67,-0.01,110.07,36439.49,-1
2024-01-22,2024-01-22 12:27:00,338.67,338.67,338.64,338.64,-0.01,110.07,36439.49,-1
2024-01-22,2024-01-22 12:28:00,338.64,338.64,338.6,338.6,-0.01,110.07,36439.49,-1
2024-01-22,2024-01-22 12:29:00,338.6,338.6,338.56,338.56,-0.01,110.07,36439.49,-1
2024-01-22,2024-01-22 12:30:00,338.56,338.56,338.53,338.53,-0.01,110.07,36439.49,-1
2024-01-22,2024-01-22 12:31:00,338.53,338.53,338.49,338.49,-0.01,110.07,36439.49,-1
2024-01-22,2024-01-22 12:32:00,338.49,338.49,338.45,338.45,-0.01,110.07,36439.49,-1
2024-01-22,2024-01-22 12:33:00,338.45,338.45,338.41,338.41,-0.01,110.07,36439.49,-1
2024-01-22,2024-01-22 12:34:00,338.41,338.41,338.38,338.38,-0.01,110.07,36439.49,-1
2024-01-22,2024-01-22 12:35:00,338.38,338.38,338.34,338.34,-0.01,110.07,36439.49,-1
2024-01-22,2024-01-22 12:36:00,338.34,338.34,338.3,338.3,-0.01,110.07,36439.49,-1
2024-01-22,2024-01-22 12:37:00,338.3,338.3,338.27,338.27,-0.01,110.07,36439.49,-1
2024-01-22,2024-01-22 12:38:00,338.27,338.27,338.23,338.23,-0.01,110.07,36439.49,-1
2024-01-22,2024-01-22 12:39:00,338.23,338.23,338.19,338.19,-0.01,110.07,36439.49,-1
2024-01-22,2024-01-22 12:40:00,338.19,338.19,338.15,338.15,-0.01,110.07,36439.49,-1
2024-01-22,2024-01-22 12:41:00,338.15,338.15,338.12,338.12,-0.01,110.07,36439.49,-1
2024-01-22,2024-01-22 12:42:00,338.12,338.12,338.08,338.08,-0.01,110.07,36439.49,-1
2024-01-22,2024-01-22 12:43:00,338.08,338.08,338.04,338.04,-0.01,110.07,36439.49,-1
2024-01-22,2024-01-22 12:44:00,338.04,338.04,338.01,338.01,-0.01,110.07,36439.49,-1
2024-01-22,2024-01-22 12:45:00,338.01,338.01,337.97,337.97,-0.01,110.07,36439.49,-1
2024-01-22,2024-01-22 12:46:00,337.97,337.97,337.93,337.93,-0.01,110.07,36439.49,-1
2024-01-22,2024-01-22 12:47:00,337.93,337.93,337.89,337.89,-0.01,110.07,36439.49,-1
2024-01-22,2024-01-22 12:48:00,337.89,337.89,337.86,337.86,-0.01,110.07,36439.49,-1
2024-01-22,2024-01-22 12:49:00,337.86,337.86,337.82,337.82,-0.01,110.07,36439.49,-1
2024-01-22,2024-01-22 12:50:00,337.82,337.82,337.78,337.78,-0.01,110.07,36439.49,-1
2024-01-22,2024-01-22 12:51:00,337.78,337.78,337.75,337.75,-0.01,110.07,36439.49,-1
2024-01-22,2024-01-22 12:52:00,337.75,337.75,337.71,337.71,-0.01,110.07,36439.49,-1
2024-01-22,2024-01-22 12:53:00,337.71,337.71,337.67,337.67,-0.01,110.07,36439.49,-1
2024-01-22,2024-01-22 12:54:00,337.67,337.67,337.64,337.64,-0.01,110.07,36439.49,-1
2024-01-22,2024-01-22 12:55:00,337.64,337.64,337.6,337.6,-0.01,110.07,36439.49,-1
2024-01-22,2024-01-22 12:56:00,337.6,337.6,337.56,337.56,-0.01,110.07,36439.49,-1
2024-01-22,2024-01-22 12:57:00,337.56,337.56,337.52,337.52,-0.01,110.07,36439.49,-1
2024-01-22,2024-01-22 12:58:00,337.52,337.52,337.49,337.49,-0.01,110.07,36439.49,-1
2024-01-22,2024-01-22 12:59:00,337.49,337.49,337.45,337.45,-0.01,110.07,36439.49,-1
2024-01-22,2024-01-22 13:00:00,337.45,345.0,325.0,337.41,-0.01,110.07,36439.49,-1
2024-01-22,2024-01-22 13:01:00,337.41,337.41,337.38,337.38,-0.01,110.07,36439.49,-1
2024-01-22,2024-01-22 13:02:00,337.38,337.38,337.34,337.34,-0.01,110.07,36439.49,-1
2024-01-22,2024-01-22 13:03:00,337.34,337.34,337.3,337.3,-0.01,110.07,36439.49,-1
2024-01-22,2024-01-22 13:04:00,337.3,337.3,337.26,337.26,-0.01,110.07,36439.49,-1
2024-01-22,2024-01-22 13:05:00,337.26,337.26,337.23,337.23,-0.01,110.07,36439.49,-1
2024-01-22,2024-01-22 13:06:00,337.23,337.23,337.19,337.19,-0.01,110.07,36439.49,-1
2024-01-22,2024-01-22 13:07:00,337.19,337.19,337.15,337.15,-0.01,110.07,36439.49,-1
2024-01-22,2024-01-22 13:08:00,337.15,337.15,337.12,337.12,-0.01,110.07,36439.49,-1
2024-01-22,2024-01-22 13:09:00,337.12,337.12,337.08,337.08,-0.01,110.07,36439.49,-1
2024-01-22,2024-01-22 13:10:00,337.08,337.08,337.04,337.04,-0.01,110.07,36439.49,-1
2024-01-22,2024-01-22 13:11:00,337.04,337.04,337.0,337.0,-0.01,110.07,36439.49,-1
2024-01-22,2024-01-22 13:12:00,337.0,337.0,336.97,336.97,-0.01,110.07,36439.49,-1
2024-01-22,2024-01-22 13:13:00,336.97,336.97,336.93,336.93,-0.01,110.07,36439.49,-1
2024-01-22,2024-01-22 13:14:00,336.93,336.93,336.89,336.89,-0.01,110.07,36439.49,-1
2024-01-22,2024-01-22 13:15:00,336.89,336.89,336.86,336.86,-0.01,110.07,36439.49,-1
2024-01-22,2024-01-22 13:16:00,336.86,336.86,336.82,336.82,-0.01,110.07,36439.49,-1
2024-01-22,2024-01-22 13:17:00,336.82,336.82,336.78,336.78,-0.01,110.07,36439.49,-1
2024-01-22,2024-01-22 13:18:00,336.78,336.78,336.75,336.75,-0.01,110.07,36439.49,-1
2024-01-22,2024-01-22 13:19:00,336.75,336.75,336.71,336.71,-0.01,110.07,36439.49,-1
2024-01-22,2024-01-22 13:20:00,336.71,336.71,336.67,336.67,-0.01,110.07,36439.49,-1
2024-01-22,2024-01-22 13:21:00,336.67,336.67,336.63,336.63,-0.01,110.07,36439.49,-1
2024-01-22,2024-01-22 13:22:00,336.63,336.63,336.6,336.6,-0.01,110.07,36439.49,-1
2024-01-22,2024-01-22 13:23:00,336.6,336.6,336.56,336.56,-0.01,110.07,36439.49,-1
2024-01-22,2024-01-22 13:24:00,336.56,336.56,336.52,336.52,-0.01,110.07,36439.49,-1
2024-01-22,2024-01-22 13:25:00,336.52,336.52,336.49,336.49,-0.01,110.07,36439.49,-1
2024-01-22,2024-01-22 13:26:00,336.49,336.49,336.45,336.45,-0.01,110.07,36439.49,-1
2024-01-22,2024-01-22 13:27:00,336.45,336.45,336.41,336.41,-0.01,110.07,36439.49,-1
2024-01-22,2024-01-22 13:28:00,336.41,336.41,336.37,336.37,-0.01,110.07,36439.49,-1
2024-01-22,2024-01-22 13:29:00,336.37,336.37,336.34,336.34,-0.01,110.07,36439.49,-1
2024-01-22,2024-01-22 13:30:00,336.34,336.34,336.3,336.3,-0.01,110.07,36439.49,-1
2024-01-22,2024-01-22 13:31:00,336.3,336.3,336.26,336.26,-0.01,110.07,36439.49,-1
2024-01-22,2024-01-22 13:32:00,336.26,336.26,336.23,336.23,-0.01,110.07,36439.49,-1
2024-01-22,2024-01-22 13:33:00,336.23,336.23,336.19,336.19,-0.01,110.07,36439.49,-1
2024-01-22,2024-01-22 13:34:00,336.19,336.19,336.15,336.15,-0.01,110.07,36439.49,-1
2024-01-22,2024-01-22 13:35:00,336.15,336.15,336.12,336.12,-0.01,110.07,36439.49,-1
2024-01-22,2024-01-22 13:36:00,336.12,336.12,336.08,336.08,-0.01,110.07,36439.49,-1
2024-01-22,2024-01-22 13:37:00,336.08,336.08,336.04,336.04,-0.01,110.07,36439.49,-1
2024-01-22,2024-01-22 13:38:00,336.04,336.04,336.0,336.0,-0.01,110.07,36439.49,-1
2024-01-22,2024-01-22 13:39:00,336.0,336.0,335.97,335.97,-0.01,110.07,36439.49,-1
2024-01-22,2024-01-22 13:40:00,335.97,335.97,335.93,335.93,-0.01,110.07,36439.49,-1
2024-01-22,2024-01-22 13:41:00,335.93,335.93,335.89,335.89,-0.01,110.07,36439.49,-1
2024-01-22,2024-01-22 13:42:00,335.89,335.89,335.86,335.86,-0.01,110.07,36439.49,-1
2024-01-22,2024-01-22 13:43:00,335.86,335.86,335.82,335.82,-0.01,110.07,36439.49,-1
2024-01-22,2024-01-22 13:44:00,335.82,335.82,335.78,335.78,-0.01,110.07,36439.49,-1
2024-01-22,2024-01-22 13:45:00,335.78,335.78,335.74,335.74,-0.01,110.07,36439.49,-1
2024-01-22,2024-01-22 13:46:00,335.74,335.74,335.71,335.71,-0.01,110.07,36439.49,-1
2024-01-22,2024-01-22 13:47:00,335.71,335.71,335.67,335.67,-0.01,110.07,36439.49,-1
2024-01-22,2024-01-22 13:48:00,335.67,335.67,335.63,335.63,-0.01,110.07,36439.49,-1
2024-01-22,2024-01-22 13:49:00,335.63,335.63,335.6,335.6,-0.01,110.07,36439.49,-1
2024-01-22,2024-01-22 13:50:00,335.6,335.6,335.56,335.56,-0.01,110.07,36439.49,-1
2024-01-22,2024-01-22 13:51:00,335.56,335.56,335.52,335.52,-0.01,110.07,36439.49,-1
2024-01-22,2024-01-22 13:52:00,335.52,335.52,335.48,335.48,-0.01,110.07,36439.49,-1
2024-01-22,2024-01-22 13:53:00,335.48,335.48,335.45,335.45,-0.01,110.07,36439.49,-1
2024-01-22,2024-01-22 13:54:00,335.45,335.45,335.41,335.41,-0.01,110.07,36439.49,-1
2024-01-22,2024-01-22 13:55:00,335.41,335.41,335.37,335.37,-0.01,110.07,36439.49,-1
2024-01-22,2024-01-22 13:56:00,335.37,335.37,335.34,335.34,-0.01,110.07,36439.49,-1
2024-01-22,2024-01-22 13:57:00,335.34,335.34,335.3,335.3,-0.01,110.07,36439.49,-1
2024-01-22,2024-01-22 13:58:00,335.3,335.3,335.26,335.26,-0.01,110.07,36439.49,-1
2024-01-22,2024-01-22 13:59:00,335.26,335.26,335.23,335.23,-0.01,110.07,36439.49,-1
2024-01-22,2024-01-22 14:00:00,335.23,335.23,335.19,335.19,-0.01,110.07,36439.49,-1
2024-01-22,2024-01-22 14:01:00,335.19,335.19,335.15,335.15,-0.01,110.07,36439.49,-1
2024-01-22,2024-01-22 14:02:00,335.15,335.15,335.11,335.11,-0.01,110.07,36439.49,-1
2024-01-22,2024-01-22 14:03:00,335.11,335.11,335.08,335.08,-0.01,110.07,36439.49,-1
2024-01-22,2024-01-22 14:04:00,335.08,335.08,335.04,335.04,-0.01,110.07,36439.49,-1
2024-01-22,2024-01-22 14:05:00,335.04,335.04,335.0,335.0,-0.01,110.07,36439.49,-1
2024-01-22,2024-01-22 14:06:00,335.0,335.0,334.97,334.97,-0.01,110.07,36439.49,-1
2024-01-22,2024-01-22 14:07:00,334.97,334.97,334.93,334.93,-0.01,110.07,36439.49,-1
2024-01-22,2024-01-22 14:08:00,334.93,334.93,334.89,334.89,-0.01,110.07,36439.49,-1
2024-01-22,2024-01-22 14:09:00,334.89,334.89,334.85,334.85,-0.01,110.07,36439.49,-1
2024-01-22,2024-01-22 14:10:00,334.85,334.85,334.82,334.82,-0.01,110.07,36439.49,-1
2024-01-22,2024-01-22 14:11:00,334.82,334.82,334.78,334.78,-0.01,110.07,36439.49,-1
2024-01-22,2024-01-22 14:12:00,334.78,334.78,334.74,334.74,-0.01,110.07,36439.49,-1
2024-01-22,2024-01-22 14:13:00,334.74,334.74,334.71,334.71,-0.01,110.07,36439.49,-1
2024-01-22,2024-01-22 14:14:00,334.71,334.71,334.67,334.67,-0.01,110.07,36439.49,-1
2024-01-22,2024-01-22 14:15:00,334.67,334.67,334.63,334.63,-0.01,110.07,36439.49,-1
2024-01-22,2024-01-22 14:16:00,334.63,334.63,334.59,334.59,-0.01,110.07,36439.49,-1
2024-01-22,2024-01-22 14:17:00,334.59,334.59,334.56,334.56,-0.01,110.07,36439.49,-1
2024-01-22,2024-01-22 14:18:00,334.56,334.56,334.52,334.52,-0.01,110.07,36439.49,-1
2024-01-22,2024-01-22 14:19:00,334.52,334.52,334.48,334.48,-0.01,110.07,36439.49,-1
2024-01-22,2024-01-22 14:20:00,334.48,334.48,334.45,334.45,-0.01,110.07,36439.49,-1
2024-01-22,2024-01-22 14:21:00,334.45,334.45,334.41,334.41,-0.01,110.07,36439.49,-1
2024-01-22,2024-01-22 14:22:00,334.41,334.41,334.37,334.37,-0.01,110.07,36439.49,-1
2024-01-22,2024-01-22 14:23:00,334.37,334.37,334.33,334.33,-0.01,110.07,36439.49,-1
2024-01-22,2024-01-22 14:24:00,334.33,334.33,334.3,334.3,-0.01,110.07,36439.49,-1
2024-01-22,2024-01-22 14:25:00,334.3,334.3,334.26,334.26,-0.01,110.07,36439.49,-1
2024-01-22,2024-01-22 14:26:00,334.26,334.26,334.22,334.22,-0.01,110.07,36439.49,-1
2024-01-22,2024-01-22 14:27:00,334.22,334.22,334.19,334.19,-0.01,110.07,36439.49,-1
2024-01-22,2024-01-22 14:28:00,334.19,334.19,334.15,334.15,-0.01,110.07,36439.49,-1
2024-01-22,2024-01-22 14:29:00,334.15,334.15,334.11,334.11,-0.01,110.07,36439.49,-1
2024-01-22,2024-01-22 14:30:00,334.11,334.11,334.08,334.08,-0.01,110.07,36439.49,-1
2024-01-22,2024-01-22 14:31:00,334.08,334.08,334.04,334.04,-0.01,110.07,36439.49,-1
2024-01-22,2024-01-22 14:32:00,334.04,334.04,334.0,334.0,-0.01,110.07,36439.49,-1
2024-01-22,2024-01-22 14:33:00,334.0,334.0,333.96,333.96,-0.01,110.07,36439.49,-1
2024-01-22,2024-01-22 14:34:00,333.96,333.96,333.93,333.93,-0.01,110.07,36439.49,-1
2024-01-22,2024-01-22 14:35:00,333.93,333.93,333.89,333.89,-0.01,110.07,36439.49,-1
2024-01-22,2024-01-22 14:36:00,333.89,333.89,333.85,333.85,-0.01,110.07,36439.49,-1
2024-01-22,2024-01-22 14:37:00,333.85,333.85,333.82,333.82,-0.01,110.07,36439.49,-1
2024-01-22,2024-01-22 14:38:00,333.82,333.82,333.78,333.78,-0.01,110.07,36439.49,-1
2024-01-22,2024-01-22 14:39:00,333.78,333.78,333.74,333.74,-0.01,110.07,36439.49,-1
2024-01-22,2024-01-22 14:40:00,333.74,333.74,333.7,333.7,-0.01,110.07,36439.49,-1
2024-01-22,2024-01-22 14:41:00,333.7,333.7,333.67,333.67,-0.01,110.07,36439.49,-1
2024-01-22,2024-01-22 14:42:00,333.67,333.67,333.63,333.63,-0.01,110.07,36439.49,-1
2024-01-22,2024-01-22 14:43:00,333.63,333.63,333.59,333.59,-0.01,110.07,36439.49,-1
2024-01-22,2024-01-22 14:44:00,333.59,333.59,333.56,333.56,-0.01,110.07,36439.49,-1
2024-01-22,2024-01-22 14:45:00,333.56,333.56,333.52,333.52,-0.01,110.07,36439.49,-1
2024-01-22,2024-01-22 14:46:00,333.52,333.52,333.48,333.48,-0.01,110.07,36439.49,-1
2024-01-22,2024-01-22 14:47:00,333.48,333.48,333.44,333.44,-0.01,110.07,36439.49,-1
2024-01-22,2024-01-22 14:48:00,333.44,333.44,333.41,333.41,-0.01,110.07,36439.49,-1
2024-01-22,2024-01-22 14:49:00,333.41,333.41,333.37,333.37,-0.01,110.07,36439.49,-1
2024-01-22,2024-01-22 14:50:00,333.37,333.37,333.33,333.33,-0.01,110.07,36439.49,-1
2024-01-22,2024-01-22 14:51:00,333.33,333.33,333.3,333.3,-0.01,110.07,36439.49,-1
2024-01-22,2024-01-22 14:52:00,333.3,333.3,333.26,333.26,-0.01,110.07,36439.49,-1
2024-01-22,2024-01-22 14:53:00,333.26,333.26,333.22,333.22,-0.01,110.07,36439.49,-1
2024-01-22,2024-01-22 14:54:00,333.22,333.22,333.19,333.19,-0.01,110.07,36439.49,-1
2024-01-22,2024-01-22 14:55:00,333.19,333.19,333.15,333.15,-0.01,110.07,36439.49,-1
2024-01-22,2024-01-22 14:56:00,333.15,333.15,333.11,333.11,-0.01,110.07,36439.49,-1
2024-01-22,2024-01-22 14:57:00,333.11,333.11,333.07,333.07,-0.01,110.07,36439.49,-1
2024-01-22,2024-01-22 14:58:00,333.07,333.07,333.04,333.04,-0.01,110.07,36439.49,-1
2024-01-22,2024-01-22 14:59:00,333.04,333.04,333.0,333.0,-0.01,110.07,36439.49,-1
2024-01-22,2024-01-22 15:00:00,333.0,345.0,325.0,333.0,0.0,110.07,36439.49,0
2024-01-23,2024-01-23 11:00:00,326.4,330.18,325.44,326.42,0.01,45.71,14970.45,1
2024-01-23,2024-01-23 11:01:00,326.42,326.44,326.42,326.44,0.01,45.71,14970.45,1
2024-01-23,2024-01-23 11:02:00,326.44,326.46,326.44,326.46,0.01,45.71,14970.45,1
2024-01-23,2024-01-23 11:03:00,326.46,326.48,326.46,326.48,0.01,45.71,14970.45,1
2024-01-23,2024-01-23 11:04:00,326.48,326.5,326.48,326.5,0.01,45.71,14970.45,1
2024-01-23,2024-01-23 11:05:00,326.5,326.51,326.5,326.51,0.0,45.71,14970.45,1
2024-01-23,2024-01-23 11:06:00,326.51,326.53,326.51,326.53,0.01,45.71,14970.45,1
2024-01-23,2024-01-23 11:07:00,326.53,326.55,326.53,326.55,0.01,45.71,14970.45,1
2024-01-23,2024-01-23 11:08:00,326.55,326.57,326.55,326.57,0.01,45.71,14970.45,1
2024-01-23,2024-01-23 11:09:00,326.57,326.59,326.57,326.59,0.01,45.71,14970.45,1
2024-01-23,2024-01-23 11:10:00,326.59,326.61,326.59,326.61,0.01,45.71,14970.45,1
2024-01-23,2024-01-23 11:11:00,326.61,326.63,326.61,326.63,0.01,45.71,14970.45,1
2024-01-23,2024-01-23 11:12:00,326.63,326.65,326.63,326.65,0.01,45.71,14970.45,1
2024-01-23,2024-01-23 11:13:00,326.65,326.67,326.65,326.67,0.01,45.71,14970.45,1
2024-01-23,2024-01-23 11:14:00,326.67,326.69,326.67,326.69,0.01,45.71,14970.45,1
2024-01-23,2024-01-23 11:15:00,326.69,326.71,326.69,326.71,0.01,45.71,14970.45,1
2024-01-23,2024-01-23 11:16:00,326.71,326.73,326.71,326.73,0.01,45.71,14970.45,1
2024-01-23,2024-01-23 11:17:00,326.73,326.75,326.73,326.75,0.01,45.71,14970.45,1
2024-01-23,2024-01-23 11:18:00,326.75,326.76,326.75,326.76,0.0,45.71,14970.45,1
2024-01-23,2024-01-23 11:19:00,326.76,326.78,326.76,326.78,0.01,45.71,14970.45,1
2024-01-23,2024-01-23 11:20:00,326.78,326.8,326.78,326.8,0.01,45.71,14970.45,1
2024-01-23,2024-01-23 11:21:00,326.8,326.82,326.8,326.82,0.01,45.71,14970.45,1
2024-01-23,2024-01-23 11:22:00,326.82,326.84,326.82,326.84,0.01,45.71,14970.45,1
2024-01-23,2024-01-23 11:23:00,326.84,326.86,326.84,326.86,0.01,45.71,14970.45,1
2024-01-23,2024-01-23 11:24:00,326.86,326.88,326.86,326.88,0.01,45.71,14970.45,1
2024-01-23,2024-01-23 11:25:00,326.88,326.9,326.88,326.9,0.01,45.71,14970.45,1
2024-01-23,2024-01-23 11:26:00,326.9,326.92,326.9,326.92,0.01,45.71,14970.45,1
2024-01-23,2024-01-23 11:27:00,326.92,326.94,326.92,326.94,0.01,45.71,14970.45,1
2024-01-23,2024-01-23 11:28:00,326.94,326.96,326.94,326.96,0.01,45.71,14970.45,1
2024-01-23,2024-01-23 11:29:00,326.96,326.97,326.96,326.97,0.0,45.71,14970.45,1
2024-01-23,2024-01-23 11:30:00,326.97,326.99,326.97,326.99,0.01,45.71,14970.45,1
2024-01-23,2024-01-23 11:31:00,326.99,327.01,326.99,327.01,0.01,45.71,14970.45,1
2024-01-23,2024-01-23 11:32:00,327.01,327.03,327.01,327.03,0.01,45.71,14970.45,1
2024-01-23,2024-01-23 11:33:00,327.03,327.05,327.03,327.05,0.01,45.71,14970.45,1
2024-01-23,2024-01-23 11:34:00,327.05,327.07,327.05,327.07,0.01,45.71,14970.45,1
2024-01-23,2024-01-23 11:35:00,327.07,327.09,327.07,327.09,0.01,45.71,14970.45,1
2024-01-23,2024-01-23 11:36:00,327.09,327.11,327.09,327.11,0.01,45.71,14970.45,1
2024-01-23,2024-01-23 11:37:00,327.11,327.13,327.11,327.13,0.01,45.71,14970.45,1
2024-01-23,2024-01-23 11:38:00,327.13,327.15,327.13,327.15,0.01,45.71,14970.45,1
2024-01-23,2024-01-23 11:39:00,327.15,327.17,327.15,327.17,0.01,45.71,14970.45,1
2024-01-23,2024-01-23 11:40:00,327.17,327.19,327.17,327.19,0.01,45.71,14970.45,1
2024-01-23,2024-01-23 11:41:00,327.19,327.2,327.19,327.2,0.0,45.71,14970.45,1
2024-01-23,2024-01-23 11:42:00,327.2,327.22,327.2,327.22,0.01,45.71,14970.45,1
2024-01-23,2024-01-23 11:43:00,327.22,327.24,327.22,327.24,0.01,45.71,14970.45,1
2024-01-23,2024-01-23 11:44:00,327.24,327.26,327.24,327.26,0.01,45.71,14970.45,1
2024-01-23,2024-01-23 11:45:00,327.26,327.28,327.26,327.28,0.01,45.71,14970.45,1
2024-01-23,2024-01-23 11:46:00,327.28,327.3,327.28,327.3,0.01,45.71,14970.45,1
2024-01-23,2024-01-23 11:47:00,327.3,327.32,327.3,327.32,0.01,45.71,14970.45,1
2024-01-23,2024-01-23 11:48:00,327.32,327.34,327.32,327.34,0.01,45.71,14970.45,1
2024-01-23,2024-01-23 11:49:00,327.34,327.36,327.34,327.36,0.01,45.71,14970.45,1
2024-01-23,2024-01-23 11:50:00,327.36,327.38,327.36,327.38,0.01,45.71,14970.45,1
2024-01-23,2024-01-23 11:51:00,327.38,327.4,327.38,327.4,0.01,45.71,14970.45,1
2024-01-23,2024-01-23 11:52:00,327.4,327.42,327.4,327.42,0.01,45.71,14970.45,1
2024-01-23,2024-01-23 11:53:00,327.42,327.44,327.42,327.44,0.01,45.71,14970.45,1
2024-01-23,2024-01-23 11:54:00,327.44,327.45,327.44,327.45,0.0,45.71,14970.45,1
2024-01-23,2024-01-23 11:55:00,327.45,327.47,327.45,327.47,0.01,45.71,14970.45,1
2024-01-23,2024-01-23 11:56:00,327.47,327.49,327.47,327.49,0.01,45.71,14970.45,1
2024-01-23,2024-01-23 11:57:00,327.49,327.51,327.49,327.51,0.01,45.71,14970.45,1
2024-01-23,2024-01-23 11:58:00,327.51,327.53,327.51,327.53,0.01,45.71,14970.45,1
2024-01-23,2024-01-23 11:59:00,327.53,327.55,327.53,327.55,0.01,45.71,14970.45,1
2024-01-23,2024-01-23 12:00:00,327.55,327.57,327.55,327.57,0.01,45.71,14970.45,1
2024-01-23,2024-01-23 12:01:00,327.57,327.59,327.57,327.59,0.01,45.71,14970.45,1
2024-01-23,2024-01-23 12:02:00,327.59,327.61,327.59,327.61,0.01,45.71,14970.45,1
2024-01-23,2024-01-23 12:03:00,327.61,327.63,327.61,327.63,0.01,45.71,14970.45,1
2024-01-23,2024-01-23 12:04:00,327.63,327.65,327.63,327.65,0.01,45.71,14970.45,1
2024-01-23,2024-01-23 12:05:00,327.65,327.66,327.65,327.66,0.0,45.71,14970.45,1
2024-01-23,2024-01-23 12:06:00,327.66,327.68,327.66,327.68,0.01,45.71,14970.45,1
2024-01-23,2024-01-23 12:07:00,327.68,327.7,327.68,327.7,0.01,45.71,14970.45,1
2024-01-23,2024-01-23 12:08:00,327.7,327.72,327.7,327.72,0.01,45.71,14970.45,1
2024-01-23,2024-01-23 12:09:00,327.72,327.74,327.72,327.74,0.01,45.71,14970.45,1
2024-01-23,2024-01-23 12:10:00,327.74,327.76,327.74,327.76,0.01,45.71,14970.45,1
2024-01-23,2024-01-23 12:11:00,327.76,327.78,327.76,327.78,0.01,45.71,14970.45,1
2024-01-23,2024-01-23 12:12:00,327.78,327.8,327.78,327.8,0.01,45.71,14970.45,1
2024-01-23,2024-01-23 12:13:00,327.8,327.82,327.8,327.82,0.01,45.71,14970.45,1
2024-01-23,2024-01-23 12:14:00,327.82,327.84,327.82,327.84,0.01,45.71,14970.45,1
2024-01-23,2024-01-23 12:15:00,327.84,327.86,327.84,327.86,0.01,45.71,14970.45,1
2024-01-23,2024-01-23 12:16:00,327.86,327.88,327.86,327.88,0.01,45.71,14970.45,1
2024-01-23,2024-01-23 12:17:00,327.88,327.89,327.88,327.89,0.0,45.71,14970.45,1
2024-01-23,2024-01-23 12:18:00,327.89,327.91,327.89,327.91,0.01,45.71,14970.45,1
2024-01-23,2024-01-23 12:19:00,327.91,327.93,327.91,327.93,0.01,45.71,14970.45,1
2024-01-23,2024-01-23 12:20:00,327.93,327.95,327.93,327.95,0.01,45.71,14970.45,1
2024-01-23,2024-01-23 12:21:00,327.95,327.97,327.95,327.97,0.01,45.71,14970.45,1
2024-01-23,2024-01-23 12:22:00,327.97,327.99,327.97,327.99,0.01,45.71,14970.45,1
2024-01-23,2024-01-23 12:23:00,327.99,328.01,327.99,328.01,0.01,45.71,14970.45,1
2024-01-23,2024-01-23 12:24:00,328.01,328.03,328.01,328.03,0.01,45.71,14970.45,1
2024-01-23,2024-01-23 12:25:00,328.03,328.05,328.03,328.05,0.01,45.71,14970.45,1
2024-01-23,2024-01-23 12:26:00,328.05,328.07,328.05,328.07,0.01,45.71,14970.45,1
2024-01-23,2024-01-23 12:27:00,328.07,328.09,328.07,328.09,0.01,45.71,14970.45,1
2024-01-23,2024-01-23 12:28:00,328.09,328.11,328.09,328.11,0.01,45.71,14970.45,1
2024-01-23,2024-01-23 12:29:00,328.11,328.12,328.11,328.12,0.0,45.71,14970.45,1
2024-01-23,2024-01-23 12:30:00,328.12,328.14,328.12,328.14,0.01,45.71,14970.45,1
2024-01-23,2024-01-23 12:31:00,328.14,328.16,328.14,328.16,0.01,45.71,14970.45,1
2024-01-23,2024-01-23 12:32:00,328.16,328.18,328.16,328.18,0.01,45.71,14970.45,1
2024-01-23,2024-01-23 12:33:00,328.18,328.2,328.18,328.2,0.01,45.71,14970.45,1
2024-01-23,2024-01-23 12:34:00,328.2,328.22,328.2,328.22,0.01,45.71,14970.45,1
2024-01-23,2024-01-23 12:35:00,328.22,328.24,328.22,328.24,0.01,45.71,14970.45,1
2024-01-23,2024-01-23 12:36:00,328.24,328.26,328.24,328.26,0.01,45.71,14970.45,1
2024-01-23,2024-01-23 12:37:00,328.26,328.28,328.26,328.28,0.01,45.71,14970.45,1
2024-01-23,2024-01-23 12:38:00,328.28,328.3,328.28,328.3,0.01,45.71,14970.45,1
2024-01-23,2024-01-23 12:39:00,328.3,328.32,328.3,328.32,0.01,45.71,14970.45,1
2024-01-23,2024-01-23 12:40:00,328.32,328.34,328.32,328.34,0.01,45.71,14970.45,1
2024-01-23,2024-01-23 12:41:00,328.34,328.35,328.34,328.35,0.0,45.71,14970.45,1
2024-01-23,2024-01-23 12:42:00,328.35,328.37,328.35,328.37,0.01,45.71,14970.45,1
2024-01-23,2024-01-23 12:43:00,328.37,328.39,328.37,328.39,0.01,45.71,14970.45,1
2024-01-23,2024-01-23 12:44:00,328.39,328.41,328.39,328.41,0.01,45.71,14970.45,1
2024-01-23,2024-01-23 12:45:00,328.41,328.43,328.41,328.43,0.01,45.71,14970.45,1
2024-01-23,2024-01-23 12:46:00,328.43,328.45,328.43,328.45,0.01,45.71,14970.45,1
2024-01-23,2024-01-23 12:47:00,328.45,328.47,328.45,328.47,0.01,45.71,14970.45,1
2024-01-23,2024-01-23 12:48:00,328.47,328.49,328.47,328.49,0.01,45.71,14970.45,1
2024-01-23,2024-01-23 12:49:00,328.49,328.51,328.49,328.51,0.01,45.71,14970.45,1
2024-01-23,2024-01-23 12:50:00,328.51,328.53,328.51,328.53,0.01,45.71,14970.45,1
2024-01-23,2024-01-23 12:51:00,328.53,328.55,328.53,328.55,0.01,45.71,14970.45,1
2024-01-23,2024-01-23 12:52:00,328.55,328.57,328.55,328.57,0.01,45.71,14970.45,1
2024-01-23,2024-01-23 12:53:00,328.57,328.58,328.57,328.58,0.0,45.71,14970.45,1
2024-01-23,2024-01-23 12:54:00,328.58,328.6,328.58,328.6,0.01,45.71,14970.45,1
2024-01-23,2024-01-23 12:55:00,328.6,328.62,328.6,328.62,0.01,45.71,14970.45,1
2024-01-23,2024-01-23 12:56:00,328.62,328.64,328.62,328.64,0.01,45.71,14970.45,1
2024-01-23,2024-01-23 12:57:00,328.64,328.66,328.64,328.66,0.01,45.71,14970.45,1
2024-01-23,2024-01-23 12:58:00,328.66,328.68,328.66,328.68,0.01,45.71,14970.45,1
2024-01-23,2024-01-23 12:59:00,328.68,328.7,328.68,328.7,0.01,45.71,14970.45,1
2024-01-23,2024-01-23 13:00:00,328.7,339.0,323.2,328.72,0.01,45.71,14970.45,1
2024-01-23,2024-01-23 13:01:00,328.72,328.74,328.72,328.74,0.01,45.71,14970.45,1
2024-01-23,2024-01-23 13:02:00,328.74,328.76,328.74,328.76,0.01,45.71,14970.45,1
2024-01-23,2024-01-23 13:03:00,328.76,328.78,328.76,328.78,0.01,45.71,14970.45,1
2024-01-23,2024-01-23 13:04:00,328.78,328.8,328.78,328.8,0.01,45.71,14970.45,1
2024-01-23,2024-01-23 13:05:00,328.8,328.81,328.8,328.81,0.0,45.71,14970.45,1
2024-01-23,2024-01-23 13:06:00,328.81,328.83,328.81,328.83,0.01,45.71,14970.45,1
2024-01-23,2024-01-23 13:07:00,328.83,328.85,328.83,328.85,0.01,45.71,14970.45,1
2024-01-23,2024-01-23 13:08:00,328.85,328.87,328.85,328.87,0.01,45.71,14970.45,1
2024-01-23,2024-01-23 13:09:00,328.87,328.89,328.87,328.89,0.01,45.71,14970.45,1
2024-01-23,2024-01-23 13:10:00,328.89,328.91,328.89,328.91,0.01,45.71,14970.45,1
2024-01-23,2024-01-23 13:11:00,328.91,328.93,328.91,328.93,0.01,45.71,14970.45,1
2024-01-23,2024-01-23 13:12:00,328.93,328.95,328.93,328.95,0.01,45.71,14970.45,1
2024-01-23,2024-01-23 13:13:00,328.95,328.97,328.95,328.97,0.01,45.71,14970.45,1
2024-01-23,2024-01-23 13:14:00,328.97,328.99,328.97,328.99,0.01,45.71,14970.45,1
2024-01-23,2024-01-23 13:15:00,328.99,329.01,328.99,329.01,0.01,45.71,14970.45,1
2024-01-23,2024-01-23 13:16:00,329.01,329.03,329.01,329.03,0.01,45.71,14970.45,1
2024-01-23,2024-01-23 13:17:00,329.03,329.05,329.03,329.05,0.01,45.71,14970.45,1
2024-01-23,2024-01-23 13:18:00,329.05,329.06,329.05,329.06,0.0,45.71,14970.45,1
2024-01-23,2024-01-23 13:19:00,329.06,329.08,329.06,329.08,0.01,45.71,14970.45,1
2024-01-23,2024-01-23 13:20:00,329.08,329.1,329.08,329.1,0.01,45.71,14970.45,1
2024-01-23,2024-01-23 13:21:00,329.1,329.12,329.1,329.12,0.01,45.71,14970.45,1
2024-01-23,2024-01-23 13:22:00,329.12,329.14,329.12,329.14,0.01,45.71,14970.45,1
2024-01-23,2024-01-23 13:23:00,329.14,329.16,329.14,329.16,0.01,45.71,14970.45,1
2024-01-23,2024-01-23 13:24:00,329.16,329.18,329.16,329.18,0.01,45.71,14970.45,1
2024-01-23,2024-01-23 13:25:00,329.18,329.2,329.18,329.2,0.01,45.71,14970.45,1
2024-01-23,2024-01-23 13:26:00,329.2,329.22,329.2,329.22,0.01,45.71,14970.45,1
2024-01-23,2024-01-23 13:27:00,329.22,329.24,329.22,329.24,0.01,45.71,14970.45,1
2024-01-23,2024-01-23 13:28:00,329.24,329.26,329.24,329.26,0.01,45.71,14970.45,1
2024-01-23,2024-01-23 13:29:00,329.26,329.27,329.26,329.27,0.0,45.71,14970.45,1
2024-01-23,2024-01-23 13:30:00,329.27,329.29,329.27,329.29,0.01,45.71,14970.45,1
2024-01-23,2024-01-23 13:31:00,329.29,329.31,329.29,329.31,0.01,45.71,14970.45,1
2024-01-23,2024-01-23 13:32:00,329.31,329.33,329.31,329.33,0.01,45.71,14970.45,1
2024-01-23,2024-01-23 13:33:00,329.33,329.35,329.33,329.35,0.01,45.71,14970.45,1
2024-01-23,2024-01-23 13:34:00,329.35,329.37,329.35,329.37,0.01,45.71,14970.45,1
2024-01-23,2024-01-23 13:35:00,329.37,329.39,329.37,329.39,0.01,45.71,14970.45,1
2024-01-23,2024-01-23 13:36:00,329.39,329.41,329.39,329.41,0.01,45.71,14970.45,1
2024-01-23,2024-01-23 13:37:00,329.41,329.43,329.41,329.43,0.01,45.71,14970.45,1
2024-01-23,2024-01-23 13:38:00,329.43,329.45,329.43,329.45,0.01,45.71,14970.45,1
2024-01-23,2024-01-23 13:39:00,329.45,329.47,329.45,329.47,0.01,45.71,14970.45,1
2024-01-23,2024-01-23 13:40:00,329.47,329.49,329.47,329.49,0.01,45.71,14970.45,1
2024-01-23,2024-01-23 13:41:00,329.49,329.5,329.49,329.5,0.0,45.71,14970.45,1
2024-01-23,2024-01-23 13:42:00,329.5,329.52,329.5,329.52,0.01,45.71,14970.45,1
2024-01-23,2024-01-23 13:43:00,329.52,329.54,329.52,329.54,0.01,45.71,14970.45,1
2024-01-23,2024-01-23 13:44:00,329.54,329.56,329.54,329.56,0.01,45.71,14970.45,1
2024-01-23,2024-01-23 13:45:00,329.56,329.58,329.56,329.58,0.01,45.71,14970.45,1
2024-01-23,2024-01-23 13:46:00,329.58,329.6,329.58,329.6,0.01,45.71,14970.45,1
2024-01-23,2024-01-23 13:47:00,329.6,329.62,329.6,329.62,0.01,45.71,14970.45,1
2024-01-23,2024-01-23 13:48:00,329.62,329.64,329.62,329.64,0.01,45.71,14970.45,1
2024-01-23,2024-01-23 13:49:00,329.64,329.66,329.64,329.66,0.01,45.71,14970.45,1
2024-01-23,2024-01-23 13:50:00,329.66,329.68,329.66,329.68,0.01,45.71,14970.45,1
2024-01-23,2024-01-23 13:51:00,329.68,329.7,329.68,329.7,0.01,45.71,14970.45,1
2024-01-23,2024-01-23 13:52:00,329.7,329.72,329.7,329.72,0.01,45.71,14970.45,1
2024-01-23,2024-01-23 13:53:00,329.72,329.74,329.72,329.74,0.01,45.71,14970.45,1
2024-01-23,2024-01-23 13:54:00,329.74,329.75,329.74,329.75,0.0,45.71,14970.45,1
2024-01-23,2024-01-23 13:55:00,329.75,329.77,329.75,329.77,0.01,45.71,14970.45,1
2024-01-23,2024-01-23 13:56:00,329.77,329.79,329.77,329.79,0.01,45.71,14970.45,1
2024-01-23,2024-01-23 13:57:00,329.79,329.81,329.79,329.81,0.01,45.71,14970.45,1
2024-01-23,2024-01-23 13:58:00,329.81,329.83,329.81,329.83,0.01,45.71,14970.45,1
2024-01-23,2024-01-23 13:59:00,329.83,329.85,329.83,329.85,0.01,45.71,14970.45,1
2024-01-23,2024-01-23 14:00:00,329.85,329.87,329.85,329.87,0.01,45.71,14970.45,1
2024-01-23,2024-01-23 14:01:00,329.87,329.89,329.87,329.89,0.01,45.71,14970.45,1
2024-01-23,2024-01-23 14:02:00,329.89,329.91,329.89,329.91,0.01,45.71,14970.45,1
2024-01-23,2024-01-23 14:03:00,329.91,329.93,329.91,329.93,0.01,45.71,14970.45,1
2024-01-23,2024-01-23 14:04:00,329.93,329.95,329.93,329.95,0.01,45.71,14970.45,1
2024-01-23,2024-01-23 14:05:00,329.95,329.96,329.95,329.96,0.0,45.71,14970.45,1
2024-01-23,2024-01-23 14:06:00,329.96,329.98,329.96,329.98,0.01,45.71,14970.45,1
2024-01-23,2024-01-23 14:07:00,329.98,330.0,329.98,330.0,0.01,45.71,14970.45,1
2024-01-23,2024-01-23 14:08:00,330.0,330.02,330.0,330.02,0.01,45.71,14970.45,1
2024-01-23,2024-01-23 14:09:00,330.02,330.04,330.02,330.04,0.01,45.71,14970.45,1
2024-01-23,2024-01-23 14:10:00,330.04,330.06,330.04,330.06,0.01,45.71,14970.45,1
2024-01-23,2024-01-23 14:11:00,330.06,330.08,330.06,330.08,0.01,45.71,14970.45,1
2024-01-23,2024-01-23 14:12:00,330.08,330.1,330.08,330.1,0.01,45.71,14970.45,1
2024-01-23,2024-01-23 14:13:00,330.1,330.12,330.1,330.12,0.01,45.71,14970.45,1
2024-01-23,2024-01-23 14:14:00,330.12,330.14,330.12,330.14,0.01,45.71,14970.45,1
2024-01-23,2024-01-23 14:15:00,330.14,330.16,330.14,330.16,0.01,45.71,14970.45,1
2024-01-23,2024-01-23 14:16:00,330.16,330.18,330.16,330.18,0.01,45.71,14970.45,1
2024-01-23,2024-01-23 14:17:00,330.18,330.19,330.18,330.19,0.0,45.71,14970.45,1
2024-01-23,2024-01-23 14:18:00,330.19,330.21,330.19,330.21,0.01,45.71,14970.45,1
2024-01-23,2024-01-23 14:19:00,330.21,330.23,330.21,330.23,0.01,45.71,14970.45,1
2024-01-23,2024-01-23 14:20:00,330.23,330.25,330.23,330.25,0.01,45.71,14970.45,1
2024-01-23,2024-01-23 14:21:00,330.25,330.27,330.25,330.27,0.01,45.71,14970.45,1
2024-01-23,2024-01-23 14:22:00,330.27,330.29,330.27,330.29,0.01,45.71,14970.45,1
2024-01-23,2024-01-23 14:23:00,330.29,330.31,330.29,330.31,0.01,45.71,14970.45,1
2024-01-23,2024-01-23 14:24:00,330.31,330.33,330.31,330.33,0.01,45.71,14970.45,1
2024-01-23,2024-01-23 14:25:00,330.33,330.35,330.33,330.35,0.01,45.71,14970.45,1
2024-01-23,2024-01-23 14:26:00,330.35,330.37,330.35,330.37,0.01,45.71,14970.45,1
2024-01-23,2024-01-23 14:27:00,330.37,330.39,330.37,330.39,0.01,45.71,14970.45,1
2024-01-23,2024-01-23 14:28:00,330.39,330.41,330.39,330.41,0.01,45.71,14970.45,1
2024-01-23,2024-01-23 14:29:00,330.41,330.43,330.41,330.43,0.01,45.71,14970.45,1
2024-01-23,2024-01-23 14:30:00,330.43,330.44,330.43,330.44,0.0,45.71,14970.45,1
2024-01-23,2024-01-23 14:31:00,330.44,330.46,330.44,330.46,0.01,45.71,14970.45,1
2024-01-23,2024-01-23 14:32:00,330.46,330.48,330.46,330.48,0.01,45.71,14970.45,1
2024-01-23,2024-01-23 14:33:00,330.48,330.5,330.48,330.5,0.01,45.71,14970.45,1
2024-01-23,2024-01-23 14:34:00,330.5,330.52,330.5,330.52,0.01,45.71,14970.45,1
2024-01-23,2024-01-23 14:35:00,330.52,330.54,330.52,330.54,0.01,45.71,14970.45,1
2024-01-23,2024-01-23 14:36:00,330.54,330.56,330.54,330.56,0.01,45.71,14970.45,1
2024-01-23,2024-01-23 14:37:00,330.56,330.58,330.56,330.58,0.01,45.71,14970.45,1
2024-01-23,2024-01-23 14:38:00,330.58,330.6,330.58,330.6,0.01,45.71,14970.45,1
2024-01-23,2024-01-23 14:39:00,330.6,330.62,330.6,330.62,0.01,45.71,14970.45,1
2024-01-23,2024-01-23 14:40:00,330.62,330.64,330.62,330.64,0.01,45.71,14970.45,1
2024-01-23,2024-01-23 14:41:00,330.64,330.65,330.64,330.65,0.0,45.71,14970.45,1
2024-01-23,2024-01-23 14:42:00,330.65,330.67,330.65,330.67,0.01,45.71,14970.45,1
2024-01-23,2024-01-23 14:43:00,330.67,330.69,330.67,330.69,0.01,45.71,14970.45,1
2024-01-23,2024-01-23 14:44:00,330.69,330.71,330.69,330.71,0.01,45.71,14970.45,1
2024-01-23,2024-01-23 14:45:00,330.71,330.73,330.71,330.73,0.01,45.71,14970.45,1
2024-01-23,2024-01-23 14:46:00,330.73,330.75,330.73,330.75,0.01,45.71,14970.45,1
2024-01-23,2024-01-23 14:47:00,330.75,330.77,330.75,330.77,0.01,45.71,14970.45,1
2024-01-23,2024-01-23 14:48:00,330.77,330.79,330.77,330.79,0.01,45.71,14970.45,1
2024-01-23,2024-01-23 14:49:00,330.79,330.81,330.79,330.81,0.01,45.71,14970.45,1
2024-01-23,2024-01-23 14:50:00,330.81,330.83,330.81,330.83,0.01,45.71,14970.45,1
2024-01-23,2024-01-23 14:51:00,330.83,330.85,330.83,330.85,0.01,45.71,14970.45,1
2024-01-23,2024-01-23 14:52:00,330.85,330.87,330.85,330.87,0.01,45.71,14970.45,1
2024-01-23,2024-01-23 14:53:00,330.87,330.88,330.87,330.88,0.0,45.71,14970.45,1
2024-01-23,2024-01-23 14:54:00,330.88,330.9,330.88,330.9,0.01,45.71,14970.45,1
2024-01-23,2024-01-23 14:55:00,330.9,330.92,330.9,330.92,0.01,45.71,14970.45,1
2024-01-23,2024-01-23 14:56:00,330.92,330.94,330.92,330.94,0.01,45.71,14970.45,1
2024-01-23,2024-01-23 14:57:00,330.94,330.96,330.94,330.96,0.01,45.71,14970.45,1
2024-01-23,2024-01-23 14:58:00,330.96,330.98,330.96,330.98,0.01,45.71,14970.45,1
2024-01-23,2024-01-23 14:59:00,330.98,331.0,330.98,331.0,0.01,45.71,14970.45,1
2024-01-23,2024-01-23 15:00:00,331.0,339.0,323.2,331.0,0.0,45.71,14970.45,0
2024-01-24,2024-01-24 11:00:00,335.0,335.6,329.93,334.95,-0.01,36.74,11869.28,-1
2024-01-24,2024-01-24 11:01:00,334.95,334.95,334.91,334.91,-0.01,36.74,11869.28,-1
2024-01-24,2024-01-24 11:02:00,334.91,334.91,334.86,334.86,-0.01,36.74,11869.28,-1
2024-01-24,2024-01-24 11:03:00,334.86,334.86,334.81,334.81,-0.01,36.74,11869.28,-1
2024-01-24,2024-01-24 11:04:00,334.81,334.81,334.76,334.76,-0.01,36.74,11869.28,-1
2024-01-24,2024-01-24 11:05:00,334.76,334.76,334.72,334.72,-0.01,36.74,11869.28,-1
2024-01-24,2024-01-24 11:06:00,334.72,334.72,334.67,334.67,-0.01,36.74,11869.28,-1
2024-01-24,2024-01-24 11:07:00,334.67,334.67,334.62,334.62,-0.01,36.74,11869.28,-1
2024-01-24,2024-01-24 11:08:00,334.62,334.62,334.58,334.58,-0.01,36.74,11869.28,-1
2024-01-24,2024-01-24 11:09:00,334.58,334.58,334.53,334.53,-0.01,36.74,11869.28,-1
2024-01-24,2024-01-24 11:10:00,334.53,334.53,334.48,334.48,-0.01,36.74,11869.28,-1
2024-01-24,2024-01-24 11:11:00,334.48,334.48,334.44,334.44,-0.01,36.74,11869.28,-1
2024-01-24,2024-01-24 11:12:00,334.44,334.44,334.39,334.39,-0.01,36.74,11869.28,-1
2024-01-24,2024-01-24 11:13:00,334.39,334.39,334.34,334.34,-0.01,36.74,11869.28,-1
2024-01-24,2024-01-24 11:14:00,334.34,334.34,334.29,334.29,-0.01,36.74,11869.28,-1
2024-01-24,2024-01-24 11:15:00,334.29,334.29,334.25,334.25,-0.01,36.74,11869.28,-1
2024-01-24,2024-01-24 11:16:00,334.25,334.25,334.2,334.2,-0.01,36.74,11869.28,-1
2024-01-24,2024-01-24 11:17:00,334.2,334.2,334.15,334.15,-0.01,36.74,11869.28,-1
2024-01-24,2024-01-24 11:18:00,334.15,334.15,334.11,334.11,-0.01,36.74,11869.28,-1
2024-01-24,2024-01-24 11:19:00,334.11,334.11,334.06,334.06,-0.01,36.74,11869.28,-1
2024-01-24,2024-01-24 11:20:00,334.06,334.06,334.01,334.01,-0.01,36.74,11869.28,-1
2024-01-24,2024-01-24 11:21:00,334.01,334.01,333.96,333.96,-0.01,36.74,11869.28,-1
2024-01-24,2024-01-24 11:22:00,333.96,333.96,333.92,333.92,-0.01,36.74,11869.28,-1
2024-01-24,2024-01-24 11:23:00,333.92,333.92,333.87,333.87,-0.01,36.74,11869.28,-1
2024-01-24,2024-01-24 11:24:00,333.87,333.87,333.82,333.82,-0.01,36.74,11869.28,-1
2024-01-24,2024-01-24 11:25:00,333.82,333.82,333.78,333.78,-0.01,36.74,11869.28,-1
2024-01-24,2024-01-24 11:26:00,333.78,333.78,333.73,333.73,-0.01,36.74,11869.28,-1
2024-01-24,2024-01-24 11:27:00,333.73,333.73,333.68,333.68,-0.01,36.74,11869.28,-1
2024-01-24,2024-01-24 11:28:00,333.68,333.68,333.63,333.63,-0.01,36.74,11869.28,-1
2024-01-24,2024-01-24 11:29:00,333.63,333.63,333.59,333.59,-0.01,36.74,11869.28,-1
2024-01-24,2024-01-24 11:30:00,333.59,333.59,333.54,333.54,-0.01,36.74,11869.28,-1
2024-01-24,2024-01-24 11:31:00,333.54,333.54,333.49,333.49,-0.01,36.74,11869.28,-1
2024-01-24,2024-01-24 11:32:00,333.49,333.49,333.45,333.45,-0.01,36.74,11869.28,-1
2024-01-24,2024-01-24 11:33:00,333.45,333.45,333.4,333.4,-0.01,36.74,11869.28,-1
2024-01-24,2024-01-24 11:34:00,333.4,333.4,333.35,333.35,-0.01,36.74,11869.28,-1
2024-01-24,2024-01-24 11:35:00,333.35,333.35,333.31,333.31,-0.01,36.74,11869.28,-1
2024-01-24,2024-01-24 11:36:00,333.31,333.31,333.26,333.26,-0.02,36.74,11869.28,-1
2024-01-24,2024-01-24 11:37:00,333.26,333.26,333.21,333.21,-0.02,36.74,11869.28,-1
2024-01-24,2024-01-24 11:38:00,333.21,333.21,333.16,333.16,-0.02,36.74,11869.28,-1
2024-01-24,2024-01-24 11:39:00,333.16,333.16,333.12,333.12,-0.01,36.74,11869.28,-1
2024-01-24,2024-01-24 11:40:00,333.12,333.12,333.07,333.07,-0.02,36.74,11869.28,-1
2024-01-24,2024-01-24 11:41:00,333.07,333.07,333.02,333.02,-0.02,36.74,11869.28,-1
2024-01-24,2024-01-24 11:42:00,333.02,333.02,332.98,332.98,-0.01,36.74,11869.28,-1
2024-01-24,2024-01-24 11:43:00,332.98,332.98,332.93,332.93,-0.02,36.74,11869.28,-1
2024-01-24,2024-01-24 11:44:00,332.93,332.93,332.88,332.88,-0.02,36.74,11869.28,-1
2024-01-24,2024-01-24 11:45:00,332.88,332.88,332.83,332.83,-0.02,36.74,11869.28,-1
2024-01-24,2024-01-24 11:46:00,332.83,332.83,332.79,332.79,-0.01,36.74,11869.28,-1
2024-01-24,2024-01-24 11:47:00,332.79,332.79,332.74,332.74,-0.02,36.74,11869.28,-1
2024-01-24,2024-01-24 11:48:00,332.74,332.74,332.69,332.69,-0.02,36.74,11869.28,-1
2024-01-24,2024-01-24 11:49:00,332.69,332.69,332.65,332.65,-0.01,36.74,11869.28,-1
2024-01-24,2024-01-24 11:50:00,332.65,332.65,332.6,332.6,-0.02,36.74,11869.28,-1
2024-01-24,2024-01-24 11:51:00,332.6,332.6,332.55,332.55,-0.02,36.74,11869.28,-1
2024-01-24,2024-01-24 11:52:00,332.55,332.55,332.5,332.5,-0.02,36.74,11869.28,-1
2024-01-24,2024-01-24 11:53:00,332.5,332.5,332.46,332.46,-0.01,36.74,11869.28,-1
2024-01-24,2024-01-24 11:54:00,332.46,332.46,332.41,332.41,-0.02,36.74,11869.28,-1
2024-01-24,2024-01-24 11:55:00,332.41,332.41,332.36,332.36,-0.02,36.74,11869.28,-1
2024-01-24,2024-01-24 11:56:00,332.36,332.36,332.32,332.32,-0.01,36.74,11869.28,-1
2024-01-24,2024-01-24 11:57:00,332.32,332.32,332.27,332.27,-0.02,36.74,11869.28,-1
2024-01-24,2024-01-24 11:58:00,332.27,332.27,332.22,332.22,-0.02,36.74,11869.28,-1
2024-01-24,2024-01-24 11:59:00,332.22,332.22,332.18,332.18,-0.01,36.74,11869.28,-1
2024-01-24,2024-01-24 12:00:00,332.18,332.18,332.13,332.13,-0.02,36.74,11869.28,-1
2024-01-24,2024-01-24 12:01:00,332.13,332.13,332.08,332.08,-0.02,36.74,11869.28,-1
2024-01-24,2024-01-24 12:02:00,332.08,332.08,332.03,332.03,-0.02,36.74,11869.28,-1
2024-01-24,2024-01-24 12:03:00,332.03,332.03,331.99,331.99,-0.01,36.74,11869.28,-1
2024-01-24,2024-01-24 12:04:00,331.99,331.99,331.94,331.94,-0.02,36.74,11869.28,-1
2024-01-24,2024-01-24 12:05:00,331.94,331.94,331.89,331.89,-0.02,36.74,11869.28,-1
2024-01-24,2024-01-24 12:06:00,331.89,331.89,331.85,331.85,-0.01,36.74,11869.28,-1
2024-01-24,2024-01-24 12:07:00,331.85,331.85,331.8,331.8,-0.02,36.74,11869.28,-1
2024-01-24,2024-01-24 12:08:00,331.8,331.8,331.75,331.75,-0.02,36.74,11869.28,-1
2024-01-24,2024-01-24 12:09:00,331.75,331.75,331.7,331.7,-0.02,36.74,11869.28,-1
2024-01-24,2024-01-24 12:10:00,331.7,331.7,331.66,331.66,-0.01,36.74,11869.28,-1
2024-01-24,2024-01-24 12:11:00,331.66,331.66,331.61,331.61,-0.02,36.74,11869.28,-1
2024-01-24,2024-01-24 12:12:00,331.61,331.61,331.56,331.56,-0.02,36.74,11869.28,-1
2024-01-24,2024-01-24 12:13:00,331.56,331.56,331.52,331.52,-0.01,36.74,11869.28,-1
2024-01-24,2024-01-24 12:14:00,331.52,331.52,331.47,331.47,-0.02,36.74,11869.28,-1
2024-01-24,2024-01-24 12:15:00,331.47,331.47,331.42,331.42,-0.02,36.74,11869.28,-1
2024-01-24,2024-01-24 12:16:00,331.42,331.42,331.37,331.37,-0.02,36.74,11869.28,-1
2024-01-24,2024-01-24 12:17:00,331.37,331.37,331.33,331.33,-0.01,36.74,11869.28,-1
2024-01-24,2024-01-24 12:18:00,331.33,331.33,331.28,331.28,-0.02,36.74,11869.28,-1
2024-01-24,2024-01-24 12:19:00,331.28,331.28,331.23,331.23,-0.02,36.74,11869.28,-1
2024-01-24,2024-01-24 12:20:00,331.23,331.23,331.19,331.19,-0.01,36.74,11869.28,-1
2024-01-24,2024-01-24 12:21:00,331.19,331.19,331.14,331.14,-0.02,36.74,11869.28,-1
2024-01-24,2024-01-24 12:22:00,331.14,331.14,331.09,331.09,-0.02,36.74,11869.28,-1
2024-01-24,2024-01-24 12:23:00,331.09,331.09,331.05,331.05,-0.01,36.74,11869.28,-1
2024-01-24,2024-01-24 12:24:00,331.05,331.05,331.0,331.0,-0.02,36.74,11869.28,-1
2024-01-24,2024-01-24 12:25:00,331.0,331.0,330.95,330.95,-0.02,36.74,11869.28,-1
2024-01-24,2024-01-24 12:26:00,330.95,330.95,330.9,330.9,-0.02,36.74,11869.28,-1
2024-01-24,2024-01-24 12:27:00,330.9,330.9,330.86,330.86,-0.01,36.74,11869.28,-1
2024-01-24,2024-01-24 12:28:00,330.86,330.86,330.81,330.81,-0.02,36.74,11869.28,-1
2024-01-24,2024-01-24 12:29:00,330.81,330.81,330.76,330.76,-0.02,36.74,11869.28,-1
2024-01-24,2024-01-24 12:30:00,330.76,330.76,330.72,330.72,-0.01,36.74,11869.28,-1
2024-01-24,2024-01-24 12:31:00,330.72,330.72,330.67,330.67,-0.02,36.74,11869.28,-1
2024-01-24,2024-01-24 12:32:00,330.67,330.67,330.62,330.62,-0.02,36.74,11869.28,-1
2024-01-24,2024-01-24 12:33:00,330.62,330.62,330.57,330.57,-0.02,36.74,11869.28,-1
2024-01-24,2024-01-24 12:34:00,330.57,330.57,330.53,330.53,-0.01,36.74,11869.28,-1
2024-01-24,2024-01-24 12:35:00,330.53,330.53,330.48,330.48,-0.02,36.74,11869.28,-1
2024-01-24,2024-01-24 12:36:00,330.48,330.48,330.43,330.43,-0.02,36.74,11869.28,-1
2024-01-24,2024-01-24 12:37:00,330.43,330.43,330.39,330.39,-0.01,36.74,11869.28,-1
2024-01-24,2024-01-24 12:38:00,330.39,330.39,330.34,330.34,-0.02,36.74,11869.28,-1
2024-01-24,2024-01-24 12:39:00,330.34,330.34,330.29,330.29,-0.02,36.74,11869.28,-1
2024-01-24,2024-01-24 12:40:00,330.29,330.29,330.24,330.24,-0.02,36.74,11869.28,-1
2024-01-24,2024-01-24 12:41:00,330.24,330.24,330.2,330.2,-0.01,36.74,11869.28,-1
2024-01-24,2024-01-24 12:42:00,330.2,330.2,330.15,330.15,-0.02,36.74,11869.28,-1
2024-01-24,2024-01-24 12:43:00,330.15,330.15,330.1,330.1,-0.02,36.74,11869.28,-1
2024-01-24,2024-01-24 12:44:00,330.1,330.1,330.06,330.06,-0.01,36.74,11869.28,-1
2024-01-24,2024-01-24 12:45:00,330.06,330.06,330.01,330.01,-0.02,36.74,11869.28,-1
2024-01-24,2024-01-24 12:46:00,330.01,330.01,329.96,329.96,-0.02,36.74,11869.28,-1
2024-01-24,2024-01-24 12:47:00,329.96,329.96,329.92,329.92,-0.01,36.74,11869.28,-1
2024-01-24,2024-01-24 12:48:00,329.92,329.92,329.87,329.87,-0.02,36.74,11869.28,-1
2024-01-24,2024-01-24 12:49:00,329.87,329.87,329.82,329.82,-0.02,36.74,11869.28,-1
2024-01-24,2024-01-24 12:50:00,329.82,329.82,329.77,329.77,-0.02,36.74,11869.28,-1
2024-01-24,2024-01-24 12:51:00,329.77,329.77,329.73,329.73,-0.01,36.74,11869.28,-1
2024-01-24,2024-01-24 12:52:00,329.73,329.73,329.68,329.68,-0.02,36.74,11869.28,-1
2024-01-24,2024-01-24 12:53:00,329.68,329.68,329.63,329.63,-0.02,36.74,11869.28,-1
2024-01-24,2024-01-24 12:54:00,329.63,329.63,329.59,329.59,-0.01,36.74,11869.28,-1
2024-01-24,2024-01-24 12:55:00,329.59,329.59,329.54,329.54,-0.02,36.74,11869.28,-1
2024-01-24,2024-01-24 12:56:00,329.54,329.54,329.49,329.49,-0.02,36.74,11869.28,-1
2024-01-24,2024-01-24 12:57:00,329.49,329.49,329.44,329.44,-0.02,36.74,11869.28,-1
2024-01-24,2024-01-24 12:58:00,329.44,329.44,329.4,329.4,-0.01,36.74,11869.28,-1
2024-01-24,2024-01-24 12:59:00,329.4,329.4,329.35,329.35,-0.02,36.74,11869.28,-1
2024-01-24,2024-01-24 13:00:00,329.35,337.0,318.1,329.3,-0.02,36.74,11869.28,-1
2024-01-24,2024-01-24 13:01:00,329.3,329.3,329.26,329.26,-0.01,36.74,11869.28,-1
2024-01-24,2024-01-24 13:02:00,329.26,329.26,329.21,329.21,-0.02,36.74,11869.28,-1
2024-01-24,2024-01-24 13:03:00,329.21,329.21,329.16,329.16,-0.02,36.74,11869.28,-1
2024-01-24,2024-01-24 13:04:00,329.16,329.16,329.11,329.11,-0.02,36.74,11869.28,-1
2024-01-24,2024-01-24 13:05:00,329.11,329.11,329.07,329.07,-0.01,36.74,11869.28,-1
2024-01-24,2024-01-24 13:06:00,329.07,329.07,329.02,329.02,-0.02,36.74,11869.28,-1
2024-01-24,2024-01-24 13:07:00,329.02,329.02,328.97,328.97,-0.02,36.74,11869.28,-1
2024-01-24,2024-01-24 13:08:00,328.97,328.97,328.93,328.93,-0.01,36.74,11869.28,-1
2024-01-24,2024-01-24 13:09:00,328.93,328.93,328.88,328.88,-0.02,36.74,11869.28,-1
2024-01-24,2024-01-24 13:10:00,328.88,328.88,328.83,328.83,-0.02,36.74,11869.28,-1
2024-01-24,2024-01-24 13:11:00,328.83,328.83,328.78,328.78,-0.02,36.74,11869.28,-1
2024-01-24,2024-01-24 13:12:00,328.78,328.78,328.74,328.74,-0.01,36.74,11869.28,-1
2024-01-24,2024-01-24 13:13:00,328.74,328.74,328.69,328.69,-0.02,36.74,11869.28,-1
2024-01-24,2024-01-24 13:14:00,328.69,328.69,328.64,328.64,-0.02,36.74,11869.28,-1
2024-01-24,2024-01-24 13:15:00,328.64,328.64,328.6,328.6,-0.01,36.74,11869.28,-1
2024-01-24,2024-01-24 13:16:00,328.6,328.6,328.55,328.55,-0.02,36.74,11869.28,-1
2024-01-24,2024-01-24 13:17:00,328.55,328.55,328.5,328.5,-0.02,36.74,11869.28,-1
2024-01-24,2024-01-24 13:18:00,328.5,328.5,328.46,328.46,-0.01,36.74,11869.28,-1
2024-01-24,2024-01-24 13:19:00,328.46,328.46,328.41,328.41,-0.02,36.74,11869.28,-1
2024-01-24,2024-01-24 13:20:00,328.41,328.41,328.36,328.36,-0.02,36.74,11869.28,-1
2024-01-24,2024-01-24 13:21:00,328.36,328.36,328.31,328.31,-0.02,36.74,11869.28,-1
2024-01-24,2024-01-24 13:22:00,328.31,328.31,328.27,328.27,-0.01,36.74,11869.28,-1
2024-01-24,2024-01-24 13:23:00,328.27,328.27,328.22,328.22,-0.02,36.74,11869.28,-1
2024-01-24,2024-01-24 13:24:00,328.22,328.22,328.17,328.17,-0.02,36.74,11869.28,-1
2024-01-24,2024-01-24 13:25:00,328.17,328.17,328.13,328.13,-0.01,36.74,11869.28,-1
2024-01-24,2024-01-24 13:26:00,328.13,328.13,328.08,328.08,-0.02,36.74,11869.28,-1
2024-01-24,2024-01-24 13:27:00,328.08,328.08,328.03,328.03,-0.02,36.74,11869.28,-1
2024-01-24,2024-01-24 13:28:00,328.03,328.03,327.98,327.98,-0.02,36.74,11869.28,-1
2024-01-24,2024-01-24 13:29:00,327.98,327.98,327.94,327.94,-0.01,36.74,11869.28,-1
2024-01-24,2024-01-24 13:30:00,327.94,327.94,327.89,327.89,-0.02,36.74,11869.28,-1
2024-01-24,2024-01-24 13:31:00,327.89,327.89,327.84,327.84,-0.02,36.74,11869.28,-1
2024-01-24,2024-01-24 13:32:00,327.84,327.84,327.8,327.8,-0.01,36.74,11869.28,-1
2024-01-24,2024-01-24 13:33:00,327.8,327.8,327.75,327.75,-0.02,36.74,11869.28,-1
2024-01-24,2024-01-24 13:34:00,327.75,327.75,327.7,327.7,-0.02,36.74,11869.28,-1
2024-01-24,2024-01-24 13:35:00,327.7,327.7,327.65,327.65,-0.02,36.74,11869.28,-1
2024-01-24,2024-01-24 13:36:00,327.65,327.65,327.61,327.61,-0.01,36.74,11869.28,-1
2024-01-24,2024-01-24 13:37:00,327.61,327.61,327.56,327.56,-0.02,36.74,11869.28,-1
2024-01-24,2024-01-24 13:38:00,327.56,327.56,327.51,327.51,-0.02,36.74,11869.28,-1
2024-01-24,2024-01-24 13:39:00,327.51,327.51,327.47,327.47,-0.01,36.74,11869.28,-1
2024-01-24,2024-01-24 13:40:00,327.47,327.47,327.42,327.42,-0.02,36.74,11869.28,-1
2024-01-24,2024-01-24 13:41:00,327.42,327.42,327.37,327.37,-0.02,36.74,11869.28,-1
2024-01-24,2024-01-24 13:42:00,327.37,327.37,327.33,327.33,-0.01,36.74,11869.28,-1
2024-01-24,2024-01-24 13:43:00,327.33,327.33,327.28,327.28,-0.02,36.74,11869.28,-1
2024-01-24,2024-01-24 13:44:00,327.28,327.28,327.23,327.23,-0.02,36.74,11869.28,-1
2024-01-24,2024-01-24 13:45:00,327.23,327.23,327.18,327.18,-0.02,36.74,11869.28,-1
2024-01-24,2024-01-24 13:46:00,327.18,327.18,327.14,327.14,-0.01,36.74,11869.28,-1
2024-01-24,2024-01-24 13:47:00,327.14,327.14,327.09,327.09,-0.02,36.74,11869.28,-1
2024-01-24,2024-01-24 13:48:00,327.09,327.09,327.04,327.04,-0.02,36.74,11869.28,-1
2024-01-24,2024-01-24 13:49:00,327.04,327.04,327.0,327.0,-0.01,36.74,11869.28,-1
2024-01-24,2024-01-24 13:50:00,327.0,327.0,326.95,326.95,-0.02,36.74,11869.28,-1
2024-01-24,2024-01-24 13:51:00,326.95,326.95,326.9,326.9,-0.02,36.74,11869.28,-1
2024-01-24,2024-01-24 13:52:00,326.9,326.9,326.85,326.85,-0.02,36.74,11869.28,-1
2024-01-24,2024-01-24 13:53:00,326.85,326.85,326.81,326.81,-0.01,36.74,11869.28,-1
2024-01-24,2024-01-24 13:54:00,326.81,326.81,326.76,326.76,-0.02,36.74,11869.28,-1
2024-01-24,2024-01-24 13:55:00,326.76,326.76,326.71,326.71,-0.02,36.74,11869.28,-1
2024-01-24,2024-01-24 13:56:00,326.71,326.71,326.67,326.67,-0.01,36.74,11869.28,-1
2024-01-24,2024-01-24 13:57:00,326.67,326.67,326.62,326.62,-0.02,36.74,11869.28,-1
2024-01-24,2024-01-24 13:58:00,326.62,326.62,326.57,326.57,-0.02,36.74,11869.28,-1
2024-01-24,2024-01-24 13:59:00,326.57,326.57,326.52,326.52,-0.02,36.74,11869.28,-1
2024-01-24,2024-01-24 14:00:00,326.52,326.52,326.48,326.48,-0.01,36.74,11869.28,-1
2024-01-24,2024-01-24 14:01:00,326.48,326.48,326.43,326.43,-0.02,36.74,11869.28,-1
2024-01-24,2024-01-24 14:02:00,326.43,326.43,326.38,326.38,-0.02,36.74,11869.28,-1
2024-01-24,2024-01-24 14:03:00,326.38,326.38,326.34,326.34,-0.01,36.74,11869.28,-1
2024-01-24,2024-01-24 14:04:00,326.34,326.34,326.29,326.29,-0.02,36.74,11869.28,-1
2024-01-24,2024-01-24 14:05:00,326.29,326.29,326.24,326.24,-0.02,36.74,11869.28,-1
2024-01-24,2024-01-24 14:06:00,326.24,326.24,326.2,326.2,-0.01,36.74,11869.28,-1
2024-01-24,2024-01-24 14:07:00,326.2,326.2,326.15,326.15,-0.02,36.74,11869.28,-1
2024-01-24,2024-01-24 14:08:00,326.15,326.15,326.1,326.1,-0.02,36.74,11869.28,-1
2024-01-24,2024-01-24 14:09:00,326.1,326.1,326.05,326.05,-0.02,36.74,11869.28,-1
2024-01-24,2024-01-24 14:10:00,326.05,326.05,326.01,326.01,-0.01,36.74,11869.28,-1
2024-01-24,2024-01-24 14:11:00,326.01,326.01,325.96,325.96,-0.02,36.74,11869.28,-1
2024-01-24,2024-01-24 14:12:00,325.96,325.96,325.91,325.91,-0.02,36.74,11869.28,-1
2024-01-24,2024-01-24 14:13:00,325.91,325.91,325.87,325.87,-0.01,36.74,11869.28,-1
2024-01-24,2024-01-24 14:14:00,325.87,325.87,325.82,325.82,-0.02,36.74,11869.28,-1
2024-01-24,2024-01-24 14:15:00,325.82,325.82,325.77,325.77,-0.02,36.74,11869.28,-1
2024-01-24,2024-01-24 14:16:00,325.77,325.77,325.72,325.72,-0.02,36.74,11869.28,-1
2024-01-24,2024-01-24 14:17:00,325.72,325.72,325.68,325.68,-0.01,36.74,11869.28,-1
2024-01-24,2024-01-24 14:18:00,325.68,325.68,325.63,325.63,-0.02,36.74,11869.28,-1
2024-01-24,2024-01-24 14:19:00,325.63,325.63,325.58,325.58,-0.02,36.74,11869.28,-1
2024-01-24,2024-01-24 14:20:00,325.58,325.58,325.54,325.54,-0.01,36.74,11869.28,-1
2024-01-24,2024-01-24 14:21:00,325.54,325.54,325.49,325.49,-0.02,36.74,11869.28,-1
2024-01-24,2024-01-24 14:22:00,325.49,325.49,325.44,325.44,-0.02,36.74,11869.28,-1
2024-01-24,2024-01-24 14:23:00,325.44,325.44,325.39,325.39,-0.02,36.74,11869.28,-1
2024-01-24,2024-01-24 14:24:00,325.39,325.39,325.35,325.35,-0.01,36.74,11869.28,-1
2024-01-24,2024-01-24 14:25:00,325.35,325.35,325.3,325.3,-0.02,36.74,11869.28,-1
2024-01-24,2024-01-24 14:26:00,325.3,325.3,325.25,325.25,-0.02,36.74,11869.28,-1
2024-01-24,2024-01-24 14:27:00,325.25,325.25,325.21,325.21,-0.01,36.74,11869.28,-1
2024-01-24,2024-01-24 14:28:00,325.21,325.21,325.16,325.16,-0.02,36.74,11869.28,-1
2024-01-24,2024-01-24 14:29:00,325.16,325.16,325.11,325.11,-0.02,36.74,11869.28,-1
2024-01-24,2024-01-24 14:30:00,325.11,325.11,325.07,325.07,-0.01,36.74,11869.28,-1
2024-01-24,2024-01-24 14:31:00,325.07,325.07,325.02,325.02,-0.02,36.74,11869.28,-1
2024-01-24,2024-01-24 14:32:00,325.02,325.02,324.97,324.97,-0.02,36.74,11869.28,-1
2024-01-24,2024-01-24 14:33:00,324.97,324.97,324.92,324.92,-0.02,36.74,11869.28,-1
2024-01-24,2024-01-24 14:34:00,324.92,324.92,324.88,324.88,-0.01,36.74,11869.28,-1
2024-01-24,2024-01-24 14:35:00,324.88,324.88,324.83,324.83,-0.02,36.74,11869.28,-1
2024-01-24,2024-01-24 14:36:00,324.83,324.83,324.78,324.78,-0.02,36.74,11869.28,-1
2024-01-24,2024-01-24 14:37:00,324.78,324.78,324.74,324.74,-0.01,36.74,11869.28,-1
2024-01-24,2024-01-24 14:38:00,324.74,324.74,324.69,324.69,-0.02,36.74,11869.28,-1
2024-01-24,2024-01-24 14:39:00,324.69,324.69,324.64,324.64,-0.02,36.74,11869.28,-1
2024-01-24,2024-01-24 14:40:00,324.64,324.64,324.59,324.59,-0.02,36.74,11869.28,-1
2024-01-24,2024-01-24 14:41:00,324.59,324.59,324.55,324.55,-0.01,36.74,11869.28,-1
2024-01-24,2024-01-24 14:42:00,324.55,324.55,324.5,324.5,-0.02,36.74,11869.28,-1
2024-01-24,2024-01-24 14:43:00,324.5,324.5,324.45,324.45,-0.02,36.74,11869.28,-1
2024-01-24,2024-01-24 14:44:00,324.45,324.45,324.41,324.41,-0.01,36.74,11869.28,-1
2024-01-24,2024-01-24 14:45:00,324.41,324.41,324.36,324.36,-0.02,36.74,11869.28,-1
2024-01-24,2024-01-24 14:46:00,324.36,324.36,324.31,324.31,-0.02,36.74,11869.28,-1
2024-01-24,2024-01-24 14:47:00,324.31,324.31,324.26,324.26,-0.02,36.74,11869.28,-1
2024-01-24,2024-01-24 14:48:00,324.26,324.26,324.22,324.22,-0.01,36.74,11869.28,-1
2024-01-24,2024-01-24 14:49:00,324.22,324.22,324.17,324.17,-0.02,36.74,11869.28,-1
2024-01-24,2024-01-24 14:50:00,324.17,324.17,324.12,324.12,-0.02,36.74,11869.28,-1
2024-01-24,2024-01-24 14:51:00,324.12,324.12,324.08,324.08,-0.01,36.74,11869.28,-1
2024-01-24,2024-01-24 14:52:00,324.08,324.08,324.03,324.03,-0.02,36.74,11869.28,-1
2024-01-24,2024-01-24 14:53:00,324.03,324.03,323.98,323.98,-0.02,36.74,11869.28,-1
2024-01-24,2024-01-24 14:54:00,323.98,323.98,323.94,323.94,-0.01,36.74,11869.28,-1
2024-01-24,2024-01-24 14:55:00,323.94,323.94,323.89,323.89,-0.02,36.74,11869.28,-1
2024-01-24,2024-01-24 14:56:00,323.89,323.89,323.84,323.84,-0.02,36.74,11869.28,-1
2024-01-24,2024-01-24 14:57:00,323.84,323.84,323.79,323.79,-0.02,36.74,11869.28,-1
2024-01-24,2024-01-24 14:58:00,323.79,323.79,323.75,323.75,-0.01,36.74,11869.28,-1
2024-01-24,2024-01-24 14:59:00,323.75,323.75,323.7,323.7,-0.02,36.74,11869.28,-1
2024-01-24,2024-01-24 15:00:00,323.7,337.0,318.1,323.7,0.0,36.74,11869.28,0
2024-01-25,2024-01-25 11:00:00,330.0,331.8,326.25,330.01,0.0,132.07,43626.12,1
2024-01-25,2024-01-25 11:01:00,330.01,330.02,330.01,330.02,0.0,132.07,43626.12,1
2024-01-25,2024-01-25 11:02:00,330.02,330.04,330.02,330.04,0.01,132.07,43626.12,1
2024-01-25,2024-01-25 11:03:00,330.04,330.05,330.04,330.05,0.0,132.07,43626.12,1
2024-01-25,2024-01-25 11:04:00,330.05,330.06,330.05,330.06,0.0,132.07,43626.12,1
2024-01-25,2024-01-25 11:05:00,330.06,330.07,330.06,330.07,0.0,132.07,43626.12,1
2024-01-25,2024-01-25 11:06:00,330.07,330.09,330.07,330.09,0.01,132.07,43626.12,1
2024-01-25,2024-01-25 11:07:00,330.09,330.1,330.09,330.1,0.0,132.07,43626.12,1
2024-01-25,2024-01-25 11:08:00,330.1,330.11,330.1,330.11,0.0,132.07,43626.12,1
2024-01-25,2024-01-25 11:09:00,330.11,330.12,330.11,330.12,0.0,132.07,43626.12,1
2024-01-25,2024-01-25 11:10:00,330.12,330.14,330.12,330.14,0.01,132.07,43626.12,1
2024-01-25,2024-01-25 11:11:00,330.14,330.15,330.14,330.15,0.0,132.07,43626.12,1
2024-01-25,2024-01-25 11:12:00,330.15,330.16,330.15,330.16,0.0,132.07,43626.12,1
2024-01-25,2024-01-25 11:13:00,330.16,330.18,330.16,330.18,0.01,132.07,43626.12,1
2024-01-25,2024-01-25 11:14:00,330.18,330.19,330.18,330.19,0.0,132.07,43626.12,1
2024-01-25,2024-01-25 11:15:00,330.19,330.2,330.19,330.2,0.0,132.07,43626.12,1
2024-01-25,2024-01-25 11:16:00,330.2,330.21,330.2,330.21,0.0,132.07,43626.12,1
2024-01-25,2024-01-25 11:17:00,330.21,330.23,330.21,330.23,0.01,132.07,43626.12,1
2024-01-25,2024-01-25 11:18:00,330.23,330.24,330.23,330.24,0.0,132.07,43626.12,1
2024-01-25,2024-01-25 11:19:00,330.24,330.25,330.24,330.25,0.0,132.07,43626.12,1
2024-01-25,2024-01-25 11:20:00,330.25,330.26,330.25,330.26,0.0,132.07,43626.12,1
2024-01-25,2024-01-25 11:21:00,330.26,330.27,330.26,330.27,0.0,132.07,43626.12,1
2024-01-25,2024-01-25 11:22:00,330.27,330.29,330.27,330.29,0.01,132.07,43626.12,1
2024-01-25,2024-01-25 11:23:00,330.29,330.3,330.29,330.3,0.0,132.07,43626.12,1
2024-01-25,2024-01-25 11:24:00,330.3,330.31,330.3,330.31,0.0,132.07,43626.12,1
2024-01-25,2024-01-25 11:25:00,330.31,330.32,330.31,330.32,0.0,132.07,43626.12,1
2024-01-25,2024-01-25 11:26:00,330.32,330.34,330.32,330.34,0.01,132.07,43626.12,1
2024-01-25,2024-01-25 11:27:00,330.34,330.35,330.34,330.35,0.0,132.07,43626.12,1
2024-01-25,2024-01-25 11:28:00,330.35,330.36,330.35,330.36,0.0,132.07,43626.12,1
2024-01-25,2024-01-25 11:29:00,330.36,330.38,330.36,330.38,0.01,132.07,43626.12,1
2024-01-25,2024-01-25 11:30:00,330.38,330.39,330.38,330.39,0.0,132.07,43626.12,1
2024-01-25,2024-01-25 11:31:00,330.39,330.4,330.39,330.4,0.0,132.07,43626.12,1
2024-01-25,2024-01-25 11:32:00,330.4,330.41,330.4,330.41,0.0,132.07,43626.12,1
2024-01-25,2024-01-25 11:33:00,330.41,330.43,330.41,330.43,0.01,132.07,43626.12,1
2024-01-25,2024-01-25 11:34:00,330.43,330.44,330.43,330.44,0.0,132.07,43626.12,1
2024-01-25,2024-01-25 11:35:00,330.44,330.45,330.44,330.45,0.0,132.07,43626.12,1
2024-01-25,2024-01-25 11:36:00,330.45,330.46,330.45,330.46,0.0,132.07,43626.12,1
2024-01-25,2024-01-25 11:37:00,330.46,330.48,330.46,330.48,0.01,132.07,43626.12,1
2024-01-25,2024-01-25 11:38:00,330.48,330.49,330.48,330.49,0.0,132.07,43626.12,1
2024-01-25,2024-01-25 11:39:00,330.49,330.5,330.49,330.5,0.0,132.07,43626.12,1
2024-01-25,2024-01-25 11:40:00,330.5,330.51,330.5,330.51,0.0,132.07,43626.12,1
2024-01-25,2024-01-25 11:41:00,330.51,330.52,330.51,330.52,0.0,132.07,43626.12,1
2024-01-25,2024-01-25 11:42:00,330.52,330.54,330.52,330.54,0.01,132.07,43626.12,1
2024-01-25,2024-01-25 11:43:00,330.54,330.55,330.54,330.55,0.0,132.07,43626.12,1
2024-01-25,2024-01-25 11:44:00,330.55,330.56,330.55,330.56,0.0,132.07,43626.12,1
2024-01-25,2024-01-25 11:45:00,330.56,330.57,330.56,330.57,0.0,132.07,43626.12,1
2024-01-25,2024-01-25 11:46:00,330.57,330.59,330.57,330.59,0.01,132.07,43626.12,1
2024-01-25,2024-01-25 11:47:00,330.59,330.6,330.59,330.6,0.0,132.07,43626.12,1
2024-01-25,2024-01-25 11:48:00,330.6,330.61,330.6,330.61,0.0,132.07,43626.12,1
2024-01-25,2024-01-25 11:49:00,330.61,330.62,330.61,330.62,0.0,132.07,43626.12,1
2024-01-25,2024-01-25 11:50:00,330.62,330.64,330.62,330.64,0.01,132.07,43626.12,1
2024-01-25,2024-01-25 11:51:00,330.64,330.65,330.64,330.65,0.0,132.07,43626.12,1
2024-01-25,2024-01-25 11:52:00,330.65,330.66,330.65,330.66,0.0,132.07,43626.12,1
2024-01-25,2024-01-25 11:53:00,330.66,330.68,330.66,330.68,0.01,132.07,43626.12,1
2024-01-25,2024-01-25 11:54:00,330.68,330.69,330.68,330.69,0.0,132.07,43626.12,1
2024-01-25,2024-01-25 11:55:00,330.69,330.7,330.69,330.7,0.0,132.07,43626.12,1
2024-01-25,2024-01-25 11:56:00,330.7,330.71,330.7,330.71,0.0,132.07,43626.12,1
2024-01-25,2024-01-25 11:57:00,330.71,330.73,330.71,330.73,0.01,132.07,43626.12,1
2024-01-25,2024-01-25 11:58:00,330.73,330.74,330.73,330.74,0.0,132.07,43626.12,1
2024-01-25,2024-01-25 11:59:00,330.74,330.75,330.74,330.75,0.0,132.07,43626.12,1
2024-01-25,2024-01-25 12:00:00,330.75,330.76,330.75,330.76,0.0,132.07,43626.12,1
2024-01-25,2024-01-25 12:01:00,330.76,330.77,330.76,330.77,0.0,132.07,43626.12,1
2024-01-25,2024-01-25 12:02:00,330.77,330.79,330.77,330.79,0.01,132.07,43626.12,1
2024-01-25,2024-01-25 12:03:00,330.79,330.8,330.79,330.8,0.0,132.07,43626.12,1
2024-01-25,2024-01-25 12:04:00,330.8,330.81,330.8,330.81,0.0,132.07,43626.12,1
2024-01-25,2024-01-25 12:05:00,330.81,330.82,330.81,330.82,0.0,132.07,43626.12,1
2024-01-25,2024-01-25 12:06:00,330.82,330.84,330.82,330.84,0.01,132.07,43626.12,1
2024-01-25,2024-01-25 12:07:00,330.84,330.85,330.84,330.85,0.0,132.07,43626.12,1
2024-01-25,2024-01-25 12:08:00,330.85,330.86,330.85,330.86,0.0,132.07,43626.12,1
2024-01-25,2024-01-25 12:09:00,330.86,330.88,330.86,330.88,0.01,132.07,43626.12,1
2024-01-25,2024-01-25 12:10:00,330.88,330.89,330.88,330.89,0.0,132.07,43626.12,1
2024-01-25,2024-01-25 12:11:00,330.89,330.9,330.89,330.9,0.0,132.07,43626.12,1
2024-01-25,2024-01-25 12:12:00,330.9,330.91,330.9,330.91,0.0,132.07,43626.12,1
2024-01-25,2024-01-25 12:13:00,330.91,330.93,330.91,330.93,0.01,132.07,43626.12,1
2024-01-25,2024-01-25 12:14:00,330.93,330.94,330.93,330.94,0.0,132.07,43626.12,1
2024-01-25,2024-01-25 12:15:00,330.94,330.95,330.94,330.95,0.0,132.07,43626.12,1
2024-01-25,2024-01-25 12:16:00,330.95,330.96,330.95,330.96,0.0,132.07,43626.12,1
2024-01-25,2024-01-25 12:17:00,330.96,330.98,330.96,330.98,0.01,132.07,43626.12,1
2024-01-25,2024-01-25 12:18:00,330.98,330.99,330.98,330.99,0.0,132.07,43626.12,1
2024-01-25,2024-01-25 12:19:00,330.99,331.0,330.99,331.0,0.0,132.07,43626.12,1
2024-01-25,2024-01-25 12:20:00,331.0,331.01,331.0,331.01,0.0,132.07,43626.12,1
2024-01-25,2024-01-25 12:21:00,331.01,331.02,331.01,331.02,0.0,132.07,43626.12,1
2024-01-25,2024-01-25 12:22:00,331.02,331.04,331.02,331.04,0.01,132.07,43626.12,1
2024-01-25,2024-01-25 12:23:00,331.04,331.05,331.04,331.05,0.0,132.07,43626.12,1
2024-01-25,2024-01-25 12:24:00,331.05,331.06,331.05,331.06,0.0,132.07,43626.12,1
2024-01-25,2024-01-25 12:25:00,331.06,331.07,331.06,331.07,0.0,132.07,43626.12,1
2024-01-25,2024-01-25 12:26:00,331.07,331.09,331.07,331.09,0.01,132.07,43626.12,1
2024-01-25,2024-01-25 12:27:00,331.09,331.1,331.09,331.1,0.0,132.07,43626.12,1
2024-01-25,2024-01-25 12:28:00,331.1,331.11,331.1,331.11,0.0,132.07,43626.12,1
2024-01-25,2024-01-25 12:29:00,331.11,331.12,331.11,331.12,0.0,132.07,43626.12,1
2024-01-25,2024-01-25 12:30:00,331.12,331.14,331.12,331.14,0.01,132.07,43626.12,1
2024-01-25,2024-01-25 12:31:00,331.14,331.15,331.14,331.15,0.0,132.07,43626.12,1
2024-01-25,2024-01-25 12:32:00,331.15,331.16,331.15,331.16,0.0,132.07,43626.12,1
2024-01-25,2024-01-25 12:33:00,331.16,331.18,331.16,331.18,0.01,132.07,43626.12,1
2024-01-25,2024-01-25 12:34:00,331.18,331.19,331.18,331.19,0.0,132.07,43626.12,1
2024-01-25,2024-01-25 12:35:00,331.19,331.2,331.19,331.2,0.0,132.07,43626.12,1
2024-01-25,2024-01-25 12:36:00,331.2,331.21,331.2,331.21,0.0,132.07,43626.12,1
2024-01-25,2024-01-25 12:37:00,331.21,331.23,331.21,331.23,0.01,132.07,43626.12,1
2024-01-25,2024-01-25 12:38:00,331.23,331.24,331.23,331.24,0.0,132.07,43626.12,1
2024-01-25,2024-01-25 12:39:00,331.24,331.25,331.24,331.25,0.0,132.07,43626.12,1
2024-01-25,2024-01-25 12:40:00,331.25,331.26,331.25,331.26,0.0,132.07,43626.12,1
2024-01-25,2024-01-25 12:41:00,331.26,331.27,331.26,331.27,0.0,132.07,43626.12,1
2024-01-25,2024-01-25 12:42:00,331.27,331.29,331.27,331.29,0.01,132.07,43626.12,1
2024-01-25,2024-01-25 12:43:00,331.29,331.3,331.29,331.3,0.0,132.07,43626.12,1
2024-01-25,2024-01-25 12:44:00,331.3,331.31,331.3,331.31,0.0,132.07,43626.12,1
2024-01-25,2024-01-25 12:45:00,331.31,331.32,331.31,331.32,0.0,132.07,43626.12,1
2024-01-25,2024-01-25 12:46:00,331.32,331.34,331.32,331.34,0.01,132.07,43626.12,1
2024-01-25,2024-01-25 12:47:00,331.34,331.35,331.34,331.35,0.0,132.07,43626.12,1
2024-01-25,2024-01-25 12:48:00,331.35,331.36,331.35,331.36,0.0,132.07,43626.12,1
2024-01-25,2024-01-25 12:49:00,331.36,331.38,331.36,331.38,0.01,132.07,43626.12,1
2024-01-25,2024-01-25 12:50:00,331.38,331.39,331.38,331.39,0.0,132.07,43626.12,1
2024-01-25,2024-01-25 12:51:00,331.39,331.4,331.39,331.4,0.0,132.07,43626.12,1
2024-01-25,2024-01-25 12:52:00,331.4,331.41,331.4,331.41,0.0,132.07,43626.12,1
2024-01-25,2024-01-25 12:53:00,331.41,331.43,331.41,331.43,0.01,132.07,43626.12,1
2024-01-25,2024-01-25 12:54:00,331.43,331.44,331.43,331.44,0.0,132.07,43626.12,1
2024-01-25,2024-01-25 12:55:00,331.44,331.45,331.44,331.45,0.0,132.07,43626.12,1
2024-01-25,2024-01-25 12:56:00,331.45,331.46,331.45,331.46,0.0,132.07,43626.12,1
2024-01-25,2024-01-25 12:57:00,331.46,331.48,331.46,331.48,0.01,132.07,43626.12,1
2024-01-25,2024-01-25 12:58:00,331.48,331.49,331.48,331.49,0.0,132.07,43626.12,1
2024-01-25,2024-01-25 12:59:00,331.49,331.5,331.49,331.5,0.0,132.07,43626.12,1
2024-01-25,2024-01-25 13:00:00,331.5,336.0,317.5,331.51,0.0,132.07,43626.12,1
2024-01-25,2024-01-25 13:01:00,331.51,331.52,331.51,331.52,0.0,132.07,43626.12,1
2024-01-25,2024-01-25 13:02:00,331.52,331.54,331.52,331.54,0.01,132.07,43626.12,1
2024-01-25,2024-01-25 13:03:00,331.54,331.55,331.54,331.55,0.0,132.07,43626.12,1
2024-01-25,2024-01-25 13:04:00,331.55,331.56,331.55,331.56,0.0,132.07,43626.12,1
2024-01-25,2024-01-25 13:05:00,331.56,331.57,331.56,331.57,0.0,132.07,43626.12,1
2024-01-25,2024-01-25 13:06:00,331.57,331.59,331.57,331.59,0.01,132.07,43626.12,1
2024-01-25,2024-01-25 13:07:00,331.59,331.6,331.59,331.6,0.0,132.07,43626.12,1
2024-01-25,2024-01-25 13:08:00,331.6,331.61,331.6,331.61,0.0,132.07,43626.12,1
2024-01-25,2024-01-25 13:09:00,331.61,331.62,331.61,331.62,0.0,132.07,43626.12,1
2024-01-25,2024-01-25 13:10:00,331.62,331.64,331.62,331.64,0.01,132.07,43626.12,1
2024-01-25,2024-01-25 13:11:00,331.64,331.65,331.64,331.65,0.0,132.07,43626.12,1
2024-01-25,2024-01-25 13:12:00,331.65,331.66,331.65,331.66,0.0,132.07,43626.12,1
2024-01-25,2024-01-25 13:13:00,331.66,331.68,331.66,331.68,0.01,132.07,43626.12,1
2024-01-25,2024-01-25 13:14:00,331.68,331.69,331.68,331.69,0.0,132.07,43626.12,1
2024-01-25,2024-01-25 13:15:00,331.69,331.7,331.69,331.7,0.0,132.07,43626.12,1
2024-01-25,2024-01-25 13:16:00,331.7,331.71,331.7,331.71,0.0,132.07,43626.12,1
2024-01-25,2024-01-25 13:17:00,331.71,331.73,331.71,331.73,0.01,132.07,43626.12,1
2024-01-25,2024-01-25 13:18:00,331.73,331.74,331.73,331.74,0.0,132.07,43626.12,1
2024-01-25,2024-01-25 13:19:00,331.74,331.75,331.74,331.75,0.0,132.07,43626.12,1
2024-01-25,2024-01-25 13:20:00,331.75,331.76,331.75,331.76,0.0,132.07,43626.12,1
2024-01-25,2024-01-25 13:21:00,331.76,331.77,331.76,331.77,0.0,132.07,43626.12,1
2024-01-25,2024-01-25 13:22:00,331.77,331.79,331.77,331.79,0.01,132.07,43626.12,1
2024-01-25,2024-01-25 13:23:00,331.79,331.8,331.79,331.8,0.0,132.07,43626.12,1
2024-01-25,2024-01-25 13:24:00,331.8,331.81,331.8,331.81,0.0,132.07,43626.12,1
2024-01-25,2024-01-25 13:25:00,331.81,331.82,331.81,331.82,0.0,132.07,43626.12,1
2024-01-25,2024-01-25 13:26:00,331.82,331.84,331.82,331.84,0.01,132.07,43626.12,1
2024-01-25,2024-01-25 13:27:00,331.84,331.85,331.84,331.85,0.0,132.07,43626.12,1
2024-01-25,2024-01-25 13:28:00,331.85,331.86,331.85,331.86,0.0,132.07,43626.12,1
2024-01-25,2024-01-25 13:29:00,331.86,331.88,331.86,331.88,0.01,132.07,43626.12,1
2024-01-25,2024-01-25 13:30:00,331.88,331.89,331.88,331.89,0.0,132.07,43626.12,1
2024-01-25,2024-01-25 13:31:00,331.89,331.9,331.89,331.9,0.0,132.07,43626.12,1
2024-01-25,2024-01-25 13:32:00,331.9,331.91,331.9,331.91,0.0,132.07,43626.12,1
2024-01-25,2024-01-25 13:33:00,331.91,331.93,331.91,331.93,0.01,132.07,43626.12,1
2024-01-25,2024-01-25 13:34:00,331.93,331.94,331.93,331.94,0.0,132.07,43626.12,1
2024-01-25,2024-01-25 13:35:00,331.94,331.95,331.94,331.95,0.0,132.07,43626.12,1
2024-01-25,2024-01-25 13:36:00,331.95,331.96,331.95,331.96,0.0,132.07,43626.12,1
2024-01-25,2024-01-25 13:37:00,331.96,331.98,331.96,331.98,0.01,132.07,43626.12,1
2024-01-25,2024-01-25 13:38:00,331.98,331.99,331.98,331.99,0.0,132.07,43626.12,1
2024-01-25,2024-01-25 13:39:00,331.99,332.0,331.99,332.0,0.0,132.07,43626.12,1
2024-01-25,2024-01-25 13:40:00,332.0,332.01,332.0,332.01,0.0,132.07,43626.12,1
2024-01-25,2024-01-25 13:41:00,332.01,332.02,332.01,332.02,0.0,132.07,43626.12,1
2024-01-25,2024-01-25 13:42:00,332.02,332.04,332.02,332.04,0.01,132.07,43626.12,1
2024-01-25,2024-01-25 13:43:00,332.04,332.05,332.04,332.05,0.0,132.07,43626.12,1
2024-01-25,2024-01-25 13:44:00,332.05,332.06,332.05,332.06,0.0,132.07,43626.12,1
2024-01-25,2024-01-25 13:45:00,332.06,332.07,332.06,332.07,0.0,132.07,43626.12,1
2024-01-25,2024-01-25 13:46:00,332.07,332.09,332.07,332.09,0.01,132.07,43626.12,1
2024-01-25,2024-01-25 13:47:00,332.09,332.1,332.09,332.1,0.0,132.07,43626.12,1
2024-01-25,2024-01-25 13:48:00,332.1,332.11,332.1,332.11,0.0,132.07,43626.12,1
2024-01-25,2024-01-25 13:49:00,332.11,332.12,332.11,332.12,0.0,132.07,43626.12,1
2024-01-25,2024-01-25 13:50:00,332.12,332.14,332.12,332.14,0.01,132.07,43626.12,1
2024-01-25,2024-01-25 13:51:00,332.14,332.15,332.14,332.15,0.0,132.07,43626.12,1
2024-01-25,2024-01-25 13:52:00,332.15,332.16,332.15,332.16,0.0,132.07,43626.12,1
2024-01-25,2024-01-25 13:53:00,332.16,332.18,332.16,332.18,0.01,132.07,43626.12,1
2024-01-25,2024-01-25 13:54:00,332.18,332.19,332.18,332.19,0.0,132.07,43626.12,1
2024-01-25,2024-01-25 13:55:00,332.19,332.2,332.19,332.2,0.0,132.07,43626.12,1
2024-01-25,2024-01-25 13:56:00,332.2,332.21,332.2,332.21,0.0,132.07,43626.12,1
2024-01-25,2024-01-25 13:57:00,332.21,332.23,332.21,332.23,0.01,132.07,43626.12,1
2024-01-25,2024-01-25 13:58:00,332.23,332.24,332.23,332.24,0.0,132.07,43626.12,1
2024-01-25,2024-01-25 13:59:00,332.24,332.25,332.24,332.25,0.0,132.07,43626.12,1
2024-01-25,2024-01-25 14:00:00,332.25,332.26,332.25,332.26,0.0,132.07,43626.12,1
2024-01-25,2024-01-25 14:01:00,332.26,332.27,332.26,332.27,0.0,132.07,43626.12,1
2024-01-25,2024-01-25 14:02:00,332.27,332.29,332.27,332.29,0.01,132.07,43626.12,1
2024-01-25,2024-01-25 14:03:00,332.29,332.3,332.29,332.3,0.0,132.07,43626.12,1
2024-01-25,2024-01-25 14:04:00,332.3,332.31,332.3,332.31,0.0,132.07,43626.12,1
2024-01-25,2024-01-25 14:05:00,332.31,332.32,332.31,332.32,0.0,132.07,43626.12,1
2024-01-25,2024-01-25 14:06:00,332.32,332.34,332.32,332.34,0.01,132.07,43626.12,1
2024-01-25,2024-01-25 14:07:00,332.34,332.35,332.34,332.35,0.0,132.07,43626.12,1
2024-01-25,2024-01-25 14:08:00,332.35,332.36,332.35,332.36,0.0,132.07,43626.12,1
2024-01-25,2024-01-25 14:09:00,332.36,332.38,332.36,332.38,0.01,132.07,43626.12,1
2024-01-25,2024-01-25 14:10:00,332.38,332.39,332.38,332.39,0.0,132.07,43626.12,1
2024-01-25,2024-01-25 14:11:00,332.39,332.4,332.39,332.4,0.0,132.07,43626.12,1
2024-01-25,2024-01-25 14:12:00,332.4,332.41,332.4,332.41,0.0,132.07,43626.12,1
2024-01-25,2024-01-25 14:13:00,332.41,332.43,332.41,332.43,0.01,132.07,43626.12,1
2024-01-25,2024-01-25 14:14:00,332.43,332.44,332.43,332.44,0.0,132.07,43626.12,1
2024-01-25,2024-01-25 14:15:00,332.44,332.45,332.44,332.45,0.0,132.07,43626.12,1
2024-01-25,2024-01-25 14:16:00,332.45,332.46,332.45,332.46,0.0,132.07,43626.12,1
2024-01-25,2024-01-25 14:17:00,332.46,332.48,332.46,332.48,0.01,132.07,43626.12,1
2024-01-25,2024-01-25 14:18:00,332.48,332.49,332.48,332.49,0.0,132.07,43626.12,1
2024-01-25,2024-01-25 14:19:00,332.49,332.5,332.49,332.5,0.0,132.07,43626.12,1
2024-01-25,2024-01-25 14:20:00,332.5,332.51,332.5,332.51,0.0,132.07,43626.12,1
2024-01-25,2024-01-25 14:21:00,332.51,332.52,332.51,332.52,0.0,132.07,43626.12,1
2024-01-25,2024-01-25 14:22:00,332.52,332.54,332.52,332.54,0.01,132.07,43626.12,1
2024-01-25,2024-01-25 14:23:00,332.54,332.55,332.54,332.55,0.0,132.07,43626.12,1
2024-01-25,2024-01-25 14:24:00,332.55,332.56,332.55,332.56,0.0,132.07,43626.12,1
2024-01-25,2024-01-25 14:25:00,332.56,332.57,332.56,332.57,0.0,132.07,43626.12,1
2024-01-25,2024-01-25 14:26:00,332.57,332.59,332.57,332.59,0.01,132.07,43626.12,1
2024-01-25,2024-01-25 14:27:00,332.59,332.6,332.59,332.6,0.0,132.07,43626.12,1
2024-01-25,2024-01-25 14:28:00,332.6,332.61,332.6,332.61,0.0,132.07,43626.12,1
2024-01-25,2024-01-25 14:29:00,332.61,332.62,332.61,332.62,0.0,132.07,43626.12,1
2024-01-25,2024-01-25 14:30:00,332.62,332.64,332.62,332.64,0.01,132.07,43626.12,1
2024-01-25,2024-01-25 14:31:00,332.64,332.65,332.64,332.65,0.0,132.07,43626.12,1
2024-01-25,2024-01-25 14:32:00,332.65,332.66,332.65,332.66,0.0,132.07,43626.12,1
2024-01-25,2024-01-25 14:33:00,332.66,332.68,332.66,332.68,0.01,132.07,43626.12,1
2024-01-25,2024-01-25 14:34:00,332.68,332.69,332.68,332.69,0.0,132.07,43626.12,1
2024-01-25,2024-01-25 14:35:00,332.69,332.7,332.69,332.7,0.0,132.07,43626.12,1
2024-01-25,2024-01-25 14:36:00,332.7,332.71,332.7,332.71,0.0,132.07,43626.12,1
2024-01-25,2024-01-25 14:37:00,332.71,332.73,332.71,332.73,0.01,132.07,43626.12,1
2024-01-25,2024-01-25 14:38:00,332.73,332.74,332.73,332.74,0.0,132.07,43626.12,1
2024-01-25,2024-01-25 14:39:00,332.74,332.75,332.74,332.75,0.0,132.07,43626.12,1
2024-01-25,2024-01-25 14:40:00,332.75,332.76,332.75,332.76,0.0,132.07,43626.12,1
2024-01-25,2024-01-25 14:41:00,332.76,332.77,332.76,332.77,0.0,132.07,43626.12,1
2024-01-25,2024-01-25 14:42:00,332.77,332.79,332.77,332.79,0.01,132.07,43626.12,1
2024-01-25,2024-01-25 14:43:00,332.79,332.8,332.79,332.8,0.0,132.07,43626.12,1
2024-01-25,2024-01-25 14:44:00,332.8,332.81,332.8,332.81,0.0,132.07,43626.12,1
2024-01-25,2024-01-25 14:45:00,332.81,332.82,332.81,332.82,0.0,132.07,43626.12,1
2024-01-25,2024-01-25 14:46:00,332.82,332.84,332.82,332.84,0.01,132.07,43626.12,1
2024-01-25,2024-01-25 14:47:00,332.84,332.85,332.84,332.85,0.0,132.07,43626.12,1
2024-01-25,2024-01-25 14:48:00,332.85,332.86,332.85,332.86,0.0,132.07,43626.12,1
2024-01-25,2024-01-25 14:49:00,332.86,332.88,332.86,332.88,0.01,132.07,43626.12,1
2024-01-25,2024-01-25 14:50:00,332.88,332.89,332.88,332.89,0.0,132.07,43626.12,1
2024-01-25,2024-01-25 14:51:00,332.89,332.9,332.89,332.9,0.0,132.07,43626.12,1
2024-01-25,2024-01-25 14:52:00,332.9,332.91,332.9,332.91,0.0,132.07,43626.12,1
2024-01-25,2024-01-25 14:53:00,332.91,332.93,332.91,332.93,0.01,132.07,43626.12,1
2024-01-25,2024-01-25 14:54:00,332.93,332.94,332.93,332.94,0.0,132.07,43626.12,1
2024-01-25,2024-01-25 14:55:00,332.94,332.95,332.94,332.95,0.0,132.07,43626.12,1
2024-01-25,2024-01-25 14:56:00,332.95,332.96,332.95,332.96,0.0,132.07,43626.12,1
2024-01-25,2024-01-25 14:57:00,332.96,332.98,332.96,332.98,0.01,132.07,43626.12,1
2024-01-25,2024-01-25 14:58:00,332.98,332.99,332.98,332.99,0.0,132.07,43626.12,1
2024-01-25,2024-01-25 14:59:00,332.99,333.0,332.99,333.0,0.0,132.07,43626.12,1
2024-01-25,2024-01-25 15:00:00,333.0,336.0,317.5,333.0,0.0,132.07,43626.12,0
2024-01-28,2024-01-28 11:00:00,333.0,338.7,329.4,333.02,0.01,65.36,21594.92,1
2024-01-28,2024-01-28 11:01:00,333.02,333.03,333.02,333.03,0.0,65.36,21594.92,1
2024-01-28,2024-01-28 11:02:00,333.03,333.05,333.03,333.05,0.01,65.36,21594.92,1
2024-01-28,2024-01-28 11:03:00,333.05,333.07,333.05,333.07,0.01,65.36,21594.92,1
2024-01-28,2024-01-28 11:04:00,333.07,333.08,333.07,333.08,0.0,65.36,21594.92,1
2024-01-28,2024-01-28 11:05:00,333.08,333.1,333.08,333.1,0.01,65.36,21594.92,1
2024-01-28,2024-01-28 11:06:00,333.1,333.12,333.1,333.12,0.01,65.36,21594.92,1
2024-01-28,2024-01-28 11:07:00,333.12,333.13,333.12,333.13,0.0,65.36,21594.92,1
2024-01-28,2024-01-28 11:08:00,333.13,333.15,333.13,333.15,0.01,65.36,21594.92,1
2024-01-28,2024-01-28 11:09:00,333.15,333.17,333.15,333.17,0.01,65.36,21594.92,1
2024-01-28,2024-01-28 11:10:00,333.17,333.18,333.17,333.18,0.0,65.36,21594.92,1
2024-01-28,2024-01-28 11:11:00,333.18,333.2,333.18,333.2,0.01,65.36,21594.92,1
2024-01-28,2024-01-28 11:12:00,333.2,333.22,333.2,333.22,0.01,65.36,21594.92,1
2024-01-28,2024-01-28 11:13:00,333.22,333.23,333.22,333.23,0.0,65.36,21594.92,1
2024-01-28,2024-01-28 11:14:00,333.23,333.25,333.23,333.25,0.01,65.36,21594.92,1
2024-01-28,2024-01-28 11:15:00,333.25,333.27,333.25,333.27,0.01,65.36,21594.92,1
2024-01-28,2024-01-28 11:16:00,333.27,333.28,333.27,333.28,0.0,65.36,21594.92,1
2024-01-28,2024-01-28 11:17:00,333.28,333.3,333.28,333.3,0.01,65.36,21594.92,1
2024-01-28,2024-01-28 11:18:00,333.3,333.32,333.3,333.32,0.01,65.36,21594.92,1
2024-01-28,2024-01-28 11:19:00,333.32,333.33,333.32,333.33,0.0,65.36,21594.92,1
2024-01-28,2024-01-28 11:20:00,333.33,333.35,333.33,333.35,0.01,65.36,21594.92,1
2024-01-28,2024-01-28 11:21:00,333.35,333.37,333.35,333.37,0.01,65.36,21594.92,1
2024-01-28,2024-01-28 11:22:00,333.37,333.38,333.37,333.38,0.0,65.36,21594.92,1
2024-01-28,2024-01-28 11:23:00,333.38,333.4,333.38,333.4,0.01,65.36,21594.92,1
2024-01-28,2024-01-28 11:24:00,333.4,333.42,333.4,333.42,0.01,65.36,21594.92,1
2024-01-28,2024-01-28 11:25:00,333.42,333.43,333.42,333.43,0.0,65.36,21594.92,1
2024-01-28,2024-01-28 11:26:00,333.43,333.45,333.43,333.45,0.01,65.36,21594.92,1
2024-01-28,2024-01-28 11:27:00,333.45,333.47,333.45,333.47,0.01,65.36,21594.92,1
2024-01-28,2024-01-28 11:28:00,333.47,333.48,333.47,333.48,0.0,65.36,21594.92,1
2024-01-28,2024-01-28 11:29:00,333.48,333.5,333.48,333.5,0.01,65.36,21594.92,1
2024-01-28,2024-01-28 11:30:00,333.5,333.52,333.5,333.52,0.01,65.36,21594.92,1
2024-01-28,2024-01-28 11:31:00,333.52,333.53,333.52,333.53,0.0,65.36,21594.92,1
2024-01-28,2024-01-28 11:32:00,333.53,333.55,333.53,333.55,0.01,65.36,21594.92,1
2024-01-28,2024-01-28 11:33:00,333.55,333.57,333.55,333.57,0.01,65.36,21594.92,1
2024-01-28,2024-01-28 11:34:00,333.57,333.58,333.57,333.58,0.0,65.36,21594.92,1
2024-01-28,2024-01-28 11:35:00,333.58,333.6,333.58,333.6,0.01,65.36,21594.92,1
2024-01-28,2024-01-28 11:36:00,333.6,333.62,333.6,333.62,0.01,65.36,21594.92,1
2024-01-28,2024-01-28 11:37:00,333.62,333.63,333.62,333.63,0.0,65.36,21594.92,1
2024-01-28,2024-01-28 11:38:00,333.63,333.65,333.63,333.65,0.01,65.36,21594.92,1
2024-01-28,2024-01-28 11:39:00,333.65,333.67,333.65,333.67,0.01,65.36,21594.92,1
2024-01-28,2024-01-28 11:40:00,333.67,333.68,333.67,333.68,0.0,65.36,21594.92,1
2024-01-28,2024-01-28 11:41:00,333.68,333.7,333.68,333.7,0.01,65.36,21594.92,1
2024-01-28,2024-01-28 11:42:00,333.7,333.72,333.7,333.72,0.01,65.36,21594.92,1
2024-01-28,2024-01-28 11:43:00,333.72,333.73,333.72,333.73,0.0,65.36,21594.92,1
2024-01-28,2024-01-28 11:44:00,333.73,333.75,333.73,333.75,0.01,65.36,21594.92,1
2024-01-28,2024-01-28 11:45:00,333.75,333.77,333.75,333.77,0.01,65.36,21594.92,1
2024-01-28,2024-01-28 11:46:00,333.77,333.78,333.77,333.78,0.0,65.36,21594.92,1
2024-01-28,2024-01-28 11:47:00,333.78,333.8,333.78,333.8,0.01,65.36,21594.92,1
2024-01-28,2024-01-28 11:48:00,333.8,333.82,333.8,333.82,0.01,65.36,21594.92,1
2024-01-28,2024-01-28 11:49:00,333.82,333.83,333.82,333.83,0.0,65.36,21594.92,1
2024-01-28,2024-01-28 11:50:00,333.83,333.85,333.83,333.85,0.01,65.36,21594.92,1
2024-01-28,2024-01-28 11:51:00,333.85,333.87,333.85,333.87,0.01,65.36,21594.92,1
2024-01-28,2024-01-28 11:52:00,333.87,333.88,333.87,333.88,0.0,65.36,21594.92,1
2024-01-28,2024-01-28 11:53:00,333.88,333.9,333.88,333.9,0.01,65.36,21594.92,1
2024-01-28,2024-01-28 11:54:00,333.9,333.92,333.9,333.92,0.01,65.36,21594.92,1
2024-01-28,2024-01-28 11:55:00,333.92,333.93,333.92,333.93,0.0,65.36,21594.92,1
2024-01-28,2024-01-28 11:56:00,333.93,333.95,333.93,333.95,0.01,65.36,21594.92,1
2024-01-28,2024-01-28 11:57:00,333.95,333.97,333.95,333.97,0.01,65.36,21594.92,1
2024-01-28,2024-01-28 11:58:00,333.97,333.98,333.97,333.98,0.0,65.36,21594.92,1
2024-01-28,2024-01-28 11:59:00,333.98,334.0,333.98,334.0,0.01,65.36,21594.92,1
2024-01-28,2024-01-28 12:00:00,334.0,334.02,334.0,334.02,0.01,65.36,21594.92,1
2024-01-28,2024-01-28 12:01:00,334.02,334.03,334.02,334.03,0.0,65.36,21594.92,1
2024-01-28,2024-01-28 12:02:00,334.03,334.05,334.03,334.05,0.01,65.36,21594.92,1
2024-01-28,2024-01-28 12:03:00,334.05,334.07,334.05,334.07,0.01,65.36,21594.92,1
2024-01-28,2024-01-28 12:04:00,334.07,334.08,334.07,334.08,0.0,65.36,21594.92,1
2024-01-28,2024-01-28 12:05:00,334.08,334.1,334.08,334.1,0.01,65.36,21594.92,1
2024-01-28,2024-01-28 12:06:00,334.1,334.12,334.1,334.12,0.01,65.36,21594.92,1
2024-01-28,2024-01-28 12:07:00,334.12,334.13,334.12,334.13,0.0,65.36,21594.92,1
2024-01-28,2024-01-28 12:08:00,334.13,334.15,334.13,334.15,0.01,65.36,21594.92,1
2024-01-28,2024-01-28 12:09:00,334.15,334.17,334.15,334.17,0.01,65.36,21594.92,1
2024-01-28,2024-01-28 12:10:00,334.17,334.18,334.17,334.18,0.0,65.36,21594.92,1
2024-01-28,2024-01-28 12:11:00,334.18,334.2,334.18,334.2,0.01,65.36,21594.92,1
2024-01-28,2024-01-28 12:12:00,334.2,334.22,334.2,334.22,0.01,65.36,21594.92,1
2024-01-28,2024-01-28 12:13:00,334.22,334.23,334.22,334.23,0.0,65.36,21594.92,1
2024-01-28,2024-01-28 12:14:00,334.23,334.25,334.23,334.25,0.01,65.36,21594.92,1
2024-01-28,2024-01-28 12:15:00,334.25,334.27,334.25,334.27,0.01,65.36,21594.92,1
2024-01-28,2024-01-28 12:16:00,334.27,334.28,334.27,334.28,0.0,65.36,21594.92,1
2024-01-28,2024-01-28 12:17:00,334.28,334.3,334.28,334.3,0.01,65.36,21594.92,1
2024-01-28,2024-01-28 12:18:00,334.3,334.32,334.3,334.32,0.01,65.36,21594.92,1
2024-01-28,2024-01-28 12:19:00,334.32,334.33,334.32,334.33,0.0,65.36,21594.92,1
2024-01-28,2024-01-28 12:20:00,334.33,334.35,334.33,334.35,0.01,65.36,21594.92,1
2024-01-28,2024-01-28 12:21:00,334.35,334.37,334.35,334.37,0.01,65.36,21594.92,1
2024-01-28,2024-01-28 12:22:00,334.37,334.38,334.37,334.38,0.0,65.36,21594.92,1
2024-01-28,2024-01-28 12:23:00,334.38,334.4,334.38,334.4,0.01,65.36,21594.92,1
2024-01-28,2024-01-28 12:24:00,334.4,334.42,334.4,334.42,0.01,65.36,21594.92,1
2024-01-28,2024-01-28 12:25:00,334.42,334.43,334.42,334.43,0.0,65.36,21594.92,1
2024-01-28,2024-01-28 12:26:00,334.43,334.45,334.43,334.45,0.01,65.36,21594.92,1
2024-01-28,2024-01-28 12:27:00,334.45,334.47,334.45,334.47,0.01,65.36,21594.92,1
2024-01-28,2024-01-28 12:28:00,334.47,334.48,334.47,334.48,0.0,65.36,21594.92,1
2024-01-28,2024-01-28 12:29:00,334.48,334.5,334.48,334.5,0.01,65.36,21594.92,1
2024-01-28,2024-01-28 12:30:00,334.5,334.52,334.5,334.52,0.01,65.36,21594.92,1
2024-01-28,2024-01-28 12:31:00,334.52,334.53,334.52,334.53,0.0,65.36,21594.92,1
2024-01-28,2024-01-28 12:32:00,334.53,334.55,334.53,334.55,0.01,65.36,21594.92,1
2024-01-28,2024-01-28 12:33:00,334.55,334.57,334.55,334.57,0.01,65.36,21594.92,1
2024-01-28,2024-01-28 12:34:00,334.57,334.58,334.57,334.58,0.0,65.36,21594.92,1
2024-01-28,2024-01-28 12:35:00,334.58,334.6,334.58,334.6,0.01,65.36,21594.92,1
2024-01-28,2024-01-28 12:36:00,334.6,334.62,334.6,334.62,0.01,65.36,21594.92,1
2024-01-28,2024-01-28 12:37:00,334.62,334.63,334.62,334.63,0.0,65.36,21594.92,1
2024-01-28,2024-01-28 12:38:00,334.63,334.65,334.63,334.65,0.01,65.36,21594.92,1
2024-01-28,2024-01-28 12:39:00,334.65,334.67,334.65,334.67,0.01,65.36,21594.92,1
2024-01-28,2024-01-28 12:40:00,334.67,334.68,334.67,334.68,0.0,65.36,21594.92,1
2024-01-28,2024-01-28 12:41:00,334.68,334.7,334.68,334.7,0.01,65.36,21594.92,1
2024-01-28,2024-01-28 12:42:00,334.7,334.72,334.7,334.72,0.01,65.36,21594.92,1
2024-01-28,2024-01-28 12:43:00,334.72,334.73,334.72,334.73,0.0,65.36,21594.92,1
2024-01-28,2024-01-28 12:44:00,334.73,334.75,334.73,334.75,0.01,65.36,21594.92,1
2024-01-28,2024-01-28 12:45:00,334.75,334.77,334.75,334.77,0.01,65.36,21594.92,1
2024-01-28,2024-01-28 12:46:00,334.77,334.78,334.77,334.78,0.0,65.36,21594.92,1
2024-01-28,2024-01-28 12:47:00,334.78,334.8,334.78,334.8,0.01,65.36,21594.92,1
2024-01-28,2024-01-28 12:48:00,334.8,334.82,334.8,334.82,0.01,65.36,21594.92,1
2024-01-28,2024-01-28 12:49:00,334.82,334.83,334.82,334.83,0.0,65.36,21594.92,1
2024-01-28,2024-01-28 12:50:00,334.83,334.85,334.83,334.85,0.01,65.36,21594.92,1
2024-01-28,2024-01-28 12:51:00,334.85,334.87,334.85,334.87,0.01,65.36,21594.92,1
2024-01-28,2024-01-28 12:52:00,334.87,334.88,334.87,334.88,0.0,65.36,21594.92,1
2024-01-28,2024-01-28 12:53:00,334.88,334.9,334.88,334.9,0.01,65.36,21594.92,1
2024-01-28,2024-01-28 12:54:00,334.9,334.92,334.9,334.92,0.01,65.36,21594.92,1
2024-01-28,2024-01-28 12:55:00,334.92,334.93,334.92,334.93,0.0,65.36,21594.92,1
2024-01-28,2024-01-28 12:56:00,334.93,334.95,334.93,334.95,0.01,65.36,21594.92,1
2024-01-28,2024-01-28 12:57:00,334.95,334.97,334.95,334.97,0.01,65.36,21594.92,1
2024-01-28,2024-01-28 12:58:00,334.97,334.98,334.97,334.98,0.0,65.36,21594.92,1
2024-01-28,2024-01-28 12:59:00,334.98,335.0,334.98,335.0,0.01,65.36,21594.92,1
2024-01-28,2024-01-28 13:00:00,335.0,352.0,321.0,335.02,0.01,65.36,21594.92,1
2024-01-28,2024-01-28 13:01:00,335.02,335.03,335.02,335.03,0.0,65.36,21594.92,1
2024-01-28,2024-01-28 13:02:00,335.03,335.05,335.03,335.05,0.01,65.36,21594.92,1
2024-01-28,2024-01-28 13:03:00,335.05,335.07,335.05,335.07,0.01,65.36,21594.92,1
2024-01-28,2024-01-28 13:04:00,335.07,335.08,335.07,335.08,0.0,65.36,21594.92,1
2024-01-28,2024-01-28 13:05:00,335.08,335.1,335.08,335.1,0.01,65.36,21594.92,1
2024-01-28,2024-01-28 13:06:00,335.1,335.12,335.1,335.12,0.01,65.36,21594.92,1
2024-01-28,2024-01-28 13:07:00,335.12,335.13,335.12,335.13,0.0,65.36,21594.92,1
2024-01-28,2024-01-28 13:08:00,335.13,335.15,335.13,335.15,0.01,65.36,21594.92,1
2024-01-28,2024-01-28 13:09:00,335.15,335.17,335.15,335.17,0.01,65.36,21594.92,1
2024-01-28,2024-01-28 13:10:00,335.17,335.18,335.17,335.18,0.0,65.36,21594.92,1
2024-01-28,2024-01-28 13:11:00,335.18,335.2,335.18,335.2,0.01,65.36,21594.92,1
2024-01-28,2024-01-28 13:12:00,335.2,335.22,335.2,335.22,0.01,65.36,21594.92,1
2024-01-28,2024-01-28 13:13:00,335.22,335.23,335.22,335.23,0.0,65.36,21594.92,1
2024-01-28,2024-01-28 13:14:00,335.23,335.25,335.23,335.25,0.01,65.36,21594.92,1
2024-01-28,2024-01-28 13:15:00,335.25,335.27,335.25,335.27,0.01,65.36,21594.92,1
2024-01-28,2024-01-28 13:16:00,335.27,335.28,335.27,335.28,0.0,65.36,21594.92,1
2024-01-28,2024-01-28 13:17:00,335.28,335.3,335.28,335.3,0.01,65.36,21594.92,1
2024-01-28,2024-01-28 13:18:00,335.3,335.32,335.3,335.32,0.01,65.36,21594.92,1
2024-01-28,2024-01-28 13:19:00,335.32,335.33,335.32,335.33,0.0,65.36,21594.92,1
2024-01-28,2024-01-28 13:20:00,335.33,335.35,335.33,335.35,0.01,65.36,21594.92,1
2024-01-28,2024-01-28 13:21:00,335.35,335.37,335.35,335.37,0.01,65.36,21594.92,1
2024-01-28,2024-01-28 13:22:00,335.37,335.38,335.37,335.38,0.0,65.36,21594.92,1
2024-01-28,2024-01-28 13:23:00,335.38,335.4,335.38,335.4,0.01,65.36,21594.92,1
2024-01-28,2024-01-28 13:24:00,335.4,335.42,335.4,335.42,0.01,65.36,21594.92,1
2024-01-28,2024-01-28 13:25:00,335.42,335.43,335.42,335.43,0.0,65.36,21594.92,1
2024-01-28,2024-01-28 13:26:00,335.43,335.45,335.43,335.45,0.01,65.36,21594.92,1
2024-01-28,2024-01-28 13:27:00,335.45,335.47,335.45,335.47,0.01,65.36,21594.92,1
2024-01-28,2024-01-28 13:28:00,335.47,335.48,335.47,335.48,0.0,65.36,21594.92,1
2024-01-28,2024-01-28 13:29:00,335.48,335.5,335.48,335.5,0.01,65.36,21594.92,1
2024-01-28,2024-01-28 13:30:00,335.5,335.52,335.5,335.52,0.01,65.36,21594.92,1
2024-01-28,2024-01-28 13:31:00,335.52,335.53,335.52,335.53,0.0,65.36,21594.92,1
2024-01-28,2024-01-28 13:32:00,335.53,335.55,335.53,335.55,0.01,65.36,21594.92,1
2024-01-28,2024-01-28 13:33:00,335.55,335.57,335.55,335.57,0.01,65.36,21594.92,1
2024-01-28,2024-01-28 13:34:00,335.57,335.58,335.57,335.58,0.0,65.36,21594.92,1
2024-01-28,2024-01-28 13:35:00,335.58,335.6,335.58,335.6,0.01,65.36,21594.92,1
2024-01-28,2024-01-28 13:36:00,335.6,335.62,335.6,335.62,0.01,65.36,21594.92,1
2024-01-28,2024-01-28 13:37:00,335.62,335.63,335.62,335.63,0.0,65.36,21594.92,1
2024-01-28,2024-01-28 13:38:00,335.63,335.65,335.63,335.65,0.01,65.36,21594.92,1
2024-01-28,2024-01-28 13:39:00,335.65,335.67,335.65,335.67,0.01,65.36,21594.92,1
2024-01-28,2024-01-28 13:40:00,335.67,335.68,335.67,335.68,0.0,65.36,21594.92,1
2024-01-28,2024-01-28 13:41:00,335.68,335.7,335.68,335.7,0.01,65.36,21594.92,1
2024-01-28,2024-01-28 13:42:00,335.7,335.72,335.7,335.72,0.01,65.36,21594.92,1
2024-01-28,2024-01-28 13:43:00,335.72,335.73,335.72,335.73,0.0,65.36,21594.92,1
2024-01-28,2024-01-28 13:44:00,335.73,335.75,335.73,335.75,0.01,65.36,21594.92,1
2024-01-28,2024-01-28 13:45:00,335.75,335.77,335.75,335.77,0.01,65.36,21594.92,1
2024-01-28,2024-01-28 13:46:00,335.77,335.78,335.77,335.78,0.0,65.36,21594.92,1
2024-01-28,2024-01-28 13:47:00,335.78,335.8,335.78,335.8,0.01,65.36,21594.92,1
2024-01-28,2024-01-28 13:48:00,335.8,335.82,335.8,335.82,0.01,65.36,21594.92,1
2024-01-28,2024-01-28 13:49:00,335.82,335.83,335.82,335.83,0.0,65.36,21594.92,1
2024-01-28,2024-01-28 13:50:00,335.83,335.85,335.83,335.85,0.01,65.36,21594.92,1
2024-01-28,2024-01-28 13:51:00,335.85,335.87,335.85,335.87,0.01,65.36,21594.92,1
2024-01-28,2024-01-28 13:52:00,335.87,335.88,335.87,335.88,0.0,65.36,21594.92,1
2024-01-28,2024-01-28 13:53:00,335.88,335.9,335.88,335.9,0.01,65.36,21594.92,1
2024-01-28,2024-01-28 13:54:00,335.9,335.92,335.9,335.92,0.01,65.36,21594.92,1
2024-01-28,2024-01-28 13:55:00,335.92,335.93,335.92,335.93,0.0,65.36,21594.92,1
2024-01-28,2024-01-28 13:56:00,335.93,335.95,335.93,335.95,0.01,65.36,21594.92,1
2024-01-28,2024-01-28 13:57:00,335.95,335.97,335.95,335.97,0.01,65.36,21594.92,1
2024-01-28,2024-01-28 13:58:00,335.97,335.98,335.97,335.98,0.0,65.36,21594.92,1
2024-01-28,2024-01-28 13:59:00,335.98,336.0,335.98,336.0,0.01,65.36,21594.92,1
2024-01-28,2024-01-28 14:00:00,336.0,336.02,336.0,336.02,0.01,65.36,21594.92,1
2024-01-28,2024-01-28 14:01:00,336.02,336.03,336.02,336.03,0.0,65.36,21594.92,1
2024-01-28,2024-01-28 14:02:00,336.03,336.05,336.03,336.05,0.01,65.36,21594.92,1
2024-01-28,2024-01-28 14:03:00,336.05,336.07,336.05,336.07,0.01,65.36,21594.92,1
2024-01-28,2024-01-28 14:04:00,336.07,336.08,336.07,336.08,0.0,65.36,21594.92,1
2024-01-28,2024-01-28 14:05:00,336.08,336.1,336.08,336.1,0.01,65.36,21594.92,1
2024-01-28,2024-01-28 14:06:00,336.1,336.12,336.1,336.12,0.01,65.36,21594.92,1
2024-01-28,2024-01-28 14:07:00,336.12,336.13,336.12,336.13,0.0,65.36,21594.92,1
2024-01-28,2024-01-28 14:08:00,336.13,336.15,336.13,336.15,0.01,65.36,21594.92,1
2024-01-28,2024-01-28 14:09:00,336.15,336.17,336.15,336.17,0.01,65.36,21594.92,1
2024-01-28,2024-01-28 14:10:00,336.17,336.18,336.17,336.18,0.0,65.36,21594.92,1
2024-01-28,2024-01-28 14:11:00,336.18,336.2,336.18,336.2,0.01,65.36,21594.92,1
2024-01-28,2024-01-28 14:12:00,336.2,336.22,336.2,336.22,0.01,65.36,21594.92,1
2024-01-28,2024-01-28 14:13:00,336.22,336.23,336.22,336.23,0.0,65.36,21594.92,1
2024-01-28,2024-01-28 14:14:00,336.23,336.25,336.23,336.25,0.01,65.36,21594.92,1
2024-01-28,2024-01-28 14:15:00,336.25,336.27,336.25,336.27,0.01,65.36,21594.92,1
2024-01-28,2024-01-28 14:16:00,336.27,336.28,336.27,336.28,0.0,65.36,21594.92,1
2024-01-28,2024-01-28 14:17:00,336.28,336.3,336.28,336.3,0.01,65.36,21594.92,1
2024-01-28,2024-01-28 14:18:00,336.3,336.32,336.3,336.32,0.01,65.36,21594.92,1
2024-01-28,2024-01-28 14:19:00,336.32,336.33,336.32,336.33,0.0,65.36,21594.92,1
2024-01-28,2024-01-28 14:20:00,336.33,336.35,336.33,336.35,0.01,65.36,21594.92,1
2024-01-28,2024-01-28 14:21:00,336.35,336.37,336.35,336.37,0.01,65.36,21594.92,1
2024-01-28,2024-01-28 14:22:00,336.37,336.38,336.37,336.38,0.0,65.36,21594.92,1
2024-01-28,2024-01-28 14:23:00,336.38,336.4,336.38,336.4,0.01,65.36,21594.92,1
2024-01-28,2024-01-28 14:24:00,336.4,336.42,336.4,336.42,0.01,65.36,21594.92,1
2024-01-28,2024-01-28 14:25:00,336.42,336.43,336.42,336.43,0.0,65.36,21594.92,1
2024-01-28,2024-01-28 14:26:00,336.43,336.45,336.43,336.45,0.01,65.36,21594.92,1
2024-01-28,2024-01-28 14:27:00,336.45,336.47,336.45,336.47,0.01,65.36,21594.92,1
2024-01-28,2024-01-28 14:28:00,336.47,336.48,336.47,336.48,0.0,65.36,21594.92,1
2024-01-28,2024-01-28 14:29:00,336.48,336.5,336.48,336.5,0.01,65.36,21594.92,1
2024-01-28,2024-01-28 14:30:00,336.5,336.52,336.5,336.52,0.01,65.36,21594.92,1
2024-01-28,2024-01-28 14:31:00,336.52,336.53,336.52,336.53,0.0,65.36,21594.92,1
2024-01-28,2024-01-28 14:32:00,336.53,336.55,336.53,336.55,0.01,65.36,21594.92,1
2024-01-28,2024-01-28 14:33:00,336.55,336.57,336.55,336.57,0.01,65.36,21594.92,1
2024-01-28,2024-01-28 14:34:00,336.57,336.58,336.57,336.58,0.0,65.36,21594.92,1
2024-01-28,2024-01-28 14:35:00,336.58,336.6,336.58,336.6,0.01,65.36,21594.92,1
2024-01-28,2024-01-28 14:36:00,336.6,336.62,336.6,336.62,0.01,65.36,21594.92,1
2024-01-28,2024-01-28 14:37:00,336.62,336.63,336.62,336.63,0.0,65.36,21594.92,1
2024-01-28,2024-01-28 14:38:00,336.63,336.65,336.63,336.65,0.01,65.36,21594.92,1
2024-01-28,2024-01-28 14:39:00,336.65,336.67,336.65,336.67,0.01,65.36,21594.92,1
2024-01-28,2024-01-28 14:40:00,336.67,336.68,336.67,336.68,0.0,65.36,21594.92,1
2024-01-28,2024-01-28 14:41:00,336.68,336.7,336.68,336.7,0.01,65.36,21594.92,1
2024-01-28,2024-01-28 14:42:00,336.7,336.72,336.7,336.72,0.01,65.36,21594.92,1
2024-01-28,2024-01-28 14:43:00,336.72,336.73,336.72,336.73,0.0,65.36,21594.92,1
2024-01-28,2024-01-28 14:44:00,336.73,336.75,336.73,336.75,0.01,65.36,21594.92,1
2024-01-28,2024-01-28 14:45:00,336.75,336.77,336.75,336.77,0.01,65.36,21594.92,1
2024-01-28,2024-01-28 14:46:00,336.77,336.78,336.77,336.78,0.0,65.36,21594.92,1
2024-01-28,2024-01-28 14:47:00,336.78,336.8,336.78,336.8,0.01,65.36,21594.92,1
2024-01-28,2024-01-28 14:48:00,336.8,336.82,336.8,336.82,0.01,65.36,21594.92,1
2024-01-28,2024-01-28 14:49:00,336.82,336.83,336.82,336.83,0.0,65.36,21594.92,1
2024-01-28,2024-01-28 14:50:00,336.83,336.85,336.83,336.85,0.01,65.36,21594.92,1
2024-01-28,2024-01-28 14:51:00,336.85,336.87,336.85,336.87,0.01,65.36,21594.92,1
2024-01-28,2024-01-28 14:52:00,336.87,336.88,336.87,336.88,0.0,65.36,21594.92,1
2024-01-28,2024-01-28 14:53:00,336.88,336.9,336.88,336.9,0.01,65.36,21594.92,1
2024-01-28,2024-01-28 14:54:00,336.9,336.92,336.9,336.92,0.01,65.36,21594.92,1
2024-01-28,2024-01-28 14:55:00,336.92,336.93,336.92,336.93,0.0,65.36,21594.92,1
2024-01-28,2024-01-28 14:56:00,336.93,336.95,336.93,336.95,0.01,65.36,21594.92,1
2024-01-28,2024-01-28 14:57:00,336.95,336.97,336.95,336.97,0.01,65.36,21594.92,1
2024-01-28,2024-01-28 14:58:00,336.97,336.98,336.97,336.98,0.0,65.36,21594.92,1
2024-01-28,2024-01-28 14:59:00,336.98,337.0,336.98,337.0,0.01,65.36,21594.92,1
2024-01-28,2024-01-28 15:00:00,337.0,352.0,321.0,337.0,0.0,65.36,21594.92,0
2024-01-29,2024-01-29 11:00:00,330.3,340.41,330.21,330.41,0.03,351.9,122378.88,1
2024-01-29,2024-01-29 11:01:00,330.41,330.51,330.41,330.51,0.03,351.9,122378.88,1
2024-01-29,2024-01-29 11:02:00,330.51,330.62,330.51,330.62,0.03,351.9,122378.88,1
2024-01-29,2024-01-29 11:03:00,330.62,330.73,330.62,330.73,0.03,351.9,122378.88,1
2024-01-29,2024-01-29 11:04:00,330.73,330.84,330.73,330.84,0.03,351.9,122378.88,1
2024-01-29,2024-01-29 11:05:00,330.84,330.94,330.84,330.94,0.03,351.9,122378.88,1
2024-01-29,2024-01-29 11:06:00,330.94,331.05,330.94,331.05,0.03,351.9,122378.88,1
2024-01-29,2024-01-29 11:07:00,331.05,331.16,331.05,331.16,0.03,351.9,122378.88,1
2024-01-29,2024-01-29 11:08:00,331.16,331.26,331.16,331.26,0.03,351.9,122378.88,1
2024-01-29,2024-01-29 11:09:00,331.26,331.37,331.26,331.37,0.03,351.9,122378.88,1
2024-01-29,2024-01-29 11:10:00,331.37,331.48,331.37,331.48,0.03,351.9,122378.88,1
2024-01-29,2024-01-29 11:11:00,331.48,331.59,331.48,331.59,0.03,351.9,122378.88,1
2024-01-29,2024-01-29 11:12:00,331.59,331.69,331.59,331.69,0.03,351.9,122378.88,1
2024-01-29,2024-01-29 11:13:00,331.69,331.8,331.69,331.8,0.03,351.9,122378.88,1
2024-01-29,2024-01-29 11:14:00,331.8,331.91,331.8,331.91,0.03,351.9,122378.88,1
2024-01-29,2024-01-29 11:15:00,331.91,332.01,331.91,332.01,0.03,351.9,122378.88,1
2024-01-29,2024-01-29 11:16:00,332.01,332.12,332.01,332.12,0.03,351.9,122378.88,1
2024-01-29,2024-01-29 11:17:00,332.12,332.23,332.12,332.23,0.03,351.9,122378.88,1
2024-01-29,2024-01-29 11:18:00,332.23,332.33,332.23,332.33,0.03,351.9,122378.88,1
2024-01-29,2024-01-29 11:19:00,332.33,332.44,332.33,332.44,0.03,351.9,122378.88,1
2024-01-29,2024-01-29 11:20:00,332.44,332.55,332.44,332.55,0.03,351.9,122378.88,1
2024-01-29,2024-01-29 11:21:00,332.55,332.66,332.55,332.66,0.03,351.9,122378.88,1
2024-01-29,2024-01-29 11:22:00,332.66,332.76,332.66,332.76,0.03,351.9,122378.88,1
2024-01-29,2024-01-29 11:23:00,332.76,332.87,332.76,332.87,0.03,351.9,122378.88,1
2024-01-29,2024-01-29 11:24:00,332.87,332.98,332.87,332.98,0.03,351.9,122378.88,1
2024-01-29,2024-01-29 11:25:00,332.98,333.08,332.98,333.08,0.03,351.9,122378.88,1
2024-01-29,2024-01-29 11:26:00,333.08,333.19,333.08,333.19,0.03,351.9,122378.88,1
2024-01-29,2024-01-29 11:27:00,333.19,333.3,333.19,333.3,0.03,351.9,122378.88,1
2024-01-29,2024-01-29 11:28:00,333.3,333.41,333.3,333.41,0.03,351.9,122378.88,1
2024-01-29,2024-01-29 11:29:00,333.41,333.51,333.41,333.51,0.03,351.9,122378.88,1
2024-01-29,2024-01-29 11:30:00,333.51,333.62,333.51,333.62,0.03,351.9,122378.88,1
2024-01-29,2024-01-29 11:31:00,333.62,333.73,333.62,333.73,0.03,351.9,122378.88,1
2024-01-29,2024-01-29 11:32:00,333.73,333.83,333.73,333.83,0.03,351.9,122378.88,1
2024-01-29,2024-01-29 11:33:00,333.83,333.94,333.83,333.94,0.03,351.9,122378.88,1
2024-01-29,2024-01-29 11:34:00,333.94,334.05,333.94,334.05,0.03,351.9,122378.88,1
2024-01-29,2024-01-29 11:35:00,334.05,334.16,334.05,334.16,0.03,351.9,122378.88,1
2024-01-29,2024-01-29 11:36:00,334.16,334.26,334.16,334.26,0.03,351.9,122378.88,1
2024-01-29,2024-01-29 11:37:00,334.26,334.37,334.26,334.37,0.03,351.9,122378.88,1
2024-01-29,2024-01-29 11:38:00,334.37,334.48,334.37,334.48,0.03,351.9,122378.88,1
2024-01-29,2024-01-29 11:39:00,334.48,334.58,334.48,334.58,0.03,351.9,122378.88,1
2024-01-29,2024-01-29 11:40:00,334.58,334.69,334.58,334.69,0.03,351.9,122378.88,1
2024-01-29,2024-01-29 11:41:00,334.69,334.8,334.69,334.8,0.03,351.9,122378.88,1
2024-01-29,2024-01-29 11:42:00,334.8,334.9,334.8,334.9,0.03,351.9,122378.88,1
2024-01-29,2024-01-29 11:43:00,334.9,335.01,334.9,335.01,0.03,351.9,122378.88,1
2024-01-29,2024-01-29 11:44:00,335.01,335.12,335.01,335.12,0.03,351.9,122378.88,1
2024-01-29,2024-01-29 11:45:00,335.12,335.23,335.12,335.23,0.03,351.9,122378.88,1
2024-01-29,2024-01-29 11:46:00,335.23,335.33,335.23,335.33,0.03,351.9,122378.88,1
2024-01-29,2024-01-29 11:47:00,335.33,335.44,335.33,335.44,0.03,351.9,122378.88,1
2024-01-29,2024-01-29 11:48:00,335.44,335.55,335.44,335.55,0.03,351.9,122378.88,1
2024-01-29,2024-01-29 11:49:00,335.55,335.65,335.55,335.65,0.03,351.9,122378.88,1
2024-01-29,2024-01-29 11:50:00,335.65,335.76,335.65,335.76,0.03,351.9,122378.88,1
2024-01-29,2024-01-29 11:51:00,335.76,335.87,335.76,335.87,0.03,351.9,122378.88,1
2024-01-29,2024-01-29 11:52:00,335.87,335.98,335.87,335.98,0.03,351.9,122378.88,1
2024-01-29,2024-01-29 11:53:00,335.98,336.08,335.98,336.08,0.03,351.9,122378.88,1
2024-01-29,2024-01-29 11:54:00,336.08,336.19,336.08,336.19,0.03,351.9,122378.88,1
2024-01-29,2024-01-29 11:55:00,336.19,336.3,336.19,336.3,0.03,351.9,122378.88,1
2024-01-29,2024-01-29 11:56:00,336.3,336.4,336.3,336.4,0.03,351.9,122378.88,1
2024-01-29,2024-01-29 11:57:00,336.4,336.51,336.4,336.51,0.03,351.9,122378.88,1
2024-01-29,2024-01-29 11:58:00,336.51,336.62,336.51,336.62,0.03,351.9,122378.88,1
2024-01-29,2024-01-29 11:59:00,336.62,336.73,336.62,336.73,0.03,351.9,122378.88,1
2024-01-29,2024-01-29 12:00:00,336.73,336.83,336.73,336.83,0.03,351.9,122378.88,1
2024-01-29,2024-01-29 12:01:00,336.83,336.94,336.83,336.94,0.03,351.9,122378.88,1
2024-01-29,2024-01-29 12:02:00,336.94,337.05,336.94,337.05,0.03,351.9,122378.88,1
2024-01-29,2024-01-29 12:03:00,337.05,337.15,337.05,337.15,0.03,351.9,122378.88,1
2024-01-29,2024-01-29 12:04:00,337.15,337.26,337.15,337.26,0.03,351.9,122378.88,1
2024-01-29,2024-01-29 12:05:00,337.26,337.37,337.26,337.37,0.03,351.9,122378.88,1
2024-01-29,2024-01-29 12:06:00,337.37,337.47,337.37,337.47,0.03,351.9,122378.88,1
2024-01-29,2024-01-29 12:07:00,337.47,337.58,337.47,337.58,0.03,351.9,122378.88,1
2024-01-29,2024-01-29 12:08:00,337.58,337.69,337.58,337.69,0.03,351.9,122378.88,1
2024-01-29,2024-01-29 12:09:00,337.69,337.8,337.69,337.8,0.03,351.9,122378.88,1
2024-01-29,2024-01-29 12:10:00,337.8,337.9,337.8,337.9,0.03,351.9,122378.88,1
2024-01-29,2024-01-29 12:11:00,337.9,338.01,337.9,338.01,0.03,351.9,122378.88,1
2024-01-29,2024-01-29 12:12:00,338.01,338.12,338.01,338.12,0.03,351.9,122378.88,1
2024-01-29,2024-01-29 12:13:00,338.12,338.22,338.12,338.22,0.03,351.9,122378.88,1
2024-01-29,2024-01-29 12:14:00,338.22,338.33,338.22,338.33,0.03,351.9,122378.88,1
2024-01-29,2024-01-29 12:15:00,338.33,338.44,338.33,338.44,0.03,351.9,122378.88,1
2024-01-29,2024-01-29 12:16:00,338.44,338.55,338.44,338.55,0.03,351.9,122378.88,1
2024-01-29,2024-01-29 12:17:00,338.55,338.65,338.55,338.65,0.03,351.9,122378.88,1
2024-01-29,2024-01-29 12:18:00,338.65,338.76,338.65,338.76,0.03,351.9,122378.88,1
2024-01-29,2024-01-29 12:19:00,338.76,338.87,338.76,338.87,0.03,351.9,122378.88,1
2024-01-29,2024-01-29 12:20:00,338.87,338.97,338.87,338.97,0.03,351.9,122378.88,1
2024-01-29,2024-01-29 12:21:00,338.97,339.08,338.97,339.08,0.03,351.9,122378.88,1
2024-01-29,2024-01-29 12:22:00,339.08,339.19,339.08,339.19,0.03,351.9,122378.88,1
2024-01-29,2024-01-29 12:23:00,339.19,339.3,339.19,339.3,0.03,351.9,122378.88,1
2024-01-29,2024-01-29 12:24:00,339.3,339.4,339.3,339.4,0.03,351.9,122378.88,1
2024-01-29,2024-01-29 12:25:00,339.4,339.51,339.4,339.51,0.03,351.9,122378.88,1
2024-01-29,2024-01-29 12:26:00,339.51,339.62,339.51,339.62,0.03,351.9,122378.88,1
2024-01-29,2024-01-29 12:27:00,339.62,339.72,339.62,339.72,0.03,351.9,122378.88,1
2024-01-29,2024-01-29 12:28:00,339.72,339.83,339.72,339.83,0.03,351.9,122378.88,1
2024-01-29,2024-01-29 12:29:00,339.83,339.94,339.83,339.94,0.03,351.9,122378.88,1
2024-01-29,2024-01-29 12:30:00,339.94,340.04,339.94,340.04,0.03,351.9,122378.88,1
2024-01-29,2024-01-29 12:31:00,340.04,340.15,340.04,340.15,0.03,351.9,122378.88,1
2024-01-29,2024-01-29 12:32:00,340.15,340.26,340.15,340.26,0.03,351.9,122378.88,1
2024-01-29,2024-01-29 12:33:00,340.26,340.37,340.26,340.37,0.03,351.9,122378.88,1
2024-01-29,2024-01-29 12:34:00,340.37,340.47,340.37,340.47,0.03,351.9,122378.88,1
2024-01-29,2024-01-29 12:35:00,340.47,340.58,340.47,340.58,0.03,351.9,122378.88,1
2024-01-29,2024-01-29 12:36:00,340.58,340.69,340.58,340.69,0.03,351.9,122378.88,1
2024-01-29,2024-01-29 12:37:00,340.69,340.79,340.69,340.79,0.03,351.9,122378.88,1
2024-01-29,2024-01-29 12:38:00,340.79,340.9,340.79,340.9,0.03,351.9,122378.88,1
2024-01-29,2024-01-29 12:39:00,340.9,341.01,340.9,341.01,0.03,351.9,122378.88,1
2024-01-29,2024-01-29 12:40:00,341.01,341.12,341.01,341.12,0.03,351.9,122378.88,1
2024-01-29,2024-01-29 12:41:00,341.12,341.22,341.12,341.22,0.03,351.9,122378.88,1
2024-01-29,2024-01-29 12:42:00,341.22,341.33,341.22,341.33,0.03,351.9,122378.88,1
2024-01-29,2024-01-29 12:43:00,341.33,341.44,341.33,341.44,0.03,351.9,122378.88,1
2024-01-29,2024-01-29 12:44:00,341.44,341.54,341.44,341.54,0.03,351.9,122378.88,1
2024-01-29,2024-01-29 12:45:00,341.54,341.65,341.54,341.65,0.03,351.9,122378.88,1
2024-01-29,2024-01-29 12:46:00,341.65,341.76,341.65,341.76,0.03,351.9,122378.88,1
2024-01-29,2024-01-29 12:47:00,341.76,341.87,341.76,341.87,0.03,351.9,122378.88,1
2024-01-29,2024-01-29 12:48:00,341.87,341.97,341.87,341.97,0.03,351.9,122378.88,1
2024-01-29,2024-01-29 12:49:00,341.97,342.08,341.97,342.08,0.03,351.9,122378.88,1
2024-01-29,2024-01-29 12:50:00,342.08,342.19,342.08,342.19,0.03,351.9,122378.88,1
2024-01-29,2024-01-29 12:51:00,342.19,342.29,342.19,342.29,0.03,351.9,122378.88,1
2024-01-29,2024-01-29 12:52:00,342.29,342.4,342.29,342.4,0.03,351.9,122378.88,1
2024-01-29,2024-01-29 12:53:00,342.4,342.51,342.4,342.51,0.03,351.9,122378.88,1
2024-01-29,2024-01-29 12:54:00,342.51,342.61,342.51,342.61,0.03,351.9,122378.88,1
2024-01-29,2024-01-29 12:55:00,342.61,342.72,342.61,342.72,0.03,351.9,122378.88,1
2024-01-29,2024-01-29 12:56:00,342.72,342.83,342.72,342.83,0.03,351.9,122378.88,1
2024-01-29,2024-01-29 12:57:00,342.83,342.94,342.83,342.94,0.03,351.9,122378.88,1
2024-01-29,2024-01-29 12:58:00,342.94,343.04,342.94,343.04,0.03,351.9,122378.88,1
2024-01-29,2024-01-29 12:59:00,343.04,343.15,343.04,343.15,0.03,351.9,122378.88,1
2024-01-29,2024-01-29 13:00:00,343.15,364.0,330.0,343.26,0.03,351.9,122378.88,1
2024-01-29,2024-01-29 13:01:00,343.26,343.36,343.26,343.36,0.03,351.9,122378.88,1
2024-01-29,2024-01-29 13:02:00,343.36,343.47,343.36,343.47,0.03,351.9,122378.88,1
2024-01-29,2024-01-29 13:03:00,343.47,343.58,343.47,343.58,0.03,351.9,122378.88,1
2024-01-29,2024-01-29 13:04:00,343.58,343.69,343.58,343.69,0.03,351.9,122378.88,1
2024-01-29,2024-01-29 13:05:00,343.69,343.79,343.69,343.79,0.03,351.9,122378.88,1
2024-01-29,2024-01-29 13:06:00,343.79,343.9,343.79,343.9,0.03,351.9,122378.88,1
2024-01-29,2024-01-29 13:07:00,343.9,344.01,343.9,344.01,0.03,351.9,122378.88,1
2024-01-29,2024-01-29 13:08:00,344.01,344.11,344.01,344.11,0.03,351.9,122378.88,1
2024-01-29,2024-01-29 13:09:00,344.11,344.22,344.11,344.22,0.03,351.9,122378.88,1
2024-01-29,2024-01-29 13:10:00,344.22,344.33,344.22,344.33,0.03,351.9,122378.88,1
2024-01-29,2024-01-29 13:11:00,344.33,344.44,344.33,344.44,0.03,351.9,122378.88,1
2024-01-29,2024-01-29 13:12:00,344.44,344.54,344.44,344.54,0.03,351.9,122378.88,1
2024-01-29,2024-01-29 13:13:00,344.54,344.65,344.54,344.65,0.03,351.9,122378.88,1
2024-01-29,2024-01-29 13:14:00,344.65,344.76,344.65,344.76,0.03,351.9,122378.88,1
2024-01-29,2024-01-29 13:15:00,344.76,344.86,344.76,344.86,0.03,351.9,122378.88,1
2024-01-29,2024-01-29 13:16:00,344.86,344.97,344.86,344.97,0.03,351.9,122378.88,1
2024-01-29,2024-01-29 13:17:00,344.97,345.08,344.97,345.08,0.03,351.9,122378.88,1
2024-01-29,2024-01-29 13:18:00,345.08,345.18,345.08,345.18,0.03,351.9,122378.88,1
2024-01-29,2024-01-29 13:19:00,345.18,345.29,345.18,345.29,0.03,351.9,122378.88,1
2024-01-29,2024-01-29 13:20:00,345.29,345.4,345.29,345.4,0.03,351.9,122378.88,1
2024-01-29,2024-01-29 13:21:00,345.4,345.51,345.4,345.51,0.03,351.9,122378.88,1
2024-01-29,2024-01-29 13:22:00,345.51,345.61,345.51,345.61,0.03,351.9,122378.88,1
2024-01-29,2024-01-29 13:23:00,345.61,345.72,345.61,345.72,0.03,351.9,122378.88,1
2024-01-29,2024-01-29 13:24:00,345.72,345.83,345.72,345.83,0.03,351.9,122378.88,1
2024-01-29,2024-01-29 13:25:00,345.83,345.93,345.83,345.93,0.03,351.9,122378.88,1
2024-01-29,2024-01-29 13:26:00,345.93,346.04,345.93,346.04,0.03,351.9,122378.88,1
2024-01-29,2024-01-29 13:27:00,346.04,346.15,346.04,346.15,0.03,351.9,122378.88,1
2024-01-29,2024-01-29 13:28:00,346.15,346.26,346.15,346.26,0.03,351.9,122378.88,1
2024-01-29,2024-01-29 13:29:00,346.26,346.36,346.26,346.36,0.03,351.9,122378.88,1
2024-01-29,2024-01-29 13:30:00,346.36,346.47,346.36,346.47,0.03,351.9,122378.88,1
2024-01-29,2024-01-29 13:31:00,346.47,346.58,346.47,346.58,0.03,351.9,122378.88,1
2024-01-29,2024-01-29 13:32:00,346.58,346.68,346.58,346.68,0.03,351.9,122378.88,1
2024-01-29,2024-01-29 13:33:00,346.68,346.79,346.68,346.79,0.03,351.9,122378.88,1
2024-01-29,2024-01-29 13:34:00,346.79,346.9,346.79,346.9,0.03,351.9,122378.88,1
2024-01-29,2024-01-29 13:35:00,346.9,347.0,346.9,347.0,0.03,351.9,122378.88,1
2024-01-29,2024-01-29 13:36:00,347.0,347.11,347.0,347.11,0.03,351.9,122378.88,1
2024-01-29,2024-01-29 13:37:00,347.11,347.22,347.11,347.22,0.03,351.9,122378.88,1
2024-01-29,2024-01-29 13:38:00,347.22,347.33,347.22,347.33,0.03,351.9,122378.88,1
2024-01-29,2024-01-29 13:39:00,347.33,347.43,347.33,347.43,0.03,351.9,122378.88,1
2024-01-29,2024-01-29 13:40:00,347.43,347.54,347.43,347.54,0.03,351.9,122378.88,1
2024-01-29,2024-01-29 13:41:00,347.54,347.65,347.54,347.65,0.03,351.9,122378.88,1
2024-01-29,2024-01-29 13:42:00,347.65,347.75,347.65,347.75,0.03,351.9,122378.88,1
2024-01-29,2024-01-29 13:43:00,347.75,347.86,347.75,347.86,0.03,351.9,122378.88,1
2024-01-29,2024-01-29 13:44:00,347.86,347.97,347.86,347.97,0.03,351.9,122378.88,1
2024-01-29,2024-01-29 13:45:00,347.97,348.08,347.97,348.08,0.03,351.9,122378.88,1
2024-01-29,2024-01-29 13:46:00,348.08,348.18,348.08,348.18,0.03,351.9,122378.88,1
2024-01-29,2024-01-29 13:47:00,348.18,348.29,348.18,348.29,0.03,351.9,122378.88,1
2024-01-29,2024-01-29 13:48:00,348.29,348.4,348.29,348.4,0.03,351.9,122378.88,1
2024-01-29,2024-01-29 13:49:00,348.4,348.5,348.4,348.5,0.03,351.9,122378.88,1
2024-01-29,2024-01-29 13:50:00,348.5,348.61,348.5,348.61,0.03,351.9,122378.88,1
2024-01-29,2024-01-29 13:51:00,348.61,348.72,348.61,348.72,0.03,351.9,122378.88,1
2024-01-29,2024-01-29 13:52:00,348.72,348.83,348.72,348.83,0.03,351.9,122378.88,1
2024-01-29,2024-01-29 13:53:00,348.83,348.93,348.83,348.93,0.03,351.9,122378.88,1
2024-01-29,2024-01-29 13:54:00,348.93,349.04,348.93,349.04,0.03,351.9,122378.88,1
2024-01-29,2024-01-29 13:55:00,349.04,349.15,349.04,349.15,0.03,351.9,122378.88,1
2024-01-29,2024-01-29 13:56:00,349.15,349.25,349.15,349.25,0.03,351.9,122378.88,1
2024-01-29,2024-01-29 13:57:00,349.25,349.36,349.25,349.36,0.03,351.9,122378.88,1
2024-01-29,2024-01-29 13:58:00,349.36,349.47,349.36,349.47,0.03,351.9,122378.88,1
2024-01-29,2024-01-29 13:59:00,349.47,349.57,349.47,349.57,0.03,351.9,122378.88,1
2024-01-29,2024-01-29 14:00:00,349.57,349.68,349.57,349.68,0.03,351.9,122378.88,1
2024-01-29,2024-01-29 14:01:00,349.68,349.79,349.68,349.79,0.03,351.9,122378.88,1
2024-01-29,2024-01-29 14:02:00,349.79,349.9,349.79,349.9,0.03,351.9,122378.88,1
2024-01-29,2024-01-29 14:03:00,349.9,350.0,349.9,350.0,0.03,351.9,122378.88,1
2024-01-29,2024-01-29 14:04:00,350.0,350.11,350.0,350.11,0.03,351.9,122378.88,1
2024-01-29,2024-01-29 14:05:00,350.11,350.22,350.11,350.22,0.03,351.9,122378.88,1
2024-01-29,2024-01-29 14:06:00,350.22,350.32,350.22,350.32,0.03,351.9,122378.88,1
2024-01-29,2024-01-29 14:07:00,350.32,350.43,350.32,350.43,0.03,351.9,122378.88,1
2024-01-29,2024-01-29 14:08:00,350.43,350.54,350.43,350.54,0.03,351.9,122378.88,1
2024-01-29,2024-01-29 14:09:00,350.54,350.65,350.54,350.65,0.03,351.9,122378.88,1
2024-01-29,2024-01-29 14:10:00,350.65,350.75,350.65,350.75,0.03,351.9,122378.88,1
2024-01-29,2024-01-29 14:11:00,350.75,350.86,350.75,350.86,0.03,351.9,122378.88,1
2024-01-29,2024-01-29 14:12:00,350.86,350.97,350.86,350.97,0.03,351.9,122378.88,1
2024-01-29,2024-01-29 14:13:00,350.97,351.07,350.97,351.07,0.03,351.9,122378.88,1
2024-01-29,2024-01-29 14:14:00,351.07,351.18,351.07,351.18,0.03,351.9,122378.88,1
2024-01-29,2024-01-29 14:15:00,351.18,351.29,351.18,351.29,0.03,351.9,122378.88,1
2024-01-29,2024-01-29 14:16:00,351.29,351.4,351.29,351.4,0.03,351.9,122378.88,1
2024-01-29,2024-01-29 14:17:00,351.4,351.5,351.4,351.5,0.03,351.9,122378.88,1
2024-01-29,2024-01-29 14:18:00,351.5,351.61,351.5,351.61,0.03,351.9,122378.88,1
2024-01-29,2024-01-29 14:19:00,351.61,351.72,351.61,351.72,0.03,351.9,122378.88,1
2024-01-29,2024-01-29 14:20:00,351.72,351.82,351.72,351.82,0.03,351.9,122378.88,1
2024-01-29,2024-01-29 14:21:00,351.82,351.93,351.82,351.93,0.03,351.9,122378.88,1
2024-01-29,2024-01-29 14:22:00,351.93,352.04,351.93,352.04,0.03,351.9,122378.88,1
2024-01-29,2024-01-29 14:23:00,352.04,352.14,352.04,352.14,0.03,351.9,122378.88,1
2024-01-29,2024-01-29 14:24:00,352.14,352.25,352.14,352.25,0.03,351.9,122378.88,1
2024-01-29,2024-01-29 14:25:00,352.25,352.36,352.25,352.36,0.03,351.9,122378.88,1
2024-01-29,2024-01-29 14:26:00,352.36,352.47,352.36,352.47,0.03,351.9,122378.88,1
2024-01-29,2024-01-29 14:27:00,352.47,352.57,352.47,352.57,0.03,351.9,122378.88,1
2024-01-29,2024-01-29 14:28:00,352.57,352.68,352.57,352.68,0.03,351.9,122378.88,1
2024-01-29,2024-01-29 14:29:00,352.68,352.79,352.68,352.79,0.03,351.9,122378.88,1
2024-01-29,2024-01-29 14:30:00,352.79,352.89,352.79,352.89,0.03,351.9,122378.88,1
2024-01-29,2024-01-29 14:31:00,352.89,353.0,352.89,353.0,0.03,351.9,122378.88,1
2024-01-29,2024-01-29 14:32:00,353.0,353.11,353.0,353.11,0.03,351.9,122378.88,1
2024-01-29,2024-01-29 14:33:00,353.11,353.22,353.11,353.22,0.03,351.9,122378.88,1
2024-01-29,2024-01-29 14:34:00,353.22,353.32,353.22,353.32,0.03,351.9,122378.88,1
2024-01-29,2024-01-29 14:35:00,353.32,353.43,353.32,353.43,0.03,351.9,122378.88,1
2024-01-29,2024-01-29 14:36:00,353.43,353.54,353.43,353.54,0.03,351.9,122378.88,1
2024-01-29,2024-01-29 14:37:00,353.54,353.64,353.54,353.64,0.03,351.9,122378.88,1
2024-01-29,2024-01-29 14:38:00,353.64,353.75,353.64,353.75,0.03,351.9,122378.88,1
2024-01-29,2024-01-29 14:39:00,353.75,353.86,353.75,353.86,0.03,351.9,122378.88,1
2024-01-29,2024-01-29 14:40:00,353.86,353.97,353.86,353.97,0.03,351.9,122378.88,1
2024-01-29,2024-01-29 14:41:00,353.97,354.07,353.97,354.07,0.03,351.9,122378.88,1
2024-01-29,2024-01-29 14:42:00,354.07,354.18,354.07,354.18,0.03,351.9,122378.88,1
2024-01-29,2024-01-29 14:43:00,354.18,354.29,354.18,354.29,0.03,351.9,122378.88,1
2024-01-29,2024-01-29 14:44:00,354.29,354.39,354.29,354.39,0.03,351.9,122378.88,1
2024-01-29,2024-01-29 14:45:00,354.39,354.5,354.39,354.5,0.03,351.9,122378.88,1
2024-01-29,2024-01-29 14:46:00,354.5,354.61,354.5,354.61,0.03,351.9,122378.88,1
2024-01-29,2024-01-29 14:47:00,354.61,354.71,354.61,354.71,0.03,351.9,122378.88,1
2024-01-29,2024-01-29 14:48:00,354.71,354.82,354.71,354.82,0.03,351.9,122378.88,1
2024-01-29,2024-01-29 14:49:00,354.82,354.93,354.82,354.93,0.03,351.9,122378.88,1
2024-01-29,2024-01-29 14:50:00,354.93,355.04,354.93,355.04,0.03,351.9,122378.88,1
2024-01-29,2024-01-29 14:51:00,355.04,355.14,355.04,355.14,0.03,351.9,122378.88,1
2024-01-29,2024-01-29 14:52:00,355.14,355.25,355.14,355.25,0.03,351.9,122378.88,1
2024-01-29,2024-01-29 14:53:00,355.25,355.36,355.25,355.36,0.03,351.9,122378.88,1
2024-01-29,2024-01-29 14:54:00,355.36,355.46,355.36,355.46,0.03,351.9,122378.88,1
2024-01-29,2024-01-29 14:55:00,355.46,355.57,355.46,355.57,0.03,351.9,122378.88,1
2024-01-29,2024-01-29 14:56:00,355.57,355.68,355.57,355.68,0.03,351.9,122378.88,1
2024-01-29,2024-01-29 14:57:00,355.68,355.79,355.68,355.79,0.03,351.9,122378.88,1
2024-01-29,2024-01-29 14:58:00,355.79,355.89,355.79,355.89,0.03,351.9,122378.88,1
2024-01-29,2024-01-29 14:59:00,355.89,356.0,355.89,356.0,0.03,351.9,122378.88,1
2024-01-29,2024-01-29 15:00:00,356.0,364.0,330.0,356.0,0.0,351.9,122378.88,0
2024-01-30,2024-01-30 11:00:00,355.0,360.19,354.1,355.05,0.01,232.95,85120.46,1
2024-01-30,2024-01-30 11:01:00,355.05,355.11,355.05,355.11,0.02,232.95,85120.46,1
2024-01-30,2024-01-30 11:02:00,355.11,355.16,355.11,355.16,0.01,232.95,85120.46,1
2024-01-30,2024-01-30 11:03:00,355.16,355.21,355.16,355.21,0.01,232.95,85120.46,1
2024-01-30,2024-01-30 11:04:00,355.21,355.26,355.21,355.26,0.01,232.95,85120.46,1
2024-01-30,2024-01-30 11:05:00,355.26,355.32,355.26,355.32,0.02,232.95,85120.46,1
2024-01-30,2024-01-30 11:06:00,355.32,355.37,355.32,355.37,0.01,232.95,85120.46,1
2024-01-30,2024-01-30 11:07:00,355.37,355.42,355.37,355.42,0.01,232.95,85120.46,1
2024-01-30,2024-01-30 11:08:00,355.42,355.48,355.42,355.48,0.02,232.95,85120.46,1
2024-01-30,2024-01-30 11:09:00,355.48,355.53,355.48,355.53,0.01,232.95,85120.46,1
2024-01-30,2024-01-30 11:10:00,355.53,355.58,355.53,355.58,0.01,232.95,85120.46,1
2024-01-30,2024-01-30 11:11:00,355.58,355.63,355.58,355.63,0.01,232.95,85120.46,1
2024-01-30,2024-01-30 11:12:00,355.63,355.69,355.63,355.69,0.02,232.95,85120.46,1
2024-01-30,2024-01-30 11:13:00,355.69,355.74,355.69,355.74,0.01,232.95,85120.46,1
2024-01-30,2024-01-30 11:14:00,355.74,355.79,355.74,355.79,0.01,232.95,85120.46,1
2024-01-30,2024-01-30 11:15:00,355.79,355.85,355.79,355.85,0.02,232.95,85120.46,1
2024-01-30,2024-01-30 11:16:00,355.85,355.9,355.85,355.9,0.01,232.95,85120.46,1
2024-01-30,2024-01-30 11:17:00,355.9,355.95,355.9,355.95,0.01,232.95,85120.46,1
2024-01-30,2024-01-30 11:18:00,355.95,356.01,355.95,356.01,0.02,232.95,85120.46,1
2024-01-30,2024-01-30 11:19:00,356.01,356.06,356.01,356.06,0.01,232.95,85120.46,1
2024-01-30,2024-01-30 11:20:00,356.06,356.11,356.06,356.11,0.01,232.95,85120.46,1
2024-01-30,2024-01-30 11:21:00,356.11,356.16,356.11,356.16,0.01,232.95,85120.46,1
2024-01-30,2024-01-30 11:22:00,356.16,356.22,356.16,356.22,0.02,232.95,85120.46,1
2024-01-30,2024-01-30 11:23:00,356.22,356.27,356.22,356.27,0.01,232.95,85120.46,1
2024-01-30,2024-01-30 11:24:00,356.27,356.32,356.27,356.32,0.01,232.95,85120.46,1
2024-01-30,2024-01-30 11:25:00,356.32,356.38,356.32,356.38,0.02,232.95,85120.46,1
2024-01-30,2024-01-30 11:26:00,356.38,356.43,356.38,356.43,0.01,232.95,85120.46,1
2024-01-30,2024-01-30 11:27:00,356.43,356.48,356.43,356.48,0.01,232.95,85120.46,1
2024-01-30,2024-01-30 11:28:00,356.48,356.53,356.48,356.53,0.01,232.95,85120.46,1
2024-01-30,2024-01-30 11:29:00,356.53,356.59,356.53,356.59,0.02,232.95,85120.46,1
2024-01-30,2024-01-30 11:30:00,356.59,356.64,356.59,356.64,0.01,232.95,85120.46,1
2024-01-30,2024-01-30 11:31:00,356.64,356.69,356.64,356.69,0.01,232.95,85120.46,1
2024-01-30,2024-01-30 11:32:00,356.69,356.75,356.69,356.75,0.02,232.95,85120.46,1
2024-01-30,2024-01-30 11:33:00,356.75,356.8,356.75,356.8,0.01,232.95,85120.46,1
2024-01-30,2024-01-30 11:34:00,356.8,356.85,356.8,356.85,0.01,232.95,85120.46,1
2024-01-30,2024-01-30 11:35:00,356.85,356.9,356.85,356.9,0.01,232.95,85120.46,1
2024-01-30,2024-01-30 11:36:00,356.9,356.96,356.9,356.96,0.02,232.95,85120.46,1
2024-01-30,2024-01-30 11:37:00,356.96,357.01,356.96,357.01,0.01,232.95,85120.46,1
2024-01-30,2024-01-30 11:38:00,357.01,357.06,357.01,357.06,0.01,232.95,85120.46,1
2024-01-30,2024-01-30 11:39:00,357.06,357.12,357.06,357.12,0.02,232.95,85120.46,1
2024-01-30,2024-01-30 11:40:00,357.12,357.17,357.12,357.17,0.01,232.95,85120.46,1
2024-01-30,2024-01-30 11:41:00,357.17,357.22,357.17,357.22,0.01,232.95,85120.46,1
2024-01-30,2024-01-30 11:42:00,357.22,357.28,357.22,357.28,0.02,232.95,85120.46,1
2024-01-30,2024-01-30 11:43:00,357.28,357.33,357.28,357.33,0.01,232.95,85120.46,1
2024-01-30,2024-01-30 11:44:00,357.33,357.38,357.33,357.38,0.01,232.95,85120.46,1
2024-01-30,2024-01-30 11:45:00,357.38,357.43,357.38,357.43,0.01,232.95,85120.46,1
2024-01-30,2024-01-30 11:46:00,357.43,357.49,357.43,357.49,0.02,232.95,85120.46,1
2024-01-30,2024-01-30 11:47:00,357.49,357.54,357.49,357.54,0.01,232.95,85120.46,1
2024-01-30,2024-01-30 11:48:00,357.54,357.59,357.54,357.59,0.01,232.95,85120.46,1
2024-01-30,2024-01-30 11:49:00,357.59,357.65,357.59,357.65,0.02,232.95,85120.46,1
2024-01-30,2024-01-30 11:50:00,357.65,357.7,357.65,357.7,0.01,232.95,85120.46,1
2024-01-30,2024-01-30 11:51:00,357.7,357.75,357.7,357.75,0.01,232.95,85120.46,1
2024-01-30,2024-01-30 11:52:00,357.75,357.8,357.75,357.8,0.01,232.95,85120.46,1
2024-01-30,2024-01-30 11:53:00,357.8,357.86,357.8,357.86,0.02,232.95,85120.46,1
2024-01-30,2024-01-30 11:54:00,357.86,357.91,357.86,357.91,0.01,232.95,85120.46,1
2024-01-30,2024-01-30 11:55:00,357.91,357.96,357.91,357.96,0.01,232.95,85120.46,1
2024-01-30,2024-01-30 11:56:00,357.96,358.02,357.96,358.02,0.02,232.95,85120.46,1
2024-01-30,2024-01-30 11:57:00,358.02,358.07,358.02,358.07,0.01,232.95,85120.46,1
2024-01-30,2024-01-30 11:58:00,358.07,358.12,358.07,358.12,0.01,232.95,85120.46,1
2024-01-30,2024-01-30 11:59:00,358.12,358.18,358.12,358.18,0.02,232.95,85120.46,1
2024-01-30,2024-01-30 12:00:00,358.18,358.23,358.18,358.23,0.01,232.95,85120.46,1
2024-01-30,2024-01-30 12:01:00,358.23,358.28,358.23,358.28,0.01,232.95,85120.46,1
2024-01-30,2024-01-30 12:02:00,358.28,358.33,358.28,358.33,0.01,232.95,85120.46,1
2024-01-30,2024-01-30 12:03:00,358.33,358.39,358.33,358.39,0.02,232.95,85120.46,1
2024-01-30,2024-01-30 12:04:00,358.39,358.44,358.39,358.44,0.01,232.95,85120.46,1
2024-01-30,2024-01-30 12:05:00,358.44,358.49,358.44,358.49,0.01,232.95,85120.46,1
2024-01-30,2024-01-30 12:06:00,358.49,358.55,358.49,358.55,0.02,232.95,85120.46,1
2024-01-30,2024-01-30 12:07:00,358.55,358.6,358.55,358.6,0.01,232.95,85120.46,1
2024-01-30,2024-01-30 12:08:00,358.6,358.65,358.6,358.65,0.01,232.95,85120.46,1
2024-01-30,2024-01-30 12:09:00,358.65,358.7,358.65,358.7,0.01,232.95,85120.46,1
2024-01-30,2024-01-30 12:10:00,358.7,358.76,358.7,358.76,0.02,232.95,85120.46,1
2024-01-30,2024-01-30 12:11:00,358.76,358.81,358.76,358.81,0.01,232.95,85120.46,1
2024-01-30,2024-01-30 12:12:00,358.81,358.86,358.81,358.86,0.01,232.95,85120.46,1
2024-01-30,2024-01-30 12:13:00,358.86,358.92,358.86,358.92,0.02,232.95,85120.46,1
2024-01-30,2024-01-30 12:14:00,358.92,358.97,358.92,358.97,0.01,232.95,85120.46,1
2024-01-30,2024-01-30 12:15:00,358.97,359.02,358.97,359.02,0.01,232.95,85120.46,1
2024-01-30,2024-01-30 12:16:00,359.02,359.07,359.02,359.07,0.01,232.95,85120.46,1
2024-01-30,2024-01-30 12:17:00,359.07,359.13,359.07,359.13,0.02,232.95,85120.46,1
2024-01-30,2024-01-30 12:18:00,359.13,359.18,359.13,359.18,0.01,232.95,85120.46,1
2024-01-30,2024-01-30 12:19:00,359.18,359.23,359.18,359.23,0.01,232.95,85120.46,1
2024-01-30,2024-01-30 12:20:00,359.23,359.29,359.23,359.29,0.02,232.95,85120.46,1
2024-01-30,2024-01-30 12:21:00,359.29,359.34,359.29,359.34,0.01,232.95,85120.46,1
2024-01-30,2024-01-30 12:22:00,359.34,359.39,359.34,359.39,0.01,232.95,85120.46,1
2024-01-30,2024-01-30 12:23:00,359.39,359.44,359.39,359.44,0.01,232.95,85120.46,1
2024-01-30,2024-01-30 12:24:00,359.44,359.5,359.44,359.5,0.02,232.95,85120.46,1
2024-01-30,2024-01-30 12:25:00,359.5,359.55,359.5,359.55,0.01,232.95,85120.46,1
2024-01-30,2024-01-30 12:26:00,359.55,359.6,359.55,359.6,0.01,232.95,85120.46,1
2024-01-30,2024-01-30 12:27:00,359.6,359.66,359.6,359.66,0.02,232.95,85120.46,1
2024-01-30,2024-01-30 12:28:00,359.66,359.71,359.66,359.71,0.01,232.95,85120.46,1
2024-01-30,2024-01-30 12:29:00,359.71,359.76,359.71,359.76,0.01,232.95,85120.46,1
2024-01-30,2024-01-30 12:30:00,359.76,359.82,359.76,359.82,0.02,232.95,85120.46,1
2024-01-30,2024-01-30 12:31:00,359.82,359.87,359.82,359.87,0.01,232.95,85120.46,1
2024-01-30,2024-01-30 12:32:00,359.87,359.92,359.87,359.92,0.01,232.95,85120.46,1
2024-01-30,2024-01-30 12:33:00,359.92,359.97,359.92,359.97,0.01,232.95,85120.46,1
2024-01-30,2024-01-30 12:34:00,359.97,360.03,359.97,360.03,0.02,232.95,85120.46,1
2024-01-30,2024-01-30 12:35:00,360.03,360.08,360.03,360.08,0.01,232.95,85120.46,1
2024-01-30,2024-01-30 12:36:00,360.08,360.13,360.08,360.13,0.01,232.95,85120.46,1
2024-01-30,2024-01-30 12:37:00,360.13,360.19,360.13,360.19,0.02,232.95,85120.46,1
2024-01-30,2024-01-30 12:38:00,360.19,360.24,360.19,360.24,0.01,232.95,85120.46,1
2024-01-30,2024-01-30 12:39:00,360.24,360.29,360.24,360.29,0.01,232.95,85120.46,1
2024-01-30,2024-01-30 12:40:00,360.29,360.34,360.29,360.34,0.01,232.95,85120.46,1
2024-01-30,2024-01-30 12:41:00,360.34,360.4,360.34,360.4,0.02,232.95,85120.46,1
2024-01-30,2024-01-30 12:42:00,360.4,360.45,360.4,360.45,0.01,232.95,85120.46,1
2024-01-30,2024-01-30 12:43:00,360.45,360.5,360.45,360.5,0.01,232.95,85120.46,1
2024-01-30,2024-01-30 12:44:00,360.5,360.56,360.5,360.56,0.02,232.95,85120.46,1
2024-01-30,2024-01-30 12:45:00,360.56,360.61,360.56,360.61,0.01,232.95,85120.46,1
2024-01-30,2024-01-30 12:46:00,360.61,360.66,360.61,360.66,0.01,232.95,85120.46,1
2024-01-30,2024-01-30 12:47:00,360.66,360.71,360.66,360.71,0.01,232.95,85120.46,1
2024-01-30,2024-01-30 12:48:00,360.71,360.77,360.71,360.77,0.02,232.95,85120.46,1
2024-01-30,2024-01-30 12:49:00,360.77,360.82,360.77,360.82,0.01,232.95,85120.46,1
2024-01-30,2024-01-30 12:50:00,360.82,360.87,360.82,360.87,0.01,232.95,85120.46,1
2024-01-30,2024-01-30 12:51:00,360.87,360.93,360.87,360.93,0.02,232.95,85120.46,1
2024-01-30,2024-01-30 12:52:00,360.93,360.98,360.93,360.98,0.01,232.95,85120.46,1
2024-01-30,2024-01-30 12:53:00,360.98,361.03,360.98,361.03,0.01,232.95,85120.46,1
2024-01-30,2024-01-30 12:54:00,361.03,361.09,361.03,361.09,0.02,232.95,85120.46,1
2024-01-30,2024-01-30 12:55:00,361.09,361.14,361.09,361.14,0.01,232.95,85120.46,1
2024-01-30,2024-01-30 12:56:00,361.14,361.19,361.14,361.19,0.01,232.95,85120.46,1
2024-01-30,2024-01-30 12:57:00,361.19,361.24,361.19,361.24,0.01,232.95,85120.46,1
2024-01-30,2024-01-30 12:58:00,361.24,361.3,361.24,361.3,0.02,232.95,85120.46,1
2024-01-30,2024-01-30 12:59:00,361.3,361.35,361.3,361.35,0.01,232.95,85120.46,1
2024-01-30,2024-01-30 13:00:00,361.35,372.3,352.0,361.4,0.01,232.95,85120.46,1
2024-01-30,2024-01-30 13:01:00,361.4,361.46,361.4,361.46,0.02,232.95,85120.46,1
2024-01-30,2024-01-30 13:02:00,361.46,361.51,361.46,361.51,0.01,232.95,85120.46,1
2024-01-30,2024-01-30 13:03:00,361.51,361.56,361.51,361.56,0.01,232.95,85120.46,1
2024-01-30,2024-01-30 13:04:00,361.56,361.61,361.56,361.61,0.01,232.95,85120.46,1
2024-01-30,2024-01-30 13:05:00,361.61,361.67,361.61,361.67,0.02,232.95,85120.46,1
2024-01-30,2024-01-30 13:06:00,361.67,361.72,361.67,361.72,0.01,232.95,85120.46,1
2024-01-30,2024-01-30 13:07:00,361.72,361.77,361.72,361.77,0.01,232.95,85120.46,1
2024-01-30,2024-01-30 13:08:00,361.77,361.83,361.77,361.83,0.02,232.95,85120.46,1
2024-01-30,2024-01-30 13:09:00,361.83,361.88,361.83,361.88,0.01,232.95,85120.46,1
2024-01-30,2024-01-30 13:10:00,361.88,361.93,361.88,361.93,0.01,232.95,85120.46,1
2024-01-30,2024-01-30 13:11:00,361.93,361.99,361.93,361.99,0.02,232.95,85120.46,1
2024-01-30,2024-01-30 13:12:00,361.99,362.04,361.99,362.04,0.01,232.95,85120.46,1
2024-01-30,2024-01-30 13:13:00,362.04,362.09,362.04,362.09,0.01,232.95,85120.46,1
2024-01-30,2024-01-30 13:14:00,362.09,362.14,362.09,362.14,0.01,232.95,85120.46,1
2024-01-30,2024-01-30 13:15:00,362.14,362.2,362.14,362.2,0.02,232.95,85120.46,1
2024-01-30,2024-01-30 13:16:00,362.2,362.25,362.2,362.25,0.01,232.95,85120.46,1
2024-01-30,2024-01-30 13:17:00,362.25,362.3,362.25,362.3,0.01,232.95,85120.46,1
2024-01-30,2024-01-30 13:18:00,362.3,362.36,362.3,362.36,0.02,232.95,85120.46,1
2024-01-30,2024-01-30 13:19:00,362.36,362.41,362.36,362.41,0.01,232.95,85120.46,1
2024-01-30,2024-01-30 13:20:00,362.41,362.46,362.41,362.46,0.01,232.95,85120.46,1
2024-01-30,2024-01-30 13:21:00,362.46,362.51,362.46,362.51,0.01,232.95,85120.46,1
2024-01-30,2024-01-30 13:22:00,362.51,362.57,362.51,362.57,0.02,232.95,85120.46,1
2024-01-30,2024-01-30 13:23:00,362.57,362.62,362.57,362.62,0.01,232.95,85120.46,1
2024-01-30,2024-01-30 13:24:00,362.62,362.67,362.62,362.67,0.01,232.95,85120.46,1
2024-01-30,2024-01-30 13:25:00,362.67,362.73,362.67,362.73,0.02,232.95,85120.46,1
2024-01-30,2024-01-30 13:26:00,362.73,362.78,362.73,362.78,0.01,232.95,85120.46,1
2024-01-30,2024-01-30 13:27:00,362.78,362.83,362.78,362.83,0.01,232.95,85120.46,1
2024-01-30,2024-01-30 13:28:00,362.83,362.88,362.83,362.88,0.01,232.95,85120.46,1
2024-01-30,2024-01-30 13:29:00,362.88,362.94,362.88,362.94,0.02,232.95,85120.46,1
2024-01-30,2024-01-30 13:30:00,362.94,362.99,362.94,362.99,0.01,232.95,85120.46,1
2024-01-30,2024-01-30 13:31:00,362.99,363.04,362.99,363.04,0.01,232.95,85120.46,1
2024-01-30,2024-01-30 13:32:00,363.04,363.1,363.04,363.1,0.02,232.95,85120.46,1
2024-01-30,2024-01-30 13:33:00,363.1,363.15,363.1,363.15,0.01,232.95,85120.46,1
2024-01-30,2024-01-30 13:34:00,363.15,363.2,363.15,363.2,0.01,232.95,85120.46,1
2024-01-30,2024-01-30 13:35:00,363.2,363.25,363.2,363.25,0.01,232.95,85120.46,1
2024-01-30,2024-01-30 13:36:00,363.25,363.31,363.25,363.31,0.02,232.95,85120.46,1
2024-01-30,2024-01-30 13:37:00,363.31,363.36,363.31,363.36,0.01,232.95,85120.46,1
2024-01-30,2024-01-30 13:38:00,363.36,363.41,363.36,363.41,0.01,232.95,85120.46,1
2024-01-30,2024-01-30 13:39:00,363.41,363.47,363.41,363.47,0.02,232.95,85120.46,1
2024-01-30,2024-01-30 13:40:00,363.47,363.52,363.47,363.52,0.01,232.95,85120.46,1
2024-01-30,2024-01-30 13:41:00,363.52,363.57,363.52,363.57,0.01,232.95,85120.46,1
2024-01-30,2024-01-30 13:42:00,363.57,363.63,363.57,363.63,0.02,232.95,85120.46,1
2024-01-30,2024-01-30 13:43:00,363.63,363.68,363.63,363.68,0.01,232.95,85120.46,1
2024-01-30,2024-01-30 13:44:00,363.68,363.73,363.68,363.73,0.01,232.95,85120.46,1
2024-01-30,2024-01-30 13:45:00,363.73,363.78,363.73,363.78,0.01,232.95,85120.46,1
2024-01-30,2024-01-30 13:46:00,363.78,363.84,363.78,363.84,0.02,232.95,85120.46,1
2024-01-30,2024-01-30 13:47:00,363.84,363.89,363.84,363.89,0.01,232.95,85120.46,1
2024-01-30,2024-01-30 13:48:00,363.89,363.94,363.89,363.94,0.01,232.95,85120.46,1
2024-01-30,2024-01-30 13:49:00,363.94,364.0,363.94,364.0,0.02,232.95,85120.46,1
2024-01-30,2024-01-30 13:50:00,364.0,364.05,364.0,364.05,0.01,232.95,85120.46,1
2024-01-30,2024-01-30 13:51:00,364.05,364.1,364.05,364.1,0.01,232.95,85120.46,1
2024-01-30,2024-01-30 13:52:00,364.1,364.15,364.1,364.15,0.01,232.95,85120.46,1
2024-01-30,2024-01-30 13:53:00,364.15,364.21,364.15,364.21,0.02,232.95,85120.46,1
2024-01-30,2024-01-30 13:54:00,364.21,364.26,364.21,364.26,0.01,232.95,85120.46,1
2024-01-30,2024-01-30 13:55:00,364.26,364.31,364.26,364.31,0.01,232.95,85120.46,1
2024-01-30,2024-01-30 13:56:00,364.31,364.37,364.31,364.37,0.02,232.95,85120.46,1
2024-01-30,2024-01-30 13:57:00,364.37,364.42,364.37,364.42,0.01,232.95,85120.46,1
2024-01-30,2024-01-30 13:58:00,364.42,364.47,364.42,364.47,0.01,232.95,85120.46,1
2024-01-30,2024-01-30 13:59:00,364.47,364.52,364.47,364.52,0.01,232.95,85120.46,1
2024-01-30,2024-01-30 14:00:00,364.52,364.58,364.52,364.58,0.02,232.95,85120.46,1
2024-01-30,2024-01-30 14:01:00,364.58,364.63,364.58,364.63,0.01,232.95,85120.46,1
2024-01-30,2024-01-30 14:02:00,364.63,364.68,364.63,364.68,0.01,232.95,85120.46,1
2024-01-30,2024-01-30 14:03:00,364.68,364.74,364.68,364.74,0.02,232.95,85120.46,1
2024-01-30,2024-01-30 14:04:00,364.74,364.79,364.74,364.79,0.01,232.95,85120.46,1
2024-01-30,2024-01-30 14:05:00,364.79,364.84,364.79,364.84,0.01,232.95,85120.46,1
2024-01-30,2024-01-30 14:06:00,364.84,364.9,364.84,364.9,0.02,232.95,85120.46,1
2024-01-30,2024-01-30 14:07:00,364.9,364.95,364.9,364.95,0.01,232.95,85120.46,1
2024-01-30,2024-01-30 14:08:00,364.95,365.0,364.95,365.0,0.01,232.95,85120.46,1
2024-01-30,2024-01-30 14:09:00,365.0,365.05,365.0,365.05,0.01,232.95,85120.46,1
2024-01-30,2024-01-30 14:10:00,365.05,365.11,365.05,365.11,0.02,232.95,85120.46,1
2024-01-30,2024-01-30 14:11:00,365.11,365.16,365.11,365.16,0.01,232.95,85120.46,1
2024-01-30,2024-01-30 14:12:00,365.16,365.21,365.16,365.21,0.01,232.95,85120.46,1
2024-01-30,2024-01-30 14:13:00,365.21,365.27,365.21,365.27,0.02,232.95,85120.46,1
2024-01-30,2024-01-30 14:14:00,365.27,365.32,365.27,365.32,0.01,232.95,85120.46,1
2024-01-30,2024-01-30 14:15:00,365.32,365.37,365.32,365.37,0.01,232.95,85120.46,1
2024-01-30,2024-01-30 14:16:00,365.37,365.42,365.37,365.42,0.01,232.95,85120.46,1
2024-01-30,2024-01-30 14:17:00,365.42,365.48,365.42,365.48,0.02,232.95,85120.46,1
2024-01-30,2024-01-30 14:18:00,365.48,365.53,365.48,365.53,0.01,232.95,85120.46,1
2024-01-30,2024-01-30 14:19:00,365.53,365.58,365.53,365.58,0.01,232.95,85120.46,1
2024-01-30,2024-01-30 14:20:00,365.58,365.64,365.58,365.64,0.02,232.95,85120.46,1
2024-01-30,2024-01-30 14:21:00,365.64,365.69,365.64,365.69,0.01,232.95,85120.46,1
2024-01-30,2024-01-30 14:22:00,365.69,365.74,365.69,365.74,0.01,232.95,85120.46,1
2024-01-30,2024-01-30 14:23:00,365.74,365.8,365.74,365.8,0.02,232.95,85120.46,1
2024-01-30,2024-01-30 14:24:00,365.8,365.85,365.8,365.85,0.01,232.95,85120.46,1
2024-01-30,2024-01-30 14:25:00,365.85,365.9,365.85,365.9,0.01,232.95,85120.46,1
2024-01-30,2024-01-30 14:26:00,365.9,365.95,365.9,365.95,0.01,232.95,85120.46,1
2024-01-30,2024-01-30 14:27:00,365.95,366.01,365.95,366.01,0.02,232.95,85120.46,1
2024-01-30,2024-01-30 14:28:00,366.01,366.06,366.01,366.06,0.01,232.95,85120.46,1
2024-01-30,2024-01-30 14:29:00,366.06,366.11,366.06,366.11,0.01,232.95,85120.46,1
2024-01-30,2024-01-30 14:30:00,366.11,366.17,366.11,366.17,0.02,232.95,85120.46,1
2024-01-30,2024-01-30 14:31:00,366.17,366.22,366.17,366.22,0.01,232.95,85120.46,1
2024-01-30,2024-01-30 14:32:00,366.22,366.27,366.22,366.27,0.01,232.95,85120.46,1
2024-01-30,2024-01-30 14:33:00,366.27,366.32,366.27,366.32,0.01,232.95,85120.46,1
2024-01-30,2024-01-30 14:34:00,366.32,366.38,366.32,366.38,0.02,232.95,85120.46,1
2024-01-30,2024-01-30 14:35:00,366.38,366.43,366.38,366.43,0.01,232.95,85120.46,1
2024-01-30,2024-01-30 14:36:00,366.43,366.48,366.43,366.48,0.01,232.95,85120.46,1
2024-01-30,2024-01-30 14:37:00,366.48,366.54,366.48,366.54,0.02,232.95,85120.46,1
2024-01-30,2024-01-30 14:38:00,366.54,366.59,366.54,366.59,0.01,232.95,85120.46,1
2024-01-30,2024-01-30 14:39:00,366.59,366.64,366.59,366.64,0.01,232.95,85120.46,1
2024-01-30,2024-01-30 14:40:00,366.64,366.69,366.64,366.69,0.01,232.95,85120.46,1
2024-01-30,2024-01-30 14:41:00,366.69,366.75,366.69,366.75,0.02,232.95,85120.46,1
2024-01-30,2024-01-30 14:42:00,366.75,366.8,366.75,366.8,0.01,232.95,85120.46,1
2024-01-30,2024-01-30 14:43:00,366.8,366.85,366.8,366.85,0.01,232.95,85120.46,1
2024-01-30,2024-01-30 14:44:00,366.85,366.91,366.85,366.91,0.02,232.95,85120.46,1
2024-01-30,2024-01-30 14:45:00,366.91,366.96,366.91,366.96,0.01,232.95,85120.46,1
2024-01-30,2024-01-30 14:46:00,366.96,367.01,366.96,367.01,0.01,232.95,85120.46,1
2024-01-30,2024-01-30 14:47:00,367.01,367.06,367.01,367.06,0.01,232.95,85120.46,1
2024-01-30,2024-01-30 14:48:00,367.06,367.12,367.06,367.12,0.02,232.95,85120.46,1
2024-01-30,2024-01-30 14:49:00,367.12,367.17,367.12,367.17,0.01,232.95,85120.46,1
2024-01-30,2024-01-30 14:50:00,367.17,367.22,367.17,367.22,0.01,232.95,85120.46,1
2024-01-30,2024-01-30 14:51:00,367.22,367.28,367.22,367.28,0.02,232.95,85120.46,1
2024-01-30,2024-01-30 14:52:00,367.28,367.33,367.28,367.33,0.01,232.95,85120.46,1
2024-01-30,2024-01-30 14:53:00,367.33,367.38,367.33,367.38,0.01,232.95,85120.46,1
2024-01-30,2024-01-30 14:54:00,367.38,367.44,367.38,367.44,0.02,232.95,85120.46,1
2024-01-30,2024-01-30 14:55:00,367.44,367.49,367.44,367.49,0.01,232.95,85120.46,1
2024-01-30,2024-01-30 14:56:00,367.49,367.54,367.49,367.54,0.01,232.95,85120.46,1
2024-01-30,2024-01-30 14:57:00,367.54,367.59,367.54,367.59,0.01,232.95,85120.46,1
2024-01-30,2024-01-30 14:58:00,367.59,367.65,367.59,367.65,0.02,232.95,85120.46,1
2024-01-30,2024-01-30 14:59:00,367.65,367.7,367.65,367.7,0.01,232.95,85120.46,1
2024-01-30,2024-01-30 15:00:00,367.7,372.3,352.0,367.7,0.0,232.95,85120.46,0
2024-01-31,2024-01-31 11:00:00,370.0,373.0,362.59,369.93,-0.02,167.2,61307.32,-1
2024-01-31,2024-01-31 11:01:00,369.93,369.93,369.87,369.87,-0.02,167.2,61307.32,-1
2024-01-31,2024-01-31 11:02:00,369.87,369.87,369.8,369.8,-0.02,167.2,61307.32,-1
2024-01-31,2024-01-31 11:03:00,369.8,369.8,369.73,369.73,-0.02,167.2,61307.32,-1
2024-01-31,2024-01-31 11:04:00,369.73,369.73,369.67,369.67,-0.02,167.2,61307.32,-1
2024-01-31,2024-01-31 11:05:00,369.67,369.67,369.6,369.6,-0.02,167.2,61307.32,-1
2024-01-31,2024-01-31 11:06:00,369.6,369.6,369.53,369.53,-0.02,167.2,61307.32,-1
2024-01-31,2024-01-31 11:07:00,369.53,369.53,369.47,369.47,-0.02,167.2,61307.32,-1
2024-01-31,2024-01-31 11:08:00,369.47,369.47,369.4,369.4,-0.02,167.2,61307.32,-1
2024-01-31,2024-01-31 11:09:00,369.4,369.4,369.33,369.33,-0.02,167.2,61307.32,-1
2024-01-31,2024-01-31 11:10:00,369.33,369.33,369.27,369.27,-0.02,167.2,61307.32,-1
2024-01-31,2024-01-31 11:11:00,369.27,369.27,369.2,369.2,-0.02,167.2,61307.32,-1
2024-01-31,2024-01-31 11:12:00,369.2,369.2,369.13,369.13,-0.02,167.2,61307.32,-1
2024-01-31,2024-01-31 11:13:00,369.13,369.13,369.07,369.07,-0.02,167.2,61307.32,-1
2024-01-31,2024-01-31 11:14:00,369.07,369.07,369.0,369.0,-0.02,167.2,61307.32,-1
2024-01-31,2024-01-31 11:15:00,369.0,369.0,368.93,368.93,-0.02,167.2,61307.32,-1
2024-01-31,2024-01-31 11:16:00,368.93,368.93,368.87,368.87,-0.02,167.2,61307.32,-1
2024-01-31,2024-01-31 11:17:00,368.87,368.87,368.8,368.8,-0.02,167.2,61307.32,-1
2024-01-31,2024-01-31 11:18:00,368.8,368.8,368.73,368.73,-0.02,167.2,61307.32,-1
2024-01-31,2024-01-31 11:19:00,368.73,368.73,368.67,368.67,-0.02,167.2,61307.32,-1
2024-01-31,2024-01-31 11:20:00,368.67,368.67,368.6,368.6,-0.02,167.2,61307.32,-1
2024-01-31,2024-01-31 11:21:00,368.6,368.6,368.53,368.53,-0.02,167.2,61307.32,-1
2024-01-31,2024-01-31 11:22:00,368.53,368.53,368.47,368.47,-0.02,167.2,61307.32,-1
2024-01-31,2024-01-31 11:23:00,368.47,368.47,368.4,368.4,-0.02,167.2,61307.32,-1
2024-01-31,2024-01-31 11:24:00,368.4,368.4,368.33,368.33,-0.02,167.2,61307.32,-1
2024-01-31,2024-01-31 11:25:00,368.33,368.33,368.27,368.27,-0.02,167.2,61307.32,-1
2024-01-31,2024-01-31 11:26:00,368.27,368.27,368.2,368.2,-0.02,167.2,61307.32,-1
2024-01-31,2024-01-31 11:27:00,368.2,368.2,368.13,368.13,-0.02,167.2,61307.32,-1
2024-01-31,2024-01-31 11:28:00,368.13,368.13,368.07,368.07,-0.02,167.2,61307.32,-1
2024-01-31,2024-01-31 11:29:00,368.07,368.07,368.0,368.0,-0.02,167.2,61307.32,-1
2024-01-31,2024-01-31 11:30:00,368.0,368.0,367.93,367.93,-0.02,167.2,61307.32,-1
2024-01-31,2024-01-31 11:31:00,367.93,367.93,367.87,367.87,-0.02,167.2,61307.32,-1
2024-01-31,2024-01-31 11:32:00,367.87,367.87,367.8,367.8,-0.02,167.2,61307.32,-1
2024-01-31,2024-01-31 11:33:00,367.8,367.8,367.73,367.73,-0.02,167.2,61307.32,-1
2024-01-31,2024-01-31 11:34:00,367.73,367.73,367.67,367.67,-0.02,167.2,61307.32,-1
2024-01-31,2024-01-31 11:35:00,367.67,367.67,367.6,367.6,-0.02,167.2,61307.32,-1
2024-01-31,2024-01-31 11:36:00,367.6,367.6,367.53,367.53,-0.02,167.2,61307.32,-1
2024-01-31,2024-01-31 11:37:00,367.53,367.53,367.47,367.47,-0.02,167.2,61307.32,-1
2024-01-31,2024-01-31 11:38:00,367.47,367.47,367.4,367.4,-0.02,167.2,61307.32,-1
2024-01-31,2024-01-31 11:39:00,367.4,367.4,367.33,367.33,-0.02,167.2,61307.32,-1
2024-01-31,2024-01-31 11:40:00,367.33,367.33,367.27,367.27,-0.02,167.2,61307.32,-1
2024-01-31,2024-01-31 11:41:00,367.27,367.27,367.2,367.2,-0.02,167.2,61307.32,-1
2024-01-31,2024-01-31 11:42:00,367.2,367.2,367.13,367.13,-0.02,167.2,61307.32,-1
2024-01-31,2024-01-31 11:43:00,367.13,367.13,367.07,367.07,-0.02,167.2,61307.32,-1
2024-01-31,2024-01-31 11:44:00,367.07,367.07,367.0,367.0,-0.02,167.2,61307.32,-1
2024-01-31,2024-01-31 11:45:00,367.0,367.0,366.93,366.93,-0.02,167.2,61307.32,-1
2024-01-31,2024-01-31 11:46:00,366.93,366.93,366.87,366.87,-0.02,167.2,61307.32,-1
2024-01-31,2024-01-31 11:47:00,366.87,366.87,366.8,366.8,-0.02,167.2,61307.32,-1
2024-01-31,2024-01-31 11:48:00,366.8,366.8,366.73,366.73,-0.02,167.2,61307.32,-1
2024-01-31,2024-01-31 11:49:00,366.73,366.73,366.67,366.67,-0.02,167.2,61307.32,-1
2024-01-31,2024-01-31 11:50:00,366.67,366.67,366.6,366.6,-0.02,167.2,61307.32,-1
2024-01-31,2024-01-31 11:51:00,366.6,366.6,366.53,366.53,-0.02,167.2,61307.32,-1
2024-01-31,2024-01-31 11:52:00,366.53,366.53,366.47,366.47,-0.02,167.2,61307.32,-1
2024-01-31,2024-01-31 11:53:00,366.47,366.47,366.4,366.4,-0.02,167.2,61307.32,-1
2024-01-31,2024-01-31 11:54:00,366.4,366.4,366.33,366.33,-0.02,167.2,61307.32,-1
2024-01-31,2024-01-31 11:55:00,366.33,366.33,366.27,366.27,-0.02,167.2,61307.32,-1
2024-01-31,2024-01-31 11:56:00,366.27,366.27,366.2,366.2,-0.02,167.2,61307.32,-1
2024-01-31,2024-01-31 11:57:00,366.2,366.2,366.13,366.13,-0.02,167.2,61307.32,-1
2024-01-31,2024-01-31 11:58:00,366.13,366.13,366.07,366.07,-0.02,167.2,61307.32,-1
2024-01-31,2024-01-31 11:59:00,366.07,366.07,366.0,366.0,-0.02,167.2,61307.32,-1
2024-01-31,2024-01-31 12:00:00,366.0,366.0,365.93,365.93,-0.02,167.2,61307.32,-1
2024-01-31,2024-01-31 12:01:00,365.93,365.93,365.87,365.87,-0.02,167.2,61307.32,-1
2024-01-31,2024-01-31 12:02:00,365.87,365.87,365.8,365.8,-0.02,167.2,61307.32,-1
2024-01-31,2024-01-31 12:03:00,365.8,365.8,365.73,365.73,-0.02,167.2,61307.32,-1
2024-01-31,2024-01-31 12:04:00,365.73,365.73,365.67,365.67,-0.02,167.2,61307.32,-1
2024-01-31,2024-01-31 12:05:00,365.67,365.67,365.6,365.6,-0.02,167.2,61307.32,-1
2024-01-31,2024-01-31 12:06:00,365.6,365.6,365.53,365.53,-0.02,167.2,61307.32,-1
2024-01-31,2024-01-31 12:07:00,365.53,365.53,365.47,365.47,-0.02,167.2,61307.32,-1
2024-01-31,2024-01-31 12:08:00,365.47,365.47,365.4,365.4,-0.02,167.2,61307.32,-1
2024-01-31,2024-01-31 12:09:00,365.4,365.4,365.33,365.33,-0.02,167.2,61307.32,-1
2024-01-31,2024-01-31 12:10:00,365.33,365.33,365.27,365.27,-0.02,167.2,61307.32,-1
2024-01-31,2024-01-31 12:11:00,365.27,365.27,365.2,365.2,-0.02,167.2,61307.32,-1
2024-01-31,2024-01-31 12:12:00,365.2,365.2,365.13,365.13,-0.02,167.2,61307.32,-1
2024-01-31,2024-01-31 12:13:00,365.13,365.13,365.07,365.07,-0.02,167.2,61307.32,-1
2024-01-31,2024-01-31 12:14:00,365.07,365.07,365.0,365.0,-0.02,167.2,61307.32,-1
2024-01-31,2024-01-31 12:15:00,365.0,365.0,364.93,364.93,-0.02,167.2,61307.32,-1
2024-01-31,2024-01-31 12:16:00,364.93,364.93,364.87,364.87,-0.02,167.2,61307.32,-1
2024-01-31,2024-01-31 12:17:00,364.87,364.87,364.8,364.8,-0.02,167.2,61307.32,-1
2024-01-31,2024-01-31 12:18:00,364.8,364.8,364.73,364.73,-0.02,167.2,61307.32,-1
2024-01-31,2024-01-31 12:19:00,364.73,364.73,364.67,364.67,-0.02,167.2,61307.32,-1
2024-01-31,2024-01-31 12:20:00,364.67,364.67,364.6,364.6,-0.02,167.2,61307.32,-1
2024-01-31,2024-01-31 12:21:00,364.6,364.6,364.53,364.53,-0.02,167.2,61307.32,-1
2024-01-31,2024-01-31 12:22:00,364.53,364.53,364.47,364.47,-0.02,167.2,61307.32,-1
2024-01-31,2024-01-31 12:23:00,364.47,364.47,364.4,364.4,-0.02,167.2,61307.32,-1
2024-01-31,2024-01-31 12:24:00,364.4,364.4,364.33,364.33,-0.02,167.2,61307.32,-1
2024-01-31,2024-01-31 12:25:00,364.33,364.33,364.27,364.27,-0.02,167.2,61307.32,-1
2024-01-31,2024-01-31 12:26:00,364.27,364.27,364.2,364.2,-0.02,167.2,61307.32,-1
2024-01-31,2024-01-31 12:27:00,364.2,364.2,364.13,364.13,-0.02,167.2,61307.32,-1
2024-01-31,2024-01-31 12:28:00,364.13,364.13,364.07,364.07,-0.02,167.2,61307.32,-1
2024-01-31,2024-01-31 12:29:00,364.07,364.07,364.0,364.0,-0.02,167.2,61307.32,-1
2024-01-31,2024-01-31 12:30:00,364.0,364.0,363.93,363.93,-0.02,167.2,61307.32,-1
2024-01-31,2024-01-31 12:31:00,363.93,363.93,363.87,363.87,-0.02,167.2,61307.32,-1
2024-01-31,2024-01-31 12:32:00,363.87,363.87,363.8,363.8,-0.02,167.2,61307.32,-1
2024-01-31,2024-01-31 12:33:00,363.8,363.8,363.73,363.73,-0.02,167.2,61307.32,-1
2024-01-31,2024-01-31 12:34:00,363.73,363.73,363.67,363.67,-0.02,167.2,61307.32,-1
2024-01-31,2024-01-31 12:35:00,363.67,363.67,363.6,363.6,-0.02,167.2,61307.32,-1
2024-01-31,2024-01-31 12:36:00,363.6,363.6,363.53,363.53,-0.02,167.2,61307.32,-1
2024-01-31,2024-01-31 12:37:00,363.53,363.53,363.47,363.47,-0.02,167.2,61307.32,-1
2024-01-31,2024-01-31 12:38:00,363.47,363.47,363.4,363.4,-0.02,167.2,61307.32,-1
2024-01-31,2024-01-31 12:39:00,363.4,363.4,363.33,363.33,-0.02,167.2,61307.32,-1
2024-01-31,2024-01-31 12:40:00,363.33,363.33,363.27,363.27,-0.02,167.2,61307.32,-1
2024-01-31,2024-01-31 12:41:00,363.27,363.27,363.2,363.2,-0.02,167.2,61307.32,-1
2024-01-31,2024-01-31 12:42:00,363.2,363.2,363.13,363.13,-0.02,167.2,61307.32,-1
2024-01-31,2024-01-31 12:43:00,363.13,363.13,363.07,363.07,-0.02,167.2,61307.32,-1
2024-01-31,2024-01-31 12:44:00,363.07,363.07,363.0,363.0,-0.02,167.2,61307.32,-1
2024-01-31,2024-01-31 12:45:00,363.0,363.0,362.93,362.93,-0.02,167.2,61307.32,-1
2024-01-31,2024-01-31 12:46:00,362.93,362.93,362.87,362.87,-0.02,167.2,61307.32,-1
2024-01-31,2024-01-31 12:47:00,362.87,362.87,362.8,362.8,-0.02,167.2,61307.32,-1
2024-01-31,2024-01-31 12:48:00,362.8,362.8,362.73,362.73,-0.02,167.2,61307.32,-1
2024-01-31,2024-01-31 12:49:00,362.73,362.73,362.67,362.67,-0.02,167.2,61307.32,-1
2024-01-31,2024-01-31 12:50:00,362.67,362.67,362.6,362.6,-0.02,167.2,61307.32,-1
2024-01-31,2024-01-31 12:51:00,362.6,362.6,362.53,362.53,-0.02,167.2,61307.32,-1
2024-01-31,2024-01-31 12:52:00,362.53,362.53,362.47,362.47,-0.02,167.2,61307.32,-1
2024-01-31,2024-01-31 12:53:00,362.47,362.47,362.4,362.4,-0.02,167.2,61307.32,-1
2024-01-31,2024-01-31 12:54:00,362.4,362.4,362.33,362.33,-0.02,167.2,61307.32,-1
2024-01-31,2024-01-31 12:55:00,362.33,362.33,362.27,362.27,-0.02,167.2,61307.32,-1
2024-01-31,2024-01-31 12:56:00,362.27,362.27,362.2,362.2,-0.02,167.2,61307.32,-1
2024-01-31,2024-01-31 12:57:00,362.2,362.2,362.13,362.13,-0.02,167.2,61307.32,-1
2024-01-31,2024-01-31 12:58:00,362.13,362.13,362.07,362.07,-0.02,167.2,61307.32,-1
2024-01-31,2024-01-31 12:59:00,362.07,362.07,362.0,362.0,-0.02,167.2,61307.32,-1
2024-01-31,2024-01-31 13:00:00,362.0,380.0,345.3,361.93,-0.02,167.2,61307.32,-1
2024-01-31,2024-01-31 13:01:00,361.93,361.93,361.87,361.87,-0.02,167.2,61307.32,-1
2024-01-31,2024-01-31 13:02:00,361.87,361.87,361.8,361.8,-0.02,167.2,61307.32,-1
2024-01-31,2024-01-31 13:03:00,361.8,361.8,361.73,361.73,-0.02,167.2,61307.32,-1
2024-01-31,2024-01-31 13:04:00,361.73,361.73,361.67,361.67,-0.02,167.2,61307.32,-1
2024-01-31,2024-01-31 13:05:00,361.67,361.67,361.6,361.6,-0.02,167.2,61307.32,-1
2024-01-31,2024-01-31 13:06:00,361.6,361.6,361.53,361.53,-0.02,167.2,61307.32,-1
2024-01-31,2024-01-31 13:07:00,361.53,361.53,361.47,361.47,-0.02,167.2,61307.32,-1
2024-01-31,2024-01-31 13:08:00,361.47,361.47,361.4,361.4,-0.02,167.2,61307.32,-1
2024-01-31,2024-01-31 13:09:00,361.4,361.4,361.33,361.33,-0.02,167.2,61307.32,-1
2024-01-31,2024-01-31 13:10:00,361.33,361.33,361.27,361.27,-0.02,167.2,61307.32,-1
2024-01-31,2024-01-31 13:11:00,361.27,361.27,361.2,361.2,-0.02,167.2,61307.32,-1
2024-01-31,2024-01-31 13:12:00,361.2,361.2,361.13,361.13,-0.02,167.2,61307.32,-1
2024-01-31,2024-01-31 13:13:00,361.13,361.13,361.07,361.07,-0.02,167.2,61307.32,-1
2024-01-31,2024-01-31 13:14:00,361.07,361.07,361.0,361.0,-0.02,167.2,61307.32,-1
2024-01-31,2024-01-31 13:15:00,361.0,361.0,360.93,360.93,-0.02,167.2,61307.32,-1
2024-01-31,2024-01-31 13:16:00,360.93,360.93,360.87,360.87,-0.02,167.2,61307.32,-1
2024-01-31,2024-01-31 13:17:00,360.87,360.87,360.8,360.8,-0.02,167.2,61307.32,-1
2024-01-31,2024-01-31 13:18:00,360.8,360.8,360.73,360.73,-0.02,167.2,61307.32,-1
2024-01-31,2024-01-31 13:19:00,360.73,360.73,360.67,360.67,-0.02,167.2,61307.32,-1
2024-01-31,2024-01-31 13:20:00,360.67,360.67,360.6,360.6,-0.02,167.2,61307.32,-1
2024-01-31,2024-01-31 13:21:00,360.6,360.6,360.53,360.53,-0.02,167.2,61307.32,-1
2024-01-31,2024-01-31 13:22:00,360.53,360.53,360.47,360.47,-0.02,167.2,61307.32,-1
2024-01-31,2024-01-31 13:23:00,360.47,360.47,360.4,360.4,-0.02,167.2,61307.32,-1
2024-01-31,2024-01-31 13:24:00,360.4,360.4,360.33,360.33,-0.02,167.2,61307.32,-1
2024-01-31,2024-01-31 13:25:00,360.33,360.33,360.27,360.27,-0.02,167.2,61307.32,-1
2024-01-31,2024-01-31 13:26:00,360.27,360.27,360.2,360.2,-0.02,167.2,61307.32,-1
2024-01-31,2024-01-31 13:27:00,360.2,360.2,360.13,360.13,-0.02,167.2,61307.32,-1
2024-01-31,2024-01-31 13:28:00,360.13,360.13,360.07,360.07,-0.02,167.2,61307.32,-1
2024-01-31,2024-01-31 13:29:00,360.07,360.07,360.0,360.0,-0.02,167.2,61307.32,-1
2024-01-31,2024-01-31 13:30:00,360.0,360.0,359.93,359.93,-0.02,167.2,61307.32,-1
2024-01-31,2024-01-31 13:31:00,359.93,359.93,359.87,359.87,-0.02,167.2,61307.32,-1
2024-01-31,2024-01-31 13:32:00,359.87,359.87,359.8,359.8,-0.02,167.2,61307.32,-1
2024-01-31,2024-01-31 13:33:00,359.8,359.8,359.73,359.73,-0.02,167.2,61307.32,-1
2024-01-31,2024-01-31 13:34:00,359.73,359.73,359.67,359.67,-0.02,167.2,61307.32,-1
2024-01-31,2024-01-31 13:35:00,359.67,359.67,359.6,359.6,-0.02,167.2,61307.32,-1
2024-01-31,2024-01-31 13:36:00,359.6,359.6,359.53,359.53,-0.02,167.2,61307.32,-1
2024-01-31,2024-01-31 13:37:00,359.53,359.53,359.47,359.47,-0.02,167.2,61307.32,-1
2024-01-31,2024-01-31 13:38:00,359.47,359.47,359.4,359.4,-0.02,167.2,61307.32,-1
2024-01-31,2024-01-31 13:39:00,359.4,359.4,359.33,359.33,-0.02,167.2,61307.32,-1
2024-01-31,2024-01-31 13:40:00,359.33,359.33,359.27,359.27,-0.02,167.2,61307.32,-1
2024-01-31,2024-01-31 13:41:00,359.27,359.27,359.2,359.2,-0.02,167.2,61307.32,-1
2024-01-31,2024-01-31 13:42:00,359.2,359.2,359.13,359.13,-0.02,167.2,61307.32,-1
2024-01-31,2024-01-31 13:43:00,359.13,359.13,359.07,359.07,-0.02,167.2,61307.32,-1
2024-01-31,2024-01-31 13:44:00,359.07,359.07,359.0,359.0,-0.02,167.2,61307.32,-1
2024-01-31,2024-01-31 13:45:00,359.0,359.0,358.93,358.93,-0.02,167.2,61307.32,-1
2024-01-31,2024-01-31 13:46:00,358.93,358.93,358.87,358.87,-0.02,167.2,61307.32,-1
2024-01-31,2024-01-31 13:47:00,358.87,358.87,358.8,358.8,-0.02,167.2,61307.32,-1
2024-01-31,2024-01-31 13:48:00,358.8,358.8,358.73,358.73,-0.02,167.2,61307.32,-1
2024-01-31,2024-01-31 13:49:00,358.73,358.73,358.67,358.67,-0.02,167.2,61307.32,-1
2024-01-31,2024-01-31 13:50:00,358.67,358.67,358.6,358.6,-0.02,167.2,61307.32,-1
2024-01-31,2024-01-31 13:51:00,358.6,358.6,358.53,358.53,-0.02,167.2,61307.32,-1
2024-01-31,2024-01-31 13:52:00,358.53,358.53,358.47,358.47,-0.02,167.2,61307.32,-1
2024-01-31,2024-01-31 13:53:00,358.47,358.47,358.4,358.4,-0.02,167.2,61307.32,-1
2024-01-31,2024-01-31 13:54:00,358.4,358.4,358.33,358.33,-0.02,167.2,61307.32,-1
2024-01-31,2024-01-31 13:55:00,358.33,358.33,358.27,358.27,-0.02,167.2,61307.32,-1
2024-01-31,2024-01-31 13:56:00,358.27,358.27,358.2,358.2,-0.02,167.2,61307.32,-1
2024-01-31,2024-01-31 13:57:00,358.2,358.2,358.13,358.13,-0.02,167.2,61307.32,-1
2024-01-31,2024-01-31 13:58:00,358.13,358.13,358.07,358.07,-0.02,167.2,61307.32,-1
2024-01-31,2024-01-31 13:59:00,358.07,358.07,358.0,358.0,-0.02,167.2,61307.32,-1
2024-01-31,2024-01-31 14:00:00,358.0,358.0,357.93,357.93,-0.02,167.2,61307.32,-1
2024-01-31,2024-01-31 14:01:00,357.93,357.93,357.87,357.87,-0.02,167.2,61307.32,-1
2024-01-31,2024-01-31 14:02:00,357.87,357.87,357.8,357.8,-0.02,167.2,61307.32,-1
2024-01-31,2024-01-31 14:03:00,357.8,357.8,357.73,357.73,-0.02,167.2,61307.32,-1
2024-01-31,2024-01-31 14:04:00,357.73,357.73,357.67,357.67,-0.02,167.2,61307.32,-1
2024-01-31,2024-01-31 14:05:00,357.67,357.67,357.6,357.6,-0.02,167.2,61307.32,-1
2024-01-31,2024-01-31 14:06:00,357.6,357.6,357.53,357.53,-0.02,167.2,61307.32,-1
2024-01-31,2024-01-31 14:07:00,357.53,357.53,357.47,357.47,-0.02,167.2,61307.32,-1
2024-01-31,2024-01-31 14:08:00,357.47,357.47,357.4,357.4,-0.02,167.2,61307.32,-1
2024-01-31,2024-01-31 14:09:00,357.4,357.4,357.33,357.33,-0.02,167.2,61307.32,-1
2024-01-31,2024-01-31 14:10:00,357.33,357.33,357.27,357.27,-0.02,167.2,61307.32,-1
2024-01-31,2024-01-31 14:11:00,357.27,357.27,357.2,357.2,-0.02,167.2,61307.32,-1
2024-01-31,2024-01-31 14:12:00,357.2,357.2,357.13,357.13,-0.02,167.2,61307.32,-1
2024-01-31,2024-01-31 14:13:00,357.13,357.13,357.07,357.07,-0.02,167.2,61307.32,-1
2024-01-31,2024-01-31 14:14:00,357.07,357.07,357.0,357.0,-0.02,167.2,61307.32,-1
2024-01-31,2024-01-31 14:15:00,357.0,357.0,356.93,356.93,-0.02,167.2,61307.32,-1
2024-01-31,2024-01-31 14:16:00,356.93,356.93,356.87,356.87,-0.02,167.2,61307.32,-1
2024-01-31,2024-01-31 14:17:00,356.87,356.87,356.8,356.8,-0.02,167.2,61307.32,-1
2024-01-31,2024-01-31 14:18:00,356.8,356.8,356.73,356.73,-0.02,167.2,61307.32,-1
2024-01-31,2024-01-31 14:19:00,356.73,356.73,356.67,356.67,-0.02,167.2,61307.32,-1
2024-01-31,2024-01-31 14:20:00,356.67,356.67,356.6,356.6,-0.02,167.2,61307.32,-1
2024-01-31,2024-01-31 14:21:00,356.6,356.6,356.53,356.53,-0.02,167.2,61307.32,-1
2024-01-31,2024-01-31 14:22:00,356.53,356.53,356.47,356.47,-0.02,167.2,61307.32,-1
2024-01-31,2024-01-31 14:23:00,356.47,356.47,356.4,356.4,-0.02,167.2,61307.32,-1
2024-01-31,2024-01-31 14:24:00,356.4,356.4,356.33,356.33,-0.02,167.2,61307.32,-1
2024-01-31,2024-01-31 14:25:00,356.33,356.33,356.27,356.27,-0.02,167.2,61307.32,-1
2024-01-31,2024-01-31 14:26:00,356.27,356.27,356.2,356.2,-0.02,167.2,61307.32,-1
2024-01-31,2024-01-31 14:27:00,356.2,356.2,356.13,356.13,-0.02,167.2,61307.32,-1
2024-01-31,2024-01-31 14:28:00,356.13,356.13,356.07,356.07,-0.02,167.2,61307.32,-1
2024-01-31,2024-01-31 14:29:00,356.07,356.07,356.0,356.0,-0.02,167.2,61307.32,-1
2024-01-31,2024-01-31 14:30:00,356.0,356.0,355.93,355.93,-0.02,167.2,61307.32,-1
2024-01-31,2024-01-31 14:31:00,355.93,355.93,355.87,355.87,-0.02,167.2,61307.32,-1
2024-01-31,2024-01-31 14:32:00,355.87,355.87,355.8,355.8,-0.02,167.2,61307.32,-1
2024-01-31,2024-01-31 14:33:00,355.8,355.8,355.73,355.73,-0.02,167.2,61307.32,-1
2024-01-31,2024-01-31 14:34:00,355.73,355.73,355.67,355.67,-0.02,167.2,61307.32,-1
2024-01-31,2024-01-31 14:35:00,355.67,355.67,355.6,355.6,-0.02,167.2,61307.32,-1
2024-01-31,2024-01-31 14:36:00,355.6,355.6,355.53,355.53,-0.02,167.2,61307.32,-1
2024-01-31,2024-01-31 14:37:00,355.53,355.53,355.47,355.47,-0.02,167.2,61307.32,-1
2024-01-31,2024-01-31 14:38:00,355.47,355.47,355.4,355.4,-0.02,167.2,61307.32,-1
2024-01-31,2024-01-31 14:39:00,355.4,355.4,355.33,355.33,-0.02,167.2,61307.32,-1
2024-01-31,2024-01-31 14:40:00,355.33,355.33,355.27,355.27,-0.02,167.2,61307.32,-1
2024-01-31,2024-01-31 14:41:00,355.27,355.27,355.2,355.2,-0.02,167.2,61307.32,-1
2024-01-31,2024-01-31 14:42:00,355.2,355.2,355.13,355.13,-0.02,167.2,61307.32,-1
2024-01-31,2024-01-31 14:43:00,355.13,355.13,355.07,355.07,-0.02,167.2,61307.32,-1
2024-01-31,2024-01-31 14:44:00,355.07,355.07,355.0,355.0,-0.02,167.2,61307.32,-1
2024-01-31,2024-01-31 14:45:00,355.0,355.0,354.93,354.93,-0.02,167.2,61307.32,-1
2024-01-31,2024-01-31 14:46:00,354.93,354.93,354.87,354.87,-0.02,167.2,61307.32,-1
2024-01-31,2024-01-31 14:47:00,354.87,354.87,354.8,354.8,-0.02,167.2,61307.32,-1
2024-01-31,2024-01-31 14:48:00,354.8,354.8,354.73,354.73,-0.02,167.2,61307.32,-1
2024-01-31,2024-01-31 14:49:00,354.73,354.73,354.67,354.67,-0.02,167.2,61307.32,-1
2024-01-31,2024-01-31 14:50:00,354.67,354.67,354.6,354.6,-0.02,167.2,61307.32,-1
2024-01-31,2024-01-31 14:51:00,354.6,354.6,354.53,354.53,-0.02,167.2,61307.32,-1
2024-01-31,2024-01-31 14:52:00,354.53,354.53,354.47,354.47,-0.02,167.2,61307.32,-1
2024-01-31,2024-01-31 14:53:00,354.47,354.47,354.4,354.4,-0.02,167.2,61307.32,-1
2024-01-31,2024-01-31 14:54:00,354.4,354.4,354.33,354.33,-0.02,167.2,61307.32,-1
2024-01-31,2024-01-31 14:55:00,354.33,354.33,354.27,354.27,-0.02,167.2,61307.32,-1
2024-01-31,2024-01-31 14:56:00,354.27,354.27,354.2,354.2,-0.02,167.2,61307.32,-1
2024-01-31,2024-01-31 14:57:00,354.2,354.2,354.13,354.13,-0.02,167.2,61307.32,-1
2024-01-31,2024-01-31 14:58:00,354.13,354.13,354.07,354.07,-0.02,167.2,61307.32,-1
2024-01-31,2024-01-31 14:59:00,354.07,354.07,354.0,354.0,-0.02,167.2,61307.32,-1
2024-01-31,2024-01-31 15:00:00,354.0,380.0,345.3,354.0,0.0,167.2,61307.32,0
2024-02-01,2024-02-01 11:00:00,353.0,353.0,347.3,352.94,-0.02,254.12,85942.78,-1
2024-02-01,2024-02-01 11:01:00,352.94,352.94,352.88,352.88,-0.02,254.12,85942.78,-1
2024-02-01,2024-02-01 11:02:00,352.88,352.88,352.81,352.81,-0.02,254.12,85942.78,-1
2024-02-01,2024-02-01 11:03:00,352.81,352.81,352.75,352.75,-0.02,254.12,85942.78,-1
2024-02-01,2024-02-01 11:04:00,352.75,352.75,352.69,352.69,-0.02,254.12,85942.78,-1
2024-02-01,2024-02-01 11:05:00,352.69,352.69,352.62,352.62,-0.02,254.12,85942.78,-1
2024-02-01,2024-02-01 11:06:00,352.62,352.62,352.56,352.56,-0.02,254.12,85942.78,-1
2024-02-01,2024-02-01 11:07:00,352.56,352.56,352.5,352.5,-0.02,254.12,85942.78,-1
2024-02-01,2024-02-01 11:08:00,352.5,352.5,352.44,352.44,-0.02,254.12,85942.78,-1
2024-02-01,2024-02-01 11:09:00,352.44,352.44,352.38,352.38,-0.02,254.12,85942.78,-1
2024-02-01,2024-02-01 11:10:00,352.38,352.38,352.31,352.31,-0.02,254.12,85942.78,-1
2024-02-01,2024-02-01 11:11:00,352.31,352.31,352.25,352.25,-0.02,254.12,85942.78,-1
2024-02-01,2024-02-01 11:12:00,352.25,352.25,352.19,352.19,-0.02,254.12,85942.78,-1
2024-02-01,2024-02-01 11:13:00,352.19,352.19,352.12,352.12,-0.02,254.12,85942.78,-1
2024-02-01,2024-02-01 11:14:00,352.12,352.12,352.06,352.06,-0.02,254.12,85942.78,-1
2024-02-01,2024-02-01 11:15:00,352.06,352.06,352.0,352.0,-0.02,254.12,85942.78,-1
2024-02-01,2024-02-01 11:16:00,352.0,352.0,351.94,351.94,-0.02,254.12,85942.78,-1
2024-02-01,2024-02-01 11:17:00,351.94,351.94,351.88,351.88,-0.02,254.12,85942.78,-1
2024-02-01,2024-02-01 11:18:00,351.88,351.88,351.81,351.81,-0.02,254.12,85942.78,-1
2024-02-01,2024-02-01 11:19:00,351.81,351.81,351.75,351.75,-0.02,254.12,85942.78,-1
2024-02-01,2024-02-01 11:20:00,351.75,351.75,351.69,351.69,-0.02,254.12,85942.78,-1
2024-02-01,2024-02-01 11:21:00,351.69,351.69,351.62,351.62,-0.02,254.12,85942.78,-1
2024-02-01,2024-02-01 11:22:00,351.62,351.62,351.56,351.56,-0.02,254.12,85942.78,-1
2024-02-01,2024-02-01 11:23:00,351.56,351.56,351.5,351.5,-0.02,254.12,85942.78,-1
2024-02-01,2024-02-01 11:24:00,351.5,351.5,351.44,351.44,-0.02,254.12,85942.78,-1
2024-02-01,2024-02-01 11:25:00,351.44,351.44,351.38,351.38,-0.02,254.12,85942.78,-1
2024-02-01,2024-02-01 11:26:00,351.38,351.38,351.31,351.31,-0.02,254.12,85942.78,-1
2024-02-01,2024-02-01 11:27:00,351.31,351.31,351.25,351.25,-0.02,254.12,85942.78,-1
2024-02-01,2024-02-01 11:28:00,351.25,351.25,351.19,351.19,-0.02,254.12,85942.78,-1
2024-02-01,2024-02-01 11:29:00,351.19,351.19,351.12,351.12,-0.02,254.12,85942.78,-1
2024-02-01,2024-02-01 11:30:00,351.12,351.12,351.06,351.06,-0.02,254.12,85942.78,-1
2024-02-01,2024-02-01 11:31:00,351.06,351.06,351.0,351.0,-0.02,254.12,85942.78,-1
2024-02-01,2024-02-01 11:32:00,351.0,351.0,350.94,350.94,-0.02,254.12,85942.78,-1
2024-02-01,2024-02-01 11:33:00,350.94,350.94,350.88,350.88,-0.02,254.12,85942.78,-1
2024-02-01,2024-02-01 11:34:00,350.88,350.88,350.81,350.81,-0.02,254.12,85942.78,-1
2024-02-01,2024-02-01 11:35:00,350.81,350.81,350.75,350.75,-0.02,254.12,85942.78,-1
2024-02-01,2024-02-01 11:36:00,350.75,350.75,350.69,350.69,-0.02,254.12,85942.78,-1
2024-02-01,2024-02-01 11:37:00,350.69,350.69,350.62,350.62,-0.02,254.12,85942.78,-1
2024-02-01,2024-02-01 11:38:00,350.62,350.62,350.56,350.56,-0.02,254.12,85942.78,-1
2024-02-01,2024-02-01 11:39:00,350.56,350.56,350.5,350.5,-0.02,254.12,85942.78,-1
2024-02-01,2024-02-01 11:40:00,350.5,350.5,350.44,350.44,-0.02,254.12,85942.78,-1
2024-02-01,2024-02-01 11:41:00,350.44,350.44,350.38,350.38,-0.02,254.12,85942.78,-1
2024-02-01,2024-02-01 11:42:00,350.38,350.38,350.31,350.31,-0.02,254.12,85942.78,-1
2024-02-01,2024-02-01 11:43:00,350.31,350.31,350.25,350.25,-0.02,254.12,85942.78,-1
2024-02-01,2024-02-01 11:44:00,350.25,350.25,350.19,350.19,-0.02,254.12,85942.78,-1
2024-02-01,2024-02-01 11:45:00,350.19,350.19,350.12,350.12,-0.02,254.12,85942.78,-1
2024-02-01,2024-02-01 11:46:00,350.12,350.12,350.06,350.06,-0.02,254.12,85942.78,-1
2024-02-01,2024-02-01 11:47:00,350.06,350.06,350.0,350.0,-0.02,254.12,85942.78,-1
2024-02-01,2024-02-01 11:48:00,350.0,350.0,349.94,349.94,-0.02,254.12,85942.78,-1
2024-02-01,2024-02-01 11:49:00,349.94,349.94,349.88,349.88,-0.02,254.12,85942.78,-1
2024-02-01,2024-02-01 11:50:00,349.88,349.88,349.81,349.81,-0.02,254.12,85942.78,-1
2024-02-01,2024-02-01 11:51:00,349.81,349.81,349.75,349.75,-0.02,254.12,85942.78,-1
2024-02-01,2024-02-01 11:52:00,349.75,349.75,349.69,349.69,-0.02,254.12,85942.78,-1
2024-02-01,2024-02-01 11:53:00,349.69,349.69,349.62,349.62,-0.02,254.12,85942.78,-1
2024-02-01,2024-02-01 11:54:00,349.62,349.62,349.56,349.56,-0.02,254.12,85942.78,-1
2024-02-01,2024-02-01 11:55:00,349.56,349.56,349.5,349.5,-0.02,254.12,85942.78,-1
2024-02-01,2024-02-01 11:56:00,349.5,349.5,349.44,349.44,-0.02,254.12,85942.78,-1
2024-02-01,2024-02-01 11:57:00,349.44,349.44,349.38,349.38,-0.02,254.12,85942.78,-1
2024-02-01,2024-02-01 11:58:00,349.38,349.38,349.31,349.31,-0.02,254.12,85942.78,-1
2024-02-01,2024-02-01 11:59:00,349.31,349.31,349.25,349.25,-0.02,254.12,85942.78,-1
2024-02-01,2024-02-01 12:00:00,349.25,349.25,349.19,349.19,-0.02,254.12,85942.78,-1
2024-02-01,2024-02-01 12:01:00,349.19,349.19,349.12,349.12,-0.02,254.12,85942.78,-1
2024-02-01,2024-02-01 12:02:00,349.12,349.12,349.06,349.06,-0.02,254.12,85942.78,-1
2024-02-01,2024-02-01 12:03:00,349.06,349.06,349.0,349.0,-0.02,254.12,85942.78,-1
2024-02-01,2024-02-01 12:04:00,349.0,349.0,348.94,348.94,-0.02,254.12,85942.78,-1
2024-02-01,2024-02-01 12:05:00,348.94,348.94,348.88,348.88,-0.02,254.12,85942.78,-1
2024-02-01,2024-02-01 12:06:00,348.88,348.88,348.81,348.81,-0.02,254.12,85942.78,-1
2024-02-01,2024-02-01 12:07:00,348.81,348.81,348.75,348.75,-0.02,254.12,85942.78,-1
2024-02-01,2024-02-01 12:08:00,348.75,348.75,348.69,348.69,-0.02,254.12,85942.78,-1
2024-02-01,2024-02-01 12:09:00,348.69,348.69,348.62,348.62,-0.02,254.12,85942.78,-1
2024-02-01,2024-02-01 12:10:00,348.62,348.62,348.56,348.56,-0.02,254.12,85942.78,-1
2024-02-01,2024-02-01 12:11:00,348.56,348.56,348.5,348.5,-0.02,254.12,85942.78,-1
2024-02-01,2024-02-01 12:12:00,348.5,348.5,348.44,348.44,-0.02,254.12,85942.78,-1
2024-02-01,2024-02-01 12:13:00,348.44,348.44,348.38,348.38,-0.02,254.12,85942.78,-1
2024-02-01,2024-02-01 12:14:00,348.38,348.38,348.31,348.31,-0.02,254.12,85942.78,-1
2024-02-01,2024-02-01 12:15:00,348.31,348.31,348.25,348.25,-0.02,254.12,85942.78,-1
2024-02-01,2024-02-01 12:16:00,348.25,348.25,348.19,348.19,-0.02,254.12,85942.78,-1
2024-02-01,2024-02-01 12:17:00,348.19,348.19,348.12,348.12,-0.02,254.12,85942.78,-1
2024-02-01,2024-02-01 12:18:00,348.12,348.12,348.06,348.06,-0.02,254.12,85942.78,-1
2024-02-01,2024-02-01 12:19:00,348.06,348.06,348.0,348.0,-0.02,254.12,85942.78,-1
2024-02-01,2024-02-01 12:20:00,348.0,348.0,347.94,347.94,-0.02,254.12,85942.78,-1
2024-02-01,2024-02-01 12:21:00,347.94,347.94,347.88,347.88,-0.02,254.12,85942.78,-1
2024-02-01,2024-02-01 12:22:00,347.88,347.88,347.81,347.81,-0.02,254.12,85942.78,-1
2024-02-01,2024-02-01 12:23:00,347.81,347.81,347.75,347.75,-0.02,254.12,85942.78,-1
2024-02-01,2024-02-01 12:24:00,347.75,347.75,347.69,347.69,-0.02,254.12,85942.78,-1
2024-02-01,2024-02-01 12:25:00,347.69,347.69,347.62,347.62,-0.02,254.12,85942.78,-1
2024-02-01,2024-02-01 12:26:00,347.62,347.62,347.56,347.56,-0.02,254.12,85942.78,-1
2024-02-01,2024-02-01 12:27:00,347.56,347.56,347.5,347.5,-0.02,254.12,85942.78,-1
2024-02-01,2024-02-01 12:28:00,347.5,347.5,347.44,347.44,-0.02,254.12,85942.78,-1
2024-02-01,2024-02-01 12:29:00,347.44,347.44,347.38,347.38,-0.02,254.12,85942.78,-1
2024-02-01,2024-02-01 12:30:00,347.38,347.38,347.31,347.31,-0.02,254.12,85942.78,-1
2024-02-01,2024-02-01 12:31:00,347.31,347.31,347.25,347.25,-0.02,254.12,85942.78,-1
2024-02-01,2024-02-01 12:32:00,347.25,347.25,347.19,347.19,-0.02,254.12,85942.78,-1
2024-02-01,2024-02-01 12:33:00,347.19,347.19,347.12,347.12,-0.02,254.12,85942.78,-1
2024-02-01,2024-02-01 12:34:00,347.12,347.12,347.06,347.06,-0.02,254.12,85942.78,-1
2024-02-01,2024-02-01 12:35:00,347.06,347.06,347.0,347.0,-0.02,254.12,85942.78,-1
2024-02-01,2024-02-01 12:36:00,347.0,347.0,346.94,346.94,-0.02,254.12,85942.78,-1
2024-02-01,2024-02-01 12:37:00,346.94,346.94,346.88,346.88,-0.02,254.12,85942.78,-1
2024-02-01,2024-02-01 12:38:00,346.88,346.88,346.81,346.81,-0.02,254.12,85942.78,-1
2024-02-01,2024-02-01 12:39:00,346.81,346.81,346.75,346.75,-0.02,254.12,85942.78,-1
2024-02-01,2024-02-01 12:40:00,346.75,346.75,346.69,346.69,-0.02,254.12,85942.78,-1
2024-02-01,2024-02-01 12:41:00,346.69,346.69,346.62,346.62,-0.02,254.12,85942.78,-1
2024-02-01,2024-02-01 12:42:00,346.62,346.62,346.56,346.56,-0.02,254.12,85942.78,-1
2024-02-01,2024-02-01 12:43:00,346.56,346.56,346.5,346.5,-0.02,254.12,85942.78,-1
2024-02-01,2024-02-01 12:44:00,346.5,346.5,346.44,346.44,-0.02,254.12,85942.78,-1
2024-02-01,2024-02-01 12:45:00,346.44,346.44,346.38,346.38,-0.02,254.12,85942.78,-1
2024-02-01,2024-02-01 12:46:00,346.38,346.38,346.31,346.31,-0.02,254.12,85942.78,-1
2024-02-01,2024-02-01 12:47:00,346.31,346.31,346.25,346.25,-0.02,254.12,85942.78,-1
2024-02-01,2024-02-01 12:48:00,346.25,346.25,346.19,346.19,-0.02,254.12,85942.78,-1
2024-02-01,2024-02-01 12:49:00,346.19,346.19,346.12,346.12,-0.02,254.12,85942.78,-1
2024-02-01,2024-02-01 12:50:00,346.12,346.12,346.06,346.06,-0.02,254.12,85942.78,-1
2024-02-01,2024-02-01 12:51:00,346.06,346.06,346.0,346.0,-0.02,254.12,85942.78,-1
2024-02-01,2024-02-01 12:52:00,346.0,346.0,345.94,345.94,-0.02,254.12,85942.78,-1
2024-02-01,2024-02-01 12:53:00,345.94,345.94,345.88,345.88,-0.02,254.12,85942.78,-1
2024-02-01,2024-02-01 12:54:00,345.88,345.88,345.81,345.81,-0.02,254.12,85942.78,-1
2024-02-01,2024-02-01 12:55:00,345.81,345.81,345.75,345.75,-0.02,254.12,85942.78,-1
2024-02-01,2024-02-01 12:56:00,345.75,345.75,345.69,345.69,-0.02,254.12,85942.78,-1
2024-02-01,2024-02-01 12:57:00,345.69,345.69,345.62,345.62,-0.02,254.12,85942.78,-1
2024-02-01,2024-02-01 12:58:00,345.62,345.62,345.56,345.56,-0.02,254.12,85942.78,-1
2024-02-01,2024-02-01 12:59:00,345.56,345.56,345.5,345.5,-0.02,254.12,85942.78,-1
2024-02-01,2024-02-01 13:00:00,345.5,353.0,334.0,345.44,-0.02,254.12,85942.78,-1
2024-02-01,2024-02-01 13:01:00,345.44,345.44,345.38,345.38,-0.02,254.12,85942.78,-1
2024-02-01,2024-02-01 13:02:00,345.38,345.38,345.31,345.31,-0.02,254.12,85942.78,-1
2024-02-01,2024-02-01 13:03:00,345.31,345.31,345.25,345.25,-0.02,254.12,85942.78,-1
2024-02-01,2024-02-01 13:04:00,345.25,345.25,345.19,345.19,-0.02,254.12,85942.78,-1
2024-02-01,2024-02-01 13:05:00,345.19,345.19,345.12,345.12,-0.02,254.12,85942.78,-1
2024-02-01,2024-02-01 13:06:00,345.12,345.12,345.06,345.06,-0.02,254.12,85942.78,-1
2024-02-01,2024-02-01 13:07:00,345.06,345.06,345.0,345.0,-0.02,254.12,85942.78,-1
2024-02-01,2024-02-01 13:08:00,345.0,345.0,344.94,344.94,-0.02,254.12,85942.78,-1
2024-02-01,2024-02-01 13:09:00,344.94,344.94,344.88,344.88,-0.02,254.12,85942.78,-1
2024-02-01,2024-02-01 13:10:00,344.88,344.88,344.81,344.81,-0.02,254.12,85942.78,-1
2024-02-01,2024-02-01 13:11:00,344.81,344.81,344.75,344.75,-0.02,254.12,85942.78,-1
2024-02-01,2024-02-01 13:12:00,344.75,344.75,344.69,344.69,-0.02,254.12,85942.78,-1
2024-02-01,2024-02-01 13:13:00,344.69,344.69,344.62,344.62,-0.02,254.12,85942.78,-1
2024-02-01,2024-02-01 13:14:00,344.62,344.62,344.56,344.56,-0.02,254.12,85942.78,-1
2024-02-01,2024-02-01 13:15:00,344.56,344.56,344.5,344.5,-0.02,254.12,85942.78,-1
2024-02-01,2024-02-01 13:16:00,344.5,344.5,344.44,344.44,-0.02,254.12,85942.78,-1
2024-02-01,2024-02-01 13:17:00,344.44,344.44,344.38,344.38,-0.02,254.12,85942.78,-1
2024-02-01,2024-02-01 13:18:00,344.38,344.38,344.31,344.31,-0.02,254.12,85942.78,-1
2024-02-01,2024-02-01 13:19:00,344.31,344.31,344.25,344.25,-0.02,254.12,85942.78,-1
2024-02-01,2024-02-01 13:20:00,344.25,344.25,344.19,344.19,-0.02,254.12,85942.78,-1
2024-02-01,2024-02-01 13:21:00,344.19,344.19,344.12,344.12,-0.02,254.12,85942.78,-1
2024-02-01,2024-02-01 13:22:00,344.12,344.12,344.06,344.06,-0.02,254.12,85942.78,-1
2024-02-01,2024-02-01 13:23:00,344.06,344.06,344.0,344.0,-0.02,254.12,85942.78,-1
2024-02-01,2024-02-01 13:24:00,344.0,344.0,343.94,343.94,-0.02,254.12,85942.78,-1
2024-02-01,2024-02-01 13:25:00,343.94,343.94,343.88,343.88,-0.02,254.12,85942.78,-1
2024-02-01,2024-02-01 13:26:00,343.88,343.88,343.81,343.81,-0.02,254.12,85942.78,-1
2024-02-01,2024-02-01 13:27:00,343.81,343.81,343.75,343.75,-0.02,254.12,85942.78,-1
2024-02-01,2024-02-01 13:28:00,343.75,343.75,343.69,343.69,-0.02,254.12,85942.78,-1
2024-02-01,2024-02-01 13:29:00,343.69,343.69,343.62,343.62,-0.02,254.12,85942.78,-1
2024-02-01,2024-02-01 13:30:00,343.62,343.62,343.56,343.56,-0.02,254.12,85942.78,-1
2024-02-01,2024-02-01 13:31:00,343.56,343.56,343.5,343.5,-0.02,254.12,85942.78,-1
2024-02-01,2024-02-01 13:32:00,343.5,343.5,343.44,343.44,-0.02,254.12,85942.78,-1
2024-02-01,2024-02-01 13:33:00,343.44,343.44,343.38,343.38,-0.02,254.12,85942.78,-1
2024-02-01,2024-02-01 13:34:00,343.38,343.38,343.31,343.31,-0.02,254.12,85942.78,-1
2024-02-01,2024-02-01 13:35:00,343.31,343.31,343.25,343.25,-0.02,254.12,85942.78,-1
2024-02-01,2024-02-01 13:36:00,343.25,343.25,343.19,343.19,-0.02,254.12,85942.78,-1
2024-02-01,2024-02-01 13:37:00,343.19,343.19,343.12,343.12,-0.02,254.12,85942.78,-1
2024-02-01,2024-02-01 13:38:00,343.12,343.12,343.06,343.06,-0.02,254.12,85942.78,-1
2024-02-01,2024-02-01 13:39:00,343.06,343.06,343.0,343.0,-0.02,254.12,85942.78,-1
2024-02-01,2024-02-01 13:40:00,343.0,343.0,342.94,342.94,-0.02,254.12,85942.78,-1
2024-02-01,2024-02-01 13:41:00,342.94,342.94,342.88,342.88,-0.02,254.12,85942.78,-1
2024-02-01,2024-02-01 13:42:00,342.88,342.88,342.81,342.81,-0.02,254.12,85942.78,-1
2024-02-01,2024-02-01 13:43:00,342.81,342.81,342.75,342.75,-0.02,254.12,85942.78,-1
2024-02-01,2024-02-01 13:44:00,342.75,342.75,342.69,342.69,-0.02,254.12,85942.78,-1
2024-02-01,2024-02-01 13:45:00,342.69,342.69,342.62,342.62,-0.02,254.12,85942.78,-1
2024-02-01,2024-02-01 13:46:00,342.62,342.62,342.56,342.56,-0.02,254.12,85942.78,-1
2024-02-01,2024-02-01 13:47:00,342.56,342.56,342.5,342.5,-0.02,254.12,85942.78,-1
2024-02-01,2024-02-01 13:48:00,342.5,342.5,342.44,342.44,-0.02,254.12,85942.78,-1
2024-02-01,2024-02-01 13:49:00,342.44,342.44,342.38,342.38,-0.02,254.12,85942.78,-1
2024-02-01,2024-02-01 13:50:00,342.38,342.38,342.31,342.31,-0.02,254.12,85942.78,-1
2024-02-01,2024-02-01 13:51:00,342.31,342.31,342.25,342.25,-0.02,254.12,85942.78,-1
2024-02-01,2024-02-01 13:52:00,342.25,342.25,342.19,342.19,-0.02,254.12,85942.78,-1
2024-02-01,2024-02-01 13:53:00,342.19,342.19,342.12,342.12,-0.02,254.12,85942.78,-1
2024-02-01,2024-02-01 13:54:00,342.12,342.12,342.06,342.06,-0.02,254.12,85942.78,-1
2024-02-01,2024-02-01 13:55:00,342.06,342.06,342.0,342.0,-0.02,254.12,85942.78,-1
2024-02-01,2024-02-01 13:56:00,342.0,342.0,341.94,341.94,-0.02,254.12,85942.78,-1
2024-02-01,2024-02-01 13:57:00,341.94,341.94,341.88,341.88,-0.02,254.12,85942.78,-1
2024-02-01,2024-02-01 13:58:00,341.88,341.88,341.81,341.81,-0.02,254.12,85942.78,-1
2024-02-01,2024-02-01 13:59:00,341.81,341.81,341.75,341.75,-0.02,254.12,85942.78,-1
2024-02-01,2024-02-01 14:00:00,341.75,341.75,341.69,341.69,-0.02,254.12,85942.78,-1
2024-02-01,2024-02-01 14:01:00,341.69,341.69,341.62,341.62,-0.02,254.12,85942.78,-1
2024-02-01,2024-02-01 14:02:00,341.62,341.62,341.56,341.56,-0.02,254.12,85942.78,-1
2024-02-01,2024-02-01 14:03:00,341.56,341.56,341.5,341.5,-0.02,254.12,85942.78,-1
2024-02-01,2024-02-01 14:04:00,341.5,341.5,341.44,341.44,-0.02,254.12,85942.78,-1
2024-02-01,2024-02-01 14:05:00,341.44,341.44,341.38,341.38,-0.02,254.12,85942.78,-1
2024-02-01,2024-02-01 14:06:00,341.38,341.38,341.31,341.31,-0.02,254.12,85942.78,-1
2024-02-01,2024-02-01 14:07:00,341.31,341.31,341.25,341.25,-0.02,254.12,85942.78,-1
2024-02-01,2024-02-01 14:08:00,341.25,341.25,341.19,341.19,-0.02,254.12,85942.78,-1
2024-02-01,2024-02-01 14:09:00,341.19,341.19,341.12,341.12,-0.02,254.12,85942.78,-1
2024-02-01,2024-02-01 14:10:00,341.12,341.12,341.06,341.06,-0.02,254.12,85942.78,-1
2024-02-01,2024-02-01 14:11:00,341.06,341.06,341.0,341.0,-0.02,254.12,85942.78,-1
2024-02-01,2024-02-01 14:12:00,341.0,341.0,340.94,340.94,-0.02,254.12,85942.78,-1
2024-02-01,2024-02-01 14:13:00,340.94,340.94,340.88,340.88,-0.02,254.12,85942.78,-1
2024-02-01,2024-02-01 14:14:00,340.88,340.88,340.81,340.81,-0.02,254.12,85942.78,-1
2024-02-01,2024-02-01 14:15:00,340.81,340.81,340.75,340.75,-0.02,254.12,85942.78,-1
2024-02-01,2024-02-01 14:16:00,340.75,340.75,340.69,340.69,-0.02,254.12,85942.78,-1
2024-02-01,2024-02-01 14:17:00,340.69,340.69,340.62,340.62,-0.02,254.12,85942.78,-1
2024-02-01,2024-02-01 14:18:00,340.62,340.62,340.56,340.56,-0.02,254.12,85942.78,-1
2024-02-01,2024-02-01 14:19:00,340.56,340.56,340.5,340.5,-0.02,254.12,85942.78,-1
2024-02-01,2024-02-01 14:20:00,340.5,340.5,340.44,340.44,-0.02,254.12,85942.78,-1
2024-02-01,2024-02-01 14:21:00,340.44,340.44,340.38,340.38,-0.02,254.12,85942.78,-1
2024-02-01,2024-02-01 14:22:00,340.38,340.38,340.31,340.31,-0.02,254.12,85942.78,-1
2024-02-01,2024-02-01 14:23:00,340.31,340.31,340.25,340.25,-0.02,254.12,85942.78,-1
2024-02-01,2024-02-01 14:24:00,340.25,340.25,340.19,340.19,-0.02,254.12,85942.78,-1
2024-02-01,2024-02-01 14:25:00,340.19,340.19,340.12,340.12,-0.02,254.12,85942.78,-1
2024-02-01,2024-02-01 14:26:00,340.12,340.12,340.06,340.06,-0.02,254.12,85942.78,-1
2024-02-01,2024-02-01 14:27:00,340.06,340.06,340.0,340.0,-0.02,254.12,85942.78,-1
2024-02-01,2024-02-01 14:28:00,340.0,340.0,339.94,339.94,-0.02,254.12,85942.78,-1
2024-02-01,2024-02-01 14:29:00,339.94,339.94,339.88,339.88,-0.02,254.12,85942.78,-1
2024-02-01,2024-02-01 14:30:00,339.88,339.88,339.81,339.81,-0.02,254.12,85942.78,-1
2024-02-01,2024-02-01 14:31:00,339.81,339.81,339.75,339.75,-0.02,254.12,85942.78,-1
2024-02-01,2024-02-01 14:32:00,339.75,339.75,339.69,339.69,-0.02,254.12,85942.78,-1
2024-02-01,2024-02-01 14:33:00,339.69,339.69,339.62,339.62,-0.02,254.12,85942.78,-1
2024-02-01,2024-02-01 14:34:00,339.62,339.62,339.56,339.56,-0.02,254.12,85942.78,-1
2024-02-01,2024-02-01 14:35:00,339.56,339.56,339.5,339.5,-0.02,254.12,85942.78,-1
2024-02-01,2024-02-01 14:36:00,339.5,339.5,339.44,339.44,-0.02,254.12,85942.78,-1
2024-02-01,2024-02-01 14:37:00,339.44,339.44,339.38,339.38,-0.02,254.12,85942.78,-1
2024-02-01,2024-02-01 14:38:00,339.38,339.38,339.31,339.31,-0.02,254.12,85942.78,-1
2024-02-01,2024-02-01 14:39:00,339.31,339.31,339.25,339.25,-0.02,254.12,85942.78,-1
2024-02-01,2024-02-01 14:40:00,339.25,339.25,339.19,339.19,-0.02,254.12,85942.78,-1
2024-02-01,2024-02-01 14:41:00,339.19,339.19,339.12,339.12,-0.02,254.12,85942.78,-1
2024-02-01,2024-02-01 14:42:00,339.12,339.12,339.06,339.06,-0.02,254.12,85942.78,-1
2024-02-01,2024-02-01 14:43:00,339.06,339.06,339.0,339.0,-0.02,254.12,85942.78,-1
2024-02-01,2024-02-01 14:44:00,339.0,339.0,338.94,338.94,-0.02,254.12,85942.78,-1
2024-02-01,2024-02-01 14:45:00,338.94,338.94,338.88,338.88,-0.02,254.12,85942.78,-1
2024-02-01,2024-02-01 14:46:00,338.88,338.88,338.81,338.81,-0.02,254.12,85942.78,-1
2024-02-01,2024-02-01 14:47:00,338.81,338.81,338.75,338.75,-0.02,254.12,85942.78,-1
2024-02-01,2024-02-01 14:48:00,338.75,338.75,338.69,338.69,-0.02,254.12,85942.78,-1
2024-02-01,2024-02-01 14:49:00,338.69,338.69,338.62,338.62,-0.02,254.12,85942.78,-1
2024-02-01,2024-02-01 14:50:00,338.62,338.62,338.56,338.56,-0.02,254.12,85942.78,-1
2024-02-01,2024-02-01 14:51:00,338.56,338.56,338.5,338.5,-0.02,254.12,85942.78,-1
2024-02-01,2024-02-01 14:52:00,338.5,338.5,338.44,338.44,-0.02,254.12,85942.78,-1
2024-02-01,2024-02-01 14:53:00,338.44,338.44,338.38,338.38,-0.02,254.12,85942.78,-1
2024-02-01,2024-02-01 14:54:00,338.38,338.38,338.31,338.31,-0.02,254.12,85942.78,-1
2024-02-01,2024-02-01 14:55:00,338.31,338.31,338.25,338.25,-0.02,254.12,85942.78,-1
2024-02-01,2024-02-01 14:56:00,338.25,338.25,338.19,338.19,-0.02,254.12,85942.78,-1
2024-02-01,2024-02-01 14:57:00,338.19,338.19,338.12,338.12,-0.02,254.12,85942.78,-1
2024-02-01,2024-02-01 14:58:00,338.12,338.12,338.06,338.06,-0.02,254.12,85942.78,-1
2024-02-01,2024-02-01 14:59:00,338.06,338.06,338.0,338.0,-0.02,254.12,85942.78,-1
2024-02-01,2024-02-01 15:00:00,338.0,353.0,334.0,338.0,0.0,254.12,85942.78,0
2024-02-04,2024-02-04 11:00:00,331.5,334.35,327.6,331.52,0.01,144.01,47345.46,1
2024-02-04,2024-02-04 11:01:00,331.52,331.54,331.52,331.54,0.01,144.01,47345.46,1
2024-02-04,2024-02-04 11:02:00,331.54,331.56,331.54,331.56,0.01,144.01,47345.46,1
2024-02-04,2024-02-04 11:03:00,331.56,331.58,331.56,331.58,0.01,144.01,47345.46,1
2024-02-04,2024-02-04 11:04:00,331.58,331.6,331.58,331.6,0.01,144.01,47345.46,1
2024-02-04,2024-02-04 11:05:00,331.6,331.62,331.6,331.62,0.01,144.01,47345.46,1
2024-02-04,2024-02-04 11:06:00,331.62,331.65,331.62,331.65,0.01,144.01,47345.46,1
2024-02-04,2024-02-04 11:07:00,331.65,331.67,331.65,331.67,0.01,144.01,47345.46,1
2024-02-04,2024-02-04 11:08:00,331.67,331.69,331.67,331.69,0.01,144.01,47345.46,1
2024-02-04,2024-02-04 11:09:00,331.69,331.71,331.69,331.71,0.01,144.01,47345.46,1
2024-02-04,2024-02-04 11:10:00,331.71,331.73,331.71,331.73,0.01,144.01,47345.46,1
2024-02-04,2024-02-04 11:11:00,331.73,331.75,331.73,331.75,0.01,144.01,47345.46,1
2024-02-04,2024-02-04 11:12:00,331.75,331.77,331.75,331.77,0.01,144.01,47345.46,1
2024-02-04,2024-02-04 11:13:00,331.77,331.79,331.77,331.79,0.01,144.01,47345.46,1
2024-02-04,2024-02-04 11:14:00,331.79,331.81,331.79,331.81,0.01,144.01,47345.46,1
2024-02-04,2024-02-04 11:15:00,331.81,331.83,331.81,331.83,0.01,144.01,47345.46,1
2024-02-04,2024-02-04 11:16:00,331.83,331.85,331.83,331.85,0.01,144.01,47345.46,1
2024-02-04,2024-02-04 11:17:00,331.85,331.88,331.85,331.88,0.01,144.01,47345.46,1
2024-02-04,2024-02-04 11:18:00,331.88,331.9,331.88,331.9,0.01,144.01,47345.46,1
2024-02-04,2024-02-04 11:19:00,331.9,331.92,331.9,331.92,0.01,144.01,47345.46,1
2024-02-04,2024-02-04 11:20:00,331.92,331.94,331.92,331.94,0.01,144.01,47345.46,1
2024-02-04,2024-02-04 11:21:00,331.94,331.96,331.94,331.96,0.01,144.01,47345.46,1
2024-02-04,2024-02-04 11:22:00,331.96,331.98,331.96,331.98,0.01,144.01,47345.46,1
2024-02-04,2024-02-04 11:23:00,331.98,332.0,331.98,332.0,0.01,144.01,47345.46,1
2024-02-04,2024-02-04 11:24:00,332.0,332.02,332.0,332.02,0.01,144.01,47345.46,1
2024-02-04,2024-02-04 11:25:00,332.02,332.04,332.02,332.04,0.01,144.01,47345.46,1
2024-02-04,2024-02-04 11:26:00,332.04,332.06,332.04,332.06,0.01,144.01,47345.46,1
2024-02-04,2024-02-04 11:27:00,332.06,332.08,332.06,332.08,0.01,144.01,47345.46,1
2024-02-04,2024-02-04 11:28:00,332.08,332.1,332.08,332.1,0.01,144.01,47345.46,1
2024-02-04,2024-02-04 11:29:00,332.1,332.12,332.1,332.12,0.01,144.01,47345.46,1
2024-02-04,2024-02-04 11:30:00,332.12,332.15,332.12,332.15,0.01,144.01,47345.46,1
2024-02-04,2024-02-04 11:31:00,332.15,332.17,332.15,332.17,0.01,144.01,47345.46,1
2024-02-04,2024-02-04 11:32:00,332.17,332.19,332.17,332.19,0.01,144.01,47345.46,1
2024-02-04,2024-02-04 11:33:00,332.19,332.21,332.19,332.21,0.01,144.01,47345.46,1
2024-02-04,2024-02-04 11:34:00,332.21,332.23,332.21,332.23,0.01,144.01,47345.46,1
2024-02-04,2024-02-04 11:35:00,332.23,332.25,332.23,332.25,0.01,144.01,47345.46,1
2024-02-04,2024-02-04 11:36:00,332.25,332.27,332.25,332.27,0.01,144.01,47345.46,1
2024-02-04,2024-02-04 11:37:00,332.27,332.29,332.27,332.29,0.01,144.01,47345.46,1
2024-02-04,2024-02-04 11:38:00,332.29,332.31,332.29,332.31,0.01,144.01,47345.46,1
2024-02-04,2024-02-04 11:39:00,332.31,332.33,332.31,332.33,0.01,144.01,47345.46,1
2024-02-04,2024-02-04 11:40:00,332.33,332.35,332.33,332.35,0.01,144.01,47345.46,1
2024-02-04,2024-02-04 11:41:00,332.35,332.38,332.35,332.38,0.01,144.01,47345.46,1
2024-02-04,2024-02-04 11:42:00,332.38,332.4,332.38,332.4,0.01,144.01,47345.46,1
2024-02-04,2024-02-04 11:43:00,332.4,332.42,332.4,332.42,0.01,144.01,47345.46,1
2024-02-04,2024-02-04 11:44:00,332.42,332.44,332.42,332.44,0.01,144.01,47345.46,1
2024-02-04,2024-02-04 11:45:00,332.44,332.46,332.44,332.46,0.01,144.01,47345.46,1
2024-02-04,2024-02-04 11:46:00,332.46,332.48,332.46,332.48,0.01,144.01,47345.46,1
2024-02-04,2024-02-04 11:47:00,332.48,332.5,332.48,332.5,0.01,144.01,47345.46,1
2024-02-04,2024-02-04 11:48:00,332.5,332.52,332.5,332.52,0.01,144.01,47345.46,1
2024-02-04,2024-02-04 11:49:00,332.52,332.54,332.52,332.54,0.01,144.01,47345.46,1
2024-02-04,2024-02-04 11:50:00,332.54,332.56,332.54,332.56,0.01,144.01,47345.46,1
2024-02-04,2024-02-04 11:51:00,332.56,332.58,332.56,332.58,0.01,144.01,47345.46,1
2024-02-04,2024-02-04 11:52:00,332.58,332.6,332.58,332.6,0.01,144.01,47345.46,1
2024-02-04,2024-02-04 11:53:00,332.6,332.62,332.6,332.62,0.01,144.01,47345.46,1
2024-02-04,2024-02-04 11:54:00,332.62,332.65,332.62,332.65,0.01,144.01,47345.46,1
2024-02-04,2024-02-04 11:55:00,332.65,332.67,332.65,332.67,0.01,144.01,47345.46,1
2024-02-04,2024-02-04 11:56:00,332.67,332.69,332.67,332.69,0.01,144.01,47345.46,1
2024-02-04,2024-02-04 11:57:00,332.69,332.71,332.69,332.71,0.01,144.01,47345.46,1
2024-02-04,2024-02-04 11:58:00,332.71,332.73,332.71,332.73,0.01,144.01,47345.46,1
2024-02-04,2024-02-04 11:59:00,332.73,332.75,332.73,332.75,0.01,144.01,47345.46,1
2024-02-04,2024-02-04 12:00:00,332.75,332.77,332.75,332.77,0.01,144.01,47345.46,1
2024-02-04,2024-02-04 12:01:00,332.77,332.79,332.77,332.79,0.01,144.01,47345.46,1
2024-02-04,2024-02-04 12:02:00,332.79,332.81,332.79,332.81,0.01,144.01,47345.46,1
2024-02-04,2024-02-04 12:03:00,332.81,332.83,332.81,332.83,0.01,144.01,47345.46,1
2024-02-04,2024-02-04 12:04:00,332.83,332.85,332.83,332.85,0.01,144.01,47345.46,1
2024-02-04,2024-02-04 12:05:00,332.85,332.88,332.85,332.88,0.01,144.01,47345.46,1
2024-02-04,2024-02-04 12:06:00,332.88,332.9,332.88,332.9,0.01,144.01,47345.46,1
2024-02-04,2024-02-04 12:07:00,332.9,332.92,332.9,332.92,0.01,144.01,47345.46,1
2024-02-04,2024-02-04 12:08:00,332.92,332.94,332.92,332.94,0.01,144.01,47345.46,1
2024-02-04,2024-02-04 12:09:00,332.94,332.96,332.94,332.96,0.01,144.01,47345.46,1
2024-02-04,2024-02-04 12:10:00,332.96,332.98,332.96,332.98,0.01,144.01,47345.46,1
2024-02-04,2024-02-04 12:11:00,332.98,333.0,332.98,333.0,0.01,144.01,47345.46,1
2024-02-04,2024-02-04 12:12:00,333.0,333.02,333.0,333.02,0.01,144.01,47345.46,1
2024-02-04,2024-02-04 12:13:00,333.02,333.04,333.02,333.04,0.01,144.01,47345.46,1
2024-02-04,2024-02-04 12:14:00,333.04,333.06,333.04,333.06,0.01,144.01,47345.46,1
2024-02-04,2024-02-04 12:15:00,333.06,333.08,333.06,333.08,0.01,144.01,47345.46,1
2024-02-04,2024-02-04 12:16:00,333.08,333.1,333.08,333.1,0.01,144.01,47345.46,1
2024-02-04,2024-02-04 12:17:00,333.1,333.12,333.1,333.12,0.01,144.01,47345.46,1
2024-02-04,2024-02-04 12:18:00,333.12,333.15,333.12,333.15,0.01,144.01,47345.46,1
2024-02-04,2024-02-04 12:19:00,333.15,333.17,333.15,333.17,0.01,144.01,47345.46,1
2024-02-04,2024-02-04 12:20:00,333.17,333.19,333.17,333.19,0.01,144.01,47345.46,1
2024-02-04,2024-02-04 12:21:00,333.19,333.21,333.19,333.21,0.01,144.01,47345.46,1
2024-02-04,2024-02-04 12:22:00,333.21,333.23,333.21,333.23,0.01,144.01,47345.46,1
2024-02-04,2024-02-04 12:23:00,333.23,333.25,333.23,333.25,0.01,144.01,47345.46,1
2024-02-04,2024-02-04 12:24:00,333.25,333.27,333.25,333.27,0.01,144.01,47345.46,1
2024-02-04,2024-02-04 12:25:00,333.27,333.29,333.27,333.29,0.01,144.01,47345.46,1
2024-02-04,2024-02-04 12:26:00,333.29,333.31,333.29,333.31,0.01,144.01,47345.46,1
2024-02-04,2024-02-04 12:27:00,333.31,333.33,333.31,333.33,0.01,144.01,47345.46,1
2024-02-04,2024-02-04 12:28:00,333.33,333.35,333.33,333.35,0.01,144.01,47345.46,1
2024-02-04,2024-02-04 12:29:00,333.35,333.38,333.35,333.38,0.01,144.01,47345.46,1
2024-02-04,2024-02-04 12:30:00,333.38,333.4,333.38,333.4,0.01,144.01,47345.46,1
2024-02-04,2024-02-04 12:31:00,333.4,333.42,333.4,333.42,0.01,144.01,47345.46,1
2024-02-04,2024-02-04 12:32:00,333.42,333.44,333.42,333.44,0.01,144.01,47345.46,1
2024-02-04,2024-02-04 12:33:00,333.44,333.46,333.44,333.46,0.01,144.01,47345.46,1
2024-02-04,2024-02-04 12:34:00,333.46,333.48,333.46,333.48,0.01,144.01,47345.46,1
2024-02-04,2024-02-04 12:35:00,333.48,333.5,333.48,333.5,0.01,144.01,47345.46,1
2024-02-04,2024-02-04 12:36:00,333.5,333.52,333.5,333.52,0.01,144.01,47345.46,1
2024-02-04,2024-02-04 12:37:00,333.52,333.54,333.52,333.54,0.01,144.01,47345.46,1
2024-02-04,2024-02-04 12:38:00,333.54,333.56,333.54,333.56,0.01,144.01,47345.46,1
2024-02-04,2024-02-04 12:39:00,333.56,333.58,333.56,333.58,0.01,144.01,47345.46,1
2024-02-04,2024-02-04 12:40:00,333.58,333.6,333.58,333.6,0.01,144.01,47345.46,1
2024-02-04,2024-02-04 12:41:00,333.6,333.62,333.6,333.62,0.01,144.01,47345.46,1
2024-02-04,2024-02-04 12:42:00,333.62,333.65,333.62,333.65,0.01,144.01,47345.46,1
2024-02-04,2024-02-04 12:43:00,333.65,333.67,333.65,333.67,0.01,144.01,47345.46,1
2024-02-04,2024-02-04 12:44:00,333.67,333.69,333.67,333.69,0.01,144.01,47345.46,1
2024-02-04,2024-02-04 12:45:00,333.69,333.71,333.69,333.71,0.01,144.01,47345.46,1
2024-02-04,2024-02-04 12:46:00,333.71,333.73,333.71,333.73,0.01,144.01,47345.46,1
2024-02-04,2024-02-04 12:47:00,333.73,333.75,333.73,333.75,0.01,144.01,47345.46,1
2024-02-04,2024-02-04 12:48:00,333.75,333.77,333.75,333.77,0.01,144.01,47345.46,1
2024-02-04,2024-02-04 12:49:00,333.77,333.79,333.77,333.79,0.01,144.01,47345.46,1
2024-02-04,2024-02-04 12:50:00,333.79,333.81,333.79,333.81,0.01,144.01,47345.46,1
2024-02-04,2024-02-04 12:51:00,333.81,333.83,333.81,333.83,0.01,144.01,47345.46,1
2024-02-04,2024-02-04 12:52:00,333.83,333.85,333.83,333.85,0.01,144.01,47345.46,1
2024-02-04,2024-02-04 12:53:00,333.85,333.88,333.85,333.88,0.01,144.01,47345.46,1
2024-02-04,2024-02-04 12:54:00,333.88,333.9,333.88,333.9,0.01,144.01,47345.46,1
2024-02-04,2024-02-04 12:55:00,333.9,333.92,333.9,333.92,0.01,144.01,47345.46,1
2024-02-04,2024-02-04 12:56:00,333.92,333.94,333.92,333.94,0.01,144.01,47345.46,1
2024-02-04,2024-02-04 12:57:00,333.94,333.96,333.94,333.96,0.01,144.01,47345.46,1
2024-02-04,2024-02-04 12:58:00,333.96,333.98,333.96,333.98,0.01,144.01,47345.46,1
2024-02-04,2024-02-04 12:59:00,333.98,334.0,333.98,334.0,0.01,144.01,47345.46,1
2024-02-04,2024-02-04 13:00:00,334.0,341.0,318.5,334.02,0.01,144.01,47345.46,1
2024-02-04,2024-02-04 13:01:00,334.02,334.04,334.02,334.04,0.01,144.01,47345.46,1
2024-02-04,2024-02-04 13:02:00,334.04,334.06,334.04,334.06,0.01,144.01,47345.46,1
2024-02-04,2024-02-04 13:03:00,334.06,334.08,334.06,334.08,0.01,144.01,47345.46,1
2024-02-04,2024-02-04 13:04:00,334.08,334.1,334.08,334.1,0.01,144.01,47345.46,1
2024-02-04,2024-02-04 13:05:00,334.1,334.12,334.1,334.12,0.01,144.01,47345.46,1
2024-02-04,2024-02-04 13:06:00,334.12,334.15,334.12,334.15,0.01,144.01,47345.46,1
2024-02-04,2024-02-04 13:07:00,334.15,334.17,334.15,334.17,0.01,144.01,47345.46,1
2024-02-04,2024-02-04 13:08:00,334.17,334.19,334.17,334.19,0.01,144.01,47345.46,1
2024-02-04,2024-02-04 13:09:00,334.19,334.21,334.19,334.21,0.01,144.01,47345.46,1
2024-02-04,2024-02-04 13:10:00,334.21,334.23,334.21,334.23,0.01,144.01,47345.46,1
2024-02-04,2024-02-04 13:11:00,334.23,334.25,334.23,334.25,0.01,144.01,47345.46,1
2024-02-04,2024-02-04 13:12:00,334.25,334.27,334.25,334.27,0.01,144.01,47345.46,1
2024-02-04,2024-02-04 13:13:00,334.27,334.29,334.27,334.29,0.01,144.01,47345.46,1
2024-02-04,2024-02-04 13:14:00,334.29,334.31,334.29,334.31,0.01,144.01,47345.46,1
2024-02-04,2024-02-04 13:15:00,334.31,334.33,334.31,334.33,0.01,144.01,47345.46,1
2024-02-04,2024-02-04 13:16:00,334.33,334.35,334.33,334.35,0.01,144.01,47345.46,1
2024-02-04,2024-02-04 13:17:00,334.35,334.38,334.35,334.38,0.01,144.01,47345.46,1
2024-02-04,2024-02-04 13:18:00,334.38,334.4,334.38,334.4,0.01,144.01,47345.46,1
2024-02-04,2024-02-04 13:19:00,334.4,334.42,334.4,334.42,0.01,144.01,47345.46,1
2024-02-04,2024-02-04 13:20:00,334.42,334.44,334.42,334.44,0.01,144.01,47345.46,1
2024-02-04,2024-02-04 13:21:00,334.44,334.46,334.44,334.46,0.01,144.01,47345.46,1
2024-02-04,2024-02-04 13:22:00,334.46,334.48,334.46,334.48,0.01,144.01,47345.46,1
2024-02-04,2024-02-04 13:23:00,334.48,334.5,334.48,334.5,0.01,144.01,47345.46,1
2024-02-04,2024-02-04 13:24:00,334.5,334.52,334.5,334.52,0.01,144.01,47345.46,1
2024-02-04,2024-02-04 13:25:00,334.52,334.54,334.52,334.54,0.01,144.01,47345.46,1
2024-02-04,2024-02-04 13:26:00,334.54,334.56,334.54,334.56,0.01,144.01,47345.46,1
2024-02-04,2024-02-04 13:27:00,334.56,334.58,334.56,334.58,0.01,144.01,47345.46,1
2024-02-04,2024-02-04 13:28:00,334.58,334.6,334.58,334.6,0.01,144.01,47345.46,1
2024-02-04,2024-02-04 13:29:00,334.6,334.62,334.6,334.62,0.01,144.01,47345.46,1
2024-02-04,2024-02-04 13:30:00,334.62,334.65,334.62,334.65,0.01,144.01,47345.46,1
2024-02-04,2024-02-04 13:31:00,334.65,334.67,334.65,334.67,0.01,144.01,47345.46,1
2024-02-04,2024-02-04 13:32:00,334.67,334.69,334.67,334.69,0.01,144.01,47345.46,1
2024-02-04,2024-02-04 13:33:00,334.69,334.71,334.69,334.71,0.01,144.01,47345.46,1
2024-02-04,2024-02-04 13:34:00,334.71,334.73,334.71,334.73,0.01,144.01,47345.46,1
2024-02-04,2024-02-04 13:35:00,334.73,334.75,334.73,334.75,0.01,144.01,47345.46,1
2024-02-04,2024-02-04 13:36:00,334.75,334.77,334.75,334.77,0.01,144.01,47345.46,1
2024-02-04,2024-02-04 13:37:00,334.77,334.79,334.77,334.79,0.01,144.01,47345.46,1
2024-02-04,2024-02-04 13:38:00,334.79,334.81,334.79,334.81,0.01,144.01,47345.46,1
2024-02-04,2024-02-04 13:39:00,334.81,334.83,334.81,334.83,0.01,144.01,47345.46,1
2024-02-04,2024-02-04 13:40:00,334.83,334.85,334.83,334.85,0.01,144.01,47345.46,1
2024-02-04,2024-02-04 13:41:00,334.85,334.88,334.85,334.88,0.01,144.01,47345.46,1
2024-02-04,2024-02-04 13:42:00,334.88,334.9,334.88,334.9,0.01,144.01,47345.46,1
2024-02-04,2024-02-04 13:43:00,334.9,334.92,334.9,334.92,0.01,144.01,47345.46,1
2024-02-04,2024-02-04 13:44:00,334.92,334.94,334.92,334.94,0.01,144.01,47345.46,1
2024-02-04,2024-02-04 13:45:00,334.94,334.96,334.94,334.96,0.01,144.01,47345.46,1
2024-02-04,2024-02-04 13:46:00,334.96,334.98,334.96,334.98,0.01,144.01,47345.46,1
2024-02-04,2024-02-04 13:47:00,334.98,335.0,334.98,335.0,0.01,144.01,47345.46,1
2024-02-04,2024-02-04 13:48:00,335.0,335.02,335.0,335.02,0.01,144.01,47345.46,1
2024-02-04,2024-02-04 13:49:00,335.02,335.04,335.02,335.04,0.01,144.01,47345.46,1
2024-02-04,2024-02-04 13:50:00,335.04,335.06,335.04,335.06,0.01,144.01,47345.46,1
2024-02-04,2024-02-04 13:51:00,335.06,335.08,335.06,335.08,0.01,144.01,47345.46,1
2024-02-04,2024-02-04 13:52:00,335.08,335.1,335.08,335.1,0.01,144.01,47345.46,1
2024-02-04,2024-02-04 13:53:00,335.1,335.12,335.1,335.12,0.01,144.01,47345.46,1
2024-02-04,2024-02-04 13:54:00,335.12,335.15,335.12,335.15,0.01,144.01,47345.46,1
2024-02-04,2024-02-04 13:55:00,335.15,335.17,335.15,335.17,0.01,144.01,47345.46,1
2024-02-04,2024-02-04 13:56:00,335.17,335.19,335.17,335.19,0.01,144.01,47345.46,1
2024-02-04,2024-02-04 13:57:00,335.19,335.21,335.19,335.21,0.01,144.01,47345.46,1
2024-02-04,2024-02-04 13:58:00,335.21,335.23,335.21,335.23,0.01,144.01,47345.46,1
2024-02-04,2024-02-04 13:59:00,335.23,335.25,335.23,335.25,0.01,144.01,47345.46,1
2024-02-04,2024-02-04 14:00:00,335.25,335.27,335.25,335.27,0.01,144.01,47345.46,1
2024-02-04,2024-02-04 14:01:00,335.27,335.29,335.27,335.29,0.01,144.01,47345.46,1
2024-02-04,2024-02-04 14:02:00,335.29,335.31,335.29,335.31,0.01,144.01,47345.46,1
2024-02-04,2024-02-04 14:03:00,335.31,335.33,335.31,335.33,0.01,144.01,47345.46,1
2024-02-04,2024-02-04 14:04:00,335.33,335.35,335.33,335.35,0.01,144.01,47345.46,1
2024-02-04,2024-02-04 14:05:00,335.35,335.38,335.35,335.38,0.01,144.01,47345.46,1
2024-02-04,2024-02-04 14:06:00,335.38,335.4,335.38,335.4,0.01,144.01,47345.46,1
2024-02-04,2024-02-04 14:07:00,335.4,335.42,335.4,335.42,0.01,144.01,47345.46,1
2024-02-04,2024-02-04 14:08:00,335.42,335.44,335.42,335.44,0.01,144.01,47345.46,1
2024-02-04,2024-02-04 14:09:00,335.44,335.46,335.44,335.46,0.01,144.01,47345.46,1
2024-02-04,2024-02-04 14:10:00,335.46,335.48,335.46,335.48,0.01,144.01,47345.46,1
2024-02-04,2024-02-04 14:11:00,335.48,335.5,335.48,335.5,0.01,144.01,47345.46,1
2024-02-04,2024-02-04 14:12:00,335.5,335.52,335.5,335.52,0.01,144.01,47345.46,1
2024-02-04,2024-02-04 14:13:00,335.52,335.54,335.52,335.54,0.01,144.01,47345.46,1
2024-02-04,2024-02-04 14:14:00,335.54,335.56,335.54,335.56,0.01,144.01,47345.46,1
2024-02-04,2024-02-04 14:15:00,335.56,335.58,335.56,335.58,0.01,144.01,47345.46,1
2024-02-04,2024-02-04 14:16:00,335.58,335.6,335.58,335.6,0.01,144.01,47345.46,1
2024-02-04,2024-02-04 14:17:00,335.6,335.62,335.6,335.62,0.01,144.01,47345.46,1
2024-02-04,2024-02-04 14:18:00,335.62,335.65,335.62,335.65,0.01,144.01,47345.46,1
2024-02-04,2024-02-04 14:19:00,335.65,335.67,335.65,335.67,0.01,144.01,47345.46,1
2024-02-04,2024-02-04 14:20:00,335.67,335.69,335.67,335.69,0.01,144.01,47345.46,1
2024-02-04,2024-02-04 14:21:00,335.69,335.71,335.69,335.71,0.01,144.01,47345.46,1
2024-02-04,2024-02-04 14:22:00,335.71,335.73,335.71,335.73,0.01,144.01,47345.46,1
2024-02-04,2024-02-04 14:23:00,335.73,335.75,335.73,335.75,0.01,144.01,47345.46,1
2024-02-04,2024-02-04 14:24:00,335.75,335.77,335.75,335.77,0.01,144.01,47345.46,1
2024-02-04,2024-02-04 14:25:00,335.77,335.79,335.77,335.79,0.01,144.01,47345.46,1
2024-02-04,2024-02-04 14:26:00,335.79,335.81,335.79,335.81,0.01,144.01,47345.46,1
2024-02-04,2024-02-04 14:27:00,335.81,335.83,335.81,335.83,0.01,144.01,47345.46,1
2024-02-04,2024-02-04 14:28:00,335.83,335.85,335.83,335.85,0.01,144.01,47345.46,1
2024-02-04,2024-02-04 14:29:00,335.85,335.88,335.85,335.88,0.01,144.01,47345.46,1
2024-02-04,2024-02-04 14:30:00,335.88,335.9,335.88,335.9,0.01,144.01,47345.46,1
2024-02-04,2024-02-04 14:31:00,335.9,335.92,335.9,335.92,0.01,144.01,47345.46,1
2024-02-04,2024-02-04 14:32:00,335.92,335.94,335.92,335.94,0.01,144.01,47345.46,1
2024-02-04,2024-02-04 14:33:00,335.94,335.96,335.94,335.96,0.01,144.01,47345.46,1
2024-02-04,2024-02-04 14:34:00,335.96,335.98,335.96,335.98,0.01,144.01,47345.46,1
2024-02-04,2024-02-04 14:35:00,335.98,336.0,335.98,336.0,0.01,144.01,47345.46,1
2024-02-04,2024-02-04 14:36:00,336.0,336.02,336.0,336.02,0.01,144.01,47345.46,1
2024-02-04,2024-02-04 14:37:00,336.02,336.04,336.02,336.04,0.01,144.01,47345.46,1
2024-02-04,2024-02-04 14:38:00,336.04,336.06,336.04,336.06,0.01,144.01,47345.46,1
2024-02-04,2024-02-04 14:39:00,336.06,336.08,336.06,336.08,0.01,144.01,47345.46,1
2024-02-04,2024-02-04 14:40:00,336.08,336.1,336.08,336.1,0.01,144.01,47345.46,1
2024-02-04,2024-02-04 14:41:00,336.1,336.12,336.1,336.12,0.01,144.01,47345.46,1
2024-02-04,2024-02-04 14:42:00,336.12,336.15,336.12,336.15,0.01,144.01,47345.46,1
2024-02-04,2024-02-04 14:43:00,336.15,336.17,336.15,336.17,0.01,144.01,47345.46,1
2024-02-04,2024-02-04 14:44:00,336.17,336.19,336.17,336.19,0.01,144.01,47345.46,1
2024-02-04,2024-02-04 14:45:00,336.19,336.21,336.19,336.21,0.01,144.01,47345.46,1
2024-02-04,2024-02-04 14:46:00,336.21,336.23,336.21,336.23,0.01,144.01,47345.46,1
2024-02-04,2024-02-04 14:47:00,336.23,336.25,336.23,336.25,0.01,144.01,47345.46,1
2024-02-04,2024-02-04 14:48:00,336.25,336.27,336.25,336.27,0.01,144.01,47345.46,1
2024-02-04,2024-02-04 14:49:00,336.27,336.29,336.27,336.29,0.01,144.01,47345.46,1
2024-02-04,2024-02-04 14:50:00,336.29,336.31,336.29,336.31,0.01,144.01,47345.46,1
2024-02-04,2024-02-04 14:51:00,336.31,336.33,336.31,336.33,0.01,144.01,47345.46,1
2024-02-04,2024-02-04 14:52:00,336.33,336.35,336.33,336.35,0.01,144.01,47345.46,1
2024-02-04,2024-02-04 14:53:00,336.35,336.38,336.35,336.38,0.01,144.01,47345.46,1
2024-02-04,2024-02-04 14:54:00,336.38,336.4,336.38,336.4,0.01,144.01,47345.46,1
2024-02-04,2024-02-04 14:55:00,336.4,336.42,336.4,336.42,0.01,144.01,47345.46,1
2024-02-04,2024-02-04 14:56:00,336.42,336.44,336.42,336.44,0.01,144.01,47345.46,1
2024-02-04,2024-02-04 14:57:00,336.44,336.46,336.44,336.46,0.01,144.01,47345.46,1
2024-02-04,2024-02-04 14:58:00,336.46,336.48,336.46,336.48,0.01,144.01,47345.46,1
2024-02-04,2024-02-04 14:59:00,336.48,336.5,336.48,336.5,0.01,144.01,47345.46,1
2024-02-04,2024-02-04 15:00:00,336.5,341.0,318.5,336.5,0.0,144.01,47345.46,0
2024-02-05,2024-02-05 11:00:00,342.0,344.04,338.43,341.99,-0.0,54.05,18316.13,-1
2024-02-05,2024-02-05 11:01:00,341.99,341.99,341.98,341.98,-0.0,54.05,18316.13,-1
2024-02-05,2024-02-05 11:02:00,341.98,341.98,341.97,341.97,-0.0,54.05,18316.13,-1
2024-02-05,2024-02-05 11:03:00,341.97,341.97,341.96,341.96,-0.0,54.05,18316.13,-1
2024-02-05,2024-02-05 11:04:00,341.96,341.96,341.95,341.95,-0.0,54.05,18316.13,-1
2024-02-05,2024-02-05 11:05:00,341.95,341.95,341.94,341.94,-0.0,54.05,18316.13,-1
2024-02-05,2024-02-05 11:06:00,341.94,341.94,341.93,341.93,-0.0,54.05,18316.13,-1
2024-02-05,2024-02-05 11:07:00,341.93,341.93,341.92,341.92,-0.0,54.05,18316.13,-1
2024-02-05,2024-02-05 11:08:00,341.92,341.92,341.91,341.91,-0.0,54.05,18316.13,-1
2024-02-05,2024-02-05 11:09:00,341.91,341.91,341.9,341.9,-0.0,54.05,18316.13,-1
2024-02-05,2024-02-05 11:10:00,341.9,341.9,341.89,341.89,-0.0,54.05,18316.13,-1
2024-02-05,2024-02-05 11:11:00,341.89,341.89,341.88,341.88,-0.0,54.05,18316.13,-1
2024-02-05,2024-02-05 11:12:00,341.88,341.88,341.87,341.87,-0.0,54.05,18316.13,-1
2024-02-05,2024-02-05 11:13:00,341.87,341.87,341.86,341.86,-0.0,54.05,18316.13,-1
2024-02-05,2024-02-05 11:14:00,341.86,341.86,341.85,341.85,-0.0,54.05,18316.13,-1
2024-02-05,2024-02-05 11:15:00,341.85,341.85,341.84,341.84,-0.0,54.05,18316.13,-1
2024-02-05,2024-02-05 11:16:00,341.84,341.84,341.83,341.83,-0.0,54.05,18316.13,-1
2024-02-05,2024-02-05 11:17:00,341.83,341.83,341.82,341.82,-0.0,54.05,18316.13,-1
2024-02-05,2024-02-05 11:18:00,341.82,341.82,341.81,341.81,-0.0,54.05,18316.13,-1
2024-02-05,2024-02-05 11:19:00,341.81,341.81,341.8,341.8,-0.0,54.05,18316.13,-1
2024-02-05,2024-02-05 11:20:00,341.8,341.8,341.79,341.79,-0.0,54.05,18316.13,-1
2024-02-05,2024-02-05 11:21:00,341.79,341.79,341.78,341.78,-0.0,54.05,18316.13,-1
2024-02-05,2024-02-05 11:22:00,341.78,341.78,341.77,341.77,-0.0,54.05,18316.13,-1
2024-02-05,2024-02-05 11:23:00,341.77,341.77,341.76,341.76,-0.0,54.05,18316.13,-1
2024-02-05,2024-02-05 11:24:00,341.76,341.76,341.75,341.75,-0.0,54.05,18316.13,-1
2024-02-05,2024-02-05 11:25:00,341.75,341.75,341.74,341.74,-0.0,54.05,18316.13,-1
2024-02-05,2024-02-05 11:26:00,341.74,341.74,341.73,341.73,-0.0,54.05,18316.13,-1
2024-02-05,2024-02-05 11:27:00,341.73,341.73,341.72,341.72,-0.0,54.05,18316.13,-1
2024-02-05,2024-02-05 11:28:00,341.72,341.72,341.71,341.71,-0.0,54.05,18316.13,-1
2024-02-05,2024-02-05 11:29:00,341.71,341.71,341.7,341.7,-0.0,54.05,18316.13,-1
2024-02-05,2024-02-05 11:30:00,341.7,341.7,341.69,341.69,-0.0,54.05,18316.13,-1
2024-02-05,2024-02-05 11:31:00,341.69,341.69,341.68,341.68,-0.0,54.05,18316.13,-1
2024-02-05,2024-02-05 11:32:00,341.68,341.68,341.67,341.67,-0.0,54.05,18316.13,-1
2024-02-05,2024-02-05 11:33:00,341.67,341.67,341.66,341.66,-0.0,54.05,18316.13,-1
2024-02-05,2024-02-05 11:34:00,341.66,341.66,341.65,341.65,-0.0,54.05,18316.13,-1
2024-02-05,2024-02-05 11:35:00,341.65,341.65,341.64,341.64,-0.0,54.05,18316.13,-1
2024-02-05,2024-02-05 11:36:00,341.64,341.64,341.63,341.63,-0.0,54.05,18316.13,-1
2024-02-05,2024-02-05 11:37:00,341.63,341.63,341.62,341.62,-0.0,54.05,18316.13,-1
2024-02-05,2024-02-05 11:38:00,341.62,341.62,341.61,341.61,-0.0,54.05,18316.13,-1
2024-02-05,2024-02-05 11:39:00,341.61,341.61,341.6,341.6,-0.0,54.05,18316.13,-1
2024-02-05,2024-02-05 11:40:00,341.6,341.6,341.59,341.59,-0.0,54.05,18316.13,-1
2024-02-05,2024-02-05 11:41:00,341.59,341.59,341.58,341.58,-0.0,54.05,18316.13,-1
2024-02-05,2024-02-05 11:42:00,341.58,341.58,341.57,341.57,-0.0,54.05,18316.13,-1
2024-02-05,2024-02-05 11:43:00,341.57,341.57,341.56,341.56,-0.0,54.05,18316.13,-1
2024-02-05,2024-02-05 11:44:00,341.56,341.56,341.55,341.55,-0.0,54.05,18316.13,-1
2024-02-05,2024-02-05 11:45:00,341.55,341.55,341.54,341.54,-0.0,54.05,18316.13,-1
2024-02-05,2024-02-05 11:46:00,341.54,341.54,341.53,341.53,-0.0,54.05,18316.13,-1
2024-02-05,2024-02-05 11:47:00,341.53,341.53,341.52,341.52,-0.0,54.05,18316.13,-1
2024-02-05,2024-02-05 11:48:00,341.52,341.52,341.51,341.51,-0.0,54.05,18316.13,-1
2024-02-05,2024-02-05 11:49:00,341.51,341.51,341.5,341.5,-0.0,54.05,18316.13,-1
2024-02-05,2024-02-05 11:50:00,341.5,341.5,341.49,341.49,-0.0,54.05,18316.13,-1
2024-02-05,2024-02-05 11:51:00,341.49,341.49,341.48,341.48,-0.0,54.05,18316.13,-1
2024-02-05,2024-02-05 11:52:00,341.48,341.48,341.47,341.47,-0.0,54.05,18316.13,-1
2024-02-05,2024-02-05 11:53:00,341.47,341.47,341.46,341.46,-0.0,54.05,18316.13,-1
2024-02-05,2024-02-05 11:54:00,341.46,341.46,341.45,341.45,-0.0,54.05,18316.13,-1
2024-02-05,2024-02-05 11:55:00,341.45,341.45,341.44,341.44,-0.0,54.05,18316.13,-1
2024-02-05,2024-02-05 11:56:00,341.44,341.44,341.43,341.43,-0.0,54.05,18316.13,-1
2024-02-05,2024-02-05 11:57:00,341.43,341.43,341.42,341.42,-0.0,54.05,18316.13,-1
2024-02-05,2024-02-05 11:58:00,341.42,341.42,341.41,341.41,-0.0,54.05,18316.13,-1
2024-02-05,2024-02-05 11:59:00,341.41,341.41,341.4,341.4,-0.0,54.05,18316.13,-1
2024-02-05,2024-02-05 12:00:00,341.4,341.4,341.39,341.39,-0.0,54.05,18316.13,-1
2024-02-05,2024-02-05 12:01:00,341.39,341.39,341.38,341.38,-0.0,54.05,18316.13,-1
2024-02-05,2024-02-05 12:02:00,341.38,341.38,341.37,341.37,-0.0,54.05,18316.13,-1
2024-02-05,2024-02-05 12:03:00,341.37,341.37,341.36,341.36,-0.0,54.05,18316.13,-1
2024-02-05,2024-02-05 12:04:00,341.36,341.36,341.35,341.35,-0.0,54.05,18316.13,-1
2024-02-05,2024-02-05 12:05:00,341.35,341.35,341.34,341.34,-0.0,54.05,18316.13,-1
2024-02-05,2024-02-05 12:06:00,341.34,341.34,341.33,341.33,-0.0,54.05,18316.13,-1
2024-02-05,2024-02-05 12:07:00,341.33,341.33,341.32,341.32,-0.0,54.05,18316.13,-1
2024-02-05,2024-02-05 12:08:00,341.32,341.32,341.31,341.31,-0.0,54.05,18316.13,-1
2024-02-05,2024-02-05 12:09:00,341.31,341.31,341.3,341.3,-0.0,54.05,18316.13,-1
2024-02-05,2024-02-05 12:10:00,341.3,341.3,341.29,341.29,-0.0,54.05,18316.13,-1
2024-02-05,2024-02-05 12:11:00,341.29,341.29,341.28,341.28,-0.0,54.05,18316.13,-1
2024-02-05,2024-02-05 12:12:00,341.28,341.28,341.27,341.27,-0.0,54.05,18316.13,-1
2024-02-05,2024-02-05 12:13:00,341.27,341.27,341.26,341.26,-0.0,54.05,18316.13,-1
2024-02-05,2024-02-05 12:14:00,341.26,341.26,341.25,341.25,-0.0,54.05,18316.13,-1
2024-02-05,2024-02-05 12:15:00,341.25,341.25,341.24,341.24,-0.0,54.05,18316.13,-1
2024-02-05,2024-02-05 12:16:00,341.24,341.24,341.23,341.23,-0.0,54.05,18316.13,-1
2024-02-05,2024-02-05 12:17:00,341.23,341.23,341.22,341.22,-0.0,54.05,18316.13,-1
2024-02-05,2024-02-05 12:18:00,341.22,341.22,341.21,341.21,-0.0,54.05,18316.13,-1
2024-02-05,2024-02-05 12:19:00,341.21,341.21,341.2,341.2,-0.0,54.05,18316.13,-1
2024-02-05,2024-02-05 12:20:00,341.2,341.2,341.19,341.19,-0.0,54.05,18316.13,-1
2024-02-05,2024-02-05 12:21:00,341.19,341.19,341.18,341.18,-0.0,54.05,18316.13,-1
2024-02-05,2024-02-05 12:22:00,341.18,341.18,341.17,341.17,-0.0,54.05,18316.13,-1
2024-02-05,2024-02-05 12:23:00,341.17,341.17,341.16,341.16,-0.0,54.05,18316.13,-1
2024-02-05,2024-02-05 12:24:00,341.16,341.16,341.15,341.15,-0.0,54.05,18316.13,-1
2024-02-05,2024-02-05 12:25:00,341.15,341.15,341.14,341.14,-0.0,54.05,18316.13,-1
2024-02-05,2024-02-05 12:26:00,341.14,341.14,341.13,341.13,-0.0,54.05,18316.13,-1
2024-02-05,2024-02-05 12:27:00,341.13,341.13,341.12,341.12,-0.0,54.05,18316.13,-1
2024-02-05,2024-02-05 12:28:00,341.12,341.12,341.11,341.11,-0.0,54.05,18316.13,-1
2024-02-05,2024-02-05 12:29:00,341.11,341.11,341.1,341.1,-0.0,54.05,18316.13,-1
2024-02-05,2024-02-05 12:30:00,341.1,341.1,341.09,341.09,-0.0,54.05,18316.13,-1
2024-02-05,2024-02-05 12:31:00,341.09,341.09,341.08,341.08,-0.0,54.05,18316.13,-1
2024-02-05,2024-02-05 12:32:00,341.08,341.08,341.07,341.07,-0.0,54.05,18316.13,-1
2024-02-05,2024-02-05 12:33:00,341.07,341.07,341.06,341.06,-0.0,54.05,18316.13,-1
2024-02-05,2024-02-05 12:34:00,341.06,341.06,341.05,341.05,-0.0,54.05,18316.13,-1
2024-02-05,2024-02-05 12:35:00,341.05,341.05,341.04,341.04,-0.0,54.05,18316.13,-1
2024-02-05,2024-02-05 12:36:00,341.04,341.04,341.03,341.03,-0.0,54.05,18316.13,-1
2024-02-05,2024-02-05 12:37:00,341.03,341.03,341.02,341.02,-0.0,54.05,18316.13,-1
2024-02-05,2024-02-05 12:38:00,341.02,341.02,341.01,341.01,-0.0,54.05,18316.13,-1
2024-02-05,2024-02-05 12:39:00,341.01,341.01,341.0,341.0,-0.0,54.05,18316.13,-1
2024-02-05,2024-02-05 12:40:00,341.0,341.0,340.99,340.99,-0.0,54.05,18316.13,-1
2024-02-05,2024-02-05 12:41:00,340.99,340.99,340.98,340.98,-0.0,54.05,18316.13,-1
2024-02-05,2024-02-05 12:42:00,340.98,340.98,340.97,340.97,-0.0,54.05,18316.13,-1
2024-02-05,2024-02-05 12:43:00,340.97,340.97,340.96,340.96,-0.0,54.05,18316.13,-1
2024-02-05,2024-02-05 12:44:00,340.96,340.96,340.95,340.95,-0.0,54.05,18316.13,-1
2024-02-05,2024-02-05 12:45:00,340.95,340.95,340.94,340.94,-0.0,54.05,18316.13,-1
2024-02-05,2024-02-05 12:46:00,340.94,340.94,340.93,340.93,-0.0,54.05,18316.13,-1
2024-02-05,2024-02-05 12:47:00,340.93,340.93,340.92,340.92,-0.0,54.05,18316.13,-1
2024-02-05,2024-02-05 12:48:00,340.92,340.92,340.91,340.91,-0.0,54.05,18316.13,-1
2024-02-05,2024-02-05 12:49:00,340.91,340.91,340.9,340.9,-0.0,54.05,18316.13,-1
2024-02-05,2024-02-05 12:50:00,340.9,340.9,340.89,340.89,-0.0,54.05,18316.13,-1
2024-02-05,2024-02-05 12:51:00,340.89,340.89,340.88,340.88,-0.0,54.05,18316.13,-1
2024-02-05,2024-02-05 12:52:00,340.88,340.88,340.87,340.87,-0.0,54.05,18316.13,-1
2024-02-05,2024-02-05 12:53:00,340.87,340.87,340.86,340.86,-0.0,54.05,18316.13,-1
2024-02-05,2024-02-05 12:54:00,340.86,340.86,340.85,340.85,-0.0,54.05,18316.13,-1
2024-02-05,2024-02-05 12:55:00,340.85,340.85,340.84,340.84,-0.0,54.05,18316.13,-1
2024-02-05,2024-02-05 12:56:00,340.84,340.84,340.83,340.83,-0.0,54.05,18316.13,-1
2024-02-05,2024-02-05 12:57:00,340.83,340.83,340.82,340.82,-0.0,54.05,18316.13,-1
2024-02-05,2024-02-05 12:58:00,340.82,340.82,340.81,340.81,-0.0,54.05,18316.13,-1
2024-02-05,2024-02-05 12:59:00,340.81,340.81,340.8,340.8,-0.0,54.05,18316.13,-1
2024-02-05,2024-02-05 13:00:00,340.8,348.8,330.1,340.79,-0.0,54.05,18316.13,-1
2024-02-05,2024-02-05 13:01:00,340.79,340.79,340.78,340.78,-0.0,54.05,18316.13,-1
2024-02-05,2024-02-05 13:02:00,340.78,340.78,340.77,340.77,-0.0,54.05,18316.13,-1
2024-02-05,2024-02-05 13:03:00,340.77,340.77,340.76,340.76,-0.0,54.05,18316.13,-1
2024-02-05,2024-02-05 13:04:00,340.76,340.76,340.75,340.75,-0.0,54.05,18316.13,-1
2024-02-05,2024-02-05 13:05:00,340.75,340.75,340.74,340.74,-0.0,54.05,18316.13,-1
2024-02-05,2024-02-05 13:06:00,340.74,340.74,340.73,340.73,-0.0,54.05,18316.13,-1
2024-02-05,2024-02-05 13:07:00,340.73,340.73,340.72,340.72,-0.0,54.05,18316.13,-1
2024-02-05,2024-02-05 13:08:00,340.72,340.72,340.71,340.71,-0.0,54.05,18316.13,-1
2024-02-05,2024-02-05 13:09:00,340.71,340.71,340.7,340.7,-0.0,54.05,18316.13,-1
2024-02-05,2024-02-05 13:10:00,340.7,340.7,340.69,340.69,-0.0,54.05,18316.13,-1
2024-02-05,2024-02-05 13:11:00,340.69,340.69,340.68,340.68,-0.0,54.05,18316.13,-1
2024-02-05,2024-02-05 13:12:00,340.68,340.68,340.67,340.67,-0.0,54.05,18316.13,-1
2024-02-05,2024-02-05 13:13:00,340.67,340.67,340.66,340.66,-0.0,54.05,18316.13,-1
2024-02-05,2024-02-05 13:14:00,340.66,340.66,340.65,340.65,-0.0,54.05,18316.13,-1
2024-02-05,2024-02-05 13:15:00,340.65,340.65,340.64,340.64,-0.0,54.05,18316.13,-1
2024-02-05,2024-02-05 13:16:00,340.64,340.64,340.63,340.63,-0.0,54.05,18316.13,-1
2024-02-05,2024-02-05 13:17:00,340.63,340.63,340.62,340.62,-0.0,54.05,18316.13,-1
2024-02-05,2024-02-05 13:18:00,340.62,340.62,340.61,340.61,-0.0,54.05,18316.13,-1
2024-02-05,2024-02-05 13:19:00,340.61,340.61,340.6,340.6,-0.0,54.05,18316.13,-1
2024-02-05,2024-02-05 13:20:00,340.6,340.6,340.59,340.59,-0.0,54.05,18316.13,-1
2024-02-05,2024-02-05 13:21:00,340.59,340.59,340.58,340.58,-0.0,54.05,18316.13,-1
2024-02-05,2024-02-05 13:22:00,340.58,340.58,340.57,340.57,-0.0,54.05,18316.13,-1
2024-02-05,2024-02-05 13:23:00,340.57,340.57,340.56,340.56,-0.0,54.05,18316.13,-1
2024-02-05,2024-02-05 13:24:00,340.56,340.56,340.55,340.55,-0.0,54.05,18316.13,-1
2024-02-05,2024-02-05 13:25:00,340.55,340.55,340.54,340.54,-0.0,54.05,18316.13,-1
2024-02-05,2024-02-05 13:26:00,340.54,340.54,340.53,340.53,-0.0,54.05,18316.13,-1
2024-02-05,2024-02-05 13:27:00,340.53,340.53,340.52,340.52,-0.0,54.05,18316.13,-1
2024-02-05,2024-02-05 13:28:00,340.52,340.52,340.51,340.51,-0.0,54.05,18316.13,-1
2024-02-05,2024-02-05 13:29:00,340.51,340.51,340.5,340.5,-0.0,54.05,18316.13,-1
2024-02-05,2024-02-05 13:30:00,340.5,340.5,340.49,340.49,-0.0,54.05,18316.13,-1
2024-02-05,2024-02-05 13:31:00,340.49,340.49,340.48,340.48,-0.0,54.05,18316.13,-1
2024-02-05,2024-02-05 13:32:00,340.48,340.48,340.47,340.47,-0.0,54.05,18316.13,-1
2024-02-05,2024-02-05 13:33:00,340.47,340.47,340.46,340.46,-0.0,54.05,18316.13,-1
2024-02-05,2024-02-05 13:34:00,340.46,340.46,340.45,340.45,-0.0,54.05,18316.13,-1
2024-02-05,2024-02-05 13:35:00,340.45,340.45,340.44,340.44,-0.0,54.05,18316.13,-1
2024-02-05,2024-02-05 13:36:00,340.44,340.44,340.43,340.43,-0.0,54.05,18316.13,-1
2024-02-05,2024-02-05 13:37:00,340.43,340.43,340.42,340.42,-0.0,54.05,18316.13,-1
2024-02-05,2024-02-05 13:38:00,340.42,340.42,340.41,340.41,-0.0,54.05,18316.13,-1
2024-02-05,2024-02-05 13:39:00,340.41,340.41,340.4,340.4,-0.0,54.05,18316.13,-1
2024-02-05,2024-02-05 13:40:00,340.4,340.4,340.39,340.39,-0.0,54.05,18316.13,-1
2024-02-05,2024-02-05 13:41:00,340.39,340.39,340.38,340.38,-0.0,54.05,18316.13,-1
2024-02-05,2024-02-05 13:42:00,340.38,340.38,340.37,340.37,-0.0,54.05,18316.13,-1
2024-02-05,2024-02-05 13:43:00,340.37,340.37,340.36,340.36,-0.0,54.05,18316.13,-1
2024-02-05,2024-02-05 13:44:00,340.36,340.36,340.35,340.35,-0.0,54.05,18316.13,-1
2024-02-05,2024-02-05 13:45:00,340.35,340.35,340.34,340.34,-0.0,54.05,18316.13,-1
2024-02-05,2024-02-05 13:46:00,340.34,340.34,340.33,340.33,-0.0,54.05,18316.13,-1
2024-02-05,2024-02-05 13:47:00,340.33,340.33,340.32,340.32,-0.0,54.05,18316.13,-1
2024-02-05,2024-02-05 13:48:00,340.32,340.32,340.31,340.31,-0.0,54.05,18316.13,-1
2024-02-05,2024-02-05 13:49:00,340.31,340.31,340.3,340.3,-0.0,54.05,18316.13,-1
2024-02-05,2024-02-05 13:50:00,340.3,340.3,340.29,340.29,-0.0,54.05,18316.13,-1
2024-02-05,2024-02-05 13:51:00,340.29,340.29,340.28,340.28,-0.0,54.05,18316.13,-1
2024-02-05,2024-02-05 13:52:00,340.28,340.28,340.27,340.27,-0.0,54.05,18316.13,-1
2024-02-05,2024-02-05 13:53:00,340.27,340.27,340.26,340.26,-0.0,54.05,18316.13,-1
2024-02-05,2024-02-05 13:54:00,340.26,340.26,340.25,340.25,-0.0,54.05,18316.13,-1
2024-02-05,2024-02-05 13:55:00,340.25,340.25,340.24,340.24,-0.0,54.05,18316.13,-1
2024-02-05,2024-02-05 13:56:00,340.24,340.24,340.23,340.23,-0.0,54.05,18316.13,-1
2024-02-05,2024-02-05 13:57:00,340.23,340.23,340.22,340.22,-0.0,54.05,18316.13,-1
2024-02-05,2024-02-05 13:58:00,340.22,340.22,340.21,340.21,-0.0,54.05,18316.13,-1
2024-02-05,2024-02-05 13:59:00,340.21,340.21,340.2,340.2,-0.0,54.05,18316.13,-1
2024-02-05,2024-02-05 14:00:00,340.2,340.2,340.19,340.19,-0.0,54.05,18316.13,-1
2024-02-05,2024-02-05 14:01:00,340.19,340.19,340.18,340.18,-0.0,54.05,18316.13,-1
2024-02-05,2024-02-05 14:02:00,340.18,340.18,340.17,340.17,-0.0,54.05,18316.13,-1
2024-02-05,2024-02-05 14:03:00,340.17,340.17,340.16,340.16,-0.0,54.05,18316.13,-1
2024-02-05,2024-02-05 14:04:00,340.16,340.16,340.15,340.15,-0.0,54.05,18316.13,-1
2024-02-05,2024-02-05 14:05:00,340.15,340.15,340.14,340.14,-0.0,54.05,18316.13,-1
2024-02-05,2024-02-05 14:06:00,340.14,340.14,340.13,340.13,-0.0,54.05,18316.13,-1
2024-02-05,2024-02-05 14:07:00,340.13,340.13,340.12,340.12,-0.0,54.05,18316.13,-1
2024-02-05,2024-02-05 14:08:00,340.12,340.12,340.11,340.11,-0.0,54.05,18316.13,-1
2024-02-05,2024-02-05 14:09:00,340.11,340.11,340.1,340.1,-0.0,54.05,18316.13,-1
2024-02-05,2024-02-05 14:10:00,340.1,340.1,340.09,340.09,-0.0,54.05,18316.13,-1
2024-02-05,2024-02-05 14:11:00,340.09,340.09,340.08,340.08,-0.0,54.05,18316.13,-1
2024-02-05,2024-02-05 14:12:00,340.08,340.08,340.07,340.07,-0.0,54.05,18316.13,-1
2024-02-05,2024-02-05 14:13:00,340.07,340.07,340.06,340.06,-0.0,54.05,18316.13,-1
2024-02-05,2024-02-05 14:14:00,340.06,340.06,340.05,340.05,-0.0,54.05,18316.13,-1
2024-02-05,2024-02-05 14:15:00,340.05,340.05,340.04,340.04,-0.0,54.05,18316.13,-1
2024-02-05,2024-02-05 14:16:00,340.04,340.04,340.03,340.03,-0.0,54.05,18316.13,-1
2024-02-05,2024-02-05 14:17:00,340.03,340.03,340.02,340.02,-0.0,54.05,18316.13,-1
2024-02-05,2024-02-05 14:18:00,340.02,340.02,340.01,340.01,-0.0,54.05,18316.13,-1
2024-02-05,2024-02-05 14:19:00,340.01,340.01,340.0,340.0,-0.0,54.05,18316.13,-1
2024-02-05,2024-02-05 14:20:00,340.0,340.0,339.99,339.99,-0.0,54.05,18316.13,-1
2024-02-05,2024-02-05 14:21:00,339.99,339.99,339.98,339.98,-0.0,54.05,18316.13,-1
2024-02-05,2024-02-05 14:22:00,339.98,339.98,339.97,339.97,-0.0,54.05,18316.13,-1
2024-02-05,2024-02-05 14:23:00,339.97,339.97,339.96,339.96,-0.0,54.05,18316.13,-1
2024-02-05,2024-02-05 14:24:00,339.96,339.96,339.95,339.95,-0.0,54.05,18316.13,-1
2024-02-05,2024-02-05 14:25:00,339.95,339.95,339.94,339.94,-0.0,54.05,18316.13,-1
2024-02-05,2024-02-05 14:26:00,339.94,339.94,339.93,339.93,-0.0,54.05,18316.13,-1
2024-02-05,2024-02-05 14:27:00,339.93,339.93,339.92,339.92,-0.0,54.05,18316.13,-1
2024-02-05,2024-02-05 14:28:00,339.92,339.92,339.91,339.91,-0.0,54.05,18316.13,-1
2024-02-05,2024-02-05 14:29:00,339.91,339.91,339.9,339.9,-0.0,54.05,18316.13,-1
2024-02-05,2024-02-05 14:30:00,339.9,339.9,339.89,339.89,-0.0,54.05,18316.13,-1
2024-02-05,2024-02-05 14:31:00,339.89,339.89,339.88,339.88,-0.0,54.05,18316.13,-1
2024-02-05,2024-02-05 14:32:00,339.88,339.88,339.87,339.87,-0.0,54.05,18316.13,-1
2024-02-05,2024-02-05 14:33:00,339.87,339.87,339.86,339.86,-0.0,54.05,18316.13,-1
2024-02-05,2024-02-05 14:34:00,339.86,339.86,339.85,339.85,-0.0,54.05,18316.13,-1
2024-02-05,2024-02-05 14:35:00,339.85,339.85,339.84,339.84,-0.0,54.05,18316.13,-1
2024-02-05,2024-02-05 14:36:00,339.84,339.84,339.83,339.83,-0.0,54.05,18316.13,-1
2024-02-05,2024-02-05 14:37:00,339.83,339.83,339.82,339.82,-0.0,54.05,18316.13,-1
2024-02-05,2024-02-05 14:38:00,339.82,339.82,339.81,339.81,-0.0,54.05,18316.13,-1
2024-02-05,2024-02-05 14:39:00,339.81,339.81,339.8,339.8,-0.0,54.05,18316.13,-1
2024-02-05,2024-02-05 14:40:00,339.8,339.8,339.79,339.79,-0.0,54.05,18316.13,-1
2024-02-05,2024-02-05 14:41:00,339.79,339.79,339.78,339.78,-0.0,54.05,18316.13,-1
2024-02-05,2024-02-05 14:42:00,339.78,339.78,339.77,339.77,-0.0,54.05,18316.13,-1
2024-02-05,2024-02-05 14:43:00,339.77,339.77,339.76,339.76,-0.0,54.05,18316.13,-1
2024-02-05,2024-02-05 14:44:00,339.76,339.76,339.75,339.75,-0.0,54.05,18316.13,-1
2024-02-05,2024-02-05 14:45:00,339.75,339.75,339.74,339.74,-0.0,54.05,18316.13,-1
2024-02-05,2024-02-05 14:46:00,339.74,339.74,339.73,339.73,-0.0,54.05,18316.13,-1
2024-02-05,2024-02-05 14:47:00,339.73,339.73,339.72,339.72,-0.0,54.05,18316.13,-1
2024-02-05,2024-02-05 14:48:00,339.72,339.72,339.71,339.71,-0.0,54.05,18316.13,-1
2024-02-05,2024-02-05 14:49:00,339.71,339.71,339.7,339.7,-0.0,54.05,18316.13,-1
2024-02-05,2024-02-05 14:50:00,339.7,339.7,339.69,339.69,-0.0,54.05,18316.13,-1
2024-02-05,2024-02-05 14:51:00,339.69,339.69,339.68,339.68,-0.0,54.05,18316.13,-1
2024-02-05,2024-02-05 14:52:00,339.68,339.68,339.67,339.67,-0.0,54.05,18316.13,-1
2024-02-05,2024-02-05 14:53:00,339.67,339.67,339.66,339.66,-0.0,54.05,18316.13,-1
2024-02-05,2024-02-05 14:54:00,339.66,339.66,339.65,339.65,-0.0,54.05,18316.13,-1
2024-02-05,2024-02-05 14:55:00,339.65,339.65,339.64,339.64,-0.0,54.05,18316.13,-1
2024-02-05,2024-02-05 14:56:00,339.64,339.64,339.63,339.63,-0.0,54.05,18316.13,-1
2024-02-05,2024-02-05 14:57:00,339.63,339.63,339.62,339.62,-0.0,54.05,18316.13,-1
2024-02-05,2024-02-05 14:58:00,339.62,339.62,339.61,339.61,-0.0,54.05,18316.13,-1
2024-02-05,2024-02-05 14:59:00,339.61,339.61,339.6,339.6,-0.0,54.05,18316.13,-1
2024-02-05,2024-02-05 15:00:00,339.6,348.8,330.1,339.6,0.0,54.05,18316.13,0
2024-02-06,2024-02-06 11:00:00,332.9,335.9,331.43,332.94,0.01,50.52,17079.93,1
2024-02-06,2024-02-06 11:01:00,332.94,332.97,332.94,332.97,0.01,50.52,17079.93,1
2024-02-06,2024-02-06 11:02:00,332.97,333.01,332.97,333.01,0.01,50.52,17079.93,1
2024-02-06,2024-02-06 11:03:00,333.01,333.05,333.01,333.05,0.01,50.52,17079.93,1
2024-02-06,2024-02-06 11:04:00,333.05,333.09,333.05,333.09,0.01,50.52,17079.93,1
2024-02-06,2024-02-06 11:05:00,333.09,333.12,333.09,333.12,0.01,50.52,17079.93,1
2024-02-06,2024-02-06 11:06:00,333.12,333.16,333.12,333.16,0.01,50.52,17079.93,1
2024-02-06,2024-02-06 11:07:00,333.16,333.2,333.16,333.2,0.01,50.52,17079.93,1
2024-02-06,2024-02-06 11:08:00,333.2,333.24,333.2,333.24,0.01,50.52,17079.93,1
2024-02-06,2024-02-06 11:09:00,333.24,333.27,333.24,333.27,0.01,50.52,17079.93,1
2024-02-06,2024-02-06 11:10:00,333.27,333.31,333.27,333.31,0.01,50.52,17079.93,1
2024-02-06,2024-02-06 11:11:00,333.31,333.35,333.31,333.35,0.01,50.52,17079.93,1
2024-02-06,2024-02-06 11:12:00,333.35,333.39,333.35,333.39,0.01,50.52,17079.93,1
2024-02-06,2024-02-06 11:13:00,333.39,333.42,333.39,333.42,0.01,50.52,17079.93,1
2024-02-06,2024-02-06 11:14:00,333.42,333.46,333.42,333.46,0.01,50.52,17079.93,1
2024-02-06,2024-02-06 11:15:00,333.46,333.5,333.46,333.5,0.01,50.52,17079.93,1
2024-02-06,2024-02-06 11:16:00,333.5,333.54,333.5,333.54,0.01,50.52,17079.93,1
2024-02-06,2024-02-06 11:17:00,333.54,333.57,333.54,333.57,0.01,50.52,17079.93,1
2024-02-06,2024-02-06 11:18:00,333.57,333.61,333.57,333.61,0.01,50.52,17079.93,1
2024-02-06,2024-02-06 11:19:00,333.61,333.65,333.61,333.65,0.01,50.52,17079.93,1
2024-02-06,2024-02-06 11:20:00,333.65,333.69,333.65,333.69,0.01,50.52,17079.93,1
2024-02-06,2024-02-06 11:21:00,333.69,333.72,333.69,333.72,0.01,50.52,17079.93,1
2024-02-06,2024-02-06 11:22:00,333.72,333.76,333.72,333.76,0.01,50.52,17079.93,1
2024-02-06,2024-02-06 11:23:00,333.76,333.8,333.76,333.8,0.01,50.52,17079.93,1
2024-02-06,2024-02-06 11:24:00,333.8,333.84,333.8,333.84,0.01,50.52,17079.93,1
2024-02-06,2024-02-06 11:25:00,333.84,333.88,333.84,333.88,0.01,50.52,17079.93,1
2024-02-06,2024-02-06 11:26:00,333.88,333.91,333.88,333.91,0.01,50.52,17079.93,1
2024-02-06,2024-02-06 11:27:00,333.91,333.95,333.91,333.95,0.01,50.52,17079.93,1
2024-02-06,2024-02-06 11:28:00,333.95,333.99,333.95,333.99,0.01,50.52,17079.93,1
2024-02-06,2024-02-06 11:29:00,333.99,334.02,333.99,334.02,0.01,50.52,17079.93,1
2024-02-06,2024-02-06 11:30:00,334.02,334.06,334.02,334.06,0.01,50.52,17079.93,1
2024-02-06,2024-02-06 11:31:00,334.06,334.1,334.06,334.1,0.01,50.52,17079.93,1
2024-02-06,2024-02-06 11:32:00,334.1,334.14,334.1,334.14,0.01,50.52,17079.93,1
2024-02-06,2024-02-06 11:33:00,334.14,334.17,334.14,334.17,0.01,50.52,17079.93,1
2024-02-06,2024-02-06 11:34:00,334.17,334.21,334.17,334.21,0.01,50.52,17079.93,1
2024-02-06,2024-02-06 11:35:00,334.21,334.25,334.21,334.25,0.01,50.52,17079.93,1
2024-02-06,2024-02-06 11:36:00,334.25,334.29,334.25,334.29,0.01,50.52,17079.93,1
2024-02-06,2024-02-06 11:37:00,334.29,334.32,334.29,334.32,0.01,50.52,17079.93,1
2024-02-06,2024-02-06 11:38:00,334.32,334.36,334.32,334.36,0.01,50.52,17079.93,1
2024-02-06,2024-02-06 11:39:00,334.36,334.4,334.36,334.4,0.01,50.52,17079.93,1
2024-02-06,2024-02-06 11:40:00,334.4,334.44,334.4,334.44,0.01,50.52,17079.93,1
2024-02-06,2024-02-06 11:41:00,334.44,334.47,334.44,334.47,0.01,50.52,17079.93,1
2024-02-06,2024-02-06 11:42:00,334.47,334.51,334.47,334.51,0.01,50.52,17079.93,1
2024-02-06,2024-02-06 11:43:00,334.51,334.55,334.51,334.55,0.01,50.52,17079.93,1
2024-02-06,2024-02-06 11:44:00,334.55,334.59,334.55,334.59,0.01,50.52,17079.93,1
2024-02-06,2024-02-06 11:45:00,334.59,334.62,334.59,334.62,0.01,50.52,17079.93,1
2024-02-06,2024-02-06 11:46:00,334.62,334.66,334.62,334.66,0.01,50.52,17079.93,1
2024-02-06,2024-02-06 11:47:00,334.66,334.7,334.66,334.7,0.01,50.52,17079.93,1
2024-02-06,2024-02-06 11:48:00,334.7,334.74,334.7,334.74,0.01,50.52,17079.93,1
2024-02-06,2024-02-06 11:49:00,334.74,334.77,334.74,334.77,0.01,50.52,17079.93,1
2024-02-06,2024-02-06 11:50:00,334.77,334.81,334.77,334.81,0.01,50.52,17079.93,1
2024-02-06,2024-02-06 11:51:00,334.81,334.85,334.81,334.85,0.01,50.52,17079.93,1
2024-02-06,2024-02-06 11:52:00,334.85,334.89,334.85,334.89,0.01,50.52,17079.93,1
2024-02-06,2024-02-06 11:53:00,334.89,334.92,334.89,334.92,0.01,50.52,17079.93,1
2024-02-06,2024-02-06 11:54:00,334.92,334.96,334.92,334.96,0.01,50.52,17079.93,1
2024-02-06,2024-02-06 11:55:00,334.96,335.0,334.96,335.0,0.01,50.52,17079.93,1
2024-02-06,2024-02-06 11:56:00,335.0,335.04,335.0,335.04,0.01,50.52,17079.93,1
2024-02-06,2024-02-06 11:57:00,335.04,335.07,335.04,335.07,0.01,50.52,17079.93,1
2024-02-06,2024-02-06 11:58:00,335.07,335.11,335.07,335.11,0.01,50.52,17079.93,1
2024-02-06,2024-02-06 11:59:00,335.11,335.15,335.11,335.15,0.01,50.52,17079.93,1
2024-02-06,2024-02-06 12:00:00,335.15,335.19,335.15,335.19,0.01,50.52,17079.93,1
2024-02-06,2024-02-06 12:01:00,335.19,335.22,335.19,335.22,0.01,50.52,17079.93,1
2024-02-06,2024-02-06 12:02:00,335.22,335.26,335.22,335.26,0.01,50.52,17079.93,1
2024-02-06,2024-02-06 12:03:00,335.26,335.3,335.26,335.3,0.01,50.52,17079.93,1
2024-02-06,2024-02-06 12:04:00,335.3,335.34,335.3,335.34,0.01,50.52,17079.93,1
2024-02-06,2024-02-06 12:05:00,335.34,335.38,335.34,335.38,0.01,50.52,17079.93,1
2024-02-06,2024-02-06 12:06:00,335.38,335.41,335.38,335.41,0.01,50.52,17079.93,1
2024-02-06,2024-02-06 12:07:00,335.41,335.45,335.41,335.45,0.01,50.52,17079.93,1
2024-02-06,2024-02-06 12:08:00,335.45,335.49,335.45,335.49,0.01,50.52,17079.93,1
2024-02-06,2024-02-06 12:09:00,335.49,335.52,335.49,335.52,0.01,50.52,17079.93,1
2024-02-06,2024-02-06 12:10:00,335.52,335.56,335.52,335.56,0.01,50.52,17079.93,1
2024-02-06,2024-02-06 12:11:00,335.56,335.6,335.56,335.6,0.01,50.52,17079.93,1
2024-02-06,2024-02-06 12:12:00,335.6,335.64,335.6,335.64,0.01,50.52,17079.93,1
2024-02-06,2024-02-06 12:13:00,335.64,335.67,335.64,335.67,0.01,50.52,17079.93,1
2024-02-06,2024-02-06 12:14:00,335.67,335.71,335.67,335.71,0.01,50.52,17079.93,1
2024-02-06,2024-02-06 12:15:00,335.71,335.75,335.71,335.75,0.01,50.52,17079.93,1
2024-02-06,2024-02-06 12:16:00,335.75,335.79,335.75,335.79,0.01,50.52,17079.93,1
2024-02-06,2024-02-06 12:17:00,335.79,335.82,335.79,335.82,0.01,50.52,17079.93,1
2024-02-06,2024-02-06 12:18:00,335.82,335.86,335.82,335.86,0.01,50.52,17079.93,1
2024-02-06,2024-02-06 12:19:00,335.86,335.9,335.86,335.9,0.01,50.52,17079.93,1
2024-02-06,2024-02-06 12:20:00,335.9,335.94,335.9,335.94,0.01,50.52,17079.93,1
2024-02-06,2024-02-06 12:21:00,335.94,335.97,335.94,335.97,0.01,50.52,17079.93,1
2024-02-06,2024-02-06 12:22:00,335.97,336.01,335.97,336.01,0.01,50.52,17079.93,1
2024-02-06,2024-02-06 12:23:00,336.01,336.05,336.01,336.05,0.01,50.52,17079.93,1
2024-02-06,2024-02-06 12:24:00,336.05,336.09,336.05,336.09,0.01,50.52,17079.93,1
2024-02-06,2024-02-06 12:25:00,336.09,336.12,336.09,336.12,0.01,50.52,17079.93,1
2024-02-06,2024-02-06 12:26:00,336.12,336.16,336.12,336.16,0.01,50.52,17079.93,1
2024-02-06,2024-02-06 12:27:00,336.16,336.2,336.16,336.2,0.01,50.52,17079.93,1
2024-02-06,2024-02-06 12:28:00,336.2,336.24,336.2,336.24,0.01,50.52,17079.93,1
2024-02-06,2024-02-06 12:29:00,336.24,336.27,336.24,336.27,0.01,50.52,17079.93,1
2024-02-06,2024-02-06 12:30:00,336.27,336.31,336.27,336.31,0.01,50.52,17079.93,1
2024-02-06,2024-02-06 12:31:00,336.31,336.35,336.31,336.35,0.01,50.52,17079.93,1
2024-02-06,2024-02-06 12:32:00,336.35,336.39,336.35,336.39,0.01,50.52,17079.93,1
2024-02-06,2024-02-06 12:33:00,336.39,336.42,336.39,336.42,0.01,50.52,17079.93,1
2024-02-06,2024-02-06 12:34:00,336.42,336.46,336.42,336.46,0.01,50.52,17079.93,1
2024-02-06,2024-02-06 12:35:00,336.46,336.5,336.46,336.5,0.01,50.52,17079.93,1
2024-02-06,2024-02-06 12:36:00,336.5,336.54,336.5,336.54,0.01,50.52,17079.93,1
2024-02-06,2024-02-06 12:37:00,336.54,336.57,336.54,336.57,0.01,50.52,17079.93,1
2024-02-06,2024-02-06 12:38:00,336.57,336.61,336.57,336.61,0.01,50.52,17079.93,1
2024-02-06,2024-02-06 12:39:00,336.61,336.65,336.61,336.65,0.01,50.52,17079.93,1
2024-02-06,2024-02-06 12:40:00,336.65,336.69,336.65,336.69,0.01,50.52,17079.93,1
2024-02-06,2024-02-06 12:41:00,336.69,336.72,336.69,336.72,0.01,50.52,17079.93,1
2024-02-06,2024-02-06 12:42:00,336.72,336.76,336.72,336.76,0.01,50.52,17079.93,1
2024-02-06,2024-02-06 12:43:00,336.76,336.8,336.76,336.8,0.01,50.52,17079.93,1
2024-02-06,2024-02-06 12:44:00,336.8,336.84,336.8,336.84,0.01,50.52,17079.93,1
2024-02-06,2024-02-06 12:45:00,336.84,336.88,336.84,336.88,0.01,50.52,17079.93,1
2024-02-06,2024-02-06 12:46:00,336.88,336.91,336.88,336.91,0.01,50.52,17079.93,1
2024-02-06,2024-02-06 12:47:00,336.91,336.95,336.91,336.95,0.01,50.52,17079.93,1
2024-02-06,2024-02-06 12:48:00,336.95,336.99,336.95,336.99,0.01,50.52,17079.93,1
2024-02-06,2024-02-06 12:49:00,336.99,337.02,336.99,337.02,0.01,50.52,17079.93,1
2024-02-06,2024-02-06 12:50:00,337.02,337.06,337.02,337.06,0.01,50.52,17079.93,1
2024-02-06,2024-02-06 12:51:00,337.06,337.1,337.06,337.1,0.01,50.52,17079.93,1
2024-02-06,2024-02-06 12:52:00,337.1,337.14,337.1,337.14,0.01,50.52,17079.93,1
2024-02-06,2024-02-06 12:53:00,337.14,337.17,337.14,337.17,0.01,50.52,17079.93,1
2024-02-06,2024-02-06 12:54:00,337.17,337.21,337.17,337.21,0.01,50.52,17079.93,1
2024-02-06,2024-02-06 12:55:00,337.21,337.25,337.21,337.25,0.01,50.52,17079.93,1
2024-02-06,2024-02-06 12:56:00,337.25,337.29,337.25,337.29,0.01,50.52,17079.93,1
2024-02-06,2024-02-06 12:57:00,337.29,337.32,337.29,337.32,0.01,50.52,17079.93,1
2024-02-06,2024-02-06 12:58:00,337.32,337.36,337.32,337.36,0.01,50.52,17079.93,1
2024-02-06,2024-02-06 12:59:00,337.36,337.4,337.36,337.4,0.01,50.52,17079.93,1
2024-02-06,2024-02-06 13:00:00,337.4,342.9,328.0,337.44,0.01,50.52,17079.93,1
2024-02-06,2024-02-06 13:01:00,337.44,337.47,337.44,337.47,0.01,50.52,17079.93,1
2024-02-06,2024-02-06 13:02:00,337.47,337.51,337.47,337.51,0.01,50.52,17079.93,1
2024-02-06,2024-02-06 13:03:00,337.51,337.55,337.51,337.55,0.01,50.52,17079.93,1
2024-02-06,2024-02-06 13:04:00,337.55,337.59,337.55,337.59,0.01,50.52,17079.93,1
2024-02-06,2024-02-06 13:05:00,337.59,337.62,337.59,337.62,0.01,50.52,17079.93,1
2024-02-06,2024-02-06 13:06:00,337.62,337.66,337.62,337.66,0.01,50.52,17079.93,1
2024-02-06,2024-02-06 13:07:00,337.66,337.7,337.66,337.7,0.01,50.52,17079.93,1
2024-02-06,2024-02-06 13:08:00,337.7,337.74,337.7,337.74,0.01,50.52,17079.93,1
2024-02-06,2024-02-06 13:09:00,337.74,337.77,337.74,337.77,0.01,50.52,17079.93,1
2024-02-06,2024-02-06 13:10:00,337.77,337.81,337.77,337.81,0.01,50.52,17079.93,1
2024-02-06,2024-02-06 13:11:00,337.81,337.85,337.81,337.85,0.01,50.52,17079.93,1
2024-02-06,2024-02-06 13:12:00,337.85,337.89,337.85,337.89,0.01,50.52,17079.93,1
2024-02-06,2024-02-06 13:13:00,337.89,337.92,337.89,337.92,0.01,50.52,17079.93,1
2024-02-06,2024-02-06 13:14:00,337.92,337.96,337.92,337.96,0.01,50.52,17079.93,1
2024-02-06,2024-02-06 13:15:00,337.96,338.0,337.96,338.0,0.01,50.52,17079.93,1
2024-02-06,2024-02-06 13:16:00,338.0,338.04,338.0,338.04,0.01,50.52,17079.93,1
2024-02-06,2024-02-06 13:17:00,338.04,338.07,338.04,338.07,0.01,50.52,17079.93,1
2024-02-06,2024-02-06 13:18:00,338.07,338.11,338.07,338.11,0.01,50.52,17079.93,1
2024-02-06,2024-02-06 13:19:00,338.11,338.15,338.11,338.15,0.01,50.52,17079.93,1
2024-02-06,2024-02-06 13:20:00,338.15,338.19,338.15,338.19,0.01,50.52,17079.93,1
2024-02-06,2024-02-06 13:21:00,338.19,338.22,338.19,338.22,0.01,50.52,17079.93,1
2024-02-06,2024-02-06 13:22:00,338.22,338.26,338.22,338.26,0.01,50.52,17079.93,1
2024-02-06,2024-02-06 13:23:00,338.26,338.3,338.26,338.3,0.01,50.52,17079.93,1
2024-02-06,2024-02-06 13:24:00,338.3,338.34,338.3,338.34,0.01,50.52,17079.93,1
2024-02-06,2024-02-06 13:25:00,338.34,338.38,338.34,338.38,0.01,50.52,17079.93,1
2024-02-06,2024-02-06 13:26:00,338.38,338.41,338.38,338.41,0.01,50.52,17079.93,1
2024-02-06,2024-02-06 13:27:00,338.41,338.45,338.41,338.45,0.01,50.52,17079.93,1
2024-02-06,2024-02-06 13:28:00,338.45,338.49,338.45,338.49,0.01,50.52,17079.93,1
2024-02-06,2024-02-06 13:29:00,338.49,338.52,338.49,338.52,0.01,50.52,17079.93,1
2024-02-06,2024-02-06 13:30:00,338.52,338.56,338.52,338.56,0.01,50.52,17079.93,1
2024-02-06,2024-02-06 13:31:00,338.56,338.6,338.56,338.6,0.01,50.52,17079.93,1
2024-02-06,2024-02-06 13:32:00,338.6,338.64,338.6,338.64,0.01,50.52,17079.93,1
2024-02-06,2024-02-06 13:33:00,338.64,338.67,338.64,338.67,0.01,50.52,17079.93,1
2024-02-06,2024-02-06 13:34:00,338.67,338.71,338.67,338.71,0.01,50.52,17079.93,1
2024-02-06,2024-02-06 13:35:00,338.71,338.75,338.71,338.75,0.01,50.52,17079.93,1
2024-02-06,2024-02-06 13:36:00,338.75,338.79,338.75,338.79,0.01,50.52,17079.93,1
2024-02-06,2024-02-06 13:37:00,338.79,338.82,338.79,338.82,0.01,50.52,17079.93,1
2024-02-06,2024-02-06 13:38:00,338.82,338.86,338.82,338.86,0.01,50.52,17079.93,1
2024-02-06,2024-02-06 13:39:00,338.86,338.9,338.86,338.9,0.01,50.52,17079.93,1
2024-02-06,2024-02-06 13:40:00,338.9,338.94,338.9,338.94,0.01,50.52,17079.93,1
2024-02-06,2024-02-06 13:41:00,338.94,338.97,338.94,338.97,0.01,50.52,17079.93,1
2024-02-06,2024-02-06 13:42:00,338.97,339.01,338.97,339.01,0.01,50.52,17079.93,1
2024-02-06,2024-02-06 13:43:00,339.01,339.05,339.01,339.05,0.01,50.52,17079.93,1
2024-02-06,2024-02-06 13:44:00,339.05,339.09,339.05,339.09,0.01,50.52,17079.93,1
2024-02-06,2024-02-06 13:45:00,339.09,339.12,339.09,339.12,0.01,50.52,17079.93,1
2024-02-06,2024-02-06 13:46:00,339.12,339.16,339.12,339.16,0.01,50.52,17079.93,1
2024-02-06,2024-02-06 13:47:00,339.16,339.2,339.16,339.2,0.01,50.52,17079.93,1
2024-02-06,2024-02-06 13:48:00,339.2,339.24,339.2,339.24,0.01,50.52,17079.93,1
2024-02-06,2024-02-06 13:49:00,339.24,339.27,339.24,339.27,0.01,50.52,17079.93,1
2024-02-06,2024-02-06 13:50:00,339.27,339.31,339.27,339.31,0.01,50.52,17079.93,1
2024-02-06,2024-02-06 13:51:00,339.31,339.35,339.31,339.35,0.01,50.52,17079.93,1
2024-02-06,2024-02-06 13:52:00,339.35,339.39,339.35,339.39,0.01,50.52,17079.93,1
2024-02-06,2024-02-06 13:53:00,339.39,339.42,339.39,339.42,0.01,50.52,17079.93,1
2024-02-06,2024-02-06 13:54:00,339.42,339.46,339.42,339.46,0.01,50.52,17079.93,1
2024-02-06,2024-02-06 13:55:00,339.46,339.5,339.46,339.5,0.01,50.52,17079.93,1
2024-02-06,2024-02-06 13:56:00,339.5,339.54,339.5,339.54,0.01,50.52,17079.93,1
2024-02-06,2024-02-06 13:57:00,339.54,339.57,339.54,339.57,0.01,50.52,17079.93,1
2024-02-06,2024-02-06 13:58:00,339.57,339.61,339.57,339.61,0.01,50.52,17079.93,1
2024-02-06,2024-02-06 13:59:00,339.61,339.65,339.61,339.65,0.01,50.52,17079.93,1
2024-02-06,2024-02-06 14:00:00,339.65,339.69,339.65,339.69,0.01,50.52,17079.93,1
2024-02-06,2024-02-06 14:01:00,339.69,339.72,339.69,339.72,0.01,50.52,17079.93,1
2024-02-06,2024-02-06 14:02:00,339.72,339.76,339.72,339.76,0.01,50.52,17079.93,1
2024-02-06,2024-02-06 14:03:00,339.76,339.8,339.76,339.8,0.01,50.52,17079.93,1
2024-02-06,2024-02-06 14:04:00,339.8,339.84,339.8,339.84,0.01,50.52,17079.93,1
2024-02-06,2024-02-06 14:05:00,339.84,339.88,339.84,339.88,0.01,50.52,17079.93,1
2024-02-06,2024-02-06 14:06:00,339.88,339.91,339.88,339.91,0.01,50.52,17079.93,1
2024-02-06,2024-02-06 14:07:00,339.91,339.95,339.91,339.95,0.01,50.52,17079.93,1
2024-02-06,2024-02-06 14:08:00,339.95,339.99,339.95,339.99,0.01,50.52,17079.93,1
2024-02-06,2024-02-06 14:09:00,339.99,340.02,339.99,340.02,0.01,50.52,17079.93,1
2024-02-06,2024-02-06 14:10:00,340.02,340.06,340.02,340.06,0.01,50.52,17079.93,1
2024-02-06,2024-02-06 14:11:00,340.06,340.1,340.06,340.1,0.01,50.52,17079.93,1
2024-02-06,2024-02-06 14:12:00,340.1,340.14,340.1,340.14,0.01,50.52,17079.93,1
2024-02-06,2024-02-06 14:13:00,340.14,340.17,340.14,340.17,0.01,50.52,17079.93,1
2024-02-06,2024-02-06 14:14:00,340.17,340.21,340.17,340.21,0.01,50.52,17079.93,1
2024-02-06,2024-02-06 14:15:00,340.21,340.25,340.21,340.25,0.01,50.52,17079.93,1
2024-02-06,2024-02-06 14:16:00,340.25,340.29,340.25,340.29,0.01,50.52,17079.93,1
2024-02-06,2024-02-06 14:17:00,340.29,340.32,340.29,340.32,0.01,50.52,17079.93,1
2024-02-06,2024-02-06 14:18:00,340.32,340.36,340.32,340.36,0.01,50.52,17079.93,1
2024-02-06,2024-02-06 14:19:00,340.36,340.4,340.36,340.4,0.01,50.52,17079.93,1
2024-02-06,2024-02-06 14:20:00,340.4,340.44,340.4,340.44,0.01,50.52,17079.93,1
2024-02-06,2024-02-06 14:21:00,340.44,340.47,340.44,340.47,0.01,50.52,17079.93,1
2024-02-06,2024-02-06 14:22:00,340.47,340.51,340.47,340.51,0.01,50.52,17079.93,1
2024-02-06,2024-02-06 14:23:00,340.51,340.55,340.51,340.55,0.01,50.52,17079.93,1
2024-02-06,2024-02-06 14:24:00,340.55,340.59,340.55,340.59,0.01,50.52,17079.93,1
2024-02-06,2024-02-06 14:25:00,340.59,340.62,340.59,340.62,0.01,50.52,17079.93,1
2024-02-06,2024-02-06 14:26:00,340.62,340.66,340.62,340.66,0.01,50.52,17079.93,1
2024-02-06,2024-02-06 14:27:00,340.66,340.7,340.66,340.7,0.01,50.52,17079.93,1
2024-02-06,2024-02-06 14:28:00,340.7,340.74,340.7,340.74,0.01,50.52,17079.93,1
2024-02-06,2024-02-06 14:29:00,340.74,340.77,340.74,340.77,0.01,50.52,17079.93,1
2024-02-06,2024-02-06 14:30:00,340.77,340.81,340.77,340.81,0.01,50.52,17079.93,1
2024-02-06,2024-02-06 14:31:00,340.81,340.85,340.81,340.85,0.01,50.52,17079.93,1
2024-02-06,2024-02-06 14:32:00,340.85,340.89,340.85,340.89,0.01,50.52,17079.93,1
2024-02-06,2024-02-06 14:33:00,340.89,340.92,340.89,340.92,0.01,50.52,17079.93,1
2024-02-06,2024-02-06 14:34:00,340.92,340.96,340.92,340.96,0.01,50.52,17079.93,1
2024-02-06,2024-02-06 14:35:00,340.96,341.0,340.96,341.0,0.01,50.52,17079.93,1
2024-02-06,2024-02-06 14:36:00,341.0,341.04,341.0,341.04,0.01,50.52,17079.93,1
2024-02-06,2024-02-06 14:37:00,341.04,341.07,341.04,341.07,0.01,50.52,17079.93,1
2024-02-06,2024-02-06 14:38:00,341.07,341.11,341.07,341.11,0.01,50.52,17079.93,1
2024-02-06,2024-02-06 14:39:00,341.11,341.15,341.11,341.15,0.01,50.52,17079.93,1
2024-02-06,2024-02-06 14:40:00,341.15,341.19,341.15,341.19,0.01,50.52,17079.93,1
2024-02-06,2024-02-06 14:41:00,341.19,341.22,341.19,341.22,0.01,50.52,17079.93,1
2024-02-06,2024-02-06 14:42:00,341.22,341.26,341.22,341.26,0.01,50.52,17079.93,1
2024-02-06,2024-02-06 14:43:00,341.26,341.3,341.26,341.3,0.01,50.52,17079.93,1
2024-02-06,2024-02-06 14:44:00,341.3,341.34,341.3,341.34,0.01,50.52,17079.93,1
2024-02-06,2024-02-06 14:45:00,341.34,341.38,341.34,341.38,0.01,50.52,17079.93,1
2024-02-06,2024-02-06 14:46:00,341.38,341.41,341.38,341.41,0.01,50.52,17079.93,1
2024-02-06,2024-02-06 14:47:00,341.41,341.45,341.41,341.45,0.01,50.52,17079.93,1
2024-02-06,2024-02-06 14:48:00,341.45,341.49,341.45,341.49,0.01,50.52,17079.93,1
2024-02-06,2024-02-06 14:49:00,341.49,341.52,341.49,341.52,0.01,50.52,17079.93,1
2024-02-06,2024-02-06 14:50:00,341.52,341.56,341.52,341.56,0.01,50.52,17079.93,1
2024-02-06,2024-02-06 14:51:00,341.56,341.6,341.56,341.6,0.01,50.52,17079.93,1
2024-02-06,2024-02-06 14:52:00,341.6,341.64,341.6,341.64,0.01,50.52,17079.93,1
2024-02-06,2024-02-06 14:53:00,341.64,341.67,341.64,341.67,0.01,50.52,17079.93,1
2024-02-06,2024-02-06 14:54:00,341.67,341.71,341.67,341.71,0.01,50.52,17079.93,1
2024-02-06,2024-02-06 14:55:00,341.71,341.75,341.71,341.75,0.01,50.52,17079.93,1
2024-02-06,2024-02-06 14:56:00,341.75,341.79,341.75,341.79,0.01,50.52,17079.93,1
2024-02-06,2024-02-06 14:57:00,341.79,341.82,341.79,341.82,0.01,50.52,17079.93,1
2024-02-06,2024-02-06 14:58:00,341.82,341.86,341.82,341.86,0.01,50.52,17079.93,1
2024-02-06,2024-02-06 14:59:00,341.86,341.9,341.86,341.9,0.01,50.52,17079.93,1
2024-02-06,2024-02-06 15:00:00,341.9,342.9,328.0,341.9,0.0,50.52,17079.93,0
2024-02-07,2024-02-07 11:00:00,347.0,348.2,343.7,346.97,-0.01,88.15,30205.36,-1
2024-02-07,2024-02-07 11:01:00,346.97,346.97,346.94,346.94,-0.01,88.15,30205.36,-1
2024-02-07,2024-02-07 11:02:00,346.94,346.94,346.92,346.92,-0.01,88.15,30205.36,-1
2024-02-07,2024-02-07 11:03:00,346.92,346.92,346.89,346.89,-0.01,88.15,30205.36,-1
2024-02-07,2024-02-07 11:04:00,346.89,346.89,346.86,346.86,-0.01,88.15,30205.36,-1
2024-02-07,2024-02-07 11:05:00,346.86,346.86,346.83,346.83,-0.01,88.15,30205.36,-1
2024-02-07,2024-02-07 11:06:00,346.83,346.83,346.8,346.8,-0.01,88.15,30205.36,-1
2024-02-07,2024-02-07 11:07:00,346.8,346.8,346.77,346.77,-0.01,88.15,30205.36,-1
2024-02-07,2024-02-07 11:08:00,346.77,346.77,346.75,346.75,-0.01,88.15,30205.36,-1
2024-02-07,2024-02-07 11:09:00,346.75,346.75,346.72,346.72,-0.01,88.15,30205.36,-1
2024-02-07,2024-02-07 11:10:00,346.72,346.72,346.69,346.69,-0.01,88.15,30205.36,-1
2024-02-07,2024-02-07 11:11:00,346.69,346.69,346.66,346.66,-0.01,88.15,30205.36,-1
2024-02-07,2024-02-07 11:12:00,346.66,346.66,346.63,346.63,-0.01,88.15,30205.36,-1
2024-02-07,2024-02-07 11:13:00,346.63,346.63,346.6,346.6,-0.01,88.15,30205.36,-1
2024-02-07,2024-02-07 11:14:00,346.6,346.6,346.57,346.57,-0.01,88.15,30205.36,-1
2024-02-07,2024-02-07 11:15:00,346.57,346.57,346.55,346.55,-0.01,88.15,30205.36,-1
2024-02-07,2024-02-07 11:16:00,346.55,346.55,346.52,346.52,-0.01,88.15,30205.36,-1
2024-02-07,2024-02-07 11:17:00,346.52,346.52,346.49,346.49,-0.01,88.15,30205.36,-1
2024-02-07,2024-02-07 11:18:00,346.49,346.49,346.46,346.46,-0.01,88.15,30205.36,-1
2024-02-07,2024-02-07 11:19:00,346.46,346.46,346.43,346.43,-0.01,88.15,30205.36,-1
2024-02-07,2024-02-07 11:20:00,346.43,346.43,346.4,346.4,-0.01,88.15,30205.36,-1
2024-02-07,2024-02-07 11:21:00,346.4,346.4,346.38,346.38,-0.01,88.15,30205.36,-1
2024-02-07,2024-02-07 11:22:00,346.38,346.38,346.35,346.35,-0.01,88.15,30205.36,-1
2024-02-07,2024-02-07 11:23:00,346.35,346.35,346.32,346.32,-0.01,88.15,30205.36,-1
2024-02-07,2024-02-07 11:24:00,346.32,346.32,346.29,346.29,-0.01,88.15,30205.36,-1
2024-02-07,2024-02-07 11:25:00,346.29,346.29,346.26,346.26,-0.01,88.15,30205.36,-1
2024-02-07,2024-02-07 11:26:00,346.26,346.26,346.24,346.24,-0.01,88.15,30205.36,-1
2024-02-07,2024-02-07 11:27:00,346.24,346.24,346.21,346.21,-0.01,88.15,30205.36,-1
2024-02-07,2024-02-07 11:28:00,346.21,346.21,346.18,346.18,-0.01,88.15,30205.36,-1
2024-02-07,2024-02-07 11:29:00,346.18,346.18,346.15,346.15,-0.01,88.15,30205.36,-1
2024-02-07,2024-02-07 11:30:00,346.15,346.15,346.12,346.12,-0.01,88.15,30205.36,-1
2024-02-07,2024-02-07 11:31:00,346.12,346.12,346.09,346.09,-0.01,88.15,30205.36,-1
2024-02-07,2024-02-07 11:32:00,346.09,346.09,346.06,346.06,-0.01,88.15,30205.36,-1
2024-02-07,2024-02-07 11:33:00,346.06,346.06,346.04,346.04,-0.01,88.15,30205.36,-1
2024-02-07,2024-02-07 11:34:00,346.04,346.04,346.01,346.01,-0.01,88.15,30205.36,-1
2024-02-07,2024-02-07 11:35:00,346.01,346.01,345.98,345.98,-0.01,88.15,30205.36,-1
2024-02-07,2024-02-07 11:36:00,345.98,345.98,345.95,345.95,-0.01,88.15,30205.36,-1
2024-02-07,2024-02-07 11:37:00,345.95,345.95,345.92,345.92,-0.01,88.15,30205.36,-1
2024-02-07,2024-02-07 11:38:00,345.92,345.92,345.89,345.89,-0.01,88.15,30205.36,-1
2024-02-07,2024-02-07 11:39:00,345.89,345.89,345.87,345.87,-0.01,88.15,30205.36,-1
2024-02-07,2024-02-07 11:40:00,345.87,345.87,345.84,345.84,-0.01,88.15,30205.36,-1
2024-02-07,2024-02-07 11:41:00,345.84,345.84,345.81,345.81,-0.01,88.15,30205.36,-1
2024-02-07,2024-02-07 11:42:00,345.81,345.81,345.78,345.78,-0.01,88.15,30205.36,-1
2024-02-07,2024-02-07 11:43:00,345.78,345.78,345.75,345.75,-0.01,88.15,30205.36,-1
2024-02-07,2024-02-07 11:44:00,345.75,345.75,345.73,345.73,-0.01,88.15,30205.36,-1
2024-02-07,2024-02-07 11:45:00,345.73,345.73,345.7,345.7,-0.01,88.15,30205.36,-1
2024-02-07,2024-02-07 11:46:00,345.7,345.7,345.67,345.67,-0.01,88.15,30205.36,-1
2024-02-07,2024-02-07 11:47:00,345.67,345.67,345.64,345.64,-0.01,88.15,30205.36,-1
2024-02-07,2024-02-07 11:48:00,345.64,345.64,345.61,345.61,-0.01,88.15,30205.36,-1
2024-02-07,2024-02-07 11:49:00,345.61,345.61,345.58,345.58,-0.01,88.15,30205.36,-1
2024-02-07,2024-02-07 11:50:00,345.58,345.58,345.56,345.56,-0.01,88.15,30205.36,-1
2024-02-07,2024-02-07 11:51:00,345.56,345.56,345.53,345.53,-0.01,88.15,30205.36,-1
2024-02-07,2024-02-07 11:52:00,345.53,345.53,345.5,345.5,-0.01,88.15,30205.36,-1
2024-02-07,2024-02-07 11:53:00,345.5,345.5,345.47,345.47,-0.01,88.15,30205.36,-1
2024-02-07,2024-02-07 11:54:00,345.47,345.47,345.44,345.44,-0.01,88.15,30205.36,-1
2024-02-07,2024-02-07 11:55:00,345.44,345.44,345.41,345.41,-0.01,88.15,30205.36,-1
2024-02-07,2024-02-07 11:56:00,345.41,345.41,345.38,345.38,-0.01,88.15,30205.36,-1
2024-02-07,2024-02-07 11:57:00,345.38,345.38,345.36,345.36,-0.01,88.15,30205.36,-1
2024-02-07,2024-02-07 11:58:00,345.36,345.36,345.33,345.33,-0.01,88.15,30205.36,-1
2024-02-07,2024-02-07 11:59:00,345.33,345.33,345.3,345.3,-0.01,88.15,30205.36,-1
2024-02-07,2024-02-07 12:00:00,345.3,345.3,345.27,345.27,-0.01,88.15,30205.36,-1
2024-02-07,2024-02-07 12:01:00,345.27,345.27,345.24,345.24,-0.01,88.15,30205.36,-1
2024-02-07,2024-02-07 12:02:00,345.24,345.24,345.21,345.21,-0.01,88.15,30205.36,-1
2024-02-07,2024-02-07 12:03:00,345.21,345.21,345.19,345.19,-0.01,88.15,30205.36,-1
2024-02-07,2024-02-07 12:04:00,345.19,345.19,345.16,345.16,-0.01,88.15,30205.36,-1
2024-02-07,2024-02-07 12:05:00,345.16,345.16,345.13,345.13,-0.01,88.15,30205.36,-1
2024-02-07,2024-02-07 12:06:00,345.13,345.13,345.1,345.1,-0.01,88.15,30205.36,-1
2024-02-07,2024-02-07 12:07:00,345.1,345.1,345.07,345.07,-0.01,88.15,30205.36,-1
2024-02-07,2024-02-07 12:08:00,345.07,345.07,345.05,345.05,-0.01,88.15,30205.36,-1
2024-02-07,2024-02-07 12:09:00,345.05,345.05,345.02,345.02,-0.01,88.15,30205.36,-1
2024-02-07,2024-02-07 12:10:00,345.02,345.02,344.99,344.99,-0.01,88.15,30205.36,-1
2024-02-07,2024-02-07 12:11:00,344.99,344.99,344.96,344.96,-0.01,88.15,30205.36,-1
2024-02-07,2024-02-07 12:12:00,344.96,344.96,344.93,344.93,-0.01,88.15,30205.36,-1
2024-02-07,2024-02-07 12:13:00,344.93,344.93,344.9,344.9,-0.01,88.15,30205.36,-1
2024-02-07,2024-02-07 12:14:00,344.9,344.9,344.88,344.88,-0.01,88.15,30205.36,-1
2024-02-07,2024-02-07 12:15:00,344.88,344.88,344.85,344.85,-0.01,88.15,30205.36,-1
2024-02-07,2024-02-07 12:16:00,344.85,344.85,344.82,344.82,-0.01,88.15,30205.36,-1
2024-02-07,2024-02-07 12:17:00,344.82,344.82,344.79,344.79,-0.01,88.15,30205.36,-1
2024-02-07,2024-02-07 12:18:00,344.79,344.79,344.76,344.76,-0.01,88.15,30205.36,-1
2024-02-07,2024-02-07 12:19:00,344.76,344.76,344.73,344.73,-0.01,88.15,30205.36,-1
2024-02-07,2024-02-07 12:20:00,344.73,344.73,344.7,344.7,-0.01,88.15,30205.36,-1
2024-02-07,2024-02-07 12:21:00,344.7,344.7,344.68,344.68,-0.01,88.15,30205.36,-1
2024-02-07,2024-02-07 12:22:00,344.68,344.68,344.65,344.65,-0.01,88.15,30205.36,-1
2024-02-07,2024-02-07 12:23:00,344.65,344.65,344.62,344.62,-0.01,88.15,30205.36,-1
2024-02-07,2024-02-07 12:24:00,344.62,344.62,344.59,344.59,-0.01,88.15,30205.36,-1
2024-02-07,2024-02-07 12:25:00,344.59,344.59,344.56,344.56,-0.01,88.15,30205.36,-1
2024-02-07,2024-02-07 12:26:00,344.56,344.56,344.53,344.53,-0.01,88.15,30205.36,-1
2024-02-07,2024-02-07 12:27:00,344.53,344.53,344.51,344.51,-0.01,88.15,30205.36,-1
2024-02-07,2024-02-07 12:28:00,344.51,344.51,344.48,344.48,-0.01,88.15,30205.36,-1
2024-02-07,2024-02-07 12:29:00,344.48,344.48,344.45,344.45,-0.01,88.15,30205.36,-1
2024-02-07,2024-02-07 12:30:00,344.45,344.45,344.42,344.42,-0.01,88.15,30205.36,-1
2024-02-07,2024-02-07 12:31:00,344.42,344.42,344.39,344.39,-0.01,88.15,30205.36,-1
2024-02-07,2024-02-07 12:32:00,344.39,344.39,344.37,344.37,-0.01,88.15,30205.36,-1
2024-02-07,2024-02-07 12:33:00,344.37,344.37,344.34,344.34,-0.01,88.15,30205.36,-1
2024-02-07,2024-02-07 12:34:00,344.34,344.34,344.31,344.31,-0.01,88.15,30205.36,-1
2024-02-07,2024-02-07 12:35:00,344.31,344.31,344.28,344.28,-0.01,88.15,30205.36,-1
2024-02-07,2024-02-07 12:36:00,344.28,344.28,344.25,344.25,-0.01,88.15,30205.36,-1
2024-02-07,2024-02-07 12:37:00,344.25,344.25,344.22,344.22,-0.01,88.15,30205.36,-1
2024-02-07,2024-02-07 12:38:00,344.22,344.22,344.19,344.19,-0.01,88.15,30205.36,-1
2024-02-07,2024-02-07 12:39:00,344.19,344.19,344.17,344.17,-0.01,88.15,30205.36,-1
2024-02-07,2024-02-07 12:40:00,344.17,344.17,344.14,344.14,-0.01,88.15,30205.36,-1
2024-02-07,2024-02-07 12:41:00,344.14,344.14,344.11,344.11,-0.01,88.15,30205.36,-1
2024-02-07,2024-02-07 12:42:00,344.11,344.11,344.08,344.08,-0.01,88.15,30205.36,-1
2024-02-07,2024-02-07 12:43:00,344.08,344.08,344.05,344.05,-0.01,88.15,30205.36,-1
2024-02-07,2024-02-07 12:44:00,344.05,344.05,344.02,344.02,-0.01,88.15,30205.36,-1
2024-02-07,2024-02-07 12:45:00,344.02,344.02,344.0,344.0,-0.01,88.15,30205.36,-1
2024-02-07,2024-02-07 12:46:00,344.0,344.0,343.97,343.97,-0.01,88.15,30205.36,-1
2024-02-07,2024-02-07 12:47:00,343.97,343.97,343.94,343.94,-0.01,88.15,30205.36,-1
2024-02-07,2024-02-07 12:48:00,343.94,343.94,343.91,343.91,-0.01,88.15,30205.36,-1
2024-02-07,2024-02-07 12:49:00,343.91,343.91,343.88,343.88,-0.01,88.15,30205.36,-1
2024-02-07,2024-02-07 12:50:00,343.88,343.88,343.86,343.86,-0.01,88.15,30205.36,-1
2024-02-07,2024-02-07 12:51:00,343.86,343.86,343.83,343.83,-0.01,88.15,30205.36,-1
2024-02-07,2024-02-07 12:52:00,343.83,343.83,343.8,343.8,-0.01,88.15,30205.36,-1
2024-02-07,2024-02-07 12:53:00,343.8,343.8,343.77,343.77,-0.01,88.15,30205.36,-1
2024-02-07,2024-02-07 12:54:00,343.77,343.77,343.74,343.74,-0.01,88.15,30205.36,-1
2024-02-07,2024-02-07 12:55:00,343.74,343.74,343.71,343.71,-0.01,88.15,30205.36,-1
2024-02-07,2024-02-07 12:56:00,343.71,343.71,343.69,343.69,-0.01,88.15,30205.36,-1
2024-02-07,2024-02-07 12:57:00,343.69,343.69,343.66,343.66,-0.01,88.15,30205.36,-1
2024-02-07,2024-02-07 12:58:00,343.66,343.66,343.63,343.63,-0.01,88.15,30205.36,-1
2024-02-07,2024-02-07 12:59:00,343.63,343.63,343.6,343.6,-0.01,88.15,30205.36,-1
2024-02-07,2024-02-07 13:00:00,343.6,351.0,336.0,343.57,-0.01,88.15,30205.36,-1
2024-02-07,2024-02-07 13:01:00,343.57,343.57,343.54,343.54,-0.01,88.15,30205.36,-1
2024-02-07,2024-02-07 13:02:00,343.54,343.54,343.51,343.51,-0.01,88.15,30205.36,-1
2024-02-07,2024-02-07 13:03:00,343.51,343.51,343.49,343.49,-0.01,88.15,30205.36,-1
2024-02-07,2024-02-07 13:04:00,343.49,343.49,343.46,343.46,-0.01,88.15,30205.36,-1
2024-02-07,2024-02-07 13:05:00,343.46,343.46,343.43,343.43,-0.01,88.15,30205.36,-1
2024-02-07,2024-02-07 13:06:00,343.43,343.43,343.4,343.4,-0.01,88.15,30205.36,-1
2024-02-07,2024-02-07 13:07:00,343.4,343.4,343.37,343.37,-0.01,88.15,30205.36,-1
2024-02-07,2024-02-07 13:08:00,343.37,343.37,343.34,343.34,-0.01,88.15,30205.36,-1
2024-02-07,2024-02-07 13:09:00,343.34,343.34,343.32,343.32,-0.01,88.15,30205.36,-1
2024-02-07,2024-02-07 13:10:00,343.32,343.32,343.29,343.29,-0.01,88.15,30205.36,-1
2024-02-07,2024-02-07 13:11:00,343.29,343.29,343.26,343.26,-0.01,88.15,30205.36,-1
2024-02-07,2024-02-07 13:12:00,343.26,343.26,343.23,343.23,-0.01,88.15,30205.36,-1
2024-02-07,2024-02-07 13:13:00,343.23,343.23,343.2,343.2,-0.01,88.15,30205.36,-1
2024-02-07,2024-02-07 13:14:00,343.2,343.2,343.18,343.18,-0.01,88.15,30205.36,-1
2024-02-07,2024-02-07 13:15:00,343.18,343.18,343.15,343.15,-0.01,88.15,30205.36,-1
2024-02-07,2024-02-07 13:16:00,343.15,343.15,343.12,343.12,-0.01,88.15,30205.36,-1
2024-02-07,2024-02-07 13:17:00,343.12,343.12,343.09,343.09,-0.01,88.15,30205.36,-1
2024-02-07,2024-02-07 13:18:00,343.09,343.09,343.06,343.06,-0.01,88.15,30205.36,-1
2024-02-07,2024-02-07 13:19:00,343.06,343.06,343.03,343.03,-0.01,88.15,30205.36,-1
2024-02-07,2024-02-07 13:20:00,343.03,343.03,343.0,343.0,-0.01,88.15,30205.36,-1
2024-02-07,2024-02-07 13:21:00,343.0,343.0,342.98,342.98,-0.01,88.15,30205.36,-1
2024-02-07,2024-02-07 13:22:00,342.98,342.98,342.95,342.95,-0.01,88.15,30205.36,-1
2024-02-07,2024-02-07 13:23:00,342.95,342.95,342.92,342.92,-0.01,88.15,30205.36,-1
2024-02-07,2024-02-07 13:24:00,342.92,342.92,342.89,342.89,-0.01,88.15,30205.36,-1
2024-02-07,2024-02-07 13:25:00,342.89,342.89,342.86,342.86,-0.01,88.15,30205.36,-1
2024-02-07,2024-02-07 13:26:00,342.86,342.86,342.83,342.83,-0.01,88.15,30205.36,-1
2024-02-07,2024-02-07 13:27:00,342.83,342.83,342.81,342.81,-0.01,88.15,30205.36,-1
2024-02-07,2024-02-07 13:28:00,342.81,342.81,342.78,342.78,-0.01,88.15,30205.36,-1
2024-02-07,2024-02-07 13:29:00,342.78,342.78,342.75,342.75,-0.01,88.15,30205.36,-1
2024-02-07,2024-02-07 13:30:00,342.75,342.75,342.72,342.72,-0.01,88.15,30205.36,-1
2024-02-07,2024-02-07 13:31:00,342.72,342.72,342.69,342.69,-0.01,88.15,30205.36,-1
2024-02-07,2024-02-07 13:32:00,342.69,342.69,342.67,342.67,-0.01,88.15,30205.36,-1
2024-02-07,2024-02-07 13:33:00,342.67,342.67,342.64,342.64,-0.01,88.15,30205.36,-1
2024-02-07,2024-02-07 13:34:00,342.64,342.64,342.61,342.61,-0.01,88.15,30205.36,-1
2024-02-07,2024-02-07 13:35:00,342.61,342.61,342.58,342.58,-0.01,88.15,30205.36,-1
2024-02-07,2024-02-07 13:36:00,342.58,342.58,342.55,342.55,-0.01,88.15,30205.36,-1
2024-02-07,2024-02-07 13:37:00,342.55,342.55,342.52,342.52,-0.01,88.15,30205.36,-1
2024-02-07,2024-02-07 13:38:00,342.52,342.52,342.5,342.5,-0.01,88.15,30205.36,-1
2024-02-07,2024-02-07 13:39:00,342.5,342.5,342.47,342.47,-0.01,88.15,30205.36,-1
2024-02-07,2024-02-07 13:40:00,342.47,342.47,342.44,342.44,-0.01,88.15,30205.36,-1
2024-02-07,2024-02-07 13:41:00,342.44,342.44,342.41,342.41,-0.01,88.15,30205.36,-1
2024-02-07,2024-02-07 13:42:00,342.41,342.41,342.38,342.38,-0.01,88.15,30205.36,-1
2024-02-07,2024-02-07 13:43:00,342.38,342.38,342.35,342.35,-0.01,88.15,30205.36,-1
2024-02-07,2024-02-07 13:44:00,342.35,342.35,342.32,342.32,-0.01,88.15,30205.36,-1
2024-02-07,2024-02-07 13:45:00,342.32,342.32,342.3,342.3,-0.01,88.15,30205.36,-1
2024-02-07,2024-02-07 13:46:00,342.3,342.3,342.27,342.27,-0.01,88.15,30205.36,-1
2024-02-07,2024-02-07 13:47:00,342.27,342.27,342.24,342.24,-0.01,88.15,30205.36,-1
2024-02-07,2024-02-07 13:48:00,342.24,342.24,342.21,342.21,-0.01,88.15,30205.36,-1
2024-02-07,2024-02-07 13:49:00,342.21,342.21,342.18,342.18,-0.01,88.15,30205.36,-1
2024-02-07,2024-02-07 13:50:00,342.18,342.18,342.15,342.15,-0.01,88.15,30205.36,-1
2024-02-07,2024-02-07 13:51:00,342.15,342.15,342.13,342.13,-0.01,88.15,30205.36,-1
2024-02-07,2024-02-07 13:52:00,342.13,342.13,342.1,342.1,-0.01,88.15,30205.36,-1
2024-02-07,2024-02-07 13:53:00,342.1,342.1,342.07,342.07,-0.01,88.15,30205.36,-1
2024-02-07,2024-02-07 13:54:00,342.07,342.07,342.04,342.04,-0.01,88.15,30205.36,-1
2024-02-07,2024-02-07 13:55:00,342.04,342.04,342.01,342.01,-0.01,88.15,30205.36,-1
2024-02-07,2024-02-07 13:56:00,342.01,342.01,341.99,341.99,-0.01,88.15,30205.36,-1
2024-02-07,2024-02-07 13:57:00,341.99,341.99,341.96,341.96,-0.01,88.15,30205.36,-1
2024-02-07,2024-02-07 13:58:00,341.96,341.96,341.93,341.93,-0.01,88.15,30205.36,-1
2024-02-07,2024-02-07 13:59:00,341.93,341.93,341.9,341.9,-0.01,88.15,30205.36,-1
2024-02-07,2024-02-07 14:00:00,341.9,341.9,341.87,341.87,-0.01,88.15,30205.36,-1
2024-02-07,2024-02-07 14:01:00,341.87,341.87,341.84,341.84,-0.01,88.15,30205.36,-1
2024-02-07,2024-02-07 14:02:00,341.84,341.84,341.81,341.81,-0.01,88.15,30205.36,-1
2024-02-07,2024-02-07 14:03:00,341.81,341.81,341.79,341.79,-0.01,88.15,30205.36,-1
2024-02-07,2024-02-07 14:04:00,341.79,341.79,341.76,341.76,-0.01,88.15,30205.36,-1
2024-02-07,2024-02-07 14:05:00,341.76,341.76,341.73,341.73,-0.01,88.15,30205.36,-1
2024-02-07,2024-02-07 14:06:00,341.73,341.73,341.7,341.7,-0.01,88.15,30205.36,-1
2024-02-07,2024-02-07 14:07:00,341.7,341.7,341.67,341.67,-0.01,88.15,30205.36,-1
2024-02-07,2024-02-07 14:08:00,341.67,341.67,341.64,341.64,-0.01,88.15,30205.36,-1
2024-02-07,2024-02-07 14:09:00,341.64,341.64,341.62,341.62,-0.01,88.15,30205.36,-1
2024-02-07,2024-02-07 14:10:00,341.62,341.62,341.59,341.59,-0.01,88.15,30205.36,-1
2024-02-07,2024-02-07 14:11:00,341.59,341.59,341.56,341.56,-0.01,88.15,30205.36,-1
2024-02-07,2024-02-07 14:12:00,341.56,341.56,341.53,341.53,-0.01,88.15,30205.36,-1
2024-02-07,2024-02-07 14:13:00,341.53,341.53,341.5,341.5,-0.01,88.15,30205.36,-1
2024-02-07,2024-02-07 14:14:00,341.5,341.5,341.47,341.47,-0.01,88.15,30205.36,-1
2024-02-07,2024-02-07 14:15:00,341.47,341.47,341.45,341.45,-0.01,88.15,30205.36,-1
2024-02-07,2024-02-07 14:16:00,341.45,341.45,341.42,341.42,-0.01,88.15,30205.36,-1
2024-02-07,2024-02-07 14:17:00,341.42,341.42,341.39,341.39,-0.01,88.15,30205.36,-1
2024-02-07,2024-02-07 14:18:00,341.39,341.39,341.36,341.36,-0.01,88.15,30205.36,-1
2024-02-07,2024-02-07 14:19:00,341.36,341.36,341.33,341.33,-0.01,88.15,30205.36,-1
2024-02-07,2024-02-07 14:20:00,341.33,341.33,341.31,341.31,-0.01,88.15,30205.36,-1
2024-02-07,2024-02-07 14:21:00,341.31,341.31,341.28,341.28,-0.01,88.15,30205.36,-1
2024-02-07,2024-02-07 14:22:00,341.28,341.28,341.25,341.25,-0.01,88.15,30205.36,-1
2024-02-07,2024-02-07 14:23:00,341.25,341.25,341.22,341.22,-0.01,88.15,30205.36,-1
2024-02-07,2024-02-07 14:24:00,341.22,341.22,341.19,341.19,-0.01,88.15,30205.36,-1
2024-02-07,2024-02-07 14:25:00,341.19,341.19,341.16,341.16,-0.01,88.15,30205.36,-1
2024-02-07,2024-02-07 14:26:00,341.16,341.16,341.13,341.13,-0.01,88.15,30205.36,-1
2024-02-07,2024-02-07 14:27:00,341.13,341.13,341.11,341.11,-0.01,88.15,30205.36,-1
2024-02-07,2024-02-07 14:28:00,341.11,341.11,341.08,341.08,-0.01,88.15,30205.36,-1
2024-02-07,2024-02-07 14:29:00,341.08,341.08,341.05,341.05,-0.01,88.15,30205.36,-1
2024-02-07,2024-02-07 14:30:00,341.05,341.05,341.02,341.02,-0.01,88.15,30205.36,-1
2024-02-07,2024-02-07 14:31:00,341.02,341.02,340.99,340.99,-0.01,88.15,30205.36,-1
2024-02-07,2024-02-07 14:32:00,340.99,340.99,340.96,340.96,-0.01,88.15,30205.36,-1
2024-02-07,2024-02-07 14:33:00,340.96,340.96,340.94,340.94,-0.01,88.15,30205.36,-1
2024-02-07,2024-02-07 14:34:00,340.94,340.94,340.91,340.91,-0.01,88.15,30205.36,-1
2024-02-07,2024-02-07 14:35:00,340.91,340.91,340.88,340.88,-0.01,88.15,30205.36,-1
2024-02-07,2024-02-07 14:36:00,340.88,340.88,340.85,340.85,-0.01,88.15,30205.36,-1
2024-02-07,2024-02-07 14:37:00,340.85,340.85,340.82,340.82,-0.01,88.15,30205.36,-1
2024-02-07,2024-02-07 14:38:00,340.82,340.82,340.8,340.8,-0.01,88.15,30205.36,-1
2024-02-07,2024-02-07 14:39:00,340.8,340.8,340.77,340.77,-0.01,88.15,30205.36,-1
2024-02-07,2024-02-07 14:40:00,340.77,340.77,340.74,340.74,-0.01,88.15,30205.36,-1
2024-02-07,2024-02-07 14:41:00,340.74,340.74,340.71,340.71,-0.01,88.15,30205.36,-1
2024-02-07,2024-02-07 14:42:00,340.71,340.71,340.68,340.68,-0.01,88.15,30205.36,-1
2024-02-07,2024-02-07 14:43:00,340.68,340.68,340.65,340.65,-0.01,88.15,30205.36,-1
2024-02-07,2024-02-07 14:44:00,340.65,340.65,340.62,340.62,-0.01,88.15,30205.36,-1
2024-02-07,2024-02-07 14:45:00,340.62,340.62,340.6,340.6,-0.01,88.15,30205.36,-1
2024-02-07,2024-02-07 14:46:00,340.6,340.6,340.57,340.57,-0.01,88.15,30205.36,-1
2024-02-07,2024-02-07 14:47:00,340.57,340.57,340.54,340.54,-0.01,88.15,30205.36,-1
2024-02-07,2024-02-07 14:48:00,340.54,340.54,340.51,340.51,-0.01,88.15,30205.36,-1
2024-02-07,2024-02-07 14:49:00,340.51,340.51,340.48,340.48,-0.01,88.15,30205.36,-1
2024-02-07,2024-02-07 14:50:00,340.48,340.48,340.45,340.45,-0.01,88.15,30205.36,-1
2024-02-07,2024-02-07 14:51:00,340.45,340.45,340.43,340.43,-0.01,88.15,30205.36,-1
2024-02-07,2024-02-07 14:52:00,340.43,340.43,340.4,340.4,-0.01,88.15,30205.36,-1
2024-02-07,2024-02-07 14:53:00,340.4,340.4,340.37,340.37,-0.01,88.15,30205.36,-1
2024-02-07,2024-02-07 14:54:00,340.37,340.37,340.34,340.34,-0.01,88.15,30205.36,-1
2024-02-07,2024-02-07 14:55:00,340.34,340.34,340.31,340.31,-0.01,88.15,30205.36,-1
2024-02-07,2024-02-07 14:56:00,340.31,340.31,340.28,340.28,-0.01,88.15,30205.36,-1
2024-02-07,2024-02-07 14:57:00,340.28,340.28,340.26,340.26,-0.01,88.15,30205.36,-1
2024-02-07,2024-02-07 14:58:00,340.26,340.26,340.23,340.23,-0.01,88.15,30205.36,-1
2024-02-07,2024-02-07 14:59:00,340.23,340.23,340.2,340.2,-0.01,88.15,30205.36,-1
2024-02-07,2024-02-07 15:00:00,340.2,351.0,336.0,340.2,0.0,88.15,30205.36,0
2024-02-08,2024-02-08 11:00:00,340.7,346.49,340.49,340.75,0.01,162.64,57202.1,1
2024-02-08,2024-02-08 11:01:00,340.75,340.8,340.75,340.8,0.01,162.64,57202.1,1
2024-02-08,2024-02-08 11:02:00,340.8,340.85,340.8,340.85,0.01,162.64,57202.1,1
2024-02-08,2024-02-08 11:03:00,340.85,340.9,340.85,340.9,0.01,162.64,57202.1,1
2024-02-08,2024-02-08 11:04:00,340.9,340.95,340.9,340.95,0.01,162.64,57202.1,1
2024-02-08,2024-02-08 11:05:00,340.95,341.0,340.95,341.0,0.01,162.64,57202.1,1
2024-02-08,2024-02-08 11:06:00,341.0,341.06,341.0,341.06,0.02,162.64,57202.1,1
2024-02-08,2024-02-08 11:07:00,341.06,341.11,341.06,341.11,0.01,162.64,57202.1,1
2024-02-08,2024-02-08 11:08:00,341.11,341.16,341.11,341.16,0.01,162.64,57202.1,1
2024-02-08,2024-02-08 11:09:00,341.16,341.21,341.16,341.21,0.01,162.64,57202.1,1
2024-02-08,2024-02-08 11:10:00,341.21,341.26,341.21,341.26,0.01,162.64,57202.1,1
2024-02-08,2024-02-08 11:11:00,341.26,341.31,341.26,341.31,0.01,162.64,57202.1,1
2024-02-08,2024-02-08 11:12:00,341.31,341.36,341.31,341.36,0.01,162.64,57202.1,1
2024-02-08,2024-02-08 11:13:00,341.36,341.41,341.36,341.41,0.01,162.64,57202.1,1
2024-02-08,2024-02-08 11:14:00,341.41,341.46,341.41,341.46,0.01,162.64,57202.1,1
2024-02-08,2024-02-08 11:15:00,341.46,341.51,341.46,341.51,0.01,162.64,57202.1,1
2024-02-08,2024-02-08 11:16:00,341.51,341.56,341.51,341.56,0.01,162.64,57202.1,1
2024-02-08,2024-02-08 11:17:00,341.56,341.62,341.56,341.62,0.02,162.64,57202.1,1
2024-02-08,2024-02-08 11:18:00,341.62,341.67,341.62,341.67,0.01,162.64,57202.1,1
2024-02-08,2024-02-08 11:19:00,341.67,341.72,341.67,341.72,0.01,162.64,57202.1,1
2024-02-08,2024-02-08 11:20:00,341.72,341.77,341.72,341.77,0.01,162.64,57202.1,1
2024-02-08,2024-02-08 11:21:00,341.77,341.82,341.77,341.82,0.01,162.64,57202.1,1
2024-02-08,2024-02-08 11:22:00,341.82,341.87,341.82,341.87,0.01,162.64,57202.1,1
2024-02-08,2024-02-08 11:23:00,341.87,341.92,341.87,341.92,0.01,162.64,57202.1,1
2024-02-08,2024-02-08 11:24:00,341.92,341.97,341.92,341.97,0.01,162.64,57202.1,1
2024-02-08,2024-02-08 11:25:00,341.97,342.02,341.97,342.02,0.01,162.64,57202.1,1
2024-02-08,2024-02-08 11:26:00,342.02,342.07,342.02,342.07,0.01,162.64,57202.1,1
2024-02-08,2024-02-08 11:27:00,342.07,342.12,342.07,342.12,0.01,162.64,57202.1,1
2024-02-08,2024-02-08 11:28:00,342.12,342.17,342.12,342.17,0.01,162.64,57202.1,1
2024-02-08,2024-02-08 11:29:00,342.17,342.22,342.17,342.22,0.01,162.64,57202.1,1
2024-02-08,2024-02-08 11:30:00,342.22,342.28,342.22,342.28,0.02,162.64,57202.1,1
2024-02-08,2024-02-08 11:31:00,342.28,342.33,342.28,342.33,0.01,162.64,57202.1,1
2024-02-08,2024-02-08 11:32:00,342.33,342.38,342.33,342.38,0.01,162.64,57202.1,1
2024-02-08,2024-02-08 11:33:00,342.38,342.43,342.38,342.43,0.01,162.64,57202.1,1
2024-02-08,2024-02-08 11:34:00,342.43,342.48,342.43,342.48,0.01,162.64,57202.1,1
2024-02-08,2024-02-08 11:35:00,342.48,342.53,342.48,342.53,0.01,162.64,57202.1,1
2024-02-08,2024-02-08 11:36:00,342.53,342.58,342.53,342.58,0.01,162.64,57202.1,1
2024-02-08,2024-02-08 11:37:00,342.58,342.63,342.58,342.63,0.01,162.64,57202.1,1
2024-02-08,2024-02-08 11:38:00,342.63,342.68,342.63,342.68,0.01,162.64,57202.1,1
2024-02-08,2024-02-08 11:39:00,342.68,342.73,342.68,342.73,0.01,162.64,57202.1,1
2024-02-08,2024-02-08 11:40:00,342.73,342.78,342.73,342.78,0.01,162.64,57202.1,1
2024-02-08,2024-02-08 11:41:00,342.78,342.83,342.78,342.83,0.01,162.64,57202.1,1
2024-02-08,2024-02-08 11:42:00,342.83,342.89,342.83,342.89,0.02,162.64,57202.1,1
2024-02-08,2024-02-08 11:43:00,342.89,342.94,342.89,342.94,0.01,162.64,57202.1,1
2024-02-08,2024-02-08 11:44:00,342.94,342.99,342.94,342.99,0.01,162.64,57202.1,1
2024-02-08,2024-02-08 11:45:00,342.99,343.04,342.99,343.04,0.01,162.64,57202.1,1
2024-02-08,2024-02-08 11:46:00,343.04,343.09,343.04,343.09,0.01,162.64,57202.1,1
2024-02-08,2024-02-08 11:47:00,343.09,343.14,343.09,343.14,0.01,162.64,57202.1,1
2024-02-08,2024-02-08 11:48:00,343.14,343.19,343.14,343.19,0.01,162.64,57202.1,1
2024-02-08,2024-02-08 11:49:00,343.19,343.24,343.19,343.24,0.01,162.64,57202.1,1
2024-02-08,2024-02-08 11:50:00,343.24,343.29,343.24,343.29,0.01,162.64,57202.1,1
2024-02-08,2024-02-08 11:51:00,343.29,343.34,343.29,343.34,0.01,162.64,57202.1,1
2024-02-08,2024-02-08 11:52:00,343.34,343.39,343.34,343.39,0.01,162.64,57202.1,1
2024-02-08,2024-02-08 11:53:00,343.39,343.44,343.39,343.44,0.01,162.64,57202.1,1
2024-02-08,2024-02-08 11:54:00,343.44,343.5,343.44,343.5,0.02,162.64,57202.1,1
2024-02-08,2024-02-08 11:55:00,343.5,343.55,343.5,343.55,0.01,162.64,57202.1,1
2024-02-08,2024-02-08 11:56:00,343.55,343.6,343.55,343.6,0.01,162.64,57202.1,1
2024-02-08,2024-02-08 11:57:00,343.6,343.65,343.6,343.65,0.01,162.64,57202.1,1
2024-02-08,2024-02-08 11:58:00,343.65,343.7,343.65,343.7,0.01,162.64,57202.1,1
2024-02-08,2024-02-08 11:59:00,343.7,343.75,343.7,343.75,0.01,162.64,57202.1,1
2024-02-08,2024-02-08 12:00:00,343.75,343.8,343.75,343.8,0.01,162.64,57202.1,1
2024-02-08,2024-02-08 12:01:00,343.8,343.85,343.8,343.85,0.01,162.64,57202.1,1
2024-02-08,2024-02-08 12:02:00,343.85,343.9,343.85,343.9,0.01,162.64,57202.1,1
2024-02-08,2024-02-08 12:03:00,343.9,343.95,343.9,343.95,0.01,162.64,57202.1,1
2024-02-08,2024-02-08 12:04:00,343.95,344.0,343.95,344.0,0.01,162.64,57202.1,1
2024-02-08,2024-02-08 12:05:00,344.0,344.06,344.0,344.06,0.02,162.64,57202.1,1
2024-02-08,2024-02-08 12:06:00,344.06,344.11,344.06,344.11,0.01,162.64,57202.1,1
2024-02-08,2024-02-08 12:07:00,344.11,344.16,344.11,344.16,0.01,162.64,57202.1,1
2024-02-08,2024-02-08 12:08:00,344.16,344.21,344.16,344.21,0.01,162.64,57202.1,1
2024-02-08,2024-02-08 12:09:00,344.21,344.26,344.21,344.26,0.01,162.64,57202.1,1
2024-02-08,2024-02-08 12:10:00,344.26,344.31,344.26,344.31,0.01,162.64,57202.1,1
2024-02-08,2024-02-08 12:11:00,344.31,344.36,344.31,344.36,0.01,162.64,57202.1,1
2024-02-08,2024-02-08 12:12:00,344.36,344.41,344.36,344.41,0.01,162.64,57202.1,1
2024-02-08,2024-02-08 12:13:00,344.41,344.46,344.41,344.46,0.01,162.64,57202.1,1
2024-02-08,2024-02-08 12:14:00,344.46,344.51,344.46,344.51,0.01,162.64,57202.1,1
2024-02-08,2024-02-08 12:15:00,344.51,344.56,344.51,344.56,0.01,162.64,57202.1,1
2024-02-08,2024-02-08 12:16:00,344.56,344.61,344.56,344.61,0.01,162.64,57202.1,1
2024-02-08,2024-02-08 12:17:00,344.61,344.66,344.61,344.66,0.01,162.64,57202.1,1
2024-02-08,2024-02-08 12:18:00,344.66,344.72,344.66,344.72,0.02,162.64,57202.1,1
2024-02-08,2024-02-08 12:19:00,344.72,344.77,344.72,344.77,0.01,162.64,57202.1,1
2024-02-08,2024-02-08 12:20:00,344.77,344.82,344.77,344.82,0.01,162.64,57202.1,1
2024-02-08,2024-02-08 12:21:00,344.82,344.87,344.82,344.87,0.01,162.64,57202.1,1
2024-02-08,2024-02-08 12:22:00,344.87,344.92,344.87,344.92,0.01,162.64,57202.1,1
2024-02-08,2024-02-08 12:23:00,344.92,344.97,344.92,344.97,0.01,162.64,57202.1,1
2024-02-08,2024-02-08 12:24:00,344.97,345.02,344.97,345.02,0.01,162.64,57202.1,1
2024-02-08,2024-02-08 12:25:00,345.02,345.07,345.02,345.07,0.01,162.64,57202.1,1
2024-02-08,2024-02-08 12:26:00,345.07,345.12,345.07,345.12,0.01,162.64,57202.1,1
2024-02-08,2024-02-08 12:27:00,345.12,345.17,345.12,345.17,0.01,162.64,57202.1,1
2024-02-08,2024-02-08 12:28:00,345.17,345.22,345.17,345.22,0.01,162.64,57202.1,1
2024-02-08,2024-02-08 12:29:00,345.22,345.27,345.22,345.27,0.01,162.64,57202.1,1
2024-02-08,2024-02-08 12:30:00,345.27,345.33,345.27,345.33,0.02,162.64,57202.1,1
2024-02-08,2024-02-08 12:31:00,345.33,345.38,345.33,345.38,0.01,162.64,57202.1,1
2024-02-08,2024-02-08 12:32:00,345.38,345.43,345.38,345.43,0.01,162.64,57202.1,1
2024-02-08,2024-02-08 12:33:00,345.43,345.48,345.43,345.48,0.01,162.64,57202.1,1
2024-02-08,2024-02-08 12:34:00,345.48,345.53,345.48,345.53,0.01,162.64,57202.1,1
2024-02-08,2024-02-08 12:35:00,345.53,345.58,345.53,345.58,0.01,162.64,57202.1,1
2024-02-08,2024-02-08 12:36:00,345.58,345.63,345.58,345.63,0.01,162.64,57202.1,1
2024-02-08,2024-02-08 12:37:00,345.63,345.68,345.63,345.68,0.01,162.64,57202.1,1
2024-02-08,2024-02-08 12:38:00,345.68,345.73,345.68,345.73,0.01,162.64,57202.1,1
2024-02-08,2024-02-08 12:39:00,345.73,345.78,345.73,345.78,0.01,162.64,57202.1,1
2024-02-08,2024-02-08 12:40:00,345.78,345.83,345.78,345.83,0.01,162.64,57202.1,1
2024-02-08,2024-02-08 12:41:00,345.83,345.88,345.83,345.88,0.01,162.64,57202.1,1
2024-02-08,2024-02-08 12:42:00,345.88,345.94,345.88,345.94,0.02,162.64,57202.1,1
2024-02-08,2024-02-08 12:43:00,345.94,345.99,345.94,345.99,0.01,162.64,57202.1,1
2024-02-08,2024-02-08 12:44:00,345.99,346.04,345.99,346.04,0.01,162.64,57202.1,1
2024-02-08,2024-02-08 12:45:00,346.04,346.09,346.04,346.09,0.01,162.64,57202.1,1
2024-02-08,2024-02-08 12:46:00,346.09,346.14,346.09,346.14,0.01,162.64,57202.1,1
2024-02-08,2024-02-08 12:47:00,346.14,346.19,346.14,346.19,0.01,162.64,57202.1,1
2024-02-08,2024-02-08 12:48:00,346.19,346.24,346.19,346.24,0.01,162.64,57202.1,1
2024-02-08,2024-02-08 12:49:00,346.24,346.29,346.24,346.29,0.01,162.64,57202.1,1
2024-02-08,2024-02-08 12:50:00,346.29,346.34,346.29,346.34,0.01,162.64,57202.1,1
2024-02-08,2024-02-08 12:51:00,346.34,346.39,346.34,346.39,0.01,162.64,57202.1,1
2024-02-08,2024-02-08 12:52:00,346.39,346.44,346.39,346.44,0.01,162.64,57202.1,1
2024-02-08,2024-02-08 12:53:00,346.44,346.5,346.44,346.5,0.02,162.64,57202.1,1
2024-02-08,2024-02-08 12:54:00,346.5,346.55,346.5,346.55,0.01,162.64,57202.1,1
2024-02-08,2024-02-08 12:55:00,346.55,346.6,346.55,346.6,0.01,162.64,57202.1,1
2024-02-08,2024-02-08 12:56:00,346.6,346.65,346.6,346.65,0.01,162.64,57202.1,1
2024-02-08,2024-02-08 12:57:00,346.65,346.7,346.65,346.7,0.01,162.64,57202.1,1
2024-02-08,2024-02-08 12:58:00,346.7,346.75,346.7,346.75,0.01,162.64,57202.1,1
2024-02-08,2024-02-08 12:59:00,346.75,346.8,346.75,346.8,0.01,162.64,57202.1,1
2024-02-08,2024-02-08 13:00:00,346.8,360.0,340.0,346.85,0.01,162.64,57202.1,1
2024-02-08,2024-02-08 13:01:00,346.85,346.9,346.85,346.9,0.01,162.64,57202.1,1
2024-02-08,2024-02-08 13:02:00,346.9,346.95,346.9,346.95,0.01,162.64,57202.1,1
2024-02-08,2024-02-08 13:03:00,346.95,347.0,346.95,347.0,0.01,162.64,57202.1,1
2024-02-08,2024-02-08 13:04:00,347.0,347.05,347.0,347.05,0.01,162.64,57202.1,1
2024-02-08,2024-02-08 13:05:00,347.05,347.1,347.05,347.1,0.01,162.64,57202.1,1
2024-02-08,2024-02-08 13:06:00,347.1,347.16,347.1,347.16,0.02,162.64,57202.1,1
2024-02-08,2024-02-08 13:07:00,347.16,347.21,347.16,347.21,0.01,162.64,57202.1,1
2024-02-08,2024-02-08 13:08:00,347.21,347.26,347.21,347.26,0.01,162.64,57202.1,1
2024-02-08,2024-02-08 13:09:00,347.26,347.31,347.26,347.31,0.01,162.64,57202.1,1
2024-02-08,2024-02-08 13:10:00,347.31,347.36,347.31,347.36,0.01,162.64,57202.1,1
2024-02-08,2024-02-08 13:11:00,347.36,347.41,347.36,347.41,0.01,162.64,57202.1,1
2024-02-08,2024-02-08 13:12:00,347.41,347.46,347.41,347.46,0.01,162.64,57202.1,1
2024-02-08,2024-02-08 13:13:00,347.46,347.51,347.46,347.51,0.01,162.64,57202.1,1
2024-02-08,2024-02-08 13:14:00,347.51,347.56,347.51,347.56,0.01,162.64,57202.1,1
2024-02-08,2024-02-08 13:15:00,347.56,347.61,347.56,347.61,0.01,162.64,57202.1,1
2024-02-08,2024-02-08 13:16:00,347.61,347.66,347.61,347.66,0.01,162.64,57202.1,1
2024-02-08,2024-02-08 13:17:00,347.66,347.71,347.66,347.71,0.01,162.64,57202.1,1
2024-02-08,2024-02-08 13:18:00,347.71,347.77,347.71,347.77,0.02,162.64,57202.1,1
2024-02-08,2024-02-08 13:19:00,347.77,347.82,347.77,347.82,0.01,162.64,57202.1,1
2024-02-08,2024-02-08 13:20:00,347.82,347.87,347.82,347.87,0.01,162.64,57202.1,1
2024-02-08,2024-02-08 13:21:00,347.87,347.92,347.87,347.92,0.01,162.64,57202.1,1
2024-02-08,2024-02-08 13:22:00,347.92,347.97,347.92,347.97,0.01,162.64,57202.1,1
2024-02-08,2024-02-08 13:23:00,347.97,348.02,347.97,348.02,0.01,162.64,57202.1,1
2024-02-08,2024-02-08 13:24:00,348.02,348.07,348.02,348.07,0.01,162.64,57202.1,1
2024-02-08,2024-02-08 13:25:00,348.07,348.12,348.07,348.12,0.01,162.64,57202.1,1
2024-02-08,2024-02-08 13:26:00,348.12,348.17,348.12,348.17,0.01,162.64,57202.1,1
2024-02-08,2024-02-08 13:27:00,348.17,348.22,348.17,348.22,0.01,162.64,57202.1,1
2024-02-08,2024-02-08 13:28:00,348.22,348.27,348.22,348.27,0.01,162.64,57202.1,1
2024-02-08,2024-02-08 13:29:00,348.27,348.32,348.27,348.32,0.01,162.64,57202.1,1
2024-02-08,2024-02-08 13:30:00,348.32,348.38,348.32,348.38,0.02,162.64,57202.1,1
2024-02-08,2024-02-08 13:31:00,348.38,348.43,348.38,348.43,0.01,162.64,57202.1,1
2024-02-08,2024-02-08 13:32:00,348.43,348.48,348.43,348.48,0.01,162.64,57202.1,1
2024-02-08,2024-02-08 13:33:00,348.48,348.53,348.48,348.53,0.01,162.64,57202.1,1
2024-02-08,2024-02-08 13:34:00,348.53,348.58,348.53,348.58,0.01,162.64,57202.1,1
2024-02-08,2024-02-08 13:35:00,348.58,348.63,348.58,348.63,0.01,162.64,57202.1,1
2024-02-08,2024-02-08 13:36:00,348.63,348.68,348.63,348.68,0.01,162.64,57202.1,1
2024-02-08,2024-02-08 13:37:00,348.68,348.73,348.68,348.73,0.01,162.64,57202.1,1
2024-02-08,2024-02-08 13:38:00,348.73,348.78,348.73,348.78,0.01,162.64,57202.1,1
2024-02-08,2024-02-08 13:39:00,348.78,348.83,348.78,348.83,0.01,162.64,57202.1,1
2024-02-08,2024-02-08 13:40:00,348.83,348.88,348.83,348.88,0.01,162.64,57202.1,1
2024-02-08,2024-02-08 13:41:00,348.88,348.94,348.88,348.94,0.02,162.64,57202.1,1
2024-02-08,2024-02-08 13:42:00,348.94,348.99,348.94,348.99,0.01,162.64,57202.1,1
2024-02-08,2024-02-08 13:43:00,348.99,349.04,348.99,349.04,0.01,162.64,57202.1,1
2024-02-08,2024-02-08 13:44:00,349.04,349.09,349.04,349.09,0.01,162.64,57202.1,1
2024-02-08,2024-02-08 13:45:00,349.09,349.14,349.09,349.14,0.01,162.64,57202.1,1
2024-02-08,2024-02-08 13:46:00,349.14,349.19,349.14,349.19,0.01,162.64,57202.1,1
2024-02-08,2024-02-08 13:47:00,349.19,349.24,349.19,349.24,0.01,162.64,57202.1,1
2024-02-08,2024-02-08 13:48:00,349.24,349.29,349.24,349.29,0.01,162.64,57202.1,1
2024-02-08,2024-02-08 13:49:00,349.29,349.34,349.29,349.34,0.01,162.64,57202.1,1
2024-02-08,2024-02-08 13:50:00,349.34,349.39,349.34,349.39,0.01,162.64,57202.1,1
2024-02-08,2024-02-08 13:51:00,349.39,349.44,349.39,349.44,0.01,162.64,57202.1,1
2024-02-08,2024-02-08 13:52:00,349.44,349.49,349.44,349.49,0.01,162.64,57202.1,1
2024-02-08,2024-02-08 13:53:00,349.49,349.54,349.49,349.54,0.01,162.64,57202.1,1
2024-02-08,2024-02-08 13:54:00,349.54,349.6,349.54,349.6,0.02,162.64,57202.1,1
2024-02-08,2024-02-08 13:55:00,349.6,349.65,349.6,349.65,0.01,162.64,57202.1,1
2024-02-08,2024-02-08 13:56:00,349.65,349.7,349.65,349.7,0.01,162.64,57202.1,1
2024-02-08,2024-02-08 13:57:00,349.7,349.75,349.7,349.75,0.01,162.64,57202.1,1
2024-02-08,2024-02-08 13:58:00,349.75,349.8,349.75,349.8,0.01,162.64,57202.1,1
2024-02-08,2024-02-08 13:59:00,349.8,349.85,349.8,349.85,0.01,162.64,57202.1,1
2024-02-08,2024-02-08 14:00:00,349.85,349.9,349.85,349.9,0.01,162.64,57202.1,1
2024-02-08,2024-02-08 14:01:00,349.9,349.95,349.9,349.95,0.01,162.64,57202.1,1
2024-02-08,2024-02-08 14:02:00,349.95,350.0,349.95,350.0,0.01,162.64,57202.1,1
2024-02-08,2024-02-08 14:03:00,350.0,350.05,350.0,350.05,0.01,162.64,57202.1,1
2024-02-08,2024-02-08 14:04:00,350.05,350.1,350.05,350.1,0.01,162.64,57202.1,1
2024-02-08,2024-02-08 14:05:00,350.1,350.15,350.1,350.15,0.01,162.64,57202.1,1
2024-02-08,2024-02-08 14:06:00,350.15,350.21,350.15,350.21,0.02,162.64,57202.1,1
2024-02-08,2024-02-08 14:07:00,350.21,350.26,350.21,350.26,0.01,162.64,57202.1,1
2024-02-08,2024-02-08 14:08:00,350.26,350.31,350.26,350.31,0.01,162.64,57202.1,1
2024-02-08,2024-02-08 14:09:00,350.31,350.36,350.31,350.36,0.01,162.64,57202.1,1
2024-02-08,2024-02-08 14:10:00,350.36,350.41,350.36,350.41,0.01,162.64,57202.1,1
2024-02-08,2024-02-08 14:11:00,350.41,350.46,350.41,350.46,0.01,162.64,57202.1,1
2024-02-08,2024-02-08 14:12:00,350.46,350.51,350.46,350.51,0.01,162.64,57202.1,1
2024-02-08,2024-02-08 14:13:00,350.51,350.56,350.51,350.56,0.01,162.64,57202.1,1
2024-02-08,2024-02-08 14:14:00,350.56,350.61,350.56,350.61,0.01,162.64,57202.1,1
2024-02-08,2024-02-08 14:15:00,350.61,350.66,350.61,350.66,0.01,162.64,57202.1,1
2024-02-08,2024-02-08 14:16:00,350.66,350.71,350.66,350.71,0.01,162.64,57202.1,1
2024-02-08,2024-02-08 14:17:00,350.71,350.76,350.71,350.76,0.01,162.64,57202.1,1
2024-02-08,2024-02-08 14:18:00,350.76,350.82,350.76,350.82,0.02,162.64,57202.1,1
2024-02-08,2024-02-08 14:19:00,350.82,350.87,350.82,350.87,0.01,162.64,57202.1,1
2024-02-08,2024-02-08 14:20:00,350.87,350.92,350.87,350.92,0.01,162.64,57202.1,1
2024-02-08,2024-02-08 14:21:00,350.92,350.97,350.92,350.97,0.01,162.64,57202.1,1
2024-02-08,2024-02-08 14:22:00,350.97,351.02,350.97,351.02,0.01,162.64,57202.1,1
2024-02-08,2024-02-08 14:23:00,351.02,351.07,351.02,351.07,0.01,162.64,57202.1,1
2024-02-08,2024-02-08 14:24:00,351.07,351.12,351.07,351.12,0.01,162.64,57202.1,1
2024-02-08,2024-02-08 14:25:00,351.12,351.17,351.12,351.17,0.01,162.64,57202.1,1
2024-02-08,2024-02-08 14:26:00,351.17,351.22,351.17,351.22,0.01,162.64,57202.1,1
2024-02-08,2024-02-08 14:27:00,351.22,351.27,351.22,351.27,0.01,162.64,57202.1,1
2024-02-08,2024-02-08 14:28:00,351.27,351.32,351.27,351.32,0.01,162.64,57202.1,1
2024-02-08,2024-02-08 14:29:00,351.32,351.38,351.32,351.38,0.02,162.64,57202.1,1
2024-02-08,2024-02-08 14:30:00,351.38,351.43,351.38,351.43,0.01,162.64,57202.1,1
2024-02-08,2024-02-08 14:31:00,351.43,351.48,351.43,351.48,0.01,162.64,57202.1,1
2024-02-08,2024-02-08 14:32:00,351.48,351.53,351.48,351.53,0.01,162.64,57202.1,1
2024-02-08,2024-02-08 14:33:00,351.53,351.58,351.53,351.58,0.01,162.64,57202.1,1
2024-02-08,2024-02-08 14:34:00,351.58,351.63,351.58,351.63,0.01,162.64,57202.1,1
2024-02-08,2024-02-08 14:35:00,351.63,351.68,351.63,351.68,0.01,162.64,57202.1,1
2024-02-08,2024-02-08 14:36:00,351.68,351.73,351.68,351.73,0.01,162.64,57202.1,1
2024-02-08,2024-02-08 14:37:00,351.73,351.78,351.73,351.78,0.01,162.64,57202.1,1
2024-02-08,2024-02-08 14:38:00,351.78,351.83,351.78,351.83,0.01,162.64,57202.1,1
2024-02-08,2024-02-08 14:39:00,351.83,351.88,351.83,351.88,0.01,162.64,57202.1,1
2024-02-08,2024-02-08 14:40:00,351.88,351.93,351.88,351.93,0.01,162.64,57202.1,1
2024-02-08,2024-02-08 14:41:00,351.93,351.98,351.93,351.98,0.01,162.64,57202.1,1
2024-02-08,2024-02-08 14:42:00,351.98,352.04,351.98,352.04,0.02,162.64,57202.1,1
2024-02-08,2024-02-08 14:43:00,352.04,352.09,352.04,352.09,0.01,162.64,57202.1,1
2024-02-08,2024-02-08 14:44:00,352.09,352.14,352.09,352.14,0.01,162.64,57202.1,1
2024-02-08,2024-02-08 14:45:00,352.14,352.19,352.14,352.19,0.01,162.64,57202.1,1
2024-02-08,2024-02-08 14:46:00,352.19,352.24,352.19,352.24,0.01,162.64,57202.1,1
2024-02-08,2024-02-08 14:47:00,352.24,352.29,352.24,352.29,0.01,162.64,57202.1,1
2024-02-08,2024-02-08 14:48:00,352.29,352.34,352.29,352.34,0.01,162.64,57202.1,1
2024-02-08,2024-02-08 14:49:00,352.34,352.39,352.34,352.39,0.01,162.64,57202.1,1
2024-02-08,2024-02-08 14:50:00,352.39,352.44,352.39,352.44,0.01,162.64,57202.1,1
2024-02-08,2024-02-08 14:51:00,352.44,352.49,352.44,352.49,0.01,162.64,57202.1,1
2024-02-08,2024-02-08 14:52:00,352.49,352.54,352.49,352.54,0.01,162.64,57202.1,1
2024-02-08,2024-02-08 14:53:00,352.54,352.59,352.54,352.59,0.01,162.64,57202.1,1
2024-02-08,2024-02-08 14:54:00,352.59,352.65,352.59,352.65,0.02,162.64,57202.1,1
2024-02-08,2024-02-08 14:55:00,352.65,352.7,352.65,352.7,0.01,162.64,57202.1,1
2024-02-08,2024-02-08 14:56:00,352.7,352.75,352.7,352.75,0.01,162.64,57202.1,1
2024-02-08,2024-02-08 14:57:00,352.75,352.8,352.75,352.8,0.01,162.64,57202.1,1
2024-02-08,2024-02-08 14:58:00,352.8,352.85,352.8,352.85,0.01,162.64,57202.1,1
2024-02-08,2024-02-08 14:59:00,352.85,352.9,352.85,352.9,0.01,162.64,57202.1,1
2024-02-08,2024-02-08 15:00:00,352.9,360.0,340.0,352.9,0.0,162.64,57202.1,0
2024-02-11,2024-02-11 11:00:00,354.1,358.66,354.1,354.11,0.0,129.24,46713.13,1
2024-02-11,2024-02-11 11:01:00,354.11,354.12,354.11,354.12,0.0,129.24,46713.13,1
2024-02-11,2024-02-11 11:02:00,354.12,354.12,354.12,354.12,0.0,129.24,46713.13,0
2024-02-11,2024-02-11 11:03:00,354.12,354.13,354.12,354.13,0.0,129.24,46713.13,1
2024-02-11,2024-02-11 11:04:00,354.13,354.14,354.13,354.14,0.0,129.24,46713.13,1
2024-02-11,2024-02-11 11:05:00,354.14,354.15,354.14,354.15,0.0,129.24,46713.13,1
2024-02-11,2024-02-11 11:06:00,354.15,354.16,354.15,354.16,0.0,129.24,46713.13,1
2024-02-11,2024-02-11 11:07:00,354.16,354.16,354.16,354.16,0.0,129.24,46713.13,0
2024-02-11,2024-02-11 11:08:00,354.16,354.17,354.16,354.17,0.0,129.24,46713.13,1
2024-02-11,2024-02-11 11:09:00,354.17,354.18,354.17,354.18,0.0,129.24,46713.13,1
2024-02-11,2024-02-11 11:10:00,354.18,354.19,354.18,354.19,0.0,129.24,46713.13,1
2024-02-11,2024-02-11 11:11:00,354.19,354.2,354.19,354.2,0.0,129.24,46713.13,1
2024-02-11,2024-02-11 11:12:00,354.2,354.2,354.2,354.2,0.0,129.24,46713.13,0
2024-02-11,2024-02-11 11:13:00,354.2,354.21,354.2,354.21,0.0,129.24,46713.13,1
2024-02-11,2024-02-11 11:14:00,354.21,354.22,354.21,354.22,0.0,129.24,46713.13,1
2024-02-11,2024-02-11 11:15:00,354.22,354.23,354.22,354.23,0.0,129.24,46713.13,1
2024-02-11,2024-02-11 11:16:00,354.23,354.23,354.23,354.23,0.0,129.24,46713.13,0
2024-02-11,2024-02-11 11:17:00,354.23,354.24,354.23,354.24,0.0,129.24,46713.13,1
2024-02-11,2024-02-11 11:18:00,354.24,354.25,354.24,354.25,0.0,129.24,46713.13,1
2024-02-11,2024-02-11 11:19:00,354.25,354.26,354.25,354.26,0.0,129.24,46713.13,1
2024-02-11,2024-02-11 11:20:00,354.26,354.27,354.26,354.27,0.0,129.24,46713.13,1
2024-02-11,2024-02-11 11:21:00,354.27,354.27,354.27,354.27,0.0,129.24,46713.13,0
2024-02-11,2024-02-11 11:22:00,354.27,354.28,354.27,354.28,0.0,129.24,46713.13,1
2024-02-11,2024-02-11 11:23:00,354.28,354.29,354.28,354.29,0.0,129.24,46713.13,1
2024-02-11,2024-02-11 11:24:00,354.29,354.3,354.29,354.3,0.0,129.24,46713.13,1
2024-02-11,2024-02-11 11:25:00,354.3,354.31,354.3,354.31,0.0,129.24,46713.13,1
2024-02-11,2024-02-11 11:26:00,354.31,354.31,354.31,354.31,0.0,129.24,46713.13,0
2024-02-11,2024-02-11 11:27:00,354.31,354.32,354.31,354.32,0.0,129.24,46713.13,1
2024-02-11,2024-02-11 11:28:00,354.32,354.33,354.32,354.33,0.0,129.24,46713.13,1
2024-02-11,2024-02-11 11:29:00,354.33,354.34,354.33,354.34,0.0,129.24,46713.13,1
2024-02-11,2024-02-11 11:30:00,354.34,354.35,354.34,354.35,0.0,129.24,46713.13,1
2024-02-11,2024-02-11 11:31:00,354.35,354.35,354.35,354.35,0.0,129.24,46713.13,0
2024-02-11,2024-02-11 11:32:00,354.35,354.36,354.35,354.36,0.0,129.24,46713.13,1
2024-02-11,2024-02-11 11:33:00,354.36,354.37,354.36,354.37,0.0,129.24,46713.13,1
2024-02-11,2024-02-11 11:34:00,354.37,354.38,354.37,354.38,0.0,129.24,46713.13,1
2024-02-11,2024-02-11 11:35:00,354.38,354.38,354.38,354.38,0.0,129.24,46713.13,0
2024-02-11,2024-02-11 11:36:00,354.38,354.39,354.38,354.39,0.0,129.24,46713.13,1
2024-02-11,2024-02-11 11:37:00,354.39,354.4,354.39,354.4,0.0,129.24,46713.13,1
2024-02-11,2024-02-11 11:38:00,354.4,354.41,354.4,354.41,0.0,129.24,46713.13,1
2024-02-11,2024-02-11 11:39:00,354.41,354.42,354.41,354.42,0.0,129.24,46713.13,1
2024-02-11,2024-02-11 11:40:00,354.42,354.42,354.42,354.42,0.0,129.24,46713.13,0
2024-02-11,2024-02-11 11:41:00,354.42,354.43,354.42,354.43,0.0,129.24,46713.13,1
2024-02-11,2024-02-11 11:42:00,354.43,354.44,354.43,354.44,0.0,129.24,46713.13,1
2024-02-11,2024-02-11 11:43:00,354.44,354.45,354.44,354.45,0.0,129.24,46713.13,1
2024-02-11,2024-02-11 11:44:00,354.45,354.46,354.45,354.46,0.0,129.24,46713.13,1
2024-02-11,2024-02-11 11:45:00,354.46,354.46,354.46,354.46,0.0,129.24,46713.13,0
2024-02-11,2024-02-11 11:46:00,354.46,354.47,354.46,354.47,0.0,129.24,46713.13,1
2024-02-11,2024-02-11 11:47:00,354.47,354.48,354.47,354.48,0.0,129.24,46713.13,1
2024-02-11,2024-02-11 11:48:00,354.48,354.49,354.48,354.49,0.0,129.24,46713.13,1
2024-02-11,2024-02-11 11:49:00,354.49,354.5,354.49,354.5,0.0,129.24,46713.13,1
2024-02-11,2024-02-11 11:50:00,354.5,354.5,354.5,354.5,0.0,129.24,46713.13,0
2024-02-11,2024-02-11 11:51:00,354.5,354.51,354.5,354.51,0.0,129.24,46713.13,1
2024-02-11,2024-02-11 11:52:00,354.51,354.52,354.51,354.52,0.0,129.24,46713.13,1
2024-02-11,2024-02-11 11:53:00,354.52,354.53,354.52,354.53,0.0,129.24,46713.13,1
2024-02-11,2024-02-11 11:54:00,354.53,354.54,354.53,354.54,0.0,129.24,46713.13,1
2024-02-11,2024-02-11 11:55:00,354.54,354.54,354.54,354.54,0.0,129.24,46713.13,0
2024-02-11,2024-02-11 11:56:00,354.54,354.55,354.54,354.55,0.0,129.24,46713.13,1
2024-02-11,2024-02-11 11:57:00,354.55,354.56,354.55,354.56,0.0,129.24,46713.13,1
2024-02-11,2024-02-11 11:58:00,354.56,354.57,354.56,354.57,0.0,129.24,46713.13,1
2024-02-11,2024-02-11 11:59:00,354.57,354.58,354.57,354.58,0.0,129.24,46713.13,1
2024-02-11,2024-02-11 12:00:00,354.58,354.58,354.58,354.58,0.0,129.24,46713.13,0
2024-02-11,2024-02-11 12:01:00,354.58,354.59,354.58,354.59,0.0,129.24,46713.13,1
2024-02-11,2024-02-11 12:02:00,354.59,354.6,354.59,354.6,0.0,129.24,46713.13,1
2024-02-11,2024-02-11 12:03:00,354.6,354.61,354.6,354.61,0.0,129.24,46713.13,1
2024-02-11,2024-02-11 12:04:00,354.61,354.61,354.61,354.61,0.0,129.24,46713.13,0
2024-02-11,2024-02-11 12:05:00,354.61,354.62,354.61,354.62,0.0,129.24,46713.13,1
2024-02-11,2024-02-11 12:06:00,354.62,354.63,354.62,354.63,0.0,129.24,46713.13,1
2024-02-11,2024-02-11 12:07:00,354.63,354.64,354.63,354.64,0.0,129.24,46713.13,1
2024-02-11,2024-02-11 12:08:00,354.64,354.65,354.64,354.65,0.0,129.24,46713.13,1
2024-02-11,2024-02-11 12:09:00,354.65,354.65,354.65,354.65,0.0,129.24,46713.13,0
2024-02-11,2024-02-11 12:10:00,354.65,354.66,354.65,354.66,0.0,129.24,46713.13,1
2024-02-11,2024-02-11 12:11:00,354.66,354.67,354.66,354.67,0.0,129.24,46713.13,1
2024-02-11,2024-02-11 12:12:00,354.67,354.68,354.67,354.68,0.0,129.24,46713.13,1
2024-02-11,2024-02-11 12:13:00,354.68,354.69,354.68,354.69,0.0,129.24,46713.13,1
2024-02-11,2024-02-11 12:14:00,354.69,354.69,354.69,354.69,0.0,129.24,46713.13,0
2024-02-11,2024-02-11 12:15:00,354.69,354.7,354.69,354.7,0.0,129.24,46713.13,1
2024-02-11,2024-02-11 12:16:00,354.7,354.71,354.7,354.71,0.0,129.24,46713.13,1
2024-02-11,2024-02-11 12:17:00,354.71,354.72,354.71,354.72,0.0,129.24,46713.13,1
2024-02-11,2024-02-11 12:18:00,354.72,354.73,354.72,354.73,0.0,129.24,46713.13,1
2024-02-11,2024-02-11 12:19:00,354.73,354.73,354.73,354.73,0.0,129.24,46713.13,0
2024-02-11,2024-02-11 12:20:00,354.73,354.74,354.73,354.74,0.0,129.24,46713.13,1
2024-02-11,2024-02-11 12:21:00,354.74,354.75,354.74,354.75,0.0,129.24,46713.13,1
2024-02-11,2024-02-11 12:22:00,354.75,354.76,354.75,354.76,0.0,129.24,46713.13,1
2024-02-11,2024-02-11 12:23:00,354.76,354.76,354.76,354.76,0.0,129.24,46713.13,0
2024-02-11,2024-02-11 12:24:00,354.76,354.77,354.76,354.77,0.0,129.24,46713.13,1
2024-02-11,2024-02-11 12:25:00,354.77,354.78,354.77,354.78,0.0,129.24,46713.13,1
2024-02-11,2024-02-11 12:26:00,354.78,354.79,354.78,354.79,0.0,129.24,46713.13,1
2024-02-11,2024-02-11 12:27:00,354.79,354.8,354.79,354.8,0.0,129.24,46713.13,1
2024-02-11,2024-02-11 12:28:00,354.8,354.8,354.8,354.8,0.0,129.24,46713.13,0
2024-02-11,2024-02-11 12:29:00,354.8,354.81,354.8,354.81,0.0,129.24,46713.13,1
2024-02-11,2024-02-11 12:30:00,354.81,354.82,354.81,354.82,0.0,129.24,46713.13,1
2024-02-11,2024-02-11 12:31:00,354.82,354.83,354.82,354.83,0.0,129.24,46713.13,1
2024-02-11,2024-02-11 12:32:00,354.83,354.84,354.83,354.84,0.0,129.24,46713.13,1
2024-02-11,2024-02-11 12:33:00,354.84,354.84,354.84,354.84,0.0,129.24,46713.13,0
2024-02-11,2024-02-11 12:34:00,354.84,354.85,354.84,354.85,0.0,129.24,46713.13,1
2024-02-11,2024-02-11 12:35:00,354.85,354.86,354.85,354.86,0.0,129.24,46713.13,1
2024-02-11,2024-02-11 12:36:00,354.86,354.87,354.86,354.87,0.0,129.24,46713.13,1
2024-02-11,2024-02-11 12:37:00,354.87,354.88,354.87,354.88,0.0,129.24,46713.13,1
2024-02-11,2024-02-11 12:38:00,354.88,354.88,354.88,354.88,0.0,129.24,46713.13,0
2024-02-11,2024-02-11 12:39:00,354.88,354.89,354.88,354.89,0.0,129.24,46713.13,1
2024-02-11,2024-02-11 12:40:00,354.89,354.9,354.89,354.9,0.0,129.24,46713.13,1
2024-02-11,2024-02-11 12:41:00,354.9,354.91,354.9,354.91,0.0,129.24,46713.13,1
2024-02-11,2024-02-11 12:42:00,354.91,354.92,354.91,354.92,0.0,129.24,46713.13,1
2024-02-11,2024-02-11 12:43:00,354.92,354.92,354.92,354.92,0.0,129.24,46713.13,0
2024-02-11,2024-02-11 12:44:00,354.92,354.93,354.92,354.93,0.0,129.24,46713.13,1
2024-02-11,2024-02-11 12:45:00,354.93,354.94,354.93,354.94,0.0,129.24,46713.13,1
2024-02-11,2024-02-11 12:46:00,354.94,354.95,354.94,354.95,0.0,129.24,46713.13,1
2024-02-11,2024-02-11 12:47:00,354.95,354.96,354.95,354.96,0.0,129.24,46713.13,1
2024-02-11,2024-02-11 12:48:00,354.96,354.96,354.96,354.96,0.0,129.24,46713.13,0
2024-02-11,2024-02-11 12:49:00,354.96,354.97,354.96,354.97,0.0,129.24,46713.13,1
2024-02-11,2024-02-11 12:50:00,354.97,354.98,354.97,354.98,0.0,129.24,46713.13,1
2024-02-11,2024-02-11 12:51:00,354.98,354.99,354.98,354.99,0.0,129.24,46713.13,1
2024-02-11,2024-02-11 12:52:00,354.99,354.99,354.99,354.99,0.0,129.24,46713.13,0
2024-02-11,2024-02-11 12:53:00,354.99,355.0,354.99,355.0,0.0,129.24,46713.13,1
2024-02-11,2024-02-11 12:54:00,355.0,355.01,355.0,355.01,0.0,129.24,46713.13,1
2024-02-11,2024-02-11 12:55:00,355.01,355.02,355.01,355.02,0.0,129.24,46713.13,1
2024-02-11,2024-02-11 12:56:00,355.02,355.03,355.02,355.03,0.0,129.24,46713.13,1
2024-02-11,2024-02-11 12:57:00,355.03,355.03,355.03,355.03,0.0,129.24,46713.13,0
2024-02-11,2024-02-11 12:58:00,355.03,355.04,355.03,355.04,0.0,129.24,46713.13,1
2024-02-11,2024-02-11 12:59:00,355.04,355.05,355.04,355.05,0.0,129.24,46713.13,1
2024-02-11,2024-02-11 13:00:00,355.05,369.3,354.1,355.06,0.0,129.24,46713.13,1
2024-02-11,2024-02-11 13:01:00,355.06,355.07,355.06,355.07,0.0,129.24,46713.13,1
2024-02-11,2024-02-11 13:02:00,355.07,355.07,355.07,355.07,0.0,129.24,46713.13,0
2024-02-11,2024-02-11 13:03:00,355.07,355.08,355.07,355.08,0.0,129.24,46713.13,1
2024-02-11,2024-02-11 13:04:00,355.08,355.09,355.08,355.09,0.0,129.24,46713.13,1
2024-02-11,2024-02-11 13:05:00,355.09,355.1,355.09,355.1,0.0,129.24,46713.13,1
2024-02-11,2024-02-11 13:06:00,355.1,355.11,355.1,355.11,0.0,129.24,46713.13,1
2024-02-11,2024-02-11 13:07:00,355.11,355.11,355.11,355.11,0.0,129.24,46713.13,0
2024-02-11,2024-02-11 13:08:00,355.11,355.12,355.11,355.12,0.0,129.24,46713.13,1
2024-02-11,2024-02-11 13:09:00,355.12,355.13,355.12,355.13,0.0,129.24,46713.13,1
2024-02-11,2024-02-11 13:10:00,355.13,355.14,355.13,355.14,0.0,129.24,46713.13,1
2024-02-11,2024-02-11 13:11:00,355.14,355.14,355.14,355.14,0.0,129.24,46713.13,0
2024-02-11,2024-02-11 13:12:00,355.14,355.15,355.14,355.15,0.0,129.24,46713.13,1
2024-02-11,2024-02-11 13:13:00,355.15,355.16,355.15,355.16,0.0,129.24,46713.13,1
2024-02-11,2024-02-11 13:14:00,355.16,355.17,355.16,355.17,0.0,129.24,46713.13,1
2024-02-11,2024-02-11 13:15:00,355.17,355.18,355.17,355.18,0.0,129.24,46713.13,1
2024-02-11,2024-02-11 13:16:00,355.18,355.18,355.18,355.18,0.0,129.24,46713.13,0
2024-02-11,2024-02-11 13:17:00,355.18,355.19,355.18,355.19,0.0,129.24,46713.13,1
2024-02-11,2024-02-11 13:18:00,355.19,355.2,355.19,355.2,0.0,129.24,46713.13,1
2024-02-11,2024-02-11 13:19:00,355.2,355.21,355.2,355.21,0.0,129.24,46713.13,1
2024-02-11,2024-02-11 13:20:00,355.21,355.22,355.21,355.22,0.0,129.24,46713.13,1
2024-02-11,2024-02-11 13:21:00,355.22,355.22,355.22,355.22,0.0,129.24,46713.13,0
2024-02-11,2024-02-11 13:22:00,355.22,355.23,355.22,355.23,0.0,129.24,46713.13,1
2024-02-11,2024-02-11 13:23:00,355.23,355.24,355.23,355.24,0.0,129.24,46713.13,1
2024-02-11,2024-02-11 13:24:00,355.24,355.25,355.24,355.25,0.0,129.24,46713.13,1
2024-02-11,2024-02-11 13:25:00,355.25,355.26,355.25,355.26,0.0,129.24,46713.13,1
2024-02-11,2024-02-11 13:26:00,355.26,355.26,355.26,355.26,0.0,129.24,46713.13,0
2024-02-11,2024-02-11 13:27:00,355.26,355.27,355.26,355.27,0.0,129.24,46713.13,1
2024-02-11,2024-02-11 13:28:00,355.27,355.28,355.27,355.28,0.0,129.24,46713.13,1
2024-02-11,2024-02-11 13:29:00,355.28,355.29,355.28,355.29,0.0,129.24,46713.13,1
2024-02-11,2024-02-11 13:30:00,355.29,355.3,355.29,355.3,0.0,129.24,46713.13,1
2024-02-11,2024-02-11 13:31:00,355.3,355.3,355.3,355.3,0.0,129.24,46713.13,0
2024-02-11,2024-02-11 13:32:00,355.3,355.31,355.3,355.31,0.0,129.24,46713.13,1
2024-02-11,2024-02-11 13:33:00,355.31,355.32,355.31,355.32,0.0,129.24,46713.13,1
2024-02-11,2024-02-11 13:34:00,355.32,355.33,355.32,355.33,0.0,129.24,46713.13,1
2024-02-11,2024-02-11 13:35:00,355.33,355.34,355.33,355.34,0.0,129.24,46713.13,1
2024-02-11,2024-02-11 13:36:00,355.34,355.34,355.34,355.34,0.0,129.24,46713.13,0
2024-02-11,2024-02-11 13:37:00,355.34,355.35,355.34,355.35,0.0,129.24,46713.13,1
2024-02-11,2024-02-11 13:38:00,355.35,355.36,355.35,355.36,0.0,129.24,46713.13,1
2024-02-11,2024-02-11 13:39:00,355.36,355.37,355.36,355.37,0.0,129.24,46713.13,1
2024-02-11,2024-02-11 13:40:00,355.37,355.37,355.37,355.37,0.0,129.24,46713.13,0
2024-02-11,2024-02-11 13:41:00,355.37,355.38,355.37,355.38,0.0,129.24,46713.13,1
2024-02-11,2024-02-11 13:42:00,355.38,355.39,355.38,355.39,0.0,129.24,46713.13,1
2024-02-11,2024-02-11 13:43:00,355.39,355.4,355.39,355.4,0.0,129.24,46713.13,1
2024-02-11,2024-02-11 13:44:00,355.4,355.41,355.4,355.41,0.0,129.24,46713.13,1
2024-02-11,2024-02-11 13:45:00,355.41,355.41,355.41,355.41,0.0,129.24,46713.13,0
2024-02-11,2024-02-11 13:46:00,355.41,355.42,355.41,355.42,0.0,129.24,46713.13,1
2024-02-11,2024-02-11 13:47:00,355.42,355.43,355.42,355.43,0.0,129.24,46713.13,1
2024-02-11,2024-02-11 13:48:00,355.43,355.44,355.43,355.44,0.0,129.24,46713.13,1
2024-02-11,2024-02-11 13:49:00,355.44,355.45,355.44,355.45,0.0,129.24,46713.13,1
2024-02-11,2024-02-11 13:50:00,355.45,355.45,355.45,355.45,0.0,129.24,46713.13,0
2024-02-11,2024-02-11 13:51:00,355.45,355.46,355.45,355.46,0.0,129.24,46713.13,1
2024-02-11,2024-02-11 13:52:00,355.46,355.47,355.46,355.47,0.0,129.24,46713.13,1
2024-02-11,2024-02-11 13:53:00,355.47,355.48,355.47,355.48,0.0,129.24,46713.13,1
2024-02-11,2024-02-11 13:54:00,355.48,355.49,355.48,355.49,0.0,129.24,46713.13,1
2024-02-11,2024-02-11 13:55:00,355.49,355.49,355.49,355.49,0.0,129.24,46713.13,0
2024-02-11,2024-02-11 13:56:00,355.49,355.5,355.49,355.5,0.0,129.24,46713.13,1
2024-02-11,2024-02-11 13:57:00,355.5,355.51,355.5,355.51,0.0,129.24,46713.13,1
2024-02-11,2024-02-11 13:58:00,355.51,355.52,355.51,355.52,0.0,129.24,46713.13,1
2024-02-11,2024-02-11 13:59:00,355.52,355.52,355.52,355.52,0.0,129.24,46713.13,0
2024-02-11,2024-02-11 14:00:00,355.52,355.53,355.52,355.53,0.0,129.24,46713.13,1
2024-02-11,2024-02-11 14:01:00,355.53,355.54,355.53,355.54,0.0,129.24,46713.13,1
2024-02-11,2024-02-11 14:02:00,355.54,355.55,355.54,355.55,0.0,129.24,46713.13,1
2024-02-11,2024-02-11 14:03:00,355.55,355.56,355.55,355.56,0.0,129.24,46713.13,1
2024-02-11,2024-02-11 14:04:00,355.56,355.56,355.56,355.56,0.0,129.24,46713.13,0
2024-02-11,2024-02-11 14:05:00,355.56,355.57,355.56,355.57,0.0,129.24,46713.13,1
2024-02-11,2024-02-11 14:06:00,355.57,355.58,355.57,355.58,0.0,129.24,46713.13,1
2024-02-11,2024-02-11 14:07:00,355.58,355.59,355.58,355.59,0.0,129.24,46713.13,1
2024-02-11,2024-02-11 14:08:00,355.59,355.6,355.59,355.6,0.0,129.24,46713.13,1
2024-02-11,2024-02-11 14:09:00,355.6,355.6,355.6,355.6,0.0,129.24,46713.13,0
2024-02-11,2024-02-11 14:10:00,355.6,355.61,355.6,355.61,0.0,129.24,46713.13,1
2024-02-11,2024-02-11 14:11:00,355.61,355.62,355.61,355.62,0.0,129.24,46713.13,1
2024-02-11,2024-02-11 14:12:00,355.62,355.63,355.62,355.63,0.0,129.24,46713.13,1
2024-02-11,2024-02-11 14:13:00,355.63,355.64,355.63,355.64,0.0,129.24,46713.13,1
2024-02-11,2024-02-11 14:14:00,355.64,355.64,355.64,355.64,0.0,129.24,46713.13,0
2024-02-11,2024-02-11 14:15:00,355.64,355.65,355.64,355.65,0.0,129.24,46713.13,1
2024-02-11,2024-02-11 14:16:00,355.65,355.66,355.65,355.66,0.0,129.24,46713.13,1
2024-02-11,2024-02-11 14:17:00,355.66,355.67,355.66,355.67,0.0,129.24,46713.13,1
2024-02-11,2024-02-11 14:18:00,355.67,355.68,355.67,355.68,0.0,129.24,46713.13,1
2024-02-11,2024-02-11 14:19:00,355.68,355.68,355.68,355.68,0.0,129.24,46713.13,0
2024-02-11,2024-02-11 14:20:00,355.68,355.69,355.68,355.69,0.0,129.24,46713.13,1
2024-02-11,2024-02-11 14:21:00,355.69,355.7,355.69,355.7,0.0,129.24,46713.13,1
2024-02-11,2024-02-11 14:22:00,355.7,355.71,355.7,355.71,0.0,129.24,46713.13,1
2024-02-11,2024-02-11 14:23:00,355.71,355.72,355.71,355.72,0.0,129.24,46713.13,1
2024-02-11,2024-02-11 14:24:00,355.72,355.72,355.72,355.72,0.0,129.24,46713.13,0
2024-02-11,2024-02-11 14:25:00,355.72,355.73,355.72,355.73,0.0,129.24,46713.13,1
2024-02-11,2024-02-11 14:26:00,355.73,355.74,355.73,355.74,0.0,129.24,46713.13,1
2024-02-11,2024-02-11 14:27:00,355.74,355.75,355.74,355.75,0.0,129.24,46713.13,1
2024-02-11,2024-02-11 14:28:00,355.75,355.75,355.75,355.75,0.0,129.24,46713.13,0
2024-02-11,2024-02-11 14:29:00,355.75,355.76,355.75,355.76,0.0,129.24,46713.13,1
2024-02-11,2024-02-11 14:30:00,355.76,355.77,355.76,355.77,0.0,129.24,46713.13,1
2024-02-11,2024-02-11 14:31:00,355.77,355.78,355.77,355.78,0.0,129.24,46713.13,1
2024-02-11,2024-02-11 14:32:00,355.78,355.79,355.78,355.79,0.0,129.24,46713.13,1
2024-02-11,2024-02-11 14:33:00,355.79,355.79,355.79,355.79,0.0,129.24,46713.13,0
2024-02-11,2024-02-11 14:34:00,355.79,355.8,355.79,355.8,0.0,129.24,46713.13,1
2024-02-11,2024-02-11 14:35:00,355.8,355.81,355.8,355.81,0.0,129.24,46713.13,1
2024-02-11,2024-02-11 14:36:00,355.81,355.82,355.81,355.82,0.0,129.24,46713.13,1
2024-02-11,2024-02-11 14:37:00,355.82,355.83,355.82,355.83,0.0,129.24,46713.13,1
2024-02-11,2024-02-11 14:38:00,355.83,355.83,355.83,355.83,0.0,129.24,46713.13,0
2024-02-11,2024-02-11 14:39:00,355.83,355.84,355.83,355.84,0.0,129.24,46713.13,1
2024-02-11,2024-02-11 14:40:00,355.84,355.85,355.84,355.85,0.0,129.24,46713.13,1
2024-02-11,2024-02-11 14:41:00,355.85,355.86,355.85,355.86,0.0,129.24,46713.13,1
2024-02-11,2024-02-11 14:42:00,355.86,355.87,355.86,355.87,0.0,129.24,46713.13,1
2024-02-11,2024-02-11 14:43:00,355.87,355.87,355.87,355.87,0.0,129.24,46713.13,0
2024-02-11,2024-02-11 14:44:00,355.87,355.88,355.87,355.88,0.0,129.24,46713.13,1
2024-02-11,2024-02-11 14:45:00,355.88,355.89,355.88,355.89,0.0,129.24,46713.13,1
2024-02-11,2024-02-11 14:46:00,355.89,355.9,355.89,355.9,0.0,129.24,46713.13,1
2024-02-11,2024-02-11 14:47:00,355.9,355.9,355.9,355.9,0.0,129.24,46713.13,0
2024-02-11,2024-02-11 14:48:00,355.9,355.91,355.9,355.91,0.0,129.24,46713.13,1
2024-02-11,2024-02-11 14:49:00,355.91,355.92,355.91,355.92,0.0,129.24,46713.13,1
2024-02-11,2024-02-11 14:50:00,355.92,355.93,355.92,355.93,0.0,129.24,46713.13,1
2024-02-11,2024-02-11 14:51:00,355.93,355.94,355.93,355.94,0.0,129.24,46713.13,1
2024-02-11,2024-02-11 14:52:00,355.94,355.94,355.94,355.94,0.0,129.24,46713.13,0
2024-02-11,2024-02-11 14:53:00,355.94,355.95,355.94,355.95,0.0,129.24,46713.13,1
2024-02-11,2024-02-11 14:54:00,355.95,355.96,355.95,355.96,0.0,129.24,46713.13,1
2024-02-11,2024-02-11 14:55:00,355.96,355.97,355.96,355.97,0.0,129.24,46713.13,1
2024-02-11,2024-02-11 14:56:00,355.97,355.98,355.97,355.98,0.0,129.24,46713.13,1
2024-02-11,2024-02-11 14:57:00,355.98,355.98,355.98,355.98,0.0,129.24,46713.13,0
2024-02-11,2024-02-11 14:58:00,355.98,355.99,355.98,355.99,0.0,129.24,46713.13,1
2024-02-11,2024-02-11 14:59:00,355.99,356.0,355.99,356.0,0.0,129.24,46713.13,1
2024-02-11,2024-02-11 15:00:00,356.0,369.3,354.1,356.0,0.0,129.24,46713.13,0
2024-02-12,2024-02-12 11:00:00,363.1,364.63,359.47,363.12,0.01,161.18,58519.5,1
2024-02-12,2024-02-12 11:01:00,363.12,363.14,363.12,363.14,0.01,161.18,58519.5,1
2024-02-12,2024-02-12 11:02:00,363.14,363.16,363.14,363.16,0.01,161.18,58519.5,1
2024-02-12,2024-02-12 11:03:00,363.16,363.18,363.16,363.18,0.01,161.18,58519.5,1
2024-02-12,2024-02-12 11:04:00,363.18,363.2,363.18,363.2,0.01,161.18,58519.5,1
2024-02-12,2024-02-12 11:05:00,363.2,363.22,363.2,363.22,0.01,161.18,58519.5,1
2024-02-12,2024-02-12 11:06:00,363.22,363.24,363.22,363.24,0.01,161.18,58519.5,1
2024-02-12,2024-02-12 11:07:00,363.24,363.26,363.24,363.26,0.01,161.18,58519.5,1
2024-02-12,2024-02-12 11:08:00,363.26,363.28,363.26,363.28,0.01,161.18,58519.5,1
2024-02-12,2024-02-12 11:09:00,363.28,363.3,363.28,363.3,0.01,161.18,58519.5,1
2024-02-12,2024-02-12 11:10:00,363.3,363.32,363.3,363.32,0.01,161.18,58519.5,1
2024-02-12,2024-02-12 11:11:00,363.32,363.35,363.32,363.35,0.01,161.18,58519.5,1
2024-02-12,2024-02-12 11:12:00,363.35,363.37,363.35,363.37,0.01,161.18,58519.5,1
2024-02-12,2024-02-12 11:13:00,363.37,363.39,363.37,363.39,0.01,161.18,58519.5,1
2024-02-12,2024-02-12 11:14:00,363.39,363.41,363.39,363.41,0.01,161.18,58519.5,1
2024-02-12,2024-02-12 11:15:00,363.41,363.43,363.41,363.43,0.01,161.18,58519.5,1
2024-02-12,2024-02-12 11:16:00,363.43,363.45,363.43,363.45,0.01,161.18,58519.5,1
2024-02-12,2024-02-12 11:17:00,363.45,363.47,363.45,363.47,0.01,161.18,58519.5,1
2024-02-12,2024-02-12 11:18:00,363.47,363.49,363.47,363.49,0.01,161.18,58519.5,1
2024-02-12,2024-02-12 11:19:00,363.49,363.51,363.49,363.51,0.01,161.18,58519.5,1
2024-02-12,2024-02-12 11:20:00,363.51,363.53,363.51,363.53,0.01,161.18,58519.5,1
2024-02-12,2024-02-12 11:21:00,363.53,363.55,363.53,363.55,0.01,161.18,58519.5,1
2024-02-12,2024-02-12 11:22:00,363.55,363.57,363.55,363.57,0.01,161.18,58519.5,1
2024-02-12,2024-02-12 11:23:00,363.57,363.59,363.57,363.59,0.01,161.18,58519.5,1
2024-02-12,2024-02-12 11:24:00,363.59,363.61,363.59,363.61,0.01,161.18,58519.5,1
2024-02-12,2024-02-12 11:25:00,363.61,363.63,363.61,363.63,0.01,161.18,58519.5,1
2024-02-12,2024-02-12 11:26:00,363.63,363.65,363.63,363.65,0.01,161.18,58519.5,1
2024-02-12,2024-02-12 11:27:00,363.65,363.67,363.65,363.67,0.01,161.18,58519.5,1
2024-02-12,2024-02-12 11:28:00,363.67,363.69,363.67,363.69,0.01,161.18,58519.5,1
2024-02-12,2024-02-12 11:29:00,363.69,363.71,363.69,363.71,0.01,161.18,58519.5,1
2024-02-12,2024-02-12 11:30:00,363.71,363.73,363.71,363.73,0.01,161.18,58519.5,1
2024-02-12,2024-02-12 11:31:00,363.73,363.75,363.73,363.75,0.01,161.18,58519.5,1
2024-02-12,2024-02-12 11:32:00,363.75,363.77,363.75,363.77,0.01,161.18,58519.5,1
2024-02-12,2024-02-12 11:33:00,363.77,363.79,363.77,363.79,0.01,161.18,58519.5,1
2024-02-12,2024-02-12 11:34:00,363.79,363.81,363.79,363.81,0.01,161.18,58519.5,1
2024-02-12,2024-02-12 11:35:00,363.81,363.84,363.81,363.84,0.01,161.18,58519.5,1
2024-02-12,2024-02-12 11:36:00,363.84,363.86,363.84,363.86,0.01,161.18,58519.5,1
2024-02-12,2024-02-12 11:37:00,363.86,363.88,363.86,363.88,0.01,161.18,58519.5,1
2024-02-12,2024-02-12 11:38:00,363.88,363.9,363.88,363.9,0.01,161.18,58519.5,1
2024-02-12,2024-02-12 11:39:00,363.9,363.92,363.9,363.92,0.01,161.18,58519.5,1
2024-02-12,2024-02-12 11:40:00,363.92,363.94,363.92,363.94,0.01,161.18,58519.5,1
2024-02-12,2024-02-12 11:41:00,363.94,363.96,363.94,363.96,0.01,161.18,58519.5,1
2024-02-12,2024-02-12 11:42:00,363.96,363.98,363.96,363.98,0.01,161.18,58519.5,1
2024-02-12,2024-02-12 11:43:00,363.98,364.0,363.98,364.0,0.01,161.18,58519.5,1
2024-02-12,2024-02-12 11:44:00,364.0,364.02,364.0,364.02,0.01,161.18,58519.5,1
2024-02-12,2024-02-12 11:45:00,364.02,364.04,364.02,364.04,0.01,161.18,58519.5,1
2024-02-12,2024-02-12 11:46:00,364.04,364.06,364.04,364.06,0.01,161.18,58519.5,1
2024-02-12,2024-02-12 11:47:00,364.06,364.08,364.06,364.08,0.01,161.18,58519.5,1
2024-02-12,2024-02-12 11:48:00,364.08,364.1,364.08,364.1,0.01,161.18,58519.5,1
2024-02-12,2024-02-12 11:49:00,364.1,364.12,364.1,364.12,0.01,161.18,58519.5,1
2024-02-12,2024-02-12 11:50:00,364.12,364.14,364.12,364.14,0.01,161.18,58519.5,1
2024-02-12,2024-02-12 11:51:00,364.14,364.16,364.14,364.16,0.01,161.18,58519.5,1
2024-02-12,2024-02-12 11:52:00,364.16,364.18,364.16,364.18,0.01,161.18,58519.5,1
2024-02-12,2024-02-12 11:53:00,364.18,364.2,364.18,364.2,0.01,161.18,58519.5,1
2024-02-12,2024-02-12 11:54:00,364.2,364.22,364.2,364.22,0.01,161.18,58519.5,1
2024-02-12,2024-02-12 11:55:00,364.22,364.24,364.22,364.24,0.01,161.18,58519.5,1
2024-02-12,2024-02-12 11:56:00,364.24,364.26,364.24,364.26,0.01,161.18,58519.5,1
2024-02-12,2024-02-12 11:57:00,364.26,364.28,364.26,364.28,0.01,161.18,58519.5,1
2024-02-12,2024-02-12 11:58:00,364.28,364.3,364.28,364.3,0.01,161.18,58519.5,1
2024-02-12,2024-02-12 11:59:00,364.3,364.33,364.3,364.33,0.01,161.18,58519.5,1
2024-02-12,2024-02-12 12:00:00,364.33,364.35,364.33,364.35,0.01,161.18,58519.5,1
2024-02-12,2024-02-12 12:01:00,364.35,364.37,364.35,364.37,0.01,161.18,58519.5,1
2024-02-12,2024-02-12 12:02:00,364.37,364.39,364.37,364.39,0.01,161.18,58519.5,1
2024-02-12,2024-02-12 12:03:00,364.39,364.41,364.39,364.41,0.01,161.18,58519.5,1
2024-02-12,2024-02-12 12:04:00,364.41,364.43,364.41,364.43,0.01,161.18,58519.5,1
2024-02-12,2024-02-12 12:05:00,364.43,364.45,364.43,364.45,0.01,161.18,58519.5,1
2024-02-12,2024-02-12 12:06:00,364.45,364.47,364.45,364.47,0.01,161.18,58519.5,1
2024-02-12,2024-02-12 12:07:00,364.47,364.49,364.47,364.49,0.01,161.18,58519.5,1
2024-02-12,2024-02-12 12:08:00,364.49,364.51,364.49,364.51,0.01,161.18,58519.5,1
2024-02-12,2024-02-12 12:09:00,364.51,364.53,364.51,364.53,0.01,161.18,58519.5,1
2024-02-12,2024-02-12 12:10:00,364.53,364.55,364.53,364.55,0.01,161.18,58519.5,1
2024-02-12,2024-02-12 12:11:00,364.55,364.57,364.55,364.57,0.01,161.18,58519.5,1
2024-02-12,2024-02-12 12:12:00,364.57,364.59,364.57,364.59,0.01,161.18,58519.5,1
2024-02-12,2024-02-12 12:13:00,364.59,364.61,364.59,364.61,0.01,161.18,58519.5,1
2024-02-12,2024-02-12 12:14:00,364.61,364.63,364.61,364.63,0.01,161.18,58519.5,1
2024-02-12,2024-02-12 12:15:00,364.63,364.65,364.63,364.65,0.01,161.18,58519.5,1
2024-02-12,2024-02-12 12:16:00,364.65,364.67,364.65,364.67,0.01,161.18,58519.5,1
2024-02-12,2024-02-12 12:17:00,364.67,364.69,364.67,364.69,0.01,161.18,58519.5,1
2024-02-12,2024-02-12 12:18:00,364.69,364.71,364.69,364.71,0.01,161.18,58519.5,1
2024-02-12,2024-02-12 12:19:00,364.71,364.73,364.71,364.73,0.01,161.18,58519.5,1
2024-02-12,2024-02-12 12:20:00,364.73,364.75,364.73,364.75,0.01,161.18,58519.5,1
2024-02-12,2024-02-12 12:21:00,364.75,364.77,364.75,364.77,0.01,161.18,58519.5,1
2024-02-12,2024-02-12 12:22:00,364.77,364.79,364.77,364.79,0.01,161.18,58519.5,1
2024-02-12,2024-02-12 12:23:00,364.79,364.81,364.79,364.81,0.01,161.18,58519.5,1
2024-02-12,2024-02-12 12:24:00,364.81,364.84,364.81,364.84,0.01,161.18,58519.5,1
2024-02-12,2024-02-12 12:25:00,364.84,364.86,364.84,364.86,0.01,161.18,58519.5,1
2024-02-12,2024-02-12 12:26:00,364.86,364.88,364.86,364.88,0.01,161.18,58519.5,1
2024-02-12,2024-02-12 12:27:00,364.88,364.9,364.88,364.9,0.01,161.18,58519.5,1
2024-02-12,2024-02-12 12:28:00,364.9,364.92,364.9,364.92,0.01,161.18,58519.5,1
2024-02-12,2024-02-12 12:29:00,364.92,364.94,364.92,364.94,0.01,161.18,58519.5,1
2024-02-12,2024-02-12 12:30:00,364.94,364.96,364.94,364.96,0.01,161.18,58519.5,1
2024-02-12,2024-02-12 12:31:00,364.96,364.98,364.96,364.98,0.01,161.18,58519.5,1
2024-02-12,2024-02-12 12:32:00,364.98,365.0,364.98,365.0,0.01,161.18,58519.5,1
2024-02-12,2024-02-12 12:33:00,365.0,365.02,365.0,365.02,0.01,161.18,58519.5,1
2024-02-12,2024-02-12 12:34:00,365.02,365.04,365.02,365.04,0.01,161.18,58519.5,1
2024-02-12,2024-02-12 12:35:00,365.04,365.06,365.04,365.06,0.01,161.18,58519.5,1
2024-02-12,2024-02-12 12:36:00,365.06,365.08,365.06,365.08,0.01,161.18,58519.5,1
2024-02-12,2024-02-12 12:37:00,365.08,365.1,365.08,365.1,0.01,161.18,58519.5,1
2024-02-12,2024-02-12 12:38:00,365.1,365.12,365.1,365.12,0.01,161.18,58519.5,1
2024-02-12,2024-02-12 12:39:00,365.12,365.14,365.12,365.14,0.01,161.18,58519.5,1
2024-02-12,2024-02-12 12:40:00,365.14,365.16,365.14,365.16,0.01,161.18,58519.5,1
2024-02-12,2024-02-12 12:41:00,365.16,365.18,365.16,365.18,0.01,161.18,58519.5,1
2024-02-12,2024-02-12 12:42:00,365.18,365.2,365.18,365.2,0.01,161.18,58519.5,1
2024-02-12,2024-02-12 12:43:00,365.2,365.22,365.2,365.22,0.01,161.18,58519.5,1
2024-02-12,2024-02-12 12:44:00,365.22,365.24,365.22,365.24,0.01,161.18,58519.5,1
2024-02-12,2024-02-12 12:45:00,365.24,365.26,365.24,365.26,0.01,161.18,58519.5,1
2024-02-12,2024-02-12 12:46:00,365.26,365.28,365.26,365.28,0.01,161.18,58519.5,1
2024-02-12,2024-02-12 12:47:00,365.28,365.31,365.28,365.31,0.01,161.18,58519.5,1
2024-02-12,2024-02-12 12:48:00,365.31,365.33,365.31,365.33,0.01,161.18,58519.5,1
2024-02-12,2024-02-12 12:49:00,365.33,365.35,365.33,365.35,0.01,161.18,58519.5,1
2024-02-12,2024-02-12 12:50:00,365.35,365.37,365.35,365.37,0.01,161.18,58519.5,1
2024-02-12,2024-02-12 12:51:00,365.37,365.39,365.37,365.39,0.01,161.18,58519.5,1
2024-02-12,2024-02-12 12:52:00,365.39,365.41,365.39,365.41,0.01,161.18,58519.5,1
2024-02-12,2024-02-12 12:53:00,365.41,365.43,365.41,365.43,0.01,161.18,58519.5,1
2024-02-12,2024-02-12 12:54:00,365.43,365.45,365.43,365.45,0.01,161.18,58519.5,1
2024-02-12,2024-02-12 12:55:00,365.45,365.47,365.45,365.47,0.01,161.18,58519.5,1
2024-02-12,2024-02-12 12:56:00,365.47,365.49,365.47,365.49,0.01,161.18,58519.5,1
2024-02-12,2024-02-12 12:57:00,365.49,365.51,365.49,365.51,0.01,161.18,58519.5,1
2024-02-12,2024-02-12 12:58:00,365.51,365.53,365.51,365.53,0.01,161.18,58519.5,1
2024-02-12,2024-02-12 12:59:00,365.53,365.55,365.53,365.55,0.01,161.18,58519.5,1
2024-02-12,2024-02-12 13:00:00,365.55,368.2,351.0,365.57,0.01,161.18,58519.5,1
2024-02-12,2024-02-12 13:01:00,365.57,365.59,365.57,365.59,0.01,161.18,58519.5,1
2024-02-12,2024-02-12 13:02:00,365.59,365.61,365.59,365.61,0.01,161.18,58519.5,1
2024-02-12,2024-02-12 13:03:00,365.61,365.63,365.61,365.63,0.01,161.18,58519.5,1
2024-02-12,2024-02-12 13:04:00,365.63,365.65,365.63,365.65,0.01,161.18,58519.5,1
2024-02-12,2024-02-12 13:05:00,365.65,365.67,365.65,365.67,0.01,161.18,58519.5,1
2024-02-12,2024-02-12 13:06:00,365.67,365.69,365.67,365.69,0.01,161.18,58519.5,1
2024-02-12,2024-02-12 13:07:00,365.69,365.71,365.69,365.71,0.01,161.18,58519.5,1
2024-02-12,2024-02-12 13:08:00,365.71,365.73,365.71,365.73,0.01,161.18,58519.5,1
2024-02-12,2024-02-12 13:09:00,365.73,365.75,365.73,365.75,0.01,161.18,58519.5,1
2024-02-12,2024-02-12 13:10:00,365.75,365.77,365.75,365.77,0.01,161.18,58519.5,1
2024-02-12,2024-02-12 13:11:00,365.77,365.8,365.77,365.8,0.01,161.18,58519.5,1
2024-02-12,2024-02-12 13:12:00,365.8,365.82,365.8,365.82,0.01,161.18,58519.5,1
2024-02-12,2024-02-12 13:13:00,365.82,365.84,365.82,365.84,0.01,161.18,58519.5,1
2024-02-12,2024-02-12 13:14:00,365.84,365.86,365.84,365.86,0.01,161.18,58519.5,1
2024-02-12,2024-02-12 13:15:00,365.86,365.88,365.86,365.88,0.01,161.18,58519.5,1
2024-02-12,2024-02-12 13:16:00,365.88,365.9,365.88,365.9,0.01,161.18,58519.5,1
2024-02-12,2024-02-12 13:17:00,365.9,365.92,365.9,365.92,0.01,161.18,58519.5,1
2024-02-12,2024-02-12 13:18:00,365.92,365.94,365.92,365.94,0.01,161.18,58519.5,1
2024-02-12,2024-02-12 13:19:00,365.94,365.96,365.94,365.96,0.01,161.18,58519.5,1
2024-02-12,2024-02-12 13:20:00,365.96,365.98,365.96,365.98,0.01,161.18,58519.5,1
2024-02-12,2024-02-12 13:21:00,365.98,366.0,365.98,366.0,0.01,161.18,58519.5,1
2024-02-12,2024-02-12 13:22:00,366.0,366.02,366.0,366.02,0.01,161.18,58519.5,1
2024-02-12,2024-02-12 13:23:00,366.02,366.04,366.02,366.04,0.01,161.18,58519.5,1
2024-02-12,2024-02-12 13:24:00,366.04,366.06,366.04,366.06,0.01,161.18,58519.5,1
2024-02-12,2024-02-12 13:25:00,366.06,366.08,366.06,366.08,0.01,161.18,58519.5,1
2024-02-12,2024-02-12 13:26:00,366.08,366.1,366.08,366.1,0.01,161.18,58519.5,1
2024-02-12,2024-02-12 13:27:00,366.1,366.12,366.1,366.12,0.01,161.18,58519.5,1
2024-02-12,2024-02-12 13:28:00,366.12,366.14,366.12,366.14,0.01,161.18,58519.5,1
2024-02-12,2024-02-12 13:29:00,366.14,366.16,366.14,366.16,0.01,161.18,58519.5,1
2024-02-12,2024-02-12 13:30:00,366.16,366.18,366.16,366.18,0.01,161.18,58519.5,1
2024-02-12,2024-02-12 13:31:00,366.18,366.2,366.18,366.2,0.01,161.18,58519.5,1
2024-02-12,2024-02-12 13:32:00,366.2,366.22,366.2,366.22,0.01,161.18,58519.5,1
2024-02-12,2024-02-12 13:33:00,366.22,366.24,366.22,366.24,0.01,161.18,58519.5,1
2024-02-12,2024-02-12 13:34:00,366.24,366.26,366.24,366.26,0.01,161.18,58519.5,1
2024-02-12,2024-02-12 13:35:00,366.26,366.29,366.26,366.29,0.01,161.18,58519.5,1
2024-02-12,2024-02-12 13:36:00,366.29,366.31,366.29,366.31,0.01,161.18,58519.5,1
2024-02-12,2024-02-12 13:37:00,366.31,366.33,366.31,366.33,0.01,161.18,58519.5,1
2024-02-12,2024-02-12 13:38:00,366.33,366.35,366.33,366.35,0.01,161.18,58519.5,1
2024-02-12,2024-02-12 13:39:00,366.35,366.37,366.35,366.37,0.01,161.18,58519.5,1
2024-02-12,2024-02-12 13:40:00,366.37,366.39,366.37,366.39,0.01,161.18,58519.5,1
2024-02-12,2024-02-12 13:41:00,366.39,366.41,366.39,366.41,0.01,161.18,58519.5,1
2024-02-12,2024-02-12 13:42:00,366.41,366.43,366.41,366.43,0.01,161.18,58519.5,1
2024-02-12,2024-02-12 13:43:00,366.43,366.45,366.43,366.45,0.01,161.18,58519.5,1
2024-02-12,2024-02-12 13:44:00,366.45,366.47,366.45,366.47,0.01,161.18,58519.5,1
2024-02-12,2024-02-12 13:45:00,366.47,366.49,366.47,366.49,0.01,161.18,58519.5,1
2024-02-12,2024-02-12 13:46:00,366.49,366.51,366.49,366.51,0.01,161.18,58519.5,1
2024-02-12,2024-02-12 13:47:00,366.51,366.53,366.51,366.53,0.01,161.18,58519.5,1
2024-02-12,2024-02-12 13:48:00,366.53,366.55,366.53,366.55,0.01,161.18,58519.5,1
2024-02-12,2024-02-12 13:49:00,366.55,366.57,366.55,366.57,0.01,161.18,58519.5,1
2024-02-12,2024-02-12 13:50:00,366.57,366.59,366.57,366.59,0.01,161.18,58519.5,1
2024-02-12,2024-02-12 13:51:00,366.59,366.61,366.59,366.61,0.01,161.18,58519.5,1
2024-02-12,2024-02-12 13:52:00,366.61,366.63,366.61,366.63,0.01,161.18,58519.5,1
2024-02-12,2024-02-12 13:53:00,366.63,366.65,366.63,366.65,0.01,161.18,58519.5,1
2024-02-12,2024-02-12 13:54:00,366.65,366.67,366.65,366.67,0.01,161.18,58519.5,1
2024-02-12,2024-02-12 13:55:00,366.67,366.69,366.67,366.69,0.01,161.18,58519.5,1
2024-02-12,2024-02-12 13:56:00,366.69,366.71,366.69,366.71,0.01,161.18,58519.5,1
2024-02-12,2024-02-12 13:57:00,366.71,366.73,366.71,366.73,0.01,161.18,58519.5,1
2024-02-12,2024-02-12 13:58:00,366.73,366.75,366.73,366.75,0.01,161.18,58519.5,1
2024-02-12,2024-02-12 13:59:00,366.75,366.77,366.75,366.77,0.01,161.18,58519.5,1
2024-02-12,2024-02-12 14:00:00,366.77,366.8,366.77,366.8,0.01,161.18,58519.5,1
2024-02-12,2024-02-12 14:01:00,366.8,366.82,366.8,366.82,0.01,161.18,58519.5,1
2024-02-12,2024-02-12 14:02:00,366.82,366.84,366.82,366.84,0.01,161.18,58519.5,1
2024-02-12,2024-02-12 14:03:00,366.84,366.86,366.84,366.86,0.01,161.18,58519.5,1
2024-02-12,2024-02-12 14:04:00,366.86,366.88,366.86,366.88,0.01,161.18,58519.5,1
2024-02-12,2024-02-12 14:05:00,366.88,366.9,366.88,366.9,0.01,161.18,58519.5,1
2024-02-12,2024-02-12 14:06:00,366.9,366.92,366.9,366.92,0.01,161.18,58519.5,1
2024-02-12,2024-02-12 14:07:00,366.92,366.94,366.92,366.94,0.01,161.18,58519.5,1
2024-02-12,2024-02-12 14:08:00,366.94,366.96,366.94,366.96,0.01,161.18,58519.5,1
2024-02-12,2024-02-12 14:09:00,366.96,366.98,366.96,366.98,0.01,161.18,58519.5,1
2024-02-12,2024-02-12 14:10:00,366.98,367.0,366.98,367.0,0.01,161.18,58519.5,1
2024-02-12,2024-02-12 14:11:00,367.0,367.02,367.0,367.02,0.01,161.18,58519.5,1
2024-02-12,2024-02-12 14:12:00,367.02,367.04,367.02,367.04,0.01,161.18,58519.5,1
2024-02-12,2024-02-12 14:13:00,367.04,367.06,367.04,367.06,0.01,161.18,58519.5,1
2024-02-12,2024-02-12 14:14:00,367.06,367.08,367.06,367.08,0.01,161.18,58519.5,1
2024-02-12,2024-02-12 14:15:00,367.08,367.1,367.08,367.1,0.01,161.18,58519.5,1
2024-02-12,2024-02-12 14:16:00,367.1,367.12,367.1,367.12,0.01,161.18,58519.5,1
2024-02-12,2024-02-12 14:17:00,367.12,367.14,367.12,367.14,0.01,161.18,58519.5,1
2024-02-12,2024-02-12 14:18:00,367.14,367.16,367.14,367.16,0.01,161.18,58519.5,1
2024-02-12,2024-02-12 14:19:00,367.16,367.18,367.16,367.18,0.01,161.18,58519.5,1
2024-02-12,2024-02-12 14:20:00,367.18,367.2,367.18,367.2,0.01,161.18,58519.5,1
2024-02-12,2024-02-12 14:21:00,367.2,367.22,367.2,367.22,0.01,161.18,58519.5,1
2024-02-12,2024-02-12 14:22:00,367.22,367.24,367.22,367.24,0.01,161.18,58519.5,1
2024-02-12,2024-02-12 14:23:00,367.24,367.26,367.24,367.26,0.01,161.18,58519.5,1
2024-02-12,2024-02-12 14:24:00,367.26,367.29,367.26,367.29,0.01,161.18,58519.5,1
2024-02-12,2024-02-12 14:25:00,367.29,367.31,367.29,367.31,0.01,161.18,58519.5,1
2024-02-12,2024-02-12 14:26:00,367.31,367.33,367.31,367.33,0.01,161.18,58519.5,1
2024-02-12,2024-02-12 14:27:00,367.33,367.35,367.33,367.35,0.01,161.18,58519.5,1
2024-02-12,2024-02-12 14:28:00,367.35,367.37,367.35,367.37,0.01,161.18,58519.5,1
2024-02-12,2024-02-12 14:29:00,367.37,367.39,367.37,367.39,0.01,161.18,58519.5,1
2024-02-12,2024-02-12 14:30:00,367.39,367.41,367.39,367.41,0.01,161.18,58519.5,1
2024-02-12,2024-02-12 14:31:00,367.41,367.43,367.41,367.43,0.01,161.18,58519.5,1
2024-02-12,2024-02-12 14:32:00,367.43,367.45,367.43,367.45,0.01,161.18,58519.5,1
2024-02-12,2024-02-12 14:33:00,367.45,367.47,367.45,367.47,0.01,161.18,58519.5,1
2024-02-12,2024-02-12 14:34:00,367.47,367.49,367.47,367.49,0.01,161.18,58519.5,1
2024-02-12,2024-02-12 14:35:00,367.49,367.51,367.49,367.51,0.01,161.18,58519.5,1
2024-02-12,2024-02-12 14:36:00,367.51,367.53,367.51,367.53,0.01,161.18,58519.5,1
2024-02-12,2024-02-12 14:37:00,367.53,367.55,367.53,367.55,0.01,161.18,58519.5,1
2024-02-12,2024-02-12 14:38:00,367.55,367.57,367.55,367.57,0.01,161.18,58519.5,1
2024-02-12,2024-02-12 14:39:00,367.57,367.59,367.57,367.59,0.01,161.18,58519.5,1
2024-02-12,2024-02-12 14:40:00,367.59,367.61,367.59,367.61,0.01,161.18,58519.5,1
2024-02-12,2024-02-12 14:41:00,367.61,367.63,367.61,367.63,0.01,161.18,58519.5,1
2024-02-12,2024-02-12 14:42:00,367.63,367.65,367.63,367.65,0.01,161.18,58519.5,1
2024-02-12,2024-02-12 14:43:00,367.65,367.67,367.65,367.67,0.01,161.18,58519.5,1
2024-02-12,2024-02-12 14:44:00,367.67,367.69,367.67,367.69,0.01,161.18,58519.5,1
2024-02-12,2024-02-12 14:45:00,367.69,367.71,367.69,367.71,0.01,161.18,58519.5,1
2024-02-12,2024-02-12 14:46:00,367.71,367.73,367.71,367.73,0.01,161.18,58519.5,1
2024-02-12,2024-02-12 14:47:00,367.73,367.75,367.73,367.75,0.01,161.18,58519.5,1
2024-02-12,2024-02-12 14:48:00,367.75,367.78,367.75,367.78,0.01,161.18,58519.5,1
2024-02-12,2024-02-12 14:49:00,367.78,367.8,367.78,367.8,0.01,161.18,58519.5,1
2024-02-12,2024-02-12 14:50:00,367.8,367.82,367.8,367.82,0.01,161.18,58519.5,1
2024-02-12,2024-02-12 14:51:00,367.82,367.84,367.82,367.84,0.01,161.18,58519.5,1
2024-02-12,2024-02-12 14:52:00,367.84,367.86,367.84,367.86,0.01,161.18,58519.5,1
2024-02-12,2024-02-12 14:53:00,367.86,367.88,367.86,367.88,0.01,161.18,58519.5,1
2024-02-12,2024-02-12 14:54:00,367.88,367.9,367.88,367.9,0.01,161.18,58519.5,1
2024-02-12,2024-02-12 14:55:00,367.9,367.92,367.9,367.92,0.01,161.18,58519.5,1
2024-02-12,2024-02-12 14:56:00,367.92,367.94,367.92,367.94,0.01,161.18,58519.5,1
2024-02-12,2024-02-12 14:57:00,367.94,367.96,367.94,367.96,0.01,161.18,58519.5,1
2024-02-12,2024-02-12 14:58:00,367.96,367.98,367.96,367.98,0.01,161.18,58519.5,1
2024-02-12,2024-02-12 14:59:00,367.98,368.0,367.98,368.0,0.01,161.18,58519.5,1
2024-02-12,2024-02-12 15:00:00,368.0,368.2,351.0,368.0,0.0,161.18,58519.5,0
2024-02-13,2024-02-13 11:00:00,371.0,375.5,365.54,371.0,0.0,387.07,145031.73,0
2024-02-13,2024-02-13 11:01:00,371.0,371.0,371.0,371.0,0.0,387.07,145031.73,0
2024-02-13,2024-02-13 11:02:00,371.0,371.01,371.0,371.01,0.0,387.07,145031.73,1
2024-02-13,2024-02-13 11:03:00,371.01,371.01,371.01,371.01,0.0,387.07,145031.73,0
2024-02-13,2024-02-13 11:04:00,371.01,371.01,371.01,371.01,0.0,387.07,145031.73,0
2024-02-13,2024-02-13 11:05:00,371.01,371.01,371.01,371.01,0.0,387.07,145031.73,0
2024-02-13,2024-02-13 11:06:00,371.01,371.01,371.01,371.01,0.0,387.07,145031.73,0
2024-02-13,2024-02-13 11:07:00,371.01,371.02,371.01,371.02,0.0,387.07,145031.73,1
2024-02-13,2024-02-13 11:08:00,371.02,371.02,371.02,371.02,0.0,387.07,145031.73,0
2024-02-13,2024-02-13 11:09:00,371.02,371.02,371.02,371.02,0.0,387.07,145031.73,0
2024-02-13,2024-02-13 11:10:00,371.02,371.02,371.02,371.02,0.0,387.07,145031.73,0
2024-02-13,2024-02-13 11:11:00,371.02,371.02,371.02,371.02,0.0,387.07,145031.73,0
2024-02-13,2024-02-13 11:12:00,371.02,371.03,371.02,371.03,0.0,387.07,145031.73,1
2024-02-13,2024-02-13 11:13:00,371.03,371.03,371.03,371.03,0.0,387.07,145031.73,0
2024-02-13,2024-02-13 11:14:00,371.03,371.03,371.03,371.03,0.0,387.07,145031.73,0
2024-02-13,2024-02-13 11:15:00,371.03,371.03,371.03,371.03,0.0,387.07,145031.73,0
2024-02-13,2024-02-13 11:16:00,371.03,371.04,371.03,371.04,0.0,387.07,145031.73,1
2024-02-13,2024-02-13 11:17:00,371.04,371.04,371.04,371.04,0.0,387.07,145031.73,0
2024-02-13,2024-02-13 11:18:00,371.04,371.04,371.04,371.04,0.0,387.07,145031.73,0
2024-02-13,2024-02-13 11:19:00,371.04,371.04,371.04,371.04,0.0,387.07,145031.73,0
2024-02-13,2024-02-13 11:20:00,371.04,371.04,371.04,371.04,0.0,387.07,145031.73,0
2024-02-13,2024-02-13 11:21:00,371.04,371.05,371.04,371.05,0.0,387.07,145031.73,1
2024-02-13,2024-02-13 11:22:00,371.05,371.05,371.05,371.05,0.0,387.07,145031.73,0
2024-02-13,2024-02-13 11:23:00,371.05,371.05,371.05,371.05,0.0,387.07,145031.73,0
2024-02-13,2024-02-13 11:24:00,371.05,371.05,371.05,371.05,0.0,387.07,145031.73,0
2024-02-13,2024-02-13 11:25:00,371.05,371.05,371.05,371.05,0.0,387.07,145031.73,0
2024-02-13,2024-02-13 11:26:00,371.05,371.06,371.05,371.06,0.0,387.07,145031.73,1
2024-02-13,2024-02-13 11:27:00,371.06,371.06,371.06,371.06,0.0,387.07,145031.73,0
2024-02-13,2024-02-13 11:28:00,371.06,371.06,371.06,371.06,0.0,387.07,145031.73,0
2024-02-13,2024-02-13 11:29:00,371.06,371.06,371.06,371.06,0.0,387.07,145031.73,0
2024-02-13,2024-02-13 11:30:00,371.06,371.06,371.06,371.06,0.0,387.07,145031.73,0
2024-02-13,2024-02-13 11:31:00,371.06,371.07,371.06,371.07,0.0,387.07,145031.73,1
2024-02-13,2024-02-13 11:32:00,371.07,371.07,371.07,371.07,0.0,387.07,145031.73,0
2024-02-13,2024-02-13 11:33:00,371.07,371.07,371.07,371.07,0.0,387.07,145031.73,0
2024-02-13,2024-02-13 11:34:00,371.07,371.07,371.07,371.07,0.0,387.07,145031.73,0
2024-02-13,2024-02-13 11:35:00,371.07,371.07,371.07,371.07,0.0,387.07,145031.73,0
2024-02-13,2024-02-13 11:36:00,371.07,371.08,371.07,371.08,0.0,387.07,145031.73,1
2024-02-13,2024-02-13 11:37:00,371.08,371.08,371.08,371.08,0.0,387.07,145031.73,0
2024-02-13,2024-02-13 11:38:00,371.08,371.08,371.08,371.08,0.0,387.07,145031.73,0
2024-02-13,2024-02-13 11:39:00,371.08,371.08,371.08,371.08,0.0,387.07,145031.73,0
2024-02-13,2024-02-13 11:40:00,371.08,371.09,371.08,371.09,0.0,387.07,145031.73,1
2024-02-13,2024-02-13 11:41:00,371.09,371.09,371.09,371.09,0.0,387.07,145031.73,0
2024-02-13,2024-02-13 11:42:00,371.09,371.09,371.09,371.09,0.0,387.07,145031.73,0
2024-02-13,2024-02-13 11:43:00,371.09,371.09,371.09,371.09,0.0,387.07,145031.73,0
2024-02-13,2024-02-13 11:44:00,371.09,371.09,371.09,371.09,0.0,387.07,145031.73,0
2024-02-13,2024-02-13 11:45:00,371.09,371.1,371.09,371.1,0.0,387.07,145031.73,1
2024-02-13,2024-02-13 11:46:00,371.1,371.1,371.1,371.1,0.0,387.07,145031.73,0
2024-02-13,2024-02-13 11:47:00,371.1,371.1,371.1,371.1,0.0,387.07,145031.73,0
2024-02-13,2024-02-13 11:48:00,371.1,371.1,371.1,371.1,0.0,387.07,145031.73,0
2024-02-13,2024-02-13 11:49:00,371.1,371.1,371.1,371.1,0.0,387.07,145031.73,0
2024-02-13,2024-02-13 11:50:00,371.1,371.11,371.1,371.11,0.0,387.07,145031.73,1
2024-02-13,2024-02-13 11:51:00,371.11,371.11,371.11,371.11,0.0,387.07,145031.73,0
2024-02-13,2024-02-13 11:52:00,371.11,371.11,371.11,371.11,0.0,387.07,145031.73,0
2024-02-13,2024-02-13 11:53:00,371.11,371.11,371.11,371.11,0.0,387.07,145031.73,0
2024-02-13,2024-02-13 11:54:00,371.11,371.11,371.11,371.11,0.0,387.07,145031.73,0
2024-02-13,2024-02-13 11:55:00,371.11,371.12,371.11,371.12,0.0,387.07,145031.73,1
2024-02-13,2024-02-13 11:56:00,371.12,371.12,371.12,371.12,0.0,387.07,145031.73,0
2024-02-13,2024-02-13 11:57:00,371.12,371.12,371.12,371.12,0.0,387.07,145031.73,0
2024-02-13,2024-02-13 11:58:00,371.12,371.12,371.12,371.12,0.0,387.07,145031.73,0
2024-02-13,2024-02-13 11:59:00,371.12,371.12,371.12,371.12,0.0,387.07,145031.73,0
2024-02-13,2024-02-13 12:00:00,371.12,371.13,371.12,371.13,0.0,387.07,145031.73,1
2024-02-13,2024-02-13 12:01:00,371.13,371.13,371.13,371.13,0.0,387.07,145031.73,0
2024-02-13,2024-02-13 12:02:00,371.13,371.13,371.13,371.13,0.0,387.07,145031.73,0
2024-02-13,2024-02-13 12:03:00,371.13,371.13,371.13,371.13,0.0,387.07,145031.73,0
2024-02-13,2024-02-13 12:04:00,371.13,371.14,371.13,371.14,0.0,387.07,145031.73,1
2024-02-13,2024-02-13 12:05:00,371.14,371.14,371.14,371.14,0.0,387.07,145031.73,0
2024-02-13,2024-02-13 12:06:00,371.14,371.14,371.14,371.14,0.0,387.07,145031.73,0
2024-02-13,2024-02-13 12:07:00,371.14,371.14,371.14,371.14,0.0,387.07,145031.73,0
2024-02-13,2024-02-13 12:08:00,371.14,371.14,371.14,371.14,0.0,387.07,145031.73,0
2024-02-13,2024-02-13 12:09:00,371.14,371.15,371.14,371.15,0.0,387.07,145031.73,1
2024-02-13,2024-02-13 12:10:00,371.15,371.15,371.15,371.15,0.0,387.07,145031.73,0
2024-02-13,2024-02-13 12:11:00,371.15,371.15,371.15,371.15,0.0,387.07,145031.73,0
2024-02-13,2024-02-13 12:12:00,371.15,371.15,371.15,371.15,0.0,387.07,145031.73,0
2024-02-13,2024-02-13 12:13:00,371.15,371.15,371.15,371.15,0.0,387.07,145031.73,0
2024-02-13,2024-02-13 12:14:00,371.15,371.16,371.15,371.16,0.0,387.07,145031.73,1
2024-02-13,2024-02-13 12:15:00,371.16,371.16,371.16,371.16,0.0,387.07,145031.73,0
2024-02-13,2024-02-13 12:16:00,371.16,371.16,371.16,371.16,0.0,387.07,145031.73,0
2024-02-13,2024-02-13 12:17:00,371.16,371.16,371.16,371.16,0.0,387.07,145031.73,0
2024-02-13,2024-02-13 12:18:00,371.16,371.16,371.16,371.16,0.0,387.07,145031.73,0
2024-02-13,2024-02-13 12:19:00,371.16,371.17,371.16,371.17,0.0,387.07,145031.73,1
2024-02-13,2024-02-13 12:20:00,371.17,371.17,371.17,371.17,0.0,387.07,145031.73,0
2024-02-13,2024-02-13 12:21:00,371.17,371.17,371.17,371.17,0.0,387.07,145031.73,0
2024-02-13,2024-02-13 12:22:00,371.17,371.17,371.17,371.17,0.0,387.07,145031.73,0
2024-02-13,2024-02-13 12:23:00,371.17,371.18,371.17,371.18,0.0,387.07,145031.73,1
2024-02-13,2024-02-13 12:24:00,371.18,371.18,371.18,371.18,0.0,387.07,145031.73,0
2024-02-13,2024-02-13 12:25:00,371.18,371.18,371.18,371.18,0.0,387.07,145031.73,0
2024-02-13,2024-02-13 12:26:00,371.18,371.18,371.18,371.18,0.0,387.07,145031.73,0
2024-02-13,2024-02-13 12:27:00,371.18,371.18,371.18,371.18,0.0,387.07,145031.73,0
2024-02-13,2024-02-13 12:28:00,371.18,371.19,371.18,371.19,0.0,387.07,145031.73,1
2024-02-13,2024-02-13 12:29:00,371.19,371.19,371.19,371.19,0.0,387.07,145031.73,0
2024-02-13,2024-02-13 12:30:00,371.19,371.19,371.19,371.19,0.0,387.07,145031.73,0
2024-02-13,2024-02-13 12:31:00,371.19,371.19,371.19,371.19,0.0,387.07,145031.73,0
2024-02-13,2024-02-13 12:32:00,371.19,371.19,371.19,371.19,0.0,387.07,145031.73,0
2024-02-13,2024-02-13 12:33:00,371.19,371.2,371.19,371.2,0.0,387.07,145031.73,1
2024-02-13,2024-02-13 12:34:00,371.2,371.2,371.2,371.2,0.0,387.07,145031.73,0
2024-02-13,2024-02-13 12:35:00,371.2,371.2,371.2,371.2,0.0,387.07,145031.73,0
2024-02-13,2024-02-13 12:36:00,371.2,371.2,371.2,371.2,0.0,387.07,145031.73,0
2024-02-13,2024-02-13 12:37:00,371.2,371.2,371.2,371.2,0.0,387.07,145031.73,0
2024-02-13,2024-02-13 12:38:00,371.2,371.21,371.2,371.21,0.0,387.07,145031.73,1
2024-02-13,2024-02-13 12:39:00,371.21,371.21,371.21,371.21,0.0,387.07,145031.73,0
2024-02-13,2024-02-13 12:40:00,371.21,371.21,371.21,371.21,0.0,387.07,145031.73,0
2024-02-13,2024-02-13 12:41:00,371.21,371.21,371.21,371.21,0.0,387.07,145031.73,0
2024-02-13,2024-02-13 12:42:00,371.21,371.21,371.21,371.21,0.0,387.07,145031.73,0
2024-02-13,2024-02-13 12:43:00,371.21,371.22,371.21,371.22,0.0,387.07,145031.73,1
2024-02-13,2024-02-13 12:44:00,371.22,371.22,371.22,371.22,0.0,387.07,145031.73,0
2024-02-13,2024-02-13 12:45:00,371.22,371.22,371.22,371.22,0.0,387.07,145031.73,0
2024-02-13,2024-02-13 12:46:00,371.22,371.22,371.22,371.22,0.0,387.07,145031.73,0
2024-02-13,2024-02-13 12:47:00,371.22,371.23,371.22,371.23,0.0,387.07,145031.73,1
2024-02-13,2024-02-13 12:48:00,371.23,371.23,371.23,371.23,0.0,387.07,145031.73,0
2024-02-13,2024-02-13 12:49:00,371.23,371.23,371.23,371.23,0.0,387.07,145031.73,0
2024-02-13,2024-02-13 12:50:00,371.23,371.23,371.23,371.23,0.0,387.07,145031.73,0
2024-02-13,2024-02-13 12:51:00,371.23,371.23,371.23,371.23,0.0,387.07,145031.73,0
2024-02-13,2024-02-13 12:52:00,371.23,371.24,371.23,371.24,0.0,387.07,145031.73,1
2024-02-13,2024-02-13 12:53:00,371.24,371.24,371.24,371.24,0.0,387.07,145031.73,0
2024-02-13,2024-02-13 12:54:00,371.24,371.24,371.24,371.24,0.0,387.07,145031.73,0
2024-02-13,2024-02-13 12:55:00,371.24,371.24,371.24,371.24,0.0,387.07,145031.73,0
2024-02-13,2024-02-13 12:56:00,371.24,371.24,371.24,371.24,0.0,387.07,145031.73,0
2024-02-13,2024-02-13 12:57:00,371.24,371.25,371.24,371.25,0.0,387.07,145031.73,1
2024-02-13,2024-02-13 12:58:00,371.25,371.25,371.25,371.25,0.0,387.07,145031.73,0
2024-02-13,2024-02-13 12:59:00,371.25,371.25,371.25,371.25,0.0,387.07,145031.73,0
2024-02-13,2024-02-13 13:00:00,371.25,386.0,352.8,371.25,0.0,387.07,145031.73,0
2024-02-13,2024-02-13 13:01:00,371.25,371.25,371.25,371.25,0.0,387.07,145031.73,0
2024-02-13,2024-02-13 13:02:00,371.25,371.26,371.25,371.26,0.0,387.07,145031.73,1
2024-02-13,2024-02-13 13:03:00,371.26,371.26,371.26,371.26,0.0,387.07,145031.73,0
2024-02-13,2024-02-13 13:04:00,371.26,371.26,371.26,371.26,0.0,387.07,145031.73,0
2024-02-13,2024-02-13 13:05:00,371.26,371.26,371.26,371.26,0.0,387.07,145031.73,0
2024-02-13,2024-02-13 13:06:00,371.26,371.26,371.26,371.26,0.0,387.07,145031.73,0
2024-02-13,2024-02-13 13:07:00,371.26,371.27,371.26,371.27,0.0,387.07,145031.73,1
2024-02-13,2024-02-13 13:08:00,371.27,371.27,371.27,371.27,0.0,387.07,145031.73,0
2024-02-13,2024-02-13 13:09:00,371.27,371.27,371.27,371.27,0.0,387.07,145031.73,0
2024-02-13,2024-02-13 13:10:00,371.27,371.27,371.27,371.27,0.0,387.07,145031.73,0
2024-02-13,2024-02-13 13:11:00,371.27,371.27,371.27,371.27,0.0,387.07,145031.73,0
2024-02-13,2024-02-13 13:12:00,371.27,371.28,371.27,371.28,0.0,387.07,145031.73,1
2024-02-13,2024-02-13 13:13:00,371.28,371.28,371.28,371.28,0.0,387.07,145031.73,0
2024-02-13,2024-02-13 13:14:00,371.28,371.28,371.28,371.28,0.0,387.07,145031.73,0
2024-02-13,2024-02-13 13:15:00,371.28,371.28,371.28,371.28,0.0,387.07,145031.73,0
2024-02-13,2024-02-13 13:16:00,371.28,371.29,371.28,371.29,0.0,387.07,145031.73,1
2024-02-13,2024-02-13 13:17:00,371.29,371.29,371.29,371.29,0.0,387.07,145031.73,0
2024-02-13,2024-02-13 13:18:00,371.29,371.29,371.29,371.29,0.0,387.07,145031.73,0
2024-02-13,2024-02-13 13:19:00,371.29,371.29,371.29,371.29,0.0,387.07,145031.73,0
2024-02-13,2024-02-13 13:20:00,371.29,371.29,371.29,371.29,0.0,387.07,145031.73,0
2024-02-13,2024-02-13 13:21:00,371.29,371.3,371.29,371.3,0.0,387.07,145031.73,1
2024-02-13,2024-02-13 13:22:00,371.3,371.3,371.3,371.3,0.0,387.07,145031.73,0
2024-02-13,2024-02-13 13:23:00,371.3,371.3,371.3,371.3,0.0,387.07,145031.73,0
2024-02-13,2024-02-13 13:24:00,371.3,371.3,371.3,371.3,0.0,387.07,145031.73,0
2024-02-13,2024-02-13 13:25:00,371.3,371.3,371.3,371.3,0.0,387.07,145031.73,0
2024-02-13,2024-02-13 13:26:00,371.3,371.31,371.3,371.31,0.0,387.07,145031.73,1
2024-02-13,2024-02-13 13:27:00,371.31,371.31,371.31,371.31,0.0,387.07,145031.73,0
2024-02-13,2024-02-13 13:28:00,371.31,371.31,371.31,371.31,0.0,387.07,145031.73,0
2024-02-13,2024-02-13 13:29:00,371.31,371.31,371.31,371.31,0.0,387.07,145031.73,0
2024-02-13,2024-02-13 13:30:00,371.31,371.31,371.31,371.31,0.0,387.07,145031.73,0
2024-02-13,2024-02-13 13:31:00,371.31,371.32,371.31,371.32,0.0,387.07,145031.73,1
2024-02-13,2024-02-13 13:32:00,371.32,371.32,371.32,371.32,0.0,387.07,145031.73,0
2024-02-13,2024-02-13 13:33:00,371.32,371.32,371.32,371.32,0.0,387.07,145031.73,0
2024-02-13,2024-02-13 13:34:00,371.32,371.32,371.32,371.32,0.0,387.07,145031.73,0
2024-02-13,2024-02-13 13:35:00,371.32,371.32,371.32,371.32,0.0,387.07,145031.73,0
2024-02-13,2024-02-13 13:36:00,371.32,371.33,371.32,371.33,0.0,387.07,145031.73,1
2024-02-13,2024-02-13 13:37:00,371.33,371.33,371.33,371.33,0.0,387.07,145031.73,0
2024-02-13,2024-02-13 13:38:00,371.33,371.33,371.33,371.33,0.0,387.07,145031.73,0
2024-02-13,2024-02-13 13:39:00,371.33,371.33,371.33,371.33,0.0,387.07,145031.73,0
2024-02-13,2024-02-13 13:40:00,371.33,371.34,371.33,371.34,0.0,387.07,145031.73,1
2024-02-13,2024-02-13 13:41:00,371.34,371.34,371.34,371.34,0.0,387.07,145031.73,0
2024-02-13,2024-02-13 13:42:00,371.34,371.34,371.34,371.34,0.0,387.07,145031.73,0
2024-02-13,2024-02-13 13:43:00,371.34,371.34,371.34,371.34,0.0,387.07,145031.73,0
2024-02-13,2024-02-13 13:44:00,371.34,371.34,371.34,371.34,0.0,387.07,145031.73,0
2024-02-13,2024-02-13 13:45:00,371.34,371.35,371.34,371.35,0.0,387.07,145031.73,1
2024-02-13,2024-02-13 13:46:00,371.35,371.35,371.35,371.35,0.0,387.07,145031.73,0
2024-02-13,2024-02-13 13:47:00,371.35,371.35,371.35,371.35,0.0,387.07,145031.73,0
2024-02-13,2024-02-13 13:48:00,371.35,371.35,371.35,371.35,0.0,387.07,145031.73,0
2024-02-13,2024-02-13 13:49:00,371.35,371.35,371.35,371.35,0.0,387.07,145031.73,0
2024-02-13,2024-02-13 13:50:00,371.35,371.36,371.35,371.36,0.0,387.07,145031.73,1
2024-02-13,2024-02-13 13:51:00,371.36,371.36,371.36,371.36,0.0,387.07,145031.73,0
2024-02-13,2024-02-13 13:52:00,371.36,371.36,371.36,371.36,0.0,387.07,145031.73,0
2024-02-13,2024-02-13 13:53:00,371.36,371.36,371.36,371.36,0.0,387.07,145031.73,0
2024-02-13,2024-02-13 13:54:00,371.36,371.36,371.36,371.36,0.0,387.07,145031.73,0
2024-02-13,2024-02-13 13:55:00,371.36,371.37,371.36,371.37,0.0,387.07,145031.73,1
2024-02-13,2024-02-13 13:56:00,371.37,371.37,371.37,371.37,0.0,387.07,145031.73,0
2024-02-13,2024-02-13 13:57:00,371.37,371.37,371.37,371.37,0.0,387.07,145031.73,0
2024-02-13,2024-02-13 13:58:00,371.37,371.37,371.37,371.37,0.0,387.07,145031.73,0
2024-02-13,2024-02-13 13:59:00,371.37,371.38,371.37,371.38,0.0,387.07,145031.73,1
2024-02-13,2024-02-13 14:00:00,371.38,371.38,371.38,371.38,0.0,387.07,145031.73,0
2024-02-13,2024-02-13 14:01:00,371.38,371.38,371.38,371.38,0.0,387.07,145031.73,0
2024-02-13,2024-02-13 14:02:00,371.38,371.38,371.38,371.38,0.0,387.07,145031.73,0
2024-02-13,2024-02-13 14:03:00,371.38,371.38,371.38,371.38,0.0,387.07,145031.73,0
2024-02-13,2024-02-13 14:04:00,371.38,371.39,371.38,371.39,0.0,387.07,145031.73,1
2024-02-13,2024-02-13 14:05:00,371.39,371.39,371.39,371.39,0.0,387.07,145031.73,0
2024-02-13,2024-02-13 14:06:00,371.39,371.39,371.39,371.39,0.0,387.07,145031.73,0
2024-02-13,2024-02-13 14:07:00,371.39,371.39,371.39,371.39,0.0,387.07,145031.73,0
2024-02-13,2024-02-13 14:08:00,371.39,371.39,371.39,371.39,0.0,387.07,145031.73,0
2024-02-13,2024-02-13 14:09:00,371.39,371.4,371.39,371.4,0.0,387.07,145031.73,1
2024-02-13,2024-02-13 14:10:00,371.4,371.4,371.4,371.4,0.0,387.07,145031.73,0
2024-02-13,2024-02-13 14:11:00,371.4,371.4,371.4,371.4,0.0,387.07,145031.73,0
2024-02-13,2024-02-13 14:12:00,371.4,371.4,371.4,371.4,0.0,387.07,145031.73,0
2024-02-13,2024-02-13 14:13:00,371.4,371.4,371.4,371.4,0.0,387.07,145031.73,0
2024-02-13,2024-02-13 14:14:00,371.4,371.41,371.4,371.41,0.0,387.07,145031.73,1
2024-02-13,2024-02-13 14:15:00,371.41,371.41,371.41,371.41,0.0,387.07,145031.73,0
2024-02-13,2024-02-13 14:16:00,371.41,371.41,371.41,371.41,0.0,387.07,145031.73,0
2024-02-13,2024-02-13 14:17:00,371.41,371.41,371.41,371.41,0.0,387.07,145031.73,0
2024-02-13,2024-02-13 14:18:00,371.41,371.41,371.41,371.41,0.0,387.07,145031.73,0
2024-02-13,2024-02-13 14:19:00,371.41,371.42,371.41,371.42,0.0,387.07,145031.73,1
2024-02-13,2024-02-13 14:20:00,371.42,371.42,371.42,371.42,0.0,387.07,145031.73,0
2024-02-13,2024-02-13 14:21:00,371.42,371.42,371.42,371.42,0.0,387.07,145031.73,0
2024-02-13,2024-02-13 14:22:00,371.42,371.42,371.42,371.42,0.0,387.07,145031.73,0
2024-02-13,2024-02-13 14:23:00,371.42,371.43,371.42,371.43,0.0,387.07,145031.73,1
2024-02-13,2024-02-13 14:24:00,371.43,371.43,371.43,371.43,0.0,387.07,145031.73,0
2024-02-13,2024-02-13 14:25:00,371.43,371.43,371.43,371.43,0.0,387.07,145031.73,0
2024-02-13,2024-02-13 14:26:00,371.43,371.43,371.43,371.43,0.0,387.07,145031.73,0
2024-02-13,2024-02-13 14:27:00,371.43,371.43,371.43,371.43,0.0,387.07,145031.73,0
2024-02-13,2024-02-13 14:28:00,371.43,371.44,371.43,371.44,0.0,387.07,145031.73,1
2024-02-13,2024-02-13 14:29:00,371.44,371.44,371.44,371.44,0.0,387.07,145031.73,0
2024-02-13,2024-02-13 14:30:00,371.44,371.44,371.44,371.44,0.0,387.07,145031.73,0
2024-02-13,2024-02-13 14:31:00,371.44,371.44,371.44,371.44,0.0,387.07,145031.73,0
2024-02-13,2024-02-13 14:32:00,371.44,371.44,371.44,371.44,0.0,387.07,145031.73,0
2024-02-13,2024-02-13 14:33:00,371.44,371.45,371.44,371.45,0.0,387.07,145031.73,1
2024-02-13,2024-02-13 14:34:00,371.45,371.45,371.45,371.45,0.0,387.07,145031.73,0
2024-02-13,2024-02-13 14:35:00,371.45,371.45,371.45,371.45,0.0,387.07,145031.73,0
2024-02-13,2024-02-13 14:36:00,371.45,371.45,371.45,371.45,0.0,387.07,145031.73,0
2024-02-13,2024-02-13 14:37:00,371.45,371.45,371.45,371.45,0.0,387.07,145031.73,0
2024-02-13,2024-02-13 14:38:00,371.45,371.46,371.45,371.46,0.0,387.07,145031.73,1
2024-02-13,2024-02-13 14:39:00,371.46,371.46,371.46,371.46,0.0,387.07,145031.73,0
2024-02-13,2024-02-13 14:40:00,371.46,371.46,371.46,371.46,0.0,387.07,145031.73,0
2024-02-13,2024-02-13 14:41:00,371.46,371.46,371.46,371.46,0.0,387.07,145031.73,0
2024-02-13,2024-02-13 14:42:00,371.46,371.46,371.46,371.46,0.0,387.07,145031.73,0
2024-02-13,2024-02-13 14:43:00,371.46,371.47,371.46,371.47,0.0,387.07,145031.73,1
2024-02-13,2024-02-13 14:44:00,371.47,371.47,371.47,371.47,0.0,387.07,145031.73,0
2024-02-13,2024-02-13 14:45:00,371.47,371.47,371.47,371.47,0.0,387.07,145031.73,0
2024-02-13,2024-02-13 14:46:00,371.47,371.47,371.47,371.47,0.0,387.07,145031.73,0
2024-02-13,2024-02-13 14:47:00,371.47,371.48,371.47,371.48,0.0,387.07,145031.73,1
2024-02-13,2024-02-13 14:48:00,371.48,371.48,371.48,371.48,0.0,387.07,145031.73,0
2024-02-13,2024-02-13 14:49:00,371.48,371.48,371.48,371.48,0.0,387.07,145031.73,0
2024-02-13,2024-02-13 14:50:00,371.48,371.48,371.48,371.48,0.0,387.07,145031.73,0
2024-02-13,2024-02-13 14:51:00,371.48,371.48,371.48,371.48,0.0,387.07,145031.73,0
2024-02-13,2024-02-13 14:52:00,371.48,371.49,371.48,371.49,0.0,387.07,145031.73,1
2024-02-13,2024-02-13 14:53:00,371.49,371.49,371.49,371.49,0.0,387.07,145031.73,0
2024-02-13,2024-02-13 14:54:00,371.49,371.49,371.49,371.49,0.0,387.07,145031.73,0
2024-02-13,2024-02-13 14:55:00,371.49,371.49,371.49,371.49,0.0,387.07,145031.73,0
2024-02-13,2024-02-13 14:56:00,371.49,371.49,371.49,371.49,0.0,387.07,145031.73,0
2024-02-13,2024-02-13 14:57:00,371.49,371.5,371.49,371.5,0.0,387.07,145031.73,1
2024-02-13,2024-02-13 14:58:00,371.5,371.5,371.5,371.5,0.0,387.07,145031.73,0
2024-02-13,2024-02-13 14:59:00,371.5,371.5,371.5,371.5,0.0,387.07,145031.73,0
2024-02-13,2024-02-13 15:00:00,371.5,386.0,352.8,371.5,0.0,387.07,145031.73,0
2024-02-14,2024-02-14 11:00:00,375.0,378.6,374.4,375.05,0.01,216.9,82663.91,1
2024-02-14,2024-02-14 11:01:00,375.05,375.1,375.05,375.1,0.01,216.9,82663.91,1
2024-02-14,2024-02-14 11:02:00,375.1,375.15,375.1,375.15,0.01,216.9,82663.91,1
2024-02-14,2024-02-14 11:03:00,375.15,375.2,375.15,375.2,0.01,216.9,82663.91,1
2024-02-14,2024-02-14 11:04:00,375.2,375.25,375.2,375.25,0.01,216.9,82663.91,1
2024-02-14,2024-02-14 11:05:00,375.25,375.3,375.25,375.3,0.01,216.9,82663.91,1
2024-02-14,2024-02-14 11:06:00,375.3,375.35,375.3,375.35,0.01,216.9,82663.91,1
2024-02-14,2024-02-14 11:07:00,375.35,375.4,375.35,375.4,0.01,216.9,82663.91,1
2024-02-14,2024-02-14 11:08:00,375.4,375.45,375.4,375.45,0.01,216.9,82663.91,1
2024-02-14,2024-02-14 11:09:00,375.45,375.5,375.45,375.5,0.01,216.9,82663.91,1
2024-02-14,2024-02-14 11:10:00,375.5,375.55,375.5,375.55,0.01,216.9,82663.91,1
2024-02-14,2024-02-14 11:11:00,375.55,375.6,375.55,375.6,0.01,216.9,82663.91,1
2024-02-14,2024-02-14 11:12:00,375.6,375.65,375.6,375.65,0.01,216.9,82663.91,1
2024-02-14,2024-02-14 11:13:00,375.65,375.7,375.65,375.7,0.01,216.9,82663.91,1
2024-02-14,2024-02-14 11:14:00,375.7,375.75,375.7,375.75,0.01,216.9,82663.91,1
2024-02-14,2024-02-14 11:15:00,375.75,375.8,375.75,375.8,0.01,216.9,82663.91,1
2024-02-14,2024-02-14 11:16:00,375.8,375.85,375.8,375.85,0.01,216.9,82663.91,1
2024-02-14,2024-02-14 11:17:00,375.85,375.9,375.85,375.9,0.01,216.9,82663.91,1
2024-02-14,2024-02-14 11:18:00,375.9,375.95,375.9,375.95,0.01,216.9,82663.91,1
2024-02-14,2024-02-14 11:19:00,375.95,376.0,375.95,376.0,0.01,216.9,82663.91,1
2024-02-14,2024-02-14 11:20:00,376.0,376.05,376.0,376.05,0.01,216.9,82663.91,1
2024-02-14,2024-02-14 11:21:00,376.05,376.1,376.05,376.1,0.01,216.9,82663.91,1
2024-02-14,2024-02-14 11:22:00,376.1,376.15,376.1,376.15,0.01,216.9,82663.91,1
2024-02-14,2024-02-14 11:23:00,376.15,376.2,376.15,376.2,0.01,216.9,82663.91,1
2024-02-14,2024-02-14 11:24:00,376.2,376.25,376.2,376.25,0.01,216.9,82663.91,1
2024-02-14,2024-02-14 11:25:00,376.25,376.3,376.25,376.3,0.01,216.9,82663.91,1
2024-02-14,2024-02-14 11:26:00,376.3,376.35,376.3,376.35,0.01,216.9,82663.91,1
2024-02-14,2024-02-14 11:27:00,376.35,376.4,376.35,376.4,0.01,216.9,82663.91,1
2024-02-14,2024-02-14 11:28:00,376.4,376.45,376.4,376.45,0.01,216.9,82663.91,1
2024-02-14,2024-02-14 11:29:00,376.45,376.5,376.45,376.5,0.01,216.9,82663.91,1
2024-02-14,2024-02-14 11:30:00,376.5,376.55,376.5,376.55,0.01,216.9,82663.91,1
2024-02-14,2024-02-14 11:31:00,376.55,376.6,376.55,376.6,0.01,216.9,82663.91,1
2024-02-14,2024-02-14 11:32:00,376.6,376.65,376.6,376.65,0.01,216.9,82663.91,1
2024-02-14,2024-02-14 11:33:00,376.65,376.7,376.65,376.7,0.01,216.9,82663.91,1
2024-02-14,2024-02-14 11:34:00,376.7,376.75,376.7,376.75,0.01,216.9,82663.91,1
2024-02-14,2024-02-14 11:35:00,376.75,376.8,376.75,376.8,0.01,216.9,82663.91,1
2024-02-14,2024-02-14 11:36:00,376.8,376.85,376.8,376.85,0.01,216.9,82663.91,1
2024-02-14,2024-02-14 11:37:00,376.85,376.9,376.85,376.9,0.01,216.9,82663.91,1
2024-02-14,2024-02-14 11:38:00,376.9,376.95,376.9,376.95,0.01,216.9,82663.91,1
2024-02-14,2024-02-14 11:39:00,376.95,377.0,376.95,377.0,0.01,216.9,82663.91,1
2024-02-14,2024-02-14 11:40:00,377.0,377.05,377.0,377.05,0.01,216.9,82663.91,1
2024-02-14,2024-02-14 11:41:00,377.05,377.1,377.05,377.1,0.01,216.9,82663.91,1
2024-02-14,2024-02-14 11:42:00,377.1,377.15,377.1,377.15,0.01,216.9,82663.91,1
2024-02-14,2024-02-14 11:43:00,377.15,377.2,377.15,377.2,0.01,216.9,82663.91,1
2024-02-14,2024-02-14 11:44:00,377.2,377.25,377.2,377.25,0.01,216.9,82663.91,1
2024-02-14,2024-02-14 11:45:00,377.25,377.3,377.25,377.3,0.01,216.9,82663.91,1
2024-02-14,2024-02-14 11:46:00,377.3,377.35,377.3,377.35,0.01,216.9,82663.91,1
2024-02-14,2024-02-14 11:47:00,377.35,377.4,377.35,377.4,0.01,216.9,82663.91,1
2024-02-14,2024-02-14 11:48:00,377.4,377.45,377.4,377.45,0.01,216.9,82663.91,1
2024-02-14,2024-02-14 11:49:00,377.45,377.5,377.45,377.5,0.01,216.9,82663.91,1
2024-02-14,2024-02-14 11:50:00,377.5,377.55,377.5,377.55,0.01,216.9,82663.91,1
2024-02-14,2024-02-14 11:51:00,377.55,377.6,377.55,377.6,0.01,216.9,82663.91,1
2024-02-14,2024-02-14 11:52:00,377.6,377.65,377.6,377.65,0.01,216.9,82663.91,1
2024-02-14,2024-02-14 11:53:00,377.65,377.7,377.65,377.7,0.01,216.9,82663.91,1
2024-02-14,2024-02-14 11:54:00,377.7,377.75,377.7,377.75,0.01,216.9,82663.91,1
2024-02-14,2024-02-14 11:55:00,377.75,377.8,377.75,377.8,0.01,216.9,82663.91,1
2024-02-14,2024-02-14 11:56:00,377.8,377.85,377.8,377.85,0.01,216.9,82663.91,1
2024-02-14,2024-02-14 11:57:00,377.85,377.9,377.85,377.9,0.01,216.9,82663.91,1
2024-02-14,2024-02-14 11:58:00,377.9,377.95,377.9,377.95,0.01,216.9,82663.91,1
2024-02-14,2024-02-14 11:59:00,377.95,378.0,377.95,378.0,0.01,216.9,82663.91,1
2024-02-14,2024-02-14 12:00:00,378.0,378.05,378.0,378.05,0.01,216.9,82663.91,1
2024-02-14,2024-02-14 12:01:00,378.05,378.1,378.05,378.1,0.01,216.9,82663.91,1
2024-02-14,2024-02-14 12:02:00,378.1,378.15,378.1,378.15,0.01,216.9,82663.91,1
2024-02-14,2024-02-14 12:03:00,378.15,378.2,378.15,378.2,0.01,216.9,82663.91,1
2024-02-14,2024-02-14 12:04:00,378.2,378.25,378.2,378.25,0.01,216.9,82663.91,1
2024-02-14,2024-02-14 12:05:00,378.25,378.3,378.25,378.3,0.01,216.9,82663.91,1
2024-02-14,2024-02-14 12:06:00,378.3,378.35,378.3,378.35,0.01,216.9,82663.91,1
2024-02-14,2024-02-14 12:07:00,378.35,378.4,378.35,378.4,0.01,216.9,82663.91,1
2024-02-14,2024-02-14 12:08:00,378.4,378.45,378.4,378.45,0.01,216.9,82663.91,1
2024-02-14,2024-02-14 12:09:00,378.45,378.5,378.45,378.5,0.01,216.9,82663.91,1
2024-02-14,2024-02-14 12:10:00,378.5,378.55,378.5,378.55,0.01,216.9,82663.91,1
2024-02-14,2024-02-14 12:11:00,378.55,378.6,378.55,378.6,0.01,216.9,82663.91,1
2024-02-14,2024-02-14 12:12:00,378.6,378.65,378.6,378.65,0.01,216.9,82663.91,1
2024-02-14,2024-02-14 12:13:00,378.65,378.7,378.65,378.7,0.01,216.9,82663.91,1
2024-02-14,2024-02-14 12:14:00,378.7,378.75,378.7,378.75,0.01,216.9,82663.91,1
2024-02-14,2024-02-14 12:15:00,378.75,378.8,378.75,378.8,0.01,216.9,82663.91,1
2024-02-14,2024-02-14 12:16:00,378.8,378.85,378.8,378.85,0.01,216.9,82663.91,1
2024-02-14,2024-02-14 12:17:00,378.85,378.9,378.85,378.9,0.01,216.9,82663.91,1
2024-02-14,2024-02-14 12:18:00,378.9,378.95,378.9,378.95,0.01,216.9,82663.91,1
2024-02-14,2024-02-14 12:19:00,378.95,379.0,378.95,379.0,0.01,216.9,82663.91,1
2024-02-14,2024-02-14 12:20:00,379.0,379.05,379.0,379.05,0.01,216.9,82663.91,1
2024-02-14,2024-02-14 12:21:00,379.05,379.1,379.05,379.1,0.01,216.9,82663.91,1
2024-02-14,2024-02-14 12:22:00,379.1,379.15,379.1,379.15,0.01,216.9,82663.91,1
2024-02-14,2024-02-14 12:23:00,379.15,379.2,379.15,379.2,0.01,216.9,82663.91,1
2024-02-14,2024-02-14 12:24:00,379.2,379.25,379.2,379.25,0.01,216.9,82663.91,1
2024-02-14,2024-02-14 12:25:00,379.25,379.3,379.25,379.3,0.01,216.9,82663.91,1
2024-02-14,2024-02-14 12:26:00,379.3,379.35,379.3,379.35,0.01,216.9,82663.91,1
2024-02-14,2024-02-14 12:27:00,379.35,379.4,379.35,379.4,0.01,216.9,82663.91,1
2024-02-14,2024-02-14 12:28:00,379.4,379.45,379.4,379.45,0.01,216.9,82663.91,1
2024-02-14,2024-02-14 12:29:00,379.45,379.5,379.45,379.5,0.01,216.9,82663.91,1
2024-02-14,2024-02-14 12:30:00,379.5,379.55,379.5,379.55,0.01,216.9,82663.91,1
2024-02-14,2024-02-14 12:31:00,379.55,379.6,379.55,379.6,0.01,216.9,82663.91,1
2024-02-14,2024-02-14 12:32:00,379.6,379.65,379.6,379.65,0.01,216.9,82663.91,1
2024-02-14,2024-02-14 12:33:00,379.65,379.7,379.65,379.7,0.01,216.9,82663.91,1
2024-02-14,2024-02-14 12:34:00,379.7,379.75,379.7,379.75,0.01,216.9,82663.91,1
2024-02-14,2024-02-14 12:35:00,379.75,379.8,379.75,379.8,0.01,216.9,82663.91,1
2024-02-14,2024-02-14 12:36:00,379.8,379.85,379.8,379.85,0.01,216.9,82663.91,1
2024-02-14,2024-02-14 12:37:00,379.85,379.9,379.85,379.9,0.01,216.9,82663.91,1
2024-02-14,2024-02-14 12:38:00,379.9,379.95,379.9,379.95,0.01,216.9,82663.91,1
2024-02-14,2024-02-14 12:39:00,379.95,380.0,379.95,380.0,0.01,216.9,82663.91,1
2024-02-14,2024-02-14 12:40:00,380.0,380.05,380.0,380.05,0.01,216.9,82663.91,1
2024-02-14,2024-02-14 12:41:00,380.05,380.1,380.05,380.1,0.01,216.9,82663.91,1
2024-02-14,2024-02-14 12:42:00,380.1,380.15,380.1,380.15,0.01,216.9,82663.91,1
2024-02-14,2024-02-14 12:43:00,380.15,380.2,380.15,380.2,0.01,216.9,82663.91,1
2024-02-14,2024-02-14 12:44:00,380.2,380.25,380.2,380.25,0.01,216.9,82663.91,1
2024-02-14,2024-02-14 12:45:00,380.25,380.3,380.25,380.3,0.01,216.9,82663.91,1
2024-02-14,2024-02-14 12:46:00,380.3,380.35,380.3,380.35,0.01,216.9,82663.91,1
2024-02-14,2024-02-14 12:47:00,380.35,380.4,380.35,380.4,0.01,216.9,82663.91,1
2024-02-14,2024-02-14 12:48:00,380.4,380.45,380.4,380.45,0.01,216.9,82663.91,1
2024-02-14,2024-02-14 12:49:00,380.45,380.5,380.45,380.5,0.01,216.9,82663.91,1
2024-02-14,2024-02-14 12:50:00,380.5,380.55,380.5,380.55,0.01,216.9,82663.91,1
2024-02-14,2024-02-14 12:51:00,380.55,380.6,380.55,380.6,0.01,216.9,82663.91,1
2024-02-14,2024-02-14 12:52:00,380.6,380.65,380.6,380.65,0.01,216.9,82663.91,1
2024-02-14,2024-02-14 12:53:00,380.65,380.7,380.65,380.7,0.01,216.9,82663.91,1
2024-02-14,2024-02-14 12:54:00,380.7,380.75,380.7,380.75,0.01,216.9,82663.91,1
2024-02-14,2024-02-14 12:55:00,380.75,380.8,380.75,380.8,0.01,216.9,82663.91,1
2024-02-14,2024-02-14 12:56:00,380.8,380.85,380.8,380.85,0.01,216.9,82663.91,1
2024-02-14,2024-02-14 12:57:00,380.85,380.9,380.85,380.9,0.01,216.9,82663.91,1
2024-02-14,2024-02-14 12:58:00,380.9,380.95,380.9,380.95,0.01,216.9,82663.91,1
2024-02-14,2024-02-14 12:59:00,380.95,381.0,380.95,381.0,0.01,216.9,82663.91,1
2024-02-14,2024-02-14 13:00:00,381.0,387.0,373.0,381.05,0.01,216.9,82663.91,1
2024-02-14,2024-02-14 13:01:00,381.05,381.1,381.05,381.1,0.01,216.9,82663.91,1
2024-02-14,2024-02-14 13:02:00,381.1,381.15,381.1,381.15,0.01,216.9,82663.91,1
2024-02-14,2024-02-14 13:03:00,381.15,381.2,381.15,381.2,0.01,216.9,82663.91,1
2024-02-14,2024-02-14 13:04:00,381.2,381.25,381.2,381.25,0.01,216.9,82663.91,1
2024-02-14,2024-02-14 13:05:00,381.25,381.3,381.25,381.3,0.01,216.9,82663.91,1
2024-02-14,2024-02-14 13:06:00,381.3,381.35,381.3,381.35,0.01,216.9,82663.91,1
2024-02-14,2024-02-14 13:07:00,381.35,381.4,381.35,381.4,0.01,216.9,82663.91,1
2024-02-14,2024-02-14 13:08:00,381.4,381.45,381.4,381.45,0.01,216.9,82663.91,1
2024-02-14,2024-02-14 13:09:00,381.45,381.5,381.45,381.5,0.01,216.9,82663.91,1
2024-02-14,2024-02-14 13:10:00,381.5,381.55,381.5,381.55,0.01,216.9,82663.91,1
2024-02-14,2024-02-14 13:11:00,381.55,381.6,381.55,381.6,0.01,216.9,82663.91,1
2024-02-14,2024-02-14 13:12:00,381.6,381.65,381.6,381.65,0.01,216.9,82663.91,1
2024-02-14,2024-02-14 13:13:00,381.65,381.7,381.65,381.7,0.01,216.9,82663.91,1
2024-02-14,2024-02-14 13:14:00,381.7,381.75,381.7,381.75,0.01,216.9,82663.91,1
2024-02-14,2024-02-14 13:15:00,381.75,381.8,381.75,381.8,0.01,216.9,82663.91,1
2024-02-14,2024-02-14 13:16:00,381.8,381.85,381.8,381.85,0.01,216.9,82663.91,1
2024-02-14,2024-02-14 13:17:00,381.85,381.9,381.85,381.9,0.01,216.9,82663.91,1
2024-02-14,2024-02-14 13:18:00,381.9,381.95,381.9,381.95,0.01,216.9,82663.91,1
2024-02-14,2024-02-14 13:19:00,381.95,382.0,381.95,382.0,0.01,216.9,82663.91,1
2024-02-14,2024-02-14 13:20:00,382.0,382.05,382.0,382.05,0.01,216.9,82663.91,1
2024-02-14,2024-02-14 13:21:00,382.05,382.1,382.05,382.1,0.01,216.9,82663.91,1
2024-02-14,2024-02-14 13:22:00,382.1,382.15,382.1,382.15,0.01,216.9,82663.91,1
2024-02-14,2024-02-14 13:23:00,382.15,382.2,382.15,382.2,0.01,216.9,82663.91,1
2024-02-14,2024-02-14 13:24:00,382.2,382.25,382.2,382.25,0.01,216.9,82663.91,1
2024-02-14,2024-02-14 13:25:00,382.25,382.3,382.25,382.3,0.01,216.9,82663.91,1
2024-02-14,2024-02-14 13:26:00,382.3,382.35,382.3,382.35,0.01,216.9,82663.91,1
2024-02-14,2024-02-14 13:27:00,382.35,382.4,382.35,382.4,0.01,216.9,82663.91,1
2024-02-14,2024-02-14 13:28:00,382.4,382.45,382.4,382.45,0.01,216.9,82663.91,1
2024-02-14,2024-02-14 13:29:00,382.45,382.5,382.45,382.5,0.01,216.9,82663.91,1
2024-02-14,2024-02-14 13:30:00,382.5,382.55,382.5,382.55,0.01,216.9,82663.91,1
2024-02-14,2024-02-14 13:31:00,382.55,382.6,382.55,382.6,0.01,216.9,82663.91,1
2024-02-14,2024-02-14 13:32:00,382.6,382.65,382.6,382.65,0.01,216.9,82663.91,1
2024-02-14,2024-02-14 13:33:00,382.65,382.7,382.65,382.7,0.01,216.9,82663.91,1
2024-02-14,2024-02-14 13:34:00,382.7,382.75,382.7,382.75,0.01,216.9,82663.91,1
2024-02-14,2024-02-14 13:35:00,382.75,382.8,382.75,382.8,0.01,216.9,82663.91,1
2024-02-14,2024-02-14 13:36:00,382.8,382.85,382.8,382.85,0.01,216.9,82663.91,1
2024-02-14,2024-02-14 13:37:00,382.85,382.9,382.85,382.9,0.01,216.9,82663.91,1
2024-02-14,2024-02-14 13:38:00,382.9,382.95,382.9,382.95,0.01,216.9,82663.91,1
2024-02-14,2024-02-14 13:39:00,382.95,383.0,382.95,383.0,0.01,216.9,82663.91,1
2024-02-14,2024-02-14 13:40:00,383.0,383.05,383.0,383.05,0.01,216.9,82663.91,1
2024-02-14,2024-02-14 13:41:00,383.05,383.1,383.05,383.1,0.01,216.9,82663.91,1
2024-02-14,2024-02-14 13:42:00,383.1,383.15,383.1,383.15,0.01,216.9,82663.91,1
2024-02-14,2024-02-14 13:43:00,383.15,383.2,383.15,383.2,0.01,216.9,82663.91,1
2024-02-14,2024-02-14 13:44:00,383.2,383.25,383.2,383.25,0.01,216.9,82663.91,1
2024-02-14,2024-02-14 13:45:00,383.25,383.3,383.25,383.3,0.01,216.9,82663.91,1
2024-02-14,2024-02-14 13:46:00,383.3,383.35,383.3,383.35,0.01,216.9,82663.91,1
2024-02-14,2024-02-14 13:47:00,383.35,383.4,383.35,383.4,0.01,216.9,82663.91,1
2024-02-14,2024-02-14 13:48:00,383.4,383.45,383.4,383.45,0.01,216.9,82663.91,1
2024-02-14,2024-02-14 13:49:00,383.45,383.5,383.45,383.5,0.01,216.9,82663.91,1
2024-02-14,2024-02-14 13:50:00,383.5,383.55,383.5,383.55,0.01,216.9,82663.91,1
2024-02-14,2024-02-14 13:51:00,383.55,383.6,383.55,383.6,0.01,216.9,82663.91,1
2024-02-14,2024-02-14 13:52:00,383.6,383.65,383.6,383.65,0.01,216.9,82663.91,1
2024-02-14,2024-02-14 13:53:00,383.65,383.7,383.65,383.7,0.01,216.9,82663.91,1
2024-02-14,2024-02-14 13:54:00,383.7,383.75,383.7,383.75,0.01,216.9,82663.91,1
2024-02-14,2024-02-14 13:55:00,383.75,383.8,383.75,383.8,0.01,216.9,82663.91,1
2024-02-14,2024-02-14 13:56:00,383.8,383.85,383.8,383.85,0.01,216.9,82663.91,1
2024-02-14,2024-02-14 13:57:00,383.85,383.9,383.85,383.9,0.01,216.9,82663.91,1
2024-02-14,2024-02-14 13:58:00,383.9,383.95,383.9,383.95,0.01,216.9,82663.91,1
2024-02-14,2024-02-14 13:59:00,383.95,384.0,383.95,384.0,0.01,216.9,82663.91,1
2024-02-14,2024-02-14 14:00:00,384.0,384.05,384.0,384.05,0.01,216.9,82663.91,1
2024-02-14,2024-02-14 14:01:00,384.05,384.1,384.05,384.1,0.01,216.9,82663.91,1
2024-02-14,2024-02-14 14:02:00,384.1,384.15,384.1,384.15,0.01,216.9,82663.91,1
2024-02-14,2024-02-14 14:03:00,384.15,384.2,384.15,384.2,0.01,216.9,82663.91,1
2024-02-14,2024-02-14 14:04:00,384.2,384.25,384.2,384.25,0.01,216.9,82663.91,1
2024-02-14,2024-02-14 14:05:00,384.25,384.3,384.25,384.3,0.01,216.9,82663.91,1
2024-02-14,2024-02-14 14:06:00,384.3,384.35,384.3,384.35,0.01,216.9,82663.91,1
2024-02-14,2024-02-14 14:07:00,384.35,384.4,384.35,384.4,0.01,216.9,82663.91,1
2024-02-14,2024-02-14 14:08:00,384.4,384.45,384.4,384.45,0.01,216.9,82663.91,1
2024-02-14,2024-02-14 14:09:00,384.45,384.5,384.45,384.5,0.01,216.9,82663.91,1
2024-02-14,2024-02-14 14:10:00,384.5,384.55,384.5,384.55,0.01,216.9,82663.91,1
2024-02-14,2024-02-14 14:11:00,384.55,384.6,384.55,384.6,0.01,216.9,82663.91,1
2024-02-14,2024-02-14 14:12:00,384.6,384.65,384.6,384.65,0.01,216.9,82663.91,1
2024-02-14,2024-02-14 14:13:00,384.65,384.7,384.65,384.7,0.01,216.9,82663.91,1
2024-02-14,2024-02-14 14:14:00,384.7,384.75,384.7,384.75,0.01,216.9,82663.91,1
2024-02-14,2024-02-14 14:15:00,384.75,384.8,384.75,384.8,0.01,216.9,82663.91,1
2024-02-14,2024-02-14 14:16:00,384.8,384.85,384.8,384.85,0.01,216.9,82663.91,1
2024-02-14,2024-02-14 14:17:00,384.85,384.9,384.85,384.9,0.01,216.9,82663.91,1
2024-02-14,2024-02-14 14:18:00,384.9,384.95,384.9,384.95,0.01,216.9,82663.91,1
2024-02-14,2024-02-14 14:19:00,384.95,385.0,384.95,385.0,0.01,216.9,82663.91,1
2024-02-14,2024-02-14 14:20:00,385.0,385.05,385.0,385.05,0.01,216.9,82663.91,1
2024-02-14,2024-02-14 14:21:00,385.05,385.1,385.05,385.1,0.01,216.9,82663.91,1
2024-02-14,2024-02-14 14:22:00,385.1,385.15,385.1,385.15,0.01,216.9,82663.91,1
2024-02-14,2024-02-14 14:23:00,385.15,385.2,385.15,385.2,0.01,216.9,82663.91,1
2024-02-14,2024-02-14 14:24:00,385.2,385.25,385.2,385.25,0.01,216.9,82663.91,1
2024-02-14,2024-02-14 14:25:00,385.25,385.3,385.25,385.3,0.01,216.9,82663.91,1
2024-02-14,2024-02-14 14:26:00,385.3,385.35,385.3,385.35,0.01,216.9,82663.91,1
2024-02-14,2024-02-14 14:27:00,385.35,385.4,385.35,385.4,0.01,216.9,82663.91,1
2024-02-14,2024-02-14 14:28:00,385.4,385.45,385.4,385.45,0.01,216.9,82663.91,1
2024-02-14,2024-02-14 14:29:00,385.45,385.5,385.45,385.5,0.01,216.9,82663.91,1
2024-02-14,2024-02-14 14:30:00,385.5,385.55,385.5,385.55,0.01,216.9,82663.91,1
2024-02-14,2024-02-14 14:31:00,385.55,385.6,385.55,385.6,0.01,216.9,82663.91,1
2024-02-14,2024-02-14 14:32:00,385.6,385.65,385.6,385.65,0.01,216.9,82663.91,1
2024-02-14,2024-02-14 14:33:00,385.65,385.7,385.65,385.7,0.01,216.9,82663.91,1
2024-02-14,2024-02-14 14:34:00,385.7,385.75,385.7,385.75,0.01,216.9,82663.91,1
2024-02-14,2024-02-14 14:35:00,385.75,385.8,385.75,385.8,0.01,216.9,82663.91,1
2024-02-14,2024-02-14 14:36:00,385.8,385.85,385.8,385.85,0.01,216.9,82663.91,1
2024-02-14,2024-02-14 14:37:00,385.85,385.9,385.85,385.9,0.01,216.9,82663.91,1
2024-02-14,2024-02-14 14:38:00,385.9,385.95,385.9,385.95,0.01,216.9,82663.91,1
2024-02-14,2024-02-14 14:39:00,385.95,386.0,385.95,386.0,0.01,216.9,82663.91,1
2024-02-14,2024-02-14 14:40:00,386.0,386.05,386.0,386.05,0.01,216.9,82663.91,1
2024-02-14,2024-02-14 14:41:00,386.05,386.1,386.05,386.1,0.01,216.9,82663.91,1
2024-02-14,2024-02-14 14:42:00,386.1,386.15,386.1,386.15,0.01,216.9,82663.91,1
2024-02-14,2024-02-14 14:43:00,386.15,386.2,386.15,386.2,0.01,216.9,82663.91,1
2024-02-14,2024-02-14 14:44:00,386.2,386.25,386.2,386.25,0.01,216.9,82663.91,1
2024-02-14,2024-02-14 14:45:00,386.25,386.3,386.25,386.3,0.01,216.9,82663.91,1
2024-02-14,2024-02-14 14:46:00,386.3,386.35,386.3,386.35,0.01,216.9,82663.91,1
2024-02-14,2024-02-14 14:47:00,386.35,386.4,386.35,386.4,0.01,216.9,82663.91,1
2024-02-14,2024-02-14 14:48:00,386.4,386.45,386.4,386.45,0.01,216.9,82663.91,1
2024-02-14,2024-02-14 14:49:00,386.45,386.5,386.45,386.5,0.01,216.9,82663.91,1
2024-02-14,2024-02-14 14:50:00,386.5,386.55,386.5,386.55,0.01,216.9,82663.91,1
2024-02-14,2024-02-14 14:51:00,386.55,386.6,386.55,386.6,0.01,216.9,82663.91,1
2024-02-14,2024-02-14 14:52:00,386.6,386.65,386.6,386.65,0.01,216.9,82663.91,1
2024-02-14,2024-02-14 14:53:00,386.65,386.7,386.65,386.7,0.01,216.9,82663.91,1
2024-02-14,2024-02-14 14:54:00,386.7,386.75,386.7,386.75,0.01,216.9,82663.91,1
2024-02-14,2024-02-14 14:55:00,386.75,386.8,386.75,386.8,0.01,216.9,82663.91,1
2024-02-14,2024-02-14 14:56:00,386.8,386.85,386.8,386.85,0.01,216.9,82663.91,1
2024-02-14,2024-02-14 14:57:00,386.85,386.9,386.85,386.9,0.01,216.9,82663.91,1
2024-02-14,2024-02-14 14:58:00,386.9,386.95,386.9,386.95,0.01,216.9,82663.91,1
2024-02-14,2024-02-14 14:59:00,386.95,387.0,386.95,387.0,0.01,216.9,82663.91,1
2024-02-14,2024-02-14 15:00:00,387.0,387.0,373.0,387.0,0.0,216.9,82663.91,0
2024-02-15,2024-02-15 11:00:00,390.0,395.1,390.0,390.05,0.01,289.45,115680.29,1
2024-02-15,2024-02-15 11:01:00,390.05,390.1,390.05,390.1,0.01,289.45,115680.29,1
2024-02-15,2024-02-15 11:02:00,390.1,390.15,390.1,390.15,0.01,289.45,115680.29,1
2024-02-15,2024-02-15 11:03:00,390.15,390.2,390.15,390.2,0.01,289.45,115680.29,1
2024-02-15,2024-02-15 11:04:00,390.2,390.25,390.2,390.25,0.01,289.45,115680.29,1
2024-02-15,2024-02-15 11:05:00,390.25,390.3,390.25,390.3,0.01,289.45,115680.29,1
2024-02-15,2024-02-15 11:06:00,390.3,390.35,390.3,390.35,0.01,289.45,115680.29,1
2024-02-15,2024-02-15 11:07:00,390.35,390.4,390.35,390.4,0.01,289.45,115680.29,1
2024-02-15,2024-02-15 11:08:00,390.4,390.45,390.4,390.45,0.01,289.45,115680.29,1
2024-02-15,2024-02-15 11:09:00,390.45,390.5,390.45,390.5,0.01,289.45,115680.29,1
2024-02-15,2024-02-15 11:10:00,390.5,390.55,390.5,390.55,0.01,289.45,115680.29,1
2024-02-15,2024-02-15 11:11:00,390.55,390.61,390.55,390.61,0.02,289.45,115680.29,1
2024-02-15,2024-02-15 11:12:00,390.61,390.66,390.61,390.66,0.01,289.45,115680.29,1
2024-02-15,2024-02-15 11:13:00,390.66,390.71,390.66,390.71,0.01,289.45,115680.29,1
2024-02-15,2024-02-15 11:14:00,390.71,390.76,390.71,390.76,0.01,289.45,115680.29,1
2024-02-15,2024-02-15 11:15:00,390.76,390.81,390.76,390.81,0.01,289.45,115680.29,1
2024-02-15,2024-02-15 11:16:00,390.81,390.86,390.81,390.86,0.01,289.45,115680.29,1
2024-02-15,2024-02-15 11:17:00,390.86,390.91,390.86,390.91,0.01,289.45,115680.29,1
2024-02-15,2024-02-15 11:18:00,390.91,390.96,390.91,390.96,0.01,289.45,115680.29,1
2024-02-15,2024-02-15 11:19:00,390.96,391.01,390.96,391.01,0.01,289.45,115680.29,1
2024-02-15,2024-02-15 11:20:00,391.01,391.06,391.01,391.06,0.01,289.45,115680.29,1
2024-02-15,2024-02-15 11:21:00,391.06,391.11,391.06,391.11,0.01,289.45,115680.29,1
2024-02-15,2024-02-15 11:22:00,391.11,391.16,391.11,391.16,0.01,289.45,115680.29,1
2024-02-15,2024-02-15 11:23:00,391.16,391.21,391.16,391.21,0.01,289.45,115680.29,1
2024-02-15,2024-02-15 11:24:00,391.21,391.26,391.21,391.26,0.01,289.45,115680.29,1
2024-02-15,2024-02-15 11:25:00,391.26,391.31,391.26,391.31,0.01,289.45,115680.29,1
2024-02-15,2024-02-15 11:26:00,391.31,391.36,391.31,391.36,0.01,289.45,115680.29,1
2024-02-15,2024-02-15 11:27:00,391.36,391.41,391.36,391.41,0.01,289.45,115680.29,1
2024-02-15,2024-02-15 11:28:00,391.41,391.46,391.41,391.46,0.01,289.45,115680.29,1
2024-02-15,2024-02-15 11:29:00,391.46,391.51,391.46,391.51,0.01,289.45,115680.29,1
2024-02-15,2024-02-15 11:30:00,391.51,391.56,391.51,391.56,0.01,289.45,115680.29,1
2024-02-15,2024-02-15 11:31:00,391.56,391.61,391.56,391.61,0.01,289.45,115680.29,1
2024-02-15,2024-02-15 11:32:00,391.61,391.66,391.61,391.66,0.01,289.45,115680.29,1
2024-02-15,2024-02-15 11:33:00,391.66,391.71,391.66,391.71,0.01,289.45,115680.29,1
2024-02-15,2024-02-15 11:34:00,391.71,391.76,391.71,391.76,0.01,289.45,115680.29,1
2024-02-15,2024-02-15 11:35:00,391.76,391.81,391.76,391.81,0.01,289.45,115680.29,1
2024-02-15,2024-02-15 11:36:00,391.81,391.87,391.81,391.87,0.02,289.45,115680.29,1
2024-02-15,2024-02-15 11:37:00,391.87,391.92,391.87,391.92,0.01,289.45,115680.29,1
2024-02-15,2024-02-15 11:38:00,391.92,391.97,391.92,391.97,0.01,289.45,115680.29,1
2024-02-15,2024-02-15 11:39:00,391.97,392.02,391.97,392.02,0.01,289.45,115680.29,1
2024-02-15,2024-02-15 11:40:00,392.02,392.07,392.02,392.07,0.01,289.45,115680.29,1
2024-02-15,2024-02-15 11:41:00,392.07,392.12,392.07,392.12,0.01,289.45,115680.29,1
2024-02-15,2024-02-15 11:42:00,392.12,392.17,392.12,392.17,0.01,289.45,115680.29,1
2024-02-15,2024-02-15 11:43:00,392.17,392.22,392.17,392.22,0.01,289.45,115680.29,1
2024-02-15,2024-02-15 11:44:00,392.22,392.27,392.22,392.27,0.01,289.45,115680.29,1
2024-02-15,2024-02-15 11:45:00,392.27,392.32,392.27,392.32,0.01,289.45,115680.29,1
2024-02-15,2024-02-15 11:46:00,392.32,392.37,392.32,392.37,0.01,289.45,115680.29,1
2024-02-15,2024-02-15 11:47:00,392.37,392.42,392.37,392.42,0.01,289.45,115680.29,1
2024-02-15,2024-02-15 11:48:00,392.42,392.47,392.42,392.47,0.01,289.45,115680.29,1
2024-02-15,2024-02-15 11:49:00,392.47,392.52,392.47,392.52,0.01,289.45,115680.29,1
2024-02-15,2024-02-15 11:50:00,392.52,392.57,392.52,392.57,0.01,289.45,115680.29,1
2024-02-15,2024-02-15 11:51:00,392.57,392.62,392.57,392.62,0.01,289.45,115680.29,1
2024-02-15,2024-02-15 11:52:00,392.62,392.67,392.62,392.67,0.01,289.45,115680.29,1
2024-02-15,2024-02-15 11:53:00,392.67,392.72,392.67,392.72,0.01,289.45,115680.29,1
2024-02-15,2024-02-15 11:54:00,392.72,392.77,392.72,392.77,0.01,289.45,115680.29,1
2024-02-15,2024-02-15 11:55:00,392.77,392.82,392.77,392.82,0.01,289.45,115680.29,1
2024-02-15,2024-02-15 11:56:00,392.82,392.87,392.82,392.87,0.01,289.45,115680.29,1
2024-02-15,2024-02-15 11:57:00,392.87,392.92,392.87,392.92,0.01,289.45,115680.29,1
2024-02-15,2024-02-15 11:58:00,392.92,392.97,392.92,392.97,0.01,289.45,115680.29,1
2024-02-15,2024-02-15 11:59:00,392.97,393.02,392.97,393.02,0.01,289.45,115680.29,1
2024-02-15,2024-02-15 12:00:00,393.02,393.08,393.02,393.08,0.02,289.45,115680.29,1
2024-02-15,2024-02-15 12:01:00,393.08,393.13,393.08,393.13,0.01,289.45,115680.29,1
2024-02-15,2024-02-15 12:02:00,393.13,393.18,393.13,393.18,0.01,289.45,115680.29,1
2024-02-15,2024-02-15 12:03:00,393.18,393.23,393.18,393.23,0.01,289.45,115680.29,1
2024-02-15,2024-02-15 12:04:00,393.23,393.28,393.23,393.28,0.01,289.45,115680.29,1
2024-02-15,2024-02-15 12:05:00,393.28,393.33,393.28,393.33,0.01,289.45,115680.29,1
2024-02-15,2024-02-15 12:06:00,393.33,393.38,393.33,393.38,0.01,289.45,115680.29,1
2024-02-15,2024-02-15 12:07:00,393.38,393.43,393.38,393.43,0.01,289.45,115680.29,1
2024-02-15,2024-02-15 12:08:00,393.43,393.48,393.43,393.48,0.01,289.45,115680.29,1
2024-02-15,2024-02-15 12:09:00,393.48,393.53,393.48,393.53,0.01,289.45,115680.29,1
2024-02-15,2024-02-15 12:10:00,393.53,393.58,393.53,393.58,0.01,289.45,115680.29,1
2024-02-15,2024-02-15 12:11:00,393.58,393.63,393.58,393.63,0.01,289.45,115680.29,1
2024-02-15,2024-02-15 12:12:00,393.63,393.68,393.63,393.68,0.01,289.45,115680.29,1
2024-02-15,2024-02-15 12:13:00,393.68,393.73,393.68,393.73,0.01,289.45,115680.29,1
2024-02-15,2024-02-15 12:14:00,393.73,393.78,393.73,393.78,0.01,289.45,115680.29,1
2024-02-15,2024-02-15 12:15:00,393.78,393.83,393.78,393.83,0.01,289.45,115680.29,1
2024-02-15,2024-02-15 12:16:00,393.83,393.88,393.83,393.88,0.01,289.45,115680.29,1
2024-02-15,2024-02-15 12:17:00,393.88,393.93,393.88,393.93,0.01,289.45,115680.29,1
2024-02-15,2024-02-15 12:18:00,393.93,393.98,393.93,393.98,0.01,289.45,115680.29,1
2024-02-15,2024-02-15 12:19:00,393.98,394.03,393.98,394.03,0.01,289.45,115680.29,1
2024-02-15,2024-02-15 12:20:00,394.03,394.08,394.03,394.08,0.01,289.45,115680.29,1
2024-02-15,2024-02-15 12:21:00,394.08,394.13,394.08,394.13,0.01,289.45,115680.29,1
2024-02-15,2024-02-15 12:22:00,394.13,394.18,394.13,394.18,0.01,289.45,115680.29,1
2024-02-15,2024-02-15 12:23:00,394.18,394.24,394.18,394.24,0.02,289.45,115680.29,1
2024-02-15,2024-02-15 12:24:00,394.24,394.29,394.24,394.29,0.01,289.45,115680.29,1
2024-02-15,2024-02-15 12:25:00,394.29,394.34,394.29,394.34,0.01,289.45,115680.29,1
2024-02-15,2024-02-15 12:26:00,394.34,394.39,394.34,394.39,0.01,289.45,115680.29,1
2024-02-15,2024-02-15 12:27:00,394.39,394.44,394.39,394.44,0.01,289.45,115680.29,1
2024-02-15,2024-02-15 12:28:00,394.44,394.49,394.44,394.49,0.01,289.45,115680.29,1
2024-02-15,2024-02-15 12:29:00,394.49,394.54,394.49,394.54,0.01,289.45,115680.29,1
2024-02-15,2024-02-15 12:30:00,394.54,394.59,394.54,394.59,0.01,289.45,115680.29,1
2024-02-15,2024-02-15 12:31:00,394.59,394.64,394.59,394.64,0.01,289.45,115680.29,1
2024-02-15,2024-02-15 12:32:00,394.64,394.69,394.64,394.69,0.01,289.45,115680.29,1
2024-02-15,2024-02-15 12:33:00,394.69,394.74,394.69,394.74,0.01,289.45,115680.29,1
2024-02-15,2024-02-15 12:34:00,394.74,394.79,394.74,394.79,0.01,289.45,115680.29,1
2024-02-15,2024-02-15 12:35:00,394.79,394.84,394.79,394.84,0.01,289.45,115680.29,1
2024-02-15,2024-02-15 12:36:00,394.84,394.89,394.84,394.89,0.01,289.45,115680.29,1
2024-02-15,2024-02-15 12:37:00,394.89,394.94,394.89,394.94,0.01,289.45,115680.29,1
2024-02-15,2024-02-15 12:38:00,394.94,394.99,394.94,394.99,0.01,289.45,115680.29,1
2024-02-15,2024-02-15 12:39:00,394.99,395.04,394.99,395.04,0.01,289.45,115680.29,1
2024-02-15,2024-02-15 12:40:00,395.04,395.09,395.04,395.09,0.01,289.45,115680.29,1
2024-02-15,2024-02-15 12:41:00,395.09,395.14,395.09,395.14,0.01,289.45,115680.29,1
2024-02-15,2024-02-15 12:42:00,395.14,395.19,395.14,395.19,0.01,289.45,115680.29,1
2024-02-15,2024-02-15 12:43:00,395.19,395.24,395.19,395.24,0.01,289.45,115680.29,1
2024-02-15,2024-02-15 12:44:00,395.24,395.29,395.24,395.29,0.01,289.45,115680.29,1
2024-02-15,2024-02-15 12:45:00,395.29,395.34,395.29,395.34,0.01,289.45,115680.29,1
2024-02-15,2024-02-15 12:46:00,395.34,395.39,395.34,395.39,0.01,289.45,115680.29,1
2024-02-15,2024-02-15 12:47:00,395.39,395.44,395.39,395.44,0.01,289.45,115680.29,1
2024-02-15,2024-02-15 12:48:00,395.44,395.5,395.44,395.5,0.02,289.45,115680.29,1
2024-02-15,2024-02-15 12:49:00,395.5,395.55,395.5,395.55,0.01,289.45,115680.29,1
2024-02-15,2024-02-15 12:50:00,395.55,395.6,395.55,395.6,0.01,289.45,115680.29,1
2024-02-15,2024-02-15 12:51:00,395.6,395.65,395.6,395.65,0.01,289.45,115680.29,1
2024-02-15,2024-02-15 12:52:00,395.65,395.7,395.65,395.7,0.01,289.45,115680.29,1
2024-02-15,2024-02-15 12:53:00,395.7,395.75,395.7,395.75,0.01,289.45,115680.29,1
2024-02-15,2024-02-15 12:54:00,395.75,395.8,395.75,395.8,0.01,289.45,115680.29,1
2024-02-15,2024-02-15 12:55:00,395.8,395.85,395.8,395.85,0.01,289.45,115680.29,1
2024-02-15,2024-02-15 12:56:00,395.85,395.9,395.85,395.9,0.01,289.45,115680.29,1
2024-02-15,2024-02-15 12:57:00,395.9,395.95,395.9,395.95,0.01,289.45,115680.29,1
2024-02-15,2024-02-15 12:58:00,395.95,396.0,395.95,396.0,0.01,289.45,115680.29,1
2024-02-15,2024-02-15 12:59:00,396.0,396.05,396.0,396.05,0.01,289.45,115680.29,1
2024-02-15,2024-02-15 13:00:00,396.05,407.0,390.0,396.1,0.01,289.45,115680.29,1
2024-02-15,2024-02-15 13:01:00,396.1,396.15,396.1,396.15,0.01,289.45,115680.29,1
2024-02-15,2024-02-15 13:02:00,396.15,396.2,396.15,396.2,0.01,289.45,115680.29,1
2024-02-15,2024-02-15 13:03:00,396.2,396.25,396.2,396.25,0.01,289.45,115680.29,1
2024-02-15,2024-02-15 13:04:00,396.25,396.3,396.25,396.3,0.01,289.45,115680.29,1
2024-02-15,2024-02-15 13:05:00,396.3,396.35,396.3,396.35,0.01,289.45,115680.29,1
2024-02-15,2024-02-15 13:06:00,396.35,396.4,396.35,396.4,0.01,289.45,115680.29,1
2024-02-15,2024-02-15 13:07:00,396.4,396.45,396.4,396.45,0.01,289.45,115680.29,1
2024-02-15,2024-02-15 13:08:00,396.45,396.5,396.45,396.5,0.01,289.45,115680.29,1
2024-02-15,2024-02-15 13:09:00,396.5,396.55,396.5,396.55,0.01,289.45,115680.29,1
2024-02-15,2024-02-15 13:10:00,396.55,396.6,396.55,396.6,0.01,289.45,115680.29,1
2024-02-15,2024-02-15 13:11:00,396.6,396.66,396.6,396.66,0.02,289.45,115680.29,1
2024-02-15,2024-02-15 13:12:00,396.66,396.71,396.66,396.71,0.01,289.45,115680.29,1
2024-02-15,2024-02-15 13:13:00,396.71,396.76,396.71,396.76,0.01,289.45,115680.29,1
2024-02-15,2024-02-15 13:14:00,396.76,396.81,396.76,396.81,0.01,289.45,115680.29,1
2024-02-15,2024-02-15 13:15:00,396.81,396.86,396.81,396.86,0.01,289.45,115680.29,1
2024-02-15,2024-02-15 13:16:00,396.86,396.91,396.86,396.91,0.01,289.45,115680.29,1
2024-02-15,2024-02-15 13:17:00,396.91,396.96,396.91,396.96,0.01,289.45,115680.29,1
2024-02-15,2024-02-15 13:18:00,396.96,397.01,396.96,397.01,0.01,289.45,115680.29,1
2024-02-15,2024-02-15 13:19:00,397.01,397.06,397.01,397.06,0.01,289.45,115680.29,1
2024-02-15,2024-02-15 13:20:00,397.06,397.11,397.06,397.11,0.01,289.45,115680.29,1
2024-02-15,2024-02-15 13:21:00,397.11,397.16,397.11,397.16,0.01,289.45,115680.29,1
2024-02-15,2024-02-15 13:22:00,397.16,397.21,397.16,397.21,0.01,289.45,115680.29,1
2024-02-15,2024-02-15 13:23:00,397.21,397.26,397.21,397.26,0.01,289.45,115680.29,1
2024-02-15,2024-02-15 13:24:00,397.26,397.31,397.26,397.31,0.01,289.45,115680.29,1
2024-02-15,2024-02-15 13:25:00,397.31,397.36,397.31,397.36,0.01,289.45,115680.29,1
2024-02-15,2024-02-15 13:26:00,397.36,397.41,397.36,397.41,0.01,289.45,115680.29,1
2024-02-15,2024-02-15 13:27:00,397.41,397.46,397.41,397.46,0.01,289.45,115680.29,1
2024-02-15,2024-02-15 13:28:00,397.46,397.51,397.46,397.51,0.01,289.45,115680.29,1
2024-02-15,2024-02-15 13:29:00,397.51,397.56,397.51,397.56,0.01,289.45,115680.29,1
2024-02-15,2024-02-15 13:30:00,397.56,397.61,397.56,397.61,0.01,289.45,115680.29,1
2024-02-15,2024-02-15 13:31:00,397.61,397.66,397.61,397.66,0.01,289.45,115680.29,1
2024-02-15,2024-02-15 13:32:00,397.66,397.71,397.66,397.71,0.01,289.45,115680.29,1
2024-02-15,2024-02-15 13:33:00,397.71,397.76,397.71,397.76,0.01,289.45,115680.29,1
2024-02-15,2024-02-15 13:34:00,397.76,397.81,397.76,397.81,0.01,289.45,115680.29,1
2024-02-15,2024-02-15 13:35:00,397.81,397.87,397.81,397.87,0.02,289.45,115680.29,1
2024-02-15,2024-02-15 13:36:00,397.87,397.92,397.87,397.92,0.01,289.45,115680.29,1
2024-02-15,2024-02-15 13:37:00,397.92,397.97,397.92,397.97,0.01,289.45,115680.29,1
2024-02-15,2024-02-15 13:38:00,397.97,398.02,397.97,398.02,0.01,289.45,115680.29,1
2024-02-15,2024-02-15 13:39:00,398.02,398.07,398.02,398.07,0.01,289.45,115680.29,1
2024-02-15,2024-02-15 13:40:00,398.07,398.12,398.07,398.12,0.01,289.45,115680.29,1
2024-02-15,2024-02-15 13:41:00,398.12,398.17,398.12,398.17,0.01,289.45,115680.29,1
2024-02-15,2024-02-15 13:42:00,398.17,398.22,398.17,398.22,0.01,289.45,115680.29,1
2024-02-15,2024-02-15 13:43:00,398.22,398.27,398.22,398.27,0.01,289.45,115680.29,1
2024-02-15,2024-02-15 13:44:00,398.27,398.32,398.27,398.32,0.01,289.45,115680.29,1
2024-02-15,2024-02-15 13:45:00,398.32,398.37,398.32,398.37,0.01,289.45,115680.29,1
2024-02-15,2024-02-15 13:46:00,398.37,398.42,398.37,398.42,0.01,289.45,115680.29,1
2024-02-15,2024-02-15 13:47:00,398.42,398.47,398.42,398.47,0.01,289.45,115680.29,1
2024-02-15,2024-02-15 13:48:00,398.47,398.52,398.47,398.52,0.01,289.45,115680.29,1
2024-02-15,2024-02-15 13:49:00,398.52,398.57,398.52,398.57,0.01,289.45,115680.29,1
2024-02-15,2024-02-15 13:50:00,398.57,398.62,398.57,398.62,0.01,289.45,115680.29,1
2024-02-15,2024-02-15 13:51:00,398.62,398.67,398.62,398.67,0.01,289.45,115680.29,1
2024-02-15,2024-02-15 13:52:00,398.67,398.72,398.67,398.72,0.01,289.45,115680.29,1
2024-02-15,2024-02-15 13:53:00,398.72,398.77,398.72,398.77,0.01,289.45,115680.29,1
2024-02-15,2024-02-15 13:54:00,398.77,398.82,398.77,398.82,0.01,289.45,115680.29,1
2024-02-15,2024-02-15 13:55:00,398.82,398.87,398.82,398.87,0.01,289.45,115680.29,1
2024-02-15,2024-02-15 13:56:00,398.87,398.92,398.87,398.92,0.01,289.45,115680.29,1
2024-02-15,2024-02-15 13:57:00,398.92,398.97,398.92,398.97,0.01,289.45,115680.29,1
2024-02-15,2024-02-15 13:58:00,398.97,399.02,398.97,399.02,0.01,289.45,115680.29,1
2024-02-15,2024-02-15 13:59:00,399.02,399.08,399.02,399.08,0.02,289.45,115680.29,1
2024-02-15,2024-02-15 14:00:00,399.08,399.13,399.08,399.13,0.01,289.45,115680.29,1
2024-02-15,2024-02-15 14:01:00,399.13,399.18,399.13,399.18,0.01,289.45,115680.29,1
2024-02-15,2024-02-15 14:02:00,399.18,399.23,399.18,399.23,0.01,289.45,115680.29,1
2024-02-15,2024-02-15 14:03:00,399.23,399.28,399.23,399.28,0.01,289.45,115680.29,1
2024-02-15,2024-02-15 14:04:00,399.28,399.33,399.28,399.33,0.01,289.45,115680.29,1
2024-02-15,2024-02-15 14:05:00,399.33,399.38,399.33,399.38,0.01,289.45,115680.29,1
2024-02-15,2024-02-15 14:06:00,399.38,399.43,399.38,399.43,0.01,289.45,115680.29,1
2024-02-15,2024-02-15 14:07:00,399.43,399.48,399.43,399.48,0.01,289.45,115680.29,1
2024-02-15,2024-02-15 14:08:00,399.48,399.53,399.48,399.53,0.01,289.45,115680.29,1
2024-02-15,2024-02-15 14:09:00,399.53,399.58,399.53,399.58,0.01,289.45,115680.29,1
2024-02-15,2024-02-15 14:10:00,399.58,399.63,399.58,399.63,0.01,289.45,115680.29,1
2024-02-15,2024-02-15 14:11:00,399.63,399.68,399.63,399.68,0.01,289.45,115680.29,1
2024-02-15,2024-02-15 14:12:00,399.68,399.73,399.68,399.73,0.01,289.45,115680.29,1
2024-02-15,2024-02-15 14:13:00,399.73,399.78,399.73,399.78,0.01,289.45,115680.29,1
2024-02-15,2024-02-15 14:14:00,399.78,399.83,399.78,399.83,0.01,289.45,115680.29,1
2024-02-15,2024-02-15 14:15:00,399.83,399.88,399.83,399.88,0.01,289.45,115680.29,1
2024-02-15,2024-02-15 14:16:00,399.88,399.93,399.88,399.93,0.01,289.45,115680.29,1
2024-02-15,2024-02-15 14:17:00,399.93,399.98,399.93,399.98,0.01,289.45,115680.29,1
2024-02-15,2024-02-15 14:18:00,399.98,400.03,399.98,400.03,0.01,289.45,115680.29,1
2024-02-15,2024-02-15 14:19:00,400.03,400.08,400.03,400.08,0.01,289.45,115680.29,1
2024-02-15,2024-02-15 14:20:00,400.08,400.13,400.08,400.13,0.01,289.45,115680.29,1
2024-02-15,2024-02-15 14:21:00,400.13,400.18,400.13,400.18,0.01,289.45,115680.29,1
2024-02-15,2024-02-15 14:22:00,400.18,400.23,400.18,400.23,0.01,289.45,115680.29,1
2024-02-15,2024-02-15 14:23:00,400.23,400.29,400.23,400.29,0.01,289.45,115680.29,1
2024-02-15,2024-02-15 14:24:00,400.29,400.34,400.29,400.34,0.01,289.45,115680.29,1
2024-02-15,2024-02-15 14:25:00,400.34,400.39,400.34,400.39,0.01,289.45,115680.29,1
2024-02-15,2024-02-15 14:26:00,400.39,400.44,400.39,400.44,0.01,289.45,115680.29,1
2024-02-15,2024-02-15 14:27:00,400.44,400.49,400.44,400.49,0.01,289.45,115680.29,1
2024-02-15,2024-02-15 14:28:00,400.49,400.54,400.49,400.54,0.01,289.45,115680.29,1
2024-02-15,2024-02-15 14:29:00,400.54,400.59,400.54,400.59,0.01,289.45,115680.29,1
2024-02-15,2024-02-15 14:30:00,400.59,400.64,400.59,400.64,0.01,289.45,115680.29,1
2024-02-15,2024-02-15 14:31:00,400.64,400.69,400.64,400.69,0.01,289.45,115680.29,1
2024-02-15,2024-02-15 14:32:00,400.69,400.74,400.69,400.74,0.01,289.45,115680.29,1
2024-02-15,2024-02-15 14:33:00,400.74,400.79,400.74,400.79,0.01,289.45,115680.29,1
2024-02-15,2024-02-15 14:34:00,400.79,400.84,400.79,400.84,0.01,289.45,115680.29,1
2024-02-15,2024-02-15 14:35:00,400.84,400.89,400.84,400.89,0.01,289.45,115680.29,1
2024-02-15,2024-02-15 14:36:00,400.89,400.94,400.89,400.94,0.01,289.45,115680.29,1
2024-02-15,2024-02-15 14:37:00,400.94,400.99,400.94,400.99,0.01,289.45,115680.29,1
2024-02-15,2024-02-15 14:38:00,400.99,401.04,400.99,401.04,0.01,289.45,115680.29,1
2024-02-15,2024-02-15 14:39:00,401.04,401.09,401.04,401.09,0.01,289.45,115680.29,1
2024-02-15,2024-02-15 14:40:00,401.09,401.14,401.09,401.14,0.01,289.45,115680.29,1
2024-02-15,2024-02-15 14:41:00,401.14,401.19,401.14,401.19,0.01,289.45,115680.29,1
2024-02-15,2024-02-15 14:42:00,401.19,401.24,401.19,401.24,0.01,289.45,115680.29,1
2024-02-15,2024-02-15 14:43:00,401.24,401.29,401.24,401.29,0.01,289.45,115680.29,1
2024-02-15,2024-02-15 14:44:00,401.29,401.34,401.29,401.34,0.01,289.45,115680.29,1
2024-02-15,2024-02-15 14:45:00,401.34,401.39,401.34,401.39,0.01,289.45,115680.29,1
2024-02-15,2024-02-15 14:46:00,401.39,401.44,401.39,401.44,0.01,289.45,115680.29,1
2024-02-15,2024-02-15 14:47:00,401.44,401.5,401.44,401.5,0.01,289.45,115680.29,1
2024-02-15,2024-02-15 14:48:00,401.5,401.55,401.5,401.55,0.01,289.45,115680.29,1
2024-02-15,2024-02-15 14:49:00,401.55,401.6,401.55,401.6,0.01,289.45,115680.29,1
2024-02-15,2024-02-15 14:50:00,401.6,401.65,401.6,401.65,0.01,289.45,115680.29,1
2024-02-15,2024-02-15 14:51:00,401.65,401.7,401.65,401.7,0.01,289.45,115680.29,1
2024-02-15,2024-02-15 14:52:00,401.7,401.75,401.7,401.75,0.01,289.45,115680.29,1
2024-02-15,2024-02-15 14:53:00,401.75,401.8,401.75,401.8,0.01,289.45,115680.29,1
2024-02-15,2024-02-15 14:54:00,401.8,401.85,401.8,401.85,0.01,289.45,115680.29,1
2024-02-15,2024-02-15 14:55:00,401.85,401.9,401.85,401.9,0.01,289.45,115680.29,1
2024-02-15,2024-02-15 14:56:00,401.9,401.95,401.9,401.95,0.01,289.45,115680.29,1
2024-02-15,2024-02-15 14:57:00,401.95,402.0,401.95,402.0,0.01,289.45,115680.29,1
2024-02-15,2024-02-15 14:58:00,402.0,402.05,402.0,402.05,0.01,289.45,115680.29,1
2024-02-15,2024-02-15 14:59:00,402.05,402.1,402.05,402.1,0.01,289.45,115680.29,1
2024-02-15,2024-02-15 15:00:00,402.1,407.0,390.0,402.1,0.0,289.45,115680.29,0
2024-02-18,2024-02-18 11:00:00,410.0,410.87,403.4,409.91,-0.02,263.63,104293.08,-1
2024-02-18,2024-02-18 11:01:00,409.91,409.91,409.82,409.82,-0.02,263.63,104293.08,-1
2024-02-18,2024-02-18 11:02:00,409.82,409.82,409.73,409.73,-0.02,263.63,104293.08,-1
2024-02-18,2024-02-18 11:03:00,409.73,409.73,409.63,409.63,-0.02,263.63,104293.08,-1
2024-02-18,2024-02-18 11:04:00,409.63,409.63,409.54,409.54,-0.02,263.63,104293.08,-1
2024-02-18,2024-02-18 11:05:00,409.54,409.54,409.45,409.45,-0.02,263.63,104293.08,-1
2024-02-18,2024-02-18 11:06:00,409.45,409.45,409.36,409.36,-0.02,263.63,104293.08,-1
2024-02-18,2024-02-18 11:07:00,409.36,409.36,409.27,409.27,-0.02,263.63,104293.08,-1
2024-02-18,2024-02-18 11:08:00,409.27,409.27,409.18,409.18,-0.02,263.63,104293.08,-1
2024-02-18,2024-02-18 11:09:00,409.18,409.18,409.08,409.08,-0.02,263.63,104293.08,-1
2024-02-18,2024-02-18 11:10:00,409.08,409.08,408.99,408.99,-0.02,263.63,104293.08,-1
2024-02-18,2024-02-18 11:11:00,408.99,408.99,408.9,408.9,-0.02,263.63,104293.08,-1
2024-02-18,2024-02-18 11:12:00,408.9,408.9,408.81,408.81,-0.02,263.63,104293.08,-1
2024-02-18,2024-02-18 11:13:00,408.81,408.81,408.72,408.72,-0.02,263.63,104293.08,-1
2024-02-18,2024-02-18 11:14:00,408.72,408.72,408.62,408.62,-0.02,263.63,104293.08,-1
2024-02-18,2024-02-18 11:15:00,408.62,408.62,408.53,408.53,-0.02,263.63,104293.08,-1
2024-02-18,2024-02-18 11:16:00,408.53,408.53,408.44,408.44,-0.02,263.63,104293.08,-1
2024-02-18,2024-02-18 11:17:00,408.44,408.44,408.35,408.35,-0.02,263.63,104293.08,-1
2024-02-18,2024-02-18 11:18:00,408.35,408.35,408.26,408.26,-0.02,263.63,104293.08,-1
2024-02-18,2024-02-18 11:19:00,408.26,408.26,408.17,408.17,-0.02,263.63,104293.08,-1
2024-02-18,2024-02-18 11:20:00,408.17,408.17,408.07,408.07,-0.02,263.63,104293.08,-1
2024-02-18,2024-02-18 11:21:00,408.07,408.07,407.98,407.98,-0.02,263.63,104293.08,-1
2024-02-18,2024-02-18 11:22:00,407.98,407.98,407.89,407.89,-0.02,263.63,104293.08,-1
2024-02-18,2024-02-18 11:23:00,407.89,407.89,407.8,407.8,-0.02,263.63,104293.08,-1
2024-02-18,2024-02-18 11:24:00,407.8,407.8,407.71,407.71,-0.02,263.63,104293.08,-1
2024-02-18,2024-02-18 11:25:00,407.71,407.71,407.62,407.62,-0.02,263.63,104293.08,-1
2024-02-18,2024-02-18 11:26:00,407.62,407.62,407.52,407.52,-0.02,263.63,104293.08,-1
2024-02-18,2024-02-18 11:27:00,407.52,407.52,407.43,407.43,-0.02,263.63,104293.08,-1
2024-02-18,2024-02-18 11:28:00,407.43,407.43,407.34,407.34,-0.02,263.63,104293.08,-1
2024-02-18,2024-02-18 11:29:00,407.34,407.34,407.25,407.25,-0.02,263.63,104293.08,-1
2024-02-18,2024-02-18 11:30:00,407.25,407.25,407.16,407.16,-0.02,263.63,104293.08,-1
2024-02-18,2024-02-18 11:31:00,407.16,407.16,407.07,407.07,-0.02,263.63,104293.08,-1
2024-02-18,2024-02-18 11:32:00,407.07,407.07,406.98,406.98,-0.02,263.63,104293.08,-1
2024-02-18,2024-02-18 11:33:00,406.98,406.98,406.88,406.88,-0.02,263.63,104293.08,-1
2024-02-18,2024-02-18 11:34:00,406.88,406.88,406.79,406.79,-0.02,263.63,104293.08,-1
2024-02-18,2024-02-18 11:35:00,406.79,406.79,406.7,406.7,-0.02,263.63,104293.08,-1
2024-02-18,2024-02-18 11:36:00,406.7,406.7,406.61,406.61,-0.02,263.63,104293.08,-1
2024-02-18,2024-02-18 11:37:00,406.61,406.61,406.52,406.52,-0.02,263.63,104293.08,-1
2024-02-18,2024-02-18 11:38:00,406.52,406.52,406.43,406.43,-0.02,263.63,104293.08,-1
2024-02-18,2024-02-18 11:39:00,406.43,406.43,406.33,406.33,-0.02,263.63,104293.08,-1
2024-02-18,2024-02-18 11:40:00,406.33,406.33,406.24,406.24,-0.02,263.63,104293.08,-1
2024-02-18,2024-02-18 11:41:00,406.24,406.24,406.15,406.15,-0.02,263.63,104293.08,-1
2024-02-18,2024-02-18 11:42:00,406.15,406.15,406.06,406.06,-0.02,263.63,104293.08,-1
2024-02-18,2024-02-18 11:43:00,406.06,406.06,405.97,405.97,-0.02,263.63,104293.08,-1
2024-02-18,2024-02-18 11:44:00,405.97,405.97,405.88,405.88,-0.02,263.63,104293.08,-1
2024-02-18,2024-02-18 11:45:00,405.88,405.88,405.78,405.78,-0.02,263.63,104293.08,-1
2024-02-18,2024-02-18 11:46:00,405.78,405.78,405.69,405.69,-0.02,263.63,104293.08,-1
2024-02-18,2024-02-18 11:47:00,405.69,405.69,405.6,405.6,-0.02,263.63,104293.08,-1
2024-02-18,2024-02-18 11:48:00,405.6,405.6,405.51,405.51,-0.02,263.63,104293.08,-1
2024-02-18,2024-02-18 11:49:00,405.51,405.51,405.42,405.42,-0.02,263.63,104293.08,-1
2024-02-18,2024-02-18 11:50:00,405.42,405.42,405.32,405.32,-0.02,263.63,104293.08,-1
2024-02-18,2024-02-18 11:51:00,405.32,405.32,405.23,405.23,-0.02,263.63,104293.08,-1
2024-02-18,2024-02-18 11:52:00,405.23,405.23,405.14,405.14,-0.02,263.63,104293.08,-1
2024-02-18,2024-02-18 11:53:00,405.14,405.14,405.05,405.05,-0.02,263.63,104293.08,-1
2024-02-18,2024-02-18 11:54:00,405.05,405.05,404.96,404.96,-0.02,263.63,104293.08,-1
2024-02-18,2024-02-18 11:55:00,404.96,404.96,404.87,404.87,-0.02,263.63,104293.08,-1
2024-02-18,2024-02-18 11:56:00,404.87,404.87,404.77,404.77,-0.02,263.63,104293.08,-1
2024-02-18,2024-02-18 11:57:00,404.77,404.77,404.68,404.68,-0.02,263.63,104293.08,-1
2024-02-18,2024-02-18 11:58:00,404.68,404.68,404.59,404.59,-0.02,263.63,104293.08,-1
2024-02-18,2024-02-18 11:59:00,404.59,404.59,404.5,404.5,-0.02,263.63,104293.08,-1
2024-02-18,2024-02-18 12:00:00,404.5,404.5,404.41,404.41,-0.02,263.63,104293.08,-1
2024-02-18,2024-02-18 12:01:00,404.41,404.41,404.32,404.32,-0.02,263.63,104293.08,-1
2024-02-18,2024-02-18 12:02:00,404.32,404.32,404.23,404.23,-0.02,263.63,104293.08,-1
2024-02-18,2024-02-18 12:03:00,404.23,404.23,404.13,404.13,-0.02,263.63,104293.08,-1
2024-02-18,2024-02-18 12:04:00,404.13,404.13,404.04,404.04,-0.02,263.63,104293.08,-1
2024-02-18,2024-02-18 12:05:00,404.04,404.04,403.95,403.95,-0.02,263.63,104293.08,-1
2024-02-18,2024-02-18 12:06:00,403.95,403.95,403.86,403.86,-0.02,263.63,104293.08,-1
2024-02-18,2024-02-18 12:07:00,403.86,403.86,403.77,403.77,-0.02,263.63,104293.08,-1
2024-02-18,2024-02-18 12:08:00,403.77,403.77,403.68,403.68,-0.02,263.63,104293.08,-1
2024-02-18,2024-02-18 12:09:00,403.68,403.68,403.58,403.58,-0.02,263.63,104293.08,-1
2024-02-18,2024-02-18 12:10:00,403.58,403.58,403.49,403.49,-0.02,263.63,104293.08,-1
2024-02-18,2024-02-18 12:11:00,403.49,403.49,403.4,403.4,-0.02,263.63,104293.08,-1
2024-02-18,2024-02-18 12:12:00,403.4,403.4,403.31,403.31,-0.02,263.63,104293.08,-1
2024-02-18,2024-02-18 12:13:00,403.31,403.31,403.22,403.22,-0.02,263.63,104293.08,-1
2024-02-18,2024-02-18 12:14:00,403.22,403.22,403.12,403.12,-0.02,263.63,104293.08,-1
2024-02-18,2024-02-18 12:15:00,403.12,403.12,403.03,403.03,-0.02,263.63,104293.08,-1
2024-02-18,2024-02-18 12:16:00,403.03,403.03,402.94,402.94,-0.02,263.63,104293.08,-1
2024-02-18,2024-02-18 12:17:00,402.94,402.94,402.85,402.85,-0.02,263.63,104293.08,-1
2024-02-18,2024-02-18 12:18:00,402.85,402.85,402.76,402.76,-0.02,263.63,104293.08,-1
2024-02-18,2024-02-18 12:19:00,402.76,402.76,402.67,402.67,-0.02,263.63,104293.08,-1
2024-02-18,2024-02-18 12:20:00,402.67,402.67,402.57,402.57,-0.02,263.63,104293.08,-1
2024-02-18,2024-02-18 12:21:00,402.57,402.57,402.48,402.48,-0.02,263.63,104293.08,-1
2024-02-18,2024-02-18 12:22:00,402.48,402.48,402.39,402.39,-0.02,263.63,104293.08,-1
2024-02-18,2024-02-18 12:23:00,402.39,402.39,402.3,402.3,-0.02,263.63,104293.08,-1
2024-02-18,2024-02-18 12:24:00,402.3,402.3,402.21,402.21,-0.02,263.63,104293.08,-1
2024-02-18,2024-02-18 12:25:00,402.21,402.21,402.12,402.12,-0.02,263.63,104293.08,-1
2024-02-18,2024-02-18 12:26:00,402.12,402.12,402.02,402.02,-0.02,263.63,104293.08,-1
2024-02-18,2024-02-18 12:27:00,402.02,402.02,401.93,401.93,-0.02,263.63,104293.08,-1
2024-02-18,2024-02-18 12:28:00,401.93,401.93,401.84,401.84,-0.02,263.63,104293.08,-1
2024-02-18,2024-02-18 12:29:00,401.84,401.84,401.75,401.75,-0.02,263.63,104293.08,-1
2024-02-18,2024-02-18 12:30:00,401.75,401.75,401.66,401.66,-0.02,263.63,104293.08,-1
2024-02-18,2024-02-18 12:31:00,401.66,401.66,401.57,401.57,-0.02,263.63,104293.08,-1
2024-02-18,2024-02-18 12:32:00,401.57,401.57,401.48,401.48,-0.02,263.63,104293.08,-1
2024-02-18,2024-02-18 12:33:00,401.48,401.48,401.38,401.38,-0.02,263.63,104293.08,-1
2024-02-18,2024-02-18 12:34:00,401.38,401.38,401.29,401.29,-0.02,263.63,104293.08,-1
2024-02-18,2024-02-18 12:35:00,401.29,401.29,401.2,401.2,-0.02,263.63,104293.08,-1
2024-02-18,2024-02-18 12:36:00,401.2,401.2,401.11,401.11,-0.02,263.63,104293.08,-1
2024-02-18,2024-02-18 12:37:00,401.11,401.11,401.02,401.02,-0.02,263.63,104293.08,-1
2024-02-18,2024-02-18 12:38:00,401.02,401.02,400.93,400.93,-0.02,263.63,104293.08,-1
2024-02-18,2024-02-18 12:39:00,400.93,400.93,400.83,400.83,-0.02,263.63,104293.08,-1
2024-02-18,2024-02-18 12:40:00,400.83,400.83,400.74,400.74,-0.02,263.63,104293.08,-1
2024-02-18,2024-02-18 12:41:00,400.74,400.74,400.65,400.65,-0.02,263.63,104293.08,-1
2024-02-18,2024-02-18 12:42:00,400.65,400.65,400.56,400.56,-0.02,263.63,104293.08,-1
2024-02-18,2024-02-18 12:43:00,400.56,400.56,400.47,400.47,-0.02,263.63,104293.08,-1
2024-02-18,2024-02-18 12:44:00,400.47,400.47,400.38,400.38,-0.02,263.63,104293.08,-1
2024-02-18,2024-02-18 12:45:00,400.38,400.38,400.28,400.28,-0.02,263.63,104293.08,-1
2024-02-18,2024-02-18 12:46:00,400.28,400.28,400.19,400.19,-0.02,263.63,104293.08,-1
2024-02-18,2024-02-18 12:47:00,400.19,400.19,400.1,400.1,-0.02,263.63,104293.08,-1
2024-02-18,2024-02-18 12:48:00,400.1,400.1,400.01,400.01,-0.02,263.63,104293.08,-1
2024-02-18,2024-02-18 12:49:00,400.01,400.01,399.92,399.92,-0.02,263.63,104293.08,-1
2024-02-18,2024-02-18 12:50:00,399.92,399.92,399.82,399.82,-0.03,263.63,104293.08,-1
2024-02-18,2024-02-18 12:51:00,399.82,399.82,399.73,399.73,-0.02,263.63,104293.08,-1
2024-02-18,2024-02-18 12:52:00,399.73,399.73,399.64,399.64,-0.02,263.63,104293.08,-1
2024-02-18,2024-02-18 12:53:00,399.64,399.64,399.55,399.55,-0.02,263.63,104293.08,-1
2024-02-18,2024-02-18 12:54:00,399.55,399.55,399.46,399.46,-0.02,263.63,104293.08,-1
2024-02-18,2024-02-18 12:55:00,399.46,399.46,399.37,399.37,-0.02,263.63,104293.08,-1
2024-02-18,2024-02-18 12:56:00,399.37,399.37,399.27,399.27,-0.03,263.63,104293.08,-1
2024-02-18,2024-02-18 12:57:00,399.27,399.27,399.18,399.18,-0.02,263.63,104293.08,-1
2024-02-18,2024-02-18 12:58:00,399.18,399.18,399.09,399.09,-0.02,263.63,104293.08,-1
2024-02-18,2024-02-18 12:59:00,399.09,399.09,399.0,399.0,-0.02,263.63,104293.08,-1
2024-02-18,2024-02-18 13:00:00,399.0,412.9,388.0,398.91,-0.02,263.63,104293.08,-1
2024-02-18,2024-02-18 13:01:00,398.91,398.91,398.82,398.82,-0.02,263.63,104293.08,-1
2024-02-18,2024-02-18 13:02:00,398.82,398.82,398.73,398.73,-0.02,263.63,104293.08,-1
2024-02-18,2024-02-18 13:03:00,398.73,398.73,398.63,398.63,-0.03,263.63,104293.08,-1
2024-02-18,2024-02-18 13:04:00,398.63,398.63,398.54,398.54,-0.02,263.63,104293.08,-1
2024-02-18,2024-02-18 13:05:00,398.54,398.54,398.45,398.45,-0.02,263.63,104293.08,-1
2024-02-18,2024-02-18 13:06:00,398.45,398.45,398.36,398.36,-0.02,263.63,104293.08,-1
2024-02-18,2024-02-18 13:07:00,398.36,398.36,398.27,398.27,-0.02,263.63,104293.08,-1
2024-02-18,2024-02-18 13:08:00,398.27,398.27,398.18,398.18,-0.02,263.63,104293.08,-1
2024-02-18,2024-02-18 13:09:00,398.18,398.18,398.08,398.08,-0.03,263.63,104293.08,-1
2024-02-18,2024-02-18 13:10:00,398.08,398.08,397.99,397.99,-0.02,263.63,104293.08,-1
2024-02-18,2024-02-18 13:11:00,397.99,397.99,397.9,397.9,-0.02,263.63,104293.08,-1
2024-02-18,2024-02-18 13:12:00,397.9,397.9,397.81,397.81,-0.02,263.63,104293.08,-1
2024-02-18,2024-02-18 13:13:00,397.81,397.81,397.72,397.72,-0.02,263.63,104293.08,-1
2024-02-18,2024-02-18 13:14:00,397.72,397.72,397.62,397.62,-0.03,263.63,104293.08,-1
2024-02-18,2024-02-18 13:15:00,397.62,397.62,397.53,397.53,-0.02,263.63,104293.08,-1
2024-02-18,2024-02-18 13:16:00,397.53,397.53,397.44,397.44,-0.02,263.63,104293.08,-1
2024-02-18,2024-02-18 13:17:00,397.44,397.44,397.35,397.35,-0.02,263.63,104293.08,-1
2024-02-18,2024-02-18 13:18:00,397.35,397.35,397.26,397.26,-0.02,263.63,104293.08,-1
2024-02-18,2024-02-18 13:19:00,397.26,397.26,397.17,397.17,-0.02,263.63,104293.08,-1
2024-02-18,2024-02-18 13:20:00,397.17,397.17,397.07,397.07,-0.03,263.63,104293.08,-1
2024-02-18,2024-02-18 13:21:00,397.07,397.07,396.98,396.98,-0.02,263.63,104293.08,-1
2024-02-18,2024-02-18 13:22:00,396.98,396.98,396.89,396.89,-0.02,263.63,104293.08,-1
2024-02-18,2024-02-18 13:23:00,396.89,396.89,396.8,396.8,-0.02,263.63,104293.08,-1
2024-02-18,2024-02-18 13:24:00,396.8,396.8,396.71,396.71,-0.02,263.63,104293.08,-1
2024-02-18,2024-02-18 13:25:00,396.71,396.71,396.62,396.62,-0.02,263.63,104293.08,-1
2024-02-18,2024-02-18 13:26:00,396.62,396.62,396.52,396.52,-0.03,263.63,104293.08,-1
2024-02-18,2024-02-18 13:27:00,396.52,396.52,396.43,396.43,-0.02,263.63,104293.08,-1
2024-02-18,2024-02-18 13:28:00,396.43,396.43,396.34,396.34,-0.02,263.63,104293.08,-1
2024-02-18,2024-02-18 13:29:00,396.34,396.34,396.25,396.25,-0.02,263.63,104293.08,-1
2024-02-18,2024-02-18 13:30:00,396.25,396.25,396.16,396.16,-0.02,263.63,104293.08,-1
2024-02-18,2024-02-18 13:31:00,396.16,396.16,396.07,396.07,-0.02,263.63,104293.08,-1
2024-02-18,2024-02-18 13:32:00,396.07,396.07,395.98,395.98,-0.02,263.63,104293.08,-1
2024-02-18,2024-02-18 13:33:00,395.98,395.98,395.88,395.88,-0.03,263.63,104293.08,-1
2024-02-18,2024-02-18 13:34:00,395.88,395.88,395.79,395.79,-0.02,263.63,104293.08,-1
2024-02-18,2024-02-18 13:35:00,395.79,395.79,395.7,395.7,-0.02,263.63,104293.08,-1
2024-02-18,2024-02-18 13:36:00,395.7,395.7,395.61,395.61,-0.02,263.63,104293.08,-1
2024-02-18,2024-02-18 13:37:00,395.61,395.61,395.52,395.52,-0.02,263.63,104293.08,-1
2024-02-18,2024-02-18 13:38:00,395.52,395.52,395.43,395.43,-0.02,263.63,104293.08,-1
2024-02-18,2024-02-18 13:39:00,395.43,395.43,395.33,395.33,-0.03,263.63,104293.08,-1
2024-02-18,2024-02-18 13:40:00,395.33,395.33,395.24,395.24,-0.02,263.63,104293.08,-1
2024-02-18,2024-02-18 13:41:00,395.24,395.24,395.15,395.15,-0.02,263.63,104293.08,-1
2024-02-18,2024-02-18 13:42:00,395.15,395.15,395.06,395.06,-0.02,263.63,104293.08,-1
2024-02-18,2024-02-18 13:43:00,395.06,395.06,394.97,394.97,-0.02,263.63,104293.08,-1
2024-02-18,2024-02-18 13:44:00,394.97,394.97,394.88,394.88,-0.02,263.63,104293.08,-1
2024-02-18,2024-02-18 13:45:00,394.88,394.88,394.78,394.78,-0.03,263.63,104293.08,-1
2024-02-18,2024-02-18 13:46:00,394.78,394.78,394.69,394.69,-0.02,263.63,104293.08,-1
2024-02-18,2024-02-18 13:47:00,394.69,394.69,394.6,394.6,-0.02,263.63,104293.08,-1
2024-02-18,2024-02-18 13:48:00,394.6,394.6,394.51,394.51,-0.02,263.63,104293.08,-1
2024-02-18,2024-02-18 13:49:00,394.51,394.51,394.42,394.42,-0.02,263.63,104293.08,-1
2024-02-18,2024-02-18 13:50:00,394.42,394.42,394.32,394.32,-0.03,263.63,104293.08,-1
2024-02-18,2024-02-18 13:51:00,394.32,394.32,394.23,394.23,-0.02,263.63,104293.08,-1
2024-02-18,2024-02-18 13:52:00,394.23,394.23,394.14,394.14,-0.02,263.63,104293.08,-1
2024-02-18,2024-02-18 13:53:00,394.14,394.14,394.05,394.05,-0.02,263.63,104293.08,-1
2024-02-18,2024-02-18 13:54:00,394.05,394.05,393.96,393.96,-0.02,263.63,104293.08,-1
2024-02-18,2024-02-18 13:55:00,393.96,393.96,393.87,393.87,-0.02,263.63,104293.08,-1
2024-02-18,2024-02-18 13:56:00,393.87,393.87,393.77,393.77,-0.03,263.63,104293.08,-1
2024-02-18,2024-02-18 13:57:00,393.77,393.77,393.68,393.68,-0.02,263.63,104293.08,-1
2024-02-18,2024-02-18 13:58:00,393.68,393.68,393.59,393.59,-0.02,263.63,104293.08,-1
2024-02-18,2024-02-18 13:59:00,393.59,393.59,393.5,393.5,-0.02,263.63,104293.08,-1
2024-02-18,2024-02-18 14:00:00,393.5,393.5,393.41,393.41,-0.02,263.63,104293.08,-1
2024-02-18,2024-02-18 14:01:00,393.41,393.41,393.32,393.32,-0.02,263.63,104293.08,-1
2024-02-18,2024-02-18 14:02:00,393.32,393.32,393.23,393.23,-0.02,263.63,104293.08,-1
2024-02-18,2024-02-18 14:03:00,393.23,393.23,393.13,393.13,-0.03,263.63,104293.08,-1
2024-02-18,2024-02-18 14:04:00,393.13,393.13,393.04,393.04,-0.02,263.63,104293.08,-1
2024-02-18,2024-02-18 14:05:00,393.04,393.04,392.95,392.95,-0.02,263.63,104293.08,-1
2024-02-18,2024-02-18 14:06:00,392.95,392.95,392.86,392.86,-0.02,263.63,104293.08,-1
2024-02-18,2024-02-18 14:07:00,392.86,392.86,392.77,392.77,-0.02,263.63,104293.08,-1
2024-02-18,2024-02-18 14:08:00,392.77,392.77,392.68,392.68,-0.02,263.63,104293.08,-1
2024-02-18,2024-02-18 14:09:00,392.68,392.68,392.58,392.58,-0.03,263.63,104293.08,-1
2024-02-18,2024-02-18 14:10:00,392.58,392.58,392.49,392.49,-0.02,263.63,104293.08,-1
2024-02-18,2024-02-18 14:11:00,392.49,392.49,392.4,392.4,-0.02,263.63,104293.08,-1
2024-02-18,2024-02-18 14:12:00,392.4,392.4,392.31,392.31,-0.02,263.63,104293.08,-1
2024-02-18,2024-02-18 14:13:00,392.31,392.31,392.22,392.22,-0.02,263.63,104293.08,-1
2024-02-18,2024-02-18 14:14:00,392.22,392.22,392.12,392.12,-0.03,263.63,104293.08,-1
2024-02-18,2024-02-18 14:15:00,392.12,392.12,392.03,392.03,-0.02,263.63,104293.08,-1
2024-02-18,2024-02-18 14:16:00,392.03,392.03,391.94,391.94,-0.02,263.63,104293.08,-1
2024-02-18,2024-02-18 14:17:00,391.94,391.94,391.85,391.85,-0.02,263.63,104293.08,-1
2024-02-18,2024-02-18 14:18:00,391.85,391.85,391.76,391.76,-0.02,263.63,104293.08,-1
2024-02-18,2024-02-18 14:19:00,391.76,391.76,391.67,391.67,-0.02,263.63,104293.08,-1
2024-02-18,2024-02-18 14:20:00,391.67,391.67,391.57,391.57,-0.03,263.63,104293.08,-1
2024-02-18,2024-02-18 14:21:00,391.57,391.57,391.48,391.48,-0.02,263.63,104293.08,-1
2024-02-18,2024-02-18 14:22:00,391.48,391.48,391.39,391.39,-0.02,263.63,104293.08,-1
2024-02-18,2024-02-18 14:23:00,391.39,391.39,391.3,391.3,-0.02,263.63,104293.08,-1
2024-02-18,2024-02-18 14:24:00,391.3,391.3,391.21,391.21,-0.02,263.63,104293.08,-1
2024-02-18,2024-02-18 14:25:00,391.21,391.21,391.12,391.12,-0.02,263.63,104293.08,-1
2024-02-18,2024-02-18 14:26:00,391.12,391.12,391.02,391.02,-0.03,263.63,104293.08,-1
2024-02-18,2024-02-18 14:27:00,391.02,391.02,390.93,390.93,-0.02,263.63,104293.08,-1
2024-02-18,2024-02-18 14:28:00,390.93,390.93,390.84,390.84,-0.02,263.63,104293.08,-1
2024-02-18,2024-02-18 14:29:00,390.84,390.84,390.75,390.75,-0.02,263.63,104293.08,-1
2024-02-18,2024-02-18 14:30:00,390.75,390.75,390.66,390.66,-0.02,263.63,104293.08,-1
2024-02-18,2024-02-18 14:31:00,390.66,390.66,390.57,390.57,-0.02,263.63,104293.08,-1
2024-02-18,2024-02-18 14:32:00,390.57,390.57,390.48,390.48,-0.02,263.63,104293.08,-1
2024-02-18,2024-02-18 14:33:00,390.48,390.48,390.38,390.38,-0.03,263.63,104293.08,-1
2024-02-18,2024-02-18 14:34:00,390.38,390.38,390.29,390.29,-0.02,263.63,104293.08,-1
2024-02-18,2024-02-18 14:35:00,390.29,390.29,390.2,390.2,-0.02,263.63,104293.08,-1
2024-02-18,2024-02-18 14:36:00,390.2,390.2,390.11,390.11,-0.02,263.63,104293.08,-1
2024-02-18,2024-02-18 14:37:00,390.11,390.11,390.02,390.02,-0.02,263.63,104293.08,-1
2024-02-18,2024-02-18 14:38:00,390.02,390.02,389.93,389.93,-0.02,263.63,104293.08,-1
2024-02-18,2024-02-18 14:39:00,389.93,389.93,389.83,389.83,-0.03,263.63,104293.08,-1
2024-02-18,2024-02-18 14:40:00,389.83,389.83,389.74,389.74,-0.02,263.63,104293.08,-1
2024-02-18,2024-02-18 14:41:00,389.74,389.74,389.65,389.65,-0.02,263.63,104293.08,-1
2024-02-18,2024-02-18 14:42:00,389.65,389.65,389.56,389.56,-0.02,263.63,104293.08,-1
2024-02-18,2024-02-18 14:43:00,389.56,389.56,389.47,389.47,-0.02,263.63,104293.08,-1
2024-02-18,2024-02-18 14:44:00,389.47,389.47,389.38,389.38,-0.02,263.63,104293.08,-1
2024-02-18,2024-02-18 14:45:00,389.38,389.38,389.28,389.28,-0.03,263.63,104293.08,-1
2024-02-18,2024-02-18 14:46:00,389.28,389.28,389.19,389.19,-0.02,263.63,104293.08,-1
2024-02-18,2024-02-18 14:47:00,389.19,389.19,389.1,389.1,-0.02,263.63,104293.08,-1
2024-02-18,2024-02-18 14:48:00,389.1,389.1,389.01,389.01,-0.02,263.63,104293.08,-1
2024-02-18,2024-02-18 14:49:00,389.01,389.01,388.92,388.92,-0.02,263.63,104293.08,-1
2024-02-18,2024-02-18 14:50:00,388.92,388.92,388.82,388.82,-0.03,263.63,104293.08,-1
2024-02-18,2024-02-18 14:51:00,388.82,388.82,388.73,388.73,-0.02,263.63,104293.08,-1
2024-02-18,2024-02-18 14:52:00,388.73,388.73,388.64,388.64,-0.02,263.63,104293.08,-1
2024-02-18,2024-02-18 14:53:00,388.64,388.64,388.55,388.55,-0.02,263.63,104293.08,-1
2024-02-18,2024-02-18 14:54:00,388.55,388.55,388.46,388.46,-0.02,263.63,104293.08,-1
2024-02-18,2024-02-18 14:55:00,388.46,388.46,388.37,388.37,-0.02,263.63,104293.08,-1
2024-02-18,2024-02-18 14:56:00,388.37,388.37,388.27,388.27,-0.03,263.63,104293.08,-1
2024-02-18,2024-02-18 14:57:00,388.27,388.27,388.18,388.18,-0.02,263.63,104293.08,-1
2024-02-18,2024-02-18 14:58:00,388.18,388.18,388.09,388.09,-0.02,263.63,104293.08,-1
2024-02-18,2024-02-18 14:59:00,388.09,388.09,388.0,388.0,-0.02,263.63,104293.08,-1
2024-02-18,2024-02-18 15:00:00,388.0,412.9,388.0,388.0,0.0,263.63,104293.08,0
2024-02-20,2024-02-20 11:00:00,388.0,389.5,385.6,387.98,-0.01,112.21,43330.77,-1
2024-02-20,2024-02-20 11:01:00,387.98,387.98,387.95,387.95,-0.01,112.21,43330.77,-1
2024-02-20,2024-02-20 11:02:00,387.95,387.95,387.93,387.93,-0.01,112.21,43330.77,-1
2024-02-20,2024-02-20 11:03:00,387.93,387.93,387.9,387.9,-0.01,112.21,43330.77,-1
2024-02-20,2024-02-20 11:04:00,387.9,387.9,387.88,387.88,-0.01,112.21,43330.77,-1
2024-02-20,2024-02-20 11:05:00,387.88,387.88,387.85,387.85,-0.01,112.21,43330.77,-1
2024-02-20,2024-02-20 11:06:00,387.85,387.85,387.82,387.82,-0.01,112.21,43330.77,-1
2024-02-20,2024-02-20 11:07:00,387.82,387.82,387.8,387.8,-0.01,112.21,43330.77,-1
2024-02-20,2024-02-20 11:08:00,387.8,387.8,387.77,387.77,-0.01,112.21,43330.77,-1
2024-02-20,2024-02-20 11:09:00,387.77,387.77,387.75,387.75,-0.01,112.21,43330.77,-1
2024-02-20,2024-02-20 11:10:00,387.75,387.75,387.73,387.73,-0.01,112.21,43330.77,-1
2024-02-20,2024-02-20 11:11:00,387.73,387.73,387.7,387.7,-0.01,112.21,43330.77,-1
2024-02-20,2024-02-20 11:12:00,387.7,387.7,387.68,387.68,-0.01,112.21,43330.77,-1
2024-02-20,2024-02-20 11:13:00,387.68,387.68,387.65,387.65,-0.01,112.21,43330.77,-1
2024-02-20,2024-02-20 11:14:00,387.65,387.65,387.62,387.62,-0.01,112.21,43330.77,-1
2024-02-20,2024-02-20 11:15:00,387.62,387.62,387.6,387.6,-0.01,112.21,43330.77,-1
2024-02-20,2024-02-20 11:16:00,387.6,387.6,387.57,387.57,-0.01,112.21,43330.77,-1
2024-02-20,2024-02-20 11:17:00,387.57,387.57,387.55,387.55,-0.01,112.21,43330.77,-1
2024-02-20,2024-02-20 11:18:00,387.55,387.55,387.52,387.52,-0.01,112.21,43330.77,-1
2024-02-20,2024-02-20 11:19:00,387.52,387.52,387.5,387.5,-0.01,112.21,43330.77,-1
2024-02-20,2024-02-20 11:20:00,387.5,387.5,387.48,387.48,-0.01,112.21,43330.77,-1
2024-02-20,2024-02-20 11:21:00,387.48,387.48,387.45,387.45,-0.01,112.21,43330.77,-1
2024-02-20,2024-02-20 11:22:00,387.45,387.45,387.43,387.43,-0.01,112.21,43330.77,-1
2024-02-20,2024-02-20 11:23:00,387.43,387.43,387.4,387.4,-0.01,112.21,43330.77,-1
2024-02-20,2024-02-20 11:24:00,387.4,387.4,387.38,387.38,-0.01,112.21,43330.77,-1
2024-02-20,2024-02-20 11:25:00,387.38,387.38,387.35,387.35,-0.01,112.21,43330.77,-1
2024-02-20,2024-02-20 11:26:00,387.35,387.35,387.32,387.32,-0.01,112.21,43330.77,-1
2024-02-20,2024-02-20 11:27:00,387.32,387.32,387.3,387.3,-0.01,112.21,43330.77,-1
2024-02-20,2024-02-20 11:28:00,387.3,387.3,387.27,387.27,-0.01,112.21,43330.77,-1
2024-02-20,2024-02-20 11:29:00,387.27,387.27,387.25,387.25,-0.01,112.21,43330.77,-1
2024-02-20,2024-02-20 11:30:00,387.25,387.25,387.23,387.23,-0.01,112.21,43330.77,-1
2024-02-20,2024-02-20 11:31:00,387.23,387.23,387.2,387.2,-0.01,112.21,43330.77,-1
2024-02-20,2024-02-20 11:32:00,387.2,387.2,387.18,387.18,-0.01,112.21,43330.77,-1
2024-02-20,2024-02-20 11:33:00,387.18,387.18,387.15,387.15,-0.01,112.21,43330.77,-1
2024-02-20,2024-02-20 11:34:00,387.15,387.15,387.12,387.12,-0.01,112.21,43330.77,-1
2024-02-20,2024-02-20 11:35:00,387.12,387.12,387.1,387.1,-0.01,112.21,43330.77,-1
2024-02-20,2024-02-20 11:36:00,387.1,387.1,387.07,387.07,-0.01,112.21,43330.77,-1
2024-02-20,2024-02-20 11:37:00,387.07,387.07,387.05,387.05,-0.01,112.21,43330.77,-1
2024-02-20,2024-02-20 11:38:00,387.05,387.05,387.02,387.02,-0.01,112.21,43330.77,-1
2024-02-20,2024-02-20 11:39:00,387.02,387.02,387.0,387.0,-0.01,112.21,43330.77,-1
2024-02-20,2024-02-20 11:40:00,387.0,387.0,386.98,386.98,-0.01,112.21,43330.77,-1
2024-02-20,2024-02-20 11:41:00,386.98,386.98,386.95,386.95,-0.01,112.21,43330.77,-1
2024-02-20,2024-02-20 11:42:00,386.95,386.95,386.93,386.93,-0.01,112.21,43330.77,-1
2024-02-20,2024-02-20 11:43:00,386.93,386.93,386.9,386.9,-0.01,112.21,43330.77,-1
2024-02-20,2024-02-20 11:44:00,386.9,386.9,386.88,386.88,-0.01,112.21,43330.77,-1
2024-02-20,2024-02-20 11:45:00,386.88,386.88,386.85,386.85,-0.01,112.21,43330.77,-1
2024-02-20,2024-02-20 11:46:00,386.85,386.85,386.82,386.82,-0.01,112.21,43330.77,-1
2024-02-20,2024-02-20 11:47:00,386.82,386.82,386.8,386.8,-0.01,112.21,43330.77,-1
2024-02-20,2024-02-20 11:48:00,386.8,386.8,386.77,386.77,-0.01,112.21,43330.77,-1
2024-02-20,2024-02-20 11:49:00,386.77,386.77,386.75,386.75,-0.01,112.21,43330.77,-1
2024-02-20,2024-02-20 11:50:00,386.75,386.75,386.73,386.73,-0.01,112.21,43330.77,-1
2024-02-20,2024-02-20 11:51:00,386.73,386.73,386.7,386.7,-0.01,112.21,43330.77,-1
2024-02-20,2024-02-20 11:52:00,386.7,386.7,386.68,386.68,-0.01,112.21,43330.77,-1
2024-02-20,2024-02-20 11:53:00,386.68,386.68,386.65,386.65,-0.01,112.21,43330.77,-1
2024-02-20,2024-02-20 11:54:00,386.65,386.65,386.62,386.62,-0.01,112.21,43330.77,-1
2024-02-20,2024-02-20 11:55:00,386.62,386.62,386.6,386.6,-0.01,112.21,43330.77,-1
2024-02-20,2024-02-20 11:56:00,386.6,386.6,386.57,386.57,-0.01,112.21,43330.77,-1
2024-02-20,2024-02-20 11:57:00,386.57,386.57,386.55,386.55,-0.01,112.21,43330.77,-1
2024-02-20,2024-02-20 11:58:00,386.55,386.55,386.52,386.52,-0.01,112.21,43330.77,-1
2024-02-20,2024-02-20 11:59:00,386.52,386.52,386.5,386.5,-0.01,112.21,43330.77,-1
2024-02-20,2024-02-20 12:00:00,386.5,386.5,386.48,386.48,-0.01,112.21,43330.77,-1
2024-02-20,2024-02-20 12:01:00,386.48,386.48,386.45,386.45,-0.01,112.21,43330.77,-1
2024-02-20,2024-02-20 12:02:00,386.45,386.45,386.43,386.43,-0.01,112.21,43330.77,-1
2024-02-20,2024-02-20 12:03:00,386.43,386.43,386.4,386.4,-0.01,112.21,43330.77,-1
2024-02-20,2024-02-20 12:04:00,386.4,386.4,386.38,386.38,-0.01,112.21,43330.77,-1
2024-02-20,2024-02-20 12:05:00,386.38,386.38,386.35,386.35,-0.01,112.21,43330.77,-1
2024-02-20,2024-02-20 12:06:00,386.35,386.35,386.32,386.32,-0.01,112.21,43330.77,-1
2024-02-20,2024-02-20 12:07:00,386.32,386.32,386.3,386.3,-0.01,112.21,43330.77,-1
2024-02-20,2024-02-20 12:08:00,386.3,386.3,386.27,386.27,-0.01,112.21,43330.77,-1
2024-02-20,2024-02-20 12:09:00,386.27,386.27,386.25,386.25,-0.01,112.21,43330.77,-1
2024-02-20,2024-02-20 12:10:00,386.25,386.25,386.23,386.23,-0.01,112.21,43330.77,-1
2024-02-20,2024-02-20 12:11:00,386.23,386.23,386.2,386.2,-0.01,112.21,43330.77,-1
2024-02-20,2024-02-20 12:12:00,386.2,386.2,386.18,386.18,-0.01,112.21,43330.77,-1
2024-02-20,2024-02-20 12:13:00,386.18,386.18,386.15,386.15,-0.01,112.21,43330.77,-1
2024-02-20,2024-02-20 12:14:00,386.15,386.15,386.12,386.12,-0.01,112.21,43330.77,-1
2024-02-20,2024-02-20 12:15:00,386.12,386.12,386.1,386.1,-0.01,112.21,43330.77,-1
2024-02-20,2024-02-20 12:16:00,386.1,386.1,386.07,386.07,-0.01,112.21,43330.77,-1
2024-02-20,2024-02-20 12:17:00,386.07,386.07,386.05,386.05,-0.01,112.21,43330.77,-1
2024-02-20,2024-02-20 12:18:00,386.05,386.05,386.02,386.02,-0.01,112.21,43330.77,-1
2024-02-20,2024-02-20 12:19:00,386.02,386.02,386.0,386.0,-0.01,112.21,43330.77,-1
2024-02-20,2024-02-20 12:20:00,386.0,386.0,385.98,385.98,-0.01,112.21,43330.77,-1
2024-02-20,2024-02-20 12:21:00,385.98,385.98,385.95,385.95,-0.01,112.21,43330.77,-1
2024-02-20,2024-02-20 12:22:00,385.95,385.95,385.93,385.93,-0.01,112.21,43330.77,-1
2024-02-20,2024-02-20 12:23:00,385.93,385.93,385.9,385.9,-0.01,112.21,43330.77,-1
2024-02-20,2024-02-20 12:24:00,385.9,385.9,385.88,385.88,-0.01,112.21,43330.77,-1
2024-02-20,2024-02-20 12:25:00,385.88,385.88,385.85,385.85,-0.01,112.21,43330.77,-1
2024-02-20,2024-02-20 12:26:00,385.85,385.85,385.82,385.82,-0.01,112.21,43330.77,-1
2024-02-20,2024-02-20 12:27:00,385.82,385.82,385.8,385.8,-0.01,112.21,43330.77,-1
2024-02-20,2024-02-20 12:28:00,385.8,385.8,385.77,385.77,-0.01,112.21,43330.77,-1
2024-02-20,2024-02-20 12:29:00,385.77,385.77,385.75,385.75,-0.01,112.21,43330.77,-1
2024-02-20,2024-02-20 12:30:00,385.75,385.75,385.73,385.73,-0.01,112.21,43330.77,-1
2024-02-20,2024-02-20 12:31:00,385.73,385.73,385.7,385.7,-0.01,112.21,43330.77,-1
2024-02-20,2024-02-20 12:32:00,385.7,385.7,385.68,385.68,-0.01,112.21,43330.77,-1
2024-02-20,2024-02-20 12:33:00,385.68,385.68,385.65,385.65,-0.01,112.21,43330.77,-1
2024-02-20,2024-02-20 12:34:00,385.65,385.65,385.62,385.62,-0.01,112.21,43330.77,-1
2024-02-20,2024-02-20 12:35:00,385.62,385.62,385.6,385.6,-0.01,112.21,43330.77,-1
2024-02-20,2024-02-20 12:36:00,385.6,385.6,385.57,385.57,-0.01,112.21,43330.77,-1
2024-02-20,2024-02-20 12:37:00,385.57,385.57,385.55,385.55,-0.01,112.21,43330.77,-1
2024-02-20,2024-02-20 12:38:00,385.55,385.55,385.52,385.52,-0.01,112.21,43330.77,-1
2024-02-20,2024-02-20 12:39:00,385.52,385.52,385.5,385.5,-0.01,112.21,43330.77,-1
2024-02-20,2024-02-20 12:40:00,385.5,385.5,385.48,385.48,-0.01,112.21,43330.77,-1
2024-02-20,2024-02-20 12:41:00,385.48,385.48,385.45,385.45,-0.01,112.21,43330.77,-1
2024-02-20,2024-02-20 12:42:00,385.45,385.45,385.43,385.43,-0.01,112.21,43330.77,-1
2024-02-20,2024-02-20 12:43:00,385.43,385.43,385.4,385.4,-0.01,112.21,43330.77,-1
2024-02-20,2024-02-20 12:44:00,385.4,385.4,385.38,385.38,-0.01,112.21,43330.77,-1
2024-02-20,2024-02-20 12:45:00,385.38,385.38,385.35,385.35,-0.01,112.21,43330.77,-1
2024-02-20,2024-02-20 12:46:00,385.35,385.35,385.32,385.32,-0.01,112.21,43330.77,-1
2024-02-20,2024-02-20 12:47:00,385.32,385.32,385.3,385.3,-0.01,112.21,43330.77,-1
2024-02-20,2024-02-20 12:48:00,385.3,385.3,385.27,385.27,-0.01,112.21,43330.77,-1
2024-02-20,2024-02-20 12:49:00,385.27,385.27,385.25,385.25,-0.01,112.21,43330.77,-1
2024-02-20,2024-02-20 12:50:00,385.25,385.25,385.23,385.23,-0.01,112.21,43330.77,-1
2024-02-20,2024-02-20 12:51:00,385.23,385.23,385.2,385.2,-0.01,112.21,43330.77,-1
2024-02-20,2024-02-20 12:52:00,385.2,385.2,385.18,385.18,-0.01,112.21,43330.77,-1
2024-02-20,2024-02-20 12:53:00,385.18,385.18,385.15,385.15,-0.01,112.21,43330.77,-1
2024-02-20,2024-02-20 12:54:00,385.15,385.15,385.12,385.12,-0.01,112.21,43330.77,-1
2024-02-20,2024-02-20 12:55:00,385.12,385.12,385.1,385.1,-0.01,112.21,43330.77,-1
2024-02-20,2024-02-20 12:56:00,385.1,385.1,385.07,385.07,-0.01,112.21,43330.77,-1
2024-02-20,2024-02-20 12:57:00,385.07,385.07,385.05,385.05,-0.01,112.21,43330.77,-1
2024-02-20,2024-02-20 12:58:00,385.05,385.05,385.02,385.02,-0.01,112.21,43330.77,-1
2024-02-20,2024-02-20 12:59:00,385.02,385.02,385.0,385.0,-0.01,112.21,43330.77,-1
2024-02-20,2024-02-20 13:00:00,385.0,393.0,380.0,384.98,-0.01,112.21,43330.77,-1
2024-02-20,2024-02-20 13:01:00,384.98,384.98,384.95,384.95,-0.01,112.21,43330.77,-1
2024-02-20,2024-02-20 13:02:00,384.95,384.95,384.93,384.93,-0.01,112.21,43330.77,-1
2024-02-20,2024-02-20 13:03:00,384.93,384.93,384.9,384.9,-0.01,112.21,43330.77,-1
2024-02-20,2024-02-20 13:04:00,384.9,384.9,384.88,384.88,-0.01,112.21,43330.77,-1
2024-02-20,2024-02-20 13:05:00,384.88,384.88,384.85,384.85,-0.01,112.21,43330.77,-1
2024-02-20,2024-02-20 13:06:00,384.85,384.85,384.82,384.82,-0.01,112.21,43330.77,-1
2024-02-20,2024-02-20 13:07:00,384.82,384.82,384.8,384.8,-0.01,112.21,43330.77,-1
2024-02-20,2024-02-20 13:08:00,384.8,384.8,384.77,384.77,-0.01,112.21,43330.77,-1
2024-02-20,2024-02-20 13:09:00,384.77,384.77,384.75,384.75,-0.01,112.21,43330.77,-1
2024-02-20,2024-02-20 13:10:00,384.75,384.75,384.73,384.73,-0.01,112.21,43330.77,-1
2024-02-20,2024-02-20 13:11:00,384.73,384.73,384.7,384.7,-0.01,112.21,43330.77,-1
2024-02-20,2024-02-20 13:12:00,384.7,384.7,384.68,384.68,-0.01,112.21,43330.77,-1
2024-02-20,2024-02-20 13:13:00,384.68,384.68,384.65,384.65,-0.01,112.21,43330.77,-1
2024-02-20,2024-02-20 13:14:00,384.65,384.65,384.62,384.62,-0.01,112.21,43330.77,-1
2024-02-20,2024-02-20 13:15:00,384.62,384.62,384.6,384.6,-0.01,112.21,43330.77,-1
2024-02-20,2024-02-20 13:16:00,384.6,384.6,384.57,384.57,-0.01,112.21,43330.77,-1
2024-02-20,2024-02-20 13:17:00,384.57,384.57,384.55,384.55,-0.01,112.21,43330.77,-1
2024-02-20,2024-02-20 13:18:00,384.55,384.55,384.52,384.52,-0.01,112.21,43330.77,-1
2024-02-20,2024-02-20 13:19:00,384.52,384.52,384.5,384.5,-0.01,112.21,43330.77,-1
2024-02-20,2024-02-20 13:20:00,384.5,384.5,384.48,384.48,-0.01,112.21,43330.77,-1
2024-02-20,2024-02-20 13:21:00,384.48,384.48,384.45,384.45,-0.01,112.21,43330.77,-1
2024-02-20,2024-02-20 13:22:00,384.45,384.45,384.43,384.43,-0.01,112.21,43330.77,-1
2024-02-20,2024-02-20 13:23:00,384.43,384.43,384.4,384.4,-0.01,112.21,43330.77,-1
2024-02-20,2024-02-20 13:24:00,384.4,384.4,384.38,384.38,-0.01,112.21,43330.77,-1
2024-02-20,2024-02-20 13:25:00,384.38,384.38,384.35,384.35,-0.01,112.21,43330.77,-1
2024-02-20,2024-02-20 13:26:00,384.35,384.35,384.32,384.32,-0.01,112.21,43330.77,-1
2024-02-20,2024-02-20 13:27:00,384.32,384.32,384.3,384.3,-0.01,112.21,43330.77,-1
2024-02-20,2024-02-20 13:28:00,384.3,384.3,384.27,384.27,-0.01,112.21,43330.77,-1
2024-02-20,2024-02-20 13:29:00,384.27,384.27,384.25,384.25,-0.01,112.21,43330.77,-1
2024-02-20,2024-02-20 13:30:00,384.25,384.25,384.23,384.23,-0.01,112.21,43330.77,-1
2024-02-20,2024-02-20 13:31:00,384.23,384.23,384.2,384.2,-0.01,112.21,43330.77,-1
2024-02-20,2024-02-20 13:32:00,384.2,384.2,384.18,384.18,-0.01,112.21,43330.77,-1
2024-02-20,2024-02-20 13:33:00,384.18,384.18,384.15,384.15,-0.01,112.21,43330.77,-1
2024-02-20,2024-02-20 13:34:00,384.15,384.15,384.12,384.12,-0.01,112.21,43330.77,-1
2024-02-20,2024-02-20 13:35:00,384.12,384.12,384.1,384.1,-0.01,112.21,43330.77,-1
2024-02-20,2024-02-20 13:36:00,384.1,384.1,384.07,384.07,-0.01,112.21,43330.77,-1
2024-02-20,2024-02-20 13:37:00,384.07,384.07,384.05,384.05,-0.01,112.21,43330.77,-1
2024-02-20,2024-02-20 13:38:00,384.05,384.05,384.02,384.02,-0.01,112.21,43330.77,-1
2024-02-20,2024-02-20 13:39:00,384.02,384.02,384.0,384.0,-0.01,112.21,43330.77,-1
2024-02-20,2024-02-20 13:40:00,384.0,384.0,383.98,383.98,-0.01,112.21,43330.77,-1
2024-02-20,2024-02-20 13:41:00,383.98,383.98,383.95,383.95,-0.01,112.21,43330.77,-1
2024-02-20,2024-02-20 13:42:00,383.95,383.95,383.93,383.93,-0.01,112.21,43330.77,-1
2024-02-20,2024-02-20 13:43:00,383.93,383.93,383.9,383.9,-0.01,112.21,43330.77,-1
2024-02-20,2024-02-20 13:44:00,383.9,383.9,383.88,383.88,-0.01,112.21,43330.77,-1
2024-02-20,2024-02-20 13:45:00,383.88,383.88,383.85,383.85,-0.01,112.21,43330.77,-1
2024-02-20,2024-02-20 13:46:00,383.85,383.85,383.82,383.82,-0.01,112.21,43330.77,-1
2024-02-20,2024-02-20 13:47:00,383.82,383.82,383.8,383.8,-0.01,112.21,43330.77,-1
2024-02-20,2024-02-20 13:48:00,383.8,383.8,383.77,383.77,-0.01,112.21,43330.77,-1
2024-02-20,2024-02-20 13:49:00,383.77,383.77,383.75,383.75,-0.01,112.21,43330.77,-1
2024-02-20,2024-02-20 13:50:00,383.75,383.75,383.73,383.73,-0.01,112.21,43330.77,-1
2024-02-20,2024-02-20 13:51:00,383.73,383.73,383.7,383.7,-0.01,112.21,43330.77,-1
2024-02-20,2024-02-20 13:52:00,383.7,383.7,383.68,383.68,-0.01,112.21,43330.77,-1
2024-02-20,2024-02-20 13:53:00,383.68,383.68,383.65,383.65,-0.01,112.21,43330.77,-1
2024-02-20,2024-02-20 13:54:00,383.65,383.65,383.62,383.62,-0.01,112.21,43330.77,-1
2024-02-20,2024-02-20 13:55:00,383.62,383.62,383.6,383.6,-0.01,112.21,43330.77,-1
2024-02-20,2024-02-20 13:56:00,383.6,383.6,383.57,383.57,-0.01,112.21,43330.77,-1
2024-02-20,2024-02-20 13:57:00,383.57,383.57,383.55,383.55,-0.01,112.21,43330.77,-1
2024-02-20,2024-02-20 13:58:00,383.55,383.55,383.52,383.52,-0.01,112.21,43330.77,-1
2024-02-20,2024-02-20 13:59:00,383.52,383.52,383.5,383.5,-0.01,112.21,43330.77,-1
2024-02-20,2024-02-20 14:00:00,383.5,383.5,383.48,383.48,-0.01,112.21,43330.77,-1
2024-02-20,2024-02-20 14:01:00,383.48,383.48,383.45,383.45,-0.01,112.21,43330.77,-1
2024-02-20,2024-02-20 14:02:00,383.45,383.45,383.43,383.43,-0.01,112.21,43330.77,-1
2024-02-20,2024-02-20 14:03:00,383.43,383.43,383.4,383.4,-0.01,112.21,43330.77,-1
2024-02-20,2024-02-20 14:04:00,383.4,383.4,383.38,383.38,-0.01,112.21,43330.77,-1
2024-02-20,2024-02-20 14:05:00,383.38,383.38,383.35,383.35,-0.01,112.21,43330.77,-1
2024-02-20,2024-02-20 14:06:00,383.35,383.35,383.32,383.32,-0.01,112.21,43330.77,-1
2024-02-20,2024-02-20 14:07:00,383.32,383.32,383.3,383.3,-0.01,112.21,43330.77,-1
2024-02-20,2024-02-20 14:08:00,383.3,383.3,383.27,383.27,-0.01,112.21,43330.77,-1
2024-02-20,2024-02-20 14:09:00,383.27,383.27,383.25,383.25,-0.01,112.21,43330.77,-1
2024-02-20,2024-02-20 14:10:00,383.25,383.25,383.23,383.23,-0.01,112.21,43330.77,-1
2024-02-20,2024-02-20 14:11:00,383.23,383.23,383.2,383.2,-0.01,112.21,43330.77,-1
2024-02-20,2024-02-20 14:12:00,383.2,383.2,383.18,383.18,-0.01,112.21,43330.77,-1
2024-02-20,2024-02-20 14:13:00,383.18,383.18,383.15,383.15,-0.01,112.21,43330.77,-1
2024-02-20,2024-02-20 14:14:00,383.15,383.15,383.12,383.12,-0.01,112.21,43330.77,-1
2024-02-20,2024-02-20 14:15:00,383.12,383.12,383.1,383.1,-0.01,112.21,43330.77,-1
2024-02-20,2024-02-20 14:16:00,383.1,383.1,383.07,383.07,-0.01,112.21,43330.77,-1
2024-02-20,2024-02-20 14:17:00,383.07,383.07,383.05,383.05,-0.01,112.21,43330.77,-1
2024-02-20,2024-02-20 14:18:00,383.05,383.05,383.02,383.02,-0.01,112.21,43330.77,-1
2024-02-20,2024-02-20 14:19:00,383.02,383.02,383.0,383.0,-0.01,112.21,43330.77,-1
2024-02-20,2024-02-20 14:20:00,383.0,383.0,382.98,382.98,-0.01,112.21,43330.77,-1
2024-02-20,2024-02-20 14:21:00,382.98,382.98,382.95,382.95,-0.01,112.21,43330.77,-1
2024-02-20,2024-02-20 14:22:00,382.95,382.95,382.93,382.93,-0.01,112.21,43330.77,-1
2024-02-20,2024-02-20 14:23:00,382.93,382.93,382.9,382.9,-0.01,112.21,43330.77,-1
2024-02-20,2024-02-20 14:24:00,382.9,382.9,382.88,382.88,-0.01,112.21,43330.77,-1
2024-02-20,2024-02-20 14:25:00,382.88,382.88,382.85,382.85,-0.01,112.21,43330.77,-1
2024-02-20,2024-02-20 14:26:00,382.85,382.85,382.82,382.82,-0.01,112.21,43330.77,-1
2024-02-20,2024-02-20 14:27:00,382.82,382.82,382.8,382.8,-0.01,112.21,43330.77,-1
2024-02-20,2024-02-20 14:28:00,382.8,382.8,382.77,382.77,-0.01,112.21,43330.77,-1
2024-02-20,2024-02-20 14:29:00,382.77,382.77,382.75,382.75,-0.01,112.21,43330.77,-1
2024-02-20,2024-02-20 14:30:00,382.75,382.75,382.73,382.73,-0.01,112.21,43330.77,-1
2024-02-20,2024-02-20 14:31:00,382.73,382.73,382.7,382.7,-0.01,112.21,43330.77,-1
2024-02-20,2024-02-20 14:32:00,382.7,382.7,382.68,382.68,-0.01,112.21,43330.77,-1
2024-02-20,2024-02-20 14:33:00,382.68,382.68,382.65,382.65,-0.01,112.21,43330.77,-1
2024-02-20,2024-02-20 14:34:00,382.65,382.65,382.62,382.62,-0.01,112.21,43330.77,-1
2024-02-20,2024-02-20 14:35:00,382.62,382.62,382.6,382.6,-0.01,112.21,43330.77,-1
2024-02-20,2024-02-20 14:36:00,382.6,382.6,382.57,382.57,-0.01,112.21,43330.77,-1
2024-02-20,2024-02-20 14:37:00,382.57,382.57,382.55,382.55,-0.01,112.21,43330.77,-1
2024-02-20,2024-02-20 14:38:00,382.55,382.55,382.52,382.52,-0.01,112.21,43330.77,-1
2024-02-20,2024-02-20 14:39:00,382.52,382.52,382.5,382.5,-0.01,112.21,43330.77,-1
2024-02-20,2024-02-20 14:40:00,382.5,382.5,382.48,382.48,-0.01,112.21,43330.77,-1
2024-02-20,2024-02-20 14:41:00,382.48,382.48,382.45,382.45,-0.01,112.21,43330.77,-1
2024-02-20,2024-02-20 14:42:00,382.45,382.45,382.43,382.43,-0.01,112.21,43330.77,-1
2024-02-20,2024-02-20 14:43:00,382.43,382.43,382.4,382.4,-0.01,112.21,43330.77,-1
2024-02-20,2024-02-20 14:44:00,382.4,382.4,382.38,382.38,-0.01,112.21,43330.77,-1
2024-02-20,2024-02-20 14:45:00,382.38,382.38,382.35,382.35,-0.01,112.21,43330.77,-1
2024-02-20,2024-02-20 14:46:00,382.35,382.35,382.32,382.32,-0.01,112.21,43330.77,-1
2024-02-20,2024-02-20 14:47:00,382.32,382.32,382.3,382.3,-0.01,112.21,43330.77,-1
2024-02-20,2024-02-20 14:48:00,382.3,382.3,382.27,382.27,-0.01,112.21,43330.77,-1
2024-02-20,2024-02-20 14:49:00,382.27,382.27,382.25,382.25,-0.01,112.21,43330.77,-1
2024-02-20,2024-02-20 14:50:00,382.25,382.25,382.23,382.23,-0.01,112.21,43330.77,-1
2024-02-20,2024-02-20 14:51:00,382.23,382.23,382.2,382.2,-0.01,112.21,43330.77,-1
2024-02-20,2024-02-20 14:52:00,382.2,382.2,382.18,382.18,-0.01,112.21,43330.77,-1
2024-02-20,2024-02-20 14:53:00,382.18,382.18,382.15,382.15,-0.01,112.21,43330.77,-1
2024-02-20,2024-02-20 14:54:00,382.15,382.15,382.12,382.12,-0.01,112.21,43330.77,-1
2024-02-20,2024-02-20 14:55:00,382.12,382.12,382.1,382.1,-0.01,112.21,43330.77,-1
2024-02-20,2024-02-20 14:56:00,382.1,382.1,382.07,382.07,-0.01,112.21,43330.77,-1
2024-02-20,2024-02-20 14:57:00,382.07,382.07,382.05,382.05,-0.01,112.21,43330.77,-1
2024-02-20,2024-02-20 14:58:00,382.05,382.05,382.02,382.02,-0.01,112.21,43330.77,-1
2024-02-20,2024-02-20 14:59:00,382.02,382.02,382.0,382.0,-0.01,112.21,43330.77,-1
2024-02-20,2024-02-20 15:00:00,382.0,393.0,380.0,382.0,0.0,112.21,43330.77,0
2024-02-21,2024-02-21 11:00:00,374.5,378.85,373.87,374.5,0.0,85.27,32211.58,0
2024-02-21,2024-02-21 11:01:00,374.5,374.5,374.5,374.5,0.0,85.27,32211.58,0
2024-02-21,2024-02-21 11:02:00,374.5,374.51,374.5,374.51,0.0,85.27,32211.58,1
2024-02-21,2024-02-21 11:03:00,374.51,374.51,374.51,374.51,0.0,85.27,32211.58,0
2024-02-21,2024-02-21 11:04:00,374.51,374.51,374.51,374.51,0.0,85.27,32211.58,0
2024-02-21,2024-02-21 11:05:00,374.51,374.51,374.51,374.51,0.0,85.27,32211.58,0
2024-02-21,2024-02-21 11:06:00,374.51,374.51,374.51,374.51,0.0,85.27,32211.58,0
2024-02-21,2024-02-21 11:07:00,374.51,374.52,374.51,374.52,0.0,85.27,32211.58,1
2024-02-21,2024-02-21 11:08:00,374.52,374.52,374.52,374.52,0.0,85.27,32211.58,0
2024-02-21,2024-02-21 11:09:00,374.52,374.52,374.52,374.52,0.0,85.27,32211.58,0
2024-02-21,2024-02-21 11:10:00,374.52,374.52,374.52,374.52,0.0,85.27,32211.58,0
2024-02-21,2024-02-21 11:11:00,374.52,374.52,374.52,374.52,0.0,85.27,32211.58,0
2024-02-21,2024-02-21 11:12:00,374.52,374.53,374.52,374.53,0.0,85.27,32211.58,1
2024-02-21,2024-02-21 11:13:00,374.53,374.53,374.53,374.53,0.0,85.27,32211.58,0
2024-02-21,2024-02-21 11:14:00,374.53,374.53,374.53,374.53,0.0,85.27,32211.58,0
2024-02-21,2024-02-21 11:15:00,374.53,374.53,374.53,374.53,0.0,85.27,32211.58,0
2024-02-21,2024-02-21 11:16:00,374.53,374.54,374.53,374.54,0.0,85.27,32211.58,1
2024-02-21,2024-02-21 11:17:00,374.54,374.54,374.54,374.54,0.0,85.27,32211.58,0
2024-02-21,2024-02-21 11:18:00,374.54,374.54,374.54,374.54,0.0,85.27,32211.58,0
2024-02-21,2024-02-21 11:19:00,374.54,374.54,374.54,374.54,0.0,85.27,32211.58,0
2024-02-21,2024-02-21 11:20:00,374.54,374.54,374.54,374.54,0.0,85.27,32211.58,0
2024-02-21,2024-02-21 11:21:00,374.54,374.55,374.54,374.55,0.0,85.27,32211.58,1
2024-02-21,2024-02-21 11:22:00,374.55,374.55,374.55,374.55,0.0,85.27,32211.58,0
2024-02-21,2024-02-21 11:23:00,374.55,374.55,374.55,374.55,0.0,85.27,32211.58,0
2024-02-21,2024-02-21 11:24:00,374.55,374.55,374.55,374.55,0.0,85.27,32211.58,0
2024-02-21,2024-02-21 11:25:00,374.55,374.55,374.55,374.55,0.0,85.27,32211.58,0
2024-02-21,2024-02-21 11:26:00,374.55,374.56,374.55,374.56,0.0,85.27,32211.58,1
2024-02-21,2024-02-21 11:27:00,374.56,374.56,374.56,374.56,0.0,85.27,32211.58,0
2024-02-21,2024-02-21 11:28:00,374.56,374.56,374.56,374.56,0.0,85.27,32211.58,0
2024-02-21,2024-02-21 11:29:00,374.56,374.56,374.56,374.56,0.0,85.27,32211.58,0
2024-02-21,2024-02-21 11:30:00,374.56,374.56,374.56,374.56,0.0,85.27,32211.58,0
2024-02-21,2024-02-21 11:31:00,374.56,374.57,374.56,374.57,0.0,85.27,32211.58,1
2024-02-21,2024-02-21 11:32:00,374.57,374.57,374.57,374.57,0.0,85.27,32211.58,0
2024-02-21,2024-02-21 11:33:00,374.57,374.57,374.57,374.57,0.0,85.27,32211.58,0
2024-02-21,2024-02-21 11:34:00,374.57,374.57,374.57,374.57,0.0,85.27,32211.58,0
2024-02-21,2024-02-21 11:35:00,374.57,374.57,374.57,374.57,0.0,85.27,32211.58,0
2024-02-21,2024-02-21 11:36:00,374.57,374.58,374.57,374.58,0.0,85.27,32211.58,1
2024-02-21,2024-02-21 11:37:00,374.58,374.58,374.58,374.58,0.0,85.27,32211.58,0
2024-02-21,2024-02-21 11:38:00,374.58,374.58,374.58,374.58,0.0,85.27,32211.58,0
2024-02-21,2024-02-21 11:39:00,374.58,374.58,374.58,374.58,0.0,85.27,32211.58,0
2024-02-21,2024-02-21 11:40:00,374.58,374.59,374.58,374.59,0.0,85.27,32211.58,1
2024-02-21,2024-02-21 11:41:00,374.59,374.59,374.59,374.59,0.0,85.27,32211.58,0
2024-02-21,2024-02-21 11:42:00,374.59,374.59,374.59,374.59,0.0,85.27,32211.58,0
2024-02-21,2024-02-21 11:43:00,374.59,374.59,374.59,374.59,0.0,85.27,32211.58,0
2024-02-21,2024-02-21 11:44:00,374.59,374.59,374.59,374.59,0.0,85.27,32211.58,0
2024-02-21,2024-02-21 11:45:00,374.59,374.6,374.59,374.6,0.0,85.27,32211.58,1
2024-02-21,2024-02-21 11:46:00,374.6,374.6,374.6,374.6,0.0,85.27,32211.58,0
2024-02-21,2024-02-21 11:47:00,374.6,374.6,374.6,374.6,0.0,85.27,32211.58,0
2024-02-21,2024-02-21 11:48:00,374.6,374.6,374.6,374.6,0.0,85.27,32211.58,0
2024-02-21,2024-02-21 11:49:00,374.6,374.6,374.6,374.6,0.0,85.27,32211.58,0
2024-02-21,2024-02-21 11:50:00,374.6,374.61,374.6,374.61,0.0,85.27,32211.58,1
2024-02-21,2024-02-21 11:51:00,374.61,374.61,374.61,374.61,0.0,85.27,32211.58,0
2024-02-21,2024-02-21 11:52:00,374.61,374.61,374.61,374.61,0.0,85.27,32211.58,0
2024-02-21,2024-02-21 11:53:00,374.61,374.61,374.61,374.61,0.0,85.27,32211.58,0
2024-02-21,2024-02-21 11:54:00,374.61,374.61,374.61,374.61,0.0,85.27,32211.58,0
2024-02-21,2024-02-21 11:55:00,374.61,374.62,374.61,374.62,0.0,85.27,32211.58,1
2024-02-21,2024-02-21 11:56:00,374.62,374.62,374.62,374.62,0.0,85.27,32211.58,0
2024-02-21,2024-02-21 11:57:00,374.62,374.62,374.62,374.62,0.0,85.27,32211.58,0
2024-02-21,2024-02-21 11:58:00,374.62,374.62,374.62,374.62,0.0,85.27,32211.58,0
2024-02-21,2024-02-21 11:59:00,374.62,374.62,374.62,374.62,0.0,85.27,32211.58,0
2024-02-21,2024-02-21 12:00:00,374.62,374.63,374.62,374.63,0.0,85.27,32211.58,1
2024-02-21,2024-02-21 12:01:00,374.63,374.63,374.63,374.63,0.0,85.27,32211.58,0
2024-02-21,2024-02-21 12:02:00,374.63,374.63,374.63,374.63,0.0,85.27,32211.58,0
2024-02-21,2024-02-21 12:03:00,374.63,374.63,374.63,374.63,0.0,85.27,32211.58,0
2024-02-21,2024-02-21 12:04:00,374.63,374.64,374.63,374.64,0.0,85.27,32211.58,1
2024-02-21,2024-02-21 12:05:00,374.64,374.64,374.64,374.64,0.0,85.27,32211.58,0
2024-02-21,2024-02-21 12:06:00,374.64,374.64,374.64,374.64,0.0,85.27,32211.58,0
2024-02-21,2024-02-21 12:07:00,374.64,374.64,374.64,374.64,0.0,85.27,32211.58,0
2024-02-21,2024-02-21 12:08:00,374.64,374.64,374.64,374.64,0.0,85.27,32211.58,0
2024-02-21,2024-02-21 12:09:00,374.64,374.65,374.64,374.65,0.0,85.27,32211.58,1
2024-02-21,2024-02-21 12:10:00,374.65,374.65,374.65,374.65,0.0,85.27,32211.58,0
2024-02-21,2024-02-21 12:11:00,374.65,374.65,374.65,374.65,0.0,85.27,32211.58,0
2024-02-21,2024-02-21 12:12:00,374.65,374.65,374.65,374.65,0.0,85.27,32211.58,0
2024-02-21,2024-02-21 12:13:00,374.65,374.65,374.65,374.65,0.0,85.27,32211.58,0
2024-02-21,2024-02-21 12:14:00,374.65,374.66,374.65,374.66,0.0,85.27,32211.58,1
2024-02-21,2024-02-21 12:15:00,374.66,374.66,374.66,374.66,0.0,85.27,32211.58,0
2024-02-21,2024-02-21 12:16:00,374.66,374.66,374.66,374.66,0.0,85.27,32211.58,0
2024-02-21,2024-02-21 12:17:00,374.66,374.66,374.66,374.66,0.0,85.27,32211.58,0
2024-02-21,2024-02-21 12:18:00,374.66,374.66,374.66,374.66,0.0,85.27,32211.58,0
2024-02-21,2024-02-21 12:19:00,374.66,374.67,374.66,374.67,0.0,85.27,32211.58,1
2024-02-21,2024-02-21 12:20:00,374.67,374.67,374.67,374.67,0.0,85.27,32211.58,0
2024-02-21,2024-02-21 12:21:00,374.67,374.67,374.67,374.67,0.0,85.27,32211.58,0
2024-02-21,2024-02-21 12:22:00,374.67,374.67,374.67,374.67,0.0,85.27,32211.58,0
2024-02-21,2024-02-21 12:23:00,374.67,374.68,374.67,374.68,0.0,85.27,32211.58,1
2024-02-21,2024-02-21 12:24:00,374.68,374.68,374.68,374.68,0.0,85.27,32211.58,0
2024-02-21,2024-02-21 12:25:00,374.68,374.68,374.68,374.68,0.0,85.27,32211.58,0
2024-02-21,2024-02-21 12:26:00,374.68,374.68,374.68,374.68,0.0,85.27,32211.58,0
2024-02-21,2024-02-21 12:27:00,374.68,374.68,374.68,374.68,0.0,85.27,32211.58,0
2024-02-21,2024-02-21 12:28:00,374.68,374.69,374.68,374.69,0.0,85.27,32211.58,1
2024-02-21,2024-02-21 12:29:00,374.69,374.69,374.69,374.69,0.0,85.27,32211.58,0
2024-02-21,2024-02-21 12:30:00,374.69,374.69,374.69,374.69,0.0,85.27,32211.58,0
2024-02-21,2024-02-21 12:31:00,374.69,374.69,374.69,374.69,0.0,85.27,32211.58,0
2024-02-21,2024-02-21 12:32:00,374.69,374.69,374.69,374.69,0.0,85.27,32211.58,0
2024-02-21,2024-02-21 12:33:00,374.69,374.7,374.69,374.7,0.0,85.27,32211.58,1
2024-02-21,2024-02-21 12:34:00,374.7,374.7,374.7,374.7,0.0,85.27,32211.58,0
2024-02-21,2024-02-21 12:35:00,374.7,374.7,374.7,374.7,0.0,85.27,32211.58,0
2024-02-21,2024-02-21 12:36:00,374.7,374.7,374.7,374.7,0.0,85.27,32211.58,0
2024-02-21,2024-02-21 12:37:00,374.7,374.7,374.7,374.7,0.0,85.27,32211.58,0
2024-02-21,2024-02-21 12:38:00,374.7,374.71,374.7,374.71,0.0,85.27,32211.58,1
2024-02-21,2024-02-21 12:39:00,374.71,374.71,374.71,374.71,0.0,85.27,32211.58,0
2024-02-21,2024-02-21 12:40:00,374.71,374.71,374.71,374.71,0.0,85.27,32211.58,0
2024-02-21,2024-02-21 12:41:00,374.71,374.71,374.71,374.71,0.0,85.27,32211.58,0
2024-02-21,2024-02-21 12:42:00,374.71,374.71,374.71,374.71,0.0,85.27,32211.58,0
2024-02-21,2024-02-21 12:43:00,374.71,374.72,374.71,374.72,0.0,85.27,32211.58,1
2024-02-21,2024-02-21 12:44:00,374.72,374.72,374.72,374.72,0.0,85.27,32211.58,0
2024-02-21,2024-02-21 12:45:00,374.72,374.72,374.72,374.72,0.0,85.27,32211.58,0
2024-02-21,2024-02-21 12:46:00,374.72,374.72,374.72,374.72,0.0,85.27,32211.58,0
2024-02-21,2024-02-21 12:47:00,374.72,374.73,374.72,374.73,0.0,85.27,32211.58,1
2024-02-21,2024-02-21 12:48:00,374.73,374.73,374.73,374.73,0.0,85.27,32211.58,0
2024-02-21,2024-02-21 12:49:00,374.73,374.73,374.73,374.73,0.0,85.27,32211.58,0
2024-02-21,2024-02-21 12:50:00,374.73,374.73,374.73,374.73,0.0,85.27,32211.58,0
2024-02-21,2024-02-21 12:51:00,374.73,374.73,374.73,374.73,0.0,85.27,32211.58,0
2024-02-21,2024-02-21 12:52:00,374.73,374.74,374.73,374.74,0.0,85.27,32211.58,1
2024-02-21,2024-02-21 12:53:00,374.74,374.74,374.74,374.74,0.0,85.27,32211.58,0
2024-02-21,2024-02-21 12:54:00,374.74,374.74,374.74,374.74,0.0,85.27,32211.58,0
2024-02-21,2024-02-21 12:55:00,374.74,374.74,374.74,374.74,0.0,85.27,32211.58,0
2024-02-21,2024-02-21 12:56:00,374.74,374.74,374.74,374.74,0.0,85.27,32211.58,0
2024-02-21,2024-02-21 12:57:00,374.74,374.75,374.74,374.75,0.0,85.27,32211.58,1
2024-02-21,2024-02-21 12:58:00,374.75,374.75,374.75,374.75,0.0,85.27,32211.58,0
2024-02-21,2024-02-21 12:59:00,374.75,374.75,374.75,374.75,0.0,85.27,32211.58,0
2024-02-21,2024-02-21 13:00:00,374.75,389.0,372.4,374.75,0.0,85.27,32211.58,0
2024-02-21,2024-02-21 13:01:00,374.75,374.75,374.75,374.75,0.0,85.27,32211.58,0
2024-02-21,2024-02-21 13:02:00,374.75,374.76,374.75,374.76,0.0,85.27,32211.58,1
2024-02-21,2024-02-21 13:03:00,374.76,374.76,374.76,374.76,0.0,85.27,32211.58,0
2024-02-21,2024-02-21 13:04:00,374.76,374.76,374.76,374.76,0.0,85.27,32211.58,0
2024-02-21,2024-02-21 13:05:00,374.76,374.76,374.76,374.76,0.0,85.27,32211.58,0
2024-02-21,2024-02-21 13:06:00,374.76,374.76,374.76,374.76,0.0,85.27,32211.58,0
2024-02-21,2024-02-21 13:07:00,374.76,374.77,374.76,374.77,0.0,85.27,32211.58,1
2024-02-21,2024-02-21 13:08:00,374.77,374.77,374.77,374.77,0.0,85.27,32211.58,0
2024-02-21,2024-02-21 13:09:00,374.77,374.77,374.77,374.77,0.0,85.27,32211.58,0
2024-02-21,2024-02-21 13:10:00,374.77,374.77,374.77,374.77,0.0,85.27,32211.58,0
2024-02-21,2024-02-21 13:11:00,374.77,374.77,374.77,374.77,0.0,85.27,32211.58,0
2024-02-21,2024-02-21 13:12:00,374.77,374.78,374.77,374.78,0.0,85.27,32211.58,1
2024-02-21,2024-02-21 13:13:00,374.78,374.78,374.78,374.78,0.0,85.27,32211.58,0
2024-02-21,2024-02-21 13:14:00,374.78,374.78,374.78,374.78,0.0,85.27,32211.58,0
2024-02-21,2024-02-21 13:15:00,374.78,374.78,374.78,374.78,0.0,85.27,32211.58,0
2024-02-21,2024-02-21 13:16:00,374.78,374.79,374.78,374.79,0.0,85.27,32211.58,1
2024-02-21,2024-02-21 13:17:00,374.79,374.79,374.79,374.79,0.0,85.27,32211.58,0
2024-02-21,2024-02-21 13:18:00,374.79,374.79,374.79,374.79,0.0,85.27,32211.58,0
2024-02-21,2024-02-21 13:19:00,374.79,374.79,374.79,374.79,0.0,85.27,32211.58,0
2024-02-21,2024-02-21 13:20:00,374.79,374.79,374.79,374.79,0.0,85.27,32211.58,0
2024-02-21,2024-02-21 13:21:00,374.79,374.8,374.79,374.8,0.0,85.27,32211.58,1
2024-02-21,2024-02-21 13:22:00,374.8,374.8,374.8,374.8,0.0,85.27,32211.58,0
2024-02-21,2024-02-21 13:23:00,374.8,374.8,374.8,374.8,0.0,85.27,32211.58,0
2024-02-21,2024-02-21 13:24:00,374.8,374.8,374.8,374.8,0.0,85.27,32211.58,0
2024-02-21,2024-02-21 13:25:00,374.8,374.8,374.8,374.8,0.0,85.27,32211.58,0
2024-02-21,2024-02-21 13:26:00,374.8,374.81,374.8,374.81,0.0,85.27,32211.58,1
2024-02-21,2024-02-21 13:27:00,374.81,374.81,374.81,374.81,0.0,85.27,32211.58,0
2024-02-21,2024-02-21 13:28:00,374.81,374.81,374.81,374.81,0.0,85.27,32211.58,0
2024-02-21,2024-02-21 13:29:00,374.81,374.81,374.81,374.81,0.0,85.27,32211.58,0
2024-02-21,2024-02-21 13:30:00,374.81,374.81,374.81,374.81,0.0,85.27,32211.58,0
2024-02-21,2024-02-21 13:31:00,374.81,374.82,374.81,374.82,0.0,85.27,32211.58,1
2024-02-21,2024-02-21 13:32:00,374.82,374.82,374.82,374.82,0.0,85.27,32211.58,0
2024-02-21,2024-02-21 13:33:00,374.82,374.82,374.82,374.82,0.0,85.27,32211.58,0
2024-02-21,2024-02-21 13:34:00,374.82,374.82,374.82,374.82,0.0,85.27,32211.58,0
2024-02-21,2024-02-21 13:35:00,374.82,374.82,374.82,374.82,0.0,85.27,32211.58,0
2024-02-21,2024-02-21 13:36:00,374.82,374.83,374.82,374.83,0.0,85.27,32211.58,1
2024-02-21,2024-02-21 13:37:00,374.83,374.83,374.83,374.83,0.0,85.27,32211.58,0
2024-02-21,2024-02-21 13:38:00,374.83,374.83,374.83,374.83,0.0,85.27,32211.58,0
2024-02-21,2024-02-21 13:39:00,374.83,374.83,374.83,374.83,0.0,85.27,32211.58,0
2024-02-21,2024-02-21 13:40:00,374.83,374.84,374.83,374.84,0.0,85.27,32211.58,1
2024-02-21,2024-02-21 13:41:00,374.84,374.84,374.84,374.84,0.0,85.27,32211.58,0
2024-02-21,2024-02-21 13:42:00,374.84,374.84,374.84,374.84,0.0,85.27,32211.58,0
2024-02-21,2024-02-21 13:43:00,374.84,374.84,374.84,374.84,0.0,85.27,32211.58,0
2024-02-21,2024-02-21 13:44:00,374.84,374.84,374.84,374.84,0.0,85.27,32211.58,0
2024-02-21,2024-02-21 13:45:00,374.84,374.85,374.84,374.85,0.0,85.27,32211.58,1
2024-02-21,2024-02-21 13:46:00,374.85,374.85,374.85,374.85,0.0,85.27,32211.58,0
2024-02-21,2024-02-21 13:47:00,374.85,374.85,374.85,374.85,0.0,85.27,32211.58,0
2024-02-21,2024-02-21 13:48:00,374.85,374.85,374.85,374.85,0.0,85.27,32211.58,0
2024-02-21,2024-02-21 13:49:00,374.85,374.85,374.85,374.85,0.0,85.27,32211.58,0
2024-02-21,2024-02-21 13:50:00,374.85,374.86,374.85,374.86,0.0,85.27,32211.58,1
2024-02-21,2024-02-21 13:51:00,374.86,374.86,374.86,374.86,0.0,85.27,32211.58,0
2024-02-21,2024-02-21 13:52:00,374.86,374.86,374.86,374.86,0.0,85.27,32211.58,0
2024-02-21,2024-02-21 13:53:00,374.86,374.86,374.86,374.86,0.0,85.27,32211.58,0
2024-02-21,2024-02-21 13:54:00,374.86,374.86,374.86,374.86,0.0,85.27,32211.58,0
2024-02-21,2024-02-21 13:55:00,374.86,374.87,374.86,374.87,0.0,85.27,32211.58,1
2024-02-21,2024-02-21 13:56:00,374.87,374.87,374.87,374.87,0.0,85.27,32211.58,0
2024-02-21,2024-02-21 13:57:00,374.87,374.87,374.87,374.87,0.0,85.27,32211.58,0
2024-02-21,2024-02-21 13:58:00,374.87,374.87,374.87,374.87,0.0,85.27,32211.58,0
2024-02-21,2024-02-21 13:59:00,374.87,374.88,374.87,374.88,0.0,85.27,32211.58,1
2024-02-21,2024-02-21 14:00:00,374.88,374.88,374.88,374.88,0.0,85.27,32211.58,0
2024-02-21,2024-02-21 14:01:00,374.88,374.88,374.88,374.88,0.0,85.27,32211.58,0
2024-02-21,2024-02-21 14:02:00,374.88,374.88,374.88,374.88,0.0,85.27,32211.58,0
2024-02-21,2024-02-21 14:03:00,374.88,374.88,374.88,374.88,0.0,85.27,32211.58,0
2024-02-21,2024-02-21 14:04:00,374.88,374.89,374.88,374.89,0.0,85.27,32211.58,1
2024-02-21,2024-02-21 14:05:00,374.89,374.89,374.89,374.89,0.0,85.27,32211.58,0
2024-02-21,2024-02-21 14:06:00,374.89,374.89,374.89,374.89,0.0,85.27,32211.58,0
2024-02-21,2024-02-21 14:07:00,374.89,374.89,374.89,374.89,0.0,85.27,32211.58,0
2024-02-21,2024-02-21 14:08:00,374.89,374.89,374.89,374.89,0.0,85.27,32211.58,0
2024-02-21,2024-02-21 14:09:00,374.89,374.9,374.89,374.9,0.0,85.27,32211.58,1
2024-02-21,2024-02-21 14:10:00,374.9,374.9,374.9,374.9,0.0,85.27,32211.58,0
2024-02-21,2024-02-21 14:11:00,374.9,374.9,374.9,374.9,0.0,85.27,32211.58,0
2024-02-21,2024-02-21 14:12:00,374.9,374.9,374.9,374.9,0.0,85.27,32211.58,0
2024-02-21,2024-02-21 14:13:00,374.9,374.9,374.9,374.9,0.0,85.27,32211.58,0
2024-02-21,2024-02-21 14:14:00,374.9,374.91,374.9,374.91,0.0,85.27,32211.58,1
2024-02-21,2024-02-21 14:15:00,374.91,374.91,374.91,374.91,0.0,85.27,32211.58,0
2024-02-21,2024-02-21 14:16:00,374.91,374.91,374.91,374.91,0.0,85.27,32211.58,0
2024-02-21,2024-02-21 14:17:00,374.91,374.91,374.91,374.91,0.0,85.27,32211.58,0
2024-02-21,2024-02-21 14:18:00,374.91,374.91,374.91,374.91,0.0,85.27,32211.58,0
2024-02-21,2024-02-21 14:19:00,374.91,374.92,374.91,374.92,0.0,85.27,32211.58,1
2024-02-21,2024-02-21 14:20:00,374.92,374.92,374.92,374.92,0.0,85.27,32211.58,0
2024-02-21,2024-02-21 14:21:00,374.92,374.92,374.92,374.92,0.0,85.27,32211.58,0
2024-02-21,2024-02-21 14:22:00,374.92,374.92,374.92,374.92,0.0,85.27,32211.58,0
2024-02-21,2024-02-21 14:23:00,374.92,374.93,374.92,374.93,0.0,85.27,32211.58,1
2024-02-21,2024-02-21 14:24:00,374.93,374.93,374.93,374.93,0.0,85.27,32211.58,0
2024-02-21,2024-02-21 14:25:00,374.93,374.93,374.93,374.93,0.0,85.27,32211.58,0
2024-02-21,2024-02-21 14:26:00,374.93,374.93,374.93,374.93,0.0,85.27,32211.58,0
2024-02-21,2024-02-21 14:27:00,374.93,374.93,374.93,374.93,0.0,85.27,32211.58,0
2024-02-21,2024-02-21 14:28:00,374.93,374.94,374.93,374.94,0.0,85.27,32211.58,1
2024-02-21,2024-02-21 14:29:00,374.94,374.94,374.94,374.94,0.0,85.27,32211.58,0
2024-02-21,2024-02-21 14:30:00,374.94,374.94,374.94,374.94,0.0,85.27,32211.58,0
2024-02-21,2024-02-21 14:31:00,374.94,374.94,374.94,374.94,0.0,85.27,32211.58,0
2024-02-21,2024-02-21 14:32:00,374.94,374.94,374.94,374.94,0.0,85.27,32211.58,0
2024-02-21,2024-02-21 14:33:00,374.94,374.95,374.94,374.95,0.0,85.27,32211.58,1
2024-02-21,2024-02-21 14:34:00,374.95,374.95,374.95,374.95,0.0,85.27,32211.58,0
2024-02-21,2024-02-21 14:35:00,374.95,374.95,374.95,374.95,0.0,85.27,32211.58,0
2024-02-21,2024-02-21 14:36:00,374.95,374.95,374.95,374.95,0.0,85.27,32211.58,0
2024-02-21,2024-02-21 14:37:00,374.95,374.95,374.95,374.95,0.0,85.27,32211.58,0
2024-02-21,2024-02-21 14:38:00,374.95,374.96,374.95,374.96,0.0,85.27,32211.58,1
2024-02-21,2024-02-21 14:39:00,374.96,374.96,374.96,374.96,0.0,85.27,32211.58,0
2024-02-21,2024-02-21 14:40:00,374.96,374.96,374.96,374.96,0.0,85.27,32211.58,0
2024-02-21,2024-02-21 14:41:00,374.96,374.96,374.96,374.96,0.0,85.27,32211.58,0
2024-02-21,2024-02-21 14:42:00,374.96,374.96,374.96,374.96,0.0,85.27,32211.58,0
2024-02-21,2024-02-21 14:43:00,374.96,374.97,374.96,374.97,0.0,85.27,32211.58,1
2024-02-21,2024-02-21 14:44:00,374.97,374.97,374.97,374.97,0.0,85.27,32211.58,0
2024-02-21,2024-02-21 14:45:00,374.97,374.97,374.97,374.97,0.0,85.27,32211.58,0
2024-02-21,2024-02-21 14:46:00,374.97,374.97,374.97,374.97,0.0,85.27,32211.58,0
2024-02-21,2024-02-21 14:47:00,374.97,374.98,374.97,374.98,0.0,85.27,32211.58,1
2024-02-21,2024-02-21 14:48:00,374.98,374.98,374.98,374.98,0.0,85.27,32211.58,0
2024-02-21,2024-02-21 14:49:00,374.98,374.98,374.98,374.98,0.0,85.27,32211.58,0
2024-02-21,2024-02-21 14:50:00,374.98,374.98,374.98,374.98,0.0,85.27,32211.58,0
2024-02-21,2024-02-21 14:51:00,374.98,374.98,374.98,374.98,0.0,85.27,32211.58,0
2024-02-21,2024-02-21 14:52:00,374.98,374.99,374.98,374.99,0.0,85.27,32211.58,1
2024-02-21,2024-02-21 14:53:00,374.99,374.99,374.99,374.99,0.0,85.27,32211.58,0
2024-02-21,2024-02-21 14:54:00,374.99,374.99,374.99,374.99,0.0,85.27,32211.58,0
2024-02-21,2024-02-21 14:55:00,374.99,374.99,374.99,374.99,0.0,85.27,32211.58,0
2024-02-21,2024-02-21 14:56:00,374.99,374.99,374.99,374.99,0.0,85.27,32211.58,0
2024-02-21,2024-02-21 14:57:00,374.99,375.0,374.99,375.0,0.0,85.27,32211.58,1
2024-02-21,2024-02-21 14:58:00,375.0,375.0,375.0,375.0,0.0,85.27,32211.58,0
2024-02-21,2024-02-21 14:59:00,375.0,375.0,375.0,375.0,0.0,85.27,32211.58,0
2024-02-21,2024-02-21 15:00:00,375.0,389.0,372.4,375.0,0.0,85.27,32211.58,0
2024-02-22,2024-02-22 11:00:00,370.0,373.75,365.86,369.96,-0.01,122.96,44877.71,-1
2024-02-22,2024-02-22 11:01:00,369.96,369.96,369.92,369.92,-0.01,122.96,44877.71,-1
2024-02-22,2024-02-22 11:02:00,369.92,369.92,369.88,369.88,-0.01,122.96,44877.71,-1
2024-02-22,2024-02-22 11:03:00,369.88,369.88,369.84,369.84,-0.01,122.96,44877.71,-1
2024-02-22,2024-02-22 11:04:00,369.84,369.84,369.8,369.8,-0.01,122.96,44877.71,-1
2024-02-22,2024-02-22 11:05:00,369.8,369.8,369.75,369.75,-0.01,122.96,44877.71,-1
2024-02-22,2024-02-22 11:06:00,369.75,369.75,369.71,369.71,-0.01,122.96,44877.71,-1
2024-02-22,2024-02-22 11:07:00,369.71,369.71,369.67,369.67,-0.01,122.96,44877.71,-1
2024-02-22,2024-02-22 11:08:00,369.67,369.67,369.63,369.63,-0.01,122.96,44877.71,-1
2024-02-22,2024-02-22 11:09:00,369.63,369.63,369.59,369.59,-0.01,122.96,44877.71,-1
2024-02-22,2024-02-22 11:10:00,369.59,369.59,369.55,369.55,-0.01,122.96,44877.71,-1
2024-02-22,2024-02-22 11:11:00,369.55,369.55,369.51,369.51,-0.01,122.96,44877.71,-1
2024-02-22,2024-02-22 11:12:00,369.51,369.51,369.47,369.47,-0.01,122.96,44877.71,-1
2024-02-22,2024-02-22 11:13:00,369.47,369.47,369.43,369.43,-0.01,122.96,44877.71,-1
2024-02-22,2024-02-22 11:14:00,369.43,369.43,369.39,369.39,-0.01,122.96,44877.71,-1
2024-02-22,2024-02-22 11:15:00,369.39,369.39,369.35,369.35,-0.01,122.96,44877.71,-1
2024-02-22,2024-02-22 11:16:00,369.35,369.35,369.31,369.31,-0.01,122.96,44877.71,-1
2024-02-22,2024-02-22 11:17:00,369.31,369.31,369.26,369.26,-0.01,122.96,44877.71,-1
2024-02-22,2024-02-22 11:18:00,369.26,369.26,369.22,369.22,-0.01,122.96,44877.71,-1
2024-02-22,2024-02-22 11:19:00,369.22,369.22,369.18,369.18,-0.01,122.96,44877.71,-1
2024-02-22,2024-02-22 11:20:00,369.18,369.18,369.14,369.14,-0.01,122.96,44877.71,-1
2024-02-22,2024-02-22 11:21:00,369.14,369.14,369.1,369.1,-0.01,122.96,44877.71,-1
2024-02-22,2024-02-22 11:22:00,369.1,369.1,369.06,369.06,-0.01,122.96,44877.71,-1
2024-02-22,2024-02-22 11:23:00,369.06,369.06,369.02,369.02,-0.01,122.96,44877.71,-1
2024-02-22,2024-02-22 11:24:00,369.02,369.02,368.98,368.98,-0.01,122.96,44877.71,-1
2024-02-22,2024-02-22 11:25:00,368.98,368.98,368.94,368.94,-0.01,122.96,44877.71,-1
2024-02-22,2024-02-22 11:26:00,368.94,368.94,368.9,368.9,-0.01,122.96,44877.71,-1
2024-02-22,2024-02-22 11:27:00,368.9,368.9,368.86,368.86,-0.01,122.96,44877.71,-1
2024-02-22,2024-02-22 11:28:00,368.86,368.86,368.82,368.82,-0.01,122.96,44877.71,-1
2024-02-22,2024-02-22 11:29:00,368.82,368.82,368.77,368.77,-0.01,122.96,44877.71,-1
2024-02-22,2024-02-22 11:30:00,368.77,368.77,368.73,368.73,-0.01,122.96,44877.71,-1
2024-02-22,2024-02-22 11:31:00,368.73,368.73,368.69,368.69,-0.01,122.96,44877.71,-1
2024-02-22,2024-02-22 11:32:00,368.69,368.69,368.65,368.65,-0.01,122.96,44877.71,-1
2024-02-22,2024-02-22 11:33:00,368.65,368.65,368.61,368.61,-0.01,122.96,44877.71,-1
2024-02-22,2024-02-22 11:34:00,368.61,368.61,368.57,368.57,-0.01,122.96,44877.71,-1
2024-02-22,2024-02-22 11:35:00,368.57,368.57,368.53,368.53,-0.01,122.96,44877.71,-1
2024-02-22,2024-02-22 11:36:00,368.53,368.53,368.49,368.49,-0.01,122.96,44877.71,-1
2024-02-22,2024-02-22 11:37:00,368.49,368.49,368.45,368.45,-0.01,122.96,44877.71,-1
2024-02-22,2024-02-22 11:38:00,368.45,368.45,368.41,368.41,-0.01,122.96,44877.71,-1
2024-02-22,2024-02-22 11:39:00,368.41,368.41,368.37,368.37,-0.01,122.96,44877.71,-1
2024-02-22,2024-02-22 11:40:00,368.37,368.37,368.33,368.33,-0.01,122.96,44877.71,-1
2024-02-22,2024-02-22 11:41:00,368.33,368.33,368.29,368.29,-0.01,122.96,44877.71,-1
2024-02-22,2024-02-22 11:42:00,368.29,368.29,368.24,368.24,-0.01,122.96,44877.71,-1
2024-02-22,2024-02-22 11:43:00,368.24,368.24,368.2,368.2,-0.01,122.96,44877.71,-1
2024-02-22,2024-02-22 11:44:00,368.2,368.2,368.16,368.16,-0.01,122.96,44877.71,-1
2024-02-22,2024-02-22 11:45:00,368.16,368.16,368.12,368.12,-0.01,122.96,44877.71,-1
2024-02-22,2024-02-22 11:46:00,368.12,368.12,368.08,368.08,-0.01,122.96,44877.71,-1
2024-02-22,2024-02-22 11:47:00,368.08,368.08,368.04,368.04,-0.01,122.96,44877.71,-1
2024-02-22,2024-02-22 11:48:00,368.04,368.04,368.0,368.0,-0.01,122.96,44877.71,-1
2024-02-22,2024-02-22 11:49:00,368.0,368.0,367.96,367.96,-0.01,122.96,44877.71,-1
2024-02-22,2024-02-22 11:50:00,367.96,367.96,367.92,367.92,-0.01,122.96,44877.71,-1
2024-02-22,2024-02-22 11:51:00,367.92,367.92,367.88,367.88,-0.01,122.96,44877.71,-1
2024-02-22,2024-02-22 11:52:00,367.88,367.88,367.84,367.84,-0.01,122.96,44877.71,-1
2024-02-22,2024-02-22 11:53:00,367.84,367.84,367.8,367.8,-0.01,122.96,44877.71,-1
2024-02-22,2024-02-22 11:54:00,367.8,367.8,367.75,367.75,-0.01,122.96,44877.71,-1
2024-02-22,2024-02-22 11:55:00,367.75,367.75,367.71,367.71,-0.01,122.96,44877.71,-1
2024-02-22,2024-02-22 11:56:00,367.71,367.71,367.67,367.67,-0.01,122.96,44877.71,-1
2024-02-22,2024-02-22 11:57:00,367.67,367.67,367.63,367.63,-0.01,122.96,44877.71,-1
2024-02-22,2024-02-22 11:58:00,367.63,367.63,367.59,367.59,-0.01,122.96,44877.71,-1
2024-02-22,2024-02-22 11:59:00,367.59,367.59,367.55,367.55,-0.01,122.96,44877.71,-1
2024-02-22,2024-02-22 12:00:00,367.55,367.55,367.51,367.51,-0.01,122.96,44877.71,-1
2024-02-22,2024-02-22 12:01:00,367.51,367.51,367.47,367.47,-0.01,122.96,44877.71,-1
2024-02-22,2024-02-22 12:02:00,367.47,367.47,367.43,367.43,-0.01,122.96,44877.71,-1
2024-02-22,2024-02-22 12:03:00,367.43,367.43,367.39,367.39,-0.01,122.96,44877.71,-1
2024-02-22,2024-02-22 12:04:00,367.39,367.39,367.35,367.35,-0.01,122.96,44877.71,-1
2024-02-22,2024-02-22 12:05:00,367.35,367.35,367.31,367.31,-0.01,122.96,44877.71,-1
2024-02-22,2024-02-22 12:06:00,367.31,367.31,367.26,367.26,-0.01,122.96,44877.71,-1
2024-02-22,2024-02-22 12:07:00,367.26,367.26,367.22,367.22,-0.01,122.96,44877.71,-1
2024-02-22,2024-02-22 12:08:00,367.22,367.22,367.18,367.18,-0.01,122.96,44877.71,-1
2024-02-22,2024-02-22 12:09:00,367.18,367.18,367.14,367.14,-0.01,122.96,44877.71,-1
2024-02-22,2024-02-22 12:10:00,367.14,367.14,367.1,367.1,-0.01,122.96,44877.71,-1
2024-02-22,2024-02-22 12:11:00,367.1,367.1,367.06,367.06,-0.01,122.96,44877.71,-1
2024-02-22,2024-02-22 12:12:00,367.06,367.06,367.02,367.02,-0.01,122.96,44877.71,-1
2024-02-22,2024-02-22 12:13:00,367.02,367.02,366.98,366.98,-0.01,122.96,44877.71,-1
2024-02-22,2024-02-22 12:14:00,366.98,366.98,366.94,366.94,-0.01,122.96,44877.71,-1
2024-02-22,2024-02-22 12:15:00,366.94,366.94,366.9,366.9,-0.01,122.96,44877.71,-1
2024-02-22,2024-02-22 12:16:00,366.9,366.9,366.86,366.86,-0.01,122.96,44877.71,-1
2024-02-22,2024-02-22 12:17:00,366.86,366.86,366.81,366.81,-0.01,122.96,44877.71,-1
2024-02-22,2024-02-22 12:18:00,366.81,366.81,366.77,366.77,-0.01,122.96,44877.71,-1
2024-02-22,2024-02-22 12:19:00,366.77,366.77,366.73,366.73,-0.01,122.96,44877.71,-1
2024-02-22,2024-02-22 12:20:00,366.73,366.73,366.69,366.69,-0.01,122.96,44877.71,-1
2024-02-22,2024-02-22 12:21:00,366.69,366.69,366.65,366.65,-0.01,122.96,44877.71,-1
2024-02-22,2024-02-22 12:22:00,366.65,366.65,366.61,366.61,-0.01,122.96,44877.71,-1
2024-02-22,2024-02-22 12:23:00,366.61,366.61,366.57,366.57,-0.01,122.96,44877.71,-1
2024-02-22,2024-02-22 12:24:00,366.57,366.57,366.53,366.53,-0.01,122.96,44877.71,-1
2024-02-22,2024-02-22 12:25:00,366.53,366.53,366.49,366.49,-0.01,122.96,44877.71,-1
2024-02-22,2024-02-22 12:26:00,366.49,366.49,366.45,366.45,-0.01,122.96,44877.71,-1
2024-02-22,2024-02-22 12:27:00,366.45,366.45,366.41,366.41,-0.01,122.96,44877.71,-1
2024-02-22,2024-02-22 12:28:00,366.41,366.41,366.37,366.37,-0.01,122.96,44877.71,-1
2024-02-22,2024-02-22 12:29:00,366.37,366.37,366.32,366.32,-0.01,122.96,44877.71,-1
2024-02-22,2024-02-22 12:30:00,366.32,366.32,366.28,366.28,-0.01,122.96,44877.71,-1
2024-02-22,2024-02-22 12:31:00,366.28,366.28,366.24,366.24,-0.01,122.96,44877.71,-1
2024-02-22,2024-02-22 12:32:00,366.24,366.24,366.2,366.2,-0.01,122.96,44877.71,-1
2024-02-22,2024-02-22 12:33:00,366.2,366.2,366.16,366.16,-0.01,122.96,44877.71,-1
2024-02-22,2024-02-22 12:34:00,366.16,366.16,366.12,366.12,-0.01,122.96,44877.71,-1
2024-02-22,2024-02-22 12:35:00,366.12,366.12,366.08,366.08,-0.01,122.96,44877.71,-1
2024-02-22,2024-02-22 12:36:00,366.08,366.08,366.04,366.04,-0.01,122.96,44877.71,-1
2024-02-22,2024-02-22 12:37:00,366.04,366.04,366.0,366.0,-0.01,122.96,44877.71,-1
2024-02-22,2024-02-22 12:38:00,366.0,366.0,365.96,365.96,-0.01,122.96,44877.71,-1
2024-02-22,2024-02-22 12:39:00,365.96,365.96,365.92,365.92,-0.01,122.96,44877.71,-1
2024-02-22,2024-02-22 12:40:00,365.92,365.92,365.88,365.88,-0.01,122.96,44877.71,-1
2024-02-22,2024-02-22 12:41:00,365.88,365.88,365.83,365.83,-0.01,122.96,44877.71,-1
2024-02-22,2024-02-22 12:42:00,365.83,365.83,365.79,365.79,-0.01,122.96,44877.71,-1
2024-02-22,2024-02-22 12:43:00,365.79,365.79,365.75,365.75,-0.01,122.96,44877.71,-1
2024-02-22,2024-02-22 12:44:00,365.75,365.75,365.71,365.71,-0.01,122.96,44877.71,-1
2024-02-22,2024-02-22 12:45:00,365.71,365.71,365.67,365.67,-0.01,122.96,44877.71,-1
2024-02-22,2024-02-22 12:46:00,365.67,365.67,365.63,365.63,-0.01,122.96,44877.71,-1
2024-02-22,2024-02-22 12:47:00,365.63,365.63,365.59,365.59,-0.01,122.96,44877.71,-1
2024-02-22,2024-02-22 12:48:00,365.59,365.59,365.55,365.55,-0.01,122.96,44877.71,-1
2024-02-22,2024-02-22 12:49:00,365.55,365.55,365.51,365.51,-0.01,122.96,44877.71,-1
2024-02-22,2024-02-22 12:50:00,365.51,365.51,365.47,365.47,-0.01,122.96,44877.71,-1
2024-02-22,2024-02-22 12:51:00,365.47,365.47,365.43,365.43,-0.01,122.96,44877.71,-1
2024-02-22,2024-02-22 12:52:00,365.43,365.43,365.39,365.39,-0.01,122.96,44877.71,-1
2024-02-22,2024-02-22 12:53:00,365.39,365.39,365.34,365.34,-0.01,122.96,44877.71,-1
2024-02-22,2024-02-22 12:54:00,365.34,365.34,365.3,365.3,-0.01,122.96,44877.71,-1
2024-02-22,2024-02-22 12:55:00,365.3,365.3,365.26,365.26,-0.01,122.96,44877.71,-1
2024-02-22,2024-02-22 12:56:00,365.26,365.26,365.22,365.22,-0.01,122.96,44877.71,-1
2024-02-22,2024-02-22 12:57:00,365.22,365.22,365.18,365.18,-0.01,122.96,44877.71,-1
2024-02-22,2024-02-22 12:58:00,365.18,365.18,365.14,365.14,-0.01,122.96,44877.71,-1
2024-02-22,2024-02-22 12:59:00,365.14,365.14,365.1,365.1,-0.01,122.96,44877.71,-1
2024-02-22,2024-02-22 13:00:00,365.1,382.5,356.2,365.06,-0.01,122.96,44877.71,-1
2024-02-22,2024-02-22 13:01:00,365.06,365.06,365.02,365.02,-0.01,122.96,44877.71,-1
2024-02-22,2024-02-22 13:02:00,365.02,365.02,364.98,364.98,-0.01,122.96,44877.71,-1
2024-02-22,2024-02-22 13:03:00,364.98,364.98,364.94,364.94,-0.01,122.96,44877.71,-1
2024-02-22,2024-02-22 13:04:00,364.94,364.94,364.9,364.9,-0.01,122.96,44877.71,-1
2024-02-22,2024-02-22 13:05:00,364.9,364.9,364.86,364.86,-0.01,122.96,44877.71,-1
2024-02-22,2024-02-22 13:06:00,364.86,364.86,364.81,364.81,-0.01,122.96,44877.71,-1
2024-02-22,2024-02-22 13:07:00,364.81,364.81,364.77,364.77,-0.01,122.96,44877.71,-1
2024-02-22,2024-02-22 13:08:00,364.77,364.77,364.73,364.73,-0.01,122.96,44877.71,-1
2024-02-22,2024-02-22 13:09:00,364.73,364.73,364.69,364.69,-0.01,122.96,44877.71,-1
2024-02-22,2024-02-22 13:10:00,364.69,364.69,364.65,364.65,-0.01,122.96,44877.71,-1
2024-02-22,2024-02-22 13:11:00,364.65,364.65,364.61,364.61,-0.01,122.96,44877.71,-1
2024-02-22,2024-02-22 13:12:00,364.61,364.61,364.57,364.57,-0.01,122.96,44877.71,-1
2024-02-22,2024-02-22 13:13:00,364.57,364.57,364.53,364.53,-0.01,122.96,44877.71,-1
2024-02-22,2024-02-22 13:14:00,364.53,364.53,364.49,364.49,-0.01,122.96,44877.71,-1
2024-02-22,2024-02-22 13:15:00,364.49,364.49,364.45,364.45,-0.01,122.96,44877.71,-1
2024-02-22,2024-02-22 13:16:00,364.45,364.45,364.41,364.41,-0.01,122.96,44877.71,-1
2024-02-22,2024-02-22 13:17:00,364.41,364.41,364.37,364.37,-0.01,122.96,44877.71,-1
2024-02-22,2024-02-22 13:18:00,364.37,364.37,364.32,364.32,-0.01,122.96,44877.71,-1
2024-02-22,2024-02-22 13:19:00,364.32,364.32,364.28,364.28,-0.01,122.96,44877.71,-1
2024-02-22,2024-02-22 13:20:00,364.28,364.28,364.24,364.24,-0.01,122.96,44877.71,-1
2024-02-22,2024-02-22 13:21:00,364.24,364.24,364.2,364.2,-0.01,122.96,44877.71,-1
2024-02-22,2024-02-22 13:22:00,364.2,364.2,364.16,364.16,-0.01,122.96,44877.71,-1
2024-02-22,2024-02-22 13:23:00,364.16,364.16,364.12,364.12,-0.01,122.96,44877.71,-1
2024-02-22,2024-02-22 13:24:00,364.12,364.12,364.08,364.08,-0.01,122.96,44877.71,-1
2024-02-22,2024-02-22 13:25:00,364.08,364.08,364.04,364.04,-0.01,122.96,44877.71,-1
2024-02-22,2024-02-22 13:26:00,364.04,364.04,364.0,364.0,-0.01,122.96,44877.71,-1
2024-02-22,2024-02-22 13:27:00,364.0,364.0,363.96,363.96,-0.01,122.96,44877.71,-1
2024-02-22,2024-02-22 13:28:00,363.96,363.96,363.92,363.92,-0.01,122.96,44877.71,-1
2024-02-22,2024-02-22 13:29:00,363.92,363.92,363.88,363.88,-0.01,122.96,44877.71,-1
2024-02-22,2024-02-22 13:30:00,363.88,363.88,363.83,363.83,-0.01,122.96,44877.71,-1
2024-02-22,2024-02-22 13:31:00,363.83,363.83,363.79,363.79,-0.01,122.96,44877.71,-1
2024-02-22,2024-02-22 13:32:00,363.79,363.79,363.75,363.75,-0.01,122.96,44877.71,-1
2024-02-22,2024-02-22 13:33:00,363.75,363.75,363.71,363.71,-0.01,122.96,44877.71,-1
2024-02-22,2024-02-22 13:34:00,363.71,363.71,363.67,363.67,-0.01,122.96,44877.71,-1
2024-02-22,2024-02-22 13:35:00,363.67,363.67,363.63,363.63,-0.01,122.96,44877.71,-1
2024-02-22,2024-02-22 13:36:00,363.63,363.63,363.59,363.59,-0.01,122.96,44877.71,-1
2024-02-22,2024-02-22 13:37:00,363.59,363.59,363.55,363.55,-0.01,122.96,44877.71,-1
2024-02-22,2024-02-22 13:38:00,363.55,363.55,363.51,363.51,-0.01,122.96,44877.71,-1
2024-02-22,2024-02-22 13:39:00,363.51,363.51,363.47,363.47,-0.01,122.96,44877.71,-1
2024-02-22,2024-02-22 13:40:00,363.47,363.47,363.43,363.43,-0.01,122.96,44877.71,-1
2024-02-22,2024-02-22 13:41:00,363.43,363.43,363.38,363.38,-0.01,122.96,44877.71,-1
2024-02-22,2024-02-22 13:42:00,363.38,363.38,363.34,363.34,-0.01,122.96,44877.71,-1
2024-02-22,2024-02-22 13:43:00,363.34,363.34,363.3,363.3,-0.01,122.96,44877.71,-1
2024-02-22,2024-02-22 13:44:00,363.3,363.3,363.26,363.26,-0.01,122.96,44877.71,-1
2024-02-22,2024-02-22 13:45:00,363.26,363.26,363.22,363.22,-0.01,122.96,44877.71,-1
2024-02-22,2024-02-22 13:46:00,363.22,363.22,363.18,363.18,-0.01,122.96,44877.71,-1
2024-02-22,2024-02-22 13:47:00,363.18,363.18,363.14,363.14,-0.01,122.96,44877.71,-1
2024-02-22,2024-02-22 13:48:00,363.14,363.14,363.1,363.1,-0.01,122.96,44877.71,-1
2024-02-22,2024-02-22 13:49:00,363.1,363.1,363.06,363.06,-0.01,122.96,44877.71,-1
2024-02-22,2024-02-22 13:50:00,363.06,363.06,363.02,363.02,-0.01,122.96,44877.71,-1
2024-02-22,2024-02-22 13:51:00,363.02,363.02,362.98,362.98,-0.01,122.96,44877.71,-1
2024-02-22,2024-02-22 13:52:00,362.98,362.98,362.94,362.94,-0.01,122.96,44877.71,-1
2024-02-22,2024-02-22 13:53:00,362.94,362.94,362.89,362.89,-0.01,122.96,44877.71,-1
2024-02-22,2024-02-22 13:54:00,362.89,362.89,362.85,362.85,-0.01,122.96,44877.71,-1
2024-02-22,2024-02-22 13:55:00,362.85,362.85,362.81,362.81,-0.01,122.96,44877.71,-1
2024-02-22,2024-02-22 13:56:00,362.81,362.81,362.77,362.77,-0.01,122.96,44877.71,-1
2024-02-22,2024-02-22 13:57:00,362.77,362.77,362.73,362.73,-0.01,122.96,44877.71,-1
2024-02-22,2024-02-22 13:58:00,362.73,362.73,362.69,362.69,-0.01,122.96,44877.71,-1
2024-02-22,2024-02-22 13:59:00,362.69,362.69,362.65,362.65,-0.01,122.96,44877.71,-1
2024-02-22,2024-02-22 14:00:00,362.65,362.65,362.61,362.61,-0.01,122.96,44877.71,-1
2024-02-22,2024-02-22 14:01:00,362.61,362.61,362.57,362.57,-0.01,122.96,44877.71,-1
2024-02-22,2024-02-22 14:02:00,362.57,362.57,362.53,362.53,-0.01,122.96,44877.71,-1
2024-02-22,2024-02-22 14:03:00,362.53,362.53,362.49,362.49,-0.01,122.96,44877.71,-1
2024-02-22,2024-02-22 14:04:00,362.49,362.49,362.45,362.45,-0.01,122.96,44877.71,-1
2024-02-22,2024-02-22 14:05:00,362.45,362.45,362.4,362.4,-0.01,122.96,44877.71,-1
2024-02-22,2024-02-22 14:06:00,362.4,362.4,362.36,362.36,-0.01,122.96,44877.71,-1
2024-02-22,2024-02-22 14:07:00,362.36,362.36,362.32,362.32,-0.01,122.96,44877.71,-1
2024-02-22,2024-02-22 14:08:00,362.32,362.32,362.28,362.28,-0.01,122.96,44877.71,-1
2024-02-22,2024-02-22 14:09:00,362.28,362.28,362.24,362.24,-0.01,122.96,44877.71,-1
2024-02-22,2024-02-22 14:10:00,362.24,362.24,362.2,362.2,-0.01,122.96,44877.71,-1
2024-02-22,2024-02-22 14:11:00,362.2,362.2,362.16,362.16,-0.01,122.96,44877.71,-1
2024-02-22,2024-02-22 14:12:00,362.16,362.16,362.12,362.12,-0.01,122.96,44877.71,-1
2024-02-22,2024-02-22 14:13:00,362.12,362.12,362.08,362.08,-0.01,122.96,44877.71,-1
2024-02-22,2024-02-22 14:14:00,362.08,362.08,362.04,362.04,-0.01,122.96,44877.71,-1
2024-02-22,2024-02-22 14:15:00,362.04,362.04,362.0,362.0,-0.01,122.96,44877.71,-1
2024-02-22,2024-02-22 14:16:00,362.0,362.0,361.96,361.96,-0.01,122.96,44877.71,-1
2024-02-22,2024-02-22 14:17:00,361.96,361.96,361.91,361.91,-0.01,122.96,44877.71,-1
2024-02-22,2024-02-22 14:18:00,361.91,361.91,361.87,361.87,-0.01,122.96,44877.71,-1
2024-02-22,2024-02-22 14:19:00,361.87,361.87,361.83,361.83,-0.01,122.96,44877.71,-1
2024-02-22,2024-02-22 14:20:00,361.83,361.83,361.79,361.79,-0.01,122.96,44877.71,-1
2024-02-22,2024-02-22 14:21:00,361.79,361.79,361.75,361.75,-0.01,122.96,44877.71,-1
2024-02-22,2024-02-22 14:22:00,361.75,361.75,361.71,361.71,-0.01,122.96,44877.71,-1
2024-02-22,2024-02-22 14:23:00,361.71,361.71,361.67,361.67,-0.01,122.96,44877.71,-1
2024-02-22,2024-02-22 14:24:00,361.67,361.67,361.63,361.63,-0.01,122.96,44877.71,-1
2024-02-22,2024-02-22 14:25:00,361.63,361.63,361.59,361.59,-0.01,122.96,44877.71,-1
2024-02-22,2024-02-22 14:26:00,361.59,361.59,361.55,361.55,-0.01,122.96,44877.71,-1
2024-02-22,2024-02-22 14:27:00,361.55,361.55,361.51,361.51,-0.01,122.96,44877.71,-1
2024-02-22,2024-02-22 14:28:00,361.51,361.51,361.47,361.47,-0.01,122.96,44877.71,-1
2024-02-22,2024-02-22 14:29:00,361.47,361.47,361.43,361.43,-0.01,122.96,44877.71,-1
2024-02-22,2024-02-22 14:30:00,361.43,361.43,361.38,361.38,-0.01,122.96,44877.71,-1
2024-02-22,2024-02-22 14:31:00,361.38,361.38,361.34,361.34,-0.01,122.96,44877.71,-1
2024-02-22,2024-02-22 14:32:00,361.34,361.34,361.3,361.3,-0.01,122.96,44877.71,-1
2024-02-22,2024-02-22 14:33:00,361.3,361.3,361.26,361.26,-0.01,122.96,44877.71,-1
2024-02-22,2024-02-22 14:34:00,361.26,361.26,361.22,361.22,-0.01,122.96,44877.71,-1
2024-02-22,2024-02-22 14:35:00,361.22,361.22,361.18,361.18,-0.01,122.96,44877.71,-1
2024-02-22,2024-02-22 14:36:00,361.18,361.18,361.14,361.14,-0.01,122.96,44877.71,-1
2024-02-22,2024-02-22 14:37:00,361.14,361.14,361.1,361.1,-0.01,122.96,44877.71,-1
2024-02-22,2024-02-22 14:38:00,361.1,361.1,361.06,361.06,-0.01,122.96,44877.71,-1
2024-02-22,2024-02-22 14:39:00,361.06,361.06,361.02,361.02,-0.01,122.96,44877.71,-1
2024-02-22,2024-02-22 14:40:00,361.02,361.02,360.98,360.98,-0.01,122.96,44877.71,-1
2024-02-22,2024-02-22 14:41:00,360.98,360.98,360.94,360.94,-0.01,122.96,44877.71,-1
2024-02-22,2024-02-22 14:42:00,360.94,360.94,360.89,360.89,-0.01,122.96,44877.71,-1
2024-02-22,2024-02-22 14:43:00,360.89,360.89,360.85,360.85,-0.01,122.96,44877.71,-1
2024-02-22,2024-02-22 14:44:00,360.85,360.85,360.81,360.81,-0.01,122.96,44877.71,-1
2024-02-22,2024-02-22 14:45:00,360.81,360.81,360.77,360.77,-0.01,122.96,44877.71,-1
2024-02-22,2024-02-22 14:46:00,360.77,360.77,360.73,360.73,-0.01,122.96,44877.71,-1
2024-02-22,2024-02-22 14:47:00,360.73,360.73,360.69,360.69,-0.01,122.96,44877.71,-1
2024-02-22,2024-02-22 14:48:00,360.69,360.69,360.65,360.65,-0.01,122.96,44877.71,-1
2024-02-22,2024-02-22 14:49:00,360.65,360.65,360.61,360.61,-0.01,122.96,44877.71,-1
2024-02-22,2024-02-22 14:50:00,360.61,360.61,360.57,360.57,-0.01,122.96,44877.71,-1
2024-02-22,2024-02-22 14:51:00,360.57,360.57,360.53,360.53,-0.01,122.96,44877.71,-1
2024-02-22,2024-02-22 14:52:00,360.53,360.53,360.49,360.49,-0.01,122.96,44877.71,-1
2024-02-22,2024-02-22 14:53:00,360.49,360.49,360.44,360.44,-0.01,122.96,44877.71,-1
2024-02-22,2024-02-22 14:54:00,360.44,360.44,360.4,360.4,-0.01,122.96,44877.71,-1
2024-02-22,2024-02-22 14:55:00,360.4,360.4,360.36,360.36,-0.01,122.96,44877.71,-1
2024-02-22,2024-02-22 14:56:00,360.36,360.36,360.32,360.32,-0.01,122.96,44877.71,-1
2024-02-22,2024-02-22 14:57:00,360.32,360.32,360.28,360.28,-0.01,122.96,44877.71,-1
2024-02-22,2024-02-22 14:58:00,360.28,360.28,360.24,360.24,-0.01,122.96,44877.71,-1
2024-02-22,2024-02-22 14:59:00,360.24,360.24,360.2,360.2,-0.01,122.96,44877.71,-1
2024-02-22,2024-02-22 15:00:00,360.2,382.5,356.2,360.2,0.0,122.96,44877.71,0
2024-02-25,2024-02-25 11:00:00,360.0,360.0,356.4,359.95,-0.01,74.37,26134.37,-1
2024-02-25,2024-02-25 11:01:00,359.95,359.95,359.9,359.9,-0.01,74.37,26134.37,-1
2024-02-25,2024-02-25 11:02:00,359.9,359.9,359.85,359.85,-0.01,74.37,26134.37,-1
2024-02-25,2024-02-25 11:03:00,359.85,359.85,359.8,359.8,-0.01,74.37,26134.37,-1
2024-02-25,2024-02-25 11:04:00,359.8,359.8,359.75,359.75,-0.01,74.37,26134.37,-1
2024-02-25,2024-02-25 11:05:00,359.75,359.75,359.7,359.7,-0.01,74.37,26134.37,-1
2024-02-25,2024-02-25 11:06:00,359.7,359.7,359.65,359.65,-0.01,74.37,26134.37,-1
2024-02-25,2024-02-25 11:07:00,359.65,359.65,359.6,359.6,-0.01,74.37,26134.37,-1
2024-02-25,2024-02-25 11:08:00,359.6,359.6,359.55,359.55,-0.01,74.37,26134.37,-1
2024-02-25,2024-02-25 11:09:00,359.55,359.55,359.5,359.5,-0.01,74.37,26134.37,-1
2024-02-25,2024-02-25 11:10:00,359.5,359.5,359.45,359.45,-0.01,74.37,26134.37,-1
2024-02-25,2024-02-25 11:11:00,359.45,359.45,359.4,359.4,-0.01,74.37,26134.37,-1
2024-02-25,2024-02-25 11:12:00,359.4,359.4,359.35,359.35,-0.01,74.37,26134.37,-1
2024-02-25,2024-02-25 11:13:00,359.35,359.35,359.3,359.3,-0.01,74.37,26134.37,-1
2024-02-25,2024-02-25 11:14:00,359.3,359.3,359.25,359.25,-0.01,74.37,26134.37,-1
2024-02-25,2024-02-25 11:15:00,359.25,359.25,359.2,359.2,-0.01,74.37,26134.37,-1
2024-02-25,2024-02-25 11:16:00,359.2,359.2,359.15,359.15,-0.01,74.37,26134.37,-1
2024-02-25,2024-02-25 11:17:00,359.15,359.15,359.1,359.1,-0.01,74.37,26134.37,-1
2024-02-25,2024-02-25 11:18:00,359.1,359.1,359.05,359.05,-0.01,74.37,26134.37,-1
2024-02-25,2024-02-25 11:19:00,359.05,359.05,359.0,359.0,-0.01,74.37,26134.37,-1
2024-02-25,2024-02-25 11:20:00,359.0,359.0,358.95,358.95,-0.01,74.37,26134.37,-1
2024-02-25,2024-02-25 11:21:00,358.95,358.95,358.9,358.9,-0.01,74.37,26134.37,-1
2024-02-25,2024-02-25 11:22:00,358.9,358.9,358.85,358.85,-0.01,74.37,26134.37,-1
2024-02-25,2024-02-25 11:23:00,358.85,358.85,358.8,358.8,-0.01,74.37,26134.37,-1
2024-02-25,2024-02-25 11:24:00,358.8,358.8,358.75,358.75,-0.01,74.37,26134.37,-1
2024-02-25,2024-02-25 11:25:00,358.75,358.75,358.7,358.7,-0.01,74.37,26134.37,-1
2024-02-25,2024-02-25 11:26:00,358.7,358.7,358.65,358.65,-0.01,74.37,26134.37,-1
2024-02-25,2024-02-25 11:27:00,358.65,358.65,358.6,358.6,-0.01,74.37,26134.37,-1
2024-02-25,2024-02-25 11:28:00,358.6,358.6,358.55,358.55,-0.01,74.37,26134.37,-1
2024-02-25,2024-02-25 11:29:00,358.55,358.55,358.5,358.5,-0.01,74.37,26134.37,-1
2024-02-25,2024-02-25 11:30:00,358.5,358.5,358.45,358.45,-0.01,74.37,26134.37,-1
2024-02-25,2024-02-25 11:31:00,358.45,358.45,358.4,358.4,-0.01,74.37,26134.37,-1
2024-02-25,2024-02-25 11:32:00,358.4,358.4,358.35,358.35,-0.01,74.37,26134.37,-1
2024-02-25,2024-02-25 11:33:00,358.35,358.35,358.3,358.3,-0.01,74.37,26134.37,-1
2024-02-25,2024-02-25 11:34:00,358.3,358.3,358.25,358.25,-0.01,74.37,26134.37,-1
2024-02-25,2024-02-25 11:35:00,358.25,358.25,358.2,358.2,-0.01,74.37,26134.37,-1
2024-02-25,2024-02-25 11:36:00,358.2,358.2,358.15,358.15,-0.01,74.37,26134.37,-1
2024-02-25,2024-02-25 11:37:00,358.15,358.15,358.1,358.1,-0.01,74.37,26134.37,-1
2024-02-25,2024-02-25 11:38:00,358.1,358.1,358.05,358.05,-0.01,74.37,26134.37,-1
2024-02-25,2024-02-25 11:39:00,358.05,358.05,358.0,358.0,-0.01,74.37,26134.37,-1
2024-02-25,2024-02-25 11:40:00,358.0,358.0,357.95,357.95,-0.01,74.37,26134.37,-1
2024-02-25,2024-02-25 11:41:00,357.95,357.95,357.9,357.9,-0.01,74.37,26134.37,-1
2024-02-25,2024-02-25 11:42:00,357.9,357.9,357.85,357.85,-0.01,74.37,26134.37,-1
2024-02-25,2024-02-25 11:43:00,357.85,357.85,357.8,357.8,-0.01,74.37,26134.37,-1
2024-02-25,2024-02-25 11:44:00,357.8,357.8,357.75,357.75,-0.01,74.37,26134.37,-1
2024-02-25,2024-02-25 11:45:00,357.75,357.75,357.7,357.7,-0.01,74.37,26134.37,-1
2024-02-25,2024-02-25 11:46:00,357.7,357.7,357.65,357.65,-0.01,74.37,26134.37,-1
2024-02-25,2024-02-25 11:47:00,357.65,357.65,357.6,357.6,-0.01,74.37,26134.37,-1
2024-02-25,2024-02-25 11:48:00,357.6,357.6,357.55,357.55,-0.01,74.37,26134.37,-1
2024-02-25,2024-02-25 11:49:00,357.55,357.55,357.5,357.5,-0.01,74.37,26134.37,-1
2024-02-25,2024-02-25 11:50:00,357.5,357.5,357.45,357.45,-0.01,74.37,26134.37,-1
2024-02-25,2024-02-25 11:51:00,357.45,357.45,357.4,357.4,-0.01,74.37,26134.37,-1
2024-02-25,2024-02-25 11:52:00,357.4,357.4,357.35,357.35,-0.01,74.37,26134.37,-1
2024-02-25,2024-02-25 11:53:00,357.35,357.35,357.3,357.3,-0.01,74.37,26134.37,-1
2024-02-25,2024-02-25 11:54:00,357.3,357.3,357.25,357.25,-0.01,74.37,26134.37,-1
2024-02-25,2024-02-25 11:55:00,357.25,357.25,357.2,357.2,-0.01,74.37,26134.37,-1
2024-02-25,2024-02-25 11:56:00,357.2,357.2,357.15,357.15,-0.01,74.37,26134.37,-1
2024-02-25,2024-02-25 11:57:00,357.15,357.15,357.1,357.1,-0.01,74.37,26134.37,-1
2024-02-25,2024-02-25 11:58:00,357.1,357.1,357.05,357.05,-0.01,74.37,26134.37,-1
2024-02-25,2024-02-25 11:59:00,357.05,357.05,357.0,357.0,-0.01,74.37,26134.37,-1
2024-02-25,2024-02-25 12:00:00,357.0,357.0,356.95,356.95,-0.01,74.37,26134.37,-1
2024-02-25,2024-02-25 12:01:00,356.95,356.95,356.9,356.9,-0.01,74.37,26134.37,-1
2024-02-25,2024-02-25 12:02:00,356.9,356.9,356.85,356.85,-0.01,74.37,26134.37,-1
2024-02-25,2024-02-25 12:03:00,356.85,356.85,356.8,356.8,-0.01,74.37,26134.37,-1
2024-02-25,2024-02-25 12:04:00,356.8,356.8,356.75,356.75,-0.01,74.37,26134.37,-1
2024-02-25,2024-02-25 12:05:00,356.75,356.75,356.7,356.7,-0.01,74.37,26134.37,-1
2024-02-25,2024-02-25 12:06:00,356.7,356.7,356.65,356.65,-0.01,74.37,26134.37,-1
2024-02-25,2024-02-25 12:07:00,356.65,356.65,356.6,356.6,-0.01,74.37,26134.37,-1
2024-02-25,2024-02-25 12:08:00,356.6,356.6,356.55,356.55,-0.01,74.37,26134.37,-1
2024-02-25,2024-02-25 12:09:00,356.55,356.55,356.5,356.5,-0.01,74.37,26134.37,-1
2024-02-25,2024-02-25 12:10:00,356.5,356.5,356.45,356.45,-0.01,74.37,26134.37,-1
2024-02-25,2024-02-25 12:11:00,356.45,356.45,356.4,356.4,-0.01,74.37,26134.37,-1
2024-02-25,2024-02-25 12:12:00,356.4,356.4,356.35,356.35,-0.01,74.37,26134.37,-1
2024-02-25,2024-02-25 12:13:00,356.35,356.35,356.3,356.3,-0.01,74.37,26134.37,-1
2024-02-25,2024-02-25 12:14:00,356.3,356.3,356.25,356.25,-0.01,74.37,26134.37,-1
2024-02-25,2024-02-25 12:15:00,356.25,356.25,356.2,356.2,-0.01,74.37,26134.37,-1
2024-02-25,2024-02-25 12:16:00,356.2,356.2,356.15,356.15,-0.01,74.37,26134.37,-1
2024-02-25,2024-02-25 12:17:00,356.15,356.15,356.1,356.1,-0.01,74.37,26134.37,-1
2024-02-25,2024-02-25 12:18:00,356.1,356.1,356.05,356.05,-0.01,74.37,26134.37,-1
2024-02-25,2024-02-25 12:19:00,356.05,356.05,356.0,356.0,-0.01,74.37,26134.37,-1
2024-02-25,2024-02-25 12:20:00,356.0,356.0,355.95,355.95,-0.01,74.37,26134.37,-1
2024-02-25,2024-02-25 12:21:00,355.95,355.95,355.9,355.9,-0.01,74.37,26134.37,-1
2024-02-25,2024-02-25 12:22:00,355.9,355.9,355.85,355.85,-0.01,74.37,26134.37,-1
2024-02-25,2024-02-25 12:23:00,355.85,355.85,355.8,355.8,-0.01,74.37,26134.37,-1
2024-02-25,2024-02-25 12:24:00,355.8,355.8,355.75,355.75,-0.01,74.37,26134.37,-1
2024-02-25,2024-02-25 12:25:00,355.75,355.75,355.7,355.7,-0.01,74.37,26134.37,-1
2024-02-25,2024-02-25 12:26:00,355.7,355.7,355.65,355.65,-0.01,74.37,26134.37,-1
2024-02-25,2024-02-25 12:27:00,355.65,355.65,355.6,355.6,-0.01,74.37,26134.37,-1
2024-02-25,2024-02-25 12:28:00,355.6,355.6,355.55,355.55,-0.01,74.37,26134.37,-1
2024-02-25,2024-02-25 12:29:00,355.55,355.55,355.5,355.5,-0.01,74.37,26134.37,-1
2024-02-25,2024-02-25 12:30:00,355.5,355.5,355.45,355.45,-0.01,74.37,26134.37,-1
2024-02-25,2024-02-25 12:31:00,355.45,355.45,355.4,355.4,-0.01,74.37,26134.37,-1
2024-02-25,2024-02-25 12:32:00,355.4,355.4,355.35,355.35,-0.01,74.37,26134.37,-1
2024-02-25,2024-02-25 12:33:00,355.35,355.35,355.3,355.3,-0.01,74.37,26134.37,-1
2024-02-25,2024-02-25 12:34:00,355.3,355.3,355.25,355.25,-0.01,74.37,26134.37,-1
2024-02-25,2024-02-25 12:35:00,355.25,355.25,355.2,355.2,-0.01,74.37,26134.37,-1
2024-02-25,2024-02-25 12:36:00,355.2,355.2,355.15,355.15,-0.01,74.37,26134.37,-1
2024-02-25,2024-02-25 12:37:00,355.15,355.15,355.1,355.1,-0.01,74.37,26134.37,-1
2024-02-25,2024-02-25 12:38:00,355.1,355.1,355.05,355.05,-0.01,74.37,26134.37,-1
2024-02-25,2024-02-25 12:39:00,355.05,355.05,355.0,355.0,-0.01,74.37,26134.37,-1
2024-02-25,2024-02-25 12:40:00,355.0,355.0,354.95,354.95,-0.01,74.37,26134.37,-1
2024-02-25,2024-02-25 12:41:00,354.95,354.95,354.9,354.9,-0.01,74.37,26134.37,-1
2024-02-25,2024-02-25 12:42:00,354.9,354.9,354.85,354.85,-0.01,74.37,26134.37,-1
2024-02-25,2024-02-25 12:43:00,354.85,354.85,354.8,354.8,-0.01,74.37,26134.37,-1
2024-02-25,2024-02-25 12:44:00,354.8,354.8,354.75,354.75,-0.01,74.37,26134.37,-1
2024-02-25,2024-02-25 12:45:00,354.75,354.75,354.7,354.7,-0.01,74.37,26134.37,-1
2024-02-25,2024-02-25 12:46:00,354.7,354.7,354.65,354.65,-0.01,74.37,26134.37,-1
2024-02-25,2024-02-25 12:47:00,354.65,354.65,354.6,354.6,-0.01,74.37,26134.37,-1
2024-02-25,2024-02-25 12:48:00,354.6,354.6,354.55,354.55,-0.01,74.37,26134.37,-1
2024-02-25,2024-02-25 12:49:00,354.55,354.55,354.5,354.5,-0.01,74.37,26134.37,-1
2024-02-25,2024-02-25 12:50:00,354.5,354.5,354.45,354.45,-0.01,74.37,26134.37,-1
2024-02-25,2024-02-25 12:51:00,354.45,354.45,354.4,354.4,-0.01,74.37,26134.37,-1
2024-02-25,2024-02-25 12:52:00,354.4,354.4,354.35,354.35,-0.01,74.37,26134.37,-1
2024-02-25,2024-02-25 12:53:00,354.35,354.35,354.3,354.3,-0.01,74.37,26134.37,-1
2024-02-25,2024-02-25 12:54:00,354.3,354.3,354.25,354.25,-0.01,74.37,26134.37,-1
2024-02-25,2024-02-25 12:55:00,354.25,354.25,354.2,354.2,-0.01,74.37,26134.37,-1
2024-02-25,2024-02-25 12:56:00,354.2,354.2,354.15,354.15,-0.01,74.37,26134.37,-1
2024-02-25,2024-02-25 12:57:00,354.15,354.15,354.1,354.1,-0.01,74.37,26134.37,-1
2024-02-25,2024-02-25 12:58:00,354.1,354.1,354.05,354.05,-0.01,74.37,26134.37,-1
2024-02-25,2024-02-25 12:59:00,354.05,354.05,354.0,354.0,-0.01,74.37,26134.37,-1
2024-02-25,2024-02-25 13:00:00,354.0,360.0,348.0,353.95,-0.01,74.37,26134.37,-1
2024-02-25,2024-02-25 13:01:00,353.95,353.95,353.9,353.9,-0.01,74.37,26134.37,-1
2024-02-25,2024-02-25 13:02:00,353.9,353.9,353.85,353.85,-0.01,74.37,26134.37,-1
2024-02-25,2024-02-25 13:03:00,353.85,353.85,353.8,353.8,-0.01,74.37,26134.37,-1
2024-02-25,2024-02-25 13:04:00,353.8,353.8,353.75,353.75,-0.01,74.37,26134.37,-1
2024-02-25,2024-02-25 13:05:00,353.75,353.75,353.7,353.7,-0.01,74.37,26134.37,-1
2024-02-25,2024-02-25 13:06:00,353.7,353.7,353.65,353.65,-0.01,74.37,26134.37,-1
2024-02-25,2024-02-25 13:07:00,353.65,353.65,353.6,353.6,-0.01,74.37,26134.37,-1
2024-02-25,2024-02-25 13:08:00,353.6,353.6,353.55,353.55,-0.01,74.37,26134.37,-1
2024-02-25,2024-02-25 13:09:00,353.55,353.55,353.5,353.5,-0.01,74.37,26134.37,-1
2024-02-25,2024-02-25 13:10:00,353.5,353.5,353.45,353.45,-0.01,74.37,26134.37,-1
2024-02-25,2024-02-25 13:11:00,353.45,353.45,353.4,353.4,-0.01,74.37,26134.37,-1
2024-02-25,2024-02-25 13:12:00,353.4,353.4,353.35,353.35,-0.01,74.37,26134.37,-1
2024-02-25,2024-02-25 13:13:00,353.35,353.35,353.3,353.3,-0.01,74.37,26134.37,-1
2024-02-25,2024-02-25 13:14:00,353.3,353.3,353.25,353.25,-0.01,74.37,26134.37,-1
2024-02-25,2024-02-25 13:15:00,353.25,353.25,353.2,353.2,-0.01,74.37,26134.37,-1
2024-02-25,2024-02-25 13:16:00,353.2,353.2,353.15,353.15,-0.01,74.37,26134.37,-1
2024-02-25,2024-02-25 13:17:00,353.15,353.15,353.1,353.1,-0.01,74.37,26134.37,-1
2024-02-25,2024-02-25 13:18:00,353.1,353.1,353.05,353.05,-0.01,74.37,26134.37,-1
2024-02-25,2024-02-25 13:19:00,353.05,353.05,353.0,353.0,-0.01,74.37,26134.37,-1
2024-02-25,2024-02-25 13:20:00,353.0,353.0,352.95,352.95,-0.01,74.37,26134.37,-1
2024-02-25,2024-02-25 13:21:00,352.95,352.95,352.9,352.9,-0.01,74.37,26134.37,-1
2024-02-25,2024-02-25 13:22:00,352.9,352.9,352.85,352.85,-0.01,74.37,26134.37,-1
2024-02-25,2024-02-25 13:23:00,352.85,352.85,352.8,352.8,-0.01,74.37,26134.37,-1
2024-02-25,2024-02-25 13:24:00,352.8,352.8,352.75,352.75,-0.01,74.37,26134.37,-1
2024-02-25,2024-02-25 13:25:00,352.75,352.75,352.7,352.7,-0.01,74.37,26134.37,-1
2024-02-25,2024-02-25 13:26:00,352.7,352.7,352.65,352.65,-0.01,74.37,26134.37,-1
2024-02-25,2024-02-25 13:27:00,352.65,352.65,352.6,352.6,-0.01,74.37,26134.37,-1
2024-02-25,2024-02-25 13:28:00,352.6,352.6,352.55,352.55,-0.01,74.37,26134.37,-1
2024-02-25,2024-02-25 13:29:00,352.55,352.55,352.5,352.5,-0.01,74.37,26134.37,-1
2024-02-25,2024-02-25 13:30:00,352.5,352.5,352.45,352.45,-0.01,74.37,26134.37,-1
2024-02-25,2024-02-25 13:31:00,352.45,352.45,352.4,352.4,-0.01,74.37,26134.37,-1
2024-02-25,2024-02-25 13:32:00,352.4,352.4,352.35,352.35,-0.01,74.37,26134.37,-1
2024-02-25,2024-02-25 13:33:00,352.35,352.35,352.3,352.3,-0.01,74.37,26134.37,-1
2024-02-25,2024-02-25 13:34:00,352.3,352.3,352.25,352.25,-0.01,74.37,26134.37,-1
2024-02-25,2024-02-25 13:35:00,352.25,352.25,352.2,352.2,-0.01,74.37,26134.37,-1
2024-02-25,2024-02-25 13:36:00,352.2,352.2,352.15,352.15,-0.01,74.37,26134.37,-1
2024-02-25,2024-02-25 13:37:00,352.15,352.15,352.1,352.1,-0.01,74.37,26134.37,-1
2024-02-25,2024-02-25 13:38:00,352.1,352.1,352.05,352.05,-0.01,74.37,26134.37,-1
2024-02-25,2024-02-25 13:39:00,352.05,352.05,352.0,352.0,-0.01,74.37,26134.37,-1
2024-02-25,2024-02-25 13:40:00,352.0,352.0,351.95,351.95,-0.01,74.37,26134.37,-1
2024-02-25,2024-02-25 13:41:00,351.95,351.95,351.9,351.9,-0.01,74.37,26134.37,-1
2024-02-25,2024-02-25 13:42:00,351.9,351.9,351.85,351.85,-0.01,74.37,26134.37,-1
2024-02-25,2024-02-25 13:43:00,351.85,351.85,351.8,351.8,-0.01,74.37,26134.37,-1
2024-02-25,2024-02-25 13:44:00,351.8,351.8,351.75,351.75,-0.01,74.37,26134.37,-1
2024-02-25,2024-02-25 13:45:00,351.75,351.75,351.7,351.7,-0.01,74.37,26134.37,-1
2024-02-25,2024-02-25 13:46:00,351.7,351.7,351.65,351.65,-0.01,74.37,26134.37,-1
2024-02-25,2024-02-25 13:47:00,351.65,351.65,351.6,351.6,-0.01,74.37,26134.37,-1
2024-02-25,2024-02-25 13:48:00,351.6,351.6,351.55,351.55,-0.01,74.37,26134.37,-1
2024-02-25,2024-02-25 13:49:00,351.55,351.55,351.5,351.5,-0.01,74.37,26134.37,-1
2024-02-25,2024-02-25 13:50:00,351.5,351.5,351.45,351.45,-0.01,74.37,26134.37,-1
2024-02-25,2024-02-25 13:51:00,351.45,351.45,351.4,351.4,-0.01,74.37,26134.37,-1
2024-02-25,2024-02-25 13:52:00,351.4,351.4,351.35,351.35,-0.01,74.37,26134.37,-1
2024-02-25,2024-02-25 13:53:00,351.35,351.35,351.3,351.3,-0.01,74.37,26134.37,-1
2024-02-25,2024-02-25 13:54:00,351.3,351.3,351.25,351.25,-0.01,74.37,26134.37,-1
2024-02-25,2024-02-25 13:55:00,351.25,351.25,351.2,351.2,-0.01,74.37,26134.37,-1
2024-02-25,2024-02-25 13:56:00,351.2,351.2,351.15,351.15,-0.01,74.37,26134.37,-1
2024-02-25,2024-02-25 13:57:00,351.15,351.15,351.1,351.1,-0.01,74.37,26134.37,-1
2024-02-25,2024-02-25 13:58:00,351.1,351.1,351.05,351.05,-0.01,74.37,26134.37,-1
2024-02-25,2024-02-25 13:59:00,351.05,351.05,351.0,351.0,-0.01,74.37,26134.37,-1
2024-02-25,2024-02-25 14:00:00,351.0,351.0,350.95,350.95,-0.01,74.37,26134.37,-1
2024-02-25,2024-02-25 14:01:00,350.95,350.95,350.9,350.9,-0.01,74.37,26134.37,-1
2024-02-25,2024-02-25 14:02:00,350.9,350.9,350.85,350.85,-0.01,74.37,26134.37,-1
2024-02-25,2024-02-25 14:03:00,350.85,350.85,350.8,350.8,-0.01,74.37,26134.37,-1
2024-02-25,2024-02-25 14:04:00,350.8,350.8,350.75,350.75,-0.01,74.37,26134.37,-1
2024-02-25,2024-02-25 14:05:00,350.75,350.75,350.7,350.7,-0.01,74.37,26134.37,-1
2024-02-25,2024-02-25 14:06:00,350.7,350.7,350.65,350.65,-0.01,74.37,26134.37,-1
2024-02-25,2024-02-25 14:07:00,350.65,350.65,350.6,350.6,-0.01,74.37,26134.37,-1
2024-02-25,2024-02-25 14:08:00,350.6,350.6,350.55,350.55,-0.01,74.37,26134.37,-1
2024-02-25,2024-02-25 14:09:00,350.55,350.55,350.5,350.5,-0.01,74.37,26134.37,-1
2024-02-25,2024-02-25 14:10:00,350.5,350.5,350.45,350.45,-0.01,74.37,26134.37,-1
2024-02-25,2024-02-25 14:11:00,350.45,350.45,350.4,350.4,-0.01,74.37,26134.37,-1
2024-02-25,2024-02-25 14:12:00,350.4,350.4,350.35,350.35,-0.01,74.37,26134.37,-1
2024-02-25,2024-02-25 14:13:00,350.35,350.35,350.3,350.3,-0.01,74.37,26134.37,-1
2024-02-25,2024-02-25 14:14:00,350.3,350.3,350.25,350.25,-0.01,74.37,26134.37,-1
2024-02-25,2024-02-25 14:15:00,350.25,350.25,350.2,350.2,-0.01,74.37,26134.37,-1
2024-02-25,2024-02-25 14:16:00,350.2,350.2,350.15,350.15,-0.01,74.37,26134.37,-1
2024-02-25,2024-02-25 14:17:00,350.15,350.15,350.1,350.1,-0.01,74.37,26134.37,-1
2024-02-25,2024-02-25 14:18:00,350.1,350.1,350.05,350.05,-0.01,74.37,26134.37,-1
2024-02-25,2024-02-25 14:19:00,350.05,350.05,350.0,350.0,-0.01,74.37,26134.37,-1
2024-02-25,2024-02-25 14:20:00,350.0,350.0,349.95,349.95,-0.01,74.37,26134.37,-1
2024-02-25,2024-02-25 14:21:00,349.95,349.95,349.9,349.9,-0.01,74.37,26134.37,-1
2024-02-25,2024-02-25 14:22:00,349.9,349.9,349.85,349.85,-0.01,74.37,26134.37,-1
2024-02-25,2024-02-25 14:23:00,349.85,349.85,349.8,349.8,-0.01,74.37,26134.37,-1
2024-02-25,2024-02-25 14:24:00,349.8,349.8,349.75,349.75,-0.01,74.37,26134.37,-1
2024-02-25,2024-02-25 14:25:00,349.75,349.75,349.7,349.7,-0.01,74.37,26134.37,-1
2024-02-25,2024-02-25 14:26:00,349.7,349.7,349.65,349.65,-0.01,74.37,26134.37,-1
2024-02-25,2024-02-25 14:27:00,349.65,349.65,349.6,349.6,-0.01,74.37,26134.37,-1
2024-02-25,2024-02-25 14:28:00,349.6,349.6,349.55,349.55,-0.01,74.37,26134.37,-1
2024-02-25,2024-02-25 14:29:00,349.55,349.55,349.5,349.5,-0.01,74.37,26134.37,-1
2024-02-25,2024-02-25 14:30:00,349.5,349.5,349.45,349.45,-0.01,74.37,26134.37,-1
2024-02-25,2024-02-25 14:31:00,349.45,349.45,349.4,349.4,-0.01,74.37,26134.37,-1
2024-02-25,2024-02-25 14:32:00,349.4,349.4,349.35,349.35,-0.01,74.37,26134.37,-1
2024-02-25,2024-02-25 14:33:00,349.35,349.35,349.3,349.3,-0.01,74.37,26134.37,-1
2024-02-25,2024-02-25 14:34:00,349.3,349.3,349.25,349.25,-0.01,74.37,26134.37,-1
2024-02-25,2024-02-25 14:35:00,349.25,349.25,349.2,349.2,-0.01,74.37,26134.37,-1
2024-02-25,2024-02-25 14:36:00,349.2,349.2,349.15,349.15,-0.01,74.37,26134.37,-1
2024-02-25,2024-02-25 14:37:00,349.15,349.15,349.1,349.1,-0.01,74.37,26134.37,-1
2024-02-25,2024-02-25 14:38:00,349.1,349.1,349.05,349.05,-0.01,74.37,26134.37,-1
2024-02-25,2024-02-25 14:39:00,349.05,349.05,349.0,349.0,-0.01,74.37,26134.37,-1
2024-02-25,2024-02-25 14:40:00,349.0,349.0,348.95,348.95,-0.01,74.37,26134.37,-1
2024-02-25,2024-02-25 14:41:00,348.95,348.95,348.9,348.9,-0.01,74.37,26134.37,-1
2024-02-25,2024-02-25 14:42:00,348.9,348.9,348.85,348.85,-0.01,74.37,26134.37,-1
2024-02-25,2024-02-25 14:43:00,348.85,348.85,348.8,348.8,-0.01,74.37,26134.37,-1
2024-02-25,2024-02-25 14:44:00,348.8,348.8,348.75,348.75,-0.01,74.37,26134.37,-1
2024-02-25,2024-02-25 14:45:00,348.75,348.75,348.7,348.7,-0.01,74.37,26134.37,-1
2024-02-25,2024-02-25 14:46:00,348.7,348.7,348.65,348.65,-0.01,74.37,26134.37,-1
2024-02-25,2024-02-25 14:47:00,348.65,348.65,348.6,348.6,-0.01,74.37,26134.37,-1
2024-02-25,2024-02-25 14:48:00,348.6,348.6,348.55,348.55,-0.01,74.37,26134.37,-1
2024-02-25,2024-02-25 14:49:00,348.55,348.55,348.5,348.5,-0.01,74.37,26134.37,-1
2024-02-25,2024-02-25 14:50:00,348.5,348.5,348.45,348.45,-0.01,74.37,26134.37,-1
2024-02-25,2024-02-25 14:51:00,348.45,348.45,348.4,348.4,-0.01,74.37,26134.37,-1
2024-02-25,2024-02-25 14:52:00,348.4,348.4,348.35,348.35,-0.01,74.37,26134.37,-1
2024-02-25,2024-02-25 14:53:00,348.35,348.35,348.3,348.3,-0.01,74.37,26134.37,-1
2024-02-25,2024-02-25 14:54:00,348.3,348.3,348.25,348.25,-0.01,74.37,26134.37,-1
2024-02-25,2024-02-25 14:55:00,348.25,348.25,348.2,348.2,-0.01,74.37,26134.37,-1
2024-02-25,2024-02-25 14:56:00,348.2,348.2,348.15,348.15,-0.01,74.37,26134.37,-1
2024-02-25,2024-02-25 14:57:00,348.15,348.15,348.1,348.1,-0.01,74.37,26134.37,-1
2024-02-25,2024-02-25 14:58:00,348.1,348.1,348.05,348.05,-0.01,74.37,26134.37,-1
2024-02-25,2024-02-25 14:59:00,348.05,348.05,348.0,348.0,-0.01,74.37,26134.37,-1
2024-02-25,2024-02-25 15:00:00,348.0,360.0,348.0,348.0,0.0,74.37,26134.37,0
2024-02-26,2024-02-26 11:00:00,341.2,346.84,340.0,341.24,0.01,85.71,29535.74,1
2024-02-26,2024-02-26 11:01:00,341.24,341.27,341.24,341.27,0.01,85.71,29535.74,1
2024-02-26,2024-02-26 11:02:00,341.27,341.31,341.27,341.31,0.01,85.71,29535.74,1
2024-02-26,2024-02-26 11:03:00,341.31,341.35,341.31,341.35,0.01,85.71,29535.74,1
2024-02-26,2024-02-26 11:04:00,341.35,341.38,341.35,341.38,0.01,85.71,29535.74,1
2024-02-26,2024-02-26 11:05:00,341.38,341.42,341.38,341.42,0.01,85.71,29535.74,1
2024-02-26,2024-02-26 11:06:00,341.42,341.46,341.42,341.46,0.01,85.71,29535.74,1
2024-02-26,2024-02-26 11:07:00,341.46,341.49,341.46,341.49,0.01,85.71,29535.74,1
2024-02-26,2024-02-26 11:08:00,341.49,341.53,341.49,341.53,0.01,85.71,29535.74,1
2024-02-26,2024-02-26 11:09:00,341.53,341.57,341.53,341.57,0.01,85.71,29535.74,1
2024-02-26,2024-02-26 11:10:00,341.57,341.6,341.57,341.6,0.01,85.71,29535.74,1
2024-02-26,2024-02-26 11:11:00,341.6,341.64,341.6,341.64,0.01,85.71,29535.74,1
2024-02-26,2024-02-26 11:12:00,341.64,341.68,341.64,341.68,0.01,85.71,29535.74,1
2024-02-26,2024-02-26 11:13:00,341.68,341.71,341.68,341.71,0.01,85.71,29535.74,1
2024-02-26,2024-02-26 11:14:00,341.71,341.75,341.71,341.75,0.01,85.71,29535.74,1
2024-02-26,2024-02-26 11:15:00,341.75,341.79,341.75,341.79,0.01,85.71,29535.74,1
2024-02-26,2024-02-26 11:16:00,341.79,341.82,341.79,341.82,0.01,85.71,29535.74,1
2024-02-26,2024-02-26 11:17:00,341.82,341.86,341.82,341.86,0.01,85.71,29535.74,1
2024-02-26,2024-02-26 11:18:00,341.86,341.9,341.86,341.9,0.01,85.71,29535.74,1
2024-02-26,2024-02-26 11:19:00,341.9,341.93,341.9,341.93,0.01,85.71,29535.74,1
2024-02-26,2024-02-26 11:20:00,341.93,341.97,341.93,341.97,0.01,85.71,29535.74,1
2024-02-26,2024-02-26 11:21:00,341.97,342.01,341.97,342.01,0.01,85.71,29535.74,1
2024-02-26,2024-02-26 11:22:00,342.01,342.04,342.01,342.04,0.01,85.71,29535.74,1
2024-02-26,2024-02-26 11:23:00,342.04,342.08,342.04,342.08,0.01,85.71,29535.74,1
2024-02-26,2024-02-26 11:24:00,342.08,342.12,342.08,342.12,0.01,85.71,29535.74,1
2024-02-26,2024-02-26 11:25:00,342.12,342.15,342.12,342.15,0.01,85.71,29535.74,1
2024-02-26,2024-02-26 11:26:00,342.15,342.19,342.15,342.19,0.01,85.71,29535.74,1
2024-02-26,2024-02-26 11:27:00,342.19,342.23,342.19,342.23,0.01,85.71,29535.74,1
2024-02-26,2024-02-26 11:28:00,342.23,342.26,342.23,342.26,0.01,85.71,29535.74,1
2024-02-26,2024-02-26 11:29:00,342.26,342.3,342.26,342.3,0.01,85.71,29535.74,1
2024-02-26,2024-02-26 11:30:00,342.3,342.34,342.3,342.34,0.01,85.71,29535.74,1
2024-02-26,2024-02-26 11:31:00,342.34,342.37,342.34,342.37,0.01,85.71,29535.74,1
2024-02-26,2024-02-26 11:32:00,342.37,342.41,342.37,342.41,0.01,85.71,29535.74,1
2024-02-26,2024-02-26 11:33:00,342.41,342.45,342.41,342.45,0.01,85.71,29535.74,1
2024-02-26,2024-02-26 11:34:00,342.45,342.48,342.45,342.48,0.01,85.71,29535.74,1
2024-02-26,2024-02-26 11:35:00,342.48,342.52,342.48,342.52,0.01,85.71,29535.74,1
2024-02-26,2024-02-26 11:36:00,342.52,342.56,342.52,342.56,0.01,85.71,29535.74,1
2024-02-26,2024-02-26 11:37:00,342.56,342.59,342.56,342.59,0.01,85.71,29535.74,1
2024-02-26,2024-02-26 11:38:00,342.59,342.63,342.59,342.63,0.01,85.71,29535.74,1
2024-02-26,2024-02-26 11:39:00,342.63,342.67,342.63,342.67,0.01,85.71,29535.74,1
2024-02-26,2024-02-26 11:40:00,342.67,342.7,342.67,342.7,0.01,85.71,29535.74,1
2024-02-26,2024-02-26 11:41:00,342.7,342.74,342.7,342.74,0.01,85.71,29535.74,1
2024-02-26,2024-02-26 11:42:00,342.74,342.78,342.74,342.78,0.01,85.71,29535.74,1
2024-02-26,2024-02-26 11:43:00,342.78,342.81,342.78,342.81,0.01,85.71,29535.74,1
2024-02-26,2024-02-26 11:44:00,342.81,342.85,342.81,342.85,0.01,85.71,29535.74,1
2024-02-26,2024-02-26 11:45:00,342.85,342.89,342.85,342.89,0.01,85.71,29535.74,1
2024-02-26,2024-02-26 11:46:00,342.89,342.92,342.89,342.92,0.01,85.71,29535.74,1
2024-02-26,2024-02-26 11:47:00,342.92,342.96,342.92,342.96,0.01,85.71,29535.74,1
2024-02-26,2024-02-26 11:48:00,342.96,343.0,342.96,343.0,0.01,85.71,29535.74,1
2024-02-26,2024-02-26 11:49:00,343.0,343.03,343.0,343.03,0.01,85.71,29535.74,1
2024-02-26,2024-02-26 11:50:00,343.03,343.07,343.03,343.07,0.01,85.71,29535.74,1
2024-02-26,2024-02-26 11:51:00,343.07,343.11,343.07,343.11,0.01,85.71,29535.74,1
2024-02-26,2024-02-26 11:52:00,343.11,343.14,343.11,343.14,0.01,85.71,29535.74,1
2024-02-26,2024-02-26 11:53:00,343.14,343.18,343.14,343.18,0.01,85.71,29535.74,1
2024-02-26,2024-02-26 11:54:00,343.18,343.22,343.18,343.22,0.01,85.71,29535.74,1
2024-02-26,2024-02-26 11:55:00,343.22,343.25,343.22,343.25,0.01,85.71,29535.74,1
2024-02-26,2024-02-26 11:56:00,343.25,343.29,343.25,343.29,0.01,85.71,29535.74,1
2024-02-26,2024-02-26 11:57:00,343.29,343.33,343.29,343.33,0.01,85.71,29535.74,1
2024-02-26,2024-02-26 11:58:00,343.33,343.36,343.33,343.36,0.01,85.71,29535.74,1
2024-02-26,2024-02-26 11:59:00,343.36,343.4,343.36,343.4,0.01,85.71,29535.74,1
2024-02-26,2024-02-26 12:00:00,343.4,343.44,343.4,343.44,0.01,85.71,29535.74,1
2024-02-26,2024-02-26 12:01:00,343.44,343.47,343.44,343.47,0.01,85.71,29535.74,1
2024-02-26,2024-02-26 12:02:00,343.47,343.51,343.47,343.51,0.01,85.71,29535.74,1
2024-02-26,2024-02-26 12:03:00,343.51,343.55,343.51,343.55,0.01,85.71,29535.74,1
2024-02-26,2024-02-26 12:04:00,343.55,343.58,343.55,343.58,0.01,85.71,29535.74,1
2024-02-26,2024-02-26 12:05:00,343.58,343.62,343.58,343.62,0.01,85.71,29535.74,1
2024-02-26,2024-02-26 12:06:00,343.62,343.66,343.62,343.66,0.01,85.71,29535.74,1
2024-02-26,2024-02-26 12:07:00,343.66,343.69,343.66,343.69,0.01,85.71,29535.74,1
2024-02-26,2024-02-26 12:08:00,343.69,343.73,343.69,343.73,0.01,85.71,29535.74,1
2024-02-26,2024-02-26 12:09:00,343.73,343.77,343.73,343.77,0.01,85.71,29535.74,1
2024-02-26,2024-02-26 12:10:00,343.77,343.8,343.77,343.8,0.01,85.71,29535.74,1
2024-02-26,2024-02-26 12:11:00,343.8,343.84,343.8,343.84,0.01,85.71,29535.74,1
2024-02-26,2024-02-26 12:12:00,343.84,343.88,343.84,343.88,0.01,85.71,29535.74,1
2024-02-26,2024-02-26 12:13:00,343.88,343.91,343.88,343.91,0.01,85.71,29535.74,1
2024-02-26,2024-02-26 12:14:00,343.91,343.95,343.91,343.95,0.01,85.71,29535.74,1
2024-02-26,2024-02-26 12:15:00,343.95,343.99,343.95,343.99,0.01,85.71,29535.74,1
2024-02-26,2024-02-26 12:16:00,343.99,344.02,343.99,344.02,0.01,85.71,29535.74,1
2024-02-26,2024-02-26 12:17:00,344.02,344.06,344.02,344.06,0.01,85.71,29535.74,1
2024-02-26,2024-02-26 12:18:00,344.06,344.1,344.06,344.1,0.01,85.71,29535.74,1
2024-02-26,2024-02-26 12:19:00,344.1,344.13,344.1,344.13,0.01,85.71,29535.74,1
2024-02-26,2024-02-26 12:20:00,344.13,344.17,344.13,344.17,0.01,85.71,29535.74,1
2024-02-26,2024-02-26 12:21:00,344.17,344.21,344.17,344.21,0.01,85.71,29535.74,1
2024-02-26,2024-02-26 12:22:00,344.21,344.24,344.21,344.24,0.01,85.71,29535.74,1
2024-02-26,2024-02-26 12:23:00,344.24,344.28,344.24,344.28,0.01,85.71,29535.74,1
2024-02-26,2024-02-26 12:24:00,344.28,344.32,344.28,344.32,0.01,85.71,29535.74,1
2024-02-26,2024-02-26 12:25:00,344.32,344.35,344.32,344.35,0.01,85.71,29535.74,1
2024-02-26,2024-02-26 12:26:00,344.35,344.39,344.35,344.39,0.01,85.71,29535.74,1
2024-02-26,2024-02-26 12:27:00,344.39,344.43,344.39,344.43,0.01,85.71,29535.74,1
2024-02-26,2024-02-26 12:28:00,344.43,344.46,344.43,344.46,0.01,85.71,29535.74,1
2024-02-26,2024-02-26 12:29:00,344.46,344.5,344.46,344.5,0.01,85.71,29535.74,1
2024-02-26,2024-02-26 12:30:00,344.5,344.54,344.5,344.54,0.01,85.71,29535.74,1
2024-02-26,2024-02-26 12:31:00,344.54,344.57,344.54,344.57,0.01,85.71,29535.74,1
2024-02-26,2024-02-26 12:32:00,344.57,344.61,344.57,344.61,0.01,85.71,29535.74,1
2024-02-26,2024-02-26 12:33:00,344.61,344.65,344.61,344.65,0.01,85.71,29535.74,1
2024-02-26,2024-02-26 12:34:00,344.65,344.68,344.65,344.68,0.01,85.71,29535.74,1
2024-02-26,2024-02-26 12:35:00,344.68,344.72,344.68,344.72,0.01,85.71,29535.74,1
2024-02-26,2024-02-26 12:36:00,344.72,344.76,344.72,344.76,0.01,85.71,29535.74,1
2024-02-26,2024-02-26 12:37:00,344.76,344.79,344.76,344.79,0.01,85.71,29535.74,1
2024-02-26,2024-02-26 12:38:00,344.79,344.83,344.79,344.83,0.01,85.71,29535.74,1
2024-02-26,2024-02-26 12:39:00,344.83,344.87,344.83,344.87,0.01,85.71,29535.74,1
2024-02-26,2024-02-26 12:40:00,344.87,344.9,344.87,344.9,0.01,85.71,29535.74,1
2024-02-26,2024-02-26 12:41:00,344.9,344.94,344.9,344.94,0.01,85.71,29535.74,1
2024-02-26,2024-02-26 12:42:00,344.94,344.98,344.94,344.98,0.01,85.71,29535.74,1
2024-02-26,2024-02-26 12:43:00,344.98,345.01,344.98,345.01,0.01,85.71,29535.74,1
2024-02-26,2024-02-26 12:44:00,345.01,345.05,345.01,345.05,0.01,85.71,29535.74,1
2024-02-26,2024-02-26 12:45:00,345.05,345.09,345.05,345.09,0.01,85.71,29535.74,1
2024-02-26,2024-02-26 12:46:00,345.09,345.12,345.09,345.12,0.01,85.71,29535.74,1
2024-02-26,2024-02-26 12:47:00,345.12,345.16,345.12,345.16,0.01,85.71,29535.74,1
2024-02-26,2024-02-26 12:48:00,345.16,345.2,345.16,345.2,0.01,85.71,29535.74,1
2024-02-26,2024-02-26 12:49:00,345.2,345.23,345.2,345.23,0.01,85.71,29535.74,1
2024-02-26,2024-02-26 12:50:00,345.23,345.27,345.23,345.27,0.01,85.71,29535.74,1
2024-02-26,2024-02-26 12:51:00,345.27,345.31,345.27,345.31,0.01,85.71,29535.74,1
2024-02-26,2024-02-26 12:52:00,345.31,345.34,345.31,345.34,0.01,85.71,29535.74,1
2024-02-26,2024-02-26 12:53:00,345.34,345.38,345.34,345.38,0.01,85.71,29535.74,1
2024-02-26,2024-02-26 12:54:00,345.38,345.42,345.38,345.42,0.01,85.71,29535.74,1
2024-02-26,2024-02-26 12:55:00,345.42,345.45,345.42,345.45,0.01,85.71,29535.74,1
2024-02-26,2024-02-26 12:56:00,345.45,345.49,345.45,345.49,0.01,85.71,29535.74,1
2024-02-26,2024-02-26 12:57:00,345.49,345.53,345.49,345.53,0.01,85.71,29535.74,1
2024-02-26,2024-02-26 12:58:00,345.53,345.56,345.53,345.56,0.01,85.71,29535.74,1
2024-02-26,2024-02-26 12:59:00,345.56,345.6,345.56,345.6,0.01,85.71,29535.74,1
2024-02-26,2024-02-26 13:00:00,345.6,360.0,337.2,345.64,0.01,85.71,29535.74,1
2024-02-26,2024-02-26 13:01:00,345.64,345.67,345.64,345.67,0.01,85.71,29535.74,1
2024-02-26,2024-02-26 13:02:00,345.67,345.71,345.67,345.71,0.01,85.71,29535.74,1
2024-02-26,2024-02-26 13:03:00,345.71,345.75,345.71,345.75,0.01,85.71,29535.74,1
2024-02-26,2024-02-26 13:04:00,345.75,345.78,345.75,345.78,0.01,85.71,29535.74,1
2024-02-26,2024-02-26 13:05:00,345.78,345.82,345.78,345.82,0.01,85.71,29535.74,1
2024-02-26,2024-02-26 13:06:00,345.82,345.86,345.82,345.86,0.01,85.71,29535.74,1
2024-02-26,2024-02-26 13:07:00,345.86,345.89,345.86,345.89,0.01,85.71,29535.74,1
2024-02-26,2024-02-26 13:08:00,345.89,345.93,345.89,345.93,0.01,85.71,29535.74,1
2024-02-26,2024-02-26 13:09:00,345.93,345.97,345.93,345.97,0.01,85.71,29535.74,1
2024-02-26,2024-02-26 13:10:00,345.97,346.0,345.97,346.0,0.01,85.71,29535.74,1
2024-02-26,2024-02-26 13:11:00,346.0,346.04,346.0,346.04,0.01,85.71,29535.74,1
2024-02-26,2024-02-26 13:12:00,346.04,346.08,346.04,346.08,0.01,85.71,29535.74,1
2024-02-26,2024-02-26 13:13:00,346.08,346.11,346.08,346.11,0.01,85.71,29535.74,1
2024-02-26,2024-02-26 13:14:00,346.11,346.15,346.11,346.15,0.01,85.71,29535.74,1
2024-02-26,2024-02-26 13:15:00,346.15,346.19,346.15,346.19,0.01,85.71,29535.74,1
2024-02-26,2024-02-26 13:16:00,346.19,346.22,346.19,346.22,0.01,85.71,29535.74,1
2024-02-26,2024-02-26 13:17:00,346.22,346.26,346.22,346.26,0.01,85.71,29535.74,1
2024-02-26,2024-02-26 13:18:00,346.26,346.3,346.26,346.3,0.01,85.71,29535.74,1
2024-02-26,2024-02-26 13:19:00,346.3,346.33,346.3,346.33,0.01,85.71,29535.74,1
2024-02-26,2024-02-26 13:20:00,346.33,346.37,346.33,346.37,0.01,85.71,29535.74,1
2024-02-26,2024-02-26 13:21:00,346.37,346.41,346.37,346.41,0.01,85.71,29535.74,1
2024-02-26,2024-02-26 13:22:00,346.41,346.44,346.41,346.44,0.01,85.71,29535.74,1
2024-02-26,2024-02-26 13:23:00,346.44,346.48,346.44,346.48,0.01,85.71,29535.74,1
2024-02-26,2024-02-26 13:24:00,346.48,346.52,346.48,346.52,0.01,85.71,29535.74,1
2024-02-26,2024-02-26 13:25:00,346.52,346.55,346.52,346.55,0.01,85.71,29535.74,1
2024-02-26,2024-02-26 13:26:00,346.55,346.59,346.55,346.59,0.01,85.71,29535.74,1
2024-02-26,2024-02-26 13:27:00,346.59,346.63,346.59,346.63,0.01,85.71,29535.74,1
2024-02-26,2024-02-26 13:28:00,346.63,346.66,346.63,346.66,0.01,85.71,29535.74,1
2024-02-26,2024-02-26 13:29:00,346.66,346.7,346.66,346.7,0.01,85.71,29535.74,1
2024-02-26,2024-02-26 13:30:00,346.7,346.74,346.7,346.74,0.01,85.71,29535.74,1
2024-02-26,2024-02-26 13:31:00,346.74,346.77,346.74,346.77,0.01,85.71,29535.74,1
2024-02-26,2024-02-26 13:32:00,346.77,346.81,346.77,346.81,0.01,85.71,29535.74,1
2024-02-26,2024-02-26 13:33:00,346.81,346.85,346.81,346.85,0.01,85.71,29535.74,1
2024-02-26,2024-02-26 13:34:00,346.85,346.88,346.85,346.88,0.01,85.71,29535.74,1
2024-02-26,2024-02-26 13:35:00,346.88,346.92,346.88,346.92,0.01,85.71,29535.74,1
2024-02-26,2024-02-26 13:36:00,346.92,346.96,346.92,346.96,0.01,85.71,29535.74,1
2024-02-26,2024-02-26 13:37:00,346.96,346.99,346.96,346.99,0.01,85.71,29535.74,1
2024-02-26,2024-02-26 13:38:00,346.99,347.03,346.99,347.03,0.01,85.71,29535.74,1
2024-02-26,2024-02-26 13:39:00,347.03,347.07,347.03,347.07,0.01,85.71,29535.74,1
2024-02-26,2024-02-26 13:40:00,347.07,347.1,347.07,347.1,0.01,85.71,29535.74,1
2024-02-26,2024-02-26 13:41:00,347.1,347.14,347.1,347.14,0.01,85.71,29535.74,1
2024-02-26,2024-02-26 13:42:00,347.14,347.18,347.14,347.18,0.01,85.71,29535.74,1
2024-02-26,2024-02-26 13:43:00,347.18,347.21,347.18,347.21,0.01,85.71,29535.74,1
2024-02-26,2024-02-26 13:44:00,347.21,347.25,347.21,347.25,0.01,85.71,29535.74,1
2024-02-26,2024-02-26 13:45:00,347.25,347.29,347.25,347.29,0.01,85.71,29535.74,1
2024-02-26,2024-02-26 13:46:00,347.29,347.32,347.29,347.32,0.01,85.71,29535.74,1
2024-02-26,2024-02-26 13:47:00,347.32,347.36,347.32,347.36,0.01,85.71,29535.74,1
2024-02-26,2024-02-26 13:48:00,347.36,347.4,347.36,347.4,0.01,85.71,29535.74,1
2024-02-26,2024-02-26 13:49:00,347.4,347.43,347.4,347.43,0.01,85.71,29535.74,1
2024-02-26,2024-02-26 13:50:00,347.43,347.47,347.43,347.47,0.01,85.71,29535.74,1
2024-02-26,2024-02-26 13:51:00,347.47,347.51,347.47,347.51,0.01,85.71,29535.74,1
2024-02-26,2024-02-26 13:52:00,347.51,347.54,347.51,347.54,0.01,85.71,29535.74,1
2024-02-26,2024-02-26 13:53:00,347.54,347.58,347.54,347.58,0.01,85.71,29535.74,1
2024-02-26,2024-02-26 13:54:00,347.58,347.62,347.58,347.62,0.01,85.71,29535.74,1
2024-02-26,2024-02-26 13:55:00,347.62,347.65,347.62,347.65,0.01,85.71,29535.74,1
2024-02-26,2024-02-26 13:56:00,347.65,347.69,347.65,347.69,0.01,85.71,29535.74,1
2024-02-26,2024-02-26 13:57:00,347.69,347.73,347.69,347.73,0.01,85.71,29535.74,1
2024-02-26,2024-02-26 13:58:00,347.73,347.76,347.73,347.76,0.01,85.71,29535.74,1
2024-02-26,2024-02-26 13:59:00,347.76,347.8,347.76,347.8,0.01,85.71,29535.74,1
2024-02-26,2024-02-26 14:00:00,347.8,347.84,347.8,347.84,0.01,85.71,29535.74,1
2024-02-26,2024-02-26 14:01:00,347.84,347.87,347.84,347.87,0.01,85.71,29535.74,1
2024-02-26,2024-02-26 14:02:00,347.87,347.91,347.87,347.91,0.01,85.71,29535.74,1
2024-02-26,2024-02-26 14:03:00,347.91,347.95,347.91,347.95,0.01,85.71,29535.74,1
2024-02-26,2024-02-26 14:04:00,347.95,347.98,347.95,347.98,0.01,85.71,29535.74,1
2024-02-26,2024-02-26 14:05:00,347.98,348.02,347.98,348.02,0.01,85.71,29535.74,1
2024-02-26,2024-02-26 14:06:00,348.02,348.06,348.02,348.06,0.01,85.71,29535.74,1
2024-02-26,2024-02-26 14:07:00,348.06,348.09,348.06,348.09,0.01,85.71,29535.74,1
2024-02-26,2024-02-26 14:08:00,348.09,348.13,348.09,348.13,0.01,85.71,29535.74,1
2024-02-26,2024-02-26 14:09:00,348.13,348.17,348.13,348.17,0.01,85.71,29535.74,1
2024-02-26,2024-02-26 14:10:00,348.17,348.2,348.17,348.2,0.01,85.71,29535.74,1
2024-02-26,2024-02-26 14:11:00,348.2,348.24,348.2,348.24,0.01,85.71,29535.74,1
2024-02-26,2024-02-26 14:12:00,348.24,348.28,348.24,348.28,0.01,85.71,29535.74,1
2024-02-26,2024-02-26 14:13:00,348.28,348.31,348.28,348.31,0.01,85.71,29535.74,1
2024-02-26,2024-02-26 14:14:00,348.31,348.35,348.31,348.35,0.01,85.71,29535.74,1
2024-02-26,2024-02-26 14:15:00,348.35,348.39,348.35,348.39,0.01,85.71,29535.74,1
2024-02-26,2024-02-26 14:16:00,348.39,348.42,348.39,348.42,0.01,85.71,29535.74,1
2024-02-26,2024-02-26 14:17:00,348.42,348.46,348.42,348.46,0.01,85.71,29535.74,1
2024-02-26,2024-02-26 14:18:00,348.46,348.5,348.46,348.5,0.01,85.71,29535.74,1
2024-02-26,2024-02-26 14:19:00,348.5,348.53,348.5,348.53,0.01,85.71,29535.74,1
2024-02-26,2024-02-26 14:20:00,348.53,348.57,348.53,348.57,0.01,85.71,29535.74,1
2024-02-26,2024-02-26 14:21:00,348.57,348.61,348.57,348.61,0.01,85.71,29535.74,1
2024-02-26,2024-02-26 14:22:00,348.61,348.64,348.61,348.64,0.01,85.71,29535.74,1
2024-02-26,2024-02-26 14:23:00,348.64,348.68,348.64,348.68,0.01,85.71,29535.74,1
2024-02-26,2024-02-26 14:24:00,348.68,348.72,348.68,348.72,0.01,85.71,29535.74,1
2024-02-26,2024-02-26 14:25:00,348.72,348.75,348.72,348.75,0.01,85.71,29535.74,1
2024-02-26,2024-02-26 14:26:00,348.75,348.79,348.75,348.79,0.01,85.71,29535.74,1
2024-02-26,2024-02-26 14:27:00,348.79,348.83,348.79,348.83,0.01,85.71,29535.74,1
2024-02-26,2024-02-26 14:28:00,348.83,348.86,348.83,348.86,0.01,85.71,29535.74,1
2024-02-26,2024-02-26 14:29:00,348.86,348.9,348.86,348.9,0.01,85.71,29535.74,1
2024-02-26,2024-02-26 14:30:00,348.9,348.94,348.9,348.94,0.01,85.71,29535.74,1
2024-02-26,2024-02-26 14:31:00,348.94,348.97,348.94,348.97,0.01,85.71,29535.74,1
2024-02-26,2024-02-26 14:32:00,348.97,349.01,348.97,349.01,0.01,85.71,29535.74,1
2024-02-26,2024-02-26 14:33:00,349.01,349.05,349.01,349.05,0.01,85.71,29535.74,1
2024-02-26,2024-02-26 14:34:00,349.05,349.08,349.05,349.08,0.01,85.71,29535.74,1
2024-02-26,2024-02-26 14:35:00,349.08,349.12,349.08,349.12,0.01,85.71,29535.74,1
2024-02-26,2024-02-26 14:36:00,349.12,349.16,349.12,349.16,0.01,85.71,29535.74,1
2024-02-26,2024-02-26 14:37:00,349.16,349.19,349.16,349.19,0.01,85.71,29535.74,1
2024-02-26,2024-02-26 14:38:00,349.19,349.23,349.19,349.23,0.01,85.71,29535.74,1
2024-02-26,2024-02-26 14:39:00,349.23,349.27,349.23,349.27,0.01,85.71,29535.74,1
2024-02-26,2024-02-26 14:40:00,349.27,349.3,349.27,349.3,0.01,85.71,29535.74,1
2024-02-26,2024-02-26 14:41:00,349.3,349.34,349.3,349.34,0.01,85.71,29535.74,1
2024-02-26,2024-02-26 14:42:00,349.34,349.38,349.34,349.38,0.01,85.71,29535.74,1
2024-02-26,2024-02-26 14:43:00,349.38,349.41,349.38,349.41,0.01,85.71,29535.74,1
2024-02-26,2024-02-26 14:44:00,349.41,349.45,349.41,349.45,0.01,85.71,29535.74,1
2024-02-26,2024-02-26 14:45:00,349.45,349.49,349.45,349.49,0.01,85.71,29535.74,1
2024-02-26,2024-02-26 14:46:00,349.49,349.52,349.49,349.52,0.01,85.71,29535.74,1
2024-02-26,2024-02-26 14:47:00,349.52,349.56,349.52,349.56,0.01,85.71,29535.74,1
2024-02-26,2024-02-26 14:48:00,349.56,349.6,349.56,349.6,0.01,85.71,29535.74,1
2024-02-26,2024-02-26 14:49:00,349.6,349.63,349.6,349.63,0.01,85.71,29535.74,1
2024-02-26,2024-02-26 14:50:00,349.63,349.67,349.63,349.67,0.01,85.71,29535.74,1
2024-02-26,2024-02-26 14:51:00,349.67,349.71,349.67,349.71,0.01,85.71,29535.74,1
2024-02-26,2024-02-26 14:52:00,349.71,349.74,349.71,349.74,0.01,85.71,29535.74,1
2024-02-26,2024-02-26 14:53:00,349.74,349.78,349.74,349.78,0.01,85.71,29535.74,1
2024-02-26,2024-02-26 14:54:00,349.78,349.82,349.78,349.82,0.01,85.71,29535.74,1
2024-02-26,2024-02-26 14:55:00,349.82,349.85,349.82,349.85,0.01,85.71,29535.74,1
2024-02-26,2024-02-26 14:56:00,349.85,349.89,349.85,349.89,0.01,85.71,29535.74,1
2024-02-26,2024-02-26 14:57:00,349.89,349.93,349.89,349.93,0.01,85.71,29535.74,1
2024-02-26,2024-02-26 14:58:00,349.93,349.96,349.93,349.96,0.01,85.71,29535.74,1
2024-02-26,2024-02-26 14:59:00,349.96,350.0,349.96,350.0,0.01,85.71,29535.74,1
2024-02-26,2024-02-26 15:00:00,350.0,360.0,337.2,350.0,0.0,85.71,29535.74,0
2024-02-27,2024-02-27 11:00:00,355.0,355.84,351.46,355.0,0.0,24.76,8697.18,0
2024-02-27,2024-02-27 11:01:00,355.0,355.0,355.0,355.0,0.0,24.76,8697.18,0
2024-02-27,2024-02-27 11:02:00,355.0,355.0,355.0,355.0,0.0,24.76,8697.18,0
2024-02-27,2024-02-27 11:03:00,355.0,355.0,355.0,355.0,0.0,24.76,8697.18,0
2024-02-27,2024-02-27 11:04:00,355.0,355.0,355.0,355.0,0.0,24.76,8697.18,0
2024-02-27,2024-02-27 11:05:00,355.0,355.0,355.0,355.0,0.0,24.76,8697.18,0
2024-02-27,2024-02-27 11:06:00,355.0,355.0,355.0,355.0,0.0,24.76,8697.18,0
2024-02-27,2024-02-27 11:07:00,355.0,355.0,355.0,355.0,0.0,24.76,8697.18,0
2024-02-27,2024-02-27 11:08:00,355.0,355.0,355.0,355.0,0.0,24.76,8697.18,0
2024-02-27,2024-02-27 11:09:00,355.0,355.0,355.0,355.0,0.0,24.76,8697.18,0
2024-02-27,2024-02-27 11:10:00,355.0,355.0,355.0,355.0,0.0,24.76,8697.18,0
2024-02-27,2024-02-27 11:11:00,355.0,355.0,355.0,355.0,0.0,24.76,8697.18,0
2024-02-27,2024-02-27 11:12:00,355.0,355.0,354.99,354.99,-0.0,24.76,8697.18,-1
2024-02-27,2024-02-27 11:13:00,354.99,354.99,354.99,354.99,0.0,24.76,8697.18,0
2024-02-27,2024-02-27 11:14:00,354.99,354.99,354.99,354.99,0.0,24.76,8697.18,0
2024-02-27,2024-02-27 11:15:00,354.99,354.99,354.99,354.99,0.0,24.76,8697.18,0
2024-02-27,2024-02-27 11:16:00,354.99,354.99,354.99,354.99,0.0,24.76,8697.18,0
2024-02-27,2024-02-27 11:17:00,354.99,354.99,354.99,354.99,0.0,24.76,8697.18,0
2024-02-27,2024-02-27 11:18:00,354.99,354.99,354.99,354.99,0.0,24.76,8697.18,0
2024-02-27,2024-02-27 11:19:00,354.99,354.99,354.99,354.99,0.0,24.76,8697.18,0
2024-02-27,2024-02-27 11:20:00,354.99,354.99,354.99,354.99,0.0,24.76,8697.18,0
2024-02-27,2024-02-27 11:21:00,354.99,354.99,354.99,354.99,0.0,24.76,8697.18,0
2024-02-27,2024-02-27 11:22:00,354.99,354.99,354.99,354.99,0.0,24.76,8697.18,0
2024-02-27,2024-02-27 11:23:00,354.99,354.99,354.99,354.99,0.0,24.76,8697.18,0
2024-02-27,2024-02-27 11:24:00,354.99,354.99,354.99,354.99,0.0,24.76,8697.18,0
2024-02-27,2024-02-27 11:25:00,354.99,354.99,354.99,354.99,0.0,24.76,8697.18,0
2024-02-27,2024-02-27 11:26:00,354.99,354.99,354.99,354.99,0.0,24.76,8697.18,0
2024-02-27,2024-02-27 11:27:00,354.99,354.99,354.99,354.99,0.0,24.76,8697.18,0
2024-02-27,2024-02-27 11:28:00,354.99,354.99,354.99,354.99,0.0,24.76,8697.18,0
2024-02-27,2024-02-27 11:29:00,354.99,354.99,354.99,354.99,0.0,24.76,8697.18,0
2024-02-27,2024-02-27 11:30:00,354.99,354.99,354.99,354.99,0.0,24.76,8697.18,0
2024-02-27,2024-02-27 11:31:00,354.99,354.99,354.99,354.99,0.0,24.76,8697.18,0
2024-02-27,2024-02-27 11:32:00,354.99,354.99,354.99,354.99,0.0,24.76,8697.18,0
2024-02-27,2024-02-27 11:33:00,354.99,354.99,354.99,354.99,0.0,24.76,8697.18,0
2024-02-27,2024-02-27 11:34:00,354.99,354.99,354.99,354.99,0.0,24.76,8697.18,0
2024-02-27,2024-02-27 11:35:00,354.99,354.99,354.99,354.99,0.0,24.76,8697.18,0
2024-02-27,2024-02-27 11:36:00,354.99,354.99,354.98,354.98,-0.0,24.76,8697.18,-1
2024-02-27,2024-02-27 11:37:00,354.98,354.98,354.98,354.98,0.0,24.76,8697.18,0
2024-02-27,2024-02-27 11:38:00,354.98,354.98,354.98,354.98,0.0,24.76,8697.18,0
2024-02-27,2024-02-27 11:39:00,354.98,354.98,354.98,354.98,0.0,24.76,8697.18,0
2024-02-27,2024-02-27 11:40:00,354.98,354.98,354.98,354.98,0.0,24.76,8697.18,0
2024-02-27,2024-02-27 11:41:00,354.98,354.98,354.98,354.98,0.0,24.76,8697.18,0
2024-02-27,2024-02-27 11:42:00,354.98,354.98,354.98,354.98,0.0,24.76,8697.18,0
2024-02-27,2024-02-27 11:43:00,354.98,354.98,354.98,354.98,0.0,24.76,8697.18,0
2024-02-27,2024-02-27 11:44:00,354.98,354.98,354.98,354.98,0.0,24.76,8697.18,0
2024-02-27,2024-02-27 11:45:00,354.98,354.98,354.98,354.98,0.0,24.76,8697.18,0
2024-02-27,2024-02-27 11:46:00,354.98,354.98,354.98,354.98,0.0,24.76,8697.18,0
2024-02-27,2024-02-27 11:47:00,354.98,354.98,354.98,354.98,0.0,24.76,8697.18,0
2024-02-27,2024-02-27 11:48:00,354.98,354.98,354.98,354.98,0.0,24.76,8697.18,0
2024-02-27,2024-02-27 11:49:00,354.98,354.98,354.98,354.98,0.0,24.76,8697.18,0
2024-02-27,2024-02-27 11:50:00,354.98,354.98,354.98,354.98,0.0,24.76,8697.18,0
2024-02-27,2024-02-27 11:51:00,354.98,354.98,354.98,354.98,0.0,24.76,8697.18,0
2024-02-27,2024-02-27 11:52:00,354.98,354.98,354.98,354.98,0.0,24.76,8697.18,0
2024-02-27,2024-02-27 11:53:00,354.98,354.98,354.98,354.98,0.0,24.76,8697.18,0
2024-02-27,2024-02-27 11:54:00,354.98,354.98,354.98,354.98,0.0,24.76,8697.18,0
2024-02-27,2024-02-27 11:55:00,354.98,354.98,354.98,354.98,0.0,24.76,8697.18,0
2024-02-27,2024-02-27 11:56:00,354.98,354.98,354.98,354.98,0.0,24.76,8697.18,0
2024-02-27,2024-02-27 11:57:00,354.98,354.98,354.98,354.98,0.0,24.76,8697.18,0
2024-02-27,2024-02-27 11:58:00,354.98,354.98,354.98,354.98,0.0,24.76,8697.18,0
2024-02-27,2024-02-27 11:59:00,354.98,354.98,354.98,354.98,0.0,24.76,8697.18,0
2024-02-27,2024-02-27 12:00:00,354.98,354.98,354.97,354.97,-0.0,24.76,8697.18,-1
2024-02-27,2024-02-27 12:01:00,354.97,354.97,354.97,354.97,0.0,24.76,8697.18,0
2024-02-27,2024-02-27 12:02:00,354.97,354.97,354.97,354.97,0.0,24.76,8697.18,0
2024-02-27,2024-02-27 12:03:00,354.97,354.97,354.97,354.97,0.0,24.76,8697.18,0
2024-02-27,2024-02-27 12:04:00,354.97,354.97,354.97,354.97,0.0,24.76,8697.18,0
2024-02-27,2024-02-27 12:05:00,354.97,354.97,354.97,354.97,0.0,24.76,8697.18,0
2024-02-27,2024-02-27 12:06:00,354.97,354.97,354.97,354.97,0.0,24.76,8697.18,0
2024-02-27,2024-02-27 12:07:00,354.97,354.97,354.97,354.97,0.0,24.76,8697.18,0
2024-02-27,2024-02-27 12:08:00,354.97,354.97,354.97,354.97,0.0,24.76,8697.18,0
2024-02-27,2024-02-27 12:09:00,354.97,354.97,354.97,354.97,0.0,24.76,8697.18,0
2024-02-27,2024-02-27 12:10:00,354.97,354.97,354.97,354.97,0.0,24.76,8697.18,0
2024-02-27,2024-02-27 12:11:00,354.97,354.97,354.97,354.97,0.0,24.76,8697.18,0
2024-02-27,2024-02-27 12:12:00,354.97,354.97,354.97,354.97,0.0,24.76,8697.18,0
2024-02-27,2024-02-27 12:13:00,354.97,354.97,354.97,354.97,0.0,24.76,8697.18,0
2024-02-27,2024-02-27 12:14:00,354.97,354.97,354.97,354.97,0.0,24.76,8697.18,0
2024-02-27,2024-02-27 12:15:00,354.97,354.97,354.97,354.97,0.0,24.76,8697.18,0
2024-02-27,2024-02-27 12:16:00,354.97,354.97,354.97,354.97,0.0,24.76,8697.18,0
2024-02-27,2024-02-27 12:17:00,354.97,354.97,354.97,354.97,0.0,24.76,8697.18,0
2024-02-27,2024-02-27 12:18:00,354.97,354.97,354.97,354.97,0.0,24.76,8697.18,0
2024-02-27,2024-02-27 12:19:00,354.97,354.97,354.97,354.97,0.0,24.76,8697.18,0
2024-02-27,2024-02-27 12:20:00,354.97,354.97,354.97,354.97,0.0,24.76,8697.18,0
2024-02-27,2024-02-27 12:21:00,354.97,354.97,354.97,354.97,0.0,24.76,8697.18,0
2024-02-27,2024-02-27 12:22:00,354.97,354.97,354.97,354.97,0.0,24.76,8697.18,0
2024-02-27,2024-02-27 12:23:00,354.97,354.97,354.96,354.96,-0.0,24.76,8697.18,-1
2024-02-27,2024-02-27 12:24:00,354.96,354.96,354.96,354.96,0.0,24.76,8697.18,0
2024-02-27,2024-02-27 12:25:00,354.96,354.96,354.96,354.96,0.0,24.76,8697.18,0
2024-02-27,2024-02-27 12:26:00,354.96,354.96,354.96,354.96,0.0,24.76,8697.18,0
2024-02-27,2024-02-27 12:27:00,354.96,354.96,354.96,354.96,0.0,24.76,8697.18,0
2024-02-27,2024-02-27 12:28:00,354.96,354.96,354.96,354.96,0.0,24.76,8697.18,0
2024-02-27,2024-02-27 12:29:00,354.96,354.96,354.96,354.96,0.0,24.76,8697.18,0
2024-02-27,2024-02-27 12:30:00,354.96,354.96,354.96,354.96,0.0,24.76,8697.18,0
2024-02-27,2024-02-27 12:31:00,354.96,354.96,354.96,354.96,0.0,24.76,8697.18,0
2024-02-27,2024-02-27 12:32:00,354.96,354.96,354.96,354.96,0.0,24.76,8697.18,0
2024-02-27,2024-02-27 12:33:00,354.96,354.96,354.96,354.96,0.0,24.76,8697.18,0
2024-02-27,2024-02-27 12:34:00,354.96,354.96,354.96,354.96,0.0,24.76,8697.18,0
2024-02-27,2024-02-27 12:35:00,354.96,354.96,354.96,354.96,0.0,24.76,8697.18,0
2024-02-27,2024-02-27 12:36:00,354.96,354.96,354.96,354.96,0.0,24.76,8697.18,0
2024-02-27,2024-02-27 12:37:00,354.96,354.96,354.96,354.96,0.0,24.76,8697.18,0
2024-02-27,2024-02-27 12:38:00,354.96,354.96,354.96,354.96,0.0,24.76,8697.18,0
2024-02-27,2024-02-27 12:39:00,354.96,354.96,354.96,354.96,0.0,24.76,8697.18,0
2024-02-27,2024-02-27 12:40:00,354.96,354.96,354.96,354.96,0.0,24.76,8697.18,0
2024-02-27,2024-02-27 12:41:00,354.96,354.96,354.96,354.96,0.0,24.76,8697.18,0
2024-02-27,2024-02-27 12:42:00,354.96,354.96,354.96,354.96,0.0,24.76,8697.18,0
2024-02-27,2024-02-27 12:43:00,354.96,354.96,354.96,354.96,0.0,24.76,8697.18,0
2024-02-27,2024-02-27 12:44:00,354.96,354.96,354.96,354.96,0.0,24.76,8697.18,0
2024-02-27,2024-02-27 12:45:00,354.96,354.96,354.96,354.96,0.0,24.76,8697.18,0
2024-02-27,2024-02-27 12:46:00,354.96,354.96,354.96,354.96,0.0,24.76,8697.18,0
2024-02-27,2024-02-27 12:47:00,354.96,354.96,354.95,354.95,-0.0,24.76,8697.18,-1
2024-02-27,2024-02-27 12:48:00,354.95,354.95,354.95,354.95,0.0,24.76,8697.18,0
2024-02-27,2024-02-27 12:49:00,354.95,354.95,354.95,354.95,0.0,24.76,8697.18,0
2024-02-27,2024-02-27 12:50:00,354.95,354.95,354.95,354.95,0.0,24.76,8697.18,0
2024-02-27,2024-02-27 12:51:00,354.95,354.95,354.95,354.95,0.0,24.76,8697.18,0
2024-02-27,2024-02-27 12:52:00,354.95,354.95,354.95,354.95,0.0,24.76,8697.18,0
2024-02-27,2024-02-27 12:53:00,354.95,354.95,354.95,354.95,0.0,24.76,8697.18,0
2024-02-27,2024-02-27 12:54:00,354.95,354.95,354.95,354.95,0.0,24.76,8697.18,0
2024-02-27,2024-02-27 12:55:00,354.95,354.95,354.95,354.95,0.0,24.76,8697.18,0
2024-02-27,2024-02-27 12:56:00,354.95,354.95,354.95,354.95,0.0,24.76,8697.18,0
2024-02-27,2024-02-27 12:57:00,354.95,354.95,354.95,354.95,0.0,24.76,8697.18,0
2024-02-27,2024-02-27 12:58:00,354.95,354.95,354.95,354.95,0.0,24.76,8697.18,0
2024-02-27,2024-02-27 12:59:00,354.95,354.95,354.95,354.95,0.0,24.76,8697.18,0
2024-02-27,2024-02-27 13:00:00,354.95,357.8,343.2,354.95,0.0,24.76,8697.18,0
2024-02-27,2024-02-27 13:01:00,354.95,354.95,354.95,354.95,0.0,24.76,8697.18,0
2024-02-27,2024-02-27 13:02:00,354.95,354.95,354.95,354.95,0.0,24.76,8697.18,0
2024-02-27,2024-02-27 13:03:00,354.95,354.95,354.95,354.95,0.0,24.76,8697.18,0
2024-02-27,2024-02-27 13:04:00,354.95,354.95,354.95,354.95,0.0,24.76,8697.18,0
2024-02-27,2024-02-27 13:05:00,354.95,354.95,354.95,354.95,0.0,24.76,8697.18,0
2024-02-27,2024-02-27 13:06:00,354.95,354.95,354.95,354.95,0.0,24.76,8697.18,0
2024-02-27,2024-02-27 13:07:00,354.95,354.95,354.95,354.95,0.0,24.76,8697.18,0
2024-02-27,2024-02-27 13:08:00,354.95,354.95,354.95,354.95,0.0,24.76,8697.18,0
2024-02-27,2024-02-27 13:09:00,354.95,354.95,354.95,354.95,0.0,24.76,8697.18,0
2024-02-27,2024-02-27 13:10:00,354.95,354.95,354.95,354.95,0.0,24.76,8697.18,0
2024-02-27,2024-02-27 13:11:00,354.95,354.95,354.94,354.94,-0.0,24.76,8697.18,-1
2024-02-27,2024-02-27 13:12:00,354.94,354.94,354.94,354.94,0.0,24.76,8697.18,0
2024-02-27,2024-02-27 13:13:00,354.94,354.94,354.94,354.94,0.0,24.76,8697.18,0
2024-02-27,2024-02-27 13:14:00,354.94,354.94,354.94,354.94,0.0,24.76,8697.18,0
2024-02-27,2024-02-27 13:15:00,354.94,354.94,354.94,354.94,0.0,24.76,8697.18,0
2024-02-27,2024-02-27 13:16:00,354.94,354.94,354.94,354.94,0.0,24.76,8697.18,0
2024-02-27,2024-02-27 13:17:00,354.94,354.94,354.94,354.94,0.0,24.76,8697.18,0
2024-02-27,2024-02-27 13:18:00,354.94,354.94,354.94,354.94,0.0,24.76,8697.18,0
2024-02-27,2024-02-27 13:19:00,354.94,354.94,354.94,354.94,0.0,24.76,8697.18,0
2024-02-27,2024-02-27 13:20:00,354.94,354.94,354.94,354.94,0.0,24.76,8697.18,0
2024-02-27,2024-02-27 13:21:00,354.94,354.94,354.94,354.94,0.0,24.76,8697.18,0
2024-02-27,2024-02-27 13:22:00,354.94,354.94,354.94,354.94,0.0,24.76,8697.18,0
2024-02-27,2024-02-27 13:23:00,354.94,354.94,354.94,354.94,0.0,24.76,8697.18,0
2024-02-27,2024-02-27 13:24:00,354.94,354.94,354.94,354.94,0.0,24.76,8697.18,0
2024-02-27,2024-02-27 13:25:00,354.94,354.94,354.94,354.94,0.0,24.76,8697.18,0
2024-02-27,2024-02-27 13:26:00,354.94,354.94,354.94,354.94,0.0,24.76,8697.18,0
2024-02-27,2024-02-27 13:27:00,354.94,354.94,354.94,354.94,0.0,24.76,8697.18,0
2024-02-27,2024-02-27 13:28:00,354.94,354.94,354.94,354.94,0.0,24.76,8697.18,0
2024-02-27,2024-02-27 13:29:00,354.94,354.94,354.94,354.94,0.0,24.76,8697.18,0
2024-02-27,2024-02-27 13:30:00,354.94,354.94,354.94,354.94,0.0,24.76,8697.18,0
2024-02-27,2024-02-27 13:31:00,354.94,354.94,354.94,354.94,0.0,24.76,8697.18,0
2024-02-27,2024-02-27 13:32:00,354.94,354.94,354.94,354.94,0.0,24.76,8697.18,0
2024-02-27,2024-02-27 13:33:00,354.94,354.94,354.94,354.94,0.0,24.76,8697.18,0
2024-02-27,2024-02-27 13:34:00,354.94,354.94,354.94,354.94,0.0,24.76,8697.18,0
2024-02-27,2024-02-27 13:35:00,354.94,354.94,354.94,354.94,0.0,24.76,8697.18,0
2024-02-27,2024-02-27 13:36:00,354.94,354.94,354.93,354.93,-0.0,24.76,8697.18,-1
2024-02-27,2024-02-27 13:37:00,354.93,354.93,354.93,354.93,0.0,24.76,8697.18,0
2024-02-27,2024-02-27 13:38:00,354.93,354.93,354.93,354.93,0.0,24.76,8697.18,0
2024-02-27,2024-02-27 13:39:00,354.93,354.93,354.93,354.93,0.0,24.76,8697.18,0
2024-02-27,2024-02-27 13:40:00,354.93,354.93,354.93,354.93,0.0,24.76,8697.18,0
2024-02-27,2024-02-27 13:41:00,354.93,354.93,354.93,354.93,0.0,24.76,8697.18,0
2024-02-27,2024-02-27 13:42:00,354.93,354.93,354.93,354.93,0.0,24.76,8697.18,0
2024-02-27,2024-02-27 13:43:00,354.93,354.93,354.93,354.93,0.0,24.76,8697.18,0
2024-02-27,2024-02-27 13:44:00,354.93,354.93,354.93,354.93,0.0,24.76,8697.18,0
2024-02-27,2024-02-27 13:45:00,354.93,354.93,354.93,354.93,0.0,24.76,8697.18,0
2024-02-27,2024-02-27 13:46:00,354.93,354.93,354.93,354.93,0.0,24.76,8697.18,0
2024-02-27,2024-02-27 13:47:00,354.93,354.93,354.93,354.93,0.0,24.76,8697.18,0
2024-02-27,2024-02-27 13:48:00,354.93,354.93,354.93,354.93,0.0,24.76,8697.18,0
2024-02-27,2024-02-27 13:49:00,354.93,354.93,354.93,354.93,0.0,24.76,8697.18,0
2024-02-27,2024-02-27 13:50:00,354.93,354.93,354.93,354.93,0.0,24.76,8697.18,0
2024-02-27,2024-02-27 13:51:00,354.93,354.93,354.93,354.93,0.0,24.76,8697.18,0
2024-02-27,2024-02-27 13:52:00,354.93,354.93,354.93,354.93,0.0,24.76,8697.18,0
2024-02-27,2024-02-27 13:53:00,354.93,354.93,354.93,354.93,0.0,24.76,8697.18,0
2024-02-27,2024-02-27 13:54:00,354.93,354.93,354.93,354.93,0.0,24.76,8697.18,0
2024-02-27,2024-02-27 13:55:00,354.93,354.93,354.93,354.93,0.0,24.76,8697.18,0
2024-02-27,2024-02-27 13:56:00,354.93,354.93,354.93,354.93,0.0,24.76,8697.18,0
2024-02-27,2024-02-27 13:57:00,354.93,354.93,354.93,354.93,0.0,24.76,8697.18,0
2024-02-27,2024-02-27 13:58:00,354.93,354.93,354.93,354.93,0.0,24.76,8697.18,0
2024-02-27,2024-02-27 13:59:00,354.93,354.93,354.92,354.92,-0.0,24.76,8697.18,-1
2024-02-27,2024-02-27 14:00:00,354.92,354.92,354.92,354.92,0.0,24.76,8697.18,0
2024-02-27,2024-02-27 14:01:00,354.92,354.92,354.92,354.92,0.0,24.76,8697.18,0
2024-02-27,2024-02-27 14:02:00,354.92,354.92,354.92,354.92,0.0,24.76,8697.18,0
2024-02-27,2024-02-27 14:03:00,354.92,354.92,354.92,354.92,0.0,24.76,8697.18,0
2024-02-27,2024-02-27 14:04:00,354.92,354.92,354.92,354.92,0.0,24.76,8697.18,0
2024-02-27,2024-02-27 14:05:00,354.92,354.92,354.92,354.92,0.0,24.76,8697.18,0
2024-02-27,2024-02-27 14:06:00,354.92,354.92,354.92,354.92,0.0,24.76,8697.18,0
2024-02-27,2024-02-27 14:07:00,354.92,354.92,354.92,354.92,0.0,24.76,8697.18,0
2024-02-27,2024-02-27 14:08:00,354.92,354.92,354.92,354.92,0.0,24.76,8697.18,0
2024-02-27,2024-02-27 14:09:00,354.92,354.92,354.92,354.92,0.0,24.76,8697.18,0
2024-02-27,2024-02-27 14:10:00,354.92,354.92,354.92,354.92,0.0,24.76,8697.18,0
2024-02-27,2024-02-27 14:11:00,354.92,354.92,354.92,354.92,0.0,24.76,8697.18,0
2024-02-27,2024-02-27 14:12:00,354.92,354.92,354.92,354.92,0.0,24.76,8697.18,0
2024-02-27,2024-02-27 14:13:00,354.92,354.92,354.92,354.92,0.0,24.76,8697.18,0
2024-02-27,2024-02-27 14:14:00,354.92,354.92,354.92,354.92,0.0,24.76,8697.18,0
2024-02-27,2024-02-27 14:15:00,354.92,354.92,354.92,354.92,0.0,24.76,8697.18,0
2024-02-27,2024-02-27 14:16:00,354.92,354.92,354.92,354.92,0.0,24.76,8697.18,0
2024-02-27,2024-02-27 14:17:00,354.92,354.92,354.92,354.92,0.0,24.76,8697.18,0
2024-02-27,2024-02-27 14:18:00,354.92,354.92,354.92,354.92,0.0,24.76,8697.18,0
2024-02-27,2024-02-27 14:19:00,354.92,354.92,354.92,354.92,0.0,24.76,8697.18,0
2024-02-27,2024-02-27 14:20:00,354.92,354.92,354.92,354.92,0.0,24.76,8697.18,0
2024-02-27,2024-02-27 14:21:00,354.92,354.92,354.92,354.92,0.0,24.76,8697.18,0
2024-02-27,2024-02-27 14:22:00,354.92,354.92,354.92,354.92,0.0,24.76,8697.18,0
2024-02-27,2024-02-27 14:23:00,354.92,354.92,354.91,354.91,-0.0,24.76,8697.18,-1
2024-02-27,2024-02-27 14:24:00,354.91,354.91,354.91,354.91,0.0,24.76,8697.18,0
2024-02-27,2024-02-27 14:25:00,354.91,354.91,354.91,354.91,0.0,24.76,8697.18,0
2024-02-27,2024-02-27 14:26:00,354.91,354.91,354.91,354.91,0.0,24.76,8697.18,0
2024-02-27,2024-02-27 14:27:00,354.91,354.91,354.91,354.91,0.0,24.76,8697.18,0
2024-02-27,2024-02-27 14:28:00,354.91,354.91,354.91,354.91,0.0,24.76,8697.18,0
2024-02-27,2024-02-27 14:29:00,354.91,354.91,354.91,354.91,0.0,24.76,8697.18,0
2024-02-27,2024-02-27 14:30:00,354.91,354.91,354.91,354.91,0.0,24.76,8697.18,0
2024-02-27,2024-02-27 14:31:00,354.91,354.91,354.91,354.91,0.0,24.76,8697.18,0
2024-02-27,2024-02-27 14:32:00,354.91,354.91,354.91,354.91,0.0,24.76,8697.18,0
2024-02-27,2024-02-27 14:33:00,354.91,354.91,354.91,354.91,0.0,24.76,8697.18,0
2024-02-27,2024-02-27 14:34:00,354.91,354.91,354.91,354.91,0.0,24.76,8697.18,0
2024-02-27,2024-02-27 14:35:00,354.91,354.91,354.91,354.91,0.0,24.76,8697.18,0
2024-02-27,2024-02-27 14:36:00,354.91,354.91,354.91,354.91,0.0,24.76,8697.18,0
2024-02-27,2024-02-27 14:37:00,354.91,354.91,354.91,354.91,0.0,24.76,8697.18,0
2024-02-27,2024-02-27 14:38:00,354.91,354.91,354.91,354.91,0.0,24.76,8697.18,0
2024-02-27,2024-02-27 14:39:00,354.91,354.91,354.91,354.91,0.0,24.76,8697.18,0
2024-02-27,2024-02-27 14:40:00,354.91,354.91,354.91,354.91,0.0,24.76,8697.18,0
2024-02-27,2024-02-27 14:41:00,354.91,354.91,354.91,354.91,0.0,24.76,8697.18,0
2024-02-27,2024-02-27 14:42:00,354.91,354.91,354.91,354.91,0.0,24.76,8697.18,0
2024-02-27,2024-02-27 14:43:00,354.91,354.91,354.91,354.91,0.0,24.76,8697.18,0
2024-02-27,2024-02-27 14:44:00,354.91,354.91,354.91,354.91,0.0,24.76,8697.18,0
2024-02-27,2024-02-27 14:45:00,354.91,354.91,354.91,354.91,0.0,24.76,8697.18,0
2024-02-27,2024-02-27 14:46:00,354.91,354.91,354.91,354.91,0.0,24.76,8697.18,0
2024-02-27,2024-02-27 14:47:00,354.91,354.91,354.9,354.9,-0.0,24.76,8697.18,-1
2024-02-27,2024-02-27 14:48:00,354.9,354.9,354.9,354.9,0.0,24.76,8697.18,0
2024-02-27,2024-02-27 14:49:00,354.9,354.9,354.9,354.9,0.0,24.76,8697.18,0
2024-02-27,2024-02-27 14:50:00,354.9,354.9,354.9,354.9,0.0,24.76,8697.18,0
2024-02-27,2024-02-27 14:51:00,354.9,354.9,354.9,354.9,0.0,24.76,8697.18,0
2024-02-27,2024-02-27 14:52:00,354.9,354.9,354.9,354.9,0.0,24.76,8697.18,0
2024-02-27,2024-02-27 14:53:00,354.9,354.9,354.9,354.9,0.0,24.76,8697.18,0
2024-02-27,2024-02-27 14:54:00,354.9,354.9,354.9,354.9,0.0,24.76,8697.18,0
2024-02-27,2024-02-27 14:55:00,354.9,354.9,354.9,354.9,0.0,24.76,8697.18,0
2024-02-27,2024-02-27 14:56:00,354.9,354.9,354.9,354.9,0.0,24.76,8697.18,0
2024-02-27,2024-02-27 14:57:00,354.9,354.9,354.9,354.9,0.0,24.76,8697.18,0
2024-02-27,2024-02-27 14:58:00,354.9,354.9,354.9,354.9,0.0,24.76,8697.18,0
2024-02-27,2024-02-27 14:59:00,354.9,354.9,354.9,354.9,0.0,24.76,8697.18,0
2024-02-27,2024-02-27 15:00:00,354.9,357.8,343.2,354.9,0.0,24.76,8697.18,0
2024-02-28,2024-02-28 11:00:00,361.0,361.0,355.39,360.95,-0.01,14.54,5059.78,-1
2024-02-28,2024-02-28 11:01:00,360.95,360.95,360.89,360.89,-0.02,14.54,5059.78,-1
2024-02-28,2024-02-28 11:02:00,360.89,360.89,360.84,360.84,-0.01,14.54,5059.78,-1
2024-02-28,2024-02-28 11:03:00,360.84,360.84,360.78,360.78,-0.02,14.54,5059.78,-1
2024-02-28,2024-02-28 11:04:00,360.78,360.78,360.73,360.73,-0.01,14.54,5059.78,-1
2024-02-28,2024-02-28 11:05:00,360.73,360.73,360.68,360.68,-0.01,14.54,5059.78,-1
2024-02-28,2024-02-28 11:06:00,360.68,360.68,360.62,360.62,-0.02,14.54,5059.78,-1
2024-02-28,2024-02-28 11:07:00,360.62,360.62,360.57,360.57,-0.01,14.54,5059.78,-1
2024-02-28,2024-02-28 11:08:00,360.57,360.57,360.51,360.51,-0.02,14.54,5059.78,-1
2024-02-28,2024-02-28 11:09:00,360.51,360.51,360.46,360.46,-0.01,14.54,5059.78,-1
2024-02-28,2024-02-28 11:10:00,360.46,360.46,360.4,360.4,-0.02,14.54,5059.78,-1
2024-02-28,2024-02-28 11:11:00,360.4,360.4,360.35,360.35,-0.01,14.54,5059.78,-1
2024-02-28,2024-02-28 11:12:00,360.35,360.35,360.3,360.3,-0.01,14.54,5059.78,-1
2024-02-28,2024-02-28 11:13:00,360.3,360.3,360.24,360.24,-0.02,14.54,5059.78,-1
2024-02-28,2024-02-28 11:14:00,360.24,360.24,360.19,360.19,-0.01,14.54,5059.78,-1
2024-02-28,2024-02-28 11:15:00,360.19,360.19,360.13,360.13,-0.02,14.54,5059.78,-1
2024-02-28,2024-02-28 11:16:00,360.13,360.13,360.08,360.08,-0.01,14.54,5059.78,-1
2024-02-28,2024-02-28 11:17:00,360.08,360.08,360.02,360.02,-0.02,14.54,5059.78,-1
2024-02-28,2024-02-28 11:18:00,360.02,360.02,359.97,359.97,-0.01,14.54,5059.78,-1
2024-02-28,2024-02-28 11:19:00,359.97,359.97,359.92,359.92,-0.01,14.54,5059.78,-1
2024-02-28,2024-02-28 11:20:00,359.92,359.92,359.86,359.86,-0.02,14.54,5059.78,-1
2024-02-28,2024-02-28 11:21:00,359.86,359.86,359.81,359.81,-0.01,14.54,5059.78,-1
2024-02-28,2024-02-28 11:22:00,359.81,359.81,359.75,359.75,-0.02,14.54,5059.78,-1
2024-02-28,2024-02-28 11:23:00,359.75,359.75,359.7,359.7,-0.01,14.54,5059.78,-1
2024-02-28,2024-02-28 11:24:00,359.7,359.7,359.65,359.65,-0.01,14.54,5059.78,-1
2024-02-28,2024-02-28 11:25:00,359.65,359.65,359.59,359.59,-0.02,14.54,5059.78,-1
2024-02-28,2024-02-28 11:26:00,359.59,359.59,359.54,359.54,-0.01,14.54,5059.78,-1
2024-02-28,2024-02-28 11:27:00,359.54,359.54,359.48,359.48,-0.02,14.54,5059.78,-1
2024-02-28,2024-02-28 11:28:00,359.48,359.48,359.43,359.43,-0.01,14.54,5059.78,-1
2024-02-28,2024-02-28 11:29:00,359.43,359.43,359.38,359.38,-0.01,14.54,5059.78,-1
2024-02-28,2024-02-28 11:30:00,359.38,359.38,359.32,359.32,-0.02,14.54,5059.78,-1
2024-02-28,2024-02-28 11:31:00,359.32,359.32,359.27,359.27,-0.01,14.54,5059.78,-1
2024-02-28,2024-02-28 11:32:00,359.27,359.27,359.21,359.21,-0.02,14.54,5059.78,-1
2024-02-28,2024-02-28 11:33:00,359.21,359.21,359.16,359.16,-0.01,14.54,5059.78,-1
2024-02-28,2024-02-28 11:34:00,359.16,359.16,359.1,359.1,-0.02,14.54,5059.78,-1
2024-02-28,2024-02-28 11:35:00,359.1,359.1,359.05,359.05,-0.01,14.54,5059.78,-1
2024-02-28,2024-02-28 11:36:00,359.05,359.05,359.0,359.0,-0.01,14.54,5059.78,-1
2024-02-28,2024-02-28 11:37:00,359.0,359.0,358.94,358.94,-0.02,14.54,5059.78,-1
2024-02-28,2024-02-28 11:38:00,358.94,358.94,358.89,358.89,-0.01,14.54,5059.78,-1
2024-02-28,2024-02-28 11:39:00,358.89,358.89,358.83,358.83,-0.02,14.54,5059.78,-1
2024-02-28,2024-02-28 11:40:00,358.83,358.83,358.78,358.78,-0.01,14.54,5059.78,-1
2024-02-28,2024-02-28 11:41:00,358.78,358.78,358.73,358.73,-0.01,14.54,5059.78,-1
2024-02-28,2024-02-28 11:42:00,358.73,358.73,358.67,358.67,-0.02,14.54,5059.78,-1
2024-02-28,2024-02-28 11:43:00,358.67,358.67,358.62,358.62,-0.01,14.54,5059.78,-1
2024-02-28,2024-02-28 11:44:00,358.62,358.62,358.56,358.56,-0.02,14.54,5059.78,-1
2024-02-28,2024-02-28 11:45:00,358.56,358.56,358.51,358.51,-0.01,14.54,5059.78,-1
2024-02-28,2024-02-28 11:46:00,358.51,358.51,358.45,358.45,-0.02,14.54,5059.78,-1
2024-02-28,2024-02-28 11:47:00,358.45,358.45,358.4,358.4,-0.01,14.54,5059.78,-1
2024-02-28,2024-02-28 11:48:00,358.4,358.4,358.35,358.35,-0.01,14.54,5059.78,-1
2024-02-28,2024-02-28 11:49:00,358.35,358.35,358.29,358.29,-0.02,14.54,5059.78,-1
2024-02-28,2024-02-28 11:50:00,358.29,358.29,358.24,358.24,-0.01,14.54,5059.78,-1
2024-02-28,2024-02-28 11:51:00,358.24,358.24,358.18,358.18,-0.02,14.54,5059.78,-1
2024-02-28,2024-02-28 11:52:00,358.18,358.18,358.13,358.13,-0.01,14.54,5059.78,-1
2024-02-28,2024-02-28 11:53:00,358.13,358.13,358.07,358.07,-0.02,14.54,5059.78,-1
2024-02-28,2024-02-28 11:54:00,358.07,358.07,358.02,358.02,-0.01,14.54,5059.78,-1
2024-02-28,2024-02-28 11:55:00,358.02,358.02,357.97,357.97,-0.01,14.54,5059.78,-1
2024-02-28,2024-02-28 11:56:00,357.97,357.97,357.91,357.91,-0.02,14.54,5059.78,-1
2024-02-28,2024-02-28 11:57:00,357.91,357.91,357.86,357.86,-0.01,14.54,5059.78,-1
2024-02-28,2024-02-28 11:58:00,357.86,357.86,357.8,357.8,-0.02,14.54,5059.78,-1
2024-02-28,2024-02-28 11:59:00,357.8,357.8,357.75,357.75,-0.01,14.54,5059.78,-1
2024-02-28,2024-02-28 12:00:00,357.75,357.75,357.7,357.7,-0.01,14.54,5059.78,-1
2024-02-28,2024-02-28 12:01:00,357.7,357.7,357.64,357.64,-0.02,14.54,5059.78,-1
2024-02-28,2024-02-28 12:02:00,357.64,357.64,357.59,357.59,-0.01,14.54,5059.78,-1
2024-02-28,2024-02-28 12:03:00,357.59,357.59,357.53,357.53,-0.02,14.54,5059.78,-1
2024-02-28,2024-02-28 12:04:00,357.53,357.53,357.48,357.48,-0.01,14.54,5059.78,-1
2024-02-28,2024-02-28 12:05:00,357.48,357.48,357.43,357.43,-0.01,14.54,5059.78,-1
2024-02-28,2024-02-28 12:06:00,357.43,357.43,357.37,357.37,-0.02,14.54,5059.78,-1
2024-02-28,2024-02-28 12:07:00,357.37,357.37,357.32,357.32,-0.01,14.54,5059.78,-1
2024-02-28,2024-02-28 12:08:00,357.32,357.32,357.26,357.26,-0.02,14.54,5059.78,-1
2024-02-28,2024-02-28 12:09:00,357.26,357.26,357.21,357.21,-0.01,14.54,5059.78,-1
2024-02-28,2024-02-28 12:10:00,357.21,357.21,357.15,357.15,-0.02,14.54,5059.78,-1
2024-02-28,2024-02-28 12:11:00,357.15,357.15,357.1,357.1,-0.01,14.54,5059.78,-1
2024-02-28,2024-02-28 12:12:00,357.1,357.1,357.05,357.05,-0.01,14.54,5059.78,-1
2024-02-28,2024-02-28 12:13:00,357.05,357.05,356.99,356.99,-0.02,14.54,5059.78,-1
2024-02-28,2024-02-28 12:14:00,356.99,356.99,356.94,356.94,-0.01,14.54,5059.78,-1
2024-02-28,2024-02-28 12:15:00,356.94,356.94,356.88,356.88,-0.02,14.54,5059.78,-1
2024-02-28,2024-02-28 12:16:00,356.88,356.88,356.83,356.83,-0.01,14.54,5059.78,-1
2024-02-28,2024-02-28 12:17:00,356.83,356.83,356.77,356.77,-0.02,14.54,5059.78,-1
2024-02-28,2024-02-28 12:18:00,356.77,356.77,356.72,356.72,-0.01,14.54,5059.78,-1
2024-02-28,2024-02-28 12:19:00,356.72,356.72,356.67,356.67,-0.01,14.54,5059.78,-1
2024-02-28,2024-02-28 12:20:00,356.67,356.67,356.61,356.61,-0.02,14.54,5059.78,-1
2024-02-28,2024-02-28 12:21:00,356.61,356.61,356.56,356.56,-0.01,14.54,5059.78,-1
2024-02-28,2024-02-28 12:22:00,356.56,356.56,356.5,356.5,-0.02,14.54,5059.78,-1
2024-02-28,2024-02-28 12:23:00,356.5,356.5,356.45,356.45,-0.01,14.54,5059.78,-1
2024-02-28,2024-02-28 12:24:00,356.45,356.45,356.4,356.4,-0.01,14.54,5059.78,-1
2024-02-28,2024-02-28 12:25:00,356.4,356.4,356.34,356.34,-0.02,14.54,5059.78,-1
2024-02-28,2024-02-28 12:26:00,356.34,356.34,356.29,356.29,-0.01,14.54,5059.78,-1
2024-02-28,2024-02-28 12:27:00,356.29,356.29,356.23,356.23,-0.02,14.54,5059.78,-1
2024-02-28,2024-02-28 12:28:00,356.23,356.23,356.18,356.18,-0.01,14.54,5059.78,-1
2024-02-28,2024-02-28 12:29:00,356.18,356.18,356.12,356.12,-0.02,14.54,5059.78,-1
2024-02-28,2024-02-28 12:30:00,356.12,356.12,356.07,356.07,-0.01,14.54,5059.78,-1
2024-02-28,2024-02-28 12:31:00,356.07,356.07,356.02,356.02,-0.01,14.54,5059.78,-1
2024-02-28,2024-02-28 12:32:00,356.02,356.02,355.96,355.96,-0.02,14.54,5059.78,-1
2024-02-28,2024-02-28 12:33:00,355.96,355.96,355.91,355.91,-0.01,14.54,5059.78,-1
2024-02-28,2024-02-28 12:34:00,355.91,355.91,355.85,355.85,-0.02,14.54,5059.78,-1
2024-02-28,2024-02-28 12:35:00,355.85,355.85,355.8,355.8,-0.01,14.54,5059.78,-1
2024-02-28,2024-02-28 12:36:00,355.8,355.8,355.75,355.75,-0.01,14.54,5059.78,-1
2024-02-28,2024-02-28 12:37:00,355.75,355.75,355.69,355.69,-0.02,14.54,5059.78,-1
2024-02-28,2024-02-28 12:38:00,355.69,355.69,355.64,355.64,-0.01,14.54,5059.78,-1
2024-02-28,2024-02-28 12:39:00,355.64,355.64,355.58,355.58,-0.02,14.54,5059.78,-1
2024-02-28,2024-02-28 12:40:00,355.58,355.58,355.53,355.53,-0.01,14.54,5059.78,-1
2024-02-28,2024-02-28 12:41:00,355.53,355.53,355.48,355.48,-0.01,14.54,5059.78,-1
2024-02-28,2024-02-28 12:42:00,355.48,355.48,355.42,355.42,-0.02,14.54,5059.78,-1
2024-02-28,2024-02-28 12:43:00,355.42,355.42,355.37,355.37,-0.01,14.54,5059.78,-1
2024-02-28,2024-02-28 12:44:00,355.37,355.37,355.31,355.31,-0.02,14.54,5059.78,-1
2024-02-28,2024-02-28 12:45:00,355.31,355.31,355.26,355.26,-0.01,14.54,5059.78,-1
2024-02-28,2024-02-28 12:46:00,355.26,355.26,355.2,355.2,-0.02,14.54,5059.78,-1
2024-02-28,2024-02-28 12:47:00,355.2,355.2,355.15,355.15,-0.01,14.54,5059.78,-1
2024-02-28,2024-02-28 12:48:00,355.15,355.15,355.1,355.1,-0.01,14.54,5059.78,-1
2024-02-28,2024-02-28 12:49:00,355.1,355.1,355.04,355.04,-0.02,14.54,5059.78,-1
2024-02-28,2024-02-28 12:50:00,355.04,355.04,354.99,354.99,-0.01,14.54,5059.78,-1
2024-02-28,2024-02-28 12:51:00,354.99,354.99,354.93,354.93,-0.02,14.54,5059.78,-1
2024-02-28,2024-02-28 12:52:00,354.93,354.93,354.88,354.88,-0.01,14.54,5059.78,-1
2024-02-28,2024-02-28 12:53:00,354.88,354.88,354.82,354.82,-0.02,14.54,5059.78,-1
2024-02-28,2024-02-28 12:54:00,354.82,354.82,354.77,354.77,-0.01,14.54,5059.78,-1
2024-02-28,2024-02-28 12:55:00,354.77,354.77,354.72,354.72,-0.01,14.54,5059.78,-1
2024-02-28,2024-02-28 12:56:00,354.72,354.72,354.66,354.66,-0.02,14.54,5059.78,-1
2024-02-28,2024-02-28 12:57:00,354.66,354.66,354.61,354.61,-0.01,14.54,5059.78,-1
2024-02-28,2024-02-28 12:58:00,354.61,354.61,354.55,354.55,-0.02,14.54,5059.78,-1
2024-02-28,2024-02-28 12:59:00,354.55,354.55,354.5,354.5,-0.01,14.54,5059.78,-1
2024-02-28,2024-02-28 13:00:00,354.5,361.0,342.3,354.45,-0.01,14.54,5059.78,-1
2024-02-28,2024-02-28 13:01:00,354.45,354.45,354.39,354.39,-0.02,14.54,5059.78,-1
2024-02-28,2024-02-28 13:02:00,354.39,354.39,354.34,354.34,-0.01,14.54,5059.78,-1
2024-02-28,2024-02-28 13:03:00,354.34,354.34,354.28,354.28,-0.02,14.54,5059.78,-1
2024-02-28,2024-02-28 13:04:00,354.28,354.28,354.23,354.23,-0.01,14.54,5059.78,-1
2024-02-28,2024-02-28 13:05:00,354.23,354.23,354.18,354.18,-0.01,14.54,5059.78,-1
2024-02-28,2024-02-28 13:06:00,354.18,354.18,354.12,354.12,-0.02,14.54,5059.78,-1
2024-02-28,2024-02-28 13:07:00,354.12,354.12,354.07,354.07,-0.01,14.54,5059.78,-1
2024-02-28,2024-02-28 13:08:00,354.07,354.07,354.01,354.01,-0.02,14.54,5059.78,-1
2024-02-28,2024-02-28 13:09:00,354.01,354.01,353.96,353.96,-0.01,14.54,5059.78,-1
2024-02-28,2024-02-28 13:10:00,353.96,353.96,353.9,353.9,-0.02,14.54,5059.78,-1
2024-02-28,2024-02-28 13:11:00,353.9,353.9,353.85,353.85,-0.01,14.54,5059.78,-1
2024-02-28,2024-02-28 13:12:00,353.85,353.85,353.8,353.8,-0.01,14.54,5059.78,-1
2024-02-28,2024-02-28 13:13:00,353.8,353.8,353.74,353.74,-0.02,14.54,5059.78,-1
2024-02-28,2024-02-28 13:14:00,353.74,353.74,353.69,353.69,-0.01,14.54,5059.78,-1
2024-02-28,2024-02-28 13:15:00,353.69,353.69,353.63,353.63,-0.02,14.54,5059.78,-1
2024-02-28,2024-02-28 13:16:00,353.63,353.63,353.58,353.58,-0.01,14.54,5059.78,-1
2024-02-28,2024-02-28 13:17:00,353.58,353.58,353.52,353.52,-0.02,14.54,5059.78,-1
2024-02-28,2024-02-28 13:18:00,353.52,353.52,353.47,353.47,-0.01,14.54,5059.78,-1
2024-02-28,2024-02-28 13:19:00,353.47,353.47,353.42,353.42,-0.01,14.54,5059.78,-1
2024-02-28,2024-02-28 13:20:00,353.42,353.42,353.36,353.36,-0.02,14.54,5059.78,-1
2024-02-28,2024-02-28 13:21:00,353.36,353.36,353.31,353.31,-0.01,14.54,5059.78,-1
2024-02-28,2024-02-28 13:22:00,353.31,353.31,353.25,353.25,-0.02,14.54,5059.78,-1
2024-02-28,2024-02-28 13:23:00,353.25,353.25,353.2,353.2,-0.01,14.54,5059.78,-1
2024-02-28,2024-02-28 13:24:00,353.2,353.2,353.15,353.15,-0.01,14.54,5059.78,-1
2024-02-28,2024-02-28 13:25:00,353.15,353.15,353.09,353.09,-0.02,14.54,5059.78,-1
2024-02-28,2024-02-28 13:26:00,353.09,353.09,353.04,353.04,-0.01,14.54,5059.78,-1
2024-02-28,2024-02-28 13:27:00,353.04,353.04,352.98,352.98,-0.02,14.54,5059.78,-1
2024-02-28,2024-02-28 13:28:00,352.98,352.98,352.93,352.93,-0.01,14.54,5059.78,-1
2024-02-28,2024-02-28 13:29:00,352.93,352.93,352.88,352.88,-0.01,14.54,5059.78,-1
2024-02-28,2024-02-28 13:30:00,352.88,352.88,352.82,352.82,-0.02,14.54,5059.78,-1
2024-02-28,2024-02-28 13:31:00,352.82,352.82,352.77,352.77,-0.01,14.54,5059.78,-1
2024-02-28,2024-02-28 13:32:00,352.77,352.77,352.71,352.71,-0.02,14.54,5059.78,-1
2024-02-28,2024-02-28 13:33:00,352.71,352.71,352.66,352.66,-0.01,14.54,5059.78,-1
2024-02-28,2024-02-28 13:34:00,352.66,352.66,352.6,352.6,-0.02,14.54,5059.78,-1
2024-02-28,2024-02-28 13:35:00,352.6,352.6,352.55,352.55,-0.01,14.54,5059.78,-1
2024-02-28,2024-02-28 13:36:00,352.55,352.55,352.5,352.5,-0.01,14.54,5059.78,-1
2024-02-28,2024-02-28 13:37:00,352.5,352.5,352.44,352.44,-0.02,14.54,5059.78,-1
2024-02-28,2024-02-28 13:38:00,352.44,352.44,352.39,352.39,-0.01,14.54,5059.78,-1
2024-02-28,2024-02-28 13:39:00,352.39,352.39,352.33,352.33,-0.02,14.54,5059.78,-1
2024-02-28,2024-02-28 13:40:00,352.33,352.33,352.28,352.28,-0.01,14.54,5059.78,-1
2024-02-28,2024-02-28 13:41:00,352.28,352.28,352.23,352.23,-0.01,14.54,5059.78,-1
2024-02-28,2024-02-28 13:42:00,352.23,352.23,352.17,352.17,-0.02,14.54,5059.78,-1
2024-02-28,2024-02-28 13:43:00,352.17,352.17,352.12,352.12,-0.01,14.54,5059.78,-1
2024-02-28,2024-02-28 13:44:00,352.12,352.12,352.06,352.06,-0.02,14.54,5059.78,-1
2024-02-28,2024-02-28 13:45:00,352.06,352.06,352.01,352.01,-0.01,14.54,5059.78,-1
2024-02-28,2024-02-28 13:46:00,352.01,352.01,351.95,351.95,-0.02,14.54,5059.78,-1
2024-02-28,2024-02-28 13:47:00,351.95,351.95,351.9,351.9,-0.01,14.54,5059.78,-1
2024-02-28,2024-02-28 13:48:00,351.9,351.9,351.85,351.85,-0.01,14.54,5059.78,-1
2024-02-28,2024-02-28 13:49:00,351.85,351.85,351.79,351.79,-0.02,14.54,5059.78,-1
2024-02-28,2024-02-28 13:50:00,351.79,351.79,351.74,351.74,-0.01,14.54,5059.78,-1
2024-02-28,2024-02-28 13:51:00,351.74,351.74,351.68,351.68,-0.02,14.54,5059.78,-1
2024-02-28,2024-02-28 13:52:00,351.68,351.68,351.63,351.63,-0.01,14.54,5059.78,-1
2024-02-28,2024-02-28 13:53:00,351.63,351.63,351.57,351.57,-0.02,14.54,5059.78,-1
2024-02-28,2024-02-28 13:54:00,351.57,351.57,351.52,351.52,-0.01,14.54,5059.78,-1
2024-02-28,2024-02-28 13:55:00,351.52,351.52,351.47,351.47,-0.01,14.54,5059.78,-1
2024-02-28,2024-02-28 13:56:00,351.47,351.47,351.41,351.41,-0.02,14.54,5059.78,-1
2024-02-28,2024-02-28 13:57:00,351.41,351.41,351.36,351.36,-0.01,14.54,5059.78,-1
2024-02-28,2024-02-28 13:58:00,351.36,351.36,351.3,351.3,-0.02,14.54,5059.78,-1
2024-02-28,2024-02-28 13:59:00,351.3,351.3,351.25,351.25,-0.01,14.54,5059.78,-1
2024-02-28,2024-02-28 14:00:00,351.25,351.25,351.2,351.2,-0.01,14.54,5059.78,-1
2024-02-28,2024-02-28 14:01:00,351.2,351.2,351.14,351.14,-0.02,14.54,5059.78,-1
2024-02-28,2024-02-28 14:02:00,351.14,351.14,351.09,351.09,-0.01,14.54,5059.78,-1
2024-02-28,2024-02-28 14:03:00,351.09,351.09,351.03,351.03,-0.02,14.54,5059.78,-1
2024-02-28,2024-02-28 14:04:00,351.03,351.03,350.98,350.98,-0.01,14.54,5059.78,-1
2024-02-28,2024-02-28 14:05:00,350.98,350.98,350.93,350.93,-0.01,14.54,5059.78,-1
2024-02-28,2024-02-28 14:06:00,350.93,350.93,350.87,350.87,-0.02,14.54,5059.78,-1
2024-02-28,2024-02-28 14:07:00,350.87,350.87,350.82,350.82,-0.01,14.54,5059.78,-1
2024-02-28,2024-02-28 14:08:00,350.82,350.82,350.76,350.76,-0.02,14.54,5059.78,-1
2024-02-28,2024-02-28 14:09:00,350.76,350.76,350.71,350.71,-0.01,14.54,5059.78,-1
2024-02-28,2024-02-28 14:10:00,350.71,350.71,350.65,350.65,-0.02,14.54,5059.78,-1
2024-02-28,2024-02-28 14:11:00,350.65,350.65,350.6,350.6,-0.01,14.54,5059.78,-1
2024-02-28,2024-02-28 14:12:00,350.6,350.6,350.55,350.55,-0.01,14.54,5059.78,-1
2024-02-28,2024-02-28 14:13:00,350.55,350.55,350.49,350.49,-0.02,14.54,5059.78,-1
2024-02-28,2024-02-28 14:14:00,350.49,350.49,350.44,350.44,-0.01,14.54,5059.78,-1
2024-02-28,2024-02-28 14:15:00,350.44,350.44,350.38,350.38,-0.02,14.54,5059.78,-1
2024-02-28,2024-02-28 14:16:00,350.38,350.38,350.33,350.33,-0.01,14.54,5059.78,-1
2024-02-28,2024-02-28 14:17:00,350.33,350.33,350.27,350.27,-0.02,14.54,5059.78,-1
2024-02-28,2024-02-28 14:18:00,350.27,350.27,350.22,350.22,-0.01,14.54,5059.78,-1
2024-02-28,2024-02-28 14:19:00,350.22,350.22,350.17,350.17,-0.01,14.54,5059.78,-1
2024-02-28,2024-02-28 14:20:00,350.17,350.17,350.11,350.11,-0.02,14.54,5059.78,-1
2024-02-28,2024-02-28 14:21:00,350.11,350.11,350.06,350.06,-0.01,14.54,5059.78,-1
2024-02-28,2024-02-28 14:22:00,350.06,350.06,350.0,350.0,-0.02,14.54,5059.78,-1
2024-02-28,2024-02-28 14:23:00,350.0,350.0,349.95,349.95,-0.01,14.54,5059.78,-1
2024-02-28,2024-02-28 14:24:00,349.95,349.95,349.9,349.9,-0.01,14.54,5059.78,-1
2024-02-28,2024-02-28 14:25:00,349.9,349.9,349.84,349.84,-0.02,14.54,5059.78,-1
2024-02-28,2024-02-28 14:26:00,349.84,349.84,349.79,349.79,-0.01,14.54,5059.78,-1
2024-02-28,2024-02-28 14:27:00,349.79,349.79,349.73,349.73,-0.02,14.54,5059.78,-1
2024-02-28,2024-02-28 14:28:00,349.73,349.73,349.68,349.68,-0.01,14.54,5059.78,-1
2024-02-28,2024-02-28 14:29:00,349.68,349.68,349.62,349.62,-0.02,14.54,5059.78,-1
2024-02-28,2024-02-28 14:30:00,349.62,349.62,349.57,349.57,-0.01,14.54,5059.78,-1
2024-02-28,2024-02-28 14:31:00,349.57,349.57,349.52,349.52,-0.01,14.54,5059.78,-1
2024-02-28,2024-02-28 14:32:00,349.52,349.52,349.46,349.46,-0.02,14.54,5059.78,-1
2024-02-28,2024-02-28 14:33:00,349.46,349.46,349.41,349.41,-0.01,14.54,5059.78,-1
2024-02-28,2024-02-28 14:34:00,349.41,349.41,349.35,349.35,-0.02,14.54,5059.78,-1
2024-02-28,2024-02-28 14:35:00,349.35,349.35,349.3,349.3,-0.01,14.54,5059.78,-1
2024-02-28,2024-02-28 14:36:00,349.3,349.3,349.25,349.25,-0.01,14.54,5059.78,-1
2024-02-28,2024-02-28 14:37:00,349.25,349.25,349.19,349.19,-0.02,14.54,5059.78,-1
2024-02-28,2024-02-28 14:38:00,349.19,349.19,349.14,349.14,-0.01,14.54,5059.78,-1
2024-02-28,2024-02-28 14:39:00,349.14,349.14,349.08,349.08,-0.02,14.54,5059.78,-1
2024-02-28,2024-02-28 14:40:00,349.08,349.08,349.03,349.03,-0.01,14.54,5059.78,-1
2024-02-28,2024-02-28 14:41:00,349.03,349.03,348.98,348.98,-0.01,14.54,5059.78,-1
2024-02-28,2024-02-28 14:42:00,348.98,348.98,348.92,348.92,-0.02,14.54,5059.78,-1
2024-02-28,2024-02-28 14:43:00,348.92,348.92,348.87,348.87,-0.01,14.54,5059.78,-1
2024-02-28,2024-02-28 14:44:00,348.87,348.87,348.81,348.81,-0.02,14.54,5059.78,-1
2024-02-28,2024-02-28 14:45:00,348.81,348.81,348.76,348.76,-0.01,14.54,5059.78,-1
2024-02-28,2024-02-28 14:46:00,348.76,348.76,348.7,348.7,-0.02,14.54,5059.78,-1
2024-02-28,2024-02-28 14:47:00,348.7,348.7,348.65,348.65,-0.01,14.54,5059.78,-1
2024-02-28,2024-02-28 14:48:00,348.65,348.65,348.6,348.6,-0.01,14.54,5059.78,-1
2024-02-28,2024-02-28 14:49:00,348.6,348.6,348.54,348.54,-0.02,14.54,5059.78,-1
2024-02-28,2024-02-28 14:50:00,348.54,348.54,348.49,348.49,-0.01,14.54,5059.78,-1
2024-02-28,2024-02-28 14:51:00,348.49,348.49,348.43,348.43,-0.02,14.54,5059.78,-1
2024-02-28,2024-02-28 14:52:00,348.43,348.43,348.38,348.38,-0.01,14.54,5059.78,-1
2024-02-28,2024-02-28 14:53:00,348.38,348.38,348.32,348.32,-0.02,14.54,5059.78,-1
2024-02-28,2024-02-28 14:54:00,348.32,348.32,348.27,348.27,-0.01,14.54,5059.78,-1
2024-02-28,2024-02-28 14:55:00,348.27,348.27,348.22,348.22,-0.01,14.54,5059.78,-1
2024-02-28,2024-02-28 14:56:00,348.22,348.22,348.16,348.16,-0.02,14.54,5059.78,-1
2024-02-28,2024-02-28 14:57:00,348.16,348.16,348.11,348.11,-0.01,14.54,5059.78,-1
2024-02-28,2024-02-28 14:58:00,348.11,348.11,348.05,348.05,-0.02,14.54,5059.78,-1
2024-02-28,2024-02-28 14:59:00,348.05,348.05,348.0,348.0,-0.01,14.54,5059.78,-1
2024-02-28,2024-02-28 15:00:00,348.0,361.0,342.3,348.0,0.0,14.54,5059.78,0
2024-02-29,2024-02-29 11:00:00,343.1,345.17,339.5,343.07,-0.01,39.67,13446.67,-1
2024-02-29,2024-02-29 11:01:00,343.07,343.07,343.04,343.04,-0.01,39.67,13446.67,-1
2024-02-29,2024-02-29 11:02:00,343.04,343.04,343.01,343.01,-0.01,39.67,13446.67,-1
2024-02-29,2024-02-29 11:03:00,343.01,343.01,342.98,342.98,-0.01,39.67,13446.67,-1
2024-02-29,2024-02-29 11:04:00,342.98,342.98,342.95,342.95,-0.01,39.67,13446.67,-1
2024-02-29,2024-02-29 11:05:00,342.95,342.95,342.92,342.92,-0.01,39.67,13446.67,-1
2024-02-29,2024-02-29 11:06:00,342.92,342.92,342.89,342.89,-0.01,39.67,13446.67,-1
2024-02-29,2024-02-29 11:07:00,342.89,342.89,342.86,342.86,-0.01,39.67,13446.67,-1
2024-02-29,2024-02-29 11:08:00,342.86,342.86,342.83,342.83,-0.01,39.67,13446.67,-1
2024-02-29,2024-02-29 11:09:00,342.83,342.83,342.8,342.8,-0.01,39.67,13446.67,-1
2024-02-29,2024-02-29 11:10:00,342.8,342.8,342.77,342.77,-0.01,39.67,13446.67,-1
2024-02-29,2024-02-29 11:11:00,342.77,342.77,342.75,342.75,-0.01,39.67,13446.67,-1
2024-02-29,2024-02-29 11:12:00,342.75,342.75,342.72,342.72,-0.01,39.67,13446.67,-1
2024-02-29,2024-02-29 11:13:00,342.72,342.72,342.69,342.69,-0.01,39.67,13446.67,-1
2024-02-29,2024-02-29 11:14:00,342.69,342.69,342.66,342.66,-0.01,39.67,13446.67,-1
2024-02-29,2024-02-29 11:15:00,342.66,342.66,342.63,342.63,-0.01,39.67,13446.67,-1
2024-02-29,2024-02-29 11:16:00,342.63,342.63,342.6,342.6,-0.01,39.67,13446.67,-1
2024-02-29,2024-02-29 11:17:00,342.6,342.6,342.57,342.57,-0.01,39.67,13446.67,-1
2024-02-29,2024-02-29 11:18:00,342.57,342.57,342.54,342.54,-0.01,39.67,13446.67,-1
2024-02-29,2024-02-29 11:19:00,342.54,342.54,342.51,342.51,-0.01,39.67,13446.67,-1
2024-02-29,2024-02-29 11:20:00,342.51,342.51,342.48,342.48,-0.01,39.67,13446.67,-1
2024-02-29,2024-02-29 11:21:00,342.48,342.48,342.45,342.45,-0.01,39.67,13446.67,-1
2024-02-29,2024-02-29 11:22:00,342.45,342.45,342.42,342.42,-0.01,39.67,13446.67,-1
2024-02-29,2024-02-29 11:23:00,342.42,342.42,342.39,342.39,-0.01,39.67,13446.67,-1
2024-02-29,2024-02-29 11:24:00,342.39,342.39,342.36,342.36,-0.01,39.67,13446.67,-1
2024-02-29,2024-02-29 11:25:00,342.36,342.36,342.33,342.33,-0.01,39.67,13446.67,-1
2024-02-29,2024-02-29 11:26:00,342.33,342.33,342.3,342.3,-0.01,39.67,13446.67,-1
2024-02-29,2024-02-29 11:27:00,342.3,342.3,342.27,342.27,-0.01,39.67,13446.67,-1
2024-02-29,2024-02-29 11:28:00,342.27,342.27,342.24,342.24,-0.01,39.67,13446.67,-1
2024-02-29,2024-02-29 11:29:00,342.24,342.24,342.21,342.21,-0.01,39.67,13446.67,-1
2024-02-29,2024-02-29 11:30:00,342.21,342.21,342.18,342.18,-0.01,39.67,13446.67,-1
2024-02-29,2024-02-29 11:31:00,342.18,342.18,342.15,342.15,-0.01,39.67,13446.67,-1
2024-02-29,2024-02-29 11:32:00,342.15,342.15,342.12,342.12,-0.01,39.67,13446.67,-1
2024-02-29,2024-02-29 11:33:00,342.12,342.12,342.09,342.09,-0.01,39.67,13446.67,-1
2024-02-29,2024-02-29 11:34:00,342.09,342.09,342.06,342.06,-0.01,39.67,13446.67,-1
2024-02-29,2024-02-29 11:35:00,342.06,342.06,342.04,342.04,-0.01,39.67,13446.67,-1
2024-02-29,2024-02-29 11:36:00,342.04,342.04,342.01,342.01,-0.01,39.67,13446.67,-1
2024-02-29,2024-02-29 11:37:00,342.01,342.01,341.98,341.98,-0.01,39.67,13446.67,-1
2024-02-29,2024-02-29 11:38:00,341.98,341.98,341.95,341.95,-0.01,39.67,13446.67,-1
2024-02-29,2024-02-29 11:39:00,341.95,341.95,341.92,341.92,-0.01,39.67,13446.67,-1
2024-02-29,2024-02-29 11:40:00,341.92,341.92,341.89,341.89,-0.01,39.67,13446.67,-1
2024-02-29,2024-02-29 11:41:00,341.89,341.89,341.86,341.86,-0.01,39.67,13446.67,-1
2024-02-29,2024-02-29 11:42:00,341.86,341.86,341.83,341.83,-0.01,39.67,13446.67,-1
2024-02-29,2024-02-29 11:43:00,341.83,341.83,341.8,341.8,-0.01,39.67,13446.67,-1
2024-02-29,2024-02-29 11:44:00,341.8,341.8,341.77,341.77,-0.01,39.67,13446.67,-1
2024-02-29,2024-02-29 11:45:00,341.77,341.77,341.74,341.74,-0.01,39.67,13446.67,-1
2024-02-29,2024-02-29 11:46:00,341.74,341.74,341.71,341.71,-0.01,39.67,13446.67,-1
2024-02-29,2024-02-29 11:47:00,341.71,341.71,341.68,341.68,-0.01,39.67,13446.67,-1
2024-02-29,2024-02-29 11:48:00,341.68,341.68,341.65,341.65,-0.01,39.67,13446.67,-1
2024-02-29,2024-02-29 11:49:00,341.65,341.65,341.62,341.62,-0.01,39.67,13446.67,-1
2024-02-29,2024-02-29 11:50:00,341.62,341.62,341.59,341.59,-0.01,39.67,13446.67,-1
2024-02-29,2024-02-29 11:51:00,341.59,341.59,341.56,341.56,-0.01,39.67,13446.67,-1
2024-02-29,2024-02-29 11:52:00,341.56,341.56,341.53,341.53,-0.01,39.67,13446.67,-1
2024-02-29,2024-02-29 11:53:00,341.53,341.53,341.5,341.5,-0.01,39.67,13446.67,-1
2024-02-29,2024-02-29 11:54:00,341.5,341.5,341.47,341.47,-0.01,39.67,13446.67,-1
2024-02-29,2024-02-29 11:55:00,341.47,341.47,341.44,341.44,-0.01,39.67,13446.67,-1
2024-02-29,2024-02-29 11:56:00,341.44,341.44,341.41,341.41,-0.01,39.67,13446.67,-1
2024-02-29,2024-02-29 11:57:00,341.41,341.41,341.38,341.38,-0.01,39.67,13446.67,-1
2024-02-29,2024-02-29 11:58:00,341.38,341.38,341.35,341.35,-0.01,39.67,13446.67,-1
2024-02-29,2024-02-29 11:59:00,341.35,341.35,341.33,341.33,-0.01,39.67,13446.67,-1
2024-02-29,2024-02-29 12:00:00,341.33,341.33,341.3,341.3,-0.01,39.67,13446.67,-1
2024-02-29,2024-02-29 12:01:00,341.3,341.3,341.27,341.27,-0.01,39.67,13446.67,-1
2024-02-29,2024-02-29 12:02:00,341.27,341.27,341.24,341.24,-0.01,39.67,13446.67,-1
2024-02-29,2024-02-29 12:03:00,341.24,341.24,341.21,341.21,-0.01,39.67,13446.67,-1
2024-02-29,2024-02-29 12:04:00,341.21,341.21,341.18,341.18,-0.01,39.67,13446.67,-1
2024-02-29,2024-02-29 12:05:00,341.18,341.18,341.15,341.15,-0.01,39.67,13446.67,-1
2024-02-29,2024-02-29 12:06:00,341.15,341.15,341.12,341.12,-0.01,39.67,13446.67,-1
2024-02-29,2024-02-29 12:07:00,341.12,341.12,341.09,341.09,-0.01,39.67,13446.67,-1
2024-02-29,2024-02-29 12:08:00,341.09,341.09,341.06,341.06,-0.01,39.67,13446.67,-1
2024-02-29,2024-02-29 12:09:00,341.06,341.06,341.03,341.03,-0.01,39.67,13446.67,-1
2024-02-29,2024-02-29 12:10:00,341.03,341.03,341.0,341.0,-0.01,39.67,13446.67,-1
2024-02-29,2024-02-29 12:11:00,341.0,341.0,340.97,340.97,-0.01,39.67,13446.67,-1
2024-02-29,2024-02-29 12:12:00,340.97,340.97,340.94,340.94,-0.01,39.67,13446.67,-1
2024-02-29,2024-02-29 12:13:00,340.94,340.94,340.91,340.91,-0.01,39.67,13446.67,-1
2024-02-29,2024-02-29 12:14:00,340.91,340.91,340.88,340.88,-0.01,39.67,13446.67,-1
2024-02-29,2024-02-29 12:15:00,340.88,340.88,340.85,340.85,-0.01,39.67,13446.67,-1
2024-02-29,2024-02-29 12:16:00,340.85,340.85,340.82,340.82,-0.01,39.67,13446.67,-1
2024-02-29,2024-02-29 12:17:00,340.82,340.82,340.79,340.79,-0.01,39.67,13446.67,-1
2024-02-29,2024-02-29 12:18:00,340.79,340.79,340.76,340.76,-0.01,39.67,13446.67,-1
2024-02-29,2024-02-29 12:19:00,340.76,340.76,340.73,340.73,-0.01,39.67,13446.67,-1
2024-02-29,2024-02-29 12:20:00,340.73,340.73,340.7,340.7,-0.01,39.67,13446.67,-1
2024-02-29,2024-02-29 12:21:00,340.7,340.7,340.67,340.67,-0.01,39.67,13446.67,-1
2024-02-29,2024-02-29 12:22:00,340.67,340.67,340.64,340.64,-0.01,39.67,13446.67,-1
2024-02-29,2024-02-29 12:23:00,340.64,340.64,340.62,340.62,-0.01,39.67,13446.67,-1
2024-02-29,2024-02-29 12:24:00,340.62,340.62,340.59,340.59,-0.01,39.67,13446.67,-1
2024-02-29,2024-02-29 12:25:00,340.59,340.59,340.56,340.56,-0.01,39.67,13446.67,-1
2024-02-29,2024-02-29 12:26:00,340.56,340.56,340.53,340.53,-0.01,39.67,13446.67,-1
2024-02-29,2024-02-29 12:27:00,340.53,340.53,340.5,340.5,-0.01,39.67,13446.67,-1
2024-02-29,2024-02-29 12:28:00,340.5,340.5,340.47,340.47,-0.01,39.67,13446.67,-1
2024-02-29,2024-02-29 12:29:00,340.47,340.47,340.44,340.44,-0.01,39.67,13446.67,-1
2024-02-29,2024-02-29 12:30:00,340.44,340.44,340.41,340.41,-0.01,39.67,13446.67,-1
2024-02-29,2024-02-29 12:31:00,340.41,340.41,340.38,340.38,-0.01,39.67,13446.67,-1
2024-02-29,2024-02-29 12:32:00,340.38,340.38,340.35,340.35,-0.01,39.67,13446.67,-1
2024-02-29,2024-02-29 12:33:00,340.35,340.35,340.32,340.32,-0.01,39.67,13446.67,-1
2024-02-29,2024-02-29 12:34:00,340.32,340.32,340.29,340.29,-0.01,39.67,13446.67,-1
2024-02-29,2024-02-29 12:35:00,340.29,340.29,340.26,340.26,-0.01,39.67,13446.67,-1
2024-02-29,2024-02-29 12:36:00,340.26,340.26,340.23,340.23,-0.01,39.67,13446.67,-1
2024-02-29,2024-02-29 12:37:00,340.23,340.23,340.2,340.2,-0.01,39.67,13446.67,-1
2024-02-29,2024-02-29 12:38:00,340.2,340.2,340.17,340.17,-0.01,39.67,13446.67,-1
2024-02-29,2024-02-29 12:39:00,340.17,340.17,340.14,340.14,-0.01,39.67,13446.67,-1
2024-02-29,2024-02-29 12:40:00,340.14,340.14,340.11,340.11,-0.01,39.67,13446.67,-1
2024-02-29,2024-02-29 12:41:00,340.11,340.11,340.08,340.08,-0.01,39.67,13446.67,-1
2024-02-29,2024-02-29 12:42:00,340.08,340.08,340.05,340.05,-0.01,39.67,13446.67,-1
2024-02-29,2024-02-29 12:43:00,340.05,340.05,340.02,340.02,-0.01,39.67,13446.67,-1
2024-02-29,2024-02-29 12:44:00,340.02,340.02,339.99,339.99,-0.01,39.67,13446.67,-1
2024-02-29,2024-02-29 12:45:00,339.99,339.99,339.96,339.96,-0.01,39.67,13446.67,-1
2024-02-29,2024-02-29 12:46:00,339.96,339.96,339.93,339.93,-0.01,39.67,13446.67,-1
2024-02-29,2024-02-29 12:47:00,339.93,339.93,339.91,339.91,-0.01,39.67,13446.67,-1
2024-02-29,2024-02-29 12:48:00,339.91,339.91,339.88,339.88,-0.01,39.67,13446.67,-1
2024-02-29,2024-02-29 12:49:00,339.88,339.88,339.85,339.85,-0.01,39.67,13446.67,-1
2024-02-29,2024-02-29 12:50:00,339.85,339.85,339.82,339.82,-0.01,39.67,13446.67,-1
2024-02-29,2024-02-29 12:51:00,339.82,339.82,339.79,339.79,-0.01,39.67,13446.67,-1
2024-02-29,2024-02-29 12:52:00,339.79,339.79,339.76,339.76,-0.01,39.67,13446.67,-1
2024-02-29,2024-02-29 12:53:00,339.76,339.76,339.73,339.73,-0.01,39.67,13446.67,-1
2024-02-29,2024-02-29 12:54:00,339.73,339.73,339.7,339.7,-0.01,39.67,13446.67,-1
2024-02-29,2024-02-29 12:55:00,339.7,339.7,339.67,339.67,-0.01,39.67,13446.67,-1
2024-02-29,2024-02-29 12:56:00,339.67,339.67,339.64,339.64,-0.01,39.67,13446.67,-1
2024-02-29,2024-02-29 12:57:00,339.64,339.64,339.61,339.61,-0.01,39.67,13446.67,-1
2024-02-29,2024-02-29 12:58:00,339.61,339.61,339.58,339.58,-0.01,39.67,13446.67,-1
2024-02-29,2024-02-29 12:59:00,339.58,339.58,339.55,339.55,-0.01,39.67,13446.67,-1
2024-02-29,2024-02-29 13:00:00,339.55,350.0,331.1,339.52,-0.01,39.67,13446.67,-1
2024-02-29,2024-02-29 13:01:00,339.52,339.52,339.49,339.49,-0.01,39.67,13446.67,-1
2024-02-29,2024-02-29 13:02:00,339.49,339.49,339.46,339.46,-0.01,39.67,13446.67,-1
2024-02-29,2024-02-29 13:03:00,339.46,339.46,339.43,339.43,-0.01,39.67,13446.67,-1
2024-02-29,2024-02-29 13:04:00,339.43,339.43,339.4,339.4,-0.01,39.67,13446.67,-1
2024-02-29,2024-02-29 13:05:00,339.4,339.4,339.37,339.37,-0.01,39.67,13446.67,-1
2024-02-29,2024-02-29 13:06:00,339.37,339.37,339.34,339.34,-0.01,39.67,13446.67,-1
2024-02-29,2024-02-29 13:07:00,339.34,339.34,339.31,339.31,-0.01,39.67,13446.67,-1
2024-02-29,2024-02-29 13:08:00,339.31,339.31,339.28,339.28,-0.01,39.67,13446.67,-1
2024-02-29,2024-02-29 13:09:00,339.28,339.28,339.25,339.25,-0.01,39.67,13446.67,-1
2024-02-29,2024-02-29 13:10:00,339.25,339.25,339.22,339.22,-0.01,39.67,13446.67,-1
2024-02-29,2024-02-29 13:11:00,339.22,339.22,339.19,339.19,-0.01,39.67,13446.67,-1
2024-02-29,2024-02-29 13:12:00,339.19,339.19,339.17,339.17,-0.01,39.67,13446.67,-1
2024-02-29,2024-02-29 13:13:00,339.17,339.17,339.14,339.14,-0.01,39.67,13446.67,-1
2024-02-29,2024-02-29 13:14:00,339.14,339.14,339.11,339.11,-0.01,39.67,13446.67,-1
2024-02-29,2024-02-29 13:15:00,339.11,339.11,339.08,339.08,-0.01,39.67,13446.67,-1
2024-02-29,2024-02-29 13:16:00,339.08,339.08,339.05,339.05,-0.01,39.67,13446.67,-1
2024-02-29,2024-02-29 13:17:00,339.05,339.05,339.02,339.02,-0.01,39.67,13446.67,-1
2024-02-29,2024-02-29 13:18:00,339.02,339.02,338.99,338.99,-0.01,39.67,13446.67,-1
2024-02-29,2024-02-29 13:19:00,338.99,338.99,338.96,338.96,-0.01,39.67,13446.67,-1
2024-02-29,2024-02-29 13:20:00,338.96,338.96,338.93,338.93,-0.01,39.67,13446.67,-1
2024-02-29,2024-02-29 13:21:00,338.93,338.93,338.9,338.9,-0.01,39.67,13446.67,-1
2024-02-29,2024-02-29 13:22:00,338.9,338.9,338.87,338.87,-0.01,39.67,13446.67,-1
2024-02-29,2024-02-29 13:23:00,338.87,338.87,338.84,338.84,-0.01,39.67,13446.67,-1
2024-02-29,2024-02-29 13:24:00,338.84,338.84,338.81,338.81,-0.01,39.67,13446.67,-1
2024-02-29,2024-02-29 13:25:00,338.81,338.81,338.78,338.78,-0.01,39.67,13446.67,-1
2024-02-29,2024-02-29 13:26:00,338.78,338.78,338.75,338.75,-0.01,39.67,13446.67,-1
2024-02-29,2024-02-29 13:27:00,338.75,338.75,338.72,338.72,-0.01,39.67,13446.67,-1
2024-02-29,2024-02-29 13:28:00,338.72,338.72,338.69,338.69,-0.01,39.67,13446.67,-1
2024-02-29,2024-02-29 13:29:00,338.69,338.69,338.66,338.66,-0.01,39.67,13446.67,-1
2024-02-29,2024-02-29 13:30:00,338.66,338.66,338.63,338.63,-0.01,39.67,13446.67,-1
2024-02-29,2024-02-29 13:31:00,338.63,338.63,338.6,338.6,-0.01,39.67,13446.67,-1
2024-02-29,2024-02-29 13:32:00,338.6,338.6,338.57,338.57,-0.01,39.67,13446.67,-1
2024-02-29,2024-02-29 13:33:00,338.57,338.57,338.54,338.54,-0.01,39.67,13446.67,-1
2024-02-29,2024-02-29 13:34:00,338.54,338.54,338.51,338.51,-0.01,39.67,13446.67,-1
2024-02-29,2024-02-29 13:35:00,338.51,338.51,338.49,338.49,-0.01,39.67,13446.67,-1
2024-02-29,2024-02-29 13:36:00,338.49,338.49,338.46,338.46,-0.01,39.67,13446.67,-1
2024-02-29,2024-02-29 13:37:00,338.46,338.46,338.43,338.43,-0.01,39.67,13446.67,-1
2024-02-29,2024-02-29 13:38:00,338.43,338.43,338.4,338.4,-0.01,39.67,13446.67,-1
2024-02-29,2024-02-29 13:39:00,338.4,338.4,338.37,338.37,-0.01,39.67,13446.67,-1
2024-02-29,2024-02-29 13:40:00,338.37,338.37,338.34,338.34,-0.01,39.67,13446.67,-1
2024-02-29,2024-02-29 13:41:00,338.34,338.34,338.31,338.31,-0.01,39.67,13446.67,-1
2024-02-29,2024-02-29 13:42:00,338.31,338.31,338.28,338.28,-0.01,39.67,13446.67,-1
2024-02-29,2024-02-29 13:43:00,338.28,338.28,338.25,338.25,-0.01,39.67,13446.67,-1
2024-02-29,2024-02-29 13:44:00,338.25,338.25,338.22,338.22,-0.01,39.67,13446.67,-1
2024-02-29,2024-02-29 13:45:00,338.22,338.22,338.19,338.19,-0.01,39.67,13446.67,-1
2024-02-29,2024-02-29 13:46:00,338.19,338.19,338.16,338.16,-0.01,39.67,13446.67,-1
2024-02-29,2024-02-29 13:47:00,338.16,338.16,338.13,338.13,-0.01,39.67,13446.67,-1
2024-02-29,2024-02-29 13:48:00,338.13,338.13,338.1,338.1,-0.01,39.67,13446.67,-1
2024-02-29,2024-02-29 13:49:00,338.1,338.1,338.07,338.07,-0.01,39.67,13446.67,-1
2024-02-29,2024-02-29 13:50:00,338.07,338.07,338.04,338.04,-0.01,39.67,13446.67,-1
2024-02-29,2024-02-29 13:51:00,338.04,338.04,338.01,338.01,-0.01,39.67,13446.67,-1
2024-02-29,2024-02-29 13:52:00,338.01,338.01,337.98,337.98,-0.01,39.67,13446.67,-1
2024-02-29,2024-02-29 13:53:00,337.98,337.98,337.95,337.95,-0.01,39.67,13446.67,-1
2024-02-29,2024-02-29 13:54:00,337.95,337.95,337.92,337.92,-0.01,39.67,13446.67,-1
2024-02-29,2024-02-29 13:55:00,337.92,337.92,337.89,337.89,-0.01,39.67,13446.67,-1
2024-02-29,2024-02-29 13:56:00,337.89,337.89,337.86,337.86,-0.01,39.67,13446.67,-1
2024-02-29,2024-02-29 13:57:00,337.86,337.86,337.83,337.83,-0.01,39.67,13446.67,-1
2024-02-29,2024-02-29 13:58:00,337.83,337.83,337.8,337.8,-0.01,39.67,13446.67,-1
2024-02-29,2024-02-29 13:59:00,337.8,337.8,337.77,337.77,-0.01,39.67,13446.67,-1
2024-02-29,2024-02-29 14:00:00,337.77,337.77,337.75,337.75,-0.01,39.67,13446.67,-1
2024-02-29,2024-02-29 14:01:00,337.75,337.75,337.72,337.72,-0.01,39.67,13446.67,-1
2024-02-29,2024-02-29 14:02:00,337.72,337.72,337.69,337.69,-0.01,39.67,13446.67,-1
2024-02-29,2024-02-29 14:03:00,337.69,337.69,337.66,337.66,-0.01,39.67,13446.67,-1
2024-02-29,2024-02-29 14:04:00,337.66,337.66,337.63,337.63,-0.01,39.67,13446.67,-1
2024-02-29,2024-02-29 14:05:00,337.63,337.63,337.6,337.6,-0.01,39.67,13446.67,-1
2024-02-29,2024-02-29 14:06:00,337.6,337.6,337.57,337.57,-0.01,39.67,13446.67,-1
2024-02-29,2024-02-29 14:07:00,337.57,337.57,337.54,337.54,-0.01,39.67,13446.67,-1
2024-02-29,2024-02-29 14:08:00,337.54,337.54,337.51,337.51,-0.01,39.67,13446.67,-1
2024-02-29,2024-02-29 14:09:00,337.51,337.51,337.48,337.48,-0.01,39.67,13446.67,-1
2024-02-29,2024-02-29 14:10:00,337.48,337.48,337.45,337.45,-0.01,39.67,13446.67,-1
2024-02-29,2024-02-29 14:11:00,337.45,337.45,337.42,337.42,-0.01,39.67,13446.67,-1
2024-02-29,2024-02-29 14:12:00,337.42,337.42,337.39,337.39,-0.01,39.67,13446.67,-1
2024-02-29,2024-02-29 14:13:00,337.39,337.39,337.36,337.36,-0.01,39.67,13446.67,-1
2024-02-29,2024-02-29 14:14:00,337.36,337.36,337.33,337.33,-0.01,39.67,13446.67,-1
2024-02-29,2024-02-29 14:15:00,337.33,337.33,337.3,337.3,-0.01,39.67,13446.67,-1
2024-02-29,2024-02-29 14:16:00,337.3,337.3,337.27,337.27,-0.01,39.67,13446.67,-1
2024-02-29,2024-02-29 14:17:00,337.27,337.27,337.24,337.24,-0.01,39.67,13446.67,-1
2024-02-29,2024-02-29 14:18:00,337.24,337.24,337.21,337.21,-0.01,39.67,13446.67,-1
2024-02-29,2024-02-29 14:19:00,337.21,337.21,337.18,337.18,-0.01,39.67,13446.67,-1
2024-02-29,2024-02-29 14:20:00,337.18,337.18,337.15,337.15,-0.01,39.67,13446.67,-1
2024-02-29,2024-02-29 14:21:00,337.15,337.15,337.12,337.12,-0.01,39.67,13446.67,-1
2024-02-29,2024-02-29 14:22:00,337.12,337.12,337.09,337.09,-0.01,39.67,13446.67,-1
2024-02-29,2024-02-29 14:23:00,337.09,337.09,337.06,337.06,-0.01,39.67,13446.67,-1
2024-02-29,2024-02-29 14:24:00,337.06,337.06,337.04,337.04,-0.01,39.67,13446.67,-1
2024-02-29,2024-02-29 14:25:00,337.04,337.04,337.01,337.01,-0.01,39.67,13446.67,-1
2024-02-29,2024-02-29 14:26:00,337.01,337.01,336.98,336.98,-0.01,39.67,13446.67,-1
2024-02-29,2024-02-29 14:27:00,336.98,336.98,336.95,336.95,-0.01,39.67,13446.67,-1
2024-02-29,2024-02-29 14:28:00,336.95,336.95,336.92,336.92,-0.01,39.67,13446.67,-1
2024-02-29,2024-02-29 14:29:00,336.92,336.92,336.89,336.89,-0.01,39.67,13446.67,-1
2024-02-29,2024-02-29 14:30:00,336.89,336.89,336.86,336.86,-0.01,39.67,13446.67,-1
2024-02-29,2024-02-29 14:31:00,336.86,336.86,336.83,336.83,-0.01,39.67,13446.67,-1
2024-02-29,2024-02-29 14:32:00,336.83,336.83,336.8,336.8,-0.01,39.67,13446.67,-1
2024-02-29,2024-02-29 14:33:00,336.8,336.8,336.77,336.77,-0.01,39.67,13446.67,-1
2024-02-29,2024-02-29 14:34:00,336.77,336.77,336.74,336.74,-0.01,39.67,13446.67,-1
2024-02-29,2024-02-29 14:35:00,336.74,336.74,336.71,336.71,-0.01,39.67,13446.67,-1
2024-02-29,2024-02-29 14:36:00,336.71,336.71,336.68,336.68,-0.01,39.67,13446.67,-1
2024-02-29,2024-02-29 14:37:00,336.68,336.68,336.65,336.65,-0.01,39.67,13446.67,-1
2024-02-29,2024-02-29 14:38:00,336.65,336.65,336.62,336.62,-0.01,39.67,13446.67,-1
2024-02-29,2024-02-29 14:39:00,336.62,336.62,336.59,336.59,-0.01,39.67,13446.67,-1
2024-02-29,2024-02-29 14:40:00,336.59,336.59,336.56,336.56,-0.01,39.67,13446.67,-1
2024-02-29,2024-02-29 14:41:00,336.56,336.56,336.53,336.53,-0.01,39.67,13446.67,-1
2024-02-29,2024-02-29 14:42:00,336.53,336.53,336.5,336.5,-0.01,39.67,13446.67,-1
2024-02-29,2024-02-29 14:43:00,336.5,336.5,336.47,336.47,-0.01,39.67,13446.67,-1
2024-02-29,2024-02-29 14:44:00,336.47,336.47,336.44,336.44,-0.01,39.67,13446.67,-1
2024-02-29,2024-02-29 14:45:00,336.44,336.44,336.41,336.41,-0.01,39.67,13446.67,-1
2024-02-29,2024-02-29 14:46:00,336.41,336.41,336.38,336.38,-0.01,39.67,13446.67,-1
2024-02-29,2024-02-29 14:47:00,336.38,336.38,336.36,336.36,-0.01,39.67,13446.67,-1
2024-02-29,2024-02-29 14:48:00,336.36,336.36,336.33,336.33,-0.01,39.67,13446.67,-1
2024-02-29,2024-02-29 14:49:00,336.33,336.33,336.3,336.3,-0.01,39.67,13446.67,-1
2024-02-29,2024-02-29 14:50:00,336.3,336.3,336.27,336.27,-0.01,39.67,13446.67,-1
2024-02-29,2024-02-29 14:51:00,336.27,336.27,336.24,336.24,-0.01,39.67,13446.67,-1
2024-02-29,2024-02-29 14:52:00,336.24,336.24,336.21,336.21,-0.01,39.67,13446.67,-1
2024-02-29,2024-02-29 14:53:00,336.21,336.21,336.18,336.18,-0.01,39.67,13446.67,-1
2024-02-29,2024-02-29 14:54:00,336.18,336.18,336.15,336.15,-0.01,39.67,13446.67,-1
2024-02-29,2024-02-29 14:55:00,336.15,336.15,336.12,336.12,-0.01,39.67,13446.67,-1
2024-02-29,2024-02-29 14:56:00,336.12,336.12,336.09,336.09,-0.01,39.67,13446.67,-1
2024-02-29,2024-02-29 14:57:00,336.09,336.09,336.06,336.06,-0.01,39.67,13446.67,-1
2024-02-29,2024-02-29 14:58:00,336.06,336.06,336.03,336.03,-0.01,39.67,13446.67,-1
2024-02-29,2024-02-29 14:59:00,336.03,336.03,336.0,336.0,-0.01,39.67,13446.67,-1
2024-02-29,2024-02-29 15:00:00,336.0,350.0,331.1,336.0,0.0,39.67,13446.67,0
2024-03-03,2024-03-03 11:00:00,329.3,334.01,328.61,329.32,0.01,23.99,8011.4,1
2024-03-03,2024-03-03 11:01:00,329.32,329.34,329.32,329.34,0.01,23.99,8011.4,1
2024-03-03,2024-03-03 11:02:00,329.34,329.36,329.34,329.36,0.01,23.99,8011.4,1
2024-03-03,2024-03-03 11:03:00,329.36,329.38,329.36,329.38,0.01,23.99,8011.4,1
2024-03-03,2024-03-03 11:04:00,329.38,329.4,329.38,329.4,0.01,23.99,8011.4,1
2024-03-03,2024-03-03 11:05:00,329.4,329.42,329.4,329.42,0.01,23.99,8011.4,1
2024-03-03,2024-03-03 11:06:00,329.42,329.44,329.42,329.44,0.01,23.99,8011.4,1
2024-03-03,2024-03-03 11:07:00,329.44,329.46,329.44,329.46,0.01,23.99,8011.4,1
2024-03-03,2024-03-03 11:08:00,329.46,329.48,329.46,329.48,0.01,23.99,8011.4,1
2024-03-03,2024-03-03 11:09:00,329.48,329.5,329.48,329.5,0.01,23.99,8011.4,1
2024-03-03,2024-03-03 11:10:00,329.5,329.52,329.5,329.52,0.01,23.99,8011.4,1
2024-03-03,2024-03-03 11:11:00,329.52,329.54,329.52,329.54,0.01,23.99,8011.4,1
2024-03-03,2024-03-03 11:12:00,329.54,329.55,329.54,329.55,0.0,23.99,8011.4,1
2024-03-03,2024-03-03 11:13:00,329.55,329.57,329.55,329.57,0.01,23.99,8011.4,1
2024-03-03,2024-03-03 11:14:00,329.57,329.59,329.57,329.59,0.01,23.99,8011.4,1
2024-03-03,2024-03-03 11:15:00,329.59,329.61,329.59,329.61,0.01,23.99,8011.4,1
2024-03-03,2024-03-03 11:16:00,329.61,329.63,329.61,329.63,0.01,23.99,8011.4,1
2024-03-03,2024-03-03 11:17:00,329.63,329.65,329.63,329.65,0.01,23.99,8011.4,1
2024-03-03,2024-03-03 11:18:00,329.65,329.67,329.65,329.67,0.01,23.99,8011.4,1
2024-03-03,2024-03-03 11:19:00,329.67,329.69,329.67,329.69,0.01,23.99,8011.4,1
2024-03-03,2024-03-03 11:20:00,329.69,329.71,329.69,329.71,0.01,23.99,8011.4,1
2024-03-03,2024-03-03 11:21:00,329.71,329.73,329.71,329.73,0.01,23.99,8011.4,1
2024-03-03,2024-03-03 11:22:00,329.73,329.75,329.73,329.75,0.01,23.99,8011.4,1
2024-03-03,2024-03-03 11:23:00,329.75,329.77,329.75,329.77,0.01,23.99,8011.4,1
2024-03-03,2024-03-03 11:24:00,329.77,329.79,329.77,329.79,0.01,23.99,8011.4,1
2024-03-03,2024-03-03 11:25:00,329.79,329.81,329.79,329.81,0.01,23.99,8011.4,1
2024-03-03,2024-03-03 11:26:00,329.81,329.83,329.81,329.83,0.01,23.99,8011.4,1
2024-03-03,2024-03-03 11:27:00,329.83,329.85,329.83,329.85,0.01,23.99,8011.4,1
2024-03-03,2024-03-03 11:28:00,329.85,329.87,329.85,329.87,0.01,23.99,8011.4,1
2024-03-03,2024-03-03 11:29:00,329.87,329.89,329.87,329.89,0.01,23.99,8011.4,1
2024-03-03,2024-03-03 11:30:00,329.89,329.91,329.89,329.91,0.01,23.99,8011.4,1
2024-03-03,2024-03-03 11:31:00,329.91,329.93,329.91,329.93,0.01,23.99,8011.4,1
2024-03-03,2024-03-03 11:32:00,329.93,329.95,329.93,329.95,0.01,23.99,8011.4,1
2024-03-03,2024-03-03 11:33:00,329.95,329.97,329.95,329.97,0.01,23.99,8011.4,1
2024-03-03,2024-03-03 11:34:00,329.97,329.99,329.97,329.99,0.01,23.99,8011.4,1
2024-03-03,2024-03-03 11:35:00,329.99,330.0,329.99,330.0,0.0,23.99,8011.4,1
2024-03-03,2024-03-03 11:36:00,330.0,330.02,330.0,330.02,0.01,23.99,8011.4,1
2024-03-03,2024-03-03 11:37:00,330.02,330.04,330.02,330.04,0.01,23.99,8011.4,1
2024-03-03,2024-03-03 11:38:00,330.04,330.06,330.04,330.06,0.01,23.99,8011.4,1
2024-03-03,2024-03-03 11:39:00,330.06,330.08,330.06,330.08,0.01,23.99,8011.4,1
2024-03-03,2024-03-03 11:40:00,330.08,330.1,330.08,330.1,0.01,23.99,8011.4,1
2024-03-03,2024-03-03 11:41:00,330.1,330.12,330.1,330.12,0.01,23.99,8011.4,1
2024-03-03,2024-03-03 11:42:00,330.12,330.14,330.12,330.14,0.01,23.99,8011.4,1
2024-03-03,2024-03-03 11:43:00,330.14,330.16,330.14,330.16,0.01,23.99,8011.4,1
2024-03-03,2024-03-03 11:44:00,330.16,330.18,330.16,330.18,0.01,23.99,8011.4,1
2024-03-03,2024-03-03 11:45:00,330.18,330.2,330.18,330.2,0.01,23.99,8011.4,1
2024-03-03,2024-03-03 11:46:00,330.2,330.22,330.2,330.22,0.01,23.99,8011.4,1
2024-03-03,2024-03-03 11:47:00,330.22,330.24,330.22,330.24,0.01,23.99,8011.4,1
2024-03-03,2024-03-03 11:48:00,330.24,330.26,330.24,330.26,0.01,23.99,8011.4,1
2024-03-03,2024-03-03 11:49:00,330.26,330.28,330.26,330.28,0.01,23.99,8011.4,1
2024-03-03,2024-03-03 11:50:00,330.28,330.3,330.28,330.3,0.01,23.99,8011.4,1
2024-03-03,2024-03-03 11:51:00,330.3,330.32,330.3,330.32,0.01,23.99,8011.4,1
2024-03-03,2024-03-03 11:52:00,330.32,330.34,330.32,330.34,0.01,23.99,8011.4,1
2024-03-03,2024-03-03 11:53:00,330.34,330.36,330.34,330.36,0.01,23.99,8011.4,1
2024-03-03,2024-03-03 11:54:00,330.36,330.38,330.36,330.38,0.01,23.99,8011.4,1
2024-03-03,2024-03-03 11:55:00,330.38,330.4,330.38,330.4,0.01,23.99,8011.4,1
2024-03-03,2024-03-03 11:56:00,330.4,330.42,330.4,330.42,0.01,23.99,8011.4,1
2024-03-03,2024-03-03 11:57:00,330.42,330.44,330.42,330.44,0.01,23.99,8011.4,1
2024-03-03,2024-03-03 11:58:00,330.44,330.46,330.44,330.46,0.01,23.99,8011.4,1
2024-03-03,2024-03-03 11:59:00,330.46,330.48,330.46,330.48,0.01,23.99,8011.4,1
2024-03-03,2024-03-03 12:00:00,330.48,330.49,330.48,330.49,0.0,23.99,8011.4,1
2024-03-03,2024-03-03 12:01:00,330.49,330.51,330.49,330.51,0.01,23.99,8011.4,1
2024-03-03,2024-03-03 12:02:00,330.51,330.53,330.51,330.53,0.01,23.99,8011.4,1
2024-03-03,2024-03-03 12:03:00,330.53,330.55,330.53,330.55,0.01,23.99,8011.4,1
2024-03-03,2024-03-03 12:04:00,330.55,330.57,330.55,330.57,0.01,23.99,8011.4,1
2024-03-03,2024-03-03 12:05:00,330.57,330.59,330.57,330.59,0.01,23.99,8011.4,1
2024-03-03,2024-03-03 12:06:00,330.59,330.61,330.59,330.61,0.01,23.99,8011.4,1
2024-03-03,2024-03-03 12:07:00,330.61,330.63,330.61,330.63,0.01,23.99,8011.4,1
2024-03-03,2024-03-03 12:08:00,330.63,330.65,330.63,330.65,0.01,23.99,8011.4,1
2024-03-03,2024-03-03 12:09:00,330.65,330.67,330.65,330.67,0.01,23.99,8011.4,1
2024-03-03,2024-03-03 12:10:00,330.67,330.69,330.67,330.69,0.01,23.99,8011.4,1
2024-03-03,2024-03-03 12:11:00,330.69,330.71,330.69,330.71,0.01,23.99,8011.4,1
2024-03-03,2024-03-03 12:12:00,330.71,330.73,330.71,330.73,0.01,23.99,8011.4,1
2024-03-03,2024-03-03 12:13:00,330.73,330.75,330.73,330.75,0.01,23.99,8011.4,1
2024-03-03,2024-03-03 12:14:00,330.75,330.77,330.75,330.77,0.01,23.99,8011.4,1
2024-03-03,2024-03-03 12:15:00,330.77,330.79,330.77,330.79,0.01,23.99,8011.4,1
2024-03-03,2024-03-03 12:16:00,330.79,330.81,330.79,330.81,0.01,23.99,8011.4,1
2024-03-03,2024-03-03 12:17:00,330.81,330.83,330.81,330.83,0.01,23.99,8011.4,1
2024-03-03,2024-03-03 12:18:00,330.83,330.85,330.83,330.85,0.01,23.99,8011.4,1
2024-03-03,2024-03-03 12:19:00,330.85,330.87,330.85,330.87,0.01,23.99,8011.4,1
2024-03-03,2024-03-03 12:20:00,330.87,330.89,330.87,330.89,0.01,23.99,8011.4,1
2024-03-03,2024-03-03 12:21:00,330.89,330.91,330.89,330.91,0.01,23.99,8011.4,1
2024-03-03,2024-03-03 12:22:00,330.91,330.93,330.91,330.93,0.01,23.99,8011.4,1
2024-03-03,2024-03-03 12:23:00,330.93,330.94,330.93,330.94,0.0,23.99,8011.4,1
2024-03-03,2024-03-03 12:24:00,330.94,330.96,330.94,330.96,0.01,23.99,8011.4,1
2024-03-03,2024-03-03 12:25:00,330.96,330.98,330.96,330.98,0.01,23.99,8011.4,1
2024-03-03,2024-03-03 12:26:00,330.98,331.0,330.98,331.0,0.01,23.99,8011.4,1
2024-03-03,2024-03-03 12:27:00,331.0,331.02,331.0,331.02,0.01,23.99,8011.4,1
2024-03-03,2024-03-03 12:28:00,331.02,331.04,331.02,331.04,0.01,23.99,8011.4,1
2024-03-03,2024-03-03 12:29:00,331.04,331.06,331.04,331.06,0.01,23.99,8011.4,1
2024-03-03,2024-03-03 12:30:00,331.06,331.08,331.06,331.08,0.01,23.99,8011.4,1
2024-03-03,2024-03-03 12:31:00,331.08,331.1,331.08,331.1,0.01,23.99,8011.4,1
2024-03-03,2024-03-03 12:32:00,331.1,331.12,331.1,331.12,0.01,23.99,8011.4,1
2024-03-03,2024-03-03 12:33:00,331.12,331.14,331.12,331.14,0.01,23.99,8011.4,1
2024-03-03,2024-03-03 12:34:00,331.14,331.16,331.14,331.16,0.01,23.99,8011.4,1
2024-03-03,2024-03-03 12:35:00,331.16,331.18,331.16,331.18,0.01,23.99,8011.4,1
2024-03-03,2024-03-03 12:36:00,331.18,331.2,331.18,331.2,0.01,23.99,8011.4,1
2024-03-03,2024-03-03 12:37:00,331.2,331.22,331.2,331.22,0.01,23.99,8011.4,1
2024-03-03,2024-03-03 12:38:00,331.22,331.24,331.22,331.24,0.01,23.99,8011.4,1
2024-03-03,2024-03-03 12:39:00,331.24,331.26,331.24,331.26,0.01,23.99,8011.4,1
2024-03-03,2024-03-03 12:40:00,331.26,331.28,331.26,331.28,0.01,23.99,8011.4,1
2024-03-03,2024-03-03 12:41:00,331.28,331.3,331.28,331.3,0.01,23.99,8011.4,1
2024-03-03,2024-03-03 12:42:00,331.3,331.32,331.3,331.32,0.01,23.99,8011.4,1
2024-03-03,2024-03-03 12:43:00,331.32,331.34,331.32,331.34,0.01,23.99,8011.4,1
2024-03-03,2024-03-03 12:44:00,331.34,331.36,331.34,331.36,0.01,23.99,8011.4,1
2024-03-03,2024-03-03 12:45:00,331.36,331.38,331.36,331.38,0.01,23.99,8011.4,1
2024-03-03,2024-03-03 12:46:00,331.38,331.4,331.38,331.4,0.01,23.99,8011.4,1
2024-03-03,2024-03-03 12:47:00,331.4,331.42,331.4,331.42,0.01,23.99,8011.4,1
2024-03-03,2024-03-03 12:48:00,331.42,331.43,331.42,331.43,0.0,23.99,8011.4,1
2024-03-03,2024-03-03 12:49:00,331.43,331.45,331.43,331.45,0.01,23.99,8011.4,1
2024-03-03,2024-03-03 12:50:00,331.45,331.47,331.45,331.47,0.01,23.99,8011.4,1
2024-03-03,2024-03-03 12:51:00,331.47,331.49,331.47,331.49,0.01,23.99,8011.4,1
2024-03-03,2024-03-03 12:52:00,331.49,331.51,331.49,331.51,0.01,23.99,8011.4,1
2024-03-03,2024-03-03 12:53:00,331.51,331.53,331.51,331.53,0.01,23.99,8011.4,1
2024-03-03,2024-03-03 12:54:00,331.53,331.55,331.53,331.55,0.01,23.99,8011.4,1
2024-03-03,2024-03-03 12:55:00,331.55,331.57,331.55,331.57,0.01,23.99,8011.4,1
2024-03-03,2024-03-03 12:56:00,331.57,331.59,331.57,331.59,0.01,23.99,8011.4,1
2024-03-03,2024-03-03 12:57:00,331.59,331.61,331.59,331.61,0.01,23.99,8011.4,1
2024-03-03,2024-03-03 12:58:00,331.61,331.63,331.61,331.63,0.01,23.99,8011.4,1
2024-03-03,2024-03-03 12:59:00,331.63,331.65,331.63,331.65,0.01,23.99,8011.4,1
2024-03-03,2024-03-03 13:00:00,331.65,345.0,327.0,331.67,0.01,23.99,8011.4,1
2024-03-03,2024-03-03 13:01:00,331.67,331.69,331.67,331.69,0.01,23.99,8011.4,1
2024-03-03,2024-03-03 13:02:00,331.69,331.71,331.69,331.71,0.01,23.99,8011.4,1
2024-03-03,2024-03-03 13:03:00,331.71,331.73,331.71,331.73,0.01,23.99,8011.4,1
2024-03-03,2024-03-03 13:04:00,331.73,331.75,331.73,331.75,0.01,23.99,8011.4,1
2024-03-03,2024-03-03 13:05:00,331.75,331.77,331.75,331.77,0.01,23.99,8011.4,1
2024-03-03,2024-03-03 13:06:00,331.77,331.79,331.77,331.79,0.01,23.99,8011.4,1
2024-03-03,2024-03-03 13:07:00,331.79,331.81,331.79,331.81,0.01,23.99,8011.4,1
2024-03-03,2024-03-03 13:08:00,331.81,331.83,331.81,331.83,0.01,23.99,8011.4,1
2024-03-03,2024-03-03 13:09:00,331.83,331.85,331.83,331.85,0.01,23.99,8011.4,1
2024-03-03,2024-03-03 13:10:00,331.85,331.87,331.85,331.87,0.01,23.99,8011.4,1
2024-03-03,2024-03-03 13:11:00,331.87,331.88,331.87,331.88,0.0,23.99,8011.4,1
2024-03-03,2024-03-03 13:12:00,331.88,331.9,331.88,331.9,0.01,23.99,8011.4,1
2024-03-03,2024-03-03 13:13:00,331.9,331.92,331.9,331.92,0.01,23.99,8011.4,1
2024-03-03,2024-03-03 13:14:00,331.92,331.94,331.92,331.94,0.01,23.99,8011.4,1
2024-03-03,2024-03-03 13:15:00,331.94,331.96,331.94,331.96,0.01,23.99,8011.4,1
2024-03-03,2024-03-03 13:16:00,331.96,331.98,331.96,331.98,0.01,23.99,8011.4,1
2024-03-03,2024-03-03 13:17:00,331.98,332.0,331.98,332.0,0.01,23.99,8011.4,1
2024-03-03,2024-03-03 13:18:00,332.0,332.02,332.0,332.02,0.01,23.99,8011.4,1
2024-03-03,2024-03-03 13:19:00,332.02,332.04,332.02,332.04,0.01,23.99,8011.4,1
2024-03-03,2024-03-03 13:20:00,332.04,332.06,332.04,332.06,0.01,23.99,8011.4,1
2024-03-03,2024-03-03 13:21:00,332.06,332.08,332.06,332.08,0.01,23.99,8011.4,1
2024-03-03,2024-03-03 13:22:00,332.08,332.1,332.08,332.1,0.01,23.99,8011.4,1
2024-03-03,2024-03-03 13:23:00,332.1,332.12,332.1,332.12,0.01,23.99,8011.4,1
2024-03-03,2024-03-03 13:24:00,332.12,332.14,332.12,332.14,0.01,23.99,8011.4,1
2024-03-03,2024-03-03 13:25:00,332.14,332.16,332.14,332.16,0.01,23.99,8011.4,1
2024-03-03,2024-03-03 13:26:00,332.16,332.18,332.16,332.18,0.01,23.99,8011.4,1
2024-03-03,2024-03-03 13:27:00,332.18,332.2,332.18,332.2,0.01,23.99,8011.4,1
2024-03-03,2024-03-03 13:28:00,332.2,332.22,332.2,332.22,0.01,23.99,8011.4,1
2024-03-03,2024-03-03 13:29:00,332.22,332.24,332.22,332.24,0.01,23.99,8011.4,1
2024-03-03,2024-03-03 13:30:00,332.24,332.26,332.24,332.26,0.01,23.99,8011.4,1
2024-03-03,2024-03-03 13:31:00,332.26,332.28,332.26,332.28,0.01,23.99,8011.4,1
2024-03-03,2024-03-03 13:32:00,332.28,332.3,332.28,332.3,0.01,23.99,8011.4,1
2024-03-03,2024-03-03 13:33:00,332.3,332.32,332.3,332.32,0.01,23.99,8011.4,1
2024-03-03,2024-03-03 13:34:00,332.32,332.34,332.32,332.34,0.01,23.99,8011.4,1
2024-03-03,2024-03-03 13:35:00,332.34,332.36,332.34,332.36,0.01,23.99,8011.4,1
2024-03-03,2024-03-03 13:36:00,332.36,332.37,332.36,332.37,0.0,23.99,8011.4,1
2024-03-03,2024-03-03 13:37:00,332.37,332.39,332.37,332.39,0.01,23.99,8011.4,1
2024-03-03,2024-03-03 13:38:00,332.39,332.41,332.39,332.41,0.01,23.99,8011.4,1
2024-03-03,2024-03-03 13:39:00,332.41,332.43,332.41,332.43,0.01,23.99,8011.4,1
2024-03-03,2024-03-03 13:40:00,332.43,332.45,332.43,332.45,0.01,23.99,8011.4,1
2024-03-03,2024-03-03 13:41:00,332.45,332.47,332.45,332.47,0.01,23.99,8011.4,1
2024-03-03,2024-03-03 13:42:00,332.47,332.49,332.47,332.49,0.01,23.99,8011.4,1
2024-03-03,2024-03-03 13:43:00,332.49,332.51,332.49,332.51,0.01,23.99,8011.4,1
2024-03-03,2024-03-03 13:44:00,332.51,332.53,332.51,332.53,0.01,23.99,8011.4,1
2024-03-03,2024-03-03 13:45:00,332.53,332.55,332.53,332.55,0.01,23.99,8011.4,1
2024-03-03,2024-03-03 13:46:00,332.55,332.57,332.55,332.57,0.01,23.99,8011.4,1
2024-03-03,2024-03-03 13:47:00,332.57,332.59,332.57,332.59,0.01,23.99,8011.4,1
2024-03-03,2024-03-03 13:48:00,332.59,332.61,332.59,332.61,0.01,23.99,8011.4,1
2024-03-03,2024-03-03 13:49:00,332.61,332.63,332.61,332.63,0.01,23.99,8011.4,1
2024-03-03,2024-03-03 13:50:00,332.63,332.65,332.63,332.65,0.01,23.99,8011.4,1
2024-03-03,2024-03-03 13:51:00,332.65,332.67,332.65,332.67,0.01,23.99,8011.4,1
2024-03-03,2024-03-03 13:52:00,332.67,332.69,332.67,332.69,0.01,23.99,8011.4,1
2024-03-03,2024-03-03 13:53:00,332.69,332.71,332.69,332.71,0.01,23.99,8011.4,1
2024-03-03,2024-03-03 13:54:00,332.71,332.73,332.71,332.73,0.01,23.99,8011.4,1
2024-03-03,2024-03-03 13:55:00,332.73,332.75,332.73,332.75,0.01,23.99,8011.4,1
2024-03-03,2024-03-03 13:56:00,332.75,332.77,332.75,332.77,0.01,23.99,8011.4,1
2024-03-03,2024-03-03 13:57:00,332.77,332.79,332.77,332.79,0.01,23.99,8011.4,1
2024-03-03,2024-03-03 13:58:00,332.79,332.81,332.79,332.81,0.01,23.99,8011.4,1
2024-03-03,2024-03-03 13:59:00,332.81,332.82,332.81,332.82,0.0,23.99,8011.4,1
2024-03-03,2024-03-03 14:00:00,332.82,332.84,332.82,332.84,0.01,23.99,8011.4,1
2024-03-03,2024-03-03 14:01:00,332.84,332.86,332.84,332.86,0.01,23.99,8011.4,1
2024-03-03,2024-03-03 14:02:00,332.86,332.88,332.86,332.88,0.01,23.99,8011.4,1
2024-03-03,2024-03-03 14:03:00,332.88,332.9,332.88,332.9,0.01,23.99,8011.4,1
2024-03-03,2024-03-03 14:04:00,332.9,332.92,332.9,332.92,0.01,23.99,8011.4,1
2024-03-03,2024-03-03 14:05:00,332.92,332.94,332.92,332.94,0.01,23.99,8011.4,1
2024-03-03,2024-03-03 14:06:00,332.94,332.96,332.94,332.96,0.01,23.99,8011.4,1
2024-03-03,2024-03-03 14:07:00,332.96,332.98,332.96,332.98,0.01,23.99,8011.4,1
2024-03-03,2024-03-03 14:08:00,332.98,333.0,332.98,333.0,0.01,23.99,8011.4,1
2024-03-03,2024-03-03 14:09:00,333.0,333.02,333.0,333.02,0.01,23.99,8011.4,1
2024-03-03,2024-03-03 14:10:00,333.02,333.04,333.02,333.04,0.01,23.99,8011.4,1
2024-03-03,2024-03-03 14:11:00,333.04,333.06,333.04,333.06,0.01,23.99,8011.4,1
2024-03-03,2024-03-03 14:12:00,333.06,333.08,333.06,333.08,0.01,23.99,8011.4,1
2024-03-03,2024-03-03 14:13:00,333.08,333.1,333.08,333.1,0.01,23.99,8011.4,1
2024-03-03,2024-03-03 14:14:00,333.1,333.12,333.1,333.12,0.01,23.99,8011.4,1
2024-03-03,2024-03-03 14:15:00,333.12,333.14,333.12,333.14,0.01,23.99,8011.4,1
2024-03-03,2024-03-03 14:16:00,333.14,333.16,333.14,333.16,0.01,23.99,8011.4,1
2024-03-03,2024-03-03 14:17:00,333.16,333.18,333.16,333.18,0.01,23.99,8011.4,1
2024-03-03,2024-03-03 14:18:00,333.18,333.2,333.18,333.2,0.01,23.99,8011.4,1
2024-03-03,2024-03-03 14:19:00,333.2,333.22,333.2,333.22,0.01,23.99,8011.4,1
2024-03-03,2024-03-03 14:20:00,333.22,333.24,333.22,333.24,0.01,23.99,8011.4,1
2024-03-03,2024-03-03 14:21:00,333.24,333.26,333.24,333.26,0.01,23.99,8011.4,1
2024-03-03,2024-03-03 14:22:00,333.26,333.28,333.26,333.28,0.01,23.99,8011.4,1
2024-03-03,2024-03-03 14:23:00,333.28,333.3,333.28,333.3,0.01,23.99,8011.4,1
2024-03-03,2024-03-03 14:24:00,333.3,333.31,333.3,333.31,0.0,23.99,8011.4,1
2024-03-03,2024-03-03 14:25:00,333.31,333.33,333.31,333.33,0.01,23.99,8011.4,1
2024-03-03,2024-03-03 14:26:00,333.33,333.35,333.33,333.35,0.01,23.99,8011.4,1
2024-03-03,2024-03-03 14:27:00,333.35,333.37,333.35,333.37,0.01,23.99,8011.4,1
2024-03-03,2024-03-03 14:28:00,333.37,333.39,333.37,333.39,0.01,23.99,8011.4,1
2024-03-03,2024-03-03 14:29:00,333.39,333.41,333.39,333.41,0.01,23.99,8011.4,1
2024-03-03,2024-03-03 14:30:00,333.41,333.43,333.41,333.43,0.01,23.99,8011.4,1
2024-03-03,2024-03-03 14:31:00,333.43,333.45,333.43,333.45,0.01,23.99,8011.4,1
2024-03-03,2024-03-03 14:32:00,333.45,333.47,333.45,333.47,0.01,23.99,8011.4,1
2024-03-03,2024-03-03 14:33:00,333.47,333.49,333.47,333.49,0.01,23.99,8011.4,1
2024-03-03,2024-03-03 14:34:00,333.49,333.51,333.49,333.51,0.01,23.99,8011.4,1
2024-03-03,2024-03-03 14:35:00,333.51,333.53,333.51,333.53,0.01,23.99,8011.4,1
2024-03-03,2024-03-03 14:36:00,333.53,333.55,333.53,333.55,0.01,23.99,8011.4,1
2024-03-03,2024-03-03 14:37:00,333.55,333.57,333.55,333.57,0.01,23.99,8011.4,1
2024-03-03,2024-03-03 14:38:00,333.57,333.59,333.57,333.59,0.01,23.99,8011.4,1
2024-03-03,2024-03-03 14:39:00,333.59,333.61,333.59,333.61,0.01,23.99,8011.4,1
2024-03-03,2024-03-03 14:40:00,333.61,333.63,333.61,333.63,0.01,23.99,8011.4,1
2024-03-03,2024-03-03 14:41:00,333.63,333.65,333.63,333.65,0.01,23.99,8011.4,1
2024-03-03,2024-03-03 14:42:00,333.65,333.67,333.65,333.67,0.01,23.99,8011.4,1
2024-03-03,2024-03-03 14:43:00,333.67,333.69,333.67,333.69,0.01,23.99,8011.4,1
2024-03-03,2024-03-03 14:44:00,333.69,333.71,333.69,333.71,0.01,23.99,8011.4,1
2024-03-03,2024-03-03 14:45:00,333.71,333.73,333.71,333.73,0.01,23.99,8011.4,1
2024-03-03,2024-03-03 14:46:00,333.73,333.75,333.73,333.75,0.01,23.99,8011.4,1
2024-03-03,2024-03-03 14:47:00,333.75,333.76,333.75,333.76,0.0,23.99,8011.4,1
2024-03-03,2024-03-03 14:48:00,333.76,333.78,333.76,333.78,0.01,23.99,8011.4,1
2024-03-03,2024-03-03 14:49:00,333.78,333.8,333.78,333.8,0.01,23.99,8011.4,1
2024-03-03,2024-03-03 14:50:00,333.8,333.82,333.8,333.82,0.01,23.99,8011.4,1
2024-03-03,2024-03-03 14:51:00,333.82,333.84,333.82,333.84,0.01,23.99,8011.4,1
2024-03-03,2024-03-03 14:52:00,333.84,333.86,333.84,333.86,0.01,23.99,8011.4,1
2024-03-03,2024-03-03 14:53:00,333.86,333.88,333.86,333.88,0.01,23.99,8011.4,1
2024-03-03,2024-03-03 14:54:00,333.88,333.9,333.88,333.9,0.01,23.99,8011.4,1
2024-03-03,2024-03-03 14:55:00,333.9,333.92,333.9,333.92,0.01,23.99,8011.4,1
2024-03-03,2024-03-03 14:56:00,333.92,333.94,333.92,333.94,0.01,23.99,8011.4,1
2024-03-03,2024-03-03 14:57:00,333.94,333.96,333.94,333.96,0.01,23.99,8011.4,1
2024-03-03,2024-03-03 14:58:00,333.96,333.98,333.96,333.98,0.01,23.99,8011.4,1
2024-03-03,2024-03-03 14:59:00,333.98,334.0,333.98,334.0,0.01,23.99,8011.4,1
2024-03-03,2024-03-03 15:00:00,334.0,345.0,327.0,334.0,0.0,23.99,8011.4,0
2024-03-04,2024-03-04 11:00:00,334.0,342.19,334.0,334.11,0.03,6.56,2364.61,1
2024-03-04,2024-03-04 11:01:00,334.11,334.23,334.11,334.23,0.04,6.56,2364.61,1
2024-03-04,2024-03-04 11:02:00,334.23,334.34,334.23,334.34,0.03,6.56,2364.61,1
2024-03-04,2024-03-04 11:03:00,334.34,334.45,334.34,334.45,0.03,6.56,2364.61,1
2024-03-04,2024-03-04 11:04:00,334.45,334.57,334.45,334.57,0.04,6.56,2364.61,1
2024-03-04,2024-03-04 11:05:00,334.57,334.68,334.57,334.68,0.03,6.56,2364.61,1
2024-03-04,2024-03-04 11:06:00,334.68,334.8,334.68,334.8,0.04,6.56,2364.61,1
2024-03-04,2024-03-04 11:07:00,334.8,334.91,334.8,334.91,0.03,6.56,2364.61,1
2024-03-04,2024-03-04 11:08:00,334.91,335.02,334.91,335.02,0.03,6.56,2364.61,1
2024-03-04,2024-03-04 11:09:00,335.02,335.14,335.02,335.14,0.04,6.56,2364.61,1
2024-03-04,2024-03-04 11:10:00,335.14,335.25,335.14,335.25,0.03,6.56,2364.61,1
2024-03-04,2024-03-04 11:11:00,335.25,335.37,335.25,335.37,0.04,6.56,2364.61,1
2024-03-04,2024-03-04 11:12:00,335.37,335.48,335.37,335.48,0.03,6.56,2364.61,1
2024-03-04,2024-03-04 11:13:00,335.48,335.59,335.48,335.59,0.03,6.56,2364.61,1
2024-03-04,2024-03-04 11:14:00,335.59,335.71,335.59,335.71,0.04,6.56,2364.61,1
2024-03-04,2024-03-04 11:15:00,335.71,335.82,335.71,335.82,0.03,6.56,2364.61,1
2024-03-04,2024-03-04 11:16:00,335.82,335.93,335.82,335.93,0.03,6.56,2364.61,1
2024-03-04,2024-03-04 11:17:00,335.93,336.05,335.93,336.05,0.04,6.56,2364.61,1
2024-03-04,2024-03-04 11:18:00,336.05,336.16,336.05,336.16,0.03,6.56,2364.61,1
2024-03-04,2024-03-04 11:19:00,336.16,336.27,336.16,336.27,0.03,6.56,2364.61,1
2024-03-04,2024-03-04 11:20:00,336.27,336.39,336.27,336.39,0.04,6.56,2364.61,1
2024-03-04,2024-03-04 11:21:00,336.39,336.5,336.39,336.5,0.03,6.56,2364.61,1
2024-03-04,2024-03-04 11:22:00,336.5,336.62,336.5,336.62,0.04,6.56,2364.61,1
2024-03-04,2024-03-04 11:23:00,336.62,336.73,336.62,336.73,0.03,6.56,2364.61,1
2024-03-04,2024-03-04 11:24:00,336.73,336.84,336.73,336.84,0.03,6.56,2364.61,1
2024-03-04,2024-03-04 11:25:00,336.84,336.96,336.84,336.96,0.04,6.56,2364.61,1
2024-03-04,2024-03-04 11:26:00,336.96,337.07,336.96,337.07,0.03,6.56,2364.61,1
2024-03-04,2024-03-04 11:27:00,337.07,337.19,337.07,337.19,0.04,6.56,2364.61,1
2024-03-04,2024-03-04 11:28:00,337.19,337.3,337.19,337.3,0.03,6.56,2364.61,1
2024-03-04,2024-03-04 11:29:00,337.3,337.41,337.3,337.41,0.03,6.56,2364.61,1
2024-03-04,2024-03-04 11:30:00,337.41,337.53,337.41,337.53,0.04,6.56,2364.61,1
2024-03-04,2024-03-04 11:31:00,337.53,337.64,337.53,337.64,0.03,6.56,2364.61,1
2024-03-04,2024-03-04 11:32:00,337.64,337.75,337.64,337.75,0.03,6.56,2364.61,1
2024-03-04,2024-03-04 11:33:00,337.75,337.87,337.75,337.87,0.04,6.56,2364.61,1
2024-03-04,2024-03-04 11:34:00,337.87,337.98,337.87,337.98,0.03,6.56,2364.61,1
2024-03-04,2024-03-04 11:35:00,337.98,338.1,337.98,338.1,0.04,6.56,2364.61,1
2024-03-04,2024-03-04 11:36:00,338.1,338.21,338.1,338.21,0.03,6.56,2364.61,1
2024-03-04,2024-03-04 11:37:00,338.21,338.32,338.21,338.32,0.03,6.56,2364.61,1
2024-03-04,2024-03-04 11:38:00,338.32,338.44,338.32,338.44,0.04,6.56,2364.61,1
2024-03-04,2024-03-04 11:39:00,338.44,338.55,338.44,338.55,0.03,6.56,2364.61,1
2024-03-04,2024-03-04 11:40:00,338.55,338.66,338.55,338.66,0.03,6.56,2364.61,1
2024-03-04,2024-03-04 11:41:00,338.66,338.78,338.66,338.78,0.04,6.56,2364.61,1
2024-03-04,2024-03-04 11:42:00,338.78,338.89,338.78,338.89,0.03,6.56,2364.61,1
2024-03-04,2024-03-04 11:43:00,338.89,339.0,338.89,339.0,0.03,6.56,2364.61,1
2024-03-04,2024-03-04 11:44:00,339.0,339.12,339.0,339.12,0.04,6.56,2364.61,1
2024-03-04,2024-03-04 11:45:00,339.12,339.23,339.12,339.23,0.03,6.56,2364.61,1
2024-03-04,2024-03-04 11:46:00,339.23,339.35,339.23,339.35,0.04,6.56,2364.61,1
2024-03-04,2024-03-04 11:47:00,339.35,339.46,339.35,339.46,0.03,6.56,2364.61,1
2024-03-04,2024-03-04 11:48:00,339.46,339.57,339.46,339.57,0.03,6.56,2364.61,1
2024-03-04,2024-03-04 11:49:00,339.57,339.69,339.57,339.69,0.04,6.56,2364.61,1
2024-03-04,2024-03-04 11:50:00,339.69,339.8,339.69,339.8,0.03,6.56,2364.61,1
2024-03-04,2024-03-04 11:51:00,339.8,339.92,339.8,339.92,0.04,6.56,2364.61,1
2024-03-04,2024-03-04 11:52:00,339.92,340.03,339.92,340.03,0.03,6.56,2364.61,1
2024-03-04,2024-03-04 11:53:00,340.03,340.14,340.03,340.14,0.03,6.56,2364.61,1
2024-03-04,2024-03-04 11:54:00,340.14,340.26,340.14,340.26,0.04,6.56,2364.61,1
2024-03-04,2024-03-04 11:55:00,340.26,340.37,340.26,340.37,0.03,6.56,2364.61,1
2024-03-04,2024-03-04 11:56:00,340.37,340.48,340.37,340.48,0.03,6.56,2364.61,1
2024-03-04,2024-03-04 11:57:00,340.48,340.6,340.48,340.6,0.04,6.56,2364.61,1
2024-03-04,2024-03-04 11:58:00,340.6,340.71,340.6,340.71,0.03,6.56,2364.61,1
2024-03-04,2024-03-04 11:59:00,340.71,340.82,340.71,340.82,0.03,6.56,2364.61,1
2024-03-04,2024-03-04 12:00:00,340.82,340.94,340.82,340.94,0.04,6.56,2364.61,1
2024-03-04,2024-03-04 12:01:00,340.94,341.05,340.94,341.05,0.03,6.56,2364.61,1
2024-03-04,2024-03-04 12:02:00,341.05,341.17,341.05,341.17,0.04,6.56,2364.61,1
2024-03-04,2024-03-04 12:03:00,341.17,341.28,341.17,341.28,0.03,6.56,2364.61,1
2024-03-04,2024-03-04 12:04:00,341.28,341.39,341.28,341.39,0.03,6.56,2364.61,1
2024-03-04,2024-03-04 12:05:00,341.39,341.51,341.39,341.51,0.04,6.56,2364.61,1
2024-03-04,2024-03-04 12:06:00,341.51,341.62,341.51,341.62,0.03,6.56,2364.61,1
2024-03-04,2024-03-04 12:07:00,341.62,341.74,341.62,341.74,0.04,6.56,2364.61,1
2024-03-04,2024-03-04 12:08:00,341.74,341.85,341.74,341.85,0.03,6.56,2364.61,1
2024-03-04,2024-03-04 12:09:00,341.85,341.96,341.85,341.96,0.03,6.56,2364.61,1
2024-03-04,2024-03-04 12:10:00,341.96,342.08,341.96,342.08,0.04,6.56,2364.61,1
2024-03-04,2024-03-04 12:11:00,342.08,342.19,342.08,342.19,0.03,6.56,2364.61,1
2024-03-04,2024-03-04 12:12:00,342.19,342.3,342.19,342.3,0.03,6.56,2364.61,1
2024-03-04,2024-03-04 12:13:00,342.3,342.42,342.3,342.42,0.04,6.56,2364.61,1
2024-03-04,2024-03-04 12:14:00,342.42,342.53,342.42,342.53,0.03,6.56,2364.61,1
2024-03-04,2024-03-04 12:15:00,342.53,342.64,342.53,342.64,0.03,6.56,2364.61,1
2024-03-04,2024-03-04 12:16:00,342.64,342.76,342.64,342.76,0.04,6.56,2364.61,1
2024-03-04,2024-03-04 12:17:00,342.76,342.87,342.76,342.87,0.03,6.56,2364.61,1
2024-03-04,2024-03-04 12:18:00,342.87,342.99,342.87,342.99,0.03,6.56,2364.61,1
2024-03-04,2024-03-04 12:19:00,342.99,343.1,342.99,343.1,0.03,6.56,2364.61,1
2024-03-04,2024-03-04 12:20:00,343.1,343.21,343.1,343.21,0.03,6.56,2364.61,1
2024-03-04,2024-03-04 12:21:00,343.21,343.33,343.21,343.33,0.03,6.56,2364.61,1
2024-03-04,2024-03-04 12:22:00,343.33,343.44,343.33,343.44,0.03,6.56,2364.61,1
2024-03-04,2024-03-04 12:23:00,343.44,343.56,343.44,343.56,0.03,6.56,2364.61,1
2024-03-04,2024-03-04 12:24:00,343.56,343.67,343.56,343.67,0.03,6.56,2364.61,1
2024-03-04,2024-03-04 12:25:00,343.67,343.78,343.67,343.78,0.03,6.56,2364.61,1
2024-03-04,2024-03-04 12:26:00,343.78,343.9,343.78,343.9,0.03,6.56,2364.61,1
2024-03-04,2024-03-04 12:27:00,343.9,344.01,343.9,344.01,0.03,6.56,2364.61,1
2024-03-04,2024-03-04 12:28:00,344.01,344.12,344.01,344.12,0.03,6.56,2364.61,1
2024-03-04,2024-03-04 12:29:00,344.12,344.24,344.12,344.24,0.03,6.56,2364.61,1
2024-03-04,2024-03-04 12:30:00,344.24,344.35,344.24,344.35,0.03,6.56,2364.61,1
2024-03-04,2024-03-04 12:31:00,344.35,344.47,344.35,344.47,0.03,6.56,2364.61,1
2024-03-04,2024-03-04 12:32:00,344.47,344.58,344.47,344.58,0.03,6.56,2364.61,1
2024-03-04,2024-03-04 12:33:00,344.58,344.69,344.58,344.69,0.03,6.56,2364.61,1
2024-03-04,2024-03-04 12:34:00,344.69,344.81,344.69,344.81,0.03,6.56,2364.61,1
2024-03-04,2024-03-04 12:35:00,344.81,344.92,344.81,344.92,0.03,6.56,2364.61,1
2024-03-04,2024-03-04 12:36:00,344.92,345.03,344.92,345.03,0.03,6.56,2364.61,1
2024-03-04,2024-03-04 12:37:00,345.03,345.15,345.03,345.15,0.03,6.56,2364.61,1
2024-03-04,2024-03-04 12:38:00,345.15,345.26,345.15,345.26,0.03,6.56,2364.61,1
2024-03-04,2024-03-04 12:39:00,345.26,345.38,345.26,345.38,0.03,6.56,2364.61,1
2024-03-04,2024-03-04 12:40:00,345.38,345.49,345.38,345.49,0.03,6.56,2364.61,1
2024-03-04,2024-03-04 12:41:00,345.49,345.6,345.49,345.6,0.03,6.56,2364.61,1
2024-03-04,2024-03-04 12:42:00,345.6,345.72,345.6,345.72,0.03,6.56,2364.61,1
2024-03-04,2024-03-04 12:43:00,345.72,345.83,345.72,345.83,0.03,6.56,2364.61,1
2024-03-04,2024-03-04 12:44:00,345.83,345.94,345.83,345.94,0.03,6.56,2364.61,1
2024-03-04,2024-03-04 12:45:00,345.94,346.06,345.94,346.06,0.03,6.56,2364.61,1
2024-03-04,2024-03-04 12:46:00,346.06,346.17,346.06,346.17,0.03,6.56,2364.61,1
2024-03-04,2024-03-04 12:47:00,346.17,346.29,346.17,346.29,0.03,6.56,2364.61,1
2024-03-04,2024-03-04 12:48:00,346.29,346.4,346.29,346.4,0.03,6.56,2364.61,1
2024-03-04,2024-03-04 12:49:00,346.4,346.51,346.4,346.51,0.03,6.56,2364.61,1
2024-03-04,2024-03-04 12:50:00,346.51,346.63,346.51,346.63,0.03,6.56,2364.61,1
2024-03-04,2024-03-04 12:51:00,346.63,346.74,346.63,346.74,0.03,6.56,2364.61,1
2024-03-04,2024-03-04 12:52:00,346.74,346.85,346.74,346.85,0.03,6.56,2364.61,1
2024-03-04,2024-03-04 12:53:00,346.85,346.97,346.85,346.97,0.03,6.56,2364.61,1
2024-03-04,2024-03-04 12:54:00,346.97,347.08,346.97,347.08,0.03,6.56,2364.61,1
2024-03-04,2024-03-04 12:55:00,347.08,347.19,347.08,347.19,0.03,6.56,2364.61,1
2024-03-04,2024-03-04 12:56:00,347.19,347.31,347.19,347.31,0.03,6.56,2364.61,1
2024-03-04,2024-03-04 12:57:00,347.31,347.42,347.31,347.42,0.03,6.56,2364.61,1
2024-03-04,2024-03-04 12:58:00,347.42,347.54,347.42,347.54,0.03,6.56,2364.61,1
2024-03-04,2024-03-04 12:59:00,347.54,347.65,347.54,347.65,0.03,6.56,2364.61,1
2024-03-04,2024-03-04 13:00:00,347.65,361.3,334.0,347.76,0.03,6.56,2364.61,1
2024-03-04,2024-03-04 13:01:00,347.76,347.88,347.76,347.88,0.03,6.56,2364.61,1
2024-03-04,2024-03-04 13:02:00,347.88,347.99,347.88,347.99,0.03,6.56,2364.61,1
2024-03-04,2024-03-04 13:03:00,347.99,348.11,347.99,348.11,0.03,6.56,2364.61,1
2024-03-04,2024-03-04 13:04:00,348.11,348.22,348.11,348.22,0.03,6.56,2364.61,1
2024-03-04,2024-03-04 13:05:00,348.22,348.33,348.22,348.33,0.03,6.56,2364.61,1
2024-03-04,2024-03-04 13:06:00,348.33,348.45,348.33,348.45,0.03,6.56,2364.61,1
2024-03-04,2024-03-04 13:07:00,348.45,348.56,348.45,348.56,0.03,6.56,2364.61,1
2024-03-04,2024-03-04 13:08:00,348.56,348.67,348.56,348.67,0.03,6.56,2364.61,1
2024-03-04,2024-03-04 13:09:00,348.67,348.79,348.67,348.79,0.03,6.56,2364.61,1
2024-03-04,2024-03-04 13:10:00,348.79,348.9,348.79,348.9,0.03,6.56,2364.61,1
2024-03-04,2024-03-04 13:11:00,348.9,349.01,348.9,349.01,0.03,6.56,2364.61,1
2024-03-04,2024-03-04 13:12:00,349.01,349.13,349.01,349.13,0.03,6.56,2364.61,1
2024-03-04,2024-03-04 13:13:00,349.13,349.24,349.13,349.24,0.03,6.56,2364.61,1
2024-03-04,2024-03-04 13:14:00,349.24,349.36,349.24,349.36,0.03,6.56,2364.61,1
2024-03-04,2024-03-04 13:15:00,349.36,349.47,349.36,349.47,0.03,6.56,2364.61,1
2024-03-04,2024-03-04 13:16:00,349.47,349.58,349.47,349.58,0.03,6.56,2364.61,1
2024-03-04,2024-03-04 13:17:00,349.58,349.7,349.58,349.7,0.03,6.56,2364.61,1
2024-03-04,2024-03-04 13:18:00,349.7,349.81,349.7,349.81,0.03,6.56,2364.61,1
2024-03-04,2024-03-04 13:19:00,349.81,349.93,349.81,349.93,0.03,6.56,2364.61,1
2024-03-04,2024-03-04 13:20:00,349.93,350.04,349.93,350.04,0.03,6.56,2364.61,1
2024-03-04,2024-03-04 13:21:00,350.04,350.15,350.04,350.15,0.03,6.56,2364.61,1
2024-03-04,2024-03-04 13:22:00,350.15,350.27,350.15,350.27,0.03,6.56,2364.61,1
2024-03-04,2024-03-04 13:23:00,350.27,350.38,350.27,350.38,0.03,6.56,2364.61,1
2024-03-04,2024-03-04 13:24:00,350.38,350.49,350.38,350.49,0.03,6.56,2364.61,1
2024-03-04,2024-03-04 13:25:00,350.49,350.61,350.49,350.61,0.03,6.56,2364.61,1
2024-03-04,2024-03-04 13:26:00,350.61,350.72,350.61,350.72,0.03,6.56,2364.61,1
2024-03-04,2024-03-04 13:27:00,350.72,350.84,350.72,350.84,0.03,6.56,2364.61,1
2024-03-04,2024-03-04 13:28:00,350.84,350.95,350.84,350.95,0.03,6.56,2364.61,1
2024-03-04,2024-03-04 13:29:00,350.95,351.06,350.95,351.06,0.03,6.56,2364.61,1
2024-03-04,2024-03-04 13:30:00,351.06,351.18,351.06,351.18,0.03,6.56,2364.61,1
2024-03-04,2024-03-04 13:31:00,351.18,351.29,351.18,351.29,0.03,6.56,2364.61,1
2024-03-04,2024-03-04 13:32:00,351.29,351.4,351.29,351.4,0.03,6.56,2364.61,1
2024-03-04,2024-03-04 13:33:00,351.4,351.52,351.4,351.52,0.03,6.56,2364.61,1
2024-03-04,2024-03-04 13:34:00,351.52,351.63,351.52,351.63,0.03,6.56,2364.61,1
2024-03-04,2024-03-04 13:35:00,351.63,351.75,351.63,351.75,0.03,6.56,2364.61,1
2024-03-04,2024-03-04 13:36:00,351.75,351.86,351.75,351.86,0.03,6.56,2364.61,1
2024-03-04,2024-03-04 13:37:00,351.86,351.97,351.86,351.97,0.03,6.56,2364.61,1
2024-03-04,2024-03-04 13:38:00,351.97,352.09,351.97,352.09,0.03,6.56,2364.61,1
2024-03-04,2024-03-04 13:39:00,352.09,352.2,352.09,352.2,0.03,6.56,2364.61,1
2024-03-04,2024-03-04 13:40:00,352.2,352.31,352.2,352.31,0.03,6.56,2364.61,1
2024-03-04,2024-03-04 13:41:00,352.31,352.43,352.31,352.43,0.03,6.56,2364.61,1
2024-03-04,2024-03-04 13:42:00,352.43,352.54,352.43,352.54,0.03,6.56,2364.61,1
2024-03-04,2024-03-04 13:43:00,352.54,352.66,352.54,352.66,0.03,6.56,2364.61,1
2024-03-04,2024-03-04 13:44:00,352.66,352.77,352.66,352.77,0.03,6.56,2364.61,1
2024-03-04,2024-03-04 13:45:00,352.77,352.88,352.77,352.88,0.03,6.56,2364.61,1
2024-03-04,2024-03-04 13:46:00,352.88,353.0,352.88,353.0,0.03,6.56,2364.61,1
2024-03-04,2024-03-04 13:47:00,353.0,353.11,353.0,353.11,0.03,6.56,2364.61,1
2024-03-04,2024-03-04 13:48:00,353.11,353.22,353.11,353.22,0.03,6.56,2364.61,1
2024-03-04,2024-03-04 13:49:00,353.22,353.34,353.22,353.34,0.03,6.56,2364.61,1
2024-03-04,2024-03-04 13:50:00,353.34,353.45,353.34,353.45,0.03,6.56,2364.61,1
2024-03-04,2024-03-04 13:51:00,353.45,353.56,353.45,353.56,0.03,6.56,2364.61,1
2024-03-04,2024-03-04 13:52:00,353.56,353.68,353.56,353.68,0.03,6.56,2364.61,1
2024-03-04,2024-03-04 13:53:00,353.68,353.79,353.68,353.79,0.03,6.56,2364.61,1
2024-03-04,2024-03-04 13:54:00,353.79,353.91,353.79,353.91,0.03,6.56,2364.61,1
2024-03-04,2024-03-04 13:55:00,353.91,354.02,353.91,354.02,0.03,6.56,2364.61,1
2024-03-04,2024-03-04 13:56:00,354.02,354.13,354.02,354.13,0.03,6.56,2364.61,1
2024-03-04,2024-03-04 13:57:00,354.13,354.25,354.13,354.25,0.03,6.56,2364.61,1
2024-03-04,2024-03-04 13:58:00,354.25,354.36,354.25,354.36,0.03,6.56,2364.61,1
2024-03-04,2024-03-04 13:59:00,354.36,354.48,354.36,354.48,0.03,6.56,2364.61,1
2024-03-04,2024-03-04 14:00:00,354.48,354.59,354.48,354.59,0.03,6.56,2364.61,1
2024-03-04,2024-03-04 14:01:00,354.59,354.7,354.59,354.7,0.03,6.56,2364.61,1
2024-03-04,2024-03-04 14:02:00,354.7,354.82,354.7,354.82,0.03,6.56,2364.61,1
2024-03-04,2024-03-04 14:03:00,354.82,354.93,354.82,354.93,0.03,6.56,2364.61,1
2024-03-04,2024-03-04 14:04:00,354.93,355.04,354.93,355.04,0.03,6.56,2364.61,1
2024-03-04,2024-03-04 14:05:00,355.04,355.16,355.04,355.16,0.03,6.56,2364.61,1
2024-03-04,2024-03-04 14:06:00,355.16,355.27,355.16,355.27,0.03,6.56,2364.61,1
2024-03-04,2024-03-04 14:07:00,355.27,355.38,355.27,355.38,0.03,6.56,2364.61,1
2024-03-04,2024-03-04 14:08:00,355.38,355.5,355.38,355.5,0.03,6.56,2364.61,1
2024-03-04,2024-03-04 14:09:00,355.5,355.61,355.5,355.61,0.03,6.56,2364.61,1
2024-03-04,2024-03-04 14:10:00,355.61,355.73,355.61,355.73,0.03,6.56,2364.61,1
2024-03-04,2024-03-04 14:11:00,355.73,355.84,355.73,355.84,0.03,6.56,2364.61,1
2024-03-04,2024-03-04 14:12:00,355.84,355.95,355.84,355.95,0.03,6.56,2364.61,1
2024-03-04,2024-03-04 14:13:00,355.95,356.07,355.95,356.07,0.03,6.56,2364.61,1
2024-03-04,2024-03-04 14:14:00,356.07,356.18,356.07,356.18,0.03,6.56,2364.61,1
2024-03-04,2024-03-04 14:15:00,356.18,356.3,356.18,356.3,0.03,6.56,2364.61,1
2024-03-04,2024-03-04 14:16:00,356.3,356.41,356.3,356.41,0.03,6.56,2364.61,1
2024-03-04,2024-03-04 14:17:00,356.41,356.52,356.41,356.52,0.03,6.56,2364.61,1
2024-03-04,2024-03-04 14:18:00,356.52,356.64,356.52,356.64,0.03,6.56,2364.61,1
2024-03-04,2024-03-04 14:19:00,356.64,356.75,356.64,356.75,0.03,6.56,2364.61,1
2024-03-04,2024-03-04 14:20:00,356.75,356.86,356.75,356.86,0.03,6.56,2364.61,1
2024-03-04,2024-03-04 14:21:00,356.86,356.98,356.86,356.98,0.03,6.56,2364.61,1
2024-03-04,2024-03-04 14:22:00,356.98,357.09,356.98,357.09,0.03,6.56,2364.61,1
2024-03-04,2024-03-04 14:23:00,357.09,357.2,357.09,357.2,0.03,6.56,2364.61,1
2024-03-04,2024-03-04 14:24:00,357.2,357.32,357.2,357.32,0.03,6.56,2364.61,1
2024-03-04,2024-03-04 14:25:00,357.32,357.43,357.32,357.43,0.03,6.56,2364.61,1
2024-03-04,2024-03-04 14:26:00,357.43,357.55,357.43,357.55,0.03,6.56,2364.61,1
2024-03-04,2024-03-04 14:27:00,357.55,357.66,357.55,357.66,0.03,6.56,2364.61,1
2024-03-04,2024-03-04 14:28:00,357.66,357.77,357.66,357.77,0.03,6.56,2364.61,1
2024-03-04,2024-03-04 14:29:00,357.77,357.89,357.77,357.89,0.03,6.56,2364.61,1
2024-03-04,2024-03-04 14:30:00,357.89,358.0,357.89,358.0,0.03,6.56,2364.61,1
2024-03-04,2024-03-04 14:31:00,358.0,358.12,358.0,358.12,0.03,6.56,2364.61,1
2024-03-04,2024-03-04 14:32:00,358.12,358.23,358.12,358.23,0.03,6.56,2364.61,1
2024-03-04,2024-03-04 14:33:00,358.23,358.34,358.23,358.34,0.03,6.56,2364.61,1
2024-03-04,2024-03-04 14:34:00,358.34,358.46,358.34,358.46,0.03,6.56,2364.61,1
2024-03-04,2024-03-04 14:35:00,358.46,358.57,358.46,358.57,0.03,6.56,2364.61,1
2024-03-04,2024-03-04 14:36:00,358.57,358.68,358.57,358.68,0.03,6.56,2364.61,1
2024-03-04,2024-03-04 14:37:00,358.68,358.8,358.68,358.8,0.03,6.56,2364.61,1
2024-03-04,2024-03-04 14:38:00,358.8,358.91,358.8,358.91,0.03,6.56,2364.61,1
2024-03-04,2024-03-04 14:39:00,358.91,359.03,358.91,359.03,0.03,6.56,2364.61,1
2024-03-04,2024-03-04 14:40:00,359.03,359.14,359.03,359.14,0.03,6.56,2364.61,1
2024-03-04,2024-03-04 14:41:00,359.14,359.25,359.14,359.25,0.03,6.56,2364.61,1
2024-03-04,2024-03-04 14:42:00,359.25,359.37,359.25,359.37,0.03,6.56,2364.61,1
2024-03-04,2024-03-04 14:43:00,359.37,359.48,359.37,359.48,0.03,6.56,2364.61,1
2024-03-04,2024-03-04 14:44:00,359.48,359.59,359.48,359.59,0.03,6.56,2364.61,1
2024-03-04,2024-03-04 14:45:00,359.59,359.71,359.59,359.71,0.03,6.56,2364.61,1
2024-03-04,2024-03-04 14:46:00,359.71,359.82,359.71,359.82,0.03,6.56,2364.61,1
2024-03-04,2024-03-04 14:47:00,359.82,359.94,359.82,359.94,0.03,6.56,2364.61,1
2024-03-04,2024-03-04 14:48:00,359.94,360.05,359.94,360.05,0.03,6.56,2364.61,1
2024-03-04,2024-03-04 14:49:00,360.05,360.16,360.05,360.16,0.03,6.56,2364.61,1
2024-03-04,2024-03-04 14:50:00,360.16,360.28,360.16,360.28,0.03,6.56,2364.61,1
2024-03-04,2024-03-04 14:51:00,360.28,360.39,360.28,360.39,0.03,6.56,2364.61,1
2024-03-04,2024-03-04 14:52:00,360.39,360.5,360.39,360.5,0.03,6.56,2364.61,1
2024-03-04,2024-03-04 14:53:00,360.5,360.62,360.5,360.62,0.03,6.56,2364.61,1
2024-03-04,2024-03-04 14:54:00,360.62,360.73,360.62,360.73,0.03,6.56,2364.61,1
2024-03-04,2024-03-04 14:55:00,360.73,360.85,360.73,360.85,0.03,6.56,2364.61,1
2024-03-04,2024-03-04 14:56:00,360.85,360.96,360.85,360.96,0.03,6.56,2364.61,1
2024-03-04,2024-03-04 14:57:00,360.96,361.07,360.96,361.07,0.03,6.56,2364.61,1
2024-03-04,2024-03-04 14:58:00,361.07,361.19,361.07,361.19,0.03,6.56,2364.61,1
2024-03-04,2024-03-04 14:59:00,361.19,361.3,361.19,361.3,0.03,6.56,2364.61,1
2024-03-04,2024-03-04 15:00:00,361.3,361.3,334.0,361.3,0.0,6.56,2364.61,0
2024-03-05,2024-03-05 11:00:00,368.0,368.6,360.56,367.91,-0.02,83.03,29418.26,-1
2024-03-05,2024-03-05 11:01:00,367.91,367.91,367.82,367.82,-0.02,83.03,29418.26,-1
2024-03-05,2024-03-05 11:02:00,367.82,367.82,367.74,367.74,-0.02,83.03,29418.26,-1
2024-03-05,2024-03-05 11:03:00,367.74,367.74,367.65,367.65,-0.02,83.03,29418.26,-1
2024-03-05,2024-03-05 11:04:00,367.65,367.65,367.56,367.56,-0.02,83.03,29418.26,-1
2024-03-05,2024-03-05 11:05:00,367.56,367.56,367.48,367.48,-0.02,83.03,29418.26,-1
2024-03-05,2024-03-05 11:06:00,367.48,367.48,367.39,367.39,-0.02,83.03,29418.26,-1
2024-03-05,2024-03-05 11:07:00,367.39,367.39,367.3,367.3,-0.02,83.03,29418.26,-1
2024-03-05,2024-03-05 11:08:00,367.3,367.3,367.21,367.21,-0.02,83.03,29418.26,-1
2024-03-05,2024-03-05 11:09:00,367.21,367.21,367.12,367.12,-0.02,83.03,29418.26,-1
2024-03-05,2024-03-05 11:10:00,367.12,367.12,367.04,367.04,-0.02,83.03,29418.26,-1
2024-03-05,2024-03-05 11:11:00,367.04,367.04,366.95,366.95,-0.02,83.03,29418.26,-1
2024-03-05,2024-03-05 11:12:00,366.95,366.95,366.86,366.86,-0.02,83.03,29418.26,-1
2024-03-05,2024-03-05 11:13:00,366.86,366.86,366.77,366.77,-0.02,83.03,29418.26,-1
2024-03-05,2024-03-05 11:14:00,366.77,366.77,366.69,366.69,-0.02,83.03,29418.26,-1
2024-03-05,2024-03-05 11:15:00,366.69,366.69,366.6,366.6,-0.02,83.03,29418.26,-1
2024-03-05,2024-03-05 11:16:00,366.6,366.6,366.51,366.51,-0.02,83.03,29418.26,-1
2024-03-05,2024-03-05 11:17:00,366.51,366.51,366.43,366.43,-0.02,83.03,29418.26,-1
2024-03-05,2024-03-05 11:18:00,366.43,366.43,366.34,366.34,-0.02,83.03,29418.26,-1
2024-03-05,2024-03-05 11:19:00,366.34,366.34,366.25,366.25,-0.02,83.03,29418.26,-1
2024-03-05,2024-03-05 11:20:00,366.25,366.25,366.16,366.16,-0.02,83.03,29418.26,-1
2024-03-05,2024-03-05 11:21:00,366.16,366.16,366.07,366.07,-0.02,83.03,29418.26,-1
2024-03-05,2024-03-05 11:22:00,366.07,366.07,365.99,365.99,-0.02,83.03,29418.26,-1
2024-03-05,2024-03-05 11:23:00,365.99,365.99,365.9,365.9,-0.02,83.03,29418.26,-1
2024-03-05,2024-03-05 11:24:00,365.9,365.9,365.81,365.81,-0.02,83.03,29418.26,-1
2024-03-05,2024-03-05 11:25:00,365.81,365.81,365.73,365.73,-0.02,83.03,29418.26,-1
2024-03-05,2024-03-05 11:26:00,365.73,365.73,365.64,365.64,-0.02,83.03,29418.26,-1
2024-03-05,2024-03-05 11:27:00,365.64,365.64,365.55,365.55,-0.02,83.03,29418.26,-1
2024-03-05,2024-03-05 11:28:00,365.55,365.55,365.46,365.46,-0.02,83.03,29418.26,-1
2024-03-05,2024-03-05 11:29:00,365.46,365.46,365.38,365.38,-0.02,83.03,29418.26,-1
2024-03-05,2024-03-05 11:30:00,365.38,365.38,365.29,365.29,-0.02,83.03,29418.26,-1
2024-03-05,2024-03-05 11:31:00,365.29,365.29,365.2,365.2,-0.02,83.03,29418.26,-1
2024-03-05,2024-03-05 11:32:00,365.2,365.2,365.11,365.11,-0.02,83.03,29418.26,-1
2024-03-05,2024-03-05 11:33:00,365.11,365.11,365.02,365.02,-0.02,83.03,29418.26,-1
2024-03-05,2024-03-05 11:34:00,365.02,365.02,364.94,364.94,-0.02,83.03,29418.26,-1
2024-03-05,2024-03-05 11:35:00,364.94,364.94,364.85,364.85,-0.02,83.03,29418.26,-1
2024-03-05,2024-03-05 11:36:00,364.85,364.85,364.76,364.76,-0.02,83.03,29418.26,-1
2024-03-05,2024-03-05 11:37:00,364.76,364.76,364.68,364.68,-0.02,83.03,29418.26,-1
2024-03-05,2024-03-05 11:38:00,364.68,364.68,364.59,364.59,-0.02,83.03,29418.26,-1
2024-03-05,2024-03-05 11:39:00,364.59,364.59,364.5,364.5,-0.02,83.03,29418.26,-1
2024-03-05,2024-03-05 11:40:00,364.5,364.5,364.41,364.41,-0.02,83.03,29418.26,-1
2024-03-05,2024-03-05 11:41:00,364.41,364.41,364.32,364.32,-0.02,83.03,29418.26,-1
2024-03-05,2024-03-05 11:42:00,364.32,364.32,364.24,364.24,-0.02,83.03,29418.26,-1
2024-03-05,2024-03-05 11:43:00,364.24,364.24,364.15,364.15,-0.02,83.03,29418.26,-1
2024-03-05,2024-03-05 11:44:00,364.15,364.15,364.06,364.06,-0.02,83.03,29418.26,-1
2024-03-05,2024-03-05 11:45:00,364.06,364.06,363.98,363.98,-0.02,83.03,29418.26,-1
2024-03-05,2024-03-05 11:46:00,363.98,363.98,363.89,363.89,-0.02,83.03,29418.26,-1
2024-03-05,2024-03-05 11:47:00,363.89,363.89,363.8,363.8,-0.02,83.03,29418.26,-1
2024-03-05,2024-03-05 11:48:00,363.8,363.8,363.71,363.71,-0.02,83.03,29418.26,-1
2024-03-05,2024-03-05 11:49:00,363.71,363.71,363.62,363.62,-0.02,83.03,29418.26,-1
2024-03-05,2024-03-05 11:50:00,363.62,363.62,363.54,363.54,-0.02,83.03,29418.26,-1
2024-03-05,2024-03-05 11:51:00,363.54,363.54,363.45,363.45,-0.02,83.03,29418.26,-1
2024-03-05,2024-03-05 11:52:00,363.45,363.45,363.36,363.36,-0.02,83.03,29418.26,-1
2024-03-05,2024-03-05 11:53:00,363.36,363.36,363.27,363.27,-0.02,83.03,29418.26,-1
2024-03-05,2024-03-05 11:54:00,363.27,363.27,363.19,363.19,-0.02,83.03,29418.26,-1
2024-03-05,2024-03-05 11:55:00,363.19,363.19,363.1,363.1,-0.02,83.03,29418.26,-1
2024-03-05,2024-03-05 11:56:00,363.1,363.1,363.01,363.01,-0.02,83.03,29418.26,-1
2024-03-05,2024-03-05 11:57:00,363.01,363.01,362.93,362.93,-0.02,83.03,29418.26,-1
2024-03-05,2024-03-05 11:58:00,362.93,362.93,362.84,362.84,-0.02,83.03,29418.26,-1
2024-03-05,2024-03-05 11:59:00,362.84,362.84,362.75,362.75,-0.02,83.03,29418.26,-1
2024-03-05,2024-03-05 12:00:00,362.75,362.75,362.66,362.66,-0.02,83.03,29418.26,-1
2024-03-05,2024-03-05 12:01:00,362.66,362.66,362.57,362.57,-0.02,83.03,29418.26,-1
2024-03-05,2024-03-05 12:02:00,362.57,362.57,362.49,362.49,-0.02,83.03,29418.26,-1
2024-03-05,2024-03-05 12:03:00,362.49,362.49,362.4,362.4,-0.02,83.03,29418.26,-1
2024-03-05,2024-03-05 12:04:00,362.4,362.4,362.31,362.31,-0.02,83.03,29418.26,-1
2024-03-05,2024-03-05 12:05:00,362.31,362.31,362.23,362.23,-0.02,83.03,29418.26,-1
2024-03-05,2024-03-05 12:06:00,362.23,362.23,362.14,362.14,-0.02,83.03,29418.26,-1
2024-03-05,2024-03-05 12:07:00,362.14,362.14,362.05,362.05,-0.02,83.03,29418.26,-1
2024-03-05,2024-03-05 12:08:00,362.05,362.05,361.96,361.96,-0.02,83.03,29418.26,-1
2024-03-05,2024-03-05 12:09:00,361.96,361.96,361.88,361.88,-0.02,83.03,29418.26,-1
2024-03-05,2024-03-05 12:10:00,361.88,361.88,361.79,361.79,-0.02,83.03,29418.26,-1
2024-03-05,2024-03-05 12:11:00,361.79,361.79,361.7,361.7,-0.02,83.03,29418.26,-1
2024-03-05,2024-03-05 12:12:00,361.7,361.7,361.61,361.61,-0.02,83.03,29418.26,-1
2024-03-05,2024-03-05 12:13:00,361.61,361.61,361.52,361.52,-0.02,83.03,29418.26,-1
2024-03-05,2024-03-05 12:14:00,361.52,361.52,361.44,361.44,-0.02,83.03,29418.26,-1
2024-03-05,2024-03-05 12:15:00,361.44,361.44,361.35,361.35,-0.02,83.03,29418.26,-1
2024-03-05,2024-03-05 12:16:00,361.35,361.35,361.26,361.26,-0.02,83.03,29418.26,-1
2024-03-05,2024-03-05 12:17:00,361.26,361.26,361.18,361.18,-0.02,83.03,29418.26,-1
2024-03-05,2024-03-05 12:18:00,361.18,361.18,361.09,361.09,-0.02,83.03,29418.26,-1
2024-03-05,2024-03-05 12:19:00,361.09,361.09,361.0,361.0,-0.02,83.03,29418.26,-1
2024-03-05,2024-03-05 12:20:00,361.0,361.0,360.91,360.91,-0.02,83.03,29418.26,-1
2024-03-05,2024-03-05 12:21:00,360.91,360.91,360.82,360.82,-0.02,83.03,29418.26,-1
2024-03-05,2024-03-05 12:22:00,360.82,360.82,360.74,360.74,-0.02,83.03,29418.26,-1
2024-03-05,2024-03-05 12:23:00,360.74,360.74,360.65,360.65,-0.02,83.03,29418.26,-1
2024-03-05,2024-03-05 12:24:00,360.65,360.65,360.56,360.56,-0.02,83.03,29418.26,-1
2024-03-05,2024-03-05 12:25:00,360.56,360.56,360.48,360.48,-0.02,83.03,29418.26,-1
2024-03-05,2024-03-05 12:26:00,360.48,360.48,360.39,360.39,-0.02,83.03,29418.26,-1
2024-03-05,2024-03-05 12:27:00,360.39,360.39,360.3,360.3,-0.02,83.03,29418.26,-1
2024-03-05,2024-03-05 12:28:00,360.3,360.3,360.21,360.21,-0.02,83.03,29418.26,-1
2024-03-05,2024-03-05 12:29:00,360.21,360.21,360.12,360.12,-0.02,83.03,29418.26,-1
2024-03-05,2024-03-05 12:30:00,360.12,360.12,360.04,360.04,-0.02,83.03,29418.26,-1
2024-03-05,2024-03-05 12:31:00,360.04,360.04,359.95,359.95,-0.02,83.03,29418.26,-1
2024-03-05,2024-03-05 12:32:00,359.95,359.95,359.86,359.86,-0.03,83.03,29418.26,-1
2024-03-05,2024-03-05 12:33:00,359.86,359.86,359.77,359.77,-0.03,83.03,29418.26,-1
2024-03-05,2024-03-05 12:34:00,359.77,359.77,359.69,359.69,-0.02,83.03,29418.26,-1
2024-03-05,2024-03-05 12:35:00,359.69,359.69,359.6,359.6,-0.03,83.03,29418.26,-1
2024-03-05,2024-03-05 12:36:00,359.6,359.6,359.51,359.51,-0.03,83.03,29418.26,-1
2024-03-05,2024-03-05 12:37:00,359.51,359.51,359.43,359.43,-0.02,83.03,29418.26,-1
2024-03-05,2024-03-05 12:38:00,359.43,359.43,359.34,359.34,-0.03,83.03,29418.26,-1
2024-03-05,2024-03-05 12:39:00,359.34,359.34,359.25,359.25,-0.03,83.03,29418.26,-1
2024-03-05,2024-03-05 12:40:00,359.25,359.25,359.16,359.16,-0.03,83.03,29418.26,-1
2024-03-05,2024-03-05 12:41:00,359.16,359.16,359.07,359.07,-0.03,83.03,29418.26,-1
2024-03-05,2024-03-05 12:42:00,359.07,359.07,358.99,358.99,-0.02,83.03,29418.26,-1
2024-03-05,2024-03-05 12:43:00,358.99,358.99,358.9,358.9,-0.03,83.03,29418.26,-1
2024-03-05,2024-03-05 12:44:00,358.9,358.9,358.81,358.81,-0.03,83.03,29418.26,-1
2024-03-05,2024-03-05 12:45:00,358.81,358.81,358.73,358.73,-0.02,83.03,29418.26,-1
2024-03-05,2024-03-05 12:46:00,358.73,358.73,358.64,358.64,-0.03,83.03,29418.26,-1
2024-03-05,2024-03-05 12:47:00,358.64,358.64,358.55,358.55,-0.03,83.03,29418.26,-1
2024-03-05,2024-03-05 12:48:00,358.55,358.55,358.46,358.46,-0.03,83.03,29418.26,-1
2024-03-05,2024-03-05 12:49:00,358.46,358.46,358.38,358.38,-0.02,83.03,29418.26,-1
2024-03-05,2024-03-05 12:50:00,358.38,358.38,358.29,358.29,-0.03,83.03,29418.26,-1
2024-03-05,2024-03-05 12:51:00,358.29,358.29,358.2,358.2,-0.03,83.03,29418.26,-1
2024-03-05,2024-03-05 12:52:00,358.2,358.2,358.11,358.11,-0.03,83.03,29418.26,-1
2024-03-05,2024-03-05 12:53:00,358.11,358.11,358.02,358.02,-0.03,83.03,29418.26,-1
2024-03-05,2024-03-05 12:54:00,358.02,358.02,357.94,357.94,-0.02,83.03,29418.26,-1
2024-03-05,2024-03-05 12:55:00,357.94,357.94,357.85,357.85,-0.03,83.03,29418.26,-1
2024-03-05,2024-03-05 12:56:00,357.85,357.85,357.76,357.76,-0.03,83.03,29418.26,-1
2024-03-05,2024-03-05 12:57:00,357.76,357.76,357.68,357.68,-0.02,83.03,29418.26,-1
2024-03-05,2024-03-05 12:58:00,357.68,357.68,357.59,357.59,-0.03,83.03,29418.26,-1
2024-03-05,2024-03-05 12:59:00,357.59,357.59,357.5,357.5,-0.03,83.03,29418.26,-1
2024-03-05,2024-03-05 13:00:00,357.5,370.0,343.2,357.41,-0.03,83.03,29418.26,-1
2024-03-05,2024-03-05 13:01:00,357.41,357.41,357.32,357.32,-0.03,83.03,29418.26,-1
2024-03-05,2024-03-05 13:02:00,357.32,357.32,357.24,357.24,-0.02,83.03,29418.26,-1
2024-03-05,2024-03-05 13:03:00,357.24,357.24,357.15,357.15,-0.03,83.03,29418.26,-1
2024-03-05,2024-03-05 13:04:00,357.15,357.15,357.06,357.06,-0.03,83.03,29418.26,-1
2024-03-05,2024-03-05 13:05:00,357.06,357.06,356.98,356.98,-0.02,83.03,29418.26,-1
2024-03-05,2024-03-05 13:06:00,356.98,356.98,356.89,356.89,-0.03,83.03,29418.26,-1
2024-03-05,2024-03-05 13:07:00,356.89,356.89,356.8,356.8,-0.03,83.03,29418.26,-1
2024-03-05,2024-03-05 13:08:00,356.8,356.8,356.71,356.71,-0.03,83.03,29418.26,-1
2024-03-05,2024-03-05 13:09:00,356.71,356.71,356.62,356.62,-0.03,83.03,29418.26,-1
2024-03-05,2024-03-05 13:10:00,356.62,356.62,356.54,356.54,-0.02,83.03,29418.26,-1
2024-03-05,2024-03-05 13:11:00,356.54,356.54,356.45,356.45,-0.03,83.03,29418.26,-1
2024-03-05,2024-03-05 13:12:00,356.45,356.45,356.36,356.36,-0.03,83.03,29418.26,-1
2024-03-05,2024-03-05 13:13:00,356.36,356.36,356.27,356.27,-0.03,83.03,29418.26,-1
2024-03-05,2024-03-05 13:14:00,356.27,356.27,356.19,356.19,-0.02,83.03,29418.26,-1
2024-03-05,2024-03-05 13:15:00,356.19,356.19,356.1,356.1,-0.03,83.03,29418.26,-1
2024-03-05,2024-03-05 13:16:00,356.1,356.1,356.01,356.01,-0.03,83.03,29418.26,-1
2024-03-05,2024-03-05 13:17:00,356.01,356.01,355.93,355.93,-0.02,83.03,29418.26,-1
2024-03-05,2024-03-05 13:18:00,355.93,355.93,355.84,355.84,-0.03,83.03,29418.26,-1
2024-03-05,2024-03-05 13:19:00,355.84,355.84,355.75,355.75,-0.03,83.03,29418.26,-1
2024-03-05,2024-03-05 13:20:00,355.75,355.75,355.66,355.66,-0.03,83.03,29418.26,-1
2024-03-05,2024-03-05 13:21:00,355.66,355.66,355.57,355.57,-0.03,83.03,29418.26,-1
2024-03-05,2024-03-05 13:22:00,355.57,355.57,355.49,355.49,-0.02,83.03,29418.26,-1
2024-03-05,2024-03-05 13:23:00,355.49,355.49,355.4,355.4,-0.03,83.03,29418.26,-1
2024-03-05,2024-03-05 13:24:00,355.4,355.4,355.31,355.31,-0.03,83.03,29418.26,-1
2024-03-05,2024-03-05 13:25:00,355.31,355.31,355.23,355.23,-0.02,83.03,29418.26,-1
2024-03-05,2024-03-05 13:26:00,355.23,355.23,355.14,355.14,-0.03,83.03,29418.26,-1
2024-03-05,2024-03-05 13:27:00,355.14,355.14,355.05,355.05,-0.03,83.03,29418.26,-1
2024-03-05,2024-03-05 13:28:00,355.05,355.05,354.96,354.96,-0.03,83.03,29418.26,-1
2024-03-05,2024-03-05 13:29:00,354.96,354.96,354.88,354.88,-0.02,83.03,29418.26,-1
2024-03-05,2024-03-05 13:30:00,354.88,354.88,354.79,354.79,-0.03,83.03,29418.26,-1
2024-03-05,2024-03-05 13:31:00,354.79,354.79,354.7,354.7,-0.03,83.03,29418.26,-1
2024-03-05,2024-03-05 13:32:00,354.7,354.7,354.61,354.61,-0.03,83.03,29418.26,-1
2024-03-05,2024-03-05 13:33:00,354.61,354.61,354.52,354.52,-0.03,83.03,29418.26,-1
2024-03-05,2024-03-05 13:34:00,354.52,354.52,354.44,354.44,-0.02,83.03,29418.26,-1
2024-03-05,2024-03-05 13:35:00,354.44,354.44,354.35,354.35,-0.03,83.03,29418.26,-1
2024-03-05,2024-03-05 13:36:00,354.35,354.35,354.26,354.26,-0.03,83.03,29418.26,-1
2024-03-05,2024-03-05 13:37:00,354.26,354.26,354.18,354.18,-0.02,83.03,29418.26,-1
2024-03-05,2024-03-05 13:38:00,354.18,354.18,354.09,354.09,-0.03,83.03,29418.26,-1
2024-03-05,2024-03-05 13:39:00,354.09,354.09,354.0,354.0,-0.03,83.03,29418.26,-1
2024-03-05,2024-03-05 13:40:00,354.0,354.0,353.91,353.91,-0.03,83.03,29418.26,-1
2024-03-05,2024-03-05 13:41:00,353.91,353.91,353.82,353.82,-0.03,83.03,29418.26,-1
2024-03-05,2024-03-05 13:42:00,353.82,353.82,353.74,353.74,-0.02,83.03,29418.26,-1
2024-03-05,2024-03-05 13:43:00,353.74,353.74,353.65,353.65,-0.03,83.03,29418.26,-1
2024-03-05,2024-03-05 13:44:00,353.65,353.65,353.56,353.56,-0.03,83.03,29418.26,-1
2024-03-05,2024-03-05 13:45:00,353.56,353.56,353.48,353.48,-0.02,83.03,29418.26,-1
2024-03-05,2024-03-05 13:46:00,353.48,353.48,353.39,353.39,-0.03,83.03,29418.26,-1
2024-03-05,2024-03-05 13:47:00,353.39,353.39,353.3,353.3,-0.03,83.03,29418.26,-1
2024-03-05,2024-03-05 13:48:00,353.3,353.3,353.21,353.21,-0.03,83.03,29418.26,-1
2024-03-05,2024-03-05 13:49:00,353.21,353.21,353.12,353.12,-0.03,83.03,29418.26,-1
2024-03-05,2024-03-05 13:50:00,353.12,353.12,353.04,353.04,-0.02,83.03,29418.26,-1
2024-03-05,2024-03-05 13:51:00,353.04,353.04,352.95,352.95,-0.03,83.03,29418.26,-1
2024-03-05,2024-03-05 13:52:00,352.95,352.95,352.86,352.86,-0.03,83.03,29418.26,-1
2024-03-05,2024-03-05 13:53:00,352.86,352.86,352.77,352.77,-0.03,83.03,29418.26,-1
2024-03-05,2024-03-05 13:54:00,352.77,352.77,352.69,352.69,-0.02,83.03,29418.26,-1
2024-03-05,2024-03-05 13:55:00,352.69,352.69,352.6,352.6,-0.03,83.03,29418.26,-1
2024-03-05,2024-03-05 13:56:00,352.6,352.6,352.51,352.51,-0.03,83.03,29418.26,-1
2024-03-05,2024-03-05 13:57:00,352.51,352.51,352.43,352.43,-0.02,83.03,29418.26,-1
2024-03-05,2024-03-05 13:58:00,352.43,352.43,352.34,352.34,-0.03,83.03,29418.26,-1
2024-03-05,2024-03-05 13:59:00,352.34,352.34,352.25,352.25,-0.03,83.03,29418.26,-1
2024-03-05,2024-03-05 14:00:00,352.25,352.25,352.16,352.16,-0.03,83.03,29418.26,-1
2024-03-05,2024-03-05 14:01:00,352.16,352.16,352.07,352.07,-0.03,83.03,29418.26,-1
2024-03-05,2024-03-05 14:02:00,352.07,352.07,351.99,351.99,-0.02,83.03,29418.26,-1
2024-03-05,2024-03-05 14:03:00,351.99,351.99,351.9,351.9,-0.03,83.03,29418.26,-1
2024-03-05,2024-03-05 14:04:00,351.9,351.9,351.81,351.81,-0.03,83.03,29418.26,-1
2024-03-05,2024-03-05 14:05:00,351.81,351.81,351.73,351.73,-0.02,83.03,29418.26,-1
2024-03-05,2024-03-05 14:06:00,351.73,351.73,351.64,351.64,-0.03,83.03,29418.26,-1
2024-03-05,2024-03-05 14:07:00,351.64,351.64,351.55,351.55,-0.03,83.03,29418.26,-1
2024-03-05,2024-03-05 14:08:00,351.55,351.55,351.46,351.46,-0.03,83.03,29418.26,-1
2024-03-05,2024-03-05 14:09:00,351.46,351.46,351.38,351.38,-0.02,83.03,29418.26,-1
2024-03-05,2024-03-05 14:10:00,351.38,351.38,351.29,351.29,-0.03,83.03,29418.26,-1
2024-03-05,2024-03-05 14:11:00,351.29,351.29,351.2,351.2,-0.03,83.03,29418.26,-1
2024-03-05,2024-03-05 14:12:00,351.2,351.2,351.11,351.11,-0.03,83.03,29418.26,-1
2024-03-05,2024-03-05 14:13:00,351.11,351.11,351.02,351.02,-0.03,83.03,29418.26,-1
2024-03-05,2024-03-05 14:14:00,351.02,351.02,350.94,350.94,-0.02,83.03,29418.26,-1
2024-03-05,2024-03-05 14:15:00,350.94,350.94,350.85,350.85,-0.03,83.03,29418.26,-1
2024-03-05,2024-03-05 14:16:00,350.85,350.85,350.76,350.76,-0.03,83.03,29418.26,-1
2024-03-05,2024-03-05 14:17:00,350.76,350.76,350.68,350.68,-0.02,83.03,29418.26,-1
2024-03-05,2024-03-05 14:18:00,350.68,350.68,350.59,350.59,-0.03,83.03,29418.26,-1
2024-03-05,2024-03-05 14:19:00,350.59,350.59,350.5,350.5,-0.03,83.03,29418.26,-1
2024-03-05,2024-03-05 14:20:00,350.5,350.5,350.41,350.41,-0.03,83.03,29418.26,-1
2024-03-05,2024-03-05 14:21:00,350.41,350.41,350.32,350.32,-0.03,83.03,29418.26,-1
2024-03-05,2024-03-05 14:22:00,350.32,350.32,350.24,350.24,-0.02,83.03,29418.26,-1
2024-03-05,2024-03-05 14:23:00,350.24,350.24,350.15,350.15,-0.03,83.03,29418.26,-1
2024-03-05,2024-03-05 14:24:00,350.15,350.15,350.06,350.06,-0.03,83.03,29418.26,-1
2024-03-05,2024-03-05 14:25:00,350.06,350.06,349.98,349.98,-0.02,83.03,29418.26,-1
2024-03-05,2024-03-05 14:26:00,349.98,349.98,349.89,349.89,-0.03,83.03,29418.26,-1
2024-03-05,2024-03-05 14:27:00,349.89,349.89,349.8,349.8,-0.03,83.03,29418.26,-1
2024-03-05,2024-03-05 14:28:00,349.8,349.8,349.71,349.71,-0.03,83.03,29418.26,-1
2024-03-05,2024-03-05 14:29:00,349.71,349.71,349.62,349.62,-0.03,83.03,29418.26,-1
2024-03-05,2024-03-05 14:30:00,349.62,349.62,349.54,349.54,-0.02,83.03,29418.26,-1
2024-03-05,2024-03-05 14:31:00,349.54,349.54,349.45,349.45,-0.03,83.03,29418.26,-1
2024-03-05,2024-03-05 14:32:00,349.45,349.45,349.36,349.36,-0.03,83.03,29418.26,-1
2024-03-05,2024-03-05 14:33:00,349.36,349.36,349.27,349.27,-0.03,83.03,29418.26,-1
2024-03-05,2024-03-05 14:34:00,349.27,349.27,349.19,349.19,-0.02,83.03,29418.26,-1
2024-03-05,2024-03-05 14:35:00,349.19,349.19,349.1,349.1,-0.03,83.03,29418.26,-1
2024-03-05,2024-03-05 14:36:00,349.1,349.1,349.01,349.01,-0.03,83.03,29418.26,-1
2024-03-05,2024-03-05 14:37:00,349.01,349.01,348.93,348.93,-0.02,83.03,29418.26,-1
2024-03-05,2024-03-05 14:38:00,348.93,348.93,348.84,348.84,-0.03,83.03,29418.26,-1
2024-03-05,2024-03-05 14:39:00,348.84,348.84,348.75,348.75,-0.03,83.03,29418.26,-1
2024-03-05,2024-03-05 14:40:00,348.75,348.75,348.66,348.66,-0.03,83.03,29418.26,-1
2024-03-05,2024-03-05 14:41:00,348.66,348.66,348.57,348.57,-0.03,83.03,29418.26,-1
2024-03-05,2024-03-05 14:42:00,348.57,348.57,348.49,348.49,-0.02,83.03,29418.26,-1
2024-03-05,2024-03-05 14:43:00,348.49,348.49,348.4,348.4,-0.03,83.03,29418.26,-1
2024-03-05,2024-03-05 14:44:00,348.4,348.4,348.31,348.31,-0.03,83.03,29418.26,-1
2024-03-05,2024-03-05 14:45:00,348.31,348.31,348.23,348.23,-0.02,83.03,29418.26,-1
2024-03-05,2024-03-05 14:46:00,348.23,348.23,348.14,348.14,-0.03,83.03,29418.26,-1
2024-03-05,2024-03-05 14:47:00,348.14,348.14,348.05,348.05,-0.03,83.03,29418.26,-1
2024-03-05,2024-03-05 14:48:00,348.05,348.05,347.96,347.96,-0.03,83.03,29418.26,-1
2024-03-05,2024-03-05 14:49:00,347.96,347.96,347.88,347.88,-0.02,83.03,29418.26,-1
2024-03-05,2024-03-05 14:50:00,347.88,347.88,347.79,347.79,-0.03,83.03,29418.26,-1
2024-03-05,2024-03-05 14:51:00,347.79,347.79,347.7,347.7,-0.03,83.03,29418.26,-1
2024-03-05,2024-03-05 14:52:00,347.7,347.7,347.61,347.61,-0.03,83.03,29418.26,-1
2024-03-05,2024-03-05 14:53:00,347.61,347.61,347.52,347.52,-0.03,83.03,29418.26,-1
2024-03-05,2024-03-05 14:54:00,347.52,347.52,347.44,347.44,-0.02,83.03,29418.26,-1
2024-03-05,2024-03-05 14:55:00,347.44,347.44,347.35,347.35,-0.03,83.03,29418.26,-1
2024-03-05,2024-03-05 14:56:00,347.35,347.35,347.26,347.26,-0.03,83.03,29418.26,-1
2024-03-05,2024-03-05 14:57:00,347.26,347.26,347.18,347.18,-0.02,83.03,29418.26,-1
2024-03-05,2024-03-05 14:58:00,347.18,347.18,347.09,347.09,-0.03,83.03,29418.26,-1
2024-03-05,2024-03-05 14:59:00,347.09,347.09,347.0,347.0,-0.03,83.03,29418.26,-1
2024-03-05,2024-03-05 15:00:00,347.0,370.0,343.2,347.0,0.0,83.03,29418.26,0
2024-03-06,2024-03-06 11:00:00,342.0,348.75,340.8,342.07,0.02,80.63,28104.97,1
2024-03-06,2024-03-06 11:01:00,342.07,342.15,342.07,342.15,0.02,80.63,28104.97,1
2024-03-06,2024-03-06 11:02:00,342.15,342.23,342.15,342.23,0.02,80.63,28104.97,1
2024-03-06,2024-03-06 11:03:00,342.23,342.3,342.23,342.3,0.02,80.63,28104.97,1
2024-03-06,2024-03-06 11:04:00,342.3,342.38,342.3,342.38,0.02,80.63,28104.97,1
2024-03-06,2024-03-06 11:05:00,342.38,342.45,342.38,342.45,0.02,80.63,28104.97,1
2024-03-06,2024-03-06 11:06:00,342.45,342.52,342.45,342.52,0.02,80.63,28104.97,1
2024-03-06,2024-03-06 11:07:00,342.52,342.6,342.52,342.6,0.02,80.63,28104.97,1
2024-03-06,2024-03-06 11:08:00,342.6,342.68,342.6,342.68,0.02,80.63,28104.97,1
2024-03-06,2024-03-06 11:09:00,342.68,342.75,342.68,342.75,0.02,80.63,28104.97,1
2024-03-06,2024-03-06 11:10:00,342.75,342.82,342.75,342.82,0.02,80.63,28104.97,1
2024-03-06,2024-03-06 11:11:00,342.82,342.9,342.82,342.9,0.02,80.63,28104.97,1
2024-03-06,2024-03-06 11:12:00,342.9,342.98,342.9,342.98,0.02,80.63,28104.97,1
2024-03-06,2024-03-06 11:13:00,342.98,343.05,342.98,343.05,0.02,80.63,28104.97,1
2024-03-06,2024-03-06 11:14:00,343.05,343.12,343.05,343.12,0.02,80.63,28104.97,1
2024-03-06,2024-03-06 11:15:00,343.12,343.2,343.12,343.2,0.02,80.63,28104.97,1
2024-03-06,2024-03-06 11:16:00,343.2,343.27,343.2,343.27,0.02,80.63,28104.97,1
2024-03-06,2024-03-06 11:17:00,343.27,343.35,343.27,343.35,0.02,80.63,28104.97,1
2024-03-06,2024-03-06 11:18:00,343.35,343.43,343.35,343.43,0.02,80.63,28104.97,1
2024-03-06,2024-03-06 11:19:00,343.43,343.5,343.43,343.5,0.02,80.63,28104.97,1
2024-03-06,2024-03-06 11:20:00,343.5,343.57,343.5,343.57,0.02,80.63,28104.97,1
2024-03-06,2024-03-06 11:21:00,343.57,343.65,343.57,343.65,0.02,80.63,28104.97,1
2024-03-06,2024-03-06 11:22:00,343.65,343.73,343.65,343.73,0.02,80.63,28104.97,1
2024-03-06,2024-03-06 11:23:00,343.73,343.8,343.73,343.8,0.02,80.63,28104.97,1
2024-03-06,2024-03-06 11:24:00,343.8,343.88,343.8,343.88,0.02,80.63,28104.97,1
2024-03-06,2024-03-06 11:25:00,343.88,343.95,343.88,343.95,0.02,80.63,28104.97,1
2024-03-06,2024-03-06 11:26:00,343.95,344.02,343.95,344.02,0.02,80.63,28104.97,1
2024-03-06,2024-03-06 11:27:00,344.02,344.1,344.02,344.1,0.02,80.63,28104.97,1
2024-03-06,2024-03-06 11:28:00,344.1,344.18,344.1,344.18,0.02,80.63,28104.97,1
2024-03-06,2024-03-06 11:29:00,344.18,344.25,344.18,344.25,0.02,80.63,28104.97,1
2024-03-06,2024-03-06 11:30:00,344.25,344.32,344.25,344.32,0.02,80.63,28104.97,1
2024-03-06,2024-03-06 11:31:00,344.32,344.4,344.32,344.4,0.02,80.63,28104.97,1
2024-03-06,2024-03-06 11:32:00,344.4,344.48,344.4,344.48,0.02,80.63,28104.97,1
2024-03-06,2024-03-06 11:33:00,344.48,344.55,344.48,344.55,0.02,80.63,28104.97,1
2024-03-06,2024-03-06 11:34:00,344.55,344.62,344.55,344.62,0.02,80.63,28104.97,1
2024-03-06,2024-03-06 11:35:00,344.62,344.7,344.62,344.7,0.02,80.63,28104.97,1
2024-03-06,2024-03-06 11:36:00,344.7,344.77,344.7,344.77,0.02,80.63,28104.97,1
2024-03-06,2024-03-06 11:37:00,344.77,344.85,344.77,344.85,0.02,80.63,28104.97,1
2024-03-06,2024-03-06 11:38:00,344.85,344.93,344.85,344.93,0.02,80.63,28104.97,1
2024-03-06,2024-03-06 11:39:00,344.93,345.0,344.93,345.0,0.02,80.63,28104.97,1
2024-03-06,2024-03-06 11:40:00,345.0,345.07,345.0,345.07,0.02,80.63,28104.97,1
2024-03-06,2024-03-06 11:41:00,345.07,345.15,345.07,345.15,0.02,80.63,28104.97,1
2024-03-06,2024-03-06 11:42:00,345.15,345.23,345.15,345.23,0.02,80.63,28104.97,1
2024-03-06,2024-03-06 11:43:00,345.23,345.3,345.23,345.3,0.02,80.63,28104.97,1
2024-03-06,2024-03-06 11:44:00,345.3,345.38,345.3,345.38,0.02,80.63,28104.97,1
2024-03-06,2024-03-06 11:45:00,345.38,345.45,345.38,345.45,0.02,80.63,28104.97,1
2024-03-06,2024-03-06 11:46:00,345.45,345.52,345.45,345.52,0.02,80.63,28104.97,1
2024-03-06,2024-03-06 11:47:00,345.52,345.6,345.52,345.6,0.02,80.63,28104.97,1
2024-03-06,2024-03-06 11:48:00,345.6,345.68,345.6,345.68,0.02,80.63,28104.97,1
2024-03-06,2024-03-06 11:49:00,345.68,345.75,345.68,345.75,0.02,80.63,28104.97,1
2024-03-06,2024-03-06 11:50:00,345.75,345.82,345.75,345.82,0.02,80.63,28104.97,1
2024-03-06,2024-03-06 11:51:00,345.82,345.9,345.82,345.9,0.02,80.63,28104.97,1
2024-03-06,2024-03-06 11:52:00,345.9,345.98,345.9,345.98,0.02,80.63,28104.97,1
2024-03-06,2024-03-06 11:53:00,345.98,346.05,345.98,346.05,0.02,80.63,28104.97,1
2024-03-06,2024-03-06 11:54:00,346.05,346.12,346.05,346.12,0.02,80.63,28104.97,1
2024-03-06,2024-03-06 11:55:00,346.12,346.2,346.12,346.2,0.02,80.63,28104.97,1
2024-03-06,2024-03-06 11:56:00,346.2,346.27,346.2,346.27,0.02,80.63,28104.97,1
2024-03-06,2024-03-06 11:57:00,346.27,346.35,346.27,346.35,0.02,80.63,28104.97,1
2024-03-06,2024-03-06 11:58:00,346.35,346.43,346.35,346.43,0.02,80.63,28104.97,1
2024-03-06,2024-03-06 11:59:00,346.43,346.5,346.43,346.5,0.02,80.63,28104.97,1
2024-03-06,2024-03-06 12:00:00,346.5,346.57,346.5,346.57,0.02,80.63,28104.97,1
2024-03-06,2024-03-06 12:01:00,346.57,346.65,346.57,346.65,0.02,80.63,28104.97,1
2024-03-06,2024-03-06 12:02:00,346.65,346.73,346.65,346.73,0.02,80.63,28104.97,1
2024-03-06,2024-03-06 12:03:00,346.73,346.8,346.73,346.8,0.02,80.63,28104.97,1
2024-03-06,2024-03-06 12:04:00,346.8,346.88,346.8,346.88,0.02,80.63,28104.97,1
2024-03-06,2024-03-06 12:05:00,346.88,346.95,346.88,346.95,0.02,80.63,28104.97,1
2024-03-06,2024-03-06 12:06:00,346.95,347.02,346.95,347.02,0.02,80.63,28104.97,1
2024-03-06,2024-03-06 12:07:00,347.02,347.1,347.02,347.1,0.02,80.63,28104.97,1
2024-03-06,2024-03-06 12:08:00,347.1,347.18,347.1,347.18,0.02,80.63,28104.97,1
2024-03-06,2024-03-06 12:09:00,347.18,347.25,347.18,347.25,0.02,80.63,28104.97,1
2024-03-06,2024-03-06 12:10:00,347.25,347.32,347.25,347.32,0.02,80.63,28104.97,1
2024-03-06,2024-03-06 12:11:00,347.32,347.4,347.32,347.4,0.02,80.63,28104.97,1
2024-03-06,2024-03-06 12:12:00,347.4,347.48,347.4,347.48,0.02,80.63,28104.97,1
2024-03-06,2024-03-06 12:13:00,347.48,347.55,347.48,347.55,0.02,80.63,28104.97,1
2024-03-06,2024-03-06 12:14:00,347.55,347.62,347.55,347.62,0.02,80.63,28104.97,1
2024-03-06,2024-03-06 12:15:00,347.62,347.7,347.62,347.7,0.02,80.63,28104.97,1
2024-03-06,2024-03-06 12:16:00,347.7,347.77,347.7,347.77,0.02,80.63,28104.97,1
2024-03-06,2024-03-06 12:17:00,347.77,347.85,347.77,347.85,0.02,80.63,28104.97,1
2024-03-06,2024-03-06 12:18:00,347.85,347.93,347.85,347.93,0.02,80.63,28104.97,1
2024-03-06,2024-03-06 12:19:00,347.93,348.0,347.93,348.0,0.02,80.63,28104.97,1
2024-03-06,2024-03-06 12:20:00,348.0,348.07,348.0,348.07,0.02,80.63,28104.97,1
2024-03-06,2024-03-06 12:21:00,348.07,348.15,348.07,348.15,0.02,80.63,28104.97,1
2024-03-06,2024-03-06 12:22:00,348.15,348.23,348.15,348.23,0.02,80.63,28104.97,1
2024-03-06,2024-03-06 12:23:00,348.23,348.3,348.23,348.3,0.02,80.63,28104.97,1
2024-03-06,2024-03-06 12:24:00,348.3,348.38,348.3,348.38,0.02,80.63,28104.97,1
2024-03-06,2024-03-06 12:25:00,348.38,348.45,348.38,348.45,0.02,80.63,28104.97,1
2024-03-06,2024-03-06 12:26:00,348.45,348.52,348.45,348.52,0.02,80.63,28104.97,1
2024-03-06,2024-03-06 12:27:00,348.52,348.6,348.52,348.6,0.02,80.63,28104.97,1
2024-03-06,2024-03-06 12:28:00,348.6,348.68,348.6,348.68,0.02,80.63,28104.97,1
2024-03-06,2024-03-06 12:29:00,348.68,348.75,348.68,348.75,0.02,80.63,28104.97,1
2024-03-06,2024-03-06 12:30:00,348.75,348.82,348.75,348.82,0.02,80.63,28104.97,1
2024-03-06,2024-03-06 12:31:00,348.82,348.9,348.82,348.9,0.02,80.63,28104.97,1
2024-03-06,2024-03-06 12:32:00,348.9,348.98,348.9,348.98,0.02,80.63,28104.97,1
2024-03-06,2024-03-06 12:33:00,348.98,349.05,348.98,349.05,0.02,80.63,28104.97,1
2024-03-06,2024-03-06 12:34:00,349.05,349.12,349.05,349.12,0.02,80.63,28104.97,1
2024-03-06,2024-03-06 12:35:00,349.12,349.2,349.12,349.2,0.02,80.63,28104.97,1
2024-03-06,2024-03-06 12:36:00,349.2,349.27,349.2,349.27,0.02,80.63,28104.97,1
2024-03-06,2024-03-06 12:37:00,349.27,349.35,349.27,349.35,0.02,80.63,28104.97,1
2024-03-06,2024-03-06 12:38:00,349.35,349.43,349.35,349.43,0.02,80.63,28104.97,1
2024-03-06,2024-03-06 12:39:00,349.43,349.5,349.43,349.5,0.02,80.63,28104.97,1
2024-03-06,2024-03-06 12:40:00,349.5,349.57,349.5,349.57,0.02,80.63,28104.97,1
2024-03-06,2024-03-06 12:41:00,349.57,349.65,349.57,349.65,0.02,80.63,28104.97,1
2024-03-06,2024-03-06 12:42:00,349.65,349.73,349.65,349.73,0.02,80.63,28104.97,1
2024-03-06,2024-03-06 12:43:00,349.73,349.8,349.73,349.8,0.02,80.63,28104.97,1
2024-03-06,2024-03-06 12:44:00,349.8,349.88,349.8,349.88,0.02,80.63,28104.97,1
2024-03-06,2024-03-06 12:45:00,349.88,349.95,349.88,349.95,0.02,80.63,28104.97,1
2024-03-06,2024-03-06 12:46:00,349.95,350.02,349.95,350.02,0.02,80.63,28104.97,1
2024-03-06,2024-03-06 12:47:00,350.02,350.1,350.02,350.1,0.02,80.63,28104.97,1
2024-03-06,2024-03-06 12:48:00,350.1,350.18,350.1,350.18,0.02,80.63,28104.97,1
2024-03-06,2024-03-06 12:49:00,350.18,350.25,350.18,350.25,0.02,80.63,28104.97,1
2024-03-06,2024-03-06 12:50:00,350.25,350.32,350.25,350.32,0.02,80.63,28104.97,1
2024-03-06,2024-03-06 12:51:00,350.32,350.4,350.32,350.4,0.02,80.63,28104.97,1
2024-03-06,2024-03-06 12:52:00,350.4,350.48,350.4,350.48,0.02,80.63,28104.97,1
2024-03-06,2024-03-06 12:53:00,350.48,350.55,350.48,350.55,0.02,80.63,28104.97,1
2024-03-06,2024-03-06 12:54:00,350.55,350.62,350.55,350.62,0.02,80.63,28104.97,1
2024-03-06,2024-03-06 12:55:00,350.62,350.7,350.62,350.7,0.02,80.63,28104.97,1
2024-03-06,2024-03-06 12:56:00,350.7,350.77,350.7,350.77,0.02,80.63,28104.97,1
2024-03-06,2024-03-06 12:57:00,350.77,350.85,350.77,350.85,0.02,80.63,28104.97,1
2024-03-06,2024-03-06 12:58:00,350.85,350.93,350.85,350.93,0.02,80.63,28104.97,1
2024-03-06,2024-03-06 12:59:00,350.93,351.0,350.93,351.0,0.02,80.63,28104.97,1
2024-03-06,2024-03-06 13:00:00,351.0,364.5,338.0,351.07,0.02,80.63,28104.97,1
2024-03-06,2024-03-06 13:01:00,351.07,351.15,351.07,351.15,0.02,80.63,28104.97,1
2024-03-06,2024-03-06 13:02:00,351.15,351.23,351.15,351.23,0.02,80.63,28104.97,1
2024-03-06,2024-03-06 13:03:00,351.23,351.3,351.23,351.3,0.02,80.63,28104.97,1
2024-03-06,2024-03-06 13:04:00,351.3,351.38,351.3,351.38,0.02,80.63,28104.97,1
2024-03-06,2024-03-06 13:05:00,351.38,351.45,351.38,351.45,0.02,80.63,28104.97,1
2024-03-06,2024-03-06 13:06:00,351.45,351.52,351.45,351.52,0.02,80.63,28104.97,1
2024-03-06,2024-03-06 13:07:00,351.52,351.6,351.52,351.6,0.02,80.63,28104.97,1
2024-03-06,2024-03-06 13:08:00,351.6,351.68,351.6,351.68,0.02,80.63,28104.97,1
2024-03-06,2024-03-06 13:09:00,351.68,351.75,351.68,351.75,0.02,80.63,28104.97,1
2024-03-06,2024-03-06 13:10:00,351.75,351.82,351.75,351.82,0.02,80.63,28104.97,1
2024-03-06,2024-03-06 13:11:00,351.82,351.9,351.82,351.9,0.02,80.63,28104.97,1
2024-03-06,2024-03-06 13:12:00,351.9,351.98,351.9,351.98,0.02,80.63,28104.97,1
2024-03-06,2024-03-06 13:13:00,351.98,352.05,351.98,352.05,0.02,80.63,28104.97,1
2024-03-06,2024-03-06 13:14:00,352.05,352.12,352.05,352.12,0.02,80.63,28104.97,1
2024-03-06,2024-03-06 13:15:00,352.12,352.2,352.12,352.2,0.02,80.63,28104.97,1
2024-03-06,2024-03-06 13:16:00,352.2,352.27,352.2,352.27,0.02,80.63,28104.97,1
2024-03-06,2024-03-06 13:17:00,352.27,352.35,352.27,352.35,0.02,80.63,28104.97,1
2024-03-06,2024-03-06 13:18:00,352.35,352.43,352.35,352.43,0.02,80.63,28104.97,1
2024-03-06,2024-03-06 13:19:00,352.43,352.5,352.43,352.5,0.02,80.63,28104.97,1
2024-03-06,2024-03-06 13:20:00,352.5,352.57,352.5,352.57,0.02,80.63,28104.97,1
2024-03-06,2024-03-06 13:21:00,352.57,352.65,352.57,352.65,0.02,80.63,28104.97,1
2024-03-06,2024-03-06 13:22:00,352.65,352.73,352.65,352.73,0.02,80.63,28104.97,1
2024-03-06,2024-03-06 13:23:00,352.73,352.8,352.73,352.8,0.02,80.63,28104.97,1
2024-03-06,2024-03-06 13:24:00,352.8,352.88,352.8,352.88,0.02,80.63,28104.97,1
2024-03-06,2024-03-06 13:25:00,352.88,352.95,352.88,352.95,0.02,80.63,28104.97,1
2024-03-06,2024-03-06 13:26:00,352.95,353.02,352.95,353.02,0.02,80.63,28104.97,1
2024-03-06,2024-03-06 13:27:00,353.02,353.1,353.02,353.1,0.02,80.63,28104.97,1
2024-03-06,2024-03-06 13:28:00,353.1,353.18,353.1,353.18,0.02,80.63,28104.97,1
2024-03-06,2024-03-06 13:29:00,353.18,353.25,353.18,353.25,0.02,80.63,28104.97,1
2024-03-06,2024-03-06 13:30:00,353.25,353.32,353.25,353.32,0.02,80.63,28104.97,1
2024-03-06,2024-03-06 13:31:00,353.32,353.4,353.32,353.4,0.02,80.63,28104.97,1
2024-03-06,2024-03-06 13:32:00,353.4,353.48,353.4,353.48,0.02,80.63,28104.97,1
2024-03-06,2024-03-06 13:33:00,353.48,353.55,353.48,353.55,0.02,80.63,28104.97,1
2024-03-06,2024-03-06 13:34:00,353.55,353.62,353.55,353.62,0.02,80.63,28104.97,1
2024-03-06,2024-03-06 13:35:00,353.62,353.7,353.62,353.7,0.02,80.63,28104.97,1
2024-03-06,2024-03-06 13:36:00,353.7,353.77,353.7,353.77,0.02,80.63,28104.97,1
2024-03-06,2024-03-06 13:37:00,353.77,353.85,353.77,353.85,0.02,80.63,28104.97,1
2024-03-06,2024-03-06 13:38:00,353.85,353.93,353.85,353.93,0.02,80.63,28104.97,1
2024-03-06,2024-03-06 13:39:00,353.93,354.0,353.93,354.0,0.02,80.63,28104.97,1
2024-03-06,2024-03-06 13:40:00,354.0,354.07,354.0,354.07,0.02,80.63,28104.97,1
2024-03-06,2024-03-06 13:41:00,354.07,354.15,354.07,354.15,0.02,80.63,28104.97,1
2024-03-06,2024-03-06 13:42:00,354.15,354.23,354.15,354.23,0.02,80.63,28104.97,1
2024-03-06,2024-03-06 13:43:00,354.23,354.3,354.23,354.3,0.02,80.63,28104.97,1
2024-03-06,2024-03-06 13:44:00,354.3,354.38,354.3,354.38,0.02,80.63,28104.97,1
2024-03-06,2024-03-06 13:45:00,354.38,354.45,354.38,354.45,0.02,80.63,28104.97,1
2024-03-06,2024-03-06 13:46:00,354.45,354.52,354.45,354.52,0.02,80.63,28104.97,1
2024-03-06,2024-03-06 13:47:00,354.52,354.6,354.52,354.6,0.02,80.63,28104.97,1
2024-03-06,2024-03-06 13:48:00,354.6,354.68,354.6,354.68,0.02,80.63,28104.97,1
2024-03-06,2024-03-06 13:49:00,354.68,354.75,354.68,354.75,0.02,80.63,28104.97,1
2024-03-06,2024-03-06 13:50:00,354.75,354.82,354.75,354.82,0.02,80.63,28104.97,1
2024-03-06,2024-03-06 13:51:00,354.82,354.9,354.82,354.9,0.02,80.63,28104.97,1
2024-03-06,2024-03-06 13:52:00,354.9,354.98,354.9,354.98,0.02,80.63,28104.97,1
2024-03-06,2024-03-06 13:53:00,354.98,355.05,354.98,355.05,0.02,80.63,28104.97,1
2024-03-06,2024-03-06 13:54:00,355.05,355.12,355.05,355.12,0.02,80.63,28104.97,1
2024-03-06,2024-03-06 13:55:00,355.12,355.2,355.12,355.2,0.02,80.63,28104.97,1
2024-03-06,2024-03-06 13:56:00,355.2,355.27,355.2,355.27,0.02,80.63,28104.97,1
2024-03-06,2024-03-06 13:57:00,355.27,355.35,355.27,355.35,0.02,80.63,28104.97,1
2024-03-06,2024-03-06 13:58:00,355.35,355.43,355.35,355.43,0.02,80.63,28104.97,1
2024-03-06,2024-03-06 13:59:00,355.43,355.5,355.43,355.5,0.02,80.63,28104.97,1
2024-03-06,2024-03-06 14:00:00,355.5,355.57,355.5,355.57,0.02,80.63,28104.97,1
2024-03-06,2024-03-06 14:01:00,355.57,355.65,355.57,355.65,0.02,80.63,28104.97,1
2024-03-06,2024-03-06 14:02:00,355.65,355.73,355.65,355.73,0.02,80.63,28104.97,1
2024-03-06,2024-03-06 14:03:00,355.73,355.8,355.73,355.8,0.02,80.63,28104.97,1
2024-03-06,2024-03-06 14:04:00,355.8,355.88,355.8,355.88,0.02,80.63,28104.97,1
2024-03-06,2024-03-06 14:05:00,355.88,355.95,355.88,355.95,0.02,80.63,28104.97,1
2024-03-06,2024-03-06 14:06:00,355.95,356.02,355.95,356.02,0.02,80.63,28104.97,1
2024-03-06,2024-03-06 14:07:00,356.02,356.1,356.02,356.1,0.02,80.63,28104.97,1
2024-03-06,2024-03-06 14:08:00,356.1,356.18,356.1,356.18,0.02,80.63,28104.97,1
2024-03-06,2024-03-06 14:09:00,356.18,356.25,356.18,356.25,0.02,80.63,28104.97,1
2024-03-06,2024-03-06 14:10:00,356.25,356.32,356.25,356.32,0.02,80.63,28104.97,1
2024-03-06,2024-03-06 14:11:00,356.32,356.4,356.32,356.4,0.02,80.63,28104.97,1
2024-03-06,2024-03-06 14:12:00,356.4,356.48,356.4,356.48,0.02,80.63,28104.97,1
2024-03-06,2024-03-06 14:13:00,356.48,356.55,356.48,356.55,0.02,80.63,28104.97,1
2024-03-06,2024-03-06 14:14:00,356.55,356.62,356.55,356.62,0.02,80.63,28104.97,1
2024-03-06,2024-03-06 14:15:00,356.62,356.7,356.62,356.7,0.02,80.63,28104.97,1
2024-03-06,2024-03-06 14:16:00,356.7,356.77,356.7,356.77,0.02,80.63,28104.97,1
2024-03-06,2024-03-06 14:17:00,356.77,356.85,356.77,356.85,0.02,80.63,28104.97,1
2024-03-06,2024-03-06 14:18:00,356.85,356.93,356.85,356.93,0.02,80.63,28104.97,1
2024-03-06,2024-03-06 14:19:00,356.93,357.0,356.93,357.0,0.02,80.63,28104.97,1
2024-03-06,2024-03-06 14:20:00,357.0,357.07,357.0,357.07,0.02,80.63,28104.97,1
2024-03-06,2024-03-06 14:21:00,357.07,357.15,357.07,357.15,0.02,80.63,28104.97,1
2024-03-06,2024-03-06 14:22:00,357.15,357.23,357.15,357.23,0.02,80.63,28104.97,1
2024-03-06,2024-03-06 14:23:00,357.23,357.3,357.23,357.3,0.02,80.63,28104.97,1
2024-03-06,2024-03-06 14:24:00,357.3,357.38,357.3,357.38,0.02,80.63,28104.97,1
2024-03-06,2024-03-06 14:25:00,357.38,357.45,357.38,357.45,0.02,80.63,28104.97,1
2024-03-06,2024-03-06 14:26:00,357.45,357.52,357.45,357.52,0.02,80.63,28104.97,1
2024-03-06,2024-03-06 14:27:00,357.52,357.6,357.52,357.6,0.02,80.63,28104.97,1
2024-03-06,2024-03-06 14:28:00,357.6,357.68,357.6,357.68,0.02,80.63,28104.97,1
2024-03-06,2024-03-06 14:29:00,357.68,357.75,357.68,357.75,0.02,80.63,28104.97,1
2024-03-06,2024-03-06 14:30:00,357.75,357.82,357.75,357.82,0.02,80.63,28104.97,1
2024-03-06,2024-03-06 14:31:00,357.82,357.9,357.82,357.9,0.02,80.63,28104.97,1
2024-03-06,2024-03-06 14:32:00,357.9,357.98,357.9,357.98,0.02,80.63,28104.97,1
2024-03-06,2024-03-06 14:33:00,357.98,358.05,357.98,358.05,0.02,80.63,28104.97,1
2024-03-06,2024-03-06 14:34:00,358.05,358.12,358.05,358.12,0.02,80.63,28104.97,1
2024-03-06,2024-03-06 14:35:00,358.12,358.2,358.12,358.2,0.02,80.63,28104.97,1
2024-03-06,2024-03-06 14:36:00,358.2,358.27,358.2,358.27,0.02,80.63,28104.97,1
2024-03-06,2024-03-06 14:37:00,358.27,358.35,358.27,358.35,0.02,80.63,28104.97,1
2024-03-06,2024-03-06 14:38:00,358.35,358.43,358.35,358.43,0.02,80.63,28104.97,1
2024-03-06,2024-03-06 14:39:00,358.43,358.5,358.43,358.5,0.02,80.63,28104.97,1
2024-03-06,2024-03-06 14:40:00,358.5,358.57,358.5,358.57,0.02,80.63,28104.97,1
2024-03-06,2024-03-06 14:41:00,358.57,358.65,358.57,358.65,0.02,80.63,28104.97,1
2024-03-06,2024-03-06 14:42:00,358.65,358.73,358.65,358.73,0.02,80.63,28104.97,1
2024-03-06,2024-03-06 14:43:00,358.73,358.8,358.73,358.8,0.02,80.63,28104.97,1
2024-03-06,2024-03-06 14:44:00,358.8,358.88,358.8,358.88,0.02,80.63,28104.97,1
2024-03-06,2024-03-06 14:45:00,358.88,358.95,358.88,358.95,0.02,80.63,28104.97,1
2024-03-06,2024-03-06 14:46:00,358.95,359.02,358.95,359.02,0.02,80.63,28104.97,1
2024-03-06,2024-03-06 14:47:00,359.02,359.1,359.02,359.1,0.02,80.63,28104.97,1
2024-03-06,2024-03-06 14:48:00,359.1,359.18,359.1,359.18,0.02,80.63,28104.97,1
2024-03-06,2024-03-06 14:49:00,359.18,359.25,359.18,359.25,0.02,80.63,28104.97,1
2024-03-06,2024-03-06 14:50:00,359.25,359.32,359.25,359.32,0.02,80.63,28104.97,1
2024-03-06,2024-03-06 14:51:00,359.32,359.4,359.32,359.4,0.02,80.63,28104.97,1
2024-03-06,2024-03-06 14:52:00,359.4,359.48,359.4,359.48,0.02,80.63,28104.97,1
2024-03-06,2024-03-06 14:53:00,359.48,359.55,359.48,359.55,0.02,80.63,28104.97,1
2024-03-06,2024-03-06 14:54:00,359.55,359.62,359.55,359.62,0.02,80.63,28104.97,1
2024-03-06,2024-03-06 14:55:00,359.62,359.7,359.62,359.7,0.02,80.63,28104.97,1
2024-03-06,2024-03-06 14:56:00,359.7,359.77,359.7,359.77,0.02,80.63,28104.97,1
2024-03-06,2024-03-06 14:57:00,359.77,359.85,359.77,359.85,0.02,80.63,28104.97,1
2024-03-06,2024-03-06 14:58:00,359.85,359.93,359.85,359.93,0.02,80.63,28104.97,1
2024-03-06,2024-03-06 14:59:00,359.93,360.0,359.93,360.0,0.02,80.63,28104.97,1
2024-03-06,2024-03-06 15:00:00,360.0,364.5,338.0,360.0,0.0,80.63,28104.97,0
2024-03-07,2024-03-07 11:00:00,366.0,367.2,363.3,365.98,-0.01,75.48,27301.24,-1
2024-03-07,2024-03-07 11:01:00,365.98,365.98,365.95,365.95,-0.01,75.48,27301.24,-1
2024-03-07,2024-03-07 11:02:00,365.95,365.95,365.93,365.93,-0.01,75.48,27301.24,-1
2024-03-07,2024-03-07 11:03:00,365.93,365.93,365.9,365.9,-0.01,75.48,27301.24,-1
2024-03-07,2024-03-07 11:04:00,365.9,365.9,365.88,365.88,-0.01,75.48,27301.24,-1
2024-03-07,2024-03-07 11:05:00,365.88,365.88,365.85,365.85,-0.01,75.48,27301.24,-1
2024-03-07,2024-03-07 11:06:00,365.85,365.85,365.82,365.82,-0.01,75.48,27301.24,-1
2024-03-07,2024-03-07 11:07:00,365.82,365.82,365.8,365.8,-0.01,75.48,27301.24,-1
2024-03-07,2024-03-07 11:08:00,365.8,365.8,365.77,365.77,-0.01,75.48,27301.24,-1
2024-03-07,2024-03-07 11:09:00,365.77,365.77,365.75,365.75,-0.01,75.48,27301.24,-1
2024-03-07,2024-03-07 11:10:00,365.75,365.75,365.73,365.73,-0.01,75.48,27301.24,-1
2024-03-07,2024-03-07 11:11:00,365.73,365.73,365.7,365.7,-0.01,75.48,27301.24,-1
2024-03-07,2024-03-07 11:12:00,365.7,365.7,365.68,365.68,-0.01,75.48,27301.24,-1
2024-03-07,2024-03-07 11:13:00,365.68,365.68,365.65,365.65,-0.01,75.48,27301.24,-1
2024-03-07,2024-03-07 11:14:00,365.65,365.65,365.62,365.62,-0.01,75.48,27301.24,-1
2024-03-07,2024-03-07 11:15:00,365.62,365.62,365.6,365.6,-0.01,75.48,27301.24,-1
2024-03-07,2024-03-07 11:16:00,365.6,365.6,365.57,365.57,-0.01,75.48,27301.24,-1
2024-03-07,2024-03-07 11:17:00,365.57,365.57,365.55,365.55,-0.01,75.48,27301.24,-1
2024-03-07,2024-03-07 11:18:00,365.55,365.55,365.52,365.52,-0.01,75.48,27301.24,-1
2024-03-07,2024-03-07 11:19:00,365.52,365.52,365.5,365.5,-0.01,75.48,27301.24,-1
2024-03-07,2024-03-07 11:20:00,365.5,365.5,365.48,365.48,-0.01,75.48,27301.24,-1
2024-03-07,2024-03-07 11:21:00,365.48,365.48,365.45,365.45,-0.01,75.48,27301.24,-1
2024-03-07,2024-03-07 11:22:00,365.45,365.45,365.43,365.43,-0.01,75.48,27301.24,-1
2024-03-07,2024-03-07 11:23:00,365.43,365.43,365.4,365.4,-0.01,75.48,27301.24,-1
2024-03-07,2024-03-07 11:24:00,365.4,365.4,365.38,365.38,-0.01,75.48,27301.24,-1
2024-03-07,2024-03-07 11:25:00,365.38,365.38,365.35,365.35,-0.01,75.48,27301.24,-1
2024-03-07,2024-03-07 11:26:00,365.35,365.35,365.32,365.32,-0.01,75.48,27301.24,-1
2024-03-07,2024-03-07 11:27:00,365.32,365.32,365.3,365.3,-0.01,75.48,27301.24,-1
2024-03-07,2024-03-07 11:28:00,365.3,365.3,365.27,365.27,-0.01,75.48,27301.24,-1
2024-03-07,2024-03-07 11:29:00,365.27,365.27,365.25,365.25,-0.01,75.48,27301.24,-1
2024-03-07,2024-03-07 11:30:00,365.25,365.25,365.23,365.23,-0.01,75.48,27301.24,-1
2024-03-07,2024-03-07 11:31:00,365.23,365.23,365.2,365.2,-0.01,75.48,27301.24,-1
2024-03-07,2024-03-07 11:32:00,365.2,365.2,365.18,365.18,-0.01,75.48,27301.24,-1
2024-03-07,2024-03-07 11:33:00,365.18,365.18,365.15,365.15,-0.01,75.48,27301.24,-1
2024-03-07,2024-03-07 11:34:00,365.15,365.15,365.12,365.12,-0.01,75.48,27301.24,-1
2024-03-07,2024-03-07 11:35:00,365.12,365.12,365.1,365.1,-0.01,75.48,27301.24,-1
2024-03-07,2024-03-07 11:36:00,365.1,365.1,365.07,365.07,-0.01,75.48,27301.24,-1
2024-03-07,2024-03-07 11:37:00,365.07,365.07,365.05,365.05,-0.01,75.48,27301.24,-1
2024-03-07,2024-03-07 11:38:00,365.05,365.05,365.02,365.02,-0.01,75.48,27301.24,-1
2024-03-07,2024-03-07 11:39:00,365.02,365.02,365.0,365.0,-0.01,75.48,27301.24,-1
2024-03-07,2024-03-07 11:40:00,365.0,365.0,364.98,364.98,-0.01,75.48,27301.24,-1
2024-03-07,2024-03-07 11:41:00,364.98,364.98,364.95,364.95,-0.01,75.48,27301.24,-1
2024-03-07,2024-03-07 11:42:00,364.95,364.95,364.93,364.93,-0.01,75.48,27301.24,-1
2024-03-07,2024-03-07 11:43:00,364.93,364.93,364.9,364.9,-0.01,75.48,27301.24,-1
2024-03-07,2024-03-07 11:44:00,364.9,364.9,364.88,364.88,-0.01,75.48,27301.24,-1
2024-03-07,2024-03-07 11:45:00,364.88,364.88,364.85,364.85,-0.01,75.48,27301.24,-1
2024-03-07,2024-03-07 11:46:00,364.85,364.85,364.82,364.82,-0.01,75.48,27301.24,-1
2024-03-07,2024-03-07 11:47:00,364.82,364.82,364.8,364.8,-0.01,75.48,27301.24,-1
2024-03-07,2024-03-07 11:48:00,364.8,364.8,364.77,364.77,-0.01,75.48,27301.24,-1
2024-03-07,2024-03-07 11:49:00,364.77,364.77,364.75,364.75,-0.01,75.48,27301.24,-1
2024-03-07,2024-03-07 11:50:00,364.75,364.75,364.73,364.73,-0.01,75.48,27301.24,-1
2024-03-07,2024-03-07 11:51:00,364.73,364.73,364.7,364.7,-0.01,75.48,27301.24,-1
2024-03-07,2024-03-07 11:52:00,364.7,364.7,364.68,364.68,-0.01,75.48,27301.24,-1
2024-03-07,2024-03-07 11:53:00,364.68,364.68,364.65,364.65,-0.01,75.48,27301.24,-1
2024-03-07,2024-03-07 11:54:00,364.65,364.65,364.62,364.62,-0.01,75.48,27301.24,-1
2024-03-07,2024-03-07 11:55:00,364.62,364.62,364.6,364.6,-0.01,75.48,27301.24,-1
2024-03-07,2024-03-07 11:56:00,364.6,364.6,364.57,364.57,-0.01,75.48,27301.24,-1
2024-03-07,2024-03-07 11:57:00,364.57,364.57,364.55,364.55,-0.01,75.48,27301.24,-1
2024-03-07,2024-03-07 11:58:00,364.55,364.55,364.52,364.52,-0.01,75.48,27301.24,-1
2024-03-07,2024-03-07 11:59:00,364.52,364.52,364.5,364.5,-0.01,75.48,27301.24,-1
2024-03-07,2024-03-07 12:00:00,364.5,364.5,364.48,364.48,-0.01,75.48,27301.24,-1
2024-03-07,2024-03-07 12:01:00,364.48,364.48,364.45,364.45,-0.01,75.48,27301.24,-1
2024-03-07,2024-03-07 12:02:00,364.45,364.45,364.43,364.43,-0.01,75.48,27301.24,-1
2024-03-07,2024-03-07 12:03:00,364.43,364.43,364.4,364.4,-0.01,75.48,27301.24,-1
2024-03-07,2024-03-07 12:04:00,364.4,364.4,364.38,364.38,-0.01,75.48,27301.24,-1
2024-03-07,2024-03-07 12:05:00,364.38,364.38,364.35,364.35,-0.01,75.48,27301.24,-1
2024-03-07,2024-03-07 12:06:00,364.35,364.35,364.32,364.32,-0.01,75.48,27301.24,-1
2024-03-07,2024-03-07 12:07:00,364.32,364.32,364.3,364.3,-0.01,75.48,27301.24,-1
2024-03-07,2024-03-07 12:08:00,364.3,364.3,364.27,364.27,-0.01,75.48,27301.24,-1
2024-03-07,2024-03-07 12:09:00,364.27,364.27,364.25,364.25,-0.01,75.48,27301.24,-1
2024-03-07,2024-03-07 12:10:00,364.25,364.25,364.23,364.23,-0.01,75.48,27301.24,-1
2024-03-07,2024-03-07 12:11:00,364.23,364.23,364.2,364.2,-0.01,75.48,27301.24,-1
2024-03-07,2024-03-07 12:12:00,364.2,364.2,364.18,364.18,-0.01,75.48,27301.24,-1
2024-03-07,2024-03-07 12:13:00,364.18,364.18,364.15,364.15,-0.01,75.48,27301.24,-1
2024-03-07,2024-03-07 12:14:00,364.15,364.15,364.12,364.12,-0.01,75.48,27301.24,-1
2024-03-07,2024-03-07 12:15:00,364.12,364.12,364.1,364.1,-0.01,75.48,27301.24,-1
2024-03-07,2024-03-07 12:16:00,364.1,364.1,364.07,364.07,-0.01,75.48,27301.24,-1
2024-03-07,2024-03-07 12:17:00,364.07,364.07,364.05,364.05,-0.01,75.48,27301.24,-1
2024-03-07,2024-03-07 12:18:00,364.05,364.05,364.02,364.02,-0.01,75.48,27301.24,-1
2024-03-07,2024-03-07 12:19:00,364.02,364.02,364.0,364.0,-0.01,75.48,27301.24,-1
2024-03-07,2024-03-07 12:20:00,364.0,364.0,363.98,363.98,-0.01,75.48,27301.24,-1
2024-03-07,2024-03-07 12:21:00,363.98,363.98,363.95,363.95,-0.01,75.48,27301.24,-1
2024-03-07,2024-03-07 12:22:00,363.95,363.95,363.93,363.93,-0.01,75.48,27301.24,-1
2024-03-07,2024-03-07 12:23:00,363.93,363.93,363.9,363.9,-0.01,75.48,27301.24,-1
2024-03-07,2024-03-07 12:24:00,363.9,363.9,363.88,363.88,-0.01,75.48,27301.24,-1
2024-03-07,2024-03-07 12:25:00,363.88,363.88,363.85,363.85,-0.01,75.48,27301.24,-1
2024-03-07,2024-03-07 12:26:00,363.85,363.85,363.82,363.82,-0.01,75.48,27301.24,-1
2024-03-07,2024-03-07 12:27:00,363.82,363.82,363.8,363.8,-0.01,75.48,27301.24,-1
2024-03-07,2024-03-07 12:28:00,363.8,363.8,363.77,363.77,-0.01,75.48,27301.24,-1
2024-03-07,2024-03-07 12:29:00,363.77,363.77,363.75,363.75,-0.01,75.48,27301.24,-1
2024-03-07,2024-03-07 12:30:00,363.75,363.75,363.73,363.73,-0.01,75.48,27301.24,-1
2024-03-07,2024-03-07 12:31:00,363.73,363.73,363.7,363.7,-0.01,75.48,27301.24,-1
2024-03-07,2024-03-07 12:32:00,363.7,363.7,363.68,363.68,-0.01,75.48,27301.24,-1
2024-03-07,2024-03-07 12:33:00,363.68,363.68,363.65,363.65,-0.01,75.48,27301.24,-1
2024-03-07,2024-03-07 12:34:00,363.65,363.65,363.62,363.62,-0.01,75.48,27301.24,-1
2024-03-07,2024-03-07 12:35:00,363.62,363.62,363.6,363.6,-0.01,75.48,27301.24,-1
2024-03-07,2024-03-07 12:36:00,363.6,363.6,363.57,363.57,-0.01,75.48,27301.24,-1
2024-03-07,2024-03-07 12:37:00,363.57,363.57,363.55,363.55,-0.01,75.48,27301.24,-1
2024-03-07,2024-03-07 12:38:00,363.55,363.55,363.52,363.52,-0.01,75.48,27301.24,-1
2024-03-07,2024-03-07 12:39:00,363.52,363.52,363.5,363.5,-0.01,75.48,27301.24,-1
2024-03-07,2024-03-07 12:40:00,363.5,363.5,363.48,363.48,-0.01,75.48,27301.24,-1
2024-03-07,2024-03-07 12:41:00,363.48,363.48,363.45,363.45,-0.01,75.48,27301.24,-1
2024-03-07,2024-03-07 12:42:00,363.45,363.45,363.43,363.43,-0.01,75.48,27301.24,-1
2024-03-07,2024-03-07 12:43:00,363.43,363.43,363.4,363.4,-0.01,75.48,27301.24,-1
2024-03-07,2024-03-07 12:44:00,363.4,363.4,363.38,363.38,-0.01,75.48,27301.24,-1
2024-03-07,2024-03-07 12:45:00,363.38,363.38,363.35,363.35,-0.01,75.48,27301.24,-1
2024-03-07,2024-03-07 12:46:00,363.35,363.35,363.32,363.32,-0.01,75.48,27301.24,-1
2024-03-07,2024-03-07 12:47:00,363.32,363.32,363.3,363.3,-0.01,75.48,27301.24,-1
2024-03-07,2024-03-07 12:48:00,363.3,363.3,363.27,363.27,-0.01,75.48,27301.24,-1
2024-03-07,2024-03-07 12:49:00,363.27,363.27,363.25,363.25,-0.01,75.48,27301.24,-1
2024-03-07,2024-03-07 12:50:00,363.25,363.25,363.23,363.23,-0.01,75.48,27301.24,-1
2024-03-07,2024-03-07 12:51:00,363.23,363.23,363.2,363.2,-0.01,75.48,27301.24,-1
2024-03-07,2024-03-07 12:52:00,363.2,363.2,363.18,363.18,-0.01,75.48,27301.24,-1
2024-03-07,2024-03-07 12:53:00,363.18,363.18,363.15,363.15,-0.01,75.48,27301.24,-1
2024-03-07,2024-03-07 12:54:00,363.15,363.15,363.12,363.12,-0.01,75.48,27301.24,-1
2024-03-07,2024-03-07 12:55:00,363.12,363.12,363.1,363.1,-0.01,75.48,27301.24,-1
2024-03-07,2024-03-07 12:56:00,363.1,363.1,363.07,363.07,-0.01,75.48,27301.24,-1
2024-03-07,2024-03-07 12:57:00,363.07,363.07,363.05,363.05,-0.01,75.48,27301.24,-1
2024-03-07,2024-03-07 12:58:00,363.05,363.05,363.02,363.02,-0.01,75.48,27301.24,-1
2024-03-07,2024-03-07 12:59:00,363.02,363.02,363.0,363.0,-0.01,75.48,27301.24,-1
2024-03-07,2024-03-07 13:00:00,363.0,370.0,357.0,362.98,-0.01,75.48,27301.24,-1
2024-03-07,2024-03-07 13:01:00,362.98,362.98,362.95,362.95,-0.01,75.48,27301.24,-1
2024-03-07,2024-03-07 13:02:00,362.95,362.95,362.93,362.93,-0.01,75.48,27301.24,-1
2024-03-07,2024-03-07 13:03:00,362.93,362.93,362.9,362.9,-0.01,75.48,27301.24,-1
2024-03-07,2024-03-07 13:04:00,362.9,362.9,362.88,362.88,-0.01,75.48,27301.24,-1
2024-03-07,2024-03-07 13:05:00,362.88,362.88,362.85,362.85,-0.01,75.48,27301.24,-1
2024-03-07,2024-03-07 13:06:00,362.85,362.85,362.82,362.82,-0.01,75.48,27301.24,-1
2024-03-07,2024-03-07 13:07:00,362.82,362.82,362.8,362.8,-0.01,75.48,27301.24,-1
2024-03-07,2024-03-07 13:08:00,362.8,362.8,362.77,362.77,-0.01,75.48,27301.24,-1
2024-03-07,2024-03-07 13:09:00,362.77,362.77,362.75,362.75,-0.01,75.48,27301.24,-1
2024-03-07,2024-03-07 13:10:00,362.75,362.75,362.73,362.73,-0.01,75.48,27301.24,-1
2024-03-07,2024-03-07 13:11:00,362.73,362.73,362.7,362.7,-0.01,75.48,27301.24,-1
2024-03-07,2024-03-07 13:12:00,362.7,362.7,362.68,362.68,-0.01,75.48,27301.24,-1
2024-03-07,2024-03-07 13:13:00,362.68,362.68,362.65,362.65,-0.01,75.48,27301.24,-1
2024-03-07,2024-03-07 13:14:00,362.65,362.65,362.62,362.62,-0.01,75.48,27301.24,-1
2024-03-07,2024-03-07 13:15:00,362.62,362.62,362.6,362.6,-0.01,75.48,27301.24,-1
2024-03-07,2024-03-07 13:16:00,362.6,362.6,362.57,362.57,-0.01,75.48,27301.24,-1
2024-03-07,2024-03-07 13:17:00,362.57,362.57,362.55,362.55,-0.01,75.48,27301.24,-1
2024-03-07,2024-03-07 13:18:00,362.55,362.55,362.52,362.52,-0.01,75.48,27301.24,-1
2024-03-07,2024-03-07 13:19:00,362.52,362.52,362.5,362.5,-0.01,75.48,27301.24,-1
2024-03-07,2024-03-07 13:20:00,362.5,362.5,362.48,362.48,-0.01,75.48,27301.24,-1
2024-03-07,2024-03-07 13:21:00,362.48,362.48,362.45,362.45,-0.01,75.48,27301.24,-1
2024-03-07,2024-03-07 13:22:00,362.45,362.45,362.43,362.43,-0.01,75.48,27301.24,-1
2024-03-07,2024-03-07 13:23:00,362.43,362.43,362.4,362.4,-0.01,75.48,27301.24,-1
2024-03-07,2024-03-07 13:24:00,362.4,362.4,362.38,362.38,-0.01,75.48,27301.24,-1
2024-03-07,2024-03-07 13:25:00,362.38,362.38,362.35,362.35,-0.01,75.48,27301.24,-1
2024-03-07,2024-03-07 13:26:00,362.35,362.35,362.32,362.32,-0.01,75.48,27301.24,-1
2024-03-07,2024-03-07 13:27:00,362.32,362.32,362.3,362.3,-0.01,75.48,27301.24,-1
2024-03-07,2024-03-07 13:28:00,362.3,362.3,362.27,362.27,-0.01,75.48,27301.24,-1
2024-03-07,2024-03-07 13:29:00,362.27,362.27,362.25,362.25,-0.01,75.48,27301.24,-1
2024-03-07,2024-03-07 13:30:00,362.25,362.25,362.23,362.23,-0.01,75.48,27301.24,-1
2024-03-07,2024-03-07 13:31:00,362.23,362.23,362.2,362.2,-0.01,75.48,27301.24,-1
2024-03-07,2024-03-07 13:32:00,362.2,362.2,362.18,362.18,-0.01,75.48,27301.24,-1
2024-03-07,2024-03-07 13:33:00,362.18,362.18,362.15,362.15,-0.01,75.48,27301.24,-1
2024-03-07,2024-03-07 13:34:00,362.15,362.15,362.12,362.12,-0.01,75.48,27301.24,-1
2024-03-07,2024-03-07 13:35:00,362.12,362.12,362.1,362.1,-0.01,75.48,27301.24,-1
2024-03-07,2024-03-07 13:36:00,362.1,362.1,362.07,362.07,-0.01,75.48,27301.24,-1
2024-03-07,2024-03-07 13:37:00,362.07,362.07,362.05,362.05,-0.01,75.48,27301.24,-1
2024-03-07,2024-03-07 13:38:00,362.05,362.05,362.02,362.02,-0.01,75.48,27301.24,-1
2024-03-07,2024-03-07 13:39:00,362.02,362.02,362.0,362.0,-0.01,75.48,27301.24,-1
2024-03-07,2024-03-07 13:40:00,362.0,362.0,361.98,361.98,-0.01,75.48,27301.24,-1
2024-03-07,2024-03-07 13:41:00,361.98,361.98,361.95,361.95,-0.01,75.48,27301.24,-1
2024-03-07,2024-03-07 13:42:00,361.95,361.95,361.93,361.93,-0.01,75.48,27301.24,-1
2024-03-07,2024-03-07 13:43:00,361.93,361.93,361.9,361.9,-0.01,75.48,27301.24,-1
2024-03-07,2024-03-07 13:44:00,361.9,361.9,361.88,361.88,-0.01,75.48,27301.24,-1
2024-03-07,2024-03-07 13:45:00,361.88,361.88,361.85,361.85,-0.01,75.48,27301.24,-1
2024-03-07,2024-03-07 13:46:00,361.85,361.85,361.82,361.82,-0.01,75.48,27301.24,-1
2024-03-07,2024-03-07 13:47:00,361.82,361.82,361.8,361.8,-0.01,75.48,27301.24,-1
2024-03-07,2024-03-07 13:48:00,361.8,361.8,361.77,361.77,-0.01,75.48,27301.24,-1
2024-03-07,2024-03-07 13:49:00,361.77,361.77,361.75,361.75,-0.01,75.48,27301.24,-1
2024-03-07,2024-03-07 13:50:00,361.75,361.75,361.73,361.73,-0.01,75.48,27301.24,-1
2024-03-07,2024-03-07 13:51:00,361.73,361.73,361.7,361.7,-0.01,75.48,27301.24,-1
2024-03-07,2024-03-07 13:52:00,361.7,361.7,361.68,361.68,-0.01,75.48,27301.24,-1
2024-03-07,2024-03-07 13:53:00,361.68,361.68,361.65,361.65,-0.01,75.48,27301.24,-1
2024-03-07,2024-03-07 13:54:00,361.65,361.65,361.62,361.62,-0.01,75.48,27301.24,-1
2024-03-07,2024-03-07 13:55:00,361.62,361.62,361.6,361.6,-0.01,75.48,27301.24,-1
2024-03-07,2024-03-07 13:56:00,361.6,361.6,361.57,361.57,-0.01,75.48,27301.24,-1
2024-03-07,2024-03-07 13:57:00,361.57,361.57,361.55,361.55,-0.01,75.48,27301.24,-1
2024-03-07,2024-03-07 13:58:00,361.55,361.55,361.52,361.52,-0.01,75.48,27301.24,-1
2024-03-07,2024-03-07 13:59:00,361.52,361.52,361.5,361.5,-0.01,75.48,27301.24,-1
2024-03-07,2024-03-07 14:00:00,361.5,361.5,361.48,361.48,-0.01,75.48,27301.24,-1
2024-03-07,2024-03-07 14:01:00,361.48,361.48,361.45,361.45,-0.01,75.48,27301.24,-1
2024-03-07,2024-03-07 14:02:00,361.45,361.45,361.43,361.43,-0.01,75.48,27301.24,-1
2024-03-07,2024-03-07 14:03:00,361.43,361.43,361.4,361.4,-0.01,75.48,27301.24,-1
2024-03-07,2024-03-07 14:04:00,361.4,361.4,361.38,361.38,-0.01,75.48,27301.24,-1
2024-03-07,2024-03-07 14:05:00,361.38,361.38,361.35,361.35,-0.01,75.48,27301.24,-1
2024-03-07,2024-03-07 14:06:00,361.35,361.35,361.32,361.32,-0.01,75.48,27301.24,-1
2024-03-07,2024-03-07 14:07:00,361.32,361.32,361.3,361.3,-0.01,75.48,27301.24,-1
2024-03-07,2024-03-07 14:08:00,361.3,361.3,361.27,361.27,-0.01,75.48,27301.24,-1
2024-03-07,2024-03-07 14:09:00,361.27,361.27,361.25,361.25,-0.01,75.48,27301.24,-1
2024-03-07,2024-03-07 14:10:00,361.25,361.25,361.23,361.23,-0.01,75.48,27301.24,-1
2024-03-07,2024-03-07 14:11:00,361.23,361.23,361.2,361.2,-0.01,75.48,27301.24,-1
2024-03-07,2024-03-07 14:12:00,361.2,361.2,361.18,361.18,-0.01,75.48,27301.24,-1
2024-03-07,2024-03-07 14:13:00,361.18,361.18,361.15,361.15,-0.01,75.48,27301.24,-1
2024-03-07,2024-03-07 14:14:00,361.15,361.15,361.12,361.12,-0.01,75.48,27301.24,-1
2024-03-07,2024-03-07 14:15:00,361.12,361.12,361.1,361.1,-0.01,75.48,27301.24,-1
2024-03-07,2024-03-07 14:16:00,361.1,361.1,361.07,361.07,-0.01,75.48,27301.24,-1
2024-03-07,2024-03-07 14:17:00,361.07,361.07,361.05,361.05,-0.01,75.48,27301.24,-1
2024-03-07,2024-03-07 14:18:00,361.05,361.05,361.02,361.02,-0.01,75.48,27301.24,-1
2024-03-07,2024-03-07 14:19:00,361.02,361.02,361.0,361.0,-0.01,75.48,27301.24,-1
2024-03-07,2024-03-07 14:20:00,361.0,361.0,360.98,360.98,-0.01,75.48,27301.24,-1
2024-03-07,2024-03-07 14:21:00,360.98,360.98,360.95,360.95,-0.01,75.48,27301.24,-1
2024-03-07,2024-03-07 14:22:00,360.95,360.95,360.93,360.93,-0.01,75.48,27301.24,-1
2024-03-07,2024-03-07 14:23:00,360.93,360.93,360.9,360.9,-0.01,75.48,27301.24,-1
2024-03-07,2024-03-07 14:24:00,360.9,360.9,360.88,360.88,-0.01,75.48,27301.24,-1
2024-03-07,2024-03-07 14:25:00,360.88,360.88,360.85,360.85,-0.01,75.48,27301.24,-1
2024-03-07,2024-03-07 14:26:00,360.85,360.85,360.82,360.82,-0.01,75.48,27301.24,-1
2024-03-07,2024-03-07 14:27:00,360.82,360.82,360.8,360.8,-0.01,75.48,27301.24,-1
2024-03-07,2024-03-07 14:28:00,360.8,360.8,360.77,360.77,-0.01,75.48,27301.24,-1
2024-03-07,2024-03-07 14:29:00,360.77,360.77,360.75,360.75,-0.01,75.48,27301.24,-1
2024-03-07,2024-03-07 14:30:00,360.75,360.75,360.73,360.73,-0.01,75.48,27301.24,-1
2024-03-07,2024-03-07 14:31:00,360.73,360.73,360.7,360.7,-0.01,75.48,27301.24,-1
2024-03-07,2024-03-07 14:32:00,360.7,360.7,360.68,360.68,-0.01,75.48,27301.24,-1
2024-03-07,2024-03-07 14:33:00,360.68,360.68,360.65,360.65,-0.01,75.48,27301.24,-1
2024-03-07,2024-03-07 14:34:00,360.65,360.65,360.62,360.62,-0.01,75.48,27301.24,-1
2024-03-07,2024-03-07 14:35:00,360.62,360.62,360.6,360.6,-0.01,75.48,27301.24,-1
2024-03-07,2024-03-07 14:36:00,360.6,360.6,360.57,360.57,-0.01,75.48,27301.24,-1
2024-03-07,2024-03-07 14:37:00,360.57,360.57,360.55,360.55,-0.01,75.48,27301.24,-1
2024-03-07,2024-03-07 14:38:00,360.55,360.55,360.52,360.52,-0.01,75.48,27301.24,-1
2024-03-07,2024-03-07 14:39:00,360.52,360.52,360.5,360.5,-0.01,75.48,27301.24,-1
2024-03-07,2024-03-07 14:40:00,360.5,360.5,360.48,360.48,-0.01,75.48,27301.24,-1
2024-03-07,2024-03-07 14:41:00,360.48,360.48,360.45,360.45,-0.01,75.48,27301.24,-1
2024-03-07,2024-03-07 14:42:00,360.45,360.45,360.43,360.43,-0.01,75.48,27301.24,-1
2024-03-07,2024-03-07 14:43:00,360.43,360.43,360.4,360.4,-0.01,75.48,27301.24,-1
2024-03-07,2024-03-07 14:44:00,360.4,360.4,360.38,360.38,-0.01,75.48,27301.24,-1
2024-03-07,2024-03-07 14:45:00,360.38,360.38,360.35,360.35,-0.01,75.48,27301.24,-1
2024-03-07,2024-03-07 14:46:00,360.35,360.35,360.32,360.32,-0.01,75.48,27301.24,-1
2024-03-07,2024-03-07 14:47:00,360.32,360.32,360.3,360.3,-0.01,75.48,27301.24,-1
2024-03-07,2024-03-07 14:48:00,360.3,360.3,360.27,360.27,-0.01,75.48,27301.24,-1
2024-03-07,2024-03-07 14:49:00,360.27,360.27,360.25,360.25,-0.01,75.48,27301.24,-1
2024-03-07,2024-03-07 14:50:00,360.25,360.25,360.23,360.23,-0.01,75.48,27301.24,-1
2024-03-07,2024-03-07 14:51:00,360.23,360.23,360.2,360.2,-0.01,75.48,27301.24,-1
2024-03-07,2024-03-07 14:52:00,360.2,360.2,360.18,360.18,-0.01,75.48,27301.24,-1
2024-03-07,2024-03-07 14:53:00,360.18,360.18,360.15,360.15,-0.01,75.48,27301.24,-1
2024-03-07,2024-03-07 14:54:00,360.15,360.15,360.12,360.12,-0.01,75.48,27301.24,-1
2024-03-07,2024-03-07 14:55:00,360.12,360.12,360.1,360.1,-0.01,75.48,27301.24,-1
2024-03-07,2024-03-07 14:56:00,360.1,360.1,360.07,360.07,-0.01,75.48,27301.24,-1
2024-03-07,2024-03-07 14:57:00,360.07,360.07,360.05,360.05,-0.01,75.48,27301.24,-1
2024-03-07,2024-03-07 14:58:00,360.05,360.05,360.02,360.02,-0.01,75.48,27301.24,-1
2024-03-07,2024-03-07 14:59:00,360.02,360.02,360.0,360.0,-0.01,75.48,27301.24,-1
2024-03-07,2024-03-07 15:00:00,360.0,370.0,357.0,360.0,0.0,75.48,27301.24,0
2024-03-10,2024-03-10 11:00:00,367.0,367.0,362.8,366.99,-0.0,24.93,8974.55,-1
2024-03-10,2024-03-10 11:01:00,366.99,366.99,366.97,366.97,-0.01,24.93,8974.55,-1
2024-03-10,2024-03-10 11:02:00,366.97,366.97,366.96,366.96,-0.0,24.93,8974.55,-1
2024-03-10,2024-03-10 11:03:00,366.96,366.96,366.94,366.94,-0.01,24.93,8974.55,-1
2024-03-10,2024-03-10 11:04:00,366.94,366.94,366.93,366.93,-0.0,24.93,8974.55,-1
2024-03-10,2024-03-10 11:05:00,366.93,366.93,366.92,366.92,-0.0,24.93,8974.55,-1
2024-03-10,2024-03-10 11:06:00,366.92,366.92,366.9,366.9,-0.01,24.93,8974.55,-1
2024-03-10,2024-03-10 11:07:00,366.9,366.9,366.89,366.89,-0.0,24.93,8974.55,-1
2024-03-10,2024-03-10 11:08:00,366.89,366.89,366.88,366.88,-0.0,24.93,8974.55,-1
2024-03-10,2024-03-10 11:09:00,366.88,366.88,366.86,366.86,-0.01,24.93,8974.55,-1
2024-03-10,2024-03-10 11:10:00,366.86,366.86,366.85,366.85,-0.0,24.93,8974.55,-1
2024-03-10,2024-03-10 11:11:00,366.85,366.85,366.83,366.83,-0.01,24.93,8974.55,-1
2024-03-10,2024-03-10 11:12:00,366.83,366.83,366.82,366.82,-0.0,24.93,8974.55,-1
2024-03-10,2024-03-10 11:13:00,366.82,366.82,366.81,366.81,-0.0,24.93,8974.55,-1
2024-03-10,2024-03-10 11:14:00,366.81,366.81,366.79,366.79,-0.01,24.93,8974.55,-1
2024-03-10,2024-03-10 11:15:00,366.79,366.79,366.78,366.78,-0.0,24.93,8974.55,-1
2024-03-10,2024-03-10 11:16:00,366.78,366.78,366.77,366.77,-0.0,24.93,8974.55,-1
2024-03-10,2024-03-10 11:17:00,366.77,366.77,366.75,366.75,-0.01,24.93,8974.55,-1
2024-03-10,2024-03-10 11:18:00,366.75,366.75,366.74,366.74,-0.0,24.93,8974.55,-1
2024-03-10,2024-03-10 11:19:00,366.74,366.74,366.73,366.73,-0.0,24.93,8974.55,-1
2024-03-10,2024-03-10 11:20:00,366.73,366.73,366.71,366.71,-0.01,24.93,8974.55,-1
2024-03-10,2024-03-10 11:21:00,366.71,366.71,366.7,366.7,-0.0,24.93,8974.55,-1
2024-03-10,2024-03-10 11:22:00,366.7,366.7,366.68,366.68,-0.01,24.93,8974.55,-1
2024-03-10,2024-03-10 11:23:00,366.68,366.68,366.67,366.67,-0.0,24.93,8974.55,-1
2024-03-10,2024-03-10 11:24:00,366.67,366.67,366.66,366.66,-0.0,24.93,8974.55,-1
2024-03-10,2024-03-10 11:25:00,366.66,366.66,366.64,366.64,-0.01,24.93,8974.55,-1
2024-03-10,2024-03-10 11:26:00,366.64,366.64,366.63,366.63,-0.0,24.93,8974.55,-1
2024-03-10,2024-03-10 11:27:00,366.63,366.63,366.62,366.62,-0.0,24.93,8974.55,-1
2024-03-10,2024-03-10 11:28:00,366.62,366.62,366.6,366.6,-0.01,24.93,8974.55,-1
2024-03-10,2024-03-10 11:29:00,366.6,366.6,366.59,366.59,-0.0,24.93,8974.55,-1
2024-03-10,2024-03-10 11:30:00,366.59,366.59,366.57,366.57,-0.01,24.93,8974.55,-1
2024-03-10,2024-03-10 11:31:00,366.57,366.57,366.56,366.56,-0.0,24.93,8974.55,-1
2024-03-10,2024-03-10 11:32:00,366.56,366.56,366.55,366.55,-0.0,24.93,8974.55,-1
2024-03-10,2024-03-10 11:33:00,366.55,366.55,366.53,366.53,-0.01,24.93,8974.55,-1
2024-03-10,2024-03-10 11:34:00,366.53,366.53,366.52,366.52,-0.0,24.93,8974.55,-1
2024-03-10,2024-03-10 11:35:00,366.52,366.52,366.5,366.5,-0.01,24.93,8974.55,-1
2024-03-10,2024-03-10 11:36:00,366.5,366.5,366.49,366.49,-0.0,24.93,8974.55,-1
2024-03-10,2024-03-10 11:37:00,366.49,366.49,366.48,366.48,-0.0,24.93,8974.55,-1
2024-03-10,2024-03-10 11:38:00,366.48,366.48,366.46,366.46,-0.01,24.93,8974.55,-1
2024-03-10,2024-03-10 11:39:00,366.46,366.46,366.45,366.45,-0.0,24.93,8974.55,-1
2024-03-10,2024-03-10 11:40:00,366.45,366.45,366.44,366.44,-0.0,24.93,8974.55,-1
2024-03-10,2024-03-10 11:41:00,366.44,366.44,366.42,366.42,-0.01,24.93,8974.55,-1
2024-03-10,2024-03-10 11:42:00,366.42,366.42,366.41,366.41,-0.0,24.93,8974.55,-1
2024-03-10,2024-03-10 11:43:00,366.41,366.41,366.39,366.39,-0.01,24.93,8974.55,-1
2024-03-10,2024-03-10 11:44:00,366.39,366.39,366.38,366.38,-0.0,24.93,8974.55,-1
2024-03-10,2024-03-10 11:45:00,366.38,366.38,366.37,366.37,-0.0,24.93,8974.55,-1
2024-03-10,2024-03-10 11:46:00,366.37,366.37,366.35,366.35,-0.01,24.93,8974.55,-1
2024-03-10,2024-03-10 11:47:00,366.35,366.35,366.34,366.34,-0.0,24.93,8974.55,-1
2024-03-10,2024-03-10 11:48:00,366.34,366.34,366.33,366.33,-0.0,24.93,8974.55,-1
2024-03-10,2024-03-10 11:49:00,366.33,366.33,366.31,366.31,-0.01,24.93,8974.55,-1
2024-03-10,2024-03-10 11:50:00,366.31,366.31,366.3,366.3,-0.0,24.93,8974.55,-1
2024-03-10,2024-03-10 11:51:00,366.3,366.3,366.29,366.29,-0.0,24.93,8974.55,-1
2024-03-10,2024-03-10 11:52:00,366.29,366.29,366.27,366.27,-0.01,24.93,8974.55,-1
2024-03-10,2024-03-10 11:53:00,366.27,366.27,366.26,366.26,-0.0,24.93,8974.55,-1
2024-03-10,2024-03-10 11:54:00,366.26,366.26,366.24,366.24,-0.01,24.93,8974.55,-1
2024-03-10,2024-03-10 11:55:00,366.24,366.24,366.23,366.23,-0.0,24.93,8974.55,-1
2024-03-10,2024-03-10 11:56:00,366.23,366.23,366.22,366.22,-0.0,24.93,8974.55,-1
2024-03-10,2024-03-10 11:57:00,366.22,366.22,366.2,366.2,-0.01,24.93,8974.55,-1
2024-03-10,2024-03-10 11:58:00,366.2,366.2,366.19,366.19,-0.0,24.93,8974.55,-1
2024-03-10,2024-03-10 11:59:00,366.19,366.19,366.18,366.18,-0.0,24.93,8974.55,-1
2024-03-10,2024-03-10 12:00:00,366.18,366.18,366.16,366.16,-0.01,24.93,8974.55,-1
2024-03-10,2024-03-10 12:01:00,366.16,366.16,366.15,366.15,-0.0,24.93,8974.55,-1
2024-03-10,2024-03-10 12:02:00,366.15,366.15,366.13,366.13,-0.01,24.93,8974.55,-1
2024-03-10,2024-03-10 12:03:00,366.13,366.13,366.12,366.12,-0.0,24.93,8974.55,-1
2024-03-10,2024-03-10 12:04:00,366.12,366.12,366.11,366.11,-0.0,24.93,8974.55,-1
2024-03-10,2024-03-10 12:05:00,366.11,366.11,366.09,366.09,-0.01,24.93,8974.55,-1
2024-03-10,2024-03-10 12:06:00,366.09,366.09,366.08,366.08,-0.0,24.93,8974.55,-1
2024-03-10,2024-03-10 12:07:00,366.08,366.08,366.06,366.06,-0.01,24.93,8974.55,-1
2024-03-10,2024-03-10 12:08:00,366.06,366.06,366.05,366.05,-0.0,24.93,8974.55,-1
2024-03-10,2024-03-10 12:09:00,366.05,366.05,366.04,366.04,-0.0,24.93,8974.55,-1
2024-03-10,2024-03-10 12:10:00,366.04,366.04,366.02,366.02,-0.01,24.93,8974.55,-1
2024-03-10,2024-03-10 12:11:00,366.02,366.02,366.01,366.01,-0.0,24.93,8974.55,-1
2024-03-10,2024-03-10 12:12:00,366.01,366.01,366.0,366.0,-0.0,24.93,8974.55,-1
2024-03-10,2024-03-10 12:13:00,366.0,366.0,365.98,365.98,-0.01,24.93,8974.55,-1
2024-03-10,2024-03-10 12:14:00,365.98,365.98,365.97,365.97,-0.0,24.93,8974.55,-1
2024-03-10,2024-03-10 12:15:00,365.97,365.97,365.95,365.95,-0.01,24.93,8974.55,-1
2024-03-10,2024-03-10 12:16:00,365.95,365.95,365.94,365.94,-0.0,24.93,8974.55,-1
2024-03-10,2024-03-10 12:17:00,365.94,365.94,365.93,365.93,-0.0,24.93,8974.55,-1
2024-03-10,2024-03-10 12:18:00,365.93,365.93,365.91,365.91,-0.01,24.93,8974.55,-1
2024-03-10,2024-03-10 12:19:00,365.91,365.91,365.9,365.9,-0.0,24.93,8974.55,-1
2024-03-10,2024-03-10 12:20:00,365.9,365.9,365.89,365.89,-0.0,24.93,8974.55,-1
2024-03-10,2024-03-10 12:21:00,365.89,365.89,365.87,365.87,-0.01,24.93,8974.55,-1
2024-03-10,2024-03-10 12:22:00,365.87,365.87,365.86,365.86,-0.0,24.93,8974.55,-1
2024-03-10,2024-03-10 12:23:00,365.86,365.86,365.84,365.84,-0.01,24.93,8974.55,-1
2024-03-10,2024-03-10 12:24:00,365.84,365.84,365.83,365.83,-0.0,24.93,8974.55,-1
2024-03-10,2024-03-10 12:25:00,365.83,365.83,365.82,365.82,-0.0,24.93,8974.55,-1
2024-03-10,2024-03-10 12:26:00,365.82,365.82,365.8,365.8,-0.01,24.93,8974.55,-1
2024-03-10,2024-03-10 12:27:00,365.8,365.8,365.79,365.79,-0.0,24.93,8974.55,-1
2024-03-10,2024-03-10 12:28:00,365.79,365.79,365.78,365.78,-0.0,24.93,8974.55,-1
2024-03-10,2024-03-10 12:29:00,365.78,365.78,365.76,365.76,-0.01,24.93,8974.55,-1
2024-03-10,2024-03-10 12:30:00,365.76,365.76,365.75,365.75,-0.0,24.93,8974.55,-1
2024-03-10,2024-03-10 12:31:00,365.75,365.75,365.74,365.74,-0.0,24.93,8974.55,-1
2024-03-10,2024-03-10 12:32:00,365.74,365.74,365.72,365.72,-0.01,24.93,8974.55,-1
2024-03-10,2024-03-10 12:33:00,365.72,365.72,365.71,365.71,-0.0,24.93,8974.55,-1
2024-03-10,2024-03-10 12:34:00,365.71,365.71,365.69,365.69,-0.01,24.93,8974.55,-1
2024-03-10,2024-03-10 12:35:00,365.69,365.69,365.68,365.68,-0.0,24.93,8974.55,-1
2024-03-10,2024-03-10 12:36:00,365.68,365.68,365.67,365.67,-0.0,24.93,8974.55,-1
2024-03-10,2024-03-10 12:37:00,365.67,365.67,365.65,365.65,-0.01,24.93,8974.55,-1
2024-03-10,2024-03-10 12:38:00,365.65,365.65,365.64,365.64,-0.0,24.93,8974.55,-1
2024-03-10,2024-03-10 12:39:00,365.64,365.64,365.62,365.62,-0.01,24.93,8974.55,-1
2024-03-10,2024-03-10 12:40:00,365.62,365.62,365.61,365.61,-0.0,24.93,8974.55,-1
2024-03-10,2024-03-10 12:41:00,365.61,365.61,365.6,365.6,-0.0,24.93,8974.55,-1
2024-03-10,2024-03-10 12:42:00,365.6,365.6,365.58,365.58,-0.01,24.93,8974.55,-1
2024-03-10,2024-03-10 12:43:00,365.58,365.58,365.57,365.57,-0.0,24.93,8974.55,-1
2024-03-10,2024-03-10 12:44:00,365.57,365.57,365.56,365.56,-0.0,24.93,8974.55,-1
2024-03-10,2024-03-10 12:45:00,365.56,365.56,365.54,365.54,-0.01,24.93,8974.55,-1
2024-03-10,2024-03-10 12:46:00,365.54,365.54,365.53,365.53,-0.0,24.93,8974.55,-1
2024-03-10,2024-03-10 12:47:00,365.53,365.53,365.51,365.51,-0.01,24.93,8974.55,-1
2024-03-10,2024-03-10 12:48:00,365.51,365.51,365.5,365.5,-0.0,24.93,8974.55,-1
2024-03-10,2024-03-10 12:49:00,365.5,365.5,365.49,365.49,-0.0,24.93,8974.55,-1
2024-03-10,2024-03-10 12:50:00,365.49,365.49,365.47,365.47,-0.01,24.93,8974.55,-1
2024-03-10,2024-03-10 12:51:00,365.47,365.47,365.46,365.46,-0.0,24.93,8974.55,-1
2024-03-10,2024-03-10 12:52:00,365.46,365.46,365.45,365.45,-0.0,24.93,8974.55,-1
2024-03-10,2024-03-10 12:53:00,365.45,365.45,365.43,365.43,-0.01,24.93,8974.55,-1
2024-03-10,2024-03-10 12:54:00,365.43,365.43,365.42,365.42,-0.0,24.93,8974.55,-1
2024-03-10,2024-03-10 12:55:00,365.42,365.42,365.4,365.4,-0.01,24.93,8974.55,-1
2024-03-10,2024-03-10 12:56:00,365.4,365.4,365.39,365.39,-0.0,24.93,8974.55,-1
2024-03-10,2024-03-10 12:57:00,365.39,365.39,365.38,365.38,-0.0,24.93,8974.55,-1
2024-03-10,2024-03-10 12:58:00,365.38,365.38,365.36,365.36,-0.01,24.93,8974.55,-1
2024-03-10,2024-03-10 12:59:00,365.36,365.36,365.35,365.35,-0.0,24.93,8974.55,-1
2024-03-10,2024-03-10 13:00:00,365.35,367.0,353.0,365.34,-0.0,24.93,8974.55,-1
2024-03-10,2024-03-10 13:01:00,365.34,365.34,365.32,365.32,-0.01,24.93,8974.55,-1
2024-03-10,2024-03-10 13:02:00,365.32,365.32,365.31,365.31,-0.0,24.93,8974.55,-1
2024-03-10,2024-03-10 13:03:00,365.31,365.31,365.3,365.3,-0.0,24.93,8974.55,-1
2024-03-10,2024-03-10 13:04:00,365.3,365.3,365.28,365.28,-0.01,24.93,8974.55,-1
2024-03-10,2024-03-10 13:05:00,365.28,365.28,365.27,365.27,-0.0,24.93,8974.55,-1
2024-03-10,2024-03-10 13:06:00,365.27,365.27,365.25,365.25,-0.01,24.93,8974.55,-1
2024-03-10,2024-03-10 13:07:00,365.25,365.25,365.24,365.24,-0.0,24.93,8974.55,-1
2024-03-10,2024-03-10 13:08:00,365.24,365.24,365.23,365.23,-0.0,24.93,8974.55,-1
2024-03-10,2024-03-10 13:09:00,365.23,365.23,365.21,365.21,-0.01,24.93,8974.55,-1
2024-03-10,2024-03-10 13:10:00,365.21,365.21,365.2,365.2,-0.0,24.93,8974.55,-1
2024-03-10,2024-03-10 13:11:00,365.2,365.2,365.19,365.19,-0.0,24.93,8974.55,-1
2024-03-10,2024-03-10 13:12:00,365.19,365.19,365.17,365.17,-0.01,24.93,8974.55,-1
2024-03-10,2024-03-10 13:13:00,365.17,365.17,365.16,365.16,-0.0,24.93,8974.55,-1
2024-03-10,2024-03-10 13:14:00,365.16,365.16,365.14,365.14,-0.01,24.93,8974.55,-1
2024-03-10,2024-03-10 13:15:00,365.14,365.14,365.13,365.13,-0.0,24.93,8974.55,-1
2024-03-10,2024-03-10 13:16:00,365.13,365.13,365.12,365.12,-0.0,24.93,8974.55,-1
2024-03-10,2024-03-10 13:17:00,365.12,365.12,365.1,365.1,-0.01,24.93,8974.55,-1
2024-03-10,2024-03-10 13:18:00,365.1,365.1,365.09,365.09,-0.0,24.93,8974.55,-1
2024-03-10,2024-03-10 13:19:00,365.09,365.09,365.07,365.07,-0.01,24.93,8974.55,-1
2024-03-10,2024-03-10 13:20:00,365.07,365.07,365.06,365.06,-0.0,24.93,8974.55,-1
2024-03-10,2024-03-10 13:21:00,365.06,365.06,365.05,365.05,-0.0,24.93,8974.55,-1
2024-03-10,2024-03-10 13:22:00,365.05,365.05,365.03,365.03,-0.01,24.93,8974.55,-1
2024-03-10,2024-03-10 13:23:00,365.03,365.03,365.02,365.02,-0.0,24.93,8974.55,-1
2024-03-10,2024-03-10 13:24:00,365.02,365.02,365.01,365.01,-0.0,24.93,8974.55,-1
2024-03-10,2024-03-10 13:25:00,365.01,365.01,364.99,364.99,-0.01,24.93,8974.55,-1
2024-03-10,2024-03-10 13:26:00,364.99,364.99,364.98,364.98,-0.0,24.93,8974.55,-1
2024-03-10,2024-03-10 13:27:00,364.98,364.98,364.96,364.96,-0.01,24.93,8974.55,-1
2024-03-10,2024-03-10 13:28:00,364.96,364.96,364.95,364.95,-0.0,24.93,8974.55,-1
2024-03-10,2024-03-10 13:29:00,364.95,364.95,364.94,364.94,-0.0,24.93,8974.55,-1
2024-03-10,2024-03-10 13:30:00,364.94,364.94,364.92,364.92,-0.01,24.93,8974.55,-1
2024-03-10,2024-03-10 13:31:00,364.92,364.92,364.91,364.91,-0.0,24.93,8974.55,-1
2024-03-10,2024-03-10 13:32:00,364.91,364.91,364.9,364.9,-0.0,24.93,8974.55,-1
2024-03-10,2024-03-10 13:33:00,364.9,364.9,364.88,364.88,-0.01,24.93,8974.55,-1
2024-03-10,2024-03-10 13:34:00,364.88,364.88,364.87,364.87,-0.0,24.93,8974.55,-1
2024-03-10,2024-03-10 13:35:00,364.87,364.87,364.86,364.86,-0.0,24.93,8974.55,-1
2024-03-10,2024-03-10 13:36:00,364.86,364.86,364.84,364.84,-0.01,24.93,8974.55,-1
2024-03-10,2024-03-10 13:37:00,364.84,364.84,364.83,364.83,-0.0,24.93,8974.55,-1
2024-03-10,2024-03-10 13:38:00,364.83,364.83,364.81,364.81,-0.01,24.93,8974.55,-1
2024-03-10,2024-03-10 13:39:00,364.81,364.81,364.8,364.8,-0.0,24.93,8974.55,-1
2024-03-10,2024-03-10 13:40:00,364.8,364.8,364.79,364.79,-0.0,24.93,8974.55,-1
2024-03-10,2024-03-10 13:41:00,364.79,364.79,364.77,364.77,-0.01,24.93,8974.55,-1
2024-03-10,2024-03-10 13:42:00,364.77,364.77,364.76,364.76,-0.0,24.93,8974.55,-1
2024-03-10,2024-03-10 13:43:00,364.76,364.76,364.75,364.75,-0.0,24.93,8974.55,-1
2024-03-10,2024-03-10 13:44:00,364.75,364.75,364.73,364.73,-0.01,24.93,8974.55,-1
2024-03-10,2024-03-10 13:45:00,364.73,364.73,364.72,364.72,-0.0,24.93,8974.55,-1
2024-03-10,2024-03-10 13:46:00,364.72,364.72,364.7,364.7,-0.01,24.93,8974.55,-1
2024-03-10,2024-03-10 13:47:00,364.7,364.7,364.69,364.69,-0.0,24.93,8974.55,-1
2024-03-10,2024-03-10 13:48:00,364.69,364.69,364.68,364.68,-0.0,24.93,8974.55,-1
2024-03-10,2024-03-10 13:49:00,364.68,364.68,364.66,364.66,-0.01,24.93,8974.55,-1
2024-03-10,2024-03-10 13:50:00,364.66,364.66,364.65,364.65,-0.0,24.93,8974.55,-1
2024-03-10,2024-03-10 13:51:00,364.65,364.65,364.63,364.63,-0.01,24.93,8974.55,-1
2024-03-10,2024-03-10 13:52:00,364.63,364.63,364.62,364.62,-0.0,24.93,8974.55,-1
2024-03-10,2024-03-10 13:53:00,364.62,364.62,364.61,364.61,-0.0,24.93,8974.55,-1
2024-03-10,2024-03-10 13:54:00,364.61,364.61,364.59,364.59,-0.01,24.93,8974.55,-1
2024-03-10,2024-03-10 13:55:00,364.59,364.59,364.58,364.58,-0.0,24.93,8974.55,-1
2024-03-10,2024-03-10 13:56:00,364.58,364.58,364.57,364.57,-0.0,24.93,8974.55,-1
2024-03-10,2024-03-10 13:57:00,364.57,364.57,364.55,364.55,-0.01,24.93,8974.55,-1
2024-03-10,2024-03-10 13:58:00,364.55,364.55,364.54,364.54,-0.0,24.93,8974.55,-1
2024-03-10,2024-03-10 13:59:00,364.54,364.54,364.52,364.52,-0.01,24.93,8974.55,-1
2024-03-10,2024-03-10 14:00:00,364.52,364.52,364.51,364.51,-0.0,24.93,8974.55,-1
2024-03-10,2024-03-10 14:01:00,364.51,364.51,364.5,364.5,-0.0,24.93,8974.55,-1
2024-03-10,2024-03-10 14:02:00,364.5,364.5,364.48,364.48,-0.01,24.93,8974.55,-1
2024-03-10,2024-03-10 14:03:00,364.48,364.48,364.47,364.47,-0.0,24.93,8974.55,-1
2024-03-10,2024-03-10 14:04:00,364.47,364.47,364.46,364.46,-0.0,24.93,8974.55,-1
2024-03-10,2024-03-10 14:05:00,364.46,364.46,364.44,364.44,-0.01,24.93,8974.55,-1
2024-03-10,2024-03-10 14:06:00,364.44,364.44,364.43,364.43,-0.0,24.93,8974.55,-1
2024-03-10,2024-03-10 14:07:00,364.43,364.43,364.41,364.41,-0.01,24.93,8974.55,-1
2024-03-10,2024-03-10 14:08:00,364.41,364.41,364.4,364.4,-0.0,24.93,8974.55,-1
2024-03-10,2024-03-10 14:09:00,364.4,364.4,364.39,364.39,-0.0,24.93,8974.55,-1
2024-03-10,2024-03-10 14:10:00,364.39,364.39,364.37,364.37,-0.01,24.93,8974.55,-1
2024-03-10,2024-03-10 14:11:00,364.37,364.37,364.36,364.36,-0.0,24.93,8974.55,-1
2024-03-10,2024-03-10 14:12:00,364.36,364.36,364.35,364.35,-0.0,24.93,8974.55,-1
2024-03-10,2024-03-10 14:13:00,364.35,364.35,364.33,364.33,-0.01,24.93,8974.55,-1
2024-03-10,2024-03-10 14:14:00,364.33,364.33,364.32,364.32,-0.0,24.93,8974.55,-1
2024-03-10,2024-03-10 14:15:00,364.32,364.32,364.31,364.31,-0.0,24.93,8974.55,-1
2024-03-10,2024-03-10 14:16:00,364.31,364.31,364.29,364.29,-0.01,24.93,8974.55,-1
2024-03-10,2024-03-10 14:17:00,364.29,364.29,364.28,364.28,-0.0,24.93,8974.55,-1
2024-03-10,2024-03-10 14:18:00,364.28,364.28,364.26,364.26,-0.01,24.93,8974.55,-1
2024-03-10,2024-03-10 14:19:00,364.26,364.26,364.25,364.25,-0.0,24.93,8974.55,-1
2024-03-10,2024-03-10 14:20:00,364.25,364.25,364.24,364.24,-0.0,24.93,8974.55,-1
2024-03-10,2024-03-10 14:21:00,364.24,364.24,364.22,364.22,-0.01,24.93,8974.55,-1
2024-03-10,2024-03-10 14:22:00,364.22,364.22,364.21,364.21,-0.0,24.93,8974.55,-1
2024-03-10,2024-03-10 14:23:00,364.21,364.21,364.19,364.19,-0.01,24.93,8974.55,-1
2024-03-10,2024-03-10 14:24:00,364.19,364.19,364.18,364.18,-0.0,24.93,8974.55,-1
2024-03-10,2024-03-10 14:25:00,364.18,364.18,364.17,364.17,-0.0,24.93,8974.55,-1
2024-03-10,2024-03-10 14:26:00,364.17,364.17,364.15,364.15,-0.01,24.93,8974.55,-1
2024-03-10,2024-03-10 14:27:00,364.15,364.15,364.14,364.14,-0.0,24.93,8974.55,-1
2024-03-10,2024-03-10 14:28:00,364.14,364.14,364.13,364.13,-0.0,24.93,8974.55,-1
2024-03-10,2024-03-10 14:29:00,364.13,364.13,364.11,364.11,-0.01,24.93,8974.55,-1
2024-03-10,2024-03-10 14:30:00,364.11,364.11,364.1,364.1,-0.0,24.93,8974.55,-1
2024-03-10,2024-03-10 14:31:00,364.1,364.1,364.08,364.08,-0.01,24.93,8974.55,-1
2024-03-10,2024-03-10 14:32:00,364.08,364.08,364.07,364.07,-0.0,24.93,8974.55,-1
2024-03-10,2024-03-10 14:33:00,364.07,364.07,364.06,364.06,-0.0,24.93,8974.55,-1
2024-03-10,2024-03-10 14:34:00,364.06,364.06,364.04,364.04,-0.01,24.93,8974.55,-1
2024-03-10,2024-03-10 14:35:00,364.04,364.04,364.03,364.03,-0.0,24.93,8974.55,-1
2024-03-10,2024-03-10 14:36:00,364.03,364.03,364.02,364.02,-0.0,24.93,8974.55,-1
2024-03-10,2024-03-10 14:37:00,364.02,364.02,364.0,364.0,-0.01,24.93,8974.55,-1
2024-03-10,2024-03-10 14:38:00,364.0,364.0,363.99,363.99,-0.0,24.93,8974.55,-1
2024-03-10,2024-03-10 14:39:00,363.99,363.99,363.97,363.97,-0.01,24.93,8974.55,-1
2024-03-10,2024-03-10 14:40:00,363.97,363.97,363.96,363.96,-0.0,24.93,8974.55,-1
2024-03-10,2024-03-10 14:41:00,363.96,363.96,363.95,363.95,-0.0,24.93,8974.55,-1
2024-03-10,2024-03-10 14:42:00,363.95,363.95,363.93,363.93,-0.01,24.93,8974.55,-1
2024-03-10,2024-03-10 14:43:00,363.93,363.93,363.92,363.92,-0.0,24.93,8974.55,-1
2024-03-10,2024-03-10 14:44:00,363.92,363.92,363.91,363.91,-0.0,24.93,8974.55,-1
2024-03-10,2024-03-10 14:45:00,363.91,363.91,363.89,363.89,-0.01,24.93,8974.55,-1
2024-03-10,2024-03-10 14:46:00,363.89,363.89,363.88,363.88,-0.0,24.93,8974.55,-1
2024-03-10,2024-03-10 14:47:00,363.88,363.88,363.87,363.87,-0.0,24.93,8974.55,-1
2024-03-10,2024-03-10 14:48:00,363.87,363.87,363.85,363.85,-0.01,24.93,8974.55,-1
2024-03-10,2024-03-10 14:49:00,363.85,363.85,363.84,363.84,-0.0,24.93,8974.55,-1
2024-03-10,2024-03-10 14:50:00,363.84,363.84,363.82,363.82,-0.01,24.93,8974.55,-1
2024-03-10,2024-03-10 14:51:00,363.82,363.82,363.81,363.81,-0.0,24.93,8974.55,-1
2024-03-10,2024-03-10 14:52:00,363.81,363.81,363.8,363.8,-0.0,24.93,8974.55,-1
2024-03-10,2024-03-10 14:53:00,363.8,363.8,363.78,363.78,-0.01,24.93,8974.55,-1
2024-03-10,2024-03-10 14:54:00,363.78,363.78,363.77,363.77,-0.0,24.93,8974.55,-1
2024-03-10,2024-03-10 14:55:00,363.77,363.77,363.75,363.75,-0.01,24.93,8974.55,-1
2024-03-10,2024-03-10 14:56:00,363.75,363.75,363.74,363.74,-0.0,24.93,8974.55,-1
2024-03-10,2024-03-10 14:57:00,363.74,363.74,363.73,363.73,-0.0,24.93,8974.55,-1
2024-03-10,2024-03-10 14:58:00,363.73,363.73,363.71,363.71,-0.01,24.93,8974.55,-1
2024-03-10,2024-03-10 14:59:00,363.71,363.71,363.7,363.7,-0.0,24.93,8974.55,-1
2024-03-10,2024-03-10 15:00:00,363.7,367.0,353.0,363.7,0.0,24.93,8974.55,0
2024-03-12,2024-03-12 11:00:00,360.0,360.9,358.08,360.01,0.0,78.91,28332.98,1
2024-03-12,2024-03-12 11:01:00,360.01,360.02,360.01,360.02,0.0,78.91,28332.98,1
2024-03-12,2024-03-12 11:02:00,360.02,360.04,360.02,360.04,0.01,78.91,28332.98,1
2024-03-12,2024-03-12 11:03:00,360.04,360.05,360.04,360.05,0.0,78.91,28332.98,1
2024-03-12,2024-03-12 11:04:00,360.05,360.06,360.05,360.06,0.0,78.91,28332.98,1
2024-03-12,2024-03-12 11:05:00,360.06,360.07,360.06,360.07,0.0,78.91,28332.98,1
2024-03-12,2024-03-12 11:06:00,360.07,360.09,360.07,360.09,0.01,78.91,28332.98,1
2024-03-12,2024-03-12 11:07:00,360.09,360.1,360.09,360.1,0.0,78.91,28332.98,1
2024-03-12,2024-03-12 11:08:00,360.1,360.11,360.1,360.11,0.0,78.91,28332.98,1
2024-03-12,2024-03-12 11:09:00,360.11,360.12,360.11,360.12,0.0,78.91,28332.98,1
2024-03-12,2024-03-12 11:10:00,360.12,360.14,360.12,360.14,0.01,78.91,28332.98,1
2024-03-12,2024-03-12 11:11:00,360.14,360.15,360.14,360.15,0.0,78.91,28332.98,1
2024-03-12,2024-03-12 11:12:00,360.15,360.16,360.15,360.16,0.0,78.91,28332.98,1
2024-03-12,2024-03-12 11:13:00,360.16,360.18,360.16,360.18,0.01,78.91,28332.98,1
2024-03-12,2024-03-12 11:14:00,360.18,360.19,360.18,360.19,0.0,78.91,28332.98,1
2024-03-12,2024-03-12 11:15:00,360.19,360.2,360.19,360.2,0.0,78.91,28332.98,1
2024-03-12,2024-03-12 11:16:00,360.2,360.21,360.2,360.21,0.0,78.91,28332.98,1
2024-03-12,2024-03-12 11:17:00,360.21,360.23,360.21,360.23,0.01,78.91,28332.98,1
2024-03-12,2024-03-12 11:18:00,360.23,360.24,360.23,360.24,0.0,78.91,28332.98,1
2024-03-12,2024-03-12 11:19:00,360.24,360.25,360.24,360.25,0.0,78.91,28332.98,1
2024-03-12,2024-03-12 11:20:00,360.25,360.26,360.25,360.26,0.0,78.91,28332.98,1
2024-03-12,2024-03-12 11:21:00,360.26,360.27,360.26,360.27,0.0,78.91,28332.98,1
2024-03-12,2024-03-12 11:22:00,360.27,360.29,360.27,360.29,0.01,78.91,28332.98,1
2024-03-12,2024-03-12 11:23:00,360.29,360.3,360.29,360.3,0.0,78.91,28332.98,1
2024-03-12,2024-03-12 11:24:00,360.3,360.31,360.3,360.31,0.0,78.91,28332.98,1
2024-03-12,2024-03-12 11:25:00,360.31,360.32,360.31,360.32,0.0,78.91,28332.98,1
2024-03-12,2024-03-12 11:26:00,360.32,360.34,360.32,360.34,0.01,78.91,28332.98,1
2024-03-12,2024-03-12 11:27:00,360.34,360.35,360.34,360.35,0.0,78.91,28332.98,1
2024-03-12,2024-03-12 11:28:00,360.35,360.36,360.35,360.36,0.0,78.91,28332.98,1
2024-03-12,2024-03-12 11:29:00,360.36,360.38,360.36,360.38,0.01,78.91,28332.98,1
2024-03-12,2024-03-12 11:30:00,360.38,360.39,360.38,360.39,0.0,78.91,28332.98,1
2024-03-12,2024-03-12 11:31:00,360.39,360.4,360.39,360.4,0.0,78.91,28332.98,1
2024-03-12,2024-03-12 11:32:00,360.4,360.41,360.4,360.41,0.0,78.91,28332.98,1
2024-03-12,2024-03-12 11:33:00,360.41,360.43,360.41,360.43,0.01,78.91,28332.98,1
2024-03-12,2024-03-12 11:34:00,360.43,360.44,360.43,360.44,0.0,78.91,28332.98,1
2024-03-12,2024-03-12 11:35:00,360.44,360.45,360.44,360.45,0.0,78.91,28332.98,1
2024-03-12,2024-03-12 11:36:00,360.45,360.46,360.45,360.46,0.0,78.91,28332.98,1
2024-03-12,2024-03-12 11:37:00,360.46,360.48,360.46,360.48,0.01,78.91,28332.98,1
2024-03-12,2024-03-12 11:38:00,360.48,360.49,360.48,360.49,0.0,78.91,28332.98,1
2024-03-12,2024-03-12 11:39:00,360.49,360.5,360.49,360.5,0.0,78.91,28332.98,1
2024-03-12,2024-03-12 11:40:00,360.5,360.51,360.5,360.51,0.0,78.91,28332.98,1
2024-03-12,2024-03-12 11:41:00,360.51,360.52,360.51,360.52,0.0,78.91,28332.98,1
2024-03-12,2024-03-12 11:42:00,360.52,360.54,360.52,360.54,0.01,78.91,28332.98,1
2024-03-12,2024-03-12 11:43:00,360.54,360.55,360.54,360.55,0.0,78.91,28332.98,1
2024-03-12,2024-03-12 11:44:00,360.55,360.56,360.55,360.56,0.0,78.91,28332.98,1
2024-03-12,2024-03-12 11:45:00,360.56,360.57,360.56,360.57,0.0,78.91,28332.98,1
2024-03-12,2024-03-12 11:46:00,360.57,360.59,360.57,360.59,0.01,78.91,28332.98,1
2024-03-12,2024-03-12 11:47:00,360.59,360.6,360.59,360.6,0.0,78.91,28332.98,1
2024-03-12,2024-03-12 11:48:00,360.6,360.61,360.6,360.61,0.0,78.91,28332.98,1
2024-03-12,2024-03-12 11:49:00,360.61,360.62,360.61,360.62,0.0,78.91,28332.98,1
2024-03-12,2024-03-12 11:50:00,360.62,360.64,360.62,360.64,0.01,78.91,28332.98,1
2024-03-12,2024-03-12 11:51:00,360.64,360.65,360.64,360.65,0.0,78.91,28332.98,1
2024-03-12,2024-03-12 11:52:00,360.65,360.66,360.65,360.66,0.0,78.91,28332.98,1
2024-03-12,2024-03-12 11:53:00,360.66,360.68,360.66,360.68,0.01,78.91,28332.98,1
2024-03-12,2024-03-12 11:54:00,360.68,360.69,360.68,360.69,0.0,78.91,28332.98,1
2024-03-12,2024-03-12 11:55:00,360.69,360.7,360.69,360.7,0.0,78.91,28332.98,1
2024-03-12,2024-03-12 11:56:00,360.7,360.71,360.7,360.71,0.0,78.91,28332.98,1
2024-03-12,2024-03-12 11:57:00,360.71,360.73,360.71,360.73,0.01,78.91,28332.98,1
2024-03-12,2024-03-12 11:58:00,360.73,360.74,360.73,360.74,0.0,78.91,28332.98,1
2024-03-12,2024-03-12 11:59:00,360.74,360.75,360.74,360.75,0.0,78.91,28332.98,1
2024-03-12,2024-03-12 12:00:00,360.75,360.76,360.75,360.76,0.0,78.91,28332.98,1
2024-03-12,2024-03-12 12:01:00,360.76,360.77,360.76,360.77,0.0,78.91,28332.98,1
2024-03-12,2024-03-12 12:02:00,360.77,360.79,360.77,360.79,0.01,78.91,28332.98,1
2024-03-12,2024-03-12 12:03:00,360.79,360.8,360.79,360.8,0.0,78.91,28332.98,1
2024-03-12,2024-03-12 12:04:00,360.8,360.81,360.8,360.81,0.0,78.91,28332.98,1
2024-03-12,2024-03-12 12:05:00,360.81,360.82,360.81,360.82,0.0,78.91,28332.98,1
2024-03-12,2024-03-12 12:06:00,360.82,360.84,360.82,360.84,0.01,78.91,28332.98,1
2024-03-12,2024-03-12 12:07:00,360.84,360.85,360.84,360.85,0.0,78.91,28332.98,1
2024-03-12,2024-03-12 12:08:00,360.85,360.86,360.85,360.86,0.0,78.91,28332.98,1
2024-03-12,2024-03-12 12:09:00,360.86,360.88,360.86,360.88,0.01,78.91,28332.98,1
2024-03-12,2024-03-12 12:10:00,360.88,360.89,360.88,360.89,0.0,78.91,28332.98,1
2024-03-12,2024-03-12 12:11:00,360.89,360.9,360.89,360.9,0.0,78.91,28332.98,1
2024-03-12,2024-03-12 12:12:00,360.9,360.91,360.9,360.91,0.0,78.91,28332.98,1
2024-03-12,2024-03-12 12:13:00,360.91,360.93,360.91,360.93,0.01,78.91,28332.98,1
2024-03-12,2024-03-12 12:14:00,360.93,360.94,360.93,360.94,0.0,78.91,28332.98,1
2024-03-12,2024-03-12 12:15:00,360.94,360.95,360.94,360.95,0.0,78.91,28332.98,1
2024-03-12,2024-03-12 12:16:00,360.95,360.96,360.95,360.96,0.0,78.91,28332.98,1
2024-03-12,2024-03-12 12:17:00,360.96,360.98,360.96,360.98,0.01,78.91,28332.98,1
2024-03-12,2024-03-12 12:18:00,360.98,360.99,360.98,360.99,0.0,78.91,28332.98,1
2024-03-12,2024-03-12 12:19:00,360.99,361.0,360.99,361.0,0.0,78.91,28332.98,1
2024-03-12,2024-03-12 12:20:00,361.0,361.01,361.0,361.01,0.0,78.91,28332.98,1
2024-03-12,2024-03-12 12:21:00,361.01,361.02,361.01,361.02,0.0,78.91,28332.98,1
2024-03-12,2024-03-12 12:22:00,361.02,361.04,361.02,361.04,0.01,78.91,28332.98,1
2024-03-12,2024-03-12 12:23:00,361.04,361.05,361.04,361.05,0.0,78.91,28332.98,1
2024-03-12,2024-03-12 12:24:00,361.05,361.06,361.05,361.06,0.0,78.91,28332.98,1
2024-03-12,2024-03-12 12:25:00,361.06,361.07,361.06,361.07,0.0,78.91,28332.98,1
2024-03-12,2024-03-12 12:26:00,361.07,361.09,361.07,361.09,0.01,78.91,28332.98,1
2024-03-12,2024-03-12 12:27:00,361.09,361.1,361.09,361.1,0.0,78.91,28332.98,1
2024-03-12,2024-03-12 12:28:00,361.1,361.11,361.1,361.11,0.0,78.91,28332.98,1
2024-03-12,2024-03-12 12:29:00,361.11,361.12,361.11,361.12,0.0,78.91,28332.98,1
2024-03-12,2024-03-12 12:30:00,361.12,361.14,361.12,361.14,0.01,78.91,28332.98,1
2024-03-12,2024-03-12 12:31:00,361.14,361.15,361.14,361.15,0.0,78.91,28332.98,1
2024-03-12,2024-03-12 12:32:00,361.15,361.16,361.15,361.16,0.0,78.91,28332.98,1
2024-03-12,2024-03-12 12:33:00,361.16,361.18,361.16,361.18,0.01,78.91,28332.98,1
2024-03-12,2024-03-12 12:34:00,361.18,361.19,361.18,361.19,0.0,78.91,28332.98,1
2024-03-12,2024-03-12 12:35:00,361.19,361.2,361.19,361.2,0.0,78.91,28332.98,1
2024-03-12,2024-03-12 12:36:00,361.2,361.21,361.2,361.21,0.0,78.91,28332.98,1
2024-03-12,2024-03-12 12:37:00,361.21,361.23,361.21,361.23,0.01,78.91,28332.98,1
2024-03-12,2024-03-12 12:38:00,361.23,361.24,361.23,361.24,0.0,78.91,28332.98,1
2024-03-12,2024-03-12 12:39:00,361.24,361.25,361.24,361.25,0.0,78.91,28332.98,1
2024-03-12,2024-03-12 12:40:00,361.25,361.26,361.25,361.26,0.0,78.91,28332.98,1
2024-03-12,2024-03-12 12:41:00,361.26,361.27,361.26,361.27,0.0,78.91,28332.98,1
2024-03-12,2024-03-12 12:42:00,361.27,361.29,361.27,361.29,0.01,78.91,28332.98,1
2024-03-12,2024-03-12 12:43:00,361.29,361.3,361.29,361.3,0.0,78.91,28332.98,1
2024-03-12,2024-03-12 12:44:00,361.3,361.31,361.3,361.31,0.0,78.91,28332.98,1
2024-03-12,2024-03-12 12:45:00,361.31,361.32,361.31,361.32,0.0,78.91,28332.98,1
2024-03-12,2024-03-12 12:46:00,361.32,361.34,361.32,361.34,0.01,78.91,28332.98,1
2024-03-12,2024-03-12 12:47:00,361.34,361.35,361.34,361.35,0.0,78.91,28332.98,1
2024-03-12,2024-03-12 12:48:00,361.35,361.36,361.35,361.36,0.0,78.91,28332.98,1
2024-03-12,2024-03-12 12:49:00,361.36,361.38,361.36,361.38,0.01,78.91,28332.98,1
2024-03-12,2024-03-12 12:50:00,361.38,361.39,361.38,361.39,0.0,78.91,28332.98,1
2024-03-12,2024-03-12 12:51:00,361.39,361.4,361.39,361.4,0.0,78.91,28332.98,1
2024-03-12,2024-03-12 12:52:00,361.4,361.41,361.4,361.41,0.0,78.91,28332.98,1
2024-03-12,2024-03-12 12:53:00,361.41,361.43,361.41,361.43,0.01,78.91,28332.98,1
2024-03-12,2024-03-12 12:54:00,361.43,361.44,361.43,361.44,0.0,78.91,28332.98,1
2024-03-12,2024-03-12 12:55:00,361.44,361.45,361.44,361.45,0.0,78.91,28332.98,1
2024-03-12,2024-03-12 12:56:00,361.45,361.46,361.45,361.46,0.0,78.91,28332.98,1
2024-03-12,2024-03-12 12:57:00,361.46,361.48,361.46,361.48,0.01,78.91,28332.98,1
2024-03-12,2024-03-12 12:58:00,361.48,361.49,361.48,361.49,0.0,78.91,28332.98,1
2024-03-12,2024-03-12 12:59:00,361.49,361.5,361.49,361.5,0.0,78.91,28332.98,1
2024-03-12,2024-03-12 13:00:00,361.5,363.0,353.6,361.51,0.0,78.91,28332.98,1
2024-03-12,2024-03-12 13:01:00,361.51,361.52,361.51,361.52,0.0,78.91,28332.98,1
2024-03-12,2024-03-12 13:02:00,361.52,361.54,361.52,361.54,0.01,78.91,28332.98,1
2024-03-12,2024-03-12 13:03:00,361.54,361.55,361.54,361.55,0.0,78.91,28332.98,1
2024-03-12,2024-03-12 13:04:00,361.55,361.56,361.55,361.56,0.0,78.91,28332.98,1
2024-03-12,2024-03-12 13:05:00,361.56,361.57,361.56,361.57,0.0,78.91,28332.98,1
2024-03-12,2024-03-12 13:06:00,361.57,361.59,361.57,361.59,0.01,78.91,28332.98,1
2024-03-12,2024-03-12 13:07:00,361.59,361.6,361.59,361.6,0.0,78.91,28332.98,1
2024-03-12,2024-03-12 13:08:00,361.6,361.61,361.6,361.61,0.0,78.91,28332.98,1
2024-03-12,2024-03-12 13:09:00,361.61,361.62,361.61,361.62,0.0,78.91,28332.98,1
2024-03-12,2024-03-12 13:10:00,361.62,361.64,361.62,361.64,0.01,78.91,28332.98,1
2024-03-12,2024-03-12 13:11:00,361.64,361.65,361.64,361.65,0.0,78.91,28332.98,1
2024-03-12,2024-03-12 13:12:00,361.65,361.66,361.65,361.66,0.0,78.91,28332.98,1
2024-03-12,2024-03-12 13:13:00,361.66,361.68,361.66,361.68,0.01,78.91,28332.98,1
2024-03-12,2024-03-12 13:14:00,361.68,361.69,361.68,361.69,0.0,78.91,28332.98,1
2024-03-12,2024-03-12 13:15:00,361.69,361.7,361.69,361.7,0.0,78.91,28332.98,1
2024-03-12,2024-03-12 13:16:00,361.7,361.71,361.7,361.71,0.0,78.91,28332.98,1
2024-03-12,2024-03-12 13:17:00,361.71,361.73,361.71,361.73,0.01,78.91,28332.98,1
2024-03-12,2024-03-12 13:18:00,361.73,361.74,361.73,361.74,0.0,78.91,28332.98,1
2024-03-12,2024-03-12 13:19:00,361.74,361.75,361.74,361.75,0.0,78.91,28332.98,1
2024-03-12,2024-03-12 13:20:00,361.75,361.76,361.75,361.76,0.0,78.91,28332.98,1
2024-03-12,2024-03-12 13:21:00,361.76,361.77,361.76,361.77,0.0,78.91,28332.98,1
2024-03-12,2024-03-12 13:22:00,361.77,361.79,361.77,361.79,0.01,78.91,28332.98,1
2024-03-12,2024-03-12 13:23:00,361.79,361.8,361.79,361.8,0.0,78.91,28332.98,1
2024-03-12,2024-03-12 13:24:00,361.8,361.81,361.8,361.81,0.0,78.91,28332.98,1
2024-03-12,2024-03-12 13:25:00,361.81,361.82,361.81,361.82,0.0,78.91,28332.98,1
2024-03-12,2024-03-12 13:26:00,361.82,361.84,361.82,361.84,0.01,78.91,28332.98,1
2024-03-12,2024-03-12 13:27:00,361.84,361.85,361.84,361.85,0.0,78.91,28332.98,1
2024-03-12,2024-03-12 13:28:00,361.85,361.86,361.85,361.86,0.0,78.91,28332.98,1
2024-03-12,2024-03-12 13:29:00,361.86,361.88,361.86,361.88,0.01,78.91,28332.98,1
2024-03-12,2024-03-12 13:30:00,361.88,361.89,361.88,361.89,0.0,78.91,28332.98,1
2024-03-12,2024-03-12 13:31:00,361.89,361.9,361.89,361.9,0.0,78.91,28332.98,1
2024-03-12,2024-03-12 13:32:00,361.9,361.91,361.9,361.91,0.0,78.91,28332.98,1
2024-03-12,2024-03-12 13:33:00,361.91,361.93,361.91,361.93,0.01,78.91,28332.98,1
2024-03-12,2024-03-12 13:34:00,361.93,361.94,361.93,361.94,0.0,78.91,28332.98,1
2024-03-12,2024-03-12 13:35:00,361.94,361.95,361.94,361.95,0.0,78.91,28332.98,1
2024-03-12,2024-03-12 13:36:00,361.95,361.96,361.95,361.96,0.0,78.91,28332.98,1
2024-03-12,2024-03-12 13:37:00,361.96,361.98,361.96,361.98,0.01,78.91,28332.98,1
2024-03-12,2024-03-12 13:38:00,361.98,361.99,361.98,361.99,0.0,78.91,28332.98,1
2024-03-12,2024-03-12 13:39:00,361.99,362.0,361.99,362.0,0.0,78.91,28332.98,1
2024-03-12,2024-03-12 13:40:00,362.0,362.01,362.0,362.01,0.0,78.91,28332.98,1
2024-03-12,2024-03-12 13:41:00,362.01,362.02,362.01,362.02,0.0,78.91,28332.98,1
2024-03-12,2024-03-12 13:42:00,362.02,362.04,362.02,362.04,0.01,78.91,28332.98,1
2024-03-12,2024-03-12 13:43:00,362.04,362.05,362.04,362.05,0.0,78.91,28332.98,1
2024-03-12,2024-03-12 13:44:00,362.05,362.06,362.05,362.06,0.0,78.91,28332.98,1
2024-03-12,2024-03-12 13:45:00,362.06,362.07,362.06,362.07,0.0,78.91,28332.98,1
2024-03-12,2024-03-12 13:46:00,362.07,362.09,362.07,362.09,0.01,78.91,28332.98,1
2024-03-12,2024-03-12 13:47:00,362.09,362.1,362.09,362.1,0.0,78.91,28332.98,1
2024-03-12,2024-03-12 13:48:00,362.1,362.11,362.1,362.11,0.0,78.91,28332.98,1
2024-03-12,2024-03-12 13:49:00,362.11,362.12,362.11,362.12,0.0,78.91,28332.98,1
2024-03-12,2024-03-12 13:50:00,362.12,362.14,362.12,362.14,0.01,78.91,28332.98,1
2024-03-12,2024-03-12 13:51:00,362.14,362.15,362.14,362.15,0.0,78.91,28332.98,1
2024-03-12,2024-03-12 13:52:00,362.15,362.16,362.15,362.16,0.0,78.91,28332.98,1
2024-03-12,2024-03-12 13:53:00,362.16,362.18,362.16,362.18,0.01,78.91,28332.98,1
2024-03-12,2024-03-12 13:54:00,362.18,362.19,362.18,362.19,0.0,78.91,28332.98,1
2024-03-12,2024-03-12 13:55:00,362.19,362.2,362.19,362.2,0.0,78.91,28332.98,1
2024-03-12,2024-03-12 13:56:00,362.2,362.21,362.2,362.21,0.0,78.91,28332.98,1
2024-03-12,2024-03-12 13:57:00,362.21,362.23,362.21,362.23,0.01,78.91,28332.98,1
2024-03-12,2024-03-12 13:58:00,362.23,362.24,362.23,362.24,0.0,78.91,28332.98,1
2024-03-12,2024-03-12 13:59:00,362.24,362.25,362.24,362.25,0.0,78.91,28332.98,1
2024-03-12,2024-03-12 14:00:00,362.25,362.26,362.25,362.26,0.0,78.91,28332.98,1
2024-03-12,2024-03-12 14:01:00,362.26,362.27,362.26,362.27,0.0,78.91,28332.98,1
2024-03-12,2024-03-12 14:02:00,362.27,362.29,362.27,362.29,0.01,78.91,28332.98,1
2024-03-12,2024-03-12 14:03:00,362.29,362.3,362.29,362.3,0.0,78.91,28332.98,1
2024-03-12,2024-03-12 14:04:00,362.3,362.31,362.3,362.31,0.0,78.91,28332.98,1
2024-03-12,2024-03-12 14:05:00,362.31,362.32,362.31,362.32,0.0,78.91,28332.98,1
2024-03-12,2024-03-12 14:06:00,362.32,362.34,362.32,362.34,0.01,78.91,28332.98,1
2024-03-12,2024-03-12 14:07:00,362.34,362.35,362.34,362.35,0.0,78.91,28332.98,1
2024-03-12,2024-03-12 14:08:00,362.35,362.36,362.35,362.36,0.0,78.91,28332.98,1
2024-03-12,2024-03-12 14:09:00,362.36,362.38,362.36,362.38,0.01,78.91,28332.98,1
2024-03-12,2024-03-12 14:10:00,362.38,362.39,362.38,362.39,0.0,78.91,28332.98,1
2024-03-12,2024-03-12 14:11:00,362.39,362.4,362.39,362.4,0.0,78.91,28332.98,1
2024-03-12,2024-03-12 14:12:00,362.4,362.41,362.4,362.41,0.0,78.91,28332.98,1
2024-03-12,2024-03-12 14:13:00,362.41,362.43,362.41,362.43,0.01,78.91,28332.98,1
2024-03-12,2024-03-12 14:14:00,362.43,362.44,362.43,362.44,0.0,78.91,28332.98,1
2024-03-12,2024-03-12 14:15:00,362.44,362.45,362.44,362.45,0.0,78.91,28332.98,1
2024-03-12,2024-03-12 14:16:00,362.45,362.46,362.45,362.46,0.0,78.91,28332.98,1
2024-03-12,2024-03-12 14:17:00,362.46,362.48,362.46,362.48,0.01,78.91,28332.98,1
2024-03-12,2024-03-12 14:18:00,362.48,362.49,362.48,362.49,0.0,78.91,28332.98,1
2024-03-12,2024-03-12 14:19:00,362.49,362.5,362.49,362.5,0.0,78.91,28332.98,1
2024-03-12,2024-03-12 14:20:00,362.5,362.51,362.5,362.51,0.0,78.91,28332.98,1
2024-03-12,2024-03-12 14:21:00,362.51,362.52,362.51,362.52,0.0,78.91,28332.98,1
2024-03-12,2024-03-12 14:22:00,362.52,362.54,362.52,362.54,0.01,78.91,28332.98,1
2024-03-12,2024-03-12 14:23:00,362.54,362.55,362.54,362.55,0.0,78.91,28332.98,1
2024-03-12,2024-03-12 14:24:00,362.55,362.56,362.55,362.56,0.0,78.91,28332.98,1
2024-03-12,2024-03-12 14:25:00,362.56,362.57,362.56,362.57,0.0,78.91,28332.98,1
2024-03-12,2024-03-12 14:26:00,362.57,362.59,362.57,362.59,0.01,78.91,28332.98,1
2024-03-12,2024-03-12 14:27:00,362.59,362.6,362.59,362.6,0.0,78.91,28332.98,1
2024-03-12,2024-03-12 14:28:00,362.6,362.61,362.6,362.61,0.0,78.91,28332.98,1
2024-03-12,2024-03-12 14:29:00,362.61,362.62,362.61,362.62,0.0,78.91,28332.98,1
2024-03-12,2024-03-12 14:30:00,362.62,362.64,362.62,362.64,0.01,78.91,28332.98,1
2024-03-12,2024-03-12 14:31:00,362.64,362.65,362.64,362.65,0.0,78.91,28332.98,1
2024-03-12,2024-03-12 14:32:00,362.65,362.66,362.65,362.66,0.0,78.91,28332.98,1
2024-03-12,2024-03-12 14:33:00,362.66,362.68,362.66,362.68,0.01,78.91,28332.98,1
2024-03-12,2024-03-12 14:34:00,362.68,362.69,362.68,362.69,0.0,78.91,28332.98,1
2024-03-12,2024-03-12 14:35:00,362.69,362.7,362.69,362.7,0.0,78.91,28332.98,1
2024-03-12,2024-03-12 14:36:00,362.7,362.71,362.7,362.71,0.0,78.91,28332.98,1
2024-03-12,2024-03-12 14:37:00,362.71,362.73,362.71,362.73,0.01,78.91,28332.98,1
2024-03-12,2024-03-12 14:38:00,362.73,362.74,362.73,362.74,0.0,78.91,28332.98,1
2024-03-12,2024-03-12 14:39:00,362.74,362.75,362.74,362.75,0.0,78.91,28332.98,1
2024-03-12,2024-03-12 14:40:00,362.75,362.76,362.75,362.76,0.0,78.91,28332.98,1
2024-03-12,2024-03-12 14:41:00,362.76,362.77,362.76,362.77,0.0,78.91,28332.98,1
2024-03-12,2024-03-12 14:42:00,362.77,362.79,362.77,362.79,0.01,78.91,28332.98,1
2024-03-12,2024-03-12 14:43:00,362.79,362.8,362.79,362.8,0.0,78.91,28332.98,1
2024-03-12,2024-03-12 14:44:00,362.8,362.81,362.8,362.81,0.0,78.91,28332.98,1
2024-03-12,2024-03-12 14:45:00,362.81,362.82,362.81,362.82,0.0,78.91,28332.98,1
2024-03-12,2024-03-12 14:46:00,362.82,362.84,362.82,362.84,0.01,78.91,28332.98,1
2024-03-12,2024-03-12 14:47:00,362.84,362.85,362.84,362.85,0.0,78.91,28332.98,1
2024-03-12,2024-03-12 14:48:00,362.85,362.86,362.85,362.86,0.0,78.91,28332.98,1
2024-03-12,2024-03-12 14:49:00,362.86,362.88,362.86,362.88,0.01,78.91,28332.98,1
2024-03-12,2024-03-12 14:50:00,362.88,362.89,362.88,362.89,0.0,78.91,28332.98,1
2024-03-12,2024-03-12 14:51:00,362.89,362.9,362.89,362.9,0.0,78.91,28332.98,1
2024-03-12,2024-03-12 14:52:00,362.9,362.91,362.9,362.91,0.0,78.91,28332.98,1
2024-03-12,2024-03-12 14:53:00,362.91,362.93,362.91,362.93,0.01,78.91,28332.98,1
2024-03-12,2024-03-12 14:54:00,362.93,362.94,362.93,362.94,0.0,78.91,28332.98,1
2024-03-12,2024-03-12 14:55:00,362.94,362.95,362.94,362.95,0.0,78.91,28332.98,1
2024-03-12,2024-03-12 14:56:00,362.95,362.96,362.95,362.96,0.0,78.91,28332.98,1
2024-03-12,2024-03-12 14:57:00,362.96,362.98,362.96,362.98,0.01,78.91,28332.98,1
2024-03-12,2024-03-12 14:58:00,362.98,362.99,362.98,362.99,0.0,78.91,28332.98,1
2024-03-12,2024-03-12 14:59:00,362.99,363.0,362.99,363.0,0.0,78.91,28332.98,1
2024-03-12,2024-03-12 15:00:00,363.0,363.0,353.6,363.0,0.0,78.91,28332.98,0
2024-03-13,2024-03-13 11:00:00,370.2,370.2,364.47,370.14,-0.02,26.05,9301.22,-1
2024-03-13,2024-03-13 11:01:00,370.14,370.14,370.08,370.08,-0.02,26.05,9301.22,-1
2024-03-13,2024-03-13 11:02:00,370.08,370.08,370.02,370.02,-0.02,26.05,9301.22,-1
2024-03-13,2024-03-13 11:03:00,370.02,370.02,369.96,369.96,-0.02,26.05,9301.22,-1
2024-03-13,2024-03-13 11:04:00,369.96,369.96,369.9,369.9,-0.02,26.05,9301.22,-1
2024-03-13,2024-03-13 11:05:00,369.9,369.9,369.84,369.84,-0.02,26.05,9301.22,-1
2024-03-13,2024-03-13 11:06:00,369.84,369.84,369.79,369.79,-0.01,26.05,9301.22,-1
2024-03-13,2024-03-13 11:07:00,369.79,369.79,369.73,369.73,-0.02,26.05,9301.22,-1
2024-03-13,2024-03-13 11:08:00,369.73,369.73,369.67,369.67,-0.02,26.05,9301.22,-1
2024-03-13,2024-03-13 11:09:00,369.67,369.67,369.61,369.61,-0.02,26.05,9301.22,-1
2024-03-13,2024-03-13 11:10:00,369.61,369.61,369.55,369.55,-0.02,26.05,9301.22,-1
2024-03-13,2024-03-13 11:11:00,369.55,369.55,369.49,369.49,-0.02,26.05,9301.22,-1
2024-03-13,2024-03-13 11:12:00,369.49,369.49,369.43,369.43,-0.02,26.05,9301.22,-1
2024-03-13,2024-03-13 11:13:00,369.43,369.43,369.37,369.37,-0.02,26.05,9301.22,-1
2024-03-13,2024-03-13 11:14:00,369.37,369.37,369.31,369.31,-0.02,26.05,9301.22,-1
2024-03-13,2024-03-13 11:15:00,369.31,369.31,369.25,369.25,-0.02,26.05,9301.22,-1
2024-03-13,2024-03-13 11:16:00,369.25,369.25,369.19,369.19,-0.02,26.05,9301.22,-1
2024-03-13,2024-03-13 11:17:00,369.19,369.19,369.13,369.13,-0.02,26.05,9301.22,-1
2024-03-13,2024-03-13 11:18:00,369.13,369.13,369.08,369.08,-0.01,26.05,9301.22,-1
2024-03-13,2024-03-13 11:19:00,369.08,369.08,369.02,369.02,-0.02,26.05,9301.22,-1
2024-03-13,2024-03-13 11:20:00,369.02,369.02,368.96,368.96,-0.02,26.05,9301.22,-1
2024-03-13,2024-03-13 11:21:00,368.96,368.96,368.9,368.9,-0.02,26.05,9301.22,-1
2024-03-13,2024-03-13 11:22:00,368.9,368.9,368.84,368.84,-0.02,26.05,9301.22,-1
2024-03-13,2024-03-13 11:23:00,368.84,368.84,368.78,368.78,-0.02,26.05,9301.22,-1
2024-03-13,2024-03-13 11:24:00,368.78,368.78,368.72,368.72,-0.02,26.05,9301.22,-1
2024-03-13,2024-03-13 11:25:00,368.72,368.72,368.66,368.66,-0.02,26.05,9301.22,-1
2024-03-13,2024-03-13 11:26:00,368.66,368.66,368.6,368.6,-0.02,26.05,9301.22,-1
2024-03-13,2024-03-13 11:27:00,368.6,368.6,368.54,368.54,-0.02,26.05,9301.22,-1
2024-03-13,2024-03-13 11:28:00,368.54,368.54,368.48,368.48,-0.02,26.05,9301.22,-1
2024-03-13,2024-03-13 11:29:00,368.48,368.48,368.43,368.43,-0.01,26.05,9301.22,-1
2024-03-13,2024-03-13 11:30:00,368.43,368.43,368.37,368.37,-0.02,26.05,9301.22,-1
2024-03-13,2024-03-13 11:31:00,368.37,368.37,368.31,368.31,-0.02,26.05,9301.22,-1
2024-03-13,2024-03-13 11:32:00,368.31,368.31,368.25,368.25,-0.02,26.05,9301.22,-1
2024-03-13,2024-03-13 11:33:00,368.25,368.25,368.19,368.19,-0.02,26.05,9301.22,-1
2024-03-13,2024-03-13 11:34:00,368.19,368.19,368.13,368.13,-0.02,26.05,9301.22,-1
2024-03-13,2024-03-13 11:35:00,368.13,368.13,368.07,368.07,-0.02,26.05,9301.22,-1
2024-03-13,2024-03-13 11:36:00,368.07,368.07,368.01,368.01,-0.02,26.05,9301.22,-1
2024-03-13,2024-03-13 11:37:00,368.01,368.01,367.95,367.95,-0.02,26.05,9301.22,-1
2024-03-13,2024-03-13 11:38:00,367.95,367.95,367.89,367.89,-0.02,26.05,9301.22,-1
2024-03-13,2024-03-13 11:39:00,367.89,367.89,367.83,367.83,-0.02,26.05,9301.22,-1
2024-03-13,2024-03-13 11:40:00,367.83,367.83,367.77,367.77,-0.02,26.05,9301.22,-1
2024-03-13,2024-03-13 11:41:00,367.77,367.77,367.71,367.71,-0.02,26.05,9301.22,-1
2024-03-13,2024-03-13 11:42:00,367.71,367.71,367.66,367.66,-0.01,26.05,9301.22,-1
2024-03-13,2024-03-13 11:43:00,367.66,367.66,367.6,367.6,-0.02,26.05,9301.22,-1
2024-03-13,2024-03-13 11:44:00,367.6,367.6,367.54,367.54,-0.02,26.05,9301.22,-1
2024-03-13,2024-03-13 11:45:00,367.54,367.54,367.48,367.48,-0.02,26.05,9301.22,-1
2024-03-13,2024-03-13 11:46:00,367.48,367.48,367.42,367.42,-0.02,26.05,9301.22,-1
2024-03-13,2024-03-13 11:47:00,367.42,367.42,367.36,367.36,-0.02,26.05,9301.22,-1
2024-03-13,2024-03-13 11:48:00,367.36,367.36,367.3,367.3,-0.02,26.05,9301.22,-1
2024-03-13,2024-03-13 11:49:00,367.3,367.3,367.24,367.24,-0.02,26.05,9301.22,-1
2024-03-13,2024-03-13 11:50:00,367.24,367.24,367.18,367.18,-0.02,26.05,9301.22,-1
2024-03-13,2024-03-13 11:51:00,367.18,367.18,367.12,367.12,-0.02,26.05,9301.22,-1
2024-03-13,2024-03-13 11:52:00,367.12,367.12,367.06,367.06,-0.02,26.05,9301.22,-1
2024-03-13,2024-03-13 11:53:00,367.06,367.06,367.0,367.0,-0.02,26.05,9301.22,-1
2024-03-13,2024-03-13 11:54:00,367.0,367.0,366.95,366.95,-0.01,26.05,9301.22,-1
2024-03-13,2024-03-13 11:55:00,366.95,366.95,366.89,366.89,-0.02,26.05,9301.22,-1
2024-03-13,2024-03-13 11:56:00,366.89,366.89,366.83,366.83,-0.02,26.05,9301.22,-1
2024-03-13,2024-03-13 11:57:00,366.83,366.83,366.77,366.77,-0.02,26.05,9301.22,-1
2024-03-13,2024-03-13 11:58:00,366.77,366.77,366.71,366.71,-0.02,26.05,9301.22,-1
2024-03-13,2024-03-13 11:59:00,366.71,366.71,366.65,366.65,-0.02,26.05,9301.22,-1
2024-03-13,2024-03-13 12:00:00,366.65,366.65,366.59,366.59,-0.02,26.05,9301.22,-1
2024-03-13,2024-03-13 12:01:00,366.59,366.59,366.53,366.53,-0.02,26.05,9301.22,-1
2024-03-13,2024-03-13 12:02:00,366.53,366.53,366.47,366.47,-0.02,26.05,9301.22,-1
2024-03-13,2024-03-13 12:03:00,366.47,366.47,366.41,366.41,-0.02,26.05,9301.22,-1
2024-03-13,2024-03-13 12:04:00,366.41,366.41,366.35,366.35,-0.02,26.05,9301.22,-1
2024-03-13,2024-03-13 12:05:00,366.35,366.35,366.3,366.3,-0.01,26.05,9301.22,-1
2024-03-13,2024-03-13 12:06:00,366.3,366.3,366.24,366.24,-0.02,26.05,9301.22,-1
2024-03-13,2024-03-13 12:07:00,366.24,366.24,366.18,366.18,-0.02,26.05,9301.22,-1
2024-03-13,2024-03-13 12:08:00,366.18,366.18,366.12,366.12,-0.02,26.05,9301.22,-1
2024-03-13,2024-03-13 12:09:00,366.12,366.12,366.06,366.06,-0.02,26.05,9301.22,-1
2024-03-13,2024-03-13 12:10:00,366.06,366.06,366.0,366.0,-0.02,26.05,9301.22,-1
2024-03-13,2024-03-13 12:11:00,366.0,366.0,365.94,365.94,-0.02,26.05,9301.22,-1
2024-03-13,2024-03-13 12:12:00,365.94,365.94,365.88,365.88,-0.02,26.05,9301.22,-1
2024-03-13,2024-03-13 12:13:00,365.88,365.88,365.82,365.82,-0.02,26.05,9301.22,-1
2024-03-13,2024-03-13 12:14:00,365.82,365.82,365.76,365.76,-0.02,26.05,9301.22,-1
2024-03-13,2024-03-13 12:15:00,365.76,365.76,365.7,365.7,-0.02,26.05,9301.22,-1
2024-03-13,2024-03-13 12:16:00,365.7,365.7,365.64,365.64,-0.02,26.05,9301.22,-1
2024-03-13,2024-03-13 12:17:00,365.64,365.64,365.58,365.58,-0.02,26.05,9301.22,-1
2024-03-13,2024-03-13 12:18:00,365.58,365.58,365.53,365.53,-0.01,26.05,9301.22,-1
2024-03-13,2024-03-13 12:19:00,365.53,365.53,365.47,365.47,-0.02,26.05,9301.22,-1
2024-03-13,2024-03-13 12:20:00,365.47,365.47,365.41,365.41,-0.02,26.05,9301.22,-1
2024-03-13,2024-03-13 12:21:00,365.41,365.41,365.35,365.35,-0.02,26.05,9301.22,-1
2024-03-13,2024-03-13 12:22:00,365.35,365.35,365.29,365.29,-0.02,26.05,9301.22,-1
2024-03-13,2024-03-13 12:23:00,365.29,365.29,365.23,365.23,-0.02,26.05,9301.22,-1
2024-03-13,2024-03-13 12:24:00,365.23,365.23,365.17,365.17,-0.02,26.05,9301.22,-1
2024-03-13,2024-03-13 12:25:00,365.17,365.17,365.11,365.11,-0.02,26.05,9301.22,-1
2024-03-13,2024-03-13 12:26:00,365.11,365.11,365.05,365.05,-0.02,26.05,9301.22,-1
2024-03-13,2024-03-13 12:27:00,365.05,365.05,364.99,364.99,-0.02,26.05,9301.22,-1
2024-03-13,2024-03-13 12:28:00,364.99,364.99,364.93,364.93,-0.02,26.05,9301.22,-1
2024-03-13,2024-03-13 12:29:00,364.93,364.93,364.88,364.88,-0.01,26.05,9301.22,-1
2024-03-13,2024-03-13 12:30:00,364.88,364.88,364.82,364.82,-0.02,26.05,9301.22,-1
2024-03-13,2024-03-13 12:31:00,364.82,364.82,364.76,364.76,-0.02,26.05,9301.22,-1
2024-03-13,2024-03-13 12:32:00,364.76,364.76,364.7,364.7,-0.02,26.05,9301.22,-1
2024-03-13,2024-03-13 12:33:00,364.7,364.7,364.64,364.64,-0.02,26.05,9301.22,-1
2024-03-13,2024-03-13 12:34:00,364.64,364.64,364.58,364.58,-0.02,26.05,9301.22,-1
2024-03-13,2024-03-13 12:35:00,364.58,364.58,364.52,364.52,-0.02,26.05,9301.22,-1
2024-03-13,2024-03-13 12:36:00,364.52,364.52,364.46,364.46,-0.02,26.05,9301.22,-1
2024-03-13,2024-03-13 12:37:00,364.46,364.46,364.4,364.4,-0.02,26.05,9301.22,-1
2024-03-13,2024-03-13 12:38:00,364.4,364.4,364.34,364.34,-0.02,26.05,9301.22,-1
2024-03-13,2024-03-13 12:39:00,364.34,364.34,364.28,364.28,-0.02,26.05,9301.22,-1
2024-03-13,2024-03-13 12:40:00,364.28,364.28,364.22,364.22,-0.02,26.05,9301.22,-1
2024-03-13,2024-03-13 12:41:00,364.22,364.22,364.17,364.17,-0.01,26.05,9301.22,-1
2024-03-13,2024-03-13 12:42:00,364.17,364.17,364.11,364.11,-0.02,26.05,9301.22,-1
2024-03-13,2024-03-13 12:43:00,364.11,364.11,364.05,364.05,-0.02,26.05,9301.22,-1
2024-03-13,2024-03-13 12:44:00,364.05,364.05,363.99,363.99,-0.02,26.05,9301.22,-1
2024-03-13,2024-03-13 12:45:00,363.99,363.99,363.93,363.93,-0.02,26.05,9301.22,-1
2024-03-13,2024-03-13 12:46:00,363.93,363.93,363.87,363.87,-0.02,26.05,9301.22,-1
2024-03-13,2024-03-13 12:47:00,363.87,363.87,363.81,363.81,-0.02,26.05,9301.22,-1
2024-03-13,2024-03-13 12:48:00,363.81,363.81,363.75,363.75,-0.02,26.05,9301.22,-1
2024-03-13,2024-03-13 12:49:00,363.75,363.75,363.69,363.69,-0.02,26.05,9301.22,-1
2024-03-13,2024-03-13 12:50:00,363.69,363.69,363.63,363.63,-0.02,26.05,9301.22,-1
2024-03-13,2024-03-13 12:51:00,363.63,363.63,363.57,363.57,-0.02,26.05,9301.22,-1
2024-03-13,2024-03-13 12:52:00,363.57,363.57,363.51,363.51,-0.02,26.05,9301.22,-1
2024-03-13,2024-03-13 12:53:00,363.51,363.51,363.45,363.45,-0.02,26.05,9301.22,-1
2024-03-13,2024-03-13 12:54:00,363.45,363.45,363.4,363.4,-0.01,26.05,9301.22,-1
2024-03-13,2024-03-13 12:55:00,363.4,363.4,363.34,363.34,-0.02,26.05,9301.22,-1
2024-03-13,2024-03-13 12:56:00,363.34,363.34,363.28,363.28,-0.02,26.05,9301.22,-1
2024-03-13,2024-03-13 12:57:00,363.28,363.28,363.22,363.22,-0.02,26.05,9301.22,-1
2024-03-13,2024-03-13 12:58:00,363.22,363.22,363.16,363.16,-0.02,26.05,9301.22,-1
2024-03-13,2024-03-13 12:59:00,363.16,363.16,363.1,363.1,-0.02,26.05,9301.22,-1
2024-03-13,2024-03-13 13:00:00,363.1,370.2,351.1,363.04,-0.02,26.05,9301.22,-1
2024-03-13,2024-03-13 13:01:00,363.04,363.04,362.98,362.98,-0.02,26.05,9301.22,-1
2024-03-13,2024-03-13 13:02:00,362.98,362.98,362.92,362.92,-0.02,26.05,9301.22,-1
2024-03-13,2024-03-13 13:03:00,362.92,362.92,362.86,362.86,-0.02,26.05,9301.22,-1
2024-03-13,2024-03-13 13:04:00,362.86,362.86,362.8,362.8,-0.02,26.05,9301.22,-1
2024-03-13,2024-03-13 13:05:00,362.8,362.8,362.75,362.75,-0.01,26.05,9301.22,-1
2024-03-13,2024-03-13 13:06:00,362.75,362.75,362.69,362.69,-0.02,26.05,9301.22,-1
2024-03-13,2024-03-13 13:07:00,362.69,362.69,362.63,362.63,-0.02,26.05,9301.22,-1
2024-03-13,2024-03-13 13:08:00,362.63,362.63,362.57,362.57,-0.02,26.05,9301.22,-1
2024-03-13,2024-03-13 13:09:00,362.57,362.57,362.51,362.51,-0.02,26.05,9301.22,-1
2024-03-13,2024-03-13 13:10:00,362.51,362.51,362.45,362.45,-0.02,26.05,9301.22,-1
2024-03-13,2024-03-13 13:11:00,362.45,362.45,362.39,362.39,-0.02,26.05,9301.22,-1
2024-03-13,2024-03-13 13:12:00,362.39,362.39,362.33,362.33,-0.02,26.05,9301.22,-1
2024-03-13,2024-03-13 13:13:00,362.33,362.33,362.27,362.27,-0.02,26.05,9301.22,-1
2024-03-13,2024-03-13 13:14:00,362.27,362.27,362.21,362.21,-0.02,26.05,9301.22,-1
2024-03-13,2024-03-13 13:15:00,362.21,362.21,362.15,362.15,-0.02,26.05,9301.22,-1
2024-03-13,2024-03-13 13:16:00,362.15,362.15,362.09,362.09,-0.02,26.05,9301.22,-1
2024-03-13,2024-03-13 13:17:00,362.09,362.09,362.03,362.03,-0.02,26.05,9301.22,-1
2024-03-13,2024-03-13 13:18:00,362.03,362.03,361.98,361.98,-0.01,26.05,9301.22,-1
2024-03-13,2024-03-13 13:19:00,361.98,361.98,361.92,361.92,-0.02,26.05,9301.22,-1
2024-03-13,2024-03-13 13:20:00,361.92,361.92,361.86,361.86,-0.02,26.05,9301.22,-1
2024-03-13,2024-03-13 13:21:00,361.86,361.86,361.8,361.8,-0.02,26.05,9301.22,-1
2024-03-13,2024-03-13 13:22:00,361.8,361.8,361.74,361.74,-0.02,26.05,9301.22,-1
2024-03-13,2024-03-13 13:23:00,361.74,361.74,361.68,361.68,-0.02,26.05,9301.22,-1
2024-03-13,2024-03-13 13:24:00,361.68,361.68,361.62,361.62,-0.02,26.05,9301.22,-1
2024-03-13,2024-03-13 13:25:00,361.62,361.62,361.56,361.56,-0.02,26.05,9301.22,-1
2024-03-13,2024-03-13 13:26:00,361.56,361.56,361.5,361.5,-0.02,26.05,9301.22,-1
2024-03-13,2024-03-13 13:27:00,361.5,361.5,361.44,361.44,-0.02,26.05,9301.22,-1
2024-03-13,2024-03-13 13:28:00,361.44,361.44,361.38,361.38,-0.02,26.05,9301.22,-1
2024-03-13,2024-03-13 13:29:00,361.38,361.38,361.32,361.32,-0.02,26.05,9301.22,-1
2024-03-13,2024-03-13 13:30:00,361.32,361.32,361.27,361.27,-0.01,26.05,9301.22,-1
2024-03-13,2024-03-13 13:31:00,361.27,361.27,361.21,361.21,-0.02,26.05,9301.22,-1
2024-03-13,2024-03-13 13:32:00,361.21,361.21,361.15,361.15,-0.02,26.05,9301.22,-1
2024-03-13,2024-03-13 13:33:00,361.15,361.15,361.09,361.09,-0.02,26.05,9301.22,-1
2024-03-13,2024-03-13 13:34:00,361.09,361.09,361.03,361.03,-0.02,26.05,9301.22,-1
2024-03-13,2024-03-13 13:35:00,361.03,361.03,360.97,360.97,-0.02,26.05,9301.22,-1
2024-03-13,2024-03-13 13:36:00,360.97,360.97,360.91,360.91,-0.02,26.05,9301.22,-1
2024-03-13,2024-03-13 13:37:00,360.91,360.91,360.85,360.85,-0.02,26.05,9301.22,-1
2024-03-13,2024-03-13 13:38:00,360.85,360.85,360.79,360.79,-0.02,26.05,9301.22,-1
2024-03-13,2024-03-13 13:39:00,360.79,360.79,360.73,360.73,-0.02,26.05,9301.22,-1
2024-03-13,2024-03-13 13:40:00,360.73,360.73,360.67,360.67,-0.02,26.05,9301.22,-1
2024-03-13,2024-03-13 13:41:00,360.67,360.67,360.62,360.62,-0.01,26.05,9301.22,-1
2024-03-13,2024-03-13 13:42:00,360.62,360.62,360.56,360.56,-0.02,26.05,9301.22,-1
2024-03-13,2024-03-13 13:43:00,360.56,360.56,360.5,360.5,-0.02,26.05,9301.22,-1
2024-03-13,2024-03-13 13:44:00,360.5,360.5,360.44,360.44,-0.02,26.05,9301.22,-1
2024-03-13,2024-03-13 13:45:00,360.44,360.44,360.38,360.38,-0.02,26.05,9301.22,-1
2024-03-13,2024-03-13 13:46:00,360.38,360.38,360.32,360.32,-0.02,26.05,9301.22,-1
2024-03-13,2024-03-13 13:47:00,360.32,360.32,360.26,360.26,-0.02,26.05,9301.22,-1
2024-03-13,2024-03-13 13:48:00,360.26,360.26,360.2,360.2,-0.02,26.05,9301.22,-1
2024-03-13,2024-03-13 13:49:00,360.2,360.2,360.14,360.14,-0.02,26.05,9301.22,-1
2024-03-13,2024-03-13 13:50:00,360.14,360.14,360.08,360.08,-0.02,26.05,9301.22,-1
2024-03-13,2024-03-13 13:51:00,360.08,360.08,360.02,360.02,-0.02,26.05,9301.22,-1
2024-03-13,2024-03-13 13:52:00,360.02,360.02,359.96,359.96,-0.02,26.05,9301.22,-1
2024-03-13,2024-03-13 13:53:00,359.96,359.96,359.9,359.9,-0.02,26.05,9301.22,-1
2024-03-13,2024-03-13 13:54:00,359.9,359.9,359.85,359.85,-0.01,26.05,9301.22,-1
2024-03-13,2024-03-13 13:55:00,359.85,359.85,359.79,359.79,-0.02,26.05,9301.22,-1
2024-03-13,2024-03-13 13:56:00,359.79,359.79,359.73,359.73,-0.02,26.05,9301.22,-1
2024-03-13,2024-03-13 13:57:00,359.73,359.73,359.67,359.67,-0.02,26.05,9301.22,-1
2024-03-13,2024-03-13 13:58:00,359.67,359.67,359.61,359.61,-0.02,26.05,9301.22,-1
2024-03-13,2024-03-13 13:59:00,359.61,359.61,359.55,359.55,-0.02,26.05,9301.22,-1
2024-03-13,2024-03-13 14:00:00,359.55,359.55,359.49,359.49,-0.02,26.05,9301.22,-1
2024-03-13,2024-03-13 14:01:00,359.49,359.49,359.43,359.43,-0.02,26.05,9301.22,-1
2024-03-13,2024-03-13 14:02:00,359.43,359.43,359.37,359.37,-0.02,26.05,9301.22,-1
2024-03-13,2024-03-13 14:03:00,359.37,359.37,359.31,359.31,-0.02,26.05,9301.22,-1
2024-03-13,2024-03-13 14:04:00,359.31,359.31,359.25,359.25,-0.02,26.05,9301.22,-1
2024-03-13,2024-03-13 14:05:00,359.25,359.25,359.19,359.19,-0.02,26.05,9301.22,-1
2024-03-13,2024-03-13 14:06:00,359.19,359.19,359.14,359.14,-0.01,26.05,9301.22,-1
2024-03-13,2024-03-13 14:07:00,359.14,359.14,359.08,359.08,-0.02,26.05,9301.22,-1
2024-03-13,2024-03-13 14:08:00,359.08,359.08,359.02,359.02,-0.02,26.05,9301.22,-1
2024-03-13,2024-03-13 14:09:00,359.02,359.02,358.96,358.96,-0.02,26.05,9301.22,-1
2024-03-13,2024-03-13 14:10:00,358.96,358.96,358.9,358.9,-0.02,26.05,9301.22,-1
2024-03-13,2024-03-13 14:11:00,358.9,358.9,358.84,358.84,-0.02,26.05,9301.22,-1
2024-03-13,2024-03-13 14:12:00,358.84,358.84,358.78,358.78,-0.02,26.05,9301.22,-1
2024-03-13,2024-03-13 14:13:00,358.78,358.78,358.72,358.72,-0.02,26.05,9301.22,-1
2024-03-13,2024-03-13 14:14:00,358.72,358.72,358.66,358.66,-0.02,26.05,9301.22,-1
2024-03-13,2024-03-13 14:15:00,358.66,358.66,358.6,358.6,-0.02,26.05,9301.22,-1
2024-03-13,2024-03-13 14:16:00,358.6,358.6,358.54,358.54,-0.02,26.05,9301.22,-1
2024-03-13,2024-03-13 14:17:00,358.54,358.54,358.49,358.49,-0.01,26.05,9301.22,-1
2024-03-13,2024-03-13 14:18:00,358.49,358.49,358.43,358.43,-0.02,26.05,9301.22,-1
2024-03-13,2024-03-13 14:19:00,358.43,358.43,358.37,358.37,-0.02,26.05,9301.22,-1
2024-03-13,2024-03-13 14:20:00,358.37,358.37,358.31,358.31,-0.02,26.05,9301.22,-1
2024-03-13,2024-03-13 14:21:00,358.31,358.31,358.25,358.25,-0.02,26.05,9301.22,-1
2024-03-13,2024-03-13 14:22:00,358.25,358.25,358.19,358.19,-0.02,26.05,9301.22,-1
2024-03-13,2024-03-13 14:23:00,358.19,358.19,358.13,358.13,-0.02,26.05,9301.22,-1
2024-03-13,2024-03-13 14:24:00,358.13,358.13,358.07,358.07,-0.02,26.05,9301.22,-1
2024-03-13,2024-03-13 14:25:00,358.07,358.07,358.01,358.01,-0.02,26.05,9301.22,-1
2024-03-13,2024-03-13 14:26:00,358.01,358.01,357.95,357.95,-0.02,26.05,9301.22,-1
2024-03-13,2024-03-13 14:27:00,357.95,357.95,357.89,357.89,-0.02,26.05,9301.22,-1
2024-03-13,2024-03-13 14:28:00,357.89,357.89,357.83,357.83,-0.02,26.05,9301.22,-1
2024-03-13,2024-03-13 14:29:00,357.83,357.83,357.77,357.77,-0.02,26.05,9301.22,-1
2024-03-13,2024-03-13 14:30:00,357.77,357.77,357.72,357.72,-0.01,26.05,9301.22,-1
2024-03-13,2024-03-13 14:31:00,357.72,357.72,357.66,357.66,-0.02,26.05,9301.22,-1
2024-03-13,2024-03-13 14:32:00,357.66,357.66,357.6,357.6,-0.02,26.05,9301.22,-1
2024-03-13,2024-03-13 14:33:00,357.6,357.6,357.54,357.54,-0.02,26.05,9301.22,-1
2024-03-13,2024-03-13 14:34:00,357.54,357.54,357.48,357.48,-0.02,26.05,9301.22,-1
2024-03-13,2024-03-13 14:35:00,357.48,357.48,357.42,357.42,-0.02,26.05,9301.22,-1
2024-03-13,2024-03-13 14:36:00,357.42,357.42,357.36,357.36,-0.02,26.05,9301.22,-1
2024-03-13,2024-03-13 14:37:00,357.36,357.36,357.3,357.3,-0.02,26.05,9301.22,-1
2024-03-13,2024-03-13 14:38:00,357.3,357.3,357.24,357.24,-0.02,26.05,9301.22,-1
2024-03-13,2024-03-13 14:39:00,357.24,357.24,357.18,357.18,-0.02,26.05,9301.22,-1
2024-03-13,2024-03-13 14:40:00,357.18,357.18,357.12,357.12,-0.02,26.05,9301.22,-1
2024-03-13,2024-03-13 14:41:00,357.12,357.12,357.06,357.06,-0.02,26.05,9301.22,-1
2024-03-13,2024-03-13 14:42:00,357.06,357.06,357.01,357.01,-0.01,26.05,9301.22,-1
2024-03-13,2024-03-13 14:43:00,357.01,357.01,356.95,356.95,-0.02,26.05,9301.22,-1
2024-03-13,2024-03-13 14:44:00,356.95,356.95,356.89,356.89,-0.02,26.05,9301.22,-1
2024-03-13,2024-03-13 14:45:00,356.89,356.89,356.83,356.83,-0.02,26.05,9301.22,-1
2024-03-13,2024-03-13 14:46:00,356.83,356.83,356.77,356.77,-0.02,26.05,9301.22,-1
2024-03-13,2024-03-13 14:47:00,356.77,356.77,356.71,356.71,-0.02,26.05,9301.22,-1
2024-03-13,2024-03-13 14:48:00,356.71,356.71,356.65,356.65,-0.02,26.05,9301.22,-1
2024-03-13,2024-03-13 14:49:00,356.65,356.65,356.59,356.59,-0.02,26.05,9301.22,-1
2024-03-13,2024-03-13 14:50:00,356.59,356.59,356.53,356.53,-0.02,26.05,9301.22,-1
2024-03-13,2024-03-13 14:51:00,356.53,356.53,356.47,356.47,-0.02,26.05,9301.22,-1
2024-03-13,2024-03-13 14:52:00,356.47,356.47,356.41,356.41,-0.02,26.05,9301.22,-1
2024-03-13,2024-03-13 14:53:00,356.41,356.41,356.36,356.36,-0.01,26.05,9301.22,-1
2024-03-13,2024-03-13 14:54:00,356.36,356.36,356.3,356.3,-0.02,26.05,9301.22,-1
2024-03-13,2024-03-13 14:55:00,356.3,356.3,356.24,356.24,-0.02,26.05,9301.22,-1
2024-03-13,2024-03-13 14:56:00,356.24,356.24,356.18,356.18,-0.02,26.05,9301.22,-1
2024-03-13,2024-03-13 14:57:00,356.18,356.18,356.12,356.12,-0.02,26.05,9301.22,-1
2024-03-13,2024-03-13 14:58:00,356.12,356.12,356.06,356.06,-0.02,26.05,9301.22,-1
2024-03-13,2024-03-13 14:59:00,356.06,356.06,356.0,356.0,-0.02,26.05,9301.22,-1
2024-03-13,2024-03-13 15:00:00,356.0,370.2,351.1,356.0,0.0,26.05,9301.22,0
2024-03-14,2024-03-14 11:00:00,348.9,353.13,348.9,348.92,0.01,21.13,7461.41,1
2024-03-14,2024-03-14 11:01:00,348.92,348.95,348.92,348.95,0.01,21.13,7461.41,1
2024-03-14,2024-03-14 11:02:00,348.95,348.97,348.95,348.97,0.01,21.13,7461.41,1
2024-03-14,2024-03-14 11:03:00,348.97,349.0,348.97,349.0,0.01,21.13,7461.41,1
2024-03-14,2024-03-14 11:04:00,349.0,349.02,349.0,349.02,0.01,21.13,7461.41,1
2024-03-14,2024-03-14 11:05:00,349.02,349.05,349.02,349.05,0.01,21.13,7461.41,1
2024-03-14,2024-03-14 11:06:00,349.05,349.07,349.05,349.07,0.01,21.13,7461.41,1
2024-03-14,2024-03-14 11:07:00,349.07,349.1,349.07,349.1,0.01,21.13,7461.41,1
2024-03-14,2024-03-14 11:08:00,349.1,349.12,349.1,349.12,0.01,21.13,7461.41,1
2024-03-14,2024-03-14 11:09:00,349.12,349.15,349.12,349.15,0.01,21.13,7461.41,1
2024-03-14,2024-03-14 11:10:00,349.15,349.17,349.15,349.17,0.01,21.13,7461.41,1
2024-03-14,2024-03-14 11:11:00,349.17,349.2,349.17,349.2,0.01,21.13,7461.41,1
2024-03-14,2024-03-14 11:12:00,349.2,349.22,349.2,349.22,0.01,21.13,7461.41,1
2024-03-14,2024-03-14 11:13:00,349.22,349.25,349.22,349.25,0.01,21.13,7461.41,1
2024-03-14,2024-03-14 11:14:00,349.25,349.27,349.25,349.27,0.01,21.13,7461.41,1
2024-03-14,2024-03-14 11:15:00,349.27,349.3,349.27,349.3,0.01,21.13,7461.41,1
2024-03-14,2024-03-14 11:16:00,349.3,349.32,349.3,349.32,0.01,21.13,7461.41,1
2024-03-14,2024-03-14 11:17:00,349.32,349.35,349.32,349.35,0.01,21.13,7461.41,1
2024-03-14,2024-03-14 11:18:00,349.35,349.38,349.35,349.38,0.01,21.13,7461.41,1
2024-03-14,2024-03-14 11:19:00,349.38,349.4,349.38,349.4,0.01,21.13,7461.41,1
2024-03-14,2024-03-14 11:20:00,349.4,349.42,349.4,349.42,0.01,21.13,7461.41,1
2024-03-14,2024-03-14 11:21:00,349.42,349.45,349.42,349.45,0.01,21.13,7461.41,1
2024-03-14,2024-03-14 11:22:00,349.45,349.47,349.45,349.47,0.01,21.13,7461.41,1
2024-03-14,2024-03-14 11:23:00,349.47,349.5,349.47,349.5,0.01,21.13,7461.41,1
2024-03-14,2024-03-14 11:24:00,349.5,349.52,349.5,349.52,0.01,21.13,7461.41,1
2024-03-14,2024-03-14 11:25:00,349.52,349.55,349.52,349.55,0.01,21.13,7461.41,1
2024-03-14,2024-03-14 11:26:00,349.55,349.57,349.55,349.57,0.01,21.13,7461.41,1
2024-03-14,2024-03-14 11:27:00,349.57,349.6,349.57,349.6,0.01,21.13,7461.41,1
2024-03-14,2024-03-14 11:28:00,349.6,349.62,349.6,349.62,0.01,21.13,7461.41,1
2024-03-14,2024-03-14 11:29:00,349.62,349.65,349.62,349.65,0.01,21.13,7461.41,1
2024-03-14,2024-03-14 11:30:00,349.65,349.67,349.65,349.67,0.01,21.13,7461.41,1
2024-03-14,2024-03-14 11:31:00,349.67,349.7,349.67,349.7,0.01,21.13,7461.41,1
2024-03-14,2024-03-14 11:32:00,349.7,349.72,349.7,349.72,0.01,21.13,7461.41,1
2024-03-14,2024-03-14 11:33:00,349.72,349.75,349.72,349.75,0.01,21.13,7461.41,1
2024-03-14,2024-03-14 11:34:00,349.75,349.77,349.75,349.77,0.01,21.13,7461.41,1
2024-03-14,2024-03-14 11:35:00,349.77,349.8,349.77,349.8,0.01,21.13,7461.41,1
2024-03-14,2024-03-14 11:36:00,349.8,349.82,349.8,349.82,0.01,21.13,7461.41,1
2024-03-14,2024-03-14 11:37:00,349.82,349.85,349.82,349.85,0.01,21.13,7461.41,1
2024-03-14,2024-03-14 11:38:00,349.85,349.88,349.85,349.88,0.01,21.13,7461.41,1
2024-03-14,2024-03-14 11:39:00,349.88,349.9,349.88,349.9,0.01,21.13,7461.41,1
2024-03-14,2024-03-14 11:40:00,349.9,349.92,349.9,349.92,0.01,21.13,7461.41,1
2024-03-14,2024-03-14 11:41:00,349.92,349.95,349.92,349.95,0.01,21.13,7461.41,1
2024-03-14,2024-03-14 11:42:00,349.95,349.97,349.95,349.97,0.01,21.13,7461.41,1
2024-03-14,2024-03-14 11:43:00,349.97,350.0,349.97,350.0,0.01,21.13,7461.41,1
2024-03-14,2024-03-14 11:44:00,350.0,350.02,350.0,350.02,0.01,21.13,7461.41,1
2024-03-14,2024-03-14 11:45:00,350.02,350.05,350.02,350.05,0.01,21.13,7461.41,1
2024-03-14,2024-03-14 11:46:00,350.05,350.07,350.05,350.07,0.01,21.13,7461.41,1
2024-03-14,2024-03-14 11:47:00,350.07,350.1,350.07,350.1,0.01,21.13,7461.41,1
2024-03-14,2024-03-14 11:48:00,350.1,350.12,350.1,350.12,0.01,21.13,7461.41,1
2024-03-14,2024-03-14 11:49:00,350.12,350.15,350.12,350.15,0.01,21.13,7461.41,1
2024-03-14,2024-03-14 11:50:00,350.15,350.17,350.15,350.17,0.01,21.13,7461.41,1
2024-03-14,2024-03-14 11:51:00,350.17,350.2,350.17,350.2,0.01,21.13,7461.41,1
2024-03-14,2024-03-14 11:52:00,350.2,350.22,350.2,350.22,0.01,21.13,7461.41,1
2024-03-14,2024-03-14 11:53:00,350.22,350.25,350.22,350.25,0.01,21.13,7461.41,1
2024-03-14,2024-03-14 11:54:00,350.25,350.27,350.25,350.27,0.01,21.13,7461.41,1
2024-03-14,2024-03-14 11:55:00,350.27,350.3,350.27,350.3,0.01,21.13,7461.41,1
2024-03-14,2024-03-14 11:56:00,350.3,350.32,350.3,350.32,0.01,21.13,7461.41,1
2024-03-14,2024-03-14 11:57:00,350.32,350.35,350.32,350.35,0.01,21.13,7461.41,1
2024-03-14,2024-03-14 11:58:00,350.35,350.38,350.35,350.38,0.01,21.13,7461.41,1
2024-03-14,2024-03-14 11:59:00,350.38,350.4,350.38,350.4,0.01,21.13,7461.41,1
2024-03-14,2024-03-14 12:00:00,350.4,350.42,350.4,350.42,0.01,21.13,7461.41,1
2024-03-14,2024-03-14 12:01:00,350.42,350.45,350.42,350.45,0.01,21.13,7461.41,1
2024-03-14,2024-03-14 12:02:00,350.45,350.47,350.45,350.47,0.01,21.13,7461.41,1
2024-03-14,2024-03-14 12:03:00,350.47,350.5,350.47,350.5,0.01,21.13,7461.41,1
2024-03-14,2024-03-14 12:04:00,350.5,350.52,350.5,350.52,0.01,21.13,7461.41,1
2024-03-14,2024-03-14 12:05:00,350.52,350.55,350.52,350.55,0.01,21.13,7461.41,1
2024-03-14,2024-03-14 12:06:00,350.55,350.57,350.55,350.57,0.01,21.13,7461.41,1
2024-03-14,2024-03-14 12:07:00,350.57,350.6,350.57,350.6,0.01,21.13,7461.41,1
2024-03-14,2024-03-14 12:08:00,350.6,350.62,350.6,350.62,0.01,21.13,7461.41,1
2024-03-14,2024-03-14 12:09:00,350.62,350.65,350.62,350.65,0.01,21.13,7461.41,1
2024-03-14,2024-03-14 12:10:00,350.65,350.67,350.65,350.67,0.01,21.13,7461.41,1
2024-03-14,2024-03-14 12:11:00,350.67,350.7,350.67,350.7,0.01,21.13,7461.41,1
2024-03-14,2024-03-14 12:12:00,350.7,350.72,350.7,350.72,0.01,21.13,7461.41,1
2024-03-14,2024-03-14 12:13:00,350.72,350.75,350.72,350.75,0.01,21.13,7461.41,1
2024-03-14,2024-03-14 12:14:00,350.75,350.77,350.75,350.77,0.01,21.13,7461.41,1
2024-03-14,2024-03-14 12:15:00,350.77,350.8,350.77,350.8,0.01,21.13,7461.41,1
2024-03-14,2024-03-14 12:16:00,350.8,350.82,350.8,350.82,0.01,21.13,7461.41,1
2024-03-14,2024-03-14 12:17:00,350.82,350.85,350.82,350.85,0.01,21.13,7461.41,1
2024-03-14,2024-03-14 12:18:00,350.85,350.88,350.85,350.88,0.01,21.13,7461.41,1
2024-03-14,2024-03-14 12:19:00,350.88,350.9,350.88,350.9,0.01,21.13,7461.41,1
2024-03-14,2024-03-14 12:20:00,350.9,350.92,350.9,350.92,0.01,21.13,7461.41,1
2024-03-14,2024-03-14 12:21:00,350.92,350.95,350.92,350.95,0.01,21.13,7461.41,1
2024-03-14,2024-03-14 12:22:00,350.95,350.97,350.95,350.97,0.01,21.13,7461.41,1
2024-03-14,2024-03-14 12:23:00,350.97,351.0,350.97,351.0,0.01,21.13,7461.41,1
2024-03-14,2024-03-14 12:24:00,351.0,351.02,351.0,351.02,0.01,21.13,7461.41,1
2024-03-14,2024-03-14 12:25:00,351.02,351.05,351.02,351.05,0.01,21.13,7461.41,1
2024-03-14,2024-03-14 12:26:00,351.05,351.07,351.05,351.07,0.01,21.13,7461.41,1
2024-03-14,2024-03-14 12:27:00,351.07,351.1,351.07,351.1,0.01,21.13,7461.41,1
2024-03-14,2024-03-14 12:28:00,351.1,351.12,351.1,351.12,0.01,21.13,7461.41,1
2024-03-14,2024-03-14 12:29:00,351.12,351.15,351.12,351.15,0.01,21.13,7461.41,1
2024-03-14,2024-03-14 12:30:00,351.15,351.17,351.15,351.17,0.01,21.13,7461.41,1
2024-03-14,2024-03-14 12:31:00,351.17,351.2,351.17,351.2,0.01,21.13,7461.41,1
2024-03-14,2024-03-14 12:32:00,351.2,351.22,351.2,351.22,0.01,21.13,7461.41,1
2024-03-14,2024-03-14 12:33:00,351.22,351.25,351.22,351.25,0.01,21.13,7461.41,1
2024-03-14,2024-03-14 12:34:00,351.25,351.27,351.25,351.27,0.01,21.13,7461.41,1
2024-03-14,2024-03-14 12:35:00,351.27,351.3,351.27,351.3,0.01,21.13,7461.41,1
2024-03-14,2024-03-14 12:36:00,351.3,351.32,351.3,351.32,0.01,21.13,7461.41,1
2024-03-14,2024-03-14 12:37:00,351.32,351.35,351.32,351.35,0.01,21.13,7461.41,1
2024-03-14,2024-03-14 12:38:00,351.35,351.38,351.35,351.38,0.01,21.13,7461.41,1
2024-03-14,2024-03-14 12:39:00,351.38,351.4,351.38,351.4,0.01,21.13,7461.41,1
2024-03-14,2024-03-14 12:40:00,351.4,351.42,351.4,351.42,0.01,21.13,7461.41,1
2024-03-14,2024-03-14 12:41:00,351.42,351.45,351.42,351.45,0.01,21.13,7461.41,1
2024-03-14,2024-03-14 12:42:00,351.45,351.47,351.45,351.47,0.01,21.13,7461.41,1
2024-03-14,2024-03-14 12:43:00,351.47,351.5,351.47,351.5,0.01,21.13,7461.41,1
2024-03-14,2024-03-14 12:44:00,351.5,351.52,351.5,351.52,0.01,21.13,7461.41,1
2024-03-14,2024-03-14 12:45:00,351.52,351.55,351.52,351.55,0.01,21.13,7461.41,1
2024-03-14,2024-03-14 12:46:00,351.55,351.57,351.55,351.57,0.01,21.13,7461.41,1
2024-03-14,2024-03-14 12:47:00,351.57,351.6,351.57,351.6,0.01,21.13,7461.41,1
2024-03-14,2024-03-14 12:48:00,351.6,351.62,351.6,351.62,0.01,21.13,7461.41,1
2024-03-14,2024-03-14 12:49:00,351.62,351.65,351.62,351.65,0.01,21.13,7461.41,1
2024-03-14,2024-03-14 12:50:00,351.65,351.67,351.65,351.67,0.01,21.13,7461.41,1
2024-03-14,2024-03-14 12:51:00,351.67,351.7,351.67,351.7,0.01,21.13,7461.41,1
2024-03-14,2024-03-14 12:52:00,351.7,351.72,351.7,351.72,0.01,21.13,7461.41,1
2024-03-14,2024-03-14 12:53:00,351.72,351.75,351.72,351.75,0.01,21.13,7461.41,1
2024-03-14,2024-03-14 12:54:00,351.75,351.77,351.75,351.77,0.01,21.13,7461.41,1
2024-03-14,2024-03-14 12:55:00,351.77,351.8,351.77,351.8,0.01,21.13,7461.41,1
2024-03-14,2024-03-14 12:56:00,351.8,351.82,351.8,351.82,0.01,21.13,7461.41,1
2024-03-14,2024-03-14 12:57:00,351.82,351.85,351.82,351.85,0.01,21.13,7461.41,1
2024-03-14,2024-03-14 12:58:00,351.85,351.88,351.85,351.88,0.01,21.13,7461.41,1
2024-03-14,2024-03-14 12:59:00,351.88,351.9,351.88,351.9,0.01,21.13,7461.41,1
2024-03-14,2024-03-14 13:00:00,351.9,363.0,348.9,351.92,0.01,21.13,7461.41,1
2024-03-14,2024-03-14 13:01:00,351.92,351.95,351.92,351.95,0.01,21.13,7461.41,1
2024-03-14,2024-03-14 13:02:00,351.95,351.97,351.95,351.97,0.01,21.13,7461.41,1
2024-03-14,2024-03-14 13:03:00,351.97,352.0,351.97,352.0,0.01,21.13,7461.41,1
2024-03-14,2024-03-14 13:04:00,352.0,352.02,352.0,352.02,0.01,21.13,7461.41,1
2024-03-14,2024-03-14 13:05:00,352.02,352.05,352.02,352.05,0.01,21.13,7461.41,1
2024-03-14,2024-03-14 13:06:00,352.05,352.07,352.05,352.07,0.01,21.13,7461.41,1
2024-03-14,2024-03-14 13:07:00,352.07,352.1,352.07,352.1,0.01,21.13,7461.41,1
2024-03-14,2024-03-14 13:08:00,352.1,352.12,352.1,352.12,0.01,21.13,7461.41,1
2024-03-14,2024-03-14 13:09:00,352.12,352.15,352.12,352.15,0.01,21.13,7461.41,1
2024-03-14,2024-03-14 13:10:00,352.15,352.17,352.15,352.17,0.01,21.13,7461.41,1
2024-03-14,2024-03-14 13:11:00,352.17,352.2,352.17,352.2,0.01,21.13,7461.41,1
2024-03-14,2024-03-14 13:12:00,352.2,352.22,352.2,352.22,0.01,21.13,7461.41,1
2024-03-14,2024-03-14 13:13:00,352.22,352.25,352.22,352.25,0.01,21.13,7461.41,1
2024-03-14,2024-03-14 13:14:00,352.25,352.27,352.25,352.27,0.01,21.13,7461.41,1
2024-03-14,2024-03-14 13:15:00,352.27,352.3,352.27,352.3,0.01,21.13,7461.41,1
2024-03-14,2024-03-14 13:16:00,352.3,352.32,352.3,352.32,0.01,21.13,7461.41,1
2024-03-14,2024-03-14 13:17:00,352.32,352.35,352.32,352.35,0.01,21.13,7461.41,1
2024-03-14,2024-03-14 13:18:00,352.35,352.38,352.35,352.38,0.01,21.13,7461.41,1
2024-03-14,2024-03-14 13:19:00,352.38,352.4,352.38,352.4,0.01,21.13,7461.41,1
2024-03-14,2024-03-14 13:20:00,352.4,352.42,352.4,352.42,0.01,21.13,7461.41,1
2024-03-14,2024-03-14 13:21:00,352.42,352.45,352.42,352.45,0.01,21.13,7461.41,1
2024-03-14,2024-03-14 13:22:00,352.45,352.47,352.45,352.47,0.01,21.13,7461.41,1
2024-03-14,2024-03-14 13:23:00,352.47,352.5,352.47,352.5,0.01,21.13,7461.41,1
2024-03-14,2024-03-14 13:24:00,352.5,352.52,352.5,352.52,0.01,21.13,7461.41,1
2024-03-14,2024-03-14 13:25:00,352.52,352.55,352.52,352.55,0.01,21.13,7461.41,1
2024-03-14,2024-03-14 13:26:00,352.55,352.57,352.55,352.57,0.01,21.13,7461.41,1
2024-03-14,2024-03-14 13:27:00,352.57,352.6,352.57,352.6,0.01,21.13,7461.41,1
2024-03-14,2024-03-14 13:28:00,352.6,352.62,352.6,352.62,0.01,21.13,7461.41,1
2024-03-14,2024-03-14 13:29:00,352.62,352.65,352.62,352.65,0.01,21.13,7461.41,1
2024-03-14,2024-03-14 13:30:00,352.65,352.67,352.65,352.67,0.01,21.13,7461.41,1
2024-03-14,2024-03-14 13:31:00,352.67,352.7,352.67,352.7,0.01,21.13,7461.41,1
2024-03-14,2024-03-14 13:32:00,352.7,352.72,352.7,352.72,0.01,21.13,7461.41,1
2024-03-14,2024-03-14 13:33:00,352.72,352.75,352.72,352.75,0.01,21.13,7461.41,1
2024-03-14,2024-03-14 13:34:00,352.75,352.77,352.75,352.77,0.01,21.13,7461.41,1
2024-03-14,2024-03-14 13:35:00,352.77,352.8,352.77,352.8,0.01,21.13,7461.41,1
2024-03-14,2024-03-14 13:36:00,352.8,352.82,352.8,352.82,0.01,21.13,7461.41,1
2024-03-14,2024-03-14 13:37:00,352.82,352.85,352.82,352.85,0.01,21.13,7461.41,1
2024-03-14,2024-03-14 13:38:00,352.85,352.88,352.85,352.88,0.01,21.13,7461.41,1
2024-03-14,2024-03-14 13:39:00,352.88,352.9,352.88,352.9,0.01,21.13,7461.41,1
2024-03-14,2024-03-14 13:40:00,352.9,352.92,352.9,352.92,0.01,21.13,7461.41,1
2024-03-14,2024-03-14 13:41:00,352.92,352.95,352.92,352.95,0.01,21.13,7461.41,1
2024-03-14,2024-03-14 13:42:00,352.95,352.97,352.95,352.97,0.01,21.13,7461.41,1
2024-03-14,2024-03-14 13:43:00,352.97,353.0,352.97,353.0,0.01,21.13,7461.41,1
2024-03-14,2024-03-14 13:44:00,353.0,353.02,353.0,353.02,0.01,21.13,7461.41,1
2024-03-14,2024-03-14 13:45:00,353.02,353.05,353.02,353.05,0.01,21.13,7461.41,1
2024-03-14,2024-03-14 13:46:00,353.05,353.07,353.05,353.07,0.01,21.13,7461.41,1
2024-03-14,2024-03-14 13:47:00,353.07,353.1,353.07,353.1,0.01,21.13,7461.41,1
2024-03-14,2024-03-14 13:48:00,353.1,353.12,353.1,353.12,0.01,21.13,7461.41,1
2024-03-14,2024-03-14 13:49:00,353.12,353.15,353.12,353.15,0.01,21.13,7461.41,1
2024-03-14,2024-03-14 13:50:00,353.15,353.17,353.15,353.17,0.01,21.13,7461.41,1
2024-03-14,2024-03-14 13:51:00,353.17,353.2,353.17,353.2,0.01,21.13,7461.41,1
2024-03-14,2024-03-14 13:52:00,353.2,353.22,353.2,353.22,0.01,21.13,7461.41,1
2024-03-14,2024-03-14 13:53:00,353.22,353.25,353.22,353.25,0.01,21.13,7461.41,1
2024-03-14,2024-03-14 13:54:00,353.25,353.27,353.25,353.27,0.01,21.13,7461.41,1
2024-03-14,2024-03-14 13:55:00,353.27,353.3,353.27,353.3,0.01,21.13,7461.41,1
2024-03-14,2024-03-14 13:56:00,353.3,353.32,353.3,353.32,0.01,21.13,7461.41,1
2024-03-14,2024-03-14 13:57:00,353.32,353.35,353.32,353.35,0.01,21.13,7461.41,1
2024-03-14,2024-03-14 13:58:00,353.35,353.38,353.35,353.38,0.01,21.13,7461.41,1
2024-03-14,2024-03-14 13:59:00,353.38,353.4,353.38,353.4,0.01,21.13,7461.41,1
2024-03-14,2024-03-14 14:00:00,353.4,353.42,353.4,353.42,0.01,21.13,7461.41,1
2024-03-14,2024-03-14 14:01:00,353.42,353.45,353.42,353.45,0.01,21.13,7461.41,1
2024-03-14,2024-03-14 14:02:00,353.45,353.47,353.45,353.47,0.01,21.13,7461.41,1
2024-03-14,2024-03-14 14:03:00,353.47,353.5,353.47,353.5,0.01,21.13,7461.41,1
2024-03-14,2024-03-14 14:04:00,353.5,353.52,353.5,353.52,0.01,21.13,7461.41,1
2024-03-14,2024-03-14 14:05:00,353.52,353.55,353.52,353.55,0.01,21.13,7461.41,1
2024-03-14,2024-03-14 14:06:00,353.55,353.57,353.55,353.57,0.01,21.13,7461.41,1
2024-03-14,2024-03-14 14:07:00,353.57,353.6,353.57,353.6,0.01,21.13,7461.41,1
2024-03-14,2024-03-14 14:08:00,353.6,353.62,353.6,353.62,0.01,21.13,7461.41,1
2024-03-14,2024-03-14 14:09:00,353.62,353.65,353.62,353.65,0.01,21.13,7461.41,1
2024-03-14,2024-03-14 14:10:00,353.65,353.67,353.65,353.67,0.01,21.13,7461.41,1
2024-03-14,2024-03-14 14:11:00,353.67,353.7,353.67,353.7,0.01,21.13,7461.41,1
2024-03-14,2024-03-14 14:12:00,353.7,353.72,353.7,353.72,0.01,21.13,7461.41,1
2024-03-14,2024-03-14 14:13:00,353.72,353.75,353.72,353.75,0.01,21.13,7461.41,1
2024-03-14,2024-03-14 14:14:00,353.75,353.77,353.75,353.77,0.01,21.13,7461.41,1
2024-03-14,2024-03-14 14:15:00,353.77,353.8,353.77,353.8,0.01,21.13,7461.41,1
2024-03-14,2024-03-14 14:16:00,353.8,353.82,353.8,353.82,0.01,21.13,7461.41,1
2024-03-14,2024-03-14 14:17:00,353.82,353.85,353.82,353.85,0.01,21.13,7461.41,1
2024-03-14,2024-03-14 14:18:00,353.85,353.88,353.85,353.88,0.01,21.13,7461.41,1
2024-03-14,2024-03-14 14:19:00,353.88,353.9,353.88,353.9,0.01,21.13,7461.41,1
2024-03-14,2024-03-14 14:20:00,353.9,353.92,353.9,353.92,0.01,21.13,7461.41,1
2024-03-14,2024-03-14 14:21:00,353.92,353.95,353.92,353.95,0.01,21.13,7461.41,1
2024-03-14,2024-03-14 14:22:00,353.95,353.97,353.95,353.97,0.01,21.13,7461.41,1
2024-03-14,2024-03-14 14:23:00,353.97,354.0,353.97,354.0,0.01,21.13,7461.41,1
2024-03-14,2024-03-14 14:24:00,354.0,354.02,354.0,354.02,0.01,21.13,7461.41,1
2024-03-14,2024-03-14 14:25:00,354.02,354.05,354.02,354.05,0.01,21.13,7461.41,1
2024-03-14,2024-03-14 14:26:00,354.05,354.07,354.05,354.07,0.01,21.13,7461.41,1
2024-03-14,2024-03-14 14:27:00,354.07,354.1,354.07,354.1,0.01,21.13,7461.41,1
2024-03-14,2024-03-14 14:28:00,354.1,354.12,354.1,354.12,0.01,21.13,7461.41,1
2024-03-14,2024-03-14 14:29:00,354.12,354.15,354.12,354.15,0.01,21.13,7461.41,1
2024-03-14,2024-03-14 14:30:00,354.15,354.17,354.15,354.17,0.01,21.13,7461.41,1
2024-03-14,2024-03-14 14:31:00,354.17,354.2,354.17,354.2,0.01,21.13,7461.41,1
2024-03-14,2024-03-14 14:32:00,354.2,354.22,354.2,354.22,0.01,21.13,7461.41,1
2024-03-14,2024-03-14 14:33:00,354.22,354.25,354.22,354.25,0.01,21.13,7461.41,1
2024-03-14,2024-03-14 14:34:00,354.25,354.27,354.25,354.27,0.01,21.13,7461.41,1
2024-03-14,2024-03-14 14:35:00,354.27,354.3,354.27,354.3,0.01,21.13,7461.41,1
2024-03-14,2024-03-14 14:36:00,354.3,354.32,354.3,354.32,0.01,21.13,7461.41,1
2024-03-14,2024-03-14 14:37:00,354.32,354.35,354.32,354.35,0.01,21.13,7461.41,1
2024-03-14,2024-03-14 14:38:00,354.35,354.38,354.35,354.38,0.01,21.13,7461.41,1
2024-03-14,2024-03-14 14:39:00,354.38,354.4,354.38,354.4,0.01,21.13,7461.41,1
2024-03-14,2024-03-14 14:40:00,354.4,354.42,354.4,354.42,0.01,21.13,7461.41,1
2024-03-14,2024-03-14 14:41:00,354.42,354.45,354.42,354.45,0.01,21.13,7461.41,1
2024-03-14,2024-03-14 14:42:00,354.45,354.47,354.45,354.47,0.01,21.13,7461.41,1
2024-03-14,2024-03-14 14:43:00,354.47,354.5,354.47,354.5,0.01,21.13,7461.41,1
2024-03-14,2024-03-14 14:44:00,354.5,354.52,354.5,354.52,0.01,21.13,7461.41,1
2024-03-14,2024-03-14 14:45:00,354.52,354.55,354.52,354.55,0.01,21.13,7461.41,1
2024-03-14,2024-03-14 14:46:00,354.55,354.57,354.55,354.57,0.01,21.13,7461.41,1
2024-03-14,2024-03-14 14:47:00,354.57,354.6,354.57,354.6,0.01,21.13,7461.41,1
2024-03-14,2024-03-14 14:48:00,354.6,354.62,354.6,354.62,0.01,21.13,7461.41,1
2024-03-14,2024-03-14 14:49:00,354.62,354.65,354.62,354.65,0.01,21.13,7461.41,1
2024-03-14,2024-03-14 14:50:00,354.65,354.67,354.65,354.67,0.01,21.13,7461.41,1
2024-03-14,2024-03-14 14:51:00,354.67,354.7,354.67,354.7,0.01,21.13,7461.41,1
2024-03-14,2024-03-14 14:52:00,354.7,354.72,354.7,354.72,0.01,21.13,7461.41,1
2024-03-14,2024-03-14 14:53:00,354.72,354.75,354.72,354.75,0.01,21.13,7461.41,1
2024-03-14,2024-03-14 14:54:00,354.75,354.77,354.75,354.77,0.01,21.13,7461.41,1
2024-03-14,2024-03-14 14:55:00,354.77,354.8,354.77,354.8,0.01,21.13,7461.41,1
2024-03-14,2024-03-14 14:56:00,354.8,354.82,354.8,354.82,0.01,21.13,7461.41,1
2024-03-14,2024-03-14 14:57:00,354.82,354.85,354.82,354.85,0.01,21.13,7461.41,1
2024-03-14,2024-03-14 14:58:00,354.85,354.88,354.85,354.88,0.01,21.13,7461.41,1
2024-03-14,2024-03-14 14:59:00,354.88,354.9,354.88,354.9,0.01,21.13,7461.41,1
2024-03-14,2024-03-14 15:00:00,354.9,363.0,348.9,354.9,0.0,21.13,7461.41,0
2024-03-17,2024-03-17 11:00:00,347.9,349.73,345.83,347.88,-0.01,52.2,17939.83,-1
2024-03-17,2024-03-17 11:01:00,347.88,347.88,347.87,347.87,-0.0,52.2,17939.83,-1
2024-03-17,2024-03-17 11:02:00,347.87,347.87,347.85,347.85,-0.01,52.2,17939.83,-1
2024-03-17,2024-03-17 11:03:00,347.85,347.85,347.83,347.83,-0.01,52.2,17939.83,-1
2024-03-17,2024-03-17 11:04:00,347.83,347.83,347.82,347.82,-0.0,52.2,17939.83,-1
2024-03-17,2024-03-17 11:05:00,347.82,347.82,347.8,347.8,-0.01,52.2,17939.83,-1
2024-03-17,2024-03-17 11:06:00,347.8,347.8,347.79,347.79,-0.0,52.2,17939.83,-1
2024-03-17,2024-03-17 11:07:00,347.79,347.79,347.77,347.77,-0.01,52.2,17939.83,-1
2024-03-17,2024-03-17 11:08:00,347.77,347.77,347.75,347.75,-0.01,52.2,17939.83,-1
2024-03-17,2024-03-17 11:09:00,347.75,347.75,347.74,347.74,-0.0,52.2,17939.83,-1
2024-03-17,2024-03-17 11:10:00,347.74,347.74,347.72,347.72,-0.01,52.2,17939.83,-1
2024-03-17,2024-03-17 11:11:00,347.72,347.72,347.7,347.7,-0.01,52.2,17939.83,-1
2024-03-17,2024-03-17 11:12:00,347.7,347.7,347.69,347.69,-0.0,52.2,17939.83,-1
2024-03-17,2024-03-17 11:13:00,347.69,347.69,347.67,347.67,-0.01,52.2,17939.83,-1
2024-03-17,2024-03-17 11:14:00,347.67,347.67,347.66,347.66,-0.0,52.2,17939.83,-1
2024-03-17,2024-03-17 11:15:00,347.66,347.66,347.64,347.64,-0.01,52.2,17939.83,-1
2024-03-17,2024-03-17 11:16:00,347.64,347.64,347.62,347.62,-0.01,52.2,17939.83,-1
2024-03-17,2024-03-17 11:17:00,347.62,347.62,347.61,347.61,-0.0,52.2,17939.83,-1
2024-03-17,2024-03-17 11:18:00,347.61,347.61,347.59,347.59,-0.01,52.2,17939.83,-1
2024-03-17,2024-03-17 11:19:00,347.59,347.59,347.57,347.57,-0.01,52.2,17939.83,-1
2024-03-17,2024-03-17 11:20:00,347.57,347.57,347.56,347.56,-0.0,52.2,17939.83,-1
2024-03-17,2024-03-17 11:21:00,347.56,347.56,347.54,347.54,-0.01,52.2,17939.83,-1
2024-03-17,2024-03-17 11:22:00,347.54,347.54,347.53,347.53,-0.0,52.2,17939.83,-1
2024-03-17,2024-03-17 11:23:00,347.53,347.53,347.51,347.51,-0.01,52.2,17939.83,-1
2024-03-17,2024-03-17 11:24:00,347.51,347.51,347.49,347.49,-0.01,52.2,17939.83,-1
2024-03-17,2024-03-17 11:25:00,347.49,347.49,347.48,347.48,-0.0,52.2,17939.83,-1
2024-03-17,2024-03-17 11:26:00,347.48,347.48,347.46,347.46,-0.01,52.2,17939.83,-1
2024-03-17,2024-03-17 11:27:00,347.46,347.46,347.44,347.44,-0.01,52.2,17939.83,-1
2024-03-17,2024-03-17 11:28:00,347.44,347.44,347.43,347.43,-0.0,52.2,17939.83,-1
2024-03-17,2024-03-17 11:29:00,347.43,347.43,347.41,347.41,-0.01,52.2,17939.83,-1
2024-03-17,2024-03-17 11:30:00,347.41,347.41,347.4,347.4,-0.0,52.2,17939.83,-1
2024-03-17,2024-03-17 11:31:00,347.4,347.4,347.38,347.38,-0.01,52.2,17939.83,-1
2024-03-17,2024-03-17 11:32:00,347.38,347.38,347.36,347.36,-0.01,52.2,17939.83,-1
2024-03-17,2024-03-17 11:33:00,347.36,347.36,347.35,347.35,-0.0,52.2,17939.83,-1
2024-03-17,2024-03-17 11:34:00,347.35,347.35,347.33,347.33,-0.01,52.2,17939.83,-1
2024-03-17,2024-03-17 11:35:00,347.33,347.33,347.31,347.31,-0.01,52.2,17939.83,-1
2024-03-17,2024-03-17 11:36:00,347.31,347.31,347.3,347.3,-0.0,52.2,17939.83,-1
2024-03-17,2024-03-17 11:37:00,347.3,347.3,347.28,347.28,-0.01,52.2,17939.83,-1
2024-03-17,2024-03-17 11:38:00,347.28,347.28,347.27,347.27,-0.0,52.2,17939.83,-1
2024-03-17,2024-03-17 11:39:00,347.27,347.27,347.25,347.25,-0.01,52.2,17939.83,-1
2024-03-17,2024-03-17 11:40:00,347.25,347.25,347.23,347.23,-0.01,52.2,17939.83,-1
2024-03-17,2024-03-17 11:41:00,347.23,347.23,347.22,347.22,-0.0,52.2,17939.83,-1
2024-03-17,2024-03-17 11:42:00,347.22,347.22,347.2,347.2,-0.01,52.2,17939.83,-1
2024-03-17,2024-03-17 11:43:00,347.2,347.2,347.19,347.19,-0.0,52.2,17939.83,-1
2024-03-17,2024-03-17 11:44:00,347.19,347.19,347.17,347.17,-0.01,52.2,17939.83,-1
2024-03-17,2024-03-17 11:45:00,347.17,347.17,347.15,347.15,-0.01,52.2,17939.83,-1
2024-03-17,2024-03-17 11:46:00,347.15,347.15,347.14,347.14,-0.0,52.2,17939.83,-1
2024-03-17,2024-03-17 11:47:00,347.14,347.14,347.12,347.12,-0.01,52.2,17939.83,-1
2024-03-17,2024-03-17 11:48:00,347.12,347.12,347.1,347.1,-0.01,52.2,17939.83,-1
2024-03-17,2024-03-17 11:49:00,347.1,347.1,347.09,347.09,-0.0,52.2,17939.83,-1
2024-03-17,2024-03-17 11:50:00,347.09,347.09,347.07,347.07,-0.01,52.2,17939.83,-1
2024-03-17,2024-03-17 11:51:00,347.07,347.07,347.06,347.06,-0.0,52.2,17939.83,-1
2024-03-17,2024-03-17 11:52:00,347.06,347.06,347.04,347.04,-0.01,52.2,17939.83,-1
2024-03-17,2024-03-17 11:53:00,347.04,347.04,347.02,347.02,-0.01,52.2,17939.83,-1
2024-03-17,2024-03-17 11:54:00,347.02,347.02,347.01,347.01,-0.0,52.2,17939.83,-1
2024-03-17,2024-03-17 11:55:00,347.01,347.01,346.99,346.99,-0.01,52.2,17939.83,-1
2024-03-17,2024-03-17 11:56:00,346.99,346.99,346.97,346.97,-0.01,52.2,17939.83,-1
2024-03-17,2024-03-17 11:57:00,346.97,346.97,346.96,346.96,-0.0,52.2,17939.83,-1
2024-03-17,2024-03-17 11:58:00,346.96,346.96,346.94,346.94,-0.01,52.2,17939.83,-1
2024-03-17,2024-03-17 11:59:00,346.94,346.94,346.92,346.92,-0.01,52.2,17939.83,-1
2024-03-17,2024-03-17 12:00:00,346.92,346.92,346.91,346.91,-0.0,52.2,17939.83,-1
2024-03-17,2024-03-17 12:01:00,346.91,346.91,346.89,346.89,-0.01,52.2,17939.83,-1
2024-03-17,2024-03-17 12:02:00,346.89,346.89,346.88,346.88,-0.0,52.2,17939.83,-1
2024-03-17,2024-03-17 12:03:00,346.88,346.88,346.86,346.86,-0.01,52.2,17939.83,-1
2024-03-17,2024-03-17 12:04:00,346.86,346.86,346.84,346.84,-0.01,52.2,17939.83,-1
2024-03-17,2024-03-17 12:05:00,346.84,346.84,346.83,346.83,-0.0,52.2,17939.83,-1
2024-03-17,2024-03-17 12:06:00,346.83,346.83,346.81,346.81,-0.01,52.2,17939.83,-1
2024-03-17,2024-03-17 12:07:00,346.81,346.81,346.79,346.79,-0.01,52.2,17939.83,-1
2024-03-17,2024-03-17 12:08:00,346.79,346.79,346.78,346.78,-0.0,52.2,17939.83,-1
2024-03-17,2024-03-17 12:09:00,346.78,346.78,346.76,346.76,-0.01,52.2,17939.83,-1
2024-03-17,2024-03-17 12:10:00,346.76,346.76,346.75,346.75,-0.0,52.2,17939.83,-1
2024-03-17,2024-03-17 12:11:00,346.75,346.75,346.73,346.73,-0.01,52.2,17939.83,-1
2024-03-17,2024-03-17 12:12:00,346.73,346.73,346.71,346.71,-0.01,52.2,17939.83,-1
2024-03-17,2024-03-17 12:13:00,346.71,346.71,346.7,346.7,-0.0,52.2,17939.83,-1
2024-03-17,2024-03-17 12:14:00,346.7,346.7,346.68,346.68,-0.01,52.2,17939.83,-1
2024-03-17,2024-03-17 12:15:00,346.68,346.68,346.66,346.66,-0.01,52.2,17939.83,-1
2024-03-17,2024-03-17 12:16:00,346.66,346.66,346.65,346.65,-0.0,52.2,17939.83,-1
2024-03-17,2024-03-17 12:17:00,346.65,346.65,346.63,346.63,-0.01,52.2,17939.83,-1
2024-03-17,2024-03-17 12:18:00,346.63,346.63,346.62,346.62,-0.0,52.2,17939.83,-1
2024-03-17,2024-03-17 12:19:00,346.62,346.62,346.6,346.6,-0.01,52.2,17939.83,-1
2024-03-17,2024-03-17 12:20:00,346.6,346.6,346.58,346.58,-0.01,52.2,17939.83,-1
2024-03-17,2024-03-17 12:21:00,346.58,346.58,346.57,346.57,-0.0,52.2,17939.83,-1
2024-03-17,2024-03-17 12:22:00,346.57,346.57,346.55,346.55,-0.01,52.2,17939.83,-1
2024-03-17,2024-03-17 12:23:00,346.55,346.55,346.53,346.53,-0.01,52.2,17939.83,-1
2024-03-17,2024-03-17 12:24:00,346.53,346.53,346.52,346.52,-0.0,52.2,17939.83,-1
2024-03-17,2024-03-17 12:25:00,346.52,346.52,346.5,346.5,-0.01,52.2,17939.83,-1
2024-03-17,2024-03-17 12:26:00,346.5,346.5,346.49,346.49,-0.0,52.2,17939.83,-1
2024-03-17,2024-03-17 12:27:00,346.49,346.49,346.47,346.47,-0.01,52.2,17939.83,-1
2024-03-17,2024-03-17 12:28:00,346.47,346.47,346.45,346.45,-0.01,52.2,17939.83,-1
2024-03-17,2024-03-17 12:29:00,346.45,346.45,346.44,346.44,-0.0,52.2,17939.83,-1
2024-03-17,2024-03-17 12:30:00,346.44,346.44,346.42,346.42,-0.01,52.2,17939.83,-1
2024-03-17,2024-03-17 12:31:00,346.42,346.42,346.4,346.4,-0.01,52.2,17939.83,-1
2024-03-17,2024-03-17 12:32:00,346.4,346.4,346.39,346.39,-0.0,52.2,17939.83,-1
2024-03-17,2024-03-17 12:33:00,346.39,346.39,346.37,346.37,-0.01,52.2,17939.83,-1
2024-03-17,2024-03-17 12:34:00,346.37,346.37,346.36,346.36,-0.0,52.2,17939.83,-1
2024-03-17,2024-03-17 12:35:00,346.36,346.36,346.34,346.34,-0.01,52.2,17939.83,-1
2024-03-17,2024-03-17 12:36:00,346.34,346.34,346.32,346.32,-0.01,52.2,17939.83,-1
2024-03-17,2024-03-17 12:37:00,346.32,346.32,346.31,346.31,-0.0,52.2,17939.83,-1
2024-03-17,2024-03-17 12:38:00,346.31,346.31,346.29,346.29,-0.01,52.2,17939.83,-1
2024-03-17,2024-03-17 12:39:00,346.29,346.29,346.27,346.27,-0.01,52.2,17939.83,-1
2024-03-17,2024-03-17 12:40:00,346.27,346.27,346.26,346.26,-0.0,52.2,17939.83,-1
2024-03-17,2024-03-17 12:41:00,346.26,346.26,346.24,346.24,-0.01,52.2,17939.83,-1
2024-03-17,2024-03-17 12:42:00,346.24,346.24,346.23,346.23,-0.0,52.2,17939.83,-1
2024-03-17,2024-03-17 12:43:00,346.23,346.23,346.21,346.21,-0.01,52.2,17939.83,-1
2024-03-17,2024-03-17 12:44:00,346.21,346.21,346.19,346.19,-0.01,52.2,17939.83,-1
2024-03-17,2024-03-17 12:45:00,346.19,346.19,346.18,346.18,-0.0,52.2,17939.83,-1
2024-03-17,2024-03-17 12:46:00,346.18,346.18,346.16,346.16,-0.01,52.2,17939.83,-1
2024-03-17,2024-03-17 12:47:00,346.16,346.16,346.14,346.14,-0.01,52.2,17939.83,-1
2024-03-17,2024-03-17 12:48:00,346.14,346.14,346.13,346.13,-0.0,52.2,17939.83,-1
2024-03-17,2024-03-17 12:49:00,346.13,346.13,346.11,346.11,-0.01,52.2,17939.83,-1
2024-03-17,2024-03-17 12:50:00,346.11,346.11,346.1,346.1,-0.0,52.2,17939.83,-1
2024-03-17,2024-03-17 12:51:00,346.1,346.1,346.08,346.08,-0.01,52.2,17939.83,-1
2024-03-17,2024-03-17 12:52:00,346.08,346.08,346.06,346.06,-0.01,52.2,17939.83,-1
2024-03-17,2024-03-17 12:53:00,346.06,346.06,346.05,346.05,-0.0,52.2,17939.83,-1
2024-03-17,2024-03-17 12:54:00,346.05,346.05,346.03,346.03,-0.01,52.2,17939.83,-1
2024-03-17,2024-03-17 12:55:00,346.03,346.03,346.01,346.01,-0.01,52.2,17939.83,-1
2024-03-17,2024-03-17 12:56:00,346.01,346.01,346.0,346.0,-0.0,52.2,17939.83,-1
2024-03-17,2024-03-17 12:57:00,346.0,346.0,345.98,345.98,-0.01,52.2,17939.83,-1
2024-03-17,2024-03-17 12:58:00,345.98,345.98,345.97,345.97,-0.0,52.2,17939.83,-1
2024-03-17,2024-03-17 12:59:00,345.97,345.97,345.95,345.95,-0.01,52.2,17939.83,-1
2024-03-17,2024-03-17 13:00:00,345.95,354.0,341.0,345.93,-0.01,52.2,17939.83,-1
2024-03-17,2024-03-17 13:01:00,345.93,345.93,345.92,345.92,-0.0,52.2,17939.83,-1
2024-03-17,2024-03-17 13:02:00,345.92,345.92,345.9,345.9,-0.01,52.2,17939.83,-1
2024-03-17,2024-03-17 13:03:00,345.9,345.9,345.88,345.88,-0.01,52.2,17939.83,-1
2024-03-17,2024-03-17 13:04:00,345.88,345.88,345.87,345.87,-0.0,52.2,17939.83,-1
2024-03-17,2024-03-17 13:05:00,345.87,345.87,345.85,345.85,-0.01,52.2,17939.83,-1
2024-03-17,2024-03-17 13:06:00,345.85,345.85,345.84,345.84,-0.0,52.2,17939.83,-1
2024-03-17,2024-03-17 13:07:00,345.84,345.84,345.82,345.82,-0.01,52.2,17939.83,-1
2024-03-17,2024-03-17 13:08:00,345.82,345.82,345.8,345.8,-0.01,52.2,17939.83,-1
2024-03-17,2024-03-17 13:09:00,345.8,345.8,345.79,345.79,-0.0,52.2,17939.83,-1
2024-03-17,2024-03-17 13:10:00,345.79,345.79,345.77,345.77,-0.01,52.2,17939.83,-1
2024-03-17,2024-03-17 13:11:00,345.77,345.77,345.75,345.75,-0.01,52.2,17939.83,-1
2024-03-17,2024-03-17 13:12:00,345.75,345.75,345.74,345.74,-0.0,52.2,17939.83,-1
2024-03-17,2024-03-17 13:13:00,345.74,345.74,345.72,345.72,-0.01,52.2,17939.83,-1
2024-03-17,2024-03-17 13:14:00,345.72,345.72,345.71,345.71,-0.0,52.2,17939.83,-1
2024-03-17,2024-03-17 13:15:00,345.71,345.71,345.69,345.69,-0.01,52.2,17939.83,-1
2024-03-17,2024-03-17 13:16:00,345.69,345.69,345.67,345.67,-0.01,52.2,17939.83,-1
2024-03-17,2024-03-17 13:17:00,345.67,345.67,345.66,345.66,-0.0,52.2,17939.83,-1
2024-03-17,2024-03-17 13:18:00,345.66,345.66,345.64,345.64,-0.01,52.2,17939.83,-1
2024-03-17,2024-03-17 13:19:00,345.64,345.64,345.62,345.62,-0.01,52.2,17939.83,-1
2024-03-17,2024-03-17 13:20:00,345.62,345.62,345.61,345.61,-0.0,52.2,17939.83,-1
2024-03-17,2024-03-17 13:21:00,345.61,345.61,345.59,345.59,-0.01,52.2,17939.83,-1
2024-03-17,2024-03-17 13:22:00,345.59,345.59,345.58,345.58,-0.0,52.2,17939.83,-1
2024-03-17,2024-03-17 13:23:00,345.58,345.58,345.56,345.56,-0.01,52.2,17939.83,-1
2024-03-17,2024-03-17 13:24:00,345.56,345.56,345.54,345.54,-0.01,52.2,17939.83,-1
2024-03-17,2024-03-17 13:25:00,345.54,345.54,345.53,345.53,-0.0,52.2,17939.83,-1
2024-03-17,2024-03-17 13:26:00,345.53,345.53,345.51,345.51,-0.01,52.2,17939.83,-1
2024-03-17,2024-03-17 13:27:00,345.51,345.51,345.5,345.5,-0.0,52.2,17939.83,-1
2024-03-17,2024-03-17 13:28:00,345.5,345.5,345.48,345.48,-0.01,52.2,17939.83,-1
2024-03-17,2024-03-17 13:29:00,345.48,345.48,345.46,345.46,-0.01,52.2,17939.83,-1
2024-03-17,2024-03-17 13:30:00,345.46,345.46,345.45,345.45,-0.0,52.2,17939.83,-1
2024-03-17,2024-03-17 13:31:00,345.45,345.45,345.43,345.43,-0.01,52.2,17939.83,-1
2024-03-17,2024-03-17 13:32:00,345.43,345.43,345.41,345.41,-0.01,52.2,17939.83,-1
2024-03-17,2024-03-17 13:33:00,345.41,345.41,345.4,345.4,-0.0,52.2,17939.83,-1
2024-03-17,2024-03-17 13:34:00,345.4,345.4,345.38,345.38,-0.01,52.2,17939.83,-1
2024-03-17,2024-03-17 13:35:00,345.38,345.38,345.37,345.37,-0.0,52.2,17939.83,-1
2024-03-17,2024-03-17 13:36:00,345.37,345.37,345.35,345.35,-0.01,52.2,17939.83,-1
2024-03-17,2024-03-17 13:37:00,345.35,345.35,345.33,345.33,-0.01,52.2,17939.83,-1
2024-03-17,2024-03-17 13:38:00,345.33,345.33,345.32,345.32,-0.0,52.2,17939.83,-1
2024-03-17,2024-03-17 13:39:00,345.32,345.32,345.3,345.3,-0.01,52.2,17939.83,-1
2024-03-17,2024-03-17 13:40:00,345.3,345.3,345.28,345.28,-0.01,52.2,17939.83,-1
2024-03-17,2024-03-17 13:41:00,345.28,345.28,345.27,345.27,-0.0,52.2,17939.83,-1
2024-03-17,2024-03-17 13:42:00,345.27,345.27,345.25,345.25,-0.01,52.2,17939.83,-1
2024-03-17,2024-03-17 13:43:00,345.25,345.25,345.24,345.24,-0.0,52.2,17939.83,-1
2024-03-17,2024-03-17 13:44:00,345.24,345.24,345.22,345.22,-0.01,52.2,17939.83,-1
2024-03-17,2024-03-17 13:45:00,345.22,345.22,345.2,345.2,-0.01,52.2,17939.83,-1
2024-03-17,2024-03-17 13:46:00,345.2,345.2,345.19,345.19,-0.0,52.2,17939.83,-1
2024-03-17,2024-03-17 13:47:00,345.19,345.19,345.17,345.17,-0.01,52.2,17939.83,-1
2024-03-17,2024-03-17 13:48:00,345.17,345.17,345.15,345.15,-0.01,52.2,17939.83,-1
2024-03-17,2024-03-17 13:49:00,345.15,345.15,345.14,345.14,-0.0,52.2,17939.83,-1
2024-03-17,2024-03-17 13:50:00,345.14,345.14,345.12,345.12,-0.01,52.2,17939.83,-1
2024-03-17,2024-03-17 13:51:00,345.12,345.12,345.11,345.11,-0.0,52.2,17939.83,-1
2024-03-17,2024-03-17 13:52:00,345.11,345.11,345.09,345.09,-0.01,52.2,17939.83,-1
2024-03-17,2024-03-17 13:53:00,345.09,345.09,345.07,345.07,-0.01,52.2,17939.83,-1
2024-03-17,2024-03-17 13:54:00,345.07,345.07,345.06,345.06,-0.0,52.2,17939.83,-1
2024-03-17,2024-03-17 13:55:00,345.06,345.06,345.04,345.04,-0.01,52.2,17939.83,-1
2024-03-17,2024-03-17 13:56:00,345.04,345.04,345.02,345.02,-0.01,52.2,17939.83,-1
2024-03-17,2024-03-17 13:57:00,345.02,345.02,345.01,345.01,-0.0,52.2,17939.83,-1
2024-03-17,2024-03-17 13:58:00,345.01,345.01,344.99,344.99,-0.01,52.2,17939.83,-1
2024-03-17,2024-03-17 13:59:00,344.99,344.99,344.98,344.98,-0.0,52.2,17939.83,-1
2024-03-17,2024-03-17 14:00:00,344.98,344.98,344.96,344.96,-0.01,52.2,17939.83,-1
2024-03-17,2024-03-17 14:01:00,344.96,344.96,344.94,344.94,-0.01,52.2,17939.83,-1
2024-03-17,2024-03-17 14:02:00,344.94,344.94,344.93,344.93,-0.0,52.2,17939.83,-1
2024-03-17,2024-03-17 14:03:00,344.93,344.93,344.91,344.91,-0.01,52.2,17939.83,-1
2024-03-17,2024-03-17 14:04:00,344.91,344.91,344.89,344.89,-0.01,52.2,17939.83,-1
2024-03-17,2024-03-17 14:05:00,344.89,344.89,344.88,344.88,-0.0,52.2,17939.83,-1
2024-03-17,2024-03-17 14:06:00,344.88,344.88,344.86,344.86,-0.01,52.2,17939.83,-1
2024-03-17,2024-03-17 14:07:00,344.86,344.86,344.84,344.84,-0.01,52.2,17939.83,-1
2024-03-17,2024-03-17 14:08:00,344.84,344.84,344.83,344.83,-0.0,52.2,17939.83,-1
2024-03-17,2024-03-17 14:09:00,344.83,344.83,344.81,344.81,-0.01,52.2,17939.83,-1
2024-03-17,2024-03-17 14:10:00,344.81,344.81,344.8,344.8,-0.0,52.2,17939.83,-1
2024-03-17,2024-03-17 14:11:00,344.8,344.8,344.78,344.78,-0.01,52.2,17939.83,-1
2024-03-17,2024-03-17 14:12:00,344.78,344.78,344.76,344.76,-0.01,52.2,17939.83,-1
2024-03-17,2024-03-17 14:13:00,344.76,344.76,344.75,344.75,-0.0,52.2,17939.83,-1
2024-03-17,2024-03-17 14:14:00,344.75,344.75,344.73,344.73,-0.01,52.2,17939.83,-1
2024-03-17,2024-03-17 14:15:00,344.73,344.73,344.71,344.71,-0.01,52.2,17939.83,-1
2024-03-17,2024-03-17 14:16:00,344.71,344.71,344.7,344.7,-0.0,52.2,17939.83,-1
2024-03-17,2024-03-17 14:17:00,344.7,344.7,344.68,344.68,-0.01,52.2,17939.83,-1
2024-03-17,2024-03-17 14:18:00,344.68,344.68,344.67,344.67,-0.0,52.2,17939.83,-1
2024-03-17,2024-03-17 14:19:00,344.67,344.67,344.65,344.65,-0.01,52.2,17939.83,-1
2024-03-17,2024-03-17 14:20:00,344.65,344.65,344.63,344.63,-0.01,52.2,17939.83,-1
2024-03-17,2024-03-17 14:21:00,344.63,344.63,344.62,344.62,-0.0,52.2,17939.83,-1
2024-03-17,2024-03-17 14:22:00,344.62,344.62,344.6,344.6,-0.01,52.2,17939.83,-1
2024-03-17,2024-03-17 14:23:00,344.6,344.6,344.58,344.58,-0.01,52.2,17939.83,-1
2024-03-17,2024-03-17 14:24:00,344.58,344.58,344.57,344.57,-0.0,52.2,17939.83,-1
2024-03-17,2024-03-17 14:25:00,344.57,344.57,344.55,344.55,-0.01,52.2,17939.83,-1
2024-03-17,2024-03-17 14:26:00,344.55,344.55,344.54,344.54,-0.0,52.2,17939.83,-1
2024-03-17,2024-03-17 14:27:00,344.54,344.54,344.52,344.52,-0.01,52.2,17939.83,-1
2024-03-17,2024-03-17 14:28:00,344.52,344.52,344.5,344.5,-0.01,52.2,17939.83,-1
2024-03-17,2024-03-17 14:29:00,344.5,344.5,344.49,344.49,-0.0,52.2,17939.83,-1
2024-03-17,2024-03-17 14:30:00,344.49,344.49,344.47,344.47,-0.01,52.2,17939.83,-1
2024-03-17,2024-03-17 14:31:00,344.47,344.47,344.45,344.45,-0.01,52.2,17939.83,-1
2024-03-17,2024-03-17 14:32:00,344.45,344.45,344.44,344.44,-0.0,52.2,17939.83,-1
2024-03-17,2024-03-17 14:33:00,344.44,344.44,344.42,344.42,-0.01,52.2,17939.83,-1
2024-03-17,2024-03-17 14:34:00,344.42,344.42,344.41,344.41,-0.0,52.2,17939.83,-1
2024-03-17,2024-03-17 14:35:00,344.41,344.41,344.39,344.39,-0.01,52.2,17939.83,-1
2024-03-17,2024-03-17 14:36:00,344.39,344.39,344.37,344.37,-0.01,52.2,17939.83,-1
2024-03-17,2024-03-17 14:37:00,344.37,344.37,344.36,344.36,-0.0,52.2,17939.83,-1
2024-03-17,2024-03-17 14:38:00,344.36,344.36,344.34,344.34,-0.01,52.2,17939.83,-1
2024-03-17,2024-03-17 14:39:00,344.34,344.34,344.32,344.32,-0.01,52.2,17939.83,-1
2024-03-17,2024-03-17 14:40:00,344.32,344.32,344.31,344.31,-0.0,52.2,17939.83,-1
2024-03-17,2024-03-17 14:41:00,344.31,344.31,344.29,344.29,-0.01,52.2,17939.83,-1
2024-03-17,2024-03-17 14:42:00,344.29,344.29,344.28,344.28,-0.0,52.2,17939.83,-1
2024-03-17,2024-03-17 14:43:00,344.28,344.28,344.26,344.26,-0.01,52.2,17939.83,-1
2024-03-17,2024-03-17 14:44:00,344.26,344.26,344.24,344.24,-0.01,52.2,17939.83,-1
2024-03-17,2024-03-17 14:45:00,344.24,344.24,344.23,344.23,-0.0,52.2,17939.83,-1
2024-03-17,2024-03-17 14:46:00,344.23,344.23,344.21,344.21,-0.01,52.2,17939.83,-1
2024-03-17,2024-03-17 14:47:00,344.21,344.21,344.19,344.19,-0.01,52.2,17939.83,-1
2024-03-17,2024-03-17 14:48:00,344.19,344.19,344.18,344.18,-0.0,52.2,17939.83,-1
2024-03-17,2024-03-17 14:49:00,344.18,344.18,344.16,344.16,-0.01,52.2,17939.83,-1
2024-03-17,2024-03-17 14:50:00,344.16,344.16,344.15,344.15,-0.0,52.2,17939.83,-1
2024-03-17,2024-03-17 14:51:00,344.15,344.15,344.13,344.13,-0.01,52.2,17939.83,-1
2024-03-17,2024-03-17 14:52:00,344.13,344.13,344.11,344.11,-0.01,52.2,17939.83,-1
2024-03-17,2024-03-17 14:53:00,344.11,344.11,344.1,344.1,-0.0,52.2,17939.83,-1
2024-03-17,2024-03-17 14:54:00,344.1,344.1,344.08,344.08,-0.01,52.2,17939.83,-1
2024-03-17,2024-03-17 14:55:00,344.08,344.08,344.06,344.06,-0.01,52.2,17939.83,-1
2024-03-17,2024-03-17 14:56:00,344.06,344.06,344.05,344.05,-0.0,52.2,17939.83,-1
2024-03-17,2024-03-17 14:57:00,344.05,344.05,344.03,344.03,-0.01,52.2,17939.83,-1
2024-03-17,2024-03-17 14:58:00,344.03,344.03,344.02,344.02,-0.0,52.2,17939.83,-1
2024-03-17,2024-03-17 14:59:00,344.02,344.02,344.0,344.0,-0.01,52.2,17939.83,-1
2024-03-17,2024-03-17 15:00:00,344.0,354.0,341.0,344.0,0.0,52.2,17939.83,0
2024-03-18,2024-03-18 11:00:00,340.0,345.34,340.0,340.02,0.01,34.39,11899.46,1
2024-03-18,2024-03-18 11:01:00,340.02,340.05,340.02,340.05,0.01,34.39,11899.46,1
2024-03-18,2024-03-18 11:02:00,340.05,340.07,340.05,340.07,0.01,34.39,11899.46,1
2024-03-18,2024-03-18 11:03:00,340.07,340.09,340.07,340.09,0.01,34.39,11899.46,1
2024-03-18,2024-03-18 11:04:00,340.09,340.11,340.09,340.11,0.01,34.39,11899.46,1
2024-03-18,2024-03-18 11:05:00,340.11,340.14,340.11,340.14,0.01,34.39,11899.46,1
2024-03-18,2024-03-18 11:06:00,340.14,340.16,340.14,340.16,0.01,34.39,11899.46,1
2024-03-18,2024-03-18 11:07:00,340.16,340.18,340.16,340.18,0.01,34.39,11899.46,1
2024-03-18,2024-03-18 11:08:00,340.18,340.21,340.18,340.21,0.01,34.39,11899.46,1
2024-03-18,2024-03-18 11:09:00,340.21,340.23,340.21,340.23,0.01,34.39,11899.46,1
2024-03-18,2024-03-18 11:10:00,340.23,340.25,340.23,340.25,0.01,34.39,11899.46,1
2024-03-18,2024-03-18 11:11:00,340.25,340.27,340.25,340.27,0.01,34.39,11899.46,1
2024-03-18,2024-03-18 11:12:00,340.27,340.3,340.27,340.3,0.01,34.39,11899.46,1
2024-03-18,2024-03-18 11:13:00,340.3,340.32,340.3,340.32,0.01,34.39,11899.46,1
2024-03-18,2024-03-18 11:14:00,340.32,340.34,340.32,340.34,0.01,34.39,11899.46,1
2024-03-18,2024-03-18 11:15:00,340.34,340.37,340.34,340.37,0.01,34.39,11899.46,1
2024-03-18,2024-03-18 11:16:00,340.37,340.39,340.37,340.39,0.01,34.39,11899.46,1
2024-03-18,2024-03-18 11:17:00,340.39,340.41,340.39,340.41,0.01,34.39,11899.46,1
2024-03-18,2024-03-18 11:18:00,340.41,340.44,340.41,340.44,0.01,34.39,11899.46,1
2024-03-18,2024-03-18 11:19:00,340.44,340.46,340.44,340.46,0.01,34.39,11899.46,1
2024-03-18,2024-03-18 11:20:00,340.46,340.48,340.46,340.48,0.01,34.39,11899.46,1
2024-03-18,2024-03-18 11:21:00,340.48,340.5,340.48,340.5,0.01,34.39,11899.46,1
2024-03-18,2024-03-18 11:22:00,340.5,340.53,340.5,340.53,0.01,34.39,11899.46,1
2024-03-18,2024-03-18 11:23:00,340.53,340.55,340.53,340.55,0.01,34.39,11899.46,1
2024-03-18,2024-03-18 11:24:00,340.55,340.57,340.55,340.57,0.01,34.39,11899.46,1
2024-03-18,2024-03-18 11:25:00,340.57,340.6,340.57,340.6,0.01,34.39,11899.46,1
2024-03-18,2024-03-18 11:26:00,340.6,340.62,340.6,340.62,0.01,34.39,11899.46,1
2024-03-18,2024-03-18 11:27:00,340.62,340.64,340.62,340.64,0.01,34.39,11899.46,1
2024-03-18,2024-03-18 11:28:00,340.64,340.66,340.64,340.66,0.01,34.39,11899.46,1
2024-03-18,2024-03-18 11:29:00,340.66,340.69,340.66,340.69,0.01,34.39,11899.46,1
2024-03-18,2024-03-18 11:30:00,340.69,340.71,340.69,340.71,0.01,34.39,11899.46,1
2024-03-18,2024-03-18 11:31:00,340.71,340.73,340.71,340.73,0.01,34.39,11899.46,1
2024-03-18,2024-03-18 11:32:00,340.73,340.76,340.73,340.76,0.01,34.39,11899.46,1
2024-03-18,2024-03-18 11:33:00,340.76,340.78,340.76,340.78,0.01,34.39,11899.46,1
2024-03-18,2024-03-18 11:34:00,340.78,340.8,340.78,340.8,0.01,34.39,11899.46,1
2024-03-18,2024-03-18 11:35:00,340.8,340.82,340.8,340.82,0.01,34.39,11899.46,1
2024-03-18,2024-03-18 11:36:00,340.82,340.85,340.82,340.85,0.01,34.39,11899.46,1
2024-03-18,2024-03-18 11:37:00,340.85,340.87,340.85,340.87,0.01,34.39,11899.46,1
2024-03-18,2024-03-18 11:38:00,340.87,340.89,340.87,340.89,0.01,34.39,11899.46,1
2024-03-18,2024-03-18 11:39:00,340.89,340.92,340.89,340.92,0.01,34.39,11899.46,1
2024-03-18,2024-03-18 11:40:00,340.92,340.94,340.92,340.94,0.01,34.39,11899.46,1
2024-03-18,2024-03-18 11:41:00,340.94,340.96,340.94,340.96,0.01,34.39,11899.46,1
2024-03-18,2024-03-18 11:42:00,340.96,340.99,340.96,340.99,0.01,34.39,11899.46,1
2024-03-18,2024-03-18 11:43:00,340.99,341.01,340.99,341.01,0.01,34.39,11899.46,1
2024-03-18,2024-03-18 11:44:00,341.01,341.03,341.01,341.03,0.01,34.39,11899.46,1
2024-03-18,2024-03-18 11:45:00,341.03,341.05,341.03,341.05,0.01,34.39,11899.46,1
2024-03-18,2024-03-18 11:46:00,341.05,341.08,341.05,341.08,0.01,34.39,11899.46,1
2024-03-18,2024-03-18 11:47:00,341.08,341.1,341.08,341.1,0.01,34.39,11899.46,1
2024-03-18,2024-03-18 11:48:00,341.1,341.12,341.1,341.12,0.01,34.39,11899.46,1
2024-03-18,2024-03-18 11:49:00,341.12,341.15,341.12,341.15,0.01,34.39,11899.46,1
2024-03-18,2024-03-18 11:50:00,341.15,341.17,341.15,341.17,0.01,34.39,11899.46,1
2024-03-18,2024-03-18 11:51:00,341.17,341.19,341.17,341.19,0.01,34.39,11899.46,1
2024-03-18,2024-03-18 11:52:00,341.19,341.21,341.19,341.21,0.01,34.39,11899.46,1
2024-03-18,2024-03-18 11:53:00,341.21,341.24,341.21,341.24,0.01,34.39,11899.46,1
2024-03-18,2024-03-18 11:54:00,341.24,341.26,341.24,341.26,0.01,34.39,11899.46,1
2024-03-18,2024-03-18 11:55:00,341.26,341.28,341.26,341.28,0.01,34.39,11899.46,1
2024-03-18,2024-03-18 11:56:00,341.28,341.31,341.28,341.31,0.01,34.39,11899.46,1
2024-03-18,2024-03-18 11:57:00,341.31,341.33,341.31,341.33,0.01,34.39,11899.46,1
2024-03-18,2024-03-18 11:58:00,341.33,341.35,341.33,341.35,0.01,34.39,11899.46,1
2024-03-18,2024-03-18 11:59:00,341.35,341.38,341.35,341.38,0.01,34.39,11899.46,1
2024-03-18,2024-03-18 12:00:00,341.38,341.4,341.38,341.4,0.01,34.39,11899.46,1
2024-03-18,2024-03-18 12:01:00,341.4,341.42,341.4,341.42,0.01,34.39,11899.46,1
2024-03-18,2024-03-18 12:02:00,341.42,341.44,341.42,341.44,0.01,34.39,11899.46,1
2024-03-18,2024-03-18 12:03:00,341.44,341.47,341.44,341.47,0.01,34.39,11899.46,1
2024-03-18,2024-03-18 12:04:00,341.47,341.49,341.47,341.49,0.01,34.39,11899.46,1
2024-03-18,2024-03-18 12:05:00,341.49,341.51,341.49,341.51,0.01,34.39,11899.46,1
2024-03-18,2024-03-18 12:06:00,341.51,341.54,341.51,341.54,0.01,34.39,11899.46,1
2024-03-18,2024-03-18 12:07:00,341.54,341.56,341.54,341.56,0.01,34.39,11899.46,1
2024-03-18,2024-03-18 12:08:00,341.56,341.58,341.56,341.58,0.01,34.39,11899.46,1
2024-03-18,2024-03-18 12:09:00,341.58,341.6,341.58,341.6,0.01,34.39,11899.46,1
2024-03-18,2024-03-18 12:10:00,341.6,341.63,341.6,341.63,0.01,34.39,11899.46,1
2024-03-18,2024-03-18 12:11:00,341.63,341.65,341.63,341.65,0.01,34.39,11899.46,1
2024-03-18,2024-03-18 12:12:00,341.65,341.67,341.65,341.67,0.01,34.39,11899.46,1
2024-03-18,2024-03-18 12:13:00,341.67,341.7,341.67,341.7,0.01,34.39,11899.46,1
2024-03-18,2024-03-18 12:14:00,341.7,341.72,341.7,341.72,0.01,34.39,11899.46,1
2024-03-18,2024-03-18 12:15:00,341.72,341.74,341.72,341.74,0.01,34.39,11899.46,1
2024-03-18,2024-03-18 12:16:00,341.74,341.76,341.74,341.76,0.01,34.39,11899.46,1
2024-03-18,2024-03-18 12:17:00,341.76,341.79,341.76,341.79,0.01,34.39,11899.46,1
2024-03-18,2024-03-18 12:18:00,341.79,341.81,341.79,341.81,0.01,34.39,11899.46,1
2024-03-18,2024-03-18 12:19:00,341.81,341.83,341.81,341.83,0.01,34.39,11899.46,1
2024-03-18,2024-03-18 12:20:00,341.83,341.86,341.83,341.86,0.01,34.39,11899.46,1
2024-03-18,2024-03-18 12:21:00,341.86,341.88,341.86,341.88,0.01,34.39,11899.46,1
2024-03-18,2024-03-18 12:22:00,341.88,341.9,341.88,341.9,0.01,34.39,11899.46,1
2024-03-18,2024-03-18 12:23:00,341.9,341.93,341.9,341.93,0.01,34.39,11899.46,1
2024-03-18,2024-03-18 12:24:00,341.93,341.95,341.93,341.95,0.01,34.39,11899.46,1
2024-03-18,2024-03-18 12:25:00,341.95,341.97,341.95,341.97,0.01,34.39,11899.46,1
2024-03-18,2024-03-18 12:26:00,341.97,341.99,341.97,341.99,0.01,34.39,11899.46,1
2024-03-18,2024-03-18 12:27:00,341.99,342.02,341.99,342.02,0.01,34.39,11899.46,1
2024-03-18,2024-03-18 12:28:00,342.02,342.04,342.02,342.04,0.01,34.39,11899.46,1
2024-03-18,2024-03-18 12:29:00,342.04,342.06,342.04,342.06,0.01,34.39,11899.46,1
2024-03-18,2024-03-18 12:30:00,342.06,342.09,342.06,342.09,0.01,34.39,11899.46,1
2024-03-18,2024-03-18 12:31:00,342.09,342.11,342.09,342.11,0.01,34.39,11899.46,1
2024-03-18,2024-03-18 12:32:00,342.11,342.13,342.11,342.13,0.01,34.39,11899.46,1
2024-03-18,2024-03-18 12:33:00,342.13,342.15,342.13,342.15,0.01,34.39,11899.46,1
2024-03-18,2024-03-18 12:34:00,342.15,342.18,342.15,342.18,0.01,34.39,11899.46,1
2024-03-18,2024-03-18 12:35:00,342.18,342.2,342.18,342.2,0.01,34.39,11899.46,1
2024-03-18,2024-03-18 12:36:00,342.2,342.22,342.2,342.22,0.01,34.39,11899.46,1
2024-03-18,2024-03-18 12:37:00,342.22,342.25,342.22,342.25,0.01,34.39,11899.46,1
2024-03-18,2024-03-18 12:38:00,342.25,342.27,342.25,342.27,0.01,34.39,11899.46,1
2024-03-18,2024-03-18 12:39:00,342.27,342.29,342.27,342.29,0.01,34.39,11899.46,1
2024-03-18,2024-03-18 12:40:00,342.29,342.31,342.29,342.31,0.01,34.39,11899.46,1
2024-03-18,2024-03-18 12:41:00,342.31,342.34,342.31,342.34,0.01,34.39,11899.46,1
2024-03-18,2024-03-18 12:42:00,342.34,342.36,342.34,342.36,0.01,34.39,11899.46,1
2024-03-18,2024-03-18 12:43:00,342.36,342.38,342.36,342.38,0.01,34.39,11899.46,1
2024-03-18,2024-03-18 12:44:00,342.38,342.41,342.38,342.41,0.01,34.39,11899.46,1
2024-03-18,2024-03-18 12:45:00,342.41,342.43,342.41,342.43,0.01,34.39,11899.46,1
2024-03-18,2024-03-18 12:46:00,342.43,342.45,342.43,342.45,0.01,34.39,11899.46,1
2024-03-18,2024-03-18 12:47:00,342.45,342.48,342.45,342.48,0.01,34.39,11899.46,1
2024-03-18,2024-03-18 12:48:00,342.48,342.5,342.48,342.5,0.01,34.39,11899.46,1
2024-03-18,2024-03-18 12:49:00,342.5,342.52,342.5,342.52,0.01,34.39,11899.46,1
2024-03-18,2024-03-18 12:50:00,342.52,342.54,342.52,342.54,0.01,34.39,11899.46,1
2024-03-18,2024-03-18 12:51:00,342.54,342.57,342.54,342.57,0.01,34.39,11899.46,1
2024-03-18,2024-03-18 12:52:00,342.57,342.59,342.57,342.59,0.01,34.39,11899.46,1
2024-03-18,2024-03-18 12:53:00,342.59,342.61,342.59,342.61,0.01,34.39,11899.46,1
2024-03-18,2024-03-18 12:54:00,342.61,342.64,342.61,342.64,0.01,34.39,11899.46,1
2024-03-18,2024-03-18 12:55:00,342.64,342.66,342.64,342.66,0.01,34.39,11899.46,1
2024-03-18,2024-03-18 12:56:00,342.66,342.68,342.66,342.68,0.01,34.39,11899.46,1
2024-03-18,2024-03-18 12:57:00,342.68,342.7,342.68,342.7,0.01,34.39,11899.46,1
2024-03-18,2024-03-18 12:58:00,342.7,342.73,342.7,342.73,0.01,34.39,11899.46,1
2024-03-18,2024-03-18 12:59:00,342.73,342.75,342.73,342.75,0.01,34.39,11899.46,1
2024-03-18,2024-03-18 13:00:00,342.75,357.8,340.0,342.77,0.01,34.39,11899.46,1
2024-03-18,2024-03-18 13:01:00,342.77,342.8,342.77,342.8,0.01,34.39,11899.46,1
2024-03-18,2024-03-18 13:02:00,342.8,342.82,342.8,342.82,0.01,34.39,11899.46,1
2024-03-18,2024-03-18 13:03:00,342.82,342.84,342.82,342.84,0.01,34.39,11899.46,1
2024-03-18,2024-03-18 13:04:00,342.84,342.86,342.84,342.86,0.01,34.39,11899.46,1
2024-03-18,2024-03-18 13:05:00,342.86,342.89,342.86,342.89,0.01,34.39,11899.46,1
2024-03-18,2024-03-18 13:06:00,342.89,342.91,342.89,342.91,0.01,34.39,11899.46,1
2024-03-18,2024-03-18 13:07:00,342.91,342.93,342.91,342.93,0.01,34.39,11899.46,1
2024-03-18,2024-03-18 13:08:00,342.93,342.96,342.93,342.96,0.01,34.39,11899.46,1
2024-03-18,2024-03-18 13:09:00,342.96,342.98,342.96,342.98,0.01,34.39,11899.46,1
2024-03-18,2024-03-18 13:10:00,342.98,343.0,342.98,343.0,0.01,34.39,11899.46,1
2024-03-18,2024-03-18 13:11:00,343.0,343.02,343.0,343.02,0.01,34.39,11899.46,1
2024-03-18,2024-03-18 13:12:00,343.02,343.05,343.02,343.05,0.01,34.39,11899.46,1
2024-03-18,2024-03-18 13:13:00,343.05,343.07,343.05,343.07,0.01,34.39,11899.46,1
2024-03-18,2024-03-18 13:14:00,343.07,343.09,343.07,343.09,0.01,34.39,11899.46,1
2024-03-18,2024-03-18 13:15:00,343.09,343.12,343.09,343.12,0.01,34.39,11899.46,1
2024-03-18,2024-03-18 13:16:00,343.12,343.14,343.12,343.14,0.01,34.39,11899.46,1
2024-03-18,2024-03-18 13:17:00,343.14,343.16,343.14,343.16,0.01,34.39,11899.46,1
2024-03-18,2024-03-18 13:18:00,343.16,343.19,343.16,343.19,0.01,34.39,11899.46,1
2024-03-18,2024-03-18 13:19:00,343.19,343.21,343.19,343.21,0.01,34.39,11899.46,1
2024-03-18,2024-03-18 13:20:00,343.21,343.23,343.21,343.23,0.01,34.39,11899.46,1
2024-03-18,2024-03-18 13:21:00,343.23,343.25,343.23,343.25,0.01,34.39,11899.46,1
2024-03-18,2024-03-18 13:22:00,343.25,343.28,343.25,343.28,0.01,34.39,11899.46,1
2024-03-18,2024-03-18 13:23:00,343.28,343.3,343.28,343.3,0.01,34.39,11899.46,1
2024-03-18,2024-03-18 13:24:00,343.3,343.32,343.3,343.32,0.01,34.39,11899.46,1
2024-03-18,2024-03-18 13:25:00,343.32,343.35,343.32,343.35,0.01,34.39,11899.46,1
2024-03-18,2024-03-18 13:26:00,343.35,343.37,343.35,343.37,0.01,34.39,11899.46,1
2024-03-18,2024-03-18 13:27:00,343.37,343.39,343.37,343.39,0.01,34.39,11899.46,1
2024-03-18,2024-03-18 13:28:00,343.39,343.41,343.39,343.41,0.01,34.39,11899.46,1
2024-03-18,2024-03-18 13:29:00,343.41,343.44,343.41,343.44,0.01,34.39,11899.46,1
2024-03-18,2024-03-18 13:30:00,343.44,343.46,343.44,343.46,0.01,34.39,11899.46,1
2024-03-18,2024-03-18 13:31:00,343.46,343.48,343.46,343.48,0.01,34.39,11899.46,1
2024-03-18,2024-03-18 13:32:00,343.48,343.51,343.48,343.51,0.01,34.39,11899.46,1
2024-03-18,2024-03-18 13:33:00,343.51,343.53,343.51,343.53,0.01,34.39,11899.46,1
2024-03-18,2024-03-18 13:34:00,343.53,343.55,343.53,343.55,0.01,34.39,11899.46,1
2024-03-18,2024-03-18 13:35:00,343.55,343.57,343.55,343.57,0.01,34.39,11899.46,1
2024-03-18,2024-03-18 13:36:00,343.57,343.6,343.57,343.6,0.01,34.39,11899.46,1
2024-03-18,2024-03-18 13:37:00,343.6,343.62,343.6,343.62,0.01,34.39,11899.46,1
2024-03-18,2024-03-18 13:38:00,343.62,343.64,343.62,343.64,0.01,34.39,11899.46,1
2024-03-18,2024-03-18 13:39:00,343.64,343.67,343.64,343.67,0.01,34.39,11899.46,1
2024-03-18,2024-03-18 13:40:00,343.67,343.69,343.67,343.69,0.01,34.39,11899.46,1
2024-03-18,2024-03-18 13:41:00,343.69,343.71,343.69,343.71,0.01,34.39,11899.46,1
2024-03-18,2024-03-18 13:42:00,343.71,343.74,343.71,343.74,0.01,34.39,11899.46,1
2024-03-18,2024-03-18 13:43:00,343.74,343.76,343.74,343.76,0.01,34.39,11899.46,1
2024-03-18,2024-03-18 13:44:00,343.76,343.78,343.76,343.78,0.01,34.39,11899.46,1
2024-03-18,2024-03-18 13:45:00,343.78,343.8,343.78,343.8,0.01,34.39,11899.46,1
2024-03-18,2024-03-18 13:46:00,343.8,343.83,343.8,343.83,0.01,34.39,11899.46,1
2024-03-18,2024-03-18 13:47:00,343.83,343.85,343.83,343.85,0.01,34.39,11899.46,1
2024-03-18,2024-03-18 13:48:00,343.85,343.87,343.85,343.87,0.01,34.39,11899.46,1
2024-03-18,2024-03-18 13:49:00,343.87,343.9,343.87,343.9,0.01,34.39,11899.46,1
2024-03-18,2024-03-18 13:50:00,343.9,343.92,343.9,343.92,0.01,34.39,11899.46,1
2024-03-18,2024-03-18 13:51:00,343.92,343.94,343.92,343.94,0.01,34.39,11899.46,1
2024-03-18,2024-03-18 13:52:00,343.94,343.96,343.94,343.96,0.01,34.39,11899.46,1
2024-03-18,2024-03-18 13:53:00,343.96,343.99,343.96,343.99,0.01,34.39,11899.46,1
2024-03-18,2024-03-18 13:54:00,343.99,344.01,343.99,344.01,0.01,34.39,11899.46,1
2024-03-18,2024-03-18 13:55:00,344.01,344.03,344.01,344.03,0.01,34.39,11899.46,1
2024-03-18,2024-03-18 13:56:00,344.03,344.06,344.03,344.06,0.01,34.39,11899.46,1
2024-03-18,2024-03-18 13:57:00,344.06,344.08,344.06,344.08,0.01,34.39,11899.46,1
2024-03-18,2024-03-18 13:58:00,344.08,344.1,344.08,344.1,0.01,34.39,11899.46,1
2024-03-18,2024-03-18 13:59:00,344.1,344.12,344.1,344.12,0.01,34.39,11899.46,1
2024-03-18,2024-03-18 14:00:00,344.12,344.15,344.12,344.15,0.01,34.39,11899.46,1
2024-03-18,2024-03-18 14:01:00,344.15,344.17,344.15,344.17,0.01,34.39,11899.46,1
2024-03-18,2024-03-18 14:02:00,344.17,344.19,344.17,344.19,0.01,34.39,11899.46,1
2024-03-18,2024-03-18 14:03:00,344.19,344.22,344.19,344.22,0.01,34.39,11899.46,1
2024-03-18,2024-03-18 14:04:00,344.22,344.24,344.22,344.24,0.01,34.39,11899.46,1
2024-03-18,2024-03-18 14:05:00,344.24,344.26,344.24,344.26,0.01,34.39,11899.46,1
2024-03-18,2024-03-18 14:06:00,344.26,344.29,344.26,344.29,0.01,34.39,11899.46,1
2024-03-18,2024-03-18 14:07:00,344.29,344.31,344.29,344.31,0.01,34.39,11899.46,1
2024-03-18,2024-03-18 14:08:00,344.31,344.33,344.31,344.33,0.01,34.39,11899.46,1
2024-03-18,2024-03-18 14:09:00,344.33,344.35,344.33,344.35,0.01,34.39,11899.46,1
2024-03-18,2024-03-18 14:10:00,344.35,344.38,344.35,344.38,0.01,34.39,11899.46,1
2024-03-18,2024-03-18 14:11:00,344.38,344.4,344.38,344.4,0.01,34.39,11899.46,1
2024-03-18,2024-03-18 14:12:00,344.4,344.42,344.4,344.42,0.01,34.39,11899.46,1
2024-03-18,2024-03-18 14:13:00,344.42,344.45,344.42,344.45,0.01,34.39,11899.46,1
2024-03-18,2024-03-18 14:14:00,344.45,344.47,344.45,344.47,0.01,34.39,11899.46,1
2024-03-18,2024-03-18 14:15:00,344.47,344.49,344.47,344.49,0.01,34.39,11899.46,1
2024-03-18,2024-03-18 14:16:00,344.49,344.51,344.49,344.51,0.01,34.39,11899.46,1
2024-03-18,2024-03-18 14:17:00,344.51,344.54,344.51,344.54,0.01,34.39,11899.46,1
2024-03-18,2024-03-18 14:18:00,344.54,344.56,344.54,344.56,0.01,34.39,11899.46,1
2024-03-18,2024-03-18 14:19:00,344.56,344.58,344.56,344.58,0.01,34.39,11899.46,1
2024-03-18,2024-03-18 14:20:00,344.58,344.61,344.58,344.61,0.01,34.39,11899.46,1
2024-03-18,2024-03-18 14:21:00,344.61,344.63,344.61,344.63,0.01,34.39,11899.46,1
2024-03-18,2024-03-18 14:22:00,344.63,344.65,344.63,344.65,0.01,34.39,11899.46,1
2024-03-18,2024-03-18 14:23:00,344.65,344.68,344.65,344.68,0.01,34.39,11899.46,1
2024-03-18,2024-03-18 14:24:00,344.68,344.7,344.68,344.7,0.01,34.39,11899.46,1
2024-03-18,2024-03-18 14:25:00,344.7,344.72,344.7,344.72,0.01,34.39,11899.46,1
2024-03-18,2024-03-18 14:26:00,344.72,344.74,344.72,344.74,0.01,34.39,11899.46,1
2024-03-18,2024-03-18 14:27:00,344.74,344.77,344.74,344.77,0.01,34.39,11899.46,1
2024-03-18,2024-03-18 14:28:00,344.77,344.79,344.77,344.79,0.01,34.39,11899.46,1
2024-03-18,2024-03-18 14:29:00,344.79,344.81,344.79,344.81,0.01,34.39,11899.46,1
2024-03-18,2024-03-18 14:30:00,344.81,344.84,344.81,344.84,0.01,34.39,11899.46,1
2024-03-18,2024-03-18 14:31:00,344.84,344.86,344.84,344.86,0.01,34.39,11899.46,1
2024-03-18,2024-03-18 14:32:00,344.86,344.88,344.86,344.88,0.01,34.39,11899.46,1
2024-03-18,2024-03-18 14:33:00,344.88,344.9,344.88,344.9,0.01,34.39,11899.46,1
2024-03-18,2024-03-18 14:34:00,344.9,344.93,344.9,344.93,0.01,34.39,11899.46,1
2024-03-18,2024-03-18 14:35:00,344.93,344.95,344.93,344.95,0.01,34.39,11899.46,1
2024-03-18,2024-03-18 14:36:00,344.95,344.97,344.95,344.97,0.01,34.39,11899.46,1
2024-03-18,2024-03-18 14:37:00,344.97,345.0,344.97,345.0,0.01,34.39,11899.46,1
2024-03-18,2024-03-18 14:38:00,345.0,345.02,345.0,345.02,0.01,34.39,11899.46,1
2024-03-18,2024-03-18 14:39:00,345.02,345.04,345.02,345.04,0.01,34.39,11899.46,1
2024-03-18,2024-03-18 14:40:00,345.04,345.06,345.04,345.06,0.01,34.39,11899.46,1
2024-03-18,2024-03-18 14:41:00,345.06,345.09,345.06,345.09,0.01,34.39,11899.46,1
2024-03-18,2024-03-18 14:42:00,345.09,345.11,345.09,345.11,0.01,34.39,11899.46,1
2024-03-18,2024-03-18 14:43:00,345.11,345.13,345.11,345.13,0.01,34.39,11899.46,1
2024-03-18,2024-03-18 14:44:00,345.13,345.16,345.13,345.16,0.01,34.39,11899.46,1
2024-03-18,2024-03-18 14:45:00,345.16,345.18,345.16,345.18,0.01,34.39,11899.46,1
2024-03-18,2024-03-18 14:46:00,345.18,345.2,345.18,345.2,0.01,34.39,11899.46,1
2024-03-18,2024-03-18 14:47:00,345.2,345.23,345.2,345.23,0.01,34.39,11899.46,1
2024-03-18,2024-03-18 14:48:00,345.23,345.25,345.23,345.25,0.01,34.39,11899.46,1
2024-03-18,2024-03-18 14:49:00,345.25,345.27,345.25,345.27,0.01,34.39,11899.46,1
2024-03-18,2024-03-18 14:50:00,345.27,345.29,345.27,345.29,0.01,34.39,11899.46,1
2024-03-18,2024-03-18 14:51:00,345.29,345.32,345.29,345.32,0.01,34.39,11899.46,1
2024-03-18,2024-03-18 14:52:00,345.32,345.34,345.32,345.34,0.01,34.39,11899.46,1
2024-03-18,2024-03-18 14:53:00,345.34,345.36,345.34,345.36,0.01,34.39,11899.46,1
2024-03-18,2024-03-18 14:54:00,345.36,345.39,345.36,345.39,0.01,34.39,11899.46,1
2024-03-18,2024-03-18 14:55:00,345.39,345.41,345.39,345.41,0.01,34.39,11899.46,1
2024-03-18,2024-03-18 14:56:00,345.41,345.43,345.41,345.43,0.01,34.39,11899.46,1
2024-03-18,2024-03-18 14:57:00,345.43,345.45,345.43,345.45,0.01,34.39,11899.46,1
2024-03-18,2024-03-18 14:58:00,345.45,345.48,345.45,345.48,0.01,34.39,11899.46,1
2024-03-18,2024-03-18 14:59:00,345.48,345.5,345.48,345.5,0.01,34.39,11899.46,1
2024-03-18,2024-03-18 15:00:00,345.5,357.8,340.0,345.5,0.0,34.39,11899.46,0
2024-03-19,2024-03-19 11:00:00,344.0,351.86,344.0,344.06,0.02,56.94,20177.04,1
2024-03-19,2024-03-19 11:01:00,344.06,344.12,344.06,344.12,0.02,56.94,20177.04,1
2024-03-19,2024-03-19 11:02:00,344.12,344.17,344.12,344.17,0.01,56.94,20177.04,1
2024-03-19,2024-03-19 11:03:00,344.17,344.23,344.17,344.23,0.02,56.94,20177.04,1
2024-03-19,2024-03-19 11:04:00,344.23,344.29,344.23,344.29,0.02,56.94,20177.04,1
2024-03-19,2024-03-19 11:05:00,344.29,344.35,344.29,344.35,0.02,56.94,20177.04,1
2024-03-19,2024-03-19 11:06:00,344.35,344.4,344.35,344.4,0.01,56.94,20177.04,1
2024-03-19,2024-03-19 11:07:00,344.4,344.46,344.4,344.46,0.02,56.94,20177.04,1
2024-03-19,2024-03-19 11:08:00,344.46,344.52,344.46,344.52,0.02,56.94,20177.04,1
2024-03-19,2024-03-19 11:09:00,344.52,344.57,344.52,344.57,0.01,56.94,20177.04,1
2024-03-19,2024-03-19 11:10:00,344.57,344.63,344.57,344.63,0.02,56.94,20177.04,1
2024-03-19,2024-03-19 11:11:00,344.63,344.69,344.63,344.69,0.02,56.94,20177.04,1
2024-03-19,2024-03-19 11:12:00,344.69,344.75,344.69,344.75,0.02,56.94,20177.04,1
2024-03-19,2024-03-19 11:13:00,344.75,344.81,344.75,344.81,0.02,56.94,20177.04,1
2024-03-19,2024-03-19 11:14:00,344.81,344.86,344.81,344.86,0.01,56.94,20177.04,1
2024-03-19,2024-03-19 11:15:00,344.86,344.92,344.86,344.92,0.02,56.94,20177.04,1
2024-03-19,2024-03-19 11:16:00,344.92,344.98,344.92,344.98,0.02,56.94,20177.04,1
2024-03-19,2024-03-19 11:17:00,344.98,345.04,344.98,345.04,0.02,56.94,20177.04,1
2024-03-19,2024-03-19 11:18:00,345.04,345.09,345.04,345.09,0.01,56.94,20177.04,1
2024-03-19,2024-03-19 11:19:00,345.09,345.15,345.09,345.15,0.02,56.94,20177.04,1
2024-03-19,2024-03-19 11:20:00,345.15,345.21,345.15,345.21,0.02,56.94,20177.04,1
2024-03-19,2024-03-19 11:21:00,345.21,345.26,345.21,345.26,0.01,56.94,20177.04,1
2024-03-19,2024-03-19 11:22:00,345.26,345.32,345.26,345.32,0.02,56.94,20177.04,1
2024-03-19,2024-03-19 11:23:00,345.32,345.38,345.32,345.38,0.02,56.94,20177.04,1
2024-03-19,2024-03-19 11:24:00,345.38,345.44,345.38,345.44,0.02,56.94,20177.04,1
2024-03-19,2024-03-19 11:25:00,345.44,345.5,345.44,345.5,0.02,56.94,20177.04,1
2024-03-19,2024-03-19 11:26:00,345.5,345.55,345.5,345.55,0.01,56.94,20177.04,1
2024-03-19,2024-03-19 11:27:00,345.55,345.61,345.55,345.61,0.02,56.94,20177.04,1
2024-03-19,2024-03-19 11:28:00,345.61,345.67,345.61,345.67,0.02,56.94,20177.04,1
2024-03-19,2024-03-19 11:29:00,345.67,345.73,345.67,345.73,0.02,56.94,20177.04,1
2024-03-19,2024-03-19 11:30:00,345.73,345.78,345.73,345.78,0.01,56.94,20177.04,1
2024-03-19,2024-03-19 11:31:00,345.78,345.84,345.78,345.84,0.02,56.94,20177.04,1
2024-03-19,2024-03-19 11:32:00,345.84,345.9,345.84,345.9,0.02,56.94,20177.04,1
2024-03-19,2024-03-19 11:33:00,345.9,345.95,345.9,345.95,0.01,56.94,20177.04,1
2024-03-19,2024-03-19 11:34:00,345.95,346.01,345.95,346.01,0.02,56.94,20177.04,1
2024-03-19,2024-03-19 11:35:00,346.01,346.07,346.01,346.07,0.02,56.94,20177.04,1
2024-03-19,2024-03-19 11:36:00,346.07,346.13,346.07,346.13,0.02,56.94,20177.04,1
2024-03-19,2024-03-19 11:37:00,346.13,346.19,346.13,346.19,0.02,56.94,20177.04,1
2024-03-19,2024-03-19 11:38:00,346.19,346.24,346.19,346.24,0.01,56.94,20177.04,1
2024-03-19,2024-03-19 11:39:00,346.24,346.3,346.24,346.3,0.02,56.94,20177.04,1
2024-03-19,2024-03-19 11:40:00,346.3,346.36,346.3,346.36,0.02,56.94,20177.04,1
2024-03-19,2024-03-19 11:41:00,346.36,346.42,346.36,346.42,0.02,56.94,20177.04,1
2024-03-19,2024-03-19 11:42:00,346.42,346.47,346.42,346.47,0.01,56.94,20177.04,1
2024-03-19,2024-03-19 11:43:00,346.47,346.53,346.47,346.53,0.02,56.94,20177.04,1
2024-03-19,2024-03-19 11:44:00,346.53,346.59,346.53,346.59,0.02,56.94,20177.04,1
2024-03-19,2024-03-19 11:45:00,346.59,346.64,346.59,346.64,0.01,56.94,20177.04,1
2024-03-19,2024-03-19 11:46:00,346.64,346.7,346.64,346.7,0.02,56.94,20177.04,1
2024-03-19,2024-03-19 11:47:00,346.7,346.76,346.7,346.76,0.02,56.94,20177.04,1
2024-03-19,2024-03-19 11:48:00,346.76,346.82,346.76,346.82,0.02,56.94,20177.04,1
2024-03-19,2024-03-19 11:49:00,346.82,346.88,346.82,346.88,0.02,56.94,20177.04,1
2024-03-19,2024-03-19 11:50:00,346.88,346.93,346.88,346.93,0.01,56.94,20177.04,1
2024-03-19,2024-03-19 11:51:00,346.93,346.99,346.93,346.99,0.02,56.94,20177.04,1
2024-03-19,2024-03-19 11:52:00,346.99,347.05,346.99,347.05,0.02,56.94,20177.04,1
2024-03-19,2024-03-19 11:53:00,347.05,347.11,347.05,347.11,0.02,56.94,20177.04,1
2024-03-19,2024-03-19 11:54:00,347.11,347.16,347.11,347.16,0.01,56.94,20177.04,1
2024-03-19,2024-03-19 11:55:00,347.16,347.22,347.16,347.22,0.02,56.94,20177.04,1
2024-03-19,2024-03-19 11:56:00,347.22,347.28,347.22,347.28,0.02,56.94,20177.04,1
2024-03-19,2024-03-19 11:57:00,347.28,347.33,347.28,347.33,0.01,56.94,20177.04,1
2024-03-19,2024-03-19 11:58:00,347.33,347.39,347.33,347.39,0.02,56.94,20177.04,1
2024-03-19,2024-03-19 11:59:00,347.39,347.45,347.39,347.45,0.02,56.94,20177.04,1
2024-03-19,2024-03-19 12:00:00,347.45,347.51,347.45,347.51,0.02,56.94,20177.04,1
2024-03-19,2024-03-19 12:01:00,347.51,347.56,347.51,347.56,0.01,56.94,20177.04,1
2024-03-19,2024-03-19 12:02:00,347.56,347.62,347.56,347.62,0.02,56.94,20177.04,1
2024-03-19,2024-03-19 12:03:00,347.62,347.68,347.62,347.68,0.02,56.94,20177.04,1
2024-03-19,2024-03-19 12:04:00,347.68,347.74,347.68,347.74,0.02,56.94,20177.04,1
2024-03-19,2024-03-19 12:05:00,347.74,347.8,347.74,347.8,0.02,56.94,20177.04,1
2024-03-19,2024-03-19 12:06:00,347.8,347.85,347.8,347.85,0.01,56.94,20177.04,1
2024-03-19,2024-03-19 12:07:00,347.85,347.91,347.85,347.91,0.02,56.94,20177.04,1
2024-03-19,2024-03-19 12:08:00,347.91,347.97,347.91,347.97,0.02,56.94,20177.04,1
2024-03-19,2024-03-19 12:09:00,347.97,348.02,347.97,348.02,0.01,56.94,20177.04,1
2024-03-19,2024-03-19 12:10:00,348.02,348.08,348.02,348.08,0.02,56.94,20177.04,1
2024-03-19,2024-03-19 12:11:00,348.08,348.14,348.08,348.14,0.02,56.94,20177.04,1
2024-03-19,2024-03-19 12:12:00,348.14,348.2,348.14,348.2,0.02,56.94,20177.04,1
2024-03-19,2024-03-19 12:13:00,348.2,348.25,348.2,348.25,0.01,56.94,20177.04,1
2024-03-19,2024-03-19 12:14:00,348.25,348.31,348.25,348.31,0.02,56.94,20177.04,1
2024-03-19,2024-03-19 12:15:00,348.31,348.37,348.31,348.37,0.02,56.94,20177.04,1
2024-03-19,2024-03-19 12:16:00,348.37,348.43,348.37,348.43,0.02,56.94,20177.04,1
2024-03-19,2024-03-19 12:17:00,348.43,348.49,348.43,348.49,0.02,56.94,20177.04,1
2024-03-19,2024-03-19 12:18:00,348.49,348.54,348.49,348.54,0.01,56.94,20177.04,1
2024-03-19,2024-03-19 12:19:00,348.54,348.6,348.54,348.6,0.02,56.94,20177.04,1
2024-03-19,2024-03-19 12:20:00,348.6,348.66,348.6,348.66,0.02,56.94,20177.04,1
2024-03-19,2024-03-19 12:21:00,348.66,348.72,348.66,348.72,0.02,56.94,20177.04,1
2024-03-19,2024-03-19 12:22:00,348.72,348.77,348.72,348.77,0.01,56.94,20177.04,1
2024-03-19,2024-03-19 12:23:00,348.77,348.83,348.77,348.83,0.02,56.94,20177.04,1
2024-03-19,2024-03-19 12:24:00,348.83,348.89,348.83,348.89,0.02,56.94,20177.04,1
2024-03-19,2024-03-19 12:25:00,348.89,348.94,348.89,348.94,0.01,56.94,20177.04,1
2024-03-19,2024-03-19 12:26:00,348.94,349.0,348.94,349.0,0.02,56.94,20177.04,1
2024-03-19,2024-03-19 12:27:00,349.0,349.06,349.0,349.06,0.02,56.94,20177.04,1
2024-03-19,2024-03-19 12:28:00,349.06,349.12,349.06,349.12,0.02,56.94,20177.04,1
2024-03-19,2024-03-19 12:29:00,349.12,349.18,349.12,349.18,0.02,56.94,20177.04,1
2024-03-19,2024-03-19 12:30:00,349.18,349.23,349.18,349.23,0.01,56.94,20177.04,1
2024-03-19,2024-03-19 12:31:00,349.23,349.29,349.23,349.29,0.02,56.94,20177.04,1
2024-03-19,2024-03-19 12:32:00,349.29,349.35,349.29,349.35,0.02,56.94,20177.04,1
2024-03-19,2024-03-19 12:33:00,349.35,349.41,349.35,349.41,0.02,56.94,20177.04,1
2024-03-19,2024-03-19 12:34:00,349.41,349.46,349.41,349.46,0.01,56.94,20177.04,1
2024-03-19,2024-03-19 12:35:00,349.46,349.52,349.46,349.52,0.02,56.94,20177.04,1
2024-03-19,2024-03-19 12:36:00,349.52,349.58,349.52,349.58,0.02,56.94,20177.04,1
2024-03-19,2024-03-19 12:37:00,349.58,349.63,349.58,349.63,0.01,56.94,20177.04,1
2024-03-19,2024-03-19 12:38:00,349.63,349.69,349.63,349.69,0.02,56.94,20177.04,1
2024-03-19,2024-03-19 12:39:00,349.69,349.75,349.69,349.75,0.02,56.94,20177.04,1
2024-03-19,2024-03-19 12:40:00,349.75,349.81,349.75,349.81,0.02,56.94,20177.04,1
2024-03-19,2024-03-19 12:41:00,349.81,349.87,349.81,349.87,0.02,56.94,20177.04,1
2024-03-19,2024-03-19 12:42:00,349.87,349.92,349.87,349.92,0.01,56.94,20177.04,1
2024-03-19,2024-03-19 12:43:00,349.92,349.98,349.92,349.98,0.02,56.94,20177.04,1
2024-03-19,2024-03-19 12:44:00,349.98,350.04,349.98,350.04,0.02,56.94,20177.04,1
2024-03-19,2024-03-19 12:45:00,350.04,350.1,350.04,350.1,0.02,56.94,20177.04,1
2024-03-19,2024-03-19 12:46:00,350.1,350.15,350.1,350.15,0.01,56.94,20177.04,1
2024-03-19,2024-03-19 12:47:00,350.15,350.21,350.15,350.21,0.02,56.94,20177.04,1
2024-03-19,2024-03-19 12:48:00,350.21,350.27,350.21,350.27,0.02,56.94,20177.04,1
2024-03-19,2024-03-19 12:49:00,350.27,350.32,350.27,350.32,0.01,56.94,20177.04,1
2024-03-19,2024-03-19 12:50:00,350.32,350.38,350.32,350.38,0.02,56.94,20177.04,1
2024-03-19,2024-03-19 12:51:00,350.38,350.44,350.38,350.44,0.02,56.94,20177.04,1
2024-03-19,2024-03-19 12:52:00,350.44,350.5,350.44,350.5,0.02,56.94,20177.04,1
2024-03-19,2024-03-19 12:53:00,350.5,350.56,350.5,350.56,0.02,56.94,20177.04,1
2024-03-19,2024-03-19 12:54:00,350.56,350.61,350.56,350.61,0.01,56.94,20177.04,1
2024-03-19,2024-03-19 12:55:00,350.61,350.67,350.61,350.67,0.02,56.94,20177.04,1
2024-03-19,2024-03-19 12:56:00,350.67,350.73,350.67,350.73,0.02,56.94,20177.04,1
2024-03-19,2024-03-19 12:57:00,350.73,350.79,350.73,350.79,0.02,56.94,20177.04,1
2024-03-19,2024-03-19 12:58:00,350.79,350.84,350.79,350.84,0.01,56.94,20177.04,1
2024-03-19,2024-03-19 12:59:00,350.84,350.9,350.84,350.9,0.02,56.94,20177.04,1
2024-03-19,2024-03-19 13:00:00,350.9,370.2,344.0,350.96,0.02,56.94,20177.04,1
2024-03-19,2024-03-19 13:01:00,350.96,351.01,350.96,351.01,0.01,56.94,20177.04,1
2024-03-19,2024-03-19 13:02:00,351.01,351.07,351.01,351.07,0.02,56.94,20177.04,1
2024-03-19,2024-03-19 13:03:00,351.07,351.13,351.07,351.13,0.02,56.94,20177.04,1
2024-03-19,2024-03-19 13:04:00,351.13,351.19,351.13,351.19,0.02,56.94,20177.04,1
2024-03-19,2024-03-19 13:05:00,351.19,351.25,351.19,351.25,0.02,56.94,20177.04,1
2024-03-19,2024-03-19 13:06:00,351.25,351.3,351.25,351.3,0.01,56.94,20177.04,1
2024-03-19,2024-03-19 13:07:00,351.3,351.36,351.3,351.36,0.02,56.94,20177.04,1
2024-03-19,2024-03-19 13:08:00,351.36,351.42,351.36,351.42,0.02,56.94,20177.04,1
2024-03-19,2024-03-19 13:09:00,351.42,351.48,351.42,351.48,0.02,56.94,20177.04,1
2024-03-19,2024-03-19 13:10:00,351.48,351.53,351.48,351.53,0.01,56.94,20177.04,1
2024-03-19,2024-03-19 13:11:00,351.53,351.59,351.53,351.59,0.02,56.94,20177.04,1
2024-03-19,2024-03-19 13:12:00,351.59,351.65,351.59,351.65,0.02,56.94,20177.04,1
2024-03-19,2024-03-19 13:13:00,351.65,351.7,351.65,351.7,0.01,56.94,20177.04,1
2024-03-19,2024-03-19 13:14:00,351.7,351.76,351.7,351.76,0.02,56.94,20177.04,1
2024-03-19,2024-03-19 13:15:00,351.76,351.82,351.76,351.82,0.02,56.94,20177.04,1
2024-03-19,2024-03-19 13:16:00,351.82,351.88,351.82,351.88,0.02,56.94,20177.04,1
2024-03-19,2024-03-19 13:17:00,351.88,351.94,351.88,351.94,0.02,56.94,20177.04,1
2024-03-19,2024-03-19 13:18:00,351.94,351.99,351.94,351.99,0.01,56.94,20177.04,1
2024-03-19,2024-03-19 13:19:00,351.99,352.05,351.99,352.05,0.02,56.94,20177.04,1
2024-03-19,2024-03-19 13:20:00,352.05,352.11,352.05,352.11,0.02,56.94,20177.04,1
2024-03-19,2024-03-19 13:21:00,352.11,352.17,352.11,352.17,0.02,56.94,20177.04,1
2024-03-19,2024-03-19 13:22:00,352.17,352.22,352.17,352.22,0.01,56.94,20177.04,1
2024-03-19,2024-03-19 13:23:00,352.22,352.28,352.22,352.28,0.02,56.94,20177.04,1
2024-03-19,2024-03-19 13:24:00,352.28,352.34,352.28,352.34,0.02,56.94,20177.04,1
2024-03-19,2024-03-19 13:25:00,352.34,352.39,352.34,352.39,0.01,56.94,20177.04,1
2024-03-19,2024-03-19 13:26:00,352.39,352.45,352.39,352.45,0.02,56.94,20177.04,1
2024-03-19,2024-03-19 13:27:00,352.45,352.51,352.45,352.51,0.02,56.94,20177.04,1
2024-03-19,2024-03-19 13:28:00,352.51,352.57,352.51,352.57,0.02,56.94,20177.04,1
2024-03-19,2024-03-19 13:29:00,352.57,352.62,352.57,352.62,0.01,56.94,20177.04,1
2024-03-19,2024-03-19 13:30:00,352.62,352.68,352.62,352.68,0.02,56.94,20177.04,1
2024-03-19,2024-03-19 13:31:00,352.68,352.74,352.68,352.74,0.02,56.94,20177.04,1
2024-03-19,2024-03-19 13:32:00,352.74,352.8,352.74,352.8,0.02,56.94,20177.04,1
2024-03-19,2024-03-19 13:33:00,352.8,352.86,352.8,352.86,0.02,56.94,20177.04,1
2024-03-19,2024-03-19 13:34:00,352.86,352.91,352.86,352.91,0.01,56.94,20177.04,1
2024-03-19,2024-03-19 13:35:00,352.91,352.97,352.91,352.97,0.02,56.94,20177.04,1
2024-03-19,2024-03-19 13:36:00,352.97,353.03,352.97,353.03,0.02,56.94,20177.04,1
2024-03-19,2024-03-19 13:37:00,353.03,353.09,353.03,353.09,0.02,56.94,20177.04,1
2024-03-19,2024-03-19 13:38:00,353.09,353.14,353.09,353.14,0.01,56.94,20177.04,1
2024-03-19,2024-03-19 13:39:00,353.14,353.2,353.14,353.2,0.02,56.94,20177.04,1
2024-03-19,2024-03-19 13:40:00,353.2,353.26,353.2,353.26,0.02,56.94,20177.04,1
2024-03-19,2024-03-19 13:41:00,353.26,353.31,353.26,353.31,0.01,56.94,20177.04,1
2024-03-19,2024-03-19 13:42:00,353.31,353.37,353.31,353.37,0.02,56.94,20177.04,1
2024-03-19,2024-03-19 13:43:00,353.37,353.43,353.37,353.43,0.02,56.94,20177.04,1
2024-03-19,2024-03-19 13:44:00,353.43,353.49,353.43,353.49,0.02,56.94,20177.04,1
2024-03-19,2024-03-19 13:45:00,353.49,353.55,353.49,353.55,0.02,56.94,20177.04,1
2024-03-19,2024-03-19 13:46:00,353.55,353.6,353.55,353.6,0.01,56.94,20177.04,1
2024-03-19,2024-03-19 13:47:00,353.6,353.66,353.6,353.66,0.02,56.94,20177.04,1
2024-03-19,2024-03-19 13:48:00,353.66,353.72,353.66,353.72,0.02,56.94,20177.04,1
2024-03-19,2024-03-19 13:49:00,353.72,353.78,353.72,353.78,0.02,56.94,20177.04,1
2024-03-19,2024-03-19 13:50:00,353.78,353.83,353.78,353.83,0.01,56.94,20177.04,1
2024-03-19,2024-03-19 13:51:00,353.83,353.89,353.83,353.89,0.02,56.94,20177.04,1
2024-03-19,2024-03-19 13:52:00,353.89,353.95,353.89,353.95,0.02,56.94,20177.04,1
2024-03-19,2024-03-19 13:53:00,353.95,354.0,353.95,354.0,0.01,56.94,20177.04,1
2024-03-19,2024-03-19 13:54:00,354.0,354.06,354.0,354.06,0.02,56.94,20177.04,1
2024-03-19,2024-03-19 13:55:00,354.06,354.12,354.06,354.12,0.02,56.94,20177.04,1
2024-03-19,2024-03-19 13:56:00,354.12,354.18,354.12,354.18,0.02,56.94,20177.04,1
2024-03-19,2024-03-19 13:57:00,354.18,354.24,354.18,354.24,0.02,56.94,20177.04,1
2024-03-19,2024-03-19 13:58:00,354.24,354.29,354.24,354.29,0.01,56.94,20177.04,1
2024-03-19,2024-03-19 13:59:00,354.29,354.35,354.29,354.35,0.02,56.94,20177.04,1
2024-03-19,2024-03-19 14:00:00,354.35,354.41,354.35,354.41,0.02,56.94,20177.04,1
2024-03-19,2024-03-19 14:01:00,354.41,354.47,354.41,354.47,0.02,56.94,20177.04,1
2024-03-19,2024-03-19 14:02:00,354.47,354.52,354.47,354.52,0.01,56.94,20177.04,1
2024-03-19,2024-03-19 14:03:00,354.52,354.58,354.52,354.58,0.02,56.94,20177.04,1
2024-03-19,2024-03-19 14:04:00,354.58,354.64,354.58,354.64,0.02,56.94,20177.04,1
2024-03-19,2024-03-19 14:05:00,354.64,354.69,354.64,354.69,0.01,56.94,20177.04,1
2024-03-19,2024-03-19 14:06:00,354.69,354.75,354.69,354.75,0.02,56.94,20177.04,1
2024-03-19,2024-03-19 14:07:00,354.75,354.81,354.75,354.81,0.02,56.94,20177.04,1
2024-03-19,2024-03-19 14:08:00,354.81,354.87,354.81,354.87,0.02,56.94,20177.04,1
2024-03-19,2024-03-19 14:09:00,354.87,354.93,354.87,354.93,0.02,56.94,20177.04,1
2024-03-19,2024-03-19 14:10:00,354.93,354.98,354.93,354.98,0.01,56.94,20177.04,1
2024-03-19,2024-03-19 14:11:00,354.98,355.04,354.98,355.04,0.02,56.94,20177.04,1
2024-03-19,2024-03-19 14:12:00,355.04,355.1,355.04,355.1,0.02,56.94,20177.04,1
2024-03-19,2024-03-19 14:13:00,355.1,355.16,355.1,355.16,0.02,56.94,20177.04,1
2024-03-19,2024-03-19 14:14:00,355.16,355.21,355.16,355.21,0.01,56.94,20177.04,1
2024-03-19,2024-03-19 14:15:00,355.21,355.27,355.21,355.27,0.02,56.94,20177.04,1
2024-03-19,2024-03-19 14:16:00,355.27,355.33,355.27,355.33,0.02,56.94,20177.04,1
2024-03-19,2024-03-19 14:17:00,355.33,355.38,355.33,355.38,0.01,56.94,20177.04,1
2024-03-19,2024-03-19 14:18:00,355.38,355.44,355.38,355.44,0.02,56.94,20177.04,1
2024-03-19,2024-03-19 14:19:00,355.44,355.5,355.44,355.5,0.02,56.94,20177.04,1
2024-03-19,2024-03-19 14:20:00,355.5,355.56,355.5,355.56,0.02,56.94,20177.04,1
2024-03-19,2024-03-19 14:21:00,355.56,355.62,355.56,355.62,0.02,56.94,20177.04,1
2024-03-19,2024-03-19 14:22:00,355.62,355.67,355.62,355.67,0.01,56.94,20177.04,1
2024-03-19,2024-03-19 14:23:00,355.67,355.73,355.67,355.73,0.02,56.94,20177.04,1
2024-03-19,2024-03-19 14:24:00,355.73,355.79,355.73,355.79,0.02,56.94,20177.04,1
2024-03-19,2024-03-19 14:25:00,355.79,355.85,355.79,355.85,0.02,56.94,20177.04,1
2024-03-19,2024-03-19 14:26:00,355.85,355.9,355.85,355.9,0.01,56.94,20177.04,1
2024-03-19,2024-03-19 14:27:00,355.9,355.96,355.9,355.96,0.02,56.94,20177.04,1
2024-03-19,2024-03-19 14:28:00,355.96,356.02,355.96,356.02,0.02,56.94,20177.04,1
2024-03-19,2024-03-19 14:29:00,356.02,356.07,356.02,356.07,0.01,56.94,20177.04,1
2024-03-19,2024-03-19 14:30:00,356.07,356.13,356.07,356.13,0.02,56.94,20177.04,1
2024-03-19,2024-03-19 14:31:00,356.13,356.19,356.13,356.19,0.02,56.94,20177.04,1
2024-03-19,2024-03-19 14:32:00,356.19,356.25,356.19,356.25,0.02,56.94,20177.04,1
2024-03-19,2024-03-19 14:33:00,356.25,356.31,356.25,356.31,0.02,56.94,20177.04,1
2024-03-19,2024-03-19 14:34:00,356.31,356.36,356.31,356.36,0.01,56.94,20177.04,1
2024-03-19,2024-03-19 14:35:00,356.36,356.42,356.36,356.42,0.02,56.94,20177.04,1
2024-03-19,2024-03-19 14:36:00,356.42,356.48,356.42,356.48,0.02,56.94,20177.04,1
2024-03-19,2024-03-19 14:37:00,356.48,356.54,356.48,356.54,0.02,56.94,20177.04,1
2024-03-19,2024-03-19 14:38:00,356.54,356.59,356.54,356.59,0.01,56.94,20177.04,1
2024-03-19,2024-03-19 14:39:00,356.59,356.65,356.59,356.65,0.02,56.94,20177.04,1
2024-03-19,2024-03-19 14:40:00,356.65,356.71,356.65,356.71,0.02,56.94,20177.04,1
2024-03-19,2024-03-19 14:41:00,356.71,356.76,356.71,356.76,0.01,56.94,20177.04,1
2024-03-19,2024-03-19 14:42:00,356.76,356.82,356.76,356.82,0.02,56.94,20177.04,1
2024-03-19,2024-03-19 14:43:00,356.82,356.88,356.82,356.88,0.02,56.94,20177.04,1
2024-03-19,2024-03-19 14:44:00,356.88,356.94,356.88,356.94,0.02,56.94,20177.04,1
2024-03-19,2024-03-19 14:45:00,356.94,357.0,356.94,357.0,0.02,56.94,20177.04,1
2024-03-19,2024-03-19 14:46:00,357.0,357.05,357.0,357.05,0.01,56.94,20177.04,1
2024-03-19,2024-03-19 14:47:00,357.05,357.11,357.05,357.11,0.02,56.94,20177.04,1
2024-03-19,2024-03-19 14:48:00,357.11,357.17,357.11,357.17,0.02,56.94,20177.04,1
2024-03-19,2024-03-19 14:49:00,357.17,357.23,357.17,357.23,0.02,56.94,20177.04,1
2024-03-19,2024-03-19 14:50:00,357.23,357.28,357.23,357.28,0.01,56.94,20177.04,1
2024-03-19,2024-03-19 14:51:00,357.28,357.34,357.28,357.34,0.02,56.94,20177.04,1
2024-03-19,2024-03-19 14:52:00,357.34,357.4,357.34,357.4,0.02,56.94,20177.04,1
2024-03-19,2024-03-19 14:53:00,357.4,357.45,357.4,357.45,0.01,56.94,20177.04,1
2024-03-19,2024-03-19 14:54:00,357.45,357.51,357.45,357.51,0.02,56.94,20177.04,1
2024-03-19,2024-03-19 14:55:00,357.51,357.57,357.51,357.57,0.02,56.94,20177.04,1
2024-03-19,2024-03-19 14:56:00,357.57,357.63,357.57,357.63,0.02,56.94,20177.04,1
2024-03-19,2024-03-19 14:57:00,357.63,357.69,357.63,357.69,0.02,56.94,20177.04,1
2024-03-19,2024-03-19 14:58:00,357.69,357.74,357.69,357.74,0.01,56.94,20177.04,1
2024-03-19,2024-03-19 14:59:00,357.74,357.8,357.74,357.8,0.02,56.94,20177.04,1
2024-03-19,2024-03-19 15:00:00,357.8,370.2,344.0,357.8,0.0,56.94,20177.04,0
2024-03-20,2024-03-20 11:00:00,357.0,357.0,353.76,356.96,-0.01,26.86,9425.14,-1
2024-03-20,2024-03-20 11:01:00,356.96,356.96,356.91,356.91,-0.01,26.86,9425.14,-1
2024-03-20,2024-03-20 11:02:00,356.91,356.91,356.87,356.87,-0.01,26.86,9425.14,-1
2024-03-20,2024-03-20 11:03:00,356.87,356.87,356.83,356.83,-0.01,26.86,9425.14,-1
2024-03-20,2024-03-20 11:04:00,356.83,356.83,356.79,356.79,-0.01,26.86,9425.14,-1
2024-03-20,2024-03-20 11:05:00,356.79,356.79,356.74,356.74,-0.01,26.86,9425.14,-1
2024-03-20,2024-03-20 11:06:00,356.74,356.74,356.7,356.7,-0.01,26.86,9425.14,-1
2024-03-20,2024-03-20 11:07:00,356.7,356.7,356.66,356.66,-0.01,26.86,9425.14,-1
2024-03-20,2024-03-20 11:08:00,356.66,356.66,356.61,356.61,-0.01,26.86,9425.14,-1
2024-03-20,2024-03-20 11:09:00,356.61,356.61,356.57,356.57,-0.01,26.86,9425.14,-1
2024-03-20,2024-03-20 11:10:00,356.57,356.57,356.53,356.53,-0.01,26.86,9425.14,-1
2024-03-20,2024-03-20 11:11:00,356.53,356.53,356.49,356.49,-0.01,26.86,9425.14,-1
2024-03-20,2024-03-20 11:12:00,356.49,356.49,356.44,356.44,-0.01,26.86,9425.14,-1
2024-03-20,2024-03-20 11:13:00,356.44,356.44,356.4,356.4,-0.01,26.86,9425.14,-1
2024-03-20,2024-03-20 11:14:00,356.4,356.4,356.36,356.36,-0.01,26.86,9425.14,-1
2024-03-20,2024-03-20 11:15:00,356.36,356.36,356.31,356.31,-0.01,26.86,9425.14,-1
2024-03-20,2024-03-20 11:16:00,356.31,356.31,356.27,356.27,-0.01,26.86,9425.14,-1
2024-03-20,2024-03-20 11:17:00,356.27,356.27,356.23,356.23,-0.01,26.86,9425.14,-1
2024-03-20,2024-03-20 11:18:00,356.23,356.23,356.18,356.18,-0.01,26.86,9425.14,-1
2024-03-20,2024-03-20 11:19:00,356.18,356.18,356.14,356.14,-0.01,26.86,9425.14,-1
2024-03-20,2024-03-20 11:20:00,356.14,356.14,356.1,356.1,-0.01,26.86,9425.14,-1
2024-03-20,2024-03-20 11:21:00,356.1,356.1,356.06,356.06,-0.01,26.86,9425.14,-1
2024-03-20,2024-03-20 11:22:00,356.06,356.06,356.01,356.01,-0.01,26.86,9425.14,-1
2024-03-20,2024-03-20 11:23:00,356.01,356.01,355.97,355.97,-0.01,26.86,9425.14,-1
2024-03-20,2024-03-20 11:24:00,355.97,355.97,355.93,355.93,-0.01,26.86,9425.14,-1
2024-03-20,2024-03-20 11:25:00,355.93,355.93,355.88,355.88,-0.01,26.86,9425.14,-1
2024-03-20,2024-03-20 11:26:00,355.88,355.88,355.84,355.84,-0.01,26.86,9425.14,-1
2024-03-20,2024-03-20 11:27:00,355.84,355.84,355.8,355.8,-0.01,26.86,9425.14,-1
2024-03-20,2024-03-20 11:28:00,355.8,355.8,355.76,355.76,-0.01,26.86,9425.14,-1
2024-03-20,2024-03-20 11:29:00,355.76,355.76,355.71,355.71,-0.01,26.86,9425.14,-1
2024-03-20,2024-03-20 11:30:00,355.71,355.71,355.67,355.67,-0.01,26.86,9425.14,-1
2024-03-20,2024-03-20 11:31:00,355.67,355.67,355.63,355.63,-0.01,26.86,9425.14,-1
2024-03-20,2024-03-20 11:32:00,355.63,355.63,355.58,355.58,-0.01,26.86,9425.14,-1
2024-03-20,2024-03-20 11:33:00,355.58,355.58,355.54,355.54,-0.01,26.86,9425.14,-1
2024-03-20,2024-03-20 11:34:00,355.54,355.54,355.5,355.5,-0.01,26.86,9425.14,-1
2024-03-20,2024-03-20 11:35:00,355.5,355.5,355.45,355.45,-0.01,26.86,9425.14,-1
2024-03-20,2024-03-20 11:36:00,355.45,355.45,355.41,355.41,-0.01,26.86,9425.14,-1
2024-03-20,2024-03-20 11:37:00,355.41,355.41,355.37,355.37,-0.01,26.86,9425.14,-1
2024-03-20,2024-03-20 11:38:00,355.37,355.37,355.33,355.33,-0.01,26.86,9425.14,-1
2024-03-20,2024-03-20 11:39:00,355.33,355.33,355.28,355.28,-0.01,26.86,9425.14,-1
2024-03-20,2024-03-20 11:40:00,355.28,355.28,355.24,355.24,-0.01,26.86,9425.14,-1
2024-03-20,2024-03-20 11:41:00,355.24,355.24,355.2,355.2,-0.01,26.86,9425.14,-1
2024-03-20,2024-03-20 11:42:00,355.2,355.2,355.15,355.15,-0.01,26.86,9425.14,-1
2024-03-20,2024-03-20 11:43:00,355.15,355.15,355.11,355.11,-0.01,26.86,9425.14,-1
2024-03-20,2024-03-20 11:44:00,355.11,355.11,355.07,355.07,-0.01,26.86,9425.14,-1
2024-03-20,2024-03-20 11:45:00,355.07,355.07,355.03,355.03,-0.01,26.86,9425.14,-1
2024-03-20,2024-03-20 11:46:00,355.03,355.03,354.98,354.98,-0.01,26.86,9425.14,-1
2024-03-20,2024-03-20 11:47:00,354.98,354.98,354.94,354.94,-0.01,26.86,9425.14,-1
2024-03-20,2024-03-20 11:48:00,354.94,354.94,354.9,354.9,-0.01,26.86,9425.14,-1
2024-03-20,2024-03-20 11:49:00,354.9,354.9,354.85,354.85,-0.01,26.86,9425.14,-1
2024-03-20,2024-03-20 11:50:00,354.85,354.85,354.81,354.81,-0.01,26.86,9425.14,-1
2024-03-20,2024-03-20 11:51:00,354.81,354.81,354.77,354.77,-0.01,26.86,9425.14,-1
2024-03-20,2024-03-20 11:52:00,354.77,354.77,354.73,354.73,-0.01,26.86,9425.14,-1
2024-03-20,2024-03-20 11:53:00,354.73,354.73,354.68,354.68,-0.01,26.86,9425.14,-1
2024-03-20,2024-03-20 11:54:00,354.68,354.68,354.64,354.64,-0.01,26.86,9425.14,-1
2024-03-20,2024-03-20 11:55:00,354.64,354.64,354.6,354.6,-0.01,26.86,9425.14,-1
2024-03-20,2024-03-20 11:56:00,354.6,354.6,354.55,354.55,-0.01,26.86,9425.14,-1
2024-03-20,2024-03-20 11:57:00,354.55,354.55,354.51,354.51,-0.01,26.86,9425.14,-1
2024-03-20,2024-03-20 11:58:00,354.51,354.51,354.47,354.47,-0.01,26.86,9425.14,-1
2024-03-20,2024-03-20 11:59:00,354.47,354.47,354.43,354.43,-0.01,26.86,9425.14,-1
2024-03-20,2024-03-20 12:00:00,354.43,354.43,354.38,354.38,-0.01,26.86,9425.14,-1
2024-03-20,2024-03-20 12:01:00,354.38,354.38,354.34,354.34,-0.01,26.86,9425.14,-1
2024-03-20,2024-03-20 12:02:00,354.34,354.34,354.3,354.3,-0.01,26.86,9425.14,-1
2024-03-20,2024-03-20 12:03:00,354.3,354.3,354.25,354.25,-0.01,26.86,9425.14,-1
2024-03-20,2024-03-20 12:04:00,354.25,354.25,354.21,354.21,-0.01,26.86,9425.14,-1
2024-03-20,2024-03-20 12:05:00,354.21,354.21,354.17,354.17,-0.01,26.86,9425.14,-1
2024-03-20,2024-03-20 12:06:00,354.17,354.17,354.12,354.12,-0.01,26.86,9425.14,-1
2024-03-20,2024-03-20 12:07:00,354.12,354.12,354.08,354.08,-0.01,26.86,9425.14,-1
2024-03-20,2024-03-20 12:08:00,354.08,354.08,354.04,354.04,-0.01,26.86,9425.14,-1
2024-03-20,2024-03-20 12:09:00,354.04,354.04,354.0,354.0,-0.01,26.86,9425.14,-1
2024-03-20,2024-03-20 12:10:00,354.0,354.0,353.95,353.95,-0.01,26.86,9425.14,-1
2024-03-20,2024-03-20 12:11:00,353.95,353.95,353.91,353.91,-0.01,26.86,9425.14,-1
2024-03-20,2024-03-20 12:12:00,353.91,353.91,353.87,353.87,-0.01,26.86,9425.14,-1
2024-03-20,2024-03-20 12:13:00,353.87,353.87,353.82,353.82,-0.01,26.86,9425.14,-1
2024-03-20,2024-03-20 12:14:00,353.82,353.82,353.78,353.78,-0.01,26.86,9425.14,-1
2024-03-20,2024-03-20 12:15:00,353.78,353.78,353.74,353.74,-0.01,26.86,9425.14,-1
2024-03-20,2024-03-20 12:16:00,353.74,353.74,353.7,353.7,-0.01,26.86,9425.14,-1
2024-03-20,2024-03-20 12:17:00,353.7,353.7,353.65,353.65,-0.01,26.86,9425.14,-1
2024-03-20,2024-03-20 12:18:00,353.65,353.65,353.61,353.61,-0.01,26.86,9425.14,-1
2024-03-20,2024-03-20 12:19:00,353.61,353.61,353.57,353.57,-0.01,26.86,9425.14,-1
2024-03-20,2024-03-20 12:20:00,353.57,353.57,353.52,353.52,-0.01,26.86,9425.14,-1
2024-03-20,2024-03-20 12:21:00,353.52,353.52,353.48,353.48,-0.01,26.86,9425.14,-1
2024-03-20,2024-03-20 12:22:00,353.48,353.48,353.44,353.44,-0.01,26.86,9425.14,-1
2024-03-20,2024-03-20 12:23:00,353.44,353.44,353.39,353.39,-0.01,26.86,9425.14,-1
2024-03-20,2024-03-20 12:24:00,353.39,353.39,353.35,353.35,-0.01,26.86,9425.14,-1
2024-03-20,2024-03-20 12:25:00,353.35,353.35,353.31,353.31,-0.01,26.86,9425.14,-1
2024-03-20,2024-03-20 12:26:00,353.31,353.31,353.27,353.27,-0.01,26.86,9425.14,-1
2024-03-20,2024-03-20 12:27:00,353.27,353.27,353.22,353.22,-0.01,26.86,9425.14,-1
2024-03-20,2024-03-20 12:28:00,353.22,353.22,353.18,353.18,-0.01,26.86,9425.14,-1
2024-03-20,2024-03-20 12:29:00,353.18,353.18,353.14,353.14,-0.01,26.86,9425.14,-1
2024-03-20,2024-03-20 12:30:00,353.14,353.14,353.09,353.09,-0.01,26.86,9425.14,-1
2024-03-20,2024-03-20 12:31:00,353.09,353.09,353.05,353.05,-0.01,26.86,9425.14,-1
2024-03-20,2024-03-20 12:32:00,353.05,353.05,353.01,353.01,-0.01,26.86,9425.14,-1
2024-03-20,2024-03-20 12:33:00,353.01,353.01,352.97,352.97,-0.01,26.86,9425.14,-1
2024-03-20,2024-03-20 12:34:00,352.97,352.97,352.92,352.92,-0.01,26.86,9425.14,-1
2024-03-20,2024-03-20 12:35:00,352.92,352.92,352.88,352.88,-0.01,26.86,9425.14,-1
2024-03-20,2024-03-20 12:36:00,352.88,352.88,352.84,352.84,-0.01,26.86,9425.14,-1
2024-03-20,2024-03-20 12:37:00,352.84,352.84,352.79,352.79,-0.01,26.86,9425.14,-1
2024-03-20,2024-03-20 12:38:00,352.79,352.79,352.75,352.75,-0.01,26.86,9425.14,-1
2024-03-20,2024-03-20 12:39:00,352.75,352.75,352.71,352.71,-0.01,26.86,9425.14,-1
2024-03-20,2024-03-20 12:40:00,352.71,352.71,352.67,352.67,-0.01,26.86,9425.14,-1
2024-03-20,2024-03-20 12:41:00,352.67,352.67,352.62,352.62,-0.01,26.86,9425.14,-1
2024-03-20,2024-03-20 12:42:00,352.62,352.62,352.58,352.58,-0.01,26.86,9425.14,-1
2024-03-20,2024-03-20 12:43:00,352.58,352.58,352.54,352.54,-0.01,26.86,9425.14,-1
2024-03-20,2024-03-20 12:44:00,352.54,352.54,352.49,352.49,-0.01,26.86,9425.14,-1
2024-03-20,2024-03-20 12:45:00,352.49,352.49,352.45,352.45,-0.01,26.86,9425.14,-1
2024-03-20,2024-03-20 12:46:00,352.45,352.45,352.41,352.41,-0.01,26.86,9425.14,-1
2024-03-20,2024-03-20 12:47:00,352.41,352.41,352.37,352.37,-0.01,26.86,9425.14,-1
2024-03-20,2024-03-20 12:48:00,352.37,352.37,352.32,352.32,-0.01,26.86,9425.14,-1
2024-03-20,2024-03-20 12:49:00,352.32,352.32,352.28,352.28,-0.01,26.86,9425.14,-1
2024-03-20,2024-03-20 12:50:00,352.28,352.28,352.24,352.24,-0.01,26.86,9425.14,-1
2024-03-20,2024-03-20 12:51:00,352.24,352.24,352.19,352.19,-0.01,26.86,9425.14,-1
2024-03-20,2024-03-20 12:52:00,352.19,352.19,352.15,352.15,-0.01,26.86,9425.14,-1
2024-03-20,2024-03-20 12:53:00,352.15,352.15,352.11,352.11,-0.01,26.86,9425.14,-1
2024-03-20,2024-03-20 12:54:00,352.11,352.11,352.06,352.06,-0.01,26.86,9425.14,-1
2024-03-20,2024-03-20 12:55:00,352.06,352.06,352.02,352.02,-0.01,26.86,9425.14,-1
2024-03-20,2024-03-20 12:56:00,352.02,352.02,351.98,351.98,-0.01,26.86,9425.14,-1
2024-03-20,2024-03-20 12:57:00,351.98,351.98,351.94,351.94,-0.01,26.86,9425.14,-1
2024-03-20,2024-03-20 12:58:00,351.94,351.94,351.89,351.89,-0.01,26.86,9425.14,-1
2024-03-20,2024-03-20 12:59:00,351.89,351.89,351.85,351.85,-0.01,26.86,9425.14,-1
2024-03-20,2024-03-20 13:00:00,351.85,357.0,346.2,351.81,-0.01,26.86,9425.14,-1
2024-03-20,2024-03-20 13:01:00,351.81,351.81,351.76,351.76,-0.01,26.86,9425.14,-1
2024-03-20,2024-03-20 13:02:00,351.76,351.76,351.72,351.72,-0.01,26.86,9425.14,-1
2024-03-20,2024-03-20 13:03:00,351.72,351.72,351.68,351.68,-0.01,26.86,9425.14,-1
2024-03-20,2024-03-20 13:04:00,351.68,351.68,351.64,351.64,-0.01,26.86,9425.14,-1
2024-03-20,2024-03-20 13:05:00,351.64,351.64,351.59,351.59,-0.01,26.86,9425.14,-1
2024-03-20,2024-03-20 13:06:00,351.59,351.59,351.55,351.55,-0.01,26.86,9425.14,-1
2024-03-20,2024-03-20 13:07:00,351.55,351.55,351.51,351.51,-0.01,26.86,9425.14,-1
2024-03-20,2024-03-20 13:08:00,351.51,351.51,351.46,351.46,-0.01,26.86,9425.14,-1
2024-03-20,2024-03-20 13:09:00,351.46,351.46,351.42,351.42,-0.01,26.86,9425.14,-1
2024-03-20,2024-03-20 13:10:00,351.42,351.42,351.38,351.38,-0.01,26.86,9425.14,-1
2024-03-20,2024-03-20 13:11:00,351.38,351.38,351.33,351.33,-0.01,26.86,9425.14,-1
2024-03-20,2024-03-20 13:12:00,351.33,351.33,351.29,351.29,-0.01,26.86,9425.14,-1
2024-03-20,2024-03-20 13:13:00,351.29,351.29,351.25,351.25,-0.01,26.86,9425.14,-1
2024-03-20,2024-03-20 13:14:00,351.25,351.25,351.21,351.21,-0.01,26.86,9425.14,-1
2024-03-20,2024-03-20 13:15:00,351.21,351.21,351.16,351.16,-0.01,26.86,9425.14,-1
2024-03-20,2024-03-20 13:16:00,351.16,351.16,351.12,351.12,-0.01,26.86,9425.14,-1
2024-03-20,2024-03-20 13:17:00,351.12,351.12,351.08,351.08,-0.01,26.86,9425.14,-1
2024-03-20,2024-03-20 13:18:00,351.08,351.08,351.03,351.03,-0.01,26.86,9425.14,-1
2024-03-20,2024-03-20 13:19:00,351.03,351.03,350.99,350.99,-0.01,26.86,9425.14,-1
2024-03-20,2024-03-20 13:20:00,350.99,350.99,350.95,350.95,-0.01,26.86,9425.14,-1
2024-03-20,2024-03-20 13:21:00,350.95,350.95,350.91,350.91,-0.01,26.86,9425.14,-1
2024-03-20,2024-03-20 13:22:00,350.91,350.91,350.86,350.86,-0.01,26.86,9425.14,-1
2024-03-20,2024-03-20 13:23:00,350.86,350.86,350.82,350.82,-0.01,26.86,9425.14,-1
2024-03-20,2024-03-20 13:24:00,350.82,350.82,350.78,350.78,-0.01,26.86,9425.14,-1
2024-03-20,2024-03-20 13:25:00,350.78,350.78,350.73,350.73,-0.01,26.86,9425.14,-1
2024-03-20,2024-03-20 13:26:00,350.73,350.73,350.69,350.69,-0.01,26.86,9425.14,-1
2024-03-20,2024-03-20 13:27:00,350.69,350.69,350.65,350.65,-0.01,26.86,9425.14,-1
2024-03-20,2024-03-20 13:28:00,350.65,350.65,350.61,350.61,-0.01,26.86,9425.14,-1
2024-03-20,2024-03-20 13:29:00,350.61,350.61,350.56,350.56,-0.01,26.86,9425.14,-1
2024-03-20,2024-03-20 13:30:00,350.56,350.56,350.52,350.52,-0.01,26.86,9425.14,-1
2024-03-20,2024-03-20 13:31:00,350.52,350.52,350.48,350.48,-0.01,26.86,9425.14,-1
2024-03-20,2024-03-20 13:32:00,350.48,350.48,350.43,350.43,-0.01,26.86,9425.14,-1
2024-03-20,2024-03-20 13:33:00,350.43,350.43,350.39,350.39,-0.01,26.86,9425.14,-1
2024-03-20,2024-03-20 13:34:00,350.39,350.39,350.35,350.35,-0.01,26.86,9425.14,-1
2024-03-20,2024-03-20 13:35:00,350.35,350.35,350.31,350.31,-0.01,26.86,9425.14,-1
2024-03-20,2024-03-20 13:36:00,350.31,350.31,350.26,350.26,-0.01,26.86,9425.14,-1
2024-03-20,2024-03-20 13:37:00,350.26,350.26,350.22,350.22,-0.01,26.86,9425.14,-1
2024-03-20,2024-03-20 13:38:00,350.22,350.22,350.18,350.18,-0.01,26.86,9425.14,-1
2024-03-20,2024-03-20 13:39:00,350.18,350.18,350.13,350.13,-0.01,26.86,9425.14,-1
2024-03-20,2024-03-20 13:40:00,350.13,350.13,350.09,350.09,-0.01,26.86,9425.14,-1
2024-03-20,2024-03-20 13:41:00,350.09,350.09,350.05,350.05,-0.01,26.86,9425.14,-1
2024-03-20,2024-03-20 13:42:00,350.05,350.05,350.0,350.0,-0.01,26.86,9425.14,-1
2024-03-20,2024-03-20 13:43:00,350.0,350.0,349.96,349.96,-0.01,26.86,9425.14,-1
2024-03-20,2024-03-20 13:44:00,349.96,349.96,349.92,349.92,-0.01,26.86,9425.14,-1
2024-03-20,2024-03-20 13:45:00,349.92,349.92,349.88,349.88,-0.01,26.86,9425.14,-1
2024-03-20,2024-03-20 13:46:00,349.88,349.88,349.83,349.83,-0.01,26.86,9425.14,-1
2024-03-20,2024-03-20 13:47:00,349.83,349.83,349.79,349.79,-0.01,26.86,9425.14,-1
2024-03-20,2024-03-20 13:48:00,349.79,349.79,349.75,349.75,-0.01,26.86,9425.14,-1
2024-03-20,2024-03-20 13:49:00,349.75,349.75,349.7,349.7,-0.01,26.86,9425.14,-1
2024-03-20,2024-03-20 13:50:00,349.7,349.7,349.66,349.66,-0.01,26.86,9425.14,-1
2024-03-20,2024-03-20 13:51:00,349.66,349.66,349.62,349.62,-0.01,26.86,9425.14,-1
2024-03-20,2024-03-20 13:52:00,349.62,349.62,349.58,349.58,-0.01,26.86,9425.14,-1
2024-03-20,2024-03-20 13:53:00,349.58,349.58,349.53,349.53,-0.01,26.86,9425.14,-1
2024-03-20,2024-03-20 13:54:00,349.53,349.53,349.49,349.49,-0.01,26.86,9425.14,-1
2024-03-20,2024-03-20 13:55:00,349.49,349.49,349.45,349.45,-0.01,26.86,9425.14,-1
2024-03-20,2024-03-20 13:56:00,349.45,349.45,349.4,349.4,-0.01,26.86,9425.14,-1
2024-03-20,2024-03-20 13:57:00,349.4,349.4,349.36,349.36,-0.01,26.86,9425.14,-1
2024-03-20,2024-03-20 13:58:00,349.36,349.36,349.32,349.32,-0.01,26.86,9425.14,-1
2024-03-20,2024-03-20 13:59:00,349.32,349.32,349.27,349.27,-0.01,26.86,9425.14,-1
2024-03-20,2024-03-20 14:00:00,349.27,349.27,349.23,349.23,-0.01,26.86,9425.14,-1
2024-03-20,2024-03-20 14:01:00,349.23,349.23,349.19,349.19,-0.01,26.86,9425.14,-1
2024-03-20,2024-03-20 14:02:00,349.19,349.19,349.15,349.15,-0.01,26.86,9425.14,-1
2024-03-20,2024-03-20 14:03:00,349.15,349.15,349.1,349.1,-0.01,26.86,9425.14,-1
2024-03-20,2024-03-20 14:04:00,349.1,349.1,349.06,349.06,-0.01,26.86,9425.14,-1
2024-03-20,2024-03-20 14:05:00,349.06,349.06,349.02,349.02,-0.01,26.86,9425.14,-1
2024-03-20,2024-03-20 14:06:00,349.02,349.02,348.97,348.97,-0.01,26.86,9425.14,-1
2024-03-20,2024-03-20 14:07:00,348.97,348.97,348.93,348.93,-0.01,26.86,9425.14,-1
2024-03-20,2024-03-20 14:08:00,348.93,348.93,348.89,348.89,-0.01,26.86,9425.14,-1
2024-03-20,2024-03-20 14:09:00,348.89,348.89,348.85,348.85,-0.01,26.86,9425.14,-1
2024-03-20,2024-03-20 14:10:00,348.85,348.85,348.8,348.8,-0.01,26.86,9425.14,-1
2024-03-20,2024-03-20 14:11:00,348.8,348.8,348.76,348.76,-0.01,26.86,9425.14,-1
2024-03-20,2024-03-20 14:12:00,348.76,348.76,348.72,348.72,-0.01,26.86,9425.14,-1
2024-03-20,2024-03-20 14:13:00,348.72,348.72,348.67,348.67,-0.01,26.86,9425.14,-1
2024-03-20,2024-03-20 14:14:00,348.67,348.67,348.63,348.63,-0.01,26.86,9425.14,-1
2024-03-20,2024-03-20 14:15:00,348.63,348.63,348.59,348.59,-0.01,26.86,9425.14,-1
2024-03-20,2024-03-20 14:16:00,348.59,348.59,348.55,348.55,-0.01,26.86,9425.14,-1
2024-03-20,2024-03-20 14:17:00,348.55,348.55,348.5,348.5,-0.01,26.86,9425.14,-1
2024-03-20,2024-03-20 14:18:00,348.5,348.5,348.46,348.46,-0.01,26.86,9425.14,-1
2024-03-20,2024-03-20 14:19:00,348.46,348.46,348.42,348.42,-0.01,26.86,9425.14,-1
2024-03-20,2024-03-20 14:20:00,348.42,348.42,348.37,348.37,-0.01,26.86,9425.14,-1
2024-03-20,2024-03-20 14:21:00,348.37,348.37,348.33,348.33,-0.01,26.86,9425.14,-1
2024-03-20,2024-03-20 14:22:00,348.33,348.33,348.29,348.29,-0.01,26.86,9425.14,-1
2024-03-20,2024-03-20 14:23:00,348.29,348.29,348.25,348.25,-0.01,26.86,9425.14,-1
2024-03-20,2024-03-20 14:24:00,348.25,348.25,348.2,348.2,-0.01,26.86,9425.14,-1
2024-03-20,2024-03-20 14:25:00,348.2,348.2,348.16,348.16,-0.01,26.86,9425.14,-1
2024-03-20,2024-03-20 14:26:00,348.16,348.16,348.12,348.12,-0.01,26.86,9425.14,-1
2024-03-20,2024-03-20 14:27:00,348.12,348.12,348.07,348.07,-0.01,26.86,9425.14,-1
2024-03-20,2024-03-20 14:28:00,348.07,348.07,348.03,348.03,-0.01,26.86,9425.14,-1
2024-03-20,2024-03-20 14:29:00,348.03,348.03,347.99,347.99,-0.01,26.86,9425.14,-1
2024-03-20,2024-03-20 14:30:00,347.99,347.99,347.94,347.94,-0.01,26.86,9425.14,-1
2024-03-20,2024-03-20 14:31:00,347.94,347.94,347.9,347.9,-0.01,26.86,9425.14,-1
2024-03-20,2024-03-20 14:32:00,347.9,347.9,347.86,347.86,-0.01,26.86,9425.14,-1
2024-03-20,2024-03-20 14:33:00,347.86,347.86,347.82,347.82,-0.01,26.86,9425.14,-1
2024-03-20,2024-03-20 14:34:00,347.82,347.82,347.77,347.77,-0.01,26.86,9425.14,-1
2024-03-20,2024-03-20 14:35:00,347.77,347.77,347.73,347.73,-0.01,26.86,9425.14,-1
2024-03-20,2024-03-20 14:36:00,347.73,347.73,347.69,347.69,-0.01,26.86,9425.14,-1
2024-03-20,2024-03-20 14:37:00,347.69,347.69,347.64,347.64,-0.01,26.86,9425.14,-1
2024-03-20,2024-03-20 14:38:00,347.64,347.64,347.6,347.6,-0.01,26.86,9425.14,-1
2024-03-20,2024-03-20 14:39:00,347.6,347.6,347.56,347.56,-0.01,26.86,9425.14,-1
2024-03-20,2024-03-20 14:40:00,347.56,347.56,347.52,347.52,-0.01,26.86,9425.14,-1
2024-03-20,2024-03-20 14:41:00,347.52,347.52,347.47,347.47,-0.01,26.86,9425.14,-1
2024-03-20,2024-03-20 14:42:00,347.47,347.47,347.43,347.43,-0.01,26.86,9425.14,-1
2024-03-20,2024-03-20 14:43:00,347.43,347.43,347.39,347.39,-0.01,26.86,9425.14,-1
2024-03-20,2024-03-20 14:44:00,347.39,347.39,347.34,347.34,-0.01,26.86,9425.14,-1
2024-03-20,2024-03-20 14:45:00,347.34,347.34,347.3,347.3,-0.01,26.86,9425.14,-1
2024-03-20,2024-03-20 14:46:00,347.3,347.3,347.26,347.26,-0.01,26.86,9425.14,-1
2024-03-20,2024-03-20 14:47:00,347.26,347.26,347.21,347.21,-0.01,26.86,9425.14,-1
2024-03-20,2024-03-20 14:48:00,347.21,347.21,347.17,347.17,-0.01,26.86,9425.14,-1
2024-03-20,2024-03-20 14:49:00,347.17,347.17,347.13,347.13,-0.01,26.86,9425.14,-1
2024-03-20,2024-03-20 14:50:00,347.13,347.13,347.09,347.09,-0.01,26.86,9425.14,-1
2024-03-20,2024-03-20 14:51:00,347.09,347.09,347.04,347.04,-0.01,26.86,9425.14,-1
2024-03-20,2024-03-20 14:52:00,347.04,347.04,347.0,347.0,-0.01,26.86,9425.14,-1
2024-03-20,2024-03-20 14:53:00,347.0,347.0,346.96,346.96,-0.01,26.86,9425.14,-1
2024-03-20,2024-03-20 14:54:00,346.96,346.96,346.91,346.91,-0.01,26.86,9425.14,-1
2024-03-20,2024-03-20 14:55:00,346.91,346.91,346.87,346.87,-0.01,26.86,9425.14,-1
2024-03-20,2024-03-20 14:56:00,346.87,346.87,346.83,346.83,-0.01,26.86,9425.14,-1
2024-03-20,2024-03-20 14:57:00,346.83,346.83,346.79,346.79,-0.01,26.86,9425.14,-1
2024-03-20,2024-03-20 14:58:00,346.79,346.79,346.74,346.74,-0.01,26.86,9425.14,-1
2024-03-20,2024-03-20 14:59:00,346.74,346.74,346.7,346.7,-0.01,26.86,9425.14,-1
2024-03-20,2024-03-20 15:00:00,346.7,357.0,346.2,346.7,0.0,26.86,9425.14,0
2024-03-21,2024-03-21 11:00:00,340.1,346.64,340.1,340.14,0.01,19.12,6651.97,1
2024-03-21,2024-03-21 11:01:00,340.14,340.18,340.14,340.18,0.01,19.12,6651.97,1
2024-03-21,2024-03-21 11:02:00,340.18,340.22,340.18,340.22,0.01,19.12,6651.97,1
2024-03-21,2024-03-21 11:03:00,340.22,340.27,340.22,340.27,0.01,19.12,6651.97,1
2024-03-21,2024-03-21 11:04:00,340.27,340.31,340.27,340.31,0.01,19.12,6651.97,1
2024-03-21,2024-03-21 11:05:00,340.31,340.35,340.31,340.35,0.01,19.12,6651.97,1
2024-03-21,2024-03-21 11:06:00,340.35,340.39,340.35,340.39,0.01,19.12,6651.97,1
2024-03-21,2024-03-21 11:07:00,340.39,340.43,340.39,340.43,0.01,19.12,6651.97,1
2024-03-21,2024-03-21 11:08:00,340.43,340.47,340.43,340.47,0.01,19.12,6651.97,1
2024-03-21,2024-03-21 11:09:00,340.47,340.51,340.47,340.51,0.01,19.12,6651.97,1
2024-03-21,2024-03-21 11:10:00,340.51,340.55,340.51,340.55,0.01,19.12,6651.97,1
2024-03-21,2024-03-21 11:11:00,340.55,340.6,340.55,340.6,0.01,19.12,6651.97,1
2024-03-21,2024-03-21 11:12:00,340.6,340.64,340.6,340.64,0.01,19.12,6651.97,1
2024-03-21,2024-03-21 11:13:00,340.64,340.68,340.64,340.68,0.01,19.12,6651.97,1
2024-03-21,2024-03-21 11:14:00,340.68,340.72,340.68,340.72,0.01,19.12,6651.97,1
2024-03-21,2024-03-21 11:15:00,340.72,340.76,340.72,340.76,0.01,19.12,6651.97,1
2024-03-21,2024-03-21 11:16:00,340.76,340.8,340.76,340.8,0.01,19.12,6651.97,1
2024-03-21,2024-03-21 11:17:00,340.8,340.84,340.8,340.84,0.01,19.12,6651.97,1
2024-03-21,2024-03-21 11:18:00,340.84,340.88,340.84,340.88,0.01,19.12,6651.97,1
2024-03-21,2024-03-21 11:19:00,340.88,340.93,340.88,340.93,0.01,19.12,6651.97,1
2024-03-21,2024-03-21 11:20:00,340.93,340.97,340.93,340.97,0.01,19.12,6651.97,1
2024-03-21,2024-03-21 11:21:00,340.97,341.01,340.97,341.01,0.01,19.12,6651.97,1
2024-03-21,2024-03-21 11:22:00,341.01,341.05,341.01,341.05,0.01,19.12,6651.97,1
2024-03-21,2024-03-21 11:23:00,341.05,341.09,341.05,341.09,0.01,19.12,6651.97,1
2024-03-21,2024-03-21 11:24:00,341.09,341.13,341.09,341.13,0.01,19.12,6651.97,1
2024-03-21,2024-03-21 11:25:00,341.13,341.17,341.13,341.17,0.01,19.12,6651.97,1
2024-03-21,2024-03-21 11:26:00,341.17,341.21,341.17,341.21,0.01,19.12,6651.97,1
2024-03-21,2024-03-21 11:27:00,341.21,341.25,341.21,341.25,0.01,19.12,6651.97,1
2024-03-21,2024-03-21 11:28:00,341.25,341.3,341.25,341.3,0.01,19.12,6651.97,1
2024-03-21,2024-03-21 11:29:00,341.3,341.34,341.3,341.34,0.01,19.12,6651.97,1
2024-03-21,2024-03-21 11:30:00,341.34,341.38,341.34,341.38,0.01,19.12,6651.97,1
2024-03-21,2024-03-21 11:31:00,341.38,341.42,341.38,341.42,0.01,19.12,6651.97,1
2024-03-21,2024-03-21 11:32:00,341.42,341.46,341.42,341.46,0.01,19.12,6651.97,1
2024-03-21,2024-03-21 11:33:00,341.46,341.5,341.46,341.5,0.01,19.12,6651.97,1
2024-03-21,2024-03-21 11:34:00,341.5,341.54,341.5,341.54,0.01,19.12,6651.97,1
2024-03-21,2024-03-21 11:35:00,341.54,341.59,341.54,341.59,0.01,19.12,6651.97,1
2024-03-21,2024-03-21 11:36:00,341.59,341.63,341.59,341.63,0.01,19.12,6651.97,1
2024-03-21,2024-03-21 11:37:00,341.63,341.67,341.63,341.67,0.01,19.12,6651.97,1
2024-03-21,2024-03-21 11:38:00,341.67,341.71,341.67,341.71,0.01,19.12,6651.97,1
2024-03-21,2024-03-21 11:39:00,341.71,341.75,341.71,341.75,0.01,19.12,6651.97,1
2024-03-21,2024-03-21 11:40:00,341.75,341.79,341.75,341.79,0.01,19.12,6651.97,1
2024-03-21,2024-03-21 11:41:00,341.79,341.83,341.79,341.83,0.01,19.12,6651.97,1
2024-03-21,2024-03-21 11:42:00,341.83,341.87,341.83,341.87,0.01,19.12,6651.97,1
2024-03-21,2024-03-21 11:43:00,341.87,341.92,341.87,341.92,0.01,19.12,6651.97,1
2024-03-21,2024-03-21 11:44:00,341.92,341.96,341.92,341.96,0.01,19.12,6651.97,1
2024-03-21,2024-03-21 11:45:00,341.96,342.0,341.96,342.0,0.01,19.12,6651.97,1
2024-03-21,2024-03-21 11:46:00,342.0,342.04,342.0,342.04,0.01,19.12,6651.97,1
2024-03-21,2024-03-21 11:47:00,342.04,342.08,342.04,342.08,0.01,19.12,6651.97,1
2024-03-21,2024-03-21 11:48:00,342.08,342.12,342.08,342.12,0.01,19.12,6651.97,1
2024-03-21,2024-03-21 11:49:00,342.12,342.16,342.12,342.16,0.01,19.12,6651.97,1
2024-03-21,2024-03-21 11:50:00,342.16,342.2,342.16,342.2,0.01,19.12,6651.97,1
2024-03-21,2024-03-21 11:51:00,342.2,342.25,342.2,342.25,0.01,19.12,6651.97,1
2024-03-21,2024-03-21 11:52:00,342.25,342.29,342.25,342.29,0.01,19.12,6651.97,1
2024-03-21,2024-03-21 11:53:00,342.29,342.33,342.29,342.33,0.01,19.12,6651.97,1
2024-03-21,2024-03-21 11:54:00,342.33,342.37,342.33,342.37,0.01,19.12,6651.97,1
2024-03-21,2024-03-21 11:55:00,342.37,342.41,342.37,342.41,0.01,19.12,6651.97,1
2024-03-21,2024-03-21 11:56:00,342.41,342.45,342.41,342.45,0.01,19.12,6651.97,1
2024-03-21,2024-03-21 11:57:00,342.45,342.49,342.45,342.49,0.01,19.12,6651.97,1
2024-03-21,2024-03-21 11:58:00,342.49,342.53,342.49,342.53,0.01,19.12,6651.97,1
2024-03-21,2024-03-21 11:59:00,342.53,342.58,342.53,342.58,0.01,19.12,6651.97,1
2024-03-21,2024-03-21 12:00:00,342.58,342.62,342.58,342.62,0.01,19.12,6651.97,1
2024-03-21,2024-03-21 12:01:00,342.62,342.66,342.62,342.66,0.01,19.12,6651.97,1
2024-03-21,2024-03-21 12:02:00,342.66,342.7,342.66,342.7,0.01,19.12,6651.97,1
2024-03-21,2024-03-21 12:03:00,342.7,342.74,342.7,342.74,0.01,19.12,6651.97,1
2024-03-21,2024-03-21 12:04:00,342.74,342.78,342.74,342.78,0.01,19.12,6651.97,1
2024-03-21,2024-03-21 12:05:00,342.78,342.82,342.78,342.82,0.01,19.12,6651.97,1
2024-03-21,2024-03-21 12:06:00,342.82,342.86,342.82,342.86,0.01,19.12,6651.97,1
2024-03-21,2024-03-21 12:07:00,342.86,342.91,342.86,342.91,0.01,19.12,6651.97,1
2024-03-21,2024-03-21 12:08:00,342.91,342.95,342.91,342.95,0.01,19.12,6651.97,1
2024-03-21,2024-03-21 12:09:00,342.95,342.99,342.95,342.99,0.01,19.12,6651.97,1
2024-03-21,2024-03-21 12:10:00,342.99,343.03,342.99,343.03,0.01,19.12,6651.97,1
2024-03-21,2024-03-21 12:11:00,343.03,343.07,343.03,343.07,0.01,19.12,6651.97,1
2024-03-21,2024-03-21 12:12:00,343.07,343.11,343.07,343.11,0.01,19.12,6651.97,1
2024-03-21,2024-03-21 12:13:00,343.11,343.15,343.11,343.15,0.01,19.12,6651.97,1
2024-03-21,2024-03-21 12:14:00,343.15,343.19,343.15,343.19,0.01,19.12,6651.97,1
2024-03-21,2024-03-21 12:15:00,343.19,343.24,343.19,343.24,0.01,19.12,6651.97,1
2024-03-21,2024-03-21 12:16:00,343.24,343.28,343.24,343.28,0.01,19.12,6651.97,1
2024-03-21,2024-03-21 12:17:00,343.28,343.32,343.28,343.32,0.01,19.12,6651.97,1
2024-03-21,2024-03-21 12:18:00,343.32,343.36,343.32,343.36,0.01,19.12,6651.97,1
2024-03-21,2024-03-21 12:19:00,343.36,343.4,343.36,343.4,0.01,19.12,6651.97,1
2024-03-21,2024-03-21 12:20:00,343.4,343.44,343.4,343.44,0.01,19.12,6651.97,1
2024-03-21,2024-03-21 12:21:00,343.44,343.48,343.44,343.48,0.01,19.12,6651.97,1
2024-03-21,2024-03-21 12:22:00,343.48,343.52,343.48,343.52,0.01,19.12,6651.97,1
2024-03-21,2024-03-21 12:23:00,343.52,343.56,343.52,343.56,0.01,19.12,6651.97,1
2024-03-21,2024-03-21 12:24:00,343.56,343.61,343.56,343.61,0.01,19.12,6651.97,1
2024-03-21,2024-03-21 12:25:00,343.61,343.65,343.61,343.65,0.01,19.12,6651.97,1
2024-03-21,2024-03-21 12:26:00,343.65,343.69,343.65,343.69,0.01,19.12,6651.97,1
2024-03-21,2024-03-21 12:27:00,343.69,343.73,343.69,343.73,0.01,19.12,6651.97,1
2024-03-21,2024-03-21 12:28:00,343.73,343.77,343.73,343.77,0.01,19.12,6651.97,1
2024-03-21,2024-03-21 12:29:00,343.77,343.81,343.77,343.81,0.01,19.12,6651.97,1
2024-03-21,2024-03-21 12:30:00,343.81,343.85,343.81,343.85,0.01,19.12,6651.97,1
2024-03-21,2024-03-21 12:31:00,343.85,343.9,343.85,343.9,0.01,19.12,6651.97,1
2024-03-21,2024-03-21 12:32:00,343.9,343.94,343.9,343.94,0.01,19.12,6651.97,1
2024-03-21,2024-03-21 12:33:00,343.94,343.98,343.94,343.98,0.01,19.12,6651.97,1
2024-03-21,2024-03-21 12:34:00,343.98,344.02,343.98,344.02,0.01,19.12,6651.97,1
2024-03-21,2024-03-21 12:35:00,344.02,344.06,344.02,344.06,0.01,19.12,6651.97,1
2024-03-21,2024-03-21 12:36:00,344.06,344.1,344.06,344.1,0.01,19.12,6651.97,1
2024-03-21,2024-03-21 12:37:00,344.1,344.14,344.1,344.14,0.01,19.12,6651.97,1
2024-03-21,2024-03-21 12:38:00,344.14,344.18,344.14,344.18,0.01,19.12,6651.97,1
2024-03-21,2024-03-21 12:39:00,344.18,344.23,344.18,344.23,0.01,19.12,6651.97,1
2024-03-21,2024-03-21 12:40:00,344.23,344.27,344.23,344.27,0.01,19.12,6651.97,1
2024-03-21,2024-03-21 12:41:00,344.27,344.31,344.27,344.31,0.01,19.12,6651.97,1
2024-03-21,2024-03-21 12:42:00,344.31,344.35,344.31,344.35,0.01,19.12,6651.97,1
2024-03-21,2024-03-21 12:43:00,344.35,344.39,344.35,344.39,0.01,19.12,6651.97,1
2024-03-21,2024-03-21 12:44:00,344.39,344.43,344.39,344.43,0.01,19.12,6651.97,1
2024-03-21,2024-03-21 12:45:00,344.43,344.47,344.43,344.47,0.01,19.12,6651.97,1
2024-03-21,2024-03-21 12:46:00,344.47,344.51,344.47,344.51,0.01,19.12,6651.97,1
2024-03-21,2024-03-21 12:47:00,344.51,344.56,344.51,344.56,0.01,19.12,6651.97,1
2024-03-21,2024-03-21 12:48:00,344.56,344.6,344.56,344.6,0.01,19.12,6651.97,1
2024-03-21,2024-03-21 12:49:00,344.6,344.64,344.6,344.64,0.01,19.12,6651.97,1
2024-03-21,2024-03-21 12:50:00,344.64,344.68,344.64,344.68,0.01,19.12,6651.97,1
2024-03-21,2024-03-21 12:51:00,344.68,344.72,344.68,344.72,0.01,19.12,6651.97,1
2024-03-21,2024-03-21 12:52:00,344.72,344.76,344.72,344.76,0.01,19.12,6651.97,1
2024-03-21,2024-03-21 12:53:00,344.76,344.8,344.76,344.8,0.01,19.12,6651.97,1
2024-03-21,2024-03-21 12:54:00,344.8,344.84,344.8,344.84,0.01,19.12,6651.97,1
2024-03-21,2024-03-21 12:55:00,344.84,344.88,344.84,344.88,0.01,19.12,6651.97,1
2024-03-21,2024-03-21 12:56:00,344.88,344.93,344.88,344.93,0.01,19.12,6651.97,1
2024-03-21,2024-03-21 12:57:00,344.93,344.97,344.93,344.97,0.01,19.12,6651.97,1
2024-03-21,2024-03-21 12:58:00,344.97,345.01,344.97,345.01,0.01,19.12,6651.97,1
2024-03-21,2024-03-21 12:59:00,345.01,345.05,345.01,345.05,0.01,19.12,6651.97,1
2024-03-21,2024-03-21 13:00:00,345.05,361.9,340.1,345.09,0.01,19.12,6651.97,1
2024-03-21,2024-03-21 13:01:00,345.09,345.13,345.09,345.13,0.01,19.12,6651.97,1
2024-03-21,2024-03-21 13:02:00,345.13,345.17,345.13,345.17,0.01,19.12,6651.97,1
2024-03-21,2024-03-21 13:03:00,345.17,345.22,345.17,345.22,0.01,19.12,6651.97,1
2024-03-21,2024-03-21 13:04:00,345.22,345.26,345.22,345.26,0.01,19.12,6651.97,1
2024-03-21,2024-03-21 13:05:00,345.26,345.3,345.26,345.3,0.01,19.12,6651.97,1
2024-03-21,2024-03-21 13:06:00,345.3,345.34,345.3,345.34,0.01,19.12,6651.97,1
2024-03-21,2024-03-21 13:07:00,345.34,345.38,345.34,345.38,0.01,19.12,6651.97,1
2024-03-21,2024-03-21 13:08:00,345.38,345.42,345.38,345.42,0.01,19.12,6651.97,1
2024-03-21,2024-03-21 13:09:00,345.42,345.46,345.42,345.46,0.01,19.12,6651.97,1
2024-03-21,2024-03-21 13:10:00,345.46,345.5,345.46,345.5,0.01,19.12,6651.97,1
2024-03-21,2024-03-21 13:11:00,345.5,345.55,345.5,345.55,0.01,19.12,6651.97,1
2024-03-21,2024-03-21 13:12:00,345.55,345.59,345.55,345.59,0.01,19.12,6651.97,1
2024-03-21,2024-03-21 13:13:00,345.59,345.63,345.59,345.63,0.01,19.12,6651.97,1
2024-03-21,2024-03-21 13:14:00,345.63,345.67,345.63,345.67,0.01,19.12,6651.97,1
2024-03-21,2024-03-21 13:15:00,345.67,345.71,345.67,345.71,0.01,19.12,6651.97,1
2024-03-21,2024-03-21 13:16:00,345.71,345.75,345.71,345.75,0.01,19.12,6651.97,1
2024-03-21,2024-03-21 13:17:00,345.75,345.79,345.75,345.79,0.01,19.12,6651.97,1
2024-03-21,2024-03-21 13:18:00,345.79,345.83,345.79,345.83,0.01,19.12,6651.97,1
2024-03-21,2024-03-21 13:19:00,345.83,345.88,345.83,345.88,0.01,19.12,6651.97,1
2024-03-21,2024-03-21 13:20:00,345.88,345.92,345.88,345.92,0.01,19.12,6651.97,1
2024-03-21,2024-03-21 13:21:00,345.92,345.96,345.92,345.96,0.01,19.12,6651.97,1
2024-03-21,2024-03-21 13:22:00,345.96,346.0,345.96,346.0,0.01,19.12,6651.97,1
2024-03-21,2024-03-21 13:23:00,346.0,346.04,346.0,346.04,0.01,19.12,6651.97,1
2024-03-21,2024-03-21 13:24:00,346.04,346.08,346.04,346.08,0.01,19.12,6651.97,1
2024-03-21,2024-03-21 13:25:00,346.08,346.12,346.08,346.12,0.01,19.12,6651.97,1
2024-03-21,2024-03-21 13:26:00,346.12,346.16,346.12,346.16,0.01,19.12,6651.97,1
2024-03-21,2024-03-21 13:27:00,346.16,346.2,346.16,346.2,0.01,19.12,6651.97,1
2024-03-21,2024-03-21 13:28:00,346.2,346.25,346.2,346.25,0.01,19.12,6651.97,1
2024-03-21,2024-03-21 13:29:00,346.25,346.29,346.25,346.29,0.01,19.12,6651.97,1
2024-03-21,2024-03-21 13:30:00,346.29,346.33,346.29,346.33,0.01,19.12,6651.97,1
2024-03-21,2024-03-21 13:31:00,346.33,346.37,346.33,346.37,0.01,19.12,6651.97,1
2024-03-21,2024-03-21 13:32:00,346.37,346.41,346.37,346.41,0.01,19.12,6651.97,1
2024-03-21,2024-03-21 13:33:00,346.41,346.45,346.41,346.45,0.01,19.12,6651.97,1
2024-03-21,2024-03-21 13:34:00,346.45,346.49,346.45,346.49,0.01,19.12,6651.97,1
2024-03-21,2024-03-21 13:35:00,346.49,346.54,346.49,346.54,0.01,19.12,6651.97,1
2024-03-21,2024-03-21 13:36:00,346.54,346.58,346.54,346.58,0.01,19.12,6651.97,1
2024-03-21,2024-03-21 13:37:00,346.58,346.62,346.58,346.62,0.01,19.12,6651.97,1
2024-03-21,2024-03-21 13:38:00,346.62,346.66,346.62,346.66,0.01,19.12,6651.97,1
2024-03-21,2024-03-21 13:39:00,346.66,346.7,346.66,346.7,0.01,19.12,6651.97,1
2024-03-21,2024-03-21 13:40:00,346.7,346.74,346.7,346.74,0.01,19.12,6651.97,1
2024-03-21,2024-03-21 13:41:00,346.74,346.78,346.74,346.78,0.01,19.12,6651.97,1
2024-03-21,2024-03-21 13:42:00,346.78,346.82,346.78,346.82,0.01,19.12,6651.97,1
2024-03-21,2024-03-21 13:43:00,346.82,346.87,346.82,346.87,0.01,19.12,6651.97,1
2024-03-21,2024-03-21 13:44:00,346.87,346.91,346.87,346.91,0.01,19.12,6651.97,1
2024-03-21,2024-03-21 13:45:00,346.91,346.95,346.91,346.95,0.01,19.12,6651.97,1
2024-03-21,2024-03-21 13:46:00,346.95,346.99,346.95,346.99,0.01,19.12,6651.97,1
2024-03-21,2024-03-21 13:47:00,346.99,347.03,346.99,347.03,0.01,19.12,6651.97,1
2024-03-21,2024-03-21 13:48:00,347.03,347.07,347.03,347.07,0.01,19.12,6651.97,1
2024-03-21,2024-03-21 13:49:00,347.07,347.11,347.07,347.11,0.01,19.12,6651.97,1
2024-03-21,2024-03-21 13:50:00,347.11,347.15,347.11,347.15,0.01,19.12,6651.97,1
2024-03-21,2024-03-21 13:51:00,347.15,347.19,347.15,347.19,0.01,19.12,6651.97,1
2024-03-21,2024-03-21 13:52:00,347.19,347.24,347.19,347.24,0.01,19.12,6651.97,1
2024-03-21,2024-03-21 13:53:00,347.24,347.28,347.24,347.28,0.01,19.12,6651.97,1
2024-03-21,2024-03-21 13:54:00,347.28,347.32,347.28,347.32,0.01,19.12,6651.97,1
2024-03-21,2024-03-21 13:55:00,347.32,347.36,347.32,347.36,0.01,19.12,6651.97,1
2024-03-21,2024-03-21 13:56:00,347.36,347.4,347.36,347.4,0.01,19.12,6651.97,1
2024-03-21,2024-03-21 13:57:00,347.4,347.44,347.4,347.44,0.01,19.12,6651.97,1
2024-03-21,2024-03-21 13:58:00,347.44,347.48,347.44,347.48,0.01,19.12,6651.97,1
2024-03-21,2024-03-21 13:59:00,347.48,347.52,347.48,347.52,0.01,19.12,6651.97,1
2024-03-21,2024-03-21 14:00:00,347.52,347.57,347.52,347.57,0.01,19.12,6651.97,1
2024-03-21,2024-03-21 14:01:00,347.57,347.61,347.57,347.61,0.01,19.12,6651.97,1
2024-03-21,2024-03-21 14:02:00,347.61,347.65,347.61,347.65,0.01,19.12,6651.97,1
2024-03-21,2024-03-21 14:03:00,347.65,347.69,347.65,347.69,0.01,19.12,6651.97,1
2024-03-21,2024-03-21 14:04:00,347.69,347.73,347.69,347.73,0.01,19.12,6651.97,1
2024-03-21,2024-03-21 14:05:00,347.73,347.77,347.73,347.77,0.01,19.12,6651.97,1
2024-03-21,2024-03-21 14:06:00,347.77,347.81,347.77,347.81,0.01,19.12,6651.97,1
2024-03-21,2024-03-21 14:07:00,347.81,347.86,347.81,347.86,0.01,19.12,6651.97,1
2024-03-21,2024-03-21 14:08:00,347.86,347.9,347.86,347.9,0.01,19.12,6651.97,1
2024-03-21,2024-03-21 14:09:00,347.9,347.94,347.9,347.94,0.01,19.12,6651.97,1
2024-03-21,2024-03-21 14:10:00,347.94,347.98,347.94,347.98,0.01,19.12,6651.97,1
2024-03-21,2024-03-21 14:11:00,347.98,348.02,347.98,348.02,0.01,19.12,6651.97,1
2024-03-21,2024-03-21 14:12:00,348.02,348.06,348.02,348.06,0.01,19.12,6651.97,1
2024-03-21,2024-03-21 14:13:00,348.06,348.1,348.06,348.1,0.01,19.12,6651.97,1
2024-03-21,2024-03-21 14:14:00,348.1,348.14,348.1,348.14,0.01,19.12,6651.97,1
2024-03-21,2024-03-21 14:15:00,348.14,348.19,348.14,348.19,0.01,19.12,6651.97,1
2024-03-21,2024-03-21 14:16:00,348.19,348.23,348.19,348.23,0.01,19.12,6651.97,1
2024-03-21,2024-03-21 14:17:00,348.23,348.27,348.23,348.27,0.01,19.12,6651.97,1
2024-03-21,2024-03-21 14:18:00,348.27,348.31,348.27,348.31,0.01,19.12,6651.97,1
2024-03-21,2024-03-21 14:19:00,348.31,348.35,348.31,348.35,0.01,19.12,6651.97,1
2024-03-21,2024-03-21 14:20:00,348.35,348.39,348.35,348.39,0.01,19.12,6651.97,1
2024-03-21,2024-03-21 14:21:00,348.39,348.43,348.39,348.43,0.01,19.12,6651.97,1
2024-03-21,2024-03-21 14:22:00,348.43,348.47,348.43,348.47,0.01,19.12,6651.97,1
2024-03-21,2024-03-21 14:23:00,348.47,348.51,348.47,348.51,0.01,19.12,6651.97,1
2024-03-21,2024-03-21 14:24:00,348.51,348.56,348.51,348.56,0.01,19.12,6651.97,1
2024-03-21,2024-03-21 14:25:00,348.56,348.6,348.56,348.6,0.01,19.12,6651.97,1
2024-03-21,2024-03-21 14:26:00,348.6,348.64,348.6,348.64,0.01,19.12,6651.97,1
2024-03-21,2024-03-21 14:27:00,348.64,348.68,348.64,348.68,0.01,19.12,6651.97,1
2024-03-21,2024-03-21 14:28:00,348.68,348.72,348.68,348.72,0.01,19.12,6651.97,1
2024-03-21,2024-03-21 14:29:00,348.72,348.76,348.72,348.76,0.01,19.12,6651.97,1
2024-03-21,2024-03-21 14:30:00,348.76,348.8,348.76,348.8,0.01,19.12,6651.97,1
2024-03-21,2024-03-21 14:31:00,348.8,348.85,348.8,348.85,0.01,19.12,6651.97,1
2024-03-21,2024-03-21 14:32:00,348.85,348.89,348.85,348.89,0.01,19.12,6651.97,1
2024-03-21,2024-03-21 14:33:00,348.89,348.93,348.89,348.93,0.01,19.12,6651.97,1
2024-03-21,2024-03-21 14:34:00,348.93,348.97,348.93,348.97,0.01,19.12,6651.97,1
2024-03-21,2024-03-21 14:35:00,348.97,349.01,348.97,349.01,0.01,19.12,6651.97,1
2024-03-21,2024-03-21 14:36:00,349.01,349.05,349.01,349.05,0.01,19.12,6651.97,1
2024-03-21,2024-03-21 14:37:00,349.05,349.09,349.05,349.09,0.01,19.12,6651.97,1
2024-03-21,2024-03-21 14:38:00,349.09,349.13,349.09,349.13,0.01,19.12,6651.97,1
2024-03-21,2024-03-21 14:39:00,349.13,349.18,349.13,349.18,0.01,19.12,6651.97,1
2024-03-21,2024-03-21 14:40:00,349.18,349.22,349.18,349.22,0.01,19.12,6651.97,1
2024-03-21,2024-03-21 14:41:00,349.22,349.26,349.22,349.26,0.01,19.12,6651.97,1
2024-03-21,2024-03-21 14:42:00,349.26,349.3,349.26,349.3,0.01,19.12,6651.97,1
2024-03-21,2024-03-21 14:43:00,349.3,349.34,349.3,349.34,0.01,19.12,6651.97,1
2024-03-21,2024-03-21 14:44:00,349.34,349.38,349.34,349.38,0.01,19.12,6651.97,1
2024-03-21,2024-03-21 14:45:00,349.38,349.42,349.38,349.42,0.01,19.12,6651.97,1
2024-03-21,2024-03-21 14:46:00,349.42,349.46,349.42,349.46,0.01,19.12,6651.97,1
2024-03-21,2024-03-21 14:47:00,349.46,349.5,349.46,349.5,0.01,19.12,6651.97,1
2024-03-21,2024-03-21 14:48:00,349.5,349.55,349.5,349.55,0.01,19.12,6651.97,1
2024-03-21,2024-03-21 14:49:00,349.55,349.59,349.55,349.59,0.01,19.12,6651.97,1
2024-03-21,2024-03-21 14:50:00,349.59,349.63,349.59,349.63,0.01,19.12,6651.97,1
2024-03-21,2024-03-21 14:51:00,349.63,349.67,349.63,349.67,0.01,19.12,6651.97,1
2024-03-21,2024-03-21 14:52:00,349.67,349.71,349.67,349.71,0.01,19.12,6651.97,1
2024-03-21,2024-03-21 14:53:00,349.71,349.75,349.71,349.75,0.01,19.12,6651.97,1
2024-03-21,2024-03-21 14:54:00,349.75,349.79,349.75,349.79,0.01,19.12,6651.97,1
2024-03-21,2024-03-21 14:55:00,349.79,349.83,349.79,349.83,0.01,19.12,6651.97,1
2024-03-21,2024-03-21 14:56:00,349.83,349.88,349.83,349.88,0.01,19.12,6651.97,1
2024-03-21,2024-03-21 14:57:00,349.88,349.92,349.88,349.92,0.01,19.12,6651.97,1
2024-03-21,2024-03-21 14:58:00,349.92,349.96,349.92,349.96,0.01,19.12,6651.97,1
2024-03-21,2024-03-21 14:59:00,349.96,350.0,349.96,350.0,0.01,19.12,6651.97,1
2024-03-21,2024-03-21 15:00:00,350.0,361.9,340.1,350.0,0.0,19.12,6651.97,0
2024-03-25,2024-03-25 11:00:00,343.0,344.08,341.56,343.01,0.0,16.05,5479.89,1
2024-03-25,2024-03-25 11:01:00,343.01,343.01,343.01,343.01,0.0,16.05,5479.89,0
2024-03-25,2024-03-25 11:02:00,343.01,343.02,343.01,343.02,0.0,16.05,5479.89,1
2024-03-25,2024-03-25 11:03:00,343.02,343.02,343.02,343.02,0.0,16.05,5479.89,0
2024-03-25,2024-03-25 11:04:00,343.02,343.03,343.02,343.03,0.0,16.05,5479.89,1
2024-03-25,2024-03-25 11:05:00,343.03,343.04,343.03,343.04,0.0,16.05,5479.89,1
2024-03-25,2024-03-25 11:06:00,343.04,343.04,343.04,343.04,0.0,16.05,5479.89,0
2024-03-25,2024-03-25 11:07:00,343.04,343.05,343.04,343.05,0.0,16.05,5479.89,1
2024-03-25,2024-03-25 11:08:00,343.05,343.06,343.05,343.06,0.0,16.05,5479.89,1
2024-03-25,2024-03-25 11:09:00,343.06,343.06,343.06,343.06,0.0,16.05,5479.89,0
2024-03-25,2024-03-25 11:10:00,343.06,343.07,343.06,343.07,0.0,16.05,5479.89,1
2024-03-25,2024-03-25 11:11:00,343.07,343.07,343.07,343.07,0.0,16.05,5479.89,0
2024-03-25,2024-03-25 11:12:00,343.07,343.08,343.07,343.08,0.0,16.05,5479.89,1
2024-03-25,2024-03-25 11:13:00,343.08,343.09,343.08,343.09,0.0,16.05,5479.89,1
2024-03-25,2024-03-25 11:14:00,343.09,343.09,343.09,343.09,0.0,16.05,5479.89,0
2024-03-25,2024-03-25 11:15:00,343.09,343.1,343.09,343.1,0.0,16.05,5479.89,1
2024-03-25,2024-03-25 11:16:00,343.1,343.11,343.1,343.11,0.0,16.05,5479.89,1
2024-03-25,2024-03-25 11:17:00,343.11,343.11,343.11,343.11,0.0,16.05,5479.89,0
2024-03-25,2024-03-25 11:18:00,343.11,343.12,343.11,343.12,0.0,16.05,5479.89,1
2024-03-25,2024-03-25 11:19:00,343.12,343.12,343.12,343.12,0.0,16.05,5479.89,0
2024-03-25,2024-03-25 11:20:00,343.12,343.13,343.12,343.13,0.0,16.05,5479.89,1
2024-03-25,2024-03-25 11:21:00,343.13,343.14,343.13,343.14,0.0,16.05,5479.89,1
2024-03-25,2024-03-25 11:22:00,343.14,343.14,343.14,343.14,0.0,16.05,5479.89,0
2024-03-25,2024-03-25 11:23:00,343.14,343.15,343.14,343.15,0.0,16.05,5479.89,1
2024-03-25,2024-03-25 11:24:00,343.15,343.16,343.15,343.16,0.0,16.05,5479.89,1
2024-03-25,2024-03-25 11:25:00,343.16,343.16,343.16,343.16,0.0,16.05,5479.89,0
2024-03-25,2024-03-25 11:26:00,343.16,343.17,343.16,343.17,0.0,16.05,5479.89,1
2024-03-25,2024-03-25 11:27:00,343.17,343.18,343.17,343.18,0.0,16.05,5479.89,1
2024-03-25,2024-03-25 11:28:00,343.18,343.18,343.18,343.18,0.0,16.05,5479.89,0
2024-03-25,2024-03-25 11:29:00,343.18,343.19,343.18,343.19,0.0,16.05,5479.89,1
2024-03-25,2024-03-25 11:30:00,343.19,343.19,343.19,343.19,0.0,16.05,5479.89,0
2024-03-25,2024-03-25 11:31:00,343.19,343.2,343.19,343.2,0.0,16.05,5479.89,1
2024-03-25,2024-03-25 11:32:00,343.2,343.21,343.2,343.21,0.0,16.05,5479.89,1
2024-03-25,2024-03-25 11:33:00,343.21,343.21,343.21,343.21,0.0,16.05,5479.89,0
2024-03-25,2024-03-25 11:34:00,343.21,343.22,343.21,343.22,0.0,16.05,5479.89,1
2024-03-25,2024-03-25 11:35:00,343.22,343.23,343.22,343.23,0.0,16.05,5479.89,1
2024-03-25,2024-03-25 11:36:00,343.23,343.23,343.23,343.23,0.0,16.05,5479.89,0
2024-03-25,2024-03-25 11:37:00,343.23,343.24,343.23,343.24,0.0,16.05,5479.89,1
2024-03-25,2024-03-25 11:38:00,343.24,343.24,343.24,343.24,0.0,16.05,5479.89,0
2024-03-25,2024-03-25 11:39:00,343.24,343.25,343.24,343.25,0.0,16.05,5479.89,1
2024-03-25,2024-03-25 11:40:00,343.25,343.26,343.25,343.26,0.0,16.05,5479.89,1
2024-03-25,2024-03-25 11:41:00,343.26,343.26,343.26,343.26,0.0,16.05,5479.89,0
2024-03-25,2024-03-25 11:42:00,343.26,343.27,343.26,343.27,0.0,16.05,5479.89,1
2024-03-25,2024-03-25 11:43:00,343.27,343.27,343.27,343.27,0.0,16.05,5479.89,0
2024-03-25,2024-03-25 11:44:00,343.27,343.28,343.27,343.28,0.0,16.05,5479.89,1
2024-03-25,2024-03-25 11:45:00,343.28,343.29,343.28,343.29,0.0,16.05,5479.89,1
2024-03-25,2024-03-25 11:46:00,343.29,343.29,343.29,343.29,0.0,16.05,5479.89,0
2024-03-25,2024-03-25 11:47:00,343.29,343.3,343.29,343.3,0.0,16.05,5479.89,1
2024-03-25,2024-03-25 11:48:00,343.3,343.31,343.3,343.31,0.0,16.05,5479.89,1
2024-03-25,2024-03-25 11:49:00,343.31,343.31,343.31,343.31,0.0,16.05,5479.89,0
2024-03-25,2024-03-25 11:50:00,343.31,343.32,343.31,343.32,0.0,16.05,5479.89,1
2024-03-25,2024-03-25 11:51:00,343.32,343.32,343.32,343.32,0.0,16.05,5479.89,0
2024-03-25,2024-03-25 11:52:00,343.32,343.33,343.32,343.33,0.0,16.05,5479.89,1
2024-03-25,2024-03-25 11:53:00,343.33,343.34,343.33,343.34,0.0,16.05,5479.89,1
2024-03-25,2024-03-25 11:54:00,343.34,343.34,343.34,343.34,0.0,16.05,5479.89,0
2024-03-25,2024-03-25 11:55:00,343.34,343.35,343.34,343.35,0.0,16.05,5479.89,1
2024-03-25,2024-03-25 11:56:00,343.35,343.36,343.35,343.36,0.0,16.05,5479.89,1
2024-03-25,2024-03-25 11:57:00,343.36,343.36,343.36,343.36,0.0,16.05,5479.89,0
2024-03-25,2024-03-25 11:58:00,343.36,343.37,343.36,343.37,0.0,16.05,5479.89,1
2024-03-25,2024-03-25 11:59:00,343.37,343.38,343.37,343.38,0.0,16.05,5479.89,1
2024-03-25,2024-03-25 12:00:00,343.38,343.38,343.38,343.38,0.0,16.05,5479.89,0
2024-03-25,2024-03-25 12:01:00,343.38,343.39,343.38,343.39,0.0,16.05,5479.89,1
2024-03-25,2024-03-25 12:02:00,343.39,343.39,343.39,343.39,0.0,16.05,5479.89,0
2024-03-25,2024-03-25 12:03:00,343.39,343.4,343.39,343.4,0.0,16.05,5479.89,1
2024-03-25,2024-03-25 12:04:00,343.4,343.41,343.4,343.41,0.0,16.05,5479.89,1
2024-03-25,2024-03-25 12:05:00,343.41,343.41,343.41,343.41,0.0,16.05,5479.89,0
2024-03-25,2024-03-25 12:06:00,343.41,343.42,343.41,343.42,0.0,16.05,5479.89,1
2024-03-25,2024-03-25 12:07:00,343.42,343.43,343.42,343.43,0.0,16.05,5479.89,1
2024-03-25,2024-03-25 12:08:00,343.43,343.43,343.43,343.43,0.0,16.05,5479.89,0
2024-03-25,2024-03-25 12:09:00,343.43,343.44,343.43,343.44,0.0,16.05,5479.89,1
2024-03-25,2024-03-25 12:10:00,343.44,343.44,343.44,343.44,0.0,16.05,5479.89,0
2024-03-25,2024-03-25 12:11:00,343.44,343.45,343.44,343.45,0.0,16.05,5479.89,1
2024-03-25,2024-03-25 12:12:00,343.45,343.46,343.45,343.46,0.0,16.05,5479.89,1
2024-03-25,2024-03-25 12:13:00,343.46,343.46,343.46,343.46,0.0,16.05,5479.89,0
2024-03-25,2024-03-25 12:14:00,343.46,343.47,343.46,343.47,0.0,16.05,5479.89,1
2024-03-25,2024-03-25 12:15:00,343.47,343.48,343.47,343.48,0.0,16.05,5479.89,1
2024-03-25,2024-03-25 12:16:00,343.48,343.48,343.48,343.48,0.0,16.05,5479.89,0
2024-03-25,2024-03-25 12:17:00,343.48,343.49,343.48,343.49,0.0,16.05,5479.89,1
2024-03-25,2024-03-25 12:18:00,343.49,343.49,343.49,343.49,0.0,16.05,5479.89,0
2024-03-25,2024-03-25 12:19:00,343.49,343.5,343.49,343.5,0.0,16.05,5479.89,1
2024-03-25,2024-03-25 12:20:00,343.5,343.51,343.5,343.51,0.0,16.05,5479.89,1
2024-03-25,2024-03-25 12:21:00,343.51,343.51,343.51,343.51,0.0,16.05,5479.89,0
2024-03-25,2024-03-25 12:22:00,343.51,343.52,343.51,343.52,0.0,16.05,5479.89,1
2024-03-25,2024-03-25 12:23:00,343.52,343.52,343.52,343.52,0.0,16.05,5479.89,0
2024-03-25,2024-03-25 12:24:00,343.52,343.53,343.52,343.53,0.0,16.05,5479.89,1
2024-03-25,2024-03-25 12:25:00,343.53,343.54,343.53,343.54,0.0,16.05,5479.89,1
2024-03-25,2024-03-25 12:26:00,343.54,343.54,343.54,343.54,0.0,16.05,5479.89,0
2024-03-25,2024-03-25 12:27:00,343.54,343.55,343.54,343.55,0.0,16.05,5479.89,1
2024-03-25,2024-03-25 12:28:00,343.55,343.56,343.55,343.56,0.0,16.05,5479.89,1
2024-03-25,2024-03-25 12:29:00,343.56,343.56,343.56,343.56,0.0,16.05,5479.89,0
2024-03-25,2024-03-25 12:30:00,343.56,343.57,343.56,343.57,0.0,16.05,5479.89,1
2024-03-25,2024-03-25 12:31:00,343.57,343.57,343.57,343.57,0.0,16.05,5479.89,0
2024-03-25,2024-03-25 12:32:00,343.57,343.58,343.57,343.58,0.0,16.05,5479.89,1
2024-03-25,2024-03-25 12:33:00,343.58,343.59,343.58,343.59,0.0,16.05,5479.89,1
2024-03-25,2024-03-25 12:34:00,343.59,343.59,343.59,343.59,0.0,16.05,5479.89,0
2024-03-25,2024-03-25 12:35:00,343.59,343.6,343.59,343.6,0.0,16.05,5479.89,1
2024-03-25,2024-03-25 12:36:00,343.6,343.61,343.6,343.61,0.0,16.05,5479.89,1
2024-03-25,2024-03-25 12:37:00,343.61,343.61,343.61,343.61,0.0,16.05,5479.89,0
2024-03-25,2024-03-25 12:38:00,343.61,343.62,343.61,343.62,0.0,16.05,5479.89,1
2024-03-25,2024-03-25 12:39:00,343.62,343.62,343.62,343.62,0.0,16.05,5479.89,0
2024-03-25,2024-03-25 12:40:00,343.62,343.63,343.62,343.63,0.0,16.05,5479.89,1
2024-03-25,2024-03-25 12:41:00,343.63,343.64,343.63,343.64,0.0,16.05,5479.89,1
2024-03-25,2024-03-25 12:42:00,343.64,343.64,343.64,343.64,0.0,16.05,5479.89,0
2024-03-25,2024-03-25 12:43:00,343.64,343.65,343.64,343.65,0.0,16.05,5479.89,1
2024-03-25,2024-03-25 12:44:00,343.65,343.66,343.65,343.66,0.0,16.05,5479.89,1
2024-03-25,2024-03-25 12:45:00,343.66,343.66,343.66,343.66,0.0,16.05,5479.89,0
2024-03-25,2024-03-25 12:46:00,343.66,343.67,343.66,343.67,0.0,16.05,5479.89,1
2024-03-25,2024-03-25 12:47:00,343.67,343.68,343.67,343.68,0.0,16.05,5479.89,1
2024-03-25,2024-03-25 12:48:00,343.68,343.68,343.68,343.68,0.0,16.05,5479.89,0
2024-03-25,2024-03-25 12:49:00,343.68,343.69,343.68,343.69,0.0,16.05,5479.89,1
2024-03-25,2024-03-25 12:50:00,343.69,343.69,343.69,343.69,0.0,16.05,5479.89,0
2024-03-25,2024-03-25 12:51:00,343.69,343.7,343.69,343.7,0.0,16.05,5479.89,1
2024-03-25,2024-03-25 12:52:00,343.7,343.71,343.7,343.71,0.0,16.05,5479.89,1
2024-03-25,2024-03-25 12:53:00,343.71,343.71,343.71,343.71,0.0,16.05,5479.89,0
2024-03-25,2024-03-25 12:54:00,343.71,343.72,343.71,343.72,0.0,16.05,5479.89,1
2024-03-25,2024-03-25 12:55:00,343.72,343.73,343.72,343.73,0.0,16.05,5479.89,1
2024-03-25,2024-03-25 12:56:00,343.73,343.73,343.73,343.73,0.0,16.05,5479.89,0
2024-03-25,2024-03-25 12:57:00,343.73,343.74,343.73,343.74,0.0,16.05,5479.89,1
2024-03-25,2024-03-25 12:58:00,343.74,343.74,343.74,343.74,0.0,16.05,5479.89,0
2024-03-25,2024-03-25 12:59:00,343.74,343.75,343.74,343.75,0.0,16.05,5479.89,1
2024-03-25,2024-03-25 13:00:00,343.75,346.6,338.2,343.76,0.0,16.05,5479.89,1
2024-03-25,2024-03-25 13:01:00,343.76,343.76,343.76,343.76,0.0,16.05,5479.89,0
2024-03-25,2024-03-25 13:02:00,343.76,343.77,343.76,343.77,0.0,16.05,5479.89,1
2024-03-25,2024-03-25 13:03:00,343.77,343.77,343.77,343.77,0.0,16.05,5479.89,0
2024-03-25,2024-03-25 13:04:00,343.77,343.78,343.77,343.78,0.0,16.05,5479.89,1
2024-03-25,2024-03-25 13:05:00,343.78,343.79,343.78,343.79,0.0,16.05,5479.89,1
2024-03-25,2024-03-25 13:06:00,343.79,343.79,343.79,343.79,0.0,16.05,5479.89,0
2024-03-25,2024-03-25 13:07:00,343.79,343.8,343.79,343.8,0.0,16.05,5479.89,1
2024-03-25,2024-03-25 13:08:00,343.8,343.81,343.8,343.81,0.0,16.05,5479.89,1
2024-03-25,2024-03-25 13:09:00,343.81,343.81,343.81,343.81,0.0,16.05,5479.89,0
2024-03-25,2024-03-25 13:10:00,343.81,343.82,343.81,343.82,0.0,16.05,5479.89,1
2024-03-25,2024-03-25 13:11:00,343.82,343.82,343.82,343.82,0.0,16.05,5479.89,0
2024-03-25,2024-03-25 13:12:00,343.82,343.83,343.82,343.83,0.0,16.05,5479.89,1
2024-03-25,2024-03-25 13:13:00,343.83,343.84,343.83,343.84,0.0,16.05,5479.89,1
2024-03-25,2024-03-25 13:14:00,343.84,343.84,343.84,343.84,0.0,16.05,5479.89,0
2024-03-25,2024-03-25 13:15:00,343.84,343.85,343.84,343.85,0.0,16.05,5479.89,1
2024-03-25,2024-03-25 13:16:00,343.85,343.86,343.85,343.86,0.0,16.05,5479.89,1
2024-03-25,2024-03-25 13:17:00,343.86,343.86,343.86,343.86,0.0,16.05,5479.89,0
2024-03-25,2024-03-25 13:18:00,343.86,343.87,343.86,343.87,0.0,16.05,5479.89,1
2024-03-25,2024-03-25 13:19:00,343.87,343.88,343.87,343.88,0.0,16.05,5479.89,1
2024-03-25,2024-03-25 13:20:00,343.88,343.88,343.88,343.88,0.0,16.05,5479.89,0
2024-03-25,2024-03-25 13:21:00,343.88,343.89,343.88,343.89,0.0,16.05,5479.89,1
2024-03-25,2024-03-25 13:22:00,343.89,343.89,343.89,343.89,0.0,16.05,5479.89,0
2024-03-25,2024-03-25 13:23:00,343.89,343.9,343.89,343.9,0.0,16.05,5479.89,1
2024-03-25,2024-03-25 13:24:00,343.9,343.91,343.9,343.91,0.0,16.05,5479.89,1
2024-03-25,2024-03-25 13:25:00,343.91,343.91,343.91,343.91,0.0,16.05,5479.89,0
2024-03-25,2024-03-25 13:26:00,343.91,343.92,343.91,343.92,0.0,16.05,5479.89,1
2024-03-25,2024-03-25 13:27:00,343.92,343.93,343.92,343.93,0.0,16.05,5479.89,1
2024-03-25,2024-03-25 13:28:00,343.93,343.93,343.93,343.93,0.0,16.05,5479.89,0
2024-03-25,2024-03-25 13:29:00,343.93,343.94,343.93,343.94,0.0,16.05,5479.89,1
2024-03-25,2024-03-25 13:30:00,343.94,343.94,343.94,343.94,0.0,16.05,5479.89,0
2024-03-25,2024-03-25 13:31:00,343.94,343.95,343.94,343.95,0.0,16.05,5479.89,1
2024-03-25,2024-03-25 13:32:00,343.95,343.96,343.95,343.96,0.0,16.05,5479.89,1
2024-03-25,2024-03-25 13:33:00,343.96,343.96,343.96,343.96,0.0,16.05,5479.89,0
2024-03-25,2024-03-25 13:34:00,343.96,343.97,343.96,343.97,0.0,16.05,5479.89,1
2024-03-25,2024-03-25 13:35:00,343.97,343.98,343.97,343.98,0.0,16.05,5479.89,1
2024-03-25,2024-03-25 13:36:00,343.98,343.98,343.98,343.98,0.0,16.05,5479.89,0
2024-03-25,2024-03-25 13:37:00,343.98,343.99,343.98,343.99,0.0,16.05,5479.89,1
2024-03-25,2024-03-25 13:38:00,343.99,343.99,343.99,343.99,0.0,16.05,5479.89,0
2024-03-25,2024-03-25 13:39:00,343.99,344.0,343.99,344.0,0.0,16.05,5479.89,1
2024-03-25,2024-03-25 13:40:00,344.0,344.01,344.0,344.01,0.0,16.05,5479.89,1
2024-03-25,2024-03-25 13:41:00,344.01,344.01,344.01,344.01,0.0,16.05,5479.89,0
2024-03-25,2024-03-25 13:42:00,344.01,344.02,344.01,344.02,0.0,16.05,5479.89,1
2024-03-25,2024-03-25 13:43:00,344.02,344.02,344.02,344.02,0.0,16.05,5479.89,0
2024-03-25,2024-03-25 13:44:00,344.02,344.03,344.02,344.03,0.0,16.05,5479.89,1
2024-03-25,2024-03-25 13:45:00,344.03,344.04,344.03,344.04,0.0,16.05,5479.89,1
2024-03-25,2024-03-25 13:46:00,344.04,344.04,344.04,344.04,0.0,16.05,5479.89,0
2024-03-25,2024-03-25 13:47:00,344.04,344.05,344.04,344.05,0.0,16.05,5479.89,1
2024-03-25,2024-03-25 13:48:00,344.05,344.06,344.05,344.06,0.0,16.05,5479.89,1
2024-03-25,2024-03-25 13:49:00,344.06,344.06,344.06,344.06,0.0,16.05,5479.89,0
2024-03-25,2024-03-25 13:50:00,344.06,344.07,344.06,344.07,0.0,16.05,5479.89,1
2024-03-25,2024-03-25 13:51:00,344.07,344.07,344.07,344.07,0.0,16.05,5479.89,0
2024-03-25,2024-03-25 13:52:00,344.07,344.08,344.07,344.08,0.0,16.05,5479.89,1
2024-03-25,2024-03-25 13:53:00,344.08,344.09,344.08,344.09,0.0,16.05,5479.89,1
2024-03-25,2024-03-25 13:54:00,344.09,344.09,344.09,344.09,0.0,16.05,5479.89,0
2024-03-25,2024-03-25 13:55:00,344.09,344.1,344.09,344.1,0.0,16.05,5479.89,1
2024-03-25,2024-03-25 13:56:00,344.1,344.11,344.1,344.11,0.0,16.05,5479.89,1
2024-03-25,2024-03-25 13:57:00,344.11,344.11,344.11,344.11,0.0,16.05,5479.89,0
2024-03-25,2024-03-25 13:58:00,344.11,344.12,344.11,344.12,0.0,16.05,5479.89,1
2024-03-25,2024-03-25 13:59:00,344.12,344.12,344.12,344.12,0.0,16.05,5479.89,0
2024-03-25,2024-03-25 14:00:00,344.12,344.13,344.12,344.13,0.0,16.05,5479.89,1
2024-03-25,2024-03-25 14:01:00,344.13,344.14,344.13,344.14,0.0,16.05,5479.89,1
2024-03-25,2024-03-25 14:02:00,344.14,344.14,344.14,344.14,0.0,16.05,5479.89,0
2024-03-25,2024-03-25 14:03:00,344.14,344.15,344.14,344.15,0.0,16.05,5479.89,1
2024-03-25,2024-03-25 14:04:00,344.15,344.16,344.15,344.16,0.0,16.05,5479.89,1
2024-03-25,2024-03-25 14:05:00,344.16,344.16,344.16,344.16,0.0,16.05,5479.89,0
2024-03-25,2024-03-25 14:06:00,344.16,344.17,344.16,344.17,0.0,16.05,5479.89,1
2024-03-25,2024-03-25 14:07:00,344.17,344.18,344.17,344.18,0.0,16.05,5479.89,1
2024-03-25,2024-03-25 14:08:00,344.18,344.18,344.18,344.18,0.0,16.05,5479.89,0
2024-03-25,2024-03-25 14:09:00,344.18,344.19,344.18,344.19,0.0,16.05,5479.89,1
2024-03-25,2024-03-25 14:10:00,344.19,344.19,344.19,344.19,0.0,16.05,5479.89,0
2024-03-25,2024-03-25 14:11:00,344.19,344.2,344.19,344.2,0.0,16.05,5479.89,1
2024-03-25,2024-03-25 14:12:00,344.2,344.21,344.2,344.21,0.0,16.05,5479.89,1
2024-03-25,2024-03-25 14:13:00,344.21,344.21,344.21,344.21,0.0,16.05,5479.89,0
2024-03-25,2024-03-25 14:14:00,344.21,344.22,344.21,344.22,0.0,16.05,5479.89,1
2024-03-25,2024-03-25 14:15:00,344.22,344.23,344.22,344.23,0.0,16.05,5479.89,1
2024-03-25,2024-03-25 14:16:00,344.23,344.23,344.23,344.23,0.0,16.05,5479.89,0
2024-03-25,2024-03-25 14:17:00,344.23,344.24,344.23,344.24,0.0,16.05,5479.89,1
2024-03-25,2024-03-25 14:18:00,344.24,344.24,344.24,344.24,0.0,16.05,5479.89,0
2024-03-25,2024-03-25 14:19:00,344.24,344.25,344.24,344.25,0.0,16.05,5479.89,1
2024-03-25,2024-03-25 14:20:00,344.25,344.26,344.25,344.26,0.0,16.05,5479.89,1
2024-03-25,2024-03-25 14:21:00,344.26,344.26,344.26,344.26,0.0,16.05,5479.89,0
2024-03-25,2024-03-25 14:22:00,344.26,344.27,344.26,344.27,0.0,16.05,5479.89,1
2024-03-25,2024-03-25 14:23:00,344.27,344.27,344.27,344.27,0.0,16.05,5479.89,0
2024-03-25,2024-03-25 14:24:00,344.27,344.28,344.27,344.28,0.0,16.05,5479.89,1
2024-03-25,2024-03-25 14:25:00,344.28,344.29,344.28,344.29,0.0,16.05,5479.89,1
2024-03-25,2024-03-25 14:26:00,344.29,344.29,344.29,344.29,0.0,16.05,5479.89,0
2024-03-25,2024-03-25 14:27:00,344.29,344.3,344.29,344.3,0.0,16.05,5479.89,1
2024-03-25,2024-03-25 14:28:00,344.3,344.31,344.3,344.31,0.0,16.05,5479.89,1
2024-03-25,2024-03-25 14:29:00,344.31,344.31,344.31,344.31,0.0,16.05,5479.89,0
2024-03-25,2024-03-25 14:30:00,344.31,344.32,344.31,344.32,0.0,16.05,5479.89,1
2024-03-25,2024-03-25 14:31:00,344.32,344.32,344.32,344.32,0.0,16.05,5479.89,0
2024-03-25,2024-03-25 14:32:00,344.32,344.33,344.32,344.33,0.0,16.05,5479.89,1
2024-03-25,2024-03-25 14:33:00,344.33,344.34,344.33,344.34,0.0,16.05,5479.89,1
2024-03-25,2024-03-25 14:34:00,344.34,344.34,344.34,344.34,0.0,16.05,5479.89,0
2024-03-25,2024-03-25 14:35:00,344.34,344.35,344.34,344.35,0.0,16.05,5479.89,1
2024-03-25,2024-03-25 14:36:00,344.35,344.36,344.35,344.36,0.0,16.05,5479.89,1
2024-03-25,2024-03-25 14:37:00,344.36,344.36,344.36,344.36,0.0,16.05,5479.89,0
2024-03-25,2024-03-25 14:38:00,344.36,344.37,344.36,344.37,0.0,16.05,5479.89,1
2024-03-25,2024-03-25 14:39:00,344.37,344.38,344.37,344.38,0.0,16.05,5479.89,1
2024-03-25,2024-03-25 14:40:00,344.38,344.38,344.38,344.38,0.0,16.05,5479.89,0
2024-03-25,2024-03-25 14:41:00,344.38,344.39,344.38,344.39,0.0,16.05,5479.89,1
2024-03-25,2024-03-25 14:42:00,344.39,344.39,344.39,344.39,0.0,16.05,5479.89,0
2024-03-25,2024-03-25 14:43:00,344.39,344.4,344.39,344.4,0.0,16.05,5479.89,1
2024-03-25,2024-03-25 14:44:00,344.4,344.41,344.4,344.41,0.0,16.05,5479.89,1
2024-03-25,2024-03-25 14:45:00,344.41,344.41,344.41,344.41,0.0,16.05,5479.89,0
2024-03-25,2024-03-25 14:46:00,344.41,344.42,344.41,344.42,0.0,16.05,5479.89,1
2024-03-25,2024-03-25 14:47:00,344.42,344.43,344.42,344.43,0.0,16.05,5479.89,1
2024-03-25,2024-03-25 14:48:00,344.43,344.43,344.43,344.43,0.0,16.05,5479.89,0
2024-03-25,2024-03-25 14:49:00,344.43,344.44,344.43,344.44,0.0,16.05,5479.89,1
2024-03-25,2024-03-25 14:50:00,344.44,344.44,344.44,344.44,0.0,16.05,5479.89,0
2024-03-25,2024-03-25 14:51:00,344.44,344.45,344.44,344.45,0.0,16.05,5479.89,1
2024-03-25,2024-03-25 14:52:00,344.45,344.46,344.45,344.46,0.0,16.05,5479.89,1
2024-03-25,2024-03-25 14:53:00,344.46,344.46,344.46,344.46,0.0,16.05,5479.89,0
2024-03-25,2024-03-25 14:54:00,344.46,344.47,344.46,344.47,0.0,16.05,5479.89,1
2024-03-25,2024-03-25 14:55:00,344.47,344.48,344.47,344.48,0.0,16.05,5479.89,1
2024-03-25,2024-03-25 14:56:00,344.48,344.48,344.48,344.48,0.0,16.05,5479.89,0
2024-03-25,2024-03-25 14:57:00,344.48,344.49,344.48,344.49,0.0,16.05,5479.89,1
2024-03-25,2024-03-25 14:58:00,344.49,344.49,344.49,344.49,0.0,16.05,5479.89,0
2024-03-25,2024-03-25 14:59:00,344.49,344.5,344.49,344.5,0.0,16.05,5479.89,1
2024-03-25,2024-03-25 15:00:00,344.5,346.6,338.2,344.5,0.0,16.05,5479.89,0
2024-03-26,2024-03-26 11:00:00,344.0,348.95,342.2,344.03,0.01,65.57,23118.67,1
2024-03-26,2024-03-26 11:01:00,344.03,344.05,344.03,344.05,0.01,65.57,23118.67,1
2024-03-26,2024-03-26 11:02:00,344.05,344.08,344.05,344.08,0.01,65.57,23118.67,1
2024-03-26,2024-03-26 11:03:00,344.08,344.11,344.08,344.11,0.01,65.57,23118.67,1
2024-03-26,2024-03-26 11:04:00,344.11,344.14,344.11,344.14,0.01,65.57,23118.67,1
2024-03-26,2024-03-26 11:05:00,344.14,344.16,344.14,344.16,0.01,65.57,23118.67,1
2024-03-26,2024-03-26 11:06:00,344.16,344.19,344.16,344.19,0.01,65.57,23118.67,1
2024-03-26,2024-03-26 11:07:00,344.19,344.22,344.19,344.22,0.01,65.57,23118.67,1
2024-03-26,2024-03-26 11:08:00,344.22,344.24,344.22,344.24,0.01,65.57,23118.67,1
2024-03-26,2024-03-26 11:09:00,344.24,344.27,344.24,344.27,0.01,65.57,23118.67,1
2024-03-26,2024-03-26 11:10:00,344.27,344.3,344.27,344.3,0.01,65.57,23118.67,1
2024-03-26,2024-03-26 11:11:00,344.3,344.32,344.3,344.32,0.01,65.57,23118.67,1
2024-03-26,2024-03-26 11:12:00,344.32,344.35,344.32,344.35,0.01,65.57,23118.67,1
2024-03-26,2024-03-26 11:13:00,344.35,344.38,344.35,344.38,0.01,65.57,23118.67,1
2024-03-26,2024-03-26 11:14:00,344.38,344.41,344.38,344.41,0.01,65.57,23118.67,1
2024-03-26,2024-03-26 11:15:00,344.41,344.43,344.41,344.43,0.01,65.57,23118.67,1
2024-03-26,2024-03-26 11:16:00,344.43,344.46,344.43,344.46,0.01,65.57,23118.67,1
2024-03-26,2024-03-26 11:17:00,344.46,344.49,344.46,344.49,0.01,65.57,23118.67,1
2024-03-26,2024-03-26 11:18:00,344.49,344.51,344.49,344.51,0.01,65.57,23118.67,1
2024-03-26,2024-03-26 11:19:00,344.51,344.54,344.51,344.54,0.01,65.57,23118.67,1
2024-03-26,2024-03-26 11:20:00,344.54,344.57,344.54,344.57,0.01,65.57,23118.67,1
2024-03-26,2024-03-26 11:21:00,344.57,344.6,344.57,344.6,0.01,65.57,23118.67,1
2024-03-26,2024-03-26 11:22:00,344.6,344.62,344.6,344.62,0.01,65.57,23118.67,1
2024-03-26,2024-03-26 11:23:00,344.62,344.65,344.62,344.65,0.01,65.57,23118.67,1
2024-03-26,2024-03-26 11:24:00,344.65,344.68,344.65,344.68,0.01,65.57,23118.67,1
2024-03-26,2024-03-26 11:25:00,344.68,344.7,344.68,344.7,0.01,65.57,23118.67,1
2024-03-26,2024-03-26 11:26:00,344.7,344.73,344.7,344.73,0.01,65.57,23118.67,1
2024-03-26,2024-03-26 11:27:00,344.73,344.76,344.73,344.76,0.01,65.57,23118.67,1
2024-03-26,2024-03-26 11:28:00,344.76,344.79,344.76,344.79,0.01,65.57,23118.67,1
2024-03-26,2024-03-26 11:29:00,344.79,344.81,344.79,344.81,0.01,65.57,23118.67,1
2024-03-26,2024-03-26 11:30:00,344.81,344.84,344.81,344.84,0.01,65.57,23118.67,1
2024-03-26,2024-03-26 11:31:00,344.84,344.87,344.84,344.87,0.01,65.57,23118.67,1
2024-03-26,2024-03-26 11:32:00,344.87,344.89,344.87,344.89,0.01,65.57,23118.67,1
2024-03-26,2024-03-26 11:33:00,344.89,344.92,344.89,344.92,0.01,65.57,23118.67,1
2024-03-26,2024-03-26 11:34:00,344.92,344.95,344.92,344.95,0.01,65.57,23118.67,1
2024-03-26,2024-03-26 11:35:00,344.95,344.98,344.95,344.98,0.01,65.57,23118.67,1
2024-03-26,2024-03-26 11:36:00,344.98,345.0,344.98,345.0,0.01,65.57,23118.67,1
2024-03-26,2024-03-26 11:37:00,345.0,345.03,345.0,345.03,0.01,65.57,23118.67,1
2024-03-26,2024-03-26 11:38:00,345.03,345.06,345.03,345.06,0.01,65.57,23118.67,1
2024-03-26,2024-03-26 11:39:00,345.06,345.08,345.06,345.08,0.01,65.57,23118.67,1
2024-03-26,2024-03-26 11:40:00,345.08,345.11,345.08,345.11,0.01,65.57,23118.67,1
2024-03-26,2024-03-26 11:41:00,345.11,345.14,345.11,345.14,0.01,65.57,23118.67,1
2024-03-26,2024-03-26 11:42:00,345.14,345.16,345.14,345.16,0.01,65.57,23118.67,1
2024-03-26,2024-03-26 11:43:00,345.16,345.19,345.16,345.19,0.01,65.57,23118.67,1
2024-03-26,2024-03-26 11:44:00,345.19,345.22,345.19,345.22,0.01,65.57,23118.67,1
2024-03-26,2024-03-26 11:45:00,345.22,345.25,345.22,345.25,0.01,65.57,23118.67,1
2024-03-26,2024-03-26 11:46:00,345.25,345.27,345.25,345.27,0.01,65.57,23118.67,1
2024-03-26,2024-03-26 11:47:00,345.27,345.3,345.27,345.3,0.01,65.57,23118.67,1
2024-03-26,2024-03-26 11:48:00,345.3,345.33,345.3,345.33,0.01,65.57,23118.67,1
2024-03-26,2024-03-26 11:49:00,345.33,345.35,345.33,345.35,0.01,65.57,23118.67,1
2024-03-26,2024-03-26 11:50:00,345.35,345.38,345.35,345.38,0.01,65.57,23118.67,1
2024-03-26,2024-03-26 11:51:00,345.38,345.41,345.38,345.41,0.01,65.57,23118.67,1
2024-03-26,2024-03-26 11:52:00,345.41,345.44,345.41,345.44,0.01,65.57,23118.67,1
2024-03-26,2024-03-26 11:53:00,345.44,345.46,345.44,345.46,0.01,65.57,23118.67,1
2024-03-26,2024-03-26 11:54:00,345.46,345.49,345.46,345.49,0.01,65.57,23118.67,1
2024-03-26,2024-03-26 11:55:00,345.49,345.52,345.49,345.52,0.01,65.57,23118.67,1
2024-03-26,2024-03-26 11:56:00,345.52,345.54,345.52,345.54,0.01,65.57,23118.67,1
2024-03-26,2024-03-26 11:57:00,345.54,345.57,345.54,345.57,0.01,65.57,23118.67,1
2024-03-26,2024-03-26 11:58:00,345.57,345.6,345.57,345.6,0.01,65.57,23118.67,1
2024-03-26,2024-03-26 11:59:00,345.6,345.62,345.6,345.62,0.01,65.57,23118.67,1
2024-03-26,2024-03-26 12:00:00,345.62,345.65,345.62,345.65,0.01,65.57,23118.67,1
2024-03-26,2024-03-26 12:01:00,345.65,345.68,345.65,345.68,0.01,65.57,23118.67,1
2024-03-26,2024-03-26 12:02:00,345.68,345.71,345.68,345.71,0.01,65.57,23118.67,1
2024-03-26,2024-03-26 12:03:00,345.71,345.73,345.71,345.73,0.01,65.57,23118.67,1
2024-03-26,2024-03-26 12:04:00,345.73,345.76,345.73,345.76,0.01,65.57,23118.67,1
2024-03-26,2024-03-26 12:05:00,345.76,345.79,345.76,345.79,0.01,65.57,23118.67,1
2024-03-26,2024-03-26 12:06:00,345.79,345.81,345.79,345.81,0.01,65.57,23118.67,1
2024-03-26,2024-03-26 12:07:00,345.81,345.84,345.81,345.84,0.01,65.57,23118.67,1
2024-03-26,2024-03-26 12:08:00,345.84,345.87,345.84,345.87,0.01,65.57,23118.67,1
2024-03-26,2024-03-26 12:09:00,345.87,345.9,345.87,345.9,0.01,65.57,23118.67,1
2024-03-26,2024-03-26 12:10:00,345.9,345.92,345.9,345.92,0.01,65.57,23118.67,1
2024-03-26,2024-03-26 12:11:00,345.92,345.95,345.92,345.95,0.01,65.57,23118.67,1
2024-03-26,2024-03-26 12:12:00,345.95,345.98,345.95,345.98,0.01,65.57,23118.67,1
2024-03-26,2024-03-26 12:13:00,345.98,346.0,345.98,346.0,0.01,65.57,23118.67,1
2024-03-26,2024-03-26 12:14:00,346.0,346.03,346.0,346.03,0.01,65.57,23118.67,1
2024-03-26,2024-03-26 12:15:00,346.03,346.06,346.03,346.06,0.01,65.57,23118.67,1
2024-03-26,2024-03-26 12:16:00,346.06,346.09,346.06,346.09,0.01,65.57,23118.67,1
2024-03-26,2024-03-26 12:17:00,346.09,346.11,346.09,346.11,0.01,65.57,23118.67,1
2024-03-26,2024-03-26 12:18:00,346.11,346.14,346.11,346.14,0.01,65.57,23118.67,1
2024-03-26,2024-03-26 12:19:00,346.14,346.17,346.14,346.17,0.01,65.57,23118.67,1
2024-03-26,2024-03-26 12:20:00,346.17,346.19,346.17,346.19,0.01,65.57,23118.67,1
2024-03-26,2024-03-26 12:21:00,346.19,346.22,346.19,346.22,0.01,65.57,23118.67,1
2024-03-26,2024-03-26 12:22:00,346.22,346.25,346.22,346.25,0.01,65.57,23118.67,1
2024-03-26,2024-03-26 12:23:00,346.25,346.27,346.25,346.27,0.01,65.57,23118.67,1
2024-03-26,2024-03-26 12:24:00,346.27,346.3,346.27,346.3,0.01,65.57,23118.67,1
2024-03-26,2024-03-26 12:25:00,346.3,346.33,346.3,346.33,0.01,65.57,23118.67,1
2024-03-26,2024-03-26 12:26:00,346.33,346.36,346.33,346.36,0.01,65.57,23118.67,1
2024-03-26,2024-03-26 12:27:00,346.36,346.38,346.36,346.38,0.01,65.57,23118.67,1
2024-03-26,2024-03-26 12:28:00,346.38,346.41,346.38,346.41,0.01,65.57,23118.67,1
2024-03-26,2024-03-26 12:29:00,346.41,346.44,346.41,346.44,0.01,65.57,23118.67,1
2024-03-26,2024-03-26 12:30:00,346.44,346.46,346.44,346.46,0.01,65.57,23118.67,1
2024-03-26,2024-03-26 12:31:00,346.46,346.49,346.46,346.49,0.01,65.57,23118.67,1
2024-03-26,2024-03-26 12:32:00,346.49,346.52,346.49,346.52,0.01,65.57,23118.67,1
2024-03-26,2024-03-26 12:33:00,346.52,346.55,346.52,346.55,0.01,65.57,23118.67,1
2024-03-26,2024-03-26 12:34:00,346.55,346.57,346.55,346.57,0.01,65.57,23118.67,1
2024-03-26,2024-03-26 12:35:00,346.57,346.6,346.57,346.6,0.01,65.57,23118.67,1
2024-03-26,2024-03-26 12:36:00,346.6,346.63,346.6,346.63,0.01,65.57,23118.67,1
2024-03-26,2024-03-26 12:37:00,346.63,346.65,346.63,346.65,0.01,65.57,23118.67,1
2024-03-26,2024-03-26 12:38:00,346.65,346.68,346.65,346.68,0.01,65.57,23118.67,1
2024-03-26,2024-03-26 12:39:00,346.68,346.71,346.68,346.71,0.01,65.57,23118.67,1
2024-03-26,2024-03-26 12:40:00,346.71,346.74,346.71,346.74,0.01,65.57,23118.67,1
2024-03-26,2024-03-26 12:41:00,346.74,346.76,346.74,346.76,0.01,65.57,23118.67,1
2024-03-26,2024-03-26 12:42:00,346.76,346.79,346.76,346.79,0.01,65.57,23118.67,1
2024-03-26,2024-03-26 12:43:00,346.79,346.82,346.79,346.82,0.01,65.57,23118.67,1
2024-03-26,2024-03-26 12:44:00,346.82,346.84,346.82,346.84,0.01,65.57,23118.67,1
2024-03-26,2024-03-26 12:45:00,346.84,346.87,346.84,346.87,0.01,65.57,23118.67,1
2024-03-26,2024-03-26 12:46:00,346.87,346.9,346.87,346.9,0.01,65.57,23118.67,1
2024-03-26,2024-03-26 12:47:00,346.9,346.93,346.9,346.93,0.01,65.57,23118.67,1
2024-03-26,2024-03-26 12:48:00,346.93,346.95,346.93,346.95,0.01,65.57,23118.67,1
2024-03-26,2024-03-26 12:49:00,346.95,346.98,346.95,346.98,0.01,65.57,23118.67,1
2024-03-26,2024-03-26 12:50:00,346.98,347.01,346.98,347.01,0.01,65.57,23118.67,1
2024-03-26,2024-03-26 12:51:00,347.01,347.03,347.01,347.03,0.01,65.57,23118.67,1
2024-03-26,2024-03-26 12:52:00,347.03,347.06,347.03,347.06,0.01,65.57,23118.67,1
2024-03-26,2024-03-26 12:53:00,347.06,347.09,347.06,347.09,0.01,65.57,23118.67,1
2024-03-26,2024-03-26 12:54:00,347.09,347.11,347.09,347.11,0.01,65.57,23118.67,1
2024-03-26,2024-03-26 12:55:00,347.11,347.14,347.11,347.14,0.01,65.57,23118.67,1
2024-03-26,2024-03-26 12:56:00,347.14,347.17,347.14,347.17,0.01,65.57,23118.67,1
2024-03-26,2024-03-26 12:57:00,347.17,347.2,347.17,347.2,0.01,65.57,23118.67,1
2024-03-26,2024-03-26 12:58:00,347.2,347.22,347.2,347.22,0.01,65.57,23118.67,1
2024-03-26,2024-03-26 12:59:00,347.22,347.25,347.22,347.25,0.01,65.57,23118.67,1
2024-03-26,2024-03-26 13:00:00,347.25,360.5,338.0,347.28,0.01,65.57,23118.67,1
2024-03-26,2024-03-26 13:01:00,347.28,347.3,347.28,347.3,0.01,65.57,23118.67,1
2024-03-26,2024-03-26 13:02:00,347.3,347.33,347.3,347.33,0.01,65.57,23118.67,1
2024-03-26,2024-03-26 13:03:00,347.33,347.36,347.33,347.36,0.01,65.57,23118.67,1
2024-03-26,2024-03-26 13:04:00,347.36,347.39,347.36,347.39,0.01,65.57,23118.67,1
2024-03-26,2024-03-26 13:05:00,347.39,347.41,347.39,347.41,0.01,65.57,23118.67,1
2024-03-26,2024-03-26 13:06:00,347.41,347.44,347.41,347.44,0.01,65.57,23118.67,1
2024-03-26,2024-03-26 13:07:00,347.44,347.47,347.44,347.47,0.01,65.57,23118.67,1
2024-03-26,2024-03-26 13:08:00,347.47,347.49,347.47,347.49,0.01,65.57,23118.67,1
2024-03-26,2024-03-26 13:09:00,347.49,347.52,347.49,347.52,0.01,65.57,23118.67,1
2024-03-26,2024-03-26 13:10:00,347.52,347.55,347.52,347.55,0.01,65.57,23118.67,1
2024-03-26,2024-03-26 13:11:00,347.55,347.57,347.55,347.57,0.01,65.57,23118.67,1
2024-03-26,2024-03-26 13:12:00,347.57,347.6,347.57,347.6,0.01,65.57,23118.67,1
2024-03-26,2024-03-26 13:13:00,347.6,347.63,347.6,347.63,0.01,65.57,23118.67,1
2024-03-26,2024-03-26 13:14:00,347.63,347.66,347.63,347.66,0.01,65.57,23118.67,1
2024-03-26,2024-03-26 13:15:00,347.66,347.68,347.66,347.68,0.01,65.57,23118.67,1
2024-03-26,2024-03-26 13:16:00,347.68,347.71,347.68,347.71,0.01,65.57,23118.67,1
2024-03-26,2024-03-26 13:17:00,347.71,347.74,347.71,347.74,0.01,65.57,23118.67,1
2024-03-26,2024-03-26 13:18:00,347.74,347.76,347.74,347.76,0.01,65.57,23118.67,1
2024-03-26,2024-03-26 13:19:00,347.76,347.79,347.76,347.79,0.01,65.57,23118.67,1
2024-03-26,2024-03-26 13:20:00,347.79,347.82,347.79,347.82,0.01,65.57,23118.67,1
2024-03-26,2024-03-26 13:21:00,347.82,347.85,347.82,347.85,0.01,65.57,23118.67,1
2024-03-26,2024-03-26 13:22:00,347.85,347.87,347.85,347.87,0.01,65.57,23118.67,1
2024-03-26,2024-03-26 13:23:00,347.87,347.9,347.87,347.9,0.01,65.57,23118.67,1
2024-03-26,2024-03-26 13:24:00,347.9,347.93,347.9,347.93,0.01,65.57,23118.67,1
2024-03-26,2024-03-26 13:25:00,347.93,347.95,347.93,347.95,0.01,65.57,23118.67,1
2024-03-26,2024-03-26 13:26:00,347.95,347.98,347.95,347.98,0.01,65.57,23118.67,1
2024-03-26,2024-03-26 13:27:00,347.98,348.01,347.98,348.01,0.01,65.57,23118.67,1
2024-03-26,2024-03-26 13:28:00,348.01,348.04,348.01,348.04,0.01,65.57,23118.67,1
2024-03-26,2024-03-26 13:29:00,348.04,348.06,348.04,348.06,0.01,65.57,23118.67,1
2024-03-26,2024-03-26 13:30:00,348.06,348.09,348.06,348.09,0.01,65.57,23118.67,1
2024-03-26,2024-03-26 13:31:00,348.09,348.12,348.09,348.12,0.01,65.57,23118.67,1
2024-03-26,2024-03-26 13:32:00,348.12,348.14,348.12,348.14,0.01,65.57,23118.67,1
2024-03-26,2024-03-26 13:33:00,348.14,348.17,348.14,348.17,0.01,65.57,23118.67,1
2024-03-26,2024-03-26 13:34:00,348.17,348.2,348.17,348.2,0.01,65.57,23118.67,1
2024-03-26,2024-03-26 13:35:00,348.2,348.23,348.2,348.23,0.01,65.57,23118.67,1
2024-03-26,2024-03-26 13:36:00,348.23,348.25,348.23,348.25,0.01,65.57,23118.67,1
2024-03-26,2024-03-26 13:37:00,348.25,348.28,348.25,348.28,0.01,65.57,23118.67,1
2024-03-26,2024-03-26 13:38:00,348.28,348.31,348.28,348.31,0.01,65.57,23118.67,1
2024-03-26,2024-03-26 13:39:00,348.31,348.33,348.31,348.33,0.01,65.57,23118.67,1
2024-03-26,2024-03-26 13:40:00,348.33,348.36,348.33,348.36,0.01,65.57,23118.67,1
2024-03-26,2024-03-26 13:41:00,348.36,348.39,348.36,348.39,0.01,65.57,23118.67,1
2024-03-26,2024-03-26 13:42:00,348.39,348.41,348.39,348.41,0.01,65.57,23118.67,1
2024-03-26,2024-03-26 13:43:00,348.41,348.44,348.41,348.44,0.01,65.57,23118.67,1
2024-03-26,2024-03-26 13:44:00,348.44,348.47,348.44,348.47,0.01,65.57,23118.67,1
2024-03-26,2024-03-26 13:45:00,348.47,348.5,348.47,348.5,0.01,65.57,23118.67,1
2024-03-26,2024-03-26 13:46:00,348.5,348.52,348.5,348.52,0.01,65.57,23118.67,1
2024-03-26,2024-03-26 13:47:00,348.52,348.55,348.52,348.55,0.01,65.57,23118.67,1
2024-03-26,2024-03-26 13:48:00,348.55,348.58,348.55,348.58,0.01,65.57,23118.67,1
2024-03-26,2024-03-26 13:49:00,348.58,348.6,348.58,348.6,0.01,65.57,23118.67,1
2024-03-26,2024-03-26 13:50:00,348.6,348.63,348.6,348.63,0.01,65.57,23118.67,1
2024-03-26,2024-03-26 13:51:00,348.63,348.66,348.63,348.66,0.01,65.57,23118.67,1
2024-03-26,2024-03-26 13:52:00,348.66,348.69,348.66,348.69,0.01,65.57,23118.67,1
2024-03-26,2024-03-26 13:53:00,348.69,348.71,348.69,348.71,0.01,65.57,23118.67,1
2024-03-26,2024-03-26 13:54:00,348.71,348.74,348.71,348.74,0.01,65.57,23118.67,1
2024-03-26,2024-03-26 13:55:00,348.74,348.77,348.74,348.77,0.01,65.57,23118.67,1
2024-03-26,2024-03-26 13:56:00,348.77,348.79,348.77,348.79,0.01,65.57,23118.67,1
2024-03-26,2024-03-26 13:57:00,348.79,348.82,348.79,348.82,0.01,65.57,23118.67,1
2024-03-26,2024-03-26 13:58:00,348.82,348.85,348.82,348.85,0.01,65.57,23118.67,1
2024-03-26,2024-03-26 13:59:00,348.85,348.88,348.85,348.88,0.01,65.57,23118.67,1
2024-03-26,2024-03-26 14:00:00,348.88,348.9,348.88,348.9,0.01,65.57,23118.67,1
2024-03-26,2024-03-26 14:01:00,348.9,348.93,348.9,348.93,0.01,65.57,23118.67,1
2024-03-26,2024-03-26 14:02:00,348.93,348.96,348.93,348.96,0.01,65.57,23118.67,1
2024-03-26,2024-03-26 14:03:00,348.96,348.98,348.96,348.98,0.01,65.57,23118.67,1
2024-03-26,2024-03-26 14:04:00,348.98,349.01,348.98,349.01,0.01,65.57,23118.67,1
2024-03-26,2024-03-26 14:05:00,349.01,349.04,349.01,349.04,0.01,65.57,23118.67,1
2024-03-26,2024-03-26 14:06:00,349.04,349.06,349.04,349.06,0.01,65.57,23118.67,1
2024-03-26,2024-03-26 14:07:00,349.06,349.09,349.06,349.09,0.01,65.57,23118.67,1
2024-03-26,2024-03-26 14:08:00,349.09,349.12,349.09,349.12,0.01,65.57,23118.67,1
2024-03-26,2024-03-26 14:09:00,349.12,349.15,349.12,349.15,0.01,65.57,23118.67,1
2024-03-26,2024-03-26 14:10:00,349.15,349.17,349.15,349.17,0.01,65.57,23118.67,1
2024-03-26,2024-03-26 14:11:00,349.17,349.2,349.17,349.2,0.01,65.57,23118.67,1
2024-03-26,2024-03-26 14:12:00,349.2,349.23,349.2,349.23,0.01,65.57,23118.67,1
2024-03-26,2024-03-26 14:13:00,349.23,349.25,349.23,349.25,0.01,65.57,23118.67,1
2024-03-26,2024-03-26 14:14:00,349.25,349.28,349.25,349.28,0.01,65.57,23118.67,1
2024-03-26,2024-03-26 14:15:00,349.28,349.31,349.28,349.31,0.01,65.57,23118.67,1
2024-03-26,2024-03-26 14:16:00,349.31,349.34,349.31,349.34,0.01,65.57,23118.67,1
2024-03-26,2024-03-26 14:17:00,349.34,349.36,349.34,349.36,0.01,65.57,23118.67,1
2024-03-26,2024-03-26 14:18:00,349.36,349.39,349.36,349.39,0.01,65.57,23118.67,1
2024-03-26,2024-03-26 14:19:00,349.39,349.42,349.39,349.42,0.01,65.57,23118.67,1
2024-03-26,2024-03-26 14:20:00,349.42,349.44,349.42,349.44,0.01,65.57,23118.67,1
2024-03-26,2024-03-26 14:21:00,349.44,349.47,349.44,349.47,0.01,65.57,23118.67,1
2024-03-26,2024-03-26 14:22:00,349.47,349.5,349.47,349.5,0.01,65.57,23118.67,1
2024-03-26,2024-03-26 14:23:00,349.5,349.52,349.5,349.52,0.01,65.57,23118.67,1
2024-03-26,2024-03-26 14:24:00,349.52,349.55,349.52,349.55,0.01,65.57,23118.67,1
2024-03-26,2024-03-26 14:25:00,349.55,349.58,349.55,349.58,0.01,65.57,23118.67,1
2024-03-26,2024-03-26 14:26:00,349.58,349.61,349.58,349.61,0.01,65.57,23118.67,1
2024-03-26,2024-03-26 14:27:00,349.61,349.63,349.61,349.63,0.01,65.57,23118.67,1
2024-03-26,2024-03-26 14:28:00,349.63,349.66,349.63,349.66,0.01,65.57,23118.67,1
2024-03-26,2024-03-26 14:29:00,349.66,349.69,349.66,349.69,0.01,65.57,23118.67,1
2024-03-26,2024-03-26 14:30:00,349.69,349.71,349.69,349.71,0.01,65.57,23118.67,1
2024-03-26,2024-03-26 14:31:00,349.71,349.74,349.71,349.74,0.01,65.57,23118.67,1
2024-03-26,2024-03-26 14:32:00,349.74,349.77,349.74,349.77,0.01,65.57,23118.67,1
2024-03-26,2024-03-26 14:33:00,349.77,349.8,349.77,349.8,0.01,65.57,23118.67,1
2024-03-26,2024-03-26 14:34:00,349.8,349.82,349.8,349.82,0.01,65.57,23118.67,1
2024-03-26,2024-03-26 14:35:00,349.82,349.85,349.82,349.85,0.01,65.57,23118.67,1
2024-03-26,2024-03-26 14:36:00,349.85,349.88,349.85,349.88,0.01,65.57,23118.67,1
2024-03-26,2024-03-26 14:37:00,349.88,349.9,349.88,349.9,0.01,65.57,23118.67,1
2024-03-26,2024-03-26 14:38:00,349.9,349.93,349.9,349.93,0.01,65.57,23118.67,1
2024-03-26,2024-03-26 14:39:00,349.93,349.96,349.93,349.96,0.01,65.57,23118.67,1
2024-03-26,2024-03-26 14:40:00,349.96,349.99,349.96,349.99,0.01,65.57,23118.67,1
2024-03-26,2024-03-26 14:41:00,349.99,350.01,349.99,350.01,0.01,65.57,23118.67,1
2024-03-26,2024-03-26 14:42:00,350.01,350.04,350.01,350.04,0.01,65.57,23118.67,1
2024-03-26,2024-03-26 14:43:00,350.04,350.07,350.04,350.07,0.01,65.57,23118.67,1
2024-03-26,2024-03-26 14:44:00,350.07,350.09,350.07,350.09,0.01,65.57,23118.67,1
2024-03-26,2024-03-26 14:45:00,350.09,350.12,350.09,350.12,0.01,65.57,23118.67,1
2024-03-26,2024-03-26 14:46:00,350.12,350.15,350.12,350.15,0.01,65.57,23118.67,1
2024-03-26,2024-03-26 14:47:00,350.15,350.18,350.15,350.18,0.01,65.57,23118.67,1
2024-03-26,2024-03-26 14:48:00,350.18,350.2,350.18,350.2,0.01,65.57,23118.67,1
2024-03-26,2024-03-26 14:49:00,350.2,350.23,350.2,350.23,0.01,65.57,23118.67,1
2024-03-26,2024-03-26 14:50:00,350.23,350.26,350.23,350.26,0.01,65.57,23118.67,1
2024-03-26,2024-03-26 14:51:00,350.26,350.28,350.26,350.28,0.01,65.57,23118.67,1
2024-03-26,2024-03-26 14:52:00,350.28,350.31,350.28,350.31,0.01,65.57,23118.67,1
2024-03-26,2024-03-26 14:53:00,350.31,350.34,350.31,350.34,0.01,65.57,23118.67,1
2024-03-26,2024-03-26 14:54:00,350.34,350.36,350.34,350.36,0.01,65.57,23118.67,1
2024-03-26,2024-03-26 14:55:00,350.36,350.39,350.36,350.39,0.01,65.57,23118.67,1
2024-03-26,2024-03-26 14:56:00,350.39,350.42,350.39,350.42,0.01,65.57,23118.67,1
2024-03-26,2024-03-26 14:57:00,350.42,350.45,350.42,350.45,0.01,65.57,23118.67,1
2024-03-26,2024-03-26 14:58:00,350.45,350.47,350.45,350.47,0.01,65.57,23118.67,1
2024-03-26,2024-03-26 14:59:00,350.47,350.5,350.47,350.5,0.01,65.57,23118.67,1
2024-03-26,2024-03-26 15:00:00,350.5,360.5,338.0,350.5,0.0,65.57,23118.67,0
2024-03-27,2024-03-27 11:00:00,351.0,353.7,350.67,351.02,0.01,40.99,14542.76,1
2024-03-27,2024-03-27 11:01:00,351.02,351.03,351.02,351.03,0.0,40.99,14542.76,1
2024-03-27,2024-03-27 11:02:00,351.03,351.05,351.03,351.05,0.01,40.99,14542.76,1
2024-03-27,2024-03-27 11:03:00,351.05,351.07,351.05,351.07,0.01,40.99,14542.76,1
2024-03-27,2024-03-27 11:04:00,351.07,351.08,351.07,351.08,0.0,40.99,14542.76,1
2024-03-27,2024-03-27 11:05:00,351.08,351.1,351.08,351.1,0.01,40.99,14542.76,1
2024-03-27,2024-03-27 11:06:00,351.1,351.12,351.1,351.12,0.01,40.99,14542.76,1
2024-03-27,2024-03-27 11:07:00,351.12,351.13,351.12,351.13,0.0,40.99,14542.76,1
2024-03-27,2024-03-27 11:08:00,351.13,351.15,351.13,351.15,0.01,40.99,14542.76,1
2024-03-27,2024-03-27 11:09:00,351.15,351.17,351.15,351.17,0.01,40.99,14542.76,1
2024-03-27,2024-03-27 11:10:00,351.17,351.18,351.17,351.18,0.0,40.99,14542.76,1
2024-03-27,2024-03-27 11:11:00,351.18,351.2,351.18,351.2,0.01,40.99,14542.76,1
2024-03-27,2024-03-27 11:12:00,351.2,351.22,351.2,351.22,0.01,40.99,14542.76,1
2024-03-27,2024-03-27 11:13:00,351.22,351.23,351.22,351.23,0.0,40.99,14542.76,1
2024-03-27,2024-03-27 11:14:00,351.23,351.25,351.23,351.25,0.01,40.99,14542.76,1
2024-03-27,2024-03-27 11:15:00,351.25,351.27,351.25,351.27,0.01,40.99,14542.76,1
2024-03-27,2024-03-27 11:16:00,351.27,351.28,351.27,351.28,0.0,40.99,14542.76,1
2024-03-27,2024-03-27 11:17:00,351.28,351.3,351.28,351.3,0.01,40.99,14542.76,1
2024-03-27,2024-03-27 11:18:00,351.3,351.32,351.3,351.32,0.01,40.99,14542.76,1
2024-03-27,2024-03-27 11:19:00,351.32,351.33,351.32,351.33,0.0,40.99,14542.76,1
2024-03-27,2024-03-27 11:20:00,351.33,351.35,351.33,351.35,0.01,40.99,14542.76,1
2024-03-27,2024-03-27 11:21:00,351.35,351.37,351.35,351.37,0.01,40.99,14542.76,1
2024-03-27,2024-03-27 11:22:00,351.37,351.38,351.37,351.38,0.0,40.99,14542.76,1
2024-03-27,2024-03-27 11:23:00,351.38,351.4,351.38,351.4,0.01,40.99,14542.76,1
2024-03-27,2024-03-27 11:24:00,351.4,351.42,351.4,351.42,0.01,40.99,14542.76,1
2024-03-27,2024-03-27 11:25:00,351.42,351.43,351.42,351.43,0.0,40.99,14542.76,1
2024-03-27,2024-03-27 11:26:00,351.43,351.45,351.43,351.45,0.01,40.99,14542.76,1
2024-03-27,2024-03-27 11:27:00,351.45,351.47,351.45,351.47,0.01,40.99,14542.76,1
2024-03-27,2024-03-27 11:28:00,351.47,351.48,351.47,351.48,0.0,40.99,14542.76,1
2024-03-27,2024-03-27 11:29:00,351.48,351.5,351.48,351.5,0.01,40.99,14542.76,1
2024-03-27,2024-03-27 11:30:00,351.5,351.52,351.5,351.52,0.01,40.99,14542.76,1
2024-03-27,2024-03-27 11:31:00,351.52,351.53,351.52,351.53,0.0,40.99,14542.76,1
2024-03-27,2024-03-27 11:32:00,351.53,351.55,351.53,351.55,0.01,40.99,14542.76,1
2024-03-27,2024-03-27 11:33:00,351.55,351.57,351.55,351.57,0.01,40.99,14542.76,1
2024-03-27,2024-03-27 11:34:00,351.57,351.58,351.57,351.58,0.0,40.99,14542.76,1
2024-03-27,2024-03-27 11:35:00,351.58,351.6,351.58,351.6,0.01,40.99,14542.76,1
2024-03-27,2024-03-27 11:36:00,351.6,351.62,351.6,351.62,0.01,40.99,14542.76,1
2024-03-27,2024-03-27 11:37:00,351.62,351.63,351.62,351.63,0.0,40.99,14542.76,1
2024-03-27,2024-03-27 11:38:00,351.63,351.65,351.63,351.65,0.01,40.99,14542.76,1
2024-03-27,2024-03-27 11:39:00,351.65,351.67,351.65,351.67,0.01,40.99,14542.76,1
2024-03-27,2024-03-27 11:40:00,351.67,351.68,351.67,351.68,0.0,40.99,14542.76,1
2024-03-27,2024-03-27 11:41:00,351.68,351.7,351.68,351.7,0.01,40.99,14542.76,1
2024-03-27,2024-03-27 11:42:00,351.7,351.72,351.7,351.72,0.01,40.99,14542.76,1
2024-03-27,2024-03-27 11:43:00,351.72,351.73,351.72,351.73,0.0,40.99,14542.76,1
2024-03-27,2024-03-27 11:44:00,351.73,351.75,351.73,351.75,0.01,40.99,14542.76,1
2024-03-27,2024-03-27 11:45:00,351.75,351.77,351.75,351.77,0.01,40.99,14542.76,1
2024-03-27,2024-03-27 11:46:00,351.77,351.78,351.77,351.78,0.0,40.99,14542.76,1
2024-03-27,2024-03-27 11:47:00,351.78,351.8,351.78,351.8,0.01,40.99,14542.76,1
2024-03-27,2024-03-27 11:48:00,351.8,351.82,351.8,351.82,0.01,40.99,14542.76,1
2024-03-27,2024-03-27 11:49:00,351.82,351.83,351.82,351.83,0.0,40.99,14542.76,1
2024-03-27,2024-03-27 11:50:00,351.83,351.85,351.83,351.85,0.01,40.99,14542.76,1
2024-03-27,2024-03-27 11:51:00,351.85,351.87,351.85,351.87,0.01,40.99,14542.76,1
2024-03-27,2024-03-27 11:52:00,351.87,351.88,351.87,351.88,0.0,40.99,14542.76,1
2024-03-27,2024-03-27 11:53:00,351.88,351.9,351.88,351.9,0.01,40.99,14542.76,1
2024-03-27,2024-03-27 11:54:00,351.9,351.92,351.9,351.92,0.01,40.99,14542.76,1
2024-03-27,2024-03-27 11:55:00,351.92,351.93,351.92,351.93,0.0,40.99,14542.76,1
2024-03-27,2024-03-27 11:56:00,351.93,351.95,351.93,351.95,0.01,40.99,14542.76,1
2024-03-27,2024-03-27 11:57:00,351.95,351.97,351.95,351.97,0.01,40.99,14542.76,1
2024-03-27,2024-03-27 11:58:00,351.97,351.98,351.97,351.98,0.0,40.99,14542.76,1
2024-03-27,2024-03-27 11:59:00,351.98,352.0,351.98,352.0,0.01,40.99,14542.76,1
2024-03-27,2024-03-27 12:00:00,352.0,352.02,352.0,352.02,0.01,40.99,14542.76,1
2024-03-27,2024-03-27 12:01:00,352.02,352.03,352.02,352.03,0.0,40.99,14542.76,1
2024-03-27,2024-03-27 12:02:00,352.03,352.05,352.03,352.05,0.01,40.99,14542.76,1
2024-03-27,2024-03-27 12:03:00,352.05,352.07,352.05,352.07,0.01,40.99,14542.76,1
2024-03-27,2024-03-27 12:04:00,352.07,352.08,352.07,352.08,0.0,40.99,14542.76,1
2024-03-27,2024-03-27 12:05:00,352.08,352.1,352.08,352.1,0.01,40.99,14542.76,1
2024-03-27,2024-03-27 12:06:00,352.1,352.12,352.1,352.12,0.01,40.99,14542.76,1
2024-03-27,2024-03-27 12:07:00,352.12,352.13,352.12,352.13,0.0,40.99,14542.76,1
2024-03-27,2024-03-27 12:08:00,352.13,352.15,352.13,352.15,0.01,40.99,14542.76,1
2024-03-27,2024-03-27 12:09:00,352.15,352.17,352.15,352.17,0.01,40.99,14542.76,1
2024-03-27,2024-03-27 12:10:00,352.17,352.18,352.17,352.18,0.0,40.99,14542.76,1
2024-03-27,2024-03-27 12:11:00,352.18,352.2,352.18,352.2,0.01,40.99,14542.76,1
2024-03-27,2024-03-27 12:12:00,352.2,352.22,352.2,352.22,0.01,40.99,14542.76,1
2024-03-27,2024-03-27 12:13:00,352.22,352.23,352.22,352.23,0.0,40.99,14542.76,1
2024-03-27,2024-03-27 12:14:00,352.23,352.25,352.23,352.25,0.01,40.99,14542.76,1
2024-03-27,2024-03-27 12:15:00,352.25,352.27,352.25,352.27,0.01,40.99,14542.76,1
2024-03-27,2024-03-27 12:16:00,352.27,352.28,352.27,352.28,0.0,40.99,14542.76,1
2024-03-27,2024-03-27 12:17:00,352.28,352.3,352.28,352.3,0.01,40.99,14542.76,1
2024-03-27,2024-03-27 12:18:00,352.3,352.32,352.3,352.32,0.01,40.99,14542.76,1
2024-03-27,2024-03-27 12:19:00,352.32,352.33,352.32,352.33,0.0,40.99,14542.76,1
2024-03-27,2024-03-27 12:20:00,352.33,352.35,352.33,352.35,0.01,40.99,14542.76,1
2024-03-27,2024-03-27 12:21:00,352.35,352.37,352.35,352.37,0.01,40.99,14542.76,1
2024-03-27,2024-03-27 12:22:00,352.37,352.38,352.37,352.38,0.0,40.99,14542.76,1
2024-03-27,2024-03-27 12:23:00,352.38,352.4,352.38,352.4,0.01,40.99,14542.76,1
2024-03-27,2024-03-27 12:24:00,352.4,352.42,352.4,352.42,0.01,40.99,14542.76,1
2024-03-27,2024-03-27 12:25:00,352.42,352.43,352.42,352.43,0.0,40.99,14542.76,1
2024-03-27,2024-03-27 12:26:00,352.43,352.45,352.43,352.45,0.01,40.99,14542.76,1
2024-03-27,2024-03-27 12:27:00,352.45,352.47,352.45,352.47,0.01,40.99,14542.76,1
2024-03-27,2024-03-27 12:28:00,352.47,352.48,352.47,352.48,0.0,40.99,14542.76,1
2024-03-27,2024-03-27 12:29:00,352.48,352.5,352.48,352.5,0.01,40.99,14542.76,1
2024-03-27,2024-03-27 12:30:00,352.5,352.52,352.5,352.52,0.01,40.99,14542.76,1
2024-03-27,2024-03-27 12:31:00,352.52,352.53,352.52,352.53,0.0,40.99,14542.76,1
2024-03-27,2024-03-27 12:32:00,352.53,352.55,352.53,352.55,0.01,40.99,14542.76,1
2024-03-27,2024-03-27 12:33:00,352.55,352.57,352.55,352.57,0.01,40.99,14542.76,1
2024-03-27,2024-03-27 12:34:00,352.57,352.58,352.57,352.58,0.0,40.99,14542.76,1
2024-03-27,2024-03-27 12:35:00,352.58,352.6,352.58,352.6,0.01,40.99,14542.76,1
2024-03-27,2024-03-27 12:36:00,352.6,352.62,352.6,352.62,0.01,40.99,14542.76,1
2024-03-27,2024-03-27 12:37:00,352.62,352.63,352.62,352.63,0.0,40.99,14542.76,1
2024-03-27,2024-03-27 12:38:00,352.63,352.65,352.63,352.65,0.01,40.99,14542.76,1
2024-03-27,2024-03-27 12:39:00,352.65,352.67,352.65,352.67,0.01,40.99,14542.76,1
2024-03-27,2024-03-27 12:40:00,352.67,352.68,352.67,352.68,0.0,40.99,14542.76,1
2024-03-27,2024-03-27 12:41:00,352.68,352.7,352.68,352.7,0.01,40.99,14542.76,1
2024-03-27,2024-03-27 12:42:00,352.7,352.72,352.7,352.72,0.01,40.99,14542.76,1
2024-03-27,2024-03-27 12:43:00,352.72,352.73,352.72,352.73,0.0,40.99,14542.76,1
2024-03-27,2024-03-27 12:44:00,352.73,352.75,352.73,352.75,0.01,40.99,14542.76,1
2024-03-27,2024-03-27 12:45:00,352.75,352.77,352.75,352.77,0.01,40.99,14542.76,1
2024-03-27,2024-03-27 12:46:00,352.77,352.78,352.77,352.78,0.0,40.99,14542.76,1
2024-03-27,2024-03-27 12:47:00,352.78,352.8,352.78,352.8,0.01,40.99,14542.76,1
2024-03-27,2024-03-27 12:48:00,352.8,352.82,352.8,352.82,0.01,40.99,14542.76,1
2024-03-27,2024-03-27 12:49:00,352.82,352.83,352.82,352.83,0.0,40.99,14542.76,1
2024-03-27,2024-03-27 12:50:00,352.83,352.85,352.83,352.85,0.01,40.99,14542.76,1
2024-03-27,2024-03-27 12:51:00,352.85,352.87,352.85,352.87,0.01,40.99,14542.76,1
2024-03-27,2024-03-27 12:52:00,352.87,352.88,352.87,352.88,0.0,40.99,14542.76,1
2024-03-27,2024-03-27 12:53:00,352.88,352.9,352.88,352.9,0.01,40.99,14542.76,1
2024-03-27,2024-03-27 12:54:00,352.9,352.92,352.9,352.92,0.01,40.99,14542.76,1
2024-03-27,2024-03-27 12:55:00,352.92,352.93,352.92,352.93,0.0,40.99,14542.76,1
2024-03-27,2024-03-27 12:56:00,352.93,352.95,352.93,352.95,0.01,40.99,14542.76,1
2024-03-27,2024-03-27 12:57:00,352.95,352.97,352.95,352.97,0.01,40.99,14542.76,1
2024-03-27,2024-03-27 12:58:00,352.97,352.98,352.97,352.98,0.0,40.99,14542.76,1
2024-03-27,2024-03-27 12:59:00,352.98,353.0,352.98,353.0,0.01,40.99,14542.76,1
2024-03-27,2024-03-27 13:00:00,353.0,360.0,349.9,353.02,0.01,40.99,14542.76,1
2024-03-27,2024-03-27 13:01:00,353.02,353.03,353.02,353.03,0.0,40.99,14542.76,1
2024-03-27,2024-03-27 13:02:00,353.03,353.05,353.03,353.05,0.01,40.99,14542.76,1
2024-03-27,2024-03-27 13:03:00,353.05,353.07,353.05,353.07,0.01,40.99,14542.76,1
2024-03-27,2024-03-27 13:04:00,353.07,353.08,353.07,353.08,0.0,40.99,14542.76,1
2024-03-27,2024-03-27 13:05:00,353.08,353.1,353.08,353.1,0.01,40.99,14542.76,1
2024-03-27,2024-03-27 13:06:00,353.1,353.12,353.1,353.12,0.01,40.99,14542.76,1
2024-03-27,2024-03-27 13:07:00,353.12,353.13,353.12,353.13,0.0,40.99,14542.76,1
2024-03-27,2024-03-27 13:08:00,353.13,353.15,353.13,353.15,0.01,40.99,14542.76,1
2024-03-27,2024-03-27 13:09:00,353.15,353.17,353.15,353.17,0.01,40.99,14542.76,1
2024-03-27,2024-03-27 13:10:00,353.17,353.18,353.17,353.18,0.0,40.99,14542.76,1
2024-03-27,2024-03-27 13:11:00,353.18,353.2,353.18,353.2,0.01,40.99,14542.76,1
2024-03-27,2024-03-27 13:12:00,353.2,353.22,353.2,353.22,0.01,40.99,14542.76,1
2024-03-27,2024-03-27 13:13:00,353.22,353.23,353.22,353.23,0.0,40.99,14542.76,1
2024-03-27,2024-03-27 13:14:00,353.23,353.25,353.23,353.25,0.01,40.99,14542.76,1
2024-03-27,2024-03-27 13:15:00,353.25,353.27,353.25,353.27,0.01,40.99,14542.76,1
2024-03-27,2024-03-27 13:16:00,353.27,353.28,353.27,353.28,0.0,40.99,14542.76,1
2024-03-27,2024-03-27 13:17:00,353.28,353.3,353.28,353.3,0.01,40.99,14542.76,1
2024-03-27,2024-03-27 13:18:00,353.3,353.32,353.3,353.32,0.01,40.99,14542.76,1
2024-03-27,2024-03-27 13:19:00,353.32,353.33,353.32,353.33,0.0,40.99,14542.76,1
2024-03-27,2024-03-27 13:20:00,353.33,353.35,353.33,353.35,0.01,40.99,14542.76,1
2024-03-27,2024-03-27 13:21:00,353.35,353.37,353.35,353.37,0.01,40.99,14542.76,1
2024-03-27,2024-03-27 13:22:00,353.37,353.38,353.37,353.38,0.0,40.99,14542.76,1
2024-03-27,2024-03-27 13:23:00,353.38,353.4,353.38,353.4,0.01,40.99,14542.76,1
2024-03-27,2024-03-27 13:24:00,353.4,353.42,353.4,353.42,0.01,40.99,14542.76,1
2024-03-27,2024-03-27 13:25:00,353.42,353.43,353.42,353.43,0.0,40.99,14542.76,1
2024-03-27,2024-03-27 13:26:00,353.43,353.45,353.43,353.45,0.01,40.99,14542.76,1
2024-03-27,2024-03-27 13:27:00,353.45,353.47,353.45,353.47,0.01,40.99,14542.76,1
2024-03-27,2024-03-27 13:28:00,353.47,353.48,353.47,353.48,0.0,40.99,14542.76,1
2024-03-27,2024-03-27 13:29:00,353.48,353.5,353.48,353.5,0.01,40.99,14542.76,1
2024-03-27,2024-03-27 13:30:00,353.5,353.52,353.5,353.52,0.01,40.99,14542.76,1
2024-03-27,2024-03-27 13:31:00,353.52,353.53,353.52,353.53,0.0,40.99,14542.76,1
2024-03-27,2024-03-27 13:32:00,353.53,353.55,353.53,353.55,0.01,40.99,14542.76,1
2024-03-27,2024-03-27 13:33:00,353.55,353.57,353.55,353.57,0.01,40.99,14542.76,1
2024-03-27,2024-03-27 13:34:00,353.57,353.58,353.57,353.58,0.0,40.99,14542.76,1
2024-03-27,2024-03-27 13:35:00,353.58,353.6,353.58,353.6,0.01,40.99,14542.76,1
2024-03-27,2024-03-27 13:36:00,353.6,353.62,353.6,353.62,0.01,40.99,14542.76,1
2024-03-27,2024-03-27 13:37:00,353.62,353.63,353.62,353.63,0.0,40.99,14542.76,1
2024-03-27,2024-03-27 13:38:00,353.63,353.65,353.63,353.65,0.01,40.99,14542.76,1
2024-03-27,2024-03-27 13:39:00,353.65,353.67,353.65,353.67,0.01,40.99,14542.76,1
2024-03-27,2024-03-27 13:40:00,353.67,353.68,353.67,353.68,0.0,40.99,14542.76,1
2024-03-27,2024-03-27 13:41:00,353.68,353.7,353.68,353.7,0.01,40.99,14542.76,1
2024-03-27,2024-03-27 13:42:00,353.7,353.72,353.7,353.72,0.01,40.99,14542.76,1
2024-03-27,2024-03-27 13:43:00,353.72,353.73,353.72,353.73,0.0,40.99,14542.76,1
2024-03-27,2024-03-27 13:44:00,353.73,353.75,353.73,353.75,0.01,40.99,14542.76,1
2024-03-27,2024-03-27 13:45:00,353.75,353.77,353.75,353.77,0.01,40.99,14542.76,1
2024-03-27,2024-03-27 13:46:00,353.77,353.78,353.77,353.78,0.0,40.99,14542.76,1
2024-03-27,2024-03-27 13:47:00,353.78,353.8,353.78,353.8,0.01,40.99,14542.76,1
2024-03-27,2024-03-27 13:48:00,353.8,353.82,353.8,353.82,0.01,40.99,14542.76,1
2024-03-27,2024-03-27 13:49:00,353.82,353.83,353.82,353.83,0.0,40.99,14542.76,1
2024-03-27,2024-03-27 13:50:00,353.83,353.85,353.83,353.85,0.01,40.99,14542.76,1
2024-03-27,2024-03-27 13:51:00,353.85,353.87,353.85,353.87,0.01,40.99,14542.76,1
2024-03-27,2024-03-27 13:52:00,353.87,353.88,353.87,353.88,0.0,40.99,14542.76,1
2024-03-27,2024-03-27 13:53:00,353.88,353.9,353.88,353.9,0.01,40.99,14542.76,1
2024-03-27,2024-03-27 13:54:00,353.9,353.92,353.9,353.92,0.01,40.99,14542.76,1
2024-03-27,2024-03-27 13:55:00,353.92,353.93,353.92,353.93,0.0,40.99,14542.76,1
2024-03-27,2024-03-27 13:56:00,353.93,353.95,353.93,353.95,0.01,40.99,14542.76,1
2024-03-27,2024-03-27 13:57:00,353.95,353.97,353.95,353.97,0.01,40.99,14542.76,1
2024-03-27,2024-03-27 13:58:00,353.97,353.98,353.97,353.98,0.0,40.99,14542.76,1
2024-03-27,2024-03-27 13:59:00,353.98,354.0,353.98,354.0,0.01,40.99,14542.76,1
2024-03-27,2024-03-27 14:00:00,354.0,354.02,354.0,354.02,0.01,40.99,14542.76,1
2024-03-27,2024-03-27 14:01:00,354.02,354.03,354.02,354.03,0.0,40.99,14542.76,1
2024-03-27,2024-03-27 14:02:00,354.03,354.05,354.03,354.05,0.01,40.99,14542.76,1
2024-03-27,2024-03-27 14:03:00,354.05,354.07,354.05,354.07,0.01,40.99,14542.76,1
2024-03-27,2024-03-27 14:04:00,354.07,354.08,354.07,354.08,0.0,40.99,14542.76,1
2024-03-27,2024-03-27 14:05:00,354.08,354.1,354.08,354.1,0.01,40.99,14542.76,1
2024-03-27,2024-03-27 14:06:00,354.1,354.12,354.1,354.12,0.01,40.99,14542.76,1
2024-03-27,2024-03-27 14:07:00,354.12,354.13,354.12,354.13,0.0,40.99,14542.76,1
2024-03-27,2024-03-27 14:08:00,354.13,354.15,354.13,354.15,0.01,40.99,14542.76,1
2024-03-27,2024-03-27 14:09:00,354.15,354.17,354.15,354.17,0.01,40.99,14542.76,1
2024-03-27,2024-03-27 14:10:00,354.17,354.18,354.17,354.18,0.0,40.99,14542.76,1
2024-03-27,2024-03-27 14:11:00,354.18,354.2,354.18,354.2,0.01,40.99,14542.76,1
2024-03-27,2024-03-27 14:12:00,354.2,354.22,354.2,354.22,0.01,40.99,14542.76,1
2024-03-27,2024-03-27 14:13:00,354.22,354.23,354.22,354.23,0.0,40.99,14542.76,1
2024-03-27,2024-03-27 14:14:00,354.23,354.25,354.23,354.25,0.01,40.99,14542.76,1
2024-03-27,2024-03-27 14:15:00,354.25,354.27,354.25,354.27,0.01,40.99,14542.76,1
2024-03-27,2024-03-27 14:16:00,354.27,354.28,354.27,354.28,0.0,40.99,14542.76,1
2024-03-27,2024-03-27 14:17:00,354.28,354.3,354.28,354.3,0.01,40.99,14542.76,1
2024-03-27,2024-03-27 14:18:00,354.3,354.32,354.3,354.32,0.01,40.99,14542.76,1
2024-03-27,2024-03-27 14:19:00,354.32,354.33,354.32,354.33,0.0,40.99,14542.76,1
2024-03-27,2024-03-27 14:20:00,354.33,354.35,354.33,354.35,0.01,40.99,14542.76,1
2024-03-27,2024-03-27 14:21:00,354.35,354.37,354.35,354.37,0.01,40.99,14542.76,1
2024-03-27,2024-03-27 14:22:00,354.37,354.38,354.37,354.38,0.0,40.99,14542.76,1
2024-03-27,2024-03-27 14:23:00,354.38,354.4,354.38,354.4,0.01,40.99,14542.76,1
2024-03-27,2024-03-27 14:24:00,354.4,354.42,354.4,354.42,0.01,40.99,14542.76,1
2024-03-27,2024-03-27 14:25:00,354.42,354.43,354.42,354.43,0.0,40.99,14542.76,1
2024-03-27,2024-03-27 14:26:00,354.43,354.45,354.43,354.45,0.01,40.99,14542.76,1
2024-03-27,2024-03-27 14:27:00,354.45,354.47,354.45,354.47,0.01,40.99,14542.76,1
2024-03-27,2024-03-27 14:28:00,354.47,354.48,354.47,354.48,0.0,40.99,14542.76,1
2024-03-27,2024-03-27 14:29:00,354.48,354.5,354.48,354.5,0.01,40.99,14542.76,1
2024-03-27,2024-03-27 14:30:00,354.5,354.52,354.5,354.52,0.01,40.99,14542.76,1
2024-03-27,2024-03-27 14:31:00,354.52,354.53,354.52,354.53,0.0,40.99,14542.76,1
2024-03-27,2024-03-27 14:32:00,354.53,354.55,354.53,354.55,0.01,40.99,14542.76,1
2024-03-27,2024-03-27 14:33:00,354.55,354.57,354.55,354.57,0.01,40.99,14542.76,1
2024-03-27,2024-03-27 14:34:00,354.57,354.58,354.57,354.58,0.0,40.99,14542.76,1
2024-03-27,2024-03-27 14:35:00,354.58,354.6,354.58,354.6,0.01,40.99,14542.76,1
2024-03-27,2024-03-27 14:36:00,354.6,354.62,354.6,354.62,0.01,40.99,14542.76,1
2024-03-27,2024-03-27 14:37:00,354.62,354.63,354.62,354.63,0.0,40.99,14542.76,1
2024-03-27,2024-03-27 14:38:00,354.63,354.65,354.63,354.65,0.01,40.99,14542.76,1
2024-03-27,2024-03-27 14:39:00,354.65,354.67,354.65,354.67,0.01,40.99,14542.76,1
2024-03-27,2024-03-27 14:40:00,354.67,354.68,354.67,354.68,0.0,40.99,14542.76,1
2024-03-27,2024-03-27 14:41:00,354.68,354.7,354.68,354.7,0.01,40.99,14542.76,1
2024-03-27,2024-03-27 14:42:00,354.7,354.72,354.7,354.72,0.01,40.99,14542.76,1
2024-03-27,2024-03-27 14:43:00,354.72,354.73,354.72,354.73,0.0,40.99,14542.76,1
2024-03-27,2024-03-27 14:44:00,354.73,354.75,354.73,354.75,0.01,40.99,14542.76,1
2024-03-27,2024-03-27 14:45:00,354.75,354.77,354.75,354.77,0.01,40.99,14542.76,1
2024-03-27,2024-03-27 14:46:00,354.77,354.78,354.77,354.78,0.0,40.99,14542.76,1
2024-03-27,2024-03-27 14:47:00,354.78,354.8,354.78,354.8,0.01,40.99,14542.76,1
2024-03-27,2024-03-27 14:48:00,354.8,354.82,354.8,354.82,0.01,40.99,14542.76,1
2024-03-27,2024-03-27 14:49:00,354.82,354.83,354.82,354.83,0.0,40.99,14542.76,1
2024-03-27,2024-03-27 14:50:00,354.83,354.85,354.83,354.85,0.01,40.99,14542.76,1
2024-03-27,2024-03-27 14:51:00,354.85,354.87,354.85,354.87,0.01,40.99,14542.76,1
2024-03-27,2024-03-27 14:52:00,354.87,354.88,354.87,354.88,0.0,40.99,14542.76,1
2024-03-27,2024-03-27 14:53:00,354.88,354.9,354.88,354.9,0.01,40.99,14542.76,1
2024-03-27,2024-03-27 14:54:00,354.9,354.92,354.9,354.92,0.01,40.99,14542.76,1
2024-03-27,2024-03-27 14:55:00,354.92,354.93,354.92,354.93,0.0,40.99,14542.76,1
2024-03-27,2024-03-27 14:56:00,354.93,354.95,354.93,354.95,0.01,40.99,14542.76,1
2024-03-27,2024-03-27 14:57:00,354.95,354.97,354.95,354.97,0.01,40.99,14542.76,1
2024-03-27,2024-03-27 14:58:00,354.97,354.98,354.97,354.98,0.0,40.99,14542.76,1
2024-03-27,2024-03-27 14:59:00,354.98,355.0,354.98,355.0,0.01,40.99,14542.76,1
2024-03-27,2024-03-27 15:00:00,355.0,360.0,349.9,355.0,0.0,40.99,14542.76,0
2024-03-28,2024-03-28 11:00:00,350.1,357.96,350.1,350.17,0.02,122.09,44468.71,1
2024-03-28,2024-03-28 11:01:00,350.17,350.23,350.17,350.23,0.02,122.09,44468.71,1
2024-03-28,2024-03-28 11:02:00,350.23,350.3,350.23,350.3,0.02,122.09,44468.71,1
2024-03-28,2024-03-28 11:03:00,350.3,350.37,350.3,350.37,0.02,122.09,44468.71,1
2024-03-28,2024-03-28 11:04:00,350.37,350.43,350.37,350.43,0.02,122.09,44468.71,1
2024-03-28,2024-03-28 11:05:00,350.43,350.5,350.43,350.5,0.02,122.09,44468.71,1
2024-03-28,2024-03-28 11:06:00,350.5,350.56,350.5,350.56,0.02,122.09,44468.71,1
2024-03-28,2024-03-28 11:07:00,350.56,350.63,350.56,350.63,0.02,122.09,44468.71,1
2024-03-28,2024-03-28 11:08:00,350.63,350.7,350.63,350.7,0.02,122.09,44468.71,1
2024-03-28,2024-03-28 11:09:00,350.7,350.76,350.7,350.76,0.02,122.09,44468.71,1
2024-03-28,2024-03-28 11:10:00,350.76,350.83,350.76,350.83,0.02,122.09,44468.71,1
2024-03-28,2024-03-28 11:11:00,350.83,350.9,350.83,350.9,0.02,122.09,44468.71,1
2024-03-28,2024-03-28 11:12:00,350.9,350.96,350.9,350.96,0.02,122.09,44468.71,1
2024-03-28,2024-03-28 11:13:00,350.96,351.03,350.96,351.03,0.02,122.09,44468.71,1
2024-03-28,2024-03-28 11:14:00,351.03,351.09,351.03,351.09,0.02,122.09,44468.71,1
2024-03-28,2024-03-28 11:15:00,351.09,351.16,351.09,351.16,0.02,122.09,44468.71,1
2024-03-28,2024-03-28 11:16:00,351.16,351.23,351.16,351.23,0.02,122.09,44468.71,1
2024-03-28,2024-03-28 11:17:00,351.23,351.29,351.23,351.29,0.02,122.09,44468.71,1
2024-03-28,2024-03-28 11:18:00,351.29,351.36,351.29,351.36,0.02,122.09,44468.71,1
2024-03-28,2024-03-28 11:19:00,351.36,351.43,351.36,351.43,0.02,122.09,44468.71,1
2024-03-28,2024-03-28 11:20:00,351.43,351.49,351.43,351.49,0.02,122.09,44468.71,1
2024-03-28,2024-03-28 11:21:00,351.49,351.56,351.49,351.56,0.02,122.09,44468.71,1
2024-03-28,2024-03-28 11:22:00,351.56,351.62,351.56,351.62,0.02,122.09,44468.71,1
2024-03-28,2024-03-28 11:23:00,351.62,351.69,351.62,351.69,0.02,122.09,44468.71,1
2024-03-28,2024-03-28 11:24:00,351.69,351.76,351.69,351.76,0.02,122.09,44468.71,1
2024-03-28,2024-03-28 11:25:00,351.76,351.82,351.76,351.82,0.02,122.09,44468.71,1
2024-03-28,2024-03-28 11:26:00,351.82,351.89,351.82,351.89,0.02,122.09,44468.71,1
2024-03-28,2024-03-28 11:27:00,351.89,351.96,351.89,351.96,0.02,122.09,44468.71,1
2024-03-28,2024-03-28 11:28:00,351.96,352.02,351.96,352.02,0.02,122.09,44468.71,1
2024-03-28,2024-03-28 11:29:00,352.02,352.09,352.02,352.09,0.02,122.09,44468.71,1
2024-03-28,2024-03-28 11:30:00,352.09,352.15,352.09,352.15,0.02,122.09,44468.71,1
2024-03-28,2024-03-28 11:31:00,352.15,352.22,352.15,352.22,0.02,122.09,44468.71,1
2024-03-28,2024-03-28 11:32:00,352.22,352.29,352.22,352.29,0.02,122.09,44468.71,1
2024-03-28,2024-03-28 11:33:00,352.29,352.35,352.29,352.35,0.02,122.09,44468.71,1
2024-03-28,2024-03-28 11:34:00,352.35,352.42,352.35,352.42,0.02,122.09,44468.71,1
2024-03-28,2024-03-28 11:35:00,352.42,352.49,352.42,352.49,0.02,122.09,44468.71,1
2024-03-28,2024-03-28 11:36:00,352.49,352.55,352.49,352.55,0.02,122.09,44468.71,1
2024-03-28,2024-03-28 11:37:00,352.55,352.62,352.55,352.62,0.02,122.09,44468.71,1
2024-03-28,2024-03-28 11:38:00,352.62,352.68,352.62,352.68,0.02,122.09,44468.71,1
2024-03-28,2024-03-28 11:39:00,352.68,352.75,352.68,352.75,0.02,122.09,44468.71,1
2024-03-28,2024-03-28 11:40:00,352.75,352.82,352.75,352.82,0.02,122.09,44468.71,1
2024-03-28,2024-03-28 11:41:00,352.82,352.88,352.82,352.88,0.02,122.09,44468.71,1
2024-03-28,2024-03-28 11:42:00,352.88,352.95,352.88,352.95,0.02,122.09,44468.71,1
2024-03-28,2024-03-28 11:43:00,352.95,353.02,352.95,353.02,0.02,122.09,44468.71,1
2024-03-28,2024-03-28 11:44:00,353.02,353.08,353.02,353.08,0.02,122.09,44468.71,1
2024-03-28,2024-03-28 11:45:00,353.08,353.15,353.08,353.15,0.02,122.09,44468.71,1
2024-03-28,2024-03-28 11:46:00,353.15,353.21,353.15,353.21,0.02,122.09,44468.71,1
2024-03-28,2024-03-28 11:47:00,353.21,353.28,353.21,353.28,0.02,122.09,44468.71,1
2024-03-28,2024-03-28 11:48:00,353.28,353.35,353.28,353.35,0.02,122.09,44468.71,1
2024-03-28,2024-03-28 11:49:00,353.35,353.41,353.35,353.41,0.02,122.09,44468.71,1
2024-03-28,2024-03-28 11:50:00,353.41,353.48,353.41,353.48,0.02,122.09,44468.71,1
2024-03-28,2024-03-28 11:51:00,353.48,353.55,353.48,353.55,0.02,122.09,44468.71,1
2024-03-28,2024-03-28 11:52:00,353.55,353.61,353.55,353.61,0.02,122.09,44468.71,1
2024-03-28,2024-03-28 11:53:00,353.61,353.68,353.61,353.68,0.02,122.09,44468.71,1
2024-03-28,2024-03-28 11:54:00,353.68,353.74,353.68,353.74,0.02,122.09,44468.71,1
2024-03-28,2024-03-28 11:55:00,353.74,353.81,353.74,353.81,0.02,122.09,44468.71,1
2024-03-28,2024-03-28 11:56:00,353.81,353.88,353.81,353.88,0.02,122.09,44468.71,1
2024-03-28,2024-03-28 11:57:00,353.88,353.94,353.88,353.94,0.02,122.09,44468.71,1
2024-03-28,2024-03-28 11:58:00,353.94,354.01,353.94,354.01,0.02,122.09,44468.71,1
2024-03-28,2024-03-28 11:59:00,354.01,354.08,354.01,354.08,0.02,122.09,44468.71,1
2024-03-28,2024-03-28 12:00:00,354.08,354.14,354.08,354.14,0.02,122.09,44468.71,1
2024-03-28,2024-03-28 12:01:00,354.14,354.21,354.14,354.21,0.02,122.09,44468.71,1
2024-03-28,2024-03-28 12:02:00,354.21,354.27,354.21,354.27,0.02,122.09,44468.71,1
2024-03-28,2024-03-28 12:03:00,354.27,354.34,354.27,354.34,0.02,122.09,44468.71,1
2024-03-28,2024-03-28 12:04:00,354.34,354.41,354.34,354.41,0.02,122.09,44468.71,1
2024-03-28,2024-03-28 12:05:00,354.41,354.47,354.41,354.47,0.02,122.09,44468.71,1
2024-03-28,2024-03-28 12:06:00,354.47,354.54,354.47,354.54,0.02,122.09,44468.71,1
2024-03-28,2024-03-28 12:07:00,354.54,354.61,354.54,354.61,0.02,122.09,44468.71,1
2024-03-28,2024-03-28 12:08:00,354.61,354.67,354.61,354.67,0.02,122.09,44468.71,1
2024-03-28,2024-03-28 12:09:00,354.67,354.74,354.67,354.74,0.02,122.09,44468.71,1
2024-03-28,2024-03-28 12:10:00,354.74,354.8,354.74,354.8,0.02,122.09,44468.71,1
2024-03-28,2024-03-28 12:11:00,354.8,354.87,354.8,354.87,0.02,122.09,44468.71,1
2024-03-28,2024-03-28 12:12:00,354.87,354.94,354.87,354.94,0.02,122.09,44468.71,1
2024-03-28,2024-03-28 12:13:00,354.94,355.0,354.94,355.0,0.02,122.09,44468.71,1
2024-03-28,2024-03-28 12:14:00,355.0,355.07,355.0,355.07,0.02,122.09,44468.71,1
2024-03-28,2024-03-28 12:15:00,355.07,355.13,355.07,355.13,0.02,122.09,44468.71,1
2024-03-28,2024-03-28 12:16:00,355.13,355.2,355.13,355.2,0.02,122.09,44468.71,1
2024-03-28,2024-03-28 12:17:00,355.2,355.27,355.2,355.27,0.02,122.09,44468.71,1
2024-03-28,2024-03-28 12:18:00,355.27,355.33,355.27,355.33,0.02,122.09,44468.71,1
2024-03-28,2024-03-28 12:19:00,355.33,355.4,355.33,355.4,0.02,122.09,44468.71,1
2024-03-28,2024-03-28 12:20:00,355.4,355.47,355.4,355.47,0.02,122.09,44468.71,1
2024-03-28,2024-03-28 12:21:00,355.47,355.53,355.47,355.53,0.02,122.09,44468.71,1
2024-03-28,2024-03-28 12:22:00,355.53,355.6,355.53,355.6,0.02,122.09,44468.71,1
2024-03-28,2024-03-28 12:23:00,355.6,355.67,355.6,355.67,0.02,122.09,44468.71,1
2024-03-28,2024-03-28 12:24:00,355.67,355.73,355.67,355.73,0.02,122.09,44468.71,1
2024-03-28,2024-03-28 12:25:00,355.73,355.8,355.73,355.8,0.02,122.09,44468.71,1
2024-03-28,2024-03-28 12:26:00,355.8,355.86,355.8,355.86,0.02,122.09,44468.71,1
2024-03-28,2024-03-28 12:27:00,355.86,355.93,355.86,355.93,0.02,122.09,44468.71,1
2024-03-28,2024-03-28 12:28:00,355.93,356.0,355.93,356.0,0.02,122.09,44468.71,1
2024-03-28,2024-03-28 12:29:00,356.0,356.06,356.0,356.06,0.02,122.09,44468.71,1
2024-03-28,2024-03-28 12:30:00,356.06,356.13,356.06,356.13,0.02,122.09,44468.71,1
2024-03-28,2024-03-28 12:31:00,356.13,356.19,356.13,356.19,0.02,122.09,44468.71,1
2024-03-28,2024-03-28 12:32:00,356.19,356.26,356.19,356.26,0.02,122.09,44468.71,1
2024-03-28,2024-03-28 12:33:00,356.26,356.33,356.26,356.33,0.02,122.09,44468.71,1
2024-03-28,2024-03-28 12:34:00,356.33,356.39,356.33,356.39,0.02,122.09,44468.71,1
2024-03-28,2024-03-28 12:35:00,356.39,356.46,356.39,356.46,0.02,122.09,44468.71,1
2024-03-28,2024-03-28 12:36:00,356.46,356.53,356.46,356.53,0.02,122.09,44468.71,1
2024-03-28,2024-03-28 12:37:00,356.53,356.59,356.53,356.59,0.02,122.09,44468.71,1
2024-03-28,2024-03-28 12:38:00,356.59,356.66,356.59,356.66,0.02,122.09,44468.71,1
2024-03-28,2024-03-28 12:39:00,356.66,356.73,356.66,356.73,0.02,122.09,44468.71,1
2024-03-28,2024-03-28 12:40:00,356.73,356.79,356.73,356.79,0.02,122.09,44468.71,1
2024-03-28,2024-03-28 12:41:00,356.79,356.86,356.79,356.86,0.02,122.09,44468.71,1
2024-03-28,2024-03-28 12:42:00,356.86,356.92,356.86,356.92,0.02,122.09,44468.71,1
2024-03-28,2024-03-28 12:43:00,356.92,356.99,356.92,356.99,0.02,122.09,44468.71,1
2024-03-28,2024-03-28 12:44:00,356.99,357.06,356.99,357.06,0.02,122.09,44468.71,1
2024-03-28,2024-03-28 12:45:00,357.06,357.12,357.06,357.12,0.02,122.09,44468.71,1
2024-03-28,2024-03-28 12:46:00,357.12,357.19,357.12,357.19,0.02,122.09,44468.71,1
2024-03-28,2024-03-28 12:47:00,357.19,357.25,357.19,357.25,0.02,122.09,44468.71,1
2024-03-28,2024-03-28 12:48:00,357.25,357.32,357.25,357.32,0.02,122.09,44468.71,1
2024-03-28,2024-03-28 12:49:00,357.32,357.39,357.32,357.39,0.02,122.09,44468.71,1
2024-03-28,2024-03-28 12:50:00,357.39,357.45,357.39,357.45,0.02,122.09,44468.71,1
2024-03-28,2024-03-28 12:51:00,357.45,357.52,357.45,357.52,0.02,122.09,44468.71,1
2024-03-28,2024-03-28 12:52:00,357.52,357.59,357.52,357.59,0.02,122.09,44468.71,1
2024-03-28,2024-03-28 12:53:00,357.59,357.65,357.59,357.65,0.02,122.09,44468.71,1
2024-03-28,2024-03-28 12:54:00,357.65,357.72,357.65,357.72,0.02,122.09,44468.71,1
2024-03-28,2024-03-28 12:55:00,357.72,357.79,357.72,357.79,0.02,122.09,44468.71,1
2024-03-28,2024-03-28 12:56:00,357.79,357.85,357.79,357.85,0.02,122.09,44468.71,1
2024-03-28,2024-03-28 12:57:00,357.85,357.92,357.85,357.92,0.02,122.09,44468.71,1
2024-03-28,2024-03-28 12:58:00,357.92,357.98,357.92,357.98,0.02,122.09,44468.71,1
2024-03-28,2024-03-28 12:59:00,357.98,358.05,357.98,358.05,0.02,122.09,44468.71,1
2024-03-28,2024-03-28 13:00:00,358.05,376.3,350.1,358.12,0.02,122.09,44468.71,1
2024-03-28,2024-03-28 13:01:00,358.12,358.18,358.12,358.18,0.02,122.09,44468.71,1
2024-03-28,2024-03-28 13:02:00,358.18,358.25,358.18,358.25,0.02,122.09,44468.71,1
2024-03-28,2024-03-28 13:03:00,358.25,358.31,358.25,358.31,0.02,122.09,44468.71,1
2024-03-28,2024-03-28 13:04:00,358.31,358.38,358.31,358.38,0.02,122.09,44468.71,1
2024-03-28,2024-03-28 13:05:00,358.38,358.45,358.38,358.45,0.02,122.09,44468.71,1
2024-03-28,2024-03-28 13:06:00,358.45,358.51,358.45,358.51,0.02,122.09,44468.71,1
2024-03-28,2024-03-28 13:07:00,358.51,358.58,358.51,358.58,0.02,122.09,44468.71,1
2024-03-28,2024-03-28 13:08:00,358.58,358.65,358.58,358.65,0.02,122.09,44468.71,1
2024-03-28,2024-03-28 13:09:00,358.65,358.71,358.65,358.71,0.02,122.09,44468.71,1
2024-03-28,2024-03-28 13:10:00,358.71,358.78,358.71,358.78,0.02,122.09,44468.71,1
2024-03-28,2024-03-28 13:11:00,358.78,358.85,358.78,358.85,0.02,122.09,44468.71,1
2024-03-28,2024-03-28 13:12:00,358.85,358.91,358.85,358.91,0.02,122.09,44468.71,1
2024-03-28,2024-03-28 13:13:00,358.91,358.98,358.91,358.98,0.02,122.09,44468.71,1
2024-03-28,2024-03-28 13:14:00,358.98,359.04,358.98,359.04,0.02,122.09,44468.71,1
2024-03-28,2024-03-28 13:15:00,359.04,359.11,359.04,359.11,0.02,122.09,44468.71,1
2024-03-28,2024-03-28 13:16:00,359.11,359.18,359.11,359.18,0.02,122.09,44468.71,1
2024-03-28,2024-03-28 13:17:00,359.18,359.24,359.18,359.24,0.02,122.09,44468.71,1
2024-03-28,2024-03-28 13:18:00,359.24,359.31,359.24,359.31,0.02,122.09,44468.71,1
2024-03-28,2024-03-28 13:19:00,359.31,359.38,359.31,359.38,0.02,122.09,44468.71,1
2024-03-28,2024-03-28 13:20:00,359.38,359.44,359.38,359.44,0.02,122.09,44468.71,1
2024-03-28,2024-03-28 13:21:00,359.44,359.51,359.44,359.51,0.02,122.09,44468.71,1
2024-03-28,2024-03-28 13:22:00,359.51,359.57,359.51,359.57,0.02,122.09,44468.71,1
2024-03-28,2024-03-28 13:23:00,359.57,359.64,359.57,359.64,0.02,122.09,44468.71,1
2024-03-28,2024-03-28 13:24:00,359.64,359.71,359.64,359.71,0.02,122.09,44468.71,1
2024-03-28,2024-03-28 13:25:00,359.71,359.77,359.71,359.77,0.02,122.09,44468.71,1
2024-03-28,2024-03-28 13:26:00,359.77,359.84,359.77,359.84,0.02,122.09,44468.71,1
2024-03-28,2024-03-28 13:27:00,359.84,359.91,359.84,359.91,0.02,122.09,44468.71,1
2024-03-28,2024-03-28 13:28:00,359.91,359.97,359.91,359.97,0.02,122.09,44468.71,1
2024-03-28,2024-03-28 13:29:00,359.97,360.04,359.97,360.04,0.02,122.09,44468.71,1
2024-03-28,2024-03-28 13:30:00,360.04,360.1,360.04,360.1,0.02,122.09,44468.71,1
2024-03-28,2024-03-28 13:31:00,360.1,360.17,360.1,360.17,0.02,122.09,44468.71,1
2024-03-28,2024-03-28 13:32:00,360.17,360.24,360.17,360.24,0.02,122.09,44468.71,1
2024-03-28,2024-03-28 13:33:00,360.24,360.3,360.24,360.3,0.02,122.09,44468.71,1
2024-03-28,2024-03-28 13:34:00,360.3,360.37,360.3,360.37,0.02,122.09,44468.71,1
2024-03-28,2024-03-28 13:35:00,360.37,360.44,360.37,360.44,0.02,122.09,44468.71,1
2024-03-28,2024-03-28 13:36:00,360.44,360.5,360.44,360.5,0.02,122.09,44468.71,1
2024-03-28,2024-03-28 13:37:00,360.5,360.57,360.5,360.57,0.02,122.09,44468.71,1
2024-03-28,2024-03-28 13:38:00,360.57,360.63,360.57,360.63,0.02,122.09,44468.71,1
2024-03-28,2024-03-28 13:39:00,360.63,360.7,360.63,360.7,0.02,122.09,44468.71,1
2024-03-28,2024-03-28 13:40:00,360.7,360.77,360.7,360.77,0.02,122.09,44468.71,1
2024-03-28,2024-03-28 13:41:00,360.77,360.83,360.77,360.83,0.02,122.09,44468.71,1
2024-03-28,2024-03-28 13:42:00,360.83,360.9,360.83,360.9,0.02,122.09,44468.71,1
2024-03-28,2024-03-28 13:43:00,360.9,360.97,360.9,360.97,0.02,122.09,44468.71,1
2024-03-28,2024-03-28 13:44:00,360.97,361.03,360.97,361.03,0.02,122.09,44468.71,1
2024-03-28,2024-03-28 13:45:00,361.03,361.1,361.03,361.1,0.02,122.09,44468.71,1
2024-03-28,2024-03-28 13:46:00,361.1,361.16,361.1,361.16,0.02,122.09,44468.71,1
2024-03-28,2024-03-28 13:47:00,361.16,361.23,361.16,361.23,0.02,122.09,44468.71,1
2024-03-28,2024-03-28 13:48:00,361.23,361.3,361.23,361.3,0.02,122.09,44468.71,1
2024-03-28,2024-03-28 13:49:00,361.3,361.36,361.3,361.36,0.02,122.09,44468.71,1
2024-03-28,2024-03-28 13:50:00,361.36,361.43,361.36,361.43,0.02,122.09,44468.71,1
2024-03-28,2024-03-28 13:51:00,361.43,361.5,361.43,361.5,0.02,122.09,44468.71,1
2024-03-28,2024-03-28 13:52:00,361.5,361.56,361.5,361.56,0.02,122.09,44468.71,1
2024-03-28,2024-03-28 13:53:00,361.56,361.63,361.56,361.63,0.02,122.09,44468.71,1
2024-03-28,2024-03-28 13:54:00,361.63,361.69,361.63,361.69,0.02,122.09,44468.71,1
2024-03-28,2024-03-28 13:55:00,361.69,361.76,361.69,361.76,0.02,122.09,44468.71,1
2024-03-28,2024-03-28 13:56:00,361.76,361.83,361.76,361.83,0.02,122.09,44468.71,1
2024-03-28,2024-03-28 13:57:00,361.83,361.89,361.83,361.89,0.02,122.09,44468.71,1
2024-03-28,2024-03-28 13:58:00,361.89,361.96,361.89,361.96,0.02,122.09,44468.71,1
2024-03-28,2024-03-28 13:59:00,361.96,362.02,361.96,362.02,0.02,122.09,44468.71,1
2024-03-28,2024-03-28 14:00:00,362.02,362.09,362.02,362.09,0.02,122.09,44468.71,1
2024-03-28,2024-03-28 14:01:00,362.09,362.16,362.09,362.16,0.02,122.09,44468.71,1
2024-03-28,2024-03-28 14:02:00,362.16,362.22,362.16,362.22,0.02,122.09,44468.71,1
2024-03-28,2024-03-28 14:03:00,362.22,362.29,362.22,362.29,0.02,122.09,44468.71,1
2024-03-28,2024-03-28 14:04:00,362.29,362.36,362.29,362.36,0.02,122.09,44468.71,1
2024-03-28,2024-03-28 14:05:00,362.36,362.42,362.36,362.42,0.02,122.09,44468.71,1
2024-03-28,2024-03-28 14:06:00,362.42,362.49,362.42,362.49,0.02,122.09,44468.71,1
2024-03-28,2024-03-28 14:07:00,362.49,362.56,362.49,362.56,0.02,122.09,44468.71,1
2024-03-28,2024-03-28 14:08:00,362.56,362.62,362.56,362.62,0.02,122.09,44468.71,1
2024-03-28,2024-03-28 14:09:00,362.62,362.69,362.62,362.69,0.02,122.09,44468.71,1
2024-03-28,2024-03-28 14:10:00,362.69,362.75,362.69,362.75,0.02,122.09,44468.71,1
2024-03-28,2024-03-28 14:11:00,362.75,362.82,362.75,362.82,0.02,122.09,44468.71,1
2024-03-28,2024-03-28 14:12:00,362.82,362.89,362.82,362.89,0.02,122.09,44468.71,1
2024-03-28,2024-03-28 14:13:00,362.89,362.95,362.89,362.95,0.02,122.09,44468.71,1
2024-03-28,2024-03-28 14:14:00,362.95,363.02,362.95,363.02,0.02,122.09,44468.71,1
2024-03-28,2024-03-28 14:15:00,363.02,363.08,363.02,363.08,0.02,122.09,44468.71,1
2024-03-28,2024-03-28 14:16:00,363.08,363.15,363.08,363.15,0.02,122.09,44468.71,1
2024-03-28,2024-03-28 14:17:00,363.15,363.22,363.15,363.22,0.02,122.09,44468.71,1
2024-03-28,2024-03-28 14:18:00,363.22,363.28,363.22,363.28,0.02,122.09,44468.71,1
2024-03-28,2024-03-28 14:19:00,363.28,363.35,363.28,363.35,0.02,122.09,44468.71,1
2024-03-28,2024-03-28 14:20:00,363.35,363.42,363.35,363.42,0.02,122.09,44468.71,1
2024-03-28,2024-03-28 14:21:00,363.42,363.48,363.42,363.48,0.02,122.09,44468.71,1
2024-03-28,2024-03-28 14:22:00,363.48,363.55,363.48,363.55,0.02,122.09,44468.71,1
2024-03-28,2024-03-28 14:23:00,363.55,363.62,363.55,363.62,0.02,122.09,44468.71,1
2024-03-28,2024-03-28 14:24:00,363.62,363.68,363.62,363.68,0.02,122.09,44468.71,1
2024-03-28,2024-03-28 14:25:00,363.68,363.75,363.68,363.75,0.02,122.09,44468.71,1
2024-03-28,2024-03-28 14:26:00,363.75,363.81,363.75,363.81,0.02,122.09,44468.71,1
2024-03-28,2024-03-28 14:27:00,363.81,363.88,363.81,363.88,0.02,122.09,44468.71,1
2024-03-28,2024-03-28 14:28:00,363.88,363.95,363.88,363.95,0.02,122.09,44468.71,1
2024-03-28,2024-03-28 14:29:00,363.95,364.01,363.95,364.01,0.02,122.09,44468.71,1
2024-03-28,2024-03-28 14:30:00,364.01,364.08,364.01,364.08,0.02,122.09,44468.71,1
2024-03-28,2024-03-28 14:31:00,364.08,364.14,364.08,364.14,0.02,122.09,44468.71,1
2024-03-28,2024-03-28 14:32:00,364.14,364.21,364.14,364.21,0.02,122.09,44468.71,1
2024-03-28,2024-03-28 14:33:00,364.21,364.28,364.21,364.28,0.02,122.09,44468.71,1
2024-03-28,2024-03-28 14:34:00,364.28,364.34,364.28,364.34,0.02,122.09,44468.71,1
2024-03-28,2024-03-28 14:35:00,364.34,364.41,364.34,364.41,0.02,122.09,44468.71,1
2024-03-28,2024-03-28 14:36:00,364.41,364.48,364.41,364.48,0.02,122.09,44468.71,1
2024-03-28,2024-03-28 14:37:00,364.48,364.54,364.48,364.54,0.02,122.09,44468.71,1
2024-03-28,2024-03-28 14:38:00,364.54,364.61,364.54,364.61,0.02,122.09,44468.71,1
2024-03-28,2024-03-28 14:39:00,364.61,364.68,364.61,364.68,0.02,122.09,44468.71,1
2024-03-28,2024-03-28 14:40:00,364.68,364.74,364.68,364.74,0.02,122.09,44468.71,1
2024-03-28,2024-03-28 14:41:00,364.74,364.81,364.74,364.81,0.02,122.09,44468.71,1
2024-03-28,2024-03-28 14:42:00,364.81,364.87,364.81,364.87,0.02,122.09,44468.71,1
2024-03-28,2024-03-28 14:43:00,364.87,364.94,364.87,364.94,0.02,122.09,44468.71,1
2024-03-28,2024-03-28 14:44:00,364.94,365.01,364.94,365.01,0.02,122.09,44468.71,1
2024-03-28,2024-03-28 14:45:00,365.01,365.07,365.01,365.07,0.02,122.09,44468.71,1
2024-03-28,2024-03-28 14:46:00,365.07,365.14,365.07,365.14,0.02,122.09,44468.71,1
2024-03-28,2024-03-28 14:47:00,365.14,365.2,365.14,365.2,0.02,122.09,44468.71,1
2024-03-28,2024-03-28 14:48:00,365.2,365.27,365.2,365.27,0.02,122.09,44468.71,1
2024-03-28,2024-03-28 14:49:00,365.27,365.34,365.27,365.34,0.02,122.09,44468.71,1
2024-03-28,2024-03-28 14:50:00,365.34,365.4,365.34,365.4,0.02,122.09,44468.71,1
2024-03-28,2024-03-28 14:51:00,365.4,365.47,365.4,365.47,0.02,122.09,44468.71,1
2024-03-28,2024-03-28 14:52:00,365.47,365.54,365.47,365.54,0.02,122.09,44468.71,1
2024-03-28,2024-03-28 14:53:00,365.54,365.6,365.54,365.6,0.02,122.09,44468.71,1
2024-03-28,2024-03-28 14:54:00,365.6,365.67,365.6,365.67,0.02,122.09,44468.71,1
2024-03-28,2024-03-28 14:55:00,365.67,365.74,365.67,365.74,0.02,122.09,44468.71,1
2024-03-28,2024-03-28 14:56:00,365.74,365.8,365.74,365.8,0.02,122.09,44468.71,1
2024-03-28,2024-03-28 14:57:00,365.8,365.87,365.8,365.87,0.02,122.09,44468.71,1
2024-03-28,2024-03-28 14:58:00,365.87,365.93,365.87,365.93,0.02,122.09,44468.71,1
2024-03-28,2024-03-28 14:59:00,365.93,366.0,365.93,366.0,0.02,122.09,44468.71,1
2024-03-28,2024-03-28 15:00:00,366.0,376.3,350.1,366.0,0.0,122.09,44468.71,0
2024-03-31,2024-03-31 11:00:00,362.3,368.51,362.3,362.36,0.02,214.36,81032.18,1
2024-03-31,2024-03-31 11:01:00,362.36,362.42,362.36,362.42,0.02,214.36,81032.18,1
2024-03-31,2024-03-31 11:02:00,362.42,362.48,362.42,362.48,0.02,214.36,81032.18,1
2024-03-31,2024-03-31 11:03:00,362.48,362.54,362.48,362.54,0.02,214.36,81032.18,1
2024-03-31,2024-03-31 11:04:00,362.54,362.6,362.54,362.6,0.02,214.36,81032.18,1
2024-03-31,2024-03-31 11:05:00,362.6,362.67,362.6,362.67,0.02,214.36,81032.18,1
2024-03-31,2024-03-31 11:06:00,362.67,362.73,362.67,362.73,0.02,214.36,81032.18,1
2024-03-31,2024-03-31 11:07:00,362.73,362.79,362.73,362.79,0.02,214.36,81032.18,1
2024-03-31,2024-03-31 11:08:00,362.79,362.85,362.79,362.85,0.02,214.36,81032.18,1
2024-03-31,2024-03-31 11:09:00,362.85,362.91,362.85,362.91,0.02,214.36,81032.18,1
2024-03-31,2024-03-31 11:10:00,362.91,362.97,362.91,362.97,0.02,214.36,81032.18,1
2024-03-31,2024-03-31 11:11:00,362.97,363.03,362.97,363.03,0.02,214.36,81032.18,1
2024-03-31,2024-03-31 11:12:00,363.03,363.09,363.03,363.09,0.02,214.36,81032.18,1
2024-03-31,2024-03-31 11:13:00,363.09,363.15,363.09,363.15,0.02,214.36,81032.18,1
2024-03-31,2024-03-31 11:14:00,363.15,363.21,363.15,363.21,0.02,214.36,81032.18,1
2024-03-31,2024-03-31 11:15:00,363.21,363.27,363.21,363.27,0.02,214.36,81032.18,1
2024-03-31,2024-03-31 11:16:00,363.27,363.33,363.27,363.33,0.02,214.36,81032.18,1
2024-03-31,2024-03-31 11:17:00,363.33,363.39,363.33,363.39,0.02,214.36,81032.18,1
2024-03-31,2024-03-31 11:18:00,363.39,363.46,363.39,363.46,0.02,214.36,81032.18,1
2024-03-31,2024-03-31 11:19:00,363.46,363.52,363.46,363.52,0.02,214.36,81032.18,1
2024-03-31,2024-03-31 11:20:00,363.52,363.58,363.52,363.58,0.02,214.36,81032.18,1
2024-03-31,2024-03-31 11:21:00,363.58,363.64,363.58,363.64,0.02,214.36,81032.18,1
2024-03-31,2024-03-31 11:22:00,363.64,363.7,363.64,363.7,0.02,214.36,81032.18,1
2024-03-31,2024-03-31 11:23:00,363.7,363.76,363.7,363.76,0.02,214.36,81032.18,1
2024-03-31,2024-03-31 11:24:00,363.76,363.82,363.76,363.82,0.02,214.36,81032.18,1
2024-03-31,2024-03-31 11:25:00,363.82,363.88,363.82,363.88,0.02,214.36,81032.18,1
2024-03-31,2024-03-31 11:26:00,363.88,363.94,363.88,363.94,0.02,214.36,81032.18,1
2024-03-31,2024-03-31 11:27:00,363.94,364.0,363.94,364.0,0.02,214.36,81032.18,1
2024-03-31,2024-03-31 11:28:00,364.0,364.06,364.0,364.06,0.02,214.36,81032.18,1
2024-03-31,2024-03-31 11:29:00,364.06,364.12,364.06,364.12,0.02,214.36,81032.18,1
2024-03-31,2024-03-31 11:30:00,364.12,364.19,364.12,364.19,0.02,214.36,81032.18,1
2024-03-31,2024-03-31 11:31:00,364.19,364.25,364.19,364.25,0.02,214.36,81032.18,1
2024-03-31,2024-03-31 11:32:00,364.25,364.31,364.25,364.31,0.02,214.36,81032.18,1
2024-03-31,2024-03-31 11:33:00,364.31,364.37,364.31,364.37,0.02,214.36,81032.18,1
2024-03-31,2024-03-31 11:34:00,364.37,364.43,364.37,364.43,0.02,214.36,81032.18,1
2024-03-31,2024-03-31 11:35:00,364.43,364.49,364.43,364.49,0.02,214.36,81032.18,1
2024-03-31,2024-03-31 11:36:00,364.49,364.55,364.49,364.55,0.02,214.36,81032.18,1
2024-03-31,2024-03-31 11:37:00,364.55,364.61,364.55,364.61,0.02,214.36,81032.18,1
2024-03-31,2024-03-31 11:38:00,364.61,364.67,364.61,364.67,0.02,214.36,81032.18,1
2024-03-31,2024-03-31 11:39:00,364.67,364.73,364.67,364.73,0.02,214.36,81032.18,1
2024-03-31,2024-03-31 11:40:00,364.73,364.79,364.73,364.79,0.02,214.36,81032.18,1
2024-03-31,2024-03-31 11:41:00,364.79,364.86,364.79,364.86,0.02,214.36,81032.18,1
2024-03-31,2024-03-31 11:42:00,364.86,364.92,364.86,364.92,0.02,214.36,81032.18,1
2024-03-31,2024-03-31 11:43:00,364.92,364.98,364.92,364.98,0.02,214.36,81032.18,1
2024-03-31,2024-03-31 11:44:00,364.98,365.04,364.98,365.04,0.02,214.36,81032.18,1
2024-03-31,2024-03-31 11:45:00,365.04,365.1,365.04,365.1,0.02,214.36,81032.18,1
2024-03-31,2024-03-31 11:46:00,365.1,365.16,365.1,365.16,0.02,214.36,81032.18,1
2024-03-31,2024-03-31 11:47:00,365.16,365.22,365.16,365.22,0.02,214.36,81032.18,1
2024-03-31,2024-03-31 11:48:00,365.22,365.28,365.22,365.28,0.02,214.36,81032.18,1
2024-03-31,2024-03-31 11:49:00,365.28,365.34,365.28,365.34,0.02,214.36,81032.18,1
2024-03-31,2024-03-31 11:50:00,365.34,365.4,365.34,365.4,0.02,214.36,81032.18,1
2024-03-31,2024-03-31 11:51:00,365.4,365.46,365.4,365.46,0.02,214.36,81032.18,1
2024-03-31,2024-03-31 11:52:00,365.46,365.52,365.46,365.52,0.02,214.36,81032.18,1
2024-03-31,2024-03-31 11:53:00,365.52,365.58,365.52,365.58,0.02,214.36,81032.18,1
2024-03-31,2024-03-31 11:54:00,365.58,365.65,365.58,365.65,0.02,214.36,81032.18,1
2024-03-31,2024-03-31 11:55:00,365.65,365.71,365.65,365.71,0.02,214.36,81032.18,1
2024-03-31,2024-03-31 11:56:00,365.71,365.77,365.71,365.77,0.02,214.36,81032.18,1
2024-03-31,2024-03-31 11:57:00,365.77,365.83,365.77,365.83,0.02,214.36,81032.18,1
2024-03-31,2024-03-31 11:58:00,365.83,365.89,365.83,365.89,0.02,214.36,81032.18,1
2024-03-31,2024-03-31 11:59:00,365.89,365.95,365.89,365.95,0.02,214.36,81032.18,1
2024-03-31,2024-03-31 12:00:00,365.95,366.01,365.95,366.01,0.02,214.36,81032.18,1
2024-03-31,2024-03-31 12:01:00,366.01,366.07,366.01,366.07,0.02,214.36,81032.18,1
2024-03-31,2024-03-31 12:02:00,366.07,366.13,366.07,366.13,0.02,214.36,81032.18,1
2024-03-31,2024-03-31 12:03:00,366.13,366.19,366.13,366.19,0.02,214.36,81032.18,1
2024-03-31,2024-03-31 12:04:00,366.19,366.25,366.19,366.25,0.02,214.36,81032.18,1
2024-03-31,2024-03-31 12:05:00,366.25,366.31,366.25,366.31,0.02,214.36,81032.18,1
2024-03-31,2024-03-31 12:06:00,366.31,366.38,366.31,366.38,0.02,214.36,81032.18,1
2024-03-31,2024-03-31 12:07:00,366.38,366.44,366.38,366.44,0.02,214.36,81032.18,1
2024-03-31,2024-03-31 12:08:00,366.44,366.5,366.44,366.5,0.02,214.36,81032.18,1
2024-03-31,2024-03-31 12:09:00,366.5,366.56,366.5,366.56,0.02,214.36,81032.18,1
2024-03-31,2024-03-31 12:10:00,366.56,366.62,366.56,366.62,0.02,214.36,81032.18,1
2024-03-31,2024-03-31 12:11:00,366.62,366.68,366.62,366.68,0.02,214.36,81032.18,1
2024-03-31,2024-03-31 12:12:00,366.68,366.74,366.68,366.74,0.02,214.36,81032.18,1
2024-03-31,2024-03-31 12:13:00,366.74,366.8,366.74,366.8,0.02,214.36,81032.18,1
2024-03-31,2024-03-31 12:14:00,366.8,366.86,366.8,366.86,0.02,214.36,81032.18,1
2024-03-31,2024-03-31 12:15:00,366.86,366.92,366.86,366.92,0.02,214.36,81032.18,1
2024-03-31,2024-03-31 12:16:00,366.92,366.98,366.92,366.98,0.02,214.36,81032.18,1
2024-03-31,2024-03-31 12:17:00,366.98,367.05,366.98,367.05,0.02,214.36,81032.18,1
2024-03-31,2024-03-31 12:18:00,367.05,367.11,367.05,367.11,0.02,214.36,81032.18,1
2024-03-31,2024-03-31 12:19:00,367.11,367.17,367.11,367.17,0.02,214.36,81032.18,1
2024-03-31,2024-03-31 12:20:00,367.17,367.23,367.17,367.23,0.02,214.36,81032.18,1
2024-03-31,2024-03-31 12:21:00,367.23,367.29,367.23,367.29,0.02,214.36,81032.18,1
2024-03-31,2024-03-31 12:22:00,367.29,367.35,367.29,367.35,0.02,214.36,81032.18,1
2024-03-31,2024-03-31 12:23:00,367.35,367.41,367.35,367.41,0.02,214.36,81032.18,1
2024-03-31,2024-03-31 12:24:00,367.41,367.47,367.41,367.47,0.02,214.36,81032.18,1
2024-03-31,2024-03-31 12:25:00,367.47,367.53,367.47,367.53,0.02,214.36,81032.18,1
2024-03-31,2024-03-31 12:26:00,367.53,367.59,367.53,367.59,0.02,214.36,81032.18,1
2024-03-31,2024-03-31 12:27:00,367.59,367.65,367.59,367.65,0.02,214.36,81032.18,1
2024-03-31,2024-03-31 12:28:00,367.65,367.71,367.65,367.71,0.02,214.36,81032.18,1
2024-03-31,2024-03-31 12:29:00,367.71,367.77,367.71,367.77,0.02,214.36,81032.18,1
2024-03-31,2024-03-31 12:30:00,367.77,367.84,367.77,367.84,0.02,214.36,81032.18,1
2024-03-31,2024-03-31 12:31:00,367.84,367.9,367.84,367.9,0.02,214.36,81032.18,1
2024-03-31,2024-03-31 12:32:00,367.9,367.96,367.9,367.96,0.02,214.36,81032.18,1
2024-03-31,2024-03-31 12:33:00,367.96,368.02,367.96,368.02,0.02,214.36,81032.18,1
2024-03-31,2024-03-31 12:34:00,368.02,368.08,368.02,368.08,0.02,214.36,81032.18,1
2024-03-31,2024-03-31 12:35:00,368.08,368.14,368.08,368.14,0.02,214.36,81032.18,1
2024-03-31,2024-03-31 12:36:00,368.14,368.2,368.14,368.2,0.02,214.36,81032.18,1
2024-03-31,2024-03-31 12:37:00,368.2,368.26,368.2,368.26,0.02,214.36,81032.18,1
2024-03-31,2024-03-31 12:38:00,368.26,368.32,368.26,368.32,0.02,214.36,81032.18,1
2024-03-31,2024-03-31 12:39:00,368.32,368.38,368.32,368.38,0.02,214.36,81032.18,1
2024-03-31,2024-03-31 12:40:00,368.38,368.44,368.38,368.44,0.02,214.36,81032.18,1
2024-03-31,2024-03-31 12:41:00,368.44,368.5,368.44,368.5,0.02,214.36,81032.18,1
2024-03-31,2024-03-31 12:42:00,368.5,368.57,368.5,368.57,0.02,214.36,81032.18,1
2024-03-31,2024-03-31 12:43:00,368.57,368.63,368.57,368.63,0.02,214.36,81032.18,1
2024-03-31,2024-03-31 12:44:00,368.63,368.69,368.63,368.69,0.02,214.36,81032.18,1
2024-03-31,2024-03-31 12:45:00,368.69,368.75,368.69,368.75,0.02,214.36,81032.18,1
2024-03-31,2024-03-31 12:46:00,368.75,368.81,368.75,368.81,0.02,214.36,81032.18,1
2024-03-31,2024-03-31 12:47:00,368.81,368.87,368.81,368.87,0.02,214.36,81032.18,1
2024-03-31,2024-03-31 12:48:00,368.87,368.93,368.87,368.93,0.02,214.36,81032.18,1
2024-03-31,2024-03-31 12:49:00,368.93,368.99,368.93,368.99,0.02,214.36,81032.18,1
2024-03-31,2024-03-31 12:50:00,368.99,369.05,368.99,369.05,0.02,214.36,81032.18,1
2024-03-31,2024-03-31 12:51:00,369.05,369.11,369.05,369.11,0.02,214.36,81032.18,1
2024-03-31,2024-03-31 12:52:00,369.11,369.17,369.11,369.17,0.02,214.36,81032.18,1
2024-03-31,2024-03-31 12:53:00,369.17,369.24,369.17,369.24,0.02,214.36,81032.18,1
2024-03-31,2024-03-31 12:54:00,369.24,369.3,369.24,369.3,0.02,214.36,81032.18,1
2024-03-31,2024-03-31 12:55:00,369.3,369.36,369.3,369.36,0.02,214.36,81032.18,1
2024-03-31,2024-03-31 12:56:00,369.36,369.42,369.36,369.42,0.02,214.36,81032.18,1
2024-03-31,2024-03-31 12:57:00,369.42,369.48,369.42,369.48,0.02,214.36,81032.18,1
2024-03-31,2024-03-31 12:58:00,369.48,369.54,369.48,369.54,0.02,214.36,81032.18,1
2024-03-31,2024-03-31 12:59:00,369.54,369.6,369.54,369.6,0.02,214.36,81032.18,1
2024-03-31,2024-03-31 13:00:00,369.6,383.0,362.3,369.66,0.02,214.36,81032.18,1
2024-03-31,2024-03-31 13:01:00,369.66,369.72,369.66,369.72,0.02,214.36,81032.18,1
2024-03-31,2024-03-31 13:02:00,369.72,369.78,369.72,369.78,0.02,214.36,81032.18,1
2024-03-31,2024-03-31 13:03:00,369.78,369.84,369.78,369.84,0.02,214.36,81032.18,1
2024-03-31,2024-03-31 13:04:00,369.84,369.9,369.84,369.9,0.02,214.36,81032.18,1
2024-03-31,2024-03-31 13:05:00,369.9,369.96,369.9,369.96,0.02,214.36,81032.18,1
2024-03-31,2024-03-31 13:06:00,369.96,370.03,369.96,370.03,0.02,214.36,81032.18,1
2024-03-31,2024-03-31 13:07:00,370.03,370.09,370.03,370.09,0.02,214.36,81032.18,1
2024-03-31,2024-03-31 13:08:00,370.09,370.15,370.09,370.15,0.02,214.36,81032.18,1
2024-03-31,2024-03-31 13:09:00,370.15,370.21,370.15,370.21,0.02,214.36,81032.18,1
2024-03-31,2024-03-31 13:10:00,370.21,370.27,370.21,370.27,0.02,214.36,81032.18,1
2024-03-31,2024-03-31 13:11:00,370.27,370.33,370.27,370.33,0.02,214.36,81032.18,1
2024-03-31,2024-03-31 13:12:00,370.33,370.39,370.33,370.39,0.02,214.36,81032.18,1
2024-03-31,2024-03-31 13:13:00,370.39,370.45,370.39,370.45,0.02,214.36,81032.18,1
2024-03-31,2024-03-31 13:14:00,370.45,370.51,370.45,370.51,0.02,214.36,81032.18,1
2024-03-31,2024-03-31 13:15:00,370.51,370.57,370.51,370.57,0.02,214.36,81032.18,1
2024-03-31,2024-03-31 13:16:00,370.57,370.63,370.57,370.63,0.02,214.36,81032.18,1
2024-03-31,2024-03-31 13:17:00,370.63,370.69,370.63,370.69,0.02,214.36,81032.18,1
2024-03-31,2024-03-31 13:18:00,370.69,370.76,370.69,370.76,0.02,214.36,81032.18,1
2024-03-31,2024-03-31 13:19:00,370.76,370.82,370.76,370.82,0.02,214.36,81032.18,1
2024-03-31,2024-03-31 13:20:00,370.82,370.88,370.82,370.88,0.02,214.36,81032.18,1
2024-03-31,2024-03-31 13:21:00,370.88,370.94,370.88,370.94,0.02,214.36,81032.18,1
2024-03-31,2024-03-31 13:22:00,370.94,371.0,370.94,371.0,0.02,214.36,81032.18,1
2024-03-31,2024-03-31 13:23:00,371.0,371.06,371.0,371.06,0.02,214.36,81032.18,1
2024-03-31,2024-03-31 13:24:00,371.06,371.12,371.06,371.12,0.02,214.36,81032.18,1
2024-03-31,2024-03-31 13:25:00,371.12,371.18,371.12,371.18,0.02,214.36,81032.18,1
2024-03-31,2024-03-31 13:26:00,371.18,371.24,371.18,371.24,0.02,214.36,81032.18,1
2024-03-31,2024-03-31 13:27:00,371.24,371.3,371.24,371.3,0.02,214.36,81032.18,1
2024-03-31,2024-03-31 13:28:00,371.3,371.36,371.3,371.36,0.02,214.36,81032.18,1
2024-03-31,2024-03-31 13:29:00,371.36,371.43,371.36,371.43,0.02,214.36,81032.18,1
2024-03-31,2024-03-31 13:30:00,371.43,371.49,371.43,371.49,0.02,214.36,81032.18,1
2024-03-31,2024-03-31 13:31:00,371.49,371.55,371.49,371.55,0.02,214.36,81032.18,1
2024-03-31,2024-03-31 13:32:00,371.55,371.61,371.55,371.61,0.02,214.36,81032.18,1
2024-03-31,2024-03-31 13:33:00,371.61,371.67,371.61,371.67,0.02,214.36,81032.18,1
2024-03-31,2024-03-31 13:34:00,371.67,371.73,371.67,371.73,0.02,214.36,81032.18,1
2024-03-31,2024-03-31 13:35:00,371.73,371.79,371.73,371.79,0.02,214.36,81032.18,1
2024-03-31,2024-03-31 13:36:00,371.79,371.85,371.79,371.85,0.02,214.36,81032.18,1
2024-03-31,2024-03-31 13:37:00,371.85,371.91,371.85,371.91,0.02,214.36,81032.18,1
2024-03-31,2024-03-31 13:38:00,371.91,371.97,371.91,371.97,0.02,214.36,81032.18,1
2024-03-31,2024-03-31 13:39:00,371.97,372.03,371.97,372.03,0.02,214.36,81032.18,1
2024-03-31,2024-03-31 13:40:00,372.03,372.09,372.03,372.09,0.02,214.36,81032.18,1
2024-03-31,2024-03-31 13:41:00,372.09,372.15,372.09,372.15,0.02,214.36,81032.18,1
2024-03-31,2024-03-31 13:42:00,372.15,372.22,372.15,372.22,0.02,214.36,81032.18,1
2024-03-31,2024-03-31 13:43:00,372.22,372.28,372.22,372.28,0.02,214.36,81032.18,1
2024-03-31,2024-03-31 13:44:00,372.28,372.34,372.28,372.34,0.02,214.36,81032.18,1
2024-03-31,2024-03-31 13:45:00,372.34,372.4,372.34,372.4,0.02,214.36,81032.18,1
2024-03-31,2024-03-31 13:46:00,372.4,372.46,372.4,372.46,0.02,214.36,81032.18,1
2024-03-31,2024-03-31 13:47:00,372.46,372.52,372.46,372.52,0.02,214.36,81032.18,1
2024-03-31,2024-03-31 13:48:00,372.52,372.58,372.52,372.58,0.02,214.36,81032.18,1
2024-03-31,2024-03-31 13:49:00,372.58,372.64,372.58,372.64,0.02,214.36,81032.18,1
2024-03-31,2024-03-31 13:50:00,372.64,372.7,372.64,372.7,0.02,214.36,81032.18,1
2024-03-31,2024-03-31 13:51:00,372.7,372.76,372.7,372.76,0.02,214.36,81032.18,1
2024-03-31,2024-03-31 13:52:00,372.76,372.82,372.76,372.82,0.02,214.36,81032.18,1
2024-03-31,2024-03-31 13:53:00,372.82,372.88,372.82,372.88,0.02,214.36,81032.18,1
2024-03-31,2024-03-31 13:54:00,372.88,372.95,372.88,372.95,0.02,214.36,81032.18,1
2024-03-31,2024-03-31 13:55:00,372.95,373.01,372.95,373.01,0.02,214.36,81032.18,1
2024-03-31,2024-03-31 13:56:00,373.01,373.07,373.01,373.07,0.02,214.36,81032.18,1
2024-03-31,2024-03-31 13:57:00,373.07,373.13,373.07,373.13,0.02,214.36,81032.18,1
2024-03-31,2024-03-31 13:58:00,373.13,373.19,373.13,373.19,0.02,214.36,81032.18,1
2024-03-31,2024-03-31 13:59:00,373.19,373.25,373.19,373.25,0.02,214.36,81032.18,1
2024-03-31,2024-03-31 14:00:00,373.25,373.31,373.25,373.31,0.02,214.36,81032.18,1
2024-03-31,2024-03-31 14:01:00,373.31,373.37,373.31,373.37,0.02,214.36,81032.18,1
2024-03-31,2024-03-31 14:02:00,373.37,373.43,373.37,373.43,0.02,214.36,81032.18,1
2024-03-31,2024-03-31 14:03:00,373.43,373.49,373.43,373.49,0.02,214.36,81032.18,1
2024-03-31,2024-03-31 14:04:00,373.49,373.55,373.49,373.55,0.02,214.36,81032.18,1
2024-03-31,2024-03-31 14:05:00,373.55,373.62,373.55,373.62,0.02,214.36,81032.18,1
2024-03-31,2024-03-31 14:06:00,373.62,373.68,373.62,373.68,0.02,214.36,81032.18,1
2024-03-31,2024-03-31 14:07:00,373.68,373.74,373.68,373.74,0.02,214.36,81032.18,1
2024-03-31,2024-03-31 14:08:00,373.74,373.8,373.74,373.8,0.02,214.36,81032.18,1
2024-03-31,2024-03-31 14:09:00,373.8,373.86,373.8,373.86,0.02,214.36,81032.18,1
2024-03-31,2024-03-31 14:10:00,373.86,373.92,373.86,373.92,0.02,214.36,81032.18,1
2024-03-31,2024-03-31 14:11:00,373.92,373.98,373.92,373.98,0.02,214.36,81032.18,1
2024-03-31,2024-03-31 14:12:00,373.98,374.04,373.98,374.04,0.02,214.36,81032.18,1
2024-03-31,2024-03-31 14:13:00,374.04,374.1,374.04,374.1,0.02,214.36,81032.18,1
2024-03-31,2024-03-31 14:14:00,374.1,374.16,374.1,374.16,0.02,214.36,81032.18,1
2024-03-31,2024-03-31 14:15:00,374.16,374.22,374.16,374.22,0.02,214.36,81032.18,1
2024-03-31,2024-03-31 14:16:00,374.22,374.28,374.22,374.28,0.02,214.36,81032.18,1
2024-03-31,2024-03-31 14:17:00,374.28,374.34,374.28,374.34,0.02,214.36,81032.18,1
2024-03-31,2024-03-31 14:18:00,374.34,374.41,374.34,374.41,0.02,214.36,81032.18,1
2024-03-31,2024-03-31 14:19:00,374.41,374.47,374.41,374.47,0.02,214.36,81032.18,1
2024-03-31,2024-03-31 14:20:00,374.47,374.53,374.47,374.53,0.02,214.36,81032.18,1
2024-03-31,2024-03-31 14:21:00,374.53,374.59,374.53,374.59,0.02,214.36,81032.18,1
2024-03-31,2024-03-31 14:22:00,374.59,374.65,374.59,374.65,0.02,214.36,81032.18,1
2024-03-31,2024-03-31 14:23:00,374.65,374.71,374.65,374.71,0.02,214.36,81032.18,1
2024-03-31,2024-03-31 14:24:00,374.71,374.77,374.71,374.77,0.02,214.36,81032.18,1
2024-03-31,2024-03-31 14:25:00,374.77,374.83,374.77,374.83,0.02,214.36,81032.18,1
2024-03-31,2024-03-31 14:26:00,374.83,374.89,374.83,374.89,0.02,214.36,81032.18,1
2024-03-31,2024-03-31 14:27:00,374.89,374.95,374.89,374.95,0.02,214.36,81032.18,1
2024-03-31,2024-03-31 14:28:00,374.95,375.01,374.95,375.01,0.02,214.36,81032.18,1
2024-03-31,2024-03-31 14:29:00,375.01,375.07,375.01,375.07,0.02,214.36,81032.18,1
2024-03-31,2024-03-31 14:30:00,375.07,375.14,375.07,375.14,0.02,214.36,81032.18,1
2024-03-31,2024-03-31 14:31:00,375.14,375.2,375.14,375.2,0.02,214.36,81032.18,1
2024-03-31,2024-03-31 14:32:00,375.2,375.26,375.2,375.26,0.02,214.36,81032.18,1
2024-03-31,2024-03-31 14:33:00,375.26,375.32,375.26,375.32,0.02,214.36,81032.18,1
2024-03-31,2024-03-31 14:34:00,375.32,375.38,375.32,375.38,0.02,214.36,81032.18,1
2024-03-31,2024-03-31 14:35:00,375.38,375.44,375.38,375.44,0.02,214.36,81032.18,1
2024-03-31,2024-03-31 14:36:00,375.44,375.5,375.44,375.5,0.02,214.36,81032.18,1
2024-03-31,2024-03-31 14:37:00,375.5,375.56,375.5,375.56,0.02,214.36,81032.18,1
2024-03-31,2024-03-31 14:38:00,375.56,375.62,375.56,375.62,0.02,214.36,81032.18,1
2024-03-31,2024-03-31 14:39:00,375.62,375.68,375.62,375.68,0.02,214.36,81032.18,1
2024-03-31,2024-03-31 14:40:00,375.68,375.74,375.68,375.74,0.02,214.36,81032.18,1
2024-03-31,2024-03-31 14:41:00,375.74,375.81,375.74,375.81,0.02,214.36,81032.18,1
2024-03-31,2024-03-31 14:42:00,375.81,375.87,375.81,375.87,0.02,214.36,81032.18,1
2024-03-31,2024-03-31 14:43:00,375.87,375.93,375.87,375.93,0.02,214.36,81032.18,1
2024-03-31,2024-03-31 14:44:00,375.93,375.99,375.93,375.99,0.02,214.36,81032.18,1
2024-03-31,2024-03-31 14:45:00,375.99,376.05,375.99,376.05,0.02,214.36,81032.18,1
2024-03-31,2024-03-31 14:46:00,376.05,376.11,376.05,376.11,0.02,214.36,81032.18,1
2024-03-31,2024-03-31 14:47:00,376.11,376.17,376.11,376.17,0.02,214.36,81032.18,1
2024-03-31,2024-03-31 14:48:00,376.17,376.23,376.17,376.23,0.02,214.36,81032.18,1
2024-03-31,2024-03-31 14:49:00,376.23,376.29,376.23,376.29,0.02,214.36,81032.18,1
2024-03-31,2024-03-31 14:50:00,376.29,376.35,376.29,376.35,0.02,214.36,81032.18,1
2024-03-31,2024-03-31 14:51:00,376.35,376.41,376.35,376.41,0.02,214.36,81032.18,1
2024-03-31,2024-03-31 14:52:00,376.41,376.47,376.41,376.47,0.02,214.36,81032.18,1
2024-03-31,2024-03-31 14:53:00,376.47,376.53,376.47,376.53,0.02,214.36,81032.18,1
2024-03-31,2024-03-31 14:54:00,376.53,376.6,376.53,376.6,0.02,214.36,81032.18,1
2024-03-31,2024-03-31 14:55:00,376.6,376.66,376.6,376.66,0.02,214.36,81032.18,1
2024-03-31,2024-03-31 14:56:00,376.66,376.72,376.66,376.72,0.02,214.36,81032.18,1
2024-03-31,2024-03-31 14:57:00,376.72,376.78,376.72,376.78,0.02,214.36,81032.18,1
2024-03-31,2024-03-31 14:58:00,376.78,376.84,376.78,376.84,0.02,214.36,81032.18,1
2024-03-31,2024-03-31 14:59:00,376.84,376.9,376.84,376.9,0.02,214.36,81032.18,1
2024-03-31,2024-03-31 15:00:00,376.9,383.0,362.3,376.9,0.0,214.36,81032.18,0
2024-04-01,2024-04-01 11:00:00,375.0,380.7,372.33,375.05,0.01,124.25,47773.82,1
2024-04-01,2024-04-01 11:01:00,375.05,375.1,375.05,375.1,0.01,124.25,47773.82,1
2024-04-01,2024-04-01 11:02:00,375.1,375.15,375.1,375.15,0.01,124.25,47773.82,1
2024-04-01,2024-04-01 11:03:00,375.15,375.2,375.15,375.2,0.01,124.25,47773.82,1
2024-04-01,2024-04-01 11:04:00,375.2,375.25,375.2,375.25,0.01,124.25,47773.82,1
2024-04-01,2024-04-01 11:05:00,375.25,375.3,375.25,375.3,0.01,124.25,47773.82,1
2024-04-01,2024-04-01 11:06:00,375.3,375.35,375.3,375.35,0.01,124.25,47773.82,1
2024-04-01,2024-04-01 11:07:00,375.35,375.4,375.35,375.4,0.01,124.25,47773.82,1
2024-04-01,2024-04-01 11:08:00,375.4,375.45,375.4,375.45,0.01,124.25,47773.82,1
2024-04-01,2024-04-01 11:09:00,375.45,375.5,375.45,375.5,0.01,124.25,47773.82,1
2024-04-01,2024-04-01 11:10:00,375.5,375.55,375.5,375.55,0.01,124.25,47773.82,1
2024-04-01,2024-04-01 11:11:00,375.55,375.6,375.55,375.6,0.01,124.25,47773.82,1
2024-04-01,2024-04-01 11:12:00,375.6,375.64,375.6,375.64,0.01,124.25,47773.82,1
2024-04-01,2024-04-01 11:13:00,375.64,375.69,375.64,375.69,0.01,124.25,47773.82,1
2024-04-01,2024-04-01 11:14:00,375.69,375.74,375.69,375.74,0.01,124.25,47773.82,1
2024-04-01,2024-04-01 11:15:00,375.74,375.79,375.74,375.79,0.01,124.25,47773.82,1
2024-04-01,2024-04-01 11:16:00,375.79,375.84,375.79,375.84,0.01,124.25,47773.82,1
2024-04-01,2024-04-01 11:17:00,375.84,375.89,375.84,375.89,0.01,124.25,47773.82,1
2024-04-01,2024-04-01 11:18:00,375.89,375.94,375.89,375.94,0.01,124.25,47773.82,1
2024-04-01,2024-04-01 11:19:00,375.94,375.99,375.94,375.99,0.01,124.25,47773.82,1
2024-04-01,2024-04-01 11:20:00,375.99,376.04,375.99,376.04,0.01,124.25,47773.82,1
2024-04-01,2024-04-01 11:21:00,376.04,376.09,376.04,376.09,0.01,124.25,47773.82,1
2024-04-01,2024-04-01 11:22:00,376.09,376.14,376.09,376.14,0.01,124.25,47773.82,1
2024-04-01,2024-04-01 11:23:00,376.14,376.19,376.14,376.19,0.01,124.25,47773.82,1
2024-04-01,2024-04-01 11:24:00,376.19,376.24,376.19,376.24,0.01,124.25,47773.82,1
2024-04-01,2024-04-01 11:25:00,376.24,376.29,376.24,376.29,0.01,124.25,47773.82,1
2024-04-01,2024-04-01 11:26:00,376.29,376.34,376.29,376.34,0.01,124.25,47773.82,1
2024-04-01,2024-04-01 11:27:00,376.34,376.39,376.34,376.39,0.01,124.25,47773.82,1
2024-04-01,2024-04-01 11:28:00,376.39,376.44,376.39,376.44,0.01,124.25,47773.82,1
2024-04-01,2024-04-01 11:29:00,376.44,376.49,376.44,376.49,0.01,124.25,47773.82,1
2024-04-01,2024-04-01 11:30:00,376.49,376.54,376.49,376.54,0.01,124.25,47773.82,1
2024-04-01,2024-04-01 11:31:00,376.54,376.59,376.54,376.59,0.01,124.25,47773.82,1
2024-04-01,2024-04-01 11:32:00,376.59,376.64,376.59,376.64,0.01,124.25,47773.82,1
2024-04-01,2024-04-01 11:33:00,376.64,376.69,376.64,376.69,0.01,124.25,47773.82,1
2024-04-01,2024-04-01 11:34:00,376.69,376.74,376.69,376.74,0.01,124.25,47773.82,1
2024-04-01,2024-04-01 11:35:00,376.74,376.78,376.74,376.78,0.01,124.25,47773.82,1
2024-04-01,2024-04-01 11:36:00,376.78,376.83,376.78,376.83,0.01,124.25,47773.82,1
2024-04-01,2024-04-01 11:37:00,376.83,376.88,376.83,376.88,0.01,124.25,47773.82,1
2024-04-01,2024-04-01 11:38:00,376.88,376.93,376.88,376.93,0.01,124.25,47773.82,1
2024-04-01,2024-04-01 11:39:00,376.93,376.98,376.93,376.98,0.01,124.25,47773.82,1
2024-04-01,2024-04-01 11:40:00,376.98,377.03,376.98,377.03,0.01,124.25,47773.82,1
2024-04-01,2024-04-01 11:41:00,377.03,377.08,377.03,377.08,0.01,124.25,47773.82,1
2024-04-01,2024-04-01 11:42:00,377.08,377.13,377.08,377.13,0.01,124.25,47773.82,1
2024-04-01,2024-04-01 11:43:00,377.13,377.18,377.13,377.18,0.01,124.25,47773.82,1
2024-04-01,2024-04-01 11:44:00,377.18,377.23,377.18,377.23,0.01,124.25,47773.82,1
2024-04-01,2024-04-01 11:45:00,377.23,377.28,377.23,377.28,0.01,124.25,47773.82,1
2024-04-01,2024-04-01 11:46:00,377.28,377.33,377.28,377.33,0.01,124.25,47773.82,1
2024-04-01,2024-04-01 11:47:00,377.33,377.38,377.33,377.38,0.01,124.25,47773.82,1
2024-04-01,2024-04-01 11:48:00,377.38,377.43,377.38,377.43,0.01,124.25,47773.82,1
2024-04-01,2024-04-01 11:49:00,377.43,377.48,377.43,377.48,0.01,124.25,47773.82,1
2024-04-01,2024-04-01 11:50:00,377.48,377.53,377.48,377.53,0.01,124.25,47773.82,1
2024-04-01,2024-04-01 11:51:00,377.53,377.58,377.53,377.58,0.01,124.25,47773.82,1
2024-04-01,2024-04-01 11:52:00,377.58,377.63,377.58,377.63,0.01,124.25,47773.82,1
2024-04-01,2024-04-01 11:53:00,377.63,377.68,377.63,377.68,0.01,124.25,47773.82,1
2024-04-01,2024-04-01 11:54:00,377.68,377.73,377.68,377.73,0.01,124.25,47773.82,1
2024-04-01,2024-04-01 11:55:00,377.73,377.78,377.73,377.78,0.01,124.25,47773.82,1
2024-04-01,2024-04-01 11:56:00,377.78,377.83,377.78,377.83,0.01,124.25,47773.82,1
2024-04-01,2024-04-01 11:57:00,377.83,377.88,377.83,377.88,0.01,124.25,47773.82,1
2024-04-01,2024-04-01 11:58:00,377.88,377.93,377.88,377.93,0.01,124.25,47773.82,1
2024-04-01,2024-04-01 11:59:00,377.93,377.98,377.93,377.98,0.01,124.25,47773.82,1
2024-04-01,2024-04-01 12:00:00,377.98,378.02,377.98,378.02,0.01,124.25,47773.82,1
2024-04-01,2024-04-01 12:01:00,378.02,378.07,378.02,378.07,0.01,124.25,47773.82,1
2024-04-01,2024-04-01 12:02:00,378.07,378.12,378.07,378.12,0.01,124.25,47773.82,1
2024-04-01,2024-04-01 12:03:00,378.12,378.17,378.12,378.17,0.01,124.25,47773.82,1
2024-04-01,2024-04-01 12:04:00,378.17,378.22,378.17,378.22,0.01,124.25,47773.82,1
2024-04-01,2024-04-01 12:05:00,378.22,378.27,378.22,378.27,0.01,124.25,47773.82,1
2024-04-01,2024-04-01 12:06:00,378.27,378.32,378.27,378.32,0.01,124.25,47773.82,1
2024-04-01,2024-04-01 12:07:00,378.32,378.37,378.32,378.37,0.01,124.25,47773.82,1
2024-04-01,2024-04-01 12:08:00,378.37,378.42,378.37,378.42,0.01,124.25,47773.82,1
2024-04-01,2024-04-01 12:09:00,378.42,378.47,378.42,378.47,0.01,124.25,47773.82,1
2024-04-01,2024-04-01 12:10:00,378.47,378.52,378.47,378.52,0.01,124.25,47773.82,1
2024-04-01,2024-04-01 12:11:00,378.52,378.57,378.52,378.57,0.01,124.25,47773.82,1
2024-04-01,2024-04-01 12:12:00,378.57,378.62,378.57,378.62,0.01,124.25,47773.82,1
2024-04-01,2024-04-01 12:13:00,378.62,378.67,378.62,378.67,0.01,124.25,47773.82,1
2024-04-01,2024-04-01 12:14:00,378.67,378.72,378.67,378.72,0.01,124.25,47773.82,1
2024-04-01,2024-04-01 12:15:00,378.72,378.77,378.72,378.77,0.01,124.25,47773.82,1
2024-04-01,2024-04-01 12:16:00,378.77,378.82,378.77,378.82,0.01,124.25,47773.82,1
2024-04-01,2024-04-01 12:17:00,378.82,378.87,378.82,378.87,0.01,124.25,47773.82,1
2024-04-01,2024-04-01 12:18:00,378.87,378.92,378.87,378.92,0.01,124.25,47773.82,1
2024-04-01,2024-04-01 12:19:00,378.92,378.97,378.92,378.97,0.01,124.25,47773.82,1
2024-04-01,2024-04-01 12:20:00,378.97,379.02,378.97,379.02,0.01,124.25,47773.82,1
2024-04-01,2024-04-01 12:21:00,379.02,379.07,379.02,379.07,0.01,124.25,47773.82,1
2024-04-01,2024-04-01 12:22:00,379.07,379.12,379.07,379.12,0.01,124.25,47773.82,1
2024-04-01,2024-04-01 12:23:00,379.12,379.16,379.12,379.16,0.01,124.25,47773.82,1
2024-04-01,2024-04-01 12:24:00,379.16,379.21,379.16,379.21,0.01,124.25,47773.82,1
2024-04-01,2024-04-01 12:25:00,379.21,379.26,379.21,379.26,0.01,124.25,47773.82,1
2024-04-01,2024-04-01 12:26:00,379.26,379.31,379.26,379.31,0.01,124.25,47773.82,1
2024-04-01,2024-04-01 12:27:00,379.31,379.36,379.31,379.36,0.01,124.25,47773.82,1
2024-04-01,2024-04-01 12:28:00,379.36,379.41,379.36,379.41,0.01,124.25,47773.82,1
2024-04-01,2024-04-01 12:29:00,379.41,379.46,379.41,379.46,0.01,124.25,47773.82,1
2024-04-01,2024-04-01 12:30:00,379.46,379.51,379.46,379.51,0.01,124.25,47773.82,1
2024-04-01,2024-04-01 12:31:00,379.51,379.56,379.51,379.56,0.01,124.25,47773.82,1
2024-04-01,2024-04-01 12:32:00,379.56,379.61,379.56,379.61,0.01,124.25,47773.82,1
2024-04-01,2024-04-01 12:33:00,379.61,379.66,379.61,379.66,0.01,124.25,47773.82,1
2024-04-01,2024-04-01 12:34:00,379.66,379.71,379.66,379.71,0.01,124.25,47773.82,1
2024-04-01,2024-04-01 12:35:00,379.71,379.76,379.71,379.76,0.01,124.25,47773.82,1
2024-04-01,2024-04-01 12:36:00,379.76,379.81,379.76,379.81,0.01,124.25,47773.82,1
2024-04-01,2024-04-01 12:37:00,379.81,379.86,379.81,379.86,0.01,124.25,47773.82,1
2024-04-01,2024-04-01 12:38:00,379.86,379.91,379.86,379.91,0.01,124.25,47773.82,1
2024-04-01,2024-04-01 12:39:00,379.91,379.96,379.91,379.96,0.01,124.25,47773.82,1
2024-04-01,2024-04-01 12:40:00,379.96,380.01,379.96,380.01,0.01,124.25,47773.82,1
2024-04-01,2024-04-01 12:41:00,380.01,380.06,380.01,380.06,0.01,124.25,47773.82,1
2024-04-01,2024-04-01 12:42:00,380.06,380.11,380.06,380.11,0.01,124.25,47773.82,1
2024-04-01,2024-04-01 12:43:00,380.11,380.16,380.11,380.16,0.01,124.25,47773.82,1
2024-04-01,2024-04-01 12:44:00,380.16,380.21,380.16,380.21,0.01,124.25,47773.82,1
2024-04-01,2024-04-01 12:45:00,380.21,380.26,380.21,380.26,0.01,124.25,47773.82,1
2024-04-01,2024-04-01 12:46:00,380.26,380.31,380.26,380.31,0.01,124.25,47773.82,1
2024-04-01,2024-04-01 12:47:00,380.31,380.36,380.31,380.36,0.01,124.25,47773.82,1
2024-04-01,2024-04-01 12:48:00,380.36,380.4,380.36,380.4,0.01,124.25,47773.82,1
2024-04-01,2024-04-01 12:49:00,380.4,380.45,380.4,380.45,0.01,124.25,47773.82,1
2024-04-01,2024-04-01 12:50:00,380.45,380.5,380.45,380.5,0.01,124.25,47773.82,1
2024-04-01,2024-04-01 12:51:00,380.5,380.55,380.5,380.55,0.01,124.25,47773.82,1
2024-04-01,2024-04-01 12:52:00,380.55,380.6,380.55,380.6,0.01,124.25,47773.82,1
2024-04-01,2024-04-01 12:53:00,380.6,380.65,380.6,380.65,0.01,124.25,47773.82,1
2024-04-01,2024-04-01 12:54:00,380.65,380.7,380.65,380.7,0.01,124.25,47773.82,1
2024-04-01,2024-04-01 12:55:00,380.7,380.75,380.7,380.75,0.01,124.25,47773.82,1
2024-04-01,2024-04-01 12:56:00,380.75,380.8,380.75,380.8,0.01,124.25,47773.82,1
2024-04-01,2024-04-01 12:57:00,380.8,380.85,380.8,380.85,0.01,124.25,47773.82,1
2024-04-01,2024-04-01 12:58:00,380.85,380.9,380.85,380.9,0.01,124.25,47773.82,1
2024-04-01,2024-04-01 12:59:00,380.9,380.95,380.9,380.95,0.01,124.25,47773.82,1
2024-04-01,2024-04-01 13:00:00,380.95,394.0,366.1,381.0,0.01,124.25,47773.82,1
2024-04-01,2024-04-01 13:01:00,381.0,381.05,381.0,381.05,0.01,124.25,47773.82,1
2024-04-01,2024-04-01 13:02:00,381.05,381.1,381.05,381.1,0.01,124.25,47773.82,1
2024-04-01,2024-04-01 13:03:00,381.1,381.15,381.1,381.15,0.01,124.25,47773.82,1
2024-04-01,2024-04-01 13:04:00,381.15,381.2,381.15,381.2,0.01,124.25,47773.82,1
2024-04-01,2024-04-01 13:05:00,381.2,381.25,381.2,381.25,0.01,124.25,47773.82,1
2024-04-01,2024-04-01 13:06:00,381.25,381.3,381.25,381.3,0.01,124.25,47773.82,1
2024-04-01,2024-04-01 13:07:00,381.3,381.35,381.3,381.35,0.01,124.25,47773.82,1
2024-04-01,2024-04-01 13:08:00,381.35,381.4,381.35,381.4,0.01,124.25,47773.82,1
2024-04-01,2024-04-01 13:09:00,381.4,381.45,381.4,381.45,0.01,124.25,47773.82,1
2024-04-01,2024-04-01 13:10:00,381.45,381.5,381.45,381.5,0.01,124.25,47773.82,1
2024-04-01,2024-04-01 13:11:00,381.5,381.55,381.5,381.55,0.01,124.25,47773.82,1
2024-04-01,2024-04-01 13:12:00,381.55,381.59,381.55,381.59,0.01,124.25,47773.82,1
2024-04-01,2024-04-01 13:13:00,381.59,381.64,381.59,381.64,0.01,124.25,47773.82,1
2024-04-01,2024-04-01 13:14:00,381.64,381.69,381.64,381.69,0.01,124.25,47773.82,1
2024-04-01,2024-04-01 13:15:00,381.69,381.74,381.69,381.74,0.01,124.25,47773.82,1
2024-04-01,2024-04-01 13:16:00,381.74,381.79,381.74,381.79,0.01,124.25,47773.82,1
2024-04-01,2024-04-01 13:17:00,381.79,381.84,381.79,381.84,0.01,124.25,47773.82,1
2024-04-01,2024-04-01 13:18:00,381.84,381.89,381.84,381.89,0.01,124.25,47773.82,1
2024-04-01,2024-04-01 13:19:00,381.89,381.94,381.89,381.94,0.01,124.25,47773.82,1
2024-04-01,2024-04-01 13:20:00,381.94,381.99,381.94,381.99,0.01,124.25,47773.82,1
2024-04-01,2024-04-01 13:21:00,381.99,382.04,381.99,382.04,0.01,124.25,47773.82,1
2024-04-01,2024-04-01 13:22:00,382.04,382.09,382.04,382.09,0.01,124.25,47773.82,1
2024-04-01,2024-04-01 13:23:00,382.09,382.14,382.09,382.14,0.01,124.25,47773.82,1
2024-04-01,2024-04-01 13:24:00,382.14,382.19,382.14,382.19,0.01,124.25,47773.82,1
2024-04-01,2024-04-01 13:25:00,382.19,382.24,382.19,382.24,0.01,124.25,47773.82,1
2024-04-01,2024-04-01 13:26:00,382.24,382.29,382.24,382.29,0.01,124.25,47773.82,1
2024-04-01,2024-04-01 13:27:00,382.29,382.34,382.29,382.34,0.01,124.25,47773.82,1
2024-04-01,2024-04-01 13:28:00,382.34,382.39,382.34,382.39,0.01,124.25,47773.82,1
2024-04-01,2024-04-01 13:29:00,382.39,382.44,382.39,382.44,0.01,124.25,47773.82,1
2024-04-01,2024-04-01 13:30:00,382.44,382.49,382.44,382.49,0.01,124.25,47773.82,1
2024-04-01,2024-04-01 13:31:00,382.49,382.54,382.49,382.54,0.01,124.25,47773.82,1
2024-04-01,2024-04-01 13:32:00,382.54,382.59,382.54,382.59,0.01,124.25,47773.82,1
2024-04-01,2024-04-01 13:33:00,382.59,382.64,382.59,382.64,0.01,124.25,47773.82,1
2024-04-01,2024-04-01 13:34:00,382.64,382.69,382.64,382.69,0.01,124.25,47773.82,1
2024-04-01,2024-04-01 13:35:00,382.69,382.74,382.69,382.74,0.01,124.25,47773.82,1
2024-04-01,2024-04-01 13:36:00,382.74,382.78,382.74,382.78,0.01,124.25,47773.82,1
2024-04-01,2024-04-01 13:37:00,382.78,382.83,382.78,382.83,0.01,124.25,47773.82,1
2024-04-01,2024-04-01 13:38:00,382.83,382.88,382.83,382.88,0.01,124.25,47773.82,1
2024-04-01,2024-04-01 13:39:00,382.88,382.93,382.88,382.93,0.01,124.25,47773.82,1
2024-04-01,2024-04-01 13:40:00,382.93,382.98,382.93,382.98,0.01,124.25,47773.82,1
2024-04-01,2024-04-01 13:41:00,382.98,383.03,382.98,383.03,0.01,124.25,47773.82,1
2024-04-01,2024-04-01 13:42:00,383.03,383.08,383.03,383.08,0.01,124.25,47773.82,1
2024-04-01,2024-04-01 13:43:00,383.08,383.13,383.08,383.13,0.01,124.25,47773.82,1
2024-04-01,2024-04-01 13:44:00,383.13,383.18,383.13,383.18,0.01,124.25,47773.82,1
2024-04-01,2024-04-01 13:45:00,383.18,383.23,383.18,383.23,0.01,124.25,47773.82,1
2024-04-01,2024-04-01 13:46:00,383.23,383.28,383.23,383.28,0.01,124.25,47773.82,1
2024-04-01,2024-04-01 13:47:00,383.28,383.33,383.28,383.33,0.01,124.25,47773.82,1
2024-04-01,2024-04-01 13:48:00,383.33,383.38,383.33,383.38,0.01,124.25,47773.82,1
2024-04-01,2024-04-01 13:49:00,383.38,383.43,383.38,383.43,0.01,124.25,47773.82,1
2024-04-01,2024-04-01 13:50:00,383.43,383.48,383.43,383.48,0.01,124.25,47773.82,1
2024-04-01,2024-04-01 13:51:00,383.48,383.53,383.48,383.53,0.01,124.25,47773.82,1
2024-04-01,2024-04-01 13:52:00,383.53,383.58,383.53,383.58,0.01,124.25,47773.82,1
2024-04-01,2024-04-01 13:53:00,383.58,383.63,383.58,383.63,0.01,124.25,47773.82,1
2024-04-01,2024-04-01 13:54:00,383.63,383.68,383.63,383.68,0.01,124.25,47773.82,1
2024-04-01,2024-04-01 13:55:00,383.68,383.73,383.68,383.73,0.01,124.25,47773.82,1
2024-04-01,2024-04-01 13:56:00,383.73,383.78,383.73,383.78,0.01,124.25,47773.82,1
2024-04-01,2024-04-01 13:57:00,383.78,383.83,383.78,383.83,0.01,124.25,47773.82,1
2024-04-01,2024-04-01 13:58:00,383.83,383.88,383.83,383.88,0.01,124.25,47773.82,1
2024-04-01,2024-04-01 13:59:00,383.88,383.92,383.88,383.92,0.01,124.25,47773.82,1
2024-04-01,2024-04-01 14:00:00,383.92,383.97,383.92,383.97,0.01,124.25,47773.82,1
2024-04-01,2024-04-01 14:01:00,383.97,384.02,383.97,384.02,0.01,124.25,47773.82,1
2024-04-01,2024-04-01 14:02:00,384.02,384.07,384.02,384.07,0.01,124.25,47773.82,1
2024-04-01,2024-04-01 14:03:00,384.07,384.12,384.07,384.12,0.01,124.25,47773.82,1
2024-04-01,2024-04-01 14:04:00,384.12,384.17,384.12,384.17,0.01,124.25,47773.82,1
2024-04-01,2024-04-01 14:05:00,384.17,384.22,384.17,384.22,0.01,124.25,47773.82,1
2024-04-01,2024-04-01 14:06:00,384.22,384.27,384.22,384.27,0.01,124.25,47773.82,1
2024-04-01,2024-04-01 14:07:00,384.27,384.32,384.27,384.32,0.01,124.25,47773.82,1
2024-04-01,2024-04-01 14:08:00,384.32,384.37,384.32,384.37,0.01,124.25,47773.82,1
2024-04-01,2024-04-01 14:09:00,384.37,384.42,384.37,384.42,0.01,124.25,47773.82,1
2024-04-01,2024-04-01 14:10:00,384.42,384.47,384.42,384.47,0.01,124.25,47773.82,1
2024-04-01,2024-04-01 14:11:00,384.47,384.52,384.47,384.52,0.01,124.25,47773.82,1
2024-04-01,2024-04-01 14:12:00,384.52,384.57,384.52,384.57,0.01,124.25,47773.82,1
2024-04-01,2024-04-01 14:13:00,384.57,384.62,384.57,384.62,0.01,124.25,47773.82,1
2024-04-01,2024-04-01 14:14:00,384.62,384.67,384.62,384.67,0.01,124.25,47773.82,1
2024-04-01,2024-04-01 14:15:00,384.67,384.72,384.67,384.72,0.01,124.25,47773.82,1
2024-04-01,2024-04-01 14:16:00,384.72,384.77,384.72,384.77,0.01,124.25,47773.82,1
2024-04-01,2024-04-01 14:17:00,384.77,384.82,384.77,384.82,0.01,124.25,47773.82,1
2024-04-01,2024-04-01 14:18:00,384.82,384.87,384.82,384.87,0.01,124.25,47773.82,1
2024-04-01,2024-04-01 14:19:00,384.87,384.92,384.87,384.92,0.01,124.25,47773.82,1
2024-04-01,2024-04-01 14:20:00,384.92,384.97,384.92,384.97,0.01,124.25,47773.82,1
2024-04-01,2024-04-01 14:21:00,384.97,385.02,384.97,385.02,0.01,124.25,47773.82,1
2024-04-01,2024-04-01 14:22:00,385.02,385.07,385.02,385.07,0.01,124.25,47773.82,1
2024-04-01,2024-04-01 14:23:00,385.07,385.12,385.07,385.12,0.01,124.25,47773.82,1
2024-04-01,2024-04-01 14:24:00,385.12,385.16,385.12,385.16,0.01,124.25,47773.82,1
2024-04-01,2024-04-01 14:25:00,385.16,385.21,385.16,385.21,0.01,124.25,47773.82,1
2024-04-01,2024-04-01 14:26:00,385.21,385.26,385.21,385.26,0.01,124.25,47773.82,1
2024-04-01,2024-04-01 14:27:00,385.26,385.31,385.26,385.31,0.01,124.25,47773.82,1
2024-04-01,2024-04-01 14:28:00,385.31,385.36,385.31,385.36,0.01,124.25,47773.82,1
2024-04-01,2024-04-01 14:29:00,385.36,385.41,385.36,385.41,0.01,124.25,47773.82,1
2024-04-01,2024-04-01 14:30:00,385.41,385.46,385.41,385.46,0.01,124.25,47773.82,1
2024-04-01,2024-04-01 14:31:00,385.46,385.51,385.46,385.51,0.01,124.25,47773.82,1
2024-04-01,2024-04-01 14:32:00,385.51,385.56,385.51,385.56,0.01,124.25,47773.82,1
2024-04-01,2024-04-01 14:33:00,385.56,385.61,385.56,385.61,0.01,124.25,47773.82,1
2024-04-01,2024-04-01 14:34:00,385.61,385.66,385.61,385.66,0.01,124.25,47773.82,1
2024-04-01,2024-04-01 14:35:00,385.66,385.71,385.66,385.71,0.01,124.25,47773.82,1
2024-04-01,2024-04-01 14:36:00,385.71,385.76,385.71,385.76,0.01,124.25,47773.82,1
2024-04-01,2024-04-01 14:37:00,385.76,385.81,385.76,385.81,0.01,124.25,47773.82,1
2024-04-01,2024-04-01 14:38:00,385.81,385.86,385.81,385.86,0.01,124.25,47773.82,1
2024-04-01,2024-04-01 14:39:00,385.86,385.91,385.86,385.91,0.01,124.25,47773.82,1
2024-04-01,2024-04-01 14:40:00,385.91,385.96,385.91,385.96,0.01,124.25,47773.82,1
2024-04-01,2024-04-01 14:41:00,385.96,386.01,385.96,386.01,0.01,124.25,47773.82,1
2024-04-01,2024-04-01 14:42:00,386.01,386.06,386.01,386.06,0.01,124.25,47773.82,1
2024-04-01,2024-04-01 14:43:00,386.06,386.11,386.06,386.11,0.01,124.25,47773.82,1
2024-04-01,2024-04-01 14:44:00,386.11,386.16,386.11,386.16,0.01,124.25,47773.82,1
2024-04-01,2024-04-01 14:45:00,386.16,386.21,386.16,386.21,0.01,124.25,47773.82,1
2024-04-01,2024-04-01 14:46:00,386.21,386.26,386.21,386.26,0.01,124.25,47773.82,1
2024-04-01,2024-04-01 14:47:00,386.26,386.3,386.26,386.3,0.01,124.25,47773.82,1
2024-04-01,2024-04-01 14:48:00,386.3,386.35,386.3,386.35,0.01,124.25,47773.82,1
2024-04-01,2024-04-01 14:49:00,386.35,386.4,386.35,386.4,0.01,124.25,47773.82,1
2024-04-01,2024-04-01 14:50:00,386.4,386.45,386.4,386.45,0.01,124.25,47773.82,1
2024-04-01,2024-04-01 14:51:00,386.45,386.5,386.45,386.5,0.01,124.25,47773.82,1
2024-04-01,2024-04-01 14:52:00,386.5,386.55,386.5,386.55,0.01,124.25,47773.82,1
2024-04-01,2024-04-01 14:53:00,386.55,386.6,386.55,386.6,0.01,124.25,47773.82,1
2024-04-01,2024-04-01 14:54:00,386.6,386.65,386.6,386.65,0.01,124.25,47773.82,1
2024-04-01,2024-04-01 14:55:00,386.65,386.7,386.65,386.7,0.01,124.25,47773.82,1
2024-04-01,2024-04-01 14:56:00,386.7,386.75,386.7,386.75,0.01,124.25,47773.82,1
2024-04-01,2024-04-01 14:57:00,386.75,386.8,386.75,386.8,0.01,124.25,47773.82,1
2024-04-01,2024-04-01 14:58:00,386.8,386.85,386.8,386.85,0.01,124.25,47773.82,1
2024-04-01,2024-04-01 14:59:00,386.85,386.9,386.85,386.9,0.01,124.25,47773.82,1
2024-04-01,2024-04-01 15:00:00,386.9,394.0,366.1,386.9,0.0,124.25,47773.82,0
2024-04-02,2024-04-02 11:00:00,386.9,388.73,381.26,386.85,-0.01,36.84,13839.06,-1
2024-04-02,2024-04-02 11:01:00,386.85,386.85,386.8,386.8,-0.01,36.84,13839.06,-1
2024-04-02,2024-04-02 11:02:00,386.8,386.8,386.75,386.75,-0.01,36.84,13839.06,-1
2024-04-02,2024-04-02 11:03:00,386.75,386.75,386.7,386.7,-0.01,36.84,13839.06,-1
2024-04-02,2024-04-02 11:04:00,386.7,386.7,386.65,386.65,-0.01,36.84,13839.06,-1
2024-04-02,2024-04-02 11:05:00,386.65,386.65,386.6,386.6,-0.01,36.84,13839.06,-1
2024-04-02,2024-04-02 11:06:00,386.6,386.6,386.55,386.55,-0.01,36.84,13839.06,-1
2024-04-02,2024-04-02 11:07:00,386.55,386.55,386.5,386.5,-0.01,36.84,13839.06,-1
2024-04-02,2024-04-02 11:08:00,386.5,386.5,386.45,386.45,-0.01,36.84,13839.06,-1
2024-04-02,2024-04-02 11:09:00,386.45,386.45,386.4,386.4,-0.01,36.84,13839.06,-1
2024-04-02,2024-04-02 11:10:00,386.4,386.4,386.35,386.35,-0.01,36.84,13839.06,-1
2024-04-02,2024-04-02 11:11:00,386.35,386.35,386.3,386.3,-0.01,36.84,13839.06,-1
2024-04-02,2024-04-02 11:12:00,386.3,386.3,386.26,386.26,-0.01,36.84,13839.06,-1
2024-04-02,2024-04-02 11:13:00,386.26,386.26,386.21,386.21,-0.01,36.84,13839.06,-1
2024-04-02,2024-04-02 11:14:00,386.21,386.21,386.16,386.16,-0.01,36.84,13839.06,-1
2024-04-02,2024-04-02 11:15:00,386.16,386.16,386.11,386.11,-0.01,36.84,13839.06,-1
2024-04-02,2024-04-02 11:16:00,386.11,386.11,386.06,386.06,-0.01,36.84,13839.06,-1
2024-04-02,2024-04-02 11:17:00,386.06,386.06,386.01,386.01,-0.01,36.84,13839.06,-1
2024-04-02,2024-04-02 11:18:00,386.01,386.01,385.96,385.96,-0.01,36.84,13839.06,-1
2024-04-02,2024-04-02 11:19:00,385.96,385.96,385.91,385.91,-0.01,36.84,13839.06,-1
2024-04-02,2024-04-02 11:20:00,385.91,385.91,385.86,385.86,-0.01,36.84,13839.06,-1
2024-04-02,2024-04-02 11:21:00,385.86,385.86,385.81,385.81,-0.01,36.84,13839.06,-1
2024-04-02,2024-04-02 11:22:00,385.81,385.81,385.76,385.76,-0.01,36.84,13839.06,-1
2024-04-02,2024-04-02 11:23:00,385.76,385.76,385.71,385.71,-0.01,36.84,13839.06,-1
2024-04-02,2024-04-02 11:24:00,385.71,385.71,385.66,385.66,-0.01,36.84,13839.06,-1
2024-04-02,2024-04-02 11:25:00,385.66,385.66,385.61,385.61,-0.01,36.84,13839.06,-1
2024-04-02,2024-04-02 11:26:00,385.61,385.61,385.56,385.56,-0.01,36.84,13839.06,-1
2024-04-02,2024-04-02 11:27:00,385.56,385.56,385.51,385.51,-0.01,36.84,13839.06,-1
2024-04-02,2024-04-02 11:28:00,385.51,385.51,385.46,385.46,-0.01,36.84,13839.06,-1
2024-04-02,2024-04-02 11:29:00,385.46,385.46,385.41,385.41,-0.01,36.84,13839.06,-1
2024-04-02,2024-04-02 11:30:00,385.41,385.41,385.36,385.36,-0.01,36.84,13839.06,-1
2024-04-02,2024-04-02 11:31:00,385.36,385.36,385.31,385.31,-0.01,36.84,13839.06,-1
2024-04-02,2024-04-02 11:32:00,385.31,385.31,385.26,385.26,-0.01,36.84,13839.06,-1
2024-04-02,2024-04-02 11:33:00,385.26,385.26,385.21,385.21,-0.01,36.84,13839.06,-1
2024-04-02,2024-04-02 11:34:00,385.21,385.21,385.16,385.16,-0.01,36.84,13839.06,-1
2024-04-02,2024-04-02 11:35:00,385.16,385.16,385.12,385.12,-0.01,36.84,13839.06,-1
2024-04-02,2024-04-02 11:36:00,385.12,385.12,385.07,385.07,-0.01,36.84,13839.06,-1
2024-04-02,2024-04-02 11:37:00,385.07,385.07,385.02,385.02,-0.01,36.84,13839.06,-1
2024-04-02,2024-04-02 11:38:00,385.02,385.02,384.97,384.97,-0.01,36.84,13839.06,-1
2024-04-02,2024-04-02 11:39:00,384.97,384.97,384.92,384.92,-0.01,36.84,13839.06,-1
2024-04-02,2024-04-02 11:40:00,384.92,384.92,384.87,384.87,-0.01,36.84,13839.06,-1
2024-04-02,2024-04-02 11:41:00,384.87,384.87,384.82,384.82,-0.01,36.84,13839.06,-1
2024-04-02,2024-04-02 11:42:00,384.82,384.82,384.77,384.77,-0.01,36.84,13839.06,-1
2024-04-02,2024-04-02 11:43:00,384.77,384.77,384.72,384.72,-0.01,36.84,13839.06,-1
2024-04-02,2024-04-02 11:44:00,384.72,384.72,384.67,384.67,-0.01,36.84,13839.06,-1
2024-04-02,2024-04-02 11:45:00,384.67,384.67,384.62,384.62,-0.01,36.84,13839.06,-1
2024-04-02,2024-04-02 11:46:00,384.62,384.62,384.57,384.57,-0.01,36.84,13839.06,-1
2024-04-02,2024-04-02 11:47:00,384.57,384.57,384.52,384.52,-0.01,36.84,13839.06,-1
2024-04-02,2024-04-02 11:48:00,384.52,384.52,384.47,384.47,-0.01,36.84,13839.06,-1
2024-04-02,2024-04-02 11:49:00,384.47,384.47,384.42,384.42,-0.01,36.84,13839.06,-1
2024-04-02,2024-04-02 11:50:00,384.42,384.42,384.37,384.37,-0.01,36.84,13839.06,-1
2024-04-02,2024-04-02 11:51:00,384.37,384.37,384.32,384.32,-0.01,36.84,13839.06,-1
2024-04-02,2024-04-02 11:52:00,384.32,384.32,384.27,384.27,-0.01,36.84,13839.06,-1
2024-04-02,2024-04-02 11:53:00,384.27,384.27,384.22,384.22,-0.01,36.84,13839.06,-1
2024-04-02,2024-04-02 11:54:00,384.22,384.22,384.17,384.17,-0.01,36.84,13839.06,-1
2024-04-02,2024-04-02 11:55:00,384.17,384.17,384.12,384.12,-0.01,36.84,13839.06,-1
2024-04-02,2024-04-02 11:56:00,384.12,384.12,384.07,384.07,-0.01,36.84,13839.06,-1
2024-04-02,2024-04-02 11:57:00,384.07,384.07,384.02,384.02,-0.01,36.84,13839.06,-1
2024-04-02,2024-04-02 11:58:00,384.02,384.02,383.97,383.97,-0.01,36.84,13839.06,-1
2024-04-02,2024-04-02 11:59:00,383.97,383.97,383.92,383.92,-0.01,36.84,13839.06,-1
2024-04-02,2024-04-02 12:00:00,383.92,383.92,383.88,383.88,-0.01,36.84,13839.06,-1
2024-04-02,2024-04-02 12:01:00,383.88,383.88,383.83,383.83,-0.01,36.84,13839.06,-1
2024-04-02,2024-04-02 12:02:00,383.83,383.83,383.78,383.78,-0.01,36.84,13839.06,-1
2024-04-02,2024-04-02 12:03:00,383.78,383.78,383.73,383.73,-0.01,36.84,13839.06,-1
2024-04-02,2024-04-02 12:04:00,383.73,383.73,383.68,383.68,-0.01,36.84,13839.06,-1
2024-04-02,2024-04-02 12:05:00,383.68,383.68,383.63,383.63,-0.01,36.84,13839.06,-1
2024-04-02,2024-04-02 12:06:00,383.63,383.63,383.58,383.58,-0.01,36.84,13839.06,-1
2024-04-02,2024-04-02 12:07:00,383.58,383.58,383.53,383.53,-0.01,36.84,13839.06,-1
2024-04-02,2024-04-02 12:08:00,383.53,383.53,383.48,383.48,-0.01,36.84,13839.06,-1
2024-04-02,2024-04-02 12:09:00,383.48,383.48,383.43,383.43,-0.01,36.84,13839.06,-1
2024-04-02,2024-04-02 12:10:00,383.43,383.43,383.38,383.38,-0.01,36.84,13839.06,-1
2024-04-02,2024-04-02 12:11:00,383.38,383.38,383.33,383.33,-0.01,36.84,13839.06,-1
2024-04-02,2024-04-02 12:12:00,383.33,383.33,383.28,383.28,-0.01,36.84,13839.06,-1
2024-04-02,2024-04-02 12:13:00,383.28,383.28,383.23,383.23,-0.01,36.84,13839.06,-1
2024-04-02,2024-04-02 12:14:00,383.23,383.23,383.18,383.18,-0.01,36.84,13839.06,-1
2024-04-02,2024-04-02 12:15:00,383.18,383.18,383.13,383.13,-0.01,36.84,13839.06,-1
2024-04-02,2024-04-02 12:16:00,383.13,383.13,383.08,383.08,-0.01,36.84,13839.06,-1
2024-04-02,2024-04-02 12:17:00,383.08,383.08,383.03,383.03,-0.01,36.84,13839.06,-1
2024-04-02,2024-04-02 12:18:00,383.03,383.03,382.98,382.98,-0.01,36.84,13839.06,-1
2024-04-02,2024-04-02 12:19:00,382.98,382.98,382.93,382.93,-0.01,36.84,13839.06,-1
2024-04-02,2024-04-02 12:20:00,382.93,382.93,382.88,382.88,-0.01,36.84,13839.06,-1
2024-04-02,2024-04-02 12:21:00,382.88,382.88,382.83,382.83,-0.01,36.84,13839.06,-1
2024-04-02,2024-04-02 12:22:00,382.83,382.83,382.78,382.78,-0.01,36.84,13839.06,-1
2024-04-02,2024-04-02 12:23:00,382.78,382.78,382.74,382.74,-0.01,36.84,13839.06,-1
2024-04-02,2024-04-02 12:24:00,382.74,382.74,382.69,382.69,-0.01,36.84,13839.06,-1
2024-04-02,2024-04-02 12:25:00,382.69,382.69,382.64,382.64,-0.01,36.84,13839.06,-1
2024-04-02,2024-04-02 12:26:00,382.64,382.64,382.59,382.59,-0.01,36.84,13839.06,-1
2024-04-02,2024-04-02 12:27:00,382.59,382.59,382.54,382.54,-0.01,36.84,13839.06,-1
2024-04-02,2024-04-02 12:28:00,382.54,382.54,382.49,382.49,-0.01,36.84,13839.06,-1
2024-04-02,2024-04-02 12:29:00,382.49,382.49,382.44,382.44,-0.01,36.84,13839.06,-1
2024-04-02,2024-04-02 12:30:00,382.44,382.44,382.39,382.39,-0.01,36.84,13839.06,-1
2024-04-02,2024-04-02 12:31:00,382.39,382.39,382.34,382.34,-0.01,36.84,13839.06,-1
2024-04-02,2024-04-02 12:32:00,382.34,382.34,382.29,382.29,-0.01,36.84,13839.06,-1
2024-04-02,2024-04-02 12:33:00,382.29,382.29,382.24,382.24,-0.01,36.84,13839.06,-1
2024-04-02,2024-04-02 12:34:00,382.24,382.24,382.19,382.19,-0.01,36.84,13839.06,-1
2024-04-02,2024-04-02 12:35:00,382.19,382.19,382.14,382.14,-0.01,36.84,13839.06,-1
2024-04-02,2024-04-02 12:36:00,382.14,382.14,382.09,382.09,-0.01,36.84,13839.06,-1
2024-04-02,2024-04-02 12:37:00,382.09,382.09,382.04,382.04,-0.01,36.84,13839.06,-1
2024-04-02,2024-04-02 12:38:00,382.04,382.04,381.99,381.99,-0.01,36.84,13839.06,-1
2024-04-02,2024-04-02 12:39:00,381.99,381.99,381.94,381.94,-0.01,36.84,13839.06,-1
2024-04-02,2024-04-02 12:40:00,381.94,381.94,381.89,381.89,-0.01,36.84,13839.06,-1
2024-04-02,2024-04-02 12:41:00,381.89,381.89,381.84,381.84,-0.01,36.84,13839.06,-1
2024-04-02,2024-04-02 12:42:00,381.84,381.84,381.79,381.79,-0.01,36.84,13839.06,-1
2024-04-02,2024-04-02 12:43:00,381.79,381.79,381.74,381.74,-0.01,36.84,13839.06,-1
2024-04-02,2024-04-02 12:44:00,381.74,381.74,381.69,381.69,-0.01,36.84,13839.06,-1
2024-04-02,2024-04-02 12:45:00,381.69,381.69,381.64,381.64,-0.01,36.84,13839.06,-1
2024-04-02,2024-04-02 12:46:00,381.64,381.64,381.59,381.59,-0.01,36.84,13839.06,-1
2024-04-02,2024-04-02 12:47:00,381.59,381.59,381.54,381.54,-0.01,36.84,13839.06,-1
2024-04-02,2024-04-02 12:48:00,381.54,381.54,381.5,381.5,-0.01,36.84,13839.06,-1
2024-04-02,2024-04-02 12:49:00,381.5,381.5,381.45,381.45,-0.01,36.84,13839.06,-1
2024-04-02,2024-04-02 12:50:00,381.45,381.45,381.4,381.4,-0.01,36.84,13839.06,-1
2024-04-02,2024-04-02 12:51:00,381.4,381.4,381.35,381.35,-0.01,36.84,13839.06,-1
2024-04-02,2024-04-02 12:52:00,381.35,381.35,381.3,381.3,-0.01,36.84,13839.06,-1
2024-04-02,2024-04-02 12:53:00,381.3,381.3,381.25,381.25,-0.01,36.84,13839.06,-1
2024-04-02,2024-04-02 12:54:00,381.25,381.25,381.2,381.2,-0.01,36.84,13839.06,-1
2024-04-02,2024-04-02 12:55:00,381.2,381.2,381.15,381.15,-0.01,36.84,13839.06,-1
2024-04-02,2024-04-02 12:56:00,381.15,381.15,381.1,381.1,-0.01,36.84,13839.06,-1
2024-04-02,2024-04-02 12:57:00,381.1,381.1,381.05,381.05,-0.01,36.84,13839.06,-1
2024-04-02,2024-04-02 12:58:00,381.05,381.05,381.0,381.0,-0.01,36.84,13839.06,-1
2024-04-02,2024-04-02 12:59:00,381.0,381.0,380.95,380.95,-0.01,36.84,13839.06,-1
2024-04-02,2024-04-02 13:00:00,380.95,393.0,368.1,380.9,-0.01,36.84,13839.06,-1
2024-04-02,2024-04-02 13:01:00,380.9,380.9,380.85,380.85,-0.01,36.84,13839.06,-1
2024-04-02,2024-04-02 13:02:00,380.85,380.85,380.8,380.8,-0.01,36.84,13839.06,-1
2024-04-02,2024-04-02 13:03:00,380.8,380.8,380.75,380.75,-0.01,36.84,13839.06,-1
2024-04-02,2024-04-02 13:04:00,380.75,380.75,380.7,380.7,-0.01,36.84,13839.06,-1
2024-04-02,2024-04-02 13:05:00,380.7,380.7,380.65,380.65,-0.01,36.84,13839.06,-1
2024-04-02,2024-04-02 13:06:00,380.65,380.65,380.6,380.6,-0.01,36.84,13839.06,-1
2024-04-02,2024-04-02 13:07:00,380.6,380.6,380.55,380.55,-0.01,36.84,13839.06,-1
2024-04-02,2024-04-02 13:08:00,380.55,380.55,380.5,380.5,-0.01,36.84,13839.06,-1
2024-04-02,2024-04-02 13:09:00,380.5,380.5,380.45,380.45,-0.01,36.84,13839.06,-1
2024-04-02,2024-04-02 13:10:00,380.45,380.45,380.4,380.4,-0.01,36.84,13839.06,-1
2024-04-02,2024-04-02 13:11:00,380.4,380.4,380.35,380.35,-0.01,36.84,13839.06,-1
2024-04-02,2024-04-02 13:12:00,380.35,380.35,380.31,380.31,-0.01,36.84,13839.06,-1
2024-04-02,2024-04-02 13:13:00,380.31,380.31,380.26,380.26,-0.01,36.84,13839.06,-1
2024-04-02,2024-04-02 13:14:00,380.26,380.26,380.21,380.21,-0.01,36.84,13839.06,-1
2024-04-02,2024-04-02 13:15:00,380.21,380.21,380.16,380.16,-0.01,36.84,13839.06,-1
2024-04-02,2024-04-02 13:16:00,380.16,380.16,380.11,380.11,-0.01,36.84,13839.06,-1
2024-04-02,2024-04-02 13:17:00,380.11,380.11,380.06,380.06,-0.01,36.84,13839.06,-1
2024-04-02,2024-04-02 13:18:00,380.06,380.06,380.01,380.01,-0.01,36.84,13839.06,-1
2024-04-02,2024-04-02 13:19:00,380.01,380.01,379.96,379.96,-0.01,36.84,13839.06,-1
2024-04-02,2024-04-02 13:20:00,379.96,379.96,379.91,379.91,-0.01,36.84,13839.06,-1
2024-04-02,2024-04-02 13:21:00,379.91,379.91,379.86,379.86,-0.01,36.84,13839.06,-1
2024-04-02,2024-04-02 13:22:00,379.86,379.86,379.81,379.81,-0.01,36.84,13839.06,-1
2024-04-02,2024-04-02 13:23:00,379.81,379.81,379.76,379.76,-0.01,36.84,13839.06,-1
2024-04-02,2024-04-02 13:24:00,379.76,379.76,379.71,379.71,-0.01,36.84,13839.06,-1
2024-04-02,2024-04-02 13:25:00,379.71,379.71,379.66,379.66,-0.01,36.84,13839.06,-1
2024-04-02,2024-04-02 13:26:00,379.66,379.66,379.61,379.61,-0.01,36.84,13839.06,-1
2024-04-02,2024-04-02 13:27:00,379.61,379.61,379.56,379.56,-0.01,36.84,13839.06,-1
2024-04-02,2024-04-02 13:28:00,379.56,379.56,379.51,379.51,-0.01,36.84,13839.06,-1
2024-04-02,2024-04-02 13:29:00,379.51,379.51,379.46,379.46,-0.01,36.84,13839.06,-1
2024-04-02,2024-04-02 13:30:00,379.46,379.46,379.41,379.41,-0.01,36.84,13839.06,-1
2024-04-02,2024-04-02 13:31:00,379.41,379.41,379.36,379.36,-0.01,36.84,13839.06,-1
2024-04-02,2024-04-02 13:32:00,379.36,379.36,379.31,379.31,-0.01,36.84,13839.06,-1
2024-04-02,2024-04-02 13:33:00,379.31,379.31,379.26,379.26,-0.01,36.84,13839.06,-1
2024-04-02,2024-04-02 13:34:00,379.26,379.26,379.21,379.21,-0.01,36.84,13839.06,-1
2024-04-02,2024-04-02 13:35:00,379.21,379.21,379.16,379.16,-0.01,36.84,13839.06,-1
2024-04-02,2024-04-02 13:36:00,379.16,379.16,379.12,379.12,-0.01,36.84,13839.06,-1
2024-04-02,2024-04-02 13:37:00,379.12,379.12,379.07,379.07,-0.01,36.84,13839.06,-1
2024-04-02,2024-04-02 13:38:00,379.07,379.07,379.02,379.02,-0.01,36.84,13839.06,-1
2024-04-02,2024-04-02 13:39:00,379.02,379.02,378.97,378.97,-0.01,36.84,13839.06,-1
2024-04-02,2024-04-02 13:40:00,378.97,378.97,378.92,378.92,-0.01,36.84,13839.06,-1
2024-04-02,2024-04-02 13:41:00,378.92,378.92,378.87,378.87,-0.01,36.84,13839.06,-1
2024-04-02,2024-04-02 13:42:00,378.87,378.87,378.82,378.82,-0.01,36.84,13839.06,-1
2024-04-02,2024-04-02 13:43:00,378.82,378.82,378.77,378.77,-0.01,36.84,13839.06,-1
2024-04-02,2024-04-02 13:44:00,378.77,378.77,378.72,378.72,-0.01,36.84,13839.06,-1
2024-04-02,2024-04-02 13:45:00,378.72,378.72,378.67,378.67,-0.01,36.84,13839.06,-1
2024-04-02,2024-04-02 13:46:00,378.67,378.67,378.62,378.62,-0.01,36.84,13839.06,-1
2024-04-02,2024-04-02 13:47:00,378.62,378.62,378.57,378.57,-0.01,36.84,13839.06,-1
2024-04-02,2024-04-02 13:48:00,378.57,378.57,378.52,378.52,-0.01,36.84,13839.06,-1
2024-04-02,2024-04-02 13:49:00,378.52,378.52,378.47,378.47,-0.01,36.84,13839.06,-1
2024-04-02,2024-04-02 13:50:00,378.47,378.47,378.42,378.42,-0.01,36.84,13839.06,-1
2024-04-02,2024-04-02 13:51:00,378.42,378.42,378.37,378.37,-0.01,36.84,13839.06,-1
2024-04-02,2024-04-02 13:52:00,378.37,378.37,378.32,378.32,-0.01,36.84,13839.06,-1
2024-04-02,2024-04-02 13:53:00,378.32,378.32,378.27,378.27,-0.01,36.84,13839.06,-1
2024-04-02,2024-04-02 13:54:00,378.27,378.27,378.22,378.22,-0.01,36.84,13839.06,-1
2024-04-02,2024-04-02 13:55:00,378.22,378.22,378.17,378.17,-0.01,36.84,13839.06,-1
2024-04-02,2024-04-02 13:56:00,378.17,378.17,378.12,378.12,-0.01,36.84,13839.06,-1
2024-04-02,2024-04-02 13:57:00,378.12,378.12,378.07,378.07,-0.01,36.84,13839.06,-1
2024-04-02,2024-04-02 13:58:00,378.07,378.07,378.02,378.02,-0.01,36.84,13839.06,-1
2024-04-02,2024-04-02 13:59:00,378.02,378.02,377.98,377.98,-0.01,36.84,13839.06,-1
2024-04-02,2024-04-02 14:00:00,377.98,377.98,377.93,377.93,-0.01,36.84,13839.06,-1
2024-04-02,2024-04-02 14:01:00,377.93,377.93,377.88,377.88,-0.01,36.84,13839.06,-1
2024-04-02,2024-04-02 14:02:00,377.88,377.88,377.83,377.83,-0.01,36.84,13839.06,-1
2024-04-02,2024-04-02 14:03:00,377.83,377.83,377.78,377.78,-0.01,36.84,13839.06,-1
2024-04-02,2024-04-02 14:04:00,377.78,377.78,377.73,377.73,-0.01,36.84,13839.06,-1
2024-04-02,2024-04-02 14:05:00,377.73,377.73,377.68,377.68,-0.01,36.84,13839.06,-1
2024-04-02,2024-04-02 14:06:00,377.68,377.68,377.63,377.63,-0.01,36.84,13839.06,-1
2024-04-02,2024-04-02 14:07:00,377.63,377.63,377.58,377.58,-0.01,36.84,13839.06,-1
2024-04-02,2024-04-02 14:08:00,377.58,377.58,377.53,377.53,-0.01,36.84,13839.06,-1
2024-04-02,2024-04-02 14:09:00,377.53,377.53,377.48,377.48,-0.01,36.84,13839.06,-1
2024-04-02,2024-04-02 14:10:00,377.48,377.48,377.43,377.43,-0.01,36.84,13839.06,-1
2024-04-02,2024-04-02 14:11:00,377.43,377.43,377.38,377.38,-0.01,36.84,13839.06,-1
2024-04-02,2024-04-02 14:12:00,377.38,377.38,377.33,377.33,-0.01,36.84,13839.06,-1
2024-04-02,2024-04-02 14:13:00,377.33,377.33,377.28,377.28,-0.01,36.84,13839.06,-1
2024-04-02,2024-04-02 14:14:00,377.28,377.28,377.23,377.23,-0.01,36.84,13839.06,-1
2024-04-02,2024-04-02 14:15:00,377.23,377.23,377.18,377.18,-0.01,36.84,13839.06,-1
2024-04-02,2024-04-02 14:16:00,377.18,377.18,377.13,377.13,-0.01,36.84,13839.06,-1
2024-04-02,2024-04-02 14:17:00,377.13,377.13,377.08,377.08,-0.01,36.84,13839.06,-1
2024-04-02,2024-04-02 14:18:00,377.08,377.08,377.03,377.03,-0.01,36.84,13839.06,-1
2024-04-02,2024-04-02 14:19:00,377.03,377.03,376.98,376.98,-0.01,36.84,13839.06,-1
2024-04-02,2024-04-02 14:20:00,376.98,376.98,376.93,376.93,-0.01,36.84,13839.06,-1
2024-04-02,2024-04-02 14:21:00,376.93,376.93,376.88,376.88,-0.01,36.84,13839.06,-1
2024-04-02,2024-04-02 14:22:00,376.88,376.88,376.83,376.83,-0.01,36.84,13839.06,-1
2024-04-02,2024-04-02 14:23:00,376.83,376.83,376.78,376.78,-0.01,36.84,13839.06,-1
2024-04-02,2024-04-02 14:24:00,376.78,376.78,376.74,376.74,-0.01,36.84,13839.06,-1
2024-04-02,2024-04-02 14:25:00,376.74,376.74,376.69,376.69,-0.01,36.84,13839.06,-1
2024-04-02,2024-04-02 14:26:00,376.69,376.69,376.64,376.64,-0.01,36.84,13839.06,-1
2024-04-02,2024-04-02 14:27:00,376.64,376.64,376.59,376.59,-0.01,36.84,13839.06,-1
2024-04-02,2024-04-02 14:28:00,376.59,376.59,376.54,376.54,-0.01,36.84,13839.06,-1
2024-04-02,2024-04-02 14:29:00,376.54,376.54,376.49,376.49,-0.01,36.84,13839.06,-1
2024-04-02,2024-04-02 14:30:00,376.49,376.49,376.44,376.44,-0.01,36.84,13839.06,-1
2024-04-02,2024-04-02 14:31:00,376.44,376.44,376.39,376.39,-0.01,36.84,13839.06,-1
2024-04-02,2024-04-02 14:32:00,376.39,376.39,376.34,376.34,-0.01,36.84,13839.06,-1
2024-04-02,2024-04-02 14:33:00,376.34,376.34,376.29,376.29,-0.01,36.84,13839.06,-1
2024-04-02,2024-04-02 14:34:00,376.29,376.29,376.24,376.24,-0.01,36.84,13839.06,-1
2024-04-02,2024-04-02 14:35:00,376.24,376.24,376.19,376.19,-0.01,36.84,13839.06,-1
2024-04-02,2024-04-02 14:36:00,376.19,376.19,376.14,376.14,-0.01,36.84,13839.06,-1
2024-04-02,2024-04-02 14:37:00,376.14,376.14,376.09,376.09,-0.01,36.84,13839.06,-1
2024-04-02,2024-04-02 14:38:00,376.09,376.09,376.04,376.04,-0.01,36.84,13839.06,-1
2024-04-02,2024-04-02 14:39:00,376.04,376.04,375.99,375.99,-0.01,36.84,13839.06,-1
2024-04-02,2024-04-02 14:40:00,375.99,375.99,375.94,375.94,-0.01,36.84,13839.06,-1
2024-04-02,2024-04-02 14:41:00,375.94,375.94,375.89,375.89,-0.01,36.84,13839.06,-1
2024-04-02,2024-04-02 14:42:00,375.89,375.89,375.84,375.84,-0.01,36.84,13839.06,-1
2024-04-02,2024-04-02 14:43:00,375.84,375.84,375.79,375.79,-0.01,36.84,13839.06,-1
2024-04-02,2024-04-02 14:44:00,375.79,375.79,375.74,375.74,-0.01,36.84,13839.06,-1
2024-04-02,2024-04-02 14:45:00,375.74,375.74,375.69,375.69,-0.01,36.84,13839.06,-1
2024-04-02,2024-04-02 14:46:00,375.69,375.69,375.64,375.64,-0.01,36.84,13839.06,-1
2024-04-02,2024-04-02 14:47:00,375.64,375.64,375.6,375.6,-0.01,36.84,13839.06,-1
2024-04-02,2024-04-02 14:48:00,375.6,375.6,375.55,375.55,-0.01,36.84,13839.06,-1
2024-04-02,2024-04-02 14:49:00,375.55,375.55,375.5,375.5,-0.01,36.84,13839.06,-1
2024-04-02,2024-04-02 14:50:00,375.5,375.5,375.45,375.45,-0.01,36.84,13839.06,-1
2024-04-02,2024-04-02 14:51:00,375.45,375.45,375.4,375.4,-0.01,36.84,13839.06,-1
2024-04-02,2024-04-02 14:52:00,375.4,375.4,375.35,375.35,-0.01,36.84,13839.06,-1
2024-04-02,2024-04-02 14:53:00,375.35,375.35,375.3,375.3,-0.01,36.84,13839.06,-1
2024-04-02,2024-04-02 14:54:00,375.3,375.3,375.25,375.25,-0.01,36.84,13839.06,-1
2024-04-02,2024-04-02 14:55:00,375.25,375.25,375.2,375.2,-0.01,36.84,13839.06,-1
2024-04-02,2024-04-02 14:56:00,375.2,375.2,375.15,375.15,-0.01,36.84,13839.06,-1
2024-04-02,2024-04-02 14:57:00,375.15,375.15,375.1,375.1,-0.01,36.84,13839.06,-1
2024-04-02,2024-04-02 14:58:00,375.1,375.1,375.05,375.05,-0.01,36.84,13839.06,-1
2024-04-02,2024-04-02 14:59:00,375.05,375.05,375.0,375.0,-0.01,36.84,13839.06,-1
2024-04-02,2024-04-02 15:00:00,375.0,393.0,368.1,375.0,0.0,36.84,13839.06,0
2024-04-03,2024-04-03 11:00:00,368.0,368.9,365.6,367.98,-0.01,50.33,18272.4,-1
2024-04-03,2024-04-03 11:01:00,367.98,367.98,367.95,367.95,-0.01,50.33,18272.4,-1
2024-04-03,2024-04-03 11:02:00,367.95,367.95,367.93,367.93,-0.01,50.33,18272.4,-1
2024-04-03,2024-04-03 11:03:00,367.93,367.93,367.9,367.9,-0.01,50.33,18272.4,-1
2024-04-03,2024-04-03 11:04:00,367.9,367.9,367.88,367.88,-0.01,50.33,18272.4,-1
2024-04-03,2024-04-03 11:05:00,367.88,367.88,367.85,367.85,-0.01,50.33,18272.4,-1
2024-04-03,2024-04-03 11:06:00,367.85,367.85,367.82,367.82,-0.01,50.33,18272.4,-1
2024-04-03,2024-04-03 11:07:00,367.82,367.82,367.8,367.8,-0.01,50.33,18272.4,-1
2024-04-03,2024-04-03 11:08:00,367.8,367.8,367.77,367.77,-0.01,50.33,18272.4,-1
2024-04-03,2024-04-03 11:09:00,367.77,367.77,367.75,367.75,-0.01,50.33,18272.4,-1
2024-04-03,2024-04-03 11:10:00,367.75,367.75,367.73,367.73,-0.01,50.33,18272.4,-1
2024-04-03,2024-04-03 11:11:00,367.73,367.73,367.7,367.7,-0.01,50.33,18272.4,-1
2024-04-03,2024-04-03 11:12:00,367.7,367.7,367.68,367.68,-0.01,50.33,18272.4,-1
2024-04-03,2024-04-03 11:13:00,367.68,367.68,367.65,367.65,-0.01,50.33,18272.4,-1
2024-04-03,2024-04-03 11:14:00,367.65,367.65,367.62,367.62,-0.01,50.33,18272.4,-1
2024-04-03,2024-04-03 11:15:00,367.62,367.62,367.6,367.6,-0.01,50.33,18272.4,-1
2024-04-03,2024-04-03 11:16:00,367.6,367.6,367.57,367.57,-0.01,50.33,18272.4,-1
2024-04-03,2024-04-03 11:17:00,367.57,367.57,367.55,367.55,-0.01,50.33,18272.4,-1
2024-04-03,2024-04-03 11:18:00,367.55,367.55,367.52,367.52,-0.01,50.33,18272.4,-1
2024-04-03,2024-04-03 11:19:00,367.52,367.52,367.5,367.5,-0.01,50.33,18272.4,-1
2024-04-03,2024-04-03 11:20:00,367.5,367.5,367.48,367.48,-0.01,50.33,18272.4,-1
2024-04-03,2024-04-03 11:21:00,367.48,367.48,367.45,367.45,-0.01,50.33,18272.4,-1
2024-04-03,2024-04-03 11:22:00,367.45,367.45,367.43,367.43,-0.01,50.33,18272.4,-1
2024-04-03,2024-04-03 11:23:00,367.43,367.43,367.4,367.4,-0.01,50.33,18272.4,-1
2024-04-03,2024-04-03 11:24:00,367.4,367.4,367.38,367.38,-0.01,50.33,18272.4,-1
2024-04-03,2024-04-03 11:25:00,367.38,367.38,367.35,367.35,-0.01,50.33,18272.4,-1
2024-04-03,2024-04-03 11:26:00,367.35,367.35,367.32,367.32,-0.01,50.33,18272.4,-1
2024-04-03,2024-04-03 11:27:00,367.32,367.32,367.3,367.3,-0.01,50.33,18272.4,-1
2024-04-03,2024-04-03 11:28:00,367.3,367.3,367.27,367.27,-0.01,50.33,18272.4,-1
2024-04-03,2024-04-03 11:29:00,367.27,367.27,367.25,367.25,-0.01,50.33,18272.4,-1
2024-04-03,2024-04-03 11:30:00,367.25,367.25,367.23,367.23,-0.01,50.33,18272.4,-1
2024-04-03,2024-04-03 11:31:00,367.23,367.23,367.2,367.2,-0.01,50.33,18272.4,-1
2024-04-03,2024-04-03 11:32:00,367.2,367.2,367.18,367.18,-0.01,50.33,18272.4,-1
2024-04-03,2024-04-03 11:33:00,367.18,367.18,367.15,367.15,-0.01,50.33,18272.4,-1
2024-04-03,2024-04-03 11:34:00,367.15,367.15,367.12,367.12,-0.01,50.33,18272.4,-1
2024-04-03,2024-04-03 11:35:00,367.12,367.12,367.1,367.1,-0.01,50.33,18272.4,-1
2024-04-03,2024-04-03 11:36:00,367.1,367.1,367.07,367.07,-0.01,50.33,18272.4,-1
2024-04-03,2024-04-03 11:37:00,367.07,367.07,367.05,367.05,-0.01,50.33,18272.4,-1
2024-04-03,2024-04-03 11:38:00,367.05,367.05,367.02,367.02,-0.01,50.33,18272.4,-1
2024-04-03,2024-04-03 11:39:00,367.02,367.02,367.0,367.0,-0.01,50.33,18272.4,-1
2024-04-03,2024-04-03 11:40:00,367.0,367.0,366.98,366.98,-0.01,50.33,18272.4,-1
2024-04-03,2024-04-03 11:41:00,366.98,366.98,366.95,366.95,-0.01,50.33,18272.4,-1
2024-04-03,2024-04-03 11:42:00,366.95,366.95,366.93,366.93,-0.01,50.33,18272.4,-1
2024-04-03,2024-04-03 11:43:00,366.93,366.93,366.9,366.9,-0.01,50.33,18272.4,-1
2024-04-03,2024-04-03 11:44:00,366.9,366.9,366.88,366.88,-0.01,50.33,18272.4,-1
2024-04-03,2024-04-03 11:45:00,366.88,366.88,366.85,366.85,-0.01,50.33,18272.4,-1
2024-04-03,2024-04-03 11:46:00,366.85,366.85,366.82,366.82,-0.01,50.33,18272.4,-1
2024-04-03,2024-04-03 11:47:00,366.82,366.82,366.8,366.8,-0.01,50.33,18272.4,-1
2024-04-03,2024-04-03 11:48:00,366.8,366.8,366.77,366.77,-0.01,50.33,18272.4,-1
2024-04-03,2024-04-03 11:49:00,366.77,366.77,366.75,366.75,-0.01,50.33,18272.4,-1
2024-04-03,2024-04-03 11:50:00,366.75,366.75,366.73,366.73,-0.01,50.33,18272.4,-1
2024-04-03,2024-04-03 11:51:00,366.73,366.73,366.7,366.7,-0.01,50.33,18272.4,-1
2024-04-03,2024-04-03 11:52:00,366.7,366.7,366.68,366.68,-0.01,50.33,18272.4,-1
2024-04-03,2024-04-03 11:53:00,366.68,366.68,366.65,366.65,-0.01,50.33,18272.4,-1
2024-04-03,2024-04-03 11:54:00,366.65,366.65,366.62,366.62,-0.01,50.33,18272.4,-1
2024-04-03,2024-04-03 11:55:00,366.62,366.62,366.6,366.6,-0.01,50.33,18272.4,-1
2024-04-03,2024-04-03 11:56:00,366.6,366.6,366.57,366.57,-0.01,50.33,18272.4,-1
2024-04-03,2024-04-03 11:57:00,366.57,366.57,366.55,366.55,-0.01,50.33,18272.4,-1
2024-04-03,2024-04-03 11:58:00,366.55,366.55,366.52,366.52,-0.01,50.33,18272.4,-1
2024-04-03,2024-04-03 11:59:00,366.52,366.52,366.5,366.5,-0.01,50.33,18272.4,-1
2024-04-03,2024-04-03 12:00:00,366.5,366.5,366.48,366.48,-0.01,50.33,18272.4,-1
2024-04-03,2024-04-03 12:01:00,366.48,366.48,366.45,366.45,-0.01,50.33,18272.4,-1
2024-04-03,2024-04-03 12:02:00,366.45,366.45,366.43,366.43,-0.01,50.33,18272.4,-1
2024-04-03,2024-04-03 12:03:00,366.43,366.43,366.4,366.4,-0.01,50.33,18272.4,-1
2024-04-03,2024-04-03 12:04:00,366.4,366.4,366.38,366.38,-0.01,50.33,18272.4,-1
2024-04-03,2024-04-03 12:05:00,366.38,366.38,366.35,366.35,-0.01,50.33,18272.4,-1
2024-04-03,2024-04-03 12:06:00,366.35,366.35,366.32,366.32,-0.01,50.33,18272.4,-1
2024-04-03,2024-04-03 12:07:00,366.32,366.32,366.3,366.3,-0.01,50.33,18272.4,-1
2024-04-03,2024-04-03 12:08:00,366.3,366.3,366.27,366.27,-0.01,50.33,18272.4,-1
2024-04-03,2024-04-03 12:09:00,366.27,366.27,366.25,366.25,-0.01,50.33,18272.4,-1
2024-04-03,2024-04-03 12:10:00,366.25,366.25,366.23,366.23,-0.01,50.33,18272.4,-1
2024-04-03,2024-04-03 12:11:00,366.23,366.23,366.2,366.2,-0.01,50.33,18272.4,-1
2024-04-03,2024-04-03 12:12:00,366.2,366.2,366.18,366.18,-0.01,50.33,18272.4,-1
2024-04-03,2024-04-03 12:13:00,366.18,366.18,366.15,366.15,-0.01,50.33,18272.4,-1
2024-04-03,2024-04-03 12:14:00,366.15,366.15,366.12,366.12,-0.01,50.33,18272.4,-1
2024-04-03,2024-04-03 12:15:00,366.12,366.12,366.1,366.1,-0.01,50.33,18272.4,-1
2024-04-03,2024-04-03 12:16:00,366.1,366.1,366.07,366.07,-0.01,50.33,18272.4,-1
2024-04-03,2024-04-03 12:17:00,366.07,366.07,366.05,366.05,-0.01,50.33,18272.4,-1
2024-04-03,2024-04-03 12:18:00,366.05,366.05,366.02,366.02,-0.01,50.33,18272.4,-1
2024-04-03,2024-04-03 12:19:00,366.02,366.02,366.0,366.0,-0.01,50.33,18272.4,-1
2024-04-03,2024-04-03 12:20:00,366.0,366.0,365.98,365.98,-0.01,50.33,18272.4,-1
2024-04-03,2024-04-03 12:21:00,365.98,365.98,365.95,365.95,-0.01,50.33,18272.4,-1
2024-04-03,2024-04-03 12:22:00,365.95,365.95,365.93,365.93,-0.01,50.33,18272.4,-1
2024-04-03,2024-04-03 12:23:00,365.93,365.93,365.9,365.9,-0.01,50.33,18272.4,-1
2024-04-03,2024-04-03 12:24:00,365.9,365.9,365.88,365.88,-0.01,50.33,18272.4,-1
2024-04-03,2024-04-03 12:25:00,365.88,365.88,365.85,365.85,-0.01,50.33,18272.4,-1
2024-04-03,2024-04-03 12:26:00,365.85,365.85,365.82,365.82,-0.01,50.33,18272.4,-1
2024-04-03,2024-04-03 12:27:00,365.82,365.82,365.8,365.8,-0.01,50.33,18272.4,-1
2024-04-03,2024-04-03 12:28:00,365.8,365.8,365.77,365.77,-0.01,50.33,18272.4,-1
2024-04-03,2024-04-03 12:29:00,365.77,365.77,365.75,365.75,-0.01,50.33,18272.4,-1
2024-04-03,2024-04-03 12:30:00,365.75,365.75,365.73,365.73,-0.01,50.33,18272.4,-1
2024-04-03,2024-04-03 12:31:00,365.73,365.73,365.7,365.7,-0.01,50.33,18272.4,-1
2024-04-03,2024-04-03 12:32:00,365.7,365.7,365.68,365.68,-0.01,50.33,18272.4,-1
2024-04-03,2024-04-03 12:33:00,365.68,365.68,365.65,365.65,-0.01,50.33,18272.4,-1
2024-04-03,2024-04-03 12:34:00,365.65,365.65,365.62,365.62,-0.01,50.33,18272.4,-1
2024-04-03,2024-04-03 12:35:00,365.62,365.62,365.6,365.6,-0.01,50.33,18272.4,-1
2024-04-03,2024-04-03 12:36:00,365.6,365.6,365.57,365.57,-0.01,50.33,18272.4,-1
2024-04-03,2024-04-03 12:37:00,365.57,365.57,365.55,365.55,-0.01,50.33,18272.4,-1
2024-04-03,2024-04-03 12:38:00,365.55,365.55,365.52,365.52,-0.01,50.33,18272.4,-1
2024-04-03,2024-04-03 12:39:00,365.52,365.52,365.5,365.5,-0.01,50.33,18272.4,-1
2024-04-03,2024-04-03 12:40:00,365.5,365.5,365.48,365.48,-0.01,50.33,18272.4,-1
2024-04-03,2024-04-03 12:41:00,365.48,365.48,365.45,365.45,-0.01,50.33,18272.4,-1
2024-04-03,2024-04-03 12:42:00,365.45,365.45,365.43,365.43,-0.01,50.33,18272.4,-1
2024-04-03,2024-04-03 12:43:00,365.43,365.43,365.4,365.4,-0.01,50.33,18272.4,-1
2024-04-03,2024-04-03 12:44:00,365.4,365.4,365.38,365.38,-0.01,50.33,18272.4,-1
2024-04-03,2024-04-03 12:45:00,365.38,365.38,365.35,365.35,-0.01,50.33,18272.4,-1
2024-04-03,2024-04-03 12:46:00,365.35,365.35,365.32,365.32,-0.01,50.33,18272.4,-1
2024-04-03,2024-04-03 12:47:00,365.32,365.32,365.3,365.3,-0.01,50.33,18272.4,-1
2024-04-03,2024-04-03 12:48:00,365.3,365.3,365.27,365.27,-0.01,50.33,18272.4,-1
2024-04-03,2024-04-03 12:49:00,365.27,365.27,365.25,365.25,-0.01,50.33,18272.4,-1
2024-04-03,2024-04-03 12:50:00,365.25,365.25,365.23,365.23,-0.01,50.33,18272.4,-1
2024-04-03,2024-04-03 12:51:00,365.23,365.23,365.2,365.2,-0.01,50.33,18272.4,-1
2024-04-03,2024-04-03 12:52:00,365.2,365.2,365.18,365.18,-0.01,50.33,18272.4,-1
2024-04-03,2024-04-03 12:53:00,365.18,365.18,365.15,365.15,-0.01,50.33,18272.4,-1
2024-04-03,2024-04-03 12:54:00,365.15,365.15,365.12,365.12,-0.01,50.33,18272.4,-1
2024-04-03,2024-04-03 12:55:00,365.12,365.12,365.1,365.1,-0.01,50.33,18272.4,-1
2024-04-03,2024-04-03 12:56:00,365.1,365.1,365.07,365.07,-0.01,50.33,18272.4,-1
2024-04-03,2024-04-03 12:57:00,365.07,365.07,365.05,365.05,-0.01,50.33,18272.4,-1
2024-04-03,2024-04-03 12:58:00,365.05,365.05,365.02,365.02,-0.01,50.33,18272.4,-1
2024-04-03,2024-04-03 12:59:00,365.02,365.02,365.0,365.0,-0.01,50.33,18272.4,-1
2024-04-03,2024-04-03 13:00:00,365.0,371.0,360.0,364.98,-0.01,50.33,18272.4,-1
2024-04-03,2024-04-03 13:01:00,364.98,364.98,364.95,364.95,-0.01,50.33,18272.4,-1
2024-04-03,2024-04-03 13:02:00,364.95,364.95,364.93,364.93,-0.01,50.33,18272.4,-1
2024-04-03,2024-04-03 13:03:00,364.93,364.93,364.9,364.9,-0.01,50.33,18272.4,-1
2024-04-03,2024-04-03 13:04:00,364.9,364.9,364.88,364.88,-0.01,50.33,18272.4,-1
2024-04-03,2024-04-03 13:05:00,364.88,364.88,364.85,364.85,-0.01,50.33,18272.4,-1
2024-04-03,2024-04-03 13:06:00,364.85,364.85,364.82,364.82,-0.01,50.33,18272.4,-1
2024-04-03,2024-04-03 13:07:00,364.82,364.82,364.8,364.8,-0.01,50.33,18272.4,-1
2024-04-03,2024-04-03 13:08:00,364.8,364.8,364.77,364.77,-0.01,50.33,18272.4,-1
2024-04-03,2024-04-03 13:09:00,364.77,364.77,364.75,364.75,-0.01,50.33,18272.4,-1
2024-04-03,2024-04-03 13:10:00,364.75,364.75,364.73,364.73,-0.01,50.33,18272.4,-1
2024-04-03,2024-04-03 13:11:00,364.73,364.73,364.7,364.7,-0.01,50.33,18272.4,-1
2024-04-03,2024-04-03 13:12:00,364.7,364.7,364.68,364.68,-0.01,50.33,18272.4,-1
2024-04-03,2024-04-03 13:13:00,364.68,364.68,364.65,364.65,-0.01,50.33,18272.4,-1
2024-04-03,2024-04-03 13:14:00,364.65,364.65,364.62,364.62,-0.01,50.33,18272.4,-1
2024-04-03,2024-04-03 13:15:00,364.62,364.62,364.6,364.6,-0.01,50.33,18272.4,-1
2024-04-03,2024-04-03 13:16:00,364.6,364.6,364.57,364.57,-0.01,50.33,18272.4,-1
2024-04-03,2024-04-03 13:17:00,364.57,364.57,364.55,364.55,-0.01,50.33,18272.4,-1
2024-04-03,2024-04-03 13:18:00,364.55,364.55,364.52,364.52,-0.01,50.33,18272.4,-1
2024-04-03,2024-04-03 13:19:00,364.52,364.52,364.5,364.5,-0.01,50.33,18272.4,-1
2024-04-03,2024-04-03 13:20:00,364.5,364.5,364.48,364.48,-0.01,50.33,18272.4,-1
2024-04-03,2024-04-03 13:21:00,364.48,364.48,364.45,364.45,-0.01,50.33,18272.4,-1
2024-04-03,2024-04-03 13:22:00,364.45,364.45,364.43,364.43,-0.01,50.33,18272.4,-1
2024-04-03,2024-04-03 13:23:00,364.43,364.43,364.4,364.4,-0.01,50.33,18272.4,-1
2024-04-03,2024-04-03 13:24:00,364.4,364.4,364.38,364.38,-0.01,50.33,18272.4,-1
2024-04-03,2024-04-03 13:25:00,364.38,364.38,364.35,364.35,-0.01,50.33,18272.4,-1
2024-04-03,2024-04-03 13:26:00,364.35,364.35,364.32,364.32,-0.01,50.33,18272.4,-1
2024-04-03,2024-04-03 13:27:00,364.32,364.32,364.3,364.3,-0.01,50.33,18272.4,-1
2024-04-03,2024-04-03 13:28:00,364.3,364.3,364.27,364.27,-0.01,50.33,18272.4,-1
2024-04-03,2024-04-03 13:29:00,364.27,364.27,364.25,364.25,-0.01,50.33,18272.4,-1
2024-04-03,2024-04-03 13:30:00,364.25,364.25,364.23,364.23,-0.01,50.33,18272.4,-1
2024-04-03,2024-04-03 13:31:00,364.23,364.23,364.2,364.2,-0.01,50.33,18272.4,-1
2024-04-03,2024-04-03 13:32:00,364.2,364.2,364.18,364.18,-0.01,50.33,18272.4,-1
2024-04-03,2024-04-03 13:33:00,364.18,364.18,364.15,364.15,-0.01,50.33,18272.4,-1
2024-04-03,2024-04-03 13:34:00,364.15,364.15,364.12,364.12,-0.01,50.33,18272.4,-1
2024-04-03,2024-04-03 13:35:00,364.12,364.12,364.1,364.1,-0.01,50.33,18272.4,-1
2024-04-03,2024-04-03 13:36:00,364.1,364.1,364.07,364.07,-0.01,50.33,18272.4,-1
2024-04-03,2024-04-03 13:37:00,364.07,364.07,364.05,364.05,-0.01,50.33,18272.4,-1
2024-04-03,2024-04-03 13:38:00,364.05,364.05,364.02,364.02,-0.01,50.33,18272.4,-1
2024-04-03,2024-04-03 13:39:00,364.02,364.02,364.0,364.0,-0.01,50.33,18272.4,-1
2024-04-03,2024-04-03 13:40:00,364.0,364.0,363.98,363.98,-0.01,50.33,18272.4,-1
2024-04-03,2024-04-03 13:41:00,363.98,363.98,363.95,363.95,-0.01,50.33,18272.4,-1
2024-04-03,2024-04-03 13:42:00,363.95,363.95,363.93,363.93,-0.01,50.33,18272.4,-1
2024-04-03,2024-04-03 13:43:00,363.93,363.93,363.9,363.9,-0.01,50.33,18272.4,-1
2024-04-03,2024-04-03 13:44:00,363.9,363.9,363.88,363.88,-0.01,50.33,18272.4,-1
2024-04-03,2024-04-03 13:45:00,363.88,363.88,363.85,363.85,-0.01,50.33,18272.4,-1
2024-04-03,2024-04-03 13:46:00,363.85,363.85,363.82,363.82,-0.01,50.33,18272.4,-1
2024-04-03,2024-04-03 13:47:00,363.82,363.82,363.8,363.8,-0.01,50.33,18272.4,-1
2024-04-03,2024-04-03 13:48:00,363.8,363.8,363.77,363.77,-0.01,50.33,18272.4,-1
2024-04-03,2024-04-03 13:49:00,363.77,363.77,363.75,363.75,-0.01,50.33,18272.4,-1
2024-04-03,2024-04-03 13:50:00,363.75,363.75,363.73,363.73,-0.01,50.33,18272.4,-1
2024-04-03,2024-04-03 13:51:00,363.73,363.73,363.7,363.7,-0.01,50.33,18272.4,-1
2024-04-03,2024-04-03 13:52:00,363.7,363.7,363.68,363.68,-0.01,50.33,18272.4,-1
2024-04-03,2024-04-03 13:53:00,363.68,363.68,363.65,363.65,-0.01,50.33,18272.4,-1
2024-04-03,2024-04-03 13:54:00,363.65,363.65,363.62,363.62,-0.01,50.33,18272.4,-1
2024-04-03,2024-04-03 13:55:00,363.62,363.62,363.6,363.6,-0.01,50.33,18272.4,-1
2024-04-03,2024-04-03 13:56:00,363.6,363.6,363.57,363.57,-0.01,50.33,18272.4,-1
2024-04-03,2024-04-03 13:57:00,363.57,363.57,363.55,363.55,-0.01,50.33,18272.4,-1
2024-04-03,2024-04-03 13:58:00,363.55,363.55,363.52,363.52,-0.01,50.33,18272.4,-1
2024-04-03,2024-04-03 13:59:00,363.52,363.52,363.5,363.5,-0.01,50.33,18272.4,-1
2024-04-03,2024-04-03 14:00:00,363.5,363.5,363.48,363.48,-0.01,50.33,18272.4,-1
2024-04-03,2024-04-03 14:01:00,363.48,363.48,363.45,363.45,-0.01,50.33,18272.4,-1
2024-04-03,2024-04-03 14:02:00,363.45,363.45,363.43,363.43,-0.01,50.33,18272.4,-1
2024-04-03,2024-04-03 14:03:00,363.43,363.43,363.4,363.4,-0.01,50.33,18272.4,-1
2024-04-03,2024-04-03 14:04:00,363.4,363.4,363.38,363.38,-0.01,50.33,18272.4,-1
2024-04-03,2024-04-03 14:05:00,363.38,363.38,363.35,363.35,-0.01,50.33,18272.4,-1
2024-04-03,2024-04-03 14:06:00,363.35,363.35,363.32,363.32,-0.01,50.33,18272.4,-1
2024-04-03,2024-04-03 14:07:00,363.32,363.32,363.3,363.3,-0.01,50.33,18272.4,-1
2024-04-03,2024-04-03 14:08:00,363.3,363.3,363.27,363.27,-0.01,50.33,18272.4,-1
2024-04-03,2024-04-03 14:09:00,363.27,363.27,363.25,363.25,-0.01,50.33,18272.4,-1
2024-04-03,2024-04-03 14:10:00,363.25,363.25,363.23,363.23,-0.01,50.33,18272.4,-1
2024-04-03,2024-04-03 14:11:00,363.23,363.23,363.2,363.2,-0.01,50.33,18272.4,-1
2024-04-03,2024-04-03 14:12:00,363.2,363.2,363.18,363.18,-0.01,50.33,18272.4,-1
2024-04-03,2024-04-03 14:13:00,363.18,363.18,363.15,363.15,-0.01,50.33,18272.4,-1
2024-04-03,2024-04-03 14:14:00,363.15,363.15,363.12,363.12,-0.01,50.33,18272.4,-1
2024-04-03,2024-04-03 14:15:00,363.12,363.12,363.1,363.1,-0.01,50.33,18272.4,-1
2024-04-03,2024-04-03 14:16:00,363.1,363.1,363.07,363.07,-0.01,50.33,18272.4,-1
2024-04-03,2024-04-03 14:17:00,363.07,363.07,363.05,363.05,-0.01,50.33,18272.4,-1
2024-04-03,2024-04-03 14:18:00,363.05,363.05,363.02,363.02,-0.01,50.33,18272.4,-1
2024-04-03,2024-04-03 14:19:00,363.02,363.02,363.0,363.0,-0.01,50.33,18272.4,-1
2024-04-03,2024-04-03 14:20:00,363.0,363.0,362.98,362.98,-0.01,50.33,18272.4,-1
2024-04-03,2024-04-03 14:21:00,362.98,362.98,362.95,362.95,-0.01,50.33,18272.4,-1
2024-04-03,2024-04-03 14:22:00,362.95,362.95,362.93,362.93,-0.01,50.33,18272.4,-1
2024-04-03,2024-04-03 14:23:00,362.93,362.93,362.9,362.9,-0.01,50.33,18272.4,-1
2024-04-03,2024-04-03 14:24:00,362.9,362.9,362.88,362.88,-0.01,50.33,18272.4,-1
2024-04-03,2024-04-03 14:25:00,362.88,362.88,362.85,362.85,-0.01,50.33,18272.4,-1
2024-04-03,2024-04-03 14:26:00,362.85,362.85,362.82,362.82,-0.01,50.33,18272.4,-1
2024-04-03,2024-04-03 14:27:00,362.82,362.82,362.8,362.8,-0.01,50.33,18272.4,-1
2024-04-03,2024-04-03 14:28:00,362.8,362.8,362.77,362.77,-0.01,50.33,18272.4,-1
2024-04-03,2024-04-03 14:29:00,362.77,362.77,362.75,362.75,-0.01,50.33,18272.4,-1
2024-04-03,2024-04-03 14:30:00,362.75,362.75,362.73,362.73,-0.01,50.33,18272.4,-1
2024-04-03,2024-04-03 14:31:00,362.73,362.73,362.7,362.7,-0.01,50.33,18272.4,-1
2024-04-03,2024-04-03 14:32:00,362.7,362.7,362.68,362.68,-0.01,50.33,18272.4,-1
2024-04-03,2024-04-03 14:33:00,362.68,362.68,362.65,362.65,-0.01,50.33,18272.4,-1
2024-04-03,2024-04-03 14:34:00,362.65,362.65,362.62,362.62,-0.01,50.33,18272.4,-1
2024-04-03,2024-04-03 14:35:00,362.62,362.62,362.6,362.6,-0.01,50.33,18272.4,-1
2024-04-03,2024-04-03 14:36:00,362.6,362.6,362.57,362.57,-0.01,50.33,18272.4,-1
2024-04-03,2024-04-03 14:37:00,362.57,362.57,362.55,362.55,-0.01,50.33,18272.4,-1
2024-04-03,2024-04-03 14:38:00,362.55,362.55,362.52,362.52,-0.01,50.33,18272.4,-1
2024-04-03,2024-04-03 14:39:00,362.52,362.52,362.5,362.5,-0.01,50.33,18272.4,-1
2024-04-03,2024-04-03 14:40:00,362.5,362.5,362.48,362.48,-0.01,50.33,18272.4,-1
2024-04-03,2024-04-03 14:41:00,362.48,362.48,362.45,362.45,-0.01,50.33,18272.4,-1
2024-04-03,2024-04-03 14:42:00,362.45,362.45,362.43,362.43,-0.01,50.33,18272.4,-1
2024-04-03,2024-04-03 14:43:00,362.43,362.43,362.4,362.4,-0.01,50.33,18272.4,-1
2024-04-03,2024-04-03 14:44:00,362.4,362.4,362.38,362.38,-0.01,50.33,18272.4,-1
2024-04-03,2024-04-03 14:45:00,362.38,362.38,362.35,362.35,-0.01,50.33,18272.4,-1
2024-04-03,2024-04-03 14:46:00,362.35,362.35,362.32,362.32,-0.01,50.33,18272.4,-1
2024-04-03,2024-04-03 14:47:00,362.32,362.32,362.3,362.3,-0.01,50.33,18272.4,-1
2024-04-03,2024-04-03 14:48:00,362.3,362.3,362.27,362.27,-0.01,50.33,18272.4,-1
2024-04-03,2024-04-03 14:49:00,362.27,362.27,362.25,362.25,-0.01,50.33,18272.4,-1
2024-04-03,2024-04-03 14:50:00,362.25,362.25,362.23,362.23,-0.01,50.33,18272.4,-1
2024-04-03,2024-04-03 14:51:00,362.23,362.23,362.2,362.2,-0.01,50.33,18272.4,-1
2024-04-03,2024-04-03 14:52:00,362.2,362.2,362.18,362.18,-0.01,50.33,18272.4,-1
2024-04-03,2024-04-03 14:53:00,362.18,362.18,362.15,362.15,-0.01,50.33,18272.4,-1
2024-04-03,2024-04-03 14:54:00,362.15,362.15,362.12,362.12,-0.01,50.33,18272.4,-1
2024-04-03,2024-04-03 14:55:00,362.12,362.12,362.1,362.1,-0.01,50.33,18272.4,-1
2024-04-03,2024-04-03 14:56:00,362.1,362.1,362.07,362.07,-0.01,50.33,18272.4,-1
2024-04-03,2024-04-03 14:57:00,362.07,362.07,362.05,362.05,-0.01,50.33,18272.4,-1
2024-04-03,2024-04-03 14:58:00,362.05,362.05,362.02,362.02,-0.01,50.33,18272.4,-1
2024-04-03,2024-04-03 14:59:00,362.02,362.02,362.0,362.0,-0.01,50.33,18272.4,-1
2024-04-03,2024-04-03 15:00:00,362.0,371.0,360.0,362.0,0.0,50.33,18272.4,0
2024-04-04,2024-04-04 11:00:00,357.0,360.3,356.7,357.02,0.01,27.38,9886.15,1
2024-04-04,2024-04-04 11:01:00,357.02,357.05,357.02,357.05,0.01,27.38,9886.15,1
2024-04-04,2024-04-04 11:02:00,357.05,357.07,357.05,357.07,0.01,27.38,9886.15,1
2024-04-04,2024-04-04 11:03:00,357.07,357.1,357.07,357.1,0.01,27.38,9886.15,1
2024-04-04,2024-04-04 11:04:00,357.1,357.12,357.1,357.12,0.01,27.38,9886.15,1
2024-04-04,2024-04-04 11:05:00,357.12,357.15,357.12,357.15,0.01,27.38,9886.15,1
2024-04-04,2024-04-04 11:06:00,357.15,357.18,357.15,357.18,0.01,27.38,9886.15,1
2024-04-04,2024-04-04 11:07:00,357.18,357.2,357.18,357.2,0.01,27.38,9886.15,1
2024-04-04,2024-04-04 11:08:00,357.2,357.23,357.2,357.23,0.01,27.38,9886.15,1
2024-04-04,2024-04-04 11:09:00,357.23,357.25,357.23,357.25,0.01,27.38,9886.15,1
2024-04-04,2024-04-04 11:10:00,357.25,357.27,357.25,357.27,0.01,27.38,9886.15,1
2024-04-04,2024-04-04 11:11:00,357.27,357.3,357.27,357.3,0.01,27.38,9886.15,1
2024-04-04,2024-04-04 11:12:00,357.3,357.32,357.3,357.32,0.01,27.38,9886.15,1
2024-04-04,2024-04-04 11:13:00,357.32,357.35,357.32,357.35,0.01,27.38,9886.15,1
2024-04-04,2024-04-04 11:14:00,357.35,357.38,357.35,357.38,0.01,27.38,9886.15,1
2024-04-04,2024-04-04 11:15:00,357.38,357.4,357.38,357.4,0.01,27.38,9886.15,1
2024-04-04,2024-04-04 11:16:00,357.4,357.43,357.4,357.43,0.01,27.38,9886.15,1
2024-04-04,2024-04-04 11:17:00,357.43,357.45,357.43,357.45,0.01,27.38,9886.15,1
2024-04-04,2024-04-04 11:18:00,357.45,357.48,357.45,357.48,0.01,27.38,9886.15,1
2024-04-04,2024-04-04 11:19:00,357.48,357.5,357.48,357.5,0.01,27.38,9886.15,1
2024-04-04,2024-04-04 11:20:00,357.5,357.52,357.5,357.52,0.01,27.38,9886.15,1
2024-04-04,2024-04-04 11:21:00,357.52,357.55,357.52,357.55,0.01,27.38,9886.15,1
2024-04-04,2024-04-04 11:22:00,357.55,357.57,357.55,357.57,0.01,27.38,9886.15,1
2024-04-04,2024-04-04 11:23:00,357.57,357.6,357.57,357.6,0.01,27.38,9886.15,1
2024-04-04,2024-04-04 11:24:00,357.6,357.62,357.6,357.62,0.01,27.38,9886.15,1
2024-04-04,2024-04-04 11:25:00,357.62,357.65,357.62,357.65,0.01,27.38,9886.15,1
2024-04-04,2024-04-04 11:26:00,357.65,357.68,357.65,357.68,0.01,27.38,9886.15,1
2024-04-04,2024-04-04 11:27:00,357.68,357.7,357.68,357.7,0.01,27.38,9886.15,1
2024-04-04,2024-04-04 11:28:00,357.7,357.73,357.7,357.73,0.01,27.38,9886.15,1
2024-04-04,2024-04-04 11:29:00,357.73,357.75,357.73,357.75,0.01,27.38,9886.15,1
2024-04-04,2024-04-04 11:30:00,357.75,357.77,357.75,357.77,0.01,27.38,9886.15,1
2024-04-04,2024-04-04 11:31:00,357.77,357.8,357.77,357.8,0.01,27.38,9886.15,1
2024-04-04,2024-04-04 11:32:00,357.8,357.82,357.8,357.82,0.01,27.38,9886.15,1
2024-04-04,2024-04-04 11:33:00,357.82,357.85,357.82,357.85,0.01,27.38,9886.15,1
2024-04-04,2024-04-04 11:34:00,357.85,357.88,357.85,357.88,0.01,27.38,9886.15,1
2024-04-04,2024-04-04 11:35:00,357.88,357.9,357.88,357.9,0.01,27.38,9886.15,1
2024-04-04,2024-04-04 11:36:00,357.9,357.93,357.9,357.93,0.01,27.38,9886.15,1
2024-04-04,2024-04-04 11:37:00,357.93,357.95,357.93,357.95,0.01,27.38,9886.15,1
2024-04-04,2024-04-04 11:38:00,357.95,357.98,357.95,357.98,0.01,27.38,9886.15,1
2024-04-04,2024-04-04 11:39:00,357.98,358.0,357.98,358.0,0.01,27.38,9886.15,1
2024-04-04,2024-04-04 11:40:00,358.0,358.02,358.0,358.02,0.01,27.38,9886.15,1
2024-04-04,2024-04-04 11:41:00,358.02,358.05,358.02,358.05,0.01,27.38,9886.15,1
2024-04-04,2024-04-04 11:42:00,358.05,358.07,358.05,358.07,0.01,27.38,9886.15,1
2024-04-04,2024-04-04 11:43:00,358.07,358.1,358.07,358.1,0.01,27.38,9886.15,1
2024-04-04,2024-04-04 11:44:00,358.1,358.12,358.1,358.12,0.01,27.38,9886.15,1
2024-04-04,2024-04-04 11:45:00,358.12,358.15,358.12,358.15,0.01,27.38,9886.15,1
2024-04-04,2024-04-04 11:46:00,358.15,358.18,358.15,358.18,0.01,27.38,9886.15,1
2024-04-04,2024-04-04 11:47:00,358.18,358.2,358.18,358.2,0.01,27.38,9886.15,1
2024-04-04,2024-04-04 11:48:00,358.2,358.23,358.2,358.23,0.01,27.38,9886.15,1
2024-04-04,2024-04-04 11:49:00,358.23,358.25,358.23,358.25,0.01,27.38,9886.15,1
2024-04-04,2024-04-04 11:50:00,358.25,358.27,358.25,358.27,0.01,27.38,9886.15,1
2024-04-04,2024-04-04 11:51:00,358.27,358.3,358.27,358.3,0.01,27.38,9886.15,1
2024-04-04,2024-04-04 11:52:00,358.3,358.32,358.3,358.32,0.01,27.38,9886.15,1
2024-04-04,2024-04-04 11:53:00,358.32,358.35,358.32,358.35,0.01,27.38,9886.15,1
2024-04-04,2024-04-04 11:54:00,358.35,358.38,358.35,358.38,0.01,27.38,9886.15,1
2024-04-04,2024-04-04 11:55:00,358.38,358.4,358.38,358.4,0.01,27.38,9886.15,1
2024-04-04,2024-04-04 11:56:00,358.4,358.43,358.4,358.43,0.01,27.38,9886.15,1
2024-04-04,2024-04-04 11:57:00,358.43,358.45,358.43,358.45,0.01,27.38,9886.15,1
2024-04-04,2024-04-04 11:58:00,358.45,358.48,358.45,358.48,0.01,27.38,9886.15,1
2024-04-04,2024-04-04 11:59:00,358.48,358.5,358.48,358.5,0.01,27.38,9886.15,1
2024-04-04,2024-04-04 12:00:00,358.5,358.52,358.5,358.52,0.01,27.38,9886.15,1
2024-04-04,2024-04-04 12:01:00,358.52,358.55,358.52,358.55,0.01,27.38,9886.15,1
2024-04-04,2024-04-04 12:02:00,358.55,358.57,358.55,358.57,0.01,27.38,9886.15,1
2024-04-04,2024-04-04 12:03:00,358.57,358.6,358.57,358.6,0.01,27.38,9886.15,1
2024-04-04,2024-04-04 12:04:00,358.6,358.62,358.6,358.62,0.01,27.38,9886.15,1
2024-04-04,2024-04-04 12:05:00,358.62,358.65,358.62,358.65,0.01,27.38,9886.15,1
2024-04-04,2024-04-04 12:06:00,358.65,358.68,358.65,358.68,0.01,27.38,9886.15,1
2024-04-04,2024-04-04 12:07:00,358.68,358.7,358.68,358.7,0.01,27.38,9886.15,1
2024-04-04,2024-04-04 12:08:00,358.7,358.73,358.7,358.73,0.01,27.38,9886.15,1
2024-04-04,2024-04-04 12:09:00,358.73,358.75,358.73,358.75,0.01,27.38,9886.15,1
2024-04-04,2024-04-04 12:10:00,358.75,358.77,358.75,358.77,0.01,27.38,9886.15,1
2024-04-04,2024-04-04 12:11:00,358.77,358.8,358.77,358.8,0.01,27.38,9886.15,1
2024-04-04,2024-04-04 12:12:00,358.8,358.82,358.8,358.82,0.01,27.38,9886.15,1
2024-04-04,2024-04-04 12:13:00,358.82,358.85,358.82,358.85,0.01,27.38,9886.15,1
2024-04-04,2024-04-04 12:14:00,358.85,358.88,358.85,358.88,0.01,27.38,9886.15,1
2024-04-04,2024-04-04 12:15:00,358.88,358.9,358.88,358.9,0.01,27.38,9886.15,1
2024-04-04,2024-04-04 12:16:00,358.9,358.93,358.9,358.93,0.01,27.38,9886.15,1
2024-04-04,2024-04-04 12:17:00,358.93,358.95,358.93,358.95,0.01,27.38,9886.15,1
2024-04-04,2024-04-04 12:18:00,358.95,358.98,358.95,358.98,0.01,27.38,9886.15,1
2024-04-04,2024-04-04 12:19:00,358.98,359.0,358.98,359.0,0.01,27.38,9886.15,1
2024-04-04,2024-04-04 12:20:00,359.0,359.02,359.0,359.02,0.01,27.38,9886.15,1
2024-04-04,2024-04-04 12:21:00,359.02,359.05,359.02,359.05,0.01,27.38,9886.15,1
2024-04-04,2024-04-04 12:22:00,359.05,359.07,359.05,359.07,0.01,27.38,9886.15,1
2024-04-04,2024-04-04 12:23:00,359.07,359.1,359.07,359.1,0.01,27.38,9886.15,1
2024-04-04,2024-04-04 12:24:00,359.1,359.12,359.1,359.12,0.01,27.38,9886.15,1
2024-04-04,2024-04-04 12:25:00,359.12,359.15,359.12,359.15,0.01,27.38,9886.15,1
2024-04-04,2024-04-04 12:26:00,359.15,359.18,359.15,359.18,0.01,27.38,9886.15,1
2024-04-04,2024-04-04 12:27:00,359.18,359.2,359.18,359.2,0.01,27.38,9886.15,1
2024-04-04,2024-04-04 12:28:00,359.2,359.23,359.2,359.23,0.01,27.38,9886.15,1
2024-04-04,2024-04-04 12:29:00,359.23,359.25,359.23,359.25,0.01,27.38,9886.15,1
2024-04-04,2024-04-04 12:30:00,359.25,359.27,359.25,359.27,0.01,27.38,9886.15,1
2024-04-04,2024-04-04 12:31:00,359.27,359.3,359.27,359.3,0.01,27.38,9886.15,1
2024-04-04,2024-04-04 12:32:00,359.3,359.32,359.3,359.32,0.01,27.38,9886.15,1
2024-04-04,2024-04-04 12:33:00,359.32,359.35,359.32,359.35,0.01,27.38,9886.15,1
2024-04-04,2024-04-04 12:34:00,359.35,359.38,359.35,359.38,0.01,27.38,9886.15,1
2024-04-04,2024-04-04 12:35:00,359.38,359.4,359.38,359.4,0.01,27.38,9886.15,1
2024-04-04,2024-04-04 12:36:00,359.4,359.43,359.4,359.43,0.01,27.38,9886.15,1
2024-04-04,2024-04-04 12:37:00,359.43,359.45,359.43,359.45,0.01,27.38,9886.15,1
2024-04-04,2024-04-04 12:38:00,359.45,359.48,359.45,359.48,0.01,27.38,9886.15,1
2024-04-04,2024-04-04 12:39:00,359.48,359.5,359.48,359.5,0.01,27.38,9886.15,1
2024-04-04,2024-04-04 12:40:00,359.5,359.52,359.5,359.52,0.01,27.38,9886.15,1
2024-04-04,2024-04-04 12:41:00,359.52,359.55,359.52,359.55,0.01,27.38,9886.15,1
2024-04-04,2024-04-04 12:42:00,359.55,359.57,359.55,359.57,0.01,27.38,9886.15,1
2024-04-04,2024-04-04 12:43:00,359.57,359.6,359.57,359.6,0.01,27.38,9886.15,1
2024-04-04,2024-04-04 12:44:00,359.6,359.62,359.6,359.62,0.01,27.38,9886.15,1
2024-04-04,2024-04-04 12:45:00,359.62,359.65,359.62,359.65,0.01,27.38,9886.15,1
2024-04-04,2024-04-04 12:46:00,359.65,359.68,359.65,359.68,0.01,27.38,9886.15,1
2024-04-04,2024-04-04 12:47:00,359.68,359.7,359.68,359.7,0.01,27.38,9886.15,1
2024-04-04,2024-04-04 12:48:00,359.7,359.73,359.7,359.73,0.01,27.38,9886.15,1
2024-04-04,2024-04-04 12:49:00,359.73,359.75,359.73,359.75,0.01,27.38,9886.15,1
2024-04-04,2024-04-04 12:50:00,359.75,359.77,359.75,359.77,0.01,27.38,9886.15,1
2024-04-04,2024-04-04 12:51:00,359.77,359.8,359.77,359.8,0.01,27.38,9886.15,1
2024-04-04,2024-04-04 12:52:00,359.8,359.82,359.8,359.82,0.01,27.38,9886.15,1
2024-04-04,2024-04-04 12:53:00,359.82,359.85,359.82,359.85,0.01,27.38,9886.15,1
2024-04-04,2024-04-04 12:54:00,359.85,359.88,359.85,359.88,0.01,27.38,9886.15,1
2024-04-04,2024-04-04 12:55:00,359.88,359.9,359.88,359.9,0.01,27.38,9886.15,1
2024-04-04,2024-04-04 12:56:00,359.9,359.93,359.9,359.93,0.01,27.38,9886.15,1
2024-04-04,2024-04-04 12:57:00,359.93,359.95,359.93,359.95,0.01,27.38,9886.15,1
2024-04-04,2024-04-04 12:58:00,359.95,359.98,359.95,359.98,0.01,27.38,9886.15,1
2024-04-04,2024-04-04 12:59:00,359.98,360.0,359.98,360.0,0.01,27.38,9886.15,1
2024-04-04,2024-04-04 13:00:00,360.0,368.0,356.0,360.02,0.01,27.38,9886.15,1
2024-04-04,2024-04-04 13:01:00,360.02,360.05,360.02,360.05,0.01,27.38,9886.15,1
2024-04-04,2024-04-04 13:02:00,360.05,360.07,360.05,360.07,0.01,27.38,9886.15,1
2024-04-04,2024-04-04 13:03:00,360.07,360.1,360.07,360.1,0.01,27.38,9886.15,1
2024-04-04,2024-04-04 13:04:00,360.1,360.12,360.1,360.12,0.01,27.38,9886.15,1
2024-04-04,2024-04-04 13:05:00,360.12,360.15,360.12,360.15,0.01,27.38,9886.15,1
2024-04-04,2024-04-04 13:06:00,360.15,360.18,360.15,360.18,0.01,27.38,9886.15,1
2024-04-04,2024-04-04 13:07:00,360.18,360.2,360.18,360.2,0.01,27.38,9886.15,1
2024-04-04,2024-04-04 13:08:00,360.2,360.23,360.2,360.23,0.01,27.38,9886.15,1
2024-04-04,2024-04-04 13:09:00,360.23,360.25,360.23,360.25,0.01,27.38,9886.15,1
2024-04-04,2024-04-04 13:10:00,360.25,360.27,360.25,360.27,0.01,27.38,9886.15,1
2024-04-04,2024-04-04 13:11:00,360.27,360.3,360.27,360.3,0.01,27.38,9886.15,1
2024-04-04,2024-04-04 13:12:00,360.3,360.32,360.3,360.32,0.01,27.38,9886.15,1
2024-04-04,2024-04-04 13:13:00,360.32,360.35,360.32,360.35,0.01,27.38,9886.15,1
2024-04-04,2024-04-04 13:14:00,360.35,360.38,360.35,360.38,0.01,27.38,9886.15,1
2024-04-04,2024-04-04 13:15:00,360.38,360.4,360.38,360.4,0.01,27.38,9886.15,1
2024-04-04,2024-04-04 13:16:00,360.4,360.43,360.4,360.43,0.01,27.38,9886.15,1
2024-04-04,2024-04-04 13:17:00,360.43,360.45,360.43,360.45,0.01,27.38,9886.15,1
2024-04-04,2024-04-04 13:18:00,360.45,360.48,360.45,360.48,0.01,27.38,9886.15,1
2024-04-04,2024-04-04 13:19:00,360.48,360.5,360.48,360.5,0.01,27.38,9886.15,1
2024-04-04,2024-04-04 13:20:00,360.5,360.52,360.5,360.52,0.01,27.38,9886.15,1
2024-04-04,2024-04-04 13:21:00,360.52,360.55,360.52,360.55,0.01,27.38,9886.15,1
2024-04-04,2024-04-04 13:22:00,360.55,360.57,360.55,360.57,0.01,27.38,9886.15,1
2024-04-04,2024-04-04 13:23:00,360.57,360.6,360.57,360.6,0.01,27.38,9886.15,1
2024-04-04,2024-04-04 13:24:00,360.6,360.62,360.6,360.62,0.01,27.38,9886.15,1
2024-04-04,2024-04-04 13:25:00,360.62,360.65,360.62,360.65,0.01,27.38,9886.15,1
2024-04-04,2024-04-04 13:26:00,360.65,360.68,360.65,360.68,0.01,27.38,9886.15,1
2024-04-04,2024-04-04 13:27:00,360.68,360.7,360.68,360.7,0.01,27.38,9886.15,1
2024-04-04,2024-04-04 13:28:00,360.7,360.73,360.7,360.73,0.01,27.38,9886.15,1
2024-04-04,2024-04-04 13:29:00,360.73,360.75,360.73,360.75,0.01,27.38,9886.15,1
2024-04-04,2024-04-04 13:30:00,360.75,360.77,360.75,360.77,0.01,27.38,9886.15,1
2024-04-04,2024-04-04 13:31:00,360.77,360.8,360.77,360.8,0.01,27.38,9886.15,1
2024-04-04,2024-04-04 13:32:00,360.8,360.82,360.8,360.82,0.01,27.38,9886.15,1
2024-04-04,2024-04-04 13:33:00,360.82,360.85,360.82,360.85,0.01,27.38,9886.15,1
2024-04-04,2024-04-04 13:34:00,360.85,360.88,360.85,360.88,0.01,27.38,9886.15,1
2024-04-04,2024-04-04 13:35:00,360.88,360.9,360.88,360.9,0.01,27.38,9886.15,1
2024-04-04,2024-04-04 13:36:00,360.9,360.93,360.9,360.93,0.01,27.38,9886.15,1
2024-04-04,2024-04-04 13:37:00,360.93,360.95,360.93,360.95,0.01,27.38,9886.15,1
2024-04-04,2024-04-04 13:38:00,360.95,360.98,360.95,360.98,0.01,27.38,9886.15,1
2024-04-04,2024-04-04 13:39:00,360.98,361.0,360.98,361.0,0.01,27.38,9886.15,1
2024-04-04,2024-04-04 13:40:00,361.0,361.02,361.0,361.02,0.01,27.38,9886.15,1
2024-04-04,2024-04-04 13:41:00,361.02,361.05,361.02,361.05,0.01,27.38,9886.15,1
2024-04-04,2024-04-04 13:42:00,361.05,361.07,361.05,361.07,0.01,27.38,9886.15,1
2024-04-04,2024-04-04 13:43:00,361.07,361.1,361.07,361.1,0.01,27.38,9886.15,1
2024-04-04,2024-04-04 13:44:00,361.1,361.12,361.1,361.12,0.01,27.38,9886.15,1
2024-04-04,2024-04-04 13:45:00,361.12,361.15,361.12,361.15,0.01,27.38,9886.15,1
2024-04-04,2024-04-04 13:46:00,361.15,361.18,361.15,361.18,0.01,27.38,9886.15,1
2024-04-04,2024-04-04 13:47:00,361.18,361.2,361.18,361.2,0.01,27.38,9886.15,1
2024-04-04,2024-04-04 13:48:00,361.2,361.23,361.2,361.23,0.01,27.38,9886.15,1
2024-04-04,2024-04-04 13:49:00,361.23,361.25,361.23,361.25,0.01,27.38,9886.15,1
2024-04-04,2024-04-04 13:50:00,361.25,361.27,361.25,361.27,0.01,27.38,9886.15,1
2024-04-04,2024-04-04 13:51:00,361.27,361.3,361.27,361.3,0.01,27.38,9886.15,1
2024-04-04,2024-04-04 13:52:00,361.3,361.32,361.3,361.32,0.01,27.38,9886.15,1
2024-04-04,2024-04-04 13:53:00,361.32,361.35,361.32,361.35,0.01,27.38,9886.15,1
2024-04-04,2024-04-04 13:54:00,361.35,361.38,361.35,361.38,0.01,27.38,9886.15,1
2024-04-04,2024-04-04 13:55:00,361.38,361.4,361.38,361.4,0.01,27.38,9886.15,1
2024-04-04,2024-04-04 13:56:00,361.4,361.43,361.4,361.43,0.01,27.38,9886.15,1
2024-04-04,2024-04-04 13:57:00,361.43,361.45,361.43,361.45,0.01,27.38,9886.15,1
2024-04-04,2024-04-04 13:58:00,361.45,361.48,361.45,361.48,0.01,27.38,9886.15,1
2024-04-04,2024-04-04 13:59:00,361.48,361.5,361.48,361.5,0.01,27.38,9886.15,1
2024-04-04,2024-04-04 14:00:00,361.5,361.52,361.5,361.52,0.01,27.38,9886.15,1
2024-04-04,2024-04-04 14:01:00,361.52,361.55,361.52,361.55,0.01,27.38,9886.15,1
2024-04-04,2024-04-04 14:02:00,361.55,361.57,361.55,361.57,0.01,27.38,9886.15,1
2024-04-04,2024-04-04 14:03:00,361.57,361.6,361.57,361.6,0.01,27.38,9886.15,1
2024-04-04,2024-04-04 14:04:00,361.6,361.62,361.6,361.62,0.01,27.38,9886.15,1
2024-04-04,2024-04-04 14:05:00,361.62,361.65,361.62,361.65,0.01,27.38,9886.15,1
2024-04-04,2024-04-04 14:06:00,361.65,361.68,361.65,361.68,0.01,27.38,9886.15,1
2024-04-04,2024-04-04 14:07:00,361.68,361.7,361.68,361.7,0.01,27.38,9886.15,1
2024-04-04,2024-04-04 14:08:00,361.7,361.73,361.7,361.73,0.01,27.38,9886.15,1
2024-04-04,2024-04-04 14:09:00,361.73,361.75,361.73,361.75,0.01,27.38,9886.15,1
2024-04-04,2024-04-04 14:10:00,361.75,361.77,361.75,361.77,0.01,27.38,9886.15,1
2024-04-04,2024-04-04 14:11:00,361.77,361.8,361.77,361.8,0.01,27.38,9886.15,1
2024-04-04,2024-04-04 14:12:00,361.8,361.82,361.8,361.82,0.01,27.38,9886.15,1
2024-04-04,2024-04-04 14:13:00,361.82,361.85,361.82,361.85,0.01,27.38,9886.15,1
2024-04-04,2024-04-04 14:14:00,361.85,361.88,361.85,361.88,0.01,27.38,9886.15,1
2024-04-04,2024-04-04 14:15:00,361.88,361.9,361.88,361.9,0.01,27.38,9886.15,1
2024-04-04,2024-04-04 14:16:00,361.9,361.93,361.9,361.93,0.01,27.38,9886.15,1
2024-04-04,2024-04-04 14:17:00,361.93,361.95,361.93,361.95,0.01,27.38,9886.15,1
2024-04-04,2024-04-04 14:18:00,361.95,361.98,361.95,361.98,0.01,27.38,9886.15,1
2024-04-04,2024-04-04 14:19:00,361.98,362.0,361.98,362.0,0.01,27.38,9886.15,1
2024-04-04,2024-04-04 14:20:00,362.0,362.02,362.0,362.02,0.01,27.38,9886.15,1
2024-04-04,2024-04-04 14:21:00,362.02,362.05,362.02,362.05,0.01,27.38,9886.15,1
2024-04-04,2024-04-04 14:22:00,362.05,362.07,362.05,362.07,0.01,27.38,9886.15,1
2024-04-04,2024-04-04 14:23:00,362.07,362.1,362.07,362.1,0.01,27.38,9886.15,1
2024-04-04,2024-04-04 14:24:00,362.1,362.12,362.1,362.12,0.01,27.38,9886.15,1
2024-04-04,2024-04-04 14:25:00,362.12,362.15,362.12,362.15,0.01,27.38,9886.15,1
2024-04-04,2024-04-04 14:26:00,362.15,362.18,362.15,362.18,0.01,27.38,9886.15,1
2024-04-04,2024-04-04 14:27:00,362.18,362.2,362.18,362.2,0.01,27.38,9886.15,1
2024-04-04,2024-04-04 14:28:00,362.2,362.23,362.2,362.23,0.01,27.38,9886.15,1
2024-04-04,2024-04-04 14:29:00,362.23,362.25,362.23,362.25,0.01,27.38,9886.15,1
2024-04-04,2024-04-04 14:30:00,362.25,362.27,362.25,362.27,0.01,27.38,9886.15,1
2024-04-04,2024-04-04 14:31:00,362.27,362.3,362.27,362.3,0.01,27.38,9886.15,1
2024-04-04,2024-04-04 14:32:00,362.3,362.32,362.3,362.32,0.01,27.38,9886.15,1
2024-04-04,2024-04-04 14:33:00,362.32,362.35,362.32,362.35,0.01,27.38,9886.15,1
2024-04-04,2024-04-04 14:34:00,362.35,362.38,362.35,362.38,0.01,27.38,9886.15,1
2024-04-04,2024-04-04 14:35:00,362.38,362.4,362.38,362.4,0.01,27.38,9886.15,1
2024-04-04,2024-04-04 14:36:00,362.4,362.43,362.4,362.43,0.01,27.38,9886.15,1
2024-04-04,2024-04-04 14:37:00,362.43,362.45,362.43,362.45,0.01,27.38,9886.15,1
2024-04-04,2024-04-04 14:38:00,362.45,362.48,362.45,362.48,0.01,27.38,9886.15,1
2024-04-04,2024-04-04 14:39:00,362.48,362.5,362.48,362.5,0.01,27.38,9886.15,1
2024-04-04,2024-04-04 14:40:00,362.5,362.52,362.5,362.52,0.01,27.38,9886.15,1
2024-04-04,2024-04-04 14:41:00,362.52,362.55,362.52,362.55,0.01,27.38,9886.15,1
2024-04-04,2024-04-04 14:42:00,362.55,362.57,362.55,362.57,0.01,27.38,9886.15,1
2024-04-04,2024-04-04 14:43:00,362.57,362.6,362.57,362.6,0.01,27.38,9886.15,1
2024-04-04,2024-04-04 14:44:00,362.6,362.62,362.6,362.62,0.01,27.38,9886.15,1
2024-04-04,2024-04-04 14:45:00,362.62,362.65,362.62,362.65,0.01,27.38,9886.15,1
2024-04-04,2024-04-04 14:46:00,362.65,362.68,362.65,362.68,0.01,27.38,9886.15,1
2024-04-04,2024-04-04 14:47:00,362.68,362.7,362.68,362.7,0.01,27.38,9886.15,1
2024-04-04,2024-04-04 14:48:00,362.7,362.73,362.7,362.73,0.01,27.38,9886.15,1
2024-04-04,2024-04-04 14:49:00,362.73,362.75,362.73,362.75,0.01,27.38,9886.15,1
2024-04-04,2024-04-04 14:50:00,362.75,362.77,362.75,362.77,0.01,27.38,9886.15,1
2024-04-04,2024-04-04 14:51:00,362.77,362.8,362.77,362.8,0.01,27.38,9886.15,1
2024-04-04,2024-04-04 14:52:00,362.8,362.82,362.8,362.82,0.01,27.38,9886.15,1
2024-04-04,2024-04-04 14:53:00,362.82,362.85,362.82,362.85,0.01,27.38,9886.15,1
2024-04-04,2024-04-04 14:54:00,362.85,362.88,362.85,362.88,0.01,27.38,9886.15,1
2024-04-04,2024-04-04 14:55:00,362.88,362.9,362.88,362.9,0.01,27.38,9886.15,1
2024-04-04,2024-04-04 14:56:00,362.9,362.93,362.9,362.93,0.01,27.38,9886.15,1
2024-04-04,2024-04-04 14:57:00,362.93,362.95,362.93,362.95,0.01,27.38,9886.15,1
2024-04-04,2024-04-04 14:58:00,362.95,362.98,362.95,362.98,0.01,27.38,9886.15,1
2024-04-04,2024-04-04 14:59:00,362.98,363.0,362.98,363.0,0.01,27.38,9886.15,1
2024-04-04,2024-04-04 15:00:00,363.0,368.0,356.0,363.0,0.0,27.38,9886.15,0
2024-04-07,2024-04-07 11:00:00,357.0,359.7,356.1,357.03,0.01,41.71,15038.87,1
2024-04-07,2024-04-07 11:01:00,357.03,357.07,357.03,357.07,0.01,41.71,15038.87,1
2024-04-07,2024-04-07 11:02:00,357.07,357.1,357.07,357.1,0.01,41.71,15038.87,1
2024-04-07,2024-04-07 11:03:00,357.1,357.13,357.1,357.13,0.01,41.71,15038.87,1
2024-04-07,2024-04-07 11:04:00,357.13,357.16,357.13,357.16,0.01,41.71,15038.87,1
2024-04-07,2024-04-07 11:05:00,357.16,357.2,357.16,357.2,0.01,41.71,15038.87,1
2024-04-07,2024-04-07 11:06:00,357.2,357.23,357.2,357.23,0.01,41.71,15038.87,1
2024-04-07,2024-04-07 11:07:00,357.23,357.26,357.23,357.26,0.01,41.71,15038.87,1
2024-04-07,2024-04-07 11:08:00,357.26,357.3,357.26,357.3,0.01,41.71,15038.87,1
2024-04-07,2024-04-07 11:09:00,357.3,357.33,357.3,357.33,0.01,41.71,15038.87,1
2024-04-07,2024-04-07 11:10:00,357.33,357.36,357.33,357.36,0.01,41.71,15038.87,1
2024-04-07,2024-04-07 11:11:00,357.36,357.39,357.36,357.39,0.01,41.71,15038.87,1
2024-04-07,2024-04-07 11:12:00,357.39,357.43,357.39,357.43,0.01,41.71,15038.87,1
2024-04-07,2024-04-07 11:13:00,357.43,357.46,357.43,357.46,0.01,41.71,15038.87,1
2024-04-07,2024-04-07 11:14:00,357.46,357.49,357.46,357.49,0.01,41.71,15038.87,1
2024-04-07,2024-04-07 11:15:00,357.49,357.53,357.49,357.53,0.01,41.71,15038.87,1
2024-04-07,2024-04-07 11:16:00,357.53,357.56,357.53,357.56,0.01,41.71,15038.87,1
2024-04-07,2024-04-07 11:17:00,357.56,357.59,357.56,357.59,0.01,41.71,15038.87,1
2024-04-07,2024-04-07 11:18:00,357.59,357.63,357.59,357.63,0.01,41.71,15038.87,1
2024-04-07,2024-04-07 11:19:00,357.63,357.66,357.63,357.66,0.01,41.71,15038.87,1
2024-04-07,2024-04-07 11:20:00,357.66,357.69,357.66,357.69,0.01,41.71,15038.87,1
2024-04-07,2024-04-07 11:21:00,357.69,357.72,357.69,357.72,0.01,41.71,15038.87,1
2024-04-07,2024-04-07 11:22:00,357.72,357.76,357.72,357.76,0.01,41.71,15038.87,1
2024-04-07,2024-04-07 11:23:00,357.76,357.79,357.76,357.79,0.01,41.71,15038.87,1
2024-04-07,2024-04-07 11:24:00,357.79,357.82,357.79,357.82,0.01,41.71,15038.87,1
2024-04-07,2024-04-07 11:25:00,357.82,357.86,357.82,357.86,0.01,41.71,15038.87,1
2024-04-07,2024-04-07 11:26:00,357.86,357.89,357.86,357.89,0.01,41.71,15038.87,1
2024-04-07,2024-04-07 11:27:00,357.89,357.92,357.89,357.92,0.01,41.71,15038.87,1
2024-04-07,2024-04-07 11:28:00,357.92,357.95,357.92,357.95,0.01,41.71,15038.87,1
2024-04-07,2024-04-07 11:29:00,357.95,357.99,357.95,357.99,0.01,41.71,15038.87,1
2024-04-07,2024-04-07 11:30:00,357.99,358.02,357.99,358.02,0.01,41.71,15038.87,1
2024-04-07,2024-04-07 11:31:00,358.02,358.05,358.02,358.05,0.01,41.71,15038.87,1
2024-04-07,2024-04-07 11:32:00,358.05,358.09,358.05,358.09,0.01,41.71,15038.87,1
2024-04-07,2024-04-07 11:33:00,358.09,358.12,358.09,358.12,0.01,41.71,15038.87,1
2024-04-07,2024-04-07 11:34:00,358.12,358.15,358.12,358.15,0.01,41.71,15038.87,1
2024-04-07,2024-04-07 11:35:00,358.15,358.19,358.15,358.19,0.01,41.71,15038.87,1
2024-04-07,2024-04-07 11:36:00,358.19,358.22,358.19,358.22,0.01,41.71,15038.87,1
2024-04-07,2024-04-07 11:37:00,358.22,358.25,358.22,358.25,0.01,41.71,15038.87,1
2024-04-07,2024-04-07 11:38:00,358.25,358.28,358.25,358.28,0.01,41.71,15038.87,1
2024-04-07,2024-04-07 11:39:00,358.28,358.32,358.28,358.32,0.01,41.71,15038.87,1
2024-04-07,2024-04-07 11:40:00,358.32,358.35,358.32,358.35,0.01,41.71,15038.87,1
2024-04-07,2024-04-07 11:41:00,358.35,358.38,358.35,358.38,0.01,41.71,15038.87,1
2024-04-07,2024-04-07 11:42:00,358.38,358.42,358.38,358.42,0.01,41.71,15038.87,1
2024-04-07,2024-04-07 11:43:00,358.42,358.45,358.42,358.45,0.01,41.71,15038.87,1
2024-04-07,2024-04-07 11:44:00,358.45,358.48,358.45,358.48,0.01,41.71,15038.87,1
2024-04-07,2024-04-07 11:45:00,358.48,358.51,358.48,358.51,0.01,41.71,15038.87,1
2024-04-07,2024-04-07 11:46:00,358.51,358.55,358.51,358.55,0.01,41.71,15038.87,1
2024-04-07,2024-04-07 11:47:00,358.55,358.58,358.55,358.58,0.01,41.71,15038.87,1
2024-04-07,2024-04-07 11:48:00,358.58,358.61,358.58,358.61,0.01,41.71,15038.87,1
2024-04-07,2024-04-07 11:49:00,358.61,358.65,358.61,358.65,0.01,41.71,15038.87,1
2024-04-07,2024-04-07 11:50:00,358.65,358.68,358.65,358.68,0.01,41.71,15038.87,1
2024-04-07,2024-04-07 11:51:00,358.68,358.71,358.68,358.71,0.01,41.71,15038.87,1
2024-04-07,2024-04-07 11:52:00,358.71,358.74,358.71,358.74,0.01,41.71,15038.87,1
2024-04-07,2024-04-07 11:53:00,358.74,358.78,358.74,358.78,0.01,41.71,15038.87,1
2024-04-07,2024-04-07 11:54:00,358.78,358.81,358.78,358.81,0.01,41.71,15038.87,1
2024-04-07,2024-04-07 11:55:00,358.81,358.84,358.81,358.84,0.01,41.71,15038.87,1
2024-04-07,2024-04-07 11:56:00,358.84,358.88,358.84,358.88,0.01,41.71,15038.87,1
2024-04-07,2024-04-07 11:57:00,358.88,358.91,358.88,358.91,0.01,41.71,15038.87,1
2024-04-07,2024-04-07 11:58:00,358.91,358.94,358.91,358.94,0.01,41.71,15038.87,1
2024-04-07,2024-04-07 11:59:00,358.94,358.98,358.94,358.98,0.01,41.71,15038.87,1
2024-04-07,2024-04-07 12:00:00,358.98,359.01,358.98,359.01,0.01,41.71,15038.87,1
2024-04-07,2024-04-07 12:01:00,359.01,359.04,359.01,359.04,0.01,41.71,15038.87,1
2024-04-07,2024-04-07 12:02:00,359.04,359.07,359.04,359.07,0.01,41.71,15038.87,1
2024-04-07,2024-04-07 12:03:00,359.07,359.11,359.07,359.11,0.01,41.71,15038.87,1
2024-04-07,2024-04-07 12:04:00,359.11,359.14,359.11,359.14,0.01,41.71,15038.87,1
2024-04-07,2024-04-07 12:05:00,359.14,359.17,359.14,359.17,0.01,41.71,15038.87,1
2024-04-07,2024-04-07 12:06:00,359.17,359.21,359.17,359.21,0.01,41.71,15038.87,1
2024-04-07,2024-04-07 12:07:00,359.21,359.24,359.21,359.24,0.01,41.71,15038.87,1
2024-04-07,2024-04-07 12:08:00,359.24,359.27,359.24,359.27,0.01,41.71,15038.87,1
2024-04-07,2024-04-07 12:09:00,359.27,359.3,359.27,359.3,0.01,41.71,15038.87,1
2024-04-07,2024-04-07 12:10:00,359.3,359.34,359.3,359.34,0.01,41.71,15038.87,1
2024-04-07,2024-04-07 12:11:00,359.34,359.37,359.34,359.37,0.01,41.71,15038.87,1
2024-04-07,2024-04-07 12:12:00,359.37,359.4,359.37,359.4,0.01,41.71,15038.87,1
2024-04-07,2024-04-07 12:13:00,359.4,359.44,359.4,359.44,0.01,41.71,15038.87,1
2024-04-07,2024-04-07 12:14:00,359.44,359.47,359.44,359.47,0.01,41.71,15038.87,1
2024-04-07,2024-04-07 12:15:00,359.47,359.5,359.47,359.5,0.01,41.71,15038.87,1
2024-04-07,2024-04-07 12:16:00,359.5,359.53,359.5,359.53,0.01,41.71,15038.87,1
2024-04-07,2024-04-07 12:17:00,359.53,359.57,359.53,359.57,0.01,41.71,15038.87,1
2024-04-07,2024-04-07 12:18:00,359.57,359.6,359.57,359.6,0.01,41.71,15038.87,1
2024-04-07,2024-04-07 12:19:00,359.6,359.63,359.6,359.63,0.01,41.71,15038.87,1
2024-04-07,2024-04-07 12:20:00,359.63,359.67,359.63,359.67,0.01,41.71,15038.87,1
2024-04-07,2024-04-07 12:21:00,359.67,359.7,359.67,359.7,0.01,41.71,15038.87,1
2024-04-07,2024-04-07 12:22:00,359.7,359.73,359.7,359.73,0.01,41.71,15038.87,1
2024-04-07,2024-04-07 12:23:00,359.73,359.76,359.73,359.76,0.01,41.71,15038.87,1
2024-04-07,2024-04-07 12:24:00,359.76,359.8,359.76,359.8,0.01,41.71,15038.87,1
2024-04-07,2024-04-07 12:25:00,359.8,359.83,359.8,359.83,0.01,41.71,15038.87,1
2024-04-07,2024-04-07 12:26:00,359.83,359.86,359.83,359.86,0.01,41.71,15038.87,1
2024-04-07,2024-04-07 12:27:00,359.86,359.9,359.86,359.9,0.01,41.71,15038.87,1
2024-04-07,2024-04-07 12:28:00,359.9,359.93,359.9,359.93,0.01,41.71,15038.87,1
2024-04-07,2024-04-07 12:29:00,359.93,359.96,359.93,359.96,0.01,41.71,15038.87,1
2024-04-07,2024-04-07 12:30:00,359.96,360.0,359.96,360.0,0.01,41.71,15038.87,1
2024-04-07,2024-04-07 12:31:00,360.0,360.03,360.0,360.03,0.01,41.71,15038.87,1
2024-04-07,2024-04-07 12:32:00,360.03,360.06,360.03,360.06,0.01,41.71,15038.87,1
2024-04-07,2024-04-07 12:33:00,360.06,360.09,360.06,360.09,0.01,41.71,15038.87,1
2024-04-07,2024-04-07 12:34:00,360.09,360.13,360.09,360.13,0.01,41.71,15038.87,1
2024-04-07,2024-04-07 12:35:00,360.13,360.16,360.13,360.16,0.01,41.71,15038.87,1
2024-04-07,2024-04-07 12:36:00,360.16,360.19,360.16,360.19,0.01,41.71,15038.87,1
2024-04-07,2024-04-07 12:37:00,360.19,360.23,360.19,360.23,0.01,41.71,15038.87,1
2024-04-07,2024-04-07 12:38:00,360.23,360.26,360.23,360.26,0.01,41.71,15038.87,1
2024-04-07,2024-04-07 12:39:00,360.26,360.29,360.26,360.29,0.01,41.71,15038.87,1
2024-04-07,2024-04-07 12:40:00,360.29,360.32,360.29,360.32,0.01,41.71,15038.87,1
2024-04-07,2024-04-07 12:41:00,360.32,360.36,360.32,360.36,0.01,41.71,15038.87,1
2024-04-07,2024-04-07 12:42:00,360.36,360.39,360.36,360.39,0.01,41.71,15038.87,1
2024-04-07,2024-04-07 12:43:00,360.39,360.42,360.39,360.42,0.01,41.71,15038.87,1
2024-04-07,2024-04-07 12:44:00,360.42,360.46,360.42,360.46,0.01,41.71,15038.87,1
2024-04-07,2024-04-07 12:45:00,360.46,360.49,360.46,360.49,0.01,41.71,15038.87,1
2024-04-07,2024-04-07 12:46:00,360.49,360.52,360.49,360.52,0.01,41.71,15038.87,1
2024-04-07,2024-04-07 12:47:00,360.52,360.56,360.52,360.56,0.01,41.71,15038.87,1
2024-04-07,2024-04-07 12:48:00,360.56,360.59,360.56,360.59,0.01,41.71,15038.87,1
2024-04-07,2024-04-07 12:49:00,360.59,360.62,360.59,360.62,0.01,41.71,15038.87,1
2024-04-07,2024-04-07 12:50:00,360.62,360.65,360.62,360.65,0.01,41.71,15038.87,1
2024-04-07,2024-04-07 12:51:00,360.65,360.69,360.65,360.69,0.01,41.71,15038.87,1
2024-04-07,2024-04-07 12:52:00,360.69,360.72,360.69,360.72,0.01,41.71,15038.87,1
2024-04-07,2024-04-07 12:53:00,360.72,360.75,360.72,360.75,0.01,41.71,15038.87,1
2024-04-07,2024-04-07 12:54:00,360.75,360.79,360.75,360.79,0.01,41.71,15038.87,1
2024-04-07,2024-04-07 12:55:00,360.79,360.82,360.79,360.82,0.01,41.71,15038.87,1
2024-04-07,2024-04-07 12:56:00,360.82,360.85,360.82,360.85,0.01,41.71,15038.87,1
2024-04-07,2024-04-07 12:57:00,360.85,360.88,360.85,360.88,0.01,41.71,15038.87,1
2024-04-07,2024-04-07 12:58:00,360.88,360.92,360.88,360.92,0.01,41.71,15038.87,1
2024-04-07,2024-04-07 12:59:00,360.92,360.95,360.92,360.95,0.01,41.71,15038.87,1
2024-04-07,2024-04-07 13:00:00,360.95,366.0,354.0,360.98,0.01,41.71,15038.87,1
2024-04-07,2024-04-07 13:01:00,360.98,361.02,360.98,361.02,0.01,41.71,15038.87,1
2024-04-07,2024-04-07 13:02:00,361.02,361.05,361.02,361.05,0.01,41.71,15038.87,1
2024-04-07,2024-04-07 13:03:00,361.05,361.08,361.05,361.08,0.01,41.71,15038.87,1
2024-04-07,2024-04-07 13:04:00,361.08,361.11,361.08,361.11,0.01,41.71,15038.87,1
2024-04-07,2024-04-07 13:05:00,361.11,361.15,361.11,361.15,0.01,41.71,15038.87,1
2024-04-07,2024-04-07 13:06:00,361.15,361.18,361.15,361.18,0.01,41.71,15038.87,1
2024-04-07,2024-04-07 13:07:00,361.18,361.21,361.18,361.21,0.01,41.71,15038.87,1
2024-04-07,2024-04-07 13:08:00,361.21,361.25,361.21,361.25,0.01,41.71,15038.87,1
2024-04-07,2024-04-07 13:09:00,361.25,361.28,361.25,361.28,0.01,41.71,15038.87,1
2024-04-07,2024-04-07 13:10:00,361.28,361.31,361.28,361.31,0.01,41.71,15038.87,1
2024-04-07,2024-04-07 13:11:00,361.31,361.34,361.31,361.34,0.01,41.71,15038.87,1
2024-04-07,2024-04-07 13:12:00,361.34,361.38,361.34,361.38,0.01,41.71,15038.87,1
2024-04-07,2024-04-07 13:13:00,361.38,361.41,361.38,361.41,0.01,41.71,15038.87,1
2024-04-07,2024-04-07 13:14:00,361.41,361.44,361.41,361.44,0.01,41.71,15038.87,1
2024-04-07,2024-04-07 13:15:00,361.44,361.48,361.44,361.48,0.01,41.71,15038.87,1
2024-04-07,2024-04-07 13:16:00,361.48,361.51,361.48,361.51,0.01,41.71,15038.87,1
2024-04-07,2024-04-07 13:17:00,361.51,361.54,361.51,361.54,0.01,41.71,15038.87,1
2024-04-07,2024-04-07 13:18:00,361.54,361.58,361.54,361.58,0.01,41.71,15038.87,1
2024-04-07,2024-04-07 13:19:00,361.58,361.61,361.58,361.61,0.01,41.71,15038.87,1
2024-04-07,2024-04-07 13:20:00,361.61,361.64,361.61,361.64,0.01,41.71,15038.87,1
2024-04-07,2024-04-07 13:21:00,361.64,361.67,361.64,361.67,0.01,41.71,15038.87,1
2024-04-07,2024-04-07 13:22:00,361.67,361.71,361.67,361.71,0.01,41.71,15038.87,1
2024-04-07,2024-04-07 13:23:00,361.71,361.74,361.71,361.74,0.01,41.71,15038.87,1
2024-04-07,2024-04-07 13:24:00,361.74,361.77,361.74,361.77,0.01,41.71,15038.87,1
2024-04-07,2024-04-07 13:25:00,361.77,361.81,361.77,361.81,0.01,41.71,15038.87,1
2024-04-07,2024-04-07 13:26:00,361.81,361.84,361.81,361.84,0.01,41.71,15038.87,1
2024-04-07,2024-04-07 13:27:00,361.84,361.87,361.84,361.87,0.01,41.71,15038.87,1
2024-04-07,2024-04-07 13:28:00,361.87,361.9,361.87,361.9,0.01,41.71,15038.87,1
2024-04-07,2024-04-07 13:29:00,361.9,361.94,361.9,361.94,0.01,41.71,15038.87,1
2024-04-07,2024-04-07 13:30:00,361.94,361.97,361.94,361.97,0.01,41.71,15038.87,1
2024-04-07,2024-04-07 13:31:00,361.97,362.0,361.97,362.0,0.01,41.71,15038.87,1
2024-04-07,2024-04-07 13:32:00,362.0,362.04,362.0,362.04,0.01,41.71,15038.87,1
2024-04-07,2024-04-07 13:33:00,362.04,362.07,362.04,362.07,0.01,41.71,15038.87,1
2024-04-07,2024-04-07 13:34:00,362.07,362.1,362.07,362.1,0.01,41.71,15038.87,1
2024-04-07,2024-04-07 13:35:00,362.1,362.13,362.1,362.13,0.01,41.71,15038.87,1
2024-04-07,2024-04-07 13:36:00,362.13,362.17,362.13,362.17,0.01,41.71,15038.87,1
2024-04-07,2024-04-07 13:37:00,362.17,362.2,362.17,362.2,0.01,41.71,15038.87,1
2024-04-07,2024-04-07 13:38:00,362.2,362.23,362.2,362.23,0.01,41.71,15038.87,1
2024-04-07,2024-04-07 13:39:00,362.23,362.27,362.23,362.27,0.01,41.71,15038.87,1
2024-04-07,2024-04-07 13:40:00,362.27,362.3,362.27,362.3,0.01,41.71,15038.87,1
2024-04-07,2024-04-07 13:41:00,362.3,362.33,362.3,362.33,0.01,41.71,15038.87,1
2024-04-07,2024-04-07 13:42:00,362.33,362.37,362.33,362.37,0.01,41.71,15038.87,1
2024-04-07,2024-04-07 13:43:00,362.37,362.4,362.37,362.4,0.01,41.71,15038.87,1
2024-04-07,2024-04-07 13:44:00,362.4,362.43,362.4,362.43,0.01,41.71,15038.87,1
2024-04-07,2024-04-07 13:45:00,362.43,362.46,362.43,362.46,0.01,41.71,15038.87,1
2024-04-07,2024-04-07 13:46:00,362.46,362.5,362.46,362.5,0.01,41.71,15038.87,1
2024-04-07,2024-04-07 13:47:00,362.5,362.53,362.5,362.53,0.01,41.71,15038.87,1
2024-04-07,2024-04-07 13:48:00,362.53,362.56,362.53,362.56,0.01,41.71,15038.87,1
2024-04-07,2024-04-07 13:49:00,362.56,362.6,362.56,362.6,0.01,41.71,15038.87,1
2024-04-07,2024-04-07 13:50:00,362.6,362.63,362.6,362.63,0.01,41.71,15038.87,1
2024-04-07,2024-04-07 13:51:00,362.63,362.66,362.63,362.66,0.01,41.71,15038.87,1
2024-04-07,2024-04-07 13:52:00,362.66,362.69,362.66,362.69,0.01,41.71,15038.87,1
2024-04-07,2024-04-07 13:53:00,362.69,362.73,362.69,362.73,0.01,41.71,15038.87,1
2024-04-07,2024-04-07 13:54:00,362.73,362.76,362.73,362.76,0.01,41.71,15038.87,1
2024-04-07,2024-04-07 13:55:00,362.76,362.79,362.76,362.79,0.01,41.71,15038.87,1
2024-04-07,2024-04-07 13:56:00,362.79,362.83,362.79,362.83,0.01,41.71,15038.87,1
2024-04-07,2024-04-07 13:57:00,362.83,362.86,362.83,362.86,0.01,41.71,15038.87,1
2024-04-07,2024-04-07 13:58:00,362.86,362.89,362.86,362.89,0.01,41.71,15038.87,1
2024-04-07,2024-04-07 13:59:00,362.89,362.92,362.89,362.92,0.01,41.71,15038.87,1
2024-04-07,2024-04-07 14:00:00,362.92,362.96,362.92,362.96,0.01,41.71,15038.87,1
2024-04-07,2024-04-07 14:01:00,362.96,362.99,362.96,362.99,0.01,41.71,15038.87,1
2024-04-07,2024-04-07 14:02:00,362.99,363.02,362.99,363.02,0.01,41.71,15038.87,1
2024-04-07,2024-04-07 14:03:00,363.02,363.06,363.02,363.06,0.01,41.71,15038.87,1
2024-04-07,2024-04-07 14:04:00,363.06,363.09,363.06,363.09,0.01,41.71,15038.87,1
2024-04-07,2024-04-07 14:05:00,363.09,363.12,363.09,363.12,0.01,41.71,15038.87,1
2024-04-07,2024-04-07 14:06:00,363.12,363.16,363.12,363.16,0.01,41.71,15038.87,1
2024-04-07,2024-04-07 14:07:00,363.16,363.19,363.16,363.19,0.01,41.71,15038.87,1
2024-04-07,2024-04-07 14:08:00,363.19,363.22,363.19,363.22,0.01,41.71,15038.87,1
2024-04-07,2024-04-07 14:09:00,363.22,363.25,363.22,363.25,0.01,41.71,15038.87,1
2024-04-07,2024-04-07 14:10:00,363.25,363.29,363.25,363.29,0.01,41.71,15038.87,1
2024-04-07,2024-04-07 14:11:00,363.29,363.32,363.29,363.32,0.01,41.71,15038.87,1
2024-04-07,2024-04-07 14:12:00,363.32,363.35,363.32,363.35,0.01,41.71,15038.87,1
2024-04-07,2024-04-07 14:13:00,363.35,363.39,363.35,363.39,0.01,41.71,15038.87,1
2024-04-07,2024-04-07 14:14:00,363.39,363.42,363.39,363.42,0.01,41.71,15038.87,1
2024-04-07,2024-04-07 14:15:00,363.42,363.45,363.42,363.45,0.01,41.71,15038.87,1
2024-04-07,2024-04-07 14:16:00,363.45,363.48,363.45,363.48,0.01,41.71,15038.87,1
2024-04-07,2024-04-07 14:17:00,363.48,363.52,363.48,363.52,0.01,41.71,15038.87,1
2024-04-07,2024-04-07 14:18:00,363.52,363.55,363.52,363.55,0.01,41.71,15038.87,1
2024-04-07,2024-04-07 14:19:00,363.55,363.58,363.55,363.58,0.01,41.71,15038.87,1
2024-04-07,2024-04-07 14:20:00,363.58,363.62,363.58,363.62,0.01,41.71,15038.87,1
2024-04-07,2024-04-07 14:21:00,363.62,363.65,363.62,363.65,0.01,41.71,15038.87,1
2024-04-07,2024-04-07 14:22:00,363.65,363.68,363.65,363.68,0.01,41.71,15038.87,1
2024-04-07,2024-04-07 14:23:00,363.68,363.71,363.68,363.71,0.01,41.71,15038.87,1
2024-04-07,2024-04-07 14:24:00,363.71,363.75,363.71,363.75,0.01,41.71,15038.87,1
2024-04-07,2024-04-07 14:25:00,363.75,363.78,363.75,363.78,0.01,41.71,15038.87,1
2024-04-07,2024-04-07 14:26:00,363.78,363.81,363.78,363.81,0.01,41.71,15038.87,1
2024-04-07,2024-04-07 14:27:00,363.81,363.85,363.81,363.85,0.01,41.71,15038.87,1
2024-04-07,2024-04-07 14:28:00,363.85,363.88,363.85,363.88,0.01,41.71,15038.87,1
2024-04-07,2024-04-07 14:29:00,363.88,363.91,363.88,363.91,0.01,41.71,15038.87,1
2024-04-07,2024-04-07 14:30:00,363.91,363.95,363.91,363.95,0.01,41.71,15038.87,1
2024-04-07,2024-04-07 14:31:00,363.95,363.98,363.95,363.98,0.01,41.71,15038.87,1
2024-04-07,2024-04-07 14:32:00,363.98,364.01,363.98,364.01,0.01,41.71,15038.87,1
2024-04-07,2024-04-07 14:33:00,364.01,364.04,364.01,364.04,0.01,41.71,15038.87,1
2024-04-07,2024-04-07 14:34:00,364.04,364.08,364.04,364.08,0.01,41.71,15038.87,1
2024-04-07,2024-04-07 14:35:00,364.08,364.11,364.08,364.11,0.01,41.71,15038.87,1
2024-04-07,2024-04-07 14:36:00,364.11,364.14,364.11,364.14,0.01,41.71,15038.87,1
2024-04-07,2024-04-07 14:37:00,364.14,364.18,364.14,364.18,0.01,41.71,15038.87,1
2024-04-07,2024-04-07 14:38:00,364.18,364.21,364.18,364.21,0.01,41.71,15038.87,1
2024-04-07,2024-04-07 14:39:00,364.21,364.24,364.21,364.24,0.01,41.71,15038.87,1
2024-04-07,2024-04-07 14:40:00,364.24,364.27,364.24,364.27,0.01,41.71,15038.87,1
2024-04-07,2024-04-07 14:41:00,364.27,364.31,364.27,364.31,0.01,41.71,15038.87,1
2024-04-07,2024-04-07 14:42:00,364.31,364.34,364.31,364.34,0.01,41.71,15038.87,1
2024-04-07,2024-04-07 14:43:00,364.34,364.37,364.34,364.37,0.01,41.71,15038.87,1
2024-04-07,2024-04-07 14:44:00,364.37,364.41,364.37,364.41,0.01,41.71,15038.87,1
2024-04-07,2024-04-07 14:45:00,364.41,364.44,364.41,364.44,0.01,41.71,15038.87,1
2024-04-07,2024-04-07 14:46:00,364.44,364.47,364.44,364.47,0.01,41.71,15038.87,1
2024-04-07,2024-04-07 14:47:00,364.47,364.5,364.47,364.5,0.01,41.71,15038.87,1
2024-04-07,2024-04-07 14:48:00,364.5,364.54,364.5,364.54,0.01,41.71,15038.87,1
2024-04-07,2024-04-07 14:49:00,364.54,364.57,364.54,364.57,0.01,41.71,15038.87,1
2024-04-07,2024-04-07 14:50:00,364.57,364.6,364.57,364.6,0.01,41.71,15038.87,1
2024-04-07,2024-04-07 14:51:00,364.6,364.64,364.6,364.64,0.01,41.71,15038.87,1
2024-04-07,2024-04-07 14:52:00,364.64,364.67,364.64,364.67,0.01,41.71,15038.87,1
2024-04-07,2024-04-07 14:53:00,364.67,364.7,364.67,364.7,0.01,41.71,15038.87,1
2024-04-07,2024-04-07 14:54:00,364.7,364.74,364.7,364.74,0.01,41.71,15038.87,1
2024-04-07,2024-04-07 14:55:00,364.74,364.77,364.74,364.77,0.01,41.71,15038.87,1
2024-04-07,2024-04-07 14:56:00,364.77,364.8,364.77,364.8,0.01,41.71,15038.87,1
2024-04-07,2024-04-07 14:57:00,364.8,364.83,364.8,364.83,0.01,41.71,15038.87,1
2024-04-07,2024-04-07 14:58:00,364.83,364.87,364.83,364.87,0.01,41.71,15038.87,1
2024-04-07,2024-04-07 14:59:00,364.87,364.9,364.87,364.9,0.01,41.71,15038.87,1
2024-04-07,2024-04-07 15:00:00,364.9,366.0,354.0,364.9,0.0,41.71,15038.87,0
2024-04-09,2024-04-09 11:00:00,370.0,374.2,366.46,369.97,-0.01,51.19,18840.34,-1
2024-04-09,2024-04-09 11:01:00,369.97,369.97,369.93,369.93,-0.01,51.19,18840.34,-1
2024-04-09,2024-04-09 11:02:00,369.93,369.93,369.9,369.9,-0.01,51.19,18840.34,-1
2024-04-09,2024-04-09 11:03:00,369.9,369.9,369.87,369.87,-0.01,51.19,18840.34,-1
2024-04-09,2024-04-09 11:04:00,369.87,369.87,369.83,369.83,-0.01,51.19,18840.34,-1
2024-04-09,2024-04-09 11:05:00,369.83,369.83,369.8,369.8,-0.01,51.19,18840.34,-1
2024-04-09,2024-04-09 11:06:00,369.8,369.8,369.76,369.76,-0.01,51.19,18840.34,-1
2024-04-09,2024-04-09 11:07:00,369.76,369.76,369.73,369.73,-0.01,51.19,18840.34,-1
2024-04-09,2024-04-09 11:08:00,369.73,369.73,369.7,369.7,-0.01,51.19,18840.34,-1
2024-04-09,2024-04-09 11:09:00,369.7,369.7,369.66,369.66,-0.01,51.19,18840.34,-1
2024-04-09,2024-04-09 11:10:00,369.66,369.66,369.63,369.63,-0.01,51.19,18840.34,-1
2024-04-09,2024-04-09 11:11:00,369.63,369.63,369.6,369.6,-0.01,51.19,18840.34,-1
2024-04-09,2024-04-09 11:12:00,369.6,369.6,369.56,369.56,-0.01,51.19,18840.34,-1
2024-04-09,2024-04-09 11:13:00,369.56,369.56,369.53,369.53,-0.01,51.19,18840.34,-1
2024-04-09,2024-04-09 11:14:00,369.53,369.53,369.49,369.49,-0.01,51.19,18840.34,-1
2024-04-09,2024-04-09 11:15:00,369.49,369.49,369.46,369.46,-0.01,51.19,18840.34,-1
2024-04-09,2024-04-09 11:16:00,369.46,369.46,369.43,369.43,-0.01,51.19,18840.34,-1
2024-04-09,2024-04-09 11:17:00,369.43,369.43,369.39,369.39,-0.01,51.19,18840.34,-1
2024-04-09,2024-04-09 11:18:00,369.39,369.39,369.36,369.36,-0.01,51.19,18840.34,-1
2024-04-09,2024-04-09 11:19:00,369.36,369.36,369.32,369.32,-0.01,51.19,18840.34,-1
2024-04-09,2024-04-09 11:20:00,369.32,369.32,369.29,369.29,-0.01,51.19,18840.34,-1
2024-04-09,2024-04-09 11:21:00,369.29,369.29,369.26,369.26,-0.01,51.19,18840.34,-1
2024-04-09,2024-04-09 11:22:00,369.26,369.26,369.22,369.22,-0.01,51.19,18840.34,-1
2024-04-09,2024-04-09 11:23:00,369.22,369.22,369.19,369.19,-0.01,51.19,18840.34,-1
2024-04-09,2024-04-09 11:24:00,369.19,369.19,369.16,369.16,-0.01,51.19,18840.34,-1
2024-04-09,2024-04-09 11:25:00,369.16,369.16,369.12,369.12,-0.01,51.19,18840.34,-1
2024-04-09,2024-04-09 11:26:00,369.12,369.12,369.09,369.09,-0.01,51.19,18840.34,-1
2024-04-09,2024-04-09 11:27:00,369.09,369.09,369.06,369.06,-0.01,51.19,18840.34,-1
2024-04-09,2024-04-09 11:28:00,369.06,369.06,369.02,369.02,-0.01,51.19,18840.34,-1
2024-04-09,2024-04-09 11:29:00,369.02,369.02,368.99,368.99,-0.01,51.19,18840.34,-1
2024-04-09,2024-04-09 11:30:00,368.99,368.99,368.95,368.95,-0.01,51.19,18840.34,-1
2024-04-09,2024-04-09 11:31:00,368.95,368.95,368.92,368.92,-0.01,51.19,18840.34,-1
2024-04-09,2024-04-09 11:32:00,368.92,368.92,368.89,368.89,-0.01,51.19,18840.34,-1
2024-04-09,2024-04-09 11:33:00,368.89,368.89,368.85,368.85,-0.01,51.19,18840.34,-1
2024-04-09,2024-04-09 11:34:00,368.85,368.85,368.82,368.82,-0.01,51.19,18840.34,-1
2024-04-09,2024-04-09 11:35:00,368.82,368.82,368.78,368.78,-0.01,51.19,18840.34,-1
2024-04-09,2024-04-09 11:36:00,368.78,368.78,368.75,368.75,-0.01,51.19,18840.34,-1
2024-04-09,2024-04-09 11:37:00,368.75,368.75,368.72,368.72,-0.01,51.19,18840.34,-1
2024-04-09,2024-04-09 11:38:00,368.72,368.72,368.68,368.68,-0.01,51.19,18840.34,-1
2024-04-09,2024-04-09 11:39:00,368.68,368.68,368.65,368.65,-0.01,51.19,18840.34,-1
2024-04-09,2024-04-09 11:40:00,368.65,368.65,368.62,368.62,-0.01,51.19,18840.34,-1
2024-04-09,2024-04-09 11:41:00,368.62,368.62,368.58,368.58,-0.01,51.19,18840.34,-1
2024-04-09,2024-04-09 11:42:00,368.58,368.58,368.55,368.55,-0.01,51.19,18840.34,-1
2024-04-09,2024-04-09 11:43:00,368.55,368.55,368.51,368.51,-0.01,51.19,18840.34,-1
2024-04-09,2024-04-09 11:44:00,368.51,368.51,368.48,368.48,-0.01,51.19,18840.34,-1
2024-04-09,2024-04-09 11:45:00,368.48,368.48,368.45,368.45,-0.01,51.19,18840.34,-1
2024-04-09,2024-04-09 11:46:00,368.45,368.45,368.41,368.41,-0.01,51.19,18840.34,-1
2024-04-09,2024-04-09 11:47:00,368.41,368.41,368.38,368.38,-0.01,51.19,18840.34,-1
2024-04-09,2024-04-09 11:48:00,368.38,368.38,368.35,368.35,-0.01,51.19,18840.34,-1
2024-04-09,2024-04-09 11:49:00,368.35,368.35,368.31,368.31,-0.01,51.19,18840.34,-1
2024-04-09,2024-04-09 11:50:00,368.31,368.31,368.28,368.28,-0.01,51.19,18840.34,-1
2024-04-09,2024-04-09 11:51:00,368.28,368.28,368.25,368.25,-0.01,51.19,18840.34,-1
2024-04-09,2024-04-09 11:52:00,368.25,368.25,368.21,368.21,-0.01,51.19,18840.34,-1
2024-04-09,2024-04-09 11:53:00,368.21,368.21,368.18,368.18,-0.01,51.19,18840.34,-1
2024-04-09,2024-04-09 11:54:00,368.18,368.18,368.14,368.14,-0.01,51.19,18840.34,-1
2024-04-09,2024-04-09 11:55:00,368.14,368.14,368.11,368.11,-0.01,51.19,18840.34,-1
2024-04-09,2024-04-09 11:56:00,368.11,368.11,368.08,368.08,-0.01,51.19,18840.34,-1
2024-04-09,2024-04-09 11:57:00,368.08,368.08,368.04,368.04,-0.01,51.19,18840.34,-1
2024-04-09,2024-04-09 11:58:00,368.04,368.04,368.01,368.01,-0.01,51.19,18840.34,-1
2024-04-09,2024-04-09 11:59:00,368.01,368.01,367.98,367.98,-0.01,51.19,18840.34,-1
2024-04-09,2024-04-09 12:00:00,367.98,367.98,367.94,367.94,-0.01,51.19,18840.34,-1
2024-04-09,2024-04-09 12:01:00,367.94,367.94,367.91,367.91,-0.01,51.19,18840.34,-1
2024-04-09,2024-04-09 12:02:00,367.91,367.91,367.87,367.87,-0.01,51.19,18840.34,-1
2024-04-09,2024-04-09 12:03:00,367.87,367.87,367.84,367.84,-0.01,51.19,18840.34,-1
2024-04-09,2024-04-09 12:04:00,367.84,367.84,367.81,367.81,-0.01,51.19,18840.34,-1
2024-04-09,2024-04-09 12:05:00,367.81,367.81,367.77,367.77,-0.01,51.19,18840.34,-1
2024-04-09,2024-04-09 12:06:00,367.77,367.77,367.74,367.74,-0.01,51.19,18840.34,-1
2024-04-09,2024-04-09 12:07:00,367.74,367.74,367.7,367.7,-0.01,51.19,18840.34,-1
2024-04-09,2024-04-09 12:08:00,367.7,367.7,367.67,367.67,-0.01,51.19,18840.34,-1
2024-04-09,2024-04-09 12:09:00,367.67,367.67,367.64,367.64,-0.01,51.19,18840.34,-1
2024-04-09,2024-04-09 12:10:00,367.64,367.64,367.6,367.6,-0.01,51.19,18840.34,-1
2024-04-09,2024-04-09 12:11:00,367.6,367.6,367.57,367.57,-0.01,51.19,18840.34,-1
2024-04-09,2024-04-09 12:12:00,367.57,367.57,367.54,367.54,-0.01,51.19,18840.34,-1
2024-04-09,2024-04-09 12:13:00,367.54,367.54,367.5,367.5,-0.01,51.19,18840.34,-1
2024-04-09,2024-04-09 12:14:00,367.5,367.5,367.47,367.47,-0.01,51.19,18840.34,-1
2024-04-09,2024-04-09 12:15:00,367.47,367.47,367.44,367.44,-0.01,51.19,18840.34,-1
2024-04-09,2024-04-09 12:16:00,367.44,367.44,367.4,367.4,-0.01,51.19,18840.34,-1
2024-04-09,2024-04-09 12:17:00,367.4,367.4,367.37,367.37,-0.01,51.19,18840.34,-1
2024-04-09,2024-04-09 12:18:00,367.37,367.37,367.33,367.33,-0.01,51.19,18840.34,-1
2024-04-09,2024-04-09 12:19:00,367.33,367.33,367.3,367.3,-0.01,51.19,18840.34,-1
2024-04-09,2024-04-09 12:20:00,367.3,367.3,367.27,367.27,-0.01,51.19,18840.34,-1
2024-04-09,2024-04-09 12:21:00,367.27,367.27,367.23,367.23,-0.01,51.19,18840.34,-1
2024-04-09,2024-04-09 12:22:00,367.23,367.23,367.2,367.2,-0.01,51.19,18840.34,-1
2024-04-09,2024-04-09 12:23:00,367.2,367.2,367.16,367.16,-0.01,51.19,18840.34,-1
2024-04-09,2024-04-09 12:24:00,367.16,367.16,367.13,367.13,-0.01,51.19,18840.34,-1
2024-04-09,2024-04-09 12:25:00,367.13,367.13,367.1,367.1,-0.01,51.19,18840.34,-1
2024-04-09,2024-04-09 12:26:00,367.1,367.1,367.06,367.06,-0.01,51.19,18840.34,-1
2024-04-09,2024-04-09 12:27:00,367.06,367.06,367.03,367.03,-0.01,51.19,18840.34,-1
2024-04-09,2024-04-09 12:28:00,367.03,367.03,367.0,367.0,-0.01,51.19,18840.34,-1
2024-04-09,2024-04-09 12:29:00,367.0,367.0,366.96,366.96,-0.01,51.19,18840.34,-1
2024-04-09,2024-04-09 12:30:00,366.96,366.96,366.93,366.93,-0.01,51.19,18840.34,-1
2024-04-09,2024-04-09 12:31:00,366.93,366.93,366.89,366.89,-0.01,51.19,18840.34,-1
2024-04-09,2024-04-09 12:32:00,366.89,366.89,366.86,366.86,-0.01,51.19,18840.34,-1
2024-04-09,2024-04-09 12:33:00,366.86,366.86,366.83,366.83,-0.01,51.19,18840.34,-1
2024-04-09,2024-04-09 12:34:00,366.83,366.83,366.79,366.79,-0.01,51.19,18840.34,-1
2024-04-09,2024-04-09 12:35:00,366.79,366.79,366.76,366.76,-0.01,51.19,18840.34,-1
2024-04-09,2024-04-09 12:36:00,366.76,366.76,366.73,366.73,-0.01,51.19,18840.34,-1
2024-04-09,2024-04-09 12:37:00,366.73,366.73,366.69,366.69,-0.01,51.19,18840.34,-1
2024-04-09,2024-04-09 12:38:00,366.69,366.69,366.66,366.66,-0.01,51.19,18840.34,-1
2024-04-09,2024-04-09 12:39:00,366.66,366.66,366.62,366.62,-0.01,51.19,18840.34,-1
2024-04-09,2024-04-09 12:40:00,366.62,366.62,366.59,366.59,-0.01,51.19,18840.34,-1
2024-04-09,2024-04-09 12:41:00,366.59,366.59,366.56,366.56,-0.01,51.19,18840.34,-1
2024-04-09,2024-04-09 12:42:00,366.56,366.56,366.52,366.52,-0.01,51.19,18840.34,-1
2024-04-09,2024-04-09 12:43:00,366.52,366.52,366.49,366.49,-0.01,51.19,18840.34,-1
2024-04-09,2024-04-09 12:44:00,366.49,366.49,366.46,366.46,-0.01,51.19,18840.34,-1
2024-04-09,2024-04-09 12:45:00,366.46,366.46,366.42,366.42,-0.01,51.19,18840.34,-1
2024-04-09,2024-04-09 12:46:00,366.42,366.42,366.39,366.39,-0.01,51.19,18840.34,-1
2024-04-09,2024-04-09 12:47:00,366.39,366.39,366.36,366.36,-0.01,51.19,18840.34,-1
2024-04-09,2024-04-09 12:48:00,366.36,366.36,366.32,366.32,-0.01,51.19,18840.34,-1
2024-04-09,2024-04-09 12:49:00,366.32,366.32,366.29,366.29,-0.01,51.19,18840.34,-1
2024-04-09,2024-04-09 12:50:00,366.29,366.29,366.25,366.25,-0.01,51.19,18840.34,-1
2024-04-09,2024-04-09 12:51:00,366.25,366.25,366.22,366.22,-0.01,51.19,18840.34,-1
2024-04-09,2024-04-09 12:52:00,366.22,366.22,366.19,366.19,-0.01,51.19,18840.34,-1
2024-04-09,2024-04-09 12:53:00,366.19,366.19,366.15,366.15,-0.01,51.19,18840.34,-1
2024-04-09,2024-04-09 12:54:00,366.15,366.15,366.12,366.12,-0.01,51.19,18840.34,-1
2024-04-09,2024-04-09 12:55:00,366.12,366.12,366.08,366.08,-0.01,51.19,18840.34,-1
2024-04-09,2024-04-09 12:56:00,366.08,366.08,366.05,366.05,-0.01,51.19,18840.34,-1
2024-04-09,2024-04-09 12:57:00,366.05,366.05,366.02,366.02,-0.01,51.19,18840.34,-1
2024-04-09,2024-04-09 12:58:00,366.02,366.02,365.98,365.98,-0.01,51.19,18840.34,-1
2024-04-09,2024-04-09 12:59:00,365.98,365.98,365.95,365.95,-0.01,51.19,18840.34,-1
2024-04-09,2024-04-09 13:00:00,365.95,384.0,358.2,365.92,-0.01,51.19,18840.34,-1
2024-04-09,2024-04-09 13:01:00,365.92,365.92,365.88,365.88,-0.01,51.19,18840.34,-1
2024-04-09,2024-04-09 13:02:00,365.88,365.88,365.85,365.85,-0.01,51.19,18840.34,-1
2024-04-09,2024-04-09 13:03:00,365.85,365.85,365.81,365.81,-0.01,51.19,18840.34,-1
2024-04-09,2024-04-09 13:04:00,365.81,365.81,365.78,365.78,-0.01,51.19,18840.34,-1
2024-04-09,2024-04-09 13:05:00,365.78,365.78,365.75,365.75,-0.01,51.19,18840.34,-1
2024-04-09,2024-04-09 13:06:00,365.75,365.75,365.71,365.71,-0.01,51.19,18840.34,-1
2024-04-09,2024-04-09 13:07:00,365.71,365.71,365.68,365.68,-0.01,51.19,18840.34,-1
2024-04-09,2024-04-09 13:08:00,365.68,365.68,365.65,365.65,-0.01,51.19,18840.34,-1
2024-04-09,2024-04-09 13:09:00,365.65,365.65,365.61,365.61,-0.01,51.19,18840.34,-1
2024-04-09,2024-04-09 13:10:00,365.61,365.61,365.58,365.58,-0.01,51.19,18840.34,-1
2024-04-09,2024-04-09 13:11:00,365.58,365.58,365.54,365.54,-0.01,51.19,18840.34,-1
2024-04-09,2024-04-09 13:12:00,365.54,365.54,365.51,365.51,-0.01,51.19,18840.34,-1
2024-04-09,2024-04-09 13:13:00,365.51,365.51,365.48,365.48,-0.01,51.19,18840.34,-1
2024-04-09,2024-04-09 13:14:00,365.48,365.48,365.44,365.44,-0.01,51.19,18840.34,-1
2024-04-09,2024-04-09 13:15:00,365.44,365.44,365.41,365.41,-0.01,51.19,18840.34,-1
2024-04-09,2024-04-09 13:16:00,365.41,365.41,365.38,365.38,-0.01,51.19,18840.34,-1
2024-04-09,2024-04-09 13:17:00,365.38,365.38,365.34,365.34,-0.01,51.19,18840.34,-1
2024-04-09,2024-04-09 13:18:00,365.34,365.34,365.31,365.31,-0.01,51.19,18840.34,-1
2024-04-09,2024-04-09 13:19:00,365.31,365.31,365.27,365.27,-0.01,51.19,18840.34,-1
2024-04-09,2024-04-09 13:20:00,365.27,365.27,365.24,365.24,-0.01,51.19,18840.34,-1
2024-04-09,2024-04-09 13:21:00,365.24,365.24,365.21,365.21,-0.01,51.19,18840.34,-1
2024-04-09,2024-04-09 13:22:00,365.21,365.21,365.17,365.17,-0.01,51.19,18840.34,-1
2024-04-09,2024-04-09 13:23:00,365.17,365.17,365.14,365.14,-0.01,51.19,18840.34,-1
2024-04-09,2024-04-09 13:24:00,365.14,365.14,365.11,365.11,-0.01,51.19,18840.34,-1
2024-04-09,2024-04-09 13:25:00,365.11,365.11,365.07,365.07,-0.01,51.19,18840.34,-1
2024-04-09,2024-04-09 13:26:00,365.07,365.07,365.04,365.04,-0.01,51.19,18840.34,-1
2024-04-09,2024-04-09 13:27:00,365.04,365.04,365.0,365.0,-0.01,51.19,18840.34,-1
2024-04-09,2024-04-09 13:28:00,365.0,365.0,364.97,364.97,-0.01,51.19,18840.34,-1
2024-04-09,2024-04-09 13:29:00,364.97,364.97,364.94,364.94,-0.01,51.19,18840.34,-1
2024-04-09,2024-04-09 13:30:00,364.94,364.94,364.9,364.9,-0.01,51.19,18840.34,-1
2024-04-09,2024-04-09 13:31:00,364.9,364.9,364.87,364.87,-0.01,51.19,18840.34,-1
2024-04-09,2024-04-09 13:32:00,364.87,364.87,364.84,364.84,-0.01,51.19,18840.34,-1
2024-04-09,2024-04-09 13:33:00,364.84,364.84,364.8,364.8,-0.01,51.19,18840.34,-1
2024-04-09,2024-04-09 13:34:00,364.8,364.8,364.77,364.77,-0.01,51.19,18840.34,-1
2024-04-09,2024-04-09 13:35:00,364.77,364.77,364.74,364.74,-0.01,51.19,18840.34,-1
2024-04-09,2024-04-09 13:36:00,364.74,364.74,364.7,364.7,-0.01,51.19,18840.34,-1
2024-04-09,2024-04-09 13:37:00,364.7,364.7,364.67,364.67,-0.01,51.19,18840.34,-1
2024-04-09,2024-04-09 13:38:00,364.67,364.67,364.63,364.63,-0.01,51.19,18840.34,-1
2024-04-09,2024-04-09 13:39:00,364.63,364.63,364.6,364.6,-0.01,51.19,18840.34,-1
2024-04-09,2024-04-09 13:40:00,364.6,364.6,364.57,364.57,-0.01,51.19,18840.34,-1
2024-04-09,2024-04-09 13:41:00,364.57,364.57,364.53,364.53,-0.01,51.19,18840.34,-1
2024-04-09,2024-04-09 13:42:00,364.53,364.53,364.5,364.5,-0.01,51.19,18840.34,-1
2024-04-09,2024-04-09 13:43:00,364.5,364.5,364.46,364.46,-0.01,51.19,18840.34,-1
2024-04-09,2024-04-09 13:44:00,364.46,364.46,364.43,364.43,-0.01,51.19,18840.34,-1
2024-04-09,2024-04-09 13:45:00,364.43,364.43,364.4,364.4,-0.01,51.19,18840.34,-1
2024-04-09,2024-04-09 13:46:00,364.4,364.4,364.36,364.36,-0.01,51.19,18840.34,-1
2024-04-09,2024-04-09 13:47:00,364.36,364.36,364.33,364.33,-0.01,51.19,18840.34,-1
2024-04-09,2024-04-09 13:48:00,364.33,364.33,364.3,364.3,-0.01,51.19,18840.34,-1
2024-04-09,2024-04-09 13:49:00,364.3,364.3,364.26,364.26,-0.01,51.19,18840.34,-1
2024-04-09,2024-04-09 13:50:00,364.26,364.26,364.23,364.23,-0.01,51.19,18840.34,-1
2024-04-09,2024-04-09 13:51:00,364.23,364.23,364.19,364.19,-0.01,51.19,18840.34,-1
2024-04-09,2024-04-09 13:52:00,364.19,364.19,364.16,364.16,-0.01,51.19,18840.34,-1
2024-04-09,2024-04-09 13:53:00,364.16,364.16,364.13,364.13,-0.01,51.19,18840.34,-1
2024-04-09,2024-04-09 13:54:00,364.13,364.13,364.09,364.09,-0.01,51.19,18840.34,-1
2024-04-09,2024-04-09 13:55:00,364.09,364.09,364.06,364.06,-0.01,51.19,18840.34,-1
2024-04-09,2024-04-09 13:56:00,364.06,364.06,364.03,364.03,-0.01,51.19,18840.34,-1
2024-04-09,2024-04-09 13:57:00,364.03,364.03,363.99,363.99,-0.01,51.19,18840.34,-1
2024-04-09,2024-04-09 13:58:00,363.99,363.99,363.96,363.96,-0.01,51.19,18840.34,-1
2024-04-09,2024-04-09 13:59:00,363.96,363.96,363.92,363.92,-0.01,51.19,18840.34,-1
2024-04-09,2024-04-09 14:00:00,363.92,363.92,363.89,363.89,-0.01,51.19,18840.34,-1
2024-04-09,2024-04-09 14:01:00,363.89,363.89,363.86,363.86,-0.01,51.19,18840.34,-1
2024-04-09,2024-04-09 14:02:00,363.86,363.86,363.82,363.82,-0.01,51.19,18840.34,-1
2024-04-09,2024-04-09 14:03:00,363.82,363.82,363.79,363.79,-0.01,51.19,18840.34,-1
2024-04-09,2024-04-09 14:04:00,363.79,363.79,363.76,363.76,-0.01,51.19,18840.34,-1
2024-04-09,2024-04-09 14:05:00,363.76,363.76,363.72,363.72,-0.01,51.19,18840.34,-1
2024-04-09,2024-04-09 14:06:00,363.72,363.72,363.69,363.69,-0.01,51.19,18840.34,-1
2024-04-09,2024-04-09 14:07:00,363.69,363.69,363.65,363.65,-0.01,51.19,18840.34,-1
2024-04-09,2024-04-09 14:08:00,363.65,363.65,363.62,363.62,-0.01,51.19,18840.34,-1
2024-04-09,2024-04-09 14:09:00,363.62,363.62,363.59,363.59,-0.01,51.19,18840.34,-1
2024-04-09,2024-04-09 14:10:00,363.59,363.59,363.55,363.55,-0.01,51.19,18840.34,-1
2024-04-09,2024-04-09 14:11:00,363.55,363.55,363.52,363.52,-0.01,51.19,18840.34,-1
2024-04-09,2024-04-09 14:12:00,363.52,363.52,363.49,363.49,-0.01,51.19,18840.34,-1
2024-04-09,2024-04-09 14:13:00,363.49,363.49,363.45,363.45,-0.01,51.19,18840.34,-1
2024-04-09,2024-04-09 14:14:00,363.45,363.45,363.42,363.42,-0.01,51.19,18840.34,-1
2024-04-09,2024-04-09 14:15:00,363.42,363.42,363.38,363.38,-0.01,51.19,18840.34,-1
2024-04-09,2024-04-09 14:16:00,363.38,363.38,363.35,363.35,-0.01,51.19,18840.34,-1
2024-04-09,2024-04-09 14:17:00,363.35,363.35,363.32,363.32,-0.01,51.19,18840.34,-1
2024-04-09,2024-04-09 14:18:00,363.32,363.32,363.28,363.28,-0.01,51.19,18840.34,-1
2024-04-09,2024-04-09 14:19:00,363.28,363.28,363.25,363.25,-0.01,51.19,18840.34,-1
2024-04-09,2024-04-09 14:20:00,363.25,363.25,363.22,363.22,-0.01,51.19,18840.34,-1
2024-04-09,2024-04-09 14:21:00,363.22,363.22,363.18,363.18,-0.01,51.19,18840.34,-1
2024-04-09,2024-04-09 14:22:00,363.18,363.18,363.15,363.15,-0.01,51.19,18840.34,-1
2024-04-09,2024-04-09 14:23:00,363.15,363.15,363.12,363.12,-0.01,51.19,18840.34,-1
2024-04-09,2024-04-09 14:24:00,363.12,363.12,363.08,363.08,-0.01,51.19,18840.34,-1
2024-04-09,2024-04-09 14:25:00,363.08,363.08,363.05,363.05,-0.01,51.19,18840.34,-1
2024-04-09,2024-04-09 14:26:00,363.05,363.05,363.01,363.01,-0.01,51.19,18840.34,-1
2024-04-09,2024-04-09 14:27:00,363.01,363.01,362.98,362.98,-0.01,51.19,18840.34,-1
2024-04-09,2024-04-09 14:28:00,362.98,362.98,362.95,362.95,-0.01,51.19,18840.34,-1
2024-04-09,2024-04-09 14:29:00,362.95,362.95,362.91,362.91,-0.01,51.19,18840.34,-1
2024-04-09,2024-04-09 14:30:00,362.91,362.91,362.88,362.88,-0.01,51.19,18840.34,-1
2024-04-09,2024-04-09 14:31:00,362.88,362.88,362.84,362.84,-0.01,51.19,18840.34,-1
2024-04-09,2024-04-09 14:32:00,362.84,362.84,362.81,362.81,-0.01,51.19,18840.34,-1
2024-04-09,2024-04-09 14:33:00,362.81,362.81,362.78,362.78,-0.01,51.19,18840.34,-1
2024-04-09,2024-04-09 14:34:00,362.78,362.78,362.74,362.74,-0.01,51.19,18840.34,-1
2024-04-09,2024-04-09 14:35:00,362.74,362.74,362.71,362.71,-0.01,51.19,18840.34,-1
2024-04-09,2024-04-09 14:36:00,362.71,362.71,362.68,362.68,-0.01,51.19,18840.34,-1
2024-04-09,2024-04-09 14:37:00,362.68,362.68,362.64,362.64,-0.01,51.19,18840.34,-1
2024-04-09,2024-04-09 14:38:00,362.64,362.64,362.61,362.61,-0.01,51.19,18840.34,-1
2024-04-09,2024-04-09 14:39:00,362.61,362.61,362.57,362.57,-0.01,51.19,18840.34,-1
2024-04-09,2024-04-09 14:40:00,362.57,362.57,362.54,362.54,-0.01,51.19,18840.34,-1
2024-04-09,2024-04-09 14:41:00,362.54,362.54,362.51,362.51,-0.01,51.19,18840.34,-1
2024-04-09,2024-04-09 14:42:00,362.51,362.51,362.47,362.47,-0.01,51.19,18840.34,-1
2024-04-09,2024-04-09 14:43:00,362.47,362.47,362.44,362.44,-0.01,51.19,18840.34,-1
2024-04-09,2024-04-09 14:44:00,362.44,362.44,362.41,362.41,-0.01,51.19,18840.34,-1
2024-04-09,2024-04-09 14:45:00,362.41,362.41,362.37,362.37,-0.01,51.19,18840.34,-1
2024-04-09,2024-04-09 14:46:00,362.37,362.37,362.34,362.34,-0.01,51.19,18840.34,-1
2024-04-09,2024-04-09 14:47:00,362.34,362.34,362.3,362.3,-0.01,51.19,18840.34,-1
2024-04-09,2024-04-09 14:48:00,362.3,362.3,362.27,362.27,-0.01,51.19,18840.34,-1
2024-04-09,2024-04-09 14:49:00,362.27,362.27,362.24,362.24,-0.01,51.19,18840.34,-1
2024-04-09,2024-04-09 14:50:00,362.24,362.24,362.2,362.2,-0.01,51.19,18840.34,-1
2024-04-09,2024-04-09 14:51:00,362.2,362.2,362.17,362.17,-0.01,51.19,18840.34,-1
2024-04-09,2024-04-09 14:52:00,362.17,362.17,362.14,362.14,-0.01,51.19,18840.34,-1
2024-04-09,2024-04-09 14:53:00,362.14,362.14,362.1,362.1,-0.01,51.19,18840.34,-1
2024-04-09,2024-04-09 14:54:00,362.1,362.1,362.07,362.07,-0.01,51.19,18840.34,-1
2024-04-09,2024-04-09 14:55:00,362.07,362.07,362.03,362.03,-0.01,51.19,18840.34,-1
2024-04-09,2024-04-09 14:56:00,362.03,362.03,362.0,362.0,-0.01,51.19,18840.34,-1
2024-04-09,2024-04-09 14:57:00,362.0,362.0,361.97,361.97,-0.01,51.19,18840.34,-1
2024-04-09,2024-04-09 14:58:00,361.97,361.97,361.93,361.93,-0.01,51.19,18840.34,-1
2024-04-09,2024-04-09 14:59:00,361.93,361.93,361.9,361.9,-0.01,51.19,18840.34,-1
2024-04-09,2024-04-09 15:00:00,361.9,384.0,358.2,361.9,0.0,51.19,18840.34,0
2024-04-10,2024-04-10 11:00:00,365.0,369.2,365.0,365.02,0.01,74.62,27567.0,1
2024-04-10,2024-04-10 11:01:00,365.02,365.05,365.02,365.05,0.01,74.62,27567.0,1
2024-04-10,2024-04-10 11:02:00,365.05,365.07,365.05,365.07,0.01,74.62,27567.0,1
2024-04-10,2024-04-10 11:03:00,365.07,365.1,365.07,365.1,0.01,74.62,27567.0,1
2024-04-10,2024-04-10 11:04:00,365.1,365.12,365.1,365.12,0.01,74.62,27567.0,1
2024-04-10,2024-04-10 11:05:00,365.12,365.15,365.12,365.15,0.01,74.62,27567.0,1
2024-04-10,2024-04-10 11:06:00,365.15,365.18,365.15,365.18,0.01,74.62,27567.0,1
2024-04-10,2024-04-10 11:07:00,365.18,365.2,365.18,365.2,0.01,74.62,27567.0,1
2024-04-10,2024-04-10 11:08:00,365.2,365.23,365.2,365.23,0.01,74.62,27567.0,1
2024-04-10,2024-04-10 11:09:00,365.23,365.25,365.23,365.25,0.01,74.62,27567.0,1
2024-04-10,2024-04-10 11:10:00,365.25,365.27,365.25,365.27,0.01,74.62,27567.0,1
2024-04-10,2024-04-10 11:11:00,365.27,365.3,365.27,365.3,0.01,74.62,27567.0,1
2024-04-10,2024-04-10 11:12:00,365.3,365.32,365.3,365.32,0.01,74.62,27567.0,1
2024-04-10,2024-04-10 11:13:00,365.32,365.35,365.32,365.35,0.01,74.62,27567.0,1
2024-04-10,2024-04-10 11:14:00,365.35,365.38,365.35,365.38,0.01,74.62,27567.0,1
2024-04-10,2024-04-10 11:15:00,365.38,365.4,365.38,365.4,0.01,74.62,27567.0,1
2024-04-10,2024-04-10 11:16:00,365.4,365.43,365.4,365.43,0.01,74.62,27567.0,1
2024-04-10,2024-04-10 11:17:00,365.43,365.45,365.43,365.45,0.01,74.62,27567.0,1
2024-04-10,2024-04-10 11:18:00,365.45,365.48,365.45,365.48,0.01,74.62,27567.0,1
2024-04-10,2024-04-10 11:19:00,365.48,365.5,365.48,365.5,0.01,74.62,27567.0,1
2024-04-10,2024-04-10 11:20:00,365.5,365.52,365.5,365.52,0.01,74.62,27567.0,1
2024-04-10,2024-04-10 11:21:00,365.52,365.55,365.52,365.55,0.01,74.62,27567.0,1
2024-04-10,2024-04-10 11:22:00,365.55,365.57,365.55,365.57,0.01,74.62,27567.0,1
2024-04-10,2024-04-10 11:23:00,365.57,365.6,365.57,365.6,0.01,74.62,27567.0,1
2024-04-10,2024-04-10 11:24:00,365.6,365.62,365.6,365.62,0.01,74.62,27567.0,1
2024-04-10,2024-04-10 11:25:00,365.62,365.65,365.62,365.65,0.01,74.62,27567.0,1
2024-04-10,2024-04-10 11:26:00,365.65,365.68,365.65,365.68,0.01,74.62,27567.0,1
2024-04-10,2024-04-10 11:27:00,365.68,365.7,365.68,365.7,0.01,74.62,27567.0,1
2024-04-10,2024-04-10 11:28:00,365.7,365.73,365.7,365.73,0.01,74.62,27567.0,1
2024-04-10,2024-04-10 11:29:00,365.73,365.75,365.73,365.75,0.01,74.62,27567.0,1
2024-04-10,2024-04-10 11:30:00,365.75,365.77,365.75,365.77,0.01,74.62,27567.0,1
2024-04-10,2024-04-10 11:31:00,365.77,365.8,365.77,365.8,0.01,74.62,27567.0,1
2024-04-10,2024-04-10 11:32:00,365.8,365.82,365.8,365.82,0.01,74.62,27567.0,1
2024-04-10,2024-04-10 11:33:00,365.82,365.85,365.82,365.85,0.01,74.62,27567.0,1
2024-04-10,2024-04-10 11:34:00,365.85,365.88,365.85,365.88,0.01,74.62,27567.0,1
2024-04-10,2024-04-10 11:35:00,365.88,365.9,365.88,365.9,0.01,74.62,27567.0,1
2024-04-10,2024-04-10 11:36:00,365.9,365.93,365.9,365.93,0.01,74.62,27567.0,1
2024-04-10,2024-04-10 11:37:00,365.93,365.95,365.93,365.95,0.01,74.62,27567.0,1
2024-04-10,2024-04-10 11:38:00,365.95,365.98,365.95,365.98,0.01,74.62,27567.0,1
2024-04-10,2024-04-10 11:39:00,365.98,366.0,365.98,366.0,0.01,74.62,27567.0,1
2024-04-10,2024-04-10 11:40:00,366.0,366.02,366.0,366.02,0.01,74.62,27567.0,1
2024-04-10,2024-04-10 11:41:00,366.02,366.05,366.02,366.05,0.01,74.62,27567.0,1
2024-04-10,2024-04-10 11:42:00,366.05,366.07,366.05,366.07,0.01,74.62,27567.0,1
2024-04-10,2024-04-10 11:43:00,366.07,366.1,366.07,366.1,0.01,74.62,27567.0,1
2024-04-10,2024-04-10 11:44:00,366.1,366.12,366.1,366.12,0.01,74.62,27567.0,1
2024-04-10,2024-04-10 11:45:00,366.12,366.15,366.12,366.15,0.01,74.62,27567.0,1
2024-04-10,2024-04-10 11:46:00,366.15,366.18,366.15,366.18,0.01,74.62,27567.0,1
2024-04-10,2024-04-10 11:47:00,366.18,366.2,366.18,366.2,0.01,74.62,27567.0,1
2024-04-10,2024-04-10 11:48:00,366.2,366.23,366.2,366.23,0.01,74.62,27567.0,1
2024-04-10,2024-04-10 11:49:00,366.23,366.25,366.23,366.25,0.01,74.62,27567.0,1
2024-04-10,2024-04-10 11:50:00,366.25,366.27,366.25,366.27,0.01,74.62,27567.0,1
2024-04-10,2024-04-10 11:51:00,366.27,366.3,366.27,366.3,0.01,74.62,27567.0,1
2024-04-10,2024-04-10 11:52:00,366.3,366.32,366.3,366.32,0.01,74.62,27567.0,1
2024-04-10,2024-04-10 11:53:00,366.32,366.35,366.32,366.35,0.01,74.62,27567.0,1
2024-04-10,2024-04-10 11:54:00,366.35,366.38,366.35,366.38,0.01,74.62,27567.0,1
2024-04-10,2024-04-10 11:55:00,366.38,366.4,366.38,366.4,0.01,74.62,27567.0,1
2024-04-10,2024-04-10 11:56:00,366.4,366.43,366.4,366.43,0.01,74.62,27567.0,1
2024-04-10,2024-04-10 11:57:00,366.43,366.45,366.43,366.45,0.01,74.62,27567.0,1
2024-04-10,2024-04-10 11:58:00,366.45,366.48,366.45,366.48,0.01,74.62,27567.0,1
2024-04-10,2024-04-10 11:59:00,366.48,366.5,366.48,366.5,0.01,74.62,27567.0,1
2024-04-10,2024-04-10 12:00:00,366.5,366.52,366.5,366.52,0.01,74.62,27567.0,1
2024-04-10,2024-04-10 12:01:00,366.52,366.55,366.52,366.55,0.01,74.62,27567.0,1
2024-04-10,2024-04-10 12:02:00,366.55,366.57,366.55,366.57,0.01,74.62,27567.0,1
2024-04-10,2024-04-10 12:03:00,366.57,366.6,366.57,366.6,0.01,74.62,27567.0,1
2024-04-10,2024-04-10 12:04:00,366.6,366.62,366.6,366.62,0.01,74.62,27567.0,1
2024-04-10,2024-04-10 12:05:00,366.62,366.65,366.62,366.65,0.01,74.62,27567.0,1
2024-04-10,2024-04-10 12:06:00,366.65,366.68,366.65,366.68,0.01,74.62,27567.0,1
2024-04-10,2024-04-10 12:07:00,366.68,366.7,366.68,366.7,0.01,74.62,27567.0,1
2024-04-10,2024-04-10 12:08:00,366.7,366.73,366.7,366.73,0.01,74.62,27567.0,1
2024-04-10,2024-04-10 12:09:00,366.73,366.75,366.73,366.75,0.01,74.62,27567.0,1
2024-04-10,2024-04-10 12:10:00,366.75,366.77,366.75,366.77,0.01,74.62,27567.0,1
2024-04-10,2024-04-10 12:11:00,366.77,366.8,366.77,366.8,0.01,74.62,27567.0,1
2024-04-10,2024-04-10 12:12:00,366.8,366.82,366.8,366.82,0.01,74.62,27567.0,1
2024-04-10,2024-04-10 12:13:00,366.82,366.85,366.82,366.85,0.01,74.62,27567.0,1
2024-04-10,2024-04-10 12:14:00,366.85,366.88,366.85,366.88,0.01,74.62,27567.0,1
2024-04-10,2024-04-10 12:15:00,366.88,366.9,366.88,366.9,0.01,74.62,27567.0,1
2024-04-10,2024-04-10 12:16:00,366.9,366.93,366.9,366.93,0.01,74.62,27567.0,1
2024-04-10,2024-04-10 12:17:00,366.93,366.95,366.93,366.95,0.01,74.62,27567.0,1
2024-04-10,2024-04-10 12:18:00,366.95,366.98,366.95,366.98,0.01,74.62,27567.0,1
2024-04-10,2024-04-10 12:19:00,366.98,367.0,366.98,367.0,0.01,74.62,27567.0,1
2024-04-10,2024-04-10 12:20:00,367.0,367.02,367.0,367.02,0.01,74.62,27567.0,1
2024-04-10,2024-04-10 12:21:00,367.02,367.05,367.02,367.05,0.01,74.62,27567.0,1
2024-04-10,2024-04-10 12:22:00,367.05,367.07,367.05,367.07,0.01,74.62,27567.0,1
2024-04-10,2024-04-10 12:23:00,367.07,367.1,367.07,367.1,0.01,74.62,27567.0,1
2024-04-10,2024-04-10 12:24:00,367.1,367.12,367.1,367.12,0.01,74.62,27567.0,1
2024-04-10,2024-04-10 12:25:00,367.12,367.15,367.12,367.15,0.01,74.62,27567.0,1
2024-04-10,2024-04-10 12:26:00,367.15,367.18,367.15,367.18,0.01,74.62,27567.0,1
2024-04-10,2024-04-10 12:27:00,367.18,367.2,367.18,367.2,0.01,74.62,27567.0,1
2024-04-10,2024-04-10 12:28:00,367.2,367.23,367.2,367.23,0.01,74.62,27567.0,1
2024-04-10,2024-04-10 12:29:00,367.23,367.25,367.23,367.25,0.01,74.62,27567.0,1
2024-04-10,2024-04-10 12:30:00,367.25,367.27,367.25,367.27,0.01,74.62,27567.0,1
2024-04-10,2024-04-10 12:31:00,367.27,367.3,367.27,367.3,0.01,74.62,27567.0,1
2024-04-10,2024-04-10 12:32:00,367.3,367.32,367.3,367.32,0.01,74.62,27567.0,1
2024-04-10,2024-04-10 12:33:00,367.32,367.35,367.32,367.35,0.01,74.62,27567.0,1
2024-04-10,2024-04-10 12:34:00,367.35,367.38,367.35,367.38,0.01,74.62,27567.0,1
2024-04-10,2024-04-10 12:35:00,367.38,367.4,367.38,367.4,0.01,74.62,27567.0,1
2024-04-10,2024-04-10 12:36:00,367.4,367.43,367.4,367.43,0.01,74.62,27567.0,1
2024-04-10,2024-04-10 12:37:00,367.43,367.45,367.43,367.45,0.01,74.62,27567.0,1
2024-04-10,2024-04-10 12:38:00,367.45,367.48,367.45,367.48,0.01,74.62,27567.0,1
2024-04-10,2024-04-10 12:39:00,367.48,367.5,367.48,367.5,0.01,74.62,27567.0,1
2024-04-10,2024-04-10 12:40:00,367.5,367.52,367.5,367.52,0.01,74.62,27567.0,1
2024-04-10,2024-04-10 12:41:00,367.52,367.55,367.52,367.55,0.01,74.62,27567.0,1
2024-04-10,2024-04-10 12:42:00,367.55,367.57,367.55,367.57,0.01,74.62,27567.0,1
2024-04-10,2024-04-10 12:43:00,367.57,367.6,367.57,367.6,0.01,74.62,27567.0,1
2024-04-10,2024-04-10 12:44:00,367.6,367.62,367.6,367.62,0.01,74.62,27567.0,1
2024-04-10,2024-04-10 12:45:00,367.62,367.65,367.62,367.65,0.01,74.62,27567.0,1
2024-04-10,2024-04-10 12:46:00,367.65,367.68,367.65,367.68,0.01,74.62,27567.0,1
2024-04-10,2024-04-10 12:47:00,367.68,367.7,367.68,367.7,0.01,74.62,27567.0,1
2024-04-10,2024-04-10 12:48:00,367.7,367.73,367.7,367.73,0.01,74.62,27567.0,1
2024-04-10,2024-04-10 12:49:00,367.73,367.75,367.73,367.75,0.01,74.62,27567.0,1
2024-04-10,2024-04-10 12:50:00,367.75,367.77,367.75,367.77,0.01,74.62,27567.0,1
2024-04-10,2024-04-10 12:51:00,367.77,367.8,367.77,367.8,0.01,74.62,27567.0,1
2024-04-10,2024-04-10 12:52:00,367.8,367.82,367.8,367.82,0.01,74.62,27567.0,1
2024-04-10,2024-04-10 12:53:00,367.82,367.85,367.82,367.85,0.01,74.62,27567.0,1
2024-04-10,2024-04-10 12:54:00,367.85,367.88,367.85,367.88,0.01,74.62,27567.0,1
2024-04-10,2024-04-10 12:55:00,367.88,367.9,367.88,367.9,0.01,74.62,27567.0,1
2024-04-10,2024-04-10 12:56:00,367.9,367.93,367.9,367.93,0.01,74.62,27567.0,1
2024-04-10,2024-04-10 12:57:00,367.93,367.95,367.93,367.95,0.01,74.62,27567.0,1
2024-04-10,2024-04-10 12:58:00,367.95,367.98,367.95,367.98,0.01,74.62,27567.0,1
2024-04-10,2024-04-10 12:59:00,367.98,368.0,367.98,368.0,0.01,74.62,27567.0,1
2024-04-10,2024-04-10 13:00:00,368.0,379.0,365.0,368.02,0.01,74.62,27567.0,1
2024-04-10,2024-04-10 13:01:00,368.02,368.05,368.02,368.05,0.01,74.62,27567.0,1
2024-04-10,2024-04-10 13:02:00,368.05,368.07,368.05,368.07,0.01,74.62,27567.0,1
2024-04-10,2024-04-10 13:03:00,368.07,368.1,368.07,368.1,0.01,74.62,27567.0,1
2024-04-10,2024-04-10 13:04:00,368.1,368.12,368.1,368.12,0.01,74.62,27567.0,1
2024-04-10,2024-04-10 13:05:00,368.12,368.15,368.12,368.15,0.01,74.62,27567.0,1
2024-04-10,2024-04-10 13:06:00,368.15,368.18,368.15,368.18,0.01,74.62,27567.0,1
2024-04-10,2024-04-10 13:07:00,368.18,368.2,368.18,368.2,0.01,74.62,27567.0,1
2024-04-10,2024-04-10 13:08:00,368.2,368.23,368.2,368.23,0.01,74.62,27567.0,1
2024-04-10,2024-04-10 13:09:00,368.23,368.25,368.23,368.25,0.01,74.62,27567.0,1
2024-04-10,2024-04-10 13:10:00,368.25,368.27,368.25,368.27,0.01,74.62,27567.0,1
2024-04-10,2024-04-10 13:11:00,368.27,368.3,368.27,368.3,0.01,74.62,27567.0,1
2024-04-10,2024-04-10 13:12:00,368.3,368.32,368.3,368.32,0.01,74.62,27567.0,1
2024-04-10,2024-04-10 13:13:00,368.32,368.35,368.32,368.35,0.01,74.62,27567.0,1
2024-04-10,2024-04-10 13:14:00,368.35,368.38,368.35,368.38,0.01,74.62,27567.0,1
2024-04-10,2024-04-10 13:15:00,368.38,368.4,368.38,368.4,0.01,74.62,27567.0,1
2024-04-10,2024-04-10 13:16:00,368.4,368.43,368.4,368.43,0.01,74.62,27567.0,1
2024-04-10,2024-04-10 13:17:00,368.43,368.45,368.43,368.45,0.01,74.62,27567.0,1
2024-04-10,2024-04-10 13:18:00,368.45,368.48,368.45,368.48,0.01,74.62,27567.0,1
2024-04-10,2024-04-10 13:19:00,368.48,368.5,368.48,368.5,0.01,74.62,27567.0,1
2024-04-10,2024-04-10 13:20:00,368.5,368.52,368.5,368.52,0.01,74.62,27567.0,1
2024-04-10,2024-04-10 13:21:00,368.52,368.55,368.52,368.55,0.01,74.62,27567.0,1
2024-04-10,2024-04-10 13:22:00,368.55,368.57,368.55,368.57,0.01,74.62,27567.0,1
2024-04-10,2024-04-10 13:23:00,368.57,368.6,368.57,368.6,0.01,74.62,27567.0,1
2024-04-10,2024-04-10 13:24:00,368.6,368.62,368.6,368.62,0.01,74.62,27567.0,1
2024-04-10,2024-04-10 13:25:00,368.62,368.65,368.62,368.65,0.01,74.62,27567.0,1
2024-04-10,2024-04-10 13:26:00,368.65,368.68,368.65,368.68,0.01,74.62,27567.0,1
2024-04-10,2024-04-10 13:27:00,368.68,368.7,368.68,368.7,0.01,74.62,27567.0,1
2024-04-10,2024-04-10 13:28:00,368.7,368.73,368.7,368.73,0.01,74.62,27567.0,1
2024-04-10,2024-04-10 13:29:00,368.73,368.75,368.73,368.75,0.01,74.62,27567.0,1
2024-04-10,2024-04-10 13:30:00,368.75,368.77,368.75,368.77,0.01,74.62,27567.0,1
2024-04-10,2024-04-10 13:31:00,368.77,368.8,368.77,368.8,0.01,74.62,27567.0,1
2024-04-10,2024-04-10 13:32:00,368.8,368.82,368.8,368.82,0.01,74.62,27567.0,1
2024-04-10,2024-04-10 13:33:00,368.82,368.85,368.82,368.85,0.01,74.62,27567.0,1
2024-04-10,2024-04-10 13:34:00,368.85,368.88,368.85,368.88,0.01,74.62,27567.0,1
2024-04-10,2024-04-10 13:35:00,368.88,368.9,368.88,368.9,0.01,74.62,27567.0,1
2024-04-10,2024-04-10 13:36:00,368.9,368.93,368.9,368.93,0.01,74.62,27567.0,1
2024-04-10,2024-04-10 13:37:00,368.93,368.95,368.93,368.95,0.01,74.62,27567.0,1
2024-04-10,2024-04-10 13:38:00,368.95,368.98,368.95,368.98,0.01,74.62,27567.0,1
2024-04-10,2024-04-10 13:39:00,368.98,369.0,368.98,369.0,0.01,74.62,27567.0,1
2024-04-10,2024-04-10 13:40:00,369.0,369.02,369.0,369.02,0.01,74.62,27567.0,1
2024-04-10,2024-04-10 13:41:00,369.02,369.05,369.02,369.05,0.01,74.62,27567.0,1
2024-04-10,2024-04-10 13:42:00,369.05,369.07,369.05,369.07,0.01,74.62,27567.0,1
2024-04-10,2024-04-10 13:43:00,369.07,369.1,369.07,369.1,0.01,74.62,27567.0,1
2024-04-10,2024-04-10 13:44:00,369.1,369.12,369.1,369.12,0.01,74.62,27567.0,1
2024-04-10,2024-04-10 13:45:00,369.12,369.15,369.12,369.15,0.01,74.62,27567.0,1
2024-04-10,2024-04-10 13:46:00,369.15,369.18,369.15,369.18,0.01,74.62,27567.0,1
2024-04-10,2024-04-10 13:47:00,369.18,369.2,369.18,369.2,0.01,74.62,27567.0,1
2024-04-10,2024-04-10 13:48:00,369.2,369.23,369.2,369.23,0.01,74.62,27567.0,1
2024-04-10,2024-04-10 13:49:00,369.23,369.25,369.23,369.25,0.01,74.62,27567.0,1
2024-04-10,2024-04-10 13:50:00,369.25,369.27,369.25,369.27,0.01,74.62,27567.0,1
2024-04-10,2024-04-10 13:51:00,369.27,369.3,369.27,369.3,0.01,74.62,27567.0,1
2024-04-10,2024-04-10 13:52:00,369.3,369.32,369.3,369.32,0.01,74.62,27567.0,1
2024-04-10,2024-04-10 13:53:00,369.32,369.35,369.32,369.35,0.01,74.62,27567.0,1
2024-04-10,2024-04-10 13:54:00,369.35,369.38,369.35,369.38,0.01,74.62,27567.0,1
2024-04-10,2024-04-10 13:55:00,369.38,369.4,369.38,369.4,0.01,74.62,27567.0,1
2024-04-10,2024-04-10 13:56:00,369.4,369.43,369.4,369.43,0.01,74.62,27567.0,1
2024-04-10,2024-04-10 13:57:00,369.43,369.45,369.43,369.45,0.01,74.62,27567.0,1
2024-04-10,2024-04-10 13:58:00,369.45,369.48,369.45,369.48,0.01,74.62,27567.0,1
2024-04-10,2024-04-10 13:59:00,369.48,369.5,369.48,369.5,0.01,74.62,27567.0,1
2024-04-10,2024-04-10 14:00:00,369.5,369.52,369.5,369.52,0.01,74.62,27567.0,1
2024-04-10,2024-04-10 14:01:00,369.52,369.55,369.52,369.55,0.01,74.62,27567.0,1
2024-04-10,2024-04-10 14:02:00,369.55,369.57,369.55,369.57,0.01,74.62,27567.0,1
2024-04-10,2024-04-10 14:03:00,369.57,369.6,369.57,369.6,0.01,74.62,27567.0,1
2024-04-10,2024-04-10 14:04:00,369.6,369.62,369.6,369.62,0.01,74.62,27567.0,1
2024-04-10,2024-04-10 14:05:00,369.62,369.65,369.62,369.65,0.01,74.62,27567.0,1
2024-04-10,2024-04-10 14:06:00,369.65,369.68,369.65,369.68,0.01,74.62,27567.0,1
2024-04-10,2024-04-10 14:07:00,369.68,369.7,369.68,369.7,0.01,74.62,27567.0,1
2024-04-10,2024-04-10 14:08:00,369.7,369.73,369.7,369.73,0.01,74.62,27567.0,1
2024-04-10,2024-04-10 14:09:00,369.73,369.75,369.73,369.75,0.01,74.62,27567.0,1
2024-04-10,2024-04-10 14:10:00,369.75,369.77,369.75,369.77,0.01,74.62,27567.0,1
2024-04-10,2024-04-10 14:11:00,369.77,369.8,369.77,369.8,0.01,74.62,27567.0,1
2024-04-10,2024-04-10 14:12:00,369.8,369.82,369.8,369.82,0.01,74.62,27567.0,1
2024-04-10,2024-04-10 14:13:00,369.82,369.85,369.82,369.85,0.01,74.62,27567.0,1
2024-04-10,2024-04-10 14:14:00,369.85,369.88,369.85,369.88,0.01,74.62,27567.0,1
2024-04-10,2024-04-10 14:15:00,369.88,369.9,369.88,369.9,0.01,74.62,27567.0,1
2024-04-10,2024-04-10 14:16:00,369.9,369.93,369.9,369.93,0.01,74.62,27567.0,1
2024-04-10,2024-04-10 14:17:00,369.93,369.95,369.93,369.95,0.01,74.62,27567.0,1
2024-04-10,2024-04-10 14:18:00,369.95,369.98,369.95,369.98,0.01,74.62,27567.0,1
2024-04-10,2024-04-10 14:19:00,369.98,370.0,369.98,370.0,0.01,74.62,27567.0,1
2024-04-10,2024-04-10 14:20:00,370.0,370.02,370.0,370.02,0.01,74.62,27567.0,1
2024-04-10,2024-04-10 14:21:00,370.02,370.05,370.02,370.05,0.01,74.62,27567.0,1
2024-04-10,2024-04-10 14:22:00,370.05,370.07,370.05,370.07,0.01,74.62,27567.0,1
2024-04-10,2024-04-10 14:23:00,370.07,370.1,370.07,370.1,0.01,74.62,27567.0,1
2024-04-10,2024-04-10 14:24:00,370.1,370.12,370.1,370.12,0.01,74.62,27567.0,1
2024-04-10,2024-04-10 14:25:00,370.12,370.15,370.12,370.15,0.01,74.62,27567.0,1
2024-04-10,2024-04-10 14:26:00,370.15,370.18,370.15,370.18,0.01,74.62,27567.0,1
2024-04-10,2024-04-10 14:27:00,370.18,370.2,370.18,370.2,0.01,74.62,27567.0,1
2024-04-10,2024-04-10 14:28:00,370.2,370.23,370.2,370.23,0.01,74.62,27567.0,1
2024-04-10,2024-04-10 14:29:00,370.23,370.25,370.23,370.25,0.01,74.62,27567.0,1
2024-04-10,2024-04-10 14:30:00,370.25,370.27,370.25,370.27,0.01,74.62,27567.0,1
2024-04-10,2024-04-10 14:31:00,370.27,370.3,370.27,370.3,0.01,74.62,27567.0,1
2024-04-10,2024-04-10 14:32:00,370.3,370.32,370.3,370.32,0.01,74.62,27567.0,1
2024-04-10,2024-04-10 14:33:00,370.32,370.35,370.32,370.35,0.01,74.62,27567.0,1
2024-04-10,2024-04-10 14:34:00,370.35,370.38,370.35,370.38,0.01,74.62,27567.0,1
2024-04-10,2024-04-10 14:35:00,370.38,370.4,370.38,370.4,0.01,74.62,27567.0,1
2024-04-10,2024-04-10 14:36:00,370.4,370.43,370.4,370.43,0.01,74.62,27567.0,1
2024-04-10,2024-04-10 14:37:00,370.43,370.45,370.43,370.45,0.01,74.62,27567.0,1
2024-04-10,2024-04-10 14:38:00,370.45,370.48,370.45,370.48,0.01,74.62,27567.0,1
2024-04-10,2024-04-10 14:39:00,370.48,370.5,370.48,370.5,0.01,74.62,27567.0,1
2024-04-10,2024-04-10 14:40:00,370.5,370.52,370.5,370.52,0.01,74.62,27567.0,1
2024-04-10,2024-04-10 14:41:00,370.52,370.55,370.52,370.55,0.01,74.62,27567.0,1
2024-04-10,2024-04-10 14:42:00,370.55,370.57,370.55,370.57,0.01,74.62,27567.0,1
2024-04-10,2024-04-10 14:43:00,370.57,370.6,370.57,370.6,0.01,74.62,27567.0,1
2024-04-10,2024-04-10 14:44:00,370.6,370.62,370.6,370.62,0.01,74.62,27567.0,1
2024-04-10,2024-04-10 14:45:00,370.62,370.65,370.62,370.65,0.01,74.62,27567.0,1
2024-04-10,2024-04-10 14:46:00,370.65,370.68,370.65,370.68,0.01,74.62,27567.0,1
2024-04-10,2024-04-10 14:47:00,370.68,370.7,370.68,370.7,0.01,74.62,27567.0,1
2024-04-10,2024-04-10 14:48:00,370.7,370.73,370.7,370.73,0.01,74.62,27567.0,1
2024-04-10,2024-04-10 14:49:00,370.73,370.75,370.73,370.75,0.01,74.62,27567.0,1
2024-04-10,2024-04-10 14:50:00,370.75,370.77,370.75,370.77,0.01,74.62,27567.0,1
2024-04-10,2024-04-10 14:51:00,370.77,370.8,370.77,370.8,0.01,74.62,27567.0,1
2024-04-10,2024-04-10 14:52:00,370.8,370.82,370.8,370.82,0.01,74.62,27567.0,1
2024-04-10,2024-04-10 14:53:00,370.82,370.85,370.82,370.85,0.01,74.62,27567.0,1
2024-04-10,2024-04-10 14:54:00,370.85,370.88,370.85,370.88,0.01,74.62,27567.0,1
2024-04-10,2024-04-10 14:55:00,370.88,370.9,370.88,370.9,0.01,74.62,27567.0,1
2024-04-10,2024-04-10 14:56:00,370.9,370.93,370.9,370.93,0.01,74.62,27567.0,1
2024-04-10,2024-04-10 14:57:00,370.93,370.95,370.93,370.95,0.01,74.62,27567.0,1
2024-04-10,2024-04-10 14:58:00,370.95,370.98,370.95,370.98,0.01,74.62,27567.0,1
2024-04-10,2024-04-10 14:59:00,370.98,371.0,370.98,371.0,0.01,74.62,27567.0,1
2024-04-10,2024-04-10 15:00:00,371.0,379.0,365.0,371.0,0.0,74.62,27567.0,0
2024-04-14,2024-04-14 11:00:00,365.0,368.9,365.0,365.01,0.0,61.14,22714.13,1
2024-04-14,2024-04-14 11:01:00,365.01,365.02,365.01,365.02,0.0,61.14,22714.13,1
2024-04-14,2024-04-14 11:02:00,365.02,365.04,365.02,365.04,0.01,61.14,22714.13,1
2024-04-14,2024-04-14 11:03:00,365.04,365.05,365.04,365.05,0.0,61.14,22714.13,1
2024-04-14,2024-04-14 11:04:00,365.05,365.06,365.05,365.06,0.0,61.14,22714.13,1
2024-04-14,2024-04-14 11:05:00,365.06,365.07,365.06,365.07,0.0,61.14,22714.13,1
2024-04-14,2024-04-14 11:06:00,365.07,365.09,365.07,365.09,0.01,61.14,22714.13,1
2024-04-14,2024-04-14 11:07:00,365.09,365.1,365.09,365.1,0.0,61.14,22714.13,1
2024-04-14,2024-04-14 11:08:00,365.1,365.11,365.1,365.11,0.0,61.14,22714.13,1
2024-04-14,2024-04-14 11:09:00,365.11,365.12,365.11,365.12,0.0,61.14,22714.13,1
2024-04-14,2024-04-14 11:10:00,365.12,365.14,365.12,365.14,0.01,61.14,22714.13,1
2024-04-14,2024-04-14 11:11:00,365.14,365.15,365.14,365.15,0.0,61.14,22714.13,1
2024-04-14,2024-04-14 11:12:00,365.15,365.16,365.15,365.16,0.0,61.14,22714.13,1
2024-04-14,2024-04-14 11:13:00,365.16,365.18,365.16,365.18,0.01,61.14,22714.13,1
2024-04-14,2024-04-14 11:14:00,365.18,365.19,365.18,365.19,0.0,61.14,22714.13,1
2024-04-14,2024-04-14 11:15:00,365.19,365.2,365.19,365.2,0.0,61.14,22714.13,1
2024-04-14,2024-04-14 11:16:00,365.2,365.21,365.2,365.21,0.0,61.14,22714.13,1
2024-04-14,2024-04-14 11:17:00,365.21,365.23,365.21,365.23,0.01,61.14,22714.13,1
2024-04-14,2024-04-14 11:18:00,365.23,365.24,365.23,365.24,0.0,61.14,22714.13,1
2024-04-14,2024-04-14 11:19:00,365.24,365.25,365.24,365.25,0.0,61.14,22714.13,1
2024-04-14,2024-04-14 11:20:00,365.25,365.26,365.25,365.26,0.0,61.14,22714.13,1
2024-04-14,2024-04-14 11:21:00,365.26,365.27,365.26,365.27,0.0,61.14,22714.13,1
2024-04-14,2024-04-14 11:22:00,365.27,365.29,365.27,365.29,0.01,61.14,22714.13,1
2024-04-14,2024-04-14 11:23:00,365.29,365.3,365.29,365.3,0.0,61.14,22714.13,1
2024-04-14,2024-04-14 11:24:00,365.3,365.31,365.3,365.31,0.0,61.14,22714.13,1
2024-04-14,2024-04-14 11:25:00,365.31,365.32,365.31,365.32,0.0,61.14,22714.13,1
2024-04-14,2024-04-14 11:26:00,365.32,365.34,365.32,365.34,0.01,61.14,22714.13,1
2024-04-14,2024-04-14 11:27:00,365.34,365.35,365.34,365.35,0.0,61.14,22714.13,1
2024-04-14,2024-04-14 11:28:00,365.35,365.36,365.35,365.36,0.0,61.14,22714.13,1
2024-04-14,2024-04-14 11:29:00,365.36,365.38,365.36,365.38,0.01,61.14,22714.13,1
2024-04-14,2024-04-14 11:30:00,365.38,365.39,365.38,365.39,0.0,61.14,22714.13,1
2024-04-14,2024-04-14 11:31:00,365.39,365.4,365.39,365.4,0.0,61.14,22714.13,1
2024-04-14,2024-04-14 11:32:00,365.4,365.41,365.4,365.41,0.0,61.14,22714.13,1
2024-04-14,2024-04-14 11:33:00,365.41,365.43,365.41,365.43,0.01,61.14,22714.13,1
2024-04-14,2024-04-14 11:34:00,365.43,365.44,365.43,365.44,0.0,61.14,22714.13,1
2024-04-14,2024-04-14 11:35:00,365.44,365.45,365.44,365.45,0.0,61.14,22714.13,1
2024-04-14,2024-04-14 11:36:00,365.45,365.46,365.45,365.46,0.0,61.14,22714.13,1
2024-04-14,2024-04-14 11:37:00,365.46,365.48,365.46,365.48,0.01,61.14,22714.13,1
2024-04-14,2024-04-14 11:38:00,365.48,365.49,365.48,365.49,0.0,61.14,22714.13,1
2024-04-14,2024-04-14 11:39:00,365.49,365.5,365.49,365.5,0.0,61.14,22714.13,1
2024-04-14,2024-04-14 11:40:00,365.5,365.51,365.5,365.51,0.0,61.14,22714.13,1
2024-04-14,2024-04-14 11:41:00,365.51,365.52,365.51,365.52,0.0,61.14,22714.13,1
2024-04-14,2024-04-14 11:42:00,365.52,365.54,365.52,365.54,0.01,61.14,22714.13,1
2024-04-14,2024-04-14 11:43:00,365.54,365.55,365.54,365.55,0.0,61.14,22714.13,1
2024-04-14,2024-04-14 11:44:00,365.55,365.56,365.55,365.56,0.0,61.14,22714.13,1
2024-04-14,2024-04-14 11:45:00,365.56,365.57,365.56,365.57,0.0,61.14,22714.13,1
2024-04-14,2024-04-14 11:46:00,365.57,365.59,365.57,365.59,0.01,61.14,22714.13,1
2024-04-14,2024-04-14 11:47:00,365.59,365.6,365.59,365.6,0.0,61.14,22714.13,1
2024-04-14,2024-04-14 11:48:00,365.6,365.61,365.6,365.61,0.0,61.14,22714.13,1
2024-04-14,2024-04-14 11:49:00,365.61,365.62,365.61,365.62,0.0,61.14,22714.13,1
2024-04-14,2024-04-14 11:50:00,365.62,365.64,365.62,365.64,0.01,61.14,22714.13,1
2024-04-14,2024-04-14 11:51:00,365.64,365.65,365.64,365.65,0.0,61.14,22714.13,1
2024-04-14,2024-04-14 11:52:00,365.65,365.66,365.65,365.66,0.0,61.14,22714.13,1
2024-04-14,2024-04-14 11:53:00,365.66,365.68,365.66,365.68,0.01,61.14,22714.13,1
2024-04-14,2024-04-14 11:54:00,365.68,365.69,365.68,365.69,0.0,61.14,22714.13,1
2024-04-14,2024-04-14 11:55:00,365.69,365.7,365.69,365.7,0.0,61.14,22714.13,1
2024-04-14,2024-04-14 11:56:00,365.7,365.71,365.7,365.71,0.0,61.14,22714.13,1
2024-04-14,2024-04-14 11:57:00,365.71,365.73,365.71,365.73,0.01,61.14,22714.13,1
2024-04-14,2024-04-14 11:58:00,365.73,365.74,365.73,365.74,0.0,61.14,22714.13,1
2024-04-14,2024-04-14 11:59:00,365.74,365.75,365.74,365.75,0.0,61.14,22714.13,1
2024-04-14,2024-04-14 12:00:00,365.75,365.76,365.75,365.76,0.0,61.14,22714.13,1
2024-04-14,2024-04-14 12:01:00,365.76,365.77,365.76,365.77,0.0,61.14,22714.13,1
2024-04-14,2024-04-14 12:02:00,365.77,365.79,365.77,365.79,0.01,61.14,22714.13,1
2024-04-14,2024-04-14 12:03:00,365.79,365.8,365.79,365.8,0.0,61.14,22714.13,1
2024-04-14,2024-04-14 12:04:00,365.8,365.81,365.8,365.81,0.0,61.14,22714.13,1
2024-04-14,2024-04-14 12:05:00,365.81,365.82,365.81,365.82,0.0,61.14,22714.13,1
2024-04-14,2024-04-14 12:06:00,365.82,365.84,365.82,365.84,0.01,61.14,22714.13,1
2024-04-14,2024-04-14 12:07:00,365.84,365.85,365.84,365.85,0.0,61.14,22714.13,1
2024-04-14,2024-04-14 12:08:00,365.85,365.86,365.85,365.86,0.0,61.14,22714.13,1
2024-04-14,2024-04-14 12:09:00,365.86,365.88,365.86,365.88,0.01,61.14,22714.13,1
2024-04-14,2024-04-14 12:10:00,365.88,365.89,365.88,365.89,0.0,61.14,22714.13,1
2024-04-14,2024-04-14 12:11:00,365.89,365.9,365.89,365.9,0.0,61.14,22714.13,1
2024-04-14,2024-04-14 12:12:00,365.9,365.91,365.9,365.91,0.0,61.14,22714.13,1
2024-04-14,2024-04-14 12:13:00,365.91,365.93,365.91,365.93,0.01,61.14,22714.13,1
2024-04-14,2024-04-14 12:14:00,365.93,365.94,365.93,365.94,0.0,61.14,22714.13,1
2024-04-14,2024-04-14 12:15:00,365.94,365.95,365.94,365.95,0.0,61.14,22714.13,1
2024-04-14,2024-04-14 12:16:00,365.95,365.96,365.95,365.96,0.0,61.14,22714.13,1
2024-04-14,2024-04-14 12:17:00,365.96,365.98,365.96,365.98,0.01,61.14,22714.13,1
2024-04-14,2024-04-14 12:18:00,365.98,365.99,365.98,365.99,0.0,61.14,22714.13,1
2024-04-14,2024-04-14 12:19:00,365.99,366.0,365.99,366.0,0.0,61.14,22714.13,1
2024-04-14,2024-04-14 12:20:00,366.0,366.01,366.0,366.01,0.0,61.14,22714.13,1
2024-04-14,2024-04-14 12:21:00,366.01,366.02,366.01,366.02,0.0,61.14,22714.13,1
2024-04-14,2024-04-14 12:22:00,366.02,366.04,366.02,366.04,0.01,61.14,22714.13,1
2024-04-14,2024-04-14 12:23:00,366.04,366.05,366.04,366.05,0.0,61.14,22714.13,1
2024-04-14,2024-04-14 12:24:00,366.05,366.06,366.05,366.06,0.0,61.14,22714.13,1
2024-04-14,2024-04-14 12:25:00,366.06,366.07,366.06,366.07,0.0,61.14,22714.13,1
2024-04-14,2024-04-14 12:26:00,366.07,366.09,366.07,366.09,0.01,61.14,22714.13,1
2024-04-14,2024-04-14 12:27:00,366.09,366.1,366.09,366.1,0.0,61.14,22714.13,1
2024-04-14,2024-04-14 12:28:00,366.1,366.11,366.1,366.11,0.0,61.14,22714.13,1
2024-04-14,2024-04-14 12:29:00,366.11,366.12,366.11,366.12,0.0,61.14,22714.13,1
2024-04-14,2024-04-14 12:30:00,366.12,366.14,366.12,366.14,0.01,61.14,22714.13,1
2024-04-14,2024-04-14 12:31:00,366.14,366.15,366.14,366.15,0.0,61.14,22714.13,1
2024-04-14,2024-04-14 12:32:00,366.15,366.16,366.15,366.16,0.0,61.14,22714.13,1
2024-04-14,2024-04-14 12:33:00,366.16,366.18,366.16,366.18,0.01,61.14,22714.13,1
2024-04-14,2024-04-14 12:34:00,366.18,366.19,366.18,366.19,0.0,61.14,22714.13,1
2024-04-14,2024-04-14 12:35:00,366.19,366.2,366.19,366.2,0.0,61.14,22714.13,1
2024-04-14,2024-04-14 12:36:00,366.2,366.21,366.2,366.21,0.0,61.14,22714.13,1
2024-04-14,2024-04-14 12:37:00,366.21,366.23,366.21,366.23,0.01,61.14,22714.13,1
2024-04-14,2024-04-14 12:38:00,366.23,366.24,366.23,366.24,0.0,61.14,22714.13,1
2024-04-14,2024-04-14 12:39:00,366.24,366.25,366.24,366.25,0.0,61.14,22714.13,1
2024-04-14,2024-04-14 12:40:00,366.25,366.26,366.25,366.26,0.0,61.14,22714.13,1
2024-04-14,2024-04-14 12:41:00,366.26,366.27,366.26,366.27,0.0,61.14,22714.13,1
2024-04-14,2024-04-14 12:42:00,366.27,366.29,366.27,366.29,0.01,61.14,22714.13,1
2024-04-14,2024-04-14 12:43:00,366.29,366.3,366.29,366.3,0.0,61.14,22714.13,1
2024-04-14,2024-04-14 12:44:00,366.3,366.31,366.3,366.31,0.0,61.14,22714.13,1
2024-04-14,2024-04-14 12:45:00,366.31,366.32,366.31,366.32,0.0,61.14,22714.13,1
2024-04-14,2024-04-14 12:46:00,366.32,366.34,366.32,366.34,0.01,61.14,22714.13,1
2024-04-14,2024-04-14 12:47:00,366.34,366.35,366.34,366.35,0.0,61.14,22714.13,1
2024-04-14,2024-04-14 12:48:00,366.35,366.36,366.35,366.36,0.0,61.14,22714.13,1
2024-04-14,2024-04-14 12:49:00,366.36,366.38,366.36,366.38,0.01,61.14,22714.13,1
2024-04-14,2024-04-14 12:50:00,366.38,366.39,366.38,366.39,0.0,61.14,22714.13,1
2024-04-14,2024-04-14 12:51:00,366.39,366.4,366.39,366.4,0.0,61.14,22714.13,1
2024-04-14,2024-04-14 12:52:00,366.4,366.41,366.4,366.41,0.0,61.14,22714.13,1
2024-04-14,2024-04-14 12:53:00,366.41,366.43,366.41,366.43,0.01,61.14,22714.13,1
2024-04-14,2024-04-14 12:54:00,366.43,366.44,366.43,366.44,0.0,61.14,22714.13,1
2024-04-14,2024-04-14 12:55:00,366.44,366.45,366.44,366.45,0.0,61.14,22714.13,1
2024-04-14,2024-04-14 12:56:00,366.45,366.46,366.45,366.46,0.0,61.14,22714.13,1
2024-04-14,2024-04-14 12:57:00,366.46,366.48,366.46,366.48,0.01,61.14,22714.13,1
2024-04-14,2024-04-14 12:58:00,366.48,366.49,366.48,366.49,0.0,61.14,22714.13,1
2024-04-14,2024-04-14 12:59:00,366.49,366.5,366.49,366.5,0.0,61.14,22714.13,1
2024-04-14,2024-04-14 13:00:00,366.5,378.0,365.0,366.51,0.0,61.14,22714.13,1
2024-04-14,2024-04-14 13:01:00,366.51,366.52,366.51,366.52,0.0,61.14,22714.13,1
2024-04-14,2024-04-14 13:02:00,366.52,366.54,366.52,366.54,0.01,61.14,22714.13,1
2024-04-14,2024-04-14 13:03:00,366.54,366.55,366.54,366.55,0.0,61.14,22714.13,1
2024-04-14,2024-04-14 13:04:00,366.55,366.56,366.55,366.56,0.0,61.14,22714.13,1
2024-04-14,2024-04-14 13:05:00,366.56,366.57,366.56,366.57,0.0,61.14,22714.13,1
2024-04-14,2024-04-14 13:06:00,366.57,366.59,366.57,366.59,0.01,61.14,22714.13,1
2024-04-14,2024-04-14 13:07:00,366.59,366.6,366.59,366.6,0.0,61.14,22714.13,1
2024-04-14,2024-04-14 13:08:00,366.6,366.61,366.6,366.61,0.0,61.14,22714.13,1
2024-04-14,2024-04-14 13:09:00,366.61,366.62,366.61,366.62,0.0,61.14,22714.13,1
2024-04-14,2024-04-14 13:10:00,366.62,366.64,366.62,366.64,0.01,61.14,22714.13,1
2024-04-14,2024-04-14 13:11:00,366.64,366.65,366.64,366.65,0.0,61.14,22714.13,1
2024-04-14,2024-04-14 13:12:00,366.65,366.66,366.65,366.66,0.0,61.14,22714.13,1
2024-04-14,2024-04-14 13:13:00,366.66,366.68,366.66,366.68,0.01,61.14,22714.13,1
2024-04-14,2024-04-14 13:14:00,366.68,366.69,366.68,366.69,0.0,61.14,22714.13,1
2024-04-14,2024-04-14 13:15:00,366.69,366.7,366.69,366.7,0.0,61.14,22714.13,1
2024-04-14,2024-04-14 13:16:00,366.7,366.71,366.7,366.71,0.0,61.14,22714.13,1
2024-04-14,2024-04-14 13:17:00,366.71,366.73,366.71,366.73,0.01,61.14,22714.13,1
2024-04-14,2024-04-14 13:18:00,366.73,366.74,366.73,366.74,0.0,61.14,22714.13,1
2024-04-14,2024-04-14 13:19:00,366.74,366.75,366.74,366.75,0.0,61.14,22714.13,1
2024-04-14,2024-04-14 13:20:00,366.75,366.76,366.75,366.76,0.0,61.14,22714.13,1
2024-04-14,2024-04-14 13:21:00,366.76,366.77,366.76,366.77,0.0,61.14,22714.13,1
2024-04-14,2024-04-14 13:22:00,366.77,366.79,366.77,366.79,0.01,61.14,22714.13,1
2024-04-14,2024-04-14 13:23:00,366.79,366.8,366.79,366.8,0.0,61.14,22714.13,1
2024-04-14,2024-04-14 13:24:00,366.8,366.81,366.8,366.81,0.0,61.14,22714.13,1
2024-04-14,2024-04-14 13:25:00,366.81,366.82,366.81,366.82,0.0,61.14,22714.13,1
2024-04-14,2024-04-14 13:26:00,366.82,366.84,366.82,366.84,0.01,61.14,22714.13,1
2024-04-14,2024-04-14 13:27:00,366.84,366.85,366.84,366.85,0.0,61.14,22714.13,1
2024-04-14,2024-04-14 13:28:00,366.85,366.86,366.85,366.86,0.0,61.14,22714.13,1
2024-04-14,2024-04-14 13:29:00,366.86,366.88,366.86,366.88,0.01,61.14,22714.13,1
2024-04-14,2024-04-14 13:30:00,366.88,366.89,366.88,366.89,0.0,61.14,22714.13,1
2024-04-14,2024-04-14 13:31:00,366.89,366.9,366.89,366.9,0.0,61.14,22714.13,1
2024-04-14,2024-04-14 13:32:00,366.9,366.91,366.9,366.91,0.0,61.14,22714.13,1
2024-04-14,2024-04-14 13:33:00,366.91,366.93,366.91,366.93,0.01,61.14,22714.13,1
2024-04-14,2024-04-14 13:34:00,366.93,366.94,366.93,366.94,0.0,61.14,22714.13,1
2024-04-14,2024-04-14 13:35:00,366.94,366.95,366.94,366.95,0.0,61.14,22714.13,1
2024-04-14,2024-04-14 13:36:00,366.95,366.96,366.95,366.96,0.0,61.14,22714.13,1
2024-04-14,2024-04-14 13:37:00,366.96,366.98,366.96,366.98,0.01,61.14,22714.13,1
2024-04-14,2024-04-14 13:38:00,366.98,366.99,366.98,366.99,0.0,61.14,22714.13,1
2024-04-14,2024-04-14 13:39:00,366.99,367.0,366.99,367.0,0.0,61.14,22714.13,1
2024-04-14,2024-04-14 13:40:00,367.0,367.01,367.0,367.01,0.0,61.14,22714.13,1
2024-04-14,2024-04-14 13:41:00,367.01,367.02,367.01,367.02,0.0,61.14,22714.13,1
2024-04-14,2024-04-14 13:42:00,367.02,367.04,367.02,367.04,0.01,61.14,22714.13,1
2024-04-14,2024-04-14 13:43:00,367.04,367.05,367.04,367.05,0.0,61.14,22714.13,1
2024-04-14,2024-04-14 13:44:00,367.05,367.06,367.05,367.06,0.0,61.14,22714.13,1
2024-04-14,2024-04-14 13:45:00,367.06,367.07,367.06,367.07,0.0,61.14,22714.13,1
2024-04-14,2024-04-14 13:46:00,367.07,367.09,367.07,367.09,0.01,61.14,22714.13,1
2024-04-14,2024-04-14 13:47:00,367.09,367.1,367.09,367.1,0.0,61.14,22714.13,1
2024-04-14,2024-04-14 13:48:00,367.1,367.11,367.1,367.11,0.0,61.14,22714.13,1
2024-04-14,2024-04-14 13:49:00,367.11,367.12,367.11,367.12,0.0,61.14,22714.13,1
2024-04-14,2024-04-14 13:50:00,367.12,367.14,367.12,367.14,0.01,61.14,22714.13,1
2024-04-14,2024-04-14 13:51:00,367.14,367.15,367.14,367.15,0.0,61.14,22714.13,1
2024-04-14,2024-04-14 13:52:00,367.15,367.16,367.15,367.16,0.0,61.14,22714.13,1
2024-04-14,2024-04-14 13:53:00,367.16,367.18,367.16,367.18,0.01,61.14,22714.13,1
2024-04-14,2024-04-14 13:54:00,367.18,367.19,367.18,367.19,0.0,61.14,22714.13,1
2024-04-14,2024-04-14 13:55:00,367.19,367.2,367.19,367.2,0.0,61.14,22714.13,1
2024-04-14,2024-04-14 13:56:00,367.2,367.21,367.2,367.21,0.0,61.14,22714.13,1
2024-04-14,2024-04-14 13:57:00,367.21,367.23,367.21,367.23,0.01,61.14,22714.13,1
2024-04-14,2024-04-14 13:58:00,367.23,367.24,367.23,367.24,0.0,61.14,22714.13,1
2024-04-14,2024-04-14 13:59:00,367.24,367.25,367.24,367.25,0.0,61.14,22714.13,1
2024-04-14,2024-04-14 14:00:00,367.25,367.26,367.25,367.26,0.0,61.14,22714.13,1
2024-04-14,2024-04-14 14:01:00,367.26,367.27,367.26,367.27,0.0,61.14,22714.13,1
2024-04-14,2024-04-14 14:02:00,367.27,367.29,367.27,367.29,0.01,61.14,22714.13,1
2024-04-14,2024-04-14 14:03:00,367.29,367.3,367.29,367.3,0.0,61.14,22714.13,1
2024-04-14,2024-04-14 14:04:00,367.3,367.31,367.3,367.31,0.0,61.14,22714.13,1
2024-04-14,2024-04-14 14:05:00,367.31,367.32,367.31,367.32,0.0,61.14,22714.13,1
2024-04-14,2024-04-14 14:06:00,367.32,367.34,367.32,367.34,0.01,61.14,22714.13,1
2024-04-14,2024-04-14 14:07:00,367.34,367.35,367.34,367.35,0.0,61.14,22714.13,1
2024-04-14,2024-04-14 14:08:00,367.35,367.36,367.35,367.36,0.0,61.14,22714.13,1
2024-04-14,2024-04-14 14:09:00,367.36,367.38,367.36,367.38,0.01,61.14,22714.13,1
2024-04-14,2024-04-14 14:10:00,367.38,367.39,367.38,367.39,0.0,61.14,22714.13,1
2024-04-14,2024-04-14 14:11:00,367.39,367.4,367.39,367.4,0.0,61.14,22714.13,1
2024-04-14,2024-04-14 14:12:00,367.4,367.41,367.4,367.41,0.0,61.14,22714.13,1
2024-04-14,2024-04-14 14:13:00,367.41,367.43,367.41,367.43,0.01,61.14,22714.13,1
2024-04-14,2024-04-14 14:14:00,367.43,367.44,367.43,367.44,0.0,61.14,22714.13,1
2024-04-14,2024-04-14 14:15:00,367.44,367.45,367.44,367.45,0.0,61.14,22714.13,1
2024-04-14,2024-04-14 14:16:00,367.45,367.46,367.45,367.46,0.0,61.14,22714.13,1
2024-04-14,2024-04-14 14:17:00,367.46,367.48,367.46,367.48,0.01,61.14,22714.13,1
2024-04-14,2024-04-14 14:18:00,367.48,367.49,367.48,367.49,0.0,61.14,22714.13,1
2024-04-14,2024-04-14 14:19:00,367.49,367.5,367.49,367.5,0.0,61.14,22714.13,1
2024-04-14,2024-04-14 14:20:00,367.5,367.51,367.5,367.51,0.0,61.14,22714.13,1
2024-04-14,2024-04-14 14:21:00,367.51,367.52,367.51,367.52,0.0,61.14,22714.13,1
2024-04-14,2024-04-14 14:22:00,367.52,367.54,367.52,367.54,0.01,61.14,22714.13,1
2024-04-14,2024-04-14 14:23:00,367.54,367.55,367.54,367.55,0.0,61.14,22714.13,1
2024-04-14,2024-04-14 14:24:00,367.55,367.56,367.55,367.56,0.0,61.14,22714.13,1
2024-04-14,2024-04-14 14:25:00,367.56,367.57,367.56,367.57,0.0,61.14,22714.13,1
2024-04-14,2024-04-14 14:26:00,367.57,367.59,367.57,367.59,0.01,61.14,22714.13,1
2024-04-14,2024-04-14 14:27:00,367.59,367.6,367.59,367.6,0.0,61.14,22714.13,1
2024-04-14,2024-04-14 14:28:00,367.6,367.61,367.6,367.61,0.0,61.14,22714.13,1
2024-04-14,2024-04-14 14:29:00,367.61,367.62,367.61,367.62,0.0,61.14,22714.13,1
2024-04-14,2024-04-14 14:30:00,367.62,367.64,367.62,367.64,0.01,61.14,22714.13,1
2024-04-14,2024-04-14 14:31:00,367.64,367.65,367.64,367.65,0.0,61.14,22714.13,1
2024-04-14,2024-04-14 14:32:00,367.65,367.66,367.65,367.66,0.0,61.14,22714.13,1
2024-04-14,2024-04-14 14:33:00,367.66,367.68,367.66,367.68,0.01,61.14,22714.13,1
2024-04-14,2024-04-14 14:34:00,367.68,367.69,367.68,367.69,0.0,61.14,22714.13,1
2024-04-14,2024-04-14 14:35:00,367.69,367.7,367.69,367.7,0.0,61.14,22714.13,1
2024-04-14,2024-04-14 14:36:00,367.7,367.71,367.7,367.71,0.0,61.14,22714.13,1
2024-04-14,2024-04-14 14:37:00,367.71,367.73,367.71,367.73,0.01,61.14,22714.13,1
2024-04-14,2024-04-14 14:38:00,367.73,367.74,367.73,367.74,0.0,61.14,22714.13,1
2024-04-14,2024-04-14 14:39:00,367.74,367.75,367.74,367.75,0.0,61.14,22714.13,1
2024-04-14,2024-04-14 14:40:00,367.75,367.76,367.75,367.76,0.0,61.14,22714.13,1
2024-04-14,2024-04-14 14:41:00,367.76,367.77,367.76,367.77,0.0,61.14,22714.13,1
2024-04-14,2024-04-14 14:42:00,367.77,367.79,367.77,367.79,0.01,61.14,22714.13,1
2024-04-14,2024-04-14 14:43:00,367.79,367.8,367.79,367.8,0.0,61.14,22714.13,1
2024-04-14,2024-04-14 14:44:00,367.8,367.81,367.8,367.81,0.0,61.14,22714.13,1
2024-04-14,2024-04-14 14:45:00,367.81,367.82,367.81,367.82,0.0,61.14,22714.13,1
2024-04-14,2024-04-14 14:46:00,367.82,367.84,367.82,367.84,0.01,61.14,22714.13,1
2024-04-14,2024-04-14 14:47:00,367.84,367.85,367.84,367.85,0.0,61.14,22714.13,1
2024-04-14,2024-04-14 14:48:00,367.85,367.86,367.85,367.86,0.0,61.14,22714.13,1
2024-04-14,2024-04-14 14:49:00,367.86,367.88,367.86,367.88,0.01,61.14,22714.13,1
2024-04-14,2024-04-14 14:50:00,367.88,367.89,367.88,367.89,0.0,61.14,22714.13,1
2024-04-14,2024-04-14 14:51:00,367.89,367.9,367.89,367.9,0.0,61.14,22714.13,1
2024-04-14,2024-04-14 14:52:00,367.9,367.91,367.9,367.91,0.0,61.14,22714.13,1
2024-04-14,2024-04-14 14:53:00,367.91,367.93,367.91,367.93,0.01,61.14,22714.13,1
2024-04-14,2024-04-14 14:54:00,367.93,367.94,367.93,367.94,0.0,61.14,22714.13,1
2024-04-14,2024-04-14 14:55:00,367.94,367.95,367.94,367.95,0.0,61.14,22714.13,1
2024-04-14,2024-04-14 14:56:00,367.95,367.96,367.95,367.96,0.0,61.14,22714.13,1
2024-04-14,2024-04-14 14:57:00,367.96,367.98,367.96,367.98,0.01,61.14,22714.13,1
2024-04-14,2024-04-14 14:58:00,367.98,367.99,367.98,367.99,0.0,61.14,22714.13,1
2024-04-14,2024-04-14 14:59:00,367.99,368.0,367.99,368.0,0.0,61.14,22714.13,1
2024-04-14,2024-04-14 15:00:00,368.0,378.0,365.0,368.0,0.0,61.14,22714.13,0
2024-04-15,2024-04-15 11:00:00,363.6,368.94,363.6,363.64,0.01,186.4,70227.77,1
2024-04-15,2024-04-15 11:01:00,363.64,363.67,363.64,363.67,0.01,186.4,70227.77,1
2024-04-15,2024-04-15 11:02:00,363.67,363.71,363.67,363.71,0.01,186.4,70227.77,1
2024-04-15,2024-04-15 11:03:00,363.71,363.74,363.71,363.74,0.01,186.4,70227.77,1
2024-04-15,2024-04-15 11:04:00,363.74,363.78,363.74,363.78,0.01,186.4,70227.77,1
2024-04-15,2024-04-15 11:05:00,363.78,363.81,363.78,363.81,0.01,186.4,70227.77,1
2024-04-15,2024-04-15 11:06:00,363.81,363.85,363.81,363.85,0.01,186.4,70227.77,1
2024-04-15,2024-04-15 11:07:00,363.85,363.88,363.85,363.88,0.01,186.4,70227.77,1
2024-04-15,2024-04-15 11:08:00,363.88,363.92,363.88,363.92,0.01,186.4,70227.77,1
2024-04-15,2024-04-15 11:09:00,363.92,363.95,363.92,363.95,0.01,186.4,70227.77,1
2024-04-15,2024-04-15 11:10:00,363.95,363.99,363.95,363.99,0.01,186.4,70227.77,1
2024-04-15,2024-04-15 11:11:00,363.99,364.02,363.99,364.02,0.01,186.4,70227.77,1
2024-04-15,2024-04-15 11:12:00,364.02,364.06,364.02,364.06,0.01,186.4,70227.77,1
2024-04-15,2024-04-15 11:13:00,364.06,364.09,364.06,364.09,0.01,186.4,70227.77,1
2024-04-15,2024-04-15 11:14:00,364.09,364.12,364.09,364.12,0.01,186.4,70227.77,1
2024-04-15,2024-04-15 11:15:00,364.12,364.16,364.12,364.16,0.01,186.4,70227.77,1
2024-04-15,2024-04-15 11:16:00,364.16,364.19,364.16,364.19,0.01,186.4,70227.77,1
2024-04-15,2024-04-15 11:17:00,364.19,364.23,364.19,364.23,0.01,186.4,70227.77,1
2024-04-15,2024-04-15 11:18:00,364.23,364.27,364.23,364.27,0.01,186.4,70227.77,1
2024-04-15,2024-04-15 11:19:00,364.27,364.3,364.27,364.3,0.01,186.4,70227.77,1
2024-04-15,2024-04-15 11:20:00,364.3,364.34,364.3,364.34,0.01,186.4,70227.77,1
2024-04-15,2024-04-15 11:21:00,364.34,364.37,364.34,364.37,0.01,186.4,70227.77,1
2024-04-15,2024-04-15 11:22:00,364.37,364.41,364.37,364.41,0.01,186.4,70227.77,1
2024-04-15,2024-04-15 11:23:00,364.41,364.44,364.41,364.44,0.01,186.4,70227.77,1
2024-04-15,2024-04-15 11:24:00,364.44,364.48,364.44,364.48,0.01,186.4,70227.77,1
2024-04-15,2024-04-15 11:25:00,364.48,364.51,364.48,364.51,0.01,186.4,70227.77,1
2024-04-15,2024-04-15 11:26:00,364.51,364.55,364.51,364.55,0.01,186.4,70227.77,1
2024-04-15,2024-04-15 11:27:00,364.55,364.58,364.55,364.58,0.01,186.4,70227.77,1
2024-04-15,2024-04-15 11:28:00,364.58,364.62,364.58,364.62,0.01,186.4,70227.77,1
2024-04-15,2024-04-15 11:29:00,364.62,364.65,364.62,364.65,0.01,186.4,70227.77,1
2024-04-15,2024-04-15 11:30:00,364.65,364.69,364.65,364.69,0.01,186.4,70227.77,1
2024-04-15,2024-04-15 11:31:00,364.69,364.72,364.69,364.72,0.01,186.4,70227.77,1
2024-04-15,2024-04-15 11:32:00,364.72,364.75,364.72,364.75,0.01,186.4,70227.77,1
2024-04-15,2024-04-15 11:33:00,364.75,364.79,364.75,364.79,0.01,186.4,70227.77,1
2024-04-15,2024-04-15 11:34:00,364.79,364.83,364.79,364.83,0.01,186.4,70227.77,1
2024-04-15,2024-04-15 11:35:00,364.83,364.86,364.83,364.86,0.01,186.4,70227.77,1
2024-04-15,2024-04-15 11:36:00,364.86,364.9,364.86,364.9,0.01,186.4,70227.77,1
2024-04-15,2024-04-15 11:37:00,364.9,364.93,364.9,364.93,0.01,186.4,70227.77,1
2024-04-15,2024-04-15 11:38:00,364.93,364.97,364.93,364.97,0.01,186.4,70227.77,1
2024-04-15,2024-04-15 11:39:00,364.97,365.0,364.97,365.0,0.01,186.4,70227.77,1
2024-04-15,2024-04-15 11:40:00,365.0,365.04,365.0,365.04,0.01,186.4,70227.77,1
2024-04-15,2024-04-15 11:41:00,365.04,365.07,365.04,365.07,0.01,186.4,70227.77,1
2024-04-15,2024-04-15 11:42:00,365.07,365.11,365.07,365.11,0.01,186.4,70227.77,1
2024-04-15,2024-04-15 11:43:00,365.11,365.14,365.11,365.14,0.01,186.4,70227.77,1
2024-04-15,2024-04-15 11:44:00,365.14,365.18,365.14,365.18,0.01,186.4,70227.77,1
2024-04-15,2024-04-15 11:45:00,365.18,365.21,365.18,365.21,0.01,186.4,70227.77,1
2024-04-15,2024-04-15 11:46:00,365.21,365.25,365.21,365.25,0.01,186.4,70227.77,1
2024-04-15,2024-04-15 11:47:00,365.25,365.28,365.25,365.28,0.01,186.4,70227.77,1
2024-04-15,2024-04-15 11:48:00,365.28,365.31,365.28,365.31,0.01,186.4,70227.77,1
2024-04-15,2024-04-15 11:49:00,365.31,365.35,365.31,365.35,0.01,186.4,70227.77,1
2024-04-15,2024-04-15 11:50:00,365.35,365.38,365.35,365.38,0.01,186.4,70227.77,1
2024-04-15,2024-04-15 11:51:00,365.38,365.42,365.38,365.42,0.01,186.4,70227.77,1
2024-04-15,2024-04-15 11:52:00,365.42,365.46,365.42,365.46,0.01,186.4,70227.77,1
2024-04-15,2024-04-15 11:53:00,365.46,365.49,365.46,365.49,0.01,186.4,70227.77,1
2024-04-15,2024-04-15 11:54:00,365.49,365.53,365.49,365.53,0.01,186.4,70227.77,1
2024-04-15,2024-04-15 11:55:00,365.53,365.56,365.53,365.56,0.01,186.4,70227.77,1
2024-04-15,2024-04-15 11:56:00,365.56,365.6,365.56,365.6,0.01,186.4,70227.77,1
2024-04-15,2024-04-15 11:57:00,365.6,365.63,365.6,365.63,0.01,186.4,70227.77,1
2024-04-15,2024-04-15 11:58:00,365.63,365.67,365.63,365.67,0.01,186.4,70227.77,1
2024-04-15,2024-04-15 11:59:00,365.67,365.7,365.67,365.7,0.01,186.4,70227.77,1
2024-04-15,2024-04-15 12:00:00,365.7,365.74,365.7,365.74,0.01,186.4,70227.77,1
2024-04-15,2024-04-15 12:01:00,365.74,365.77,365.74,365.77,0.01,186.4,70227.77,1
2024-04-15,2024-04-15 12:02:00,365.77,365.81,365.77,365.81,0.01,186.4,70227.77,1
2024-04-15,2024-04-15 12:03:00,365.81,365.84,365.81,365.84,0.01,186.4,70227.77,1
2024-04-15,2024-04-15 12:04:00,365.84,365.88,365.84,365.88,0.01,186.4,70227.77,1
2024-04-15,2024-04-15 12:05:00,365.88,365.91,365.88,365.91,0.01,186.4,70227.77,1
2024-04-15,2024-04-15 12:06:00,365.91,365.94,365.91,365.94,0.01,186.4,70227.77,1
2024-04-15,2024-04-15 12:07:00,365.94,365.98,365.94,365.98,0.01,186.4,70227.77,1
2024-04-15,2024-04-15 12:08:00,365.98,366.02,365.98,366.02,0.01,186.4,70227.77,1
2024-04-15,2024-04-15 12:09:00,366.02,366.05,366.02,366.05,0.01,186.4,70227.77,1
2024-04-15,2024-04-15 12:10:00,366.05,366.09,366.05,366.09,0.01,186.4,70227.77,1
2024-04-15,2024-04-15 12:11:00,366.09,366.12,366.09,366.12,0.01,186.4,70227.77,1
2024-04-15,2024-04-15 12:12:00,366.12,366.16,366.12,366.16,0.01,186.4,70227.77,1
2024-04-15,2024-04-15 12:13:00,366.16,366.19,366.16,366.19,0.01,186.4,70227.77,1
2024-04-15,2024-04-15 12:14:00,366.19,366.23,366.19,366.23,0.01,186.4,70227.77,1
2024-04-15,2024-04-15 12:15:00,366.23,366.26,366.23,366.26,0.01,186.4,70227.77,1
2024-04-15,2024-04-15 12:16:00,366.26,366.3,366.26,366.3,0.01,186.4,70227.77,1
2024-04-15,2024-04-15 12:17:00,366.3,366.33,366.3,366.33,0.01,186.4,70227.77,1
2024-04-15,2024-04-15 12:18:00,366.33,366.37,366.33,366.37,0.01,186.4,70227.77,1
2024-04-15,2024-04-15 12:19:00,366.37,366.4,366.37,366.4,0.01,186.4,70227.77,1
2024-04-15,2024-04-15 12:20:00,366.4,366.44,366.4,366.44,0.01,186.4,70227.77,1
2024-04-15,2024-04-15 12:21:00,366.44,366.47,366.44,366.47,0.01,186.4,70227.77,1
2024-04-15,2024-04-15 12:22:00,366.47,366.5,366.47,366.5,0.01,186.4,70227.77,1
2024-04-15,2024-04-15 12:23:00,366.5,366.54,366.5,366.54,0.01,186.4,70227.77,1
2024-04-15,2024-04-15 12:24:00,366.54,366.57,366.54,366.57,0.01,186.4,70227.77,1
2024-04-15,2024-04-15 12:25:00,366.57,366.61,366.57,366.61,0.01,186.4,70227.77,1
2024-04-15,2024-04-15 12:26:00,366.61,366.65,366.61,366.65,0.01,186.4,70227.77,1
2024-04-15,2024-04-15 12:27:00,366.65,366.68,366.65,366.68,0.01,186.4,70227.77,1
2024-04-15,2024-04-15 12:28:00,366.68,366.72,366.68,366.72,0.01,186.4,70227.77,1
2024-04-15,2024-04-15 12:29:00,366.72,366.75,366.72,366.75,0.01,186.4,70227.77,1
2024-04-15,2024-04-15 12:30:00,366.75,366.79,366.75,366.79,0.01,186.4,70227.77,1
2024-04-15,2024-04-15 12:31:00,366.79,366.82,366.79,366.82,0.01,186.4,70227.77,1
2024-04-15,2024-04-15 12:32:00,366.82,366.86,366.82,366.86,0.01,186.4,70227.77,1
2024-04-15,2024-04-15 12:33:00,366.86,366.89,366.86,366.89,0.01,186.4,70227.77,1
2024-04-15,2024-04-15 12:34:00,366.89,366.93,366.89,366.93,0.01,186.4,70227.77,1
2024-04-15,2024-04-15 12:35:00,366.93,366.96,366.93,366.96,0.01,186.4,70227.77,1
2024-04-15,2024-04-15 12:36:00,366.96,367.0,366.96,367.0,0.01,186.4,70227.77,1
2024-04-15,2024-04-15 12:37:00,367.0,367.03,367.0,367.03,0.01,186.4,70227.77,1
2024-04-15,2024-04-15 12:38:00,367.03,367.06,367.03,367.06,0.01,186.4,70227.77,1
2024-04-15,2024-04-15 12:39:00,367.06,367.1,367.06,367.1,0.01,186.4,70227.77,1
2024-04-15,2024-04-15 12:40:00,367.1,367.13,367.1,367.13,0.01,186.4,70227.77,1
2024-04-15,2024-04-15 12:41:00,367.13,367.17,367.13,367.17,0.01,186.4,70227.77,1
2024-04-15,2024-04-15 12:42:00,367.17,367.21,367.17,367.21,0.01,186.4,70227.77,1
2024-04-15,2024-04-15 12:43:00,367.21,367.24,367.21,367.24,0.01,186.4,70227.77,1
2024-04-15,2024-04-15 12:44:00,367.24,367.28,367.24,367.28,0.01,186.4,70227.77,1
2024-04-15,2024-04-15 12:45:00,367.28,367.31,367.28,367.31,0.01,186.4,70227.77,1
2024-04-15,2024-04-15 12:46:00,367.31,367.35,367.31,367.35,0.01,186.4,70227.77,1
2024-04-15,2024-04-15 12:47:00,367.35,367.38,367.35,367.38,0.01,186.4,70227.77,1
2024-04-15,2024-04-15 12:48:00,367.38,367.42,367.38,367.42,0.01,186.4,70227.77,1
2024-04-15,2024-04-15 12:49:00,367.42,367.45,367.42,367.45,0.01,186.4,70227.77,1
2024-04-15,2024-04-15 12:50:00,367.45,367.49,367.45,367.49,0.01,186.4,70227.77,1
2024-04-15,2024-04-15 12:51:00,367.49,367.52,367.49,367.52,0.01,186.4,70227.77,1
2024-04-15,2024-04-15 12:52:00,367.52,367.56,367.52,367.56,0.01,186.4,70227.77,1
2024-04-15,2024-04-15 12:53:00,367.56,367.59,367.56,367.59,0.01,186.4,70227.77,1
2024-04-15,2024-04-15 12:54:00,367.59,367.62,367.59,367.62,0.01,186.4,70227.77,1
2024-04-15,2024-04-15 12:55:00,367.62,367.66,367.62,367.66,0.01,186.4,70227.77,1
2024-04-15,2024-04-15 12:56:00,367.66,367.69,367.66,367.69,0.01,186.4,70227.77,1
2024-04-15,2024-04-15 12:57:00,367.69,367.73,367.69,367.73,0.01,186.4,70227.77,1
2024-04-15,2024-04-15 12:58:00,367.73,367.76,367.73,367.76,0.01,186.4,70227.77,1
2024-04-15,2024-04-15 12:59:00,367.76,367.8,367.76,367.8,0.01,186.4,70227.77,1
2024-04-15,2024-04-15 13:00:00,367.8,381.4,363.6,367.84,0.01,186.4,70227.77,1
2024-04-15,2024-04-15 13:01:00,367.84,367.87,367.84,367.87,0.01,186.4,70227.77,1
2024-04-15,2024-04-15 13:02:00,367.87,367.91,367.87,367.91,0.01,186.4,70227.77,1
2024-04-15,2024-04-15 13:03:00,367.91,367.94,367.91,367.94,0.01,186.4,70227.77,1
2024-04-15,2024-04-15 13:04:00,367.94,367.98,367.94,367.98,0.01,186.4,70227.77,1
2024-04-15,2024-04-15 13:05:00,367.98,368.01,367.98,368.01,0.01,186.4,70227.77,1
2024-04-15,2024-04-15 13:06:00,368.01,368.05,368.01,368.05,0.01,186.4,70227.77,1
2024-04-15,2024-04-15 13:07:00,368.05,368.08,368.05,368.08,0.01,186.4,70227.77,1
2024-04-15,2024-04-15 13:08:00,368.08,368.12,368.08,368.12,0.01,186.4,70227.77,1
2024-04-15,2024-04-15 13:09:00,368.12,368.15,368.12,368.15,0.01,186.4,70227.77,1
2024-04-15,2024-04-15 13:10:00,368.15,368.19,368.15,368.19,0.01,186.4,70227.77,1
2024-04-15,2024-04-15 13:11:00,368.19,368.22,368.19,368.22,0.01,186.4,70227.77,1
2024-04-15,2024-04-15 13:12:00,368.22,368.25,368.22,368.25,0.01,186.4,70227.77,1
2024-04-15,2024-04-15 13:13:00,368.25,368.29,368.25,368.29,0.01,186.4,70227.77,1
2024-04-15,2024-04-15 13:14:00,368.29,368.32,368.29,368.32,0.01,186.4,70227.77,1
2024-04-15,2024-04-15 13:15:00,368.32,368.36,368.32,368.36,0.01,186.4,70227.77,1
2024-04-15,2024-04-15 13:16:00,368.36,368.39,368.36,368.39,0.01,186.4,70227.77,1
2024-04-15,2024-04-15 13:17:00,368.39,368.43,368.39,368.43,0.01,186.4,70227.77,1
2024-04-15,2024-04-15 13:18:00,368.43,368.47,368.43,368.47,0.01,186.4,70227.77,1
2024-04-15,2024-04-15 13:19:00,368.47,368.5,368.47,368.5,0.01,186.4,70227.77,1
2024-04-15,2024-04-15 13:20:00,368.5,368.54,368.5,368.54,0.01,186.4,70227.77,1
2024-04-15,2024-04-15 13:21:00,368.54,368.57,368.54,368.57,0.01,186.4,70227.77,1
2024-04-15,2024-04-15 13:22:00,368.57,368.61,368.57,368.61,0.01,186.4,70227.77,1
2024-04-15,2024-04-15 13:23:00,368.61,368.64,368.61,368.64,0.01,186.4,70227.77,1
2024-04-15,2024-04-15 13:24:00,368.64,368.68,368.64,368.68,0.01,186.4,70227.77,1
2024-04-15,2024-04-15 13:25:00,368.68,368.71,368.68,368.71,0.01,186.4,70227.77,1
2024-04-15,2024-04-15 13:26:00,368.71,368.75,368.71,368.75,0.01,186.4,70227.77,1
2024-04-15,2024-04-15 13:27:00,368.75,368.78,368.75,368.78,0.01,186.4,70227.77,1
2024-04-15,2024-04-15 13:28:00,368.78,368.81,368.78,368.81,0.01,186.4,70227.77,1
2024-04-15,2024-04-15 13:29:00,368.81,368.85,368.81,368.85,0.01,186.4,70227.77,1
2024-04-15,2024-04-15 13:30:00,368.85,368.88,368.85,368.88,0.01,186.4,70227.77,1
2024-04-15,2024-04-15 13:31:00,368.88,368.92,368.88,368.92,0.01,186.4,70227.77,1
2024-04-15,2024-04-15 13:32:00,368.92,368.95,368.92,368.95,0.01,186.4,70227.77,1
2024-04-15,2024-04-15 13:33:00,368.95,368.99,368.95,368.99,0.01,186.4,70227.77,1
2024-04-15,2024-04-15 13:34:00,368.99,369.03,368.99,369.03,0.01,186.4,70227.77,1
2024-04-15,2024-04-15 13:35:00,369.03,369.06,369.03,369.06,0.01,186.4,70227.77,1
2024-04-15,2024-04-15 13:36:00,369.06,369.1,369.06,369.1,0.01,186.4,70227.77,1
2024-04-15,2024-04-15 13:37:00,369.1,369.13,369.1,369.13,0.01,186.4,70227.77,1
2024-04-15,2024-04-15 13:38:00,369.13,369.17,369.13,369.17,0.01,186.4,70227.77,1
2024-04-15,2024-04-15 13:39:00,369.17,369.2,369.17,369.2,0.01,186.4,70227.77,1
2024-04-15,2024-04-15 13:40:00,369.2,369.24,369.2,369.24,0.01,186.4,70227.77,1
2024-04-15,2024-04-15 13:41:00,369.24,369.27,369.24,369.27,0.01,186.4,70227.77,1
2024-04-15,2024-04-15 13:42:00,369.27,369.31,369.27,369.31,0.01,186.4,70227.77,1
2024-04-15,2024-04-15 13:43:00,369.31,369.34,369.31,369.34,0.01,186.4,70227.77,1
2024-04-15,2024-04-15 13:44:00,369.34,369.38,369.34,369.38,0.01,186.4,70227.77,1
2024-04-15,2024-04-15 13:45:00,369.38,369.41,369.38,369.41,0.01,186.4,70227.77,1
2024-04-15,2024-04-15 13:46:00,369.41,369.44,369.41,369.44,0.01,186.4,70227.77,1
2024-04-15,2024-04-15 13:47:00,369.44,369.48,369.44,369.48,0.01,186.4,70227.77,1
2024-04-15,2024-04-15 13:48:00,369.48,369.51,369.48,369.51,0.01,186.4,70227.77,1
2024-04-15,2024-04-15 13:49:00,369.51,369.55,369.51,369.55,0.01,186.4,70227.77,1
2024-04-15,2024-04-15 13:50:00,369.55,369.58,369.55,369.58,0.01,186.4,70227.77,1
2024-04-15,2024-04-15 13:51:00,369.58,369.62,369.58,369.62,0.01,186.4,70227.77,1
2024-04-15,2024-04-15 13:52:00,369.62,369.66,369.62,369.66,0.01,186.4,70227.77,1
2024-04-15,2024-04-15 13:53:00,369.66,369.69,369.66,369.69,0.01,186.4,70227.77,1
2024-04-15,2024-04-15 13:54:00,369.69,369.73,369.69,369.73,0.01,186.4,70227.77,1
2024-04-15,2024-04-15 13:55:00,369.73,369.76,369.73,369.76,0.01,186.4,70227.77,1
2024-04-15,2024-04-15 13:56:00,369.76,369.8,369.76,369.8,0.01,186.4,70227.77,1
2024-04-15,2024-04-15 13:57:00,369.8,369.83,369.8,369.83,0.01,186.4,70227.77,1
2024-04-15,2024-04-15 13:58:00,369.83,369.87,369.83,369.87,0.01,186.4,70227.77,1
2024-04-15,2024-04-15 13:59:00,369.87,369.9,369.87,369.9,0.01,186.4,70227.77,1
2024-04-15,2024-04-15 14:00:00,369.9,369.94,369.9,369.94,0.01,186.4,70227.77,1
2024-04-15,2024-04-15 14:01:00,369.94,369.97,369.94,369.97,0.01,186.4,70227.77,1
2024-04-15,2024-04-15 14:02:00,369.97,370.0,369.97,370.0,0.01,186.4,70227.77,1
2024-04-15,2024-04-15 14:03:00,370.0,370.04,370.0,370.04,0.01,186.4,70227.77,1
2024-04-15,2024-04-15 14:04:00,370.04,370.07,370.04,370.07,0.01,186.4,70227.77,1
2024-04-15,2024-04-15 14:05:00,370.07,370.11,370.07,370.11,0.01,186.4,70227.77,1
2024-04-15,2024-04-15 14:06:00,370.11,370.14,370.11,370.14,0.01,186.4,70227.77,1
2024-04-15,2024-04-15 14:07:00,370.14,370.18,370.14,370.18,0.01,186.4,70227.77,1
2024-04-15,2024-04-15 14:08:00,370.18,370.22,370.18,370.22,0.01,186.4,70227.77,1
2024-04-15,2024-04-15 14:09:00,370.22,370.25,370.22,370.25,0.01,186.4,70227.77,1
2024-04-15,2024-04-15 14:10:00,370.25,370.29,370.25,370.29,0.01,186.4,70227.77,1
2024-04-15,2024-04-15 14:11:00,370.29,370.32,370.29,370.32,0.01,186.4,70227.77,1
2024-04-15,2024-04-15 14:12:00,370.32,370.36,370.32,370.36,0.01,186.4,70227.77,1
2024-04-15,2024-04-15 14:13:00,370.36,370.39,370.36,370.39,0.01,186.4,70227.77,1
2024-04-15,2024-04-15 14:14:00,370.39,370.43,370.39,370.43,0.01,186.4,70227.77,1
2024-04-15,2024-04-15 14:15:00,370.43,370.46,370.43,370.46,0.01,186.4,70227.77,1
2024-04-15,2024-04-15 14:16:00,370.46,370.5,370.46,370.5,0.01,186.4,70227.77,1
2024-04-15,2024-04-15 14:17:00,370.5,370.53,370.5,370.53,0.01,186.4,70227.77,1
2024-04-15,2024-04-15 14:18:00,370.53,370.56,370.53,370.56,0.01,186.4,70227.77,1
2024-04-15,2024-04-15 14:19:00,370.56,370.6,370.56,370.6,0.01,186.4,70227.77,1
2024-04-15,2024-04-15 14:20:00,370.6,370.63,370.6,370.63,0.01,186.4,70227.77,1
2024-04-15,2024-04-15 14:21:00,370.63,370.67,370.63,370.67,0.01,186.4,70227.77,1
2024-04-15,2024-04-15 14:22:00,370.67,370.7,370.67,370.7,0.01,186.4,70227.77,1
2024-04-15,2024-04-15 14:23:00,370.7,370.74,370.7,370.74,0.01,186.4,70227.77,1
2024-04-15,2024-04-15 14:24:00,370.74,370.77,370.74,370.77,0.01,186.4,70227.77,1
2024-04-15,2024-04-15 14:25:00,370.77,370.81,370.77,370.81,0.01,186.4,70227.77,1
2024-04-15,2024-04-15 14:26:00,370.81,370.85,370.81,370.85,0.01,186.4,70227.77,1
2024-04-15,2024-04-15 14:27:00,370.85,370.88,370.85,370.88,0.01,186.4,70227.77,1
2024-04-15,2024-04-15 14:28:00,370.88,370.92,370.88,370.92,0.01,186.4,70227.77,1
2024-04-15,2024-04-15 14:29:00,370.92,370.95,370.92,370.95,0.01,186.4,70227.77,1
2024-04-15,2024-04-15 14:30:00,370.95,370.99,370.95,370.99,0.01,186.4,70227.77,1
2024-04-15,2024-04-15 14:31:00,370.99,371.02,370.99,371.02,0.01,186.4,70227.77,1
2024-04-15,2024-04-15 14:32:00,371.02,371.06,371.02,371.06,0.01,186.4,70227.77,1
2024-04-15,2024-04-15 14:33:00,371.06,371.09,371.06,371.09,0.01,186.4,70227.77,1
2024-04-15,2024-04-15 14:34:00,371.09,371.12,371.09,371.12,0.01,186.4,70227.77,1
2024-04-15,2024-04-15 14:35:00,371.12,371.16,371.12,371.16,0.01,186.4,70227.77,1
2024-04-15,2024-04-15 14:36:00,371.16,371.19,371.16,371.19,0.01,186.4,70227.77,1
2024-04-15,2024-04-15 14:37:00,371.19,371.23,371.19,371.23,0.01,186.4,70227.77,1
2024-04-15,2024-04-15 14:38:00,371.23,371.26,371.23,371.26,0.01,186.4,70227.77,1
2024-04-15,2024-04-15 14:39:00,371.26,371.3,371.26,371.3,0.01,186.4,70227.77,1
2024-04-15,2024-04-15 14:40:00,371.3,371.33,371.3,371.33,0.01,186.4,70227.77,1
2024-04-15,2024-04-15 14:41:00,371.33,371.37,371.33,371.37,0.01,186.4,70227.77,1
2024-04-15,2024-04-15 14:42:00,371.37,371.41,371.37,371.41,0.01,186.4,70227.77,1
2024-04-15,2024-04-15 14:43:00,371.41,371.44,371.41,371.44,0.01,186.4,70227.77,1
2024-04-15,2024-04-15 14:44:00,371.44,371.48,371.44,371.48,0.01,186.4,70227.77,1
2024-04-15,2024-04-15 14:45:00,371.48,371.51,371.48,371.51,0.01,186.4,70227.77,1
2024-04-15,2024-04-15 14:46:00,371.51,371.55,371.51,371.55,0.01,186.4,70227.77,1
2024-04-15,2024-04-15 14:47:00,371.55,371.58,371.55,371.58,0.01,186.4,70227.77,1
2024-04-15,2024-04-15 14:48:00,371.58,371.62,371.58,371.62,0.01,186.4,70227.77,1
2024-04-15,2024-04-15 14:49:00,371.62,371.65,371.62,371.65,0.01,186.4,70227.77,1
2024-04-15,2024-04-15 14:50:00,371.65,371.69,371.65,371.69,0.01,186.4,70227.77,1
2024-04-15,2024-04-15 14:51:00,371.69,371.72,371.69,371.72,0.01,186.4,70227.77,1
2024-04-15,2024-04-15 14:52:00,371.72,371.75,371.72,371.75,0.01,186.4,70227.77,1
2024-04-15,2024-04-15 14:53:00,371.75,371.79,371.75,371.79,0.01,186.4,70227.77,1
2024-04-15,2024-04-15 14:54:00,371.79,371.82,371.79,371.82,0.01,186.4,70227.77,1
2024-04-15,2024-04-15 14:55:00,371.82,371.86,371.82,371.86,0.01,186.4,70227.77,1
2024-04-15,2024-04-15 14:56:00,371.86,371.89,371.86,371.89,0.01,186.4,70227.77,1
2024-04-15,2024-04-15 14:57:00,371.89,371.93,371.89,371.93,0.01,186.4,70227.77,1
2024-04-15,2024-04-15 14:58:00,371.93,371.96,371.93,371.96,0.01,186.4,70227.77,1
2024-04-15,2024-04-15 14:59:00,371.96,372.0,371.96,372.0,0.01,186.4,70227.77,1
2024-04-15,2024-04-15 15:00:00,372.0,381.4,363.6,372.0,0.0,186.4,70227.77,0
2024-04-16,2024-04-16 11:00:00,370.0,373.6,368.5,369.98,-0.01,43.77,16254.63,-1
2024-04-16,2024-04-16 11:01:00,369.98,369.98,369.96,369.96,-0.01,43.77,16254.63,-1
2024-04-16,2024-04-16 11:02:00,369.96,369.96,369.94,369.94,-0.01,43.77,16254.63,-1
2024-04-16,2024-04-16 11:03:00,369.94,369.94,369.92,369.92,-0.01,43.77,16254.63,-1
2024-04-16,2024-04-16 11:04:00,369.92,369.92,369.9,369.9,-0.01,43.77,16254.63,-1
2024-04-16,2024-04-16 11:05:00,369.9,369.9,369.88,369.88,-0.01,43.77,16254.63,-1
2024-04-16,2024-04-16 11:06:00,369.88,369.88,369.85,369.85,-0.01,43.77,16254.63,-1
2024-04-16,2024-04-16 11:07:00,369.85,369.85,369.83,369.83,-0.01,43.77,16254.63,-1
2024-04-16,2024-04-16 11:08:00,369.83,369.83,369.81,369.81,-0.01,43.77,16254.63,-1
2024-04-16,2024-04-16 11:09:00,369.81,369.81,369.79,369.79,-0.01,43.77,16254.63,-1
2024-04-16,2024-04-16 11:10:00,369.79,369.79,369.77,369.77,-0.01,43.77,16254.63,-1
2024-04-16,2024-04-16 11:11:00,369.77,369.77,369.75,369.75,-0.01,43.77,16254.63,-1
2024-04-16,2024-04-16 11:12:00,369.75,369.75,369.73,369.73,-0.01,43.77,16254.63,-1
2024-04-16,2024-04-16 11:13:00,369.73,369.73,369.71,369.71,-0.01,43.77,16254.63,-1
2024-04-16,2024-04-16 11:14:00,369.71,369.71,369.69,369.69,-0.01,43.77,16254.63,-1
2024-04-16,2024-04-16 11:15:00,369.69,369.69,369.67,369.67,-0.01,43.77,16254.63,-1
2024-04-16,2024-04-16 11:16:00,369.67,369.67,369.65,369.65,-0.01,43.77,16254.63,-1
2024-04-16,2024-04-16 11:17:00,369.65,369.65,369.62,369.62,-0.01,43.77,16254.63,-1
2024-04-16,2024-04-16 11:18:00,369.62,369.62,369.6,369.6,-0.01,43.77,16254.63,-1
2024-04-16,2024-04-16 11:19:00,369.6,369.6,369.58,369.58,-0.01,43.77,16254.63,-1
2024-04-16,2024-04-16 11:20:00,369.58,369.58,369.56,369.56,-0.01,43.77,16254.63,-1
2024-04-16,2024-04-16 11:21:00,369.56,369.56,369.54,369.54,-0.01,43.77,16254.63,-1
2024-04-16,2024-04-16 11:22:00,369.54,369.54,369.52,369.52,-0.01,43.77,16254.63,-1
2024-04-16,2024-04-16 11:23:00,369.52,369.52,369.5,369.5,-0.01,43.77,16254.63,-1
2024-04-16,2024-04-16 11:24:00,369.5,369.5,369.48,369.48,-0.01,43.77,16254.63,-1
2024-04-16,2024-04-16 11:25:00,369.48,369.48,369.46,369.46,-0.01,43.77,16254.63,-1
2024-04-16,2024-04-16 11:26:00,369.46,369.46,369.44,369.44,-0.01,43.77,16254.63,-1
2024-04-16,2024-04-16 11:27:00,369.44,369.44,369.42,369.42,-0.01,43.77,16254.63,-1
2024-04-16,2024-04-16 11:28:00,369.42,369.42,369.4,369.4,-0.01,43.77,16254.63,-1
2024-04-16,2024-04-16 11:29:00,369.4,369.4,369.38,369.38,-0.01,43.77,16254.63,-1
2024-04-16,2024-04-16 11:30:00,369.38,369.38,369.35,369.35,-0.01,43.77,16254.63,-1
2024-04-16,2024-04-16 11:31:00,369.35,369.35,369.33,369.33,-0.01,43.77,16254.63,-1
2024-04-16,2024-04-16 11:32:00,369.33,369.33,369.31,369.31,-0.01,43.77,16254.63,-1
2024-04-16,2024-04-16 11:33:00,369.31,369.31,369.29,369.29,-0.01,43.77,16254.63,-1
2024-04-16,2024-04-16 11:34:00,369.29,369.29,369.27,369.27,-0.01,43.77,16254.63,-1
2024-04-16,2024-04-16 11:35:00,369.27,369.27,369.25,369.25,-0.01,43.77,16254.63,-1
2024-04-16,2024-04-16 11:36:00,369.25,369.25,369.23,369.23,-0.01,43.77,16254.63,-1
2024-04-16,2024-04-16 11:37:00,369.23,369.23,369.21,369.21,-0.01,43.77,16254.63,-1
2024-04-16,2024-04-16 11:38:00,369.21,369.21,369.19,369.19,-0.01,43.77,16254.63,-1
2024-04-16,2024-04-16 11:39:00,369.19,369.19,369.17,369.17,-0.01,43.77,16254.63,-1
2024-04-16,2024-04-16 11:40:00,369.17,369.17,369.15,369.15,-0.01,43.77,16254.63,-1
2024-04-16,2024-04-16 11:41:00,369.15,369.15,369.12,369.12,-0.01,43.77,16254.63,-1
2024-04-16,2024-04-16 11:42:00,369.12,369.12,369.1,369.1,-0.01,43.77,16254.63,-1
2024-04-16,2024-04-16 11:43:00,369.1,369.1,369.08,369.08,-0.01,43.77,16254.63,-1
2024-04-16,2024-04-16 11:44:00,369.08,369.08,369.06,369.06,-0.01,43.77,16254.63,-1
2024-04-16,2024-04-16 11:45:00,369.06,369.06,369.04,369.04,-0.01,43.77,16254.63,-1
2024-04-16,2024-04-16 11:46:00,369.04,369.04,369.02,369.02,-0.01,43.77,16254.63,-1
2024-04-16,2024-04-16 11:47:00,369.02,369.02,369.0,369.0,-0.01,43.77,16254.63,-1
2024-04-16,2024-04-16 11:48:00,369.0,369.0,368.98,368.98,-0.01,43.77,16254.63,-1
2024-04-16,2024-04-16 11:49:00,368.98,368.98,368.96,368.96,-0.01,43.77,16254.63,-1
2024-04-16,2024-04-16 11:50:00,368.96,368.96,368.94,368.94,-0.01,43.77,16254.63,-1
2024-04-16,2024-04-16 11:51:00,368.94,368.94,368.92,368.92,-0.01,43.77,16254.63,-1
2024-04-16,2024-04-16 11:52:00,368.92,368.92,368.9,368.9,-0.01,43.77,16254.63,-1
2024-04-16,2024-04-16 11:53:00,368.9,368.9,368.88,368.88,-0.01,43.77,16254.63,-1
2024-04-16,2024-04-16 11:54:00,368.88,368.88,368.85,368.85,-0.01,43.77,16254.63,-1
2024-04-16,2024-04-16 11:55:00,368.85,368.85,368.83,368.83,-0.01,43.77,16254.63,-1
2024-04-16,2024-04-16 11:56:00,368.83,368.83,368.81,368.81,-0.01,43.77,16254.63,-1
2024-04-16,2024-04-16 11:57:00,368.81,368.81,368.79,368.79,-0.01,43.77,16254.63,-1
2024-04-16,2024-04-16 11:58:00,368.79,368.79,368.77,368.77,-0.01,43.77,16254.63,-1
2024-04-16,2024-04-16 11:59:00,368.77,368.77,368.75,368.75,-0.01,43.77,16254.63,-1
2024-04-16,2024-04-16 12:00:00,368.75,368.75,368.73,368.73,-0.01,43.77,16254.63,-1
2024-04-16,2024-04-16 12:01:00,368.73,368.73,368.71,368.71,-0.01,43.77,16254.63,-1
2024-04-16,2024-04-16 12:02:00,368.71,368.71,368.69,368.69,-0.01,43.77,16254.63,-1
2024-04-16,2024-04-16 12:03:00,368.69,368.69,368.67,368.67,-0.01,43.77,16254.63,-1
2024-04-16,2024-04-16 12:04:00,368.67,368.67,368.65,368.65,-0.01,43.77,16254.63,-1
2024-04-16,2024-04-16 12:05:00,368.65,368.65,368.62,368.62,-0.01,43.77,16254.63,-1
2024-04-16,2024-04-16 12:06:00,368.62,368.62,368.6,368.6,-0.01,43.77,16254.63,-1
2024-04-16,2024-04-16 12:07:00,368.6,368.6,368.58,368.58,-0.01,43.77,16254.63,-1
2024-04-16,2024-04-16 12:08:00,368.58,368.58,368.56,368.56,-0.01,43.77,16254.63,-1
2024-04-16,2024-04-16 12:09:00,368.56,368.56,368.54,368.54,-0.01,43.77,16254.63,-1
2024-04-16,2024-04-16 12:10:00,368.54,368.54,368.52,368.52,-0.01,43.77,16254.63,-1
2024-04-16,2024-04-16 12:11:00,368.52,368.52,368.5,368.5,-0.01,43.77,16254.63,-1
2024-04-16,2024-04-16 12:12:00,368.5,368.5,368.48,368.48,-0.01,43.77,16254.63,-1
2024-04-16,2024-04-16 12:13:00,368.48,368.48,368.46,368.46,-0.01,43.77,16254.63,-1
2024-04-16,2024-04-16 12:14:00,368.46,368.46,368.44,368.44,-0.01,43.77,16254.63,-1
2024-04-16,2024-04-16 12:15:00,368.44,368.44,368.42,368.42,-0.01,43.77,16254.63,-1
2024-04-16,2024-04-16 12:16:00,368.42,368.42,368.4,368.4,-0.01,43.77,16254.63,-1
2024-04-16,2024-04-16 12:17:00,368.4,368.4,368.38,368.38,-0.01,43.77,16254.63,-1
2024-04-16,2024-04-16 12:18:00,368.38,368.38,368.35,368.35,-0.01,43.77,16254.63,-1
2024-04-16,2024-04-16 12:19:00,368.35,368.35,368.33,368.33,-0.01,43.77,16254.63,-1
2024-04-16,2024-04-16 12:20:00,368.33,368.33,368.31,368.31,-0.01,43.77,16254.63,-1
2024-04-16,2024-04-16 12:21:00,368.31,368.31,368.29,368.29,-0.01,43.77,16254.63,-1
2024-04-16,2024-04-16 12:22:00,368.29,368.29,368.27,368.27,-0.01,43.77,16254.63,-1
2024-04-16,2024-04-16 12:23:00,368.27,368.27,368.25,368.25,-0.01,43.77,16254.63,-1
2024-04-16,2024-04-16 12:24:00,368.25,368.25,368.23,368.23,-0.01,43.77,16254.63,-1
2024-04-16,2024-04-16 12:25:00,368.23,368.23,368.21,368.21,-0.01,43.77,16254.63,-1
2024-04-16,2024-04-16 12:26:00,368.21,368.21,368.19,368.19,-0.01,43.77,16254.63,-1
2024-04-16,2024-04-16 12:27:00,368.19,368.19,368.17,368.17,-0.01,43.77,16254.63,-1
2024-04-16,2024-04-16 12:28:00,368.17,368.17,368.15,368.15,-0.01,43.77,16254.63,-1
2024-04-16,2024-04-16 12:29:00,368.15,368.15,368.12,368.12,-0.01,43.77,16254.63,-1
2024-04-16,2024-04-16 12:30:00,368.12,368.12,368.1,368.1,-0.01,43.77,16254.63,-1
2024-04-16,2024-04-16 12:31:00,368.1,368.1,368.08,368.08,-0.01,43.77,16254.63,-1
2024-04-16,2024-04-16 12:32:00,368.08,368.08,368.06,368.06,-0.01,43.77,16254.63,-1
2024-04-16,2024-04-16 12:33:00,368.06,368.06,368.04,368.04,-0.01,43.77,16254.63,-1
2024-04-16,2024-04-16 12:34:00,368.04,368.04,368.02,368.02,-0.01,43.77,16254.63,-1
2024-04-16,2024-04-16 12:35:00,368.02,368.02,368.0,368.0,-0.01,43.77,16254.63,-1
2024-04-16,2024-04-16 12:36:00,368.0,368.0,367.98,367.98,-0.01,43.77,16254.63,-1
2024-04-16,2024-04-16 12:37:00,367.98,367.98,367.96,367.96,-0.01,43.77,16254.63,-1
2024-04-16,2024-04-16 12:38:00,367.96,367.96,367.94,367.94,-0.01,43.77,16254.63,-1
2024-04-16,2024-04-16 12:39:00,367.94,367.94,367.92,367.92,-0.01,43.77,16254.63,-1
2024-04-16,2024-04-16 12:40:00,367.92,367.92,367.9,367.9,-0.01,43.77,16254.63,-1
2024-04-16,2024-04-16 12:41:00,367.9,367.9,367.88,367.88,-0.01,43.77,16254.63,-1
2024-04-16,2024-04-16 12:42:00,367.88,367.88,367.85,367.85,-0.01,43.77,16254.63,-1
2024-04-16,2024-04-16 12:43:00,367.85,367.85,367.83,367.83,-0.01,43.77,16254.63,-1
2024-04-16,2024-04-16 12:44:00,367.83,367.83,367.81,367.81,-0.01,43.77,16254.63,-1
2024-04-16,2024-04-16 12:45:00,367.81,367.81,367.79,367.79,-0.01,43.77,16254.63,-1
2024-04-16,2024-04-16 12:46:00,367.79,367.79,367.77,367.77,-0.01,43.77,16254.63,-1
2024-04-16,2024-04-16 12:47:00,367.77,367.77,367.75,367.75,-0.01,43.77,16254.63,-1
2024-04-16,2024-04-16 12:48:00,367.75,367.75,367.73,367.73,-0.01,43.77,16254.63,-1
2024-04-16,2024-04-16 12:49:00,367.73,367.73,367.71,367.71,-0.01,43.77,16254.63,-1
2024-04-16,2024-04-16 12:50:00,367.71,367.71,367.69,367.69,-0.01,43.77,16254.63,-1
2024-04-16,2024-04-16 12:51:00,367.69,367.69,367.67,367.67,-0.01,43.77,16254.63,-1
2024-04-16,2024-04-16 12:52:00,367.67,367.67,367.65,367.65,-0.01,43.77,16254.63,-1
2024-04-16,2024-04-16 12:53:00,367.65,367.65,367.62,367.62,-0.01,43.77,16254.63,-1
2024-04-16,2024-04-16 12:54:00,367.62,367.62,367.6,367.6,-0.01,43.77,16254.63,-1
2024-04-16,2024-04-16 12:55:00,367.6,367.6,367.58,367.58,-0.01,43.77,16254.63,-1
2024-04-16,2024-04-16 12:56:00,367.58,367.58,367.56,367.56,-0.01,43.77,16254.63,-1
2024-04-16,2024-04-16 12:57:00,367.56,367.56,367.54,367.54,-0.01,43.77,16254.63,-1
2024-04-16,2024-04-16 12:58:00,367.54,367.54,367.52,367.52,-0.01,43.77,16254.63,-1
2024-04-16,2024-04-16 12:59:00,367.52,367.52,367.5,367.5,-0.01,43.77,16254.63,-1
2024-04-16,2024-04-16 13:00:00,367.5,382.0,365.0,367.48,-0.01,43.77,16254.63,-1
2024-04-16,2024-04-16 13:01:00,367.48,367.48,367.46,367.46,-0.01,43.77,16254.63,-1
2024-04-16,2024-04-16 13:02:00,367.46,367.46,367.44,367.44,-0.01,43.77,16254.63,-1
2024-04-16,2024-04-16 13:03:00,367.44,367.44,367.42,367.42,-0.01,43.77,16254.63,-1
2024-04-16,2024-04-16 13:04:00,367.42,367.42,367.4,367.4,-0.01,43.77,16254.63,-1
2024-04-16,2024-04-16 13:05:00,367.4,367.4,367.38,367.38,-0.01,43.77,16254.63,-1
2024-04-16,2024-04-16 13:06:00,367.38,367.38,367.35,367.35,-0.01,43.77,16254.63,-1
2024-04-16,2024-04-16 13:07:00,367.35,367.35,367.33,367.33,-0.01,43.77,16254.63,-1
2024-04-16,2024-04-16 13:08:00,367.33,367.33,367.31,367.31,-0.01,43.77,16254.63,-1
2024-04-16,2024-04-16 13:09:00,367.31,367.31,367.29,367.29,-0.01,43.77,16254.63,-1
2024-04-16,2024-04-16 13:10:00,367.29,367.29,367.27,367.27,-0.01,43.77,16254.63,-1
2024-04-16,2024-04-16 13:11:00,367.27,367.27,367.25,367.25,-0.01,43.77,16254.63,-1
2024-04-16,2024-04-16 13:12:00,367.25,367.25,367.23,367.23,-0.01,43.77,16254.63,-1
2024-04-16,2024-04-16 13:13:00,367.23,367.23,367.21,367.21,-0.01,43.77,16254.63,-1
2024-04-16,2024-04-16 13:14:00,367.21,367.21,367.19,367.19,-0.01,43.77,16254.63,-1
2024-04-16,2024-04-16 13:15:00,367.19,367.19,367.17,367.17,-0.01,43.77,16254.63,-1
2024-04-16,2024-04-16 13:16:00,367.17,367.17,367.15,367.15,-0.01,43.77,16254.63,-1
2024-04-16,2024-04-16 13:17:00,367.15,367.15,367.12,367.12,-0.01,43.77,16254.63,-1
2024-04-16,2024-04-16 13:18:00,367.12,367.12,367.1,367.1,-0.01,43.77,16254.63,-1
2024-04-16,2024-04-16 13:19:00,367.1,367.1,367.08,367.08,-0.01,43.77,16254.63,-1
2024-04-16,2024-04-16 13:20:00,367.08,367.08,367.06,367.06,-0.01,43.77,16254.63,-1
2024-04-16,2024-04-16 13:21:00,367.06,367.06,367.04,367.04,-0.01,43.77,16254.63,-1
2024-04-16,2024-04-16 13:22:00,367.04,367.04,367.02,367.02,-0.01,43.77,16254.63,-1
2024-04-16,2024-04-16 13:23:00,367.02,367.02,367.0,367.0,-0.01,43.77,16254.63,-1
2024-04-16,2024-04-16 13:24:00,367.0,367.0,366.98,366.98,-0.01,43.77,16254.63,-1
2024-04-16,2024-04-16 13:25:00,366.98,366.98,366.96,366.96,-0.01,43.77,16254.63,-1
2024-04-16,2024-04-16 13:26:00,366.96,366.96,366.94,366.94,-0.01,43.77,16254.63,-1
2024-04-16,2024-04-16 13:27:00,366.94,366.94,366.92,366.92,-0.01,43.77,16254.63,-1
2024-04-16,2024-04-16 13:28:00,366.92,366.92,366.9,366.9,-0.01,43.77,16254.63,-1
2024-04-16,2024-04-16 13:29:00,366.9,366.9,366.88,366.88,-0.01,43.77,16254.63,-1
2024-04-16,2024-04-16 13:30:00,366.88,366.88,366.85,366.85,-0.01,43.77,16254.63,-1
2024-04-16,2024-04-16 13:31:00,366.85,366.85,366.83,366.83,-0.01,43.77,16254.63,-1
2024-04-16,2024-04-16 13:32:00,366.83,366.83,366.81,366.81,-0.01,43.77,16254.63,-1
2024-04-16,2024-04-16 13:33:00,366.81,366.81,366.79,366.79,-0.01,43.77,16254.63,-1
2024-04-16,2024-04-16 13:34:00,366.79,366.79,366.77,366.77,-0.01,43.77,16254.63,-1
2024-04-16,2024-04-16 13:35:00,366.77,366.77,366.75,366.75,-0.01,43.77,16254.63,-1
2024-04-16,2024-04-16 13:36:00,366.75,366.75,366.73,366.73,-0.01,43.77,16254.63,-1
2024-04-16,2024-04-16 13:37:00,366.73,366.73,366.71,366.71,-0.01,43.77,16254.63,-1
2024-04-16,2024-04-16 13:38:00,366.71,366.71,366.69,366.69,-0.01,43.77,16254.63,-1
2024-04-16,2024-04-16 13:39:00,366.69,366.69,366.67,366.67,-0.01,43.77,16254.63,-1
2024-04-16,2024-04-16 13:40:00,366.67,366.67,366.65,366.65,-0.01,43.77,16254.63,-1
2024-04-16,2024-04-16 13:41:00,366.65,366.65,366.62,366.62,-0.01,43.77,16254.63,-1
2024-04-16,2024-04-16 13:42:00,366.62,366.62,366.6,366.6,-0.01,43.77,16254.63,-1
2024-04-16,2024-04-16 13:43:00,366.6,366.6,366.58,366.58,-0.01,43.77,16254.63,-1
2024-04-16,2024-04-16 13:44:00,366.58,366.58,366.56,366.56,-0.01,43.77,16254.63,-1
2024-04-16,2024-04-16 13:45:00,366.56,366.56,366.54,366.54,-0.01,43.77,16254.63,-1
2024-04-16,2024-04-16 13:46:00,366.54,366.54,366.52,366.52,-0.01,43.77,16254.63,-1
2024-04-16,2024-04-16 13:47:00,366.52,366.52,366.5,366.5,-0.01,43.77,16254.63,-1
2024-04-16,2024-04-16 13:48:00,366.5,366.5,366.48,366.48,-0.01,43.77,16254.63,-1
2024-04-16,2024-04-16 13:49:00,366.48,366.48,366.46,366.46,-0.01,43.77,16254.63,-1
2024-04-16,2024-04-16 13:50:00,366.46,366.46,366.44,366.44,-0.01,43.77,16254.63,-1
2024-04-16,2024-04-16 13:51:00,366.44,366.44,366.42,366.42,-0.01,43.77,16254.63,-1
2024-04-16,2024-04-16 13:52:00,366.42,366.42,366.4,366.4,-0.01,43.77,16254.63,-1
2024-04-16,2024-04-16 13:53:00,366.4,366.4,366.38,366.38,-0.01,43.77,16254.63,-1
2024-04-16,2024-04-16 13:54:00,366.38,366.38,366.35,366.35,-0.01,43.77,16254.63,-1
2024-04-16,2024-04-16 13:55:00,366.35,366.35,366.33,366.33,-0.01,43.77,16254.63,-1
2024-04-16,2024-04-16 13:56:00,366.33,366.33,366.31,366.31,-0.01,43.77,16254.63,-1
2024-04-16,2024-04-16 13:57:00,366.31,366.31,366.29,366.29,-0.01,43.77,16254.63,-1
2024-04-16,2024-04-16 13:58:00,366.29,366.29,366.27,366.27,-0.01,43.77,16254.63,-1
2024-04-16,2024-04-16 13:59:00,366.27,366.27,366.25,366.25,-0.01,43.77,16254.63,-1
2024-04-16,2024-04-16 14:00:00,366.25,366.25,366.23,366.23,-0.01,43.77,16254.63,-1
2024-04-16,2024-04-16 14:01:00,366.23,366.23,366.21,366.21,-0.01,43.77,16254.63,-1
2024-04-16,2024-04-16 14:02:00,366.21,366.21,366.19,366.19,-0.01,43.77,16254.63,-1
2024-04-16,2024-04-16 14:03:00,366.19,366.19,366.17,366.17,-0.01,43.77,16254.63,-1
2024-04-16,2024-04-16 14:04:00,366.17,366.17,366.15,366.15,-0.01,43.77,16254.63,-1
2024-04-16,2024-04-16 14:05:00,366.15,366.15,366.12,366.12,-0.01,43.77,16254.63,-1
2024-04-16,2024-04-16 14:06:00,366.12,366.12,366.1,366.1,-0.01,43.77,16254.63,-1
2024-04-16,2024-04-16 14:07:00,366.1,366.1,366.08,366.08,-0.01,43.77,16254.63,-1
2024-04-16,2024-04-16 14:08:00,366.08,366.08,366.06,366.06,-0.01,43.77,16254.63,-1
2024-04-16,2024-04-16 14:09:00,366.06,366.06,366.04,366.04,-0.01,43.77,16254.63,-1
2024-04-16,2024-04-16 14:10:00,366.04,366.04,366.02,366.02,-0.01,43.77,16254.63,-1
2024-04-16,2024-04-16 14:11:00,366.02,366.02,366.0,366.0,-0.01,43.77,16254.63,-1
2024-04-16,2024-04-16 14:12:00,366.0,366.0,365.98,365.98,-0.01,43.77,16254.63,-1
2024-04-16,2024-04-16 14:13:00,365.98,365.98,365.96,365.96,-0.01,43.77,16254.63,-1
2024-04-16,2024-04-16 14:14:00,365.96,365.96,365.94,365.94,-0.01,43.77,16254.63,-1
2024-04-16,2024-04-16 14:15:00,365.94,365.94,365.92,365.92,-0.01,43.77,16254.63,-1
2024-04-16,2024-04-16 14:16:00,365.92,365.92,365.9,365.9,-0.01,43.77,16254.63,-1
2024-04-16,2024-04-16 14:17:00,365.9,365.9,365.88,365.88,-0.01,43.77,16254.63,-1
2024-04-16,2024-04-16 14:18:00,365.88,365.88,365.85,365.85,-0.01,43.77,16254.63,-1
2024-04-16,2024-04-16 14:19:00,365.85,365.85,365.83,365.83,-0.01,43.77,16254.63,-1
2024-04-16,2024-04-16 14:20:00,365.83,365.83,365.81,365.81,-0.01,43.77,16254.63,-1
2024-04-16,2024-04-16 14:21:00,365.81,365.81,365.79,365.79,-0.01,43.77,16254.63,-1
2024-04-16,2024-04-16 14:22:00,365.79,365.79,365.77,365.77,-0.01,43.77,16254.63,-1
2024-04-16,2024-04-16 14:23:00,365.77,365.77,365.75,365.75,-0.01,43.77,16254.63,-1
2024-04-16,2024-04-16 14:24:00,365.75,365.75,365.73,365.73,-0.01,43.77,16254.63,-1
2024-04-16,2024-04-16 14:25:00,365.73,365.73,365.71,365.71,-0.01,43.77,16254.63,-1
2024-04-16,2024-04-16 14:26:00,365.71,365.71,365.69,365.69,-0.01,43.77,16254.63,-1
2024-04-16,2024-04-16 14:27:00,365.69,365.69,365.67,365.67,-0.01,43.77,16254.63,-1
2024-04-16,2024-04-16 14:28:00,365.67,365.67,365.65,365.65,-0.01,43.77,16254.63,-1
2024-04-16,2024-04-16 14:29:00,365.65,365.65,365.62,365.62,-0.01,43.77,16254.63,-1
2024-04-16,2024-04-16 14:30:00,365.62,365.62,365.6,365.6,-0.01,43.77,16254.63,-1
2024-04-16,2024-04-16 14:31:00,365.6,365.6,365.58,365.58,-0.01,43.77,16254.63,-1
2024-04-16,2024-04-16 14:32:00,365.58,365.58,365.56,365.56,-0.01,43.77,16254.63,-1
2024-04-16,2024-04-16 14:33:00,365.56,365.56,365.54,365.54,-0.01,43.77,16254.63,-1
2024-04-16,2024-04-16 14:34:00,365.54,365.54,365.52,365.52,-0.01,43.77,16254.63,-1
2024-04-16,2024-04-16 14:35:00,365.52,365.52,365.5,365.5,-0.01,43.77,16254.63,-1
2024-04-16,2024-04-16 14:36:00,365.5,365.5,365.48,365.48,-0.01,43.77,16254.63,-1
2024-04-16,2024-04-16 14:37:00,365.48,365.48,365.46,365.46,-0.01,43.77,16254.63,-1
2024-04-16,2024-04-16 14:38:00,365.46,365.46,365.44,365.44,-0.01,43.77,16254.63,-1
2024-04-16,2024-04-16 14:39:00,365.44,365.44,365.42,365.42,-0.01,43.77,16254.63,-1
2024-04-16,2024-04-16 14:40:00,365.42,365.42,365.4,365.4,-0.01,43.77,16254.63,-1
2024-04-16,2024-04-16 14:41:00,365.4,365.4,365.38,365.38,-0.01,43.77,16254.63,-1
2024-04-16,2024-04-16 14:42:00,365.38,365.38,365.35,365.35,-0.01,43.77,16254.63,-1
2024-04-16,2024-04-16 14:43:00,365.35,365.35,365.33,365.33,-0.01,43.77,16254.63,-1
2024-04-16,2024-04-16 14:44:00,365.33,365.33,365.31,365.31,-0.01,43.77,16254.63,-1
2024-04-16,2024-04-16 14:45:00,365.31,365.31,365.29,365.29,-0.01,43.77,16254.63,-1
2024-04-16,2024-04-16 14:46:00,365.29,365.29,365.27,365.27,-0.01,43.77,16254.63,-1
2024-04-16,2024-04-16 14:47:00,365.27,365.27,365.25,365.25,-0.01,43.77,16254.63,-1
2024-04-16,2024-04-16 14:48:00,365.25,365.25,365.23,365.23,-0.01,43.77,16254.63,-1
2024-04-16,2024-04-16 14:49:00,365.23,365.23,365.21,365.21,-0.01,43.77,16254.63,-1
2024-04-16,2024-04-16 14:50:00,365.21,365.21,365.19,365.19,-0.01,43.77,16254.63,-1
2024-04-16,2024-04-16 14:51:00,365.19,365.19,365.17,365.17,-0.01,43.77,16254.63,-1
2024-04-16,2024-04-16 14:52:00,365.17,365.17,365.15,365.15,-0.01,43.77,16254.63,-1
2024-04-16,2024-04-16 14:53:00,365.15,365.15,365.12,365.12,-0.01,43.77,16254.63,-1
2024-04-16,2024-04-16 14:54:00,365.12,365.12,365.1,365.1,-0.01,43.77,16254.63,-1
2024-04-16,2024-04-16 14:55:00,365.1,365.1,365.08,365.08,-0.01,43.77,16254.63,-1
2024-04-16,2024-04-16 14:56:00,365.08,365.08,365.06,365.06,-0.01,43.77,16254.63,-1
2024-04-16,2024-04-16 14:57:00,365.06,365.06,365.04,365.04,-0.01,43.77,16254.63,-1
2024-04-16,2024-04-16 14:58:00,365.04,365.04,365.02,365.02,-0.01,43.77,16254.63,-1
2024-04-16,2024-04-16 14:59:00,365.02,365.02,365.0,365.0,-0.01,43.77,16254.63,-1
2024-04-16,2024-04-16 15:00:00,365.0,382.0,365.0,365.0,0.0,43.77,16254.63,0
2024-04-18,2024-04-18 11:00:00,361.0,363.7,361.0,361.02,0.01,54.12,19783.35,1
2024-04-18,2024-04-18 11:01:00,361.02,361.04,361.02,361.04,0.01,54.12,19783.35,1
2024-04-18,2024-04-18 11:02:00,361.04,361.06,361.04,361.06,0.01,54.12,19783.35,1
2024-04-18,2024-04-18 11:03:00,361.06,361.08,361.06,361.08,0.01,54.12,19783.35,1
2024-04-18,2024-04-18 11:04:00,361.08,361.1,361.08,361.1,0.01,54.12,19783.35,1
2024-04-18,2024-04-18 11:05:00,361.1,361.12,361.1,361.12,0.01,54.12,19783.35,1
2024-04-18,2024-04-18 11:06:00,361.12,361.15,361.12,361.15,0.01,54.12,19783.35,1
2024-04-18,2024-04-18 11:07:00,361.15,361.17,361.15,361.17,0.01,54.12,19783.35,1
2024-04-18,2024-04-18 11:08:00,361.17,361.19,361.17,361.19,0.01,54.12,19783.35,1
2024-04-18,2024-04-18 11:09:00,361.19,361.21,361.19,361.21,0.01,54.12,19783.35,1
2024-04-18,2024-04-18 11:10:00,361.21,361.23,361.21,361.23,0.01,54.12,19783.35,1
2024-04-18,2024-04-18 11:11:00,361.23,361.25,361.23,361.25,0.01,54.12,19783.35,1
2024-04-18,2024-04-18 11:12:00,361.25,361.27,361.25,361.27,0.01,54.12,19783.35,1
2024-04-18,2024-04-18 11:13:00,361.27,361.29,361.27,361.29,0.01,54.12,19783.35,1
2024-04-18,2024-04-18 11:14:00,361.29,361.31,361.29,361.31,0.01,54.12,19783.35,1
2024-04-18,2024-04-18 11:15:00,361.31,361.33,361.31,361.33,0.01,54.12,19783.35,1
2024-04-18,2024-04-18 11:16:00,361.33,361.35,361.33,361.35,0.01,54.12,19783.35,1
2024-04-18,2024-04-18 11:17:00,361.35,361.38,361.35,361.38,0.01,54.12,19783.35,1
2024-04-18,2024-04-18 11:18:00,361.38,361.4,361.38,361.4,0.01,54.12,19783.35,1
2024-04-18,2024-04-18 11:19:00,361.4,361.42,361.4,361.42,0.01,54.12,19783.35,1
2024-04-18,2024-04-18 11:20:00,361.42,361.44,361.42,361.44,0.01,54.12,19783.35,1
2024-04-18,2024-04-18 11:21:00,361.44,361.46,361.44,361.46,0.01,54.12,19783.35,1
2024-04-18,2024-04-18 11:22:00,361.46,361.48,361.46,361.48,0.01,54.12,19783.35,1
2024-04-18,2024-04-18 11:23:00,361.48,361.5,361.48,361.5,0.01,54.12,19783.35,1
2024-04-18,2024-04-18 11:24:00,361.5,361.52,361.5,361.52,0.01,54.12,19783.35,1
2024-04-18,2024-04-18 11:25:00,361.52,361.54,361.52,361.54,0.01,54.12,19783.35,1
2024-04-18,2024-04-18 11:26:00,361.54,361.56,361.54,361.56,0.01,54.12,19783.35,1
2024-04-18,2024-04-18 11:27:00,361.56,361.58,361.56,361.58,0.01,54.12,19783.35,1
2024-04-18,2024-04-18 11:28:00,361.58,361.6,361.58,361.6,0.01,54.12,19783.35,1
2024-04-18,2024-04-18 11:29:00,361.6,361.62,361.6,361.62,0.01,54.12,19783.35,1
2024-04-18,2024-04-18 11:30:00,361.62,361.65,361.62,361.65,0.01,54.12,19783.35,1
2024-04-18,2024-04-18 11:31:00,361.65,361.67,361.65,361.67,0.01,54.12,19783.35,1
2024-04-18,2024-04-18 11:32:00,361.67,361.69,361.67,361.69,0.01,54.12,19783.35,1
2024-04-18,2024-04-18 11:33:00,361.69,361.71,361.69,361.71,0.01,54.12,19783.35,1
2024-04-18,2024-04-18 11:34:00,361.71,361.73,361.71,361.73,0.01,54.12,19783.35,1
2024-04-18,2024-04-18 11:35:00,361.73,361.75,361.73,361.75,0.01,54.12,19783.35,1
2024-04-18,2024-04-18 11:36:00,361.75,361.77,361.75,361.77,0.01,54.12,19783.35,1
2024-04-18,2024-04-18 11:37:00,361.77,361.79,361.77,361.79,0.01,54.12,19783.35,1
2024-04-18,2024-04-18 11:38:00,361.79,361.81,361.79,361.81,0.01,54.12,19783.35,1
2024-04-18,2024-04-18 11:39:00,361.81,361.83,361.81,361.83,0.01,54.12,19783.35,1
2024-04-18,2024-04-18 11:40:00,361.83,361.85,361.83,361.85,0.01,54.12,19783.35,1
2024-04-18,2024-04-18 11:41:00,361.85,361.88,361.85,361.88,0.01,54.12,19783.35,1
2024-04-18,2024-04-18 11:42:00,361.88,361.9,361.88,361.9,0.01,54.12,19783.35,1
2024-04-18,2024-04-18 11:43:00,361.9,361.92,361.9,361.92,0.01,54.12,19783.35,1
2024-04-18,2024-04-18 11:44:00,361.92,361.94,361.92,361.94,0.01,54.12,19783.35,1
2024-04-18,2024-04-18 11:45:00,361.94,361.96,361.94,361.96,0.01,54.12,19783.35,1
2024-04-18,2024-04-18 11:46:00,361.96,361.98,361.96,361.98,0.01,54.12,19783.35,1
2024-04-18,2024-04-18 11:47:00,361.98,362.0,361.98,362.0,0.01,54.12,19783.35,1
2024-04-18,2024-04-18 11:48:00,362.0,362.02,362.0,362.02,0.01,54.12,19783.35,1
2024-04-18,2024-04-18 11:49:00,362.02,362.04,362.02,362.04,0.01,54.12,19783.35,1
2024-04-18,2024-04-18 11:50:00,362.04,362.06,362.04,362.06,0.01,54.12,19783.35,1
2024-04-18,2024-04-18 11:51:00,362.06,362.08,362.06,362.08,0.01,54.12,19783.35,1
2024-04-18,2024-04-18 11:52:00,362.08,362.1,362.08,362.1,0.01,54.12,19783.35,1
2024-04-18,2024-04-18 11:53:00,362.1,362.12,362.1,362.12,0.01,54.12,19783.35,1
2024-04-18,2024-04-18 11:54:00,362.12,362.15,362.12,362.15,0.01,54.12,19783.35,1
2024-04-18,2024-04-18 11:55:00,362.15,362.17,362.15,362.17,0.01,54.12,19783.35,1
2024-04-18,2024-04-18 11:56:00,362.17,362.19,362.17,362.19,0.01,54.12,19783.35,1
2024-04-18,2024-04-18 11:57:00,362.19,362.21,362.19,362.21,0.01,54.12,19783.35,1
2024-04-18,2024-04-18 11:58:00,362.21,362.23,362.21,362.23,0.01,54.12,19783.35,1
2024-04-18,2024-04-18 11:59:00,362.23,362.25,362.23,362.25,0.01,54.12,19783.35,1
2024-04-18,2024-04-18 12:00:00,362.25,362.27,362.25,362.27,0.01,54.12,19783.35,1
2024-04-18,2024-04-18 12:01:00,362.27,362.29,362.27,362.29,0.01,54.12,19783.35,1
2024-04-18,2024-04-18 12:02:00,362.29,362.31,362.29,362.31,0.01,54.12,19783.35,1
2024-04-18,2024-04-18 12:03:00,362.31,362.33,362.31,362.33,0.01,54.12,19783.35,1
2024-04-18,2024-04-18 12:04:00,362.33,362.35,362.33,362.35,0.01,54.12,19783.35,1
2024-04-18,2024-04-18 12:05:00,362.35,362.38,362.35,362.38,0.01,54.12,19783.35,1
2024-04-18,2024-04-18 12:06:00,362.38,362.4,362.38,362.4,0.01,54.12,19783.35,1
2024-04-18,2024-04-18 12:07:00,362.4,362.42,362.4,362.42,0.01,54.12,19783.35,1
2024-04-18,2024-04-18 12:08:00,362.42,362.44,362.42,362.44,0.01,54.12,19783.35,1
2024-04-18,2024-04-18 12:09:00,362.44,362.46,362.44,362.46,0.01,54.12,19783.35,1
2024-04-18,2024-04-18 12:10:00,362.46,362.48,362.46,362.48,0.01,54.12,19783.35,1
2024-04-18,2024-04-18 12:11:00,362.48,362.5,362.48,362.5,0.01,54.12,19783.35,1
2024-04-18,2024-04-18 12:12:00,362.5,362.52,362.5,362.52,0.01,54.12,19783.35,1
2024-04-18,2024-04-18 12:13:00,362.52,362.54,362.52,362.54,0.01,54.12,19783.35,1
2024-04-18,2024-04-18 12:14:00,362.54,362.56,362.54,362.56,0.01,54.12,19783.35,1
2024-04-18,2024-04-18 12:15:00,362.56,362.58,362.56,362.58,0.01,54.12,19783.35,1
2024-04-18,2024-04-18 12:16:00,362.58,362.6,362.58,362.6,0.01,54.12,19783.35,1
2024-04-18,2024-04-18 12:17:00,362.6,362.62,362.6,362.62,0.01,54.12,19783.35,1
2024-04-18,2024-04-18 12:18:00,362.62,362.65,362.62,362.65,0.01,54.12,19783.35,1
2024-04-18,2024-04-18 12:19:00,362.65,362.67,362.65,362.67,0.01,54.12,19783.35,1
2024-04-18,2024-04-18 12:20:00,362.67,362.69,362.67,362.69,0.01,54.12,19783.35,1
2024-04-18,2024-04-18 12:21:00,362.69,362.71,362.69,362.71,0.01,54.12,19783.35,1
2024-04-18,2024-04-18 12:22:00,362.71,362.73,362.71,362.73,0.01,54.12,19783.35,1
2024-04-18,2024-04-18 12:23:00,362.73,362.75,362.73,362.75,0.01,54.12,19783.35,1
2024-04-18,2024-04-18 12:24:00,362.75,362.77,362.75,362.77,0.01,54.12,19783.35,1
2024-04-18,2024-04-18 12:25:00,362.77,362.79,362.77,362.79,0.01,54.12,19783.35,1
2024-04-18,2024-04-18 12:26:00,362.79,362.81,362.79,362.81,0.01,54.12,19783.35,1
2024-04-18,2024-04-18 12:27:00,362.81,362.83,362.81,362.83,0.01,54.12,19783.35,1
2024-04-18,2024-04-18 12:28:00,362.83,362.85,362.83,362.85,0.01,54.12,19783.35,1
2024-04-18,2024-04-18 12:29:00,362.85,362.88,362.85,362.88,0.01,54.12,19783.35,1
2024-04-18,2024-04-18 12:30:00,362.88,362.9,362.88,362.9,0.01,54.12,19783.35,1
2024-04-18,2024-04-18 12:31:00,362.9,362.92,362.9,362.92,0.01,54.12,19783.35,1
2024-04-18,2024-04-18 12:32:00,362.92,362.94,362.92,362.94,0.01,54.12,19783.35,1
2024-04-18,2024-04-18 12:33:00,362.94,362.96,362.94,362.96,0.01,54.12,19783.35,1
2024-04-18,2024-04-18 12:34:00,362.96,362.98,362.96,362.98,0.01,54.12,19783.35,1
2024-04-18,2024-04-18 12:35:00,362.98,363.0,362.98,363.0,0.01,54.12,19783.35,1
2024-04-18,2024-04-18 12:36:00,363.0,363.02,363.0,363.02,0.01,54.12,19783.35,1
2024-04-18,2024-04-18 12:37:00,363.02,363.04,363.02,363.04,0.01,54.12,19783.35,1
2024-04-18,2024-04-18 12:38:00,363.04,363.06,363.04,363.06,0.01,54.12,19783.35,1
2024-04-18,2024-04-18 12:39:00,363.06,363.08,363.06,363.08,0.01,54.12,19783.35,1
2024-04-18,2024-04-18 12:40:00,363.08,363.1,363.08,363.1,0.01,54.12,19783.35,1
2024-04-18,2024-04-18 12:41:00,363.1,363.12,363.1,363.12,0.01,54.12,19783.35,1
2024-04-18,2024-04-18 12:42:00,363.12,363.15,363.12,363.15,0.01,54.12,19783.35,1
2024-04-18,2024-04-18 12:43:00,363.15,363.17,363.15,363.17,0.01,54.12,19783.35,1
2024-04-18,2024-04-18 12:44:00,363.17,363.19,363.17,363.19,0.01,54.12,19783.35,1
2024-04-18,2024-04-18 12:45:00,363.19,363.21,363.19,363.21,0.01,54.12,19783.35,1
2024-04-18,2024-04-18 12:46:00,363.21,363.23,363.21,363.23,0.01,54.12,19783.35,1
2024-04-18,2024-04-18 12:47:00,363.23,363.25,363.23,363.25,0.01,54.12,19783.35,1
2024-04-18,2024-04-18 12:48:00,363.25,363.27,363.25,363.27,0.01,54.12,19783.35,1
2024-04-18,2024-04-18 12:49:00,363.27,363.29,363.27,363.29,0.01,54.12,19783.35,1
2024-04-18,2024-04-18 12:50:00,363.29,363.31,363.29,363.31,0.01,54.12,19783.35,1
2024-04-18,2024-04-18 12:51:00,363.31,363.33,363.31,363.33,0.01,54.12,19783.35,1
2024-04-18,2024-04-18 12:52:00,363.33,363.35,363.33,363.35,0.01,54.12,19783.35,1
2024-04-18,2024-04-18 12:53:00,363.35,363.38,363.35,363.38,0.01,54.12,19783.35,1
2024-04-18,2024-04-18 12:54:00,363.38,363.4,363.38,363.4,0.01,54.12,19783.35,1
2024-04-18,2024-04-18 12:55:00,363.4,363.42,363.4,363.42,0.01,54.12,19783.35,1
2024-04-18,2024-04-18 12:56:00,363.42,363.44,363.42,363.44,0.01,54.12,19783.35,1
2024-04-18,2024-04-18 12:57:00,363.44,363.46,363.44,363.46,0.01,54.12,19783.35,1
2024-04-18,2024-04-18 12:58:00,363.46,363.48,363.46,363.48,0.01,54.12,19783.35,1
2024-04-18,2024-04-18 12:59:00,363.48,363.5,363.48,363.5,0.01,54.12,19783.35,1
2024-04-18,2024-04-18 13:00:00,363.5,370.0,361.0,363.52,0.01,54.12,19783.35,1
2024-04-18,2024-04-18 13:01:00,363.52,363.54,363.52,363.54,0.01,54.12,19783.35,1
2024-04-18,2024-04-18 13:02:00,363.54,363.56,363.54,363.56,0.01,54.12,19783.35,1
2024-04-18,2024-04-18 13:03:00,363.56,363.58,363.56,363.58,0.01,54.12,19783.35,1
2024-04-18,2024-04-18 13:04:00,363.58,363.6,363.58,363.6,0.01,54.12,19783.35,1
2024-04-18,2024-04-18 13:05:00,363.6,363.62,363.6,363.62,0.01,54.12,19783.35,1
2024-04-18,2024-04-18 13:06:00,363.62,363.65,363.62,363.65,0.01,54.12,19783.35,1
2024-04-18,2024-04-18 13:07:00,363.65,363.67,363.65,363.67,0.01,54.12,19783.35,1
2024-04-18,2024-04-18 13:08:00,363.67,363.69,363.67,363.69,0.01,54.12,19783.35,1
2024-04-18,2024-04-18 13:09:00,363.69,363.71,363.69,363.71,0.01,54.12,19783.35,1
2024-04-18,2024-04-18 13:10:00,363.71,363.73,363.71,363.73,0.01,54.12,19783.35,1
2024-04-18,2024-04-18 13:11:00,363.73,363.75,363.73,363.75,0.01,54.12,19783.35,1
2024-04-18,2024-04-18 13:12:00,363.75,363.77,363.75,363.77,0.01,54.12,19783.35,1
2024-04-18,2024-04-18 13:13:00,363.77,363.79,363.77,363.79,0.01,54.12,19783.35,1
2024-04-18,2024-04-18 13:14:00,363.79,363.81,363.79,363.81,0.01,54.12,19783.35,1
2024-04-18,2024-04-18 13:15:00,363.81,363.83,363.81,363.83,0.01,54.12,19783.35,1
2024-04-18,2024-04-18 13:16:00,363.83,363.85,363.83,363.85,0.01,54.12,19783.35,1
2024-04-18,2024-04-18 13:17:00,363.85,363.88,363.85,363.88,0.01,54.12,19783.35,1
2024-04-18,2024-04-18 13:18:00,363.88,363.9,363.88,363.9,0.01,54.12,19783.35,1
2024-04-18,2024-04-18 13:19:00,363.9,363.92,363.9,363.92,0.01,54.12,19783.35,1
2024-04-18,2024-04-18 13:20:00,363.92,363.94,363.92,363.94,0.01,54.12,19783.35,1
2024-04-18,2024-04-18 13:21:00,363.94,363.96,363.94,363.96,0.01,54.12,19783.35,1
2024-04-18,2024-04-18 13:22:00,363.96,363.98,363.96,363.98,0.01,54.12,19783.35,1
2024-04-18,2024-04-18 13:23:00,363.98,364.0,363.98,364.0,0.01,54.12,19783.35,1
2024-04-18,2024-04-18 13:24:00,364.0,364.02,364.0,364.02,0.01,54.12,19783.35,1
2024-04-18,2024-04-18 13:25:00,364.02,364.04,364.02,364.04,0.01,54.12,19783.35,1
2024-04-18,2024-04-18 13:26:00,364.04,364.06,364.04,364.06,0.01,54.12,19783.35,1
2024-04-18,2024-04-18 13:27:00,364.06,364.08,364.06,364.08,0.01,54.12,19783.35,1
2024-04-18,2024-04-18 13:28:00,364.08,364.1,364.08,364.1,0.01,54.12,19783.35,1
2024-04-18,2024-04-18 13:29:00,364.1,364.12,364.1,364.12,0.01,54.12,19783.35,1
2024-04-18,2024-04-18 13:30:00,364.12,364.15,364.12,364.15,0.01,54.12,19783.35,1
2024-04-18,2024-04-18 13:31:00,364.15,364.17,364.15,364.17,0.01,54.12,19783.35,1
2024-04-18,2024-04-18 13:32:00,364.17,364.19,364.17,364.19,0.01,54.12,19783.35,1
2024-04-18,2024-04-18 13:33:00,364.19,364.21,364.19,364.21,0.01,54.12,19783.35,1
2024-04-18,2024-04-18 13:34:00,364.21,364.23,364.21,364.23,0.01,54.12,19783.35,1
2024-04-18,2024-04-18 13:35:00,364.23,364.25,364.23,364.25,0.01,54.12,19783.35,1
2024-04-18,2024-04-18 13:36:00,364.25,364.27,364.25,364.27,0.01,54.12,19783.35,1
2024-04-18,2024-04-18 13:37:00,364.27,364.29,364.27,364.29,0.01,54.12,19783.35,1
2024-04-18,2024-04-18 13:38:00,364.29,364.31,364.29,364.31,0.01,54.12,19783.35,1
2024-04-18,2024-04-18 13:39:00,364.31,364.33,364.31,364.33,0.01,54.12,19783.35,1
2024-04-18,2024-04-18 13:40:00,364.33,364.35,364.33,364.35,0.01,54.12,19783.35,1
2024-04-18,2024-04-18 13:41:00,364.35,364.38,364.35,364.38,0.01,54.12,19783.35,1
2024-04-18,2024-04-18 13:42:00,364.38,364.4,364.38,364.4,0.01,54.12,19783.35,1
2024-04-18,2024-04-18 13:43:00,364.4,364.42,364.4,364.42,0.01,54.12,19783.35,1
2024-04-18,2024-04-18 13:44:00,364.42,364.44,364.42,364.44,0.01,54.12,19783.35,1
2024-04-18,2024-04-18 13:45:00,364.44,364.46,364.44,364.46,0.01,54.12,19783.35,1
2024-04-18,2024-04-18 13:46:00,364.46,364.48,364.46,364.48,0.01,54.12,19783.35,1
2024-04-18,2024-04-18 13:47:00,364.48,364.5,364.48,364.5,0.01,54.12,19783.35,1
2024-04-18,2024-04-18 13:48:00,364.5,364.52,364.5,364.52,0.01,54.12,19783.35,1
2024-04-18,2024-04-18 13:49:00,364.52,364.54,364.52,364.54,0.01,54.12,19783.35,1
2024-04-18,2024-04-18 13:50:00,364.54,364.56,364.54,364.56,0.01,54.12,19783.35,1
2024-04-18,2024-04-18 13:51:00,364.56,364.58,364.56,364.58,0.01,54.12,19783.35,1
2024-04-18,2024-04-18 13:52:00,364.58,364.6,364.58,364.6,0.01,54.12,19783.35,1
2024-04-18,2024-04-18 13:53:00,364.6,364.62,364.6,364.62,0.01,54.12,19783.35,1
2024-04-18,2024-04-18 13:54:00,364.62,364.65,364.62,364.65,0.01,54.12,19783.35,1
2024-04-18,2024-04-18 13:55:00,364.65,364.67,364.65,364.67,0.01,54.12,19783.35,1
2024-04-18,2024-04-18 13:56:00,364.67,364.69,364.67,364.69,0.01,54.12,19783.35,1
2024-04-18,2024-04-18 13:57:00,364.69,364.71,364.69,364.71,0.01,54.12,19783.35,1
2024-04-18,2024-04-18 13:58:00,364.71,364.73,364.71,364.73,0.01,54.12,19783.35,1
2024-04-18,2024-04-18 13:59:00,364.73,364.75,364.73,364.75,0.01,54.12,19783.35,1
2024-04-18,2024-04-18 14:00:00,364.75,364.77,364.75,364.77,0.01,54.12,19783.35,1
2024-04-18,2024-04-18 14:01:00,364.77,364.79,364.77,364.79,0.01,54.12,19783.35,1
2024-04-18,2024-04-18 14:02:00,364.79,364.81,364.79,364.81,0.01,54.12,19783.35,1
2024-04-18,2024-04-18 14:03:00,364.81,364.83,364.81,364.83,0.01,54.12,19783.35,1
2024-04-18,2024-04-18 14:04:00,364.83,364.85,364.83,364.85,0.01,54.12,19783.35,1
2024-04-18,2024-04-18 14:05:00,364.85,364.88,364.85,364.88,0.01,54.12,19783.35,1
2024-04-18,2024-04-18 14:06:00,364.88,364.9,364.88,364.9,0.01,54.12,19783.35,1
2024-04-18,2024-04-18 14:07:00,364.9,364.92,364.9,364.92,0.01,54.12,19783.35,1
2024-04-18,2024-04-18 14:08:00,364.92,364.94,364.92,364.94,0.01,54.12,19783.35,1
2024-04-18,2024-04-18 14:09:00,364.94,364.96,364.94,364.96,0.01,54.12,19783.35,1
2024-04-18,2024-04-18 14:10:00,364.96,364.98,364.96,364.98,0.01,54.12,19783.35,1
2024-04-18,2024-04-18 14:11:00,364.98,365.0,364.98,365.0,0.01,54.12,19783.35,1
2024-04-18,2024-04-18 14:12:00,365.0,365.02,365.0,365.02,0.01,54.12,19783.35,1
2024-04-18,2024-04-18 14:13:00,365.02,365.04,365.02,365.04,0.01,54.12,19783.35,1
2024-04-18,2024-04-18 14:14:00,365.04,365.06,365.04,365.06,0.01,54.12,19783.35,1
2024-04-18,2024-04-18 14:15:00,365.06,365.08,365.06,365.08,0.01,54.12,19783.35,1
2024-04-18,2024-04-18 14:16:00,365.08,365.1,365.08,365.1,0.01,54.12,19783.35,1
2024-04-18,2024-04-18 14:17:00,365.1,365.12,365.1,365.12,0.01,54.12,19783.35,1
2024-04-18,2024-04-18 14:18:00,365.12,365.15,365.12,365.15,0.01,54.12,19783.35,1
2024-04-18,2024-04-18 14:19:00,365.15,365.17,365.15,365.17,0.01,54.12,19783.35,1
2024-04-18,2024-04-18 14:20:00,365.17,365.19,365.17,365.19,0.01,54.12,19783.35,1
2024-04-18,2024-04-18 14:21:00,365.19,365.21,365.19,365.21,0.01,54.12,19783.35,1
2024-04-18,2024-04-18 14:22:00,365.21,365.23,365.21,365.23,0.01,54.12,19783.35,1
2024-04-18,2024-04-18 14:23:00,365.23,365.25,365.23,365.25,0.01,54.12,19783.35,1
2024-04-18,2024-04-18 14:24:00,365.25,365.27,365.25,365.27,0.01,54.12,19783.35,1
2024-04-18,2024-04-18 14:25:00,365.27,365.29,365.27,365.29,0.01,54.12,19783.35,1
2024-04-18,2024-04-18 14:26:00,365.29,365.31,365.29,365.31,0.01,54.12,19783.35,1
2024-04-18,2024-04-18 14:27:00,365.31,365.33,365.31,365.33,0.01,54.12,19783.35,1
2024-04-18,2024-04-18 14:28:00,365.33,365.35,365.33,365.35,0.01,54.12,19783.35,1
2024-04-18,2024-04-18 14:29:00,365.35,365.38,365.35,365.38,0.01,54.12,19783.35,1
2024-04-18,2024-04-18 14:30:00,365.38,365.4,365.38,365.4,0.01,54.12,19783.35,1
2024-04-18,2024-04-18 14:31:00,365.4,365.42,365.4,365.42,0.01,54.12,19783.35,1
2024-04-18,2024-04-18 14:32:00,365.42,365.44,365.42,365.44,0.01,54.12,19783.35,1
2024-04-18,2024-04-18 14:33:00,365.44,365.46,365.44,365.46,0.01,54.12,19783.35,1
2024-04-18,2024-04-18 14:34:00,365.46,365.48,365.46,365.48,0.01,54.12,19783.35,1
2024-04-18,2024-04-18 14:35:00,365.48,365.5,365.48,365.5,0.01,54.12,19783.35,1
2024-04-18,2024-04-18 14:36:00,365.5,365.52,365.5,365.52,0.01,54.12,19783.35,1
2024-04-18,2024-04-18 14:37:00,365.52,365.54,365.52,365.54,0.01,54.12,19783.35,1
2024-04-18,2024-04-18 14:38:00,365.54,365.56,365.54,365.56,0.01,54.12,19783.35,1
2024-04-18,2024-04-18 14:39:00,365.56,365.58,365.56,365.58,0.01,54.12,19783.35,1
2024-04-18,2024-04-18 14:40:00,365.58,365.6,365.58,365.6,0.01,54.12,19783.35,1
2024-04-18,2024-04-18 14:41:00,365.6,365.62,365.6,365.62,0.01,54.12,19783.35,1
2024-04-18,2024-04-18 14:42:00,365.62,365.65,365.62,365.65,0.01,54.12,19783.35,1
2024-04-18,2024-04-18 14:43:00,365.65,365.67,365.65,365.67,0.01,54.12,19783.35,1
2024-04-18,2024-04-18 14:44:00,365.67,365.69,365.67,365.69,0.01,54.12,19783.35,1
2024-04-18,2024-04-18 14:45:00,365.69,365.71,365.69,365.71,0.01,54.12,19783.35,1
2024-04-18,2024-04-18 14:46:00,365.71,365.73,365.71,365.73,0.01,54.12,19783.35,1
2024-04-18,2024-04-18 14:47:00,365.73,365.75,365.73,365.75,0.01,54.12,19783.35,1
2024-04-18,2024-04-18 14:48:00,365.75,365.77,365.75,365.77,0.01,54.12,19783.35,1
2024-04-18,2024-04-18 14:49:00,365.77,365.79,365.77,365.79,0.01,54.12,19783.35,1
2024-04-18,2024-04-18 14:50:00,365.79,365.81,365.79,365.81,0.01,54.12,19783.35,1
2024-04-18,2024-04-18 14:51:00,365.81,365.83,365.81,365.83,0.01,54.12,19783.35,1
2024-04-18,2024-04-18 14:52:00,365.83,365.85,365.83,365.85,0.01,54.12,19783.35,1
2024-04-18,2024-04-18 14:53:00,365.85,365.88,365.85,365.88,0.01,54.12,19783.35,1
2024-04-18,2024-04-18 14:54:00,365.88,365.9,365.88,365.9,0.01,54.12,19783.35,1
2024-04-18,2024-04-18 14:55:00,365.9,365.92,365.9,365.92,0.01,54.12,19783.35,1
2024-04-18,2024-04-18 14:56:00,365.92,365.94,365.92,365.94,0.01,54.12,19783.35,1
2024-04-18,2024-04-18 14:57:00,365.94,365.96,365.94,365.96,0.01,54.12,19783.35,1
2024-04-18,2024-04-18 14:58:00,365.96,365.98,365.96,365.98,0.01,54.12,19783.35,1
2024-04-18,2024-04-18 14:59:00,365.98,366.0,365.98,366.0,0.01,54.12,19783.35,1
2024-04-18,2024-04-18 15:00:00,366.0,370.0,361.0,366.0,0.0,54.12,19783.35,0
2024-04-21,2024-04-21 11:00:00,366.0,368.4,364.5,366.03,0.01,50.86,18767.23,1
2024-04-21,2024-04-21 11:01:00,366.03,366.06,366.03,366.06,0.01,50.86,18767.23,1
2024-04-21,2024-04-21 11:02:00,366.06,366.09,366.06,366.09,0.01,50.86,18767.23,1
2024-04-21,2024-04-21 11:03:00,366.09,366.12,366.09,366.12,0.01,50.86,18767.23,1
2024-04-21,2024-04-21 11:04:00,366.12,366.14,366.12,366.14,0.01,50.86,18767.23,1
2024-04-21,2024-04-21 11:05:00,366.14,366.17,366.14,366.17,0.01,50.86,18767.23,1
2024-04-21,2024-04-21 11:06:00,366.17,366.2,366.17,366.2,0.01,50.86,18767.23,1
2024-04-21,2024-04-21 11:07:00,366.2,366.23,366.2,366.23,0.01,50.86,18767.23,1
2024-04-21,2024-04-21 11:08:00,366.23,366.26,366.23,366.26,0.01,50.86,18767.23,1
2024-04-21,2024-04-21 11:09:00,366.26,366.29,366.26,366.29,0.01,50.86,18767.23,1
2024-04-21,2024-04-21 11:10:00,366.29,366.32,366.29,366.32,0.01,50.86,18767.23,1
2024-04-21,2024-04-21 11:11:00,366.32,366.35,366.32,366.35,0.01,50.86,18767.23,1
2024-04-21,2024-04-21 11:12:00,366.35,366.37,366.35,366.37,0.01,50.86,18767.23,1
2024-04-21,2024-04-21 11:13:00,366.37,366.4,366.37,366.4,0.01,50.86,18767.23,1
2024-04-21,2024-04-21 11:14:00,366.4,366.43,366.4,366.43,0.01,50.86,18767.23,1
2024-04-21,2024-04-21 11:15:00,366.43,366.46,366.43,366.46,0.01,50.86,18767.23,1
2024-04-21,2024-04-21 11:16:00,366.46,366.49,366.46,366.49,0.01,50.86,18767.23,1
2024-04-21,2024-04-21 11:17:00,366.49,366.52,366.49,366.52,0.01,50.86,18767.23,1
2024-04-21,2024-04-21 11:18:00,366.52,366.55,366.52,366.55,0.01,50.86,18767.23,1
2024-04-21,2024-04-21 11:19:00,366.55,366.57,366.55,366.57,0.01,50.86,18767.23,1
2024-04-21,2024-04-21 11:20:00,366.57,366.6,366.57,366.6,0.01,50.86,18767.23,1
2024-04-21,2024-04-21 11:21:00,366.6,366.63,366.6,366.63,0.01,50.86,18767.23,1
2024-04-21,2024-04-21 11:22:00,366.63,366.66,366.63,366.66,0.01,50.86,18767.23,1
2024-04-21,2024-04-21 11:23:00,366.66,366.69,366.66,366.69,0.01,50.86,18767.23,1
2024-04-21,2024-04-21 11:24:00,366.69,366.72,366.69,366.72,0.01,50.86,18767.23,1
2024-04-21,2024-04-21 11:25:00,366.72,366.75,366.72,366.75,0.01,50.86,18767.23,1
2024-04-21,2024-04-21 11:26:00,366.75,366.78,366.75,366.78,0.01,50.86,18767.23,1
2024-04-21,2024-04-21 11:27:00,366.78,366.81,366.78,366.81,0.01,50.86,18767.23,1
2024-04-21,2024-04-21 11:28:00,366.81,366.83,366.81,366.83,0.01,50.86,18767.23,1
2024-04-21,2024-04-21 11:29:00,366.83,366.86,366.83,366.86,0.01,50.86,18767.23,1
2024-04-21,2024-04-21 11:30:00,366.86,366.89,366.86,366.89,0.01,50.86,18767.23,1
2024-04-21,2024-04-21 11:31:00,366.89,366.92,366.89,366.92,0.01,50.86,18767.23,1
2024-04-21,2024-04-21 11:32:00,366.92,366.95,366.92,366.95,0.01,50.86,18767.23,1
2024-04-21,2024-04-21 11:33:00,366.95,366.98,366.95,366.98,0.01,50.86,18767.23,1
2024-04-21,2024-04-21 11:34:00,366.98,367.01,366.98,367.01,0.01,50.86,18767.23,1
2024-04-21,2024-04-21 11:35:00,367.01,367.03,367.01,367.03,0.01,50.86,18767.23,1
2024-04-21,2024-04-21 11:36:00,367.03,367.06,367.03,367.06,0.01,50.86,18767.23,1
2024-04-21,2024-04-21 11:37:00,367.06,367.09,367.06,367.09,0.01,50.86,18767.23,1
2024-04-21,2024-04-21 11:38:00,367.09,367.12,367.09,367.12,0.01,50.86,18767.23,1
2024-04-21,2024-04-21 11:39:00,367.12,367.15,367.12,367.15,0.01,50.86,18767.23,1
2024-04-21,2024-04-21 11:40:00,367.15,367.18,367.15,367.18,0.01,50.86,18767.23,1
2024-04-21,2024-04-21 11:41:00,367.18,367.21,367.18,367.21,0.01,50.86,18767.23,1
2024-04-21,2024-04-21 11:42:00,367.21,367.24,367.21,367.24,0.01,50.86,18767.23,1
2024-04-21,2024-04-21 11:43:00,367.24,367.26,367.24,367.26,0.01,50.86,18767.23,1
2024-04-21,2024-04-21 11:44:00,367.26,367.29,367.26,367.29,0.01,50.86,18767.23,1
2024-04-21,2024-04-21 11:45:00,367.29,367.32,367.29,367.32,0.01,50.86,18767.23,1
2024-04-21,2024-04-21 11:46:00,367.32,367.35,367.32,367.35,0.01,50.86,18767.23,1
2024-04-21,2024-04-21 11:47:00,367.35,367.38,367.35,367.38,0.01,50.86,18767.23,1
2024-04-21,2024-04-21 11:48:00,367.38,367.41,367.38,367.41,0.01,50.86,18767.23,1
2024-04-21,2024-04-21 11:49:00,367.41,367.44,367.41,367.44,0.01,50.86,18767.23,1
2024-04-21,2024-04-21 11:50:00,367.44,367.47,367.44,367.47,0.01,50.86,18767.23,1
2024-04-21,2024-04-21 11:51:00,367.47,367.5,367.47,367.5,0.01,50.86,18767.23,1
2024-04-21,2024-04-21 11:52:00,367.5,367.52,367.5,367.52,0.01,50.86,18767.23,1
2024-04-21,2024-04-21 11:53:00,367.52,367.55,367.52,367.55,0.01,50.86,18767.23,1
2024-04-21,2024-04-21 11:54:00,367.55,367.58,367.55,367.58,0.01,50.86,18767.23,1
2024-04-21,2024-04-21 11:55:00,367.58,367.61,367.58,367.61,0.01,50.86,18767.23,1
2024-04-21,2024-04-21 11:56:00,367.61,367.64,367.61,367.64,0.01,50.86,18767.23,1
2024-04-21,2024-04-21 11:57:00,367.64,367.67,367.64,367.67,0.01,50.86,18767.23,1
2024-04-21,2024-04-21 11:58:00,367.67,367.7,367.67,367.7,0.01,50.86,18767.23,1
2024-04-21,2024-04-21 11:59:00,367.7,367.73,367.7,367.73,0.01,50.86,18767.23,1
2024-04-21,2024-04-21 12:00:00,367.73,367.75,367.73,367.75,0.01,50.86,18767.23,1
2024-04-21,2024-04-21 12:01:00,367.75,367.78,367.75,367.78,0.01,50.86,18767.23,1
2024-04-21,2024-04-21 12:02:00,367.78,367.81,367.78,367.81,0.01,50.86,18767.23,1
2024-04-21,2024-04-21 12:03:00,367.81,367.84,367.81,367.84,0.01,50.86,18767.23,1
2024-04-21,2024-04-21 12:04:00,367.84,367.87,367.84,367.87,0.01,50.86,18767.23,1
2024-04-21,2024-04-21 12:05:00,367.87,367.9,367.87,367.9,0.01,50.86,18767.23,1
2024-04-21,2024-04-21 12:06:00,367.9,367.93,367.9,367.93,0.01,50.86,18767.23,1
2024-04-21,2024-04-21 12:07:00,367.93,367.95,367.93,367.95,0.01,50.86,18767.23,1
2024-04-21,2024-04-21 12:08:00,367.95,367.98,367.95,367.98,0.01,50.86,18767.23,1
2024-04-21,2024-04-21 12:09:00,367.98,368.01,367.98,368.01,0.01,50.86,18767.23,1
2024-04-21,2024-04-21 12:10:00,368.01,368.04,368.01,368.04,0.01,50.86,18767.23,1
2024-04-21,2024-04-21 12:11:00,368.04,368.07,368.04,368.07,0.01,50.86,18767.23,1
2024-04-21,2024-04-21 12:12:00,368.07,368.1,368.07,368.1,0.01,50.86,18767.23,1
2024-04-21,2024-04-21 12:13:00,368.1,368.13,368.1,368.13,0.01,50.86,18767.23,1
2024-04-21,2024-04-21 12:14:00,368.13,368.16,368.13,368.16,0.01,50.86,18767.23,1
2024-04-21,2024-04-21 12:15:00,368.16,368.19,368.16,368.19,0.01,50.86,18767.23,1
2024-04-21,2024-04-21 12:16:00,368.19,368.21,368.19,368.21,0.01,50.86,18767.23,1
2024-04-21,2024-04-21 12:17:00,368.21,368.24,368.21,368.24,0.01,50.86,18767.23,1
2024-04-21,2024-04-21 12:18:00,368.24,368.27,368.24,368.27,0.01,50.86,18767.23,1
2024-04-21,2024-04-21 12:19:00,368.27,368.3,368.27,368.3,0.01,50.86,18767.23,1
2024-04-21,2024-04-21 12:20:00,368.3,368.33,368.3,368.33,0.01,50.86,18767.23,1
2024-04-21,2024-04-21 12:21:00,368.33,368.36,368.33,368.36,0.01,50.86,18767.23,1
2024-04-21,2024-04-21 12:22:00,368.36,368.39,368.36,368.39,0.01,50.86,18767.23,1
2024-04-21,2024-04-21 12:23:00,368.39,368.41,368.39,368.41,0.01,50.86,18767.23,1
2024-04-21,2024-04-21 12:24:00,368.41,368.44,368.41,368.44,0.01,50.86,18767.23,1
2024-04-21,2024-04-21 12:25:00,368.44,368.47,368.44,368.47,0.01,50.86,18767.23,1
2024-04-21,2024-04-21 12:26:00,368.47,368.5,368.47,368.5,0.01,50.86,18767.23,1
2024-04-21,2024-04-21 12:27:00,368.5,368.53,368.5,368.53,0.01,50.86,18767.23,1
2024-04-21,2024-04-21 12:28:00,368.53,368.56,368.53,368.56,0.01,50.86,18767.23,1
2024-04-21,2024-04-21 12:29:00,368.56,368.59,368.56,368.59,0.01,50.86,18767.23,1
2024-04-21,2024-04-21 12:30:00,368.59,368.62,368.59,368.62,0.01,50.86,18767.23,1
2024-04-21,2024-04-21 12:31:00,368.62,368.64,368.62,368.64,0.01,50.86,18767.23,1
2024-04-21,2024-04-21 12:32:00,368.64,368.67,368.64,368.67,0.01,50.86,18767.23,1
2024-04-21,2024-04-21 12:33:00,368.67,368.7,368.67,368.7,0.01,50.86,18767.23,1
2024-04-21,2024-04-21 12:34:00,368.7,368.73,368.7,368.73,0.01,50.86,18767.23,1
2024-04-21,2024-04-21 12:35:00,368.73,368.76,368.73,368.76,0.01,50.86,18767.23,1
2024-04-21,2024-04-21 12:36:00,368.76,368.79,368.76,368.79,0.01,50.86,18767.23,1
2024-04-21,2024-04-21 12:37:00,368.79,368.82,368.79,368.82,0.01,50.86,18767.23,1
2024-04-21,2024-04-21 12:38:00,368.82,368.85,368.82,368.85,0.01,50.86,18767.23,1
2024-04-21,2024-04-21 12:39:00,368.85,368.88,368.85,368.88,0.01,50.86,18767.23,1
2024-04-21,2024-04-21 12:40:00,368.88,368.9,368.88,368.9,0.01,50.86,18767.23,1
2024-04-21,2024-04-21 12:41:00,368.9,368.93,368.9,368.93,0.01,50.86,18767.23,1
2024-04-21,2024-04-21 12:42:00,368.93,368.96,368.93,368.96,0.01,50.86,18767.23,1
2024-04-21,2024-04-21 12:43:00,368.96,368.99,368.96,368.99,0.01,50.86,18767.23,1
2024-04-21,2024-04-21 12:44:00,368.99,369.02,368.99,369.02,0.01,50.86,18767.23,1
2024-04-21,2024-04-21 12:45:00,369.02,369.05,369.02,369.05,0.01,50.86,18767.23,1
2024-04-21,2024-04-21 12:46:00,369.05,369.08,369.05,369.08,0.01,50.86,18767.23,1
2024-04-21,2024-04-21 12:47:00,369.08,369.11,369.08,369.11,0.01,50.86,18767.23,1
2024-04-21,2024-04-21 12:48:00,369.11,369.13,369.11,369.13,0.01,50.86,18767.23,1
2024-04-21,2024-04-21 12:49:00,369.13,369.16,369.13,369.16,0.01,50.86,18767.23,1
2024-04-21,2024-04-21 12:50:00,369.16,369.19,369.16,369.19,0.01,50.86,18767.23,1
2024-04-21,2024-04-21 12:51:00,369.19,369.22,369.19,369.22,0.01,50.86,18767.23,1
2024-04-21,2024-04-21 12:52:00,369.22,369.25,369.22,369.25,0.01,50.86,18767.23,1
2024-04-21,2024-04-21 12:53:00,369.25,369.28,369.25,369.28,0.01,50.86,18767.23,1
2024-04-21,2024-04-21 12:54:00,369.28,369.31,369.28,369.31,0.01,50.86,18767.23,1
2024-04-21,2024-04-21 12:55:00,369.31,369.33,369.31,369.33,0.01,50.86,18767.23,1
2024-04-21,2024-04-21 12:56:00,369.33,369.36,369.33,369.36,0.01,50.86,18767.23,1
2024-04-21,2024-04-21 12:57:00,369.36,369.39,369.36,369.39,0.01,50.86,18767.23,1
2024-04-21,2024-04-21 12:58:00,369.39,369.42,369.39,369.42,0.01,50.86,18767.23,1
2024-04-21,2024-04-21 12:59:00,369.42,369.45,369.42,369.45,0.01,50.86,18767.23,1
2024-04-21,2024-04-21 13:00:00,369.45,374.0,361.0,369.48,0.01,50.86,18767.23,1
2024-04-21,2024-04-21 13:01:00,369.48,369.51,369.48,369.51,0.01,50.86,18767.23,1
2024-04-21,2024-04-21 13:02:00,369.51,369.54,369.51,369.54,0.01,50.86,18767.23,1
2024-04-21,2024-04-21 13:03:00,369.54,369.56,369.54,369.56,0.01,50.86,18767.23,1
2024-04-21,2024-04-21 13:04:00,369.56,369.59,369.56,369.59,0.01,50.86,18767.23,1
2024-04-21,2024-04-21 13:05:00,369.59,369.62,369.59,369.62,0.01,50.86,18767.23,1
2024-04-21,2024-04-21 13:06:00,369.62,369.65,369.62,369.65,0.01,50.86,18767.23,1
2024-04-21,2024-04-21 13:07:00,369.65,369.68,369.65,369.68,0.01,50.86,18767.23,1
2024-04-21,2024-04-21 13:08:00,369.68,369.71,369.68,369.71,0.01,50.86,18767.23,1
2024-04-21,2024-04-21 13:09:00,369.71,369.74,369.71,369.74,0.01,50.86,18767.23,1
2024-04-21,2024-04-21 13:10:00,369.74,369.77,369.74,369.77,0.01,50.86,18767.23,1
2024-04-21,2024-04-21 13:11:00,369.77,369.8,369.77,369.8,0.01,50.86,18767.23,1
2024-04-21,2024-04-21 13:12:00,369.8,369.82,369.8,369.82,0.01,50.86,18767.23,1
2024-04-21,2024-04-21 13:13:00,369.82,369.85,369.82,369.85,0.01,50.86,18767.23,1
2024-04-21,2024-04-21 13:14:00,369.85,369.88,369.85,369.88,0.01,50.86,18767.23,1
2024-04-21,2024-04-21 13:15:00,369.88,369.91,369.88,369.91,0.01,50.86,18767.23,1
2024-04-21,2024-04-21 13:16:00,369.91,369.94,369.91,369.94,0.01,50.86,18767.23,1
2024-04-21,2024-04-21 13:17:00,369.94,369.97,369.94,369.97,0.01,50.86,18767.23,1
2024-04-21,2024-04-21 13:18:00,369.97,370.0,369.97,370.0,0.01,50.86,18767.23,1
2024-04-21,2024-04-21 13:19:00,370.0,370.02,370.0,370.02,0.01,50.86,18767.23,1
2024-04-21,2024-04-21 13:20:00,370.02,370.05,370.02,370.05,0.01,50.86,18767.23,1
2024-04-21,2024-04-21 13:21:00,370.05,370.08,370.05,370.08,0.01,50.86,18767.23,1
2024-04-21,2024-04-21 13:22:00,370.08,370.11,370.08,370.11,0.01,50.86,18767.23,1
2024-04-21,2024-04-21 13:23:00,370.11,370.14,370.11,370.14,0.01,50.86,18767.23,1
2024-04-21,2024-04-21 13:24:00,370.14,370.17,370.14,370.17,0.01,50.86,18767.23,1
2024-04-21,2024-04-21 13:25:00,370.17,370.2,370.17,370.2,0.01,50.86,18767.23,1
2024-04-21,2024-04-21 13:26:00,370.2,370.23,370.2,370.23,0.01,50.86,18767.23,1
2024-04-21,2024-04-21 13:27:00,370.23,370.25,370.23,370.25,0.01,50.86,18767.23,1
2024-04-21,2024-04-21 13:28:00,370.25,370.28,370.25,370.28,0.01,50.86,18767.23,1
2024-04-21,2024-04-21 13:29:00,370.28,370.31,370.28,370.31,0.01,50.86,18767.23,1
2024-04-21,2024-04-21 13:30:00,370.31,370.34,370.31,370.34,0.01,50.86,18767.23,1
2024-04-21,2024-04-21 13:31:00,370.34,370.37,370.34,370.37,0.01,50.86,18767.23,1
2024-04-21,2024-04-21 13:32:00,370.37,370.4,370.37,370.4,0.01,50.86,18767.23,1
2024-04-21,2024-04-21 13:33:00,370.4,370.43,370.4,370.43,0.01,50.86,18767.23,1
2024-04-21,2024-04-21 13:34:00,370.43,370.46,370.43,370.46,0.01,50.86,18767.23,1
2024-04-21,2024-04-21 13:35:00,370.46,370.49,370.46,370.49,0.01,50.86,18767.23,1
2024-04-21,2024-04-21 13:36:00,370.49,370.51,370.49,370.51,0.01,50.86,18767.23,1
2024-04-21,2024-04-21 13:37:00,370.51,370.54,370.51,370.54,0.01,50.86,18767.23,1
2024-04-21,2024-04-21 13:38:00,370.54,370.57,370.54,370.57,0.01,50.86,18767.23,1
2024-04-21,2024-04-21 13:39:00,370.57,370.6,370.57,370.6,0.01,50.86,18767.23,1
2024-04-21,2024-04-21 13:40:00,370.6,370.63,370.6,370.63,0.01,50.86,18767.23,1
2024-04-21,2024-04-21 13:41:00,370.63,370.66,370.63,370.66,0.01,50.86,18767.23,1
2024-04-21,2024-04-21 13:42:00,370.66,370.69,370.66,370.69,0.01,50.86,18767.23,1
2024-04-21,2024-04-21 13:43:00,370.69,370.71,370.69,370.71,0.01,50.86,18767.23,1
2024-04-21,2024-04-21 13:44:00,370.71,370.74,370.71,370.74,0.01,50.86,18767.23,1
2024-04-21,2024-04-21 13:45:00,370.74,370.77,370.74,370.77,0.01,50.86,18767.23,1
2024-04-21,2024-04-21 13:46:00,370.77,370.8,370.77,370.8,0.01,50.86,18767.23,1
2024-04-21,2024-04-21 13:47:00,370.8,370.83,370.8,370.83,0.01,50.86,18767.23,1
2024-04-21,2024-04-21 13:48:00,370.83,370.86,370.83,370.86,0.01,50.86,18767.23,1
2024-04-21,2024-04-21 13:49:00,370.86,370.89,370.86,370.89,0.01,50.86,18767.23,1
2024-04-21,2024-04-21 13:50:00,370.89,370.92,370.89,370.92,0.01,50.86,18767.23,1
2024-04-21,2024-04-21 13:51:00,370.92,370.94,370.92,370.94,0.01,50.86,18767.23,1
2024-04-21,2024-04-21 13:52:00,370.94,370.97,370.94,370.97,0.01,50.86,18767.23,1
2024-04-21,2024-04-21 13:53:00,370.97,371.0,370.97,371.0,0.01,50.86,18767.23,1
2024-04-21,2024-04-21 13:54:00,371.0,371.03,371.0,371.03,0.01,50.86,18767.23,1
2024-04-21,2024-04-21 13:55:00,371.03,371.06,371.03,371.06,0.01,50.86,18767.23,1
2024-04-21,2024-04-21 13:56:00,371.06,371.09,371.06,371.09,0.01,50.86,18767.23,1
2024-04-21,2024-04-21 13:57:00,371.09,371.12,371.09,371.12,0.01,50.86,18767.23,1
2024-04-21,2024-04-21 13:58:00,371.12,371.15,371.12,371.15,0.01,50.86,18767.23,1
2024-04-21,2024-04-21 13:59:00,371.15,371.17,371.15,371.17,0.01,50.86,18767.23,1
2024-04-21,2024-04-21 14:00:00,371.17,371.2,371.17,371.2,0.01,50.86,18767.23,1
2024-04-21,2024-04-21 14:01:00,371.2,371.23,371.2,371.23,0.01,50.86,18767.23,1
2024-04-21,2024-04-21 14:02:00,371.23,371.26,371.23,371.26,0.01,50.86,18767.23,1
2024-04-21,2024-04-21 14:03:00,371.26,371.29,371.26,371.29,0.01,50.86,18767.23,1
2024-04-21,2024-04-21 14:04:00,371.29,371.32,371.29,371.32,0.01,50.86,18767.23,1
2024-04-21,2024-04-21 14:05:00,371.32,371.35,371.32,371.35,0.01,50.86,18767.23,1
2024-04-21,2024-04-21 14:06:00,371.35,371.38,371.35,371.38,0.01,50.86,18767.23,1
2024-04-21,2024-04-21 14:07:00,371.38,371.4,371.38,371.4,0.01,50.86,18767.23,1
2024-04-21,2024-04-21 14:08:00,371.4,371.43,371.4,371.43,0.01,50.86,18767.23,1
2024-04-21,2024-04-21 14:09:00,371.43,371.46,371.43,371.46,0.01,50.86,18767.23,1
2024-04-21,2024-04-21 14:10:00,371.46,371.49,371.46,371.49,0.01,50.86,18767.23,1
2024-04-21,2024-04-21 14:11:00,371.49,371.52,371.49,371.52,0.01,50.86,18767.23,1
2024-04-21,2024-04-21 14:12:00,371.52,371.55,371.52,371.55,0.01,50.86,18767.23,1
2024-04-21,2024-04-21 14:13:00,371.55,371.58,371.55,371.58,0.01,50.86,18767.23,1
2024-04-21,2024-04-21 14:14:00,371.58,371.61,371.58,371.61,0.01,50.86,18767.23,1
2024-04-21,2024-04-21 14:15:00,371.61,371.63,371.61,371.63,0.01,50.86,18767.23,1
2024-04-21,2024-04-21 14:16:00,371.63,371.66,371.63,371.66,0.01,50.86,18767.23,1
2024-04-21,2024-04-21 14:17:00,371.66,371.69,371.66,371.69,0.01,50.86,18767.23,1
2024-04-21,2024-04-21 14:18:00,371.69,371.72,371.69,371.72,0.01,50.86,18767.23,1
2024-04-21,2024-04-21 14:19:00,371.72,371.75,371.72,371.75,0.01,50.86,18767.23,1
2024-04-21,2024-04-21 14:20:00,371.75,371.78,371.75,371.78,0.01,50.86,18767.23,1
2024-04-21,2024-04-21 14:21:00,371.78,371.81,371.78,371.81,0.01,50.86,18767.23,1
2024-04-21,2024-04-21 14:22:00,371.81,371.84,371.81,371.84,0.01,50.86,18767.23,1
2024-04-21,2024-04-21 14:23:00,371.84,371.87,371.84,371.87,0.01,50.86,18767.23,1
2024-04-21,2024-04-21 14:24:00,371.87,371.89,371.87,371.89,0.01,50.86,18767.23,1
2024-04-21,2024-04-21 14:25:00,371.89,371.92,371.89,371.92,0.01,50.86,18767.23,1
2024-04-21,2024-04-21 14:26:00,371.92,371.95,371.92,371.95,0.01,50.86,18767.23,1
2024-04-21,2024-04-21 14:27:00,371.95,371.98,371.95,371.98,0.01,50.86,18767.23,1
2024-04-21,2024-04-21 14:28:00,371.98,372.01,371.98,372.01,0.01,50.86,18767.23,1
2024-04-21,2024-04-21 14:29:00,372.01,372.04,372.01,372.04,0.01,50.86,18767.23,1
2024-04-21,2024-04-21 14:30:00,372.04,372.07,372.04,372.07,0.01,50.86,18767.23,1
2024-04-21,2024-04-21 14:31:00,372.07,372.09,372.07,372.09,0.01,50.86,18767.23,1
2024-04-21,2024-04-21 14:32:00,372.09,372.12,372.09,372.12,0.01,50.86,18767.23,1
2024-04-21,2024-04-21 14:33:00,372.12,372.15,372.12,372.15,0.01,50.86,18767.23,1
2024-04-21,2024-04-21 14:34:00,372.15,372.18,372.15,372.18,0.01,50.86,18767.23,1
2024-04-21,2024-04-21 14:35:00,372.18,372.21,372.18,372.21,0.01,50.86,18767.23,1
2024-04-21,2024-04-21 14:36:00,372.21,372.24,372.21,372.24,0.01,50.86,18767.23,1
2024-04-21,2024-04-21 14:37:00,372.24,372.27,372.24,372.27,0.01,50.86,18767.23,1
2024-04-21,2024-04-21 14:38:00,372.27,372.3,372.27,372.3,0.01,50.86,18767.23,1
2024-04-21,2024-04-21 14:39:00,372.3,372.32,372.3,372.32,0.01,50.86,18767.23,1
2024-04-21,2024-04-21 14:40:00,372.32,372.35,372.32,372.35,0.01,50.86,18767.23,1
2024-04-21,2024-04-21 14:41:00,372.35,372.38,372.35,372.38,0.01,50.86,18767.23,1
2024-04-21,2024-04-21 14:42:00,372.38,372.41,372.38,372.41,0.01,50.86,18767.23,1
2024-04-21,2024-04-21 14:43:00,372.41,372.44,372.41,372.44,0.01,50.86,18767.23,1
2024-04-21,2024-04-21 14:44:00,372.44,372.47,372.44,372.47,0.01,50.86,18767.23,1
2024-04-21,2024-04-21 14:45:00,372.47,372.5,372.47,372.5,0.01,50.86,18767.23,1
2024-04-21,2024-04-21 14:46:00,372.5,372.53,372.5,372.53,0.01,50.86,18767.23,1
2024-04-21,2024-04-21 14:47:00,372.53,372.55,372.53,372.55,0.01,50.86,18767.23,1
2024-04-21,2024-04-21 14:48:00,372.55,372.58,372.55,372.58,0.01,50.86,18767.23,1
2024-04-21,2024-04-21 14:49:00,372.58,372.61,372.58,372.61,0.01,50.86,18767.23,1
2024-04-21,2024-04-21 14:50:00,372.61,372.64,372.61,372.64,0.01,50.86,18767.23,1
2024-04-21,2024-04-21 14:51:00,372.64,372.67,372.64,372.67,0.01,50.86,18767.23,1
2024-04-21,2024-04-21 14:52:00,372.67,372.7,372.67,372.7,0.01,50.86,18767.23,1
2024-04-21,2024-04-21 14:53:00,372.7,372.73,372.7,372.73,0.01,50.86,18767.23,1
2024-04-21,2024-04-21 14:54:00,372.73,372.76,372.73,372.76,0.01,50.86,18767.23,1
2024-04-21,2024-04-21 14:55:00,372.76,372.78,372.76,372.78,0.01,50.86,18767.23,1
2024-04-21,2024-04-21 14:56:00,372.78,372.81,372.78,372.81,0.01,50.86,18767.23,1
2024-04-21,2024-04-21 14:57:00,372.81,372.84,372.81,372.84,0.01,50.86,18767.23,1
2024-04-21,2024-04-21 14:58:00,372.84,372.87,372.84,372.87,0.01,50.86,18767.23,1
2024-04-21,2024-04-21 14:59:00,372.87,372.9,372.87,372.9,0.01,50.86,18767.23,1
2024-04-21,2024-04-21 15:00:00,372.9,374.0,361.0,372.9,0.0,50.86,18767.23,0
2024-04-22,2024-04-22 11:00:00,379.9,379.9,374.83,379.84,-0.02,77.74,28822.03,-1
2024-04-22,2024-04-22 11:01:00,379.84,379.84,379.78,379.78,-0.02,77.74,28822.03,-1
2024-04-22,2024-04-22 11:02:00,379.78,379.78,379.71,379.71,-0.02,77.74,28822.03,-1
2024-04-22,2024-04-22 11:03:00,379.71,379.71,379.65,379.65,-0.02,77.74,28822.03,-1
2024-04-22,2024-04-22 11:04:00,379.65,379.65,379.59,379.59,-0.02,77.74,28822.03,-1
2024-04-22,2024-04-22 11:05:00,379.59,379.59,379.53,379.53,-0.02,77.74,28822.03,-1
2024-04-22,2024-04-22 11:06:00,379.53,379.53,379.47,379.47,-0.02,77.74,28822.03,-1
2024-04-22,2024-04-22 11:07:00,379.47,379.47,379.4,379.4,-0.02,77.74,28822.03,-1
2024-04-22,2024-04-22 11:08:00,379.4,379.4,379.34,379.34,-0.02,77.74,28822.03,-1
2024-04-22,2024-04-22 11:09:00,379.34,379.34,379.28,379.28,-0.02,77.74,28822.03,-1
2024-04-22,2024-04-22 11:10:00,379.28,379.28,379.22,379.22,-0.02,77.74,28822.03,-1
2024-04-22,2024-04-22 11:11:00,379.22,379.22,379.15,379.15,-0.02,77.74,28822.03,-1
2024-04-22,2024-04-22 11:12:00,379.15,379.15,379.09,379.09,-0.02,77.74,28822.03,-1
2024-04-22,2024-04-22 11:13:00,379.09,379.09,379.03,379.03,-0.02,77.74,28822.03,-1
2024-04-22,2024-04-22 11:14:00,379.03,379.03,378.97,378.97,-0.02,77.74,28822.03,-1
2024-04-22,2024-04-22 11:15:00,378.97,378.97,378.91,378.91,-0.02,77.74,28822.03,-1
2024-04-22,2024-04-22 11:16:00,378.91,378.91,378.84,378.84,-0.02,77.74,28822.03,-1
2024-04-22,2024-04-22 11:17:00,378.84,378.84,378.78,378.78,-0.02,77.74,28822.03,-1
2024-04-22,2024-04-22 11:18:00,378.78,378.78,378.72,378.72,-0.02,77.74,28822.03,-1
2024-04-22,2024-04-22 11:19:00,378.72,378.72,378.66,378.66,-0.02,77.74,28822.03,-1
2024-04-22,2024-04-22 11:20:00,378.66,378.66,378.6,378.6,-0.02,77.74,28822.03,-1
2024-04-22,2024-04-22 11:21:00,378.6,378.6,378.53,378.53,-0.02,77.74,28822.03,-1
2024-04-22,2024-04-22 11:22:00,378.53,378.53,378.47,378.47,-0.02,77.74,28822.03,-1
2024-04-22,2024-04-22 11:23:00,378.47,378.47,378.41,378.41,-0.02,77.74,28822.03,-1
2024-04-22,2024-04-22 11:24:00,378.41,378.41,378.35,378.35,-0.02,77.74,28822.03,-1
2024-04-22,2024-04-22 11:25:00,378.35,378.35,378.29,378.29,-0.02,77.74,28822.03,-1
2024-04-22,2024-04-22 11:26:00,378.29,378.29,378.22,378.22,-0.02,77.74,28822.03,-1
2024-04-22,2024-04-22 11:27:00,378.22,378.22,378.16,378.16,-0.02,77.74,28822.03,-1
2024-04-22,2024-04-22 11:28:00,378.16,378.16,378.1,378.1,-0.02,77.74,28822.03,-1
2024-04-22,2024-04-22 11:29:00,378.1,378.1,378.04,378.04,-0.02,77.74,28822.03,-1
2024-04-22,2024-04-22 11:30:00,378.04,378.04,377.98,377.98,-0.02,77.74,28822.03,-1
2024-04-22,2024-04-22 11:31:00,377.98,377.98,377.91,377.91,-0.02,77.74,28822.03,-1
2024-04-22,2024-04-22 11:32:00,377.91,377.91,377.85,377.85,-0.02,77.74,28822.03,-1
2024-04-22,2024-04-22 11:33:00,377.85,377.85,377.79,377.79,-0.02,77.74,28822.03,-1
2024-04-22,2024-04-22 11:34:00,377.79,377.79,377.73,377.73,-0.02,77.74,28822.03,-1
2024-04-22,2024-04-22 11:35:00,377.73,377.73,377.66,377.66,-0.02,77.74,28822.03,-1
2024-04-22,2024-04-22 11:36:00,377.66,377.66,377.6,377.6,-0.02,77.74,28822.03,-1
2024-04-22,2024-04-22 11:37:00,377.6,377.6,377.54,377.54,-0.02,77.74,28822.03,-1
2024-04-22,2024-04-22 11:38:00,377.54,377.54,377.48,377.48,-0.02,77.74,28822.03,-1
2024-04-22,2024-04-22 11:39:00,377.48,377.48,377.42,377.42,-0.02,77.74,28822.03,-1
2024-04-22,2024-04-22 11:40:00,377.42,377.42,377.35,377.35,-0.02,77.74,28822.03,-1
2024-04-22,2024-04-22 11:41:00,377.35,377.35,377.29,377.29,-0.02,77.74,28822.03,-1
2024-04-22,2024-04-22 11:42:00,377.29,377.29,377.23,377.23,-0.02,77.74,28822.03,-1
2024-04-22,2024-04-22 11:43:00,377.23,377.23,377.17,377.17,-0.02,77.74,28822.03,-1
2024-04-22,2024-04-22 11:44:00,377.17,377.17,377.11,377.11,-0.02,77.74,28822.03,-1
2024-04-22,2024-04-22 11:45:00,377.11,377.11,377.04,377.04,-0.02,77.74,28822.03,-1
2024-04-22,2024-04-22 11:46:00,377.04,377.04,376.98,376.98,-0.02,77.74,28822.03,-1
2024-04-22,2024-04-22 11:47:00,376.98,376.98,376.92,376.92,-0.02,77.74,28822.03,-1
2024-04-22,2024-04-22 11:48:00,376.92,376.92,376.86,376.86,-0.02,77.74,28822.03,-1
2024-04-22,2024-04-22 11:49:00,376.86,376.86,376.8,376.8,-0.02,77.74,28822.03,-1
2024-04-22,2024-04-22 11:50:00,376.8,376.8,376.73,376.73,-0.02,77.74,28822.03,-1
2024-04-22,2024-04-22 11:51:00,376.73,376.73,376.67,376.67,-0.02,77.74,28822.03,-1
2024-04-22,2024-04-22 11:52:00,376.67,376.67,376.61,376.61,-0.02,77.74,28822.03,-1
2024-04-22,2024-04-22 11:53:00,376.61,376.61,376.55,376.55,-0.02,77.74,28822.03,-1
2024-04-22,2024-04-22 11:54:00,376.55,376.55,376.49,376.49,-0.02,77.74,28822.03,-1
2024-04-22,2024-04-22 11:55:00,376.49,376.49,376.42,376.42,-0.02,77.74,28822.03,-1
2024-04-22,2024-04-22 11:56:00,376.42,376.42,376.36,376.36,-0.02,77.74,28822.03,-1
2024-04-22,2024-04-22 11:57:00,376.36,376.36,376.3,376.3,-0.02,77.74,28822.03,-1
2024-04-22,2024-04-22 11:58:00,376.3,376.3,376.24,376.24,-0.02,77.74,28822.03,-1
2024-04-22,2024-04-22 11:59:00,376.24,376.24,376.17,376.17,-0.02,77.74,28822.03,-1
2024-04-22,2024-04-22 12:00:00,376.17,376.17,376.11,376.11,-0.02,77.74,28822.03,-1
2024-04-22,2024-04-22 12:01:00,376.11,376.11,376.05,376.05,-0.02,77.74,28822.03,-1
2024-04-22,2024-04-22 12:02:00,376.05,376.05,375.99,375.99,-0.02,77.74,28822.03,-1
2024-04-22,2024-04-22 12:03:00,375.99,375.99,375.93,375.93,-0.02,77.74,28822.03,-1
2024-04-22,2024-04-22 12:04:00,375.93,375.93,375.86,375.86,-0.02,77.74,28822.03,-1
2024-04-22,2024-04-22 12:05:00,375.86,375.86,375.8,375.8,-0.02,77.74,28822.03,-1
2024-04-22,2024-04-22 12:06:00,375.8,375.8,375.74,375.74,-0.02,77.74,28822.03,-1
2024-04-22,2024-04-22 12:07:00,375.74,375.74,375.68,375.68,-0.02,77.74,28822.03,-1
2024-04-22,2024-04-22 12:08:00,375.68,375.68,375.62,375.62,-0.02,77.74,28822.03,-1
2024-04-22,2024-04-22 12:09:00,375.62,375.62,375.55,375.55,-0.02,77.74,28822.03,-1
2024-04-22,2024-04-22 12:10:00,375.55,375.55,375.49,375.49,-0.02,77.74,28822.03,-1
2024-04-22,2024-04-22 12:11:00,375.49,375.49,375.43,375.43,-0.02,77.74,28822.03,-1
2024-04-22,2024-04-22 12:12:00,375.43,375.43,375.37,375.37,-0.02,77.74,28822.03,-1
2024-04-22,2024-04-22 12:13:00,375.37,375.37,375.31,375.31,-0.02,77.74,28822.03,-1
2024-04-22,2024-04-22 12:14:00,375.31,375.31,375.24,375.24,-0.02,77.74,28822.03,-1
2024-04-22,2024-04-22 12:15:00,375.24,375.24,375.18,375.18,-0.02,77.74,28822.03,-1
2024-04-22,2024-04-22 12:16:00,375.18,375.18,375.12,375.12,-0.02,77.74,28822.03,-1
2024-04-22,2024-04-22 12:17:00,375.12,375.12,375.06,375.06,-0.02,77.74,28822.03,-1
2024-04-22,2024-04-22 12:18:00,375.06,375.06,375.0,375.0,-0.02,77.74,28822.03,-1
2024-04-22,2024-04-22 12:19:00,375.0,375.0,374.93,374.93,-0.02,77.74,28822.03,-1
2024-04-22,2024-04-22 12:20:00,374.93,374.93,374.87,374.87,-0.02,77.74,28822.03,-1
2024-04-22,2024-04-22 12:21:00,374.87,374.87,374.81,374.81,-0.02,77.74,28822.03,-1
2024-04-22,2024-04-22 12:22:00,374.81,374.81,374.75,374.75,-0.02,77.74,28822.03,-1
2024-04-22,2024-04-22 12:23:00,374.75,374.75,374.69,374.69,-0.02,77.74,28822.03,-1
2024-04-22,2024-04-22 12:24:00,374.69,374.69,374.62,374.62,-0.02,77.74,28822.03,-1
2024-04-22,2024-04-22 12:25:00,374.62,374.62,374.56,374.56,-0.02,77.74,28822.03,-1
2024-04-22,2024-04-22 12:26:00,374.56,374.56,374.5,374.5,-0.02,77.74,28822.03,-1
2024-04-22,2024-04-22 12:27:00,374.5,374.5,374.44,374.44,-0.02,77.74,28822.03,-1
2024-04-22,2024-04-22 12:28:00,374.44,374.44,374.37,374.37,-0.02,77.74,28822.03,-1
2024-04-22,2024-04-22 12:29:00,374.37,374.37,374.31,374.31,-0.02,77.74,28822.03,-1
2024-04-22,2024-04-22 12:30:00,374.31,374.31,374.25,374.25,-0.02,77.74,28822.03,-1
2024-04-22,2024-04-22 12:31:00,374.25,374.25,374.19,374.19,-0.02,77.74,28822.03,-1
2024-04-22,2024-04-22 12:32:00,374.19,374.19,374.13,374.13,-0.02,77.74,28822.03,-1
2024-04-22,2024-04-22 12:33:00,374.13,374.13,374.06,374.06,-0.02,77.74,28822.03,-1
2024-04-22,2024-04-22 12:34:00,374.06,374.06,374.0,374.0,-0.02,77.74,28822.03,-1
2024-04-22,2024-04-22 12:35:00,374.0,374.0,373.94,373.94,-0.02,77.74,28822.03,-1
2024-04-22,2024-04-22 12:36:00,373.94,373.94,373.88,373.88,-0.02,77.74,28822.03,-1
2024-04-22,2024-04-22 12:37:00,373.88,373.88,373.82,373.82,-0.02,77.74,28822.03,-1
2024-04-22,2024-04-22 12:38:00,373.82,373.82,373.75,373.75,-0.02,77.74,28822.03,-1
2024-04-22,2024-04-22 12:39:00,373.75,373.75,373.69,373.69,-0.02,77.74,28822.03,-1
2024-04-22,2024-04-22 12:40:00,373.69,373.69,373.63,373.63,-0.02,77.74,28822.03,-1
2024-04-22,2024-04-22 12:41:00,373.63,373.63,373.57,373.57,-0.02,77.74,28822.03,-1
2024-04-22,2024-04-22 12:42:00,373.57,373.57,373.51,373.51,-0.02,77.74,28822.03,-1
2024-04-22,2024-04-22 12:43:00,373.51,373.51,373.44,373.44,-0.02,77.74,28822.03,-1
2024-04-22,2024-04-22 12:44:00,373.44,373.44,373.38,373.38,-0.02,77.74,28822.03,-1
2024-04-22,2024-04-22 12:45:00,373.38,373.38,373.32,373.32,-0.02,77.74,28822.03,-1
2024-04-22,2024-04-22 12:46:00,373.32,373.32,373.26,373.26,-0.02,77.74,28822.03,-1
2024-04-22,2024-04-22 12:47:00,373.26,373.26,373.19,373.19,-0.02,77.74,28822.03,-1
2024-04-22,2024-04-22 12:48:00,373.19,373.19,373.13,373.13,-0.02,77.74,28822.03,-1
2024-04-22,2024-04-22 12:49:00,373.13,373.13,373.07,373.07,-0.02,77.74,28822.03,-1
2024-04-22,2024-04-22 12:50:00,373.07,373.07,373.01,373.01,-0.02,77.74,28822.03,-1
2024-04-22,2024-04-22 12:51:00,373.01,373.01,372.95,372.95,-0.02,77.74,28822.03,-1
2024-04-22,2024-04-22 12:52:00,372.95,372.95,372.88,372.88,-0.02,77.74,28822.03,-1
2024-04-22,2024-04-22 12:53:00,372.88,372.88,372.82,372.82,-0.02,77.74,28822.03,-1
2024-04-22,2024-04-22 12:54:00,372.82,372.82,372.76,372.76,-0.02,77.74,28822.03,-1
2024-04-22,2024-04-22 12:55:00,372.76,372.76,372.7,372.7,-0.02,77.74,28822.03,-1
2024-04-22,2024-04-22 12:56:00,372.7,372.7,372.64,372.64,-0.02,77.74,28822.03,-1
2024-04-22,2024-04-22 12:57:00,372.64,372.64,372.57,372.57,-0.02,77.74,28822.03,-1
2024-04-22,2024-04-22 12:58:00,372.57,372.57,372.51,372.51,-0.02,77.74,28822.03,-1
2024-04-22,2024-04-22 12:59:00,372.51,372.51,372.45,372.45,-0.02,77.74,28822.03,-1
2024-04-22,2024-04-22 13:00:00,372.45,379.9,363.0,372.39,-0.02,77.74,28822.03,-1
2024-04-22,2024-04-22 13:01:00,372.39,372.39,372.33,372.33,-0.02,77.74,28822.03,-1
2024-04-22,2024-04-22 13:02:00,372.33,372.33,372.26,372.26,-0.02,77.74,28822.03,-1
2024-04-22,2024-04-22 13:03:00,372.26,372.26,372.2,372.2,-0.02,77.74,28822.03,-1
2024-04-22,2024-04-22 13:04:00,372.2,372.2,372.14,372.14,-0.02,77.74,28822.03,-1
2024-04-22,2024-04-22 13:05:00,372.14,372.14,372.08,372.08,-0.02,77.74,28822.03,-1
2024-04-22,2024-04-22 13:06:00,372.08,372.08,372.02,372.02,-0.02,77.74,28822.03,-1
2024-04-22,2024-04-22 13:07:00,372.02,372.02,371.95,371.95,-0.02,77.74,28822.03,-1
2024-04-22,2024-04-22 13:08:00,371.95,371.95,371.89,371.89,-0.02,77.74,28822.03,-1
2024-04-22,2024-04-22 13:09:00,371.89,371.89,371.83,371.83,-0.02,77.74,28822.03,-1
2024-04-22,2024-04-22 13:10:00,371.83,371.83,371.77,371.77,-0.02,77.74,28822.03,-1
2024-04-22,2024-04-22 13:11:00,371.77,371.77,371.7,371.7,-0.02,77.74,28822.03,-1
2024-04-22,2024-04-22 13:12:00,371.7,371.7,371.64,371.64,-0.02,77.74,28822.03,-1
2024-04-22,2024-04-22 13:13:00,371.64,371.64,371.58,371.58,-0.02,77.74,28822.03,-1
2024-04-22,2024-04-22 13:14:00,371.58,371.58,371.52,371.52,-0.02,77.74,28822.03,-1
2024-04-22,2024-04-22 13:15:00,371.52,371.52,371.46,371.46,-0.02,77.74,28822.03,-1
2024-04-22,2024-04-22 13:16:00,371.46,371.46,371.39,371.39,-0.02,77.74,28822.03,-1
2024-04-22,2024-04-22 13:17:00,371.39,371.39,371.33,371.33,-0.02,77.74,28822.03,-1
2024-04-22,2024-04-22 13:18:00,371.33,371.33,371.27,371.27,-0.02,77.74,28822.03,-1
2024-04-22,2024-04-22 13:19:00,371.27,371.27,371.21,371.21,-0.02,77.74,28822.03,-1
2024-04-22,2024-04-22 13:20:00,371.21,371.21,371.15,371.15,-0.02,77.74,28822.03,-1
2024-04-22,2024-04-22 13:21:00,371.15,371.15,371.08,371.08,-0.02,77.74,28822.03,-1
2024-04-22,2024-04-22 13:22:00,371.08,371.08,371.02,371.02,-0.02,77.74,28822.03,-1
2024-04-22,2024-04-22 13:23:00,371.02,371.02,370.96,370.96,-0.02,77.74,28822.03,-1
2024-04-22,2024-04-22 13:24:00,370.96,370.96,370.9,370.9,-0.02,77.74,28822.03,-1
2024-04-22,2024-04-22 13:25:00,370.9,370.9,370.84,370.84,-0.02,77.74,28822.03,-1
2024-04-22,2024-04-22 13:26:00,370.84,370.84,370.77,370.77,-0.02,77.74,28822.03,-1
2024-04-22,2024-04-22 13:27:00,370.77,370.77,370.71,370.71,-0.02,77.74,28822.03,-1
2024-04-22,2024-04-22 13:28:00,370.71,370.71,370.65,370.65,-0.02,77.74,28822.03,-1
2024-04-22,2024-04-22 13:29:00,370.65,370.65,370.59,370.59,-0.02,77.74,28822.03,-1
2024-04-22,2024-04-22 13:30:00,370.59,370.59,370.53,370.53,-0.02,77.74,28822.03,-1
2024-04-22,2024-04-22 13:31:00,370.53,370.53,370.46,370.46,-0.02,77.74,28822.03,-1
2024-04-22,2024-04-22 13:32:00,370.46,370.46,370.4,370.4,-0.02,77.74,28822.03,-1
2024-04-22,2024-04-22 13:33:00,370.4,370.4,370.34,370.34,-0.02,77.74,28822.03,-1
2024-04-22,2024-04-22 13:34:00,370.34,370.34,370.28,370.28,-0.02,77.74,28822.03,-1
2024-04-22,2024-04-22 13:35:00,370.28,370.28,370.21,370.21,-0.02,77.74,28822.03,-1
2024-04-22,2024-04-22 13:36:00,370.21,370.21,370.15,370.15,-0.02,77.74,28822.03,-1
2024-04-22,2024-04-22 13:37:00,370.15,370.15,370.09,370.09,-0.02,77.74,28822.03,-1
2024-04-22,2024-04-22 13:38:00,370.09,370.09,370.03,370.03,-0.02,77.74,28822.03,-1
2024-04-22,2024-04-22 13:39:00,370.03,370.03,369.97,369.97,-0.02,77.74,28822.03,-1
2024-04-22,2024-04-22 13:40:00,369.97,369.97,369.9,369.9,-0.02,77.74,28822.03,-1
2024-04-22,2024-04-22 13:41:00,369.9,369.9,369.84,369.84,-0.02,77.74,28822.03,-1
2024-04-22,2024-04-22 13:42:00,369.84,369.84,369.78,369.78,-0.02,77.74,28822.03,-1
2024-04-22,2024-04-22 13:43:00,369.78,369.78,369.72,369.72,-0.02,77.74,28822.03,-1
2024-04-22,2024-04-22 13:44:00,369.72,369.72,369.66,369.66,-0.02,77.74,28822.03,-1
2024-04-22,2024-04-22 13:45:00,369.66,369.66,369.59,369.59,-0.02,77.74,28822.03,-1
2024-04-22,2024-04-22 13:46:00,369.59,369.59,369.53,369.53,-0.02,77.74,28822.03,-1
2024-04-22,2024-04-22 13:47:00,369.53,369.53,369.47,369.47,-0.02,77.74,28822.03,-1
2024-04-22,2024-04-22 13:48:00,369.47,369.47,369.41,369.41,-0.02,77.74,28822.03,-1
2024-04-22,2024-04-22 13:49:00,369.41,369.41,369.35,369.35,-0.02,77.74,28822.03,-1
2024-04-22,2024-04-22 13:50:00,369.35,369.35,369.28,369.28,-0.02,77.74,28822.03,-1
2024-04-22,2024-04-22 13:51:00,369.28,369.28,369.22,369.22,-0.02,77.74,28822.03,-1
2024-04-22,2024-04-22 13:52:00,369.22,369.22,369.16,369.16,-0.02,77.74,28822.03,-1
2024-04-22,2024-04-22 13:53:00,369.16,369.16,369.1,369.1,-0.02,77.74,28822.03,-1
2024-04-22,2024-04-22 13:54:00,369.1,369.1,369.04,369.04,-0.02,77.74,28822.03,-1
2024-04-22,2024-04-22 13:55:00,369.04,369.04,368.97,368.97,-0.02,77.74,28822.03,-1
2024-04-22,2024-04-22 13:56:00,368.97,368.97,368.91,368.91,-0.02,77.74,28822.03,-1
2024-04-22,2024-04-22 13:57:00,368.91,368.91,368.85,368.85,-0.02,77.74,28822.03,-1
2024-04-22,2024-04-22 13:58:00,368.85,368.85,368.79,368.79,-0.02,77.74,28822.03,-1
2024-04-22,2024-04-22 13:59:00,368.79,368.79,368.73,368.73,-0.02,77.74,28822.03,-1
2024-04-22,2024-04-22 14:00:00,368.73,368.73,368.66,368.66,-0.02,77.74,28822.03,-1
2024-04-22,2024-04-22 14:01:00,368.66,368.66,368.6,368.6,-0.02,77.74,28822.03,-1
2024-04-22,2024-04-22 14:02:00,368.6,368.6,368.54,368.54,-0.02,77.74,28822.03,-1
2024-04-22,2024-04-22 14:03:00,368.54,368.54,368.48,368.48,-0.02,77.74,28822.03,-1
2024-04-22,2024-04-22 14:04:00,368.48,368.48,368.41,368.41,-0.02,77.74,28822.03,-1
2024-04-22,2024-04-22 14:05:00,368.41,368.41,368.35,368.35,-0.02,77.74,28822.03,-1
2024-04-22,2024-04-22 14:06:00,368.35,368.35,368.29,368.29,-0.02,77.74,28822.03,-1
2024-04-22,2024-04-22 14:07:00,368.29,368.29,368.23,368.23,-0.02,77.74,28822.03,-1
2024-04-22,2024-04-22 14:08:00,368.23,368.23,368.17,368.17,-0.02,77.74,28822.03,-1
2024-04-22,2024-04-22 14:09:00,368.17,368.17,368.1,368.1,-0.02,77.74,28822.03,-1
2024-04-22,2024-04-22 14:10:00,368.1,368.1,368.04,368.04,-0.02,77.74,28822.03,-1
2024-04-22,2024-04-22 14:11:00,368.04,368.04,367.98,367.98,-0.02,77.74,28822.03,-1
2024-04-22,2024-04-22 14:12:00,367.98,367.98,367.92,367.92,-0.02,77.74,28822.03,-1
2024-04-22,2024-04-22 14:13:00,367.92,367.92,367.86,367.86,-0.02,77.74,28822.03,-1
2024-04-22,2024-04-22 14:14:00,367.86,367.86,367.79,367.79,-0.02,77.74,28822.03,-1
2024-04-22,2024-04-22 14:15:00,367.79,367.79,367.73,367.73,-0.02,77.74,28822.03,-1
2024-04-22,2024-04-22 14:16:00,367.73,367.73,367.67,367.67,-0.02,77.74,28822.03,-1
2024-04-22,2024-04-22 14:17:00,367.67,367.67,367.61,367.61,-0.02,77.74,28822.03,-1
2024-04-22,2024-04-22 14:18:00,367.61,367.61,367.55,367.55,-0.02,77.74,28822.03,-1
2024-04-22,2024-04-22 14:19:00,367.55,367.55,367.48,367.48,-0.02,77.74,28822.03,-1
2024-04-22,2024-04-22 14:20:00,367.48,367.48,367.42,367.42,-0.02,77.74,28822.03,-1
2024-04-22,2024-04-22 14:21:00,367.42,367.42,367.36,367.36,-0.02,77.74,28822.03,-1
2024-04-22,2024-04-22 14:22:00,367.36,367.36,367.3,367.3,-0.02,77.74,28822.03,-1
2024-04-22,2024-04-22 14:23:00,367.3,367.3,367.24,367.24,-0.02,77.74,28822.03,-1
2024-04-22,2024-04-22 14:24:00,367.24,367.24,367.17,367.17,-0.02,77.74,28822.03,-1
2024-04-22,2024-04-22 14:25:00,367.17,367.17,367.11,367.11,-0.02,77.74,28822.03,-1
2024-04-22,2024-04-22 14:26:00,367.11,367.11,367.05,367.05,-0.02,77.74,28822.03,-1
2024-04-22,2024-04-22 14:27:00,367.05,367.05,366.99,366.99,-0.02,77.74,28822.03,-1
2024-04-22,2024-04-22 14:28:00,366.99,366.99,366.92,366.92,-0.02,77.74,28822.03,-1
2024-04-22,2024-04-22 14:29:00,366.92,366.92,366.86,366.86,-0.02,77.74,28822.03,-1
2024-04-22,2024-04-22 14:30:00,366.86,366.86,366.8,366.8,-0.02,77.74,28822.03,-1
2024-04-22,2024-04-22 14:31:00,366.8,366.8,366.74,366.74,-0.02,77.74,28822.03,-1
2024-04-22,2024-04-22 14:32:00,366.74,366.74,366.68,366.68,-0.02,77.74,28822.03,-1
2024-04-22,2024-04-22 14:33:00,366.68,366.68,366.61,366.61,-0.02,77.74,28822.03,-1
2024-04-22,2024-04-22 14:34:00,366.61,366.61,366.55,366.55,-0.02,77.74,28822.03,-1
2024-04-22,2024-04-22 14:35:00,366.55,366.55,366.49,366.49,-0.02,77.74,28822.03,-1
2024-04-22,2024-04-22 14:36:00,366.49,366.49,366.43,366.43,-0.02,77.74,28822.03,-1
2024-04-22,2024-04-22 14:37:00,366.43,366.43,366.37,366.37,-0.02,77.74,28822.03,-1
2024-04-22,2024-04-22 14:38:00,366.37,366.37,366.3,366.3,-0.02,77.74,28822.03,-1
2024-04-22,2024-04-22 14:39:00,366.3,366.3,366.24,366.24,-0.02,77.74,28822.03,-1
2024-04-22,2024-04-22 14:40:00,366.24,366.24,366.18,366.18,-0.02,77.74,28822.03,-1
2024-04-22,2024-04-22 14:41:00,366.18,366.18,366.12,366.12,-0.02,77.74,28822.03,-1
2024-04-22,2024-04-22 14:42:00,366.12,366.12,366.06,366.06,-0.02,77.74,28822.03,-1
2024-04-22,2024-04-22 14:43:00,366.06,366.06,365.99,365.99,-0.02,77.74,28822.03,-1
2024-04-22,2024-04-22 14:44:00,365.99,365.99,365.93,365.93,-0.02,77.74,28822.03,-1
2024-04-22,2024-04-22 14:45:00,365.93,365.93,365.87,365.87,-0.02,77.74,28822.03,-1
2024-04-22,2024-04-22 14:46:00,365.87,365.87,365.81,365.81,-0.02,77.74,28822.03,-1
2024-04-22,2024-04-22 14:47:00,365.81,365.81,365.75,365.75,-0.02,77.74,28822.03,-1
2024-04-22,2024-04-22 14:48:00,365.75,365.75,365.68,365.68,-0.02,77.74,28822.03,-1
2024-04-22,2024-04-22 14:49:00,365.68,365.68,365.62,365.62,-0.02,77.74,28822.03,-1
2024-04-22,2024-04-22 14:50:00,365.62,365.62,365.56,365.56,-0.02,77.74,28822.03,-1
2024-04-22,2024-04-22 14:51:00,365.56,365.56,365.5,365.5,-0.02,77.74,28822.03,-1
2024-04-22,2024-04-22 14:52:00,365.5,365.5,365.43,365.43,-0.02,77.74,28822.03,-1
2024-04-22,2024-04-22 14:53:00,365.43,365.43,365.37,365.37,-0.02,77.74,28822.03,-1
2024-04-22,2024-04-22 14:54:00,365.37,365.37,365.31,365.31,-0.02,77.74,28822.03,-1
2024-04-22,2024-04-22 14:55:00,365.31,365.31,365.25,365.25,-0.02,77.74,28822.03,-1
2024-04-22,2024-04-22 14:56:00,365.25,365.25,365.19,365.19,-0.02,77.74,28822.03,-1
2024-04-22,2024-04-22 14:57:00,365.19,365.19,365.12,365.12,-0.02,77.74,28822.03,-1
2024-04-22,2024-04-22 14:58:00,365.12,365.12,365.06,365.06,-0.02,77.74,28822.03,-1
2024-04-22,2024-04-22 14:59:00,365.06,365.06,365.0,365.0,-0.02,77.74,28822.03,-1
2024-04-22,2024-04-22 15:00:00,365.0,379.9,363.0,365.0,0.0,77.74,28822.03,0
2024-04-24,2024-04-24 11:00:00,358.1,362.27,358.1,358.16,0.02,18.37,6742.47,1
2024-04-24,2024-04-24 11:01:00,358.16,358.21,358.16,358.21,0.01,18.37,6742.47,1
2024-04-24,2024-04-24 11:02:00,358.21,358.27,358.21,358.27,0.02,18.37,6742.47,1
2024-04-24,2024-04-24 11:03:00,358.27,358.33,358.27,358.33,0.02,18.37,6742.47,1
2024-04-24,2024-04-24 11:04:00,358.33,358.39,358.33,358.39,0.02,18.37,6742.47,1
2024-04-24,2024-04-24 11:05:00,358.39,358.44,358.39,358.44,0.01,18.37,6742.47,1
2024-04-24,2024-04-24 11:06:00,358.44,358.5,358.44,358.5,0.02,18.37,6742.47,1
2024-04-24,2024-04-24 11:07:00,358.5,358.56,358.5,358.56,0.02,18.37,6742.47,1
2024-04-24,2024-04-24 11:08:00,358.56,358.61,358.56,358.61,0.01,18.37,6742.47,1
2024-04-24,2024-04-24 11:09:00,358.61,358.67,358.61,358.67,0.02,18.37,6742.47,1
2024-04-24,2024-04-24 11:10:00,358.67,358.73,358.67,358.73,0.02,18.37,6742.47,1
2024-04-24,2024-04-24 11:11:00,358.73,358.79,358.73,358.79,0.02,18.37,6742.47,1
2024-04-24,2024-04-24 11:12:00,358.79,358.84,358.79,358.84,0.01,18.37,6742.47,1
2024-04-24,2024-04-24 11:13:00,358.84,358.9,358.84,358.9,0.02,18.37,6742.47,1
2024-04-24,2024-04-24 11:14:00,358.9,358.96,358.9,358.96,0.02,18.37,6742.47,1
2024-04-24,2024-04-24 11:15:00,358.96,359.01,358.96,359.01,0.01,18.37,6742.47,1
2024-04-24,2024-04-24 11:16:00,359.01,359.07,359.01,359.07,0.02,18.37,6742.47,1
2024-04-24,2024-04-24 11:17:00,359.07,359.13,359.07,359.13,0.02,18.37,6742.47,1
2024-04-24,2024-04-24 11:18:00,359.13,359.18,359.13,359.18,0.01,18.37,6742.47,1
2024-04-24,2024-04-24 11:19:00,359.18,359.24,359.18,359.24,0.02,18.37,6742.47,1
2024-04-24,2024-04-24 11:20:00,359.24,359.3,359.24,359.3,0.02,18.37,6742.47,1
2024-04-24,2024-04-24 11:21:00,359.3,359.36,359.3,359.36,0.02,18.37,6742.47,1
2024-04-24,2024-04-24 11:22:00,359.36,359.41,359.36,359.41,0.01,18.37,6742.47,1
2024-04-24,2024-04-24 11:23:00,359.41,359.47,359.41,359.47,0.02,18.37,6742.47,1
2024-04-24,2024-04-24 11:24:00,359.47,359.53,359.47,359.53,0.02,18.37,6742.47,1
2024-04-24,2024-04-24 11:25:00,359.53,359.58,359.53,359.58,0.01,18.37,6742.47,1
2024-04-24,2024-04-24 11:26:00,359.58,359.64,359.58,359.64,0.02,18.37,6742.47,1
2024-04-24,2024-04-24 11:27:00,359.64,359.7,359.64,359.7,0.02,18.37,6742.47,1
2024-04-24,2024-04-24 11:28:00,359.7,359.76,359.7,359.76,0.02,18.37,6742.47,1
2024-04-24,2024-04-24 11:29:00,359.76,359.81,359.76,359.81,0.01,18.37,6742.47,1
2024-04-24,2024-04-24 11:30:00,359.81,359.87,359.81,359.87,0.02,18.37,6742.47,1
2024-04-24,2024-04-24 11:31:00,359.87,359.93,359.87,359.93,0.02,18.37,6742.47,1
2024-04-24,2024-04-24 11:32:00,359.93,359.98,359.93,359.98,0.01,18.37,6742.47,1
2024-04-24,2024-04-24 11:33:00,359.98,360.04,359.98,360.04,0.02,18.37,6742.47,1
2024-04-24,2024-04-24 11:34:00,360.04,360.1,360.04,360.1,0.02,18.37,6742.47,1
2024-04-24,2024-04-24 11:35:00,360.1,360.16,360.1,360.16,0.02,18.37,6742.47,1
2024-04-24,2024-04-24 11:36:00,360.16,360.21,360.16,360.21,0.01,18.37,6742.47,1
2024-04-24,2024-04-24 11:37:00,360.21,360.27,360.21,360.27,0.02,18.37,6742.47,1
2024-04-24,2024-04-24 11:38:00,360.27,360.33,360.27,360.33,0.02,18.37,6742.47,1
2024-04-24,2024-04-24 11:39:00,360.33,360.38,360.33,360.38,0.01,18.37,6742.47,1
2024-04-24,2024-04-24 11:40:00,360.38,360.44,360.38,360.44,0.02,18.37,6742.47,1
2024-04-24,2024-04-24 11:41:00,360.44,360.5,360.44,360.5,0.02,18.37,6742.47,1
2024-04-24,2024-04-24 11:42:00,360.5,360.55,360.5,360.55,0.01,18.37,6742.47,1
2024-04-24,2024-04-24 11:43:00,360.55,360.61,360.55,360.61,0.02,18.37,6742.47,1
2024-04-24,2024-04-24 11:44:00,360.61,360.67,360.61,360.67,0.02,18.37,6742.47,1
2024-04-24,2024-04-24 11:45:00,360.67,360.73,360.67,360.73,0.02,18.37,6742.47,1
2024-04-24,2024-04-24 11:46:00,360.73,360.78,360.73,360.78,0.01,18.37,6742.47,1
2024-04-24,2024-04-24 11:47:00,360.78,360.84,360.78,360.84,0.02,18.37,6742.47,1
2024-04-24,2024-04-24 11:48:00,360.84,360.9,360.84,360.9,0.02,18.37,6742.47,1
2024-04-24,2024-04-24 11:49:00,360.9,360.95,360.9,360.95,0.01,18.37,6742.47,1
2024-04-24,2024-04-24 11:50:00,360.95,361.01,360.95,361.01,0.02,18.37,6742.47,1
2024-04-24,2024-04-24 11:51:00,361.01,361.07,361.01,361.07,0.02,18.37,6742.47,1
2024-04-24,2024-04-24 11:52:00,361.07,361.13,361.07,361.13,0.02,18.37,6742.47,1
2024-04-24,2024-04-24 11:53:00,361.13,361.18,361.13,361.18,0.01,18.37,6742.47,1
2024-04-24,2024-04-24 11:54:00,361.18,361.24,361.18,361.24,0.02,18.37,6742.47,1
2024-04-24,2024-04-24 11:55:00,361.24,361.3,361.24,361.3,0.02,18.37,6742.47,1
2024-04-24,2024-04-24 11:56:00,361.3,361.35,361.3,361.35,0.01,18.37,6742.47,1
2024-04-24,2024-04-24 11:57:00,361.35,361.41,361.35,361.41,0.02,18.37,6742.47,1
2024-04-24,2024-04-24 11:58:00,361.41,361.47,361.41,361.47,0.02,18.37,6742.47,1
2024-04-24,2024-04-24 11:59:00,361.47,361.53,361.47,361.53,0.02,18.37,6742.47,1
2024-04-24,2024-04-24 12:00:00,361.53,361.58,361.53,361.58,0.01,18.37,6742.47,1
2024-04-24,2024-04-24 12:01:00,361.58,361.64,361.58,361.64,0.02,18.37,6742.47,1
2024-04-24,2024-04-24 12:02:00,361.64,361.7,361.64,361.7,0.02,18.37,6742.47,1
2024-04-24,2024-04-24 12:03:00,361.7,361.75,361.7,361.75,0.01,18.37,6742.47,1
2024-04-24,2024-04-24 12:04:00,361.75,361.81,361.75,361.81,0.02,18.37,6742.47,1
2024-04-24,2024-04-24 12:05:00,361.81,361.87,361.81,361.87,0.02,18.37,6742.47,1
2024-04-24,2024-04-24 12:06:00,361.87,361.92,361.87,361.92,0.01,18.37,6742.47,1
2024-04-24,2024-04-24 12:07:00,361.92,361.98,361.92,361.98,0.02,18.37,6742.47,1
2024-04-24,2024-04-24 12:08:00,361.98,362.04,361.98,362.04,0.02,18.37,6742.47,1
2024-04-24,2024-04-24 12:09:00,362.04,362.1,362.04,362.1,0.02,18.37,6742.47,1
2024-04-24,2024-04-24 12:10:00,362.1,362.15,362.1,362.15,0.01,18.37,6742.47,1
2024-04-24,2024-04-24 12:11:00,362.15,362.21,362.15,362.21,0.02,18.37,6742.47,1
2024-04-24,2024-04-24 12:12:00,362.21,362.27,362.21,362.27,0.02,18.37,6742.47,1
2024-04-24,2024-04-24 12:13:00,362.27,362.32,362.27,362.32,0.01,18.37,6742.47,1
2024-04-24,2024-04-24 12:14:00,362.32,362.38,362.32,362.38,0.02,18.37,6742.47,1
2024-04-24,2024-04-24 12:15:00,362.38,362.44,362.38,362.44,0.02,18.37,6742.47,1
2024-04-24,2024-04-24 12:16:00,362.44,362.5,362.44,362.5,0.02,18.37,6742.47,1
2024-04-24,2024-04-24 12:17:00,362.5,362.55,362.5,362.55,0.01,18.37,6742.47,1
2024-04-24,2024-04-24 12:18:00,362.55,362.61,362.55,362.61,0.02,18.37,6742.47,1
2024-04-24,2024-04-24 12:19:00,362.61,362.67,362.61,362.67,0.02,18.37,6742.47,1
2024-04-24,2024-04-24 12:20:00,362.67,362.72,362.67,362.72,0.01,18.37,6742.47,1
2024-04-24,2024-04-24 12:21:00,362.72,362.78,362.72,362.78,0.02,18.37,6742.47,1
2024-04-24,2024-04-24 12:22:00,362.78,362.84,362.78,362.84,0.02,18.37,6742.47,1
2024-04-24,2024-04-24 12:23:00,362.84,362.9,362.84,362.9,0.02,18.37,6742.47,1
2024-04-24,2024-04-24 12:24:00,362.9,362.95,362.9,362.95,0.01,18.37,6742.47,1
2024-04-24,2024-04-24 12:25:00,362.95,363.01,362.95,363.01,0.02,18.37,6742.47,1
2024-04-24,2024-04-24 12:26:00,363.01,363.07,363.01,363.07,0.02,18.37,6742.47,1
2024-04-24,2024-04-24 12:27:00,363.07,363.12,363.07,363.12,0.01,18.37,6742.47,1
2024-04-24,2024-04-24 12:28:00,363.12,363.18,363.12,363.18,0.02,18.37,6742.47,1
2024-04-24,2024-04-24 12:29:00,363.18,363.24,363.18,363.24,0.02,18.37,6742.47,1
2024-04-24,2024-04-24 12:30:00,363.24,363.29,363.24,363.29,0.01,18.37,6742.47,1
2024-04-24,2024-04-24 12:31:00,363.29,363.35,363.29,363.35,0.02,18.37,6742.47,1
2024-04-24,2024-04-24 12:32:00,363.35,363.41,363.35,363.41,0.02,18.37,6742.47,1
2024-04-24,2024-04-24 12:33:00,363.41,363.47,363.41,363.47,0.02,18.37,6742.47,1
2024-04-24,2024-04-24 12:34:00,363.47,363.52,363.47,363.52,0.01,18.37,6742.47,1
2024-04-24,2024-04-24 12:35:00,363.52,363.58,363.52,363.58,0.02,18.37,6742.47,1
2024-04-24,2024-04-24 12:36:00,363.58,363.64,363.58,363.64,0.02,18.37,6742.47,1
2024-04-24,2024-04-24 12:37:00,363.64,363.69,363.64,363.69,0.01,18.37,6742.47,1
2024-04-24,2024-04-24 12:38:00,363.69,363.75,363.69,363.75,0.02,18.37,6742.47,1
2024-04-24,2024-04-24 12:39:00,363.75,363.81,363.75,363.81,0.02,18.37,6742.47,1
2024-04-24,2024-04-24 12:40:00,363.81,363.87,363.81,363.87,0.02,18.37,6742.47,1
2024-04-24,2024-04-24 12:41:00,363.87,363.92,363.87,363.92,0.01,18.37,6742.47,1
2024-04-24,2024-04-24 12:42:00,363.92,363.98,363.92,363.98,0.02,18.37,6742.47,1
2024-04-24,2024-04-24 12:43:00,363.98,364.04,363.98,364.04,0.02,18.37,6742.47,1
2024-04-24,2024-04-24 12:44:00,364.04,364.09,364.04,364.09,0.01,18.37,6742.47,1
2024-04-24,2024-04-24 12:45:00,364.09,364.15,364.09,364.15,0.02,18.37,6742.47,1
2024-04-24,2024-04-24 12:46:00,364.15,364.21,364.15,364.21,0.02,18.37,6742.47,1
2024-04-24,2024-04-24 12:47:00,364.21,364.27,364.21,364.27,0.02,18.37,6742.47,1
2024-04-24,2024-04-24 12:48:00,364.27,364.32,364.27,364.32,0.01,18.37,6742.47,1
2024-04-24,2024-04-24 12:49:00,364.32,364.38,364.32,364.38,0.02,18.37,6742.47,1
2024-04-24,2024-04-24 12:50:00,364.38,364.44,364.38,364.44,0.02,18.37,6742.47,1
2024-04-24,2024-04-24 12:51:00,364.44,364.49,364.44,364.49,0.01,18.37,6742.47,1
2024-04-24,2024-04-24 12:52:00,364.49,364.55,364.49,364.55,0.02,18.37,6742.47,1
2024-04-24,2024-04-24 12:53:00,364.55,364.61,364.55,364.61,0.02,18.37,6742.47,1
2024-04-24,2024-04-24 12:54:00,364.61,364.66,364.61,364.66,0.01,18.37,6742.47,1
2024-04-24,2024-04-24 12:55:00,364.66,364.72,364.66,364.72,0.02,18.37,6742.47,1
2024-04-24,2024-04-24 12:56:00,364.72,364.78,364.72,364.78,0.02,18.37,6742.47,1
2024-04-24,2024-04-24 12:57:00,364.78,364.84,364.78,364.84,0.02,18.37,6742.47,1
2024-04-24,2024-04-24 12:58:00,364.84,364.89,364.84,364.89,0.01,18.37,6742.47,1
2024-04-24,2024-04-24 12:59:00,364.89,364.95,364.89,364.95,0.02,18.37,6742.47,1
2024-04-24,2024-04-24 13:00:00,364.95,372.0,358.1,365.01,0.02,18.37,6742.47,1
2024-04-24,2024-04-24 13:01:00,365.01,365.06,365.01,365.06,0.01,18.37,6742.47,1
2024-04-24,2024-04-24 13:02:00,365.06,365.12,365.06,365.12,0.02,18.37,6742.47,1
2024-04-24,2024-04-24 13:03:00,365.12,365.18,365.12,365.18,0.02,18.37,6742.47,1
2024-04-24,2024-04-24 13:04:00,365.18,365.24,365.18,365.24,0.02,18.37,6742.47,1
2024-04-24,2024-04-24 13:05:00,365.24,365.29,365.24,365.29,0.01,18.37,6742.47,1
2024-04-24,2024-04-24 13:06:00,365.29,365.35,365.29,365.35,0.02,18.37,6742.47,1
2024-04-24,2024-04-24 13:07:00,365.35,365.41,365.35,365.41,0.02,18.37,6742.47,1
2024-04-24,2024-04-24 13:08:00,365.41,365.46,365.41,365.46,0.01,18.37,6742.47,1
2024-04-24,2024-04-24 13:09:00,365.46,365.52,365.46,365.52,0.02,18.37,6742.47,1
2024-04-24,2024-04-24 13:10:00,365.52,365.58,365.52,365.58,0.02,18.37,6742.47,1
2024-04-24,2024-04-24 13:11:00,365.58,365.63,365.58,365.63,0.01,18.37,6742.47,1
2024-04-24,2024-04-24 13:12:00,365.63,365.69,365.63,365.69,0.02,18.37,6742.47,1
2024-04-24,2024-04-24 13:13:00,365.69,365.75,365.69,365.75,0.02,18.37,6742.47,1
2024-04-24,2024-04-24 13:14:00,365.75,365.81,365.75,365.81,0.02,18.37,6742.47,1
2024-04-24,2024-04-24 13:15:00,365.81,365.86,365.81,365.86,0.01,18.37,6742.47,1
2024-04-24,2024-04-24 13:16:00,365.86,365.92,365.86,365.92,0.02,18.37,6742.47,1
2024-04-24,2024-04-24 13:17:00,365.92,365.98,365.92,365.98,0.02,18.37,6742.47,1
2024-04-24,2024-04-24 13:18:00,365.98,366.03,365.98,366.03,0.01,18.37,6742.47,1
2024-04-24,2024-04-24 13:19:00,366.03,366.09,366.03,366.09,0.02,18.37,6742.47,1
2024-04-24,2024-04-24 13:20:00,366.09,366.15,366.09,366.15,0.02,18.37,6742.47,1
2024-04-24,2024-04-24 13:21:00,366.15,366.21,366.15,366.21,0.02,18.37,6742.47,1
2024-04-24,2024-04-24 13:22:00,366.21,366.26,366.21,366.26,0.01,18.37,6742.47,1
2024-04-24,2024-04-24 13:23:00,366.26,366.32,366.26,366.32,0.02,18.37,6742.47,1
2024-04-24,2024-04-24 13:24:00,366.32,366.38,366.32,366.38,0.02,18.37,6742.47,1
2024-04-24,2024-04-24 13:25:00,366.38,366.43,366.38,366.43,0.01,18.37,6742.47,1
2024-04-24,2024-04-24 13:26:00,366.43,366.49,366.43,366.49,0.02,18.37,6742.47,1
2024-04-24,2024-04-24 13:27:00,366.49,366.55,366.49,366.55,0.02,18.37,6742.47,1
2024-04-24,2024-04-24 13:28:00,366.55,366.61,366.55,366.61,0.02,18.37,6742.47,1
2024-04-24,2024-04-24 13:29:00,366.61,366.66,366.61,366.66,0.01,18.37,6742.47,1
2024-04-24,2024-04-24 13:30:00,366.66,366.72,366.66,366.72,0.02,18.37,6742.47,1
2024-04-24,2024-04-24 13:31:00,366.72,366.78,366.72,366.78,0.02,18.37,6742.47,1
2024-04-24,2024-04-24 13:32:00,366.78,366.83,366.78,366.83,0.01,18.37,6742.47,1
2024-04-24,2024-04-24 13:33:00,366.83,366.89,366.83,366.89,0.02,18.37,6742.47,1
2024-04-24,2024-04-24 13:34:00,366.89,366.95,366.89,366.95,0.02,18.37,6742.47,1
2024-04-24,2024-04-24 13:35:00,366.95,367.0,366.95,367.0,0.01,18.37,6742.47,1
2024-04-24,2024-04-24 13:36:00,367.0,367.06,367.0,367.06,0.02,18.37,6742.47,1
2024-04-24,2024-04-24 13:37:00,367.06,367.12,367.06,367.12,0.02,18.37,6742.47,1
2024-04-24,2024-04-24 13:38:00,367.12,367.18,367.12,367.18,0.02,18.37,6742.47,1
2024-04-24,2024-04-24 13:39:00,367.18,367.23,367.18,367.23,0.01,18.37,6742.47,1
2024-04-24,2024-04-24 13:40:00,367.23,367.29,367.23,367.29,0.02,18.37,6742.47,1
2024-04-24,2024-04-24 13:41:00,367.29,367.35,367.29,367.35,0.02,18.37,6742.47,1
2024-04-24,2024-04-24 13:42:00,367.35,367.4,367.35,367.4,0.01,18.37,6742.47,1
2024-04-24,2024-04-24 13:43:00,367.4,367.46,367.4,367.46,0.02,18.37,6742.47,1
2024-04-24,2024-04-24 13:44:00,367.46,367.52,367.46,367.52,0.02,18.37,6742.47,1
2024-04-24,2024-04-24 13:45:00,367.52,367.58,367.52,367.58,0.02,18.37,6742.47,1
2024-04-24,2024-04-24 13:46:00,367.58,367.63,367.58,367.63,0.01,18.37,6742.47,1
2024-04-24,2024-04-24 13:47:00,367.63,367.69,367.63,367.69,0.02,18.37,6742.47,1
2024-04-24,2024-04-24 13:48:00,367.69,367.75,367.69,367.75,0.02,18.37,6742.47,1
2024-04-24,2024-04-24 13:49:00,367.75,367.8,367.75,367.8,0.01,18.37,6742.47,1
2024-04-24,2024-04-24 13:50:00,367.8,367.86,367.8,367.86,0.02,18.37,6742.47,1
2024-04-24,2024-04-24 13:51:00,367.86,367.92,367.86,367.92,0.02,18.37,6742.47,1
2024-04-24,2024-04-24 13:52:00,367.92,367.98,367.92,367.98,0.02,18.37,6742.47,1
2024-04-24,2024-04-24 13:53:00,367.98,368.03,367.98,368.03,0.01,18.37,6742.47,1
2024-04-24,2024-04-24 13:54:00,368.03,368.09,368.03,368.09,0.02,18.37,6742.47,1
2024-04-24,2024-04-24 13:55:00,368.09,368.15,368.09,368.15,0.02,18.37,6742.47,1
2024-04-24,2024-04-24 13:56:00,368.15,368.2,368.15,368.2,0.01,18.37,6742.47,1
2024-04-24,2024-04-24 13:57:00,368.2,368.26,368.2,368.26,0.02,18.37,6742.47,1
2024-04-24,2024-04-24 13:58:00,368.26,368.32,368.26,368.32,0.02,18.37,6742.47,1
2024-04-24,2024-04-24 13:59:00,368.32,368.38,368.32,368.38,0.02,18.37,6742.47,1
2024-04-24,2024-04-24 14:00:00,368.38,368.43,368.38,368.43,0.01,18.37,6742.47,1
2024-04-24,2024-04-24 14:01:00,368.43,368.49,368.43,368.49,0.02,18.37,6742.47,1
2024-04-24,2024-04-24 14:02:00,368.49,368.55,368.49,368.55,0.02,18.37,6742.47,1
2024-04-24,2024-04-24 14:03:00,368.55,368.6,368.55,368.6,0.01,18.37,6742.47,1
2024-04-24,2024-04-24 14:04:00,368.6,368.66,368.6,368.66,0.02,18.37,6742.47,1
2024-04-24,2024-04-24 14:05:00,368.66,368.72,368.66,368.72,0.02,18.37,6742.47,1
2024-04-24,2024-04-24 14:06:00,368.72,368.77,368.72,368.77,0.01,18.37,6742.47,1
2024-04-24,2024-04-24 14:07:00,368.77,368.83,368.77,368.83,0.02,18.37,6742.47,1
2024-04-24,2024-04-24 14:08:00,368.83,368.89,368.83,368.89,0.02,18.37,6742.47,1
2024-04-24,2024-04-24 14:09:00,368.89,368.95,368.89,368.95,0.02,18.37,6742.47,1
2024-04-24,2024-04-24 14:10:00,368.95,369.0,368.95,369.0,0.01,18.37,6742.47,1
2024-04-24,2024-04-24 14:11:00,369.0,369.06,369.0,369.06,0.02,18.37,6742.47,1
2024-04-24,2024-04-24 14:12:00,369.06,369.12,369.06,369.12,0.02,18.37,6742.47,1
2024-04-24,2024-04-24 14:13:00,369.12,369.17,369.12,369.17,0.01,18.37,6742.47,1
2024-04-24,2024-04-24 14:14:00,369.17,369.23,369.17,369.23,0.02,18.37,6742.47,1
2024-04-24,2024-04-24 14:15:00,369.23,369.29,369.23,369.29,0.02,18.37,6742.47,1
2024-04-24,2024-04-24 14:16:00,369.29,369.35,369.29,369.35,0.02,18.37,6742.47,1
2024-04-24,2024-04-24 14:17:00,369.35,369.4,369.35,369.4,0.01,18.37,6742.47,1
2024-04-24,2024-04-24 14:18:00,369.4,369.46,369.4,369.46,0.02,18.37,6742.47,1
2024-04-24,2024-04-24 14:19:00,369.46,369.52,369.46,369.52,0.02,18.37,6742.47,1
2024-04-24,2024-04-24 14:20:00,369.52,369.57,369.52,369.57,0.01,18.37,6742.47,1
2024-04-24,2024-04-24 14:21:00,369.57,369.63,369.57,369.63,0.02,18.37,6742.47,1
2024-04-24,2024-04-24 14:22:00,369.63,369.69,369.63,369.69,0.02,18.37,6742.47,1
2024-04-24,2024-04-24 14:23:00,369.69,369.75,369.69,369.75,0.02,18.37,6742.47,1
2024-04-24,2024-04-24 14:24:00,369.75,369.8,369.75,369.8,0.01,18.37,6742.47,1
2024-04-24,2024-04-24 14:25:00,369.8,369.86,369.8,369.86,0.02,18.37,6742.47,1
2024-04-24,2024-04-24 14:26:00,369.86,369.92,369.86,369.92,0.02,18.37,6742.47,1
2024-04-24,2024-04-24 14:27:00,369.92,369.97,369.92,369.97,0.01,18.37,6742.47,1
2024-04-24,2024-04-24 14:28:00,369.97,370.03,369.97,370.03,0.02,18.37,6742.47,1
2024-04-24,2024-04-24 14:29:00,370.03,370.09,370.03,370.09,0.02,18.37,6742.47,1
2024-04-24,2024-04-24 14:30:00,370.09,370.14,370.09,370.14,0.01,18.37,6742.47,1
2024-04-24,2024-04-24 14:31:00,370.14,370.2,370.14,370.2,0.02,18.37,6742.47,1
2024-04-24,2024-04-24 14:32:00,370.2,370.26,370.2,370.26,0.02,18.37,6742.47,1
2024-04-24,2024-04-24 14:33:00,370.26,370.32,370.26,370.32,0.02,18.37,6742.47,1
2024-04-24,2024-04-24 14:34:00,370.32,370.37,370.32,370.37,0.01,18.37,6742.47,1
2024-04-24,2024-04-24 14:35:00,370.37,370.43,370.37,370.43,0.02,18.37,6742.47,1
2024-04-24,2024-04-24 14:36:00,370.43,370.49,370.43,370.49,0.02,18.37,6742.47,1
2024-04-24,2024-04-24 14:37:00,370.49,370.54,370.49,370.54,0.01,18.37,6742.47,1
2024-04-24,2024-04-24 14:38:00,370.54,370.6,370.54,370.6,0.02,18.37,6742.47,1
2024-04-24,2024-04-24 14:39:00,370.6,370.66,370.6,370.66,0.02,18.37,6742.47,1
2024-04-24,2024-04-24 14:40:00,370.66,370.72,370.66,370.72,0.02,18.37,6742.47,1
2024-04-24,2024-04-24 14:41:00,370.72,370.77,370.72,370.77,0.01,18.37,6742.47,1
2024-04-24,2024-04-24 14:42:00,370.77,370.83,370.77,370.83,0.02,18.37,6742.47,1
2024-04-24,2024-04-24 14:43:00,370.83,370.89,370.83,370.89,0.02,18.37,6742.47,1
2024-04-24,2024-04-24 14:44:00,370.89,370.94,370.89,370.94,0.01,18.37,6742.47,1
2024-04-24,2024-04-24 14:45:00,370.94,371.0,370.94,371.0,0.02,18.37,6742.47,1
2024-04-24,2024-04-24 14:46:00,371.0,371.06,371.0,371.06,0.02,18.37,6742.47,1
2024-04-24,2024-04-24 14:47:00,371.06,371.12,371.06,371.12,0.02,18.37,6742.47,1
2024-04-24,2024-04-24 14:48:00,371.12,371.17,371.12,371.17,0.01,18.37,6742.47,1
2024-04-24,2024-04-24 14:49:00,371.17,371.23,371.17,371.23,0.02,18.37,6742.47,1
2024-04-24,2024-04-24 14:50:00,371.23,371.29,371.23,371.29,0.02,18.37,6742.47,1
2024-04-24,2024-04-24 14:51:00,371.29,371.34,371.29,371.34,0.01,18.37,6742.47,1
2024-04-24,2024-04-24 14:52:00,371.34,371.4,371.34,371.4,0.02,18.37,6742.47,1
2024-04-24,2024-04-24 14:53:00,371.4,371.46,371.4,371.46,0.02,18.37,6742.47,1
2024-04-24,2024-04-24 14:54:00,371.46,371.51,371.46,371.51,0.01,18.37,6742.47,1
2024-04-24,2024-04-24 14:55:00,371.51,371.57,371.51,371.57,0.02,18.37,6742.47,1
2024-04-24,2024-04-24 14:56:00,371.57,371.63,371.57,371.63,0.02,18.37,6742.47,1
2024-04-24,2024-04-24 14:57:00,371.63,371.69,371.63,371.69,0.02,18.37,6742.47,1
2024-04-24,2024-04-24 14:58:00,371.69,371.74,371.69,371.74,0.01,18.37,6742.47,1
2024-04-24,2024-04-24 14:59:00,371.74,371.8,371.74,371.8,0.02,18.37,6742.47,1
2024-04-24,2024-04-24 15:00:00,371.8,372.0,358.1,371.8,0.0,18.37,6742.47,0
2024-04-25,2024-04-25 11:00:00,365.0,368.57,364.4,365.0,0.0,26.41,9668.08,0
2024-04-25,2024-04-25 11:01:00,365.0,365.01,365.0,365.01,0.0,26.41,9668.08,1
2024-04-25,2024-04-25 11:02:00,365.01,365.01,365.01,365.01,0.0,26.41,9668.08,0
2024-04-25,2024-04-25 11:03:00,365.01,365.02,365.01,365.02,0.0,26.41,9668.08,1
2024-04-25,2024-04-25 11:04:00,365.02,365.02,365.02,365.02,0.0,26.41,9668.08,0
2024-04-25,2024-04-25 11:05:00,365.02,365.02,365.02,365.02,0.0,26.41,9668.08,0
2024-04-25,2024-04-25 11:06:00,365.02,365.03,365.02,365.03,0.0,26.41,9668.08,1
2024-04-25,2024-04-25 11:07:00,365.03,365.03,365.03,365.03,0.0,26.41,9668.08,0
2024-04-25,2024-04-25 11:08:00,365.03,365.04,365.03,365.04,0.0,26.41,9668.08,1
2024-04-25,2024-04-25 11:09:00,365.04,365.04,365.04,365.04,0.0,26.41,9668.08,0
2024-04-25,2024-04-25 11:10:00,365.04,365.05,365.04,365.05,0.0,26.41,9668.08,1
2024-04-25,2024-04-25 11:11:00,365.05,365.05,365.05,365.05,0.0,26.41,9668.08,0
2024-04-25,2024-04-25 11:12:00,365.05,365.05,365.05,365.05,0.0,26.41,9668.08,0
2024-04-25,2024-04-25 11:13:00,365.05,365.06,365.05,365.06,0.0,26.41,9668.08,1
2024-04-25,2024-04-25 11:14:00,365.06,365.06,365.06,365.06,0.0,26.41,9668.08,0
2024-04-25,2024-04-25 11:15:00,365.06,365.07,365.06,365.07,0.0,26.41,9668.08,1
2024-04-25,2024-04-25 11:16:00,365.07,365.07,365.07,365.07,0.0,26.41,9668.08,0
2024-04-25,2024-04-25 11:17:00,365.07,365.07,365.07,365.07,0.0,26.41,9668.08,0
2024-04-25,2024-04-25 11:18:00,365.07,365.08,365.07,365.08,0.0,26.41,9668.08,1
2024-04-25,2024-04-25 11:19:00,365.08,365.08,365.08,365.08,0.0,26.41,9668.08,0
2024-04-25,2024-04-25 11:20:00,365.08,365.09,365.08,365.09,0.0,26.41,9668.08,1
2024-04-25,2024-04-25 11:21:00,365.09,365.09,365.09,365.09,0.0,26.41,9668.08,0
2024-04-25,2024-04-25 11:22:00,365.09,365.1,365.09,365.1,0.0,26.41,9668.08,1
2024-04-25,2024-04-25 11:23:00,365.1,365.1,365.1,365.1,0.0,26.41,9668.08,0
2024-04-25,2024-04-25 11:24:00,365.1,365.1,365.1,365.1,0.0,26.41,9668.08,0
2024-04-25,2024-04-25 11:25:00,365.1,365.11,365.1,365.11,0.0,26.41,9668.08,1
2024-04-25,2024-04-25 11:26:00,365.11,365.11,365.11,365.11,0.0,26.41,9668.08,0
2024-04-25,2024-04-25 11:27:00,365.11,365.12,365.11,365.12,0.0,26.41,9668.08,1
2024-04-25,2024-04-25 11:28:00,365.12,365.12,365.12,365.12,0.0,26.41,9668.08,0
2024-04-25,2024-04-25 11:29:00,365.12,365.12,365.12,365.12,0.0,26.41,9668.08,0
2024-04-25,2024-04-25 11:30:00,365.12,365.13,365.12,365.13,0.0,26.41,9668.08,1
2024-04-25,2024-04-25 11:31:00,365.13,365.13,365.13,365.13,0.0,26.41,9668.08,0
2024-04-25,2024-04-25 11:32:00,365.13,365.14,365.13,365.14,0.0,26.41,9668.08,1
2024-04-25,2024-04-25 11:33:00,365.14,365.14,365.14,365.14,0.0,26.41,9668.08,0
2024-04-25,2024-04-25 11:34:00,365.14,365.15,365.14,365.15,0.0,26.41,9668.08,1
2024-04-25,2024-04-25 11:35:00,365.15,365.15,365.15,365.15,0.0,26.41,9668.08,0
2024-04-25,2024-04-25 11:36:00,365.15,365.15,365.15,365.15,0.0,26.41,9668.08,0
2024-04-25,2024-04-25 11:37:00,365.15,365.16,365.15,365.16,0.0,26.41,9668.08,1
2024-04-25,2024-04-25 11:38:00,365.16,365.16,365.16,365.16,0.0,26.41,9668.08,0
2024-04-25,2024-04-25 11:39:00,365.16,365.17,365.16,365.17,0.0,26.41,9668.08,1
2024-04-25,2024-04-25 11:40:00,365.17,365.17,365.17,365.17,0.0,26.41,9668.08,0
2024-04-25,2024-04-25 11:41:00,365.17,365.18,365.17,365.18,0.0,26.41,9668.08,1
2024-04-25,2024-04-25 11:42:00,365.18,365.18,365.18,365.18,0.0,26.41,9668.08,0
2024-04-25,2024-04-25 11:43:00,365.18,365.18,365.18,365.18,0.0,26.41,9668.08,0
2024-04-25,2024-04-25 11:44:00,365.18,365.19,365.18,365.19,0.0,26.41,9668.08,1
2024-04-25,2024-04-25 11:45:00,365.19,365.19,365.19,365.19,0.0,26.41,9668.08,0
2024-04-25,2024-04-25 11:46:00,365.19,365.2,365.19,365.2,0.0,26.41,9668.08,1
2024-04-25,2024-04-25 11:47:00,365.2,365.2,365.2,365.2,0.0,26.41,9668.08,0
2024-04-25,2024-04-25 11:48:00,365.2,365.2,365.2,365.2,0.0,26.41,9668.08,0
2024-04-25,2024-04-25 11:49:00,365.2,365.21,365.2,365.21,0.0,26.41,9668.08,1
2024-04-25,2024-04-25 11:50:00,365.21,365.21,365.21,365.21,0.0,26.41,9668.08,0
2024-04-25,2024-04-25 11:51:00,365.21,365.22,365.21,365.22,0.0,26.41,9668.08,1
2024-04-25,2024-04-25 11:52:00,365.22,365.22,365.22,365.22,0.0,26.41,9668.08,0
2024-04-25,2024-04-25 11:53:00,365.22,365.23,365.22,365.23,0.0,26.41,9668.08,1
2024-04-25,2024-04-25 11:54:00,365.23,365.23,365.23,365.23,0.0,26.41,9668.08,0
2024-04-25,2024-04-25 11:55:00,365.23,365.23,365.23,365.23,0.0,26.41,9668.08,0
2024-04-25,2024-04-25 11:56:00,365.23,365.24,365.23,365.24,0.0,26.41,9668.08,1
2024-04-25,2024-04-25 11:57:00,365.24,365.24,365.24,365.24,0.0,26.41,9668.08,0
2024-04-25,2024-04-25 11:58:00,365.24,365.25,365.24,365.25,0.0,26.41,9668.08,1
2024-04-25,2024-04-25 11:59:00,365.25,365.25,365.25,365.25,0.0,26.41,9668.08,0
2024-04-25,2024-04-25 12:00:00,365.25,365.25,365.25,365.25,0.0,26.41,9668.08,0
2024-04-25,2024-04-25 12:01:00,365.25,365.26,365.25,365.26,0.0,26.41,9668.08,1
2024-04-25,2024-04-25 12:02:00,365.26,365.26,365.26,365.26,0.0,26.41,9668.08,0
2024-04-25,2024-04-25 12:03:00,365.26,365.27,365.26,365.27,0.0,26.41,9668.08,1
2024-04-25,2024-04-25 12:04:00,365.27,365.27,365.27,365.27,0.0,26.41,9668.08,0
2024-04-25,2024-04-25 12:05:00,365.27,365.27,365.27,365.27,0.0,26.41,9668.08,0
2024-04-25,2024-04-25 12:06:00,365.27,365.28,365.27,365.28,0.0,26.41,9668.08,1
2024-04-25,2024-04-25 12:07:00,365.28,365.28,365.28,365.28,0.0,26.41,9668.08,0
2024-04-25,2024-04-25 12:08:00,365.28,365.29,365.28,365.29,0.0,26.41,9668.08,1
2024-04-25,2024-04-25 12:09:00,365.29,365.29,365.29,365.29,0.0,26.41,9668.08,0
2024-04-25,2024-04-25 12:10:00,365.29,365.3,365.29,365.3,0.0,26.41,9668.08,1
2024-04-25,2024-04-25 12:11:00,365.3,365.3,365.3,365.3,0.0,26.41,9668.08,0
2024-04-25,2024-04-25 12:12:00,365.3,365.3,365.3,365.3,0.0,26.41,9668.08,0
2024-04-25,2024-04-25 12:13:00,365.3,365.31,365.3,365.31,0.0,26.41,9668.08,1
2024-04-25,2024-04-25 12:14:00,365.31,365.31,365.31,365.31,0.0,26.41,9668.08,0
2024-04-25,2024-04-25 12:15:00,365.31,365.32,365.31,365.32,0.0,26.41,9668.08,1
2024-04-25,2024-04-25 12:16:00,365.32,365.32,365.32,365.32,0.0,26.41,9668.08,0
2024-04-25,2024-04-25 12:17:00,365.32,365.32,365.32,365.32,0.0,26.41,9668.08,0
2024-04-25,2024-04-25 12:18:00,365.32,365.33,365.32,365.33,0.0,26.41,9668.08,1
2024-04-25,2024-04-25 12:19:00,365.33,365.33,365.33,365.33,0.0,26.41,9668.08,0
2024-04-25,2024-04-25 12:20:00,365.33,365.34,365.33,365.34,0.0,26.41,9668.08,1
2024-04-25,2024-04-25 12:21:00,365.34,365.34,365.34,365.34,0.0,26.41,9668.08,0
2024-04-25,2024-04-25 12:22:00,365.34,365.35,365.34,365.35,0.0,26.41,9668.08,1
2024-04-25,2024-04-25 12:23:00,365.35,365.35,365.35,365.35,0.0,26.41,9668.08,0
2024-04-25,2024-04-25 12:24:00,365.35,365.35,365.35,365.35,0.0,26.41,9668.08,0
2024-04-25,2024-04-25 12:25:00,365.35,365.36,365.35,365.36,0.0,26.41,9668.08,1
2024-04-25,2024-04-25 12:26:00,365.36,365.36,365.36,365.36,0.0,26.41,9668.08,0
2024-04-25,2024-04-25 12:27:00,365.36,365.37,365.36,365.37,0.0,26.41,9668.08,1
2024-04-25,2024-04-25 12:28:00,365.37,365.37,365.37,365.37,0.0,26.41,9668.08,0
2024-04-25,2024-04-25 12:29:00,365.37,365.38,365.37,365.38,0.0,26.41,9668.08,1
2024-04-25,2024-04-25 12:30:00,365.38,365.38,365.38,365.38,0.0,26.41,9668.08,0
2024-04-25,2024-04-25 12:31:00,365.38,365.38,365.38,365.38,0.0,26.41,9668.08,0
2024-04-25,2024-04-25 12:32:00,365.38,365.39,365.38,365.39,0.0,26.41,9668.08,1
2024-04-25,2024-04-25 12:33:00,365.39,365.39,365.39,365.39,0.0,26.41,9668.08,0
2024-04-25,2024-04-25 12:34:00,365.39,365.4,365.39,365.4,0.0,26.41,9668.08,1
2024-04-25,2024-04-25 12:35:00,365.4,365.4,365.4,365.4,0.0,26.41,9668.08,0
2024-04-25,2024-04-25 12:36:00,365.4,365.4,365.4,365.4,0.0,26.41,9668.08,0
2024-04-25,2024-04-25 12:37:00,365.4,365.41,365.4,365.41,0.0,26.41,9668.08,1
2024-04-25,2024-04-25 12:38:00,365.41,365.41,365.41,365.41,0.0,26.41,9668.08,0
2024-04-25,2024-04-25 12:39:00,365.41,365.42,365.41,365.42,0.0,26.41,9668.08,1
2024-04-25,2024-04-25 12:40:00,365.42,365.42,365.42,365.42,0.0,26.41,9668.08,0
2024-04-25,2024-04-25 12:41:00,365.42,365.43,365.42,365.43,0.0,26.41,9668.08,1
2024-04-25,2024-04-25 12:42:00,365.43,365.43,365.43,365.43,0.0,26.41,9668.08,0
2024-04-25,2024-04-25 12:43:00,365.43,365.43,365.43,365.43,0.0,26.41,9668.08,0
2024-04-25,2024-04-25 12:44:00,365.43,365.44,365.43,365.44,0.0,26.41,9668.08,1
2024-04-25,2024-04-25 12:45:00,365.44,365.44,365.44,365.44,0.0,26.41,9668.08,0
2024-04-25,2024-04-25 12:46:00,365.44,365.45,365.44,365.45,0.0,26.41,9668.08,1
2024-04-25,2024-04-25 12:47:00,365.45,365.45,365.45,365.45,0.0,26.41,9668.08,0
2024-04-25,2024-04-25 12:48:00,365.45,365.45,365.45,365.45,0.0,26.41,9668.08,0
2024-04-25,2024-04-25 12:49:00,365.45,365.46,365.45,365.46,0.0,26.41,9668.08,1
2024-04-25,2024-04-25 12:50:00,365.46,365.46,365.46,365.46,0.0,26.41,9668.08,0
2024-04-25,2024-04-25 12:51:00,365.46,365.47,365.46,365.47,0.0,26.41,9668.08,1
2024-04-25,2024-04-25 12:52:00,365.47,365.47,365.47,365.47,0.0,26.41,9668.08,0
2024-04-25,2024-04-25 12:53:00,365.47,365.48,365.47,365.48,0.0,26.41,9668.08,1
2024-04-25,2024-04-25 12:54:00,365.48,365.48,365.48,365.48,0.0,26.41,9668.08,0
2024-04-25,2024-04-25 12:55:00,365.48,365.48,365.48,365.48,0.0,26.41,9668.08,0
2024-04-25,2024-04-25 12:56:00,365.48,365.49,365.48,365.49,0.0,26.41,9668.08,1
2024-04-25,2024-04-25 12:57:00,365.49,365.49,365.49,365.49,0.0,26.41,9668.08,0
2024-04-25,2024-04-25 12:58:00,365.49,365.5,365.49,365.5,0.0,26.41,9668.08,1
2024-04-25,2024-04-25 12:59:00,365.5,365.5,365.5,365.5,0.0,26.41,9668.08,0
2024-04-25,2024-04-25 13:00:00,365.5,376.9,363.0,365.5,0.0,26.41,9668.08,0
2024-04-25,2024-04-25 13:01:00,365.5,365.51,365.5,365.51,0.0,26.41,9668.08,1
2024-04-25,2024-04-25 13:02:00,365.51,365.51,365.51,365.51,0.0,26.41,9668.08,0
2024-04-25,2024-04-25 13:03:00,365.51,365.52,365.51,365.52,0.0,26.41,9668.08,1
2024-04-25,2024-04-25 13:04:00,365.52,365.52,365.52,365.52,0.0,26.41,9668.08,0
2024-04-25,2024-04-25 13:05:00,365.52,365.52,365.52,365.52,0.0,26.41,9668.08,0
2024-04-25,2024-04-25 13:06:00,365.52,365.53,365.52,365.53,0.0,26.41,9668.08,1
2024-04-25,2024-04-25 13:07:00,365.53,365.53,365.53,365.53,0.0,26.41,9668.08,0
2024-04-25,2024-04-25 13:08:00,365.53,365.54,365.53,365.54,0.0,26.41,9668.08,1
2024-04-25,2024-04-25 13:09:00,365.54,365.54,365.54,365.54,0.0,26.41,9668.08,0
2024-04-25,2024-04-25 13:10:00,365.54,365.55,365.54,365.55,0.0,26.41,9668.08,1
2024-04-25,2024-04-25 13:11:00,365.55,365.55,365.55,365.55,0.0,26.41,9668.08,0
2024-04-25,2024-04-25 13:12:00,365.55,365.55,365.55,365.55,0.0,26.41,9668.08,0
2024-04-25,2024-04-25 13:13:00,365.55,365.56,365.55,365.56,0.0,26.41,9668.08,1
2024-04-25,2024-04-25 13:14:00,365.56,365.56,365.56,365.56,0.0,26.41,9668.08,0
2024-04-25,2024-04-25 13:15:00,365.56,365.57,365.56,365.57,0.0,26.41,9668.08,1
2024-04-25,2024-04-25 13:16:00,365.57,365.57,365.57,365.57,0.0,26.41,9668.08,0
2024-04-25,2024-04-25 13:17:00,365.57,365.57,365.57,365.57,0.0,26.41,9668.08,0
2024-04-25,2024-04-25 13:18:00,365.57,365.58,365.57,365.58,0.0,26.41,9668.08,1
2024-04-25,2024-04-25 13:19:00,365.58,365.58,365.58,365.58,0.0,26.41,9668.08,0
2024-04-25,2024-04-25 13:20:00,365.58,365.59,365.58,365.59,0.0,26.41,9668.08,1
2024-04-25,2024-04-25 13:21:00,365.59,365.59,365.59,365.59,0.0,26.41,9668.08,0
2024-04-25,2024-04-25 13:22:00,365.59,365.6,365.59,365.6,0.0,26.41,9668.08,1
2024-04-25,2024-04-25 13:23:00,365.6,365.6,365.6,365.6,0.0,26.41,9668.08,0
2024-04-25,2024-04-25 13:24:00,365.6,365.6,365.6,365.6,0.0,26.41,9668.08,0
2024-04-25,2024-04-25 13:25:00,365.6,365.61,365.6,365.61,0.0,26.41,9668.08,1
2024-04-25,2024-04-25 13:26:00,365.61,365.61,365.61,365.61,0.0,26.41,9668.08,0
2024-04-25,2024-04-25 13:27:00,365.61,365.62,365.61,365.62,0.0,26.41,9668.08,1
2024-04-25,2024-04-25 13:28:00,365.62,365.62,365.62,365.62,0.0,26.41,9668.08,0
2024-04-25,2024-04-25 13:29:00,365.62,365.62,365.62,365.62,0.0,26.41,9668.08,0
2024-04-25,2024-04-25 13:30:00,365.62,365.63,365.62,365.63,0.0,26.41,9668.08,1
2024-04-25,2024-04-25 13:31:00,365.63,365.63,365.63,365.63,0.0,26.41,9668.08,0
2024-04-25,2024-04-25 13:32:00,365.63,365.64,365.63,365.64,0.0,26.41,9668.08,1
2024-04-25,2024-04-25 13:33:00,365.64,365.64,365.64,365.64,0.0,26.41,9668.08,0
2024-04-25,2024-04-25 13:34:00,365.64,365.65,365.64,365.65,0.0,26.41,9668.08,1
2024-04-25,2024-04-25 13:35:00,365.65,365.65,365.65,365.65,0.0,26.41,9668.08,0
2024-04-25,2024-04-25 13:36:00,365.65,365.65,365.65,365.65,0.0,26.41,9668.08,0
2024-04-25,2024-04-25 13:37:00,365.65,365.66,365.65,365.66,0.0,26.41,9668.08,1
2024-04-25,2024-04-25 13:38:00,365.66,365.66,365.66,365.66,0.0,26.41,9668.08,0
2024-04-25,2024-04-25 13:39:00,365.66,365.67,365.66,365.67,0.0,26.41,9668.08,1
2024-04-25,2024-04-25 13:40:00,365.67,365.67,365.67,365.67,0.0,26.41,9668.08,0
2024-04-25,2024-04-25 13:41:00,365.67,365.68,365.67,365.68,0.0,26.41,9668.08,1
2024-04-25,2024-04-25 13:42:00,365.68,365.68,365.68,365.68,0.0,26.41,9668.08,0
2024-04-25,2024-04-25 13:43:00,365.68,365.68,365.68,365.68,0.0,26.41,9668.08,0
2024-04-25,2024-04-25 13:44:00,365.68,365.69,365.68,365.69,0.0,26.41,9668.08,1
2024-04-25,2024-04-25 13:45:00,365.69,365.69,365.69,365.69,0.0,26.41,9668.08,0
2024-04-25,2024-04-25 13:46:00,365.69,365.7,365.69,365.7,0.0,26.41,9668.08,1
2024-04-25,2024-04-25 13:47:00,365.7,365.7,365.7,365.7,0.0,26.41,9668.08,0
2024-04-25,2024-04-25 13:48:00,365.7,365.7,365.7,365.7,0.0,26.41,9668.08,0
2024-04-25,2024-04-25 13:49:00,365.7,365.71,365.7,365.71,0.0,26.41,9668.08,1
2024-04-25,2024-04-25 13:50:00,365.71,365.71,365.71,365.71,0.0,26.41,9668.08,0
2024-04-25,2024-04-25 13:51:00,365.71,365.72,365.71,365.72,0.0,26.41,9668.08,1
2024-04-25,2024-04-25 13:52:00,365.72,365.72,365.72,365.72,0.0,26.41,9668.08,0
2024-04-25,2024-04-25 13:53:00,365.72,365.73,365.72,365.73,0.0,26.41,9668.08,1
2024-04-25,2024-04-25 13:54:00,365.73,365.73,365.73,365.73,0.0,26.41,9668.08,0
2024-04-25,2024-04-25 13:55:00,365.73,365.73,365.73,365.73,0.0,26.41,9668.08,0
2024-04-25,2024-04-25 13:56:00,365.73,365.74,365.73,365.74,0.0,26.41,9668.08,1
2024-04-25,2024-04-25 13:57:00,365.74,365.74,365.74,365.74,0.0,26.41,9668.08,0
2024-04-25,2024-04-25 13:58:00,365.74,365.75,365.74,365.75,0.0,26.41,9668.08,1
2024-04-25,2024-04-25 13:59:00,365.75,365.75,365.75,365.75,0.0,26.41,9668.08,0
2024-04-25,2024-04-25 14:00:00,365.75,365.75,365.75,365.75,0.0,26.41,9668.08,0
2024-04-25,2024-04-25 14:01:00,365.75,365.76,365.75,365.76,0.0,26.41,9668.08,1
2024-04-25,2024-04-25 14:02:00,365.76,365.76,365.76,365.76,0.0,26.41,9668.08,0
2024-04-25,2024-04-25 14:03:00,365.76,365.77,365.76,365.77,0.0,26.41,9668.08,1
2024-04-25,2024-04-25 14:04:00,365.77,365.77,365.77,365.77,0.0,26.41,9668.08,0
2024-04-25,2024-04-25 14:05:00,365.77,365.77,365.77,365.77,0.0,26.41,9668.08,0
2024-04-25,2024-04-25 14:06:00,365.77,365.78,365.77,365.78,0.0,26.41,9668.08,1
2024-04-25,2024-04-25 14:07:00,365.78,365.78,365.78,365.78,0.0,26.41,9668.08,0
2024-04-25,2024-04-25 14:08:00,365.78,365.79,365.78,365.79,0.0,26.41,9668.08,1
2024-04-25,2024-04-25 14:09:00,365.79,365.79,365.79,365.79,0.0,26.41,9668.08,0
2024-04-25,2024-04-25 14:10:00,365.79,365.8,365.79,365.8,0.0,26.41,9668.08,1
2024-04-25,2024-04-25 14:11:00,365.8,365.8,365.8,365.8,0.0,26.41,9668.08,0
2024-04-25,2024-04-25 14:12:00,365.8,365.8,365.8,365.8,0.0,26.41,9668.08,0
2024-04-25,2024-04-25 14:13:00,365.8,365.81,365.8,365.81,0.0,26.41,9668.08,1
2024-04-25,2024-04-25 14:14:00,365.81,365.81,365.81,365.81,0.0,26.41,9668.08,0
2024-04-25,2024-04-25 14:15:00,365.81,365.82,365.81,365.82,0.0,26.41,9668.08,1
2024-04-25,2024-04-25 14:16:00,365.82,365.82,365.82,365.82,0.0,26.41,9668.08,0
2024-04-25,2024-04-25 14:17:00,365.82,365.82,365.82,365.82,0.0,26.41,9668.08,0
2024-04-25,2024-04-25 14:18:00,365.82,365.83,365.82,365.83,0.0,26.41,9668.08,1
2024-04-25,2024-04-25 14:19:00,365.83,365.83,365.83,365.83,0.0,26.41,9668.08,0
2024-04-25,2024-04-25 14:20:00,365.83,365.84,365.83,365.84,0.0,26.41,9668.08,1
2024-04-25,2024-04-25 14:21:00,365.84,365.84,365.84,365.84,0.0,26.41,9668.08,0
2024-04-25,2024-04-25 14:22:00,365.84,365.85,365.84,365.85,0.0,26.41,9668.08,1
2024-04-25,2024-04-25 14:23:00,365.85,365.85,365.85,365.85,0.0,26.41,9668.08,0
2024-04-25,2024-04-25 14:24:00,365.85,365.85,365.85,365.85,0.0,26.41,9668.08,0
2024-04-25,2024-04-25 14:25:00,365.85,365.86,365.85,365.86,0.0,26.41,9668.08,1
2024-04-25,2024-04-25 14:26:00,365.86,365.86,365.86,365.86,0.0,26.41,9668.08,0
2024-04-25,2024-04-25 14:27:00,365.86,365.87,365.86,365.87,0.0,26.41,9668.08,1
2024-04-25,2024-04-25 14:28:00,365.87,365.87,365.87,365.87,0.0,26.41,9668.08,0
2024-04-25,2024-04-25 14:29:00,365.87,365.88,365.87,365.88,0.0,26.41,9668.08,1
2024-04-25,2024-04-25 14:30:00,365.88,365.88,365.88,365.88,0.0,26.41,9668.08,0
2024-04-25,2024-04-25 14:31:00,365.88,365.88,365.88,365.88,0.0,26.41,9668.08,0
2024-04-25,2024-04-25 14:32:00,365.88,365.89,365.88,365.89,0.0,26.41,9668.08,1
2024-04-25,2024-04-25 14:33:00,365.89,365.89,365.89,365.89,0.0,26.41,9668.08,0
2024-04-25,2024-04-25 14:34:00,365.89,365.9,365.89,365.9,0.0,26.41,9668.08,1
2024-04-25,2024-04-25 14:35:00,365.9,365.9,365.9,365.9,0.0,26.41,9668.08,0
2024-04-25,2024-04-25 14:36:00,365.9,365.9,365.9,365.9,0.0,26.41,9668.08,0
2024-04-25,2024-04-25 14:37:00,365.9,365.91,365.9,365.91,0.0,26.41,9668.08,1
2024-04-25,2024-04-25 14:38:00,365.91,365.91,365.91,365.91,0.0,26.41,9668.08,0
2024-04-25,2024-04-25 14:39:00,365.91,365.92,365.91,365.92,0.0,26.41,9668.08,1
2024-04-25,2024-04-25 14:40:00,365.92,365.92,365.92,365.92,0.0,26.41,9668.08,0
2024-04-25,2024-04-25 14:41:00,365.92,365.93,365.92,365.93,0.0,26.41,9668.08,1
2024-04-25,2024-04-25 14:42:00,365.93,365.93,365.93,365.93,0.0,26.41,9668.08,0
2024-04-25,2024-04-25 14:43:00,365.93,365.93,365.93,365.93,0.0,26.41,9668.08,0
2024-04-25,2024-04-25 14:44:00,365.93,365.94,365.93,365.94,0.0,26.41,9668.08,1
2024-04-25,2024-04-25 14:45:00,365.94,365.94,365.94,365.94,0.0,26.41,9668.08,0
2024-04-25,2024-04-25 14:46:00,365.94,365.95,365.94,365.95,0.0,26.41,9668.08,1
2024-04-25,2024-04-25 14:47:00,365.95,365.95,365.95,365.95,0.0,26.41,9668.08,0
2024-04-25,2024-04-25 14:48:00,365.95,365.95,365.95,365.95,0.0,26.41,9668.08,0
2024-04-25,2024-04-25 14:49:00,365.95,365.96,365.95,365.96,0.0,26.41,9668.08,1
2024-04-25,2024-04-25 14:50:00,365.96,365.96,365.96,365.96,0.0,26.41,9668.08,0
2024-04-25,2024-04-25 14:51:00,365.96,365.97,365.96,365.97,0.0,26.41,9668.08,1
2024-04-25,2024-04-25 14:52:00,365.97,365.97,365.97,365.97,0.0,26.41,9668.08,0
2024-04-25,2024-04-25 14:53:00,365.97,365.98,365.97,365.98,0.0,26.41,9668.08,1
2024-04-25,2024-04-25 14:54:00,365.98,365.98,365.98,365.98,0.0,26.41,9668.08,0
2024-04-25,2024-04-25 14:55:00,365.98,365.98,365.98,365.98,0.0,26.41,9668.08,0
2024-04-25,2024-04-25 14:56:00,365.98,365.99,365.98,365.99,0.0,26.41,9668.08,1
2024-04-25,2024-04-25 14:57:00,365.99,365.99,365.99,365.99,0.0,26.41,9668.08,0
2024-04-25,2024-04-25 14:58:00,365.99,366.0,365.99,366.0,0.0,26.41,9668.08,1
2024-04-25,2024-04-25 14:59:00,366.0,366.0,366.0,366.0,0.0,26.41,9668.08,0
2024-04-25,2024-04-25 15:00:00,366.0,376.9,363.0,366.0,0.0,26.41,9668.08,0
2024-04-28,2024-04-28 11:00:00,359.1,361.47,359.1,359.12,0.01,43.26,15666.05,1
2024-04-28,2024-04-28 11:01:00,359.12,359.13,359.12,359.13,0.0,43.26,15666.05,1
2024-04-28,2024-04-28 11:02:00,359.13,359.15,359.13,359.15,0.01,43.26,15666.05,1
2024-04-28,2024-04-28 11:03:00,359.15,359.17,359.15,359.17,0.01,43.26,15666.05,1
2024-04-28,2024-04-28 11:04:00,359.17,359.18,359.17,359.18,0.0,43.26,15666.05,1
2024-04-28,2024-04-28 11:05:00,359.18,359.2,359.18,359.2,0.01,43.26,15666.05,1
2024-04-28,2024-04-28 11:06:00,359.2,359.21,359.2,359.21,0.0,43.26,15666.05,1
2024-04-28,2024-04-28 11:07:00,359.21,359.23,359.21,359.23,0.01,43.26,15666.05,1
2024-04-28,2024-04-28 11:08:00,359.23,359.25,359.23,359.25,0.01,43.26,15666.05,1
2024-04-28,2024-04-28 11:09:00,359.25,359.26,359.25,359.26,0.0,43.26,15666.05,1
2024-04-28,2024-04-28 11:10:00,359.26,359.28,359.26,359.28,0.01,43.26,15666.05,1
2024-04-28,2024-04-28 11:11:00,359.28,359.3,359.28,359.3,0.01,43.26,15666.05,1
2024-04-28,2024-04-28 11:12:00,359.3,359.31,359.3,359.31,0.0,43.26,15666.05,1
2024-04-28,2024-04-28 11:13:00,359.31,359.33,359.31,359.33,0.01,43.26,15666.05,1
2024-04-28,2024-04-28 11:14:00,359.33,359.34,359.33,359.34,0.0,43.26,15666.05,1
2024-04-28,2024-04-28 11:15:00,359.34,359.36,359.34,359.36,0.01,43.26,15666.05,1
2024-04-28,2024-04-28 11:16:00,359.36,359.38,359.36,359.38,0.01,43.26,15666.05,1
2024-04-28,2024-04-28 11:17:00,359.38,359.39,359.38,359.39,0.0,43.26,15666.05,1
2024-04-28,2024-04-28 11:18:00,359.39,359.41,359.39,359.41,0.01,43.26,15666.05,1
2024-04-28,2024-04-28 11:19:00,359.41,359.43,359.41,359.43,0.01,43.26,15666.05,1
2024-04-28,2024-04-28 11:20:00,359.43,359.44,359.43,359.44,0.0,43.26,15666.05,1
2024-04-28,2024-04-28 11:21:00,359.44,359.46,359.44,359.46,0.01,43.26,15666.05,1
2024-04-28,2024-04-28 11:22:00,359.46,359.47,359.46,359.47,0.0,43.26,15666.05,1
2024-04-28,2024-04-28 11:23:00,359.47,359.49,359.47,359.49,0.01,43.26,15666.05,1
2024-04-28,2024-04-28 11:24:00,359.49,359.51,359.49,359.51,0.01,43.26,15666.05,1
2024-04-28,2024-04-28 11:25:00,359.51,359.52,359.51,359.52,0.0,43.26,15666.05,1
2024-04-28,2024-04-28 11:26:00,359.52,359.54,359.52,359.54,0.01,43.26,15666.05,1
2024-04-28,2024-04-28 11:27:00,359.54,359.56,359.54,359.56,0.01,43.26,15666.05,1
2024-04-28,2024-04-28 11:28:00,359.56,359.57,359.56,359.57,0.0,43.26,15666.05,1
2024-04-28,2024-04-28 11:29:00,359.57,359.59,359.57,359.59,0.01,43.26,15666.05,1
2024-04-28,2024-04-28 11:30:00,359.59,359.6,359.59,359.6,0.0,43.26,15666.05,1
2024-04-28,2024-04-28 11:31:00,359.6,359.62,359.6,359.62,0.01,43.26,15666.05,1
2024-04-28,2024-04-28 11:32:00,359.62,359.64,359.62,359.64,0.01,43.26,15666.05,1
2024-04-28,2024-04-28 11:33:00,359.64,359.65,359.64,359.65,0.0,43.26,15666.05,1
2024-04-28,2024-04-28 11:34:00,359.65,359.67,359.65,359.67,0.01,43.26,15666.05,1
2024-04-28,2024-04-28 11:35:00,359.67,359.69,359.67,359.69,0.01,43.26,15666.05,1
2024-04-28,2024-04-28 11:36:00,359.69,359.7,359.69,359.7,0.0,43.26,15666.05,1
2024-04-28,2024-04-28 11:37:00,359.7,359.72,359.7,359.72,0.01,43.26,15666.05,1
2024-04-28,2024-04-28 11:38:00,359.72,359.73,359.72,359.73,0.0,43.26,15666.05,1
2024-04-28,2024-04-28 11:39:00,359.73,359.75,359.73,359.75,0.01,43.26,15666.05,1
2024-04-28,2024-04-28 11:40:00,359.75,359.77,359.75,359.77,0.01,43.26,15666.05,1
2024-04-28,2024-04-28 11:41:00,359.77,359.78,359.77,359.78,0.0,43.26,15666.05,1
2024-04-28,2024-04-28 11:42:00,359.78,359.8,359.78,359.8,0.01,43.26,15666.05,1
2024-04-28,2024-04-28 11:43:00,359.8,359.81,359.8,359.81,0.0,43.26,15666.05,1
2024-04-28,2024-04-28 11:44:00,359.81,359.83,359.81,359.83,0.01,43.26,15666.05,1
2024-04-28,2024-04-28 11:45:00,359.83,359.85,359.83,359.85,0.01,43.26,15666.05,1
2024-04-28,2024-04-28 11:46:00,359.85,359.86,359.85,359.86,0.0,43.26,15666.05,1
2024-04-28,2024-04-28 11:47:00,359.86,359.88,359.86,359.88,0.01,43.26,15666.05,1
2024-04-28,2024-04-28 11:48:00,359.88,359.9,359.88,359.9,0.01,43.26,15666.05,1
2024-04-28,2024-04-28 11:49:00,359.9,359.91,359.9,359.91,0.0,43.26,15666.05,1
2024-04-28,2024-04-28 11:50:00,359.91,359.93,359.91,359.93,0.01,43.26,15666.05,1
2024-04-28,2024-04-28 11:51:00,359.93,359.94,359.93,359.94,0.0,43.26,15666.05,1
2024-04-28,2024-04-28 11:52:00,359.94,359.96,359.94,359.96,0.01,43.26,15666.05,1
2024-04-28,2024-04-28 11:53:00,359.96,359.98,359.96,359.98,0.01,43.26,15666.05,1
2024-04-28,2024-04-28 11:54:00,359.98,359.99,359.98,359.99,0.0,43.26,15666.05,1
2024-04-28,2024-04-28 11:55:00,359.99,360.01,359.99,360.01,0.01,43.26,15666.05,1
2024-04-28,2024-04-28 11:56:00,360.01,360.03,360.01,360.03,0.01,43.26,15666.05,1
2024-04-28,2024-04-28 11:57:00,360.03,360.04,360.03,360.04,0.0,43.26,15666.05,1
2024-04-28,2024-04-28 11:58:00,360.04,360.06,360.04,360.06,0.01,43.26,15666.05,1
2024-04-28,2024-04-28 11:59:00,360.06,360.08,360.06,360.08,0.01,43.26,15666.05,1
2024-04-28,2024-04-28 12:00:00,360.08,360.09,360.08,360.09,0.0,43.26,15666.05,1
2024-04-28,2024-04-28 12:01:00,360.09,360.11,360.09,360.11,0.01,43.26,15666.05,1
2024-04-28,2024-04-28 12:02:00,360.11,360.12,360.11,360.12,0.0,43.26,15666.05,1
2024-04-28,2024-04-28 12:03:00,360.12,360.14,360.12,360.14,0.01,43.26,15666.05,1
2024-04-28,2024-04-28 12:04:00,360.14,360.16,360.14,360.16,0.01,43.26,15666.05,1
2024-04-28,2024-04-28 12:05:00,360.16,360.17,360.16,360.17,0.0,43.26,15666.05,1
2024-04-28,2024-04-28 12:06:00,360.17,360.19,360.17,360.19,0.01,43.26,15666.05,1
2024-04-28,2024-04-28 12:07:00,360.19,360.21,360.19,360.21,0.01,43.26,15666.05,1
2024-04-28,2024-04-28 12:08:00,360.21,360.22,360.21,360.22,0.0,43.26,15666.05,1
2024-04-28,2024-04-28 12:09:00,360.22,360.24,360.22,360.24,0.01,43.26,15666.05,1
2024-04-28,2024-04-28 12:10:00,360.24,360.25,360.24,360.25,0.0,43.26,15666.05,1
2024-04-28,2024-04-28 12:11:00,360.25,360.27,360.25,360.27,0.01,43.26,15666.05,1
2024-04-28,2024-04-28 12:12:00,360.27,360.29,360.27,360.29,0.01,43.26,15666.05,1
2024-04-28,2024-04-28 12:13:00,360.29,360.3,360.29,360.3,0.0,43.26,15666.05,1
2024-04-28,2024-04-28 12:14:00,360.3,360.32,360.3,360.32,0.01,43.26,15666.05,1
2024-04-28,2024-04-28 12:15:00,360.32,360.34,360.32,360.34,0.01,43.26,15666.05,1
2024-04-28,2024-04-28 12:16:00,360.34,360.35,360.34,360.35,0.0,43.26,15666.05,1
2024-04-28,2024-04-28 12:17:00,360.35,360.37,360.35,360.37,0.01,43.26,15666.05,1
2024-04-28,2024-04-28 12:18:00,360.37,360.38,360.37,360.38,0.0,43.26,15666.05,1
2024-04-28,2024-04-28 12:19:00,360.38,360.4,360.38,360.4,0.01,43.26,15666.05,1
2024-04-28,2024-04-28 12:20:00,360.4,360.42,360.4,360.42,0.01,43.26,15666.05,1
2024-04-28,2024-04-28 12:21:00,360.42,360.43,360.42,360.43,0.0,43.26,15666.05,1
2024-04-28,2024-04-28 12:22:00,360.43,360.45,360.43,360.45,0.01,43.26,15666.05,1
2024-04-28,2024-04-28 12:23:00,360.45,360.47,360.45,360.47,0.01,43.26,15666.05,1
2024-04-28,2024-04-28 12:24:00,360.47,360.48,360.47,360.48,0.0,43.26,15666.05,1
2024-04-28,2024-04-28 12:25:00,360.48,360.5,360.48,360.5,0.01,43.26,15666.05,1
2024-04-28,2024-04-28 12:26:00,360.5,360.51,360.5,360.51,0.0,43.26,15666.05,1
2024-04-28,2024-04-28 12:27:00,360.51,360.53,360.51,360.53,0.01,43.26,15666.05,1
2024-04-28,2024-04-28 12:28:00,360.53,360.55,360.53,360.55,0.01,43.26,15666.05,1
2024-04-28,2024-04-28 12:29:00,360.55,360.56,360.55,360.56,0.0,43.26,15666.05,1
2024-04-28,2024-04-28 12:30:00,360.56,360.58,360.56,360.58,0.01,43.26,15666.05,1
2024-04-28,2024-04-28 12:31:00,360.58,360.6,360.58,360.6,0.01,43.26,15666.05,1
2024-04-28,2024-04-28 12:32:00,360.6,360.61,360.6,360.61,0.0,43.26,15666.05,1
2024-04-28,2024-04-28 12:33:00,360.61,360.63,360.61,360.63,0.01,43.26,15666.05,1
2024-04-28,2024-04-28 12:34:00,360.63,360.64,360.63,360.64,0.0,43.26,15666.05,1
2024-04-28,2024-04-28 12:35:00,360.64,360.66,360.64,360.66,0.01,43.26,15666.05,1
2024-04-28,2024-04-28 12:36:00,360.66,360.68,360.66,360.68,0.01,43.26,15666.05,1
2024-04-28,2024-04-28 12:37:00,360.68,360.69,360.68,360.69,0.0,43.26,15666.05,1
2024-04-28,2024-04-28 12:38:00,360.69,360.71,360.69,360.71,0.01,43.26,15666.05,1
2024-04-28,2024-04-28 12:39:00,360.71,360.73,360.71,360.73,0.01,43.26,15666.05,1
2024-04-28,2024-04-28 12:40:00,360.73,360.74,360.73,360.74,0.0,43.26,15666.05,1
2024-04-28,2024-04-28 12:41:00,360.74,360.76,360.74,360.76,0.01,43.26,15666.05,1
2024-04-28,2024-04-28 12:42:00,360.76,360.77,360.76,360.77,0.0,43.26,15666.05,1
2024-04-28,2024-04-28 12:43:00,360.77,360.79,360.77,360.79,0.01,43.26,15666.05,1
2024-04-28,2024-04-28 12:44:00,360.79,360.81,360.79,360.81,0.01,43.26,15666.05,1
2024-04-28,2024-04-28 12:45:00,360.81,360.82,360.81,360.82,0.0,43.26,15666.05,1
2024-04-28,2024-04-28 12:46:00,360.82,360.84,360.82,360.84,0.01,43.26,15666.05,1
2024-04-28,2024-04-28 12:47:00,360.84,360.86,360.84,360.86,0.01,43.26,15666.05,1
2024-04-28,2024-04-28 12:48:00,360.86,360.87,360.86,360.87,0.0,43.26,15666.05,1
2024-04-28,2024-04-28 12:49:00,360.87,360.89,360.87,360.89,0.01,43.26,15666.05,1
2024-04-28,2024-04-28 12:50:00,360.89,360.9,360.89,360.9,0.0,43.26,15666.05,1
2024-04-28,2024-04-28 12:51:00,360.9,360.92,360.9,360.92,0.01,43.26,15666.05,1
2024-04-28,2024-04-28 12:52:00,360.92,360.94,360.92,360.94,0.01,43.26,15666.05,1
2024-04-28,2024-04-28 12:53:00,360.94,360.95,360.94,360.95,0.0,43.26,15666.05,1
2024-04-28,2024-04-28 12:54:00,360.95,360.97,360.95,360.97,0.01,43.26,15666.05,1
2024-04-28,2024-04-28 12:55:00,360.97,360.99,360.97,360.99,0.01,43.26,15666.05,1
2024-04-28,2024-04-28 12:56:00,360.99,361.0,360.99,361.0,0.0,43.26,15666.05,1
2024-04-28,2024-04-28 12:57:00,361.0,361.02,361.0,361.02,0.01,43.26,15666.05,1
2024-04-28,2024-04-28 12:58:00,361.02,361.03,361.02,361.03,0.0,43.26,15666.05,1
2024-04-28,2024-04-28 12:59:00,361.03,361.05,361.03,361.05,0.01,43.26,15666.05,1
2024-04-28,2024-04-28 13:00:00,361.05,367.0,359.1,361.07,0.01,43.26,15666.05,1
2024-04-28,2024-04-28 13:01:00,361.07,361.08,361.07,361.08,0.0,43.26,15666.05,1
2024-04-28,2024-04-28 13:02:00,361.08,361.1,361.08,361.1,0.01,43.26,15666.05,1
2024-04-28,2024-04-28 13:03:00,361.1,361.12,361.1,361.12,0.01,43.26,15666.05,1
2024-04-28,2024-04-28 13:04:00,361.12,361.13,361.12,361.13,0.0,43.26,15666.05,1
2024-04-28,2024-04-28 13:05:00,361.13,361.15,361.13,361.15,0.01,43.26,15666.05,1
2024-04-28,2024-04-28 13:06:00,361.15,361.16,361.15,361.16,0.0,43.26,15666.05,1
2024-04-28,2024-04-28 13:07:00,361.16,361.18,361.16,361.18,0.01,43.26,15666.05,1
2024-04-28,2024-04-28 13:08:00,361.18,361.2,361.18,361.2,0.01,43.26,15666.05,1
2024-04-28,2024-04-28 13:09:00,361.2,361.21,361.2,361.21,0.0,43.26,15666.05,1
2024-04-28,2024-04-28 13:10:00,361.21,361.23,361.21,361.23,0.01,43.26,15666.05,1
2024-04-28,2024-04-28 13:11:00,361.23,361.25,361.23,361.25,0.01,43.26,15666.05,1
2024-04-28,2024-04-28 13:12:00,361.25,361.26,361.25,361.26,0.0,43.26,15666.05,1
2024-04-28,2024-04-28 13:13:00,361.26,361.28,361.26,361.28,0.01,43.26,15666.05,1
2024-04-28,2024-04-28 13:14:00,361.28,361.29,361.28,361.29,0.0,43.26,15666.05,1
2024-04-28,2024-04-28 13:15:00,361.29,361.31,361.29,361.31,0.01,43.26,15666.05,1
2024-04-28,2024-04-28 13:16:00,361.31,361.33,361.31,361.33,0.01,43.26,15666.05,1
2024-04-28,2024-04-28 13:17:00,361.33,361.34,361.33,361.34,0.0,43.26,15666.05,1
2024-04-28,2024-04-28 13:18:00,361.34,361.36,361.34,361.36,0.01,43.26,15666.05,1
2024-04-28,2024-04-28 13:19:00,361.36,361.38,361.36,361.38,0.01,43.26,15666.05,1
2024-04-28,2024-04-28 13:20:00,361.38,361.39,361.38,361.39,0.0,43.26,15666.05,1
2024-04-28,2024-04-28 13:21:00,361.39,361.41,361.39,361.41,0.01,43.26,15666.05,1
2024-04-28,2024-04-28 13:22:00,361.41,361.42,361.41,361.42,0.0,43.26,15666.05,1
2024-04-28,2024-04-28 13:23:00,361.42,361.44,361.42,361.44,0.01,43.26,15666.05,1
2024-04-28,2024-04-28 13:24:00,361.44,361.46,361.44,361.46,0.01,43.26,15666.05,1
2024-04-28,2024-04-28 13:25:00,361.46,361.47,361.46,361.47,0.0,43.26,15666.05,1
2024-04-28,2024-04-28 13:26:00,361.47,361.49,361.47,361.49,0.01,43.26,15666.05,1
2024-04-28,2024-04-28 13:27:00,361.49,361.5,361.49,361.5,0.0,43.26,15666.05,1
2024-04-28,2024-04-28 13:28:00,361.5,361.52,361.5,361.52,0.01,43.26,15666.05,1
2024-04-28,2024-04-28 13:29:00,361.52,361.54,361.52,361.54,0.01,43.26,15666.05,1
2024-04-28,2024-04-28 13:30:00,361.54,361.55,361.54,361.55,0.0,43.26,15666.05,1
2024-04-28,2024-04-28 13:31:00,361.55,361.57,361.55,361.57,0.01,43.26,15666.05,1
2024-04-28,2024-04-28 13:32:00,361.57,361.59,361.57,361.59,0.01,43.26,15666.05,1
2024-04-28,2024-04-28 13:33:00,361.59,361.6,361.59,361.6,0.0,43.26,15666.05,1
2024-04-28,2024-04-28 13:34:00,361.6,361.62,361.6,361.62,0.01,43.26,15666.05,1
2024-04-28,2024-04-28 13:35:00,361.62,361.63,361.62,361.63,0.0,43.26,15666.05,1
2024-04-28,2024-04-28 13:36:00,361.63,361.65,361.63,361.65,0.01,43.26,15666.05,1
2024-04-28,2024-04-28 13:37:00,361.65,361.67,361.65,361.67,0.01,43.26,15666.05,1
2024-04-28,2024-04-28 13:38:00,361.67,361.68,361.67,361.68,0.0,43.26,15666.05,1
2024-04-28,2024-04-28 13:39:00,361.68,361.7,361.68,361.7,0.01,43.26,15666.05,1
2024-04-28,2024-04-28 13:40:00,361.7,361.72,361.7,361.72,0.01,43.26,15666.05,1
2024-04-28,2024-04-28 13:41:00,361.72,361.73,361.72,361.73,0.0,43.26,15666.05,1
2024-04-28,2024-04-28 13:42:00,361.73,361.75,361.73,361.75,0.01,43.26,15666.05,1
2024-04-28,2024-04-28 13:43:00,361.75,361.76,361.75,361.76,0.0,43.26,15666.05,1
2024-04-28,2024-04-28 13:44:00,361.76,361.78,361.76,361.78,0.01,43.26,15666.05,1
2024-04-28,2024-04-28 13:45:00,361.78,361.8,361.78,361.8,0.01,43.26,15666.05,1
2024-04-28,2024-04-28 13:46:00,361.8,361.81,361.8,361.81,0.0,43.26,15666.05,1
2024-04-28,2024-04-28 13:47:00,361.81,361.83,361.81,361.83,0.01,43.26,15666.05,1
2024-04-28,2024-04-28 13:48:00,361.83,361.85,361.83,361.85,0.01,43.26,15666.05,1
2024-04-28,2024-04-28 13:49:00,361.85,361.86,361.85,361.86,0.0,43.26,15666.05,1
2024-04-28,2024-04-28 13:50:00,361.86,361.88,361.86,361.88,0.01,43.26,15666.05,1
2024-04-28,2024-04-28 13:51:00,361.88,361.89,361.88,361.89,0.0,43.26,15666.05,1
2024-04-28,2024-04-28 13:52:00,361.89,361.91,361.89,361.91,0.01,43.26,15666.05,1
2024-04-28,2024-04-28 13:53:00,361.91,361.93,361.91,361.93,0.01,43.26,15666.05,1
2024-04-28,2024-04-28 13:54:00,361.93,361.94,361.93,361.94,0.0,43.26,15666.05,1
2024-04-28,2024-04-28 13:55:00,361.94,361.96,361.94,361.96,0.01,43.26,15666.05,1
2024-04-28,2024-04-28 13:56:00,361.96,361.98,361.96,361.98,0.01,43.26,15666.05,1
2024-04-28,2024-04-28 13:57:00,361.98,361.99,361.98,361.99,0.0,43.26,15666.05,1
2024-04-28,2024-04-28 13:58:00,361.99,362.01,361.99,362.01,0.01,43.26,15666.05,1
2024-04-28,2024-04-28 13:59:00,362.01,362.02,362.01,362.02,0.0,43.26,15666.05,1
2024-04-28,2024-04-28 14:00:00,362.02,362.04,362.02,362.04,0.01,43.26,15666.05,1
2024-04-28,2024-04-28 14:01:00,362.04,362.06,362.04,362.06,0.01,43.26,15666.05,1
2024-04-28,2024-04-28 14:02:00,362.06,362.07,362.06,362.07,0.0,43.26,15666.05,1
2024-04-28,2024-04-28 14:03:00,362.07,362.09,362.07,362.09,0.01,43.26,15666.05,1
2024-04-28,2024-04-28 14:04:00,362.09,362.11,362.09,362.11,0.01,43.26,15666.05,1
2024-04-28,2024-04-28 14:05:00,362.11,362.12,362.11,362.12,0.0,43.26,15666.05,1
2024-04-28,2024-04-28 14:06:00,362.12,362.14,362.12,362.14,0.01,43.26,15666.05,1
2024-04-28,2024-04-28 14:07:00,362.14,362.16,362.14,362.16,0.01,43.26,15666.05,1
2024-04-28,2024-04-28 14:08:00,362.16,362.17,362.16,362.17,0.0,43.26,15666.05,1
2024-04-28,2024-04-28 14:09:00,362.17,362.19,362.17,362.19,0.01,43.26,15666.05,1
2024-04-28,2024-04-28 14:10:00,362.19,362.2,362.19,362.2,0.0,43.26,15666.05,1
2024-04-28,2024-04-28 14:11:00,362.2,362.22,362.2,362.22,0.01,43.26,15666.05,1
2024-04-28,2024-04-28 14:12:00,362.22,362.24,362.22,362.24,0.01,43.26,15666.05,1
2024-04-28,2024-04-28 14:13:00,362.24,362.25,362.24,362.25,0.0,43.26,15666.05,1
2024-04-28,2024-04-28 14:14:00,362.25,362.27,362.25,362.27,0.01,43.26,15666.05,1
2024-04-28,2024-04-28 14:15:00,362.27,362.29,362.27,362.29,0.01,43.26,15666.05,1
2024-04-28,2024-04-28 14:16:00,362.29,362.3,362.29,362.3,0.0,43.26,15666.05,1
2024-04-28,2024-04-28 14:17:00,362.3,362.32,362.3,362.32,0.01,43.26,15666.05,1
2024-04-28,2024-04-28 14:18:00,362.32,362.33,362.32,362.33,0.0,43.26,15666.05,1
2024-04-28,2024-04-28 14:19:00,362.33,362.35,362.33,362.35,0.01,43.26,15666.05,1
2024-04-28,2024-04-28 14:20:00,362.35,362.37,362.35,362.37,0.01,43.26,15666.05,1
2024-04-28,2024-04-28 14:21:00,362.37,362.38,362.37,362.38,0.0,43.26,15666.05,1
2024-04-28,2024-04-28 14:22:00,362.38,362.4,362.38,362.4,0.01,43.26,15666.05,1
2024-04-28,2024-04-28 14:23:00,362.4,362.42,362.4,362.42,0.01,43.26,15666.05,1
2024-04-28,2024-04-28 14:24:00,362.42,362.43,362.42,362.43,0.0,43.26,15666.05,1
2024-04-28,2024-04-28 14:25:00,362.43,362.45,362.43,362.45,0.01,43.26,15666.05,1
2024-04-28,2024-04-28 14:26:00,362.45,362.46,362.45,362.46,0.0,43.26,15666.05,1
2024-04-28,2024-04-28 14:27:00,362.46,362.48,362.46,362.48,0.01,43.26,15666.05,1
2024-04-28,2024-04-28 14:28:00,362.48,362.5,362.48,362.5,0.01,43.26,15666.05,1
2024-04-28,2024-04-28 14:29:00,362.5,362.51,362.5,362.51,0.0,43.26,15666.05,1
2024-04-28,2024-04-28 14:30:00,362.51,362.53,362.51,362.53,0.01,43.26,15666.05,1
2024-04-28,2024-04-28 14:31:00,362.53,362.55,362.53,362.55,0.01,43.26,15666.05,1
2024-04-28,2024-04-28 14:32:00,362.55,362.56,362.55,362.56,0.0,43.26,15666.05,1
2024-04-28,2024-04-28 14:33:00,362.56,362.58,362.56,362.58,0.01,43.26,15666.05,1
2024-04-28,2024-04-28 14:34:00,362.58,362.59,362.58,362.59,0.0,43.26,15666.05,1
2024-04-28,2024-04-28 14:35:00,362.59,362.61,362.59,362.61,0.01,43.26,15666.05,1
2024-04-28,2024-04-28 14:36:00,362.61,362.63,362.61,362.63,0.01,43.26,15666.05,1
2024-04-28,2024-04-28 14:37:00,362.63,362.64,362.63,362.64,0.0,43.26,15666.05,1
2024-04-28,2024-04-28 14:38:00,362.64,362.66,362.64,362.66,0.01,43.26,15666.05,1
2024-04-28,2024-04-28 14:39:00,362.66,362.68,362.66,362.68,0.01,43.26,15666.05,1
2024-04-28,2024-04-28 14:40:00,362.68,362.69,362.68,362.69,0.0,43.26,15666.05,1
2024-04-28,2024-04-28 14:41:00,362.69,362.71,362.69,362.71,0.01,43.26,15666.05,1
2024-04-28,2024-04-28 14:42:00,362.71,362.72,362.71,362.72,0.0,43.26,15666.05,1
2024-04-28,2024-04-28 14:43:00,362.72,362.74,362.72,362.74,0.01,43.26,15666.05,1
2024-04-28,2024-04-28 14:44:00,362.74,362.76,362.74,362.76,0.01,43.26,15666.05,1
2024-04-28,2024-04-28 14:45:00,362.76,362.77,362.76,362.77,0.0,43.26,15666.05,1
2024-04-28,2024-04-28 14:46:00,362.77,362.79,362.77,362.79,0.01,43.26,15666.05,1
2024-04-28,2024-04-28 14:47:00,362.79,362.81,362.79,362.81,0.01,43.26,15666.05,1
2024-04-28,2024-04-28 14:48:00,362.81,362.82,362.81,362.82,0.0,43.26,15666.05,1
2024-04-28,2024-04-28 14:49:00,362.82,362.84,362.82,362.84,0.01,43.26,15666.05,1
2024-04-28,2024-04-28 14:50:00,362.84,362.85,362.84,362.85,0.0,43.26,15666.05,1
2024-04-28,2024-04-28 14:51:00,362.85,362.87,362.85,362.87,0.01,43.26,15666.05,1
2024-04-28,2024-04-28 14:52:00,362.87,362.89,362.87,362.89,0.01,43.26,15666.05,1
2024-04-28,2024-04-28 14:53:00,362.89,362.9,362.89,362.9,0.0,43.26,15666.05,1
2024-04-28,2024-04-28 14:54:00,362.9,362.92,362.9,362.92,0.01,43.26,15666.05,1
2024-04-28,2024-04-28 14:55:00,362.92,362.94,362.92,362.94,0.01,43.26,15666.05,1
2024-04-28,2024-04-28 14:56:00,362.94,362.95,362.94,362.95,0.0,43.26,15666.05,1
2024-04-28,2024-04-28 14:57:00,362.95,362.97,362.95,362.97,0.01,43.26,15666.05,1
2024-04-28,2024-04-28 14:58:00,362.97,362.98,362.97,362.98,0.0,43.26,15666.05,1
2024-04-28,2024-04-28 14:59:00,362.98,363.0,362.98,363.0,0.01,43.26,15666.05,1
2024-04-28,2024-04-28 15:00:00,363.0,367.0,359.1,363.0,0.0,43.26,15666.05,0
2024-04-29,2024-04-29 11:00:00,370.2,371.64,367.53,370.17,-0.01,35.1,12785.97,-1
2024-04-29,2024-04-29 11:01:00,370.17,370.17,370.15,370.15,-0.01,35.1,12785.97,-1
2024-04-29,2024-04-29 11:02:00,370.15,370.15,370.12,370.12,-0.01,35.1,12785.97,-1
2024-04-29,2024-04-29 11:03:00,370.12,370.12,370.1,370.1,-0.01,35.1,12785.97,-1
2024-04-29,2024-04-29 11:04:00,370.1,370.1,370.07,370.07,-0.01,35.1,12785.97,-1
2024-04-29,2024-04-29 11:05:00,370.07,370.07,370.05,370.05,-0.01,35.1,12785.97,-1
2024-04-29,2024-04-29 11:06:00,370.05,370.05,370.02,370.02,-0.01,35.1,12785.97,-1
2024-04-29,2024-04-29 11:07:00,370.02,370.02,369.99,369.99,-0.01,35.1,12785.97,-1
2024-04-29,2024-04-29 11:08:00,369.99,369.99,369.97,369.97,-0.01,35.1,12785.97,-1
2024-04-29,2024-04-29 11:09:00,369.97,369.97,369.94,369.94,-0.01,35.1,12785.97,-1
2024-04-29,2024-04-29 11:10:00,369.94,369.94,369.92,369.92,-0.01,35.1,12785.97,-1
2024-04-29,2024-04-29 11:11:00,369.92,369.92,369.89,369.89,-0.01,35.1,12785.97,-1
2024-04-29,2024-04-29 11:12:00,369.89,369.89,369.86,369.86,-0.01,35.1,12785.97,-1
2024-04-29,2024-04-29 11:13:00,369.86,369.86,369.84,369.84,-0.01,35.1,12785.97,-1
2024-04-29,2024-04-29 11:14:00,369.84,369.84,369.81,369.81,-0.01,35.1,12785.97,-1
2024-04-29,2024-04-29 11:15:00,369.81,369.81,369.79,369.79,-0.01,35.1,12785.97,-1
2024-04-29,2024-04-29 11:16:00,369.79,369.79,369.76,369.76,-0.01,35.1,12785.97,-1
2024-04-29,2024-04-29 11:17:00,369.76,369.76,369.74,369.74,-0.01,35.1,12785.97,-1
2024-04-29,2024-04-29 11:18:00,369.74,369.74,369.71,369.71,-0.01,35.1,12785.97,-1
2024-04-29,2024-04-29 11:19:00,369.71,369.71,369.68,369.68,-0.01,35.1,12785.97,-1
2024-04-29,2024-04-29 11:20:00,369.68,369.68,369.66,369.66,-0.01,35.1,12785.97,-1
2024-04-29,2024-04-29 11:21:00,369.66,369.66,369.63,369.63,-0.01,35.1,12785.97,-1
2024-04-29,2024-04-29 11:22:00,369.63,369.63,369.61,369.61,-0.01,35.1,12785.97,-1
2024-04-29,2024-04-29 11:23:00,369.61,369.61,369.58,369.58,-0.01,35.1,12785.97,-1
2024-04-29,2024-04-29 11:24:00,369.58,369.58,369.55,369.55,-0.01,35.1,12785.97,-1
2024-04-29,2024-04-29 11:25:00,369.55,369.55,369.53,369.53,-0.01,35.1,12785.97,-1
2024-04-29,2024-04-29 11:26:00,369.53,369.53,369.5,369.5,-0.01,35.1,12785.97,-1
2024-04-29,2024-04-29 11:27:00,369.5,369.5,369.48,369.48,-0.01,35.1,12785.97,-1
2024-04-29,2024-04-29 11:28:00,369.48,369.48,369.45,369.45,-0.01,35.1,12785.97,-1
2024-04-29,2024-04-29 11:29:00,369.45,369.45,369.43,369.43,-0.01,35.1,12785.97,-1
2024-04-29,2024-04-29 11:30:00,369.43,369.43,369.4,369.4,-0.01,35.1,12785.97,-1
2024-04-29,2024-04-29 11:31:00,369.4,369.4,369.37,369.37,-0.01,35.1,12785.97,-1
2024-04-29,2024-04-29 11:32:00,369.37,369.37,369.35,369.35,-0.01,35.1,12785.97,-1
2024-04-29,2024-04-29 11:33:00,369.35,369.35,369.32,369.32,-0.01,35.1,12785.97,-1
2024-04-29,2024-04-29 11:34:00,369.32,369.32,369.3,369.3,-0.01,35.1,12785.97,-1
2024-04-29,2024-04-29 11:35:00,369.3,369.3,369.27,369.27,-0.01,35.1,12785.97,-1
2024-04-29,2024-04-29 11:36:00,369.27,369.27,369.24,369.24,-0.01,35.1,12785.97,-1
2024-04-29,2024-04-29 11:37:00,369.24,369.24,369.22,369.22,-0.01,35.1,12785.97,-1
2024-04-29,2024-04-29 11:38:00,369.22,369.22,369.19,369.19,-0.01,35.1,12785.97,-1
2024-04-29,2024-04-29 11:39:00,369.19,369.19,369.17,369.17,-0.01,35.1,12785.97,-1
2024-04-29,2024-04-29 11:40:00,369.17,369.17,369.14,369.14,-0.01,35.1,12785.97,-1
2024-04-29,2024-04-29 11:41:00,369.14,369.14,369.12,369.12,-0.01,35.1,12785.97,-1
2024-04-29,2024-04-29 11:42:00,369.12,369.12,369.09,369.09,-0.01,35.1,12785.97,-1
2024-04-29,2024-04-29 11:43:00,369.09,369.09,369.06,369.06,-0.01,35.1,12785.97,-1
2024-04-29,2024-04-29 11:44:00,369.06,369.06,369.04,369.04,-0.01,35.1,12785.97,-1
2024-04-29,2024-04-29 11:45:00,369.04,369.04,369.01,369.01,-0.01,35.1,12785.97,-1
2024-04-29,2024-04-29 11:46:00,369.01,369.01,368.99,368.99,-0.01,35.1,12785.97,-1
2024-04-29,2024-04-29 11:47:00,368.99,368.99,368.96,368.96,-0.01,35.1,12785.97,-1
2024-04-29,2024-04-29 11:48:00,368.96,368.96,368.93,368.93,-0.01,35.1,12785.97,-1
2024-04-29,2024-04-29 11:49:00,368.93,368.93,368.91,368.91,-0.01,35.1,12785.97,-1
2024-04-29,2024-04-29 11:50:00,368.91,368.91,368.88,368.88,-0.01,35.1,12785.97,-1
2024-04-29,2024-04-29 11:51:00,368.88,368.88,368.86,368.86,-0.01,35.1,12785.97,-1
2024-04-29,2024-04-29 11:52:00,368.86,368.86,368.83,368.83,-0.01,35.1,12785.97,-1
2024-04-29,2024-04-29 11:53:00,368.83,368.83,368.81,368.81,-0.01,35.1,12785.97,-1
2024-04-29,2024-04-29 11:54:00,368.81,368.81,368.78,368.78,-0.01,35.1,12785.97,-1
2024-04-29,2024-04-29 11:55:00,368.78,368.78,368.75,368.75,-0.01,35.1,12785.97,-1
2024-04-29,2024-04-29 11:56:00,368.75,368.75,368.73,368.73,-0.01,35.1,12785.97,-1
2024-04-29,2024-04-29 11:57:00,368.73,368.73,368.7,368.7,-0.01,35.1,12785.97,-1
2024-04-29,2024-04-29 11:58:00,368.7,368.7,368.68,368.68,-0.01,35.1,12785.97,-1
2024-04-29,2024-04-29 11:59:00,368.68,368.68,368.65,368.65,-0.01,35.1,12785.97,-1
2024-04-29,2024-04-29 12:00:00,368.65,368.65,368.62,368.62,-0.01,35.1,12785.97,-1
2024-04-29,2024-04-29 12:01:00,368.62,368.62,368.6,368.6,-0.01,35.1,12785.97,-1
2024-04-29,2024-04-29 12:02:00,368.6,368.6,368.57,368.57,-0.01,35.1,12785.97,-1
2024-04-29,2024-04-29 12:03:00,368.57,368.57,368.55,368.55,-0.01,35.1,12785.97,-1
2024-04-29,2024-04-29 12:04:00,368.55,368.55,368.52,368.52,-0.01,35.1,12785.97,-1
2024-04-29,2024-04-29 12:05:00,368.52,368.52,368.5,368.5,-0.01,35.1,12785.97,-1
2024-04-29,2024-04-29 12:06:00,368.5,368.5,368.47,368.47,-0.01,35.1,12785.97,-1
2024-04-29,2024-04-29 12:07:00,368.47,368.47,368.44,368.44,-0.01,35.1,12785.97,-1
2024-04-29,2024-04-29 12:08:00,368.44,368.44,368.42,368.42,-0.01,35.1,12785.97,-1
2024-04-29,2024-04-29 12:09:00,368.42,368.42,368.39,368.39,-0.01,35.1,12785.97,-1
2024-04-29,2024-04-29 12:10:00,368.39,368.39,368.37,368.37,-0.01,35.1,12785.97,-1
2024-04-29,2024-04-29 12:11:00,368.37,368.37,368.34,368.34,-0.01,35.1,12785.97,-1
2024-04-29,2024-04-29 12:12:00,368.34,368.34,368.31,368.31,-0.01,35.1,12785.97,-1
2024-04-29,2024-04-29 12:13:00,368.31,368.31,368.29,368.29,-0.01,35.1,12785.97,-1
2024-04-29,2024-04-29 12:14:00,368.29,368.29,368.26,368.26,-0.01,35.1,12785.97,-1
2024-04-29,2024-04-29 12:15:00,368.26,368.26,368.24,368.24,-0.01,35.1,12785.97,-1
2024-04-29,2024-04-29 12:16:00,368.24,368.24,368.21,368.21,-0.01,35.1,12785.97,-1
2024-04-29,2024-04-29 12:17:00,368.21,368.21,368.19,368.19,-0.01,35.1,12785.97,-1
2024-04-29,2024-04-29 12:18:00,368.19,368.19,368.16,368.16,-0.01,35.1,12785.97,-1
2024-04-29,2024-04-29 12:19:00,368.16,368.16,368.13,368.13,-0.01,35.1,12785.97,-1
2024-04-29,2024-04-29 12:20:00,368.13,368.13,368.11,368.11,-0.01,35.1,12785.97,-1
2024-04-29,2024-04-29 12:21:00,368.11,368.11,368.08,368.08,-0.01,35.1,12785.97,-1
2024-04-29,2024-04-29 12:22:00,368.08,368.08,368.06,368.06,-0.01,35.1,12785.97,-1
2024-04-29,2024-04-29 12:23:00,368.06,368.06,368.03,368.03,-0.01,35.1,12785.97,-1
2024-04-29,2024-04-29 12:24:00,368.03,368.03,368.0,368.0,-0.01,35.1,12785.97,-1
2024-04-29,2024-04-29 12:25:00,368.0,368.0,367.98,367.98,-0.01,35.1,12785.97,-1
2024-04-29,2024-04-29 12:26:00,367.98,367.98,367.95,367.95,-0.01,35.1,12785.97,-1
2024-04-29,2024-04-29 12:27:00,367.95,367.95,367.93,367.93,-0.01,35.1,12785.97,-1
2024-04-29,2024-04-29 12:28:00,367.93,367.93,367.9,367.9,-0.01,35.1,12785.97,-1
2024-04-29,2024-04-29 12:29:00,367.9,367.9,367.88,367.88,-0.01,35.1,12785.97,-1
2024-04-29,2024-04-29 12:30:00,367.88,367.88,367.85,367.85,-0.01,35.1,12785.97,-1
2024-04-29,2024-04-29 12:31:00,367.85,367.85,367.82,367.82,-0.01,35.1,12785.97,-1
2024-04-29,2024-04-29 12:32:00,367.82,367.82,367.8,367.8,-0.01,35.1,12785.97,-1
2024-04-29,2024-04-29 12:33:00,367.8,367.8,367.77,367.77,-0.01,35.1,12785.97,-1
2024-04-29,2024-04-29 12:34:00,367.77,367.77,367.75,367.75,-0.01,35.1,12785.97,-1
2024-04-29,2024-04-29 12:35:00,367.75,367.75,367.72,367.72,-0.01,35.1,12785.97,-1
2024-04-29,2024-04-29 12:36:00,367.72,367.72,367.69,367.69,-0.01,35.1,12785.97,-1
2024-04-29,2024-04-29 12:37:00,367.69,367.69,367.67,367.67,-0.01,35.1,12785.97,-1
2024-04-29,2024-04-29 12:38:00,367.67,367.67,367.64,367.64,-0.01,35.1,12785.97,-1
2024-04-29,2024-04-29 12:39:00,367.64,367.64,367.62,367.62,-0.01,35.1,12785.97,-1
2024-04-29,2024-04-29 12:40:00,367.62,367.62,367.59,367.59,-0.01,35.1,12785.97,-1
2024-04-29,2024-04-29 12:41:00,367.59,367.59,367.56,367.56,-0.01,35.1,12785.97,-1
2024-04-29,2024-04-29 12:42:00,367.56,367.56,367.54,367.54,-0.01,35.1,12785.97,-1
2024-04-29,2024-04-29 12:43:00,367.54,367.54,367.51,367.51,-0.01,35.1,12785.97,-1
2024-04-29,2024-04-29 12:44:00,367.51,367.51,367.49,367.49,-0.01,35.1,12785.97,-1
2024-04-29,2024-04-29 12:45:00,367.49,367.49,367.46,367.46,-0.01,35.1,12785.97,-1
2024-04-29,2024-04-29 12:46:00,367.46,367.46,367.44,367.44,-0.01,35.1,12785.97,-1
2024-04-29,2024-04-29 12:47:00,367.44,367.44,367.41,367.41,-0.01,35.1,12785.97,-1
2024-04-29,2024-04-29 12:48:00,367.41,367.41,367.38,367.38,-0.01,35.1,12785.97,-1
2024-04-29,2024-04-29 12:49:00,367.38,367.38,367.36,367.36,-0.01,35.1,12785.97,-1
2024-04-29,2024-04-29 12:50:00,367.36,367.36,367.33,367.33,-0.01,35.1,12785.97,-1
2024-04-29,2024-04-29 12:51:00,367.33,367.33,367.31,367.31,-0.01,35.1,12785.97,-1
2024-04-29,2024-04-29 12:52:00,367.31,367.31,367.28,367.28,-0.01,35.1,12785.97,-1
2024-04-29,2024-04-29 12:53:00,367.28,367.28,367.25,367.25,-0.01,35.1,12785.97,-1
2024-04-29,2024-04-29 12:54:00,367.25,367.25,367.23,367.23,-0.01,35.1,12785.97,-1
2024-04-29,2024-04-29 12:55:00,367.23,367.23,367.2,367.2,-0.01,35.1,12785.97,-1
2024-04-29,2024-04-29 12:56:00,367.2,367.2,367.18,367.18,-0.01,35.1,12785.97,-1
2024-04-29,2024-04-29 12:57:00,367.18,367.18,367.15,367.15,-0.01,35.1,12785.97,-1
2024-04-29,2024-04-29 12:58:00,367.15,367.15,367.13,367.13,-0.01,35.1,12785.97,-1
2024-04-29,2024-04-29 12:59:00,367.13,367.13,367.1,367.1,-0.01,35.1,12785.97,-1
2024-04-29,2024-04-29 13:00:00,367.1,375.0,361.3,367.07,-0.01,35.1,12785.97,-1
2024-04-29,2024-04-29 13:01:00,367.07,367.07,367.05,367.05,-0.01,35.1,12785.97,-1
2024-04-29,2024-04-29 13:02:00,367.05,367.05,367.02,367.02,-0.01,35.1,12785.97,-1
2024-04-29,2024-04-29 13:03:00,367.02,367.02,367.0,367.0,-0.01,35.1,12785.97,-1
2024-04-29,2024-04-29 13:04:00,367.0,367.0,366.97,366.97,-0.01,35.1,12785.97,-1
2024-04-29,2024-04-29 13:05:00,366.97,366.97,366.94,366.94,-0.01,35.1,12785.97,-1
2024-04-29,2024-04-29 13:06:00,366.94,366.94,366.92,366.92,-0.01,35.1,12785.97,-1
2024-04-29,2024-04-29 13:07:00,366.92,366.92,366.89,366.89,-0.01,35.1,12785.97,-1
2024-04-29,2024-04-29 13:08:00,366.89,366.89,366.87,366.87,-0.01,35.1,12785.97,-1
2024-04-29,2024-04-29 13:09:00,366.87,366.87,366.84,366.84,-0.01,35.1,12785.97,-1
2024-04-29,2024-04-29 13:10:00,366.84,366.84,366.82,366.82,-0.01,35.1,12785.97,-1
2024-04-29,2024-04-29 13:11:00,366.82,366.82,366.79,366.79,-0.01,35.1,12785.97,-1
2024-04-29,2024-04-29 13:12:00,366.79,366.79,366.76,366.76,-0.01,35.1,12785.97,-1
2024-04-29,2024-04-29 13:13:00,366.76,366.76,366.74,366.74,-0.01,35.1,12785.97,-1
2024-04-29,2024-04-29 13:14:00,366.74,366.74,366.71,366.71,-0.01,35.1,12785.97,-1
2024-04-29,2024-04-29 13:15:00,366.71,366.71,366.69,366.69,-0.01,35.1,12785.97,-1
2024-04-29,2024-04-29 13:16:00,366.69,366.69,366.66,366.66,-0.01,35.1,12785.97,-1
2024-04-29,2024-04-29 13:17:00,366.66,366.66,366.63,366.63,-0.01,35.1,12785.97,-1
2024-04-29,2024-04-29 13:18:00,366.63,366.63,366.61,366.61,-0.01,35.1,12785.97,-1
2024-04-29,2024-04-29 13:19:00,366.61,366.61,366.58,366.58,-0.01,35.1,12785.97,-1
2024-04-29,2024-04-29 13:20:00,366.58,366.58,366.56,366.56,-0.01,35.1,12785.97,-1
2024-04-29,2024-04-29 13:21:00,366.56,366.56,366.53,366.53,-0.01,35.1,12785.97,-1
2024-04-29,2024-04-29 13:22:00,366.53,366.53,366.51,366.51,-0.01,35.1,12785.97,-1
2024-04-29,2024-04-29 13:23:00,366.51,366.51,366.48,366.48,-0.01,35.1,12785.97,-1
2024-04-29,2024-04-29 13:24:00,366.48,366.48,366.45,366.45,-0.01,35.1,12785.97,-1
2024-04-29,2024-04-29 13:25:00,366.45,366.45,366.43,366.43,-0.01,35.1,12785.97,-1
2024-04-29,2024-04-29 13:26:00,366.43,366.43,366.4,366.4,-0.01,35.1,12785.97,-1
2024-04-29,2024-04-29 13:27:00,366.4,366.4,366.38,366.38,-0.01,35.1,12785.97,-1
2024-04-29,2024-04-29 13:28:00,366.38,366.38,366.35,366.35,-0.01,35.1,12785.97,-1
2024-04-29,2024-04-29 13:29:00,366.35,366.35,366.32,366.32,-0.01,35.1,12785.97,-1
2024-04-29,2024-04-29 13:30:00,366.32,366.32,366.3,366.3,-0.01,35.1,12785.97,-1
2024-04-29,2024-04-29 13:31:00,366.3,366.3,366.27,366.27,-0.01,35.1,12785.97,-1
2024-04-29,2024-04-29 13:32:00,366.27,366.27,366.25,366.25,-0.01,35.1,12785.97,-1
2024-04-29,2024-04-29 13:33:00,366.25,366.25,366.22,366.22,-0.01,35.1,12785.97,-1
2024-04-29,2024-04-29 13:34:00,366.22,366.22,366.2,366.2,-0.01,35.1,12785.97,-1
2024-04-29,2024-04-29 13:35:00,366.2,366.2,366.17,366.17,-0.01,35.1,12785.97,-1
2024-04-29,2024-04-29 13:36:00,366.17,366.17,366.14,366.14,-0.01,35.1,12785.97,-1
2024-04-29,2024-04-29 13:37:00,366.14,366.14,366.12,366.12,-0.01,35.1,12785.97,-1
2024-04-29,2024-04-29 13:38:00,366.12,366.12,366.09,366.09,-0.01,35.1,12785.97,-1
2024-04-29,2024-04-29 13:39:00,366.09,366.09,366.07,366.07,-0.01,35.1,12785.97,-1
2024-04-29,2024-04-29 13:40:00,366.07,366.07,366.04,366.04,-0.01,35.1,12785.97,-1
2024-04-29,2024-04-29 13:41:00,366.04,366.04,366.01,366.01,-0.01,35.1,12785.97,-1
2024-04-29,2024-04-29 13:42:00,366.01,366.01,365.99,365.99,-0.01,35.1,12785.97,-1
2024-04-29,2024-04-29 13:43:00,365.99,365.99,365.96,365.96,-0.01,35.1,12785.97,-1
2024-04-29,2024-04-29 13:44:00,365.96,365.96,365.94,365.94,-0.01,35.1,12785.97,-1
2024-04-29,2024-04-29 13:45:00,365.94,365.94,365.91,365.91,-0.01,35.1,12785.97,-1
2024-04-29,2024-04-29 13:46:00,365.91,365.91,365.89,365.89,-0.01,35.1,12785.97,-1
2024-04-29,2024-04-29 13:47:00,365.89,365.89,365.86,365.86,-0.01,35.1,12785.97,-1
2024-04-29,2024-04-29 13:48:00,365.86,365.86,365.83,365.83,-0.01,35.1,12785.97,-1
2024-04-29,2024-04-29 13:49:00,365.83,365.83,365.81,365.81,-0.01,35.1,12785.97,-1
2024-04-29,2024-04-29 13:50:00,365.81,365.81,365.78,365.78,-0.01,35.1,12785.97,-1
2024-04-29,2024-04-29 13:51:00,365.78,365.78,365.76,365.76,-0.01,35.1,12785.97,-1
2024-04-29,2024-04-29 13:52:00,365.76,365.76,365.73,365.73,-0.01,35.1,12785.97,-1
2024-04-29,2024-04-29 13:53:00,365.73,365.73,365.7,365.7,-0.01,35.1,12785.97,-1
2024-04-29,2024-04-29 13:54:00,365.7,365.7,365.68,365.68,-0.01,35.1,12785.97,-1
2024-04-29,2024-04-29 13:55:00,365.68,365.68,365.65,365.65,-0.01,35.1,12785.97,-1
2024-04-29,2024-04-29 13:56:00,365.65,365.65,365.63,365.63,-0.01,35.1,12785.97,-1
2024-04-29,2024-04-29 13:57:00,365.63,365.63,365.6,365.6,-0.01,35.1,12785.97,-1
2024-04-29,2024-04-29 13:58:00,365.6,365.6,365.58,365.58,-0.01,35.1,12785.97,-1
2024-04-29,2024-04-29 13:59:00,365.58,365.58,365.55,365.55,-0.01,35.1,12785.97,-1
2024-04-29,2024-04-29 14:00:00,365.55,365.55,365.52,365.52,-0.01,35.1,12785.97,-1
2024-04-29,2024-04-29 14:01:00,365.52,365.52,365.5,365.5,-0.01,35.1,12785.97,-1
2024-04-29,2024-04-29 14:02:00,365.5,365.5,365.47,365.47,-0.01,35.1,12785.97,-1
2024-04-29,2024-04-29 14:03:00,365.47,365.47,365.45,365.45,-0.01,35.1,12785.97,-1
2024-04-29,2024-04-29 14:04:00,365.45,365.45,365.42,365.42,-0.01,35.1,12785.97,-1
2024-04-29,2024-04-29 14:05:00,365.42,365.42,365.39,365.39,-0.01,35.1,12785.97,-1
2024-04-29,2024-04-29 14:06:00,365.39,365.39,365.37,365.37,-0.01,35.1,12785.97,-1
2024-04-29,2024-04-29 14:07:00,365.37,365.37,365.34,365.34,-0.01,35.1,12785.97,-1
2024-04-29,2024-04-29 14:08:00,365.34,365.34,365.32,365.32,-0.01,35.1,12785.97,-1
2024-04-29,2024-04-29 14:09:00,365.32,365.32,365.29,365.29,-0.01,35.1,12785.97,-1
2024-04-29,2024-04-29 14:10:00,365.29,365.29,365.27,365.27,-0.01,35.1,12785.97,-1
2024-04-29,2024-04-29 14:11:00,365.27,365.27,365.24,365.24,-0.01,35.1,12785.97,-1
2024-04-29,2024-04-29 14:12:00,365.24,365.24,365.21,365.21,-0.01,35.1,12785.97,-1
2024-04-29,2024-04-29 14:13:00,365.21,365.21,365.19,365.19,-0.01,35.1,12785.97,-1
2024-04-29,2024-04-29 14:14:00,365.19,365.19,365.16,365.16,-0.01,35.1,12785.97,-1
2024-04-29,2024-04-29 14:15:00,365.16,365.16,365.14,365.14,-0.01,35.1,12785.97,-1
2024-04-29,2024-04-29 14:16:00,365.14,365.14,365.11,365.11,-0.01,35.1,12785.97,-1
2024-04-29,2024-04-29 14:17:00,365.11,365.11,365.08,365.08,-0.01,35.1,12785.97,-1
2024-04-29,2024-04-29 14:18:00,365.08,365.08,365.06,365.06,-0.01,35.1,12785.97,-1
2024-04-29,2024-04-29 14:19:00,365.06,365.06,365.03,365.03,-0.01,35.1,12785.97,-1
2024-04-29,2024-04-29 14:20:00,365.03,365.03,365.01,365.01,-0.01,35.1,12785.97,-1
2024-04-29,2024-04-29 14:21:00,365.01,365.01,364.98,364.98,-0.01,35.1,12785.97,-1
2024-04-29,2024-04-29 14:22:00,364.98,364.98,364.96,364.96,-0.01,35.1,12785.97,-1
2024-04-29,2024-04-29 14:23:00,364.96,364.96,364.93,364.93,-0.01,35.1,12785.97,-1
2024-04-29,2024-04-29 14:24:00,364.93,364.93,364.9,364.9,-0.01,35.1,12785.97,-1
2024-04-29,2024-04-29 14:25:00,364.9,364.9,364.88,364.88,-0.01,35.1,12785.97,-1
2024-04-29,2024-04-29 14:26:00,364.88,364.88,364.85,364.85,-0.01,35.1,12785.97,-1
2024-04-29,2024-04-29 14:27:00,364.85,364.85,364.83,364.83,-0.01,35.1,12785.97,-1
2024-04-29,2024-04-29 14:28:00,364.83,364.83,364.8,364.8,-0.01,35.1,12785.97,-1
2024-04-29,2024-04-29 14:29:00,364.8,364.8,364.77,364.77,-0.01,35.1,12785.97,-1
2024-04-29,2024-04-29 14:30:00,364.77,364.77,364.75,364.75,-0.01,35.1,12785.97,-1
2024-04-29,2024-04-29 14:31:00,364.75,364.75,364.72,364.72,-0.01,35.1,12785.97,-1
2024-04-29,2024-04-29 14:32:00,364.72,364.72,364.7,364.7,-0.01,35.1,12785.97,-1
2024-04-29,2024-04-29 14:33:00,364.7,364.7,364.67,364.67,-0.01,35.1,12785.97,-1
2024-04-29,2024-04-29 14:34:00,364.67,364.67,364.65,364.65,-0.01,35.1,12785.97,-1
2024-04-29,2024-04-29 14:35:00,364.65,364.65,364.62,364.62,-0.01,35.1,12785.97,-1
2024-04-29,2024-04-29 14:36:00,364.62,364.62,364.59,364.59,-0.01,35.1,12785.97,-1
2024-04-29,2024-04-29 14:37:00,364.59,364.59,364.57,364.57,-0.01,35.1,12785.97,-1
2024-04-29,2024-04-29 14:38:00,364.57,364.57,364.54,364.54,-0.01,35.1,12785.97,-1
2024-04-29,2024-04-29 14:39:00,364.54,364.54,364.52,364.52,-0.01,35.1,12785.97,-1
2024-04-29,2024-04-29 14:40:00,364.52,364.52,364.49,364.49,-0.01,35.1,12785.97,-1
2024-04-29,2024-04-29 14:41:00,364.49,364.49,364.46,364.46,-0.01,35.1,12785.97,-1
2024-04-29,2024-04-29 14:42:00,364.46,364.46,364.44,364.44,-0.01,35.1,12785.97,-1
2024-04-29,2024-04-29 14:43:00,364.44,364.44,364.41,364.41,-0.01,35.1,12785.97,-1
2024-04-29,2024-04-29 14:44:00,364.41,364.41,364.39,364.39,-0.01,35.1,12785.97,-1
2024-04-29,2024-04-29 14:45:00,364.39,364.39,364.36,364.36,-0.01,35.1,12785.97,-1
2024-04-29,2024-04-29 14:46:00,364.36,364.36,364.34,364.34,-0.01,35.1,12785.97,-1
2024-04-29,2024-04-29 14:47:00,364.34,364.34,364.31,364.31,-0.01,35.1,12785.97,-1
2024-04-29,2024-04-29 14:48:00,364.31,364.31,364.28,364.28,-0.01,35.1,12785.97,-1
2024-04-29,2024-04-29 14:49:00,364.28,364.28,364.26,364.26,-0.01,35.1,12785.97,-1
2024-04-29,2024-04-29 14:50:00,364.26,364.26,364.23,364.23,-0.01,35.1,12785.97,-1
2024-04-29,2024-04-29 14:51:00,364.23,364.23,364.21,364.21,-0.01,35.1,12785.97,-1
2024-04-29,2024-04-29 14:52:00,364.21,364.21,364.18,364.18,-0.01,35.1,12785.97,-1
2024-04-29,2024-04-29 14:53:00,364.18,364.18,364.15,364.15,-0.01,35.1,12785.97,-1
2024-04-29,2024-04-29 14:54:00,364.15,364.15,364.13,364.13,-0.01,35.1,12785.97,-1
2024-04-29,2024-04-29 14:55:00,364.13,364.13,364.1,364.1,-0.01,35.1,12785.97,-1
2024-04-29,2024-04-29 14:56:00,364.1,364.1,364.08,364.08,-0.01,35.1,12785.97,-1
2024-04-29,2024-04-29 14:57:00,364.08,364.08,364.05,364.05,-0.01,35.1,12785.97,-1
2024-04-29,2024-04-29 14:58:00,364.05,364.05,364.03,364.03,-0.01,35.1,12785.97,-1
2024-04-29,2024-04-29 14:59:00,364.03,364.03,364.0,364.0,-0.01,35.1,12785.97,-1
2024-04-29,2024-04-29 15:00:00,364.0,375.0,361.3,364.0,0.0,35.1,12785.97,0
2024-04-30,2024-04-30 11:00:00,363.0,368.7,362.7,363.04,0.01,76.01,28297.4,1
2024-04-30,2024-04-30 11:01:00,363.04,363.08,363.04,363.08,0.01,76.01,28297.4,1
2024-04-30,2024-04-30 11:02:00,363.08,363.12,363.08,363.12,0.01,76.01,28297.4,1
2024-04-30,2024-04-30 11:03:00,363.12,363.17,363.12,363.17,0.01,76.01,28297.4,1
2024-04-30,2024-04-30 11:04:00,363.17,363.21,363.17,363.21,0.01,76.01,28297.4,1
2024-04-30,2024-04-30 11:05:00,363.21,363.25,363.21,363.25,0.01,76.01,28297.4,1
2024-04-30,2024-04-30 11:06:00,363.25,363.29,363.25,363.29,0.01,76.01,28297.4,1
2024-04-30,2024-04-30 11:07:00,363.29,363.33,363.29,363.33,0.01,76.01,28297.4,1
2024-04-30,2024-04-30 11:08:00,363.33,363.38,363.33,363.38,0.01,76.01,28297.4,1
2024-04-30,2024-04-30 11:09:00,363.38,363.42,363.38,363.42,0.01,76.01,28297.4,1
2024-04-30,2024-04-30 11:10:00,363.42,363.46,363.42,363.46,0.01,76.01,28297.4,1
2024-04-30,2024-04-30 11:11:00,363.46,363.5,363.46,363.5,0.01,76.01,28297.4,1
2024-04-30,2024-04-30 11:12:00,363.5,363.54,363.5,363.54,0.01,76.01,28297.4,1
2024-04-30,2024-04-30 11:13:00,363.54,363.58,363.54,363.58,0.01,76.01,28297.4,1
2024-04-30,2024-04-30 11:14:00,363.58,363.62,363.58,363.62,0.01,76.01,28297.4,1
2024-04-30,2024-04-30 11:15:00,363.62,363.67,363.62,363.67,0.01,76.01,28297.4,1
2024-04-30,2024-04-30 11:16:00,363.67,363.71,363.67,363.71,0.01,76.01,28297.4,1
2024-04-30,2024-04-30 11:17:00,363.71,363.75,363.71,363.75,0.01,76.01,28297.4,1
2024-04-30,2024-04-30 11:18:00,363.75,363.79,363.75,363.79,0.01,76.01,28297.4,1
2024-04-30,2024-04-30 11:19:00,363.79,363.83,363.79,363.83,0.01,76.01,28297.4,1
2024-04-30,2024-04-30 11:20:00,363.83,363.88,363.83,363.88,0.01,76.01,28297.4,1
2024-04-30,2024-04-30 11:21:00,363.88,363.92,363.88,363.92,0.01,76.01,28297.4,1
2024-04-30,2024-04-30 11:22:00,363.92,363.96,363.92,363.96,0.01,76.01,28297.4,1
2024-04-30,2024-04-30 11:23:00,363.96,364.0,363.96,364.0,0.01,76.01,28297.4,1
2024-04-30,2024-04-30 11:24:00,364.0,364.04,364.0,364.04,0.01,76.01,28297.4,1
2024-04-30,2024-04-30 11:25:00,364.04,364.08,364.04,364.08,0.01,76.01,28297.4,1
2024-04-30,2024-04-30 11:26:00,364.08,364.12,364.08,364.12,0.01,76.01,28297.4,1
2024-04-30,2024-04-30 11:27:00,364.12,364.17,364.12,364.17,0.01,76.01,28297.4,1
2024-04-30,2024-04-30 11:28:00,364.17,364.21,364.17,364.21,0.01,76.01,28297.4,1
2024-04-30,2024-04-30 11:29:00,364.21,364.25,364.21,364.25,0.01,76.01,28297.4,1
2024-04-30,2024-04-30 11:30:00,364.25,364.29,364.25,364.29,0.01,76.01,28297.4,1
2024-04-30,2024-04-30 11:31:00,364.29,364.33,364.29,364.33,0.01,76.01,28297.4,1
2024-04-30,2024-04-30 11:32:00,364.33,364.38,364.33,364.38,0.01,76.01,28297.4,1
2024-04-30,2024-04-30 11:33:00,364.38,364.42,364.38,364.42,0.01,76.01,28297.4,1
2024-04-30,2024-04-30 11:34:00,364.42,364.46,364.42,364.46,0.01,76.01,28297.4,1
2024-04-30,2024-04-30 11:35:00,364.46,364.5,364.46,364.5,0.01,76.01,28297.4,1
2024-04-30,2024-04-30 11:36:00,364.5,364.54,364.5,364.54,0.01,76.01,28297.4,1
2024-04-30,2024-04-30 11:37:00,364.54,364.58,364.54,364.58,0.01,76.01,28297.4,1
2024-04-30,2024-04-30 11:38:00,364.58,364.62,364.58,364.62,0.01,76.01,28297.4,1
2024-04-30,2024-04-30 11:39:00,364.62,364.67,364.62,364.67,0.01,76.01,28297.4,1
2024-04-30,2024-04-30 11:40:00,364.67,364.71,364.67,364.71,0.01,76.01,28297.4,1
2024-04-30,2024-04-30 11:41:00,364.71,364.75,364.71,364.75,0.01,76.01,28297.4,1
2024-04-30,2024-04-30 11:42:00,364.75,364.79,364.75,364.79,0.01,76.01,28297.4,1
2024-04-30,2024-04-30 11:43:00,364.79,364.83,364.79,364.83,0.01,76.01,28297.4,1
2024-04-30,2024-04-30 11:44:00,364.83,364.88,364.83,364.88,0.01,76.01,28297.4,1
2024-04-30,2024-04-30 11:45:00,364.88,364.92,364.88,364.92,0.01,76.01,28297.4,1
2024-04-30,2024-04-30 11:46:00,364.92,364.96,364.92,364.96,0.01,76.01,28297.4,1
2024-04-30,2024-04-30 11:47:00,364.96,365.0,364.96,365.0,0.01,76.01,28297.4,1
2024-04-30,2024-04-30 11:48:00,365.0,365.04,365.0,365.04,0.01,76.01,28297.4,1
2024-04-30,2024-04-30 11:49:00,365.04,365.08,365.04,365.08,0.01,76.01,28297.4,1
2024-04-30,2024-04-30 11:50:00,365.08,365.12,365.08,365.12,0.01,76.01,28297.4,1
2024-04-30,2024-04-30 11:51:00,365.12,365.17,365.12,365.17,0.01,76.01,28297.4,1
2024-04-30,2024-04-30 11:52:00,365.17,365.21,365.17,365.21,0.01,76.01,28297.4,1
2024-04-30,2024-04-30 11:53:00,365.21,365.25,365.21,365.25,0.01,76.01,28297.4,1
2024-04-30,2024-04-30 11:54:00,365.25,365.29,365.25,365.29,0.01,76.01,28297.4,1
2024-04-30,2024-04-30 11:55:00,365.29,365.33,365.29,365.33,0.01,76.01,28297.4,1
2024-04-30,2024-04-30 11:56:00,365.33,365.38,365.33,365.38,0.01,76.01,28297.4,1
2024-04-30,2024-04-30 11:57:00,365.38,365.42,365.38,365.42,0.01,76.01,28297.4,1
2024-04-30,2024-04-30 11:58:00,365.42,365.46,365.42,365.46,0.01,76.01,28297.4,1
2024-04-30,2024-04-30 11:59:00,365.46,365.5,365.46,365.5,0.01,76.01,28297.4,1
2024-04-30,2024-04-30 12:00:00,365.5,365.54,365.5,365.54,0.01,76.01,28297.4,1
2024-04-30,2024-04-30 12:01:00,365.54,365.58,365.54,365.58,0.01,76.01,28297.4,1
2024-04-30,2024-04-30 12:02:00,365.58,365.62,365.58,365.62,0.01,76.01,28297.4,1
2024-04-30,2024-04-30 12:03:00,365.62,365.67,365.62,365.67,0.01,76.01,28297.4,1
2024-04-30,2024-04-30 12:04:00,365.67,365.71,365.67,365.71,0.01,76.01,28297.4,1
2024-04-30,2024-04-30 12:05:00,365.71,365.75,365.71,365.75,0.01,76.01,28297.4,1
2024-04-30,2024-04-30 12:06:00,365.75,365.79,365.75,365.79,0.01,76.01,28297.4,1
2024-04-30,2024-04-30 12:07:00,365.79,365.83,365.79,365.83,0.01,76.01,28297.4,1
2024-04-30,2024-04-30 12:08:00,365.83,365.88,365.83,365.88,0.01,76.01,28297.4,1
2024-04-30,2024-04-30 12:09:00,365.88,365.92,365.88,365.92,0.01,76.01,28297.4,1
2024-04-30,2024-04-30 12:10:00,365.92,365.96,365.92,365.96,0.01,76.01,28297.4,1
2024-04-30,2024-04-30 12:11:00,365.96,366.0,365.96,366.0,0.01,76.01,28297.4,1
2024-04-30,2024-04-30 12:12:00,366.0,366.04,366.0,366.04,0.01,76.01,28297.4,1
2024-04-30,2024-04-30 12:13:00,366.04,366.08,366.04,366.08,0.01,76.01,28297.4,1
2024-04-30,2024-04-30 12:14:00,366.08,366.12,366.08,366.12,0.01,76.01,28297.4,1
2024-04-30,2024-04-30 12:15:00,366.12,366.17,366.12,366.17,0.01,76.01,28297.4,1
2024-04-30,2024-04-30 12:16:00,366.17,366.21,366.17,366.21,0.01,76.01,28297.4,1
2024-04-30,2024-04-30 12:17:00,366.21,366.25,366.21,366.25,0.01,76.01,28297.4,1
2024-04-30,2024-04-30 12:18:00,366.25,366.29,366.25,366.29,0.01,76.01,28297.4,1
2024-04-30,2024-04-30 12:19:00,366.29,366.33,366.29,366.33,0.01,76.01,28297.4,1
2024-04-30,2024-04-30 12:20:00,366.33,366.38,366.33,366.38,0.01,76.01,28297.4,1
2024-04-30,2024-04-30 12:21:00,366.38,366.42,366.38,366.42,0.01,76.01,28297.4,1
2024-04-30,2024-04-30 12:22:00,366.42,366.46,366.42,366.46,0.01,76.01,28297.4,1
2024-04-30,2024-04-30 12:23:00,366.46,366.5,366.46,366.5,0.01,76.01,28297.4,1
2024-04-30,2024-04-30 12:24:00,366.5,366.54,366.5,366.54,0.01,76.01,28297.4,1
2024-04-30,2024-04-30 12:25:00,366.54,366.58,366.54,366.58,0.01,76.01,28297.4,1
2024-04-30,2024-04-30 12:26:00,366.58,366.62,366.58,366.62,0.01,76.01,28297.4,1
2024-04-30,2024-04-30 12:27:00,366.62,366.67,366.62,366.67,0.01,76.01,28297.4,1
2024-04-30,2024-04-30 12:28:00,366.67,366.71,366.67,366.71,0.01,76.01,28297.4,1
2024-04-30,2024-04-30 12:29:00,366.71,366.75,366.71,366.75,0.01,76.01,28297.4,1
2024-04-30,2024-04-30 12:30:00,366.75,366.79,366.75,366.79,0.01,76.01,28297.4,1
2024-04-30,2024-04-30 12:31:00,366.79,366.83,366.79,366.83,0.01,76.01,28297.4,1
2024-04-30,2024-04-30 12:32:00,366.83,366.88,366.83,366.88,0.01,76.01,28297.4,1
2024-04-30,2024-04-30 12:33:00,366.88,366.92,366.88,366.92,0.01,76.01,28297.4,1
2024-04-30,2024-04-30 12:34:00,366.92,366.96,366.92,366.96,0.01,76.01,28297.4,1
2024-04-30,2024-04-30 12:35:00,366.96,367.0,366.96,367.0,0.01,76.01,28297.4,1
2024-04-30,2024-04-30 12:36:00,367.0,367.04,367.0,367.04,0.01,76.01,28297.4,1
2024-04-30,2024-04-30 12:37:00,367.04,367.08,367.04,367.08,0.01,76.01,28297.4,1
2024-04-30,2024-04-30 12:38:00,367.08,367.12,367.08,367.12,0.01,76.01,28297.4,1
2024-04-30,2024-04-30 12:39:00,367.12,367.17,367.12,367.17,0.01,76.01,28297.4,1
2024-04-30,2024-04-30 12:40:00,367.17,367.21,367.17,367.21,0.01,76.01,28297.4,1
2024-04-30,2024-04-30 12:41:00,367.21,367.25,367.21,367.25,0.01,76.01,28297.4,1
2024-04-30,2024-04-30 12:42:00,367.25,367.29,367.25,367.29,0.01,76.01,28297.4,1
2024-04-30,2024-04-30 12:43:00,367.29,367.33,367.29,367.33,0.01,76.01,28297.4,1
2024-04-30,2024-04-30 12:44:00,367.33,367.38,367.33,367.38,0.01,76.01,28297.4,1
2024-04-30,2024-04-30 12:45:00,367.38,367.42,367.38,367.42,0.01,76.01,28297.4,1
2024-04-30,2024-04-30 12:46:00,367.42,367.46,367.42,367.46,0.01,76.01,28297.4,1
2024-04-30,2024-04-30 12:47:00,367.46,367.5,367.46,367.5,0.01,76.01,28297.4,1
2024-04-30,2024-04-30 12:48:00,367.5,367.54,367.5,367.54,0.01,76.01,28297.4,1
2024-04-30,2024-04-30 12:49:00,367.54,367.58,367.54,367.58,0.01,76.01,28297.4,1
2024-04-30,2024-04-30 12:50:00,367.58,367.62,367.58,367.62,0.01,76.01,28297.4,1
2024-04-30,2024-04-30 12:51:00,367.62,367.67,367.62,367.67,0.01,76.01,28297.4,1
2024-04-30,2024-04-30 12:52:00,367.67,367.71,367.67,367.71,0.01,76.01,28297.4,1
2024-04-30,2024-04-30 12:53:00,367.71,367.75,367.71,367.75,0.01,76.01,28297.4,1
2024-04-30,2024-04-30 12:54:00,367.75,367.79,367.75,367.79,0.01,76.01,28297.4,1
2024-04-30,2024-04-30 12:55:00,367.79,367.83,367.79,367.83,0.01,76.01,28297.4,1
2024-04-30,2024-04-30 12:56:00,367.83,367.88,367.83,367.88,0.01,76.01,28297.4,1
2024-04-30,2024-04-30 12:57:00,367.88,367.92,367.88,367.92,0.01,76.01,28297.4,1
2024-04-30,2024-04-30 12:58:00,367.92,367.96,367.92,367.96,0.01,76.01,28297.4,1
2024-04-30,2024-04-30 12:59:00,367.96,368.0,367.96,368.0,0.01,76.01,28297.4,1
2024-04-30,2024-04-30 13:00:00,368.0,382.0,362.0,368.04,0.01,76.01,28297.4,1
2024-04-30,2024-04-30 13:01:00,368.04,368.08,368.04,368.08,0.01,76.01,28297.4,1
2024-04-30,2024-04-30 13:02:00,368.08,368.12,368.08,368.12,0.01,76.01,28297.4,1
2024-04-30,2024-04-30 13:03:00,368.12,368.17,368.12,368.17,0.01,76.01,28297.4,1
2024-04-30,2024-04-30 13:04:00,368.17,368.21,368.17,368.21,0.01,76.01,28297.4,1
2024-04-30,2024-04-30 13:05:00,368.21,368.25,368.21,368.25,0.01,76.01,28297.4,1
2024-04-30,2024-04-30 13:06:00,368.25,368.29,368.25,368.29,0.01,76.01,28297.4,1
2024-04-30,2024-04-30 13:07:00,368.29,368.33,368.29,368.33,0.01,76.01,28297.4,1
2024-04-30,2024-04-30 13:08:00,368.33,368.38,368.33,368.38,0.01,76.01,28297.4,1
2024-04-30,2024-04-30 13:09:00,368.38,368.42,368.38,368.42,0.01,76.01,28297.4,1
2024-04-30,2024-04-30 13:10:00,368.42,368.46,368.42,368.46,0.01,76.01,28297.4,1
2024-04-30,2024-04-30 13:11:00,368.46,368.5,368.46,368.5,0.01,76.01,28297.4,1
2024-04-30,2024-04-30 13:12:00,368.5,368.54,368.5,368.54,0.01,76.01,28297.4,1
2024-04-30,2024-04-30 13:13:00,368.54,368.58,368.54,368.58,0.01,76.01,28297.4,1
2024-04-30,2024-04-30 13:14:00,368.58,368.62,368.58,368.62,0.01,76.01,28297.4,1
2024-04-30,2024-04-30 13:15:00,368.62,368.67,368.62,368.67,0.01,76.01,28297.4,1
2024-04-30,2024-04-30 13:16:00,368.67,368.71,368.67,368.71,0.01,76.01,28297.4,1
2024-04-30,2024-04-30 13:17:00,368.71,368.75,368.71,368.75,0.01,76.01,28297.4,1
2024-04-30,2024-04-30 13:18:00,368.75,368.79,368.75,368.79,0.01,76.01,28297.4,1
2024-04-30,2024-04-30 13:19:00,368.79,368.83,368.79,368.83,0.01,76.01,28297.4,1
2024-04-30,2024-04-30 13:20:00,368.83,368.88,368.83,368.88,0.01,76.01,28297.4,1
2024-04-30,2024-04-30 13:21:00,368.88,368.92,368.88,368.92,0.01,76.01,28297.4,1
2024-04-30,2024-04-30 13:22:00,368.92,368.96,368.92,368.96,0.01,76.01,28297.4,1
2024-04-30,2024-04-30 13:23:00,368.96,369.0,368.96,369.0,0.01,76.01,28297.4,1
2024-04-30,2024-04-30 13:24:00,369.0,369.04,369.0,369.04,0.01,76.01,28297.4,1
2024-04-30,2024-04-30 13:25:00,369.04,369.08,369.04,369.08,0.01,76.01,28297.4,1
2024-04-30,2024-04-30 13:26:00,369.08,369.12,369.08,369.12,0.01,76.01,28297.4,1
2024-04-30,2024-04-30 13:27:00,369.12,369.17,369.12,369.17,0.01,76.01,28297.4,1
2024-04-30,2024-04-30 13:28:00,369.17,369.21,369.17,369.21,0.01,76.01,28297.4,1
2024-04-30,2024-04-30 13:29:00,369.21,369.25,369.21,369.25,0.01,76.01,28297.4,1
2024-04-30,2024-04-30 13:30:00,369.25,369.29,369.25,369.29,0.01,76.01,28297.4,1
2024-04-30,2024-04-30 13:31:00,369.29,369.33,369.29,369.33,0.01,76.01,28297.4,1
2024-04-30,2024-04-30 13:32:00,369.33,369.38,369.33,369.38,0.01,76.01,28297.4,1
2024-04-30,2024-04-30 13:33:00,369.38,369.42,369.38,369.42,0.01,76.01,28297.4,1
2024-04-30,2024-04-30 13:34:00,369.42,369.46,369.42,369.46,0.01,76.01,28297.4,1
2024-04-30,2024-04-30 13:35:00,369.46,369.5,369.46,369.5,0.01,76.01,28297.4,1
2024-04-30,2024-04-30 13:36:00,369.5,369.54,369.5,369.54,0.01,76.01,28297.4,1
2024-04-30,2024-04-30 13:37:00,369.54,369.58,369.54,369.58,0.01,76.01,28297.4,1
2024-04-30,2024-04-30 13:38:00,369.58,369.62,369.58,369.62,0.01,76.01,28297.4,1
2024-04-30,2024-04-30 13:39:00,369.62,369.67,369.62,369.67,0.01,76.01,28297.4,1
2024-04-30,2024-04-30 13:40:00,369.67,369.71,369.67,369.71,0.01,76.01,28297.4,1
2024-04-30,2024-04-30 13:41:00,369.71,369.75,369.71,369.75,0.01,76.01,28297.4,1
2024-04-30,2024-04-30 13:42:00,369.75,369.79,369.75,369.79,0.01,76.01,28297.4,1
2024-04-30,2024-04-30 13:43:00,369.79,369.83,369.79,369.83,0.01,76.01,28297.4,1
2024-04-30,2024-04-30 13:44:00,369.83,369.88,369.83,369.88,0.01,76.01,28297.4,1
2024-04-30,2024-04-30 13:45:00,369.88,369.92,369.88,369.92,0.01,76.01,28297.4,1
2024-04-30,2024-04-30 13:46:00,369.92,369.96,369.92,369.96,0.01,76.01,28297.4,1
2024-04-30,2024-04-30 13:47:00,369.96,370.0,369.96,370.0,0.01,76.01,28297.4,1
2024-04-30,2024-04-30 13:48:00,370.0,370.04,370.0,370.04,0.01,76.01,28297.4,1
2024-04-30,2024-04-30 13:49:00,370.04,370.08,370.04,370.08,0.01,76.01,28297.4,1
2024-04-30,2024-04-30 13:50:00,370.08,370.12,370.08,370.12,0.01,76.01,28297.4,1
2024-04-30,2024-04-30 13:51:00,370.12,370.17,370.12,370.17,0.01,76.01,28297.4,1
2024-04-30,2024-04-30 13:52:00,370.17,370.21,370.17,370.21,0.01,76.01,28297.4,1
2024-04-30,2024-04-30 13:53:00,370.21,370.25,370.21,370.25,0.01,76.01,28297.4,1
2024-04-30,2024-04-30 13:54:00,370.25,370.29,370.25,370.29,0.01,76.01,28297.4,1
2024-04-30,2024-04-30 13:55:00,370.29,370.33,370.29,370.33,0.01,76.01,28297.4,1
2024-04-30,2024-04-30 13:56:00,370.33,370.38,370.33,370.38,0.01,76.01,28297.4,1
2024-04-30,2024-04-30 13:57:00,370.38,370.42,370.38,370.42,0.01,76.01,28297.4,1
2024-04-30,2024-04-30 13:58:00,370.42,370.46,370.42,370.46,0.01,76.01,28297.4,1
2024-04-30,2024-04-30 13:59:00,370.46,370.5,370.46,370.5,0.01,76.01,28297.4,1
2024-04-30,2024-04-30 14:00:00,370.5,370.54,370.5,370.54,0.01,76.01,28297.4,1
2024-04-30,2024-04-30 14:01:00,370.54,370.58,370.54,370.58,0.01,76.01,28297.4,1
2024-04-30,2024-04-30 14:02:00,370.58,370.62,370.58,370.62,0.01,76.01,28297.4,1
2024-04-30,2024-04-30 14:03:00,370.62,370.67,370.62,370.67,0.01,76.01,28297.4,1
2024-04-30,2024-04-30 14:04:00,370.67,370.71,370.67,370.71,0.01,76.01,28297.4,1
2024-04-30,2024-04-30 14:05:00,370.71,370.75,370.71,370.75,0.01,76.01,28297.4,1
2024-04-30,2024-04-30 14:06:00,370.75,370.79,370.75,370.79,0.01,76.01,28297.4,1
2024-04-30,2024-04-30 14:07:00,370.79,370.83,370.79,370.83,0.01,76.01,28297.4,1
2024-04-30,2024-04-30 14:08:00,370.83,370.88,370.83,370.88,0.01,76.01,28297.4,1
2024-04-30,2024-04-30 14:09:00,370.88,370.92,370.88,370.92,0.01,76.01,28297.4,1
2024-04-30,2024-04-30 14:10:00,370.92,370.96,370.92,370.96,0.01,76.01,28297.4,1
2024-04-30,2024-04-30 14:11:00,370.96,371.0,370.96,371.0,0.01,76.01,28297.4,1
2024-04-30,2024-04-30 14:12:00,371.0,371.04,371.0,371.04,0.01,76.01,28297.4,1
2024-04-30,2024-04-30 14:13:00,371.04,371.08,371.04,371.08,0.01,76.01,28297.4,1
2024-04-30,2024-04-30 14:14:00,371.08,371.12,371.08,371.12,0.01,76.01,28297.4,1
2024-04-30,2024-04-30 14:15:00,371.12,371.17,371.12,371.17,0.01,76.01,28297.4,1
2024-04-30,2024-04-30 14:16:00,371.17,371.21,371.17,371.21,0.01,76.01,28297.4,1
2024-04-30,2024-04-30 14:17:00,371.21,371.25,371.21,371.25,0.01,76.01,28297.4,1
2024-04-30,2024-04-30 14:18:00,371.25,371.29,371.25,371.29,0.01,76.01,28297.4,1
2024-04-30,2024-04-30 14:19:00,371.29,371.33,371.29,371.33,0.01,76.01,28297.4,1
2024-04-30,2024-04-30 14:20:00,371.33,371.38,371.33,371.38,0.01,76.01,28297.4,1
2024-04-30,2024-04-30 14:21:00,371.38,371.42,371.38,371.42,0.01,76.01,28297.4,1
2024-04-30,2024-04-30 14:22:00,371.42,371.46,371.42,371.46,0.01,76.01,28297.4,1
2024-04-30,2024-04-30 14:23:00,371.46,371.5,371.46,371.5,0.01,76.01,28297.4,1
2024-04-30,2024-04-30 14:24:00,371.5,371.54,371.5,371.54,0.01,76.01,28297.4,1
2024-04-30,2024-04-30 14:25:00,371.54,371.58,371.54,371.58,0.01,76.01,28297.4,1
2024-04-30,2024-04-30 14:26:00,371.58,371.62,371.58,371.62,0.01,76.01,28297.4,1
2024-04-30,2024-04-30 14:27:00,371.62,371.67,371.62,371.67,0.01,76.01,28297.4,1
2024-04-30,2024-04-30 14:28:00,371.67,371.71,371.67,371.71,0.01,76.01,28297.4,1
2024-04-30,2024-04-30 14:29:00,371.71,371.75,371.71,371.75,0.01,76.01,28297.4,1
2024-04-30,2024-04-30 14:30:00,371.75,371.79,371.75,371.79,0.01,76.01,28297.4,1
2024-04-30,2024-04-30 14:31:00,371.79,371.83,371.79,371.83,0.01,76.01,28297.4,1
2024-04-30,2024-04-30 14:32:00,371.83,371.88,371.83,371.88,0.01,76.01,28297.4,1
2024-04-30,2024-04-30 14:33:00,371.88,371.92,371.88,371.92,0.01,76.01,28297.4,1
2024-04-30,2024-04-30 14:34:00,371.92,371.96,371.92,371.96,0.01,76.01,28297.4,1
2024-04-30,2024-04-30 14:35:00,371.96,372.0,371.96,372.0,0.01,76.01,28297.4,1
2024-04-30,2024-04-30 14:36:00,372.0,372.04,372.0,372.04,0.01,76.01,28297.4,1
2024-04-30,2024-04-30 14:37:00,372.04,372.08,372.04,372.08,0.01,76.01,28297.4,1
2024-04-30,2024-04-30 14:38:00,372.08,372.12,372.08,372.12,0.01,76.01,28297.4,1
2024-04-30,2024-04-30 14:39:00,372.12,372.17,372.12,372.17,0.01,76.01,28297.4,1
2024-04-30,2024-04-30 14:40:00,372.17,372.21,372.17,372.21,0.01,76.01,28297.4,1
2024-04-30,2024-04-30 14:41:00,372.21,372.25,372.21,372.25,0.01,76.01,28297.4,1
2024-04-30,2024-04-30 14:42:00,372.25,372.29,372.25,372.29,0.01,76.01,28297.4,1
2024-04-30,2024-04-30 14:43:00,372.29,372.33,372.29,372.33,0.01,76.01,28297.4,1
2024-04-30,2024-04-30 14:44:00,372.33,372.38,372.33,372.38,0.01,76.01,28297.4,1
2024-04-30,2024-04-30 14:45:00,372.38,372.42,372.38,372.42,0.01,76.01,28297.4,1
2024-04-30,2024-04-30 14:46:00,372.42,372.46,372.42,372.46,0.01,76.01,28297.4,1
2024-04-30,2024-04-30 14:47:00,372.46,372.5,372.46,372.5,0.01,76.01,28297.4,1
2024-04-30,2024-04-30 14:48:00,372.5,372.54,372.5,372.54,0.01,76.01,28297.4,1
2024-04-30,2024-04-30 14:49:00,372.54,372.58,372.54,372.58,0.01,76.01,28297.4,1
2024-04-30,2024-04-30 14:50:00,372.58,372.62,372.58,372.62,0.01,76.01,28297.4,1
2024-04-30,2024-04-30 14:51:00,372.62,372.67,372.62,372.67,0.01,76.01,28297.4,1
2024-04-30,2024-04-30 14:52:00,372.67,372.71,372.67,372.71,0.01,76.01,28297.4,1
2024-04-30,2024-04-30 14:53:00,372.71,372.75,372.71,372.75,0.01,76.01,28297.4,1
2024-04-30,2024-04-30 14:54:00,372.75,372.79,372.75,372.79,0.01,76.01,28297.4,1
2024-04-30,2024-04-30 14:55:00,372.79,372.83,372.79,372.83,0.01,76.01,28297.4,1
2024-04-30,2024-04-30 14:56:00,372.83,372.88,372.83,372.88,0.01,76.01,28297.4,1
2024-04-30,2024-04-30 14:57:00,372.88,372.92,372.88,372.92,0.01,76.01,28297.4,1
2024-04-30,2024-04-30 14:58:00,372.92,372.96,372.92,372.96,0.01,76.01,28297.4,1
2024-04-30,2024-04-30 14:59:00,372.96,373.0,372.96,373.0,0.01,76.01,28297.4,1
2024-04-30,2024-04-30 15:00:00,373.0,382.0,362.0,373.0,0.0,76.01,28297.4,0
2024-05-02,2024-05-02 11:00:00,373.0,374.95,371.35,372.99,-0.0,41.07,15284.52,-1
2024-05-02,2024-05-02 11:01:00,372.99,372.99,372.98,372.98,-0.0,41.07,15284.52,-1
2024-05-02,2024-05-02 11:02:00,372.98,372.98,372.98,372.98,0.0,41.07,15284.52,0
2024-05-02,2024-05-02 11:03:00,372.98,372.98,372.97,372.97,-0.0,41.07,15284.52,-1
2024-05-02,2024-05-02 11:04:00,372.97,372.97,372.96,372.96,-0.0,41.07,15284.52,-1
2024-05-02,2024-05-02 11:05:00,372.96,372.96,372.95,372.95,-0.0,41.07,15284.52,-1
2024-05-02,2024-05-02 11:06:00,372.95,372.95,372.94,372.94,-0.0,41.07,15284.52,-1
2024-05-02,2024-05-02 11:07:00,372.94,372.94,372.93,372.93,-0.0,41.07,15284.52,-1
2024-05-02,2024-05-02 11:08:00,372.93,372.93,372.93,372.93,0.0,41.07,15284.52,0
2024-05-02,2024-05-02 11:09:00,372.93,372.93,372.92,372.92,-0.0,41.07,15284.52,-1
2024-05-02,2024-05-02 11:10:00,372.92,372.92,372.91,372.91,-0.0,41.07,15284.52,-1
2024-05-02,2024-05-02 11:11:00,372.91,372.91,372.9,372.9,-0.0,41.07,15284.52,-1
2024-05-02,2024-05-02 11:12:00,372.9,372.9,372.89,372.89,-0.0,41.07,15284.52,-1
2024-05-02,2024-05-02 11:13:00,372.89,372.89,372.88,372.88,-0.0,41.07,15284.52,-1
2024-05-02,2024-05-02 11:14:00,372.88,372.88,372.88,372.88,0.0,41.07,15284.52,0
2024-05-02,2024-05-02 11:15:00,372.88,372.88,372.87,372.87,-0.0,41.07,15284.52,-1
2024-05-02,2024-05-02 11:16:00,372.87,372.87,372.86,372.86,-0.0,41.07,15284.52,-1
2024-05-02,2024-05-02 11:17:00,372.86,372.86,372.85,372.85,-0.0,41.07,15284.52,-1
2024-05-02,2024-05-02 11:18:00,372.85,372.85,372.84,372.84,-0.0,41.07,15284.52,-1
2024-05-02,2024-05-02 11:19:00,372.84,372.84,372.83,372.83,-0.0,41.07,15284.52,-1
2024-05-02,2024-05-02 11:20:00,372.83,372.83,372.82,372.82,-0.0,41.07,15284.52,-1
2024-05-02,2024-05-02 11:21:00,372.82,372.82,372.82,372.82,0.0,41.07,15284.52,0
2024-05-02,2024-05-02 11:22:00,372.82,372.82,372.81,372.81,-0.0,41.07,15284.52,-1
2024-05-02,2024-05-02 11:23:00,372.81,372.81,372.8,372.8,-0.0,41.07,15284.52,-1
2024-05-02,2024-05-02 11:24:00,372.8,372.8,372.79,372.79,-0.0,41.07,15284.52,-1
2024-05-02,2024-05-02 11:25:00,372.79,372.79,372.78,372.78,-0.0,41.07,15284.52,-1
2024-05-02,2024-05-02 11:26:00,372.78,372.78,372.77,372.77,-0.0,41.07,15284.52,-1
2024-05-02,2024-05-02 11:27:00,372.77,372.77,372.77,372.77,0.0,41.07,15284.52,0
2024-05-02,2024-05-02 11:28:00,372.77,372.77,372.76,372.76,-0.0,41.07,15284.52,-1
2024-05-02,2024-05-02 11:29:00,372.76,372.76,372.75,372.75,-0.0,41.07,15284.52,-1
2024-05-02,2024-05-02 11:30:00,372.75,372.75,372.74,372.74,-0.0,41.07,15284.52,-1
2024-05-02,2024-05-02 11:31:00,372.74,372.74,372.73,372.73,-0.0,41.07,15284.52,-1
2024-05-02,2024-05-02 11:32:00,372.73,372.73,372.73,372.73,0.0,41.07,15284.52,0
2024-05-02,2024-05-02 11:33:00,372.73,372.73,372.72,372.72,-0.0,41.07,15284.52,-1
2024-05-02,2024-05-02 11:34:00,372.72,372.72,372.71,372.71,-0.0,41.07,15284.52,-1
2024-05-02,2024-05-02 11:35:00,372.71,372.71,372.7,372.7,-0.0,41.07,15284.52,-1
2024-05-02,2024-05-02 11:36:00,372.7,372.7,372.69,372.69,-0.0,41.07,15284.52,-1
2024-05-02,2024-05-02 11:37:00,372.69,372.69,372.68,372.68,-0.0,41.07,15284.52,-1
2024-05-02,2024-05-02 11:38:00,372.68,372.68,372.68,372.68,0.0,41.07,15284.52,0
2024-05-02,2024-05-02 11:39:00,372.68,372.68,372.67,372.67,-0.0,41.07,15284.52,-1
2024-05-02,2024-05-02 11:40:00,372.67,372.67,372.66,372.66,-0.0,41.07,15284.52,-1
2024-05-02,2024-05-02 11:41:00,372.66,372.66,372.65,372.65,-0.0,41.07,15284.52,-1
2024-05-02,2024-05-02 11:42:00,372.65,372.65,372.64,372.64,-0.0,41.07,15284.52,-1
2024-05-02,2024-05-02 11:43:00,372.64,372.64,372.63,372.63,-0.0,41.07,15284.52,-1
2024-05-02,2024-05-02 11:44:00,372.63,372.63,372.62,372.62,-0.0,41.07,15284.52,-1
2024-05-02,2024-05-02 11:45:00,372.62,372.62,372.62,372.62,0.0,41.07,15284.52,0
2024-05-02,2024-05-02 11:46:00,372.62,372.62,372.61,372.61,-0.0,41.07,15284.52,-1
2024-05-02,2024-05-02 11:47:00,372.61,372.61,372.6,372.6,-0.0,41.07,15284.52,-1
2024-05-02,2024-05-02 11:48:00,372.6,372.6,372.59,372.59,-0.0,41.07,15284.52,-1
2024-05-02,2024-05-02 11:49:00,372.59,372.59,372.58,372.58,-0.0,41.07,15284.52,-1
2024-05-02,2024-05-02 11:50:00,372.58,372.58,372.57,372.57,-0.0,41.07,15284.52,-1
2024-05-02,2024-05-02 11:51:00,372.57,372.57,372.57,372.57,0.0,41.07,15284.52,0
2024-05-02,2024-05-02 11:52:00,372.57,372.57,372.56,372.56,-0.0,41.07,15284.52,-1
2024-05-02,2024-05-02 11:53:00,372.56,372.56,372.55,372.55,-0.0,41.07,15284.52,-1
2024-05-02,2024-05-02 11:54:00,372.55,372.55,372.54,372.54,-0.0,41.07,15284.52,-1
2024-05-02,2024-05-02 11:55:00,372.54,372.54,372.53,372.53,-0.0,41.07,15284.52,-1
2024-05-02,2024-05-02 11:56:00,372.53,372.53,372.52,372.52,-0.0,41.07,15284.52,-1
2024-05-02,2024-05-02 11:57:00,372.52,372.52,372.52,372.52,0.0,41.07,15284.52,0
2024-05-02,2024-05-02 11:58:00,372.52,372.52,372.51,372.51,-0.0,41.07,15284.52,-1
2024-05-02,2024-05-02 11:59:00,372.51,372.51,372.5,372.5,-0.0,41.07,15284.52,-1
2024-05-02,2024-05-02 12:00:00,372.5,372.5,372.49,372.49,-0.0,41.07,15284.52,-1
2024-05-02,2024-05-02 12:01:00,372.49,372.49,372.48,372.48,-0.0,41.07,15284.52,-1
2024-05-02,2024-05-02 12:02:00,372.48,372.48,372.48,372.48,0.0,41.07,15284.52,0
2024-05-02,2024-05-02 12:03:00,372.48,372.48,372.47,372.47,-0.0,41.07,15284.52,-1
2024-05-02,2024-05-02 12:04:00,372.47,372.47,372.46,372.46,-0.0,41.07,15284.52,-1
2024-05-02,2024-05-02 12:05:00,372.46,372.46,372.45,372.45,-0.0,41.07,15284.52,-1
2024-05-02,2024-05-02 12:06:00,372.45,372.45,372.44,372.44,-0.0,41.07,15284.52,-1
2024-05-02,2024-05-02 12:07:00,372.44,372.44,372.43,372.43,-0.0,41.07,15284.52,-1
2024-05-02,2024-05-02 12:08:00,372.43,372.43,372.43,372.43,0.0,41.07,15284.52,0
2024-05-02,2024-05-02 12:09:00,372.43,372.43,372.42,372.42,-0.0,41.07,15284.52,-1
2024-05-02,2024-05-02 12:10:00,372.42,372.42,372.41,372.41,-0.0,41.07,15284.52,-1
2024-05-02,2024-05-02 12:11:00,372.41,372.41,372.4,372.4,-0.0,41.07,15284.52,-1
2024-05-02,2024-05-02 12:12:00,372.4,372.4,372.39,372.39,-0.0,41.07,15284.52,-1
2024-05-02,2024-05-02 12:13:00,372.39,372.39,372.38,372.38,-0.0,41.07,15284.52,-1
2024-05-02,2024-05-02 12:14:00,372.38,372.38,372.38,372.38,0.0,41.07,15284.52,0
2024-05-02,2024-05-02 12:15:00,372.38,372.38,372.37,372.37,-0.0,41.07,15284.52,-1
2024-05-02,2024-05-02 12:16:00,372.37,372.37,372.36,372.36,-0.0,41.07,15284.52,-1
2024-05-02,2024-05-02 12:17:00,372.36,372.36,372.35,372.35,-0.0,41.07,15284.52,-1
2024-05-02,2024-05-02 12:18:00,372.35,372.35,372.34,372.34,-0.0,41.07,15284.52,-1
2024-05-02,2024-05-02 12:19:00,372.34,372.34,372.33,372.33,-0.0,41.07,15284.52,-1
2024-05-02,2024-05-02 12:20:00,372.33,372.33,372.32,372.32,-0.0,41.07,15284.52,-1
2024-05-02,2024-05-02 12:21:00,372.32,372.32,372.32,372.32,0.0,41.07,15284.52,0
2024-05-02,2024-05-02 12:22:00,372.32,372.32,372.31,372.31,-0.0,41.07,15284.52,-1
2024-05-02,2024-05-02 12:23:00,372.31,372.31,372.3,372.3,-0.0,41.07,15284.52,-1
2024-05-02,2024-05-02 12:24:00,372.3,372.3,372.29,372.29,-0.0,41.07,15284.52,-1
2024-05-02,2024-05-02 12:25:00,372.29,372.29,372.28,372.28,-0.0,41.07,15284.52,-1
2024-05-02,2024-05-02 12:26:00,372.28,372.28,372.27,372.27,-0.0,41.07,15284.52,-1
2024-05-02,2024-05-02 12:27:00,372.27,372.27,372.27,372.27,0.0,41.07,15284.52,0
2024-05-02,2024-05-02 12:28:00,372.27,372.27,372.26,372.26,-0.0,41.07,15284.52,-1
2024-05-02,2024-05-02 12:29:00,372.26,372.26,372.25,372.25,-0.0,41.07,15284.52,-1
2024-05-02,2024-05-02 12:30:00,372.25,372.25,372.24,372.24,-0.0,41.07,15284.52,-1
2024-05-02,2024-05-02 12:31:00,372.24,372.24,372.23,372.23,-0.0,41.07,15284.52,-1
2024-05-02,2024-05-02 12:32:00,372.23,372.23,372.23,372.23,0.0,41.07,15284.52,0
2024-05-02,2024-05-02 12:33:00,372.23,372.23,372.22,372.22,-0.0,41.07,15284.52,-1
2024-05-02,2024-05-02 12:34:00,372.22,372.22,372.21,372.21,-0.0,41.07,15284.52,-1
2024-05-02,2024-05-02 12:35:00,372.21,372.21,372.2,372.2,-0.0,41.07,15284.52,-1
2024-05-02,2024-05-02 12:36:00,372.2,372.2,372.19,372.19,-0.0,41.07,15284.52,-1
2024-05-02,2024-05-02 12:37:00,372.19,372.19,372.18,372.18,-0.0,41.07,15284.52,-1
2024-05-02,2024-05-02 12:38:00,372.18,372.18,372.18,372.18,0.0,41.07,15284.52,0
2024-05-02,2024-05-02 12:39:00,372.18,372.18,372.17,372.17,-0.0,41.07,15284.52,-1
2024-05-02,2024-05-02 12:40:00,372.17,372.17,372.16,372.16,-0.0,41.07,15284.52,-1
2024-05-02,2024-05-02 12:41:00,372.16,372.16,372.15,372.15,-0.0,41.07,15284.52,-1
2024-05-02,2024-05-02 12:42:00,372.15,372.15,372.14,372.14,-0.0,41.07,15284.52,-1
2024-05-02,2024-05-02 12:43:00,372.14,372.14,372.13,372.13,-0.0,41.07,15284.52,-1
2024-05-02,2024-05-02 12:44:00,372.13,372.13,372.12,372.12,-0.0,41.07,15284.52,-1
2024-05-02,2024-05-02 12:45:00,372.12,372.12,372.12,372.12,0.0,41.07,15284.52,0
2024-05-02,2024-05-02 12:46:00,372.12,372.12,372.11,372.11,-0.0,41.07,15284.52,-1
2024-05-02,2024-05-02 12:47:00,372.11,372.11,372.1,372.1,-0.0,41.07,15284.52,-1
2024-05-02,2024-05-02 12:48:00,372.1,372.1,372.09,372.09,-0.0,41.07,15284.52,-1
2024-05-02,2024-05-02 12:49:00,372.09,372.09,372.08,372.08,-0.0,41.07,15284.52,-1
2024-05-02,2024-05-02 12:50:00,372.08,372.08,372.07,372.07,-0.0,41.07,15284.52,-1
2024-05-02,2024-05-02 12:51:00,372.07,372.07,372.07,372.07,0.0,41.07,15284.52,0
2024-05-02,2024-05-02 12:52:00,372.07,372.07,372.06,372.06,-0.0,41.07,15284.52,-1
2024-05-02,2024-05-02 12:53:00,372.06,372.06,372.05,372.05,-0.0,41.07,15284.52,-1
2024-05-02,2024-05-02 12:54:00,372.05,372.05,372.04,372.04,-0.0,41.07,15284.52,-1
2024-05-02,2024-05-02 12:55:00,372.04,372.04,372.03,372.03,-0.0,41.07,15284.52,-1
2024-05-02,2024-05-02 12:56:00,372.03,372.03,372.02,372.02,-0.0,41.07,15284.52,-1
2024-05-02,2024-05-02 12:57:00,372.02,372.02,372.02,372.02,0.0,41.07,15284.52,0
2024-05-02,2024-05-02 12:58:00,372.02,372.02,372.01,372.01,-0.0,41.07,15284.52,-1
2024-05-02,2024-05-02 12:59:00,372.01,372.01,372.0,372.0,-0.0,41.07,15284.52,-1
2024-05-02,2024-05-02 13:00:00,372.0,379.5,367.5,371.99,-0.0,41.07,15284.52,-1
2024-05-02,2024-05-02 13:01:00,371.99,371.99,371.98,371.98,-0.0,41.07,15284.52,-1
2024-05-02,2024-05-02 13:02:00,371.98,371.98,371.98,371.98,0.0,41.07,15284.52,0
2024-05-02,2024-05-02 13:03:00,371.98,371.98,371.97,371.97,-0.0,41.07,15284.52,-1
2024-05-02,2024-05-02 13:04:00,371.97,371.97,371.96,371.96,-0.0,41.07,15284.52,-1
2024-05-02,2024-05-02 13:05:00,371.96,371.96,371.95,371.95,-0.0,41.07,15284.52,-1
2024-05-02,2024-05-02 13:06:00,371.95,371.95,371.94,371.94,-0.0,41.07,15284.52,-1
2024-05-02,2024-05-02 13:07:00,371.94,371.94,371.93,371.93,-0.0,41.07,15284.52,-1
2024-05-02,2024-05-02 13:08:00,371.93,371.93,371.93,371.93,0.0,41.07,15284.52,0
2024-05-02,2024-05-02 13:09:00,371.93,371.93,371.92,371.92,-0.0,41.07,15284.52,-1
2024-05-02,2024-05-02 13:10:00,371.92,371.92,371.91,371.91,-0.0,41.07,15284.52,-1
2024-05-02,2024-05-02 13:11:00,371.91,371.91,371.9,371.9,-0.0,41.07,15284.52,-1
2024-05-02,2024-05-02 13:12:00,371.9,371.9,371.89,371.89,-0.0,41.07,15284.52,-1
2024-05-02,2024-05-02 13:13:00,371.89,371.89,371.88,371.88,-0.0,41.07,15284.52,-1
2024-05-02,2024-05-02 13:14:00,371.88,371.88,371.88,371.88,0.0,41.07,15284.52,0
2024-05-02,2024-05-02 13:15:00,371.88,371.88,371.87,371.87,-0.0,41.07,15284.52,-1
2024-05-02,2024-05-02 13:16:00,371.87,371.87,371.86,371.86,-0.0,41.07,15284.52,-1
2024-05-02,2024-05-02 13:17:00,371.86,371.86,371.85,371.85,-0.0,41.07,15284.52,-1
2024-05-02,2024-05-02 13:18:00,371.85,371.85,371.84,371.84,-0.0,41.07,15284.52,-1
2024-05-02,2024-05-02 13:19:00,371.84,371.84,371.83,371.83,-0.0,41.07,15284.52,-1
2024-05-02,2024-05-02 13:20:00,371.83,371.83,371.82,371.82,-0.0,41.07,15284.52,-1
2024-05-02,2024-05-02 13:21:00,371.82,371.82,371.82,371.82,0.0,41.07,15284.52,0
2024-05-02,2024-05-02 13:22:00,371.82,371.82,371.81,371.81,-0.0,41.07,15284.52,-1
2024-05-02,2024-05-02 13:23:00,371.81,371.81,371.8,371.8,-0.0,41.07,15284.52,-1
2024-05-02,2024-05-02 13:24:00,371.8,371.8,371.79,371.79,-0.0,41.07,15284.52,-1
2024-05-02,2024-05-02 13:25:00,371.79,371.79,371.78,371.78,-0.0,41.07,15284.52,-1
2024-05-02,2024-05-02 13:26:00,371.78,371.78,371.77,371.77,-0.0,41.07,15284.52,-1
2024-05-02,2024-05-02 13:27:00,371.77,371.77,371.77,371.77,0.0,41.07,15284.52,0
2024-05-02,2024-05-02 13:28:00,371.77,371.77,371.76,371.76,-0.0,41.07,15284.52,-1
2024-05-02,2024-05-02 13:29:00,371.76,371.76,371.75,371.75,-0.0,41.07,15284.52,-1
2024-05-02,2024-05-02 13:30:00,371.75,371.75,371.74,371.74,-0.0,41.07,15284.52,-1
2024-05-02,2024-05-02 13:31:00,371.74,371.74,371.73,371.73,-0.0,41.07,15284.52,-1
2024-05-02,2024-05-02 13:32:00,371.73,371.73,371.73,371.73,0.0,41.07,15284.52,0
2024-05-02,2024-05-02 13:33:00,371.73,371.73,371.72,371.72,-0.0,41.07,15284.52,-1
2024-05-02,2024-05-02 13:34:00,371.72,371.72,371.71,371.71,-0.0,41.07,15284.52,-1
2024-05-02,2024-05-02 13:35:00,371.71,371.71,371.7,371.7,-0.0,41.07,15284.52,-1
2024-05-02,2024-05-02 13:36:00,371.7,371.7,371.69,371.69,-0.0,41.07,15284.52,-1
2024-05-02,2024-05-02 13:37:00,371.69,371.69,371.68,371.68,-0.0,41.07,15284.52,-1
2024-05-02,2024-05-02 13:38:00,371.68,371.68,371.68,371.68,0.0,41.07,15284.52,0
2024-05-02,2024-05-02 13:39:00,371.68,371.68,371.67,371.67,-0.0,41.07,15284.52,-1
2024-05-02,2024-05-02 13:40:00,371.67,371.67,371.66,371.66,-0.0,41.07,15284.52,-1
2024-05-02,2024-05-02 13:41:00,371.66,371.66,371.65,371.65,-0.0,41.07,15284.52,-1
2024-05-02,2024-05-02 13:42:00,371.65,371.65,371.64,371.64,-0.0,41.07,15284.52,-1
2024-05-02,2024-05-02 13:43:00,371.64,371.64,371.63,371.63,-0.0,41.07,15284.52,-1
2024-05-02,2024-05-02 13:44:00,371.63,371.63,371.62,371.62,-0.0,41.07,15284.52,-1
2024-05-02,2024-05-02 13:45:00,371.62,371.62,371.62,371.62,0.0,41.07,15284.52,0
2024-05-02,2024-05-02 13:46:00,371.62,371.62,371.61,371.61,-0.0,41.07,15284.52,-1
2024-05-02,2024-05-02 13:47:00,371.61,371.61,371.6,371.6,-0.0,41.07,15284.52,-1
2024-05-02,2024-05-02 13:48:00,371.6,371.6,371.59,371.59,-0.0,41.07,15284.52,-1
2024-05-02,2024-05-02 13:49:00,371.59,371.59,371.58,371.58,-0.0,41.07,15284.52,-1
2024-05-02,2024-05-02 13:50:00,371.58,371.58,371.57,371.57,-0.0,41.07,15284.52,-1
2024-05-02,2024-05-02 13:51:00,371.57,371.57,371.57,371.57,0.0,41.07,15284.52,0
2024-05-02,2024-05-02 13:52:00,371.57,371.57,371.56,371.56,-0.0,41.07,15284.52,-1
2024-05-02,2024-05-02 13:53:00,371.56,371.56,371.55,371.55,-0.0,41.07,15284.52,-1
2024-05-02,2024-05-02 13:54:00,371.55,371.55,371.54,371.54,-0.0,41.07,15284.52,-1
2024-05-02,2024-05-02 13:55:00,371.54,371.54,371.53,371.53,-0.0,41.07,15284.52,-1
2024-05-02,2024-05-02 13:56:00,371.53,371.53,371.52,371.52,-0.0,41.07,15284.52,-1
2024-05-02,2024-05-02 13:57:00,371.52,371.52,371.52,371.52,0.0,41.07,15284.52,0
2024-05-02,2024-05-02 13:58:00,371.52,371.52,371.51,371.51,-0.0,41.07,15284.52,-1
2024-05-02,2024-05-02 13:59:00,371.51,371.51,371.5,371.5,-0.0,41.07,15284.52,-1
2024-05-02,2024-05-02 14:00:00,371.5,371.5,371.49,371.49,-0.0,41.07,15284.52,-1
2024-05-02,2024-05-02 14:01:00,371.49,371.49,371.48,371.48,-0.0,41.07,15284.52,-1
2024-05-02,2024-05-02 14:02:00,371.48,371.48,371.48,371.48,0.0,41.07,15284.52,0
2024-05-02,2024-05-02 14:03:00,371.48,371.48,371.47,371.47,-0.0,41.07,15284.52,-1
2024-05-02,2024-05-02 14:04:00,371.47,371.47,371.46,371.46,-0.0,41.07,15284.52,-1
2024-05-02,2024-05-02 14:05:00,371.46,371.46,371.45,371.45,-0.0,41.07,15284.52,-1
2024-05-02,2024-05-02 14:06:00,371.45,371.45,371.44,371.44,-0.0,41.07,15284.52,-1
2024-05-02,2024-05-02 14:07:00,371.44,371.44,371.43,371.43,-0.0,41.07,15284.52,-1
2024-05-02,2024-05-02 14:08:00,371.43,371.43,371.43,371.43,0.0,41.07,15284.52,0
2024-05-02,2024-05-02 14:09:00,371.43,371.43,371.42,371.42,-0.0,41.07,15284.52,-1
2024-05-02,2024-05-02 14:10:00,371.42,371.42,371.41,371.41,-0.0,41.07,15284.52,-1
2024-05-02,2024-05-02 14:11:00,371.41,371.41,371.4,371.4,-0.0,41.07,15284.52,-1
2024-05-02,2024-05-02 14:12:00,371.4,371.4,371.39,371.39,-0.0,41.07,15284.52,-1
2024-05-02,2024-05-02 14:13:00,371.39,371.39,371.38,371.38,-0.0,41.07,15284.52,-1
2024-05-02,2024-05-02 14:14:00,371.38,371.38,371.38,371.38,0.0,41.07,15284.52,0
2024-05-02,2024-05-02 14:15:00,371.38,371.38,371.37,371.37,-0.0,41.07,15284.52,-1
2024-05-02,2024-05-02 14:16:00,371.37,371.37,371.36,371.36,-0.0,41.07,15284.52,-1
2024-05-02,2024-05-02 14:17:00,371.36,371.36,371.35,371.35,-0.0,41.07,15284.52,-1
2024-05-02,2024-05-02 14:18:00,371.35,371.35,371.34,371.34,-0.0,41.07,15284.52,-1
2024-05-02,2024-05-02 14:19:00,371.34,371.34,371.33,371.33,-0.0,41.07,15284.52,-1
2024-05-02,2024-05-02 14:20:00,371.33,371.33,371.32,371.32,-0.0,41.07,15284.52,-1
2024-05-02,2024-05-02 14:21:00,371.32,371.32,371.32,371.32,0.0,41.07,15284.52,0
2024-05-02,2024-05-02 14:22:00,371.32,371.32,371.31,371.31,-0.0,41.07,15284.52,-1
2024-05-02,2024-05-02 14:23:00,371.31,371.31,371.3,371.3,-0.0,41.07,15284.52,-1
2024-05-02,2024-05-02 14:24:00,371.3,371.3,371.29,371.29,-0.0,41.07,15284.52,-1
2024-05-02,2024-05-02 14:25:00,371.29,371.29,371.28,371.28,-0.0,41.07,15284.52,-1
2024-05-02,2024-05-02 14:26:00,371.28,371.28,371.27,371.27,-0.0,41.07,15284.52,-1
2024-05-02,2024-05-02 14:27:00,371.27,371.27,371.27,371.27,0.0,41.07,15284.52,0
2024-05-02,2024-05-02 14:28:00,371.27,371.27,371.26,371.26,-0.0,41.07,15284.52,-1
2024-05-02,2024-05-02 14:29:00,371.26,371.26,371.25,371.25,-0.0,41.07,15284.52,-1
2024-05-02,2024-05-02 14:30:00,371.25,371.25,371.24,371.24,-0.0,41.07,15284.52,-1
2024-05-02,2024-05-02 14:31:00,371.24,371.24,371.23,371.23,-0.0,41.07,15284.52,-1
2024-05-02,2024-05-02 14:32:00,371.23,371.23,371.23,371.23,0.0,41.07,15284.52,0
2024-05-02,2024-05-02 14:33:00,371.23,371.23,371.22,371.22,-0.0,41.07,15284.52,-1
2024-05-02,2024-05-02 14:34:00,371.22,371.22,371.21,371.21,-0.0,41.07,15284.52,-1
2024-05-02,2024-05-02 14:35:00,371.21,371.21,371.2,371.2,-0.0,41.07,15284.52,-1
2024-05-02,2024-05-02 14:36:00,371.2,371.2,371.19,371.19,-0.0,41.07,15284.52,-1
2024-05-02,2024-05-02 14:37:00,371.19,371.19,371.18,371.18,-0.0,41.07,15284.52,-1
2024-05-02,2024-05-02 14:38:00,371.18,371.18,371.18,371.18,0.0,41.07,15284.52,0
2024-05-02,2024-05-02 14:39:00,371.18,371.18,371.17,371.17,-0.0,41.07,15284.52,-1
2024-05-02,2024-05-02 14:40:00,371.17,371.17,371.16,371.16,-0.0,41.07,15284.52,-1
2024-05-02,2024-05-02 14:41:00,371.16,371.16,371.15,371.15,-0.0,41.07,15284.52,-1
2024-05-02,2024-05-02 14:42:00,371.15,371.15,371.14,371.14,-0.0,41.07,15284.52,-1
2024-05-02,2024-05-02 14:43:00,371.14,371.14,371.13,371.13,-0.0,41.07,15284.52,-1
2024-05-02,2024-05-02 14:44:00,371.13,371.13,371.12,371.12,-0.0,41.07,15284.52,-1
2024-05-02,2024-05-02 14:45:00,371.12,371.12,371.12,371.12,0.0,41.07,15284.52,0
2024-05-02,2024-05-02 14:46:00,371.12,371.12,371.11,371.11,-0.0,41.07,15284.52,-1
2024-05-02,2024-05-02 14:47:00,371.11,371.11,371.1,371.1,-0.0,41.07,15284.52,-1
2024-05-02,2024-05-02 14:48:00,371.1,371.1,371.09,371.09,-0.0,41.07,15284.52,-1
2024-05-02,2024-05-02 14:49:00,371.09,371.09,371.08,371.08,-0.0,41.07,15284.52,-1
2024-05-02,2024-05-02 14:50:00,371.08,371.08,371.07,371.07,-0.0,41.07,15284.52,-1
2024-05-02,2024-05-02 14:51:00,371.07,371.07,371.07,371.07,0.0,41.07,15284.52,0
2024-05-02,2024-05-02 14:52:00,371.07,371.07,371.06,371.06,-0.0,41.07,15284.52,-1
2024-05-02,2024-05-02 14:53:00,371.06,371.06,371.05,371.05,-0.0,41.07,15284.52,-1
2024-05-02,2024-05-02 14:54:00,371.05,371.05,371.04,371.04,-0.0,41.07,15284.52,-1
2024-05-02,2024-05-02 14:55:00,371.04,371.04,371.03,371.03,-0.0,41.07,15284.52,-1
2024-05-02,2024-05-02 14:56:00,371.03,371.03,371.02,371.02,-0.0,41.07,15284.52,-1
2024-05-02,2024-05-02 14:57:00,371.02,371.02,371.02,371.02,0.0,41.07,15284.52,0
2024-05-02,2024-05-02 14:58:00,371.02,371.02,371.01,371.01,-0.0,41.07,15284.52,-1
2024-05-02,2024-05-02 14:59:00,371.01,371.01,371.0,371.0,-0.0,41.07,15284.52,-1
2024-05-02,2024-05-02 15:00:00,371.0,379.5,367.5,371.0,0.0,41.07,15284.52,0
2024-05-05,2024-05-05 11:00:00,365.1,366.84,363.57,365.08,-0.01,39.39,14436.85,-1
2024-05-05,2024-05-05 11:01:00,365.08,365.08,365.07,365.07,-0.0,39.39,14436.85,-1
2024-05-05,2024-05-05 11:02:00,365.07,365.07,365.05,365.05,-0.01,39.39,14436.85,-1
2024-05-05,2024-05-05 11:03:00,365.05,365.05,365.03,365.03,-0.01,39.39,14436.85,-1
2024-05-05,2024-05-05 11:04:00,365.03,365.03,365.01,365.01,-0.01,39.39,14436.85,-1
2024-05-05,2024-05-05 11:05:00,365.01,365.01,365.0,365.0,-0.0,39.39,14436.85,-1
2024-05-05,2024-05-05 11:06:00,365.0,365.0,364.98,364.98,-0.01,39.39,14436.85,-1
2024-05-05,2024-05-05 11:07:00,364.98,364.98,364.96,364.96,-0.01,39.39,14436.85,-1
2024-05-05,2024-05-05 11:08:00,364.96,364.96,364.95,364.95,-0.0,39.39,14436.85,-1
2024-05-05,2024-05-05 11:09:00,364.95,364.95,364.93,364.93,-0.01,39.39,14436.85,-1
2024-05-05,2024-05-05 11:10:00,364.93,364.93,364.91,364.91,-0.01,39.39,14436.85,-1
2024-05-05,2024-05-05 11:11:00,364.91,364.91,364.9,364.9,-0.0,39.39,14436.85,-1
2024-05-05,2024-05-05 11:12:00,364.9,364.9,364.88,364.88,-0.01,39.39,14436.85,-1
2024-05-05,2024-05-05 11:13:00,364.88,364.88,364.86,364.86,-0.01,39.39,14436.85,-1
2024-05-05,2024-05-05 11:14:00,364.86,364.86,364.84,364.84,-0.01,39.39,14436.85,-1
2024-05-05,2024-05-05 11:15:00,364.84,364.84,364.83,364.83,-0.0,39.39,14436.85,-1
2024-05-05,2024-05-05 11:16:00,364.83,364.83,364.81,364.81,-0.01,39.39,14436.85,-1
2024-05-05,2024-05-05 11:17:00,364.81,364.81,364.79,364.79,-0.01,39.39,14436.85,-1
2024-05-05,2024-05-05 11:18:00,364.79,364.79,364.78,364.78,-0.0,39.39,14436.85,-1
2024-05-05,2024-05-05 11:19:00,364.78,364.78,364.76,364.76,-0.01,39.39,14436.85,-1
2024-05-05,2024-05-05 11:20:00,364.76,364.76,364.74,364.74,-0.01,39.39,14436.85,-1
2024-05-05,2024-05-05 11:21:00,364.74,364.74,364.72,364.72,-0.01,39.39,14436.85,-1
2024-05-05,2024-05-05 11:22:00,364.72,364.72,364.71,364.71,-0.0,39.39,14436.85,-1
2024-05-05,2024-05-05 11:23:00,364.71,364.71,364.69,364.69,-0.01,39.39,14436.85,-1
2024-05-05,2024-05-05 11:24:00,364.69,364.69,364.67,364.67,-0.01,39.39,14436.85,-1
2024-05-05,2024-05-05 11:25:00,364.67,364.67,364.66,364.66,-0.0,39.39,14436.85,-1
2024-05-05,2024-05-05 11:26:00,364.66,364.66,364.64,364.64,-0.01,39.39,14436.85,-1
2024-05-05,2024-05-05 11:27:00,364.64,364.64,364.62,364.62,-0.01,39.39,14436.85,-1
2024-05-05,2024-05-05 11:28:00,364.62,364.62,364.6,364.6,-0.01,39.39,14436.85,-1
2024-05-05,2024-05-05 11:29:00,364.6,364.6,364.59,364.59,-0.0,39.39,14436.85,-1
2024-05-05,2024-05-05 11:30:00,364.59,364.59,364.57,364.57,-0.01,39.39,14436.85,-1
2024-05-05,2024-05-05 11:31:00,364.57,364.57,364.55,364.55,-0.01,39.39,14436.85,-1
2024-05-05,2024-05-05 11:32:00,364.55,364.55,364.54,364.54,-0.0,39.39,14436.85,-1
2024-05-05,2024-05-05 11:33:00,364.54,364.54,364.52,364.52,-0.01,39.39,14436.85,-1
2024-05-05,2024-05-05 11:34:00,364.52,364.52,364.5,364.5,-0.01,39.39,14436.85,-1
2024-05-05,2024-05-05 11:35:00,364.5,364.5,364.49,364.49,-0.0,39.39,14436.85,-1
2024-05-05,2024-05-05 11:36:00,364.49,364.49,364.47,364.47,-0.01,39.39,14436.85,-1
2024-05-05,2024-05-05 11:37:00,364.47,364.47,364.45,364.45,-0.01,39.39,14436.85,-1
2024-05-05,2024-05-05 11:38:00,364.45,364.45,364.43,364.43,-0.01,39.39,14436.85,-1
2024-05-05,2024-05-05 11:39:00,364.43,364.43,364.42,364.42,-0.0,39.39,14436.85,-1
2024-05-05,2024-05-05 11:40:00,364.42,364.42,364.4,364.4,-0.01,39.39,14436.85,-1
2024-05-05,2024-05-05 11:41:00,364.4,364.4,364.38,364.38,-0.01,39.39,14436.85,-1
2024-05-05,2024-05-05 11:42:00,364.38,364.38,364.37,364.37,-0.0,39.39,14436.85,-1
2024-05-05,2024-05-05 11:43:00,364.37,364.37,364.35,364.35,-0.01,39.39,14436.85,-1
2024-05-05,2024-05-05 11:44:00,364.35,364.35,364.33,364.33,-0.01,39.39,14436.85,-1
2024-05-05,2024-05-05 11:45:00,364.33,364.33,364.31,364.31,-0.01,39.39,14436.85,-1
2024-05-05,2024-05-05 11:46:00,364.31,364.31,364.3,364.3,-0.0,39.39,14436.85,-1
2024-05-05,2024-05-05 11:47:00,364.3,364.3,364.28,364.28,-0.01,39.39,14436.85,-1
2024-05-05,2024-05-05 11:48:00,364.28,364.28,364.26,364.26,-0.01,39.39,14436.85,-1
2024-05-05,2024-05-05 11:49:00,364.26,364.26,364.25,364.25,-0.0,39.39,14436.85,-1
2024-05-05,2024-05-05 11:50:00,364.25,364.25,364.23,364.23,-0.01,39.39,14436.85,-1
2024-05-05,2024-05-05 11:51:00,364.23,364.23,364.21,364.21,-0.01,39.39,14436.85,-1
2024-05-05,2024-05-05 11:52:00,364.21,364.21,364.19,364.19,-0.01,39.39,14436.85,-1
2024-05-05,2024-05-05 11:53:00,364.19,364.19,364.18,364.18,-0.0,39.39,14436.85,-1
2024-05-05,2024-05-05 11:54:00,364.18,364.18,364.16,364.16,-0.01,39.39,14436.85,-1
2024-05-05,2024-05-05 11:55:00,364.16,364.16,364.14,364.14,-0.01,39.39,14436.85,-1
2024-05-05,2024-05-05 11:56:00,364.14,364.14,364.13,364.13,-0.0,39.39,14436.85,-1
2024-05-05,2024-05-05 11:57:00,364.13,364.13,364.11,364.11,-0.01,39.39,14436.85,-1
2024-05-05,2024-05-05 11:58:00,364.11,364.11,364.09,364.09,-0.01,39.39,14436.85,-1
2024-05-05,2024-05-05 11:59:00,364.09,364.09,364.08,364.08,-0.0,39.39,14436.85,-1
2024-05-05,2024-05-05 12:00:00,364.08,364.08,364.06,364.06,-0.01,39.39,14436.85,-1
2024-05-05,2024-05-05 12:01:00,364.06,364.06,364.04,364.04,-0.01,39.39,14436.85,-1
2024-05-05,2024-05-05 12:02:00,364.04,364.04,364.02,364.02,-0.01,39.39,14436.85,-1
2024-05-05,2024-05-05 12:03:00,364.02,364.02,364.01,364.01,-0.0,39.39,14436.85,-1
2024-05-05,2024-05-05 12:04:00,364.01,364.01,363.99,363.99,-0.01,39.39,14436.85,-1
2024-05-05,2024-05-05 12:05:00,363.99,363.99,363.97,363.97,-0.01,39.39,14436.85,-1
2024-05-05,2024-05-05 12:06:00,363.97,363.97,363.96,363.96,-0.0,39.39,14436.85,-1
2024-05-05,2024-05-05 12:07:00,363.96,363.96,363.94,363.94,-0.01,39.39,14436.85,-1
2024-05-05,2024-05-05 12:08:00,363.94,363.94,363.92,363.92,-0.01,39.39,14436.85,-1
2024-05-05,2024-05-05 12:09:00,363.92,363.92,363.9,363.9,-0.01,39.39,14436.85,-1
2024-05-05,2024-05-05 12:10:00,363.9,363.9,363.89,363.89,-0.0,39.39,14436.85,-1
2024-05-05,2024-05-05 12:11:00,363.89,363.89,363.87,363.87,-0.01,39.39,14436.85,-1
2024-05-05,2024-05-05 12:12:00,363.87,363.87,363.85,363.85,-0.01,39.39,14436.85,-1
2024-05-05,2024-05-05 12:13:00,363.85,363.85,363.84,363.84,-0.0,39.39,14436.85,-1
2024-05-05,2024-05-05 12:14:00,363.84,363.84,363.82,363.82,-0.01,39.39,14436.85,-1
2024-05-05,2024-05-05 12:15:00,363.82,363.82,363.8,363.8,-0.01,39.39,14436.85,-1
2024-05-05,2024-05-05 12:16:00,363.8,363.8,363.78,363.78,-0.01,39.39,14436.85,-1
2024-05-05,2024-05-05 12:17:00,363.78,363.78,363.77,363.77,-0.0,39.39,14436.85,-1
2024-05-05,2024-05-05 12:18:00,363.77,363.77,363.75,363.75,-0.01,39.39,14436.85,-1
2024-05-05,2024-05-05 12:19:00,363.75,363.75,363.73,363.73,-0.01,39.39,14436.85,-1
2024-05-05,2024-05-05 12:20:00,363.73,363.73,363.72,363.72,-0.0,39.39,14436.85,-1
2024-05-05,2024-05-05 12:21:00,363.72,363.72,363.7,363.7,-0.01,39.39,14436.85,-1
2024-05-05,2024-05-05 12:22:00,363.7,363.7,363.68,363.68,-0.01,39.39,14436.85,-1
2024-05-05,2024-05-05 12:23:00,363.68,363.68,363.67,363.67,-0.0,39.39,14436.85,-1
2024-05-05,2024-05-05 12:24:00,363.67,363.67,363.65,363.65,-0.01,39.39,14436.85,-1
2024-05-05,2024-05-05 12:25:00,363.65,363.65,363.63,363.63,-0.01,39.39,14436.85,-1
2024-05-05,2024-05-05 12:26:00,363.63,363.63,363.61,363.61,-0.01,39.39,14436.85,-1
2024-05-05,2024-05-05 12:27:00,363.61,363.61,363.6,363.6,-0.0,39.39,14436.85,-1
2024-05-05,2024-05-05 12:28:00,363.6,363.6,363.58,363.58,-0.01,39.39,14436.85,-1
2024-05-05,2024-05-05 12:29:00,363.58,363.58,363.56,363.56,-0.01,39.39,14436.85,-1
2024-05-05,2024-05-05 12:30:00,363.56,363.56,363.55,363.55,-0.0,39.39,14436.85,-1
2024-05-05,2024-05-05 12:31:00,363.55,363.55,363.53,363.53,-0.01,39.39,14436.85,-1
2024-05-05,2024-05-05 12:32:00,363.53,363.53,363.51,363.51,-0.01,39.39,14436.85,-1
2024-05-05,2024-05-05 12:33:00,363.51,363.51,363.49,363.49,-0.01,39.39,14436.85,-1
2024-05-05,2024-05-05 12:34:00,363.49,363.49,363.48,363.48,-0.0,39.39,14436.85,-1
2024-05-05,2024-05-05 12:35:00,363.48,363.48,363.46,363.46,-0.01,39.39,14436.85,-1
2024-05-05,2024-05-05 12:36:00,363.46,363.46,363.44,363.44,-0.01,39.39,14436.85,-1
2024-05-05,2024-05-05 12:37:00,363.44,363.44,363.43,363.43,-0.0,39.39,14436.85,-1
2024-05-05,2024-05-05 12:38:00,363.43,363.43,363.41,363.41,-0.01,39.39,14436.85,-1
2024-05-05,2024-05-05 12:39:00,363.41,363.41,363.39,363.39,-0.01,39.39,14436.85,-1
2024-05-05,2024-05-05 12:40:00,363.39,363.39,363.37,363.37,-0.01,39.39,14436.85,-1
2024-05-05,2024-05-05 12:41:00,363.37,363.37,363.36,363.36,-0.0,39.39,14436.85,-1
2024-05-05,2024-05-05 12:42:00,363.36,363.36,363.34,363.34,-0.01,39.39,14436.85,-1
2024-05-05,2024-05-05 12:43:00,363.34,363.34,363.32,363.32,-0.01,39.39,14436.85,-1
2024-05-05,2024-05-05 12:44:00,363.32,363.32,363.31,363.31,-0.0,39.39,14436.85,-1
2024-05-05,2024-05-05 12:45:00,363.31,363.31,363.29,363.29,-0.01,39.39,14436.85,-1
2024-05-05,2024-05-05 12:46:00,363.29,363.29,363.27,363.27,-0.01,39.39,14436.85,-1
2024-05-05,2024-05-05 12:47:00,363.27,363.27,363.25,363.25,-0.01,39.39,14436.85,-1
2024-05-05,2024-05-05 12:48:00,363.25,363.25,363.24,363.24,-0.0,39.39,14436.85,-1
2024-05-05,2024-05-05 12:49:00,363.24,363.24,363.22,363.22,-0.01,39.39,14436.85,-1
2024-05-05,2024-05-05 12:50:00,363.22,363.22,363.2,363.2,-0.01,39.39,14436.85,-1
2024-05-05,2024-05-05 12:51:00,363.2,363.2,363.19,363.19,-0.0,39.39,14436.85,-1
2024-05-05,2024-05-05 12:52:00,363.19,363.19,363.17,363.17,-0.01,39.39,14436.85,-1
2024-05-05,2024-05-05 12:53:00,363.17,363.17,363.15,363.15,-0.01,39.39,14436.85,-1
2024-05-05,2024-05-05 12:54:00,363.15,363.15,363.14,363.14,-0.0,39.39,14436.85,-1
2024-05-05,2024-05-05 12:55:00,363.14,363.14,363.12,363.12,-0.01,39.39,14436.85,-1
2024-05-05,2024-05-05 12:56:00,363.12,363.12,363.1,363.1,-0.01,39.39,14436.85,-1
2024-05-05,2024-05-05 12:57:00,363.1,363.1,363.08,363.08,-0.01,39.39,14436.85,-1
2024-05-05,2024-05-05 12:58:00,363.08,363.08,363.07,363.07,-0.0,39.39,14436.85,-1
2024-05-05,2024-05-05 12:59:00,363.07,363.07,363.05,363.05,-0.01,39.39,14436.85,-1
2024-05-05,2024-05-05 13:00:00,363.05,370.9,360.0,363.03,-0.01,39.39,14436.85,-1
2024-05-05,2024-05-05 13:01:00,363.03,363.03,363.02,363.02,-0.0,39.39,14436.85,-1
2024-05-05,2024-05-05 13:02:00,363.02,363.02,363.0,363.0,-0.01,39.39,14436.85,-1
2024-05-05,2024-05-05 13:03:00,363.0,363.0,362.98,362.98,-0.01,39.39,14436.85,-1
2024-05-05,2024-05-05 13:04:00,362.98,362.98,362.96,362.96,-0.01,39.39,14436.85,-1
2024-05-05,2024-05-05 13:05:00,362.96,362.96,362.95,362.95,-0.0,39.39,14436.85,-1
2024-05-05,2024-05-05 13:06:00,362.95,362.95,362.93,362.93,-0.01,39.39,14436.85,-1
2024-05-05,2024-05-05 13:07:00,362.93,362.93,362.91,362.91,-0.01,39.39,14436.85,-1
2024-05-05,2024-05-05 13:08:00,362.91,362.91,362.9,362.9,-0.0,39.39,14436.85,-1
2024-05-05,2024-05-05 13:09:00,362.9,362.9,362.88,362.88,-0.01,39.39,14436.85,-1
2024-05-05,2024-05-05 13:10:00,362.88,362.88,362.86,362.86,-0.01,39.39,14436.85,-1
2024-05-05,2024-05-05 13:11:00,362.86,362.86,362.85,362.85,-0.0,39.39,14436.85,-1
2024-05-05,2024-05-05 13:12:00,362.85,362.85,362.83,362.83,-0.01,39.39,14436.85,-1
2024-05-05,2024-05-05 13:13:00,362.83,362.83,362.81,362.81,-0.01,39.39,14436.85,-1
2024-05-05,2024-05-05 13:14:00,362.81,362.81,362.79,362.79,-0.01,39.39,14436.85,-1
2024-05-05,2024-05-05 13:15:00,362.79,362.79,362.78,362.78,-0.0,39.39,14436.85,-1
2024-05-05,2024-05-05 13:16:00,362.78,362.78,362.76,362.76,-0.01,39.39,14436.85,-1
2024-05-05,2024-05-05 13:17:00,362.76,362.76,362.74,362.74,-0.01,39.39,14436.85,-1
2024-05-05,2024-05-05 13:18:00,362.74,362.74,362.73,362.73,-0.0,39.39,14436.85,-1
2024-05-05,2024-05-05 13:19:00,362.73,362.73,362.71,362.71,-0.01,39.39,14436.85,-1
2024-05-05,2024-05-05 13:20:00,362.71,362.71,362.69,362.69,-0.01,39.39,14436.85,-1
2024-05-05,2024-05-05 13:21:00,362.69,362.69,362.67,362.67,-0.01,39.39,14436.85,-1
2024-05-05,2024-05-05 13:22:00,362.67,362.67,362.66,362.66,-0.0,39.39,14436.85,-1
2024-05-05,2024-05-05 13:23:00,362.66,362.66,362.64,362.64,-0.01,39.39,14436.85,-1
2024-05-05,2024-05-05 13:24:00,362.64,362.64,362.62,362.62,-0.01,39.39,14436.85,-1
2024-05-05,2024-05-05 13:25:00,362.62,362.62,362.61,362.61,-0.0,39.39,14436.85,-1
2024-05-05,2024-05-05 13:26:00,362.61,362.61,362.59,362.59,-0.01,39.39,14436.85,-1
2024-05-05,2024-05-05 13:27:00,362.59,362.59,362.57,362.57,-0.01,39.39,14436.85,-1
2024-05-05,2024-05-05 13:28:00,362.57,362.57,362.55,362.55,-0.01,39.39,14436.85,-1
2024-05-05,2024-05-05 13:29:00,362.55,362.55,362.54,362.54,-0.0,39.39,14436.85,-1
2024-05-05,2024-05-05 13:30:00,362.54,362.54,362.52,362.52,-0.01,39.39,14436.85,-1
2024-05-05,2024-05-05 13:31:00,362.52,362.52,362.5,362.5,-0.01,39.39,14436.85,-1
2024-05-05,2024-05-05 13:32:00,362.5,362.5,362.49,362.49,-0.0,39.39,14436.85,-1
2024-05-05,2024-05-05 13:33:00,362.49,362.49,362.47,362.47,-0.01,39.39,14436.85,-1
2024-05-05,2024-05-05 13:34:00,362.47,362.47,362.45,362.45,-0.01,39.39,14436.85,-1
2024-05-05,2024-05-05 13:35:00,362.45,362.45,362.44,362.44,-0.0,39.39,14436.85,-1
2024-05-05,2024-05-05 13:36:00,362.44,362.44,362.42,362.42,-0.01,39.39,14436.85,-1
2024-05-05,2024-05-05 13:37:00,362.42,362.42,362.4,362.4,-0.01,39.39,14436.85,-1
2024-05-05,2024-05-05 13:38:00,362.4,362.4,362.38,362.38,-0.01,39.39,14436.85,-1
2024-05-05,2024-05-05 13:39:00,362.38,362.38,362.37,362.37,-0.0,39.39,14436.85,-1
2024-05-05,2024-05-05 13:40:00,362.37,362.37,362.35,362.35,-0.01,39.39,14436.85,-1
2024-05-05,2024-05-05 13:41:00,362.35,362.35,362.33,362.33,-0.01,39.39,14436.85,-1
2024-05-05,2024-05-05 13:42:00,362.33,362.33,362.32,362.32,-0.0,39.39,14436.85,-1
2024-05-05,2024-05-05 13:43:00,362.32,362.32,362.3,362.3,-0.01,39.39,14436.85,-1
2024-05-05,2024-05-05 13:44:00,362.3,362.3,362.28,362.28,-0.01,39.39,14436.85,-1
2024-05-05,2024-05-05 13:45:00,362.28,362.28,362.26,362.26,-0.01,39.39,14436.85,-1
2024-05-05,2024-05-05 13:46:00,362.26,362.26,362.25,362.25,-0.0,39.39,14436.85,-1
2024-05-05,2024-05-05 13:47:00,362.25,362.25,362.23,362.23,-0.01,39.39,14436.85,-1
2024-05-05,2024-05-05 13:48:00,362.23,362.23,362.21,362.21,-0.01,39.39,14436.85,-1
2024-05-05,2024-05-05 13:49:00,362.21,362.21,362.2,362.2,-0.0,39.39,14436.85,-1
2024-05-05,2024-05-05 13:50:00,362.2,362.2,362.18,362.18,-0.01,39.39,14436.85,-1
2024-05-05,2024-05-05 13:51:00,362.18,362.18,362.16,362.16,-0.01,39.39,14436.85,-1
2024-05-05,2024-05-05 13:52:00,362.16,362.16,362.14,362.14,-0.01,39.39,14436.85,-1
2024-05-05,2024-05-05 13:53:00,362.14,362.14,362.13,362.13,-0.0,39.39,14436.85,-1
2024-05-05,2024-05-05 13:54:00,362.13,362.13,362.11,362.11,-0.01,39.39,14436.85,-1
2024-05-05,2024-05-05 13:55:00,362.11,362.11,362.09,362.09,-0.01,39.39,14436.85,-1
2024-05-05,2024-05-05 13:56:00,362.09,362.09,362.08,362.08,-0.0,39.39,14436.85,-1
2024-05-05,2024-05-05 13:57:00,362.08,362.08,362.06,362.06,-0.01,39.39,14436.85,-1
2024-05-05,2024-05-05 13:58:00,362.06,362.06,362.04,362.04,-0.01,39.39,14436.85,-1
2024-05-05,2024-05-05 13:59:00,362.04,362.04,362.02,362.02,-0.01,39.39,14436.85,-1
2024-05-05,2024-05-05 14:00:00,362.02,362.02,362.01,362.01,-0.0,39.39,14436.85,-1
2024-05-05,2024-05-05 14:01:00,362.01,362.01,361.99,361.99,-0.01,39.39,14436.85,-1
2024-05-05,2024-05-05 14:02:00,361.99,361.99,361.97,361.97,-0.01,39.39,14436.85,-1
2024-05-05,2024-05-05 14:03:00,361.97,361.97,361.96,361.96,-0.0,39.39,14436.85,-1
2024-05-05,2024-05-05 14:04:00,361.96,361.96,361.94,361.94,-0.01,39.39,14436.85,-1
2024-05-05,2024-05-05 14:05:00,361.94,361.94,361.92,361.92,-0.01,39.39,14436.85,-1
2024-05-05,2024-05-05 14:06:00,361.92,361.92,361.91,361.91,-0.0,39.39,14436.85,-1
2024-05-05,2024-05-05 14:07:00,361.91,361.91,361.89,361.89,-0.01,39.39,14436.85,-1
2024-05-05,2024-05-05 14:08:00,361.89,361.89,361.87,361.87,-0.01,39.39,14436.85,-1
2024-05-05,2024-05-05 14:09:00,361.87,361.87,361.85,361.85,-0.01,39.39,14436.85,-1
2024-05-05,2024-05-05 14:10:00,361.85,361.85,361.84,361.84,-0.0,39.39,14436.85,-1
2024-05-05,2024-05-05 14:11:00,361.84,361.84,361.82,361.82,-0.01,39.39,14436.85,-1
2024-05-05,2024-05-05 14:12:00,361.82,361.82,361.8,361.8,-0.01,39.39,14436.85,-1
2024-05-05,2024-05-05 14:13:00,361.8,361.8,361.79,361.79,-0.0,39.39,14436.85,-1
2024-05-05,2024-05-05 14:14:00,361.79,361.79,361.77,361.77,-0.01,39.39,14436.85,-1
2024-05-05,2024-05-05 14:15:00,361.77,361.77,361.75,361.75,-0.01,39.39,14436.85,-1
2024-05-05,2024-05-05 14:16:00,361.75,361.75,361.73,361.73,-0.01,39.39,14436.85,-1
2024-05-05,2024-05-05 14:17:00,361.73,361.73,361.72,361.72,-0.0,39.39,14436.85,-1
2024-05-05,2024-05-05 14:18:00,361.72,361.72,361.7,361.7,-0.01,39.39,14436.85,-1
2024-05-05,2024-05-05 14:19:00,361.7,361.7,361.68,361.68,-0.01,39.39,14436.85,-1
2024-05-05,2024-05-05 14:20:00,361.68,361.68,361.67,361.67,-0.0,39.39,14436.85,-1
2024-05-05,2024-05-05 14:21:00,361.67,361.67,361.65,361.65,-0.01,39.39,14436.85,-1
2024-05-05,2024-05-05 14:22:00,361.65,361.65,361.63,361.63,-0.01,39.39,14436.85,-1
2024-05-05,2024-05-05 14:23:00,361.63,361.63,361.62,361.62,-0.0,39.39,14436.85,-1
2024-05-05,2024-05-05 14:24:00,361.62,361.62,361.6,361.6,-0.01,39.39,14436.85,-1
2024-05-05,2024-05-05 14:25:00,361.6,361.6,361.58,361.58,-0.01,39.39,14436.85,-1
2024-05-05,2024-05-05 14:26:00,361.58,361.58,361.56,361.56,-0.01,39.39,14436.85,-1
2024-05-05,2024-05-05 14:27:00,361.56,361.56,361.55,361.55,-0.0,39.39,14436.85,-1
2024-05-05,2024-05-05 14:28:00,361.55,361.55,361.53,361.53,-0.01,39.39,14436.85,-1
2024-05-05,2024-05-05 14:29:00,361.53,361.53,361.51,361.51,-0.01,39.39,14436.85,-1
2024-05-05,2024-05-05 14:30:00,361.51,361.51,361.5,361.5,-0.0,39.39,14436.85,-1
2024-05-05,2024-05-05 14:31:00,361.5,361.5,361.48,361.48,-0.01,39.39,14436.85,-1
2024-05-05,2024-05-05 14:32:00,361.48,361.48,361.46,361.46,-0.01,39.39,14436.85,-1
2024-05-05,2024-05-05 14:33:00,361.46,361.46,361.44,361.44,-0.01,39.39,14436.85,-1
2024-05-05,2024-05-05 14:34:00,361.44,361.44,361.43,361.43,-0.0,39.39,14436.85,-1
2024-05-05,2024-05-05 14:35:00,361.43,361.43,361.41,361.41,-0.01,39.39,14436.85,-1
2024-05-05,2024-05-05 14:36:00,361.41,361.41,361.39,361.39,-0.01,39.39,14436.85,-1
2024-05-05,2024-05-05 14:37:00,361.39,361.39,361.38,361.38,-0.0,39.39,14436.85,-1
2024-05-05,2024-05-05 14:38:00,361.38,361.38,361.36,361.36,-0.01,39.39,14436.85,-1
2024-05-05,2024-05-05 14:39:00,361.36,361.36,361.34,361.34,-0.01,39.39,14436.85,-1
2024-05-05,2024-05-05 14:40:00,361.34,361.34,361.32,361.32,-0.01,39.39,14436.85,-1
2024-05-05,2024-05-05 14:41:00,361.32,361.32,361.31,361.31,-0.0,39.39,14436.85,-1
2024-05-05,2024-05-05 14:42:00,361.31,361.31,361.29,361.29,-0.01,39.39,14436.85,-1
2024-05-05,2024-05-05 14:43:00,361.29,361.29,361.27,361.27,-0.01,39.39,14436.85,-1
2024-05-05,2024-05-05 14:44:00,361.27,361.27,361.26,361.26,-0.0,39.39,14436.85,-1
2024-05-05,2024-05-05 14:45:00,361.26,361.26,361.24,361.24,-0.01,39.39,14436.85,-1
2024-05-05,2024-05-05 14:46:00,361.24,361.24,361.22,361.22,-0.01,39.39,14436.85,-1
2024-05-05,2024-05-05 14:47:00,361.22,361.22,361.2,361.2,-0.01,39.39,14436.85,-1
2024-05-05,2024-05-05 14:48:00,361.2,361.2,361.19,361.19,-0.0,39.39,14436.85,-1
2024-05-05,2024-05-05 14:49:00,361.19,361.19,361.17,361.17,-0.01,39.39,14436.85,-1
2024-05-05,2024-05-05 14:50:00,361.17,361.17,361.15,361.15,-0.01,39.39,14436.85,-1
2024-05-05,2024-05-05 14:51:00,361.15,361.15,361.14,361.14,-0.0,39.39,14436.85,-1
2024-05-05,2024-05-05 14:52:00,361.14,361.14,361.12,361.12,-0.01,39.39,14436.85,-1
2024-05-05,2024-05-05 14:53:00,361.12,361.12,361.1,361.1,-0.01,39.39,14436.85,-1
2024-05-05,2024-05-05 14:54:00,361.1,361.1,361.09,361.09,-0.0,39.39,14436.85,-1
2024-05-05,2024-05-05 14:55:00,361.09,361.09,361.07,361.07,-0.01,39.39,14436.85,-1
2024-05-05,2024-05-05 14:56:00,361.07,361.07,361.05,361.05,-0.01,39.39,14436.85,-1
2024-05-05,2024-05-05 14:57:00,361.05,361.05,361.03,361.03,-0.01,39.39,14436.85,-1
2024-05-05,2024-05-05 14:58:00,361.03,361.03,361.02,361.02,-0.0,39.39,14436.85,-1
2024-05-05,2024-05-05 14:59:00,361.02,361.02,361.0,361.0,-0.01,39.39,14436.85,-1
2024-05-05,2024-05-05 15:00:00,361.0,370.9,360.0,361.0,0.0,39.39,14436.85,0
2024-05-06,2024-05-06 11:00:00,358.0,360.4,351.76,358.02,0.01,63.07,22715.28,1
2024-05-06,2024-05-06 11:01:00,358.02,358.03,358.02,358.03,0.0,63.07,22715.28,1
2024-05-06,2024-05-06 11:02:00,358.03,358.05,358.03,358.05,0.01,63.07,22715.28,1
2024-05-06,2024-05-06 11:03:00,358.05,358.07,358.05,358.07,0.01,63.07,22715.28,1
2024-05-06,2024-05-06 11:04:00,358.07,358.09,358.07,358.09,0.01,63.07,22715.28,1
2024-05-06,2024-05-06 11:05:00,358.09,358.1,358.09,358.1,0.0,63.07,22715.28,1
2024-05-06,2024-05-06 11:06:00,358.1,358.12,358.1,358.12,0.01,63.07,22715.28,1
2024-05-06,2024-05-06 11:07:00,358.12,358.14,358.12,358.14,0.01,63.07,22715.28,1
2024-05-06,2024-05-06 11:08:00,358.14,358.15,358.14,358.15,0.0,63.07,22715.28,1
2024-05-06,2024-05-06 11:09:00,358.15,358.17,358.15,358.17,0.01,63.07,22715.28,1
2024-05-06,2024-05-06 11:10:00,358.17,358.19,358.17,358.19,0.01,63.07,22715.28,1
2024-05-06,2024-05-06 11:11:00,358.19,358.2,358.19,358.2,0.0,63.07,22715.28,1
2024-05-06,2024-05-06 11:12:00,358.2,358.22,358.2,358.22,0.01,63.07,22715.28,1
2024-05-06,2024-05-06 11:13:00,358.22,358.24,358.22,358.24,0.01,63.07,22715.28,1
2024-05-06,2024-05-06 11:14:00,358.24,358.26,358.24,358.26,0.01,63.07,22715.28,1
2024-05-06,2024-05-06 11:15:00,358.26,358.27,358.26,358.27,0.0,63.07,22715.28,1
2024-05-06,2024-05-06 11:16:00,358.27,358.29,358.27,358.29,0.01,63.07,22715.28,1
2024-05-06,2024-05-06 11:17:00,358.29,358.31,358.29,358.31,0.01,63.07,22715.28,1
2024-05-06,2024-05-06 11:18:00,358.31,358.32,358.31,358.32,0.0,63.07,22715.28,1
2024-05-06,2024-05-06 11:19:00,358.32,358.34,358.32,358.34,0.01,63.07,22715.28,1
2024-05-06,2024-05-06 11:20:00,358.34,358.36,358.34,358.36,0.01,63.07,22715.28,1
2024-05-06,2024-05-06 11:21:00,358.36,358.38,358.36,358.38,0.01,63.07,22715.28,1
2024-05-06,2024-05-06 11:22:00,358.38,358.39,358.38,358.39,0.0,63.07,22715.28,1
2024-05-06,2024-05-06 11:23:00,358.39,358.41,358.39,358.41,0.01,63.07,22715.28,1
2024-05-06,2024-05-06 11:24:00,358.41,358.43,358.41,358.43,0.01,63.07,22715.28,1
2024-05-06,2024-05-06 11:25:00,358.43,358.44,358.43,358.44,0.0,63.07,22715.28,1
2024-05-06,2024-05-06 11:26:00,358.44,358.46,358.44,358.46,0.01,63.07,22715.28,1
2024-05-06,2024-05-06 11:27:00,358.46,358.48,358.46,358.48,0.01,63.07,22715.28,1
2024-05-06,2024-05-06 11:28:00,358.48,358.5,358.48,358.5,0.01,63.07,22715.28,1
2024-05-06,2024-05-06 11:29:00,358.5,358.51,358.5,358.51,0.0,63.07,22715.28,1
2024-05-06,2024-05-06 11:30:00,358.51,358.53,358.51,358.53,0.01,63.07,22715.28,1
2024-05-06,2024-05-06 11:31:00,358.53,358.55,358.53,358.55,0.01,63.07,22715.28,1
2024-05-06,2024-05-06 11:32:00,358.55,358.56,358.55,358.56,0.0,63.07,22715.28,1
2024-05-06,2024-05-06 11:33:00,358.56,358.58,358.56,358.58,0.01,63.07,22715.28,1
2024-05-06,2024-05-06 11:34:00,358.58,358.6,358.58,358.6,0.01,63.07,22715.28,1
2024-05-06,2024-05-06 11:35:00,358.6,358.62,358.6,358.62,0.01,63.07,22715.28,1
2024-05-06,2024-05-06 11:36:00,358.62,358.63,358.62,358.63,0.0,63.07,22715.28,1
2024-05-06,2024-05-06 11:37:00,358.63,358.65,358.63,358.65,0.01,63.07,22715.28,1
2024-05-06,2024-05-06 11:38:00,358.65,358.67,358.65,358.67,0.01,63.07,22715.28,1
2024-05-06,2024-05-06 11:39:00,358.67,358.68,358.67,358.68,0.0,63.07,22715.28,1
2024-05-06,2024-05-06 11:40:00,358.68,358.7,358.68,358.7,0.01,63.07,22715.28,1
2024-05-06,2024-05-06 11:41:00,358.7,358.72,358.7,358.72,0.01,63.07,22715.28,1
2024-05-06,2024-05-06 11:42:00,358.72,358.73,358.72,358.73,0.0,63.07,22715.28,1
2024-05-06,2024-05-06 11:43:00,358.73,358.75,358.73,358.75,0.01,63.07,22715.28,1
2024-05-06,2024-05-06 11:44:00,358.75,358.77,358.75,358.77,0.01,63.07,22715.28,1
2024-05-06,2024-05-06 11:45:00,358.77,358.79,358.77,358.79,0.01,63.07,22715.28,1
2024-05-06,2024-05-06 11:46:00,358.79,358.8,358.79,358.8,0.0,63.07,22715.28,1
2024-05-06,2024-05-06 11:47:00,358.8,358.82,358.8,358.82,0.01,63.07,22715.28,1
2024-05-06,2024-05-06 11:48:00,358.82,358.84,358.82,358.84,0.01,63.07,22715.28,1
2024-05-06,2024-05-06 11:49:00,358.84,358.85,358.84,358.85,0.0,63.07,22715.28,1
2024-05-06,2024-05-06 11:50:00,358.85,358.87,358.85,358.87,0.01,63.07,22715.28,1
2024-05-06,2024-05-06 11:51:00,358.87,358.89,358.87,358.89,0.01,63.07,22715.28,1
2024-05-06,2024-05-06 11:52:00,358.89,358.91,358.89,358.91,0.01,63.07,22715.28,1
2024-05-06,2024-05-06 11:53:00,358.91,358.92,358.91,358.92,0.0,63.07,22715.28,1
2024-05-06,2024-05-06 11:54:00,358.92,358.94,358.92,358.94,0.01,63.07,22715.28,1
2024-05-06,2024-05-06 11:55:00,358.94,358.96,358.94,358.96,0.01,63.07,22715.28,1
2024-05-06,2024-05-06 11:56:00,358.96,358.97,358.96,358.97,0.0,63.07,22715.28,1
2024-05-06,2024-05-06 11:57:00,358.97,358.99,358.97,358.99,0.01,63.07,22715.28,1
2024-05-06,2024-05-06 11:58:00,358.99,359.01,358.99,359.01,0.01,63.07,22715.28,1
2024-05-06,2024-05-06 11:59:00,359.01,359.02,359.01,359.02,0.0,63.07,22715.28,1
2024-05-06,2024-05-06 12:00:00,359.02,359.04,359.02,359.04,0.01,63.07,22715.28,1
2024-05-06,2024-05-06 12:01:00,359.04,359.06,359.04,359.06,0.01,63.07,22715.28,1
2024-05-06,2024-05-06 12:02:00,359.06,359.08,359.06,359.08,0.01,63.07,22715.28,1
2024-05-06,2024-05-06 12:03:00,359.08,359.09,359.08,359.09,0.0,63.07,22715.28,1
2024-05-06,2024-05-06 12:04:00,359.09,359.11,359.09,359.11,0.01,63.07,22715.28,1
2024-05-06,2024-05-06 12:05:00,359.11,359.13,359.11,359.13,0.01,63.07,22715.28,1
2024-05-06,2024-05-06 12:06:00,359.13,359.14,359.13,359.14,0.0,63.07,22715.28,1
2024-05-06,2024-05-06 12:07:00,359.14,359.16,359.14,359.16,0.01,63.07,22715.28,1
2024-05-06,2024-05-06 12:08:00,359.16,359.18,359.16,359.18,0.01,63.07,22715.28,1
2024-05-06,2024-05-06 12:09:00,359.18,359.2,359.18,359.2,0.01,63.07,22715.28,1
2024-05-06,2024-05-06 12:10:00,359.2,359.21,359.2,359.21,0.0,63.07,22715.28,1
2024-05-06,2024-05-06 12:11:00,359.21,359.23,359.21,359.23,0.01,63.07,22715.28,1
2024-05-06,2024-05-06 12:12:00,359.23,359.25,359.23,359.25,0.01,63.07,22715.28,1
2024-05-06,2024-05-06 12:13:00,359.25,359.26,359.25,359.26,0.0,63.07,22715.28,1
2024-05-06,2024-05-06 12:14:00,359.26,359.28,359.26,359.28,0.01,63.07,22715.28,1
2024-05-06,2024-05-06 12:15:00,359.28,359.3,359.28,359.3,0.01,63.07,22715.28,1
2024-05-06,2024-05-06 12:16:00,359.3,359.32,359.3,359.32,0.01,63.07,22715.28,1
2024-05-06,2024-05-06 12:17:00,359.32,359.33,359.32,359.33,0.0,63.07,22715.28,1
2024-05-06,2024-05-06 12:18:00,359.33,359.35,359.33,359.35,0.01,63.07,22715.28,1
2024-05-06,2024-05-06 12:19:00,359.35,359.37,359.35,359.37,0.01,63.07,22715.28,1
2024-05-06,2024-05-06 12:20:00,359.37,359.38,359.37,359.38,0.0,63.07,22715.28,1
2024-05-06,2024-05-06 12:21:00,359.38,359.4,359.38,359.4,0.01,63.07,22715.28,1
2024-05-06,2024-05-06 12:22:00,359.4,359.42,359.4,359.42,0.01,63.07,22715.28,1
2024-05-06,2024-05-06 12:23:00,359.42,359.44,359.42,359.44,0.01,63.07,22715.28,1
2024-05-06,2024-05-06 12:24:00,359.44,359.45,359.44,359.45,0.0,63.07,22715.28,1
2024-05-06,2024-05-06 12:25:00,359.45,359.47,359.45,359.47,0.01,63.07,22715.28,1
2024-05-06,2024-05-06 12:26:00,359.47,359.49,359.47,359.49,0.01,63.07,22715.28,1
2024-05-06,2024-05-06 12:27:00,359.49,359.5,359.49,359.5,0.0,63.07,22715.28,1
2024-05-06,2024-05-06 12:28:00,359.5,359.52,359.5,359.52,0.01,63.07,22715.28,1
2024-05-06,2024-05-06 12:29:00,359.52,359.54,359.52,359.54,0.01,63.07,22715.28,1
2024-05-06,2024-05-06 12:30:00,359.54,359.55,359.54,359.55,0.0,63.07,22715.28,1
2024-05-06,2024-05-06 12:31:00,359.55,359.57,359.55,359.57,0.01,63.07,22715.28,1
2024-05-06,2024-05-06 12:32:00,359.57,359.59,359.57,359.59,0.01,63.07,22715.28,1
2024-05-06,2024-05-06 12:33:00,359.59,359.61,359.59,359.61,0.01,63.07,22715.28,1
2024-05-06,2024-05-06 12:34:00,359.61,359.62,359.61,359.62,0.0,63.07,22715.28,1
2024-05-06,2024-05-06 12:35:00,359.62,359.64,359.62,359.64,0.01,63.07,22715.28,1
2024-05-06,2024-05-06 12:36:00,359.64,359.66,359.64,359.66,0.01,63.07,22715.28,1
2024-05-06,2024-05-06 12:37:00,359.66,359.67,359.66,359.67,0.0,63.07,22715.28,1
2024-05-06,2024-05-06 12:38:00,359.67,359.69,359.67,359.69,0.01,63.07,22715.28,1
2024-05-06,2024-05-06 12:39:00,359.69,359.71,359.69,359.71,0.01,63.07,22715.28,1
2024-05-06,2024-05-06 12:40:00,359.71,359.73,359.71,359.73,0.01,63.07,22715.28,1
2024-05-06,2024-05-06 12:41:00,359.73,359.74,359.73,359.74,0.0,63.07,22715.28,1
2024-05-06,2024-05-06 12:42:00,359.74,359.76,359.74,359.76,0.01,63.07,22715.28,1
2024-05-06,2024-05-06 12:43:00,359.76,359.78,359.76,359.78,0.01,63.07,22715.28,1
2024-05-06,2024-05-06 12:44:00,359.78,359.79,359.78,359.79,0.0,63.07,22715.28,1
2024-05-06,2024-05-06 12:45:00,359.79,359.81,359.79,359.81,0.01,63.07,22715.28,1
2024-05-06,2024-05-06 12:46:00,359.81,359.83,359.81,359.83,0.01,63.07,22715.28,1
2024-05-06,2024-05-06 12:47:00,359.83,359.85,359.83,359.85,0.01,63.07,22715.28,1
2024-05-06,2024-05-06 12:48:00,359.85,359.86,359.85,359.86,0.0,63.07,22715.28,1
2024-05-06,2024-05-06 12:49:00,359.86,359.88,359.86,359.88,0.01,63.07,22715.28,1
2024-05-06,2024-05-06 12:50:00,359.88,359.9,359.88,359.9,0.01,63.07,22715.28,1
2024-05-06,2024-05-06 12:51:00,359.9,359.91,359.9,359.91,0.0,63.07,22715.28,1
2024-05-06,2024-05-06 12:52:00,359.91,359.93,359.91,359.93,0.01,63.07,22715.28,1
2024-05-06,2024-05-06 12:53:00,359.93,359.95,359.93,359.95,0.01,63.07,22715.28,1
2024-05-06,2024-05-06 12:54:00,359.95,359.96,359.95,359.96,0.0,63.07,22715.28,1
2024-05-06,2024-05-06 12:55:00,359.96,359.98,359.96,359.98,0.01,63.07,22715.28,1
2024-05-06,2024-05-06 12:56:00,359.98,360.0,359.98,360.0,0.01,63.07,22715.28,1
2024-05-06,2024-05-06 12:57:00,360.0,360.02,360.0,360.02,0.01,63.07,22715.28,1
2024-05-06,2024-05-06 12:58:00,360.02,360.03,360.02,360.03,0.0,63.07,22715.28,1
2024-05-06,2024-05-06 12:59:00,360.03,360.05,360.03,360.05,0.01,63.07,22715.28,1
2024-05-06,2024-05-06 13:00:00,360.05,366.0,337.2,360.07,0.01,63.07,22715.28,1
2024-05-06,2024-05-06 13:01:00,360.07,360.08,360.07,360.08,0.0,63.07,22715.28,1
2024-05-06,2024-05-06 13:02:00,360.08,360.1,360.08,360.1,0.01,63.07,22715.28,1
2024-05-06,2024-05-06 13:03:00,360.1,360.12,360.1,360.12,0.01,63.07,22715.28,1
2024-05-06,2024-05-06 13:04:00,360.12,360.14,360.12,360.14,0.01,63.07,22715.28,1
2024-05-06,2024-05-06 13:05:00,360.14,360.15,360.14,360.15,0.0,63.07,22715.28,1
2024-05-06,2024-05-06 13:06:00,360.15,360.17,360.15,360.17,0.01,63.07,22715.28,1
2024-05-06,2024-05-06 13:07:00,360.17,360.19,360.17,360.19,0.01,63.07,22715.28,1
2024-05-06,2024-05-06 13:08:00,360.19,360.2,360.19,360.2,0.0,63.07,22715.28,1
2024-05-06,2024-05-06 13:09:00,360.2,360.22,360.2,360.22,0.01,63.07,22715.28,1
2024-05-06,2024-05-06 13:10:00,360.22,360.24,360.22,360.24,0.01,63.07,22715.28,1
2024-05-06,2024-05-06 13:11:00,360.24,360.25,360.24,360.25,0.0,63.07,22715.28,1
2024-05-06,2024-05-06 13:12:00,360.25,360.27,360.25,360.27,0.01,63.07,22715.28,1
2024-05-06,2024-05-06 13:13:00,360.27,360.29,360.27,360.29,0.01,63.07,22715.28,1
2024-05-06,2024-05-06 13:14:00,360.29,360.31,360.29,360.31,0.01,63.07,22715.28,1
2024-05-06,2024-05-06 13:15:00,360.31,360.32,360.31,360.32,0.0,63.07,22715.28,1
2024-05-06,2024-05-06 13:16:00,360.32,360.34,360.32,360.34,0.01,63.07,22715.28,1
2024-05-06,2024-05-06 13:17:00,360.34,360.36,360.34,360.36,0.01,63.07,22715.28,1
2024-05-06,2024-05-06 13:18:00,360.36,360.37,360.36,360.37,0.0,63.07,22715.28,1
2024-05-06,2024-05-06 13:19:00,360.37,360.39,360.37,360.39,0.01,63.07,22715.28,1
2024-05-06,2024-05-06 13:20:00,360.39,360.41,360.39,360.41,0.01,63.07,22715.28,1
2024-05-06,2024-05-06 13:21:00,360.41,360.43,360.41,360.43,0.01,63.07,22715.28,1
2024-05-06,2024-05-06 13:22:00,360.43,360.44,360.43,360.44,0.0,63.07,22715.28,1
2024-05-06,2024-05-06 13:23:00,360.44,360.46,360.44,360.46,0.01,63.07,22715.28,1
2024-05-06,2024-05-06 13:24:00,360.46,360.48,360.46,360.48,0.01,63.07,22715.28,1
2024-05-06,2024-05-06 13:25:00,360.48,360.49,360.48,360.49,0.0,63.07,22715.28,1
2024-05-06,2024-05-06 13:26:00,360.49,360.51,360.49,360.51,0.01,63.07,22715.28,1
2024-05-06,2024-05-06 13:27:00,360.51,360.53,360.51,360.53,0.01,63.07,22715.28,1
2024-05-06,2024-05-06 13:28:00,360.53,360.55,360.53,360.55,0.01,63.07,22715.28,1
2024-05-06,2024-05-06 13:29:00,360.55,360.56,360.55,360.56,0.0,63.07,22715.28,1
2024-05-06,2024-05-06 13:30:00,360.56,360.58,360.56,360.58,0.01,63.07,22715.28,1
2024-05-06,2024-05-06 13:31:00,360.58,360.6,360.58,360.6,0.01,63.07,22715.28,1
2024-05-06,2024-05-06 13:32:00,360.6,360.61,360.6,360.61,0.0,63.07,22715.28,1
2024-05-06,2024-05-06 13:33:00,360.61,360.63,360.61,360.63,0.01,63.07,22715.28,1
2024-05-06,2024-05-06 13:34:00,360.63,360.65,360.63,360.65,0.01,63.07,22715.28,1
2024-05-06,2024-05-06 13:35:00,360.65,360.67,360.65,360.67,0.01,63.07,22715.28,1
2024-05-06,2024-05-06 13:36:00,360.67,360.68,360.67,360.68,0.0,63.07,22715.28,1
2024-05-06,2024-05-06 13:37:00,360.68,360.7,360.68,360.7,0.01,63.07,22715.28,1
2024-05-06,2024-05-06 13:38:00,360.7,360.72,360.7,360.72,0.01,63.07,22715.28,1
2024-05-06,2024-05-06 13:39:00,360.72,360.73,360.72,360.73,0.0,63.07,22715.28,1
2024-05-06,2024-05-06 13:40:00,360.73,360.75,360.73,360.75,0.01,63.07,22715.28,1
2024-05-06,2024-05-06 13:41:00,360.75,360.77,360.75,360.77,0.01,63.07,22715.28,1
2024-05-06,2024-05-06 13:42:00,360.77,360.78,360.77,360.78,0.0,63.07,22715.28,1
2024-05-06,2024-05-06 13:43:00,360.78,360.8,360.78,360.8,0.01,63.07,22715.28,1
2024-05-06,2024-05-06 13:44:00,360.8,360.82,360.8,360.82,0.01,63.07,22715.28,1
2024-05-06,2024-05-06 13:45:00,360.82,360.84,360.82,360.84,0.01,63.07,22715.28,1
2024-05-06,2024-05-06 13:46:00,360.84,360.85,360.84,360.85,0.0,63.07,22715.28,1
2024-05-06,2024-05-06 13:47:00,360.85,360.87,360.85,360.87,0.01,63.07,22715.28,1
2024-05-06,2024-05-06 13:48:00,360.87,360.89,360.87,360.89,0.01,63.07,22715.28,1
2024-05-06,2024-05-06 13:49:00,360.89,360.9,360.89,360.9,0.0,63.07,22715.28,1
2024-05-06,2024-05-06 13:50:00,360.9,360.92,360.9,360.92,0.01,63.07,22715.28,1
2024-05-06,2024-05-06 13:51:00,360.92,360.94,360.92,360.94,0.01,63.07,22715.28,1
2024-05-06,2024-05-06 13:52:00,360.94,360.96,360.94,360.96,0.01,63.07,22715.28,1
2024-05-06,2024-05-06 13:53:00,360.96,360.97,360.96,360.97,0.0,63.07,22715.28,1
2024-05-06,2024-05-06 13:54:00,360.97,360.99,360.97,360.99,0.01,63.07,22715.28,1
2024-05-06,2024-05-06 13:55:00,360.99,361.01,360.99,361.01,0.01,63.07,22715.28,1
2024-05-06,2024-05-06 13:56:00,361.01,361.02,361.01,361.02,0.0,63.07,22715.28,1
2024-05-06,2024-05-06 13:57:00,361.02,361.04,361.02,361.04,0.01,63.07,22715.28,1
2024-05-06,2024-05-06 13:58:00,361.04,361.06,361.04,361.06,0.01,63.07,22715.28,1
2024-05-06,2024-05-06 13:59:00,361.06,361.08,361.06,361.08,0.01,63.07,22715.28,1
2024-05-06,2024-05-06 14:00:00,361.08,361.09,361.08,361.09,0.0,63.07,22715.28,1
2024-05-06,2024-05-06 14:01:00,361.09,361.11,361.09,361.11,0.01,63.07,22715.28,1
2024-05-06,2024-05-06 14:02:00,361.11,361.13,361.11,361.13,0.01,63.07,22715.28,1
2024-05-06,2024-05-06 14:03:00,361.13,361.14,361.13,361.14,0.0,63.07,22715.28,1
2024-05-06,2024-05-06 14:04:00,361.14,361.16,361.14,361.16,0.01,63.07,22715.28,1
2024-05-06,2024-05-06 14:05:00,361.16,361.18,361.16,361.18,0.01,63.07,22715.28,1
2024-05-06,2024-05-06 14:06:00,361.18,361.19,361.18,361.19,0.0,63.07,22715.28,1
2024-05-06,2024-05-06 14:07:00,361.19,361.21,361.19,361.21,0.01,63.07,22715.28,1
2024-05-06,2024-05-06 14:08:00,361.21,361.23,361.21,361.23,0.01,63.07,22715.28,1
2024-05-06,2024-05-06 14:09:00,361.23,361.25,361.23,361.25,0.01,63.07,22715.28,1
2024-05-06,2024-05-06 14:10:00,361.25,361.26,361.25,361.26,0.0,63.07,22715.28,1
2024-05-06,2024-05-06 14:11:00,361.26,361.28,361.26,361.28,0.01,63.07,22715.28,1
2024-05-06,2024-05-06 14:12:00,361.28,361.3,361.28,361.3,0.01,63.07,22715.28,1
2024-05-06,2024-05-06 14:13:00,361.3,361.31,361.3,361.31,0.0,63.07,22715.28,1
2024-05-06,2024-05-06 14:14:00,361.31,361.33,361.31,361.33,0.01,63.07,22715.28,1
2024-05-06,2024-05-06 14:15:00,361.33,361.35,361.33,361.35,0.01,63.07,22715.28,1
2024-05-06,2024-05-06 14:16:00,361.35,361.37,361.35,361.37,0.01,63.07,22715.28,1
2024-05-06,2024-05-06 14:17:00,361.37,361.38,361.37,361.38,0.0,63.07,22715.28,1
2024-05-06,2024-05-06 14:18:00,361.38,361.4,361.38,361.4,0.01,63.07,22715.28,1
2024-05-06,2024-05-06 14:19:00,361.4,361.42,361.4,361.42,0.01,63.07,22715.28,1
2024-05-06,2024-05-06 14:20:00,361.42,361.43,361.42,361.43,0.0,63.07,22715.28,1
2024-05-06,2024-05-06 14:21:00,361.43,361.45,361.43,361.45,0.01,63.07,22715.28,1
2024-05-06,2024-05-06 14:22:00,361.45,361.47,361.45,361.47,0.01,63.07,22715.28,1
2024-05-06,2024-05-06 14:23:00,361.47,361.49,361.47,361.49,0.01,63.07,22715.28,1
2024-05-06,2024-05-06 14:24:00,361.49,361.5,361.49,361.5,0.0,63.07,22715.28,1
2024-05-06,2024-05-06 14:25:00,361.5,361.52,361.5,361.52,0.01,63.07,22715.28,1
2024-05-06,2024-05-06 14:26:00,361.52,361.54,361.52,361.54,0.01,63.07,22715.28,1
2024-05-06,2024-05-06 14:27:00,361.54,361.55,361.54,361.55,0.0,63.07,22715.28,1
2024-05-06,2024-05-06 14:28:00,361.55,361.57,361.55,361.57,0.01,63.07,22715.28,1
2024-05-06,2024-05-06 14:29:00,361.57,361.59,361.57,361.59,0.01,63.07,22715.28,1
2024-05-06,2024-05-06 14:30:00,361.59,361.6,361.59,361.6,0.0,63.07,22715.28,1
2024-05-06,2024-05-06 14:31:00,361.6,361.62,361.6,361.62,0.01,63.07,22715.28,1
2024-05-06,2024-05-06 14:32:00,361.62,361.64,361.62,361.64,0.01,63.07,22715.28,1
2024-05-06,2024-05-06 14:33:00,361.64,361.66,361.64,361.66,0.01,63.07,22715.28,1
2024-05-06,2024-05-06 14:34:00,361.66,361.67,361.66,361.67,0.0,63.07,22715.28,1
2024-05-06,2024-05-06 14:35:00,361.67,361.69,361.67,361.69,0.01,63.07,22715.28,1
2024-05-06,2024-05-06 14:36:00,361.69,361.71,361.69,361.71,0.01,63.07,22715.28,1
2024-05-06,2024-05-06 14:37:00,361.71,361.72,361.71,361.72,0.0,63.07,22715.28,1
2024-05-06,2024-05-06 14:38:00,361.72,361.74,361.72,361.74,0.01,63.07,22715.28,1
2024-05-06,2024-05-06 14:39:00,361.74,361.76,361.74,361.76,0.01,63.07,22715.28,1
2024-05-06,2024-05-06 14:40:00,361.76,361.78,361.76,361.78,0.01,63.07,22715.28,1
2024-05-06,2024-05-06 14:41:00,361.78,361.79,361.78,361.79,0.0,63.07,22715.28,1
2024-05-06,2024-05-06 14:42:00,361.79,361.81,361.79,361.81,0.01,63.07,22715.28,1
2024-05-06,2024-05-06 14:43:00,361.81,361.83,361.81,361.83,0.01,63.07,22715.28,1
2024-05-06,2024-05-06 14:44:00,361.83,361.84,361.83,361.84,0.0,63.07,22715.28,1
2024-05-06,2024-05-06 14:45:00,361.84,361.86,361.84,361.86,0.01,63.07,22715.28,1
2024-05-06,2024-05-06 14:46:00,361.86,361.88,361.86,361.88,0.01,63.07,22715.28,1
2024-05-06,2024-05-06 14:47:00,361.88,361.9,361.88,361.9,0.01,63.07,22715.28,1
2024-05-06,2024-05-06 14:48:00,361.9,361.91,361.9,361.91,0.0,63.07,22715.28,1
2024-05-06,2024-05-06 14:49:00,361.91,361.93,361.91,361.93,0.01,63.07,22715.28,1
2024-05-06,2024-05-06 14:50:00,361.93,361.95,361.93,361.95,0.01,63.07,22715.28,1
2024-05-06,2024-05-06 14:51:00,361.95,361.96,361.95,361.96,0.0,63.07,22715.28,1
2024-05-06,2024-05-06 14:52:00,361.96,361.98,361.96,361.98,0.01,63.07,22715.28,1
2024-05-06,2024-05-06 14:53:00,361.98,362.0,361.98,362.0,0.01,63.07,22715.28,1
2024-05-06,2024-05-06 14:54:00,362.0,362.01,362.0,362.01,0.0,63.07,22715.28,1
2024-05-06,2024-05-06 14:55:00,362.01,362.03,362.01,362.03,0.01,63.07,22715.28,1
2024-05-06,2024-05-06 14:56:00,362.03,362.05,362.03,362.05,0.01,63.07,22715.28,1
2024-05-06,2024-05-06 14:57:00,362.05,362.07,362.05,362.07,0.01,63.07,22715.28,1
2024-05-06,2024-05-06 14:58:00,362.07,362.08,362.07,362.08,0.0,63.07,22715.28,1
2024-05-06,2024-05-06 14:59:00,362.08,362.1,362.08,362.1,0.01,63.07,22715.28,1
2024-05-06,2024-05-06 15:00:00,362.1,366.0,337.2,362.1,0.0,63.07,22715.28,0
2024-05-07,2024-05-07 11:00:00,356.0,359.9,356.0,356.02,0.01,19.88,7136.46,1
2024-05-07,2024-05-07 11:01:00,356.02,356.04,356.02,356.04,0.01,19.88,7136.46,1
2024-05-07,2024-05-07 11:02:00,356.04,356.06,356.04,356.06,0.01,19.88,7136.46,1
2024-05-07,2024-05-07 11:03:00,356.06,356.08,356.06,356.08,0.01,19.88,7136.46,1
2024-05-07,2024-05-07 11:04:00,356.08,356.1,356.08,356.1,0.01,19.88,7136.46,1
2024-05-07,2024-05-07 11:05:00,356.1,356.12,356.1,356.12,0.01,19.88,7136.46,1
2024-05-07,2024-05-07 11:06:00,356.12,356.15,356.12,356.15,0.01,19.88,7136.46,1
2024-05-07,2024-05-07 11:07:00,356.15,356.17,356.15,356.17,0.01,19.88,7136.46,1
2024-05-07,2024-05-07 11:08:00,356.17,356.19,356.17,356.19,0.01,19.88,7136.46,1
2024-05-07,2024-05-07 11:09:00,356.19,356.21,356.19,356.21,0.01,19.88,7136.46,1
2024-05-07,2024-05-07 11:10:00,356.21,356.23,356.21,356.23,0.01,19.88,7136.46,1
2024-05-07,2024-05-07 11:11:00,356.23,356.25,356.23,356.25,0.01,19.88,7136.46,1
2024-05-07,2024-05-07 11:12:00,356.25,356.27,356.25,356.27,0.01,19.88,7136.46,1
2024-05-07,2024-05-07 11:13:00,356.27,356.29,356.27,356.29,0.01,19.88,7136.46,1
2024-05-07,2024-05-07 11:14:00,356.29,356.31,356.29,356.31,0.01,19.88,7136.46,1
2024-05-07,2024-05-07 11:15:00,356.31,356.33,356.31,356.33,0.01,19.88,7136.46,1
2024-05-07,2024-05-07 11:16:00,356.33,356.35,356.33,356.35,0.01,19.88,7136.46,1
2024-05-07,2024-05-07 11:17:00,356.35,356.38,356.35,356.38,0.01,19.88,7136.46,1
2024-05-07,2024-05-07 11:18:00,356.38,356.4,356.38,356.4,0.01,19.88,7136.46,1
2024-05-07,2024-05-07 11:19:00,356.4,356.42,356.4,356.42,0.01,19.88,7136.46,1
2024-05-07,2024-05-07 11:20:00,356.42,356.44,356.42,356.44,0.01,19.88,7136.46,1
2024-05-07,2024-05-07 11:21:00,356.44,356.46,356.44,356.46,0.01,19.88,7136.46,1
2024-05-07,2024-05-07 11:22:00,356.46,356.48,356.46,356.48,0.01,19.88,7136.46,1
2024-05-07,2024-05-07 11:23:00,356.48,356.5,356.48,356.5,0.01,19.88,7136.46,1
2024-05-07,2024-05-07 11:24:00,356.5,356.52,356.5,356.52,0.01,19.88,7136.46,1
2024-05-07,2024-05-07 11:25:00,356.52,356.54,356.52,356.54,0.01,19.88,7136.46,1
2024-05-07,2024-05-07 11:26:00,356.54,356.56,356.54,356.56,0.01,19.88,7136.46,1
2024-05-07,2024-05-07 11:27:00,356.56,356.58,356.56,356.58,0.01,19.88,7136.46,1
2024-05-07,2024-05-07 11:28:00,356.58,356.6,356.58,356.6,0.01,19.88,7136.46,1
2024-05-07,2024-05-07 11:29:00,356.6,356.62,356.6,356.62,0.01,19.88,7136.46,1
2024-05-07,2024-05-07 11:30:00,356.62,356.65,356.62,356.65,0.01,19.88,7136.46,1
2024-05-07,2024-05-07 11:31:00,356.65,356.67,356.65,356.67,0.01,19.88,7136.46,1
2024-05-07,2024-05-07 11:32:00,356.67,356.69,356.67,356.69,0.01,19.88,7136.46,1
2024-05-07,2024-05-07 11:33:00,356.69,356.71,356.69,356.71,0.01,19.88,7136.46,1
2024-05-07,2024-05-07 11:34:00,356.71,356.73,356.71,356.73,0.01,19.88,7136.46,1
2024-05-07,2024-05-07 11:35:00,356.73,356.75,356.73,356.75,0.01,19.88,7136.46,1
2024-05-07,2024-05-07 11:36:00,356.75,356.77,356.75,356.77,0.01,19.88,7136.46,1
2024-05-07,2024-05-07 11:37:00,356.77,356.79,356.77,356.79,0.01,19.88,7136.46,1
2024-05-07,2024-05-07 11:38:00,356.79,356.81,356.79,356.81,0.01,19.88,7136.46,1
2024-05-07,2024-05-07 11:39:00,356.81,356.83,356.81,356.83,0.01,19.88,7136.46,1
2024-05-07,2024-05-07 11:40:00,356.83,356.85,356.83,356.85,0.01,19.88,7136.46,1
2024-05-07,2024-05-07 11:41:00,356.85,356.88,356.85,356.88,0.01,19.88,7136.46,1
2024-05-07,2024-05-07 11:42:00,356.88,356.9,356.88,356.9,0.01,19.88,7136.46,1
2024-05-07,2024-05-07 11:43:00,356.9,356.92,356.9,356.92,0.01,19.88,7136.46,1
2024-05-07,2024-05-07 11:44:00,356.92,356.94,356.92,356.94,0.01,19.88,7136.46,1
2024-05-07,2024-05-07 11:45:00,356.94,356.96,356.94,356.96,0.01,19.88,7136.46,1
2024-05-07,2024-05-07 11:46:00,356.96,356.98,356.96,356.98,0.01,19.88,7136.46,1
2024-05-07,2024-05-07 11:47:00,356.98,357.0,356.98,357.0,0.01,19.88,7136.46,1
2024-05-07,2024-05-07 11:48:00,357.0,357.02,357.0,357.02,0.01,19.88,7136.46,1
2024-05-07,2024-05-07 11:49:00,357.02,357.04,357.02,357.04,0.01,19.88,7136.46,1
2024-05-07,2024-05-07 11:50:00,357.04,357.06,357.04,357.06,0.01,19.88,7136.46,1
2024-05-07,2024-05-07 11:51:00,357.06,357.08,357.06,357.08,0.01,19.88,7136.46,1
2024-05-07,2024-05-07 11:52:00,357.08,357.1,357.08,357.1,0.01,19.88,7136.46,1
2024-05-07,2024-05-07 11:53:00,357.1,357.12,357.1,357.12,0.01,19.88,7136.46,1
2024-05-07,2024-05-07 11:54:00,357.12,357.15,357.12,357.15,0.01,19.88,7136.46,1
2024-05-07,2024-05-07 11:55:00,357.15,357.17,357.15,357.17,0.01,19.88,7136.46,1
2024-05-07,2024-05-07 11:56:00,357.17,357.19,357.17,357.19,0.01,19.88,7136.46,1
2024-05-07,2024-05-07 11:57:00,357.19,357.21,357.19,357.21,0.01,19.88,7136.46,1
2024-05-07,2024-05-07 11:58:00,357.21,357.23,357.21,357.23,0.01,19.88,7136.46,1
2024-05-07,2024-05-07 11:59:00,357.23,357.25,357.23,357.25,0.01,19.88,7136.46,1
2024-05-07,2024-05-07 12:00:00,357.25,357.27,357.25,357.27,0.01,19.88,7136.46,1
2024-05-07,2024-05-07 12:01:00,357.27,357.29,357.27,357.29,0.01,19.88,7136.46,1
2024-05-07,2024-05-07 12:02:00,357.29,357.31,357.29,357.31,0.01,19.88,7136.46,1
2024-05-07,2024-05-07 12:03:00,357.31,357.33,357.31,357.33,0.01,19.88,7136.46,1
2024-05-07,2024-05-07 12:04:00,357.33,357.35,357.33,357.35,0.01,19.88,7136.46,1
2024-05-07,2024-05-07 12:05:00,357.35,357.38,357.35,357.38,0.01,19.88,7136.46,1
2024-05-07,2024-05-07 12:06:00,357.38,357.4,357.38,357.4,0.01,19.88,7136.46,1
2024-05-07,2024-05-07 12:07:00,357.4,357.42,357.4,357.42,0.01,19.88,7136.46,1
2024-05-07,2024-05-07 12:08:00,357.42,357.44,357.42,357.44,0.01,19.88,7136.46,1
2024-05-07,2024-05-07 12:09:00,357.44,357.46,357.44,357.46,0.01,19.88,7136.46,1
2024-05-07,2024-05-07 12:10:00,357.46,357.48,357.46,357.48,0.01,19.88,7136.46,1
2024-05-07,2024-05-07 12:11:00,357.48,357.5,357.48,357.5,0.01,19.88,7136.46,1
2024-05-07,2024-05-07 12:12:00,357.5,357.52,357.5,357.52,0.01,19.88,7136.46,1
2024-05-07,2024-05-07 12:13:00,357.52,357.54,357.52,357.54,0.01,19.88,7136.46,1
2024-05-07,2024-05-07 12:14:00,357.54,357.56,357.54,357.56,0.01,19.88,7136.46,1
2024-05-07,2024-05-07 12:15:00,357.56,357.58,357.56,357.58,0.01,19.88,7136.46,1
2024-05-07,2024-05-07 12:16:00,357.58,357.6,357.58,357.6,0.01,19.88,7136.46,1
2024-05-07,2024-05-07 12:17:00,357.6,357.62,357.6,357.62,0.01,19.88,7136.46,1
2024-05-07,2024-05-07 12:18:00,357.62,357.65,357.62,357.65,0.01,19.88,7136.46,1
2024-05-07,2024-05-07 12:19:00,357.65,357.67,357.65,357.67,0.01,19.88,7136.46,1
2024-05-07,2024-05-07 12:20:00,357.67,357.69,357.67,357.69,0.01,19.88,7136.46,1
2024-05-07,2024-05-07 12:21:00,357.69,357.71,357.69,357.71,0.01,19.88,7136.46,1
2024-05-07,2024-05-07 12:22:00,357.71,357.73,357.71,357.73,0.01,19.88,7136.46,1
2024-05-07,2024-05-07 12:23:00,357.73,357.75,357.73,357.75,0.01,19.88,7136.46,1
2024-05-07,2024-05-07 12:24:00,357.75,357.77,357.75,357.77,0.01,19.88,7136.46,1
2024-05-07,2024-05-07 12:25:00,357.77,357.79,357.77,357.79,0.01,19.88,7136.46,1
2024-05-07,2024-05-07 12:26:00,357.79,357.81,357.79,357.81,0.01,19.88,7136.46,1
2024-05-07,2024-05-07 12:27:00,357.81,357.83,357.81,357.83,0.01,19.88,7136.46,1
2024-05-07,2024-05-07 12:28:00,357.83,357.85,357.83,357.85,0.01,19.88,7136.46,1
2024-05-07,2024-05-07 12:29:00,357.85,357.88,357.85,357.88,0.01,19.88,7136.46,1
2024-05-07,2024-05-07 12:30:00,357.88,357.9,357.88,357.9,0.01,19.88,7136.46,1
2024-05-07,2024-05-07 12:31:00,357.9,357.92,357.9,357.92,0.01,19.88,7136.46,1
2024-05-07,2024-05-07 12:32:00,357.92,357.94,357.92,357.94,0.01,19.88,7136.46,1
2024-05-07,2024-05-07 12:33:00,357.94,357.96,357.94,357.96,0.01,19.88,7136.46,1
2024-05-07,2024-05-07 12:34:00,357.96,357.98,357.96,357.98,0.01,19.88,7136.46,1
2024-05-07,2024-05-07 12:35:00,357.98,358.0,357.98,358.0,0.01,19.88,7136.46,1
2024-05-07,2024-05-07 12:36:00,358.0,358.02,358.0,358.02,0.01,19.88,7136.46,1
2024-05-07,2024-05-07 12:37:00,358.02,358.04,358.02,358.04,0.01,19.88,7136.46,1
2024-05-07,2024-05-07 12:38:00,358.04,358.06,358.04,358.06,0.01,19.88,7136.46,1
2024-05-07,2024-05-07 12:39:00,358.06,358.08,358.06,358.08,0.01,19.88,7136.46,1
2024-05-07,2024-05-07 12:40:00,358.08,358.1,358.08,358.1,0.01,19.88,7136.46,1
2024-05-07,2024-05-07 12:41:00,358.1,358.12,358.1,358.12,0.01,19.88,7136.46,1
2024-05-07,2024-05-07 12:42:00,358.12,358.15,358.12,358.15,0.01,19.88,7136.46,1
2024-05-07,2024-05-07 12:43:00,358.15,358.17,358.15,358.17,0.01,19.88,7136.46,1
2024-05-07,2024-05-07 12:44:00,358.17,358.19,358.17,358.19,0.01,19.88,7136.46,1
2024-05-07,2024-05-07 12:45:00,358.19,358.21,358.19,358.21,0.01,19.88,7136.46,1
2024-05-07,2024-05-07 12:46:00,358.21,358.23,358.21,358.23,0.01,19.88,7136.46,1
2024-05-07,2024-05-07 12:47:00,358.23,358.25,358.23,358.25,0.01,19.88,7136.46,1
2024-05-07,2024-05-07 12:48:00,358.25,358.27,358.25,358.27,0.01,19.88,7136.46,1
2024-05-07,2024-05-07 12:49:00,358.27,358.29,358.27,358.29,0.01,19.88,7136.46,1
2024-05-07,2024-05-07 12:50:00,358.29,358.31,358.29,358.31,0.01,19.88,7136.46,1
2024-05-07,2024-05-07 12:51:00,358.31,358.33,358.31,358.33,0.01,19.88,7136.46,1
2024-05-07,2024-05-07 12:52:00,358.33,358.35,358.33,358.35,0.01,19.88,7136.46,1
2024-05-07,2024-05-07 12:53:00,358.35,358.38,358.35,358.38,0.01,19.88,7136.46,1
2024-05-07,2024-05-07 12:54:00,358.38,358.4,358.38,358.4,0.01,19.88,7136.46,1
2024-05-07,2024-05-07 12:55:00,358.4,358.42,358.4,358.42,0.01,19.88,7136.46,1
2024-05-07,2024-05-07 12:56:00,358.42,358.44,358.42,358.44,0.01,19.88,7136.46,1
2024-05-07,2024-05-07 12:57:00,358.44,358.46,358.44,358.46,0.01,19.88,7136.46,1
2024-05-07,2024-05-07 12:58:00,358.46,358.48,358.46,358.48,0.01,19.88,7136.46,1
2024-05-07,2024-05-07 12:59:00,358.48,358.5,358.48,358.5,0.01,19.88,7136.46,1
2024-05-07,2024-05-07 13:00:00,358.5,369.0,356.0,358.52,0.01,19.88,7136.46,1
2024-05-07,2024-05-07 13:01:00,358.52,358.54,358.52,358.54,0.01,19.88,7136.46,1
2024-05-07,2024-05-07 13:02:00,358.54,358.56,358.54,358.56,0.01,19.88,7136.46,1
2024-05-07,2024-05-07 13:03:00,358.56,358.58,358.56,358.58,0.01,19.88,7136.46,1
2024-05-07,2024-05-07 13:04:00,358.58,358.6,358.58,358.6,0.01,19.88,7136.46,1
2024-05-07,2024-05-07 13:05:00,358.6,358.62,358.6,358.62,0.01,19.88,7136.46,1
2024-05-07,2024-05-07 13:06:00,358.62,358.65,358.62,358.65,0.01,19.88,7136.46,1
2024-05-07,2024-05-07 13:07:00,358.65,358.67,358.65,358.67,0.01,19.88,7136.46,1
2024-05-07,2024-05-07 13:08:00,358.67,358.69,358.67,358.69,0.01,19.88,7136.46,1
2024-05-07,2024-05-07 13:09:00,358.69,358.71,358.69,358.71,0.01,19.88,7136.46,1
2024-05-07,2024-05-07 13:10:00,358.71,358.73,358.71,358.73,0.01,19.88,7136.46,1
2024-05-07,2024-05-07 13:11:00,358.73,358.75,358.73,358.75,0.01,19.88,7136.46,1
2024-05-07,2024-05-07 13:12:00,358.75,358.77,358.75,358.77,0.01,19.88,7136.46,1
2024-05-07,2024-05-07 13:13:00,358.77,358.79,358.77,358.79,0.01,19.88,7136.46,1
2024-05-07,2024-05-07 13:14:00,358.79,358.81,358.79,358.81,0.01,19.88,7136.46,1
2024-05-07,2024-05-07 13:15:00,358.81,358.83,358.81,358.83,0.01,19.88,7136.46,1
2024-05-07,2024-05-07 13:16:00,358.83,358.85,358.83,358.85,0.01,19.88,7136.46,1
2024-05-07,2024-05-07 13:17:00,358.85,358.88,358.85,358.88,0.01,19.88,7136.46,1
2024-05-07,2024-05-07 13:18:00,358.88,358.9,358.88,358.9,0.01,19.88,7136.46,1
2024-05-07,2024-05-07 13:19:00,358.9,358.92,358.9,358.92,0.01,19.88,7136.46,1
2024-05-07,2024-05-07 13:20:00,358.92,358.94,358.92,358.94,0.01,19.88,7136.46,1
2024-05-07,2024-05-07 13:21:00,358.94,358.96,358.94,358.96,0.01,19.88,7136.46,1
2024-05-07,2024-05-07 13:22:00,358.96,358.98,358.96,358.98,0.01,19.88,7136.46,1
2024-05-07,2024-05-07 13:23:00,358.98,359.0,358.98,359.0,0.01,19.88,7136.46,1
2024-05-07,2024-05-07 13:24:00,359.0,359.02,359.0,359.02,0.01,19.88,7136.46,1
2024-05-07,2024-05-07 13:25:00,359.02,359.04,359.02,359.04,0.01,19.88,7136.46,1
2024-05-07,2024-05-07 13:26:00,359.04,359.06,359.04,359.06,0.01,19.88,7136.46,1
2024-05-07,2024-05-07 13:27:00,359.06,359.08,359.06,359.08,0.01,19.88,7136.46,1
2024-05-07,2024-05-07 13:28:00,359.08,359.1,359.08,359.1,0.01,19.88,7136.46,1
2024-05-07,2024-05-07 13:29:00,359.1,359.12,359.1,359.12,0.01,19.88,7136.46,1
2024-05-07,2024-05-07 13:30:00,359.12,359.15,359.12,359.15,0.01,19.88,7136.46,1
2024-05-07,2024-05-07 13:31:00,359.15,359.17,359.15,359.17,0.01,19.88,7136.46,1
2024-05-07,2024-05-07 13:32:00,359.17,359.19,359.17,359.19,0.01,19.88,7136.46,1
2024-05-07,2024-05-07 13:33:00,359.19,359.21,359.19,359.21,0.01,19.88,7136.46,1
2024-05-07,2024-05-07 13:34:00,359.21,359.23,359.21,359.23,0.01,19.88,7136.46,1
2024-05-07,2024-05-07 13:35:00,359.23,359.25,359.23,359.25,0.01,19.88,7136.46,1
2024-05-07,2024-05-07 13:36:00,359.25,359.27,359.25,359.27,0.01,19.88,7136.46,1
2024-05-07,2024-05-07 13:37:00,359.27,359.29,359.27,359.29,0.01,19.88,7136.46,1
2024-05-07,2024-05-07 13:38:00,359.29,359.31,359.29,359.31,0.01,19.88,7136.46,1
2024-05-07,2024-05-07 13:39:00,359.31,359.33,359.31,359.33,0.01,19.88,7136.46,1
2024-05-07,2024-05-07 13:40:00,359.33,359.35,359.33,359.35,0.01,19.88,7136.46,1
2024-05-07,2024-05-07 13:41:00,359.35,359.38,359.35,359.38,0.01,19.88,7136.46,1
2024-05-07,2024-05-07 13:42:00,359.38,359.4,359.38,359.4,0.01,19.88,7136.46,1
2024-05-07,2024-05-07 13:43:00,359.4,359.42,359.4,359.42,0.01,19.88,7136.46,1
2024-05-07,2024-05-07 13:44:00,359.42,359.44,359.42,359.44,0.01,19.88,7136.46,1
2024-05-07,2024-05-07 13:45:00,359.44,359.46,359.44,359.46,0.01,19.88,7136.46,1
2024-05-07,2024-05-07 13:46:00,359.46,359.48,359.46,359.48,0.01,19.88,7136.46,1
2024-05-07,2024-05-07 13:47:00,359.48,359.5,359.48,359.5,0.01,19.88,7136.46,1
2024-05-07,2024-05-07 13:48:00,359.5,359.52,359.5,359.52,0.01,19.88,7136.46,1
2024-05-07,2024-05-07 13:49:00,359.52,359.54,359.52,359.54,0.01,19.88,7136.46,1
2024-05-07,2024-05-07 13:50:00,359.54,359.56,359.54,359.56,0.01,19.88,7136.46,1
2024-05-07,2024-05-07 13:51:00,359.56,359.58,359.56,359.58,0.01,19.88,7136.46,1
2024-05-07,2024-05-07 13:52:00,359.58,359.6,359.58,359.6,0.01,19.88,7136.46,1
2024-05-07,2024-05-07 13:53:00,359.6,359.62,359.6,359.62,0.01,19.88,7136.46,1
2024-05-07,2024-05-07 13:54:00,359.62,359.65,359.62,359.65,0.01,19.88,7136.46,1
2024-05-07,2024-05-07 13:55:00,359.65,359.67,359.65,359.67,0.01,19.88,7136.46,1
2024-05-07,2024-05-07 13:56:00,359.67,359.69,359.67,359.69,0.01,19.88,7136.46,1
2024-05-07,2024-05-07 13:57:00,359.69,359.71,359.69,359.71,0.01,19.88,7136.46,1
2024-05-07,2024-05-07 13:58:00,359.71,359.73,359.71,359.73,0.01,19.88,7136.46,1
2024-05-07,2024-05-07 13:59:00,359.73,359.75,359.73,359.75,0.01,19.88,7136.46,1
2024-05-07,2024-05-07 14:00:00,359.75,359.77,359.75,359.77,0.01,19.88,7136.46,1
2024-05-07,2024-05-07 14:01:00,359.77,359.79,359.77,359.79,0.01,19.88,7136.46,1
2024-05-07,2024-05-07 14:02:00,359.79,359.81,359.79,359.81,0.01,19.88,7136.46,1
2024-05-07,2024-05-07 14:03:00,359.81,359.83,359.81,359.83,0.01,19.88,7136.46,1
2024-05-07,2024-05-07 14:04:00,359.83,359.85,359.83,359.85,0.01,19.88,7136.46,1
2024-05-07,2024-05-07 14:05:00,359.85,359.88,359.85,359.88,0.01,19.88,7136.46,1
2024-05-07,2024-05-07 14:06:00,359.88,359.9,359.88,359.9,0.01,19.88,7136.46,1
2024-05-07,2024-05-07 14:07:00,359.9,359.92,359.9,359.92,0.01,19.88,7136.46,1
2024-05-07,2024-05-07 14:08:00,359.92,359.94,359.92,359.94,0.01,19.88,7136.46,1
2024-05-07,2024-05-07 14:09:00,359.94,359.96,359.94,359.96,0.01,19.88,7136.46,1
2024-05-07,2024-05-07 14:10:00,359.96,359.98,359.96,359.98,0.01,19.88,7136.46,1
2024-05-07,2024-05-07 14:11:00,359.98,360.0,359.98,360.0,0.01,19.88,7136.46,1
2024-05-07,2024-05-07 14:12:00,360.0,360.02,360.0,360.02,0.01,19.88,7136.46,1
2024-05-07,2024-05-07 14:13:00,360.02,360.04,360.02,360.04,0.01,19.88,7136.46,1
2024-05-07,2024-05-07 14:14:00,360.04,360.06,360.04,360.06,0.01,19.88,7136.46,1
2024-05-07,2024-05-07 14:15:00,360.06,360.08,360.06,360.08,0.01,19.88,7136.46,1
2024-05-07,2024-05-07 14:16:00,360.08,360.1,360.08,360.1,0.01,19.88,7136.46,1
2024-05-07,2024-05-07 14:17:00,360.1,360.12,360.1,360.12,0.01,19.88,7136.46,1
2024-05-07,2024-05-07 14:18:00,360.12,360.15,360.12,360.15,0.01,19.88,7136.46,1
2024-05-07,2024-05-07 14:19:00,360.15,360.17,360.15,360.17,0.01,19.88,7136.46,1
2024-05-07,2024-05-07 14:20:00,360.17,360.19,360.17,360.19,0.01,19.88,7136.46,1
2024-05-07,2024-05-07 14:21:00,360.19,360.21,360.19,360.21,0.01,19.88,7136.46,1
2024-05-07,2024-05-07 14:22:00,360.21,360.23,360.21,360.23,0.01,19.88,7136.46,1
2024-05-07,2024-05-07 14:23:00,360.23,360.25,360.23,360.25,0.01,19.88,7136.46,1
2024-05-07,2024-05-07 14:24:00,360.25,360.27,360.25,360.27,0.01,19.88,7136.46,1
2024-05-07,2024-05-07 14:25:00,360.27,360.29,360.27,360.29,0.01,19.88,7136.46,1
2024-05-07,2024-05-07 14:26:00,360.29,360.31,360.29,360.31,0.01,19.88,7136.46,1
2024-05-07,2024-05-07 14:27:00,360.31,360.33,360.31,360.33,0.01,19.88,7136.46,1
2024-05-07,2024-05-07 14:28:00,360.33,360.35,360.33,360.35,0.01,19.88,7136.46,1
2024-05-07,2024-05-07 14:29:00,360.35,360.38,360.35,360.38,0.01,19.88,7136.46,1
2024-05-07,2024-05-07 14:30:00,360.38,360.4,360.38,360.4,0.01,19.88,7136.46,1
2024-05-07,2024-05-07 14:31:00,360.4,360.42,360.4,360.42,0.01,19.88,7136.46,1
2024-05-07,2024-05-07 14:32:00,360.42,360.44,360.42,360.44,0.01,19.88,7136.46,1
2024-05-07,2024-05-07 14:33:00,360.44,360.46,360.44,360.46,0.01,19.88,7136.46,1
2024-05-07,2024-05-07 14:34:00,360.46,360.48,360.46,360.48,0.01,19.88,7136.46,1
2024-05-07,2024-05-07 14:35:00,360.48,360.5,360.48,360.5,0.01,19.88,7136.46,1
2024-05-07,2024-05-07 14:36:00,360.5,360.52,360.5,360.52,0.01,19.88,7136.46,1
2024-05-07,2024-05-07 14:37:00,360.52,360.54,360.52,360.54,0.01,19.88,7136.46,1
2024-05-07,2024-05-07 14:38:00,360.54,360.56,360.54,360.56,0.01,19.88,7136.46,1
2024-05-07,2024-05-07 14:39:00,360.56,360.58,360.56,360.58,0.01,19.88,7136.46,1
2024-05-07,2024-05-07 14:40:00,360.58,360.6,360.58,360.6,0.01,19.88,7136.46,1
2024-05-07,2024-05-07 14:41:00,360.6,360.62,360.6,360.62,0.01,19.88,7136.46,1
2024-05-07,2024-05-07 14:42:00,360.62,360.65,360.62,360.65,0.01,19.88,7136.46,1
2024-05-07,2024-05-07 14:43:00,360.65,360.67,360.65,360.67,0.01,19.88,7136.46,1
2024-05-07,2024-05-07 14:44:00,360.67,360.69,360.67,360.69,0.01,19.88,7136.46,1
2024-05-07,2024-05-07 14:45:00,360.69,360.71,360.69,360.71,0.01,19.88,7136.46,1
2024-05-07,2024-05-07 14:46:00,360.71,360.73,360.71,360.73,0.01,19.88,7136.46,1
2024-05-07,2024-05-07 14:47:00,360.73,360.75,360.73,360.75,0.01,19.88,7136.46,1
2024-05-07,2024-05-07 14:48:00,360.75,360.77,360.75,360.77,0.01,19.88,7136.46,1
2024-05-07,2024-05-07 14:49:00,360.77,360.79,360.77,360.79,0.01,19.88,7136.46,1
2024-05-07,2024-05-07 14:50:00,360.79,360.81,360.79,360.81,0.01,19.88,7136.46,1
2024-05-07,2024-05-07 14:51:00,360.81,360.83,360.81,360.83,0.01,19.88,7136.46,1
2024-05-07,2024-05-07 14:52:00,360.83,360.85,360.83,360.85,0.01,19.88,7136.46,1
2024-05-07,2024-05-07 14:53:00,360.85,360.88,360.85,360.88,0.01,19.88,7136.46,1
2024-05-07,2024-05-07 14:54:00,360.88,360.9,360.88,360.9,0.01,19.88,7136.46,1
2024-05-07,2024-05-07 14:55:00,360.9,360.92,360.9,360.92,0.01,19.88,7136.46,1
2024-05-07,2024-05-07 14:56:00,360.92,360.94,360.92,360.94,0.01,19.88,7136.46,1
2024-05-07,2024-05-07 14:57:00,360.94,360.96,360.94,360.96,0.01,19.88,7136.46,1
2024-05-07,2024-05-07 14:58:00,360.96,360.98,360.96,360.98,0.01,19.88,7136.46,1
2024-05-07,2024-05-07 14:59:00,360.98,361.0,360.98,361.0,0.01,19.88,7136.46,1
2024-05-07,2024-05-07 15:00:00,361.0,369.0,356.0,361.0,0.0,19.88,7136.46,0
2024-05-08,2024-05-08 11:00:00,355.0,358.0,355.0,355.03,0.01,27.02,9669.44,1
2024-05-08,2024-05-08 11:01:00,355.03,355.06,355.03,355.06,0.01,27.02,9669.44,1
2024-05-08,2024-05-08 11:02:00,355.06,355.09,355.06,355.09,0.01,27.02,9669.44,1
2024-05-08,2024-05-08 11:03:00,355.09,355.12,355.09,355.12,0.01,27.02,9669.44,1
2024-05-08,2024-05-08 11:04:00,355.12,355.15,355.12,355.15,0.01,27.02,9669.44,1
2024-05-08,2024-05-08 11:05:00,355.15,355.18,355.15,355.18,0.01,27.02,9669.44,1
2024-05-08,2024-05-08 11:06:00,355.18,355.2,355.18,355.2,0.01,27.02,9669.44,1
2024-05-08,2024-05-08 11:07:00,355.2,355.23,355.2,355.23,0.01,27.02,9669.44,1
2024-05-08,2024-05-08 11:08:00,355.23,355.26,355.23,355.26,0.01,27.02,9669.44,1
2024-05-08,2024-05-08 11:09:00,355.26,355.29,355.26,355.29,0.01,27.02,9669.44,1
2024-05-08,2024-05-08 11:10:00,355.29,355.32,355.29,355.32,0.01,27.02,9669.44,1
2024-05-08,2024-05-08 11:11:00,355.32,355.35,355.32,355.35,0.01,27.02,9669.44,1
2024-05-08,2024-05-08 11:12:00,355.35,355.38,355.35,355.38,0.01,27.02,9669.44,1
2024-05-08,2024-05-08 11:13:00,355.38,355.41,355.38,355.41,0.01,27.02,9669.44,1
2024-05-08,2024-05-08 11:14:00,355.41,355.44,355.41,355.44,0.01,27.02,9669.44,1
2024-05-08,2024-05-08 11:15:00,355.44,355.47,355.44,355.47,0.01,27.02,9669.44,1
2024-05-08,2024-05-08 11:16:00,355.47,355.5,355.47,355.5,0.01,27.02,9669.44,1
2024-05-08,2024-05-08 11:17:00,355.5,355.52,355.5,355.52,0.01,27.02,9669.44,1
2024-05-08,2024-05-08 11:18:00,355.52,355.55,355.52,355.55,0.01,27.02,9669.44,1
2024-05-08,2024-05-08 11:19:00,355.55,355.58,355.55,355.58,0.01,27.02,9669.44,1
2024-05-08,2024-05-08 11:20:00,355.58,355.61,355.58,355.61,0.01,27.02,9669.44,1
2024-05-08,2024-05-08 11:21:00,355.61,355.64,355.61,355.64,0.01,27.02,9669.44,1
2024-05-08,2024-05-08 11:22:00,355.64,355.67,355.64,355.67,0.01,27.02,9669.44,1
2024-05-08,2024-05-08 11:23:00,355.67,355.7,355.67,355.7,0.01,27.02,9669.44,1
2024-05-08,2024-05-08 11:24:00,355.7,355.73,355.7,355.73,0.01,27.02,9669.44,1
2024-05-08,2024-05-08 11:25:00,355.73,355.76,355.73,355.76,0.01,27.02,9669.44,1
2024-05-08,2024-05-08 11:26:00,355.76,355.79,355.76,355.79,0.01,27.02,9669.44,1
2024-05-08,2024-05-08 11:27:00,355.79,355.82,355.79,355.82,0.01,27.02,9669.44,1
2024-05-08,2024-05-08 11:28:00,355.82,355.85,355.82,355.85,0.01,27.02,9669.44,1
2024-05-08,2024-05-08 11:29:00,355.85,355.88,355.85,355.88,0.01,27.02,9669.44,1
2024-05-08,2024-05-08 11:30:00,355.88,355.9,355.88,355.9,0.01,27.02,9669.44,1
2024-05-08,2024-05-08 11:31:00,355.9,355.93,355.9,355.93,0.01,27.02,9669.44,1
2024-05-08,2024-05-08 11:32:00,355.93,355.96,355.93,355.96,0.01,27.02,9669.44,1
2024-05-08,2024-05-08 11:33:00,355.96,355.99,355.96,355.99,0.01,27.02,9669.44,1
2024-05-08,2024-05-08 11:34:00,355.99,356.02,355.99,356.02,0.01,27.02,9669.44,1
2024-05-08,2024-05-08 11:35:00,356.02,356.05,356.02,356.05,0.01,27.02,9669.44,1
2024-05-08,2024-05-08 11:36:00,356.05,356.08,356.05,356.08,0.01,27.02,9669.44,1
2024-05-08,2024-05-08 11:37:00,356.08,356.11,356.08,356.11,0.01,27.02,9669.44,1
2024-05-08,2024-05-08 11:38:00,356.11,356.14,356.11,356.14,0.01,27.02,9669.44,1
2024-05-08,2024-05-08 11:39:00,356.14,356.17,356.14,356.17,0.01,27.02,9669.44,1
2024-05-08,2024-05-08 11:40:00,356.17,356.2,356.17,356.2,0.01,27.02,9669.44,1
2024-05-08,2024-05-08 11:41:00,356.2,356.23,356.2,356.23,0.01,27.02,9669.44,1
2024-05-08,2024-05-08 11:42:00,356.23,356.25,356.23,356.25,0.01,27.02,9669.44,1
2024-05-08,2024-05-08 11:43:00,356.25,356.28,356.25,356.28,0.01,27.02,9669.44,1
2024-05-08,2024-05-08 11:44:00,356.28,356.31,356.28,356.31,0.01,27.02,9669.44,1
2024-05-08,2024-05-08 11:45:00,356.31,356.34,356.31,356.34,0.01,27.02,9669.44,1
2024-05-08,2024-05-08 11:46:00,356.34,356.37,356.34,356.37,0.01,27.02,9669.44,1
2024-05-08,2024-05-08 11:47:00,356.37,356.4,356.37,356.4,0.01,27.02,9669.44,1
2024-05-08,2024-05-08 11:48:00,356.4,356.43,356.4,356.43,0.01,27.02,9669.44,1
2024-05-08,2024-05-08 11:49:00,356.43,356.46,356.43,356.46,0.01,27.02,9669.44,1
2024-05-08,2024-05-08 11:50:00,356.46,356.49,356.46,356.49,0.01,27.02,9669.44,1
2024-05-08,2024-05-08 11:51:00,356.49,356.52,356.49,356.52,0.01,27.02,9669.44,1
2024-05-08,2024-05-08 11:52:00,356.52,356.55,356.52,356.55,0.01,27.02,9669.44,1
2024-05-08,2024-05-08 11:53:00,356.55,356.57,356.55,356.57,0.01,27.02,9669.44,1
2024-05-08,2024-05-08 11:54:00,356.57,356.6,356.57,356.6,0.01,27.02,9669.44,1
2024-05-08,2024-05-08 11:55:00,356.6,356.63,356.6,356.63,0.01,27.02,9669.44,1
2024-05-08,2024-05-08 11:56:00,356.63,356.66,356.63,356.66,0.01,27.02,9669.44,1
2024-05-08,2024-05-08 11:57:00,356.66,356.69,356.66,356.69,0.01,27.02,9669.44,1
2024-05-08,2024-05-08 11:58:00,356.69,356.72,356.69,356.72,0.01,27.02,9669.44,1
2024-05-08,2024-05-08 11:59:00,356.72,356.75,356.72,356.75,0.01,27.02,9669.44,1
2024-05-08,2024-05-08 12:00:00,356.75,356.78,356.75,356.78,0.01,27.02,9669.44,1
2024-05-08,2024-05-08 12:01:00,356.78,356.81,356.78,356.81,0.01,27.02,9669.44,1
2024-05-08,2024-05-08 12:02:00,356.81,356.84,356.81,356.84,0.01,27.02,9669.44,1
2024-05-08,2024-05-08 12:03:00,356.84,356.87,356.84,356.87,0.01,27.02,9669.44,1
2024-05-08,2024-05-08 12:04:00,356.87,356.9,356.87,356.9,0.01,27.02,9669.44,1
2024-05-08,2024-05-08 12:05:00,356.9,356.93,356.9,356.93,0.01,27.02,9669.44,1
2024-05-08,2024-05-08 12:06:00,356.93,356.95,356.93,356.95,0.01,27.02,9669.44,1
2024-05-08,2024-05-08 12:07:00,356.95,356.98,356.95,356.98,0.01,27.02,9669.44,1
2024-05-08,2024-05-08 12:08:00,356.98,357.01,356.98,357.01,0.01,27.02,9669.44,1
2024-05-08,2024-05-08 12:09:00,357.01,357.04,357.01,357.04,0.01,27.02,9669.44,1
2024-05-08,2024-05-08 12:10:00,357.04,357.07,357.04,357.07,0.01,27.02,9669.44,1
2024-05-08,2024-05-08 12:11:00,357.07,357.1,357.07,357.1,0.01,27.02,9669.44,1
2024-05-08,2024-05-08 12:12:00,357.1,357.13,357.1,357.13,0.01,27.02,9669.44,1
2024-05-08,2024-05-08 12:13:00,357.13,357.16,357.13,357.16,0.01,27.02,9669.44,1
2024-05-08,2024-05-08 12:14:00,357.16,357.19,357.16,357.19,0.01,27.02,9669.44,1
2024-05-08,2024-05-08 12:15:00,357.19,357.22,357.19,357.22,0.01,27.02,9669.44,1
2024-05-08,2024-05-08 12:16:00,357.22,357.25,357.22,357.25,0.01,27.02,9669.44,1
2024-05-08,2024-05-08 12:17:00,357.25,357.27,357.25,357.27,0.01,27.02,9669.44,1
2024-05-08,2024-05-08 12:18:00,357.27,357.3,357.27,357.3,0.01,27.02,9669.44,1
2024-05-08,2024-05-08 12:19:00,357.3,357.33,357.3,357.33,0.01,27.02,9669.44,1
2024-05-08,2024-05-08 12:20:00,357.33,357.36,357.33,357.36,0.01,27.02,9669.44,1
2024-05-08,2024-05-08 12:21:00,357.36,357.39,357.36,357.39,0.01,27.02,9669.44,1
2024-05-08,2024-05-08 12:22:00,357.39,357.42,357.39,357.42,0.01,27.02,9669.44,1
2024-05-08,2024-05-08 12:23:00,357.42,357.45,357.42,357.45,0.01,27.02,9669.44,1
2024-05-08,2024-05-08 12:24:00,357.45,357.48,357.45,357.48,0.01,27.02,9669.44,1
2024-05-08,2024-05-08 12:25:00,357.48,357.51,357.48,357.51,0.01,27.02,9669.44,1
2024-05-08,2024-05-08 12:26:00,357.51,357.54,357.51,357.54,0.01,27.02,9669.44,1
2024-05-08,2024-05-08 12:27:00,357.54,357.57,357.54,357.57,0.01,27.02,9669.44,1
2024-05-08,2024-05-08 12:28:00,357.57,357.6,357.57,357.6,0.01,27.02,9669.44,1
2024-05-08,2024-05-08 12:29:00,357.6,357.62,357.6,357.62,0.01,27.02,9669.44,1
2024-05-08,2024-05-08 12:30:00,357.62,357.65,357.62,357.65,0.01,27.02,9669.44,1
2024-05-08,2024-05-08 12:31:00,357.65,357.68,357.65,357.68,0.01,27.02,9669.44,1
2024-05-08,2024-05-08 12:32:00,357.68,357.71,357.68,357.71,0.01,27.02,9669.44,1
2024-05-08,2024-05-08 12:33:00,357.71,357.74,357.71,357.74,0.01,27.02,9669.44,1
2024-05-08,2024-05-08 12:34:00,357.74,357.77,357.74,357.77,0.01,27.02,9669.44,1
2024-05-08,2024-05-08 12:35:00,357.77,357.8,357.77,357.8,0.01,27.02,9669.44,1
2024-05-08,2024-05-08 12:36:00,357.8,357.83,357.8,357.83,0.01,27.02,9669.44,1
2024-05-08,2024-05-08 12:37:00,357.83,357.86,357.83,357.86,0.01,27.02,9669.44,1
2024-05-08,2024-05-08 12:38:00,357.86,357.89,357.86,357.89,0.01,27.02,9669.44,1
2024-05-08,2024-05-08 12:39:00,357.89,357.92,357.89,357.92,0.01,27.02,9669.44,1
2024-05-08,2024-05-08 12:40:00,357.92,357.95,357.92,357.95,0.01,27.02,9669.44,1
2024-05-08,2024-05-08 12:41:00,357.95,357.98,357.95,357.98,0.01,27.02,9669.44,1
2024-05-08,2024-05-08 12:42:00,357.98,358.0,357.98,358.0,0.01,27.02,9669.44,1
2024-05-08,2024-05-08 12:43:00,358.0,358.03,358.0,358.03,0.01,27.02,9669.44,1
2024-05-08,2024-05-08 12:44:00,358.03,358.06,358.03,358.06,0.01,27.02,9669.44,1
2024-05-08,2024-05-08 12:45:00,358.06,358.09,358.06,358.09,0.01,27.02,9669.44,1
2024-05-08,2024-05-08 12:46:00,358.09,358.12,358.09,358.12,0.01,27.02,9669.44,1
2024-05-08,2024-05-08 12:47:00,358.12,358.15,358.12,358.15,0.01,27.02,9669.44,1
2024-05-08,2024-05-08 12:48:00,358.15,358.18,358.15,358.18,0.01,27.02,9669.44,1
2024-05-08,2024-05-08 12:49:00,358.18,358.21,358.18,358.21,0.01,27.02,9669.44,1
2024-05-08,2024-05-08 12:50:00,358.21,358.24,358.21,358.24,0.01,27.02,9669.44,1
2024-05-08,2024-05-08 12:51:00,358.24,358.27,358.24,358.27,0.01,27.02,9669.44,1
2024-05-08,2024-05-08 12:52:00,358.27,358.3,358.27,358.3,0.01,27.02,9669.44,1
2024-05-08,2024-05-08 12:53:00,358.3,358.32,358.3,358.32,0.01,27.02,9669.44,1
2024-05-08,2024-05-08 12:54:00,358.32,358.35,358.32,358.35,0.01,27.02,9669.44,1
2024-05-08,2024-05-08 12:55:00,358.35,358.38,358.35,358.38,0.01,27.02,9669.44,1
2024-05-08,2024-05-08 12:56:00,358.38,358.41,358.38,358.41,0.01,27.02,9669.44,1
2024-05-08,2024-05-08 12:57:00,358.41,358.44,358.41,358.44,0.01,27.02,9669.44,1
2024-05-08,2024-05-08 12:58:00,358.44,358.47,358.44,358.47,0.01,27.02,9669.44,1
2024-05-08,2024-05-08 12:59:00,358.47,358.5,358.47,358.5,0.01,27.02,9669.44,1
2024-05-08,2024-05-08 13:00:00,358.5,365.0,355.0,358.53,0.01,27.02,9669.44,1
2024-05-08,2024-05-08 13:01:00,358.53,358.56,358.53,358.56,0.01,27.02,9669.44,1
2024-05-08,2024-05-08 13:02:00,358.56,358.59,358.56,358.59,0.01,27.02,9669.44,1
2024-05-08,2024-05-08 13:03:00,358.59,358.62,358.59,358.62,0.01,27.02,9669.44,1
2024-05-08,2024-05-08 13:04:00,358.62,358.65,358.62,358.65,0.01,27.02,9669.44,1
2024-05-08,2024-05-08 13:05:00,358.65,358.68,358.65,358.68,0.01,27.02,9669.44,1
2024-05-08,2024-05-08 13:06:00,358.68,358.7,358.68,358.7,0.01,27.02,9669.44,1
2024-05-08,2024-05-08 13:07:00,358.7,358.73,358.7,358.73,0.01,27.02,9669.44,1
2024-05-08,2024-05-08 13:08:00,358.73,358.76,358.73,358.76,0.01,27.02,9669.44,1
2024-05-08,2024-05-08 13:09:00,358.76,358.79,358.76,358.79,0.01,27.02,9669.44,1
2024-05-08,2024-05-08 13:10:00,358.79,358.82,358.79,358.82,0.01,27.02,9669.44,1
2024-05-08,2024-05-08 13:11:00,358.82,358.85,358.82,358.85,0.01,27.02,9669.44,1
2024-05-08,2024-05-08 13:12:00,358.85,358.88,358.85,358.88,0.01,27.02,9669.44,1
2024-05-08,2024-05-08 13:13:00,358.88,358.91,358.88,358.91,0.01,27.02,9669.44,1
2024-05-08,2024-05-08 13:14:00,358.91,358.94,358.91,358.94,0.01,27.02,9669.44,1
2024-05-08,2024-05-08 13:15:00,358.94,358.97,358.94,358.97,0.01,27.02,9669.44,1
2024-05-08,2024-05-08 13:16:00,358.97,359.0,358.97,359.0,0.01,27.02,9669.44,1
2024-05-08,2024-05-08 13:17:00,359.0,359.02,359.0,359.02,0.01,27.02,9669.44,1
2024-05-08,2024-05-08 13:18:00,359.02,359.05,359.02,359.05,0.01,27.02,9669.44,1
2024-05-08,2024-05-08 13:19:00,359.05,359.08,359.05,359.08,0.01,27.02,9669.44,1
2024-05-08,2024-05-08 13:20:00,359.08,359.11,359.08,359.11,0.01,27.02,9669.44,1
2024-05-08,2024-05-08 13:21:00,359.11,359.14,359.11,359.14,0.01,27.02,9669.44,1
2024-05-08,2024-05-08 13:22:00,359.14,359.17,359.14,359.17,0.01,27.02,9669.44,1
2024-05-08,2024-05-08 13:23:00,359.17,359.2,359.17,359.2,0.01,27.02,9669.44,1
2024-05-08,2024-05-08 13:24:00,359.2,359.23,359.2,359.23,0.01,27.02,9669.44,1
2024-05-08,2024-05-08 13:25:00,359.23,359.26,359.23,359.26,0.01,27.02,9669.44,1
2024-05-08,2024-05-08 13:26:00,359.26,359.29,359.26,359.29,0.01,27.02,9669.44,1
2024-05-08,2024-05-08 13:27:00,359.29,359.32,359.29,359.32,0.01,27.02,9669.44,1
2024-05-08,2024-05-08 13:28:00,359.32,359.35,359.32,359.35,0.01,27.02,9669.44,1
2024-05-08,2024-05-08 13:29:00,359.35,359.38,359.35,359.38,0.01,27.02,9669.44,1
2024-05-08,2024-05-08 13:30:00,359.38,359.4,359.38,359.4,0.01,27.02,9669.44,1
2024-05-08,2024-05-08 13:31:00,359.4,359.43,359.4,359.43,0.01,27.02,9669.44,1
2024-05-08,2024-05-08 13:32:00,359.43,359.46,359.43,359.46,0.01,27.02,9669.44,1
2024-05-08,2024-05-08 13:33:00,359.46,359.49,359.46,359.49,0.01,27.02,9669.44,1
2024-05-08,2024-05-08 13:34:00,359.49,359.52,359.49,359.52,0.01,27.02,9669.44,1
2024-05-08,2024-05-08 13:35:00,359.52,359.55,359.52,359.55,0.01,27.02,9669.44,1
2024-05-08,2024-05-08 13:36:00,359.55,359.58,359.55,359.58,0.01,27.02,9669.44,1
2024-05-08,2024-05-08 13:37:00,359.58,359.61,359.58,359.61,0.01,27.02,9669.44,1
2024-05-08,2024-05-08 13:38:00,359.61,359.64,359.61,359.64,0.01,27.02,9669.44,1
2024-05-08,2024-05-08 13:39:00,359.64,359.67,359.64,359.67,0.01,27.02,9669.44,1
2024-05-08,2024-05-08 13:40:00,359.67,359.7,359.67,359.7,0.01,27.02,9669.44,1
2024-05-08,2024-05-08 13:41:00,359.7,359.73,359.7,359.73,0.01,27.02,9669.44,1
2024-05-08,2024-05-08 13:42:00,359.73,359.75,359.73,359.75,0.01,27.02,9669.44,1
2024-05-08,2024-05-08 13:43:00,359.75,359.78,359.75,359.78,0.01,27.02,9669.44,1
2024-05-08,2024-05-08 13:44:00,359.78,359.81,359.78,359.81,0.01,27.02,9669.44,1
2024-05-08,2024-05-08 13:45:00,359.81,359.84,359.81,359.84,0.01,27.02,9669.44,1
2024-05-08,2024-05-08 13:46:00,359.84,359.87,359.84,359.87,0.01,27.02,9669.44,1
2024-05-08,2024-05-08 13:47:00,359.87,359.9,359.87,359.9,0.01,27.02,9669.44,1
2024-05-08,2024-05-08 13:48:00,359.9,359.93,359.9,359.93,0.01,27.02,9669.44,1
2024-05-08,2024-05-08 13:49:00,359.93,359.96,359.93,359.96,0.01,27.02,9669.44,1
2024-05-08,2024-05-08 13:50:00,359.96,359.99,359.96,359.99,0.01,27.02,9669.44,1
2024-05-08,2024-05-08 13:51:00,359.99,360.02,359.99,360.02,0.01,27.02,9669.44,1
2024-05-08,2024-05-08 13:52:00,360.02,360.05,360.02,360.05,0.01,27.02,9669.44,1
2024-05-08,2024-05-08 13:53:00,360.05,360.07,360.05,360.07,0.01,27.02,9669.44,1
2024-05-08,2024-05-08 13:54:00,360.07,360.1,360.07,360.1,0.01,27.02,9669.44,1
2024-05-08,2024-05-08 13:55:00,360.1,360.13,360.1,360.13,0.01,27.02,9669.44,1
2024-05-08,2024-05-08 13:56:00,360.13,360.16,360.13,360.16,0.01,27.02,9669.44,1
2024-05-08,2024-05-08 13:57:00,360.16,360.19,360.16,360.19,0.01,27.02,9669.44,1
2024-05-08,2024-05-08 13:58:00,360.19,360.22,360.19,360.22,0.01,27.02,9669.44,1
2024-05-08,2024-05-08 13:59:00,360.22,360.25,360.22,360.25,0.01,27.02,9669.44,1
2024-05-08,2024-05-08 14:00:00,360.25,360.28,360.25,360.28,0.01,27.02,9669.44,1
2024-05-08,2024-05-08 14:01:00,360.28,360.31,360.28,360.31,0.01,27.02,9669.44,1
2024-05-08,2024-05-08 14:02:00,360.31,360.34,360.31,360.34,0.01,27.02,9669.44,1
2024-05-08,2024-05-08 14:03:00,360.34,360.37,360.34,360.37,0.01,27.02,9669.44,1
2024-05-08,2024-05-08 14:04:00,360.37,360.4,360.37,360.4,0.01,27.02,9669.44,1
2024-05-08,2024-05-08 14:05:00,360.4,360.43,360.4,360.43,0.01,27.02,9669.44,1
2024-05-08,2024-05-08 14:06:00,360.43,360.45,360.43,360.45,0.01,27.02,9669.44,1
2024-05-08,2024-05-08 14:07:00,360.45,360.48,360.45,360.48,0.01,27.02,9669.44,1
2024-05-08,2024-05-08 14:08:00,360.48,360.51,360.48,360.51,0.01,27.02,9669.44,1
2024-05-08,2024-05-08 14:09:00,360.51,360.54,360.51,360.54,0.01,27.02,9669.44,1
2024-05-08,2024-05-08 14:10:00,360.54,360.57,360.54,360.57,0.01,27.02,9669.44,1
2024-05-08,2024-05-08 14:11:00,360.57,360.6,360.57,360.6,0.01,27.02,9669.44,1
2024-05-08,2024-05-08 14:12:00,360.6,360.63,360.6,360.63,0.01,27.02,9669.44,1
2024-05-08,2024-05-08 14:13:00,360.63,360.66,360.63,360.66,0.01,27.02,9669.44,1
2024-05-08,2024-05-08 14:14:00,360.66,360.69,360.66,360.69,0.01,27.02,9669.44,1
2024-05-08,2024-05-08 14:15:00,360.69,360.72,360.69,360.72,0.01,27.02,9669.44,1
2024-05-08,2024-05-08 14:16:00,360.72,360.75,360.72,360.75,0.01,27.02,9669.44,1
2024-05-08,2024-05-08 14:17:00,360.75,360.77,360.75,360.77,0.01,27.02,9669.44,1
2024-05-08,2024-05-08 14:18:00,360.77,360.8,360.77,360.8,0.01,27.02,9669.44,1
2024-05-08,2024-05-08 14:19:00,360.8,360.83,360.8,360.83,0.01,27.02,9669.44,1
2024-05-08,2024-05-08 14:20:00,360.83,360.86,360.83,360.86,0.01,27.02,9669.44,1
2024-05-08,2024-05-08 14:21:00,360.86,360.89,360.86,360.89,0.01,27.02,9669.44,1
2024-05-08,2024-05-08 14:22:00,360.89,360.92,360.89,360.92,0.01,27.02,9669.44,1
2024-05-08,2024-05-08 14:23:00,360.92,360.95,360.92,360.95,0.01,27.02,9669.44,1
2024-05-08,2024-05-08 14:24:00,360.95,360.98,360.95,360.98,0.01,27.02,9669.44,1
2024-05-08,2024-05-08 14:25:00,360.98,361.01,360.98,361.01,0.01,27.02,9669.44,1
2024-05-08,2024-05-08 14:26:00,361.01,361.04,361.01,361.04,0.01,27.02,9669.44,1
2024-05-08,2024-05-08 14:27:00,361.04,361.07,361.04,361.07,0.01,27.02,9669.44,1
2024-05-08,2024-05-08 14:28:00,361.07,361.1,361.07,361.1,0.01,27.02,9669.44,1
2024-05-08,2024-05-08 14:29:00,361.1,361.12,361.1,361.12,0.01,27.02,9669.44,1
2024-05-08,2024-05-08 14:30:00,361.12,361.15,361.12,361.15,0.01,27.02,9669.44,1
2024-05-08,2024-05-08 14:31:00,361.15,361.18,361.15,361.18,0.01,27.02,9669.44,1
2024-05-08,2024-05-08 14:32:00,361.18,361.21,361.18,361.21,0.01,27.02,9669.44,1
2024-05-08,2024-05-08 14:33:00,361.21,361.24,361.21,361.24,0.01,27.02,9669.44,1
2024-05-08,2024-05-08 14:34:00,361.24,361.27,361.24,361.27,0.01,27.02,9669.44,1
2024-05-08,2024-05-08 14:35:00,361.27,361.3,361.27,361.3,0.01,27.02,9669.44,1
2024-05-08,2024-05-08 14:36:00,361.3,361.33,361.3,361.33,0.01,27.02,9669.44,1
2024-05-08,2024-05-08 14:37:00,361.33,361.36,361.33,361.36,0.01,27.02,9669.44,1
2024-05-08,2024-05-08 14:38:00,361.36,361.39,361.36,361.39,0.01,27.02,9669.44,1
2024-05-08,2024-05-08 14:39:00,361.39,361.42,361.39,361.42,0.01,27.02,9669.44,1
2024-05-08,2024-05-08 14:40:00,361.42,361.45,361.42,361.45,0.01,27.02,9669.44,1
2024-05-08,2024-05-08 14:41:00,361.45,361.48,361.45,361.48,0.01,27.02,9669.44,1
2024-05-08,2024-05-08 14:42:00,361.48,361.5,361.48,361.5,0.01,27.02,9669.44,1
2024-05-08,2024-05-08 14:43:00,361.5,361.53,361.5,361.53,0.01,27.02,9669.44,1
2024-05-08,2024-05-08 14:44:00,361.53,361.56,361.53,361.56,0.01,27.02,9669.44,1
2024-05-08,2024-05-08 14:45:00,361.56,361.59,361.56,361.59,0.01,27.02,9669.44,1
2024-05-08,2024-05-08 14:46:00,361.59,361.62,361.59,361.62,0.01,27.02,9669.44,1
2024-05-08,2024-05-08 14:47:00,361.62,361.65,361.62,361.65,0.01,27.02,9669.44,1
2024-05-08,2024-05-08 14:48:00,361.65,361.68,361.65,361.68,0.01,27.02,9669.44,1
2024-05-08,2024-05-08 14:49:00,361.68,361.71,361.68,361.71,0.01,27.02,9669.44,1
2024-05-08,2024-05-08 14:50:00,361.71,361.74,361.71,361.74,0.01,27.02,9669.44,1
2024-05-08,2024-05-08 14:51:00,361.74,361.77,361.74,361.77,0.01,27.02,9669.44,1
2024-05-08,2024-05-08 14:52:00,361.77,361.8,361.77,361.8,0.01,27.02,9669.44,1
2024-05-08,2024-05-08 14:53:00,361.8,361.82,361.8,361.82,0.01,27.02,9669.44,1
2024-05-08,2024-05-08 14:54:00,361.82,361.85,361.82,361.85,0.01,27.02,9669.44,1
2024-05-08,2024-05-08 14:55:00,361.85,361.88,361.85,361.88,0.01,27.02,9669.44,1
2024-05-08,2024-05-08 14:56:00,361.88,361.91,361.88,361.91,0.01,27.02,9669.44,1
2024-05-08,2024-05-08 14:57:00,361.91,361.94,361.91,361.94,0.01,27.02,9669.44,1
2024-05-08,2024-05-08 14:58:00,361.94,361.97,361.94,361.97,0.01,27.02,9669.44,1
2024-05-08,2024-05-08 14:59:00,361.97,362.0,361.97,362.0,0.01,27.02,9669.44,1
2024-05-08,2024-05-08 15:00:00,362.0,365.0,355.0,362.0,0.0,27.02,9669.44,0
2024-05-09,2024-05-09 11:00:00,355.1,358.67,355.1,355.13,0.01,24.75,8890.05,1
2024-05-09,2024-05-09 11:01:00,355.13,355.15,355.13,355.15,0.01,24.75,8890.05,1
2024-05-09,2024-05-09 11:02:00,355.15,355.18,355.15,355.18,0.01,24.75,8890.05,1
2024-05-09,2024-05-09 11:03:00,355.18,355.21,355.18,355.21,0.01,24.75,8890.05,1
2024-05-09,2024-05-09 11:04:00,355.21,355.23,355.21,355.23,0.01,24.75,8890.05,1
2024-05-09,2024-05-09 11:05:00,355.23,355.26,355.23,355.26,0.01,24.75,8890.05,1
2024-05-09,2024-05-09 11:06:00,355.26,355.29,355.26,355.29,0.01,24.75,8890.05,1
2024-05-09,2024-05-09 11:07:00,355.29,355.31,355.29,355.31,0.01,24.75,8890.05,1
2024-05-09,2024-05-09 11:08:00,355.31,355.34,355.31,355.34,0.01,24.75,8890.05,1
2024-05-09,2024-05-09 11:09:00,355.34,355.37,355.34,355.37,0.01,24.75,8890.05,1
2024-05-09,2024-05-09 11:10:00,355.37,355.39,355.37,355.39,0.01,24.75,8890.05,1
2024-05-09,2024-05-09 11:11:00,355.39,355.42,355.39,355.42,0.01,24.75,8890.05,1
2024-05-09,2024-05-09 11:12:00,355.42,355.45,355.42,355.45,0.01,24.75,8890.05,1
2024-05-09,2024-05-09 11:13:00,355.45,355.47,355.45,355.47,0.01,24.75,8890.05,1
2024-05-09,2024-05-09 11:14:00,355.47,355.5,355.47,355.5,0.01,24.75,8890.05,1
2024-05-09,2024-05-09 11:15:00,355.5,355.53,355.5,355.53,0.01,24.75,8890.05,1
2024-05-09,2024-05-09 11:16:00,355.53,355.55,355.53,355.55,0.01,24.75,8890.05,1
2024-05-09,2024-05-09 11:17:00,355.55,355.58,355.55,355.58,0.01,24.75,8890.05,1
2024-05-09,2024-05-09 11:18:00,355.58,355.61,355.58,355.61,0.01,24.75,8890.05,1
2024-05-09,2024-05-09 11:19:00,355.61,355.63,355.61,355.63,0.01,24.75,8890.05,1
2024-05-09,2024-05-09 11:20:00,355.63,355.66,355.63,355.66,0.01,24.75,8890.05,1
2024-05-09,2024-05-09 11:21:00,355.66,355.69,355.66,355.69,0.01,24.75,8890.05,1
2024-05-09,2024-05-09 11:22:00,355.69,355.71,355.69,355.71,0.01,24.75,8890.05,1
2024-05-09,2024-05-09 11:23:00,355.71,355.74,355.71,355.74,0.01,24.75,8890.05,1
2024-05-09,2024-05-09 11:24:00,355.74,355.77,355.74,355.77,0.01,24.75,8890.05,1
2024-05-09,2024-05-09 11:25:00,355.77,355.79,355.77,355.79,0.01,24.75,8890.05,1
2024-05-09,2024-05-09 11:26:00,355.79,355.82,355.79,355.82,0.01,24.75,8890.05,1
2024-05-09,2024-05-09 11:27:00,355.82,355.85,355.82,355.85,0.01,24.75,8890.05,1
2024-05-09,2024-05-09 11:28:00,355.85,355.87,355.85,355.87,0.01,24.75,8890.05,1
2024-05-09,2024-05-09 11:29:00,355.87,355.9,355.87,355.9,0.01,24.75,8890.05,1
2024-05-09,2024-05-09 11:30:00,355.9,355.93,355.9,355.93,0.01,24.75,8890.05,1
2024-05-09,2024-05-09 11:31:00,355.93,355.95,355.93,355.95,0.01,24.75,8890.05,1
2024-05-09,2024-05-09 11:32:00,355.95,355.98,355.95,355.98,0.01,24.75,8890.05,1
2024-05-09,2024-05-09 11:33:00,355.98,356.01,355.98,356.01,0.01,24.75,8890.05,1
2024-05-09,2024-05-09 11:34:00,356.01,356.03,356.01,356.03,0.01,24.75,8890.05,1
2024-05-09,2024-05-09 11:35:00,356.03,356.06,356.03,356.06,0.01,24.75,8890.05,1
2024-05-09,2024-05-09 11:36:00,356.06,356.09,356.06,356.09,0.01,24.75,8890.05,1
2024-05-09,2024-05-09 11:37:00,356.09,356.11,356.09,356.11,0.01,24.75,8890.05,1
2024-05-09,2024-05-09 11:38:00,356.11,356.14,356.11,356.14,0.01,24.75,8890.05,1
2024-05-09,2024-05-09 11:39:00,356.14,356.17,356.14,356.17,0.01,24.75,8890.05,1
2024-05-09,2024-05-09 11:40:00,356.17,356.19,356.17,356.19,0.01,24.75,8890.05,1
2024-05-09,2024-05-09 11:41:00,356.19,356.22,356.19,356.22,0.01,24.75,8890.05,1
2024-05-09,2024-05-09 11:42:00,356.22,356.25,356.22,356.25,0.01,24.75,8890.05,1
2024-05-09,2024-05-09 11:43:00,356.25,356.27,356.25,356.27,0.01,24.75,8890.05,1
2024-05-09,2024-05-09 11:44:00,356.27,356.3,356.27,356.3,0.01,24.75,8890.05,1
2024-05-09,2024-05-09 11:45:00,356.3,356.33,356.3,356.33,0.01,24.75,8890.05,1
2024-05-09,2024-05-09 11:46:00,356.33,356.35,356.33,356.35,0.01,24.75,8890.05,1
2024-05-09,2024-05-09 11:47:00,356.35,356.38,356.35,356.38,0.01,24.75,8890.05,1
2024-05-09,2024-05-09 11:48:00,356.38,356.41,356.38,356.41,0.01,24.75,8890.05,1
2024-05-09,2024-05-09 11:49:00,356.41,356.43,356.41,356.43,0.01,24.75,8890.05,1
2024-05-09,2024-05-09 11:50:00,356.43,356.46,356.43,356.46,0.01,24.75,8890.05,1
2024-05-09,2024-05-09 11:51:00,356.46,356.49,356.46,356.49,0.01,24.75,8890.05,1
2024-05-09,2024-05-09 11:52:00,356.49,356.51,356.49,356.51,0.01,24.75,8890.05,1
2024-05-09,2024-05-09 11:53:00,356.51,356.54,356.51,356.54,0.01,24.75,8890.05,1
2024-05-09,2024-05-09 11:54:00,356.54,356.57,356.54,356.57,0.01,24.75,8890.05,1
2024-05-09,2024-05-09 11:55:00,356.57,356.59,356.57,356.59,0.01,24.75,8890.05,1
2024-05-09,2024-05-09 11:56:00,356.59,356.62,356.59,356.62,0.01,24.75,8890.05,1
2024-05-09,2024-05-09 11:57:00,356.62,356.65,356.62,356.65,0.01,24.75,8890.05,1
2024-05-09,2024-05-09 11:58:00,356.65,356.67,356.65,356.67,0.01,24.75,8890.05,1
2024-05-09,2024-05-09 11:59:00,356.67,356.7,356.67,356.7,0.01,24.75,8890.05,1
2024-05-09,2024-05-09 12:00:00,356.7,356.73,356.7,356.73,0.01,24.75,8890.05,1
2024-05-09,2024-05-09 12:01:00,356.73,356.75,356.73,356.75,0.01,24.75,8890.05,1
2024-05-09,2024-05-09 12:02:00,356.75,356.78,356.75,356.78,0.01,24.75,8890.05,1
2024-05-09,2024-05-09 12:03:00,356.78,356.81,356.78,356.81,0.01,24.75,8890.05,1
2024-05-09,2024-05-09 12:04:00,356.81,356.83,356.81,356.83,0.01,24.75,8890.05,1
2024-05-09,2024-05-09 12:05:00,356.83,356.86,356.83,356.86,0.01,24.75,8890.05,1
2024-05-09,2024-05-09 12:06:00,356.86,356.89,356.86,356.89,0.01,24.75,8890.05,1
2024-05-09,2024-05-09 12:07:00,356.89,356.91,356.89,356.91,0.01,24.75,8890.05,1
2024-05-09,2024-05-09 12:08:00,356.91,356.94,356.91,356.94,0.01,24.75,8890.05,1
2024-05-09,2024-05-09 12:09:00,356.94,356.97,356.94,356.97,0.01,24.75,8890.05,1
2024-05-09,2024-05-09 12:10:00,356.97,356.99,356.97,356.99,0.01,24.75,8890.05,1
2024-05-09,2024-05-09 12:11:00,356.99,357.02,356.99,357.02,0.01,24.75,8890.05,1
2024-05-09,2024-05-09 12:12:00,357.02,357.05,357.02,357.05,0.01,24.75,8890.05,1
2024-05-09,2024-05-09 12:13:00,357.05,357.07,357.05,357.07,0.01,24.75,8890.05,1
2024-05-09,2024-05-09 12:14:00,357.07,357.1,357.07,357.1,0.01,24.75,8890.05,1
2024-05-09,2024-05-09 12:15:00,357.1,357.13,357.1,357.13,0.01,24.75,8890.05,1
2024-05-09,2024-05-09 12:16:00,357.13,357.15,357.13,357.15,0.01,24.75,8890.05,1
2024-05-09,2024-05-09 12:17:00,357.15,357.18,357.15,357.18,0.01,24.75,8890.05,1
2024-05-09,2024-05-09 12:18:00,357.18,357.21,357.18,357.21,0.01,24.75,8890.05,1
2024-05-09,2024-05-09 12:19:00,357.21,357.23,357.21,357.23,0.01,24.75,8890.05,1
2024-05-09,2024-05-09 12:20:00,357.23,357.26,357.23,357.26,0.01,24.75,8890.05,1
2024-05-09,2024-05-09 12:21:00,357.26,357.29,357.26,357.29,0.01,24.75,8890.05,1
2024-05-09,2024-05-09 12:22:00,357.29,357.31,357.29,357.31,0.01,24.75,8890.05,1
2024-05-09,2024-05-09 12:23:00,357.31,357.34,357.31,357.34,0.01,24.75,8890.05,1
2024-05-09,2024-05-09 12:24:00,357.34,357.37,357.34,357.37,0.01,24.75,8890.05,1
2024-05-09,2024-05-09 12:25:00,357.37,357.39,357.37,357.39,0.01,24.75,8890.05,1
2024-05-09,2024-05-09 12:26:00,357.39,357.42,357.39,357.42,0.01,24.75,8890.05,1
2024-05-09,2024-05-09 12:27:00,357.42,357.45,357.42,357.45,0.01,24.75,8890.05,1
2024-05-09,2024-05-09 12:28:00,357.45,357.47,357.45,357.47,0.01,24.75,8890.05,1
2024-05-09,2024-05-09 12:29:00,357.47,357.5,357.47,357.5,0.01,24.75,8890.05,1
2024-05-09,2024-05-09 12:30:00,357.5,357.53,357.5,357.53,0.01,24.75,8890.05,1
2024-05-09,2024-05-09 12:31:00,357.53,357.55,357.53,357.55,0.01,24.75,8890.05,1
2024-05-09,2024-05-09 12:32:00,357.55,357.58,357.55,357.58,0.01,24.75,8890.05,1
2024-05-09,2024-05-09 12:33:00,357.58,357.61,357.58,357.61,0.01,24.75,8890.05,1
2024-05-09,2024-05-09 12:34:00,357.61,357.63,357.61,357.63,0.01,24.75,8890.05,1
2024-05-09,2024-05-09 12:35:00,357.63,357.66,357.63,357.66,0.01,24.75,8890.05,1
2024-05-09,2024-05-09 12:36:00,357.66,357.69,357.66,357.69,0.01,24.75,8890.05,1
2024-05-09,2024-05-09 12:37:00,357.69,357.71,357.69,357.71,0.01,24.75,8890.05,1
2024-05-09,2024-05-09 12:38:00,357.71,357.74,357.71,357.74,0.01,24.75,8890.05,1
2024-05-09,2024-05-09 12:39:00,357.74,357.77,357.74,357.77,0.01,24.75,8890.05,1
2024-05-09,2024-05-09 12:40:00,357.77,357.79,357.77,357.79,0.01,24.75,8890.05,1
2024-05-09,2024-05-09 12:41:00,357.79,357.82,357.79,357.82,0.01,24.75,8890.05,1
2024-05-09,2024-05-09 12:42:00,357.82,357.85,357.82,357.85,0.01,24.75,8890.05,1
2024-05-09,2024-05-09 12:43:00,357.85,357.87,357.85,357.87,0.01,24.75,8890.05,1
2024-05-09,2024-05-09 12:44:00,357.87,357.9,357.87,357.9,0.01,24.75,8890.05,1
2024-05-09,2024-05-09 12:45:00,357.9,357.93,357.9,357.93,0.01,24.75,8890.05,1
2024-05-09,2024-05-09 12:46:00,357.93,357.95,357.93,357.95,0.01,24.75,8890.05,1
2024-05-09,2024-05-09 12:47:00,357.95,357.98,357.95,357.98,0.01,24.75,8890.05,1
2024-05-09,2024-05-09 12:48:00,357.98,358.01,357.98,358.01,0.01,24.75,8890.05,1
2024-05-09,2024-05-09 12:49:00,358.01,358.03,358.01,358.03,0.01,24.75,8890.05,1
2024-05-09,2024-05-09 12:50:00,358.03,358.06,358.03,358.06,0.01,24.75,8890.05,1
2024-05-09,2024-05-09 12:51:00,358.06,358.09,358.06,358.09,0.01,24.75,8890.05,1
2024-05-09,2024-05-09 12:52:00,358.09,358.11,358.09,358.11,0.01,24.75,8890.05,1
2024-05-09,2024-05-09 12:53:00,358.11,358.14,358.11,358.14,0.01,24.75,8890.05,1
2024-05-09,2024-05-09 12:54:00,358.14,358.17,358.14,358.17,0.01,24.75,8890.05,1
2024-05-09,2024-05-09 12:55:00,358.17,358.19,358.17,358.19,0.01,24.75,8890.05,1
2024-05-09,2024-05-09 12:56:00,358.19,358.22,358.19,358.22,0.01,24.75,8890.05,1
2024-05-09,2024-05-09 12:57:00,358.22,358.25,358.22,358.25,0.01,24.75,8890.05,1
2024-05-09,2024-05-09 12:58:00,358.25,358.27,358.25,358.27,0.01,24.75,8890.05,1
2024-05-09,2024-05-09 12:59:00,358.27,358.3,358.27,358.3,0.01,24.75,8890.05,1
2024-05-09,2024-05-09 13:00:00,358.3,367.0,355.1,358.33,0.01,24.75,8890.05,1
2024-05-09,2024-05-09 13:01:00,358.33,358.35,358.33,358.35,0.01,24.75,8890.05,1
2024-05-09,2024-05-09 13:02:00,358.35,358.38,358.35,358.38,0.01,24.75,8890.05,1
2024-05-09,2024-05-09 13:03:00,358.38,358.41,358.38,358.41,0.01,24.75,8890.05,1
2024-05-09,2024-05-09 13:04:00,358.41,358.43,358.41,358.43,0.01,24.75,8890.05,1
2024-05-09,2024-05-09 13:05:00,358.43,358.46,358.43,358.46,0.01,24.75,8890.05,1
2024-05-09,2024-05-09 13:06:00,358.46,358.49,358.46,358.49,0.01,24.75,8890.05,1
2024-05-09,2024-05-09 13:07:00,358.49,358.51,358.49,358.51,0.01,24.75,8890.05,1
2024-05-09,2024-05-09 13:08:00,358.51,358.54,358.51,358.54,0.01,24.75,8890.05,1
2024-05-09,2024-05-09 13:09:00,358.54,358.57,358.54,358.57,0.01,24.75,8890.05,1
2024-05-09,2024-05-09 13:10:00,358.57,358.59,358.57,358.59,0.01,24.75,8890.05,1
2024-05-09,2024-05-09 13:11:00,358.59,358.62,358.59,358.62,0.01,24.75,8890.05,1
2024-05-09,2024-05-09 13:12:00,358.62,358.65,358.62,358.65,0.01,24.75,8890.05,1
2024-05-09,2024-05-09 13:13:00,358.65,358.67,358.65,358.67,0.01,24.75,8890.05,1
2024-05-09,2024-05-09 13:14:00,358.67,358.7,358.67,358.7,0.01,24.75,8890.05,1
2024-05-09,2024-05-09 13:15:00,358.7,358.73,358.7,358.73,0.01,24.75,8890.05,1
2024-05-09,2024-05-09 13:16:00,358.73,358.75,358.73,358.75,0.01,24.75,8890.05,1
2024-05-09,2024-05-09 13:17:00,358.75,358.78,358.75,358.78,0.01,24.75,8890.05,1
2024-05-09,2024-05-09 13:18:00,358.78,358.81,358.78,358.81,0.01,24.75,8890.05,1
2024-05-09,2024-05-09 13:19:00,358.81,358.83,358.81,358.83,0.01,24.75,8890.05,1
2024-05-09,2024-05-09 13:20:00,358.83,358.86,358.83,358.86,0.01,24.75,8890.05,1
2024-05-09,2024-05-09 13:21:00,358.86,358.89,358.86,358.89,0.01,24.75,8890.05,1
2024-05-09,2024-05-09 13:22:00,358.89,358.91,358.89,358.91,0.01,24.75,8890.05,1
2024-05-09,2024-05-09 13:23:00,358.91,358.94,358.91,358.94,0.01,24.75,8890.05,1
2024-05-09,2024-05-09 13:24:00,358.94,358.97,358.94,358.97,0.01,24.75,8890.05,1
2024-05-09,2024-05-09 13:25:00,358.97,358.99,358.97,358.99,0.01,24.75,8890.05,1
2024-05-09,2024-05-09 13:26:00,358.99,359.02,358.99,359.02,0.01,24.75,8890.05,1
2024-05-09,2024-05-09 13:27:00,359.02,359.05,359.02,359.05,0.01,24.75,8890.05,1
2024-05-09,2024-05-09 13:28:00,359.05,359.07,359.05,359.07,0.01,24.75,8890.05,1
2024-05-09,2024-05-09 13:29:00,359.07,359.1,359.07,359.1,0.01,24.75,8890.05,1
2024-05-09,2024-05-09 13:30:00,359.1,359.13,359.1,359.13,0.01,24.75,8890.05,1
2024-05-09,2024-05-09 13:31:00,359.13,359.15,359.13,359.15,0.01,24.75,8890.05,1
2024-05-09,2024-05-09 13:32:00,359.15,359.18,359.15,359.18,0.01,24.75,8890.05,1
2024-05-09,2024-05-09 13:33:00,359.18,359.21,359.18,359.21,0.01,24.75,8890.05,1
2024-05-09,2024-05-09 13:34:00,359.21,359.23,359.21,359.23,0.01,24.75,8890.05,1
2024-05-09,2024-05-09 13:35:00,359.23,359.26,359.23,359.26,0.01,24.75,8890.05,1
2024-05-09,2024-05-09 13:36:00,359.26,359.29,359.26,359.29,0.01,24.75,8890.05,1
2024-05-09,2024-05-09 13:37:00,359.29,359.31,359.29,359.31,0.01,24.75,8890.05,1
2024-05-09,2024-05-09 13:38:00,359.31,359.34,359.31,359.34,0.01,24.75,8890.05,1
2024-05-09,2024-05-09 13:39:00,359.34,359.37,359.34,359.37,0.01,24.75,8890.05,1
2024-05-09,2024-05-09 13:40:00,359.37,359.39,359.37,359.39,0.01,24.75,8890.05,1
2024-05-09,2024-05-09 13:41:00,359.39,359.42,359.39,359.42,0.01,24.75,8890.05,1
2024-05-09,2024-05-09 13:42:00,359.42,359.45,359.42,359.45,0.01,24.75,8890.05,1
2024-05-09,2024-05-09 13:43:00,359.45,359.47,359.45,359.47,0.01,24.75,8890.05,1
2024-05-09,2024-05-09 13:44:00,359.47,359.5,359.47,359.5,0.01,24.75,8890.05,1
2024-05-09,2024-05-09 13:45:00,359.5,359.53,359.5,359.53,0.01,24.75,8890.05,1
2024-05-09,2024-05-09 13:46:00,359.53,359.55,359.53,359.55,0.01,24.75,8890.05,1
2024-05-09,2024-05-09 13:47:00,359.55,359.58,359.55,359.58,0.01,24.75,8890.05,1
2024-05-09,2024-05-09 13:48:00,359.58,359.61,359.58,359.61,0.01,24.75,8890.05,1
2024-05-09,2024-05-09 13:49:00,359.61,359.63,359.61,359.63,0.01,24.75,8890.05,1
2024-05-09,2024-05-09 13:50:00,359.63,359.66,359.63,359.66,0.01,24.75,8890.05,1
2024-05-09,2024-05-09 13:51:00,359.66,359.69,359.66,359.69,0.01,24.75,8890.05,1
2024-05-09,2024-05-09 13:52:00,359.69,359.71,359.69,359.71,0.01,24.75,8890.05,1
2024-05-09,2024-05-09 13:53:00,359.71,359.74,359.71,359.74,0.01,24.75,8890.05,1
2024-05-09,2024-05-09 13:54:00,359.74,359.77,359.74,359.77,0.01,24.75,8890.05,1
2024-05-09,2024-05-09 13:55:00,359.77,359.79,359.77,359.79,0.01,24.75,8890.05,1
2024-05-09,2024-05-09 13:56:00,359.79,359.82,359.79,359.82,0.01,24.75,8890.05,1
2024-05-09,2024-05-09 13:57:00,359.82,359.85,359.82,359.85,0.01,24.75,8890.05,1
2024-05-09,2024-05-09 13:58:00,359.85,359.87,359.85,359.87,0.01,24.75,8890.05,1
2024-05-09,2024-05-09 13:59:00,359.87,359.9,359.87,359.9,0.01,24.75,8890.05,1
2024-05-09,2024-05-09 14:00:00,359.9,359.93,359.9,359.93,0.01,24.75,8890.05,1
2024-05-09,2024-05-09 14:01:00,359.93,359.95,359.93,359.95,0.01,24.75,8890.05,1
2024-05-09,2024-05-09 14:02:00,359.95,359.98,359.95,359.98,0.01,24.75,8890.05,1
2024-05-09,2024-05-09 14:03:00,359.98,360.01,359.98,360.01,0.01,24.75,8890.05,1
2024-05-09,2024-05-09 14:04:00,360.01,360.03,360.01,360.03,0.01,24.75,8890.05,1
2024-05-09,2024-05-09 14:05:00,360.03,360.06,360.03,360.06,0.01,24.75,8890.05,1
2024-05-09,2024-05-09 14:06:00,360.06,360.09,360.06,360.09,0.01,24.75,8890.05,1
2024-05-09,2024-05-09 14:07:00,360.09,360.11,360.09,360.11,0.01,24.75,8890.05,1
2024-05-09,2024-05-09 14:08:00,360.11,360.14,360.11,360.14,0.01,24.75,8890.05,1
2024-05-09,2024-05-09 14:09:00,360.14,360.17,360.14,360.17,0.01,24.75,8890.05,1
2024-05-09,2024-05-09 14:10:00,360.17,360.19,360.17,360.19,0.01,24.75,8890.05,1
2024-05-09,2024-05-09 14:11:00,360.19,360.22,360.19,360.22,0.01,24.75,8890.05,1
2024-05-09,2024-05-09 14:12:00,360.22,360.25,360.22,360.25,0.01,24.75,8890.05,1
2024-05-09,2024-05-09 14:13:00,360.25,360.27,360.25,360.27,0.01,24.75,8890.05,1
2024-05-09,2024-05-09 14:14:00,360.27,360.3,360.27,360.3,0.01,24.75,8890.05,1
2024-05-09,2024-05-09 14:15:00,360.3,360.33,360.3,360.33,0.01,24.75,8890.05,1
2024-05-09,2024-05-09 14:16:00,360.33,360.35,360.33,360.35,0.01,24.75,8890.05,1
2024-05-09,2024-05-09 14:17:00,360.35,360.38,360.35,360.38,0.01,24.75,8890.05,1
2024-05-09,2024-05-09 14:18:00,360.38,360.41,360.38,360.41,0.01,24.75,8890.05,1
2024-05-09,2024-05-09 14:19:00,360.41,360.43,360.41,360.43,0.01,24.75,8890.05,1
2024-05-09,2024-05-09 14:20:00,360.43,360.46,360.43,360.46,0.01,24.75,8890.05,1
2024-05-09,2024-05-09 14:21:00,360.46,360.49,360.46,360.49,0.01,24.75,8890.05,1
2024-05-09,2024-05-09 14:22:00,360.49,360.51,360.49,360.51,0.01,24.75,8890.05,1
2024-05-09,2024-05-09 14:23:00,360.51,360.54,360.51,360.54,0.01,24.75,8890.05,1
2024-05-09,2024-05-09 14:24:00,360.54,360.57,360.54,360.57,0.01,24.75,8890.05,1
2024-05-09,2024-05-09 14:25:00,360.57,360.59,360.57,360.59,0.01,24.75,8890.05,1
2024-05-09,2024-05-09 14:26:00,360.59,360.62,360.59,360.62,0.01,24.75,8890.05,1
2024-05-09,2024-05-09 14:27:00,360.62,360.65,360.62,360.65,0.01,24.75,8890.05,1
2024-05-09,2024-05-09 14:28:00,360.65,360.67,360.65,360.67,0.01,24.75,8890.05,1
2024-05-09,2024-05-09 14:29:00,360.67,360.7,360.67,360.7,0.01,24.75,8890.05,1
2024-05-09,2024-05-09 14:30:00,360.7,360.73,360.7,360.73,0.01,24.75,8890.05,1
2024-05-09,2024-05-09 14:31:00,360.73,360.75,360.73,360.75,0.01,24.75,8890.05,1
2024-05-09,2024-05-09 14:32:00,360.75,360.78,360.75,360.78,0.01,24.75,8890.05,1
2024-05-09,2024-05-09 14:33:00,360.78,360.81,360.78,360.81,0.01,24.75,8890.05,1
2024-05-09,2024-05-09 14:34:00,360.81,360.83,360.81,360.83,0.01,24.75,8890.05,1
2024-05-09,2024-05-09 14:35:00,360.83,360.86,360.83,360.86,0.01,24.75,8890.05,1
2024-05-09,2024-05-09 14:36:00,360.86,360.89,360.86,360.89,0.01,24.75,8890.05,1
2024-05-09,2024-05-09 14:37:00,360.89,360.91,360.89,360.91,0.01,24.75,8890.05,1
2024-05-09,2024-05-09 14:38:00,360.91,360.94,360.91,360.94,0.01,24.75,8890.05,1
2024-05-09,2024-05-09 14:39:00,360.94,360.97,360.94,360.97,0.01,24.75,8890.05,1
2024-05-09,2024-05-09 14:40:00,360.97,360.99,360.97,360.99,0.01,24.75,8890.05,1
2024-05-09,2024-05-09 14:41:00,360.99,361.02,360.99,361.02,0.01,24.75,8890.05,1
2024-05-09,2024-05-09 14:42:00,361.02,361.05,361.02,361.05,0.01,24.75,8890.05,1
2024-05-09,2024-05-09 14:43:00,361.05,361.07,361.05,361.07,0.01,24.75,8890.05,1
2024-05-09,2024-05-09 14:44:00,361.07,361.1,361.07,361.1,0.01,24.75,8890.05,1
2024-05-09,2024-05-09 14:45:00,361.1,361.13,361.1,361.13,0.01,24.75,8890.05,1
2024-05-09,2024-05-09 14:46:00,361.13,361.15,361.13,361.15,0.01,24.75,8890.05,1
2024-05-09,2024-05-09 14:47:00,361.15,361.18,361.15,361.18,0.01,24.75,8890.05,1
2024-05-09,2024-05-09 14:48:00,361.18,361.21,361.18,361.21,0.01,24.75,8890.05,1
2024-05-09,2024-05-09 14:49:00,361.21,361.23,361.21,361.23,0.01,24.75,8890.05,1
2024-05-09,2024-05-09 14:50:00,361.23,361.26,361.23,361.26,0.01,24.75,8890.05,1
2024-05-09,2024-05-09 14:51:00,361.26,361.29,361.26,361.29,0.01,24.75,8890.05,1
2024-05-09,2024-05-09 14:52:00,361.29,361.31,361.29,361.31,0.01,24.75,8890.05,1
2024-05-09,2024-05-09 14:53:00,361.31,361.34,361.31,361.34,0.01,24.75,8890.05,1
2024-05-09,2024-05-09 14:54:00,361.34,361.37,361.34,361.37,0.01,24.75,8890.05,1
2024-05-09,2024-05-09 14:55:00,361.37,361.39,361.37,361.39,0.01,24.75,8890.05,1
2024-05-09,2024-05-09 14:56:00,361.39,361.42,361.39,361.42,0.01,24.75,8890.05,1
2024-05-09,2024-05-09 14:57:00,361.42,361.45,361.42,361.45,0.01,24.75,8890.05,1
2024-05-09,2024-05-09 14:58:00,361.45,361.47,361.45,361.47,0.01,24.75,8890.05,1
2024-05-09,2024-05-09 14:59:00,361.47,361.5,361.47,361.5,0.01,24.75,8890.05,1
2024-05-09,2024-05-09 15:00:00,361.5,367.0,355.1,361.5,0.0,24.75,8890.05,0
2024-05-12,2024-05-12 11:00:00,365.0,365.0,362.9,364.99,-0.0,16.19,5851.92,-1
2024-05-12,2024-05-12 11:01:00,364.99,364.99,364.98,364.98,-0.0,16.19,5851.92,-1
2024-05-12,2024-05-12 11:02:00,364.98,364.98,364.98,364.98,0.0,16.19,5851.92,0
2024-05-12,2024-05-12 11:03:00,364.98,364.98,364.97,364.97,-0.0,16.19,5851.92,-1
2024-05-12,2024-05-12 11:04:00,364.97,364.97,364.96,364.96,-0.0,16.19,5851.92,-1
2024-05-12,2024-05-12 11:05:00,364.96,364.96,364.95,364.95,-0.0,16.19,5851.92,-1
2024-05-12,2024-05-12 11:06:00,364.95,364.95,364.94,364.94,-0.0,16.19,5851.92,-1
2024-05-12,2024-05-12 11:07:00,364.94,364.94,364.93,364.93,-0.0,16.19,5851.92,-1
2024-05-12,2024-05-12 11:08:00,364.93,364.93,364.93,364.93,0.0,16.19,5851.92,0
2024-05-12,2024-05-12 11:09:00,364.93,364.93,364.92,364.92,-0.0,16.19,5851.92,-1
2024-05-12,2024-05-12 11:10:00,364.92,364.92,364.91,364.91,-0.0,16.19,5851.92,-1
2024-05-12,2024-05-12 11:11:00,364.91,364.91,364.9,364.9,-0.0,16.19,5851.92,-1
2024-05-12,2024-05-12 11:12:00,364.9,364.9,364.89,364.89,-0.0,16.19,5851.92,-1
2024-05-12,2024-05-12 11:13:00,364.89,364.89,364.88,364.88,-0.0,16.19,5851.92,-1
2024-05-12,2024-05-12 11:14:00,364.88,364.88,364.88,364.88,0.0,16.19,5851.92,0
2024-05-12,2024-05-12 11:15:00,364.88,364.88,364.87,364.87,-0.0,16.19,5851.92,-1
2024-05-12,2024-05-12 11:16:00,364.87,364.87,364.86,364.86,-0.0,16.19,5851.92,-1
2024-05-12,2024-05-12 11:17:00,364.86,364.86,364.85,364.85,-0.0,16.19,5851.92,-1
2024-05-12,2024-05-12 11:18:00,364.85,364.85,364.84,364.84,-0.0,16.19,5851.92,-1
2024-05-12,2024-05-12 11:19:00,364.84,364.84,364.83,364.83,-0.0,16.19,5851.92,-1
2024-05-12,2024-05-12 11:20:00,364.83,364.83,364.82,364.82,-0.0,16.19,5851.92,-1
2024-05-12,2024-05-12 11:21:00,364.82,364.82,364.82,364.82,0.0,16.19,5851.92,0
2024-05-12,2024-05-12 11:22:00,364.82,364.82,364.81,364.81,-0.0,16.19,5851.92,-1
2024-05-12,2024-05-12 11:23:00,364.81,364.81,364.8,364.8,-0.0,16.19,5851.92,-1
2024-05-12,2024-05-12 11:24:00,364.8,364.8,364.79,364.79,-0.0,16.19,5851.92,-1
2024-05-12,2024-05-12 11:25:00,364.79,364.79,364.78,364.78,-0.0,16.19,5851.92,-1
2024-05-12,2024-05-12 11:26:00,364.78,364.78,364.77,364.77,-0.0,16.19,5851.92,-1
2024-05-12,2024-05-12 11:27:00,364.77,364.77,364.77,364.77,0.0,16.19,5851.92,0
2024-05-12,2024-05-12 11:28:00,364.77,364.77,364.76,364.76,-0.0,16.19,5851.92,-1
2024-05-12,2024-05-12 11:29:00,364.76,364.76,364.75,364.75,-0.0,16.19,5851.92,-1
2024-05-12,2024-05-12 11:30:00,364.75,364.75,364.74,364.74,-0.0,16.19,5851.92,-1
2024-05-12,2024-05-12 11:31:00,364.74,364.74,364.73,364.73,-0.0,16.19,5851.92,-1
2024-05-12,2024-05-12 11:32:00,364.73,364.73,364.73,364.73,0.0,16.19,5851.92,0
2024-05-12,2024-05-12 11:33:00,364.73,364.73,364.72,364.72,-0.0,16.19,5851.92,-1
2024-05-12,2024-05-12 11:34:00,364.72,364.72,364.71,364.71,-0.0,16.19,5851.92,-1
2024-05-12,2024-05-12 11:35:00,364.71,364.71,364.7,364.7,-0.0,16.19,5851.92,-1
2024-05-12,2024-05-12 11:36:00,364.7,364.7,364.69,364.69,-0.0,16.19,5851.92,-1
2024-05-12,2024-05-12 11:37:00,364.69,364.69,364.68,364.68,-0.0,16.19,5851.92,-1
2024-05-12,2024-05-12 11:38:00,364.68,364.68,364.68,364.68,0.0,16.19,5851.92,0
2024-05-12,2024-05-12 11:39:00,364.68,364.68,364.67,364.67,-0.0,16.19,5851.92,-1
2024-05-12,2024-05-12 11:40:00,364.67,364.67,364.66,364.66,-0.0,16.19,5851.92,-1
2024-05-12,2024-05-12 11:41:00,364.66,364.66,364.65,364.65,-0.0,16.19,5851.92,-1
2024-05-12,2024-05-12 11:42:00,364.65,364.65,364.64,364.64,-0.0,16.19,5851.92,-1
2024-05-12,2024-05-12 11:43:00,364.64,364.64,364.63,364.63,-0.0,16.19,5851.92,-1
2024-05-12,2024-05-12 11:44:00,364.63,364.63,364.62,364.62,-0.0,16.19,5851.92,-1
2024-05-12,2024-05-12 11:45:00,364.62,364.62,364.62,364.62,0.0,16.19,5851.92,0
2024-05-12,2024-05-12 11:46:00,364.62,364.62,364.61,364.61,-0.0,16.19,5851.92,-1
2024-05-12,2024-05-12 11:47:00,364.61,364.61,364.6,364.6,-0.0,16.19,5851.92,-1
2024-05-12,2024-05-12 11:48:00,364.6,364.6,364.59,364.59,-0.0,16.19,5851.92,-1
2024-05-12,2024-05-12 11:49:00,364.59,364.59,364.58,364.58,-0.0,16.19,5851.92,-1
2024-05-12,2024-05-12 11:50:00,364.58,364.58,364.57,364.57,-0.0,16.19,5851.92,-1
2024-05-12,2024-05-12 11:51:00,364.57,364.57,364.57,364.57,0.0,16.19,5851.92,0
2024-05-12,2024-05-12 11:52:00,364.57,364.57,364.56,364.56,-0.0,16.19,5851.92,-1
2024-05-12,2024-05-12 11:53:00,364.56,364.56,364.55,364.55,-0.0,16.19,5851.92,-1
2024-05-12,2024-05-12 11:54:00,364.55,364.55,364.54,364.54,-0.0,16.19,5851.92,-1
2024-05-12,2024-05-12 11:55:00,364.54,364.54,364.53,364.53,-0.0,16.19,5851.92,-1
2024-05-12,2024-05-12 11:56:00,364.53,364.53,364.52,364.52,-0.0,16.19,5851.92,-1
2024-05-12,2024-05-12 11:57:00,364.52,364.52,364.52,364.52,0.0,16.19,5851.92,0
2024-05-12,2024-05-12 11:58:00,364.52,364.52,364.51,364.51,-0.0,16.19,5851.92,-1
2024-05-12,2024-05-12 11:59:00,364.51,364.51,364.5,364.5,-0.0,16.19,5851.92,-1
2024-05-12,2024-05-12 12:00:00,364.5,364.5,364.49,364.49,-0.0,16.19,5851.92,-1
2024-05-12,2024-05-12 12:01:00,364.49,364.49,364.48,364.48,-0.0,16.19,5851.92,-1
2024-05-12,2024-05-12 12:02:00,364.48,364.48,364.48,364.48,0.0,16.19,5851.92,0
2024-05-12,2024-05-12 12:03:00,364.48,364.48,364.47,364.47,-0.0,16.19,5851.92,-1
2024-05-12,2024-05-12 12:04:00,364.47,364.47,364.46,364.46,-0.0,16.19,5851.92,-1
2024-05-12,2024-05-12 12:05:00,364.46,364.46,364.45,364.45,-0.0,16.19,5851.92,-1
2024-05-12,2024-05-12 12:06:00,364.45,364.45,364.44,364.44,-0.0,16.19,5851.92,-1
2024-05-12,2024-05-12 12:07:00,364.44,364.44,364.43,364.43,-0.0,16.19,5851.92,-1
2024-05-12,2024-05-12 12:08:00,364.43,364.43,364.43,364.43,0.0,16.19,5851.92,0
2024-05-12,2024-05-12 12:09:00,364.43,364.43,364.42,364.42,-0.0,16.19,5851.92,-1
2024-05-12,2024-05-12 12:10:00,364.42,364.42,364.41,364.41,-0.0,16.19,5851.92,-1
2024-05-12,2024-05-12 12:11:00,364.41,364.41,364.4,364.4,-0.0,16.19,5851.92,-1
2024-05-12,2024-05-12 12:12:00,364.4,364.4,364.39,364.39,-0.0,16.19,5851.92,-1
2024-05-12,2024-05-12 12:13:00,364.39,364.39,364.38,364.38,-0.0,16.19,5851.92,-1
2024-05-12,2024-05-12 12:14:00,364.38,364.38,364.38,364.38,0.0,16.19,5851.92,0
2024-05-12,2024-05-12 12:15:00,364.38,364.38,364.37,364.37,-0.0,16.19,5851.92,-1
2024-05-12,2024-05-12 12:16:00,364.37,364.37,364.36,364.36,-0.0,16.19,5851.92,-1
2024-05-12,2024-05-12 12:17:00,364.36,364.36,364.35,364.35,-0.0,16.19,5851.92,-1
2024-05-12,2024-05-12 12:18:00,364.35,364.35,364.34,364.34,-0.0,16.19,5851.92,-1
2024-05-12,2024-05-12 12:19:00,364.34,364.34,364.33,364.33,-0.0,16.19,5851.92,-1
2024-05-12,2024-05-12 12:20:00,364.33,364.33,364.32,364.32,-0.0,16.19,5851.92,-1
2024-05-12,2024-05-12 12:21:00,364.32,364.32,364.32,364.32,0.0,16.19,5851.92,0
2024-05-12,2024-05-12 12:22:00,364.32,364.32,364.31,364.31,-0.0,16.19,5851.92,-1
2024-05-12,2024-05-12 12:23:00,364.31,364.31,364.3,364.3,-0.0,16.19,5851.92,-1
2024-05-12,2024-05-12 12:24:00,364.3,364.3,364.29,364.29,-0.0,16.19,5851.92,-1
2024-05-12,2024-05-12 12:25:00,364.29,364.29,364.28,364.28,-0.0,16.19,5851.92,-1
2024-05-12,2024-05-12 12:26:00,364.28,364.28,364.27,364.27,-0.0,16.19,5851.92,-1
2024-05-12,2024-05-12 12:27:00,364.27,364.27,364.27,364.27,0.0,16.19,5851.92,0
2024-05-12,2024-05-12 12:28:00,364.27,364.27,364.26,364.26,-0.0,16.19,5851.92,-1
2024-05-12,2024-05-12 12:29:00,364.26,364.26,364.25,364.25,-0.0,16.19,5851.92,-1
2024-05-12,2024-05-12 12:30:00,364.25,364.25,364.24,364.24,-0.0,16.19,5851.92,-1
2024-05-12,2024-05-12 12:31:00,364.24,364.24,364.23,364.23,-0.0,16.19,5851.92,-1
2024-05-12,2024-05-12 12:32:00,364.23,364.23,364.23,364.23,0.0,16.19,5851.92,0
2024-05-12,2024-05-12 12:33:00,364.23,364.23,364.22,364.22,-0.0,16.19,5851.92,-1
2024-05-12,2024-05-12 12:34:00,364.22,364.22,364.21,364.21,-0.0,16.19,5851.92,-1
2024-05-12,2024-05-12 12:35:00,364.21,364.21,364.2,364.2,-0.0,16.19,5851.92,-1
2024-05-12,2024-05-12 12:36:00,364.2,364.2,364.19,364.19,-0.0,16.19,5851.92,-1
2024-05-12,2024-05-12 12:37:00,364.19,364.19,364.18,364.18,-0.0,16.19,5851.92,-1
2024-05-12,2024-05-12 12:38:00,364.18,364.18,364.18,364.18,0.0,16.19,5851.92,0
2024-05-12,2024-05-12 12:39:00,364.18,364.18,364.17,364.17,-0.0,16.19,5851.92,-1
2024-05-12,2024-05-12 12:40:00,364.17,364.17,364.16,364.16,-0.0,16.19,5851.92,-1
2024-05-12,2024-05-12 12:41:00,364.16,364.16,364.15,364.15,-0.0,16.19,5851.92,-1
2024-05-12,2024-05-12 12:42:00,364.15,364.15,364.14,364.14,-0.0,16.19,5851.92,-1
2024-05-12,2024-05-12 12:43:00,364.14,364.14,364.13,364.13,-0.0,16.19,5851.92,-1
2024-05-12,2024-05-12 12:44:00,364.13,364.13,364.12,364.12,-0.0,16.19,5851.92,-1
2024-05-12,2024-05-12 12:45:00,364.12,364.12,364.12,364.12,0.0,16.19,5851.92,0
2024-05-12,2024-05-12 12:46:00,364.12,364.12,364.11,364.11,-0.0,16.19,5851.92,-1
2024-05-12,2024-05-12 12:47:00,364.11,364.11,364.1,364.1,-0.0,16.19,5851.92,-1
2024-05-12,2024-05-12 12:48:00,364.1,364.1,364.09,364.09,-0.0,16.19,5851.92,-1
2024-05-12,2024-05-12 12:49:00,364.09,364.09,364.08,364.08,-0.0,16.19,5851.92,-1
2024-05-12,2024-05-12 12:50:00,364.08,364.08,364.07,364.07,-0.0,16.19,5851.92,-1
2024-05-12,2024-05-12 12:51:00,364.07,364.07,364.07,364.07,0.0,16.19,5851.92,0
2024-05-12,2024-05-12 12:52:00,364.07,364.07,364.06,364.06,-0.0,16.19,5851.92,-1
2024-05-12,2024-05-12 12:53:00,364.06,364.06,364.05,364.05,-0.0,16.19,5851.92,-1
2024-05-12,2024-05-12 12:54:00,364.05,364.05,364.04,364.04,-0.0,16.19,5851.92,-1
2024-05-12,2024-05-12 12:55:00,364.04,364.04,364.03,364.03,-0.0,16.19,5851.92,-1
2024-05-12,2024-05-12 12:56:00,364.03,364.03,364.02,364.02,-0.0,16.19,5851.92,-1
2024-05-12,2024-05-12 12:57:00,364.02,364.02,364.02,364.02,0.0,16.19,5851.92,0
2024-05-12,2024-05-12 12:58:00,364.02,364.02,364.01,364.01,-0.0,16.19,5851.92,-1
2024-05-12,2024-05-12 12:59:00,364.01,364.01,364.0,364.0,-0.0,16.19,5851.92,-1
2024-05-12,2024-05-12 13:00:00,364.0,365.0,358.0,363.99,-0.0,16.19,5851.92,-1
2024-05-12,2024-05-12 13:01:00,363.99,363.99,363.98,363.98,-0.0,16.19,5851.92,-1
2024-05-12,2024-05-12 13:02:00,363.98,363.98,363.98,363.98,0.0,16.19,5851.92,0
2024-05-12,2024-05-12 13:03:00,363.98,363.98,363.97,363.97,-0.0,16.19,5851.92,-1
2024-05-12,2024-05-12 13:04:00,363.97,363.97,363.96,363.96,-0.0,16.19,5851.92,-1
2024-05-12,2024-05-12 13:05:00,363.96,363.96,363.95,363.95,-0.0,16.19,5851.92,-1
2024-05-12,2024-05-12 13:06:00,363.95,363.95,363.94,363.94,-0.0,16.19,5851.92,-1
2024-05-12,2024-05-12 13:07:00,363.94,363.94,363.93,363.93,-0.0,16.19,5851.92,-1
2024-05-12,2024-05-12 13:08:00,363.93,363.93,363.93,363.93,0.0,16.19,5851.92,0
2024-05-12,2024-05-12 13:09:00,363.93,363.93,363.92,363.92,-0.0,16.19,5851.92,-1
2024-05-12,2024-05-12 13:10:00,363.92,363.92,363.91,363.91,-0.0,16.19,5851.92,-1
2024-05-12,2024-05-12 13:11:00,363.91,363.91,363.9,363.9,-0.0,16.19,5851.92,-1
2024-05-12,2024-05-12 13:12:00,363.9,363.9,363.89,363.89,-0.0,16.19,5851.92,-1
2024-05-12,2024-05-12 13:13:00,363.89,363.89,363.88,363.88,-0.0,16.19,5851.92,-1
2024-05-12,2024-05-12 13:14:00,363.88,363.88,363.88,363.88,0.0,16.19,5851.92,0
2024-05-12,2024-05-12 13:15:00,363.88,363.88,363.87,363.87,-0.0,16.19,5851.92,-1
2024-05-12,2024-05-12 13:16:00,363.87,363.87,363.86,363.86,-0.0,16.19,5851.92,-1
2024-05-12,2024-05-12 13:17:00,363.86,363.86,363.85,363.85,-0.0,16.19,5851.92,-1
2024-05-12,2024-05-12 13:18:00,363.85,363.85,363.84,363.84,-0.0,16.19,5851.92,-1
2024-05-12,2024-05-12 13:19:00,363.84,363.84,363.83,363.83,-0.0,16.19,5851.92,-1
2024-05-12,2024-05-12 13:20:00,363.83,363.83,363.82,363.82,-0.0,16.19,5851.92,-1
2024-05-12,2024-05-12 13:21:00,363.82,363.82,363.82,363.82,0.0,16.19,5851.92,0
2024-05-12,2024-05-12 13:22:00,363.82,363.82,363.81,363.81,-0.0,16.19,5851.92,-1
2024-05-12,2024-05-12 13:23:00,363.81,363.81,363.8,363.8,-0.0,16.19,5851.92,-1
2024-05-12,2024-05-12 13:24:00,363.8,363.8,363.79,363.79,-0.0,16.19,5851.92,-1
2024-05-12,2024-05-12 13:25:00,363.79,363.79,363.78,363.78,-0.0,16.19,5851.92,-1
2024-05-12,2024-05-12 13:26:00,363.78,363.78,363.77,363.77,-0.0,16.19,5851.92,-1
2024-05-12,2024-05-12 13:27:00,363.77,363.77,363.77,363.77,0.0,16.19,5851.92,0
2024-05-12,2024-05-12 13:28:00,363.77,363.77,363.76,363.76,-0.0,16.19,5851.92,-1
2024-05-12,2024-05-12 13:29:00,363.76,363.76,363.75,363.75,-0.0,16.19,5851.92,-1
2024-05-12,2024-05-12 13:30:00,363.75,363.75,363.74,363.74,-0.0,16.19,5851.92,-1
2024-05-12,2024-05-12 13:31:00,363.74,363.74,363.73,363.73,-0.0,16.19,5851.92,-1
2024-05-12,2024-05-12 13:32:00,363.73,363.73,363.73,363.73,0.0,16.19,5851.92,0
2024-05-12,2024-05-12 13:33:00,363.73,363.73,363.72,363.72,-0.0,16.19,5851.92,-1
2024-05-12,2024-05-12 13:34:00,363.72,363.72,363.71,363.71,-0.0,16.19,5851.92,-1
2024-05-12,2024-05-12 13:35:00,363.71,363.71,363.7,363.7,-0.0,16.19,5851.92,-1
2024-05-12,2024-05-12 13:36:00,363.7,363.7,363.69,363.69,-0.0,16.19,5851.92,-1
2024-05-12,2024-05-12 13:37:00,363.69,363.69,363.68,363.68,-0.0,16.19,5851.92,-1
2024-05-12,2024-05-12 13:38:00,363.68,363.68,363.68,363.68,0.0,16.19,5851.92,0
2024-05-12,2024-05-12 13:39:00,363.68,363.68,363.67,363.67,-0.0,16.19,5851.92,-1
2024-05-12,2024-05-12 13:40:00,363.67,363.67,363.66,363.66,-0.0,16.19,5851.92,-1
2024-05-12,2024-05-12 13:41:00,363.66,363.66,363.65,363.65,-0.0,16.19,5851.92,-1
2024-05-12,2024-05-12 13:42:00,363.65,363.65,363.64,363.64,-0.0,16.19,5851.92,-1
2024-05-12,2024-05-12 13:43:00,363.64,363.64,363.63,363.63,-0.0,16.19,5851.92,-1
2024-05-12,2024-05-12 13:44:00,363.63,363.63,363.62,363.62,-0.0,16.19,5851.92,-1
2024-05-12,2024-05-12 13:45:00,363.62,363.62,363.62,363.62,0.0,16.19,5851.92,0
2024-05-12,2024-05-12 13:46:00,363.62,363.62,363.61,363.61,-0.0,16.19,5851.92,-1
2024-05-12,2024-05-12 13:47:00,363.61,363.61,363.6,363.6,-0.0,16.19,5851.92,-1
2024-05-12,2024-05-12 13:48:00,363.6,363.6,363.59,363.59,-0.0,16.19,5851.92,-1
2024-05-12,2024-05-12 13:49:00,363.59,363.59,363.58,363.58,-0.0,16.19,5851.92,-1
2024-05-12,2024-05-12 13:50:00,363.58,363.58,363.57,363.57,-0.0,16.19,5851.92,-1
2024-05-12,2024-05-12 13:51:00,363.57,363.57,363.57,363.57,0.0,16.19,5851.92,0
2024-05-12,2024-05-12 13:52:00,363.57,363.57,363.56,363.56,-0.0,16.19,5851.92,-1
2024-05-12,2024-05-12 13:53:00,363.56,363.56,363.55,363.55,-0.0,16.19,5851.92,-1
2024-05-12,2024-05-12 13:54:00,363.55,363.55,363.54,363.54,-0.0,16.19,5851.92,-1
2024-05-12,2024-05-12 13:55:00,363.54,363.54,363.53,363.53,-0.0,16.19,5851.92,-1
2024-05-12,2024-05-12 13:56:00,363.53,363.53,363.52,363.52,-0.0,16.19,5851.92,-1
2024-05-12,2024-05-12 13:57:00,363.52,363.52,363.52,363.52,0.0,16.19,5851.92,0
2024-05-12,2024-05-12 13:58:00,363.52,363.52,363.51,363.51,-0.0,16.19,5851.92,-1
2024-05-12,2024-05-12 13:59:00,363.51,363.51,363.5,363.5,-0.0,16.19,5851.92,-1
2024-05-12,2024-05-12 14:00:00,363.5,363.5,363.49,363.49,-0.0,16.19,5851.92,-1
2024-05-12,2024-05-12 14:01:00,363.49,363.49,363.48,363.48,-0.0,16.19,5851.92,-1
2024-05-12,2024-05-12 14:02:00,363.48,363.48,363.48,363.48,0.0,16.19,5851.92,0
2024-05-12,2024-05-12 14:03:00,363.48,363.48,363.47,363.47,-0.0,16.19,5851.92,-1
2024-05-12,2024-05-12 14:04:00,363.47,363.47,363.46,363.46,-0.0,16.19,5851.92,-1
2024-05-12,2024-05-12 14:05:00,363.46,363.46,363.45,363.45,-0.0,16.19,5851.92,-1
2024-05-12,2024-05-12 14:06:00,363.45,363.45,363.44,363.44,-0.0,16.19,5851.92,-1
2024-05-12,2024-05-12 14:07:00,363.44,363.44,363.43,363.43,-0.0,16.19,5851.92,-1
2024-05-12,2024-05-12 14:08:00,363.43,363.43,363.43,363.43,0.0,16.19,5851.92,0
2024-05-12,2024-05-12 14:09:00,363.43,363.43,363.42,363.42,-0.0,16.19,5851.92,-1
2024-05-12,2024-05-12 14:10:00,363.42,363.42,363.41,363.41,-0.0,16.19,5851.92,-1
2024-05-12,2024-05-12 14:11:00,363.41,363.41,363.4,363.4,-0.0,16.19,5851.92,-1
2024-05-12,2024-05-12 14:12:00,363.4,363.4,363.39,363.39,-0.0,16.19,5851.92,-1
2024-05-12,2024-05-12 14:13:00,363.39,363.39,363.38,363.38,-0.0,16.19,5851.92,-1
2024-05-12,2024-05-12 14:14:00,363.38,363.38,363.38,363.38,0.0,16.19,5851.92,0
2024-05-12,2024-05-12 14:15:00,363.38,363.38,363.37,363.37,-0.0,16.19,5851.92,-1
2024-05-12,2024-05-12 14:16:00,363.37,363.37,363.36,363.36,-0.0,16.19,5851.92,-1
2024-05-12,2024-05-12 14:17:00,363.36,363.36,363.35,363.35,-0.0,16.19,5851.92,-1
2024-05-12,2024-05-12 14:18:00,363.35,363.35,363.34,363.34,-0.0,16.19,5851.92,-1
2024-05-12,2024-05-12 14:19:00,363.34,363.34,363.33,363.33,-0.0,16.19,5851.92,-1
2024-05-12,2024-05-12 14:20:00,363.33,363.33,363.32,363.32,-0.0,16.19,5851.92,-1
2024-05-12,2024-05-12 14:21:00,363.32,363.32,363.32,363.32,0.0,16.19,5851.92,0
2024-05-12,2024-05-12 14:22:00,363.32,363.32,363.31,363.31,-0.0,16.19,5851.92,-1
2024-05-12,2024-05-12 14:23:00,363.31,363.31,363.3,363.3,-0.0,16.19,5851.92,-1
2024-05-12,2024-05-12 14:24:00,363.3,363.3,363.29,363.29,-0.0,16.19,5851.92,-1
2024-05-12,2024-05-12 14:25:00,363.29,363.29,363.28,363.28,-0.0,16.19,5851.92,-1
2024-05-12,2024-05-12 14:26:00,363.28,363.28,363.27,363.27,-0.0,16.19,5851.92,-1
2024-05-12,2024-05-12 14:27:00,363.27,363.27,363.27,363.27,0.0,16.19,5851.92,0
2024-05-12,2024-05-12 14:28:00,363.27,363.27,363.26,363.26,-0.0,16.19,5851.92,-1
2024-05-12,2024-05-12 14:29:00,363.26,363.26,363.25,363.25,-0.0,16.19,5851.92,-1
2024-05-12,2024-05-12 14:30:00,363.25,363.25,363.24,363.24,-0.0,16.19,5851.92,-1
2024-05-12,2024-05-12 14:31:00,363.24,363.24,363.23,363.23,-0.0,16.19,5851.92,-1
2024-05-12,2024-05-12 14:32:00,363.23,363.23,363.23,363.23,0.0,16.19,5851.92,0
2024-05-12,2024-05-12 14:33:00,363.23,363.23,363.22,363.22,-0.0,16.19,5851.92,-1
2024-05-12,2024-05-12 14:34:00,363.22,363.22,363.21,363.21,-0.0,16.19,5851.92,-1
2024-05-12,2024-05-12 14:35:00,363.21,363.21,363.2,363.2,-0.0,16.19,5851.92,-1
2024-05-12,2024-05-12 14:36:00,363.2,363.2,363.19,363.19,-0.0,16.19,5851.92,-1
2024-05-12,2024-05-12 14:37:00,363.19,363.19,363.18,363.18,-0.0,16.19,5851.92,-1
2024-05-12,2024-05-12 14:38:00,363.18,363.18,363.18,363.18,0.0,16.19,5851.92,0
2024-05-12,2024-05-12 14:39:00,363.18,363.18,363.17,363.17,-0.0,16.19,5851.92,-1
2024-05-12,2024-05-12 14:40:00,363.17,363.17,363.16,363.16,-0.0,16.19,5851.92,-1
2024-05-12,2024-05-12 14:41:00,363.16,363.16,363.15,363.15,-0.0,16.19,5851.92,-1
2024-05-12,2024-05-12 14:42:00,363.15,363.15,363.14,363.14,-0.0,16.19,5851.92,-1
2024-05-12,2024-05-12 14:43:00,363.14,363.14,363.13,363.13,-0.0,16.19,5851.92,-1
2024-05-12,2024-05-12 14:44:00,363.13,363.13,363.12,363.12,-0.0,16.19,5851.92,-1
2024-05-12,2024-05-12 14:45:00,363.12,363.12,363.12,363.12,0.0,16.19,5851.92,0
2024-05-12,2024-05-12 14:46:00,363.12,363.12,363.11,363.11,-0.0,16.19,5851.92,-1
2024-05-12,2024-05-12 14:47:00,363.11,363.11,363.1,363.1,-0.0,16.19,5851.92,-1
2024-05-12,2024-05-12 14:48:00,363.1,363.1,363.09,363.09,-0.0,16.19,5851.92,-1
2024-05-12,2024-05-12 14:49:00,363.09,363.09,363.08,363.08,-0.0,16.19,5851.92,-1
2024-05-12,2024-05-12 14:50:00,363.08,363.08,363.07,363.07,-0.0,16.19,5851.92,-1
2024-05-12,2024-05-12 14:51:00,363.07,363.07,363.07,363.07,0.0,16.19,5851.92,0
2024-05-12,2024-05-12 14:52:00,363.07,363.07,363.06,363.06,-0.0,16.19,5851.92,-1
2024-05-12,2024-05-12 14:53:00,363.06,363.06,363.05,363.05,-0.0,16.19,5851.92,-1
2024-05-12,2024-05-12 14:54:00,363.05,363.05,363.04,363.04,-0.0,16.19,5851.92,-1
2024-05-12,2024-05-12 14:55:00,363.04,363.04,363.03,363.03,-0.0,16.19,5851.92,-1
2024-05-12,2024-05-12 14:56:00,363.03,363.03,363.02,363.02,-0.0,16.19,5851.92,-1
2024-05-12,2024-05-12 14:57:00,363.02,363.02,363.02,363.02,0.0,16.19,5851.92,0
2024-05-12,2024-05-12 14:58:00,363.02,363.02,363.01,363.01,-0.0,16.19,5851.92,-1
2024-05-12,2024-05-12 14:59:00,363.01,363.01,363.0,363.0,-0.0,16.19,5851.92,-1
2024-05-12,2024-05-12 15:00:00,363.0,365.0,358.0,363.0,0.0,16.19,5851.92,0
2024-05-13,2024-05-13 11:00:00,360.0,361.5,359.79,360.02,0.01,23.39,8442.89,1
2024-05-13,2024-05-13 11:01:00,360.02,360.04,360.02,360.04,0.01,23.39,8442.89,1
2024-05-13,2024-05-13 11:02:00,360.04,360.06,360.04,360.06,0.01,23.39,8442.89,1
2024-05-13,2024-05-13 11:03:00,360.06,360.08,360.06,360.08,0.01,23.39,8442.89,1
2024-05-13,2024-05-13 11:04:00,360.08,360.1,360.08,360.1,0.01,23.39,8442.89,1
2024-05-13,2024-05-13 11:05:00,360.1,360.12,360.1,360.12,0.01,23.39,8442.89,1
2024-05-13,2024-05-13 11:06:00,360.12,360.15,360.12,360.15,0.01,23.39,8442.89,1
2024-05-13,2024-05-13 11:07:00,360.15,360.17,360.15,360.17,0.01,23.39,8442.89,1
2024-05-13,2024-05-13 11:08:00,360.17,360.19,360.17,360.19,0.01,23.39,8442.89,1
2024-05-13,2024-05-13 11:09:00,360.19,360.21,360.19,360.21,0.01,23.39,8442.89,1
2024-05-13,2024-05-13 11:10:00,360.21,360.23,360.21,360.23,0.01,23.39,8442.89,1
2024-05-13,2024-05-13 11:11:00,360.23,360.25,360.23,360.25,0.01,23.39,8442.89,1
2024-05-13,2024-05-13 11:12:00,360.25,360.27,360.25,360.27,0.01,23.39,8442.89,1
2024-05-13,2024-05-13 11:13:00,360.27,360.29,360.27,360.29,0.01,23.39,8442.89,1
2024-05-13,2024-05-13 11:14:00,360.29,360.31,360.29,360.31,0.01,23.39,8442.89,1
2024-05-13,2024-05-13 11:15:00,360.31,360.33,360.31,360.33,0.01,23.39,8442.89,1
2024-05-13,2024-05-13 11:16:00,360.33,360.35,360.33,360.35,0.01,23.39,8442.89,1
2024-05-13,2024-05-13 11:17:00,360.35,360.38,360.35,360.38,0.01,23.39,8442.89,1
2024-05-13,2024-05-13 11:18:00,360.38,360.4,360.38,360.4,0.01,23.39,8442.89,1
2024-05-13,2024-05-13 11:19:00,360.4,360.42,360.4,360.42,0.01,23.39,8442.89,1
2024-05-13,2024-05-13 11:20:00,360.42,360.44,360.42,360.44,0.01,23.39,8442.89,1
2024-05-13,2024-05-13 11:21:00,360.44,360.46,360.44,360.46,0.01,23.39,8442.89,1
2024-05-13,2024-05-13 11:22:00,360.46,360.48,360.46,360.48,0.01,23.39,8442.89,1
2024-05-13,2024-05-13 11:23:00,360.48,360.5,360.48,360.5,0.01,23.39,8442.89,1
2024-05-13,2024-05-13 11:24:00,360.5,360.52,360.5,360.52,0.01,23.39,8442.89,1
2024-05-13,2024-05-13 11:25:00,360.52,360.54,360.52,360.54,0.01,23.39,8442.89,1
2024-05-13,2024-05-13 11:26:00,360.54,360.56,360.54,360.56,0.01,23.39,8442.89,1
2024-05-13,2024-05-13 11:27:00,360.56,360.58,360.56,360.58,0.01,23.39,8442.89,1
2024-05-13,2024-05-13 11:28:00,360.58,360.6,360.58,360.6,0.01,23.39,8442.89,1
2024-05-13,2024-05-13 11:29:00,360.6,360.62,360.6,360.62,0.01,23.39,8442.89,1
2024-05-13,2024-05-13 11:30:00,360.62,360.65,360.62,360.65,0.01,23.39,8442.89,1
2024-05-13,2024-05-13 11:31:00,360.65,360.67,360.65,360.67,0.01,23.39,8442.89,1
2024-05-13,2024-05-13 11:32:00,360.67,360.69,360.67,360.69,0.01,23.39,8442.89,1
2024-05-13,2024-05-13 11:33:00,360.69,360.71,360.69,360.71,0.01,23.39,8442.89,1
2024-05-13,2024-05-13 11:34:00,360.71,360.73,360.71,360.73,0.01,23.39,8442.89,1
2024-05-13,2024-05-13 11:35:00,360.73,360.75,360.73,360.75,0.01,23.39,8442.89,1
2024-05-13,2024-05-13 11:36:00,360.75,360.77,360.75,360.77,0.01,23.39,8442.89,1
2024-05-13,2024-05-13 11:37:00,360.77,360.79,360.77,360.79,0.01,23.39,8442.89,1
2024-05-13,2024-05-13 11:38:00,360.79,360.81,360.79,360.81,0.01,23.39,8442.89,1
2024-05-13,2024-05-13 11:39:00,360.81,360.83,360.81,360.83,0.01,23.39,8442.89,1
2024-05-13,2024-05-13 11:40:00,360.83,360.85,360.83,360.85,0.01,23.39,8442.89,1
2024-05-13,2024-05-13 11:41:00,360.85,360.88,360.85,360.88,0.01,23.39,8442.89,1
2024-05-13,2024-05-13 11:42:00,360.88,360.9,360.88,360.9,0.01,23.39,8442.89,1
2024-05-13,2024-05-13 11:43:00,360.9,360.92,360.9,360.92,0.01,23.39,8442.89,1
2024-05-13,2024-05-13 11:44:00,360.92,360.94,360.92,360.94,0.01,23.39,8442.89,1
2024-05-13,2024-05-13 11:45:00,360.94,360.96,360.94,360.96,0.01,23.39,8442.89,1
2024-05-13,2024-05-13 11:46:00,360.96,360.98,360.96,360.98,0.01,23.39,8442.89,1
2024-05-13,2024-05-13 11:47:00,360.98,361.0,360.98,361.0,0.01,23.39,8442.89,1
2024-05-13,2024-05-13 11:48:00,361.0,361.02,361.0,361.02,0.01,23.39,8442.89,1
2024-05-13,2024-05-13 11:49:00,361.02,361.04,361.02,361.04,0.01,23.39,8442.89,1
2024-05-13,2024-05-13 11:50:00,361.04,361.06,361.04,361.06,0.01,23.39,8442.89,1
2024-05-13,2024-05-13 11:51:00,361.06,361.08,361.06,361.08,0.01,23.39,8442.89,1
2024-05-13,2024-05-13 11:52:00,361.08,361.1,361.08,361.1,0.01,23.39,8442.89,1
2024-05-13,2024-05-13 11:53:00,361.1,361.12,361.1,361.12,0.01,23.39,8442.89,1
2024-05-13,2024-05-13 11:54:00,361.12,361.15,361.12,361.15,0.01,23.39,8442.89,1
2024-05-13,2024-05-13 11:55:00,361.15,361.17,361.15,361.17,0.01,23.39,8442.89,1
2024-05-13,2024-05-13 11:56:00,361.17,361.19,361.17,361.19,0.01,23.39,8442.89,1
2024-05-13,2024-05-13 11:57:00,361.19,361.21,361.19,361.21,0.01,23.39,8442.89,1
2024-05-13,2024-05-13 11:58:00,361.21,361.23,361.21,361.23,0.01,23.39,8442.89,1
2024-05-13,2024-05-13 11:59:00,361.23,361.25,361.23,361.25,0.01,23.39,8442.89,1
2024-05-13,2024-05-13 12:00:00,361.25,361.27,361.25,361.27,0.01,23.39,8442.89,1
2024-05-13,2024-05-13 12:01:00,361.27,361.29,361.27,361.29,0.01,23.39,8442.89,1
2024-05-13,2024-05-13 12:02:00,361.29,361.31,361.29,361.31,0.01,23.39,8442.89,1
2024-05-13,2024-05-13 12:03:00,361.31,361.33,361.31,361.33,0.01,23.39,8442.89,1
2024-05-13,2024-05-13 12:04:00,361.33,361.35,361.33,361.35,0.01,23.39,8442.89,1
2024-05-13,2024-05-13 12:05:00,361.35,361.38,361.35,361.38,0.01,23.39,8442.89,1
2024-05-13,2024-05-13 12:06:00,361.38,361.4,361.38,361.4,0.01,23.39,8442.89,1
2024-05-13,2024-05-13 12:07:00,361.4,361.42,361.4,361.42,0.01,23.39,8442.89,1
2024-05-13,2024-05-13 12:08:00,361.42,361.44,361.42,361.44,0.01,23.39,8442.89,1
2024-05-13,2024-05-13 12:09:00,361.44,361.46,361.44,361.46,0.01,23.39,8442.89,1
2024-05-13,2024-05-13 12:10:00,361.46,361.48,361.46,361.48,0.01,23.39,8442.89,1
2024-05-13,2024-05-13 12:11:00,361.48,361.5,361.48,361.5,0.01,23.39,8442.89,1
2024-05-13,2024-05-13 12:12:00,361.5,361.52,361.5,361.52,0.01,23.39,8442.89,1
2024-05-13,2024-05-13 12:13:00,361.52,361.54,361.52,361.54,0.01,23.39,8442.89,1
2024-05-13,2024-05-13 12:14:00,361.54,361.56,361.54,361.56,0.01,23.39,8442.89,1
2024-05-13,2024-05-13 12:15:00,361.56,361.58,361.56,361.58,0.01,23.39,8442.89,1
2024-05-13,2024-05-13 12:16:00,361.58,361.6,361.58,361.6,0.01,23.39,8442.89,1
2024-05-13,2024-05-13 12:17:00,361.6,361.62,361.6,361.62,0.01,23.39,8442.89,1
2024-05-13,2024-05-13 12:18:00,361.62,361.65,361.62,361.65,0.01,23.39,8442.89,1
2024-05-13,2024-05-13 12:19:00,361.65,361.67,361.65,361.67,0.01,23.39,8442.89,1
2024-05-13,2024-05-13 12:20:00,361.67,361.69,361.67,361.69,0.01,23.39,8442.89,1
2024-05-13,2024-05-13 12:21:00,361.69,361.71,361.69,361.71,0.01,23.39,8442.89,1
2024-05-13,2024-05-13 12:22:00,361.71,361.73,361.71,361.73,0.01,23.39,8442.89,1
2024-05-13,2024-05-13 12:23:00,361.73,361.75,361.73,361.75,0.01,23.39,8442.89,1
2024-05-13,2024-05-13 12:24:00,361.75,361.77,361.75,361.77,0.01,23.39,8442.89,1
2024-05-13,2024-05-13 12:25:00,361.77,361.79,361.77,361.79,0.01,23.39,8442.89,1
2024-05-13,2024-05-13 12:26:00,361.79,361.81,361.79,361.81,0.01,23.39,8442.89,1
2024-05-13,2024-05-13 12:27:00,361.81,361.83,361.81,361.83,0.01,23.39,8442.89,1
2024-05-13,2024-05-13 12:28:00,361.83,361.85,361.83,361.85,0.01,23.39,8442.89,1
2024-05-13,2024-05-13 12:29:00,361.85,361.88,361.85,361.88,0.01,23.39,8442.89,1
2024-05-13,2024-05-13 12:30:00,361.88,361.9,361.88,361.9,0.01,23.39,8442.89,1
2024-05-13,2024-05-13 12:31:00,361.9,361.92,361.9,361.92,0.01,23.39,8442.89,1
2024-05-13,2024-05-13 12:32:00,361.92,361.94,361.92,361.94,0.01,23.39,8442.89,1
2024-05-13,2024-05-13 12:33:00,361.94,361.96,361.94,361.96,0.01,23.39,8442.89,1
2024-05-13,2024-05-13 12:34:00,361.96,361.98,361.96,361.98,0.01,23.39,8442.89,1
2024-05-13,2024-05-13 12:35:00,361.98,362.0,361.98,362.0,0.01,23.39,8442.89,1
2024-05-13,2024-05-13 12:36:00,362.0,362.02,362.0,362.02,0.01,23.39,8442.89,1
2024-05-13,2024-05-13 12:37:00,362.02,362.04,362.02,362.04,0.01,23.39,8442.89,1
2024-05-13,2024-05-13 12:38:00,362.04,362.06,362.04,362.06,0.01,23.39,8442.89,1
2024-05-13,2024-05-13 12:39:00,362.06,362.08,362.06,362.08,0.01,23.39,8442.89,1
2024-05-13,2024-05-13 12:40:00,362.08,362.1,362.08,362.1,0.01,23.39,8442.89,1
2024-05-13,2024-05-13 12:41:00,362.1,362.12,362.1,362.12,0.01,23.39,8442.89,1
2024-05-13,2024-05-13 12:42:00,362.12,362.15,362.12,362.15,0.01,23.39,8442.89,1
2024-05-13,2024-05-13 12:43:00,362.15,362.17,362.15,362.17,0.01,23.39,8442.89,1
2024-05-13,2024-05-13 12:44:00,362.17,362.19,362.17,362.19,0.01,23.39,8442.89,1
2024-05-13,2024-05-13 12:45:00,362.19,362.21,362.19,362.21,0.01,23.39,8442.89,1
2024-05-13,2024-05-13 12:46:00,362.21,362.23,362.21,362.23,0.01,23.39,8442.89,1
2024-05-13,2024-05-13 12:47:00,362.23,362.25,362.23,362.25,0.01,23.39,8442.89,1
2024-05-13,2024-05-13 12:48:00,362.25,362.27,362.25,362.27,0.01,23.39,8442.89,1
2024-05-13,2024-05-13 12:49:00,362.27,362.29,362.27,362.29,0.01,23.39,8442.89,1
2024-05-13,2024-05-13 12:50:00,362.29,362.31,362.29,362.31,0.01,23.39,8442.89,1
2024-05-13,2024-05-13 12:51:00,362.31,362.33,362.31,362.33,0.01,23.39,8442.89,1
2024-05-13,2024-05-13 12:52:00,362.33,362.35,362.33,362.35,0.01,23.39,8442.89,1
2024-05-13,2024-05-13 12:53:00,362.35,362.38,362.35,362.38,0.01,23.39,8442.89,1
2024-05-13,2024-05-13 12:54:00,362.38,362.4,362.38,362.4,0.01,23.39,8442.89,1
2024-05-13,2024-05-13 12:55:00,362.4,362.42,362.4,362.42,0.01,23.39,8442.89,1
2024-05-13,2024-05-13 12:56:00,362.42,362.44,362.42,362.44,0.01,23.39,8442.89,1
2024-05-13,2024-05-13 12:57:00,362.44,362.46,362.44,362.46,0.01,23.39,8442.89,1
2024-05-13,2024-05-13 12:58:00,362.46,362.48,362.46,362.48,0.01,23.39,8442.89,1
2024-05-13,2024-05-13 12:59:00,362.48,362.5,362.48,362.5,0.01,23.39,8442.89,1
2024-05-13,2024-05-13 13:00:00,362.5,365.0,359.3,362.52,0.01,23.39,8442.89,1
2024-05-13,2024-05-13 13:01:00,362.52,362.54,362.52,362.54,0.01,23.39,8442.89,1
2024-05-13,2024-05-13 13:02:00,362.54,362.56,362.54,362.56,0.01,23.39,8442.89,1
2024-05-13,2024-05-13 13:03:00,362.56,362.58,362.56,362.58,0.01,23.39,8442.89,1
2024-05-13,2024-05-13 13:04:00,362.58,362.6,362.58,362.6,0.01,23.39,8442.89,1
2024-05-13,2024-05-13 13:05:00,362.6,362.62,362.6,362.62,0.01,23.39,8442.89,1
2024-05-13,2024-05-13 13:06:00,362.62,362.65,362.62,362.65,0.01,23.39,8442.89,1
2024-05-13,2024-05-13 13:07:00,362.65,362.67,362.65,362.67,0.01,23.39,8442.89,1
2024-05-13,2024-05-13 13:08:00,362.67,362.69,362.67,362.69,0.01,23.39,8442.89,1
2024-05-13,2024-05-13 13:09:00,362.69,362.71,362.69,362.71,0.01,23.39,8442.89,1
2024-05-13,2024-05-13 13:10:00,362.71,362.73,362.71,362.73,0.01,23.39,8442.89,1
2024-05-13,2024-05-13 13:11:00,362.73,362.75,362.73,362.75,0.01,23.39,8442.89,1
2024-05-13,2024-05-13 13:12:00,362.75,362.77,362.75,362.77,0.01,23.39,8442.89,1
2024-05-13,2024-05-13 13:13:00,362.77,362.79,362.77,362.79,0.01,23.39,8442.89,1
2024-05-13,2024-05-13 13:14:00,362.79,362.81,362.79,362.81,0.01,23.39,8442.89,1
2024-05-13,2024-05-13 13:15:00,362.81,362.83,362.81,362.83,0.01,23.39,8442.89,1
2024-05-13,2024-05-13 13:16:00,362.83,362.85,362.83,362.85,0.01,23.39,8442.89,1
2024-05-13,2024-05-13 13:17:00,362.85,362.88,362.85,362.88,0.01,23.39,8442.89,1
2024-05-13,2024-05-13 13:18:00,362.88,362.9,362.88,362.9,0.01,23.39,8442.89,1
2024-05-13,2024-05-13 13:19:00,362.9,362.92,362.9,362.92,0.01,23.39,8442.89,1
2024-05-13,2024-05-13 13:20:00,362.92,362.94,362.92,362.94,0.01,23.39,8442.89,1
2024-05-13,2024-05-13 13:21:00,362.94,362.96,362.94,362.96,0.01,23.39,8442.89,1
2024-05-13,2024-05-13 13:22:00,362.96,362.98,362.96,362.98,0.01,23.39,8442.89,1
2024-05-13,2024-05-13 13:23:00,362.98,363.0,362.98,363.0,0.01,23.39,8442.89,1
2024-05-13,2024-05-13 13:24:00,363.0,363.02,363.0,363.02,0.01,23.39,8442.89,1
2024-05-13,2024-05-13 13:25:00,363.02,363.04,363.02,363.04,0.01,23.39,8442.89,1
2024-05-13,2024-05-13 13:26:00,363.04,363.06,363.04,363.06,0.01,23.39,8442.89,1
2024-05-13,2024-05-13 13:27:00,363.06,363.08,363.06,363.08,0.01,23.39,8442.89,1
2024-05-13,2024-05-13 13:28:00,363.08,363.1,363.08,363.1,0.01,23.39,8442.89,1
2024-05-13,2024-05-13 13:29:00,363.1,363.12,363.1,363.12,0.01,23.39,8442.89,1
2024-05-13,2024-05-13 13:30:00,363.12,363.15,363.12,363.15,0.01,23.39,8442.89,1
2024-05-13,2024-05-13 13:31:00,363.15,363.17,363.15,363.17,0.01,23.39,8442.89,1
2024-05-13,2024-05-13 13:32:00,363.17,363.19,363.17,363.19,0.01,23.39,8442.89,1
2024-05-13,2024-05-13 13:33:00,363.19,363.21,363.19,363.21,0.01,23.39,8442.89,1
2024-05-13,2024-05-13 13:34:00,363.21,363.23,363.21,363.23,0.01,23.39,8442.89,1
2024-05-13,2024-05-13 13:35:00,363.23,363.25,363.23,363.25,0.01,23.39,8442.89,1
2024-05-13,2024-05-13 13:36:00,363.25,363.27,363.25,363.27,0.01,23.39,8442.89,1
2024-05-13,2024-05-13 13:37:00,363.27,363.29,363.27,363.29,0.01,23.39,8442.89,1
2024-05-13,2024-05-13 13:38:00,363.29,363.31,363.29,363.31,0.01,23.39,8442.89,1
2024-05-13,2024-05-13 13:39:00,363.31,363.33,363.31,363.33,0.01,23.39,8442.89,1
2024-05-13,2024-05-13 13:40:00,363.33,363.35,363.33,363.35,0.01,23.39,8442.89,1
2024-05-13,2024-05-13 13:41:00,363.35,363.38,363.35,363.38,0.01,23.39,8442.89,1
2024-05-13,2024-05-13 13:42:00,363.38,363.4,363.38,363.4,0.01,23.39,8442.89,1
2024-05-13,2024-05-13 13:43:00,363.4,363.42,363.4,363.42,0.01,23.39,8442.89,1
2024-05-13,2024-05-13 13:44:00,363.42,363.44,363.42,363.44,0.01,23.39,8442.89,1
2024-05-13,2024-05-13 13:45:00,363.44,363.46,363.44,363.46,0.01,23.39,8442.89,1
2024-05-13,2024-05-13 13:46:00,363.46,363.48,363.46,363.48,0.01,23.39,8442.89,1
2024-05-13,2024-05-13 13:47:00,363.48,363.5,363.48,363.5,0.01,23.39,8442.89,1
2024-05-13,2024-05-13 13:48:00,363.5,363.52,363.5,363.52,0.01,23.39,8442.89,1
2024-05-13,2024-05-13 13:49:00,363.52,363.54,363.52,363.54,0.01,23.39,8442.89,1
2024-05-13,2024-05-13 13:50:00,363.54,363.56,363.54,363.56,0.01,23.39,8442.89,1
2024-05-13,2024-05-13 13:51:00,363.56,363.58,363.56,363.58,0.01,23.39,8442.89,1
2024-05-13,2024-05-13 13:52:00,363.58,363.6,363.58,363.6,0.01,23.39,8442.89,1
2024-05-13,2024-05-13 13:53:00,363.6,363.62,363.6,363.62,0.01,23.39,8442.89,1
2024-05-13,2024-05-13 13:54:00,363.62,363.65,363.62,363.65,0.01,23.39,8442.89,1
2024-05-13,2024-05-13 13:55:00,363.65,363.67,363.65,363.67,0.01,23.39,8442.89,1
2024-05-13,2024-05-13 13:56:00,363.67,363.69,363.67,363.69,0.01,23.39,8442.89,1
2024-05-13,2024-05-13 13:57:00,363.69,363.71,363.69,363.71,0.01,23.39,8442.89,1
2024-05-13,2024-05-13 13:58:00,363.71,363.73,363.71,363.73,0.01,23.39,8442.89,1
2024-05-13,2024-05-13 13:59:00,363.73,363.75,363.73,363.75,0.01,23.39,8442.89,1
2024-05-13,2024-05-13 14:00:00,363.75,363.77,363.75,363.77,0.01,23.39,8442.89,1
2024-05-13,2024-05-13 14:01:00,363.77,363.79,363.77,363.79,0.01,23.39,8442.89,1
2024-05-13,2024-05-13 14:02:00,363.79,363.81,363.79,363.81,0.01,23.39,8442.89,1
2024-05-13,2024-05-13 14:03:00,363.81,363.83,363.81,363.83,0.01,23.39,8442.89,1
2024-05-13,2024-05-13 14:04:00,363.83,363.85,363.83,363.85,0.01,23.39,8442.89,1
2024-05-13,2024-05-13 14:05:00,363.85,363.88,363.85,363.88,0.01,23.39,8442.89,1
2024-05-13,2024-05-13 14:06:00,363.88,363.9,363.88,363.9,0.01,23.39,8442.89,1
2024-05-13,2024-05-13 14:07:00,363.9,363.92,363.9,363.92,0.01,23.39,8442.89,1
2024-05-13,2024-05-13 14:08:00,363.92,363.94,363.92,363.94,0.01,23.39,8442.89,1
2024-05-13,2024-05-13 14:09:00,363.94,363.96,363.94,363.96,0.01,23.39,8442.89,1
2024-05-13,2024-05-13 14:10:00,363.96,363.98,363.96,363.98,0.01,23.39,8442.89,1
2024-05-13,2024-05-13 14:11:00,363.98,364.0,363.98,364.0,0.01,23.39,8442.89,1
2024-05-13,2024-05-13 14:12:00,364.0,364.02,364.0,364.02,0.01,23.39,8442.89,1
2024-05-13,2024-05-13 14:13:00,364.02,364.04,364.02,364.04,0.01,23.39,8442.89,1
2024-05-13,2024-05-13 14:14:00,364.04,364.06,364.04,364.06,0.01,23.39,8442.89,1
2024-05-13,2024-05-13 14:15:00,364.06,364.08,364.06,364.08,0.01,23.39,8442.89,1
2024-05-13,2024-05-13 14:16:00,364.08,364.1,364.08,364.1,0.01,23.39,8442.89,1
2024-05-13,2024-05-13 14:17:00,364.1,364.12,364.1,364.12,0.01,23.39,8442.89,1
2024-05-13,2024-05-13 14:18:00,364.12,364.15,364.12,364.15,0.01,23.39,8442.89,1
2024-05-13,2024-05-13 14:19:00,364.15,364.17,364.15,364.17,0.01,23.39,8442.89,1
2024-05-13,2024-05-13 14:20:00,364.17,364.19,364.17,364.19,0.01,23.39,8442.89,1
2024-05-13,2024-05-13 14:21:00,364.19,364.21,364.19,364.21,0.01,23.39,8442.89,1
2024-05-13,2024-05-13 14:22:00,364.21,364.23,364.21,364.23,0.01,23.39,8442.89,1
2024-05-13,2024-05-13 14:23:00,364.23,364.25,364.23,364.25,0.01,23.39,8442.89,1
2024-05-13,2024-05-13 14:24:00,364.25,364.27,364.25,364.27,0.01,23.39,8442.89,1
2024-05-13,2024-05-13 14:25:00,364.27,364.29,364.27,364.29,0.01,23.39,8442.89,1
2024-05-13,2024-05-13 14:26:00,364.29,364.31,364.29,364.31,0.01,23.39,8442.89,1
2024-05-13,2024-05-13 14:27:00,364.31,364.33,364.31,364.33,0.01,23.39,8442.89,1
2024-05-13,2024-05-13 14:28:00,364.33,364.35,364.33,364.35,0.01,23.39,8442.89,1
2024-05-13,2024-05-13 14:29:00,364.35,364.38,364.35,364.38,0.01,23.39,8442.89,1
2024-05-13,2024-05-13 14:30:00,364.38,364.4,364.38,364.4,0.01,23.39,8442.89,1
2024-05-13,2024-05-13 14:31:00,364.4,364.42,364.4,364.42,0.01,23.39,8442.89,1
2024-05-13,2024-05-13 14:32:00,364.42,364.44,364.42,364.44,0.01,23.39,8442.89,1
2024-05-13,2024-05-13 14:33:00,364.44,364.46,364.44,364.46,0.01,23.39,8442.89,1
2024-05-13,2024-05-13 14:34:00,364.46,364.48,364.46,364.48,0.01,23.39,8442.89,1
2024-05-13,2024-05-13 14:35:00,364.48,364.5,364.48,364.5,0.01,23.39,8442.89,1
2024-05-13,2024-05-13 14:36:00,364.5,364.52,364.5,364.52,0.01,23.39,8442.89,1
2024-05-13,2024-05-13 14:37:00,364.52,364.54,364.52,364.54,0.01,23.39,8442.89,1
2024-05-13,2024-05-13 14:38:00,364.54,364.56,364.54,364.56,0.01,23.39,8442.89,1
2024-05-13,2024-05-13 14:39:00,364.56,364.58,364.56,364.58,0.01,23.39,8442.89,1
2024-05-13,2024-05-13 14:40:00,364.58,364.6,364.58,364.6,0.01,23.39,8442.89,1
2024-05-13,2024-05-13 14:41:00,364.6,364.62,364.6,364.62,0.01,23.39,8442.89,1
2024-05-13,2024-05-13 14:42:00,364.62,364.65,364.62,364.65,0.01,23.39,8442.89,1
2024-05-13,2024-05-13 14:43:00,364.65,364.67,364.65,364.67,0.01,23.39,8442.89,1
2024-05-13,2024-05-13 14:44:00,364.67,364.69,364.67,364.69,0.01,23.39,8442.89,1
2024-05-13,2024-05-13 14:45:00,364.69,364.71,364.69,364.71,0.01,23.39,8442.89,1
2024-05-13,2024-05-13 14:46:00,364.71,364.73,364.71,364.73,0.01,23.39,8442.89,1
2024-05-13,2024-05-13 14:47:00,364.73,364.75,364.73,364.75,0.01,23.39,8442.89,1
2024-05-13,2024-05-13 14:48:00,364.75,364.77,364.75,364.77,0.01,23.39,8442.89,1
2024-05-13,2024-05-13 14:49:00,364.77,364.79,364.77,364.79,0.01,23.39,8442.89,1
2024-05-13,2024-05-13 14:50:00,364.79,364.81,364.79,364.81,0.01,23.39,8442.89,1
2024-05-13,2024-05-13 14:51:00,364.81,364.83,364.81,364.83,0.01,23.39,8442.89,1
2024-05-13,2024-05-13 14:52:00,364.83,364.85,364.83,364.85,0.01,23.39,8442.89,1
2024-05-13,2024-05-13 14:53:00,364.85,364.88,364.85,364.88,0.01,23.39,8442.89,1
2024-05-13,2024-05-13 14:54:00,364.88,364.9,364.88,364.9,0.01,23.39,8442.89,1
2024-05-13,2024-05-13 14:55:00,364.9,364.92,364.9,364.92,0.01,23.39,8442.89,1
2024-05-13,2024-05-13 14:56:00,364.92,364.94,364.92,364.94,0.01,23.39,8442.89,1
2024-05-13,2024-05-13 14:57:00,364.94,364.96,364.94,364.96,0.01,23.39,8442.89,1
2024-05-13,2024-05-13 14:58:00,364.96,364.98,364.96,364.98,0.01,23.39,8442.89,1
2024-05-13,2024-05-13 14:59:00,364.98,365.0,364.98,365.0,0.01,23.39,8442.89,1
2024-05-13,2024-05-13 15:00:00,365.0,365.0,359.3,365.0,0.0,23.39,8442.89,0
2024-05-14,2024-05-14 11:00:00,360.0,365.97,360.0,360.06,0.02,64.61,24088.85,1
2024-05-14,2024-05-14 11:01:00,360.06,360.12,360.06,360.12,0.02,64.61,24088.85,1
2024-05-14,2024-05-14 11:02:00,360.12,360.18,360.12,360.18,0.02,64.61,24088.85,1
2024-05-14,2024-05-14 11:03:00,360.18,360.24,360.18,360.24,0.02,64.61,24088.85,1
2024-05-14,2024-05-14 11:04:00,360.24,360.29,360.24,360.29,0.01,64.61,24088.85,1
2024-05-14,2024-05-14 11:05:00,360.29,360.35,360.29,360.35,0.02,64.61,24088.85,1
2024-05-14,2024-05-14 11:06:00,360.35,360.41,360.35,360.41,0.02,64.61,24088.85,1
2024-05-14,2024-05-14 11:07:00,360.41,360.47,360.41,360.47,0.02,64.61,24088.85,1
2024-05-14,2024-05-14 11:08:00,360.47,360.53,360.47,360.53,0.02,64.61,24088.85,1
2024-05-14,2024-05-14 11:09:00,360.53,360.59,360.53,360.59,0.02,64.61,24088.85,1
2024-05-14,2024-05-14 11:10:00,360.59,360.65,360.59,360.65,0.02,64.61,24088.85,1
2024-05-14,2024-05-14 11:11:00,360.65,360.7,360.65,360.7,0.01,64.61,24088.85,1
2024-05-14,2024-05-14 11:12:00,360.7,360.76,360.7,360.76,0.02,64.61,24088.85,1
2024-05-14,2024-05-14 11:13:00,360.76,360.82,360.76,360.82,0.02,64.61,24088.85,1
2024-05-14,2024-05-14 11:14:00,360.82,360.88,360.82,360.88,0.02,64.61,24088.85,1
2024-05-14,2024-05-14 11:15:00,360.88,360.94,360.88,360.94,0.02,64.61,24088.85,1
2024-05-14,2024-05-14 11:16:00,360.94,361.0,360.94,361.0,0.02,64.61,24088.85,1
2024-05-14,2024-05-14 11:17:00,361.0,361.06,361.0,361.06,0.02,64.61,24088.85,1
2024-05-14,2024-05-14 11:18:00,361.06,361.12,361.06,361.12,0.02,64.61,24088.85,1
2024-05-14,2024-05-14 11:19:00,361.12,361.18,361.12,361.18,0.02,64.61,24088.85,1
2024-05-14,2024-05-14 11:20:00,361.18,361.23,361.18,361.23,0.01,64.61,24088.85,1
2024-05-14,2024-05-14 11:21:00,361.23,361.29,361.23,361.29,0.02,64.61,24088.85,1
2024-05-14,2024-05-14 11:22:00,361.29,361.35,361.29,361.35,0.02,64.61,24088.85,1
2024-05-14,2024-05-14 11:23:00,361.35,361.41,361.35,361.41,0.02,64.61,24088.85,1
2024-05-14,2024-05-14 11:24:00,361.41,361.47,361.41,361.47,0.02,64.61,24088.85,1
2024-05-14,2024-05-14 11:25:00,361.47,361.53,361.47,361.53,0.02,64.61,24088.85,1
2024-05-14,2024-05-14 11:26:00,361.53,361.59,361.53,361.59,0.02,64.61,24088.85,1
2024-05-14,2024-05-14 11:27:00,361.59,361.64,361.59,361.64,0.01,64.61,24088.85,1
2024-05-14,2024-05-14 11:28:00,361.64,361.7,361.64,361.7,0.02,64.61,24088.85,1
2024-05-14,2024-05-14 11:29:00,361.7,361.76,361.7,361.76,0.02,64.61,24088.85,1
2024-05-14,2024-05-14 11:30:00,361.76,361.82,361.76,361.82,0.02,64.61,24088.85,1
2024-05-14,2024-05-14 11:31:00,361.82,361.88,361.82,361.88,0.02,64.61,24088.85,1
2024-05-14,2024-05-14 11:32:00,361.88,361.94,361.88,361.94,0.02,64.61,24088.85,1
2024-05-14,2024-05-14 11:33:00,361.94,362.0,361.94,362.0,0.02,64.61,24088.85,1
2024-05-14,2024-05-14 11:34:00,362.0,362.06,362.0,362.06,0.02,64.61,24088.85,1
2024-05-14,2024-05-14 11:35:00,362.06,362.12,362.06,362.12,0.02,64.61,24088.85,1
2024-05-14,2024-05-14 11:36:00,362.12,362.17,362.12,362.17,0.01,64.61,24088.85,1
2024-05-14,2024-05-14 11:37:00,362.17,362.23,362.17,362.23,0.02,64.61,24088.85,1
2024-05-14,2024-05-14 11:38:00,362.23,362.29,362.23,362.29,0.02,64.61,24088.85,1
2024-05-14,2024-05-14 11:39:00,362.29,362.35,362.29,362.35,0.02,64.61,24088.85,1
2024-05-14,2024-05-14 11:40:00,362.35,362.41,362.35,362.41,0.02,64.61,24088.85,1
2024-05-14,2024-05-14 11:41:00,362.41,362.47,362.41,362.47,0.02,64.61,24088.85,1
2024-05-14,2024-05-14 11:42:00,362.47,362.53,362.47,362.53,0.02,64.61,24088.85,1
2024-05-14,2024-05-14 11:43:00,362.53,362.58,362.53,362.58,0.01,64.61,24088.85,1
2024-05-14,2024-05-14 11:44:00,362.58,362.64,362.58,362.64,0.02,64.61,24088.85,1
2024-05-14,2024-05-14 11:45:00,362.64,362.7,362.64,362.7,0.02,64.61,24088.85,1
2024-05-14,2024-05-14 11:46:00,362.7,362.76,362.7,362.76,0.02,64.61,24088.85,1
2024-05-14,2024-05-14 11:47:00,362.76,362.82,362.76,362.82,0.02,64.61,24088.85,1
2024-05-14,2024-05-14 11:48:00,362.82,362.88,362.82,362.88,0.02,64.61,24088.85,1
2024-05-14,2024-05-14 11:49:00,362.88,362.94,362.88,362.94,0.02,64.61,24088.85,1
2024-05-14,2024-05-14 11:50:00,362.94,363.0,362.94,363.0,0.02,64.61,24088.85,1
2024-05-14,2024-05-14 11:51:00,363.0,363.06,363.0,363.06,0.02,64.61,24088.85,1
2024-05-14,2024-05-14 11:52:00,363.06,363.11,363.06,363.11,0.01,64.61,24088.85,1
2024-05-14,2024-05-14 11:53:00,363.11,363.17,363.11,363.17,0.02,64.61,24088.85,1
2024-05-14,2024-05-14 11:54:00,363.17,363.23,363.17,363.23,0.02,64.61,24088.85,1
2024-05-14,2024-05-14 11:55:00,363.23,363.29,363.23,363.29,0.02,64.61,24088.85,1
2024-05-14,2024-05-14 11:56:00,363.29,363.35,363.29,363.35,0.02,64.61,24088.85,1
2024-05-14,2024-05-14 11:57:00,363.35,363.41,363.35,363.41,0.02,64.61,24088.85,1
2024-05-14,2024-05-14 11:58:00,363.41,363.47,363.41,363.47,0.02,64.61,24088.85,1
2024-05-14,2024-05-14 11:59:00,363.47,363.52,363.47,363.52,0.01,64.61,24088.85,1
2024-05-14,2024-05-14 12:00:00,363.52,363.58,363.52,363.58,0.02,64.61,24088.85,1
2024-05-14,2024-05-14 12:01:00,363.58,363.64,363.58,363.64,0.02,64.61,24088.85,1
2024-05-14,2024-05-14 12:02:00,363.64,363.7,363.64,363.7,0.02,64.61,24088.85,1
2024-05-14,2024-05-14 12:03:00,363.7,363.76,363.7,363.76,0.02,64.61,24088.85,1
2024-05-14,2024-05-14 12:04:00,363.76,363.82,363.76,363.82,0.02,64.61,24088.85,1
2024-05-14,2024-05-14 12:05:00,363.82,363.88,363.82,363.88,0.02,64.61,24088.85,1
2024-05-14,2024-05-14 12:06:00,363.88,363.94,363.88,363.94,0.02,64.61,24088.85,1
2024-05-14,2024-05-14 12:07:00,363.94,364.0,363.94,364.0,0.02,64.61,24088.85,1
2024-05-14,2024-05-14 12:08:00,364.0,364.05,364.0,364.05,0.01,64.61,24088.85,1
2024-05-14,2024-05-14 12:09:00,364.05,364.11,364.05,364.11,0.02,64.61,24088.85,1
2024-05-14,2024-05-14 12:10:00,364.11,364.17,364.11,364.17,0.02,64.61,24088.85,1
2024-05-14,2024-05-14 12:11:00,364.17,364.23,364.17,364.23,0.02,64.61,24088.85,1
2024-05-14,2024-05-14 12:12:00,364.23,364.29,364.23,364.29,0.02,64.61,24088.85,1
2024-05-14,2024-05-14 12:13:00,364.29,364.35,364.29,364.35,0.02,64.61,24088.85,1
2024-05-14,2024-05-14 12:14:00,364.35,364.41,364.35,364.41,0.02,64.61,24088.85,1
2024-05-14,2024-05-14 12:15:00,364.41,364.47,364.41,364.47,0.02,64.61,24088.85,1
2024-05-14,2024-05-14 12:16:00,364.47,364.52,364.47,364.52,0.01,64.61,24088.85,1
2024-05-14,2024-05-14 12:17:00,364.52,364.58,364.52,364.58,0.02,64.61,24088.85,1
2024-05-14,2024-05-14 12:18:00,364.58,364.64,364.58,364.64,0.02,64.61,24088.85,1
2024-05-14,2024-05-14 12:19:00,364.64,364.7,364.64,364.7,0.02,64.61,24088.85,1
2024-05-14,2024-05-14 12:20:00,364.7,364.76,364.7,364.76,0.02,64.61,24088.85,1
2024-05-14,2024-05-14 12:21:00,364.76,364.82,364.76,364.82,0.02,64.61,24088.85,1
2024-05-14,2024-05-14 12:22:00,364.82,364.88,364.82,364.88,0.02,64.61,24088.85,1
2024-05-14,2024-05-14 12:23:00,364.88,364.94,364.88,364.94,0.02,64.61,24088.85,1
2024-05-14,2024-05-14 12:24:00,364.94,364.99,364.94,364.99,0.01,64.61,24088.85,1
2024-05-14,2024-05-14 12:25:00,364.99,365.05,364.99,365.05,0.02,64.61,24088.85,1
2024-05-14,2024-05-14 12:26:00,365.05,365.11,365.05,365.11,0.02,64.61,24088.85,1
2024-05-14,2024-05-14 12:27:00,365.11,365.17,365.11,365.17,0.02,64.61,24088.85,1
2024-05-14,2024-05-14 12:28:00,365.17,365.23,365.17,365.23,0.02,64.61,24088.85,1
2024-05-14,2024-05-14 12:29:00,365.23,365.29,365.23,365.29,0.02,64.61,24088.85,1
2024-05-14,2024-05-14 12:30:00,365.29,365.35,365.29,365.35,0.02,64.61,24088.85,1
2024-05-14,2024-05-14 12:31:00,365.35,365.41,365.35,365.41,0.02,64.61,24088.85,1
2024-05-14,2024-05-14 12:32:00,365.41,365.46,365.41,365.46,0.01,64.61,24088.85,1
2024-05-14,2024-05-14 12:33:00,365.46,365.52,365.46,365.52,0.02,64.61,24088.85,1
2024-05-14,2024-05-14 12:34:00,365.52,365.58,365.52,365.58,0.02,64.61,24088.85,1
2024-05-14,2024-05-14 12:35:00,365.58,365.64,365.58,365.64,0.02,64.61,24088.85,1
2024-05-14,2024-05-14 12:36:00,365.64,365.7,365.64,365.7,0.02,64.61,24088.85,1
2024-05-14,2024-05-14 12:37:00,365.7,365.76,365.7,365.76,0.02,64.61,24088.85,1
2024-05-14,2024-05-14 12:38:00,365.76,365.82,365.76,365.82,0.02,64.61,24088.85,1
2024-05-14,2024-05-14 12:39:00,365.82,365.88,365.82,365.88,0.02,64.61,24088.85,1
2024-05-14,2024-05-14 12:40:00,365.88,365.93,365.88,365.93,0.01,64.61,24088.85,1
2024-05-14,2024-05-14 12:41:00,365.93,365.99,365.93,365.99,0.02,64.61,24088.85,1
2024-05-14,2024-05-14 12:42:00,365.99,366.05,365.99,366.05,0.02,64.61,24088.85,1
2024-05-14,2024-05-14 12:43:00,366.05,366.11,366.05,366.11,0.02,64.61,24088.85,1
2024-05-14,2024-05-14 12:44:00,366.11,366.17,366.11,366.17,0.02,64.61,24088.85,1
2024-05-14,2024-05-14 12:45:00,366.17,366.23,366.17,366.23,0.02,64.61,24088.85,1
2024-05-14,2024-05-14 12:46:00,366.23,366.29,366.23,366.29,0.02,64.61,24088.85,1
2024-05-14,2024-05-14 12:47:00,366.29,366.35,366.29,366.35,0.02,64.61,24088.85,1
2024-05-14,2024-05-14 12:48:00,366.35,366.4,366.35,366.4,0.01,64.61,24088.85,1
2024-05-14,2024-05-14 12:49:00,366.4,366.46,366.4,366.46,0.02,64.61,24088.85,1
2024-05-14,2024-05-14 12:50:00,366.46,366.52,366.46,366.52,0.02,64.61,24088.85,1
2024-05-14,2024-05-14 12:51:00,366.52,366.58,366.52,366.58,0.02,64.61,24088.85,1
2024-05-14,2024-05-14 12:52:00,366.58,366.64,366.58,366.64,0.02,64.61,24088.85,1
2024-05-14,2024-05-14 12:53:00,366.64,366.7,366.64,366.7,0.02,64.61,24088.85,1
2024-05-14,2024-05-14 12:54:00,366.7,366.76,366.7,366.76,0.02,64.61,24088.85,1
2024-05-14,2024-05-14 12:55:00,366.76,366.81,366.76,366.81,0.01,64.61,24088.85,1
2024-05-14,2024-05-14 12:56:00,366.81,366.87,366.81,366.87,0.02,64.61,24088.85,1
2024-05-14,2024-05-14 12:57:00,366.87,366.93,366.87,366.93,0.02,64.61,24088.85,1
2024-05-14,2024-05-14 12:58:00,366.93,366.99,366.93,366.99,0.02,64.61,24088.85,1
2024-05-14,2024-05-14 12:59:00,366.99,367.05,366.99,367.05,0.02,64.61,24088.85,1
2024-05-14,2024-05-14 13:00:00,367.05,379.9,360.0,367.11,0.02,64.61,24088.85,1
2024-05-14,2024-05-14 13:01:00,367.11,367.17,367.11,367.17,0.02,64.61,24088.85,1
2024-05-14,2024-05-14 13:02:00,367.17,367.23,367.17,367.23,0.02,64.61,24088.85,1
2024-05-14,2024-05-14 13:03:00,367.23,367.29,367.23,367.29,0.02,64.61,24088.85,1
2024-05-14,2024-05-14 13:04:00,367.29,367.34,367.29,367.34,0.01,64.61,24088.85,1
2024-05-14,2024-05-14 13:05:00,367.34,367.4,367.34,367.4,0.02,64.61,24088.85,1
2024-05-14,2024-05-14 13:06:00,367.4,367.46,367.4,367.46,0.02,64.61,24088.85,1
2024-05-14,2024-05-14 13:07:00,367.46,367.52,367.46,367.52,0.02,64.61,24088.85,1
2024-05-14,2024-05-14 13:08:00,367.52,367.58,367.52,367.58,0.02,64.61,24088.85,1
2024-05-14,2024-05-14 13:09:00,367.58,367.64,367.58,367.64,0.02,64.61,24088.85,1
2024-05-14,2024-05-14 13:10:00,367.64,367.7,367.64,367.7,0.02,64.61,24088.85,1
2024-05-14,2024-05-14 13:11:00,367.7,367.75,367.7,367.75,0.01,64.61,24088.85,1
2024-05-14,2024-05-14 13:12:00,367.75,367.81,367.75,367.81,0.02,64.61,24088.85,1
2024-05-14,2024-05-14 13:13:00,367.81,367.87,367.81,367.87,0.02,64.61,24088.85,1
2024-05-14,2024-05-14 13:14:00,367.87,367.93,367.87,367.93,0.02,64.61,24088.85,1
2024-05-14,2024-05-14 13:15:00,367.93,367.99,367.93,367.99,0.02,64.61,24088.85,1
2024-05-14,2024-05-14 13:16:00,367.99,368.05,367.99,368.05,0.02,64.61,24088.85,1
2024-05-14,2024-05-14 13:17:00,368.05,368.11,368.05,368.11,0.02,64.61,24088.85,1
2024-05-14,2024-05-14 13:18:00,368.11,368.17,368.11,368.17,0.02,64.61,24088.85,1
2024-05-14,2024-05-14 13:19:00,368.17,368.23,368.17,368.23,0.02,64.61,24088.85,1
2024-05-14,2024-05-14 13:20:00,368.23,368.28,368.23,368.28,0.01,64.61,24088.85,1
2024-05-14,2024-05-14 13:21:00,368.28,368.34,368.28,368.34,0.02,64.61,24088.85,1
2024-05-14,2024-05-14 13:22:00,368.34,368.4,368.34,368.4,0.02,64.61,24088.85,1
2024-05-14,2024-05-14 13:23:00,368.4,368.46,368.4,368.46,0.02,64.61,24088.85,1
2024-05-14,2024-05-14 13:24:00,368.46,368.52,368.46,368.52,0.02,64.61,24088.85,1
2024-05-14,2024-05-14 13:25:00,368.52,368.58,368.52,368.58,0.02,64.61,24088.85,1
2024-05-14,2024-05-14 13:26:00,368.58,368.64,368.58,368.64,0.02,64.61,24088.85,1
2024-05-14,2024-05-14 13:27:00,368.64,368.69,368.64,368.69,0.01,64.61,24088.85,1
2024-05-14,2024-05-14 13:28:00,368.69,368.75,368.69,368.75,0.02,64.61,24088.85,1
2024-05-14,2024-05-14 13:29:00,368.75,368.81,368.75,368.81,0.02,64.61,24088.85,1
2024-05-14,2024-05-14 13:30:00,368.81,368.87,368.81,368.87,0.02,64.61,24088.85,1
2024-05-14,2024-05-14 13:31:00,368.87,368.93,368.87,368.93,0.02,64.61,24088.85,1
2024-05-14,2024-05-14 13:32:00,368.93,368.99,368.93,368.99,0.02,64.61,24088.85,1
2024-05-14,2024-05-14 13:33:00,368.99,369.05,368.99,369.05,0.02,64.61,24088.85,1
2024-05-14,2024-05-14 13:34:00,369.05,369.11,369.05,369.11,0.02,64.61,24088.85,1
2024-05-14,2024-05-14 13:35:00,369.11,369.17,369.11,369.17,0.02,64.61,24088.85,1
2024-05-14,2024-05-14 13:36:00,369.17,369.22,369.17,369.22,0.01,64.61,24088.85,1
2024-05-14,2024-05-14 13:37:00,369.22,369.28,369.22,369.28,0.02,64.61,24088.85,1
2024-05-14,2024-05-14 13:38:00,369.28,369.34,369.28,369.34,0.02,64.61,24088.85,1
2024-05-14,2024-05-14 13:39:00,369.34,369.4,369.34,369.4,0.02,64.61,24088.85,1
2024-05-14,2024-05-14 13:40:00,369.4,369.46,369.4,369.46,0.02,64.61,24088.85,1
2024-05-14,2024-05-14 13:41:00,369.46,369.52,369.46,369.52,0.02,64.61,24088.85,1
2024-05-14,2024-05-14 13:42:00,369.52,369.58,369.52,369.58,0.02,64.61,24088.85,1
2024-05-14,2024-05-14 13:43:00,369.58,369.63,369.58,369.63,0.01,64.61,24088.85,1
2024-05-14,2024-05-14 13:44:00,369.63,369.69,369.63,369.69,0.02,64.61,24088.85,1
2024-05-14,2024-05-14 13:45:00,369.69,369.75,369.69,369.75,0.02,64.61,24088.85,1
2024-05-14,2024-05-14 13:46:00,369.75,369.81,369.75,369.81,0.02,64.61,24088.85,1
2024-05-14,2024-05-14 13:47:00,369.81,369.87,369.81,369.87,0.02,64.61,24088.85,1
2024-05-14,2024-05-14 13:48:00,369.87,369.93,369.87,369.93,0.02,64.61,24088.85,1
2024-05-14,2024-05-14 13:49:00,369.93,369.99,369.93,369.99,0.02,64.61,24088.85,1
2024-05-14,2024-05-14 13:50:00,369.99,370.05,369.99,370.05,0.02,64.61,24088.85,1
2024-05-14,2024-05-14 13:51:00,370.05,370.11,370.05,370.11,0.02,64.61,24088.85,1
2024-05-14,2024-05-14 13:52:00,370.11,370.16,370.11,370.16,0.01,64.61,24088.85,1
2024-05-14,2024-05-14 13:53:00,370.16,370.22,370.16,370.22,0.02,64.61,24088.85,1
2024-05-14,2024-05-14 13:54:00,370.22,370.28,370.22,370.28,0.02,64.61,24088.85,1
2024-05-14,2024-05-14 13:55:00,370.28,370.34,370.28,370.34,0.02,64.61,24088.85,1
2024-05-14,2024-05-14 13:56:00,370.34,370.4,370.34,370.4,0.02,64.61,24088.85,1
2024-05-14,2024-05-14 13:57:00,370.4,370.46,370.4,370.46,0.02,64.61,24088.85,1
2024-05-14,2024-05-14 13:58:00,370.46,370.52,370.46,370.52,0.02,64.61,24088.85,1
2024-05-14,2024-05-14 13:59:00,370.52,370.58,370.52,370.58,0.02,64.61,24088.85,1
2024-05-14,2024-05-14 14:00:00,370.58,370.63,370.58,370.63,0.01,64.61,24088.85,1
2024-05-14,2024-05-14 14:01:00,370.63,370.69,370.63,370.69,0.02,64.61,24088.85,1
2024-05-14,2024-05-14 14:02:00,370.69,370.75,370.69,370.75,0.02,64.61,24088.85,1
2024-05-14,2024-05-14 14:03:00,370.75,370.81,370.75,370.81,0.02,64.61,24088.85,1
2024-05-14,2024-05-14 14:04:00,370.81,370.87,370.81,370.87,0.02,64.61,24088.85,1
2024-05-14,2024-05-14 14:05:00,370.87,370.93,370.87,370.93,0.02,64.61,24088.85,1
2024-05-14,2024-05-14 14:06:00,370.93,370.99,370.93,370.99,0.02,64.61,24088.85,1
2024-05-14,2024-05-14 14:07:00,370.99,371.05,370.99,371.05,0.02,64.61,24088.85,1
2024-05-14,2024-05-14 14:08:00,371.05,371.1,371.05,371.1,0.01,64.61,24088.85,1
2024-05-14,2024-05-14 14:09:00,371.1,371.16,371.1,371.16,0.02,64.61,24088.85,1
2024-05-14,2024-05-14 14:10:00,371.16,371.22,371.16,371.22,0.02,64.61,24088.85,1
2024-05-14,2024-05-14 14:11:00,371.22,371.28,371.22,371.28,0.02,64.61,24088.85,1
2024-05-14,2024-05-14 14:12:00,371.28,371.34,371.28,371.34,0.02,64.61,24088.85,1
2024-05-14,2024-05-14 14:13:00,371.34,371.4,371.34,371.4,0.02,64.61,24088.85,1
2024-05-14,2024-05-14 14:14:00,371.4,371.46,371.4,371.46,0.02,64.61,24088.85,1
2024-05-14,2024-05-14 14:15:00,371.46,371.52,371.46,371.52,0.02,64.61,24088.85,1
2024-05-14,2024-05-14 14:16:00,371.52,371.57,371.52,371.57,0.01,64.61,24088.85,1
2024-05-14,2024-05-14 14:17:00,371.57,371.63,371.57,371.63,0.02,64.61,24088.85,1
2024-05-14,2024-05-14 14:18:00,371.63,371.69,371.63,371.69,0.02,64.61,24088.85,1
2024-05-14,2024-05-14 14:19:00,371.69,371.75,371.69,371.75,0.02,64.61,24088.85,1
2024-05-14,2024-05-14 14:20:00,371.75,371.81,371.75,371.81,0.02,64.61,24088.85,1
2024-05-14,2024-05-14 14:21:00,371.81,371.87,371.81,371.87,0.02,64.61,24088.85,1
2024-05-14,2024-05-14 14:22:00,371.87,371.93,371.87,371.93,0.02,64.61,24088.85,1
2024-05-14,2024-05-14 14:23:00,371.93,371.99,371.93,371.99,0.02,64.61,24088.85,1
2024-05-14,2024-05-14 14:24:00,371.99,372.04,371.99,372.04,0.01,64.61,24088.85,1
2024-05-14,2024-05-14 14:25:00,372.04,372.1,372.04,372.1,0.02,64.61,24088.85,1
2024-05-14,2024-05-14 14:26:00,372.1,372.16,372.1,372.16,0.02,64.61,24088.85,1
2024-05-14,2024-05-14 14:27:00,372.16,372.22,372.16,372.22,0.02,64.61,24088.85,1
2024-05-14,2024-05-14 14:28:00,372.22,372.28,372.22,372.28,0.02,64.61,24088.85,1
2024-05-14,2024-05-14 14:29:00,372.28,372.34,372.28,372.34,0.02,64.61,24088.85,1
2024-05-14,2024-05-14 14:30:00,372.34,372.4,372.34,372.4,0.02,64.61,24088.85,1
2024-05-14,2024-05-14 14:31:00,372.4,372.46,372.4,372.46,0.02,64.61,24088.85,1
2024-05-14,2024-05-14 14:32:00,372.46,372.51,372.46,372.51,0.01,64.61,24088.85,1
2024-05-14,2024-05-14 14:33:00,372.51,372.57,372.51,372.57,0.02,64.61,24088.85,1
2024-05-14,2024-05-14 14:34:00,372.57,372.63,372.57,372.63,0.02,64.61,24088.85,1
2024-05-14,2024-05-14 14:35:00,372.63,372.69,372.63,372.69,0.02,64.61,24088.85,1
2024-05-14,2024-05-14 14:36:00,372.69,372.75,372.69,372.75,0.02,64.61,24088.85,1
2024-05-14,2024-05-14 14:37:00,372.75,372.81,372.75,372.81,0.02,64.61,24088.85,1
2024-05-14,2024-05-14 14:38:00,372.81,372.87,372.81,372.87,0.02,64.61,24088.85,1
2024-05-14,2024-05-14 14:39:00,372.87,372.93,372.87,372.93,0.02,64.61,24088.85,1
2024-05-14,2024-05-14 14:40:00,372.93,372.98,372.93,372.98,0.01,64.61,24088.85,1
2024-05-14,2024-05-14 14:41:00,372.98,373.04,372.98,373.04,0.02,64.61,24088.85,1
2024-05-14,2024-05-14 14:42:00,373.04,373.1,373.04,373.1,0.02,64.61,24088.85,1
2024-05-14,2024-05-14 14:43:00,373.1,373.16,373.1,373.16,0.02,64.61,24088.85,1
2024-05-14,2024-05-14 14:44:00,373.16,373.22,373.16,373.22,0.02,64.61,24088.85,1
2024-05-14,2024-05-14 14:45:00,373.22,373.28,373.22,373.28,0.02,64.61,24088.85,1
2024-05-14,2024-05-14 14:46:00,373.28,373.34,373.28,373.34,0.02,64.61,24088.85,1
2024-05-14,2024-05-14 14:47:00,373.34,373.4,373.34,373.4,0.02,64.61,24088.85,1
2024-05-14,2024-05-14 14:48:00,373.4,373.45,373.4,373.45,0.01,64.61,24088.85,1
2024-05-14,2024-05-14 14:49:00,373.45,373.51,373.45,373.51,0.02,64.61,24088.85,1
2024-05-14,2024-05-14 14:50:00,373.51,373.57,373.51,373.57,0.02,64.61,24088.85,1
2024-05-14,2024-05-14 14:51:00,373.57,373.63,373.57,373.63,0.02,64.61,24088.85,1
2024-05-14,2024-05-14 14:52:00,373.63,373.69,373.63,373.69,0.02,64.61,24088.85,1
2024-05-14,2024-05-14 14:53:00,373.69,373.75,373.69,373.75,0.02,64.61,24088.85,1
2024-05-14,2024-05-14 14:54:00,373.75,373.81,373.75,373.81,0.02,64.61,24088.85,1
2024-05-14,2024-05-14 14:55:00,373.81,373.87,373.81,373.87,0.02,64.61,24088.85,1
2024-05-14,2024-05-14 14:56:00,373.87,373.92,373.87,373.92,0.01,64.61,24088.85,1
2024-05-14,2024-05-14 14:57:00,373.92,373.98,373.92,373.98,0.02,64.61,24088.85,1
2024-05-14,2024-05-14 14:58:00,373.98,374.04,373.98,374.04,0.02,64.61,24088.85,1
2024-05-14,2024-05-14 14:59:00,374.04,374.1,374.04,374.1,0.02,64.61,24088.85,1
2024-05-14,2024-05-14 15:00:00,374.1,379.9,360.0,374.1,0.0,64.61,24088.85,0
2024-05-15,2024-05-15 11:00:00,381.0,381.15,375.63,380.93,-0.02,41.54,15431.96,-1
2024-05-15,2024-05-15 11:01:00,380.93,380.93,380.87,380.87,-0.02,41.54,15431.96,-1
2024-05-15,2024-05-15 11:02:00,380.87,380.87,380.8,380.8,-0.02,41.54,15431.96,-1
2024-05-15,2024-05-15 11:03:00,380.8,380.8,380.73,380.73,-0.02,41.54,15431.96,-1
2024-05-15,2024-05-15 11:04:00,380.73,380.73,380.67,380.67,-0.02,41.54,15431.96,-1
2024-05-15,2024-05-15 11:05:00,380.67,380.67,380.6,380.6,-0.02,41.54,15431.96,-1
2024-05-15,2024-05-15 11:06:00,380.6,380.6,380.53,380.53,-0.02,41.54,15431.96,-1
2024-05-15,2024-05-15 11:07:00,380.53,380.53,380.47,380.47,-0.02,41.54,15431.96,-1
2024-05-15,2024-05-15 11:08:00,380.47,380.47,380.4,380.4,-0.02,41.54,15431.96,-1
2024-05-15,2024-05-15 11:09:00,380.4,380.4,380.33,380.33,-0.02,41.54,15431.96,-1
2024-05-15,2024-05-15 11:10:00,380.33,380.33,380.27,380.27,-0.02,41.54,15431.96,-1
2024-05-15,2024-05-15 11:11:00,380.27,380.27,380.2,380.2,-0.02,41.54,15431.96,-1
2024-05-15,2024-05-15 11:12:00,380.2,380.2,380.13,380.13,-0.02,41.54,15431.96,-1
2024-05-15,2024-05-15 11:13:00,380.13,380.13,380.07,380.07,-0.02,41.54,15431.96,-1
2024-05-15,2024-05-15 11:14:00,380.07,380.07,380.0,380.0,-0.02,41.54,15431.96,-1
2024-05-15,2024-05-15 11:15:00,380.0,380.0,379.93,379.93,-0.02,41.54,15431.96,-1
2024-05-15,2024-05-15 11:16:00,379.93,379.93,379.87,379.87,-0.02,41.54,15431.96,-1
2024-05-15,2024-05-15 11:17:00,379.87,379.87,379.8,379.8,-0.02,41.54,15431.96,-1
2024-05-15,2024-05-15 11:18:00,379.8,379.8,379.73,379.73,-0.02,41.54,15431.96,-1
2024-05-15,2024-05-15 11:19:00,379.73,379.73,379.67,379.67,-0.02,41.54,15431.96,-1
2024-05-15,2024-05-15 11:20:00,379.67,379.67,379.6,379.6,-0.02,41.54,15431.96,-1
2024-05-15,2024-05-15 11:21:00,379.6,379.6,379.53,379.53,-0.02,41.54,15431.96,-1
2024-05-15,2024-05-15 11:22:00,379.53,379.53,379.47,379.47,-0.02,41.54,15431.96,-1
2024-05-15,2024-05-15 11:23:00,379.47,379.47,379.4,379.4,-0.02,41.54,15431.96,-1
2024-05-15,2024-05-15 11:24:00,379.4,379.4,379.33,379.33,-0.02,41.54,15431.96,-1
2024-05-15,2024-05-15 11:25:00,379.33,379.33,379.27,379.27,-0.02,41.54,15431.96,-1
2024-05-15,2024-05-15 11:26:00,379.27,379.27,379.2,379.2,-0.02,41.54,15431.96,-1
2024-05-15,2024-05-15 11:27:00,379.2,379.2,379.13,379.13,-0.02,41.54,15431.96,-1
2024-05-15,2024-05-15 11:28:00,379.13,379.13,379.07,379.07,-0.02,41.54,15431.96,-1
2024-05-15,2024-05-15 11:29:00,379.07,379.07,379.0,379.0,-0.02,41.54,15431.96,-1
2024-05-15,2024-05-15 11:30:00,379.0,379.0,378.93,378.93,-0.02,41.54,15431.96,-1
2024-05-15,2024-05-15 11:31:00,378.93,378.93,378.87,378.87,-0.02,41.54,15431.96,-1
2024-05-15,2024-05-15 11:32:00,378.87,378.87,378.8,378.8,-0.02,41.54,15431.96,-1
2024-05-15,2024-05-15 11:33:00,378.8,378.8,378.73,378.73,-0.02,41.54,15431.96,-1
2024-05-15,2024-05-15 11:34:00,378.73,378.73,378.67,378.67,-0.02,41.54,15431.96,-1
2024-05-15,2024-05-15 11:35:00,378.67,378.67,378.6,378.6,-0.02,41.54,15431.96,-1
2024-05-15,2024-05-15 11:36:00,378.6,378.6,378.53,378.53,-0.02,41.54,15431.96,-1
2024-05-15,2024-05-15 11:37:00,378.53,378.53,378.47,378.47,-0.02,41.54,15431.96,-1
2024-05-15,2024-05-15 11:38:00,378.47,378.47,378.4,378.4,-0.02,41.54,15431.96,-1
2024-05-15,2024-05-15 11:39:00,378.4,378.4,378.33,378.33,-0.02,41.54,15431.96,-1
2024-05-15,2024-05-15 11:40:00,378.33,378.33,378.27,378.27,-0.02,41.54,15431.96,-1
2024-05-15,2024-05-15 11:41:00,378.27,378.27,378.2,378.2,-0.02,41.54,15431.96,-1
2024-05-15,2024-05-15 11:42:00,378.2,378.2,378.13,378.13,-0.02,41.54,15431.96,-1
2024-05-15,2024-05-15 11:43:00,378.13,378.13,378.07,378.07,-0.02,41.54,15431.96,-1
2024-05-15,2024-05-15 11:44:00,378.07,378.07,378.0,378.0,-0.02,41.54,15431.96,-1
2024-05-15,2024-05-15 11:45:00,378.0,378.0,377.93,377.93,-0.02,41.54,15431.96,-1
2024-05-15,2024-05-15 11:46:00,377.93,377.93,377.87,377.87,-0.02,41.54,15431.96,-1
2024-05-15,2024-05-15 11:47:00,377.87,377.87,377.8,377.8,-0.02,41.54,15431.96,-1
2024-05-15,2024-05-15 11:48:00,377.8,377.8,377.73,377.73,-0.02,41.54,15431.96,-1
2024-05-15,2024-05-15 11:49:00,377.73,377.73,377.67,377.67,-0.02,41.54,15431.96,-1
2024-05-15,2024-05-15 11:50:00,377.67,377.67,377.6,377.6,-0.02,41.54,15431.96,-1
2024-05-15,2024-05-15 11:51:00,377.6,377.6,377.53,377.53,-0.02,41.54,15431.96,-1
2024-05-15,2024-05-15 11:52:00,377.53,377.53,377.47,377.47,-0.02,41.54,15431.96,-1
2024-05-15,2024-05-15 11:53:00,377.47,377.47,377.4,377.4,-0.02,41.54,15431.96,-1
2024-05-15,2024-05-15 11:54:00,377.4,377.4,377.33,377.33,-0.02,41.54,15431.96,-1
2024-05-15,2024-05-15 11:55:00,377.33,377.33,377.27,377.27,-0.02,41.54,15431.96,-1
2024-05-15,2024-05-15 11:56:00,377.27,377.27,377.2,377.2,-0.02,41.54,15431.96,-1
2024-05-15,2024-05-15 11:57:00,377.2,377.2,377.13,377.13,-0.02,41.54,15431.96,-1
2024-05-15,2024-05-15 11:58:00,377.13,377.13,377.07,377.07,-0.02,41.54,15431.96,-1
2024-05-15,2024-05-15 11:59:00,377.07,377.07,377.0,377.0,-0.02,41.54,15431.96,-1
2024-05-15,2024-05-15 12:00:00,377.0,377.0,376.93,376.93,-0.02,41.54,15431.96,-1
2024-05-15,2024-05-15 12:01:00,376.93,376.93,376.87,376.87,-0.02,41.54,15431.96,-1
2024-05-15,2024-05-15 12:02:00,376.87,376.87,376.8,376.8,-0.02,41.54,15431.96,-1
2024-05-15,2024-05-15 12:03:00,376.8,376.8,376.73,376.73,-0.02,41.54,15431.96,-1
2024-05-15,2024-05-15 12:04:00,376.73,376.73,376.67,376.67,-0.02,41.54,15431.96,-1
2024-05-15,2024-05-15 12:05:00,376.67,376.67,376.6,376.6,-0.02,41.54,15431.96,-1
2024-05-15,2024-05-15 12:06:00,376.6,376.6,376.53,376.53,-0.02,41.54,15431.96,-1
2024-05-15,2024-05-15 12:07:00,376.53,376.53,376.47,376.47,-0.02,41.54,15431.96,-1
2024-05-15,2024-05-15 12:08:00,376.47,376.47,376.4,376.4,-0.02,41.54,15431.96,-1
2024-05-15,2024-05-15 12:09:00,376.4,376.4,376.33,376.33,-0.02,41.54,15431.96,-1
2024-05-15,2024-05-15 12:10:00,376.33,376.33,376.27,376.27,-0.02,41.54,15431.96,-1
2024-05-15,2024-05-15 12:11:00,376.27,376.27,376.2,376.2,-0.02,41.54,15431.96,-1
2024-05-15,2024-05-15 12:12:00,376.2,376.2,376.13,376.13,-0.02,41.54,15431.96,-1
2024-05-15,2024-05-15 12:13:00,376.13,376.13,376.07,376.07,-0.02,41.54,15431.96,-1
2024-05-15,2024-05-15 12:14:00,376.07,376.07,376.0,376.0,-0.02,41.54,15431.96,-1
2024-05-15,2024-05-15 12:15:00,376.0,376.0,375.93,375.93,-0.02,41.54,15431.96,-1
2024-05-15,2024-05-15 12:16:00,375.93,375.93,375.87,375.87,-0.02,41.54,15431.96,-1
2024-05-15,2024-05-15 12:17:00,375.87,375.87,375.8,375.8,-0.02,41.54,15431.96,-1
2024-05-15,2024-05-15 12:18:00,375.8,375.8,375.73,375.73,-0.02,41.54,15431.96,-1
2024-05-15,2024-05-15 12:19:00,375.73,375.73,375.67,375.67,-0.02,41.54,15431.96,-1
2024-05-15,2024-05-15 12:20:00,375.67,375.67,375.6,375.6,-0.02,41.54,15431.96,-1
2024-05-15,2024-05-15 12:21:00,375.6,375.6,375.53,375.53,-0.02,41.54,15431.96,-1
2024-05-15,2024-05-15 12:22:00,375.53,375.53,375.47,375.47,-0.02,41.54,15431.96,-1
2024-05-15,2024-05-15 12:23:00,375.47,375.47,375.4,375.4,-0.02,41.54,15431.96,-1
2024-05-15,2024-05-15 12:24:00,375.4,375.4,375.33,375.33,-0.02,41.54,15431.96,-1
2024-05-15,2024-05-15 12:25:00,375.33,375.33,375.27,375.27,-0.02,41.54,15431.96,-1
2024-05-15,2024-05-15 12:26:00,375.27,375.27,375.2,375.2,-0.02,41.54,15431.96,-1
2024-05-15,2024-05-15 12:27:00,375.2,375.2,375.13,375.13,-0.02,41.54,15431.96,-1
2024-05-15,2024-05-15 12:28:00,375.13,375.13,375.07,375.07,-0.02,41.54,15431.96,-1
2024-05-15,2024-05-15 12:29:00,375.07,375.07,375.0,375.0,-0.02,41.54,15431.96,-1
2024-05-15,2024-05-15 12:30:00,375.0,375.0,374.93,374.93,-0.02,41.54,15431.96,-1
2024-05-15,2024-05-15 12:31:00,374.93,374.93,374.87,374.87,-0.02,41.54,15431.96,-1
2024-05-15,2024-05-15 12:32:00,374.87,374.87,374.8,374.8,-0.02,41.54,15431.96,-1
2024-05-15,2024-05-15 12:33:00,374.8,374.8,374.73,374.73,-0.02,41.54,15431.96,-1
2024-05-15,2024-05-15 12:34:00,374.73,374.73,374.67,374.67,-0.02,41.54,15431.96,-1
2024-05-15,2024-05-15 12:35:00,374.67,374.67,374.6,374.6,-0.02,41.54,15431.96,-1
2024-05-15,2024-05-15 12:36:00,374.6,374.6,374.53,374.53,-0.02,41.54,15431.96,-1
2024-05-15,2024-05-15 12:37:00,374.53,374.53,374.47,374.47,-0.02,41.54,15431.96,-1
2024-05-15,2024-05-15 12:38:00,374.47,374.47,374.4,374.4,-0.02,41.54,15431.96,-1
2024-05-15,2024-05-15 12:39:00,374.4,374.4,374.33,374.33,-0.02,41.54,15431.96,-1
2024-05-15,2024-05-15 12:40:00,374.33,374.33,374.27,374.27,-0.02,41.54,15431.96,-1
2024-05-15,2024-05-15 12:41:00,374.27,374.27,374.2,374.2,-0.02,41.54,15431.96,-1
2024-05-15,2024-05-15 12:42:00,374.2,374.2,374.13,374.13,-0.02,41.54,15431.96,-1
2024-05-15,2024-05-15 12:43:00,374.13,374.13,374.07,374.07,-0.02,41.54,15431.96,-1
2024-05-15,2024-05-15 12:44:00,374.07,374.07,374.0,374.0,-0.02,41.54,15431.96,-1
2024-05-15,2024-05-15 12:45:00,374.0,374.0,373.93,373.93,-0.02,41.54,15431.96,-1
2024-05-15,2024-05-15 12:46:00,373.93,373.93,373.87,373.87,-0.02,41.54,15431.96,-1
2024-05-15,2024-05-15 12:47:00,373.87,373.87,373.8,373.8,-0.02,41.54,15431.96,-1
2024-05-15,2024-05-15 12:48:00,373.8,373.8,373.73,373.73,-0.02,41.54,15431.96,-1
2024-05-15,2024-05-15 12:49:00,373.73,373.73,373.67,373.67,-0.02,41.54,15431.96,-1
2024-05-15,2024-05-15 12:50:00,373.67,373.67,373.6,373.6,-0.02,41.54,15431.96,-1
2024-05-15,2024-05-15 12:51:00,373.6,373.6,373.53,373.53,-0.02,41.54,15431.96,-1
2024-05-15,2024-05-15 12:52:00,373.53,373.53,373.47,373.47,-0.02,41.54,15431.96,-1
2024-05-15,2024-05-15 12:53:00,373.47,373.47,373.4,373.4,-0.02,41.54,15431.96,-1
2024-05-15,2024-05-15 12:54:00,373.4,373.4,373.33,373.33,-0.02,41.54,15431.96,-1
2024-05-15,2024-05-15 12:55:00,373.33,373.33,373.27,373.27,-0.02,41.54,15431.96,-1
2024-05-15,2024-05-15 12:56:00,373.27,373.27,373.2,373.2,-0.02,41.54,15431.96,-1
2024-05-15,2024-05-15 12:57:00,373.2,373.2,373.13,373.13,-0.02,41.54,15431.96,-1
2024-05-15,2024-05-15 12:58:00,373.13,373.13,373.07,373.07,-0.02,41.54,15431.96,-1
2024-05-15,2024-05-15 12:59:00,373.07,373.07,373.0,373.0,-0.02,41.54,15431.96,-1
2024-05-15,2024-05-15 13:00:00,373.0,381.5,363.1,372.93,-0.02,41.54,15431.96,-1
2024-05-15,2024-05-15 13:01:00,372.93,372.93,372.87,372.87,-0.02,41.54,15431.96,-1
2024-05-15,2024-05-15 13:02:00,372.87,372.87,372.8,372.8,-0.02,41.54,15431.96,-1
2024-05-15,2024-05-15 13:03:00,372.8,372.8,372.73,372.73,-0.02,41.54,15431.96,-1
2024-05-15,2024-05-15 13:04:00,372.73,372.73,372.67,372.67,-0.02,41.54,15431.96,-1
2024-05-15,2024-05-15 13:05:00,372.67,372.67,372.6,372.6,-0.02,41.54,15431.96,-1
2024-05-15,2024-05-15 13:06:00,372.6,372.6,372.53,372.53,-0.02,41.54,15431.96,-1
2024-05-15,2024-05-15 13:07:00,372.53,372.53,372.47,372.47,-0.02,41.54,15431.96,-1
2024-05-15,2024-05-15 13:08:00,372.47,372.47,372.4,372.4,-0.02,41.54,15431.96,-1
2024-05-15,2024-05-15 13:09:00,372.4,372.4,372.33,372.33,-0.02,41.54,15431.96,-1
2024-05-15,2024-05-15 13:10:00,372.33,372.33,372.27,372.27,-0.02,41.54,15431.96,-1
2024-05-15,2024-05-15 13:11:00,372.27,372.27,372.2,372.2,-0.02,41.54,15431.96,-1
2024-05-15,2024-05-15 13:12:00,372.2,372.2,372.13,372.13,-0.02,41.54,15431.96,-1
2024-05-15,2024-05-15 13:13:00,372.13,372.13,372.07,372.07,-0.02,41.54,15431.96,-1
2024-05-15,2024-05-15 13:14:00,372.07,372.07,372.0,372.0,-0.02,41.54,15431.96,-1
2024-05-15,2024-05-15 13:15:00,372.0,372.0,371.93,371.93,-0.02,41.54,15431.96,-1
2024-05-15,2024-05-15 13:16:00,371.93,371.93,371.87,371.87,-0.02,41.54,15431.96,-1
2024-05-15,2024-05-15 13:17:00,371.87,371.87,371.8,371.8,-0.02,41.54,15431.96,-1
2024-05-15,2024-05-15 13:18:00,371.8,371.8,371.73,371.73,-0.02,41.54,15431.96,-1
2024-05-15,2024-05-15 13:19:00,371.73,371.73,371.67,371.67,-0.02,41.54,15431.96,-1
2024-05-15,2024-05-15 13:20:00,371.67,371.67,371.6,371.6,-0.02,41.54,15431.96,-1
2024-05-15,2024-05-15 13:21:00,371.6,371.6,371.53,371.53,-0.02,41.54,15431.96,-1
2024-05-15,2024-05-15 13:22:00,371.53,371.53,371.47,371.47,-0.02,41.54,15431.96,-1
2024-05-15,2024-05-15 13:23:00,371.47,371.47,371.4,371.4,-0.02,41.54,15431.96,-1
2024-05-15,2024-05-15 13:24:00,371.4,371.4,371.33,371.33,-0.02,41.54,15431.96,-1
2024-05-15,2024-05-15 13:25:00,371.33,371.33,371.27,371.27,-0.02,41.54,15431.96,-1
2024-05-15,2024-05-15 13:26:00,371.27,371.27,371.2,371.2,-0.02,41.54,15431.96,-1
2024-05-15,2024-05-15 13:27:00,371.2,371.2,371.13,371.13,-0.02,41.54,15431.96,-1
2024-05-15,2024-05-15 13:28:00,371.13,371.13,371.07,371.07,-0.02,41.54,15431.96,-1
2024-05-15,2024-05-15 13:29:00,371.07,371.07,371.0,371.0,-0.02,41.54,15431.96,-1
2024-05-15,2024-05-15 13:30:00,371.0,371.0,370.93,370.93,-0.02,41.54,15431.96,-1
2024-05-15,2024-05-15 13:31:00,370.93,370.93,370.87,370.87,-0.02,41.54,15431.96,-1
2024-05-15,2024-05-15 13:32:00,370.87,370.87,370.8,370.8,-0.02,41.54,15431.96,-1
2024-05-15,2024-05-15 13:33:00,370.8,370.8,370.73,370.73,-0.02,41.54,15431.96,-1
2024-05-15,2024-05-15 13:34:00,370.73,370.73,370.67,370.67,-0.02,41.54,15431.96,-1
2024-05-15,2024-05-15 13:35:00,370.67,370.67,370.6,370.6,-0.02,41.54,15431.96,-1
2024-05-15,2024-05-15 13:36:00,370.6,370.6,370.53,370.53,-0.02,41.54,15431.96,-1
2024-05-15,2024-05-15 13:37:00,370.53,370.53,370.47,370.47,-0.02,41.54,15431.96,-1
2024-05-15,2024-05-15 13:38:00,370.47,370.47,370.4,370.4,-0.02,41.54,15431.96,-1
2024-05-15,2024-05-15 13:39:00,370.4,370.4,370.33,370.33,-0.02,41.54,15431.96,-1
2024-05-15,2024-05-15 13:40:00,370.33,370.33,370.27,370.27,-0.02,41.54,15431.96,-1
2024-05-15,2024-05-15 13:41:00,370.27,370.27,370.2,370.2,-0.02,41.54,15431.96,-1
2024-05-15,2024-05-15 13:42:00,370.2,370.2,370.13,370.13,-0.02,41.54,15431.96,-1
2024-05-15,2024-05-15 13:43:00,370.13,370.13,370.07,370.07,-0.02,41.54,15431.96,-1
2024-05-15,2024-05-15 13:44:00,370.07,370.07,370.0,370.0,-0.02,41.54,15431.96,-1
2024-05-15,2024-05-15 13:45:00,370.0,370.0,369.93,369.93,-0.02,41.54,15431.96,-1
2024-05-15,2024-05-15 13:46:00,369.93,369.93,369.87,369.87,-0.02,41.54,15431.96,-1
2024-05-15,2024-05-15 13:47:00,369.87,369.87,369.8,369.8,-0.02,41.54,15431.96,-1
2024-05-15,2024-05-15 13:48:00,369.8,369.8,369.73,369.73,-0.02,41.54,15431.96,-1
2024-05-15,2024-05-15 13:49:00,369.73,369.73,369.67,369.67,-0.02,41.54,15431.96,-1
2024-05-15,2024-05-15 13:50:00,369.67,369.67,369.6,369.6,-0.02,41.54,15431.96,-1
2024-05-15,2024-05-15 13:51:00,369.6,369.6,369.53,369.53,-0.02,41.54,15431.96,-1
2024-05-15,2024-05-15 13:52:00,369.53,369.53,369.47,369.47,-0.02,41.54,15431.96,-1
2024-05-15,2024-05-15 13:53:00,369.47,369.47,369.4,369.4,-0.02,41.54,15431.96,-1
2024-05-15,2024-05-15 13:54:00,369.4,369.4,369.33,369.33,-0.02,41.54,15431.96,-1
2024-05-15,2024-05-15 13:55:00,369.33,369.33,369.27,369.27,-0.02,41.54,15431.96,-1
2024-05-15,2024-05-15 13:56:00,369.27,369.27,369.2,369.2,-0.02,41.54,15431.96,-1
2024-05-15,2024-05-15 13:57:00,369.2,369.2,369.13,369.13,-0.02,41.54,15431.96,-1
2024-05-15,2024-05-15 13:58:00,369.13,369.13,369.07,369.07,-0.02,41.54,15431.96,-1
2024-05-15,2024-05-15 13:59:00,369.07,369.07,369.0,369.0,-0.02,41.54,15431.96,-1
2024-05-15,2024-05-15 14:00:00,369.0,369.0,368.93,368.93,-0.02,41.54,15431.96,-1
2024-05-15,2024-05-15 14:01:00,368.93,368.93,368.87,368.87,-0.02,41.54,15431.96,-1
2024-05-15,2024-05-15 14:02:00,368.87,368.87,368.8,368.8,-0.02,41.54,15431.96,-1
2024-05-15,2024-05-15 14:03:00,368.8,368.8,368.73,368.73,-0.02,41.54,15431.96,-1
2024-05-15,2024-05-15 14:04:00,368.73,368.73,368.67,368.67,-0.02,41.54,15431.96,-1
2024-05-15,2024-05-15 14:05:00,368.67,368.67,368.6,368.6,-0.02,41.54,15431.96,-1
2024-05-15,2024-05-15 14:06:00,368.6,368.6,368.53,368.53,-0.02,41.54,15431.96,-1
2024-05-15,2024-05-15 14:07:00,368.53,368.53,368.47,368.47,-0.02,41.54,15431.96,-1
2024-05-15,2024-05-15 14:08:00,368.47,368.47,368.4,368.4,-0.02,41.54,15431.96,-1
2024-05-15,2024-05-15 14:09:00,368.4,368.4,368.33,368.33,-0.02,41.54,15431.96,-1
2024-05-15,2024-05-15 14:10:00,368.33,368.33,368.27,368.27,-0.02,41.54,15431.96,-1
2024-05-15,2024-05-15 14:11:00,368.27,368.27,368.2,368.2,-0.02,41.54,15431.96,-1
2024-05-15,2024-05-15 14:12:00,368.2,368.2,368.13,368.13,-0.02,41.54,15431.96,-1
2024-05-15,2024-05-15 14:13:00,368.13,368.13,368.07,368.07,-0.02,41.54,15431.96,-1
2024-05-15,2024-05-15 14:14:00,368.07,368.07,368.0,368.0,-0.02,41.54,15431.96,-1
2024-05-15,2024-05-15 14:15:00,368.0,368.0,367.93,367.93,-0.02,41.54,15431.96,-1
2024-05-15,2024-05-15 14:16:00,367.93,367.93,367.87,367.87,-0.02,41.54,15431.96,-1
2024-05-15,2024-05-15 14:17:00,367.87,367.87,367.8,367.8,-0.02,41.54,15431.96,-1
2024-05-15,2024-05-15 14:18:00,367.8,367.8,367.73,367.73,-0.02,41.54,15431.96,-1
2024-05-15,2024-05-15 14:19:00,367.73,367.73,367.67,367.67,-0.02,41.54,15431.96,-1
2024-05-15,2024-05-15 14:20:00,367.67,367.67,367.6,367.6,-0.02,41.54,15431.96,-1
2024-05-15,2024-05-15 14:21:00,367.6,367.6,367.53,367.53,-0.02,41.54,15431.96,-1
2024-05-15,2024-05-15 14:22:00,367.53,367.53,367.47,367.47,-0.02,41.54,15431.96,-1
2024-05-15,2024-05-15 14:23:00,367.47,367.47,367.4,367.4,-0.02,41.54,15431.96,-1
2024-05-15,2024-05-15 14:24:00,367.4,367.4,367.33,367.33,-0.02,41.54,15431.96,-1
2024-05-15,2024-05-15 14:25:00,367.33,367.33,367.27,367.27,-0.02,41.54,15431.96,-1
2024-05-15,2024-05-15 14:26:00,367.27,367.27,367.2,367.2,-0.02,41.54,15431.96,-1
2024-05-15,2024-05-15 14:27:00,367.2,367.2,367.13,367.13,-0.02,41.54,15431.96,-1
2024-05-15,2024-05-15 14:28:00,367.13,367.13,367.07,367.07,-0.02,41.54,15431.96,-1
2024-05-15,2024-05-15 14:29:00,367.07,367.07,367.0,367.0,-0.02,41.54,15431.96,-1
2024-05-15,2024-05-15 14:30:00,367.0,367.0,366.93,366.93,-0.02,41.54,15431.96,-1
2024-05-15,2024-05-15 14:31:00,366.93,366.93,366.87,366.87,-0.02,41.54,15431.96,-1
2024-05-15,2024-05-15 14:32:00,366.87,366.87,366.8,366.8,-0.02,41.54,15431.96,-1
2024-05-15,2024-05-15 14:33:00,366.8,366.8,366.73,366.73,-0.02,41.54,15431.96,-1
2024-05-15,2024-05-15 14:34:00,366.73,366.73,366.67,366.67,-0.02,41.54,15431.96,-1
2024-05-15,2024-05-15 14:35:00,366.67,366.67,366.6,366.6,-0.02,41.54,15431.96,-1
2024-05-15,2024-05-15 14:36:00,366.6,366.6,366.53,366.53,-0.02,41.54,15431.96,-1
2024-05-15,2024-05-15 14:37:00,366.53,366.53,366.47,366.47,-0.02,41.54,15431.96,-1
2024-05-15,2024-05-15 14:38:00,366.47,366.47,366.4,366.4,-0.02,41.54,15431.96,-1
2024-05-15,2024-05-15 14:39:00,366.4,366.4,366.33,366.33,-0.02,41.54,15431.96,-1
2024-05-15,2024-05-15 14:40:00,366.33,366.33,366.27,366.27,-0.02,41.54,15431.96,-1
2024-05-15,2024-05-15 14:41:00,366.27,366.27,366.2,366.2,-0.02,41.54,15431.96,-1
2024-05-15,2024-05-15 14:42:00,366.2,366.2,366.13,366.13,-0.02,41.54,15431.96,-1
2024-05-15,2024-05-15 14:43:00,366.13,366.13,366.07,366.07,-0.02,41.54,15431.96,-1
2024-05-15,2024-05-15 14:44:00,366.07,366.07,366.0,366.0,-0.02,41.54,15431.96,-1
2024-05-15,2024-05-15 14:45:00,366.0,366.0,365.93,365.93,-0.02,41.54,15431.96,-1
2024-05-15,2024-05-15 14:46:00,365.93,365.93,365.87,365.87,-0.02,41.54,15431.96,-1
2024-05-15,2024-05-15 14:47:00,365.87,365.87,365.8,365.8,-0.02,41.54,15431.96,-1
2024-05-15,2024-05-15 14:48:00,365.8,365.8,365.73,365.73,-0.02,41.54,15431.96,-1
2024-05-15,2024-05-15 14:49:00,365.73,365.73,365.67,365.67,-0.02,41.54,15431.96,-1
2024-05-15,2024-05-15 14:50:00,365.67,365.67,365.6,365.6,-0.02,41.54,15431.96,-1
2024-05-15,2024-05-15 14:51:00,365.6,365.6,365.53,365.53,-0.02,41.54,15431.96,-1
2024-05-15,2024-05-15 14:52:00,365.53,365.53,365.47,365.47,-0.02,41.54,15431.96,-1
2024-05-15,2024-05-15 14:53:00,365.47,365.47,365.4,365.4,-0.02,41.54,15431.96,-1
2024-05-15,2024-05-15 14:54:00,365.4,365.4,365.33,365.33,-0.02,41.54,15431.96,-1
2024-05-15,2024-05-15 14:55:00,365.33,365.33,365.27,365.27,-0.02,41.54,15431.96,-1
2024-05-15,2024-05-15 14:56:00,365.27,365.27,365.2,365.2,-0.02,41.54,15431.96,-1
2024-05-15,2024-05-15 14:57:00,365.2,365.2,365.13,365.13,-0.02,41.54,15431.96,-1
2024-05-15,2024-05-15 14:58:00,365.13,365.13,365.07,365.07,-0.02,41.54,15431.96,-1
2024-05-15,2024-05-15 14:59:00,365.07,365.07,365.0,365.0,-0.02,41.54,15431.96,-1
2024-05-15,2024-05-15 15:00:00,365.0,381.5,363.1,365.0,0.0,41.54,15431.96,0
2024-05-16,2024-05-16 11:00:00,360.0,362.4,360.0,360.02,0.01,23.61,8572.12,1
2024-05-16,2024-05-16 11:01:00,360.02,360.03,360.02,360.03,0.0,23.61,8572.12,1
2024-05-16,2024-05-16 11:02:00,360.03,360.05,360.03,360.05,0.01,23.61,8572.12,1
2024-05-16,2024-05-16 11:03:00,360.05,360.07,360.05,360.07,0.01,23.61,8572.12,1
2024-05-16,2024-05-16 11:04:00,360.07,360.08,360.07,360.08,0.0,23.61,8572.12,1
2024-05-16,2024-05-16 11:05:00,360.08,360.1,360.08,360.1,0.01,23.61,8572.12,1
2024-05-16,2024-05-16 11:06:00,360.1,360.12,360.1,360.12,0.01,23.61,8572.12,1
2024-05-16,2024-05-16 11:07:00,360.12,360.13,360.12,360.13,0.0,23.61,8572.12,1
2024-05-16,2024-05-16 11:08:00,360.13,360.15,360.13,360.15,0.01,23.61,8572.12,1
2024-05-16,2024-05-16 11:09:00,360.15,360.17,360.15,360.17,0.01,23.61,8572.12,1
2024-05-16,2024-05-16 11:10:00,360.17,360.18,360.17,360.18,0.0,23.61,8572.12,1
2024-05-16,2024-05-16 11:11:00,360.18,360.2,360.18,360.2,0.01,23.61,8572.12,1
2024-05-16,2024-05-16 11:12:00,360.2,360.22,360.2,360.22,0.01,23.61,8572.12,1
2024-05-16,2024-05-16 11:13:00,360.22,360.23,360.22,360.23,0.0,23.61,8572.12,1
2024-05-16,2024-05-16 11:14:00,360.23,360.25,360.23,360.25,0.01,23.61,8572.12,1
2024-05-16,2024-05-16 11:15:00,360.25,360.27,360.25,360.27,0.01,23.61,8572.12,1
2024-05-16,2024-05-16 11:16:00,360.27,360.28,360.27,360.28,0.0,23.61,8572.12,1
2024-05-16,2024-05-16 11:17:00,360.28,360.3,360.28,360.3,0.01,23.61,8572.12,1
2024-05-16,2024-05-16 11:18:00,360.3,360.32,360.3,360.32,0.01,23.61,8572.12,1
2024-05-16,2024-05-16 11:19:00,360.32,360.33,360.32,360.33,0.0,23.61,8572.12,1
2024-05-16,2024-05-16 11:20:00,360.33,360.35,360.33,360.35,0.01,23.61,8572.12,1
2024-05-16,2024-05-16 11:21:00,360.35,360.37,360.35,360.37,0.01,23.61,8572.12,1
2024-05-16,2024-05-16 11:22:00,360.37,360.38,360.37,360.38,0.0,23.61,8572.12,1
2024-05-16,2024-05-16 11:23:00,360.38,360.4,360.38,360.4,0.01,23.61,8572.12,1
2024-05-16,2024-05-16 11:24:00,360.4,360.42,360.4,360.42,0.01,23.61,8572.12,1
2024-05-16,2024-05-16 11:25:00,360.42,360.43,360.42,360.43,0.0,23.61,8572.12,1
2024-05-16,2024-05-16 11:26:00,360.43,360.45,360.43,360.45,0.01,23.61,8572.12,1
2024-05-16,2024-05-16 11:27:00,360.45,360.47,360.45,360.47,0.01,23.61,8572.12,1
2024-05-16,2024-05-16 11:28:00,360.47,360.48,360.47,360.48,0.0,23.61,8572.12,1
2024-05-16,2024-05-16 11:29:00,360.48,360.5,360.48,360.5,0.01,23.61,8572.12,1
2024-05-16,2024-05-16 11:30:00,360.5,360.52,360.5,360.52,0.01,23.61,8572.12,1
2024-05-16,2024-05-16 11:31:00,360.52,360.53,360.52,360.53,0.0,23.61,8572.12,1
2024-05-16,2024-05-16 11:32:00,360.53,360.55,360.53,360.55,0.01,23.61,8572.12,1
2024-05-16,2024-05-16 11:33:00,360.55,360.57,360.55,360.57,0.01,23.61,8572.12,1
2024-05-16,2024-05-16 11:34:00,360.57,360.58,360.57,360.58,0.0,23.61,8572.12,1
2024-05-16,2024-05-16 11:35:00,360.58,360.6,360.58,360.6,0.01,23.61,8572.12,1
2024-05-16,2024-05-16 11:36:00,360.6,360.62,360.6,360.62,0.01,23.61,8572.12,1
2024-05-16,2024-05-16 11:37:00,360.62,360.63,360.62,360.63,0.0,23.61,8572.12,1
2024-05-16,2024-05-16 11:38:00,360.63,360.65,360.63,360.65,0.01,23.61,8572.12,1
2024-05-16,2024-05-16 11:39:00,360.65,360.67,360.65,360.67,0.01,23.61,8572.12,1
2024-05-16,2024-05-16 11:40:00,360.67,360.68,360.67,360.68,0.0,23.61,8572.12,1
2024-05-16,2024-05-16 11:41:00,360.68,360.7,360.68,360.7,0.01,23.61,8572.12,1
2024-05-16,2024-05-16 11:42:00,360.7,360.72,360.7,360.72,0.01,23.61,8572.12,1
2024-05-16,2024-05-16 11:43:00,360.72,360.73,360.72,360.73,0.0,23.61,8572.12,1
2024-05-16,2024-05-16 11:44:00,360.73,360.75,360.73,360.75,0.01,23.61,8572.12,1
2024-05-16,2024-05-16 11:45:00,360.75,360.77,360.75,360.77,0.01,23.61,8572.12,1
2024-05-16,2024-05-16 11:46:00,360.77,360.78,360.77,360.78,0.0,23.61,8572.12,1
2024-05-16,2024-05-16 11:47:00,360.78,360.8,360.78,360.8,0.01,23.61,8572.12,1
2024-05-16,2024-05-16 11:48:00,360.8,360.82,360.8,360.82,0.01,23.61,8572.12,1
2024-05-16,2024-05-16 11:49:00,360.82,360.83,360.82,360.83,0.0,23.61,8572.12,1
2024-05-16,2024-05-16 11:50:00,360.83,360.85,360.83,360.85,0.01,23.61,8572.12,1
2024-05-16,2024-05-16 11:51:00,360.85,360.87,360.85,360.87,0.01,23.61,8572.12,1
2024-05-16,2024-05-16 11:52:00,360.87,360.88,360.87,360.88,0.0,23.61,8572.12,1
2024-05-16,2024-05-16 11:53:00,360.88,360.9,360.88,360.9,0.01,23.61,8572.12,1
2024-05-16,2024-05-16 11:54:00,360.9,360.92,360.9,360.92,0.01,23.61,8572.12,1
2024-05-16,2024-05-16 11:55:00,360.92,360.93,360.92,360.93,0.0,23.61,8572.12,1
2024-05-16,2024-05-16 11:56:00,360.93,360.95,360.93,360.95,0.01,23.61,8572.12,1
2024-05-16,2024-05-16 11:57:00,360.95,360.97,360.95,360.97,0.01,23.61,8572.12,1
2024-05-16,2024-05-16 11:58:00,360.97,360.98,360.97,360.98,0.0,23.61,8572.12,1
2024-05-16,2024-05-16 11:59:00,360.98,361.0,360.98,361.0,0.01,23.61,8572.12,1
2024-05-16,2024-05-16 12:00:00,361.0,361.02,361.0,361.02,0.01,23.61,8572.12,1
2024-05-16,2024-05-16 12:01:00,361.02,361.03,361.02,361.03,0.0,23.61,8572.12,1
2024-05-16,2024-05-16 12:02:00,361.03,361.05,361.03,361.05,0.01,23.61,8572.12,1
2024-05-16,2024-05-16 12:03:00,361.05,361.07,361.05,361.07,0.01,23.61,8572.12,1
2024-05-16,2024-05-16 12:04:00,361.07,361.08,361.07,361.08,0.0,23.61,8572.12,1
2024-05-16,2024-05-16 12:05:00,361.08,361.1,361.08,361.1,0.01,23.61,8572.12,1
2024-05-16,2024-05-16 12:06:00,361.1,361.12,361.1,361.12,0.01,23.61,8572.12,1
2024-05-16,2024-05-16 12:07:00,361.12,361.13,361.12,361.13,0.0,23.61,8572.12,1
2024-05-16,2024-05-16 12:08:00,361.13,361.15,361.13,361.15,0.01,23.61,8572.12,1
2024-05-16,2024-05-16 12:09:00,361.15,361.17,361.15,361.17,0.01,23.61,8572.12,1
2024-05-16,2024-05-16 12:10:00,361.17,361.18,361.17,361.18,0.0,23.61,8572.12,1
2024-05-16,2024-05-16 12:11:00,361.18,361.2,361.18,361.2,0.01,23.61,8572.12,1
2024-05-16,2024-05-16 12:12:00,361.2,361.22,361.2,361.22,0.01,23.61,8572.12,1
2024-05-16,2024-05-16 12:13:00,361.22,361.23,361.22,361.23,0.0,23.61,8572.12,1
2024-05-16,2024-05-16 12:14:00,361.23,361.25,361.23,361.25,0.01,23.61,8572.12,1
2024-05-16,2024-05-16 12:15:00,361.25,361.27,361.25,361.27,0.01,23.61,8572.12,1
2024-05-16,2024-05-16 12:16:00,361.27,361.28,361.27,361.28,0.0,23.61,8572.12,1
2024-05-16,2024-05-16 12:17:00,361.28,361.3,361.28,361.3,0.01,23.61,8572.12,1
2024-05-16,2024-05-16 12:18:00,361.3,361.32,361.3,361.32,0.01,23.61,8572.12,1
2024-05-16,2024-05-16 12:19:00,361.32,361.33,361.32,361.33,0.0,23.61,8572.12,1
2024-05-16,2024-05-16 12:20:00,361.33,361.35,361.33,361.35,0.01,23.61,8572.12,1
2024-05-16,2024-05-16 12:21:00,361.35,361.37,361.35,361.37,0.01,23.61,8572.12,1
2024-05-16,2024-05-16 12:22:00,361.37,361.38,361.37,361.38,0.0,23.61,8572.12,1
2024-05-16,2024-05-16 12:23:00,361.38,361.4,361.38,361.4,0.01,23.61,8572.12,1
2024-05-16,2024-05-16 12:24:00,361.4,361.42,361.4,361.42,0.01,23.61,8572.12,1
2024-05-16,2024-05-16 12:25:00,361.42,361.43,361.42,361.43,0.0,23.61,8572.12,1
2024-05-16,2024-05-16 12:26:00,361.43,361.45,361.43,361.45,0.01,23.61,8572.12,1
2024-05-16,2024-05-16 12:27:00,361.45,361.47,361.45,361.47,0.01,23.61,8572.12,1
2024-05-16,2024-05-16 12:28:00,361.47,361.48,361.47,361.48,0.0,23.61,8572.12,1
2024-05-16,2024-05-16 12:29:00,361.48,361.5,361.48,361.5,0.01,23.61,8572.12,1
2024-05-16,2024-05-16 12:30:00,361.5,361.52,361.5,361.52,0.01,23.61,8572.12,1
2024-05-16,2024-05-16 12:31:00,361.52,361.53,361.52,361.53,0.0,23.61,8572.12,1
2024-05-16,2024-05-16 12:32:00,361.53,361.55,361.53,361.55,0.01,23.61,8572.12,1
2024-05-16,2024-05-16 12:33:00,361.55,361.57,361.55,361.57,0.01,23.61,8572.12,1
2024-05-16,2024-05-16 12:34:00,361.57,361.58,361.57,361.58,0.0,23.61,8572.12,1
2024-05-16,2024-05-16 12:35:00,361.58,361.6,361.58,361.6,0.01,23.61,8572.12,1
2024-05-16,2024-05-16 12:36:00,361.6,361.62,361.6,361.62,0.01,23.61,8572.12,1
2024-05-16,2024-05-16 12:37:00,361.62,361.63,361.62,361.63,0.0,23.61,8572.12,1
2024-05-16,2024-05-16 12:38:00,361.63,361.65,361.63,361.65,0.01,23.61,8572.12,1
2024-05-16,2024-05-16 12:39:00,361.65,361.67,361.65,361.67,0.01,23.61,8572.12,1
2024-05-16,2024-05-16 12:40:00,361.67,361.68,361.67,361.68,0.0,23.61,8572.12,1
2024-05-16,2024-05-16 12:41:00,361.68,361.7,361.68,361.7,0.01,23.61,8572.12,1
2024-05-16,2024-05-16 12:42:00,361.7,361.72,361.7,361.72,0.01,23.61,8572.12,1
2024-05-16,2024-05-16 12:43:00,361.72,361.73,361.72,361.73,0.0,23.61,8572.12,1
2024-05-16,2024-05-16 12:44:00,361.73,361.75,361.73,361.75,0.01,23.61,8572.12,1
2024-05-16,2024-05-16 12:45:00,361.75,361.77,361.75,361.77,0.01,23.61,8572.12,1
2024-05-16,2024-05-16 12:46:00,361.77,361.78,361.77,361.78,0.0,23.61,8572.12,1
2024-05-16,2024-05-16 12:47:00,361.78,361.8,361.78,361.8,0.01,23.61,8572.12,1
2024-05-16,2024-05-16 12:48:00,361.8,361.82,361.8,361.82,0.01,23.61,8572.12,1
2024-05-16,2024-05-16 12:49:00,361.82,361.83,361.82,361.83,0.0,23.61,8572.12,1
2024-05-16,2024-05-16 12:50:00,361.83,361.85,361.83,361.85,0.01,23.61,8572.12,1
2024-05-16,2024-05-16 12:51:00,361.85,361.87,361.85,361.87,0.01,23.61,8572.12,1
2024-05-16,2024-05-16 12:52:00,361.87,361.88,361.87,361.88,0.0,23.61,8572.12,1
2024-05-16,2024-05-16 12:53:00,361.88,361.9,361.88,361.9,0.01,23.61,8572.12,1
2024-05-16,2024-05-16 12:54:00,361.9,361.92,361.9,361.92,0.01,23.61,8572.12,1
2024-05-16,2024-05-16 12:55:00,361.92,361.93,361.92,361.93,0.0,23.61,8572.12,1
2024-05-16,2024-05-16 12:56:00,361.93,361.95,361.93,361.95,0.01,23.61,8572.12,1
2024-05-16,2024-05-16 12:57:00,361.95,361.97,361.95,361.97,0.01,23.61,8572.12,1
2024-05-16,2024-05-16 12:58:00,361.97,361.98,361.97,361.98,0.0,23.61,8572.12,1
2024-05-16,2024-05-16 12:59:00,361.98,362.0,361.98,362.0,0.01,23.61,8572.12,1
2024-05-16,2024-05-16 13:00:00,362.0,368.0,360.0,362.02,0.01,23.61,8572.12,1
2024-05-16,2024-05-16 13:01:00,362.02,362.03,362.02,362.03,0.0,23.61,8572.12,1
2024-05-16,2024-05-16 13:02:00,362.03,362.05,362.03,362.05,0.01,23.61,8572.12,1
2024-05-16,2024-05-16 13:03:00,362.05,362.07,362.05,362.07,0.01,23.61,8572.12,1
2024-05-16,2024-05-16 13:04:00,362.07,362.08,362.07,362.08,0.0,23.61,8572.12,1
2024-05-16,2024-05-16 13:05:00,362.08,362.1,362.08,362.1,0.01,23.61,8572.12,1
2024-05-16,2024-05-16 13:06:00,362.1,362.12,362.1,362.12,0.01,23.61,8572.12,1
2024-05-16,2024-05-16 13:07:00,362.12,362.13,362.12,362.13,0.0,23.61,8572.12,1
2024-05-16,2024-05-16 13:08:00,362.13,362.15,362.13,362.15,0.01,23.61,8572.12,1
2024-05-16,2024-05-16 13:09:00,362.15,362.17,362.15,362.17,0.01,23.61,8572.12,1
2024-05-16,2024-05-16 13:10:00,362.17,362.18,362.17,362.18,0.0,23.61,8572.12,1
2024-05-16,2024-05-16 13:11:00,362.18,362.2,362.18,362.2,0.01,23.61,8572.12,1
2024-05-16,2024-05-16 13:12:00,362.2,362.22,362.2,362.22,0.01,23.61,8572.12,1
2024-05-16,2024-05-16 13:13:00,362.22,362.23,362.22,362.23,0.0,23.61,8572.12,1
2024-05-16,2024-05-16 13:14:00,362.23,362.25,362.23,362.25,0.01,23.61,8572.12,1
2024-05-16,2024-05-16 13:15:00,362.25,362.27,362.25,362.27,0.01,23.61,8572.12,1
2024-05-16,2024-05-16 13:16:00,362.27,362.28,362.27,362.28,0.0,23.61,8572.12,1
2024-05-16,2024-05-16 13:17:00,362.28,362.3,362.28,362.3,0.01,23.61,8572.12,1
2024-05-16,2024-05-16 13:18:00,362.3,362.32,362.3,362.32,0.01,23.61,8572.12,1
2024-05-16,2024-05-16 13:19:00,362.32,362.33,362.32,362.33,0.0,23.61,8572.12,1
2024-05-16,2024-05-16 13:20:00,362.33,362.35,362.33,362.35,0.01,23.61,8572.12,1
2024-05-16,2024-05-16 13:21:00,362.35,362.37,362.35,362.37,0.01,23.61,8572.12,1
2024-05-16,2024-05-16 13:22:00,362.37,362.38,362.37,362.38,0.0,23.61,8572.12,1
2024-05-16,2024-05-16 13:23:00,362.38,362.4,362.38,362.4,0.01,23.61,8572.12,1
2024-05-16,2024-05-16 13:24:00,362.4,362.42,362.4,362.42,0.01,23.61,8572.12,1
2024-05-16,2024-05-16 13:25:00,362.42,362.43,362.42,362.43,0.0,23.61,8572.12,1
2024-05-16,2024-05-16 13:26:00,362.43,362.45,362.43,362.45,0.01,23.61,8572.12,1
2024-05-16,2024-05-16 13:27:00,362.45,362.47,362.45,362.47,0.01,23.61,8572.12,1
2024-05-16,2024-05-16 13:28:00,362.47,362.48,362.47,362.48,0.0,23.61,8572.12,1
2024-05-16,2024-05-16 13:29:00,362.48,362.5,362.48,362.5,0.01,23.61,8572.12,1
2024-05-16,2024-05-16 13:30:00,362.5,362.52,362.5,362.52,0.01,23.61,8572.12,1
2024-05-16,2024-05-16 13:31:00,362.52,362.53,362.52,362.53,0.0,23.61,8572.12,1
2024-05-16,2024-05-16 13:32:00,362.53,362.55,362.53,362.55,0.01,23.61,8572.12,1
2024-05-16,2024-05-16 13:33:00,362.55,362.57,362.55,362.57,0.01,23.61,8572.12,1
2024-05-16,2024-05-16 13:34:00,362.57,362.58,362.57,362.58,0.0,23.61,8572.12,1
2024-05-16,2024-05-16 13:35:00,362.58,362.6,362.58,362.6,0.01,23.61,8572.12,1
2024-05-16,2024-05-16 13:36:00,362.6,362.62,362.6,362.62,0.01,23.61,8572.12,1
2024-05-16,2024-05-16 13:37:00,362.62,362.63,362.62,362.63,0.0,23.61,8572.12,1
2024-05-16,2024-05-16 13:38:00,362.63,362.65,362.63,362.65,0.01,23.61,8572.12,1
2024-05-16,2024-05-16 13:39:00,362.65,362.67,362.65,362.67,0.01,23.61,8572.12,1
2024-05-16,2024-05-16 13:40:00,362.67,362.68,362.67,362.68,0.0,23.61,8572.12,1
2024-05-16,2024-05-16 13:41:00,362.68,362.7,362.68,362.7,0.01,23.61,8572.12,1
2024-05-16,2024-05-16 13:42:00,362.7,362.72,362.7,362.72,0.01,23.61,8572.12,1
2024-05-16,2024-05-16 13:43:00,362.72,362.73,362.72,362.73,0.0,23.61,8572.12,1
2024-05-16,2024-05-16 13:44:00,362.73,362.75,362.73,362.75,0.01,23.61,8572.12,1
2024-05-16,2024-05-16 13:45:00,362.75,362.77,362.75,362.77,0.01,23.61,8572.12,1
2024-05-16,2024-05-16 13:46:00,362.77,362.78,362.77,362.78,0.0,23.61,8572.12,1
2024-05-16,2024-05-16 13:47:00,362.78,362.8,362.78,362.8,0.01,23.61,8572.12,1
2024-05-16,2024-05-16 13:48:00,362.8,362.82,362.8,362.82,0.01,23.61,8572.12,1
2024-05-16,2024-05-16 13:49:00,362.82,362.83,362.82,362.83,0.0,23.61,8572.12,1
2024-05-16,2024-05-16 13:50:00,362.83,362.85,362.83,362.85,0.01,23.61,8572.12,1
2024-05-16,2024-05-16 13:51:00,362.85,362.87,362.85,362.87,0.01,23.61,8572.12,1
2024-05-16,2024-05-16 13:52:00,362.87,362.88,362.87,362.88,0.0,23.61,8572.12,1
2024-05-16,2024-05-16 13:53:00,362.88,362.9,362.88,362.9,0.01,23.61,8572.12,1
2024-05-16,2024-05-16 13:54:00,362.9,362.92,362.9,362.92,0.01,23.61,8572.12,1
2024-05-16,2024-05-16 13:55:00,362.92,362.93,362.92,362.93,0.0,23.61,8572.12,1
2024-05-16,2024-05-16 13:56:00,362.93,362.95,362.93,362.95,0.01,23.61,8572.12,1
2024-05-16,2024-05-16 13:57:00,362.95,362.97,362.95,362.97,0.01,23.61,8572.12,1
2024-05-16,2024-05-16 13:58:00,362.97,362.98,362.97,362.98,0.0,23.61,8572.12,1
2024-05-16,2024-05-16 13:59:00,362.98,363.0,362.98,363.0,0.01,23.61,8572.12,1
2024-05-16,2024-05-16 14:00:00,363.0,363.02,363.0,363.02,0.01,23.61,8572.12,1
2024-05-16,2024-05-16 14:01:00,363.02,363.03,363.02,363.03,0.0,23.61,8572.12,1
2024-05-16,2024-05-16 14:02:00,363.03,363.05,363.03,363.05,0.01,23.61,8572.12,1
2024-05-16,2024-05-16 14:03:00,363.05,363.07,363.05,363.07,0.01,23.61,8572.12,1
2024-05-16,2024-05-16 14:04:00,363.07,363.08,363.07,363.08,0.0,23.61,8572.12,1
2024-05-16,2024-05-16 14:05:00,363.08,363.1,363.08,363.1,0.01,23.61,8572.12,1
2024-05-16,2024-05-16 14:06:00,363.1,363.12,363.1,363.12,0.01,23.61,8572.12,1
2024-05-16,2024-05-16 14:07:00,363.12,363.13,363.12,363.13,0.0,23.61,8572.12,1
2024-05-16,2024-05-16 14:08:00,363.13,363.15,363.13,363.15,0.01,23.61,8572.12,1
2024-05-16,2024-05-16 14:09:00,363.15,363.17,363.15,363.17,0.01,23.61,8572.12,1
2024-05-16,2024-05-16 14:10:00,363.17,363.18,363.17,363.18,0.0,23.61,8572.12,1
2024-05-16,2024-05-16 14:11:00,363.18,363.2,363.18,363.2,0.01,23.61,8572.12,1
2024-05-16,2024-05-16 14:12:00,363.2,363.22,363.2,363.22,0.01,23.61,8572.12,1
2024-05-16,2024-05-16 14:13:00,363.22,363.23,363.22,363.23,0.0,23.61,8572.12,1
2024-05-16,2024-05-16 14:14:00,363.23,363.25,363.23,363.25,0.01,23.61,8572.12,1
2024-05-16,2024-05-16 14:15:00,363.25,363.27,363.25,363.27,0.01,23.61,8572.12,1
2024-05-16,2024-05-16 14:16:00,363.27,363.28,363.27,363.28,0.0,23.61,8572.12,1
2024-05-16,2024-05-16 14:17:00,363.28,363.3,363.28,363.3,0.01,23.61,8572.12,1
2024-05-16,2024-05-16 14:18:00,363.3,363.32,363.3,363.32,0.01,23.61,8572.12,1
2024-05-16,2024-05-16 14:19:00,363.32,363.33,363.32,363.33,0.0,23.61,8572.12,1
2024-05-16,2024-05-16 14:20:00,363.33,363.35,363.33,363.35,0.01,23.61,8572.12,1
2024-05-16,2024-05-16 14:21:00,363.35,363.37,363.35,363.37,0.01,23.61,8572.12,1
2024-05-16,2024-05-16 14:22:00,363.37,363.38,363.37,363.38,0.0,23.61,8572.12,1
2024-05-16,2024-05-16 14:23:00,363.38,363.4,363.38,363.4,0.01,23.61,8572.12,1
2024-05-16,2024-05-16 14:24:00,363.4,363.42,363.4,363.42,0.01,23.61,8572.12,1
2024-05-16,2024-05-16 14:25:00,363.42,363.43,363.42,363.43,0.0,23.61,8572.12,1
2024-05-16,2024-05-16 14:26:00,363.43,363.45,363.43,363.45,0.01,23.61,8572.12,1
2024-05-16,2024-05-16 14:27:00,363.45,363.47,363.45,363.47,0.01,23.61,8572.12,1
2024-05-16,2024-05-16 14:28:00,363.47,363.48,363.47,363.48,0.0,23.61,8572.12,1
2024-05-16,2024-05-16 14:29:00,363.48,363.5,363.48,363.5,0.01,23.61,8572.12,1
2024-05-16,2024-05-16 14:30:00,363.5,363.52,363.5,363.52,0.01,23.61,8572.12,1
2024-05-16,2024-05-16 14:31:00,363.52,363.53,363.52,363.53,0.0,23.61,8572.12,1
2024-05-16,2024-05-16 14:32:00,363.53,363.55,363.53,363.55,0.01,23.61,8572.12,1
2024-05-16,2024-05-16 14:33:00,363.55,363.57,363.55,363.57,0.01,23.61,8572.12,1
2024-05-16,2024-05-16 14:34:00,363.57,363.58,363.57,363.58,0.0,23.61,8572.12,1
2024-05-16,2024-05-16 14:35:00,363.58,363.6,363.58,363.6,0.01,23.61,8572.12,1
2024-05-16,2024-05-16 14:36:00,363.6,363.62,363.6,363.62,0.01,23.61,8572.12,1
2024-05-16,2024-05-16 14:37:00,363.62,363.63,363.62,363.63,0.0,23.61,8572.12,1
2024-05-16,2024-05-16 14:38:00,363.63,363.65,363.63,363.65,0.01,23.61,8572.12,1
2024-05-16,2024-05-16 14:39:00,363.65,363.67,363.65,363.67,0.01,23.61,8572.12,1
2024-05-16,2024-05-16 14:40:00,363.67,363.68,363.67,363.68,0.0,23.61,8572.12,1
2024-05-16,2024-05-16 14:41:00,363.68,363.7,363.68,363.7,0.01,23.61,8572.12,1
2024-05-16,2024-05-16 14:42:00,363.7,363.72,363.7,363.72,0.01,23.61,8572.12,1
2024-05-16,2024-05-16 14:43:00,363.72,363.73,363.72,363.73,0.0,23.61,8572.12,1
2024-05-16,2024-05-16 14:44:00,363.73,363.75,363.73,363.75,0.01,23.61,8572.12,1
2024-05-16,2024-05-16 14:45:00,363.75,363.77,363.75,363.77,0.01,23.61,8572.12,1
2024-05-16,2024-05-16 14:46:00,363.77,363.78,363.77,363.78,0.0,23.61,8572.12,1
2024-05-16,2024-05-16 14:47:00,363.78,363.8,363.78,363.8,0.01,23.61,8572.12,1
2024-05-16,2024-05-16 14:48:00,363.8,363.82,363.8,363.82,0.01,23.61,8572.12,1
2024-05-16,2024-05-16 14:49:00,363.82,363.83,363.82,363.83,0.0,23.61,8572.12,1
2024-05-16,2024-05-16 14:50:00,363.83,363.85,363.83,363.85,0.01,23.61,8572.12,1
2024-05-16,2024-05-16 14:51:00,363.85,363.87,363.85,363.87,0.01,23.61,8572.12,1
2024-05-16,2024-05-16 14:52:00,363.87,363.88,363.87,363.88,0.0,23.61,8572.12,1
2024-05-16,2024-05-16 14:53:00,363.88,363.9,363.88,363.9,0.01,23.61,8572.12,1
2024-05-16,2024-05-16 14:54:00,363.9,363.92,363.9,363.92,0.01,23.61,8572.12,1
2024-05-16,2024-05-16 14:55:00,363.92,363.93,363.92,363.93,0.0,23.61,8572.12,1
2024-05-16,2024-05-16 14:56:00,363.93,363.95,363.93,363.95,0.01,23.61,8572.12,1
2024-05-16,2024-05-16 14:57:00,363.95,363.97,363.95,363.97,0.01,23.61,8572.12,1
2024-05-16,2024-05-16 14:58:00,363.97,363.98,363.97,363.98,0.0,23.61,8572.12,1
2024-05-16,2024-05-16 14:59:00,363.98,364.0,363.98,364.0,0.01,23.61,8572.12,1
2024-05-16,2024-05-16 15:00:00,364.0,368.0,360.0,364.0,0.0,23.61,8572.12,0
2024-05-19,2024-05-19 11:00:00,358.0,361.69,358.0,358.02,0.01,51.94,18926.55,1
2024-05-19,2024-05-19 11:01:00,358.02,358.05,358.02,358.05,0.01,51.94,18926.55,1
2024-05-19,2024-05-19 11:02:00,358.05,358.07,358.05,358.07,0.01,51.94,18926.55,1
2024-05-19,2024-05-19 11:03:00,358.07,358.1,358.07,358.1,0.01,51.94,18926.55,1
2024-05-19,2024-05-19 11:04:00,358.1,358.12,358.1,358.12,0.01,51.94,18926.55,1
2024-05-19,2024-05-19 11:05:00,358.12,358.15,358.12,358.15,0.01,51.94,18926.55,1
2024-05-19,2024-05-19 11:06:00,358.15,358.18,358.15,358.18,0.01,51.94,18926.55,1
2024-05-19,2024-05-19 11:07:00,358.18,358.2,358.18,358.2,0.01,51.94,18926.55,1
2024-05-19,2024-05-19 11:08:00,358.2,358.23,358.2,358.23,0.01,51.94,18926.55,1
2024-05-19,2024-05-19 11:09:00,358.23,358.25,358.23,358.25,0.01,51.94,18926.55,1
2024-05-19,2024-05-19 11:10:00,358.25,358.27,358.25,358.27,0.01,51.94,18926.55,1
2024-05-19,2024-05-19 11:11:00,358.27,358.3,358.27,358.3,0.01,51.94,18926.55,1
2024-05-19,2024-05-19 11:12:00,358.3,358.32,358.3,358.32,0.01,51.94,18926.55,1
2024-05-19,2024-05-19 11:13:00,358.32,358.35,358.32,358.35,0.01,51.94,18926.55,1
2024-05-19,2024-05-19 11:14:00,358.35,358.38,358.35,358.38,0.01,51.94,18926.55,1
2024-05-19,2024-05-19 11:15:00,358.38,358.4,358.38,358.4,0.01,51.94,18926.55,1
2024-05-19,2024-05-19 11:16:00,358.4,358.43,358.4,358.43,0.01,51.94,18926.55,1
2024-05-19,2024-05-19 11:17:00,358.43,358.45,358.43,358.45,0.01,51.94,18926.55,1
2024-05-19,2024-05-19 11:18:00,358.45,358.48,358.45,358.48,0.01,51.94,18926.55,1
2024-05-19,2024-05-19 11:19:00,358.48,358.5,358.48,358.5,0.01,51.94,18926.55,1
2024-05-19,2024-05-19 11:20:00,358.5,358.52,358.5,358.52,0.01,51.94,18926.55,1
2024-05-19,2024-05-19 11:21:00,358.52,358.55,358.52,358.55,0.01,51.94,18926.55,1
2024-05-19,2024-05-19 11:22:00,358.55,358.57,358.55,358.57,0.01,51.94,18926.55,1
2024-05-19,2024-05-19 11:23:00,358.57,358.6,358.57,358.6,0.01,51.94,18926.55,1
2024-05-19,2024-05-19 11:24:00,358.6,358.62,358.6,358.62,0.01,51.94,18926.55,1
2024-05-19,2024-05-19 11:25:00,358.62,358.65,358.62,358.65,0.01,51.94,18926.55,1
2024-05-19,2024-05-19 11:26:00,358.65,358.68,358.65,358.68,0.01,51.94,18926.55,1
2024-05-19,2024-05-19 11:27:00,358.68,358.7,358.68,358.7,0.01,51.94,18926.55,1
2024-05-19,2024-05-19 11:28:00,358.7,358.73,358.7,358.73,0.01,51.94,18926.55,1
2024-05-19,2024-05-19 11:29:00,358.73,358.75,358.73,358.75,0.01,51.94,18926.55,1
2024-05-19,2024-05-19 11:30:00,358.75,358.77,358.75,358.77,0.01,51.94,18926.55,1
2024-05-19,2024-05-19 11:31:00,358.77,358.8,358.77,358.8,0.01,51.94,18926.55,1
2024-05-19,2024-05-19 11:32:00,358.8,358.82,358.8,358.82,0.01,51.94,18926.55,1
2024-05-19,2024-05-19 11:33:00,358.82,358.85,358.82,358.85,0.01,51.94,18926.55,1
2024-05-19,2024-05-19 11:34:00,358.85,358.88,358.85,358.88,0.01,51.94,18926.55,1
2024-05-19,2024-05-19 11:35:00,358.88,358.9,358.88,358.9,0.01,51.94,18926.55,1
2024-05-19,2024-05-19 11:36:00,358.9,358.93,358.9,358.93,0.01,51.94,18926.55,1
2024-05-19,2024-05-19 11:37:00,358.93,358.95,358.93,358.95,0.01,51.94,18926.55,1
2024-05-19,2024-05-19 11:38:00,358.95,358.98,358.95,358.98,0.01,51.94,18926.55,1
2024-05-19,2024-05-19 11:39:00,358.98,359.0,358.98,359.0,0.01,51.94,18926.55,1
2024-05-19,2024-05-19 11:40:00,359.0,359.02,359.0,359.02,0.01,51.94,18926.55,1
2024-05-19,2024-05-19 11:41:00,359.02,359.05,359.02,359.05,0.01,51.94,18926.55,1
2024-05-19,2024-05-19 11:42:00,359.05,359.07,359.05,359.07,0.01,51.94,18926.55,1
2024-05-19,2024-05-19 11:43:00,359.07,359.1,359.07,359.1,0.01,51.94,18926.55,1
2024-05-19,2024-05-19 11:44:00,359.1,359.12,359.1,359.12,0.01,51.94,18926.55,1
2024-05-19,2024-05-19 11:45:00,359.12,359.15,359.12,359.15,0.01,51.94,18926.55,1
2024-05-19,2024-05-19 11:46:00,359.15,359.18,359.15,359.18,0.01,51.94,18926.55,1
2024-05-19,2024-05-19 11:47:00,359.18,359.2,359.18,359.2,0.01,51.94,18926.55,1
2024-05-19,2024-05-19 11:48:00,359.2,359.23,359.2,359.23,0.01,51.94,18926.55,1
2024-05-19,2024-05-19 11:49:00,359.23,359.25,359.23,359.25,0.01,51.94,18926.55,1
2024-05-19,2024-05-19 11:50:00,359.25,359.27,359.25,359.27,0.01,51.94,18926.55,1
2024-05-19,2024-05-19 11:51:00,359.27,359.3,359.27,359.3,0.01,51.94,18926.55,1
2024-05-19,2024-05-19 11:52:00,359.3,359.32,359.3,359.32,0.01,51.94,18926.55,1
2024-05-19,2024-05-19 11:53:00,359.32,359.35,359.32,359.35,0.01,51.94,18926.55,1
2024-05-19,2024-05-19 11:54:00,359.35,359.38,359.35,359.38,0.01,51.94,18926.55,1
2024-05-19,2024-05-19 11:55:00,359.38,359.4,359.38,359.4,0.01,51.94,18926.55,1
2024-05-19,2024-05-19 11:56:00,359.4,359.43,359.4,359.43,0.01,51.94,18926.55,1
2024-05-19,2024-05-19 11:57:00,359.43,359.45,359.43,359.45,0.01,51.94,18926.55,1
2024-05-19,2024-05-19 11:58:00,359.45,359.48,359.45,359.48,0.01,51.94,18926.55,1
2024-05-19,2024-05-19 11:59:00,359.48,359.5,359.48,359.5,0.01,51.94,18926.55,1
2024-05-19,2024-05-19 12:00:00,359.5,359.52,359.5,359.52,0.01,51.94,18926.55,1
2024-05-19,2024-05-19 12:01:00,359.52,359.55,359.52,359.55,0.01,51.94,18926.55,1
2024-05-19,2024-05-19 12:02:00,359.55,359.57,359.55,359.57,0.01,51.94,18926.55,1
2024-05-19,2024-05-19 12:03:00,359.57,359.6,359.57,359.6,0.01,51.94,18926.55,1
2024-05-19,2024-05-19 12:04:00,359.6,359.62,359.6,359.62,0.01,51.94,18926.55,1
2024-05-19,2024-05-19 12:05:00,359.62,359.65,359.62,359.65,0.01,51.94,18926.55,1
2024-05-19,2024-05-19 12:06:00,359.65,359.68,359.65,359.68,0.01,51.94,18926.55,1
2024-05-19,2024-05-19 12:07:00,359.68,359.7,359.68,359.7,0.01,51.94,18926.55,1
2024-05-19,2024-05-19 12:08:00,359.7,359.73,359.7,359.73,0.01,51.94,18926.55,1
2024-05-19,2024-05-19 12:09:00,359.73,359.75,359.73,359.75,0.01,51.94,18926.55,1
2024-05-19,2024-05-19 12:10:00,359.75,359.77,359.75,359.77,0.01,51.94,18926.55,1
2024-05-19,2024-05-19 12:11:00,359.77,359.8,359.77,359.8,0.01,51.94,18926.55,1
2024-05-19,2024-05-19 12:12:00,359.8,359.82,359.8,359.82,0.01,51.94,18926.55,1
2024-05-19,2024-05-19 12:13:00,359.82,359.85,359.82,359.85,0.01,51.94,18926.55,1
2024-05-19,2024-05-19 12:14:00,359.85,359.88,359.85,359.88,0.01,51.94,18926.55,1
2024-05-19,2024-05-19 12:15:00,359.88,359.9,359.88,359.9,0.01,51.94,18926.55,1
2024-05-19,2024-05-19 12:16:00,359.9,359.93,359.9,359.93,0.01,51.94,18926.55,1
2024-05-19,2024-05-19 12:17:00,359.93,359.95,359.93,359.95,0.01,51.94,18926.55,1
2024-05-19,2024-05-19 12:18:00,359.95,359.98,359.95,359.98,0.01,51.94,18926.55,1
2024-05-19,2024-05-19 12:19:00,359.98,360.0,359.98,360.0,0.01,51.94,18926.55,1
2024-05-19,2024-05-19 12:20:00,360.0,360.02,360.0,360.02,0.01,51.94,18926.55,1
2024-05-19,2024-05-19 12:21:00,360.02,360.05,360.02,360.05,0.01,51.94,18926.55,1
2024-05-19,2024-05-19 12:22:00,360.05,360.07,360.05,360.07,0.01,51.94,18926.55,1
2024-05-19,2024-05-19 12:23:00,360.07,360.1,360.07,360.1,0.01,51.94,18926.55,1
2024-05-19,2024-05-19 12:24:00,360.1,360.12,360.1,360.12,0.01,51.94,18926.55,1
2024-05-19,2024-05-19 12:25:00,360.12,360.15,360.12,360.15,0.01,51.94,18926.55,1
2024-05-19,2024-05-19 12:26:00,360.15,360.18,360.15,360.18,0.01,51.94,18926.55,1
2024-05-19,2024-05-19 12:27:00,360.18,360.2,360.18,360.2,0.01,51.94,18926.55,1
2024-05-19,2024-05-19 12:28:00,360.2,360.23,360.2,360.23,0.01,51.94,18926.55,1
2024-05-19,2024-05-19 12:29:00,360.23,360.25,360.23,360.25,0.01,51.94,18926.55,1
2024-05-19,2024-05-19 12:30:00,360.25,360.27,360.25,360.27,0.01,51.94,18926.55,1
2024-05-19,2024-05-19 12:31:00,360.27,360.3,360.27,360.3,0.01,51.94,18926.55,1
2024-05-19,2024-05-19 12:32:00,360.3,360.32,360.3,360.32,0.01,51.94,18926.55,1
2024-05-19,2024-05-19 12:33:00,360.32,360.35,360.32,360.35,0.01,51.94,18926.55,1
2024-05-19,2024-05-19 12:34:00,360.35,360.38,360.35,360.38,0.01,51.94,18926.55,1
2024-05-19,2024-05-19 12:35:00,360.38,360.4,360.38,360.4,0.01,51.94,18926.55,1
2024-05-19,2024-05-19 12:36:00,360.4,360.43,360.4,360.43,0.01,51.94,18926.55,1
2024-05-19,2024-05-19 12:37:00,360.43,360.45,360.43,360.45,0.01,51.94,18926.55,1
2024-05-19,2024-05-19 12:38:00,360.45,360.48,360.45,360.48,0.01,51.94,18926.55,1
2024-05-19,2024-05-19 12:39:00,360.48,360.5,360.48,360.5,0.01,51.94,18926.55,1
2024-05-19,2024-05-19 12:40:00,360.5,360.52,360.5,360.52,0.01,51.94,18926.55,1
2024-05-19,2024-05-19 12:41:00,360.52,360.55,360.52,360.55,0.01,51.94,18926.55,1
2024-05-19,2024-05-19 12:42:00,360.55,360.57,360.55,360.57,0.01,51.94,18926.55,1
2024-05-19,2024-05-19 12:43:00,360.57,360.6,360.57,360.6,0.01,51.94,18926.55,1
2024-05-19,2024-05-19 12:44:00,360.6,360.62,360.6,360.62,0.01,51.94,18926.55,1
2024-05-19,2024-05-19 12:45:00,360.62,360.65,360.62,360.65,0.01,51.94,18926.55,1
2024-05-19,2024-05-19 12:46:00,360.65,360.68,360.65,360.68,0.01,51.94,18926.55,1
2024-05-19,2024-05-19 12:47:00,360.68,360.7,360.68,360.7,0.01,51.94,18926.55,1
2024-05-19,2024-05-19 12:48:00,360.7,360.73,360.7,360.73,0.01,51.94,18926.55,1
2024-05-19,2024-05-19 12:49:00,360.73,360.75,360.73,360.75,0.01,51.94,18926.55,1
2024-05-19,2024-05-19 12:50:00,360.75,360.77,360.75,360.77,0.01,51.94,18926.55,1
2024-05-19,2024-05-19 12:51:00,360.77,360.8,360.77,360.8,0.01,51.94,18926.55,1
2024-05-19,2024-05-19 12:52:00,360.8,360.82,360.8,360.82,0.01,51.94,18926.55,1
2024-05-19,2024-05-19 12:53:00,360.82,360.85,360.82,360.85,0.01,51.94,18926.55,1
2024-05-19,2024-05-19 12:54:00,360.85,360.88,360.85,360.88,0.01,51.94,18926.55,1
2024-05-19,2024-05-19 12:55:00,360.88,360.9,360.88,360.9,0.01,51.94,18926.55,1
2024-05-19,2024-05-19 12:56:00,360.9,360.93,360.9,360.93,0.01,51.94,18926.55,1
2024-05-19,2024-05-19 12:57:00,360.93,360.95,360.93,360.95,0.01,51.94,18926.55,1
2024-05-19,2024-05-19 12:58:00,360.95,360.98,360.95,360.98,0.01,51.94,18926.55,1
2024-05-19,2024-05-19 12:59:00,360.98,361.0,360.98,361.0,0.01,51.94,18926.55,1
2024-05-19,2024-05-19 13:00:00,361.0,370.3,358.0,361.02,0.01,51.94,18926.55,1
2024-05-19,2024-05-19 13:01:00,361.02,361.05,361.02,361.05,0.01,51.94,18926.55,1
2024-05-19,2024-05-19 13:02:00,361.05,361.07,361.05,361.07,0.01,51.94,18926.55,1
2024-05-19,2024-05-19 13:03:00,361.07,361.1,361.07,361.1,0.01,51.94,18926.55,1
2024-05-19,2024-05-19 13:04:00,361.1,361.12,361.1,361.12,0.01,51.94,18926.55,1
2024-05-19,2024-05-19 13:05:00,361.12,361.15,361.12,361.15,0.01,51.94,18926.55,1
2024-05-19,2024-05-19 13:06:00,361.15,361.18,361.15,361.18,0.01,51.94,18926.55,1
2024-05-19,2024-05-19 13:07:00,361.18,361.2,361.18,361.2,0.01,51.94,18926.55,1
2024-05-19,2024-05-19 13:08:00,361.2,361.23,361.2,361.23,0.01,51.94,18926.55,1
2024-05-19,2024-05-19 13:09:00,361.23,361.25,361.23,361.25,0.01,51.94,18926.55,1
2024-05-19,2024-05-19 13:10:00,361.25,361.27,361.25,361.27,0.01,51.94,18926.55,1
2024-05-19,2024-05-19 13:11:00,361.27,361.3,361.27,361.3,0.01,51.94,18926.55,1
2024-05-19,2024-05-19 13:12:00,361.3,361.32,361.3,361.32,0.01,51.94,18926.55,1
2024-05-19,2024-05-19 13:13:00,361.32,361.35,361.32,361.35,0.01,51.94,18926.55,1
2024-05-19,2024-05-19 13:14:00,361.35,361.38,361.35,361.38,0.01,51.94,18926.55,1
2024-05-19,2024-05-19 13:15:00,361.38,361.4,361.38,361.4,0.01,51.94,18926.55,1
2024-05-19,2024-05-19 13:16:00,361.4,361.43,361.4,361.43,0.01,51.94,18926.55,1
2024-05-19,2024-05-19 13:17:00,361.43,361.45,361.43,361.45,0.01,51.94,18926.55,1
2024-05-19,2024-05-19 13:18:00,361.45,361.48,361.45,361.48,0.01,51.94,18926.55,1
2024-05-19,2024-05-19 13:19:00,361.48,361.5,361.48,361.5,0.01,51.94,18926.55,1
2024-05-19,2024-05-19 13:20:00,361.5,361.52,361.5,361.52,0.01,51.94,18926.55,1
2024-05-19,2024-05-19 13:21:00,361.52,361.55,361.52,361.55,0.01,51.94,18926.55,1
2024-05-19,2024-05-19 13:22:00,361.55,361.57,361.55,361.57,0.01,51.94,18926.55,1
2024-05-19,2024-05-19 13:23:00,361.57,361.6,361.57,361.6,0.01,51.94,18926.55,1
2024-05-19,2024-05-19 13:24:00,361.6,361.62,361.6,361.62,0.01,51.94,18926.55,1
2024-05-19,2024-05-19 13:25:00,361.62,361.65,361.62,361.65,0.01,51.94,18926.55,1
2024-05-19,2024-05-19 13:26:00,361.65,361.68,361.65,361.68,0.01,51.94,18926.55,1
2024-05-19,2024-05-19 13:27:00,361.68,361.7,361.68,361.7,0.01,51.94,18926.55,1
2024-05-19,2024-05-19 13:28:00,361.7,361.73,361.7,361.73,0.01,51.94,18926.55,1
2024-05-19,2024-05-19 13:29:00,361.73,361.75,361.73,361.75,0.01,51.94,18926.55,1
2024-05-19,2024-05-19 13:30:00,361.75,361.77,361.75,361.77,0.01,51.94,18926.55,1
2024-05-19,2024-05-19 13:31:00,361.77,361.8,361.77,361.8,0.01,51.94,18926.55,1
2024-05-19,2024-05-19 13:32:00,361.8,361.82,361.8,361.82,0.01,51.94,18926.55,1
2024-05-19,2024-05-19 13:33:00,361.82,361.85,361.82,361.85,0.01,51.94,18926.55,1
2024-05-19,2024-05-19 13:34:00,361.85,361.88,361.85,361.88,0.01,51.94,18926.55,1
2024-05-19,2024-05-19 13:35:00,361.88,361.9,361.88,361.9,0.01,51.94,18926.55,1
2024-05-19,2024-05-19 13:36:00,361.9,361.93,361.9,361.93,0.01,51.94,18926.55,1
2024-05-19,2024-05-19 13:37:00,361.93,361.95,361.93,361.95,0.01,51.94,18926.55,1
2024-05-19,2024-05-19 13:38:00,361.95,361.98,361.95,361.98,0.01,51.94,18926.55,1
2024-05-19,2024-05-19 13:39:00,361.98,362.0,361.98,362.0,0.01,51.94,18926.55,1
2024-05-19,2024-05-19 13:40:00,362.0,362.02,362.0,362.02,0.01,51.94,18926.55,1
2024-05-19,2024-05-19 13:41:00,362.02,362.05,362.02,362.05,0.01,51.94,18926.55,1
2024-05-19,2024-05-19 13:42:00,362.05,362.07,362.05,362.07,0.01,51.94,18926.55,1
2024-05-19,2024-05-19 13:43:00,362.07,362.1,362.07,362.1,0.01,51.94,18926.55,1
2024-05-19,2024-05-19 13:44:00,362.1,362.12,362.1,362.12,0.01,51.94,18926.55,1
2024-05-19,2024-05-19 13:45:00,362.12,362.15,362.12,362.15,0.01,51.94,18926.55,1
2024-05-19,2024-05-19 13:46:00,362.15,362.18,362.15,362.18,0.01,51.94,18926.55,1
2024-05-19,2024-05-19 13:47:00,362.18,362.2,362.18,362.2,0.01,51.94,18926.55,1
2024-05-19,2024-05-19 13:48:00,362.2,362.23,362.2,362.23,0.01,51.94,18926.55,1
2024-05-19,2024-05-19 13:49:00,362.23,362.25,362.23,362.25,0.01,51.94,18926.55,1
2024-05-19,2024-05-19 13:50:00,362.25,362.27,362.25,362.27,0.01,51.94,18926.55,1
2024-05-19,2024-05-19 13:51:00,362.27,362.3,362.27,362.3,0.01,51.94,18926.55,1
2024-05-19,2024-05-19 13:52:00,362.3,362.32,362.3,362.32,0.01,51.94,18926.55,1
2024-05-19,2024-05-19 13:53:00,362.32,362.35,362.32,362.35,0.01,51.94,18926.55,1
2024-05-19,2024-05-19 13:54:00,362.35,362.38,362.35,362.38,0.01,51.94,18926.55,1
2024-05-19,2024-05-19 13:55:00,362.38,362.4,362.38,362.4,0.01,51.94,18926.55,1
2024-05-19,2024-05-19 13:56:00,362.4,362.43,362.4,362.43,0.01,51.94,18926.55,1
2024-05-19,2024-05-19 13:57:00,362.43,362.45,362.43,362.45,0.01,51.94,18926.55,1
2024-05-19,2024-05-19 13:58:00,362.45,362.48,362.45,362.48,0.01,51.94,18926.55,1
2024-05-19,2024-05-19 13:59:00,362.48,362.5,362.48,362.5,0.01,51.94,18926.55,1
2024-05-19,2024-05-19 14:00:00,362.5,362.52,362.5,362.52,0.01,51.94,18926.55,1
2024-05-19,2024-05-19 14:01:00,362.52,362.55,362.52,362.55,0.01,51.94,18926.55,1
2024-05-19,2024-05-19 14:02:00,362.55,362.57,362.55,362.57,0.01,51.94,18926.55,1
2024-05-19,2024-05-19 14:03:00,362.57,362.6,362.57,362.6,0.01,51.94,18926.55,1
2024-05-19,2024-05-19 14:04:00,362.6,362.62,362.6,362.62,0.01,51.94,18926.55,1
2024-05-19,2024-05-19 14:05:00,362.62,362.65,362.62,362.65,0.01,51.94,18926.55,1
2024-05-19,2024-05-19 14:06:00,362.65,362.68,362.65,362.68,0.01,51.94,18926.55,1
2024-05-19,2024-05-19 14:07:00,362.68,362.7,362.68,362.7,0.01,51.94,18926.55,1
2024-05-19,2024-05-19 14:08:00,362.7,362.73,362.7,362.73,0.01,51.94,18926.55,1
2024-05-19,2024-05-19 14:09:00,362.73,362.75,362.73,362.75,0.01,51.94,18926.55,1
2024-05-19,2024-05-19 14:10:00,362.75,362.77,362.75,362.77,0.01,51.94,18926.55,1
2024-05-19,2024-05-19 14:11:00,362.77,362.8,362.77,362.8,0.01,51.94,18926.55,1
2024-05-19,2024-05-19 14:12:00,362.8,362.82,362.8,362.82,0.01,51.94,18926.55,1
2024-05-19,2024-05-19 14:13:00,362.82,362.85,362.82,362.85,0.01,51.94,18926.55,1
2024-05-19,2024-05-19 14:14:00,362.85,362.88,362.85,362.88,0.01,51.94,18926.55,1
2024-05-19,2024-05-19 14:15:00,362.88,362.9,362.88,362.9,0.01,51.94,18926.55,1
2024-05-19,2024-05-19 14:16:00,362.9,362.93,362.9,362.93,0.01,51.94,18926.55,1
2024-05-19,2024-05-19 14:17:00,362.93,362.95,362.93,362.95,0.01,51.94,18926.55,1
2024-05-19,2024-05-19 14:18:00,362.95,362.98,362.95,362.98,0.01,51.94,18926.55,1
2024-05-19,2024-05-19 14:19:00,362.98,363.0,362.98,363.0,0.01,51.94,18926.55,1
2024-05-19,2024-05-19 14:20:00,363.0,363.02,363.0,363.02,0.01,51.94,18926.55,1
2024-05-19,2024-05-19 14:21:00,363.02,363.05,363.02,363.05,0.01,51.94,18926.55,1
2024-05-19,2024-05-19 14:22:00,363.05,363.07,363.05,363.07,0.01,51.94,18926.55,1
2024-05-19,2024-05-19 14:23:00,363.07,363.1,363.07,363.1,0.01,51.94,18926.55,1
2024-05-19,2024-05-19 14:24:00,363.1,363.12,363.1,363.12,0.01,51.94,18926.55,1
2024-05-19,2024-05-19 14:25:00,363.12,363.15,363.12,363.15,0.01,51.94,18926.55,1
2024-05-19,2024-05-19 14:26:00,363.15,363.18,363.15,363.18,0.01,51.94,18926.55,1
2024-05-19,2024-05-19 14:27:00,363.18,363.2,363.18,363.2,0.01,51.94,18926.55,1
2024-05-19,2024-05-19 14:28:00,363.2,363.23,363.2,363.23,0.01,51.94,18926.55,1
2024-05-19,2024-05-19 14:29:00,363.23,363.25,363.23,363.25,0.01,51.94,18926.55,1
2024-05-19,2024-05-19 14:30:00,363.25,363.27,363.25,363.27,0.01,51.94,18926.55,1
2024-05-19,2024-05-19 14:31:00,363.27,363.3,363.27,363.3,0.01,51.94,18926.55,1
2024-05-19,2024-05-19 14:32:00,363.3,363.32,363.3,363.32,0.01,51.94,18926.55,1
2024-05-19,2024-05-19 14:33:00,363.32,363.35,363.32,363.35,0.01,51.94,18926.55,1
2024-05-19,2024-05-19 14:34:00,363.35,363.38,363.35,363.38,0.01,51.94,18926.55,1
2024-05-19,2024-05-19 14:35:00,363.38,363.4,363.38,363.4,0.01,51.94,18926.55,1
2024-05-19,2024-05-19 14:36:00,363.4,363.43,363.4,363.43,0.01,51.94,18926.55,1
2024-05-19,2024-05-19 14:37:00,363.43,363.45,363.43,363.45,0.01,51.94,18926.55,1
2024-05-19,2024-05-19 14:38:00,363.45,363.48,363.45,363.48,0.01,51.94,18926.55,1
2024-05-19,2024-05-19 14:39:00,363.48,363.5,363.48,363.5,0.01,51.94,18926.55,1
2024-05-19,2024-05-19 14:40:00,363.5,363.52,363.5,363.52,0.01,51.94,18926.55,1
2024-05-19,2024-05-19 14:41:00,363.52,363.55,363.52,363.55,0.01,51.94,18926.55,1
2024-05-19,2024-05-19 14:42:00,363.55,363.57,363.55,363.57,0.01,51.94,18926.55,1
2024-05-19,2024-05-19 14:43:00,363.57,363.6,363.57,363.6,0.01,51.94,18926.55,1
2024-05-19,2024-05-19 14:44:00,363.6,363.62,363.6,363.62,0.01,51.94,18926.55,1
2024-05-19,2024-05-19 14:45:00,363.62,363.65,363.62,363.65,0.01,51.94,18926.55,1
2024-05-19,2024-05-19 14:46:00,363.65,363.68,363.65,363.68,0.01,51.94,18926.55,1
2024-05-19,2024-05-19 14:47:00,363.68,363.7,363.68,363.7,0.01,51.94,18926.55,1
2024-05-19,2024-05-19 14:48:00,363.7,363.73,363.7,363.73,0.01,51.94,18926.55,1
2024-05-19,2024-05-19 14:49:00,363.73,363.75,363.73,363.75,0.01,51.94,18926.55,1
2024-05-19,2024-05-19 14:50:00,363.75,363.77,363.75,363.77,0.01,51.94,18926.55,1
2024-05-19,2024-05-19 14:51:00,363.77,363.8,363.77,363.8,0.01,51.94,18926.55,1
2024-05-19,2024-05-19 14:52:00,363.8,363.82,363.8,363.82,0.01,51.94,18926.55,1
2024-05-19,2024-05-19 14:53:00,363.82,363.85,363.82,363.85,0.01,51.94,18926.55,1
2024-05-19,2024-05-19 14:54:00,363.85,363.88,363.85,363.88,0.01,51.94,18926.55,1
2024-05-19,2024-05-19 14:55:00,363.88,363.9,363.88,363.9,0.01,51.94,18926.55,1
2024-05-19,2024-05-19 14:56:00,363.9,363.93,363.9,363.93,0.01,51.94,18926.55,1
2024-05-19,2024-05-19 14:57:00,363.93,363.95,363.93,363.95,0.01,51.94,18926.55,1
2024-05-19,2024-05-19 14:58:00,363.95,363.98,363.95,363.98,0.01,51.94,18926.55,1
2024-05-19,2024-05-19 14:59:00,363.98,364.0,363.98,364.0,0.01,51.94,18926.55,1
2024-05-19,2024-05-19 15:00:00,364.0,370.3,358.0,364.0,0.0,51.94,18926.55,0
2024-05-20,2024-05-20 11:00:00,361.4,365.48,361.4,361.43,0.01,37.03,13703.68,1
2024-05-20,2024-05-20 11:01:00,361.43,361.45,361.43,361.45,0.01,37.03,13703.68,1
2024-05-20,2024-05-20 11:02:00,361.45,361.48,361.45,361.48,0.01,37.03,13703.68,1
2024-05-20,2024-05-20 11:03:00,361.48,361.51,361.48,361.51,0.01,37.03,13703.68,1
2024-05-20,2024-05-20 11:04:00,361.51,361.54,361.51,361.54,0.01,37.03,13703.68,1
2024-05-20,2024-05-20 11:05:00,361.54,361.56,361.54,361.56,0.01,37.03,13703.68,1
2024-05-20,2024-05-20 11:06:00,361.56,361.59,361.56,361.59,0.01,37.03,13703.68,1
2024-05-20,2024-05-20 11:07:00,361.59,361.62,361.59,361.62,0.01,37.03,13703.68,1
2024-05-20,2024-05-20 11:08:00,361.62,361.65,361.62,361.65,0.01,37.03,13703.68,1
2024-05-20,2024-05-20 11:09:00,361.65,361.67,361.65,361.67,0.01,37.03,13703.68,1
2024-05-20,2024-05-20 11:10:00,361.67,361.7,361.67,361.7,0.01,37.03,13703.68,1
2024-05-20,2024-05-20 11:11:00,361.7,361.73,361.7,361.73,0.01,37.03,13703.68,1
2024-05-20,2024-05-20 11:12:00,361.73,361.76,361.73,361.76,0.01,37.03,13703.68,1
2024-05-20,2024-05-20 11:13:00,361.76,361.78,361.76,361.78,0.01,37.03,13703.68,1
2024-05-20,2024-05-20 11:14:00,361.78,361.81,361.78,361.81,0.01,37.03,13703.68,1
2024-05-20,2024-05-20 11:15:00,361.81,361.84,361.81,361.84,0.01,37.03,13703.68,1
2024-05-20,2024-05-20 11:16:00,361.84,361.87,361.84,361.87,0.01,37.03,13703.68,1
2024-05-20,2024-05-20 11:17:00,361.87,361.89,361.87,361.89,0.01,37.03,13703.68,1
2024-05-20,2024-05-20 11:18:00,361.89,361.92,361.89,361.92,0.01,37.03,13703.68,1
2024-05-20,2024-05-20 11:19:00,361.92,361.95,361.92,361.95,0.01,37.03,13703.68,1
2024-05-20,2024-05-20 11:20:00,361.95,361.98,361.95,361.98,0.01,37.03,13703.68,1
2024-05-20,2024-05-20 11:21:00,361.98,362.0,361.98,362.0,0.01,37.03,13703.68,1
2024-05-20,2024-05-20 11:22:00,362.0,362.03,362.0,362.03,0.01,37.03,13703.68,1
2024-05-20,2024-05-20 11:23:00,362.03,362.06,362.03,362.06,0.01,37.03,13703.68,1
2024-05-20,2024-05-20 11:24:00,362.06,362.09,362.06,362.09,0.01,37.03,13703.68,1
2024-05-20,2024-05-20 11:25:00,362.09,362.11,362.09,362.11,0.01,37.03,13703.68,1
2024-05-20,2024-05-20 11:26:00,362.11,362.14,362.11,362.14,0.01,37.03,13703.68,1
2024-05-20,2024-05-20 11:27:00,362.14,362.17,362.14,362.17,0.01,37.03,13703.68,1
2024-05-20,2024-05-20 11:28:00,362.17,362.2,362.17,362.2,0.01,37.03,13703.68,1
2024-05-20,2024-05-20 11:29:00,362.2,362.22,362.2,362.22,0.01,37.03,13703.68,1
2024-05-20,2024-05-20 11:30:00,362.22,362.25,362.22,362.25,0.01,37.03,13703.68,1
2024-05-20,2024-05-20 11:31:00,362.25,362.28,362.25,362.28,0.01,37.03,13703.68,1
2024-05-20,2024-05-20 11:32:00,362.28,362.31,362.28,362.31,0.01,37.03,13703.68,1
2024-05-20,2024-05-20 11:33:00,362.31,362.33,362.31,362.33,0.01,37.03,13703.68,1
2024-05-20,2024-05-20 11:34:00,362.33,362.36,362.33,362.36,0.01,37.03,13703.68,1
2024-05-20,2024-05-20 11:35:00,362.36,362.39,362.36,362.39,0.01,37.03,13703.68,1
2024-05-20,2024-05-20 11:36:00,362.39,362.42,362.39,362.42,0.01,37.03,13703.68,1
2024-05-20,2024-05-20 11:37:00,362.42,362.44,362.42,362.44,0.01,37.03,13703.68,1
2024-05-20,2024-05-20 11:38:00,362.44,362.47,362.44,362.47,0.01,37.03,13703.68,1
2024-05-20,2024-05-20 11:39:00,362.47,362.5,362.47,362.5,0.01,37.03,13703.68,1
2024-05-20,2024-05-20 11:40:00,362.5,362.53,362.5,362.53,0.01,37.03,13703.68,1
2024-05-20,2024-05-20 11:41:00,362.53,362.56,362.53,362.56,0.01,37.03,13703.68,1
2024-05-20,2024-05-20 11:42:00,362.56,362.58,362.56,362.58,0.01,37.03,13703.68,1
2024-05-20,2024-05-20 11:43:00,362.58,362.61,362.58,362.61,0.01,37.03,13703.68,1
2024-05-20,2024-05-20 11:44:00,362.61,362.64,362.61,362.64,0.01,37.03,13703.68,1
2024-05-20,2024-05-20 11:45:00,362.64,362.66,362.64,362.66,0.01,37.03,13703.68,1
2024-05-20,2024-05-20 11:46:00,362.66,362.69,362.66,362.69,0.01,37.03,13703.68,1
2024-05-20,2024-05-20 11:47:00,362.69,362.72,362.69,362.72,0.01,37.03,13703.68,1
2024-05-20,2024-05-20 11:48:00,362.72,362.75,362.72,362.75,0.01,37.03,13703.68,1
2024-05-20,2024-05-20 11:49:00,362.75,362.77,362.75,362.77,0.01,37.03,13703.68,1
2024-05-20,2024-05-20 11:50:00,362.77,362.8,362.77,362.8,0.01,37.03,13703.68,1
2024-05-20,2024-05-20 11:51:00,362.8,362.83,362.8,362.83,0.01,37.03,13703.68,1
2024-05-20,2024-05-20 11:52:00,362.83,362.86,362.83,362.86,0.01,37.03,13703.68,1
2024-05-20,2024-05-20 11:53:00,362.86,362.88,362.86,362.88,0.01,37.03,13703.68,1
2024-05-20,2024-05-20 11:54:00,362.88,362.91,362.88,362.91,0.01,37.03,13703.68,1
2024-05-20,2024-05-20 11:55:00,362.91,362.94,362.91,362.94,0.01,37.03,13703.68,1
2024-05-20,2024-05-20 11:56:00,362.94,362.97,362.94,362.97,0.01,37.03,13703.68,1
2024-05-20,2024-05-20 11:57:00,362.97,363.0,362.97,363.0,0.01,37.03,13703.68,1
2024-05-20,2024-05-20 11:58:00,363.0,363.02,363.0,363.02,0.01,37.03,13703.68,1
2024-05-20,2024-05-20 11:59:00,363.02,363.05,363.02,363.05,0.01,37.03,13703.68,1
2024-05-20,2024-05-20 12:00:00,363.05,363.08,363.05,363.08,0.01,37.03,13703.68,1
2024-05-20,2024-05-20 12:01:00,363.08,363.1,363.08,363.1,0.01,37.03,13703.68,1
2024-05-20,2024-05-20 12:02:00,363.1,363.13,363.1,363.13,0.01,37.03,13703.68,1
2024-05-20,2024-05-20 12:03:00,363.13,363.16,363.13,363.16,0.01,37.03,13703.68,1
2024-05-20,2024-05-20 12:04:00,363.16,363.19,363.16,363.19,0.01,37.03,13703.68,1
2024-05-20,2024-05-20 12:05:00,363.19,363.21,363.19,363.21,0.01,37.03,13703.68,1
2024-05-20,2024-05-20 12:06:00,363.21,363.24,363.21,363.24,0.01,37.03,13703.68,1
2024-05-20,2024-05-20 12:07:00,363.24,363.27,363.24,363.27,0.01,37.03,13703.68,1
2024-05-20,2024-05-20 12:08:00,363.27,363.3,363.27,363.3,0.01,37.03,13703.68,1
2024-05-20,2024-05-20 12:09:00,363.3,363.32,363.3,363.32,0.01,37.03,13703.68,1
2024-05-20,2024-05-20 12:10:00,363.32,363.35,363.32,363.35,0.01,37.03,13703.68,1
2024-05-20,2024-05-20 12:11:00,363.35,363.38,363.35,363.38,0.01,37.03,13703.68,1
2024-05-20,2024-05-20 12:12:00,363.38,363.41,363.38,363.41,0.01,37.03,13703.68,1
2024-05-20,2024-05-20 12:13:00,363.41,363.44,363.41,363.44,0.01,37.03,13703.68,1
2024-05-20,2024-05-20 12:14:00,363.44,363.46,363.44,363.46,0.01,37.03,13703.68,1
2024-05-20,2024-05-20 12:15:00,363.46,363.49,363.46,363.49,0.01,37.03,13703.68,1
2024-05-20,2024-05-20 12:16:00,363.49,363.52,363.49,363.52,0.01,37.03,13703.68,1
2024-05-20,2024-05-20 12:17:00,363.52,363.54,363.52,363.54,0.01,37.03,13703.68,1
2024-05-20,2024-05-20 12:18:00,363.54,363.57,363.54,363.57,0.01,37.03,13703.68,1
2024-05-20,2024-05-20 12:19:00,363.57,363.6,363.57,363.6,0.01,37.03,13703.68,1
2024-05-20,2024-05-20 12:20:00,363.6,363.63,363.6,363.63,0.01,37.03,13703.68,1
2024-05-20,2024-05-20 12:21:00,363.63,363.65,363.63,363.65,0.01,37.03,13703.68,1
2024-05-20,2024-05-20 12:22:00,363.65,363.68,363.65,363.68,0.01,37.03,13703.68,1
2024-05-20,2024-05-20 12:23:00,363.68,363.71,363.68,363.71,0.01,37.03,13703.68,1
2024-05-20,2024-05-20 12:24:00,363.71,363.74,363.71,363.74,0.01,37.03,13703.68,1
2024-05-20,2024-05-20 12:25:00,363.74,363.76,363.74,363.76,0.01,37.03,13703.68,1
2024-05-20,2024-05-20 12:26:00,363.76,363.79,363.76,363.79,0.01,37.03,13703.68,1
2024-05-20,2024-05-20 12:27:00,363.79,363.82,363.79,363.82,0.01,37.03,13703.68,1
2024-05-20,2024-05-20 12:28:00,363.82,363.85,363.82,363.85,0.01,37.03,13703.68,1
2024-05-20,2024-05-20 12:29:00,363.85,363.88,363.85,363.88,0.01,37.03,13703.68,1
2024-05-20,2024-05-20 12:30:00,363.88,363.9,363.88,363.9,0.01,37.03,13703.68,1
2024-05-20,2024-05-20 12:31:00,363.9,363.93,363.9,363.93,0.01,37.03,13703.68,1
2024-05-20,2024-05-20 12:32:00,363.93,363.96,363.93,363.96,0.01,37.03,13703.68,1
2024-05-20,2024-05-20 12:33:00,363.96,363.99,363.96,363.99,0.01,37.03,13703.68,1
2024-05-20,2024-05-20 12:34:00,363.99,364.01,363.99,364.01,0.01,37.03,13703.68,1
2024-05-20,2024-05-20 12:35:00,364.01,364.04,364.01,364.04,0.01,37.03,13703.68,1
2024-05-20,2024-05-20 12:36:00,364.04,364.07,364.04,364.07,0.01,37.03,13703.68,1
2024-05-20,2024-05-20 12:37:00,364.07,364.09,364.07,364.09,0.01,37.03,13703.68,1
2024-05-20,2024-05-20 12:38:00,364.09,364.12,364.09,364.12,0.01,37.03,13703.68,1
2024-05-20,2024-05-20 12:39:00,364.12,364.15,364.12,364.15,0.01,37.03,13703.68,1
2024-05-20,2024-05-20 12:40:00,364.15,364.18,364.15,364.18,0.01,37.03,13703.68,1
2024-05-20,2024-05-20 12:41:00,364.18,364.2,364.18,364.2,0.01,37.03,13703.68,1
2024-05-20,2024-05-20 12:42:00,364.2,364.23,364.2,364.23,0.01,37.03,13703.68,1
2024-05-20,2024-05-20 12:43:00,364.23,364.26,364.23,364.26,0.01,37.03,13703.68,1
2024-05-20,2024-05-20 12:44:00,364.26,364.29,364.26,364.29,0.01,37.03,13703.68,1
2024-05-20,2024-05-20 12:45:00,364.29,364.31,364.29,364.31,0.01,37.03,13703.68,1
2024-05-20,2024-05-20 12:46:00,364.31,364.34,364.31,364.34,0.01,37.03,13703.68,1
2024-05-20,2024-05-20 12:47:00,364.34,364.37,364.34,364.37,0.01,37.03,13703.68,1
2024-05-20,2024-05-20 12:48:00,364.37,364.4,364.37,364.4,0.01,37.03,13703.68,1
2024-05-20,2024-05-20 12:49:00,364.4,364.43,364.4,364.43,0.01,37.03,13703.68,1
2024-05-20,2024-05-20 12:50:00,364.43,364.45,364.43,364.45,0.01,37.03,13703.68,1
2024-05-20,2024-05-20 12:51:00,364.45,364.48,364.45,364.48,0.01,37.03,13703.68,1
2024-05-20,2024-05-20 12:52:00,364.48,364.51,364.48,364.51,0.01,37.03,13703.68,1
2024-05-20,2024-05-20 12:53:00,364.51,364.53,364.51,364.53,0.01,37.03,13703.68,1
2024-05-20,2024-05-20 12:54:00,364.53,364.56,364.53,364.56,0.01,37.03,13703.68,1
2024-05-20,2024-05-20 12:55:00,364.56,364.59,364.56,364.59,0.01,37.03,13703.68,1
2024-05-20,2024-05-20 12:56:00,364.59,364.62,364.59,364.62,0.01,37.03,13703.68,1
2024-05-20,2024-05-20 12:57:00,364.62,364.64,364.62,364.64,0.01,37.03,13703.68,1
2024-05-20,2024-05-20 12:58:00,364.64,364.67,364.64,364.67,0.01,37.03,13703.68,1
2024-05-20,2024-05-20 12:59:00,364.67,364.7,364.67,364.7,0.01,37.03,13703.68,1
2024-05-20,2024-05-20 13:00:00,364.7,375.0,361.4,364.73,0.01,37.03,13703.68,1
2024-05-20,2024-05-20 13:01:00,364.73,364.75,364.73,364.75,0.01,37.03,13703.68,1
2024-05-20,2024-05-20 13:02:00,364.75,364.78,364.75,364.78,0.01,37.03,13703.68,1
2024-05-20,2024-05-20 13:03:00,364.78,364.81,364.78,364.81,0.01,37.03,13703.68,1
2024-05-20,2024-05-20 13:04:00,364.81,364.84,364.81,364.84,0.01,37.03,13703.68,1
2024-05-20,2024-05-20 13:05:00,364.84,364.87,364.84,364.87,0.01,37.03,13703.68,1
2024-05-20,2024-05-20 13:06:00,364.87,364.89,364.87,364.89,0.01,37.03,13703.68,1
2024-05-20,2024-05-20 13:07:00,364.89,364.92,364.89,364.92,0.01,37.03,13703.68,1
2024-05-20,2024-05-20 13:08:00,364.92,364.95,364.92,364.95,0.01,37.03,13703.68,1
2024-05-20,2024-05-20 13:09:00,364.95,364.97,364.95,364.97,0.01,37.03,13703.68,1
2024-05-20,2024-05-20 13:10:00,364.97,365.0,364.97,365.0,0.01,37.03,13703.68,1
2024-05-20,2024-05-20 13:11:00,365.0,365.03,365.0,365.03,0.01,37.03,13703.68,1
2024-05-20,2024-05-20 13:12:00,365.03,365.06,365.03,365.06,0.01,37.03,13703.68,1
2024-05-20,2024-05-20 13:13:00,365.06,365.08,365.06,365.08,0.01,37.03,13703.68,1
2024-05-20,2024-05-20 13:14:00,365.08,365.11,365.08,365.11,0.01,37.03,13703.68,1
2024-05-20,2024-05-20 13:15:00,365.11,365.14,365.11,365.14,0.01,37.03,13703.68,1
2024-05-20,2024-05-20 13:16:00,365.14,365.17,365.14,365.17,0.01,37.03,13703.68,1
2024-05-20,2024-05-20 13:17:00,365.17,365.19,365.17,365.19,0.01,37.03,13703.68,1
2024-05-20,2024-05-20 13:18:00,365.19,365.22,365.19,365.22,0.01,37.03,13703.68,1
2024-05-20,2024-05-20 13:19:00,365.22,365.25,365.22,365.25,0.01,37.03,13703.68,1
2024-05-20,2024-05-20 13:20:00,365.25,365.28,365.25,365.28,0.01,37.03,13703.68,1
2024-05-20,2024-05-20 13:21:00,365.28,365.31,365.28,365.31,0.01,37.03,13703.68,1
2024-05-20,2024-05-20 13:22:00,365.31,365.33,365.31,365.33,0.01,37.03,13703.68,1
2024-05-20,2024-05-20 13:23:00,365.33,365.36,365.33,365.36,0.01,37.03,13703.68,1
2024-05-20,2024-05-20 13:24:00,365.36,365.39,365.36,365.39,0.01,37.03,13703.68,1
2024-05-20,2024-05-20 13:25:00,365.39,365.41,365.39,365.41,0.01,37.03,13703.68,1
2024-05-20,2024-05-20 13:26:00,365.41,365.44,365.41,365.44,0.01,37.03,13703.68,1
2024-05-20,2024-05-20 13:27:00,365.44,365.47,365.44,365.47,0.01,37.03,13703.68,1
2024-05-20,2024-05-20 13:28:00,365.47,365.5,365.47,365.5,0.01,37.03,13703.68,1
2024-05-20,2024-05-20 13:29:00,365.5,365.52,365.5,365.52,0.01,37.03,13703.68,1
2024-05-20,2024-05-20 13:30:00,365.52,365.55,365.52,365.55,0.01,37.03,13703.68,1
2024-05-20,2024-05-20 13:31:00,365.55,365.58,365.55,365.58,0.01,37.03,13703.68,1
2024-05-20,2024-05-20 13:32:00,365.58,365.61,365.58,365.61,0.01,37.03,13703.68,1
2024-05-20,2024-05-20 13:33:00,365.61,365.63,365.61,365.63,0.01,37.03,13703.68,1
2024-05-20,2024-05-20 13:34:00,365.63,365.66,365.63,365.66,0.01,37.03,13703.68,1
2024-05-20,2024-05-20 13:35:00,365.66,365.69,365.66,365.69,0.01,37.03,13703.68,1
2024-05-20,2024-05-20 13:36:00,365.69,365.72,365.69,365.72,0.01,37.03,13703.68,1
2024-05-20,2024-05-20 13:37:00,365.72,365.75,365.72,365.75,0.01,37.03,13703.68,1
2024-05-20,2024-05-20 13:38:00,365.75,365.77,365.75,365.77,0.01,37.03,13703.68,1
2024-05-20,2024-05-20 13:39:00,365.77,365.8,365.77,365.8,0.01,37.03,13703.68,1
2024-05-20,2024-05-20 13:40:00,365.8,365.83,365.8,365.83,0.01,37.03,13703.68,1
2024-05-20,2024-05-20 13:41:00,365.83,365.86,365.83,365.86,0.01,37.03,13703.68,1
2024-05-20,2024-05-20 13:42:00,365.86,365.88,365.86,365.88,0.01,37.03,13703.68,1
2024-05-20,2024-05-20 13:43:00,365.88,365.91,365.88,365.91,0.01,37.03,13703.68,1
2024-05-20,2024-05-20 13:44:00,365.91,365.94,365.91,365.94,0.01,37.03,13703.68,1
2024-05-20,2024-05-20 13:45:00,365.94,365.96,365.94,365.96,0.01,37.03,13703.68,1
2024-05-20,2024-05-20 13:46:00,365.96,365.99,365.96,365.99,0.01,37.03,13703.68,1
2024-05-20,2024-05-20 13:47:00,365.99,366.02,365.99,366.02,0.01,37.03,13703.68,1
2024-05-20,2024-05-20 13:48:00,366.02,366.05,366.02,366.05,0.01,37.03,13703.68,1
2024-05-20,2024-05-20 13:49:00,366.05,366.07,366.05,366.07,0.01,37.03,13703.68,1
2024-05-20,2024-05-20 13:50:00,366.07,366.1,366.07,366.1,0.01,37.03,13703.68,1
2024-05-20,2024-05-20 13:51:00,366.1,366.13,366.1,366.13,0.01,37.03,13703.68,1
2024-05-20,2024-05-20 13:52:00,366.13,366.16,366.13,366.16,0.01,37.03,13703.68,1
2024-05-20,2024-05-20 13:53:00,366.16,366.19,366.16,366.19,0.01,37.03,13703.68,1
2024-05-20,2024-05-20 13:54:00,366.19,366.21,366.19,366.21,0.01,37.03,13703.68,1
2024-05-20,2024-05-20 13:55:00,366.21,366.24,366.21,366.24,0.01,37.03,13703.68,1
2024-05-20,2024-05-20 13:56:00,366.24,366.27,366.24,366.27,0.01,37.03,13703.68,1
2024-05-20,2024-05-20 13:57:00,366.27,366.3,366.27,366.3,0.01,37.03,13703.68,1
2024-05-20,2024-05-20 13:58:00,366.3,366.32,366.3,366.32,0.01,37.03,13703.68,1
2024-05-20,2024-05-20 13:59:00,366.32,366.35,366.32,366.35,0.01,37.03,13703.68,1
2024-05-20,2024-05-20 14:00:00,366.35,366.38,366.35,366.38,0.01,37.03,13703.68,1
2024-05-20,2024-05-20 14:01:00,366.38,366.4,366.38,366.4,0.01,37.03,13703.68,1
2024-05-20,2024-05-20 14:02:00,366.4,366.43,366.4,366.43,0.01,37.03,13703.68,1
2024-05-20,2024-05-20 14:03:00,366.43,366.46,366.43,366.46,0.01,37.03,13703.68,1
2024-05-20,2024-05-20 14:04:00,366.46,366.49,366.46,366.49,0.01,37.03,13703.68,1
2024-05-20,2024-05-20 14:05:00,366.49,366.51,366.49,366.51,0.01,37.03,13703.68,1
2024-05-20,2024-05-20 14:06:00,366.51,366.54,366.51,366.54,0.01,37.03,13703.68,1
2024-05-20,2024-05-20 14:07:00,366.54,366.57,366.54,366.57,0.01,37.03,13703.68,1
2024-05-20,2024-05-20 14:08:00,366.57,366.6,366.57,366.6,0.01,37.03,13703.68,1
2024-05-20,2024-05-20 14:09:00,366.6,366.62,366.6,366.62,0.01,37.03,13703.68,1
2024-05-20,2024-05-20 14:10:00,366.62,366.65,366.62,366.65,0.01,37.03,13703.68,1
2024-05-20,2024-05-20 14:11:00,366.65,366.68,366.65,366.68,0.01,37.03,13703.68,1
2024-05-20,2024-05-20 14:12:00,366.68,366.71,366.68,366.71,0.01,37.03,13703.68,1
2024-05-20,2024-05-20 14:13:00,366.71,366.74,366.71,366.74,0.01,37.03,13703.68,1
2024-05-20,2024-05-20 14:14:00,366.74,366.76,366.74,366.76,0.01,37.03,13703.68,1
2024-05-20,2024-05-20 14:15:00,366.76,366.79,366.76,366.79,0.01,37.03,13703.68,1
2024-05-20,2024-05-20 14:16:00,366.79,366.82,366.79,366.82,0.01,37.03,13703.68,1
2024-05-20,2024-05-20 14:17:00,366.82,366.84,366.82,366.84,0.01,37.03,13703.68,1
2024-05-20,2024-05-20 14:18:00,366.84,366.87,366.84,366.87,0.01,37.03,13703.68,1
2024-05-20,2024-05-20 14:19:00,366.87,366.9,366.87,366.9,0.01,37.03,13703.68,1
2024-05-20,2024-05-20 14:20:00,366.9,366.93,366.9,366.93,0.01,37.03,13703.68,1
2024-05-20,2024-05-20 14:21:00,366.93,366.95,366.93,366.95,0.01,37.03,13703.68,1
2024-05-20,2024-05-20 14:22:00,366.95,366.98,366.95,366.98,0.01,37.03,13703.68,1
2024-05-20,2024-05-20 14:23:00,366.98,367.01,366.98,367.01,0.01,37.03,13703.68,1
2024-05-20,2024-05-20 14:24:00,367.01,367.04,367.01,367.04,0.01,37.03,13703.68,1
2024-05-20,2024-05-20 14:25:00,367.04,367.06,367.04,367.06,0.01,37.03,13703.68,1
2024-05-20,2024-05-20 14:26:00,367.06,367.09,367.06,367.09,0.01,37.03,13703.68,1
2024-05-20,2024-05-20 14:27:00,367.09,367.12,367.09,367.12,0.01,37.03,13703.68,1
2024-05-20,2024-05-20 14:28:00,367.12,367.15,367.12,367.15,0.01,37.03,13703.68,1
2024-05-20,2024-05-20 14:29:00,367.15,367.18,367.15,367.18,0.01,37.03,13703.68,1
2024-05-20,2024-05-20 14:30:00,367.18,367.2,367.18,367.2,0.01,37.03,13703.68,1
2024-05-20,2024-05-20 14:31:00,367.2,367.23,367.2,367.23,0.01,37.03,13703.68,1
2024-05-20,2024-05-20 14:32:00,367.23,367.26,367.23,367.26,0.01,37.03,13703.68,1
2024-05-20,2024-05-20 14:33:00,367.26,367.29,367.26,367.29,0.01,37.03,13703.68,1
2024-05-20,2024-05-20 14:34:00,367.29,367.31,367.29,367.31,0.01,37.03,13703.68,1
2024-05-20,2024-05-20 14:35:00,367.31,367.34,367.31,367.34,0.01,37.03,13703.68,1
2024-05-20,2024-05-20 14:36:00,367.34,367.37,367.34,367.37,0.01,37.03,13703.68,1
2024-05-20,2024-05-20 14:37:00,367.37,367.39,367.37,367.39,0.01,37.03,13703.68,1
2024-05-20,2024-05-20 14:38:00,367.39,367.42,367.39,367.42,0.01,37.03,13703.68,1
2024-05-20,2024-05-20 14:39:00,367.42,367.45,367.42,367.45,0.01,37.03,13703.68,1
2024-05-20,2024-05-20 14:40:00,367.45,367.48,367.45,367.48,0.01,37.03,13703.68,1
2024-05-20,2024-05-20 14:41:00,367.48,367.5,367.48,367.5,0.01,37.03,13703.68,1
2024-05-20,2024-05-20 14:42:00,367.5,367.53,367.5,367.53,0.01,37.03,13703.68,1
2024-05-20,2024-05-20 14:43:00,367.53,367.56,367.53,367.56,0.01,37.03,13703.68,1
2024-05-20,2024-05-20 14:44:00,367.56,367.59,367.56,367.59,0.01,37.03,13703.68,1
2024-05-20,2024-05-20 14:45:00,367.59,367.62,367.59,367.62,0.01,37.03,13703.68,1
2024-05-20,2024-05-20 14:46:00,367.62,367.64,367.62,367.64,0.01,37.03,13703.68,1
2024-05-20,2024-05-20 14:47:00,367.64,367.67,367.64,367.67,0.01,37.03,13703.68,1
2024-05-20,2024-05-20 14:48:00,367.67,367.7,367.67,367.7,0.01,37.03,13703.68,1
2024-05-20,2024-05-20 14:49:00,367.7,367.73,367.7,367.73,0.01,37.03,13703.68,1
2024-05-20,2024-05-20 14:50:00,367.73,367.75,367.73,367.75,0.01,37.03,13703.68,1
2024-05-20,2024-05-20 14:51:00,367.75,367.78,367.75,367.78,0.01,37.03,13703.68,1
2024-05-20,2024-05-20 14:52:00,367.78,367.81,367.78,367.81,0.01,37.03,13703.68,1
2024-05-20,2024-05-20 14:53:00,367.81,367.83,367.81,367.83,0.01,37.03,13703.68,1
2024-05-20,2024-05-20 14:54:00,367.83,367.86,367.83,367.86,0.01,37.03,13703.68,1
2024-05-20,2024-05-20 14:55:00,367.86,367.89,367.86,367.89,0.01,37.03,13703.68,1
2024-05-20,2024-05-20 14:56:00,367.89,367.92,367.89,367.92,0.01,37.03,13703.68,1
2024-05-20,2024-05-20 14:57:00,367.92,367.94,367.92,367.94,0.01,37.03,13703.68,1
2024-05-20,2024-05-20 14:58:00,367.94,367.97,367.94,367.97,0.01,37.03,13703.68,1
2024-05-20,2024-05-20 14:59:00,367.97,368.0,367.97,368.0,0.01,37.03,13703.68,1
2024-05-20,2024-05-20 15:00:00,368.0,375.0,361.4,368.0,0.0,37.03,13703.68,0
2024-05-21,2024-05-21 11:00:00,375.0,378.9,372.96,375.05,0.01,154.59,59034.75,1
2024-05-21,2024-05-21 11:01:00,375.05,375.09,375.05,375.09,0.01,154.59,59034.75,1
2024-05-21,2024-05-21 11:02:00,375.09,375.14,375.09,375.14,0.01,154.59,59034.75,1
2024-05-21,2024-05-21 11:03:00,375.14,375.18,375.14,375.18,0.01,154.59,59034.75,1
2024-05-21,2024-05-21 11:04:00,375.18,375.23,375.18,375.23,0.01,154.59,59034.75,1
2024-05-21,2024-05-21 11:05:00,375.23,375.27,375.23,375.27,0.01,154.59,59034.75,1
2024-05-21,2024-05-21 11:06:00,375.27,375.32,375.27,375.32,0.01,154.59,59034.75,1
2024-05-21,2024-05-21 11:07:00,375.32,375.37,375.32,375.37,0.01,154.59,59034.75,1
2024-05-21,2024-05-21 11:08:00,375.37,375.41,375.37,375.41,0.01,154.59,59034.75,1
2024-05-21,2024-05-21 11:09:00,375.41,375.46,375.41,375.46,0.01,154.59,59034.75,1
2024-05-21,2024-05-21 11:10:00,375.46,375.5,375.46,375.5,0.01,154.59,59034.75,1
2024-05-21,2024-05-21 11:11:00,375.5,375.55,375.5,375.55,0.01,154.59,59034.75,1
2024-05-21,2024-05-21 11:12:00,375.55,375.6,375.55,375.6,0.01,154.59,59034.75,1
2024-05-21,2024-05-21 11:13:00,375.6,375.64,375.6,375.64,0.01,154.59,59034.75,1
2024-05-21,2024-05-21 11:14:00,375.64,375.69,375.64,375.69,0.01,154.59,59034.75,1
2024-05-21,2024-05-21 11:15:00,375.69,375.73,375.69,375.73,0.01,154.59,59034.75,1
2024-05-21,2024-05-21 11:16:00,375.73,375.78,375.73,375.78,0.01,154.59,59034.75,1
2024-05-21,2024-05-21 11:17:00,375.78,375.82,375.78,375.82,0.01,154.59,59034.75,1
2024-05-21,2024-05-21 11:18:00,375.82,375.87,375.82,375.87,0.01,154.59,59034.75,1
2024-05-21,2024-05-21 11:19:00,375.87,375.92,375.87,375.92,0.01,154.59,59034.75,1
2024-05-21,2024-05-21 11:20:00,375.92,375.96,375.92,375.96,0.01,154.59,59034.75,1
2024-05-21,2024-05-21 11:21:00,375.96,376.01,375.96,376.01,0.01,154.59,59034.75,1
2024-05-21,2024-05-21 11:22:00,376.01,376.05,376.01,376.05,0.01,154.59,59034.75,1
2024-05-21,2024-05-21 11:23:00,376.05,376.1,376.05,376.1,0.01,154.59,59034.75,1
2024-05-21,2024-05-21 11:24:00,376.1,376.15,376.1,376.15,0.01,154.59,59034.75,1
2024-05-21,2024-05-21 11:25:00,376.15,376.19,376.15,376.19,0.01,154.59,59034.75,1
2024-05-21,2024-05-21 11:26:00,376.19,376.24,376.19,376.24,0.01,154.59,59034.75,1
2024-05-21,2024-05-21 11:27:00,376.24,376.28,376.24,376.28,0.01,154.59,59034.75,1
2024-05-21,2024-05-21 11:28:00,376.28,376.33,376.28,376.33,0.01,154.59,59034.75,1
2024-05-21,2024-05-21 11:29:00,376.33,376.38,376.33,376.38,0.01,154.59,59034.75,1
2024-05-21,2024-05-21 11:30:00,376.38,376.42,376.38,376.42,0.01,154.59,59034.75,1
2024-05-21,2024-05-21 11:31:00,376.42,376.47,376.42,376.47,0.01,154.59,59034.75,1
2024-05-21,2024-05-21 11:32:00,376.47,376.51,376.47,376.51,0.01,154.59,59034.75,1
2024-05-21,2024-05-21 11:33:00,376.51,376.56,376.51,376.56,0.01,154.59,59034.75,1
2024-05-21,2024-05-21 11:34:00,376.56,376.6,376.56,376.6,0.01,154.59,59034.75,1
2024-05-21,2024-05-21 11:35:00,376.6,376.65,376.6,376.65,0.01,154.59,59034.75,1
2024-05-21,2024-05-21 11:36:00,376.65,376.7,376.65,376.7,0.01,154.59,59034.75,1
2024-05-21,2024-05-21 11:37:00,376.7,376.74,376.7,376.74,0.01,154.59,59034.75,1
2024-05-21,2024-05-21 11:38:00,376.74,376.79,376.74,376.79,0.01,154.59,59034.75,1
2024-05-21,2024-05-21 11:39:00,376.79,376.83,376.79,376.83,0.01,154.59,59034.75,1
2024-05-21,2024-05-21 11:40:00,376.83,376.88,376.83,376.88,0.01,154.59,59034.75,1
2024-05-21,2024-05-21 11:41:00,376.88,376.93,376.88,376.93,0.01,154.59,59034.75,1
2024-05-21,2024-05-21 11:42:00,376.93,376.97,376.93,376.97,0.01,154.59,59034.75,1
2024-05-21,2024-05-21 11:43:00,376.97,377.02,376.97,377.02,0.01,154.59,59034.75,1
2024-05-21,2024-05-21 11:44:00,377.02,377.06,377.02,377.06,0.01,154.59,59034.75,1
2024-05-21,2024-05-21 11:45:00,377.06,377.11,377.06,377.11,0.01,154.59,59034.75,1
2024-05-21,2024-05-21 11:46:00,377.11,377.15,377.11,377.15,0.01,154.59,59034.75,1
2024-05-21,2024-05-21 11:47:00,377.15,377.2,377.15,377.2,0.01,154.59,59034.75,1
2024-05-21,2024-05-21 11:48:00,377.2,377.25,377.2,377.25,0.01,154.59,59034.75,1
2024-05-21,2024-05-21 11:49:00,377.25,377.29,377.25,377.29,0.01,154.59,59034.75,1
2024-05-21,2024-05-21 11:50:00,377.29,377.34,377.29,377.34,0.01,154.59,59034.75,1
2024-05-21,2024-05-21 11:51:00,377.34,377.38,377.34,377.38,0.01,154.59,59034.75,1
2024-05-21,2024-05-21 11:52:00,377.38,377.43,377.38,377.43,0.01,154.59,59034.75,1
2024-05-21,2024-05-21 11:53:00,377.43,377.48,377.43,377.48,0.01,154.59,59034.75,1
2024-05-21,2024-05-21 11:54:00,377.48,377.52,377.48,377.52,0.01,154.59,59034.75,1
2024-05-21,2024-05-21 11:55:00,377.52,377.57,377.52,377.57,0.01,154.59,59034.75,1
2024-05-21,2024-05-21 11:56:00,377.57,377.61,377.57,377.61,0.01,154.59,59034.75,1
2024-05-21,2024-05-21 11:57:00,377.61,377.66,377.61,377.66,0.01,154.59,59034.75,1
2024-05-21,2024-05-21 11:58:00,377.66,377.7,377.66,377.7,0.01,154.59,59034.75,1
2024-05-21,2024-05-21 11:59:00,377.7,377.75,377.7,377.75,0.01,154.59,59034.75,1
2024-05-21,2024-05-21 12:00:00,377.75,377.8,377.75,377.8,0.01,154.59,59034.75,1
2024-05-21,2024-05-21 12:01:00,377.8,377.84,377.8,377.84,0.01,154.59,59034.75,1
2024-05-21,2024-05-21 12:02:00,377.84,377.89,377.84,377.89,0.01,154.59,59034.75,1
2024-05-21,2024-05-21 12:03:00,377.89,377.93,377.89,377.93,0.01,154.59,59034.75,1
2024-05-21,2024-05-21 12:04:00,377.93,377.98,377.93,377.98,0.01,154.59,59034.75,1
2024-05-21,2024-05-21 12:05:00,377.98,378.02,377.98,378.02,0.01,154.59,59034.75,1
2024-05-21,2024-05-21 12:06:00,378.02,378.07,378.02,378.07,0.01,154.59,59034.75,1
2024-05-21,2024-05-21 12:07:00,378.07,378.12,378.07,378.12,0.01,154.59,59034.75,1
2024-05-21,2024-05-21 12:08:00,378.12,378.16,378.12,378.16,0.01,154.59,59034.75,1
2024-05-21,2024-05-21 12:09:00,378.16,378.21,378.16,378.21,0.01,154.59,59034.75,1
2024-05-21,2024-05-21 12:10:00,378.21,378.25,378.21,378.25,0.01,154.59,59034.75,1
2024-05-21,2024-05-21 12:11:00,378.25,378.3,378.25,378.3,0.01,154.59,59034.75,1
2024-05-21,2024-05-21 12:12:00,378.3,378.35,378.3,378.35,0.01,154.59,59034.75,1
2024-05-21,2024-05-21 12:13:00,378.35,378.39,378.35,378.39,0.01,154.59,59034.75,1
2024-05-21,2024-05-21 12:14:00,378.39,378.44,378.39,378.44,0.01,154.59,59034.75,1
2024-05-21,2024-05-21 12:15:00,378.44,378.48,378.44,378.48,0.01,154.59,59034.75,1
2024-05-21,2024-05-21 12:16:00,378.48,378.53,378.48,378.53,0.01,154.59,59034.75,1
2024-05-21,2024-05-21 12:17:00,378.53,378.57,378.53,378.57,0.01,154.59,59034.75,1
2024-05-21,2024-05-21 12:18:00,378.57,378.62,378.57,378.62,0.01,154.59,59034.75,1
2024-05-21,2024-05-21 12:19:00,378.62,378.67,378.62,378.67,0.01,154.59,59034.75,1
2024-05-21,2024-05-21 12:20:00,378.67,378.71,378.67,378.71,0.01,154.59,59034.75,1
2024-05-21,2024-05-21 12:21:00,378.71,378.76,378.71,378.76,0.01,154.59,59034.75,1
2024-05-21,2024-05-21 12:22:00,378.76,378.8,378.76,378.8,0.01,154.59,59034.75,1
2024-05-21,2024-05-21 12:23:00,378.8,378.85,378.8,378.85,0.01,154.59,59034.75,1
2024-05-21,2024-05-21 12:24:00,378.85,378.9,378.85,378.9,0.01,154.59,59034.75,1
2024-05-21,2024-05-21 12:25:00,378.9,378.94,378.9,378.94,0.01,154.59,59034.75,1
2024-05-21,2024-05-21 12:26:00,378.94,378.99,378.94,378.99,0.01,154.59,59034.75,1
2024-05-21,2024-05-21 12:27:00,378.99,379.03,378.99,379.03,0.01,154.59,59034.75,1
2024-05-21,2024-05-21 12:28:00,379.03,379.08,379.03,379.08,0.01,154.59,59034.75,1
2024-05-21,2024-05-21 12:29:00,379.08,379.12,379.08,379.12,0.01,154.59,59034.75,1
2024-05-21,2024-05-21 12:30:00,379.12,379.17,379.12,379.17,0.01,154.59,59034.75,1
2024-05-21,2024-05-21 12:31:00,379.17,379.22,379.17,379.22,0.01,154.59,59034.75,1
2024-05-21,2024-05-21 12:32:00,379.22,379.26,379.22,379.26,0.01,154.59,59034.75,1
2024-05-21,2024-05-21 12:33:00,379.26,379.31,379.26,379.31,0.01,154.59,59034.75,1
2024-05-21,2024-05-21 12:34:00,379.31,379.35,379.31,379.35,0.01,154.59,59034.75,1
2024-05-21,2024-05-21 12:35:00,379.35,379.4,379.35,379.4,0.01,154.59,59034.75,1
2024-05-21,2024-05-21 12:36:00,379.4,379.45,379.4,379.45,0.01,154.59,59034.75,1
2024-05-21,2024-05-21 12:37:00,379.45,379.49,379.45,379.49,0.01,154.59,59034.75,1
2024-05-21,2024-05-21 12:38:00,379.49,379.54,379.49,379.54,0.01,154.59,59034.75,1
2024-05-21,2024-05-21 12:39:00,379.54,379.58,379.54,379.58,0.01,154.59,59034.75,1
2024-05-21,2024-05-21 12:40:00,379.58,379.63,379.58,379.63,0.01,154.59,59034.75,1
2024-05-21,2024-05-21 12:41:00,379.63,379.68,379.63,379.68,0.01,154.59,59034.75,1
2024-05-21,2024-05-21 12:42:00,379.68,379.72,379.68,379.72,0.01,154.59,59034.75,1
2024-05-21,2024-05-21 12:43:00,379.72,379.77,379.72,379.77,0.01,154.59,59034.75,1
2024-05-21,2024-05-21 12:44:00,379.77,379.81,379.77,379.81,0.01,154.59,59034.75,1
2024-05-21,2024-05-21 12:45:00,379.81,379.86,379.81,379.86,0.01,154.59,59034.75,1
2024-05-21,2024-05-21 12:46:00,379.86,379.9,379.86,379.9,0.01,154.59,59034.75,1
2024-05-21,2024-05-21 12:47:00,379.9,379.95,379.9,379.95,0.01,154.59,59034.75,1
2024-05-21,2024-05-21 12:48:00,379.95,380.0,379.95,380.0,0.01,154.59,59034.75,1
2024-05-21,2024-05-21 12:49:00,380.0,380.04,380.0,380.04,0.01,154.59,59034.75,1
2024-05-21,2024-05-21 12:50:00,380.04,380.09,380.04,380.09,0.01,154.59,59034.75,1
2024-05-21,2024-05-21 12:51:00,380.09,380.13,380.09,380.13,0.01,154.59,59034.75,1
2024-05-21,2024-05-21 12:52:00,380.13,380.18,380.13,380.18,0.01,154.59,59034.75,1
2024-05-21,2024-05-21 12:53:00,380.18,380.23,380.18,380.23,0.01,154.59,59034.75,1
2024-05-21,2024-05-21 12:54:00,380.23,380.27,380.23,380.27,0.01,154.59,59034.75,1
2024-05-21,2024-05-21 12:55:00,380.27,380.32,380.27,380.32,0.01,154.59,59034.75,1
2024-05-21,2024-05-21 12:56:00,380.32,380.36,380.32,380.36,0.01,154.59,59034.75,1
2024-05-21,2024-05-21 12:57:00,380.36,380.41,380.36,380.41,0.01,154.59,59034.75,1
2024-05-21,2024-05-21 12:58:00,380.41,380.45,380.41,380.45,0.01,154.59,59034.75,1
2024-05-21,2024-05-21 12:59:00,380.45,380.5,380.45,380.5,0.01,154.59,59034.75,1
2024-05-21,2024-05-21 13:00:00,380.5,388.0,368.2,380.55,0.01,154.59,59034.75,1
2024-05-21,2024-05-21 13:01:00,380.55,380.59,380.55,380.59,0.01,154.59,59034.75,1
2024-05-21,2024-05-21 13:02:00,380.59,380.64,380.59,380.64,0.01,154.59,59034.75,1
2024-05-21,2024-05-21 13:03:00,380.64,380.68,380.64,380.68,0.01,154.59,59034.75,1
2024-05-21,2024-05-21 13:04:00,380.68,380.73,380.68,380.73,0.01,154.59,59034.75,1
2024-05-21,2024-05-21 13:05:00,380.73,380.77,380.73,380.77,0.01,154.59,59034.75,1
2024-05-21,2024-05-21 13:06:00,380.77,380.82,380.77,380.82,0.01,154.59,59034.75,1
2024-05-21,2024-05-21 13:07:00,380.82,380.87,380.82,380.87,0.01,154.59,59034.75,1
2024-05-21,2024-05-21 13:08:00,380.87,380.91,380.87,380.91,0.01,154.59,59034.75,1
2024-05-21,2024-05-21 13:09:00,380.91,380.96,380.91,380.96,0.01,154.59,59034.75,1
2024-05-21,2024-05-21 13:10:00,380.96,381.0,380.96,381.0,0.01,154.59,59034.75,1
2024-05-21,2024-05-21 13:11:00,381.0,381.05,381.0,381.05,0.01,154.59,59034.75,1
2024-05-21,2024-05-21 13:12:00,381.05,381.1,381.05,381.1,0.01,154.59,59034.75,1
2024-05-21,2024-05-21 13:13:00,381.1,381.14,381.1,381.14,0.01,154.59,59034.75,1
2024-05-21,2024-05-21 13:14:00,381.14,381.19,381.14,381.19,0.01,154.59,59034.75,1
2024-05-21,2024-05-21 13:15:00,381.19,381.23,381.19,381.23,0.01,154.59,59034.75,1
2024-05-21,2024-05-21 13:16:00,381.23,381.28,381.23,381.28,0.01,154.59,59034.75,1
2024-05-21,2024-05-21 13:17:00,381.28,381.32,381.28,381.32,0.01,154.59,59034.75,1
2024-05-21,2024-05-21 13:18:00,381.32,381.37,381.32,381.37,0.01,154.59,59034.75,1
2024-05-21,2024-05-21 13:19:00,381.37,381.42,381.37,381.42,0.01,154.59,59034.75,1
2024-05-21,2024-05-21 13:20:00,381.42,381.46,381.42,381.46,0.01,154.59,59034.75,1
2024-05-21,2024-05-21 13:21:00,381.46,381.51,381.46,381.51,0.01,154.59,59034.75,1
2024-05-21,2024-05-21 13:22:00,381.51,381.55,381.51,381.55,0.01,154.59,59034.75,1
2024-05-21,2024-05-21 13:23:00,381.55,381.6,381.55,381.6,0.01,154.59,59034.75,1
2024-05-21,2024-05-21 13:24:00,381.6,381.65,381.6,381.65,0.01,154.59,59034.75,1
2024-05-21,2024-05-21 13:25:00,381.65,381.69,381.65,381.69,0.01,154.59,59034.75,1
2024-05-21,2024-05-21 13:26:00,381.69,381.74,381.69,381.74,0.01,154.59,59034.75,1
2024-05-21,2024-05-21 13:27:00,381.74,381.78,381.74,381.78,0.01,154.59,59034.75,1
2024-05-21,2024-05-21 13:28:00,381.78,381.83,381.78,381.83,0.01,154.59,59034.75,1
2024-05-21,2024-05-21 13:29:00,381.83,381.88,381.83,381.88,0.01,154.59,59034.75,1
2024-05-21,2024-05-21 13:30:00,381.88,381.92,381.88,381.92,0.01,154.59,59034.75,1
2024-05-21,2024-05-21 13:31:00,381.92,381.97,381.92,381.97,0.01,154.59,59034.75,1
2024-05-21,2024-05-21 13:32:00,381.97,382.01,381.97,382.01,0.01,154.59,59034.75,1
2024-05-21,2024-05-21 13:33:00,382.01,382.06,382.01,382.06,0.01,154.59,59034.75,1
2024-05-21,2024-05-21 13:34:00,382.06,382.1,382.06,382.1,0.01,154.59,59034.75,1
2024-05-21,2024-05-21 13:35:00,382.1,382.15,382.1,382.15,0.01,154.59,59034.75,1
2024-05-21,2024-05-21 13:36:00,382.15,382.2,382.15,382.2,0.01,154.59,59034.75,1
2024-05-21,2024-05-21 13:37:00,382.2,382.24,382.2,382.24,0.01,154.59,59034.75,1
2024-05-21,2024-05-21 13:38:00,382.24,382.29,382.24,382.29,0.01,154.59,59034.75,1
2024-05-21,2024-05-21 13:39:00,382.29,382.33,382.29,382.33,0.01,154.59,59034.75,1
2024-05-21,2024-05-21 13:40:00,382.33,382.38,382.33,382.38,0.01,154.59,59034.75,1
2024-05-21,2024-05-21 13:41:00,382.38,382.43,382.38,382.43,0.01,154.59,59034.75,1
2024-05-21,2024-05-21 13:42:00,382.43,382.47,382.43,382.47,0.01,154.59,59034.75,1
2024-05-21,2024-05-21 13:43:00,382.47,382.52,382.47,382.52,0.01,154.59,59034.75,1
2024-05-21,2024-05-21 13:44:00,382.52,382.56,382.52,382.56,0.01,154.59,59034.75,1
2024-05-21,2024-05-21 13:45:00,382.56,382.61,382.56,382.61,0.01,154.59,59034.75,1
2024-05-21,2024-05-21 13:46:00,382.61,382.65,382.61,382.65,0.01,154.59,59034.75,1
2024-05-21,2024-05-21 13:47:00,382.65,382.7,382.65,382.7,0.01,154.59,59034.75,1
2024-05-21,2024-05-21 13:48:00,382.7,382.75,382.7,382.75,0.01,154.59,59034.75,1
2024-05-21,2024-05-21 13:49:00,382.75,382.79,382.75,382.79,0.01,154.59,59034.75,1
2024-05-21,2024-05-21 13:50:00,382.79,382.84,382.79,382.84,0.01,154.59,59034.75,1
2024-05-21,2024-05-21 13:51:00,382.84,382.88,382.84,382.88,0.01,154.59,59034.75,1
2024-05-21,2024-05-21 13:52:00,382.88,382.93,382.88,382.93,0.01,154.59,59034.75,1
2024-05-21,2024-05-21 13:53:00,382.93,382.98,382.93,382.98,0.01,154.59,59034.75,1
2024-05-21,2024-05-21 13:54:00,382.98,383.02,382.98,383.02,0.01,154.59,59034.75,1
2024-05-21,2024-05-21 13:55:00,383.02,383.07,383.02,383.07,0.01,154.59,59034.75,1
2024-05-21,2024-05-21 13:56:00,383.07,383.11,383.07,383.11,0.01,154.59,59034.75,1
2024-05-21,2024-05-21 13:57:00,383.11,383.16,383.11,383.16,0.01,154.59,59034.75,1
2024-05-21,2024-05-21 13:58:00,383.16,383.2,383.16,383.2,0.01,154.59,59034.75,1
2024-05-21,2024-05-21 13:59:00,383.2,383.25,383.2,383.25,0.01,154.59,59034.75,1
2024-05-21,2024-05-21 14:00:00,383.25,383.3,383.25,383.3,0.01,154.59,59034.75,1
2024-05-21,2024-05-21 14:01:00,383.3,383.34,383.3,383.34,0.01,154.59,59034.75,1
2024-05-21,2024-05-21 14:02:00,383.34,383.39,383.34,383.39,0.01,154.59,59034.75,1
2024-05-21,2024-05-21 14:03:00,383.39,383.43,383.39,383.43,0.01,154.59,59034.75,1
2024-05-21,2024-05-21 14:04:00,383.43,383.48,383.43,383.48,0.01,154.59,59034.75,1
2024-05-21,2024-05-21 14:05:00,383.48,383.52,383.48,383.52,0.01,154.59,59034.75,1
2024-05-21,2024-05-21 14:06:00,383.52,383.57,383.52,383.57,0.01,154.59,59034.75,1
2024-05-21,2024-05-21 14:07:00,383.57,383.62,383.57,383.62,0.01,154.59,59034.75,1
2024-05-21,2024-05-21 14:08:00,383.62,383.66,383.62,383.66,0.01,154.59,59034.75,1
2024-05-21,2024-05-21 14:09:00,383.66,383.71,383.66,383.71,0.01,154.59,59034.75,1
2024-05-21,2024-05-21 14:10:00,383.71,383.75,383.71,383.75,0.01,154.59,59034.75,1
2024-05-21,2024-05-21 14:11:00,383.75,383.8,383.75,383.8,0.01,154.59,59034.75,1
2024-05-21,2024-05-21 14:12:00,383.8,383.85,383.8,383.85,0.01,154.59,59034.75,1
2024-05-21,2024-05-21 14:13:00,383.85,383.89,383.85,383.89,0.01,154.59,59034.75,1
2024-05-21,2024-05-21 14:14:00,383.89,383.94,383.89,383.94,0.01,154.59,59034.75,1
2024-05-21,2024-05-21 14:15:00,383.94,383.98,383.94,383.98,0.01,154.59,59034.75,1
2024-05-21,2024-05-21 14:16:00,383.98,384.03,383.98,384.03,0.01,154.59,59034.75,1
2024-05-21,2024-05-21 14:17:00,384.03,384.07,384.03,384.07,0.01,154.59,59034.75,1
2024-05-21,2024-05-21 14:18:00,384.07,384.12,384.07,384.12,0.01,154.59,59034.75,1
2024-05-21,2024-05-21 14:19:00,384.12,384.17,384.12,384.17,0.01,154.59,59034.75,1
2024-05-21,2024-05-21 14:20:00,384.17,384.21,384.17,384.21,0.01,154.59,59034.75,1
2024-05-21,2024-05-21 14:21:00,384.21,384.26,384.21,384.26,0.01,154.59,59034.75,1
2024-05-21,2024-05-21 14:22:00,384.26,384.3,384.26,384.3,0.01,154.59,59034.75,1
2024-05-21,2024-05-21 14:23:00,384.3,384.35,384.3,384.35,0.01,154.59,59034.75,1
2024-05-21,2024-05-21 14:24:00,384.35,384.4,384.35,384.4,0.01,154.59,59034.75,1
2024-05-21,2024-05-21 14:25:00,384.4,384.44,384.4,384.44,0.01,154.59,59034.75,1
2024-05-21,2024-05-21 14:26:00,384.44,384.49,384.44,384.49,0.01,154.59,59034.75,1
2024-05-21,2024-05-21 14:27:00,384.49,384.53,384.49,384.53,0.01,154.59,59034.75,1
2024-05-21,2024-05-21 14:28:00,384.53,384.58,384.53,384.58,0.01,154.59,59034.75,1
2024-05-21,2024-05-21 14:29:00,384.58,384.62,384.58,384.62,0.01,154.59,59034.75,1
2024-05-21,2024-05-21 14:30:00,384.62,384.67,384.62,384.67,0.01,154.59,59034.75,1
2024-05-21,2024-05-21 14:31:00,384.67,384.72,384.67,384.72,0.01,154.59,59034.75,1
2024-05-21,2024-05-21 14:32:00,384.72,384.76,384.72,384.76,0.01,154.59,59034.75,1
2024-05-21,2024-05-21 14:33:00,384.76,384.81,384.76,384.81,0.01,154.59,59034.75,1
2024-05-21,2024-05-21 14:34:00,384.81,384.85,384.81,384.85,0.01,154.59,59034.75,1
2024-05-21,2024-05-21 14:35:00,384.85,384.9,384.85,384.9,0.01,154.59,59034.75,1
2024-05-21,2024-05-21 14:36:00,384.9,384.95,384.9,384.95,0.01,154.59,59034.75,1
2024-05-21,2024-05-21 14:37:00,384.95,384.99,384.95,384.99,0.01,154.59,59034.75,1
2024-05-21,2024-05-21 14:38:00,384.99,385.04,384.99,385.04,0.01,154.59,59034.75,1
2024-05-21,2024-05-21 14:39:00,385.04,385.08,385.04,385.08,0.01,154.59,59034.75,1
2024-05-21,2024-05-21 14:40:00,385.08,385.13,385.08,385.13,0.01,154.59,59034.75,1
2024-05-21,2024-05-21 14:41:00,385.13,385.18,385.13,385.18,0.01,154.59,59034.75,1
2024-05-21,2024-05-21 14:42:00,385.18,385.22,385.18,385.22,0.01,154.59,59034.75,1
2024-05-21,2024-05-21 14:43:00,385.22,385.27,385.22,385.27,0.01,154.59,59034.75,1
2024-05-21,2024-05-21 14:44:00,385.27,385.31,385.27,385.31,0.01,154.59,59034.75,1
2024-05-21,2024-05-21 14:45:00,385.31,385.36,385.31,385.36,0.01,154.59,59034.75,1
2024-05-21,2024-05-21 14:46:00,385.36,385.4,385.36,385.4,0.01,154.59,59034.75,1
2024-05-21,2024-05-21 14:47:00,385.4,385.45,385.4,385.45,0.01,154.59,59034.75,1
2024-05-21,2024-05-21 14:48:00,385.45,385.5,385.45,385.5,0.01,154.59,59034.75,1
2024-05-21,2024-05-21 14:49:00,385.5,385.54,385.5,385.54,0.01,154.59,59034.75,1
2024-05-21,2024-05-21 14:50:00,385.54,385.59,385.54,385.59,0.01,154.59,59034.75,1
2024-05-21,2024-05-21 14:51:00,385.59,385.63,385.59,385.63,0.01,154.59,59034.75,1
2024-05-21,2024-05-21 14:52:00,385.63,385.68,385.63,385.68,0.01,154.59,59034.75,1
2024-05-21,2024-05-21 14:53:00,385.68,385.73,385.68,385.73,0.01,154.59,59034.75,1
2024-05-21,2024-05-21 14:54:00,385.73,385.77,385.73,385.77,0.01,154.59,59034.75,1
2024-05-21,2024-05-21 14:55:00,385.77,385.82,385.77,385.82,0.01,154.59,59034.75,1
2024-05-21,2024-05-21 14:56:00,385.82,385.86,385.82,385.86,0.01,154.59,59034.75,1
2024-05-21,2024-05-21 14:57:00,385.86,385.91,385.86,385.91,0.01,154.59,59034.75,1
2024-05-21,2024-05-21 14:58:00,385.91,385.95,385.91,385.95,0.01,154.59,59034.75,1
2024-05-21,2024-05-21 14:59:00,385.95,386.0,385.95,386.0,0.01,154.59,59034.75,1
2024-05-21,2024-05-21 15:00:00,386.0,388.0,368.2,386.0,0.0,154.59,59034.75,0
2024-05-22,2024-05-22 11:00:00,386.0,387.77,383.03,385.96,-0.01,89.65,34462.61,-1
2024-05-22,2024-05-22 11:01:00,385.96,385.96,385.93,385.93,-0.01,89.65,34462.61,-1
2024-05-22,2024-05-22 11:02:00,385.93,385.93,385.89,385.89,-0.01,89.65,34462.61,-1
2024-05-22,2024-05-22 11:03:00,385.89,385.89,385.85,385.85,-0.01,89.65,34462.61,-1
2024-05-22,2024-05-22 11:04:00,385.85,385.85,385.81,385.81,-0.01,89.65,34462.61,-1
2024-05-22,2024-05-22 11:05:00,385.81,385.81,385.77,385.77,-0.01,89.65,34462.61,-1
2024-05-22,2024-05-22 11:06:00,385.77,385.77,385.74,385.74,-0.01,89.65,34462.61,-1
2024-05-22,2024-05-22 11:07:00,385.74,385.74,385.7,385.7,-0.01,89.65,34462.61,-1
2024-05-22,2024-05-22 11:08:00,385.7,385.7,385.66,385.66,-0.01,89.65,34462.61,-1
2024-05-22,2024-05-22 11:09:00,385.66,385.66,385.62,385.62,-0.01,89.65,34462.61,-1
2024-05-22,2024-05-22 11:10:00,385.62,385.62,385.59,385.59,-0.01,89.65,34462.61,-1
2024-05-22,2024-05-22 11:11:00,385.59,385.59,385.55,385.55,-0.01,89.65,34462.61,-1
2024-05-22,2024-05-22 11:12:00,385.55,385.55,385.51,385.51,-0.01,89.65,34462.61,-1
2024-05-22,2024-05-22 11:13:00,385.51,385.51,385.48,385.48,-0.01,89.65,34462.61,-1
2024-05-22,2024-05-22 11:14:00,385.48,385.48,385.44,385.44,-0.01,89.65,34462.61,-1
2024-05-22,2024-05-22 11:15:00,385.44,385.44,385.4,385.4,-0.01,89.65,34462.61,-1
2024-05-22,2024-05-22 11:16:00,385.4,385.4,385.36,385.36,-0.01,89.65,34462.61,-1
2024-05-22,2024-05-22 11:17:00,385.36,385.36,385.32,385.32,-0.01,89.65,34462.61,-1
2024-05-22,2024-05-22 11:18:00,385.32,385.32,385.29,385.29,-0.01,89.65,34462.61,-1
2024-05-22,2024-05-22 11:19:00,385.29,385.29,385.25,385.25,-0.01,89.65,34462.61,-1
2024-05-22,2024-05-22 11:20:00,385.25,385.25,385.21,385.21,-0.01,89.65,34462.61,-1
2024-05-22,2024-05-22 11:21:00,385.21,385.21,385.18,385.18,-0.01,89.65,34462.61,-1
2024-05-22,2024-05-22 11:22:00,385.18,385.18,385.14,385.14,-0.01,89.65,34462.61,-1
2024-05-22,2024-05-22 11:23:00,385.14,385.14,385.1,385.1,-0.01,89.65,34462.61,-1
2024-05-22,2024-05-22 11:24:00,385.1,385.1,385.06,385.06,-0.01,89.65,34462.61,-1
2024-05-22,2024-05-22 11:25:00,385.06,385.06,385.02,385.02,-0.01,89.65,34462.61,-1
2024-05-22,2024-05-22 11:26:00,385.02,385.02,384.99,384.99,-0.01,89.65,34462.61,-1
2024-05-22,2024-05-22 11:27:00,384.99,384.99,384.95,384.95,-0.01,89.65,34462.61,-1
2024-05-22,2024-05-22 11:28:00,384.95,384.95,384.91,384.91,-0.01,89.65,34462.61,-1
2024-05-22,2024-05-22 11:29:00,384.91,384.91,384.88,384.88,-0.01,89.65,34462.61,-1
2024-05-22,2024-05-22 11:30:00,384.88,384.88,384.84,384.84,-0.01,89.65,34462.61,-1
2024-05-22,2024-05-22 11:31:00,384.84,384.84,384.8,384.8,-0.01,89.65,34462.61,-1
2024-05-22,2024-05-22 11:32:00,384.8,384.8,384.76,384.76,-0.01,89.65,34462.61,-1
2024-05-22,2024-05-22 11:33:00,384.76,384.76,384.73,384.73,-0.01,89.65,34462.61,-1
2024-05-22,2024-05-22 11:34:00,384.73,384.73,384.69,384.69,-0.01,89.65,34462.61,-1
2024-05-22,2024-05-22 11:35:00,384.69,384.69,384.65,384.65,-0.01,89.65,34462.61,-1
2024-05-22,2024-05-22 11:36:00,384.65,384.65,384.61,384.61,-0.01,89.65,34462.61,-1
2024-05-22,2024-05-22 11:37:00,384.61,384.61,384.57,384.57,-0.01,89.65,34462.61,-1
2024-05-22,2024-05-22 11:38:00,384.57,384.57,384.54,384.54,-0.01,89.65,34462.61,-1
2024-05-22,2024-05-22 11:39:00,384.54,384.54,384.5,384.5,-0.01,89.65,34462.61,-1
2024-05-22,2024-05-22 11:40:00,384.5,384.5,384.46,384.46,-0.01,89.65,34462.61,-1
2024-05-22,2024-05-22 11:41:00,384.46,384.46,384.43,384.43,-0.01,89.65,34462.61,-1
2024-05-22,2024-05-22 11:42:00,384.43,384.43,384.39,384.39,-0.01,89.65,34462.61,-1
2024-05-22,2024-05-22 11:43:00,384.39,384.39,384.35,384.35,-0.01,89.65,34462.61,-1
2024-05-22,2024-05-22 11:44:00,384.35,384.35,384.31,384.31,-0.01,89.65,34462.61,-1
2024-05-22,2024-05-22 11:45:00,384.31,384.31,384.27,384.27,-0.01,89.65,34462.61,-1
2024-05-22,2024-05-22 11:46:00,384.27,384.27,384.24,384.24,-0.01,89.65,34462.61,-1
2024-05-22,2024-05-22 11:47:00,384.24,384.24,384.2,384.2,-0.01,89.65,34462.61,-1
2024-05-22,2024-05-22 11:48:00,384.2,384.2,384.16,384.16,-0.01,89.65,34462.61,-1
2024-05-22,2024-05-22 11:49:00,384.16,384.16,384.12,384.12,-0.01,89.65,34462.61,-1
2024-05-22,2024-05-22 11:50:00,384.12,384.12,384.09,384.09,-0.01,89.65,34462.61,-1
2024-05-22,2024-05-22 11:51:00,384.09,384.09,384.05,384.05,-0.01,89.65,34462.61,-1
2024-05-22,2024-05-22 11:52:00,384.05,384.05,384.01,384.01,-0.01,89.65,34462.61,-1
2024-05-22,2024-05-22 11:53:00,384.01,384.01,383.98,383.98,-0.01,89.65,34462.61,-1
2024-05-22,2024-05-22 11:54:00,383.98,383.98,383.94,383.94,-0.01,89.65,34462.61,-1
2024-05-22,2024-05-22 11:55:00,383.94,383.94,383.9,383.9,-0.01,89.65,34462.61,-1
2024-05-22,2024-05-22 11:56:00,383.9,383.9,383.86,383.86,-0.01,89.65,34462.61,-1
2024-05-22,2024-05-22 11:57:00,383.86,383.86,383.82,383.82,-0.01,89.65,34462.61,-1
2024-05-22,2024-05-22 11:58:00,383.82,383.82,383.79,383.79,-0.01,89.65,34462.61,-1
2024-05-22,2024-05-22 11:59:00,383.79,383.79,383.75,383.75,-0.01,89.65,34462.61,-1
2024-05-22,2024-05-22 12:00:00,383.75,383.75,383.71,383.71,-0.01,89.65,34462.61,-1
2024-05-22,2024-05-22 12:01:00,383.71,383.71,383.68,383.68,-0.01,89.65,34462.61,-1
2024-05-22,2024-05-22 12:02:00,383.68,383.68,383.64,383.64,-0.01,89.65,34462.61,-1
2024-05-22,2024-05-22 12:03:00,383.64,383.64,383.6,383.6,-0.01,89.65,34462.61,-1
2024-05-22,2024-05-22 12:04:00,383.6,383.6,383.56,383.56,-0.01,89.65,34462.61,-1
2024-05-22,2024-05-22 12:05:00,383.56,383.56,383.52,383.52,-0.01,89.65,34462.61,-1
2024-05-22,2024-05-22 12:06:00,383.52,383.52,383.49,383.49,-0.01,89.65,34462.61,-1
2024-05-22,2024-05-22 12:07:00,383.49,383.49,383.45,383.45,-0.01,89.65,34462.61,-1
2024-05-22,2024-05-22 12:08:00,383.45,383.45,383.41,383.41,-0.01,89.65,34462.61,-1
2024-05-22,2024-05-22 12:09:00,383.41,383.41,383.38,383.38,-0.01,89.65,34462.61,-1
2024-05-22,2024-05-22 12:10:00,383.38,383.38,383.34,383.34,-0.01,89.65,34462.61,-1
2024-05-22,2024-05-22 12:11:00,383.34,383.34,383.3,383.3,-0.01,89.65,34462.61,-1
2024-05-22,2024-05-22 12:12:00,383.3,383.3,383.26,383.26,-0.01,89.65,34462.61,-1
2024-05-22,2024-05-22 12:13:00,383.26,383.26,383.23,383.23,-0.01,89.65,34462.61,-1
2024-05-22,2024-05-22 12:14:00,383.23,383.23,383.19,383.19,-0.01,89.65,34462.61,-1
2024-05-22,2024-05-22 12:15:00,383.19,383.19,383.15,383.15,-0.01,89.65,34462.61,-1
2024-05-22,2024-05-22 12:16:00,383.15,383.15,383.11,383.11,-0.01,89.65,34462.61,-1
2024-05-22,2024-05-22 12:17:00,383.11,383.11,383.07,383.07,-0.01,89.65,34462.61,-1
2024-05-22,2024-05-22 12:18:00,383.07,383.07,383.04,383.04,-0.01,89.65,34462.61,-1
2024-05-22,2024-05-22 12:19:00,383.04,383.04,383.0,383.0,-0.01,89.65,34462.61,-1
2024-05-22,2024-05-22 12:20:00,383.0,383.0,382.96,382.96,-0.01,89.65,34462.61,-1
2024-05-22,2024-05-22 12:21:00,382.96,382.96,382.93,382.93,-0.01,89.65,34462.61,-1
2024-05-22,2024-05-22 12:22:00,382.93,382.93,382.89,382.89,-0.01,89.65,34462.61,-1
2024-05-22,2024-05-22 12:23:00,382.89,382.89,382.85,382.85,-0.01,89.65,34462.61,-1
2024-05-22,2024-05-22 12:24:00,382.85,382.85,382.81,382.81,-0.01,89.65,34462.61,-1
2024-05-22,2024-05-22 12:25:00,382.81,382.81,382.77,382.77,-0.01,89.65,34462.61,-1
2024-05-22,2024-05-22 12:26:00,382.77,382.77,382.74,382.74,-0.01,89.65,34462.61,-1
2024-05-22,2024-05-22 12:27:00,382.74,382.74,382.7,382.7,-0.01,89.65,34462.61,-1
2024-05-22,2024-05-22 12:28:00,382.7,382.7,382.66,382.66,-0.01,89.65,34462.61,-1
2024-05-22,2024-05-22 12:29:00,382.66,382.66,382.62,382.62,-0.01,89.65,34462.61,-1
2024-05-22,2024-05-22 12:30:00,382.62,382.62,382.59,382.59,-0.01,89.65,34462.61,-1
2024-05-22,2024-05-22 12:31:00,382.59,382.59,382.55,382.55,-0.01,89.65,34462.61,-1
2024-05-22,2024-05-22 12:32:00,382.55,382.55,382.51,382.51,-0.01,89.65,34462.61,-1
2024-05-22,2024-05-22 12:33:00,382.51,382.51,382.48,382.48,-0.01,89.65,34462.61,-1
2024-05-22,2024-05-22 12:34:00,382.48,382.48,382.44,382.44,-0.01,89.65,34462.61,-1
2024-05-22,2024-05-22 12:35:00,382.44,382.44,382.4,382.4,-0.01,89.65,34462.61,-1
2024-05-22,2024-05-22 12:36:00,382.4,382.4,382.36,382.36,-0.01,89.65,34462.61,-1
2024-05-22,2024-05-22 12:37:00,382.36,382.36,382.32,382.32,-0.01,89.65,34462.61,-1
2024-05-22,2024-05-22 12:38:00,382.32,382.32,382.29,382.29,-0.01,89.65,34462.61,-1
2024-05-22,2024-05-22 12:39:00,382.29,382.29,382.25,382.25,-0.01,89.65,34462.61,-1
2024-05-22,2024-05-22 12:40:00,382.25,382.25,382.21,382.21,-0.01,89.65,34462.61,-1
2024-05-22,2024-05-22 12:41:00,382.21,382.21,382.18,382.18,-0.01,89.65,34462.61,-1
2024-05-22,2024-05-22 12:42:00,382.18,382.18,382.14,382.14,-0.01,89.65,34462.61,-1
2024-05-22,2024-05-22 12:43:00,382.14,382.14,382.1,382.1,-0.01,89.65,34462.61,-1
2024-05-22,2024-05-22 12:44:00,382.1,382.1,382.06,382.06,-0.01,89.65,34462.61,-1
2024-05-22,2024-05-22 12:45:00,382.06,382.06,382.02,382.02,-0.01,89.65,34462.61,-1
2024-05-22,2024-05-22 12:46:00,382.02,382.02,381.99,381.99,-0.01,89.65,34462.61,-1
2024-05-22,2024-05-22 12:47:00,381.99,381.99,381.95,381.95,-0.01,89.65,34462.61,-1
2024-05-22,2024-05-22 12:48:00,381.95,381.95,381.91,381.91,-0.01,89.65,34462.61,-1
2024-05-22,2024-05-22 12:49:00,381.91,381.91,381.88,381.88,-0.01,89.65,34462.61,-1
2024-05-22,2024-05-22 12:50:00,381.88,381.88,381.84,381.84,-0.01,89.65,34462.61,-1
2024-05-22,2024-05-22 12:51:00,381.84,381.84,381.8,381.8,-0.01,89.65,34462.61,-1
2024-05-22,2024-05-22 12:52:00,381.8,381.8,381.76,381.76,-0.01,89.65,34462.61,-1
2024-05-22,2024-05-22 12:53:00,381.76,381.76,381.73,381.73,-0.01,89.65,34462.61,-1
2024-05-22,2024-05-22 12:54:00,381.73,381.73,381.69,381.69,-0.01,89.65,34462.61,-1
2024-05-22,2024-05-22 12:55:00,381.69,381.69,381.65,381.65,-0.01,89.65,34462.61,-1
2024-05-22,2024-05-22 12:56:00,381.65,381.65,381.61,381.61,-0.01,89.65,34462.61,-1
2024-05-22,2024-05-22 12:57:00,381.61,381.61,381.57,381.57,-0.01,89.65,34462.61,-1
2024-05-22,2024-05-22 12:58:00,381.57,381.57,381.54,381.54,-0.01,89.65,34462.61,-1
2024-05-22,2024-05-22 12:59:00,381.54,381.54,381.5,381.5,-0.01,89.65,34462.61,-1
2024-05-22,2024-05-22 13:00:00,381.5,391.9,376.1,381.46,-0.01,89.65,34462.61,-1
2024-05-22,2024-05-22 13:01:00,381.46,381.46,381.43,381.43,-0.01,89.65,34462.61,-1
2024-05-22,2024-05-22 13:02:00,381.43,381.43,381.39,381.39,-0.01,89.65,34462.61,-1
2024-05-22,2024-05-22 13:03:00,381.39,381.39,381.35,381.35,-0.01,89.65,34462.61,-1
2024-05-22,2024-05-22 13:04:00,381.35,381.35,381.31,381.31,-0.01,89.65,34462.61,-1
2024-05-22,2024-05-22 13:05:00,381.31,381.31,381.27,381.27,-0.01,89.65,34462.61,-1
2024-05-22,2024-05-22 13:06:00,381.27,381.27,381.24,381.24,-0.01,89.65,34462.61,-1
2024-05-22,2024-05-22 13:07:00,381.24,381.24,381.2,381.2,-0.01,89.65,34462.61,-1
2024-05-22,2024-05-22 13:08:00,381.2,381.2,381.16,381.16,-0.01,89.65,34462.61,-1
2024-05-22,2024-05-22 13:09:00,381.16,381.16,381.12,381.12,-0.01,89.65,34462.61,-1
2024-05-22,2024-05-22 13:10:00,381.12,381.12,381.09,381.09,-0.01,89.65,34462.61,-1
2024-05-22,2024-05-22 13:11:00,381.09,381.09,381.05,381.05,-0.01,89.65,34462.61,-1
2024-05-22,2024-05-22 13:12:00,381.05,381.05,381.01,381.01,-0.01,89.65,34462.61,-1
2024-05-22,2024-05-22 13:13:00,381.01,381.01,380.98,380.98,-0.01,89.65,34462.61,-1
2024-05-22,2024-05-22 13:14:00,380.98,380.98,380.94,380.94,-0.01,89.65,34462.61,-1
2024-05-22,2024-05-22 13:15:00,380.94,380.94,380.9,380.9,-0.01,89.65,34462.61,-1
2024-05-22,2024-05-22 13:16:00,380.9,380.9,380.86,380.86,-0.01,89.65,34462.61,-1
2024-05-22,2024-05-22 13:17:00,380.86,380.86,380.82,380.82,-0.01,89.65,34462.61,-1
2024-05-22,2024-05-22 13:18:00,380.82,380.82,380.79,380.79,-0.01,89.65,34462.61,-1
2024-05-22,2024-05-22 13:19:00,380.79,380.79,380.75,380.75,-0.01,89.65,34462.61,-1
2024-05-22,2024-05-22 13:20:00,380.75,380.75,380.71,380.71,-0.01,89.65,34462.61,-1
2024-05-22,2024-05-22 13:21:00,380.71,380.71,380.68,380.68,-0.01,89.65,34462.61,-1
2024-05-22,2024-05-22 13:22:00,380.68,380.68,380.64,380.64,-0.01,89.65,34462.61,-1
2024-05-22,2024-05-22 13:23:00,380.64,380.64,380.6,380.6,-0.01,89.65,34462.61,-1
2024-05-22,2024-05-22 13:24:00,380.6,380.6,380.56,380.56,-0.01,89.65,34462.61,-1
2024-05-22,2024-05-22 13:25:00,380.56,380.56,380.52,380.52,-0.01,89.65,34462.61,-1
2024-05-22,2024-05-22 13:26:00,380.52,380.52,380.49,380.49,-0.01,89.65,34462.61,-1
2024-05-22,2024-05-22 13:27:00,380.49,380.49,380.45,380.45,-0.01,89.65,34462.61,-1
2024-05-22,2024-05-22 13:28:00,380.45,380.45,380.41,380.41,-0.01,89.65,34462.61,-1
2024-05-22,2024-05-22 13:29:00,380.41,380.41,380.38,380.38,-0.01,89.65,34462.61,-1
2024-05-22,2024-05-22 13:30:00,380.38,380.38,380.34,380.34,-0.01,89.65,34462.61,-1
2024-05-22,2024-05-22 13:31:00,380.34,380.34,380.3,380.3,-0.01,89.65,34462.61,-1
2024-05-22,2024-05-22 13:32:00,380.3,380.3,380.26,380.26,-0.01,89.65,34462.61,-1
2024-05-22,2024-05-22 13:33:00,380.26,380.26,380.23,380.23,-0.01,89.65,34462.61,-1
2024-05-22,2024-05-22 13:34:00,380.23,380.23,380.19,380.19,-0.01,89.65,34462.61,-1
2024-05-22,2024-05-22 13:35:00,380.19,380.19,380.15,380.15,-0.01,89.65,34462.61,-1
2024-05-22,2024-05-22 13:36:00,380.15,380.15,380.11,380.11,-0.01,89.65,34462.61,-1
2024-05-22,2024-05-22 13:37:00,380.11,380.11,380.07,380.07,-0.01,89.65,34462.61,-1
2024-05-22,2024-05-22 13:38:00,380.07,380.07,380.04,380.04,-0.01,89.65,34462.61,-1
2024-05-22,2024-05-22 13:39:00,380.04,380.04,380.0,380.0,-0.01,89.65,34462.61,-1
2024-05-22,2024-05-22 13:40:00,380.0,380.0,379.96,379.96,-0.01,89.65,34462.61,-1
2024-05-22,2024-05-22 13:41:00,379.96,379.96,379.93,379.93,-0.01,89.65,34462.61,-1
2024-05-22,2024-05-22 13:42:00,379.93,379.93,379.89,379.89,-0.01,89.65,34462.61,-1
2024-05-22,2024-05-22 13:43:00,379.89,379.89,379.85,379.85,-0.01,89.65,34462.61,-1
2024-05-22,2024-05-22 13:44:00,379.85,379.85,379.81,379.81,-0.01,89.65,34462.61,-1
2024-05-22,2024-05-22 13:45:00,379.81,379.81,379.77,379.77,-0.01,89.65,34462.61,-1
2024-05-22,2024-05-22 13:46:00,379.77,379.77,379.74,379.74,-0.01,89.65,34462.61,-1
2024-05-22,2024-05-22 13:47:00,379.74,379.74,379.7,379.7,-0.01,89.65,34462.61,-1
2024-05-22,2024-05-22 13:48:00,379.7,379.7,379.66,379.66,-0.01,89.65,34462.61,-1
2024-05-22,2024-05-22 13:49:00,379.66,379.66,379.62,379.62,-0.01,89.65,34462.61,-1
2024-05-22,2024-05-22 13:50:00,379.62,379.62,379.59,379.59,-0.01,89.65,34462.61,-1
2024-05-22,2024-05-22 13:51:00,379.59,379.59,379.55,379.55,-0.01,89.65,34462.61,-1
2024-05-22,2024-05-22 13:52:00,379.55,379.55,379.51,379.51,-0.01,89.65,34462.61,-1
2024-05-22,2024-05-22 13:53:00,379.51,379.51,379.48,379.48,-0.01,89.65,34462.61,-1
2024-05-22,2024-05-22 13:54:00,379.48,379.48,379.44,379.44,-0.01,89.65,34462.61,-1
2024-05-22,2024-05-22 13:55:00,379.44,379.44,379.4,379.4,-0.01,89.65,34462.61,-1
2024-05-22,2024-05-22 13:56:00,379.4,379.4,379.36,379.36,-0.01,89.65,34462.61,-1
2024-05-22,2024-05-22 13:57:00,379.36,379.36,379.32,379.32,-0.01,89.65,34462.61,-1
2024-05-22,2024-05-22 13:58:00,379.32,379.32,379.29,379.29,-0.01,89.65,34462.61,-1
2024-05-22,2024-05-22 13:59:00,379.29,379.29,379.25,379.25,-0.01,89.65,34462.61,-1
2024-05-22,2024-05-22 14:00:00,379.25,379.25,379.21,379.21,-0.01,89.65,34462.61,-1
2024-05-22,2024-05-22 14:01:00,379.21,379.21,379.18,379.18,-0.01,89.65,34462.61,-1
2024-05-22,2024-05-22 14:02:00,379.18,379.18,379.14,379.14,-0.01,89.65,34462.61,-1
2024-05-22,2024-05-22 14:03:00,379.14,379.14,379.1,379.1,-0.01,89.65,34462.61,-1
2024-05-22,2024-05-22 14:04:00,379.1,379.1,379.06,379.06,-0.01,89.65,34462.61,-1
2024-05-22,2024-05-22 14:05:00,379.06,379.06,379.02,379.02,-0.01,89.65,34462.61,-1
2024-05-22,2024-05-22 14:06:00,379.02,379.02,378.99,378.99,-0.01,89.65,34462.61,-1
2024-05-22,2024-05-22 14:07:00,378.99,378.99,378.95,378.95,-0.01,89.65,34462.61,-1
2024-05-22,2024-05-22 14:08:00,378.95,378.95,378.91,378.91,-0.01,89.65,34462.61,-1
2024-05-22,2024-05-22 14:09:00,378.91,378.91,378.88,378.88,-0.01,89.65,34462.61,-1
2024-05-22,2024-05-22 14:10:00,378.88,378.88,378.84,378.84,-0.01,89.65,34462.61,-1
2024-05-22,2024-05-22 14:11:00,378.84,378.84,378.8,378.8,-0.01,89.65,34462.61,-1
2024-05-22,2024-05-22 14:12:00,378.8,378.8,378.76,378.76,-0.01,89.65,34462.61,-1
2024-05-22,2024-05-22 14:13:00,378.76,378.76,378.73,378.73,-0.01,89.65,34462.61,-1
2024-05-22,2024-05-22 14:14:00,378.73,378.73,378.69,378.69,-0.01,89.65,34462.61,-1
2024-05-22,2024-05-22 14:15:00,378.69,378.69,378.65,378.65,-0.01,89.65,34462.61,-1
2024-05-22,2024-05-22 14:16:00,378.65,378.65,378.61,378.61,-0.01,89.65,34462.61,-1
2024-05-22,2024-05-22 14:17:00,378.61,378.61,378.57,378.57,-0.01,89.65,34462.61,-1
2024-05-22,2024-05-22 14:18:00,378.57,378.57,378.54,378.54,-0.01,89.65,34462.61,-1
2024-05-22,2024-05-22 14:19:00,378.54,378.54,378.5,378.5,-0.01,89.65,34462.61,-1
2024-05-22,2024-05-22 14:20:00,378.5,378.5,378.46,378.46,-0.01,89.65,34462.61,-1
2024-05-22,2024-05-22 14:21:00,378.46,378.46,378.43,378.43,-0.01,89.65,34462.61,-1
2024-05-22,2024-05-22 14:22:00,378.43,378.43,378.39,378.39,-0.01,89.65,34462.61,-1
2024-05-22,2024-05-22 14:23:00,378.39,378.39,378.35,378.35,-0.01,89.65,34462.61,-1
2024-05-22,2024-05-22 14:24:00,378.35,378.35,378.31,378.31,-0.01,89.65,34462.61,-1
2024-05-22,2024-05-22 14:25:00,378.31,378.31,378.27,378.27,-0.01,89.65,34462.61,-1
2024-05-22,2024-05-22 14:26:00,378.27,378.27,378.24,378.24,-0.01,89.65,34462.61,-1
2024-05-22,2024-05-22 14:27:00,378.24,378.24,378.2,378.2,-0.01,89.65,34462.61,-1
2024-05-22,2024-05-22 14:28:00,378.2,378.2,378.16,378.16,-0.01,89.65,34462.61,-1
2024-05-22,2024-05-22 14:29:00,378.16,378.16,378.12,378.12,-0.01,89.65,34462.61,-1
2024-05-22,2024-05-22 14:30:00,378.12,378.12,378.09,378.09,-0.01,89.65,34462.61,-1
2024-05-22,2024-05-22 14:31:00,378.09,378.09,378.05,378.05,-0.01,89.65,34462.61,-1
2024-05-22,2024-05-22 14:32:00,378.05,378.05,378.01,378.01,-0.01,89.65,34462.61,-1
2024-05-22,2024-05-22 14:33:00,378.01,378.01,377.98,377.98,-0.01,89.65,34462.61,-1
2024-05-22,2024-05-22 14:34:00,377.98,377.98,377.94,377.94,-0.01,89.65,34462.61,-1
2024-05-22,2024-05-22 14:35:00,377.94,377.94,377.9,377.9,-0.01,89.65,34462.61,-1
2024-05-22,2024-05-22 14:36:00,377.9,377.9,377.86,377.86,-0.01,89.65,34462.61,-1
2024-05-22,2024-05-22 14:37:00,377.86,377.86,377.82,377.82,-0.01,89.65,34462.61,-1
2024-05-22,2024-05-22 14:38:00,377.82,377.82,377.79,377.79,-0.01,89.65,34462.61,-1
2024-05-22,2024-05-22 14:39:00,377.79,377.79,377.75,377.75,-0.01,89.65,34462.61,-1
2024-05-22,2024-05-22 14:40:00,377.75,377.75,377.71,377.71,-0.01,89.65,34462.61,-1
2024-05-22,2024-05-22 14:41:00,377.71,377.71,377.68,377.68,-0.01,89.65,34462.61,-1
2024-05-22,2024-05-22 14:42:00,377.68,377.68,377.64,377.64,-0.01,89.65,34462.61,-1
2024-05-22,2024-05-22 14:43:00,377.64,377.64,377.6,377.6,-0.01,89.65,34462.61,-1
2024-05-22,2024-05-22 14:44:00,377.6,377.6,377.56,377.56,-0.01,89.65,34462.61,-1
2024-05-22,2024-05-22 14:45:00,377.56,377.56,377.52,377.52,-0.01,89.65,34462.61,-1
2024-05-22,2024-05-22 14:46:00,377.52,377.52,377.49,377.49,-0.01,89.65,34462.61,-1
2024-05-22,2024-05-22 14:47:00,377.49,377.49,377.45,377.45,-0.01,89.65,34462.61,-1
2024-05-22,2024-05-22 14:48:00,377.45,377.45,377.41,377.41,-0.01,89.65,34462.61,-1
2024-05-22,2024-05-22 14:49:00,377.41,377.41,377.38,377.38,-0.01,89.65,34462.61,-1
2024-05-22,2024-05-22 14:50:00,377.38,377.38,377.34,377.34,-0.01,89.65,34462.61,-1
2024-05-22,2024-05-22 14:51:00,377.34,377.34,377.3,377.3,-0.01,89.65,34462.61,-1
2024-05-22,2024-05-22 14:52:00,377.3,377.3,377.26,377.26,-0.01,89.65,34462.61,-1
2024-05-22,2024-05-22 14:53:00,377.26,377.26,377.23,377.23,-0.01,89.65,34462.61,-1
2024-05-22,2024-05-22 14:54:00,377.23,377.23,377.19,377.19,-0.01,89.65,34462.61,-1
2024-05-22,2024-05-22 14:55:00,377.19,377.19,377.15,377.15,-0.01,89.65,34462.61,-1
2024-05-22,2024-05-22 14:56:00,377.15,377.15,377.11,377.11,-0.01,89.65,34462.61,-1
2024-05-22,2024-05-22 14:57:00,377.11,377.11,377.07,377.07,-0.01,89.65,34462.61,-1
2024-05-22,2024-05-22 14:58:00,377.07,377.07,377.04,377.04,-0.01,89.65,34462.61,-1
2024-05-22,2024-05-22 14:59:00,377.04,377.04,377.0,377.0,-0.01,89.65,34462.61,-1
2024-05-22,2024-05-22 15:00:00,377.0,391.9,376.1,377.0,0.0,89.65,34462.61,0
2024-05-26,2024-05-26 11:00:00,377.0,379.1,375.2,376.98,-0.01,49.78,18629.53,-1
2024-05-26,2024-05-26 11:01:00,376.98,376.98,376.96,376.96,-0.01,49.78,18629.53,-1
2024-05-26,2024-05-26 11:02:00,376.96,376.96,376.94,376.94,-0.01,49.78,18629.53,-1
2024-05-26,2024-05-26 11:03:00,376.94,376.94,376.92,376.92,-0.01,49.78,18629.53,-1
2024-05-26,2024-05-26 11:04:00,376.92,376.92,376.9,376.9,-0.01,49.78,18629.53,-1
2024-05-26,2024-05-26 11:05:00,376.9,376.9,376.88,376.88,-0.01,49.78,18629.53,-1
2024-05-26,2024-05-26 11:06:00,376.88,376.88,376.85,376.85,-0.01,49.78,18629.53,-1
2024-05-26,2024-05-26 11:07:00,376.85,376.85,376.83,376.83,-0.01,49.78,18629.53,-1
2024-05-26,2024-05-26 11:08:00,376.83,376.83,376.81,376.81,-0.01,49.78,18629.53,-1
2024-05-26,2024-05-26 11:09:00,376.81,376.81,376.79,376.79,-0.01,49.78,18629.53,-1
2024-05-26,2024-05-26 11:10:00,376.79,376.79,376.77,376.77,-0.01,49.78,18629.53,-1
2024-05-26,2024-05-26 11:11:00,376.77,376.77,376.75,376.75,-0.01,49.78,18629.53,-1
2024-05-26,2024-05-26 11:12:00,376.75,376.75,376.73,376.73,-0.01,49.78,18629.53,-1
2024-05-26,2024-05-26 11:13:00,376.73,376.73,376.71,376.71,-0.01,49.78,18629.53,-1
2024-05-26,2024-05-26 11:14:00,376.71,376.71,376.69,376.69,-0.01,49.78,18629.53,-1
2024-05-26,2024-05-26 11:15:00,376.69,376.69,376.67,376.67,-0.01,49.78,18629.53,-1
2024-05-26,2024-05-26 11:16:00,376.67,376.67,376.65,376.65,-0.01,49.78,18629.53,-1
2024-05-26,2024-05-26 11:17:00,376.65,376.65,376.62,376.62,-0.01,49.78,18629.53,-1
2024-05-26,2024-05-26 11:18:00,376.62,376.62,376.6,376.6,-0.01,49.78,18629.53,-1
2024-05-26,2024-05-26 11:19:00,376.6,376.6,376.58,376.58,-0.01,49.78,18629.53,-1
2024-05-26,2024-05-26 11:20:00,376.58,376.58,376.56,376.56,-0.01,49.78,18629.53,-1
2024-05-26,2024-05-26 11:21:00,376.56,376.56,376.54,376.54,-0.01,49.78,18629.53,-1
2024-05-26,2024-05-26 11:22:00,376.54,376.54,376.52,376.52,-0.01,49.78,18629.53,-1
2024-05-26,2024-05-26 11:23:00,376.52,376.52,376.5,376.5,-0.01,49.78,18629.53,-1
2024-05-26,2024-05-26 11:24:00,376.5,376.5,376.48,376.48,-0.01,49.78,18629.53,-1
2024-05-26,2024-05-26 11:25:00,376.48,376.48,376.46,376.46,-0.01,49.78,18629.53,-1
2024-05-26,2024-05-26 11:26:00,376.46,376.46,376.44,376.44,-0.01,49.78,18629.53,-1
2024-05-26,2024-05-26 11:27:00,376.44,376.44,376.42,376.42,-0.01,49.78,18629.53,-1
2024-05-26,2024-05-26 11:28:00,376.42,376.42,376.4,376.4,-0.01,49.78,18629.53,-1
2024-05-26,2024-05-26 11:29:00,376.4,376.4,376.38,376.38,-0.01,49.78,18629.53,-1
2024-05-26,2024-05-26 11:30:00,376.38,376.38,376.35,376.35,-0.01,49.78,18629.53,-1
2024-05-26,2024-05-26 11:31:00,376.35,376.35,376.33,376.33,-0.01,49.78,18629.53,-1
2024-05-26,2024-05-26 11:32:00,376.33,376.33,376.31,376.31,-0.01,49.78,18629.53,-1
2024-05-26,2024-05-26 11:33:00,376.31,376.31,376.29,376.29,-0.01,49.78,18629.53,-1
2024-05-26,2024-05-26 11:34:00,376.29,376.29,376.27,376.27,-0.01,49.78,18629.53,-1
2024-05-26,2024-05-26 11:35:00,376.27,376.27,376.25,376.25,-0.01,49.78,18629.53,-1
2024-05-26,2024-05-26 11:36:00,376.25,376.25,376.23,376.23,-0.01,49.78,18629.53,-1
2024-05-26,2024-05-26 11:37:00,376.23,376.23,376.21,376.21,-0.01,49.78,18629.53,-1
2024-05-26,2024-05-26 11:38:00,376.21,376.21,376.19,376.19,-0.01,49.78,18629.53,-1
2024-05-26,2024-05-26 11:39:00,376.19,376.19,376.17,376.17,-0.01,49.78,18629.53,-1
2024-05-26,2024-05-26 11:40:00,376.17,376.17,376.15,376.15,-0.01,49.78,18629.53,-1
2024-05-26,2024-05-26 11:41:00,376.15,376.15,376.12,376.12,-0.01,49.78,18629.53,-1
2024-05-26,2024-05-26 11:42:00,376.12,376.12,376.1,376.1,-0.01,49.78,18629.53,-1
2024-05-26,2024-05-26 11:43:00,376.1,376.1,376.08,376.08,-0.01,49.78,18629.53,-1
2024-05-26,2024-05-26 11:44:00,376.08,376.08,376.06,376.06,-0.01,49.78,18629.53,-1
2024-05-26,2024-05-26 11:45:00,376.06,376.06,376.04,376.04,-0.01,49.78,18629.53,-1
2024-05-26,2024-05-26 11:46:00,376.04,376.04,376.02,376.02,-0.01,49.78,18629.53,-1
2024-05-26,2024-05-26 11:47:00,376.02,376.02,376.0,376.0,-0.01,49.78,18629.53,-1
2024-05-26,2024-05-26 11:48:00,376.0,376.0,375.98,375.98,-0.01,49.78,18629.53,-1
2024-05-26,2024-05-26 11:49:00,375.98,375.98,375.96,375.96,-0.01,49.78,18629.53,-1
2024-05-26,2024-05-26 11:50:00,375.96,375.96,375.94,375.94,-0.01,49.78,18629.53,-1
2024-05-26,2024-05-26 11:51:00,375.94,375.94,375.92,375.92,-0.01,49.78,18629.53,-1
2024-05-26,2024-05-26 11:52:00,375.92,375.92,375.9,375.9,-0.01,49.78,18629.53,-1
2024-05-26,2024-05-26 11:53:00,375.9,375.9,375.88,375.88,-0.01,49.78,18629.53,-1
2024-05-26,2024-05-26 11:54:00,375.88,375.88,375.85,375.85,-0.01,49.78,18629.53,-1
2024-05-26,2024-05-26 11:55:00,375.85,375.85,375.83,375.83,-0.01,49.78,18629.53,-1
2024-05-26,2024-05-26 11:56:00,375.83,375.83,375.81,375.81,-0.01,49.78,18629.53,-1
2024-05-26,2024-05-26 11:57:00,375.81,375.81,375.79,375.79,-0.01,49.78,18629.53,-1
2024-05-26,2024-05-26 11:58:00,375.79,375.79,375.77,375.77,-0.01,49.78,18629.53,-1
2024-05-26,2024-05-26 11:59:00,375.77,375.77,375.75,375.75,-0.01,49.78,18629.53,-1
2024-05-26,2024-05-26 12:00:00,375.75,375.75,375.73,375.73,-0.01,49.78,18629.53,-1
2024-05-26,2024-05-26 12:01:00,375.73,375.73,375.71,375.71,-0.01,49.78,18629.53,-1
2024-05-26,2024-05-26 12:02:00,375.71,375.71,375.69,375.69,-0.01,49.78,18629.53,-1
2024-05-26,2024-05-26 12:03:00,375.69,375.69,375.67,375.67,-0.01,49.78,18629.53,-1
2024-05-26,2024-05-26 12:04:00,375.67,375.67,375.65,375.65,-0.01,49.78,18629.53,-1
2024-05-26,2024-05-26 12:05:00,375.65,375.65,375.62,375.62,-0.01,49.78,18629.53,-1
2024-05-26,2024-05-26 12:06:00,375.62,375.62,375.6,375.6,-0.01,49.78,18629.53,-1
2024-05-26,2024-05-26 12:07:00,375.6,375.6,375.58,375.58,-0.01,49.78,18629.53,-1
2024-05-26,2024-05-26 12:08:00,375.58,375.58,375.56,375.56,-0.01,49.78,18629.53,-1
2024-05-26,2024-05-26 12:09:00,375.56,375.56,375.54,375.54,-0.01,49.78,18629.53,-1
2024-05-26,2024-05-26 12:10:00,375.54,375.54,375.52,375.52,-0.01,49.78,18629.53,-1
2024-05-26,2024-05-26 12:11:00,375.52,375.52,375.5,375.5,-0.01,49.78,18629.53,-1
2024-05-26,2024-05-26 12:12:00,375.5,375.5,375.48,375.48,-0.01,49.78,18629.53,-1
2024-05-26,2024-05-26 12:13:00,375.48,375.48,375.46,375.46,-0.01,49.78,18629.53,-1
2024-05-26,2024-05-26 12:14:00,375.46,375.46,375.44,375.44,-0.01,49.78,18629.53,-1
2024-05-26,2024-05-26 12:15:00,375.44,375.44,375.42,375.42,-0.01,49.78,18629.53,-1
2024-05-26,2024-05-26 12:16:00,375.42,375.42,375.4,375.4,-0.01,49.78,18629.53,-1
2024-05-26,2024-05-26 12:17:00,375.4,375.4,375.38,375.38,-0.01,49.78,18629.53,-1
2024-05-26,2024-05-26 12:18:00,375.38,375.38,375.35,375.35,-0.01,49.78,18629.53,-1
2024-05-26,2024-05-26 12:19:00,375.35,375.35,375.33,375.33,-0.01,49.78,18629.53,-1
2024-05-26,2024-05-26 12:20:00,375.33,375.33,375.31,375.31,-0.01,49.78,18629.53,-1
2024-05-26,2024-05-26 12:21:00,375.31,375.31,375.29,375.29,-0.01,49.78,18629.53,-1
2024-05-26,2024-05-26 12:22:00,375.29,375.29,375.27,375.27,-0.01,49.78,18629.53,-1
2024-05-26,2024-05-26 12:23:00,375.27,375.27,375.25,375.25,-0.01,49.78,18629.53,-1
2024-05-26,2024-05-26 12:24:00,375.25,375.25,375.23,375.23,-0.01,49.78,18629.53,-1
2024-05-26,2024-05-26 12:25:00,375.23,375.23,375.21,375.21,-0.01,49.78,18629.53,-1
2024-05-26,2024-05-26 12:26:00,375.21,375.21,375.19,375.19,-0.01,49.78,18629.53,-1
2024-05-26,2024-05-26 12:27:00,375.19,375.19,375.17,375.17,-0.01,49.78,18629.53,-1
2024-05-26,2024-05-26 12:28:00,375.17,375.17,375.15,375.15,-0.01,49.78,18629.53,-1
2024-05-26,2024-05-26 12:29:00,375.15,375.15,375.12,375.12,-0.01,49.78,18629.53,-1
2024-05-26,2024-05-26 12:30:00,375.12,375.12,375.1,375.1,-0.01,49.78,18629.53,-1
2024-05-26,2024-05-26 12:31:00,375.1,375.1,375.08,375.08,-0.01,49.78,18629.53,-1
2024-05-26,2024-05-26 12:32:00,375.08,375.08,375.06,375.06,-0.01,49.78,18629.53,-1
2024-05-26,2024-05-26 12:33:00,375.06,375.06,375.04,375.04,-0.01,49.78,18629.53,-1
2024-05-26,2024-05-26 12:34:00,375.04,375.04,375.02,375.02,-0.01,49.78,18629.53,-1
2024-05-26,2024-05-26 12:35:00,375.02,375.02,375.0,375.0,-0.01,49.78,18629.53,-1
2024-05-26,2024-05-26 12:36:00,375.0,375.0,374.98,374.98,-0.01,49.78,18629.53,-1
2024-05-26,2024-05-26 12:37:00,374.98,374.98,374.96,374.96,-0.01,49.78,18629.53,-1
2024-05-26,2024-05-26 12:38:00,374.96,374.96,374.94,374.94,-0.01,49.78,18629.53,-1
2024-05-26,2024-05-26 12:39:00,374.94,374.94,374.92,374.92,-0.01,49.78,18629.53,-1
2024-05-26,2024-05-26 12:40:00,374.92,374.92,374.9,374.9,-0.01,49.78,18629.53,-1
2024-05-26,2024-05-26 12:41:00,374.9,374.9,374.88,374.88,-0.01,49.78,18629.53,-1
2024-05-26,2024-05-26 12:42:00,374.88,374.88,374.85,374.85,-0.01,49.78,18629.53,-1
2024-05-26,2024-05-26 12:43:00,374.85,374.85,374.83,374.83,-0.01,49.78,18629.53,-1
2024-05-26,2024-05-26 12:44:00,374.83,374.83,374.81,374.81,-0.01,49.78,18629.53,-1
2024-05-26,2024-05-26 12:45:00,374.81,374.81,374.79,374.79,-0.01,49.78,18629.53,-1
2024-05-26,2024-05-26 12:46:00,374.79,374.79,374.77,374.77,-0.01,49.78,18629.53,-1
2024-05-26,2024-05-26 12:47:00,374.77,374.77,374.75,374.75,-0.01,49.78,18629.53,-1
2024-05-26,2024-05-26 12:48:00,374.75,374.75,374.73,374.73,-0.01,49.78,18629.53,-1
2024-05-26,2024-05-26 12:49:00,374.73,374.73,374.71,374.71,-0.01,49.78,18629.53,-1
2024-05-26,2024-05-26 12:50:00,374.71,374.71,374.69,374.69,-0.01,49.78,18629.53,-1
2024-05-26,2024-05-26 12:51:00,374.69,374.69,374.67,374.67,-0.01,49.78,18629.53,-1
2024-05-26,2024-05-26 12:52:00,374.67,374.67,374.65,374.65,-0.01,49.78,18629.53,-1
2024-05-26,2024-05-26 12:53:00,374.65,374.65,374.62,374.62,-0.01,49.78,18629.53,-1
2024-05-26,2024-05-26 12:54:00,374.62,374.62,374.6,374.6,-0.01,49.78,18629.53,-1
2024-05-26,2024-05-26 12:55:00,374.6,374.6,374.58,374.58,-0.01,49.78,18629.53,-1
2024-05-26,2024-05-26 12:56:00,374.58,374.58,374.56,374.56,-0.01,49.78,18629.53,-1
2024-05-26,2024-05-26 12:57:00,374.56,374.56,374.54,374.54,-0.01,49.78,18629.53,-1
2024-05-26,2024-05-26 12:58:00,374.54,374.54,374.52,374.52,-0.01,49.78,18629.53,-1
2024-05-26,2024-05-26 12:59:00,374.52,374.52,374.5,374.5,-0.01,49.78,18629.53,-1
2024-05-26,2024-05-26 13:00:00,374.5,384.0,371.0,374.48,-0.01,49.78,18629.53,-1
2024-05-26,2024-05-26 13:01:00,374.48,374.48,374.46,374.46,-0.01,49.78,18629.53,-1
2024-05-26,2024-05-26 13:02:00,374.46,374.46,374.44,374.44,-0.01,49.78,18629.53,-1
2024-05-26,2024-05-26 13:03:00,374.44,374.44,374.42,374.42,-0.01,49.78,18629.53,-1
2024-05-26,2024-05-26 13:04:00,374.42,374.42,374.4,374.4,-0.01,49.78,18629.53,-1
2024-05-26,2024-05-26 13:05:00,374.4,374.4,374.38,374.38,-0.01,49.78,18629.53,-1
2024-05-26,2024-05-26 13:06:00,374.38,374.38,374.35,374.35,-0.01,49.78,18629.53,-1
2024-05-26,2024-05-26 13:07:00,374.35,374.35,374.33,374.33,-0.01,49.78,18629.53,-1
2024-05-26,2024-05-26 13:08:00,374.33,374.33,374.31,374.31,-0.01,49.78,18629.53,-1
2024-05-26,2024-05-26 13:09:00,374.31,374.31,374.29,374.29,-0.01,49.78,18629.53,-1
2024-05-26,2024-05-26 13:10:00,374.29,374.29,374.27,374.27,-0.01,49.78,18629.53,-1
2024-05-26,2024-05-26 13:11:00,374.27,374.27,374.25,374.25,-0.01,49.78,18629.53,-1
2024-05-26,2024-05-26 13:12:00,374.25,374.25,374.23,374.23,-0.01,49.78,18629.53,-1
2024-05-26,2024-05-26 13:13:00,374.23,374.23,374.21,374.21,-0.01,49.78,18629.53,-1
2024-05-26,2024-05-26 13:14:00,374.21,374.21,374.19,374.19,-0.01,49.78,18629.53,-1
2024-05-26,2024-05-26 13:15:00,374.19,374.19,374.17,374.17,-0.01,49.78,18629.53,-1
2024-05-26,2024-05-26 13:16:00,374.17,374.17,374.15,374.15,-0.01,49.78,18629.53,-1
2024-05-26,2024-05-26 13:17:00,374.15,374.15,374.12,374.12,-0.01,49.78,18629.53,-1
2024-05-26,2024-05-26 13:18:00,374.12,374.12,374.1,374.1,-0.01,49.78,18629.53,-1
2024-05-26,2024-05-26 13:19:00,374.1,374.1,374.08,374.08,-0.01,49.78,18629.53,-1
2024-05-26,2024-05-26 13:20:00,374.08,374.08,374.06,374.06,-0.01,49.78,18629.53,-1
2024-05-26,2024-05-26 13:21:00,374.06,374.06,374.04,374.04,-0.01,49.78,18629.53,-1
2024-05-26,2024-05-26 13:22:00,374.04,374.04,374.02,374.02,-0.01,49.78,18629.53,-1
2024-05-26,2024-05-26 13:23:00,374.02,374.02,374.0,374.0,-0.01,49.78,18629.53,-1
2024-05-26,2024-05-26 13:24:00,374.0,374.0,373.98,373.98,-0.01,49.78,18629.53,-1
2024-05-26,2024-05-26 13:25:00,373.98,373.98,373.96,373.96,-0.01,49.78,18629.53,-1
2024-05-26,2024-05-26 13:26:00,373.96,373.96,373.94,373.94,-0.01,49.78,18629.53,-1
2024-05-26,2024-05-26 13:27:00,373.94,373.94,373.92,373.92,-0.01,49.78,18629.53,-1
2024-05-26,2024-05-26 13:28:00,373.92,373.92,373.9,373.9,-0.01,49.78,18629.53,-1
2024-05-26,2024-05-26 13:29:00,373.9,373.9,373.88,373.88,-0.01,49.78,18629.53,-1
2024-05-26,2024-05-26 13:30:00,373.88,373.88,373.85,373.85,-0.01,49.78,18629.53,-1
2024-05-26,2024-05-26 13:31:00,373.85,373.85,373.83,373.83,-0.01,49.78,18629.53,-1
2024-05-26,2024-05-26 13:32:00,373.83,373.83,373.81,373.81,-0.01,49.78,18629.53,-1
2024-05-26,2024-05-26 13:33:00,373.81,373.81,373.79,373.79,-0.01,49.78,18629.53,-1
2024-05-26,2024-05-26 13:34:00,373.79,373.79,373.77,373.77,-0.01,49.78,18629.53,-1
2024-05-26,2024-05-26 13:35:00,373.77,373.77,373.75,373.75,-0.01,49.78,18629.53,-1
2024-05-26,2024-05-26 13:36:00,373.75,373.75,373.73,373.73,-0.01,49.78,18629.53,-1
2024-05-26,2024-05-26 13:37:00,373.73,373.73,373.71,373.71,-0.01,49.78,18629.53,-1
2024-05-26,2024-05-26 13:38:00,373.71,373.71,373.69,373.69,-0.01,49.78,18629.53,-1
2024-05-26,2024-05-26 13:39:00,373.69,373.69,373.67,373.67,-0.01,49.78,18629.53,-1
2024-05-26,2024-05-26 13:40:00,373.67,373.67,373.65,373.65,-0.01,49.78,18629.53,-1
2024-05-26,2024-05-26 13:41:00,373.65,373.65,373.62,373.62,-0.01,49.78,18629.53,-1
2024-05-26,2024-05-26 13:42:00,373.62,373.62,373.6,373.6,-0.01,49.78,18629.53,-1
2024-05-26,2024-05-26 13:43:00,373.6,373.6,373.58,373.58,-0.01,49.78,18629.53,-1
2024-05-26,2024-05-26 13:44:00,373.58,373.58,373.56,373.56,-0.01,49.78,18629.53,-1
2024-05-26,2024-05-26 13:45:00,373.56,373.56,373.54,373.54,-0.01,49.78,18629.53,-1
2024-05-26,2024-05-26 13:46:00,373.54,373.54,373.52,373.52,-0.01,49.78,18629.53,-1
2024-05-26,2024-05-26 13:47:00,373.52,373.52,373.5,373.5,-0.01,49.78,18629.53,-1
2024-05-26,2024-05-26 13:48:00,373.5,373.5,373.48,373.48,-0.01,49.78,18629.53,-1
2024-05-26,2024-05-26 13:49:00,373.48,373.48,373.46,373.46,-0.01,49.78,18629.53,-1
2024-05-26,2024-05-26 13:50:00,373.46,373.46,373.44,373.44,-0.01,49.78,18629.53,-1
2024-05-26,2024-05-26 13:51:00,373.44,373.44,373.42,373.42,-0.01,49.78,18629.53,-1
2024-05-26,2024-05-26 13:52:00,373.42,373.42,373.4,373.4,-0.01,49.78,18629.53,-1
2024-05-26,2024-05-26 13:53:00,373.4,373.4,373.38,373.38,-0.01,49.78,18629.53,-1
2024-05-26,2024-05-26 13:54:00,373.38,373.38,373.35,373.35,-0.01,49.78,18629.53,-1
2024-05-26,2024-05-26 13:55:00,373.35,373.35,373.33,373.33,-0.01,49.78,18629.53,-1
2024-05-26,2024-05-26 13:56:00,373.33,373.33,373.31,373.31,-0.01,49.78,18629.53,-1
2024-05-26,2024-05-26 13:57:00,373.31,373.31,373.29,373.29,-0.01,49.78,18629.53,-1
2024-05-26,2024-05-26 13:58:00,373.29,373.29,373.27,373.27,-0.01,49.78,18629.53,-1
2024-05-26,2024-05-26 13:59:00,373.27,373.27,373.25,373.25,-0.01,49.78,18629.53,-1
2024-05-26,2024-05-26 14:00:00,373.25,373.25,373.23,373.23,-0.01,49.78,18629.53,-1
2024-05-26,2024-05-26 14:01:00,373.23,373.23,373.21,373.21,-0.01,49.78,18629.53,-1
2024-05-26,2024-05-26 14:02:00,373.21,373.21,373.19,373.19,-0.01,49.78,18629.53,-1
2024-05-26,2024-05-26 14:03:00,373.19,373.19,373.17,373.17,-0.01,49.78,18629.53,-1
2024-05-26,2024-05-26 14:04:00,373.17,373.17,373.15,373.15,-0.01,49.78,18629.53,-1
2024-05-26,2024-05-26 14:05:00,373.15,373.15,373.12,373.12,-0.01,49.78,18629.53,-1
2024-05-26,2024-05-26 14:06:00,373.12,373.12,373.1,373.1,-0.01,49.78,18629.53,-1
2024-05-26,2024-05-26 14:07:00,373.1,373.1,373.08,373.08,-0.01,49.78,18629.53,-1
2024-05-26,2024-05-26 14:08:00,373.08,373.08,373.06,373.06,-0.01,49.78,18629.53,-1
2024-05-26,2024-05-26 14:09:00,373.06,373.06,373.04,373.04,-0.01,49.78,18629.53,-1
2024-05-26,2024-05-26 14:10:00,373.04,373.04,373.02,373.02,-0.01,49.78,18629.53,-1
2024-05-26,2024-05-26 14:11:00,373.02,373.02,373.0,373.0,-0.01,49.78,18629.53,-1
2024-05-26,2024-05-26 14:12:00,373.0,373.0,372.98,372.98,-0.01,49.78,18629.53,-1
2024-05-26,2024-05-26 14:13:00,372.98,372.98,372.96,372.96,-0.01,49.78,18629.53,-1
2024-05-26,2024-05-26 14:14:00,372.96,372.96,372.94,372.94,-0.01,49.78,18629.53,-1
2024-05-26,2024-05-26 14:15:00,372.94,372.94,372.92,372.92,-0.01,49.78,18629.53,-1
2024-05-26,2024-05-26 14:16:00,372.92,372.92,372.9,372.9,-0.01,49.78,18629.53,-1
2024-05-26,2024-05-26 14:17:00,372.9,372.9,372.88,372.88,-0.01,49.78,18629.53,-1
2024-05-26,2024-05-26 14:18:00,372.88,372.88,372.85,372.85,-0.01,49.78,18629.53,-1
2024-05-26,2024-05-26 14:19:00,372.85,372.85,372.83,372.83,-0.01,49.78,18629.53,-1
2024-05-26,2024-05-26 14:20:00,372.83,372.83,372.81,372.81,-0.01,49.78,18629.53,-1
2024-05-26,2024-05-26 14:21:00,372.81,372.81,372.79,372.79,-0.01,49.78,18629.53,-1
2024-05-26,2024-05-26 14:22:00,372.79,372.79,372.77,372.77,-0.01,49.78,18629.53,-1
2024-05-26,2024-05-26 14:23:00,372.77,372.77,372.75,372.75,-0.01,49.78,18629.53,-1
2024-05-26,2024-05-26 14:24:00,372.75,372.75,372.73,372.73,-0.01,49.78,18629.53,-1
2024-05-26,2024-05-26 14:25:00,372.73,372.73,372.71,372.71,-0.01,49.78,18629.53,-1
2024-05-26,2024-05-26 14:26:00,372.71,372.71,372.69,372.69,-0.01,49.78,18629.53,-1
2024-05-26,2024-05-26 14:27:00,372.69,372.69,372.67,372.67,-0.01,49.78,18629.53,-1
2024-05-26,2024-05-26 14:28:00,372.67,372.67,372.65,372.65,-0.01,49.78,18629.53,-1
2024-05-26,2024-05-26 14:29:00,372.65,372.65,372.62,372.62,-0.01,49.78,18629.53,-1
2024-05-26,2024-05-26 14:30:00,372.62,372.62,372.6,372.6,-0.01,49.78,18629.53,-1
2024-05-26,2024-05-26 14:31:00,372.6,372.6,372.58,372.58,-0.01,49.78,18629.53,-1
2024-05-26,2024-05-26 14:32:00,372.58,372.58,372.56,372.56,-0.01,49.78,18629.53,-1
2024-05-26,2024-05-26 14:33:00,372.56,372.56,372.54,372.54,-0.01,49.78,18629.53,-1
2024-05-26,2024-05-26 14:34:00,372.54,372.54,372.52,372.52,-0.01,49.78,18629.53,-1
2024-05-26,2024-05-26 14:35:00,372.52,372.52,372.5,372.5,-0.01,49.78,18629.53,-1
2024-05-26,2024-05-26 14:36:00,372.5,372.5,372.48,372.48,-0.01,49.78,18629.53,-1
2024-05-26,2024-05-26 14:37:00,372.48,372.48,372.46,372.46,-0.01,49.78,18629.53,-1
2024-05-26,2024-05-26 14:38:00,372.46,372.46,372.44,372.44,-0.01,49.78,18629.53,-1
2024-05-26,2024-05-26 14:39:00,372.44,372.44,372.42,372.42,-0.01,49.78,18629.53,-1
2024-05-26,2024-05-26 14:40:00,372.42,372.42,372.4,372.4,-0.01,49.78,18629.53,-1
2024-05-26,2024-05-26 14:41:00,372.4,372.4,372.38,372.38,-0.01,49.78,18629.53,-1
2024-05-26,2024-05-26 14:42:00,372.38,372.38,372.35,372.35,-0.01,49.78,18629.53,-1
2024-05-26,2024-05-26 14:43:00,372.35,372.35,372.33,372.33,-0.01,49.78,18629.53,-1
2024-05-26,2024-05-26 14:44:00,372.33,372.33,372.31,372.31,-0.01,49.78,18629.53,-1
2024-05-26,2024-05-26 14:45:00,372.31,372.31,372.29,372.29,-0.01,49.78,18629.53,-1
2024-05-26,2024-05-26 14:46:00,372.29,372.29,372.27,372.27,-0.01,49.78,18629.53,-1
2024-05-26,2024-05-26 14:47:00,372.27,372.27,372.25,372.25,-0.01,49.78,18629.53,-1
2024-05-26,2024-05-26 14:48:00,372.25,372.25,372.23,372.23,-0.01,49.78,18629.53,-1
2024-05-26,2024-05-26 14:49:00,372.23,372.23,372.21,372.21,-0.01,49.78,18629.53,-1
2024-05-26,2024-05-26 14:50:00,372.21,372.21,372.19,372.19,-0.01,49.78,18629.53,-1
2024-05-26,2024-05-26 14:51:00,372.19,372.19,372.17,372.17,-0.01,49.78,18629.53,-1
2024-05-26,2024-05-26 14:52:00,372.17,372.17,372.15,372.15,-0.01,49.78,18629.53,-1
2024-05-26,2024-05-26 14:53:00,372.15,372.15,372.12,372.12,-0.01,49.78,18629.53,-1
2024-05-26,2024-05-26 14:54:00,372.12,372.12,372.1,372.1,-0.01,49.78,18629.53,-1
2024-05-26,2024-05-26 14:55:00,372.1,372.1,372.08,372.08,-0.01,49.78,18629.53,-1
2024-05-26,2024-05-26 14:56:00,372.08,372.08,372.06,372.06,-0.01,49.78,18629.53,-1
2024-05-26,2024-05-26 14:57:00,372.06,372.06,372.04,372.04,-0.01,49.78,18629.53,-1
2024-05-26,2024-05-26 14:58:00,372.04,372.04,372.02,372.02,-0.01,49.78,18629.53,-1
2024-05-26,2024-05-26 14:59:00,372.02,372.02,372.0,372.0,-0.01,49.78,18629.53,-1
2024-05-26,2024-05-26 15:00:00,372.0,384.0,371.0,372.0,0.0,49.78,18629.53,0
2024-05-27,2024-05-27 11:00:00,368.0,370.7,368.0,368.03,0.01,42.42,15836.49,1
2024-05-27,2024-05-27 11:01:00,368.03,368.06,368.03,368.06,0.01,42.42,15836.49,1
2024-05-27,2024-05-27 11:02:00,368.06,368.09,368.06,368.09,0.01,42.42,15836.49,1
2024-05-27,2024-05-27 11:03:00,368.09,368.12,368.09,368.12,0.01,42.42,15836.49,1
2024-05-27,2024-05-27 11:04:00,368.12,368.16,368.12,368.16,0.01,42.42,15836.49,1
2024-05-27,2024-05-27 11:05:00,368.16,368.19,368.16,368.19,0.01,42.42,15836.49,1
2024-05-27,2024-05-27 11:06:00,368.19,368.22,368.19,368.22,0.01,42.42,15836.49,1
2024-05-27,2024-05-27 11:07:00,368.22,368.25,368.22,368.25,0.01,42.42,15836.49,1
2024-05-27,2024-05-27 11:08:00,368.25,368.28,368.25,368.28,0.01,42.42,15836.49,1
2024-05-27,2024-05-27 11:09:00,368.28,368.31,368.28,368.31,0.01,42.42,15836.49,1
2024-05-27,2024-05-27 11:10:00,368.31,368.34,368.31,368.34,0.01,42.42,15836.49,1
2024-05-27,2024-05-27 11:11:00,368.34,368.38,368.34,368.38,0.01,42.42,15836.49,1
2024-05-27,2024-05-27 11:12:00,368.38,368.41,368.38,368.41,0.01,42.42,15836.49,1
2024-05-27,2024-05-27 11:13:00,368.41,368.44,368.41,368.44,0.01,42.42,15836.49,1
2024-05-27,2024-05-27 11:14:00,368.44,368.47,368.44,368.47,0.01,42.42,15836.49,1
2024-05-27,2024-05-27 11:15:00,368.47,368.5,368.47,368.5,0.01,42.42,15836.49,1
2024-05-27,2024-05-27 11:16:00,368.5,368.53,368.5,368.53,0.01,42.42,15836.49,1
2024-05-27,2024-05-27 11:17:00,368.53,368.56,368.53,368.56,0.01,42.42,15836.49,1
2024-05-27,2024-05-27 11:18:00,368.56,368.59,368.56,368.59,0.01,42.42,15836.49,1
2024-05-27,2024-05-27 11:19:00,368.59,368.62,368.59,368.62,0.01,42.42,15836.49,1
2024-05-27,2024-05-27 11:20:00,368.62,368.66,368.62,368.66,0.01,42.42,15836.49,1
2024-05-27,2024-05-27 11:21:00,368.66,368.69,368.66,368.69,0.01,42.42,15836.49,1
2024-05-27,2024-05-27 11:22:00,368.69,368.72,368.69,368.72,0.01,42.42,15836.49,1
2024-05-27,2024-05-27 11:23:00,368.72,368.75,368.72,368.75,0.01,42.42,15836.49,1
2024-05-27,2024-05-27 11:24:00,368.75,368.78,368.75,368.78,0.01,42.42,15836.49,1
2024-05-27,2024-05-27 11:25:00,368.78,368.81,368.78,368.81,0.01,42.42,15836.49,1
2024-05-27,2024-05-27 11:26:00,368.81,368.84,368.81,368.84,0.01,42.42,15836.49,1
2024-05-27,2024-05-27 11:27:00,368.84,368.88,368.84,368.88,0.01,42.42,15836.49,1
2024-05-27,2024-05-27 11:28:00,368.88,368.91,368.88,368.91,0.01,42.42,15836.49,1
2024-05-27,2024-05-27 11:29:00,368.91,368.94,368.91,368.94,0.01,42.42,15836.49,1
2024-05-27,2024-05-27 11:30:00,368.94,368.97,368.94,368.97,0.01,42.42,15836.49,1
2024-05-27,2024-05-27 11:31:00,368.97,369.0,368.97,369.0,0.01,42.42,15836.49,1
2024-05-27,2024-05-27 11:32:00,369.0,369.03,369.0,369.03,0.01,42.42,15836.49,1
2024-05-27,2024-05-27 11:33:00,369.03,369.06,369.03,369.06,0.01,42.42,15836.49,1
2024-05-27,2024-05-27 11:34:00,369.06,369.09,369.06,369.09,0.01,42.42,15836.49,1
2024-05-27,2024-05-27 11:35:00,369.09,369.12,369.09,369.12,0.01,42.42,15836.49,1
2024-05-27,2024-05-27 11:36:00,369.12,369.16,369.12,369.16,0.01,42.42,15836.49,1
2024-05-27,2024-05-27 11:37:00,369.16,369.19,369.16,369.19,0.01,42.42,15836.49,1
2024-05-27,2024-05-27 11:38:00,369.19,369.22,369.19,369.22,0.01,42.42,15836.49,1
2024-05-27,2024-05-27 11:39:00,369.22,369.25,369.22,369.25,0.01,42.42,15836.49,1
2024-05-27,2024-05-27 11:40:00,369.25,369.28,369.25,369.28,0.01,42.42,15836.49,1
2024-05-27,2024-05-27 11:41:00,369.28,369.31,369.28,369.31,0.01,42.42,15836.49,1
2024-05-27,2024-05-27 11:42:00,369.31,369.34,369.31,369.34,0.01,42.42,15836.49,1
2024-05-27,2024-05-27 11:43:00,369.34,369.38,369.34,369.38,0.01,42.42,15836.49,1
2024-05-27,2024-05-27 11:44:00,369.38,369.41,369.38,369.41,0.01,42.42,15836.49,1
2024-05-27,2024-05-27 11:45:00,369.41,369.44,369.41,369.44,0.01,42.42,15836.49,1
2024-05-27,2024-05-27 11:46:00,369.44,369.47,369.44,369.47,0.01,42.42,15836.49,1
2024-05-27,2024-05-27 11:47:00,369.47,369.5,369.47,369.5,0.01,42.42,15836.49,1
2024-05-27,2024-05-27 11:48:00,369.5,369.53,369.5,369.53,0.01,42.42,15836.49,1
2024-05-27,2024-05-27 11:49:00,369.53,369.56,369.53,369.56,0.01,42.42,15836.49,1
2024-05-27,2024-05-27 11:50:00,369.56,369.59,369.56,369.59,0.01,42.42,15836.49,1
2024-05-27,2024-05-27 11:51:00,369.59,369.62,369.59,369.62,0.01,42.42,15836.49,1
2024-05-27,2024-05-27 11:52:00,369.62,369.66,369.62,369.66,0.01,42.42,15836.49,1
2024-05-27,2024-05-27 11:53:00,369.66,369.69,369.66,369.69,0.01,42.42,15836.49,1
2024-05-27,2024-05-27 11:54:00,369.69,369.72,369.69,369.72,0.01,42.42,15836.49,1
2024-05-27,2024-05-27 11:55:00,369.72,369.75,369.72,369.75,0.01,42.42,15836.49,1
2024-05-27,2024-05-27 11:56:00,369.75,369.78,369.75,369.78,0.01,42.42,15836.49,1
2024-05-27,2024-05-27 11:57:00,369.78,369.81,369.78,369.81,0.01,42.42,15836.49,1
2024-05-27,2024-05-27 11:58:00,369.81,369.84,369.81,369.84,0.01,42.42,15836.49,1
2024-05-27,2024-05-27 11:59:00,369.84,369.88,369.84,369.88,0.01,42.42,15836.49,1
2024-05-27,2024-05-27 12:00:00,369.88,369.91,369.88,369.91,0.01,42.42,15836.49,1
2024-05-27,2024-05-27 12:01:00,369.91,369.94,369.91,369.94,0.01,42.42,15836.49,1
2024-05-27,2024-05-27 12:02:00,369.94,369.97,369.94,369.97,0.01,42.42,15836.49,1
2024-05-27,2024-05-27 12:03:00,369.97,370.0,369.97,370.0,0.01,42.42,15836.49,1
2024-05-27,2024-05-27 12:04:00,370.0,370.03,370.0,370.03,0.01,42.42,15836.49,1
2024-05-27,2024-05-27 12:05:00,370.03,370.06,370.03,370.06,0.01,42.42,15836.49,1
2024-05-27,2024-05-27 12:06:00,370.06,370.09,370.06,370.09,0.01,42.42,15836.49,1
2024-05-27,2024-05-27 12:07:00,370.09,370.12,370.09,370.12,0.01,42.42,15836.49,1
2024-05-27,2024-05-27 12:08:00,370.12,370.16,370.12,370.16,0.01,42.42,15836.49,1
2024-05-27,2024-05-27 12:09:00,370.16,370.19,370.16,370.19,0.01,42.42,15836.49,1
2024-05-27,2024-05-27 12:10:00,370.19,370.22,370.19,370.22,0.01,42.42,15836.49,1
2024-05-27,2024-05-27 12:11:00,370.22,370.25,370.22,370.25,0.01,42.42,15836.49,1
2024-05-27,2024-05-27 12:12:00,370.25,370.28,370.25,370.28,0.01,42.42,15836.49,1
2024-05-27,2024-05-27 12:13:00,370.28,370.31,370.28,370.31,0.01,42.42,15836.49,1
2024-05-27,2024-05-27 12:14:00,370.31,370.34,370.31,370.34,0.01,42.42,15836.49,1
2024-05-27,2024-05-27 12:15:00,370.34,370.38,370.34,370.38,0.01,42.42,15836.49,1
2024-05-27,2024-05-27 12:16:00,370.38,370.41,370.38,370.41,0.01,42.42,15836.49,1
2024-05-27,2024-05-27 12:17:00,370.41,370.44,370.41,370.44,0.01,42.42,15836.49,1
2024-05-27,2024-05-27 12:18:00,370.44,370.47,370.44,370.47,0.01,42.42,15836.49,1
2024-05-27,2024-05-27 12:19:00,370.47,370.5,370.47,370.5,0.01,42.42,15836.49,1
2024-05-27,2024-05-27 12:20:00,370.5,370.53,370.5,370.53,0.01,42.42,15836.49,1
2024-05-27,2024-05-27 12:21:00,370.53,370.56,370.53,370.56,0.01,42.42,15836.49,1
2024-05-27,2024-05-27 12:22:00,370.56,370.59,370.56,370.59,0.01,42.42,15836.49,1
2024-05-27,2024-05-27 12:23:00,370.59,370.62,370.59,370.62,0.01,42.42,15836.49,1
2024-05-27,2024-05-27 12:24:00,370.62,370.66,370.62,370.66,0.01,42.42,15836.49,1
2024-05-27,2024-05-27 12:25:00,370.66,370.69,370.66,370.69,0.01,42.42,15836.49,1
2024-05-27,2024-05-27 12:26:00,370.69,370.72,370.69,370.72,0.01,42.42,15836.49,1
2024-05-27,2024-05-27 12:27:00,370.72,370.75,370.72,370.75,0.01,42.42,15836.49,1
2024-05-27,2024-05-27 12:28:00,370.75,370.78,370.75,370.78,0.01,42.42,15836.49,1
2024-05-27,2024-05-27 12:29:00,370.78,370.81,370.78,370.81,0.01,42.42,15836.49,1
2024-05-27,2024-05-27 12:30:00,370.81,370.84,370.81,370.84,0.01,42.42,15836.49,1
2024-05-27,2024-05-27 12:31:00,370.84,370.88,370.84,370.88,0.01,42.42,15836.49,1
2024-05-27,2024-05-27 12:32:00,370.88,370.91,370.88,370.91,0.01,42.42,15836.49,1
2024-05-27,2024-05-27 12:33:00,370.91,370.94,370.91,370.94,0.01,42.42,15836.49,1
2024-05-27,2024-05-27 12:34:00,370.94,370.97,370.94,370.97,0.01,42.42,15836.49,1
2024-05-27,2024-05-27 12:35:00,370.97,371.0,370.97,371.0,0.01,42.42,15836.49,1
2024-05-27,2024-05-27 12:36:00,371.0,371.03,371.0,371.03,0.01,42.42,15836.49,1
2024-05-27,2024-05-27 12:37:00,371.03,371.06,371.03,371.06,0.01,42.42,15836.49,1
2024-05-27,2024-05-27 12:38:00,371.06,371.09,371.06,371.09,0.01,42.42,15836.49,1
2024-05-27,2024-05-27 12:39:00,371.09,371.12,371.09,371.12,0.01,42.42,15836.49,1
2024-05-27,2024-05-27 12:40:00,371.12,371.16,371.12,371.16,0.01,42.42,15836.49,1
2024-05-27,2024-05-27 12:41:00,371.16,371.19,371.16,371.19,0.01,42.42,15836.49,1
2024-05-27,2024-05-27 12:42:00,371.19,371.22,371.19,371.22,0.01,42.42,15836.49,1
2024-05-27,2024-05-27 12:43:00,371.22,371.25,371.22,371.25,0.01,42.42,15836.49,1
2024-05-27,2024-05-27 12:44:00,371.25,371.28,371.25,371.28,0.01,42.42,15836.49,1
2024-05-27,2024-05-27 12:45:00,371.28,371.31,371.28,371.31,0.01,42.42,15836.49,1
2024-05-27,2024-05-27 12:46:00,371.31,371.34,371.31,371.34,0.01,42.42,15836.49,1
2024-05-27,2024-05-27 12:47:00,371.34,371.38,371.34,371.38,0.01,42.42,15836.49,1
2024-05-27,2024-05-27 12:48:00,371.38,371.41,371.38,371.41,0.01,42.42,15836.49,1
2024-05-27,2024-05-27 12:49:00,371.41,371.44,371.41,371.44,0.01,42.42,15836.49,1
2024-05-27,2024-05-27 12:50:00,371.44,371.47,371.44,371.47,0.01,42.42,15836.49,1
2024-05-27,2024-05-27 12:51:00,371.47,371.5,371.47,371.5,0.01,42.42,15836.49,1
2024-05-27,2024-05-27 12:52:00,371.5,371.53,371.5,371.53,0.01,42.42,15836.49,1
2024-05-27,2024-05-27 12:53:00,371.53,371.56,371.53,371.56,0.01,42.42,15836.49,1
2024-05-27,2024-05-27 12:54:00,371.56,371.59,371.56,371.59,0.01,42.42,15836.49,1
2024-05-27,2024-05-27 12:55:00,371.59,371.62,371.59,371.62,0.01,42.42,15836.49,1
2024-05-27,2024-05-27 12:56:00,371.62,371.66,371.62,371.66,0.01,42.42,15836.49,1
2024-05-27,2024-05-27 12:57:00,371.66,371.69,371.66,371.69,0.01,42.42,15836.49,1
2024-05-27,2024-05-27 12:58:00,371.69,371.72,371.69,371.72,0.01,42.42,15836.49,1
2024-05-27,2024-05-27 12:59:00,371.72,371.75,371.72,371.75,0.01,42.42,15836.49,1
2024-05-27,2024-05-27 13:00:00,371.75,377.0,368.0,371.78,0.01,42.42,15836.49,1
2024-05-27,2024-05-27 13:01:00,371.78,371.81,371.78,371.81,0.01,42.42,15836.49,1
2024-05-27,2024-05-27 13:02:00,371.81,371.84,371.81,371.84,0.01,42.42,15836.49,1
2024-05-27,2024-05-27 13:03:00,371.84,371.88,371.84,371.88,0.01,42.42,15836.49,1
2024-05-27,2024-05-27 13:04:00,371.88,371.91,371.88,371.91,0.01,42.42,15836.49,1
2024-05-27,2024-05-27 13:05:00,371.91,371.94,371.91,371.94,0.01,42.42,15836.49,1
2024-05-27,2024-05-27 13:06:00,371.94,371.97,371.94,371.97,0.01,42.42,15836.49,1
2024-05-27,2024-05-27 13:07:00,371.97,372.0,371.97,372.0,0.01,42.42,15836.49,1
2024-05-27,2024-05-27 13:08:00,372.0,372.03,372.0,372.03,0.01,42.42,15836.49,1
2024-05-27,2024-05-27 13:09:00,372.03,372.06,372.03,372.06,0.01,42.42,15836.49,1
2024-05-27,2024-05-27 13:10:00,372.06,372.09,372.06,372.09,0.01,42.42,15836.49,1
2024-05-27,2024-05-27 13:11:00,372.09,372.12,372.09,372.12,0.01,42.42,15836.49,1
2024-05-27,2024-05-27 13:12:00,372.12,372.16,372.12,372.16,0.01,42.42,15836.49,1
2024-05-27,2024-05-27 13:13:00,372.16,372.19,372.16,372.19,0.01,42.42,15836.49,1
2024-05-27,2024-05-27 13:14:00,372.19,372.22,372.19,372.22,0.01,42.42,15836.49,1
2024-05-27,2024-05-27 13:15:00,372.22,372.25,372.22,372.25,0.01,42.42,15836.49,1
2024-05-27,2024-05-27 13:16:00,372.25,372.28,372.25,372.28,0.01,42.42,15836.49,1
2024-05-27,2024-05-27 13:17:00,372.28,372.31,372.28,372.31,0.01,42.42,15836.49,1
2024-05-27,2024-05-27 13:18:00,372.31,372.34,372.31,372.34,0.01,42.42,15836.49,1
2024-05-27,2024-05-27 13:19:00,372.34,372.38,372.34,372.38,0.01,42.42,15836.49,1
2024-05-27,2024-05-27 13:20:00,372.38,372.41,372.38,372.41,0.01,42.42,15836.49,1
2024-05-27,2024-05-27 13:21:00,372.41,372.44,372.41,372.44,0.01,42.42,15836.49,1
2024-05-27,2024-05-27 13:22:00,372.44,372.47,372.44,372.47,0.01,42.42,15836.49,1
2024-05-27,2024-05-27 13:23:00,372.47,372.5,372.47,372.5,0.01,42.42,15836.49,1
2024-05-27,2024-05-27 13:24:00,372.5,372.53,372.5,372.53,0.01,42.42,15836.49,1
2024-05-27,2024-05-27 13:25:00,372.53,372.56,372.53,372.56,0.01,42.42,15836.49,1
2024-05-27,2024-05-27 13:26:00,372.56,372.59,372.56,372.59,0.01,42.42,15836.49,1
2024-05-27,2024-05-27 13:27:00,372.59,372.62,372.59,372.62,0.01,42.42,15836.49,1
2024-05-27,2024-05-27 13:28:00,372.62,372.66,372.62,372.66,0.01,42.42,15836.49,1
2024-05-27,2024-05-27 13:29:00,372.66,372.69,372.66,372.69,0.01,42.42,15836.49,1
2024-05-27,2024-05-27 13:30:00,372.69,372.72,372.69,372.72,0.01,42.42,15836.49,1
2024-05-27,2024-05-27 13:31:00,372.72,372.75,372.72,372.75,0.01,42.42,15836.49,1
2024-05-27,2024-05-27 13:32:00,372.75,372.78,372.75,372.78,0.01,42.42,15836.49,1
2024-05-27,2024-05-27 13:33:00,372.78,372.81,372.78,372.81,0.01,42.42,15836.49,1
2024-05-27,2024-05-27 13:34:00,372.81,372.84,372.81,372.84,0.01,42.42,15836.49,1
2024-05-27,2024-05-27 13:35:00,372.84,372.88,372.84,372.88,0.01,42.42,15836.49,1
2024-05-27,2024-05-27 13:36:00,372.88,372.91,372.88,372.91,0.01,42.42,15836.49,1
2024-05-27,2024-05-27 13:37:00,372.91,372.94,372.91,372.94,0.01,42.42,15836.49,1
2024-05-27,2024-05-27 13:38:00,372.94,372.97,372.94,372.97,0.01,42.42,15836.49,1
2024-05-27,2024-05-27 13:39:00,372.97,373.0,372.97,373.0,0.01,42.42,15836.49,1
2024-05-27,2024-05-27 13:40:00,373.0,373.03,373.0,373.03,0.01,42.42,15836.49,1
2024-05-27,2024-05-27 13:41:00,373.03,373.06,373.03,373.06,0.01,42.42,15836.49,1
2024-05-27,2024-05-27 13:42:00,373.06,373.09,373.06,373.09,0.01,42.42,15836.49,1
2024-05-27,2024-05-27 13:43:00,373.09,373.12,373.09,373.12,0.01,42.42,15836.49,1
2024-05-27,2024-05-27 13:44:00,373.12,373.16,373.12,373.16,0.01,42.42,15836.49,1
2024-05-27,2024-05-27 13:45:00,373.16,373.19,373.16,373.19,0.01,42.42,15836.49,1
2024-05-27,2024-05-27 13:46:00,373.19,373.22,373.19,373.22,0.01,42.42,15836.49,1
2024-05-27,2024-05-27 13:47:00,373.22,373.25,373.22,373.25,0.01,42.42,15836.49,1
2024-05-27,2024-05-27 13:48:00,373.25,373.28,373.25,373.28,0.01,42.42,15836.49,1
2024-05-27,2024-05-27 13:49:00,373.28,373.31,373.28,373.31,0.01,42.42,15836.49,1
2024-05-27,2024-05-27 13:50:00,373.31,373.34,373.31,373.34,0.01,42.42,15836.49,1
2024-05-27,2024-05-27 13:51:00,373.34,373.38,373.34,373.38,0.01,42.42,15836.49,1
2024-05-27,2024-05-27 13:52:00,373.38,373.41,373.38,373.41,0.01,42.42,15836.49,1
2024-05-27,2024-05-27 13:53:00,373.41,373.44,373.41,373.44,0.01,42.42,15836.49,1
2024-05-27,2024-05-27 13:54:00,373.44,373.47,373.44,373.47,0.01,42.42,15836.49,1
2024-05-27,2024-05-27 13:55:00,373.47,373.5,373.47,373.5,0.01,42.42,15836.49,1
2024-05-27,2024-05-27 13:56:00,373.5,373.53,373.5,373.53,0.01,42.42,15836.49,1
2024-05-27,2024-05-27 13:57:00,373.53,373.56,373.53,373.56,0.01,42.42,15836.49,1
2024-05-27,2024-05-27 13:58:00,373.56,373.59,373.56,373.59,0.01,42.42,15836.49,1
2024-05-27,2024-05-27 13:59:00,373.59,373.62,373.59,373.62,0.01,42.42,15836.49,1
2024-05-27,2024-05-27 14:00:00,373.62,373.66,373.62,373.66,0.01,42.42,15836.49,1
2024-05-27,2024-05-27 14:01:00,373.66,373.69,373.66,373.69,0.01,42.42,15836.49,1
2024-05-27,2024-05-27 14:02:00,373.69,373.72,373.69,373.72,0.01,42.42,15836.49,1
2024-05-27,2024-05-27 14:03:00,373.72,373.75,373.72,373.75,0.01,42.42,15836.49,1
2024-05-27,2024-05-27 14:04:00,373.75,373.78,373.75,373.78,0.01,42.42,15836.49,1
2024-05-27,2024-05-27 14:05:00,373.78,373.81,373.78,373.81,0.01,42.42,15836.49,1
2024-05-27,2024-05-27 14:06:00,373.81,373.84,373.81,373.84,0.01,42.42,15836.49,1
2024-05-27,2024-05-27 14:07:00,373.84,373.88,373.84,373.88,0.01,42.42,15836.49,1
2024-05-27,2024-05-27 14:08:00,373.88,373.91,373.88,373.91,0.01,42.42,15836.49,1
2024-05-27,2024-05-27 14:09:00,373.91,373.94,373.91,373.94,0.01,42.42,15836.49,1
2024-05-27,2024-05-27 14:10:00,373.94,373.97,373.94,373.97,0.01,42.42,15836.49,1
2024-05-27,2024-05-27 14:11:00,373.97,374.0,373.97,374.0,0.01,42.42,15836.49,1
2024-05-27,2024-05-27 14:12:00,374.0,374.03,374.0,374.03,0.01,42.42,15836.49,1
2024-05-27,2024-05-27 14:13:00,374.03,374.06,374.03,374.06,0.01,42.42,15836.49,1
2024-05-27,2024-05-27 14:14:00,374.06,374.09,374.06,374.09,0.01,42.42,15836.49,1
2024-05-27,2024-05-27 14:15:00,374.09,374.12,374.09,374.12,0.01,42.42,15836.49,1
2024-05-27,2024-05-27 14:16:00,374.12,374.16,374.12,374.16,0.01,42.42,15836.49,1
2024-05-27,2024-05-27 14:17:00,374.16,374.19,374.16,374.19,0.01,42.42,15836.49,1
2024-05-27,2024-05-27 14:18:00,374.19,374.22,374.19,374.22,0.01,42.42,15836.49,1
2024-05-27,2024-05-27 14:19:00,374.22,374.25,374.22,374.25,0.01,42.42,15836.49,1
2024-05-27,2024-05-27 14:20:00,374.25,374.28,374.25,374.28,0.01,42.42,15836.49,1
2024-05-27,2024-05-27 14:21:00,374.28,374.31,374.28,374.31,0.01,42.42,15836.49,1
2024-05-27,2024-05-27 14:22:00,374.31,374.34,374.31,374.34,0.01,42.42,15836.49,1
2024-05-27,2024-05-27 14:23:00,374.34,374.38,374.34,374.38,0.01,42.42,15836.49,1
2024-05-27,2024-05-27 14:24:00,374.38,374.41,374.38,374.41,0.01,42.42,15836.49,1
2024-05-27,2024-05-27 14:25:00,374.41,374.44,374.41,374.44,0.01,42.42,15836.49,1
2024-05-27,2024-05-27 14:26:00,374.44,374.47,374.44,374.47,0.01,42.42,15836.49,1
2024-05-27,2024-05-27 14:27:00,374.47,374.5,374.47,374.5,0.01,42.42,15836.49,1
2024-05-27,2024-05-27 14:28:00,374.5,374.53,374.5,374.53,0.01,42.42,15836.49,1
2024-05-27,2024-05-27 14:29:00,374.53,374.56,374.53,374.56,0.01,42.42,15836.49,1
2024-05-27,2024-05-27 14:30:00,374.56,374.59,374.56,374.59,0.01,42.42,15836.49,1
2024-05-27,2024-05-27 14:31:00,374.59,374.62,374.59,374.62,0.01,42.42,15836.49,1
2024-05-27,2024-05-27 14:32:00,374.62,374.66,374.62,374.66,0.01,42.42,15836.49,1
2024-05-27,2024-05-27 14:33:00,374.66,374.69,374.66,374.69,0.01,42.42,15836.49,1
2024-05-27,2024-05-27 14:34:00,374.69,374.72,374.69,374.72,0.01,42.42,15836.49,1
2024-05-27,2024-05-27 14:35:00,374.72,374.75,374.72,374.75,0.01,42.42,15836.49,1
2024-05-27,2024-05-27 14:36:00,374.75,374.78,374.75,374.78,0.01,42.42,15836.49,1
2024-05-27,2024-05-27 14:37:00,374.78,374.81,374.78,374.81,0.01,42.42,15836.49,1
2024-05-27,2024-05-27 14:38:00,374.81,374.84,374.81,374.84,0.01,42.42,15836.49,1
2024-05-27,2024-05-27 14:39:00,374.84,374.88,374.84,374.88,0.01,42.42,15836.49,1
2024-05-27,2024-05-27 14:40:00,374.88,374.91,374.88,374.91,0.01,42.42,15836.49,1
2024-05-27,2024-05-27 14:41:00,374.91,374.94,374.91,374.94,0.01,42.42,15836.49,1
2024-05-27,2024-05-27 14:42:00,374.94,374.97,374.94,374.97,0.01,42.42,15836.49,1
2024-05-27,2024-05-27 14:43:00,374.97,375.0,374.97,375.0,0.01,42.42,15836.49,1
2024-05-27,2024-05-27 14:44:00,375.0,375.03,375.0,375.03,0.01,42.42,15836.49,1
2024-05-27,2024-05-27 14:45:00,375.03,375.06,375.03,375.06,0.01,42.42,15836.49,1
2024-05-27,2024-05-27 14:46:00,375.06,375.09,375.06,375.09,0.01,42.42,15836.49,1
2024-05-27,2024-05-27 14:47:00,375.09,375.12,375.09,375.12,0.01,42.42,15836.49,1
2024-05-27,2024-05-27 14:48:00,375.12,375.16,375.12,375.16,0.01,42.42,15836.49,1
2024-05-27,2024-05-27 14:49:00,375.16,375.19,375.16,375.19,0.01,42.42,15836.49,1
2024-05-27,2024-05-27 14:50:00,375.19,375.22,375.19,375.22,0.01,42.42,15836.49,1
2024-05-27,2024-05-27 14:51:00,375.22,375.25,375.22,375.25,0.01,42.42,15836.49,1
2024-05-27,2024-05-27 14:52:00,375.25,375.28,375.25,375.28,0.01,42.42,15836.49,1
2024-05-27,2024-05-27 14:53:00,375.28,375.31,375.28,375.31,0.01,42.42,15836.49,1
2024-05-27,2024-05-27 14:54:00,375.31,375.34,375.31,375.34,0.01,42.42,15836.49,1
2024-05-27,2024-05-27 14:55:00,375.34,375.38,375.34,375.38,0.01,42.42,15836.49,1
2024-05-27,2024-05-27 14:56:00,375.38,375.41,375.38,375.41,0.01,42.42,15836.49,1
2024-05-27,2024-05-27 14:57:00,375.41,375.44,375.41,375.44,0.01,42.42,15836.49,1
2024-05-27,2024-05-27 14:58:00,375.44,375.47,375.44,375.47,0.01,42.42,15836.49,1
2024-05-27,2024-05-27 14:59:00,375.47,375.5,375.47,375.5,0.01,42.42,15836.49,1
2024-05-27,2024-05-27 15:00:00,375.5,377.0,368.0,375.5,0.0,42.42,15836.49,0
2024-05-29,2024-05-29 11:00:00,383.0,384.05,380.0,382.98,-0.01,66.54,25397.04,-1
2024-05-29,2024-05-29 11:01:00,382.98,382.98,382.97,382.97,-0.0,66.54,25397.04,-1
2024-05-29,2024-05-29 11:02:00,382.97,382.97,382.95,382.95,-0.01,66.54,25397.04,-1
2024-05-29,2024-05-29 11:03:00,382.95,382.95,382.93,382.93,-0.01,66.54,25397.04,-1
2024-05-29,2024-05-29 11:04:00,382.93,382.93,382.92,382.92,-0.0,66.54,25397.04,-1
2024-05-29,2024-05-29 11:05:00,382.92,382.92,382.9,382.9,-0.01,66.54,25397.04,-1
2024-05-29,2024-05-29 11:06:00,382.9,382.9,382.88,382.88,-0.01,66.54,25397.04,-1
2024-05-29,2024-05-29 11:07:00,382.88,382.88,382.87,382.87,-0.0,66.54,25397.04,-1
2024-05-29,2024-05-29 11:08:00,382.87,382.87,382.85,382.85,-0.01,66.54,25397.04,-1
2024-05-29,2024-05-29 11:09:00,382.85,382.85,382.83,382.83,-0.01,66.54,25397.04,-1
2024-05-29,2024-05-29 11:10:00,382.83,382.83,382.82,382.82,-0.0,66.54,25397.04,-1
2024-05-29,2024-05-29 11:11:00,382.82,382.82,382.8,382.8,-0.01,66.54,25397.04,-1
2024-05-29,2024-05-29 11:12:00,382.8,382.8,382.78,382.78,-0.01,66.54,25397.04,-1
2024-05-29,2024-05-29 11:13:00,382.78,382.78,382.77,382.77,-0.0,66.54,25397.04,-1
2024-05-29,2024-05-29 11:14:00,382.77,382.77,382.75,382.75,-0.01,66.54,25397.04,-1
2024-05-29,2024-05-29 11:15:00,382.75,382.75,382.73,382.73,-0.01,66.54,25397.04,-1
2024-05-29,2024-05-29 11:16:00,382.73,382.73,382.72,382.72,-0.0,66.54,25397.04,-1
2024-05-29,2024-05-29 11:17:00,382.72,382.72,382.7,382.7,-0.01,66.54,25397.04,-1
2024-05-29,2024-05-29 11:18:00,382.7,382.7,382.68,382.68,-0.01,66.54,25397.04,-1
2024-05-29,2024-05-29 11:19:00,382.68,382.68,382.67,382.67,-0.0,66.54,25397.04,-1
2024-05-29,2024-05-29 11:20:00,382.67,382.67,382.65,382.65,-0.01,66.54,25397.04,-1
2024-05-29,2024-05-29 11:21:00,382.65,382.65,382.63,382.63,-0.01,66.54,25397.04,-1
2024-05-29,2024-05-29 11:22:00,382.63,382.63,382.62,382.62,-0.0,66.54,25397.04,-1
2024-05-29,2024-05-29 11:23:00,382.62,382.62,382.6,382.6,-0.01,66.54,25397.04,-1
2024-05-29,2024-05-29 11:24:00,382.6,382.6,382.58,382.58,-0.01,66.54,25397.04,-1
2024-05-29,2024-05-29 11:25:00,382.58,382.58,382.57,382.57,-0.0,66.54,25397.04,-1
2024-05-29,2024-05-29 11:26:00,382.57,382.57,382.55,382.55,-0.01,66.54,25397.04,-1
2024-05-29,2024-05-29 11:27:00,382.55,382.55,382.53,382.53,-0.01,66.54,25397.04,-1
2024-05-29,2024-05-29 11:28:00,382.53,382.53,382.52,382.52,-0.0,66.54,25397.04,-1
2024-05-29,2024-05-29 11:29:00,382.52,382.52,382.5,382.5,-0.01,66.54,25397.04,-1
2024-05-29,2024-05-29 11:30:00,382.5,382.5,382.48,382.48,-0.01,66.54,25397.04,-1
2024-05-29,2024-05-29 11:31:00,382.48,382.48,382.47,382.47,-0.0,66.54,25397.04,-1
2024-05-29,2024-05-29 11:32:00,382.47,382.47,382.45,382.45,-0.01,66.54,25397.04,-1
2024-05-29,2024-05-29 11:33:00,382.45,382.45,382.43,382.43,-0.01,66.54,25397.04,-1
2024-05-29,2024-05-29 11:34:00,382.43,382.43,382.42,382.42,-0.0,66.54,25397.04,-1
2024-05-29,2024-05-29 11:35:00,382.42,382.42,382.4,382.4,-0.01,66.54,25397.04,-1
2024-05-29,2024-05-29 11:36:00,382.4,382.4,382.38,382.38,-0.01,66.54,25397.04,-1
2024-05-29,2024-05-29 11:37:00,382.38,382.38,382.37,382.37,-0.0,66.54,25397.04,-1
2024-05-29,2024-05-29 11:38:00,382.37,382.37,382.35,382.35,-0.01,66.54,25397.04,-1
2024-05-29,2024-05-29 11:39:00,382.35,382.35,382.33,382.33,-0.01,66.54,25397.04,-1
2024-05-29,2024-05-29 11:40:00,382.33,382.33,382.32,382.32,-0.0,66.54,25397.04,-1
2024-05-29,2024-05-29 11:41:00,382.32,382.32,382.3,382.3,-0.01,66.54,25397.04,-1
2024-05-29,2024-05-29 11:42:00,382.3,382.3,382.28,382.28,-0.01,66.54,25397.04,-1
2024-05-29,2024-05-29 11:43:00,382.28,382.28,382.27,382.27,-0.0,66.54,25397.04,-1
2024-05-29,2024-05-29 11:44:00,382.27,382.27,382.25,382.25,-0.01,66.54,25397.04,-1
2024-05-29,2024-05-29 11:45:00,382.25,382.25,382.23,382.23,-0.01,66.54,25397.04,-1
2024-05-29,2024-05-29 11:46:00,382.23,382.23,382.22,382.22,-0.0,66.54,25397.04,-1
2024-05-29,2024-05-29 11:47:00,382.22,382.22,382.2,382.2,-0.01,66.54,25397.04,-1
2024-05-29,2024-05-29 11:48:00,382.2,382.2,382.18,382.18,-0.01,66.54,25397.04,-1
2024-05-29,2024-05-29 11:49:00,382.18,382.18,382.17,382.17,-0.0,66.54,25397.04,-1
2024-05-29,2024-05-29 11:50:00,382.17,382.17,382.15,382.15,-0.01,66.54,25397.04,-1
2024-05-29,2024-05-29 11:51:00,382.15,382.15,382.13,382.13,-0.01,66.54,25397.04,-1
2024-05-29,2024-05-29 11:52:00,382.13,382.13,382.12,382.12,-0.0,66.54,25397.04,-1
2024-05-29,2024-05-29 11:53:00,382.12,382.12,382.1,382.1,-0.01,66.54,25397.04,-1
2024-05-29,2024-05-29 11:54:00,382.1,382.1,382.08,382.08,-0.01,66.54,25397.04,-1
2024-05-29,2024-05-29 11:55:00,382.08,382.08,382.07,382.07,-0.0,66.54,25397.04,-1
2024-05-29,2024-05-29 11:56:00,382.07,382.07,382.05,382.05,-0.01,66.54,25397.04,-1
2024-05-29,2024-05-29 11:57:00,382.05,382.05,382.03,382.03,-0.01,66.54,25397.04,-1
2024-05-29,2024-05-29 11:58:00,382.03,382.03,382.02,382.02,-0.0,66.54,25397.04,-1
2024-05-29,2024-05-29 11:59:00,382.02,382.02,382.0,382.0,-0.01,66.54,25397.04,-1
2024-05-29,2024-05-29 12:00:00,382.0,382.0,381.98,381.98,-0.01,66.54,25397.04,-1
2024-05-29,2024-05-29 12:01:00,381.98,381.98,381.97,381.97,-0.0,66.54,25397.04,-1
2024-05-29,2024-05-29 12:02:00,381.97,381.97,381.95,381.95,-0.01,66.54,25397.04,-1
2024-05-29,2024-05-29 12:03:00,381.95,381.95,381.93,381.93,-0.01,66.54,25397.04,-1
2024-05-29,2024-05-29 12:04:00,381.93,381.93,381.92,381.92,-0.0,66.54,25397.04,-1
2024-05-29,2024-05-29 12:05:00,381.92,381.92,381.9,381.9,-0.01,66.54,25397.04,-1
2024-05-29,2024-05-29 12:06:00,381.9,381.9,381.88,381.88,-0.01,66.54,25397.04,-1
2024-05-29,2024-05-29 12:07:00,381.88,381.88,381.87,381.87,-0.0,66.54,25397.04,-1
2024-05-29,2024-05-29 12:08:00,381.87,381.87,381.85,381.85,-0.01,66.54,25397.04,-1
2024-05-29,2024-05-29 12:09:00,381.85,381.85,381.83,381.83,-0.01,66.54,25397.04,-1
2024-05-29,2024-05-29 12:10:00,381.83,381.83,381.82,381.82,-0.0,66.54,25397.04,-1
2024-05-29,2024-05-29 12:11:00,381.82,381.82,381.8,381.8,-0.01,66.54,25397.04,-1
2024-05-29,2024-05-29 12:12:00,381.8,381.8,381.78,381.78,-0.01,66.54,25397.04,-1
2024-05-29,2024-05-29 12:13:00,381.78,381.78,381.77,381.77,-0.0,66.54,25397.04,-1
2024-05-29,2024-05-29 12:14:00,381.77,381.77,381.75,381.75,-0.01,66.54,25397.04,-1
2024-05-29,2024-05-29 12:15:00,381.75,381.75,381.73,381.73,-0.01,66.54,25397.04,-1
2024-05-29,2024-05-29 12:16:00,381.73,381.73,381.72,381.72,-0.0,66.54,25397.04,-1
2024-05-29,2024-05-29 12:17:00,381.72,381.72,381.7,381.7,-0.01,66.54,25397.04,-1
2024-05-29,2024-05-29 12:18:00,381.7,381.7,381.68,381.68,-0.01,66.54,25397.04,-1
2024-05-29,2024-05-29 12:19:00,381.68,381.68,381.67,381.67,-0.0,66.54,25397.04,-1
2024-05-29,2024-05-29 12:20:00,381.67,381.67,381.65,381.65,-0.01,66.54,25397.04,-1
2024-05-29,2024-05-29 12:21:00,381.65,381.65,381.63,381.63,-0.01,66.54,25397.04,-1
2024-05-29,2024-05-29 12:22:00,381.63,381.63,381.62,381.62,-0.0,66.54,25397.04,-1
2024-05-29,2024-05-29 12:23:00,381.62,381.62,381.6,381.6,-0.01,66.54,25397.04,-1
2024-05-29,2024-05-29 12:24:00,381.6,381.6,381.58,381.58,-0.01,66.54,25397.04,-1
2024-05-29,2024-05-29 12:25:00,381.58,381.58,381.57,381.57,-0.0,66.54,25397.04,-1
2024-05-29,2024-05-29 12:26:00,381.57,381.57,381.55,381.55,-0.01,66.54,25397.04,-1
2024-05-29,2024-05-29 12:27:00,381.55,381.55,381.53,381.53,-0.01,66.54,25397.04,-1
2024-05-29,2024-05-29 12:28:00,381.53,381.53,381.52,381.52,-0.0,66.54,25397.04,-1
2024-05-29,2024-05-29 12:29:00,381.52,381.52,381.5,381.5,-0.01,66.54,25397.04,-1
2024-05-29,2024-05-29 12:30:00,381.5,381.5,381.48,381.48,-0.01,66.54,25397.04,-1
2024-05-29,2024-05-29 12:31:00,381.48,381.48,381.47,381.47,-0.0,66.54,25397.04,-1
2024-05-29,2024-05-29 12:32:00,381.47,381.47,381.45,381.45,-0.01,66.54,25397.04,-1
2024-05-29,2024-05-29 12:33:00,381.45,381.45,381.43,381.43,-0.01,66.54,25397.04,-1
2024-05-29,2024-05-29 12:34:00,381.43,381.43,381.42,381.42,-0.0,66.54,25397.04,-1
2024-05-29,2024-05-29 12:35:00,381.42,381.42,381.4,381.4,-0.01,66.54,25397.04,-1
2024-05-29,2024-05-29 12:36:00,381.4,381.4,381.38,381.38,-0.01,66.54,25397.04,-1
2024-05-29,2024-05-29 12:37:00,381.38,381.38,381.37,381.37,-0.0,66.54,25397.04,-1
2024-05-29,2024-05-29 12:38:00,381.37,381.37,381.35,381.35,-0.01,66.54,25397.04,-1
2024-05-29,2024-05-29 12:39:00,381.35,381.35,381.33,381.33,-0.01,66.54,25397.04,-1
2024-05-29,2024-05-29 12:40:00,381.33,381.33,381.32,381.32,-0.0,66.54,25397.04,-1
2024-05-29,2024-05-29 12:41:00,381.32,381.32,381.3,381.3,-0.01,66.54,25397.04,-1
2024-05-29,2024-05-29 12:42:00,381.3,381.3,381.28,381.28,-0.01,66.54,25397.04,-1
2024-05-29,2024-05-29 12:43:00,381.28,381.28,381.27,381.27,-0.0,66.54,25397.04,-1
2024-05-29,2024-05-29 12:44:00,381.27,381.27,381.25,381.25,-0.01,66.54,25397.04,-1
2024-05-29,2024-05-29 12:45:00,381.25,381.25,381.23,381.23,-0.01,66.54,25397.04,-1
2024-05-29,2024-05-29 12:46:00,381.23,381.23,381.22,381.22,-0.0,66.54,25397.04,-1
2024-05-29,2024-05-29 12:47:00,381.22,381.22,381.2,381.2,-0.01,66.54,25397.04,-1
2024-05-29,2024-05-29 12:48:00,381.2,381.2,381.18,381.18,-0.01,66.54,25397.04,-1
2024-05-29,2024-05-29 12:49:00,381.18,381.18,381.17,381.17,-0.0,66.54,25397.04,-1
2024-05-29,2024-05-29 12:50:00,381.17,381.17,381.15,381.15,-0.01,66.54,25397.04,-1
2024-05-29,2024-05-29 12:51:00,381.15,381.15,381.13,381.13,-0.01,66.54,25397.04,-1
2024-05-29,2024-05-29 12:52:00,381.13,381.13,381.12,381.12,-0.0,66.54,25397.04,-1
2024-05-29,2024-05-29 12:53:00,381.12,381.12,381.1,381.1,-0.01,66.54,25397.04,-1
2024-05-29,2024-05-29 12:54:00,381.1,381.1,381.08,381.08,-0.01,66.54,25397.04,-1
2024-05-29,2024-05-29 12:55:00,381.08,381.08,381.07,381.07,-0.0,66.54,25397.04,-1
2024-05-29,2024-05-29 12:56:00,381.07,381.07,381.05,381.05,-0.01,66.54,25397.04,-1
2024-05-29,2024-05-29 12:57:00,381.05,381.05,381.03,381.03,-0.01,66.54,25397.04,-1
2024-05-29,2024-05-29 12:58:00,381.03,381.03,381.02,381.02,-0.0,66.54,25397.04,-1
2024-05-29,2024-05-29 12:59:00,381.02,381.02,381.0,381.0,-0.01,66.54,25397.04,-1
2024-05-29,2024-05-29 13:00:00,381.0,386.5,373.0,380.98,-0.01,66.54,25397.04,-1
2024-05-29,2024-05-29 13:01:00,380.98,380.98,380.97,380.97,-0.0,66.54,25397.04,-1
2024-05-29,2024-05-29 13:02:00,380.97,380.97,380.95,380.95,-0.01,66.54,25397.04,-1
2024-05-29,2024-05-29 13:03:00,380.95,380.95,380.93,380.93,-0.01,66.54,25397.04,-1
2024-05-29,2024-05-29 13:04:00,380.93,380.93,380.92,380.92,-0.0,66.54,25397.04,-1
2024-05-29,2024-05-29 13:05:00,380.92,380.92,380.9,380.9,-0.01,66.54,25397.04,-1
2024-05-29,2024-05-29 13:06:00,380.9,380.9,380.88,380.88,-0.01,66.54,25397.04,-1
2024-05-29,2024-05-29 13:07:00,380.88,380.88,380.87,380.87,-0.0,66.54,25397.04,-1
2024-05-29,2024-05-29 13:08:00,380.87,380.87,380.85,380.85,-0.01,66.54,25397.04,-1
2024-05-29,2024-05-29 13:09:00,380.85,380.85,380.83,380.83,-0.01,66.54,25397.04,-1
2024-05-29,2024-05-29 13:10:00,380.83,380.83,380.82,380.82,-0.0,66.54,25397.04,-1
2024-05-29,2024-05-29 13:11:00,380.82,380.82,380.8,380.8,-0.01,66.54,25397.04,-1
2024-05-29,2024-05-29 13:12:00,380.8,380.8,380.78,380.78,-0.01,66.54,25397.04,-1
2024-05-29,2024-05-29 13:13:00,380.78,380.78,380.77,380.77,-0.0,66.54,25397.04,-1
2024-05-29,2024-05-29 13:14:00,380.77,380.77,380.75,380.75,-0.01,66.54,25397.04,-1
2024-05-29,2024-05-29 13:15:00,380.75,380.75,380.73,380.73,-0.01,66.54,25397.04,-1
2024-05-29,2024-05-29 13:16:00,380.73,380.73,380.72,380.72,-0.0,66.54,25397.04,-1
2024-05-29,2024-05-29 13:17:00,380.72,380.72,380.7,380.7,-0.01,66.54,25397.04,-1
2024-05-29,2024-05-29 13:18:00,380.7,380.7,380.68,380.68,-0.01,66.54,25397.04,-1
2024-05-29,2024-05-29 13:19:00,380.68,380.68,380.67,380.67,-0.0,66.54,25397.04,-1
2024-05-29,2024-05-29 13:20:00,380.67,380.67,380.65,380.65,-0.01,66.54,25397.04,-1
2024-05-29,2024-05-29 13:21:00,380.65,380.65,380.63,380.63,-0.01,66.54,25397.04,-1
2024-05-29,2024-05-29 13:22:00,380.63,380.63,380.62,380.62,-0.0,66.54,25397.04,-1
2024-05-29,2024-05-29 13:23:00,380.62,380.62,380.6,380.6,-0.01,66.54,25397.04,-1
2024-05-29,2024-05-29 13:24:00,380.6,380.6,380.58,380.58,-0.01,66.54,25397.04,-1
2024-05-29,2024-05-29 13:25:00,380.58,380.58,380.57,380.57,-0.0,66.54,25397.04,-1
2024-05-29,2024-05-29 13:26:00,380.57,380.57,380.55,380.55,-0.01,66.54,25397.04,-1
2024-05-29,2024-05-29 13:27:00,380.55,380.55,380.53,380.53,-0.01,66.54,25397.04,-1
2024-05-29,2024-05-29 13:28:00,380.53,380.53,380.52,380.52,-0.0,66.54,25397.04,-1
2024-05-29,2024-05-29 13:29:00,380.52,380.52,380.5,380.5,-0.01,66.54,25397.04,-1
2024-05-29,2024-05-29 13:30:00,380.5,380.5,380.48,380.48,-0.01,66.54,25397.04,-1
2024-05-29,2024-05-29 13:31:00,380.48,380.48,380.47,380.47,-0.0,66.54,25397.04,-1
2024-05-29,2024-05-29 13:32:00,380.47,380.47,380.45,380.45,-0.01,66.54,25397.04,-1
2024-05-29,2024-05-29 13:33:00,380.45,380.45,380.43,380.43,-0.01,66.54,25397.04,-1
2024-05-29,2024-05-29 13:34:00,380.43,380.43,380.42,380.42,-0.0,66.54,25397.04,-1
2024-05-29,2024-05-29 13:35:00,380.42,380.42,380.4,380.4,-0.01,66.54,25397.04,-1
2024-05-29,2024-05-29 13:36:00,380.4,380.4,380.38,380.38,-0.01,66.54,25397.04,-1
2024-05-29,2024-05-29 13:37:00,380.38,380.38,380.37,380.37,-0.0,66.54,25397.04,-1
2024-05-29,2024-05-29 13:38:00,380.37,380.37,380.35,380.35,-0.01,66.54,25397.04,-1
2024-05-29,2024-05-29 13:39:00,380.35,380.35,380.33,380.33,-0.01,66.54,25397.04,-1
2024-05-29,2024-05-29 13:40:00,380.33,380.33,380.32,380.32,-0.0,66.54,25397.04,-1
2024-05-29,2024-05-29 13:41:00,380.32,380.32,380.3,380.3,-0.01,66.54,25397.04,-1
2024-05-29,2024-05-29 13:42:00,380.3,380.3,380.28,380.28,-0.01,66.54,25397.04,-1
2024-05-29,2024-05-29 13:43:00,380.28,380.28,380.27,380.27,-0.0,66.54,25397.04,-1
2024-05-29,2024-05-29 13:44:00,380.27,380.27,380.25,380.25,-0.01,66.54,25397.04,-1
2024-05-29,2024-05-29 13:45:00,380.25,380.25,380.23,380.23,-0.01,66.54,25397.04,-1
2024-05-29,2024-05-29 13:46:00,380.23,380.23,380.22,380.22,-0.0,66.54,25397.04,-1
2024-05-29,2024-05-29 13:47:00,380.22,380.22,380.2,380.2,-0.01,66.54,25397.04,-1
2024-05-29,2024-05-29 13:48:00,380.2,380.2,380.18,380.18,-0.01,66.54,25397.04,-1
2024-05-29,2024-05-29 13:49:00,380.18,380.18,380.17,380.17,-0.0,66.54,25397.04,-1
2024-05-29,2024-05-29 13:50:00,380.17,380.17,380.15,380.15,-0.01,66.54,25397.04,-1
2024-05-29,2024-05-29 13:51:00,380.15,380.15,380.13,380.13,-0.01,66.54,25397.04,-1
2024-05-29,2024-05-29 13:52:00,380.13,380.13,380.12,380.12,-0.0,66.54,25397.04,-1
2024-05-29,2024-05-29 13:53:00,380.12,380.12,380.1,380.1,-0.01,66.54,25397.04,-1
2024-05-29,2024-05-29 13:54:00,380.1,380.1,380.08,380.08,-0.01,66.54,25397.04,-1
2024-05-29,2024-05-29 13:55:00,380.08,380.08,380.07,380.07,-0.0,66.54,25397.04,-1
2024-05-29,2024-05-29 13:56:00,380.07,380.07,380.05,380.05,-0.01,66.54,25397.04,-1
2024-05-29,2024-05-29 13:57:00,380.05,380.05,380.03,380.03,-0.01,66.54,25397.04,-1
2024-05-29,2024-05-29 13:58:00,380.03,380.03,380.02,380.02,-0.0,66.54,25397.04,-1
2024-05-29,2024-05-29 13:59:00,380.02,380.02,380.0,380.0,-0.01,66.54,25397.04,-1
2024-05-29,2024-05-29 14:00:00,380.0,380.0,379.98,379.98,-0.01,66.54,25397.04,-1
2024-05-29,2024-05-29 14:01:00,379.98,379.98,379.97,379.97,-0.0,66.54,25397.04,-1
2024-05-29,2024-05-29 14:02:00,379.97,379.97,379.95,379.95,-0.01,66.54,25397.04,-1
2024-05-29,2024-05-29 14:03:00,379.95,379.95,379.93,379.93,-0.01,66.54,25397.04,-1
2024-05-29,2024-05-29 14:04:00,379.93,379.93,379.92,379.92,-0.0,66.54,25397.04,-1
2024-05-29,2024-05-29 14:05:00,379.92,379.92,379.9,379.9,-0.01,66.54,25397.04,-1
2024-05-29,2024-05-29 14:06:00,379.9,379.9,379.88,379.88,-0.01,66.54,25397.04,-1
2024-05-29,2024-05-29 14:07:00,379.88,379.88,379.87,379.87,-0.0,66.54,25397.04,-1
2024-05-29,2024-05-29 14:08:00,379.87,379.87,379.85,379.85,-0.01,66.54,25397.04,-1
2024-05-29,2024-05-29 14:09:00,379.85,379.85,379.83,379.83,-0.01,66.54,25397.04,-1
2024-05-29,2024-05-29 14:10:00,379.83,379.83,379.82,379.82,-0.0,66.54,25397.04,-1
2024-05-29,2024-05-29 14:11:00,379.82,379.82,379.8,379.8,-0.01,66.54,25397.04,-1
2024-05-29,2024-05-29 14:12:00,379.8,379.8,379.78,379.78,-0.01,66.54,25397.04,-1
2024-05-29,2024-05-29 14:13:00,379.78,379.78,379.77,379.77,-0.0,66.54,25397.04,-1
2024-05-29,2024-05-29 14:14:00,379.77,379.77,379.75,379.75,-0.01,66.54,25397.04,-1
2024-05-29,2024-05-29 14:15:00,379.75,379.75,379.73,379.73,-0.01,66.54,25397.04,-1
2024-05-29,2024-05-29 14:16:00,379.73,379.73,379.72,379.72,-0.0,66.54,25397.04,-1
2024-05-29,2024-05-29 14:17:00,379.72,379.72,379.7,379.7,-0.01,66.54,25397.04,-1
2024-05-29,2024-05-29 14:18:00,379.7,379.7,379.68,379.68,-0.01,66.54,25397.04,-1
2024-05-29,2024-05-29 14:19:00,379.68,379.68,379.67,379.67,-0.0,66.54,25397.04,-1
2024-05-29,2024-05-29 14:20:00,379.67,379.67,379.65,379.65,-0.01,66.54,25397.04,-1
2024-05-29,2024-05-29 14:21:00,379.65,379.65,379.63,379.63,-0.01,66.54,25397.04,-1
2024-05-29,2024-05-29 14:22:00,379.63,379.63,379.62,379.62,-0.0,66.54,25397.04,-1
2024-05-29,2024-05-29 14:23:00,379.62,379.62,379.6,379.6,-0.01,66.54,25397.04,-1
2024-05-29,2024-05-29 14:24:00,379.6,379.6,379.58,379.58,-0.01,66.54,25397.04,-1
2024-05-29,2024-05-29 14:25:00,379.58,379.58,379.57,379.57,-0.0,66.54,25397.04,-1
2024-05-29,2024-05-29 14:26:00,379.57,379.57,379.55,379.55,-0.01,66.54,25397.04,-1
2024-05-29,2024-05-29 14:27:00,379.55,379.55,379.53,379.53,-0.01,66.54,25397.04,-1
2024-05-29,2024-05-29 14:28:00,379.53,379.53,379.52,379.52,-0.0,66.54,25397.04,-1
2024-05-29,2024-05-29 14:29:00,379.52,379.52,379.5,379.5,-0.01,66.54,25397.04,-1
2024-05-29,2024-05-29 14:30:00,379.5,379.5,379.48,379.48,-0.01,66.54,25397.04,-1
2024-05-29,2024-05-29 14:31:00,379.48,379.48,379.47,379.47,-0.0,66.54,25397.04,-1
2024-05-29,2024-05-29 14:32:00,379.47,379.47,379.45,379.45,-0.01,66.54,25397.04,-1
2024-05-29,2024-05-29 14:33:00,379.45,379.45,379.43,379.43,-0.01,66.54,25397.04,-1
2024-05-29,2024-05-29 14:34:00,379.43,379.43,379.42,379.42,-0.0,66.54,25397.04,-1
2024-05-29,2024-05-29 14:35:00,379.42,379.42,379.4,379.4,-0.01,66.54,25397.04,-1
2024-05-29,2024-05-29 14:36:00,379.4,379.4,379.38,379.38,-0.01,66.54,25397.04,-1
2024-05-29,2024-05-29 14:37:00,379.38,379.38,379.37,379.37,-0.0,66.54,25397.04,-1
2024-05-29,2024-05-29 14:38:00,379.37,379.37,379.35,379.35,-0.01,66.54,25397.04,-1
2024-05-29,2024-05-29 14:39:00,379.35,379.35,379.33,379.33,-0.01,66.54,25397.04,-1
2024-05-29,2024-05-29 14:40:00,379.33,379.33,379.32,379.32,-0.0,66.54,25397.04,-1
2024-05-29,2024-05-29 14:41:00,379.32,379.32,379.3,379.3,-0.01,66.54,25397.04,-1
2024-05-29,2024-05-29 14:42:00,379.3,379.3,379.28,379.28,-0.01,66.54,25397.04,-1
2024-05-29,2024-05-29 14:43:00,379.28,379.28,379.27,379.27,-0.0,66.54,25397.04,-1
2024-05-29,2024-05-29 14:44:00,379.27,379.27,379.25,379.25,-0.01,66.54,25397.04,-1
2024-05-29,2024-05-29 14:45:00,379.25,379.25,379.23,379.23,-0.01,66.54,25397.04,-1
2024-05-29,2024-05-29 14:46:00,379.23,379.23,379.22,379.22,-0.0,66.54,25397.04,-1
2024-05-29,2024-05-29 14:47:00,379.22,379.22,379.2,379.2,-0.01,66.54,25397.04,-1
2024-05-29,2024-05-29 14:48:00,379.2,379.2,379.18,379.18,-0.01,66.54,25397.04,-1
2024-05-29,2024-05-29 14:49:00,379.18,379.18,379.17,379.17,-0.0,66.54,25397.04,-1
2024-05-29,2024-05-29 14:50:00,379.17,379.17,379.15,379.15,-0.01,66.54,25397.04,-1
2024-05-29,2024-05-29 14:51:00,379.15,379.15,379.13,379.13,-0.01,66.54,25397.04,-1
2024-05-29,2024-05-29 14:52:00,379.13,379.13,379.12,379.12,-0.0,66.54,25397.04,-1
2024-05-29,2024-05-29 14:53:00,379.12,379.12,379.1,379.1,-0.01,66.54,25397.04,-1
2024-05-29,2024-05-29 14:54:00,379.1,379.1,379.08,379.08,-0.01,66.54,25397.04,-1
2024-05-29,2024-05-29 14:55:00,379.08,379.08,379.07,379.07,-0.0,66.54,25397.04,-1
2024-05-29,2024-05-29 14:56:00,379.07,379.07,379.05,379.05,-0.01,66.54,25397.04,-1
2024-05-29,2024-05-29 14:57:00,379.05,379.05,379.03,379.03,-0.01,66.54,25397.04,-1
2024-05-29,2024-05-29 14:58:00,379.03,379.03,379.02,379.02,-0.0,66.54,25397.04,-1
2024-05-29,2024-05-29 14:59:00,379.02,379.02,379.0,379.0,-0.01,66.54,25397.04,-1
2024-05-29,2024-05-29 15:00:00,379.0,386.5,373.0,379.0,0.0,66.54,25397.04,0
2024-05-30,2024-05-30 11:00:00,374.0,382.4,373.73,374.08,0.02,277.07,109580.31,1
2024-05-30,2024-05-30 11:01:00,374.08,374.17,374.08,374.17,0.02,277.07,109580.31,1
2024-05-30,2024-05-30 11:02:00,374.17,374.25,374.17,374.25,0.02,277.07,109580.31,1
2024-05-30,2024-05-30 11:03:00,374.25,374.33,374.25,374.33,0.02,277.07,109580.31,1
2024-05-30,2024-05-30 11:04:00,374.33,374.42,374.33,374.42,0.02,277.07,109580.31,1
2024-05-30,2024-05-30 11:05:00,374.42,374.5,374.42,374.5,0.02,277.07,109580.31,1
2024-05-30,2024-05-30 11:06:00,374.5,374.58,374.5,374.58,0.02,277.07,109580.31,1
2024-05-30,2024-05-30 11:07:00,374.58,374.67,374.58,374.67,0.02,277.07,109580.31,1
2024-05-30,2024-05-30 11:08:00,374.67,374.75,374.67,374.75,0.02,277.07,109580.31,1
2024-05-30,2024-05-30 11:09:00,374.75,374.83,374.75,374.83,0.02,277.07,109580.31,1
2024-05-30,2024-05-30 11:10:00,374.83,374.92,374.83,374.92,0.02,277.07,109580.31,1
2024-05-30,2024-05-30 11:11:00,374.92,375.0,374.92,375.0,0.02,277.07,109580.31,1
2024-05-30,2024-05-30 11:12:00,375.0,375.08,375.0,375.08,0.02,277.07,109580.31,1
2024-05-30,2024-05-30 11:13:00,375.08,375.17,375.08,375.17,0.02,277.07,109580.31,1
2024-05-30,2024-05-30 11:14:00,375.17,375.25,375.17,375.25,0.02,277.07,109580.31,1
2024-05-30,2024-05-30 11:15:00,375.25,375.33,375.25,375.33,0.02,277.07,109580.31,1
2024-05-30,2024-05-30 11:16:00,375.33,375.42,375.33,375.42,0.02,277.07,109580.31,1
2024-05-30,2024-05-30 11:17:00,375.42,375.5,375.42,375.5,0.02,277.07,109580.31,1
2024-05-30,2024-05-30 11:18:00,375.5,375.58,375.5,375.58,0.02,277.07,109580.31,1
2024-05-30,2024-05-30 11:19:00,375.58,375.67,375.58,375.67,0.02,277.07,109580.31,1
2024-05-30,2024-05-30 11:20:00,375.67,375.75,375.67,375.75,0.02,277.07,109580.31,1
2024-05-30,2024-05-30 11:21:00,375.75,375.83,375.75,375.83,0.02,277.07,109580.31,1
2024-05-30,2024-05-30 11:22:00,375.83,375.92,375.83,375.92,0.02,277.07,109580.31,1
2024-05-30,2024-05-30 11:23:00,375.92,376.0,375.92,376.0,0.02,277.07,109580.31,1
2024-05-30,2024-05-30 11:24:00,376.0,376.08,376.0,376.08,0.02,277.07,109580.31,1
2024-05-30,2024-05-30 11:25:00,376.08,376.17,376.08,376.17,0.02,277.07,109580.31,1
2024-05-30,2024-05-30 11:26:00,376.17,376.25,376.17,376.25,0.02,277.07,109580.31,1
2024-05-30,2024-05-30 11:27:00,376.25,376.33,376.25,376.33,0.02,277.07,109580.31,1
2024-05-30,2024-05-30 11:28:00,376.33,376.42,376.33,376.42,0.02,277.07,109580.31,1
2024-05-30,2024-05-30 11:29:00,376.42,376.5,376.42,376.5,0.02,277.07,109580.31,1
2024-05-30,2024-05-30 11:30:00,376.5,376.58,376.5,376.58,0.02,277.07,109580.31,1
2024-05-30,2024-05-30 11:31:00,376.58,376.67,376.58,376.67,0.02,277.07,109580.31,1
2024-05-30,2024-05-30 11:32:00,376.67,376.75,376.67,376.75,0.02,277.07,109580.31,1
2024-05-30,2024-05-30 11:33:00,376.75,376.83,376.75,376.83,0.02,277.07,109580.31,1
2024-05-30,2024-05-30 11:34:00,376.83,376.92,376.83,376.92,0.02,277.07,109580.31,1
2024-05-30,2024-05-30 11:35:00,376.92,377.0,376.92,377.0,0.02,277.07,109580.31,1
2024-05-30,2024-05-30 11:36:00,377.0,377.08,377.0,377.08,0.02,277.07,109580.31,1
2024-05-30,2024-05-30 11:37:00,377.08,377.17,377.08,377.17,0.02,277.07,109580.31,1
2024-05-30,2024-05-30 11:38:00,377.17,377.25,377.17,377.25,0.02,277.07,109580.31,1
2024-05-30,2024-05-30 11:39:00,377.25,377.33,377.25,377.33,0.02,277.07,109580.31,1
2024-05-30,2024-05-30 11:40:00,377.33,377.42,377.33,377.42,0.02,277.07,109580.31,1
2024-05-30,2024-05-30 11:41:00,377.42,377.5,377.42,377.5,0.02,277.07,109580.31,1
2024-05-30,2024-05-30 11:42:00,377.5,377.58,377.5,377.58,0.02,277.07,109580.31,1
2024-05-30,2024-05-30 11:43:00,377.58,377.67,377.58,377.67,0.02,277.07,109580.31,1
2024-05-30,2024-05-30 11:44:00,377.67,377.75,377.67,377.75,0.02,277.07,109580.31,1
2024-05-30,2024-05-30 11:45:00,377.75,377.83,377.75,377.83,0.02,277.07,109580.31,1
2024-05-30,2024-05-30 11:46:00,377.83,377.92,377.83,377.92,0.02,277.07,109580.31,1
2024-05-30,2024-05-30 11:47:00,377.92,378.0,377.92,378.0,0.02,277.07,109580.31,1
2024-05-30,2024-05-30 11:48:00,378.0,378.08,378.0,378.08,0.02,277.07,109580.31,1
2024-05-30,2024-05-30 11:49:00,378.08,378.17,378.08,378.17,0.02,277.07,109580.31,1
2024-05-30,2024-05-30 11:50:00,378.17,378.25,378.17,378.25,0.02,277.07,109580.31,1
2024-05-30,2024-05-30 11:51:00,378.25,378.33,378.25,378.33,0.02,277.07,109580.31,1
2024-05-30,2024-05-30 11:52:00,378.33,378.42,378.33,378.42,0.02,277.07,109580.31,1
2024-05-30,2024-05-30 11:53:00,378.42,378.5,378.42,378.5,0.02,277.07,109580.31,1
2024-05-30,2024-05-30 11:54:00,378.5,378.58,378.5,378.58,0.02,277.07,109580.31,1
2024-05-30,2024-05-30 11:55:00,378.58,378.67,378.58,378.67,0.02,277.07,109580.31,1
2024-05-30,2024-05-30 11:56:00,378.67,378.75,378.67,378.75,0.02,277.07,109580.31,1
2024-05-30,2024-05-30 11:57:00,378.75,378.83,378.75,378.83,0.02,277.07,109580.31,1
2024-05-30,2024-05-30 11:58:00,378.83,378.92,378.83,378.92,0.02,277.07,109580.31,1
2024-05-30,2024-05-30 11:59:00,378.92,379.0,378.92,379.0,0.02,277.07,109580.31,1
2024-05-30,2024-05-30 12:00:00,379.0,379.08,379.0,379.08,0.02,277.07,109580.31,1
2024-05-30,2024-05-30 12:01:00,379.08,379.17,379.08,379.17,0.02,277.07,109580.31,1
2024-05-30,2024-05-30 12:02:00,379.17,379.25,379.17,379.25,0.02,277.07,109580.31,1
2024-05-30,2024-05-30 12:03:00,379.25,379.33,379.25,379.33,0.02,277.07,109580.31,1
2024-05-30,2024-05-30 12:04:00,379.33,379.42,379.33,379.42,0.02,277.07,109580.31,1
2024-05-30,2024-05-30 12:05:00,379.42,379.5,379.42,379.5,0.02,277.07,109580.31,1
2024-05-30,2024-05-30 12:06:00,379.5,379.58,379.5,379.58,0.02,277.07,109580.31,1
2024-05-30,2024-05-30 12:07:00,379.58,379.67,379.58,379.67,0.02,277.07,109580.31,1
2024-05-30,2024-05-30 12:08:00,379.67,379.75,379.67,379.75,0.02,277.07,109580.31,1
2024-05-30,2024-05-30 12:09:00,379.75,379.83,379.75,379.83,0.02,277.07,109580.31,1
2024-05-30,2024-05-30 12:10:00,379.83,379.92,379.83,379.92,0.02,277.07,109580.31,1
2024-05-30,2024-05-30 12:11:00,379.92,380.0,379.92,380.0,0.02,277.07,109580.31,1
2024-05-30,2024-05-30 12:12:00,380.0,380.08,380.0,380.08,0.02,277.07,109580.31,1
2024-05-30,2024-05-30 12:13:00,380.08,380.17,380.08,380.17,0.02,277.07,109580.31,1
2024-05-30,2024-05-30 12:14:00,380.17,380.25,380.17,380.25,0.02,277.07,109580.31,1
2024-05-30,2024-05-30 12:15:00,380.25,380.33,380.25,380.33,0.02,277.07,109580.31,1
2024-05-30,2024-05-30 12:16:00,380.33,380.42,380.33,380.42,0.02,277.07,109580.31,1
2024-05-30,2024-05-30 12:17:00,380.42,380.5,380.42,380.5,0.02,277.07,109580.31,1
2024-05-30,2024-05-30 12:18:00,380.5,380.58,380.5,380.58,0.02,277.07,109580.31,1
2024-05-30,2024-05-30 12:19:00,380.58,380.67,380.58,380.67,0.02,277.07,109580.31,1
2024-05-30,2024-05-30 12:20:00,380.67,380.75,380.67,380.75,0.02,277.07,109580.31,1
2024-05-30,2024-05-30 12:21:00,380.75,380.83,380.75,380.83,0.02,277.07,109580.31,1
2024-05-30,2024-05-30 12:22:00,380.83,380.92,380.83,380.92,0.02,277.07,109580.31,1
2024-05-30,2024-05-30 12:23:00,380.92,381.0,380.92,381.0,0.02,277.07,109580.31,1
2024-05-30,2024-05-30 12:24:00,381.0,381.08,381.0,381.08,0.02,277.07,109580.31,1
2024-05-30,2024-05-30 12:25:00,381.08,381.17,381.08,381.17,0.02,277.07,109580.31,1
2024-05-30,2024-05-30 12:26:00,381.17,381.25,381.17,381.25,0.02,277.07,109580.31,1
2024-05-30,2024-05-30 12:27:00,381.25,381.33,381.25,381.33,0.02,277.07,109580.31,1
2024-05-30,2024-05-30 12:28:00,381.33,381.42,381.33,381.42,0.02,277.07,109580.31,1
2024-05-30,2024-05-30 12:29:00,381.42,381.5,381.42,381.5,0.02,277.07,109580.31,1
2024-05-30,2024-05-30 12:30:00,381.5,381.58,381.5,381.58,0.02,277.07,109580.31,1
2024-05-30,2024-05-30 12:31:00,381.58,381.67,381.58,381.67,0.02,277.07,109580.31,1
2024-05-30,2024-05-30 12:32:00,381.67,381.75,381.67,381.75,0.02,277.07,109580.31,1
2024-05-30,2024-05-30 12:33:00,381.75,381.83,381.75,381.83,0.02,277.07,109580.31,1
2024-05-30,2024-05-30 12:34:00,381.83,381.92,381.83,381.92,0.02,277.07,109580.31,1
2024-05-30,2024-05-30 12:35:00,381.92,382.0,381.92,382.0,0.02,277.07,109580.31,1
2024-05-30,2024-05-30 12:36:00,382.0,382.08,382.0,382.08,0.02,277.07,109580.31,1
2024-05-30,2024-05-30 12:37:00,382.08,382.17,382.08,382.17,0.02,277.07,109580.31,1
2024-05-30,2024-05-30 12:38:00,382.17,382.25,382.17,382.25,0.02,277.07,109580.31,1
2024-05-30,2024-05-30 12:39:00,382.25,382.33,382.25,382.33,0.02,277.07,109580.31,1
2024-05-30,2024-05-30 12:40:00,382.33,382.42,382.33,382.42,0.02,277.07,109580.31,1
2024-05-30,2024-05-30 12:41:00,382.42,382.5,382.42,382.5,0.02,277.07,109580.31,1
2024-05-30,2024-05-30 12:42:00,382.5,382.58,382.5,382.58,0.02,277.07,109580.31,1
2024-05-30,2024-05-30 12:43:00,382.58,382.67,382.58,382.67,0.02,277.07,109580.31,1
2024-05-30,2024-05-30 12:44:00,382.67,382.75,382.67,382.75,0.02,277.07,109580.31,1
2024-05-30,2024-05-30 12:45:00,382.75,382.83,382.75,382.83,0.02,277.07,109580.31,1
2024-05-30,2024-05-30 12:46:00,382.83,382.92,382.83,382.92,0.02,277.07,109580.31,1
2024-05-30,2024-05-30 12:47:00,382.92,383.0,382.92,383.0,0.02,277.07,109580.31,1
2024-05-30,2024-05-30 12:48:00,383.0,383.08,383.0,383.08,0.02,277.07,109580.31,1
2024-05-30,2024-05-30 12:49:00,383.08,383.17,383.08,383.17,0.02,277.07,109580.31,1
2024-05-30,2024-05-30 12:50:00,383.17,383.25,383.17,383.25,0.02,277.07,109580.31,1
2024-05-30,2024-05-30 12:51:00,383.25,383.33,383.25,383.33,0.02,277.07,109580.31,1
2024-05-30,2024-05-30 12:52:00,383.33,383.42,383.33,383.42,0.02,277.07,109580.31,1
2024-05-30,2024-05-30 12:53:00,383.42,383.5,383.42,383.5,0.02,277.07,109580.31,1
2024-05-30,2024-05-30 12:54:00,383.5,383.58,383.5,383.58,0.02,277.07,109580.31,1
2024-05-30,2024-05-30 12:55:00,383.58,383.67,383.58,383.67,0.02,277.07,109580.31,1
2024-05-30,2024-05-30 12:56:00,383.67,383.75,383.67,383.75,0.02,277.07,109580.31,1
2024-05-30,2024-05-30 12:57:00,383.75,383.83,383.75,383.83,0.02,277.07,109580.31,1
2024-05-30,2024-05-30 12:58:00,383.83,383.92,383.83,383.92,0.02,277.07,109580.31,1
2024-05-30,2024-05-30 12:59:00,383.92,384.0,383.92,384.0,0.02,277.07,109580.31,1
2024-05-30,2024-05-30 13:00:00,384.0,402.0,373.1,384.08,0.02,277.07,109580.31,1
2024-05-30,2024-05-30 13:01:00,384.08,384.17,384.08,384.17,0.02,277.07,109580.31,1
2024-05-30,2024-05-30 13:02:00,384.17,384.25,384.17,384.25,0.02,277.07,109580.31,1
2024-05-30,2024-05-30 13:03:00,384.25,384.33,384.25,384.33,0.02,277.07,109580.31,1
2024-05-30,2024-05-30 13:04:00,384.33,384.42,384.33,384.42,0.02,277.07,109580.31,1
2024-05-30,2024-05-30 13:05:00,384.42,384.5,384.42,384.5,0.02,277.07,109580.31,1
2024-05-30,2024-05-30 13:06:00,384.5,384.58,384.5,384.58,0.02,277.07,109580.31,1
2024-05-30,2024-05-30 13:07:00,384.58,384.67,384.58,384.67,0.02,277.07,109580.31,1
2024-05-30,2024-05-30 13:08:00,384.67,384.75,384.67,384.75,0.02,277.07,109580.31,1
2024-05-30,2024-05-30 13:09:00,384.75,384.83,384.75,384.83,0.02,277.07,109580.31,1
2024-05-30,2024-05-30 13:10:00,384.83,384.92,384.83,384.92,0.02,277.07,109580.31,1
2024-05-30,2024-05-30 13:11:00,384.92,385.0,384.92,385.0,0.02,277.07,109580.31,1
2024-05-30,2024-05-30 13:12:00,385.0,385.08,385.0,385.08,0.02,277.07,109580.31,1
2024-05-30,2024-05-30 13:13:00,385.08,385.17,385.08,385.17,0.02,277.07,109580.31,1
2024-05-30,2024-05-30 13:14:00,385.17,385.25,385.17,385.25,0.02,277.07,109580.31,1
2024-05-30,2024-05-30 13:15:00,385.25,385.33,385.25,385.33,0.02,277.07,109580.31,1
2024-05-30,2024-05-30 13:16:00,385.33,385.42,385.33,385.42,0.02,277.07,109580.31,1
2024-05-30,2024-05-30 13:17:00,385.42,385.5,385.42,385.5,0.02,277.07,109580.31,1
2024-05-30,2024-05-30 13:18:00,385.5,385.58,385.5,385.58,0.02,277.07,109580.31,1
2024-05-30,2024-05-30 13:19:00,385.58,385.67,385.58,385.67,0.02,277.07,109580.31,1
2024-05-30,2024-05-30 13:20:00,385.67,385.75,385.67,385.75,0.02,277.07,109580.31,1
2024-05-30,2024-05-30 13:21:00,385.75,385.83,385.75,385.83,0.02,277.07,109580.31,1
2024-05-30,2024-05-30 13:22:00,385.83,385.92,385.83,385.92,0.02,277.07,109580.31,1
2024-05-30,2024-05-30 13:23:00,385.92,386.0,385.92,386.0,0.02,277.07,109580.31,1
2024-05-30,2024-05-30 13:24:00,386.0,386.08,386.0,386.08,0.02,277.07,109580.31,1
2024-05-30,2024-05-30 13:25:00,386.08,386.17,386.08,386.17,0.02,277.07,109580.31,1
2024-05-30,2024-05-30 13:26:00,386.17,386.25,386.17,386.25,0.02,277.07,109580.31,1
2024-05-30,2024-05-30 13:27:00,386.25,386.33,386.25,386.33,0.02,277.07,109580.31,1
2024-05-30,2024-05-30 13:28:00,386.33,386.42,386.33,386.42,0.02,277.07,109580.31,1
2024-05-30,2024-05-30 13:29:00,386.42,386.5,386.42,386.5,0.02,277.07,109580.31,1
2024-05-30,2024-05-30 13:30:00,386.5,386.58,386.5,386.58,0.02,277.07,109580.31,1
2024-05-30,2024-05-30 13:31:00,386.58,386.67,386.58,386.67,0.02,277.07,109580.31,1
2024-05-30,2024-05-30 13:32:00,386.67,386.75,386.67,386.75,0.02,277.07,109580.31,1
2024-05-30,2024-05-30 13:33:00,386.75,386.83,386.75,386.83,0.02,277.07,109580.31,1
2024-05-30,2024-05-30 13:34:00,386.83,386.92,386.83,386.92,0.02,277.07,109580.31,1
2024-05-30,2024-05-30 13:35:00,386.92,387.0,386.92,387.0,0.02,277.07,109580.31,1
2024-05-30,2024-05-30 13:36:00,387.0,387.08,387.0,387.08,0.02,277.07,109580.31,1
2024-05-30,2024-05-30 13:37:00,387.08,387.17,387.08,387.17,0.02,277.07,109580.31,1
2024-05-30,2024-05-30 13:38:00,387.17,387.25,387.17,387.25,0.02,277.07,109580.31,1
2024-05-30,2024-05-30 13:39:00,387.25,387.33,387.25,387.33,0.02,277.07,109580.31,1
2024-05-30,2024-05-30 13:40:00,387.33,387.42,387.33,387.42,0.02,277.07,109580.31,1
2024-05-30,2024-05-30 13:41:00,387.42,387.5,387.42,387.5,0.02,277.07,109580.31,1
2024-05-30,2024-05-30 13:42:00,387.5,387.58,387.5,387.58,0.02,277.07,109580.31,1
2024-05-30,2024-05-30 13:43:00,387.58,387.67,387.58,387.67,0.02,277.07,109580.31,1
2024-05-30,2024-05-30 13:44:00,387.67,387.75,387.67,387.75,0.02,277.07,109580.31,1
2024-05-30,2024-05-30 13:45:00,387.75,387.83,387.75,387.83,0.02,277.07,109580.31,1
2024-05-30,2024-05-30 13:46:00,387.83,387.92,387.83,387.92,0.02,277.07,109580.31,1
2024-05-30,2024-05-30 13:47:00,387.92,388.0,387.92,388.0,0.02,277.07,109580.31,1
2024-05-30,2024-05-30 13:48:00,388.0,388.08,388.0,388.08,0.02,277.07,109580.31,1
2024-05-30,2024-05-30 13:49:00,388.08,388.17,388.08,388.17,0.02,277.07,109580.31,1
2024-05-30,2024-05-30 13:50:00,388.17,388.25,388.17,388.25,0.02,277.07,109580.31,1
2024-05-30,2024-05-30 13:51:00,388.25,388.33,388.25,388.33,0.02,277.07,109580.31,1
2024-05-30,2024-05-30 13:52:00,388.33,388.42,388.33,388.42,0.02,277.07,109580.31,1
2024-05-30,2024-05-30 13:53:00,388.42,388.5,388.42,388.5,0.02,277.07,109580.31,1
2024-05-30,2024-05-30 13:54:00,388.5,388.58,388.5,388.58,0.02,277.07,109580.31,1
2024-05-30,2024-05-30 13:55:00,388.58,388.67,388.58,388.67,0.02,277.07,109580.31,1
2024-05-30,2024-05-30 13:56:00,388.67,388.75,388.67,388.75,0.02,277.07,109580.31,1
2024-05-30,2024-05-30 13:57:00,388.75,388.83,388.75,388.83,0.02,277.07,109580.31,1
2024-05-30,2024-05-30 13:58:00,388.83,388.92,388.83,388.92,0.02,277.07,109580.31,1
2024-05-30,2024-05-30 13:59:00,388.92,389.0,388.92,389.0,0.02,277.07,109580.31,1
2024-05-30,2024-05-30 14:00:00,389.0,389.08,389.0,389.08,0.02,277.07,109580.31,1
2024-05-30,2024-05-30 14:01:00,389.08,389.17,389.08,389.17,0.02,277.07,109580.31,1
2024-05-30,2024-05-30 14:02:00,389.17,389.25,389.17,389.25,0.02,277.07,109580.31,1
2024-05-30,2024-05-30 14:03:00,389.25,389.33,389.25,389.33,0.02,277.07,109580.31,1
2024-05-30,2024-05-30 14:04:00,389.33,389.42,389.33,389.42,0.02,277.07,109580.31,1
2024-05-30,2024-05-30 14:05:00,389.42,389.5,389.42,389.5,0.02,277.07,109580.31,1
2024-05-30,2024-05-30 14:06:00,389.5,389.58,389.5,389.58,0.02,277.07,109580.31,1
2024-05-30,2024-05-30 14:07:00,389.58,389.67,389.58,389.67,0.02,277.07,109580.31,1
2024-05-30,2024-05-30 14:08:00,389.67,389.75,389.67,389.75,0.02,277.07,109580.31,1
2024-05-30,2024-05-30 14:09:00,389.75,389.83,389.75,389.83,0.02,277.07,109580.31,1
2024-05-30,2024-05-30 14:10:00,389.83,389.92,389.83,389.92,0.02,277.07,109580.31,1
2024-05-30,2024-05-30 14:11:00,389.92,390.0,389.92,390.0,0.02,277.07,109580.31,1
2024-05-30,2024-05-30 14:12:00,390.0,390.08,390.0,390.08,0.02,277.07,109580.31,1
2024-05-30,2024-05-30 14:13:00,390.08,390.17,390.08,390.17,0.02,277.07,109580.31,1
2024-05-30,2024-05-30 14:14:00,390.17,390.25,390.17,390.25,0.02,277.07,109580.31,1
2024-05-30,2024-05-30 14:15:00,390.25,390.33,390.25,390.33,0.02,277.07,109580.31,1
2024-05-30,2024-05-30 14:16:00,390.33,390.42,390.33,390.42,0.02,277.07,109580.31,1
2024-05-30,2024-05-30 14:17:00,390.42,390.5,390.42,390.5,0.02,277.07,109580.31,1
2024-05-30,2024-05-30 14:18:00,390.5,390.58,390.5,390.58,0.02,277.07,109580.31,1
2024-05-30,2024-05-30 14:19:00,390.58,390.67,390.58,390.67,0.02,277.07,109580.31,1
2024-05-30,2024-05-30 14:20:00,390.67,390.75,390.67,390.75,0.02,277.07,109580.31,1
2024-05-30,2024-05-30 14:21:00,390.75,390.83,390.75,390.83,0.02,277.07,109580.31,1
2024-05-30,2024-05-30 14:22:00,390.83,390.92,390.83,390.92,0.02,277.07,109580.31,1
2024-05-30,2024-05-30 14:23:00,390.92,391.0,390.92,391.0,0.02,277.07,109580.31,1
2024-05-30,2024-05-30 14:24:00,391.0,391.08,391.0,391.08,0.02,277.07,109580.31,1
2024-05-30,2024-05-30 14:25:00,391.08,391.17,391.08,391.17,0.02,277.07,109580.31,1
2024-05-30,2024-05-30 14:26:00,391.17,391.25,391.17,391.25,0.02,277.07,109580.31,1
2024-05-30,2024-05-30 14:27:00,391.25,391.33,391.25,391.33,0.02,277.07,109580.31,1
2024-05-30,2024-05-30 14:28:00,391.33,391.42,391.33,391.42,0.02,277.07,109580.31,1
2024-05-30,2024-05-30 14:29:00,391.42,391.5,391.42,391.5,0.02,277.07,109580.31,1
2024-05-30,2024-05-30 14:30:00,391.5,391.58,391.5,391.58,0.02,277.07,109580.31,1
2024-05-30,2024-05-30 14:31:00,391.58,391.67,391.58,391.67,0.02,277.07,109580.31,1
2024-05-30,2024-05-30 14:32:00,391.67,391.75,391.67,391.75,0.02,277.07,109580.31,1
2024-05-30,2024-05-30 14:33:00,391.75,391.83,391.75,391.83,0.02,277.07,109580.31,1
2024-05-30,2024-05-30 14:34:00,391.83,391.92,391.83,391.92,0.02,277.07,109580.31,1
2024-05-30,2024-05-30 14:35:00,391.92,392.0,391.92,392.0,0.02,277.07,109580.31,1
2024-05-30,2024-05-30 14:36:00,392.0,392.08,392.0,392.08,0.02,277.07,109580.31,1
2024-05-30,2024-05-30 14:37:00,392.08,392.17,392.08,392.17,0.02,277.07,109580.31,1
2024-05-30,2024-05-30 14:38:00,392.17,392.25,392.17,392.25,0.02,277.07,109580.31,1
2024-05-30,2024-05-30 14:39:00,392.25,392.33,392.25,392.33,0.02,277.07,109580.31,1
2024-05-30,2024-05-30 14:40:00,392.33,392.42,392.33,392.42,0.02,277.07,109580.31,1
2024-05-30,2024-05-30 14:41:00,392.42,392.5,392.42,392.5,0.02,277.07,109580.31,1
2024-05-30,2024-05-30 14:42:00,392.5,392.58,392.5,392.58,0.02,277.07,109580.31,1
2024-05-30,2024-05-30 14:43:00,392.58,392.67,392.58,392.67,0.02,277.07,109580.31,1
2024-05-30,2024-05-30 14:44:00,392.67,392.75,392.67,392.75,0.02,277.07,109580.31,1
2024-05-30,2024-05-30 14:45:00,392.75,392.83,392.75,392.83,0.02,277.07,109580.31,1
2024-05-30,2024-05-30 14:46:00,392.83,392.92,392.83,392.92,0.02,277.07,109580.31,1
2024-05-30,2024-05-30 14:47:00,392.92,393.0,392.92,393.0,0.02,277.07,109580.31,1
2024-05-30,2024-05-30 14:48:00,393.0,393.08,393.0,393.08,0.02,277.07,109580.31,1
2024-05-30,2024-05-30 14:49:00,393.08,393.17,393.08,393.17,0.02,277.07,109580.31,1
2024-05-30,2024-05-30 14:50:00,393.17,393.25,393.17,393.25,0.02,277.07,109580.31,1
2024-05-30,2024-05-30 14:51:00,393.25,393.33,393.25,393.33,0.02,277.07,109580.31,1
2024-05-30,2024-05-30 14:52:00,393.33,393.42,393.33,393.42,0.02,277.07,109580.31,1
2024-05-30,2024-05-30 14:53:00,393.42,393.5,393.42,393.5,0.02,277.07,109580.31,1
2024-05-30,2024-05-30 14:54:00,393.5,393.58,393.5,393.58,0.02,277.07,109580.31,1
2024-05-30,2024-05-30 14:55:00,393.58,393.67,393.58,393.67,0.02,277.07,109580.31,1
2024-05-30,2024-05-30 14:56:00,393.67,393.75,393.67,393.75,0.02,277.07,109580.31,1
2024-05-30,2024-05-30 14:57:00,393.75,393.83,393.75,393.83,0.02,277.07,109580.31,1
2024-05-30,2024-05-30 14:58:00,393.83,393.92,393.83,393.92,0.02,277.07,109580.31,1
2024-05-30,2024-05-30 14:59:00,393.92,394.0,393.92,394.0,0.02,277.07,109580.31,1
2024-05-30,2024-05-30 15:00:00,394.0,402.0,373.1,394.0,0.0,277.07,109580.31,0
2024-06-02,2024-06-02 11:00:00,398.0,404.3,398.0,398.06,0.02,237.15,97512.61,1
2024-06-02,2024-06-02 11:01:00,398.06,398.12,398.06,398.12,0.02,237.15,97512.61,1
2024-06-02,2024-06-02 11:02:00,398.12,398.19,398.12,398.19,0.02,237.15,97512.61,1
2024-06-02,2024-06-02 11:03:00,398.19,398.25,398.19,398.25,0.02,237.15,97512.61,1
2024-06-02,2024-06-02 11:04:00,398.25,398.31,398.25,398.31,0.02,237.15,97512.61,1
2024-06-02,2024-06-02 11:05:00,398.31,398.38,398.31,398.38,0.02,237.15,97512.61,1
2024-06-02,2024-06-02 11:06:00,398.38,398.44,398.38,398.44,0.02,237.15,97512.61,1
2024-06-02,2024-06-02 11:07:00,398.44,398.5,398.44,398.5,0.02,237.15,97512.61,1
2024-06-02,2024-06-02 11:08:00,398.5,398.56,398.5,398.56,0.02,237.15,97512.61,1
2024-06-02,2024-06-02 11:09:00,398.56,398.62,398.56,398.62,0.02,237.15,97512.61,1
2024-06-02,2024-06-02 11:10:00,398.62,398.69,398.62,398.69,0.02,237.15,97512.61,1
2024-06-02,2024-06-02 11:11:00,398.69,398.75,398.69,398.75,0.02,237.15,97512.61,1
2024-06-02,2024-06-02 11:12:00,398.75,398.81,398.75,398.81,0.02,237.15,97512.61,1
2024-06-02,2024-06-02 11:13:00,398.81,398.88,398.81,398.88,0.02,237.15,97512.61,1
2024-06-02,2024-06-02 11:14:00,398.88,398.94,398.88,398.94,0.02,237.15,97512.61,1
2024-06-02,2024-06-02 11:15:00,398.94,399.0,398.94,399.0,0.02,237.15,97512.61,1
2024-06-02,2024-06-02 11:16:00,399.0,399.06,399.0,399.06,0.02,237.15,97512.61,1
2024-06-02,2024-06-02 11:17:00,399.06,399.12,399.06,399.12,0.02,237.15,97512.61,1
2024-06-02,2024-06-02 11:18:00,399.12,399.19,399.12,399.19,0.02,237.15,97512.61,1
2024-06-02,2024-06-02 11:19:00,399.19,399.25,399.19,399.25,0.02,237.15,97512.61,1
2024-06-02,2024-06-02 11:20:00,399.25,399.31,399.25,399.31,0.02,237.15,97512.61,1
2024-06-02,2024-06-02 11:21:00,399.31,399.38,399.31,399.38,0.02,237.15,97512.61,1
2024-06-02,2024-06-02 11:22:00,399.38,399.44,399.38,399.44,0.02,237.15,97512.61,1
2024-06-02,2024-06-02 11:23:00,399.44,399.5,399.44,399.5,0.02,237.15,97512.61,1
2024-06-02,2024-06-02 11:24:00,399.5,399.56,399.5,399.56,0.02,237.15,97512.61,1
2024-06-02,2024-06-02 11:25:00,399.56,399.62,399.56,399.62,0.02,237.15,97512.61,1
2024-06-02,2024-06-02 11:26:00,399.62,399.69,399.62,399.69,0.02,237.15,97512.61,1
2024-06-02,2024-06-02 11:27:00,399.69,399.75,399.69,399.75,0.02,237.15,97512.61,1
2024-06-02,2024-06-02 11:28:00,399.75,399.81,399.75,399.81,0.02,237.15,97512.61,1
2024-06-02,2024-06-02 11:29:00,399.81,399.88,399.81,399.88,0.02,237.15,97512.61,1
2024-06-02,2024-06-02 11:30:00,399.88,399.94,399.88,399.94,0.02,237.15,97512.61,1
2024-06-02,2024-06-02 11:31:00,399.94,400.0,399.94,400.0,0.02,237.15,97512.61,1
2024-06-02,2024-06-02 11:32:00,400.0,400.06,400.0,400.06,0.02,237.15,97512.61,1
2024-06-02,2024-06-02 11:33:00,400.06,400.12,400.06,400.12,0.01,237.15,97512.61,1
2024-06-02,2024-06-02 11:34:00,400.12,400.19,400.12,400.19,0.02,237.15,97512.61,1
2024-06-02,2024-06-02 11:35:00,400.19,400.25,400.19,400.25,0.01,237.15,97512.61,1
2024-06-02,2024-06-02 11:36:00,400.25,400.31,400.25,400.31,0.01,237.15,97512.61,1
2024-06-02,2024-06-02 11:37:00,400.31,400.38,400.31,400.38,0.02,237.15,97512.61,1
2024-06-02,2024-06-02 11:38:00,400.38,400.44,400.38,400.44,0.01,237.15,97512.61,1
2024-06-02,2024-06-02 11:39:00,400.44,400.5,400.44,400.5,0.01,237.15,97512.61,1
2024-06-02,2024-06-02 11:40:00,400.5,400.56,400.5,400.56,0.01,237.15,97512.61,1
2024-06-02,2024-06-02 11:41:00,400.56,400.62,400.56,400.62,0.01,237.15,97512.61,1
2024-06-02,2024-06-02 11:42:00,400.62,400.69,400.62,400.69,0.02,237.15,97512.61,1
2024-06-02,2024-06-02 11:43:00,400.69,400.75,400.69,400.75,0.01,237.15,97512.61,1
2024-06-02,2024-06-02 11:44:00,400.75,400.81,400.75,400.81,0.01,237.15,97512.61,1
2024-06-02,2024-06-02 11:45:00,400.81,400.88,400.81,400.88,0.02,237.15,97512.61,1
2024-06-02,2024-06-02 11:46:00,400.88,400.94,400.88,400.94,0.01,237.15,97512.61,1
2024-06-02,2024-06-02 11:47:00,400.94,401.0,400.94,401.0,0.01,237.15,97512.61,1
2024-06-02,2024-06-02 11:48:00,401.0,401.06,401.0,401.06,0.01,237.15,97512.61,1
2024-06-02,2024-06-02 11:49:00,401.06,401.12,401.06,401.12,0.01,237.15,97512.61,1
2024-06-02,2024-06-02 11:50:00,401.12,401.19,401.12,401.19,0.02,237.15,97512.61,1
2024-06-02,2024-06-02 11:51:00,401.19,401.25,401.19,401.25,0.01,237.15,97512.61,1
2024-06-02,2024-06-02 11:52:00,401.25,401.31,401.25,401.31,0.01,237.15,97512.61,1
2024-06-02,2024-06-02 11:53:00,401.31,401.38,401.31,401.38,0.02,237.15,97512.61,1
2024-06-02,2024-06-02 11:54:00,401.38,401.44,401.38,401.44,0.01,237.15,97512.61,1
2024-06-02,2024-06-02 11:55:00,401.44,401.5,401.44,401.5,0.01,237.15,97512.61,1
2024-06-02,2024-06-02 11:56:00,401.5,401.56,401.5,401.56,0.01,237.15,97512.61,1
2024-06-02,2024-06-02 11:57:00,401.56,401.62,401.56,401.62,0.01,237.15,97512.61,1
2024-06-02,2024-06-02 11:58:00,401.62,401.69,401.62,401.69,0.02,237.15,97512.61,1
2024-06-02,2024-06-02 11:59:00,401.69,401.75,401.69,401.75,0.01,237.15,97512.61,1
2024-06-02,2024-06-02 12:00:00,401.75,401.81,401.75,401.81,0.01,237.15,97512.61,1
2024-06-02,2024-06-02 12:01:00,401.81,401.88,401.81,401.88,0.02,237.15,97512.61,1
2024-06-02,2024-06-02 12:02:00,401.88,401.94,401.88,401.94,0.01,237.15,97512.61,1
2024-06-02,2024-06-02 12:03:00,401.94,402.0,401.94,402.0,0.01,237.15,97512.61,1
2024-06-02,2024-06-02 12:04:00,402.0,402.06,402.0,402.06,0.01,237.15,97512.61,1
2024-06-02,2024-06-02 12:05:00,402.06,402.12,402.06,402.12,0.01,237.15,97512.61,1
2024-06-02,2024-06-02 12:06:00,402.12,402.19,402.12,402.19,0.02,237.15,97512.61,1
2024-06-02,2024-06-02 12:07:00,402.19,402.25,402.19,402.25,0.01,237.15,97512.61,1
2024-06-02,2024-06-02 12:08:00,402.25,402.31,402.25,402.31,0.01,237.15,97512.61,1
2024-06-02,2024-06-02 12:09:00,402.31,402.38,402.31,402.38,0.02,237.15,97512.61,1
2024-06-02,2024-06-02 12:10:00,402.38,402.44,402.38,402.44,0.01,237.15,97512.61,1
2024-06-02,2024-06-02 12:11:00,402.44,402.5,402.44,402.5,0.01,237.15,97512.61,1
2024-06-02,2024-06-02 12:12:00,402.5,402.56,402.5,402.56,0.01,237.15,97512.61,1
2024-06-02,2024-06-02 12:13:00,402.56,402.62,402.56,402.62,0.01,237.15,97512.61,1
2024-06-02,2024-06-02 12:14:00,402.62,402.69,402.62,402.69,0.02,237.15,97512.61,1
2024-06-02,2024-06-02 12:15:00,402.69,402.75,402.69,402.75,0.01,237.15,97512.61,1
2024-06-02,2024-06-02 12:16:00,402.75,402.81,402.75,402.81,0.01,237.15,97512.61,1
2024-06-02,2024-06-02 12:17:00,402.81,402.88,402.81,402.88,0.02,237.15,97512.61,1
2024-06-02,2024-06-02 12:18:00,402.88,402.94,402.88,402.94,0.01,237.15,97512.61,1
2024-06-02,2024-06-02 12:19:00,402.94,403.0,402.94,403.0,0.01,237.15,97512.61,1
2024-06-02,2024-06-02 12:20:00,403.0,403.06,403.0,403.06,0.01,237.15,97512.61,1
2024-06-02,2024-06-02 12:21:00,403.06,403.12,403.06,403.12,0.01,237.15,97512.61,1
2024-06-02,2024-06-02 12:22:00,403.12,403.19,403.12,403.19,0.02,237.15,97512.61,1
2024-06-02,2024-06-02 12:23:00,403.19,403.25,403.19,403.25,0.01,237.15,97512.61,1
2024-06-02,2024-06-02 12:24:00,403.25,403.31,403.25,403.31,0.01,237.15,97512.61,1
2024-06-02,2024-06-02 12:25:00,403.31,403.38,403.31,403.38,0.02,237.15,97512.61,1
2024-06-02,2024-06-02 12:26:00,403.38,403.44,403.38,403.44,0.01,237.15,97512.61,1
2024-06-02,2024-06-02 12:27:00,403.44,403.5,403.44,403.5,0.01,237.15,97512.61,1
2024-06-02,2024-06-02 12:28:00,403.5,403.56,403.5,403.56,0.01,237.15,97512.61,1
2024-06-02,2024-06-02 12:29:00,403.56,403.62,403.56,403.62,0.01,237.15,97512.61,1
2024-06-02,2024-06-02 12:30:00,403.62,403.69,403.62,403.69,0.02,237.15,97512.61,1
2024-06-02,2024-06-02 12:31:00,403.69,403.75,403.69,403.75,0.01,237.15,97512.61,1
2024-06-02,2024-06-02 12:32:00,403.75,403.81,403.75,403.81,0.01,237.15,97512.61,1
2024-06-02,2024-06-02 12:33:00,403.81,403.88,403.81,403.88,0.02,237.15,97512.61,1
2024-06-02,2024-06-02 12:34:00,403.88,403.94,403.88,403.94,0.01,237.15,97512.61,1
2024-06-02,2024-06-02 12:35:00,403.94,404.0,403.94,404.0,0.01,237.15,97512.61,1
2024-06-02,2024-06-02 12:36:00,404.0,404.06,404.0,404.06,0.01,237.15,97512.61,1
2024-06-02,2024-06-02 12:37:00,404.06,404.12,404.06,404.12,0.01,237.15,97512.61,1
2024-06-02,2024-06-02 12:38:00,404.12,404.19,404.12,404.19,0.02,237.15,97512.61,1
2024-06-02,2024-06-02 12:39:00,404.19,404.25,404.19,404.25,0.01,237.15,97512.61,1
2024-06-02,2024-06-02 12:40:00,404.25,404.31,404.25,404.31,0.01,237.15,97512.61,1
2024-06-02,2024-06-02 12:41:00,404.31,404.38,404.31,404.38,0.02,237.15,97512.61,1
2024-06-02,2024-06-02 12:42:00,404.38,404.44,404.38,404.44,0.01,237.15,97512.61,1
2024-06-02,2024-06-02 12:43:00,404.44,404.5,404.44,404.5,0.01,237.15,97512.61,1
2024-06-02,2024-06-02 12:44:00,404.5,404.56,404.5,404.56,0.01,237.15,97512.61,1
2024-06-02,2024-06-02 12:45:00,404.56,404.62,404.56,404.62,0.01,237.15,97512.61,1
2024-06-02,2024-06-02 12:46:00,404.62,404.69,404.62,404.69,0.02,237.15,97512.61,1
2024-06-02,2024-06-02 12:47:00,404.69,404.75,404.69,404.75,0.01,237.15,97512.61,1
2024-06-02,2024-06-02 12:48:00,404.75,404.81,404.75,404.81,0.01,237.15,97512.61,1
2024-06-02,2024-06-02 12:49:00,404.81,404.88,404.81,404.88,0.02,237.15,97512.61,1
2024-06-02,2024-06-02 12:50:00,404.88,404.94,404.88,404.94,0.01,237.15,97512.61,1
2024-06-02,2024-06-02 12:51:00,404.94,405.0,404.94,405.0,0.01,237.15,97512.61,1
2024-06-02,2024-06-02 12:52:00,405.0,405.06,405.0,405.06,0.01,237.15,97512.61,1
2024-06-02,2024-06-02 12:53:00,405.06,405.12,405.06,405.12,0.01,237.15,97512.61,1
2024-06-02,2024-06-02 12:54:00,405.12,405.19,405.12,405.19,0.02,237.15,97512.61,1
2024-06-02,2024-06-02 12:55:00,405.19,405.25,405.19,405.25,0.01,237.15,97512.61,1
2024-06-02,2024-06-02 12:56:00,405.25,405.31,405.25,405.31,0.01,237.15,97512.61,1
2024-06-02,2024-06-02 12:57:00,405.31,405.38,405.31,405.38,0.02,237.15,97512.61,1
2024-06-02,2024-06-02 12:58:00,405.38,405.44,405.38,405.44,0.01,237.15,97512.61,1
2024-06-02,2024-06-02 12:59:00,405.44,405.5,405.44,405.5,0.01,237.15,97512.61,1
2024-06-02,2024-06-02 13:00:00,405.5,419.0,398.0,405.56,0.01,237.15,97512.61,1
2024-06-02,2024-06-02 13:01:00,405.56,405.62,405.56,405.62,0.01,237.15,97512.61,1
2024-06-02,2024-06-02 13:02:00,405.62,405.69,405.62,405.69,0.02,237.15,97512.61,1
2024-06-02,2024-06-02 13:03:00,405.69,405.75,405.69,405.75,0.01,237.15,97512.61,1
2024-06-02,2024-06-02 13:04:00,405.75,405.81,405.75,405.81,0.01,237.15,97512.61,1
2024-06-02,2024-06-02 13:05:00,405.81,405.88,405.81,405.88,0.02,237.15,97512.61,1
2024-06-02,2024-06-02 13:06:00,405.88,405.94,405.88,405.94,0.01,237.15,97512.61,1
2024-06-02,2024-06-02 13:07:00,405.94,406.0,405.94,406.0,0.01,237.15,97512.61,1
2024-06-02,2024-06-02 13:08:00,406.0,406.06,406.0,406.06,0.01,237.15,97512.61,1
2024-06-02,2024-06-02 13:09:00,406.06,406.12,406.06,406.12,0.01,237.15,97512.61,1
2024-06-02,2024-06-02 13:10:00,406.12,406.19,406.12,406.19,0.02,237.15,97512.61,1
2024-06-02,2024-06-02 13:11:00,406.19,406.25,406.19,406.25,0.01,237.15,97512.61,1
2024-06-02,2024-06-02 13:12:00,406.25,406.31,406.25,406.31,0.01,237.15,97512.61,1
2024-06-02,2024-06-02 13:13:00,406.31,406.38,406.31,406.38,0.02,237.15,97512.61,1
2024-06-02,2024-06-02 13:14:00,406.38,406.44,406.38,406.44,0.01,237.15,97512.61,1
2024-06-02,2024-06-02 13:15:00,406.44,406.5,406.44,406.5,0.01,237.15,97512.61,1
2024-06-02,2024-06-02 13:16:00,406.5,406.56,406.5,406.56,0.01,237.15,97512.61,1
2024-06-02,2024-06-02 13:17:00,406.56,406.62,406.56,406.62,0.01,237.15,97512.61,1
2024-06-02,2024-06-02 13:18:00,406.62,406.69,406.62,406.69,0.02,237.15,97512.61,1
2024-06-02,2024-06-02 13:19:00,406.69,406.75,406.69,406.75,0.01,237.15,97512.61,1
2024-06-02,2024-06-02 13:20:00,406.75,406.81,406.75,406.81,0.01,237.15,97512.61,1
2024-06-02,2024-06-02 13:21:00,406.81,406.88,406.81,406.88,0.02,237.15,97512.61,1
2024-06-02,2024-06-02 13:22:00,406.88,406.94,406.88,406.94,0.01,237.15,97512.61,1
2024-06-02,2024-06-02 13:23:00,406.94,407.0,406.94,407.0,0.01,237.15,97512.61,1
2024-06-02,2024-06-02 13:24:00,407.0,407.06,407.0,407.06,0.01,237.15,97512.61,1
2024-06-02,2024-06-02 13:25:00,407.06,407.12,407.06,407.12,0.01,237.15,97512.61,1
2024-06-02,2024-06-02 13:26:00,407.12,407.19,407.12,407.19,0.02,237.15,97512.61,1
2024-06-02,2024-06-02 13:27:00,407.19,407.25,407.19,407.25,0.01,237.15,97512.61,1
2024-06-02,2024-06-02 13:28:00,407.25,407.31,407.25,407.31,0.01,237.15,97512.61,1
2024-06-02,2024-06-02 13:29:00,407.31,407.38,407.31,407.38,0.02,237.15,97512.61,1
2024-06-02,2024-06-02 13:30:00,407.38,407.44,407.38,407.44,0.01,237.15,97512.61,1
2024-06-02,2024-06-02 13:31:00,407.44,407.5,407.44,407.5,0.01,237.15,97512.61,1
2024-06-02,2024-06-02 13:32:00,407.5,407.56,407.5,407.56,0.01,237.15,97512.61,1
2024-06-02,2024-06-02 13:33:00,407.56,407.62,407.56,407.62,0.01,237.15,97512.61,1
2024-06-02,2024-06-02 13:34:00,407.62,407.69,407.62,407.69,0.02,237.15,97512.61,1
2024-06-02,2024-06-02 13:35:00,407.69,407.75,407.69,407.75,0.01,237.15,97512.61,1
2024-06-02,2024-06-02 13:36:00,407.75,407.81,407.75,407.81,0.01,237.15,97512.61,1
2024-06-02,2024-06-02 13:37:00,407.81,407.88,407.81,407.88,0.02,237.15,97512.61,1
2024-06-02,2024-06-02 13:38:00,407.88,407.94,407.88,407.94,0.01,237.15,97512.61,1
2024-06-02,2024-06-02 13:39:00,407.94,408.0,407.94,408.0,0.01,237.15,97512.61,1
2024-06-02,2024-06-02 13:40:00,408.0,408.06,408.0,408.06,0.01,237.15,97512.61,1
2024-06-02,2024-06-02 13:41:00,408.06,408.12,408.06,408.12,0.01,237.15,97512.61,1
2024-06-02,2024-06-02 13:42:00,408.12,408.19,408.12,408.19,0.02,237.15,97512.61,1
2024-06-02,2024-06-02 13:43:00,408.19,408.25,408.19,408.25,0.01,237.15,97512.61,1
2024-06-02,2024-06-02 13:44:00,408.25,408.31,408.25,408.31,0.01,237.15,97512.61,1
2024-06-02,2024-06-02 13:45:00,408.31,408.38,408.31,408.38,0.02,237.15,97512.61,1
2024-06-02,2024-06-02 13:46:00,408.38,408.44,408.38,408.44,0.01,237.15,97512.61,1
2024-06-02,2024-06-02 13:47:00,408.44,408.5,408.44,408.5,0.01,237.15,97512.61,1
2024-06-02,2024-06-02 13:48:00,408.5,408.56,408.5,408.56,0.01,237.15,97512.61,1
2024-06-02,2024-06-02 13:49:00,408.56,408.62,408.56,408.62,0.01,237.15,97512.61,1
2024-06-02,2024-06-02 13:50:00,408.62,408.69,408.62,408.69,0.02,237.15,97512.61,1
2024-06-02,2024-06-02 13:51:00,408.69,408.75,408.69,408.75,0.01,237.15,97512.61,1
2024-06-02,2024-06-02 13:52:00,408.75,408.81,408.75,408.81,0.01,237.15,97512.61,1
2024-06-02,2024-06-02 13:53:00,408.81,408.88,408.81,408.88,0.02,237.15,97512.61,1
2024-06-02,2024-06-02 13:54:00,408.88,408.94,408.88,408.94,0.01,237.15,97512.61,1
2024-06-02,2024-06-02 13:55:00,408.94,409.0,408.94,409.0,0.01,237.15,97512.61,1
2024-06-02,2024-06-02 13:56:00,409.0,409.06,409.0,409.06,0.01,237.15,97512.61,1
2024-06-02,2024-06-02 13:57:00,409.06,409.12,409.06,409.12,0.01,237.15,97512.61,1
2024-06-02,2024-06-02 13:58:00,409.12,409.19,409.12,409.19,0.02,237.15,97512.61,1
2024-06-02,2024-06-02 13:59:00,409.19,409.25,409.19,409.25,0.01,237.15,97512.61,1
2024-06-02,2024-06-02 14:00:00,409.25,409.31,409.25,409.31,0.01,237.15,97512.61,1
2024-06-02,2024-06-02 14:01:00,409.31,409.38,409.31,409.38,0.02,237.15,97512.61,1
2024-06-02,2024-06-02 14:02:00,409.38,409.44,409.38,409.44,0.01,237.15,97512.61,1
2024-06-02,2024-06-02 14:03:00,409.44,409.5,409.44,409.5,0.01,237.15,97512.61,1
2024-06-02,2024-06-02 14:04:00,409.5,409.56,409.5,409.56,0.01,237.15,97512.61,1
2024-06-02,2024-06-02 14:05:00,409.56,409.62,409.56,409.62,0.01,237.15,97512.61,1
2024-06-02,2024-06-02 14:06:00,409.62,409.69,409.62,409.69,0.02,237.15,97512.61,1
2024-06-02,2024-06-02 14:07:00,409.69,409.75,409.69,409.75,0.01,237.15,97512.61,1
2024-06-02,2024-06-02 14:08:00,409.75,409.81,409.75,409.81,0.01,237.15,97512.61,1
2024-06-02,2024-06-02 14:09:00,409.81,409.88,409.81,409.88,0.02,237.15,97512.61,1
2024-06-02,2024-06-02 14:10:00,409.88,409.94,409.88,409.94,0.01,237.15,97512.61,1
2024-06-02,2024-06-02 14:11:00,409.94,410.0,409.94,410.0,0.01,237.15,97512.61,1
2024-06-02,2024-06-02 14:12:00,410.0,410.06,410.0,410.06,0.01,237.15,97512.61,1
2024-06-02,2024-06-02 14:13:00,410.06,410.12,410.06,410.12,0.01,237.15,97512.61,1
2024-06-02,2024-06-02 14:14:00,410.12,410.19,410.12,410.19,0.02,237.15,97512.61,1
2024-06-02,2024-06-02 14:15:00,410.19,410.25,410.19,410.25,0.01,237.15,97512.61,1
2024-06-02,2024-06-02 14:16:00,410.25,410.31,410.25,410.31,0.01,237.15,97512.61,1
2024-06-02,2024-06-02 14:17:00,410.31,410.38,410.31,410.38,0.02,237.15,97512.61,1
2024-06-02,2024-06-02 14:18:00,410.38,410.44,410.38,410.44,0.01,237.15,97512.61,1
2024-06-02,2024-06-02 14:19:00,410.44,410.5,410.44,410.5,0.01,237.15,97512.61,1
2024-06-02,2024-06-02 14:20:00,410.5,410.56,410.5,410.56,0.01,237.15,97512.61,1
2024-06-02,2024-06-02 14:21:00,410.56,410.62,410.56,410.62,0.01,237.15,97512.61,1
2024-06-02,2024-06-02 14:22:00,410.62,410.69,410.62,410.69,0.02,237.15,97512.61,1
2024-06-02,2024-06-02 14:23:00,410.69,410.75,410.69,410.75,0.01,237.15,97512.61,1
2024-06-02,2024-06-02 14:24:00,410.75,410.81,410.75,410.81,0.01,237.15,97512.61,1
2024-06-02,2024-06-02 14:25:00,410.81,410.88,410.81,410.88,0.02,237.15,97512.61,1
2024-06-02,2024-06-02 14:26:00,410.88,410.94,410.88,410.94,0.01,237.15,97512.61,1
2024-06-02,2024-06-02 14:27:00,410.94,411.0,410.94,411.0,0.01,237.15,97512.61,1
2024-06-02,2024-06-02 14:28:00,411.0,411.06,411.0,411.06,0.01,237.15,97512.61,1
2024-06-02,2024-06-02 14:29:00,411.06,411.12,411.06,411.12,0.01,237.15,97512.61,1
2024-06-02,2024-06-02 14:30:00,411.12,411.19,411.12,411.19,0.02,237.15,97512.61,1
2024-06-02,2024-06-02 14:31:00,411.19,411.25,411.19,411.25,0.01,237.15,97512.61,1
2024-06-02,2024-06-02 14:32:00,411.25,411.31,411.25,411.31,0.01,237.15,97512.61,1
2024-06-02,2024-06-02 14:33:00,411.31,411.38,411.31,411.38,0.02,237.15,97512.61,1
2024-06-02,2024-06-02 14:34:00,411.38,411.44,411.38,411.44,0.01,237.15,97512.61,1
2024-06-02,2024-06-02 14:35:00,411.44,411.5,411.44,411.5,0.01,237.15,97512.61,1
2024-06-02,2024-06-02 14:36:00,411.5,411.56,411.5,411.56,0.01,237.15,97512.61,1
2024-06-02,2024-06-02 14:37:00,411.56,411.62,411.56,411.62,0.01,237.15,97512.61,1
2024-06-02,2024-06-02 14:38:00,411.62,411.69,411.62,411.69,0.02,237.15,97512.61,1
2024-06-02,2024-06-02 14:39:00,411.69,411.75,411.69,411.75,0.01,237.15,97512.61,1
2024-06-02,2024-06-02 14:40:00,411.75,411.81,411.75,411.81,0.01,237.15,97512.61,1
2024-06-02,2024-06-02 14:41:00,411.81,411.88,411.81,411.88,0.02,237.15,97512.61,1
2024-06-02,2024-06-02 14:42:00,411.88,411.94,411.88,411.94,0.01,237.15,97512.61,1
2024-06-02,2024-06-02 14:43:00,411.94,412.0,411.94,412.0,0.01,237.15,97512.61,1
2024-06-02,2024-06-02 14:44:00,412.0,412.06,412.0,412.06,0.01,237.15,97512.61,1
2024-06-02,2024-06-02 14:45:00,412.06,412.12,412.06,412.12,0.01,237.15,97512.61,1
2024-06-02,2024-06-02 14:46:00,412.12,412.19,412.12,412.19,0.02,237.15,97512.61,1
2024-06-02,2024-06-02 14:47:00,412.19,412.25,412.19,412.25,0.01,237.15,97512.61,1
2024-06-02,2024-06-02 14:48:00,412.25,412.31,412.25,412.31,0.01,237.15,97512.61,1
2024-06-02,2024-06-02 14:49:00,412.31,412.38,412.31,412.38,0.02,237.15,97512.61,1
2024-06-02,2024-06-02 14:50:00,412.38,412.44,412.38,412.44,0.01,237.15,97512.61,1
2024-06-02,2024-06-02 14:51:00,412.44,412.5,412.44,412.5,0.01,237.15,97512.61,1
2024-06-02,2024-06-02 14:52:00,412.5,412.56,412.5,412.56,0.01,237.15,97512.61,1
2024-06-02,2024-06-02 14:53:00,412.56,412.62,412.56,412.62,0.01,237.15,97512.61,1
2024-06-02,2024-06-02 14:54:00,412.62,412.69,412.62,412.69,0.02,237.15,97512.61,1
2024-06-02,2024-06-02 14:55:00,412.69,412.75,412.69,412.75,0.01,237.15,97512.61,1
2024-06-02,2024-06-02 14:56:00,412.75,412.81,412.75,412.81,0.01,237.15,97512.61,1
2024-06-02,2024-06-02 14:57:00,412.81,412.88,412.81,412.88,0.02,237.15,97512.61,1
2024-06-02,2024-06-02 14:58:00,412.88,412.94,412.88,412.94,0.01,237.15,97512.61,1
2024-06-02,2024-06-02 14:59:00,412.94,413.0,412.94,413.0,0.01,237.15,97512.61,1
2024-06-02,2024-06-02 15:00:00,413.0,419.0,398.0,413.0,0.0,237.15,97512.61,0
2024-06-03,2024-06-03 11:00:00,415.0,415.9,410.17,414.94,-0.01,164.97,66910.05,-1
2024-06-03,2024-06-03 11:01:00,414.94,414.94,414.88,414.88,-0.01,164.97,66910.05,-1
2024-06-03,2024-06-03 11:02:00,414.88,414.88,414.81,414.81,-0.02,164.97,66910.05,-1
2024-06-03,2024-06-03 11:03:00,414.81,414.81,414.75,414.75,-0.01,164.97,66910.05,-1
2024-06-03,2024-06-03 11:04:00,414.75,414.75,414.69,414.69,-0.01,164.97,66910.05,-1
2024-06-03,2024-06-03 11:05:00,414.69,414.69,414.62,414.62,-0.02,164.97,66910.05,-1
2024-06-03,2024-06-03 11:06:00,414.62,414.62,414.56,414.56,-0.01,164.97,66910.05,-1
2024-06-03,2024-06-03 11:07:00,414.56,414.56,414.5,414.5,-0.01,164.97,66910.05,-1
2024-06-03,2024-06-03 11:08:00,414.5,414.5,414.44,414.44,-0.01,164.97,66910.05,-1
2024-06-03,2024-06-03 11:09:00,414.44,414.44,414.38,414.38,-0.01,164.97,66910.05,-1
2024-06-03,2024-06-03 11:10:00,414.38,414.38,414.31,414.31,-0.02,164.97,66910.05,-1
2024-06-03,2024-06-03 11:11:00,414.31,414.31,414.25,414.25,-0.01,164.97,66910.05,-1
2024-06-03,2024-06-03 11:12:00,414.25,414.25,414.19,414.19,-0.01,164.97,66910.05,-1
2024-06-03,2024-06-03 11:13:00,414.19,414.19,414.12,414.12,-0.02,164.97,66910.05,-1
2024-06-03,2024-06-03 11:14:00,414.12,414.12,414.06,414.06,-0.01,164.97,66910.05,-1
2024-06-03,2024-06-03 11:15:00,414.06,414.06,414.0,414.0,-0.01,164.97,66910.05,-1
2024-06-03,2024-06-03 11:16:00,414.0,414.0,413.94,413.94,-0.01,164.97,66910.05,-1
2024-06-03,2024-06-03 11:17:00,413.94,413.94,413.88,413.88,-0.01,164.97,66910.05,-1
2024-06-03,2024-06-03 11:18:00,413.88,413.88,413.81,413.81,-0.02,164.97,66910.05,-1
2024-06-03,2024-06-03 11:19:00,413.81,413.81,413.75,413.75,-0.01,164.97,66910.05,-1
2024-06-03,2024-06-03 11:20:00,413.75,413.75,413.69,413.69,-0.01,164.97,66910.05,-1
2024-06-03,2024-06-03 11:21:00,413.69,413.69,413.62,413.62,-0.02,164.97,66910.05,-1
2024-06-03,2024-06-03 11:22:00,413.62,413.62,413.56,413.56,-0.01,164.97,66910.05,-1
2024-06-03,2024-06-03 11:23:00,413.56,413.56,413.5,413.5,-0.01,164.97,66910.05,-1
2024-06-03,2024-06-03 11:24:00,413.5,413.5,413.44,413.44,-0.01,164.97,66910.05,-1
2024-06-03,2024-06-03 11:25:00,413.44,413.44,413.38,413.38,-0.01,164.97,66910.05,-1
2024-06-03,2024-06-03 11:26:00,413.38,413.38,413.31,413.31,-0.02,164.97,66910.05,-1
2024-06-03,2024-06-03 11:27:00,413.31,413.31,413.25,413.25,-0.01,164.97,66910.05,-1
2024-06-03,2024-06-03 11:28:00,413.25,413.25,413.19,413.19,-0.01,164.97,66910.05,-1
2024-06-03,2024-06-03 11:29:00,413.19,413.19,413.12,413.12,-0.02,164.97,66910.05,-1
2024-06-03,2024-06-03 11:30:00,413.12,413.12,413.06,413.06,-0.01,164.97,66910.05,-1
2024-06-03,2024-06-03 11:31:00,413.06,413.06,413.0,413.0,-0.01,164.97,66910.05,-1
2024-06-03,2024-06-03 11:32:00,413.0,413.0,412.94,412.94,-0.01,164.97,66910.05,-1
2024-06-03,2024-06-03 11:33:00,412.94,412.94,412.88,412.88,-0.01,164.97,66910.05,-1
2024-06-03,2024-06-03 11:34:00,412.88,412.88,412.81,412.81,-0.02,164.97,66910.05,-1
2024-06-03,2024-06-03 11:35:00,412.81,412.81,412.75,412.75,-0.01,164.97,66910.05,-1
2024-06-03,2024-06-03 11:36:00,412.75,412.75,412.69,412.69,-0.01,164.97,66910.05,-1
2024-06-03,2024-06-03 11:37:00,412.69,412.69,412.62,412.62,-0.02,164.97,66910.05,-1
2024-06-03,2024-06-03 11:38:00,412.62,412.62,412.56,412.56,-0.01,164.97,66910.05,-1
2024-06-03,2024-06-03 11:39:00,412.56,412.56,412.5,412.5,-0.01,164.97,66910.05,-1
2024-06-03,2024-06-03 11:40:00,412.5,412.5,412.44,412.44,-0.01,164.97,66910.05,-1
2024-06-03,2024-06-03 11:41:00,412.44,412.44,412.38,412.38,-0.01,164.97,66910.05,-1
2024-06-03,2024-06-03 11:42:00,412.38,412.38,412.31,412.31,-0.02,164.97,66910.05,-1
2024-06-03,2024-06-03 11:43:00,412.31,412.31,412.25,412.25,-0.01,164.97,66910.05,-1
2024-06-03,2024-06-03 11:44:00,412.25,412.25,412.19,412.19,-0.01,164.97,66910.05,-1
2024-06-03,2024-06-03 11:45:00,412.19,412.19,412.12,412.12,-0.02,164.97,66910.05,-1
2024-06-03,2024-06-03 11:46:00,412.12,412.12,412.06,412.06,-0.01,164.97,66910.05,-1
2024-06-03,2024-06-03 11:47:00,412.06,412.06,412.0,412.0,-0.01,164.97,66910.05,-1
2024-06-03,2024-06-03 11:48:00,412.0,412.0,411.94,411.94,-0.01,164.97,66910.05,-1
2024-06-03,2024-06-03 11:49:00,411.94,411.94,411.88,411.88,-0.01,164.97,66910.05,-1
2024-06-03,2024-06-03 11:50:00,411.88,411.88,411.81,411.81,-0.02,164.97,66910.05,-1
2024-06-03,2024-06-03 11:51:00,411.81,411.81,411.75,411.75,-0.01,164.97,66910.05,-1
2024-06-03,2024-06-03 11:52:00,411.75,411.75,411.69,411.69,-0.01,164.97,66910.05,-1
2024-06-03,2024-06-03 11:53:00,411.69,411.69,411.62,411.62,-0.02,164.97,66910.05,-1
2024-06-03,2024-06-03 11:54:00,411.62,411.62,411.56,411.56,-0.01,164.97,66910.05,-1
2024-06-03,2024-06-03 11:55:00,411.56,411.56,411.5,411.5,-0.01,164.97,66910.05,-1
2024-06-03,2024-06-03 11:56:00,411.5,411.5,411.44,411.44,-0.01,164.97,66910.05,-1
2024-06-03,2024-06-03 11:57:00,411.44,411.44,411.38,411.38,-0.01,164.97,66910.05,-1
2024-06-03,2024-06-03 11:58:00,411.38,411.38,411.31,411.31,-0.02,164.97,66910.05,-1
2024-06-03,2024-06-03 11:59:00,411.31,411.31,411.25,411.25,-0.01,164.97,66910.05,-1
2024-06-03,2024-06-03 12:00:00,411.25,411.25,411.19,411.19,-0.01,164.97,66910.05,-1
2024-06-03,2024-06-03 12:01:00,411.19,411.19,411.12,411.12,-0.02,164.97,66910.05,-1
2024-06-03,2024-06-03 12:02:00,411.12,411.12,411.06,411.06,-0.01,164.97,66910.05,-1
2024-06-03,2024-06-03 12:03:00,411.06,411.06,411.0,411.0,-0.01,164.97,66910.05,-1
2024-06-03,2024-06-03 12:04:00,411.0,411.0,410.94,410.94,-0.01,164.97,66910.05,-1
2024-06-03,2024-06-03 12:05:00,410.94,410.94,410.88,410.88,-0.01,164.97,66910.05,-1
2024-06-03,2024-06-03 12:06:00,410.88,410.88,410.81,410.81,-0.02,164.97,66910.05,-1
2024-06-03,2024-06-03 12:07:00,410.81,410.81,410.75,410.75,-0.01,164.97,66910.05,-1
2024-06-03,2024-06-03 12:08:00,410.75,410.75,410.69,410.69,-0.01,164.97,66910.05,-1
2024-06-03,2024-06-03 12:09:00,410.69,410.69,410.62,410.62,-0.02,164.97,66910.05,-1
2024-06-03,2024-06-03 12:10:00,410.62,410.62,410.56,410.56,-0.01,164.97,66910.05,-1
2024-06-03,2024-06-03 12:11:00,410.56,410.56,410.5,410.5,-0.01,164.97,66910.05,-1
2024-06-03,2024-06-03 12:12:00,410.5,410.5,410.44,410.44,-0.01,164.97,66910.05,-1
2024-06-03,2024-06-03 12:13:00,410.44,410.44,410.38,410.38,-0.01,164.97,66910.05,-1
2024-06-03,2024-06-03 12:14:00,410.38,410.38,410.31,410.31,-0.02,164.97,66910.05,-1
2024-06-03,2024-06-03 12:15:00,410.31,410.31,410.25,410.25,-0.01,164.97,66910.05,-1
2024-06-03,2024-06-03 12:16:00,410.25,410.25,410.19,410.19,-0.01,164.97,66910.05,-1
2024-06-03,2024-06-03 12:17:00,410.19,410.19,410.12,410.12,-0.02,164.97,66910.05,-1
2024-06-03,2024-06-03 12:18:00,410.12,410.12,410.06,410.06,-0.01,164.97,66910.05,-1
2024-06-03,2024-06-03 12:19:00,410.06,410.06,410.0,410.0,-0.01,164.97,66910.05,-1
2024-06-03,2024-06-03 12:20:00,410.0,410.0,409.94,409.94,-0.01,164.97,66910.05,-1
2024-06-03,2024-06-03 12:21:00,409.94,409.94,409.88,409.88,-0.01,164.97,66910.05,-1
2024-06-03,2024-06-03 12:22:00,409.88,409.88,409.81,409.81,-0.02,164.97,66910.05,-1
2024-06-03,2024-06-03 12:23:00,409.81,409.81,409.75,409.75,-0.01,164.97,66910.05,-1
2024-06-03,2024-06-03 12:24:00,409.75,409.75,409.69,409.69,-0.01,164.97,66910.05,-1
2024-06-03,2024-06-03 12:25:00,409.69,409.69,409.62,409.62,-0.02,164.97,66910.05,-1
2024-06-03,2024-06-03 12:26:00,409.62,409.62,409.56,409.56,-0.01,164.97,66910.05,-1
2024-06-03,2024-06-03 12:27:00,409.56,409.56,409.5,409.5,-0.01,164.97,66910.05,-1
2024-06-03,2024-06-03 12:28:00,409.5,409.5,409.44,409.44,-0.01,164.97,66910.05,-1
2024-06-03,2024-06-03 12:29:00,409.44,409.44,409.38,409.38,-0.01,164.97,66910.05,-1
2024-06-03,2024-06-03 12:30:00,409.38,409.38,409.31,409.31,-0.02,164.97,66910.05,-1
2024-06-03,2024-06-03 12:31:00,409.31,409.31,409.25,409.25,-0.01,164.97,66910.05,-1
2024-06-03,2024-06-03 12:32:00,409.25,409.25,409.19,409.19,-0.01,164.97,66910.05,-1
2024-06-03,2024-06-03 12:33:00,409.19,409.19,409.12,409.12,-0.02,164.97,66910.05,-1
2024-06-03,2024-06-03 12:34:00,409.12,409.12,409.06,409.06,-0.01,164.97,66910.05,-1
2024-06-03,2024-06-03 12:35:00,409.06,409.06,409.0,409.0,-0.01,164.97,66910.05,-1
2024-06-03,2024-06-03 12:36:00,409.0,409.0,408.94,408.94,-0.01,164.97,66910.05,-1
2024-06-03,2024-06-03 12:37:00,408.94,408.94,408.88,408.88,-0.01,164.97,66910.05,-1
2024-06-03,2024-06-03 12:38:00,408.88,408.88,408.81,408.81,-0.02,164.97,66910.05,-1
2024-06-03,2024-06-03 12:39:00,408.81,408.81,408.75,408.75,-0.01,164.97,66910.05,-1
2024-06-03,2024-06-03 12:40:00,408.75,408.75,408.69,408.69,-0.01,164.97,66910.05,-1
2024-06-03,2024-06-03 12:41:00,408.69,408.69,408.62,408.62,-0.02,164.97,66910.05,-1
2024-06-03,2024-06-03 12:42:00,408.62,408.62,408.56,408.56,-0.01,164.97,66910.05,-1
2024-06-03,2024-06-03 12:43:00,408.56,408.56,408.5,408.5,-0.01,164.97,66910.05,-1
2024-06-03,2024-06-03 12:44:00,408.5,408.5,408.44,408.44,-0.01,164.97,66910.05,-1
2024-06-03,2024-06-03 12:45:00,408.44,408.44,408.38,408.38,-0.01,164.97,66910.05,-1
2024-06-03,2024-06-03 12:46:00,408.38,408.38,408.31,408.31,-0.02,164.97,66910.05,-1
2024-06-03,2024-06-03 12:47:00,408.31,408.31,408.25,408.25,-0.01,164.97,66910.05,-1
2024-06-03,2024-06-03 12:48:00,408.25,408.25,408.19,408.19,-0.01,164.97,66910.05,-1
2024-06-03,2024-06-03 12:49:00,408.19,408.19,408.12,408.12,-0.02,164.97,66910.05,-1
2024-06-03,2024-06-03 12:50:00,408.12,408.12,408.06,408.06,-0.01,164.97,66910.05,-1
2024-06-03,2024-06-03 12:51:00,408.06,408.06,408.0,408.0,-0.01,164.97,66910.05,-1
2024-06-03,2024-06-03 12:52:00,408.0,408.0,407.94,407.94,-0.01,164.97,66910.05,-1
2024-06-03,2024-06-03 12:53:00,407.94,407.94,407.88,407.88,-0.01,164.97,66910.05,-1
2024-06-03,2024-06-03 12:54:00,407.88,407.88,407.81,407.81,-0.02,164.97,66910.05,-1
2024-06-03,2024-06-03 12:55:00,407.81,407.81,407.75,407.75,-0.01,164.97,66910.05,-1
2024-06-03,2024-06-03 12:56:00,407.75,407.75,407.69,407.69,-0.01,164.97,66910.05,-1
2024-06-03,2024-06-03 12:57:00,407.69,407.69,407.62,407.62,-0.02,164.97,66910.05,-1
2024-06-03,2024-06-03 12:58:00,407.62,407.62,407.56,407.56,-0.01,164.97,66910.05,-1
2024-06-03,2024-06-03 12:59:00,407.56,407.56,407.5,407.5,-0.01,164.97,66910.05,-1
2024-06-03,2024-06-03 13:00:00,407.5,418.0,398.9,407.44,-0.01,164.97,66910.05,-1
2024-06-03,2024-06-03 13:01:00,407.44,407.44,407.38,407.38,-0.01,164.97,66910.05,-1
2024-06-03,2024-06-03 13:02:00,407.38,407.38,407.31,407.31,-0.02,164.97,66910.05,-1
2024-06-03,2024-06-03 13:03:00,407.31,407.31,407.25,407.25,-0.01,164.97,66910.05,-1
2024-06-03,2024-06-03 13:04:00,407.25,407.25,407.19,407.19,-0.01,164.97,66910.05,-1
2024-06-03,2024-06-03 13:05:00,407.19,407.19,407.12,407.12,-0.02,164.97,66910.05,-1
2024-06-03,2024-06-03 13:06:00,407.12,407.12,407.06,407.06,-0.01,164.97,66910.05,-1
2024-06-03,2024-06-03 13:07:00,407.06,407.06,407.0,407.0,-0.01,164.97,66910.05,-1
2024-06-03,2024-06-03 13:08:00,407.0,407.0,406.94,406.94,-0.01,164.97,66910.05,-1
2024-06-03,2024-06-03 13:09:00,406.94,406.94,406.88,406.88,-0.01,164.97,66910.05,-1
2024-06-03,2024-06-03 13:10:00,406.88,406.88,406.81,406.81,-0.02,164.97,66910.05,-1
2024-06-03,2024-06-03 13:11:00,406.81,406.81,406.75,406.75,-0.01,164.97,66910.05,-1
2024-06-03,2024-06-03 13:12:00,406.75,406.75,406.69,406.69,-0.01,164.97,66910.05,-1
2024-06-03,2024-06-03 13:13:00,406.69,406.69,406.62,406.62,-0.02,164.97,66910.05,-1
2024-06-03,2024-06-03 13:14:00,406.62,406.62,406.56,406.56,-0.01,164.97,66910.05,-1
2024-06-03,2024-06-03 13:15:00,406.56,406.56,406.5,406.5,-0.01,164.97,66910.05,-1
2024-06-03,2024-06-03 13:16:00,406.5,406.5,406.44,406.44,-0.01,164.97,66910.05,-1
2024-06-03,2024-06-03 13:17:00,406.44,406.44,406.38,406.38,-0.01,164.97,66910.05,-1
2024-06-03,2024-06-03 13:18:00,406.38,406.38,406.31,406.31,-0.02,164.97,66910.05,-1
2024-06-03,2024-06-03 13:19:00,406.31,406.31,406.25,406.25,-0.01,164.97,66910.05,-1
2024-06-03,2024-06-03 13:20:00,406.25,406.25,406.19,406.19,-0.01,164.97,66910.05,-1
2024-06-03,2024-06-03 13:21:00,406.19,406.19,406.12,406.12,-0.02,164.97,66910.05,-1
2024-06-03,2024-06-03 13:22:00,406.12,406.12,406.06,406.06,-0.01,164.97,66910.05,-1
2024-06-03,2024-06-03 13:23:00,406.06,406.06,406.0,406.0,-0.01,164.97,66910.05,-1
2024-06-03,2024-06-03 13:24:00,406.0,406.0,405.94,405.94,-0.01,164.97,66910.05,-1
2024-06-03,2024-06-03 13:25:00,405.94,405.94,405.88,405.88,-0.01,164.97,66910.05,-1
2024-06-03,2024-06-03 13:26:00,405.88,405.88,405.81,405.81,-0.02,164.97,66910.05,-1
2024-06-03,2024-06-03 13:27:00,405.81,405.81,405.75,405.75,-0.01,164.97,66910.05,-1
2024-06-03,2024-06-03 13:28:00,405.75,405.75,405.69,405.69,-0.01,164.97,66910.05,-1
2024-06-03,2024-06-03 13:29:00,405.69,405.69,405.62,405.62,-0.02,164.97,66910.05,-1
2024-06-03,2024-06-03 13:30:00,405.62,405.62,405.56,405.56,-0.01,164.97,66910.05,-1
2024-06-03,2024-06-03 13:31:00,405.56,405.56,405.5,405.5,-0.01,164.97,66910.05,-1
2024-06-03,2024-06-03 13:32:00,405.5,405.5,405.44,405.44,-0.01,164.97,66910.05,-1
2024-06-03,2024-06-03 13:33:00,405.44,405.44,405.38,405.38,-0.01,164.97,66910.05,-1
2024-06-03,2024-06-03 13:34:00,405.38,405.38,405.31,405.31,-0.02,164.97,66910.05,-1
2024-06-03,2024-06-03 13:35:00,405.31,405.31,405.25,405.25,-0.01,164.97,66910.05,-1
2024-06-03,2024-06-03 13:36:00,405.25,405.25,405.19,405.19,-0.01,164.97,66910.05,-1
2024-06-03,2024-06-03 13:37:00,405.19,405.19,405.12,405.12,-0.02,164.97,66910.05,-1
2024-06-03,2024-06-03 13:38:00,405.12,405.12,405.06,405.06,-0.01,164.97,66910.05,-1
2024-06-03,2024-06-03 13:39:00,405.06,405.06,405.0,405.0,-0.01,164.97,66910.05,-1
2024-06-03,2024-06-03 13:40:00,405.0,405.0,404.94,404.94,-0.01,164.97,66910.05,-1
2024-06-03,2024-06-03 13:41:00,404.94,404.94,404.88,404.88,-0.01,164.97,66910.05,-1
2024-06-03,2024-06-03 13:42:00,404.88,404.88,404.81,404.81,-0.02,164.97,66910.05,-1
2024-06-03,2024-06-03 13:43:00,404.81,404.81,404.75,404.75,-0.01,164.97,66910.05,-1
2024-06-03,2024-06-03 13:44:00,404.75,404.75,404.69,404.69,-0.01,164.97,66910.05,-1
2024-06-03,2024-06-03 13:45:00,404.69,404.69,404.62,404.62,-0.02,164.97,66910.05,-1
2024-06-03,2024-06-03 13:46:00,404.62,404.62,404.56,404.56,-0.01,164.97,66910.05,-1
2024-06-03,2024-06-03 13:47:00,404.56,404.56,404.5,404.5,-0.01,164.97,66910.05,-1
2024-06-03,2024-06-03 13:48:00,404.5,404.5,404.44,404.44,-0.01,164.97,66910.05,-1
2024-06-03,2024-06-03 13:49:00,404.44,404.44,404.38,404.38,-0.01,164.97,66910.05,-1
2024-06-03,2024-06-03 13:50:00,404.38,404.38,404.31,404.31,-0.02,164.97,66910.05,-1
2024-06-03,2024-06-03 13:51:00,404.31,404.31,404.25,404.25,-0.01,164.97,66910.05,-1
2024-06-03,2024-06-03 13:52:00,404.25,404.25,404.19,404.19,-0.01,164.97,66910.05,-1
2024-06-03,2024-06-03 13:53:00,404.19,404.19,404.12,404.12,-0.02,164.97,66910.05,-1
2024-06-03,2024-06-03 13:54:00,404.12,404.12,404.06,404.06,-0.01,164.97,66910.05,-1
2024-06-03,2024-06-03 13:55:00,404.06,404.06,404.0,404.0,-0.01,164.97,66910.05,-1
2024-06-03,2024-06-03 13:56:00,404.0,404.0,403.94,403.94,-0.01,164.97,66910.05,-1
2024-06-03,2024-06-03 13:57:00,403.94,403.94,403.88,403.88,-0.01,164.97,66910.05,-1
2024-06-03,2024-06-03 13:58:00,403.88,403.88,403.81,403.81,-0.02,164.97,66910.05,-1
2024-06-03,2024-06-03 13:59:00,403.81,403.81,403.75,403.75,-0.01,164.97,66910.05,-1
2024-06-03,2024-06-03 14:00:00,403.75,403.75,403.69,403.69,-0.01,164.97,66910.05,-1
2024-06-03,2024-06-03 14:01:00,403.69,403.69,403.62,403.62,-0.02,164.97,66910.05,-1
2024-06-03,2024-06-03 14:02:00,403.62,403.62,403.56,403.56,-0.01,164.97,66910.05,-1
2024-06-03,2024-06-03 14:03:00,403.56,403.56,403.5,403.5,-0.01,164.97,66910.05,-1
2024-06-03,2024-06-03 14:04:00,403.5,403.5,403.44,403.44,-0.01,164.97,66910.05,-1
2024-06-03,2024-06-03 14:05:00,403.44,403.44,403.38,403.38,-0.01,164.97,66910.05,-1
2024-06-03,2024-06-03 14:06:00,403.38,403.38,403.31,403.31,-0.02,164.97,66910.05,-1
2024-06-03,2024-06-03 14:07:00,403.31,403.31,403.25,403.25,-0.01,164.97,66910.05,-1
2024-06-03,2024-06-03 14:08:00,403.25,403.25,403.19,403.19,-0.01,164.97,66910.05,-1
2024-06-03,2024-06-03 14:09:00,403.19,403.19,403.12,403.12,-0.02,164.97,66910.05,-1
2024-06-03,2024-06-03 14:10:00,403.12,403.12,403.06,403.06,-0.01,164.97,66910.05,-1
2024-06-03,2024-06-03 14:11:00,403.06,403.06,403.0,403.0,-0.01,164.97,66910.05,-1
2024-06-03,2024-06-03 14:12:00,403.0,403.0,402.94,402.94,-0.01,164.97,66910.05,-1
2024-06-03,2024-06-03 14:13:00,402.94,402.94,402.88,402.88,-0.01,164.97,66910.05,-1
2024-06-03,2024-06-03 14:14:00,402.88,402.88,402.81,402.81,-0.02,164.97,66910.05,-1
2024-06-03,2024-06-03 14:15:00,402.81,402.81,402.75,402.75,-0.01,164.97,66910.05,-1
2024-06-03,2024-06-03 14:16:00,402.75,402.75,402.69,402.69,-0.01,164.97,66910.05,-1
2024-06-03,2024-06-03 14:17:00,402.69,402.69,402.62,402.62,-0.02,164.97,66910.05,-1
2024-06-03,2024-06-03 14:18:00,402.62,402.62,402.56,402.56,-0.01,164.97,66910.05,-1
2024-06-03,2024-06-03 14:19:00,402.56,402.56,402.5,402.5,-0.01,164.97,66910.05,-1
2024-06-03,2024-06-03 14:20:00,402.5,402.5,402.44,402.44,-0.01,164.97,66910.05,-1
2024-06-03,2024-06-03 14:21:00,402.44,402.44,402.38,402.38,-0.01,164.97,66910.05,-1
2024-06-03,2024-06-03 14:22:00,402.38,402.38,402.31,402.31,-0.02,164.97,66910.05,-1
2024-06-03,2024-06-03 14:23:00,402.31,402.31,402.25,402.25,-0.01,164.97,66910.05,-1
2024-06-03,2024-06-03 14:24:00,402.25,402.25,402.19,402.19,-0.01,164.97,66910.05,-1
2024-06-03,2024-06-03 14:25:00,402.19,402.19,402.12,402.12,-0.02,164.97,66910.05,-1
2024-06-03,2024-06-03 14:26:00,402.12,402.12,402.06,402.06,-0.01,164.97,66910.05,-1
2024-06-03,2024-06-03 14:27:00,402.06,402.06,402.0,402.0,-0.01,164.97,66910.05,-1
2024-06-03,2024-06-03 14:28:00,402.0,402.0,401.94,401.94,-0.01,164.97,66910.05,-1
2024-06-03,2024-06-03 14:29:00,401.94,401.94,401.88,401.88,-0.01,164.97,66910.05,-1
2024-06-03,2024-06-03 14:30:00,401.88,401.88,401.81,401.81,-0.02,164.97,66910.05,-1
2024-06-03,2024-06-03 14:31:00,401.81,401.81,401.75,401.75,-0.01,164.97,66910.05,-1
2024-06-03,2024-06-03 14:32:00,401.75,401.75,401.69,401.69,-0.01,164.97,66910.05,-1
2024-06-03,2024-06-03 14:33:00,401.69,401.69,401.62,401.62,-0.02,164.97,66910.05,-1
2024-06-03,2024-06-03 14:34:00,401.62,401.62,401.56,401.56,-0.01,164.97,66910.05,-1
2024-06-03,2024-06-03 14:35:00,401.56,401.56,401.5,401.5,-0.01,164.97,66910.05,-1
2024-06-03,2024-06-03 14:36:00,401.5,401.5,401.44,401.44,-0.01,164.97,66910.05,-1
2024-06-03,2024-06-03 14:37:00,401.44,401.44,401.38,401.38,-0.01,164.97,66910.05,-1
2024-06-03,2024-06-03 14:38:00,401.38,401.38,401.31,401.31,-0.02,164.97,66910.05,-1
2024-06-03,2024-06-03 14:39:00,401.31,401.31,401.25,401.25,-0.01,164.97,66910.05,-1
2024-06-03,2024-06-03 14:40:00,401.25,401.25,401.19,401.19,-0.01,164.97,66910.05,-1
2024-06-03,2024-06-03 14:41:00,401.19,401.19,401.12,401.12,-0.02,164.97,66910.05,-1
2024-06-03,2024-06-03 14:42:00,401.12,401.12,401.06,401.06,-0.01,164.97,66910.05,-1
2024-06-03,2024-06-03 14:43:00,401.06,401.06,401.0,401.0,-0.01,164.97,66910.05,-1
2024-06-03,2024-06-03 14:44:00,401.0,401.0,400.94,400.94,-0.01,164.97,66910.05,-1
2024-06-03,2024-06-03 14:45:00,400.94,400.94,400.88,400.88,-0.01,164.97,66910.05,-1
2024-06-03,2024-06-03 14:46:00,400.88,400.88,400.81,400.81,-0.02,164.97,66910.05,-1
2024-06-03,2024-06-03 14:47:00,400.81,400.81,400.75,400.75,-0.01,164.97,66910.05,-1
2024-06-03,2024-06-03 14:48:00,400.75,400.75,400.69,400.69,-0.01,164.97,66910.05,-1
2024-06-03,2024-06-03 14:49:00,400.69,400.69,400.62,400.62,-0.02,164.97,66910.05,-1
2024-06-03,2024-06-03 14:50:00,400.62,400.62,400.56,400.56,-0.01,164.97,66910.05,-1
2024-06-03,2024-06-03 14:51:00,400.56,400.56,400.5,400.5,-0.01,164.97,66910.05,-1
2024-06-03,2024-06-03 14:52:00,400.5,400.5,400.44,400.44,-0.01,164.97,66910.05,-1
2024-06-03,2024-06-03 14:53:00,400.44,400.44,400.38,400.38,-0.01,164.97,66910.05,-1
2024-06-03,2024-06-03 14:54:00,400.38,400.38,400.31,400.31,-0.02,164.97,66910.05,-1
2024-06-03,2024-06-03 14:55:00,400.31,400.31,400.25,400.25,-0.01,164.97,66910.05,-1
2024-06-03,2024-06-03 14:56:00,400.25,400.25,400.19,400.19,-0.01,164.97,66910.05,-1
2024-06-03,2024-06-03 14:57:00,400.19,400.19,400.12,400.12,-0.02,164.97,66910.05,-1
2024-06-03,2024-06-03 14:58:00,400.12,400.12,400.06,400.06,-0.01,164.97,66910.05,-1
2024-06-03,2024-06-03 14:59:00,400.06,400.06,400.0,400.0,-0.01,164.97,66910.05,-1
2024-06-03,2024-06-03 15:00:00,400.0,418.0,398.9,400.0,0.0,164.97,66910.05,0
2024-06-04,2024-06-04 11:00:00,392.0,398.0,390.8,392.02,0.01,107.04,42468.32,1
2024-06-04,2024-06-04 11:01:00,392.02,392.05,392.02,392.05,0.01,107.04,42468.32,1
2024-06-04,2024-06-04 11:02:00,392.05,392.07,392.05,392.07,0.01,107.04,42468.32,1
2024-06-04,2024-06-04 11:03:00,392.07,392.1,392.07,392.1,0.01,107.04,42468.32,1
2024-06-04,2024-06-04 11:04:00,392.1,392.12,392.1,392.12,0.01,107.04,42468.32,1
2024-06-04,2024-06-04 11:05:00,392.12,392.15,392.12,392.15,0.01,107.04,42468.32,1
2024-06-04,2024-06-04 11:06:00,392.15,392.18,392.15,392.18,0.01,107.04,42468.32,1
2024-06-04,2024-06-04 11:07:00,392.18,392.2,392.18,392.2,0.01,107.04,42468.32,1
2024-06-04,2024-06-04 11:08:00,392.2,392.23,392.2,392.23,0.01,107.04,42468.32,1
2024-06-04,2024-06-04 11:09:00,392.23,392.25,392.23,392.25,0.01,107.04,42468.32,1
2024-06-04,2024-06-04 11:10:00,392.25,392.27,392.25,392.27,0.01,107.04,42468.32,1
2024-06-04,2024-06-04 11:11:00,392.27,392.3,392.27,392.3,0.01,107.04,42468.32,1
2024-06-04,2024-06-04 11:12:00,392.3,392.32,392.3,392.32,0.01,107.04,42468.32,1
2024-06-04,2024-06-04 11:13:00,392.32,392.35,392.32,392.35,0.01,107.04,42468.32,1
2024-06-04,2024-06-04 11:14:00,392.35,392.38,392.35,392.38,0.01,107.04,42468.32,1
2024-06-04,2024-06-04 11:15:00,392.38,392.4,392.38,392.4,0.01,107.04,42468.32,1
2024-06-04,2024-06-04 11:16:00,392.4,392.43,392.4,392.43,0.01,107.04,42468.32,1
2024-06-04,2024-06-04 11:17:00,392.43,392.45,392.43,392.45,0.01,107.04,42468.32,1
2024-06-04,2024-06-04 11:18:00,392.45,392.48,392.45,392.48,0.01,107.04,42468.32,1
2024-06-04,2024-06-04 11:19:00,392.48,392.5,392.48,392.5,0.01,107.04,42468.32,1
2024-06-04,2024-06-04 11:20:00,392.5,392.52,392.5,392.52,0.01,107.04,42468.32,1
2024-06-04,2024-06-04 11:21:00,392.52,392.55,392.52,392.55,0.01,107.04,42468.32,1
2024-06-04,2024-06-04 11:22:00,392.55,392.57,392.55,392.57,0.01,107.04,42468.32,1
2024-06-04,2024-06-04 11:23:00,392.57,392.6,392.57,392.6,0.01,107.04,42468.32,1
2024-06-04,2024-06-04 11:24:00,392.6,392.62,392.6,392.62,0.01,107.04,42468.32,1
2024-06-04,2024-06-04 11:25:00,392.62,392.65,392.62,392.65,0.01,107.04,42468.32,1
2024-06-04,2024-06-04 11:26:00,392.65,392.68,392.65,392.68,0.01,107.04,42468.32,1
2024-06-04,2024-06-04 11:27:00,392.68,392.7,392.68,392.7,0.01,107.04,42468.32,1
2024-06-04,2024-06-04 11:28:00,392.7,392.73,392.7,392.73,0.01,107.04,42468.32,1
2024-06-04,2024-06-04 11:29:00,392.73,392.75,392.73,392.75,0.01,107.04,42468.32,1
2024-06-04,2024-06-04 11:30:00,392.75,392.77,392.75,392.77,0.01,107.04,42468.32,1
2024-06-04,2024-06-04 11:31:00,392.77,392.8,392.77,392.8,0.01,107.04,42468.32,1
2024-06-04,2024-06-04 11:32:00,392.8,392.82,392.8,392.82,0.01,107.04,42468.32,1
2024-06-04,2024-06-04 11:33:00,392.82,392.85,392.82,392.85,0.01,107.04,42468.32,1
2024-06-04,2024-06-04 11:34:00,392.85,392.88,392.85,392.88,0.01,107.04,42468.32,1
2024-06-04,2024-06-04 11:35:00,392.88,392.9,392.88,392.9,0.01,107.04,42468.32,1
2024-06-04,2024-06-04 11:36:00,392.9,392.93,392.9,392.93,0.01,107.04,42468.32,1
2024-06-04,2024-06-04 11:37:00,392.93,392.95,392.93,392.95,0.01,107.04,42468.32,1
2024-06-04,2024-06-04 11:38:00,392.95,392.98,392.95,392.98,0.01,107.04,42468.32,1
2024-06-04,2024-06-04 11:39:00,392.98,393.0,392.98,393.0,0.01,107.04,42468.32,1
2024-06-04,2024-06-04 11:40:00,393.0,393.02,393.0,393.02,0.01,107.04,42468.32,1
2024-06-04,2024-06-04 11:41:00,393.02,393.05,393.02,393.05,0.01,107.04,42468.32,1
2024-06-04,2024-06-04 11:42:00,393.05,393.07,393.05,393.07,0.01,107.04,42468.32,1
2024-06-04,2024-06-04 11:43:00,393.07,393.1,393.07,393.1,0.01,107.04,42468.32,1
2024-06-04,2024-06-04 11:44:00,393.1,393.12,393.1,393.12,0.01,107.04,42468.32,1
2024-06-04,2024-06-04 11:45:00,393.12,393.15,393.12,393.15,0.01,107.04,42468.32,1
2024-06-04,2024-06-04 11:46:00,393.15,393.18,393.15,393.18,0.01,107.04,42468.32,1
2024-06-04,2024-06-04 11:47:00,393.18,393.2,393.18,393.2,0.01,107.04,42468.32,1
2024-06-04,2024-06-04 11:48:00,393.2,393.23,393.2,393.23,0.01,107.04,42468.32,1
2024-06-04,2024-06-04 11:49:00,393.23,393.25,393.23,393.25,0.01,107.04,42468.32,1
2024-06-04,2024-06-04 11:50:00,393.25,393.27,393.25,393.27,0.01,107.04,42468.32,1
2024-06-04,2024-06-04 11:51:00,393.27,393.3,393.27,393.3,0.01,107.04,42468.32,1
2024-06-04,2024-06-04 11:52:00,393.3,393.32,393.3,393.32,0.01,107.04,42468.32,1
2024-06-04,2024-06-04 11:53:00,393.32,393.35,393.32,393.35,0.01,107.04,42468.32,1
2024-06-04,2024-06-04 11:54:00,393.35,393.38,393.35,393.38,0.01,107.04,42468.32,1
2024-06-04,2024-06-04 11:55:00,393.38,393.4,393.38,393.4,0.01,107.04,42468.32,1
2024-06-04,2024-06-04 11:56:00,393.4,393.43,393.4,393.43,0.01,107.04,42468.32,1
2024-06-04,2024-06-04 11:57:00,393.43,393.45,393.43,393.45,0.01,107.04,42468.32,1
2024-06-04,2024-06-04 11:58:00,393.45,393.48,393.45,393.48,0.01,107.04,42468.32,1
2024-06-04,2024-06-04 11:59:00,393.48,393.5,393.48,393.5,0.01,107.04,42468.32,1
2024-06-04,2024-06-04 12:00:00,393.5,393.52,393.5,393.52,0.01,107.04,42468.32,1
2024-06-04,2024-06-04 12:01:00,393.52,393.55,393.52,393.55,0.01,107.04,42468.32,1
2024-06-04,2024-06-04 12:02:00,393.55,393.57,393.55,393.57,0.01,107.04,42468.32,1
2024-06-04,2024-06-04 12:03:00,393.57,393.6,393.57,393.6,0.01,107.04,42468.32,1
2024-06-04,2024-06-04 12:04:00,393.6,393.62,393.6,393.62,0.01,107.04,42468.32,1
2024-06-04,2024-06-04 12:05:00,393.62,393.65,393.62,393.65,0.01,107.04,42468.32,1
2024-06-04,2024-06-04 12:06:00,393.65,393.68,393.65,393.68,0.01,107.04,42468.32,1
2024-06-04,2024-06-04 12:07:00,393.68,393.7,393.68,393.7,0.01,107.04,42468.32,1
2024-06-04,2024-06-04 12:08:00,393.7,393.73,393.7,393.73,0.01,107.04,42468.32,1
2024-06-04,2024-06-04 12:09:00,393.73,393.75,393.73,393.75,0.01,107.04,42468.32,1
2024-06-04,2024-06-04 12:10:00,393.75,393.77,393.75,393.77,0.01,107.04,42468.32,1
2024-06-04,2024-06-04 12:11:00,393.77,393.8,393.77,393.8,0.01,107.04,42468.32,1
2024-06-04,2024-06-04 12:12:00,393.8,393.82,393.8,393.82,0.01,107.04,42468.32,1
2024-06-04,2024-06-04 12:13:00,393.82,393.85,393.82,393.85,0.01,107.04,42468.32,1
2024-06-04,2024-06-04 12:14:00,393.85,393.88,393.85,393.88,0.01,107.04,42468.32,1
2024-06-04,2024-06-04 12:15:00,393.88,393.9,393.88,393.9,0.01,107.04,42468.32,1
2024-06-04,2024-06-04 12:16:00,393.9,393.93,393.9,393.93,0.01,107.04,42468.32,1
2024-06-04,2024-06-04 12:17:00,393.93,393.95,393.93,393.95,0.01,107.04,42468.32,1
2024-06-04,2024-06-04 12:18:00,393.95,393.98,393.95,393.98,0.01,107.04,42468.32,1
2024-06-04,2024-06-04 12:19:00,393.98,394.0,393.98,394.0,0.01,107.04,42468.32,1
2024-06-04,2024-06-04 12:20:00,394.0,394.02,394.0,394.02,0.01,107.04,42468.32,1
2024-06-04,2024-06-04 12:21:00,394.02,394.05,394.02,394.05,0.01,107.04,42468.32,1
2024-06-04,2024-06-04 12:22:00,394.05,394.07,394.05,394.07,0.01,107.04,42468.32,1
2024-06-04,2024-06-04 12:23:00,394.07,394.1,394.07,394.1,0.01,107.04,42468.32,1
2024-06-04,2024-06-04 12:24:00,394.1,394.12,394.1,394.12,0.01,107.04,42468.32,1
2024-06-04,2024-06-04 12:25:00,394.12,394.15,394.12,394.15,0.01,107.04,42468.32,1
2024-06-04,2024-06-04 12:26:00,394.15,394.18,394.15,394.18,0.01,107.04,42468.32,1
2024-06-04,2024-06-04 12:27:00,394.18,394.2,394.18,394.2,0.01,107.04,42468.32,1
2024-06-04,2024-06-04 12:28:00,394.2,394.23,394.2,394.23,0.01,107.04,42468.32,1
2024-06-04,2024-06-04 12:29:00,394.23,394.25,394.23,394.25,0.01,107.04,42468.32,1
2024-06-04,2024-06-04 12:30:00,394.25,394.27,394.25,394.27,0.01,107.04,42468.32,1
2024-06-04,2024-06-04 12:31:00,394.27,394.3,394.27,394.3,0.01,107.04,42468.32,1
2024-06-04,2024-06-04 12:32:00,394.3,394.32,394.3,394.32,0.01,107.04,42468.32,1
2024-06-04,2024-06-04 12:33:00,394.32,394.35,394.32,394.35,0.01,107.04,42468.32,1
2024-06-04,2024-06-04 12:34:00,394.35,394.38,394.35,394.38,0.01,107.04,42468.32,1
2024-06-04,2024-06-04 12:35:00,394.38,394.4,394.38,394.4,0.01,107.04,42468.32,1
2024-06-04,2024-06-04 12:36:00,394.4,394.43,394.4,394.43,0.01,107.04,42468.32,1
2024-06-04,2024-06-04 12:37:00,394.43,394.45,394.43,394.45,0.01,107.04,42468.32,1
2024-06-04,2024-06-04 12:38:00,394.45,394.48,394.45,394.48,0.01,107.04,42468.32,1
2024-06-04,2024-06-04 12:39:00,394.48,394.5,394.48,394.5,0.01,107.04,42468.32,1
2024-06-04,2024-06-04 12:40:00,394.5,394.52,394.5,394.52,0.01,107.04,42468.32,1
2024-06-04,2024-06-04 12:41:00,394.52,394.55,394.52,394.55,0.01,107.04,42468.32,1
2024-06-04,2024-06-04 12:42:00,394.55,394.57,394.55,394.57,0.01,107.04,42468.32,1
2024-06-04,2024-06-04 12:43:00,394.57,394.6,394.57,394.6,0.01,107.04,42468.32,1
2024-06-04,2024-06-04 12:44:00,394.6,394.62,394.6,394.62,0.01,107.04,42468.32,1
2024-06-04,2024-06-04 12:45:00,394.62,394.65,394.62,394.65,0.01,107.04,42468.32,1
2024-06-04,2024-06-04 12:46:00,394.65,394.68,394.65,394.68,0.01,107.04,42468.32,1
2024-06-04,2024-06-04 12:47:00,394.68,394.7,394.68,394.7,0.01,107.04,42468.32,1
2024-06-04,2024-06-04 12:48:00,394.7,394.73,394.7,394.73,0.01,107.04,42468.32,1
2024-06-04,2024-06-04 12:49:00,394.73,394.75,394.73,394.75,0.01,107.04,42468.32,1
2024-06-04,2024-06-04 12:50:00,394.75,394.77,394.75,394.77,0.01,107.04,42468.32,1
2024-06-04,2024-06-04 12:51:00,394.77,394.8,394.77,394.8,0.01,107.04,42468.32,1
2024-06-04,2024-06-04 12:52:00,394.8,394.82,394.8,394.82,0.01,107.04,42468.32,1
2024-06-04,2024-06-04 12:53:00,394.82,394.85,394.82,394.85,0.01,107.04,42468.32,1
2024-06-04,2024-06-04 12:54:00,394.85,394.88,394.85,394.88,0.01,107.04,42468.32,1
2024-06-04,2024-06-04 12:55:00,394.88,394.9,394.88,394.9,0.01,107.04,42468.32,1
2024-06-04,2024-06-04 12:56:00,394.9,394.93,394.9,394.93,0.01,107.04,42468.32,1
2024-06-04,2024-06-04 12:57:00,394.93,394.95,394.93,394.95,0.01,107.04,42468.32,1
2024-06-04,2024-06-04 12:58:00,394.95,394.98,394.95,394.98,0.01,107.04,42468.32,1
2024-06-04,2024-06-04 12:59:00,394.98,395.0,394.98,395.0,0.01,107.04,42468.32,1
2024-06-04,2024-06-04 13:00:00,395.0,412.0,388.0,395.02,0.01,107.04,42468.32,1
2024-06-04,2024-06-04 13:01:00,395.02,395.05,395.02,395.05,0.01,107.04,42468.32,1
2024-06-04,2024-06-04 13:02:00,395.05,395.07,395.05,395.07,0.01,107.04,42468.32,1
2024-06-04,2024-06-04 13:03:00,395.07,395.1,395.07,395.1,0.01,107.04,42468.32,1
2024-06-04,2024-06-04 13:04:00,395.1,395.12,395.1,395.12,0.01,107.04,42468.32,1
2024-06-04,2024-06-04 13:05:00,395.12,395.15,395.12,395.15,0.01,107.04,42468.32,1
2024-06-04,2024-06-04 13:06:00,395.15,395.18,395.15,395.18,0.01,107.04,42468.32,1
2024-06-04,2024-06-04 13:07:00,395.18,395.2,395.18,395.2,0.01,107.04,42468.32,1
2024-06-04,2024-06-04 13:08:00,395.2,395.23,395.2,395.23,0.01,107.04,42468.32,1
2024-06-04,2024-06-04 13:09:00,395.23,395.25,395.23,395.25,0.01,107.04,42468.32,1
2024-06-04,2024-06-04 13:10:00,395.25,395.27,395.25,395.27,0.01,107.04,42468.32,1
2024-06-04,2024-06-04 13:11:00,395.27,395.3,395.27,395.3,0.01,107.04,42468.32,1
2024-06-04,2024-06-04 13:12:00,395.3,395.32,395.3,395.32,0.01,107.04,42468.32,1
2024-06-04,2024-06-04 13:13:00,395.32,395.35,395.32,395.35,0.01,107.04,42468.32,1
2024-06-04,2024-06-04 13:14:00,395.35,395.38,395.35,395.38,0.01,107.04,42468.32,1
2024-06-04,2024-06-04 13:15:00,395.38,395.4,395.38,395.4,0.01,107.04,42468.32,1
2024-06-04,2024-06-04 13:16:00,395.4,395.43,395.4,395.43,0.01,107.04,42468.32,1
2024-06-04,2024-06-04 13:17:00,395.43,395.45,395.43,395.45,0.01,107.04,42468.32,1
2024-06-04,2024-06-04 13:18:00,395.45,395.48,395.45,395.48,0.01,107.04,42468.32,1
2024-06-04,2024-06-04 13:19:00,395.48,395.5,395.48,395.5,0.01,107.04,42468.32,1
2024-06-04,2024-06-04 13:20:00,395.5,395.52,395.5,395.52,0.01,107.04,42468.32,1
2024-06-04,2024-06-04 13:21:00,395.52,395.55,395.52,395.55,0.01,107.04,42468.32,1
2024-06-04,2024-06-04 13:22:00,395.55,395.57,395.55,395.57,0.01,107.04,42468.32,1
2024-06-04,2024-06-04 13:23:00,395.57,395.6,395.57,395.6,0.01,107.04,42468.32,1
2024-06-04,2024-06-04 13:24:00,395.6,395.62,395.6,395.62,0.01,107.04,42468.32,1
2024-06-04,2024-06-04 13:25:00,395.62,395.65,395.62,395.65,0.01,107.04,42468.32,1
2024-06-04,2024-06-04 13:26:00,395.65,395.68,395.65,395.68,0.01,107.04,42468.32,1
2024-06-04,2024-06-04 13:27:00,395.68,395.7,395.68,395.7,0.01,107.04,42468.32,1
2024-06-04,2024-06-04 13:28:00,395.7,395.73,395.7,395.73,0.01,107.04,42468.32,1
2024-06-04,2024-06-04 13:29:00,395.73,395.75,395.73,395.75,0.01,107.04,42468.32,1
2024-06-04,2024-06-04 13:30:00,395.75,395.77,395.75,395.77,0.01,107.04,42468.32,1
2024-06-04,2024-06-04 13:31:00,395.77,395.8,395.77,395.8,0.01,107.04,42468.32,1
2024-06-04,2024-06-04 13:32:00,395.8,395.82,395.8,395.82,0.01,107.04,42468.32,1
2024-06-04,2024-06-04 13:33:00,395.82,395.85,395.82,395.85,0.01,107.04,42468.32,1
2024-06-04,2024-06-04 13:34:00,395.85,395.88,395.85,395.88,0.01,107.04,42468.32,1
2024-06-04,2024-06-04 13:35:00,395.88,395.9,395.88,395.9,0.01,107.04,42468.32,1
2024-06-04,2024-06-04 13:36:00,395.9,395.93,395.9,395.93,0.01,107.04,42468.32,1
2024-06-04,2024-06-04 13:37:00,395.93,395.95,395.93,395.95,0.01,107.04,42468.32,1
2024-06-04,2024-06-04 13:38:00,395.95,395.98,395.95,395.98,0.01,107.04,42468.32,1
2024-06-04,2024-06-04 13:39:00,395.98,396.0,395.98,396.0,0.01,107.04,42468.32,1
2024-06-04,2024-06-04 13:40:00,396.0,396.02,396.0,396.02,0.01,107.04,42468.32,1
2024-06-04,2024-06-04 13:41:00,396.02,396.05,396.02,396.05,0.01,107.04,42468.32,1
2024-06-04,2024-06-04 13:42:00,396.05,396.07,396.05,396.07,0.01,107.04,42468.32,1
2024-06-04,2024-06-04 13:43:00,396.07,396.1,396.07,396.1,0.01,107.04,42468.32,1
2024-06-04,2024-06-04 13:44:00,396.1,396.12,396.1,396.12,0.01,107.04,42468.32,1
2024-06-04,2024-06-04 13:45:00,396.12,396.15,396.12,396.15,0.01,107.04,42468.32,1
2024-06-04,2024-06-04 13:46:00,396.15,396.18,396.15,396.18,0.01,107.04,42468.32,1
2024-06-04,2024-06-04 13:47:00,396.18,396.2,396.18,396.2,0.01,107.04,42468.32,1
2024-06-04,2024-06-04 13:48:00,396.2,396.23,396.2,396.23,0.01,107.04,42468.32,1
2024-06-04,2024-06-04 13:49:00,396.23,396.25,396.23,396.25,0.01,107.04,42468.32,1
2024-06-04,2024-06-04 13:50:00,396.25,396.27,396.25,396.27,0.01,107.04,42468.32,1
2024-06-04,2024-06-04 13:51:00,396.27,396.3,396.27,396.3,0.01,107.04,42468.32,1
2024-06-04,2024-06-04 13:52:00,396.3,396.32,396.3,396.32,0.01,107.04,42468.32,1
2024-06-04,2024-06-04 13:53:00,396.32,396.35,396.32,396.35,0.01,107.04,42468.32,1
2024-06-04,2024-06-04 13:54:00,396.35,396.38,396.35,396.38,0.01,107.04,42468.32,1
2024-06-04,2024-06-04 13:55:00,396.38,396.4,396.38,396.4,0.01,107.04,42468.32,1
2024-06-04,2024-06-04 13:56:00,396.4,396.43,396.4,396.43,0.01,107.04,42468.32,1
2024-06-04,2024-06-04 13:57:00,396.43,396.45,396.43,396.45,0.01,107.04,42468.32,1
2024-06-04,2024-06-04 13:58:00,396.45,396.48,396.45,396.48,0.01,107.04,42468.32,1
2024-06-04,2024-06-04 13:59:00,396.48,396.5,396.48,396.5,0.01,107.04,42468.32,1
2024-06-04,2024-06-04 14:00:00,396.5,396.52,396.5,396.52,0.01,107.04,42468.32,1
2024-06-04,2024-06-04 14:01:00,396.52,396.55,396.52,396.55,0.01,107.04,42468.32,1
2024-06-04,2024-06-04 14:02:00,396.55,396.57,396.55,396.57,0.01,107.04,42468.32,1
2024-06-04,2024-06-04 14:03:00,396.57,396.6,396.57,396.6,0.01,107.04,42468.32,1
2024-06-04,2024-06-04 14:04:00,396.6,396.62,396.6,396.62,0.01,107.04,42468.32,1
2024-06-04,2024-06-04 14:05:00,396.62,396.65,396.62,396.65,0.01,107.04,42468.32,1
2024-06-04,2024-06-04 14:06:00,396.65,396.68,396.65,396.68,0.01,107.04,42468.32,1
2024-06-04,2024-06-04 14:07:00,396.68,396.7,396.68,396.7,0.01,107.04,42468.32,1
2024-06-04,2024-06-04 14:08:00,396.7,396.73,396.7,396.73,0.01,107.04,42468.32,1
2024-06-04,2024-06-04 14:09:00,396.73,396.75,396.73,396.75,0.01,107.04,42468.32,1
2024-06-04,2024-06-04 14:10:00,396.75,396.77,396.75,396.77,0.01,107.04,42468.32,1
2024-06-04,2024-06-04 14:11:00,396.77,396.8,396.77,396.8,0.01,107.04,42468.32,1
2024-06-04,2024-06-04 14:12:00,396.8,396.82,396.8,396.82,0.01,107.04,42468.32,1
2024-06-04,2024-06-04 14:13:00,396.82,396.85,396.82,396.85,0.01,107.04,42468.32,1
2024-06-04,2024-06-04 14:14:00,396.85,396.88,396.85,396.88,0.01,107.04,42468.32,1
2024-06-04,2024-06-04 14:15:00,396.88,396.9,396.88,396.9,0.01,107.04,42468.32,1
2024-06-04,2024-06-04 14:16:00,396.9,396.93,396.9,396.93,0.01,107.04,42468.32,1
2024-06-04,2024-06-04 14:17:00,396.93,396.95,396.93,396.95,0.01,107.04,42468.32,1
2024-06-04,2024-06-04 14:18:00,396.95,396.98,396.95,396.98,0.01,107.04,42468.32,1
2024-06-04,2024-06-04 14:19:00,396.98,397.0,396.98,397.0,0.01,107.04,42468.32,1
2024-06-04,2024-06-04 14:20:00,397.0,397.02,397.0,397.02,0.01,107.04,42468.32,1
2024-06-04,2024-06-04 14:21:00,397.02,397.05,397.02,397.05,0.01,107.04,42468.32,1
2024-06-04,2024-06-04 14:22:00,397.05,397.07,397.05,397.07,0.01,107.04,42468.32,1
2024-06-04,2024-06-04 14:23:00,397.07,397.1,397.07,397.1,0.01,107.04,42468.32,1
2024-06-04,2024-06-04 14:24:00,397.1,397.12,397.1,397.12,0.01,107.04,42468.32,1
2024-06-04,2024-06-04 14:25:00,397.12,397.15,397.12,397.15,0.01,107.04,42468.32,1
2024-06-04,2024-06-04 14:26:00,397.15,397.18,397.15,397.18,0.01,107.04,42468.32,1
2024-06-04,2024-06-04 14:27:00,397.18,397.2,397.18,397.2,0.01,107.04,42468.32,1
2024-06-04,2024-06-04 14:28:00,397.2,397.23,397.2,397.23,0.01,107.04,42468.32,1
2024-06-04,2024-06-04 14:29:00,397.23,397.25,397.23,397.25,0.01,107.04,42468.32,1
2024-06-04,2024-06-04 14:30:00,397.25,397.27,397.25,397.27,0.01,107.04,42468.32,1
2024-06-04,2024-06-04 14:31:00,397.27,397.3,397.27,397.3,0.01,107.04,42468.32,1
2024-06-04,2024-06-04 14:32:00,397.3,397.32,397.3,397.32,0.01,107.04,42468.32,1
2024-06-04,2024-06-04 14:33:00,397.32,397.35,397.32,397.35,0.01,107.04,42468.32,1
2024-06-04,2024-06-04 14:34:00,397.35,397.38,397.35,397.38,0.01,107.04,42468.32,1
2024-06-04,2024-06-04 14:35:00,397.38,397.4,397.38,397.4,0.01,107.04,42468.32,1
2024-06-04,2024-06-04 14:36:00,397.4,397.43,397.4,397.43,0.01,107.04,42468.32,1
2024-06-04,2024-06-04 14:37:00,397.43,397.45,397.43,397.45,0.01,107.04,42468.32,1
2024-06-04,2024-06-04 14:38:00,397.45,397.48,397.45,397.48,0.01,107.04,42468.32,1
2024-06-04,2024-06-04 14:39:00,397.48,397.5,397.48,397.5,0.01,107.04,42468.32,1
2024-06-04,2024-06-04 14:40:00,397.5,397.52,397.5,397.52,0.01,107.04,42468.32,1
2024-06-04,2024-06-04 14:41:00,397.52,397.55,397.52,397.55,0.01,107.04,42468.32,1
2024-06-04,2024-06-04 14:42:00,397.55,397.57,397.55,397.57,0.01,107.04,42468.32,1
2024-06-04,2024-06-04 14:43:00,397.57,397.6,397.57,397.6,0.01,107.04,42468.32,1
2024-06-04,2024-06-04 14:44:00,397.6,397.62,397.6,397.62,0.01,107.04,42468.32,1
2024-06-04,2024-06-04 14:45:00,397.62,397.65,397.62,397.65,0.01,107.04,42468.32,1
2024-06-04,2024-06-04 14:46:00,397.65,397.68,397.65,397.68,0.01,107.04,42468.32,1
2024-06-04,2024-06-04 14:47:00,397.68,397.7,397.68,397.7,0.01,107.04,42468.32,1
2024-06-04,2024-06-04 14:48:00,397.7,397.73,397.7,397.73,0.01,107.04,42468.32,1
2024-06-04,2024-06-04 14:49:00,397.73,397.75,397.73,397.75,0.01,107.04,42468.32,1
2024-06-04,2024-06-04 14:50:00,397.75,397.77,397.75,397.77,0.01,107.04,42468.32,1
2024-06-04,2024-06-04 14:51:00,397.77,397.8,397.77,397.8,0.01,107.04,42468.32,1
2024-06-04,2024-06-04 14:52:00,397.8,397.82,397.8,397.82,0.01,107.04,42468.32,1
2024-06-04,2024-06-04 14:53:00,397.82,397.85,397.82,397.85,0.01,107.04,42468.32,1
2024-06-04,2024-06-04 14:54:00,397.85,397.88,397.85,397.88,0.01,107.04,42468.32,1
2024-06-04,2024-06-04 14:55:00,397.88,397.9,397.88,397.9,0.01,107.04,42468.32,1
2024-06-04,2024-06-04 14:56:00,397.9,397.93,397.9,397.93,0.01,107.04,42468.32,1
2024-06-04,2024-06-04 14:57:00,397.93,397.95,397.93,397.95,0.01,107.04,42468.32,1
2024-06-04,2024-06-04 14:58:00,397.95,397.98,397.95,397.98,0.01,107.04,42468.32,1
2024-06-04,2024-06-04 14:59:00,397.98,398.0,397.98,398.0,0.01,107.04,42468.32,1
2024-06-04,2024-06-04 15:00:00,398.0,412.0,388.0,398.0,0.0,107.04,42468.32,0
2024-06-05,2024-06-05 11:00:00,390.1,394.27,387.07,390.08,-0.01,126.0,48821.27,-1
2024-06-05,2024-06-05 11:01:00,390.08,390.08,390.07,390.07,-0.0,126.0,48821.27,-1
2024-06-05,2024-06-05 11:02:00,390.07,390.07,390.05,390.05,-0.01,126.0,48821.27,-1
2024-06-05,2024-06-05 11:03:00,390.05,390.05,390.03,390.03,-0.01,126.0,48821.27,-1
2024-06-05,2024-06-05 11:04:00,390.03,390.03,390.01,390.01,-0.01,126.0,48821.27,-1
2024-06-05,2024-06-05 11:05:00,390.01,390.01,390.0,390.0,-0.0,126.0,48821.27,-1
2024-06-05,2024-06-05 11:06:00,390.0,390.0,389.98,389.98,-0.01,126.0,48821.27,-1
2024-06-05,2024-06-05 11:07:00,389.98,389.98,389.96,389.96,-0.01,126.0,48821.27,-1
2024-06-05,2024-06-05 11:08:00,389.96,389.96,389.95,389.95,-0.0,126.0,48821.27,-1
2024-06-05,2024-06-05 11:09:00,389.95,389.95,389.93,389.93,-0.01,126.0,48821.27,-1
2024-06-05,2024-06-05 11:10:00,389.93,389.93,389.91,389.91,-0.01,126.0,48821.27,-1
2024-06-05,2024-06-05 11:11:00,389.91,389.91,389.9,389.9,-0.0,126.0,48821.27,-1
2024-06-05,2024-06-05 11:12:00,389.9,389.9,389.88,389.88,-0.01,126.0,48821.27,-1
2024-06-05,2024-06-05 11:13:00,389.88,389.88,389.86,389.86,-0.01,126.0,48821.27,-1
2024-06-05,2024-06-05 11:14:00,389.86,389.86,389.84,389.84,-0.01,126.0,48821.27,-1
2024-06-05,2024-06-05 11:15:00,389.84,389.84,389.83,389.83,-0.0,126.0,48821.27,-1
2024-06-05,2024-06-05 11:16:00,389.83,389.83,389.81,389.81,-0.01,126.0,48821.27,-1
2024-06-05,2024-06-05 11:17:00,389.81,389.81,389.79,389.79,-0.01,126.0,48821.27,-1
2024-06-05,2024-06-05 11:18:00,389.79,389.79,389.78,389.78,-0.0,126.0,48821.27,-1
2024-06-05,2024-06-05 11:19:00,389.78,389.78,389.76,389.76,-0.01,126.0,48821.27,-1
2024-06-05,2024-06-05 11:20:00,389.76,389.76,389.74,389.74,-0.01,126.0,48821.27,-1
2024-06-05,2024-06-05 11:21:00,389.74,389.74,389.72,389.72,-0.01,126.0,48821.27,-1
2024-06-05,2024-06-05 11:22:00,389.72,389.72,389.71,389.71,-0.0,126.0,48821.27,-1
2024-06-05,2024-06-05 11:23:00,389.71,389.71,389.69,389.69,-0.01,126.0,48821.27,-1
2024-06-05,2024-06-05 11:24:00,389.69,389.69,389.67,389.67,-0.01,126.0,48821.27,-1
2024-06-05,2024-06-05 11:25:00,389.67,389.67,389.66,389.66,-0.0,126.0,48821.27,-1
2024-06-05,2024-06-05 11:26:00,389.66,389.66,389.64,389.64,-0.01,126.0,48821.27,-1
2024-06-05,2024-06-05 11:27:00,389.64,389.64,389.62,389.62,-0.01,126.0,48821.27,-1
2024-06-05,2024-06-05 11:28:00,389.62,389.62,389.6,389.6,-0.01,126.0,48821.27,-1
2024-06-05,2024-06-05 11:29:00,389.6,389.6,389.59,389.59,-0.0,126.0,48821.27,-1
2024-06-05,2024-06-05 11:30:00,389.59,389.59,389.57,389.57,-0.01,126.0,48821.27,-1
2024-06-05,2024-06-05 11:31:00,389.57,389.57,389.55,389.55,-0.01,126.0,48821.27,-1
2024-06-05,2024-06-05 11:32:00,389.55,389.55,389.54,389.54,-0.0,126.0,48821.27,-1
2024-06-05,2024-06-05 11:33:00,389.54,389.54,389.52,389.52,-0.01,126.0,48821.27,-1
2024-06-05,2024-06-05 11:34:00,389.52,389.52,389.5,389.5,-0.01,126.0,48821.27,-1
2024-06-05,2024-06-05 11:35:00,389.5,389.5,389.49,389.49,-0.0,126.0,48821.27,-1
2024-06-05,2024-06-05 11:36:00,389.49,389.49,389.47,389.47,-0.01,126.0,48821.27,-1
2024-06-05,2024-06-05 11:37:00,389.47,389.47,389.45,389.45,-0.01,126.0,48821.27,-1
2024-06-05,2024-06-05 11:38:00,389.45,389.45,389.43,389.43,-0.01,126.0,48821.27,-1
2024-06-05,2024-06-05 11:39:00,389.43,389.43,389.42,389.42,-0.0,126.0,48821.27,-1
2024-06-05,2024-06-05 11:40:00,389.42,389.42,389.4,389.4,-0.01,126.0,48821.27,-1
2024-06-05,2024-06-05 11:41:00,389.4,389.4,389.38,389.38,-0.01,126.0,48821.27,-1
2024-06-05,2024-06-05 11:42:00,389.38,389.38,389.37,389.37,-0.0,126.0,48821.27,-1
2024-06-05,2024-06-05 11:43:00,389.37,389.37,389.35,389.35,-0.01,126.0,48821.27,-1
2024-06-05,2024-06-05 11:44:00,389.35,389.35,389.33,389.33,-0.01,126.0,48821.27,-1
2024-06-05,2024-06-05 11:45:00,389.33,389.33,389.31,389.31,-0.01,126.0,48821.27,-1
2024-06-05,2024-06-05 11:46:00,389.31,389.31,389.3,389.3,-0.0,126.0,48821.27,-1
2024-06-05,2024-06-05 11:47:00,389.3,389.3,389.28,389.28,-0.01,126.0,48821.27,-1
2024-06-05,2024-06-05 11:48:00,389.28,389.28,389.26,389.26,-0.01,126.0,48821.27,-1
2024-06-05,2024-06-05 11:49:00,389.26,389.26,389.25,389.25,-0.0,126.0,48821.27,-1
2024-06-05,2024-06-05 11:50:00,389.25,389.25,389.23,389.23,-0.01,126.0,48821.27,-1
2024-06-05,2024-06-05 11:51:00,389.23,389.23,389.21,389.21,-0.01,126.0,48821.27,-1
2024-06-05,2024-06-05 11:52:00,389.21,389.21,389.19,389.19,-0.01,126.0,48821.27,-1
2024-06-05,2024-06-05 11:53:00,389.19,389.19,389.18,389.18,-0.0,126.0,48821.27,-1
2024-06-05,2024-06-05 11:54:00,389.18,389.18,389.16,389.16,-0.01,126.0,48821.27,-1
2024-06-05,2024-06-05 11:55:00,389.16,389.16,389.14,389.14,-0.01,126.0,48821.27,-1
2024-06-05,2024-06-05 11:56:00,389.14,389.14,389.13,389.13,-0.0,126.0,48821.27,-1
2024-06-05,2024-06-05 11:57:00,389.13,389.13,389.11,389.11,-0.01,126.0,48821.27,-1
2024-06-05,2024-06-05 11:58:00,389.11,389.11,389.09,389.09,-0.01,126.0,48821.27,-1
2024-06-05,2024-06-05 11:59:00,389.09,389.09,389.08,389.08,-0.0,126.0,48821.27,-1
2024-06-05,2024-06-05 12:00:00,389.08,389.08,389.06,389.06,-0.01,126.0,48821.27,-1
2024-06-05,2024-06-05 12:01:00,389.06,389.06,389.04,389.04,-0.01,126.0,48821.27,-1
2024-06-05,2024-06-05 12:02:00,389.04,389.04,389.02,389.02,-0.01,126.0,48821.27,-1
2024-06-05,2024-06-05 12:03:00,389.02,389.02,389.01,389.01,-0.0,126.0,48821.27,-1
2024-06-05,2024-06-05 12:04:00,389.01,389.01,388.99,388.99,-0.01,126.0,48821.27,-1
2024-06-05,2024-06-05 12:05:00,388.99,388.99,388.97,388.97,-0.01,126.0,48821.27,-1
2024-06-05,2024-06-05 12:06:00,388.97,388.97,388.96,388.96,-0.0,126.0,48821.27,-1
2024-06-05,2024-06-05 12:07:00,388.96,388.96,388.94,388.94,-0.01,126.0,48821.27,-1
2024-06-05,2024-06-05 12:08:00,388.94,388.94,388.92,388.92,-0.01,126.0,48821.27,-1
2024-06-05,2024-06-05 12:09:00,388.92,388.92,388.9,388.9,-0.01,126.0,48821.27,-1
2024-06-05,2024-06-05 12:10:00,388.9,388.9,388.89,388.89,-0.0,126.0,48821.27,-1
2024-06-05,2024-06-05 12:11:00,388.89,388.89,388.87,388.87,-0.01,126.0,48821.27,-1
2024-06-05,2024-06-05 12:12:00,388.87,388.87,388.85,388.85,-0.01,126.0,48821.27,-1
2024-06-05,2024-06-05 12:13:00,388.85,388.85,388.84,388.84,-0.0,126.0,48821.27,-1
2024-06-05,2024-06-05 12:14:00,388.84,388.84,388.82,388.82,-0.01,126.0,48821.27,-1
2024-06-05,2024-06-05 12:15:00,388.82,388.82,388.8,388.8,-0.01,126.0,48821.27,-1
2024-06-05,2024-06-05 12:16:00,388.8,388.8,388.78,388.78,-0.01,126.0,48821.27,-1
2024-06-05,2024-06-05 12:17:00,388.78,388.78,388.77,388.77,-0.0,126.0,48821.27,-1
2024-06-05,2024-06-05 12:18:00,388.77,388.77,388.75,388.75,-0.01,126.0,48821.27,-1
2024-06-05,2024-06-05 12:19:00,388.75,388.75,388.73,388.73,-0.01,126.0,48821.27,-1
2024-06-05,2024-06-05 12:20:00,388.73,388.73,388.72,388.72,-0.0,126.0,48821.27,-1
2024-06-05,2024-06-05 12:21:00,388.72,388.72,388.7,388.7,-0.01,126.0,48821.27,-1
2024-06-05,2024-06-05 12:22:00,388.7,388.7,388.68,388.68,-0.01,126.0,48821.27,-1
2024-06-05,2024-06-05 12:23:00,388.68,388.68,388.67,388.67,-0.0,126.0,48821.27,-1
2024-06-05,2024-06-05 12:24:00,388.67,388.67,388.65,388.65,-0.01,126.0,48821.27,-1
2024-06-05,2024-06-05 12:25:00,388.65,388.65,388.63,388.63,-0.01,126.0,48821.27,-1
2024-06-05,2024-06-05 12:26:00,388.63,388.63,388.61,388.61,-0.01,126.0,48821.27,-1
2024-06-05,2024-06-05 12:27:00,388.61,388.61,388.6,388.6,-0.0,126.0,48821.27,-1
2024-06-05,2024-06-05 12:28:00,388.6,388.6,388.58,388.58,-0.01,126.0,48821.27,-1
2024-06-05,2024-06-05 12:29:00,388.58,388.58,388.56,388.56,-0.01,126.0,48821.27,-1
2024-06-05,2024-06-05 12:30:00,388.56,388.56,388.55,388.55,-0.0,126.0,48821.27,-1
2024-06-05,2024-06-05 12:31:00,388.55,388.55,388.53,388.53,-0.01,126.0,48821.27,-1
2024-06-05,2024-06-05 12:32:00,388.53,388.53,388.51,388.51,-0.01,126.0,48821.27,-1
2024-06-05,2024-06-05 12:33:00,388.51,388.51,388.49,388.49,-0.01,126.0,48821.27,-1
2024-06-05,2024-06-05 12:34:00,388.49,388.49,388.48,388.48,-0.0,126.0,48821.27,-1
2024-06-05,2024-06-05 12:35:00,388.48,388.48,388.46,388.46,-0.01,126.0,48821.27,-1
2024-06-05,2024-06-05 12:36:00,388.46,388.46,388.44,388.44,-0.01,126.0,48821.27,-1
2024-06-05,2024-06-05 12:37:00,388.44,388.44,388.43,388.43,-0.0,126.0,48821.27,-1
2024-06-05,2024-06-05 12:38:00,388.43,388.43,388.41,388.41,-0.01,126.0,48821.27,-1
2024-06-05,2024-06-05 12:39:00,388.41,388.41,388.39,388.39,-0.01,126.0,48821.27,-1
2024-06-05,2024-06-05 12:40:00,388.39,388.39,388.37,388.37,-0.01,126.0,48821.27,-1
2024-06-05,2024-06-05 12:41:00,388.37,388.37,388.36,388.36,-0.0,126.0,48821.27,-1
2024-06-05,2024-06-05 12:42:00,388.36,388.36,388.34,388.34,-0.01,126.0,48821.27,-1
2024-06-05,2024-06-05 12:43:00,388.34,388.34,388.32,388.32,-0.01,126.0,48821.27,-1
2024-06-05,2024-06-05 12:44:00,388.32,388.32,388.31,388.31,-0.0,126.0,48821.27,-1
2024-06-05,2024-06-05 12:45:00,388.31,388.31,388.29,388.29,-0.01,126.0,48821.27,-1
2024-06-05,2024-06-05 12:46:00,388.29,388.29,388.27,388.27,-0.01,126.0,48821.27,-1
2024-06-05,2024-06-05 12:47:00,388.27,388.27,388.25,388.25,-0.01,126.0,48821.27,-1
2024-06-05,2024-06-05 12:48:00,388.25,388.25,388.24,388.24,-0.0,126.0,48821.27,-1
2024-06-05,2024-06-05 12:49:00,388.24,388.24,388.22,388.22,-0.01,126.0,48821.27,-1
2024-06-05,2024-06-05 12:50:00,388.22,388.22,388.2,388.2,-0.01,126.0,48821.27,-1
2024-06-05,2024-06-05 12:51:00,388.2,388.2,388.19,388.19,-0.0,126.0,48821.27,-1
2024-06-05,2024-06-05 12:52:00,388.19,388.19,388.17,388.17,-0.01,126.0,48821.27,-1
2024-06-05,2024-06-05 12:53:00,388.17,388.17,388.15,388.15,-0.01,126.0,48821.27,-1
2024-06-05,2024-06-05 12:54:00,388.15,388.15,388.14,388.14,-0.0,126.0,48821.27,-1
2024-06-05,2024-06-05 12:55:00,388.14,388.14,388.12,388.12,-0.01,126.0,48821.27,-1
2024-06-05,2024-06-05 12:56:00,388.12,388.12,388.1,388.1,-0.01,126.0,48821.27,-1
2024-06-05,2024-06-05 12:57:00,388.1,388.1,388.08,388.08,-0.01,126.0,48821.27,-1
2024-06-05,2024-06-05 12:58:00,388.08,388.08,388.07,388.07,-0.0,126.0,48821.27,-1
2024-06-05,2024-06-05 12:59:00,388.07,388.07,388.05,388.05,-0.01,126.0,48821.27,-1
2024-06-05,2024-06-05 13:00:00,388.05,404.0,380.0,388.03,-0.01,126.0,48821.27,-1
2024-06-05,2024-06-05 13:01:00,388.03,388.03,388.02,388.02,-0.0,126.0,48821.27,-1
2024-06-05,2024-06-05 13:02:00,388.02,388.02,388.0,388.0,-0.01,126.0,48821.27,-1
2024-06-05,2024-06-05 13:03:00,388.0,388.0,387.98,387.98,-0.01,126.0,48821.27,-1
2024-06-05,2024-06-05 13:04:00,387.98,387.98,387.96,387.96,-0.01,126.0,48821.27,-1
2024-06-05,2024-06-05 13:05:00,387.96,387.96,387.95,387.95,-0.0,126.0,48821.27,-1
2024-06-05,2024-06-05 13:06:00,387.95,387.95,387.93,387.93,-0.01,126.0,48821.27,-1
2024-06-05,2024-06-05 13:07:00,387.93,387.93,387.91,387.91,-0.01,126.0,48821.27,-1
2024-06-05,2024-06-05 13:08:00,387.91,387.91,387.9,387.9,-0.0,126.0,48821.27,-1
2024-06-05,2024-06-05 13:09:00,387.9,387.9,387.88,387.88,-0.01,126.0,48821.27,-1
2024-06-05,2024-06-05 13:10:00,387.88,387.88,387.86,387.86,-0.01,126.0,48821.27,-1
2024-06-05,2024-06-05 13:11:00,387.86,387.86,387.85,387.85,-0.0,126.0,48821.27,-1
2024-06-05,2024-06-05 13:12:00,387.85,387.85,387.83,387.83,-0.01,126.0,48821.27,-1
2024-06-05,2024-06-05 13:13:00,387.83,387.83,387.81,387.81,-0.01,126.0,48821.27,-1
2024-06-05,2024-06-05 13:14:00,387.81,387.81,387.79,387.79,-0.01,126.0,48821.27,-1
2024-06-05,2024-06-05 13:15:00,387.79,387.79,387.78,387.78,-0.0,126.0,48821.27,-1
2024-06-05,2024-06-05 13:16:00,387.78,387.78,387.76,387.76,-0.01,126.0,48821.27,-1
2024-06-05,2024-06-05 13:17:00,387.76,387.76,387.74,387.74,-0.01,126.0,48821.27,-1
2024-06-05,2024-06-05 13:18:00,387.74,387.74,387.73,387.73,-0.0,126.0,48821.27,-1
2024-06-05,2024-06-05 13:19:00,387.73,387.73,387.71,387.71,-0.01,126.0,48821.27,-1
2024-06-05,2024-06-05 13:20:00,387.71,387.71,387.69,387.69,-0.01,126.0,48821.27,-1
2024-06-05,2024-06-05 13:21:00,387.69,387.69,387.67,387.67,-0.01,126.0,48821.27,-1
2024-06-05,2024-06-05 13:22:00,387.67,387.67,387.66,387.66,-0.0,126.0,48821.27,-1
2024-06-05,2024-06-05 13:23:00,387.66,387.66,387.64,387.64,-0.01,126.0,48821.27,-1
2024-06-05,2024-06-05 13:24:00,387.64,387.64,387.62,387.62,-0.01,126.0,48821.27,-1
2024-06-05,2024-06-05 13:25:00,387.62,387.62,387.61,387.61,-0.0,126.0,48821.27,-1
2024-06-05,2024-06-05 13:26:00,387.61,387.61,387.59,387.59,-0.01,126.0,48821.27,-1
2024-06-05,2024-06-05 13:27:00,387.59,387.59,387.57,387.57,-0.01,126.0,48821.27,-1
2024-06-05,2024-06-05 13:28:00,387.57,387.57,387.55,387.55,-0.01,126.0,48821.27,-1
2024-06-05,2024-06-05 13:29:00,387.55,387.55,387.54,387.54,-0.0,126.0,48821.27,-1
2024-06-05,2024-06-05 13:30:00,387.54,387.54,387.52,387.52,-0.01,126.0,48821.27,-1
2024-06-05,2024-06-05 13:31:00,387.52,387.52,387.5,387.5,-0.01,126.0,48821.27,-1
2024-06-05,2024-06-05 13:32:00,387.5,387.5,387.49,387.49,-0.0,126.0,48821.27,-1
2024-06-05,2024-06-05 13:33:00,387.49,387.49,387.47,387.47,-0.01,126.0,48821.27,-1
2024-06-05,2024-06-05 13:34:00,387.47,387.47,387.45,387.45,-0.01,126.0,48821.27,-1
2024-06-05,2024-06-05 13:35:00,387.45,387.45,387.44,387.44,-0.0,126.0,48821.27,-1
2024-06-05,2024-06-05 13:36:00,387.44,387.44,387.42,387.42,-0.01,126.0,48821.27,-1
2024-06-05,2024-06-05 13:37:00,387.42,387.42,387.4,387.4,-0.01,126.0,48821.27,-1
2024-06-05,2024-06-05 13:38:00,387.4,387.4,387.38,387.38,-0.01,126.0,48821.27,-1
2024-06-05,2024-06-05 13:39:00,387.38,387.38,387.37,387.37,-0.0,126.0,48821.27,-1
2024-06-05,2024-06-05 13:40:00,387.37,387.37,387.35,387.35,-0.01,126.0,48821.27,-1
2024-06-05,2024-06-05 13:41:00,387.35,387.35,387.33,387.33,-0.01,126.0,48821.27,-1
2024-06-05,2024-06-05 13:42:00,387.33,387.33,387.32,387.32,-0.0,126.0,48821.27,-1
2024-06-05,2024-06-05 13:43:00,387.32,387.32,387.3,387.3,-0.01,126.0,48821.27,-1
2024-06-05,2024-06-05 13:44:00,387.3,387.3,387.28,387.28,-0.01,126.0,48821.27,-1
2024-06-05,2024-06-05 13:45:00,387.28,387.28,387.26,387.26,-0.01,126.0,48821.27,-1
2024-06-05,2024-06-05 13:46:00,387.26,387.26,387.25,387.25,-0.0,126.0,48821.27,-1
2024-06-05,2024-06-05 13:47:00,387.25,387.25,387.23,387.23,-0.01,126.0,48821.27,-1
2024-06-05,2024-06-05 13:48:00,387.23,387.23,387.21,387.21,-0.01,126.0,48821.27,-1
2024-06-05,2024-06-05 13:49:00,387.21,387.21,387.2,387.2,-0.0,126.0,48821.27,-1
2024-06-05,2024-06-05 13:50:00,387.2,387.2,387.18,387.18,-0.01,126.0,48821.27,-1
2024-06-05,2024-06-05 13:51:00,387.18,387.18,387.16,387.16,-0.01,126.0,48821.27,-1
2024-06-05,2024-06-05 13:52:00,387.16,387.16,387.14,387.14,-0.01,126.0,48821.27,-1
2024-06-05,2024-06-05 13:53:00,387.14,387.14,387.13,387.13,-0.0,126.0,48821.27,-1
2024-06-05,2024-06-05 13:54:00,387.13,387.13,387.11,387.11,-0.01,126.0,48821.27,-1
2024-06-05,2024-06-05 13:55:00,387.11,387.11,387.09,387.09,-0.01,126.0,48821.27,-1
2024-06-05,2024-06-05 13:56:00,387.09,387.09,387.08,387.08,-0.0,126.0,48821.27,-1
2024-06-05,2024-06-05 13:57:00,387.08,387.08,387.06,387.06,-0.01,126.0,48821.27,-1
2024-06-05,2024-06-05 13:58:00,387.06,387.06,387.04,387.04,-0.01,126.0,48821.27,-1
2024-06-05,2024-06-05 13:59:00,387.04,387.04,387.02,387.02,-0.01,126.0,48821.27,-1
2024-06-05,2024-06-05 14:00:00,387.02,387.02,387.01,387.01,-0.0,126.0,48821.27,-1
2024-06-05,2024-06-05 14:01:00,387.01,387.01,386.99,386.99,-0.01,126.0,48821.27,-1
2024-06-05,2024-06-05 14:02:00,386.99,386.99,386.97,386.97,-0.01,126.0,48821.27,-1
2024-06-05,2024-06-05 14:03:00,386.97,386.97,386.96,386.96,-0.0,126.0,48821.27,-1
2024-06-05,2024-06-05 14:04:00,386.96,386.96,386.94,386.94,-0.01,126.0,48821.27,-1
2024-06-05,2024-06-05 14:05:00,386.94,386.94,386.92,386.92,-0.01,126.0,48821.27,-1
2024-06-05,2024-06-05 14:06:00,386.92,386.92,386.91,386.91,-0.0,126.0,48821.27,-1
2024-06-05,2024-06-05 14:07:00,386.91,386.91,386.89,386.89,-0.01,126.0,48821.27,-1
2024-06-05,2024-06-05 14:08:00,386.89,386.89,386.87,386.87,-0.01,126.0,48821.27,-1
2024-06-05,2024-06-05 14:09:00,386.87,386.87,386.85,386.85,-0.01,126.0,48821.27,-1
2024-06-05,2024-06-05 14:10:00,386.85,386.85,386.84,386.84,-0.0,126.0,48821.27,-1
2024-06-05,2024-06-05 14:11:00,386.84,386.84,386.82,386.82,-0.01,126.0,48821.27,-1
2024-06-05,2024-06-05 14:12:00,386.82,386.82,386.8,386.8,-0.01,126.0,48821.27,-1
2024-06-05,2024-06-05 14:13:00,386.8,386.8,386.79,386.79,-0.0,126.0,48821.27,-1
2024-06-05,2024-06-05 14:14:00,386.79,386.79,386.77,386.77,-0.01,126.0,48821.27,-1
2024-06-05,2024-06-05 14:15:00,386.77,386.77,386.75,386.75,-0.01,126.0,48821.27,-1
2024-06-05,2024-06-05 14:16:00,386.75,386.75,386.73,386.73,-0.01,126.0,48821.27,-1
2024-06-05,2024-06-05 14:17:00,386.73,386.73,386.72,386.72,-0.0,126.0,48821.27,-1
2024-06-05,2024-06-05 14:18:00,386.72,386.72,386.7,386.7,-0.01,126.0,48821.27,-1
2024-06-05,2024-06-05 14:19:00,386.7,386.7,386.68,386.68,-0.01,126.0,48821.27,-1
2024-06-05,2024-06-05 14:20:00,386.68,386.68,386.67,386.67,-0.0,126.0,48821.27,-1
2024-06-05,2024-06-05 14:21:00,386.67,386.67,386.65,386.65,-0.01,126.0,48821.27,-1
2024-06-05,2024-06-05 14:22:00,386.65,386.65,386.63,386.63,-0.01,126.0,48821.27,-1
2024-06-05,2024-06-05 14:23:00,386.63,386.63,386.62,386.62,-0.0,126.0,48821.27,-1
2024-06-05,2024-06-05 14:24:00,386.62,386.62,386.6,386.6,-0.01,126.0,48821.27,-1
2024-06-05,2024-06-05 14:25:00,386.6,386.6,386.58,386.58,-0.01,126.0,48821.27,-1
2024-06-05,2024-06-05 14:26:00,386.58,386.58,386.56,386.56,-0.01,126.0,48821.27,-1
2024-06-05,2024-06-05 14:27:00,386.56,386.56,386.55,386.55,-0.0,126.0,48821.27,-1
2024-06-05,2024-06-05 14:28:00,386.55,386.55,386.53,386.53,-0.01,126.0,48821.27,-1
2024-06-05,2024-06-05 14:29:00,386.53,386.53,386.51,386.51,-0.01,126.0,48821.27,-1
2024-06-05,2024-06-05 14:30:00,386.51,386.51,386.5,386.5,-0.0,126.0,48821.27,-1
2024-06-05,2024-06-05 14:31:00,386.5,386.5,386.48,386.48,-0.01,126.0,48821.27,-1
2024-06-05,2024-06-05 14:32:00,386.48,386.48,386.46,386.46,-0.01,126.0,48821.27,-1
2024-06-05,2024-06-05 14:33:00,386.46,386.46,386.44,386.44,-0.01,126.0,48821.27,-1
2024-06-05,2024-06-05 14:34:00,386.44,386.44,386.43,386.43,-0.0,126.0,48821.27,-1
2024-06-05,2024-06-05 14:35:00,386.43,386.43,386.41,386.41,-0.01,126.0,48821.27,-1
2024-06-05,2024-06-05 14:36:00,386.41,386.41,386.39,386.39,-0.01,126.0,48821.27,-1
2024-06-05,2024-06-05 14:37:00,386.39,386.39,386.38,386.38,-0.0,126.0,48821.27,-1
2024-06-05,2024-06-05 14:38:00,386.38,386.38,386.36,386.36,-0.01,126.0,48821.27,-1
2024-06-05,2024-06-05 14:39:00,386.36,386.36,386.34,386.34,-0.01,126.0,48821.27,-1
2024-06-05,2024-06-05 14:40:00,386.34,386.34,386.32,386.32,-0.01,126.0,48821.27,-1
2024-06-05,2024-06-05 14:41:00,386.32,386.32,386.31,386.31,-0.0,126.0,48821.27,-1
2024-06-05,2024-06-05 14:42:00,386.31,386.31,386.29,386.29,-0.01,126.0,48821.27,-1
2024-06-05,2024-06-05 14:43:00,386.29,386.29,386.27,386.27,-0.01,126.0,48821.27,-1
2024-06-05,2024-06-05 14:44:00,386.27,386.27,386.26,386.26,-0.0,126.0,48821.27,-1
2024-06-05,2024-06-05 14:45:00,386.26,386.26,386.24,386.24,-0.01,126.0,48821.27,-1
2024-06-05,2024-06-05 14:46:00,386.24,386.24,386.22,386.22,-0.01,126.0,48821.27,-1
2024-06-05,2024-06-05 14:47:00,386.22,386.22,386.2,386.2,-0.01,126.0,48821.27,-1
2024-06-05,2024-06-05 14:48:00,386.2,386.2,386.19,386.19,-0.0,126.0,48821.27,-1
2024-06-05,2024-06-05 14:49:00,386.19,386.19,386.17,386.17,-0.01,126.0,48821.27,-1
2024-06-05,2024-06-05 14:50:00,386.17,386.17,386.15,386.15,-0.01,126.0,48821.27,-1
2024-06-05,2024-06-05 14:51:00,386.15,386.15,386.14,386.14,-0.0,126.0,48821.27,-1
2024-06-05,2024-06-05 14:52:00,386.14,386.14,386.12,386.12,-0.01,126.0,48821.27,-1
2024-06-05,2024-06-05 14:53:00,386.12,386.12,386.1,386.1,-0.01,126.0,48821.27,-1
2024-06-05,2024-06-05 14:54:00,386.1,386.1,386.09,386.09,-0.0,126.0,48821.27,-1
2024-06-05,2024-06-05 14:55:00,386.09,386.09,386.07,386.07,-0.01,126.0,48821.27,-1
2024-06-05,2024-06-05 14:56:00,386.07,386.07,386.05,386.05,-0.01,126.0,48821.27,-1
2024-06-05,2024-06-05 14:57:00,386.05,386.05,386.03,386.03,-0.01,126.0,48821.27,-1
2024-06-05,2024-06-05 14:58:00,386.03,386.03,386.02,386.02,-0.0,126.0,48821.27,-1
2024-06-05,2024-06-05 14:59:00,386.02,386.02,386.0,386.0,-0.01,126.0,48821.27,-1
2024-06-05,2024-06-05 15:00:00,386.0,404.0,380.0,386.0,0.0,126.0,48821.27,0
2024-06-06,2024-06-06 11:00:00,378.3,389.61,378.3,378.38,0.02,113.72,45826.65,1
2024-06-06,2024-06-06 11:01:00,378.38,378.46,378.38,378.46,0.02,113.72,45826.65,1
2024-06-06,2024-06-06 11:02:00,378.46,378.53,378.46,378.53,0.02,113.72,45826.65,1
2024-06-06,2024-06-06 11:03:00,378.53,378.61,378.53,378.61,0.02,113.72,45826.65,1
2024-06-06,2024-06-06 11:04:00,378.61,378.69,378.61,378.69,0.02,113.72,45826.65,1
2024-06-06,2024-06-06 11:05:00,378.69,378.77,378.69,378.77,0.02,113.72,45826.65,1
2024-06-06,2024-06-06 11:06:00,378.77,378.85,378.77,378.85,0.02,113.72,45826.65,1
2024-06-06,2024-06-06 11:07:00,378.85,378.92,378.85,378.92,0.02,113.72,45826.65,1
2024-06-06,2024-06-06 11:08:00,378.92,379.0,378.92,379.0,0.02,113.72,45826.65,1
2024-06-06,2024-06-06 11:09:00,379.0,379.08,379.0,379.08,0.02,113.72,45826.65,1
2024-06-06,2024-06-06 11:10:00,379.08,379.16,379.08,379.16,0.02,113.72,45826.65,1
2024-06-06,2024-06-06 11:11:00,379.16,379.24,379.16,379.24,0.02,113.72,45826.65,1
2024-06-06,2024-06-06 11:12:00,379.24,379.31,379.24,379.31,0.02,113.72,45826.65,1
2024-06-06,2024-06-06 11:13:00,379.31,379.39,379.31,379.39,0.02,113.72,45826.65,1
2024-06-06,2024-06-06 11:14:00,379.39,379.47,379.39,379.47,0.02,113.72,45826.65,1
2024-06-06,2024-06-06 11:15:00,379.47,379.55,379.47,379.55,0.02,113.72,45826.65,1
2024-06-06,2024-06-06 11:16:00,379.55,379.62,379.55,379.62,0.02,113.72,45826.65,1
2024-06-06,2024-06-06 11:17:00,379.62,379.7,379.62,379.7,0.02,113.72,45826.65,1
2024-06-06,2024-06-06 11:18:00,379.7,379.78,379.7,379.78,0.02,113.72,45826.65,1
2024-06-06,2024-06-06 11:19:00,379.78,379.86,379.78,379.86,0.02,113.72,45826.65,1
2024-06-06,2024-06-06 11:20:00,379.86,379.94,379.86,379.94,0.02,113.72,45826.65,1
2024-06-06,2024-06-06 11:21:00,379.94,380.01,379.94,380.01,0.02,113.72,45826.65,1
2024-06-06,2024-06-06 11:22:00,380.01,380.09,380.01,380.09,0.02,113.72,45826.65,1
2024-06-06,2024-06-06 11:23:00,380.09,380.17,380.09,380.17,0.02,113.72,45826.65,1
2024-06-06,2024-06-06 11:24:00,380.17,380.25,380.17,380.25,0.02,113.72,45826.65,1
2024-06-06,2024-06-06 11:25:00,380.25,380.33,380.25,380.33,0.02,113.72,45826.65,1
2024-06-06,2024-06-06 11:26:00,380.33,380.4,380.33,380.4,0.02,113.72,45826.65,1
2024-06-06,2024-06-06 11:27:00,380.4,380.48,380.4,380.48,0.02,113.72,45826.65,1
2024-06-06,2024-06-06 11:28:00,380.48,380.56,380.48,380.56,0.02,113.72,45826.65,1
2024-06-06,2024-06-06 11:29:00,380.56,380.64,380.56,380.64,0.02,113.72,45826.65,1
2024-06-06,2024-06-06 11:30:00,380.64,380.72,380.64,380.72,0.02,113.72,45826.65,1
2024-06-06,2024-06-06 11:31:00,380.72,380.79,380.72,380.79,0.02,113.72,45826.65,1
2024-06-06,2024-06-06 11:32:00,380.79,380.87,380.79,380.87,0.02,113.72,45826.65,1
2024-06-06,2024-06-06 11:33:00,380.87,380.95,380.87,380.95,0.02,113.72,45826.65,1
2024-06-06,2024-06-06 11:34:00,380.95,381.03,380.95,381.03,0.02,113.72,45826.65,1
2024-06-06,2024-06-06 11:35:00,381.03,381.11,381.03,381.11,0.02,113.72,45826.65,1
2024-06-06,2024-06-06 11:36:00,381.11,381.18,381.11,381.18,0.02,113.72,45826.65,1
2024-06-06,2024-06-06 11:37:00,381.18,381.26,381.18,381.26,0.02,113.72,45826.65,1
2024-06-06,2024-06-06 11:38:00,381.26,381.34,381.26,381.34,0.02,113.72,45826.65,1
2024-06-06,2024-06-06 11:39:00,381.34,381.42,381.34,381.42,0.02,113.72,45826.65,1
2024-06-06,2024-06-06 11:40:00,381.42,381.49,381.42,381.49,0.02,113.72,45826.65,1
2024-06-06,2024-06-06 11:41:00,381.49,381.57,381.49,381.57,0.02,113.72,45826.65,1
2024-06-06,2024-06-06 11:42:00,381.57,381.65,381.57,381.65,0.02,113.72,45826.65,1
2024-06-06,2024-06-06 11:43:00,381.65,381.73,381.65,381.73,0.02,113.72,45826.65,1
2024-06-06,2024-06-06 11:44:00,381.73,381.81,381.73,381.81,0.02,113.72,45826.65,1
2024-06-06,2024-06-06 11:45:00,381.81,381.88,381.81,381.88,0.02,113.72,45826.65,1
2024-06-06,2024-06-06 11:46:00,381.88,381.96,381.88,381.96,0.02,113.72,45826.65,1
2024-06-06,2024-06-06 11:47:00,381.96,382.04,381.96,382.04,0.02,113.72,45826.65,1
2024-06-06,2024-06-06 11:48:00,382.04,382.12,382.04,382.12,0.02,113.72,45826.65,1
2024-06-06,2024-06-06 11:49:00,382.12,382.2,382.12,382.2,0.02,113.72,45826.65,1
2024-06-06,2024-06-06 11:50:00,382.2,382.27,382.2,382.27,0.02,113.72,45826.65,1
2024-06-06,2024-06-06 11:51:00,382.27,382.35,382.27,382.35,0.02,113.72,45826.65,1
2024-06-06,2024-06-06 11:52:00,382.35,382.43,382.35,382.43,0.02,113.72,45826.65,1
2024-06-06,2024-06-06 11:53:00,382.43,382.51,382.43,382.51,0.02,113.72,45826.65,1
2024-06-06,2024-06-06 11:54:00,382.51,382.59,382.51,382.59,0.02,113.72,45826.65,1
2024-06-06,2024-06-06 11:55:00,382.59,382.66,382.59,382.66,0.02,113.72,45826.65,1
2024-06-06,2024-06-06 11:56:00,382.66,382.74,382.66,382.74,0.02,113.72,45826.65,1
2024-06-06,2024-06-06 11:57:00,382.74,382.82,382.74,382.82,0.02,113.72,45826.65,1
2024-06-06,2024-06-06 11:58:00,382.82,382.9,382.82,382.9,0.02,113.72,45826.65,1
2024-06-06,2024-06-06 11:59:00,382.9,382.98,382.9,382.98,0.02,113.72,45826.65,1
2024-06-06,2024-06-06 12:00:00,382.98,383.05,382.98,383.05,0.02,113.72,45826.65,1
2024-06-06,2024-06-06 12:01:00,383.05,383.13,383.05,383.13,0.02,113.72,45826.65,1
2024-06-06,2024-06-06 12:02:00,383.13,383.21,383.13,383.21,0.02,113.72,45826.65,1
2024-06-06,2024-06-06 12:03:00,383.21,383.29,383.21,383.29,0.02,113.72,45826.65,1
2024-06-06,2024-06-06 12:04:00,383.29,383.36,383.29,383.36,0.02,113.72,45826.65,1
2024-06-06,2024-06-06 12:05:00,383.36,383.44,383.36,383.44,0.02,113.72,45826.65,1
2024-06-06,2024-06-06 12:06:00,383.44,383.52,383.44,383.52,0.02,113.72,45826.65,1
2024-06-06,2024-06-06 12:07:00,383.52,383.6,383.52,383.6,0.02,113.72,45826.65,1
2024-06-06,2024-06-06 12:08:00,383.6,383.68,383.6,383.68,0.02,113.72,45826.65,1
2024-06-06,2024-06-06 12:09:00,383.68,383.75,383.68,383.75,0.02,113.72,45826.65,1
2024-06-06,2024-06-06 12:10:00,383.75,383.83,383.75,383.83,0.02,113.72,45826.65,1
2024-06-06,2024-06-06 12:11:00,383.83,383.91,383.83,383.91,0.02,113.72,45826.65,1
2024-06-06,2024-06-06 12:12:00,383.91,383.99,383.91,383.99,0.02,113.72,45826.65,1
2024-06-06,2024-06-06 12:13:00,383.99,384.07,383.99,384.07,0.02,113.72,45826.65,1
2024-06-06,2024-06-06 12:14:00,384.07,384.14,384.07,384.14,0.02,113.72,45826.65,1
2024-06-06,2024-06-06 12:15:00,384.14,384.22,384.14,384.22,0.02,113.72,45826.65,1
2024-06-06,2024-06-06 12:16:00,384.22,384.3,384.22,384.3,0.02,113.72,45826.65,1
2024-06-06,2024-06-06 12:17:00,384.3,384.38,384.3,384.38,0.02,113.72,45826.65,1
2024-06-06,2024-06-06 12:18:00,384.38,384.46,384.38,384.46,0.02,113.72,45826.65,1
2024-06-06,2024-06-06 12:19:00,384.46,384.53,384.46,384.53,0.02,113.72,45826.65,1
2024-06-06,2024-06-06 12:20:00,384.53,384.61,384.53,384.61,0.02,113.72,45826.65,1
2024-06-06,2024-06-06 12:21:00,384.61,384.69,384.61,384.69,0.02,113.72,45826.65,1
2024-06-06,2024-06-06 12:22:00,384.69,384.77,384.69,384.77,0.02,113.72,45826.65,1
2024-06-06,2024-06-06 12:23:00,384.77,384.85,384.77,384.85,0.02,113.72,45826.65,1
2024-06-06,2024-06-06 12:24:00,384.85,384.92,384.85,384.92,0.02,113.72,45826.65,1
2024-06-06,2024-06-06 12:25:00,384.92,385.0,384.92,385.0,0.02,113.72,45826.65,1
2024-06-06,2024-06-06 12:26:00,385.0,385.08,385.0,385.08,0.02,113.72,45826.65,1
2024-06-06,2024-06-06 12:27:00,385.08,385.16,385.08,385.16,0.02,113.72,45826.65,1
2024-06-06,2024-06-06 12:28:00,385.16,385.23,385.16,385.23,0.02,113.72,45826.65,1
2024-06-06,2024-06-06 12:29:00,385.23,385.31,385.23,385.31,0.02,113.72,45826.65,1
2024-06-06,2024-06-06 12:30:00,385.31,385.39,385.31,385.39,0.02,113.72,45826.65,1
2024-06-06,2024-06-06 12:31:00,385.39,385.47,385.39,385.47,0.02,113.72,45826.65,1
2024-06-06,2024-06-06 12:32:00,385.47,385.55,385.47,385.55,0.02,113.72,45826.65,1
2024-06-06,2024-06-06 12:33:00,385.55,385.62,385.55,385.62,0.02,113.72,45826.65,1
2024-06-06,2024-06-06 12:34:00,385.62,385.7,385.62,385.7,0.02,113.72,45826.65,1
2024-06-06,2024-06-06 12:35:00,385.7,385.78,385.7,385.78,0.02,113.72,45826.65,1
2024-06-06,2024-06-06 12:36:00,385.78,385.86,385.78,385.86,0.02,113.72,45826.65,1
2024-06-06,2024-06-06 12:37:00,385.86,385.94,385.86,385.94,0.02,113.72,45826.65,1
2024-06-06,2024-06-06 12:38:00,385.94,386.01,385.94,386.01,0.02,113.72,45826.65,1
2024-06-06,2024-06-06 12:39:00,386.01,386.09,386.01,386.09,0.02,113.72,45826.65,1
2024-06-06,2024-06-06 12:40:00,386.09,386.17,386.09,386.17,0.02,113.72,45826.65,1
2024-06-06,2024-06-06 12:41:00,386.17,386.25,386.17,386.25,0.02,113.72,45826.65,1
2024-06-06,2024-06-06 12:42:00,386.25,386.33,386.25,386.33,0.02,113.72,45826.65,1
2024-06-06,2024-06-06 12:43:00,386.33,386.4,386.33,386.4,0.02,113.72,45826.65,1
2024-06-06,2024-06-06 12:44:00,386.4,386.48,386.4,386.48,0.02,113.72,45826.65,1
2024-06-06,2024-06-06 12:45:00,386.48,386.56,386.48,386.56,0.02,113.72,45826.65,1
2024-06-06,2024-06-06 12:46:00,386.56,386.64,386.56,386.64,0.02,113.72,45826.65,1
2024-06-06,2024-06-06 12:47:00,386.64,386.72,386.64,386.72,0.02,113.72,45826.65,1
2024-06-06,2024-06-06 12:48:00,386.72,386.79,386.72,386.79,0.02,113.72,45826.65,1
2024-06-06,2024-06-06 12:49:00,386.79,386.87,386.79,386.87,0.02,113.72,45826.65,1
2024-06-06,2024-06-06 12:50:00,386.87,386.95,386.87,386.95,0.02,113.72,45826.65,1
2024-06-06,2024-06-06 12:51:00,386.95,387.03,386.95,387.03,0.02,113.72,45826.65,1
2024-06-06,2024-06-06 12:52:00,387.03,387.1,387.03,387.1,0.02,113.72,45826.65,1
2024-06-06,2024-06-06 12:53:00,387.1,387.18,387.1,387.18,0.02,113.72,45826.65,1
2024-06-06,2024-06-06 12:54:00,387.18,387.26,387.18,387.26,0.02,113.72,45826.65,1
2024-06-06,2024-06-06 12:55:00,387.26,387.34,387.26,387.34,0.02,113.72,45826.65,1
2024-06-06,2024-06-06 12:56:00,387.34,387.42,387.34,387.42,0.02,113.72,45826.65,1
2024-06-06,2024-06-06 12:57:00,387.42,387.49,387.42,387.49,0.02,113.72,45826.65,1
2024-06-06,2024-06-06 12:58:00,387.49,387.57,387.49,387.57,0.02,113.72,45826.65,1
2024-06-06,2024-06-06 12:59:00,387.57,387.65,387.57,387.65,0.02,113.72,45826.65,1
2024-06-06,2024-06-06 13:00:00,387.65,416.0,378.3,387.73,0.02,113.72,45826.65,1
2024-06-06,2024-06-06 13:01:00,387.73,387.81,387.73,387.81,0.02,113.72,45826.65,1
2024-06-06,2024-06-06 13:02:00,387.81,387.88,387.81,387.88,0.02,113.72,45826.65,1
2024-06-06,2024-06-06 13:03:00,387.88,387.96,387.88,387.96,0.02,113.72,45826.65,1
2024-06-06,2024-06-06 13:04:00,387.96,388.04,387.96,388.04,0.02,113.72,45826.65,1
2024-06-06,2024-06-06 13:05:00,388.04,388.12,388.04,388.12,0.02,113.72,45826.65,1
2024-06-06,2024-06-06 13:06:00,388.12,388.2,388.12,388.2,0.02,113.72,45826.65,1
2024-06-06,2024-06-06 13:07:00,388.2,388.27,388.2,388.27,0.02,113.72,45826.65,1
2024-06-06,2024-06-06 13:08:00,388.27,388.35,388.27,388.35,0.02,113.72,45826.65,1
2024-06-06,2024-06-06 13:09:00,388.35,388.43,388.35,388.43,0.02,113.72,45826.65,1
2024-06-06,2024-06-06 13:10:00,388.43,388.51,388.43,388.51,0.02,113.72,45826.65,1
2024-06-06,2024-06-06 13:11:00,388.51,388.58,388.51,388.58,0.02,113.72,45826.65,1
2024-06-06,2024-06-06 13:12:00,388.58,388.66,388.58,388.66,0.02,113.72,45826.65,1
2024-06-06,2024-06-06 13:13:00,388.66,388.74,388.66,388.74,0.02,113.72,45826.65,1
2024-06-06,2024-06-06 13:14:00,388.74,388.82,388.74,388.82,0.02,113.72,45826.65,1
2024-06-06,2024-06-06 13:15:00,388.82,388.9,388.82,388.9,0.02,113.72,45826.65,1
2024-06-06,2024-06-06 13:16:00,388.9,388.97,388.9,388.97,0.02,113.72,45826.65,1
2024-06-06,2024-06-06 13:17:00,388.97,389.05,388.97,389.05,0.02,113.72,45826.65,1
2024-06-06,2024-06-06 13:18:00,389.05,389.13,389.05,389.13,0.02,113.72,45826.65,1
2024-06-06,2024-06-06 13:19:00,389.13,389.21,389.13,389.21,0.02,113.72,45826.65,1
2024-06-06,2024-06-06 13:20:00,389.21,389.29,389.21,389.29,0.02,113.72,45826.65,1
2024-06-06,2024-06-06 13:21:00,389.29,389.36,389.29,389.36,0.02,113.72,45826.65,1
2024-06-06,2024-06-06 13:22:00,389.36,389.44,389.36,389.44,0.02,113.72,45826.65,1
2024-06-06,2024-06-06 13:23:00,389.44,389.52,389.44,389.52,0.02,113.72,45826.65,1
2024-06-06,2024-06-06 13:24:00,389.52,389.6,389.52,389.6,0.02,113.72,45826.65,1
2024-06-06,2024-06-06 13:25:00,389.6,389.68,389.6,389.68,0.02,113.72,45826.65,1
2024-06-06,2024-06-06 13:26:00,389.68,389.75,389.68,389.75,0.02,113.72,45826.65,1
2024-06-06,2024-06-06 13:27:00,389.75,389.83,389.75,389.83,0.02,113.72,45826.65,1
2024-06-06,2024-06-06 13:28:00,389.83,389.91,389.83,389.91,0.02,113.72,45826.65,1
2024-06-06,2024-06-06 13:29:00,389.91,389.99,389.91,389.99,0.02,113.72,45826.65,1
2024-06-06,2024-06-06 13:30:00,389.99,390.07,389.99,390.07,0.02,113.72,45826.65,1
2024-06-06,2024-06-06 13:31:00,390.07,390.14,390.07,390.14,0.02,113.72,45826.65,1
2024-06-06,2024-06-06 13:32:00,390.14,390.22,390.14,390.22,0.02,113.72,45826.65,1
2024-06-06,2024-06-06 13:33:00,390.22,390.3,390.22,390.3,0.02,113.72,45826.65,1
2024-06-06,2024-06-06 13:34:00,390.3,390.38,390.3,390.38,0.02,113.72,45826.65,1
2024-06-06,2024-06-06 13:35:00,390.38,390.45,390.38,390.45,0.02,113.72,45826.65,1
2024-06-06,2024-06-06 13:36:00,390.45,390.53,390.45,390.53,0.02,113.72,45826.65,1
2024-06-06,2024-06-06 13:37:00,390.53,390.61,390.53,390.61,0.02,113.72,45826.65,1
2024-06-06,2024-06-06 13:38:00,390.61,390.69,390.61,390.69,0.02,113.72,45826.65,1
2024-06-06,2024-06-06 13:39:00,390.69,390.77,390.69,390.77,0.02,113.72,45826.65,1
2024-06-06,2024-06-06 13:40:00,390.77,390.84,390.77,390.84,0.02,113.72,45826.65,1
2024-06-06,2024-06-06 13:41:00,390.84,390.92,390.84,390.92,0.02,113.72,45826.65,1
2024-06-06,2024-06-06 13:42:00,390.92,391.0,390.92,391.0,0.02,113.72,45826.65,1
2024-06-06,2024-06-06 13:43:00,391.0,391.08,391.0,391.08,0.02,113.72,45826.65,1
2024-06-06,2024-06-06 13:44:00,391.08,391.16,391.08,391.16,0.02,113.72,45826.65,1
2024-06-06,2024-06-06 13:45:00,391.16,391.23,391.16,391.23,0.02,113.72,45826.65,1
2024-06-06,2024-06-06 13:46:00,391.23,391.31,391.23,391.31,0.02,113.72,45826.65,1
2024-06-06,2024-06-06 13:47:00,391.31,391.39,391.31,391.39,0.02,113.72,45826.65,1
2024-06-06,2024-06-06 13:48:00,391.39,391.47,391.39,391.47,0.02,113.72,45826.65,1
2024-06-06,2024-06-06 13:49:00,391.47,391.55,391.47,391.55,0.02,113.72,45826.65,1
2024-06-06,2024-06-06 13:50:00,391.55,391.62,391.55,391.62,0.02,113.72,45826.65,1
2024-06-06,2024-06-06 13:51:00,391.62,391.7,391.62,391.7,0.02,113.72,45826.65,1
2024-06-06,2024-06-06 13:52:00,391.7,391.78,391.7,391.78,0.02,113.72,45826.65,1
2024-06-06,2024-06-06 13:53:00,391.78,391.86,391.78,391.86,0.02,113.72,45826.65,1
2024-06-06,2024-06-06 13:54:00,391.86,391.94,391.86,391.94,0.02,113.72,45826.65,1
2024-06-06,2024-06-06 13:55:00,391.94,392.01,391.94,392.01,0.02,113.72,45826.65,1
2024-06-06,2024-06-06 13:56:00,392.01,392.09,392.01,392.09,0.02,113.72,45826.65,1
2024-06-06,2024-06-06 13:57:00,392.09,392.17,392.09,392.17,0.02,113.72,45826.65,1
2024-06-06,2024-06-06 13:58:00,392.17,392.25,392.17,392.25,0.02,113.72,45826.65,1
2024-06-06,2024-06-06 13:59:00,392.25,392.32,392.25,392.32,0.02,113.72,45826.65,1
2024-06-06,2024-06-06 14:00:00,392.32,392.4,392.32,392.4,0.02,113.72,45826.65,1
2024-06-06,2024-06-06 14:01:00,392.4,392.48,392.4,392.48,0.02,113.72,45826.65,1
2024-06-06,2024-06-06 14:02:00,392.48,392.56,392.48,392.56,0.02,113.72,45826.65,1
2024-06-06,2024-06-06 14:03:00,392.56,392.64,392.56,392.64,0.02,113.72,45826.65,1
2024-06-06,2024-06-06 14:04:00,392.64,392.71,392.64,392.71,0.02,113.72,45826.65,1
2024-06-06,2024-06-06 14:05:00,392.71,392.79,392.71,392.79,0.02,113.72,45826.65,1
2024-06-06,2024-06-06 14:06:00,392.79,392.87,392.79,392.87,0.02,113.72,45826.65,1
2024-06-06,2024-06-06 14:07:00,392.87,392.95,392.87,392.95,0.02,113.72,45826.65,1
2024-06-06,2024-06-06 14:08:00,392.95,393.03,392.95,393.03,0.02,113.72,45826.65,1
2024-06-06,2024-06-06 14:09:00,393.03,393.1,393.03,393.1,0.02,113.72,45826.65,1
2024-06-06,2024-06-06 14:10:00,393.1,393.18,393.1,393.18,0.02,113.72,45826.65,1
2024-06-06,2024-06-06 14:11:00,393.18,393.26,393.18,393.26,0.02,113.72,45826.65,1
2024-06-06,2024-06-06 14:12:00,393.26,393.34,393.26,393.34,0.02,113.72,45826.65,1
2024-06-06,2024-06-06 14:13:00,393.34,393.42,393.34,393.42,0.02,113.72,45826.65,1
2024-06-06,2024-06-06 14:14:00,393.42,393.49,393.42,393.49,0.02,113.72,45826.65,1
2024-06-06,2024-06-06 14:15:00,393.49,393.57,393.49,393.57,0.02,113.72,45826.65,1
2024-06-06,2024-06-06 14:16:00,393.57,393.65,393.57,393.65,0.02,113.72,45826.65,1
2024-06-06,2024-06-06 14:17:00,393.65,393.73,393.65,393.73,0.02,113.72,45826.65,1
2024-06-06,2024-06-06 14:18:00,393.73,393.81,393.73,393.81,0.02,113.72,45826.65,1
2024-06-06,2024-06-06 14:19:00,393.81,393.88,393.81,393.88,0.02,113.72,45826.65,1
2024-06-06,2024-06-06 14:20:00,393.88,393.96,393.88,393.96,0.02,113.72,45826.65,1
2024-06-06,2024-06-06 14:21:00,393.96,394.04,393.96,394.04,0.02,113.72,45826.65,1
2024-06-06,2024-06-06 14:22:00,394.04,394.12,394.04,394.12,0.02,113.72,45826.65,1
2024-06-06,2024-06-06 14:23:00,394.12,394.19,394.12,394.19,0.02,113.72,45826.65,1
2024-06-06,2024-06-06 14:24:00,394.19,394.27,394.19,394.27,0.02,113.72,45826.65,1
2024-06-06,2024-06-06 14:25:00,394.27,394.35,394.27,394.35,0.02,113.72,45826.65,1
2024-06-06,2024-06-06 14:26:00,394.35,394.43,394.35,394.43,0.02,113.72,45826.65,1
2024-06-06,2024-06-06 14:27:00,394.43,394.51,394.43,394.51,0.02,113.72,45826.65,1
2024-06-06,2024-06-06 14:28:00,394.51,394.58,394.51,394.58,0.02,113.72,45826.65,1
2024-06-06,2024-06-06 14:29:00,394.58,394.66,394.58,394.66,0.02,113.72,45826.65,1
2024-06-06,2024-06-06 14:30:00,394.66,394.74,394.66,394.74,0.02,113.72,45826.65,1
2024-06-06,2024-06-06 14:31:00,394.74,394.82,394.74,394.82,0.02,113.72,45826.65,1
2024-06-06,2024-06-06 14:32:00,394.82,394.9,394.82,394.9,0.02,113.72,45826.65,1
2024-06-06,2024-06-06 14:33:00,394.9,394.97,394.9,394.97,0.02,113.72,45826.65,1
2024-06-06,2024-06-06 14:34:00,394.97,395.05,394.97,395.05,0.02,113.72,45826.65,1
2024-06-06,2024-06-06 14:35:00,395.05,395.13,395.05,395.13,0.02,113.72,45826.65,1
2024-06-06,2024-06-06 14:36:00,395.13,395.21,395.13,395.21,0.02,113.72,45826.65,1
2024-06-06,2024-06-06 14:37:00,395.21,395.29,395.21,395.29,0.02,113.72,45826.65,1
2024-06-06,2024-06-06 14:38:00,395.29,395.36,395.29,395.36,0.02,113.72,45826.65,1
2024-06-06,2024-06-06 14:39:00,395.36,395.44,395.36,395.44,0.02,113.72,45826.65,1
2024-06-06,2024-06-06 14:40:00,395.44,395.52,395.44,395.52,0.02,113.72,45826.65,1
2024-06-06,2024-06-06 14:41:00,395.52,395.6,395.52,395.6,0.02,113.72,45826.65,1
2024-06-06,2024-06-06 14:42:00,395.6,395.68,395.6,395.68,0.02,113.72,45826.65,1
2024-06-06,2024-06-06 14:43:00,395.68,395.75,395.68,395.75,0.02,113.72,45826.65,1
2024-06-06,2024-06-06 14:44:00,395.75,395.83,395.75,395.83,0.02,113.72,45826.65,1
2024-06-06,2024-06-06 14:45:00,395.83,395.91,395.83,395.91,0.02,113.72,45826.65,1
2024-06-06,2024-06-06 14:46:00,395.91,395.99,395.91,395.99,0.02,113.72,45826.65,1
2024-06-06,2024-06-06 14:47:00,395.99,396.06,395.99,396.06,0.02,113.72,45826.65,1
2024-06-06,2024-06-06 14:48:00,396.06,396.14,396.06,396.14,0.02,113.72,45826.65,1
2024-06-06,2024-06-06 14:49:00,396.14,396.22,396.14,396.22,0.02,113.72,45826.65,1
2024-06-06,2024-06-06 14:50:00,396.22,396.3,396.22,396.3,0.02,113.72,45826.65,1
2024-06-06,2024-06-06 14:51:00,396.3,396.38,396.3,396.38,0.02,113.72,45826.65,1
2024-06-06,2024-06-06 14:52:00,396.38,396.45,396.38,396.45,0.02,113.72,45826.65,1
2024-06-06,2024-06-06 14:53:00,396.45,396.53,396.45,396.53,0.02,113.72,45826.65,1
2024-06-06,2024-06-06 14:54:00,396.53,396.61,396.53,396.61,0.02,113.72,45826.65,1
2024-06-06,2024-06-06 14:55:00,396.61,396.69,396.61,396.69,0.02,113.72,45826.65,1
2024-06-06,2024-06-06 14:56:00,396.69,396.77,396.69,396.77,0.02,113.72,45826.65,1
2024-06-06,2024-06-06 14:57:00,396.77,396.84,396.77,396.84,0.02,113.72,45826.65,1
2024-06-06,2024-06-06 14:58:00,396.84,396.92,396.84,396.92,0.02,113.72,45826.65,1
2024-06-06,2024-06-06 14:59:00,396.92,397.0,396.92,397.0,0.02,113.72,45826.65,1
2024-06-06,2024-06-06 15:00:00,397.0,416.0,378.3,397.0,0.0,113.72,45826.65,0
2024-06-09,2024-06-09 11:00:00,398.0,407.6,398.0,398.1,0.03,316.18,132020.73,1
2024-06-09,2024-06-09 11:01:00,398.1,398.19,398.1,398.19,0.02,316.18,132020.73,1
2024-06-09,2024-06-09 11:02:00,398.19,398.29,398.19,398.29,0.03,316.18,132020.73,1
2024-06-09,2024-06-09 11:03:00,398.29,398.38,398.29,398.38,0.02,316.18,132020.73,1
2024-06-09,2024-06-09 11:04:00,398.38,398.48,398.38,398.48,0.03,316.18,132020.73,1
2024-06-09,2024-06-09 11:05:00,398.48,398.57,398.48,398.57,0.02,316.18,132020.73,1
2024-06-09,2024-06-09 11:06:00,398.57,398.67,398.57,398.67,0.03,316.18,132020.73,1
2024-06-09,2024-06-09 11:07:00,398.67,398.77,398.67,398.77,0.03,316.18,132020.73,1
2024-06-09,2024-06-09 11:08:00,398.77,398.86,398.77,398.86,0.02,316.18,132020.73,1
2024-06-09,2024-06-09 11:09:00,398.86,398.96,398.86,398.96,0.03,316.18,132020.73,1
2024-06-09,2024-06-09 11:10:00,398.96,399.05,398.96,399.05,0.02,316.18,132020.73,1
2024-06-09,2024-06-09 11:11:00,399.05,399.15,399.05,399.15,0.03,316.18,132020.73,1
2024-06-09,2024-06-09 11:12:00,399.15,399.25,399.15,399.25,0.03,316.18,132020.73,1
2024-06-09,2024-06-09 11:13:00,399.25,399.34,399.25,399.34,0.02,316.18,132020.73,1
2024-06-09,2024-06-09 11:14:00,399.34,399.44,399.34,399.44,0.03,316.18,132020.73,1
2024-06-09,2024-06-09 11:15:00,399.44,399.53,399.44,399.53,0.02,316.18,132020.73,1
2024-06-09,2024-06-09 11:16:00,399.53,399.63,399.53,399.63,0.03,316.18,132020.73,1
2024-06-09,2024-06-09 11:17:00,399.63,399.73,399.63,399.73,0.03,316.18,132020.73,1
2024-06-09,2024-06-09 11:18:00,399.73,399.82,399.73,399.82,0.02,316.18,132020.73,1
2024-06-09,2024-06-09 11:19:00,399.82,399.92,399.82,399.92,0.03,316.18,132020.73,1
2024-06-09,2024-06-09 11:20:00,399.92,400.01,399.92,400.01,0.02,316.18,132020.73,1
2024-06-09,2024-06-09 11:21:00,400.01,400.11,400.01,400.11,0.02,316.18,132020.73,1
2024-06-09,2024-06-09 11:22:00,400.11,400.2,400.11,400.2,0.02,316.18,132020.73,1
2024-06-09,2024-06-09 11:23:00,400.2,400.3,400.2,400.3,0.02,316.18,132020.73,1
2024-06-09,2024-06-09 11:24:00,400.3,400.4,400.3,400.4,0.02,316.18,132020.73,1
2024-06-09,2024-06-09 11:25:00,400.4,400.49,400.4,400.49,0.02,316.18,132020.73,1
2024-06-09,2024-06-09 11:26:00,400.49,400.59,400.49,400.59,0.02,316.18,132020.73,1
2024-06-09,2024-06-09 11:27:00,400.59,400.68,400.59,400.68,0.02,316.18,132020.73,1
2024-06-09,2024-06-09 11:28:00,400.68,400.78,400.68,400.78,0.02,316.18,132020.73,1
2024-06-09,2024-06-09 11:29:00,400.78,400.88,400.78,400.88,0.02,316.18,132020.73,1
2024-06-09,2024-06-09 11:30:00,400.88,400.97,400.88,400.97,0.02,316.18,132020.73,1
2024-06-09,2024-06-09 11:31:00,400.97,401.07,400.97,401.07,0.02,316.18,132020.73,1
2024-06-09,2024-06-09 11:32:00,401.07,401.16,401.07,401.16,0.02,316.18,132020.73,1
2024-06-09,2024-06-09 11:33:00,401.16,401.26,401.16,401.26,0.02,316.18,132020.73,1
2024-06-09,2024-06-09 11:34:00,401.26,401.35,401.26,401.35,0.02,316.18,132020.73,1
2024-06-09,2024-06-09 11:35:00,401.35,401.45,401.35,401.45,0.02,316.18,132020.73,1
2024-06-09,2024-06-09 11:36:00,401.45,401.55,401.45,401.55,0.02,316.18,132020.73,1
2024-06-09,2024-06-09 11:37:00,401.55,401.64,401.55,401.64,0.02,316.18,132020.73,1
2024-06-09,2024-06-09 11:38:00,401.64,401.74,401.64,401.74,0.02,316.18,132020.73,1
2024-06-09,2024-06-09 11:39:00,401.74,401.83,401.74,401.83,0.02,316.18,132020.73,1
2024-06-09,2024-06-09 11:40:00,401.83,401.93,401.83,401.93,0.02,316.18,132020.73,1
2024-06-09,2024-06-09 11:41:00,401.93,402.02,401.93,402.02,0.02,316.18,132020.73,1
2024-06-09,2024-06-09 11:42:00,402.02,402.12,402.02,402.12,0.02,316.18,132020.73,1
2024-06-09,2024-06-09 11:43:00,402.12,402.22,402.12,402.22,0.02,316.18,132020.73,1
2024-06-09,2024-06-09 11:44:00,402.22,402.31,402.22,402.31,0.02,316.18,132020.73,1
2024-06-09,2024-06-09 11:45:00,402.31,402.41,402.31,402.41,0.02,316.18,132020.73,1
2024-06-09,2024-06-09 11:46:00,402.41,402.5,402.41,402.5,0.02,316.18,132020.73,1
2024-06-09,2024-06-09 11:47:00,402.5,402.6,402.5,402.6,0.02,316.18,132020.73,1
2024-06-09,2024-06-09 11:48:00,402.6,402.7,402.6,402.7,0.02,316.18,132020.73,1
2024-06-09,2024-06-09 11:49:00,402.7,402.79,402.7,402.79,0.02,316.18,132020.73,1
2024-06-09,2024-06-09 11:50:00,402.79,402.89,402.79,402.89,0.02,316.18,132020.73,1
2024-06-09,2024-06-09 11:51:00,402.89,402.98,402.89,402.98,0.02,316.18,132020.73,1
2024-06-09,2024-06-09 11:52:00,402.98,403.08,402.98,403.08,0.02,316.18,132020.73,1
2024-06-09,2024-06-09 11:53:00,403.08,403.18,403.08,403.18,0.02,316.18,132020.73,1
2024-06-09,2024-06-09 11:54:00,403.18,403.27,403.18,403.27,0.02,316.18,132020.73,1
2024-06-09,2024-06-09 11:55:00,403.27,403.37,403.27,403.37,0.02,316.18,132020.73,1
2024-06-09,2024-06-09 11:56:00,403.37,403.46,403.37,403.46,0.02,316.18,132020.73,1
2024-06-09,2024-06-09 11:57:00,403.46,403.56,403.46,403.56,0.02,316.18,132020.73,1
2024-06-09,2024-06-09 11:58:00,403.56,403.65,403.56,403.65,0.02,316.18,132020.73,1
2024-06-09,2024-06-09 11:59:00,403.65,403.75,403.65,403.75,0.02,316.18,132020.73,1
2024-06-09,2024-06-09 12:00:00,403.75,403.85,403.75,403.85,0.02,316.18,132020.73,1
2024-06-09,2024-06-09 12:01:00,403.85,403.94,403.85,403.94,0.02,316.18,132020.73,1
2024-06-09,2024-06-09 12:02:00,403.94,404.04,403.94,404.04,0.02,316.18,132020.73,1
2024-06-09,2024-06-09 12:03:00,404.04,404.13,404.04,404.13,0.02,316.18,132020.73,1
2024-06-09,2024-06-09 12:04:00,404.13,404.23,404.13,404.23,0.02,316.18,132020.73,1
2024-06-09,2024-06-09 12:05:00,404.23,404.32,404.23,404.32,0.02,316.18,132020.73,1
2024-06-09,2024-06-09 12:06:00,404.32,404.42,404.32,404.42,0.02,316.18,132020.73,1
2024-06-09,2024-06-09 12:07:00,404.42,404.52,404.42,404.52,0.02,316.18,132020.73,1
2024-06-09,2024-06-09 12:08:00,404.52,404.61,404.52,404.61,0.02,316.18,132020.73,1
2024-06-09,2024-06-09 12:09:00,404.61,404.71,404.61,404.71,0.02,316.18,132020.73,1
2024-06-09,2024-06-09 12:10:00,404.71,404.8,404.71,404.8,0.02,316.18,132020.73,1
2024-06-09,2024-06-09 12:11:00,404.8,404.9,404.8,404.9,0.02,316.18,132020.73,1
2024-06-09,2024-06-09 12:12:00,404.9,405.0,404.9,405.0,0.02,316.18,132020.73,1
2024-06-09,2024-06-09 12:13:00,405.0,405.09,405.0,405.09,0.02,316.18,132020.73,1
2024-06-09,2024-06-09 12:14:00,405.09,405.19,405.09,405.19,0.02,316.18,132020.73,1
2024-06-09,2024-06-09 12:15:00,405.19,405.28,405.19,405.28,0.02,316.18,132020.73,1
2024-06-09,2024-06-09 12:16:00,405.28,405.38,405.28,405.38,0.02,316.18,132020.73,1
2024-06-09,2024-06-09 12:17:00,405.38,405.48,405.38,405.48,0.02,316.18,132020.73,1
2024-06-09,2024-06-09 12:18:00,405.48,405.57,405.48,405.57,0.02,316.18,132020.73,1
2024-06-09,2024-06-09 12:19:00,405.57,405.67,405.57,405.67,0.02,316.18,132020.73,1
2024-06-09,2024-06-09 12:20:00,405.67,405.76,405.67,405.76,0.02,316.18,132020.73,1
2024-06-09,2024-06-09 12:21:00,405.76,405.86,405.76,405.86,0.02,316.18,132020.73,1
2024-06-09,2024-06-09 12:22:00,405.86,405.95,405.86,405.95,0.02,316.18,132020.73,1
2024-06-09,2024-06-09 12:23:00,405.95,406.05,405.95,406.05,0.02,316.18,132020.73,1
2024-06-09,2024-06-09 12:24:00,406.05,406.15,406.05,406.15,0.02,316.18,132020.73,1
2024-06-09,2024-06-09 12:25:00,406.15,406.24,406.15,406.24,0.02,316.18,132020.73,1
2024-06-09,2024-06-09 12:26:00,406.24,406.34,406.24,406.34,0.02,316.18,132020.73,1
2024-06-09,2024-06-09 12:27:00,406.34,406.43,406.34,406.43,0.02,316.18,132020.73,1
2024-06-09,2024-06-09 12:28:00,406.43,406.53,406.43,406.53,0.02,316.18,132020.73,1
2024-06-09,2024-06-09 12:29:00,406.53,406.62,406.53,406.62,0.02,316.18,132020.73,1
2024-06-09,2024-06-09 12:30:00,406.62,406.72,406.62,406.72,0.02,316.18,132020.73,1
2024-06-09,2024-06-09 12:31:00,406.72,406.82,406.72,406.82,0.02,316.18,132020.73,1
2024-06-09,2024-06-09 12:32:00,406.82,406.91,406.82,406.91,0.02,316.18,132020.73,1
2024-06-09,2024-06-09 12:33:00,406.91,407.01,406.91,407.01,0.02,316.18,132020.73,1
2024-06-09,2024-06-09 12:34:00,407.01,407.1,407.01,407.1,0.02,316.18,132020.73,1
2024-06-09,2024-06-09 12:35:00,407.1,407.2,407.1,407.2,0.02,316.18,132020.73,1
2024-06-09,2024-06-09 12:36:00,407.2,407.3,407.2,407.3,0.02,316.18,132020.73,1
2024-06-09,2024-06-09 12:37:00,407.3,407.39,407.3,407.39,0.02,316.18,132020.73,1
2024-06-09,2024-06-09 12:38:00,407.39,407.49,407.39,407.49,0.02,316.18,132020.73,1
2024-06-09,2024-06-09 12:39:00,407.49,407.58,407.49,407.58,0.02,316.18,132020.73,1
2024-06-09,2024-06-09 12:40:00,407.58,407.68,407.58,407.68,0.02,316.18,132020.73,1
2024-06-09,2024-06-09 12:41:00,407.68,407.77,407.68,407.77,0.02,316.18,132020.73,1
2024-06-09,2024-06-09 12:42:00,407.77,407.87,407.77,407.87,0.02,316.18,132020.73,1
2024-06-09,2024-06-09 12:43:00,407.87,407.97,407.87,407.97,0.02,316.18,132020.73,1
2024-06-09,2024-06-09 12:44:00,407.97,408.06,407.97,408.06,0.02,316.18,132020.73,1
2024-06-09,2024-06-09 12:45:00,408.06,408.16,408.06,408.16,0.02,316.18,132020.73,1
2024-06-09,2024-06-09 12:46:00,408.16,408.25,408.16,408.25,0.02,316.18,132020.73,1
2024-06-09,2024-06-09 12:47:00,408.25,408.35,408.25,408.35,0.02,316.18,132020.73,1
2024-06-09,2024-06-09 12:48:00,408.35,408.45,408.35,408.45,0.02,316.18,132020.73,1
2024-06-09,2024-06-09 12:49:00,408.45,408.54,408.45,408.54,0.02,316.18,132020.73,1
2024-06-09,2024-06-09 12:50:00,408.54,408.64,408.54,408.64,0.02,316.18,132020.73,1
2024-06-09,2024-06-09 12:51:00,408.64,408.73,408.64,408.73,0.02,316.18,132020.73,1
2024-06-09,2024-06-09 12:52:00,408.73,408.83,408.73,408.83,0.02,316.18,132020.73,1
2024-06-09,2024-06-09 12:53:00,408.83,408.93,408.83,408.93,0.02,316.18,132020.73,1
2024-06-09,2024-06-09 12:54:00,408.93,409.02,408.93,409.02,0.02,316.18,132020.73,1
2024-06-09,2024-06-09 12:55:00,409.02,409.12,409.02,409.12,0.02,316.18,132020.73,1
2024-06-09,2024-06-09 12:56:00,409.12,409.21,409.12,409.21,0.02,316.18,132020.73,1
2024-06-09,2024-06-09 12:57:00,409.21,409.31,409.21,409.31,0.02,316.18,132020.73,1
2024-06-09,2024-06-09 12:58:00,409.31,409.4,409.31,409.4,0.02,316.18,132020.73,1
2024-06-09,2024-06-09 12:59:00,409.4,409.5,409.4,409.5,0.02,316.18,132020.73,1
2024-06-09,2024-06-09 13:00:00,409.5,430.0,398.0,409.6,0.02,316.18,132020.73,1
2024-06-09,2024-06-09 13:01:00,409.6,409.69,409.6,409.69,0.02,316.18,132020.73,1
2024-06-09,2024-06-09 13:02:00,409.69,409.79,409.69,409.79,0.02,316.18,132020.73,1
2024-06-09,2024-06-09 13:03:00,409.79,409.88,409.79,409.88,0.02,316.18,132020.73,1
2024-06-09,2024-06-09 13:04:00,409.88,409.98,409.88,409.98,0.02,316.18,132020.73,1
2024-06-09,2024-06-09 13:05:00,409.98,410.07,409.98,410.07,0.02,316.18,132020.73,1
2024-06-09,2024-06-09 13:06:00,410.07,410.17,410.07,410.17,0.02,316.18,132020.73,1
2024-06-09,2024-06-09 13:07:00,410.17,410.27,410.17,410.27,0.02,316.18,132020.73,1
2024-06-09,2024-06-09 13:08:00,410.27,410.36,410.27,410.36,0.02,316.18,132020.73,1
2024-06-09,2024-06-09 13:09:00,410.36,410.46,410.36,410.46,0.02,316.18,132020.73,1
2024-06-09,2024-06-09 13:10:00,410.46,410.55,410.46,410.55,0.02,316.18,132020.73,1
2024-06-09,2024-06-09 13:11:00,410.55,410.65,410.55,410.65,0.02,316.18,132020.73,1
2024-06-09,2024-06-09 13:12:00,410.65,410.75,410.65,410.75,0.02,316.18,132020.73,1
2024-06-09,2024-06-09 13:13:00,410.75,410.84,410.75,410.84,0.02,316.18,132020.73,1
2024-06-09,2024-06-09 13:14:00,410.84,410.94,410.84,410.94,0.02,316.18,132020.73,1
2024-06-09,2024-06-09 13:15:00,410.94,411.03,410.94,411.03,0.02,316.18,132020.73,1
2024-06-09,2024-06-09 13:16:00,411.03,411.13,411.03,411.13,0.02,316.18,132020.73,1
2024-06-09,2024-06-09 13:17:00,411.13,411.23,411.13,411.23,0.02,316.18,132020.73,1
2024-06-09,2024-06-09 13:18:00,411.23,411.32,411.23,411.32,0.02,316.18,132020.73,1
2024-06-09,2024-06-09 13:19:00,411.32,411.42,411.32,411.42,0.02,316.18,132020.73,1
2024-06-09,2024-06-09 13:20:00,411.42,411.51,411.42,411.51,0.02,316.18,132020.73,1
2024-06-09,2024-06-09 13:21:00,411.51,411.61,411.51,411.61,0.02,316.18,132020.73,1
2024-06-09,2024-06-09 13:22:00,411.61,411.7,411.61,411.7,0.02,316.18,132020.73,1
2024-06-09,2024-06-09 13:23:00,411.7,411.8,411.7,411.8,0.02,316.18,132020.73,1
2024-06-09,2024-06-09 13:24:00,411.8,411.9,411.8,411.9,0.02,316.18,132020.73,1
2024-06-09,2024-06-09 13:25:00,411.9,411.99,411.9,411.99,0.02,316.18,132020.73,1
2024-06-09,2024-06-09 13:26:00,411.99,412.09,411.99,412.09,0.02,316.18,132020.73,1
2024-06-09,2024-06-09 13:27:00,412.09,412.18,412.09,412.18,0.02,316.18,132020.73,1
2024-06-09,2024-06-09 13:28:00,412.18,412.28,412.18,412.28,0.02,316.18,132020.73,1
2024-06-09,2024-06-09 13:29:00,412.28,412.38,412.28,412.38,0.02,316.18,132020.73,1
2024-06-09,2024-06-09 13:30:00,412.38,412.47,412.38,412.47,0.02,316.18,132020.73,1
2024-06-09,2024-06-09 13:31:00,412.47,412.57,412.47,412.57,0.02,316.18,132020.73,1
2024-06-09,2024-06-09 13:32:00,412.57,412.66,412.57,412.66,0.02,316.18,132020.73,1
2024-06-09,2024-06-09 13:33:00,412.66,412.76,412.66,412.76,0.02,316.18,132020.73,1
2024-06-09,2024-06-09 13:34:00,412.76,412.85,412.76,412.85,0.02,316.18,132020.73,1
2024-06-09,2024-06-09 13:35:00,412.85,412.95,412.85,412.95,0.02,316.18,132020.73,1
2024-06-09,2024-06-09 13:36:00,412.95,413.05,412.95,413.05,0.02,316.18,132020.73,1
2024-06-09,2024-06-09 13:37:00,413.05,413.14,413.05,413.14,0.02,316.18,132020.73,1
2024-06-09,2024-06-09 13:38:00,413.14,413.24,413.14,413.24,0.02,316.18,132020.73,1
2024-06-09,2024-06-09 13:39:00,413.24,413.33,413.24,413.33,0.02,316.18,132020.73,1
2024-06-09,2024-06-09 13:40:00,413.33,413.43,413.33,413.43,0.02,316.18,132020.73,1
2024-06-09,2024-06-09 13:41:00,413.43,413.52,413.43,413.52,0.02,316.18,132020.73,1
2024-06-09,2024-06-09 13:42:00,413.52,413.62,413.52,413.62,0.02,316.18,132020.73,1
2024-06-09,2024-06-09 13:43:00,413.62,413.72,413.62,413.72,0.02,316.18,132020.73,1
2024-06-09,2024-06-09 13:44:00,413.72,413.81,413.72,413.81,0.02,316.18,132020.73,1
2024-06-09,2024-06-09 13:45:00,413.81,413.91,413.81,413.91,0.02,316.18,132020.73,1
2024-06-09,2024-06-09 13:46:00,413.91,414.0,413.91,414.0,0.02,316.18,132020.73,1
2024-06-09,2024-06-09 13:47:00,414.0,414.1,414.0,414.1,0.02,316.18,132020.73,1
2024-06-09,2024-06-09 13:48:00,414.1,414.2,414.1,414.2,0.02,316.18,132020.73,1
2024-06-09,2024-06-09 13:49:00,414.2,414.29,414.2,414.29,0.02,316.18,132020.73,1
2024-06-09,2024-06-09 13:50:00,414.29,414.39,414.29,414.39,0.02,316.18,132020.73,1
2024-06-09,2024-06-09 13:51:00,414.39,414.48,414.39,414.48,0.02,316.18,132020.73,1
2024-06-09,2024-06-09 13:52:00,414.48,414.58,414.48,414.58,0.02,316.18,132020.73,1
2024-06-09,2024-06-09 13:53:00,414.58,414.68,414.58,414.68,0.02,316.18,132020.73,1
2024-06-09,2024-06-09 13:54:00,414.68,414.77,414.68,414.77,0.02,316.18,132020.73,1
2024-06-09,2024-06-09 13:55:00,414.77,414.87,414.77,414.87,0.02,316.18,132020.73,1
2024-06-09,2024-06-09 13:56:00,414.87,414.96,414.87,414.96,0.02,316.18,132020.73,1
2024-06-09,2024-06-09 13:57:00,414.96,415.06,414.96,415.06,0.02,316.18,132020.73,1
2024-06-09,2024-06-09 13:58:00,415.06,415.15,415.06,415.15,0.02,316.18,132020.73,1
2024-06-09,2024-06-09 13:59:00,415.15,415.25,415.15,415.25,0.02,316.18,132020.73,1
2024-06-09,2024-06-09 14:00:00,415.25,415.35,415.25,415.35,0.02,316.18,132020.73,1
2024-06-09,2024-06-09 14:01:00,415.35,415.44,415.35,415.44,0.02,316.18,132020.73,1
2024-06-09,2024-06-09 14:02:00,415.44,415.54,415.44,415.54,0.02,316.18,132020.73,1
2024-06-09,2024-06-09 14:03:00,415.54,415.63,415.54,415.63,0.02,316.18,132020.73,1
2024-06-09,2024-06-09 14:04:00,415.63,415.73,415.63,415.73,0.02,316.18,132020.73,1
2024-06-09,2024-06-09 14:05:00,415.73,415.82,415.73,415.82,0.02,316.18,132020.73,1
2024-06-09,2024-06-09 14:06:00,415.82,415.92,415.82,415.92,0.02,316.18,132020.73,1
2024-06-09,2024-06-09 14:07:00,415.92,416.02,415.92,416.02,0.02,316.18,132020.73,1
2024-06-09,2024-06-09 14:08:00,416.02,416.11,416.02,416.11,0.02,316.18,132020.73,1
2024-06-09,2024-06-09 14:09:00,416.11,416.21,416.11,416.21,0.02,316.18,132020.73,1
2024-06-09,2024-06-09 14:10:00,416.21,416.3,416.21,416.3,0.02,316.18,132020.73,1
2024-06-09,2024-06-09 14:11:00,416.3,416.4,416.3,416.4,0.02,316.18,132020.73,1
2024-06-09,2024-06-09 14:12:00,416.4,416.5,416.4,416.5,0.02,316.18,132020.73,1
2024-06-09,2024-06-09 14:13:00,416.5,416.59,416.5,416.59,0.02,316.18,132020.73,1
2024-06-09,2024-06-09 14:14:00,416.59,416.69,416.59,416.69,0.02,316.18,132020.73,1
2024-06-09,2024-06-09 14:15:00,416.69,416.78,416.69,416.78,0.02,316.18,132020.73,1
2024-06-09,2024-06-09 14:16:00,416.78,416.88,416.78,416.88,0.02,316.18,132020.73,1
2024-06-09,2024-06-09 14:17:00,416.88,416.98,416.88,416.98,0.02,316.18,132020.73,1
2024-06-09,2024-06-09 14:18:00,416.98,417.07,416.98,417.07,0.02,316.18,132020.73,1
2024-06-09,2024-06-09 14:19:00,417.07,417.17,417.07,417.17,0.02,316.18,132020.73,1
2024-06-09,2024-06-09 14:20:00,417.17,417.26,417.17,417.26,0.02,316.18,132020.73,1
2024-06-09,2024-06-09 14:21:00,417.26,417.36,417.26,417.36,0.02,316.18,132020.73,1
2024-06-09,2024-06-09 14:22:00,417.36,417.45,417.36,417.45,0.02,316.18,132020.73,1
2024-06-09,2024-06-09 14:23:00,417.45,417.55,417.45,417.55,0.02,316.18,132020.73,1
2024-06-09,2024-06-09 14:24:00,417.55,417.65,417.55,417.65,0.02,316.18,132020.73,1
2024-06-09,2024-06-09 14:25:00,417.65,417.74,417.65,417.74,0.02,316.18,132020.73,1
2024-06-09,2024-06-09 14:26:00,417.74,417.84,417.74,417.84,0.02,316.18,132020.73,1
2024-06-09,2024-06-09 14:27:00,417.84,417.93,417.84,417.93,0.02,316.18,132020.73,1
2024-06-09,2024-06-09 14:28:00,417.93,418.03,417.93,418.03,0.02,316.18,132020.73,1
2024-06-09,2024-06-09 14:29:00,418.03,418.12,418.03,418.12,0.02,316.18,132020.73,1
2024-06-09,2024-06-09 14:30:00,418.12,418.22,418.12,418.22,0.02,316.18,132020.73,1
2024-06-09,2024-06-09 14:31:00,418.22,418.32,418.22,418.32,0.02,316.18,132020.73,1
2024-06-09,2024-06-09 14:32:00,418.32,418.41,418.32,418.41,0.02,316.18,132020.73,1
2024-06-09,2024-06-09 14:33:00,418.41,418.51,418.41,418.51,0.02,316.18,132020.73,1
2024-06-09,2024-06-09 14:34:00,418.51,418.6,418.51,418.6,0.02,316.18,132020.73,1
2024-06-09,2024-06-09 14:35:00,418.6,418.7,418.6,418.7,0.02,316.18,132020.73,1
2024-06-09,2024-06-09 14:36:00,418.7,418.8,418.7,418.8,0.02,316.18,132020.73,1
2024-06-09,2024-06-09 14:37:00,418.8,418.89,418.8,418.89,0.02,316.18,132020.73,1
2024-06-09,2024-06-09 14:38:00,418.89,418.99,418.89,418.99,0.02,316.18,132020.73,1
2024-06-09,2024-06-09 14:39:00,418.99,419.08,418.99,419.08,0.02,316.18,132020.73,1
2024-06-09,2024-06-09 14:40:00,419.08,419.18,419.08,419.18,0.02,316.18,132020.73,1
2024-06-09,2024-06-09 14:41:00,419.18,419.27,419.18,419.27,0.02,316.18,132020.73,1
2024-06-09,2024-06-09 14:42:00,419.27,419.37,419.27,419.37,0.02,316.18,132020.73,1
2024-06-09,2024-06-09 14:43:00,419.37,419.47,419.37,419.47,0.02,316.18,132020.73,1
2024-06-09,2024-06-09 14:44:00,419.47,419.56,419.47,419.56,0.02,316.18,132020.73,1
2024-06-09,2024-06-09 14:45:00,419.56,419.66,419.56,419.66,0.02,316.18,132020.73,1
2024-06-09,2024-06-09 14:46:00,419.66,419.75,419.66,419.75,0.02,316.18,132020.73,1
2024-06-09,2024-06-09 14:47:00,419.75,419.85,419.75,419.85,0.02,316.18,132020.73,1
2024-06-09,2024-06-09 14:48:00,419.85,419.95,419.85,419.95,0.02,316.18,132020.73,1
2024-06-09,2024-06-09 14:49:00,419.95,420.04,419.95,420.04,0.02,316.18,132020.73,1
2024-06-09,2024-06-09 14:50:00,420.04,420.14,420.04,420.14,0.02,316.18,132020.73,1
2024-06-09,2024-06-09 14:51:00,420.14,420.23,420.14,420.23,0.02,316.18,132020.73,1
2024-06-09,2024-06-09 14:52:00,420.23,420.33,420.23,420.33,0.02,316.18,132020.73,1
2024-06-09,2024-06-09 14:53:00,420.33,420.43,420.33,420.43,0.02,316.18,132020.73,1
2024-06-09,2024-06-09 14:54:00,420.43,420.52,420.43,420.52,0.02,316.18,132020.73,1
2024-06-09,2024-06-09 14:55:00,420.52,420.62,420.52,420.62,0.02,316.18,132020.73,1
2024-06-09,2024-06-09 14:56:00,420.62,420.71,420.62,420.71,0.02,316.18,132020.73,1
2024-06-09,2024-06-09 14:57:00,420.71,420.81,420.71,420.81,0.02,316.18,132020.73,1
2024-06-09,2024-06-09 14:58:00,420.81,420.9,420.81,420.9,0.02,316.18,132020.73,1
2024-06-09,2024-06-09 14:59:00,420.9,421.0,420.9,421.0,0.02,316.18,132020.73,1
2024-06-09,2024-06-09 15:00:00,421.0,430.0,398.0,421.0,0.0,316.18,132020.73,0
2024-06-10,2024-06-10 11:00:00,421.0,426.28,420.13,421.03,0.01,212.56,91778.8,1
2024-06-10,2024-06-10 11:01:00,421.03,421.07,421.03,421.07,0.01,212.56,91778.8,1
2024-06-10,2024-06-10 11:02:00,421.07,421.1,421.07,421.1,0.01,212.56,91778.8,1
2024-06-10,2024-06-10 11:03:00,421.1,421.13,421.1,421.13,0.01,212.56,91778.8,1
2024-06-10,2024-06-10 11:04:00,421.13,421.17,421.13,421.17,0.01,212.56,91778.8,1
2024-06-10,2024-06-10 11:05:00,421.17,421.2,421.17,421.2,0.01,212.56,91778.8,1
2024-06-10,2024-06-10 11:06:00,421.2,421.23,421.2,421.23,0.01,212.56,91778.8,1
2024-06-10,2024-06-10 11:07:00,421.23,421.27,421.23,421.27,0.01,212.56,91778.8,1
2024-06-10,2024-06-10 11:08:00,421.27,421.3,421.27,421.3,0.01,212.56,91778.8,1
2024-06-10,2024-06-10 11:09:00,421.3,421.33,421.3,421.33,0.01,212.56,91778.8,1
2024-06-10,2024-06-10 11:10:00,421.33,421.37,421.33,421.37,0.01,212.56,91778.8,1
2024-06-10,2024-06-10 11:11:00,421.37,421.4,421.37,421.4,0.01,212.56,91778.8,1
2024-06-10,2024-06-10 11:12:00,421.4,421.43,421.4,421.43,0.01,212.56,91778.8,1
2024-06-10,2024-06-10 11:13:00,421.43,421.47,421.43,421.47,0.01,212.56,91778.8,1
2024-06-10,2024-06-10 11:14:00,421.47,421.5,421.47,421.5,0.01,212.56,91778.8,1
2024-06-10,2024-06-10 11:15:00,421.5,421.53,421.5,421.53,0.01,212.56,91778.8,1
2024-06-10,2024-06-10 11:16:00,421.53,421.57,421.53,421.57,0.01,212.56,91778.8,1
2024-06-10,2024-06-10 11:17:00,421.57,421.6,421.57,421.6,0.01,212.56,91778.8,1
2024-06-10,2024-06-10 11:18:00,421.6,421.63,421.6,421.63,0.01,212.56,91778.8,1
2024-06-10,2024-06-10 11:19:00,421.63,421.67,421.63,421.67,0.01,212.56,91778.8,1
2024-06-10,2024-06-10 11:20:00,421.67,421.7,421.67,421.7,0.01,212.56,91778.8,1
2024-06-10,2024-06-10 11:21:00,421.7,421.73,421.7,421.73,0.01,212.56,91778.8,1
2024-06-10,2024-06-10 11:22:00,421.73,421.77,421.73,421.77,0.01,212.56,91778.8,1
2024-06-10,2024-06-10 11:23:00,421.77,421.8,421.77,421.8,0.01,212.56,91778.8,1
2024-06-10,2024-06-10 11:24:00,421.8,421.83,421.8,421.83,0.01,212.56,91778.8,1
2024-06-10,2024-06-10 11:25:00,421.83,421.87,421.83,421.87,0.01,212.56,91778.8,1
2024-06-10,2024-06-10 11:26:00,421.87,421.9,421.87,421.9,0.01,212.56,91778.8,1
2024-06-10,2024-06-10 11:27:00,421.9,421.93,421.9,421.93,0.01,212.56,91778.8,1
2024-06-10,2024-06-10 11:28:00,421.93,421.97,421.93,421.97,0.01,212.56,91778.8,1
2024-06-10,2024-06-10 11:29:00,421.97,422.0,421.97,422.0,0.01,212.56,91778.8,1
2024-06-10,2024-06-10 11:30:00,422.0,422.03,422.0,422.03,0.01,212.56,91778.8,1
2024-06-10,2024-06-10 11:31:00,422.03,422.07,422.03,422.07,0.01,212.56,91778.8,1
2024-06-10,2024-06-10 11:32:00,422.07,422.1,422.07,422.1,0.01,212.56,91778.8,1
2024-06-10,2024-06-10 11:33:00,422.1,422.13,422.1,422.13,0.01,212.56,91778.8,1
2024-06-10,2024-06-10 11:34:00,422.13,422.17,422.13,422.17,0.01,212.56,91778.8,1
2024-06-10,2024-06-10 11:35:00,422.17,422.2,422.17,422.2,0.01,212.56,91778.8,1
2024-06-10,2024-06-10 11:36:00,422.2,422.23,422.2,422.23,0.01,212.56,91778.8,1
2024-06-10,2024-06-10 11:37:00,422.23,422.27,422.23,422.27,0.01,212.56,91778.8,1
2024-06-10,2024-06-10 11:38:00,422.27,422.3,422.27,422.3,0.01,212.56,91778.8,1
2024-06-10,2024-06-10 11:39:00,422.3,422.33,422.3,422.33,0.01,212.56,91778.8,1
2024-06-10,2024-06-10 11:40:00,422.33,422.37,422.33,422.37,0.01,212.56,91778.8,1
2024-06-10,2024-06-10 11:41:00,422.37,422.4,422.37,422.4,0.01,212.56,91778.8,1
2024-06-10,2024-06-10 11:42:00,422.4,422.43,422.4,422.43,0.01,212.56,91778.8,1
2024-06-10,2024-06-10 11:43:00,422.43,422.47,422.43,422.47,0.01,212.56,91778.8,1
2024-06-10,2024-06-10 11:44:00,422.47,422.5,422.47,422.5,0.01,212.56,91778.8,1
2024-06-10,2024-06-10 11:45:00,422.5,422.53,422.5,422.53,0.01,212.56,91778.8,1
2024-06-10,2024-06-10 11:46:00,422.53,422.57,422.53,422.57,0.01,212.56,91778.8,1
2024-06-10,2024-06-10 11:47:00,422.57,422.6,422.57,422.6,0.01,212.56,91778.8,1
2024-06-10,2024-06-10 11:48:00,422.6,422.63,422.6,422.63,0.01,212.56,91778.8,1
2024-06-10,2024-06-10 11:49:00,422.63,422.67,422.63,422.67,0.01,212.56,91778.8,1
2024-06-10,2024-06-10 11:50:00,422.67,422.7,422.67,422.7,0.01,212.56,91778.8,1
2024-06-10,2024-06-10 11:51:00,422.7,422.73,422.7,422.73,0.01,212.56,91778.8,1
2024-06-10,2024-06-10 11:52:00,422.73,422.77,422.73,422.77,0.01,212.56,91778.8,1
2024-06-10,2024-06-10 11:53:00,422.77,422.8,422.77,422.8,0.01,212.56,91778.8,1
2024-06-10,2024-06-10 11:54:00,422.8,422.83,422.8,422.83,0.01,212.56,91778.8,1
2024-06-10,2024-06-10 11:55:00,422.83,422.87,422.83,422.87,0.01,212.56,91778.8,1
2024-06-10,2024-06-10 11:56:00,422.87,422.9,422.87,422.9,0.01,212.56,91778.8,1
2024-06-10,2024-06-10 11:57:00,422.9,422.93,422.9,422.93,0.01,212.56,91778.8,1
2024-06-10,2024-06-10 11:58:00,422.93,422.97,422.93,422.97,0.01,212.56,91778.8,1
2024-06-10,2024-06-10 11:59:00,422.97,423.0,422.97,423.0,0.01,212.56,91778.8,1
2024-06-10,2024-06-10 12:00:00,423.0,423.03,423.0,423.03,0.01,212.56,91778.8,1
2024-06-10,2024-06-10 12:01:00,423.03,423.07,423.03,423.07,0.01,212.56,91778.8,1
2024-06-10,2024-06-10 12:02:00,423.07,423.1,423.07,423.1,0.01,212.56,91778.8,1
2024-06-10,2024-06-10 12:03:00,423.1,423.13,423.1,423.13,0.01,212.56,91778.8,1
2024-06-10,2024-06-10 12:04:00,423.13,423.17,423.13,423.17,0.01,212.56,91778.8,1
2024-06-10,2024-06-10 12:05:00,423.17,423.2,423.17,423.2,0.01,212.56,91778.8,1
2024-06-10,2024-06-10 12:06:00,423.2,423.23,423.2,423.23,0.01,212.56,91778.8,1
2024-06-10,2024-06-10 12:07:00,423.23,423.27,423.23,423.27,0.01,212.56,91778.8,1
2024-06-10,2024-06-10 12:08:00,423.27,423.3,423.27,423.3,0.01,212.56,91778.8,1
2024-06-10,2024-06-10 12:09:00,423.3,423.33,423.3,423.33,0.01,212.56,91778.8,1
2024-06-10,2024-06-10 12:10:00,423.33,423.37,423.33,423.37,0.01,212.56,91778.8,1
2024-06-10,2024-06-10 12:11:00,423.37,423.4,423.37,423.4,0.01,212.56,91778.8,1
2024-06-10,2024-06-10 12:12:00,423.4,423.43,423.4,423.43,0.01,212.56,91778.8,1
2024-06-10,2024-06-10 12:13:00,423.43,423.47,423.43,423.47,0.01,212.56,91778.8,1
2024-06-10,2024-06-10 12:14:00,423.47,423.5,423.47,423.5,0.01,212.56,91778.8,1
2024-06-10,2024-06-10 12:15:00,423.5,423.53,423.5,423.53,0.01,212.56,91778.8,1
2024-06-10,2024-06-10 12:16:00,423.53,423.57,423.53,423.57,0.01,212.56,91778.8,1
2024-06-10,2024-06-10 12:17:00,423.57,423.6,423.57,423.6,0.01,212.56,91778.8,1
2024-06-10,2024-06-10 12:18:00,423.6,423.63,423.6,423.63,0.01,212.56,91778.8,1
2024-06-10,2024-06-10 12:19:00,423.63,423.67,423.63,423.67,0.01,212.56,91778.8,1
2024-06-10,2024-06-10 12:20:00,423.67,423.7,423.67,423.7,0.01,212.56,91778.8,1
2024-06-10,2024-06-10 12:21:00,423.7,423.73,423.7,423.73,0.01,212.56,91778.8,1
2024-06-10,2024-06-10 12:22:00,423.73,423.77,423.73,423.77,0.01,212.56,91778.8,1
2024-06-10,2024-06-10 12:23:00,423.77,423.8,423.77,423.8,0.01,212.56,91778.8,1
2024-06-10,2024-06-10 12:24:00,423.8,423.83,423.8,423.83,0.01,212.56,91778.8,1
2024-06-10,2024-06-10 12:25:00,423.83,423.87,423.83,423.87,0.01,212.56,91778.8,1
2024-06-10,2024-06-10 12:26:00,423.87,423.9,423.87,423.9,0.01,212.56,91778.8,1
2024-06-10,2024-06-10 12:27:00,423.9,423.93,423.9,423.93,0.01,212.56,91778.8,1
2024-06-10,2024-06-10 12:28:00,423.93,423.97,423.93,423.97,0.01,212.56,91778.8,1
2024-06-10,2024-06-10 12:29:00,423.97,424.0,423.97,424.0,0.01,212.56,91778.8,1
2024-06-10,2024-06-10 12:30:00,424.0,424.03,424.0,424.03,0.01,212.56,91778.8,1
2024-06-10,2024-06-10 12:31:00,424.03,424.07,424.03,424.07,0.01,212.56,91778.8,1
2024-06-10,2024-06-10 12:32:00,424.07,424.1,424.07,424.1,0.01,212.56,91778.8,1
2024-06-10,2024-06-10 12:33:00,424.1,424.13,424.1,424.13,0.01,212.56,91778.8,1
2024-06-10,2024-06-10 12:34:00,424.13,424.17,424.13,424.17,0.01,212.56,91778.8,1
2024-06-10,2024-06-10 12:35:00,424.17,424.2,424.17,424.2,0.01,212.56,91778.8,1
2024-06-10,2024-06-10 12:36:00,424.2,424.23,424.2,424.23,0.01,212.56,91778.8,1
2024-06-10,2024-06-10 12:37:00,424.23,424.27,424.23,424.27,0.01,212.56,91778.8,1
2024-06-10,2024-06-10 12:38:00,424.27,424.3,424.27,424.3,0.01,212.56,91778.8,1
2024-06-10,2024-06-10 12:39:00,424.3,424.33,424.3,424.33,0.01,212.56,91778.8,1
2024-06-10,2024-06-10 12:40:00,424.33,424.37,424.33,424.37,0.01,212.56,91778.8,1
2024-06-10,2024-06-10 12:41:00,424.37,424.4,424.37,424.4,0.01,212.56,91778.8,1
2024-06-10,2024-06-10 12:42:00,424.4,424.43,424.4,424.43,0.01,212.56,91778.8,1
2024-06-10,2024-06-10 12:43:00,424.43,424.47,424.43,424.47,0.01,212.56,91778.8,1
2024-06-10,2024-06-10 12:44:00,424.47,424.5,424.47,424.5,0.01,212.56,91778.8,1
2024-06-10,2024-06-10 12:45:00,424.5,424.53,424.5,424.53,0.01,212.56,91778.8,1
2024-06-10,2024-06-10 12:46:00,424.53,424.57,424.53,424.57,0.01,212.56,91778.8,1
2024-06-10,2024-06-10 12:47:00,424.57,424.6,424.57,424.6,0.01,212.56,91778.8,1
2024-06-10,2024-06-10 12:48:00,424.6,424.63,424.6,424.63,0.01,212.56,91778.8,1
2024-06-10,2024-06-10 12:49:00,424.63,424.67,424.63,424.67,0.01,212.56,91778.8,1
2024-06-10,2024-06-10 12:50:00,424.67,424.7,424.67,424.7,0.01,212.56,91778.8,1
2024-06-10,2024-06-10 12:51:00,424.7,424.73,424.7,424.73,0.01,212.56,91778.8,1
2024-06-10,2024-06-10 12:52:00,424.73,424.77,424.73,424.77,0.01,212.56,91778.8,1
2024-06-10,2024-06-10 12:53:00,424.77,424.8,424.77,424.8,0.01,212.56,91778.8,1
2024-06-10,2024-06-10 12:54:00,424.8,424.83,424.8,424.83,0.01,212.56,91778.8,1
2024-06-10,2024-06-10 12:55:00,424.83,424.87,424.83,424.87,0.01,212.56,91778.8,1
2024-06-10,2024-06-10 12:56:00,424.87,424.9,424.87,424.9,0.01,212.56,91778.8,1
2024-06-10,2024-06-10 12:57:00,424.9,424.93,424.9,424.93,0.01,212.56,91778.8,1
2024-06-10,2024-06-10 12:58:00,424.93,424.97,424.93,424.97,0.01,212.56,91778.8,1
2024-06-10,2024-06-10 12:59:00,424.97,425.0,424.97,425.0,0.01,212.56,91778.8,1
2024-06-10,2024-06-10 13:00:00,425.0,438.6,418.1,425.03,0.01,212.56,91778.8,1
2024-06-10,2024-06-10 13:01:00,425.03,425.07,425.03,425.07,0.01,212.56,91778.8,1
2024-06-10,2024-06-10 13:02:00,425.07,425.1,425.07,425.1,0.01,212.56,91778.8,1
2024-06-10,2024-06-10 13:03:00,425.1,425.13,425.1,425.13,0.01,212.56,91778.8,1
2024-06-10,2024-06-10 13:04:00,425.13,425.17,425.13,425.17,0.01,212.56,91778.8,1
2024-06-10,2024-06-10 13:05:00,425.17,425.2,425.17,425.2,0.01,212.56,91778.8,1
2024-06-10,2024-06-10 13:06:00,425.2,425.23,425.2,425.23,0.01,212.56,91778.8,1
2024-06-10,2024-06-10 13:07:00,425.23,425.27,425.23,425.27,0.01,212.56,91778.8,1
2024-06-10,2024-06-10 13:08:00,425.27,425.3,425.27,425.3,0.01,212.56,91778.8,1
2024-06-10,2024-06-10 13:09:00,425.3,425.33,425.3,425.33,0.01,212.56,91778.8,1
2024-06-10,2024-06-10 13:10:00,425.33,425.37,425.33,425.37,0.01,212.56,91778.8,1
2024-06-10,2024-06-10 13:11:00,425.37,425.4,425.37,425.4,0.01,212.56,91778.8,1
2024-06-10,2024-06-10 13:12:00,425.4,425.43,425.4,425.43,0.01,212.56,91778.8,1
2024-06-10,2024-06-10 13:13:00,425.43,425.47,425.43,425.47,0.01,212.56,91778.8,1
2024-06-10,2024-06-10 13:14:00,425.47,425.5,425.47,425.5,0.01,212.56,91778.8,1
2024-06-10,2024-06-10 13:15:00,425.5,425.53,425.5,425.53,0.01,212.56,91778.8,1
2024-06-10,2024-06-10 13:16:00,425.53,425.57,425.53,425.57,0.01,212.56,91778.8,1
2024-06-10,2024-06-10 13:17:00,425.57,425.6,425.57,425.6,0.01,212.56,91778.8,1
2024-06-10,2024-06-10 13:18:00,425.6,425.63,425.6,425.63,0.01,212.56,91778.8,1
2024-06-10,2024-06-10 13:19:00,425.63,425.67,425.63,425.67,0.01,212.56,91778.8,1
2024-06-10,2024-06-10 13:20:00,425.67,425.7,425.67,425.7,0.01,212.56,91778.8,1
2024-06-10,2024-06-10 13:21:00,425.7,425.73,425.7,425.73,0.01,212.56,91778.8,1
2024-06-10,2024-06-10 13:22:00,425.73,425.77,425.73,425.77,0.01,212.56,91778.8,1
2024-06-10,2024-06-10 13:23:00,425.77,425.8,425.77,425.8,0.01,212.56,91778.8,1
2024-06-10,2024-06-10 13:24:00,425.8,425.83,425.8,425.83,0.01,212.56,91778.8,1
2024-06-10,2024-06-10 13:25:00,425.83,425.87,425.83,425.87,0.01,212.56,91778.8,1
2024-06-10,2024-06-10 13:26:00,425.87,425.9,425.87,425.9,0.01,212.56,91778.8,1
2024-06-10,2024-06-10 13:27:00,425.9,425.93,425.9,425.93,0.01,212.56,91778.8,1
2024-06-10,2024-06-10 13:28:00,425.93,425.97,425.93,425.97,0.01,212.56,91778.8,1
2024-06-10,2024-06-10 13:29:00,425.97,426.0,425.97,426.0,0.01,212.56,91778.8,1
2024-06-10,2024-06-10 13:30:00,426.0,426.03,426.0,426.03,0.01,212.56,91778.8,1
2024-06-10,2024-06-10 13:31:00,426.03,426.07,426.03,426.07,0.01,212.56,91778.8,1
2024-06-10,2024-06-10 13:32:00,426.07,426.1,426.07,426.1,0.01,212.56,91778.8,1
2024-06-10,2024-06-10 13:33:00,426.1,426.13,426.1,426.13,0.01,212.56,91778.8,1
2024-06-10,2024-06-10 13:34:00,426.13,426.17,426.13,426.17,0.01,212.56,91778.8,1
2024-06-10,2024-06-10 13:35:00,426.17,426.2,426.17,426.2,0.01,212.56,91778.8,1
2024-06-10,2024-06-10 13:36:00,426.2,426.23,426.2,426.23,0.01,212.56,91778.8,1
2024-06-10,2024-06-10 13:37:00,426.23,426.27,426.23,426.27,0.01,212.56,91778.8,1
2024-06-10,2024-06-10 13:38:00,426.27,426.3,426.27,426.3,0.01,212.56,91778.8,1
2024-06-10,2024-06-10 13:39:00,426.3,426.33,426.3,426.33,0.01,212.56,91778.8,1
2024-06-10,2024-06-10 13:40:00,426.33,426.37,426.33,426.37,0.01,212.56,91778.8,1
2024-06-10,2024-06-10 13:41:00,426.37,426.4,426.37,426.4,0.01,212.56,91778.8,1
2024-06-10,2024-06-10 13:42:00,426.4,426.43,426.4,426.43,0.01,212.56,91778.8,1
2024-06-10,2024-06-10 13:43:00,426.43,426.47,426.43,426.47,0.01,212.56,91778.8,1
2024-06-10,2024-06-10 13:44:00,426.47,426.5,426.47,426.5,0.01,212.56,91778.8,1
2024-06-10,2024-06-10 13:45:00,426.5,426.53,426.5,426.53,0.01,212.56,91778.8,1
2024-06-10,2024-06-10 13:46:00,426.53,426.57,426.53,426.57,0.01,212.56,91778.8,1
2024-06-10,2024-06-10 13:47:00,426.57,426.6,426.57,426.6,0.01,212.56,91778.8,1
2024-06-10,2024-06-10 13:48:00,426.6,426.63,426.6,426.63,0.01,212.56,91778.8,1
2024-06-10,2024-06-10 13:49:00,426.63,426.67,426.63,426.67,0.01,212.56,91778.8,1
2024-06-10,2024-06-10 13:50:00,426.67,426.7,426.67,426.7,0.01,212.56,91778.8,1
2024-06-10,2024-06-10 13:51:00,426.7,426.73,426.7,426.73,0.01,212.56,91778.8,1
2024-06-10,2024-06-10 13:52:00,426.73,426.77,426.73,426.77,0.01,212.56,91778.8,1
2024-06-10,2024-06-10 13:53:00,426.77,426.8,426.77,426.8,0.01,212.56,91778.8,1
2024-06-10,2024-06-10 13:54:00,426.8,426.83,426.8,426.83,0.01,212.56,91778.8,1
2024-06-10,2024-06-10 13:55:00,426.83,426.87,426.83,426.87,0.01,212.56,91778.8,1
2024-06-10,2024-06-10 13:56:00,426.87,426.9,426.87,426.9,0.01,212.56,91778.8,1
2024-06-10,2024-06-10 13:57:00,426.9,426.93,426.9,426.93,0.01,212.56,91778.8,1
2024-06-10,2024-06-10 13:58:00,426.93,426.97,426.93,426.97,0.01,212.56,91778.8,1
2024-06-10,2024-06-10 13:59:00,426.97,427.0,426.97,427.0,0.01,212.56,91778.8,1
2024-06-10,2024-06-10 14:00:00,427.0,427.03,427.0,427.03,0.01,212.56,91778.8,1
2024-06-10,2024-06-10 14:01:00,427.03,427.07,427.03,427.07,0.01,212.56,91778.8,1
2024-06-10,2024-06-10 14:02:00,427.07,427.1,427.07,427.1,0.01,212.56,91778.8,1
2024-06-10,2024-06-10 14:03:00,427.1,427.13,427.1,427.13,0.01,212.56,91778.8,1
2024-06-10,2024-06-10 14:04:00,427.13,427.17,427.13,427.17,0.01,212.56,91778.8,1
2024-06-10,2024-06-10 14:05:00,427.17,427.2,427.17,427.2,0.01,212.56,91778.8,1
2024-06-10,2024-06-10 14:06:00,427.2,427.23,427.2,427.23,0.01,212.56,91778.8,1
2024-06-10,2024-06-10 14:07:00,427.23,427.27,427.23,427.27,0.01,212.56,91778.8,1
2024-06-10,2024-06-10 14:08:00,427.27,427.3,427.27,427.3,0.01,212.56,91778.8,1
2024-06-10,2024-06-10 14:09:00,427.3,427.33,427.3,427.33,0.01,212.56,91778.8,1
2024-06-10,2024-06-10 14:10:00,427.33,427.37,427.33,427.37,0.01,212.56,91778.8,1
2024-06-10,2024-06-10 14:11:00,427.37,427.4,427.37,427.4,0.01,212.56,91778.8,1
2024-06-10,2024-06-10 14:12:00,427.4,427.43,427.4,427.43,0.01,212.56,91778.8,1
2024-06-10,2024-06-10 14:13:00,427.43,427.47,427.43,427.47,0.01,212.56,91778.8,1
2024-06-10,2024-06-10 14:14:00,427.47,427.5,427.47,427.5,0.01,212.56,91778.8,1
2024-06-10,2024-06-10 14:15:00,427.5,427.53,427.5,427.53,0.01,212.56,91778.8,1
2024-06-10,2024-06-10 14:16:00,427.53,427.57,427.53,427.57,0.01,212.56,91778.8,1
2024-06-10,2024-06-10 14:17:00,427.57,427.6,427.57,427.6,0.01,212.56,91778.8,1
2024-06-10,2024-06-10 14:18:00,427.6,427.63,427.6,427.63,0.01,212.56,91778.8,1
2024-06-10,2024-06-10 14:19:00,427.63,427.67,427.63,427.67,0.01,212.56,91778.8,1
2024-06-10,2024-06-10 14:20:00,427.67,427.7,427.67,427.7,0.01,212.56,91778.8,1
2024-06-10,2024-06-10 14:21:00,427.7,427.73,427.7,427.73,0.01,212.56,91778.8,1
2024-06-10,2024-06-10 14:22:00,427.73,427.77,427.73,427.77,0.01,212.56,91778.8,1
2024-06-10,2024-06-10 14:23:00,427.77,427.8,427.77,427.8,0.01,212.56,91778.8,1
2024-06-10,2024-06-10 14:24:00,427.8,427.83,427.8,427.83,0.01,212.56,91778.8,1
2024-06-10,2024-06-10 14:25:00,427.83,427.87,427.83,427.87,0.01,212.56,91778.8,1
2024-06-10,2024-06-10 14:26:00,427.87,427.9,427.87,427.9,0.01,212.56,91778.8,1
2024-06-10,2024-06-10 14:27:00,427.9,427.93,427.9,427.93,0.01,212.56,91778.8,1
2024-06-10,2024-06-10 14:28:00,427.93,427.97,427.93,427.97,0.01,212.56,91778.8,1
2024-06-10,2024-06-10 14:29:00,427.97,428.0,427.97,428.0,0.01,212.56,91778.8,1
2024-06-10,2024-06-10 14:30:00,428.0,428.03,428.0,428.03,0.01,212.56,91778.8,1
2024-06-10,2024-06-10 14:31:00,428.03,428.07,428.03,428.07,0.01,212.56,91778.8,1
2024-06-10,2024-06-10 14:32:00,428.07,428.1,428.07,428.1,0.01,212.56,91778.8,1
2024-06-10,2024-06-10 14:33:00,428.1,428.13,428.1,428.13,0.01,212.56,91778.8,1
2024-06-10,2024-06-10 14:34:00,428.13,428.17,428.13,428.17,0.01,212.56,91778.8,1
2024-06-10,2024-06-10 14:35:00,428.17,428.2,428.17,428.2,0.01,212.56,91778.8,1
2024-06-10,2024-06-10 14:36:00,428.2,428.23,428.2,428.23,0.01,212.56,91778.8,1
2024-06-10,2024-06-10 14:37:00,428.23,428.27,428.23,428.27,0.01,212.56,91778.8,1
2024-06-10,2024-06-10 14:38:00,428.27,428.3,428.27,428.3,0.01,212.56,91778.8,1
2024-06-10,2024-06-10 14:39:00,428.3,428.33,428.3,428.33,0.01,212.56,91778.8,1
2024-06-10,2024-06-10 14:40:00,428.33,428.37,428.33,428.37,0.01,212.56,91778.8,1
2024-06-10,2024-06-10 14:41:00,428.37,428.4,428.37,428.4,0.01,212.56,91778.8,1
2024-06-10,2024-06-10 14:42:00,428.4,428.43,428.4,428.43,0.01,212.56,91778.8,1
2024-06-10,2024-06-10 14:43:00,428.43,428.47,428.43,428.47,0.01,212.56,91778.8,1
2024-06-10,2024-06-10 14:44:00,428.47,428.5,428.47,428.5,0.01,212.56,91778.8,1
2024-06-10,2024-06-10 14:45:00,428.5,428.53,428.5,428.53,0.01,212.56,91778.8,1
2024-06-10,2024-06-10 14:46:00,428.53,428.57,428.53,428.57,0.01,212.56,91778.8,1
2024-06-10,2024-06-10 14:47:00,428.57,428.6,428.57,428.6,0.01,212.56,91778.8,1
2024-06-10,2024-06-10 14:48:00,428.6,428.63,428.6,428.63,0.01,212.56,91778.8,1
2024-06-10,2024-06-10 14:49:00,428.63,428.67,428.63,428.67,0.01,212.56,91778.8,1
2024-06-10,2024-06-10 14:50:00,428.67,428.7,428.67,428.7,0.01,212.56,91778.8,1
2024-06-10,2024-06-10 14:51:00,428.7,428.73,428.7,428.73,0.01,212.56,91778.8,1
2024-06-10,2024-06-10 14:52:00,428.73,428.77,428.73,428.77,0.01,212.56,91778.8,1
2024-06-10,2024-06-10 14:53:00,428.77,428.8,428.77,428.8,0.01,212.56,91778.8,1
2024-06-10,2024-06-10 14:54:00,428.8,428.83,428.8,428.83,0.01,212.56,91778.8,1
2024-06-10,2024-06-10 14:55:00,428.83,428.87,428.83,428.87,0.01,212.56,91778.8,1
2024-06-10,2024-06-10 14:56:00,428.87,428.9,428.87,428.9,0.01,212.56,91778.8,1
2024-06-10,2024-06-10 14:57:00,428.9,428.93,428.9,428.93,0.01,212.56,91778.8,1
2024-06-10,2024-06-10 14:58:00,428.93,428.97,428.93,428.97,0.01,212.56,91778.8,1
2024-06-10,2024-06-10 14:59:00,428.97,429.0,428.97,429.0,0.01,212.56,91778.8,1
2024-06-10,2024-06-10 15:00:00,429.0,438.6,418.1,429.0,0.0,212.56,91778.8,0
2024-06-11,2024-06-11 11:00:00,431.0,432.8,426.8,430.97,-0.01,170.69,72755.76,-1
2024-06-11,2024-06-11 11:01:00,430.97,430.97,430.95,430.95,-0.0,170.69,72755.76,-1
2024-06-11,2024-06-11 11:02:00,430.95,430.95,430.92,430.92,-0.01,170.69,72755.76,-1
2024-06-11,2024-06-11 11:03:00,430.92,430.92,430.89,430.89,-0.01,170.69,72755.76,-1
2024-06-11,2024-06-11 11:04:00,430.89,430.89,430.87,430.87,-0.0,170.69,72755.76,-1
2024-06-11,2024-06-11 11:05:00,430.87,430.87,430.84,430.84,-0.01,170.69,72755.76,-1
2024-06-11,2024-06-11 11:06:00,430.84,430.84,430.81,430.81,-0.01,170.69,72755.76,-1
2024-06-11,2024-06-11 11:07:00,430.81,430.81,430.79,430.79,-0.0,170.69,72755.76,-1
2024-06-11,2024-06-11 11:08:00,430.79,430.79,430.76,430.76,-0.01,170.69,72755.76,-1
2024-06-11,2024-06-11 11:09:00,430.76,430.76,430.73,430.73,-0.01,170.69,72755.76,-1
2024-06-11,2024-06-11 11:10:00,430.73,430.73,430.71,430.71,-0.0,170.69,72755.76,-1
2024-06-11,2024-06-11 11:11:00,430.71,430.71,430.68,430.68,-0.01,170.69,72755.76,-1
2024-06-11,2024-06-11 11:12:00,430.68,430.68,430.65,430.65,-0.01,170.69,72755.76,-1
2024-06-11,2024-06-11 11:13:00,430.65,430.65,430.63,430.63,-0.0,170.69,72755.76,-1
2024-06-11,2024-06-11 11:14:00,430.63,430.63,430.6,430.6,-0.01,170.69,72755.76,-1
2024-06-11,2024-06-11 11:15:00,430.6,430.6,430.57,430.57,-0.01,170.69,72755.76,-1
2024-06-11,2024-06-11 11:16:00,430.57,430.57,430.55,430.55,-0.0,170.69,72755.76,-1
2024-06-11,2024-06-11 11:17:00,430.55,430.55,430.52,430.52,-0.01,170.69,72755.76,-1
2024-06-11,2024-06-11 11:18:00,430.52,430.52,430.49,430.49,-0.01,170.69,72755.76,-1
2024-06-11,2024-06-11 11:19:00,430.49,430.49,430.47,430.47,-0.0,170.69,72755.76,-1
2024-06-11,2024-06-11 11:20:00,430.47,430.47,430.44,430.44,-0.01,170.69,72755.76,-1
2024-06-11,2024-06-11 11:21:00,430.44,430.44,430.41,430.41,-0.01,170.69,72755.76,-1
2024-06-11,2024-06-11 11:22:00,430.41,430.41,430.39,430.39,-0.0,170.69,72755.76,-1
2024-06-11,2024-06-11 11:23:00,430.39,430.39,430.36,430.36,-0.01,170.69,72755.76,-1
2024-06-11,2024-06-11 11:24:00,430.36,430.36,430.33,430.33,-0.01,170.69,72755.76,-1
2024-06-11,2024-06-11 11:25:00,430.33,430.33,430.31,430.31,-0.0,170.69,72755.76,-1
2024-06-11,2024-06-11 11:26:00,430.31,430.31,430.28,430.28,-0.01,170.69,72755.76,-1
2024-06-11,2024-06-11 11:27:00,430.28,430.28,430.25,430.25,-0.01,170.69,72755.76,-1
2024-06-11,2024-06-11 11:28:00,430.25,430.25,430.23,430.23,-0.0,170.69,72755.76,-1
2024-06-11,2024-06-11 11:29:00,430.23,430.23,430.2,430.2,-0.01,170.69,72755.76,-1
2024-06-11,2024-06-11 11:30:00,430.2,430.2,430.17,430.17,-0.01,170.69,72755.76,-1
2024-06-11,2024-06-11 11:31:00,430.17,430.17,430.15,430.15,-0.0,170.69,72755.76,-1
2024-06-11,2024-06-11 11:32:00,430.15,430.15,430.12,430.12,-0.01,170.69,72755.76,-1
2024-06-11,2024-06-11 11:33:00,430.12,430.12,430.09,430.09,-0.01,170.69,72755.76,-1
2024-06-11,2024-06-11 11:34:00,430.09,430.09,430.07,430.07,-0.0,170.69,72755.76,-1
2024-06-11,2024-06-11 11:35:00,430.07,430.07,430.04,430.04,-0.01,170.69,72755.76,-1
2024-06-11,2024-06-11 11:36:00,430.04,430.04,430.01,430.01,-0.01,170.69,72755.76,-1
2024-06-11,2024-06-11 11:37:00,430.01,430.01,429.99,429.99,-0.0,170.69,72755.76,-1
2024-06-11,2024-06-11 11:38:00,429.99,429.99,429.96,429.96,-0.01,170.69,72755.76,-1
2024-06-11,2024-06-11 11:39:00,429.96,429.96,429.93,429.93,-0.01,170.69,72755.76,-1
2024-06-11,2024-06-11 11:40:00,429.93,429.93,429.91,429.91,-0.0,170.69,72755.76,-1
2024-06-11,2024-06-11 11:41:00,429.91,429.91,429.88,429.88,-0.01,170.69,72755.76,-1
2024-06-11,2024-06-11 11:42:00,429.88,429.88,429.85,429.85,-0.01,170.69,72755.76,-1
2024-06-11,2024-06-11 11:43:00,429.85,429.85,429.83,429.83,-0.0,170.69,72755.76,-1
2024-06-11,2024-06-11 11:44:00,429.83,429.83,429.8,429.8,-0.01,170.69,72755.76,-1
2024-06-11,2024-06-11 11:45:00,429.8,429.8,429.77,429.77,-0.01,170.69,72755.76,-1
2024-06-11,2024-06-11 11:46:00,429.77,429.77,429.75,429.75,-0.0,170.69,72755.76,-1
2024-06-11,2024-06-11 11:47:00,429.75,429.75,429.72,429.72,-0.01,170.69,72755.76,-1
2024-06-11,2024-06-11 11:48:00,429.72,429.72,429.69,429.69,-0.01,170.69,72755.76,-1
2024-06-11,2024-06-11 11:49:00,429.69,429.69,429.67,429.67,-0.0,170.69,72755.76,-1
2024-06-11,2024-06-11 11:50:00,429.67,429.67,429.64,429.64,-0.01,170.69,72755.76,-1
2024-06-11,2024-06-11 11:51:00,429.64,429.64,429.61,429.61,-0.01,170.69,72755.76,-1
2024-06-11,2024-06-11 11:52:00,429.61,429.61,429.59,429.59,-0.0,170.69,72755.76,-1
2024-06-11,2024-06-11 11:53:00,429.59,429.59,429.56,429.56,-0.01,170.69,72755.76,-1
2024-06-11,2024-06-11 11:54:00,429.56,429.56,429.53,429.53,-0.01,170.69,72755.76,-1
2024-06-11,2024-06-11 11:55:00,429.53,429.53,429.51,429.51,-0.0,170.69,72755.76,-1
2024-06-11,2024-06-11 11:56:00,429.51,429.51,429.48,429.48,-0.01,170.69,72755.76,-1
2024-06-11,2024-06-11 11:57:00,429.48,429.48,429.45,429.45,-0.01,170.69,72755.76,-1
2024-06-11,2024-06-11 11:58:00,429.45,429.45,429.43,429.43,-0.0,170.69,72755.76,-1
2024-06-11,2024-06-11 11:59:00,429.43,429.43,429.4,429.4,-0.01,170.69,72755.76,-1
2024-06-11,2024-06-11 12:00:00,429.4,429.4,429.37,429.37,-0.01,170.69,72755.76,-1
2024-06-11,2024-06-11 12:01:00,429.37,429.37,429.35,429.35,-0.0,170.69,72755.76,-1
2024-06-11,2024-06-11 12:02:00,429.35,429.35,429.32,429.32,-0.01,170.69,72755.76,-1
2024-06-11,2024-06-11 12:03:00,429.32,429.32,429.29,429.29,-0.01,170.69,72755.76,-1
2024-06-11,2024-06-11 12:04:00,429.29,429.29,429.27,429.27,-0.0,170.69,72755.76,-1
2024-06-11,2024-06-11 12:05:00,429.27,429.27,429.24,429.24,-0.01,170.69,72755.76,-1
2024-06-11,2024-06-11 12:06:00,429.24,429.24,429.21,429.21,-0.01,170.69,72755.76,-1
2024-06-11,2024-06-11 12:07:00,429.21,429.21,429.19,429.19,-0.0,170.69,72755.76,-1
2024-06-11,2024-06-11 12:08:00,429.19,429.19,429.16,429.16,-0.01,170.69,72755.76,-1
2024-06-11,2024-06-11 12:09:00,429.16,429.16,429.13,429.13,-0.01,170.69,72755.76,-1
2024-06-11,2024-06-11 12:10:00,429.13,429.13,429.11,429.11,-0.0,170.69,72755.76,-1
2024-06-11,2024-06-11 12:11:00,429.11,429.11,429.08,429.08,-0.01,170.69,72755.76,-1
2024-06-11,2024-06-11 12:12:00,429.08,429.08,429.05,429.05,-0.01,170.69,72755.76,-1
2024-06-11,2024-06-11 12:13:00,429.05,429.05,429.03,429.03,-0.0,170.69,72755.76,-1
2024-06-11,2024-06-11 12:14:00,429.03,429.03,429.0,429.0,-0.01,170.69,72755.76,-1
2024-06-11,2024-06-11 12:15:00,429.0,429.0,428.97,428.97,-0.01,170.69,72755.76,-1
2024-06-11,2024-06-11 12:16:00,428.97,428.97,428.95,428.95,-0.0,170.69,72755.76,-1
2024-06-11,2024-06-11 12:17:00,428.95,428.95,428.92,428.92,-0.01,170.69,72755.76,-1
2024-06-11,2024-06-11 12:18:00,428.92,428.92,428.89,428.89,-0.01,170.69,72755.76,-1
2024-06-11,2024-06-11 12:19:00,428.89,428.89,428.87,428.87,-0.0,170.69,72755.76,-1
2024-06-11,2024-06-11 12:20:00,428.87,428.87,428.84,428.84,-0.01,170.69,72755.76,-1
2024-06-11,2024-06-11 12:21:00,428.84,428.84,428.81,428.81,-0.01,170.69,72755.76,-1
2024-06-11,2024-06-11 12:22:00,428.81,428.81,428.79,428.79,-0.0,170.69,72755.76,-1
2024-06-11,2024-06-11 12:23:00,428.79,428.79,428.76,428.76,-0.01,170.69,72755.76,-1
2024-06-11,2024-06-11 12:24:00,428.76,428.76,428.73,428.73,-0.01,170.69,72755.76,-1
2024-06-11,2024-06-11 12:25:00,428.73,428.73,428.71,428.71,-0.0,170.69,72755.76,-1
2024-06-11,2024-06-11 12:26:00,428.71,428.71,428.68,428.68,-0.01,170.69,72755.76,-1
2024-06-11,2024-06-11 12:27:00,428.68,428.68,428.65,428.65,-0.01,170.69,72755.76,-1
2024-06-11,2024-06-11 12:28:00,428.65,428.65,428.63,428.63,-0.0,170.69,72755.76,-1
2024-06-11,2024-06-11 12:29:00,428.63,428.63,428.6,428.6,-0.01,170.69,72755.76,-1
2024-06-11,2024-06-11 12:30:00,428.6,428.6,428.57,428.57,-0.01,170.69,72755.76,-1
2024-06-11,2024-06-11 12:31:00,428.57,428.57,428.55,428.55,-0.0,170.69,72755.76,-1
2024-06-11,2024-06-11 12:32:00,428.55,428.55,428.52,428.52,-0.01,170.69,72755.76,-1
2024-06-11,2024-06-11 12:33:00,428.52,428.52,428.49,428.49,-0.01,170.69,72755.76,-1
2024-06-11,2024-06-11 12:34:00,428.49,428.49,428.47,428.47,-0.0,170.69,72755.76,-1
2024-06-11,2024-06-11 12:35:00,428.47,428.47,428.44,428.44,-0.01,170.69,72755.76,-1
2024-06-11,2024-06-11 12:36:00,428.44,428.44,428.41,428.41,-0.01,170.69,72755.76,-1
2024-06-11,2024-06-11 12:37:00,428.41,428.41,428.39,428.39,-0.0,170.69,72755.76,-1
2024-06-11,2024-06-11 12:38:00,428.39,428.39,428.36,428.36,-0.01,170.69,72755.76,-1
2024-06-11,2024-06-11 12:39:00,428.36,428.36,428.33,428.33,-0.01,170.69,72755.76,-1
2024-06-11,2024-06-11 12:40:00,428.33,428.33,428.31,428.31,-0.0,170.69,72755.76,-1
2024-06-11,2024-06-11 12:41:00,428.31,428.31,428.28,428.28,-0.01,170.69,72755.76,-1
2024-06-11,2024-06-11 12:42:00,428.28,428.28,428.25,428.25,-0.01,170.69,72755.76,-1
2024-06-11,2024-06-11 12:43:00,428.25,428.25,428.23,428.23,-0.0,170.69,72755.76,-1
2024-06-11,2024-06-11 12:44:00,428.23,428.23,428.2,428.2,-0.01,170.69,72755.76,-1
2024-06-11,2024-06-11 12:45:00,428.2,428.2,428.17,428.17,-0.01,170.69,72755.76,-1
2024-06-11,2024-06-11 12:46:00,428.17,428.17,428.15,428.15,-0.0,170.69,72755.76,-1
2024-06-11,2024-06-11 12:47:00,428.15,428.15,428.12,428.12,-0.01,170.69,72755.76,-1
2024-06-11,2024-06-11 12:48:00,428.12,428.12,428.09,428.09,-0.01,170.69,72755.76,-1
2024-06-11,2024-06-11 12:49:00,428.09,428.09,428.07,428.07,-0.0,170.69,72755.76,-1
2024-06-11,2024-06-11 12:50:00,428.07,428.07,428.04,428.04,-0.01,170.69,72755.76,-1
2024-06-11,2024-06-11 12:51:00,428.04,428.04,428.01,428.01,-0.01,170.69,72755.76,-1
2024-06-11,2024-06-11 12:52:00,428.01,428.01,427.99,427.99,-0.0,170.69,72755.76,-1
2024-06-11,2024-06-11 12:53:00,427.99,427.99,427.96,427.96,-0.01,170.69,72755.76,-1
2024-06-11,2024-06-11 12:54:00,427.96,427.96,427.93,427.93,-0.01,170.69,72755.76,-1
2024-06-11,2024-06-11 12:55:00,427.93,427.93,427.91,427.91,-0.0,170.69,72755.76,-1
2024-06-11,2024-06-11 12:56:00,427.91,427.91,427.88,427.88,-0.01,170.69,72755.76,-1
2024-06-11,2024-06-11 12:57:00,427.88,427.88,427.85,427.85,-0.01,170.69,72755.76,-1
2024-06-11,2024-06-11 12:58:00,427.85,427.85,427.83,427.83,-0.0,170.69,72755.76,-1
2024-06-11,2024-06-11 12:59:00,427.83,427.83,427.8,427.8,-0.01,170.69,72755.76,-1
2024-06-11,2024-06-11 13:00:00,427.8,437.0,417.0,427.77,-0.01,170.69,72755.76,-1
2024-06-11,2024-06-11 13:01:00,427.77,427.77,427.75,427.75,-0.0,170.69,72755.76,-1
2024-06-11,2024-06-11 13:02:00,427.75,427.75,427.72,427.72,-0.01,170.69,72755.76,-1
2024-06-11,2024-06-11 13:03:00,427.72,427.72,427.69,427.69,-0.01,170.69,72755.76,-1
2024-06-11,2024-06-11 13:04:00,427.69,427.69,427.67,427.67,-0.0,170.69,72755.76,-1
2024-06-11,2024-06-11 13:05:00,427.67,427.67,427.64,427.64,-0.01,170.69,72755.76,-1
2024-06-11,2024-06-11 13:06:00,427.64,427.64,427.61,427.61,-0.01,170.69,72755.76,-1
2024-06-11,2024-06-11 13:07:00,427.61,427.61,427.59,427.59,-0.0,170.69,72755.76,-1
2024-06-11,2024-06-11 13:08:00,427.59,427.59,427.56,427.56,-0.01,170.69,72755.76,-1
2024-06-11,2024-06-11 13:09:00,427.56,427.56,427.53,427.53,-0.01,170.69,72755.76,-1
2024-06-11,2024-06-11 13:10:00,427.53,427.53,427.51,427.51,-0.0,170.69,72755.76,-1
2024-06-11,2024-06-11 13:11:00,427.51,427.51,427.48,427.48,-0.01,170.69,72755.76,-1
2024-06-11,2024-06-11 13:12:00,427.48,427.48,427.45,427.45,-0.01,170.69,72755.76,-1
2024-06-11,2024-06-11 13:13:00,427.45,427.45,427.43,427.43,-0.0,170.69,72755.76,-1
2024-06-11,2024-06-11 13:14:00,427.43,427.43,427.4,427.4,-0.01,170.69,72755.76,-1
2024-06-11,2024-06-11 13:15:00,427.4,427.4,427.37,427.37,-0.01,170.69,72755.76,-1
2024-06-11,2024-06-11 13:16:00,427.37,427.37,427.35,427.35,-0.0,170.69,72755.76,-1
2024-06-11,2024-06-11 13:17:00,427.35,427.35,427.32,427.32,-0.01,170.69,72755.76,-1
2024-06-11,2024-06-11 13:18:00,427.32,427.32,427.29,427.29,-0.01,170.69,72755.76,-1
2024-06-11,2024-06-11 13:19:00,427.29,427.29,427.27,427.27,-0.0,170.69,72755.76,-1
2024-06-11,2024-06-11 13:20:00,427.27,427.27,427.24,427.24,-0.01,170.69,72755.76,-1
2024-06-11,2024-06-11 13:21:00,427.24,427.24,427.21,427.21,-0.01,170.69,72755.76,-1
2024-06-11,2024-06-11 13:22:00,427.21,427.21,427.19,427.19,-0.0,170.69,72755.76,-1
2024-06-11,2024-06-11 13:23:00,427.19,427.19,427.16,427.16,-0.01,170.69,72755.76,-1
2024-06-11,2024-06-11 13:24:00,427.16,427.16,427.13,427.13,-0.01,170.69,72755.76,-1
2024-06-11,2024-06-11 13:25:00,427.13,427.13,427.11,427.11,-0.0,170.69,72755.76,-1
2024-06-11,2024-06-11 13:26:00,427.11,427.11,427.08,427.08,-0.01,170.69,72755.76,-1
2024-06-11,2024-06-11 13:27:00,427.08,427.08,427.05,427.05,-0.01,170.69,72755.76,-1
2024-06-11,2024-06-11 13:28:00,427.05,427.05,427.03,427.03,-0.0,170.69,72755.76,-1
2024-06-11,2024-06-11 13:29:00,427.03,427.03,427.0,427.0,-0.01,170.69,72755.76,-1
2024-06-11,2024-06-11 13:30:00,427.0,427.0,426.97,426.97,-0.01,170.69,72755.76,-1
2024-06-11,2024-06-11 13:31:00,426.97,426.97,426.95,426.95,-0.0,170.69,72755.76,-1
2024-06-11,2024-06-11 13:32:00,426.95,426.95,426.92,426.92,-0.01,170.69,72755.76,-1
2024-06-11,2024-06-11 13:33:00,426.92,426.92,426.89,426.89,-0.01,170.69,72755.76,-1
2024-06-11,2024-06-11 13:34:00,426.89,426.89,426.87,426.87,-0.0,170.69,72755.76,-1
2024-06-11,2024-06-11 13:35:00,426.87,426.87,426.84,426.84,-0.01,170.69,72755.76,-1
2024-06-11,2024-06-11 13:36:00,426.84,426.84,426.81,426.81,-0.01,170.69,72755.76,-1
2024-06-11,2024-06-11 13:37:00,426.81,426.81,426.79,426.79,-0.0,170.69,72755.76,-1
2024-06-11,2024-06-11 13:38:00,426.79,426.79,426.76,426.76,-0.01,170.69,72755.76,-1
2024-06-11,2024-06-11 13:39:00,426.76,426.76,426.73,426.73,-0.01,170.69,72755.76,-1
2024-06-11,2024-06-11 13:40:00,426.73,426.73,426.71,426.71,-0.0,170.69,72755.76,-1
2024-06-11,2024-06-11 13:41:00,426.71,426.71,426.68,426.68,-0.01,170.69,72755.76,-1
2024-06-11,2024-06-11 13:42:00,426.68,426.68,426.65,426.65,-0.01,170.69,72755.76,-1
2024-06-11,2024-06-11 13:43:00,426.65,426.65,426.63,426.63,-0.0,170.69,72755.76,-1
2024-06-11,2024-06-11 13:44:00,426.63,426.63,426.6,426.6,-0.01,170.69,72755.76,-1
2024-06-11,2024-06-11 13:45:00,426.6,426.6,426.57,426.57,-0.01,170.69,72755.76,-1
2024-06-11,2024-06-11 13:46:00,426.57,426.57,426.55,426.55,-0.0,170.69,72755.76,-1
2024-06-11,2024-06-11 13:47:00,426.55,426.55,426.52,426.52,-0.01,170.69,72755.76,-1
2024-06-11,2024-06-11 13:48:00,426.52,426.52,426.49,426.49,-0.01,170.69,72755.76,-1
2024-06-11,2024-06-11 13:49:00,426.49,426.49,426.47,426.47,-0.0,170.69,72755.76,-1
2024-06-11,2024-06-11 13:50:00,426.47,426.47,426.44,426.44,-0.01,170.69,72755.76,-1
2024-06-11,2024-06-11 13:51:00,426.44,426.44,426.41,426.41,-0.01,170.69,72755.76,-1
2024-06-11,2024-06-11 13:52:00,426.41,426.41,426.39,426.39,-0.0,170.69,72755.76,-1
2024-06-11,2024-06-11 13:53:00,426.39,426.39,426.36,426.36,-0.01,170.69,72755.76,-1
2024-06-11,2024-06-11 13:54:00,426.36,426.36,426.33,426.33,-0.01,170.69,72755.76,-1
2024-06-11,2024-06-11 13:55:00,426.33,426.33,426.31,426.31,-0.0,170.69,72755.76,-1
2024-06-11,2024-06-11 13:56:00,426.31,426.31,426.28,426.28,-0.01,170.69,72755.76,-1
2024-06-11,2024-06-11 13:57:00,426.28,426.28,426.25,426.25,-0.01,170.69,72755.76,-1
2024-06-11,2024-06-11 13:58:00,426.25,426.25,426.23,426.23,-0.0,170.69,72755.76,-1
2024-06-11,2024-06-11 13:59:00,426.23,426.23,426.2,426.2,-0.01,170.69,72755.76,-1
2024-06-11,2024-06-11 14:00:00,426.2,426.2,426.17,426.17,-0.01,170.69,72755.76,-1
2024-06-11,2024-06-11 14:01:00,426.17,426.17,426.15,426.15,-0.0,170.69,72755.76,-1
2024-06-11,2024-06-11 14:02:00,426.15,426.15,426.12,426.12,-0.01,170.69,72755.76,-1
2024-06-11,2024-06-11 14:03:00,426.12,426.12,426.09,426.09,-0.01,170.69,72755.76,-1
2024-06-11,2024-06-11 14:04:00,426.09,426.09,426.07,426.07,-0.0,170.69,72755.76,-1
2024-06-11,2024-06-11 14:05:00,426.07,426.07,426.04,426.04,-0.01,170.69,72755.76,-1
2024-06-11,2024-06-11 14:06:00,426.04,426.04,426.01,426.01,-0.01,170.69,72755.76,-1
2024-06-11,2024-06-11 14:07:00,426.01,426.01,425.99,425.99,-0.0,170.69,72755.76,-1
2024-06-11,2024-06-11 14:08:00,425.99,425.99,425.96,425.96,-0.01,170.69,72755.76,-1
2024-06-11,2024-06-11 14:09:00,425.96,425.96,425.93,425.93,-0.01,170.69,72755.76,-1
2024-06-11,2024-06-11 14:10:00,425.93,425.93,425.91,425.91,-0.0,170.69,72755.76,-1
2024-06-11,2024-06-11 14:11:00,425.91,425.91,425.88,425.88,-0.01,170.69,72755.76,-1
2024-06-11,2024-06-11 14:12:00,425.88,425.88,425.85,425.85,-0.01,170.69,72755.76,-1
2024-06-11,2024-06-11 14:13:00,425.85,425.85,425.83,425.83,-0.0,170.69,72755.76,-1
2024-06-11,2024-06-11 14:14:00,425.83,425.83,425.8,425.8,-0.01,170.69,72755.76,-1
2024-06-11,2024-06-11 14:15:00,425.8,425.8,425.77,425.77,-0.01,170.69,72755.76,-1
2024-06-11,2024-06-11 14:16:00,425.77,425.77,425.75,425.75,-0.0,170.69,72755.76,-1
2024-06-11,2024-06-11 14:17:00,425.75,425.75,425.72,425.72,-0.01,170.69,72755.76,-1
2024-06-11,2024-06-11 14:18:00,425.72,425.72,425.69,425.69,-0.01,170.69,72755.76,-1
2024-06-11,2024-06-11 14:19:00,425.69,425.69,425.67,425.67,-0.0,170.69,72755.76,-1
2024-06-11,2024-06-11 14:20:00,425.67,425.67,425.64,425.64,-0.01,170.69,72755.76,-1
2024-06-11,2024-06-11 14:21:00,425.64,425.64,425.61,425.61,-0.01,170.69,72755.76,-1
2024-06-11,2024-06-11 14:22:00,425.61,425.61,425.59,425.59,-0.0,170.69,72755.76,-1
2024-06-11,2024-06-11 14:23:00,425.59,425.59,425.56,425.56,-0.01,170.69,72755.76,-1
2024-06-11,2024-06-11 14:24:00,425.56,425.56,425.53,425.53,-0.01,170.69,72755.76,-1
2024-06-11,2024-06-11 14:25:00,425.53,425.53,425.51,425.51,-0.0,170.69,72755.76,-1
2024-06-11,2024-06-11 14:26:00,425.51,425.51,425.48,425.48,-0.01,170.69,72755.76,-1
2024-06-11,2024-06-11 14:27:00,425.48,425.48,425.45,425.45,-0.01,170.69,72755.76,-1
2024-06-11,2024-06-11 14:28:00,425.45,425.45,425.43,425.43,-0.0,170.69,72755.76,-1
2024-06-11,2024-06-11 14:29:00,425.43,425.43,425.4,425.4,-0.01,170.69,72755.76,-1
2024-06-11,2024-06-11 14:30:00,425.4,425.4,425.37,425.37,-0.01,170.69,72755.76,-1
2024-06-11,2024-06-11 14:31:00,425.37,425.37,425.35,425.35,-0.0,170.69,72755.76,-1
2024-06-11,2024-06-11 14:32:00,425.35,425.35,425.32,425.32,-0.01,170.69,72755.76,-1
2024-06-11,2024-06-11 14:33:00,425.32,425.32,425.29,425.29,-0.01,170.69,72755.76,-1
2024-06-11,2024-06-11 14:34:00,425.29,425.29,425.27,425.27,-0.0,170.69,72755.76,-1
2024-06-11,2024-06-11 14:35:00,425.27,425.27,425.24,425.24,-0.01,170.69,72755.76,-1
2024-06-11,2024-06-11 14:36:00,425.24,425.24,425.21,425.21,-0.01,170.69,72755.76,-1
2024-06-11,2024-06-11 14:37:00,425.21,425.21,425.19,425.19,-0.0,170.69,72755.76,-1
2024-06-11,2024-06-11 14:38:00,425.19,425.19,425.16,425.16,-0.01,170.69,72755.76,-1
2024-06-11,2024-06-11 14:39:00,425.16,425.16,425.13,425.13,-0.01,170.69,72755.76,-1
2024-06-11,2024-06-11 14:40:00,425.13,425.13,425.11,425.11,-0.0,170.69,72755.76,-1
2024-06-11,2024-06-11 14:41:00,425.11,425.11,425.08,425.08,-0.01,170.69,72755.76,-1
2024-06-11,2024-06-11 14:42:00,425.08,425.08,425.05,425.05,-0.01,170.69,72755.76,-1
2024-06-11,2024-06-11 14:43:00,425.05,425.05,425.03,425.03,-0.0,170.69,72755.76,-1
2024-06-11,2024-06-11 14:44:00,425.03,425.03,425.0,425.0,-0.01,170.69,72755.76,-1
2024-06-11,2024-06-11 14:45:00,425.0,425.0,424.97,424.97,-0.01,170.69,72755.76,-1
2024-06-11,2024-06-11 14:46:00,424.97,424.97,424.95,424.95,-0.0,170.69,72755.76,-1
2024-06-11,2024-06-11 14:47:00,424.95,424.95,424.92,424.92,-0.01,170.69,72755.76,-1
2024-06-11,2024-06-11 14:48:00,424.92,424.92,424.89,424.89,-0.01,170.69,72755.76,-1
2024-06-11,2024-06-11 14:49:00,424.89,424.89,424.87,424.87,-0.0,170.69,72755.76,-1
2024-06-11,2024-06-11 14:50:00,424.87,424.87,424.84,424.84,-0.01,170.69,72755.76,-1
2024-06-11,2024-06-11 14:51:00,424.84,424.84,424.81,424.81,-0.01,170.69,72755.76,-1
2024-06-11,2024-06-11 14:52:00,424.81,424.81,424.79,424.79,-0.0,170.69,72755.76,-1
2024-06-11,2024-06-11 14:53:00,424.79,424.79,424.76,424.76,-0.01,170.69,72755.76,-1
2024-06-11,2024-06-11 14:54:00,424.76,424.76,424.73,424.73,-0.01,170.69,72755.76,-1
2024-06-11,2024-06-11 14:55:00,424.73,424.73,424.71,424.71,-0.0,170.69,72755.76,-1
2024-06-11,2024-06-11 14:56:00,424.71,424.71,424.68,424.68,-0.01,170.69,72755.76,-1
2024-06-11,2024-06-11 14:57:00,424.68,424.68,424.65,424.65,-0.01,170.69,72755.76,-1
2024-06-11,2024-06-11 14:58:00,424.65,424.65,424.63,424.63,-0.0,170.69,72755.76,-1
2024-06-11,2024-06-11 14:59:00,424.63,424.63,424.6,424.6,-0.01,170.69,72755.76,-1
2024-06-11,2024-06-11 15:00:00,424.6,437.0,417.0,424.6,0.0,170.69,72755.76,0
2024-06-12,2024-06-12 11:00:00,420.0,422.4,416.7,419.96,-0.01,148.26,61769.26,-1
2024-06-12,2024-06-12 11:01:00,419.96,419.96,419.92,419.92,-0.01,148.26,61769.26,-1
2024-06-12,2024-06-12 11:02:00,419.92,419.92,419.89,419.89,-0.01,148.26,61769.26,-1
2024-06-12,2024-06-12 11:03:00,419.89,419.89,419.85,419.85,-0.01,148.26,61769.26,-1
2024-06-12,2024-06-12 11:04:00,419.85,419.85,419.81,419.81,-0.01,148.26,61769.26,-1
2024-06-12,2024-06-12 11:05:00,419.81,419.81,419.77,419.77,-0.01,148.26,61769.26,-1
2024-06-12,2024-06-12 11:06:00,419.77,419.77,419.73,419.73,-0.01,148.26,61769.26,-1
2024-06-12,2024-06-12 11:07:00,419.73,419.73,419.7,419.7,-0.01,148.26,61769.26,-1
2024-06-12,2024-06-12 11:08:00,419.7,419.7,419.66,419.66,-0.01,148.26,61769.26,-1
2024-06-12,2024-06-12 11:09:00,419.66,419.66,419.62,419.62,-0.01,148.26,61769.26,-1
2024-06-12,2024-06-12 11:10:00,419.62,419.62,419.58,419.58,-0.01,148.26,61769.26,-1
2024-06-12,2024-06-12 11:11:00,419.58,419.58,419.55,419.55,-0.01,148.26,61769.26,-1
2024-06-12,2024-06-12 11:12:00,419.55,419.55,419.51,419.51,-0.01,148.26,61769.26,-1
2024-06-12,2024-06-12 11:13:00,419.51,419.51,419.47,419.47,-0.01,148.26,61769.26,-1
2024-06-12,2024-06-12 11:14:00,419.47,419.47,419.43,419.43,-0.01,148.26,61769.26,-1
2024-06-12,2024-06-12 11:15:00,419.43,419.43,419.39,419.39,-0.01,148.26,61769.26,-1
2024-06-12,2024-06-12 11:16:00,419.39,419.39,419.36,419.36,-0.01,148.26,61769.26,-1
2024-06-12,2024-06-12 11:17:00,419.36,419.36,419.32,419.32,-0.01,148.26,61769.26,-1
2024-06-12,2024-06-12 11:18:00,419.32,419.32,419.28,419.28,-0.01,148.26,61769.26,-1
2024-06-12,2024-06-12 11:19:00,419.28,419.28,419.24,419.24,-0.01,148.26,61769.26,-1
2024-06-12,2024-06-12 11:20:00,419.24,419.24,419.2,419.2,-0.01,148.26,61769.26,-1
2024-06-12,2024-06-12 11:21:00,419.2,419.2,419.17,419.17,-0.01,148.26,61769.26,-1
2024-06-12,2024-06-12 11:22:00,419.17,419.17,419.13,419.13,-0.01,148.26,61769.26,-1
2024-06-12,2024-06-12 11:23:00,419.13,419.13,419.09,419.09,-0.01,148.26,61769.26,-1
2024-06-12,2024-06-12 11:24:00,419.09,419.09,419.05,419.05,-0.01,148.26,61769.26,-1
2024-06-12,2024-06-12 11:25:00,419.05,419.05,419.01,419.01,-0.01,148.26,61769.26,-1
2024-06-12,2024-06-12 11:26:00,419.01,419.01,418.98,418.98,-0.01,148.26,61769.26,-1
2024-06-12,2024-06-12 11:27:00,418.98,418.98,418.94,418.94,-0.01,148.26,61769.26,-1
2024-06-12,2024-06-12 11:28:00,418.94,418.94,418.9,418.9,-0.01,148.26,61769.26,-1
2024-06-12,2024-06-12 11:29:00,418.9,418.9,418.86,418.86,-0.01,148.26,61769.26,-1
2024-06-12,2024-06-12 11:30:00,418.86,418.86,418.82,418.82,-0.01,148.26,61769.26,-1
2024-06-12,2024-06-12 11:31:00,418.82,418.82,418.79,418.79,-0.01,148.26,61769.26,-1
2024-06-12,2024-06-12 11:32:00,418.79,418.79,418.75,418.75,-0.01,148.26,61769.26,-1
2024-06-12,2024-06-12 11:33:00,418.75,418.75,418.71,418.71,-0.01,148.26,61769.26,-1
2024-06-12,2024-06-12 11:34:00,418.71,418.71,418.67,418.67,-0.01,148.26,61769.26,-1
2024-06-12,2024-06-12 11:35:00,418.67,418.67,418.63,418.63,-0.01,148.26,61769.26,-1
2024-06-12,2024-06-12 11:36:00,418.63,418.63,418.6,418.6,-0.01,148.26,61769.26,-1
2024-06-12,2024-06-12 11:37:00,418.6,418.6,418.56,418.56,-0.01,148.26,61769.26,-1
2024-06-12,2024-06-12 11:38:00,418.56,418.56,418.52,418.52,-0.01,148.26,61769.26,-1
2024-06-12,2024-06-12 11:39:00,418.52,418.52,418.48,418.48,-0.01,148.26,61769.26,-1
2024-06-12,2024-06-12 11:40:00,418.48,418.48,418.45,418.45,-0.01,148.26,61769.26,-1
2024-06-12,2024-06-12 11:41:00,418.45,418.45,418.41,418.41,-0.01,148.26,61769.26,-1
2024-06-12,2024-06-12 11:42:00,418.41,418.41,418.37,418.37,-0.01,148.26,61769.26,-1
2024-06-12,2024-06-12 11:43:00,418.37,418.37,418.33,418.33,-0.01,148.26,61769.26,-1
2024-06-12,2024-06-12 11:44:00,418.33,418.33,418.29,418.29,-0.01,148.26,61769.26,-1
2024-06-12,2024-06-12 11:45:00,418.29,418.29,418.26,418.26,-0.01,148.26,61769.26,-1
2024-06-12,2024-06-12 11:46:00,418.26,418.26,418.22,418.22,-0.01,148.26,61769.26,-1
2024-06-12,2024-06-12 11:47:00,418.22,418.22,418.18,418.18,-0.01,148.26,61769.26,-1
2024-06-12,2024-06-12 11:48:00,418.18,418.18,418.14,418.14,-0.01,148.26,61769.26,-1
2024-06-12,2024-06-12 11:49:00,418.14,418.14,418.1,418.1,-0.01,148.26,61769.26,-1
2024-06-12,2024-06-12 11:50:00,418.1,418.1,418.07,418.07,-0.01,148.26,61769.26,-1
2024-06-12,2024-06-12 11:51:00,418.07,418.07,418.03,418.03,-0.01,148.26,61769.26,-1
2024-06-12,2024-06-12 11:52:00,418.03,418.03,417.99,417.99,-0.01,148.26,61769.26,-1
2024-06-12,2024-06-12 11:53:00,417.99,417.99,417.95,417.95,-0.01,148.26,61769.26,-1
2024-06-12,2024-06-12 11:54:00,417.95,417.95,417.91,417.91,-0.01,148.26,61769.26,-1
2024-06-12,2024-06-12 11:55:00,417.91,417.91,417.88,417.88,-0.01,148.26,61769.26,-1
2024-06-12,2024-06-12 11:56:00,417.88,417.88,417.84,417.84,-0.01,148.26,61769.26,-1
2024-06-12,2024-06-12 11:57:00,417.84,417.84,417.8,417.8,-0.01,148.26,61769.26,-1
2024-06-12,2024-06-12 11:58:00,417.8,417.8,417.76,417.76,-0.01,148.26,61769.26,-1
2024-06-12,2024-06-12 11:59:00,417.76,417.76,417.73,417.73,-0.01,148.26,61769.26,-1
2024-06-12,2024-06-12 12:00:00,417.73,417.73,417.69,417.69,-0.01,148.26,61769.26,-1
2024-06-12,2024-06-12 12:01:00,417.69,417.69,417.65,417.65,-0.01,148.26,61769.26,-1
2024-06-12,2024-06-12 12:02:00,417.65,417.65,417.61,417.61,-0.01,148.26,61769.26,-1
2024-06-12,2024-06-12 12:03:00,417.61,417.61,417.57,417.57,-0.01,148.26,61769.26,-1
2024-06-12,2024-06-12 12:04:00,417.57,417.57,417.54,417.54,-0.01,148.26,61769.26,-1
2024-06-12,2024-06-12 12:05:00,417.54,417.54,417.5,417.5,-0.01,148.26,61769.26,-1
2024-06-12,2024-06-12 12:06:00,417.5,417.5,417.46,417.46,-0.01,148.26,61769.26,-1
2024-06-12,2024-06-12 12:07:00,417.46,417.46,417.42,417.42,-0.01,148.26,61769.26,-1
2024-06-12,2024-06-12 12:08:00,417.42,417.42,417.38,417.38,-0.01,148.26,61769.26,-1
2024-06-12,2024-06-12 12:09:00,417.38,417.38,417.35,417.35,-0.01,148.26,61769.26,-1
2024-06-12,2024-06-12 12:10:00,417.35,417.35,417.31,417.31,-0.01,148.26,61769.26,-1
2024-06-12,2024-06-12 12:11:00,417.31,417.31,417.27,417.27,-0.01,148.26,61769.26,-1
2024-06-12,2024-06-12 12:12:00,417.27,417.27,417.23,417.23,-0.01,148.26,61769.26,-1
2024-06-12,2024-06-12 12:13:00,417.23,417.23,417.19,417.19,-0.01,148.26,61769.26,-1
2024-06-12,2024-06-12 12:14:00,417.19,417.19,417.16,417.16,-0.01,148.26,61769.26,-1
2024-06-12,2024-06-12 12:15:00,417.16,417.16,417.12,417.12,-0.01,148.26,61769.26,-1
2024-06-12,2024-06-12 12:16:00,417.12,417.12,417.08,417.08,-0.01,148.26,61769.26,-1
2024-06-12,2024-06-12 12:17:00,417.08,417.08,417.04,417.04,-0.01,148.26,61769.26,-1
2024-06-12,2024-06-12 12:18:00,417.04,417.04,417.0,417.0,-0.01,148.26,61769.26,-1
2024-06-12,2024-06-12 12:19:00,417.0,417.0,416.97,416.97,-0.01,148.26,61769.26,-1
2024-06-12,2024-06-12 12:20:00,416.97,416.97,416.93,416.93,-0.01,148.26,61769.26,-1
2024-06-12,2024-06-12 12:21:00,416.93,416.93,416.89,416.89,-0.01,148.26,61769.26,-1
2024-06-12,2024-06-12 12:22:00,416.89,416.89,416.85,416.85,-0.01,148.26,61769.26,-1
2024-06-12,2024-06-12 12:23:00,416.85,416.85,416.81,416.81,-0.01,148.26,61769.26,-1
2024-06-12,2024-06-12 12:24:00,416.81,416.81,416.78,416.78,-0.01,148.26,61769.26,-1
2024-06-12,2024-06-12 12:25:00,416.78,416.78,416.74,416.74,-0.01,148.26,61769.26,-1
2024-06-12,2024-06-12 12:26:00,416.74,416.74,416.7,416.7,-0.01,148.26,61769.26,-1
2024-06-12,2024-06-12 12:27:00,416.7,416.7,416.66,416.66,-0.01,148.26,61769.26,-1
2024-06-12,2024-06-12 12:28:00,416.66,416.66,416.63,416.63,-0.01,148.26,61769.26,-1
2024-06-12,2024-06-12 12:29:00,416.63,416.63,416.59,416.59,-0.01,148.26,61769.26,-1
2024-06-12,2024-06-12 12:30:00,416.59,416.59,416.55,416.55,-0.01,148.26,61769.26,-1
2024-06-12,2024-06-12 12:31:00,416.55,416.55,416.51,416.51,-0.01,148.26,61769.26,-1
2024-06-12,2024-06-12 12:32:00,416.51,416.51,416.47,416.47,-0.01,148.26,61769.26,-1
2024-06-12,2024-06-12 12:33:00,416.47,416.47,416.44,416.44,-0.01,148.26,61769.26,-1
2024-06-12,2024-06-12 12:34:00,416.44,416.44,416.4,416.4,-0.01,148.26,61769.26,-1
2024-06-12,2024-06-12 12:35:00,416.4,416.4,416.36,416.36,-0.01,148.26,61769.26,-1
2024-06-12,2024-06-12 12:36:00,416.36,416.36,416.32,416.32,-0.01,148.26,61769.26,-1
2024-06-12,2024-06-12 12:37:00,416.32,416.32,416.28,416.28,-0.01,148.26,61769.26,-1
2024-06-12,2024-06-12 12:38:00,416.28,416.28,416.25,416.25,-0.01,148.26,61769.26,-1
2024-06-12,2024-06-12 12:39:00,416.25,416.25,416.21,416.21,-0.01,148.26,61769.26,-1
2024-06-12,2024-06-12 12:40:00,416.21,416.21,416.17,416.17,-0.01,148.26,61769.26,-1
2024-06-12,2024-06-12 12:41:00,416.17,416.17,416.13,416.13,-0.01,148.26,61769.26,-1
2024-06-12,2024-06-12 12:42:00,416.13,416.13,416.09,416.09,-0.01,148.26,61769.26,-1
2024-06-12,2024-06-12 12:43:00,416.09,416.09,416.06,416.06,-0.01,148.26,61769.26,-1
2024-06-12,2024-06-12 12:44:00,416.06,416.06,416.02,416.02,-0.01,148.26,61769.26,-1
2024-06-12,2024-06-12 12:45:00,416.02,416.02,415.98,415.98,-0.01,148.26,61769.26,-1
2024-06-12,2024-06-12 12:46:00,415.98,415.98,415.94,415.94,-0.01,148.26,61769.26,-1
2024-06-12,2024-06-12 12:47:00,415.94,415.94,415.9,415.9,-0.01,148.26,61769.26,-1
2024-06-12,2024-06-12 12:48:00,415.9,415.9,415.87,415.87,-0.01,148.26,61769.26,-1
2024-06-12,2024-06-12 12:49:00,415.87,415.87,415.83,415.83,-0.01,148.26,61769.26,-1
2024-06-12,2024-06-12 12:50:00,415.83,415.83,415.79,415.79,-0.01,148.26,61769.26,-1
2024-06-12,2024-06-12 12:51:00,415.79,415.79,415.75,415.75,-0.01,148.26,61769.26,-1
2024-06-12,2024-06-12 12:52:00,415.75,415.75,415.72,415.72,-0.01,148.26,61769.26,-1
2024-06-12,2024-06-12 12:53:00,415.72,415.72,415.68,415.68,-0.01,148.26,61769.26,-1
2024-06-12,2024-06-12 12:54:00,415.68,415.68,415.64,415.64,-0.01,148.26,61769.26,-1
2024-06-12,2024-06-12 12:55:00,415.64,415.64,415.6,415.6,-0.01,148.26,61769.26,-1
2024-06-12,2024-06-12 12:56:00,415.6,415.6,415.56,415.56,-0.01,148.26,61769.26,-1
2024-06-12,2024-06-12 12:57:00,415.56,415.56,415.53,415.53,-0.01,148.26,61769.26,-1
2024-06-12,2024-06-12 12:58:00,415.53,415.53,415.49,415.49,-0.01,148.26,61769.26,-1
2024-06-12,2024-06-12 12:59:00,415.49,415.49,415.45,415.45,-0.01,148.26,61769.26,-1
2024-06-12,2024-06-12 13:00:00,415.45,428.0,409.0,415.41,-0.01,148.26,61769.26,-1
2024-06-12,2024-06-12 13:01:00,415.41,415.41,415.37,415.37,-0.01,148.26,61769.26,-1
2024-06-12,2024-06-12 13:02:00,415.37,415.37,415.34,415.34,-0.01,148.26,61769.26,-1
2024-06-12,2024-06-12 13:03:00,415.34,415.34,415.3,415.3,-0.01,148.26,61769.26,-1
2024-06-12,2024-06-12 13:04:00,415.3,415.3,415.26,415.26,-0.01,148.26,61769.26,-1
2024-06-12,2024-06-12 13:05:00,415.26,415.26,415.22,415.22,-0.01,148.26,61769.26,-1
2024-06-12,2024-06-12 13:06:00,415.22,415.22,415.18,415.18,-0.01,148.26,61769.26,-1
2024-06-12,2024-06-12 13:07:00,415.18,415.18,415.15,415.15,-0.01,148.26,61769.26,-1
2024-06-12,2024-06-12 13:08:00,415.15,415.15,415.11,415.11,-0.01,148.26,61769.26,-1
2024-06-12,2024-06-12 13:09:00,415.11,415.11,415.07,415.07,-0.01,148.26,61769.26,-1
2024-06-12,2024-06-12 13:10:00,415.07,415.07,415.03,415.03,-0.01,148.26,61769.26,-1
2024-06-12,2024-06-12 13:11:00,415.03,415.03,415.0,415.0,-0.01,148.26,61769.26,-1
2024-06-12,2024-06-12 13:12:00,415.0,415.0,414.96,414.96,-0.01,148.26,61769.26,-1
2024-06-12,2024-06-12 13:13:00,414.96,414.96,414.92,414.92,-0.01,148.26,61769.26,-1
2024-06-12,2024-06-12 13:14:00,414.92,414.92,414.88,414.88,-0.01,148.26,61769.26,-1
2024-06-12,2024-06-12 13:15:00,414.88,414.88,414.84,414.84,-0.01,148.26,61769.26,-1
2024-06-12,2024-06-12 13:16:00,414.84,414.84,414.81,414.81,-0.01,148.26,61769.26,-1
2024-06-12,2024-06-12 13:17:00,414.81,414.81,414.77,414.77,-0.01,148.26,61769.26,-1
2024-06-12,2024-06-12 13:18:00,414.77,414.77,414.73,414.73,-0.01,148.26,61769.26,-1
2024-06-12,2024-06-12 13:19:00,414.73,414.73,414.69,414.69,-0.01,148.26,61769.26,-1
2024-06-12,2024-06-12 13:20:00,414.69,414.69,414.65,414.65,-0.01,148.26,61769.26,-1
2024-06-12,2024-06-12 13:21:00,414.65,414.65,414.62,414.62,-0.01,148.26,61769.26,-1
2024-06-12,2024-06-12 13:22:00,414.62,414.62,414.58,414.58,-0.01,148.26,61769.26,-1
2024-06-12,2024-06-12 13:23:00,414.58,414.58,414.54,414.54,-0.01,148.26,61769.26,-1
2024-06-12,2024-06-12 13:24:00,414.54,414.54,414.5,414.5,-0.01,148.26,61769.26,-1
2024-06-12,2024-06-12 13:25:00,414.5,414.5,414.46,414.46,-0.01,148.26,61769.26,-1
2024-06-12,2024-06-12 13:26:00,414.46,414.46,414.43,414.43,-0.01,148.26,61769.26,-1
2024-06-12,2024-06-12 13:27:00,414.43,414.43,414.39,414.39,-0.01,148.26,61769.26,-1
2024-06-12,2024-06-12 13:28:00,414.39,414.39,414.35,414.35,-0.01,148.26,61769.26,-1
2024-06-12,2024-06-12 13:29:00,414.35,414.35,414.31,414.31,-0.01,148.26,61769.26,-1
2024-06-12,2024-06-12 13:30:00,414.31,414.31,414.27,414.27,-0.01,148.26,61769.26,-1
2024-06-12,2024-06-12 13:31:00,414.27,414.27,414.24,414.24,-0.01,148.26,61769.26,-1
2024-06-12,2024-06-12 13:32:00,414.24,414.24,414.2,414.2,-0.01,148.26,61769.26,-1
2024-06-12,2024-06-12 13:33:00,414.2,414.2,414.16,414.16,-0.01,148.26,61769.26,-1
2024-06-12,2024-06-12 13:34:00,414.16,414.16,414.12,414.12,-0.01,148.26,61769.26,-1
2024-06-12,2024-06-12 13:35:00,414.12,414.12,414.08,414.08,-0.01,148.26,61769.26,-1
2024-06-12,2024-06-12 13:36:00,414.08,414.08,414.05,414.05,-0.01,148.26,61769.26,-1
2024-06-12,2024-06-12 13:37:00,414.05,414.05,414.01,414.01,-0.01,148.26,61769.26,-1
2024-06-12,2024-06-12 13:38:00,414.01,414.01,413.97,413.97,-0.01,148.26,61769.26,-1
2024-06-12,2024-06-12 13:39:00,413.97,413.97,413.93,413.93,-0.01,148.26,61769.26,-1
2024-06-12,2024-06-12 13:40:00,413.93,413.93,413.9,413.9,-0.01,148.26,61769.26,-1
2024-06-12,2024-06-12 13:41:00,413.9,413.9,413.86,413.86,-0.01,148.26,61769.26,-1
2024-06-12,2024-06-12 13:42:00,413.86,413.86,413.82,413.82,-0.01,148.26,61769.26,-1
2024-06-12,2024-06-12 13:43:00,413.82,413.82,413.78,413.78,-0.01,148.26,61769.26,-1
2024-06-12,2024-06-12 13:44:00,413.78,413.78,413.74,413.74,-0.01,148.26,61769.26,-1
2024-06-12,2024-06-12 13:45:00,413.74,413.74,413.71,413.71,-0.01,148.26,61769.26,-1
2024-06-12,2024-06-12 13:46:00,413.71,413.71,413.67,413.67,-0.01,148.26,61769.26,-1
2024-06-12,2024-06-12 13:47:00,413.67,413.67,413.63,413.63,-0.01,148.26,61769.26,-1
2024-06-12,2024-06-12 13:48:00,413.63,413.63,413.59,413.59,-0.01,148.26,61769.26,-1
2024-06-12,2024-06-12 13:49:00,413.59,413.59,413.55,413.55,-0.01,148.26,61769.26,-1
2024-06-12,2024-06-12 13:50:00,413.55,413.55,413.52,413.52,-0.01,148.26,61769.26,-1
2024-06-12,2024-06-12 13:51:00,413.52,413.52,413.48,413.48,-0.01,148.26,61769.26,-1
2024-06-12,2024-06-12 13:52:00,413.48,413.48,413.44,413.44,-0.01,148.26,61769.26,-1
2024-06-12,2024-06-12 13:53:00,413.44,413.44,413.4,413.4,-0.01,148.26,61769.26,-1
2024-06-12,2024-06-12 13:54:00,413.4,413.4,413.36,413.36,-0.01,148.26,61769.26,-1
2024-06-12,2024-06-12 13:55:00,413.36,413.36,413.33,413.33,-0.01,148.26,61769.26,-1
2024-06-12,2024-06-12 13:56:00,413.33,413.33,413.29,413.29,-0.01,148.26,61769.26,-1
2024-06-12,2024-06-12 13:57:00,413.29,413.29,413.25,413.25,-0.01,148.26,61769.26,-1
2024-06-12,2024-06-12 13:58:00,413.25,413.25,413.21,413.21,-0.01,148.26,61769.26,-1
2024-06-12,2024-06-12 13:59:00,413.21,413.21,413.17,413.17,-0.01,148.26,61769.26,-1
2024-06-12,2024-06-12 14:00:00,413.17,413.17,413.14,413.14,-0.01,148.26,61769.26,-1
2024-06-12,2024-06-12 14:01:00,413.14,413.14,413.1,413.1,-0.01,148.26,61769.26,-1
2024-06-12,2024-06-12 14:02:00,413.1,413.1,413.06,413.06,-0.01,148.26,61769.26,-1
2024-06-12,2024-06-12 14:03:00,413.06,413.06,413.02,413.02,-0.01,148.26,61769.26,-1
2024-06-12,2024-06-12 14:04:00,413.02,413.02,412.99,412.99,-0.01,148.26,61769.26,-1
2024-06-12,2024-06-12 14:05:00,412.99,412.99,412.95,412.95,-0.01,148.26,61769.26,-1
2024-06-12,2024-06-12 14:06:00,412.95,412.95,412.91,412.91,-0.01,148.26,61769.26,-1
2024-06-12,2024-06-12 14:07:00,412.91,412.91,412.87,412.87,-0.01,148.26,61769.26,-1
2024-06-12,2024-06-12 14:08:00,412.87,412.87,412.83,412.83,-0.01,148.26,61769.26,-1
2024-06-12,2024-06-12 14:09:00,412.83,412.83,412.8,412.8,-0.01,148.26,61769.26,-1
2024-06-12,2024-06-12 14:10:00,412.8,412.8,412.76,412.76,-0.01,148.26,61769.26,-1
2024-06-12,2024-06-12 14:11:00,412.76,412.76,412.72,412.72,-0.01,148.26,61769.26,-1
2024-06-12,2024-06-12 14:12:00,412.72,412.72,412.68,412.68,-0.01,148.26,61769.26,-1
2024-06-12,2024-06-12 14:13:00,412.68,412.68,412.64,412.64,-0.01,148.26,61769.26,-1
2024-06-12,2024-06-12 14:14:00,412.64,412.64,412.61,412.61,-0.01,148.26,61769.26,-1
2024-06-12,2024-06-12 14:15:00,412.61,412.61,412.57,412.57,-0.01,148.26,61769.26,-1
2024-06-12,2024-06-12 14:16:00,412.57,412.57,412.53,412.53,-0.01,148.26,61769.26,-1
2024-06-12,2024-06-12 14:17:00,412.53,412.53,412.49,412.49,-0.01,148.26,61769.26,-1
2024-06-12,2024-06-12 14:18:00,412.49,412.49,412.45,412.45,-0.01,148.26,61769.26,-1
2024-06-12,2024-06-12 14:19:00,412.45,412.45,412.42,412.42,-0.01,148.26,61769.26,-1
2024-06-12,2024-06-12 14:20:00,412.42,412.42,412.38,412.38,-0.01,148.26,61769.26,-1
2024-06-12,2024-06-12 14:21:00,412.38,412.38,412.34,412.34,-0.01,148.26,61769.26,-1
2024-06-12,2024-06-12 14:22:00,412.34,412.34,412.3,412.3,-0.01,148.26,61769.26,-1
2024-06-12,2024-06-12 14:23:00,412.3,412.3,412.26,412.26,-0.01,148.26,61769.26,-1
2024-06-12,2024-06-12 14:24:00,412.26,412.26,412.23,412.23,-0.01,148.26,61769.26,-1
2024-06-12,2024-06-12 14:25:00,412.23,412.23,412.19,412.19,-0.01,148.26,61769.26,-1
2024-06-12,2024-06-12 14:26:00,412.19,412.19,412.15,412.15,-0.01,148.26,61769.26,-1
2024-06-12,2024-06-12 14:27:00,412.15,412.15,412.11,412.11,-0.01,148.26,61769.26,-1
2024-06-12,2024-06-12 14:28:00,412.11,412.11,412.08,412.08,-0.01,148.26,61769.26,-1
2024-06-12,2024-06-12 14:29:00,412.08,412.08,412.04,412.04,-0.01,148.26,61769.26,-1
2024-06-12,2024-06-12 14:30:00,412.04,412.04,412.0,412.0,-0.01,148.26,61769.26,-1
2024-06-12,2024-06-12 14:31:00,412.0,412.0,411.96,411.96,-0.01,148.26,61769.26,-1
2024-06-12,2024-06-12 14:32:00,411.96,411.96,411.92,411.92,-0.01,148.26,61769.26,-1
2024-06-12,2024-06-12 14:33:00,411.92,411.92,411.89,411.89,-0.01,148.26,61769.26,-1
2024-06-12,2024-06-12 14:34:00,411.89,411.89,411.85,411.85,-0.01,148.26,61769.26,-1
2024-06-12,2024-06-12 14:35:00,411.85,411.85,411.81,411.81,-0.01,148.26,61769.26,-1
2024-06-12,2024-06-12 14:36:00,411.81,411.81,411.77,411.77,-0.01,148.26,61769.26,-1
2024-06-12,2024-06-12 14:37:00,411.77,411.77,411.73,411.73,-0.01,148.26,61769.26,-1
2024-06-12,2024-06-12 14:38:00,411.73,411.73,411.7,411.7,-0.01,148.26,61769.26,-1
2024-06-12,2024-06-12 14:39:00,411.7,411.7,411.66,411.66,-0.01,148.26,61769.26,-1
2024-06-12,2024-06-12 14:40:00,411.66,411.66,411.62,411.62,-0.01,148.26,61769.26,-1
2024-06-12,2024-06-12 14:41:00,411.62,411.62,411.58,411.58,-0.01,148.26,61769.26,-1
2024-06-12,2024-06-12 14:42:00,411.58,411.58,411.54,411.54,-0.01,148.26,61769.26,-1
2024-06-12,2024-06-12 14:43:00,411.54,411.54,411.51,411.51,-0.01,148.26,61769.26,-1
2024-06-12,2024-06-12 14:44:00,411.51,411.51,411.47,411.47,-0.01,148.26,61769.26,-1
2024-06-12,2024-06-12 14:45:00,411.47,411.47,411.43,411.43,-0.01,148.26,61769.26,-1
2024-06-12,2024-06-12 14:46:00,411.43,411.43,411.39,411.39,-0.01,148.26,61769.26,-1
2024-06-12,2024-06-12 14:47:00,411.39,411.39,411.35,411.35,-0.01,148.26,61769.26,-1
2024-06-12,2024-06-12 14:48:00,411.35,411.35,411.32,411.32,-0.01,148.26,61769.26,-1
2024-06-12,2024-06-12 14:49:00,411.32,411.32,411.28,411.28,-0.01,148.26,61769.26,-1
2024-06-12,2024-06-12 14:50:00,411.28,411.28,411.24,411.24,-0.01,148.26,61769.26,-1
2024-06-12,2024-06-12 14:51:00,411.24,411.24,411.2,411.2,-0.01,148.26,61769.26,-1
2024-06-12,2024-06-12 14:52:00,411.2,411.2,411.17,411.17,-0.01,148.26,61769.26,-1
2024-06-12,2024-06-12 14:53:00,411.17,411.17,411.13,411.13,-0.01,148.26,61769.26,-1
2024-06-12,2024-06-12 14:54:00,411.13,411.13,411.09,411.09,-0.01,148.26,61769.26,-1
2024-06-12,2024-06-12 14:55:00,411.09,411.09,411.05,411.05,-0.01,148.26,61769.26,-1
2024-06-12,2024-06-12 14:56:00,411.05,411.05,411.01,411.01,-0.01,148.26,61769.26,-1
2024-06-12,2024-06-12 14:57:00,411.01,411.01,410.98,410.98,-0.01,148.26,61769.26,-1
2024-06-12,2024-06-12 14:58:00,410.98,410.98,410.94,410.94,-0.01,148.26,61769.26,-1
2024-06-12,2024-06-12 14:59:00,410.94,410.94,410.9,410.9,-0.01,148.26,61769.26,-1
2024-06-12,2024-06-12 15:00:00,410.9,428.0,409.0,410.9,0.0,148.26,61769.26,0
2024-06-13,2024-06-13 11:00:00,406.0,412.0,406.0,406.04,0.01,106.98,44344.01,1
2024-06-13,2024-06-13 11:01:00,406.04,406.08,406.04,406.08,0.01,106.98,44344.01,1
2024-06-13,2024-06-13 11:02:00,406.08,406.12,406.08,406.12,0.01,106.98,44344.01,1
2024-06-13,2024-06-13 11:03:00,406.12,406.17,406.12,406.17,0.01,106.98,44344.01,1
2024-06-13,2024-06-13 11:04:00,406.17,406.21,406.17,406.21,0.01,106.98,44344.01,1
2024-06-13,2024-06-13 11:05:00,406.21,406.25,406.21,406.25,0.01,106.98,44344.01,1
2024-06-13,2024-06-13 11:06:00,406.25,406.29,406.25,406.29,0.01,106.98,44344.01,1
2024-06-13,2024-06-13 11:07:00,406.29,406.33,406.29,406.33,0.01,106.98,44344.01,1
2024-06-13,2024-06-13 11:08:00,406.33,406.38,406.33,406.38,0.01,106.98,44344.01,1
2024-06-13,2024-06-13 11:09:00,406.38,406.42,406.38,406.42,0.01,106.98,44344.01,1
2024-06-13,2024-06-13 11:10:00,406.42,406.46,406.42,406.46,0.01,106.98,44344.01,1
2024-06-13,2024-06-13 11:11:00,406.46,406.5,406.46,406.5,0.01,106.98,44344.01,1
2024-06-13,2024-06-13 11:12:00,406.5,406.54,406.5,406.54,0.01,106.98,44344.01,1
2024-06-13,2024-06-13 11:13:00,406.54,406.58,406.54,406.58,0.01,106.98,44344.01,1
2024-06-13,2024-06-13 11:14:00,406.58,406.62,406.58,406.62,0.01,106.98,44344.01,1
2024-06-13,2024-06-13 11:15:00,406.62,406.67,406.62,406.67,0.01,106.98,44344.01,1
2024-06-13,2024-06-13 11:16:00,406.67,406.71,406.67,406.71,0.01,106.98,44344.01,1
2024-06-13,2024-06-13 11:17:00,406.71,406.75,406.71,406.75,0.01,106.98,44344.01,1
2024-06-13,2024-06-13 11:18:00,406.75,406.79,406.75,406.79,0.01,106.98,44344.01,1
2024-06-13,2024-06-13 11:19:00,406.79,406.83,406.79,406.83,0.01,106.98,44344.01,1
2024-06-13,2024-06-13 11:20:00,406.83,406.88,406.83,406.88,0.01,106.98,44344.01,1
2024-06-13,2024-06-13 11:21:00,406.88,406.92,406.88,406.92,0.01,106.98,44344.01,1
2024-06-13,2024-06-13 11:22:00,406.92,406.96,406.92,406.96,0.01,106.98,44344.01,1
2024-06-13,2024-06-13 11:23:00,406.96,407.0,406.96,407.0,0.01,106.98,44344.01,1
2024-06-13,2024-06-13 11:24:00,407.0,407.04,407.0,407.04,0.01,106.98,44344.01,1
2024-06-13,2024-06-13 11:25:00,407.04,407.08,407.04,407.08,0.01,106.98,44344.01,1
2024-06-13,2024-06-13 11:26:00,407.08,407.12,407.08,407.12,0.01,106.98,44344.01,1
2024-06-13,2024-06-13 11:27:00,407.12,407.17,407.12,407.17,0.01,106.98,44344.01,1
2024-06-13,2024-06-13 11:28:00,407.17,407.21,407.17,407.21,0.01,106.98,44344.01,1
2024-06-13,2024-06-13 11:29:00,407.21,407.25,407.21,407.25,0.01,106.98,44344.01,1
2024-06-13,2024-06-13 11:30:00,407.25,407.29,407.25,407.29,0.01,106.98,44344.01,1
2024-06-13,2024-06-13 11:31:00,407.29,407.33,407.29,407.33,0.01,106.98,44344.01,1
2024-06-13,2024-06-13 11:32:00,407.33,407.38,407.33,407.38,0.01,106.98,44344.01,1
2024-06-13,2024-06-13 11:33:00,407.38,407.42,407.38,407.42,0.01,106.98,44344.01,1
2024-06-13,2024-06-13 11:34:00,407.42,407.46,407.42,407.46,0.01,106.98,44344.01,1
2024-06-13,2024-06-13 11:35:00,407.46,407.5,407.46,407.5,0.01,106.98,44344.01,1
2024-06-13,2024-06-13 11:36:00,407.5,407.54,407.5,407.54,0.01,106.98,44344.01,1
2024-06-13,2024-06-13 11:37:00,407.54,407.58,407.54,407.58,0.01,106.98,44344.01,1
2024-06-13,2024-06-13 11:38:00,407.58,407.62,407.58,407.62,0.01,106.98,44344.01,1
2024-06-13,2024-06-13 11:39:00,407.62,407.67,407.62,407.67,0.01,106.98,44344.01,1
2024-06-13,2024-06-13 11:40:00,407.67,407.71,407.67,407.71,0.01,106.98,44344.01,1
2024-06-13,2024-06-13 11:41:00,407.71,407.75,407.71,407.75,0.01,106.98,44344.01,1
2024-06-13,2024-06-13 11:42:00,407.75,407.79,407.75,407.79,0.01,106.98,44344.01,1
2024-06-13,2024-06-13 11:43:00,407.79,407.83,407.79,407.83,0.01,106.98,44344.01,1
2024-06-13,2024-06-13 11:44:00,407.83,407.88,407.83,407.88,0.01,106.98,44344.01,1
2024-06-13,2024-06-13 11:45:00,407.88,407.92,407.88,407.92,0.01,106.98,44344.01,1
2024-06-13,2024-06-13 11:46:00,407.92,407.96,407.92,407.96,0.01,106.98,44344.01,1
2024-06-13,2024-06-13 11:47:00,407.96,408.0,407.96,408.0,0.01,106.98,44344.01,1
2024-06-13,2024-06-13 11:48:00,408.0,408.04,408.0,408.04,0.01,106.98,44344.01,1
2024-06-13,2024-06-13 11:49:00,408.04,408.08,408.04,408.08,0.01,106.98,44344.01,1
2024-06-13,2024-06-13 11:50:00,408.08,408.12,408.08,408.12,0.01,106.98,44344.01,1
2024-06-13,2024-06-13 11:51:00,408.12,408.17,408.12,408.17,0.01,106.98,44344.01,1
2024-06-13,2024-06-13 11:52:00,408.17,408.21,408.17,408.21,0.01,106.98,44344.01,1
2024-06-13,2024-06-13 11:53:00,408.21,408.25,408.21,408.25,0.01,106.98,44344.01,1
2024-06-13,2024-06-13 11:54:00,408.25,408.29,408.25,408.29,0.01,106.98,44344.01,1
2024-06-13,2024-06-13 11:55:00,408.29,408.33,408.29,408.33,0.01,106.98,44344.01,1
2024-06-13,2024-06-13 11:56:00,408.33,408.38,408.33,408.38,0.01,106.98,44344.01,1
2024-06-13,2024-06-13 11:57:00,408.38,408.42,408.38,408.42,0.01,106.98,44344.01,1
2024-06-13,2024-06-13 11:58:00,408.42,408.46,408.42,408.46,0.01,106.98,44344.01,1
2024-06-13,2024-06-13 11:59:00,408.46,408.5,408.46,408.5,0.01,106.98,44344.01,1
2024-06-13,2024-06-13 12:00:00,408.5,408.54,408.5,408.54,0.01,106.98,44344.01,1
2024-06-13,2024-06-13 12:01:00,408.54,408.58,408.54,408.58,0.01,106.98,44344.01,1
2024-06-13,2024-06-13 12:02:00,408.58,408.62,408.58,408.62,0.01,106.98,44344.01,1
2024-06-13,2024-06-13 12:03:00,408.62,408.67,408.62,408.67,0.01,106.98,44344.01,1
2024-06-13,2024-06-13 12:04:00,408.67,408.71,408.67,408.71,0.01,106.98,44344.01,1
2024-06-13,2024-06-13 12:05:00,408.71,408.75,408.71,408.75,0.01,106.98,44344.01,1
2024-06-13,2024-06-13 12:06:00,408.75,408.79,408.75,408.79,0.01,106.98,44344.01,1
2024-06-13,2024-06-13 12:07:00,408.79,408.83,408.79,408.83,0.01,106.98,44344.01,1
2024-06-13,2024-06-13 12:08:00,408.83,408.88,408.83,408.88,0.01,106.98,44344.01,1
2024-06-13,2024-06-13 12:09:00,408.88,408.92,408.88,408.92,0.01,106.98,44344.01,1
2024-06-13,2024-06-13 12:10:00,408.92,408.96,408.92,408.96,0.01,106.98,44344.01,1
2024-06-13,2024-06-13 12:11:00,408.96,409.0,408.96,409.0,0.01,106.98,44344.01,1
2024-06-13,2024-06-13 12:12:00,409.0,409.04,409.0,409.04,0.01,106.98,44344.01,1
2024-06-13,2024-06-13 12:13:00,409.04,409.08,409.04,409.08,0.01,106.98,44344.01,1
2024-06-13,2024-06-13 12:14:00,409.08,409.12,409.08,409.12,0.01,106.98,44344.01,1
2024-06-13,2024-06-13 12:15:00,409.12,409.17,409.12,409.17,0.01,106.98,44344.01,1
2024-06-13,2024-06-13 12:16:00,409.17,409.21,409.17,409.21,0.01,106.98,44344.01,1
2024-06-13,2024-06-13 12:17:00,409.21,409.25,409.21,409.25,0.01,106.98,44344.01,1
2024-06-13,2024-06-13 12:18:00,409.25,409.29,409.25,409.29,0.01,106.98,44344.01,1
2024-06-13,2024-06-13 12:19:00,409.29,409.33,409.29,409.33,0.01,106.98,44344.01,1
2024-06-13,2024-06-13 12:20:00,409.33,409.38,409.33,409.38,0.01,106.98,44344.01,1
2024-06-13,2024-06-13 12:21:00,409.38,409.42,409.38,409.42,0.01,106.98,44344.01,1
2024-06-13,2024-06-13 12:22:00,409.42,409.46,409.42,409.46,0.01,106.98,44344.01,1
2024-06-13,2024-06-13 12:23:00,409.46,409.5,409.46,409.5,0.01,106.98,44344.01,1
2024-06-13,2024-06-13 12:24:00,409.5,409.54,409.5,409.54,0.01,106.98,44344.01,1
2024-06-13,2024-06-13 12:25:00,409.54,409.58,409.54,409.58,0.01,106.98,44344.01,1
2024-06-13,2024-06-13 12:26:00,409.58,409.62,409.58,409.62,0.01,106.98,44344.01,1
2024-06-13,2024-06-13 12:27:00,409.62,409.67,409.62,409.67,0.01,106.98,44344.01,1
2024-06-13,2024-06-13 12:28:00,409.67,409.71,409.67,409.71,0.01,106.98,44344.01,1
2024-06-13,2024-06-13 12:29:00,409.71,409.75,409.71,409.75,0.01,106.98,44344.01,1
2024-06-13,2024-06-13 12:30:00,409.75,409.79,409.75,409.79,0.01,106.98,44344.01,1
2024-06-13,2024-06-13 12:31:00,409.79,409.83,409.79,409.83,0.01,106.98,44344.01,1
2024-06-13,2024-06-13 12:32:00,409.83,409.88,409.83,409.88,0.01,106.98,44344.01,1
2024-06-13,2024-06-13 12:33:00,409.88,409.92,409.88,409.92,0.01,106.98,44344.01,1
2024-06-13,2024-06-13 12:34:00,409.92,409.96,409.92,409.96,0.01,106.98,44344.01,1
2024-06-13,2024-06-13 12:35:00,409.96,410.0,409.96,410.0,0.01,106.98,44344.01,1
2024-06-13,2024-06-13 12:36:00,410.0,410.04,410.0,410.04,0.01,106.98,44344.01,1
2024-06-13,2024-06-13 12:37:00,410.04,410.08,410.04,410.08,0.01,106.98,44344.01,1
2024-06-13,2024-06-13 12:38:00,410.08,410.12,410.08,410.12,0.01,106.98,44344.01,1
2024-06-13,2024-06-13 12:39:00,410.12,410.17,410.12,410.17,0.01,106.98,44344.01,1
2024-06-13,2024-06-13 12:40:00,410.17,410.21,410.17,410.21,0.01,106.98,44344.01,1
2024-06-13,2024-06-13 12:41:00,410.21,410.25,410.21,410.25,0.01,106.98,44344.01,1
2024-06-13,2024-06-13 12:42:00,410.25,410.29,410.25,410.29,0.01,106.98,44344.01,1
2024-06-13,2024-06-13 12:43:00,410.29,410.33,410.29,410.33,0.01,106.98,44344.01,1
2024-06-13,2024-06-13 12:44:00,410.33,410.38,410.33,410.38,0.01,106.98,44344.01,1
2024-06-13,2024-06-13 12:45:00,410.38,410.42,410.38,410.42,0.01,106.98,44344.01,1
2024-06-13,2024-06-13 12:46:00,410.42,410.46,410.42,410.46,0.01,106.98,44344.01,1
2024-06-13,2024-06-13 12:47:00,410.46,410.5,410.46,410.5,0.01,106.98,44344.01,1
2024-06-13,2024-06-13 12:48:00,410.5,410.54,410.5,410.54,0.01,106.98,44344.01,1
2024-06-13,2024-06-13 12:49:00,410.54,410.58,410.54,410.58,0.01,106.98,44344.01,1
2024-06-13,2024-06-13 12:50:00,410.58,410.62,410.58,410.62,0.01,106.98,44344.01,1
2024-06-13,2024-06-13 12:51:00,410.62,410.67,410.62,410.67,0.01,106.98,44344.01,1
2024-06-13,2024-06-13 12:52:00,410.67,410.71,410.67,410.71,0.01,106.98,44344.01,1
2024-06-13,2024-06-13 12:53:00,410.71,410.75,410.71,410.75,0.01,106.98,44344.01,1
2024-06-13,2024-06-13 12:54:00,410.75,410.79,410.75,410.79,0.01,106.98,44344.01,1
2024-06-13,2024-06-13 12:55:00,410.79,410.83,410.79,410.83,0.01,106.98,44344.01,1
2024-06-13,2024-06-13 12:56:00,410.83,410.88,410.83,410.88,0.01,106.98,44344.01,1
2024-06-13,2024-06-13 12:57:00,410.88,410.92,410.88,410.92,0.01,106.98,44344.01,1
2024-06-13,2024-06-13 12:58:00,410.92,410.96,410.92,410.96,0.01,106.98,44344.01,1
2024-06-13,2024-06-13 12:59:00,410.96,411.0,410.96,411.0,0.01,106.98,44344.01,1
2024-06-13,2024-06-13 13:00:00,411.0,426.0,406.0,411.04,0.01,106.98,44344.01,1
2024-06-13,2024-06-13 13:01:00,411.04,411.08,411.04,411.08,0.01,106.98,44344.01,1
2024-06-13,2024-06-13 13:02:00,411.08,411.12,411.08,411.12,0.01,106.98,44344.01,1
2024-06-13,2024-06-13 13:03:00,411.12,411.17,411.12,411.17,0.01,106.98,44344.01,1
2024-06-13,2024-06-13 13:04:00,411.17,411.21,411.17,411.21,0.01,106.98,44344.01,1
2024-06-13,2024-06-13 13:05:00,411.21,411.25,411.21,411.25,0.01,106.98,44344.01,1
2024-06-13,2024-06-13 13:06:00,411.25,411.29,411.25,411.29,0.01,106.98,44344.01,1
2024-06-13,2024-06-13 13:07:00,411.29,411.33,411.29,411.33,0.01,106.98,44344.01,1
2024-06-13,2024-06-13 13:08:00,411.33,411.38,411.33,411.38,0.01,106.98,44344.01,1
2024-06-13,2024-06-13 13:09:00,411.38,411.42,411.38,411.42,0.01,106.98,44344.01,1
2024-06-13,2024-06-13 13:10:00,411.42,411.46,411.42,411.46,0.01,106.98,44344.01,1
2024-06-13,2024-06-13 13:11:00,411.46,411.5,411.46,411.5,0.01,106.98,44344.01,1
2024-06-13,2024-06-13 13:12:00,411.5,411.54,411.5,411.54,0.01,106.98,44344.01,1
2024-06-13,2024-06-13 13:13:00,411.54,411.58,411.54,411.58,0.01,106.98,44344.01,1
2024-06-13,2024-06-13 13:14:00,411.58,411.62,411.58,411.62,0.01,106.98,44344.01,1
2024-06-13,2024-06-13 13:15:00,411.62,411.67,411.62,411.67,0.01,106.98,44344.01,1
2024-06-13,2024-06-13 13:16:00,411.67,411.71,411.67,411.71,0.01,106.98,44344.01,1
2024-06-13,2024-06-13 13:17:00,411.71,411.75,411.71,411.75,0.01,106.98,44344.01,1
2024-06-13,2024-06-13 13:18:00,411.75,411.79,411.75,411.79,0.01,106.98,44344.01,1
2024-06-13,2024-06-13 13:19:00,411.79,411.83,411.79,411.83,0.01,106.98,44344.01,1
2024-06-13,2024-06-13 13:20:00,411.83,411.88,411.83,411.88,0.01,106.98,44344.01,1
2024-06-13,2024-06-13 13:21:00,411.88,411.92,411.88,411.92,0.01,106.98,44344.01,1
2024-06-13,2024-06-13 13:22:00,411.92,411.96,411.92,411.96,0.01,106.98,44344.01,1
2024-06-13,2024-06-13 13:23:00,411.96,412.0,411.96,412.0,0.01,106.98,44344.01,1
2024-06-13,2024-06-13 13:24:00,412.0,412.04,412.0,412.04,0.01,106.98,44344.01,1
2024-06-13,2024-06-13 13:25:00,412.04,412.08,412.04,412.08,0.01,106.98,44344.01,1
2024-06-13,2024-06-13 13:26:00,412.08,412.12,412.08,412.12,0.01,106.98,44344.01,1
2024-06-13,2024-06-13 13:27:00,412.12,412.17,412.12,412.17,0.01,106.98,44344.01,1
2024-06-13,2024-06-13 13:28:00,412.17,412.21,412.17,412.21,0.01,106.98,44344.01,1
2024-06-13,2024-06-13 13:29:00,412.21,412.25,412.21,412.25,0.01,106.98,44344.01,1
2024-06-13,2024-06-13 13:30:00,412.25,412.29,412.25,412.29,0.01,106.98,44344.01,1
2024-06-13,2024-06-13 13:31:00,412.29,412.33,412.29,412.33,0.01,106.98,44344.01,1
2024-06-13,2024-06-13 13:32:00,412.33,412.38,412.33,412.38,0.01,106.98,44344.01,1
2024-06-13,2024-06-13 13:33:00,412.38,412.42,412.38,412.42,0.01,106.98,44344.01,1
2024-06-13,2024-06-13 13:34:00,412.42,412.46,412.42,412.46,0.01,106.98,44344.01,1
2024-06-13,2024-06-13 13:35:00,412.46,412.5,412.46,412.5,0.01,106.98,44344.01,1
2024-06-13,2024-06-13 13:36:00,412.5,412.54,412.5,412.54,0.01,106.98,44344.01,1
2024-06-13,2024-06-13 13:37:00,412.54,412.58,412.54,412.58,0.01,106.98,44344.01,1
2024-06-13,2024-06-13 13:38:00,412.58,412.62,412.58,412.62,0.01,106.98,44344.01,1
2024-06-13,2024-06-13 13:39:00,412.62,412.67,412.62,412.67,0.01,106.98,44344.01,1
2024-06-13,2024-06-13 13:40:00,412.67,412.71,412.67,412.71,0.01,106.98,44344.01,1
2024-06-13,2024-06-13 13:41:00,412.71,412.75,412.71,412.75,0.01,106.98,44344.01,1
2024-06-13,2024-06-13 13:42:00,412.75,412.79,412.75,412.79,0.01,106.98,44344.01,1
2024-06-13,2024-06-13 13:43:00,412.79,412.83,412.79,412.83,0.01,106.98,44344.01,1
2024-06-13,2024-06-13 13:44:00,412.83,412.88,412.83,412.88,0.01,106.98,44344.01,1
2024-06-13,2024-06-13 13:45:00,412.88,412.92,412.88,412.92,0.01,106.98,44344.01,1
2024-06-13,2024-06-13 13:46:00,412.92,412.96,412.92,412.96,0.01,106.98,44344.01,1
2024-06-13,2024-06-13 13:47:00,412.96,413.0,412.96,413.0,0.01,106.98,44344.01,1
2024-06-13,2024-06-13 13:48:00,413.0,413.04,413.0,413.04,0.01,106.98,44344.01,1
2024-06-13,2024-06-13 13:49:00,413.04,413.08,413.04,413.08,0.01,106.98,44344.01,1
2024-06-13,2024-06-13 13:50:00,413.08,413.12,413.08,413.12,0.01,106.98,44344.01,1
2024-06-13,2024-06-13 13:51:00,413.12,413.17,413.12,413.17,0.01,106.98,44344.01,1
2024-06-13,2024-06-13 13:52:00,413.17,413.21,413.17,413.21,0.01,106.98,44344.01,1
2024-06-13,2024-06-13 13:53:00,413.21,413.25,413.21,413.25,0.01,106.98,44344.01,1
2024-06-13,2024-06-13 13:54:00,413.25,413.29,413.25,413.29,0.01,106.98,44344.01,1
2024-06-13,2024-06-13 13:55:00,413.29,413.33,413.29,413.33,0.01,106.98,44344.01,1
2024-06-13,2024-06-13 13:56:00,413.33,413.38,413.33,413.38,0.01,106.98,44344.01,1
2024-06-13,2024-06-13 13:57:00,413.38,413.42,413.38,413.42,0.01,106.98,44344.01,1
2024-06-13,2024-06-13 13:58:00,413.42,413.46,413.42,413.46,0.01,106.98,44344.01,1
2024-06-13,2024-06-13 13:59:00,413.46,413.5,413.46,413.5,0.01,106.98,44344.01,1
2024-06-13,2024-06-13 14:00:00,413.5,413.54,413.5,413.54,0.01,106.98,44344.01,1
2024-06-13,2024-06-13 14:01:00,413.54,413.58,413.54,413.58,0.01,106.98,44344.01,1
2024-06-13,2024-06-13 14:02:00,413.58,413.62,413.58,413.62,0.01,106.98,44344.01,1
2024-06-13,2024-06-13 14:03:00,413.62,413.67,413.62,413.67,0.01,106.98,44344.01,1
2024-06-13,2024-06-13 14:04:00,413.67,413.71,413.67,413.71,0.01,106.98,44344.01,1
2024-06-13,2024-06-13 14:05:00,413.71,413.75,413.71,413.75,0.01,106.98,44344.01,1
2024-06-13,2024-06-13 14:06:00,413.75,413.79,413.75,413.79,0.01,106.98,44344.01,1
2024-06-13,2024-06-13 14:07:00,413.79,413.83,413.79,413.83,0.01,106.98,44344.01,1
2024-06-13,2024-06-13 14:08:00,413.83,413.88,413.83,413.88,0.01,106.98,44344.01,1
2024-06-13,2024-06-13 14:09:00,413.88,413.92,413.88,413.92,0.01,106.98,44344.01,1
2024-06-13,2024-06-13 14:10:00,413.92,413.96,413.92,413.96,0.01,106.98,44344.01,1
2024-06-13,2024-06-13 14:11:00,413.96,414.0,413.96,414.0,0.01,106.98,44344.01,1
2024-06-13,2024-06-13 14:12:00,414.0,414.04,414.0,414.04,0.01,106.98,44344.01,1
2024-06-13,2024-06-13 14:13:00,414.04,414.08,414.04,414.08,0.01,106.98,44344.01,1
2024-06-13,2024-06-13 14:14:00,414.08,414.12,414.08,414.12,0.01,106.98,44344.01,1
2024-06-13,2024-06-13 14:15:00,414.12,414.17,414.12,414.17,0.01,106.98,44344.01,1
2024-06-13,2024-06-13 14:16:00,414.17,414.21,414.17,414.21,0.01,106.98,44344.01,1
2024-06-13,2024-06-13 14:17:00,414.21,414.25,414.21,414.25,0.01,106.98,44344.01,1
2024-06-13,2024-06-13 14:18:00,414.25,414.29,414.25,414.29,0.01,106.98,44344.01,1
2024-06-13,2024-06-13 14:19:00,414.29,414.33,414.29,414.33,0.01,106.98,44344.01,1
2024-06-13,2024-06-13 14:20:00,414.33,414.38,414.33,414.38,0.01,106.98,44344.01,1
2024-06-13,2024-06-13 14:21:00,414.38,414.42,414.38,414.42,0.01,106.98,44344.01,1
2024-06-13,2024-06-13 14:22:00,414.42,414.46,414.42,414.46,0.01,106.98,44344.01,1
2024-06-13,2024-06-13 14:23:00,414.46,414.5,414.46,414.5,0.01,106.98,44344.01,1
2024-06-13,2024-06-13 14:24:00,414.5,414.54,414.5,414.54,0.01,106.98,44344.01,1
2024-06-13,2024-06-13 14:25:00,414.54,414.58,414.54,414.58,0.01,106.98,44344.01,1
2024-06-13,2024-06-13 14:26:00,414.58,414.62,414.58,414.62,0.01,106.98,44344.01,1
2024-06-13,2024-06-13 14:27:00,414.62,414.67,414.62,414.67,0.01,106.98,44344.01,1
2024-06-13,2024-06-13 14:28:00,414.67,414.71,414.67,414.71,0.01,106.98,44344.01,1
2024-06-13,2024-06-13 14:29:00,414.71,414.75,414.71,414.75,0.01,106.98,44344.01,1
2024-06-13,2024-06-13 14:30:00,414.75,414.79,414.75,414.79,0.01,106.98,44344.01,1
2024-06-13,2024-06-13 14:31:00,414.79,414.83,414.79,414.83,0.01,106.98,44344.01,1
2024-06-13,2024-06-13 14:32:00,414.83,414.88,414.83,414.88,0.01,106.98,44344.01,1
2024-06-13,2024-06-13 14:33:00,414.88,414.92,414.88,414.92,0.01,106.98,44344.01,1
2024-06-13,2024-06-13 14:34:00,414.92,414.96,414.92,414.96,0.01,106.98,44344.01,1
2024-06-13,2024-06-13 14:35:00,414.96,415.0,414.96,415.0,0.01,106.98,44344.01,1
2024-06-13,2024-06-13 14:36:00,415.0,415.04,415.0,415.04,0.01,106.98,44344.01,1
2024-06-13,2024-06-13 14:37:00,415.04,415.08,415.04,415.08,0.01,106.98,44344.01,1
2024-06-13,2024-06-13 14:38:00,415.08,415.12,415.08,415.12,0.01,106.98,44344.01,1
2024-06-13,2024-06-13 14:39:00,415.12,415.17,415.12,415.17,0.01,106.98,44344.01,1
2024-06-13,2024-06-13 14:40:00,415.17,415.21,415.17,415.21,0.01,106.98,44344.01,1
2024-06-13,2024-06-13 14:41:00,415.21,415.25,415.21,415.25,0.01,106.98,44344.01,1
2024-06-13,2024-06-13 14:42:00,415.25,415.29,415.25,415.29,0.01,106.98,44344.01,1
2024-06-13,2024-06-13 14:43:00,415.29,415.33,415.29,415.33,0.01,106.98,44344.01,1
2024-06-13,2024-06-13 14:44:00,415.33,415.38,415.33,415.38,0.01,106.98,44344.01,1
2024-06-13,2024-06-13 14:45:00,415.38,415.42,415.38,415.42,0.01,106.98,44344.01,1
2024-06-13,2024-06-13 14:46:00,415.42,415.46,415.42,415.46,0.01,106.98,44344.01,1
2024-06-13,2024-06-13 14:47:00,415.46,415.5,415.46,415.5,0.01,106.98,44344.01,1
2024-06-13,2024-06-13 14:48:00,415.5,415.54,415.5,415.54,0.01,106.98,44344.01,1
2024-06-13,2024-06-13 14:49:00,415.54,415.58,415.54,415.58,0.01,106.98,44344.01,1
2024-06-13,2024-06-13 14:50:00,415.58,415.62,415.58,415.62,0.01,106.98,44344.01,1
2024-06-13,2024-06-13 14:51:00,415.62,415.67,415.62,415.67,0.01,106.98,44344.01,1
2024-06-13,2024-06-13 14:52:00,415.67,415.71,415.67,415.71,0.01,106.98,44344.01,1
2024-06-13,2024-06-13 14:53:00,415.71,415.75,415.71,415.75,0.01,106.98,44344.01,1
2024-06-13,2024-06-13 14:54:00,415.75,415.79,415.75,415.79,0.01,106.98,44344.01,1
2024-06-13,2024-06-13 14:55:00,415.79,415.83,415.79,415.83,0.01,106.98,44344.01,1
2024-06-13,2024-06-13 14:56:00,415.83,415.88,415.83,415.88,0.01,106.98,44344.01,1
2024-06-13,2024-06-13 14:57:00,415.88,415.92,415.88,415.92,0.01,106.98,44344.01,1
2024-06-13,2024-06-13 14:58:00,415.92,415.96,415.92,415.96,0.01,106.98,44344.01,1
2024-06-13,2024-06-13 14:59:00,415.96,416.0,415.96,416.0,0.01,106.98,44344.01,1
2024-06-13,2024-06-13 15:00:00,416.0,426.0,406.0,416.0,0.0,106.98,44344.01,0
2024-06-16,2024-06-16 11:00:00,424.3,424.3,420.04,424.25,-0.01,93.25,38958.96,-1
2024-06-16,2024-06-16 11:01:00,424.25,424.25,424.2,424.2,-0.01,93.25,38958.96,-1
2024-06-16,2024-06-16 11:02:00,424.2,424.2,424.15,424.15,-0.01,93.25,38958.96,-1
2024-06-16,2024-06-16 11:03:00,424.15,424.15,424.1,424.1,-0.01,93.25,38958.96,-1
2024-06-16,2024-06-16 11:04:00,424.1,424.1,424.04,424.04,-0.01,93.25,38958.96,-1
2024-06-16,2024-06-16 11:05:00,424.04,424.04,423.99,423.99,-0.01,93.25,38958.96,-1
2024-06-16,2024-06-16 11:06:00,423.99,423.99,423.94,423.94,-0.01,93.25,38958.96,-1
2024-06-16,2024-06-16 11:07:00,423.94,423.94,423.89,423.89,-0.01,93.25,38958.96,-1
2024-06-16,2024-06-16 11:08:00,423.89,423.89,423.84,423.84,-0.01,93.25,38958.96,-1
2024-06-16,2024-06-16 11:09:00,423.84,423.84,423.79,423.79,-0.01,93.25,38958.96,-1
2024-06-16,2024-06-16 11:10:00,423.79,423.79,423.74,423.74,-0.01,93.25,38958.96,-1
2024-06-16,2024-06-16 11:11:00,423.74,423.74,423.69,423.69,-0.01,93.25,38958.96,-1
2024-06-16,2024-06-16 11:12:00,423.69,423.69,423.63,423.63,-0.01,93.25,38958.96,-1
2024-06-16,2024-06-16 11:13:00,423.63,423.63,423.58,423.58,-0.01,93.25,38958.96,-1
2024-06-16,2024-06-16 11:14:00,423.58,423.58,423.53,423.53,-0.01,93.25,38958.96,-1
2024-06-16,2024-06-16 11:15:00,423.53,423.53,423.48,423.48,-0.01,93.25,38958.96,-1
2024-06-16,2024-06-16 11:16:00,423.48,423.48,423.43,423.43,-0.01,93.25,38958.96,-1
2024-06-16,2024-06-16 11:17:00,423.43,423.43,423.38,423.38,-0.01,93.25,38958.96,-1
2024-06-16,2024-06-16 11:18:00,423.38,423.38,423.33,423.33,-0.01,93.25,38958.96,-1
2024-06-16,2024-06-16 11:19:00,423.33,423.33,423.28,423.28,-0.01,93.25,38958.96,-1
2024-06-16,2024-06-16 11:20:00,423.28,423.28,423.22,423.22,-0.01,93.25,38958.96,-1
2024-06-16,2024-06-16 11:21:00,423.22,423.22,423.17,423.17,-0.01,93.25,38958.96,-1
2024-06-16,2024-06-16 11:22:00,423.17,423.17,423.12,423.12,-0.01,93.25,38958.96,-1
2024-06-16,2024-06-16 11:23:00,423.12,423.12,423.07,423.07,-0.01,93.25,38958.96,-1
2024-06-16,2024-06-16 11:24:00,423.07,423.07,423.02,423.02,-0.01,93.25,38958.96,-1
2024-06-16,2024-06-16 11:25:00,423.02,423.02,422.97,422.97,-0.01,93.25,38958.96,-1
2024-06-16,2024-06-16 11:26:00,422.97,422.97,422.92,422.92,-0.01,93.25,38958.96,-1
2024-06-16,2024-06-16 11:27:00,422.92,422.92,422.87,422.87,-0.01,93.25,38958.96,-1
2024-06-16,2024-06-16 11:28:00,422.87,422.87,422.81,422.81,-0.01,93.25,38958.96,-1
2024-06-16,2024-06-16 11:29:00,422.81,422.81,422.76,422.76,-0.01,93.25,38958.96,-1
2024-06-16,2024-06-16 11:30:00,422.76,422.76,422.71,422.71,-0.01,93.25,38958.96,-1
2024-06-16,2024-06-16 11:31:00,422.71,422.71,422.66,422.66,-0.01,93.25,38958.96,-1
2024-06-16,2024-06-16 11:32:00,422.66,422.66,422.61,422.61,-0.01,93.25,38958.96,-1
2024-06-16,2024-06-16 11:33:00,422.61,422.61,422.56,422.56,-0.01,93.25,38958.96,-1
2024-06-16,2024-06-16 11:34:00,422.56,422.56,422.51,422.51,-0.01,93.25,38958.96,-1
2024-06-16,2024-06-16 11:35:00,422.51,422.51,422.45,422.45,-0.01,93.25,38958.96,-1
2024-06-16,2024-06-16 11:36:00,422.45,422.45,422.4,422.4,-0.01,93.25,38958.96,-1
2024-06-16,2024-06-16 11:37:00,422.4,422.4,422.35,422.35,-0.01,93.25,38958.96,-1
2024-06-16,2024-06-16 11:38:00,422.35,422.35,422.3,422.3,-0.01,93.25,38958.96,-1
2024-06-16,2024-06-16 11:39:00,422.3,422.3,422.25,422.25,-0.01,93.25,38958.96,-1
2024-06-16,2024-06-16 11:40:00,422.25,422.25,422.2,422.2,-0.01,93.25,38958.96,-1
2024-06-16,2024-06-16 11:41:00,422.2,422.2,422.15,422.15,-0.01,93.25,38958.96,-1
2024-06-16,2024-06-16 11:42:00,422.15,422.15,422.1,422.1,-0.01,93.25,38958.96,-1
2024-06-16,2024-06-16 11:43:00,422.1,422.1,422.05,422.05,-0.01,93.25,38958.96,-1
2024-06-16,2024-06-16 11:44:00,422.05,422.05,421.99,421.99,-0.01,93.25,38958.96,-1
2024-06-16,2024-06-16 11:45:00,421.99,421.99,421.94,421.94,-0.01,93.25,38958.96,-1
2024-06-16,2024-06-16 11:46:00,421.94,421.94,421.89,421.89,-0.01,93.25,38958.96,-1
2024-06-16,2024-06-16 11:47:00,421.89,421.89,421.84,421.84,-0.01,93.25,38958.96,-1
2024-06-16,2024-06-16 11:48:00,421.84,421.84,421.79,421.79,-0.01,93.25,38958.96,-1
2024-06-16,2024-06-16 11:49:00,421.79,421.79,421.74,421.74,-0.01,93.25,38958.96,-1
2024-06-16,2024-06-16 11:50:00,421.74,421.74,421.69,421.69,-0.01,93.25,38958.96,-1
2024-06-16,2024-06-16 11:51:00,421.69,421.69,421.63,421.63,-0.01,93.25,38958.96,-1
2024-06-16,2024-06-16 11:52:00,421.63,421.63,421.58,421.58,-0.01,93.25,38958.96,-1
2024-06-16,2024-06-16 11:53:00,421.58,421.58,421.53,421.53,-0.01,93.25,38958.96,-1
2024-06-16,2024-06-16 11:54:00,421.53,421.53,421.48,421.48,-0.01,93.25,38958.96,-1
2024-06-16,2024-06-16 11:55:00,421.48,421.48,421.43,421.43,-0.01,93.25,38958.96,-1
2024-06-16,2024-06-16 11:56:00,421.43,421.43,421.38,421.38,-0.01,93.25,38958.96,-1
2024-06-16,2024-06-16 11:57:00,421.38,421.38,421.33,421.33,-0.01,93.25,38958.96,-1
2024-06-16,2024-06-16 11:58:00,421.33,421.33,421.28,421.28,-0.01,93.25,38958.96,-1
2024-06-16,2024-06-16 11:59:00,421.28,421.28,421.23,421.23,-0.01,93.25,38958.96,-1
2024-06-16,2024-06-16 12:00:00,421.23,421.23,421.17,421.17,-0.01,93.25,38958.96,-1
2024-06-16,2024-06-16 12:01:00,421.17,421.17,421.12,421.12,-0.01,93.25,38958.96,-1
2024-06-16,2024-06-16 12:02:00,421.12,421.12,421.07,421.07,-0.01,93.25,38958.96,-1
2024-06-16,2024-06-16 12:03:00,421.07,421.07,421.02,421.02,-0.01,93.25,38958.96,-1
2024-06-16,2024-06-16 12:04:00,421.02,421.02,420.97,420.97,-0.01,93.25,38958.96,-1
2024-06-16,2024-06-16 12:05:00,420.97,420.97,420.92,420.92,-0.01,93.25,38958.96,-1
2024-06-16,2024-06-16 12:06:00,420.92,420.92,420.87,420.87,-0.01,93.25,38958.96,-1
2024-06-16,2024-06-16 12:07:00,420.87,420.87,420.81,420.81,-0.01,93.25,38958.96,-1
2024-06-16,2024-06-16 12:08:00,420.81,420.81,420.76,420.76,-0.01,93.25,38958.96,-1
2024-06-16,2024-06-16 12:09:00,420.76,420.76,420.71,420.71,-0.01,93.25,38958.96,-1
2024-06-16,2024-06-16 12:10:00,420.71,420.71,420.66,420.66,-0.01,93.25,38958.96,-1
2024-06-16,2024-06-16 12:11:00,420.66,420.66,420.61,420.61,-0.01,93.25,38958.96,-1
2024-06-16,2024-06-16 12:12:00,420.61,420.61,420.56,420.56,-0.01,93.25,38958.96,-1
2024-06-16,2024-06-16 12:13:00,420.56,420.56,420.51,420.51,-0.01,93.25,38958.96,-1
2024-06-16,2024-06-16 12:14:00,420.51,420.51,420.46,420.46,-0.01,93.25,38958.96,-1
2024-06-16,2024-06-16 12:15:00,420.46,420.46,420.41,420.41,-0.01,93.25,38958.96,-1
2024-06-16,2024-06-16 12:16:00,420.41,420.41,420.35,420.35,-0.01,93.25,38958.96,-1
2024-06-16,2024-06-16 12:17:00,420.35,420.35,420.3,420.3,-0.01,93.25,38958.96,-1
2024-06-16,2024-06-16 12:18:00,420.3,420.3,420.25,420.25,-0.01,93.25,38958.96,-1
2024-06-16,2024-06-16 12:19:00,420.25,420.25,420.2,420.2,-0.01,93.25,38958.96,-1
2024-06-16,2024-06-16 12:20:00,420.2,420.2,420.15,420.15,-0.01,93.25,38958.96,-1
2024-06-16,2024-06-16 12:21:00,420.15,420.15,420.1,420.1,-0.01,93.25,38958.96,-1
2024-06-16,2024-06-16 12:22:00,420.1,420.1,420.05,420.05,-0.01,93.25,38958.96,-1
2024-06-16,2024-06-16 12:23:00,420.05,420.05,420.0,420.0,-0.01,93.25,38958.96,-1
2024-06-16,2024-06-16 12:24:00,420.0,420.0,419.94,419.94,-0.01,93.25,38958.96,-1
2024-06-16,2024-06-16 12:25:00,419.94,419.94,419.89,419.89,-0.01,93.25,38958.96,-1
2024-06-16,2024-06-16 12:26:00,419.89,419.89,419.84,419.84,-0.01,93.25,38958.96,-1
2024-06-16,2024-06-16 12:27:00,419.84,419.84,419.79,419.79,-0.01,93.25,38958.96,-1
2024-06-16,2024-06-16 12:28:00,419.79,419.79,419.74,419.74,-0.01,93.25,38958.96,-1
2024-06-16,2024-06-16 12:29:00,419.74,419.74,419.69,419.69,-0.01,93.25,38958.96,-1
2024-06-16,2024-06-16 12:30:00,419.69,419.69,419.64,419.64,-0.01,93.25,38958.96,-1
2024-06-16,2024-06-16 12:31:00,419.64,419.64,419.58,419.58,-0.01,93.25,38958.96,-1
2024-06-16,2024-06-16 12:32:00,419.58,419.58,419.53,419.53,-0.01,93.25,38958.96,-1
2024-06-16,2024-06-16 12:33:00,419.53,419.53,419.48,419.48,-0.01,93.25,38958.96,-1
2024-06-16,2024-06-16 12:34:00,419.48,419.48,419.43,419.43,-0.01,93.25,38958.96,-1
2024-06-16,2024-06-16 12:35:00,419.43,419.43,419.38,419.38,-0.01,93.25,38958.96,-1
2024-06-16,2024-06-16 12:36:00,419.38,419.38,419.33,419.33,-0.01,93.25,38958.96,-1
2024-06-16,2024-06-16 12:37:00,419.33,419.33,419.28,419.28,-0.01,93.25,38958.96,-1
2024-06-16,2024-06-16 12:38:00,419.28,419.28,419.23,419.23,-0.01,93.25,38958.96,-1
2024-06-16,2024-06-16 12:39:00,419.23,419.23,419.18,419.18,-0.01,93.25,38958.96,-1
2024-06-16,2024-06-16 12:40:00,419.18,419.18,419.12,419.12,-0.01,93.25,38958.96,-1
2024-06-16,2024-06-16 12:41:00,419.12,419.12,419.07,419.07,-0.01,93.25,38958.96,-1
2024-06-16,2024-06-16 12:42:00,419.07,419.07,419.02,419.02,-0.01,93.25,38958.96,-1
2024-06-16,2024-06-16 12:43:00,419.02,419.02,418.97,418.97,-0.01,93.25,38958.96,-1
2024-06-16,2024-06-16 12:44:00,418.97,418.97,418.92,418.92,-0.01,93.25,38958.96,-1
2024-06-16,2024-06-16 12:45:00,418.92,418.92,418.87,418.87,-0.01,93.25,38958.96,-1
2024-06-16,2024-06-16 12:46:00,418.87,418.87,418.82,418.82,-0.01,93.25,38958.96,-1
2024-06-16,2024-06-16 12:47:00,418.82,418.82,418.76,418.76,-0.01,93.25,38958.96,-1
2024-06-16,2024-06-16 12:48:00,418.76,418.76,418.71,418.71,-0.01,93.25,38958.96,-1
2024-06-16,2024-06-16 12:49:00,418.71,418.71,418.66,418.66,-0.01,93.25,38958.96,-1
2024-06-16,2024-06-16 12:50:00,418.66,418.66,418.61,418.61,-0.01,93.25,38958.96,-1
2024-06-16,2024-06-16 12:51:00,418.61,418.61,418.56,418.56,-0.01,93.25,38958.96,-1
2024-06-16,2024-06-16 12:52:00,418.56,418.56,418.51,418.51,-0.01,93.25,38958.96,-1
2024-06-16,2024-06-16 12:53:00,418.51,418.51,418.46,418.46,-0.01,93.25,38958.96,-1
2024-06-16,2024-06-16 12:54:00,418.46,418.46,418.41,418.41,-0.01,93.25,38958.96,-1
2024-06-16,2024-06-16 12:55:00,418.41,418.41,418.36,418.36,-0.01,93.25,38958.96,-1
2024-06-16,2024-06-16 12:56:00,418.36,418.36,418.3,418.3,-0.01,93.25,38958.96,-1
2024-06-16,2024-06-16 12:57:00,418.3,418.3,418.25,418.25,-0.01,93.25,38958.96,-1
2024-06-16,2024-06-16 12:58:00,418.25,418.25,418.2,418.2,-0.01,93.25,38958.96,-1
2024-06-16,2024-06-16 12:59:00,418.2,418.2,418.15,418.15,-0.01,93.25,38958.96,-1
2024-06-16,2024-06-16 13:00:00,418.15,424.3,410.1,418.1,-0.01,93.25,38958.96,-1
2024-06-16,2024-06-16 13:01:00,418.1,418.1,418.05,418.05,-0.01,93.25,38958.96,-1
2024-06-16,2024-06-16 13:02:00,418.05,418.05,418.0,418.0,-0.01,93.25,38958.96,-1
2024-06-16,2024-06-16 13:03:00,418.0,418.0,417.94,417.94,-0.01,93.25,38958.96,-1
2024-06-16,2024-06-16 13:04:00,417.94,417.94,417.89,417.89,-0.01,93.25,38958.96,-1
2024-06-16,2024-06-16 13:05:00,417.89,417.89,417.84,417.84,-0.01,93.25,38958.96,-1
2024-06-16,2024-06-16 13:06:00,417.84,417.84,417.79,417.79,-0.01,93.25,38958.96,-1
2024-06-16,2024-06-16 13:07:00,417.79,417.79,417.74,417.74,-0.01,93.25,38958.96,-1
2024-06-16,2024-06-16 13:08:00,417.74,417.74,417.69,417.69,-0.01,93.25,38958.96,-1
2024-06-16,2024-06-16 13:09:00,417.69,417.69,417.64,417.64,-0.01,93.25,38958.96,-1
2024-06-16,2024-06-16 13:10:00,417.64,417.64,417.59,417.59,-0.01,93.25,38958.96,-1
2024-06-16,2024-06-16 13:11:00,417.59,417.59,417.54,417.54,-0.01,93.25,38958.96,-1
2024-06-16,2024-06-16 13:12:00,417.54,417.54,417.48,417.48,-0.01,93.25,38958.96,-1
2024-06-16,2024-06-16 13:13:00,417.48,417.48,417.43,417.43,-0.01,93.25,38958.96,-1
2024-06-16,2024-06-16 13:14:00,417.43,417.43,417.38,417.38,-0.01,93.25,38958.96,-1
2024-06-16,2024-06-16 13:15:00,417.38,417.38,417.33,417.33,-0.01,93.25,38958.96,-1
2024-06-16,2024-06-16 13:16:00,417.33,417.33,417.28,417.28,-0.01,93.25,38958.96,-1
2024-06-16,2024-06-16 13:17:00,417.28,417.28,417.23,417.23,-0.01,93.25,38958.96,-1
2024-06-16,2024-06-16 13:18:00,417.23,417.23,417.18,417.18,-0.01,93.25,38958.96,-1
2024-06-16,2024-06-16 13:19:00,417.18,417.18,417.12,417.12,-0.01,93.25,38958.96,-1
2024-06-16,2024-06-16 13:20:00,417.12,417.12,417.07,417.07,-0.01,93.25,38958.96,-1
2024-06-16,2024-06-16 13:21:00,417.07,417.07,417.02,417.02,-0.01,93.25,38958.96,-1
2024-06-16,2024-06-16 13:22:00,417.02,417.02,416.97,416.97,-0.01,93.25,38958.96,-1
2024-06-16,2024-06-16 13:23:00,416.97,416.97,416.92,416.92,-0.01,93.25,38958.96,-1
2024-06-16,2024-06-16 13:24:00,416.92,416.92,416.87,416.87,-0.01,93.25,38958.96,-1
2024-06-16,2024-06-16 13:25:00,416.87,416.87,416.82,416.82,-0.01,93.25,38958.96,-1
2024-06-16,2024-06-16 13:26:00,416.82,416.82,416.77,416.77,-0.01,93.25,38958.96,-1
2024-06-16,2024-06-16 13:27:00,416.77,416.77,416.72,416.72,-0.01,93.25,38958.96,-1
2024-06-16,2024-06-16 13:28:00,416.72,416.72,416.66,416.66,-0.01,93.25,38958.96,-1
2024-06-16,2024-06-16 13:29:00,416.66,416.66,416.61,416.61,-0.01,93.25,38958.96,-1
2024-06-16,2024-06-16 13:30:00,416.61,416.61,416.56,416.56,-0.01,93.25,38958.96,-1
2024-06-16,2024-06-16 13:31:00,416.56,416.56,416.51,416.51,-0.01,93.25,38958.96,-1
2024-06-16,2024-06-16 13:32:00,416.51,416.51,416.46,416.46,-0.01,93.25,38958.96,-1
2024-06-16,2024-06-16 13:33:00,416.46,416.46,416.41,416.41,-0.01,93.25,38958.96,-1
2024-06-16,2024-06-16 13:34:00,416.41,416.41,416.36,416.36,-0.01,93.25,38958.96,-1
2024-06-16,2024-06-16 13:35:00,416.36,416.36,416.31,416.31,-0.01,93.25,38958.96,-1
2024-06-16,2024-06-16 13:36:00,416.31,416.31,416.25,416.25,-0.01,93.25,38958.96,-1
2024-06-16,2024-06-16 13:37:00,416.25,416.25,416.2,416.2,-0.01,93.25,38958.96,-1
2024-06-16,2024-06-16 13:38:00,416.2,416.2,416.15,416.15,-0.01,93.25,38958.96,-1
2024-06-16,2024-06-16 13:39:00,416.15,416.15,416.1,416.1,-0.01,93.25,38958.96,-1
2024-06-16,2024-06-16 13:40:00,416.1,416.1,416.05,416.05,-0.01,93.25,38958.96,-1
2024-06-16,2024-06-16 13:41:00,416.05,416.05,416.0,416.0,-0.01,93.25,38958.96,-1
2024-06-16,2024-06-16 13:42:00,416.0,416.0,415.95,415.95,-0.01,93.25,38958.96,-1
2024-06-16,2024-06-16 13:43:00,415.95,415.95,415.89,415.89,-0.01,93.25,38958.96,-1
2024-06-16,2024-06-16 13:44:00,415.89,415.89,415.84,415.84,-0.01,93.25,38958.96,-1
2024-06-16,2024-06-16 13:45:00,415.84,415.84,415.79,415.79,-0.01,93.25,38958.96,-1
2024-06-16,2024-06-16 13:46:00,415.79,415.79,415.74,415.74,-0.01,93.25,38958.96,-1
2024-06-16,2024-06-16 13:47:00,415.74,415.74,415.69,415.69,-0.01,93.25,38958.96,-1
2024-06-16,2024-06-16 13:48:00,415.69,415.69,415.64,415.64,-0.01,93.25,38958.96,-1
2024-06-16,2024-06-16 13:49:00,415.64,415.64,415.59,415.59,-0.01,93.25,38958.96,-1
2024-06-16,2024-06-16 13:50:00,415.59,415.59,415.54,415.54,-0.01,93.25,38958.96,-1
2024-06-16,2024-06-16 13:51:00,415.54,415.54,415.49,415.49,-0.01,93.25,38958.96,-1
2024-06-16,2024-06-16 13:52:00,415.49,415.49,415.43,415.43,-0.01,93.25,38958.96,-1
2024-06-16,2024-06-16 13:53:00,415.43,415.43,415.38,415.38,-0.01,93.25,38958.96,-1
2024-06-16,2024-06-16 13:54:00,415.38,415.38,415.33,415.33,-0.01,93.25,38958.96,-1
2024-06-16,2024-06-16 13:55:00,415.33,415.33,415.28,415.28,-0.01,93.25,38958.96,-1
2024-06-16,2024-06-16 13:56:00,415.28,415.28,415.23,415.23,-0.01,93.25,38958.96,-1
2024-06-16,2024-06-16 13:57:00,415.23,415.23,415.18,415.18,-0.01,93.25,38958.96,-1
2024-06-16,2024-06-16 13:58:00,415.18,415.18,415.13,415.13,-0.01,93.25,38958.96,-1
2024-06-16,2024-06-16 13:59:00,415.13,415.13,415.07,415.07,-0.01,93.25,38958.96,-1
2024-06-16,2024-06-16 14:00:00,415.07,415.07,415.02,415.02,-0.01,93.25,38958.96,-1
2024-06-16,2024-06-16 14:01:00,415.02,415.02,414.97,414.97,-0.01,93.25,38958.96,-1
2024-06-16,2024-06-16 14:02:00,414.97,414.97,414.92,414.92,-0.01,93.25,38958.96,-1
2024-06-16,2024-06-16 14:03:00,414.92,414.92,414.87,414.87,-0.01,93.25,38958.96,-1
2024-06-16,2024-06-16 14:04:00,414.87,414.87,414.82,414.82,-0.01,93.25,38958.96,-1
2024-06-16,2024-06-16 14:05:00,414.82,414.82,414.77,414.77,-0.01,93.25,38958.96,-1
2024-06-16,2024-06-16 14:06:00,414.77,414.77,414.72,414.72,-0.01,93.25,38958.96,-1
2024-06-16,2024-06-16 14:07:00,414.72,414.72,414.67,414.67,-0.01,93.25,38958.96,-1
2024-06-16,2024-06-16 14:08:00,414.67,414.67,414.61,414.61,-0.01,93.25,38958.96,-1
2024-06-16,2024-06-16 14:09:00,414.61,414.61,414.56,414.56,-0.01,93.25,38958.96,-1
2024-06-16,2024-06-16 14:10:00,414.56,414.56,414.51,414.51,-0.01,93.25,38958.96,-1
2024-06-16,2024-06-16 14:11:00,414.51,414.51,414.46,414.46,-0.01,93.25,38958.96,-1
2024-06-16,2024-06-16 14:12:00,414.46,414.46,414.41,414.41,-0.01,93.25,38958.96,-1
2024-06-16,2024-06-16 14:13:00,414.41,414.41,414.36,414.36,-0.01,93.25,38958.96,-1
2024-06-16,2024-06-16 14:14:00,414.36,414.36,414.31,414.31,-0.01,93.25,38958.96,-1
2024-06-16,2024-06-16 14:15:00,414.31,414.31,414.25,414.25,-0.01,93.25,38958.96,-1
2024-06-16,2024-06-16 14:16:00,414.25,414.25,414.2,414.2,-0.01,93.25,38958.96,-1
2024-06-16,2024-06-16 14:17:00,414.2,414.2,414.15,414.15,-0.01,93.25,38958.96,-1
2024-06-16,2024-06-16 14:18:00,414.15,414.15,414.1,414.1,-0.01,93.25,38958.96,-1
2024-06-16,2024-06-16 14:19:00,414.1,414.1,414.05,414.05,-0.01,93.25,38958.96,-1
2024-06-16,2024-06-16 14:20:00,414.05,414.05,414.0,414.0,-0.01,93.25,38958.96,-1
2024-06-16,2024-06-16 14:21:00,414.0,414.0,413.95,413.95,-0.01,93.25,38958.96,-1
2024-06-16,2024-06-16 14:22:00,413.95,413.95,413.9,413.9,-0.01,93.25,38958.96,-1
2024-06-16,2024-06-16 14:23:00,413.9,413.9,413.85,413.85,-0.01,93.25,38958.96,-1
2024-06-16,2024-06-16 14:24:00,413.85,413.85,413.79,413.79,-0.01,93.25,38958.96,-1
2024-06-16,2024-06-16 14:25:00,413.79,413.79,413.74,413.74,-0.01,93.25,38958.96,-1
2024-06-16,2024-06-16 14:26:00,413.74,413.74,413.69,413.69,-0.01,93.25,38958.96,-1
2024-06-16,2024-06-16 14:27:00,413.69,413.69,413.64,413.64,-0.01,93.25,38958.96,-1
2024-06-16,2024-06-16 14:28:00,413.64,413.64,413.59,413.59,-0.01,93.25,38958.96,-1
2024-06-16,2024-06-16 14:29:00,413.59,413.59,413.54,413.54,-0.01,93.25,38958.96,-1
2024-06-16,2024-06-16 14:30:00,413.54,413.54,413.49,413.49,-0.01,93.25,38958.96,-1
2024-06-16,2024-06-16 14:31:00,413.49,413.49,413.44,413.44,-0.01,93.25,38958.96,-1
2024-06-16,2024-06-16 14:32:00,413.44,413.44,413.38,413.38,-0.01,93.25,38958.96,-1
2024-06-16,2024-06-16 14:33:00,413.38,413.38,413.33,413.33,-0.01,93.25,38958.96,-1
2024-06-16,2024-06-16 14:34:00,413.33,413.33,413.28,413.28,-0.01,93.25,38958.96,-1
2024-06-16,2024-06-16 14:35:00,413.28,413.28,413.23,413.23,-0.01,93.25,38958.96,-1
2024-06-16,2024-06-16 14:36:00,413.23,413.23,413.18,413.18,-0.01,93.25,38958.96,-1
2024-06-16,2024-06-16 14:37:00,413.18,413.18,413.13,413.13,-0.01,93.25,38958.96,-1
2024-06-16,2024-06-16 14:38:00,413.13,413.13,413.08,413.08,-0.01,93.25,38958.96,-1
2024-06-16,2024-06-16 14:39:00,413.08,413.08,413.02,413.02,-0.01,93.25,38958.96,-1
2024-06-16,2024-06-16 14:40:00,413.02,413.02,412.97,412.97,-0.01,93.25,38958.96,-1
2024-06-16,2024-06-16 14:41:00,412.97,412.97,412.92,412.92,-0.01,93.25,38958.96,-1
2024-06-16,2024-06-16 14:42:00,412.92,412.92,412.87,412.87,-0.01,93.25,38958.96,-1
2024-06-16,2024-06-16 14:43:00,412.87,412.87,412.82,412.82,-0.01,93.25,38958.96,-1
2024-06-16,2024-06-16 14:44:00,412.82,412.82,412.77,412.77,-0.01,93.25,38958.96,-1
2024-06-16,2024-06-16 14:45:00,412.77,412.77,412.72,412.72,-0.01,93.25,38958.96,-1
2024-06-16,2024-06-16 14:46:00,412.72,412.72,412.67,412.67,-0.01,93.25,38958.96,-1
2024-06-16,2024-06-16 14:47:00,412.67,412.67,412.62,412.62,-0.01,93.25,38958.96,-1
2024-06-16,2024-06-16 14:48:00,412.62,412.62,412.56,412.56,-0.01,93.25,38958.96,-1
2024-06-16,2024-06-16 14:49:00,412.56,412.56,412.51,412.51,-0.01,93.25,38958.96,-1
2024-06-16,2024-06-16 14:50:00,412.51,412.51,412.46,412.46,-0.01,93.25,38958.96,-1
2024-06-16,2024-06-16 14:51:00,412.46,412.46,412.41,412.41,-0.01,93.25,38958.96,-1
2024-06-16,2024-06-16 14:52:00,412.41,412.41,412.36,412.36,-0.01,93.25,38958.96,-1
2024-06-16,2024-06-16 14:53:00,412.36,412.36,412.31,412.31,-0.01,93.25,38958.96,-1
2024-06-16,2024-06-16 14:54:00,412.31,412.31,412.26,412.26,-0.01,93.25,38958.96,-1
2024-06-16,2024-06-16 14:55:00,412.26,412.26,412.2,412.2,-0.01,93.25,38958.96,-1
2024-06-16,2024-06-16 14:56:00,412.2,412.2,412.15,412.15,-0.01,93.25,38958.96,-1
2024-06-16,2024-06-16 14:57:00,412.15,412.15,412.1,412.1,-0.01,93.25,38958.96,-1
2024-06-16,2024-06-16 14:58:00,412.1,412.1,412.05,412.05,-0.01,93.25,38958.96,-1
2024-06-16,2024-06-16 14:59:00,412.05,412.05,412.0,412.0,-0.01,93.25,38958.96,-1
2024-06-16,2024-06-16 15:00:00,412.0,424.3,410.1,412.0,0.0,93.25,38958.96,0
2024-06-18,2024-06-18 11:00:00,417.0,417.0,412.5,416.94,-0.01,99.08,40303.14,-1
2024-06-18,2024-06-18 11:01:00,416.94,416.94,416.88,416.88,-0.01,99.08,40303.14,-1
2024-06-18,2024-06-18 11:02:00,416.88,416.88,416.82,416.82,-0.01,99.08,40303.14,-1
2024-06-18,2024-06-18 11:03:00,416.82,416.82,416.77,416.77,-0.01,99.08,40303.14,-1
2024-06-18,2024-06-18 11:04:00,416.77,416.77,416.71,416.71,-0.01,99.08,40303.14,-1
2024-06-18,2024-06-18 11:05:00,416.71,416.71,416.65,416.65,-0.01,99.08,40303.14,-1
2024-06-18,2024-06-18 11:06:00,416.65,416.65,416.59,416.59,-0.01,99.08,40303.14,-1
2024-06-18,2024-06-18 11:07:00,416.59,416.59,416.53,416.53,-0.01,99.08,40303.14,-1
2024-06-18,2024-06-18 11:08:00,416.53,416.53,416.48,416.48,-0.01,99.08,40303.14,-1
2024-06-18,2024-06-18 11:09:00,416.48,416.48,416.42,416.42,-0.01,99.08,40303.14,-1
2024-06-18,2024-06-18 11:10:00,416.42,416.42,416.36,416.36,-0.01,99.08,40303.14,-1
2024-06-18,2024-06-18 11:11:00,416.36,416.36,416.3,416.3,-0.01,99.08,40303.14,-1
2024-06-18,2024-06-18 11:12:00,416.3,416.3,416.24,416.24,-0.01,99.08,40303.14,-1
2024-06-18,2024-06-18 11:13:00,416.24,416.24,416.18,416.18,-0.01,99.08,40303.14,-1
2024-06-18,2024-06-18 11:14:00,416.18,416.18,416.12,416.12,-0.01,99.08,40303.14,-1
2024-06-18,2024-06-18 11:15:00,416.12,416.12,416.07,416.07,-0.01,99.08,40303.14,-1
2024-06-18,2024-06-18 11:16:00,416.07,416.07,416.01,416.01,-0.01,99.08,40303.14,-1
2024-06-18,2024-06-18 11:17:00,416.01,416.01,415.95,415.95,-0.01,99.08,40303.14,-1
2024-06-18,2024-06-18 11:18:00,415.95,415.95,415.89,415.89,-0.01,99.08,40303.14,-1
2024-06-18,2024-06-18 11:19:00,415.89,415.89,415.83,415.83,-0.01,99.08,40303.14,-1
2024-06-18,2024-06-18 11:20:00,415.83,415.83,415.77,415.77,-0.01,99.08,40303.14,-1
2024-06-18,2024-06-18 11:21:00,415.77,415.77,415.72,415.72,-0.01,99.08,40303.14,-1
2024-06-18,2024-06-18 11:22:00,415.72,415.72,415.66,415.66,-0.01,99.08,40303.14,-1
2024-06-18,2024-06-18 11:23:00,415.66,415.66,415.6,415.6,-0.01,99.08,40303.14,-1
2024-06-18,2024-06-18 11:24:00,415.6,415.6,415.54,415.54,-0.01,99.08,40303.14,-1
2024-06-18,2024-06-18 11:25:00,415.54,415.54,415.48,415.48,-0.01,99.08,40303.14,-1
2024-06-18,2024-06-18 11:26:00,415.48,415.48,415.43,415.43,-0.01,99.08,40303.14,-1
2024-06-18,2024-06-18 11:27:00,415.43,415.43,415.37,415.37,-0.01,99.08,40303.14,-1
2024-06-18,2024-06-18 11:28:00,415.37,415.37,415.31,415.31,-0.01,99.08,40303.14,-1
2024-06-18,2024-06-18 11:29:00,415.31,415.31,415.25,415.25,-0.01,99.08,40303.14,-1
2024-06-18,2024-06-18 11:30:00,415.25,415.25,415.19,415.19,-0.01,99.08,40303.14,-1
2024-06-18,2024-06-18 11:31:00,415.19,415.19,415.13,415.13,-0.01,99.08,40303.14,-1
2024-06-18,2024-06-18 11:32:00,415.13,415.13,415.07,415.07,-0.01,99.08,40303.14,-1
2024-06-18,2024-06-18 11:33:00,415.07,415.07,415.02,415.02,-0.01,99.08,40303.14,-1
2024-06-18,2024-06-18 11:34:00,415.02,415.02,414.96,414.96,-0.01,99.08,40303.14,-1
2024-06-18,2024-06-18 11:35:00,414.96,414.96,414.9,414.9,-0.01,99.08,40303.14,-1
2024-06-18,2024-06-18 11:36:00,414.9,414.9,414.84,414.84,-0.01,99.08,40303.14,-1
2024-06-18,2024-06-18 11:37:00,414.84,414.84,414.78,414.78,-0.01,99.08,40303.14,-1
2024-06-18,2024-06-18 11:38:00,414.78,414.78,414.73,414.73,-0.01,99.08,40303.14,-1
2024-06-18,2024-06-18 11:39:00,414.73,414.73,414.67,414.67,-0.01,99.08,40303.14,-1
2024-06-18,2024-06-18 11:40:00,414.67,414.67,414.61,414.61,-0.01,99.08,40303.14,-1
2024-06-18,2024-06-18 11:41:00,414.61,414.61,414.55,414.55,-0.01,99.08,40303.14,-1
2024-06-18,2024-06-18 11:42:00,414.55,414.55,414.49,414.49,-0.01,99.08,40303.14,-1
2024-06-18,2024-06-18 11:43:00,414.49,414.49,414.43,414.43,-0.01,99.08,40303.14,-1
2024-06-18,2024-06-18 11:44:00,414.43,414.43,414.38,414.38,-0.01,99.08,40303.14,-1
2024-06-18,2024-06-18 11:45:00,414.38,414.38,414.32,414.32,-0.01,99.08,40303.14,-1
2024-06-18,2024-06-18 11:46:00,414.32,414.32,414.26,414.26,-0.01,99.08,40303.14,-1
2024-06-18,2024-06-18 11:47:00,414.26,414.26,414.2,414.2,-0.01,99.08,40303.14,-1
2024-06-18,2024-06-18 11:48:00,414.2,414.2,414.14,414.14,-0.01,99.08,40303.14,-1
2024-06-18,2024-06-18 11:49:00,414.14,414.14,414.08,414.08,-0.01,99.08,40303.14,-1
2024-06-18,2024-06-18 11:50:00,414.08,414.08,414.02,414.02,-0.01,99.08,40303.14,-1
2024-06-18,2024-06-18 11:51:00,414.02,414.02,413.97,413.97,-0.01,99.08,40303.14,-1
2024-06-18,2024-06-18 11:52:00,413.97,413.97,413.91,413.91,-0.01,99.08,40303.14,-1
2024-06-18,2024-06-18 11:53:00,413.91,413.91,413.85,413.85,-0.01,99.08,40303.14,-1
2024-06-18,2024-06-18 11:54:00,413.85,413.85,413.79,413.79,-0.01,99.08,40303.14,-1
2024-06-18,2024-06-18 11:55:00,413.79,413.79,413.73,413.73,-0.01,99.08,40303.14,-1
2024-06-18,2024-06-18 11:56:00,413.73,413.73,413.68,413.68,-0.01,99.08,40303.14,-1
2024-06-18,2024-06-18 11:57:00,413.68,413.68,413.62,413.62,-0.01,99.08,40303.14,-1
2024-06-18,2024-06-18 11:58:00,413.62,413.62,413.56,413.56,-0.01,99.08,40303.14,-1
2024-06-18,2024-06-18 11:59:00,413.56,413.56,413.5,413.5,-0.01,99.08,40303.14,-1
2024-06-18,2024-06-18 12:00:00,413.5,413.5,413.44,413.44,-0.01,99.08,40303.14,-1
2024-06-18,2024-06-18 12:01:00,413.44,413.44,413.38,413.38,-0.01,99.08,40303.14,-1
2024-06-18,2024-06-18 12:02:00,413.38,413.38,413.32,413.32,-0.01,99.08,40303.14,-1
2024-06-18,2024-06-18 12:03:00,413.32,413.32,413.27,413.27,-0.01,99.08,40303.14,-1
2024-06-18,2024-06-18 12:04:00,413.27,413.27,413.21,413.21,-0.01,99.08,40303.14,-1
2024-06-18,2024-06-18 12:05:00,413.21,413.21,413.15,413.15,-0.01,99.08,40303.14,-1
2024-06-18,2024-06-18 12:06:00,413.15,413.15,413.09,413.09,-0.01,99.08,40303.14,-1
2024-06-18,2024-06-18 12:07:00,413.09,413.09,413.03,413.03,-0.01,99.08,40303.14,-1
2024-06-18,2024-06-18 12:08:00,413.03,413.03,412.98,412.98,-0.01,99.08,40303.14,-1
2024-06-18,2024-06-18 12:09:00,412.98,412.98,412.92,412.92,-0.01,99.08,40303.14,-1
2024-06-18,2024-06-18 12:10:00,412.92,412.92,412.86,412.86,-0.01,99.08,40303.14,-1
2024-06-18,2024-06-18 12:11:00,412.86,412.86,412.8,412.8,-0.01,99.08,40303.14,-1
2024-06-18,2024-06-18 12:12:00,412.8,412.8,412.74,412.74,-0.01,99.08,40303.14,-1
2024-06-18,2024-06-18 12:13:00,412.74,412.74,412.68,412.68,-0.01,99.08,40303.14,-1
2024-06-18,2024-06-18 12:14:00,412.68,412.68,412.62,412.62,-0.01,99.08,40303.14,-1
2024-06-18,2024-06-18 12:15:00,412.62,412.62,412.57,412.57,-0.01,99.08,40303.14,-1
2024-06-18,2024-06-18 12:16:00,412.57,412.57,412.51,412.51,-0.01,99.08,40303.14,-1
2024-06-18,2024-06-18 12:17:00,412.51,412.51,412.45,412.45,-0.01,99.08,40303.14,-1
2024-06-18,2024-06-18 12:18:00,412.45,412.45,412.39,412.39,-0.01,99.08,40303.14,-1
2024-06-18,2024-06-18 12:19:00,412.39,412.39,412.33,412.33,-0.01,99.08,40303.14,-1
2024-06-18,2024-06-18 12:20:00,412.33,412.33,412.27,412.27,-0.01,99.08,40303.14,-1
2024-06-18,2024-06-18 12:21:00,412.27,412.27,412.22,412.22,-0.01,99.08,40303.14,-1
2024-06-18,2024-06-18 12:22:00,412.22,412.22,412.16,412.16,-0.01,99.08,40303.14,-1
2024-06-18,2024-06-18 12:23:00,412.16,412.16,412.1,412.1,-0.01,99.08,40303.14,-1
2024-06-18,2024-06-18 12:24:00,412.1,412.1,412.04,412.04,-0.01,99.08,40303.14,-1
2024-06-18,2024-06-18 12:25:00,412.04,412.04,411.98,411.98,-0.01,99.08,40303.14,-1
2024-06-18,2024-06-18 12:26:00,411.98,411.98,411.93,411.93,-0.01,99.08,40303.14,-1
2024-06-18,2024-06-18 12:27:00,411.93,411.93,411.87,411.87,-0.01,99.08,40303.14,-1
2024-06-18,2024-06-18 12:28:00,411.87,411.87,411.81,411.81,-0.01,99.08,40303.14,-1
2024-06-18,2024-06-18 12:29:00,411.81,411.81,411.75,411.75,-0.01,99.08,40303.14,-1
2024-06-18,2024-06-18 12:30:00,411.75,411.75,411.69,411.69,-0.01,99.08,40303.14,-1
2024-06-18,2024-06-18 12:31:00,411.69,411.69,411.63,411.63,-0.01,99.08,40303.14,-1
2024-06-18,2024-06-18 12:32:00,411.63,411.63,411.57,411.57,-0.01,99.08,40303.14,-1
2024-06-18,2024-06-18 12:33:00,411.57,411.57,411.52,411.52,-0.01,99.08,40303.14,-1
2024-06-18,2024-06-18 12:34:00,411.52,411.52,411.46,411.46,-0.01,99.08,40303.14,-1
2024-06-18,2024-06-18 12:35:00,411.46,411.46,411.4,411.4,-0.01,99.08,40303.14,-1
2024-06-18,2024-06-18 12:36:00,411.4,411.4,411.34,411.34,-0.01,99.08,40303.14,-1
2024-06-18,2024-06-18 12:37:00,411.34,411.34,411.28,411.28,-0.01,99.08,40303.14,-1
2024-06-18,2024-06-18 12:38:00,411.28,411.28,411.23,411.23,-0.01,99.08,40303.14,-1
2024-06-18,2024-06-18 12:39:00,411.23,411.23,411.17,411.17,-0.01,99.08,40303.14,-1
2024-06-18,2024-06-18 12:40:00,411.17,411.17,411.11,411.11,-0.01,99.08,40303.14,-1
2024-06-18,2024-06-18 12:41:00,411.11,411.11,411.05,411.05,-0.01,99.08,40303.14,-1
2024-06-18,2024-06-18 12:42:00,411.05,411.05,410.99,410.99,-0.01,99.08,40303.14,-1
2024-06-18,2024-06-18 12:43:00,410.99,410.99,410.93,410.93,-0.01,99.08,40303.14,-1
2024-06-18,2024-06-18 12:44:00,410.93,410.93,410.88,410.88,-0.01,99.08,40303.14,-1
2024-06-18,2024-06-18 12:45:00,410.88,410.88,410.82,410.82,-0.01,99.08,40303.14,-1
2024-06-18,2024-06-18 12:46:00,410.82,410.82,410.76,410.76,-0.01,99.08,40303.14,-1
2024-06-18,2024-06-18 12:47:00,410.76,410.76,410.7,410.7,-0.01,99.08,40303.14,-1
2024-06-18,2024-06-18 12:48:00,410.7,410.7,410.64,410.64,-0.01,99.08,40303.14,-1
2024-06-18,2024-06-18 12:49:00,410.64,410.64,410.58,410.58,-0.01,99.08,40303.14,-1
2024-06-18,2024-06-18 12:50:00,410.58,410.58,410.52,410.52,-0.01,99.08,40303.14,-1
2024-06-18,2024-06-18 12:51:00,410.52,410.52,410.47,410.47,-0.01,99.08,40303.14,-1
2024-06-18,2024-06-18 12:52:00,410.47,410.47,410.41,410.41,-0.01,99.08,40303.14,-1
2024-06-18,2024-06-18 12:53:00,410.41,410.41,410.35,410.35,-0.01,99.08,40303.14,-1
2024-06-18,2024-06-18 12:54:00,410.35,410.35,410.29,410.29,-0.01,99.08,40303.14,-1
2024-06-18,2024-06-18 12:55:00,410.29,410.29,410.23,410.23,-0.01,99.08,40303.14,-1
2024-06-18,2024-06-18 12:56:00,410.23,410.23,410.18,410.18,-0.01,99.08,40303.14,-1
2024-06-18,2024-06-18 12:57:00,410.18,410.18,410.12,410.12,-0.01,99.08,40303.14,-1
2024-06-18,2024-06-18 12:58:00,410.12,410.12,410.06,410.06,-0.01,99.08,40303.14,-1
2024-06-18,2024-06-18 12:59:00,410.06,410.06,410.0,410.0,-0.01,99.08,40303.14,-1
2024-06-18,2024-06-18 13:00:00,410.0,417.0,402.0,409.94,-0.01,99.08,40303.14,-1
2024-06-18,2024-06-18 13:01:00,409.94,409.94,409.88,409.88,-0.01,99.08,40303.14,-1
2024-06-18,2024-06-18 13:02:00,409.88,409.88,409.82,409.82,-0.01,99.08,40303.14,-1
2024-06-18,2024-06-18 13:03:00,409.82,409.82,409.77,409.77,-0.01,99.08,40303.14,-1
2024-06-18,2024-06-18 13:04:00,409.77,409.77,409.71,409.71,-0.01,99.08,40303.14,-1
2024-06-18,2024-06-18 13:05:00,409.71,409.71,409.65,409.65,-0.01,99.08,40303.14,-1
2024-06-18,2024-06-18 13:06:00,409.65,409.65,409.59,409.59,-0.01,99.08,40303.14,-1
2024-06-18,2024-06-18 13:07:00,409.59,409.59,409.53,409.53,-0.01,99.08,40303.14,-1
2024-06-18,2024-06-18 13:08:00,409.53,409.53,409.48,409.48,-0.01,99.08,40303.14,-1
2024-06-18,2024-06-18 13:09:00,409.48,409.48,409.42,409.42,-0.01,99.08,40303.14,-1
2024-06-18,2024-06-18 13:10:00,409.42,409.42,409.36,409.36,-0.01,99.08,40303.14,-1
2024-06-18,2024-06-18 13:11:00,409.36,409.36,409.3,409.3,-0.01,99.08,40303.14,-1
2024-06-18,2024-06-18 13:12:00,409.3,409.3,409.24,409.24,-0.01,99.08,40303.14,-1
2024-06-18,2024-06-18 13:13:00,409.24,409.24,409.18,409.18,-0.01,99.08,40303.14,-1
2024-06-18,2024-06-18 13:14:00,409.18,409.18,409.12,409.12,-0.01,99.08,40303.14,-1
2024-06-18,2024-06-18 13:15:00,409.12,409.12,409.07,409.07,-0.01,99.08,40303.14,-1
2024-06-18,2024-06-18 13:16:00,409.07,409.07,409.01,409.01,-0.01,99.08,40303.14,-1
2024-06-18,2024-06-18 13:17:00,409.01,409.01,408.95,408.95,-0.01,99.08,40303.14,-1
2024-06-18,2024-06-18 13:18:00,408.95,408.95,408.89,408.89,-0.01,99.08,40303.14,-1
2024-06-18,2024-06-18 13:19:00,408.89,408.89,408.83,408.83,-0.01,99.08,40303.14,-1
2024-06-18,2024-06-18 13:20:00,408.83,408.83,408.77,408.77,-0.01,99.08,40303.14,-1
2024-06-18,2024-06-18 13:21:00,408.77,408.77,408.72,408.72,-0.01,99.08,40303.14,-1
2024-06-18,2024-06-18 13:22:00,408.72,408.72,408.66,408.66,-0.01,99.08,40303.14,-1
2024-06-18,2024-06-18 13:23:00,408.66,408.66,408.6,408.6,-0.01,99.08,40303.14,-1
2024-06-18,2024-06-18 13:24:00,408.6,408.6,408.54,408.54,-0.01,99.08,40303.14,-1
2024-06-18,2024-06-18 13:25:00,408.54,408.54,408.48,408.48,-0.01,99.08,40303.14,-1
2024-06-18,2024-06-18 13:26:00,408.48,408.48,408.43,408.43,-0.01,99.08,40303.14,-1
2024-06-18,2024-06-18 13:27:00,408.43,408.43,408.37,408.37,-0.01,99.08,40303.14,-1
2024-06-18,2024-06-18 13:28:00,408.37,408.37,408.31,408.31,-0.01,99.08,40303.14,-1
2024-06-18,2024-06-18 13:29:00,408.31,408.31,408.25,408.25,-0.01,99.08,40303.14,-1
2024-06-18,2024-06-18 13:30:00,408.25,408.25,408.19,408.19,-0.01,99.08,40303.14,-1
2024-06-18,2024-06-18 13:31:00,408.19,408.19,408.13,408.13,-0.01,99.08,40303.14,-1
2024-06-18,2024-06-18 13:32:00,408.13,408.13,408.07,408.07,-0.01,99.08,40303.14,-1
2024-06-18,2024-06-18 13:33:00,408.07,408.07,408.02,408.02,-0.01,99.08,40303.14,-1
2024-06-18,2024-06-18 13:34:00,408.02,408.02,407.96,407.96,-0.01,99.08,40303.14,-1
2024-06-18,2024-06-18 13:35:00,407.96,407.96,407.9,407.9,-0.01,99.08,40303.14,-1
2024-06-18,2024-06-18 13:36:00,407.9,407.9,407.84,407.84,-0.01,99.08,40303.14,-1
2024-06-18,2024-06-18 13:37:00,407.84,407.84,407.78,407.78,-0.01,99.08,40303.14,-1
2024-06-18,2024-06-18 13:38:00,407.78,407.78,407.73,407.73,-0.01,99.08,40303.14,-1
2024-06-18,2024-06-18 13:39:00,407.73,407.73,407.67,407.67,-0.01,99.08,40303.14,-1
2024-06-18,2024-06-18 13:40:00,407.67,407.67,407.61,407.61,-0.01,99.08,40303.14,-1
2024-06-18,2024-06-18 13:41:00,407.61,407.61,407.55,407.55,-0.01,99.08,40303.14,-1
2024-06-18,2024-06-18 13:42:00,407.55,407.55,407.49,407.49,-0.01,99.08,40303.14,-1
2024-06-18,2024-06-18 13:43:00,407.49,407.49,407.43,407.43,-0.01,99.08,40303.14,-1
2024-06-18,2024-06-18 13:44:00,407.43,407.43,407.38,407.38,-0.01,99.08,40303.14,-1
2024-06-18,2024-06-18 13:45:00,407.38,407.38,407.32,407.32,-0.01,99.08,40303.14,-1
2024-06-18,2024-06-18 13:46:00,407.32,407.32,407.26,407.26,-0.01,99.08,40303.14,-1
2024-06-18,2024-06-18 13:47:00,407.26,407.26,407.2,407.2,-0.01,99.08,40303.14,-1
2024-06-18,2024-06-18 13:48:00,407.2,407.2,407.14,407.14,-0.01,99.08,40303.14,-1
2024-06-18,2024-06-18 13:49:00,407.14,407.14,407.08,407.08,-0.01,99.08,40303.14,-1
2024-06-18,2024-06-18 13:50:00,407.08,407.08,407.02,407.02,-0.01,99.08,40303.14,-1
2024-06-18,2024-06-18 13:51:00,407.02,407.02,406.97,406.97,-0.01,99.08,40303.14,-1
2024-06-18,2024-06-18 13:52:00,406.97,406.97,406.91,406.91,-0.01,99.08,40303.14,-1
2024-06-18,2024-06-18 13:53:00,406.91,406.91,406.85,406.85,-0.01,99.08,40303.14,-1
2024-06-18,2024-06-18 13:54:00,406.85,406.85,406.79,406.79,-0.01,99.08,40303.14,-1
2024-06-18,2024-06-18 13:55:00,406.79,406.79,406.73,406.73,-0.01,99.08,40303.14,-1
2024-06-18,2024-06-18 13:56:00,406.73,406.73,406.68,406.68,-0.01,99.08,40303.14,-1
2024-06-18,2024-06-18 13:57:00,406.68,406.68,406.62,406.62,-0.01,99.08,40303.14,-1
2024-06-18,2024-06-18 13:58:00,406.62,406.62,406.56,406.56,-0.01,99.08,40303.14,-1
2024-06-18,2024-06-18 13:59:00,406.56,406.56,406.5,406.5,-0.01,99.08,40303.14,-1
2024-06-18,2024-06-18 14:00:00,406.5,406.5,406.44,406.44,-0.01,99.08,40303.14,-1
2024-06-18,2024-06-18 14:01:00,406.44,406.44,406.38,406.38,-0.01,99.08,40303.14,-1
2024-06-18,2024-06-18 14:02:00,406.38,406.38,406.32,406.32,-0.01,99.08,40303.14,-1
2024-06-18,2024-06-18 14:03:00,406.32,406.32,406.27,406.27,-0.01,99.08,40303.14,-1
2024-06-18,2024-06-18 14:04:00,406.27,406.27,406.21,406.21,-0.01,99.08,40303.14,-1
2024-06-18,2024-06-18 14:05:00,406.21,406.21,406.15,406.15,-0.01,99.08,40303.14,-1
2024-06-18,2024-06-18 14:06:00,406.15,406.15,406.09,406.09,-0.01,99.08,40303.14,-1
2024-06-18,2024-06-18 14:07:00,406.09,406.09,406.03,406.03,-0.01,99.08,40303.14,-1
2024-06-18,2024-06-18 14:08:00,406.03,406.03,405.98,405.98,-0.01,99.08,40303.14,-1
2024-06-18,2024-06-18 14:09:00,405.98,405.98,405.92,405.92,-0.01,99.08,40303.14,-1
2024-06-18,2024-06-18 14:10:00,405.92,405.92,405.86,405.86,-0.01,99.08,40303.14,-1
2024-06-18,2024-06-18 14:11:00,405.86,405.86,405.8,405.8,-0.01,99.08,40303.14,-1
2024-06-18,2024-06-18 14:12:00,405.8,405.8,405.74,405.74,-0.01,99.08,40303.14,-1
2024-06-18,2024-06-18 14:13:00,405.74,405.74,405.68,405.68,-0.01,99.08,40303.14,-1
2024-06-18,2024-06-18 14:14:00,405.68,405.68,405.62,405.62,-0.01,99.08,40303.14,-1
2024-06-18,2024-06-18 14:15:00,405.62,405.62,405.57,405.57,-0.01,99.08,40303.14,-1
2024-06-18,2024-06-18 14:16:00,405.57,405.57,405.51,405.51,-0.01,99.08,40303.14,-1
2024-06-18,2024-06-18 14:17:00,405.51,405.51,405.45,405.45,-0.01,99.08,40303.14,-1
2024-06-18,2024-06-18 14:18:00,405.45,405.45,405.39,405.39,-0.01,99.08,40303.14,-1
2024-06-18,2024-06-18 14:19:00,405.39,405.39,405.33,405.33,-0.01,99.08,40303.14,-1
2024-06-18,2024-06-18 14:20:00,405.33,405.33,405.27,405.27,-0.01,99.08,40303.14,-1
2024-06-18,2024-06-18 14:21:00,405.27,405.27,405.22,405.22,-0.01,99.08,40303.14,-1
2024-06-18,2024-06-18 14:22:00,405.22,405.22,405.16,405.16,-0.01,99.08,40303.14,-1
2024-06-18,2024-06-18 14:23:00,405.16,405.16,405.1,405.1,-0.01,99.08,40303.14,-1
2024-06-18,2024-06-18 14:24:00,405.1,405.1,405.04,405.04,-0.01,99.08,40303.14,-1
2024-06-18,2024-06-18 14:25:00,405.04,405.04,404.98,404.98,-0.01,99.08,40303.14,-1
2024-06-18,2024-06-18 14:26:00,404.98,404.98,404.93,404.93,-0.01,99.08,40303.14,-1
2024-06-18,2024-06-18 14:27:00,404.93,404.93,404.87,404.87,-0.01,99.08,40303.14,-1
2024-06-18,2024-06-18 14:28:00,404.87,404.87,404.81,404.81,-0.01,99.08,40303.14,-1
2024-06-18,2024-06-18 14:29:00,404.81,404.81,404.75,404.75,-0.01,99.08,40303.14,-1
2024-06-18,2024-06-18 14:30:00,404.75,404.75,404.69,404.69,-0.01,99.08,40303.14,-1
2024-06-18,2024-06-18 14:31:00,404.69,404.69,404.63,404.63,-0.01,99.08,40303.14,-1
2024-06-18,2024-06-18 14:32:00,404.63,404.63,404.57,404.57,-0.01,99.08,40303.14,-1
2024-06-18,2024-06-18 14:33:00,404.57,404.57,404.52,404.52,-0.01,99.08,40303.14,-1
2024-06-18,2024-06-18 14:34:00,404.52,404.52,404.46,404.46,-0.01,99.08,40303.14,-1
2024-06-18,2024-06-18 14:35:00,404.46,404.46,404.4,404.4,-0.01,99.08,40303.14,-1
2024-06-18,2024-06-18 14:36:00,404.4,404.4,404.34,404.34,-0.01,99.08,40303.14,-1
2024-06-18,2024-06-18 14:37:00,404.34,404.34,404.28,404.28,-0.01,99.08,40303.14,-1
2024-06-18,2024-06-18 14:38:00,404.28,404.28,404.23,404.23,-0.01,99.08,40303.14,-1
2024-06-18,2024-06-18 14:39:00,404.23,404.23,404.17,404.17,-0.01,99.08,40303.14,-1
2024-06-18,2024-06-18 14:40:00,404.17,404.17,404.11,404.11,-0.01,99.08,40303.14,-1
2024-06-18,2024-06-18 14:41:00,404.11,404.11,404.05,404.05,-0.01,99.08,40303.14,-1
2024-06-18,2024-06-18 14:42:00,404.05,404.05,403.99,403.99,-0.01,99.08,40303.14,-1
2024-06-18,2024-06-18 14:43:00,403.99,403.99,403.93,403.93,-0.01,99.08,40303.14,-1
2024-06-18,2024-06-18 14:44:00,403.93,403.93,403.88,403.88,-0.01,99.08,40303.14,-1
2024-06-18,2024-06-18 14:45:00,403.88,403.88,403.82,403.82,-0.01,99.08,40303.14,-1
2024-06-18,2024-06-18 14:46:00,403.82,403.82,403.76,403.76,-0.01,99.08,40303.14,-1
2024-06-18,2024-06-18 14:47:00,403.76,403.76,403.7,403.7,-0.01,99.08,40303.14,-1
2024-06-18,2024-06-18 14:48:00,403.7,403.7,403.64,403.64,-0.01,99.08,40303.14,-1
2024-06-18,2024-06-18 14:49:00,403.64,403.64,403.58,403.58,-0.01,99.08,40303.14,-1
2024-06-18,2024-06-18 14:50:00,403.58,403.58,403.52,403.52,-0.01,99.08,40303.14,-1
2024-06-18,2024-06-18 14:51:00,403.52,403.52,403.47,403.47,-0.01,99.08,40303.14,-1
2024-06-18,2024-06-18 14:52:00,403.47,403.47,403.41,403.41,-0.01,99.08,40303.14,-1
2024-06-18,2024-06-18 14:53:00,403.41,403.41,403.35,403.35,-0.01,99.08,40303.14,-1
2024-06-18,2024-06-18 14:54:00,403.35,403.35,403.29,403.29,-0.01,99.08,40303.14,-1
2024-06-18,2024-06-18 14:55:00,403.29,403.29,403.23,403.23,-0.01,99.08,40303.14,-1
2024-06-18,2024-06-18 14:56:00,403.23,403.23,403.18,403.18,-0.01,99.08,40303.14,-1
2024-06-18,2024-06-18 14:57:00,403.18,403.18,403.12,403.12,-0.01,99.08,40303.14,-1
2024-06-18,2024-06-18 14:58:00,403.12,403.12,403.06,403.06,-0.01,99.08,40303.14,-1
2024-06-18,2024-06-18 14:59:00,403.06,403.06,403.0,403.0,-0.01,99.08,40303.14,-1
2024-06-18,2024-06-18 15:00:00,403.0,417.0,402.0,403.0,0.0,99.08,40303.14,0
2024-06-19,2024-06-19 11:00:00,403.0,405.4,402.7,403.01,0.0,58.87,23872.16,1
2024-06-19,2024-06-19 11:01:00,403.01,403.02,403.01,403.02,0.0,58.87,23872.16,1
2024-06-19,2024-06-19 11:02:00,403.02,403.04,403.02,403.04,0.0,58.87,23872.16,1
2024-06-19,2024-06-19 11:03:00,403.04,403.05,403.04,403.05,0.0,58.87,23872.16,1
2024-06-19,2024-06-19 11:04:00,403.05,403.06,403.05,403.06,0.0,58.87,23872.16,1
2024-06-19,2024-06-19 11:05:00,403.06,403.07,403.06,403.07,0.0,58.87,23872.16,1
2024-06-19,2024-06-19 11:06:00,403.07,403.09,403.07,403.09,0.0,58.87,23872.16,1
2024-06-19,2024-06-19 11:07:00,403.09,403.1,403.09,403.1,0.0,58.87,23872.16,1
2024-06-19,2024-06-19 11:08:00,403.1,403.11,403.1,403.11,0.0,58.87,23872.16,1
2024-06-19,2024-06-19 11:09:00,403.11,403.12,403.11,403.12,0.0,58.87,23872.16,1
2024-06-19,2024-06-19 11:10:00,403.12,403.14,403.12,403.14,0.0,58.87,23872.16,1
2024-06-19,2024-06-19 11:11:00,403.14,403.15,403.14,403.15,0.0,58.87,23872.16,1
2024-06-19,2024-06-19 11:12:00,403.15,403.16,403.15,403.16,0.0,58.87,23872.16,1
2024-06-19,2024-06-19 11:13:00,403.16,403.18,403.16,403.18,0.0,58.87,23872.16,1
2024-06-19,2024-06-19 11:14:00,403.18,403.19,403.18,403.19,0.0,58.87,23872.16,1
2024-06-19,2024-06-19 11:15:00,403.19,403.2,403.19,403.2,0.0,58.87,23872.16,1
2024-06-19,2024-06-19 11:16:00,403.2,403.21,403.2,403.21,0.0,58.87,23872.16,1
2024-06-19,2024-06-19 11:17:00,403.21,403.23,403.21,403.23,0.0,58.87,23872.16,1
2024-06-19,2024-06-19 11:18:00,403.23,403.24,403.23,403.24,0.0,58.87,23872.16,1
2024-06-19,2024-06-19 11:19:00,403.24,403.25,403.24,403.25,0.0,58.87,23872.16,1
2024-06-19,2024-06-19 11:20:00,403.25,403.26,403.25,403.26,0.0,58.87,23872.16,1
2024-06-19,2024-06-19 11:21:00,403.26,403.27,403.26,403.27,0.0,58.87,23872.16,1
2024-06-19,2024-06-19 11:22:00,403.27,403.29,403.27,403.29,0.0,58.87,23872.16,1
2024-06-19,2024-06-19 11:23:00,403.29,403.3,403.29,403.3,0.0,58.87,23872.16,1
2024-06-19,2024-06-19 11:24:00,403.3,403.31,403.3,403.31,0.0,58.87,23872.16,1
2024-06-19,2024-06-19 11:25:00,403.31,403.32,403.31,403.32,0.0,58.87,23872.16,1
2024-06-19,2024-06-19 11:26:00,403.32,403.34,403.32,403.34,0.0,58.87,23872.16,1
2024-06-19,2024-06-19 11:27:00,403.34,403.35,403.34,403.35,0.0,58.87,23872.16,1
2024-06-19,2024-06-19 11:28:00,403.35,403.36,403.35,403.36,0.0,58.87,23872.16,1
2024-06-19,2024-06-19 11:29:00,403.36,403.38,403.36,403.38,0.0,58.87,23872.16,1
2024-06-19,2024-06-19 11:30:00,403.38,403.39,403.38,403.39,0.0,58.87,23872.16,1
2024-06-19,2024-06-19 11:31:00,403.39,403.4,403.39,403.4,0.0,58.87,23872.16,1
2024-06-19,2024-06-19 11:32:00,403.4,403.41,403.4,403.41,0.0,58.87,23872.16,1
2024-06-19,2024-06-19 11:33:00,403.41,403.43,403.41,403.43,0.0,58.87,23872.16,1
2024-06-19,2024-06-19 11:34:00,403.43,403.44,403.43,403.44,0.0,58.87,23872.16,1
2024-06-19,2024-06-19 11:35:00,403.44,403.45,403.44,403.45,0.0,58.87,23872.16,1
2024-06-19,2024-06-19 11:36:00,403.45,403.46,403.45,403.46,0.0,58.87,23872.16,1
2024-06-19,2024-06-19 11:37:00,403.46,403.48,403.46,403.48,0.0,58.87,23872.16,1
2024-06-19,2024-06-19 11:38:00,403.48,403.49,403.48,403.49,0.0,58.87,23872.16,1
2024-06-19,2024-06-19 11:39:00,403.49,403.5,403.49,403.5,0.0,58.87,23872.16,1
2024-06-19,2024-06-19 11:40:00,403.5,403.51,403.5,403.51,0.0,58.87,23872.16,1
2024-06-19,2024-06-19 11:41:00,403.51,403.52,403.51,403.52,0.0,58.87,23872.16,1
2024-06-19,2024-06-19 11:42:00,403.52,403.54,403.52,403.54,0.0,58.87,23872.16,1
2024-06-19,2024-06-19 11:43:00,403.54,403.55,403.54,403.55,0.0,58.87,23872.16,1
2024-06-19,2024-06-19 11:44:00,403.55,403.56,403.55,403.56,0.0,58.87,23872.16,1
2024-06-19,2024-06-19 11:45:00,403.56,403.57,403.56,403.57,0.0,58.87,23872.16,1
2024-06-19,2024-06-19 11:46:00,403.57,403.59,403.57,403.59,0.0,58.87,23872.16,1
2024-06-19,2024-06-19 11:47:00,403.59,403.6,403.59,403.6,0.0,58.87,23872.16,1
2024-06-19,2024-06-19 11:48:00,403.6,403.61,403.6,403.61,0.0,58.87,23872.16,1
2024-06-19,2024-06-19 11:49:00,403.61,403.62,403.61,403.62,0.0,58.87,23872.16,1
2024-06-19,2024-06-19 11:50:00,403.62,403.64,403.62,403.64,0.0,58.87,23872.16,1
2024-06-19,2024-06-19 11:51:00,403.64,403.65,403.64,403.65,0.0,58.87,23872.16,1
2024-06-19,2024-06-19 11:52:00,403.65,403.66,403.65,403.66,0.0,58.87,23872.16,1
2024-06-19,2024-06-19 11:53:00,403.66,403.68,403.66,403.68,0.0,58.87,23872.16,1
2024-06-19,2024-06-19 11:54:00,403.68,403.69,403.68,403.69,0.0,58.87,23872.16,1
2024-06-19,2024-06-19 11:55:00,403.69,403.7,403.69,403.7,0.0,58.87,23872.16,1
2024-06-19,2024-06-19 11:56:00,403.7,403.71,403.7,403.71,0.0,58.87,23872.16,1
2024-06-19,2024-06-19 11:57:00,403.71,403.73,403.71,403.73,0.0,58.87,23872.16,1
2024-06-19,2024-06-19 11:58:00,403.73,403.74,403.73,403.74,0.0,58.87,23872.16,1
2024-06-19,2024-06-19 11:59:00,403.74,403.75,403.74,403.75,0.0,58.87,23872.16,1
2024-06-19,2024-06-19 12:00:00,403.75,403.76,403.75,403.76,0.0,58.87,23872.16,1
2024-06-19,2024-06-19 12:01:00,403.76,403.77,403.76,403.77,0.0,58.87,23872.16,1
2024-06-19,2024-06-19 12:02:00,403.77,403.79,403.77,403.79,0.0,58.87,23872.16,1
2024-06-19,2024-06-19 12:03:00,403.79,403.8,403.79,403.8,0.0,58.87,23872.16,1
2024-06-19,2024-06-19 12:04:00,403.8,403.81,403.8,403.81,0.0,58.87,23872.16,1
2024-06-19,2024-06-19 12:05:00,403.81,403.82,403.81,403.82,0.0,58.87,23872.16,1
2024-06-19,2024-06-19 12:06:00,403.82,403.84,403.82,403.84,0.0,58.87,23872.16,1
2024-06-19,2024-06-19 12:07:00,403.84,403.85,403.84,403.85,0.0,58.87,23872.16,1
2024-06-19,2024-06-19 12:08:00,403.85,403.86,403.85,403.86,0.0,58.87,23872.16,1
2024-06-19,2024-06-19 12:09:00,403.86,403.88,403.86,403.88,0.0,58.87,23872.16,1
2024-06-19,2024-06-19 12:10:00,403.88,403.89,403.88,403.89,0.0,58.87,23872.16,1
2024-06-19,2024-06-19 12:11:00,403.89,403.9,403.89,403.9,0.0,58.87,23872.16,1
2024-06-19,2024-06-19 12:12:00,403.9,403.91,403.9,403.91,0.0,58.87,23872.16,1
2024-06-19,2024-06-19 12:13:00,403.91,403.93,403.91,403.93,0.0,58.87,23872.16,1
2024-06-19,2024-06-19 12:14:00,403.93,403.94,403.93,403.94,0.0,58.87,23872.16,1
2024-06-19,2024-06-19 12:15:00,403.94,403.95,403.94,403.95,0.0,58.87,23872.16,1
2024-06-19,2024-06-19 12:16:00,403.95,403.96,403.95,403.96,0.0,58.87,23872.16,1
2024-06-19,2024-06-19 12:17:00,403.96,403.98,403.96,403.98,0.0,58.87,23872.16,1
2024-06-19,2024-06-19 12:18:00,403.98,403.99,403.98,403.99,0.0,58.87,23872.16,1
2024-06-19,2024-06-19 12:19:00,403.99,404.0,403.99,404.0,0.0,58.87,23872.16,1
2024-06-19,2024-06-19 12:20:00,404.0,404.01,404.0,404.01,0.0,58.87,23872.16,1
2024-06-19,2024-06-19 12:21:00,404.01,404.02,404.01,404.02,0.0,58.87,23872.16,1
2024-06-19,2024-06-19 12:22:00,404.02,404.04,404.02,404.04,0.0,58.87,23872.16,1
2024-06-19,2024-06-19 12:23:00,404.04,404.05,404.04,404.05,0.0,58.87,23872.16,1
2024-06-19,2024-06-19 12:24:00,404.05,404.06,404.05,404.06,0.0,58.87,23872.16,1
2024-06-19,2024-06-19 12:25:00,404.06,404.07,404.06,404.07,0.0,58.87,23872.16,1
2024-06-19,2024-06-19 12:26:00,404.07,404.09,404.07,404.09,0.0,58.87,23872.16,1
2024-06-19,2024-06-19 12:27:00,404.09,404.1,404.09,404.1,0.0,58.87,23872.16,1
2024-06-19,2024-06-19 12:28:00,404.1,404.11,404.1,404.11,0.0,58.87,23872.16,1
2024-06-19,2024-06-19 12:29:00,404.11,404.12,404.11,404.12,0.0,58.87,23872.16,1
2024-06-19,2024-06-19 12:30:00,404.12,404.14,404.12,404.14,0.0,58.87,23872.16,1
2024-06-19,2024-06-19 12:31:00,404.14,404.15,404.14,404.15,0.0,58.87,23872.16,1
2024-06-19,2024-06-19 12:32:00,404.15,404.16,404.15,404.16,0.0,58.87,23872.16,1
2024-06-19,2024-06-19 12:33:00,404.16,404.18,404.16,404.18,0.0,58.87,23872.16,1
2024-06-19,2024-06-19 12:34:00,404.18,404.19,404.18,404.19,0.0,58.87,23872.16,1
2024-06-19,2024-06-19 12:35:00,404.19,404.2,404.19,404.2,0.0,58.87,23872.16,1
2024-06-19,2024-06-19 12:36:00,404.2,404.21,404.2,404.21,0.0,58.87,23872.16,1
2024-06-19,2024-06-19 12:37:00,404.21,404.23,404.21,404.23,0.0,58.87,23872.16,1
2024-06-19,2024-06-19 12:38:00,404.23,404.24,404.23,404.24,0.0,58.87,23872.16,1
2024-06-19,2024-06-19 12:39:00,404.24,404.25,404.24,404.25,0.0,58.87,23872.16,1
2024-06-19,2024-06-19 12:40:00,404.25,404.26,404.25,404.26,0.0,58.87,23872.16,1
2024-06-19,2024-06-19 12:41:00,404.26,404.27,404.26,404.27,0.0,58.87,23872.16,1
2024-06-19,2024-06-19 12:42:00,404.27,404.29,404.27,404.29,0.0,58.87,23872.16,1
2024-06-19,2024-06-19 12:43:00,404.29,404.3,404.29,404.3,0.0,58.87,23872.16,1
2024-06-19,2024-06-19 12:44:00,404.3,404.31,404.3,404.31,0.0,58.87,23872.16,1
2024-06-19,2024-06-19 12:45:00,404.31,404.32,404.31,404.32,0.0,58.87,23872.16,1
2024-06-19,2024-06-19 12:46:00,404.32,404.34,404.32,404.34,0.0,58.87,23872.16,1
2024-06-19,2024-06-19 12:47:00,404.34,404.35,404.34,404.35,0.0,58.87,23872.16,1
2024-06-19,2024-06-19 12:48:00,404.35,404.36,404.35,404.36,0.0,58.87,23872.16,1
2024-06-19,2024-06-19 12:49:00,404.36,404.38,404.36,404.38,0.0,58.87,23872.16,1
2024-06-19,2024-06-19 12:50:00,404.38,404.39,404.38,404.39,0.0,58.87,23872.16,1
2024-06-19,2024-06-19 12:51:00,404.39,404.4,404.39,404.4,0.0,58.87,23872.16,1
2024-06-19,2024-06-19 12:52:00,404.4,404.41,404.4,404.41,0.0,58.87,23872.16,1
2024-06-19,2024-06-19 12:53:00,404.41,404.43,404.41,404.43,0.0,58.87,23872.16,1
2024-06-19,2024-06-19 12:54:00,404.43,404.44,404.43,404.44,0.0,58.87,23872.16,1
2024-06-19,2024-06-19 12:55:00,404.44,404.45,404.44,404.45,0.0,58.87,23872.16,1
2024-06-19,2024-06-19 12:56:00,404.45,404.46,404.45,404.46,0.0,58.87,23872.16,1
2024-06-19,2024-06-19 12:57:00,404.46,404.48,404.46,404.48,0.0,58.87,23872.16,1
2024-06-19,2024-06-19 12:58:00,404.48,404.49,404.48,404.49,0.0,58.87,23872.16,1
2024-06-19,2024-06-19 12:59:00,404.49,404.5,404.49,404.5,0.0,58.87,23872.16,1
2024-06-19,2024-06-19 13:00:00,404.5,411.0,402.0,404.51,0.0,58.87,23872.16,1
2024-06-19,2024-06-19 13:01:00,404.51,404.52,404.51,404.52,0.0,58.87,23872.16,1
2024-06-19,2024-06-19 13:02:00,404.52,404.54,404.52,404.54,0.0,58.87,23872.16,1
2024-06-19,2024-06-19 13:03:00,404.54,404.55,404.54,404.55,0.0,58.87,23872.16,1
2024-06-19,2024-06-19 13:04:00,404.55,404.56,404.55,404.56,0.0,58.87,23872.16,1
2024-06-19,2024-06-19 13:05:00,404.56,404.57,404.56,404.57,0.0,58.87,23872.16,1
2024-06-19,2024-06-19 13:06:00,404.57,404.59,404.57,404.59,0.0,58.87,23872.16,1
2024-06-19,2024-06-19 13:07:00,404.59,404.6,404.59,404.6,0.0,58.87,23872.16,1
2024-06-19,2024-06-19 13:08:00,404.6,404.61,404.6,404.61,0.0,58.87,23872.16,1
2024-06-19,2024-06-19 13:09:00,404.61,404.62,404.61,404.62,0.0,58.87,23872.16,1
2024-06-19,2024-06-19 13:10:00,404.62,404.64,404.62,404.64,0.0,58.87,23872.16,1
2024-06-19,2024-06-19 13:11:00,404.64,404.65,404.64,404.65,0.0,58.87,23872.16,1
2024-06-19,2024-06-19 13:12:00,404.65,404.66,404.65,404.66,0.0,58.87,23872.16,1
2024-06-19,2024-06-19 13:13:00,404.66,404.68,404.66,404.68,0.0,58.87,23872.16,1
2024-06-19,2024-06-19 13:14:00,404.68,404.69,404.68,404.69,0.0,58.87,23872.16,1
2024-06-19,2024-06-19 13:15:00,404.69,404.7,404.69,404.7,0.0,58.87,23872.16,1
2024-06-19,2024-06-19 13:16:00,404.7,404.71,404.7,404.71,0.0,58.87,23872.16,1
2024-06-19,2024-06-19 13:17:00,404.71,404.73,404.71,404.73,0.0,58.87,23872.16,1
2024-06-19,2024-06-19 13:18:00,404.73,404.74,404.73,404.74,0.0,58.87,23872.16,1
2024-06-19,2024-06-19 13:19:00,404.74,404.75,404.74,404.75,0.0,58.87,23872.16,1
2024-06-19,2024-06-19 13:20:00,404.75,404.76,404.75,404.76,0.0,58.87,23872.16,1
2024-06-19,2024-06-19 13:21:00,404.76,404.77,404.76,404.77,0.0,58.87,23872.16,1
2024-06-19,2024-06-19 13:22:00,404.77,404.79,404.77,404.79,0.0,58.87,23872.16,1
2024-06-19,2024-06-19 13:23:00,404.79,404.8,404.79,404.8,0.0,58.87,23872.16,1
2024-06-19,2024-06-19 13:24:00,404.8,404.81,404.8,404.81,0.0,58.87,23872.16,1
2024-06-19,2024-06-19 13:25:00,404.81,404.82,404.81,404.82,0.0,58.87,23872.16,1
2024-06-19,2024-06-19 13:26:00,404.82,404.84,404.82,404.84,0.0,58.87,23872.16,1
2024-06-19,2024-06-19 13:27:00,404.84,404.85,404.84,404.85,0.0,58.87,23872.16,1
2024-06-19,2024-06-19 13:28:00,404.85,404.86,404.85,404.86,0.0,58.87,23872.16,1
2024-06-19,2024-06-19 13:29:00,404.86,404.88,404.86,404.88,0.0,58.87,23872.16,1
2024-06-19,2024-06-19 13:30:00,404.88,404.89,404.88,404.89,0.0,58.87,23872.16,1
2024-06-19,2024-06-19 13:31:00,404.89,404.9,404.89,404.9,0.0,58.87,23872.16,1
2024-06-19,2024-06-19 13:32:00,404.9,404.91,404.9,404.91,0.0,58.87,23872.16,1
2024-06-19,2024-06-19 13:33:00,404.91,404.93,404.91,404.93,0.0,58.87,23872.16,1
2024-06-19,2024-06-19 13:34:00,404.93,404.94,404.93,404.94,0.0,58.87,23872.16,1
2024-06-19,2024-06-19 13:35:00,404.94,404.95,404.94,404.95,0.0,58.87,23872.16,1
2024-06-19,2024-06-19 13:36:00,404.95,404.96,404.95,404.96,0.0,58.87,23872.16,1
2024-06-19,2024-06-19 13:37:00,404.96,404.98,404.96,404.98,0.0,58.87,23872.16,1
2024-06-19,2024-06-19 13:38:00,404.98,404.99,404.98,404.99,0.0,58.87,23872.16,1
2024-06-19,2024-06-19 13:39:00,404.99,405.0,404.99,405.0,0.0,58.87,23872.16,1
2024-06-19,2024-06-19 13:40:00,405.0,405.01,405.0,405.01,0.0,58.87,23872.16,1
2024-06-19,2024-06-19 13:41:00,405.01,405.02,405.01,405.02,0.0,58.87,23872.16,1
2024-06-19,2024-06-19 13:42:00,405.02,405.04,405.02,405.04,0.0,58.87,23872.16,1
2024-06-19,2024-06-19 13:43:00,405.04,405.05,405.04,405.05,0.0,58.87,23872.16,1
2024-06-19,2024-06-19 13:44:00,405.05,405.06,405.05,405.06,0.0,58.87,23872.16,1
2024-06-19,2024-06-19 13:45:00,405.06,405.07,405.06,405.07,0.0,58.87,23872.16,1
2024-06-19,2024-06-19 13:46:00,405.07,405.09,405.07,405.09,0.0,58.87,23872.16,1
2024-06-19,2024-06-19 13:47:00,405.09,405.1,405.09,405.1,0.0,58.87,23872.16,1
2024-06-19,2024-06-19 13:48:00,405.1,405.11,405.1,405.11,0.0,58.87,23872.16,1
2024-06-19,2024-06-19 13:49:00,405.11,405.12,405.11,405.12,0.0,58.87,23872.16,1
2024-06-19,2024-06-19 13:50:00,405.12,405.14,405.12,405.14,0.0,58.87,23872.16,1
2024-06-19,2024-06-19 13:51:00,405.14,405.15,405.14,405.15,0.0,58.87,23872.16,1
2024-06-19,2024-06-19 13:52:00,405.15,405.16,405.15,405.16,0.0,58.87,23872.16,1
2024-06-19,2024-06-19 13:53:00,405.16,405.18,405.16,405.18,0.0,58.87,23872.16,1
2024-06-19,2024-06-19 13:54:00,405.18,405.19,405.18,405.19,0.0,58.87,23872.16,1
2024-06-19,2024-06-19 13:55:00,405.19,405.2,405.19,405.2,0.0,58.87,23872.16,1
2024-06-19,2024-06-19 13:56:00,405.2,405.21,405.2,405.21,0.0,58.87,23872.16,1
2024-06-19,2024-06-19 13:57:00,405.21,405.23,405.21,405.23,0.0,58.87,23872.16,1
2024-06-19,2024-06-19 13:58:00,405.23,405.24,405.23,405.24,0.0,58.87,23872.16,1
2024-06-19,2024-06-19 13:59:00,405.24,405.25,405.24,405.25,0.0,58.87,23872.16,1
2024-06-19,2024-06-19 14:00:00,405.25,405.26,405.25,405.26,0.0,58.87,23872.16,1
2024-06-19,2024-06-19 14:01:00,405.26,405.27,405.26,405.27,0.0,58.87,23872.16,1
2024-06-19,2024-06-19 14:02:00,405.27,405.29,405.27,405.29,0.0,58.87,23872.16,1
2024-06-19,2024-06-19 14:03:00,405.29,405.3,405.29,405.3,0.0,58.87,23872.16,1
2024-06-19,2024-06-19 14:04:00,405.3,405.31,405.3,405.31,0.0,58.87,23872.16,1
2024-06-19,2024-06-19 14:05:00,405.31,405.32,405.31,405.32,0.0,58.87,23872.16,1
2024-06-19,2024-06-19 14:06:00,405.32,405.34,405.32,405.34,0.0,58.87,23872.16,1
2024-06-19,2024-06-19 14:07:00,405.34,405.35,405.34,405.35,0.0,58.87,23872.16,1
2024-06-19,2024-06-19 14:08:00,405.35,405.36,405.35,405.36,0.0,58.87,23872.16,1
2024-06-19,2024-06-19 14:09:00,405.36,405.38,405.36,405.38,0.0,58.87,23872.16,1
2024-06-19,2024-06-19 14:10:00,405.38,405.39,405.38,405.39,0.0,58.87,23872.16,1
2024-06-19,2024-06-19 14:11:00,405.39,405.4,405.39,405.4,0.0,58.87,23872.16,1
2024-06-19,2024-06-19 14:12:00,405.4,405.41,405.4,405.41,0.0,58.87,23872.16,1
2024-06-19,2024-06-19 14:13:00,405.41,405.43,405.41,405.43,0.0,58.87,23872.16,1
2024-06-19,2024-06-19 14:14:00,405.43,405.44,405.43,405.44,0.0,58.87,23872.16,1
2024-06-19,2024-06-19 14:15:00,405.44,405.45,405.44,405.45,0.0,58.87,23872.16,1
2024-06-19,2024-06-19 14:16:00,405.45,405.46,405.45,405.46,0.0,58.87,23872.16,1
2024-06-19,2024-06-19 14:17:00,405.46,405.48,405.46,405.48,0.0,58.87,23872.16,1
2024-06-19,2024-06-19 14:18:00,405.48,405.49,405.48,405.49,0.0,58.87,23872.16,1
2024-06-19,2024-06-19 14:19:00,405.49,405.5,405.49,405.5,0.0,58.87,23872.16,1
2024-06-19,2024-06-19 14:20:00,405.5,405.51,405.5,405.51,0.0,58.87,23872.16,1
2024-06-19,2024-06-19 14:21:00,405.51,405.52,405.51,405.52,0.0,58.87,23872.16,1
2024-06-19,2024-06-19 14:22:00,405.52,405.54,405.52,405.54,0.0,58.87,23872.16,1
2024-06-19,2024-06-19 14:23:00,405.54,405.55,405.54,405.55,0.0,58.87,23872.16,1
2024-06-19,2024-06-19 14:24:00,405.55,405.56,405.55,405.56,0.0,58.87,23872.16,1
2024-06-19,2024-06-19 14:25:00,405.56,405.57,405.56,405.57,0.0,58.87,23872.16,1
2024-06-19,2024-06-19 14:26:00,405.57,405.59,405.57,405.59,0.0,58.87,23872.16,1
2024-06-19,2024-06-19 14:27:00,405.59,405.6,405.59,405.6,0.0,58.87,23872.16,1
2024-06-19,2024-06-19 14:28:00,405.6,405.61,405.6,405.61,0.0,58.87,23872.16,1
2024-06-19,2024-06-19 14:29:00,405.61,405.62,405.61,405.62,0.0,58.87,23872.16,1
2024-06-19,2024-06-19 14:30:00,405.62,405.64,405.62,405.64,0.0,58.87,23872.16,1
2024-06-19,2024-06-19 14:31:00,405.64,405.65,405.64,405.65,0.0,58.87,23872.16,1
2024-06-19,2024-06-19 14:32:00,405.65,405.66,405.65,405.66,0.0,58.87,23872.16,1
2024-06-19,2024-06-19 14:33:00,405.66,405.68,405.66,405.68,0.0,58.87,23872.16,1
2024-06-19,2024-06-19 14:34:00,405.68,405.69,405.68,405.69,0.0,58.87,23872.16,1
2024-06-19,2024-06-19 14:35:00,405.69,405.7,405.69,405.7,0.0,58.87,23872.16,1
2024-06-19,2024-06-19 14:36:00,405.7,405.71,405.7,405.71,0.0,58.87,23872.16,1
2024-06-19,2024-06-19 14:37:00,405.71,405.73,405.71,405.73,0.0,58.87,23872.16,1
2024-06-19,2024-06-19 14:38:00,405.73,405.74,405.73,405.74,0.0,58.87,23872.16,1
2024-06-19,2024-06-19 14:39:00,405.74,405.75,405.74,405.75,0.0,58.87,23872.16,1
2024-06-19,2024-06-19 14:40:00,405.75,405.76,405.75,405.76,0.0,58.87,23872.16,1
2024-06-19,2024-06-19 14:41:00,405.76,405.77,405.76,405.77,0.0,58.87,23872.16,1
2024-06-19,2024-06-19 14:42:00,405.77,405.79,405.77,405.79,0.0,58.87,23872.16,1
2024-06-19,2024-06-19 14:43:00,405.79,405.8,405.79,405.8,0.0,58.87,23872.16,1
2024-06-19,2024-06-19 14:44:00,405.8,405.81,405.8,405.81,0.0,58.87,23872.16,1
2024-06-19,2024-06-19 14:45:00,405.81,405.82,405.81,405.82,0.0,58.87,23872.16,1
2024-06-19,2024-06-19 14:46:00,405.82,405.84,405.82,405.84,0.0,58.87,23872.16,1
2024-06-19,2024-06-19 14:47:00,405.84,405.85,405.84,405.85,0.0,58.87,23872.16,1
2024-06-19,2024-06-19 14:48:00,405.85,405.86,405.85,405.86,0.0,58.87,23872.16,1
2024-06-19,2024-06-19 14:49:00,405.86,405.88,405.86,405.88,0.0,58.87,23872.16,1
2024-06-19,2024-06-19 14:50:00,405.88,405.89,405.88,405.89,0.0,58.87,23872.16,1
2024-06-19,2024-06-19 14:51:00,405.89,405.9,405.89,405.9,0.0,58.87,23872.16,1
2024-06-19,2024-06-19 14:52:00,405.9,405.91,405.9,405.91,0.0,58.87,23872.16,1
2024-06-19,2024-06-19 14:53:00,405.91,405.93,405.91,405.93,0.0,58.87,23872.16,1
2024-06-19,2024-06-19 14:54:00,405.93,405.94,405.93,405.94,0.0,58.87,23872.16,1
2024-06-19,2024-06-19 14:55:00,405.94,405.95,405.94,405.95,0.0,58.87,23872.16,1
2024-06-19,2024-06-19 14:56:00,405.95,405.96,405.95,405.96,0.0,58.87,23872.16,1
2024-06-19,2024-06-19 14:57:00,405.96,405.98,405.96,405.98,0.0,58.87,23872.16,1
2024-06-19,2024-06-19 14:58:00,405.98,405.99,405.98,405.99,0.0,58.87,23872.16,1
2024-06-19,2024-06-19 14:59:00,405.99,406.0,405.99,406.0,0.0,58.87,23872.16,1
2024-06-19,2024-06-19 15:00:00,406.0,411.0,402.0,406.0,0.0,58.87,23872.16,0
2024-06-20,2024-06-20 11:00:00,404.0,406.37,403.1,403.99,-0.0,60.37,24436.58,-1
2024-06-20,2024-06-20 11:01:00,403.99,403.99,403.98,403.98,-0.0,60.37,24436.58,-1
2024-06-20,2024-06-20 11:02:00,403.98,403.98,403.98,403.98,0.0,60.37,24436.58,0
2024-06-20,2024-06-20 11:03:00,403.98,403.98,403.97,403.97,-0.0,60.37,24436.58,-1
2024-06-20,2024-06-20 11:04:00,403.97,403.97,403.96,403.96,-0.0,60.37,24436.58,-1
2024-06-20,2024-06-20 11:05:00,403.96,403.96,403.95,403.95,-0.0,60.37,24436.58,-1
2024-06-20,2024-06-20 11:06:00,403.95,403.95,403.94,403.94,-0.0,60.37,24436.58,-1
2024-06-20,2024-06-20 11:07:00,403.94,403.94,403.93,403.93,-0.0,60.37,24436.58,-1
2024-06-20,2024-06-20 11:08:00,403.93,403.93,403.93,403.93,0.0,60.37,24436.58,0
2024-06-20,2024-06-20 11:09:00,403.93,403.93,403.92,403.92,-0.0,60.37,24436.58,-1
2024-06-20,2024-06-20 11:10:00,403.92,403.92,403.91,403.91,-0.0,60.37,24436.58,-1
2024-06-20,2024-06-20 11:11:00,403.91,403.91,403.9,403.9,-0.0,60.37,24436.58,-1
2024-06-20,2024-06-20 11:12:00,403.9,403.9,403.89,403.89,-0.0,60.37,24436.58,-1
2024-06-20,2024-06-20 11:13:00,403.89,403.89,403.88,403.88,-0.0,60.37,24436.58,-1
2024-06-20,2024-06-20 11:14:00,403.88,403.88,403.88,403.88,0.0,60.37,24436.58,0
2024-06-20,2024-06-20 11:15:00,403.88,403.88,403.87,403.87,-0.0,60.37,24436.58,-1
2024-06-20,2024-06-20 11:16:00,403.87,403.87,403.86,403.86,-0.0,60.37,24436.58,-1
2024-06-20,2024-06-20 11:17:00,403.86,403.86,403.85,403.85,-0.0,60.37,24436.58,-1
2024-06-20,2024-06-20 11:18:00,403.85,403.85,403.84,403.84,-0.0,60.37,24436.58,-1
2024-06-20,2024-06-20 11:19:00,403.84,403.84,403.83,403.83,-0.0,60.37,24436.58,-1
2024-06-20,2024-06-20 11:20:00,403.83,403.83,403.82,403.82,-0.0,60.37,24436.58,-1
2024-06-20,2024-06-20 11:21:00,403.82,403.82,403.82,403.82,0.0,60.37,24436.58,0
2024-06-20,2024-06-20 11:22:00,403.82,403.82,403.81,403.81,-0.0,60.37,24436.58,-1
2024-06-20,2024-06-20 11:23:00,403.81,403.81,403.8,403.8,-0.0,60.37,24436.58,-1
2024-06-20,2024-06-20 11:24:00,403.8,403.8,403.79,403.79,-0.0,60.37,24436.58,-1
2024-06-20,2024-06-20 11:25:00,403.79,403.79,403.78,403.78,-0.0,60.37,24436.58,-1
2024-06-20,2024-06-20 11:26:00,403.78,403.78,403.77,403.77,-0.0,60.37,24436.58,-1
2024-06-20,2024-06-20 11:27:00,403.77,403.77,403.77,403.77,0.0,60.37,24436.58,0
2024-06-20,2024-06-20 11:28:00,403.77,403.77,403.76,403.76,-0.0,60.37,24436.58,-1
2024-06-20,2024-06-20 11:29:00,403.76,403.76,403.75,403.75,-0.0,60.37,24436.58,-1
2024-06-20,2024-06-20 11:30:00,403.75,403.75,403.74,403.74,-0.0,60.37,24436.58,-1
2024-06-20,2024-06-20 11:31:00,403.74,403.74,403.73,403.73,-0.0,60.37,24436.58,-1
2024-06-20,2024-06-20 11:32:00,403.73,403.73,403.73,403.73,0.0,60.37,24436.58,0
2024-06-20,2024-06-20 11:33:00,403.73,403.73,403.72,403.72,-0.0,60.37,24436.58,-1
2024-06-20,2024-06-20 11:34:00,403.72,403.72,403.71,403.71,-0.0,60.37,24436.58,-1
2024-06-20,2024-06-20 11:35:00,403.71,403.71,403.7,403.7,-0.0,60.37,24436.58,-1
2024-06-20,2024-06-20 11:36:00,403.7,403.7,403.69,403.69,-0.0,60.37,24436.58,-1
2024-06-20,2024-06-20 11:37:00,403.69,403.69,403.68,403.68,-0.0,60.37,24436.58,-1
2024-06-20,2024-06-20 11:38:00,403.68,403.68,403.68,403.68,0.0,60.37,24436.58,0
2024-06-20,2024-06-20 11:39:00,403.68,403.68,403.67,403.67,-0.0,60.37,24436.58,-1
2024-06-20,2024-06-20 11:40:00,403.67,403.67,403.66,403.66,-0.0,60.37,24436.58,-1
2024-06-20,2024-06-20 11:41:00,403.66,403.66,403.65,403.65,-0.0,60.37,24436.58,-1
2024-06-20,2024-06-20 11:42:00,403.65,403.65,403.64,403.64,-0.0,60.37,24436.58,-1
2024-06-20,2024-06-20 11:43:00,403.64,403.64,403.63,403.63,-0.0,60.37,24436.58,-1
2024-06-20,2024-06-20 11:44:00,403.63,403.63,403.62,403.62,-0.0,60.37,24436.58,-1
2024-06-20,2024-06-20 11:45:00,403.62,403.62,403.62,403.62,0.0,60.37,24436.58,0
2024-06-20,2024-06-20 11:46:00,403.62,403.62,403.61,403.61,-0.0,60.37,24436.58,-1
2024-06-20,2024-06-20 11:47:00,403.61,403.61,403.6,403.6,-0.0,60.37,24436.58,-1
2024-06-20,2024-06-20 11:48:00,403.6,403.6,403.59,403.59,-0.0,60.37,24436.58,-1
2024-06-20,2024-06-20 11:49:00,403.59,403.59,403.58,403.58,-0.0,60.37,24436.58,-1
2024-06-20,2024-06-20 11:50:00,403.58,403.58,403.57,403.57,-0.0,60.37,24436.58,-1
2024-06-20,2024-06-20 11:51:00,403.57,403.57,403.57,403.57,0.0,60.37,24436.58,0
2024-06-20,2024-06-20 11:52:00,403.57,403.57,403.56,403.56,-0.0,60.37,24436.58,-1
2024-06-20,2024-06-20 11:53:00,403.56,403.56,403.55,403.55,-0.0,60.37,24436.58,-1
2024-06-20,2024-06-20 11:54:00,403.55,403.55,403.54,403.54,-0.0,60.37,24436.58,-1
2024-06-20,2024-06-20 11:55:00,403.54,403.54,403.53,403.53,-0.0,60.37,24436.58,-1
2024-06-20,2024-06-20 11:56:00,403.53,403.53,403.52,403.52,-0.0,60.37,24436.58,-1
2024-06-20,2024-06-20 11:57:00,403.52,403.52,403.52,403.52,0.0,60.37,24436.58,0
2024-06-20,2024-06-20 11:58:00,403.52,403.52,403.51,403.51,-0.0,60.37,24436.58,-1
2024-06-20,2024-06-20 11:59:00,403.51,403.51,403.5,403.5,-0.0,60.37,24436.58,-1
2024-06-20,2024-06-20 12:00:00,403.5,403.5,403.49,403.49,-0.0,60.37,24436.58,-1
2024-06-20,2024-06-20 12:01:00,403.49,403.49,403.48,403.48,-0.0,60.37,24436.58,-1
2024-06-20,2024-06-20 12:02:00,403.48,403.48,403.48,403.48,0.0,60.37,24436.58,0
2024-06-20,2024-06-20 12:03:00,403.48,403.48,403.47,403.47,-0.0,60.37,24436.58,-1
2024-06-20,2024-06-20 12:04:00,403.47,403.47,403.46,403.46,-0.0,60.37,24436.58,-1
2024-06-20,2024-06-20 12:05:00,403.46,403.46,403.45,403.45,-0.0,60.37,24436.58,-1
2024-06-20,2024-06-20 12:06:00,403.45,403.45,403.44,403.44,-0.0,60.37,24436.58,-1
2024-06-20,2024-06-20 12:07:00,403.44,403.44,403.43,403.43,-0.0,60.37,24436.58,-1
2024-06-20,2024-06-20 12:08:00,403.43,403.43,403.43,403.43,0.0,60.37,24436.58,0
2024-06-20,2024-06-20 12:09:00,403.43,403.43,403.42,403.42,-0.0,60.37,24436.58,-1
2024-06-20,2024-06-20 12:10:00,403.42,403.42,403.41,403.41,-0.0,60.37,24436.58,-1
2024-06-20,2024-06-20 12:11:00,403.41,403.41,403.4,403.4,-0.0,60.37,24436.58,-1
2024-06-20,2024-06-20 12:12:00,403.4,403.4,403.39,403.39,-0.0,60.37,24436.58,-1
2024-06-20,2024-06-20 12:13:00,403.39,403.39,403.38,403.38,-0.0,60.37,24436.58,-1
2024-06-20,2024-06-20 12:14:00,403.38,403.38,403.38,403.38,0.0,60.37,24436.58,0
2024-06-20,2024-06-20 12:15:00,403.38,403.38,403.37,403.37,-0.0,60.37,24436.58,-1
2024-06-20,2024-06-20 12:16:00,403.37,403.37,403.36,403.36,-0.0,60.37,24436.58,-1
2024-06-20,2024-06-20 12:17:00,403.36,403.36,403.35,403.35,-0.0,60.37,24436.58,-1
2024-06-20,2024-06-20 12:18:00,403.35,403.35,403.34,403.34,-0.0,60.37,24436.58,-1
2024-06-20,2024-06-20 12:19:00,403.34,403.34,403.33,403.33,-0.0,60.37,24436.58,-1
2024-06-20,2024-06-20 12:20:00,403.33,403.33,403.32,403.32,-0.0,60.37,24436.58,-1
2024-06-20,2024-06-20 12:21:00,403.32,403.32,403.32,403.32,0.0,60.37,24436.58,0
2024-06-20,2024-06-20 12:22:00,403.32,403.32,403.31,403.31,-0.0,60.37,24436.58,-1
2024-06-20,2024-06-20 12:23:00,403.31,403.31,403.3,403.3,-0.0,60.37,24436.58,-1
2024-06-20,2024-06-20 12:24:00,403.3,403.3,403.29,403.29,-0.0,60.37,24436.58,-1
2024-06-20,2024-06-20 12:25:00,403.29,403.29,403.28,403.28,-0.0,60.37,24436.58,-1
2024-06-20,2024-06-20 12:26:00,403.28,403.28,403.27,403.27,-0.0,60.37,24436.58,-1
2024-06-20,2024-06-20 12:27:00,403.27,403.27,403.27,403.27,0.0,60.37,24436.58,0
2024-06-20,2024-06-20 12:28:00,403.27,403.27,403.26,403.26,-0.0,60.37,24436.58,-1
2024-06-20,2024-06-20 12:29:00,403.26,403.26,403.25,403.25,-0.0,60.37,24436.58,-1
2024-06-20,2024-06-20 12:30:00,403.25,403.25,403.24,403.24,-0.0,60.37,24436.58,-1
2024-06-20,2024-06-20 12:31:00,403.24,403.24,403.23,403.23,-0.0,60.37,24436.58,-1
2024-06-20,2024-06-20 12:32:00,403.23,403.23,403.23,403.23,0.0,60.37,24436.58,0
2024-06-20,2024-06-20 12:33:00,403.23,403.23,403.22,403.22,-0.0,60.37,24436.58,-1
2024-06-20,2024-06-20 12:34:00,403.22,403.22,403.21,403.21,-0.0,60.37,24436.58,-1
2024-06-20,2024-06-20 12:35:00,403.21,403.21,403.2,403.2,-0.0,60.37,24436.58,-1
2024-06-20,2024-06-20 12:36:00,403.2,403.2,403.19,403.19,-0.0,60.37,24436.58,-1
2024-06-20,2024-06-20 12:37:00,403.19,403.19,403.18,403.18,-0.0,60.37,24436.58,-1
2024-06-20,2024-06-20 12:38:00,403.18,403.18,403.18,403.18,0.0,60.37,24436.58,0
2024-06-20,2024-06-20 12:39:00,403.18,403.18,403.17,403.17,-0.0,60.37,24436.58,-1
2024-06-20,2024-06-20 12:40:00,403.17,403.17,403.16,403.16,-0.0,60.37,24436.58,-1
2024-06-20,2024-06-20 12:41:00,403.16,403.16,403.15,403.15,-0.0,60.37,24436.58,-1
2024-06-20,2024-06-20 12:42:00,403.15,403.15,403.14,403.14,-0.0,60.37,24436.58,-1
2024-06-20,2024-06-20 12:43:00,403.14,403.14,403.13,403.13,-0.0,60.37,24436.58,-1
2024-06-20,2024-06-20 12:44:00,403.13,403.13,403.12,403.12,-0.0,60.37,24436.58,-1
2024-06-20,2024-06-20 12:45:00,403.12,403.12,403.12,403.12,0.0,60.37,24436.58,0
2024-06-20,2024-06-20 12:46:00,403.12,403.12,403.11,403.11,-0.0,60.37,24436.58,-1
2024-06-20,2024-06-20 12:47:00,403.11,403.11,403.1,403.1,-0.0,60.37,24436.58,-1
2024-06-20,2024-06-20 12:48:00,403.1,403.1,403.09,403.09,-0.0,60.37,24436.58,-1
2024-06-20,2024-06-20 12:49:00,403.09,403.09,403.08,403.08,-0.0,60.37,24436.58,-1
2024-06-20,2024-06-20 12:50:00,403.08,403.08,403.07,403.07,-0.0,60.37,24436.58,-1
2024-06-20,2024-06-20 12:51:00,403.07,403.07,403.07,403.07,0.0,60.37,24436.58,0
2024-06-20,2024-06-20 12:52:00,403.07,403.07,403.06,403.06,-0.0,60.37,24436.58,-1
2024-06-20,2024-06-20 12:53:00,403.06,403.06,403.05,403.05,-0.0,60.37,24436.58,-1
2024-06-20,2024-06-20 12:54:00,403.05,403.05,403.04,403.04,-0.0,60.37,24436.58,-1
2024-06-20,2024-06-20 12:55:00,403.04,403.04,403.03,403.03,-0.0,60.37,24436.58,-1
2024-06-20,2024-06-20 12:56:00,403.03,403.03,403.02,403.02,-0.0,60.37,24436.58,-1
2024-06-20,2024-06-20 12:57:00,403.02,403.02,403.02,403.02,0.0,60.37,24436.58,0
2024-06-20,2024-06-20 12:58:00,403.02,403.02,403.01,403.01,-0.0,60.37,24436.58,-1
2024-06-20,2024-06-20 12:59:00,403.01,403.01,403.0,403.0,-0.0,60.37,24436.58,-1
2024-06-20,2024-06-20 13:00:00,403.0,411.9,401.0,402.99,-0.0,60.37,24436.58,-1
2024-06-20,2024-06-20 13:01:00,402.99,402.99,402.98,402.98,-0.0,60.37,24436.58,-1
2024-06-20,2024-06-20 13:02:00,402.98,402.98,402.98,402.98,0.0,60.37,24436.58,0
2024-06-20,2024-06-20 13:03:00,402.98,402.98,402.97,402.97,-0.0,60.37,24436.58,-1
2024-06-20,2024-06-20 13:04:00,402.97,402.97,402.96,402.96,-0.0,60.37,24436.58,-1
2024-06-20,2024-06-20 13:05:00,402.96,402.96,402.95,402.95,-0.0,60.37,24436.58,-1
2024-06-20,2024-06-20 13:06:00,402.95,402.95,402.94,402.94,-0.0,60.37,24436.58,-1
2024-06-20,2024-06-20 13:07:00,402.94,402.94,402.93,402.93,-0.0,60.37,24436.58,-1
2024-06-20,2024-06-20 13:08:00,402.93,402.93,402.93,402.93,0.0,60.37,24436.58,0
2024-06-20,2024-06-20 13:09:00,402.93,402.93,402.92,402.92,-0.0,60.37,24436.58,-1
2024-06-20,2024-06-20 13:10:00,402.92,402.92,402.91,402.91,-0.0,60.37,24436.58,-1
2024-06-20,2024-06-20 13:11:00,402.91,402.91,402.9,402.9,-0.0,60.37,24436.58,-1
2024-06-20,2024-06-20 13:12:00,402.9,402.9,402.89,402.89,-0.0,60.37,24436.58,-1
2024-06-20,2024-06-20 13:13:00,402.89,402.89,402.88,402.88,-0.0,60.37,24436.58,-1
2024-06-20,2024-06-20 13:14:00,402.88,402.88,402.88,402.88,0.0,60.37,24436.58,0
2024-06-20,2024-06-20 13:15:00,402.88,402.88,402.87,402.87,-0.0,60.37,24436.58,-1
2024-06-20,2024-06-20 13:16:00,402.87,402.87,402.86,402.86,-0.0,60.37,24436.58,-1
2024-06-20,2024-06-20 13:17:00,402.86,402.86,402.85,402.85,-0.0,60.37,24436.58,-1
2024-06-20,2024-06-20 13:18:00,402.85,402.85,402.84,402.84,-0.0,60.37,24436.58,-1
2024-06-20,2024-06-20 13:19:00,402.84,402.84,402.83,402.83,-0.0,60.37,24436.58,-1
2024-06-20,2024-06-20 13:20:00,402.83,402.83,402.82,402.82,-0.0,60.37,24436.58,-1
2024-06-20,2024-06-20 13:21:00,402.82,402.82,402.82,402.82,0.0,60.37,24436.58,0
2024-06-20,2024-06-20 13:22:00,402.82,402.82,402.81,402.81,-0.0,60.37,24436.58,-1
2024-06-20,2024-06-20 13:23:00,402.81,402.81,402.8,402.8,-0.0,60.37,24436.58,-1
2024-06-20,2024-06-20 13:24:00,402.8,402.8,402.79,402.79,-0.0,60.37,24436.58,-1
2024-06-20,2024-06-20 13:25:00,402.79,402.79,402.78,402.78,-0.0,60.37,24436.58,-1
2024-06-20,2024-06-20 13:26:00,402.78,402.78,402.77,402.77,-0.0,60.37,24436.58,-1
2024-06-20,2024-06-20 13:27:00,402.77,402.77,402.77,402.77,0.0,60.37,24436.58,0
2024-06-20,2024-06-20 13:28:00,402.77,402.77,402.76,402.76,-0.0,60.37,24436.58,-1
2024-06-20,2024-06-20 13:29:00,402.76,402.76,402.75,402.75,-0.0,60.37,24436.58,-1
2024-06-20,2024-06-20 13:30:00,402.75,402.75,402.74,402.74,-0.0,60.37,24436.58,-1
2024-06-20,2024-06-20 13:31:00,402.74,402.74,402.73,402.73,-0.0,60.37,24436.58,-1
2024-06-20,2024-06-20 13:32:00,402.73,402.73,402.73,402.73,0.0,60.37,24436.58,0
2024-06-20,2024-06-20 13:33:00,402.73,402.73,402.72,402.72,-0.0,60.37,24436.58,-1
2024-06-20,2024-06-20 13:34:00,402.72,402.72,402.71,402.71,-0.0,60.37,24436.58,-1
2024-06-20,2024-06-20 13:35:00,402.71,402.71,402.7,402.7,-0.0,60.37,24436.58,-1
2024-06-20,2024-06-20 13:36:00,402.7,402.7,402.69,402.69,-0.0,60.37,24436.58,-1
2024-06-20,2024-06-20 13:37:00,402.69,402.69,402.68,402.68,-0.0,60.37,24436.58,-1
2024-06-20,2024-06-20 13:38:00,402.68,402.68,402.68,402.68,0.0,60.37,24436.58,0
2024-06-20,2024-06-20 13:39:00,402.68,402.68,402.67,402.67,-0.0,60.37,24436.58,-1
2024-06-20,2024-06-20 13:40:00,402.67,402.67,402.66,402.66,-0.0,60.37,24436.58,-1
2024-06-20,2024-06-20 13:41:00,402.66,402.66,402.65,402.65,-0.0,60.37,24436.58,-1
2024-06-20,2024-06-20 13:42:00,402.65,402.65,402.64,402.64,-0.0,60.37,24436.58,-1
2024-06-20,2024-06-20 13:43:00,402.64,402.64,402.63,402.63,-0.0,60.37,24436.58,-1
2024-06-20,2024-06-20 13:44:00,402.63,402.63,402.62,402.62,-0.0,60.37,24436.58,-1
2024-06-20,2024-06-20 13:45:00,402.62,402.62,402.62,402.62,0.0,60.37,24436.58,0
2024-06-20,2024-06-20 13:46:00,402.62,402.62,402.61,402.61,-0.0,60.37,24436.58,-1
2024-06-20,2024-06-20 13:47:00,402.61,402.61,402.6,402.6,-0.0,60.37,24436.58,-1
2024-06-20,2024-06-20 13:48:00,402.6,402.6,402.59,402.59,-0.0,60.37,24436.58,-1
2024-06-20,2024-06-20 13:49:00,402.59,402.59,402.58,402.58,-0.0,60.37,24436.58,-1
2024-06-20,2024-06-20 13:50:00,402.58,402.58,402.57,402.57,-0.0,60.37,24436.58,-1
2024-06-20,2024-06-20 13:51:00,402.57,402.57,402.57,402.57,0.0,60.37,24436.58,0
2024-06-20,2024-06-20 13:52:00,402.57,402.57,402.56,402.56,-0.0,60.37,24436.58,-1
2024-06-20,2024-06-20 13:53:00,402.56,402.56,402.55,402.55,-0.0,60.37,24436.58,-1
2024-06-20,2024-06-20 13:54:00,402.55,402.55,402.54,402.54,-0.0,60.37,24436.58,-1
2024-06-20,2024-06-20 13:55:00,402.54,402.54,402.53,402.53,-0.0,60.37,24436.58,-1
2024-06-20,2024-06-20 13:56:00,402.53,402.53,402.52,402.52,-0.0,60.37,24436.58,-1
2024-06-20,2024-06-20 13:57:00,402.52,402.52,402.52,402.52,0.0,60.37,24436.58,0
2024-06-20,2024-06-20 13:58:00,402.52,402.52,402.51,402.51,-0.0,60.37,24436.58,-1
2024-06-20,2024-06-20 13:59:00,402.51,402.51,402.5,402.5,-0.0,60.37,24436.58,-1
2024-06-20,2024-06-20 14:00:00,402.5,402.5,402.49,402.49,-0.0,60.37,24436.58,-1
2024-06-20,2024-06-20 14:01:00,402.49,402.49,402.48,402.48,-0.0,60.37,24436.58,-1
2024-06-20,2024-06-20 14:02:00,402.48,402.48,402.48,402.48,0.0,60.37,24436.58,0
2024-06-20,2024-06-20 14:03:00,402.48,402.48,402.47,402.47,-0.0,60.37,24436.58,-1
2024-06-20,2024-06-20 14:04:00,402.47,402.47,402.46,402.46,-0.0,60.37,24436.58,-1
2024-06-20,2024-06-20 14:05:00,402.46,402.46,402.45,402.45,-0.0,60.37,24436.58,-1
2024-06-20,2024-06-20 14:06:00,402.45,402.45,402.44,402.44,-0.0,60.37,24436.58,-1
2024-06-20,2024-06-20 14:07:00,402.44,402.44,402.43,402.43,-0.0,60.37,24436.58,-1
2024-06-20,2024-06-20 14:08:00,402.43,402.43,402.43,402.43,0.0,60.37,24436.58,0
2024-06-20,2024-06-20 14:09:00,402.43,402.43,402.42,402.42,-0.0,60.37,24436.58,-1
2024-06-20,2024-06-20 14:10:00,402.42,402.42,402.41,402.41,-0.0,60.37,24436.58,-1
2024-06-20,2024-06-20 14:11:00,402.41,402.41,402.4,402.4,-0.0,60.37,24436.58,-1
2024-06-20,2024-06-20 14:12:00,402.4,402.4,402.39,402.39,-0.0,60.37,24436.58,-1
2024-06-20,2024-06-20 14:13:00,402.39,402.39,402.38,402.38,-0.0,60.37,24436.58,-1
2024-06-20,2024-06-20 14:14:00,402.38,402.38,402.38,402.38,0.0,60.37,24436.58,0
2024-06-20,2024-06-20 14:15:00,402.38,402.38,402.37,402.37,-0.0,60.37,24436.58,-1
2024-06-20,2024-06-20 14:16:00,402.37,402.37,402.36,402.36,-0.0,60.37,24436.58,-1
2024-06-20,2024-06-20 14:17:00,402.36,402.36,402.35,402.35,-0.0,60.37,24436.58,-1
2024-06-20,2024-06-20 14:18:00,402.35,402.35,402.34,402.34,-0.0,60.37,24436.58,-1
2024-06-20,2024-06-20 14:19:00,402.34,402.34,402.33,402.33,-0.0,60.37,24436.58,-1
2024-06-20,2024-06-20 14:20:00,402.33,402.33,402.32,402.32,-0.0,60.37,24436.58,-1
2024-06-20,2024-06-20 14:21:00,402.32,402.32,402.32,402.32,0.0,60.37,24436.58,0
2024-06-20,2024-06-20 14:22:00,402.32,402.32,402.31,402.31,-0.0,60.37,24436.58,-1
2024-06-20,2024-06-20 14:23:00,402.31,402.31,402.3,402.3,-0.0,60.37,24436.58,-1
2024-06-20,2024-06-20 14:24:00,402.3,402.3,402.29,402.29,-0.0,60.37,24436.58,-1
2024-06-20,2024-06-20 14:25:00,402.29,402.29,402.28,402.28,-0.0,60.37,24436.58,-1
2024-06-20,2024-06-20 14:26:00,402.28,402.28,402.27,402.27,-0.0,60.37,24436.58,-1
2024-06-20,2024-06-20 14:27:00,402.27,402.27,402.27,402.27,0.0,60.37,24436.58,0
2024-06-20,2024-06-20 14:28:00,402.27,402.27,402.26,402.26,-0.0,60.37,24436.58,-1
2024-06-20,2024-06-20 14:29:00,402.26,402.26,402.25,402.25,-0.0,60.37,24436.58,-1
2024-06-20,2024-06-20 14:30:00,402.25,402.25,402.24,402.24,-0.0,60.37,24436.58,-1
2024-06-20,2024-06-20 14:31:00,402.24,402.24,402.23,402.23,-0.0,60.37,24436.58,-1
2024-06-20,2024-06-20 14:32:00,402.23,402.23,402.23,402.23,0.0,60.37,24436.58,0
2024-06-20,2024-06-20 14:33:00,402.23,402.23,402.22,402.22,-0.0,60.37,24436.58,-1
2024-06-20,2024-06-20 14:34:00,402.22,402.22,402.21,402.21,-0.0,60.37,24436.58,-1
2024-06-20,2024-06-20 14:35:00,402.21,402.21,402.2,402.2,-0.0,60.37,24436.58,-1
2024-06-20,2024-06-20 14:36:00,402.2,402.2,402.19,402.19,-0.0,60.37,24436.58,-1
2024-06-20,2024-06-20 14:37:00,402.19,402.19,402.18,402.18,-0.0,60.37,24436.58,-1
2024-06-20,2024-06-20 14:38:00,402.18,402.18,402.18,402.18,0.0,60.37,24436.58,0
2024-06-20,2024-06-20 14:39:00,402.18,402.18,402.17,402.17,-0.0,60.37,24436.58,-1
2024-06-20,2024-06-20 14:40:00,402.17,402.17,402.16,402.16,-0.0,60.37,24436.58,-1
2024-06-20,2024-06-20 14:41:00,402.16,402.16,402.15,402.15,-0.0,60.37,24436.58,-1
2024-06-20,2024-06-20 14:42:00,402.15,402.15,402.14,402.14,-0.0,60.37,24436.58,-1
2024-06-20,2024-06-20 14:43:00,402.14,402.14,402.13,402.13,-0.0,60.37,24436.58,-1
2024-06-20,2024-06-20 14:44:00,402.13,402.13,402.12,402.12,-0.0,60.37,24436.58,-1
2024-06-20,2024-06-20 14:45:00,402.12,402.12,402.12,402.12,0.0,60.37,24436.58,0
2024-06-20,2024-06-20 14:46:00,402.12,402.12,402.11,402.11,-0.0,60.37,24436.58,-1
2024-06-20,2024-06-20 14:47:00,402.11,402.11,402.1,402.1,-0.0,60.37,24436.58,-1
2024-06-20,2024-06-20 14:48:00,402.1,402.1,402.09,402.09,-0.0,60.37,24436.58,-1
2024-06-20,2024-06-20 14:49:00,402.09,402.09,402.08,402.08,-0.0,60.37,24436.58,-1
2024-06-20,2024-06-20 14:50:00,402.08,402.08,402.07,402.07,-0.0,60.37,24436.58,-1
2024-06-20,2024-06-20 14:51:00,402.07,402.07,402.07,402.07,0.0,60.37,24436.58,0
2024-06-20,2024-06-20 14:52:00,402.07,402.07,402.06,402.06,-0.0,60.37,24436.58,-1
2024-06-20,2024-06-20 14:53:00,402.06,402.06,402.05,402.05,-0.0,60.37,24436.58,-1
2024-06-20,2024-06-20 14:54:00,402.05,402.05,402.04,402.04,-0.0,60.37,24436.58,-1
2024-06-20,2024-06-20 14:55:00,402.04,402.04,402.03,402.03,-0.0,60.37,24436.58,-1
2024-06-20,2024-06-20 14:56:00,402.03,402.03,402.02,402.02,-0.0,60.37,24436.58,-1
2024-06-20,2024-06-20 14:57:00,402.02,402.02,402.02,402.02,0.0,60.37,24436.58,0
2024-06-20,2024-06-20 14:58:00,402.02,402.02,402.01,402.01,-0.0,60.37,24436.58,-1
2024-06-20,2024-06-20 14:59:00,402.01,402.01,402.0,402.0,-0.0,60.37,24436.58,-1
2024-06-20,2024-06-20 15:00:00,402.0,411.9,401.0,402.0,0.0,60.37,24436.58,0
2024-06-23,2024-06-23 11:00:00,397.0,400.3,396.4,397.02,0.01,69.49,27849.03,1
2024-06-23,2024-06-23 11:01:00,397.02,397.03,397.02,397.03,0.0,69.49,27849.03,1
2024-06-23,2024-06-23 11:02:00,397.03,397.05,397.03,397.05,0.01,69.49,27849.03,1
2024-06-23,2024-06-23 11:03:00,397.05,397.07,397.05,397.07,0.01,69.49,27849.03,1
2024-06-23,2024-06-23 11:04:00,397.07,397.08,397.07,397.08,0.0,69.49,27849.03,1
2024-06-23,2024-06-23 11:05:00,397.08,397.1,397.08,397.1,0.01,69.49,27849.03,1
2024-06-23,2024-06-23 11:06:00,397.1,397.12,397.1,397.12,0.01,69.49,27849.03,1
2024-06-23,2024-06-23 11:07:00,397.12,397.13,397.12,397.13,0.0,69.49,27849.03,1
2024-06-23,2024-06-23 11:08:00,397.13,397.15,397.13,397.15,0.01,69.49,27849.03,1
2024-06-23,2024-06-23 11:09:00,397.15,397.17,397.15,397.17,0.01,69.49,27849.03,1
2024-06-23,2024-06-23 11:10:00,397.17,397.18,397.17,397.18,0.0,69.49,27849.03,1
2024-06-23,2024-06-23 11:11:00,397.18,397.2,397.18,397.2,0.01,69.49,27849.03,1
2024-06-23,2024-06-23 11:12:00,397.2,397.22,397.2,397.22,0.01,69.49,27849.03,1
2024-06-23,2024-06-23 11:13:00,397.22,397.23,397.22,397.23,0.0,69.49,27849.03,1
2024-06-23,2024-06-23 11:14:00,397.23,397.25,397.23,397.25,0.01,69.49,27849.03,1
2024-06-23,2024-06-23 11:15:00,397.25,397.27,397.25,397.27,0.01,69.49,27849.03,1
2024-06-23,2024-06-23 11:16:00,397.27,397.28,397.27,397.28,0.0,69.49,27849.03,1
2024-06-23,2024-06-23 11:17:00,397.28,397.3,397.28,397.3,0.01,69.49,27849.03,1
2024-06-23,2024-06-23 11:18:00,397.3,397.32,397.3,397.32,0.01,69.49,27849.03,1
2024-06-23,2024-06-23 11:19:00,397.32,397.33,397.32,397.33,0.0,69.49,27849.03,1
2024-06-23,2024-06-23 11:20:00,397.33,397.35,397.33,397.35,0.01,69.49,27849.03,1
2024-06-23,2024-06-23 11:21:00,397.35,397.37,397.35,397.37,0.01,69.49,27849.03,1
2024-06-23,2024-06-23 11:22:00,397.37,397.38,397.37,397.38,0.0,69.49,27849.03,1
2024-06-23,2024-06-23 11:23:00,397.38,397.4,397.38,397.4,0.01,69.49,27849.03,1
2024-06-23,2024-06-23 11:24:00,397.4,397.42,397.4,397.42,0.01,69.49,27849.03,1
2024-06-23,2024-06-23 11:25:00,397.42,397.43,397.42,397.43,0.0,69.49,27849.03,1
2024-06-23,2024-06-23 11:26:00,397.43,397.45,397.43,397.45,0.01,69.49,27849.03,1
2024-06-23,2024-06-23 11:27:00,397.45,397.47,397.45,397.47,0.01,69.49,27849.03,1
2024-06-23,2024-06-23 11:28:00,397.47,397.48,397.47,397.48,0.0,69.49,27849.03,1
2024-06-23,2024-06-23 11:29:00,397.48,397.5,397.48,397.5,0.01,69.49,27849.03,1
2024-06-23,2024-06-23 11:30:00,397.5,397.52,397.5,397.52,0.01,69.49,27849.03,1
2024-06-23,2024-06-23 11:31:00,397.52,397.53,397.52,397.53,0.0,69.49,27849.03,1
2024-06-23,2024-06-23 11:32:00,397.53,397.55,397.53,397.55,0.01,69.49,27849.03,1
2024-06-23,2024-06-23 11:33:00,397.55,397.57,397.55,397.57,0.01,69.49,27849.03,1
2024-06-23,2024-06-23 11:34:00,397.57,397.58,397.57,397.58,0.0,69.49,27849.03,1
2024-06-23,2024-06-23 11:35:00,397.58,397.6,397.58,397.6,0.01,69.49,27849.03,1
2024-06-23,2024-06-23 11:36:00,397.6,397.62,397.6,397.62,0.01,69.49,27849.03,1
2024-06-23,2024-06-23 11:37:00,397.62,397.63,397.62,397.63,0.0,69.49,27849.03,1
2024-06-23,2024-06-23 11:38:00,397.63,397.65,397.63,397.65,0.01,69.49,27849.03,1
2024-06-23,2024-06-23 11:39:00,397.65,397.67,397.65,397.67,0.01,69.49,27849.03,1
2024-06-23,2024-06-23 11:40:00,397.67,397.68,397.67,397.68,0.0,69.49,27849.03,1
2024-06-23,2024-06-23 11:41:00,397.68,397.7,397.68,397.7,0.01,69.49,27849.03,1
2024-06-23,2024-06-23 11:42:00,397.7,397.72,397.7,397.72,0.01,69.49,27849.03,1
2024-06-23,2024-06-23 11:43:00,397.72,397.73,397.72,397.73,0.0,69.49,27849.03,1
2024-06-23,2024-06-23 11:44:00,397.73,397.75,397.73,397.75,0.01,69.49,27849.03,1
2024-06-23,2024-06-23 11:45:00,397.75,397.77,397.75,397.77,0.01,69.49,27849.03,1
2024-06-23,2024-06-23 11:46:00,397.77,397.78,397.77,397.78,0.0,69.49,27849.03,1
2024-06-23,2024-06-23 11:47:00,397.78,397.8,397.78,397.8,0.01,69.49,27849.03,1
2024-06-23,2024-06-23 11:48:00,397.8,397.82,397.8,397.82,0.01,69.49,27849.03,1
2024-06-23,2024-06-23 11:49:00,397.82,397.83,397.82,397.83,0.0,69.49,27849.03,1
2024-06-23,2024-06-23 11:50:00,397.83,397.85,397.83,397.85,0.01,69.49,27849.03,1
2024-06-23,2024-06-23 11:51:00,397.85,397.87,397.85,397.87,0.01,69.49,27849.03,1
2024-06-23,2024-06-23 11:52:00,397.87,397.88,397.87,397.88,0.0,69.49,27849.03,1
2024-06-23,2024-06-23 11:53:00,397.88,397.9,397.88,397.9,0.01,69.49,27849.03,1
2024-06-23,2024-06-23 11:54:00,397.9,397.92,397.9,397.92,0.01,69.49,27849.03,1
2024-06-23,2024-06-23 11:55:00,397.92,397.93,397.92,397.93,0.0,69.49,27849.03,1
2024-06-23,2024-06-23 11:56:00,397.93,397.95,397.93,397.95,0.01,69.49,27849.03,1
2024-06-23,2024-06-23 11:57:00,397.95,397.97,397.95,397.97,0.01,69.49,27849.03,1
2024-06-23,2024-06-23 11:58:00,397.97,397.98,397.97,397.98,0.0,69.49,27849.03,1
2024-06-23,2024-06-23 11:59:00,397.98,398.0,397.98,398.0,0.01,69.49,27849.03,1
2024-06-23,2024-06-23 12:00:00,398.0,398.02,398.0,398.02,0.01,69.49,27849.03,1
2024-06-23,2024-06-23 12:01:00,398.02,398.03,398.02,398.03,0.0,69.49,27849.03,1
2024-06-23,2024-06-23 12:02:00,398.03,398.05,398.03,398.05,0.01,69.49,27849.03,1
2024-06-23,2024-06-23 12:03:00,398.05,398.07,398.05,398.07,0.01,69.49,27849.03,1
2024-06-23,2024-06-23 12:04:00,398.07,398.08,398.07,398.08,0.0,69.49,27849.03,1
2024-06-23,2024-06-23 12:05:00,398.08,398.1,398.08,398.1,0.01,69.49,27849.03,1
2024-06-23,2024-06-23 12:06:00,398.1,398.12,398.1,398.12,0.01,69.49,27849.03,1
2024-06-23,2024-06-23 12:07:00,398.12,398.13,398.12,398.13,0.0,69.49,27849.03,1
2024-06-23,2024-06-23 12:08:00,398.13,398.15,398.13,398.15,0.01,69.49,27849.03,1
2024-06-23,2024-06-23 12:09:00,398.15,398.17,398.15,398.17,0.01,69.49,27849.03,1
2024-06-23,2024-06-23 12:10:00,398.17,398.18,398.17,398.18,0.0,69.49,27849.03,1
2024-06-23,2024-06-23 12:11:00,398.18,398.2,398.18,398.2,0.01,69.49,27849.03,1
2024-06-23,2024-06-23 12:12:00,398.2,398.22,398.2,398.22,0.01,69.49,27849.03,1
2024-06-23,2024-06-23 12:13:00,398.22,398.23,398.22,398.23,0.0,69.49,27849.03,1
2024-06-23,2024-06-23 12:14:00,398.23,398.25,398.23,398.25,0.01,69.49,27849.03,1
2024-06-23,2024-06-23 12:15:00,398.25,398.27,398.25,398.27,0.01,69.49,27849.03,1
2024-06-23,2024-06-23 12:16:00,398.27,398.28,398.27,398.28,0.0,69.49,27849.03,1
2024-06-23,2024-06-23 12:17:00,398.28,398.3,398.28,398.3,0.01,69.49,27849.03,1
2024-06-23,2024-06-23 12:18:00,398.3,398.32,398.3,398.32,0.01,69.49,27849.03,1
2024-06-23,2024-06-23 12:19:00,398.32,398.33,398.32,398.33,0.0,69.49,27849.03,1
2024-06-23,2024-06-23 12:20:00,398.33,398.35,398.33,398.35,0.01,69.49,27849.03,1
2024-06-23,2024-06-23 12:21:00,398.35,398.37,398.35,398.37,0.01,69.49,27849.03,1
2024-06-23,2024-06-23 12:22:00,398.37,398.38,398.37,398.38,0.0,69.49,27849.03,1
2024-06-23,2024-06-23 12:23:00,398.38,398.4,398.38,398.4,0.01,69.49,27849.03,1
2024-06-23,2024-06-23 12:24:00,398.4,398.42,398.4,398.42,0.01,69.49,27849.03,1
2024-06-23,2024-06-23 12:25:00,398.42,398.43,398.42,398.43,0.0,69.49,27849.03,1
2024-06-23,2024-06-23 12:26:00,398.43,398.45,398.43,398.45,0.01,69.49,27849.03,1
2024-06-23,2024-06-23 12:27:00,398.45,398.47,398.45,398.47,0.01,69.49,27849.03,1
2024-06-23,2024-06-23 12:28:00,398.47,398.48,398.47,398.48,0.0,69.49,27849.03,1
2024-06-23,2024-06-23 12:29:00,398.48,398.5,398.48,398.5,0.01,69.49,27849.03,1
2024-06-23,2024-06-23 12:30:00,398.5,398.52,398.5,398.52,0.01,69.49,27849.03,1
2024-06-23,2024-06-23 12:31:00,398.52,398.53,398.52,398.53,0.0,69.49,27849.03,1
2024-06-23,2024-06-23 12:32:00,398.53,398.55,398.53,398.55,0.01,69.49,27849.03,1
2024-06-23,2024-06-23 12:33:00,398.55,398.57,398.55,398.57,0.01,69.49,27849.03,1
2024-06-23,2024-06-23 12:34:00,398.57,398.58,398.57,398.58,0.0,69.49,27849.03,1
2024-06-23,2024-06-23 12:35:00,398.58,398.6,398.58,398.6,0.01,69.49,27849.03,1
2024-06-23,2024-06-23 12:36:00,398.6,398.62,398.6,398.62,0.01,69.49,27849.03,1
2024-06-23,2024-06-23 12:37:00,398.62,398.63,398.62,398.63,0.0,69.49,27849.03,1
2024-06-23,2024-06-23 12:38:00,398.63,398.65,398.63,398.65,0.01,69.49,27849.03,1
2024-06-23,2024-06-23 12:39:00,398.65,398.67,398.65,398.67,0.01,69.49,27849.03,1
2024-06-23,2024-06-23 12:40:00,398.67,398.68,398.67,398.68,0.0,69.49,27849.03,1
2024-06-23,2024-06-23 12:41:00,398.68,398.7,398.68,398.7,0.01,69.49,27849.03,1
2024-06-23,2024-06-23 12:42:00,398.7,398.72,398.7,398.72,0.01,69.49,27849.03,1
2024-06-23,2024-06-23 12:43:00,398.72,398.73,398.72,398.73,0.0,69.49,27849.03,1
2024-06-23,2024-06-23 12:44:00,398.73,398.75,398.73,398.75,0.01,69.49,27849.03,1
2024-06-23,2024-06-23 12:45:00,398.75,398.77,398.75,398.77,0.01,69.49,27849.03,1
2024-06-23,2024-06-23 12:46:00,398.77,398.78,398.77,398.78,0.0,69.49,27849.03,1
2024-06-23,2024-06-23 12:47:00,398.78,398.8,398.78,398.8,0.01,69.49,27849.03,1
2024-06-23,2024-06-23 12:48:00,398.8,398.82,398.8,398.82,0.01,69.49,27849.03,1
2024-06-23,2024-06-23 12:49:00,398.82,398.83,398.82,398.83,0.0,69.49,27849.03,1
2024-06-23,2024-06-23 12:50:00,398.83,398.85,398.83,398.85,0.01,69.49,27849.03,1
2024-06-23,2024-06-23 12:51:00,398.85,398.87,398.85,398.87,0.01,69.49,27849.03,1
2024-06-23,2024-06-23 12:52:00,398.87,398.88,398.87,398.88,0.0,69.49,27849.03,1
2024-06-23,2024-06-23 12:53:00,398.88,398.9,398.88,398.9,0.01,69.49,27849.03,1
2024-06-23,2024-06-23 12:54:00,398.9,398.92,398.9,398.92,0.01,69.49,27849.03,1
2024-06-23,2024-06-23 12:55:00,398.92,398.93,398.92,398.93,0.0,69.49,27849.03,1
2024-06-23,2024-06-23 12:56:00,398.93,398.95,398.93,398.95,0.01,69.49,27849.03,1
2024-06-23,2024-06-23 12:57:00,398.95,398.97,398.95,398.97,0.01,69.49,27849.03,1
2024-06-23,2024-06-23 12:58:00,398.97,398.98,398.97,398.98,0.0,69.49,27849.03,1
2024-06-23,2024-06-23 12:59:00,398.98,399.0,398.98,399.0,0.01,69.49,27849.03,1
2024-06-23,2024-06-23 13:00:00,399.0,408.0,395.0,399.02,0.01,69.49,27849.03,1
2024-06-23,2024-06-23 13:01:00,399.02,399.03,399.02,399.03,0.0,69.49,27849.03,1
2024-06-23,2024-06-23 13:02:00,399.03,399.05,399.03,399.05,0.01,69.49,27849.03,1
2024-06-23,2024-06-23 13:03:00,399.05,399.07,399.05,399.07,0.01,69.49,27849.03,1
2024-06-23,2024-06-23 13:04:00,399.07,399.08,399.07,399.08,0.0,69.49,27849.03,1
2024-06-23,2024-06-23 13:05:00,399.08,399.1,399.08,399.1,0.01,69.49,27849.03,1
2024-06-23,2024-06-23 13:06:00,399.1,399.12,399.1,399.12,0.01,69.49,27849.03,1
2024-06-23,2024-06-23 13:07:00,399.12,399.13,399.12,399.13,0.0,69.49,27849.03,1
2024-06-23,2024-06-23 13:08:00,399.13,399.15,399.13,399.15,0.01,69.49,27849.03,1
2024-06-23,2024-06-23 13:09:00,399.15,399.17,399.15,399.17,0.01,69.49,27849.03,1
2024-06-23,2024-06-23 13:10:00,399.17,399.18,399.17,399.18,0.0,69.49,27849.03,1
2024-06-23,2024-06-23 13:11:00,399.18,399.2,399.18,399.2,0.01,69.49,27849.03,1
2024-06-23,2024-06-23 13:12:00,399.2,399.22,399.2,399.22,0.01,69.49,27849.03,1
2024-06-23,2024-06-23 13:13:00,399.22,399.23,399.22,399.23,0.0,69.49,27849.03,1
2024-06-23,2024-06-23 13:14:00,399.23,399.25,399.23,399.25,0.01,69.49,27849.03,1
2024-06-23,2024-06-23 13:15:00,399.25,399.27,399.25,399.27,0.01,69.49,27849.03,1
2024-06-23,2024-06-23 13:16:00,399.27,399.28,399.27,399.28,0.0,69.49,27849.03,1
2024-06-23,2024-06-23 13:17:00,399.28,399.3,399.28,399.3,0.01,69.49,27849.03,1
2024-06-23,2024-06-23 13:18:00,399.3,399.32,399.3,399.32,0.01,69.49,27849.03,1
2024-06-23,2024-06-23 13:19:00,399.32,399.33,399.32,399.33,0.0,69.49,27849.03,1
2024-06-23,2024-06-23 13:20:00,399.33,399.35,399.33,399.35,0.01,69.49,27849.03,1
2024-06-23,2024-06-23 13:21:00,399.35,399.37,399.35,399.37,0.01,69.49,27849.03,1
2024-06-23,2024-06-23 13:22:00,399.37,399.38,399.37,399.38,0.0,69.49,27849.03,1
2024-06-23,2024-06-23 13:23:00,399.38,399.4,399.38,399.4,0.01,69.49,27849.03,1
2024-06-23,2024-06-23 13:24:00,399.4,399.42,399.4,399.42,0.01,69.49,27849.03,1
2024-06-23,2024-06-23 13:25:00,399.42,399.43,399.42,399.43,0.0,69.49,27849.03,1
2024-06-23,2024-06-23 13:26:00,399.43,399.45,399.43,399.45,0.01,69.49,27849.03,1
2024-06-23,2024-06-23 13:27:00,399.45,399.47,399.45,399.47,0.01,69.49,27849.03,1
2024-06-23,2024-06-23 13:28:00,399.47,399.48,399.47,399.48,0.0,69.49,27849.03,1
2024-06-23,2024-06-23 13:29:00,399.48,399.5,399.48,399.5,0.01,69.49,27849.03,1
2024-06-23,2024-06-23 13:30:00,399.5,399.52,399.5,399.52,0.01,69.49,27849.03,1
2024-06-23,2024-06-23 13:31:00,399.52,399.53,399.52,399.53,0.0,69.49,27849.03,1
2024-06-23,2024-06-23 13:32:00,399.53,399.55,399.53,399.55,0.01,69.49,27849.03,1
2024-06-23,2024-06-23 13:33:00,399.55,399.57,399.55,399.57,0.01,69.49,27849.03,1
2024-06-23,2024-06-23 13:34:00,399.57,399.58,399.57,399.58,0.0,69.49,27849.03,1
2024-06-23,2024-06-23 13:35:00,399.58,399.6,399.58,399.6,0.01,69.49,27849.03,1
2024-06-23,2024-06-23 13:36:00,399.6,399.62,399.6,399.62,0.01,69.49,27849.03,1
2024-06-23,2024-06-23 13:37:00,399.62,399.63,399.62,399.63,0.0,69.49,27849.03,1
2024-06-23,2024-06-23 13:38:00,399.63,399.65,399.63,399.65,0.01,69.49,27849.03,1
2024-06-23,2024-06-23 13:39:00,399.65,399.67,399.65,399.67,0.01,69.49,27849.03,1
2024-06-23,2024-06-23 13:40:00,399.67,399.68,399.67,399.68,0.0,69.49,27849.03,1
2024-06-23,2024-06-23 13:41:00,399.68,399.7,399.68,399.7,0.01,69.49,27849.03,1
2024-06-23,2024-06-23 13:42:00,399.7,399.72,399.7,399.72,0.01,69.49,27849.03,1
2024-06-23,2024-06-23 13:43:00,399.72,399.73,399.72,399.73,0.0,69.49,27849.03,1
2024-06-23,2024-06-23 13:44:00,399.73,399.75,399.73,399.75,0.01,69.49,27849.03,1
2024-06-23,2024-06-23 13:45:00,399.75,399.77,399.75,399.77,0.01,69.49,27849.03,1
2024-06-23,2024-06-23 13:46:00,399.77,399.78,399.77,399.78,0.0,69.49,27849.03,1
2024-06-23,2024-06-23 13:47:00,399.78,399.8,399.78,399.8,0.01,69.49,27849.03,1
2024-06-23,2024-06-23 13:48:00,399.8,399.82,399.8,399.82,0.01,69.49,27849.03,1
2024-06-23,2024-06-23 13:49:00,399.82,399.83,399.82,399.83,0.0,69.49,27849.03,1
2024-06-23,2024-06-23 13:50:00,399.83,399.85,399.83,399.85,0.01,69.49,27849.03,1
2024-06-23,2024-06-23 13:51:00,399.85,399.87,399.85,399.87,0.01,69.49,27849.03,1
2024-06-23,2024-06-23 13:52:00,399.87,399.88,399.87,399.88,0.0,69.49,27849.03,1
2024-06-23,2024-06-23 13:53:00,399.88,399.9,399.88,399.9,0.01,69.49,27849.03,1
2024-06-23,2024-06-23 13:54:00,399.9,399.92,399.9,399.92,0.01,69.49,27849.03,1
2024-06-23,2024-06-23 13:55:00,399.92,399.93,399.92,399.93,0.0,69.49,27849.03,1
2024-06-23,2024-06-23 13:56:00,399.93,399.95,399.93,399.95,0.01,69.49,27849.03,1
2024-06-23,2024-06-23 13:57:00,399.95,399.97,399.95,399.97,0.01,69.49,27849.03,1
2024-06-23,2024-06-23 13:58:00,399.97,399.98,399.97,399.98,0.0,69.49,27849.03,1
2024-06-23,2024-06-23 13:59:00,399.98,400.0,399.98,400.0,0.01,69.49,27849.03,1
2024-06-23,2024-06-23 14:00:00,400.0,400.02,400.0,400.02,0.0,69.49,27849.03,1
2024-06-23,2024-06-23 14:01:00,400.02,400.03,400.02,400.03,0.0,69.49,27849.03,1
2024-06-23,2024-06-23 14:02:00,400.03,400.05,400.03,400.05,0.0,69.49,27849.03,1
2024-06-23,2024-06-23 14:03:00,400.05,400.07,400.05,400.07,0.0,69.49,27849.03,1
2024-06-23,2024-06-23 14:04:00,400.07,400.08,400.07,400.08,0.0,69.49,27849.03,1
2024-06-23,2024-06-23 14:05:00,400.08,400.1,400.08,400.1,0.0,69.49,27849.03,1
2024-06-23,2024-06-23 14:06:00,400.1,400.12,400.1,400.12,0.0,69.49,27849.03,1
2024-06-23,2024-06-23 14:07:00,400.12,400.13,400.12,400.13,0.0,69.49,27849.03,1
2024-06-23,2024-06-23 14:08:00,400.13,400.15,400.13,400.15,0.0,69.49,27849.03,1
2024-06-23,2024-06-23 14:09:00,400.15,400.17,400.15,400.17,0.0,69.49,27849.03,1
2024-06-23,2024-06-23 14:10:00,400.17,400.18,400.17,400.18,0.0,69.49,27849.03,1
2024-06-23,2024-06-23 14:11:00,400.18,400.2,400.18,400.2,0.0,69.49,27849.03,1
2024-06-23,2024-06-23 14:12:00,400.2,400.22,400.2,400.22,0.0,69.49,27849.03,1
2024-06-23,2024-06-23 14:13:00,400.22,400.23,400.22,400.23,0.0,69.49,27849.03,1
2024-06-23,2024-06-23 14:14:00,400.23,400.25,400.23,400.25,0.0,69.49,27849.03,1
2024-06-23,2024-06-23 14:15:00,400.25,400.27,400.25,400.27,0.0,69.49,27849.03,1
2024-06-23,2024-06-23 14:16:00,400.27,400.28,400.27,400.28,0.0,69.49,27849.03,1
2024-06-23,2024-06-23 14:17:00,400.28,400.3,400.28,400.3,0.0,69.49,27849.03,1
2024-06-23,2024-06-23 14:18:00,400.3,400.32,400.3,400.32,0.0,69.49,27849.03,1
2024-06-23,2024-06-23 14:19:00,400.32,400.33,400.32,400.33,0.0,69.49,27849.03,1
2024-06-23,2024-06-23 14:20:00,400.33,400.35,400.33,400.35,0.0,69.49,27849.03,1
2024-06-23,2024-06-23 14:21:00,400.35,400.37,400.35,400.37,0.0,69.49,27849.03,1
2024-06-23,2024-06-23 14:22:00,400.37,400.38,400.37,400.38,0.0,69.49,27849.03,1
2024-06-23,2024-06-23 14:23:00,400.38,400.4,400.38,400.4,0.0,69.49,27849.03,1
2024-06-23,2024-06-23 14:24:00,400.4,400.42,400.4,400.42,0.0,69.49,27849.03,1
2024-06-23,2024-06-23 14:25:00,400.42,400.43,400.42,400.43,0.0,69.49,27849.03,1
2024-06-23,2024-06-23 14:26:00,400.43,400.45,400.43,400.45,0.0,69.49,27849.03,1
2024-06-23,2024-06-23 14:27:00,400.45,400.47,400.45,400.47,0.0,69.49,27849.03,1
2024-06-23,2024-06-23 14:28:00,400.47,400.48,400.47,400.48,0.0,69.49,27849.03,1
2024-06-23,2024-06-23 14:29:00,400.48,400.5,400.48,400.5,0.0,69.49,27849.03,1
2024-06-23,2024-06-23 14:30:00,400.5,400.52,400.5,400.52,0.0,69.49,27849.03,1
2024-06-23,2024-06-23 14:31:00,400.52,400.53,400.52,400.53,0.0,69.49,27849.03,1
2024-06-23,2024-06-23 14:32:00,400.53,400.55,400.53,400.55,0.0,69.49,27849.03,1
2024-06-23,2024-06-23 14:33:00,400.55,400.57,400.55,400.57,0.0,69.49,27849.03,1
2024-06-23,2024-06-23 14:34:00,400.57,400.58,400.57,400.58,0.0,69.49,27849.03,1
2024-06-23,2024-06-23 14:35:00,400.58,400.6,400.58,400.6,0.0,69.49,27849.03,1
2024-06-23,2024-06-23 14:36:00,400.6,400.62,400.6,400.62,0.0,69.49,27849.03,1
2024-06-23,2024-06-23 14:37:00,400.62,400.63,400.62,400.63,0.0,69.49,27849.03,1
2024-06-23,2024-06-23 14:38:00,400.63,400.65,400.63,400.65,0.0,69.49,27849.03,1
2024-06-23,2024-06-23 14:39:00,400.65,400.67,400.65,400.67,0.0,69.49,27849.03,1
2024-06-23,2024-06-23 14:40:00,400.67,400.68,400.67,400.68,0.0,69.49,27849.03,1
2024-06-23,2024-06-23 14:41:00,400.68,400.7,400.68,400.7,0.0,69.49,27849.03,1
2024-06-23,2024-06-23 14:42:00,400.7,400.72,400.7,400.72,0.0,69.49,27849.03,1
2024-06-23,2024-06-23 14:43:00,400.72,400.73,400.72,400.73,0.0,69.49,27849.03,1
2024-06-23,2024-06-23 14:44:00,400.73,400.75,400.73,400.75,0.0,69.49,27849.03,1
2024-06-23,2024-06-23 14:45:00,400.75,400.77,400.75,400.77,0.0,69.49,27849.03,1
2024-06-23,2024-06-23 14:46:00,400.77,400.78,400.77,400.78,0.0,69.49,27849.03,1
2024-06-23,2024-06-23 14:47:00,400.78,400.8,400.78,400.8,0.0,69.49,27849.03,1
2024-06-23,2024-06-23 14:48:00,400.8,400.82,400.8,400.82,0.0,69.49,27849.03,1
2024-06-23,2024-06-23 14:49:00,400.82,400.83,400.82,400.83,0.0,69.49,27849.03,1
2024-06-23,2024-06-23 14:50:00,400.83,400.85,400.83,400.85,0.0,69.49,27849.03,1
2024-06-23,2024-06-23 14:51:00,400.85,400.87,400.85,400.87,0.0,69.49,27849.03,1
2024-06-23,2024-06-23 14:52:00,400.87,400.88,400.87,400.88,0.0,69.49,27849.03,1
2024-06-23,2024-06-23 14:53:00,400.88,400.9,400.88,400.9,0.0,69.49,27849.03,1
2024-06-23,2024-06-23 14:54:00,400.9,400.92,400.9,400.92,0.0,69.49,27849.03,1
2024-06-23,2024-06-23 14:55:00,400.92,400.93,400.92,400.93,0.0,69.49,27849.03,1
2024-06-23,2024-06-23 14:56:00,400.93,400.95,400.93,400.95,0.0,69.49,27849.03,1
2024-06-23,2024-06-23 14:57:00,400.95,400.97,400.95,400.97,0.0,69.49,27849.03,1
2024-06-23,2024-06-23 14:58:00,400.97,400.98,400.97,400.98,0.0,69.49,27849.03,1
2024-06-23,2024-06-23 14:59:00,400.98,401.0,400.98,401.0,0.0,69.49,27849.03,1
2024-06-23,2024-06-23 15:00:00,401.0,408.0,395.0,401.0,0.0,69.49,27849.03,0
2024-06-24,2024-06-24 11:00:00,397.4,403.79,397.4,397.47,0.02,107.61,44245.25,1
2024-06-24,2024-06-24 11:01:00,397.47,397.55,397.47,397.55,0.02,107.61,44245.25,1
2024-06-24,2024-06-24 11:02:00,397.55,397.62,397.55,397.62,0.02,107.61,44245.25,1
2024-06-24,2024-06-24 11:03:00,397.62,397.69,397.62,397.69,0.02,107.61,44245.25,1
2024-06-24,2024-06-24 11:04:00,397.69,397.77,397.69,397.77,0.02,107.61,44245.25,1
2024-06-24,2024-06-24 11:05:00,397.77,397.84,397.77,397.84,0.02,107.61,44245.25,1
2024-06-24,2024-06-24 11:06:00,397.84,397.91,397.84,397.91,0.02,107.61,44245.25,1
2024-06-24,2024-06-24 11:07:00,397.91,397.99,397.91,397.99,0.02,107.61,44245.25,1
2024-06-24,2024-06-24 11:08:00,397.99,398.06,397.99,398.06,0.02,107.61,44245.25,1
2024-06-24,2024-06-24 11:09:00,398.06,398.13,398.06,398.13,0.02,107.61,44245.25,1
2024-06-24,2024-06-24 11:10:00,398.13,398.21,398.13,398.21,0.02,107.61,44245.25,1
2024-06-24,2024-06-24 11:11:00,398.21,398.28,398.21,398.28,0.02,107.61,44245.25,1
2024-06-24,2024-06-24 11:12:00,398.28,398.35,398.28,398.35,0.02,107.61,44245.25,1
2024-06-24,2024-06-24 11:13:00,398.35,398.43,398.35,398.43,0.02,107.61,44245.25,1
2024-06-24,2024-06-24 11:14:00,398.43,398.5,398.43,398.5,0.02,107.61,44245.25,1
2024-06-24,2024-06-24 11:15:00,398.5,398.57,398.5,398.57,0.02,107.61,44245.25,1
2024-06-24,2024-06-24 11:16:00,398.57,398.65,398.57,398.65,0.02,107.61,44245.25,1
2024-06-24,2024-06-24 11:17:00,398.65,398.72,398.65,398.72,0.02,107.61,44245.25,1
2024-06-24,2024-06-24 11:18:00,398.72,398.79,398.72,398.79,0.02,107.61,44245.25,1
2024-06-24,2024-06-24 11:19:00,398.79,398.87,398.79,398.87,0.02,107.61,44245.25,1
2024-06-24,2024-06-24 11:20:00,398.87,398.94,398.87,398.94,0.02,107.61,44245.25,1
2024-06-24,2024-06-24 11:21:00,398.94,399.01,398.94,399.01,0.02,107.61,44245.25,1
2024-06-24,2024-06-24 11:22:00,399.01,399.09,399.01,399.09,0.02,107.61,44245.25,1
2024-06-24,2024-06-24 11:23:00,399.09,399.16,399.09,399.16,0.02,107.61,44245.25,1
2024-06-24,2024-06-24 11:24:00,399.16,399.23,399.16,399.23,0.02,107.61,44245.25,1
2024-06-24,2024-06-24 11:25:00,399.23,399.31,399.23,399.31,0.02,107.61,44245.25,1
2024-06-24,2024-06-24 11:26:00,399.31,399.38,399.31,399.38,0.02,107.61,44245.25,1
2024-06-24,2024-06-24 11:27:00,399.38,399.45,399.38,399.45,0.02,107.61,44245.25,1
2024-06-24,2024-06-24 11:28:00,399.45,399.53,399.45,399.53,0.02,107.61,44245.25,1
2024-06-24,2024-06-24 11:29:00,399.53,399.6,399.53,399.6,0.02,107.61,44245.25,1
2024-06-24,2024-06-24 11:30:00,399.6,399.67,399.6,399.67,0.02,107.61,44245.25,1
2024-06-24,2024-06-24 11:31:00,399.67,399.75,399.67,399.75,0.02,107.61,44245.25,1
2024-06-24,2024-06-24 11:32:00,399.75,399.82,399.75,399.82,0.02,107.61,44245.25,1
2024-06-24,2024-06-24 11:33:00,399.82,399.89,399.82,399.89,0.02,107.61,44245.25,1
2024-06-24,2024-06-24 11:34:00,399.89,399.97,399.89,399.97,0.02,107.61,44245.25,1
2024-06-24,2024-06-24 11:35:00,399.97,400.04,399.97,400.04,0.02,107.61,44245.25,1
2024-06-24,2024-06-24 11:36:00,400.04,400.11,400.04,400.11,0.02,107.61,44245.25,1
2024-06-24,2024-06-24 11:37:00,400.11,400.19,400.11,400.19,0.02,107.61,44245.25,1
2024-06-24,2024-06-24 11:38:00,400.19,400.26,400.19,400.26,0.02,107.61,44245.25,1
2024-06-24,2024-06-24 11:39:00,400.26,400.33,400.26,400.33,0.02,107.61,44245.25,1
2024-06-24,2024-06-24 11:40:00,400.33,400.41,400.33,400.41,0.02,107.61,44245.25,1
2024-06-24,2024-06-24 11:41:00,400.41,400.48,400.41,400.48,0.02,107.61,44245.25,1
2024-06-24,2024-06-24 11:42:00,400.48,400.55,400.48,400.55,0.02,107.61,44245.25,1
2024-06-24,2024-06-24 11:43:00,400.55,400.63,400.55,400.63,0.02,107.61,44245.25,1
2024-06-24,2024-06-24 11:44:00,400.63,400.7,400.63,400.7,0.02,107.61,44245.25,1
2024-06-24,2024-06-24 11:45:00,400.7,400.77,400.7,400.77,0.02,107.61,44245.25,1
2024-06-24,2024-06-24 11:46:00,400.77,400.85,400.77,400.85,0.02,107.61,44245.25,1
2024-06-24,2024-06-24 11:47:00,400.85,400.92,400.85,400.92,0.02,107.61,44245.25,1
2024-06-24,2024-06-24 11:48:00,400.92,400.99,400.92,400.99,0.02,107.61,44245.25,1
2024-06-24,2024-06-24 11:49:00,400.99,401.07,400.99,401.07,0.02,107.61,44245.25,1
2024-06-24,2024-06-24 11:50:00,401.07,401.14,401.07,401.14,0.02,107.61,44245.25,1
2024-06-24,2024-06-24 11:51:00,401.14,401.21,401.14,401.21,0.02,107.61,44245.25,1
2024-06-24,2024-06-24 11:52:00,401.21,401.29,401.21,401.29,0.02,107.61,44245.25,1
2024-06-24,2024-06-24 11:53:00,401.29,401.36,401.29,401.36,0.02,107.61,44245.25,1
2024-06-24,2024-06-24 11:54:00,401.36,401.43,401.36,401.43,0.02,107.61,44245.25,1
2024-06-24,2024-06-24 11:55:00,401.43,401.51,401.43,401.51,0.02,107.61,44245.25,1
2024-06-24,2024-06-24 11:56:00,401.51,401.58,401.51,401.58,0.02,107.61,44245.25,1
2024-06-24,2024-06-24 11:57:00,401.58,401.65,401.58,401.65,0.02,107.61,44245.25,1
2024-06-24,2024-06-24 11:58:00,401.65,401.73,401.65,401.73,0.02,107.61,44245.25,1
2024-06-24,2024-06-24 11:59:00,401.73,401.8,401.73,401.8,0.02,107.61,44245.25,1
2024-06-24,2024-06-24 12:00:00,401.8,401.87,401.8,401.87,0.02,107.61,44245.25,1
2024-06-24,2024-06-24 12:01:00,401.87,401.95,401.87,401.95,0.02,107.61,44245.25,1
2024-06-24,2024-06-24 12:02:00,401.95,402.02,401.95,402.02,0.02,107.61,44245.25,1
2024-06-24,2024-06-24 12:03:00,402.02,402.09,402.02,402.09,0.02,107.61,44245.25,1
2024-06-24,2024-06-24 12:04:00,402.09,402.17,402.09,402.17,0.02,107.61,44245.25,1
2024-06-24,2024-06-24 12:05:00,402.17,402.24,402.17,402.24,0.02,107.61,44245.25,1
2024-06-24,2024-06-24 12:06:00,402.24,402.31,402.24,402.31,0.02,107.61,44245.25,1
2024-06-24,2024-06-24 12:07:00,402.31,402.39,402.31,402.39,0.02,107.61,44245.25,1
2024-06-24,2024-06-24 12:08:00,402.39,402.46,402.39,402.46,0.02,107.61,44245.25,1
2024-06-24,2024-06-24 12:09:00,402.46,402.53,402.46,402.53,0.02,107.61,44245.25,1
2024-06-24,2024-06-24 12:10:00,402.53,402.61,402.53,402.61,0.02,107.61,44245.25,1
2024-06-24,2024-06-24 12:11:00,402.61,402.68,402.61,402.68,0.02,107.61,44245.25,1
2024-06-24,2024-06-24 12:12:00,402.68,402.75,402.68,402.75,0.02,107.61,44245.25,1
2024-06-24,2024-06-24 12:13:00,402.75,402.83,402.75,402.83,0.02,107.61,44245.25,1
2024-06-24,2024-06-24 12:14:00,402.83,402.9,402.83,402.9,0.02,107.61,44245.25,1
2024-06-24,2024-06-24 12:15:00,402.9,402.97,402.9,402.97,0.02,107.61,44245.25,1
2024-06-24,2024-06-24 12:16:00,402.97,403.05,402.97,403.05,0.02,107.61,44245.25,1
2024-06-24,2024-06-24 12:17:00,403.05,403.12,403.05,403.12,0.02,107.61,44245.25,1
2024-06-24,2024-06-24 12:18:00,403.12,403.19,403.12,403.19,0.02,107.61,44245.25,1
2024-06-24,2024-06-24 12:19:00,403.19,403.27,403.19,403.27,0.02,107.61,44245.25,1
2024-06-24,2024-06-24 12:20:00,403.27,403.34,403.27,403.34,0.02,107.61,44245.25,1
2024-06-24,2024-06-24 12:21:00,403.34,403.41,403.34,403.41,0.02,107.61,44245.25,1
2024-06-24,2024-06-24 12:22:00,403.41,403.49,403.41,403.49,0.02,107.61,44245.25,1
2024-06-24,2024-06-24 12:23:00,403.49,403.56,403.49,403.56,0.02,107.61,44245.25,1
2024-06-24,2024-06-24 12:24:00,403.56,403.63,403.56,403.63,0.02,107.61,44245.25,1
2024-06-24,2024-06-24 12:25:00,403.63,403.71,403.63,403.71,0.02,107.61,44245.25,1
2024-06-24,2024-06-24 12:26:00,403.71,403.78,403.71,403.78,0.02,107.61,44245.25,1
2024-06-24,2024-06-24 12:27:00,403.78,403.85,403.78,403.85,0.02,107.61,44245.25,1
2024-06-24,2024-06-24 12:28:00,403.85,403.93,403.85,403.93,0.02,107.61,44245.25,1
2024-06-24,2024-06-24 12:29:00,403.93,404.0,403.93,404.0,0.02,107.61,44245.25,1
2024-06-24,2024-06-24 12:30:00,404.0,404.07,404.0,404.07,0.02,107.61,44245.25,1
2024-06-24,2024-06-24 12:31:00,404.07,404.15,404.07,404.15,0.02,107.61,44245.25,1
2024-06-24,2024-06-24 12:32:00,404.15,404.22,404.15,404.22,0.02,107.61,44245.25,1
2024-06-24,2024-06-24 12:33:00,404.22,404.29,404.22,404.29,0.02,107.61,44245.25,1
2024-06-24,2024-06-24 12:34:00,404.29,404.37,404.29,404.37,0.02,107.61,44245.25,1
2024-06-24,2024-06-24 12:35:00,404.37,404.44,404.37,404.44,0.02,107.61,44245.25,1
2024-06-24,2024-06-24 12:36:00,404.44,404.51,404.44,404.51,0.02,107.61,44245.25,1
2024-06-24,2024-06-24 12:37:00,404.51,404.59,404.51,404.59,0.02,107.61,44245.25,1
2024-06-24,2024-06-24 12:38:00,404.59,404.66,404.59,404.66,0.02,107.61,44245.25,1
2024-06-24,2024-06-24 12:39:00,404.66,404.73,404.66,404.73,0.02,107.61,44245.25,1
2024-06-24,2024-06-24 12:40:00,404.73,404.81,404.73,404.81,0.02,107.61,44245.25,1
2024-06-24,2024-06-24 12:41:00,404.81,404.88,404.81,404.88,0.02,107.61,44245.25,1
2024-06-24,2024-06-24 12:42:00,404.88,404.95,404.88,404.95,0.02,107.61,44245.25,1
2024-06-24,2024-06-24 12:43:00,404.95,405.03,404.95,405.03,0.02,107.61,44245.25,1
2024-06-24,2024-06-24 12:44:00,405.03,405.1,405.03,405.1,0.02,107.61,44245.25,1
2024-06-24,2024-06-24 12:45:00,405.1,405.17,405.1,405.17,0.02,107.61,44245.25,1
2024-06-24,2024-06-24 12:46:00,405.17,405.25,405.17,405.25,0.02,107.61,44245.25,1
2024-06-24,2024-06-24 12:47:00,405.25,405.32,405.25,405.32,0.02,107.61,44245.25,1
2024-06-24,2024-06-24 12:48:00,405.32,405.39,405.32,405.39,0.02,107.61,44245.25,1
2024-06-24,2024-06-24 12:49:00,405.39,405.47,405.39,405.47,0.02,107.61,44245.25,1
2024-06-24,2024-06-24 12:50:00,405.47,405.54,405.47,405.54,0.02,107.61,44245.25,1
2024-06-24,2024-06-24 12:51:00,405.54,405.61,405.54,405.61,0.02,107.61,44245.25,1
2024-06-24,2024-06-24 12:52:00,405.61,405.69,405.61,405.69,0.02,107.61,44245.25,1
2024-06-24,2024-06-24 12:53:00,405.69,405.76,405.69,405.76,0.02,107.61,44245.25,1
2024-06-24,2024-06-24 12:54:00,405.76,405.83,405.76,405.83,0.02,107.61,44245.25,1
2024-06-24,2024-06-24 12:55:00,405.83,405.91,405.83,405.91,0.02,107.61,44245.25,1
2024-06-24,2024-06-24 12:56:00,405.91,405.98,405.91,405.98,0.02,107.61,44245.25,1
2024-06-24,2024-06-24 12:57:00,405.98,406.05,405.98,406.05,0.02,107.61,44245.25,1
2024-06-24,2024-06-24 12:58:00,406.05,406.13,406.05,406.13,0.02,107.61,44245.25,1
2024-06-24,2024-06-24 12:59:00,406.13,406.2,406.13,406.2,0.02,107.61,44245.25,1
2024-06-24,2024-06-24 13:00:00,406.2,418.7,397.4,406.27,0.02,107.61,44245.25,1
2024-06-24,2024-06-24 13:01:00,406.27,406.35,406.27,406.35,0.02,107.61,44245.25,1
2024-06-24,2024-06-24 13:02:00,406.35,406.42,406.35,406.42,0.02,107.61,44245.25,1
2024-06-24,2024-06-24 13:03:00,406.42,406.49,406.42,406.49,0.02,107.61,44245.25,1
2024-06-24,2024-06-24 13:04:00,406.49,406.57,406.49,406.57,0.02,107.61,44245.25,1
2024-06-24,2024-06-24 13:05:00,406.57,406.64,406.57,406.64,0.02,107.61,44245.25,1
2024-06-24,2024-06-24 13:06:00,406.64,406.71,406.64,406.71,0.02,107.61,44245.25,1
2024-06-24,2024-06-24 13:07:00,406.71,406.79,406.71,406.79,0.02,107.61,44245.25,1
2024-06-24,2024-06-24 13:08:00,406.79,406.86,406.79,406.86,0.02,107.61,44245.25,1
2024-06-24,2024-06-24 13:09:00,406.86,406.93,406.86,406.93,0.02,107.61,44245.25,1
2024-06-24,2024-06-24 13:10:00,406.93,407.01,406.93,407.01,0.02,107.61,44245.25,1
2024-06-24,2024-06-24 13:11:00,407.01,407.08,407.01,407.08,0.02,107.61,44245.25,1
2024-06-24,2024-06-24 13:12:00,407.08,407.15,407.08,407.15,0.02,107.61,44245.25,1
2024-06-24,2024-06-24 13:13:00,407.15,407.23,407.15,407.23,0.02,107.61,44245.25,1
2024-06-24,2024-06-24 13:14:00,407.23,407.3,407.23,407.3,0.02,107.61,44245.25,1
2024-06-24,2024-06-24 13:15:00,407.3,407.37,407.3,407.37,0.02,107.61,44245.25,1
2024-06-24,2024-06-24 13:16:00,407.37,407.45,407.37,407.45,0.02,107.61,44245.25,1
2024-06-24,2024-06-24 13:17:00,407.45,407.52,407.45,407.52,0.02,107.61,44245.25,1
2024-06-24,2024-06-24 13:18:00,407.52,407.59,407.52,407.59,0.02,107.61,44245.25,1
2024-06-24,2024-06-24 13:19:00,407.59,407.67,407.59,407.67,0.02,107.61,44245.25,1
2024-06-24,2024-06-24 13:20:00,407.67,407.74,407.67,407.74,0.02,107.61,44245.25,1
2024-06-24,2024-06-24 13:21:00,407.74,407.81,407.74,407.81,0.02,107.61,44245.25,1
2024-06-24,2024-06-24 13:22:00,407.81,407.89,407.81,407.89,0.02,107.61,44245.25,1
2024-06-24,2024-06-24 13:23:00,407.89,407.96,407.89,407.96,0.02,107.61,44245.25,1
2024-06-24,2024-06-24 13:24:00,407.96,408.03,407.96,408.03,0.02,107.61,44245.25,1
2024-06-24,2024-06-24 13:25:00,408.03,408.11,408.03,408.11,0.02,107.61,44245.25,1
2024-06-24,2024-06-24 13:26:00,408.11,408.18,408.11,408.18,0.02,107.61,44245.25,1
2024-06-24,2024-06-24 13:27:00,408.18,408.25,408.18,408.25,0.02,107.61,44245.25,1
2024-06-24,2024-06-24 13:28:00,408.25,408.33,408.25,408.33,0.02,107.61,44245.25,1
2024-06-24,2024-06-24 13:29:00,408.33,408.4,408.33,408.4,0.02,107.61,44245.25,1
2024-06-24,2024-06-24 13:30:00,408.4,408.47,408.4,408.47,0.02,107.61,44245.25,1
2024-06-24,2024-06-24 13:31:00,408.47,408.55,408.47,408.55,0.02,107.61,44245.25,1
2024-06-24,2024-06-24 13:32:00,408.55,408.62,408.55,408.62,0.02,107.61,44245.25,1
2024-06-24,2024-06-24 13:33:00,408.62,408.69,408.62,408.69,0.02,107.61,44245.25,1
2024-06-24,2024-06-24 13:34:00,408.69,408.77,408.69,408.77,0.02,107.61,44245.25,1
2024-06-24,2024-06-24 13:35:00,408.77,408.84,408.77,408.84,0.02,107.61,44245.25,1
2024-06-24,2024-06-24 13:36:00,408.84,408.91,408.84,408.91,0.02,107.61,44245.25,1
2024-06-24,2024-06-24 13:37:00,408.91,408.99,408.91,408.99,0.02,107.61,44245.25,1
2024-06-24,2024-06-24 13:38:00,408.99,409.06,408.99,409.06,0.02,107.61,44245.25,1
2024-06-24,2024-06-24 13:39:00,409.06,409.13,409.06,409.13,0.02,107.61,44245.25,1
2024-06-24,2024-06-24 13:40:00,409.13,409.21,409.13,409.21,0.02,107.61,44245.25,1
2024-06-24,2024-06-24 13:41:00,409.21,409.28,409.21,409.28,0.02,107.61,44245.25,1
2024-06-24,2024-06-24 13:42:00,409.28,409.35,409.28,409.35,0.02,107.61,44245.25,1
2024-06-24,2024-06-24 13:43:00,409.35,409.43,409.35,409.43,0.02,107.61,44245.25,1
2024-06-24,2024-06-24 13:44:00,409.43,409.5,409.43,409.5,0.02,107.61,44245.25,1
2024-06-24,2024-06-24 13:45:00,409.5,409.57,409.5,409.57,0.02,107.61,44245.25,1
2024-06-24,2024-06-24 13:46:00,409.57,409.65,409.57,409.65,0.02,107.61,44245.25,1
2024-06-24,2024-06-24 13:47:00,409.65,409.72,409.65,409.72,0.02,107.61,44245.25,1
2024-06-24,2024-06-24 13:48:00,409.72,409.79,409.72,409.79,0.02,107.61,44245.25,1
2024-06-24,2024-06-24 13:49:00,409.79,409.87,409.79,409.87,0.02,107.61,44245.25,1
2024-06-24,2024-06-24 13:50:00,409.87,409.94,409.87,409.94,0.02,107.61,44245.25,1
2024-06-24,2024-06-24 13:51:00,409.94,410.01,409.94,410.01,0.02,107.61,44245.25,1
2024-06-24,2024-06-24 13:52:00,410.01,410.09,410.01,410.09,0.02,107.61,44245.25,1
2024-06-24,2024-06-24 13:53:00,410.09,410.16,410.09,410.16,0.02,107.61,44245.25,1
2024-06-24,2024-06-24 13:54:00,410.16,410.23,410.16,410.23,0.02,107.61,44245.25,1
2024-06-24,2024-06-24 13:55:00,410.23,410.31,410.23,410.31,0.02,107.61,44245.25,1
2024-06-24,2024-06-24 13:56:00,410.31,410.38,410.31,410.38,0.02,107.61,44245.25,1
2024-06-24,2024-06-24 13:57:00,410.38,410.45,410.38,410.45,0.02,107.61,44245.25,1
2024-06-24,2024-06-24 13:58:00,410.45,410.53,410.45,410.53,0.02,107.61,44245.25,1
2024-06-24,2024-06-24 13:59:00,410.53,410.6,410.53,410.6,0.02,107.61,44245.25,1
2024-06-24,2024-06-24 14:00:00,410.6,410.67,410.6,410.67,0.02,107.61,44245.25,1
2024-06-24,2024-06-24 14:01:00,410.67,410.75,410.67,410.75,0.02,107.61,44245.25,1
2024-06-24,2024-06-24 14:02:00,410.75,410.82,410.75,410.82,0.02,107.61,44245.25,1
2024-06-24,2024-06-24 14:03:00,410.82,410.89,410.82,410.89,0.02,107.61,44245.25,1
2024-06-24,2024-06-24 14:04:00,410.89,410.97,410.89,410.97,0.02,107.61,44245.25,1
2024-06-24,2024-06-24 14:05:00,410.97,411.04,410.97,411.04,0.02,107.61,44245.25,1
2024-06-24,2024-06-24 14:06:00,411.04,411.11,411.04,411.11,0.02,107.61,44245.25,1
2024-06-24,2024-06-24 14:07:00,411.11,411.19,411.11,411.19,0.02,107.61,44245.25,1
2024-06-24,2024-06-24 14:08:00,411.19,411.26,411.19,411.26,0.02,107.61,44245.25,1
2024-06-24,2024-06-24 14:09:00,411.26,411.33,411.26,411.33,0.02,107.61,44245.25,1
2024-06-24,2024-06-24 14:10:00,411.33,411.41,411.33,411.41,0.02,107.61,44245.25,1
2024-06-24,2024-06-24 14:11:00,411.41,411.48,411.41,411.48,0.02,107.61,44245.25,1
2024-06-24,2024-06-24 14:12:00,411.48,411.55,411.48,411.55,0.02,107.61,44245.25,1
2024-06-24,2024-06-24 14:13:00,411.55,411.63,411.55,411.63,0.02,107.61,44245.25,1
2024-06-24,2024-06-24 14:14:00,411.63,411.7,411.63,411.7,0.02,107.61,44245.25,1
2024-06-24,2024-06-24 14:15:00,411.7,411.77,411.7,411.77,0.02,107.61,44245.25,1
2024-06-24,2024-06-24 14:16:00,411.77,411.85,411.77,411.85,0.02,107.61,44245.25,1
2024-06-24,2024-06-24 14:17:00,411.85,411.92,411.85,411.92,0.02,107.61,44245.25,1
2024-06-24,2024-06-24 14:18:00,411.92,411.99,411.92,411.99,0.02,107.61,44245.25,1
2024-06-24,2024-06-24 14:19:00,411.99,412.07,411.99,412.07,0.02,107.61,44245.25,1
2024-06-24,2024-06-24 14:20:00,412.07,412.14,412.07,412.14,0.02,107.61,44245.25,1
2024-06-24,2024-06-24 14:21:00,412.14,412.21,412.14,412.21,0.02,107.61,44245.25,1
2024-06-24,2024-06-24 14:22:00,412.21,412.29,412.21,412.29,0.02,107.61,44245.25,1
2024-06-24,2024-06-24 14:23:00,412.29,412.36,412.29,412.36,0.02,107.61,44245.25,1
2024-06-24,2024-06-24 14:24:00,412.36,412.43,412.36,412.43,0.02,107.61,44245.25,1
2024-06-24,2024-06-24 14:25:00,412.43,412.51,412.43,412.51,0.02,107.61,44245.25,1
2024-06-24,2024-06-24 14:26:00,412.51,412.58,412.51,412.58,0.02,107.61,44245.25,1
2024-06-24,2024-06-24 14:27:00,412.58,412.65,412.58,412.65,0.02,107.61,44245.25,1
2024-06-24,2024-06-24 14:28:00,412.65,412.73,412.65,412.73,0.02,107.61,44245.25,1
2024-06-24,2024-06-24 14:29:00,412.73,412.8,412.73,412.8,0.02,107.61,44245.25,1
2024-06-24,2024-06-24 14:30:00,412.8,412.87,412.8,412.87,0.02,107.61,44245.25,1
2024-06-24,2024-06-24 14:31:00,412.87,412.95,412.87,412.95,0.02,107.61,44245.25,1
2024-06-24,2024-06-24 14:32:00,412.95,413.02,412.95,413.02,0.02,107.61,44245.25,1
2024-06-24,2024-06-24 14:33:00,413.02,413.09,413.02,413.09,0.02,107.61,44245.25,1
2024-06-24,2024-06-24 14:34:00,413.09,413.17,413.09,413.17,0.02,107.61,44245.25,1
2024-06-24,2024-06-24 14:35:00,413.17,413.24,413.17,413.24,0.02,107.61,44245.25,1
2024-06-24,2024-06-24 14:36:00,413.24,413.31,413.24,413.31,0.02,107.61,44245.25,1
2024-06-24,2024-06-24 14:37:00,413.31,413.39,413.31,413.39,0.02,107.61,44245.25,1
2024-06-24,2024-06-24 14:38:00,413.39,413.46,413.39,413.46,0.02,107.61,44245.25,1
2024-06-24,2024-06-24 14:39:00,413.46,413.53,413.46,413.53,0.02,107.61,44245.25,1
2024-06-24,2024-06-24 14:40:00,413.53,413.61,413.53,413.61,0.02,107.61,44245.25,1
2024-06-24,2024-06-24 14:41:00,413.61,413.68,413.61,413.68,0.02,107.61,44245.25,1
2024-06-24,2024-06-24 14:42:00,413.68,413.75,413.68,413.75,0.02,107.61,44245.25,1
2024-06-24,2024-06-24 14:43:00,413.75,413.83,413.75,413.83,0.02,107.61,44245.25,1
2024-06-24,2024-06-24 14:44:00,413.83,413.9,413.83,413.9,0.02,107.61,44245.25,1
2024-06-24,2024-06-24 14:45:00,413.9,413.97,413.9,413.97,0.02,107.61,44245.25,1
2024-06-24,2024-06-24 14:46:00,413.97,414.05,413.97,414.05,0.02,107.61,44245.25,1
2024-06-24,2024-06-24 14:47:00,414.05,414.12,414.05,414.12,0.02,107.61,44245.25,1
2024-06-24,2024-06-24 14:48:00,414.12,414.19,414.12,414.19,0.02,107.61,44245.25,1
2024-06-24,2024-06-24 14:49:00,414.19,414.27,414.19,414.27,0.02,107.61,44245.25,1
2024-06-24,2024-06-24 14:50:00,414.27,414.34,414.27,414.34,0.02,107.61,44245.25,1
2024-06-24,2024-06-24 14:51:00,414.34,414.41,414.34,414.41,0.02,107.61,44245.25,1
2024-06-24,2024-06-24 14:52:00,414.41,414.49,414.41,414.49,0.02,107.61,44245.25,1
2024-06-24,2024-06-24 14:53:00,414.49,414.56,414.49,414.56,0.02,107.61,44245.25,1
2024-06-24,2024-06-24 14:54:00,414.56,414.63,414.56,414.63,0.02,107.61,44245.25,1
2024-06-24,2024-06-24 14:55:00,414.63,414.71,414.63,414.71,0.02,107.61,44245.25,1
2024-06-24,2024-06-24 14:56:00,414.71,414.78,414.71,414.78,0.02,107.61,44245.25,1
2024-06-24,2024-06-24 14:57:00,414.78,414.85,414.78,414.85,0.02,107.61,44245.25,1
2024-06-24,2024-06-24 14:58:00,414.85,414.93,414.85,414.93,0.02,107.61,44245.25,1
2024-06-24,2024-06-24 14:59:00,414.93,415.0,414.93,415.0,0.02,107.61,44245.25,1
2024-06-24,2024-06-24 15:00:00,415.0,418.7,397.4,415.0,0.0,107.61,44245.25,0
2024-06-25,2024-06-25 11:00:00,423.3,428.91,420.36,423.38,0.02,213.67,92418.86,1
2024-06-25,2024-06-25 11:01:00,423.38,423.45,423.38,423.45,0.02,213.67,92418.86,1
2024-06-25,2024-06-25 11:02:00,423.45,423.53,423.45,423.53,0.02,213.67,92418.86,1
2024-06-25,2024-06-25 11:03:00,423.53,423.61,423.53,423.61,0.02,213.67,92418.86,1
2024-06-25,2024-06-25 11:04:00,423.61,423.69,423.61,423.69,0.02,213.67,92418.86,1
2024-06-25,2024-06-25 11:05:00,423.69,423.76,423.69,423.76,0.02,213.67,92418.86,1
2024-06-25,2024-06-25 11:06:00,423.76,423.84,423.76,423.84,0.02,213.67,92418.86,1
2024-06-25,2024-06-25 11:07:00,423.84,423.92,423.84,423.92,0.02,213.67,92418.86,1
2024-06-25,2024-06-25 11:08:00,423.92,424.0,423.92,424.0,0.02,213.67,92418.86,1
2024-06-25,2024-06-25 11:09:00,424.0,424.07,424.0,424.07,0.02,213.67,92418.86,1
2024-06-25,2024-06-25 11:10:00,424.07,424.15,424.07,424.15,0.02,213.67,92418.86,1
2024-06-25,2024-06-25 11:11:00,424.15,424.23,424.15,424.23,0.02,213.67,92418.86,1
2024-06-25,2024-06-25 11:12:00,424.23,424.31,424.23,424.31,0.02,213.67,92418.86,1
2024-06-25,2024-06-25 11:13:00,424.31,424.38,424.31,424.38,0.02,213.67,92418.86,1
2024-06-25,2024-06-25 11:14:00,424.38,424.46,424.38,424.46,0.02,213.67,92418.86,1
2024-06-25,2024-06-25 11:15:00,424.46,424.54,424.46,424.54,0.02,213.67,92418.86,1
2024-06-25,2024-06-25 11:16:00,424.54,424.62,424.54,424.62,0.02,213.67,92418.86,1
2024-06-25,2024-06-25 11:17:00,424.62,424.69,424.62,424.69,0.02,213.67,92418.86,1
2024-06-25,2024-06-25 11:18:00,424.69,424.77,424.69,424.77,0.02,213.67,92418.86,1
2024-06-25,2024-06-25 11:19:00,424.77,424.85,424.77,424.85,0.02,213.67,92418.86,1
2024-06-25,2024-06-25 11:20:00,424.85,424.93,424.85,424.93,0.02,213.67,92418.86,1
2024-06-25,2024-06-25 11:21:00,424.93,425.0,424.93,425.0,0.02,213.67,92418.86,1
2024-06-25,2024-06-25 11:22:00,425.0,425.08,425.0,425.08,0.02,213.67,92418.86,1
2024-06-25,2024-06-25 11:23:00,425.08,425.16,425.08,425.16,0.02,213.67,92418.86,1
2024-06-25,2024-06-25 11:24:00,425.16,425.24,425.16,425.24,0.02,213.67,92418.86,1
2024-06-25,2024-06-25 11:25:00,425.24,425.31,425.24,425.31,0.02,213.67,92418.86,1
2024-06-25,2024-06-25 11:26:00,425.31,425.39,425.31,425.39,0.02,213.67,92418.86,1
2024-06-25,2024-06-25 11:27:00,425.39,425.47,425.39,425.47,0.02,213.67,92418.86,1
2024-06-25,2024-06-25 11:28:00,425.47,425.55,425.47,425.55,0.02,213.67,92418.86,1
2024-06-25,2024-06-25 11:29:00,425.55,425.62,425.55,425.62,0.02,213.67,92418.86,1
2024-06-25,2024-06-25 11:30:00,425.62,425.7,425.62,425.7,0.02,213.67,92418.86,1
2024-06-25,2024-06-25 11:31:00,425.7,425.78,425.7,425.78,0.02,213.67,92418.86,1
2024-06-25,2024-06-25 11:32:00,425.78,425.86,425.78,425.86,0.02,213.67,92418.86,1
2024-06-25,2024-06-25 11:33:00,425.86,425.94,425.86,425.94,0.02,213.67,92418.86,1
2024-06-25,2024-06-25 11:34:00,425.94,426.01,425.94,426.01,0.02,213.67,92418.86,1
2024-06-25,2024-06-25 11:35:00,426.01,426.09,426.01,426.09,0.02,213.67,92418.86,1
2024-06-25,2024-06-25 11:36:00,426.09,426.17,426.09,426.17,0.02,213.67,92418.86,1
2024-06-25,2024-06-25 11:37:00,426.17,426.25,426.17,426.25,0.02,213.67,92418.86,1
2024-06-25,2024-06-25 11:38:00,426.25,426.32,426.25,426.32,0.02,213.67,92418.86,1
2024-06-25,2024-06-25 11:39:00,426.32,426.4,426.32,426.4,0.02,213.67,92418.86,1
2024-06-25,2024-06-25 11:40:00,426.4,426.48,426.4,426.48,0.02,213.67,92418.86,1
2024-06-25,2024-06-25 11:41:00,426.48,426.56,426.48,426.56,0.02,213.67,92418.86,1
2024-06-25,2024-06-25 11:42:00,426.56,426.63,426.56,426.63,0.02,213.67,92418.86,1
2024-06-25,2024-06-25 11:43:00,426.63,426.71,426.63,426.71,0.02,213.67,92418.86,1
2024-06-25,2024-06-25 11:44:00,426.71,426.79,426.71,426.79,0.02,213.67,92418.86,1
2024-06-25,2024-06-25 11:45:00,426.79,426.87,426.79,426.87,0.02,213.67,92418.86,1
2024-06-25,2024-06-25 11:46:00,426.87,426.94,426.87,426.94,0.02,213.67,92418.86,1
2024-06-25,2024-06-25 11:47:00,426.94,427.02,426.94,427.02,0.02,213.67,92418.86,1
2024-06-25,2024-06-25 11:48:00,427.02,427.1,427.02,427.1,0.02,213.67,92418.86,1
2024-06-25,2024-06-25 11:49:00,427.1,427.18,427.1,427.18,0.02,213.67,92418.86,1
2024-06-25,2024-06-25 11:50:00,427.18,427.25,427.18,427.25,0.02,213.67,92418.86,1
2024-06-25,2024-06-25 11:51:00,427.25,427.33,427.25,427.33,0.02,213.67,92418.86,1
2024-06-25,2024-06-25 11:52:00,427.33,427.41,427.33,427.41,0.02,213.67,92418.86,1
2024-06-25,2024-06-25 11:53:00,427.41,427.49,427.41,427.49,0.02,213.67,92418.86,1
2024-06-25,2024-06-25 11:54:00,427.49,427.56,427.49,427.56,0.02,213.67,92418.86,1
2024-06-25,2024-06-25 11:55:00,427.56,427.64,427.56,427.64,0.02,213.67,92418.86,1
2024-06-25,2024-06-25 11:56:00,427.64,427.72,427.64,427.72,0.02,213.67,92418.86,1
2024-06-25,2024-06-25 11:57:00,427.72,427.8,427.72,427.8,0.02,213.67,92418.86,1
2024-06-25,2024-06-25 11:58:00,427.8,427.87,427.8,427.87,0.02,213.67,92418.86,1
2024-06-25,2024-06-25 11:59:00,427.87,427.95,427.87,427.95,0.02,213.67,92418.86,1
2024-06-25,2024-06-25 12:00:00,427.95,428.03,427.95,428.03,0.02,213.67,92418.86,1
2024-06-25,2024-06-25 12:01:00,428.03,428.11,428.03,428.11,0.02,213.67,92418.86,1
2024-06-25,2024-06-25 12:02:00,428.11,428.18,428.11,428.18,0.02,213.67,92418.86,1
2024-06-25,2024-06-25 12:03:00,428.18,428.26,428.18,428.26,0.02,213.67,92418.86,1
2024-06-25,2024-06-25 12:04:00,428.26,428.34,428.26,428.34,0.02,213.67,92418.86,1
2024-06-25,2024-06-25 12:05:00,428.34,428.42,428.34,428.42,0.02,213.67,92418.86,1
2024-06-25,2024-06-25 12:06:00,428.42,428.49,428.42,428.49,0.02,213.67,92418.86,1
2024-06-25,2024-06-25 12:07:00,428.49,428.57,428.49,428.57,0.02,213.67,92418.86,1
2024-06-25,2024-06-25 12:08:00,428.57,428.65,428.57,428.65,0.02,213.67,92418.86,1
2024-06-25,2024-06-25 12:09:00,428.65,428.73,428.65,428.73,0.02,213.67,92418.86,1
2024-06-25,2024-06-25 12:10:00,428.73,428.8,428.73,428.8,0.02,213.67,92418.86,1
2024-06-25,2024-06-25 12:11:00,428.8,428.88,428.8,428.88,0.02,213.67,92418.86,1
2024-06-25,2024-06-25 12:12:00,428.88,428.96,428.88,428.96,0.02,213.67,92418.86,1
2024-06-25,2024-06-25 12:13:00,428.96,429.04,428.96,429.04,0.02,213.67,92418.86,1
2024-06-25,2024-06-25 12:14:00,429.04,429.11,429.04,429.11,0.02,213.67,92418.86,1
2024-06-25,2024-06-25 12:15:00,429.11,429.19,429.11,429.19,0.02,213.67,92418.86,1
2024-06-25,2024-06-25 12:16:00,429.19,429.27,429.19,429.27,0.02,213.67,92418.86,1
2024-06-25,2024-06-25 12:17:00,429.27,429.35,429.27,429.35,0.02,213.67,92418.86,1
2024-06-25,2024-06-25 12:18:00,429.35,429.42,429.35,429.42,0.02,213.67,92418.86,1
2024-06-25,2024-06-25 12:19:00,429.42,429.5,429.42,429.5,0.02,213.67,92418.86,1
2024-06-25,2024-06-25 12:20:00,429.5,429.58,429.5,429.58,0.02,213.67,92418.86,1
2024-06-25,2024-06-25 12:21:00,429.58,429.65,429.58,429.65,0.02,213.67,92418.86,1
2024-06-25,2024-06-25 12:22:00,429.65,429.73,429.65,429.73,0.02,213.67,92418.86,1
2024-06-25,2024-06-25 12:23:00,429.73,429.81,429.73,429.81,0.02,213.67,92418.86,1
2024-06-25,2024-06-25 12:24:00,429.81,429.89,429.81,429.89,0.02,213.67,92418.86,1
2024-06-25,2024-06-25 12:25:00,429.89,429.96,429.89,429.96,0.02,213.67,92418.86,1
2024-06-25,2024-06-25 12:26:00,429.96,430.04,429.96,430.04,0.02,213.67,92418.86,1
2024-06-25,2024-06-25 12:27:00,430.04,430.12,430.04,430.12,0.02,213.67,92418.86,1
2024-06-25,2024-06-25 12:28:00,430.12,430.2,430.12,430.2,0.02,213.67,92418.86,1
2024-06-25,2024-06-25 12:29:00,430.2,430.27,430.2,430.27,0.02,213.67,92418.86,1
2024-06-25,2024-06-25 12:30:00,430.27,430.35,430.27,430.35,0.02,213.67,92418.86,1
2024-06-25,2024-06-25 12:31:00,430.35,430.43,430.35,430.43,0.02,213.67,92418.86,1
2024-06-25,2024-06-25 12:32:00,430.43,430.51,430.43,430.51,0.02,213.67,92418.86,1
2024-06-25,2024-06-25 12:33:00,430.51,430.58,430.51,430.58,0.02,213.67,92418.86,1
2024-06-25,2024-06-25 12:34:00,430.58,430.66,430.58,430.66,0.02,213.67,92418.86,1
2024-06-25,2024-06-25 12:35:00,430.66,430.74,430.66,430.74,0.02,213.67,92418.86,1
2024-06-25,2024-06-25 12:36:00,430.74,430.82,430.74,430.82,0.02,213.67,92418.86,1
2024-06-25,2024-06-25 12:37:00,430.82,430.89,430.82,430.89,0.02,213.67,92418.86,1
2024-06-25,2024-06-25 12:38:00,430.89,430.97,430.89,430.97,0.02,213.67,92418.86,1
2024-06-25,2024-06-25 12:39:00,430.97,431.05,430.97,431.05,0.02,213.67,92418.86,1
2024-06-25,2024-06-25 12:40:00,431.05,431.13,431.05,431.13,0.02,213.67,92418.86,1
2024-06-25,2024-06-25 12:41:00,431.13,431.2,431.13,431.2,0.02,213.67,92418.86,1
2024-06-25,2024-06-25 12:42:00,431.2,431.28,431.2,431.28,0.02,213.67,92418.86,1
2024-06-25,2024-06-25 12:43:00,431.28,431.36,431.28,431.36,0.02,213.67,92418.86,1
2024-06-25,2024-06-25 12:44:00,431.36,431.44,431.36,431.44,0.02,213.67,92418.86,1
2024-06-25,2024-06-25 12:45:00,431.44,431.51,431.44,431.51,0.02,213.67,92418.86,1
2024-06-25,2024-06-25 12:46:00,431.51,431.59,431.51,431.59,0.02,213.67,92418.86,1
2024-06-25,2024-06-25 12:47:00,431.59,431.67,431.59,431.67,0.02,213.67,92418.86,1
2024-06-25,2024-06-25 12:48:00,431.67,431.75,431.67,431.75,0.02,213.67,92418.86,1
2024-06-25,2024-06-25 12:49:00,431.75,431.82,431.75,431.82,0.02,213.67,92418.86,1
2024-06-25,2024-06-25 12:50:00,431.82,431.9,431.82,431.9,0.02,213.67,92418.86,1
2024-06-25,2024-06-25 12:51:00,431.9,431.98,431.9,431.98,0.02,213.67,92418.86,1
2024-06-25,2024-06-25 12:52:00,431.98,432.06,431.98,432.06,0.02,213.67,92418.86,1
2024-06-25,2024-06-25 12:53:00,432.06,432.13,432.06,432.13,0.02,213.67,92418.86,1
2024-06-25,2024-06-25 12:54:00,432.13,432.21,432.13,432.21,0.02,213.67,92418.86,1
2024-06-25,2024-06-25 12:55:00,432.21,432.29,432.21,432.29,0.02,213.67,92418.86,1
2024-06-25,2024-06-25 12:56:00,432.29,432.37,432.29,432.37,0.02,213.67,92418.86,1
2024-06-25,2024-06-25 12:57:00,432.37,432.44,432.37,432.44,0.02,213.67,92418.86,1
2024-06-25,2024-06-25 12:58:00,432.44,432.52,432.44,432.52,0.02,213.67,92418.86,1
2024-06-25,2024-06-25 12:59:00,432.52,432.6,432.52,432.6,0.02,213.67,92418.86,1
2024-06-25,2024-06-25 13:00:00,432.6,442.0,413.5,432.68,0.02,213.67,92418.86,1
2024-06-25,2024-06-25 13:01:00,432.68,432.75,432.68,432.75,0.02,213.67,92418.86,1
2024-06-25,2024-06-25 13:02:00,432.75,432.83,432.75,432.83,0.02,213.67,92418.86,1
2024-06-25,2024-06-25 13:03:00,432.83,432.91,432.83,432.91,0.02,213.67,92418.86,1
2024-06-25,2024-06-25 13:04:00,432.91,432.99,432.91,432.99,0.02,213.67,92418.86,1
2024-06-25,2024-06-25 13:05:00,432.99,433.06,432.99,433.06,0.02,213.67,92418.86,1
2024-06-25,2024-06-25 13:06:00,433.06,433.14,433.06,433.14,0.02,213.67,92418.86,1
2024-06-25,2024-06-25 13:07:00,433.14,433.22,433.14,433.22,0.02,213.67,92418.86,1
2024-06-25,2024-06-25 13:08:00,433.22,433.3,433.22,433.3,0.02,213.67,92418.86,1
2024-06-25,2024-06-25 13:09:00,433.3,433.38,433.3,433.38,0.02,213.67,92418.86,1
2024-06-25,2024-06-25 13:10:00,433.38,433.45,433.38,433.45,0.02,213.67,92418.86,1
2024-06-25,2024-06-25 13:11:00,433.45,433.53,433.45,433.53,0.02,213.67,92418.86,1
2024-06-25,2024-06-25 13:12:00,433.53,433.61,433.53,433.61,0.02,213.67,92418.86,1
2024-06-25,2024-06-25 13:13:00,433.61,433.69,433.61,433.69,0.02,213.67,92418.86,1
2024-06-25,2024-06-25 13:14:00,433.69,433.76,433.69,433.76,0.02,213.67,92418.86,1
2024-06-25,2024-06-25 13:15:00,433.76,433.84,433.76,433.84,0.02,213.67,92418.86,1
2024-06-25,2024-06-25 13:16:00,433.84,433.92,433.84,433.92,0.02,213.67,92418.86,1
2024-06-25,2024-06-25 13:17:00,433.92,434.0,433.92,434.0,0.02,213.67,92418.86,1
2024-06-25,2024-06-25 13:18:00,434.0,434.07,434.0,434.07,0.02,213.67,92418.86,1
2024-06-25,2024-06-25 13:19:00,434.07,434.15,434.07,434.15,0.02,213.67,92418.86,1
2024-06-25,2024-06-25 13:20:00,434.15,434.23,434.15,434.23,0.02,213.67,92418.86,1
2024-06-25,2024-06-25 13:21:00,434.23,434.31,434.23,434.31,0.02,213.67,92418.86,1
2024-06-25,2024-06-25 13:22:00,434.31,434.38,434.31,434.38,0.02,213.67,92418.86,1
2024-06-25,2024-06-25 13:23:00,434.38,434.46,434.38,434.46,0.02,213.67,92418.86,1
2024-06-25,2024-06-25 13:24:00,434.46,434.54,434.46,434.54,0.02,213.67,92418.86,1
2024-06-25,2024-06-25 13:25:00,434.54,434.62,434.54,434.62,0.02,213.67,92418.86,1
2024-06-25,2024-06-25 13:26:00,434.62,434.69,434.62,434.69,0.02,213.67,92418.86,1
2024-06-25,2024-06-25 13:27:00,434.69,434.77,434.69,434.77,0.02,213.67,92418.86,1
2024-06-25,2024-06-25 13:28:00,434.77,434.85,434.77,434.85,0.02,213.67,92418.86,1
2024-06-25,2024-06-25 13:29:00,434.85,434.93,434.85,434.93,0.02,213.67,92418.86,1
2024-06-25,2024-06-25 13:30:00,434.93,435.0,434.93,435.0,0.02,213.67,92418.86,1
2024-06-25,2024-06-25 13:31:00,435.0,435.08,435.0,435.08,0.02,213.67,92418.86,1
2024-06-25,2024-06-25 13:32:00,435.08,435.16,435.08,435.16,0.02,213.67,92418.86,1
2024-06-25,2024-06-25 13:33:00,435.16,435.24,435.16,435.24,0.02,213.67,92418.86,1
2024-06-25,2024-06-25 13:34:00,435.24,435.31,435.24,435.31,0.02,213.67,92418.86,1
2024-06-25,2024-06-25 13:35:00,435.31,435.39,435.31,435.39,0.02,213.67,92418.86,1
2024-06-25,2024-06-25 13:36:00,435.39,435.47,435.39,435.47,0.02,213.67,92418.86,1
2024-06-25,2024-06-25 13:37:00,435.47,435.55,435.47,435.55,0.02,213.67,92418.86,1
2024-06-25,2024-06-25 13:38:00,435.55,435.62,435.55,435.62,0.02,213.67,92418.86,1
2024-06-25,2024-06-25 13:39:00,435.62,435.7,435.62,435.7,0.02,213.67,92418.86,1
2024-06-25,2024-06-25 13:40:00,435.7,435.78,435.7,435.78,0.02,213.67,92418.86,1
2024-06-25,2024-06-25 13:41:00,435.78,435.86,435.78,435.86,0.02,213.67,92418.86,1
2024-06-25,2024-06-25 13:42:00,435.86,435.93,435.86,435.93,0.02,213.67,92418.86,1
2024-06-25,2024-06-25 13:43:00,435.93,436.01,435.93,436.01,0.02,213.67,92418.86,1
2024-06-25,2024-06-25 13:44:00,436.01,436.09,436.01,436.09,0.02,213.67,92418.86,1
2024-06-25,2024-06-25 13:45:00,436.09,436.16,436.09,436.16,0.02,213.67,92418.86,1
2024-06-25,2024-06-25 13:46:00,436.16,436.24,436.16,436.24,0.02,213.67,92418.86,1
2024-06-25,2024-06-25 13:47:00,436.24,436.32,436.24,436.32,0.02,213.67,92418.86,1
2024-06-25,2024-06-25 13:48:00,436.32,436.4,436.32,436.4,0.02,213.67,92418.86,1
2024-06-25,2024-06-25 13:49:00,436.4,436.47,436.4,436.47,0.02,213.67,92418.86,1
2024-06-25,2024-06-25 13:50:00,436.47,436.55,436.47,436.55,0.02,213.67,92418.86,1
2024-06-25,2024-06-25 13:51:00,436.55,436.63,436.55,436.63,0.02,213.67,92418.86,1
2024-06-25,2024-06-25 13:52:00,436.63,436.71,436.63,436.71,0.02,213.67,92418.86,1
2024-06-25,2024-06-25 13:53:00,436.71,436.78,436.71,436.78,0.02,213.67,92418.86,1
2024-06-25,2024-06-25 13:54:00,436.78,436.86,436.78,436.86,0.02,213.67,92418.86,1
2024-06-25,2024-06-25 13:55:00,436.86,436.94,436.86,436.94,0.02,213.67,92418.86,1
2024-06-25,2024-06-25 13:56:00,436.94,437.02,436.94,437.02,0.02,213.67,92418.86,1
2024-06-25,2024-06-25 13:57:00,437.02,437.09,437.02,437.09,0.02,213.67,92418.86,1
2024-06-25,2024-06-25 13:58:00,437.09,437.17,437.09,437.17,0.02,213.67,92418.86,1
2024-06-25,2024-06-25 13:59:00,437.17,437.25,437.17,437.25,0.02,213.67,92418.86,1
2024-06-25,2024-06-25 14:00:00,437.25,437.33,437.25,437.33,0.02,213.67,92418.86,1
2024-06-25,2024-06-25 14:01:00,437.33,437.4,437.33,437.4,0.02,213.67,92418.86,1
2024-06-25,2024-06-25 14:02:00,437.4,437.48,437.4,437.48,0.02,213.67,92418.86,1
2024-06-25,2024-06-25 14:03:00,437.48,437.56,437.48,437.56,0.02,213.67,92418.86,1
2024-06-25,2024-06-25 14:04:00,437.56,437.64,437.56,437.64,0.02,213.67,92418.86,1
2024-06-25,2024-06-25 14:05:00,437.64,437.71,437.64,437.71,0.02,213.67,92418.86,1
2024-06-25,2024-06-25 14:06:00,437.71,437.79,437.71,437.79,0.02,213.67,92418.86,1
2024-06-25,2024-06-25 14:07:00,437.79,437.87,437.79,437.87,0.02,213.67,92418.86,1
2024-06-25,2024-06-25 14:08:00,437.87,437.95,437.87,437.95,0.02,213.67,92418.86,1
2024-06-25,2024-06-25 14:09:00,437.95,438.02,437.95,438.02,0.02,213.67,92418.86,1
2024-06-25,2024-06-25 14:10:00,438.02,438.1,438.02,438.1,0.02,213.67,92418.86,1
2024-06-25,2024-06-25 14:11:00,438.1,438.18,438.1,438.18,0.02,213.67,92418.86,1
2024-06-25,2024-06-25 14:12:00,438.18,438.26,438.18,438.26,0.02,213.67,92418.86,1
2024-06-25,2024-06-25 14:13:00,438.26,438.33,438.26,438.33,0.02,213.67,92418.86,1
2024-06-25,2024-06-25 14:14:00,438.33,438.41,438.33,438.41,0.02,213.67,92418.86,1
2024-06-25,2024-06-25 14:15:00,438.41,438.49,438.41,438.49,0.02,213.67,92418.86,1
2024-06-25,2024-06-25 14:16:00,438.49,438.57,438.49,438.57,0.02,213.67,92418.86,1
2024-06-25,2024-06-25 14:17:00,438.57,438.64,438.57,438.64,0.02,213.67,92418.86,1
2024-06-25,2024-06-25 14:18:00,438.64,438.72,438.64,438.72,0.02,213.67,92418.86,1
2024-06-25,2024-06-25 14:19:00,438.72,438.8,438.72,438.8,0.02,213.67,92418.86,1
2024-06-25,2024-06-25 14:20:00,438.8,438.88,438.8,438.88,0.02,213.67,92418.86,1
2024-06-25,2024-06-25 14:21:00,438.88,438.95,438.88,438.95,0.02,213.67,92418.86,1
2024-06-25,2024-06-25 14:22:00,438.95,439.03,438.95,439.03,0.02,213.67,92418.86,1
2024-06-25,2024-06-25 14:23:00,439.03,439.11,439.03,439.11,0.02,213.67,92418.86,1
2024-06-25,2024-06-25 14:24:00,439.11,439.19,439.11,439.19,0.02,213.67,92418.86,1
2024-06-25,2024-06-25 14:25:00,439.19,439.26,439.19,439.26,0.02,213.67,92418.86,1
2024-06-25,2024-06-25 14:26:00,439.26,439.34,439.26,439.34,0.02,213.67,92418.86,1
2024-06-25,2024-06-25 14:27:00,439.34,439.42,439.34,439.42,0.02,213.67,92418.86,1
2024-06-25,2024-06-25 14:28:00,439.42,439.5,439.42,439.5,0.02,213.67,92418.86,1
2024-06-25,2024-06-25 14:29:00,439.5,439.57,439.5,439.57,0.02,213.67,92418.86,1
2024-06-25,2024-06-25 14:30:00,439.57,439.65,439.57,439.65,0.02,213.67,92418.86,1
2024-06-25,2024-06-25 14:31:00,439.65,439.73,439.65,439.73,0.02,213.67,92418.86,1
2024-06-25,2024-06-25 14:32:00,439.73,439.81,439.73,439.81,0.02,213.67,92418.86,1
2024-06-25,2024-06-25 14:33:00,439.81,439.88,439.81,439.88,0.02,213.67,92418.86,1
2024-06-25,2024-06-25 14:34:00,439.88,439.96,439.88,439.96,0.02,213.67,92418.86,1
2024-06-25,2024-06-25 14:35:00,439.96,440.04,439.96,440.04,0.02,213.67,92418.86,1
2024-06-25,2024-06-25 14:36:00,440.04,440.12,440.04,440.12,0.02,213.67,92418.86,1
2024-06-25,2024-06-25 14:37:00,440.12,440.19,440.12,440.19,0.02,213.67,92418.86,1
2024-06-25,2024-06-25 14:38:00,440.19,440.27,440.19,440.27,0.02,213.67,92418.86,1
2024-06-25,2024-06-25 14:39:00,440.27,440.35,440.27,440.35,0.02,213.67,92418.86,1
2024-06-25,2024-06-25 14:40:00,440.35,440.43,440.35,440.43,0.02,213.67,92418.86,1
2024-06-25,2024-06-25 14:41:00,440.43,440.5,440.43,440.5,0.02,213.67,92418.86,1
2024-06-25,2024-06-25 14:42:00,440.5,440.58,440.5,440.58,0.02,213.67,92418.86,1
2024-06-25,2024-06-25 14:43:00,440.58,440.66,440.58,440.66,0.02,213.67,92418.86,1
2024-06-25,2024-06-25 14:44:00,440.66,440.74,440.66,440.74,0.02,213.67,92418.86,1
2024-06-25,2024-06-25 14:45:00,440.74,440.81,440.74,440.81,0.02,213.67,92418.86,1
2024-06-25,2024-06-25 14:46:00,440.81,440.89,440.81,440.89,0.02,213.67,92418.86,1
2024-06-25,2024-06-25 14:47:00,440.89,440.97,440.89,440.97,0.02,213.67,92418.86,1
2024-06-25,2024-06-25 14:48:00,440.97,441.05,440.97,441.05,0.02,213.67,92418.86,1
2024-06-25,2024-06-25 14:49:00,441.05,441.12,441.05,441.12,0.02,213.67,92418.86,1
2024-06-25,2024-06-25 14:50:00,441.12,441.2,441.12,441.2,0.02,213.67,92418.86,1
2024-06-25,2024-06-25 14:51:00,441.2,441.28,441.2,441.28,0.02,213.67,92418.86,1
2024-06-25,2024-06-25 14:52:00,441.28,441.36,441.28,441.36,0.02,213.67,92418.86,1
2024-06-25,2024-06-25 14:53:00,441.36,441.44,441.36,441.44,0.02,213.67,92418.86,1
2024-06-25,2024-06-25 14:54:00,441.44,441.51,441.44,441.51,0.02,213.67,92418.86,1
2024-06-25,2024-06-25 14:55:00,441.51,441.59,441.51,441.59,0.02,213.67,92418.86,1
2024-06-25,2024-06-25 14:56:00,441.59,441.67,441.59,441.67,0.02,213.67,92418.86,1
2024-06-25,2024-06-25 14:57:00,441.67,441.75,441.67,441.75,0.02,213.67,92418.86,1
2024-06-25,2024-06-25 14:58:00,441.75,441.82,441.75,441.82,0.02,213.67,92418.86,1
2024-06-25,2024-06-25 14:59:00,441.82,441.9,441.82,441.9,0.02,213.67,92418.86,1
2024-06-25,2024-06-25 15:00:00,441.9,442.0,413.5,441.9,0.0,213.67,92418.86,0
2024-06-26,2024-06-26 11:00:00,450.0,450.21,443.4,449.93,-0.02,154.08,67045.65,-1
2024-06-26,2024-06-26 11:01:00,449.93,449.93,449.85,449.85,-0.02,154.08,67045.65,-1
2024-06-26,2024-06-26 11:02:00,449.85,449.85,449.77,449.77,-0.02,154.08,67045.65,-1
2024-06-26,2024-06-26 11:03:00,449.77,449.77,449.7,449.7,-0.02,154.08,67045.65,-1
2024-06-26,2024-06-26 11:04:00,449.7,449.7,449.62,449.62,-0.02,154.08,67045.65,-1
2024-06-26,2024-06-26 11:05:00,449.62,449.62,449.55,449.55,-0.02,154.08,67045.65,-1
2024-06-26,2024-06-26 11:06:00,449.55,449.55,449.48,449.48,-0.02,154.08,67045.65,-1
2024-06-26,2024-06-26 11:07:00,449.48,449.48,449.4,449.4,-0.02,154.08,67045.65,-1
2024-06-26,2024-06-26 11:08:00,449.4,449.4,449.32,449.32,-0.02,154.08,67045.65,-1
2024-06-26,2024-06-26 11:09:00,449.32,449.32,449.25,449.25,-0.02,154.08,67045.65,-1
2024-06-26,2024-06-26 11:10:00,449.25,449.25,449.18,449.18,-0.02,154.08,67045.65,-1
2024-06-26,2024-06-26 11:11:00,449.18,449.18,449.1,449.1,-0.02,154.08,67045.65,-1
2024-06-26,2024-06-26 11:12:00,449.1,449.1,449.02,449.02,-0.02,154.08,67045.65,-1
2024-06-26,2024-06-26 11:13:00,449.02,449.02,448.95,448.95,-0.02,154.08,67045.65,-1
2024-06-26,2024-06-26 11:14:00,448.95,448.95,448.88,448.88,-0.02,154.08,67045.65,-1
2024-06-26,2024-06-26 11:15:00,448.88,448.88,448.8,448.8,-0.02,154.08,67045.65,-1
2024-06-26,2024-06-26 11:16:00,448.8,448.8,448.73,448.73,-0.02,154.08,67045.65,-1
2024-06-26,2024-06-26 11:17:00,448.73,448.73,448.65,448.65,-0.02,154.08,67045.65,-1
2024-06-26,2024-06-26 11:18:00,448.65,448.65,448.57,448.57,-0.02,154.08,67045.65,-1
2024-06-26,2024-06-26 11:19:00,448.57,448.57,448.5,448.5,-0.02,154.08,67045.65,-1
2024-06-26,2024-06-26 11:20:00,448.5,448.5,448.43,448.43,-0.02,154.08,67045.65,-1
2024-06-26,2024-06-26 11:21:00,448.43,448.43,448.35,448.35,-0.02,154.08,67045.65,-1
2024-06-26,2024-06-26 11:22:00,448.35,448.35,448.27,448.27,-0.02,154.08,67045.65,-1
2024-06-26,2024-06-26 11:23:00,448.27,448.27,448.2,448.2,-0.02,154.08,67045.65,-1
2024-06-26,2024-06-26 11:24:00,448.2,448.2,448.12,448.12,-0.02,154.08,67045.65,-1
2024-06-26,2024-06-26 11:25:00,448.12,448.12,448.05,448.05,-0.02,154.08,67045.65,-1
2024-06-26,2024-06-26 11:26:00,448.05,448.05,447.98,447.98,-0.02,154.08,67045.65,-1
2024-06-26,2024-06-26 11:27:00,447.98,447.98,447.9,447.9,-0.02,154.08,67045.65,-1
2024-06-26,2024-06-26 11:28:00,447.9,447.9,447.82,447.82,-0.02,154.08,67045.65,-1
2024-06-26,2024-06-26 11:29:00,447.82,447.82,447.75,447.75,-0.02,154.08,67045.65,-1
2024-06-26,2024-06-26 11:30:00,447.75,447.75,447.68,447.68,-0.02,154.08,67045.65,-1
2024-06-26,2024-06-26 11:31:00,447.68,447.68,447.6,447.6,-0.02,154.08,67045.65,-1
2024-06-26,2024-06-26 11:32:00,447.6,447.6,447.52,447.52,-0.02,154.08,67045.65,-1
2024-06-26,2024-06-26 11:33:00,447.52,447.52,447.45,447.45,-0.02,154.08,67045.65,-1
2024-06-26,2024-06-26 11:34:00,447.45,447.45,447.38,447.38,-0.02,154.08,67045.65,-1
2024-06-26,2024-06-26 11:35:00,447.38,447.38,447.3,447.3,-0.02,154.08,67045.65,-1
2024-06-26,2024-06-26 11:36:00,447.3,447.3,447.23,447.23,-0.02,154.08,67045.65,-1
2024-06-26,2024-06-26 11:37:00,447.23,447.23,447.15,447.15,-0.02,154.08,67045.65,-1
2024-06-26,2024-06-26 11:38:00,447.15,447.15,447.07,447.07,-0.02,154.08,67045.65,-1
2024-06-26,2024-06-26 11:39:00,447.07,447.07,447.0,447.0,-0.02,154.08,67045.65,-1
2024-06-26,2024-06-26 11:40:00,447.0,447.0,446.93,446.93,-0.02,154.08,67045.65,-1
2024-06-26,2024-06-26 11:41:00,446.93,446.93,446.85,446.85,-0.02,154.08,67045.65,-1
2024-06-26,2024-06-26 11:42:00,446.85,446.85,446.77,446.77,-0.02,154.08,67045.65,-1
2024-06-26,2024-06-26 11:43:00,446.77,446.77,446.7,446.7,-0.02,154.08,67045.65,-1
2024-06-26,2024-06-26 11:44:00,446.7,446.7,446.62,446.62,-0.02,154.08,67045.65,-1
2024-06-26,2024-06-26 11:45:00,446.62,446.62,446.55,446.55,-0.02,154.08,67045.65,-1
2024-06-26,2024-06-26 11:46:00,446.55,446.55,446.48,446.48,-0.02,154.08,67045.65,-1
2024-06-26,2024-06-26 11:47:00,446.48,446.48,446.4,446.4,-0.02,154.08,67045.65,-1
2024-06-26,2024-06-26 11:48:00,446.4,446.4,446.32,446.32,-0.02,154.08,67045.65,-1
2024-06-26,2024-06-26 11:49:00,446.32,446.32,446.25,446.25,-0.02,154.08,67045.65,-1
2024-06-26,2024-06-26 11:50:00,446.25,446.25,446.18,446.18,-0.02,154.08,67045.65,-1
2024-06-26,2024-06-26 11:51:00,446.18,446.18,446.1,446.1,-0.02,154.08,67045.65,-1
2024-06-26,2024-06-26 11:52:00,446.1,446.1,446.02,446.02,-0.02,154.08,67045.65,-1
2024-06-26,2024-06-26 11:53:00,446.02,446.02,445.95,445.95,-0.02,154.08,67045.65,-1
2024-06-26,2024-06-26 11:54:00,445.95,445.95,445.88,445.88,-0.02,154.08,67045.65,-1
2024-06-26,2024-06-26 11:55:00,445.88,445.88,445.8,445.8,-0.02,154.08,67045.65,-1
2024-06-26,2024-06-26 11:56:00,445.8,445.8,445.73,445.73,-0.02,154.08,67045.65,-1
2024-06-26,2024-06-26 11:57:00,445.73,445.73,445.65,445.65,-0.02,154.08,67045.65,-1
2024-06-26,2024-06-26 11:58:00,445.65,445.65,445.57,445.57,-0.02,154.08,67045.65,-1
2024-06-26,2024-06-26 11:59:00,445.57,445.57,445.5,445.5,-0.02,154.08,67045.65,-1
2024-06-26,2024-06-26 12:00:00,445.5,445.5,445.43,445.43,-0.02,154.08,67045.65,-1
2024-06-26,2024-06-26 12:01:00,445.43,445.43,445.35,445.35,-0.02,154.08,67045.65,-1
2024-06-26,2024-06-26 12:02:00,445.35,445.35,445.27,445.27,-0.02,154.08,67045.65,-1
2024-06-26,2024-06-26 12:03:00,445.27,445.27,445.2,445.2,-0.02,154.08,67045.65,-1
2024-06-26,2024-06-26 12:04:00,445.2,445.2,445.12,445.12,-0.02,154.08,67045.65,-1
2024-06-26,2024-06-26 12:05:00,445.12,445.12,445.05,445.05,-0.02,154.08,67045.65,-1
2024-06-26,2024-06-26 12:06:00,445.05,445.05,444.98,444.98,-0.02,154.08,67045.65,-1
2024-06-26,2024-06-26 12:07:00,444.98,444.98,444.9,444.9,-0.02,154.08,67045.65,-1
2024-06-26,2024-06-26 12:08:00,444.9,444.9,444.82,444.82,-0.02,154.08,67045.65,-1
2024-06-26,2024-06-26 12:09:00,444.82,444.82,444.75,444.75,-0.02,154.08,67045.65,-1
2024-06-26,2024-06-26 12:10:00,444.75,444.75,444.68,444.68,-0.02,154.08,67045.65,-1
2024-06-26,2024-06-26 12:11:00,444.68,444.68,444.6,444.6,-0.02,154.08,67045.65,-1
2024-06-26,2024-06-26 12:12:00,444.6,444.6,444.52,444.52,-0.02,154.08,67045.65,-1
2024-06-26,2024-06-26 12:13:00,444.52,444.52,444.45,444.45,-0.02,154.08,67045.65,-1
2024-06-26,2024-06-26 12:14:00,444.45,444.45,444.38,444.38,-0.02,154.08,67045.65,-1
2024-06-26,2024-06-26 12:15:00,444.38,444.38,444.3,444.3,-0.02,154.08,67045.65,-1
2024-06-26,2024-06-26 12:16:00,444.3,444.3,444.23,444.23,-0.02,154.08,67045.65,-1
2024-06-26,2024-06-26 12:17:00,444.23,444.23,444.15,444.15,-0.02,154.08,67045.65,-1
2024-06-26,2024-06-26 12:18:00,444.15,444.15,444.07,444.07,-0.02,154.08,67045.65,-1
2024-06-26,2024-06-26 12:19:00,444.07,444.07,444.0,444.0,-0.02,154.08,67045.65,-1
2024-06-26,2024-06-26 12:20:00,444.0,444.0,443.93,443.93,-0.02,154.08,67045.65,-1
2024-06-26,2024-06-26 12:21:00,443.93,443.93,443.85,443.85,-0.02,154.08,67045.65,-1
2024-06-26,2024-06-26 12:22:00,443.85,443.85,443.77,443.77,-0.02,154.08,67045.65,-1
2024-06-26,2024-06-26 12:23:00,443.77,443.77,443.7,443.7,-0.02,154.08,67045.65,-1
2024-06-26,2024-06-26 12:24:00,443.7,443.7,443.62,443.62,-0.02,154.08,67045.65,-1
2024-06-26,2024-06-26 12:25:00,443.62,443.62,443.55,443.55,-0.02,154.08,67045.65,-1
2024-06-26,2024-06-26 12:26:00,443.55,443.55,443.48,443.48,-0.02,154.08,67045.65,-1
2024-06-26,2024-06-26 12:27:00,443.48,443.48,443.4,443.4,-0.02,154.08,67045.65,-1
2024-06-26,2024-06-26 12:28:00,443.4,443.4,443.32,443.32,-0.02,154.08,67045.65,-1
2024-06-26,2024-06-26 12:29:00,443.32,443.32,443.25,443.25,-0.02,154.08,67045.65,-1
2024-06-26,2024-06-26 12:30:00,443.25,443.25,443.18,443.18,-0.02,154.08,67045.65,-1
2024-06-26,2024-06-26 12:31:00,443.18,443.18,443.1,443.1,-0.02,154.08,67045.65,-1
2024-06-26,2024-06-26 12:32:00,443.1,443.1,443.02,443.02,-0.02,154.08,67045.65,-1
2024-06-26,2024-06-26 12:33:00,443.02,443.02,442.95,442.95,-0.02,154.08,67045.65,-1
2024-06-26,2024-06-26 12:34:00,442.95,442.95,442.88,442.88,-0.02,154.08,67045.65,-1
2024-06-26,2024-06-26 12:35:00,442.88,442.88,442.8,442.8,-0.02,154.08,67045.65,-1
2024-06-26,2024-06-26 12:36:00,442.8,442.8,442.73,442.73,-0.02,154.08,67045.65,-1
2024-06-26,2024-06-26 12:37:00,442.73,442.73,442.65,442.65,-0.02,154.08,67045.65,-1
2024-06-26,2024-06-26 12:38:00,442.65,442.65,442.57,442.57,-0.02,154.08,67045.65,-1
2024-06-26,2024-06-26 12:39:00,442.57,442.57,442.5,442.5,-0.02,154.08,67045.65,-1
2024-06-26,2024-06-26 12:40:00,442.5,442.5,442.43,442.43,-0.02,154.08,67045.65,-1
2024-06-26,2024-06-26 12:41:00,442.43,442.43,442.35,442.35,-0.02,154.08,67045.65,-1
2024-06-26,2024-06-26 12:42:00,442.35,442.35,442.27,442.27,-0.02,154.08,67045.65,-1
2024-06-26,2024-06-26 12:43:00,442.27,442.27,442.2,442.2,-0.02,154.08,67045.65,-1
2024-06-26,2024-06-26 12:44:00,442.2,442.2,442.12,442.12,-0.02,154.08,67045.65,-1
2024-06-26,2024-06-26 12:45:00,442.12,442.12,442.05,442.05,-0.02,154.08,67045.65,-1
2024-06-26,2024-06-26 12:46:00,442.05,442.05,441.98,441.98,-0.02,154.08,67045.65,-1
2024-06-26,2024-06-26 12:47:00,441.98,441.98,441.9,441.9,-0.02,154.08,67045.65,-1
2024-06-26,2024-06-26 12:48:00,441.9,441.9,441.82,441.82,-0.02,154.08,67045.65,-1
2024-06-26,2024-06-26 12:49:00,441.82,441.82,441.75,441.75,-0.02,154.08,67045.65,-1
2024-06-26,2024-06-26 12:50:00,441.75,441.75,441.68,441.68,-0.02,154.08,67045.65,-1
2024-06-26,2024-06-26 12:51:00,441.68,441.68,441.6,441.6,-0.02,154.08,67045.65,-1
2024-06-26,2024-06-26 12:52:00,441.6,441.6,441.52,441.52,-0.02,154.08,67045.65,-1
2024-06-26,2024-06-26 12:53:00,441.52,441.52,441.45,441.45,-0.02,154.08,67045.65,-1
2024-06-26,2024-06-26 12:54:00,441.45,441.45,441.38,441.38,-0.02,154.08,67045.65,-1
2024-06-26,2024-06-26 12:55:00,441.38,441.38,441.3,441.3,-0.02,154.08,67045.65,-1
2024-06-26,2024-06-26 12:56:00,441.3,441.3,441.23,441.23,-0.02,154.08,67045.65,-1
2024-06-26,2024-06-26 12:57:00,441.23,441.23,441.15,441.15,-0.02,154.08,67045.65,-1
2024-06-26,2024-06-26 12:58:00,441.15,441.15,441.07,441.07,-0.02,154.08,67045.65,-1
2024-06-26,2024-06-26 12:59:00,441.07,441.07,441.0,441.0,-0.02,154.08,67045.65,-1
2024-06-26,2024-06-26 13:00:00,441.0,450.7,428.0,440.93,-0.02,154.08,67045.65,-1
2024-06-26,2024-06-26 13:01:00,440.93,440.93,440.85,440.85,-0.02,154.08,67045.65,-1
2024-06-26,2024-06-26 13:02:00,440.85,440.85,440.77,440.77,-0.02,154.08,67045.65,-1
2024-06-26,2024-06-26 13:03:00,440.77,440.77,440.7,440.7,-0.02,154.08,67045.65,-1
2024-06-26,2024-06-26 13:04:00,440.7,440.7,440.62,440.62,-0.02,154.08,67045.65,-1
2024-06-26,2024-06-26 13:05:00,440.62,440.62,440.55,440.55,-0.02,154.08,67045.65,-1
2024-06-26,2024-06-26 13:06:00,440.55,440.55,440.48,440.48,-0.02,154.08,67045.65,-1
2024-06-26,2024-06-26 13:07:00,440.48,440.48,440.4,440.4,-0.02,154.08,67045.65,-1
2024-06-26,2024-06-26 13:08:00,440.4,440.4,440.32,440.32,-0.02,154.08,67045.65,-1
2024-06-26,2024-06-26 13:09:00,440.32,440.32,440.25,440.25,-0.02,154.08,67045.65,-1
2024-06-26,2024-06-26 13:10:00,440.25,440.25,440.18,440.18,-0.02,154.08,67045.65,-1
2024-06-26,2024-06-26 13:11:00,440.18,440.18,440.1,440.1,-0.02,154.08,67045.65,-1
2024-06-26,2024-06-26 13:12:00,440.1,440.1,440.02,440.02,-0.02,154.08,67045.65,-1
2024-06-26,2024-06-26 13:13:00,440.02,440.02,439.95,439.95,-0.02,154.08,67045.65,-1
2024-06-26,2024-06-26 13:14:00,439.95,439.95,439.88,439.88,-0.02,154.08,67045.65,-1
2024-06-26,2024-06-26 13:15:00,439.88,439.88,439.8,439.8,-0.02,154.08,67045.65,-1
2024-06-26,2024-06-26 13:16:00,439.8,439.8,439.73,439.73,-0.02,154.08,67045.65,-1
2024-06-26,2024-06-26 13:17:00,439.73,439.73,439.65,439.65,-0.02,154.08,67045.65,-1
2024-06-26,2024-06-26 13:18:00,439.65,439.65,439.57,439.57,-0.02,154.08,67045.65,-1
2024-06-26,2024-06-26 13:19:00,439.57,439.57,439.5,439.5,-0.02,154.08,67045.65,-1
2024-06-26,2024-06-26 13:20:00,439.5,439.5,439.43,439.43,-0.02,154.08,67045.65,-1
2024-06-26,2024-06-26 13:21:00,439.43,439.43,439.35,439.35,-0.02,154.08,67045.65,-1
2024-06-26,2024-06-26 13:22:00,439.35,439.35,439.27,439.27,-0.02,154.08,67045.65,-1
2024-06-26,2024-06-26 13:23:00,439.27,439.27,439.2,439.2,-0.02,154.08,67045.65,-1
2024-06-26,2024-06-26 13:24:00,439.2,439.2,439.12,439.12,-0.02,154.08,67045.65,-1
2024-06-26,2024-06-26 13:25:00,439.12,439.12,439.05,439.05,-0.02,154.08,67045.65,-1
2024-06-26,2024-06-26 13:26:00,439.05,439.05,438.98,438.98,-0.02,154.08,67045.65,-1
2024-06-26,2024-06-26 13:27:00,438.98,438.98,438.9,438.9,-0.02,154.08,67045.65,-1
2024-06-26,2024-06-26 13:28:00,438.9,438.9,438.82,438.82,-0.02,154.08,67045.65,-1
2024-06-26,2024-06-26 13:29:00,438.82,438.82,438.75,438.75,-0.02,154.08,67045.65,-1
2024-06-26,2024-06-26 13:30:00,438.75,438.75,438.68,438.68,-0.02,154.08,67045.65,-1
2024-06-26,2024-06-26 13:31:00,438.68,438.68,438.6,438.6,-0.02,154.08,67045.65,-1
2024-06-26,2024-06-26 13:32:00,438.6,438.6,438.52,438.52,-0.02,154.08,67045.65,-1
2024-06-26,2024-06-26 13:33:00,438.52,438.52,438.45,438.45,-0.02,154.08,67045.65,-1
2024-06-26,2024-06-26 13:34:00,438.45,438.45,438.38,438.38,-0.02,154.08,67045.65,-1
2024-06-26,2024-06-26 13:35:00,438.38,438.38,438.3,438.3,-0.02,154.08,67045.65,-1
2024-06-26,2024-06-26 13:36:00,438.3,438.3,438.23,438.23,-0.02,154.08,67045.65,-1
2024-06-26,2024-06-26 13:37:00,438.23,438.23,438.15,438.15,-0.02,154.08,67045.65,-1
2024-06-26,2024-06-26 13:38:00,438.15,438.15,438.07,438.07,-0.02,154.08,67045.65,-1
2024-06-26,2024-06-26 13:39:00,438.07,438.07,438.0,438.0,-0.02,154.08,67045.65,-1
2024-06-26,2024-06-26 13:40:00,438.0,438.0,437.93,437.93,-0.02,154.08,67045.65,-1
2024-06-26,2024-06-26 13:41:00,437.93,437.93,437.85,437.85,-0.02,154.08,67045.65,-1
2024-06-26,2024-06-26 13:42:00,437.85,437.85,437.77,437.77,-0.02,154.08,67045.65,-1
2024-06-26,2024-06-26 13:43:00,437.77,437.77,437.7,437.7,-0.02,154.08,67045.65,-1
2024-06-26,2024-06-26 13:44:00,437.7,437.7,437.62,437.62,-0.02,154.08,67045.65,-1
2024-06-26,2024-06-26 13:45:00,437.62,437.62,437.55,437.55,-0.02,154.08,67045.65,-1
2024-06-26,2024-06-26 13:46:00,437.55,437.55,437.48,437.48,-0.02,154.08,67045.65,-1
2024-06-26,2024-06-26 13:47:00,437.48,437.48,437.4,437.4,-0.02,154.08,67045.65,-1
2024-06-26,2024-06-26 13:48:00,437.4,437.4,437.32,437.32,-0.02,154.08,67045.65,-1
2024-06-26,2024-06-26 13:49:00,437.32,437.32,437.25,437.25,-0.02,154.08,67045.65,-1
2024-06-26,2024-06-26 13:50:00,437.25,437.25,437.18,437.18,-0.02,154.08,67045.65,-1
2024-06-26,2024-06-26 13:51:00,437.18,437.18,437.1,437.1,-0.02,154.08,67045.65,-1
2024-06-26,2024-06-26 13:52:00,437.1,437.1,437.02,437.02,-0.02,154.08,67045.65,-1
2024-06-26,2024-06-26 13:53:00,437.02,437.02,436.95,436.95,-0.02,154.08,67045.65,-1
2024-06-26,2024-06-26 13:54:00,436.95,436.95,436.88,436.88,-0.02,154.08,67045.65,-1
2024-06-26,2024-06-26 13:55:00,436.88,436.88,436.8,436.8,-0.02,154.08,67045.65,-1
2024-06-26,2024-06-26 13:56:00,436.8,436.8,436.73,436.73,-0.02,154.08,67045.65,-1
2024-06-26,2024-06-26 13:57:00,436.73,436.73,436.65,436.65,-0.02,154.08,67045.65,-1
2024-06-26,2024-06-26 13:58:00,436.65,436.65,436.57,436.57,-0.02,154.08,67045.65,-1
2024-06-26,2024-06-26 13:59:00,436.57,436.57,436.5,436.5,-0.02,154.08,67045.65,-1
2024-06-26,2024-06-26 14:00:00,436.5,436.5,436.43,436.43,-0.02,154.08,67045.65,-1
2024-06-26,2024-06-26 14:01:00,436.43,436.43,436.35,436.35,-0.02,154.08,67045.65,-1
2024-06-26,2024-06-26 14:02:00,436.35,436.35,436.27,436.27,-0.02,154.08,67045.65,-1
2024-06-26,2024-06-26 14:03:00,436.27,436.27,436.2,436.2,-0.02,154.08,67045.65,-1
2024-06-26,2024-06-26 14:04:00,436.2,436.2,436.12,436.12,-0.02,154.08,67045.65,-1
2024-06-26,2024-06-26 14:05:00,436.12,436.12,436.05,436.05,-0.02,154.08,67045.65,-1
2024-06-26,2024-06-26 14:06:00,436.05,436.05,435.98,435.98,-0.02,154.08,67045.65,-1
2024-06-26,2024-06-26 14:07:00,435.98,435.98,435.9,435.9,-0.02,154.08,67045.65,-1
2024-06-26,2024-06-26 14:08:00,435.9,435.9,435.82,435.82,-0.02,154.08,67045.65,-1
2024-06-26,2024-06-26 14:09:00,435.82,435.82,435.75,435.75,-0.02,154.08,67045.65,-1
2024-06-26,2024-06-26 14:10:00,435.75,435.75,435.68,435.68,-0.02,154.08,67045.65,-1
2024-06-26,2024-06-26 14:11:00,435.68,435.68,435.6,435.6,-0.02,154.08,67045.65,-1
2024-06-26,2024-06-26 14:12:00,435.6,435.6,435.52,435.52,-0.02,154.08,67045.65,-1
2024-06-26,2024-06-26 14:13:00,435.52,435.52,435.45,435.45,-0.02,154.08,67045.65,-1
2024-06-26,2024-06-26 14:14:00,435.45,435.45,435.38,435.38,-0.02,154.08,67045.65,-1
2024-06-26,2024-06-26 14:15:00,435.38,435.38,435.3,435.3,-0.02,154.08,67045.65,-1
2024-06-26,2024-06-26 14:16:00,435.3,435.3,435.23,435.23,-0.02,154.08,67045.65,-1
2024-06-26,2024-06-26 14:17:00,435.23,435.23,435.15,435.15,-0.02,154.08,67045.65,-1
2024-06-26,2024-06-26 14:18:00,435.15,435.15,435.07,435.07,-0.02,154.08,67045.65,-1
2024-06-26,2024-06-26 14:19:00,435.07,435.07,435.0,435.0,-0.02,154.08,67045.65,-1
2024-06-26,2024-06-26 14:20:00,435.0,435.0,434.93,434.93,-0.02,154.08,67045.65,-1
2024-06-26,2024-06-26 14:21:00,434.93,434.93,434.85,434.85,-0.02,154.08,67045.65,-1
2024-06-26,2024-06-26 14:22:00,434.85,434.85,434.77,434.77,-0.02,154.08,67045.65,-1
2024-06-26,2024-06-26 14:23:00,434.77,434.77,434.7,434.7,-0.02,154.08,67045.65,-1
2024-06-26,2024-06-26 14:24:00,434.7,434.7,434.62,434.62,-0.02,154.08,67045.65,-1
2024-06-26,2024-06-26 14:25:00,434.62,434.62,434.55,434.55,-0.02,154.08,67045.65,-1
2024-06-26,2024-06-26 14:26:00,434.55,434.55,434.48,434.48,-0.02,154.08,67045.65,-1
2024-06-26,2024-06-26 14:27:00,434.48,434.48,434.4,434.4,-0.02,154.08,67045.65,-1
2024-06-26,2024-06-26 14:28:00,434.4,434.4,434.32,434.32,-0.02,154.08,67045.65,-1
2024-06-26,2024-06-26 14:29:00,434.32,434.32,434.25,434.25,-0.02,154.08,67045.65,-1
2024-06-26,2024-06-26 14:30:00,434.25,434.25,434.18,434.18,-0.02,154.08,67045.65,-1
2024-06-26,2024-06-26 14:31:00,434.18,434.18,434.1,434.1,-0.02,154.08,67045.65,-1
2024-06-26,2024-06-26 14:32:00,434.1,434.1,434.02,434.02,-0.02,154.08,67045.65,-1
2024-06-26,2024-06-26 14:33:00,434.02,434.02,433.95,433.95,-0.02,154.08,67045.65,-1
2024-06-26,2024-06-26 14:34:00,433.95,433.95,433.88,433.88,-0.02,154.08,67045.65,-1
2024-06-26,2024-06-26 14:35:00,433.88,433.88,433.8,433.8,-0.02,154.08,67045.65,-1
2024-06-26,2024-06-26 14:36:00,433.8,433.8,433.73,433.73,-0.02,154.08,67045.65,-1
2024-06-26,2024-06-26 14:37:00,433.73,433.73,433.65,433.65,-0.02,154.08,67045.65,-1
2024-06-26,2024-06-26 14:38:00,433.65,433.65,433.57,433.57,-0.02,154.08,67045.65,-1
2024-06-26,2024-06-26 14:39:00,433.57,433.57,433.5,433.5,-0.02,154.08,67045.65,-1
2024-06-26,2024-06-26 14:40:00,433.5,433.5,433.43,433.43,-0.02,154.08,67045.65,-1
2024-06-26,2024-06-26 14:41:00,433.43,433.43,433.35,433.35,-0.02,154.08,67045.65,-1
2024-06-26,2024-06-26 14:42:00,433.35,433.35,433.27,433.27,-0.02,154.08,67045.65,-1
2024-06-26,2024-06-26 14:43:00,433.27,433.27,433.2,433.2,-0.02,154.08,67045.65,-1
2024-06-26,2024-06-26 14:44:00,433.2,433.2,433.12,433.12,-0.02,154.08,67045.65,-1
2024-06-26,2024-06-26 14:45:00,433.12,433.12,433.05,433.05,-0.02,154.08,67045.65,-1
2024-06-26,2024-06-26 14:46:00,433.05,433.05,432.98,432.98,-0.02,154.08,67045.65,-1
2024-06-26,2024-06-26 14:47:00,432.98,432.98,432.9,432.9,-0.02,154.08,67045.65,-1
2024-06-26,2024-06-26 14:48:00,432.9,432.9,432.82,432.82,-0.02,154.08,67045.65,-1
2024-06-26,2024-06-26 14:49:00,432.82,432.82,432.75,432.75,-0.02,154.08,67045.65,-1
2024-06-26,2024-06-26 14:50:00,432.75,432.75,432.68,432.68,-0.02,154.08,67045.65,-1
2024-06-26,2024-06-26 14:51:00,432.68,432.68,432.6,432.6,-0.02,154.08,67045.65,-1
2024-06-26,2024-06-26 14:52:00,432.6,432.6,432.52,432.52,-0.02,154.08,67045.65,-1
2024-06-26,2024-06-26 14:53:00,432.52,432.52,432.45,432.45,-0.02,154.08,67045.65,-1
2024-06-26,2024-06-26 14:54:00,432.45,432.45,432.38,432.38,-0.02,154.08,67045.65,-1
2024-06-26,2024-06-26 14:55:00,432.38,432.38,432.3,432.3,-0.02,154.08,67045.65,-1
2024-06-26,2024-06-26 14:56:00,432.3,432.3,432.23,432.23,-0.02,154.08,67045.65,-1
2024-06-26,2024-06-26 14:57:00,432.23,432.23,432.15,432.15,-0.02,154.08,67045.65,-1
2024-06-26,2024-06-26 14:58:00,432.15,432.15,432.07,432.07,-0.02,154.08,67045.65,-1
2024-06-26,2024-06-26 14:59:00,432.07,432.07,432.0,432.0,-0.02,154.08,67045.65,-1
2024-06-26,2024-06-26 15:00:00,432.0,450.7,428.0,432.0,0.0,154.08,67045.65,0
2024-06-27,2024-06-27 11:00:00,432.0,432.0,428.73,431.97,-0.01,102.89,43695.8,-1
2024-06-27,2024-06-27 11:01:00,431.97,431.97,431.95,431.95,-0.0,102.89,43695.8,-1
2024-06-27,2024-06-27 11:02:00,431.95,431.95,431.92,431.92,-0.01,102.89,43695.8,-1
2024-06-27,2024-06-27 11:03:00,431.92,431.92,431.9,431.9,-0.0,102.89,43695.8,-1
2024-06-27,2024-06-27 11:04:00,431.9,431.9,431.87,431.87,-0.01,102.89,43695.8,-1
2024-06-27,2024-06-27 11:05:00,431.87,431.87,431.85,431.85,-0.0,102.89,43695.8,-1
2024-06-27,2024-06-27 11:06:00,431.85,431.85,431.82,431.82,-0.01,102.89,43695.8,-1
2024-06-27,2024-06-27 11:07:00,431.82,431.82,431.79,431.79,-0.01,102.89,43695.8,-1
2024-06-27,2024-06-27 11:08:00,431.79,431.79,431.77,431.77,-0.0,102.89,43695.8,-1
2024-06-27,2024-06-27 11:09:00,431.77,431.77,431.74,431.74,-0.01,102.89,43695.8,-1
2024-06-27,2024-06-27 11:10:00,431.74,431.74,431.72,431.72,-0.0,102.89,43695.8,-1
2024-06-27,2024-06-27 11:11:00,431.72,431.72,431.69,431.69,-0.01,102.89,43695.8,-1
2024-06-27,2024-06-27 11:12:00,431.69,431.69,431.66,431.66,-0.01,102.89,43695.8,-1
2024-06-27,2024-06-27 11:13:00,431.66,431.66,431.64,431.64,-0.0,102.89,43695.8,-1
2024-06-27,2024-06-27 11:14:00,431.64,431.64,431.61,431.61,-0.01,102.89,43695.8,-1
2024-06-27,2024-06-27 11:15:00,431.61,431.61,431.59,431.59,-0.0,102.89,43695.8,-1
2024-06-27,2024-06-27 11:16:00,431.59,431.59,431.56,431.56,-0.01,102.89,43695.8,-1
2024-06-27,2024-06-27 11:17:00,431.56,431.56,431.54,431.54,-0.0,102.89,43695.8,-1
2024-06-27,2024-06-27 11:18:00,431.54,431.54,431.51,431.51,-0.01,102.89,43695.8,-1
2024-06-27,2024-06-27 11:19:00,431.51,431.51,431.48,431.48,-0.01,102.89,43695.8,-1
2024-06-27,2024-06-27 11:20:00,431.48,431.48,431.46,431.46,-0.0,102.89,43695.8,-1
2024-06-27,2024-06-27 11:21:00,431.46,431.46,431.43,431.43,-0.01,102.89,43695.8,-1
2024-06-27,2024-06-27 11:22:00,431.43,431.43,431.41,431.41,-0.0,102.89,43695.8,-1
2024-06-27,2024-06-27 11:23:00,431.41,431.41,431.38,431.38,-0.01,102.89,43695.8,-1
2024-06-27,2024-06-27 11:24:00,431.38,431.38,431.35,431.35,-0.01,102.89,43695.8,-1
2024-06-27,2024-06-27 11:25:00,431.35,431.35,431.33,431.33,-0.0,102.89,43695.8,-1
2024-06-27,2024-06-27 11:26:00,431.33,431.33,431.3,431.3,-0.01,102.89,43695.8,-1
2024-06-27,2024-06-27 11:27:00,431.3,431.3,431.28,431.28,-0.0,102.89,43695.8,-1
2024-06-27,2024-06-27 11:28:00,431.28,431.28,431.25,431.25,-0.01,102.89,43695.8,-1
2024-06-27,2024-06-27 11:29:00,431.25,431.25,431.23,431.23,-0.0,102.89,43695.8,-1
2024-06-27,2024-06-27 11:30:00,431.23,431.23,431.2,431.2,-0.01,102.89,43695.8,-1
2024-06-27,2024-06-27 11:31:00,431.2,431.2,431.17,431.17,-0.01,102.89,43695.8,-1
2024-06-27,2024-06-27 11:32:00,431.17,431.17,431.15,431.15,-0.0,102.89,43695.8,-1
2024-06-27,2024-06-27 11:33:00,431.15,431.15,431.12,431.12,-0.01,102.89,43695.8,-1
2024-06-27,2024-06-27 11:34:00,431.12,431.12,431.1,431.1,-0.0,102.89,43695.8,-1
2024-06-27,2024-06-27 11:35:00,431.1,431.1,431.07,431.07,-0.01,102.89,43695.8,-1
2024-06-27,2024-06-27 11:36:00,431.07,431.07,431.04,431.04,-0.01,102.89,43695.8,-1
2024-06-27,2024-06-27 11:37:00,431.04,431.04,431.02,431.02,-0.0,102.89,43695.8,-1
2024-06-27,2024-06-27 11:38:00,431.02,431.02,430.99,430.99,-0.01,102.89,43695.8,-1
2024-06-27,2024-06-27 11:39:00,430.99,430.99,430.97,430.97,-0.0,102.89,43695.8,-1
2024-06-27,2024-06-27 11:40:00,430.97,430.97,430.94,430.94,-0.01,102.89,43695.8,-1
2024-06-27,2024-06-27 11:41:00,430.94,430.94,430.92,430.92,-0.0,102.89,43695.8,-1
2024-06-27,2024-06-27 11:42:00,430.92,430.92,430.89,430.89,-0.01,102.89,43695.8,-1
2024-06-27,2024-06-27 11:43:00,430.89,430.89,430.86,430.86,-0.01,102.89,43695.8,-1
2024-06-27,2024-06-27 11:44:00,430.86,430.86,430.84,430.84,-0.0,102.89,43695.8,-1
2024-06-27,2024-06-27 11:45:00,430.84,430.84,430.81,430.81,-0.01,102.89,43695.8,-1
2024-06-27,2024-06-27 11:46:00,430.81,430.81,430.79,430.79,-0.0,102.89,43695.8,-1
2024-06-27,2024-06-27 11:47:00,430.79,430.79,430.76,430.76,-0.01,102.89,43695.8,-1
2024-06-27,2024-06-27 11:48:00,430.76,430.76,430.73,430.73,-0.01,102.89,43695.8,-1
2024-06-27,2024-06-27 11:49:00,430.73,430.73,430.71,430.71,-0.0,102.89,43695.8,-1
2024-06-27,2024-06-27 11:50:00,430.71,430.71,430.68,430.68,-0.01,102.89,43695.8,-1
2024-06-27,2024-06-27 11:51:00,430.68,430.68,430.66,430.66,-0.0,102.89,43695.8,-1
2024-06-27,2024-06-27 11:52:00,430.66,430.66,430.63,430.63,-0.01,102.89,43695.8,-1
2024-06-27,2024-06-27 11:53:00,430.63,430.63,430.61,430.61,-0.0,102.89,43695.8,-1
2024-06-27,2024-06-27 11:54:00,430.61,430.61,430.58,430.58,-0.01,102.89,43695.8,-1
2024-06-27,2024-06-27 11:55:00,430.58,430.58,430.55,430.55,-0.01,102.89,43695.8,-1
2024-06-27,2024-06-27 11:56:00,430.55,430.55,430.53,430.53,-0.0,102.89,43695.8,-1
2024-06-27,2024-06-27 11:57:00,430.53,430.53,430.5,430.5,-0.01,102.89,43695.8,-1
2024-06-27,2024-06-27 11:58:00,430.5,430.5,430.48,430.48,-0.0,102.89,43695.8,-1
2024-06-27,2024-06-27 11:59:00,430.48,430.48,430.45,430.45,-0.01,102.89,43695.8,-1
2024-06-27,2024-06-27 12:00:00,430.45,430.45,430.42,430.42,-0.01,102.89,43695.8,-1
2024-06-27,2024-06-27 12:01:00,430.42,430.42,430.4,430.4,-0.0,102.89,43695.8,-1
2024-06-27,2024-06-27 12:02:00,430.4,430.4,430.37,430.37,-0.01,102.89,43695.8,-1
2024-06-27,2024-06-27 12:03:00,430.37,430.37,430.35,430.35,-0.0,102.89,43695.8,-1
2024-06-27,2024-06-27 12:04:00,430.35,430.35,430.32,430.32,-0.01,102.89,43695.8,-1
2024-06-27,2024-06-27 12:05:00,430.32,430.32,430.3,430.3,-0.0,102.89,43695.8,-1
2024-06-27,2024-06-27 12:06:00,430.3,430.3,430.27,430.27,-0.01,102.89,43695.8,-1
2024-06-27,2024-06-27 12:07:00,430.27,430.27,430.24,430.24,-0.01,102.89,43695.8,-1
2024-06-27,2024-06-27 12:08:00,430.24,430.24,430.22,430.22,-0.0,102.89,43695.8,-1
2024-06-27,2024-06-27 12:09:00,430.22,430.22,430.19,430.19,-0.01,102.89,43695.8,-1
2024-06-27,2024-06-27 12:10:00,430.19,430.19,430.17,430.17,-0.0,102.89,43695.8,-1
2024-06-27,2024-06-27 12:11:00,430.17,430.17,430.14,430.14,-0.01,102.89,43695.8,-1
2024-06-27,2024-06-27 12:12:00,430.14,430.14,430.11,430.11,-0.01,102.89,43695.8,-1
2024-06-27,2024-06-27 12:13:00,430.11,430.11,430.09,430.09,-0.0,102.89,43695.8,-1
2024-06-27,2024-06-27 12:14:00,430.09,430.09,430.06,430.06,-0.01,102.89,43695.8,-1
2024-06-27,2024-06-27 12:15:00,430.06,430.06,430.04,430.04,-0.0,102.89,43695.8,-1
2024-06-27,2024-06-27 12:16:00,430.04,430.04,430.01,430.01,-0.01,102.89,43695.8,-1
2024-06-27,2024-06-27 12:17:00,430.01,430.01,429.99,429.99,-0.0,102.89,43695.8,-1
2024-06-27,2024-06-27 12:18:00,429.99,429.99,429.96,429.96,-0.01,102.89,43695.8,-1
2024-06-27,2024-06-27 12:19:00,429.96,429.96,429.93,429.93,-0.01,102.89,43695.8,-1
2024-06-27,2024-06-27 12:20:00,429.93,429.93,429.91,429.91,-0.0,102.89,43695.8,-1
2024-06-27,2024-06-27 12:21:00,429.91,429.91,429.88,429.88,-0.01,102.89,43695.8,-1
2024-06-27,2024-06-27 12:22:00,429.88,429.88,429.86,429.86,-0.0,102.89,43695.8,-1
2024-06-27,2024-06-27 12:23:00,429.86,429.86,429.83,429.83,-0.01,102.89,43695.8,-1
2024-06-27,2024-06-27 12:24:00,429.83,429.83,429.8,429.8,-0.01,102.89,43695.8,-1
2024-06-27,2024-06-27 12:25:00,429.8,429.8,429.78,429.78,-0.0,102.89,43695.8,-1
2024-06-27,2024-06-27 12:26:00,429.78,429.78,429.75,429.75,-0.01,102.89,43695.8,-1
2024-06-27,2024-06-27 12:27:00,429.75,429.75,429.73,429.73,-0.0,102.89,43695.8,-1
2024-06-27,2024-06-27 12:28:00,429.73,429.73,429.7,429.7,-0.01,102.89,43695.8,-1
2024-06-27,2024-06-27 12:29:00,429.7,429.7,429.68,429.68,-0.0,102.89,43695.8,-1
2024-06-27,2024-06-27 12:30:00,429.68,429.68,429.65,429.65,-0.01,102.89,43695.8,-1
2024-06-27,2024-06-27 12:31:00,429.65,429.65,429.62,429.62,-0.01,102.89,43695.8,-1
2024-06-27,2024-06-27 12:32:00,429.62,429.62,429.6,429.6,-0.0,102.89,43695.8,-1
2024-06-27,2024-06-27 12:33:00,429.6,429.6,429.57,429.57,-0.01,102.89,43695.8,-1
2024-06-27,2024-06-27 12:34:00,429.57,429.57,429.55,429.55,-0.0,102.89,43695.8,-1
2024-06-27,2024-06-27 12:35:00,429.55,429.55,429.52,429.52,-0.01,102.89,43695.8,-1
2024-06-27,2024-06-27 12:36:00,429.52,429.52,429.49,429.49,-0.01,102.89,43695.8,-1
2024-06-27,2024-06-27 12:37:00,429.49,429.49,429.47,429.47,-0.0,102.89,43695.8,-1
2024-06-27,2024-06-27 12:38:00,429.47,429.47,429.44,429.44,-0.01,102.89,43695.8,-1
2024-06-27,2024-06-27 12:39:00,429.44,429.44,429.42,429.42,-0.0,102.89,43695.8,-1
2024-06-27,2024-06-27 12:40:00,429.42,429.42,429.39,429.39,-0.01,102.89,43695.8,-1
2024-06-27,2024-06-27 12:41:00,429.39,429.39,429.37,429.37,-0.0,102.89,43695.8,-1
2024-06-27,2024-06-27 12:42:00,429.37,429.37,429.34,429.34,-0.01,102.89,43695.8,-1
2024-06-27,2024-06-27 12:43:00,429.34,429.34,429.31,429.31,-0.01,102.89,43695.8,-1
2024-06-27,2024-06-27 12:44:00,429.31,429.31,429.29,429.29,-0.0,102.89,43695.8,-1
2024-06-27,2024-06-27 12:45:00,429.29,429.29,429.26,429.26,-0.01,102.89,43695.8,-1
2024-06-27,2024-06-27 12:46:00,429.26,429.26,429.24,429.24,-0.0,102.89,43695.8,-1
2024-06-27,2024-06-27 12:47:00,429.24,429.24,429.21,429.21,-0.01,102.89,43695.8,-1
2024-06-27,2024-06-27 12:48:00,429.21,429.21,429.18,429.18,-0.01,102.89,43695.8,-1
2024-06-27,2024-06-27 12:49:00,429.18,429.18,429.16,429.16,-0.0,102.89,43695.8,-1
2024-06-27,2024-06-27 12:50:00,429.16,429.16,429.13,429.13,-0.01,102.89,43695.8,-1
2024-06-27,2024-06-27 12:51:00,429.13,429.13,429.11,429.11,-0.0,102.89,43695.8,-1
2024-06-27,2024-06-27 12:52:00,429.11,429.11,429.08,429.08,-0.01,102.89,43695.8,-1
2024-06-27,2024-06-27 12:53:00,429.08,429.08,429.06,429.06,-0.0,102.89,43695.8,-1
2024-06-27,2024-06-27 12:54:00,429.06,429.06,429.03,429.03,-0.01,102.89,43695.8,-1
2024-06-27,2024-06-27 12:55:00,429.03,429.03,429.0,429.0,-0.01,102.89,43695.8,-1
2024-06-27,2024-06-27 12:56:00,429.0,429.0,428.98,428.98,-0.0,102.89,43695.8,-1
2024-06-27,2024-06-27 12:57:00,428.98,428.98,428.95,428.95,-0.01,102.89,43695.8,-1
2024-06-27,2024-06-27 12:58:00,428.95,428.95,428.93,428.93,-0.0,102.89,43695.8,-1
2024-06-27,2024-06-27 12:59:00,428.93,428.93,428.9,428.9,-0.01,102.89,43695.8,-1
2024-06-27,2024-06-27 13:00:00,428.9,432.0,421.1,428.87,-0.01,102.89,43695.8,-1
2024-06-27,2024-06-27 13:01:00,428.87,428.87,428.85,428.85,-0.0,102.89,43695.8,-1
2024-06-27,2024-06-27 13:02:00,428.85,428.85,428.82,428.82,-0.01,102.89,43695.8,-1
2024-06-27,2024-06-27 13:03:00,428.82,428.82,428.8,428.8,-0.0,102.89,43695.8,-1
2024-06-27,2024-06-27 13:04:00,428.8,428.8,428.77,428.77,-0.01,102.89,43695.8,-1
2024-06-27,2024-06-27 13:05:00,428.77,428.77,428.75,428.75,-0.0,102.89,43695.8,-1
2024-06-27,2024-06-27 13:06:00,428.75,428.75,428.72,428.72,-0.01,102.89,43695.8,-1
2024-06-27,2024-06-27 13:07:00,428.72,428.72,428.69,428.69,-0.01,102.89,43695.8,-1
2024-06-27,2024-06-27 13:08:00,428.69,428.69,428.67,428.67,-0.0,102.89,43695.8,-1
2024-06-27,2024-06-27 13:09:00,428.67,428.67,428.64,428.64,-0.01,102.89,43695.8,-1
2024-06-27,2024-06-27 13:10:00,428.64,428.64,428.62,428.62,-0.0,102.89,43695.8,-1
2024-06-27,2024-06-27 13:11:00,428.62,428.62,428.59,428.59,-0.01,102.89,43695.8,-1
2024-06-27,2024-06-27 13:12:00,428.59,428.59,428.56,428.56,-0.01,102.89,43695.8,-1
2024-06-27,2024-06-27 13:13:00,428.56,428.56,428.54,428.54,-0.0,102.89,43695.8,-1
2024-06-27,2024-06-27 13:14:00,428.54,428.54,428.51,428.51,-0.01,102.89,43695.8,-1
2024-06-27,2024-06-27 13:15:00,428.51,428.51,428.49,428.49,-0.0,102.89,43695.8,-1
2024-06-27,2024-06-27 13:16:00,428.49,428.49,428.46,428.46,-0.01,102.89,43695.8,-1
2024-06-27,2024-06-27 13:17:00,428.46,428.46,428.44,428.44,-0.0,102.89,43695.8,-1
2024-06-27,2024-06-27 13:18:00,428.44,428.44,428.41,428.41,-0.01,102.89,43695.8,-1
2024-06-27,2024-06-27 13:19:00,428.41,428.41,428.38,428.38,-0.01,102.89,43695.8,-1
2024-06-27,2024-06-27 13:20:00,428.38,428.38,428.36,428.36,-0.0,102.89,43695.8,-1
2024-06-27,2024-06-27 13:21:00,428.36,428.36,428.33,428.33,-0.01,102.89,43695.8,-1
2024-06-27,2024-06-27 13:22:00,428.33,428.33,428.31,428.31,-0.0,102.89,43695.8,-1
2024-06-27,2024-06-27 13:23:00,428.31,428.31,428.28,428.28,-0.01,102.89,43695.8,-1
2024-06-27,2024-06-27 13:24:00,428.28,428.28,428.25,428.25,-0.01,102.89,43695.8,-1
2024-06-27,2024-06-27 13:25:00,428.25,428.25,428.23,428.23,-0.0,102.89,43695.8,-1
2024-06-27,2024-06-27 13:26:00,428.23,428.23,428.2,428.2,-0.01,102.89,43695.8,-1
2024-06-27,2024-06-27 13:27:00,428.2,428.2,428.18,428.18,-0.0,102.89,43695.8,-1
2024-06-27,2024-06-27 13:28:00,428.18,428.18,428.15,428.15,-0.01,102.89,43695.8,-1
2024-06-27,2024-06-27 13:29:00,428.15,428.15,428.12,428.12,-0.01,102.89,43695.8,-1
2024-06-27,2024-06-27 13:30:00,428.12,428.12,428.1,428.1,-0.0,102.89,43695.8,-1
2024-06-27,2024-06-27 13:31:00,428.1,428.1,428.07,428.07,-0.01,102.89,43695.8,-1
2024-06-27,2024-06-27 13:32:00,428.07,428.07,428.05,428.05,-0.0,102.89,43695.8,-1
2024-06-27,2024-06-27 13:33:00,428.05,428.05,428.02,428.02,-0.01,102.89,43695.8,-1
2024-06-27,2024-06-27 13:34:00,428.02,428.02,428.0,428.0,-0.0,102.89,43695.8,-1
2024-06-27,2024-06-27 13:35:00,428.0,428.0,427.97,427.97,-0.01,102.89,43695.8,-1
2024-06-27,2024-06-27 13:36:00,427.97,427.97,427.94,427.94,-0.01,102.89,43695.8,-1
2024-06-27,2024-06-27 13:37:00,427.94,427.94,427.92,427.92,-0.0,102.89,43695.8,-1
2024-06-27,2024-06-27 13:38:00,427.92,427.92,427.89,427.89,-0.01,102.89,43695.8,-1
2024-06-27,2024-06-27 13:39:00,427.89,427.89,427.87,427.87,-0.0,102.89,43695.8,-1
2024-06-27,2024-06-27 13:40:00,427.87,427.87,427.84,427.84,-0.01,102.89,43695.8,-1
2024-06-27,2024-06-27 13:41:00,427.84,427.84,427.81,427.81,-0.01,102.89,43695.8,-1
2024-06-27,2024-06-27 13:42:00,427.81,427.81,427.79,427.79,-0.0,102.89,43695.8,-1
2024-06-27,2024-06-27 13:43:00,427.79,427.79,427.76,427.76,-0.01,102.89,43695.8,-1
2024-06-27,2024-06-27 13:44:00,427.76,427.76,427.74,427.74,-0.0,102.89,43695.8,-1
2024-06-27,2024-06-27 13:45:00,427.74,427.74,427.71,427.71,-0.01,102.89,43695.8,-1
2024-06-27,2024-06-27 13:46:00,427.71,427.71,427.69,427.69,-0.0,102.89,43695.8,-1
2024-06-27,2024-06-27 13:47:00,427.69,427.69,427.66,427.66,-0.01,102.89,43695.8,-1
2024-06-27,2024-06-27 13:48:00,427.66,427.66,427.63,427.63,-0.01,102.89,43695.8,-1
2024-06-27,2024-06-27 13:49:00,427.63,427.63,427.61,427.61,-0.0,102.89,43695.8,-1
2024-06-27,2024-06-27 13:50:00,427.61,427.61,427.58,427.58,-0.01,102.89,43695.8,-1
2024-06-27,2024-06-27 13:51:00,427.58,427.58,427.56,427.56,-0.0,102.89,43695.8,-1
2024-06-27,2024-06-27 13:52:00,427.56,427.56,427.53,427.53,-0.01,102.89,43695.8,-1
2024-06-27,2024-06-27 13:53:00,427.53,427.53,427.5,427.5,-0.01,102.89,43695.8,-1
2024-06-27,2024-06-27 13:54:00,427.5,427.5,427.48,427.48,-0.0,102.89,43695.8,-1
2024-06-27,2024-06-27 13:55:00,427.48,427.48,427.45,427.45,-0.01,102.89,43695.8,-1
2024-06-27,2024-06-27 13:56:00,427.45,427.45,427.43,427.43,-0.0,102.89,43695.8,-1
2024-06-27,2024-06-27 13:57:00,427.43,427.43,427.4,427.4,-0.01,102.89,43695.8,-1
2024-06-27,2024-06-27 13:58:00,427.4,427.4,427.38,427.38,-0.0,102.89,43695.8,-1
2024-06-27,2024-06-27 13:59:00,427.38,427.38,427.35,427.35,-0.01,102.89,43695.8,-1
2024-06-27,2024-06-27 14:00:00,427.35,427.35,427.32,427.32,-0.01,102.89,43695.8,-1
2024-06-27,2024-06-27 14:01:00,427.32,427.32,427.3,427.3,-0.0,102.89,43695.8,-1
2024-06-27,2024-06-27 14:02:00,427.3,427.3,427.27,427.27,-0.01,102.89,43695.8,-1
2024-06-27,2024-06-27 14:03:00,427.27,427.27,427.25,427.25,-0.0,102.89,43695.8,-1
2024-06-27,2024-06-27 14:04:00,427.25,427.25,427.22,427.22,-0.01,102.89,43695.8,-1
2024-06-27,2024-06-27 14:05:00,427.22,427.22,427.19,427.19,-0.01,102.89,43695.8,-1
2024-06-27,2024-06-27 14:06:00,427.19,427.19,427.17,427.17,-0.0,102.89,43695.8,-1
2024-06-27,2024-06-27 14:07:00,427.17,427.17,427.14,427.14,-0.01,102.89,43695.8,-1
2024-06-27,2024-06-27 14:08:00,427.14,427.14,427.12,427.12,-0.0,102.89,43695.8,-1
2024-06-27,2024-06-27 14:09:00,427.12,427.12,427.09,427.09,-0.01,102.89,43695.8,-1
2024-06-27,2024-06-27 14:10:00,427.09,427.09,427.07,427.07,-0.0,102.89,43695.8,-1
2024-06-27,2024-06-27 14:11:00,427.07,427.07,427.04,427.04,-0.01,102.89,43695.8,-1
2024-06-27,2024-06-27 14:12:00,427.04,427.04,427.01,427.01,-0.01,102.89,43695.8,-1
2024-06-27,2024-06-27 14:13:00,427.01,427.01,426.99,426.99,-0.0,102.89,43695.8,-1
2024-06-27,2024-06-27 14:14:00,426.99,426.99,426.96,426.96,-0.01,102.89,43695.8,-1
2024-06-27,2024-06-27 14:15:00,426.96,426.96,426.94,426.94,-0.0,102.89,43695.8,-1
2024-06-27,2024-06-27 14:16:00,426.94,426.94,426.91,426.91,-0.01,102.89,43695.8,-1
2024-06-27,2024-06-27 14:17:00,426.91,426.91,426.88,426.88,-0.01,102.89,43695.8,-1
2024-06-27,2024-06-27 14:18:00,426.88,426.88,426.86,426.86,-0.0,102.89,43695.8,-1
2024-06-27,2024-06-27 14:19:00,426.86,426.86,426.83,426.83,-0.01,102.89,43695.8,-1
2024-06-27,2024-06-27 14:20:00,426.83,426.83,426.81,426.81,-0.0,102.89,43695.8,-1
2024-06-27,2024-06-27 14:21:00,426.81,426.81,426.78,426.78,-0.01,102.89,43695.8,-1
2024-06-27,2024-06-27 14:22:00,426.78,426.78,426.76,426.76,-0.0,102.89,43695.8,-1
2024-06-27,2024-06-27 14:23:00,426.76,426.76,426.73,426.73,-0.01,102.89,43695.8,-1
2024-06-27,2024-06-27 14:24:00,426.73,426.73,426.7,426.7,-0.01,102.89,43695.8,-1
2024-06-27,2024-06-27 14:25:00,426.7,426.7,426.68,426.68,-0.0,102.89,43695.8,-1
2024-06-27,2024-06-27 14:26:00,426.68,426.68,426.65,426.65,-0.01,102.89,43695.8,-1
2024-06-27,2024-06-27 14:27:00,426.65,426.65,426.63,426.63,-0.0,102.89,43695.8,-1
2024-06-27,2024-06-27 14:28:00,426.63,426.63,426.6,426.6,-0.01,102.89,43695.8,-1
2024-06-27,2024-06-27 14:29:00,426.6,426.6,426.57,426.57,-0.01,102.89,43695.8,-1
2024-06-27,2024-06-27 14:30:00,426.57,426.57,426.55,426.55,-0.0,102.89,43695.8,-1
2024-06-27,2024-06-27 14:31:00,426.55,426.55,426.52,426.52,-0.01,102.89,43695.8,-1
2024-06-27,2024-06-27 14:32:00,426.52,426.52,426.5,426.5,-0.0,102.89,43695.8,-1
2024-06-27,2024-06-27 14:33:00,426.5,426.5,426.47,426.47,-0.01,102.89,43695.8,-1
2024-06-27,2024-06-27 14:34:00,426.47,426.47,426.45,426.45,-0.0,102.89,43695.8,-1
2024-06-27,2024-06-27 14:35:00,426.45,426.45,426.42,426.42,-0.01,102.89,43695.8,-1
2024-06-27,2024-06-27 14:36:00,426.42,426.42,426.39,426.39,-0.01,102.89,43695.8,-1
2024-06-27,2024-06-27 14:37:00,426.39,426.39,426.37,426.37,-0.0,102.89,43695.8,-1
2024-06-27,2024-06-27 14:38:00,426.37,426.37,426.34,426.34,-0.01,102.89,43695.8,-1
2024-06-27,2024-06-27 14:39:00,426.34,426.34,426.32,426.32,-0.0,102.89,43695.8,-1
2024-06-27,2024-06-27 14:40:00,426.32,426.32,426.29,426.29,-0.01,102.89,43695.8,-1
2024-06-27,2024-06-27 14:41:00,426.29,426.29,426.26,426.26,-0.01,102.89,43695.8,-1
2024-06-27,2024-06-27 14:42:00,426.26,426.26,426.24,426.24,-0.0,102.89,43695.8,-1
2024-06-27,2024-06-27 14:43:00,426.24,426.24,426.21,426.21,-0.01,102.89,43695.8,-1
2024-06-27,2024-06-27 14:44:00,426.21,426.21,426.19,426.19,-0.0,102.89,43695.8,-1
2024-06-27,2024-06-27 14:45:00,426.19,426.19,426.16,426.16,-0.01,102.89,43695.8,-1
2024-06-27,2024-06-27 14:46:00,426.16,426.16,426.14,426.14,-0.0,102.89,43695.8,-1
2024-06-27,2024-06-27 14:47:00,426.14,426.14,426.11,426.11,-0.01,102.89,43695.8,-1
2024-06-27,2024-06-27 14:48:00,426.11,426.11,426.08,426.08,-0.01,102.89,43695.8,-1
2024-06-27,2024-06-27 14:49:00,426.08,426.08,426.06,426.06,-0.0,102.89,43695.8,-1
2024-06-27,2024-06-27 14:50:00,426.06,426.06,426.03,426.03,-0.01,102.89,43695.8,-1
2024-06-27,2024-06-27 14:51:00,426.03,426.03,426.01,426.01,-0.0,102.89,43695.8,-1
2024-06-27,2024-06-27 14:52:00,426.01,426.01,425.98,425.98,-0.01,102.89,43695.8,-1
2024-06-27,2024-06-27 14:53:00,425.98,425.98,425.95,425.95,-0.01,102.89,43695.8,-1
2024-06-27,2024-06-27 14:54:00,425.95,425.95,425.93,425.93,-0.0,102.89,43695.8,-1
2024-06-27,2024-06-27 14:55:00,425.93,425.93,425.9,425.9,-0.01,102.89,43695.8,-1
2024-06-27,2024-06-27 14:56:00,425.9,425.9,425.88,425.88,-0.0,102.89,43695.8,-1
2024-06-27,2024-06-27 14:57:00,425.88,425.88,425.85,425.85,-0.01,102.89,43695.8,-1
2024-06-27,2024-06-27 14:58:00,425.85,425.85,425.83,425.83,-0.0,102.89,43695.8,-1
2024-06-27,2024-06-27 14:59:00,425.83,425.83,425.8,425.8,-0.01,102.89,43695.8,-1
2024-06-27,2024-06-27 15:00:00,425.8,432.0,421.1,425.8,0.0,102.89,43695.8,0
2024-06-30,2024-06-30 11:00:00,426.0,427.8,422.7,425.99,-0.0,88.81,37286.12,-1
2024-06-30,2024-06-30 11:01:00,425.99,425.99,425.98,425.98,-0.0,88.81,37286.12,-1
2024-06-30,2024-06-30 11:02:00,425.98,425.98,425.97,425.97,-0.0,88.81,37286.12,-1
2024-06-30,2024-06-30 11:03:00,425.97,425.97,425.96,425.96,-0.0,88.81,37286.12,-1
2024-06-30,2024-06-30 11:04:00,425.96,425.96,425.96,425.96,0.0,88.81,37286.12,0
2024-06-30,2024-06-30 11:05:00,425.96,425.96,425.95,425.95,-0.0,88.81,37286.12,-1
2024-06-30,2024-06-30 11:06:00,425.95,425.95,425.94,425.94,-0.0,88.81,37286.12,-1
2024-06-30,2024-06-30 11:07:00,425.94,425.94,425.93,425.93,-0.0,88.81,37286.12,-1
2024-06-30,2024-06-30 11:08:00,425.93,425.93,425.92,425.92,-0.0,88.81,37286.12,-1
2024-06-30,2024-06-30 11:09:00,425.92,425.92,425.91,425.91,-0.0,88.81,37286.12,-1
2024-06-30,2024-06-30 11:10:00,425.91,425.91,425.9,425.9,-0.0,88.81,37286.12,-1
2024-06-30,2024-06-30 11:11:00,425.9,425.9,425.89,425.89,-0.0,88.81,37286.12,-1
2024-06-30,2024-06-30 11:12:00,425.89,425.89,425.89,425.89,0.0,88.81,37286.12,0
2024-06-30,2024-06-30 11:13:00,425.89,425.89,425.88,425.88,-0.0,88.81,37286.12,-1
2024-06-30,2024-06-30 11:14:00,425.88,425.88,425.87,425.87,-0.0,88.81,37286.12,-1
2024-06-30,2024-06-30 11:15:00,425.87,425.87,425.86,425.86,-0.0,88.81,37286.12,-1
2024-06-30,2024-06-30 11:16:00,425.86,425.86,425.85,425.85,-0.0,88.81,37286.12,-1
2024-06-30,2024-06-30 11:17:00,425.85,425.85,425.84,425.84,-0.0,88.81,37286.12,-1
2024-06-30,2024-06-30 11:18:00,425.84,425.84,425.83,425.83,-0.0,88.81,37286.12,-1
2024-06-30,2024-06-30 11:19:00,425.83,425.83,425.82,425.82,-0.0,88.81,37286.12,-1
2024-06-30,2024-06-30 11:20:00,425.82,425.82,425.82,425.82,0.0,88.81,37286.12,0
2024-06-30,2024-06-30 11:21:00,425.82,425.82,425.81,425.81,-0.0,88.81,37286.12,-1
2024-06-30,2024-06-30 11:22:00,425.81,425.81,425.8,425.8,-0.0,88.81,37286.12,-1
2024-06-30,2024-06-30 11:23:00,425.8,425.8,425.79,425.79,-0.0,88.81,37286.12,-1
2024-06-30,2024-06-30 11:24:00,425.79,425.79,425.78,425.78,-0.0,88.81,37286.12,-1
2024-06-30,2024-06-30 11:25:00,425.78,425.78,425.77,425.77,-0.0,88.81,37286.12,-1
2024-06-30,2024-06-30 11:26:00,425.77,425.77,425.76,425.76,-0.0,88.81,37286.12,-1
2024-06-30,2024-06-30 11:27:00,425.76,425.76,425.75,425.75,-0.0,88.81,37286.12,-1
2024-06-30,2024-06-30 11:28:00,425.75,425.75,425.75,425.75,0.0,88.81,37286.12,0
2024-06-30,2024-06-30 11:29:00,425.75,425.75,425.74,425.74,-0.0,88.81,37286.12,-1
2024-06-30,2024-06-30 11:30:00,425.74,425.74,425.73,425.73,-0.0,88.81,37286.12,-1
2024-06-30,2024-06-30 11:31:00,425.73,425.73,425.72,425.72,-0.0,88.81,37286.12,-1
2024-06-30,2024-06-30 11:32:00,425.72,425.72,425.71,425.71,-0.0,88.81,37286.12,-1
2024-06-30,2024-06-30 11:33:00,425.71,425.71,425.7,425.7,-0.0,88.81,37286.12,-1
2024-06-30,2024-06-30 11:34:00,425.7,425.7,425.69,425.69,-0.0,88.81,37286.12,-1
2024-06-30,2024-06-30 11:35:00,425.69,425.69,425.69,425.69,0.0,88.81,37286.12,0
2024-06-30,2024-06-30 11:36:00,425.69,425.69,425.68,425.68,-0.0,88.81,37286.12,-1
2024-06-30,2024-06-30 11:37:00,425.68,425.68,425.67,425.67,-0.0,88.81,37286.12,-1
2024-06-30,2024-06-30 11:38:00,425.67,425.67,425.66,425.66,-0.0,88.81,37286.12,-1
2024-06-30,2024-06-30 11:39:00,425.66,425.66,425.65,425.65,-0.0,88.81,37286.12,-1
2024-06-30,2024-06-30 11:40:00,425.65,425.65,425.64,425.64,-0.0,88.81,37286.12,-1
2024-06-30,2024-06-30 11:41:00,425.64,425.64,425.63,425.63,-0.0,88.81,37286.12,-1
2024-06-30,2024-06-30 11:42:00,425.63,425.63,425.62,425.62,-0.0,88.81,37286.12,-1
2024-06-30,2024-06-30 11:43:00,425.62,425.62,425.62,425.62,0.0,88.81,37286.12,0
2024-06-30,2024-06-30 11:44:00,425.62,425.62,425.61,425.61,-0.0,88.81,37286.12,-1
2024-06-30,2024-06-30 11:45:00,425.61,425.61,425.6,425.6,-0.0,88.81,37286.12,-1
2024-06-30,2024-06-30 11:46:00,425.6,425.6,425.59,425.59,-0.0,88.81,37286.12,-1
2024-06-30,2024-06-30 11:47:00,425.59,425.59,425.58,425.58,-0.0,88.81,37286.12,-1
2024-06-30,2024-06-30 11:48:00,425.58,425.58,425.57,425.57,-0.0,88.81,37286.12,-1
2024-06-30,2024-06-30 11:49:00,425.57,425.57,425.56,425.56,-0.0,88.81,37286.12,-1
2024-06-30,2024-06-30 11:50:00,425.56,425.56,425.55,425.55,-0.0,88.81,37286.12,-1
2024-06-30,2024-06-30 11:51:00,425.55,425.55,425.55,425.55,0.0,88.81,37286.12,0
2024-06-30,2024-06-30 11:52:00,425.55,425.55,425.54,425.54,-0.0,88.81,37286.12,-1
2024-06-30,2024-06-30 11:53:00,425.54,425.54,425.53,425.53,-0.0,88.81,37286.12,-1
2024-06-30,2024-06-30 11:54:00,425.53,425.53,425.52,425.52,-0.0,88.81,37286.12,-1
2024-06-30,2024-06-30 11:55:00,425.52,425.52,425.51,425.51,-0.0,88.81,37286.12,-1
2024-06-30,2024-06-30 11:56:00,425.51,425.51,425.5,425.5,-0.0,88.81,37286.12,-1
2024-06-30,2024-06-30 11:57:00,425.5,425.5,425.49,425.49,-0.0,88.81,37286.12,-1
2024-06-30,2024-06-30 11:58:00,425.49,425.49,425.48,425.48,-0.0,88.81,37286.12,-1
2024-06-30,2024-06-30 11:59:00,425.48,425.48,425.48,425.48,0.0,88.81,37286.12,0
2024-06-30,2024-06-30 12:00:00,425.48,425.48,425.47,425.47,-0.0,88.81,37286.12,-1
2024-06-30,2024-06-30 12:01:00,425.47,425.47,425.46,425.46,-0.0,88.81,37286.12,-1
2024-06-30,2024-06-30 12:02:00,425.46,425.46,425.45,425.45,-0.0,88.81,37286.12,-1
2024-06-30,2024-06-30 12:03:00,425.45,425.45,425.44,425.44,-0.0,88.81,37286.12,-1
2024-06-30,2024-06-30 12:04:00,425.44,425.44,425.43,425.43,-0.0,88.81,37286.12,-1
2024-06-30,2024-06-30 12:05:00,425.43,425.43,425.42,425.42,-0.0,88.81,37286.12,-1
2024-06-30,2024-06-30 12:06:00,425.42,425.42,425.41,425.41,-0.0,88.81,37286.12,-1
2024-06-30,2024-06-30 12:07:00,425.41,425.41,425.4,425.4,-0.0,88.81,37286.12,-1
2024-06-30,2024-06-30 12:08:00,425.4,425.4,425.4,425.4,0.0,88.81,37286.12,0
2024-06-30,2024-06-30 12:09:00,425.4,425.4,425.39,425.39,-0.0,88.81,37286.12,-1
2024-06-30,2024-06-30 12:10:00,425.39,425.39,425.38,425.38,-0.0,88.81,37286.12,-1
2024-06-30,2024-06-30 12:11:00,425.38,425.38,425.37,425.37,-0.0,88.81,37286.12,-1
2024-06-30,2024-06-30 12:12:00,425.37,425.37,425.36,425.36,-0.0,88.81,37286.12,-1
2024-06-30,2024-06-30 12:13:00,425.36,425.36,425.35,425.35,-0.0,88.81,37286.12,-1
2024-06-30,2024-06-30 12:14:00,425.35,425.35,425.34,425.34,-0.0,88.81,37286.12,-1
2024-06-30,2024-06-30 12:15:00,425.34,425.34,425.33,425.33,-0.0,88.81,37286.12,-1
2024-06-30,2024-06-30 12:16:00,425.33,425.33,425.33,425.33,0.0,88.81,37286.12,0
2024-06-30,2024-06-30 12:17:00,425.33,425.33,425.32,425.32,-0.0,88.81,37286.12,-1
2024-06-30,2024-06-30 12:18:00,425.32,425.32,425.31,425.31,-0.0,88.81,37286.12,-1
2024-06-30,2024-06-30 12:19:00,425.31,425.31,425.3,425.3,-0.0,88.81,37286.12,-1
2024-06-30,2024-06-30 12:20:00,425.3,425.3,425.29,425.29,-0.0,88.81,37286.12,-1
2024-06-30,2024-06-30 12:21:00,425.29,425.29,425.28,425.28,-0.0,88.81,37286.12,-1
2024-06-30,2024-06-30 12:22:00,425.28,425.28,425.27,425.27,-0.0,88.81,37286.12,-1
2024-06-30,2024-06-30 12:23:00,425.27,425.27,425.26,425.26,-0.0,88.81,37286.12,-1
2024-06-30,2024-06-30 12:24:00,425.26,425.26,425.26,425.26,0.0,88.81,37286.12,0
2024-06-30,2024-06-30 12:25:00,425.26,425.26,425.25,425.25,-0.0,88.81,37286.12,-1
2024-06-30,2024-06-30 12:26:00,425.25,425.25,425.24,425.24,-0.0,88.81,37286.12,-1
2024-06-30,2024-06-30 12:27:00,425.24,425.24,425.23,425.23,-0.0,88.81,37286.12,-1
2024-06-30,2024-06-30 12:28:00,425.23,425.23,425.22,425.22,-0.0,88.81,37286.12,-1
2024-06-30,2024-06-30 12:29:00,425.22,425.22,425.21,425.21,-0.0,88.81,37286.12,-1
2024-06-30,2024-06-30 12:30:00,425.21,425.21,425.2,425.2,-0.0,88.81,37286.12,-1
2024-06-30,2024-06-30 12:31:00,425.2,425.2,425.19,425.19,-0.0,88.81,37286.12,-1
2024-06-30,2024-06-30 12:32:00,425.19,425.19,425.19,425.19,0.0,88.81,37286.12,0
2024-06-30,2024-06-30 12:33:00,425.19,425.19,425.18,425.18,-0.0,88.81,37286.12,-1
2024-06-30,2024-06-30 12:34:00,425.18,425.18,425.17,425.17,-0.0,88.81,37286.12,-1
2024-06-30,2024-06-30 12:35:00,425.17,425.17,425.16,425.16,-0.0,88.81,37286.12,-1
2024-06-30,2024-06-30 12:36:00,425.16,425.16,425.15,425.15,-0.0,88.81,37286.12,-1
2024-06-30,2024-06-30 12:37:00,425.15,425.15,425.14,425.14,-0.0,88.81,37286.12,-1
2024-06-30,2024-06-30 12:38:00,425.14,425.14,425.13,425.13,-0.0,88.81,37286.12,-1
2024-06-30,2024-06-30 12:39:00,425.13,425.13,425.12,425.12,-0.0,88.81,37286.12,-1
2024-06-30,2024-06-30 12:40:00,425.12,425.12,425.12,425.12,0.0,88.81,37286.12,0
2024-06-30,2024-06-30 12:41:00,425.12,425.12,425.11,425.11,-0.0,88.81,37286.12,-1
2024-06-30,2024-06-30 12:42:00,425.11,425.11,425.1,425.1,-0.0,88.81,37286.12,-1
2024-06-30,2024-06-30 12:43:00,425.1,425.1,425.09,425.09,-0.0,88.81,37286.12,-1
2024-06-30,2024-06-30 12:44:00,425.09,425.09,425.08,425.08,-0.0,88.81,37286.12,-1
2024-06-30,2024-06-30 12:45:00,425.08,425.08,425.07,425.07,-0.0,88.81,37286.12,-1
2024-06-30,2024-06-30 12:46:00,425.07,425.07,425.06,425.06,-0.0,88.81,37286.12,-1
2024-06-30,2024-06-30 12:47:00,425.06,425.06,425.06,425.06,0.0,88.81,37286.12,0
2024-06-30,2024-06-30 12:48:00,425.06,425.06,425.05,425.05,-0.0,88.81,37286.12,-1
2024-06-30,2024-06-30 12:49:00,425.05,425.05,425.04,425.04,-0.0,88.81,37286.12,-1
2024-06-30,2024-06-30 12:50:00,425.04,425.04,425.03,425.03,-0.0,88.81,37286.12,-1
2024-06-30,2024-06-30 12:51:00,425.03,425.03,425.02,425.02,-0.0,88.81,37286.12,-1
2024-06-30,2024-06-30 12:52:00,425.02,425.02,425.01,425.01,-0.0,88.81,37286.12,-1
2024-06-30,2024-06-30 12:53:00,425.01,425.01,425.0,425.0,-0.0,88.81,37286.12,-1
2024-06-30,2024-06-30 12:54:00,425.0,425.0,424.99,424.99,-0.0,88.81,37286.12,-1
2024-06-30,2024-06-30 12:55:00,424.99,424.99,424.99,424.99,0.0,88.81,37286.12,0
2024-06-30,2024-06-30 12:56:00,424.99,424.99,424.98,424.98,-0.0,88.81,37286.12,-1
2024-06-30,2024-06-30 12:57:00,424.98,424.98,424.97,424.97,-0.0,88.81,37286.12,-1
2024-06-30,2024-06-30 12:58:00,424.97,424.97,424.96,424.96,-0.0,88.81,37286.12,-1
2024-06-30,2024-06-30 12:59:00,424.96,424.96,424.95,424.95,-0.0,88.81,37286.12,-1
2024-06-30,2024-06-30 13:00:00,424.95,432.0,415.0,424.94,-0.0,88.81,37286.12,-1
2024-06-30,2024-06-30 13:01:00,424.94,424.94,424.93,424.93,-0.0,88.81,37286.12,-1
2024-06-30,2024-06-30 13:02:00,424.93,424.93,424.92,424.92,-0.0,88.81,37286.12,-1
2024-06-30,2024-06-30 13:03:00,424.92,424.92,424.91,424.91,-0.0,88.81,37286.12,-1
2024-06-30,2024-06-30 13:04:00,424.91,424.91,424.91,424.91,0.0,88.81,37286.12,0
2024-06-30,2024-06-30 13:05:00,424.91,424.91,424.9,424.9,-0.0,88.81,37286.12,-1
2024-06-30,2024-06-30 13:06:00,424.9,424.9,424.89,424.89,-0.0,88.81,37286.12,-1
2024-06-30,2024-06-30 13:07:00,424.89,424.89,424.88,424.88,-0.0,88.81,37286.12,-1
2024-06-30,2024-06-30 13:08:00,424.88,424.88,424.87,424.87,-0.0,88.81,37286.12,-1
2024-06-30,2024-06-30 13:09:00,424.87,424.87,424.86,424.86,-0.0,88.81,37286.12,-1
2024-06-30,2024-06-30 13:10:00,424.86,424.86,424.85,424.85,-0.0,88.81,37286.12,-1
2024-06-30,2024-06-30 13:11:00,424.85,424.85,424.84,424.84,-0.0,88.81,37286.12,-1
2024-06-30,2024-06-30 13:12:00,424.84,424.84,424.84,424.84,0.0,88.81,37286.12,0
2024-06-30,2024-06-30 13:13:00,424.84,424.84,424.83,424.83,-0.0,88.81,37286.12,-1
2024-06-30,2024-06-30 13:14:00,424.83,424.83,424.82,424.82,-0.0,88.81,37286.12,-1
2024-06-30,2024-06-30 13:15:00,424.82,424.82,424.81,424.81,-0.0,88.81,37286.12,-1
2024-06-30,2024-06-30 13:16:00,424.81,424.81,424.8,424.8,-0.0,88.81,37286.12,-1
2024-06-30,2024-06-30 13:17:00,424.8,424.8,424.79,424.79,-0.0,88.81,37286.12,-1
2024-06-30,2024-06-30 13:18:00,424.79,424.79,424.78,424.78,-0.0,88.81,37286.12,-1
2024-06-30,2024-06-30 13:19:00,424.78,424.78,424.77,424.77,-0.0,88.81,37286.12,-1
2024-06-30,2024-06-30 13:20:00,424.77,424.77,424.77,424.77,0.0,88.81,37286.12,0
2024-06-30,2024-06-30 13:21:00,424.77,424.77,424.76,424.76,-0.0,88.81,37286.12,-1
2024-06-30,2024-06-30 13:22:00,424.76,424.76,424.75,424.75,-0.0,88.81,37286.12,-1
2024-06-30,2024-06-30 13:23:00,424.75,424.75,424.74,424.74,-0.0,88.81,37286.12,-1
2024-06-30,2024-06-30 13:24:00,424.74,424.74,424.73,424.73,-0.0,88.81,37286.12,-1
2024-06-30,2024-06-30 13:25:00,424.73,424.73,424.72,424.72,-0.0,88.81,37286.12,-1
2024-06-30,2024-06-30 13:26:00,424.72,424.72,424.71,424.71,-0.0,88.81,37286.12,-1
2024-06-30,2024-06-30 13:27:00,424.71,424.71,424.7,424.7,-0.0,88.81,37286.12,-1
2024-06-30,2024-06-30 13:28:00,424.7,424.7,424.7,424.7,0.0,88.81,37286.12,0
2024-06-30,2024-06-30 13:29:00,424.7,424.7,424.69,424.69,-0.0,88.81,37286.12,-1
2024-06-30,2024-06-30 13:30:00,424.69,424.69,424.68,424.68,-0.0,88.81,37286.12,-1
2024-06-30,2024-06-30 13:31:00,424.68,424.68,424.67,424.67,-0.0,88.81,37286.12,-1
2024-06-30,2024-06-30 13:32:00,424.67,424.67,424.66,424.66,-0.0,88.81,37286.12,-1
2024-06-30,2024-06-30 13:33:00,424.66,424.66,424.65,424.65,-0.0,88.81,37286.12,-1
2024-06-30,2024-06-30 13:34:00,424.65,424.65,424.64,424.64,-0.0,88.81,37286.12,-1
2024-06-30,2024-06-30 13:35:00,424.64,424.64,424.63,424.63,-0.0,88.81,37286.12,-1
2024-06-30,2024-06-30 13:36:00,424.63,424.63,424.63,424.63,0.0,88.81,37286.12,0
2024-06-30,2024-06-30 13:37:00,424.63,424.63,424.62,424.62,-0.0,88.81,37286.12,-1
2024-06-30,2024-06-30 13:38:00,424.62,424.62,424.61,424.61,-0.0,88.81,37286.12,-1
2024-06-30,2024-06-30 13:39:00,424.61,424.61,424.6,424.6,-0.0,88.81,37286.12,-1
2024-06-30,2024-06-30 13:40:00,424.6,424.6,424.59,424.59,-0.0,88.81,37286.12,-1
2024-06-30,2024-06-30 13:41:00,424.59,424.59,424.58,424.58,-0.0,88.81,37286.12,-1
2024-06-30,2024-06-30 13:42:00,424.58,424.58,424.57,424.57,-0.0,88.81,37286.12,-1
2024-06-30,2024-06-30 13:43:00,424.57,424.57,424.56,424.56,-0.0,88.81,37286.12,-1
2024-06-30,2024-06-30 13:44:00,424.56,424.56,424.56,424.56,0.0,88.81,37286.12,0
2024-06-30,2024-06-30 13:45:00,424.56,424.56,424.55,424.55,-0.0,88.81,37286.12,-1
2024-06-30,2024-06-30 13:46:00,424.55,424.55,424.54,424.54,-0.0,88.81,37286.12,-1
2024-06-30,2024-06-30 13:47:00,424.54,424.54,424.53,424.53,-0.0,88.81,37286.12,-1
2024-06-30,2024-06-30 13:48:00,424.53,424.53,424.52,424.52,-0.0,88.81,37286.12,-1
2024-06-30,2024-06-30 13:49:00,424.52,424.52,424.51,424.51,-0.0,88.81,37286.12,-1
2024-06-30,2024-06-30 13:50:00,424.51,424.51,424.5,424.5,-0.0,88.81,37286.12,-1
2024-06-30,2024-06-30 13:51:00,424.5,424.5,424.5,424.5,0.0,88.81,37286.12,0
2024-06-30,2024-06-30 13:52:00,424.5,424.5,424.49,424.49,-0.0,88.81,37286.12,-1
2024-06-30,2024-06-30 13:53:00,424.49,424.49,424.48,424.48,-0.0,88.81,37286.12,-1
2024-06-30,2024-06-30 13:54:00,424.48,424.48,424.47,424.47,-0.0,88.81,37286.12,-1
2024-06-30,2024-06-30 13:55:00,424.47,424.47,424.46,424.46,-0.0,88.81,37286.12,-1
2024-06-30,2024-06-30 13:56:00,424.46,424.46,424.45,424.45,-0.0,88.81,37286.12,-1
2024-06-30,2024-06-30 13:57:00,424.45,424.45,424.44,424.44,-0.0,88.81,37286.12,-1
2024-06-30,2024-06-30 13:58:00,424.44,424.44,424.43,424.43,-0.0,88.81,37286.12,-1
2024-06-30,2024-06-30 13:59:00,424.43,424.43,424.42,424.42,-0.0,88.81,37286.12,-1
2024-06-30,2024-06-30 14:00:00,424.42,424.42,424.42,424.42,0.0,88.81,37286.12,0
2024-06-30,2024-06-30 14:01:00,424.42,424.42,424.41,424.41,-0.0,88.81,37286.12,-1
2024-06-30,2024-06-30 14:02:00,424.41,424.41,424.4,424.4,-0.0,88.81,37286.12,-1
2024-06-30,2024-06-30 14:03:00,424.4,424.4,424.39,424.39,-0.0,88.81,37286.12,-1
2024-06-30,2024-06-30 14:04:00,424.39,424.39,424.38,424.38,-0.0,88.81,37286.12,-1
2024-06-30,2024-06-30 14:05:00,424.38,424.38,424.37,424.37,-0.0,88.81,37286.12,-1
2024-06-30,2024-06-30 14:06:00,424.37,424.37,424.36,424.36,-0.0,88.81,37286.12,-1
2024-06-30,2024-06-30 14:07:00,424.36,424.36,424.35,424.35,-0.0,88.81,37286.12,-1
2024-06-30,2024-06-30 14:08:00,424.35,424.35,424.35,424.35,0.0,88.81,37286.12,0
2024-06-30,2024-06-30 14:09:00,424.35,424.35,424.34,424.34,-0.0,88.81,37286.12,-1
2024-06-30,2024-06-30 14:10:00,424.34,424.34,424.33,424.33,-0.0,88.81,37286.12,-1
2024-06-30,2024-06-30 14:11:00,424.33,424.33,424.32,424.32,-0.0,88.81,37286.12,-1
2024-06-30,2024-06-30 14:12:00,424.32,424.32,424.31,424.31,-0.0,88.81,37286.12,-1
2024-06-30,2024-06-30 14:13:00,424.31,424.31,424.3,424.3,-0.0,88.81,37286.12,-1
2024-06-30,2024-06-30 14:14:00,424.3,424.3,424.29,424.29,-0.0,88.81,37286.12,-1
2024-06-30,2024-06-30 14:15:00,424.29,424.29,424.28,424.28,-0.0,88.81,37286.12,-1
2024-06-30,2024-06-30 14:16:00,424.28,424.28,424.28,424.28,0.0,88.81,37286.12,0
2024-06-30,2024-06-30 14:17:00,424.28,424.28,424.27,424.27,-0.0,88.81,37286.12,-1
2024-06-30,2024-06-30 14:18:00,424.27,424.27,424.26,424.26,-0.0,88.81,37286.12,-1
2024-06-30,2024-06-30 14:19:00,424.26,424.26,424.25,424.25,-0.0,88.81,37286.12,-1
2024-06-30,2024-06-30 14:20:00,424.25,424.25,424.24,424.24,-0.0,88.81,37286.12,-1
2024-06-30,2024-06-30 14:21:00,424.24,424.24,424.23,424.23,-0.0,88.81,37286.12,-1
2024-06-30,2024-06-30 14:22:00,424.23,424.23,424.22,424.22,-0.0,88.81,37286.12,-1
2024-06-30,2024-06-30 14:23:00,424.22,424.22,424.21,424.21,-0.0,88.81,37286.12,-1
2024-06-30,2024-06-30 14:24:00,424.21,424.21,424.21,424.21,0.0,88.81,37286.12,0
2024-06-30,2024-06-30 14:25:00,424.21,424.21,424.2,424.2,-0.0,88.81,37286.12,-1
2024-06-30,2024-06-30 14:26:00,424.2,424.2,424.19,424.19,-0.0,88.81,37286.12,-1
2024-06-30,2024-06-30 14:27:00,424.19,424.19,424.18,424.18,-0.0,88.81,37286.12,-1
2024-06-30,2024-06-30 14:28:00,424.18,424.18,424.17,424.17,-0.0,88.81,37286.12,-1
2024-06-30,2024-06-30 14:29:00,424.17,424.17,424.16,424.16,-0.0,88.81,37286.12,-1
2024-06-30,2024-06-30 14:30:00,424.16,424.16,424.15,424.15,-0.0,88.81,37286.12,-1
2024-06-30,2024-06-30 14:31:00,424.15,424.15,424.14,424.14,-0.0,88.81,37286.12,-1
2024-06-30,2024-06-30 14:32:00,424.14,424.14,424.14,424.14,0.0,88.81,37286.12,0
2024-06-30,2024-06-30 14:33:00,424.14,424.14,424.13,424.13,-0.0,88.81,37286.12,-1
2024-06-30,2024-06-30 14:34:00,424.13,424.13,424.12,424.12,-0.0,88.81,37286.12,-1
2024-06-30,2024-06-30 14:35:00,424.12,424.12,424.11,424.11,-0.0,88.81,37286.12,-1
2024-06-30,2024-06-30 14:36:00,424.11,424.11,424.1,424.1,-0.0,88.81,37286.12,-1
2024-06-30,2024-06-30 14:37:00,424.1,424.1,424.09,424.09,-0.0,88.81,37286.12,-1
2024-06-30,2024-06-30 14:38:00,424.09,424.09,424.08,424.08,-0.0,88.81,37286.12,-1
2024-06-30,2024-06-30 14:39:00,424.08,424.08,424.07,424.07,-0.0,88.81,37286.12,-1
2024-06-30,2024-06-30 14:40:00,424.07,424.07,424.07,424.07,0.0,88.81,37286.12,0
2024-06-30,2024-06-30 14:41:00,424.07,424.07,424.06,424.06,-0.0,88.81,37286.12,-1
2024-06-30,2024-06-30 14:42:00,424.06,424.06,424.05,424.05,-0.0,88.81,37286.12,-1
2024-06-30,2024-06-30 14:43:00,424.05,424.05,424.04,424.04,-0.0,88.81,37286.12,-1
2024-06-30,2024-06-30 14:44:00,424.04,424.04,424.03,424.03,-0.0,88.81,37286.12,-1
2024-06-30,2024-06-30 14:45:00,424.03,424.03,424.02,424.02,-0.0,88.81,37286.12,-1
2024-06-30,2024-06-30 14:46:00,424.02,424.02,424.01,424.01,-0.0,88.81,37286.12,-1
2024-06-30,2024-06-30 14:47:00,424.01,424.01,424.0,424.0,-0.0,88.81,37286.12,-1
2024-06-30,2024-06-30 14:48:00,424.0,424.0,424.0,424.0,0.0,88.81,37286.12,0
2024-06-30,2024-06-30 14:49:00,424.0,424.0,423.99,423.99,-0.0,88.81,37286.12,-1
2024-06-30,2024-06-30 14:50:00,423.99,423.99,423.98,423.98,-0.0,88.81,37286.12,-1
2024-06-30,2024-06-30 14:51:00,423.98,423.98,423.97,423.97,-0.0,88.81,37286.12,-1
2024-06-30,2024-06-30 14:52:00,423.97,423.97,423.96,423.96,-0.0,88.81,37286.12,-1
2024-06-30,2024-06-30 14:53:00,423.96,423.96,423.95,423.95,-0.0,88.81,37286.12,-1
2024-06-30,2024-06-30 14:54:00,423.95,423.95,423.94,423.94,-0.0,88.81,37286.12,-1
2024-06-30,2024-06-30 14:55:00,423.94,423.94,423.94,423.94,0.0,88.81,37286.12,0
2024-06-30,2024-06-30 14:56:00,423.94,423.94,423.93,423.93,-0.0,88.81,37286.12,-1
2024-06-30,2024-06-30 14:57:00,423.93,423.93,423.92,423.92,-0.0,88.81,37286.12,-1
2024-06-30,2024-06-30 14:58:00,423.92,423.92,423.91,423.91,-0.0,88.81,37286.12,-1
2024-06-30,2024-06-30 14:59:00,423.91,423.91,423.9,423.9,-0.0,88.81,37286.12,-1
2024-06-30,2024-06-30 15:00:00,423.9,432.0,415.0,423.9,0.0,88.81,37286.12,0
2024-07-01,2024-07-01 11:00:00,418.1,421.07,418.1,418.14,0.01,61.81,26217.97,1
2024-07-01,2024-07-01 11:01:00,418.14,418.18,418.14,418.18,0.01,61.81,26217.97,1
2024-07-01,2024-07-01 11:02:00,418.18,418.22,418.18,418.22,0.01,61.81,26217.97,1
2024-07-01,2024-07-01 11:03:00,418.22,418.27,418.22,418.27,0.01,61.81,26217.97,1
2024-07-01,2024-07-01 11:04:00,418.27,418.31,418.27,418.31,0.01,61.81,26217.97,1
2024-07-01,2024-07-01 11:05:00,418.31,418.35,418.31,418.35,0.01,61.81,26217.97,1
2024-07-01,2024-07-01 11:06:00,418.35,418.39,418.35,418.39,0.01,61.81,26217.97,1
2024-07-01,2024-07-01 11:07:00,418.39,418.43,418.39,418.43,0.01,61.81,26217.97,1
2024-07-01,2024-07-01 11:08:00,418.43,418.47,418.43,418.47,0.01,61.81,26217.97,1
2024-07-01,2024-07-01 11:09:00,418.47,418.51,418.47,418.51,0.01,61.81,26217.97,1
2024-07-01,2024-07-01 11:10:00,418.51,418.55,418.51,418.55,0.01,61.81,26217.97,1
2024-07-01,2024-07-01 11:11:00,418.55,418.6,418.55,418.6,0.01,61.81,26217.97,1
2024-07-01,2024-07-01 11:12:00,418.6,418.64,418.6,418.64,0.01,61.81,26217.97,1
2024-07-01,2024-07-01 11:13:00,418.64,418.68,418.64,418.68,0.01,61.81,26217.97,1
2024-07-01,2024-07-01 11:14:00,418.68,418.72,418.68,418.72,0.01,61.81,26217.97,1
2024-07-01,2024-07-01 11:15:00,418.72,418.76,418.72,418.76,0.01,61.81,26217.97,1
2024-07-01,2024-07-01 11:16:00,418.76,418.8,418.76,418.8,0.01,61.81,26217.97,1
2024-07-01,2024-07-01 11:17:00,418.8,418.84,418.8,418.84,0.01,61.81,26217.97,1
2024-07-01,2024-07-01 11:18:00,418.84,418.88,418.84,418.88,0.01,61.81,26217.97,1
2024-07-01,2024-07-01 11:19:00,418.88,418.93,418.88,418.93,0.01,61.81,26217.97,1
2024-07-01,2024-07-01 11:20:00,418.93,418.97,418.93,418.97,0.01,61.81,26217.97,1
2024-07-01,2024-07-01 11:21:00,418.97,419.01,418.97,419.01,0.01,61.81,26217.97,1
2024-07-01,2024-07-01 11:22:00,419.01,419.05,419.01,419.05,0.01,61.81,26217.97,1
2024-07-01,2024-07-01 11:23:00,419.05,419.09,419.05,419.09,0.01,61.81,26217.97,1
2024-07-01,2024-07-01 11:24:00,419.09,419.13,419.09,419.13,0.01,61.81,26217.97,1
2024-07-01,2024-07-01 11:25:00,419.13,419.17,419.13,419.17,0.01,61.81,26217.97,1
2024-07-01,2024-07-01 11:26:00,419.17,419.21,419.17,419.21,0.01,61.81,26217.97,1
2024-07-01,2024-07-01 11:27:00,419.21,419.25,419.21,419.25,0.01,61.81,26217.97,1
2024-07-01,2024-07-01 11:28:00,419.25,419.3,419.25,419.3,0.01,61.81,26217.97,1
2024-07-01,2024-07-01 11:29:00,419.3,419.34,419.3,419.34,0.01,61.81,26217.97,1
2024-07-01,2024-07-01 11:30:00,419.34,419.38,419.34,419.38,0.01,61.81,26217.97,1
2024-07-01,2024-07-01 11:31:00,419.38,419.42,419.38,419.42,0.01,61.81,26217.97,1
2024-07-01,2024-07-01 11:32:00,419.42,419.46,419.42,419.46,0.01,61.81,26217.97,1
2024-07-01,2024-07-01 11:33:00,419.46,419.5,419.46,419.5,0.01,61.81,26217.97,1
2024-07-01,2024-07-01 11:34:00,419.5,419.54,419.5,419.54,0.01,61.81,26217.97,1
2024-07-01,2024-07-01 11:35:00,419.54,419.59,419.54,419.59,0.01,61.81,26217.97,1
2024-07-01,2024-07-01 11:36:00,419.59,419.63,419.59,419.63,0.01,61.81,26217.97,1
2024-07-01,2024-07-01 11:37:00,419.63,419.67,419.63,419.67,0.01,61.81,26217.97,1
2024-07-01,2024-07-01 11:38:00,419.67,419.71,419.67,419.71,0.01,61.81,26217.97,1
2024-07-01,2024-07-01 11:39:00,419.71,419.75,419.71,419.75,0.01,61.81,26217.97,1
2024-07-01,2024-07-01 11:40:00,419.75,419.79,419.75,419.79,0.01,61.81,26217.97,1
2024-07-01,2024-07-01 11:41:00,419.79,419.83,419.79,419.83,0.01,61.81,26217.97,1
2024-07-01,2024-07-01 11:42:00,419.83,419.87,419.83,419.87,0.01,61.81,26217.97,1
2024-07-01,2024-07-01 11:43:00,419.87,419.92,419.87,419.92,0.01,61.81,26217.97,1
2024-07-01,2024-07-01 11:44:00,419.92,419.96,419.92,419.96,0.01,61.81,26217.97,1
2024-07-01,2024-07-01 11:45:00,419.96,420.0,419.96,420.0,0.01,61.81,26217.97,1
2024-07-01,2024-07-01 11:46:00,420.0,420.04,420.0,420.04,0.01,61.81,26217.97,1
2024-07-01,2024-07-01 11:47:00,420.04,420.08,420.04,420.08,0.01,61.81,26217.97,1
2024-07-01,2024-07-01 11:48:00,420.08,420.12,420.08,420.12,0.01,61.81,26217.97,1
2024-07-01,2024-07-01 11:49:00,420.12,420.16,420.12,420.16,0.01,61.81,26217.97,1
2024-07-01,2024-07-01 11:50:00,420.16,420.2,420.16,420.2,0.01,61.81,26217.97,1
2024-07-01,2024-07-01 11:51:00,420.2,420.25,420.2,420.25,0.01,61.81,26217.97,1
2024-07-01,2024-07-01 11:52:00,420.25,420.29,420.25,420.29,0.01,61.81,26217.97,1
2024-07-01,2024-07-01 11:53:00,420.29,420.33,420.29,420.33,0.01,61.81,26217.97,1
2024-07-01,2024-07-01 11:54:00,420.33,420.37,420.33,420.37,0.01,61.81,26217.97,1
2024-07-01,2024-07-01 11:55:00,420.37,420.41,420.37,420.41,0.01,61.81,26217.97,1
2024-07-01,2024-07-01 11:56:00,420.41,420.45,420.41,420.45,0.01,61.81,26217.97,1
2024-07-01,2024-07-01 11:57:00,420.45,420.49,420.45,420.49,0.01,61.81,26217.97,1
2024-07-01,2024-07-01 11:58:00,420.49,420.53,420.49,420.53,0.01,61.81,26217.97,1
2024-07-01,2024-07-01 11:59:00,420.53,420.58,420.53,420.58,0.01,61.81,26217.97,1
2024-07-01,2024-07-01 12:00:00,420.58,420.62,420.58,420.62,0.01,61.81,26217.97,1
2024-07-01,2024-07-01 12:01:00,420.62,420.66,420.62,420.66,0.01,61.81,26217.97,1
2024-07-01,2024-07-01 12:02:00,420.66,420.7,420.66,420.7,0.01,61.81,26217.97,1
2024-07-01,2024-07-01 12:03:00,420.7,420.74,420.7,420.74,0.01,61.81,26217.97,1
2024-07-01,2024-07-01 12:04:00,420.74,420.78,420.74,420.78,0.01,61.81,26217.97,1
2024-07-01,2024-07-01 12:05:00,420.78,420.82,420.78,420.82,0.01,61.81,26217.97,1
2024-07-01,2024-07-01 12:06:00,420.82,420.86,420.82,420.86,0.01,61.81,26217.97,1
2024-07-01,2024-07-01 12:07:00,420.86,420.91,420.86,420.91,0.01,61.81,26217.97,1
2024-07-01,2024-07-01 12:08:00,420.91,420.95,420.91,420.95,0.01,61.81,26217.97,1
2024-07-01,2024-07-01 12:09:00,420.95,420.99,420.95,420.99,0.01,61.81,26217.97,1
2024-07-01,2024-07-01 12:10:00,420.99,421.03,420.99,421.03,0.01,61.81,26217.97,1
2024-07-01,2024-07-01 12:11:00,421.03,421.07,421.03,421.07,0.01,61.81,26217.97,1
2024-07-01,2024-07-01 12:12:00,421.07,421.11,421.07,421.11,0.01,61.81,26217.97,1
2024-07-01,2024-07-01 12:13:00,421.11,421.15,421.11,421.15,0.01,61.81,26217.97,1
2024-07-01,2024-07-01 12:14:00,421.15,421.19,421.15,421.19,0.01,61.81,26217.97,1
2024-07-01,2024-07-01 12:15:00,421.19,421.24,421.19,421.24,0.01,61.81,26217.97,1
2024-07-01,2024-07-01 12:16:00,421.24,421.28,421.24,421.28,0.01,61.81,26217.97,1
2024-07-01,2024-07-01 12:17:00,421.28,421.32,421.28,421.32,0.01,61.81,26217.97,1
2024-07-01,2024-07-01 12:18:00,421.32,421.36,421.32,421.36,0.01,61.81,26217.97,1
2024-07-01,2024-07-01 12:19:00,421.36,421.4,421.36,421.4,0.01,61.81,26217.97,1
2024-07-01,2024-07-01 12:20:00,421.4,421.44,421.4,421.44,0.01,61.81,26217.97,1
2024-07-01,2024-07-01 12:21:00,421.44,421.48,421.44,421.48,0.01,61.81,26217.97,1
2024-07-01,2024-07-01 12:22:00,421.48,421.52,421.48,421.52,0.01,61.81,26217.97,1
2024-07-01,2024-07-01 12:23:00,421.52,421.56,421.52,421.56,0.01,61.81,26217.97,1
2024-07-01,2024-07-01 12:24:00,421.56,421.61,421.56,421.61,0.01,61.81,26217.97,1
2024-07-01,2024-07-01 12:25:00,421.61,421.65,421.61,421.65,0.01,61.81,26217.97,1
2024-07-01,2024-07-01 12:26:00,421.65,421.69,421.65,421.69,0.01,61.81,26217.97,1
2024-07-01,2024-07-01 12:27:00,421.69,421.73,421.69,421.73,0.01,61.81,26217.97,1
2024-07-01,2024-07-01 12:28:00,421.73,421.77,421.73,421.77,0.01,61.81,26217.97,1
2024-07-01,2024-07-01 12:29:00,421.77,421.81,421.77,421.81,0.01,61.81,26217.97,1
2024-07-01,2024-07-01 12:30:00,421.81,421.85,421.81,421.85,0.01,61.81,26217.97,1
2024-07-01,2024-07-01 12:31:00,421.85,421.9,421.85,421.9,0.01,61.81,26217.97,1
2024-07-01,2024-07-01 12:32:00,421.9,421.94,421.9,421.94,0.01,61.81,26217.97,1
2024-07-01,2024-07-01 12:33:00,421.94,421.98,421.94,421.98,0.01,61.81,26217.97,1
2024-07-01,2024-07-01 12:34:00,421.98,422.02,421.98,422.02,0.01,61.81,26217.97,1
2024-07-01,2024-07-01 12:35:00,422.02,422.06,422.02,422.06,0.01,61.81,26217.97,1
2024-07-01,2024-07-01 12:36:00,422.06,422.1,422.06,422.1,0.01,61.81,26217.97,1
2024-07-01,2024-07-01 12:37:00,422.1,422.14,422.1,422.14,0.01,61.81,26217.97,1
2024-07-01,2024-07-01 12:38:00,422.14,422.18,422.14,422.18,0.01,61.81,26217.97,1
2024-07-01,2024-07-01 12:39:00,422.18,422.23,422.18,422.23,0.01,61.81,26217.97,1
2024-07-01,2024-07-01 12:40:00,422.23,422.27,422.23,422.27,0.01,61.81,26217.97,1
2024-07-01,2024-07-01 12:41:00,422.27,422.31,422.27,422.31,0.01,61.81,26217.97,1
2024-07-01,2024-07-01 12:42:00,422.31,422.35,422.31,422.35,0.01,61.81,26217.97,1
2024-07-01,2024-07-01 12:43:00,422.35,422.39,422.35,422.39,0.01,61.81,26217.97,1
2024-07-01,2024-07-01 12:44:00,422.39,422.43,422.39,422.43,0.01,61.81,26217.97,1
2024-07-01,2024-07-01 12:45:00,422.43,422.47,422.43,422.47,0.01,61.81,26217.97,1
2024-07-01,2024-07-01 12:46:00,422.47,422.51,422.47,422.51,0.01,61.81,26217.97,1
2024-07-01,2024-07-01 12:47:00,422.51,422.56,422.51,422.56,0.01,61.81,26217.97,1
2024-07-01,2024-07-01 12:48:00,422.56,422.6,422.56,422.6,0.01,61.81,26217.97,1
2024-07-01,2024-07-01 12:49:00,422.6,422.64,422.6,422.64,0.01,61.81,26217.97,1
2024-07-01,2024-07-01 12:50:00,422.64,422.68,422.64,422.68,0.01,61.81,26217.97,1
2024-07-01,2024-07-01 12:51:00,422.68,422.72,422.68,422.72,0.01,61.81,26217.97,1
2024-07-01,2024-07-01 12:52:00,422.72,422.76,422.72,422.76,0.01,61.81,26217.97,1
2024-07-01,2024-07-01 12:53:00,422.76,422.8,422.76,422.8,0.01,61.81,26217.97,1
2024-07-01,2024-07-01 12:54:00,422.8,422.84,422.8,422.84,0.01,61.81,26217.97,1
2024-07-01,2024-07-01 12:55:00,422.84,422.88,422.84,422.88,0.01,61.81,26217.97,1
2024-07-01,2024-07-01 12:56:00,422.88,422.93,422.88,422.93,0.01,61.81,26217.97,1
2024-07-01,2024-07-01 12:57:00,422.93,422.97,422.93,422.97,0.01,61.81,26217.97,1
2024-07-01,2024-07-01 12:58:00,422.97,423.01,422.97,423.01,0.01,61.81,26217.97,1
2024-07-01,2024-07-01 12:59:00,423.01,423.05,423.01,423.05,0.01,61.81,26217.97,1
2024-07-01,2024-07-01 13:00:00,423.05,428.0,418.1,423.09,0.01,61.81,26217.97,1
2024-07-01,2024-07-01 13:01:00,423.09,423.13,423.09,423.13,0.01,61.81,26217.97,1
2024-07-01,2024-07-01 13:02:00,423.13,423.17,423.13,423.17,0.01,61.81,26217.97,1
2024-07-01,2024-07-01 13:03:00,423.17,423.22,423.17,423.22,0.01,61.81,26217.97,1
2024-07-01,2024-07-01 13:04:00,423.22,423.26,423.22,423.26,0.01,61.81,26217.97,1
2024-07-01,2024-07-01 13:05:00,423.26,423.3,423.26,423.3,0.01,61.81,26217.97,1
2024-07-01,2024-07-01 13:06:00,423.3,423.34,423.3,423.34,0.01,61.81,26217.97,1
2024-07-01,2024-07-01 13:07:00,423.34,423.38,423.34,423.38,0.01,61.81,26217.97,1
2024-07-01,2024-07-01 13:08:00,423.38,423.42,423.38,423.42,0.01,61.81,26217.97,1
2024-07-01,2024-07-01 13:09:00,423.42,423.46,423.42,423.46,0.01,61.81,26217.97,1
2024-07-01,2024-07-01 13:10:00,423.46,423.5,423.46,423.5,0.01,61.81,26217.97,1
2024-07-01,2024-07-01 13:11:00,423.5,423.55,423.5,423.55,0.01,61.81,26217.97,1
2024-07-01,2024-07-01 13:12:00,423.55,423.59,423.55,423.59,0.01,61.81,26217.97,1
2024-07-01,2024-07-01 13:13:00,423.59,423.63,423.59,423.63,0.01,61.81,26217.97,1
2024-07-01,2024-07-01 13:14:00,423.63,423.67,423.63,423.67,0.01,61.81,26217.97,1
2024-07-01,2024-07-01 13:15:00,423.67,423.71,423.67,423.71,0.01,61.81,26217.97,1
2024-07-01,2024-07-01 13:16:00,423.71,423.75,423.71,423.75,0.01,61.81,26217.97,1
2024-07-01,2024-07-01 13:17:00,423.75,423.79,423.75,423.79,0.01,61.81,26217.97,1
2024-07-01,2024-07-01 13:18:00,423.79,423.83,423.79,423.83,0.01,61.81,26217.97,1
2024-07-01,2024-07-01 13:19:00,423.83,423.88,423.83,423.88,0.01,61.81,26217.97,1
2024-07-01,2024-07-01 13:20:00,423.88,423.92,423.88,423.92,0.01,61.81,26217.97,1
2024-07-01,2024-07-01 13:21:00,423.92,423.96,423.92,423.96,0.01,61.81,26217.97,1
2024-07-01,2024-07-01 13:22:00,423.96,424.0,423.96,424.0,0.01,61.81,26217.97,1
2024-07-01,2024-07-01 13:23:00,424.0,424.04,424.0,424.04,0.01,61.81,26217.97,1
2024-07-01,2024-07-01 13:24:00,424.04,424.08,424.04,424.08,0.01,61.81,26217.97,1
2024-07-01,2024-07-01 13:25:00,424.08,424.12,424.08,424.12,0.01,61.81,26217.97,1
2024-07-01,2024-07-01 13:26:00,424.12,424.16,424.12,424.16,0.01,61.81,26217.97,1
2024-07-01,2024-07-01 13:27:00,424.16,424.2,424.16,424.2,0.01,61.81,26217.97,1
2024-07-01,2024-07-01 13:28:00,424.2,424.25,424.2,424.25,0.01,61.81,26217.97,1
2024-07-01,2024-07-01 13:29:00,424.25,424.29,424.25,424.29,0.01,61.81,26217.97,1
2024-07-01,2024-07-01 13:30:00,424.29,424.33,424.29,424.33,0.01,61.81,26217.97,1
2024-07-01,2024-07-01 13:31:00,424.33,424.37,424.33,424.37,0.01,61.81,26217.97,1
2024-07-01,2024-07-01 13:32:00,424.37,424.41,424.37,424.41,0.01,61.81,26217.97,1
2024-07-01,2024-07-01 13:33:00,424.41,424.45,424.41,424.45,0.01,61.81,26217.97,1
2024-07-01,2024-07-01 13:34:00,424.45,424.49,424.45,424.49,0.01,61.81,26217.97,1
2024-07-01,2024-07-01 13:35:00,424.49,424.54,424.49,424.54,0.01,61.81,26217.97,1
2024-07-01,2024-07-01 13:36:00,424.54,424.58,424.54,424.58,0.01,61.81,26217.97,1
2024-07-01,2024-07-01 13:37:00,424.58,424.62,424.58,424.62,0.01,61.81,26217.97,1
2024-07-01,2024-07-01 13:38:00,424.62,424.66,424.62,424.66,0.01,61.81,26217.97,1
2024-07-01,2024-07-01 13:39:00,424.66,424.7,424.66,424.7,0.01,61.81,26217.97,1
2024-07-01,2024-07-01 13:40:00,424.7,424.74,424.7,424.74,0.01,61.81,26217.97,1
2024-07-01,2024-07-01 13:41:00,424.74,424.78,424.74,424.78,0.01,61.81,26217.97,1
2024-07-01,2024-07-01 13:42:00,424.78,424.82,424.78,424.82,0.01,61.81,26217.97,1
2024-07-01,2024-07-01 13:43:00,424.82,424.87,424.82,424.87,0.01,61.81,26217.97,1
2024-07-01,2024-07-01 13:44:00,424.87,424.91,424.87,424.91,0.01,61.81,26217.97,1
2024-07-01,2024-07-01 13:45:00,424.91,424.95,424.91,424.95,0.01,61.81,26217.97,1
2024-07-01,2024-07-01 13:46:00,424.95,424.99,424.95,424.99,0.01,61.81,26217.97,1
2024-07-01,2024-07-01 13:47:00,424.99,425.03,424.99,425.03,0.01,61.81,26217.97,1
2024-07-01,2024-07-01 13:48:00,425.03,425.07,425.03,425.07,0.01,61.81,26217.97,1
2024-07-01,2024-07-01 13:49:00,425.07,425.11,425.07,425.11,0.01,61.81,26217.97,1
2024-07-01,2024-07-01 13:50:00,425.11,425.15,425.11,425.15,0.01,61.81,26217.97,1
2024-07-01,2024-07-01 13:51:00,425.15,425.19,425.15,425.19,0.01,61.81,26217.97,1
2024-07-01,2024-07-01 13:52:00,425.19,425.24,425.19,425.24,0.01,61.81,26217.97,1
2024-07-01,2024-07-01 13:53:00,425.24,425.28,425.24,425.28,0.01,61.81,26217.97,1
2024-07-01,2024-07-01 13:54:00,425.28,425.32,425.28,425.32,0.01,61.81,26217.97,1
2024-07-01,2024-07-01 13:55:00,425.32,425.36,425.32,425.36,0.01,61.81,26217.97,1
2024-07-01,2024-07-01 13:56:00,425.36,425.4,425.36,425.4,0.01,61.81,26217.97,1
2024-07-01,2024-07-01 13:57:00,425.4,425.44,425.4,425.44,0.01,61.81,26217.97,1
2024-07-01,2024-07-01 13:58:00,425.44,425.48,425.44,425.48,0.01,61.81,26217.97,1
2024-07-01,2024-07-01 13:59:00,425.48,425.52,425.48,425.52,0.01,61.81,26217.97,1
2024-07-01,2024-07-01 14:00:00,425.52,425.57,425.52,425.57,0.01,61.81,26217.97,1
2024-07-01,2024-07-01 14:01:00,425.57,425.61,425.57,425.61,0.01,61.81,26217.97,1
2024-07-01,2024-07-01 14:02:00,425.61,425.65,425.61,425.65,0.01,61.81,26217.97,1
2024-07-01,2024-07-01 14:03:00,425.65,425.69,425.65,425.69,0.01,61.81,26217.97,1
2024-07-01,2024-07-01 14:04:00,425.69,425.73,425.69,425.73,0.01,61.81,26217.97,1
2024-07-01,2024-07-01 14:05:00,425.73,425.77,425.73,425.77,0.01,61.81,26217.97,1
2024-07-01,2024-07-01 14:06:00,425.77,425.81,425.77,425.81,0.01,61.81,26217.97,1
2024-07-01,2024-07-01 14:07:00,425.81,425.86,425.81,425.86,0.01,61.81,26217.97,1
2024-07-01,2024-07-01 14:08:00,425.86,425.9,425.86,425.9,0.01,61.81,26217.97,1
2024-07-01,2024-07-01 14:09:00,425.9,425.94,425.9,425.94,0.01,61.81,26217.97,1
2024-07-01,2024-07-01 14:10:00,425.94,425.98,425.94,425.98,0.01,61.81,26217.97,1
2024-07-01,2024-07-01 14:11:00,425.98,426.02,425.98,426.02,0.01,61.81,26217.97,1
2024-07-01,2024-07-01 14:12:00,426.02,426.06,426.02,426.06,0.01,61.81,26217.97,1
2024-07-01,2024-07-01 14:13:00,426.06,426.1,426.06,426.1,0.01,61.81,26217.97,1
2024-07-01,2024-07-01 14:14:00,426.1,426.14,426.1,426.14,0.01,61.81,26217.97,1
2024-07-01,2024-07-01 14:15:00,426.14,426.19,426.14,426.19,0.01,61.81,26217.97,1
2024-07-01,2024-07-01 14:16:00,426.19,426.23,426.19,426.23,0.01,61.81,26217.97,1
2024-07-01,2024-07-01 14:17:00,426.23,426.27,426.23,426.27,0.01,61.81,26217.97,1
2024-07-01,2024-07-01 14:18:00,426.27,426.31,426.27,426.31,0.01,61.81,26217.97,1
2024-07-01,2024-07-01 14:19:00,426.31,426.35,426.31,426.35,0.01,61.81,26217.97,1
2024-07-01,2024-07-01 14:20:00,426.35,426.39,426.35,426.39,0.01,61.81,26217.97,1
2024-07-01,2024-07-01 14:21:00,426.39,426.43,426.39,426.43,0.01,61.81,26217.97,1
2024-07-01,2024-07-01 14:22:00,426.43,426.47,426.43,426.47,0.01,61.81,26217.97,1
2024-07-01,2024-07-01 14:23:00,426.47,426.51,426.47,426.51,0.01,61.81,26217.97,1
2024-07-01,2024-07-01 14:24:00,426.51,426.56,426.51,426.56,0.01,61.81,26217.97,1
2024-07-01,2024-07-01 14:25:00,426.56,426.6,426.56,426.6,0.01,61.81,26217.97,1
2024-07-01,2024-07-01 14:26:00,426.6,426.64,426.6,426.64,0.01,61.81,26217.97,1
2024-07-01,2024-07-01 14:27:00,426.64,426.68,426.64,426.68,0.01,61.81,26217.97,1
2024-07-01,2024-07-01 14:28:00,426.68,426.72,426.68,426.72,0.01,61.81,26217.97,1
2024-07-01,2024-07-01 14:29:00,426.72,426.76,426.72,426.76,0.01,61.81,26217.97,1
2024-07-01,2024-07-01 14:30:00,426.76,426.8,426.76,426.8,0.01,61.81,26217.97,1
2024-07-01,2024-07-01 14:31:00,426.8,426.85,426.8,426.85,0.01,61.81,26217.97,1
2024-07-01,2024-07-01 14:32:00,426.85,426.89,426.85,426.89,0.01,61.81,26217.97,1
2024-07-01,2024-07-01 14:33:00,426.89,426.93,426.89,426.93,0.01,61.81,26217.97,1
2024-07-01,2024-07-01 14:34:00,426.93,426.97,426.93,426.97,0.01,61.81,26217.97,1
2024-07-01,2024-07-01 14:35:00,426.97,427.01,426.97,427.01,0.01,61.81,26217.97,1
2024-07-01,2024-07-01 14:36:00,427.01,427.05,427.01,427.05,0.01,61.81,26217.97,1
2024-07-01,2024-07-01 14:37:00,427.05,427.09,427.05,427.09,0.01,61.81,26217.97,1
2024-07-01,2024-07-01 14:38:00,427.09,427.13,427.09,427.13,0.01,61.81,26217.97,1
2024-07-01,2024-07-01 14:39:00,427.13,427.18,427.13,427.18,0.01,61.81,26217.97,1
2024-07-01,2024-07-01 14:40:00,427.18,427.22,427.18,427.22,0.01,61.81,26217.97,1
2024-07-01,2024-07-01 14:41:00,427.22,427.26,427.22,427.26,0.01,61.81,26217.97,1
2024-07-01,2024-07-01 14:42:00,427.26,427.3,427.26,427.3,0.01,61.81,26217.97,1
2024-07-01,2024-07-01 14:43:00,427.3,427.34,427.3,427.34,0.01,61.81,26217.97,1
2024-07-01,2024-07-01 14:44:00,427.34,427.38,427.34,427.38,0.01,61.81,26217.97,1
2024-07-01,2024-07-01 14:45:00,427.38,427.42,427.38,427.42,0.01,61.81,26217.97,1
2024-07-01,2024-07-01 14:46:00,427.42,427.46,427.42,427.46,0.01,61.81,26217.97,1
2024-07-01,2024-07-01 14:47:00,427.46,427.5,427.46,427.5,0.01,61.81,26217.97,1
2024-07-01,2024-07-01 14:48:00,427.5,427.55,427.5,427.55,0.01,61.81,26217.97,1
2024-07-01,2024-07-01 14:49:00,427.55,427.59,427.55,427.59,0.01,61.81,26217.97,1
2024-07-01,2024-07-01 14:50:00,427.59,427.63,427.59,427.63,0.01,61.81,26217.97,1
2024-07-01,2024-07-01 14:51:00,427.63,427.67,427.63,427.67,0.01,61.81,26217.97,1
2024-07-01,2024-07-01 14:52:00,427.67,427.71,427.67,427.71,0.01,61.81,26217.97,1
2024-07-01,2024-07-01 14:53:00,427.71,427.75,427.71,427.75,0.01,61.81,26217.97,1
2024-07-01,2024-07-01 14:54:00,427.75,427.79,427.75,427.79,0.01,61.81,26217.97,1
2024-07-01,2024-07-01 14:55:00,427.79,427.83,427.79,427.83,0.01,61.81,26217.97,1
2024-07-01,2024-07-01 14:56:00,427.83,427.88,427.83,427.88,0.01,61.81,26217.97,1
2024-07-01,2024-07-01 14:57:00,427.88,427.92,427.88,427.92,0.01,61.81,26217.97,1
2024-07-01,2024-07-01 14:58:00,427.92,427.96,427.92,427.96,0.01,61.81,26217.97,1
2024-07-01,2024-07-01 14:59:00,427.96,428.0,427.96,428.0,0.01,61.81,26217.97,1
2024-07-01,2024-07-01 15:00:00,428.0,428.0,418.1,428.0,0.0,61.81,26217.97,0
2024-07-02,2024-07-02 11:00:00,436.5,444.45,432.45,436.48,-0.0,151.9,66043.98,-1
2024-07-02,2024-07-02 11:01:00,436.48,436.48,436.46,436.46,-0.0,151.9,66043.98,-1
2024-07-02,2024-07-02 11:02:00,436.46,436.46,436.44,436.44,-0.0,151.9,66043.98,-1
2024-07-02,2024-07-02 11:03:00,436.44,436.44,436.43,436.43,-0.0,151.9,66043.98,-1
2024-07-02,2024-07-02 11:04:00,436.43,436.43,436.41,436.41,-0.0,151.9,66043.98,-1
2024-07-02,2024-07-02 11:05:00,436.41,436.41,436.39,436.39,-0.0,151.9,66043.98,-1
2024-07-02,2024-07-02 11:06:00,436.39,436.39,436.37,436.37,-0.0,151.9,66043.98,-1
2024-07-02,2024-07-02 11:07:00,436.37,436.37,436.35,436.35,-0.0,151.9,66043.98,-1
2024-07-02,2024-07-02 11:08:00,436.35,436.35,436.33,436.33,-0.0,151.9,66043.98,-1
2024-07-02,2024-07-02 11:09:00,436.33,436.33,436.31,436.31,-0.0,151.9,66043.98,-1
2024-07-02,2024-07-02 11:10:00,436.31,436.31,436.29,436.29,-0.0,151.9,66043.98,-1
2024-07-02,2024-07-02 11:11:00,436.29,436.29,436.27,436.27,-0.0,151.9,66043.98,-1
2024-07-02,2024-07-02 11:12:00,436.27,436.27,436.26,436.26,-0.0,151.9,66043.98,-1
2024-07-02,2024-07-02 11:13:00,436.26,436.26,436.24,436.24,-0.0,151.9,66043.98,-1
2024-07-02,2024-07-02 11:14:00,436.24,436.24,436.22,436.22,-0.0,151.9,66043.98,-1
2024-07-02,2024-07-02 11:15:00,436.22,436.22,436.2,436.2,-0.0,151.9,66043.98,-1
2024-07-02,2024-07-02 11:16:00,436.2,436.2,436.18,436.18,-0.0,151.9,66043.98,-1
2024-07-02,2024-07-02 11:17:00,436.18,436.18,436.16,436.16,-0.0,151.9,66043.98,-1
2024-07-02,2024-07-02 11:18:00,436.16,436.16,436.14,436.14,-0.0,151.9,66043.98,-1
2024-07-02,2024-07-02 11:19:00,436.14,436.14,436.12,436.12,-0.0,151.9,66043.98,-1
2024-07-02,2024-07-02 11:20:00,436.12,436.12,436.11,436.11,-0.0,151.9,66043.98,-1
2024-07-02,2024-07-02 11:21:00,436.11,436.11,436.09,436.09,-0.0,151.9,66043.98,-1
2024-07-02,2024-07-02 11:22:00,436.09,436.09,436.07,436.07,-0.0,151.9,66043.98,-1
2024-07-02,2024-07-02 11:23:00,436.07,436.07,436.05,436.05,-0.0,151.9,66043.98,-1
2024-07-02,2024-07-02 11:24:00,436.05,436.05,436.03,436.03,-0.0,151.9,66043.98,-1
2024-07-02,2024-07-02 11:25:00,436.03,436.03,436.01,436.01,-0.0,151.9,66043.98,-1
2024-07-02,2024-07-02 11:26:00,436.01,436.01,435.99,435.99,-0.0,151.9,66043.98,-1
2024-07-02,2024-07-02 11:27:00,435.99,435.99,435.98,435.98,-0.0,151.9,66043.98,-1
2024-07-02,2024-07-02 11:28:00,435.98,435.98,435.96,435.96,-0.0,151.9,66043.98,-1
2024-07-02,2024-07-02 11:29:00,435.96,435.96,435.94,435.94,-0.0,151.9,66043.98,-1
2024-07-02,2024-07-02 11:30:00,435.94,435.94,435.92,435.92,-0.0,151.9,66043.98,-1
2024-07-02,2024-07-02 11:31:00,435.92,435.92,435.9,435.9,-0.0,151.9,66043.98,-1
2024-07-02,2024-07-02 11:32:00,435.9,435.9,435.88,435.88,-0.0,151.9,66043.98,-1
2024-07-02,2024-07-02 11:33:00,435.88,435.88,435.86,435.86,-0.0,151.9,66043.98,-1
2024-07-02,2024-07-02 11:34:00,435.86,435.86,435.84,435.84,-0.0,151.9,66043.98,-1
2024-07-02,2024-07-02 11:35:00,435.84,435.84,435.82,435.82,-0.0,151.9,66043.98,-1
2024-07-02,2024-07-02 11:36:00,435.82,435.82,435.81,435.81,-0.0,151.9,66043.98,-1
2024-07-02,2024-07-02 11:37:00,435.81,435.81,435.79,435.79,-0.0,151.9,66043.98,-1
2024-07-02,2024-07-02 11:38:00,435.79,435.79,435.77,435.77,-0.0,151.9,66043.98,-1
2024-07-02,2024-07-02 11:39:00,435.77,435.77,435.75,435.75,-0.0,151.9,66043.98,-1
2024-07-02,2024-07-02 11:40:00,435.75,435.75,435.73,435.73,-0.0,151.9,66043.98,-1
2024-07-02,2024-07-02 11:41:00,435.73,435.73,435.71,435.71,-0.0,151.9,66043.98,-1
2024-07-02,2024-07-02 11:42:00,435.71,435.71,435.69,435.69,-0.0,151.9,66043.98,-1
2024-07-02,2024-07-02 11:43:00,435.69,435.69,435.68,435.68,-0.0,151.9,66043.98,-1
2024-07-02,2024-07-02 11:44:00,435.68,435.68,435.66,435.66,-0.0,151.9,66043.98,-1
2024-07-02,2024-07-02 11:45:00,435.66,435.66,435.64,435.64,-0.0,151.9,66043.98,-1
2024-07-02,2024-07-02 11:46:00,435.64,435.64,435.62,435.62,-0.0,151.9,66043.98,-1
2024-07-02,2024-07-02 11:47:00,435.62,435.62,435.6,435.6,-0.0,151.9,66043.98,-1
2024-07-02,2024-07-02 11:48:00,435.6,435.6,435.58,435.58,-0.0,151.9,66043.98,-1
2024-07-02,2024-07-02 11:49:00,435.58,435.58,435.56,435.56,-0.0,151.9,66043.98,-1
2024-07-02,2024-07-02 11:50:00,435.56,435.56,435.54,435.54,-0.0,151.9,66043.98,-1
2024-07-02,2024-07-02 11:51:00,435.54,435.54,435.52,435.52,-0.0,151.9,66043.98,-1
2024-07-02,2024-07-02 11:52:00,435.52,435.52,435.51,435.51,-0.0,151.9,66043.98,-1
2024-07-02,2024-07-02 11:53:00,435.51,435.51,435.49,435.49,-0.0,151.9,66043.98,-1
2024-07-02,2024-07-02 11:54:00,435.49,435.49,435.47,435.47,-0.0,151.9,66043.98,-1
2024-07-02,2024-07-02 11:55:00,435.47,435.47,435.45,435.45,-0.0,151.9,66043.98,-1
2024-07-02,2024-07-02 11:56:00,435.45,435.45,435.43,435.43,-0.0,151.9,66043.98,-1
2024-07-02,2024-07-02 11:57:00,435.43,435.43,435.41,435.41,-0.0,151.9,66043.98,-1
2024-07-02,2024-07-02 11:58:00,435.41,435.41,435.39,435.39,-0.0,151.9,66043.98,-1
2024-07-02,2024-07-02 11:59:00,435.39,435.39,435.38,435.38,-0.0,151.9,66043.98,-1
2024-07-02,2024-07-02 12:00:00,435.38,435.38,435.36,435.36,-0.0,151.9,66043.98,-1
2024-07-02,2024-07-02 12:01:00,435.36,435.36,435.34,435.34,-0.0,151.9,66043.98,-1
2024-07-02,2024-07-02 12:02:00,435.34,435.34,435.32,435.32,-0.0,151.9,66043.98,-1
2024-07-02,2024-07-02 12:03:00,435.32,435.32,435.3,435.3,-0.0,151.9,66043.98,-1
2024-07-02,2024-07-02 12:04:00,435.3,435.3,435.28,435.28,-0.0,151.9,66043.98,-1
2024-07-02,2024-07-02 12:05:00,435.28,435.28,435.26,435.26,-0.0,151.9,66043.98,-1
2024-07-02,2024-07-02 12:06:00,435.26,435.26,435.24,435.24,-0.0,151.9,66043.98,-1
2024-07-02,2024-07-02 12:07:00,435.24,435.24,435.23,435.23,-0.0,151.9,66043.98,-1
2024-07-02,2024-07-02 12:08:00,435.23,435.23,435.21,435.21,-0.0,151.9,66043.98,-1
2024-07-02,2024-07-02 12:09:00,435.21,435.21,435.19,435.19,-0.0,151.9,66043.98,-1
2024-07-02,2024-07-02 12:10:00,435.19,435.19,435.17,435.17,-0.0,151.9,66043.98,-1
2024-07-02,2024-07-02 12:11:00,435.17,435.17,435.15,435.15,-0.0,151.9,66043.98,-1
2024-07-02,2024-07-02 12:12:00,435.15,435.15,435.13,435.13,-0.0,151.9,66043.98,-1
2024-07-02,2024-07-02 12:13:00,435.13,435.13,435.11,435.11,-0.0,151.9,66043.98,-1
2024-07-02,2024-07-02 12:14:00,435.11,435.11,435.09,435.09,-0.0,151.9,66043.98,-1
2024-07-02,2024-07-02 12:15:00,435.09,435.09,435.07,435.07,-0.0,151.9,66043.98,-1
2024-07-02,2024-07-02 12:16:00,435.07,435.07,435.06,435.06,-0.0,151.9,66043.98,-1
2024-07-02,2024-07-02 12:17:00,435.06,435.06,435.04,435.04,-0.0,151.9,66043.98,-1
2024-07-02,2024-07-02 12:18:00,435.04,435.04,435.02,435.02,-0.0,151.9,66043.98,-1
2024-07-02,2024-07-02 12:19:00,435.02,435.02,435.0,435.0,-0.0,151.9,66043.98,-1
2024-07-02,2024-07-02 12:20:00,435.0,435.0,434.98,434.98,-0.0,151.9,66043.98,-1
2024-07-02,2024-07-02 12:21:00,434.98,434.98,434.96,434.96,-0.0,151.9,66043.98,-1
2024-07-02,2024-07-02 12:22:00,434.96,434.96,434.94,434.94,-0.0,151.9,66043.98,-1
2024-07-02,2024-07-02 12:23:00,434.94,434.94,434.93,434.93,-0.0,151.9,66043.98,-1
2024-07-02,2024-07-02 12:24:00,434.93,434.93,434.91,434.91,-0.0,151.9,66043.98,-1
2024-07-02,2024-07-02 12:25:00,434.91,434.91,434.89,434.89,-0.0,151.9,66043.98,-1
2024-07-02,2024-07-02 12:26:00,434.89,434.89,434.87,434.87,-0.0,151.9,66043.98,-1
2024-07-02,2024-07-02 12:27:00,434.87,434.87,434.85,434.85,-0.0,151.9,66043.98,-1
2024-07-02,2024-07-02 12:28:00,434.85,434.85,434.83,434.83,-0.0,151.9,66043.98,-1
2024-07-02,2024-07-02 12:29:00,434.83,434.83,434.81,434.81,-0.0,151.9,66043.98,-1
2024-07-02,2024-07-02 12:30:00,434.81,434.81,434.79,434.79,-0.0,151.9,66043.98,-1
2024-07-02,2024-07-02 12:31:00,434.79,434.79,434.77,434.77,-0.0,151.9,66043.98,-1
2024-07-02,2024-07-02 12:32:00,434.77,434.77,434.76,434.76,-0.0,151.9,66043.98,-1
2024-07-02,2024-07-02 12:33:00,434.76,434.76,434.74,434.74,-0.0,151.9,66043.98,-1
2024-07-02,2024-07-02 12:34:00,434.74,434.74,434.72,434.72,-0.0,151.9,66043.98,-1
2024-07-02,2024-07-02 12:35:00,434.72,434.72,434.7,434.7,-0.0,151.9,66043.98,-1
2024-07-02,2024-07-02 12:36:00,434.7,434.7,434.68,434.68,-0.0,151.9,66043.98,-1
2024-07-02,2024-07-02 12:37:00,434.68,434.68,434.66,434.66,-0.0,151.9,66043.98,-1
2024-07-02,2024-07-02 12:38:00,434.66,434.66,434.64,434.64,-0.0,151.9,66043.98,-1
2024-07-02,2024-07-02 12:39:00,434.64,434.64,434.62,434.62,-0.0,151.9,66043.98,-1
2024-07-02,2024-07-02 12:40:00,434.62,434.62,434.61,434.61,-0.0,151.9,66043.98,-1
2024-07-02,2024-07-02 12:41:00,434.61,434.61,434.59,434.59,-0.0,151.9,66043.98,-1
2024-07-02,2024-07-02 12:42:00,434.59,434.59,434.57,434.57,-0.0,151.9,66043.98,-1
2024-07-02,2024-07-02 12:43:00,434.57,434.57,434.55,434.55,-0.0,151.9,66043.98,-1
2024-07-02,2024-07-02 12:44:00,434.55,434.55,434.53,434.53,-0.0,151.9,66043.98,-1
2024-07-02,2024-07-02 12:45:00,434.53,434.53,434.51,434.51,-0.0,151.9,66043.98,-1
2024-07-02,2024-07-02 12:46:00,434.51,434.51,434.49,434.49,-0.0,151.9,66043.98,-1
2024-07-02,2024-07-02 12:47:00,434.49,434.49,434.48,434.48,-0.0,151.9,66043.98,-1
2024-07-02,2024-07-02 12:48:00,434.48,434.48,434.46,434.46,-0.0,151.9,66043.98,-1
2024-07-02,2024-07-02 12:49:00,434.46,434.46,434.44,434.44,-0.0,151.9,66043.98,-1
2024-07-02,2024-07-02 12:50:00,434.44,434.44,434.42,434.42,-0.0,151.9,66043.98,-1
2024-07-02,2024-07-02 12:51:00,434.42,434.42,434.4,434.4,-0.0,151.9,66043.98,-1
2024-07-02,2024-07-02 12:52:00,434.4,434.4,434.38,434.38,-0.0,151.9,66043.98,-1
2024-07-02,2024-07-02 12:53:00,434.38,434.38,434.36,434.36,-0.0,151.9,66043.98,-1
2024-07-02,2024-07-02 12:54:00,434.36,434.36,434.34,434.34,-0.0,151.9,66043.98,-1
2024-07-02,2024-07-02 12:55:00,434.34,434.34,434.32,434.32,-0.0,151.9,66043.98,-1
2024-07-02,2024-07-02 12:56:00,434.32,434.32,434.31,434.31,-0.0,151.9,66043.98,-1
2024-07-02,2024-07-02 12:57:00,434.31,434.31,434.29,434.29,-0.0,151.9,66043.98,-1
2024-07-02,2024-07-02 12:58:00,434.29,434.29,434.27,434.27,-0.0,151.9,66043.98,-1
2024-07-02,2024-07-02 12:59:00,434.27,434.27,434.25,434.25,-0.0,151.9,66043.98,-1
2024-07-02,2024-07-02 13:00:00,434.25,463.0,423.0,434.23,-0.0,151.9,66043.98,-1
2024-07-02,2024-07-02 13:01:00,434.23,434.23,434.21,434.21,-0.0,151.9,66043.98,-1
2024-07-02,2024-07-02 13:02:00,434.21,434.21,434.19,434.19,-0.0,151.9,66043.98,-1
2024-07-02,2024-07-02 13:03:00,434.19,434.19,434.18,434.18,-0.0,151.9,66043.98,-1
2024-07-02,2024-07-02 13:04:00,434.18,434.18,434.16,434.16,-0.0,151.9,66043.98,-1
2024-07-02,2024-07-02 13:05:00,434.16,434.16,434.14,434.14,-0.0,151.9,66043.98,-1
2024-07-02,2024-07-02 13:06:00,434.14,434.14,434.12,434.12,-0.0,151.9,66043.98,-1
2024-07-02,2024-07-02 13:07:00,434.12,434.12,434.1,434.1,-0.0,151.9,66043.98,-1
2024-07-02,2024-07-02 13:08:00,434.1,434.1,434.08,434.08,-0.0,151.9,66043.98,-1
2024-07-02,2024-07-02 13:09:00,434.08,434.08,434.06,434.06,-0.0,151.9,66043.98,-1
2024-07-02,2024-07-02 13:10:00,434.06,434.06,434.04,434.04,-0.0,151.9,66043.98,-1
2024-07-02,2024-07-02 13:11:00,434.04,434.04,434.02,434.02,-0.0,151.9,66043.98,-1
2024-07-02,2024-07-02 13:12:00,434.02,434.02,434.01,434.01,-0.0,151.9,66043.98,-1
2024-07-02,2024-07-02 13:13:00,434.01,434.01,433.99,433.99,-0.0,151.9,66043.98,-1
2024-07-02,2024-07-02 13:14:00,433.99,433.99,433.97,433.97,-0.0,151.9,66043.98,-1
2024-07-02,2024-07-02 13:15:00,433.97,433.97,433.95,433.95,-0.0,151.9,66043.98,-1
2024-07-02,2024-07-02 13:16:00,433.95,433.95,433.93,433.93,-0.0,151.9,66043.98,-1
2024-07-02,2024-07-02 13:17:00,433.93,433.93,433.91,433.91,-0.0,151.9,66043.98,-1
2024-07-02,2024-07-02 13:18:00,433.91,433.91,433.89,433.89,-0.0,151.9,66043.98,-1
2024-07-02,2024-07-02 13:19:00,433.89,433.89,433.88,433.88,-0.0,151.9,66043.98,-1
2024-07-02,2024-07-02 13:20:00,433.88,433.88,433.86,433.86,-0.0,151.9,66043.98,-1
2024-07-02,2024-07-02 13:21:00,433.86,433.86,433.84,433.84,-0.0,151.9,66043.98,-1
2024-07-02,2024-07-02 13:22:00,433.84,433.84,433.82,433.82,-0.0,151.9,66043.98,-1
2024-07-02,2024-07-02 13:23:00,433.82,433.82,433.8,433.8,-0.0,151.9,66043.98,-1
2024-07-02,2024-07-02 13:24:00,433.8,433.8,433.78,433.78,-0.0,151.9,66043.98,-1
2024-07-02,2024-07-02 13:25:00,433.78,433.78,433.76,433.76,-0.0,151.9,66043.98,-1
2024-07-02,2024-07-02 13:26:00,433.76,433.76,433.74,433.74,-0.0,151.9,66043.98,-1
2024-07-02,2024-07-02 13:27:00,433.74,433.74,433.73,433.73,-0.0,151.9,66043.98,-1
2024-07-02,2024-07-02 13:28:00,433.73,433.73,433.71,433.71,-0.0,151.9,66043.98,-1
2024-07-02,2024-07-02 13:29:00,433.71,433.71,433.69,433.69,-0.0,151.9,66043.98,-1
2024-07-02,2024-07-02 13:30:00,433.69,433.69,433.67,433.67,-0.0,151.9,66043.98,-1
2024-07-02,2024-07-02 13:31:00,433.67,433.67,433.65,433.65,-0.0,151.9,66043.98,-1
2024-07-02,2024-07-02 13:32:00,433.65,433.65,433.63,433.63,-0.0,151.9,66043.98,-1
2024-07-02,2024-07-02 13:33:00,433.63,433.63,433.61,433.61,-0.0,151.9,66043.98,-1
2024-07-02,2024-07-02 13:34:00,433.61,433.61,433.59,433.59,-0.0,151.9,66043.98,-1
2024-07-02,2024-07-02 13:35:00,433.59,433.59,433.57,433.57,-0.0,151.9,66043.98,-1
2024-07-02,2024-07-02 13:36:00,433.57,433.57,433.56,433.56,-0.0,151.9,66043.98,-1
2024-07-02,2024-07-02 13:37:00,433.56,433.56,433.54,433.54,-0.0,151.9,66043.98,-1
2024-07-02,2024-07-02 13:38:00,433.54,433.54,433.52,433.52,-0.0,151.9,66043.98,-1
2024-07-02,2024-07-02 13:39:00,433.52,433.52,433.5,433.5,-0.0,151.9,66043.98,-1
2024-07-02,2024-07-02 13:40:00,433.5,433.5,433.48,433.48,-0.0,151.9,66043.98,-1
2024-07-02,2024-07-02 13:41:00,433.48,433.48,433.46,433.46,-0.0,151.9,66043.98,-1
2024-07-02,2024-07-02 13:42:00,433.46,433.46,433.44,433.44,-0.0,151.9,66043.98,-1
2024-07-02,2024-07-02 13:43:00,433.44,433.44,433.43,433.43,-0.0,151.9,66043.98,-1
2024-07-02,2024-07-02 13:44:00,433.43,433.43,433.41,433.41,-0.0,151.9,66043.98,-1
2024-07-02,2024-07-02 13:45:00,433.41,433.41,433.39,433.39,-0.0,151.9,66043.98,-1
2024-07-02,2024-07-02 13:46:00,433.39,433.39,433.37,433.37,-0.0,151.9,66043.98,-1
2024-07-02,2024-07-02 13:47:00,433.37,433.37,433.35,433.35,-0.0,151.9,66043.98,-1
2024-07-02,2024-07-02 13:48:00,433.35,433.35,433.33,433.33,-0.0,151.9,66043.98,-1
2024-07-02,2024-07-02 13:49:00,433.33,433.33,433.31,433.31,-0.0,151.9,66043.98,-1
2024-07-02,2024-07-02 13:50:00,433.31,433.31,433.29,433.29,-0.0,151.9,66043.98,-1
2024-07-02,2024-07-02 13:51:00,433.29,433.29,433.27,433.27,-0.0,151.9,66043.98,-1
2024-07-02,2024-07-02 13:52:00,433.27,433.27,433.26,433.26,-0.0,151.9,66043.98,-1
2024-07-02,2024-07-02 13:53:00,433.26,433.26,433.24,433.24,-0.0,151.9,66043.98,-1
2024-07-02,2024-07-02 13:54:00,433.24,433.24,433.22,433.22,-0.0,151.9,66043.98,-1
2024-07-02,2024-07-02 13:55:00,433.22,433.22,433.2,433.2,-0.0,151.9,66043.98,-1
2024-07-02,2024-07-02 13:56:00,433.2,433.2,433.18,433.18,-0.0,151.9,66043.98,-1
2024-07-02,2024-07-02 13:57:00,433.18,433.18,433.16,433.16,-0.0,151.9,66043.98,-1
2024-07-02,2024-07-02 13:58:00,433.16,433.16,433.14,433.14,-0.0,151.9,66043.98,-1
2024-07-02,2024-07-02 13:59:00,433.14,433.14,433.12,433.12,-0.0,151.9,66043.98,-1
2024-07-02,2024-07-02 14:00:00,433.12,433.12,433.11,433.11,-0.0,151.9,66043.98,-1
2024-07-02,2024-07-02 14:01:00,433.11,433.11,433.09,433.09,-0.0,151.9,66043.98,-1
2024-07-02,2024-07-02 14:02:00,433.09,433.09,433.07,433.07,-0.0,151.9,66043.98,-1
2024-07-02,2024-07-02 14:03:00,433.07,433.07,433.05,433.05,-0.0,151.9,66043.98,-1
2024-07-02,2024-07-02 14:04:00,433.05,433.05,433.03,433.03,-0.0,151.9,66043.98,-1
2024-07-02,2024-07-02 14:05:00,433.03,433.03,433.01,433.01,-0.0,151.9,66043.98,-1
2024-07-02,2024-07-02 14:06:00,433.01,433.01,432.99,432.99,-0.0,151.9,66043.98,-1
2024-07-02,2024-07-02 14:07:00,432.99,432.99,432.98,432.98,-0.0,151.9,66043.98,-1
2024-07-02,2024-07-02 14:08:00,432.98,432.98,432.96,432.96,-0.0,151.9,66043.98,-1
2024-07-02,2024-07-02 14:09:00,432.96,432.96,432.94,432.94,-0.0,151.9,66043.98,-1
2024-07-02,2024-07-02 14:10:00,432.94,432.94,432.92,432.92,-0.0,151.9,66043.98,-1
2024-07-02,2024-07-02 14:11:00,432.92,432.92,432.9,432.9,-0.0,151.9,66043.98,-1
2024-07-02,2024-07-02 14:12:00,432.9,432.9,432.88,432.88,-0.0,151.9,66043.98,-1
2024-07-02,2024-07-02 14:13:00,432.88,432.88,432.86,432.86,-0.0,151.9,66043.98,-1
2024-07-02,2024-07-02 14:14:00,432.86,432.86,432.84,432.84,-0.0,151.9,66043.98,-1
2024-07-02,2024-07-02 14:15:00,432.84,432.84,432.82,432.82,-0.0,151.9,66043.98,-1
2024-07-02,2024-07-02 14:16:00,432.82,432.82,432.81,432.81,-0.0,151.9,66043.98,-1
2024-07-02,2024-07-02 14:17:00,432.81,432.81,432.79,432.79,-0.0,151.9,66043.98,-1
2024-07-02,2024-07-02 14:18:00,432.79,432.79,432.77,432.77,-0.0,151.9,66043.98,-1
2024-07-02,2024-07-02 14:19:00,432.77,432.77,432.75,432.75,-0.0,151.9,66043.98,-1
2024-07-02,2024-07-02 14:20:00,432.75,432.75,432.73,432.73,-0.0,151.9,66043.98,-1
2024-07-02,2024-07-02 14:21:00,432.73,432.73,432.71,432.71,-0.0,151.9,66043.98,-1
2024-07-02,2024-07-02 14:22:00,432.71,432.71,432.69,432.69,-0.0,151.9,66043.98,-1
2024-07-02,2024-07-02 14:23:00,432.69,432.69,432.68,432.68,-0.0,151.9,66043.98,-1
2024-07-02,2024-07-02 14:24:00,432.68,432.68,432.66,432.66,-0.0,151.9,66043.98,-1
2024-07-02,2024-07-02 14:25:00,432.66,432.66,432.64,432.64,-0.0,151.9,66043.98,-1
2024-07-02,2024-07-02 14:26:00,432.64,432.64,432.62,432.62,-0.0,151.9,66043.98,-1
2024-07-02,2024-07-02 14:27:00,432.62,432.62,432.6,432.6,-0.0,151.9,66043.98,-1
2024-07-02,2024-07-02 14:28:00,432.6,432.6,432.58,432.58,-0.0,151.9,66043.98,-1
2024-07-02,2024-07-02 14:29:00,432.58,432.58,432.56,432.56,-0.0,151.9,66043.98,-1
2024-07-02,2024-07-02 14:30:00,432.56,432.56,432.54,432.54,-0.0,151.9,66043.98,-1
2024-07-02,2024-07-02 14:31:00,432.54,432.54,432.52,432.52,-0.0,151.9,66043.98,-1
2024-07-02,2024-07-02 14:32:00,432.52,432.52,432.51,432.51,-0.0,151.9,66043.98,-1
2024-07-02,2024-07-02 14:33:00,432.51,432.51,432.49,432.49,-0.0,151.9,66043.98,-1
2024-07-02,2024-07-02 14:34:00,432.49,432.49,432.47,432.47,-0.0,151.9,66043.98,-1
2024-07-02,2024-07-02 14:35:00,432.47,432.47,432.45,432.45,-0.0,151.9,66043.98,-1
2024-07-02,2024-07-02 14:36:00,432.45,432.45,432.43,432.43,-0.0,151.9,66043.98,-1
2024-07-02,2024-07-02 14:37:00,432.43,432.43,432.41,432.41,-0.0,151.9,66043.98,-1
2024-07-02,2024-07-02 14:38:00,432.41,432.41,432.39,432.39,-0.0,151.9,66043.98,-1
2024-07-02,2024-07-02 14:39:00,432.39,432.39,432.38,432.38,-0.0,151.9,66043.98,-1
2024-07-02,2024-07-02 14:40:00,432.38,432.38,432.36,432.36,-0.0,151.9,66043.98,-1
2024-07-02,2024-07-02 14:41:00,432.36,432.36,432.34,432.34,-0.0,151.9,66043.98,-1
2024-07-02,2024-07-02 14:42:00,432.34,432.34,432.32,432.32,-0.0,151.9,66043.98,-1
2024-07-02,2024-07-02 14:43:00,432.32,432.32,432.3,432.3,-0.0,151.9,66043.98,-1
2024-07-02,2024-07-02 14:44:00,432.3,432.3,432.28,432.28,-0.0,151.9,66043.98,-1
2024-07-02,2024-07-02 14:45:00,432.28,432.28,432.26,432.26,-0.0,151.9,66043.98,-1
2024-07-02,2024-07-02 14:46:00,432.26,432.26,432.24,432.24,-0.0,151.9,66043.98,-1
2024-07-02,2024-07-02 14:47:00,432.24,432.24,432.23,432.23,-0.0,151.9,66043.98,-1
2024-07-02,2024-07-02 14:48:00,432.23,432.23,432.21,432.21,-0.0,151.9,66043.98,-1
2024-07-02,2024-07-02 14:49:00,432.21,432.21,432.19,432.19,-0.0,151.9,66043.98,-1
2024-07-02,2024-07-02 14:50:00,432.19,432.19,432.17,432.17,-0.0,151.9,66043.98,-1
2024-07-02,2024-07-02 14:51:00,432.17,432.17,432.15,432.15,-0.0,151.9,66043.98,-1
2024-07-02,2024-07-02 14:52:00,432.15,432.15,432.13,432.13,-0.0,151.9,66043.98,-1
2024-07-02,2024-07-02 14:53:00,432.13,432.13,432.11,432.11,-0.0,151.9,66043.98,-1
2024-07-02,2024-07-02 14:54:00,432.11,432.11,432.09,432.09,-0.0,151.9,66043.98,-1
2024-07-02,2024-07-02 14:55:00,432.09,432.09,432.07,432.07,-0.0,151.9,66043.98,-1
2024-07-02,2024-07-02 14:56:00,432.07,432.07,432.06,432.06,-0.0,151.9,66043.98,-1
2024-07-02,2024-07-02 14:57:00,432.06,432.06,432.04,432.04,-0.0,151.9,66043.98,-1
2024-07-02,2024-07-02 14:58:00,432.04,432.04,432.02,432.02,-0.0,151.9,66043.98,-1
2024-07-02,2024-07-02 14:59:00,432.02,432.02,432.0,432.0,-0.0,151.9,66043.98,-1
2024-07-02,2024-07-02 15:00:00,432.0,463.0,423.0,432.0,0.0,151.9,66043.98,0
2024-07-03,2024-07-03 11:00:00,427.0,430.27,426.46,427.02,0.0,68.4,29419.35,1
2024-07-03,2024-07-03 11:01:00,427.02,427.04,427.02,427.04,0.0,68.4,29419.35,1
2024-07-03,2024-07-03 11:02:00,427.04,427.06,427.04,427.06,0.0,68.4,29419.35,1
2024-07-03,2024-07-03 11:03:00,427.06,427.08,427.06,427.08,0.0,68.4,29419.35,1
2024-07-03,2024-07-03 11:04:00,427.08,427.1,427.08,427.1,0.0,68.4,29419.35,1
2024-07-03,2024-07-03 11:05:00,427.1,427.12,427.1,427.12,0.0,68.4,29419.35,1
2024-07-03,2024-07-03 11:06:00,427.12,427.15,427.12,427.15,0.01,68.4,29419.35,1
2024-07-03,2024-07-03 11:07:00,427.15,427.17,427.15,427.17,0.0,68.4,29419.35,1
2024-07-03,2024-07-03 11:08:00,427.17,427.19,427.17,427.19,0.0,68.4,29419.35,1
2024-07-03,2024-07-03 11:09:00,427.19,427.21,427.19,427.21,0.0,68.4,29419.35,1
2024-07-03,2024-07-03 11:10:00,427.21,427.23,427.21,427.23,0.0,68.4,29419.35,1
2024-07-03,2024-07-03 11:11:00,427.23,427.25,427.23,427.25,0.0,68.4,29419.35,1
2024-07-03,2024-07-03 11:12:00,427.25,427.27,427.25,427.27,0.0,68.4,29419.35,1
2024-07-03,2024-07-03 11:13:00,427.27,427.29,427.27,427.29,0.0,68.4,29419.35,1
2024-07-03,2024-07-03 11:14:00,427.29,427.31,427.29,427.31,0.0,68.4,29419.35,1
2024-07-03,2024-07-03 11:15:00,427.31,427.33,427.31,427.33,0.0,68.4,29419.35,1
2024-07-03,2024-07-03 11:16:00,427.33,427.35,427.33,427.35,0.0,68.4,29419.35,1
2024-07-03,2024-07-03 11:17:00,427.35,427.38,427.35,427.38,0.01,68.4,29419.35,1
2024-07-03,2024-07-03 11:18:00,427.38,427.4,427.38,427.4,0.0,68.4,29419.35,1
2024-07-03,2024-07-03 11:19:00,427.4,427.42,427.4,427.42,0.0,68.4,29419.35,1
2024-07-03,2024-07-03 11:20:00,427.42,427.44,427.42,427.44,0.0,68.4,29419.35,1
2024-07-03,2024-07-03 11:21:00,427.44,427.46,427.44,427.46,0.0,68.4,29419.35,1
2024-07-03,2024-07-03 11:22:00,427.46,427.48,427.46,427.48,0.0,68.4,29419.35,1
2024-07-03,2024-07-03 11:23:00,427.48,427.5,427.48,427.5,0.0,68.4,29419.35,1
2024-07-03,2024-07-03 11:24:00,427.5,427.52,427.5,427.52,0.0,68.4,29419.35,1
2024-07-03,2024-07-03 11:25:00,427.52,427.54,427.52,427.54,0.0,68.4,29419.35,1
2024-07-03,2024-07-03 11:26:00,427.54,427.56,427.54,427.56,0.0,68.4,29419.35,1
2024-07-03,2024-07-03 11:27:00,427.56,427.58,427.56,427.58,0.0,68.4,29419.35,1
2024-07-03,2024-07-03 11:28:00,427.58,427.6,427.58,427.6,0.0,68.4,29419.35,1
2024-07-03,2024-07-03 11:29:00,427.6,427.62,427.6,427.62,0.0,68.4,29419.35,1
2024-07-03,2024-07-03 11:30:00,427.62,427.65,427.62,427.65,0.01,68.4,29419.35,1
2024-07-03,2024-07-03 11:31:00,427.65,427.67,427.65,427.67,0.0,68.4,29419.35,1
2024-07-03,2024-07-03 11:32:00,427.67,427.69,427.67,427.69,0.0,68.4,29419.35,1
2024-07-03,2024-07-03 11:33:00,427.69,427.71,427.69,427.71,0.0,68.4,29419.35,1
2024-07-03,2024-07-03 11:34:00,427.71,427.73,427.71,427.73,0.0,68.4,29419.35,1
2024-07-03,2024-07-03 11:35:00,427.73,427.75,427.73,427.75,0.0,68.4,29419.35,1
2024-07-03,2024-07-03 11:36:00,427.75,427.77,427.75,427.77,0.0,68.4,29419.35,1
2024-07-03,2024-07-03 11:37:00,427.77,427.79,427.77,427.79,0.0,68.4,29419.35,1
2024-07-03,2024-07-03 11:38:00,427.79,427.81,427.79,427.81,0.0,68.4,29419.35,1
2024-07-03,2024-07-03 11:39:00,427.81,427.83,427.81,427.83,0.0,68.4,29419.35,1
2024-07-03,2024-07-03 11:40:00,427.83,427.85,427.83,427.85,0.0,68.4,29419.35,1
2024-07-03,2024-07-03 11:41:00,427.85,427.88,427.85,427.88,0.01,68.4,29419.35,1
2024-07-03,2024-07-03 11:42:00,427.88,427.9,427.88,427.9,0.0,68.4,29419.35,1
2024-07-03,2024-07-03 11:43:00,427.9,427.92,427.9,427.92,0.0,68.4,29419.35,1
2024-07-03,2024-07-03 11:44:00,427.92,427.94,427.92,427.94,0.0,68.4,29419.35,1
2024-07-03,2024-07-03 11:45:00,427.94,427.96,427.94,427.96,0.0,68.4,29419.35,1
2024-07-03,2024-07-03 11:46:00,427.96,427.98,427.96,427.98,0.0,68.4,29419.35,1
2024-07-03,2024-07-03 11:47:00,427.98,428.0,427.98,428.0,0.0,68.4,29419.35,1
2024-07-03,2024-07-03 11:48:00,428.0,428.02,428.0,428.02,0.0,68.4,29419.35,1
2024-07-03,2024-07-03 11:49:00,428.02,428.04,428.02,428.04,0.0,68.4,29419.35,1
2024-07-03,2024-07-03 11:50:00,428.04,428.06,428.04,428.06,0.0,68.4,29419.35,1
2024-07-03,2024-07-03 11:51:00,428.06,428.08,428.06,428.08,0.0,68.4,29419.35,1
2024-07-03,2024-07-03 11:52:00,428.08,428.1,428.08,428.1,0.0,68.4,29419.35,1
2024-07-03,2024-07-03 11:53:00,428.1,428.12,428.1,428.12,0.0,68.4,29419.35,1
2024-07-03,2024-07-03 11:54:00,428.12,428.15,428.12,428.15,0.01,68.4,29419.35,1
2024-07-03,2024-07-03 11:55:00,428.15,428.17,428.15,428.17,0.0,68.4,29419.35,1
2024-07-03,2024-07-03 11:56:00,428.17,428.19,428.17,428.19,0.0,68.4,29419.35,1
2024-07-03,2024-07-03 11:57:00,428.19,428.21,428.19,428.21,0.0,68.4,29419.35,1
2024-07-03,2024-07-03 11:58:00,428.21,428.23,428.21,428.23,0.0,68.4,29419.35,1
2024-07-03,2024-07-03 11:59:00,428.23,428.25,428.23,428.25,0.0,68.4,29419.35,1
2024-07-03,2024-07-03 12:00:00,428.25,428.27,428.25,428.27,0.0,68.4,29419.35,1
2024-07-03,2024-07-03 12:01:00,428.27,428.29,428.27,428.29,0.0,68.4,29419.35,1
2024-07-03,2024-07-03 12:02:00,428.29,428.31,428.29,428.31,0.0,68.4,29419.35,1
2024-07-03,2024-07-03 12:03:00,428.31,428.33,428.31,428.33,0.0,68.4,29419.35,1
2024-07-03,2024-07-03 12:04:00,428.33,428.35,428.33,428.35,0.0,68.4,29419.35,1
2024-07-03,2024-07-03 12:05:00,428.35,428.38,428.35,428.38,0.01,68.4,29419.35,1
2024-07-03,2024-07-03 12:06:00,428.38,428.4,428.38,428.4,0.0,68.4,29419.35,1
2024-07-03,2024-07-03 12:07:00,428.4,428.42,428.4,428.42,0.0,68.4,29419.35,1
2024-07-03,2024-07-03 12:08:00,428.42,428.44,428.42,428.44,0.0,68.4,29419.35,1
2024-07-03,2024-07-03 12:09:00,428.44,428.46,428.44,428.46,0.0,68.4,29419.35,1
2024-07-03,2024-07-03 12:10:00,428.46,428.48,428.46,428.48,0.0,68.4,29419.35,1
2024-07-03,2024-07-03 12:11:00,428.48,428.5,428.48,428.5,0.0,68.4,29419.35,1
2024-07-03,2024-07-03 12:12:00,428.5,428.52,428.5,428.52,0.0,68.4,29419.35,1
2024-07-03,2024-07-03 12:13:00,428.52,428.54,428.52,428.54,0.0,68.4,29419.35,1
2024-07-03,2024-07-03 12:14:00,428.54,428.56,428.54,428.56,0.0,68.4,29419.35,1
2024-07-03,2024-07-03 12:15:00,428.56,428.58,428.56,428.58,0.0,68.4,29419.35,1
2024-07-03,2024-07-03 12:16:00,428.58,428.6,428.58,428.6,0.0,68.4,29419.35,1
2024-07-03,2024-07-03 12:17:00,428.6,428.62,428.6,428.62,0.0,68.4,29419.35,1
2024-07-03,2024-07-03 12:18:00,428.62,428.65,428.62,428.65,0.01,68.4,29419.35,1
2024-07-03,2024-07-03 12:19:00,428.65,428.67,428.65,428.67,0.0,68.4,29419.35,1
2024-07-03,2024-07-03 12:20:00,428.67,428.69,428.67,428.69,0.0,68.4,29419.35,1
2024-07-03,2024-07-03 12:21:00,428.69,428.71,428.69,428.71,0.0,68.4,29419.35,1
2024-07-03,2024-07-03 12:22:00,428.71,428.73,428.71,428.73,0.0,68.4,29419.35,1
2024-07-03,2024-07-03 12:23:00,428.73,428.75,428.73,428.75,0.0,68.4,29419.35,1
2024-07-03,2024-07-03 12:24:00,428.75,428.77,428.75,428.77,0.0,68.4,29419.35,1
2024-07-03,2024-07-03 12:25:00,428.77,428.79,428.77,428.79,0.0,68.4,29419.35,1
2024-07-03,2024-07-03 12:26:00,428.79,428.81,428.79,428.81,0.0,68.4,29419.35,1
2024-07-03,2024-07-03 12:27:00,428.81,428.83,428.81,428.83,0.0,68.4,29419.35,1
2024-07-03,2024-07-03 12:28:00,428.83,428.85,428.83,428.85,0.0,68.4,29419.35,1
2024-07-03,2024-07-03 12:29:00,428.85,428.88,428.85,428.88,0.01,68.4,29419.35,1
2024-07-03,2024-07-03 12:30:00,428.88,428.9,428.88,428.9,0.0,68.4,29419.35,1
2024-07-03,2024-07-03 12:31:00,428.9,428.92,428.9,428.92,0.0,68.4,29419.35,1
2024-07-03,2024-07-03 12:32:00,428.92,428.94,428.92,428.94,0.0,68.4,29419.35,1
2024-07-03,2024-07-03 12:33:00,428.94,428.96,428.94,428.96,0.0,68.4,29419.35,1
2024-07-03,2024-07-03 12:34:00,428.96,428.98,428.96,428.98,0.0,68.4,29419.35,1
2024-07-03,2024-07-03 12:35:00,428.98,429.0,428.98,429.0,0.0,68.4,29419.35,1
2024-07-03,2024-07-03 12:36:00,429.0,429.02,429.0,429.02,0.0,68.4,29419.35,1
2024-07-03,2024-07-03 12:37:00,429.02,429.04,429.02,429.04,0.0,68.4,29419.35,1
2024-07-03,2024-07-03 12:38:00,429.04,429.06,429.04,429.06,0.0,68.4,29419.35,1
2024-07-03,2024-07-03 12:39:00,429.06,429.08,429.06,429.08,0.0,68.4,29419.35,1
2024-07-03,2024-07-03 12:40:00,429.08,429.1,429.08,429.1,0.0,68.4,29419.35,1
2024-07-03,2024-07-03 12:41:00,429.1,429.12,429.1,429.12,0.0,68.4,29419.35,1
2024-07-03,2024-07-03 12:42:00,429.12,429.15,429.12,429.15,0.01,68.4,29419.35,1
2024-07-03,2024-07-03 12:43:00,429.15,429.17,429.15,429.17,0.0,68.4,29419.35,1
2024-07-03,2024-07-03 12:44:00,429.17,429.19,429.17,429.19,0.0,68.4,29419.35,1
2024-07-03,2024-07-03 12:45:00,429.19,429.21,429.19,429.21,0.0,68.4,29419.35,1
2024-07-03,2024-07-03 12:46:00,429.21,429.23,429.21,429.23,0.0,68.4,29419.35,1
2024-07-03,2024-07-03 12:47:00,429.23,429.25,429.23,429.25,0.0,68.4,29419.35,1
2024-07-03,2024-07-03 12:48:00,429.25,429.27,429.25,429.27,0.0,68.4,29419.35,1
2024-07-03,2024-07-03 12:49:00,429.27,429.29,429.27,429.29,0.0,68.4,29419.35,1
2024-07-03,2024-07-03 12:50:00,429.29,429.31,429.29,429.31,0.0,68.4,29419.35,1
2024-07-03,2024-07-03 12:51:00,429.31,429.33,429.31,429.33,0.0,68.4,29419.35,1
2024-07-03,2024-07-03 12:52:00,429.33,429.35,429.33,429.35,0.0,68.4,29419.35,1
2024-07-03,2024-07-03 12:53:00,429.35,429.38,429.35,429.38,0.01,68.4,29419.35,1
2024-07-03,2024-07-03 12:54:00,429.38,429.4,429.38,429.4,0.0,68.4,29419.35,1
2024-07-03,2024-07-03 12:55:00,429.4,429.42,429.4,429.42,0.0,68.4,29419.35,1
2024-07-03,2024-07-03 12:56:00,429.42,429.44,429.42,429.44,0.0,68.4,29419.35,1
2024-07-03,2024-07-03 12:57:00,429.44,429.46,429.44,429.46,0.0,68.4,29419.35,1
2024-07-03,2024-07-03 12:58:00,429.46,429.48,429.46,429.48,0.0,68.4,29419.35,1
2024-07-03,2024-07-03 12:59:00,429.48,429.5,429.48,429.5,0.0,68.4,29419.35,1
2024-07-03,2024-07-03 13:00:00,429.5,437.9,425.2,429.52,0.0,68.4,29419.35,1
2024-07-03,2024-07-03 13:01:00,429.52,429.54,429.52,429.54,0.0,68.4,29419.35,1
2024-07-03,2024-07-03 13:02:00,429.54,429.56,429.54,429.56,0.0,68.4,29419.35,1
2024-07-03,2024-07-03 13:03:00,429.56,429.58,429.56,429.58,0.0,68.4,29419.35,1
2024-07-03,2024-07-03 13:04:00,429.58,429.6,429.58,429.6,0.0,68.4,29419.35,1
2024-07-03,2024-07-03 13:05:00,429.6,429.62,429.6,429.62,0.0,68.4,29419.35,1
2024-07-03,2024-07-03 13:06:00,429.62,429.65,429.62,429.65,0.01,68.4,29419.35,1
2024-07-03,2024-07-03 13:07:00,429.65,429.67,429.65,429.67,0.0,68.4,29419.35,1
2024-07-03,2024-07-03 13:08:00,429.67,429.69,429.67,429.69,0.0,68.4,29419.35,1
2024-07-03,2024-07-03 13:09:00,429.69,429.71,429.69,429.71,0.0,68.4,29419.35,1
2024-07-03,2024-07-03 13:10:00,429.71,429.73,429.71,429.73,0.0,68.4,29419.35,1
2024-07-03,2024-07-03 13:11:00,429.73,429.75,429.73,429.75,0.0,68.4,29419.35,1
2024-07-03,2024-07-03 13:12:00,429.75,429.77,429.75,429.77,0.0,68.4,29419.35,1
2024-07-03,2024-07-03 13:13:00,429.77,429.79,429.77,429.79,0.0,68.4,29419.35,1
2024-07-03,2024-07-03 13:14:00,429.79,429.81,429.79,429.81,0.0,68.4,29419.35,1
2024-07-03,2024-07-03 13:15:00,429.81,429.83,429.81,429.83,0.0,68.4,29419.35,1
2024-07-03,2024-07-03 13:16:00,429.83,429.85,429.83,429.85,0.0,68.4,29419.35,1
2024-07-03,2024-07-03 13:17:00,429.85,429.88,429.85,429.88,0.01,68.4,29419.35,1
2024-07-03,2024-07-03 13:18:00,429.88,429.9,429.88,429.9,0.0,68.4,29419.35,1
2024-07-03,2024-07-03 13:19:00,429.9,429.92,429.9,429.92,0.0,68.4,29419.35,1
2024-07-03,2024-07-03 13:20:00,429.92,429.94,429.92,429.94,0.0,68.4,29419.35,1
2024-07-03,2024-07-03 13:21:00,429.94,429.96,429.94,429.96,0.0,68.4,29419.35,1
2024-07-03,2024-07-03 13:22:00,429.96,429.98,429.96,429.98,0.0,68.4,29419.35,1
2024-07-03,2024-07-03 13:23:00,429.98,430.0,429.98,430.0,0.0,68.4,29419.35,1
2024-07-03,2024-07-03 13:24:00,430.0,430.02,430.0,430.02,0.0,68.4,29419.35,1
2024-07-03,2024-07-03 13:25:00,430.02,430.04,430.02,430.04,0.0,68.4,29419.35,1
2024-07-03,2024-07-03 13:26:00,430.04,430.06,430.04,430.06,0.0,68.4,29419.35,1
2024-07-03,2024-07-03 13:27:00,430.06,430.08,430.06,430.08,0.0,68.4,29419.35,1
2024-07-03,2024-07-03 13:28:00,430.08,430.1,430.08,430.1,0.0,68.4,29419.35,1
2024-07-03,2024-07-03 13:29:00,430.1,430.12,430.1,430.12,0.0,68.4,29419.35,1
2024-07-03,2024-07-03 13:30:00,430.12,430.15,430.12,430.15,0.01,68.4,29419.35,1
2024-07-03,2024-07-03 13:31:00,430.15,430.17,430.15,430.17,0.0,68.4,29419.35,1
2024-07-03,2024-07-03 13:32:00,430.17,430.19,430.17,430.19,0.0,68.4,29419.35,1
2024-07-03,2024-07-03 13:33:00,430.19,430.21,430.19,430.21,0.0,68.4,29419.35,1
2024-07-03,2024-07-03 13:34:00,430.21,430.23,430.21,430.23,0.0,68.4,29419.35,1
2024-07-03,2024-07-03 13:35:00,430.23,430.25,430.23,430.25,0.0,68.4,29419.35,1
2024-07-03,2024-07-03 13:36:00,430.25,430.27,430.25,430.27,0.0,68.4,29419.35,1
2024-07-03,2024-07-03 13:37:00,430.27,430.29,430.27,430.29,0.0,68.4,29419.35,1
2024-07-03,2024-07-03 13:38:00,430.29,430.31,430.29,430.31,0.0,68.4,29419.35,1
2024-07-03,2024-07-03 13:39:00,430.31,430.33,430.31,430.33,0.0,68.4,29419.35,1
2024-07-03,2024-07-03 13:40:00,430.33,430.35,430.33,430.35,0.0,68.4,29419.35,1
2024-07-03,2024-07-03 13:41:00,430.35,430.38,430.35,430.38,0.01,68.4,29419.35,1
2024-07-03,2024-07-03 13:42:00,430.38,430.4,430.38,430.4,0.0,68.4,29419.35,1
2024-07-03,2024-07-03 13:43:00,430.4,430.42,430.4,430.42,0.0,68.4,29419.35,1
2024-07-03,2024-07-03 13:44:00,430.42,430.44,430.42,430.44,0.0,68.4,29419.35,1
2024-07-03,2024-07-03 13:45:00,430.44,430.46,430.44,430.46,0.0,68.4,29419.35,1
2024-07-03,2024-07-03 13:46:00,430.46,430.48,430.46,430.48,0.0,68.4,29419.35,1
2024-07-03,2024-07-03 13:47:00,430.48,430.5,430.48,430.5,0.0,68.4,29419.35,1
2024-07-03,2024-07-03 13:48:00,430.5,430.52,430.5,430.52,0.0,68.4,29419.35,1
2024-07-03,2024-07-03 13:49:00,430.52,430.54,430.52,430.54,0.0,68.4,29419.35,1
2024-07-03,2024-07-03 13:50:00,430.54,430.56,430.54,430.56,0.0,68.4,29419.35,1
2024-07-03,2024-07-03 13:51:00,430.56,430.58,430.56,430.58,0.0,68.4,29419.35,1
2024-07-03,2024-07-03 13:52:00,430.58,430.6,430.58,430.6,0.0,68.4,29419.35,1
2024-07-03,2024-07-03 13:53:00,430.6,430.62,430.6,430.62,0.0,68.4,29419.35,1
2024-07-03,2024-07-03 13:54:00,430.62,430.65,430.62,430.65,0.01,68.4,29419.35,1
2024-07-03,2024-07-03 13:55:00,430.65,430.67,430.65,430.67,0.0,68.4,29419.35,1
2024-07-03,2024-07-03 13:56:00,430.67,430.69,430.67,430.69,0.0,68.4,29419.35,1
2024-07-03,2024-07-03 13:57:00,430.69,430.71,430.69,430.71,0.0,68.4,29419.35,1
2024-07-03,2024-07-03 13:58:00,430.71,430.73,430.71,430.73,0.0,68.4,29419.35,1
2024-07-03,2024-07-03 13:59:00,430.73,430.75,430.73,430.75,0.0,68.4,29419.35,1
2024-07-03,2024-07-03 14:00:00,430.75,430.77,430.75,430.77,0.0,68.4,29419.35,1
2024-07-03,2024-07-03 14:01:00,430.77,430.79,430.77,430.79,0.0,68.4,29419.35,1
2024-07-03,2024-07-03 14:02:00,430.79,430.81,430.79,430.81,0.0,68.4,29419.35,1
2024-07-03,2024-07-03 14:03:00,430.81,430.83,430.81,430.83,0.0,68.4,29419.35,1
2024-07-03,2024-07-03 14:04:00,430.83,430.85,430.83,430.85,0.0,68.4,29419.35,1
2024-07-03,2024-07-03 14:05:00,430.85,430.88,430.85,430.88,0.01,68.4,29419.35,1
2024-07-03,2024-07-03 14:06:00,430.88,430.9,430.88,430.9,0.0,68.4,29419.35,1
2024-07-03,2024-07-03 14:07:00,430.9,430.92,430.9,430.92,0.0,68.4,29419.35,1
2024-07-03,2024-07-03 14:08:00,430.92,430.94,430.92,430.94,0.0,68.4,29419.35,1
2024-07-03,2024-07-03 14:09:00,430.94,430.96,430.94,430.96,0.0,68.4,29419.35,1
2024-07-03,2024-07-03 14:10:00,430.96,430.98,430.96,430.98,0.0,68.4,29419.35,1
2024-07-03,2024-07-03 14:11:00,430.98,431.0,430.98,431.0,0.0,68.4,29419.35,1
2024-07-03,2024-07-03 14:12:00,431.0,431.02,431.0,431.02,0.0,68.4,29419.35,1
2024-07-03,2024-07-03 14:13:00,431.02,431.04,431.02,431.04,0.0,68.4,29419.35,1
2024-07-03,2024-07-03 14:14:00,431.04,431.06,431.04,431.06,0.0,68.4,29419.35,1
2024-07-03,2024-07-03 14:15:00,431.06,431.08,431.06,431.08,0.0,68.4,29419.35,1
2024-07-03,2024-07-03 14:16:00,431.08,431.1,431.08,431.1,0.0,68.4,29419.35,1
2024-07-03,2024-07-03 14:17:00,431.1,431.12,431.1,431.12,0.0,68.4,29419.35,1
2024-07-03,2024-07-03 14:18:00,431.12,431.15,431.12,431.15,0.01,68.4,29419.35,1
2024-07-03,2024-07-03 14:19:00,431.15,431.17,431.15,431.17,0.0,68.4,29419.35,1
2024-07-03,2024-07-03 14:20:00,431.17,431.19,431.17,431.19,0.0,68.4,29419.35,1
2024-07-03,2024-07-03 14:21:00,431.19,431.21,431.19,431.21,0.0,68.4,29419.35,1
2024-07-03,2024-07-03 14:22:00,431.21,431.23,431.21,431.23,0.0,68.4,29419.35,1
2024-07-03,2024-07-03 14:23:00,431.23,431.25,431.23,431.25,0.0,68.4,29419.35,1
2024-07-03,2024-07-03 14:24:00,431.25,431.27,431.25,431.27,0.0,68.4,29419.35,1
2024-07-03,2024-07-03 14:25:00,431.27,431.29,431.27,431.29,0.0,68.4,29419.35,1
2024-07-03,2024-07-03 14:26:00,431.29,431.31,431.29,431.31,0.0,68.4,29419.35,1
2024-07-03,2024-07-03 14:27:00,431.31,431.33,431.31,431.33,0.0,68.4,29419.35,1
2024-07-03,2024-07-03 14:28:00,431.33,431.35,431.33,431.35,0.0,68.4,29419.35,1
2024-07-03,2024-07-03 14:29:00,431.35,431.38,431.35,431.38,0.01,68.4,29419.35,1
2024-07-03,2024-07-03 14:30:00,431.38,431.4,431.38,431.4,0.0,68.4,29419.35,1
2024-07-03,2024-07-03 14:31:00,431.4,431.42,431.4,431.42,0.0,68.4,29419.35,1
2024-07-03,2024-07-03 14:32:00,431.42,431.44,431.42,431.44,0.0,68.4,29419.35,1
2024-07-03,2024-07-03 14:33:00,431.44,431.46,431.44,431.46,0.0,68.4,29419.35,1
2024-07-03,2024-07-03 14:34:00,431.46,431.48,431.46,431.48,0.0,68.4,29419.35,1
2024-07-03,2024-07-03 14:35:00,431.48,431.5,431.48,431.5,0.0,68.4,29419.35,1
2024-07-03,2024-07-03 14:36:00,431.5,431.52,431.5,431.52,0.0,68.4,29419.35,1
2024-07-03,2024-07-03 14:37:00,431.52,431.54,431.52,431.54,0.0,68.4,29419.35,1
2024-07-03,2024-07-03 14:38:00,431.54,431.56,431.54,431.56,0.0,68.4,29419.35,1
2024-07-03,2024-07-03 14:39:00,431.56,431.58,431.56,431.58,0.0,68.4,29419.35,1
2024-07-03,2024-07-03 14:40:00,431.58,431.6,431.58,431.6,0.0,68.4,29419.35,1
2024-07-03,2024-07-03 14:41:00,431.6,431.62,431.6,431.62,0.0,68.4,29419.35,1
2024-07-03,2024-07-03 14:42:00,431.62,431.65,431.62,431.65,0.01,68.4,29419.35,1
2024-07-03,2024-07-03 14:43:00,431.65,431.67,431.65,431.67,0.0,68.4,29419.35,1
2024-07-03,2024-07-03 14:44:00,431.67,431.69,431.67,431.69,0.0,68.4,29419.35,1
2024-07-03,2024-07-03 14:45:00,431.69,431.71,431.69,431.71,0.0,68.4,29419.35,1
2024-07-03,2024-07-03 14:46:00,431.71,431.73,431.71,431.73,0.0,68.4,29419.35,1
2024-07-03,2024-07-03 14:47:00,431.73,431.75,431.73,431.75,0.0,68.4,29419.35,1
2024-07-03,2024-07-03 14:48:00,431.75,431.77,431.75,431.77,0.0,68.4,29419.35,1
2024-07-03,2024-07-03 14:49:00,431.77,431.79,431.77,431.79,0.0,68.4,29419.35,1
2024-07-03,2024-07-03 14:50:00,431.79,431.81,431.79,431.81,0.0,68.4,29419.35,1
2024-07-03,2024-07-03 14:51:00,431.81,431.83,431.81,431.83,0.0,68.4,29419.35,1
2024-07-03,2024-07-03 14:52:00,431.83,431.85,431.83,431.85,0.0,68.4,29419.35,1
2024-07-03,2024-07-03 14:53:00,431.85,431.88,431.85,431.88,0.01,68.4,29419.35,1
2024-07-03,2024-07-03 14:54:00,431.88,431.9,431.88,431.9,0.0,68.4,29419.35,1
2024-07-03,2024-07-03 14:55:00,431.9,431.92,431.9,431.92,0.0,68.4,29419.35,1
2024-07-03,2024-07-03 14:56:00,431.92,431.94,431.92,431.94,0.0,68.4,29419.35,1
2024-07-03,2024-07-03 14:57:00,431.94,431.96,431.94,431.96,0.0,68.4,29419.35,1
2024-07-03,2024-07-03 14:58:00,431.96,431.98,431.96,431.98,0.0,68.4,29419.35,1
2024-07-03,2024-07-03 14:59:00,431.98,432.0,431.98,432.0,0.0,68.4,29419.35,1
2024-07-03,2024-07-03 15:00:00,432.0,437.9,425.2,432.0,0.0,68.4,29419.35,0
2024-07-04,2024-07-04 11:00:00,432.0,434.4,430.5,432.0,0.0,108.22,46687.85,0
2024-07-04,2024-07-04 11:01:00,432.0,432.0,431.99,431.99,-0.0,108.22,46687.85,-1
2024-07-04,2024-07-04 11:02:00,431.99,431.99,431.99,431.99,0.0,108.22,46687.85,0
2024-07-04,2024-07-04 11:03:00,431.99,431.99,431.98,431.98,-0.0,108.22,46687.85,-1
2024-07-04,2024-07-04 11:04:00,431.98,431.98,431.98,431.98,0.0,108.22,46687.85,0
2024-07-04,2024-07-04 11:05:00,431.98,431.98,431.98,431.98,0.0,108.22,46687.85,0
2024-07-04,2024-07-04 11:06:00,431.98,431.98,431.97,431.97,-0.0,108.22,46687.85,-1
2024-07-04,2024-07-04 11:07:00,431.97,431.97,431.97,431.97,0.0,108.22,46687.85,0
2024-07-04,2024-07-04 11:08:00,431.97,431.97,431.96,431.96,-0.0,108.22,46687.85,-1
2024-07-04,2024-07-04 11:09:00,431.96,431.96,431.96,431.96,0.0,108.22,46687.85,0
2024-07-04,2024-07-04 11:10:00,431.96,431.96,431.95,431.95,-0.0,108.22,46687.85,-1
2024-07-04,2024-07-04 11:11:00,431.95,431.95,431.95,431.95,0.0,108.22,46687.85,0
2024-07-04,2024-07-04 11:12:00,431.95,431.95,431.95,431.95,0.0,108.22,46687.85,0
2024-07-04,2024-07-04 11:13:00,431.95,431.95,431.94,431.94,-0.0,108.22,46687.85,-1
2024-07-04,2024-07-04 11:14:00,431.94,431.94,431.94,431.94,0.0,108.22,46687.85,0
2024-07-04,2024-07-04 11:15:00,431.94,431.94,431.93,431.93,-0.0,108.22,46687.85,-1
2024-07-04,2024-07-04 11:16:00,431.93,431.93,431.93,431.93,0.0,108.22,46687.85,0
2024-07-04,2024-07-04 11:17:00,431.93,431.93,431.93,431.93,0.0,108.22,46687.85,0
2024-07-04,2024-07-04 11:18:00,431.93,431.93,431.92,431.92,-0.0,108.22,46687.85,-1
2024-07-04,2024-07-04 11:19:00,431.92,431.92,431.92,431.92,0.0,108.22,46687.85,0
2024-07-04,2024-07-04 11:20:00,431.92,431.92,431.91,431.91,-0.0,108.22,46687.85,-1
2024-07-04,2024-07-04 11:21:00,431.91,431.91,431.91,431.91,0.0,108.22,46687.85,0
2024-07-04,2024-07-04 11:22:00,431.91,431.91,431.9,431.9,-0.0,108.22,46687.85,-1
2024-07-04,2024-07-04 11:23:00,431.9,431.9,431.9,431.9,0.0,108.22,46687.85,0
2024-07-04,2024-07-04 11:24:00,431.9,431.9,431.9,431.9,0.0,108.22,46687.85,0
2024-07-04,2024-07-04 11:25:00,431.9,431.9,431.89,431.89,-0.0,108.22,46687.85,-1
2024-07-04,2024-07-04 11:26:00,431.89,431.89,431.89,431.89,0.0,108.22,46687.85,0
2024-07-04,2024-07-04 11:27:00,431.89,431.89,431.88,431.88,-0.0,108.22,46687.85,-1
2024-07-04,2024-07-04 11:28:00,431.88,431.88,431.88,431.88,0.0,108.22,46687.85,0
2024-07-04,2024-07-04 11:29:00,431.88,431.88,431.88,431.88,0.0,108.22,46687.85,0
2024-07-04,2024-07-04 11:30:00,431.88,431.88,431.87,431.87,-0.0,108.22,46687.85,-1
2024-07-04,2024-07-04 11:31:00,431.87,431.87,431.87,431.87,0.0,108.22,46687.85,0
2024-07-04,2024-07-04 11:32:00,431.87,431.87,431.86,431.86,-0.0,108.22,46687.85,-1
2024-07-04,2024-07-04 11:33:00,431.86,431.86,431.86,431.86,0.0,108.22,46687.85,0
2024-07-04,2024-07-04 11:34:00,431.86,431.86,431.85,431.85,-0.0,108.22,46687.85,-1
2024-07-04,2024-07-04 11:35:00,431.85,431.85,431.85,431.85,0.0,108.22,46687.85,0
2024-07-04,2024-07-04 11:36:00,431.85,431.85,431.85,431.85,0.0,108.22,46687.85,0
2024-07-04,2024-07-04 11:37:00,431.85,431.85,431.84,431.84,-0.0,108.22,46687.85,-1
2024-07-04,2024-07-04 11:38:00,431.84,431.84,431.84,431.84,0.0,108.22,46687.85,0
2024-07-04,2024-07-04 11:39:00,431.84,431.84,431.83,431.83,-0.0,108.22,46687.85,-1
2024-07-04,2024-07-04 11:40:00,431.83,431.83,431.83,431.83,0.0,108.22,46687.85,0
2024-07-04,2024-07-04 11:41:00,431.83,431.83,431.82,431.82,-0.0,108.22,46687.85,-1
2024-07-04,2024-07-04 11:42:00,431.82,431.82,431.82,431.82,0.0,108.22,46687.85,0
2024-07-04,2024-07-04 11:43:00,431.82,431.82,431.82,431.82,0.0,108.22,46687.85,0
2024-07-04,2024-07-04 11:44:00,431.82,431.82,431.81,431.81,-0.0,108.22,46687.85,-1
2024-07-04,2024-07-04 11:45:00,431.81,431.81,431.81,431.81,0.0,108.22,46687.85,0
2024-07-04,2024-07-04 11:46:00,431.81,431.81,431.8,431.8,-0.0,108.22,46687.85,-1
2024-07-04,2024-07-04 11:47:00,431.8,431.8,431.8,431.8,0.0,108.22,46687.85,0
2024-07-04,2024-07-04 11:48:00,431.8,431.8,431.8,431.8,0.0,108.22,46687.85,0
2024-07-04,2024-07-04 11:49:00,431.8,431.8,431.79,431.79,-0.0,108.22,46687.85,-1
2024-07-04,2024-07-04 11:50:00,431.79,431.79,431.79,431.79,0.0,108.22,46687.85,0
2024-07-04,2024-07-04 11:51:00,431.79,431.79,431.78,431.78,-0.0,108.22,46687.85,-1
2024-07-04,2024-07-04 11:52:00,431.78,431.78,431.78,431.78,0.0,108.22,46687.85,0
2024-07-04,2024-07-04 11:53:00,431.78,431.78,431.77,431.77,-0.0,108.22,46687.85,-1
2024-07-04,2024-07-04 11:54:00,431.77,431.77,431.77,431.77,0.0,108.22,46687.85,0
2024-07-04,2024-07-04 11:55:00,431.77,431.77,431.77,431.77,0.0,108.22,46687.85,0
2024-07-04,2024-07-04 11:56:00,431.77,431.77,431.76,431.76,-0.0,108.22,46687.85,-1
2024-07-04,2024-07-04 11:57:00,431.76,431.76,431.76,431.76,0.0,108.22,46687.85,0
2024-07-04,2024-07-04 11:58:00,431.76,431.76,431.75,431.75,-0.0,108.22,46687.85,-1
2024-07-04,2024-07-04 11:59:00,431.75,431.75,431.75,431.75,0.0,108.22,46687.85,0
2024-07-04,2024-07-04 12:00:00,431.75,431.75,431.75,431.75,0.0,108.22,46687.85,0
2024-07-04,2024-07-04 12:01:00,431.75,431.75,431.74,431.74,-0.0,108.22,46687.85,-1
2024-07-04,2024-07-04 12:02:00,431.74,431.74,431.74,431.74,0.0,108.22,46687.85,0
2024-07-04,2024-07-04 12:03:00,431.74,431.74,431.73,431.73,-0.0,108.22,46687.85,-1
2024-07-04,2024-07-04 12:04:00,431.73,431.73,431.73,431.73,0.0,108.22,46687.85,0
2024-07-04,2024-07-04 12:05:00,431.73,431.73,431.73,431.73,0.0,108.22,46687.85,0
2024-07-04,2024-07-04 12:06:00,431.73,431.73,431.72,431.72,-0.0,108.22,46687.85,-1
2024-07-04,2024-07-04 12:07:00,431.72,431.72,431.72,431.72,0.0,108.22,46687.85,0
2024-07-04,2024-07-04 12:08:00,431.72,431.72,431.71,431.71,-0.0,108.22,46687.85,-1
2024-07-04,2024-07-04 12:09:00,431.71,431.71,431.71,431.71,0.0,108.22,46687.85,0
2024-07-04,2024-07-04 12:10:00,431.71,431.71,431.7,431.7,-0.0,108.22,46687.85,-1
2024-07-04,2024-07-04 12:11:00,431.7,431.7,431.7,431.7,0.0,108.22,46687.85,0
2024-07-04,2024-07-04 12:12:00,431.7,431.7,431.7,431.7,0.0,108.22,46687.85,0
2024-07-04,2024-07-04 12:13:00,431.7,431.7,431.69,431.69,-0.0,108.22,46687.85,-1
2024-07-04,2024-07-04 12:14:00,431.69,431.69,431.69,431.69,0.0,108.22,46687.85,0
2024-07-04,2024-07-04 12:15:00,431.69,431.69,431.68,431.68,-0.0,108.22,46687.85,-1
2024-07-04,2024-07-04 12:16:00,431.68,431.68,431.68,431.68,0.0,108.22,46687.85,0
2024-07-04,2024-07-04 12:17:00,431.68,431.68,431.68,431.68,0.0,108.22,46687.85,0
2024-07-04,2024-07-04 12:18:00,431.68,431.68,431.67,431.67,-0.0,108.22,46687.85,-1
2024-07-04,2024-07-04 12:19:00,431.67,431.67,431.67,431.67,0.0,108.22,46687.85,0
2024-07-04,2024-07-04 12:20:00,431.67,431.67,431.66,431.66,-0.0,108.22,46687.85,-1
2024-07-04,2024-07-04 12:21:00,431.66,431.66,431.66,431.66,0.0,108.22,46687.85,0
2024-07-04,2024-07-04 12:22:00,431.66,431.66,431.65,431.65,-0.0,108.22,46687.85,-1
2024-07-04,2024-07-04 12:23:00,431.65,431.65,431.65,431.65,0.0,108.22,46687.85,0
2024-07-04,2024-07-04 12:24:00,431.65,431.65,431.65,431.65,0.0,108.22,46687.85,0
2024-07-04,2024-07-04 12:25:00,431.65,431.65,431.64,431.64,-0.0,108.22,46687.85,-1
2024-07-04,2024-07-04 12:26:00,431.64,431.64,431.64,431.64,0.0,108.22,46687.85,0
2024-07-04,2024-07-04 12:27:00,431.64,431.64,431.63,431.63,-0.0,108.22,46687.85,-1
2024-07-04,2024-07-04 12:28:00,431.63,431.63,431.63,431.63,0.0,108.22,46687.85,0
2024-07-04,2024-07-04 12:29:00,431.63,431.63,431.62,431.62,-0.0,108.22,46687.85,-1
2024-07-04,2024-07-04 12:30:00,431.62,431.62,431.62,431.62,0.0,108.22,46687.85,0
2024-07-04,2024-07-04 12:31:00,431.62,431.62,431.62,431.62,0.0,108.22,46687.85,0
2024-07-04,2024-07-04 12:32:00,431.62,431.62,431.61,431.61,-0.0,108.22,46687.85,-1
2024-07-04,2024-07-04 12:33:00,431.61,431.61,431.61,431.61,0.0,108.22,46687.85,0
2024-07-04,2024-07-04 12:34:00,431.61,431.61,431.6,431.6,-0.0,108.22,46687.85,-1
2024-07-04,2024-07-04 12:35:00,431.6,431.6,431.6,431.6,0.0,108.22,46687.85,0
2024-07-04,2024-07-04 12:36:00,431.6,431.6,431.6,431.6,0.0,108.22,46687.85,0
2024-07-04,2024-07-04 12:37:00,431.6,431.6,431.59,431.59,-0.0,108.22,46687.85,-1
2024-07-04,2024-07-04 12:38:00,431.59,431.59,431.59,431.59,0.0,108.22,46687.85,0
2024-07-04,2024-07-04 12:39:00,431.59,431.59,431.58,431.58,-0.0,108.22,46687.85,-1
2024-07-04,2024-07-04 12:40:00,431.58,431.58,431.58,431.58,0.0,108.22,46687.85,0
2024-07-04,2024-07-04 12:41:00,431.58,431.58,431.57,431.57,-0.0,108.22,46687.85,-1
2024-07-04,2024-07-04 12:42:00,431.57,431.57,431.57,431.57,0.0,108.22,46687.85,0
2024-07-04,2024-07-04 12:43:00,431.57,431.57,431.57,431.57,0.0,108.22,46687.85,0
2024-07-04,2024-07-04 12:44:00,431.57,431.57,431.56,431.56,-0.0,108.22,46687.85,-1
2024-07-04,2024-07-04 12:45:00,431.56,431.56,431.56,431.56,0.0,108.22,46687.85,0
2024-07-04,2024-07-04 12:46:00,431.56,431.56,431.55,431.55,-0.0,108.22,46687.85,-1
2024-07-04,2024-07-04 12:47:00,431.55,431.55,431.55,431.55,0.0,108.22,46687.85,0
2024-07-04,2024-07-04 12:48:00,431.55,431.55,431.55,431.55,0.0,108.22,46687.85,0
2024-07-04,2024-07-04 12:49:00,431.55,431.55,431.54,431.54,-0.0,108.22,46687.85,-1
2024-07-04,2024-07-04 12:50:00,431.54,431.54,431.54,431.54,0.0,108.22,46687.85,0
2024-07-04,2024-07-04 12:51:00,431.54,431.54,431.53,431.53,-0.0,108.22,46687.85,-1
2024-07-04,2024-07-04 12:52:00,431.53,431.53,431.53,431.53,0.0,108.22,46687.85,0
2024-07-04,2024-07-04 12:53:00,431.53,431.53,431.52,431.52,-0.0,108.22,46687.85,-1
2024-07-04,2024-07-04 12:54:00,431.52,431.52,431.52,431.52,0.0,108.22,46687.85,0
2024-07-04,2024-07-04 12:55:00,431.52,431.52,431.52,431.52,0.0,108.22,46687.85,0
2024-07-04,2024-07-04 12:56:00,431.52,431.52,431.51,431.51,-0.0,108.22,46687.85,-1
2024-07-04,2024-07-04 12:57:00,431.51,431.51,431.51,431.51,0.0,108.22,46687.85,0
2024-07-04,2024-07-04 12:58:00,431.51,431.51,431.5,431.5,-0.0,108.22,46687.85,-1
2024-07-04,2024-07-04 12:59:00,431.5,431.5,431.5,431.5,0.0,108.22,46687.85,0
2024-07-04,2024-07-04 13:00:00,431.5,440.0,427.0,431.5,0.0,108.22,46687.85,0
2024-07-04,2024-07-04 13:01:00,431.5,431.5,431.49,431.49,-0.0,108.22,46687.85,-1
2024-07-04,2024-07-04 13:02:00,431.49,431.49,431.49,431.49,0.0,108.22,46687.85,0
2024-07-04,2024-07-04 13:03:00,431.49,431.49,431.48,431.48,-0.0,108.22,46687.85,-1
2024-07-04,2024-07-04 13:04:00,431.48,431.48,431.48,431.48,0.0,108.22,46687.85,0
2024-07-04,2024-07-04 13:05:00,431.48,431.48,431.48,431.48,0.0,108.22,46687.85,0
2024-07-04,2024-07-04 13:06:00,431.48,431.48,431.47,431.47,-0.0,108.22,46687.85,-1
2024-07-04,2024-07-04 13:07:00,431.47,431.47,431.47,431.47,0.0,108.22,46687.85,0
2024-07-04,2024-07-04 13:08:00,431.47,431.47,431.46,431.46,-0.0,108.22,46687.85,-1
2024-07-04,2024-07-04 13:09:00,431.46,431.46,431.46,431.46,0.0,108.22,46687.85,0
2024-07-04,2024-07-04 13:10:00,431.46,431.46,431.45,431.45,-0.0,108.22,46687.85,-1
2024-07-04,2024-07-04 13:11:00,431.45,431.45,431.45,431.45,0.0,108.22,46687.85,0
2024-07-04,2024-07-04 13:12:00,431.45,431.45,431.45,431.45,0.0,108.22,46687.85,0
2024-07-04,2024-07-04 13:13:00,431.45,431.45,431.44,431.44,-0.0,108.22,46687.85,-1
2024-07-04,2024-07-04 13:14:00,431.44,431.44,431.44,431.44,0.0,108.22,46687.85,0
2024-07-04,2024-07-04 13:15:00,431.44,431.44,431.43,431.43,-0.0,108.22,46687.85,-1
2024-07-04,2024-07-04 13:16:00,431.43,431.43,431.43,431.43,0.0,108.22,46687.85,0
2024-07-04,2024-07-04 13:17:00,431.43,431.43,431.43,431.43,0.0,108.22,46687.85,0
2024-07-04,2024-07-04 13:18:00,431.43,431.43,431.42,431.42,-0.0,108.22,46687.85,-1
2024-07-04,2024-07-04 13:19:00,431.42,431.42,431.42,431.42,0.0,108.22,46687.85,0
2024-07-04,2024-07-04 13:20:00,431.42,431.42,431.41,431.41,-0.0,108.22,46687.85,-1
2024-07-04,2024-07-04 13:21:00,431.41,431.41,431.41,431.41,0.0,108.22,46687.85,0
2024-07-04,2024-07-04 13:22:00,431.41,431.41,431.4,431.4,-0.0,108.22,46687.85,-1
2024-07-04,2024-07-04 13:23:00,431.4,431.4,431.4,431.4,0.0,108.22,46687.85,0
2024-07-04,2024-07-04 13:24:00,431.4,431.4,431.4,431.4,0.0,108.22,46687.85,0
2024-07-04,2024-07-04 13:25:00,431.4,431.4,431.39,431.39,-0.0,108.22,46687.85,-1
2024-07-04,2024-07-04 13:26:00,431.39,431.39,431.39,431.39,0.0,108.22,46687.85,0
2024-07-04,2024-07-04 13:27:00,431.39,431.39,431.38,431.38,-0.0,108.22,46687.85,-1
2024-07-04,2024-07-04 13:28:00,431.38,431.38,431.38,431.38,0.0,108.22,46687.85,0
2024-07-04,2024-07-04 13:29:00,431.38,431.38,431.38,431.38,0.0,108.22,46687.85,0
2024-07-04,2024-07-04 13:30:00,431.38,431.38,431.37,431.37,-0.0,108.22,46687.85,-1
2024-07-04,2024-07-04 13:31:00,431.37,431.37,431.37,431.37,0.0,108.22,46687.85,0
2024-07-04,2024-07-04 13:32:00,431.37,431.37,431.36,431.36,-0.0,108.22,46687.85,-1
2024-07-04,2024-07-04 13:33:00,431.36,431.36,431.36,431.36,0.0,108.22,46687.85,0
2024-07-04,2024-07-04 13:34:00,431.36,431.36,431.35,431.35,-0.0,108.22,46687.85,-1
2024-07-04,2024-07-04 13:35:00,431.35,431.35,431.35,431.35,0.0,108.22,46687.85,0
2024-07-04,2024-07-04 13:36:00,431.35,431.35,431.35,431.35,0.0,108.22,46687.85,0
2024-07-04,2024-07-04 13:37:00,431.35,431.35,431.34,431.34,-0.0,108.22,46687.85,-1
2024-07-04,2024-07-04 13:38:00,431.34,431.34,431.34,431.34,0.0,108.22,46687.85,0
2024-07-04,2024-07-04 13:39:00,431.34,431.34,431.33,431.33,-0.0,108.22,46687.85,-1
2024-07-04,2024-07-04 13:40:00,431.33,431.33,431.33,431.33,0.0,108.22,46687.85,0
2024-07-04,2024-07-04 13:41:00,431.33,431.33,431.32,431.32,-0.0,108.22,46687.85,-1
2024-07-04,2024-07-04 13:42:00,431.32,431.32,431.32,431.32,0.0,108.22,46687.85,0
2024-07-04,2024-07-04 13:43:00,431.32,431.32,431.32,431.32,0.0,108.22,46687.85,0
2024-07-04,2024-07-04 13:44:00,431.32,431.32,431.31,431.31,-0.0,108.22,46687.85,-1
2024-07-04,2024-07-04 13:45:00,431.31,431.31,431.31,431.31,0.0,108.22,46687.85,0
2024-07-04,2024-07-04 13:46:00,431.31,431.31,431.3,431.3,-0.0,108.22,46687.85,-1
2024-07-04,2024-07-04 13:47:00,431.3,431.3,431.3,431.3,0.0,108.22,46687.85,0
2024-07-04,2024-07-04 13:48:00,431.3,431.3,431.3,431.3,0.0,108.22,46687.85,0
2024-07-04,2024-07-04 13:49:00,431.3,431.3,431.29,431.29,-0.0,108.22,46687.85,-1
2024-07-04,2024-07-04 13:50:00,431.29,431.29,431.29,431.29,0.0,108.22,46687.85,0
2024-07-04,2024-07-04 13:51:00,431.29,431.29,431.28,431.28,-0.0,108.22,46687.85,-1
2024-07-04,2024-07-04 13:52:00,431.28,431.28,431.28,431.28,0.0,108.22,46687.85,0
2024-07-04,2024-07-04 13:53:00,431.28,431.28,431.27,431.27,-0.0,108.22,46687.85,-1
2024-07-04,2024-07-04 13:54:00,431.27,431.27,431.27,431.27,0.0,108.22,46687.85,0
2024-07-04,2024-07-04 13:55:00,431.27,431.27,431.27,431.27,0.0,108.22,46687.85,0
2024-07-04,2024-07-04 13:56:00,431.27,431.27,431.26,431.26,-0.0,108.22,46687.85,-1
2024-07-04,2024-07-04 13:57:00,431.26,431.26,431.26,431.26,0.0,108.22,46687.85,0
2024-07-04,2024-07-04 13:58:00,431.26,431.26,431.25,431.25,-0.0,108.22,46687.85,-1
2024-07-04,2024-07-04 13:59:00,431.25,431.25,431.25,431.25,0.0,108.22,46687.85,0
2024-07-04,2024-07-04 14:00:00,431.25,431.25,431.25,431.25,0.0,108.22,46687.85,0
2024-07-04,2024-07-04 14:01:00,431.25,431.25,431.24,431.24,-0.0,108.22,46687.85,-1
2024-07-04,2024-07-04 14:02:00,431.24,431.24,431.24,431.24,0.0,108.22,46687.85,0
2024-07-04,2024-07-04 14:03:00,431.24,431.24,431.23,431.23,-0.0,108.22,46687.85,-1
2024-07-04,2024-07-04 14:04:00,431.23,431.23,431.23,431.23,0.0,108.22,46687.85,0
2024-07-04,2024-07-04 14:05:00,431.23,431.23,431.23,431.23,0.0,108.22,46687.85,0
2024-07-04,2024-07-04 14:06:00,431.23,431.23,431.22,431.22,-0.0,108.22,46687.85,-1
2024-07-04,2024-07-04 14:07:00,431.22,431.22,431.22,431.22,0.0,108.22,46687.85,0
2024-07-04,2024-07-04 14:08:00,431.22,431.22,431.21,431.21,-0.0,108.22,46687.85,-1
2024-07-04,2024-07-04 14:09:00,431.21,431.21,431.21,431.21,0.0,108.22,46687.85,0
2024-07-04,2024-07-04 14:10:00,431.21,431.21,431.2,431.2,-0.0,108.22,46687.85,-1
2024-07-04,2024-07-04 14:11:00,431.2,431.2,431.2,431.2,0.0,108.22,46687.85,0
2024-07-04,2024-07-04 14:12:00,431.2,431.2,431.2,431.2,0.0,108.22,46687.85,0
2024-07-04,2024-07-04 14:13:00,431.2,431.2,431.19,431.19,-0.0,108.22,46687.85,-1
2024-07-04,2024-07-04 14:14:00,431.19,431.19,431.19,431.19,0.0,108.22,46687.85,0
2024-07-04,2024-07-04 14:15:00,431.19,431.19,431.18,431.18,-0.0,108.22,46687.85,-1
2024-07-04,2024-07-04 14:16:00,431.18,431.18,431.18,431.18,0.0,108.22,46687.85,0
2024-07-04,2024-07-04 14:17:00,431.18,431.18,431.18,431.18,0.0,108.22,46687.85,0
2024-07-04,2024-07-04 14:18:00,431.18,431.18,431.17,431.17,-0.0,108.22,46687.85,-1
2024-07-04,2024-07-04 14:19:00,431.17,431.17,431.17,431.17,0.0,108.22,46687.85,0
2024-07-04,2024-07-04 14:20:00,431.17,431.17,431.16,431.16,-0.0,108.22,46687.85,-1
2024-07-04,2024-07-04 14:21:00,431.16,431.16,431.16,431.16,0.0,108.22,46687.85,0
2024-07-04,2024-07-04 14:22:00,431.16,431.16,431.15,431.15,-0.0,108.22,46687.85,-1
2024-07-04,2024-07-04 14:23:00,431.15,431.15,431.15,431.15,0.0,108.22,46687.85,0
2024-07-04,2024-07-04 14:24:00,431.15,431.15,431.15,431.15,0.0,108.22,46687.85,0
2024-07-04,2024-07-04 14:25:00,431.15,431.15,431.14,431.14,-0.0,108.22,46687.85,-1
2024-07-04,2024-07-04 14:26:00,431.14,431.14,431.14,431.14,0.0,108.22,46687.85,0
2024-07-04,2024-07-04 14:27:00,431.14,431.14,431.13,431.13,-0.0,108.22,46687.85,-1
2024-07-04,2024-07-04 14:28:00,431.13,431.13,431.13,431.13,0.0,108.22,46687.85,0
2024-07-04,2024-07-04 14:29:00,431.13,431.13,431.12,431.12,-0.0,108.22,46687.85,-1
2024-07-04,2024-07-04 14:30:00,431.12,431.12,431.12,431.12,0.0,108.22,46687.85,0
2024-07-04,2024-07-04 14:31:00,431.12,431.12,431.12,431.12,0.0,108.22,46687.85,0
2024-07-04,2024-07-04 14:32:00,431.12,431.12,431.11,431.11,-0.0,108.22,46687.85,-1
2024-07-04,2024-07-04 14:33:00,431.11,431.11,431.11,431.11,0.0,108.22,46687.85,0
2024-07-04,2024-07-04 14:34:00,431.11,431.11,431.1,431.1,-0.0,108.22,46687.85,-1
2024-07-04,2024-07-04 14:35:00,431.1,431.1,431.1,431.1,0.0,108.22,46687.85,0
2024-07-04,2024-07-04 14:36:00,431.1,431.1,431.1,431.1,0.0,108.22,46687.85,0
2024-07-04,2024-07-04 14:37:00,431.1,431.1,431.09,431.09,-0.0,108.22,46687.85,-1
2024-07-04,2024-07-04 14:38:00,431.09,431.09,431.09,431.09,0.0,108.22,46687.85,0
2024-07-04,2024-07-04 14:39:00,431.09,431.09,431.08,431.08,-0.0,108.22,46687.85,-1
2024-07-04,2024-07-04 14:40:00,431.08,431.08,431.08,431.08,0.0,108.22,46687.85,0
2024-07-04,2024-07-04 14:41:00,431.08,431.08,431.07,431.07,-0.0,108.22,46687.85,-1
2024-07-04,2024-07-04 14:42:00,431.07,431.07,431.07,431.07,0.0,108.22,46687.85,0
2024-07-04,2024-07-04 14:43:00,431.07,431.07,431.07,431.07,0.0,108.22,46687.85,0
2024-07-04,2024-07-04 14:44:00,431.07,431.07,431.06,431.06,-0.0,108.22,46687.85,-1
2024-07-04,2024-07-04 14:45:00,431.06,431.06,431.06,431.06,0.0,108.22,46687.85,0
2024-07-04,2024-07-04 14:46:00,431.06,431.06,431.05,431.05,-0.0,108.22,46687.85,-1
2024-07-04,2024-07-04 14:47:00,431.05,431.05,431.05,431.05,0.0,108.22,46687.85,0
2024-07-04,2024-07-04 14:48:00,431.05,431.05,431.05,431.05,0.0,108.22,46687.85,0
2024-07-04,2024-07-04 14:49:00,431.05,431.05,431.04,431.04,-0.0,108.22,46687.85,-1
2024-07-04,2024-07-04 14:50:00,431.04,431.04,431.04,431.04,0.0,108.22,46687.85,0
2024-07-04,2024-07-04 14:51:00,431.04,431.04,431.03,431.03,-0.0,108.22,46687.85,-1
2024-07-04,2024-07-04 14:52:00,431.03,431.03,431.03,431.03,0.0,108.22,46687.85,0
2024-07-04,2024-07-04 14:53:00,431.03,431.03,431.02,431.02,-0.0,108.22,46687.85,-1
2024-07-04,2024-07-04 14:54:00,431.02,431.02,431.02,431.02,0.0,108.22,46687.85,0
2024-07-04,2024-07-04 14:55:00,431.02,431.02,431.02,431.02,0.0,108.22,46687.85,0
2024-07-04,2024-07-04 14:56:00,431.02,431.02,431.01,431.01,-0.0,108.22,46687.85,-1
2024-07-04,2024-07-04 14:57:00,431.01,431.01,431.01,431.01,0.0,108.22,46687.85,0
2024-07-04,2024-07-04 14:58:00,431.01,431.01,431.0,431.0,-0.0,108.22,46687.85,-1
2024-07-04,2024-07-04 14:59:00,431.0,431.0,431.0,431.0,0.0,108.22,46687.85,0
2024-07-04,2024-07-04 15:00:00,431.0,440.0,427.0,431.0,0.0,108.22,46687.85,0
2024-07-07,2024-07-07 11:00:00,426.0,428.1,425.73,426.0,0.0,74.55,31997.78,0
2024-07-07,2024-07-07 11:01:00,426.0,426.0,426.0,426.0,0.0,74.55,31997.78,0
2024-07-07,2024-07-07 11:02:00,426.0,426.0,426.0,426.0,0.0,74.55,31997.78,0
2024-07-07,2024-07-07 11:03:00,426.0,426.0,426.0,426.0,0.0,74.55,31997.78,0
2024-07-07,2024-07-07 11:04:00,426.0,426.0,426.0,426.0,0.0,74.55,31997.78,0
2024-07-07,2024-07-07 11:05:00,426.0,426.0,426.0,426.0,0.0,74.55,31997.78,0
2024-07-07,2024-07-07 11:06:00,426.0,426.0,426.0,426.0,0.0,74.55,31997.78,0
2024-07-07,2024-07-07 11:07:00,426.0,426.0,426.0,426.0,0.0,74.55,31997.78,0
2024-07-07,2024-07-07 11:08:00,426.0,426.0,426.0,426.0,0.0,74.55,31997.78,0
2024-07-07,2024-07-07 11:09:00,426.0,426.0,426.0,426.0,0.0,74.55,31997.78,0
2024-07-07,2024-07-07 11:10:00,426.0,426.0,426.0,426.0,0.0,74.55,31997.78,0
2024-07-07,2024-07-07 11:11:00,426.0,426.0,426.0,426.0,0.0,74.55,31997.78,0
2024-07-07,2024-07-07 11:12:00,426.0,426.0,426.0,426.0,0.0,74.55,31997.78,0
2024-07-07,2024-07-07 11:13:00,426.0,426.0,426.0,426.0,0.0,74.55,31997.78,0
2024-07-07,2024-07-07 11:14:00,426.0,426.0,426.0,426.0,0.0,74.55,31997.78,0
2024-07-07,2024-07-07 11:15:00,426.0,426.0,426.0,426.0,0.0,74.55,31997.78,0
2024-07-07,2024-07-07 11:16:00,426.0,426.0,426.0,426.0,0.0,74.55,31997.78,0
2024-07-07,2024-07-07 11:17:00,426.0,426.0,426.0,426.0,0.0,74.55,31997.78,0
2024-07-07,2024-07-07 11:18:00,426.0,426.0,426.0,426.0,0.0,74.55,31997.78,0
2024-07-07,2024-07-07 11:19:00,426.0,426.0,426.0,426.0,0.0,74.55,31997.78,0
2024-07-07,2024-07-07 11:20:00,426.0,426.0,426.0,426.0,0.0,74.55,31997.78,0
2024-07-07,2024-07-07 11:21:00,426.0,426.0,426.0,426.0,0.0,74.55,31997.78,0
2024-07-07,2024-07-07 11:22:00,426.0,426.0,426.0,426.0,0.0,74.55,31997.78,0
2024-07-07,2024-07-07 11:23:00,426.0,426.0,426.0,426.0,0.0,74.55,31997.78,0
2024-07-07,2024-07-07 11:24:00,426.0,426.0,426.0,426.0,0.0,74.55,31997.78,0
2024-07-07,2024-07-07 11:25:00,426.0,426.0,426.0,426.0,0.0,74.55,31997.78,0
2024-07-07,2024-07-07 11:26:00,426.0,426.0,426.0,426.0,0.0,74.55,31997.78,0
2024-07-07,2024-07-07 11:27:00,426.0,426.0,426.0,426.0,0.0,74.55,31997.78,0
2024-07-07,2024-07-07 11:28:00,426.0,426.0,426.0,426.0,0.0,74.55,31997.78,0
2024-07-07,2024-07-07 11:29:00,426.0,426.0,426.0,426.0,0.0,74.55,31997.78,0
2024-07-07,2024-07-07 11:30:00,426.0,426.0,426.0,426.0,0.0,74.55,31997.78,0
2024-07-07,2024-07-07 11:31:00,426.0,426.0,426.0,426.0,0.0,74.55,31997.78,0
2024-07-07,2024-07-07 11:32:00,426.0,426.0,426.0,426.0,0.0,74.55,31997.78,0
2024-07-07,2024-07-07 11:33:00,426.0,426.0,426.0,426.0,0.0,74.55,31997.78,0
2024-07-07,2024-07-07 11:34:00,426.0,426.0,426.0,426.0,0.0,74.55,31997.78,0
2024-07-07,2024-07-07 11:35:00,426.0,426.0,426.0,426.0,0.0,74.55,31997.78,0
2024-07-07,2024-07-07 11:36:00,426.0,426.0,426.0,426.0,0.0,74.55,31997.78,0
2024-07-07,2024-07-07 11:37:00,426.0,426.0,426.0,426.0,0.0,74.55,31997.78,0
2024-07-07,2024-07-07 11:38:00,426.0,426.0,426.0,426.0,0.0,74.55,31997.78,0
2024-07-07,2024-07-07 11:39:00,426.0,426.0,426.0,426.0,0.0,74.55,31997.78,0
2024-07-07,2024-07-07 11:40:00,426.0,426.0,426.0,426.0,0.0,74.55,31997.78,0
2024-07-07,2024-07-07 11:41:00,426.0,426.0,426.0,426.0,0.0,74.55,31997.78,0
2024-07-07,2024-07-07 11:42:00,426.0,426.0,426.0,426.0,0.0,74.55,31997.78,0
2024-07-07,2024-07-07 11:43:00,426.0,426.0,426.0,426.0,0.0,74.55,31997.78,0
2024-07-07,2024-07-07 11:44:00,426.0,426.0,426.0,426.0,0.0,74.55,31997.78,0
2024-07-07,2024-07-07 11:45:00,426.0,426.0,426.0,426.0,0.0,74.55,31997.78,0
2024-07-07,2024-07-07 11:46:00,426.0,426.0,426.0,426.0,0.0,74.55,31997.78,0
2024-07-07,2024-07-07 11:47:00,426.0,426.0,426.0,426.0,0.0,74.55,31997.78,0
2024-07-07,2024-07-07 11:48:00,426.0,426.0,426.0,426.0,0.0,74.55,31997.78,0
2024-07-07,2024-07-07 11:49:00,426.0,426.0,426.0,426.0,0.0,74.55,31997.78,0
2024-07-07,2024-07-07 11:50:00,426.0,426.0,426.0,426.0,0.0,74.55,31997.78,0
2024-07-07,2024-07-07 11:51:00,426.0,426.0,426.0,426.0,0.0,74.55,31997.78,0
2024-07-07,2024-07-07 11:52:00,426.0,426.0,426.0,426.0,0.0,74.55,31997.78,0
2024-07-07,2024-07-07 11:53:00,426.0,426.0,426.0,426.0,0.0,74.55,31997.78,0
2024-07-07,2024-07-07 11:54:00,426.0,426.0,426.0,426.0,0.0,74.55,31997.78,0
2024-07-07,2024-07-07 11:55:00,426.0,426.0,426.0,426.0,0.0,74.55,31997.78,0
2024-07-07,2024-07-07 11:56:00,426.0,426.0,426.0,426.0,0.0,74.55,31997.78,0
2024-07-07,2024-07-07 11:57:00,426.0,426.0,426.0,426.0,0.0,74.55,31997.78,0
2024-07-07,2024-07-07 11:58:00,426.0,426.0,426.0,426.0,0.0,74.55,31997.78,0
2024-07-07,2024-07-07 11:59:00,426.0,426.0,426.0,426.0,0.0,74.55,31997.78,0
2024-07-07,2024-07-07 12:00:00,426.0,426.0,426.0,426.0,0.0,74.55,31997.78,0
2024-07-07,2024-07-07 12:01:00,426.0,426.0,426.0,426.0,0.0,74.55,31997.78,0
2024-07-07,2024-07-07 12:02:00,426.0,426.0,426.0,426.0,0.0,74.55,31997.78,0
2024-07-07,2024-07-07 12:03:00,426.0,426.0,426.0,426.0,0.0,74.55,31997.78,0
2024-07-07,2024-07-07 12:04:00,426.0,426.0,426.0,426.0,0.0,74.55,31997.78,0
2024-07-07,2024-07-07 12:05:00,426.0,426.0,426.0,426.0,0.0,74.55,31997.78,0
2024-07-07,2024-07-07 12:06:00,426.0,426.0,426.0,426.0,0.0,74.55,31997.78,0
2024-07-07,2024-07-07 12:07:00,426.0,426.0,426.0,426.0,0.0,74.55,31997.78,0
2024-07-07,2024-07-07 12:08:00,426.0,426.0,426.0,426.0,0.0,74.55,31997.78,0
2024-07-07,2024-07-07 12:09:00,426.0,426.0,426.0,426.0,0.0,74.55,31997.78,0
2024-07-07,2024-07-07 12:10:00,426.0,426.0,426.0,426.0,0.0,74.55,31997.78,0
2024-07-07,2024-07-07 12:11:00,426.0,426.0,426.0,426.0,0.0,74.55,31997.78,0
2024-07-07,2024-07-07 12:12:00,426.0,426.0,426.0,426.0,0.0,74.55,31997.78,0
2024-07-07,2024-07-07 12:13:00,426.0,426.0,426.0,426.0,0.0,74.55,31997.78,0
2024-07-07,2024-07-07 12:14:00,426.0,426.0,426.0,426.0,0.0,74.55,31997.78,0
2024-07-07,2024-07-07 12:15:00,426.0,426.0,426.0,426.0,0.0,74.55,31997.78,0
2024-07-07,2024-07-07 12:16:00,426.0,426.0,426.0,426.0,0.0,74.55,31997.78,0
2024-07-07,2024-07-07 12:17:00,426.0,426.0,426.0,426.0,0.0,74.55,31997.78,0
2024-07-07,2024-07-07 12:18:00,426.0,426.0,426.0,426.0,0.0,74.55,31997.78,0
2024-07-07,2024-07-07 12:19:00,426.0,426.0,426.0,426.0,0.0,74.55,31997.78,0
2024-07-07,2024-07-07 12:20:00,426.0,426.0,426.0,426.0,0.0,74.55,31997.78,0
2024-07-07,2024-07-07 12:21:00,426.0,426.0,426.0,426.0,0.0,74.55,31997.78,0
2024-07-07,2024-07-07 12:22:00,426.0,426.0,426.0,426.0,0.0,74.55,31997.78,0
2024-07-07,2024-07-07 12:23:00,426.0,426.0,426.0,426.0,0.0,74.55,31997.78,0
2024-07-07,2024-07-07 12:24:00,426.0,426.0,426.0,426.0,0.0,74.55,31997.78,0
2024-07-07,2024-07-07 12:25:00,426.0,426.0,426.0,426.0,0.0,74.55,31997.78,0
2024-07-07,2024-07-07 12:26:00,426.0,426.0,426.0,426.0,0.0,74.55,31997.78,0
2024-07-07,2024-07-07 12:27:00,426.0,426.0,426.0,426.0,0.0,74.55,31997.78,0
2024-07-07,2024-07-07 12:28:00,426.0,426.0,426.0,426.0,0.0,74.55,31997.78,0
2024-07-07,2024-07-07 12:29:00,426.0,426.0,426.0,426.0,0.0,74.55,31997.78,0
2024-07-07,2024-07-07 12:30:00,426.0,426.0,426.0,426.0,0.0,74.55,31997.78,0
2024-07-07,2024-07-07 12:31:00,426.0,426.0,426.0,426.0,0.0,74.55,31997.78,0
2024-07-07,2024-07-07 12:32:00,426.0,426.0,426.0,426.0,0.0,74.55,31997.78,0
2024-07-07,2024-07-07 12:33:00,426.0,426.0,426.0,426.0,0.0,74.55,31997.78,0
2024-07-07,2024-07-07 12:34:00,426.0,426.0,426.0,426.0,0.0,74.55,31997.78,0
2024-07-07,2024-07-07 12:35:00,426.0,426.0,426.0,426.0,0.0,74.55,31997.78,0
2024-07-07,2024-07-07 12:36:00,426.0,426.0,426.0,426.0,0.0,74.55,31997.78,0
2024-07-07,2024-07-07 12:37:00,426.0,426.0,426.0,426.0,0.0,74.55,31997.78,0
2024-07-07,2024-07-07 12:38:00,426.0,426.0,426.0,426.0,0.0,74.55,31997.78,0
2024-07-07,2024-07-07 12:39:00,426.0,426.0,426.0,426.0,0.0,74.55,31997.78,0
2024-07-07,2024-07-07 12:40:00,426.0,426.0,426.0,426.0,0.0,74.55,31997.78,0
2024-07-07,2024-07-07 12:41:00,426.0,426.0,426.0,426.0,0.0,74.55,31997.78,0
2024-07-07,2024-07-07 12:42:00,426.0,426.0,426.0,426.0,0.0,74.55,31997.78,0
2024-07-07,2024-07-07 12:43:00,426.0,426.0,426.0,426.0,0.0,74.55,31997.78,0
2024-07-07,2024-07-07 12:44:00,426.0,426.0,426.0,426.0,0.0,74.55,31997.78,0
2024-07-07,2024-07-07 12:45:00,426.0,426.0,426.0,426.0,0.0,74.55,31997.78,0
2024-07-07,2024-07-07 12:46:00,426.0,426.0,426.0,426.0,0.0,74.55,31997.78,0
2024-07-07,2024-07-07 12:47:00,426.0,426.0,426.0,426.0,0.0,74.55,31997.78,0
2024-07-07,2024-07-07 12:48:00,426.0,426.0,426.0,426.0,0.0,74.55,31997.78,0
2024-07-07,2024-07-07 12:49:00,426.0,426.0,426.0,426.0,0.0,74.55,31997.78,0
2024-07-07,2024-07-07 12:50:00,426.0,426.0,426.0,426.0,0.0,74.55,31997.78,0
2024-07-07,2024-07-07 12:51:00,426.0,426.0,426.0,426.0,0.0,74.55,31997.78,0
2024-07-07,2024-07-07 12:52:00,426.0,426.0,426.0,426.0,0.0,74.55,31997.78,0
2024-07-07,2024-07-07 12:53:00,426.0,426.0,426.0,426.0,0.0,74.55,31997.78,0
2024-07-07,2024-07-07 12:54:00,426.0,426.0,426.0,426.0,0.0,74.55,31997.78,0
2024-07-07,2024-07-07 12:55:00,426.0,426.0,426.0,426.0,0.0,74.55,31997.78,0
2024-07-07,2024-07-07 12:56:00,426.0,426.0,426.0,426.0,0.0,74.55,31997.78,0
2024-07-07,2024-07-07 12:57:00,426.0,426.0,426.0,426.0,0.0,74.55,31997.78,0
2024-07-07,2024-07-07 12:58:00,426.0,426.0,426.0,426.0,0.0,74.55,31997.78,0
2024-07-07,2024-07-07 12:59:00,426.0,426.0,426.0,426.0,0.0,74.55,31997.78,0
2024-07-07,2024-07-07 13:00:00,426.0,433.0,425.1,426.0,0.0,74.55,31997.78,0
2024-07-07,2024-07-07 13:01:00,426.0,426.0,426.0,426.0,0.0,74.55,31997.78,0
2024-07-07,2024-07-07 13:02:00,426.0,426.0,426.0,426.0,0.0,74.55,31997.78,0
2024-07-07,2024-07-07 13:03:00,426.0,426.0,426.0,426.0,0.0,74.55,31997.78,0
2024-07-07,2024-07-07 13:04:00,426.0,426.0,426.0,426.0,0.0,74.55,31997.78,0
2024-07-07,2024-07-07 13:05:00,426.0,426.0,426.0,426.0,0.0,74.55,31997.78,0
2024-07-07,2024-07-07 13:06:00,426.0,426.0,426.0,426.0,0.0,74.55,31997.78,0
2024-07-07,2024-07-07 13:07:00,426.0,426.0,426.0,426.0,0.0,74.55,31997.78,0
2024-07-07,2024-07-07 13:08:00,426.0,426.0,426.0,426.0,0.0,74.55,31997.78,0
2024-07-07,2024-07-07 13:09:00,426.0,426.0,426.0,426.0,0.0,74.55,31997.78,0
2024-07-07,2024-07-07 13:10:00,426.0,426.0,426.0,426.0,0.0,74.55,31997.78,0
2024-07-07,2024-07-07 13:11:00,426.0,426.0,426.0,426.0,0.0,74.55,31997.78,0
2024-07-07,2024-07-07 13:12:00,426.0,426.0,426.0,426.0,0.0,74.55,31997.78,0
2024-07-07,2024-07-07 13:13:00,426.0,426.0,426.0,426.0,0.0,74.55,31997.78,0
2024-07-07,2024-07-07 13:14:00,426.0,426.0,426.0,426.0,0.0,74.55,31997.78,0
2024-07-07,2024-07-07 13:15:00,426.0,426.0,426.0,426.0,0.0,74.55,31997.78,0
2024-07-07,2024-07-07 13:16:00,426.0,426.0,426.0,426.0,0.0,74.55,31997.78,0
2024-07-07,2024-07-07 13:17:00,426.0,426.0,426.0,426.0,0.0,74.55,31997.78,0
2024-07-07,2024-07-07 13:18:00,426.0,426.0,426.0,426.0,0.0,74.55,31997.78,0
2024-07-07,2024-07-07 13:19:00,426.0,426.0,426.0,426.0,0.0,74.55,31997.78,0
2024-07-07,2024-07-07 13:20:00,426.0,426.0,426.0,426.0,0.0,74.55,31997.78,0
2024-07-07,2024-07-07 13:21:00,426.0,426.0,426.0,426.0,0.0,74.55,31997.78,0
2024-07-07,2024-07-07 13:22:00,426.0,426.0,426.0,426.0,0.0,74.55,31997.78,0
2024-07-07,2024-07-07 13:23:00,426.0,426.0,426.0,426.0,0.0,74.55,31997.78,0
2024-07-07,2024-07-07 13:24:00,426.0,426.0,426.0,426.0,0.0,74.55,31997.78,0
2024-07-07,2024-07-07 13:25:00,426.0,426.0,426.0,426.0,0.0,74.55,31997.78,0
2024-07-07,2024-07-07 13:26:00,426.0,426.0,426.0,426.0,0.0,74.55,31997.78,0
2024-07-07,2024-07-07 13:27:00,426.0,426.0,426.0,426.0,0.0,74.55,31997.78,0
2024-07-07,2024-07-07 13:28:00,426.0,426.0,426.0,426.0,0.0,74.55,31997.78,0
2024-07-07,2024-07-07 13:29:00,426.0,426.0,426.0,426.0,0.0,74.55,31997.78,0
2024-07-07,2024-07-07 13:30:00,426.0,426.0,426.0,426.0,0.0,74.55,31997.78,0
2024-07-07,2024-07-07 13:31:00,426.0,426.0,426.0,426.0,0.0,74.55,31997.78,0
2024-07-07,2024-07-07 13:32:00,426.0,426.0,426.0,426.0,0.0,74.55,31997.78,0
2024-07-07,2024-07-07 13:33:00,426.0,426.0,426.0,426.0,0.0,74.55,31997.78,0
2024-07-07,2024-07-07 13:34:00,426.0,426.0,426.0,426.0,0.0,74.55,31997.78,0
2024-07-07,2024-07-07 13:35:00,426.0,426.0,426.0,426.0,0.0,74.55,31997.78,0
2024-07-07,2024-07-07 13:36:00,426.0,426.0,426.0,426.0,0.0,74.55,31997.78,0
2024-07-07,2024-07-07 13:37:00,426.0,426.0,426.0,426.0,0.0,74.55,31997.78,0
2024-07-07,2024-07-07 13:38:00,426.0,426.0,426.0,426.0,0.0,74.55,31997.78,0
2024-07-07,2024-07-07 13:39:00,426.0,426.0,426.0,426.0,0.0,74.55,31997.78,0
2024-07-07,2024-07-07 13:40:00,426.0,426.0,426.0,426.0,0.0,74.55,31997.78,0
2024-07-07,2024-07-07 13:41:00,426.0,426.0,426.0,426.0,0.0,74.55,31997.78,0
2024-07-07,2024-07-07 13:42:00,426.0,426.0,426.0,426.0,0.0,74.55,31997.78,0
2024-07-07,2024-07-07 13:43:00,426.0,426.0,426.0,426.0,0.0,74.55,31997.78,0
2024-07-07,2024-07-07 13:44:00,426.0,426.0,426.0,426.0,0.0,74.55,31997.78,0
2024-07-07,2024-07-07 13:45:00,426.0,426.0,426.0,426.0,0.0,74.55,31997.78,0
2024-07-07,2024-07-07 13:46:00,426.0,426.0,426.0,426.0,0.0,74.55,31997.78,0
2024-07-07,2024-07-07 13:47:00,426.0,426.0,426.0,426.0,0.0,74.55,31997.78,0
2024-07-07,2024-07-07 13:48:00,426.0,426.0,426.0,426.0,0.0,74.55,31997.78,0
2024-07-07,2024-07-07 13:49:00,426.0,426.0,426.0,426.0,0.0,74.55,31997.78,0
2024-07-07,2024-07-07 13:50:00,426.0,426.0,426.0,426.0,0.0,74.55,31997.78,0
2024-07-07,2024-07-07 13:51:00,426.0,426.0,426.0,426.0,0.0,74.55,31997.78,0
2024-07-07,2024-07-07 13:52:00,426.0,426.0,426.0,426.0,0.0,74.55,31997.78,0
2024-07-07,2024-07-07 13:53:00,426.0,426.0,426.0,426.0,0.0,74.55,31997.78,0
2024-07-07,2024-07-07 13:54:00,426.0,426.0,426.0,426.0,0.0,74.55,31997.78,0
2024-07-07,2024-07-07 13:55:00,426.0,426.0,426.0,426.0,0.0,74.55,31997.78,0
2024-07-07,2024-07-07 13:56:00,426.0,426.0,426.0,426.0,0.0,74.55,31997.78,0
2024-07-07,2024-07-07 13:57:00,426.0,426.0,426.0,426.0,0.0,74.55,31997.78,0
2024-07-07,2024-07-07 13:58:00,426.0,426.0,426.0,426.0,0.0,74.55,31997.78,0
2024-07-07,2024-07-07 13:59:00,426.0,426.0,426.0,426.0,0.0,74.55,31997.78,0
2024-07-07,2024-07-07 14:00:00,426.0,426.0,426.0,426.0,0.0,74.55,31997.78,0
2024-07-07,2024-07-07 14:01:00,426.0,426.0,426.0,426.0,0.0,74.55,31997.78,0
2024-07-07,2024-07-07 14:02:00,426.0,426.0,426.0,426.0,0.0,74.55,31997.78,0
2024-07-07,2024-07-07 14:03:00,426.0,426.0,426.0,426.0,0.0,74.55,31997.78,0
2024-07-07,2024-07-07 14:04:00,426.0,426.0,426.0,426.0,0.0,74.55,31997.78,0
2024-07-07,2024-07-07 14:05:00,426.0,426.0,426.0,426.0,0.0,74.55,31997.78,0
2024-07-07,2024-07-07 14:06:00,426.0,426.0,426.0,426.0,0.0,74.55,31997.78,0
2024-07-07,2024-07-07 14:07:00,426.0,426.0,426.0,426.0,0.0,74.55,31997.78,0
2024-07-07,2024-07-07 14:08:00,426.0,426.0,426.0,426.0,0.0,74.55,31997.78,0
2024-07-07,2024-07-07 14:09:00,426.0,426.0,426.0,426.0,0.0,74.55,31997.78,0
2024-07-07,2024-07-07 14:10:00,426.0,426.0,426.0,426.0,0.0,74.55,31997.78,0
2024-07-07,2024-07-07 14:11:00,426.0,426.0,426.0,426.0,0.0,74.55,31997.78,0
2024-07-07,2024-07-07 14:12:00,426.0,426.0,426.0,426.0,0.0,74.55,31997.78,0
2024-07-07,2024-07-07 14:13:00,426.0,426.0,426.0,426.0,0.0,74.55,31997.78,0
2024-07-07,2024-07-07 14:14:00,426.0,426.0,426.0,426.0,0.0,74.55,31997.78,0
2024-07-07,2024-07-07 14:15:00,426.0,426.0,426.0,426.0,0.0,74.55,31997.78,0
2024-07-07,2024-07-07 14:16:00,426.0,426.0,426.0,426.0,0.0,74.55,31997.78,0
2024-07-07,2024-07-07 14:17:00,426.0,426.0,426.0,426.0,0.0,74.55,31997.78,0
2024-07-07,2024-07-07 14:18:00,426.0,426.0,426.0,426.0,0.0,74.55,31997.78,0
2024-07-07,2024-07-07 14:19:00,426.0,426.0,426.0,426.0,0.0,74.55,31997.78,0
2024-07-07,2024-07-07 14:20:00,426.0,426.0,426.0,426.0,0.0,74.55,31997.78,0
2024-07-07,2024-07-07 14:21:00,426.0,426.0,426.0,426.0,0.0,74.55,31997.78,0
2024-07-07,2024-07-07 14:22:00,426.0,426.0,426.0,426.0,0.0,74.55,31997.78,0
2024-07-07,2024-07-07 14:23:00,426.0,426.0,426.0,426.0,0.0,74.55,31997.78,0
2024-07-07,2024-07-07 14:24:00,426.0,426.0,426.0,426.0,0.0,74.55,31997.78,0
2024-07-07,2024-07-07 14:25:00,426.0,426.0,426.0,426.0,0.0,74.55,31997.78,0
2024-07-07,2024-07-07 14:26:00,426.0,426.0,426.0,426.0,0.0,74.55,31997.78,0
2024-07-07,2024-07-07 14:27:00,426.0,426.0,426.0,426.0,0.0,74.55,31997.78,0
2024-07-07,2024-07-07 14:28:00,426.0,426.0,426.0,426.0,0.0,74.55,31997.78,0
2024-07-07,2024-07-07 14:29:00,426.0,426.0,426.0,426.0,0.0,74.55,31997.78,0
2024-07-07,2024-07-07 14:30:00,426.0,426.0,426.0,426.0,0.0,74.55,31997.78,0
2024-07-07,2024-07-07 14:31:00,426.0,426.0,426.0,426.0,0.0,74.55,31997.78,0
2024-07-07,2024-07-07 14:32:00,426.0,426.0,426.0,426.0,0.0,74.55,31997.78,0
2024-07-07,2024-07-07 14:33:00,426.0,426.0,426.0,426.0,0.0,74.55,31997.78,0
2024-07-07,2024-07-07 14:34:00,426.0,426.0,426.0,426.0,0.0,74.55,31997.78,0
2024-07-07,2024-07-07 14:35:00,426.0,426.0,426.0,426.0,0.0,74.55,31997.78,0
2024-07-07,2024-07-07 14:36:00,426.0,426.0,426.0,426.0,0.0,74.55,31997.78,0
2024-07-07,2024-07-07 14:37:00,426.0,426.0,426.0,426.0,0.0,74.55,31997.78,0
2024-07-07,2024-07-07 14:38:00,426.0,426.0,426.0,426.0,0.0,74.55,31997.78,0
2024-07-07,2024-07-07 14:39:00,426.0,426.0,426.0,426.0,0.0,74.55,31997.78,0
2024-07-07,2024-07-07 14:40:00,426.0,426.0,426.0,426.0,0.0,74.55,31997.78,0
2024-07-07,2024-07-07 14:41:00,426.0,426.0,426.0,426.0,0.0,74.55,31997.78,0
2024-07-07,2024-07-07 14:42:00,426.0,426.0,426.0,426.0,0.0,74.55,31997.78,0
2024-07-07,2024-07-07 14:43:00,426.0,426.0,426.0,426.0,0.0,74.55,31997.78,0
2024-07-07,2024-07-07 14:44:00,426.0,426.0,426.0,426.0,0.0,74.55,31997.78,0
2024-07-07,2024-07-07 14:45:00,426.0,426.0,426.0,426.0,0.0,74.55,31997.78,0
2024-07-07,2024-07-07 14:46:00,426.0,426.0,426.0,426.0,0.0,74.55,31997.78,0
2024-07-07,2024-07-07 14:47:00,426.0,426.0,426.0,426.0,0.0,74.55,31997.78,0
2024-07-07,2024-07-07 14:48:00,426.0,426.0,426.0,426.0,0.0,74.55,31997.78,0
2024-07-07,2024-07-07 14:49:00,426.0,426.0,426.0,426.0,0.0,74.55,31997.78,0
2024-07-07,2024-07-07 14:50:00,426.0,426.0,426.0,426.0,0.0,74.55,31997.78,0
2024-07-07,2024-07-07 14:51:00,426.0,426.0,426.0,426.0,0.0,74.55,31997.78,0
2024-07-07,2024-07-07 14:52:00,426.0,426.0,426.0,426.0,0.0,74.55,31997.78,0
2024-07-07,2024-07-07 14:53:00,426.0,426.0,426.0,426.0,0.0,74.55,31997.78,0
2024-07-07,2024-07-07 14:54:00,426.0,426.0,426.0,426.0,0.0,74.55,31997.78,0
2024-07-07,2024-07-07 14:55:00,426.0,426.0,426.0,426.0,0.0,74.55,31997.78,0
2024-07-07,2024-07-07 14:56:00,426.0,426.0,426.0,426.0,0.0,74.55,31997.78,0
2024-07-07,2024-07-07 14:57:00,426.0,426.0,426.0,426.0,0.0,74.55,31997.78,0
2024-07-07,2024-07-07 14:58:00,426.0,426.0,426.0,426.0,0.0,74.55,31997.78,0
2024-07-07,2024-07-07 14:59:00,426.0,426.0,426.0,426.0,0.0,74.55,31997.78,0
2024-07-07,2024-07-07 15:00:00,426.0,433.0,425.1,426.0,0.0,74.55,31997.78,0
2024-07-08,2024-07-08 11:00:00,432.0,432.0,428.43,431.95,-0.01,58.2,24567.04,-1
2024-07-08,2024-07-08 11:01:00,431.95,431.95,431.91,431.91,-0.01,58.2,24567.04,-1
2024-07-08,2024-07-08 11:02:00,431.91,431.91,431.86,431.86,-0.01,58.2,24567.04,-1
2024-07-08,2024-07-08 11:03:00,431.86,431.86,431.81,431.81,-0.01,58.2,24567.04,-1
2024-07-08,2024-07-08 11:04:00,431.81,431.81,431.77,431.77,-0.01,58.2,24567.04,-1
2024-07-08,2024-07-08 11:05:00,431.77,431.77,431.72,431.72,-0.01,58.2,24567.04,-1
2024-07-08,2024-07-08 11:06:00,431.72,431.72,431.67,431.67,-0.01,58.2,24567.04,-1
2024-07-08,2024-07-08 11:07:00,431.67,431.67,431.63,431.63,-0.01,58.2,24567.04,-1
2024-07-08,2024-07-08 11:08:00,431.63,431.63,431.58,431.58,-0.01,58.2,24567.04,-1
2024-07-08,2024-07-08 11:09:00,431.58,431.58,431.53,431.53,-0.01,58.2,24567.04,-1
2024-07-08,2024-07-08 11:10:00,431.53,431.53,431.49,431.49,-0.01,58.2,24567.04,-1
2024-07-08,2024-07-08 11:11:00,431.49,431.49,431.44,431.44,-0.01,58.2,24567.04,-1
2024-07-08,2024-07-08 11:12:00,431.44,431.44,431.39,431.39,-0.01,58.2,24567.04,-1
2024-07-08,2024-07-08 11:13:00,431.39,431.39,431.35,431.35,-0.01,58.2,24567.04,-1
2024-07-08,2024-07-08 11:14:00,431.35,431.35,431.3,431.3,-0.01,58.2,24567.04,-1
2024-07-08,2024-07-08 11:15:00,431.3,431.3,431.25,431.25,-0.01,58.2,24567.04,-1
2024-07-08,2024-07-08 11:16:00,431.25,431.25,431.21,431.21,-0.01,58.2,24567.04,-1
2024-07-08,2024-07-08 11:17:00,431.21,431.21,431.16,431.16,-0.01,58.2,24567.04,-1
2024-07-08,2024-07-08 11:18:00,431.16,431.16,431.11,431.11,-0.01,58.2,24567.04,-1
2024-07-08,2024-07-08 11:19:00,431.11,431.11,431.07,431.07,-0.01,58.2,24567.04,-1
2024-07-08,2024-07-08 11:20:00,431.07,431.07,431.02,431.02,-0.01,58.2,24567.04,-1
2024-07-08,2024-07-08 11:21:00,431.02,431.02,430.97,430.97,-0.01,58.2,24567.04,-1
2024-07-08,2024-07-08 11:22:00,430.97,430.97,430.93,430.93,-0.01,58.2,24567.04,-1
2024-07-08,2024-07-08 11:23:00,430.93,430.93,430.88,430.88,-0.01,58.2,24567.04,-1
2024-07-08,2024-07-08 11:24:00,430.88,430.88,430.83,430.83,-0.01,58.2,24567.04,-1
2024-07-08,2024-07-08 11:25:00,430.83,430.83,430.79,430.79,-0.01,58.2,24567.04,-1
2024-07-08,2024-07-08 11:26:00,430.79,430.79,430.74,430.74,-0.01,58.2,24567.04,-1
2024-07-08,2024-07-08 11:27:00,430.74,430.74,430.69,430.69,-0.01,58.2,24567.04,-1
2024-07-08,2024-07-08 11:28:00,430.69,430.69,430.65,430.65,-0.01,58.2,24567.04,-1
2024-07-08,2024-07-08 11:29:00,430.65,430.65,430.6,430.6,-0.01,58.2,24567.04,-1
2024-07-08,2024-07-08 11:30:00,430.6,430.6,430.55,430.55,-0.01,58.2,24567.04,-1
2024-07-08,2024-07-08 11:31:00,430.55,430.55,430.51,430.51,-0.01,58.2,24567.04,-1
2024-07-08,2024-07-08 11:32:00,430.51,430.51,430.46,430.46,-0.01,58.2,24567.04,-1
2024-07-08,2024-07-08 11:33:00,430.46,430.46,430.41,430.41,-0.01,58.2,24567.04,-1
2024-07-08,2024-07-08 11:34:00,430.41,430.41,430.37,430.37,-0.01,58.2,24567.04,-1
2024-07-08,2024-07-08 11:35:00,430.37,430.37,430.32,430.32,-0.01,58.2,24567.04,-1
2024-07-08,2024-07-08 11:36:00,430.32,430.32,430.27,430.27,-0.01,58.2,24567.04,-1
2024-07-08,2024-07-08 11:37:00,430.27,430.27,430.23,430.23,-0.01,58.2,24567.04,-1
2024-07-08,2024-07-08 11:38:00,430.23,430.23,430.18,430.18,-0.01,58.2,24567.04,-1
2024-07-08,2024-07-08 11:39:00,430.18,430.18,430.13,430.13,-0.01,58.2,24567.04,-1
2024-07-08,2024-07-08 11:40:00,430.13,430.13,430.09,430.09,-0.01,58.2,24567.04,-1
2024-07-08,2024-07-08 11:41:00,430.09,430.09,430.04,430.04,-0.01,58.2,24567.04,-1
2024-07-08,2024-07-08 11:42:00,430.04,430.04,429.99,429.99,-0.01,58.2,24567.04,-1
2024-07-08,2024-07-08 11:43:00,429.99,429.99,429.95,429.95,-0.01,58.2,24567.04,-1
2024-07-08,2024-07-08 11:44:00,429.95,429.95,429.9,429.9,-0.01,58.2,24567.04,-1
2024-07-08,2024-07-08 11:45:00,429.9,429.9,429.85,429.85,-0.01,58.2,24567.04,-1
2024-07-08,2024-07-08 11:46:00,429.85,429.85,429.81,429.81,-0.01,58.2,24567.04,-1
2024-07-08,2024-07-08 11:47:00,429.81,429.81,429.76,429.76,-0.01,58.2,24567.04,-1
2024-07-08,2024-07-08 11:48:00,429.76,429.76,429.71,429.71,-0.01,58.2,24567.04,-1
2024-07-08,2024-07-08 11:49:00,429.71,429.71,429.67,429.67,-0.01,58.2,24567.04,-1
2024-07-08,2024-07-08 11:50:00,429.67,429.67,429.62,429.62,-0.01,58.2,24567.04,-1
2024-07-08,2024-07-08 11:51:00,429.62,429.62,429.57,429.57,-0.01,58.2,24567.04,-1
2024-07-08,2024-07-08 11:52:00,429.57,429.57,429.53,429.53,-0.01,58.2,24567.04,-1
2024-07-08,2024-07-08 11:53:00,429.53,429.53,429.48,429.48,-0.01,58.2,24567.04,-1
2024-07-08,2024-07-08 11:54:00,429.48,429.48,429.43,429.43,-0.01,58.2,24567.04,-1
2024-07-08,2024-07-08 11:55:00,429.43,429.43,429.39,429.39,-0.01,58.2,24567.04,-1
2024-07-08,2024-07-08 11:56:00,429.39,429.39,429.34,429.34,-0.01,58.2,24567.04,-1
2024-07-08,2024-07-08 11:57:00,429.34,429.34,429.29,429.29,-0.01,58.2,24567.04,-1
2024-07-08,2024-07-08 11:58:00,429.29,429.29,429.25,429.25,-0.01,58.2,24567.04,-1
2024-07-08,2024-07-08 11:59:00,429.25,429.25,429.2,429.2,-0.01,58.2,24567.04,-1
2024-07-08,2024-07-08 12:00:00,429.2,429.2,429.15,429.15,-0.01,58.2,24567.04,-1
2024-07-08,2024-07-08 12:01:00,429.15,429.15,429.11,429.11,-0.01,58.2,24567.04,-1
2024-07-08,2024-07-08 12:02:00,429.11,429.11,429.06,429.06,-0.01,58.2,24567.04,-1
2024-07-08,2024-07-08 12:03:00,429.06,429.06,429.01,429.01,-0.01,58.2,24567.04,-1
2024-07-08,2024-07-08 12:04:00,429.01,429.01,428.97,428.97,-0.01,58.2,24567.04,-1
2024-07-08,2024-07-08 12:05:00,428.97,428.97,428.92,428.92,-0.01,58.2,24567.04,-1
2024-07-08,2024-07-08 12:06:00,428.92,428.92,428.87,428.87,-0.01,58.2,24567.04,-1
2024-07-08,2024-07-08 12:07:00,428.87,428.87,428.83,428.83,-0.01,58.2,24567.04,-1
2024-07-08,2024-07-08 12:08:00,428.83,428.83,428.78,428.78,-0.01,58.2,24567.04,-1
2024-07-08,2024-07-08 12:09:00,428.78,428.78,428.73,428.73,-0.01,58.2,24567.04,-1
2024-07-08,2024-07-08 12:10:00,428.73,428.73,428.69,428.69,-0.01,58.2,24567.04,-1
2024-07-08,2024-07-08 12:11:00,428.69,428.69,428.64,428.64,-0.01,58.2,24567.04,-1
2024-07-08,2024-07-08 12:12:00,428.64,428.64,428.59,428.59,-0.01,58.2,24567.04,-1
2024-07-08,2024-07-08 12:13:00,428.59,428.59,428.55,428.55,-0.01,58.2,24567.04,-1
2024-07-08,2024-07-08 12:14:00,428.55,428.55,428.5,428.5,-0.01,58.2,24567.04,-1
2024-07-08,2024-07-08 12:15:00,428.5,428.5,428.45,428.45,-0.01,58.2,24567.04,-1
2024-07-08,2024-07-08 12:16:00,428.45,428.45,428.41,428.41,-0.01,58.2,24567.04,-1
2024-07-08,2024-07-08 12:17:00,428.41,428.41,428.36,428.36,-0.01,58.2,24567.04,-1
2024-07-08,2024-07-08 12:18:00,428.36,428.36,428.31,428.31,-0.01,58.2,24567.04,-1
2024-07-08,2024-07-08 12:19:00,428.31,428.31,428.27,428.27,-0.01,58.2,24567.04,-1
2024-07-08,2024-07-08 12:20:00,428.27,428.27,428.22,428.22,-0.01,58.2,24567.04,-1
2024-07-08,2024-07-08 12:21:00,428.22,428.22,428.17,428.17,-0.01,58.2,24567.04,-1
2024-07-08,2024-07-08 12:22:00,428.17,428.17,428.13,428.13,-0.01,58.2,24567.04,-1
2024-07-08,2024-07-08 12:23:00,428.13,428.13,428.08,428.08,-0.01,58.2,24567.04,-1
2024-07-08,2024-07-08 12:24:00,428.08,428.08,428.03,428.03,-0.01,58.2,24567.04,-1
2024-07-08,2024-07-08 12:25:00,428.03,428.03,427.99,427.99,-0.01,58.2,24567.04,-1
2024-07-08,2024-07-08 12:26:00,427.99,427.99,427.94,427.94,-0.01,58.2,24567.04,-1
2024-07-08,2024-07-08 12:27:00,427.94,427.94,427.89,427.89,-0.01,58.2,24567.04,-1
2024-07-08,2024-07-08 12:28:00,427.89,427.89,427.85,427.85,-0.01,58.2,24567.04,-1
2024-07-08,2024-07-08 12:29:00,427.85,427.85,427.8,427.8,-0.01,58.2,24567.04,-1
2024-07-08,2024-07-08 12:30:00,427.8,427.8,427.75,427.75,-0.01,58.2,24567.04,-1
2024-07-08,2024-07-08 12:31:00,427.75,427.75,427.71,427.71,-0.01,58.2,24567.04,-1
2024-07-08,2024-07-08 12:32:00,427.71,427.71,427.66,427.66,-0.01,58.2,24567.04,-1
2024-07-08,2024-07-08 12:33:00,427.66,427.66,427.61,427.61,-0.01,58.2,24567.04,-1
2024-07-08,2024-07-08 12:34:00,427.61,427.61,427.57,427.57,-0.01,58.2,24567.04,-1
2024-07-08,2024-07-08 12:35:00,427.57,427.57,427.52,427.52,-0.01,58.2,24567.04,-1
2024-07-08,2024-07-08 12:36:00,427.52,427.52,427.47,427.47,-0.01,58.2,24567.04,-1
2024-07-08,2024-07-08 12:37:00,427.47,427.47,427.43,427.43,-0.01,58.2,24567.04,-1
2024-07-08,2024-07-08 12:38:00,427.43,427.43,427.38,427.38,-0.01,58.2,24567.04,-1
2024-07-08,2024-07-08 12:39:00,427.38,427.38,427.33,427.33,-0.01,58.2,24567.04,-1
2024-07-08,2024-07-08 12:40:00,427.33,427.33,427.29,427.29,-0.01,58.2,24567.04,-1
2024-07-08,2024-07-08 12:41:00,427.29,427.29,427.24,427.24,-0.01,58.2,24567.04,-1
2024-07-08,2024-07-08 12:42:00,427.24,427.24,427.19,427.19,-0.01,58.2,24567.04,-1
2024-07-08,2024-07-08 12:43:00,427.19,427.19,427.15,427.15,-0.01,58.2,24567.04,-1
2024-07-08,2024-07-08 12:44:00,427.15,427.15,427.1,427.1,-0.01,58.2,24567.04,-1
2024-07-08,2024-07-08 12:45:00,427.1,427.1,427.05,427.05,-0.01,58.2,24567.04,-1
2024-07-08,2024-07-08 12:46:00,427.05,427.05,427.01,427.01,-0.01,58.2,24567.04,-1
2024-07-08,2024-07-08 12:47:00,427.01,427.01,426.96,426.96,-0.01,58.2,24567.04,-1
2024-07-08,2024-07-08 12:48:00,426.96,426.96,426.91,426.91,-0.01,58.2,24567.04,-1
2024-07-08,2024-07-08 12:49:00,426.91,426.91,426.87,426.87,-0.01,58.2,24567.04,-1
2024-07-08,2024-07-08 12:50:00,426.87,426.87,426.82,426.82,-0.01,58.2,24567.04,-1
2024-07-08,2024-07-08 12:51:00,426.82,426.82,426.77,426.77,-0.01,58.2,24567.04,-1
2024-07-08,2024-07-08 12:52:00,426.77,426.77,426.73,426.73,-0.01,58.2,24567.04,-1
2024-07-08,2024-07-08 12:53:00,426.73,426.73,426.68,426.68,-0.01,58.2,24567.04,-1
2024-07-08,2024-07-08 12:54:00,426.68,426.68,426.63,426.63,-0.01,58.2,24567.04,-1
2024-07-08,2024-07-08 12:55:00,426.63,426.63,426.59,426.59,-0.01,58.2,24567.04,-1
2024-07-08,2024-07-08 12:56:00,426.59,426.59,426.54,426.54,-0.01,58.2,24567.04,-1
2024-07-08,2024-07-08 12:57:00,426.54,426.54,426.49,426.49,-0.01,58.2,24567.04,-1
2024-07-08,2024-07-08 12:58:00,426.49,426.49,426.45,426.45,-0.01,58.2,24567.04,-1
2024-07-08,2024-07-08 12:59:00,426.45,426.45,426.4,426.4,-0.01,58.2,24567.04,-1
2024-07-08,2024-07-08 13:00:00,426.4,432.0,420.1,426.35,-0.01,58.2,24567.04,-1
2024-07-08,2024-07-08 13:01:00,426.35,426.35,426.31,426.31,-0.01,58.2,24567.04,-1
2024-07-08,2024-07-08 13:02:00,426.31,426.31,426.26,426.26,-0.01,58.2,24567.04,-1
2024-07-08,2024-07-08 13:03:00,426.26,426.26,426.21,426.21,-0.01,58.2,24567.04,-1
2024-07-08,2024-07-08 13:04:00,426.21,426.21,426.17,426.17,-0.01,58.2,24567.04,-1
2024-07-08,2024-07-08 13:05:00,426.17,426.17,426.12,426.12,-0.01,58.2,24567.04,-1
2024-07-08,2024-07-08 13:06:00,426.12,426.12,426.07,426.07,-0.01,58.2,24567.04,-1
2024-07-08,2024-07-08 13:07:00,426.07,426.07,426.03,426.03,-0.01,58.2,24567.04,-1
2024-07-08,2024-07-08 13:08:00,426.03,426.03,425.98,425.98,-0.01,58.2,24567.04,-1
2024-07-08,2024-07-08 13:09:00,425.98,425.98,425.93,425.93,-0.01,58.2,24567.04,-1
2024-07-08,2024-07-08 13:10:00,425.93,425.93,425.89,425.89,-0.01,58.2,24567.04,-1
2024-07-08,2024-07-08 13:11:00,425.89,425.89,425.84,425.84,-0.01,58.2,24567.04,-1
2024-07-08,2024-07-08 13:12:00,425.84,425.84,425.79,425.79,-0.01,58.2,24567.04,-1
2024-07-08,2024-07-08 13:13:00,425.79,425.79,425.75,425.75,-0.01,58.2,24567.04,-1
2024-07-08,2024-07-08 13:14:00,425.75,425.75,425.7,425.7,-0.01,58.2,24567.04,-1
2024-07-08,2024-07-08 13:15:00,425.7,425.7,425.65,425.65,-0.01,58.2,24567.04,-1
2024-07-08,2024-07-08 13:16:00,425.65,425.65,425.61,425.61,-0.01,58.2,24567.04,-1
2024-07-08,2024-07-08 13:17:00,425.61,425.61,425.56,425.56,-0.01,58.2,24567.04,-1
2024-07-08,2024-07-08 13:18:00,425.56,425.56,425.51,425.51,-0.01,58.2,24567.04,-1
2024-07-08,2024-07-08 13:19:00,425.51,425.51,425.47,425.47,-0.01,58.2,24567.04,-1
2024-07-08,2024-07-08 13:20:00,425.47,425.47,425.42,425.42,-0.01,58.2,24567.04,-1
2024-07-08,2024-07-08 13:21:00,425.42,425.42,425.37,425.37,-0.01,58.2,24567.04,-1
2024-07-08,2024-07-08 13:22:00,425.37,425.37,425.33,425.33,-0.01,58.2,24567.04,-1
2024-07-08,2024-07-08 13:23:00,425.33,425.33,425.28,425.28,-0.01,58.2,24567.04,-1
2024-07-08,2024-07-08 13:24:00,425.28,425.28,425.23,425.23,-0.01,58.2,24567.04,-1
2024-07-08,2024-07-08 13:25:00,425.23,425.23,425.19,425.19,-0.01,58.2,24567.04,-1
2024-07-08,2024-07-08 13:26:00,425.19,425.19,425.14,425.14,-0.01,58.2,24567.04,-1
2024-07-08,2024-07-08 13:27:00,425.14,425.14,425.09,425.09,-0.01,58.2,24567.04,-1
2024-07-08,2024-07-08 13:28:00,425.09,425.09,425.05,425.05,-0.01,58.2,24567.04,-1
2024-07-08,2024-07-08 13:29:00,425.05,425.05,425.0,425.0,-0.01,58.2,24567.04,-1
2024-07-08,2024-07-08 13:30:00,425.0,425.0,424.95,424.95,-0.01,58.2,24567.04,-1
2024-07-08,2024-07-08 13:31:00,424.95,424.95,424.91,424.91,-0.01,58.2,24567.04,-1
2024-07-08,2024-07-08 13:32:00,424.91,424.91,424.86,424.86,-0.01,58.2,24567.04,-1
2024-07-08,2024-07-08 13:33:00,424.86,424.86,424.81,424.81,-0.01,58.2,24567.04,-1
2024-07-08,2024-07-08 13:34:00,424.81,424.81,424.77,424.77,-0.01,58.2,24567.04,-1
2024-07-08,2024-07-08 13:35:00,424.77,424.77,424.72,424.72,-0.01,58.2,24567.04,-1
2024-07-08,2024-07-08 13:36:00,424.72,424.72,424.67,424.67,-0.01,58.2,24567.04,-1
2024-07-08,2024-07-08 13:37:00,424.67,424.67,424.63,424.63,-0.01,58.2,24567.04,-1
2024-07-08,2024-07-08 13:38:00,424.63,424.63,424.58,424.58,-0.01,58.2,24567.04,-1
2024-07-08,2024-07-08 13:39:00,424.58,424.58,424.53,424.53,-0.01,58.2,24567.04,-1
2024-07-08,2024-07-08 13:40:00,424.53,424.53,424.49,424.49,-0.01,58.2,24567.04,-1
2024-07-08,2024-07-08 13:41:00,424.49,424.49,424.44,424.44,-0.01,58.2,24567.04,-1
2024-07-08,2024-07-08 13:42:00,424.44,424.44,424.39,424.39,-0.01,58.2,24567.04,-1
2024-07-08,2024-07-08 13:43:00,424.39,424.39,424.35,424.35,-0.01,58.2,24567.04,-1
2024-07-08,2024-07-08 13:44:00,424.35,424.35,424.3,424.3,-0.01,58.2,24567.04,-1
2024-07-08,2024-07-08 13:45:00,424.3,424.3,424.25,424.25,-0.01,58.2,24567.04,-1
2024-07-08,2024-07-08 13:46:00,424.25,424.25,424.21,424.21,-0.01,58.2,24567.04,-1
2024-07-08,2024-07-08 13:47:00,424.21,424.21,424.16,424.16,-0.01,58.2,24567.04,-1
2024-07-08,2024-07-08 13:48:00,424.16,424.16,424.11,424.11,-0.01,58.2,24567.04,-1
2024-07-08,2024-07-08 13:49:00,424.11,424.11,424.07,424.07,-0.01,58.2,24567.04,-1
2024-07-08,2024-07-08 13:50:00,424.07,424.07,424.02,424.02,-0.01,58.2,24567.04,-1
2024-07-08,2024-07-08 13:51:00,424.02,424.02,423.97,423.97,-0.01,58.2,24567.04,-1
2024-07-08,2024-07-08 13:52:00,423.97,423.97,423.93,423.93,-0.01,58.2,24567.04,-1
2024-07-08,2024-07-08 13:53:00,423.93,423.93,423.88,423.88,-0.01,58.2,24567.04,-1
2024-07-08,2024-07-08 13:54:00,423.88,423.88,423.83,423.83,-0.01,58.2,24567.04,-1
2024-07-08,2024-07-08 13:55:00,423.83,423.83,423.79,423.79,-0.01,58.2,24567.04,-1
2024-07-08,2024-07-08 13:56:00,423.79,423.79,423.74,423.74,-0.01,58.2,24567.04,-1
2024-07-08,2024-07-08 13:57:00,423.74,423.74,423.69,423.69,-0.01,58.2,24567.04,-1
2024-07-08,2024-07-08 13:58:00,423.69,423.69,423.65,423.65,-0.01,58.2,24567.04,-1
2024-07-08,2024-07-08 13:59:00,423.65,423.65,423.6,423.6,-0.01,58.2,24567.04,-1
2024-07-08,2024-07-08 14:00:00,423.6,423.6,423.55,423.55,-0.01,58.2,24567.04,-1
2024-07-08,2024-07-08 14:01:00,423.55,423.55,423.51,423.51,-0.01,58.2,24567.04,-1
2024-07-08,2024-07-08 14:02:00,423.51,423.51,423.46,423.46,-0.01,58.2,24567.04,-1
2024-07-08,2024-07-08 14:03:00,423.46,423.46,423.41,423.41,-0.01,58.2,24567.04,-1
2024-07-08,2024-07-08 14:04:00,423.41,423.41,423.37,423.37,-0.01,58.2,24567.04,-1
2024-07-08,2024-07-08 14:05:00,423.37,423.37,423.32,423.32,-0.01,58.2,24567.04,-1
2024-07-08,2024-07-08 14:06:00,423.32,423.32,423.27,423.27,-0.01,58.2,24567.04,-1
2024-07-08,2024-07-08 14:07:00,423.27,423.27,423.23,423.23,-0.01,58.2,24567.04,-1
2024-07-08,2024-07-08 14:08:00,423.23,423.23,423.18,423.18,-0.01,58.2,24567.04,-1
2024-07-08,2024-07-08 14:09:00,423.18,423.18,423.13,423.13,-0.01,58.2,24567.04,-1
2024-07-08,2024-07-08 14:10:00,423.13,423.13,423.09,423.09,-0.01,58.2,24567.04,-1
2024-07-08,2024-07-08 14:11:00,423.09,423.09,423.04,423.04,-0.01,58.2,24567.04,-1
2024-07-08,2024-07-08 14:12:00,423.04,423.04,422.99,422.99,-0.01,58.2,24567.04,-1
2024-07-08,2024-07-08 14:13:00,422.99,422.99,422.95,422.95,-0.01,58.2,24567.04,-1
2024-07-08,2024-07-08 14:14:00,422.95,422.95,422.9,422.9,-0.01,58.2,24567.04,-1
2024-07-08,2024-07-08 14:15:00,422.9,422.9,422.85,422.85,-0.01,58.2,24567.04,-1
2024-07-08,2024-07-08 14:16:00,422.85,422.85,422.81,422.81,-0.01,58.2,24567.04,-1
2024-07-08,2024-07-08 14:17:00,422.81,422.81,422.76,422.76,-0.01,58.2,24567.04,-1
2024-07-08,2024-07-08 14:18:00,422.76,422.76,422.71,422.71,-0.01,58.2,24567.04,-1
2024-07-08,2024-07-08 14:19:00,422.71,422.71,422.67,422.67,-0.01,58.2,24567.04,-1
2024-07-08,2024-07-08 14:20:00,422.67,422.67,422.62,422.62,-0.01,58.2,24567.04,-1
2024-07-08,2024-07-08 14:21:00,422.62,422.62,422.57,422.57,-0.01,58.2,24567.04,-1
2024-07-08,2024-07-08 14:22:00,422.57,422.57,422.53,422.53,-0.01,58.2,24567.04,-1
2024-07-08,2024-07-08 14:23:00,422.53,422.53,422.48,422.48,-0.01,58.2,24567.04,-1
2024-07-08,2024-07-08 14:24:00,422.48,422.48,422.43,422.43,-0.01,58.2,24567.04,-1
2024-07-08,2024-07-08 14:25:00,422.43,422.43,422.39,422.39,-0.01,58.2,24567.04,-1
2024-07-08,2024-07-08 14:26:00,422.39,422.39,422.34,422.34,-0.01,58.2,24567.04,-1
2024-07-08,2024-07-08 14:27:00,422.34,422.34,422.29,422.29,-0.01,58.2,24567.04,-1
2024-07-08,2024-07-08 14:28:00,422.29,422.29,422.25,422.25,-0.01,58.2,24567.04,-1
2024-07-08,2024-07-08 14:29:00,422.25,422.25,422.2,422.2,-0.01,58.2,24567.04,-1
2024-07-08,2024-07-08 14:30:00,422.2,422.2,422.15,422.15,-0.01,58.2,24567.04,-1
2024-07-08,2024-07-08 14:31:00,422.15,422.15,422.11,422.11,-0.01,58.2,24567.04,-1
2024-07-08,2024-07-08 14:32:00,422.11,422.11,422.06,422.06,-0.01,58.2,24567.04,-1
2024-07-08,2024-07-08 14:33:00,422.06,422.06,422.01,422.01,-0.01,58.2,24567.04,-1
2024-07-08,2024-07-08 14:34:00,422.01,422.01,421.97,421.97,-0.01,58.2,24567.04,-1
2024-07-08,2024-07-08 14:35:00,421.97,421.97,421.92,421.92,-0.01,58.2,24567.04,-1
2024-07-08,2024-07-08 14:36:00,421.92,421.92,421.87,421.87,-0.01,58.2,24567.04,-1
2024-07-08,2024-07-08 14:37:00,421.87,421.87,421.83,421.83,-0.01,58.2,24567.04,-1
2024-07-08,2024-07-08 14:38:00,421.83,421.83,421.78,421.78,-0.01,58.2,24567.04,-1
2024-07-08,2024-07-08 14:39:00,421.78,421.78,421.73,421.73,-0.01,58.2,24567.04,-1
2024-07-08,2024-07-08 14:40:00,421.73,421.73,421.69,421.69,-0.01,58.2,24567.04,-1
2024-07-08,2024-07-08 14:41:00,421.69,421.69,421.64,421.64,-0.01,58.2,24567.04,-1
2024-07-08,2024-07-08 14:42:00,421.64,421.64,421.59,421.59,-0.01,58.2,24567.04,-1
2024-07-08,2024-07-08 14:43:00,421.59,421.59,421.55,421.55,-0.01,58.2,24567.04,-1
2024-07-08,2024-07-08 14:44:00,421.55,421.55,421.5,421.5,-0.01,58.2,24567.04,-1
2024-07-08,2024-07-08 14:45:00,421.5,421.5,421.45,421.45,-0.01,58.2,24567.04,-1
2024-07-08,2024-07-08 14:46:00,421.45,421.45,421.41,421.41,-0.01,58.2,24567.04,-1
2024-07-08,2024-07-08 14:47:00,421.41,421.41,421.36,421.36,-0.01,58.2,24567.04,-1
2024-07-08,2024-07-08 14:48:00,421.36,421.36,421.31,421.31,-0.01,58.2,24567.04,-1
2024-07-08,2024-07-08 14:49:00,421.31,421.31,421.27,421.27,-0.01,58.2,24567.04,-1
2024-07-08,2024-07-08 14:50:00,421.27,421.27,421.22,421.22,-0.01,58.2,24567.04,-1
2024-07-08,2024-07-08 14:51:00,421.22,421.22,421.17,421.17,-0.01,58.2,24567.04,-1
2024-07-08,2024-07-08 14:52:00,421.17,421.17,421.13,421.13,-0.01,58.2,24567.04,-1
2024-07-08,2024-07-08 14:53:00,421.13,421.13,421.08,421.08,-0.01,58.2,24567.04,-1
2024-07-08,2024-07-08 14:54:00,421.08,421.08,421.03,421.03,-0.01,58.2,24567.04,-1
2024-07-08,2024-07-08 14:55:00,421.03,421.03,420.99,420.99,-0.01,58.2,24567.04,-1
2024-07-08,2024-07-08 14:56:00,420.99,420.99,420.94,420.94,-0.01,58.2,24567.04,-1
2024-07-08,2024-07-08 14:57:00,420.94,420.94,420.89,420.89,-0.01,58.2,24567.04,-1
2024-07-08,2024-07-08 14:58:00,420.89,420.89,420.85,420.85,-0.01,58.2,24567.04,-1
2024-07-08,2024-07-08 14:59:00,420.85,420.85,420.8,420.8,-0.01,58.2,24567.04,-1
2024-07-08,2024-07-08 15:00:00,420.8,432.0,420.1,420.8,0.0,58.2,24567.04,0
2024-07-09,2024-07-09 11:00:00,422.0,424.16,421.4,422.02,0.0,56.6,24033.81,1
2024-07-09,2024-07-09 11:01:00,422.02,422.03,422.02,422.03,0.0,56.6,24033.81,1
2024-07-09,2024-07-09 11:02:00,422.03,422.05,422.03,422.05,0.0,56.6,24033.81,1
2024-07-09,2024-07-09 11:03:00,422.05,422.07,422.05,422.07,0.0,56.6,24033.81,1
2024-07-09,2024-07-09 11:04:00,422.07,422.08,422.07,422.08,0.0,56.6,24033.81,1
2024-07-09,2024-07-09 11:05:00,422.08,422.1,422.08,422.1,0.0,56.6,24033.81,1
2024-07-09,2024-07-09 11:06:00,422.1,422.12,422.1,422.12,0.0,56.6,24033.81,1
2024-07-09,2024-07-09 11:07:00,422.12,422.13,422.12,422.13,0.0,56.6,24033.81,1
2024-07-09,2024-07-09 11:08:00,422.13,422.15,422.13,422.15,0.0,56.6,24033.81,1
2024-07-09,2024-07-09 11:09:00,422.15,422.17,422.15,422.17,0.0,56.6,24033.81,1
2024-07-09,2024-07-09 11:10:00,422.17,422.18,422.17,422.18,0.0,56.6,24033.81,1
2024-07-09,2024-07-09 11:11:00,422.18,422.2,422.18,422.2,0.0,56.6,24033.81,1
2024-07-09,2024-07-09 11:12:00,422.2,422.22,422.2,422.22,0.0,56.6,24033.81,1
2024-07-09,2024-07-09 11:13:00,422.22,422.23,422.22,422.23,0.0,56.6,24033.81,1
2024-07-09,2024-07-09 11:14:00,422.23,422.25,422.23,422.25,0.0,56.6,24033.81,1
2024-07-09,2024-07-09 11:15:00,422.25,422.27,422.25,422.27,0.0,56.6,24033.81,1
2024-07-09,2024-07-09 11:16:00,422.27,422.28,422.27,422.28,0.0,56.6,24033.81,1
2024-07-09,2024-07-09 11:17:00,422.28,422.3,422.28,422.3,0.0,56.6,24033.81,1
2024-07-09,2024-07-09 11:18:00,422.3,422.32,422.3,422.32,0.0,56.6,24033.81,1
2024-07-09,2024-07-09 11:19:00,422.32,422.33,422.32,422.33,0.0,56.6,24033.81,1
2024-07-09,2024-07-09 11:20:00,422.33,422.35,422.33,422.35,0.0,56.6,24033.81,1
2024-07-09,2024-07-09 11:21:00,422.35,422.37,422.35,422.37,0.0,56.6,24033.81,1
2024-07-09,2024-07-09 11:22:00,422.37,422.38,422.37,422.38,0.0,56.6,24033.81,1
2024-07-09,2024-07-09 11:23:00,422.38,422.4,422.38,422.4,0.0,56.6,24033.81,1
2024-07-09,2024-07-09 11:24:00,422.4,422.42,422.4,422.42,0.0,56.6,24033.81,1
2024-07-09,2024-07-09 11:25:00,422.42,422.43,422.42,422.43,0.0,56.6,24033.81,1
2024-07-09,2024-07-09 11:26:00,422.43,422.45,422.43,422.45,0.0,56.6,24033.81,1
2024-07-09,2024-07-09 11:27:00,422.45,422.47,422.45,422.47,0.0,56.6,24033.81,1
2024-07-09,2024-07-09 11:28:00,422.47,422.48,422.47,422.48,0.0,56.6,24033.81,1
2024-07-09,2024-07-09 11:29:00,422.48,422.5,422.48,422.5,0.0,56.6,24033.81,1
2024-07-09,2024-07-09 11:30:00,422.5,422.52,422.5,422.52,0.0,56.6,24033.81,1
2024-07-09,2024-07-09 11:31:00,422.52,422.53,422.52,422.53,0.0,56.6,24033.81,1
2024-07-09,2024-07-09 11:32:00,422.53,422.55,422.53,422.55,0.0,56.6,24033.81,1
2024-07-09,2024-07-09 11:33:00,422.55,422.57,422.55,422.57,0.0,56.6,24033.81,1
2024-07-09,2024-07-09 11:34:00,422.57,422.58,422.57,422.58,0.0,56.6,24033.81,1
2024-07-09,2024-07-09 11:35:00,422.58,422.6,422.58,422.6,0.0,56.6,24033.81,1
2024-07-09,2024-07-09 11:36:00,422.6,422.62,422.6,422.62,0.0,56.6,24033.81,1
2024-07-09,2024-07-09 11:37:00,422.62,422.63,422.62,422.63,0.0,56.6,24033.81,1
2024-07-09,2024-07-09 11:38:00,422.63,422.65,422.63,422.65,0.0,56.6,24033.81,1
2024-07-09,2024-07-09 11:39:00,422.65,422.67,422.65,422.67,0.0,56.6,24033.81,1
2024-07-09,2024-07-09 11:40:00,422.67,422.68,422.67,422.68,0.0,56.6,24033.81,1
2024-07-09,2024-07-09 11:41:00,422.68,422.7,422.68,422.7,0.0,56.6,24033.81,1
2024-07-09,2024-07-09 11:42:00,422.7,422.72,422.7,422.72,0.0,56.6,24033.81,1
2024-07-09,2024-07-09 11:43:00,422.72,422.73,422.72,422.73,0.0,56.6,24033.81,1
2024-07-09,2024-07-09 11:44:00,422.73,422.75,422.73,422.75,0.0,56.6,24033.81,1
2024-07-09,2024-07-09 11:45:00,422.75,422.77,422.75,422.77,0.0,56.6,24033.81,1
2024-07-09,2024-07-09 11:46:00,422.77,422.78,422.77,422.78,0.0,56.6,24033.81,1
2024-07-09,2024-07-09 11:47:00,422.78,422.8,422.78,422.8,0.0,56.6,24033.81,1
2024-07-09,2024-07-09 11:48:00,422.8,422.82,422.8,422.82,0.0,56.6,24033.81,1
2024-07-09,2024-07-09 11:49:00,422.82,422.83,422.82,422.83,0.0,56.6,24033.81,1
2024-07-09,2024-07-09 11:50:00,422.83,422.85,422.83,422.85,0.0,56.6,24033.81,1
2024-07-09,2024-07-09 11:51:00,422.85,422.87,422.85,422.87,0.0,56.6,24033.81,1
2024-07-09,2024-07-09 11:52:00,422.87,422.88,422.87,422.88,0.0,56.6,24033.81,1
2024-07-09,2024-07-09 11:53:00,422.88,422.9,422.88,422.9,0.0,56.6,24033.81,1
2024-07-09,2024-07-09 11:54:00,422.9,422.92,422.9,422.92,0.0,56.6,24033.81,1
2024-07-09,2024-07-09 11:55:00,422.92,422.93,422.92,422.93,0.0,56.6,24033.81,1
2024-07-09,2024-07-09 11:56:00,422.93,422.95,422.93,422.95,0.0,56.6,24033.81,1
2024-07-09,2024-07-09 11:57:00,422.95,422.97,422.95,422.97,0.0,56.6,24033.81,1
2024-07-09,2024-07-09 11:58:00,422.97,422.98,422.97,422.98,0.0,56.6,24033.81,1
2024-07-09,2024-07-09 11:59:00,422.98,423.0,422.98,423.0,0.0,56.6,24033.81,1
2024-07-09,2024-07-09 12:00:00,423.0,423.02,423.0,423.02,0.0,56.6,24033.81,1
2024-07-09,2024-07-09 12:01:00,423.02,423.03,423.02,423.03,0.0,56.6,24033.81,1
2024-07-09,2024-07-09 12:02:00,423.03,423.05,423.03,423.05,0.0,56.6,24033.81,1
2024-07-09,2024-07-09 12:03:00,423.05,423.07,423.05,423.07,0.0,56.6,24033.81,1
2024-07-09,2024-07-09 12:04:00,423.07,423.08,423.07,423.08,0.0,56.6,24033.81,1
2024-07-09,2024-07-09 12:05:00,423.08,423.1,423.08,423.1,0.0,56.6,24033.81,1
2024-07-09,2024-07-09 12:06:00,423.1,423.12,423.1,423.12,0.0,56.6,24033.81,1
2024-07-09,2024-07-09 12:07:00,423.12,423.13,423.12,423.13,0.0,56.6,24033.81,1
2024-07-09,2024-07-09 12:08:00,423.13,423.15,423.13,423.15,0.0,56.6,24033.81,1
2024-07-09,2024-07-09 12:09:00,423.15,423.17,423.15,423.17,0.0,56.6,24033.81,1
2024-07-09,2024-07-09 12:10:00,423.17,423.18,423.17,423.18,0.0,56.6,24033.81,1
2024-07-09,2024-07-09 12:11:00,423.18,423.2,423.18,423.2,0.0,56.6,24033.81,1
2024-07-09,2024-07-09 12:12:00,423.2,423.22,423.2,423.22,0.0,56.6,24033.81,1
2024-07-09,2024-07-09 12:13:00,423.22,423.23,423.22,423.23,0.0,56.6,24033.81,1
2024-07-09,2024-07-09 12:14:00,423.23,423.25,423.23,423.25,0.0,56.6,24033.81,1
2024-07-09,2024-07-09 12:15:00,423.25,423.27,423.25,423.27,0.0,56.6,24033.81,1
2024-07-09,2024-07-09 12:16:00,423.27,423.28,423.27,423.28,0.0,56.6,24033.81,1
2024-07-09,2024-07-09 12:17:00,423.28,423.3,423.28,423.3,0.0,56.6,24033.81,1
2024-07-09,2024-07-09 12:18:00,423.3,423.32,423.3,423.32,0.0,56.6,24033.81,1
2024-07-09,2024-07-09 12:19:00,423.32,423.33,423.32,423.33,0.0,56.6,24033.81,1
2024-07-09,2024-07-09 12:20:00,423.33,423.35,423.33,423.35,0.0,56.6,24033.81,1
2024-07-09,2024-07-09 12:21:00,423.35,423.37,423.35,423.37,0.0,56.6,24033.81,1
2024-07-09,2024-07-09 12:22:00,423.37,423.38,423.37,423.38,0.0,56.6,24033.81,1
2024-07-09,2024-07-09 12:23:00,423.38,423.4,423.38,423.4,0.0,56.6,24033.81,1
2024-07-09,2024-07-09 12:24:00,423.4,423.42,423.4,423.42,0.0,56.6,24033.81,1
2024-07-09,2024-07-09 12:25:00,423.42,423.43,423.42,423.43,0.0,56.6,24033.81,1
2024-07-09,2024-07-09 12:26:00,423.43,423.45,423.43,423.45,0.0,56.6,24033.81,1
2024-07-09,2024-07-09 12:27:00,423.45,423.47,423.45,423.47,0.0,56.6,24033.81,1
2024-07-09,2024-07-09 12:28:00,423.47,423.48,423.47,423.48,0.0,56.6,24033.81,1
2024-07-09,2024-07-09 12:29:00,423.48,423.5,423.48,423.5,0.0,56.6,24033.81,1
2024-07-09,2024-07-09 12:30:00,423.5,423.52,423.5,423.52,0.0,56.6,24033.81,1
2024-07-09,2024-07-09 12:31:00,423.52,423.53,423.52,423.53,0.0,56.6,24033.81,1
2024-07-09,2024-07-09 12:32:00,423.53,423.55,423.53,423.55,0.0,56.6,24033.81,1
2024-07-09,2024-07-09 12:33:00,423.55,423.57,423.55,423.57,0.0,56.6,24033.81,1
2024-07-09,2024-07-09 12:34:00,423.57,423.58,423.57,423.58,0.0,56.6,24033.81,1
2024-07-09,2024-07-09 12:35:00,423.58,423.6,423.58,423.6,0.0,56.6,24033.81,1
2024-07-09,2024-07-09 12:36:00,423.6,423.62,423.6,423.62,0.0,56.6,24033.81,1
2024-07-09,2024-07-09 12:37:00,423.62,423.63,423.62,423.63,0.0,56.6,24033.81,1
2024-07-09,2024-07-09 12:38:00,423.63,423.65,423.63,423.65,0.0,56.6,24033.81,1
2024-07-09,2024-07-09 12:39:00,423.65,423.67,423.65,423.67,0.0,56.6,24033.81,1
2024-07-09,2024-07-09 12:40:00,423.67,423.68,423.67,423.68,0.0,56.6,24033.81,1
2024-07-09,2024-07-09 12:41:00,423.68,423.7,423.68,423.7,0.0,56.6,24033.81,1
2024-07-09,2024-07-09 12:42:00,423.7,423.72,423.7,423.72,0.0,56.6,24033.81,1
2024-07-09,2024-07-09 12:43:00,423.72,423.73,423.72,423.73,0.0,56.6,24033.81,1
2024-07-09,2024-07-09 12:44:00,423.73,423.75,423.73,423.75,0.0,56.6,24033.81,1
2024-07-09,2024-07-09 12:45:00,423.75,423.77,423.75,423.77,0.0,56.6,24033.81,1
2024-07-09,2024-07-09 12:46:00,423.77,423.78,423.77,423.78,0.0,56.6,24033.81,1
2024-07-09,2024-07-09 12:47:00,423.78,423.8,423.78,423.8,0.0,56.6,24033.81,1
2024-07-09,2024-07-09 12:48:00,423.8,423.82,423.8,423.82,0.0,56.6,24033.81,1
2024-07-09,2024-07-09 12:49:00,423.82,423.83,423.82,423.83,0.0,56.6,24033.81,1
2024-07-09,2024-07-09 12:50:00,423.83,423.85,423.83,423.85,0.0,56.6,24033.81,1
2024-07-09,2024-07-09 12:51:00,423.85,423.87,423.85,423.87,0.0,56.6,24033.81,1
2024-07-09,2024-07-09 12:52:00,423.87,423.88,423.87,423.88,0.0,56.6,24033.81,1
2024-07-09,2024-07-09 12:53:00,423.88,423.9,423.88,423.9,0.0,56.6,24033.81,1
2024-07-09,2024-07-09 12:54:00,423.9,423.92,423.9,423.92,0.0,56.6,24033.81,1
2024-07-09,2024-07-09 12:55:00,423.92,423.93,423.92,423.93,0.0,56.6,24033.81,1
2024-07-09,2024-07-09 12:56:00,423.93,423.95,423.93,423.95,0.0,56.6,24033.81,1
2024-07-09,2024-07-09 12:57:00,423.95,423.97,423.95,423.97,0.0,56.6,24033.81,1
2024-07-09,2024-07-09 12:58:00,423.97,423.98,423.97,423.98,0.0,56.6,24033.81,1
2024-07-09,2024-07-09 12:59:00,423.98,424.0,423.98,424.0,0.0,56.6,24033.81,1
2024-07-09,2024-07-09 13:00:00,424.0,429.2,420.0,424.02,0.0,56.6,24033.81,1
2024-07-09,2024-07-09 13:01:00,424.02,424.03,424.02,424.03,0.0,56.6,24033.81,1
2024-07-09,2024-07-09 13:02:00,424.03,424.05,424.03,424.05,0.0,56.6,24033.81,1
2024-07-09,2024-07-09 13:03:00,424.05,424.07,424.05,424.07,0.0,56.6,24033.81,1
2024-07-09,2024-07-09 13:04:00,424.07,424.08,424.07,424.08,0.0,56.6,24033.81,1
2024-07-09,2024-07-09 13:05:00,424.08,424.1,424.08,424.1,0.0,56.6,24033.81,1
2024-07-09,2024-07-09 13:06:00,424.1,424.12,424.1,424.12,0.0,56.6,24033.81,1
2024-07-09,2024-07-09 13:07:00,424.12,424.13,424.12,424.13,0.0,56.6,24033.81,1
2024-07-09,2024-07-09 13:08:00,424.13,424.15,424.13,424.15,0.0,56.6,24033.81,1
2024-07-09,2024-07-09 13:09:00,424.15,424.17,424.15,424.17,0.0,56.6,24033.81,1
2024-07-09,2024-07-09 13:10:00,424.17,424.18,424.17,424.18,0.0,56.6,24033.81,1
2024-07-09,2024-07-09 13:11:00,424.18,424.2,424.18,424.2,0.0,56.6,24033.81,1
2024-07-09,2024-07-09 13:12:00,424.2,424.22,424.2,424.22,0.0,56.6,24033.81,1
2024-07-09,2024-07-09 13:13:00,424.22,424.23,424.22,424.23,0.0,56.6,24033.81,1
2024-07-09,2024-07-09 13:14:00,424.23,424.25,424.23,424.25,0.0,56.6,24033.81,1
2024-07-09,2024-07-09 13:15:00,424.25,424.27,424.25,424.27,0.0,56.6,24033.81,1
2024-07-09,2024-07-09 13:16:00,424.27,424.28,424.27,424.28,0.0,56.6,24033.81,1
2024-07-09,2024-07-09 13:17:00,424.28,424.3,424.28,424.3,0.0,56.6,24033.81,1
2024-07-09,2024-07-09 13:18:00,424.3,424.32,424.3,424.32,0.0,56.6,24033.81,1
2024-07-09,2024-07-09 13:19:00,424.32,424.33,424.32,424.33,0.0,56.6,24033.81,1
2024-07-09,2024-07-09 13:20:00,424.33,424.35,424.33,424.35,0.0,56.6,24033.81,1
2024-07-09,2024-07-09 13:21:00,424.35,424.37,424.35,424.37,0.0,56.6,24033.81,1
2024-07-09,2024-07-09 13:22:00,424.37,424.38,424.37,424.38,0.0,56.6,24033.81,1
2024-07-09,2024-07-09 13:23:00,424.38,424.4,424.38,424.4,0.0,56.6,24033.81,1
2024-07-09,2024-07-09 13:24:00,424.4,424.42,424.4,424.42,0.0,56.6,24033.81,1
2024-07-09,2024-07-09 13:25:00,424.42,424.43,424.42,424.43,0.0,56.6,24033.81,1
2024-07-09,2024-07-09 13:26:00,424.43,424.45,424.43,424.45,0.0,56.6,24033.81,1
2024-07-09,2024-07-09 13:27:00,424.45,424.47,424.45,424.47,0.0,56.6,24033.81,1
2024-07-09,2024-07-09 13:28:00,424.47,424.48,424.47,424.48,0.0,56.6,24033.81,1
2024-07-09,2024-07-09 13:29:00,424.48,424.5,424.48,424.5,0.0,56.6,24033.81,1
2024-07-09,2024-07-09 13:30:00,424.5,424.52,424.5,424.52,0.0,56.6,24033.81,1
2024-07-09,2024-07-09 13:31:00,424.52,424.53,424.52,424.53,0.0,56.6,24033.81,1
2024-07-09,2024-07-09 13:32:00,424.53,424.55,424.53,424.55,0.0,56.6,24033.81,1
2024-07-09,2024-07-09 13:33:00,424.55,424.57,424.55,424.57,0.0,56.6,24033.81,1
2024-07-09,2024-07-09 13:34:00,424.57,424.58,424.57,424.58,0.0,56.6,24033.81,1
2024-07-09,2024-07-09 13:35:00,424.58,424.6,424.58,424.6,0.0,56.6,24033.81,1
2024-07-09,2024-07-09 13:36:00,424.6,424.62,424.6,424.62,0.0,56.6,24033.81,1
2024-07-09,2024-07-09 13:37:00,424.62,424.63,424.62,424.63,0.0,56.6,24033.81,1
2024-07-09,2024-07-09 13:38:00,424.63,424.65,424.63,424.65,0.0,56.6,24033.81,1
2024-07-09,2024-07-09 13:39:00,424.65,424.67,424.65,424.67,0.0,56.6,24033.81,1
2024-07-09,2024-07-09 13:40:00,424.67,424.68,424.67,424.68,0.0,56.6,24033.81,1
2024-07-09,2024-07-09 13:41:00,424.68,424.7,424.68,424.7,0.0,56.6,24033.81,1
2024-07-09,2024-07-09 13:42:00,424.7,424.72,424.7,424.72,0.0,56.6,24033.81,1
2024-07-09,2024-07-09 13:43:00,424.72,424.73,424.72,424.73,0.0,56.6,24033.81,1
2024-07-09,2024-07-09 13:44:00,424.73,424.75,424.73,424.75,0.0,56.6,24033.81,1
2024-07-09,2024-07-09 13:45:00,424.75,424.77,424.75,424.77,0.0,56.6,24033.81,1
2024-07-09,2024-07-09 13:46:00,424.77,424.78,424.77,424.78,0.0,56.6,24033.81,1
2024-07-09,2024-07-09 13:47:00,424.78,424.8,424.78,424.8,0.0,56.6,24033.81,1
2024-07-09,2024-07-09 13:48:00,424.8,424.82,424.8,424.82,0.0,56.6,24033.81,1
2024-07-09,2024-07-09 13:49:00,424.82,424.83,424.82,424.83,0.0,56.6,24033.81,1
2024-07-09,2024-07-09 13:50:00,424.83,424.85,424.83,424.85,0.0,56.6,24033.81,1
2024-07-09,2024-07-09 13:51:00,424.85,424.87,424.85,424.87,0.0,56.6,24033.81,1
2024-07-09,2024-07-09 13:52:00,424.87,424.88,424.87,424.88,0.0,56.6,24033.81,1
2024-07-09,2024-07-09 13:53:00,424.88,424.9,424.88,424.9,0.0,56.6,24033.81,1
2024-07-09,2024-07-09 13:54:00,424.9,424.92,424.9,424.92,0.0,56.6,24033.81,1
2024-07-09,2024-07-09 13:55:00,424.92,424.93,424.92,424.93,0.0,56.6,24033.81,1
2024-07-09,2024-07-09 13:56:00,424.93,424.95,424.93,424.95,0.0,56.6,24033.81,1
2024-07-09,2024-07-09 13:57:00,424.95,424.97,424.95,424.97,0.0,56.6,24033.81,1
2024-07-09,2024-07-09 13:58:00,424.97,424.98,424.97,424.98,0.0,56.6,24033.81,1
2024-07-09,2024-07-09 13:59:00,424.98,425.0,424.98,425.0,0.0,56.6,24033.81,1
2024-07-09,2024-07-09 14:00:00,425.0,425.02,425.0,425.02,0.0,56.6,24033.81,1
2024-07-09,2024-07-09 14:01:00,425.02,425.03,425.02,425.03,0.0,56.6,24033.81,1
2024-07-09,2024-07-09 14:02:00,425.03,425.05,425.03,425.05,0.0,56.6,24033.81,1
2024-07-09,2024-07-09 14:03:00,425.05,425.07,425.05,425.07,0.0,56.6,24033.81,1
2024-07-09,2024-07-09 14:04:00,425.07,425.08,425.07,425.08,0.0,56.6,24033.81,1
2024-07-09,2024-07-09 14:05:00,425.08,425.1,425.08,425.1,0.0,56.6,24033.81,1
2024-07-09,2024-07-09 14:06:00,425.1,425.12,425.1,425.12,0.0,56.6,24033.81,1
2024-07-09,2024-07-09 14:07:00,425.12,425.13,425.12,425.13,0.0,56.6,24033.81,1
2024-07-09,2024-07-09 14:08:00,425.13,425.15,425.13,425.15,0.0,56.6,24033.81,1
2024-07-09,2024-07-09 14:09:00,425.15,425.17,425.15,425.17,0.0,56.6,24033.81,1
2024-07-09,2024-07-09 14:10:00,425.17,425.18,425.17,425.18,0.0,56.6,24033.81,1
2024-07-09,2024-07-09 14:11:00,425.18,425.2,425.18,425.2,0.0,56.6,24033.81,1
2024-07-09,2024-07-09 14:12:00,425.2,425.22,425.2,425.22,0.0,56.6,24033.81,1
2024-07-09,2024-07-09 14:13:00,425.22,425.23,425.22,425.23,0.0,56.6,24033.81,1
2024-07-09,2024-07-09 14:14:00,425.23,425.25,425.23,425.25,0.0,56.6,24033.81,1
2024-07-09,2024-07-09 14:15:00,425.25,425.27,425.25,425.27,0.0,56.6,24033.81,1
2024-07-09,2024-07-09 14:16:00,425.27,425.28,425.27,425.28,0.0,56.6,24033.81,1
2024-07-09,2024-07-09 14:17:00,425.28,425.3,425.28,425.3,0.0,56.6,24033.81,1
2024-07-09,2024-07-09 14:18:00,425.3,425.32,425.3,425.32,0.0,56.6,24033.81,1
2024-07-09,2024-07-09 14:19:00,425.32,425.33,425.32,425.33,0.0,56.6,24033.81,1
2024-07-09,2024-07-09 14:20:00,425.33,425.35,425.33,425.35,0.0,56.6,24033.81,1
2024-07-09,2024-07-09 14:21:00,425.35,425.37,425.35,425.37,0.0,56.6,24033.81,1
2024-07-09,2024-07-09 14:22:00,425.37,425.38,425.37,425.38,0.0,56.6,24033.81,1
2024-07-09,2024-07-09 14:23:00,425.38,425.4,425.38,425.4,0.0,56.6,24033.81,1
2024-07-09,2024-07-09 14:24:00,425.4,425.42,425.4,425.42,0.0,56.6,24033.81,1
2024-07-09,2024-07-09 14:25:00,425.42,425.43,425.42,425.43,0.0,56.6,24033.81,1
2024-07-09,2024-07-09 14:26:00,425.43,425.45,425.43,425.45,0.0,56.6,24033.81,1
2024-07-09,2024-07-09 14:27:00,425.45,425.47,425.45,425.47,0.0,56.6,24033.81,1
2024-07-09,2024-07-09 14:28:00,425.47,425.48,425.47,425.48,0.0,56.6,24033.81,1
2024-07-09,2024-07-09 14:29:00,425.48,425.5,425.48,425.5,0.0,56.6,24033.81,1
2024-07-09,2024-07-09 14:30:00,425.5,425.52,425.5,425.52,0.0,56.6,24033.81,1
2024-07-09,2024-07-09 14:31:00,425.52,425.53,425.52,425.53,0.0,56.6,24033.81,1
2024-07-09,2024-07-09 14:32:00,425.53,425.55,425.53,425.55,0.0,56.6,24033.81,1
2024-07-09,2024-07-09 14:33:00,425.55,425.57,425.55,425.57,0.0,56.6,24033.81,1
2024-07-09,2024-07-09 14:34:00,425.57,425.58,425.57,425.58,0.0,56.6,24033.81,1
2024-07-09,2024-07-09 14:35:00,425.58,425.6,425.58,425.6,0.0,56.6,24033.81,1
2024-07-09,2024-07-09 14:36:00,425.6,425.62,425.6,425.62,0.0,56.6,24033.81,1
2024-07-09,2024-07-09 14:37:00,425.62,425.63,425.62,425.63,0.0,56.6,24033.81,1
2024-07-09,2024-07-09 14:38:00,425.63,425.65,425.63,425.65,0.0,56.6,24033.81,1
2024-07-09,2024-07-09 14:39:00,425.65,425.67,425.65,425.67,0.0,56.6,24033.81,1
2024-07-09,2024-07-09 14:40:00,425.67,425.68,425.67,425.68,0.0,56.6,24033.81,1
2024-07-09,2024-07-09 14:41:00,425.68,425.7,425.68,425.7,0.0,56.6,24033.81,1
2024-07-09,2024-07-09 14:42:00,425.7,425.72,425.7,425.72,0.0,56.6,24033.81,1
2024-07-09,2024-07-09 14:43:00,425.72,425.73,425.72,425.73,0.0,56.6,24033.81,1
2024-07-09,2024-07-09 14:44:00,425.73,425.75,425.73,425.75,0.0,56.6,24033.81,1
2024-07-09,2024-07-09 14:45:00,425.75,425.77,425.75,425.77,0.0,56.6,24033.81,1
2024-07-09,2024-07-09 14:46:00,425.77,425.78,425.77,425.78,0.0,56.6,24033.81,1
2024-07-09,2024-07-09 14:47:00,425.78,425.8,425.78,425.8,0.0,56.6,24033.81,1
2024-07-09,2024-07-09 14:48:00,425.8,425.82,425.8,425.82,0.0,56.6,24033.81,1
2024-07-09,2024-07-09 14:49:00,425.82,425.83,425.82,425.83,0.0,56.6,24033.81,1
2024-07-09,2024-07-09 14:50:00,425.83,425.85,425.83,425.85,0.0,56.6,24033.81,1
2024-07-09,2024-07-09 14:51:00,425.85,425.87,425.85,425.87,0.0,56.6,24033.81,1
2024-07-09,2024-07-09 14:52:00,425.87,425.88,425.87,425.88,0.0,56.6,24033.81,1
2024-07-09,2024-07-09 14:53:00,425.88,425.9,425.88,425.9,0.0,56.6,24033.81,1
2024-07-09,2024-07-09 14:54:00,425.9,425.92,425.9,425.92,0.0,56.6,24033.81,1
2024-07-09,2024-07-09 14:55:00,425.92,425.93,425.92,425.93,0.0,56.6,24033.81,1
2024-07-09,2024-07-09 14:56:00,425.93,425.95,425.93,425.95,0.0,56.6,24033.81,1
2024-07-09,2024-07-09 14:57:00,425.95,425.97,425.95,425.97,0.0,56.6,24033.81,1
2024-07-09,2024-07-09 14:58:00,425.97,425.98,425.97,425.98,0.0,56.6,24033.81,1
2024-07-09,2024-07-09 14:59:00,425.98,426.0,425.98,426.0,0.0,56.6,24033.81,1
2024-07-09,2024-07-09 15:00:00,426.0,429.2,420.0,426.0,0.0,56.6,24033.81,0
2024-07-10,2024-07-10 11:00:00,420.0,424.2,419.28,420.04,0.01,42.46,18114.26,1
2024-07-10,2024-07-10 11:01:00,420.04,420.07,420.04,420.07,0.01,42.46,18114.26,1
2024-07-10,2024-07-10 11:02:00,420.07,420.11,420.07,420.11,0.01,42.46,18114.26,1
2024-07-10,2024-07-10 11:03:00,420.11,420.15,420.11,420.15,0.01,42.46,18114.26,1
2024-07-10,2024-07-10 11:04:00,420.15,420.19,420.15,420.19,0.01,42.46,18114.26,1
2024-07-10,2024-07-10 11:05:00,420.19,420.23,420.19,420.23,0.01,42.46,18114.26,1
2024-07-10,2024-07-10 11:06:00,420.23,420.26,420.23,420.26,0.01,42.46,18114.26,1
2024-07-10,2024-07-10 11:07:00,420.26,420.3,420.26,420.3,0.01,42.46,18114.26,1
2024-07-10,2024-07-10 11:08:00,420.3,420.34,420.3,420.34,0.01,42.46,18114.26,1
2024-07-10,2024-07-10 11:09:00,420.34,420.38,420.34,420.38,0.01,42.46,18114.26,1
2024-07-10,2024-07-10 11:10:00,420.38,420.41,420.38,420.41,0.01,42.46,18114.26,1
2024-07-10,2024-07-10 11:11:00,420.41,420.45,420.41,420.45,0.01,42.46,18114.26,1
2024-07-10,2024-07-10 11:12:00,420.45,420.49,420.45,420.49,0.01,42.46,18114.26,1
2024-07-10,2024-07-10 11:13:00,420.49,420.52,420.49,420.52,0.01,42.46,18114.26,1
2024-07-10,2024-07-10 11:14:00,420.52,420.56,420.52,420.56,0.01,42.46,18114.26,1
2024-07-10,2024-07-10 11:15:00,420.56,420.6,420.56,420.6,0.01,42.46,18114.26,1
2024-07-10,2024-07-10 11:16:00,420.6,420.64,420.6,420.64,0.01,42.46,18114.26,1
2024-07-10,2024-07-10 11:17:00,420.64,420.68,420.64,420.68,0.01,42.46,18114.26,1
2024-07-10,2024-07-10 11:18:00,420.68,420.71,420.68,420.71,0.01,42.46,18114.26,1
2024-07-10,2024-07-10 11:19:00,420.71,420.75,420.71,420.75,0.01,42.46,18114.26,1
2024-07-10,2024-07-10 11:20:00,420.75,420.79,420.75,420.79,0.01,42.46,18114.26,1
2024-07-10,2024-07-10 11:21:00,420.79,420.82,420.79,420.82,0.01,42.46,18114.26,1
2024-07-10,2024-07-10 11:22:00,420.82,420.86,420.82,420.86,0.01,42.46,18114.26,1
2024-07-10,2024-07-10 11:23:00,420.86,420.9,420.86,420.9,0.01,42.46,18114.26,1
2024-07-10,2024-07-10 11:24:00,420.9,420.94,420.9,420.94,0.01,42.46,18114.26,1
2024-07-10,2024-07-10 11:25:00,420.94,420.98,420.94,420.98,0.01,42.46,18114.26,1
2024-07-10,2024-07-10 11:26:00,420.98,421.01,420.98,421.01,0.01,42.46,18114.26,1
2024-07-10,2024-07-10 11:27:00,421.01,421.05,421.01,421.05,0.01,42.46,18114.26,1
2024-07-10,2024-07-10 11:28:00,421.05,421.09,421.05,421.09,0.01,42.46,18114.26,1
2024-07-10,2024-07-10 11:29:00,421.09,421.12,421.09,421.12,0.01,42.46,18114.26,1
2024-07-10,2024-07-10 11:30:00,421.12,421.16,421.12,421.16,0.01,42.46,18114.26,1
2024-07-10,2024-07-10 11:31:00,421.16,421.2,421.16,421.2,0.01,42.46,18114.26,1
2024-07-10,2024-07-10 11:32:00,421.2,421.24,421.2,421.24,0.01,42.46,18114.26,1
2024-07-10,2024-07-10 11:33:00,421.24,421.27,421.24,421.27,0.01,42.46,18114.26,1
2024-07-10,2024-07-10 11:34:00,421.27,421.31,421.27,421.31,0.01,42.46,18114.26,1
2024-07-10,2024-07-10 11:35:00,421.31,421.35,421.31,421.35,0.01,42.46,18114.26,1
2024-07-10,2024-07-10 11:36:00,421.35,421.39,421.35,421.39,0.01,42.46,18114.26,1
2024-07-10,2024-07-10 11:37:00,421.39,421.43,421.39,421.43,0.01,42.46,18114.26,1
2024-07-10,2024-07-10 11:38:00,421.43,421.46,421.43,421.46,0.01,42.46,18114.26,1
2024-07-10,2024-07-10 11:39:00,421.46,421.5,421.46,421.5,0.01,42.46,18114.26,1
2024-07-10,2024-07-10 11:40:00,421.5,421.54,421.5,421.54,0.01,42.46,18114.26,1
2024-07-10,2024-07-10 11:41:00,421.54,421.57,421.54,421.57,0.01,42.46,18114.26,1
2024-07-10,2024-07-10 11:42:00,421.57,421.61,421.57,421.61,0.01,42.46,18114.26,1
2024-07-10,2024-07-10 11:43:00,421.61,421.65,421.61,421.65,0.01,42.46,18114.26,1
2024-07-10,2024-07-10 11:44:00,421.65,421.69,421.65,421.69,0.01,42.46,18114.26,1
2024-07-10,2024-07-10 11:45:00,421.69,421.73,421.69,421.73,0.01,42.46,18114.26,1
2024-07-10,2024-07-10 11:46:00,421.73,421.76,421.73,421.76,0.01,42.46,18114.26,1
2024-07-10,2024-07-10 11:47:00,421.76,421.8,421.76,421.8,0.01,42.46,18114.26,1
2024-07-10,2024-07-10 11:48:00,421.8,421.84,421.8,421.84,0.01,42.46,18114.26,1
2024-07-10,2024-07-10 11:49:00,421.84,421.88,421.84,421.88,0.01,42.46,18114.26,1
2024-07-10,2024-07-10 11:50:00,421.88,421.91,421.88,421.91,0.01,42.46,18114.26,1
2024-07-10,2024-07-10 11:51:00,421.91,421.95,421.91,421.95,0.01,42.46,18114.26,1
2024-07-10,2024-07-10 11:52:00,421.95,421.99,421.95,421.99,0.01,42.46,18114.26,1
2024-07-10,2024-07-10 11:53:00,421.99,422.02,421.99,422.02,0.01,42.46,18114.26,1
2024-07-10,2024-07-10 11:54:00,422.02,422.06,422.02,422.06,0.01,42.46,18114.26,1
2024-07-10,2024-07-10 11:55:00,422.06,422.1,422.06,422.1,0.01,42.46,18114.26,1
2024-07-10,2024-07-10 11:56:00,422.1,422.14,422.1,422.14,0.01,42.46,18114.26,1
2024-07-10,2024-07-10 11:57:00,422.14,422.18,422.14,422.18,0.01,42.46,18114.26,1
2024-07-10,2024-07-10 11:58:00,422.18,422.21,422.18,422.21,0.01,42.46,18114.26,1
2024-07-10,2024-07-10 11:59:00,422.21,422.25,422.21,422.25,0.01,42.46,18114.26,1
2024-07-10,2024-07-10 12:00:00,422.25,422.29,422.25,422.29,0.01,42.46,18114.26,1
2024-07-10,2024-07-10 12:01:00,422.29,422.32,422.29,422.32,0.01,42.46,18114.26,1
2024-07-10,2024-07-10 12:02:00,422.32,422.36,422.32,422.36,0.01,42.46,18114.26,1
2024-07-10,2024-07-10 12:03:00,422.36,422.4,422.36,422.4,0.01,42.46,18114.26,1
2024-07-10,2024-07-10 12:04:00,422.4,422.44,422.4,422.44,0.01,42.46,18114.26,1
2024-07-10,2024-07-10 12:05:00,422.44,422.48,422.44,422.48,0.01,42.46,18114.26,1
2024-07-10,2024-07-10 12:06:00,422.48,422.51,422.48,422.51,0.01,42.46,18114.26,1
2024-07-10,2024-07-10 12:07:00,422.51,422.55,422.51,422.55,0.01,42.46,18114.26,1
2024-07-10,2024-07-10 12:08:00,422.55,422.59,422.55,422.59,0.01,42.46,18114.26,1
2024-07-10,2024-07-10 12:09:00,422.59,422.62,422.59,422.62,0.01,42.46,18114.26,1
2024-07-10,2024-07-10 12:10:00,422.62,422.66,422.62,422.66,0.01,42.46,18114.26,1
2024-07-10,2024-07-10 12:11:00,422.66,422.7,422.66,422.7,0.01,42.46,18114.26,1
2024-07-10,2024-07-10 12:12:00,422.7,422.74,422.7,422.74,0.01,42.46,18114.26,1
2024-07-10,2024-07-10 12:13:00,422.74,422.77,422.74,422.77,0.01,42.46,18114.26,1
2024-07-10,2024-07-10 12:14:00,422.77,422.81,422.77,422.81,0.01,42.46,18114.26,1
2024-07-10,2024-07-10 12:15:00,422.81,422.85,422.81,422.85,0.01,42.46,18114.26,1
2024-07-10,2024-07-10 12:16:00,422.85,422.89,422.85,422.89,0.01,42.46,18114.26,1
2024-07-10,2024-07-10 12:17:00,422.89,422.93,422.89,422.93,0.01,42.46,18114.26,1
2024-07-10,2024-07-10 12:18:00,422.93,422.96,422.93,422.96,0.01,42.46,18114.26,1
2024-07-10,2024-07-10 12:19:00,422.96,423.0,422.96,423.0,0.01,42.46,18114.26,1
2024-07-10,2024-07-10 12:20:00,423.0,423.04,423.0,423.04,0.01,42.46,18114.26,1
2024-07-10,2024-07-10 12:21:00,423.04,423.07,423.04,423.07,0.01,42.46,18114.26,1
2024-07-10,2024-07-10 12:22:00,423.07,423.11,423.07,423.11,0.01,42.46,18114.26,1
2024-07-10,2024-07-10 12:23:00,423.11,423.15,423.11,423.15,0.01,42.46,18114.26,1
2024-07-10,2024-07-10 12:24:00,423.15,423.19,423.15,423.19,0.01,42.46,18114.26,1
2024-07-10,2024-07-10 12:25:00,423.19,423.23,423.19,423.23,0.01,42.46,18114.26,1
2024-07-10,2024-07-10 12:26:00,423.23,423.26,423.23,423.26,0.01,42.46,18114.26,1
2024-07-10,2024-07-10 12:27:00,423.26,423.3,423.26,423.3,0.01,42.46,18114.26,1
2024-07-10,2024-07-10 12:28:00,423.3,423.34,423.3,423.34,0.01,42.46,18114.26,1
2024-07-10,2024-07-10 12:29:00,423.34,423.38,423.34,423.38,0.01,42.46,18114.26,1
2024-07-10,2024-07-10 12:30:00,423.38,423.41,423.38,423.41,0.01,42.46,18114.26,1
2024-07-10,2024-07-10 12:31:00,423.41,423.45,423.41,423.45,0.01,42.46,18114.26,1
2024-07-10,2024-07-10 12:32:00,423.45,423.49,423.45,423.49,0.01,42.46,18114.26,1
2024-07-10,2024-07-10 12:33:00,423.49,423.52,423.49,423.52,0.01,42.46,18114.26,1
2024-07-10,2024-07-10 12:34:00,423.52,423.56,423.52,423.56,0.01,42.46,18114.26,1
2024-07-10,2024-07-10 12:35:00,423.56,423.6,423.56,423.6,0.01,42.46,18114.26,1
2024-07-10,2024-07-10 12:36:00,423.6,423.64,423.6,423.64,0.01,42.46,18114.26,1
2024-07-10,2024-07-10 12:37:00,423.64,423.68,423.64,423.68,0.01,42.46,18114.26,1
2024-07-10,2024-07-10 12:38:00,423.68,423.71,423.68,423.71,0.01,42.46,18114.26,1
2024-07-10,2024-07-10 12:39:00,423.71,423.75,423.71,423.75,0.01,42.46,18114.26,1
2024-07-10,2024-07-10 12:40:00,423.75,423.79,423.75,423.79,0.01,42.46,18114.26,1
2024-07-10,2024-07-10 12:41:00,423.79,423.82,423.79,423.82,0.01,42.46,18114.26,1
2024-07-10,2024-07-10 12:42:00,423.82,423.86,423.82,423.86,0.01,42.46,18114.26,1
2024-07-10,2024-07-10 12:43:00,423.86,423.9,423.86,423.9,0.01,42.46,18114.26,1
2024-07-10,2024-07-10 12:44:00,423.9,423.94,423.9,423.94,0.01,42.46,18114.26,1
2024-07-10,2024-07-10 12:45:00,423.94,423.98,423.94,423.98,0.01,42.46,18114.26,1
2024-07-10,2024-07-10 12:46:00,423.98,424.01,423.98,424.01,0.01,42.46,18114.26,1
2024-07-10,2024-07-10 12:47:00,424.01,424.05,424.01,424.05,0.01,42.46,18114.26,1
2024-07-10,2024-07-10 12:48:00,424.05,424.09,424.05,424.09,0.01,42.46,18114.26,1
2024-07-10,2024-07-10 12:49:00,424.09,424.12,424.09,424.12,0.01,42.46,18114.26,1
2024-07-10,2024-07-10 12:50:00,424.12,424.16,424.12,424.16,0.01,42.46,18114.26,1
2024-07-10,2024-07-10 12:51:00,424.16,424.2,424.16,424.2,0.01,42.46,18114.26,1
2024-07-10,2024-07-10 12:52:00,424.2,424.24,424.2,424.24,0.01,42.46,18114.26,1
2024-07-10,2024-07-10 12:53:00,424.24,424.27,424.24,424.27,0.01,42.46,18114.26,1
2024-07-10,2024-07-10 12:54:00,424.27,424.31,424.27,424.31,0.01,42.46,18114.26,1
2024-07-10,2024-07-10 12:55:00,424.31,424.35,424.31,424.35,0.01,42.46,18114.26,1
2024-07-10,2024-07-10 12:56:00,424.35,424.39,424.35,424.39,0.01,42.46,18114.26,1
2024-07-10,2024-07-10 12:57:00,424.39,424.43,424.39,424.43,0.01,42.46,18114.26,1
2024-07-10,2024-07-10 12:58:00,424.43,424.46,424.43,424.46,0.01,42.46,18114.26,1
2024-07-10,2024-07-10 12:59:00,424.46,424.5,424.46,424.5,0.01,42.46,18114.26,1
2024-07-10,2024-07-10 13:00:00,424.5,434.0,417.6,424.54,0.01,42.46,18114.26,1
2024-07-10,2024-07-10 13:01:00,424.54,424.57,424.54,424.57,0.01,42.46,18114.26,1
2024-07-10,2024-07-10 13:02:00,424.57,424.61,424.57,424.61,0.01,42.46,18114.26,1
2024-07-10,2024-07-10 13:03:00,424.61,424.65,424.61,424.65,0.01,42.46,18114.26,1
2024-07-10,2024-07-10 13:04:00,424.65,424.69,424.65,424.69,0.01,42.46,18114.26,1
2024-07-10,2024-07-10 13:05:00,424.69,424.73,424.69,424.73,0.01,42.46,18114.26,1
2024-07-10,2024-07-10 13:06:00,424.73,424.76,424.73,424.76,0.01,42.46,18114.26,1
2024-07-10,2024-07-10 13:07:00,424.76,424.8,424.76,424.8,0.01,42.46,18114.26,1
2024-07-10,2024-07-10 13:08:00,424.8,424.84,424.8,424.84,0.01,42.46,18114.26,1
2024-07-10,2024-07-10 13:09:00,424.84,424.88,424.84,424.88,0.01,42.46,18114.26,1
2024-07-10,2024-07-10 13:10:00,424.88,424.91,424.88,424.91,0.01,42.46,18114.26,1
2024-07-10,2024-07-10 13:11:00,424.91,424.95,424.91,424.95,0.01,42.46,18114.26,1
2024-07-10,2024-07-10 13:12:00,424.95,424.99,424.95,424.99,0.01,42.46,18114.26,1
2024-07-10,2024-07-10 13:13:00,424.99,425.02,424.99,425.02,0.01,42.46,18114.26,1
2024-07-10,2024-07-10 13:14:00,425.02,425.06,425.02,425.06,0.01,42.46,18114.26,1
2024-07-10,2024-07-10 13:15:00,425.06,425.1,425.06,425.1,0.01,42.46,18114.26,1
2024-07-10,2024-07-10 13:16:00,425.1,425.14,425.1,425.14,0.01,42.46,18114.26,1
2024-07-10,2024-07-10 13:17:00,425.14,425.18,425.14,425.18,0.01,42.46,18114.26,1
2024-07-10,2024-07-10 13:18:00,425.18,425.21,425.18,425.21,0.01,42.46,18114.26,1
2024-07-10,2024-07-10 13:19:00,425.21,425.25,425.21,425.25,0.01,42.46,18114.26,1
2024-07-10,2024-07-10 13:20:00,425.25,425.29,425.25,425.29,0.01,42.46,18114.26,1
2024-07-10,2024-07-10 13:21:00,425.29,425.32,425.29,425.32,0.01,42.46,18114.26,1
2024-07-10,2024-07-10 13:22:00,425.32,425.36,425.32,425.36,0.01,42.46,18114.26,1
2024-07-10,2024-07-10 13:23:00,425.36,425.4,425.36,425.4,0.01,42.46,18114.26,1
2024-07-10,2024-07-10 13:24:00,425.4,425.44,425.4,425.44,0.01,42.46,18114.26,1
2024-07-10,2024-07-10 13:25:00,425.44,425.48,425.44,425.48,0.01,42.46,18114.26,1
2024-07-10,2024-07-10 13:26:00,425.48,425.51,425.48,425.51,0.01,42.46,18114.26,1
2024-07-10,2024-07-10 13:27:00,425.51,425.55,425.51,425.55,0.01,42.46,18114.26,1
2024-07-10,2024-07-10 13:28:00,425.55,425.59,425.55,425.59,0.01,42.46,18114.26,1
2024-07-10,2024-07-10 13:29:00,425.59,425.62,425.59,425.62,0.01,42.46,18114.26,1
2024-07-10,2024-07-10 13:30:00,425.62,425.66,425.62,425.66,0.01,42.46,18114.26,1
2024-07-10,2024-07-10 13:31:00,425.66,425.7,425.66,425.7,0.01,42.46,18114.26,1
2024-07-10,2024-07-10 13:32:00,425.7,425.74,425.7,425.74,0.01,42.46,18114.26,1
2024-07-10,2024-07-10 13:33:00,425.74,425.77,425.74,425.77,0.01,42.46,18114.26,1
2024-07-10,2024-07-10 13:34:00,425.77,425.81,425.77,425.81,0.01,42.46,18114.26,1
2024-07-10,2024-07-10 13:35:00,425.81,425.85,425.81,425.85,0.01,42.46,18114.26,1
2024-07-10,2024-07-10 13:36:00,425.85,425.89,425.85,425.89,0.01,42.46,18114.26,1
2024-07-10,2024-07-10 13:37:00,425.89,425.93,425.89,425.93,0.01,42.46,18114.26,1
2024-07-10,2024-07-10 13:38:00,425.93,425.96,425.93,425.96,0.01,42.46,18114.26,1
2024-07-10,2024-07-10 13:39:00,425.96,426.0,425.96,426.0,0.01,42.46,18114.26,1
2024-07-10,2024-07-10 13:40:00,426.0,426.04,426.0,426.04,0.01,42.46,18114.26,1
2024-07-10,2024-07-10 13:41:00,426.04,426.07,426.04,426.07,0.01,42.46,18114.26,1
2024-07-10,2024-07-10 13:42:00,426.07,426.11,426.07,426.11,0.01,42.46,18114.26,1
2024-07-10,2024-07-10 13:43:00,426.11,426.15,426.11,426.15,0.01,42.46,18114.26,1
2024-07-10,2024-07-10 13:44:00,426.15,426.19,426.15,426.19,0.01,42.46,18114.26,1
2024-07-10,2024-07-10 13:45:00,426.19,426.23,426.19,426.23,0.01,42.46,18114.26,1
2024-07-10,2024-07-10 13:46:00,426.23,426.26,426.23,426.26,0.01,42.46,18114.26,1
2024-07-10,2024-07-10 13:47:00,426.26,426.3,426.26,426.3,0.01,42.46,18114.26,1
2024-07-10,2024-07-10 13:48:00,426.3,426.34,426.3,426.34,0.01,42.46,18114.26,1
2024-07-10,2024-07-10 13:49:00,426.34,426.38,426.34,426.38,0.01,42.46,18114.26,1
2024-07-10,2024-07-10 13:50:00,426.38,426.41,426.38,426.41,0.01,42.46,18114.26,1
2024-07-10,2024-07-10 13:51:00,426.41,426.45,426.41,426.45,0.01,42.46,18114.26,1
2024-07-10,2024-07-10 13:52:00,426.45,426.49,426.45,426.49,0.01,42.46,18114.26,1
2024-07-10,2024-07-10 13:53:00,426.49,426.52,426.49,426.52,0.01,42.46,18114.26,1
2024-07-10,2024-07-10 13:54:00,426.52,426.56,426.52,426.56,0.01,42.46,18114.26,1
2024-07-10,2024-07-10 13:55:00,426.56,426.6,426.56,426.6,0.01,42.46,18114.26,1
2024-07-10,2024-07-10 13:56:00,426.6,426.64,426.6,426.64,0.01,42.46,18114.26,1
2024-07-10,2024-07-10 13:57:00,426.64,426.68,426.64,426.68,0.01,42.46,18114.26,1
2024-07-10,2024-07-10 13:58:00,426.68,426.71,426.68,426.71,0.01,42.46,18114.26,1
2024-07-10,2024-07-10 13:59:00,426.71,426.75,426.71,426.75,0.01,42.46,18114.26,1
2024-07-10,2024-07-10 14:00:00,426.75,426.79,426.75,426.79,0.01,42.46,18114.26,1
2024-07-10,2024-07-10 14:01:00,426.79,426.82,426.79,426.82,0.01,42.46,18114.26,1
2024-07-10,2024-07-10 14:02:00,426.82,426.86,426.82,426.86,0.01,42.46,18114.26,1
2024-07-10,2024-07-10 14:03:00,426.86,426.9,426.86,426.9,0.01,42.46,18114.26,1
2024-07-10,2024-07-10 14:04:00,426.9,426.94,426.9,426.94,0.01,42.46,18114.26,1
2024-07-10,2024-07-10 14:05:00,426.94,426.98,426.94,426.98,0.01,42.46,18114.26,1
2024-07-10,2024-07-10 14:06:00,426.98,427.01,426.98,427.01,0.01,42.46,18114.26,1
2024-07-10,2024-07-10 14:07:00,427.01,427.05,427.01,427.05,0.01,42.46,18114.26,1
2024-07-10,2024-07-10 14:08:00,427.05,427.09,427.05,427.09,0.01,42.46,18114.26,1
2024-07-10,2024-07-10 14:09:00,427.09,427.12,427.09,427.12,0.01,42.46,18114.26,1
2024-07-10,2024-07-10 14:10:00,427.12,427.16,427.12,427.16,0.01,42.46,18114.26,1
2024-07-10,2024-07-10 14:11:00,427.16,427.2,427.16,427.2,0.01,42.46,18114.26,1
2024-07-10,2024-07-10 14:12:00,427.2,427.24,427.2,427.24,0.01,42.46,18114.26,1
2024-07-10,2024-07-10 14:13:00,427.24,427.27,427.24,427.27,0.01,42.46,18114.26,1
2024-07-10,2024-07-10 14:14:00,427.27,427.31,427.27,427.31,0.01,42.46,18114.26,1
2024-07-10,2024-07-10 14:15:00,427.31,427.35,427.31,427.35,0.01,42.46,18114.26,1
2024-07-10,2024-07-10 14:16:00,427.35,427.39,427.35,427.39,0.01,42.46,18114.26,1
2024-07-10,2024-07-10 14:17:00,427.39,427.43,427.39,427.43,0.01,42.46,18114.26,1
2024-07-10,2024-07-10 14:18:00,427.43,427.46,427.43,427.46,0.01,42.46,18114.26,1
2024-07-10,2024-07-10 14:19:00,427.46,427.5,427.46,427.5,0.01,42.46,18114.26,1
2024-07-10,2024-07-10 14:20:00,427.5,427.54,427.5,427.54,0.01,42.46,18114.26,1
2024-07-10,2024-07-10 14:21:00,427.54,427.57,427.54,427.57,0.01,42.46,18114.26,1
2024-07-10,2024-07-10 14:22:00,427.57,427.61,427.57,427.61,0.01,42.46,18114.26,1
2024-07-10,2024-07-10 14:23:00,427.61,427.65,427.61,427.65,0.01,42.46,18114.26,1
2024-07-10,2024-07-10 14:24:00,427.65,427.69,427.65,427.69,0.01,42.46,18114.26,1
2024-07-10,2024-07-10 14:25:00,427.69,427.73,427.69,427.73,0.01,42.46,18114.26,1
2024-07-10,2024-07-10 14:26:00,427.73,427.76,427.73,427.76,0.01,42.46,18114.26,1
2024-07-10,2024-07-10 14:27:00,427.76,427.8,427.76,427.8,0.01,42.46,18114.26,1
2024-07-10,2024-07-10 14:28:00,427.8,427.84,427.8,427.84,0.01,42.46,18114.26,1
2024-07-10,2024-07-10 14:29:00,427.84,427.88,427.84,427.88,0.01,42.46,18114.26,1
2024-07-10,2024-07-10 14:30:00,427.88,427.91,427.88,427.91,0.01,42.46,18114.26,1
2024-07-10,2024-07-10 14:31:00,427.91,427.95,427.91,427.95,0.01,42.46,18114.26,1
2024-07-10,2024-07-10 14:32:00,427.95,427.99,427.95,427.99,0.01,42.46,18114.26,1
2024-07-10,2024-07-10 14:33:00,427.99,428.02,427.99,428.02,0.01,42.46,18114.26,1
2024-07-10,2024-07-10 14:34:00,428.02,428.06,428.02,428.06,0.01,42.46,18114.26,1
2024-07-10,2024-07-10 14:35:00,428.06,428.1,428.06,428.1,0.01,42.46,18114.26,1
2024-07-10,2024-07-10 14:36:00,428.1,428.14,428.1,428.14,0.01,42.46,18114.26,1
2024-07-10,2024-07-10 14:37:00,428.14,428.18,428.14,428.18,0.01,42.46,18114.26,1
2024-07-10,2024-07-10 14:38:00,428.18,428.21,428.18,428.21,0.01,42.46,18114.26,1
2024-07-10,2024-07-10 14:39:00,428.21,428.25,428.21,428.25,0.01,42.46,18114.26,1
2024-07-10,2024-07-10 14:40:00,428.25,428.29,428.25,428.29,0.01,42.46,18114.26,1
2024-07-10,2024-07-10 14:41:00,428.29,428.32,428.29,428.32,0.01,42.46,18114.26,1
2024-07-10,2024-07-10 14:42:00,428.32,428.36,428.32,428.36,0.01,42.46,18114.26,1
2024-07-10,2024-07-10 14:43:00,428.36,428.4,428.36,428.4,0.01,42.46,18114.26,1
2024-07-10,2024-07-10 14:44:00,428.4,428.44,428.4,428.44,0.01,42.46,18114.26,1
2024-07-10,2024-07-10 14:45:00,428.44,428.48,428.44,428.48,0.01,42.46,18114.26,1
2024-07-10,2024-07-10 14:46:00,428.48,428.51,428.48,428.51,0.01,42.46,18114.26,1
2024-07-10,2024-07-10 14:47:00,428.51,428.55,428.51,428.55,0.01,42.46,18114.26,1
2024-07-10,2024-07-10 14:48:00,428.55,428.59,428.55,428.59,0.01,42.46,18114.26,1
2024-07-10,2024-07-10 14:49:00,428.59,428.62,428.59,428.62,0.01,42.46,18114.26,1
2024-07-10,2024-07-10 14:50:00,428.62,428.66,428.62,428.66,0.01,42.46,18114.26,1
2024-07-10,2024-07-10 14:51:00,428.66,428.7,428.66,428.7,0.01,42.46,18114.26,1
2024-07-10,2024-07-10 14:52:00,428.7,428.74,428.7,428.74,0.01,42.46,18114.26,1
2024-07-10,2024-07-10 14:53:00,428.74,428.77,428.74,428.77,0.01,42.46,18114.26,1
2024-07-10,2024-07-10 14:54:00,428.77,428.81,428.77,428.81,0.01,42.46,18114.26,1
2024-07-10,2024-07-10 14:55:00,428.81,428.85,428.81,428.85,0.01,42.46,18114.26,1
2024-07-10,2024-07-10 14:56:00,428.85,428.89,428.85,428.89,0.01,42.46,18114.26,1
2024-07-10,2024-07-10 14:57:00,428.89,428.93,428.89,428.93,0.01,42.46,18114.26,1
2024-07-10,2024-07-10 14:58:00,428.93,428.96,428.93,428.96,0.01,42.46,18114.26,1
2024-07-10,2024-07-10 14:59:00,428.96,429.0,428.96,429.0,0.01,42.46,18114.26,1
2024-07-10,2024-07-10 15:00:00,429.0,434.0,417.6,429.0,0.0,42.46,18114.26,0
2024-07-11,2024-07-11 11:00:00,436.0,437.05,433.9,436.0,0.0,90.25,39048.71,0
2024-07-11,2024-07-11 11:01:00,436.0,436.0,436.0,436.0,0.0,90.25,39048.71,0
2024-07-11,2024-07-11 11:02:00,436.0,436.0,436.0,436.0,0.0,90.25,39048.71,0
2024-07-11,2024-07-11 11:03:00,436.0,436.0,436.0,436.0,0.0,90.25,39048.71,0
2024-07-11,2024-07-11 11:04:00,436.0,436.0,436.0,436.0,0.0,90.25,39048.71,0
2024-07-11,2024-07-11 11:05:00,436.0,436.0,436.0,436.0,0.0,90.25,39048.71,0
2024-07-11,2024-07-11 11:06:00,436.0,436.0,436.0,436.0,0.0,90.25,39048.71,0
2024-07-11,2024-07-11 11:07:00,436.0,436.0,436.0,436.0,0.0,90.25,39048.71,0
2024-07-11,2024-07-11 11:08:00,436.0,436.0,436.0,436.0,0.0,90.25,39048.71,0
2024-07-11,2024-07-11 11:09:00,436.0,436.0,436.0,436.0,0.0,90.25,39048.71,0
2024-07-11,2024-07-11 11:10:00,436.0,436.0,436.0,436.0,0.0,90.25,39048.71,0
2024-07-11,2024-07-11 11:11:00,436.0,436.0,436.0,436.0,0.0,90.25,39048.71,0
2024-07-11,2024-07-11 11:12:00,436.0,436.0,436.0,436.0,0.0,90.25,39048.71,0
2024-07-11,2024-07-11 11:13:00,436.0,436.0,436.0,436.0,0.0,90.25,39048.71,0
2024-07-11,2024-07-11 11:14:00,436.0,436.0,436.0,436.0,0.0,90.25,39048.71,0
2024-07-11,2024-07-11 11:15:00,436.0,436.0,436.0,436.0,0.0,90.25,39048.71,0
2024-07-11,2024-07-11 11:16:00,436.0,436.0,436.0,436.0,0.0,90.25,39048.71,0
2024-07-11,2024-07-11 11:17:00,436.0,436.0,436.0,436.0,0.0,90.25,39048.71,0
2024-07-11,2024-07-11 11:18:00,436.0,436.0,436.0,436.0,0.0,90.25,39048.71,0
2024-07-11,2024-07-11 11:19:00,436.0,436.0,436.0,436.0,0.0,90.25,39048.71,0
2024-07-11,2024-07-11 11:20:00,436.0,436.0,436.0,436.0,0.0,90.25,39048.71,0
2024-07-11,2024-07-11 11:21:00,436.0,436.0,436.0,436.0,0.0,90.25,39048.71,0
2024-07-11,2024-07-11 11:22:00,436.0,436.0,436.0,436.0,0.0,90.25,39048.71,0
2024-07-11,2024-07-11 11:23:00,436.0,436.0,436.0,436.0,0.0,90.25,39048.71,0
2024-07-11,2024-07-11 11:24:00,436.0,436.0,436.0,436.0,0.0,90.25,39048.71,0
2024-07-11,2024-07-11 11:25:00,436.0,436.0,436.0,436.0,0.0,90.25,39048.71,0
2024-07-11,2024-07-11 11:26:00,436.0,436.0,436.0,436.0,0.0,90.25,39048.71,0
2024-07-11,2024-07-11 11:27:00,436.0,436.0,436.0,436.0,0.0,90.25,39048.71,0
2024-07-11,2024-07-11 11:28:00,436.0,436.0,436.0,436.0,0.0,90.25,39048.71,0
2024-07-11,2024-07-11 11:29:00,436.0,436.0,436.0,436.0,0.0,90.25,39048.71,0
2024-07-11,2024-07-11 11:30:00,436.0,436.0,436.0,436.0,0.0,90.25,39048.71,0
2024-07-11,2024-07-11 11:31:00,436.0,436.0,436.0,436.0,0.0,90.25,39048.71,0
2024-07-11,2024-07-11 11:32:00,436.0,436.0,436.0,436.0,0.0,90.25,39048.71,0
2024-07-11,2024-07-11 11:33:00,436.0,436.0,436.0,436.0,0.0,90.25,39048.71,0
2024-07-11,2024-07-11 11:34:00,436.0,436.0,436.0,436.0,0.0,90.25,39048.71,0
2024-07-11,2024-07-11 11:35:00,436.0,436.0,436.0,436.0,0.0,90.25,39048.71,0
2024-07-11,2024-07-11 11:36:00,436.0,436.0,436.0,436.0,0.0,90.25,39048.71,0
2024-07-11,2024-07-11 11:37:00,436.0,436.0,436.0,436.0,0.0,90.25,39048.71,0
2024-07-11,2024-07-11 11:38:00,436.0,436.0,436.0,436.0,0.0,90.25,39048.71,0
2024-07-11,2024-07-11 11:39:00,436.0,436.0,436.0,436.0,0.0,90.25,39048.71,0
2024-07-11,2024-07-11 11:40:00,436.0,436.0,436.0,436.0,0.0,90.25,39048.71,0
2024-07-11,2024-07-11 11:41:00,436.0,436.0,436.0,436.0,0.0,90.25,39048.71,0
2024-07-11,2024-07-11 11:42:00,436.0,436.0,436.0,436.0,0.0,90.25,39048.71,0
2024-07-11,2024-07-11 11:43:00,436.0,436.0,436.0,436.0,0.0,90.25,39048.71,0
2024-07-11,2024-07-11 11:44:00,436.0,436.0,436.0,436.0,0.0,90.25,39048.71,0
2024-07-11,2024-07-11 11:45:00,436.0,436.0,436.0,436.0,0.0,90.25,39048.71,0
2024-07-11,2024-07-11 11:46:00,436.0,436.0,436.0,436.0,0.0,90.25,39048.71,0
2024-07-11,2024-07-11 11:47:00,436.0,436.0,436.0,436.0,0.0,90.25,39048.71,0
2024-07-11,2024-07-11 11:48:00,436.0,436.0,436.0,436.0,0.0,90.25,39048.71,0
2024-07-11,2024-07-11 11:49:00,436.0,436.0,436.0,436.0,0.0,90.25,39048.71,0
2024-07-11,2024-07-11 11:50:00,436.0,436.0,436.0,436.0,0.0,90.25,39048.71,0
2024-07-11,2024-07-11 11:51:00,436.0,436.0,436.0,436.0,0.0,90.25,39048.71,0
2024-07-11,2024-07-11 11:52:00,436.0,436.0,436.0,436.0,0.0,90.25,39048.71,0
2024-07-11,2024-07-11 11:53:00,436.0,436.0,436.0,436.0,0.0,90.25,39048.71,0
2024-07-11,2024-07-11 11:54:00,436.0,436.0,436.0,436.0,0.0,90.25,39048.71,0
2024-07-11,2024-07-11 11:55:00,436.0,436.0,436.0,436.0,0.0,90.25,39048.71,0
2024-07-11,2024-07-11 11:56:00,436.0,436.0,436.0,436.0,0.0,90.25,39048.71,0
2024-07-11,2024-07-11 11:57:00,436.0,436.0,436.0,436.0,0.0,90.25,39048.71,0
2024-07-11,2024-07-11 11:58:00,436.0,436.0,436.0,436.0,0.0,90.25,39048.71,0
2024-07-11,2024-07-11 11:59:00,436.0,436.0,436.0,436.0,0.0,90.25,39048.71,0
2024-07-11,2024-07-11 12:00:00,436.0,436.0,436.0,436.0,0.0,90.25,39048.71,0
2024-07-11,2024-07-11 12:01:00,436.0,436.0,436.0,436.0,0.0,90.25,39048.71,0
2024-07-11,2024-07-11 12:02:00,436.0,436.0,436.0,436.0,0.0,90.25,39048.71,0
2024-07-11,2024-07-11 12:03:00,436.0,436.0,436.0,436.0,0.0,90.25,39048.71,0
2024-07-11,2024-07-11 12:04:00,436.0,436.0,436.0,436.0,0.0,90.25,39048.71,0
2024-07-11,2024-07-11 12:05:00,436.0,436.0,436.0,436.0,0.0,90.25,39048.71,0
2024-07-11,2024-07-11 12:06:00,436.0,436.0,436.0,436.0,0.0,90.25,39048.71,0
2024-07-11,2024-07-11 12:07:00,436.0,436.0,436.0,436.0,0.0,90.25,39048.71,0
2024-07-11,2024-07-11 12:08:00,436.0,436.0,436.0,436.0,0.0,90.25,39048.71,0
2024-07-11,2024-07-11 12:09:00,436.0,436.0,436.0,436.0,0.0,90.25,39048.71,0
2024-07-11,2024-07-11 12:10:00,436.0,436.0,436.0,436.0,0.0,90.25,39048.71,0
2024-07-11,2024-07-11 12:11:00,436.0,436.0,436.0,436.0,0.0,90.25,39048.71,0
2024-07-11,2024-07-11 12:12:00,436.0,436.0,436.0,436.0,0.0,90.25,39048.71,0
2024-07-11,2024-07-11 12:13:00,436.0,436.0,436.0,436.0,0.0,90.25,39048.71,0
2024-07-11,2024-07-11 12:14:00,436.0,436.0,436.0,436.0,0.0,90.25,39048.71,0
2024-07-11,2024-07-11 12:15:00,436.0,436.0,436.0,436.0,0.0,90.25,39048.71,0
2024-07-11,2024-07-11 12:16:00,436.0,436.0,436.0,436.0,0.0,90.25,39048.71,0
2024-07-11,2024-07-11 12:17:00,436.0,436.0,436.0,436.0,0.0,90.25,39048.71,0
2024-07-11,2024-07-11 12:18:00,436.0,436.0,436.0,436.0,0.0,90.25,39048.71,0
2024-07-11,2024-07-11 12:19:00,436.0,436.0,436.0,436.0,0.0,90.25,39048.71,0
2024-07-11,2024-07-11 12:20:00,436.0,436.0,436.0,436.0,0.0,90.25,39048.71,0
2024-07-11,2024-07-11 12:21:00,436.0,436.0,436.0,436.0,0.0,90.25,39048.71,0
2024-07-11,2024-07-11 12:22:00,436.0,436.0,436.0,436.0,0.0,90.25,39048.71,0
2024-07-11,2024-07-11 12:23:00,436.0,436.0,436.0,436.0,0.0,90.25,39048.71,0
2024-07-11,2024-07-11 12:24:00,436.0,436.0,436.0,436.0,0.0,90.25,39048.71,0
2024-07-11,2024-07-11 12:25:00,436.0,436.0,436.0,436.0,0.0,90.25,39048.71,0
2024-07-11,2024-07-11 12:26:00,436.0,436.0,436.0,436.0,0.0,90.25,39048.71,0
2024-07-11,2024-07-11 12:27:00,436.0,436.0,436.0,436.0,0.0,90.25,39048.71,0
2024-07-11,2024-07-11 12:28:00,436.0,436.0,436.0,436.0,0.0,90.25,39048.71,0
2024-07-11,2024-07-11 12:29:00,436.0,436.0,436.0,436.0,0.0,90.25,39048.71,0
2024-07-11,2024-07-11 12:30:00,436.0,436.0,436.0,436.0,0.0,90.25,39048.71,0
2024-07-11,2024-07-11 12:31:00,436.0,436.0,436.0,436.0,0.0,90.25,39048.71,0
2024-07-11,2024-07-11 12:32:00,436.0,436.0,436.0,436.0,0.0,90.25,39048.71,0
2024-07-11,2024-07-11 12:33:00,436.0,436.0,436.0,436.0,0.0,90.25,39048.71,0
2024-07-11,2024-07-11 12:34:00,436.0,436.0,436.0,436.0,0.0,90.25,39048.71,0
2024-07-11,2024-07-11 12:35:00,436.0,436.0,436.0,436.0,0.0,90.25,39048.71,0
2024-07-11,2024-07-11 12:36:00,436.0,436.0,436.0,436.0,0.0,90.25,39048.71,0
2024-07-11,2024-07-11 12:37:00,436.0,436.0,436.0,436.0,0.0,90.25,39048.71,0
2024-07-11,2024-07-11 12:38:00,436.0,436.0,436.0,436.0,0.0,90.25,39048.71,0
2024-07-11,2024-07-11 12:39:00,436.0,436.0,436.0,436.0,0.0,90.25,39048.71,0
2024-07-11,2024-07-11 12:40:00,436.0,436.0,436.0,436.0,0.0,90.25,39048.71,0
2024-07-11,2024-07-11 12:41:00,436.0,436.0,436.0,436.0,0.0,90.25,39048.71,0
2024-07-11,2024-07-11 12:42:00,436.0,436.0,436.0,436.0,0.0,90.25,39048.71,0
2024-07-11,2024-07-11 12:43:00,436.0,436.0,436.0,436.0,0.0,90.25,39048.71,0
2024-07-11,2024-07-11 12:44:00,436.0,436.0,436.0,436.0,0.0,90.25,39048.71,0
2024-07-11,2024-07-11 12:45:00,436.0,436.0,436.0,436.0,0.0,90.25,39048.71,0
2024-07-11,2024-07-11 12:46:00,436.0,436.0,436.0,436.0,0.0,90.25,39048.71,0
2024-07-11,2024-07-11 12:47:00,436.0,436.0,436.0,436.0,0.0,90.25,39048.71,0
2024-07-11,2024-07-11 12:48:00,436.0,436.0,436.0,436.0,0.0,90.25,39048.71,0
2024-07-11,2024-07-11 12:49:00,436.0,436.0,436.0,436.0,0.0,90.25,39048.71,0
2024-07-11,2024-07-11 12:50:00,436.0,436.0,436.0,436.0,0.0,90.25,39048.71,0
2024-07-11,2024-07-11 12:51:00,436.0,436.0,436.0,436.0,0.0,90.25,39048.71,0
2024-07-11,2024-07-11 12:52:00,436.0,436.0,436.0,436.0,0.0,90.25,39048.71,0
2024-07-11,2024-07-11 12:53:00,436.0,436.0,436.0,436.0,0.0,90.25,39048.71,0
2024-07-11,2024-07-11 12:54:00,436.0,436.0,436.0,436.0,0.0,90.25,39048.71,0
2024-07-11,2024-07-11 12:55:00,436.0,436.0,436.0,436.0,0.0,90.25,39048.71,0
2024-07-11,2024-07-11 12:56:00,436.0,436.0,436.0,436.0,0.0,90.25,39048.71,0
2024-07-11,2024-07-11 12:57:00,436.0,436.0,436.0,436.0,0.0,90.25,39048.71,0
2024-07-11,2024-07-11 12:58:00,436.0,436.0,436.0,436.0,0.0,90.25,39048.71,0
2024-07-11,2024-07-11 12:59:00,436.0,436.0,436.0,436.0,0.0,90.25,39048.71,0
2024-07-11,2024-07-11 13:00:00,436.0,439.5,429.0,436.0,0.0,90.25,39048.71,0
2024-07-11,2024-07-11 13:01:00,436.0,436.0,436.0,436.0,0.0,90.25,39048.71,0
2024-07-11,2024-07-11 13:02:00,436.0,436.0,436.0,436.0,0.0,90.25,39048.71,0
2024-07-11,2024-07-11 13:03:00,436.0,436.0,436.0,436.0,0.0,90.25,39048.71,0
2024-07-11,2024-07-11 13:04:00,436.0,436.0,436.0,436.0,0.0,90.25,39048.71,0
2024-07-11,2024-07-11 13:05:00,436.0,436.0,436.0,436.0,0.0,90.25,39048.71,0
2024-07-11,2024-07-11 13:06:00,436.0,436.0,436.0,436.0,0.0,90.25,39048.71,0
2024-07-11,2024-07-11 13:07:00,436.0,436.0,436.0,436.0,0.0,90.25,39048.71,0
2024-07-11,2024-07-11 13:08:00,436.0,436.0,436.0,436.0,0.0,90.25,39048.71,0
2024-07-11,2024-07-11 13:09:00,436.0,436.0,436.0,436.0,0.0,90.25,39048.71,0
2024-07-11,2024-07-11 13:10:00,436.0,436.0,436.0,436.0,0.0,90.25,39048.71,0
2024-07-11,2024-07-11 13:11:00,436.0,436.0,436.0,436.0,0.0,90.25,39048.71,0
2024-07-11,2024-07-11 13:12:00,436.0,436.0,436.0,436.0,0.0,90.25,39048.71,0
2024-07-11,2024-07-11 13:13:00,436.0,436.0,436.0,436.0,0.0,90.25,39048.71,0
2024-07-11,2024-07-11 13:14:00,436.0,436.0,436.0,436.0,0.0,90.25,39048.71,0
2024-07-11,2024-07-11 13:15:00,436.0,436.0,436.0,436.0,0.0,90.25,39048.71,0
2024-07-11,2024-07-11 13:16:00,436.0,436.0,436.0,436.0,0.0,90.25,39048.71,0
2024-07-11,2024-07-11 13:17:00,436.0,436.0,436.0,436.0,0.0,90.25,39048.71,0
2024-07-11,2024-07-11 13:18:00,436.0,436.0,436.0,436.0,0.0,90.25,39048.71,0
2024-07-11,2024-07-11 13:19:00,436.0,436.0,436.0,436.0,0.0,90.25,39048.71,0
2024-07-11,2024-07-11 13:20:00,436.0,436.0,436.0,436.0,0.0,90.25,39048.71,0
2024-07-11,2024-07-11 13:21:00,436.0,436.0,436.0,436.0,0.0,90.25,39048.71,0
2024-07-11,2024-07-11 13:22:00,436.0,436.0,436.0,436.0,0.0,90.25,39048.71,0
2024-07-11,2024-07-11 13:23:00,436.0,436.0,436.0,436.0,0.0,90.25,39048.71,0
2024-07-11,2024-07-11 13:24:00,436.0,436.0,436.0,436.0,0.0,90.25,39048.71,0
2024-07-11,2024-07-11 13:25:00,436.0,436.0,436.0,436.0,0.0,90.25,39048.71,0
2024-07-11,2024-07-11 13:26:00,436.0,436.0,436.0,436.0,0.0,90.25,39048.71,0
2024-07-11,2024-07-11 13:27:00,436.0,436.0,436.0,436.0,0.0,90.25,39048.71,0
2024-07-11,2024-07-11 13:28:00,436.0,436.0,436.0,436.0,0.0,90.25,39048.71,0
2024-07-11,2024-07-11 13:29:00,436.0,436.0,436.0,436.0,0.0,90.25,39048.71,0
2024-07-11,2024-07-11 13:30:00,436.0,436.0,436.0,436.0,0.0,90.25,39048.71,0
2024-07-11,2024-07-11 13:31:00,436.0,436.0,436.0,436.0,0.0,90.25,39048.71,0
2024-07-11,2024-07-11 13:32:00,436.0,436.0,436.0,436.0,0.0,90.25,39048.71,0
2024-07-11,2024-07-11 13:33:00,436.0,436.0,436.0,436.0,0.0,90.25,39048.71,0
2024-07-11,2024-07-11 13:34:00,436.0,436.0,436.0,436.0,0.0,90.25,39048.71,0
2024-07-11,2024-07-11 13:35:00,436.0,436.0,436.0,436.0,0.0,90.25,39048.71,0
2024-07-11,2024-07-11 13:36:00,436.0,436.0,436.0,436.0,0.0,90.25,39048.71,0
2024-07-11,2024-07-11 13:37:00,436.0,436.0,436.0,436.0,0.0,90.25,39048.71,0
2024-07-11,2024-07-11 13:38:00,436.0,436.0,436.0,436.0,0.0,90.25,39048.71,0
2024-07-11,2024-07-11 13:39:00,436.0,436.0,436.0,436.0,0.0,90.25,39048.71,0
2024-07-11,2024-07-11 13:40:00,436.0,436.0,436.0,436.0,0.0,90.25,39048.71,0
2024-07-11,2024-07-11 13:41:00,436.0,436.0,436.0,436.0,0.0,90.25,39048.71,0
2024-07-11,2024-07-11 13:42:00,436.0,436.0,436.0,436.0,0.0,90.25,39048.71,0
2024-07-11,2024-07-11 13:43:00,436.0,436.0,436.0,436.0,0.0,90.25,39048.71,0
2024-07-11,2024-07-11 13:44:00,436.0,436.0,436.0,436.0,0.0,90.25,39048.71,0
2024-07-11,2024-07-11 13:45:00,436.0,436.0,436.0,436.0,0.0,90.25,39048.71,0
2024-07-11,2024-07-11 13:46:00,436.0,436.0,436.0,436.0,0.0,90.25,39048.71,0
2024-07-11,2024-07-11 13:47:00,436.0,436.0,436.0,436.0,0.0,90.25,39048.71,0
2024-07-11,2024-07-11 13:48:00,436.0,436.0,436.0,436.0,0.0,90.25,39048.71,0
2024-07-11,2024-07-11 13:49:00,436.0,436.0,436.0,436.0,0.0,90.25,39048.71,0
2024-07-11,2024-07-11 13:50:00,436.0,436.0,436.0,436.0,0.0,90.25,39048.71,0
2024-07-11,2024-07-11 13:51:00,436.0,436.0,436.0,436.0,0.0,90.25,39048.71,0
2024-07-11,2024-07-11 13:52:00,436.0,436.0,436.0,436.0,0.0,90.25,39048.71,0
2024-07-11,2024-07-11 13:53:00,436.0,436.0,436.0,436.0,0.0,90.25,39048.71,0
2024-07-11,2024-07-11 13:54:00,436.0,436.0,436.0,436.0,0.0,90.25,39048.71,0
2024-07-11,2024-07-11 13:55:00,436.0,436.0,436.0,436.0,0.0,90.25,39048.71,0
2024-07-11,2024-07-11 13:56:00,436.0,436.0,436.0,436.0,0.0,90.25,39048.71,0
2024-07-11,2024-07-11 13:57:00,436.0,436.0,436.0,436.0,0.0,90.25,39048.71,0
2024-07-11,2024-07-11 13:58:00,436.0,436.0,436.0,436.0,0.0,90.25,39048.71,0
2024-07-11,2024-07-11 13:59:00,436.0,436.0,436.0,436.0,0.0,90.25,39048.71,0
2024-07-11,2024-07-11 14:00:00,436.0,436.0,436.0,436.0,0.0,90.25,39048.71,0
2024-07-11,2024-07-11 14:01:00,436.0,436.0,436.0,436.0,0.0,90.25,39048.71,0
2024-07-11,2024-07-11 14:02:00,436.0,436.0,436.0,436.0,0.0,90.25,39048.71,0
2024-07-11,2024-07-11 14:03:00,436.0,436.0,436.0,436.0,0.0,90.25,39048.71,0
2024-07-11,2024-07-11 14:04:00,436.0,436.0,436.0,436.0,0.0,90.25,39048.71,0
2024-07-11,2024-07-11 14:05:00,436.0,436.0,436.0,436.0,0.0,90.25,39048.71,0
2024-07-11,2024-07-11 14:06:00,436.0,436.0,436.0,436.0,0.0,90.25,39048.71,0
2024-07-11,2024-07-11 14:07:00,436.0,436.0,436.0,436.0,0.0,90.25,39048.71,0
2024-07-11,2024-07-11 14:08:00,436.0,436.0,436.0,436.0,0.0,90.25,39048.71,0
2024-07-11,2024-07-11 14:09:00,436.0,436.0,436.0,436.0,0.0,90.25,39048.71,0
2024-07-11,2024-07-11 14:10:00,436.0,436.0,436.0,436.0,0.0,90.25,39048.71,0
2024-07-11,2024-07-11 14:11:00,436.0,436.0,436.0,436.0,0.0,90.25,39048.71,0
2024-07-11,2024-07-11 14:12:00,436.0,436.0,436.0,436.0,0.0,90.25,39048.71,0
2024-07-11,2024-07-11 14:13:00,436.0,436.0,436.0,436.0,0.0,90.25,39048.71,0
2024-07-11,2024-07-11 14:14:00,436.0,436.0,436.0,436.0,0.0,90.25,39048.71,0
2024-07-11,2024-07-11 14:15:00,436.0,436.0,436.0,436.0,0.0,90.25,39048.71,0
2024-07-11,2024-07-11 14:16:00,436.0,436.0,436.0,436.0,0.0,90.25,39048.71,0
2024-07-11,2024-07-11 14:17:00,436.0,436.0,436.0,436.0,0.0,90.25,39048.71,0
2024-07-11,2024-07-11 14:18:00,436.0,436.0,436.0,436.0,0.0,90.25,39048.71,0
2024-07-11,2024-07-11 14:19:00,436.0,436.0,436.0,436.0,0.0,90.25,39048.71,0
2024-07-11,2024-07-11 14:20:00,436.0,436.0,436.0,436.0,0.0,90.25,39048.71,0
2024-07-11,2024-07-11 14:21:00,436.0,436.0,436.0,436.0,0.0,90.25,39048.71,0
2024-07-11,2024-07-11 14:22:00,436.0,436.0,436.0,436.0,0.0,90.25,39048.71,0
2024-07-11,2024-07-11 14:23:00,436.0,436.0,436.0,436.0,0.0,90.25,39048.71,0
2024-07-11,2024-07-11 14:24:00,436.0,436.0,436.0,436.0,0.0,90.25,39048.71,0
2024-07-11,2024-07-11 14:25:00,436.0,436.0,436.0,436.0,0.0,90.25,39048.71,0
2024-07-11,2024-07-11 14:26:00,436.0,436.0,436.0,436.0,0.0,90.25,39048.71,0
2024-07-11,2024-07-11 14:27:00,436.0,436.0,436.0,436.0,0.0,90.25,39048.71,0
2024-07-11,2024-07-11 14:28:00,436.0,436.0,436.0,436.0,0.0,90.25,39048.71,0
2024-07-11,2024-07-11 14:29:00,436.0,436.0,436.0,436.0,0.0,90.25,39048.71,0
2024-07-11,2024-07-11 14:30:00,436.0,436.0,436.0,436.0,0.0,90.25,39048.71,0
2024-07-11,2024-07-11 14:31:00,436.0,436.0,436.0,436.0,0.0,90.25,39048.71,0
2024-07-11,2024-07-11 14:32:00,436.0,436.0,436.0,436.0,0.0,90.25,39048.71,0
2024-07-11,2024-07-11 14:33:00,436.0,436.0,436.0,436.0,0.0,90.25,39048.71,0
2024-07-11,2024-07-11 14:34:00,436.0,436.0,436.0,436.0,0.0,90.25,39048.71,0
2024-07-11,2024-07-11 14:35:00,436.0,436.0,436.0,436.0,0.0,90.25,39048.71,0
2024-07-11,2024-07-11 14:36:00,436.0,436.0,436.0,436.0,0.0,90.25,39048.71,0
2024-07-11,2024-07-11 14:37:00,436.0,436.0,436.0,436.0,0.0,90.25,39048.71,0
2024-07-11,2024-07-11 14:38:00,436.0,436.0,436.0,436.0,0.0,90.25,39048.71,0
2024-07-11,2024-07-11 14:39:00,436.0,436.0,436.0,436.0,0.0,90.25,39048.71,0
2024-07-11,2024-07-11 14:40:00,436.0,436.0,436.0,436.0,0.0,90.25,39048.71,0
2024-07-11,2024-07-11 14:41:00,436.0,436.0,436.0,436.0,0.0,90.25,39048.71,0
2024-07-11,2024-07-11 14:42:00,436.0,436.0,436.0,436.0,0.0,90.25,39048.71,0
2024-07-11,2024-07-11 14:43:00,436.0,436.0,436.0,436.0,0.0,90.25,39048.71,0
2024-07-11,2024-07-11 14:44:00,436.0,436.0,436.0,436.0,0.0,90.25,39048.71,0
2024-07-11,2024-07-11 14:45:00,436.0,436.0,436.0,436.0,0.0,90.25,39048.71,0
2024-07-11,2024-07-11 14:46:00,436.0,436.0,436.0,436.0,0.0,90.25,39048.71,0
2024-07-11,2024-07-11 14:47:00,436.0,436.0,436.0,436.0,0.0,90.25,39048.71,0
2024-07-11,2024-07-11 14:48:00,436.0,436.0,436.0,436.0,0.0,90.25,39048.71,0
2024-07-11,2024-07-11 14:49:00,436.0,436.0,436.0,436.0,0.0,90.25,39048.71,0
2024-07-11,2024-07-11 14:50:00,436.0,436.0,436.0,436.0,0.0,90.25,39048.71,0
2024-07-11,2024-07-11 14:51:00,436.0,436.0,436.0,436.0,0.0,90.25,39048.71,0
2024-07-11,2024-07-11 14:52:00,436.0,436.0,436.0,436.0,0.0,90.25,39048.71,0
2024-07-11,2024-07-11 14:53:00,436.0,436.0,436.0,436.0,0.0,90.25,39048.71,0
2024-07-11,2024-07-11 14:54:00,436.0,436.0,436.0,436.0,0.0,90.25,39048.71,0
2024-07-11,2024-07-11 14:55:00,436.0,436.0,436.0,436.0,0.0,90.25,39048.71,0
2024-07-11,2024-07-11 14:56:00,436.0,436.0,436.0,436.0,0.0,90.25,39048.71,0
2024-07-11,2024-07-11 14:57:00,436.0,436.0,436.0,436.0,0.0,90.25,39048.71,0
2024-07-11,2024-07-11 14:58:00,436.0,436.0,436.0,436.0,0.0,90.25,39048.71,0
2024-07-11,2024-07-11 14:59:00,436.0,436.0,436.0,436.0,0.0,90.25,39048.71,0
2024-07-11,2024-07-11 15:00:00,436.0,439.5,429.0,436.0,0.0,90.25,39048.71,0
2024-07-14,2024-07-14 11:00:00,444.7,447.34,440.29,444.68,-0.0,73.24,32051.23,-1
2024-07-14,2024-07-14 11:01:00,444.68,444.68,444.66,444.66,-0.0,73.24,32051.23,-1
2024-07-14,2024-07-14 11:02:00,444.66,444.66,444.64,444.64,-0.0,73.24,32051.23,-1
2024-07-14,2024-07-14 11:03:00,444.64,444.64,444.62,444.62,-0.0,73.24,32051.23,-1
2024-07-14,2024-07-14 11:04:00,444.62,444.62,444.6,444.6,-0.0,73.24,32051.23,-1
2024-07-14,2024-07-14 11:05:00,444.6,444.6,444.58,444.58,-0.0,73.24,32051.23,-1
2024-07-14,2024-07-14 11:06:00,444.58,444.58,444.56,444.56,-0.0,73.24,32051.23,-1
2024-07-14,2024-07-14 11:07:00,444.56,444.56,444.54,444.54,-0.0,73.24,32051.23,-1
2024-07-14,2024-07-14 11:08:00,444.54,444.54,444.52,444.52,-0.0,73.24,32051.23,-1
2024-07-14,2024-07-14 11:09:00,444.52,444.52,444.5,444.5,-0.0,73.24,32051.23,-1
2024-07-14,2024-07-14 11:10:00,444.5,444.5,444.48,444.48,-0.0,73.24,32051.23,-1
2024-07-14,2024-07-14 11:11:00,444.48,444.48,444.46,444.46,-0.0,73.24,32051.23,-1
2024-07-14,2024-07-14 11:12:00,444.46,444.46,444.45,444.45,-0.0,73.24,32051.23,-1
2024-07-14,2024-07-14 11:13:00,444.45,444.45,444.43,444.43,-0.0,73.24,32051.23,-1
2024-07-14,2024-07-14 11:14:00,444.43,444.43,444.41,444.41,-0.0,73.24,32051.23,-1
2024-07-14,2024-07-14 11:15:00,444.41,444.41,444.39,444.39,-0.0,73.24,32051.23,-1
2024-07-14,2024-07-14 11:16:00,444.39,444.39,444.37,444.37,-0.0,73.24,32051.23,-1
2024-07-14,2024-07-14 11:17:00,444.37,444.37,444.35,444.35,-0.0,73.24,32051.23,-1
2024-07-14,2024-07-14 11:18:00,444.35,444.35,444.33,444.33,-0.0,73.24,32051.23,-1
2024-07-14,2024-07-14 11:19:00,444.33,444.33,444.31,444.31,-0.0,73.24,32051.23,-1
2024-07-14,2024-07-14 11:20:00,444.31,444.31,444.29,444.29,-0.0,73.24,32051.23,-1
2024-07-14,2024-07-14 11:21:00,444.29,444.29,444.27,444.27,-0.0,73.24,32051.23,-1
2024-07-14,2024-07-14 11:22:00,444.27,444.27,444.25,444.25,-0.0,73.24,32051.23,-1
2024-07-14,2024-07-14 11:23:00,444.25,444.25,444.23,444.23,-0.0,73.24,32051.23,-1
2024-07-14,2024-07-14 11:24:00,444.23,444.23,444.21,444.21,-0.0,73.24,32051.23,-1
2024-07-14,2024-07-14 11:25:00,444.21,444.21,444.19,444.19,-0.0,73.24,32051.23,-1
2024-07-14,2024-07-14 11:26:00,444.19,444.19,444.17,444.17,-0.0,73.24,32051.23,-1
2024-07-14,2024-07-14 11:27:00,444.17,444.17,444.15,444.15,-0.0,73.24,32051.23,-1
2024-07-14,2024-07-14 11:28:00,444.15,444.15,444.13,444.13,-0.0,73.24,32051.23,-1
2024-07-14,2024-07-14 11:29:00,444.13,444.13,444.11,444.11,-0.0,73.24,32051.23,-1
2024-07-14,2024-07-14 11:30:00,444.11,444.11,444.09,444.09,-0.0,73.24,32051.23,-1
2024-07-14,2024-07-14 11:31:00,444.09,444.09,444.07,444.07,-0.0,73.24,32051.23,-1
2024-07-14,2024-07-14 11:32:00,444.07,444.07,444.05,444.05,-0.0,73.24,32051.23,-1
2024-07-14,2024-07-14 11:33:00,444.05,444.05,444.03,444.03,-0.0,73.24,32051.23,-1
2024-07-14,2024-07-14 11:34:00,444.03,444.03,444.01,444.01,-0.0,73.24,32051.23,-1
2024-07-14,2024-07-14 11:35:00,444.01,444.01,444.0,444.0,-0.0,73.24,32051.23,-1
2024-07-14,2024-07-14 11:36:00,444.0,444.0,443.98,443.98,-0.0,73.24,32051.23,-1
2024-07-14,2024-07-14 11:37:00,443.98,443.98,443.96,443.96,-0.0,73.24,32051.23,-1
2024-07-14,2024-07-14 11:38:00,443.96,443.96,443.94,443.94,-0.0,73.24,32051.23,-1
2024-07-14,2024-07-14 11:39:00,443.94,443.94,443.92,443.92,-0.0,73.24,32051.23,-1
2024-07-14,2024-07-14 11:40:00,443.92,443.92,443.9,443.9,-0.0,73.24,32051.23,-1
2024-07-14,2024-07-14 11:41:00,443.9,443.9,443.88,443.88,-0.0,73.24,32051.23,-1
2024-07-14,2024-07-14 11:42:00,443.88,443.88,443.86,443.86,-0.0,73.24,32051.23,-1
2024-07-14,2024-07-14 11:43:00,443.86,443.86,443.84,443.84,-0.0,73.24,32051.23,-1
2024-07-14,2024-07-14 11:44:00,443.84,443.84,443.82,443.82,-0.0,73.24,32051.23,-1
2024-07-14,2024-07-14 11:45:00,443.82,443.82,443.8,443.8,-0.0,73.24,32051.23,-1
2024-07-14,2024-07-14 11:46:00,443.8,443.8,443.78,443.78,-0.0,73.24,32051.23,-1
2024-07-14,2024-07-14 11:47:00,443.78,443.78,443.76,443.76,-0.0,73.24,32051.23,-1
2024-07-14,2024-07-14 11:48:00,443.76,443.76,443.74,443.74,-0.0,73.24,32051.23,-1
2024-07-14,2024-07-14 11:49:00,443.74,443.74,443.72,443.72,-0.0,73.24,32051.23,-1
2024-07-14,2024-07-14 11:50:00,443.72,443.72,443.7,443.7,-0.0,73.24,32051.23,-1
2024-07-14,2024-07-14 11:51:00,443.7,443.7,443.68,443.68,-0.0,73.24,32051.23,-1
2024-07-14,2024-07-14 11:52:00,443.68,443.68,443.66,443.66,-0.0,73.24,32051.23,-1
2024-07-14,2024-07-14 11:53:00,443.66,443.66,443.64,443.64,-0.0,73.24,32051.23,-1
2024-07-14,2024-07-14 11:54:00,443.64,443.64,443.62,443.62,-0.0,73.24,32051.23,-1
2024-07-14,2024-07-14 11:55:00,443.62,443.62,443.6,443.6,-0.0,73.24,32051.23,-1
2024-07-14,2024-07-14 11:56:00,443.6,443.6,443.58,443.58,-0.0,73.24,32051.23,-1
2024-07-14,2024-07-14 11:57:00,443.58,443.58,443.56,443.56,-0.0,73.24,32051.23,-1
2024-07-14,2024-07-14 11:58:00,443.56,443.56,443.54,443.54,-0.0,73.24,32051.23,-1
2024-07-14,2024-07-14 11:59:00,443.54,443.54,443.52,443.52,-0.0,73.24,32051.23,-1
2024-07-14,2024-07-14 12:00:00,443.52,443.52,443.51,443.51,-0.0,73.24,32051.23,-1
2024-07-14,2024-07-14 12:01:00,443.51,443.51,443.49,443.49,-0.0,73.24,32051.23,-1
2024-07-14,2024-07-14 12:02:00,443.49,443.49,443.47,443.47,-0.0,73.24,32051.23,-1
2024-07-14,2024-07-14 12:03:00,443.47,443.47,443.45,443.45,-0.0,73.24,32051.23,-1
2024-07-14,2024-07-14 12:04:00,443.45,443.45,443.43,443.43,-0.0,73.24,32051.23,-1
2024-07-14,2024-07-14 12:05:00,443.43,443.43,443.41,443.41,-0.0,73.24,32051.23,-1
2024-07-14,2024-07-14 12:06:00,443.41,443.41,443.39,443.39,-0.0,73.24,32051.23,-1
2024-07-14,2024-07-14 12:07:00,443.39,443.39,443.37,443.37,-0.0,73.24,32051.23,-1
2024-07-14,2024-07-14 12:08:00,443.37,443.37,443.35,443.35,-0.0,73.24,32051.23,-1
2024-07-14,2024-07-14 12:09:00,443.35,443.35,443.33,443.33,-0.0,73.24,32051.23,-1
2024-07-14,2024-07-14 12:10:00,443.33,443.33,443.31,443.31,-0.0,73.24,32051.23,-1
2024-07-14,2024-07-14 12:11:00,443.31,443.31,443.29,443.29,-0.0,73.24,32051.23,-1
2024-07-14,2024-07-14 12:12:00,443.29,443.29,443.27,443.27,-0.0,73.24,32051.23,-1
2024-07-14,2024-07-14 12:13:00,443.27,443.27,443.25,443.25,-0.0,73.24,32051.23,-1
2024-07-14,2024-07-14 12:14:00,443.25,443.25,443.23,443.23,-0.0,73.24,32051.23,-1
2024-07-14,2024-07-14 12:15:00,443.23,443.23,443.21,443.21,-0.0,73.24,32051.23,-1
2024-07-14,2024-07-14 12:16:00,443.21,443.21,443.19,443.19,-0.0,73.24,32051.23,-1
2024-07-14,2024-07-14 12:17:00,443.19,443.19,443.17,443.17,-0.0,73.24,32051.23,-1
2024-07-14,2024-07-14 12:18:00,443.17,443.17,443.15,443.15,-0.0,73.24,32051.23,-1
2024-07-14,2024-07-14 12:19:00,443.15,443.15,443.13,443.13,-0.0,73.24,32051.23,-1
2024-07-14,2024-07-14 12:20:00,443.13,443.13,443.11,443.11,-0.0,73.24,32051.23,-1
2024-07-14,2024-07-14 12:21:00,443.11,443.11,443.09,443.09,-0.0,73.24,32051.23,-1
2024-07-14,2024-07-14 12:22:00,443.09,443.09,443.07,443.07,-0.0,73.24,32051.23,-1
2024-07-14,2024-07-14 12:23:00,443.07,443.07,443.06,443.06,-0.0,73.24,32051.23,-1
2024-07-14,2024-07-14 12:24:00,443.06,443.06,443.04,443.04,-0.0,73.24,32051.23,-1
2024-07-14,2024-07-14 12:25:00,443.04,443.04,443.02,443.02,-0.0,73.24,32051.23,-1
2024-07-14,2024-07-14 12:26:00,443.02,443.02,443.0,443.0,-0.0,73.24,32051.23,-1
2024-07-14,2024-07-14 12:27:00,443.0,443.0,442.98,442.98,-0.0,73.24,32051.23,-1
2024-07-14,2024-07-14 12:28:00,442.98,442.98,442.96,442.96,-0.0,73.24,32051.23,-1
2024-07-14,2024-07-14 12:29:00,442.96,442.96,442.94,442.94,-0.0,73.24,32051.23,-1
2024-07-14,2024-07-14 12:30:00,442.94,442.94,442.92,442.92,-0.0,73.24,32051.23,-1
2024-07-14,2024-07-14 12:31:00,442.92,442.92,442.9,442.9,-0.0,73.24,32051.23,-1
2024-07-14,2024-07-14 12:32:00,442.9,442.9,442.88,442.88,-0.0,73.24,32051.23,-1
2024-07-14,2024-07-14 12:33:00,442.88,442.88,442.86,442.86,-0.0,73.24,32051.23,-1
2024-07-14,2024-07-14 12:34:00,442.86,442.86,442.84,442.84,-0.0,73.24,32051.23,-1
2024-07-14,2024-07-14 12:35:00,442.84,442.84,442.82,442.82,-0.0,73.24,32051.23,-1
2024-07-14,2024-07-14 12:36:00,442.82,442.82,442.8,442.8,-0.0,73.24,32051.23,-1
2024-07-14,2024-07-14 12:37:00,442.8,442.8,442.78,442.78,-0.0,73.24,32051.23,-1
2024-07-14,2024-07-14 12:38:00,442.78,442.78,442.76,442.76,-0.0,73.24,32051.23,-1
2024-07-14,2024-07-14 12:39:00,442.76,442.76,442.74,442.74,-0.0,73.24,32051.23,-1
2024-07-14,2024-07-14 12:40:00,442.74,442.74,442.72,442.72,-0.0,73.24,32051.23,-1
2024-07-14,2024-07-14 12:41:00,442.72,442.72,442.7,442.7,-0.0,73.24,32051.23,-1
2024-07-14,2024-07-14 12:42:00,442.7,442.7,442.68,442.68,-0.0,73.24,32051.23,-1
2024-07-14,2024-07-14 12:43:00,442.68,442.68,442.66,442.66,-0.0,73.24,32051.23,-1
2024-07-14,2024-07-14 12:44:00,442.66,442.66,442.64,442.64,-0.0,73.24,32051.23,-1
2024-07-14,2024-07-14 12:45:00,442.64,442.64,442.62,442.62,-0.0,73.24,32051.23,-1
2024-07-14,2024-07-14 12:46:00,442.62,442.62,442.6,442.6,-0.0,73.24,32051.23,-1
2024-07-14,2024-07-14 12:47:00,442.6,442.6,442.58,442.58,-0.0,73.24,32051.23,-1
2024-07-14,2024-07-14 12:48:00,442.58,442.58,442.57,442.57,-0.0,73.24,32051.23,-1
2024-07-14,2024-07-14 12:49:00,442.57,442.57,442.55,442.55,-0.0,73.24,32051.23,-1
2024-07-14,2024-07-14 12:50:00,442.55,442.55,442.53,442.53,-0.0,73.24,32051.23,-1
2024-07-14,2024-07-14 12:51:00,442.53,442.53,442.51,442.51,-0.0,73.24,32051.23,-1
2024-07-14,2024-07-14 12:52:00,442.51,442.51,442.49,442.49,-0.0,73.24,32051.23,-1
2024-07-14,2024-07-14 12:53:00,442.49,442.49,442.47,442.47,-0.0,73.24,32051.23,-1
2024-07-14,2024-07-14 12:54:00,442.47,442.47,442.45,442.45,-0.0,73.24,32051.23,-1
2024-07-14,2024-07-14 12:55:00,442.45,442.45,442.43,442.43,-0.0,73.24,32051.23,-1
2024-07-14,2024-07-14 12:56:00,442.43,442.43,442.41,442.41,-0.0,73.24,32051.23,-1
2024-07-14,2024-07-14 12:57:00,442.41,442.41,442.39,442.39,-0.0,73.24,32051.23,-1
2024-07-14,2024-07-14 12:58:00,442.39,442.39,442.37,442.37,-0.0,73.24,32051.23,-1
2024-07-14,2024-07-14 12:59:00,442.37,442.37,442.35,442.35,-0.0,73.24,32051.23,-1
2024-07-14,2024-07-14 13:00:00,442.35,453.5,430.0,442.33,-0.0,73.24,32051.23,-1
2024-07-14,2024-07-14 13:01:00,442.33,442.33,442.31,442.31,-0.0,73.24,32051.23,-1
2024-07-14,2024-07-14 13:02:00,442.31,442.31,442.29,442.29,-0.0,73.24,32051.23,-1
2024-07-14,2024-07-14 13:03:00,442.29,442.29,442.27,442.27,-0.0,73.24,32051.23,-1
2024-07-14,2024-07-14 13:04:00,442.27,442.27,442.25,442.25,-0.0,73.24,32051.23,-1
2024-07-14,2024-07-14 13:05:00,442.25,442.25,442.23,442.23,-0.0,73.24,32051.23,-1
2024-07-14,2024-07-14 13:06:00,442.23,442.23,442.21,442.21,-0.0,73.24,32051.23,-1
2024-07-14,2024-07-14 13:07:00,442.21,442.21,442.19,442.19,-0.0,73.24,32051.23,-1
2024-07-14,2024-07-14 13:08:00,442.19,442.19,442.17,442.17,-0.0,73.24,32051.23,-1
2024-07-14,2024-07-14 13:09:00,442.17,442.17,442.15,442.15,-0.0,73.24,32051.23,-1
2024-07-14,2024-07-14 13:10:00,442.15,442.15,442.13,442.13,-0.0,73.24,32051.23,-1
2024-07-14,2024-07-14 13:11:00,442.13,442.13,442.12,442.12,-0.0,73.24,32051.23,-1
2024-07-14,2024-07-14 13:12:00,442.12,442.12,442.1,442.1,-0.0,73.24,32051.23,-1
2024-07-14,2024-07-14 13:13:00,442.1,442.1,442.08,442.08,-0.0,73.24,32051.23,-1
2024-07-14,2024-07-14 13:14:00,442.08,442.08,442.06,442.06,-0.0,73.24,32051.23,-1
2024-07-14,2024-07-14 13:15:00,442.06,442.06,442.04,442.04,-0.0,73.24,32051.23,-1
2024-07-14,2024-07-14 13:16:00,442.04,442.04,442.02,442.02,-0.0,73.24,32051.23,-1
2024-07-14,2024-07-14 13:17:00,442.02,442.02,442.0,442.0,-0.0,73.24,32051.23,-1
2024-07-14,2024-07-14 13:18:00,442.0,442.0,441.98,441.98,-0.0,73.24,32051.23,-1
2024-07-14,2024-07-14 13:19:00,441.98,441.98,441.96,441.96,-0.0,73.24,32051.23,-1
2024-07-14,2024-07-14 13:20:00,441.96,441.96,441.94,441.94,-0.0,73.24,32051.23,-1
2024-07-14,2024-07-14 13:21:00,441.94,441.94,441.92,441.92,-0.0,73.24,32051.23,-1
2024-07-14,2024-07-14 13:22:00,441.92,441.92,441.9,441.9,-0.0,73.24,32051.23,-1
2024-07-14,2024-07-14 13:23:00,441.9,441.9,441.88,441.88,-0.0,73.24,32051.23,-1
2024-07-14,2024-07-14 13:24:00,441.88,441.88,441.86,441.86,-0.0,73.24,32051.23,-1
2024-07-14,2024-07-14 13:25:00,441.86,441.86,441.84,441.84,-0.0,73.24,32051.23,-1
2024-07-14,2024-07-14 13:26:00,441.84,441.84,441.82,441.82,-0.0,73.24,32051.23,-1
2024-07-14,2024-07-14 13:27:00,441.82,441.82,441.8,441.8,-0.0,73.24,32051.23,-1
2024-07-14,2024-07-14 13:28:00,441.8,441.8,441.78,441.78,-0.0,73.24,32051.23,-1
2024-07-14,2024-07-14 13:29:00,441.78,441.78,441.76,441.76,-0.0,73.24,32051.23,-1
2024-07-14,2024-07-14 13:30:00,441.76,441.76,441.74,441.74,-0.0,73.24,32051.23,-1
2024-07-14,2024-07-14 13:31:00,441.74,441.74,441.72,441.72,-0.0,73.24,32051.23,-1
2024-07-14,2024-07-14 13:32:00,441.72,441.72,441.7,441.7,-0.0,73.24,32051.23,-1
2024-07-14,2024-07-14 13:33:00,441.7,441.7,441.68,441.68,-0.0,73.24,32051.23,-1
2024-07-14,2024-07-14 13:34:00,441.68,441.68,441.66,441.66,-0.0,73.24,32051.23,-1
2024-07-14,2024-07-14 13:35:00,441.66,441.66,441.64,441.64,-0.0,73.24,32051.23,-1
2024-07-14,2024-07-14 13:36:00,441.64,441.64,441.63,441.63,-0.0,73.24,32051.23,-1
2024-07-14,2024-07-14 13:37:00,441.63,441.63,441.61,441.61,-0.0,73.24,32051.23,-1
2024-07-14,2024-07-14 13:38:00,441.61,441.61,441.59,441.59,-0.0,73.24,32051.23,-1
2024-07-14,2024-07-14 13:39:00,441.59,441.59,441.57,441.57,-0.0,73.24,32051.23,-1
2024-07-14,2024-07-14 13:40:00,441.57,441.57,441.55,441.55,-0.0,73.24,32051.23,-1
2024-07-14,2024-07-14 13:41:00,441.55,441.55,441.53,441.53,-0.0,73.24,32051.23,-1
2024-07-14,2024-07-14 13:42:00,441.53,441.53,441.51,441.51,-0.0,73.24,32051.23,-1
2024-07-14,2024-07-14 13:43:00,441.51,441.51,441.49,441.49,-0.0,73.24,32051.23,-1
2024-07-14,2024-07-14 13:44:00,441.49,441.49,441.47,441.47,-0.0,73.24,32051.23,-1
2024-07-14,2024-07-14 13:45:00,441.47,441.47,441.45,441.45,-0.0,73.24,32051.23,-1
2024-07-14,2024-07-14 13:46:00,441.45,441.45,441.43,441.43,-0.0,73.24,32051.23,-1
2024-07-14,2024-07-14 13:47:00,441.43,441.43,441.41,441.41,-0.0,73.24,32051.23,-1
2024-07-14,2024-07-14 13:48:00,441.41,441.41,441.39,441.39,-0.0,73.24,32051.23,-1
2024-07-14,2024-07-14 13:49:00,441.39,441.39,441.37,441.37,-0.0,73.24,32051.23,-1
2024-07-14,2024-07-14 13:50:00,441.37,441.37,441.35,441.35,-0.0,73.24,32051.23,-1
2024-07-14,2024-07-14 13:51:00,441.35,441.35,441.33,441.33,-0.0,73.24,32051.23,-1
2024-07-14,2024-07-14 13:52:00,441.33,441.33,441.31,441.31,-0.0,73.24,32051.23,-1
2024-07-14,2024-07-14 13:53:00,441.31,441.31,441.29,441.29,-0.0,73.24,32051.23,-1
2024-07-14,2024-07-14 13:54:00,441.29,441.29,441.27,441.27,-0.0,73.24,32051.23,-1
2024-07-14,2024-07-14 13:55:00,441.27,441.27,441.25,441.25,-0.0,73.24,32051.23,-1
2024-07-14,2024-07-14 13:56:00,441.25,441.25,441.23,441.23,-0.0,73.24,32051.23,-1
2024-07-14,2024-07-14 13:57:00,441.23,441.23,441.21,441.21,-0.0,73.24,32051.23,-1
2024-07-14,2024-07-14 13:58:00,441.21,441.21,441.19,441.19,-0.0,73.24,32051.23,-1
2024-07-14,2024-07-14 13:59:00,441.19,441.19,441.18,441.18,-0.0,73.24,32051.23,-1
2024-07-14,2024-07-14 14:00:00,441.18,441.18,441.16,441.16,-0.0,73.24,32051.23,-1
2024-07-14,2024-07-14 14:01:00,441.16,441.16,441.14,441.14,-0.0,73.24,32051.23,-1
2024-07-14,2024-07-14 14:02:00,441.14,441.14,441.12,441.12,-0.0,73.24,32051.23,-1
2024-07-14,2024-07-14 14:03:00,441.12,441.12,441.1,441.1,-0.0,73.24,32051.23,-1
2024-07-14,2024-07-14 14:04:00,441.1,441.1,441.08,441.08,-0.0,73.24,32051.23,-1
2024-07-14,2024-07-14 14:05:00,441.08,441.08,441.06,441.06,-0.0,73.24,32051.23,-1
2024-07-14,2024-07-14 14:06:00,441.06,441.06,441.04,441.04,-0.0,73.24,32051.23,-1
2024-07-14,2024-07-14 14:07:00,441.04,441.04,441.02,441.02,-0.0,73.24,32051.23,-1
2024-07-14,2024-07-14 14:08:00,441.02,441.02,441.0,441.0,-0.0,73.24,32051.23,-1
2024-07-14,2024-07-14 14:09:00,441.0,441.0,440.98,440.98,-0.0,73.24,32051.23,-1
2024-07-14,2024-07-14 14:10:00,440.98,440.98,440.96,440.96,-0.0,73.24,32051.23,-1
2024-07-14,2024-07-14 14:11:00,440.96,440.96,440.94,440.94,-0.0,73.24,32051.23,-1
2024-07-14,2024-07-14 14:12:00,440.94,440.94,440.92,440.92,-0.0,73.24,32051.23,-1
2024-07-14,2024-07-14 14:13:00,440.92,440.92,440.9,440.9,-0.0,73.24,32051.23,-1
2024-07-14,2024-07-14 14:14:00,440.9,440.9,440.88,440.88,-0.0,73.24,32051.23,-1
2024-07-14,2024-07-14 14:15:00,440.88,440.88,440.86,440.86,-0.0,73.24,32051.23,-1
2024-07-14,2024-07-14 14:16:00,440.86,440.86,440.84,440.84,-0.0,73.24,32051.23,-1
2024-07-14,2024-07-14 14:17:00,440.84,440.84,440.82,440.82,-0.0,73.24,32051.23,-1
2024-07-14,2024-07-14 14:18:00,440.82,440.82,440.8,440.8,-0.0,73.24,32051.23,-1
2024-07-14,2024-07-14 14:19:00,440.8,440.8,440.78,440.78,-0.0,73.24,32051.23,-1
2024-07-14,2024-07-14 14:20:00,440.78,440.78,440.76,440.76,-0.0,73.24,32051.23,-1
2024-07-14,2024-07-14 14:21:00,440.76,440.76,440.74,440.74,-0.0,73.24,32051.23,-1
2024-07-14,2024-07-14 14:22:00,440.74,440.74,440.72,440.72,-0.0,73.24,32051.23,-1
2024-07-14,2024-07-14 14:23:00,440.72,440.72,440.7,440.7,-0.0,73.24,32051.23,-1
2024-07-14,2024-07-14 14:24:00,440.7,440.7,440.69,440.69,-0.0,73.24,32051.23,-1
2024-07-14,2024-07-14 14:25:00,440.69,440.69,440.67,440.67,-0.0,73.24,32051.23,-1
2024-07-14,2024-07-14 14:26:00,440.67,440.67,440.65,440.65,-0.0,73.24,32051.23,-1
2024-07-14,2024-07-14 14:27:00,440.65,440.65,440.63,440.63,-0.0,73.24,32051.23,-1
2024-07-14,2024-07-14 14:28:00,440.63,440.63,440.61,440.61,-0.0,73.24,32051.23,-1
2024-07-14,2024-07-14 14:29:00,440.61,440.61,440.59,440.59,-0.0,73.24,32051.23,-1
2024-07-14,2024-07-14 14:30:00,440.59,440.59,440.57,440.57,-0.0,73.24,32051.23,-1
2024-07-14,2024-07-14 14:31:00,440.57,440.57,440.55,440.55,-0.0,73.24,32051.23,-1
2024-07-14,2024-07-14 14:32:00,440.55,440.55,440.53,440.53,-0.0,73.24,32051.23,-1
2024-07-14,2024-07-14 14:33:00,440.53,440.53,440.51,440.51,-0.0,73.24,32051.23,-1
2024-07-14,2024-07-14 14:34:00,440.51,440.51,440.49,440.49,-0.0,73.24,32051.23,-1
2024-07-14,2024-07-14 14:35:00,440.49,440.49,440.47,440.47,-0.0,73.24,32051.23,-1
2024-07-14,2024-07-14 14:36:00,440.47,440.47,440.45,440.45,-0.0,73.24,32051.23,-1
2024-07-14,2024-07-14 14:37:00,440.45,440.45,440.43,440.43,-0.0,73.24,32051.23,-1
2024-07-14,2024-07-14 14:38:00,440.43,440.43,440.41,440.41,-0.0,73.24,32051.23,-1
2024-07-14,2024-07-14 14:39:00,440.41,440.41,440.39,440.39,-0.0,73.24,32051.23,-1
2024-07-14,2024-07-14 14:40:00,440.39,440.39,440.37,440.37,-0.0,73.24,32051.23,-1
2024-07-14,2024-07-14 14:41:00,440.37,440.37,440.35,440.35,-0.0,73.24,32051.23,-1
2024-07-14,2024-07-14 14:42:00,440.35,440.35,440.33,440.33,-0.0,73.24,32051.23,-1
2024-07-14,2024-07-14 14:43:00,440.33,440.33,440.31,440.31,-0.0,73.24,32051.23,-1
2024-07-14,2024-07-14 14:44:00,440.31,440.31,440.29,440.29,-0.0,73.24,32051.23,-1
2024-07-14,2024-07-14 14:45:00,440.29,440.29,440.27,440.27,-0.0,73.24,32051.23,-1
2024-07-14,2024-07-14 14:46:00,440.27,440.27,440.25,440.25,-0.0,73.24,32051.23,-1
2024-07-14,2024-07-14 14:47:00,440.25,440.25,440.24,440.24,-0.0,73.24,32051.23,-1
2024-07-14,2024-07-14 14:48:00,440.24,440.24,440.22,440.22,-0.0,73.24,32051.23,-1
2024-07-14,2024-07-14 14:49:00,440.22,440.22,440.2,440.2,-0.0,73.24,32051.23,-1
2024-07-14,2024-07-14 14:50:00,440.2,440.2,440.18,440.18,-0.0,73.24,32051.23,-1
2024-07-14,2024-07-14 14:51:00,440.18,440.18,440.16,440.16,-0.0,73.24,32051.23,-1
2024-07-14,2024-07-14 14:52:00,440.16,440.16,440.14,440.14,-0.0,73.24,32051.23,-1
2024-07-14,2024-07-14 14:53:00,440.14,440.14,440.12,440.12,-0.0,73.24,32051.23,-1
2024-07-14,2024-07-14 14:54:00,440.12,440.12,440.1,440.1,-0.0,73.24,32051.23,-1
2024-07-14,2024-07-14 14:55:00,440.1,440.1,440.08,440.08,-0.0,73.24,32051.23,-1
2024-07-14,2024-07-14 14:56:00,440.08,440.08,440.06,440.06,-0.0,73.24,32051.23,-1
2024-07-14,2024-07-14 14:57:00,440.06,440.06,440.04,440.04,-0.0,73.24,32051.23,-1
2024-07-14,2024-07-14 14:58:00,440.04,440.04,440.02,440.02,-0.0,73.24,32051.23,-1
2024-07-14,2024-07-14 14:59:00,440.02,440.02,440.0,440.0,-0.0,73.24,32051.23,-1
2024-07-14,2024-07-14 15:00:00,440.0,453.5,430.0,440.0,0.0,73.24,32051.23,0
2024-07-15,2024-07-15 11:00:00,448.8,448.8,443.61,448.78,-0.0,121.37,53790.3,-1
2024-07-15,2024-07-15 11:01:00,448.78,448.78,448.76,448.76,-0.0,121.37,53790.3,-1
2024-07-15,2024-07-15 11:02:00,448.76,448.76,448.74,448.74,-0.0,121.37,53790.3,-1
2024-07-15,2024-07-15 11:03:00,448.74,448.74,448.72,448.72,-0.0,121.37,53790.3,-1
2024-07-15,2024-07-15 11:04:00,448.72,448.72,448.7,448.7,-0.0,121.37,53790.3,-1
2024-07-15,2024-07-15 11:05:00,448.7,448.7,448.68,448.68,-0.0,121.37,53790.3,-1
2024-07-15,2024-07-15 11:06:00,448.68,448.68,448.66,448.66,-0.0,121.37,53790.3,-1
2024-07-15,2024-07-15 11:07:00,448.66,448.66,448.64,448.64,-0.0,121.37,53790.3,-1
2024-07-15,2024-07-15 11:08:00,448.64,448.64,448.62,448.62,-0.0,121.37,53790.3,-1
2024-07-15,2024-07-15 11:09:00,448.62,448.62,448.6,448.6,-0.0,121.37,53790.3,-1
2024-07-15,2024-07-15 11:10:00,448.6,448.6,448.58,448.58,-0.0,121.37,53790.3,-1
2024-07-15,2024-07-15 11:11:00,448.58,448.58,448.56,448.56,-0.0,121.37,53790.3,-1
2024-07-15,2024-07-15 11:12:00,448.56,448.56,448.54,448.54,-0.0,121.37,53790.3,-1
2024-07-15,2024-07-15 11:13:00,448.54,448.54,448.52,448.52,-0.0,121.37,53790.3,-1
2024-07-15,2024-07-15 11:14:00,448.52,448.52,448.5,448.5,-0.0,121.37,53790.3,-1
2024-07-15,2024-07-15 11:15:00,448.5,448.5,448.48,448.48,-0.0,121.37,53790.3,-1
2024-07-15,2024-07-15 11:16:00,448.48,448.48,448.46,448.46,-0.0,121.37,53790.3,-1
2024-07-15,2024-07-15 11:17:00,448.46,448.46,448.44,448.44,-0.0,121.37,53790.3,-1
2024-07-15,2024-07-15 11:18:00,448.44,448.44,448.42,448.42,-0.0,121.37,53790.3,-1
2024-07-15,2024-07-15 11:19:00,448.42,448.42,448.4,448.4,-0.0,121.37,53790.3,-1
2024-07-15,2024-07-15 11:20:00,448.4,448.4,448.38,448.38,-0.0,121.37,53790.3,-1
2024-07-15,2024-07-15 11:21:00,448.38,448.38,448.36,448.36,-0.0,121.37,53790.3,-1
2024-07-15,2024-07-15 11:22:00,448.36,448.36,448.34,448.34,-0.0,121.37,53790.3,-1
2024-07-15,2024-07-15 11:23:00,448.34,448.34,448.32,448.32,-0.0,121.37,53790.3,-1
2024-07-15,2024-07-15 11:24:00,448.32,448.32,448.3,448.3,-0.0,121.37,53790.3,-1
2024-07-15,2024-07-15 11:25:00,448.3,448.3,448.28,448.28,-0.0,121.37,53790.3,-1
2024-07-15,2024-07-15 11:26:00,448.28,448.28,448.26,448.26,-0.0,121.37,53790.3,-1
2024-07-15,2024-07-15 11:27:00,448.26,448.26,448.24,448.24,-0.0,121.37,53790.3,-1
2024-07-15,2024-07-15 11:28:00,448.24,448.24,448.22,448.22,-0.0,121.37,53790.3,-1
2024-07-15,2024-07-15 11:29:00,448.22,448.22,448.2,448.2,-0.0,121.37,53790.3,-1
2024-07-15,2024-07-15 11:30:00,448.2,448.2,448.18,448.18,-0.0,121.37,53790.3,-1
2024-07-15,2024-07-15 11:31:00,448.18,448.18,448.16,448.16,-0.0,121.37,53790.3,-1
2024-07-15,2024-07-15 11:32:00,448.16,448.16,448.14,448.14,-0.0,121.37,53790.3,-1
2024-07-15,2024-07-15 11:33:00,448.14,448.14,448.12,448.12,-0.0,121.37,53790.3,-1
2024-07-15,2024-07-15 11:34:00,448.12,448.12,448.1,448.1,-0.0,121.37,53790.3,-1
2024-07-15,2024-07-15 11:35:00,448.1,448.1,448.08,448.08,-0.0,121.37,53790.3,-1
2024-07-15,2024-07-15 11:36:00,448.08,448.08,448.06,448.06,-0.0,121.37,53790.3,-1
2024-07-15,2024-07-15 11:37:00,448.06,448.06,448.04,448.04,-0.0,121.37,53790.3,-1
2024-07-15,2024-07-15 11:38:00,448.04,448.04,448.02,448.02,-0.0,121.37,53790.3,-1
2024-07-15,2024-07-15 11:39:00,448.02,448.02,448.0,448.0,-0.0,121.37,53790.3,-1
2024-07-15,2024-07-15 11:40:00,448.0,448.0,447.98,447.98,-0.0,121.37,53790.3,-1
2024-07-15,2024-07-15 11:41:00,447.98,447.98,447.96,447.96,-0.0,121.37,53790.3,-1
2024-07-15,2024-07-15 11:42:00,447.96,447.96,447.94,447.94,-0.0,121.37,53790.3,-1
2024-07-15,2024-07-15 11:43:00,447.94,447.94,447.92,447.92,-0.0,121.37,53790.3,-1
2024-07-15,2024-07-15 11:44:00,447.92,447.92,447.9,447.9,-0.0,121.37,53790.3,-1
2024-07-15,2024-07-15 11:45:00,447.9,447.9,447.88,447.88,-0.0,121.37,53790.3,-1
2024-07-15,2024-07-15 11:46:00,447.88,447.88,447.86,447.86,-0.0,121.37,53790.3,-1
2024-07-15,2024-07-15 11:47:00,447.86,447.86,447.84,447.84,-0.0,121.37,53790.3,-1
2024-07-15,2024-07-15 11:48:00,447.84,447.84,447.82,447.82,-0.0,121.37,53790.3,-1
2024-07-15,2024-07-15 11:49:00,447.82,447.82,447.8,447.8,-0.0,121.37,53790.3,-1
2024-07-15,2024-07-15 11:50:00,447.8,447.8,447.78,447.78,-0.0,121.37,53790.3,-1
2024-07-15,2024-07-15 11:51:00,447.78,447.78,447.76,447.76,-0.0,121.37,53790.3,-1
2024-07-15,2024-07-15 11:52:00,447.76,447.76,447.74,447.74,-0.0,121.37,53790.3,-1
2024-07-15,2024-07-15 11:53:00,447.74,447.74,447.72,447.72,-0.0,121.37,53790.3,-1
2024-07-15,2024-07-15 11:54:00,447.72,447.72,447.7,447.7,-0.0,121.37,53790.3,-1
2024-07-15,2024-07-15 11:55:00,447.7,447.7,447.68,447.68,-0.0,121.37,53790.3,-1
2024-07-15,2024-07-15 11:56:00,447.68,447.68,447.66,447.66,-0.0,121.37,53790.3,-1
2024-07-15,2024-07-15 11:57:00,447.66,447.66,447.64,447.64,-0.0,121.37,53790.3,-1
2024-07-15,2024-07-15 11:58:00,447.64,447.64,447.62,447.62,-0.0,121.37,53790.3,-1
2024-07-15,2024-07-15 11:59:00,447.62,447.62,447.6,447.6,-0.0,121.37,53790.3,-1
2024-07-15,2024-07-15 12:00:00,447.6,447.6,447.58,447.58,-0.0,121.37,53790.3,-1
2024-07-15,2024-07-15 12:01:00,447.58,447.58,447.56,447.56,-0.0,121.37,53790.3,-1
2024-07-15,2024-07-15 12:02:00,447.56,447.56,447.54,447.54,-0.0,121.37,53790.3,-1
2024-07-15,2024-07-15 12:03:00,447.54,447.54,447.52,447.52,-0.0,121.37,53790.3,-1
2024-07-15,2024-07-15 12:04:00,447.52,447.52,447.5,447.5,-0.0,121.37,53790.3,-1
2024-07-15,2024-07-15 12:05:00,447.5,447.5,447.48,447.48,-0.0,121.37,53790.3,-1
2024-07-15,2024-07-15 12:06:00,447.48,447.48,447.46,447.46,-0.0,121.37,53790.3,-1
2024-07-15,2024-07-15 12:07:00,447.46,447.46,447.44,447.44,-0.0,121.37,53790.3,-1
2024-07-15,2024-07-15 12:08:00,447.44,447.44,447.42,447.42,-0.0,121.37,53790.3,-1
2024-07-15,2024-07-15 12:09:00,447.42,447.42,447.4,447.4,-0.0,121.37,53790.3,-1
2024-07-15,2024-07-15 12:10:00,447.4,447.4,447.38,447.38,-0.0,121.37,53790.3,-1
2024-07-15,2024-07-15 12:11:00,447.38,447.38,447.36,447.36,-0.0,121.37,53790.3,-1
2024-07-15,2024-07-15 12:12:00,447.36,447.36,447.34,447.34,-0.0,121.37,53790.3,-1
2024-07-15,2024-07-15 12:13:00,447.34,447.34,447.32,447.32,-0.0,121.37,53790.3,-1
2024-07-15,2024-07-15 12:14:00,447.32,447.32,447.3,447.3,-0.0,121.37,53790.3,-1
2024-07-15,2024-07-15 12:15:00,447.3,447.3,447.28,447.28,-0.0,121.37,53790.3,-1
2024-07-15,2024-07-15 12:16:00,447.28,447.28,447.26,447.26,-0.0,121.37,53790.3,-1
2024-07-15,2024-07-15 12:17:00,447.26,447.26,447.24,447.24,-0.0,121.37,53790.3,-1
2024-07-15,2024-07-15 12:18:00,447.24,447.24,447.22,447.22,-0.0,121.37,53790.3,-1
2024-07-15,2024-07-15 12:19:00,447.22,447.22,447.2,447.2,-0.0,121.37,53790.3,-1
2024-07-15,2024-07-15 12:20:00,447.2,447.2,447.18,447.18,-0.0,121.37,53790.3,-1
2024-07-15,2024-07-15 12:21:00,447.18,447.18,447.16,447.16,-0.0,121.37,53790.3,-1
2024-07-15,2024-07-15 12:22:00,447.16,447.16,447.14,447.14,-0.0,121.37,53790.3,-1
2024-07-15,2024-07-15 12:23:00,447.14,447.14,447.12,447.12,-0.0,121.37,53790.3,-1
2024-07-15,2024-07-15 12:24:00,447.12,447.12,447.1,447.1,-0.0,121.37,53790.3,-1
2024-07-15,2024-07-15 12:25:00,447.1,447.1,447.08,447.08,-0.0,121.37,53790.3,-1
2024-07-15,2024-07-15 12:26:00,447.08,447.08,447.06,447.06,-0.0,121.37,53790.3,-1
2024-07-15,2024-07-15 12:27:00,447.06,447.06,447.04,447.04,-0.0,121.37,53790.3,-1
2024-07-15,2024-07-15 12:28:00,447.04,447.04,447.02,447.02,-0.0,121.37,53790.3,-1
2024-07-15,2024-07-15 12:29:00,447.02,447.02,447.0,447.0,-0.0,121.37,53790.3,-1
2024-07-15,2024-07-15 12:30:00,447.0,447.0,446.98,446.98,-0.0,121.37,53790.3,-1
2024-07-15,2024-07-15 12:31:00,446.98,446.98,446.96,446.96,-0.0,121.37,53790.3,-1
2024-07-15,2024-07-15 12:32:00,446.96,446.96,446.94,446.94,-0.0,121.37,53790.3,-1
2024-07-15,2024-07-15 12:33:00,446.94,446.94,446.92,446.92,-0.0,121.37,53790.3,-1
2024-07-15,2024-07-15 12:34:00,446.92,446.92,446.9,446.9,-0.0,121.37,53790.3,-1
2024-07-15,2024-07-15 12:35:00,446.9,446.9,446.88,446.88,-0.0,121.37,53790.3,-1
2024-07-15,2024-07-15 12:36:00,446.88,446.88,446.86,446.86,-0.0,121.37,53790.3,-1
2024-07-15,2024-07-15 12:37:00,446.86,446.86,446.84,446.84,-0.0,121.37,53790.3,-1
2024-07-15,2024-07-15 12:38:00,446.84,446.84,446.82,446.82,-0.0,121.37,53790.3,-1
2024-07-15,2024-07-15 12:39:00,446.82,446.82,446.8,446.8,-0.0,121.37,53790.3,-1
2024-07-15,2024-07-15 12:40:00,446.8,446.8,446.78,446.78,-0.0,121.37,53790.3,-1
2024-07-15,2024-07-15 12:41:00,446.78,446.78,446.76,446.76,-0.0,121.37,53790.3,-1
2024-07-15,2024-07-15 12:42:00,446.76,446.76,446.74,446.74,-0.0,121.37,53790.3,-1
2024-07-15,2024-07-15 12:43:00,446.74,446.74,446.72,446.72,-0.0,121.37,53790.3,-1
2024-07-15,2024-07-15 12:44:00,446.72,446.72,446.7,446.7,-0.0,121.37,53790.3,-1
2024-07-15,2024-07-15 12:45:00,446.7,446.7,446.68,446.68,-0.0,121.37,53790.3,-1
2024-07-15,2024-07-15 12:46:00,446.68,446.68,446.66,446.66,-0.0,121.37,53790.3,-1
2024-07-15,2024-07-15 12:47:00,446.66,446.66,446.64,446.64,-0.0,121.37,53790.3,-1
2024-07-15,2024-07-15 12:48:00,446.64,446.64,446.62,446.62,-0.0,121.37,53790.3,-1
2024-07-15,2024-07-15 12:49:00,446.62,446.62,446.6,446.6,-0.0,121.37,53790.3,-1
2024-07-15,2024-07-15 12:50:00,446.6,446.6,446.58,446.58,-0.0,121.37,53790.3,-1
2024-07-15,2024-07-15 12:51:00,446.58,446.58,446.56,446.56,-0.0,121.37,53790.3,-1
2024-07-15,2024-07-15 12:52:00,446.56,446.56,446.54,446.54,-0.0,121.37,53790.3,-1
2024-07-15,2024-07-15 12:53:00,446.54,446.54,446.52,446.52,-0.0,121.37,53790.3,-1
2024-07-15,2024-07-15 12:54:00,446.52,446.52,446.5,446.5,-0.0,121.37,53790.3,-1
2024-07-15,2024-07-15 12:55:00,446.5,446.5,446.48,446.48,-0.0,121.37,53790.3,-1
2024-07-15,2024-07-15 12:56:00,446.48,446.48,446.46,446.46,-0.0,121.37,53790.3,-1
2024-07-15,2024-07-15 12:57:00,446.46,446.46,446.44,446.44,-0.0,121.37,53790.3,-1
2024-07-15,2024-07-15 12:58:00,446.44,446.44,446.42,446.42,-0.0,121.37,53790.3,-1
2024-07-15,2024-07-15 12:59:00,446.42,446.42,446.4,446.4,-0.0,121.37,53790.3,-1
2024-07-15,2024-07-15 13:00:00,446.4,448.8,431.5,446.38,-0.0,121.37,53790.3,-1
2024-07-15,2024-07-15 13:01:00,446.38,446.38,446.36,446.36,-0.0,121.37,53790.3,-1
2024-07-15,2024-07-15 13:02:00,446.36,446.36,446.34,446.34,-0.0,121.37,53790.3,-1
2024-07-15,2024-07-15 13:03:00,446.34,446.34,446.32,446.32,-0.0,121.37,53790.3,-1
2024-07-15,2024-07-15 13:04:00,446.32,446.32,446.3,446.3,-0.0,121.37,53790.3,-1
2024-07-15,2024-07-15 13:05:00,446.3,446.3,446.28,446.28,-0.0,121.37,53790.3,-1
2024-07-15,2024-07-15 13:06:00,446.28,446.28,446.26,446.26,-0.0,121.37,53790.3,-1
2024-07-15,2024-07-15 13:07:00,446.26,446.26,446.24,446.24,-0.0,121.37,53790.3,-1
2024-07-15,2024-07-15 13:08:00,446.24,446.24,446.22,446.22,-0.0,121.37,53790.3,-1
2024-07-15,2024-07-15 13:09:00,446.22,446.22,446.2,446.2,-0.0,121.37,53790.3,-1
2024-07-15,2024-07-15 13:10:00,446.2,446.2,446.18,446.18,-0.0,121.37,53790.3,-1
2024-07-15,2024-07-15 13:11:00,446.18,446.18,446.16,446.16,-0.0,121.37,53790.3,-1
2024-07-15,2024-07-15 13:12:00,446.16,446.16,446.14,446.14,-0.0,121.37,53790.3,-1
2024-07-15,2024-07-15 13:13:00,446.14,446.14,446.12,446.12,-0.0,121.37,53790.3,-1
2024-07-15,2024-07-15 13:14:00,446.12,446.12,446.1,446.1,-0.0,121.37,53790.3,-1
2024-07-15,2024-07-15 13:15:00,446.1,446.1,446.08,446.08,-0.0,121.37,53790.3,-1
2024-07-15,2024-07-15 13:16:00,446.08,446.08,446.06,446.06,-0.0,121.37,53790.3,-1
2024-07-15,2024-07-15 13:17:00,446.06,446.06,446.04,446.04,-0.0,121.37,53790.3,-1
2024-07-15,2024-07-15 13:18:00,446.04,446.04,446.02,446.02,-0.0,121.37,53790.3,-1
2024-07-15,2024-07-15 13:19:00,446.02,446.02,446.0,446.0,-0.0,121.37,53790.3,-1
2024-07-15,2024-07-15 13:20:00,446.0,446.0,445.98,445.98,-0.0,121.37,53790.3,-1
2024-07-15,2024-07-15 13:21:00,445.98,445.98,445.96,445.96,-0.0,121.37,53790.3,-1
2024-07-15,2024-07-15 13:22:00,445.96,445.96,445.94,445.94,-0.0,121.37,53790.3,-1
2024-07-15,2024-07-15 13:23:00,445.94,445.94,445.92,445.92,-0.0,121.37,53790.3,-1
2024-07-15,2024-07-15 13:24:00,445.92,445.92,445.9,445.9,-0.0,121.37,53790.3,-1
2024-07-15,2024-07-15 13:25:00,445.9,445.9,445.88,445.88,-0.0,121.37,53790.3,-1
2024-07-15,2024-07-15 13:26:00,445.88,445.88,445.86,445.86,-0.0,121.37,53790.3,-1
2024-07-15,2024-07-15 13:27:00,445.86,445.86,445.84,445.84,-0.0,121.37,53790.3,-1
2024-07-15,2024-07-15 13:28:00,445.84,445.84,445.82,445.82,-0.0,121.37,53790.3,-1
2024-07-15,2024-07-15 13:29:00,445.82,445.82,445.8,445.8,-0.0,121.37,53790.3,-1
2024-07-15,2024-07-15 13:30:00,445.8,445.8,445.78,445.78,-0.0,121.37,53790.3,-1
2024-07-15,2024-07-15 13:31:00,445.78,445.78,445.76,445.76,-0.0,121.37,53790.3,-1
2024-07-15,2024-07-15 13:32:00,445.76,445.76,445.74,445.74,-0.0,121.37,53790.3,-1
2024-07-15,2024-07-15 13:33:00,445.74,445.74,445.72,445.72,-0.0,121.37,53790.3,-1
2024-07-15,2024-07-15 13:34:00,445.72,445.72,445.7,445.7,-0.0,121.37,53790.3,-1
2024-07-15,2024-07-15 13:35:00,445.7,445.7,445.68,445.68,-0.0,121.37,53790.3,-1
2024-07-15,2024-07-15 13:36:00,445.68,445.68,445.66,445.66,-0.0,121.37,53790.3,-1
2024-07-15,2024-07-15 13:37:00,445.66,445.66,445.64,445.64,-0.0,121.37,53790.3,-1
2024-07-15,2024-07-15 13:38:00,445.64,445.64,445.62,445.62,-0.0,121.37,53790.3,-1
2024-07-15,2024-07-15 13:39:00,445.62,445.62,445.6,445.6,-0.0,121.37,53790.3,-1
2024-07-15,2024-07-15 13:40:00,445.6,445.6,445.58,445.58,-0.0,121.37,53790.3,-1
2024-07-15,2024-07-15 13:41:00,445.58,445.58,445.56,445.56,-0.0,121.37,53790.3,-1
2024-07-15,2024-07-15 13:42:00,445.56,445.56,445.54,445.54,-0.0,121.37,53790.3,-1
2024-07-15,2024-07-15 13:43:00,445.54,445.54,445.52,445.52,-0.0,121.37,53790.3,-1
2024-07-15,2024-07-15 13:44:00,445.52,445.52,445.5,445.5,-0.0,121.37,53790.3,-1
2024-07-15,2024-07-15 13:45:00,445.5,445.5,445.48,445.48,-0.0,121.37,53790.3,-1
2024-07-15,2024-07-15 13:46:00,445.48,445.48,445.46,445.46,-0.0,121.37,53790.3,-1
2024-07-15,2024-07-15 13:47:00,445.46,445.46,445.44,445.44,-0.0,121.37,53790.3,-1
2024-07-15,2024-07-15 13:48:00,445.44,445.44,445.42,445.42,-0.0,121.37,53790.3,-1
2024-07-15,2024-07-15 13:49:00,445.42,445.42,445.4,445.4,-0.0,121.37,53790.3,-1
2024-07-15,2024-07-15 13:50:00,445.4,445.4,445.38,445.38,-0.0,121.37,53790.3,-1
2024-07-15,2024-07-15 13:51:00,445.38,445.38,445.36,445.36,-0.0,121.37,53790.3,-1
2024-07-15,2024-07-15 13:52:00,445.36,445.36,445.34,445.34,-0.0,121.37,53790.3,-1
2024-07-15,2024-07-15 13:53:00,445.34,445.34,445.32,445.32,-0.0,121.37,53790.3,-1
2024-07-15,2024-07-15 13:54:00,445.32,445.32,445.3,445.3,-0.0,121.37,53790.3,-1
2024-07-15,2024-07-15 13:55:00,445.3,445.3,445.28,445.28,-0.0,121.37,53790.3,-1
2024-07-15,2024-07-15 13:56:00,445.28,445.28,445.26,445.26,-0.0,121.37,53790.3,-1
2024-07-15,2024-07-15 13:57:00,445.26,445.26,445.24,445.24,-0.0,121.37,53790.3,-1
2024-07-15,2024-07-15 13:58:00,445.24,445.24,445.22,445.22,-0.0,121.37,53790.3,-1
2024-07-15,2024-07-15 13:59:00,445.22,445.22,445.2,445.2,-0.0,121.37,53790.3,-1
2024-07-15,2024-07-15 14:00:00,445.2,445.2,445.18,445.18,-0.0,121.37,53790.3,-1
2024-07-15,2024-07-15 14:01:00,445.18,445.18,445.16,445.16,-0.0,121.37,53790.3,-1
2024-07-15,2024-07-15 14:02:00,445.16,445.16,445.14,445.14,-0.0,121.37,53790.3,-1
2024-07-15,2024-07-15 14:03:00,445.14,445.14,445.12,445.12,-0.0,121.37,53790.3,-1
2024-07-15,2024-07-15 14:04:00,445.12,445.12,445.1,445.1,-0.0,121.37,53790.3,-1
2024-07-15,2024-07-15 14:05:00,445.1,445.1,445.08,445.08,-0.0,121.37,53790.3,-1
2024-07-15,2024-07-15 14:06:00,445.08,445.08,445.06,445.06,-0.0,121.37,53790.3,-1
2024-07-15,2024-07-15 14:07:00,445.06,445.06,445.04,445.04,-0.0,121.37,53790.3,-1
2024-07-15,2024-07-15 14:08:00,445.04,445.04,445.02,445.02,-0.0,121.37,53790.3,-1
2024-07-15,2024-07-15 14:09:00,445.02,445.02,445.0,445.0,-0.0,121.37,53790.3,-1
2024-07-15,2024-07-15 14:10:00,445.0,445.0,444.98,444.98,-0.0,121.37,53790.3,-1
2024-07-15,2024-07-15 14:11:00,444.98,444.98,444.96,444.96,-0.0,121.37,53790.3,-1
2024-07-15,2024-07-15 14:12:00,444.96,444.96,444.94,444.94,-0.0,121.37,53790.3,-1
2024-07-15,2024-07-15 14:13:00,444.94,444.94,444.92,444.92,-0.0,121.37,53790.3,-1
2024-07-15,2024-07-15 14:14:00,444.92,444.92,444.9,444.9,-0.0,121.37,53790.3,-1
2024-07-15,2024-07-15 14:15:00,444.9,444.9,444.88,444.88,-0.0,121.37,53790.3,-1
2024-07-15,2024-07-15 14:16:00,444.88,444.88,444.86,444.86,-0.0,121.37,53790.3,-1
2024-07-15,2024-07-15 14:17:00,444.86,444.86,444.84,444.84,-0.0,121.37,53790.3,-1
2024-07-15,2024-07-15 14:18:00,444.84,444.84,444.82,444.82,-0.0,121.37,53790.3,-1
2024-07-15,2024-07-15 14:19:00,444.82,444.82,444.8,444.8,-0.0,121.37,53790.3,-1
2024-07-15,2024-07-15 14:20:00,444.8,444.8,444.78,444.78,-0.0,121.37,53790.3,-1
2024-07-15,2024-07-15 14:21:00,444.78,444.78,444.76,444.76,-0.0,121.37,53790.3,-1
2024-07-15,2024-07-15 14:22:00,444.76,444.76,444.74,444.74,-0.0,121.37,53790.3,-1
2024-07-15,2024-07-15 14:23:00,444.74,444.74,444.72,444.72,-0.0,121.37,53790.3,-1
2024-07-15,2024-07-15 14:24:00,444.72,444.72,444.7,444.7,-0.0,121.37,53790.3,-1
2024-07-15,2024-07-15 14:25:00,444.7,444.7,444.68,444.68,-0.0,121.37,53790.3,-1
2024-07-15,2024-07-15 14:26:00,444.68,444.68,444.66,444.66,-0.0,121.37,53790.3,-1
2024-07-15,2024-07-15 14:27:00,444.66,444.66,444.64,444.64,-0.0,121.37,53790.3,-1
2024-07-15,2024-07-15 14:28:00,444.64,444.64,444.62,444.62,-0.0,121.37,53790.3,-1
2024-07-15,2024-07-15 14:29:00,444.62,444.62,444.6,444.6,-0.0,121.37,53790.3,-1
2024-07-15,2024-07-15 14:30:00,444.6,444.6,444.58,444.58,-0.0,121.37,53790.3,-1
2024-07-15,2024-07-15 14:31:00,444.58,444.58,444.56,444.56,-0.0,121.37,53790.3,-1
2024-07-15,2024-07-15 14:32:00,444.56,444.56,444.54,444.54,-0.0,121.37,53790.3,-1
2024-07-15,2024-07-15 14:33:00,444.54,444.54,444.52,444.52,-0.0,121.37,53790.3,-1
2024-07-15,2024-07-15 14:34:00,444.52,444.52,444.5,444.5,-0.0,121.37,53790.3,-1
2024-07-15,2024-07-15 14:35:00,444.5,444.5,444.48,444.48,-0.0,121.37,53790.3,-1
2024-07-15,2024-07-15 14:36:00,444.48,444.48,444.46,444.46,-0.0,121.37,53790.3,-1
2024-07-15,2024-07-15 14:37:00,444.46,444.46,444.44,444.44,-0.0,121.37,53790.3,-1
2024-07-15,2024-07-15 14:38:00,444.44,444.44,444.42,444.42,-0.0,121.37,53790.3,-1
2024-07-15,2024-07-15 14:39:00,444.42,444.42,444.4,444.4,-0.0,121.37,53790.3,-1
2024-07-15,2024-07-15 14:40:00,444.4,444.4,444.38,444.38,-0.0,121.37,53790.3,-1
2024-07-15,2024-07-15 14:41:00,444.38,444.38,444.36,444.36,-0.0,121.37,53790.3,-1
2024-07-15,2024-07-15 14:42:00,444.36,444.36,444.34,444.34,-0.0,121.37,53790.3,-1
2024-07-15,2024-07-15 14:43:00,444.34,444.34,444.32,444.32,-0.0,121.37,53790.3,-1
2024-07-15,2024-07-15 14:44:00,444.32,444.32,444.3,444.3,-0.0,121.37,53790.3,-1
2024-07-15,2024-07-15 14:45:00,444.3,444.3,444.28,444.28,-0.0,121.37,53790.3,-1
2024-07-15,2024-07-15 14:46:00,444.28,444.28,444.26,444.26,-0.0,121.37,53790.3,-1
2024-07-15,2024-07-15 14:47:00,444.26,444.26,444.24,444.24,-0.0,121.37,53790.3,-1
2024-07-15,2024-07-15 14:48:00,444.24,444.24,444.22,444.22,-0.0,121.37,53790.3,-1
2024-07-15,2024-07-15 14:49:00,444.22,444.22,444.2,444.2,-0.0,121.37,53790.3,-1
2024-07-15,2024-07-15 14:50:00,444.2,444.2,444.18,444.18,-0.0,121.37,53790.3,-1
2024-07-15,2024-07-15 14:51:00,444.18,444.18,444.16,444.16,-0.0,121.37,53790.3,-1
2024-07-15,2024-07-15 14:52:00,444.16,444.16,444.14,444.14,-0.0,121.37,53790.3,-1
2024-07-15,2024-07-15 14:53:00,444.14,444.14,444.12,444.12,-0.0,121.37,53790.3,-1
2024-07-15,2024-07-15 14:54:00,444.12,444.12,444.1,444.1,-0.0,121.37,53790.3,-1
2024-07-15,2024-07-15 14:55:00,444.1,444.1,444.08,444.08,-0.0,121.37,53790.3,-1
2024-07-15,2024-07-15 14:56:00,444.08,444.08,444.06,444.06,-0.0,121.37,53790.3,-1
2024-07-15,2024-07-15 14:57:00,444.06,444.06,444.04,444.04,-0.0,121.37,53790.3,-1
2024-07-15,2024-07-15 14:58:00,444.04,444.04,444.02,444.02,-0.0,121.37,53790.3,-1
2024-07-15,2024-07-15 14:59:00,444.02,444.02,444.0,444.0,-0.0,121.37,53790.3,-1
2024-07-15,2024-07-15 15:00:00,444.0,448.8,431.5,444.0,0.0,121.37,53790.3,0
2024-07-16,2024-07-16 11:00:00,448.0,455.5,445.6,448.08,0.02,197.17,90388.64,1
2024-07-16,2024-07-16 11:01:00,448.08,448.17,448.08,448.17,0.02,197.17,90388.64,1
2024-07-16,2024-07-16 11:02:00,448.17,448.25,448.17,448.25,0.02,197.17,90388.64,1
2024-07-16,2024-07-16 11:03:00,448.25,448.33,448.25,448.33,0.02,197.17,90388.64,1
2024-07-16,2024-07-16 11:04:00,448.33,448.41,448.33,448.41,0.02,197.17,90388.64,1
2024-07-16,2024-07-16 11:05:00,448.41,448.5,448.41,448.5,0.02,197.17,90388.64,1
2024-07-16,2024-07-16 11:06:00,448.5,448.58,448.5,448.58,0.02,197.17,90388.64,1
2024-07-16,2024-07-16 11:07:00,448.58,448.66,448.58,448.66,0.02,197.17,90388.64,1
2024-07-16,2024-07-16 11:08:00,448.66,448.75,448.66,448.75,0.02,197.17,90388.64,1
2024-07-16,2024-07-16 11:09:00,448.75,448.83,448.75,448.83,0.02,197.17,90388.64,1
2024-07-16,2024-07-16 11:10:00,448.83,448.91,448.83,448.91,0.02,197.17,90388.64,1
2024-07-16,2024-07-16 11:11:00,448.91,449.0,448.91,449.0,0.02,197.17,90388.64,1
2024-07-16,2024-07-16 11:12:00,449.0,449.08,449.0,449.08,0.02,197.17,90388.64,1
2024-07-16,2024-07-16 11:13:00,449.08,449.16,449.08,449.16,0.02,197.17,90388.64,1
2024-07-16,2024-07-16 11:14:00,449.16,449.24,449.16,449.24,0.02,197.17,90388.64,1
2024-07-16,2024-07-16 11:15:00,449.24,449.33,449.24,449.33,0.02,197.17,90388.64,1
2024-07-16,2024-07-16 11:16:00,449.33,449.41,449.33,449.41,0.02,197.17,90388.64,1
2024-07-16,2024-07-16 11:17:00,449.41,449.49,449.41,449.49,0.02,197.17,90388.64,1
2024-07-16,2024-07-16 11:18:00,449.49,449.58,449.49,449.58,0.02,197.17,90388.64,1
2024-07-16,2024-07-16 11:19:00,449.58,449.66,449.58,449.66,0.02,197.17,90388.64,1
2024-07-16,2024-07-16 11:20:00,449.66,449.74,449.66,449.74,0.02,197.17,90388.64,1
2024-07-16,2024-07-16 11:21:00,449.74,449.82,449.74,449.82,0.02,197.17,90388.64,1
2024-07-16,2024-07-16 11:22:00,449.82,449.91,449.82,449.91,0.02,197.17,90388.64,1
2024-07-16,2024-07-16 11:23:00,449.91,449.99,449.91,449.99,0.02,197.17,90388.64,1
2024-07-16,2024-07-16 11:24:00,449.99,450.07,449.99,450.07,0.02,197.17,90388.64,1
2024-07-16,2024-07-16 11:25:00,450.07,450.16,450.07,450.16,0.02,197.17,90388.64,1
2024-07-16,2024-07-16 11:26:00,450.16,450.24,450.16,450.24,0.02,197.17,90388.64,1
2024-07-16,2024-07-16 11:27:00,450.24,450.32,450.24,450.32,0.02,197.17,90388.64,1
2024-07-16,2024-07-16 11:28:00,450.32,450.4,450.32,450.4,0.02,197.17,90388.64,1
2024-07-16,2024-07-16 11:29:00,450.4,450.49,450.4,450.49,0.02,197.17,90388.64,1
2024-07-16,2024-07-16 11:30:00,450.49,450.57,450.49,450.57,0.02,197.17,90388.64,1
2024-07-16,2024-07-16 11:31:00,450.57,450.65,450.57,450.65,0.02,197.17,90388.64,1
2024-07-16,2024-07-16 11:32:00,450.65,450.74,450.65,450.74,0.02,197.17,90388.64,1
2024-07-16,2024-07-16 11:33:00,450.74,450.82,450.74,450.82,0.02,197.17,90388.64,1
2024-07-16,2024-07-16 11:34:00,450.82,450.9,450.82,450.9,0.02,197.17,90388.64,1
2024-07-16,2024-07-16 11:35:00,450.9,450.99,450.9,450.99,0.02,197.17,90388.64,1
2024-07-16,2024-07-16 11:36:00,450.99,451.07,450.99,451.07,0.02,197.17,90388.64,1
2024-07-16,2024-07-16 11:37:00,451.07,451.15,451.07,451.15,0.02,197.17,90388.64,1
2024-07-16,2024-07-16 11:38:00,451.15,451.23,451.15,451.23,0.02,197.17,90388.64,1
2024-07-16,2024-07-16 11:39:00,451.23,451.32,451.23,451.32,0.02,197.17,90388.64,1
2024-07-16,2024-07-16 11:40:00,451.32,451.4,451.32,451.4,0.02,197.17,90388.64,1
2024-07-16,2024-07-16 11:41:00,451.4,451.48,451.4,451.48,0.02,197.17,90388.64,1
2024-07-16,2024-07-16 11:42:00,451.48,451.57,451.48,451.57,0.02,197.17,90388.64,1
2024-07-16,2024-07-16 11:43:00,451.57,451.65,451.57,451.65,0.02,197.17,90388.64,1
2024-07-16,2024-07-16 11:44:00,451.65,451.73,451.65,451.73,0.02,197.17,90388.64,1
2024-07-16,2024-07-16 11:45:00,451.73,451.81,451.73,451.81,0.02,197.17,90388.64,1
2024-07-16,2024-07-16 11:46:00,451.81,451.9,451.81,451.9,0.02,197.17,90388.64,1
2024-07-16,2024-07-16 11:47:00,451.9,451.98,451.9,451.98,0.02,197.17,90388.64,1
2024-07-16,2024-07-16 11:48:00,451.98,452.06,451.98,452.06,0.02,197.17,90388.64,1
2024-07-16,2024-07-16 11:49:00,452.06,452.15,452.06,452.15,0.02,197.17,90388.64,1
2024-07-16,2024-07-16 11:50:00,452.15,452.23,452.15,452.23,0.02,197.17,90388.64,1
2024-07-16,2024-07-16 11:51:00,452.23,452.31,452.23,452.31,0.02,197.17,90388.64,1
2024-07-16,2024-07-16 11:52:00,452.31,452.39,452.31,452.39,0.02,197.17,90388.64,1
2024-07-16,2024-07-16 11:53:00,452.39,452.48,452.39,452.48,0.02,197.17,90388.64,1
2024-07-16,2024-07-16 11:54:00,452.48,452.56,452.48,452.56,0.02,197.17,90388.64,1
2024-07-16,2024-07-16 11:55:00,452.56,452.64,452.56,452.64,0.02,197.17,90388.64,1
2024-07-16,2024-07-16 11:56:00,452.64,452.73,452.64,452.73,0.02,197.17,90388.64,1
2024-07-16,2024-07-16 11:57:00,452.73,452.81,452.73,452.81,0.02,197.17,90388.64,1
2024-07-16,2024-07-16 11:58:00,452.81,452.89,452.81,452.89,0.02,197.17,90388.64,1
2024-07-16,2024-07-16 11:59:00,452.89,452.98,452.89,452.98,0.02,197.17,90388.64,1
2024-07-16,2024-07-16 12:00:00,452.98,453.06,452.98,453.06,0.02,197.17,90388.64,1
2024-07-16,2024-07-16 12:01:00,453.06,453.14,453.06,453.14,0.02,197.17,90388.64,1
2024-07-16,2024-07-16 12:02:00,453.14,453.22,453.14,453.22,0.02,197.17,90388.64,1
2024-07-16,2024-07-16 12:03:00,453.22,453.31,453.22,453.31,0.02,197.17,90388.64,1
2024-07-16,2024-07-16 12:04:00,453.31,453.39,453.31,453.39,0.02,197.17,90388.64,1
2024-07-16,2024-07-16 12:05:00,453.39,453.47,453.39,453.47,0.02,197.17,90388.64,1
2024-07-16,2024-07-16 12:06:00,453.47,453.56,453.47,453.56,0.02,197.17,90388.64,1
2024-07-16,2024-07-16 12:07:00,453.56,453.64,453.56,453.64,0.02,197.17,90388.64,1
2024-07-16,2024-07-16 12:08:00,453.64,453.72,453.64,453.72,0.02,197.17,90388.64,1
2024-07-16,2024-07-16 12:09:00,453.72,453.8,453.72,453.8,0.02,197.17,90388.64,1
2024-07-16,2024-07-16 12:10:00,453.8,453.89,453.8,453.89,0.02,197.17,90388.64,1
2024-07-16,2024-07-16 12:11:00,453.89,453.97,453.89,453.97,0.02,197.17,90388.64,1
2024-07-16,2024-07-16 12:12:00,453.97,454.05,453.97,454.05,0.02,197.17,90388.64,1
2024-07-16,2024-07-16 12:13:00,454.05,454.14,454.05,454.14,0.02,197.17,90388.64,1
2024-07-16,2024-07-16 12:14:00,454.14,454.22,454.14,454.22,0.02,197.17,90388.64,1
2024-07-16,2024-07-16 12:15:00,454.22,454.3,454.22,454.3,0.02,197.17,90388.64,1
2024-07-16,2024-07-16 12:16:00,454.3,454.38,454.3,454.38,0.02,197.17,90388.64,1
2024-07-16,2024-07-16 12:17:00,454.38,454.47,454.38,454.47,0.02,197.17,90388.64,1
2024-07-16,2024-07-16 12:18:00,454.47,454.55,454.47,454.55,0.02,197.17,90388.64,1
2024-07-16,2024-07-16 12:19:00,454.55,454.63,454.55,454.63,0.02,197.17,90388.64,1
2024-07-16,2024-07-16 12:20:00,454.63,454.72,454.63,454.72,0.02,197.17,90388.64,1
2024-07-16,2024-07-16 12:21:00,454.72,454.8,454.72,454.8,0.02,197.17,90388.64,1
2024-07-16,2024-07-16 12:22:00,454.8,454.88,454.8,454.88,0.02,197.17,90388.64,1
2024-07-16,2024-07-16 12:23:00,454.88,454.96,454.88,454.96,0.02,197.17,90388.64,1
2024-07-16,2024-07-16 12:24:00,454.96,455.05,454.96,455.05,0.02,197.17,90388.64,1
2024-07-16,2024-07-16 12:25:00,455.05,455.13,455.05,455.13,0.02,197.17,90388.64,1
2024-07-16,2024-07-16 12:26:00,455.13,455.21,455.13,455.21,0.02,197.17,90388.64,1
2024-07-16,2024-07-16 12:27:00,455.21,455.3,455.21,455.3,0.02,197.17,90388.64,1
2024-07-16,2024-07-16 12:28:00,455.3,455.38,455.3,455.38,0.02,197.17,90388.64,1
2024-07-16,2024-07-16 12:29:00,455.38,455.46,455.38,455.46,0.02,197.17,90388.64,1
2024-07-16,2024-07-16 12:30:00,455.46,455.55,455.46,455.55,0.02,197.17,90388.64,1
2024-07-16,2024-07-16 12:31:00,455.55,455.63,455.55,455.63,0.02,197.17,90388.64,1
2024-07-16,2024-07-16 12:32:00,455.63,455.71,455.63,455.71,0.02,197.17,90388.64,1
2024-07-16,2024-07-16 12:33:00,455.71,455.79,455.71,455.79,0.02,197.17,90388.64,1
2024-07-16,2024-07-16 12:34:00,455.79,455.88,455.79,455.88,0.02,197.17,90388.64,1
2024-07-16,2024-07-16 12:35:00,455.88,455.96,455.88,455.96,0.02,197.17,90388.64,1
2024-07-16,2024-07-16 12:36:00,455.96,456.04,455.96,456.04,0.02,197.17,90388.64,1
2024-07-16,2024-07-16 12:37:00,456.04,456.13,456.04,456.13,0.02,197.17,90388.64,1
2024-07-16,2024-07-16 12:38:00,456.13,456.21,456.13,456.21,0.02,197.17,90388.64,1
2024-07-16,2024-07-16 12:39:00,456.21,456.29,456.21,456.29,0.02,197.17,90388.64,1
2024-07-16,2024-07-16 12:40:00,456.29,456.37,456.29,456.37,0.02,197.17,90388.64,1
2024-07-16,2024-07-16 12:41:00,456.37,456.46,456.37,456.46,0.02,197.17,90388.64,1
2024-07-16,2024-07-16 12:42:00,456.46,456.54,456.46,456.54,0.02,197.17,90388.64,1
2024-07-16,2024-07-16 12:43:00,456.54,456.62,456.54,456.62,0.02,197.17,90388.64,1
2024-07-16,2024-07-16 12:44:00,456.62,456.71,456.62,456.71,0.02,197.17,90388.64,1
2024-07-16,2024-07-16 12:45:00,456.71,456.79,456.71,456.79,0.02,197.17,90388.64,1
2024-07-16,2024-07-16 12:46:00,456.79,456.87,456.79,456.87,0.02,197.17,90388.64,1
2024-07-16,2024-07-16 12:47:00,456.87,456.95,456.87,456.95,0.02,197.17,90388.64,1
2024-07-16,2024-07-16 12:48:00,456.95,457.04,456.95,457.04,0.02,197.17,90388.64,1
2024-07-16,2024-07-16 12:49:00,457.04,457.12,457.04,457.12,0.02,197.17,90388.64,1
2024-07-16,2024-07-16 12:50:00,457.12,457.2,457.12,457.2,0.02,197.17,90388.64,1
2024-07-16,2024-07-16 12:51:00,457.2,457.29,457.2,457.29,0.02,197.17,90388.64,1
2024-07-16,2024-07-16 12:52:00,457.29,457.37,457.29,457.37,0.02,197.17,90388.64,1
2024-07-16,2024-07-16 12:53:00,457.37,457.45,457.37,457.45,0.02,197.17,90388.64,1
2024-07-16,2024-07-16 12:54:00,457.45,457.54,457.45,457.54,0.02,197.17,90388.64,1
2024-07-16,2024-07-16 12:55:00,457.54,457.62,457.54,457.62,0.02,197.17,90388.64,1
2024-07-16,2024-07-16 12:56:00,457.62,457.7,457.62,457.7,0.02,197.17,90388.64,1
2024-07-16,2024-07-16 12:57:00,457.7,457.78,457.7,457.78,0.02,197.17,90388.64,1
2024-07-16,2024-07-16 12:58:00,457.78,457.87,457.78,457.87,0.02,197.17,90388.64,1
2024-07-16,2024-07-16 12:59:00,457.87,457.95,457.87,457.95,0.02,197.17,90388.64,1
2024-07-16,2024-07-16 13:00:00,457.95,473.0,440.0,458.03,0.02,197.17,90388.64,1
2024-07-16,2024-07-16 13:01:00,458.03,458.12,458.03,458.12,0.02,197.17,90388.64,1
2024-07-16,2024-07-16 13:02:00,458.12,458.2,458.12,458.2,0.02,197.17,90388.64,1
2024-07-16,2024-07-16 13:03:00,458.2,458.28,458.2,458.28,0.02,197.17,90388.64,1
2024-07-16,2024-07-16 13:04:00,458.28,458.36,458.28,458.36,0.02,197.17,90388.64,1
2024-07-16,2024-07-16 13:05:00,458.36,458.45,458.36,458.45,0.02,197.17,90388.64,1
2024-07-16,2024-07-16 13:06:00,458.45,458.53,458.45,458.53,0.02,197.17,90388.64,1
2024-07-16,2024-07-16 13:07:00,458.53,458.61,458.53,458.61,0.02,197.17,90388.64,1
2024-07-16,2024-07-16 13:08:00,458.61,458.7,458.61,458.7,0.02,197.17,90388.64,1
2024-07-16,2024-07-16 13:09:00,458.7,458.78,458.7,458.78,0.02,197.17,90388.64,1
2024-07-16,2024-07-16 13:10:00,458.78,458.86,458.78,458.86,0.02,197.17,90388.64,1
2024-07-16,2024-07-16 13:11:00,458.86,458.94,458.86,458.94,0.02,197.17,90388.64,1
2024-07-16,2024-07-16 13:12:00,458.94,459.03,458.94,459.03,0.02,197.17,90388.64,1
2024-07-16,2024-07-16 13:13:00,459.03,459.11,459.03,459.11,0.02,197.17,90388.64,1
2024-07-16,2024-07-16 13:14:00,459.11,459.19,459.11,459.19,0.02,197.17,90388.64,1
2024-07-16,2024-07-16 13:15:00,459.19,459.28,459.19,459.28,0.02,197.17,90388.64,1
2024-07-16,2024-07-16 13:16:00,459.28,459.36,459.28,459.36,0.02,197.17,90388.64,1
2024-07-16,2024-07-16 13:17:00,459.36,459.44,459.36,459.44,0.02,197.17,90388.64,1
2024-07-16,2024-07-16 13:18:00,459.44,459.53,459.44,459.53,0.02,197.17,90388.64,1
2024-07-16,2024-07-16 13:19:00,459.53,459.61,459.53,459.61,0.02,197.17,90388.64,1
2024-07-16,2024-07-16 13:20:00,459.61,459.69,459.61,459.69,0.02,197.17,90388.64,1
2024-07-16,2024-07-16 13:21:00,459.69,459.77,459.69,459.77,0.02,197.17,90388.64,1
2024-07-16,2024-07-16 13:22:00,459.77,459.86,459.77,459.86,0.02,197.17,90388.64,1
2024-07-16,2024-07-16 13:23:00,459.86,459.94,459.86,459.94,0.02,197.17,90388.64,1
2024-07-16,2024-07-16 13:24:00,459.94,460.02,459.94,460.02,0.02,197.17,90388.64,1
2024-07-16,2024-07-16 13:25:00,460.02,460.11,460.02,460.11,0.02,197.17,90388.64,1
2024-07-16,2024-07-16 13:26:00,460.11,460.19,460.11,460.19,0.02,197.17,90388.64,1
2024-07-16,2024-07-16 13:27:00,460.19,460.27,460.19,460.27,0.02,197.17,90388.64,1
2024-07-16,2024-07-16 13:28:00,460.27,460.35,460.27,460.35,0.02,197.17,90388.64,1
2024-07-16,2024-07-16 13:29:00,460.35,460.44,460.35,460.44,0.02,197.17,90388.64,1
2024-07-16,2024-07-16 13:30:00,460.44,460.52,460.44,460.52,0.02,197.17,90388.64,1
2024-07-16,2024-07-16 13:31:00,460.52,460.6,460.52,460.6,0.02,197.17,90388.64,1
2024-07-16,2024-07-16 13:32:00,460.6,460.69,460.6,460.69,0.02,197.17,90388.64,1
2024-07-16,2024-07-16 13:33:00,460.69,460.77,460.69,460.77,0.02,197.17,90388.64,1
2024-07-16,2024-07-16 13:34:00,460.77,460.85,460.77,460.85,0.02,197.17,90388.64,1
2024-07-16,2024-07-16 13:35:00,460.85,460.94,460.85,460.94,0.02,197.17,90388.64,1
2024-07-16,2024-07-16 13:36:00,460.94,461.02,460.94,461.02,0.02,197.17,90388.64,1
2024-07-16,2024-07-16 13:37:00,461.02,461.1,461.02,461.1,0.02,197.17,90388.64,1
2024-07-16,2024-07-16 13:38:00,461.1,461.18,461.1,461.18,0.02,197.17,90388.64,1
2024-07-16,2024-07-16 13:39:00,461.18,461.27,461.18,461.27,0.02,197.17,90388.64,1
2024-07-16,2024-07-16 13:40:00,461.27,461.35,461.27,461.35,0.02,197.17,90388.64,1
2024-07-16,2024-07-16 13:41:00,461.35,461.43,461.35,461.43,0.02,197.17,90388.64,1
2024-07-16,2024-07-16 13:42:00,461.43,461.52,461.43,461.52,0.02,197.17,90388.64,1
2024-07-16,2024-07-16 13:43:00,461.52,461.6,461.52,461.6,0.02,197.17,90388.64,1
2024-07-16,2024-07-16 13:44:00,461.6,461.68,461.6,461.68,0.02,197.17,90388.64,1
2024-07-16,2024-07-16 13:45:00,461.68,461.76,461.68,461.76,0.02,197.17,90388.64,1
2024-07-16,2024-07-16 13:46:00,461.76,461.85,461.76,461.85,0.02,197.17,90388.64,1
2024-07-16,2024-07-16 13:47:00,461.85,461.93,461.85,461.93,0.02,197.17,90388.64,1
2024-07-16,2024-07-16 13:48:00,461.93,462.01,461.93,462.01,0.02,197.17,90388.64,1
2024-07-16,2024-07-16 13:49:00,462.01,462.1,462.01,462.1,0.02,197.17,90388.64,1
2024-07-16,2024-07-16 13:50:00,462.1,462.18,462.1,462.18,0.02,197.17,90388.64,1
2024-07-16,2024-07-16 13:51:00,462.18,462.26,462.18,462.26,0.02,197.17,90388.64,1
2024-07-16,2024-07-16 13:52:00,462.26,462.34,462.26,462.34,0.02,197.17,90388.64,1
2024-07-16,2024-07-16 13:53:00,462.34,462.43,462.34,462.43,0.02,197.17,90388.64,1
2024-07-16,2024-07-16 13:54:00,462.43,462.51,462.43,462.51,0.02,197.17,90388.64,1
2024-07-16,2024-07-16 13:55:00,462.51,462.59,462.51,462.59,0.02,197.17,90388.64,1
2024-07-16,2024-07-16 13:56:00,462.59,462.68,462.59,462.68,0.02,197.17,90388.64,1
2024-07-16,2024-07-16 13:57:00,462.68,462.76,462.68,462.76,0.02,197.17,90388.64,1
2024-07-16,2024-07-16 13:58:00,462.76,462.84,462.76,462.84,0.02,197.17,90388.64,1
2024-07-16,2024-07-16 13:59:00,462.84,462.92,462.84,462.92,0.02,197.17,90388.64,1
2024-07-16,2024-07-16 14:00:00,462.92,463.01,462.92,463.01,0.02,197.17,90388.64,1
2024-07-16,2024-07-16 14:01:00,463.01,463.09,463.01,463.09,0.02,197.17,90388.64,1
2024-07-16,2024-07-16 14:02:00,463.09,463.17,463.09,463.17,0.02,197.17,90388.64,1
2024-07-16,2024-07-16 14:03:00,463.17,463.26,463.17,463.26,0.02,197.17,90388.64,1
2024-07-16,2024-07-16 14:04:00,463.26,463.34,463.26,463.34,0.02,197.17,90388.64,1
2024-07-16,2024-07-16 14:05:00,463.34,463.42,463.34,463.42,0.02,197.17,90388.64,1
2024-07-16,2024-07-16 14:06:00,463.42,463.51,463.42,463.51,0.02,197.17,90388.64,1
2024-07-16,2024-07-16 14:07:00,463.51,463.59,463.51,463.59,0.02,197.17,90388.64,1
2024-07-16,2024-07-16 14:08:00,463.59,463.67,463.59,463.67,0.02,197.17,90388.64,1
2024-07-16,2024-07-16 14:09:00,463.67,463.75,463.67,463.75,0.02,197.17,90388.64,1
2024-07-16,2024-07-16 14:10:00,463.75,463.84,463.75,463.84,0.02,197.17,90388.64,1
2024-07-16,2024-07-16 14:11:00,463.84,463.92,463.84,463.92,0.02,197.17,90388.64,1
2024-07-16,2024-07-16 14:12:00,463.92,464.0,463.92,464.0,0.02,197.17,90388.64,1
2024-07-16,2024-07-16 14:13:00,464.0,464.09,464.0,464.09,0.02,197.17,90388.64,1
2024-07-16,2024-07-16 14:14:00,464.09,464.17,464.09,464.17,0.02,197.17,90388.64,1
2024-07-16,2024-07-16 14:15:00,464.17,464.25,464.17,464.25,0.02,197.17,90388.64,1
2024-07-16,2024-07-16 14:16:00,464.25,464.33,464.25,464.33,0.02,197.17,90388.64,1
2024-07-16,2024-07-16 14:17:00,464.33,464.42,464.33,464.42,0.02,197.17,90388.64,1
2024-07-16,2024-07-16 14:18:00,464.42,464.5,464.42,464.5,0.02,197.17,90388.64,1
2024-07-16,2024-07-16 14:19:00,464.5,464.58,464.5,464.58,0.02,197.17,90388.64,1
2024-07-16,2024-07-16 14:20:00,464.58,464.67,464.58,464.67,0.02,197.17,90388.64,1
2024-07-16,2024-07-16 14:21:00,464.67,464.75,464.67,464.75,0.02,197.17,90388.64,1
2024-07-16,2024-07-16 14:22:00,464.75,464.83,464.75,464.83,0.02,197.17,90388.64,1
2024-07-16,2024-07-16 14:23:00,464.83,464.91,464.83,464.91,0.02,197.17,90388.64,1
2024-07-16,2024-07-16 14:24:00,464.91,465.0,464.91,465.0,0.02,197.17,90388.64,1
2024-07-16,2024-07-16 14:25:00,465.0,465.08,465.0,465.08,0.02,197.17,90388.64,1
2024-07-16,2024-07-16 14:26:00,465.08,465.16,465.08,465.16,0.02,197.17,90388.64,1
2024-07-16,2024-07-16 14:27:00,465.16,465.25,465.16,465.25,0.02,197.17,90388.64,1
2024-07-16,2024-07-16 14:28:00,465.25,465.33,465.25,465.33,0.02,197.17,90388.64,1
2024-07-16,2024-07-16 14:29:00,465.33,465.41,465.33,465.41,0.02,197.17,90388.64,1
2024-07-16,2024-07-16 14:30:00,465.41,465.5,465.41,465.5,0.02,197.17,90388.64,1
2024-07-16,2024-07-16 14:31:00,465.5,465.58,465.5,465.58,0.02,197.17,90388.64,1
2024-07-16,2024-07-16 14:32:00,465.58,465.66,465.58,465.66,0.02,197.17,90388.64,1
2024-07-16,2024-07-16 14:33:00,465.66,465.74,465.66,465.74,0.02,197.17,90388.64,1
2024-07-16,2024-07-16 14:34:00,465.74,465.83,465.74,465.83,0.02,197.17,90388.64,1
2024-07-16,2024-07-16 14:35:00,465.83,465.91,465.83,465.91,0.02,197.17,90388.64,1
2024-07-16,2024-07-16 14:36:00,465.91,465.99,465.91,465.99,0.02,197.17,90388.64,1
2024-07-16,2024-07-16 14:37:00,465.99,466.08,465.99,466.08,0.02,197.17,90388.64,1
2024-07-16,2024-07-16 14:38:00,466.08,466.16,466.08,466.16,0.02,197.17,90388.64,1
2024-07-16,2024-07-16 14:39:00,466.16,466.24,466.16,466.24,0.02,197.17,90388.64,1
2024-07-16,2024-07-16 14:40:00,466.24,466.32,466.24,466.32,0.02,197.17,90388.64,1
2024-07-16,2024-07-16 14:41:00,466.32,466.41,466.32,466.41,0.02,197.17,90388.64,1
2024-07-16,2024-07-16 14:42:00,466.41,466.49,466.41,466.49,0.02,197.17,90388.64,1
2024-07-16,2024-07-16 14:43:00,466.49,466.57,466.49,466.57,0.02,197.17,90388.64,1
2024-07-16,2024-07-16 14:44:00,466.57,466.66,466.57,466.66,0.02,197.17,90388.64,1
2024-07-16,2024-07-16 14:45:00,466.66,466.74,466.66,466.74,0.02,197.17,90388.64,1
2024-07-16,2024-07-16 14:46:00,466.74,466.82,466.74,466.82,0.02,197.17,90388.64,1
2024-07-16,2024-07-16 14:47:00,466.82,466.9,466.82,466.9,0.02,197.17,90388.64,1
2024-07-16,2024-07-16 14:48:00,466.9,466.99,466.9,466.99,0.02,197.17,90388.64,1
2024-07-16,2024-07-16 14:49:00,466.99,467.07,466.99,467.07,0.02,197.17,90388.64,1
2024-07-16,2024-07-16 14:50:00,467.07,467.15,467.07,467.15,0.02,197.17,90388.64,1
2024-07-16,2024-07-16 14:51:00,467.15,467.24,467.15,467.24,0.02,197.17,90388.64,1
2024-07-16,2024-07-16 14:52:00,467.24,467.32,467.24,467.32,0.02,197.17,90388.64,1
2024-07-16,2024-07-16 14:53:00,467.32,467.4,467.32,467.4,0.02,197.17,90388.64,1
2024-07-16,2024-07-16 14:54:00,467.4,467.49,467.4,467.49,0.02,197.17,90388.64,1
2024-07-16,2024-07-16 14:55:00,467.49,467.57,467.49,467.57,0.02,197.17,90388.64,1
2024-07-16,2024-07-16 14:56:00,467.57,467.65,467.57,467.65,0.02,197.17,90388.64,1
2024-07-16,2024-07-16 14:57:00,467.65,467.73,467.65,467.73,0.02,197.17,90388.64,1
2024-07-16,2024-07-16 14:58:00,467.73,467.82,467.73,467.82,0.02,197.17,90388.64,1
2024-07-16,2024-07-16 14:59:00,467.82,467.9,467.82,467.9,0.02,197.17,90388.64,1
2024-07-16,2024-07-16 15:00:00,467.9,473.0,440.0,467.9,0.0,197.17,90388.64,0
2024-07-17,2024-07-17 11:00:00,470.0,476.48,467.93,470.04,0.01,262.22,124919.86,1
2024-07-17,2024-07-17 11:01:00,470.04,470.08,470.04,470.08,0.01,262.22,124919.86,1
2024-07-17,2024-07-17 11:02:00,470.08,470.12,470.08,470.12,0.01,262.22,124919.86,1
2024-07-17,2024-07-17 11:03:00,470.12,470.16,470.12,470.16,0.01,262.22,124919.86,1
2024-07-17,2024-07-17 11:04:00,470.16,470.2,470.16,470.2,0.01,262.22,124919.86,1
2024-07-17,2024-07-17 11:05:00,470.2,470.24,470.2,470.24,0.01,262.22,124919.86,1
2024-07-17,2024-07-17 11:06:00,470.24,470.28,470.24,470.28,0.01,262.22,124919.86,1
2024-07-17,2024-07-17 11:07:00,470.28,470.32,470.28,470.32,0.01,262.22,124919.86,1
2024-07-17,2024-07-17 11:08:00,470.32,470.36,470.32,470.36,0.01,262.22,124919.86,1
2024-07-17,2024-07-17 11:09:00,470.36,470.4,470.36,470.4,0.01,262.22,124919.86,1
2024-07-17,2024-07-17 11:10:00,470.4,470.44,470.4,470.44,0.01,262.22,124919.86,1
2024-07-17,2024-07-17 11:11:00,470.44,470.48,470.44,470.48,0.01,262.22,124919.86,1
2024-07-17,2024-07-17 11:12:00,470.48,470.51,470.48,470.51,0.01,262.22,124919.86,1
2024-07-17,2024-07-17 11:13:00,470.51,470.55,470.51,470.55,0.01,262.22,124919.86,1
2024-07-17,2024-07-17 11:14:00,470.55,470.59,470.55,470.59,0.01,262.22,124919.86,1
2024-07-17,2024-07-17 11:15:00,470.59,470.63,470.59,470.63,0.01,262.22,124919.86,1
2024-07-17,2024-07-17 11:16:00,470.63,470.67,470.63,470.67,0.01,262.22,124919.86,1
2024-07-17,2024-07-17 11:17:00,470.67,470.71,470.67,470.71,0.01,262.22,124919.86,1
2024-07-17,2024-07-17 11:18:00,470.71,470.75,470.71,470.75,0.01,262.22,124919.86,1
2024-07-17,2024-07-17 11:19:00,470.75,470.79,470.75,470.79,0.01,262.22,124919.86,1
2024-07-17,2024-07-17 11:20:00,470.79,470.83,470.79,470.83,0.01,262.22,124919.86,1
2024-07-17,2024-07-17 11:21:00,470.83,470.87,470.83,470.87,0.01,262.22,124919.86,1
2024-07-17,2024-07-17 11:22:00,470.87,470.91,470.87,470.91,0.01,262.22,124919.86,1
2024-07-17,2024-07-17 11:23:00,470.91,470.95,470.91,470.95,0.01,262.22,124919.86,1
2024-07-17,2024-07-17 11:24:00,470.95,470.99,470.95,470.99,0.01,262.22,124919.86,1
2024-07-17,2024-07-17 11:25:00,470.99,471.03,470.99,471.03,0.01,262.22,124919.86,1
2024-07-17,2024-07-17 11:26:00,471.03,471.07,471.03,471.07,0.01,262.22,124919.86,1
2024-07-17,2024-07-17 11:27:00,471.07,471.11,471.07,471.11,0.01,262.22,124919.86,1
2024-07-17,2024-07-17 11:28:00,471.11,471.15,471.11,471.15,0.01,262.22,124919.86,1
2024-07-17,2024-07-17 11:29:00,471.15,471.19,471.15,471.19,0.01,262.22,124919.86,1
2024-07-17,2024-07-17 11:30:00,471.19,471.23,471.19,471.23,0.01,262.22,124919.86,1
2024-07-17,2024-07-17 11:31:00,471.23,471.27,471.23,471.27,0.01,262.22,124919.86,1
2024-07-17,2024-07-17 11:32:00,471.27,471.31,471.27,471.31,0.01,262.22,124919.86,1
2024-07-17,2024-07-17 11:33:00,471.31,471.35,471.31,471.35,0.01,262.22,124919.86,1
2024-07-17,2024-07-17 11:34:00,471.35,471.39,471.35,471.39,0.01,262.22,124919.86,1
2024-07-17,2024-07-17 11:35:00,471.39,471.43,471.39,471.43,0.01,262.22,124919.86,1
2024-07-17,2024-07-17 11:36:00,471.43,471.46,471.43,471.46,0.01,262.22,124919.86,1
2024-07-17,2024-07-17 11:37:00,471.46,471.5,471.46,471.5,0.01,262.22,124919.86,1
2024-07-17,2024-07-17 11:38:00,471.5,471.54,471.5,471.54,0.01,262.22,124919.86,1
2024-07-17,2024-07-17 11:39:00,471.54,471.58,471.54,471.58,0.01,262.22,124919.86,1
2024-07-17,2024-07-17 11:40:00,471.58,471.62,471.58,471.62,0.01,262.22,124919.86,1
2024-07-17,2024-07-17 11:41:00,471.62,471.66,471.62,471.66,0.01,262.22,124919.86,1
2024-07-17,2024-07-17 11:42:00,471.66,471.7,471.66,471.7,0.01,262.22,124919.86,1
2024-07-17,2024-07-17 11:43:00,471.7,471.74,471.7,471.74,0.01,262.22,124919.86,1
2024-07-17,2024-07-17 11:44:00,471.74,471.78,471.74,471.78,0.01,262.22,124919.86,1
2024-07-17,2024-07-17 11:45:00,471.78,471.82,471.78,471.82,0.01,262.22,124919.86,1
2024-07-17,2024-07-17 11:46:00,471.82,471.86,471.82,471.86,0.01,262.22,124919.86,1
2024-07-17,2024-07-17 11:47:00,471.86,471.9,471.86,471.9,0.01,262.22,124919.86,1
2024-07-17,2024-07-17 11:48:00,471.9,471.94,471.9,471.94,0.01,262.22,124919.86,1
2024-07-17,2024-07-17 11:49:00,471.94,471.98,471.94,471.98,0.01,262.22,124919.86,1
2024-07-17,2024-07-17 11:50:00,471.98,472.02,471.98,472.02,0.01,262.22,124919.86,1
2024-07-17,2024-07-17 11:51:00,472.02,472.06,472.02,472.06,0.01,262.22,124919.86,1
2024-07-17,2024-07-17 11:52:00,472.06,472.1,472.06,472.1,0.01,262.22,124919.86,1
2024-07-17,2024-07-17 11:53:00,472.1,472.14,472.1,472.14,0.01,262.22,124919.86,1
2024-07-17,2024-07-17 11:54:00,472.14,472.18,472.14,472.18,0.01,262.22,124919.86,1
2024-07-17,2024-07-17 11:55:00,472.18,472.22,472.18,472.22,0.01,262.22,124919.86,1
2024-07-17,2024-07-17 11:56:00,472.22,472.26,472.22,472.26,0.01,262.22,124919.86,1
2024-07-17,2024-07-17 11:57:00,472.26,472.3,472.26,472.3,0.01,262.22,124919.86,1
2024-07-17,2024-07-17 11:58:00,472.3,472.34,472.3,472.34,0.01,262.22,124919.86,1
2024-07-17,2024-07-17 11:59:00,472.34,472.38,472.34,472.38,0.01,262.22,124919.86,1
2024-07-17,2024-07-17 12:00:00,472.38,472.41,472.38,472.41,0.01,262.22,124919.86,1
2024-07-17,2024-07-17 12:01:00,472.41,472.45,472.41,472.45,0.01,262.22,124919.86,1
2024-07-17,2024-07-17 12:02:00,472.45,472.49,472.45,472.49,0.01,262.22,124919.86,1
2024-07-17,2024-07-17 12:03:00,472.49,472.53,472.49,472.53,0.01,262.22,124919.86,1
2024-07-17,2024-07-17 12:04:00,472.53,472.57,472.53,472.57,0.01,262.22,124919.86,1
2024-07-17,2024-07-17 12:05:00,472.57,472.61,472.57,472.61,0.01,262.22,124919.86,1
2024-07-17,2024-07-17 12:06:00,472.61,472.65,472.61,472.65,0.01,262.22,124919.86,1
2024-07-17,2024-07-17 12:07:00,472.65,472.69,472.65,472.69,0.01,262.22,124919.86,1
2024-07-17,2024-07-17 12:08:00,472.69,472.73,472.69,472.73,0.01,262.22,124919.86,1
2024-07-17,2024-07-17 12:09:00,472.73,472.77,472.73,472.77,0.01,262.22,124919.86,1
2024-07-17,2024-07-17 12:10:00,472.77,472.81,472.77,472.81,0.01,262.22,124919.86,1
2024-07-17,2024-07-17 12:11:00,472.81,472.85,472.81,472.85,0.01,262.22,124919.86,1
2024-07-17,2024-07-17 12:12:00,472.85,472.89,472.85,472.89,0.01,262.22,124919.86,1
2024-07-17,2024-07-17 12:13:00,472.89,472.93,472.89,472.93,0.01,262.22,124919.86,1
2024-07-17,2024-07-17 12:14:00,472.93,472.97,472.93,472.97,0.01,262.22,124919.86,1
2024-07-17,2024-07-17 12:15:00,472.97,473.01,472.97,473.01,0.01,262.22,124919.86,1
2024-07-17,2024-07-17 12:16:00,473.01,473.05,473.01,473.05,0.01,262.22,124919.86,1
2024-07-17,2024-07-17 12:17:00,473.05,473.09,473.05,473.09,0.01,262.22,124919.86,1
2024-07-17,2024-07-17 12:18:00,473.09,473.13,473.09,473.13,0.01,262.22,124919.86,1
2024-07-17,2024-07-17 12:19:00,473.13,473.17,473.13,473.17,0.01,262.22,124919.86,1
2024-07-17,2024-07-17 12:20:00,473.17,473.21,473.17,473.21,0.01,262.22,124919.86,1
2024-07-17,2024-07-17 12:21:00,473.21,473.25,473.21,473.25,0.01,262.22,124919.86,1
2024-07-17,2024-07-17 12:22:00,473.25,473.29,473.25,473.29,0.01,262.22,124919.86,1
2024-07-17,2024-07-17 12:23:00,473.29,473.32,473.29,473.32,0.01,262.22,124919.86,1
2024-07-17,2024-07-17 12:24:00,473.32,473.36,473.32,473.36,0.01,262.22,124919.86,1
2024-07-17,2024-07-17 12:25:00,473.36,473.4,473.36,473.4,0.01,262.22,124919.86,1
2024-07-17,2024-07-17 12:26:00,473.4,473.44,473.4,473.44,0.01,262.22,124919.86,1
2024-07-17,2024-07-17 12:27:00,473.44,473.48,473.44,473.48,0.01,262.22,124919.86,1
2024-07-17,2024-07-17 12:28:00,473.48,473.52,473.48,473.52,0.01,262.22,124919.86,1
2024-07-17,2024-07-17 12:29:00,473.52,473.56,473.52,473.56,0.01,262.22,124919.86,1
2024-07-17,2024-07-17 12:30:00,473.56,473.6,473.56,473.6,0.01,262.22,124919.86,1
2024-07-17,2024-07-17 12:31:00,473.6,473.64,473.6,473.64,0.01,262.22,124919.86,1
2024-07-17,2024-07-17 12:32:00,473.64,473.68,473.64,473.68,0.01,262.22,124919.86,1
2024-07-17,2024-07-17 12:33:00,473.68,473.72,473.68,473.72,0.01,262.22,124919.86,1
2024-07-17,2024-07-17 12:34:00,473.72,473.76,473.72,473.76,0.01,262.22,124919.86,1
2024-07-17,2024-07-17 12:35:00,473.76,473.8,473.76,473.8,0.01,262.22,124919.86,1
2024-07-17,2024-07-17 12:36:00,473.8,473.84,473.8,473.84,0.01,262.22,124919.86,1
2024-07-17,2024-07-17 12:37:00,473.84,473.88,473.84,473.88,0.01,262.22,124919.86,1
2024-07-17,2024-07-17 12:38:00,473.88,473.92,473.88,473.92,0.01,262.22,124919.86,1
2024-07-17,2024-07-17 12:39:00,473.92,473.96,473.92,473.96,0.01,262.22,124919.86,1
2024-07-17,2024-07-17 12:40:00,473.96,474.0,473.96,474.0,0.01,262.22,124919.86,1
2024-07-17,2024-07-17 12:41:00,474.0,474.04,474.0,474.04,0.01,262.22,124919.86,1
2024-07-17,2024-07-17 12:42:00,474.04,474.08,474.04,474.08,0.01,262.22,124919.86,1
2024-07-17,2024-07-17 12:43:00,474.08,474.12,474.08,474.12,0.01,262.22,124919.86,1
2024-07-17,2024-07-17 12:44:00,474.12,474.16,474.12,474.16,0.01,262.22,124919.86,1
2024-07-17,2024-07-17 12:45:00,474.16,474.2,474.16,474.2,0.01,262.22,124919.86,1
2024-07-17,2024-07-17 12:46:00,474.2,474.24,474.2,474.24,0.01,262.22,124919.86,1
2024-07-17,2024-07-17 12:47:00,474.24,474.27,474.24,474.27,0.01,262.22,124919.86,1
2024-07-17,2024-07-17 12:48:00,474.27,474.31,474.27,474.31,0.01,262.22,124919.86,1
2024-07-17,2024-07-17 12:49:00,474.31,474.35,474.31,474.35,0.01,262.22,124919.86,1
2024-07-17,2024-07-17 12:50:00,474.35,474.39,474.35,474.39,0.01,262.22,124919.86,1
2024-07-17,2024-07-17 12:51:00,474.39,474.43,474.39,474.43,0.01,262.22,124919.86,1
2024-07-17,2024-07-17 12:52:00,474.43,474.47,474.43,474.47,0.01,262.22,124919.86,1
2024-07-17,2024-07-17 12:53:00,474.47,474.51,474.47,474.51,0.01,262.22,124919.86,1
2024-07-17,2024-07-17 12:54:00,474.51,474.55,474.51,474.55,0.01,262.22,124919.86,1
2024-07-17,2024-07-17 12:55:00,474.55,474.59,474.55,474.59,0.01,262.22,124919.86,1
2024-07-17,2024-07-17 12:56:00,474.59,474.63,474.59,474.63,0.01,262.22,124919.86,1
2024-07-17,2024-07-17 12:57:00,474.63,474.67,474.63,474.67,0.01,262.22,124919.86,1
2024-07-17,2024-07-17 12:58:00,474.67,474.71,474.67,474.71,0.01,262.22,124919.86,1
2024-07-17,2024-07-17 12:59:00,474.71,474.75,474.71,474.75,0.01,262.22,124919.86,1
2024-07-17,2024-07-17 13:00:00,474.75,491.6,463.1,474.79,0.01,262.22,124919.86,1
2024-07-17,2024-07-17 13:01:00,474.79,474.83,474.79,474.83,0.01,262.22,124919.86,1
2024-07-17,2024-07-17 13:02:00,474.83,474.87,474.83,474.87,0.01,262.22,124919.86,1
2024-07-17,2024-07-17 13:03:00,474.87,474.91,474.87,474.91,0.01,262.22,124919.86,1
2024-07-17,2024-07-17 13:04:00,474.91,474.95,474.91,474.95,0.01,262.22,124919.86,1
2024-07-17,2024-07-17 13:05:00,474.95,474.99,474.95,474.99,0.01,262.22,124919.86,1
2024-07-17,2024-07-17 13:06:00,474.99,475.03,474.99,475.03,0.01,262.22,124919.86,1
2024-07-17,2024-07-17 13:07:00,475.03,475.07,475.03,475.07,0.01,262.22,124919.86,1
2024-07-17,2024-07-17 13:08:00,475.07,475.11,475.07,475.11,0.01,262.22,124919.86,1
2024-07-17,2024-07-17 13:09:00,475.11,475.15,475.11,475.15,0.01,262.22,124919.86,1
2024-07-17,2024-07-17 13:10:00,475.15,475.19,475.15,475.19,0.01,262.22,124919.86,1
2024-07-17,2024-07-17 13:11:00,475.19,475.23,475.19,475.23,0.01,262.22,124919.86,1
2024-07-17,2024-07-17 13:12:00,475.23,475.26,475.23,475.26,0.01,262.22,124919.86,1
2024-07-17,2024-07-17 13:13:00,475.26,475.3,475.26,475.3,0.01,262.22,124919.86,1
2024-07-17,2024-07-17 13:14:00,475.3,475.34,475.3,475.34,0.01,262.22,124919.86,1
2024-07-17,2024-07-17 13:15:00,475.34,475.38,475.34,475.38,0.01,262.22,124919.86,1
2024-07-17,2024-07-17 13:16:00,475.38,475.42,475.38,475.42,0.01,262.22,124919.86,1
2024-07-17,2024-07-17 13:17:00,475.42,475.46,475.42,475.46,0.01,262.22,124919.86,1
2024-07-17,2024-07-17 13:18:00,475.46,475.5,475.46,475.5,0.01,262.22,124919.86,1
2024-07-17,2024-07-17 13:19:00,475.5,475.54,475.5,475.54,0.01,262.22,124919.86,1
2024-07-17,2024-07-17 13:20:00,475.54,475.58,475.54,475.58,0.01,262.22,124919.86,1
2024-07-17,2024-07-17 13:21:00,475.58,475.62,475.58,475.62,0.01,262.22,124919.86,1
2024-07-17,2024-07-17 13:22:00,475.62,475.66,475.62,475.66,0.01,262.22,124919.86,1
2024-07-17,2024-07-17 13:23:00,475.66,475.7,475.66,475.7,0.01,262.22,124919.86,1
2024-07-17,2024-07-17 13:24:00,475.7,475.74,475.7,475.74,0.01,262.22,124919.86,1
2024-07-17,2024-07-17 13:25:00,475.74,475.78,475.74,475.78,0.01,262.22,124919.86,1
2024-07-17,2024-07-17 13:26:00,475.78,475.82,475.78,475.82,0.01,262.22,124919.86,1
2024-07-17,2024-07-17 13:27:00,475.82,475.86,475.82,475.86,0.01,262.22,124919.86,1
2024-07-17,2024-07-17 13:28:00,475.86,475.9,475.86,475.9,0.01,262.22,124919.86,1
2024-07-17,2024-07-17 13:29:00,475.9,475.94,475.9,475.94,0.01,262.22,124919.86,1
2024-07-17,2024-07-17 13:30:00,475.94,475.98,475.94,475.98,0.01,262.22,124919.86,1
2024-07-17,2024-07-17 13:31:00,475.98,476.02,475.98,476.02,0.01,262.22,124919.86,1
2024-07-17,2024-07-17 13:32:00,476.02,476.06,476.02,476.06,0.01,262.22,124919.86,1
2024-07-17,2024-07-17 13:33:00,476.06,476.1,476.06,476.1,0.01,262.22,124919.86,1
2024-07-17,2024-07-17 13:34:00,476.1,476.14,476.1,476.14,0.01,262.22,124919.86,1
2024-07-17,2024-07-17 13:35:00,476.14,476.18,476.14,476.18,0.01,262.22,124919.86,1
2024-07-17,2024-07-17 13:36:00,476.18,476.21,476.18,476.21,0.01,262.22,124919.86,1
2024-07-17,2024-07-17 13:37:00,476.21,476.25,476.21,476.25,0.01,262.22,124919.86,1
2024-07-17,2024-07-17 13:38:00,476.25,476.29,476.25,476.29,0.01,262.22,124919.86,1
2024-07-17,2024-07-17 13:39:00,476.29,476.33,476.29,476.33,0.01,262.22,124919.86,1
2024-07-17,2024-07-17 13:40:00,476.33,476.37,476.33,476.37,0.01,262.22,124919.86,1
2024-07-17,2024-07-17 13:41:00,476.37,476.41,476.37,476.41,0.01,262.22,124919.86,1
2024-07-17,2024-07-17 13:42:00,476.41,476.45,476.41,476.45,0.01,262.22,124919.86,1
2024-07-17,2024-07-17 13:43:00,476.45,476.49,476.45,476.49,0.01,262.22,124919.86,1
2024-07-17,2024-07-17 13:44:00,476.49,476.53,476.49,476.53,0.01,262.22,124919.86,1
2024-07-17,2024-07-17 13:45:00,476.53,476.57,476.53,476.57,0.01,262.22,124919.86,1
2024-07-17,2024-07-17 13:46:00,476.57,476.61,476.57,476.61,0.01,262.22,124919.86,1
2024-07-17,2024-07-17 13:47:00,476.61,476.65,476.61,476.65,0.01,262.22,124919.86,1
2024-07-17,2024-07-17 13:48:00,476.65,476.69,476.65,476.69,0.01,262.22,124919.86,1
2024-07-17,2024-07-17 13:49:00,476.69,476.73,476.69,476.73,0.01,262.22,124919.86,1
2024-07-17,2024-07-17 13:50:00,476.73,476.77,476.73,476.77,0.01,262.22,124919.86,1
2024-07-17,2024-07-17 13:51:00,476.77,476.81,476.77,476.81,0.01,262.22,124919.86,1
2024-07-17,2024-07-17 13:52:00,476.81,476.85,476.81,476.85,0.01,262.22,124919.86,1
2024-07-17,2024-07-17 13:53:00,476.85,476.89,476.85,476.89,0.01,262.22,124919.86,1
2024-07-17,2024-07-17 13:54:00,476.89,476.93,476.89,476.93,0.01,262.22,124919.86,1
2024-07-17,2024-07-17 13:55:00,476.93,476.97,476.93,476.97,0.01,262.22,124919.86,1
2024-07-17,2024-07-17 13:56:00,476.97,477.01,476.97,477.01,0.01,262.22,124919.86,1
2024-07-17,2024-07-17 13:57:00,477.01,477.05,477.01,477.05,0.01,262.22,124919.86,1
2024-07-17,2024-07-17 13:58:00,477.05,477.09,477.05,477.09,0.01,262.22,124919.86,1
2024-07-17,2024-07-17 13:59:00,477.09,477.12,477.09,477.12,0.01,262.22,124919.86,1
2024-07-17,2024-07-17 14:00:00,477.12,477.16,477.12,477.16,0.01,262.22,124919.86,1
2024-07-17,2024-07-17 14:01:00,477.16,477.2,477.16,477.2,0.01,262.22,124919.86,1
2024-07-17,2024-07-17 14:02:00,477.2,477.24,477.2,477.24,0.01,262.22,124919.86,1
2024-07-17,2024-07-17 14:03:00,477.24,477.28,477.24,477.28,0.01,262.22,124919.86,1
2024-07-17,2024-07-17 14:04:00,477.28,477.32,477.28,477.32,0.01,262.22,124919.86,1
2024-07-17,2024-07-17 14:05:00,477.32,477.36,477.32,477.36,0.01,262.22,124919.86,1
2024-07-17,2024-07-17 14:06:00,477.36,477.4,477.36,477.4,0.01,262.22,124919.86,1
2024-07-17,2024-07-17 14:07:00,477.4,477.44,477.4,477.44,0.01,262.22,124919.86,1
2024-07-17,2024-07-17 14:08:00,477.44,477.48,477.44,477.48,0.01,262.22,124919.86,1
2024-07-17,2024-07-17 14:09:00,477.48,477.52,477.48,477.52,0.01,262.22,124919.86,1
2024-07-17,2024-07-17 14:10:00,477.52,477.56,477.52,477.56,0.01,262.22,124919.86,1
2024-07-17,2024-07-17 14:11:00,477.56,477.6,477.56,477.6,0.01,262.22,124919.86,1
2024-07-17,2024-07-17 14:12:00,477.6,477.64,477.6,477.64,0.01,262.22,124919.86,1
2024-07-17,2024-07-17 14:13:00,477.64,477.68,477.64,477.68,0.01,262.22,124919.86,1
2024-07-17,2024-07-17 14:14:00,477.68,477.72,477.68,477.72,0.01,262.22,124919.86,1
2024-07-17,2024-07-17 14:15:00,477.72,477.76,477.72,477.76,0.01,262.22,124919.86,1
2024-07-17,2024-07-17 14:16:00,477.76,477.8,477.76,477.8,0.01,262.22,124919.86,1
2024-07-17,2024-07-17 14:17:00,477.8,477.84,477.8,477.84,0.01,262.22,124919.86,1
2024-07-17,2024-07-17 14:18:00,477.84,477.88,477.84,477.88,0.01,262.22,124919.86,1
2024-07-17,2024-07-17 14:19:00,477.88,477.92,477.88,477.92,0.01,262.22,124919.86,1
2024-07-17,2024-07-17 14:20:00,477.92,477.96,477.92,477.96,0.01,262.22,124919.86,1
2024-07-17,2024-07-17 14:21:00,477.96,478.0,477.96,478.0,0.01,262.22,124919.86,1
2024-07-17,2024-07-17 14:22:00,478.0,478.04,478.0,478.04,0.01,262.22,124919.86,1
2024-07-17,2024-07-17 14:23:00,478.04,478.07,478.04,478.07,0.01,262.22,124919.86,1
2024-07-17,2024-07-17 14:24:00,478.07,478.11,478.07,478.11,0.01,262.22,124919.86,1
2024-07-17,2024-07-17 14:25:00,478.11,478.15,478.11,478.15,0.01,262.22,124919.86,1
2024-07-17,2024-07-17 14:26:00,478.15,478.19,478.15,478.19,0.01,262.22,124919.86,1
2024-07-17,2024-07-17 14:27:00,478.19,478.23,478.19,478.23,0.01,262.22,124919.86,1
2024-07-17,2024-07-17 14:28:00,478.23,478.27,478.23,478.27,0.01,262.22,124919.86,1
2024-07-17,2024-07-17 14:29:00,478.27,478.31,478.27,478.31,0.01,262.22,124919.86,1
2024-07-17,2024-07-17 14:30:00,478.31,478.35,478.31,478.35,0.01,262.22,124919.86,1
2024-07-17,2024-07-17 14:31:00,478.35,478.39,478.35,478.39,0.01,262.22,124919.86,1
2024-07-17,2024-07-17 14:32:00,478.39,478.43,478.39,478.43,0.01,262.22,124919.86,1
2024-07-17,2024-07-17 14:33:00,478.43,478.47,478.43,478.47,0.01,262.22,124919.86,1
2024-07-17,2024-07-17 14:34:00,478.47,478.51,478.47,478.51,0.01,262.22,124919.86,1
2024-07-17,2024-07-17 14:35:00,478.51,478.55,478.51,478.55,0.01,262.22,124919.86,1
2024-07-17,2024-07-17 14:36:00,478.55,478.59,478.55,478.59,0.01,262.22,124919.86,1
2024-07-17,2024-07-17 14:37:00,478.59,478.63,478.59,478.63,0.01,262.22,124919.86,1
2024-07-17,2024-07-17 14:38:00,478.63,478.67,478.63,478.67,0.01,262.22,124919.86,1
2024-07-17,2024-07-17 14:39:00,478.67,478.71,478.67,478.71,0.01,262.22,124919.86,1
2024-07-17,2024-07-17 14:40:00,478.71,478.75,478.71,478.75,0.01,262.22,124919.86,1
2024-07-17,2024-07-17 14:41:00,478.75,478.79,478.75,478.79,0.01,262.22,124919.86,1
2024-07-17,2024-07-17 14:42:00,478.79,478.83,478.79,478.83,0.01,262.22,124919.86,1
2024-07-17,2024-07-17 14:43:00,478.83,478.87,478.83,478.87,0.01,262.22,124919.86,1
2024-07-17,2024-07-17 14:44:00,478.87,478.91,478.87,478.91,0.01,262.22,124919.86,1
2024-07-17,2024-07-17 14:45:00,478.91,478.95,478.91,478.95,0.01,262.22,124919.86,1
2024-07-17,2024-07-17 14:46:00,478.95,478.99,478.95,478.99,0.01,262.22,124919.86,1
2024-07-17,2024-07-17 14:47:00,478.99,479.02,478.99,479.02,0.01,262.22,124919.86,1
2024-07-17,2024-07-17 14:48:00,479.02,479.06,479.02,479.06,0.01,262.22,124919.86,1
2024-07-17,2024-07-17 14:49:00,479.06,479.1,479.06,479.1,0.01,262.22,124919.86,1
2024-07-17,2024-07-17 14:50:00,479.1,479.14,479.1,479.14,0.01,262.22,124919.86,1
2024-07-17,2024-07-17 14:51:00,479.14,479.18,479.14,479.18,0.01,262.22,124919.86,1
2024-07-17,2024-07-17 14:52:00,479.18,479.22,479.18,479.22,0.01,262.22,124919.86,1
2024-07-17,2024-07-17 14:53:00,479.22,479.26,479.22,479.26,0.01,262.22,124919.86,1
2024-07-17,2024-07-17 14:54:00,479.26,479.3,479.26,479.3,0.01,262.22,124919.86,1
2024-07-17,2024-07-17 14:55:00,479.3,479.34,479.3,479.34,0.01,262.22,124919.86,1
2024-07-17,2024-07-17 14:56:00,479.34,479.38,479.34,479.38,0.01,262.22,124919.86,1
2024-07-17,2024-07-17 14:57:00,479.38,479.42,479.38,479.42,0.01,262.22,124919.86,1
2024-07-17,2024-07-17 14:58:00,479.42,479.46,479.42,479.46,0.01,262.22,124919.86,1
2024-07-17,2024-07-17 14:59:00,479.46,479.5,479.46,479.5,0.01,262.22,124919.86,1
2024-07-17,2024-07-17 15:00:00,479.5,491.6,463.1,479.5,0.0,262.22,124919.86,0
2024-07-18,2024-07-18 11:00:00,489.0,489.3,482.4,488.93,-0.01,160.43,76444.56,-1
2024-07-18,2024-07-18 11:01:00,488.93,488.93,488.87,488.87,-0.01,160.43,76444.56,-1
2024-07-18,2024-07-18 11:02:00,488.87,488.87,488.8,488.8,-0.01,160.43,76444.56,-1
2024-07-18,2024-07-18 11:03:00,488.8,488.8,488.73,488.73,-0.01,160.43,76444.56,-1
2024-07-18,2024-07-18 11:04:00,488.73,488.73,488.67,488.67,-0.01,160.43,76444.56,-1
2024-07-18,2024-07-18 11:05:00,488.67,488.67,488.6,488.6,-0.01,160.43,76444.56,-1
2024-07-18,2024-07-18 11:06:00,488.6,488.6,488.53,488.53,-0.01,160.43,76444.56,-1
2024-07-18,2024-07-18 11:07:00,488.53,488.53,488.47,488.47,-0.01,160.43,76444.56,-1
2024-07-18,2024-07-18 11:08:00,488.47,488.47,488.4,488.4,-0.01,160.43,76444.56,-1
2024-07-18,2024-07-18 11:09:00,488.4,488.4,488.33,488.33,-0.01,160.43,76444.56,-1
2024-07-18,2024-07-18 11:10:00,488.33,488.33,488.27,488.27,-0.01,160.43,76444.56,-1
2024-07-18,2024-07-18 11:11:00,488.27,488.27,488.2,488.2,-0.01,160.43,76444.56,-1
2024-07-18,2024-07-18 11:12:00,488.2,488.2,488.13,488.13,-0.01,160.43,76444.56,-1
2024-07-18,2024-07-18 11:13:00,488.13,488.13,488.07,488.07,-0.01,160.43,76444.56,-1
2024-07-18,2024-07-18 11:14:00,488.07,488.07,488.0,488.0,-0.01,160.43,76444.56,-1
2024-07-18,2024-07-18 11:15:00,488.0,488.0,487.93,487.93,-0.01,160.43,76444.56,-1
2024-07-18,2024-07-18 11:16:00,487.93,487.93,487.87,487.87,-0.01,160.43,76444.56,-1
2024-07-18,2024-07-18 11:17:00,487.87,487.87,487.8,487.8,-0.01,160.43,76444.56,-1
2024-07-18,2024-07-18 11:18:00,487.8,487.8,487.73,487.73,-0.01,160.43,76444.56,-1
2024-07-18,2024-07-18 11:19:00,487.73,487.73,487.67,487.67,-0.01,160.43,76444.56,-1
2024-07-18,2024-07-18 11:20:00,487.67,487.67,487.6,487.6,-0.01,160.43,76444.56,-1
2024-07-18,2024-07-18 11:21:00,487.6,487.6,487.53,487.53,-0.01,160.43,76444.56,-1
2024-07-18,2024-07-18 11:22:00,487.53,487.53,487.47,487.47,-0.01,160.43,76444.56,-1
2024-07-18,2024-07-18 11:23:00,487.47,487.47,487.4,487.4,-0.01,160.43,76444.56,-1
2024-07-18,2024-07-18 11:24:00,487.4,487.4,487.33,487.33,-0.01,160.43,76444.56,-1
2024-07-18,2024-07-18 11:25:00,487.33,487.33,487.27,487.27,-0.01,160.43,76444.56,-1
2024-07-18,2024-07-18 11:26:00,487.27,487.27,487.2,487.2,-0.01,160.43,76444.56,-1
2024-07-18,2024-07-18 11:27:00,487.2,487.2,487.13,487.13,-0.01,160.43,76444.56,-1
2024-07-18,2024-07-18 11:28:00,487.13,487.13,487.07,487.07,-0.01,160.43,76444.56,-1
2024-07-18,2024-07-18 11:29:00,487.07,487.07,487.0,487.0,-0.01,160.43,76444.56,-1
2024-07-18,2024-07-18 11:30:00,487.0,487.0,486.93,486.93,-0.01,160.43,76444.56,-1
2024-07-18,2024-07-18 11:31:00,486.93,486.93,486.87,486.87,-0.01,160.43,76444.56,-1
2024-07-18,2024-07-18 11:32:00,486.87,486.87,486.8,486.8,-0.01,160.43,76444.56,-1
2024-07-18,2024-07-18 11:33:00,486.8,486.8,486.73,486.73,-0.01,160.43,76444.56,-1
2024-07-18,2024-07-18 11:34:00,486.73,486.73,486.67,486.67,-0.01,160.43,76444.56,-1
2024-07-18,2024-07-18 11:35:00,486.67,486.67,486.6,486.6,-0.01,160.43,76444.56,-1
2024-07-18,2024-07-18 11:36:00,486.6,486.6,486.53,486.53,-0.01,160.43,76444.56,-1
2024-07-18,2024-07-18 11:37:00,486.53,486.53,486.47,486.47,-0.01,160.43,76444.56,-1
2024-07-18,2024-07-18 11:38:00,486.47,486.47,486.4,486.4,-0.01,160.43,76444.56,-1
2024-07-18,2024-07-18 11:39:00,486.4,486.4,486.33,486.33,-0.01,160.43,76444.56,-1
2024-07-18,2024-07-18 11:40:00,486.33,486.33,486.27,486.27,-0.01,160.43,76444.56,-1
2024-07-18,2024-07-18 11:41:00,486.27,486.27,486.2,486.2,-0.01,160.43,76444.56,-1
2024-07-18,2024-07-18 11:42:00,486.2,486.2,486.13,486.13,-0.01,160.43,76444.56,-1
2024-07-18,2024-07-18 11:43:00,486.13,486.13,486.07,486.07,-0.01,160.43,76444.56,-1
2024-07-18,2024-07-18 11:44:00,486.07,486.07,486.0,486.0,-0.01,160.43,76444.56,-1
2024-07-18,2024-07-18 11:45:00,486.0,486.0,485.93,485.93,-0.01,160.43,76444.56,-1
2024-07-18,2024-07-18 11:46:00,485.93,485.93,485.87,485.87,-0.01,160.43,76444.56,-1
2024-07-18,2024-07-18 11:47:00,485.87,485.87,485.8,485.8,-0.01,160.43,76444.56,-1
2024-07-18,2024-07-18 11:48:00,485.8,485.8,485.73,485.73,-0.01,160.43,76444.56,-1
2024-07-18,2024-07-18 11:49:00,485.73,485.73,485.67,485.67,-0.01,160.43,76444.56,-1
2024-07-18,2024-07-18 11:50:00,485.67,485.67,485.6,485.6,-0.01,160.43,76444.56,-1
2024-07-18,2024-07-18 11:51:00,485.6,485.6,485.53,485.53,-0.01,160.43,76444.56,-1
2024-07-18,2024-07-18 11:52:00,485.53,485.53,485.47,485.47,-0.01,160.43,76444.56,-1
2024-07-18,2024-07-18 11:53:00,485.47,485.47,485.4,485.4,-0.01,160.43,76444.56,-1
2024-07-18,2024-07-18 11:54:00,485.4,485.4,485.33,485.33,-0.01,160.43,76444.56,-1
2024-07-18,2024-07-18 11:55:00,485.33,485.33,485.27,485.27,-0.01,160.43,76444.56,-1
2024-07-18,2024-07-18 11:56:00,485.27,485.27,485.2,485.2,-0.01,160.43,76444.56,-1
2024-07-18,2024-07-18 11:57:00,485.2,485.2,485.13,485.13,-0.01,160.43,76444.56,-1
2024-07-18,2024-07-18 11:58:00,485.13,485.13,485.07,485.07,-0.01,160.43,76444.56,-1
2024-07-18,2024-07-18 11:59:00,485.07,485.07,485.0,485.0,-0.01,160.43,76444.56,-1
2024-07-18,2024-07-18 12:00:00,485.0,485.0,484.93,484.93,-0.01,160.43,76444.56,-1
2024-07-18,2024-07-18 12:01:00,484.93,484.93,484.87,484.87,-0.01,160.43,76444.56,-1
2024-07-18,2024-07-18 12:02:00,484.87,484.87,484.8,484.8,-0.01,160.43,76444.56,-1
2024-07-18,2024-07-18 12:03:00,484.8,484.8,484.73,484.73,-0.01,160.43,76444.56,-1
2024-07-18,2024-07-18 12:04:00,484.73,484.73,484.67,484.67,-0.01,160.43,76444.56,-1
2024-07-18,2024-07-18 12:05:00,484.67,484.67,484.6,484.6,-0.01,160.43,76444.56,-1
2024-07-18,2024-07-18 12:06:00,484.6,484.6,484.53,484.53,-0.01,160.43,76444.56,-1
2024-07-18,2024-07-18 12:07:00,484.53,484.53,484.47,484.47,-0.01,160.43,76444.56,-1
2024-07-18,2024-07-18 12:08:00,484.47,484.47,484.4,484.4,-0.01,160.43,76444.56,-1
2024-07-18,2024-07-18 12:09:00,484.4,484.4,484.33,484.33,-0.01,160.43,76444.56,-1
2024-07-18,2024-07-18 12:10:00,484.33,484.33,484.27,484.27,-0.01,160.43,76444.56,-1
2024-07-18,2024-07-18 12:11:00,484.27,484.27,484.2,484.2,-0.01,160.43,76444.56,-1
2024-07-18,2024-07-18 12:12:00,484.2,484.2,484.13,484.13,-0.01,160.43,76444.56,-1
2024-07-18,2024-07-18 12:13:00,484.13,484.13,484.07,484.07,-0.01,160.43,76444.56,-1
2024-07-18,2024-07-18 12:14:00,484.07,484.07,484.0,484.0,-0.01,160.43,76444.56,-1
2024-07-18,2024-07-18 12:15:00,484.0,484.0,483.93,483.93,-0.01,160.43,76444.56,-1
2024-07-18,2024-07-18 12:16:00,483.93,483.93,483.87,483.87,-0.01,160.43,76444.56,-1
2024-07-18,2024-07-18 12:17:00,483.87,483.87,483.8,483.8,-0.01,160.43,76444.56,-1
2024-07-18,2024-07-18 12:18:00,483.8,483.8,483.73,483.73,-0.01,160.43,76444.56,-1
2024-07-18,2024-07-18 12:19:00,483.73,483.73,483.67,483.67,-0.01,160.43,76444.56,-1
2024-07-18,2024-07-18 12:20:00,483.67,483.67,483.6,483.6,-0.01,160.43,76444.56,-1
2024-07-18,2024-07-18 12:21:00,483.6,483.6,483.53,483.53,-0.01,160.43,76444.56,-1
2024-07-18,2024-07-18 12:22:00,483.53,483.53,483.47,483.47,-0.01,160.43,76444.56,-1
2024-07-18,2024-07-18 12:23:00,483.47,483.47,483.4,483.4,-0.01,160.43,76444.56,-1
2024-07-18,2024-07-18 12:24:00,483.4,483.4,483.33,483.33,-0.01,160.43,76444.56,-1
2024-07-18,2024-07-18 12:25:00,483.33,483.33,483.27,483.27,-0.01,160.43,76444.56,-1
2024-07-18,2024-07-18 12:26:00,483.27,483.27,483.2,483.2,-0.01,160.43,76444.56,-1
2024-07-18,2024-07-18 12:27:00,483.2,483.2,483.13,483.13,-0.01,160.43,76444.56,-1
2024-07-18,2024-07-18 12:28:00,483.13,483.13,483.07,483.07,-0.01,160.43,76444.56,-1
2024-07-18,2024-07-18 12:29:00,483.07,483.07,483.0,483.0,-0.01,160.43,76444.56,-1
2024-07-18,2024-07-18 12:30:00,483.0,483.0,482.93,482.93,-0.01,160.43,76444.56,-1
2024-07-18,2024-07-18 12:31:00,482.93,482.93,482.87,482.87,-0.01,160.43,76444.56,-1
2024-07-18,2024-07-18 12:32:00,482.87,482.87,482.8,482.8,-0.01,160.43,76444.56,-1
2024-07-18,2024-07-18 12:33:00,482.8,482.8,482.73,482.73,-0.01,160.43,76444.56,-1
2024-07-18,2024-07-18 12:34:00,482.73,482.73,482.67,482.67,-0.01,160.43,76444.56,-1
2024-07-18,2024-07-18 12:35:00,482.67,482.67,482.6,482.6,-0.01,160.43,76444.56,-1
2024-07-18,2024-07-18 12:36:00,482.6,482.6,482.53,482.53,-0.01,160.43,76444.56,-1
2024-07-18,2024-07-18 12:37:00,482.53,482.53,482.47,482.47,-0.01,160.43,76444.56,-1
2024-07-18,2024-07-18 12:38:00,482.47,482.47,482.4,482.4,-0.01,160.43,76444.56,-1
2024-07-18,2024-07-18 12:39:00,482.4,482.4,482.33,482.33,-0.01,160.43,76444.56,-1
2024-07-18,2024-07-18 12:40:00,482.33,482.33,482.27,482.27,-0.01,160.43,76444.56,-1
2024-07-18,2024-07-18 12:41:00,482.27,482.27,482.2,482.2,-0.01,160.43,76444.56,-1
2024-07-18,2024-07-18 12:42:00,482.2,482.2,482.13,482.13,-0.01,160.43,76444.56,-1
2024-07-18,2024-07-18 12:43:00,482.13,482.13,482.07,482.07,-0.01,160.43,76444.56,-1
2024-07-18,2024-07-18 12:44:00,482.07,482.07,482.0,482.0,-0.01,160.43,76444.56,-1
2024-07-18,2024-07-18 12:45:00,482.0,482.0,481.93,481.93,-0.01,160.43,76444.56,-1
2024-07-18,2024-07-18 12:46:00,481.93,481.93,481.87,481.87,-0.01,160.43,76444.56,-1
2024-07-18,2024-07-18 12:47:00,481.87,481.87,481.8,481.8,-0.01,160.43,76444.56,-1
2024-07-18,2024-07-18 12:48:00,481.8,481.8,481.73,481.73,-0.01,160.43,76444.56,-1
2024-07-18,2024-07-18 12:49:00,481.73,481.73,481.67,481.67,-0.01,160.43,76444.56,-1
2024-07-18,2024-07-18 12:50:00,481.67,481.67,481.6,481.6,-0.01,160.43,76444.56,-1
2024-07-18,2024-07-18 12:51:00,481.6,481.6,481.53,481.53,-0.01,160.43,76444.56,-1
2024-07-18,2024-07-18 12:52:00,481.53,481.53,481.47,481.47,-0.01,160.43,76444.56,-1
2024-07-18,2024-07-18 12:53:00,481.47,481.47,481.4,481.4,-0.01,160.43,76444.56,-1
2024-07-18,2024-07-18 12:54:00,481.4,481.4,481.33,481.33,-0.01,160.43,76444.56,-1
2024-07-18,2024-07-18 12:55:00,481.33,481.33,481.27,481.27,-0.01,160.43,76444.56,-1
2024-07-18,2024-07-18 12:56:00,481.27,481.27,481.2,481.2,-0.01,160.43,76444.56,-1
2024-07-18,2024-07-18 12:57:00,481.2,481.2,481.13,481.13,-0.01,160.43,76444.56,-1
2024-07-18,2024-07-18 12:58:00,481.13,481.13,481.07,481.07,-0.01,160.43,76444.56,-1
2024-07-18,2024-07-18 12:59:00,481.07,481.07,481.0,481.0,-0.01,160.43,76444.56,-1
2024-07-18,2024-07-18 13:00:00,481.0,490.0,467.0,480.93,-0.01,160.43,76444.56,-1
2024-07-18,2024-07-18 13:01:00,480.93,480.93,480.87,480.87,-0.01,160.43,76444.56,-1
2024-07-18,2024-07-18 13:02:00,480.87,480.87,480.8,480.8,-0.01,160.43,76444.56,-1
2024-07-18,2024-07-18 13:03:00,480.8,480.8,480.73,480.73,-0.01,160.43,76444.56,-1
2024-07-18,2024-07-18 13:04:00,480.73,480.73,480.67,480.67,-0.01,160.43,76444.56,-1
2024-07-18,2024-07-18 13:05:00,480.67,480.67,480.6,480.6,-0.01,160.43,76444.56,-1
2024-07-18,2024-07-18 13:06:00,480.6,480.6,480.53,480.53,-0.01,160.43,76444.56,-1
2024-07-18,2024-07-18 13:07:00,480.53,480.53,480.47,480.47,-0.01,160.43,76444.56,-1
2024-07-18,2024-07-18 13:08:00,480.47,480.47,480.4,480.4,-0.01,160.43,76444.56,-1
2024-07-18,2024-07-18 13:09:00,480.4,480.4,480.33,480.33,-0.01,160.43,76444.56,-1
2024-07-18,2024-07-18 13:10:00,480.33,480.33,480.27,480.27,-0.01,160.43,76444.56,-1
2024-07-18,2024-07-18 13:11:00,480.27,480.27,480.2,480.2,-0.01,160.43,76444.56,-1
2024-07-18,2024-07-18 13:12:00,480.2,480.2,480.13,480.13,-0.01,160.43,76444.56,-1
2024-07-18,2024-07-18 13:13:00,480.13,480.13,480.07,480.07,-0.01,160.43,76444.56,-1
2024-07-18,2024-07-18 13:14:00,480.07,480.07,480.0,480.0,-0.01,160.43,76444.56,-1
2024-07-18,2024-07-18 13:15:00,480.0,480.0,479.93,479.93,-0.01,160.43,76444.56,-1
2024-07-18,2024-07-18 13:16:00,479.93,479.93,479.87,479.87,-0.01,160.43,76444.56,-1
2024-07-18,2024-07-18 13:17:00,479.87,479.87,479.8,479.8,-0.01,160.43,76444.56,-1
2024-07-18,2024-07-18 13:18:00,479.8,479.8,479.73,479.73,-0.01,160.43,76444.56,-1
2024-07-18,2024-07-18 13:19:00,479.73,479.73,479.67,479.67,-0.01,160.43,76444.56,-1
2024-07-18,2024-07-18 13:20:00,479.67,479.67,479.6,479.6,-0.01,160.43,76444.56,-1
2024-07-18,2024-07-18 13:21:00,479.6,479.6,479.53,479.53,-0.01,160.43,76444.56,-1
2024-07-18,2024-07-18 13:22:00,479.53,479.53,479.47,479.47,-0.01,160.43,76444.56,-1
2024-07-18,2024-07-18 13:23:00,479.47,479.47,479.4,479.4,-0.01,160.43,76444.56,-1
2024-07-18,2024-07-18 13:24:00,479.4,479.4,479.33,479.33,-0.01,160.43,76444.56,-1
2024-07-18,2024-07-18 13:25:00,479.33,479.33,479.27,479.27,-0.01,160.43,76444.56,-1
2024-07-18,2024-07-18 13:26:00,479.27,479.27,479.2,479.2,-0.01,160.43,76444.56,-1
2024-07-18,2024-07-18 13:27:00,479.2,479.2,479.13,479.13,-0.01,160.43,76444.56,-1
2024-07-18,2024-07-18 13:28:00,479.13,479.13,479.07,479.07,-0.01,160.43,76444.56,-1
2024-07-18,2024-07-18 13:29:00,479.07,479.07,479.0,479.0,-0.01,160.43,76444.56,-1
2024-07-18,2024-07-18 13:30:00,479.0,479.0,478.93,478.93,-0.01,160.43,76444.56,-1
2024-07-18,2024-07-18 13:31:00,478.93,478.93,478.87,478.87,-0.01,160.43,76444.56,-1
2024-07-18,2024-07-18 13:32:00,478.87,478.87,478.8,478.8,-0.01,160.43,76444.56,-1
2024-07-18,2024-07-18 13:33:00,478.8,478.8,478.73,478.73,-0.01,160.43,76444.56,-1
2024-07-18,2024-07-18 13:34:00,478.73,478.73,478.67,478.67,-0.01,160.43,76444.56,-1
2024-07-18,2024-07-18 13:35:00,478.67,478.67,478.6,478.6,-0.01,160.43,76444.56,-1
2024-07-18,2024-07-18 13:36:00,478.6,478.6,478.53,478.53,-0.01,160.43,76444.56,-1
2024-07-18,2024-07-18 13:37:00,478.53,478.53,478.47,478.47,-0.01,160.43,76444.56,-1
2024-07-18,2024-07-18 13:38:00,478.47,478.47,478.4,478.4,-0.01,160.43,76444.56,-1
2024-07-18,2024-07-18 13:39:00,478.4,478.4,478.33,478.33,-0.01,160.43,76444.56,-1
2024-07-18,2024-07-18 13:40:00,478.33,478.33,478.27,478.27,-0.01,160.43,76444.56,-1
2024-07-18,2024-07-18 13:41:00,478.27,478.27,478.2,478.2,-0.01,160.43,76444.56,-1
2024-07-18,2024-07-18 13:42:00,478.2,478.2,478.13,478.13,-0.01,160.43,76444.56,-1
2024-07-18,2024-07-18 13:43:00,478.13,478.13,478.07,478.07,-0.01,160.43,76444.56,-1
2024-07-18,2024-07-18 13:44:00,478.07,478.07,478.0,478.0,-0.01,160.43,76444.56,-1
2024-07-18,2024-07-18 13:45:00,478.0,478.0,477.93,477.93,-0.01,160.43,76444.56,-1
2024-07-18,2024-07-18 13:46:00,477.93,477.93,477.87,477.87,-0.01,160.43,76444.56,-1
2024-07-18,2024-07-18 13:47:00,477.87,477.87,477.8,477.8,-0.01,160.43,76444.56,-1
2024-07-18,2024-07-18 13:48:00,477.8,477.8,477.73,477.73,-0.01,160.43,76444.56,-1
2024-07-18,2024-07-18 13:49:00,477.73,477.73,477.67,477.67,-0.01,160.43,76444.56,-1
2024-07-18,2024-07-18 13:50:00,477.67,477.67,477.6,477.6,-0.01,160.43,76444.56,-1
2024-07-18,2024-07-18 13:51:00,477.6,477.6,477.53,477.53,-0.01,160.43,76444.56,-1
2024-07-18,2024-07-18 13:52:00,477.53,477.53,477.47,477.47,-0.01,160.43,76444.56,-1
2024-07-18,2024-07-18 13:53:00,477.47,477.47,477.4,477.4,-0.01,160.43,76444.56,-1
2024-07-18,2024-07-18 13:54:00,477.4,477.4,477.33,477.33,-0.01,160.43,76444.56,-1
2024-07-18,2024-07-18 13:55:00,477.33,477.33,477.27,477.27,-0.01,160.43,76444.56,-1
2024-07-18,2024-07-18 13:56:00,477.27,477.27,477.2,477.2,-0.01,160.43,76444.56,-1
2024-07-18,2024-07-18 13:57:00,477.2,477.2,477.13,477.13,-0.01,160.43,76444.56,-1
2024-07-18,2024-07-18 13:58:00,477.13,477.13,477.07,477.07,-0.01,160.43,76444.56,-1
2024-07-18,2024-07-18 13:59:00,477.07,477.07,477.0,477.0,-0.01,160.43,76444.56,-1
2024-07-18,2024-07-18 14:00:00,477.0,477.0,476.93,476.93,-0.01,160.43,76444.56,-1
2024-07-18,2024-07-18 14:01:00,476.93,476.93,476.87,476.87,-0.01,160.43,76444.56,-1
2024-07-18,2024-07-18 14:02:00,476.87,476.87,476.8,476.8,-0.01,160.43,76444.56,-1
2024-07-18,2024-07-18 14:03:00,476.8,476.8,476.73,476.73,-0.01,160.43,76444.56,-1
2024-07-18,2024-07-18 14:04:00,476.73,476.73,476.67,476.67,-0.01,160.43,76444.56,-1
2024-07-18,2024-07-18 14:05:00,476.67,476.67,476.6,476.6,-0.01,160.43,76444.56,-1
2024-07-18,2024-07-18 14:06:00,476.6,476.6,476.53,476.53,-0.01,160.43,76444.56,-1
2024-07-18,2024-07-18 14:07:00,476.53,476.53,476.47,476.47,-0.01,160.43,76444.56,-1
2024-07-18,2024-07-18 14:08:00,476.47,476.47,476.4,476.4,-0.01,160.43,76444.56,-1
2024-07-18,2024-07-18 14:09:00,476.4,476.4,476.33,476.33,-0.01,160.43,76444.56,-1
2024-07-18,2024-07-18 14:10:00,476.33,476.33,476.27,476.27,-0.01,160.43,76444.56,-1
2024-07-18,2024-07-18 14:11:00,476.27,476.27,476.2,476.2,-0.01,160.43,76444.56,-1
2024-07-18,2024-07-18 14:12:00,476.2,476.2,476.13,476.13,-0.01,160.43,76444.56,-1
2024-07-18,2024-07-18 14:13:00,476.13,476.13,476.07,476.07,-0.01,160.43,76444.56,-1
2024-07-18,2024-07-18 14:14:00,476.07,476.07,476.0,476.0,-0.01,160.43,76444.56,-1
2024-07-18,2024-07-18 14:15:00,476.0,476.0,475.93,475.93,-0.01,160.43,76444.56,-1
2024-07-18,2024-07-18 14:16:00,475.93,475.93,475.87,475.87,-0.01,160.43,76444.56,-1
2024-07-18,2024-07-18 14:17:00,475.87,475.87,475.8,475.8,-0.01,160.43,76444.56,-1
2024-07-18,2024-07-18 14:18:00,475.8,475.8,475.73,475.73,-0.01,160.43,76444.56,-1
2024-07-18,2024-07-18 14:19:00,475.73,475.73,475.67,475.67,-0.01,160.43,76444.56,-1
2024-07-18,2024-07-18 14:20:00,475.67,475.67,475.6,475.6,-0.01,160.43,76444.56,-1
2024-07-18,2024-07-18 14:21:00,475.6,475.6,475.53,475.53,-0.01,160.43,76444.56,-1
2024-07-18,2024-07-18 14:22:00,475.53,475.53,475.47,475.47,-0.01,160.43,76444.56,-1
2024-07-18,2024-07-18 14:23:00,475.47,475.47,475.4,475.4,-0.01,160.43,76444.56,-1
2024-07-18,2024-07-18 14:24:00,475.4,475.4,475.33,475.33,-0.01,160.43,76444.56,-1
2024-07-18,2024-07-18 14:25:00,475.33,475.33,475.27,475.27,-0.01,160.43,76444.56,-1
2024-07-18,2024-07-18 14:26:00,475.27,475.27,475.2,475.2,-0.01,160.43,76444.56,-1
2024-07-18,2024-07-18 14:27:00,475.2,475.2,475.13,475.13,-0.01,160.43,76444.56,-1
2024-07-18,2024-07-18 14:28:00,475.13,475.13,475.07,475.07,-0.01,160.43,76444.56,-1
2024-07-18,2024-07-18 14:29:00,475.07,475.07,475.0,475.0,-0.01,160.43,76444.56,-1
2024-07-18,2024-07-18 14:30:00,475.0,475.0,474.93,474.93,-0.01,160.43,76444.56,-1
2024-07-18,2024-07-18 14:31:00,474.93,474.93,474.87,474.87,-0.01,160.43,76444.56,-1
2024-07-18,2024-07-18 14:32:00,474.87,474.87,474.8,474.8,-0.01,160.43,76444.56,-1
2024-07-18,2024-07-18 14:33:00,474.8,474.8,474.73,474.73,-0.01,160.43,76444.56,-1
2024-07-18,2024-07-18 14:34:00,474.73,474.73,474.67,474.67,-0.01,160.43,76444.56,-1
2024-07-18,2024-07-18 14:35:00,474.67,474.67,474.6,474.6,-0.01,160.43,76444.56,-1
2024-07-18,2024-07-18 14:36:00,474.6,474.6,474.53,474.53,-0.01,160.43,76444.56,-1
2024-07-18,2024-07-18 14:37:00,474.53,474.53,474.47,474.47,-0.01,160.43,76444.56,-1
2024-07-18,2024-07-18 14:38:00,474.47,474.47,474.4,474.4,-0.01,160.43,76444.56,-1
2024-07-18,2024-07-18 14:39:00,474.4,474.4,474.33,474.33,-0.01,160.43,76444.56,-1
2024-07-18,2024-07-18 14:40:00,474.33,474.33,474.27,474.27,-0.01,160.43,76444.56,-1
2024-07-18,2024-07-18 14:41:00,474.27,474.27,474.2,474.2,-0.01,160.43,76444.56,-1
2024-07-18,2024-07-18 14:42:00,474.2,474.2,474.13,474.13,-0.01,160.43,76444.56,-1
2024-07-18,2024-07-18 14:43:00,474.13,474.13,474.07,474.07,-0.01,160.43,76444.56,-1
2024-07-18,2024-07-18 14:44:00,474.07,474.07,474.0,474.0,-0.01,160.43,76444.56,-1
2024-07-18,2024-07-18 14:45:00,474.0,474.0,473.93,473.93,-0.01,160.43,76444.56,-1
2024-07-18,2024-07-18 14:46:00,473.93,473.93,473.87,473.87,-0.01,160.43,76444.56,-1
2024-07-18,2024-07-18 14:47:00,473.87,473.87,473.8,473.8,-0.01,160.43,76444.56,-1
2024-07-18,2024-07-18 14:48:00,473.8,473.8,473.73,473.73,-0.01,160.43,76444.56,-1
2024-07-18,2024-07-18 14:49:00,473.73,473.73,473.67,473.67,-0.01,160.43,76444.56,-1
2024-07-18,2024-07-18 14:50:00,473.67,473.67,473.6,473.6,-0.01,160.43,76444.56,-1
2024-07-18,2024-07-18 14:51:00,473.6,473.6,473.53,473.53,-0.01,160.43,76444.56,-1
2024-07-18,2024-07-18 14:52:00,473.53,473.53,473.47,473.47,-0.01,160.43,76444.56,-1
2024-07-18,2024-07-18 14:53:00,473.47,473.47,473.4,473.4,-0.01,160.43,76444.56,-1
2024-07-18,2024-07-18 14:54:00,473.4,473.4,473.33,473.33,-0.01,160.43,76444.56,-1
2024-07-18,2024-07-18 14:55:00,473.33,473.33,473.27,473.27,-0.01,160.43,76444.56,-1
2024-07-18,2024-07-18 14:56:00,473.27,473.27,473.2,473.2,-0.01,160.43,76444.56,-1
2024-07-18,2024-07-18 14:57:00,473.2,473.2,473.13,473.13,-0.01,160.43,76444.56,-1
2024-07-18,2024-07-18 14:58:00,473.13,473.13,473.07,473.07,-0.01,160.43,76444.56,-1
2024-07-18,2024-07-18 14:59:00,473.07,473.07,473.0,473.0,-0.01,160.43,76444.56,-1
2024-07-18,2024-07-18 15:00:00,473.0,490.0,467.0,473.0,0.0,160.43,76444.56,0
2024-07-21,2024-07-21 11:00:00,465.0,468.0,463.5,465.0,0.0,126.61,58821.6,0
2024-07-21,2024-07-21 11:01:00,465.0,465.01,465.0,465.01,0.0,126.61,58821.6,1
2024-07-21,2024-07-21 11:02:00,465.01,465.01,465.01,465.01,0.0,126.61,58821.6,0
2024-07-21,2024-07-21 11:03:00,465.01,465.02,465.01,465.02,0.0,126.61,58821.6,1
2024-07-21,2024-07-21 11:04:00,465.02,465.02,465.02,465.02,0.0,126.61,58821.6,0
2024-07-21,2024-07-21 11:05:00,465.02,465.02,465.02,465.02,0.0,126.61,58821.6,0
2024-07-21,2024-07-21 11:06:00,465.02,465.03,465.02,465.03,0.0,126.61,58821.6,1
2024-07-21,2024-07-21 11:07:00,465.03,465.03,465.03,465.03,0.0,126.61,58821.6,0
2024-07-21,2024-07-21 11:08:00,465.03,465.04,465.03,465.04,0.0,126.61,58821.6,1
2024-07-21,2024-07-21 11:09:00,465.04,465.04,465.04,465.04,0.0,126.61,58821.6,0
2024-07-21,2024-07-21 11:10:00,465.04,465.05,465.04,465.05,0.0,126.61,58821.6,1
2024-07-21,2024-07-21 11:11:00,465.05,465.05,465.05,465.05,0.0,126.61,58821.6,0
2024-07-21,2024-07-21 11:12:00,465.05,465.05,465.05,465.05,0.0,126.61,58821.6,0
2024-07-21,2024-07-21 11:13:00,465.05,465.06,465.05,465.06,0.0,126.61,58821.6,1
2024-07-21,2024-07-21 11:14:00,465.06,465.06,465.06,465.06,0.0,126.61,58821.6,0
2024-07-21,2024-07-21 11:15:00,465.06,465.07,465.06,465.07,0.0,126.61,58821.6,1
2024-07-21,2024-07-21 11:16:00,465.07,465.07,465.07,465.07,0.0,126.61,58821.6,0
2024-07-21,2024-07-21 11:17:00,465.07,465.07,465.07,465.07,0.0,126.61,58821.6,0
2024-07-21,2024-07-21 11:18:00,465.07,465.08,465.07,465.08,0.0,126.61,58821.6,1
2024-07-21,2024-07-21 11:19:00,465.08,465.08,465.08,465.08,0.0,126.61,58821.6,0
2024-07-21,2024-07-21 11:20:00,465.08,465.09,465.08,465.09,0.0,126.61,58821.6,1
2024-07-21,2024-07-21 11:21:00,465.09,465.09,465.09,465.09,0.0,126.61,58821.6,0
2024-07-21,2024-07-21 11:22:00,465.09,465.1,465.09,465.1,0.0,126.61,58821.6,1
2024-07-21,2024-07-21 11:23:00,465.1,465.1,465.1,465.1,0.0,126.61,58821.6,0
2024-07-21,2024-07-21 11:24:00,465.1,465.1,465.1,465.1,0.0,126.61,58821.6,0
2024-07-21,2024-07-21 11:25:00,465.1,465.11,465.1,465.11,0.0,126.61,58821.6,1
2024-07-21,2024-07-21 11:26:00,465.11,465.11,465.11,465.11,0.0,126.61,58821.6,0
2024-07-21,2024-07-21 11:27:00,465.11,465.12,465.11,465.12,0.0,126.61,58821.6,1
2024-07-21,2024-07-21 11:28:00,465.12,465.12,465.12,465.12,0.0,126.61,58821.6,0
2024-07-21,2024-07-21 11:29:00,465.12,465.12,465.12,465.12,0.0,126.61,58821.6,0
2024-07-21,2024-07-21 11:30:00,465.12,465.13,465.12,465.13,0.0,126.61,58821.6,1
2024-07-21,2024-07-21 11:31:00,465.13,465.13,465.13,465.13,0.0,126.61,58821.6,0
2024-07-21,2024-07-21 11:32:00,465.13,465.14,465.13,465.14,0.0,126.61,58821.6,1
2024-07-21,2024-07-21 11:33:00,465.14,465.14,465.14,465.14,0.0,126.61,58821.6,0
2024-07-21,2024-07-21 11:34:00,465.14,465.15,465.14,465.15,0.0,126.61,58821.6,1
2024-07-21,2024-07-21 11:35:00,465.15,465.15,465.15,465.15,0.0,126.61,58821.6,0
2024-07-21,2024-07-21 11:36:00,465.15,465.15,465.15,465.15,0.0,126.61,58821.6,0
2024-07-21,2024-07-21 11:37:00,465.15,465.16,465.15,465.16,0.0,126.61,58821.6,1
2024-07-21,2024-07-21 11:38:00,465.16,465.16,465.16,465.16,0.0,126.61,58821.6,0
2024-07-21,2024-07-21 11:39:00,465.16,465.17,465.16,465.17,0.0,126.61,58821.6,1
2024-07-21,2024-07-21 11:40:00,465.17,465.17,465.17,465.17,0.0,126.61,58821.6,0
2024-07-21,2024-07-21 11:41:00,465.17,465.18,465.17,465.18,0.0,126.61,58821.6,1
2024-07-21,2024-07-21 11:42:00,465.18,465.18,465.18,465.18,0.0,126.61,58821.6,0
2024-07-21,2024-07-21 11:43:00,465.18,465.18,465.18,465.18,0.0,126.61,58821.6,0
2024-07-21,2024-07-21 11:44:00,465.18,465.19,465.18,465.19,0.0,126.61,58821.6,1
2024-07-21,2024-07-21 11:45:00,465.19,465.19,465.19,465.19,0.0,126.61,58821.6,0
2024-07-21,2024-07-21 11:46:00,465.19,465.2,465.19,465.2,0.0,126.61,58821.6,1
2024-07-21,2024-07-21 11:47:00,465.2,465.2,465.2,465.2,0.0,126.61,58821.6,0
2024-07-21,2024-07-21 11:48:00,465.2,465.2,465.2,465.2,0.0,126.61,58821.6,0
2024-07-21,2024-07-21 11:49:00,465.2,465.21,465.2,465.21,0.0,126.61,58821.6,1
2024-07-21,2024-07-21 11:50:00,465.21,465.21,465.21,465.21,0.0,126.61,58821.6,0
2024-07-21,2024-07-21 11:51:00,465.21,465.22,465.21,465.22,0.0,126.61,58821.6,1
2024-07-21,2024-07-21 11:52:00,465.22,465.22,465.22,465.22,0.0,126.61,58821.6,0
2024-07-21,2024-07-21 11:53:00,465.22,465.23,465.22,465.23,0.0,126.61,58821.6,1
2024-07-21,2024-07-21 11:54:00,465.23,465.23,465.23,465.23,0.0,126.61,58821.6,0
2024-07-21,2024-07-21 11:55:00,465.23,465.23,465.23,465.23,0.0,126.61,58821.6,0
2024-07-21,2024-07-21 11:56:00,465.23,465.24,465.23,465.24,0.0,126.61,58821.6,1
2024-07-21,2024-07-21 11:57:00,465.24,465.24,465.24,465.24,0.0,126.61,58821.6,0
2024-07-21,2024-07-21 11:58:00,465.24,465.25,465.24,465.25,0.0,126.61,58821.6,1
2024-07-21,2024-07-21 11:59:00,465.25,465.25,465.25,465.25,0.0,126.61,58821.6,0
2024-07-21,2024-07-21 12:00:00,465.25,465.25,465.25,465.25,0.0,126.61,58821.6,0
2024-07-21,2024-07-21 12:01:00,465.25,465.26,465.25,465.26,0.0,126.61,58821.6,1
2024-07-21,2024-07-21 12:02:00,465.26,465.26,465.26,465.26,0.0,126.61,58821.6,0
2024-07-21,2024-07-21 12:03:00,465.26,465.27,465.26,465.27,0.0,126.61,58821.6,1
2024-07-21,2024-07-21 12:04:00,465.27,465.27,465.27,465.27,0.0,126.61,58821.6,0
2024-07-21,2024-07-21 12:05:00,465.27,465.27,465.27,465.27,0.0,126.61,58821.6,0
2024-07-21,2024-07-21 12:06:00,465.27,465.28,465.27,465.28,0.0,126.61,58821.6,1
2024-07-21,2024-07-21 12:07:00,465.28,465.28,465.28,465.28,0.0,126.61,58821.6,0
2024-07-21,2024-07-21 12:08:00,465.28,465.29,465.28,465.29,0.0,126.61,58821.6,1
2024-07-21,2024-07-21 12:09:00,465.29,465.29,465.29,465.29,0.0,126.61,58821.6,0
2024-07-21,2024-07-21 12:10:00,465.29,465.3,465.29,465.3,0.0,126.61,58821.6,1
2024-07-21,2024-07-21 12:11:00,465.3,465.3,465.3,465.3,0.0,126.61,58821.6,0
2024-07-21,2024-07-21 12:12:00,465.3,465.3,465.3,465.3,0.0,126.61,58821.6,0
2024-07-21,2024-07-21 12:13:00,465.3,465.31,465.3,465.31,0.0,126.61,58821.6,1
2024-07-21,2024-07-21 12:14:00,465.31,465.31,465.31,465.31,0.0,126.61,58821.6,0
2024-07-21,2024-07-21 12:15:00,465.31,465.32,465.31,465.32,0.0,126.61,58821.6,1
2024-07-21,2024-07-21 12:16:00,465.32,465.32,465.32,465.32,0.0,126.61,58821.6,0
2024-07-21,2024-07-21 12:17:00,465.32,465.32,465.32,465.32,0.0,126.61,58821.6,0
2024-07-21,2024-07-21 12:18:00,465.32,465.33,465.32,465.33,0.0,126.61,58821.6,1
2024-07-21,2024-07-21 12:19:00,465.33,465.33,465.33,465.33,0.0,126.61,58821.6,0
2024-07-21,2024-07-21 12:20:00,465.33,465.34,465.33,465.34,0.0,126.61,58821.6,1
2024-07-21,2024-07-21 12:21:00,465.34,465.34,465.34,465.34,0.0,126.61,58821.6,0
2024-07-21,2024-07-21 12:22:00,465.34,465.35,465.34,465.35,0.0,126.61,58821.6,1
2024-07-21,2024-07-21 12:23:00,465.35,465.35,465.35,465.35,0.0,126.61,58821.6,0
2024-07-21,2024-07-21 12:24:00,465.35,465.35,465.35,465.35,0.0,126.61,58821.6,0
2024-07-21,2024-07-21 12:25:00,465.35,465.36,465.35,465.36,0.0,126.61,58821.6,1
2024-07-21,2024-07-21 12:26:00,465.36,465.36,465.36,465.36,0.0,126.61,58821.6,0
2024-07-21,2024-07-21 12:27:00,465.36,465.37,465.36,465.37,0.0,126.61,58821.6,1
2024-07-21,2024-07-21 12:28:00,465.37,465.37,465.37,465.37,0.0,126.61,58821.6,0
2024-07-21,2024-07-21 12:29:00,465.37,465.38,465.37,465.38,0.0,126.61,58821.6,1
2024-07-21,2024-07-21 12:30:00,465.38,465.38,465.38,465.38,0.0,126.61,58821.6,0
2024-07-21,2024-07-21 12:31:00,465.38,465.38,465.38,465.38,0.0,126.61,58821.6,0
2024-07-21,2024-07-21 12:32:00,465.38,465.39,465.38,465.39,0.0,126.61,58821.6,1
2024-07-21,2024-07-21 12:33:00,465.39,465.39,465.39,465.39,0.0,126.61,58821.6,0
2024-07-21,2024-07-21 12:34:00,465.39,465.4,465.39,465.4,0.0,126.61,58821.6,1
2024-07-21,2024-07-21 12:35:00,465.4,465.4,465.4,465.4,0.0,126.61,58821.6,0
2024-07-21,2024-07-21 12:36:00,465.4,465.4,465.4,465.4,0.0,126.61,58821.6,0
2024-07-21,2024-07-21 12:37:00,465.4,465.41,465.4,465.41,0.0,126.61,58821.6,1
2024-07-21,2024-07-21 12:38:00,465.41,465.41,465.41,465.41,0.0,126.61,58821.6,0
2024-07-21,2024-07-21 12:39:00,465.41,465.42,465.41,465.42,0.0,126.61,58821.6,1
2024-07-21,2024-07-21 12:40:00,465.42,465.42,465.42,465.42,0.0,126.61,58821.6,0
2024-07-21,2024-07-21 12:41:00,465.42,465.43,465.42,465.43,0.0,126.61,58821.6,1
2024-07-21,2024-07-21 12:42:00,465.43,465.43,465.43,465.43,0.0,126.61,58821.6,0
2024-07-21,2024-07-21 12:43:00,465.43,465.43,465.43,465.43,0.0,126.61,58821.6,0
2024-07-21,2024-07-21 12:44:00,465.43,465.44,465.43,465.44,0.0,126.61,58821.6,1
2024-07-21,2024-07-21 12:45:00,465.44,465.44,465.44,465.44,0.0,126.61,58821.6,0
2024-07-21,2024-07-21 12:46:00,465.44,465.45,465.44,465.45,0.0,126.61,58821.6,1
2024-07-21,2024-07-21 12:47:00,465.45,465.45,465.45,465.45,0.0,126.61,58821.6,0
2024-07-21,2024-07-21 12:48:00,465.45,465.45,465.45,465.45,0.0,126.61,58821.6,0
2024-07-21,2024-07-21 12:49:00,465.45,465.46,465.45,465.46,0.0,126.61,58821.6,1
2024-07-21,2024-07-21 12:50:00,465.46,465.46,465.46,465.46,0.0,126.61,58821.6,0
2024-07-21,2024-07-21 12:51:00,465.46,465.47,465.46,465.47,0.0,126.61,58821.6,1
2024-07-21,2024-07-21 12:52:00,465.47,465.47,465.47,465.47,0.0,126.61,58821.6,0
2024-07-21,2024-07-21 12:53:00,465.47,465.48,465.47,465.48,0.0,126.61,58821.6,1
2024-07-21,2024-07-21 12:54:00,465.48,465.48,465.48,465.48,0.0,126.61,58821.6,0
2024-07-21,2024-07-21 12:55:00,465.48,465.48,465.48,465.48,0.0,126.61,58821.6,0
2024-07-21,2024-07-21 12:56:00,465.48,465.49,465.48,465.49,0.0,126.61,58821.6,1
2024-07-21,2024-07-21 12:57:00,465.49,465.49,465.49,465.49,0.0,126.61,58821.6,0
2024-07-21,2024-07-21 12:58:00,465.49,465.5,465.49,465.5,0.0,126.61,58821.6,1
2024-07-21,2024-07-21 12:59:00,465.5,465.5,465.5,465.5,0.0,126.61,58821.6,0
2024-07-21,2024-07-21 13:00:00,465.5,475.0,460.0,465.5,0.0,126.61,58821.6,0
2024-07-21,2024-07-21 13:01:00,465.5,465.51,465.5,465.51,0.0,126.61,58821.6,1
2024-07-21,2024-07-21 13:02:00,465.51,465.51,465.51,465.51,0.0,126.61,58821.6,0
2024-07-21,2024-07-21 13:03:00,465.51,465.52,465.51,465.52,0.0,126.61,58821.6,1
2024-07-21,2024-07-21 13:04:00,465.52,465.52,465.52,465.52,0.0,126.61,58821.6,0
2024-07-21,2024-07-21 13:05:00,465.52,465.52,465.52,465.52,0.0,126.61,58821.6,0
2024-07-21,2024-07-21 13:06:00,465.52,465.53,465.52,465.53,0.0,126.61,58821.6,1
2024-07-21,2024-07-21 13:07:00,465.53,465.53,465.53,465.53,0.0,126.61,58821.6,0
2024-07-21,2024-07-21 13:08:00,465.53,465.54,465.53,465.54,0.0,126.61,58821.6,1
2024-07-21,2024-07-21 13:09:00,465.54,465.54,465.54,465.54,0.0,126.61,58821.6,0
2024-07-21,2024-07-21 13:10:00,465.54,465.55,465.54,465.55,0.0,126.61,58821.6,1
2024-07-21,2024-07-21 13:11:00,465.55,465.55,465.55,465.55,0.0,126.61,58821.6,0
2024-07-21,2024-07-21 13:12:00,465.55,465.55,465.55,465.55,0.0,126.61,58821.6,0
2024-07-21,2024-07-21 13:13:00,465.55,465.56,465.55,465.56,0.0,126.61,58821.6,1
2024-07-21,2024-07-21 13:14:00,465.56,465.56,465.56,465.56,0.0,126.61,58821.6,0
2024-07-21,2024-07-21 13:15:00,465.56,465.57,465.56,465.57,0.0,126.61,58821.6,1
2024-07-21,2024-07-21 13:16:00,465.57,465.57,465.57,465.57,0.0,126.61,58821.6,0
2024-07-21,2024-07-21 13:17:00,465.57,465.57,465.57,465.57,0.0,126.61,58821.6,0
2024-07-21,2024-07-21 13:18:00,465.57,465.58,465.57,465.58,0.0,126.61,58821.6,1
2024-07-21,2024-07-21 13:19:00,465.58,465.58,465.58,465.58,0.0,126.61,58821.6,0
2024-07-21,2024-07-21 13:20:00,465.58,465.59,465.58,465.59,0.0,126.61,58821.6,1
2024-07-21,2024-07-21 13:21:00,465.59,465.59,465.59,465.59,0.0,126.61,58821.6,0
2024-07-21,2024-07-21 13:22:00,465.59,465.6,465.59,465.6,0.0,126.61,58821.6,1
2024-07-21,2024-07-21 13:23:00,465.6,465.6,465.6,465.6,0.0,126.61,58821.6,0
2024-07-21,2024-07-21 13:24:00,465.6,465.6,465.6,465.6,0.0,126.61,58821.6,0
2024-07-21,2024-07-21 13:25:00,465.6,465.61,465.6,465.61,0.0,126.61,58821.6,1
2024-07-21,2024-07-21 13:26:00,465.61,465.61,465.61,465.61,0.0,126.61,58821.6,0
2024-07-21,2024-07-21 13:27:00,465.61,465.62,465.61,465.62,0.0,126.61,58821.6,1
2024-07-21,2024-07-21 13:28:00,465.62,465.62,465.62,465.62,0.0,126.61,58821.6,0
2024-07-21,2024-07-21 13:29:00,465.62,465.62,465.62,465.62,0.0,126.61,58821.6,0
2024-07-21,2024-07-21 13:30:00,465.62,465.63,465.62,465.63,0.0,126.61,58821.6,1
2024-07-21,2024-07-21 13:31:00,465.63,465.63,465.63,465.63,0.0,126.61,58821.6,0
2024-07-21,2024-07-21 13:32:00,465.63,465.64,465.63,465.64,0.0,126.61,58821.6,1
2024-07-21,2024-07-21 13:33:00,465.64,465.64,465.64,465.64,0.0,126.61,58821.6,0
2024-07-21,2024-07-21 13:34:00,465.64,465.65,465.64,465.65,0.0,126.61,58821.6,1
2024-07-21,2024-07-21 13:35:00,465.65,465.65,465.65,465.65,0.0,126.61,58821.6,0
2024-07-21,2024-07-21 13:36:00,465.65,465.65,465.65,465.65,0.0,126.61,58821.6,0
2024-07-21,2024-07-21 13:37:00,465.65,465.66,465.65,465.66,0.0,126.61,58821.6,1
2024-07-21,2024-07-21 13:38:00,465.66,465.66,465.66,465.66,0.0,126.61,58821.6,0
2024-07-21,2024-07-21 13:39:00,465.66,465.67,465.66,465.67,0.0,126.61,58821.6,1
2024-07-21,2024-07-21 13:40:00,465.67,465.67,465.67,465.67,0.0,126.61,58821.6,0
2024-07-21,2024-07-21 13:41:00,465.67,465.68,465.67,465.68,0.0,126.61,58821.6,1
2024-07-21,2024-07-21 13:42:00,465.68,465.68,465.68,465.68,0.0,126.61,58821.6,0
2024-07-21,2024-07-21 13:43:00,465.68,465.68,465.68,465.68,0.0,126.61,58821.6,0
2024-07-21,2024-07-21 13:44:00,465.68,465.69,465.68,465.69,0.0,126.61,58821.6,1
2024-07-21,2024-07-21 13:45:00,465.69,465.69,465.69,465.69,0.0,126.61,58821.6,0
2024-07-21,2024-07-21 13:46:00,465.69,465.7,465.69,465.7,0.0,126.61,58821.6,1
2024-07-21,2024-07-21 13:47:00,465.7,465.7,465.7,465.7,0.0,126.61,58821.6,0
2024-07-21,2024-07-21 13:48:00,465.7,465.7,465.7,465.7,0.0,126.61,58821.6,0
2024-07-21,2024-07-21 13:49:00,465.7,465.71,465.7,465.71,0.0,126.61,58821.6,1
2024-07-21,2024-07-21 13:50:00,465.71,465.71,465.71,465.71,0.0,126.61,58821.6,0
2024-07-21,2024-07-21 13:51:00,465.71,465.72,465.71,465.72,0.0,126.61,58821.6,1
2024-07-21,2024-07-21 13:52:00,465.72,465.72,465.72,465.72,0.0,126.61,58821.6,0
2024-07-21,2024-07-21 13:53:00,465.72,465.73,465.72,465.73,0.0,126.61,58821.6,1
2024-07-21,2024-07-21 13:54:00,465.73,465.73,465.73,465.73,0.0,126.61,58821.6,0
2024-07-21,2024-07-21 13:55:00,465.73,465.73,465.73,465.73,0.0,126.61,58821.6,0
2024-07-21,2024-07-21 13:56:00,465.73,465.74,465.73,465.74,0.0,126.61,58821.6,1
2024-07-21,2024-07-21 13:57:00,465.74,465.74,465.74,465.74,0.0,126.61,58821.6,0
2024-07-21,2024-07-21 13:58:00,465.74,465.75,465.74,465.75,0.0,126.61,58821.6,1
2024-07-21,2024-07-21 13:59:00,465.75,465.75,465.75,465.75,0.0,126.61,58821.6,0
2024-07-21,2024-07-21 14:00:00,465.75,465.75,465.75,465.75,0.0,126.61,58821.6,0
2024-07-21,2024-07-21 14:01:00,465.75,465.76,465.75,465.76,0.0,126.61,58821.6,1
2024-07-21,2024-07-21 14:02:00,465.76,465.76,465.76,465.76,0.0,126.61,58821.6,0
2024-07-21,2024-07-21 14:03:00,465.76,465.77,465.76,465.77,0.0,126.61,58821.6,1
2024-07-21,2024-07-21 14:04:00,465.77,465.77,465.77,465.77,0.0,126.61,58821.6,0
2024-07-21,2024-07-21 14:05:00,465.77,465.77,465.77,465.77,0.0,126.61,58821.6,0
2024-07-21,2024-07-21 14:06:00,465.77,465.78,465.77,465.78,0.0,126.61,58821.6,1
2024-07-21,2024-07-21 14:07:00,465.78,465.78,465.78,465.78,0.0,126.61,58821.6,0
2024-07-21,2024-07-21 14:08:00,465.78,465.79,465.78,465.79,0.0,126.61,58821.6,1
2024-07-21,2024-07-21 14:09:00,465.79,465.79,465.79,465.79,0.0,126.61,58821.6,0
2024-07-21,2024-07-21 14:10:00,465.79,465.8,465.79,465.8,0.0,126.61,58821.6,1
2024-07-21,2024-07-21 14:11:00,465.8,465.8,465.8,465.8,0.0,126.61,58821.6,0
2024-07-21,2024-07-21 14:12:00,465.8,465.8,465.8,465.8,0.0,126.61,58821.6,0
2024-07-21,2024-07-21 14:13:00,465.8,465.81,465.8,465.81,0.0,126.61,58821.6,1
2024-07-21,2024-07-21 14:14:00,465.81,465.81,465.81,465.81,0.0,126.61,58821.6,0
2024-07-21,2024-07-21 14:15:00,465.81,465.82,465.81,465.82,0.0,126.61,58821.6,1
2024-07-21,2024-07-21 14:16:00,465.82,465.82,465.82,465.82,0.0,126.61,58821.6,0
2024-07-21,2024-07-21 14:17:00,465.82,465.82,465.82,465.82,0.0,126.61,58821.6,0
2024-07-21,2024-07-21 14:18:00,465.82,465.83,465.82,465.83,0.0,126.61,58821.6,1
2024-07-21,2024-07-21 14:19:00,465.83,465.83,465.83,465.83,0.0,126.61,58821.6,0
2024-07-21,2024-07-21 14:20:00,465.83,465.84,465.83,465.84,0.0,126.61,58821.6,1
2024-07-21,2024-07-21 14:21:00,465.84,465.84,465.84,465.84,0.0,126.61,58821.6,0
2024-07-21,2024-07-21 14:22:00,465.84,465.85,465.84,465.85,0.0,126.61,58821.6,1
2024-07-21,2024-07-21 14:23:00,465.85,465.85,465.85,465.85,0.0,126.61,58821.6,0
2024-07-21,2024-07-21 14:24:00,465.85,465.85,465.85,465.85,0.0,126.61,58821.6,0
2024-07-21,2024-07-21 14:25:00,465.85,465.86,465.85,465.86,0.0,126.61,58821.6,1
2024-07-21,2024-07-21 14:26:00,465.86,465.86,465.86,465.86,0.0,126.61,58821.6,0
2024-07-21,2024-07-21 14:27:00,465.86,465.87,465.86,465.87,0.0,126.61,58821.6,1
2024-07-21,2024-07-21 14:28:00,465.87,465.87,465.87,465.87,0.0,126.61,58821.6,0
2024-07-21,2024-07-21 14:29:00,465.87,465.88,465.87,465.88,0.0,126.61,58821.6,1
2024-07-21,2024-07-21 14:30:00,465.88,465.88,465.88,465.88,0.0,126.61,58821.6,0
2024-07-21,2024-07-21 14:31:00,465.88,465.88,465.88,465.88,0.0,126.61,58821.6,0
2024-07-21,2024-07-21 14:32:00,465.88,465.89,465.88,465.89,0.0,126.61,58821.6,1
2024-07-21,2024-07-21 14:33:00,465.89,465.89,465.89,465.89,0.0,126.61,58821.6,0
2024-07-21,2024-07-21 14:34:00,465.89,465.9,465.89,465.9,0.0,126.61,58821.6,1
2024-07-21,2024-07-21 14:35:00,465.9,465.9,465.9,465.9,0.0,126.61,58821.6,0
2024-07-21,2024-07-21 14:36:00,465.9,465.9,465.9,465.9,0.0,126.61,58821.6,0
2024-07-21,2024-07-21 14:37:00,465.9,465.91,465.9,465.91,0.0,126.61,58821.6,1
2024-07-21,2024-07-21 14:38:00,465.91,465.91,465.91,465.91,0.0,126.61,58821.6,0
2024-07-21,2024-07-21 14:39:00,465.91,465.92,465.91,465.92,0.0,126.61,58821.6,1
2024-07-21,2024-07-21 14:40:00,465.92,465.92,465.92,465.92,0.0,126.61,58821.6,0
2024-07-21,2024-07-21 14:41:00,465.92,465.93,465.92,465.93,0.0,126.61,58821.6,1
2024-07-21,2024-07-21 14:42:00,465.93,465.93,465.93,465.93,0.0,126.61,58821.6,0
2024-07-21,2024-07-21 14:43:00,465.93,465.93,465.93,465.93,0.0,126.61,58821.6,0
2024-07-21,2024-07-21 14:44:00,465.93,465.94,465.93,465.94,0.0,126.61,58821.6,1
2024-07-21,2024-07-21 14:45:00,465.94,465.94,465.94,465.94,0.0,126.61,58821.6,0
2024-07-21,2024-07-21 14:46:00,465.94,465.95,465.94,465.95,0.0,126.61,58821.6,1
2024-07-21,2024-07-21 14:47:00,465.95,465.95,465.95,465.95,0.0,126.61,58821.6,0
2024-07-21,2024-07-21 14:48:00,465.95,465.95,465.95,465.95,0.0,126.61,58821.6,0
2024-07-21,2024-07-21 14:49:00,465.95,465.96,465.95,465.96,0.0,126.61,58821.6,1
2024-07-21,2024-07-21 14:50:00,465.96,465.96,465.96,465.96,0.0,126.61,58821.6,0
2024-07-21,2024-07-21 14:51:00,465.96,465.97,465.96,465.97,0.0,126.61,58821.6,1
2024-07-21,2024-07-21 14:52:00,465.97,465.97,465.97,465.97,0.0,126.61,58821.6,0
2024-07-21,2024-07-21 14:53:00,465.97,465.98,465.97,465.98,0.0,126.61,58821.6,1
2024-07-21,2024-07-21 14:54:00,465.98,465.98,465.98,465.98,0.0,126.61,58821.6,0
2024-07-21,2024-07-21 14:55:00,465.98,465.98,465.98,465.98,0.0,126.61,58821.6,0
2024-07-21,2024-07-21 14:56:00,465.98,465.99,465.98,465.99,0.0,126.61,58821.6,1
2024-07-21,2024-07-21 14:57:00,465.99,465.99,465.99,465.99,0.0,126.61,58821.6,0
2024-07-21,2024-07-21 14:58:00,465.99,466.0,465.99,466.0,0.0,126.61,58821.6,1
2024-07-21,2024-07-21 14:59:00,466.0,466.0,466.0,466.0,0.0,126.61,58821.6,0
2024-07-21,2024-07-21 15:00:00,466.0,475.0,460.0,466.0,0.0,126.61,58821.6,0
2024-07-22,2024-07-22 11:00:00,470.0,471.5,466.01,469.98,-0.0,177.28,82173.39,-1
2024-07-22,2024-07-22 11:01:00,469.98,469.98,469.97,469.97,-0.0,177.28,82173.39,-1
2024-07-22,2024-07-22 11:02:00,469.97,469.97,469.95,469.95,-0.0,177.28,82173.39,-1
2024-07-22,2024-07-22 11:03:00,469.95,469.95,469.93,469.93,-0.0,177.28,82173.39,-1
2024-07-22,2024-07-22 11:04:00,469.93,469.93,469.92,469.92,-0.0,177.28,82173.39,-1
2024-07-22,2024-07-22 11:05:00,469.92,469.92,469.9,469.9,-0.0,177.28,82173.39,-1
2024-07-22,2024-07-22 11:06:00,469.9,469.9,469.88,469.88,-0.0,177.28,82173.39,-1
2024-07-22,2024-07-22 11:07:00,469.88,469.88,469.87,469.87,-0.0,177.28,82173.39,-1
2024-07-22,2024-07-22 11:08:00,469.87,469.87,469.85,469.85,-0.0,177.28,82173.39,-1
2024-07-22,2024-07-22 11:09:00,469.85,469.85,469.83,469.83,-0.0,177.28,82173.39,-1
2024-07-22,2024-07-22 11:10:00,469.83,469.83,469.82,469.82,-0.0,177.28,82173.39,-1
2024-07-22,2024-07-22 11:11:00,469.82,469.82,469.8,469.8,-0.0,177.28,82173.39,-1
2024-07-22,2024-07-22 11:12:00,469.8,469.8,469.78,469.78,-0.0,177.28,82173.39,-1
2024-07-22,2024-07-22 11:13:00,469.78,469.78,469.77,469.77,-0.0,177.28,82173.39,-1
2024-07-22,2024-07-22 11:14:00,469.77,469.77,469.75,469.75,-0.0,177.28,82173.39,-1
2024-07-22,2024-07-22 11:15:00,469.75,469.75,469.73,469.73,-0.0,177.28,82173.39,-1
2024-07-22,2024-07-22 11:16:00,469.73,469.73,469.72,469.72,-0.0,177.28,82173.39,-1
2024-07-22,2024-07-22 11:17:00,469.72,469.72,469.7,469.7,-0.0,177.28,82173.39,-1
2024-07-22,2024-07-22 11:18:00,469.7,469.7,469.68,469.68,-0.0,177.28,82173.39,-1
2024-07-22,2024-07-22 11:19:00,469.68,469.68,469.67,469.67,-0.0,177.28,82173.39,-1
2024-07-22,2024-07-22 11:20:00,469.67,469.67,469.65,469.65,-0.0,177.28,82173.39,-1
2024-07-22,2024-07-22 11:21:00,469.65,469.65,469.63,469.63,-0.0,177.28,82173.39,-1
2024-07-22,2024-07-22 11:22:00,469.63,469.63,469.62,469.62,-0.0,177.28,82173.39,-1
2024-07-22,2024-07-22 11:23:00,469.62,469.62,469.6,469.6,-0.0,177.28,82173.39,-1
2024-07-22,2024-07-22 11:24:00,469.6,469.6,469.58,469.58,-0.0,177.28,82173.39,-1
2024-07-22,2024-07-22 11:25:00,469.58,469.58,469.57,469.57,-0.0,177.28,82173.39,-1
2024-07-22,2024-07-22 11:26:00,469.57,469.57,469.55,469.55,-0.0,177.28,82173.39,-1
2024-07-22,2024-07-22 11:27:00,469.55,469.55,469.53,469.53,-0.0,177.28,82173.39,-1
2024-07-22,2024-07-22 11:28:00,469.53,469.53,469.52,469.52,-0.0,177.28,82173.39,-1
2024-07-22,2024-07-22 11:29:00,469.52,469.52,469.5,469.5,-0.0,177.28,82173.39,-1
2024-07-22,2024-07-22 11:30:00,469.5,469.5,469.48,469.48,-0.0,177.28,82173.39,-1
2024-07-22,2024-07-22 11:31:00,469.48,469.48,469.47,469.47,-0.0,177.28,82173.39,-1
2024-07-22,2024-07-22 11:32:00,469.47,469.47,469.45,469.45,-0.0,177.28,82173.39,-1
2024-07-22,2024-07-22 11:33:00,469.45,469.45,469.43,469.43,-0.0,177.28,82173.39,-1
2024-07-22,2024-07-22 11:34:00,469.43,469.43,469.42,469.42,-0.0,177.28,82173.39,-1
2024-07-22,2024-07-22 11:35:00,469.42,469.42,469.4,469.4,-0.0,177.28,82173.39,-1
2024-07-22,2024-07-22 11:36:00,469.4,469.4,469.38,469.38,-0.0,177.28,82173.39,-1
2024-07-22,2024-07-22 11:37:00,469.38,469.38,469.37,469.37,-0.0,177.28,82173.39,-1
2024-07-22,2024-07-22 11:38:00,469.37,469.37,469.35,469.35,-0.0,177.28,82173.39,-1
2024-07-22,2024-07-22 11:39:00,469.35,469.35,469.33,469.33,-0.0,177.28,82173.39,-1
2024-07-22,2024-07-22 11:40:00,469.33,469.33,469.32,469.32,-0.0,177.28,82173.39,-1
2024-07-22,2024-07-22 11:41:00,469.32,469.32,469.3,469.3,-0.0,177.28,82173.39,-1
2024-07-22,2024-07-22 11:42:00,469.3,469.3,469.28,469.28,-0.0,177.28,82173.39,-1
2024-07-22,2024-07-22 11:43:00,469.28,469.28,469.27,469.27,-0.0,177.28,82173.39,-1
2024-07-22,2024-07-22 11:44:00,469.27,469.27,469.25,469.25,-0.0,177.28,82173.39,-1
2024-07-22,2024-07-22 11:45:00,469.25,469.25,469.23,469.23,-0.0,177.28,82173.39,-1
2024-07-22,2024-07-22 11:46:00,469.23,469.23,469.22,469.22,-0.0,177.28,82173.39,-1
2024-07-22,2024-07-22 11:47:00,469.22,469.22,469.2,469.2,-0.0,177.28,82173.39,-1
2024-07-22,2024-07-22 11:48:00,469.2,469.2,469.18,469.18,-0.0,177.28,82173.39,-1
2024-07-22,2024-07-22 11:49:00,469.18,469.18,469.17,469.17,-0.0,177.28,82173.39,-1
2024-07-22,2024-07-22 11:50:00,469.17,469.17,469.15,469.15,-0.0,177.28,82173.39,-1
2024-07-22,2024-07-22 11:51:00,469.15,469.15,469.13,469.13,-0.0,177.28,82173.39,-1
2024-07-22,2024-07-22 11:52:00,469.13,469.13,469.12,469.12,-0.0,177.28,82173.39,-1
2024-07-22,2024-07-22 11:53:00,469.12,469.12,469.1,469.1,-0.0,177.28,82173.39,-1
2024-07-22,2024-07-22 11:54:00,469.1,469.1,469.08,469.08,-0.0,177.28,82173.39,-1
2024-07-22,2024-07-22 11:55:00,469.08,469.08,469.07,469.07,-0.0,177.28,82173.39,-1
2024-07-22,2024-07-22 11:56:00,469.07,469.07,469.05,469.05,-0.0,177.28,82173.39,-1
2024-07-22,2024-07-22 11:57:00,469.05,469.05,469.03,469.03,-0.0,177.28,82173.39,-1
2024-07-22,2024-07-22 11:58:00,469.03,469.03,469.02,469.02,-0.0,177.28,82173.39,-1
2024-07-22,2024-07-22 11:59:00,469.02,469.02,469.0,469.0,-0.0,177.28,82173.39,-1
2024-07-22,2024-07-22 12:00:00,469.0,469.0,468.98,468.98,-0.0,177.28,82173.39,-1
2024-07-22,2024-07-22 12:01:00,468.98,468.98,468.97,468.97,-0.0,177.28,82173.39,-1
2024-07-22,2024-07-22 12:02:00,468.97,468.97,468.95,468.95,-0.0,177.28,82173.39,-1
2024-07-22,2024-07-22 12:03:00,468.95,468.95,468.93,468.93,-0.0,177.28,82173.39,-1
2024-07-22,2024-07-22 12:04:00,468.93,468.93,468.92,468.92,-0.0,177.28,82173.39,-1
2024-07-22,2024-07-22 12:05:00,468.92,468.92,468.9,468.9,-0.0,177.28,82173.39,-1
2024-07-22,2024-07-22 12:06:00,468.9,468.9,468.88,468.88,-0.0,177.28,82173.39,-1
2024-07-22,2024-07-22 12:07:00,468.88,468.88,468.87,468.87,-0.0,177.28,82173.39,-1
2024-07-22,2024-07-22 12:08:00,468.87,468.87,468.85,468.85,-0.0,177.28,82173.39,-1
2024-07-22,2024-07-22 12:09:00,468.85,468.85,468.83,468.83,-0.0,177.28,82173.39,-1
2024-07-22,2024-07-22 12:10:00,468.83,468.83,468.82,468.82,-0.0,177.28,82173.39,-1
2024-07-22,2024-07-22 12:11:00,468.82,468.82,468.8,468.8,-0.0,177.28,82173.39,-1
2024-07-22,2024-07-22 12:12:00,468.8,468.8,468.78,468.78,-0.0,177.28,82173.39,-1
2024-07-22,2024-07-22 12:13:00,468.78,468.78,468.77,468.77,-0.0,177.28,82173.39,-1
2024-07-22,2024-07-22 12:14:00,468.77,468.77,468.75,468.75,-0.0,177.28,82173.39,-1
2024-07-22,2024-07-22 12:15:00,468.75,468.75,468.73,468.73,-0.0,177.28,82173.39,-1
2024-07-22,2024-07-22 12:16:00,468.73,468.73,468.72,468.72,-0.0,177.28,82173.39,-1
2024-07-22,2024-07-22 12:17:00,468.72,468.72,468.7,468.7,-0.0,177.28,82173.39,-1
2024-07-22,2024-07-22 12:18:00,468.7,468.7,468.68,468.68,-0.0,177.28,82173.39,-1
2024-07-22,2024-07-22 12:19:00,468.68,468.68,468.67,468.67,-0.0,177.28,82173.39,-1
2024-07-22,2024-07-22 12:20:00,468.67,468.67,468.65,468.65,-0.0,177.28,82173.39,-1
2024-07-22,2024-07-22 12:21:00,468.65,468.65,468.63,468.63,-0.0,177.28,82173.39,-1
2024-07-22,2024-07-22 12:22:00,468.63,468.63,468.62,468.62,-0.0,177.28,82173.39,-1
2024-07-22,2024-07-22 12:23:00,468.62,468.62,468.6,468.6,-0.0,177.28,82173.39,-1
2024-07-22,2024-07-22 12:24:00,468.6,468.6,468.58,468.58,-0.0,177.28,82173.39,-1
2024-07-22,2024-07-22 12:25:00,468.58,468.58,468.57,468.57,-0.0,177.28,82173.39,-1
2024-07-22,2024-07-22 12:26:00,468.57,468.57,468.55,468.55,-0.0,177.28,82173.39,-1
2024-07-22,2024-07-22 12:27:00,468.55,468.55,468.53,468.53,-0.0,177.28,82173.39,-1
2024-07-22,2024-07-22 12:28:00,468.53,468.53,468.52,468.52,-0.0,177.28,82173.39,-1
2024-07-22,2024-07-22 12:29:00,468.52,468.52,468.5,468.5,-0.0,177.28,82173.39,-1
2024-07-22,2024-07-22 12:30:00,468.5,468.5,468.48,468.48,-0.0,177.28,82173.39,-1
2024-07-22,2024-07-22 12:31:00,468.48,468.48,468.47,468.47,-0.0,177.28,82173.39,-1
2024-07-22,2024-07-22 12:32:00,468.47,468.47,468.45,468.45,-0.0,177.28,82173.39,-1
2024-07-22,2024-07-22 12:33:00,468.45,468.45,468.43,468.43,-0.0,177.28,82173.39,-1
2024-07-22,2024-07-22 12:34:00,468.43,468.43,468.42,468.42,-0.0,177.28,82173.39,-1
2024-07-22,2024-07-22 12:35:00,468.42,468.42,468.4,468.4,-0.0,177.28,82173.39,-1
2024-07-22,2024-07-22 12:36:00,468.4,468.4,468.38,468.38,-0.0,177.28,82173.39,-1
2024-07-22,2024-07-22 12:37:00,468.38,468.38,468.37,468.37,-0.0,177.28,82173.39,-1
2024-07-22,2024-07-22 12:38:00,468.37,468.37,468.35,468.35,-0.0,177.28,82173.39,-1
2024-07-22,2024-07-22 12:39:00,468.35,468.35,468.33,468.33,-0.0,177.28,82173.39,-1
2024-07-22,2024-07-22 12:40:00,468.33,468.33,468.32,468.32,-0.0,177.28,82173.39,-1
2024-07-22,2024-07-22 12:41:00,468.32,468.32,468.3,468.3,-0.0,177.28,82173.39,-1
2024-07-22,2024-07-22 12:42:00,468.3,468.3,468.28,468.28,-0.0,177.28,82173.39,-1
2024-07-22,2024-07-22 12:43:00,468.28,468.28,468.27,468.27,-0.0,177.28,82173.39,-1
2024-07-22,2024-07-22 12:44:00,468.27,468.27,468.25,468.25,-0.0,177.28,82173.39,-1
2024-07-22,2024-07-22 12:45:00,468.25,468.25,468.23,468.23,-0.0,177.28,82173.39,-1
2024-07-22,2024-07-22 12:46:00,468.23,468.23,468.22,468.22,-0.0,177.28,82173.39,-1
2024-07-22,2024-07-22 12:47:00,468.22,468.22,468.2,468.2,-0.0,177.28,82173.39,-1
2024-07-22,2024-07-22 12:48:00,468.2,468.2,468.18,468.18,-0.0,177.28,82173.39,-1
2024-07-22,2024-07-22 12:49:00,468.18,468.18,468.17,468.17,-0.0,177.28,82173.39,-1
2024-07-22,2024-07-22 12:50:00,468.17,468.17,468.15,468.15,-0.0,177.28,82173.39,-1
2024-07-22,2024-07-22 12:51:00,468.15,468.15,468.13,468.13,-0.0,177.28,82173.39,-1
2024-07-22,2024-07-22 12:52:00,468.13,468.13,468.12,468.12,-0.0,177.28,82173.39,-1
2024-07-22,2024-07-22 12:53:00,468.12,468.12,468.1,468.1,-0.0,177.28,82173.39,-1
2024-07-22,2024-07-22 12:54:00,468.1,468.1,468.08,468.08,-0.0,177.28,82173.39,-1
2024-07-22,2024-07-22 12:55:00,468.08,468.08,468.07,468.07,-0.0,177.28,82173.39,-1
2024-07-22,2024-07-22 12:56:00,468.07,468.07,468.05,468.05,-0.0,177.28,82173.39,-1
2024-07-22,2024-07-22 12:57:00,468.05,468.05,468.03,468.03,-0.0,177.28,82173.39,-1
2024-07-22,2024-07-22 12:58:00,468.03,468.03,468.02,468.02,-0.0,177.28,82173.39,-1
2024-07-22,2024-07-22 12:59:00,468.02,468.02,468.0,468.0,-0.0,177.28,82173.39,-1
2024-07-22,2024-07-22 13:00:00,468.0,475.0,456.7,467.98,-0.0,177.28,82173.39,-1
2024-07-22,2024-07-22 13:01:00,467.98,467.98,467.97,467.97,-0.0,177.28,82173.39,-1
2024-07-22,2024-07-22 13:02:00,467.97,467.97,467.95,467.95,-0.0,177.28,82173.39,-1
2024-07-22,2024-07-22 13:03:00,467.95,467.95,467.93,467.93,-0.0,177.28,82173.39,-1
2024-07-22,2024-07-22 13:04:00,467.93,467.93,467.92,467.92,-0.0,177.28,82173.39,-1
2024-07-22,2024-07-22 13:05:00,467.92,467.92,467.9,467.9,-0.0,177.28,82173.39,-1
2024-07-22,2024-07-22 13:06:00,467.9,467.9,467.88,467.88,-0.0,177.28,82173.39,-1
2024-07-22,2024-07-22 13:07:00,467.88,467.88,467.87,467.87,-0.0,177.28,82173.39,-1
2024-07-22,2024-07-22 13:08:00,467.87,467.87,467.85,467.85,-0.0,177.28,82173.39,-1
2024-07-22,2024-07-22 13:09:00,467.85,467.85,467.83,467.83,-0.0,177.28,82173.39,-1
2024-07-22,2024-07-22 13:10:00,467.83,467.83,467.82,467.82,-0.0,177.28,82173.39,-1
2024-07-22,2024-07-22 13:11:00,467.82,467.82,467.8,467.8,-0.0,177.28,82173.39,-1
2024-07-22,2024-07-22 13:12:00,467.8,467.8,467.78,467.78,-0.0,177.28,82173.39,-1
2024-07-22,2024-07-22 13:13:00,467.78,467.78,467.77,467.77,-0.0,177.28,82173.39,-1
2024-07-22,2024-07-22 13:14:00,467.77,467.77,467.75,467.75,-0.0,177.28,82173.39,-1
2024-07-22,2024-07-22 13:15:00,467.75,467.75,467.73,467.73,-0.0,177.28,82173.39,-1
2024-07-22,2024-07-22 13:16:00,467.73,467.73,467.72,467.72,-0.0,177.28,82173.39,-1
2024-07-22,2024-07-22 13:17:00,467.72,467.72,467.7,467.7,-0.0,177.28,82173.39,-1
2024-07-22,2024-07-22 13:18:00,467.7,467.7,467.68,467.68,-0.0,177.28,82173.39,-1
2024-07-22,2024-07-22 13:19:00,467.68,467.68,467.67,467.67,-0.0,177.28,82173.39,-1
2024-07-22,2024-07-22 13:20:00,467.67,467.67,467.65,467.65,-0.0,177.28,82173.39,-1
2024-07-22,2024-07-22 13:21:00,467.65,467.65,467.63,467.63,-0.0,177.28,82173.39,-1
2024-07-22,2024-07-22 13:22:00,467.63,467.63,467.62,467.62,-0.0,177.28,82173.39,-1
2024-07-22,2024-07-22 13:23:00,467.62,467.62,467.6,467.6,-0.0,177.28,82173.39,-1
2024-07-22,2024-07-22 13:24:00,467.6,467.6,467.58,467.58,-0.0,177.28,82173.39,-1
2024-07-22,2024-07-22 13:25:00,467.58,467.58,467.57,467.57,-0.0,177.28,82173.39,-1
2024-07-22,2024-07-22 13:26:00,467.57,467.57,467.55,467.55,-0.0,177.28,82173.39,-1
2024-07-22,2024-07-22 13:27:00,467.55,467.55,467.53,467.53,-0.0,177.28,82173.39,-1
2024-07-22,2024-07-22 13:28:00,467.53,467.53,467.52,467.52,-0.0,177.28,82173.39,-1
2024-07-22,2024-07-22 13:29:00,467.52,467.52,467.5,467.5,-0.0,177.28,82173.39,-1
2024-07-22,2024-07-22 13:30:00,467.5,467.5,467.48,467.48,-0.0,177.28,82173.39,-1
2024-07-22,2024-07-22 13:31:00,467.48,467.48,467.47,467.47,-0.0,177.28,82173.39,-1
2024-07-22,2024-07-22 13:32:00,467.47,467.47,467.45,467.45,-0.0,177.28,82173.39,-1
2024-07-22,2024-07-22 13:33:00,467.45,467.45,467.43,467.43,-0.0,177.28,82173.39,-1
2024-07-22,2024-07-22 13:34:00,467.43,467.43,467.42,467.42,-0.0,177.28,82173.39,-1
2024-07-22,2024-07-22 13:35:00,467.42,467.42,467.4,467.4,-0.0,177.28,82173.39,-1
2024-07-22,2024-07-22 13:36:00,467.4,467.4,467.38,467.38,-0.0,177.28,82173.39,-1
2024-07-22,2024-07-22 13:37:00,467.38,467.38,467.37,467.37,-0.0,177.28,82173.39,-1
2024-07-22,2024-07-22 13:38:00,467.37,467.37,467.35,467.35,-0.0,177.28,82173.39,-1
2024-07-22,2024-07-22 13:39:00,467.35,467.35,467.33,467.33,-0.0,177.28,82173.39,-1
2024-07-22,2024-07-22 13:40:00,467.33,467.33,467.32,467.32,-0.0,177.28,82173.39,-1
2024-07-22,2024-07-22 13:41:00,467.32,467.32,467.3,467.3,-0.0,177.28,82173.39,-1
2024-07-22,2024-07-22 13:42:00,467.3,467.3,467.28,467.28,-0.0,177.28,82173.39,-1
2024-07-22,2024-07-22 13:43:00,467.28,467.28,467.27,467.27,-0.0,177.28,82173.39,-1
2024-07-22,2024-07-22 13:44:00,467.27,467.27,467.25,467.25,-0.0,177.28,82173.39,-1
2024-07-22,2024-07-22 13:45:00,467.25,467.25,467.23,467.23,-0.0,177.28,82173.39,-1
2024-07-22,2024-07-22 13:46:00,467.23,467.23,467.22,467.22,-0.0,177.28,82173.39,-1
2024-07-22,2024-07-22 13:47:00,467.22,467.22,467.2,467.2,-0.0,177.28,82173.39,-1
2024-07-22,2024-07-22 13:48:00,467.2,467.2,467.18,467.18,-0.0,177.28,82173.39,-1
2024-07-22,2024-07-22 13:49:00,467.18,467.18,467.17,467.17,-0.0,177.28,82173.39,-1
2024-07-22,2024-07-22 13:50:00,467.17,467.17,467.15,467.15,-0.0,177.28,82173.39,-1
2024-07-22,2024-07-22 13:51:00,467.15,467.15,467.13,467.13,-0.0,177.28,82173.39,-1
2024-07-22,2024-07-22 13:52:00,467.13,467.13,467.12,467.12,-0.0,177.28,82173.39,-1
2024-07-22,2024-07-22 13:53:00,467.12,467.12,467.1,467.1,-0.0,177.28,82173.39,-1
2024-07-22,2024-07-22 13:54:00,467.1,467.1,467.08,467.08,-0.0,177.28,82173.39,-1
2024-07-22,2024-07-22 13:55:00,467.08,467.08,467.07,467.07,-0.0,177.28,82173.39,-1
2024-07-22,2024-07-22 13:56:00,467.07,467.07,467.05,467.05,-0.0,177.28,82173.39,-1
2024-07-22,2024-07-22 13:57:00,467.05,467.05,467.03,467.03,-0.0,177.28,82173.39,-1
2024-07-22,2024-07-22 13:58:00,467.03,467.03,467.02,467.02,-0.0,177.28,82173.39,-1
2024-07-22,2024-07-22 13:59:00,467.02,467.02,467.0,467.0,-0.0,177.28,82173.39,-1
2024-07-22,2024-07-22 14:00:00,467.0,467.0,466.98,466.98,-0.0,177.28,82173.39,-1
2024-07-22,2024-07-22 14:01:00,466.98,466.98,466.97,466.97,-0.0,177.28,82173.39,-1
2024-07-22,2024-07-22 14:02:00,466.97,466.97,466.95,466.95,-0.0,177.28,82173.39,-1
2024-07-22,2024-07-22 14:03:00,466.95,466.95,466.93,466.93,-0.0,177.28,82173.39,-1
2024-07-22,2024-07-22 14:04:00,466.93,466.93,466.92,466.92,-0.0,177.28,82173.39,-1
2024-07-22,2024-07-22 14:05:00,466.92,466.92,466.9,466.9,-0.0,177.28,82173.39,-1
2024-07-22,2024-07-22 14:06:00,466.9,466.9,466.88,466.88,-0.0,177.28,82173.39,-1
2024-07-22,2024-07-22 14:07:00,466.88,466.88,466.87,466.87,-0.0,177.28,82173.39,-1
2024-07-22,2024-07-22 14:08:00,466.87,466.87,466.85,466.85,-0.0,177.28,82173.39,-1
2024-07-22,2024-07-22 14:09:00,466.85,466.85,466.83,466.83,-0.0,177.28,82173.39,-1
2024-07-22,2024-07-22 14:10:00,466.83,466.83,466.82,466.82,-0.0,177.28,82173.39,-1
2024-07-22,2024-07-22 14:11:00,466.82,466.82,466.8,466.8,-0.0,177.28,82173.39,-1
2024-07-22,2024-07-22 14:12:00,466.8,466.8,466.78,466.78,-0.0,177.28,82173.39,-1
2024-07-22,2024-07-22 14:13:00,466.78,466.78,466.77,466.77,-0.0,177.28,82173.39,-1
2024-07-22,2024-07-22 14:14:00,466.77,466.77,466.75,466.75,-0.0,177.28,82173.39,-1
2024-07-22,2024-07-22 14:15:00,466.75,466.75,466.73,466.73,-0.0,177.28,82173.39,-1
2024-07-22,2024-07-22 14:16:00,466.73,466.73,466.72,466.72,-0.0,177.28,82173.39,-1
2024-07-22,2024-07-22 14:17:00,466.72,466.72,466.7,466.7,-0.0,177.28,82173.39,-1
2024-07-22,2024-07-22 14:18:00,466.7,466.7,466.68,466.68,-0.0,177.28,82173.39,-1
2024-07-22,2024-07-22 14:19:00,466.68,466.68,466.67,466.67,-0.0,177.28,82173.39,-1
2024-07-22,2024-07-22 14:20:00,466.67,466.67,466.65,466.65,-0.0,177.28,82173.39,-1
2024-07-22,2024-07-22 14:21:00,466.65,466.65,466.63,466.63,-0.0,177.28,82173.39,-1
2024-07-22,2024-07-22 14:22:00,466.63,466.63,466.62,466.62,-0.0,177.28,82173.39,-1
2024-07-22,2024-07-22 14:23:00,466.62,466.62,466.6,466.6,-0.0,177.28,82173.39,-1
2024-07-22,2024-07-22 14:24:00,466.6,466.6,466.58,466.58,-0.0,177.28,82173.39,-1
2024-07-22,2024-07-22 14:25:00,466.58,466.58,466.57,466.57,-0.0,177.28,82173.39,-1
2024-07-22,2024-07-22 14:26:00,466.57,466.57,466.55,466.55,-0.0,177.28,82173.39,-1
2024-07-22,2024-07-22 14:27:00,466.55,466.55,466.53,466.53,-0.0,177.28,82173.39,-1
2024-07-22,2024-07-22 14:28:00,466.53,466.53,466.52,466.52,-0.0,177.28,82173.39,-1
2024-07-22,2024-07-22 14:29:00,466.52,466.52,466.5,466.5,-0.0,177.28,82173.39,-1
2024-07-22,2024-07-22 14:30:00,466.5,466.5,466.48,466.48,-0.0,177.28,82173.39,-1
2024-07-22,2024-07-22 14:31:00,466.48,466.48,466.47,466.47,-0.0,177.28,82173.39,-1
2024-07-22,2024-07-22 14:32:00,466.47,466.47,466.45,466.45,-0.0,177.28,82173.39,-1
2024-07-22,2024-07-22 14:33:00,466.45,466.45,466.43,466.43,-0.0,177.28,82173.39,-1
2024-07-22,2024-07-22 14:34:00,466.43,466.43,466.42,466.42,-0.0,177.28,82173.39,-1
2024-07-22,2024-07-22 14:35:00,466.42,466.42,466.4,466.4,-0.0,177.28,82173.39,-1
2024-07-22,2024-07-22 14:36:00,466.4,466.4,466.38,466.38,-0.0,177.28,82173.39,-1
2024-07-22,2024-07-22 14:37:00,466.38,466.38,466.37,466.37,-0.0,177.28,82173.39,-1
2024-07-22,2024-07-22 14:38:00,466.37,466.37,466.35,466.35,-0.0,177.28,82173.39,-1
2024-07-22,2024-07-22 14:39:00,466.35,466.35,466.33,466.33,-0.0,177.28,82173.39,-1
2024-07-22,2024-07-22 14:40:00,466.33,466.33,466.32,466.32,-0.0,177.28,82173.39,-1
2024-07-22,2024-07-22 14:41:00,466.32,466.32,466.3,466.3,-0.0,177.28,82173.39,-1
2024-07-22,2024-07-22 14:42:00,466.3,466.3,466.28,466.28,-0.0,177.28,82173.39,-1
2024-07-22,2024-07-22 14:43:00,466.28,466.28,466.27,466.27,-0.0,177.28,82173.39,-1
2024-07-22,2024-07-22 14:44:00,466.27,466.27,466.25,466.25,-0.0,177.28,82173.39,-1
2024-07-22,2024-07-22 14:45:00,466.25,466.25,466.23,466.23,-0.0,177.28,82173.39,-1
2024-07-22,2024-07-22 14:46:00,466.23,466.23,466.22,466.22,-0.0,177.28,82173.39,-1
2024-07-22,2024-07-22 14:47:00,466.22,466.22,466.2,466.2,-0.0,177.28,82173.39,-1
2024-07-22,2024-07-22 14:48:00,466.2,466.2,466.18,466.18,-0.0,177.28,82173.39,-1
2024-07-22,2024-07-22 14:49:00,466.18,466.18,466.17,466.17,-0.0,177.28,82173.39,-1
2024-07-22,2024-07-22 14:50:00,466.17,466.17,466.15,466.15,-0.0,177.28,82173.39,-1
2024-07-22,2024-07-22 14:51:00,466.15,466.15,466.13,466.13,-0.0,177.28,82173.39,-1
2024-07-22,2024-07-22 14:52:00,466.13,466.13,466.12,466.12,-0.0,177.28,82173.39,-1
2024-07-22,2024-07-22 14:53:00,466.12,466.12,466.1,466.1,-0.0,177.28,82173.39,-1
2024-07-22,2024-07-22 14:54:00,466.1,466.1,466.08,466.08,-0.0,177.28,82173.39,-1
2024-07-22,2024-07-22 14:55:00,466.08,466.08,466.07,466.07,-0.0,177.28,82173.39,-1
2024-07-22,2024-07-22 14:56:00,466.07,466.07,466.05,466.05,-0.0,177.28,82173.39,-1
2024-07-22,2024-07-22 14:57:00,466.05,466.05,466.03,466.03,-0.0,177.28,82173.39,-1
2024-07-22,2024-07-22 14:58:00,466.03,466.03,466.02,466.02,-0.0,177.28,82173.39,-1
2024-07-22,2024-07-22 14:59:00,466.02,466.02,466.0,466.0,-0.0,177.28,82173.39,-1
2024-07-22,2024-07-22 15:00:00,466.0,475.0,456.7,466.0,0.0,177.28,82173.39,0
2024-07-23,2024-07-23 11:00:00,466.0,470.2,465.7,466.04,0.01,153.56,73159.32,1
2024-07-23,2024-07-23 11:01:00,466.04,466.08,466.04,466.08,0.01,153.56,73159.32,1
2024-07-23,2024-07-23 11:02:00,466.08,466.12,466.08,466.12,0.01,153.56,73159.32,1
2024-07-23,2024-07-23 11:03:00,466.12,466.17,466.12,466.17,0.01,153.56,73159.32,1
2024-07-23,2024-07-23 11:04:00,466.17,466.21,466.17,466.21,0.01,153.56,73159.32,1
2024-07-23,2024-07-23 11:05:00,466.21,466.25,466.21,466.25,0.01,153.56,73159.32,1
2024-07-23,2024-07-23 11:06:00,466.25,466.29,466.25,466.29,0.01,153.56,73159.32,1
2024-07-23,2024-07-23 11:07:00,466.29,466.33,466.29,466.33,0.01,153.56,73159.32,1
2024-07-23,2024-07-23 11:08:00,466.33,466.38,466.33,466.38,0.01,153.56,73159.32,1
2024-07-23,2024-07-23 11:09:00,466.38,466.42,466.38,466.42,0.01,153.56,73159.32,1
2024-07-23,2024-07-23 11:10:00,466.42,466.46,466.42,466.46,0.01,153.56,73159.32,1
2024-07-23,2024-07-23 11:11:00,466.46,466.5,466.46,466.5,0.01,153.56,73159.32,1
2024-07-23,2024-07-23 11:12:00,466.5,466.54,466.5,466.54,0.01,153.56,73159.32,1
2024-07-23,2024-07-23 11:13:00,466.54,466.58,466.54,466.58,0.01,153.56,73159.32,1
2024-07-23,2024-07-23 11:14:00,466.58,466.62,466.58,466.62,0.01,153.56,73159.32,1
2024-07-23,2024-07-23 11:15:00,466.62,466.67,466.62,466.67,0.01,153.56,73159.32,1
2024-07-23,2024-07-23 11:16:00,466.67,466.71,466.67,466.71,0.01,153.56,73159.32,1
2024-07-23,2024-07-23 11:17:00,466.71,466.75,466.71,466.75,0.01,153.56,73159.32,1
2024-07-23,2024-07-23 11:18:00,466.75,466.79,466.75,466.79,0.01,153.56,73159.32,1
2024-07-23,2024-07-23 11:19:00,466.79,466.83,466.79,466.83,0.01,153.56,73159.32,1
2024-07-23,2024-07-23 11:20:00,466.83,466.88,466.83,466.88,0.01,153.56,73159.32,1
2024-07-23,2024-07-23 11:21:00,466.88,466.92,466.88,466.92,0.01,153.56,73159.32,1
2024-07-23,2024-07-23 11:22:00,466.92,466.96,466.92,466.96,0.01,153.56,73159.32,1
2024-07-23,2024-07-23 11:23:00,466.96,467.0,466.96,467.0,0.01,153.56,73159.32,1
2024-07-23,2024-07-23 11:24:00,467.0,467.04,467.0,467.04,0.01,153.56,73159.32,1
2024-07-23,2024-07-23 11:25:00,467.04,467.08,467.04,467.08,0.01,153.56,73159.32,1
2024-07-23,2024-07-23 11:26:00,467.08,467.12,467.08,467.12,0.01,153.56,73159.32,1
2024-07-23,2024-07-23 11:27:00,467.12,467.17,467.12,467.17,0.01,153.56,73159.32,1
2024-07-23,2024-07-23 11:28:00,467.17,467.21,467.17,467.21,0.01,153.56,73159.32,1
2024-07-23,2024-07-23 11:29:00,467.21,467.25,467.21,467.25,0.01,153.56,73159.32,1
2024-07-23,2024-07-23 11:30:00,467.25,467.29,467.25,467.29,0.01,153.56,73159.32,1
2024-07-23,2024-07-23 11:31:00,467.29,467.33,467.29,467.33,0.01,153.56,73159.32,1
2024-07-23,2024-07-23 11:32:00,467.33,467.38,467.33,467.38,0.01,153.56,73159.32,1
2024-07-23,2024-07-23 11:33:00,467.38,467.42,467.38,467.42,0.01,153.56,73159.32,1
2024-07-23,2024-07-23 11:34:00,467.42,467.46,467.42,467.46,0.01,153.56,73159.32,1
2024-07-23,2024-07-23 11:35:00,467.46,467.5,467.46,467.5,0.01,153.56,73159.32,1
2024-07-23,2024-07-23 11:36:00,467.5,467.54,467.5,467.54,0.01,153.56,73159.32,1
2024-07-23,2024-07-23 11:37:00,467.54,467.58,467.54,467.58,0.01,153.56,73159.32,1
2024-07-23,2024-07-23 11:38:00,467.58,467.62,467.58,467.62,0.01,153.56,73159.32,1
2024-07-23,2024-07-23 11:39:00,467.62,467.67,467.62,467.67,0.01,153.56,73159.32,1
2024-07-23,2024-07-23 11:40:00,467.67,467.71,467.67,467.71,0.01,153.56,73159.32,1
2024-07-23,2024-07-23 11:41:00,467.71,467.75,467.71,467.75,0.01,153.56,73159.32,1
2024-07-23,2024-07-23 11:42:00,467.75,467.79,467.75,467.79,0.01,153.56,73159.32,1
2024-07-23,2024-07-23 11:43:00,467.79,467.83,467.79,467.83,0.01,153.56,73159.32,1
2024-07-23,2024-07-23 11:44:00,467.83,467.88,467.83,467.88,0.01,153.56,73159.32,1
2024-07-23,2024-07-23 11:45:00,467.88,467.92,467.88,467.92,0.01,153.56,73159.32,1
2024-07-23,2024-07-23 11:46:00,467.92,467.96,467.92,467.96,0.01,153.56,73159.32,1
2024-07-23,2024-07-23 11:47:00,467.96,468.0,467.96,468.0,0.01,153.56,73159.32,1
2024-07-23,2024-07-23 11:48:00,468.0,468.04,468.0,468.04,0.01,153.56,73159.32,1
2024-07-23,2024-07-23 11:49:00,468.04,468.08,468.04,468.08,0.01,153.56,73159.32,1
2024-07-23,2024-07-23 11:50:00,468.08,468.12,468.08,468.12,0.01,153.56,73159.32,1
2024-07-23,2024-07-23 11:51:00,468.12,468.17,468.12,468.17,0.01,153.56,73159.32,1
2024-07-23,2024-07-23 11:52:00,468.17,468.21,468.17,468.21,0.01,153.56,73159.32,1
2024-07-23,2024-07-23 11:53:00,468.21,468.25,468.21,468.25,0.01,153.56,73159.32,1
2024-07-23,2024-07-23 11:54:00,468.25,468.29,468.25,468.29,0.01,153.56,73159.32,1
2024-07-23,2024-07-23 11:55:00,468.29,468.33,468.29,468.33,0.01,153.56,73159.32,1
2024-07-23,2024-07-23 11:56:00,468.33,468.38,468.33,468.38,0.01,153.56,73159.32,1
2024-07-23,2024-07-23 11:57:00,468.38,468.42,468.38,468.42,0.01,153.56,73159.32,1
2024-07-23,2024-07-23 11:58:00,468.42,468.46,468.42,468.46,0.01,153.56,73159.32,1
2024-07-23,2024-07-23 11:59:00,468.46,468.5,468.46,468.5,0.01,153.56,73159.32,1
2024-07-23,2024-07-23 12:00:00,468.5,468.54,468.5,468.54,0.01,153.56,73159.32,1
2024-07-23,2024-07-23 12:01:00,468.54,468.58,468.54,468.58,0.01,153.56,73159.32,1
2024-07-23,2024-07-23 12:02:00,468.58,468.62,468.58,468.62,0.01,153.56,73159.32,1
2024-07-23,2024-07-23 12:03:00,468.62,468.67,468.62,468.67,0.01,153.56,73159.32,1
2024-07-23,2024-07-23 12:04:00,468.67,468.71,468.67,468.71,0.01,153.56,73159.32,1
2024-07-23,2024-07-23 12:05:00,468.71,468.75,468.71,468.75,0.01,153.56,73159.32,1
2024-07-23,2024-07-23 12:06:00,468.75,468.79,468.75,468.79,0.01,153.56,73159.32,1
2024-07-23,2024-07-23 12:07:00,468.79,468.83,468.79,468.83,0.01,153.56,73159.32,1
2024-07-23,2024-07-23 12:08:00,468.83,468.88,468.83,468.88,0.01,153.56,73159.32,1
2024-07-23,2024-07-23 12:09:00,468.88,468.92,468.88,468.92,0.01,153.56,73159.32,1
2024-07-23,2024-07-23 12:10:00,468.92,468.96,468.92,468.96,0.01,153.56,73159.32,1
2024-07-23,2024-07-23 12:11:00,468.96,469.0,468.96,469.0,0.01,153.56,73159.32,1
2024-07-23,2024-07-23 12:12:00,469.0,469.04,469.0,469.04,0.01,153.56,73159.32,1
2024-07-23,2024-07-23 12:13:00,469.04,469.08,469.04,469.08,0.01,153.56,73159.32,1
2024-07-23,2024-07-23 12:14:00,469.08,469.12,469.08,469.12,0.01,153.56,73159.32,1
2024-07-23,2024-07-23 12:15:00,469.12,469.17,469.12,469.17,0.01,153.56,73159.32,1
2024-07-23,2024-07-23 12:16:00,469.17,469.21,469.17,469.21,0.01,153.56,73159.32,1
2024-07-23,2024-07-23 12:17:00,469.21,469.25,469.21,469.25,0.01,153.56,73159.32,1
2024-07-23,2024-07-23 12:18:00,469.25,469.29,469.25,469.29,0.01,153.56,73159.32,1
2024-07-23,2024-07-23 12:19:00,469.29,469.33,469.29,469.33,0.01,153.56,73159.32,1
2024-07-23,2024-07-23 12:20:00,469.33,469.38,469.33,469.38,0.01,153.56,73159.32,1
2024-07-23,2024-07-23 12:21:00,469.38,469.42,469.38,469.42,0.01,153.56,73159.32,1
2024-07-23,2024-07-23 12:22:00,469.42,469.46,469.42,469.46,0.01,153.56,73159.32,1
2024-07-23,2024-07-23 12:23:00,469.46,469.5,469.46,469.5,0.01,153.56,73159.32,1
2024-07-23,2024-07-23 12:24:00,469.5,469.54,469.5,469.54,0.01,153.56,73159.32,1
2024-07-23,2024-07-23 12:25:00,469.54,469.58,469.54,469.58,0.01,153.56,73159.32,1
2024-07-23,2024-07-23 12:26:00,469.58,469.62,469.58,469.62,0.01,153.56,73159.32,1
2024-07-23,2024-07-23 12:27:00,469.62,469.67,469.62,469.67,0.01,153.56,73159.32,1
2024-07-23,2024-07-23 12:28:00,469.67,469.71,469.67,469.71,0.01,153.56,73159.32,1
2024-07-23,2024-07-23 12:29:00,469.71,469.75,469.71,469.75,0.01,153.56,73159.32,1
2024-07-23,2024-07-23 12:30:00,469.75,469.79,469.75,469.79,0.01,153.56,73159.32,1
2024-07-23,2024-07-23 12:31:00,469.79,469.83,469.79,469.83,0.01,153.56,73159.32,1
2024-07-23,2024-07-23 12:32:00,469.83,469.88,469.83,469.88,0.01,153.56,73159.32,1
2024-07-23,2024-07-23 12:33:00,469.88,469.92,469.88,469.92,0.01,153.56,73159.32,1
2024-07-23,2024-07-23 12:34:00,469.92,469.96,469.92,469.96,0.01,153.56,73159.32,1
2024-07-23,2024-07-23 12:35:00,469.96,470.0,469.96,470.0,0.01,153.56,73159.32,1
2024-07-23,2024-07-23 12:36:00,470.0,470.04,470.0,470.04,0.01,153.56,73159.32,1
2024-07-23,2024-07-23 12:37:00,470.04,470.08,470.04,470.08,0.01,153.56,73159.32,1
2024-07-23,2024-07-23 12:38:00,470.08,470.12,470.08,470.12,0.01,153.56,73159.32,1
2024-07-23,2024-07-23 12:39:00,470.12,470.17,470.12,470.17,0.01,153.56,73159.32,1
2024-07-23,2024-07-23 12:40:00,470.17,470.21,470.17,470.21,0.01,153.56,73159.32,1
2024-07-23,2024-07-23 12:41:00,470.21,470.25,470.21,470.25,0.01,153.56,73159.32,1
2024-07-23,2024-07-23 12:42:00,470.25,470.29,470.25,470.29,0.01,153.56,73159.32,1
2024-07-23,2024-07-23 12:43:00,470.29,470.33,470.29,470.33,0.01,153.56,73159.32,1
2024-07-23,2024-07-23 12:44:00,470.33,470.38,470.33,470.38,0.01,153.56,73159.32,1
2024-07-23,2024-07-23 12:45:00,470.38,470.42,470.38,470.42,0.01,153.56,73159.32,1
2024-07-23,2024-07-23 12:46:00,470.42,470.46,470.42,470.46,0.01,153.56,73159.32,1
2024-07-23,2024-07-23 12:47:00,470.46,470.5,470.46,470.5,0.01,153.56,73159.32,1
2024-07-23,2024-07-23 12:48:00,470.5,470.54,470.5,470.54,0.01,153.56,73159.32,1
2024-07-23,2024-07-23 12:49:00,470.54,470.58,470.54,470.58,0.01,153.56,73159.32,1
2024-07-23,2024-07-23 12:50:00,470.58,470.62,470.58,470.62,0.01,153.56,73159.32,1
2024-07-23,2024-07-23 12:51:00,470.62,470.67,470.62,470.67,0.01,153.56,73159.32,1
2024-07-23,2024-07-23 12:52:00,470.67,470.71,470.67,470.71,0.01,153.56,73159.32,1
2024-07-23,2024-07-23 12:53:00,470.71,470.75,470.71,470.75,0.01,153.56,73159.32,1
2024-07-23,2024-07-23 12:54:00,470.75,470.79,470.75,470.79,0.01,153.56,73159.32,1
2024-07-23,2024-07-23 12:55:00,470.79,470.83,470.79,470.83,0.01,153.56,73159.32,1
2024-07-23,2024-07-23 12:56:00,470.83,470.88,470.83,470.88,0.01,153.56,73159.32,1
2024-07-23,2024-07-23 12:57:00,470.88,470.92,470.88,470.92,0.01,153.56,73159.32,1
2024-07-23,2024-07-23 12:58:00,470.92,470.96,470.92,470.96,0.01,153.56,73159.32,1
2024-07-23,2024-07-23 12:59:00,470.96,471.0,470.96,471.0,0.01,153.56,73159.32,1
2024-07-23,2024-07-23 13:00:00,471.0,480.0,465.0,471.04,0.01,153.56,73159.32,1
2024-07-23,2024-07-23 13:01:00,471.04,471.08,471.04,471.08,0.01,153.56,73159.32,1
2024-07-23,2024-07-23 13:02:00,471.08,471.12,471.08,471.12,0.01,153.56,73159.32,1
2024-07-23,2024-07-23 13:03:00,471.12,471.17,471.12,471.17,0.01,153.56,73159.32,1
2024-07-23,2024-07-23 13:04:00,471.17,471.21,471.17,471.21,0.01,153.56,73159.32,1
2024-07-23,2024-07-23 13:05:00,471.21,471.25,471.21,471.25,0.01,153.56,73159.32,1
2024-07-23,2024-07-23 13:06:00,471.25,471.29,471.25,471.29,0.01,153.56,73159.32,1
2024-07-23,2024-07-23 13:07:00,471.29,471.33,471.29,471.33,0.01,153.56,73159.32,1
2024-07-23,2024-07-23 13:08:00,471.33,471.38,471.33,471.38,0.01,153.56,73159.32,1
2024-07-23,2024-07-23 13:09:00,471.38,471.42,471.38,471.42,0.01,153.56,73159.32,1
2024-07-23,2024-07-23 13:10:00,471.42,471.46,471.42,471.46,0.01,153.56,73159.32,1
2024-07-23,2024-07-23 13:11:00,471.46,471.5,471.46,471.5,0.01,153.56,73159.32,1
2024-07-23,2024-07-23 13:12:00,471.5,471.54,471.5,471.54,0.01,153.56,73159.32,1
2024-07-23,2024-07-23 13:13:00,471.54,471.58,471.54,471.58,0.01,153.56,73159.32,1
2024-07-23,2024-07-23 13:14:00,471.58,471.62,471.58,471.62,0.01,153.56,73159.32,1
2024-07-23,2024-07-23 13:15:00,471.62,471.67,471.62,471.67,0.01,153.56,73159.32,1
2024-07-23,2024-07-23 13:16:00,471.67,471.71,471.67,471.71,0.01,153.56,73159.32,1
2024-07-23,2024-07-23 13:17:00,471.71,471.75,471.71,471.75,0.01,153.56,73159.32,1
2024-07-23,2024-07-23 13:18:00,471.75,471.79,471.75,471.79,0.01,153.56,73159.32,1
2024-07-23,2024-07-23 13:19:00,471.79,471.83,471.79,471.83,0.01,153.56,73159.32,1
2024-07-23,2024-07-23 13:20:00,471.83,471.88,471.83,471.88,0.01,153.56,73159.32,1
2024-07-23,2024-07-23 13:21:00,471.88,471.92,471.88,471.92,0.01,153.56,73159.32,1
2024-07-23,2024-07-23 13:22:00,471.92,471.96,471.92,471.96,0.01,153.56,73159.32,1
2024-07-23,2024-07-23 13:23:00,471.96,472.0,471.96,472.0,0.01,153.56,73159.32,1
2024-07-23,2024-07-23 13:24:00,472.0,472.04,472.0,472.04,0.01,153.56,73159.32,1
2024-07-23,2024-07-23 13:25:00,472.04,472.08,472.04,472.08,0.01,153.56,73159.32,1
2024-07-23,2024-07-23 13:26:00,472.08,472.12,472.08,472.12,0.01,153.56,73159.32,1
2024-07-23,2024-07-23 13:27:00,472.12,472.17,472.12,472.17,0.01,153.56,73159.32,1
2024-07-23,2024-07-23 13:28:00,472.17,472.21,472.17,472.21,0.01,153.56,73159.32,1
2024-07-23,2024-07-23 13:29:00,472.21,472.25,472.21,472.25,0.01,153.56,73159.32,1
2024-07-23,2024-07-23 13:30:00,472.25,472.29,472.25,472.29,0.01,153.56,73159.32,1
2024-07-23,2024-07-23 13:31:00,472.29,472.33,472.29,472.33,0.01,153.56,73159.32,1
2024-07-23,2024-07-23 13:32:00,472.33,472.38,472.33,472.38,0.01,153.56,73159.32,1
2024-07-23,2024-07-23 13:33:00,472.38,472.42,472.38,472.42,0.01,153.56,73159.32,1
2024-07-23,2024-07-23 13:34:00,472.42,472.46,472.42,472.46,0.01,153.56,73159.32,1
2024-07-23,2024-07-23 13:35:00,472.46,472.5,472.46,472.5,0.01,153.56,73159.32,1
2024-07-23,2024-07-23 13:36:00,472.5,472.54,472.5,472.54,0.01,153.56,73159.32,1
2024-07-23,2024-07-23 13:37:00,472.54,472.58,472.54,472.58,0.01,153.56,73159.32,1
2024-07-23,2024-07-23 13:38:00,472.58,472.62,472.58,472.62,0.01,153.56,73159.32,1
2024-07-23,2024-07-23 13:39:00,472.62,472.67,472.62,472.67,0.01,153.56,73159.32,1
2024-07-23,2024-07-23 13:40:00,472.67,472.71,472.67,472.71,0.01,153.56,73159.32,1
2024-07-23,2024-07-23 13:41:00,472.71,472.75,472.71,472.75,0.01,153.56,73159.32,1
2024-07-23,2024-07-23 13:42:00,472.75,472.79,472.75,472.79,0.01,153.56,73159.32,1
2024-07-23,2024-07-23 13:43:00,472.79,472.83,472.79,472.83,0.01,153.56,73159.32,1
2024-07-23,2024-07-23 13:44:00,472.83,472.88,472.83,472.88,0.01,153.56,73159.32,1
2024-07-23,2024-07-23 13:45:00,472.88,472.92,472.88,472.92,0.01,153.56,73159.32,1
2024-07-23,2024-07-23 13:46:00,472.92,472.96,472.92,472.96,0.01,153.56,73159.32,1
2024-07-23,2024-07-23 13:47:00,472.96,473.0,472.96,473.0,0.01,153.56,73159.32,1
2024-07-23,2024-07-23 13:48:00,473.0,473.04,473.0,473.04,0.01,153.56,73159.32,1
2024-07-23,2024-07-23 13:49:00,473.04,473.08,473.04,473.08,0.01,153.56,73159.32,1
2024-07-23,2024-07-23 13:50:00,473.08,473.12,473.08,473.12,0.01,153.56,73159.32,1
2024-07-23,2024-07-23 13:51:00,473.12,473.17,473.12,473.17,0.01,153.56,73159.32,1
2024-07-23,2024-07-23 13:52:00,473.17,473.21,473.17,473.21,0.01,153.56,73159.32,1
2024-07-23,2024-07-23 13:53:00,473.21,473.25,473.21,473.25,0.01,153.56,73159.32,1
2024-07-23,2024-07-23 13:54:00,473.25,473.29,473.25,473.29,0.01,153.56,73159.32,1
2024-07-23,2024-07-23 13:55:00,473.29,473.33,473.29,473.33,0.01,153.56,73159.32,1
2024-07-23,2024-07-23 13:56:00,473.33,473.38,473.33,473.38,0.01,153.56,73159.32,1
2024-07-23,2024-07-23 13:57:00,473.38,473.42,473.38,473.42,0.01,153.56,73159.32,1
2024-07-23,2024-07-23 13:58:00,473.42,473.46,473.42,473.46,0.01,153.56,73159.32,1
2024-07-23,2024-07-23 13:59:00,473.46,473.5,473.46,473.5,0.01,153.56,73159.32,1
2024-07-23,2024-07-23 14:00:00,473.5,473.54,473.5,473.54,0.01,153.56,73159.32,1
2024-07-23,2024-07-23 14:01:00,473.54,473.58,473.54,473.58,0.01,153.56,73159.32,1
2024-07-23,2024-07-23 14:02:00,473.58,473.62,473.58,473.62,0.01,153.56,73159.32,1
2024-07-23,2024-07-23 14:03:00,473.62,473.67,473.62,473.67,0.01,153.56,73159.32,1
2024-07-23,2024-07-23 14:04:00,473.67,473.71,473.67,473.71,0.01,153.56,73159.32,1
2024-07-23,2024-07-23 14:05:00,473.71,473.75,473.71,473.75,0.01,153.56,73159.32,1
2024-07-23,2024-07-23 14:06:00,473.75,473.79,473.75,473.79,0.01,153.56,73159.32,1
2024-07-23,2024-07-23 14:07:00,473.79,473.83,473.79,473.83,0.01,153.56,73159.32,1
2024-07-23,2024-07-23 14:08:00,473.83,473.88,473.83,473.88,0.01,153.56,73159.32,1
2024-07-23,2024-07-23 14:09:00,473.88,473.92,473.88,473.92,0.01,153.56,73159.32,1
2024-07-23,2024-07-23 14:10:00,473.92,473.96,473.92,473.96,0.01,153.56,73159.32,1
2024-07-23,2024-07-23 14:11:00,473.96,474.0,473.96,474.0,0.01,153.56,73159.32,1
2024-07-23,2024-07-23 14:12:00,474.0,474.04,474.0,474.04,0.01,153.56,73159.32,1
2024-07-23,2024-07-23 14:13:00,474.04,474.08,474.04,474.08,0.01,153.56,73159.32,1
2024-07-23,2024-07-23 14:14:00,474.08,474.12,474.08,474.12,0.01,153.56,73159.32,1
2024-07-23,2024-07-23 14:15:00,474.12,474.17,474.12,474.17,0.01,153.56,73159.32,1
2024-07-23,2024-07-23 14:16:00,474.17,474.21,474.17,474.21,0.01,153.56,73159.32,1
2024-07-23,2024-07-23 14:17:00,474.21,474.25,474.21,474.25,0.01,153.56,73159.32,1
2024-07-23,2024-07-23 14:18:00,474.25,474.29,474.25,474.29,0.01,153.56,73159.32,1
2024-07-23,2024-07-23 14:19:00,474.29,474.33,474.29,474.33,0.01,153.56,73159.32,1
2024-07-23,2024-07-23 14:20:00,474.33,474.38,474.33,474.38,0.01,153.56,73159.32,1
2024-07-23,2024-07-23 14:21:00,474.38,474.42,474.38,474.42,0.01,153.56,73159.32,1
2024-07-23,2024-07-23 14:22:00,474.42,474.46,474.42,474.46,0.01,153.56,73159.32,1
2024-07-23,2024-07-23 14:23:00,474.46,474.5,474.46,474.5,0.01,153.56,73159.32,1
2024-07-23,2024-07-23 14:24:00,474.5,474.54,474.5,474.54,0.01,153.56,73159.32,1
2024-07-23,2024-07-23 14:25:00,474.54,474.58,474.54,474.58,0.01,153.56,73159.32,1
2024-07-23,2024-07-23 14:26:00,474.58,474.62,474.58,474.62,0.01,153.56,73159.32,1
2024-07-23,2024-07-23 14:27:00,474.62,474.67,474.62,474.67,0.01,153.56,73159.32,1
2024-07-23,2024-07-23 14:28:00,474.67,474.71,474.67,474.71,0.01,153.56,73159.32,1
2024-07-23,2024-07-23 14:29:00,474.71,474.75,474.71,474.75,0.01,153.56,73159.32,1
2024-07-23,2024-07-23 14:30:00,474.75,474.79,474.75,474.79,0.01,153.56,73159.32,1
2024-07-23,2024-07-23 14:31:00,474.79,474.83,474.79,474.83,0.01,153.56,73159.32,1
2024-07-23,2024-07-23 14:32:00,474.83,474.88,474.83,474.88,0.01,153.56,73159.32,1
2024-07-23,2024-07-23 14:33:00,474.88,474.92,474.88,474.92,0.01,153.56,73159.32,1
2024-07-23,2024-07-23 14:34:00,474.92,474.96,474.92,474.96,0.01,153.56,73159.32,1
2024-07-23,2024-07-23 14:35:00,474.96,475.0,474.96,475.0,0.01,153.56,73159.32,1
2024-07-23,2024-07-23 14:36:00,475.0,475.04,475.0,475.04,0.01,153.56,73159.32,1
2024-07-23,2024-07-23 14:37:00,475.04,475.08,475.04,475.08,0.01,153.56,73159.32,1
2024-07-23,2024-07-23 14:38:00,475.08,475.12,475.08,475.12,0.01,153.56,73159.32,1
2024-07-23,2024-07-23 14:39:00,475.12,475.17,475.12,475.17,0.01,153.56,73159.32,1
2024-07-23,2024-07-23 14:40:00,475.17,475.21,475.17,475.21,0.01,153.56,73159.32,1
2024-07-23,2024-07-23 14:41:00,475.21,475.25,475.21,475.25,0.01,153.56,73159.32,1
2024-07-23,2024-07-23 14:42:00,475.25,475.29,475.25,475.29,0.01,153.56,73159.32,1
2024-07-23,2024-07-23 14:43:00,475.29,475.33,475.29,475.33,0.01,153.56,73159.32,1
2024-07-23,2024-07-23 14:44:00,475.33,475.38,475.33,475.38,0.01,153.56,73159.32,1
2024-07-23,2024-07-23 14:45:00,475.38,475.42,475.38,475.42,0.01,153.56,73159.32,1
2024-07-23,2024-07-23 14:46:00,475.42,475.46,475.42,475.46,0.01,153.56,73159.32,1
2024-07-23,2024-07-23 14:47:00,475.46,475.5,475.46,475.5,0.01,153.56,73159.32,1
2024-07-23,2024-07-23 14:48:00,475.5,475.54,475.5,475.54,0.01,153.56,73159.32,1
2024-07-23,2024-07-23 14:49:00,475.54,475.58,475.54,475.58,0.01,153.56,73159.32,1
2024-07-23,2024-07-23 14:50:00,475.58,475.62,475.58,475.62,0.01,153.56,73159.32,1
2024-07-23,2024-07-23 14:51:00,475.62,475.67,475.62,475.67,0.01,153.56,73159.32,1
2024-07-23,2024-07-23 14:52:00,475.67,475.71,475.67,475.71,0.01,153.56,73159.32,1
2024-07-23,2024-07-23 14:53:00,475.71,475.75,475.71,475.75,0.01,153.56,73159.32,1
2024-07-23,2024-07-23 14:54:00,475.75,475.79,475.75,475.79,0.01,153.56,73159.32,1
2024-07-23,2024-07-23 14:55:00,475.79,475.83,475.79,475.83,0.01,153.56,73159.32,1
2024-07-23,2024-07-23 14:56:00,475.83,475.88,475.83,475.88,0.01,153.56,73159.32,1
2024-07-23,2024-07-23 14:57:00,475.88,475.92,475.88,475.92,0.01,153.56,73159.32,1
2024-07-23,2024-07-23 14:58:00,475.92,475.96,475.92,475.96,0.01,153.56,73159.32,1
2024-07-23,2024-07-23 14:59:00,475.96,476.0,475.96,476.0,0.01,153.56,73159.32,1
2024-07-23,2024-07-23 15:00:00,476.0,480.0,465.0,476.0,0.0,153.56,73159.32,0
2024-07-24,2024-07-24 11:00:00,470.0,474.5,464.6,470.0,0.0,184.27,86542.83,0
2024-07-24,2024-07-24 11:01:00,470.0,470.01,470.0,470.01,0.0,184.27,86542.83,1
2024-07-24,2024-07-24 11:02:00,470.01,470.01,470.01,470.01,0.0,184.27,86542.83,0
2024-07-24,2024-07-24 11:03:00,470.01,470.02,470.01,470.02,0.0,184.27,86542.83,1
2024-07-24,2024-07-24 11:04:00,470.02,470.02,470.02,470.02,0.0,184.27,86542.83,0
2024-07-24,2024-07-24 11:05:00,470.02,470.02,470.02,470.02,0.0,184.27,86542.83,0
2024-07-24,2024-07-24 11:06:00,470.02,470.03,470.02,470.03,0.0,184.27,86542.83,1
2024-07-24,2024-07-24 11:07:00,470.03,470.03,470.03,470.03,0.0,184.27,86542.83,0
2024-07-24,2024-07-24 11:08:00,470.03,470.04,470.03,470.04,0.0,184.27,86542.83,1
2024-07-24,2024-07-24 11:09:00,470.04,470.04,470.04,470.04,0.0,184.27,86542.83,0
2024-07-24,2024-07-24 11:10:00,470.04,470.05,470.04,470.05,0.0,184.27,86542.83,1
2024-07-24,2024-07-24 11:11:00,470.05,470.05,470.05,470.05,0.0,184.27,86542.83,0
2024-07-24,2024-07-24 11:12:00,470.05,470.05,470.05,470.05,0.0,184.27,86542.83,0
2024-07-24,2024-07-24 11:13:00,470.05,470.06,470.05,470.06,0.0,184.27,86542.83,1
2024-07-24,2024-07-24 11:14:00,470.06,470.06,470.06,470.06,0.0,184.27,86542.83,0
2024-07-24,2024-07-24 11:15:00,470.06,470.07,470.06,470.07,0.0,184.27,86542.83,1
2024-07-24,2024-07-24 11:16:00,470.07,470.07,470.07,470.07,0.0,184.27,86542.83,0
2024-07-24,2024-07-24 11:17:00,470.07,470.07,470.07,470.07,0.0,184.27,86542.83,0
2024-07-24,2024-07-24 11:18:00,470.07,470.08,470.07,470.08,0.0,184.27,86542.83,1
2024-07-24,2024-07-24 11:19:00,470.08,470.08,470.08,470.08,0.0,184.27,86542.83,0
2024-07-24,2024-07-24 11:20:00,470.08,470.09,470.08,470.09,0.0,184.27,86542.83,1
2024-07-24,2024-07-24 11:21:00,470.09,470.09,470.09,470.09,0.0,184.27,86542.83,0
2024-07-24,2024-07-24 11:22:00,470.09,470.1,470.09,470.1,0.0,184.27,86542.83,1
2024-07-24,2024-07-24 11:23:00,470.1,470.1,470.1,470.1,0.0,184.27,86542.83,0
2024-07-24,2024-07-24 11:24:00,470.1,470.1,470.1,470.1,0.0,184.27,86542.83,0
2024-07-24,2024-07-24 11:25:00,470.1,470.11,470.1,470.11,0.0,184.27,86542.83,1
2024-07-24,2024-07-24 11:26:00,470.11,470.11,470.11,470.11,0.0,184.27,86542.83,0
2024-07-24,2024-07-24 11:27:00,470.11,470.12,470.11,470.12,0.0,184.27,86542.83,1
2024-07-24,2024-07-24 11:28:00,470.12,470.12,470.12,470.12,0.0,184.27,86542.83,0
2024-07-24,2024-07-24 11:29:00,470.12,470.12,470.12,470.12,0.0,184.27,86542.83,0
2024-07-24,2024-07-24 11:30:00,470.12,470.13,470.12,470.13,0.0,184.27,86542.83,1
2024-07-24,2024-07-24 11:31:00,470.13,470.13,470.13,470.13,0.0,184.27,86542.83,0
2024-07-24,2024-07-24 11:32:00,470.13,470.14,470.13,470.14,0.0,184.27,86542.83,1
2024-07-24,2024-07-24 11:33:00,470.14,470.14,470.14,470.14,0.0,184.27,86542.83,0
2024-07-24,2024-07-24 11:34:00,470.14,470.15,470.14,470.15,0.0,184.27,86542.83,1
2024-07-24,2024-07-24 11:35:00,470.15,470.15,470.15,470.15,0.0,184.27,86542.83,0
2024-07-24,2024-07-24 11:36:00,470.15,470.15,470.15,470.15,0.0,184.27,86542.83,0
2024-07-24,2024-07-24 11:37:00,470.15,470.16,470.15,470.16,0.0,184.27,86542.83,1
2024-07-24,2024-07-24 11:38:00,470.16,470.16,470.16,470.16,0.0,184.27,86542.83,0
2024-07-24,2024-07-24 11:39:00,470.16,470.17,470.16,470.17,0.0,184.27,86542.83,1
2024-07-24,2024-07-24 11:40:00,470.17,470.17,470.17,470.17,0.0,184.27,86542.83,0
2024-07-24,2024-07-24 11:41:00,470.17,470.18,470.17,470.18,0.0,184.27,86542.83,1
2024-07-24,2024-07-24 11:42:00,470.18,470.18,470.18,470.18,0.0,184.27,86542.83,0
2024-07-24,2024-07-24 11:43:00,470.18,470.18,470.18,470.18,0.0,184.27,86542.83,0
2024-07-24,2024-07-24 11:44:00,470.18,470.19,470.18,470.19,0.0,184.27,86542.83,1
2024-07-24,2024-07-24 11:45:00,470.19,470.19,470.19,470.19,0.0,184.27,86542.83,0
2024-07-24,2024-07-24 11:46:00,470.19,470.2,470.19,470.2,0.0,184.27,86542.83,1
2024-07-24,2024-07-24 11:47:00,470.2,470.2,470.2,470.2,0.0,184.27,86542.83,0
2024-07-24,2024-07-24 11:48:00,470.2,470.2,470.2,470.2,0.0,184.27,86542.83,0
2024-07-24,2024-07-24 11:49:00,470.2,470.21,470.2,470.21,0.0,184.27,86542.83,1
2024-07-24,2024-07-24 11:50:00,470.21,470.21,470.21,470.21,0.0,184.27,86542.83,0
2024-07-24,2024-07-24 11:51:00,470.21,470.22,470.21,470.22,0.0,184.27,86542.83,1
2024-07-24,2024-07-24 11:52:00,470.22,470.22,470.22,470.22,0.0,184.27,86542.83,0
2024-07-24,2024-07-24 11:53:00,470.22,470.23,470.22,470.23,0.0,184.27,86542.83,1
2024-07-24,2024-07-24 11:54:00,470.23,470.23,470.23,470.23,0.0,184.27,86542.83,0
2024-07-24,2024-07-24 11:55:00,470.23,470.23,470.23,470.23,0.0,184.27,86542.83,0
2024-07-24,2024-07-24 11:56:00,470.23,470.24,470.23,470.24,0.0,184.27,86542.83,1
2024-07-24,2024-07-24 11:57:00,470.24,470.24,470.24,470.24,0.0,184.27,86542.83,0
2024-07-24,2024-07-24 11:58:00,470.24,470.25,470.24,470.25,0.0,184.27,86542.83,1
2024-07-24,2024-07-24 11:59:00,470.25,470.25,470.25,470.25,0.0,184.27,86542.83,0
2024-07-24,2024-07-24 12:00:00,470.25,470.25,470.25,470.25,0.0,184.27,86542.83,0
2024-07-24,2024-07-24 12:01:00,470.25,470.26,470.25,470.26,0.0,184.27,86542.83,1
2024-07-24,2024-07-24 12:02:00,470.26,470.26,470.26,470.26,0.0,184.27,86542.83,0
2024-07-24,2024-07-24 12:03:00,470.26,470.27,470.26,470.27,0.0,184.27,86542.83,1
2024-07-24,2024-07-24 12:04:00,470.27,470.27,470.27,470.27,0.0,184.27,86542.83,0
2024-07-24,2024-07-24 12:05:00,470.27,470.27,470.27,470.27,0.0,184.27,86542.83,0
2024-07-24,2024-07-24 12:06:00,470.27,470.28,470.27,470.28,0.0,184.27,86542.83,1
2024-07-24,2024-07-24 12:07:00,470.28,470.28,470.28,470.28,0.0,184.27,86542.83,0
2024-07-24,2024-07-24 12:08:00,470.28,470.29,470.28,470.29,0.0,184.27,86542.83,1
2024-07-24,2024-07-24 12:09:00,470.29,470.29,470.29,470.29,0.0,184.27,86542.83,0
2024-07-24,2024-07-24 12:10:00,470.29,470.3,470.29,470.3,0.0,184.27,86542.83,1
2024-07-24,2024-07-24 12:11:00,470.3,470.3,470.3,470.3,0.0,184.27,86542.83,0
2024-07-24,2024-07-24 12:12:00,470.3,470.3,470.3,470.3,0.0,184.27,86542.83,0
2024-07-24,2024-07-24 12:13:00,470.3,470.31,470.3,470.31,0.0,184.27,86542.83,1
2024-07-24,2024-07-24 12:14:00,470.31,470.31,470.31,470.31,0.0,184.27,86542.83,0
2024-07-24,2024-07-24 12:15:00,470.31,470.32,470.31,470.32,0.0,184.27,86542.83,1
2024-07-24,2024-07-24 12:16:00,470.32,470.32,470.32,470.32,0.0,184.27,86542.83,0
2024-07-24,2024-07-24 12:17:00,470.32,470.32,470.32,470.32,0.0,184.27,86542.83,0
2024-07-24,2024-07-24 12:18:00,470.32,470.33,470.32,470.33,0.0,184.27,86542.83,1
2024-07-24,2024-07-24 12:19:00,470.33,470.33,470.33,470.33,0.0,184.27,86542.83,0
2024-07-24,2024-07-24 12:20:00,470.33,470.34,470.33,470.34,0.0,184.27,86542.83,1
2024-07-24,2024-07-24 12:21:00,470.34,470.34,470.34,470.34,0.0,184.27,86542.83,0
2024-07-24,2024-07-24 12:22:00,470.34,470.35,470.34,470.35,0.0,184.27,86542.83,1
2024-07-24,2024-07-24 12:23:00,470.35,470.35,470.35,470.35,0.0,184.27,86542.83,0
2024-07-24,2024-07-24 12:24:00,470.35,470.35,470.35,470.35,0.0,184.27,86542.83,0
2024-07-24,2024-07-24 12:25:00,470.35,470.36,470.35,470.36,0.0,184.27,86542.83,1
2024-07-24,2024-07-24 12:26:00,470.36,470.36,470.36,470.36,0.0,184.27,86542.83,0
2024-07-24,2024-07-24 12:27:00,470.36,470.37,470.36,470.37,0.0,184.27,86542.83,1
2024-07-24,2024-07-24 12:28:00,470.37,470.37,470.37,470.37,0.0,184.27,86542.83,0
2024-07-24,2024-07-24 12:29:00,470.37,470.38,470.37,470.38,0.0,184.27,86542.83,1
2024-07-24,2024-07-24 12:30:00,470.38,470.38,470.38,470.38,0.0,184.27,86542.83,0
2024-07-24,2024-07-24 12:31:00,470.38,470.38,470.38,470.38,0.0,184.27,86542.83,0
2024-07-24,2024-07-24 12:32:00,470.38,470.39,470.38,470.39,0.0,184.27,86542.83,1
2024-07-24,2024-07-24 12:33:00,470.39,470.39,470.39,470.39,0.0,184.27,86542.83,0
2024-07-24,2024-07-24 12:34:00,470.39,470.4,470.39,470.4,0.0,184.27,86542.83,1
2024-07-24,2024-07-24 12:35:00,470.4,470.4,470.4,470.4,0.0,184.27,86542.83,0
2024-07-24,2024-07-24 12:36:00,470.4,470.4,470.4,470.4,0.0,184.27,86542.83,0
2024-07-24,2024-07-24 12:37:00,470.4,470.41,470.4,470.41,0.0,184.27,86542.83,1
2024-07-24,2024-07-24 12:38:00,470.41,470.41,470.41,470.41,0.0,184.27,86542.83,0
2024-07-24,2024-07-24 12:39:00,470.41,470.42,470.41,470.42,0.0,184.27,86542.83,1
2024-07-24,2024-07-24 12:40:00,470.42,470.42,470.42,470.42,0.0,184.27,86542.83,0
2024-07-24,2024-07-24 12:41:00,470.42,470.43,470.42,470.43,0.0,184.27,86542.83,1
2024-07-24,2024-07-24 12:42:00,470.43,470.43,470.43,470.43,0.0,184.27,86542.83,0
2024-07-24,2024-07-24 12:43:00,470.43,470.43,470.43,470.43,0.0,184.27,86542.83,0
2024-07-24,2024-07-24 12:44:00,470.43,470.44,470.43,470.44,0.0,184.27,86542.83,1
2024-07-24,2024-07-24 12:45:00,470.44,470.44,470.44,470.44,0.0,184.27,86542.83,0
2024-07-24,2024-07-24 12:46:00,470.44,470.45,470.44,470.45,0.0,184.27,86542.83,1
2024-07-24,2024-07-24 12:47:00,470.45,470.45,470.45,470.45,0.0,184.27,86542.83,0
2024-07-24,2024-07-24 12:48:00,470.45,470.45,470.45,470.45,0.0,184.27,86542.83,0
2024-07-24,2024-07-24 12:49:00,470.45,470.46,470.45,470.46,0.0,184.27,86542.83,1
2024-07-24,2024-07-24 12:50:00,470.46,470.46,470.46,470.46,0.0,184.27,86542.83,0
2024-07-24,2024-07-24 12:51:00,470.46,470.47,470.46,470.47,0.0,184.27,86542.83,1
2024-07-24,2024-07-24 12:52:00,470.47,470.47,470.47,470.47,0.0,184.27,86542.83,0
2024-07-24,2024-07-24 12:53:00,470.47,470.48,470.47,470.48,0.0,184.27,86542.83,1
2024-07-24,2024-07-24 12:54:00,470.48,470.48,470.48,470.48,0.0,184.27,86542.83,0
2024-07-24,2024-07-24 12:55:00,470.48,470.48,470.48,470.48,0.0,184.27,86542.83,0
2024-07-24,2024-07-24 12:56:00,470.48,470.49,470.48,470.49,0.0,184.27,86542.83,1
2024-07-24,2024-07-24 12:57:00,470.49,470.49,470.49,470.49,0.0,184.27,86542.83,0
2024-07-24,2024-07-24 12:58:00,470.49,470.5,470.49,470.5,0.0,184.27,86542.83,1
2024-07-24,2024-07-24 12:59:00,470.5,470.5,470.5,470.5,0.0,184.27,86542.83,0
2024-07-24,2024-07-24 13:00:00,470.5,485.0,452.0,470.5,0.0,184.27,86542.83,0
2024-07-24,2024-07-24 13:01:00,470.5,470.51,470.5,470.51,0.0,184.27,86542.83,1
2024-07-24,2024-07-24 13:02:00,470.51,470.51,470.51,470.51,0.0,184.27,86542.83,0
2024-07-24,2024-07-24 13:03:00,470.51,470.52,470.51,470.52,0.0,184.27,86542.83,1
2024-07-24,2024-07-24 13:04:00,470.52,470.52,470.52,470.52,0.0,184.27,86542.83,0
2024-07-24,2024-07-24 13:05:00,470.52,470.52,470.52,470.52,0.0,184.27,86542.83,0
2024-07-24,2024-07-24 13:06:00,470.52,470.53,470.52,470.53,0.0,184.27,86542.83,1
2024-07-24,2024-07-24 13:07:00,470.53,470.53,470.53,470.53,0.0,184.27,86542.83,0
2024-07-24,2024-07-24 13:08:00,470.53,470.54,470.53,470.54,0.0,184.27,86542.83,1
2024-07-24,2024-07-24 13:09:00,470.54,470.54,470.54,470.54,0.0,184.27,86542.83,0
2024-07-24,2024-07-24 13:10:00,470.54,470.55,470.54,470.55,0.0,184.27,86542.83,1
2024-07-24,2024-07-24 13:11:00,470.55,470.55,470.55,470.55,0.0,184.27,86542.83,0
2024-07-24,2024-07-24 13:12:00,470.55,470.55,470.55,470.55,0.0,184.27,86542.83,0
2024-07-24,2024-07-24 13:13:00,470.55,470.56,470.55,470.56,0.0,184.27,86542.83,1
2024-07-24,2024-07-24 13:14:00,470.56,470.56,470.56,470.56,0.0,184.27,86542.83,0
2024-07-24,2024-07-24 13:15:00,470.56,470.57,470.56,470.57,0.0,184.27,86542.83,1
2024-07-24,2024-07-24 13:16:00,470.57,470.57,470.57,470.57,0.0,184.27,86542.83,0
2024-07-24,2024-07-24 13:17:00,470.57,470.57,470.57,470.57,0.0,184.27,86542.83,0
2024-07-24,2024-07-24 13:18:00,470.57,470.58,470.57,470.58,0.0,184.27,86542.83,1
2024-07-24,2024-07-24 13:19:00,470.58,470.58,470.58,470.58,0.0,184.27,86542.83,0
2024-07-24,2024-07-24 13:20:00,470.58,470.59,470.58,470.59,0.0,184.27,86542.83,1
2024-07-24,2024-07-24 13:21:00,470.59,470.59,470.59,470.59,0.0,184.27,86542.83,0
2024-07-24,2024-07-24 13:22:00,470.59,470.6,470.59,470.6,0.0,184.27,86542.83,1
2024-07-24,2024-07-24 13:23:00,470.6,470.6,470.6,470.6,0.0,184.27,86542.83,0
2024-07-24,2024-07-24 13:24:00,470.6,470.6,470.6,470.6,0.0,184.27,86542.83,0
2024-07-24,2024-07-24 13:25:00,470.6,470.61,470.6,470.61,0.0,184.27,86542.83,1
2024-07-24,2024-07-24 13:26:00,470.61,470.61,470.61,470.61,0.0,184.27,86542.83,0
2024-07-24,2024-07-24 13:27:00,470.61,470.62,470.61,470.62,0.0,184.27,86542.83,1
2024-07-24,2024-07-24 13:28:00,470.62,470.62,470.62,470.62,0.0,184.27,86542.83,0
2024-07-24,2024-07-24 13:29:00,470.62,470.62,470.62,470.62,0.0,184.27,86542.83,0
2024-07-24,2024-07-24 13:30:00,470.62,470.63,470.62,470.63,0.0,184.27,86542.83,1
2024-07-24,2024-07-24 13:31:00,470.63,470.63,470.63,470.63,0.0,184.27,86542.83,0
2024-07-24,2024-07-24 13:32:00,470.63,470.64,470.63,470.64,0.0,184.27,86542.83,1
2024-07-24,2024-07-24 13:33:00,470.64,470.64,470.64,470.64,0.0,184.27,86542.83,0
2024-07-24,2024-07-24 13:34:00,470.64,470.65,470.64,470.65,0.0,184.27,86542.83,1
2024-07-24,2024-07-24 13:35:00,470.65,470.65,470.65,470.65,0.0,184.27,86542.83,0
2024-07-24,2024-07-24 13:36:00,470.65,470.65,470.65,470.65,0.0,184.27,86542.83,0
2024-07-24,2024-07-24 13:37:00,470.65,470.66,470.65,470.66,0.0,184.27,86542.83,1
2024-07-24,2024-07-24 13:38:00,470.66,470.66,470.66,470.66,0.0,184.27,86542.83,0
2024-07-24,2024-07-24 13:39:00,470.66,470.67,470.66,470.67,0.0,184.27,86542.83,1
2024-07-24,2024-07-24 13:40:00,470.67,470.67,470.67,470.67,0.0,184.27,86542.83,0
2024-07-24,2024-07-24 13:41:00,470.67,470.68,470.67,470.68,0.0,184.27,86542.83,1
2024-07-24,2024-07-24 13:42:00,470.68,470.68,470.68,470.68,0.0,184.27,86542.83,0
2024-07-24,2024-07-24 13:43:00,470.68,470.68,470.68,470.68,0.0,184.27,86542.83,0
2024-07-24,2024-07-24 13:44:00,470.68,470.69,470.68,470.69,0.0,184.27,86542.83,1
2024-07-24,2024-07-24 13:45:00,470.69,470.69,470.69,470.69,0.0,184.27,86542.83,0
2024-07-24,2024-07-24 13:46:00,470.69,470.7,470.69,470.7,0.0,184.27,86542.83,1
2024-07-24,2024-07-24 13:47:00,470.7,470.7,470.7,470.7,0.0,184.27,86542.83,0
2024-07-24,2024-07-24 13:48:00,470.7,470.7,470.7,470.7,0.0,184.27,86542.83,0
2024-07-24,2024-07-24 13:49:00,470.7,470.71,470.7,470.71,0.0,184.27,86542.83,1
2024-07-24,2024-07-24 13:50:00,470.71,470.71,470.71,470.71,0.0,184.27,86542.83,0
2024-07-24,2024-07-24 13:51:00,470.71,470.72,470.71,470.72,0.0,184.27,86542.83,1
2024-07-24,2024-07-24 13:52:00,470.72,470.72,470.72,470.72,0.0,184.27,86542.83,0
2024-07-24,2024-07-24 13:53:00,470.72,470.73,470.72,470.73,0.0,184.27,86542.83,1
2024-07-24,2024-07-24 13:54:00,470.73,470.73,470.73,470.73,0.0,184.27,86542.83,0
2024-07-24,2024-07-24 13:55:00,470.73,470.73,470.73,470.73,0.0,184.27,86542.83,0
2024-07-24,2024-07-24 13:56:00,470.73,470.74,470.73,470.74,0.0,184.27,86542.83,1
2024-07-24,2024-07-24 13:57:00,470.74,470.74,470.74,470.74,0.0,184.27,86542.83,0
2024-07-24,2024-07-24 13:58:00,470.74,470.75,470.74,470.75,0.0,184.27,86542.83,1
2024-07-24,2024-07-24 13:59:00,470.75,470.75,470.75,470.75,0.0,184.27,86542.83,0
2024-07-24,2024-07-24 14:00:00,470.75,470.75,470.75,470.75,0.0,184.27,86542.83,0
2024-07-24,2024-07-24 14:01:00,470.75,470.76,470.75,470.76,0.0,184.27,86542.83,1
2024-07-24,2024-07-24 14:02:00,470.76,470.76,470.76,470.76,0.0,184.27,86542.83,0
2024-07-24,2024-07-24 14:03:00,470.76,470.77,470.76,470.77,0.0,184.27,86542.83,1
2024-07-24,2024-07-24 14:04:00,470.77,470.77,470.77,470.77,0.0,184.27,86542.83,0
2024-07-24,2024-07-24 14:05:00,470.77,470.77,470.77,470.77,0.0,184.27,86542.83,0
2024-07-24,2024-07-24 14:06:00,470.77,470.78,470.77,470.78,0.0,184.27,86542.83,1
2024-07-24,2024-07-24 14:07:00,470.78,470.78,470.78,470.78,0.0,184.27,86542.83,0
2024-07-24,2024-07-24 14:08:00,470.78,470.79,470.78,470.79,0.0,184.27,86542.83,1
2024-07-24,2024-07-24 14:09:00,470.79,470.79,470.79,470.79,0.0,184.27,86542.83,0
2024-07-24,2024-07-24 14:10:00,470.79,470.8,470.79,470.8,0.0,184.27,86542.83,1
2024-07-24,2024-07-24 14:11:00,470.8,470.8,470.8,470.8,0.0,184.27,86542.83,0
2024-07-24,2024-07-24 14:12:00,470.8,470.8,470.8,470.8,0.0,184.27,86542.83,0
2024-07-24,2024-07-24 14:13:00,470.8,470.81,470.8,470.81,0.0,184.27,86542.83,1
2024-07-24,2024-07-24 14:14:00,470.81,470.81,470.81,470.81,0.0,184.27,86542.83,0
2024-07-24,2024-07-24 14:15:00,470.81,470.82,470.81,470.82,0.0,184.27,86542.83,1
2024-07-24,2024-07-24 14:16:00,470.82,470.82,470.82,470.82,0.0,184.27,86542.83,0
2024-07-24,2024-07-24 14:17:00,470.82,470.82,470.82,470.82,0.0,184.27,86542.83,0
2024-07-24,2024-07-24 14:18:00,470.82,470.83,470.82,470.83,0.0,184.27,86542.83,1
2024-07-24,2024-07-24 14:19:00,470.83,470.83,470.83,470.83,0.0,184.27,86542.83,0
2024-07-24,2024-07-24 14:20:00,470.83,470.84,470.83,470.84,0.0,184.27,86542.83,1
2024-07-24,2024-07-24 14:21:00,470.84,470.84,470.84,470.84,0.0,184.27,86542.83,0
2024-07-24,2024-07-24 14:22:00,470.84,470.85,470.84,470.85,0.0,184.27,86542.83,1
2024-07-24,2024-07-24 14:23:00,470.85,470.85,470.85,470.85,0.0,184.27,86542.83,0
2024-07-24,2024-07-24 14:24:00,470.85,470.85,470.85,470.85,0.0,184.27,86542.83,0
2024-07-24,2024-07-24 14:25:00,470.85,470.86,470.85,470.86,0.0,184.27,86542.83,1
2024-07-24,2024-07-24 14:26:00,470.86,470.86,470.86,470.86,0.0,184.27,86542.83,0
2024-07-24,2024-07-24 14:27:00,470.86,470.87,470.86,470.87,0.0,184.27,86542.83,1
2024-07-24,2024-07-24 14:28:00,470.87,470.87,470.87,470.87,0.0,184.27,86542.83,0
2024-07-24,2024-07-24 14:29:00,470.87,470.88,470.87,470.88,0.0,184.27,86542.83,1
2024-07-24,2024-07-24 14:30:00,470.88,470.88,470.88,470.88,0.0,184.27,86542.83,0
2024-07-24,2024-07-24 14:31:00,470.88,470.88,470.88,470.88,0.0,184.27,86542.83,0
2024-07-24,2024-07-24 14:32:00,470.88,470.89,470.88,470.89,0.0,184.27,86542.83,1
2024-07-24,2024-07-24 14:33:00,470.89,470.89,470.89,470.89,0.0,184.27,86542.83,0
2024-07-24,2024-07-24 14:34:00,470.89,470.9,470.89,470.9,0.0,184.27,86542.83,1
2024-07-24,2024-07-24 14:35:00,470.9,470.9,470.9,470.9,0.0,184.27,86542.83,0
2024-07-24,2024-07-24 14:36:00,470.9,470.9,470.9,470.9,0.0,184.27,86542.83,0
2024-07-24,2024-07-24 14:37:00,470.9,470.91,470.9,470.91,0.0,184.27,86542.83,1
2024-07-24,2024-07-24 14:38:00,470.91,470.91,470.91,470.91,0.0,184.27,86542.83,0
2024-07-24,2024-07-24 14:39:00,470.91,470.92,470.91,470.92,0.0,184.27,86542.83,1
2024-07-24,2024-07-24 14:40:00,470.92,470.92,470.92,470.92,0.0,184.27,86542.83,0
2024-07-24,2024-07-24 14:41:00,470.92,470.93,470.92,470.93,0.0,184.27,86542.83,1
2024-07-24,2024-07-24 14:42:00,470.93,470.93,470.93,470.93,0.0,184.27,86542.83,0
2024-07-24,2024-07-24 14:43:00,470.93,470.93,470.93,470.93,0.0,184.27,86542.83,0
2024-07-24,2024-07-24 14:44:00,470.93,470.94,470.93,470.94,0.0,184.27,86542.83,1
2024-07-24,2024-07-24 14:45:00,470.94,470.94,470.94,470.94,0.0,184.27,86542.83,0
2024-07-24,2024-07-24 14:46:00,470.94,470.95,470.94,470.95,0.0,184.27,86542.83,1
2024-07-24,2024-07-24 14:47:00,470.95,470.95,470.95,470.95,0.0,184.27,86542.83,0
2024-07-24,2024-07-24 14:48:00,470.95,470.95,470.95,470.95,0.0,184.27,86542.83,0
2024-07-24,2024-07-24 14:49:00,470.95,470.96,470.95,470.96,0.0,184.27,86542.83,1
2024-07-24,2024-07-24 14:50:00,470.96,470.96,470.96,470.96,0.0,184.27,86542.83,0
2024-07-24,2024-07-24 14:51:00,470.96,470.97,470.96,470.97,0.0,184.27,86542.83,1
2024-07-24,2024-07-24 14:52:00,470.97,470.97,470.97,470.97,0.0,184.27,86542.83,0
2024-07-24,2024-07-24 14:53:00,470.97,470.98,470.97,470.98,0.0,184.27,86542.83,1
2024-07-24,2024-07-24 14:54:00,470.98,470.98,470.98,470.98,0.0,184.27,86542.83,0
2024-07-24,2024-07-24 14:55:00,470.98,470.98,470.98,470.98,0.0,184.27,86542.83,0
2024-07-24,2024-07-24 14:56:00,470.98,470.99,470.98,470.99,0.0,184.27,86542.83,1
2024-07-24,2024-07-24 14:57:00,470.99,470.99,470.99,470.99,0.0,184.27,86542.83,0
2024-07-24,2024-07-24 14:58:00,470.99,471.0,470.99,471.0,0.0,184.27,86542.83,1
2024-07-24,2024-07-24 14:59:00,471.0,471.0,471.0,471.0,0.0,184.27,86542.83,0
2024-07-24,2024-07-24 15:00:00,471.0,485.0,452.0,471.0,0.0,184.27,86542.83,0
2024-07-25,2024-07-25 11:00:00,474.0,479.4,471.0,474.07,0.01,273.52,130960.15,1
2024-07-25,2024-07-25 11:01:00,474.07,474.15,474.07,474.15,0.02,273.52,130960.15,1
2024-07-25,2024-07-25 11:02:00,474.15,474.22,474.15,474.22,0.01,273.52,130960.15,1
2024-07-25,2024-07-25 11:03:00,474.22,474.3,474.22,474.3,0.02,273.52,130960.15,1
2024-07-25,2024-07-25 11:04:00,474.3,474.37,474.3,474.37,0.01,273.52,130960.15,1
2024-07-25,2024-07-25 11:05:00,474.37,474.45,474.37,474.45,0.02,273.52,130960.15,1
2024-07-25,2024-07-25 11:06:00,474.45,474.52,474.45,474.52,0.01,273.52,130960.15,1
2024-07-25,2024-07-25 11:07:00,474.52,474.6,474.52,474.6,0.02,273.52,130960.15,1
2024-07-25,2024-07-25 11:08:00,474.6,474.67,474.6,474.67,0.01,273.52,130960.15,1
2024-07-25,2024-07-25 11:09:00,474.67,474.75,474.67,474.75,0.02,273.52,130960.15,1
2024-07-25,2024-07-25 11:10:00,474.75,474.82,474.75,474.82,0.01,273.52,130960.15,1
2024-07-25,2024-07-25 11:11:00,474.82,474.89,474.82,474.89,0.01,273.52,130960.15,1
2024-07-25,2024-07-25 11:12:00,474.89,474.97,474.89,474.97,0.02,273.52,130960.15,1
2024-07-25,2024-07-25 11:13:00,474.97,475.04,474.97,475.04,0.01,273.52,130960.15,1
2024-07-25,2024-07-25 11:14:00,475.04,475.12,475.04,475.12,0.02,273.52,130960.15,1
2024-07-25,2024-07-25 11:15:00,475.12,475.19,475.12,475.19,0.01,273.52,130960.15,1
2024-07-25,2024-07-25 11:16:00,475.19,475.27,475.19,475.27,0.02,273.52,130960.15,1
2024-07-25,2024-07-25 11:17:00,475.27,475.34,475.27,475.34,0.01,273.52,130960.15,1
2024-07-25,2024-07-25 11:18:00,475.34,475.42,475.34,475.42,0.02,273.52,130960.15,1
2024-07-25,2024-07-25 11:19:00,475.42,475.49,475.42,475.49,0.01,273.52,130960.15,1
2024-07-25,2024-07-25 11:20:00,475.49,475.57,475.49,475.57,0.02,273.52,130960.15,1
2024-07-25,2024-07-25 11:21:00,475.57,475.64,475.57,475.64,0.01,273.52,130960.15,1
2024-07-25,2024-07-25 11:22:00,475.64,475.72,475.64,475.72,0.02,273.52,130960.15,1
2024-07-25,2024-07-25 11:23:00,475.72,475.79,475.72,475.79,0.01,273.52,130960.15,1
2024-07-25,2024-07-25 11:24:00,475.79,475.86,475.79,475.86,0.01,273.52,130960.15,1
2024-07-25,2024-07-25 11:25:00,475.86,475.94,475.86,475.94,0.02,273.52,130960.15,1
2024-07-25,2024-07-25 11:26:00,475.94,476.01,475.94,476.01,0.01,273.52,130960.15,1
2024-07-25,2024-07-25 11:27:00,476.01,476.09,476.01,476.09,0.02,273.52,130960.15,1
2024-07-25,2024-07-25 11:28:00,476.09,476.16,476.09,476.16,0.01,273.52,130960.15,1
2024-07-25,2024-07-25 11:29:00,476.16,476.24,476.16,476.24,0.02,273.52,130960.15,1
2024-07-25,2024-07-25 11:30:00,476.24,476.31,476.24,476.31,0.01,273.52,130960.15,1
2024-07-25,2024-07-25 11:31:00,476.31,476.39,476.31,476.39,0.02,273.52,130960.15,1
2024-07-25,2024-07-25 11:32:00,476.39,476.46,476.39,476.46,0.01,273.52,130960.15,1
2024-07-25,2024-07-25 11:33:00,476.46,476.54,476.46,476.54,0.02,273.52,130960.15,1
2024-07-25,2024-07-25 11:34:00,476.54,476.61,476.54,476.61,0.01,273.52,130960.15,1
2024-07-25,2024-07-25 11:35:00,476.61,476.69,476.61,476.69,0.02,273.52,130960.15,1
2024-07-25,2024-07-25 11:36:00,476.69,476.76,476.69,476.76,0.01,273.52,130960.15,1
2024-07-25,2024-07-25 11:37:00,476.76,476.83,476.76,476.83,0.01,273.52,130960.15,1
2024-07-25,2024-07-25 11:38:00,476.83,476.91,476.83,476.91,0.02,273.52,130960.15,1
2024-07-25,2024-07-25 11:39:00,476.91,476.98,476.91,476.98,0.01,273.52,130960.15,1
2024-07-25,2024-07-25 11:40:00,476.98,477.06,476.98,477.06,0.02,273.52,130960.15,1
2024-07-25,2024-07-25 11:41:00,477.06,477.13,477.06,477.13,0.01,273.52,130960.15,1
2024-07-25,2024-07-25 11:42:00,477.13,477.21,477.13,477.21,0.02,273.52,130960.15,1
2024-07-25,2024-07-25 11:43:00,477.21,477.28,477.21,477.28,0.01,273.52,130960.15,1
2024-07-25,2024-07-25 11:44:00,477.28,477.36,477.28,477.36,0.02,273.52,130960.15,1
2024-07-25,2024-07-25 11:45:00,477.36,477.43,477.36,477.43,0.01,273.52,130960.15,1
2024-07-25,2024-07-25 11:46:00,477.43,477.51,477.43,477.51,0.02,273.52,130960.15,1
2024-07-25,2024-07-25 11:47:00,477.51,477.58,477.51,477.58,0.01,273.52,130960.15,1
2024-07-25,2024-07-25 11:48:00,477.58,477.65,477.58,477.65,0.01,273.52,130960.15,1
2024-07-25,2024-07-25 11:49:00,477.65,477.73,477.65,477.73,0.02,273.52,130960.15,1
2024-07-25,2024-07-25 11:50:00,477.73,477.8,477.73,477.8,0.01,273.52,130960.15,1
2024-07-25,2024-07-25 11:51:00,477.8,477.88,477.8,477.88,0.02,273.52,130960.15,1
2024-07-25,2024-07-25 11:52:00,477.88,477.95,477.88,477.95,0.01,273.52,130960.15,1
2024-07-25,2024-07-25 11:53:00,477.95,478.03,477.95,478.03,0.02,273.52,130960.15,1
2024-07-25,2024-07-25 11:54:00,478.03,478.1,478.03,478.1,0.01,273.52,130960.15,1
2024-07-25,2024-07-25 11:55:00,478.1,478.18,478.1,478.18,0.02,273.52,130960.15,1
2024-07-25,2024-07-25 11:56:00,478.18,478.25,478.18,478.25,0.01,273.52,130960.15,1
2024-07-25,2024-07-25 11:57:00,478.25,478.33,478.25,478.33,0.02,273.52,130960.15,1
2024-07-25,2024-07-25 11:58:00,478.33,478.4,478.33,478.4,0.01,273.52,130960.15,1
2024-07-25,2024-07-25 11:59:00,478.4,478.48,478.4,478.48,0.02,273.52,130960.15,1
2024-07-25,2024-07-25 12:00:00,478.48,478.55,478.48,478.55,0.01,273.52,130960.15,1
2024-07-25,2024-07-25 12:01:00,478.55,478.62,478.55,478.62,0.01,273.52,130960.15,1
2024-07-25,2024-07-25 12:02:00,478.62,478.7,478.62,478.7,0.02,273.52,130960.15,1
2024-07-25,2024-07-25 12:03:00,478.7,478.77,478.7,478.77,0.01,273.52,130960.15,1
2024-07-25,2024-07-25 12:04:00,478.77,478.85,478.77,478.85,0.02,273.52,130960.15,1
2024-07-25,2024-07-25 12:05:00,478.85,478.92,478.85,478.92,0.01,273.52,130960.15,1
2024-07-25,2024-07-25 12:06:00,478.92,479.0,478.92,479.0,0.02,273.52,130960.15,1
2024-07-25,2024-07-25 12:07:00,479.0,479.07,479.0,479.07,0.01,273.52,130960.15,1
2024-07-25,2024-07-25 12:08:00,479.07,479.15,479.07,479.15,0.02,273.52,130960.15,1
2024-07-25,2024-07-25 12:09:00,479.15,479.22,479.15,479.22,0.01,273.52,130960.15,1
2024-07-25,2024-07-25 12:10:00,479.22,479.3,479.22,479.3,0.02,273.52,130960.15,1
2024-07-25,2024-07-25 12:11:00,479.3,479.37,479.3,479.37,0.01,273.52,130960.15,1
2024-07-25,2024-07-25 12:12:00,479.37,479.44,479.37,479.44,0.01,273.52,130960.15,1
2024-07-25,2024-07-25 12:13:00,479.44,479.52,479.44,479.52,0.02,273.52,130960.15,1
2024-07-25,2024-07-25 12:14:00,479.52,479.59,479.52,479.59,0.01,273.52,130960.15,1
2024-07-25,2024-07-25 12:15:00,479.59,479.67,479.59,479.67,0.02,273.52,130960.15,1
2024-07-25,2024-07-25 12:16:00,479.67,479.74,479.67,479.74,0.01,273.52,130960.15,1
2024-07-25,2024-07-25 12:17:00,479.74,479.82,479.74,479.82,0.02,273.52,130960.15,1
2024-07-25,2024-07-25 12:18:00,479.82,479.89,479.82,479.89,0.01,273.52,130960.15,1
2024-07-25,2024-07-25 12:19:00,479.89,479.97,479.89,479.97,0.02,273.52,130960.15,1
2024-07-25,2024-07-25 12:20:00,479.97,480.04,479.97,480.04,0.01,273.52,130960.15,1
2024-07-25,2024-07-25 12:21:00,480.04,480.12,480.04,480.12,0.02,273.52,130960.15,1
2024-07-25,2024-07-25 12:22:00,480.12,480.19,480.12,480.19,0.01,273.52,130960.15,1
2024-07-25,2024-07-25 12:23:00,480.19,480.26,480.19,480.26,0.01,273.52,130960.15,1
2024-07-25,2024-07-25 12:24:00,480.26,480.34,480.26,480.34,0.02,273.52,130960.15,1
2024-07-25,2024-07-25 12:25:00,480.34,480.41,480.34,480.41,0.01,273.52,130960.15,1
2024-07-25,2024-07-25 12:26:00,480.41,480.49,480.41,480.49,0.02,273.52,130960.15,1
2024-07-25,2024-07-25 12:27:00,480.49,480.56,480.49,480.56,0.01,273.52,130960.15,1
2024-07-25,2024-07-25 12:28:00,480.56,480.64,480.56,480.64,0.02,273.52,130960.15,1
2024-07-25,2024-07-25 12:29:00,480.64,480.71,480.64,480.71,0.01,273.52,130960.15,1
2024-07-25,2024-07-25 12:30:00,480.71,480.79,480.71,480.79,0.02,273.52,130960.15,1
2024-07-25,2024-07-25 12:31:00,480.79,480.86,480.79,480.86,0.01,273.52,130960.15,1
2024-07-25,2024-07-25 12:32:00,480.86,480.94,480.86,480.94,0.02,273.52,130960.15,1
2024-07-25,2024-07-25 12:33:00,480.94,481.01,480.94,481.01,0.01,273.52,130960.15,1
2024-07-25,2024-07-25 12:34:00,481.01,481.09,481.01,481.09,0.02,273.52,130960.15,1
2024-07-25,2024-07-25 12:35:00,481.09,481.16,481.09,481.16,0.01,273.52,130960.15,1
2024-07-25,2024-07-25 12:36:00,481.16,481.23,481.16,481.23,0.01,273.52,130960.15,1
2024-07-25,2024-07-25 12:37:00,481.23,481.31,481.23,481.31,0.02,273.52,130960.15,1
2024-07-25,2024-07-25 12:38:00,481.31,481.38,481.31,481.38,0.01,273.52,130960.15,1
2024-07-25,2024-07-25 12:39:00,481.38,481.46,481.38,481.46,0.02,273.52,130960.15,1
2024-07-25,2024-07-25 12:40:00,481.46,481.53,481.46,481.53,0.01,273.52,130960.15,1
2024-07-25,2024-07-25 12:41:00,481.53,481.61,481.53,481.61,0.02,273.52,130960.15,1
2024-07-25,2024-07-25 12:42:00,481.61,481.68,481.61,481.68,0.01,273.52,130960.15,1
2024-07-25,2024-07-25 12:43:00,481.68,481.76,481.68,481.76,0.02,273.52,130960.15,1
2024-07-25,2024-07-25 12:44:00,481.76,481.83,481.76,481.83,0.01,273.52,130960.15,1
2024-07-25,2024-07-25 12:45:00,481.83,481.91,481.83,481.91,0.02,273.52,130960.15,1
2024-07-25,2024-07-25 12:46:00,481.91,481.98,481.91,481.98,0.01,273.52,130960.15,1
2024-07-25,2024-07-25 12:47:00,481.98,482.06,481.98,482.06,0.02,273.52,130960.15,1
2024-07-25,2024-07-25 12:48:00,482.06,482.13,482.06,482.13,0.01,273.52,130960.15,1
2024-07-25,2024-07-25 12:49:00,482.13,482.2,482.13,482.2,0.01,273.52,130960.15,1
2024-07-25,2024-07-25 12:50:00,482.2,482.28,482.2,482.28,0.02,273.52,130960.15,1
2024-07-25,2024-07-25 12:51:00,482.28,482.35,482.28,482.35,0.01,273.52,130960.15,1
2024-07-25,2024-07-25 12:52:00,482.35,482.43,482.35,482.43,0.02,273.52,130960.15,1
2024-07-25,2024-07-25 12:53:00,482.43,482.5,482.43,482.5,0.01,273.52,130960.15,1
2024-07-25,2024-07-25 12:54:00,482.5,482.58,482.5,482.58,0.02,273.52,130960.15,1
2024-07-25,2024-07-25 12:55:00,482.58,482.65,482.58,482.65,0.01,273.52,130960.15,1
2024-07-25,2024-07-25 12:56:00,482.65,482.73,482.65,482.73,0.02,273.52,130960.15,1
2024-07-25,2024-07-25 12:57:00,482.73,482.8,482.73,482.8,0.01,273.52,130960.15,1
2024-07-25,2024-07-25 12:58:00,482.8,482.88,482.8,482.88,0.02,273.52,130960.15,1
2024-07-25,2024-07-25 12:59:00,482.88,482.95,482.88,482.95,0.01,273.52,130960.15,1
2024-07-25,2024-07-25 13:00:00,482.95,492.0,464.0,483.02,0.01,273.52,130960.15,1
2024-07-25,2024-07-25 13:01:00,483.02,483.1,483.02,483.1,0.02,273.52,130960.15,1
2024-07-25,2024-07-25 13:02:00,483.1,483.17,483.1,483.17,0.01,273.52,130960.15,1
2024-07-25,2024-07-25 13:03:00,483.17,483.25,483.17,483.25,0.02,273.52,130960.15,1
2024-07-25,2024-07-25 13:04:00,483.25,483.32,483.25,483.32,0.01,273.52,130960.15,1
2024-07-25,2024-07-25 13:05:00,483.32,483.4,483.32,483.4,0.02,273.52,130960.15,1
2024-07-25,2024-07-25 13:06:00,483.4,483.47,483.4,483.47,0.01,273.52,130960.15,1
2024-07-25,2024-07-25 13:07:00,483.47,483.55,483.47,483.55,0.02,273.52,130960.15,1
2024-07-25,2024-07-25 13:08:00,483.55,483.62,483.55,483.62,0.01,273.52,130960.15,1
2024-07-25,2024-07-25 13:09:00,483.62,483.7,483.62,483.7,0.02,273.52,130960.15,1
2024-07-25,2024-07-25 13:10:00,483.7,483.77,483.7,483.77,0.01,273.52,130960.15,1
2024-07-25,2024-07-25 13:11:00,483.77,483.84,483.77,483.84,0.01,273.52,130960.15,1
2024-07-25,2024-07-25 13:12:00,483.84,483.92,483.84,483.92,0.02,273.52,130960.15,1
2024-07-25,2024-07-25 13:13:00,483.92,483.99,483.92,483.99,0.01,273.52,130960.15,1
2024-07-25,2024-07-25 13:14:00,483.99,484.07,483.99,484.07,0.02,273.52,130960.15,1
2024-07-25,2024-07-25 13:15:00,484.07,484.14,484.07,484.14,0.01,273.52,130960.15,1
2024-07-25,2024-07-25 13:16:00,484.14,484.22,484.14,484.22,0.02,273.52,130960.15,1
2024-07-25,2024-07-25 13:17:00,484.22,484.29,484.22,484.29,0.01,273.52,130960.15,1
2024-07-25,2024-07-25 13:18:00,484.29,484.37,484.29,484.37,0.02,273.52,130960.15,1
2024-07-25,2024-07-25 13:19:00,484.37,484.44,484.37,484.44,0.01,273.52,130960.15,1
2024-07-25,2024-07-25 13:20:00,484.44,484.52,484.44,484.52,0.02,273.52,130960.15,1
2024-07-25,2024-07-25 13:21:00,484.52,484.59,484.52,484.59,0.01,273.52,130960.15,1
2024-07-25,2024-07-25 13:22:00,484.59,484.67,484.59,484.67,0.02,273.52,130960.15,1
2024-07-25,2024-07-25 13:23:00,484.67,484.74,484.67,484.74,0.01,273.52,130960.15,1
2024-07-25,2024-07-25 13:24:00,484.74,484.81,484.74,484.81,0.01,273.52,130960.15,1
2024-07-25,2024-07-25 13:25:00,484.81,484.89,484.81,484.89,0.02,273.52,130960.15,1
2024-07-25,2024-07-25 13:26:00,484.89,484.96,484.89,484.96,0.01,273.52,130960.15,1
2024-07-25,2024-07-25 13:27:00,484.96,485.04,484.96,485.04,0.02,273.52,130960.15,1
2024-07-25,2024-07-25 13:28:00,485.04,485.11,485.04,485.11,0.01,273.52,130960.15,1
2024-07-25,2024-07-25 13:29:00,485.11,485.19,485.11,485.19,0.02,273.52,130960.15,1
2024-07-25,2024-07-25 13:30:00,485.19,485.26,485.19,485.26,0.01,273.52,130960.15,1
2024-07-25,2024-07-25 13:31:00,485.26,485.34,485.26,485.34,0.02,273.52,130960.15,1
2024-07-25,2024-07-25 13:32:00,485.34,485.41,485.34,485.41,0.01,273.52,130960.15,1
2024-07-25,2024-07-25 13:33:00,485.41,485.49,485.41,485.49,0.02,273.52,130960.15,1
2024-07-25,2024-07-25 13:34:00,485.49,485.56,485.49,485.56,0.01,273.52,130960.15,1
2024-07-25,2024-07-25 13:35:00,485.56,485.63,485.56,485.63,0.01,273.52,130960.15,1
2024-07-25,2024-07-25 13:36:00,485.63,485.71,485.63,485.71,0.02,273.52,130960.15,1
2024-07-25,2024-07-25 13:37:00,485.71,485.78,485.71,485.78,0.01,273.52,130960.15,1
2024-07-25,2024-07-25 13:38:00,485.78,485.86,485.78,485.86,0.02,273.52,130960.15,1
2024-07-25,2024-07-25 13:39:00,485.86,485.93,485.86,485.93,0.01,273.52,130960.15,1
2024-07-25,2024-07-25 13:40:00,485.93,486.01,485.93,486.01,0.02,273.52,130960.15,1
2024-07-25,2024-07-25 13:41:00,486.01,486.08,486.01,486.08,0.01,273.52,130960.15,1
2024-07-25,2024-07-25 13:42:00,486.08,486.16,486.08,486.16,0.02,273.52,130960.15,1
2024-07-25,2024-07-25 13:43:00,486.16,486.23,486.16,486.23,0.01,273.52,130960.15,1
2024-07-25,2024-07-25 13:44:00,486.23,486.31,486.23,486.31,0.02,273.52,130960.15,1
2024-07-25,2024-07-25 13:45:00,486.31,486.38,486.31,486.38,0.01,273.52,130960.15,1
2024-07-25,2024-07-25 13:46:00,486.38,486.46,486.38,486.46,0.02,273.52,130960.15,1
2024-07-25,2024-07-25 13:47:00,486.46,486.53,486.46,486.53,0.01,273.52,130960.15,1
2024-07-25,2024-07-25 13:48:00,486.53,486.6,486.53,486.6,0.01,273.52,130960.15,1
2024-07-25,2024-07-25 13:49:00,486.6,486.68,486.6,486.68,0.02,273.52,130960.15,1
2024-07-25,2024-07-25 13:50:00,486.68,486.75,486.68,486.75,0.01,273.52,130960.15,1
2024-07-25,2024-07-25 13:51:00,486.75,486.83,486.75,486.83,0.02,273.52,130960.15,1
2024-07-25,2024-07-25 13:52:00,486.83,486.9,486.83,486.9,0.01,273.52,130960.15,1
2024-07-25,2024-07-25 13:53:00,486.9,486.98,486.9,486.98,0.02,273.52,130960.15,1
2024-07-25,2024-07-25 13:54:00,486.98,487.05,486.98,487.05,0.01,273.52,130960.15,1
2024-07-25,2024-07-25 13:55:00,487.05,487.13,487.05,487.13,0.02,273.52,130960.15,1
2024-07-25,2024-07-25 13:56:00,487.13,487.2,487.13,487.2,0.01,273.52,130960.15,1
2024-07-25,2024-07-25 13:57:00,487.2,487.28,487.2,487.28,0.02,273.52,130960.15,1
2024-07-25,2024-07-25 13:58:00,487.28,487.35,487.28,487.35,0.01,273.52,130960.15,1
2024-07-25,2024-07-25 13:59:00,487.35,487.42,487.35,487.42,0.01,273.52,130960.15,1
2024-07-25,2024-07-25 14:00:00,487.42,487.5,487.42,487.5,0.02,273.52,130960.15,1
2024-07-25,2024-07-25 14:01:00,487.5,487.57,487.5,487.57,0.01,273.52,130960.15,1
2024-07-25,2024-07-25 14:02:00,487.57,487.65,487.57,487.65,0.02,273.52,130960.15,1
2024-07-25,2024-07-25 14:03:00,487.65,487.72,487.65,487.72,0.01,273.52,130960.15,1
2024-07-25,2024-07-25 14:04:00,487.72,487.8,487.72,487.8,0.02,273.52,130960.15,1
2024-07-25,2024-07-25 14:05:00,487.8,487.87,487.8,487.87,0.01,273.52,130960.15,1
2024-07-25,2024-07-25 14:06:00,487.87,487.95,487.87,487.95,0.02,273.52,130960.15,1
2024-07-25,2024-07-25 14:07:00,487.95,488.02,487.95,488.02,0.01,273.52,130960.15,1
2024-07-25,2024-07-25 14:08:00,488.02,488.1,488.02,488.1,0.02,273.52,130960.15,1
2024-07-25,2024-07-25 14:09:00,488.1,488.17,488.1,488.17,0.01,273.52,130960.15,1
2024-07-25,2024-07-25 14:10:00,488.17,488.25,488.17,488.25,0.02,273.52,130960.15,1
2024-07-25,2024-07-25 14:11:00,488.25,488.32,488.25,488.32,0.01,273.52,130960.15,1
2024-07-25,2024-07-25 14:12:00,488.32,488.39,488.32,488.39,0.01,273.52,130960.15,1
2024-07-25,2024-07-25 14:13:00,488.39,488.47,488.39,488.47,0.02,273.52,130960.15,1
2024-07-25,2024-07-25 14:14:00,488.47,488.54,488.47,488.54,0.01,273.52,130960.15,1
2024-07-25,2024-07-25 14:15:00,488.54,488.62,488.54,488.62,0.02,273.52,130960.15,1
2024-07-25,2024-07-25 14:16:00,488.62,488.69,488.62,488.69,0.01,273.52,130960.15,1
2024-07-25,2024-07-25 14:17:00,488.69,488.77,488.69,488.77,0.02,273.52,130960.15,1
2024-07-25,2024-07-25 14:18:00,488.77,488.84,488.77,488.84,0.01,273.52,130960.15,1
2024-07-25,2024-07-25 14:19:00,488.84,488.92,488.84,488.92,0.02,273.52,130960.15,1
2024-07-25,2024-07-25 14:20:00,488.92,488.99,488.92,488.99,0.01,273.52,130960.15,1
2024-07-25,2024-07-25 14:21:00,488.99,489.07,488.99,489.07,0.02,273.52,130960.15,1
2024-07-25,2024-07-25 14:22:00,489.07,489.14,489.07,489.14,0.01,273.52,130960.15,1
2024-07-25,2024-07-25 14:23:00,489.14,489.21,489.14,489.21,0.01,273.52,130960.15,1
2024-07-25,2024-07-25 14:24:00,489.21,489.29,489.21,489.29,0.02,273.52,130960.15,1
2024-07-25,2024-07-25 14:25:00,489.29,489.36,489.29,489.36,0.01,273.52,130960.15,1
2024-07-25,2024-07-25 14:26:00,489.36,489.44,489.36,489.44,0.02,273.52,130960.15,1
2024-07-25,2024-07-25 14:27:00,489.44,489.51,489.44,489.51,0.01,273.52,130960.15,1
2024-07-25,2024-07-25 14:28:00,489.51,489.59,489.51,489.59,0.02,273.52,130960.15,1
2024-07-25,2024-07-25 14:29:00,489.59,489.66,489.59,489.66,0.01,273.52,130960.15,1
2024-07-25,2024-07-25 14:30:00,489.66,489.74,489.66,489.74,0.02,273.52,130960.15,1
2024-07-25,2024-07-25 14:31:00,489.74,489.81,489.74,489.81,0.01,273.52,130960.15,1
2024-07-25,2024-07-25 14:32:00,489.81,489.89,489.81,489.89,0.02,273.52,130960.15,1
2024-07-25,2024-07-25 14:33:00,489.89,489.96,489.89,489.96,0.01,273.52,130960.15,1
2024-07-25,2024-07-25 14:34:00,489.96,490.04,489.96,490.04,0.02,273.52,130960.15,1
2024-07-25,2024-07-25 14:35:00,490.04,490.11,490.04,490.11,0.01,273.52,130960.15,1
2024-07-25,2024-07-25 14:36:00,490.11,490.18,490.11,490.18,0.01,273.52,130960.15,1
2024-07-25,2024-07-25 14:37:00,490.18,490.26,490.18,490.26,0.02,273.52,130960.15,1
2024-07-25,2024-07-25 14:38:00,490.26,490.33,490.26,490.33,0.01,273.52,130960.15,1
2024-07-25,2024-07-25 14:39:00,490.33,490.41,490.33,490.41,0.02,273.52,130960.15,1
2024-07-25,2024-07-25 14:40:00,490.41,490.48,490.41,490.48,0.01,273.52,130960.15,1
2024-07-25,2024-07-25 14:41:00,490.48,490.56,490.48,490.56,0.02,273.52,130960.15,1
2024-07-25,2024-07-25 14:42:00,490.56,490.63,490.56,490.63,0.01,273.52,130960.15,1
2024-07-25,2024-07-25 14:43:00,490.63,490.71,490.63,490.71,0.02,273.52,130960.15,1
2024-07-25,2024-07-25 14:44:00,490.71,490.78,490.71,490.78,0.01,273.52,130960.15,1
2024-07-25,2024-07-25 14:45:00,490.78,490.86,490.78,490.86,0.02,273.52,130960.15,1
2024-07-25,2024-07-25 14:46:00,490.86,490.93,490.86,490.93,0.01,273.52,130960.15,1
2024-07-25,2024-07-25 14:47:00,490.93,491.0,490.93,491.0,0.01,273.52,130960.15,1
2024-07-25,2024-07-25 14:48:00,491.0,491.08,491.0,491.08,0.02,273.52,130960.15,1
2024-07-25,2024-07-25 14:49:00,491.08,491.15,491.08,491.15,0.01,273.52,130960.15,1
2024-07-25,2024-07-25 14:50:00,491.15,491.23,491.15,491.23,0.02,273.52,130960.15,1
2024-07-25,2024-07-25 14:51:00,491.23,491.3,491.23,491.3,0.01,273.52,130960.15,1
2024-07-25,2024-07-25 14:52:00,491.3,491.38,491.3,491.38,0.02,273.52,130960.15,1
2024-07-25,2024-07-25 14:53:00,491.38,491.45,491.38,491.45,0.01,273.52,130960.15,1
2024-07-25,2024-07-25 14:54:00,491.45,491.53,491.45,491.53,0.02,273.52,130960.15,1
2024-07-25,2024-07-25 14:55:00,491.53,491.6,491.53,491.6,0.01,273.52,130960.15,1
2024-07-25,2024-07-25 14:56:00,491.6,491.68,491.6,491.68,0.02,273.52,130960.15,1
2024-07-25,2024-07-25 14:57:00,491.68,491.75,491.68,491.75,0.01,273.52,130960.15,1
2024-07-25,2024-07-25 14:58:00,491.75,491.83,491.75,491.83,0.02,273.52,130960.15,1
2024-07-25,2024-07-25 14:59:00,491.83,491.9,491.83,491.9,0.01,273.52,130960.15,1
2024-07-25,2024-07-25 15:00:00,491.9,492.0,464.0,491.9,0.0,273.52,130960.15,0
2024-07-28,2024-07-28 11:00:00,491.0,494.9,485.9,490.96,-0.01,174.27,84811.98,-1
2024-07-28,2024-07-28 11:01:00,490.96,490.96,490.93,490.93,-0.01,174.27,84811.98,-1
2024-07-28,2024-07-28 11:02:00,490.93,490.93,490.89,490.89,-0.01,174.27,84811.98,-1
2024-07-28,2024-07-28 11:03:00,490.89,490.89,490.85,490.85,-0.01,174.27,84811.98,-1
2024-07-28,2024-07-28 11:04:00,490.85,490.85,490.81,490.81,-0.01,174.27,84811.98,-1
2024-07-28,2024-07-28 11:05:00,490.81,490.81,490.77,490.77,-0.01,174.27,84811.98,-1
2024-07-28,2024-07-28 11:06:00,490.77,490.77,490.74,490.74,-0.01,174.27,84811.98,-1
2024-07-28,2024-07-28 11:07:00,490.74,490.74,490.7,490.7,-0.01,174.27,84811.98,-1
2024-07-28,2024-07-28 11:08:00,490.7,490.7,490.66,490.66,-0.01,174.27,84811.98,-1
2024-07-28,2024-07-28 11:09:00,490.66,490.66,490.62,490.62,-0.01,174.27,84811.98,-1
2024-07-28,2024-07-28 11:10:00,490.62,490.62,490.59,490.59,-0.01,174.27,84811.98,-1
2024-07-28,2024-07-28 11:11:00,490.59,490.59,490.55,490.55,-0.01,174.27,84811.98,-1
2024-07-28,2024-07-28 11:12:00,490.55,490.55,490.51,490.51,-0.01,174.27,84811.98,-1
2024-07-28,2024-07-28 11:13:00,490.51,490.51,490.48,490.48,-0.01,174.27,84811.98,-1
2024-07-28,2024-07-28 11:14:00,490.48,490.48,490.44,490.44,-0.01,174.27,84811.98,-1
2024-07-28,2024-07-28 11:15:00,490.44,490.44,490.4,490.4,-0.01,174.27,84811.98,-1
2024-07-28,2024-07-28 11:16:00,490.4,490.4,490.36,490.36,-0.01,174.27,84811.98,-1
2024-07-28,2024-07-28 11:17:00,490.36,490.36,490.32,490.32,-0.01,174.27,84811.98,-1
2024-07-28,2024-07-28 11:18:00,490.32,490.32,490.29,490.29,-0.01,174.27,84811.98,-1
2024-07-28,2024-07-28 11:19:00,490.29,490.29,490.25,490.25,-0.01,174.27,84811.98,-1
2024-07-28,2024-07-28 11:20:00,490.25,490.25,490.21,490.21,-0.01,174.27,84811.98,-1
2024-07-28,2024-07-28 11:21:00,490.21,490.21,490.18,490.18,-0.01,174.27,84811.98,-1
2024-07-28,2024-07-28 11:22:00,490.18,490.18,490.14,490.14,-0.01,174.27,84811.98,-1
2024-07-28,2024-07-28 11:23:00,490.14,490.14,490.1,490.1,-0.01,174.27,84811.98,-1
2024-07-28,2024-07-28 11:24:00,490.1,490.1,490.06,490.06,-0.01,174.27,84811.98,-1
2024-07-28,2024-07-28 11:25:00,490.06,490.06,490.02,490.02,-0.01,174.27,84811.98,-1
2024-07-28,2024-07-28 11:26:00,490.02,490.02,489.99,489.99,-0.01,174.27,84811.98,-1
2024-07-28,2024-07-28 11:27:00,489.99,489.99,489.95,489.95,-0.01,174.27,84811.98,-1
2024-07-28,2024-07-28 11:28:00,489.95,489.95,489.91,489.91,-0.01,174.27,84811.98,-1
2024-07-28,2024-07-28 11:29:00,489.91,489.91,489.88,489.88,-0.01,174.27,84811.98,-1
2024-07-28,2024-07-28 11:30:00,489.88,489.88,489.84,489.84,-0.01,174.27,84811.98,-1
2024-07-28,2024-07-28 11:31:00,489.84,489.84,489.8,489.8,-0.01,174.27,84811.98,-1
2024-07-28,2024-07-28 11:32:00,489.8,489.8,489.76,489.76,-0.01,174.27,84811.98,-1
2024-07-28,2024-07-28 11:33:00,489.76,489.76,489.73,489.73,-0.01,174.27,84811.98,-1
2024-07-28,2024-07-28 11:34:00,489.73,489.73,489.69,489.69,-0.01,174.27,84811.98,-1
2024-07-28,2024-07-28 11:35:00,489.69,489.69,489.65,489.65,-0.01,174.27,84811.98,-1
2024-07-28,2024-07-28 11:36:00,489.65,489.65,489.61,489.61,-0.01,174.27,84811.98,-1
2024-07-28,2024-07-28 11:37:00,489.61,489.61,489.57,489.57,-0.01,174.27,84811.98,-1
2024-07-28,2024-07-28 11:38:00,489.57,489.57,489.54,489.54,-0.01,174.27,84811.98,-1
2024-07-28,2024-07-28 11:39:00,489.54,489.54,489.5,489.5,-0.01,174.27,84811.98,-1
2024-07-28,2024-07-28 11:40:00,489.5,489.5,489.46,489.46,-0.01,174.27,84811.98,-1
2024-07-28,2024-07-28 11:41:00,489.46,489.46,489.43,489.43,-0.01,174.27,84811.98,-1
2024-07-28,2024-07-28 11:42:00,489.43,489.43,489.39,489.39,-0.01,174.27,84811.98,-1
2024-07-28,2024-07-28 11:43:00,489.39,489.39,489.35,489.35,-0.01,174.27,84811.98,-1
2024-07-28,2024-07-28 11:44:00,489.35,489.35,489.31,489.31,-0.01,174.27,84811.98,-1
2024-07-28,2024-07-28 11:45:00,489.31,489.31,489.27,489.27,-0.01,174.27,84811.98,-1
2024-07-28,2024-07-28 11:46:00,489.27,489.27,489.24,489.24,-0.01,174.27,84811.98,-1
2024-07-28,2024-07-28 11:47:00,489.24,489.24,489.2,489.2,-0.01,174.27,84811.98,-1
2024-07-28,2024-07-28 11:48:00,489.2,489.2,489.16,489.16,-0.01,174.27,84811.98,-1
2024-07-28,2024-07-28 11:49:00,489.16,489.16,489.12,489.12,-0.01,174.27,84811.98,-1
2024-07-28,2024-07-28 11:50:00,489.12,489.12,489.09,489.09,-0.01,174.27,84811.98,-1
2024-07-28,2024-07-28 11:51:00,489.09,489.09,489.05,489.05,-0.01,174.27,84811.98,-1
2024-07-28,2024-07-28 11:52:00,489.05,489.05,489.01,489.01,-0.01,174.27,84811.98,-1
2024-07-28,2024-07-28 11:53:00,489.01,489.01,488.98,488.98,-0.01,174.27,84811.98,-1
2024-07-28,2024-07-28 11:54:00,488.98,488.98,488.94,488.94,-0.01,174.27,84811.98,-1
2024-07-28,2024-07-28 11:55:00,488.94,488.94,488.9,488.9,-0.01,174.27,84811.98,-1
2024-07-28,2024-07-28 11:56:00,488.9,488.9,488.86,488.86,-0.01,174.27,84811.98,-1
2024-07-28,2024-07-28 11:57:00,488.86,488.86,488.82,488.82,-0.01,174.27,84811.98,-1
2024-07-28,2024-07-28 11:58:00,488.82,488.82,488.79,488.79,-0.01,174.27,84811.98,-1
2024-07-28,2024-07-28 11:59:00,488.79,488.79,488.75,488.75,-0.01,174.27,84811.98,-1
2024-07-28,2024-07-28 12:00:00,488.75,488.75,488.71,488.71,-0.01,174.27,84811.98,-1
2024-07-28,2024-07-28 12:01:00,488.71,488.71,488.68,488.68,-0.01,174.27,84811.98,-1
2024-07-28,2024-07-28 12:02:00,488.68,488.68,488.64,488.64,-0.01,174.27,84811.98,-1
2024-07-28,2024-07-28 12:03:00,488.64,488.64,488.6,488.6,-0.01,174.27,84811.98,-1
2024-07-28,2024-07-28 12:04:00,488.6,488.6,488.56,488.56,-0.01,174.27,84811.98,-1
2024-07-28,2024-07-28 12:05:00,488.56,488.56,488.52,488.52,-0.01,174.27,84811.98,-1
2024-07-28,2024-07-28 12:06:00,488.52,488.52,488.49,488.49,-0.01,174.27,84811.98,-1
2024-07-28,2024-07-28 12:07:00,488.49,488.49,488.45,488.45,-0.01,174.27,84811.98,-1
2024-07-28,2024-07-28 12:08:00,488.45,488.45,488.41,488.41,-0.01,174.27,84811.98,-1
2024-07-28,2024-07-28 12:09:00,488.41,488.41,488.38,488.38,-0.01,174.27,84811.98,-1
2024-07-28,2024-07-28 12:10:00,488.38,488.38,488.34,488.34,-0.01,174.27,84811.98,-1
2024-07-28,2024-07-28 12:11:00,488.34,488.34,488.3,488.3,-0.01,174.27,84811.98,-1
2024-07-28,2024-07-28 12:12:00,488.3,488.3,488.26,488.26,-0.01,174.27,84811.98,-1
2024-07-28,2024-07-28 12:13:00,488.26,488.26,488.23,488.23,-0.01,174.27,84811.98,-1
2024-07-28,2024-07-28 12:14:00,488.23,488.23,488.19,488.19,-0.01,174.27,84811.98,-1
2024-07-28,2024-07-28 12:15:00,488.19,488.19,488.15,488.15,-0.01,174.27,84811.98,-1
2024-07-28,2024-07-28 12:16:00,488.15,488.15,488.11,488.11,-0.01,174.27,84811.98,-1
2024-07-28,2024-07-28 12:17:00,488.11,488.11,488.07,488.07,-0.01,174.27,84811.98,-1
2024-07-28,2024-07-28 12:18:00,488.07,488.07,488.04,488.04,-0.01,174.27,84811.98,-1
2024-07-28,2024-07-28 12:19:00,488.04,488.04,488.0,488.0,-0.01,174.27,84811.98,-1
2024-07-28,2024-07-28 12:20:00,488.0,488.0,487.96,487.96,-0.01,174.27,84811.98,-1
2024-07-28,2024-07-28 12:21:00,487.96,487.96,487.93,487.93,-0.01,174.27,84811.98,-1
2024-07-28,2024-07-28 12:22:00,487.93,487.93,487.89,487.89,-0.01,174.27,84811.98,-1
2024-07-28,2024-07-28 12:23:00,487.89,487.89,487.85,487.85,-0.01,174.27,84811.98,-1
2024-07-28,2024-07-28 12:24:00,487.85,487.85,487.81,487.81,-0.01,174.27,84811.98,-1
2024-07-28,2024-07-28 12:25:00,487.81,487.81,487.77,487.77,-0.01,174.27,84811.98,-1
2024-07-28,2024-07-28 12:26:00,487.77,487.77,487.74,487.74,-0.01,174.27,84811.98,-1
2024-07-28,2024-07-28 12:27:00,487.74,487.74,487.7,487.7,-0.01,174.27,84811.98,-1
2024-07-28,2024-07-28 12:28:00,487.7,487.7,487.66,487.66,-0.01,174.27,84811.98,-1
2024-07-28,2024-07-28 12:29:00,487.66,487.66,487.62,487.62,-0.01,174.27,84811.98,-1
2024-07-28,2024-07-28 12:30:00,487.62,487.62,487.59,487.59,-0.01,174.27,84811.98,-1
2024-07-28,2024-07-28 12:31:00,487.59,487.59,487.55,487.55,-0.01,174.27,84811.98,-1
2024-07-28,2024-07-28 12:32:00,487.55,487.55,487.51,487.51,-0.01,174.27,84811.98,-1
2024-07-28,2024-07-28 12:33:00,487.51,487.51,487.48,487.48,-0.01,174.27,84811.98,-1
2024-07-28,2024-07-28 12:34:00,487.48,487.48,487.44,487.44,-0.01,174.27,84811.98,-1
2024-07-28,2024-07-28 12:35:00,487.44,487.44,487.4,487.4,-0.01,174.27,84811.98,-1
2024-07-28,2024-07-28 12:36:00,487.4,487.4,487.36,487.36,-0.01,174.27,84811.98,-1
2024-07-28,2024-07-28 12:37:00,487.36,487.36,487.32,487.32,-0.01,174.27,84811.98,-1
2024-07-28,2024-07-28 12:38:00,487.32,487.32,487.29,487.29,-0.01,174.27,84811.98,-1
2024-07-28,2024-07-28 12:39:00,487.29,487.29,487.25,487.25,-0.01,174.27,84811.98,-1
2024-07-28,2024-07-28 12:40:00,487.25,487.25,487.21,487.21,-0.01,174.27,84811.98,-1
2024-07-28,2024-07-28 12:41:00,487.21,487.21,487.18,487.18,-0.01,174.27,84811.98,-1
2024-07-28,2024-07-28 12:42:00,487.18,487.18,487.14,487.14,-0.01,174.27,84811.98,-1
2024-07-28,2024-07-28 12:43:00,487.14,487.14,487.1,487.1,-0.01,174.27,84811.98,-1
2024-07-28,2024-07-28 12:44:00,487.1,487.1,487.06,487.06,-0.01,174.27,84811.98,-1
2024-07-28,2024-07-28 12:45:00,487.06,487.06,487.02,487.02,-0.01,174.27,84811.98,-1
2024-07-28,2024-07-28 12:46:00,487.02,487.02,486.99,486.99,-0.01,174.27,84811.98,-1
2024-07-28,2024-07-28 12:47:00,486.99,486.99,486.95,486.95,-0.01,174.27,84811.98,-1
2024-07-28,2024-07-28 12:48:00,486.95,486.95,486.91,486.91,-0.01,174.27,84811.98,-1
2024-07-28,2024-07-28 12:49:00,486.91,486.91,486.88,486.88,-0.01,174.27,84811.98,-1
2024-07-28,2024-07-28 12:50:00,486.88,486.88,486.84,486.84,-0.01,174.27,84811.98,-1
2024-07-28,2024-07-28 12:51:00,486.84,486.84,486.8,486.8,-0.01,174.27,84811.98,-1
2024-07-28,2024-07-28 12:52:00,486.8,486.8,486.76,486.76,-0.01,174.27,84811.98,-1
2024-07-28,2024-07-28 12:53:00,486.76,486.76,486.73,486.73,-0.01,174.27,84811.98,-1
2024-07-28,2024-07-28 12:54:00,486.73,486.73,486.69,486.69,-0.01,174.27,84811.98,-1
2024-07-28,2024-07-28 12:55:00,486.69,486.69,486.65,486.65,-0.01,174.27,84811.98,-1
2024-07-28,2024-07-28 12:56:00,486.65,486.65,486.61,486.61,-0.01,174.27,84811.98,-1
2024-07-28,2024-07-28 12:57:00,486.61,486.61,486.57,486.57,-0.01,174.27,84811.98,-1
2024-07-28,2024-07-28 12:58:00,486.57,486.57,486.54,486.54,-0.01,174.27,84811.98,-1
2024-07-28,2024-07-28 12:59:00,486.54,486.54,486.5,486.5,-0.01,174.27,84811.98,-1
2024-07-28,2024-07-28 13:00:00,486.5,504.0,474.0,486.46,-0.01,174.27,84811.98,-1
2024-07-28,2024-07-28 13:01:00,486.46,486.46,486.43,486.43,-0.01,174.27,84811.98,-1
2024-07-28,2024-07-28 13:02:00,486.43,486.43,486.39,486.39,-0.01,174.27,84811.98,-1
2024-07-28,2024-07-28 13:03:00,486.39,486.39,486.35,486.35,-0.01,174.27,84811.98,-1
2024-07-28,2024-07-28 13:04:00,486.35,486.35,486.31,486.31,-0.01,174.27,84811.98,-1
2024-07-28,2024-07-28 13:05:00,486.31,486.31,486.27,486.27,-0.01,174.27,84811.98,-1
2024-07-28,2024-07-28 13:06:00,486.27,486.27,486.24,486.24,-0.01,174.27,84811.98,-1
2024-07-28,2024-07-28 13:07:00,486.24,486.24,486.2,486.2,-0.01,174.27,84811.98,-1
2024-07-28,2024-07-28 13:08:00,486.2,486.2,486.16,486.16,-0.01,174.27,84811.98,-1
2024-07-28,2024-07-28 13:09:00,486.16,486.16,486.12,486.12,-0.01,174.27,84811.98,-1
2024-07-28,2024-07-28 13:10:00,486.12,486.12,486.09,486.09,-0.01,174.27,84811.98,-1
2024-07-28,2024-07-28 13:11:00,486.09,486.09,486.05,486.05,-0.01,174.27,84811.98,-1
2024-07-28,2024-07-28 13:12:00,486.05,486.05,486.01,486.01,-0.01,174.27,84811.98,-1
2024-07-28,2024-07-28 13:13:00,486.01,486.01,485.98,485.98,-0.01,174.27,84811.98,-1
2024-07-28,2024-07-28 13:14:00,485.98,485.98,485.94,485.94,-0.01,174.27,84811.98,-1
2024-07-28,2024-07-28 13:15:00,485.94,485.94,485.9,485.9,-0.01,174.27,84811.98,-1
2024-07-28,2024-07-28 13:16:00,485.9,485.9,485.86,485.86,-0.01,174.27,84811.98,-1
2024-07-28,2024-07-28 13:17:00,485.86,485.86,485.82,485.82,-0.01,174.27,84811.98,-1
2024-07-28,2024-07-28 13:18:00,485.82,485.82,485.79,485.79,-0.01,174.27,84811.98,-1
2024-07-28,2024-07-28 13:19:00,485.79,485.79,485.75,485.75,-0.01,174.27,84811.98,-1
2024-07-28,2024-07-28 13:20:00,485.75,485.75,485.71,485.71,-0.01,174.27,84811.98,-1
2024-07-28,2024-07-28 13:21:00,485.71,485.71,485.68,485.68,-0.01,174.27,84811.98,-1
2024-07-28,2024-07-28 13:22:00,485.68,485.68,485.64,485.64,-0.01,174.27,84811.98,-1
2024-07-28,2024-07-28 13:23:00,485.64,485.64,485.6,485.6,-0.01,174.27,84811.98,-1
2024-07-28,2024-07-28 13:24:00,485.6,485.6,485.56,485.56,-0.01,174.27,84811.98,-1
2024-07-28,2024-07-28 13:25:00,485.56,485.56,485.52,485.52,-0.01,174.27,84811.98,-1
2024-07-28,2024-07-28 13:26:00,485.52,485.52,485.49,485.49,-0.01,174.27,84811.98,-1
2024-07-28,2024-07-28 13:27:00,485.49,485.49,485.45,485.45,-0.01,174.27,84811.98,-1
2024-07-28,2024-07-28 13:28:00,485.45,485.45,485.41,485.41,-0.01,174.27,84811.98,-1
2024-07-28,2024-07-28 13:29:00,485.41,485.41,485.38,485.38,-0.01,174.27,84811.98,-1
2024-07-28,2024-07-28 13:30:00,485.38,485.38,485.34,485.34,-0.01,174.27,84811.98,-1
2024-07-28,2024-07-28 13:31:00,485.34,485.34,485.3,485.3,-0.01,174.27,84811.98,-1
2024-07-28,2024-07-28 13:32:00,485.3,485.3,485.26,485.26,-0.01,174.27,84811.98,-1
2024-07-28,2024-07-28 13:33:00,485.26,485.26,485.23,485.23,-0.01,174.27,84811.98,-1
2024-07-28,2024-07-28 13:34:00,485.23,485.23,485.19,485.19,-0.01,174.27,84811.98,-1
2024-07-28,2024-07-28 13:35:00,485.19,485.19,485.15,485.15,-0.01,174.27,84811.98,-1
2024-07-28,2024-07-28 13:36:00,485.15,485.15,485.11,485.11,-0.01,174.27,84811.98,-1
2024-07-28,2024-07-28 13:37:00,485.11,485.11,485.07,485.07,-0.01,174.27,84811.98,-1
2024-07-28,2024-07-28 13:38:00,485.07,485.07,485.04,485.04,-0.01,174.27,84811.98,-1
2024-07-28,2024-07-28 13:39:00,485.04,485.04,485.0,485.0,-0.01,174.27,84811.98,-1
2024-07-28,2024-07-28 13:40:00,485.0,485.0,484.96,484.96,-0.01,174.27,84811.98,-1
2024-07-28,2024-07-28 13:41:00,484.96,484.96,484.93,484.93,-0.01,174.27,84811.98,-1
2024-07-28,2024-07-28 13:42:00,484.93,484.93,484.89,484.89,-0.01,174.27,84811.98,-1
2024-07-28,2024-07-28 13:43:00,484.89,484.89,484.85,484.85,-0.01,174.27,84811.98,-1
2024-07-28,2024-07-28 13:44:00,484.85,484.85,484.81,484.81,-0.01,174.27,84811.98,-1
2024-07-28,2024-07-28 13:45:00,484.81,484.81,484.77,484.77,-0.01,174.27,84811.98,-1
2024-07-28,2024-07-28 13:46:00,484.77,484.77,484.74,484.74,-0.01,174.27,84811.98,-1
2024-07-28,2024-07-28 13:47:00,484.74,484.74,484.7,484.7,-0.01,174.27,84811.98,-1
2024-07-28,2024-07-28 13:48:00,484.7,484.7,484.66,484.66,-0.01,174.27,84811.98,-1
2024-07-28,2024-07-28 13:49:00,484.66,484.66,484.62,484.62,-0.01,174.27,84811.98,-1
2024-07-28,2024-07-28 13:50:00,484.62,484.62,484.59,484.59,-0.01,174.27,84811.98,-1
2024-07-28,2024-07-28 13:51:00,484.59,484.59,484.55,484.55,-0.01,174.27,84811.98,-1
2024-07-28,2024-07-28 13:52:00,484.55,484.55,484.51,484.51,-0.01,174.27,84811.98,-1
2024-07-28,2024-07-28 13:53:00,484.51,484.51,484.48,484.48,-0.01,174.27,84811.98,-1
2024-07-28,2024-07-28 13:54:00,484.48,484.48,484.44,484.44,-0.01,174.27,84811.98,-1
2024-07-28,2024-07-28 13:55:00,484.44,484.44,484.4,484.4,-0.01,174.27,84811.98,-1
2024-07-28,2024-07-28 13:56:00,484.4,484.4,484.36,484.36,-0.01,174.27,84811.98,-1
2024-07-28,2024-07-28 13:57:00,484.36,484.36,484.32,484.32,-0.01,174.27,84811.98,-1
2024-07-28,2024-07-28 13:58:00,484.32,484.32,484.29,484.29,-0.01,174.27,84811.98,-1
2024-07-28,2024-07-28 13:59:00,484.29,484.29,484.25,484.25,-0.01,174.27,84811.98,-1
2024-07-28,2024-07-28 14:00:00,484.25,484.25,484.21,484.21,-0.01,174.27,84811.98,-1
2024-07-28,2024-07-28 14:01:00,484.21,484.21,484.18,484.18,-0.01,174.27,84811.98,-1
2024-07-28,2024-07-28 14:02:00,484.18,484.18,484.14,484.14,-0.01,174.27,84811.98,-1
2024-07-28,2024-07-28 14:03:00,484.14,484.14,484.1,484.1,-0.01,174.27,84811.98,-1
2024-07-28,2024-07-28 14:04:00,484.1,484.1,484.06,484.06,-0.01,174.27,84811.98,-1
2024-07-28,2024-07-28 14:05:00,484.06,484.06,484.02,484.02,-0.01,174.27,84811.98,-1
2024-07-28,2024-07-28 14:06:00,484.02,484.02,483.99,483.99,-0.01,174.27,84811.98,-1
2024-07-28,2024-07-28 14:07:00,483.99,483.99,483.95,483.95,-0.01,174.27,84811.98,-1
2024-07-28,2024-07-28 14:08:00,483.95,483.95,483.91,483.91,-0.01,174.27,84811.98,-1
2024-07-28,2024-07-28 14:09:00,483.91,483.91,483.88,483.88,-0.01,174.27,84811.98,-1
2024-07-28,2024-07-28 14:10:00,483.88,483.88,483.84,483.84,-0.01,174.27,84811.98,-1
2024-07-28,2024-07-28 14:11:00,483.84,483.84,483.8,483.8,-0.01,174.27,84811.98,-1
2024-07-28,2024-07-28 14:12:00,483.8,483.8,483.76,483.76,-0.01,174.27,84811.98,-1
2024-07-28,2024-07-28 14:13:00,483.76,483.76,483.73,483.73,-0.01,174.27,84811.98,-1
2024-07-28,2024-07-28 14:14:00,483.73,483.73,483.69,483.69,-0.01,174.27,84811.98,-1
2024-07-28,2024-07-28 14:15:00,483.69,483.69,483.65,483.65,-0.01,174.27,84811.98,-1
2024-07-28,2024-07-28 14:16:00,483.65,483.65,483.61,483.61,-0.01,174.27,84811.98,-1
2024-07-28,2024-07-28 14:17:00,483.61,483.61,483.57,483.57,-0.01,174.27,84811.98,-1
2024-07-28,2024-07-28 14:18:00,483.57,483.57,483.54,483.54,-0.01,174.27,84811.98,-1
2024-07-28,2024-07-28 14:19:00,483.54,483.54,483.5,483.5,-0.01,174.27,84811.98,-1
2024-07-28,2024-07-28 14:20:00,483.5,483.5,483.46,483.46,-0.01,174.27,84811.98,-1
2024-07-28,2024-07-28 14:21:00,483.46,483.46,483.43,483.43,-0.01,174.27,84811.98,-1
2024-07-28,2024-07-28 14:22:00,483.43,483.43,483.39,483.39,-0.01,174.27,84811.98,-1
2024-07-28,2024-07-28 14:23:00,483.39,483.39,483.35,483.35,-0.01,174.27,84811.98,-1
2024-07-28,2024-07-28 14:24:00,483.35,483.35,483.31,483.31,-0.01,174.27,84811.98,-1
2024-07-28,2024-07-28 14:25:00,483.31,483.31,483.27,483.27,-0.01,174.27,84811.98,-1
2024-07-28,2024-07-28 14:26:00,483.27,483.27,483.24,483.24,-0.01,174.27,84811.98,-1
2024-07-28,2024-07-28 14:27:00,483.24,483.24,483.2,483.2,-0.01,174.27,84811.98,-1
2024-07-28,2024-07-28 14:28:00,483.2,483.2,483.16,483.16,-0.01,174.27,84811.98,-1
2024-07-28,2024-07-28 14:29:00,483.16,483.16,483.12,483.12,-0.01,174.27,84811.98,-1
2024-07-28,2024-07-28 14:30:00,483.12,483.12,483.09,483.09,-0.01,174.27,84811.98,-1
2024-07-28,2024-07-28 14:31:00,483.09,483.09,483.05,483.05,-0.01,174.27,84811.98,-1
2024-07-28,2024-07-28 14:32:00,483.05,483.05,483.01,483.01,-0.01,174.27,84811.98,-1
2024-07-28,2024-07-28 14:33:00,483.01,483.01,482.98,482.98,-0.01,174.27,84811.98,-1
2024-07-28,2024-07-28 14:34:00,482.98,482.98,482.94,482.94,-0.01,174.27,84811.98,-1
2024-07-28,2024-07-28 14:35:00,482.94,482.94,482.9,482.9,-0.01,174.27,84811.98,-1
2024-07-28,2024-07-28 14:36:00,482.9,482.9,482.86,482.86,-0.01,174.27,84811.98,-1
2024-07-28,2024-07-28 14:37:00,482.86,482.86,482.82,482.82,-0.01,174.27,84811.98,-1
2024-07-28,2024-07-28 14:38:00,482.82,482.82,482.79,482.79,-0.01,174.27,84811.98,-1
2024-07-28,2024-07-28 14:39:00,482.79,482.79,482.75,482.75,-0.01,174.27,84811.98,-1
2024-07-28,2024-07-28 14:40:00,482.75,482.75,482.71,482.71,-0.01,174.27,84811.98,-1
2024-07-28,2024-07-28 14:41:00,482.71,482.71,482.68,482.68,-0.01,174.27,84811.98,-1
2024-07-28,2024-07-28 14:42:00,482.68,482.68,482.64,482.64,-0.01,174.27,84811.98,-1
2024-07-28,2024-07-28 14:43:00,482.64,482.64,482.6,482.6,-0.01,174.27,84811.98,-1
2024-07-28,2024-07-28 14:44:00,482.6,482.6,482.56,482.56,-0.01,174.27,84811.98,-1
2024-07-28,2024-07-28 14:45:00,482.56,482.56,482.52,482.52,-0.01,174.27,84811.98,-1
2024-07-28,2024-07-28 14:46:00,482.52,482.52,482.49,482.49,-0.01,174.27,84811.98,-1
2024-07-28,2024-07-28 14:47:00,482.49,482.49,482.45,482.45,-0.01,174.27,84811.98,-1
2024-07-28,2024-07-28 14:48:00,482.45,482.45,482.41,482.41,-0.01,174.27,84811.98,-1
2024-07-28,2024-07-28 14:49:00,482.41,482.41,482.38,482.38,-0.01,174.27,84811.98,-1
2024-07-28,2024-07-28 14:50:00,482.38,482.38,482.34,482.34,-0.01,174.27,84811.98,-1
2024-07-28,2024-07-28 14:51:00,482.34,482.34,482.3,482.3,-0.01,174.27,84811.98,-1
2024-07-28,2024-07-28 14:52:00,482.3,482.3,482.26,482.26,-0.01,174.27,84811.98,-1
2024-07-28,2024-07-28 14:53:00,482.26,482.26,482.23,482.23,-0.01,174.27,84811.98,-1
2024-07-28,2024-07-28 14:54:00,482.23,482.23,482.19,482.19,-0.01,174.27,84811.98,-1
2024-07-28,2024-07-28 14:55:00,482.19,482.19,482.15,482.15,-0.01,174.27,84811.98,-1
2024-07-28,2024-07-28 14:56:00,482.15,482.15,482.11,482.11,-0.01,174.27,84811.98,-1
2024-07-28,2024-07-28 14:57:00,482.11,482.11,482.07,482.07,-0.01,174.27,84811.98,-1
2024-07-28,2024-07-28 14:58:00,482.07,482.07,482.04,482.04,-0.01,174.27,84811.98,-1
2024-07-28,2024-07-28 14:59:00,482.04,482.04,482.0,482.0,-0.01,174.27,84811.98,-1
2024-07-28,2024-07-28 15:00:00,482.0,504.0,474.0,482.0,0.0,174.27,84811.98,0
2024-07-29,2024-07-29 11:00:00,480.0,485.1,477.6,480.02,0.0,173.95,84558.15,1
2024-07-29,2024-07-29 11:01:00,480.02,480.03,480.02,480.03,0.0,173.95,84558.15,1
2024-07-29,2024-07-29 11:02:00,480.03,480.05,480.03,480.05,0.0,173.95,84558.15,1
2024-07-29,2024-07-29 11:03:00,480.05,480.07,480.05,480.07,0.0,173.95,84558.15,1
2024-07-29,2024-07-29 11:04:00,480.07,480.08,480.07,480.08,0.0,173.95,84558.15,1
2024-07-29,2024-07-29 11:05:00,480.08,480.1,480.08,480.1,0.0,173.95,84558.15,1
2024-07-29,2024-07-29 11:06:00,480.1,480.12,480.1,480.12,0.0,173.95,84558.15,1
2024-07-29,2024-07-29 11:07:00,480.12,480.13,480.12,480.13,0.0,173.95,84558.15,1
2024-07-29,2024-07-29 11:08:00,480.13,480.15,480.13,480.15,0.0,173.95,84558.15,1
2024-07-29,2024-07-29 11:09:00,480.15,480.17,480.15,480.17,0.0,173.95,84558.15,1
2024-07-29,2024-07-29 11:10:00,480.17,480.18,480.17,480.18,0.0,173.95,84558.15,1
2024-07-29,2024-07-29 11:11:00,480.18,480.2,480.18,480.2,0.0,173.95,84558.15,1
2024-07-29,2024-07-29 11:12:00,480.2,480.22,480.2,480.22,0.0,173.95,84558.15,1
2024-07-29,2024-07-29 11:13:00,480.22,480.23,480.22,480.23,0.0,173.95,84558.15,1
2024-07-29,2024-07-29 11:14:00,480.23,480.25,480.23,480.25,0.0,173.95,84558.15,1
2024-07-29,2024-07-29 11:15:00,480.25,480.27,480.25,480.27,0.0,173.95,84558.15,1
2024-07-29,2024-07-29 11:16:00,480.27,480.28,480.27,480.28,0.0,173.95,84558.15,1
2024-07-29,2024-07-29 11:17:00,480.28,480.3,480.28,480.3,0.0,173.95,84558.15,1
2024-07-29,2024-07-29 11:18:00,480.3,480.32,480.3,480.32,0.0,173.95,84558.15,1
2024-07-29,2024-07-29 11:19:00,480.32,480.33,480.32,480.33,0.0,173.95,84558.15,1
2024-07-29,2024-07-29 11:20:00,480.33,480.35,480.33,480.35,0.0,173.95,84558.15,1
2024-07-29,2024-07-29 11:21:00,480.35,480.37,480.35,480.37,0.0,173.95,84558.15,1
2024-07-29,2024-07-29 11:22:00,480.37,480.38,480.37,480.38,0.0,173.95,84558.15,1
2024-07-29,2024-07-29 11:23:00,480.38,480.4,480.38,480.4,0.0,173.95,84558.15,1
2024-07-29,2024-07-29 11:24:00,480.4,480.42,480.4,480.42,0.0,173.95,84558.15,1
2024-07-29,2024-07-29 11:25:00,480.42,480.43,480.42,480.43,0.0,173.95,84558.15,1
2024-07-29,2024-07-29 11:26:00,480.43,480.45,480.43,480.45,0.0,173.95,84558.15,1
2024-07-29,2024-07-29 11:27:00,480.45,480.47,480.45,480.47,0.0,173.95,84558.15,1
2024-07-29,2024-07-29 11:28:00,480.47,480.48,480.47,480.48,0.0,173.95,84558.15,1
2024-07-29,2024-07-29 11:29:00,480.48,480.5,480.48,480.5,0.0,173.95,84558.15,1
2024-07-29,2024-07-29 11:30:00,480.5,480.52,480.5,480.52,0.0,173.95,84558.15,1
2024-07-29,2024-07-29 11:31:00,480.52,480.53,480.52,480.53,0.0,173.95,84558.15,1
2024-07-29,2024-07-29 11:32:00,480.53,480.55,480.53,480.55,0.0,173.95,84558.15,1
2024-07-29,2024-07-29 11:33:00,480.55,480.57,480.55,480.57,0.0,173.95,84558.15,1
2024-07-29,2024-07-29 11:34:00,480.57,480.58,480.57,480.58,0.0,173.95,84558.15,1
2024-07-29,2024-07-29 11:35:00,480.58,480.6,480.58,480.6,0.0,173.95,84558.15,1
2024-07-29,2024-07-29 11:36:00,480.6,480.62,480.6,480.62,0.0,173.95,84558.15,1
2024-07-29,2024-07-29 11:37:00,480.62,480.63,480.62,480.63,0.0,173.95,84558.15,1
2024-07-29,2024-07-29 11:38:00,480.63,480.65,480.63,480.65,0.0,173.95,84558.15,1
2024-07-29,2024-07-29 11:39:00,480.65,480.67,480.65,480.67,0.0,173.95,84558.15,1
2024-07-29,2024-07-29 11:40:00,480.67,480.68,480.67,480.68,0.0,173.95,84558.15,1
2024-07-29,2024-07-29 11:41:00,480.68,480.7,480.68,480.7,0.0,173.95,84558.15,1
2024-07-29,2024-07-29 11:42:00,480.7,480.72,480.7,480.72,0.0,173.95,84558.15,1
2024-07-29,2024-07-29 11:43:00,480.72,480.73,480.72,480.73,0.0,173.95,84558.15,1
2024-07-29,2024-07-29 11:44:00,480.73,480.75,480.73,480.75,0.0,173.95,84558.15,1
2024-07-29,2024-07-29 11:45:00,480.75,480.77,480.75,480.77,0.0,173.95,84558.15,1
2024-07-29,2024-07-29 11:46:00,480.77,480.78,480.77,480.78,0.0,173.95,84558.15,1
2024-07-29,2024-07-29 11:47:00,480.78,480.8,480.78,480.8,0.0,173.95,84558.15,1
2024-07-29,2024-07-29 11:48:00,480.8,480.82,480.8,480.82,0.0,173.95,84558.15,1
2024-07-29,2024-07-29 11:49:00,480.82,480.83,480.82,480.83,0.0,173.95,84558.15,1
2024-07-29,2024-07-29 11:50:00,480.83,480.85,480.83,480.85,0.0,173.95,84558.15,1
2024-07-29,2024-07-29 11:51:00,480.85,480.87,480.85,480.87,0.0,173.95,84558.15,1
2024-07-29,2024-07-29 11:52:00,480.87,480.88,480.87,480.88,0.0,173.95,84558.15,1
2024-07-29,2024-07-29 11:53:00,480.88,480.9,480.88,480.9,0.0,173.95,84558.15,1
2024-07-29,2024-07-29 11:54:00,480.9,480.92,480.9,480.92,0.0,173.95,84558.15,1
2024-07-29,2024-07-29 11:55:00,480.92,480.93,480.92,480.93,0.0,173.95,84558.15,1
2024-07-29,2024-07-29 11:56:00,480.93,480.95,480.93,480.95,0.0,173.95,84558.15,1
2024-07-29,2024-07-29 11:57:00,480.95,480.97,480.95,480.97,0.0,173.95,84558.15,1
2024-07-29,2024-07-29 11:58:00,480.97,480.98,480.97,480.98,0.0,173.95,84558.15,1
2024-07-29,2024-07-29 11:59:00,480.98,481.0,480.98,481.0,0.0,173.95,84558.15,1
2024-07-29,2024-07-29 12:00:00,481.0,481.02,481.0,481.02,0.0,173.95,84558.15,1
2024-07-29,2024-07-29 12:01:00,481.02,481.03,481.02,481.03,0.0,173.95,84558.15,1
2024-07-29,2024-07-29 12:02:00,481.03,481.05,481.03,481.05,0.0,173.95,84558.15,1
2024-07-29,2024-07-29 12:03:00,481.05,481.07,481.05,481.07,0.0,173.95,84558.15,1
2024-07-29,2024-07-29 12:04:00,481.07,481.08,481.07,481.08,0.0,173.95,84558.15,1
2024-07-29,2024-07-29 12:05:00,481.08,481.1,481.08,481.1,0.0,173.95,84558.15,1
2024-07-29,2024-07-29 12:06:00,481.1,481.12,481.1,481.12,0.0,173.95,84558.15,1
2024-07-29,2024-07-29 12:07:00,481.12,481.13,481.12,481.13,0.0,173.95,84558.15,1
2024-07-29,2024-07-29 12:08:00,481.13,481.15,481.13,481.15,0.0,173.95,84558.15,1
2024-07-29,2024-07-29 12:09:00,481.15,481.17,481.15,481.17,0.0,173.95,84558.15,1
2024-07-29,2024-07-29 12:10:00,481.17,481.18,481.17,481.18,0.0,173.95,84558.15,1
2024-07-29,2024-07-29 12:11:00,481.18,481.2,481.18,481.2,0.0,173.95,84558.15,1
2024-07-29,2024-07-29 12:12:00,481.2,481.22,481.2,481.22,0.0,173.95,84558.15,1
2024-07-29,2024-07-29 12:13:00,481.22,481.23,481.22,481.23,0.0,173.95,84558.15,1
2024-07-29,2024-07-29 12:14:00,481.23,481.25,481.23,481.25,0.0,173.95,84558.15,1
2024-07-29,2024-07-29 12:15:00,481.25,481.27,481.25,481.27,0.0,173.95,84558.15,1
2024-07-29,2024-07-29 12:16:00,481.27,481.28,481.27,481.28,0.0,173.95,84558.15,1
2024-07-29,2024-07-29 12:17:00,481.28,481.3,481.28,481.3,0.0,173.95,84558.15,1
2024-07-29,2024-07-29 12:18:00,481.3,481.32,481.3,481.32,0.0,173.95,84558.15,1
2024-07-29,2024-07-29 12:19:00,481.32,481.33,481.32,481.33,0.0,173.95,84558.15,1
2024-07-29,2024-07-29 12:20:00,481.33,481.35,481.33,481.35,0.0,173.95,84558.15,1
2024-07-29,2024-07-29 12:21:00,481.35,481.37,481.35,481.37,0.0,173.95,84558.15,1
2024-07-29,2024-07-29 12:22:00,481.37,481.38,481.37,481.38,0.0,173.95,84558.15,1
2024-07-29,2024-07-29 12:23:00,481.38,481.4,481.38,481.4,0.0,173.95,84558.15,1
2024-07-29,2024-07-29 12:24:00,481.4,481.42,481.4,481.42,0.0,173.95,84558.15,1
2024-07-29,2024-07-29 12:25:00,481.42,481.43,481.42,481.43,0.0,173.95,84558.15,1
2024-07-29,2024-07-29 12:26:00,481.43,481.45,481.43,481.45,0.0,173.95,84558.15,1
2024-07-29,2024-07-29 12:27:00,481.45,481.47,481.45,481.47,0.0,173.95,84558.15,1
2024-07-29,2024-07-29 12:28:00,481.47,481.48,481.47,481.48,0.0,173.95,84558.15,1
2024-07-29,2024-07-29 12:29:00,481.48,481.5,481.48,481.5,0.0,173.95,84558.15,1
2024-07-29,2024-07-29 12:30:00,481.5,481.52,481.5,481.52,0.0,173.95,84558.15,1
2024-07-29,2024-07-29 12:31:00,481.52,481.53,481.52,481.53,0.0,173.95,84558.15,1
2024-07-29,2024-07-29 12:32:00,481.53,481.55,481.53,481.55,0.0,173.95,84558.15,1
2024-07-29,2024-07-29 12:33:00,481.55,481.57,481.55,481.57,0.0,173.95,84558.15,1
2024-07-29,2024-07-29 12:34:00,481.57,481.58,481.57,481.58,0.0,173.95,84558.15,1
2024-07-29,2024-07-29 12:35:00,481.58,481.6,481.58,481.6,0.0,173.95,84558.15,1
2024-07-29,2024-07-29 12:36:00,481.6,481.62,481.6,481.62,0.0,173.95,84558.15,1
2024-07-29,2024-07-29 12:37:00,481.62,481.63,481.62,481.63,0.0,173.95,84558.15,1
2024-07-29,2024-07-29 12:38:00,481.63,481.65,481.63,481.65,0.0,173.95,84558.15,1
2024-07-29,2024-07-29 12:39:00,481.65,481.67,481.65,481.67,0.0,173.95,84558.15,1
2024-07-29,2024-07-29 12:40:00,481.67,481.68,481.67,481.68,0.0,173.95,84558.15,1
2024-07-29,2024-07-29 12:41:00,481.68,481.7,481.68,481.7,0.0,173.95,84558.15,1
2024-07-29,2024-07-29 12:42:00,481.7,481.72,481.7,481.72,0.0,173.95,84558.15,1
2024-07-29,2024-07-29 12:43:00,481.72,481.73,481.72,481.73,0.0,173.95,84558.15,1
2024-07-29,2024-07-29 12:44:00,481.73,481.75,481.73,481.75,0.0,173.95,84558.15,1
2024-07-29,2024-07-29 12:45:00,481.75,481.77,481.75,481.77,0.0,173.95,84558.15,1
2024-07-29,2024-07-29 12:46:00,481.77,481.78,481.77,481.78,0.0,173.95,84558.15,1
2024-07-29,2024-07-29 12:47:00,481.78,481.8,481.78,481.8,0.0,173.95,84558.15,1
2024-07-29,2024-07-29 12:48:00,481.8,481.82,481.8,481.82,0.0,173.95,84558.15,1
2024-07-29,2024-07-29 12:49:00,481.82,481.83,481.82,481.83,0.0,173.95,84558.15,1
2024-07-29,2024-07-29 12:50:00,481.83,481.85,481.83,481.85,0.0,173.95,84558.15,1
2024-07-29,2024-07-29 12:51:00,481.85,481.87,481.85,481.87,0.0,173.95,84558.15,1
2024-07-29,2024-07-29 12:52:00,481.87,481.88,481.87,481.88,0.0,173.95,84558.15,1
2024-07-29,2024-07-29 12:53:00,481.88,481.9,481.88,481.9,0.0,173.95,84558.15,1
2024-07-29,2024-07-29 12:54:00,481.9,481.92,481.9,481.92,0.0,173.95,84558.15,1
2024-07-29,2024-07-29 12:55:00,481.92,481.93,481.92,481.93,0.0,173.95,84558.15,1
2024-07-29,2024-07-29 12:56:00,481.93,481.95,481.93,481.95,0.0,173.95,84558.15,1
2024-07-29,2024-07-29 12:57:00,481.95,481.97,481.95,481.97,0.0,173.95,84558.15,1
2024-07-29,2024-07-29 12:58:00,481.97,481.98,481.97,481.98,0.0,173.95,84558.15,1
2024-07-29,2024-07-29 12:59:00,481.98,482.0,481.98,482.0,0.0,173.95,84558.15,1
2024-07-29,2024-07-29 13:00:00,482.0,497.0,472.0,482.02,0.0,173.95,84558.15,1
2024-07-29,2024-07-29 13:01:00,482.02,482.03,482.02,482.03,0.0,173.95,84558.15,1
2024-07-29,2024-07-29 13:02:00,482.03,482.05,482.03,482.05,0.0,173.95,84558.15,1
2024-07-29,2024-07-29 13:03:00,482.05,482.07,482.05,482.07,0.0,173.95,84558.15,1
2024-07-29,2024-07-29 13:04:00,482.07,482.08,482.07,482.08,0.0,173.95,84558.15,1
2024-07-29,2024-07-29 13:05:00,482.08,482.1,482.08,482.1,0.0,173.95,84558.15,1
2024-07-29,2024-07-29 13:06:00,482.1,482.12,482.1,482.12,0.0,173.95,84558.15,1
2024-07-29,2024-07-29 13:07:00,482.12,482.13,482.12,482.13,0.0,173.95,84558.15,1
2024-07-29,2024-07-29 13:08:00,482.13,482.15,482.13,482.15,0.0,173.95,84558.15,1
2024-07-29,2024-07-29 13:09:00,482.15,482.17,482.15,482.17,0.0,173.95,84558.15,1
2024-07-29,2024-07-29 13:10:00,482.17,482.18,482.17,482.18,0.0,173.95,84558.15,1
2024-07-29,2024-07-29 13:11:00,482.18,482.2,482.18,482.2,0.0,173.95,84558.15,1
2024-07-29,2024-07-29 13:12:00,482.2,482.22,482.2,482.22,0.0,173.95,84558.15,1
2024-07-29,2024-07-29 13:13:00,482.22,482.23,482.22,482.23,0.0,173.95,84558.15,1
2024-07-29,2024-07-29 13:14:00,482.23,482.25,482.23,482.25,0.0,173.95,84558.15,1
2024-07-29,2024-07-29 13:15:00,482.25,482.27,482.25,482.27,0.0,173.95,84558.15,1
2024-07-29,2024-07-29 13:16:00,482.27,482.28,482.27,482.28,0.0,173.95,84558.15,1
2024-07-29,2024-07-29 13:17:00,482.28,482.3,482.28,482.3,0.0,173.95,84558.15,1
2024-07-29,2024-07-29 13:18:00,482.3,482.32,482.3,482.32,0.0,173.95,84558.15,1
2024-07-29,2024-07-29 13:19:00,482.32,482.33,482.32,482.33,0.0,173.95,84558.15,1
2024-07-29,2024-07-29 13:20:00,482.33,482.35,482.33,482.35,0.0,173.95,84558.15,1
2024-07-29,2024-07-29 13:21:00,482.35,482.37,482.35,482.37,0.0,173.95,84558.15,1
2024-07-29,2024-07-29 13:22:00,482.37,482.38,482.37,482.38,0.0,173.95,84558.15,1
2024-07-29,2024-07-29 13:23:00,482.38,482.4,482.38,482.4,0.0,173.95,84558.15,1
2024-07-29,2024-07-29 13:24:00,482.4,482.42,482.4,482.42,0.0,173.95,84558.15,1
2024-07-29,2024-07-29 13:25:00,482.42,482.43,482.42,482.43,0.0,173.95,84558.15,1
2024-07-29,2024-07-29 13:26:00,482.43,482.45,482.43,482.45,0.0,173.95,84558.15,1
2024-07-29,2024-07-29 13:27:00,482.45,482.47,482.45,482.47,0.0,173.95,84558.15,1
2024-07-29,2024-07-29 13:28:00,482.47,482.48,482.47,482.48,0.0,173.95,84558.15,1
2024-07-29,2024-07-29 13:29:00,482.48,482.5,482.48,482.5,0.0,173.95,84558.15,1
2024-07-29,2024-07-29 13:30:00,482.5,482.52,482.5,482.52,0.0,173.95,84558.15,1
2024-07-29,2024-07-29 13:31:00,482.52,482.53,482.52,482.53,0.0,173.95,84558.15,1
2024-07-29,2024-07-29 13:32:00,482.53,482.55,482.53,482.55,0.0,173.95,84558.15,1
2024-07-29,2024-07-29 13:33:00,482.55,482.57,482.55,482.57,0.0,173.95,84558.15,1
2024-07-29,2024-07-29 13:34:00,482.57,482.58,482.57,482.58,0.0,173.95,84558.15,1
2024-07-29,2024-07-29 13:35:00,482.58,482.6,482.58,482.6,0.0,173.95,84558.15,1
2024-07-29,2024-07-29 13:36:00,482.6,482.62,482.6,482.62,0.0,173.95,84558.15,1
2024-07-29,2024-07-29 13:37:00,482.62,482.63,482.62,482.63,0.0,173.95,84558.15,1
2024-07-29,2024-07-29 13:38:00,482.63,482.65,482.63,482.65,0.0,173.95,84558.15,1
2024-07-29,2024-07-29 13:39:00,482.65,482.67,482.65,482.67,0.0,173.95,84558.15,1
2024-07-29,2024-07-29 13:40:00,482.67,482.68,482.67,482.68,0.0,173.95,84558.15,1
2024-07-29,2024-07-29 13:41:00,482.68,482.7,482.68,482.7,0.0,173.95,84558.15,1
2024-07-29,2024-07-29 13:42:00,482.7,482.72,482.7,482.72,0.0,173.95,84558.15,1
2024-07-29,2024-07-29 13:43:00,482.72,482.73,482.72,482.73,0.0,173.95,84558.15,1
2024-07-29,2024-07-29 13:44:00,482.73,482.75,482.73,482.75,0.0,173.95,84558.15,1
2024-07-29,2024-07-29 13:45:00,482.75,482.77,482.75,482.77,0.0,173.95,84558.15,1
2024-07-29,2024-07-29 13:46:00,482.77,482.78,482.77,482.78,0.0,173.95,84558.15,1
2024-07-29,2024-07-29 13:47:00,482.78,482.8,482.78,482.8,0.0,173.95,84558.15,1
2024-07-29,2024-07-29 13:48:00,482.8,482.82,482.8,482.82,0.0,173.95,84558.15,1
2024-07-29,2024-07-29 13:49:00,482.82,482.83,482.82,482.83,0.0,173.95,84558.15,1
2024-07-29,2024-07-29 13:50:00,482.83,482.85,482.83,482.85,0.0,173.95,84558.15,1
2024-07-29,2024-07-29 13:51:00,482.85,482.87,482.85,482.87,0.0,173.95,84558.15,1
2024-07-29,2024-07-29 13:52:00,482.87,482.88,482.87,482.88,0.0,173.95,84558.15,1
2024-07-29,2024-07-29 13:53:00,482.88,482.9,482.88,482.9,0.0,173.95,84558.15,1
2024-07-29,2024-07-29 13:54:00,482.9,482.92,482.9,482.92,0.0,173.95,84558.15,1
2024-07-29,2024-07-29 13:55:00,482.92,482.93,482.92,482.93,0.0,173.95,84558.15,1
2024-07-29,2024-07-29 13:56:00,482.93,482.95,482.93,482.95,0.0,173.95,84558.15,1
2024-07-29,2024-07-29 13:57:00,482.95,482.97,482.95,482.97,0.0,173.95,84558.15,1
2024-07-29,2024-07-29 13:58:00,482.97,482.98,482.97,482.98,0.0,173.95,84558.15,1
2024-07-29,2024-07-29 13:59:00,482.98,483.0,482.98,483.0,0.0,173.95,84558.15,1
2024-07-29,2024-07-29 14:00:00,483.0,483.02,483.0,483.02,0.0,173.95,84558.15,1
2024-07-29,2024-07-29 14:01:00,483.02,483.03,483.02,483.03,0.0,173.95,84558.15,1
2024-07-29,2024-07-29 14:02:00,483.03,483.05,483.03,483.05,0.0,173.95,84558.15,1
2024-07-29,2024-07-29 14:03:00,483.05,483.07,483.05,483.07,0.0,173.95,84558.15,1
2024-07-29,2024-07-29 14:04:00,483.07,483.08,483.07,483.08,0.0,173.95,84558.15,1
2024-07-29,2024-07-29 14:05:00,483.08,483.1,483.08,483.1,0.0,173.95,84558.15,1
2024-07-29,2024-07-29 14:06:00,483.1,483.12,483.1,483.12,0.0,173.95,84558.15,1
2024-07-29,2024-07-29 14:07:00,483.12,483.13,483.12,483.13,0.0,173.95,84558.15,1
2024-07-29,2024-07-29 14:08:00,483.13,483.15,483.13,483.15,0.0,173.95,84558.15,1
2024-07-29,2024-07-29 14:09:00,483.15,483.17,483.15,483.17,0.0,173.95,84558.15,1
2024-07-29,2024-07-29 14:10:00,483.17,483.18,483.17,483.18,0.0,173.95,84558.15,1
2024-07-29,2024-07-29 14:11:00,483.18,483.2,483.18,483.2,0.0,173.95,84558.15,1
2024-07-29,2024-07-29 14:12:00,483.2,483.22,483.2,483.22,0.0,173.95,84558.15,1
2024-07-29,2024-07-29 14:13:00,483.22,483.23,483.22,483.23,0.0,173.95,84558.15,1
2024-07-29,2024-07-29 14:14:00,483.23,483.25,483.23,483.25,0.0,173.95,84558.15,1
2024-07-29,2024-07-29 14:15:00,483.25,483.27,483.25,483.27,0.0,173.95,84558.15,1
2024-07-29,2024-07-29 14:16:00,483.27,483.28,483.27,483.28,0.0,173.95,84558.15,1
2024-07-29,2024-07-29 14:17:00,483.28,483.3,483.28,483.3,0.0,173.95,84558.15,1
2024-07-29,2024-07-29 14:18:00,483.3,483.32,483.3,483.32,0.0,173.95,84558.15,1
2024-07-29,2024-07-29 14:19:00,483.32,483.33,483.32,483.33,0.0,173.95,84558.15,1
2024-07-29,2024-07-29 14:20:00,483.33,483.35,483.33,483.35,0.0,173.95,84558.15,1
2024-07-29,2024-07-29 14:21:00,483.35,483.37,483.35,483.37,0.0,173.95,84558.15,1
2024-07-29,2024-07-29 14:22:00,483.37,483.38,483.37,483.38,0.0,173.95,84558.15,1
2024-07-29,2024-07-29 14:23:00,483.38,483.4,483.38,483.4,0.0,173.95,84558.15,1
2024-07-29,2024-07-29 14:24:00,483.4,483.42,483.4,483.42,0.0,173.95,84558.15,1
2024-07-29,2024-07-29 14:25:00,483.42,483.43,483.42,483.43,0.0,173.95,84558.15,1
2024-07-29,2024-07-29 14:26:00,483.43,483.45,483.43,483.45,0.0,173.95,84558.15,1
2024-07-29,2024-07-29 14:27:00,483.45,483.47,483.45,483.47,0.0,173.95,84558.15,1
2024-07-29,2024-07-29 14:28:00,483.47,483.48,483.47,483.48,0.0,173.95,84558.15,1
2024-07-29,2024-07-29 14:29:00,483.48,483.5,483.48,483.5,0.0,173.95,84558.15,1
2024-07-29,2024-07-29 14:30:00,483.5,483.52,483.5,483.52,0.0,173.95,84558.15,1
2024-07-29,2024-07-29 14:31:00,483.52,483.53,483.52,483.53,0.0,173.95,84558.15,1
2024-07-29,2024-07-29 14:32:00,483.53,483.55,483.53,483.55,0.0,173.95,84558.15,1
2024-07-29,2024-07-29 14:33:00,483.55,483.57,483.55,483.57,0.0,173.95,84558.15,1
2024-07-29,2024-07-29 14:34:00,483.57,483.58,483.57,483.58,0.0,173.95,84558.15,1
2024-07-29,2024-07-29 14:35:00,483.58,483.6,483.58,483.6,0.0,173.95,84558.15,1
2024-07-29,2024-07-29 14:36:00,483.6,483.62,483.6,483.62,0.0,173.95,84558.15,1
2024-07-29,2024-07-29 14:37:00,483.62,483.63,483.62,483.63,0.0,173.95,84558.15,1
2024-07-29,2024-07-29 14:38:00,483.63,483.65,483.63,483.65,0.0,173.95,84558.15,1
2024-07-29,2024-07-29 14:39:00,483.65,483.67,483.65,483.67,0.0,173.95,84558.15,1
2024-07-29,2024-07-29 14:40:00,483.67,483.68,483.67,483.68,0.0,173.95,84558.15,1
2024-07-29,2024-07-29 14:41:00,483.68,483.7,483.68,483.7,0.0,173.95,84558.15,1
2024-07-29,2024-07-29 14:42:00,483.7,483.72,483.7,483.72,0.0,173.95,84558.15,1
2024-07-29,2024-07-29 14:43:00,483.72,483.73,483.72,483.73,0.0,173.95,84558.15,1
2024-07-29,2024-07-29 14:44:00,483.73,483.75,483.73,483.75,0.0,173.95,84558.15,1
2024-07-29,2024-07-29 14:45:00,483.75,483.77,483.75,483.77,0.0,173.95,84558.15,1
2024-07-29,2024-07-29 14:46:00,483.77,483.78,483.77,483.78,0.0,173.95,84558.15,1
2024-07-29,2024-07-29 14:47:00,483.78,483.8,483.78,483.8,0.0,173.95,84558.15,1
2024-07-29,2024-07-29 14:48:00,483.8,483.82,483.8,483.82,0.0,173.95,84558.15,1
2024-07-29,2024-07-29 14:49:00,483.82,483.83,483.82,483.83,0.0,173.95,84558.15,1
2024-07-29,2024-07-29 14:50:00,483.83,483.85,483.83,483.85,0.0,173.95,84558.15,1
2024-07-29,2024-07-29 14:51:00,483.85,483.87,483.85,483.87,0.0,173.95,84558.15,1
2024-07-29,2024-07-29 14:52:00,483.87,483.88,483.87,483.88,0.0,173.95,84558.15,1
2024-07-29,2024-07-29 14:53:00,483.88,483.9,483.88,483.9,0.0,173.95,84558.15,1
2024-07-29,2024-07-29 14:54:00,483.9,483.92,483.9,483.92,0.0,173.95,84558.15,1
2024-07-29,2024-07-29 14:55:00,483.92,483.93,483.92,483.93,0.0,173.95,84558.15,1
2024-07-29,2024-07-29 14:56:00,483.93,483.95,483.93,483.95,0.0,173.95,84558.15,1
2024-07-29,2024-07-29 14:57:00,483.95,483.97,483.95,483.97,0.0,173.95,84558.15,1
2024-07-29,2024-07-29 14:58:00,483.97,483.98,483.97,483.98,0.0,173.95,84558.15,1
2024-07-29,2024-07-29 14:59:00,483.98,484.0,483.98,484.0,0.0,173.95,84558.15,1
2024-07-29,2024-07-29 15:00:00,484.0,497.0,472.0,484.0,0.0,173.95,84558.15,0
2024-07-30,2024-07-30 11:00:00,484.0,487.0,481.6,484.02,0.0,138.0,66800.73,1
2024-07-30,2024-07-30 11:01:00,484.02,484.03,484.02,484.03,0.0,138.0,66800.73,1
2024-07-30,2024-07-30 11:02:00,484.03,484.05,484.03,484.05,0.0,138.0,66800.73,1
2024-07-30,2024-07-30 11:03:00,484.05,484.06,484.05,484.06,0.0,138.0,66800.73,1
2024-07-30,2024-07-30 11:04:00,484.06,484.08,484.06,484.08,0.0,138.0,66800.73,1
2024-07-30,2024-07-30 11:05:00,484.08,484.1,484.08,484.1,0.0,138.0,66800.73,1
2024-07-30,2024-07-30 11:06:00,484.1,484.11,484.1,484.11,0.0,138.0,66800.73,1
2024-07-30,2024-07-30 11:07:00,484.11,484.13,484.11,484.13,0.0,138.0,66800.73,1
2024-07-30,2024-07-30 11:08:00,484.13,484.15,484.13,484.15,0.0,138.0,66800.73,1
2024-07-30,2024-07-30 11:09:00,484.15,484.16,484.15,484.16,0.0,138.0,66800.73,1
2024-07-30,2024-07-30 11:10:00,484.16,484.18,484.16,484.18,0.0,138.0,66800.73,1
2024-07-30,2024-07-30 11:11:00,484.18,484.19,484.18,484.19,0.0,138.0,66800.73,1
2024-07-30,2024-07-30 11:12:00,484.19,484.21,484.19,484.21,0.0,138.0,66800.73,1
2024-07-30,2024-07-30 11:13:00,484.21,484.23,484.21,484.23,0.0,138.0,66800.73,1
2024-07-30,2024-07-30 11:14:00,484.23,484.24,484.23,484.24,0.0,138.0,66800.73,1
2024-07-30,2024-07-30 11:15:00,484.24,484.26,484.24,484.26,0.0,138.0,66800.73,1
2024-07-30,2024-07-30 11:16:00,484.26,484.28,484.26,484.28,0.0,138.0,66800.73,1
2024-07-30,2024-07-30 11:17:00,484.28,484.29,484.28,484.29,0.0,138.0,66800.73,1
2024-07-30,2024-07-30 11:18:00,484.29,484.31,484.29,484.31,0.0,138.0,66800.73,1
2024-07-30,2024-07-30 11:19:00,484.31,484.32,484.31,484.32,0.0,138.0,66800.73,1
2024-07-30,2024-07-30 11:20:00,484.32,484.34,484.32,484.34,0.0,138.0,66800.73,1
2024-07-30,2024-07-30 11:21:00,484.34,484.36,484.34,484.36,0.0,138.0,66800.73,1
2024-07-30,2024-07-30 11:22:00,484.36,484.37,484.36,484.37,0.0,138.0,66800.73,1
2024-07-30,2024-07-30 11:23:00,484.37,484.39,484.37,484.39,0.0,138.0,66800.73,1
2024-07-30,2024-07-30 11:24:00,484.39,484.41,484.39,484.41,0.0,138.0,66800.73,1
2024-07-30,2024-07-30 11:25:00,484.41,484.42,484.41,484.42,0.0,138.0,66800.73,1
2024-07-30,2024-07-30 11:26:00,484.42,484.44,484.42,484.44,0.0,138.0,66800.73,1
2024-07-30,2024-07-30 11:27:00,484.44,484.45,484.44,484.45,0.0,138.0,66800.73,1
2024-07-30,2024-07-30 11:28:00,484.45,484.47,484.45,484.47,0.0,138.0,66800.73,1
2024-07-30,2024-07-30 11:29:00,484.47,484.49,484.47,484.49,0.0,138.0,66800.73,1
2024-07-30,2024-07-30 11:30:00,484.49,484.5,484.49,484.5,0.0,138.0,66800.73,1
2024-07-30,2024-07-30 11:31:00,484.5,484.52,484.5,484.52,0.0,138.0,66800.73,1
2024-07-30,2024-07-30 11:32:00,484.52,484.54,484.52,484.54,0.0,138.0,66800.73,1
2024-07-30,2024-07-30 11:33:00,484.54,484.55,484.54,484.55,0.0,138.0,66800.73,1
2024-07-30,2024-07-30 11:34:00,484.55,484.57,484.55,484.57,0.0,138.0,66800.73,1
2024-07-30,2024-07-30 11:35:00,484.57,484.58,484.57,484.58,0.0,138.0,66800.73,1
2024-07-30,2024-07-30 11:36:00,484.58,484.6,484.58,484.6,0.0,138.0,66800.73,1
2024-07-30,2024-07-30 11:37:00,484.6,484.62,484.6,484.62,0.0,138.0,66800.73,1
2024-07-30,2024-07-30 11:38:00,484.62,484.63,484.62,484.63,0.0,138.0,66800.73,1
2024-07-30,2024-07-30 11:39:00,484.63,484.65,484.63,484.65,0.0,138.0,66800.73,1
2024-07-30,2024-07-30 11:40:00,484.65,484.67,484.65,484.67,0.0,138.0,66800.73,1
2024-07-30,2024-07-30 11:41:00,484.67,484.68,484.67,484.68,0.0,138.0,66800.73,1
2024-07-30,2024-07-30 11:42:00,484.68,484.7,484.68,484.7,0.0,138.0,66800.73,1
2024-07-30,2024-07-30 11:43:00,484.7,484.71,484.7,484.71,0.0,138.0,66800.73,1
2024-07-30,2024-07-30 11:44:00,484.71,484.73,484.71,484.73,0.0,138.0,66800.73,1
2024-07-30,2024-07-30 11:45:00,484.73,484.75,484.73,484.75,0.0,138.0,66800.73,1
2024-07-30,2024-07-30 11:46:00,484.75,484.76,484.75,484.76,0.0,138.0,66800.73,1
2024-07-30,2024-07-30 11:47:00,484.76,484.78,484.76,484.78,0.0,138.0,66800.73,1
2024-07-30,2024-07-30 11:48:00,484.78,484.8,484.78,484.8,0.0,138.0,66800.73,1
2024-07-30,2024-07-30 11:49:00,484.8,484.81,484.8,484.81,0.0,138.0,66800.73,1
2024-07-30,2024-07-30 11:50:00,484.81,484.83,484.81,484.83,0.0,138.0,66800.73,1
2024-07-30,2024-07-30 11:51:00,484.83,484.84,484.83,484.84,0.0,138.0,66800.73,1
2024-07-30,2024-07-30 11:52:00,484.84,484.86,484.84,484.86,0.0,138.0,66800.73,1
2024-07-30,2024-07-30 11:53:00,484.86,484.88,484.86,484.88,0.0,138.0,66800.73,1
2024-07-30,2024-07-30 11:54:00,484.88,484.89,484.88,484.89,0.0,138.0,66800.73,1
2024-07-30,2024-07-30 11:55:00,484.89,484.91,484.89,484.91,0.0,138.0,66800.73,1
2024-07-30,2024-07-30 11:56:00,484.91,484.93,484.91,484.93,0.0,138.0,66800.73,1
2024-07-30,2024-07-30 11:57:00,484.93,484.94,484.93,484.94,0.0,138.0,66800.73,1
2024-07-30,2024-07-30 11:58:00,484.94,484.96,484.94,484.96,0.0,138.0,66800.73,1
2024-07-30,2024-07-30 11:59:00,484.96,484.98,484.96,484.98,0.0,138.0,66800.73,1
2024-07-30,2024-07-30 12:00:00,484.98,484.99,484.98,484.99,0.0,138.0,66800.73,1
2024-07-30,2024-07-30 12:01:00,484.99,485.01,484.99,485.01,0.0,138.0,66800.73,1
2024-07-30,2024-07-30 12:02:00,485.01,485.02,485.01,485.02,0.0,138.0,66800.73,1
2024-07-30,2024-07-30 12:03:00,485.02,485.04,485.02,485.04,0.0,138.0,66800.73,1
2024-07-30,2024-07-30 12:04:00,485.04,485.06,485.04,485.06,0.0,138.0,66800.73,1
2024-07-30,2024-07-30 12:05:00,485.06,485.07,485.06,485.07,0.0,138.0,66800.73,1
2024-07-30,2024-07-30 12:06:00,485.07,485.09,485.07,485.09,0.0,138.0,66800.73,1
2024-07-30,2024-07-30 12:07:00,485.09,485.11,485.09,485.11,0.0,138.0,66800.73,1
2024-07-30,2024-07-30 12:08:00,485.11,485.12,485.11,485.12,0.0,138.0,66800.73,1
2024-07-30,2024-07-30 12:09:00,485.12,485.14,485.12,485.14,0.0,138.0,66800.73,1
2024-07-30,2024-07-30 12:10:00,485.14,485.15,485.14,485.15,0.0,138.0,66800.73,1
2024-07-30,2024-07-30 12:11:00,485.15,485.17,485.15,485.17,0.0,138.0,66800.73,1
2024-07-30,2024-07-30 12:12:00,485.17,485.19,485.17,485.19,0.0,138.0,66800.73,1
2024-07-30,2024-07-30 12:13:00,485.19,485.2,485.19,485.2,0.0,138.0,66800.73,1
2024-07-30,2024-07-30 12:14:00,485.2,485.22,485.2,485.22,0.0,138.0,66800.73,1
2024-07-30,2024-07-30 12:15:00,485.22,485.24,485.22,485.24,0.0,138.0,66800.73,1
2024-07-30,2024-07-30 12:16:00,485.24,485.25,485.24,485.25,0.0,138.0,66800.73,1
2024-07-30,2024-07-30 12:17:00,485.25,485.27,485.25,485.27,0.0,138.0,66800.73,1
2024-07-30,2024-07-30 12:18:00,485.27,485.28,485.27,485.28,0.0,138.0,66800.73,1
2024-07-30,2024-07-30 12:19:00,485.28,485.3,485.28,485.3,0.0,138.0,66800.73,1
2024-07-30,2024-07-30 12:20:00,485.3,485.32,485.3,485.32,0.0,138.0,66800.73,1
2024-07-30,2024-07-30 12:21:00,485.32,485.33,485.32,485.33,0.0,138.0,66800.73,1
2024-07-30,2024-07-30 12:22:00,485.33,485.35,485.33,485.35,0.0,138.0,66800.73,1
2024-07-30,2024-07-30 12:23:00,485.35,485.37,485.35,485.37,0.0,138.0,66800.73,1
2024-07-30,2024-07-30 12:24:00,485.37,485.38,485.37,485.38,0.0,138.0,66800.73,1
2024-07-30,2024-07-30 12:25:00,485.38,485.4,485.38,485.4,0.0,138.0,66800.73,1
2024-07-30,2024-07-30 12:26:00,485.4,485.41,485.4,485.41,0.0,138.0,66800.73,1
2024-07-30,2024-07-30 12:27:00,485.41,485.43,485.41,485.43,0.0,138.0,66800.73,1
2024-07-30,2024-07-30 12:28:00,485.43,485.45,485.43,485.45,0.0,138.0,66800.73,1
2024-07-30,2024-07-30 12:29:00,485.45,485.46,485.45,485.46,0.0,138.0,66800.73,1
2024-07-30,2024-07-30 12:30:00,485.46,485.48,485.46,485.48,0.0,138.0,66800.73,1
2024-07-30,2024-07-30 12:31:00,485.48,485.5,485.48,485.5,0.0,138.0,66800.73,1
2024-07-30,2024-07-30 12:32:00,485.5,485.51,485.5,485.51,0.0,138.0,66800.73,1
2024-07-30,2024-07-30 12:33:00,485.51,485.53,485.51,485.53,0.0,138.0,66800.73,1
2024-07-30,2024-07-30 12:34:00,485.53,485.54,485.53,485.54,0.0,138.0,66800.73,1
2024-07-30,2024-07-30 12:35:00,485.54,485.56,485.54,485.56,0.0,138.0,66800.73,1
2024-07-30,2024-07-30 12:36:00,485.56,485.58,485.56,485.58,0.0,138.0,66800.73,1
2024-07-30,2024-07-30 12:37:00,485.58,485.59,485.58,485.59,0.0,138.0,66800.73,1
2024-07-30,2024-07-30 12:38:00,485.59,485.61,485.59,485.61,0.0,138.0,66800.73,1
2024-07-30,2024-07-30 12:39:00,485.61,485.62,485.61,485.62,0.0,138.0,66800.73,1
2024-07-30,2024-07-30 12:40:00,485.62,485.64,485.62,485.64,0.0,138.0,66800.73,1
2024-07-30,2024-07-30 12:41:00,485.64,485.66,485.64,485.66,0.0,138.0,66800.73,1
2024-07-30,2024-07-30 12:42:00,485.66,485.67,485.66,485.67,0.0,138.0,66800.73,1
2024-07-30,2024-07-30 12:43:00,485.67,485.69,485.67,485.69,0.0,138.0,66800.73,1
2024-07-30,2024-07-30 12:44:00,485.69,485.71,485.69,485.71,0.0,138.0,66800.73,1
2024-07-30,2024-07-30 12:45:00,485.71,485.72,485.71,485.72,0.0,138.0,66800.73,1
2024-07-30,2024-07-30 12:46:00,485.72,485.74,485.72,485.74,0.0,138.0,66800.73,1
2024-07-30,2024-07-30 12:47:00,485.74,485.75,485.74,485.75,0.0,138.0,66800.73,1
2024-07-30,2024-07-30 12:48:00,485.75,485.77,485.75,485.77,0.0,138.0,66800.73,1
2024-07-30,2024-07-30 12:49:00,485.77,485.79,485.77,485.79,0.0,138.0,66800.73,1
2024-07-30,2024-07-30 12:50:00,485.79,485.8,485.79,485.8,0.0,138.0,66800.73,1
2024-07-30,2024-07-30 12:51:00,485.8,485.82,485.8,485.82,0.0,138.0,66800.73,1
2024-07-30,2024-07-30 12:52:00,485.82,485.84,485.82,485.84,0.0,138.0,66800.73,1
2024-07-30,2024-07-30 12:53:00,485.84,485.85,485.84,485.85,0.0,138.0,66800.73,1
2024-07-30,2024-07-30 12:54:00,485.85,485.87,485.85,485.87,0.0,138.0,66800.73,1
2024-07-30,2024-07-30 12:55:00,485.87,485.88,485.87,485.88,0.0,138.0,66800.73,1
2024-07-30,2024-07-30 12:56:00,485.88,485.9,485.88,485.9,0.0,138.0,66800.73,1
2024-07-30,2024-07-30 12:57:00,485.9,485.92,485.9,485.92,0.0,138.0,66800.73,1
2024-07-30,2024-07-30 12:58:00,485.92,485.93,485.92,485.93,0.0,138.0,66800.73,1
2024-07-30,2024-07-30 12:59:00,485.93,485.95,485.93,485.95,0.0,138.0,66800.73,1
2024-07-30,2024-07-30 13:00:00,485.95,494.0,476.0,485.97,0.0,138.0,66800.73,1
2024-07-30,2024-07-30 13:01:00,485.97,485.98,485.97,485.98,0.0,138.0,66800.73,1
2024-07-30,2024-07-30 13:02:00,485.98,486.0,485.98,486.0,0.0,138.0,66800.73,1
2024-07-30,2024-07-30 13:03:00,486.0,486.01,486.0,486.01,0.0,138.0,66800.73,1
2024-07-30,2024-07-30 13:04:00,486.01,486.03,486.01,486.03,0.0,138.0,66800.73,1
2024-07-30,2024-07-30 13:05:00,486.03,486.05,486.03,486.05,0.0,138.0,66800.73,1
2024-07-30,2024-07-30 13:06:00,486.05,486.06,486.05,486.06,0.0,138.0,66800.73,1
2024-07-30,2024-07-30 13:07:00,486.06,486.08,486.06,486.08,0.0,138.0,66800.73,1
2024-07-30,2024-07-30 13:08:00,486.08,486.1,486.08,486.1,0.0,138.0,66800.73,1
2024-07-30,2024-07-30 13:09:00,486.1,486.11,486.1,486.11,0.0,138.0,66800.73,1
2024-07-30,2024-07-30 13:10:00,486.11,486.13,486.11,486.13,0.0,138.0,66800.73,1
2024-07-30,2024-07-30 13:11:00,486.13,486.14,486.13,486.14,0.0,138.0,66800.73,1
2024-07-30,2024-07-30 13:12:00,486.14,486.16,486.14,486.16,0.0,138.0,66800.73,1
2024-07-30,2024-07-30 13:13:00,486.16,486.18,486.16,486.18,0.0,138.0,66800.73,1
2024-07-30,2024-07-30 13:14:00,486.18,486.19,486.18,486.19,0.0,138.0,66800.73,1
2024-07-30,2024-07-30 13:15:00,486.19,486.21,486.19,486.21,0.0,138.0,66800.73,1
2024-07-30,2024-07-30 13:16:00,486.21,486.23,486.21,486.23,0.0,138.0,66800.73,1
2024-07-30,2024-07-30 13:17:00,486.23,486.24,486.23,486.24,0.0,138.0,66800.73,1
2024-07-30,2024-07-30 13:18:00,486.24,486.26,486.24,486.26,0.0,138.0,66800.73,1
2024-07-30,2024-07-30 13:19:00,486.26,486.27,486.26,486.27,0.0,138.0,66800.73,1
2024-07-30,2024-07-30 13:20:00,486.27,486.29,486.27,486.29,0.0,138.0,66800.73,1
2024-07-30,2024-07-30 13:21:00,486.29,486.31,486.29,486.31,0.0,138.0,66800.73,1
2024-07-30,2024-07-30 13:22:00,486.31,486.32,486.31,486.32,0.0,138.0,66800.73,1
2024-07-30,2024-07-30 13:23:00,486.32,486.34,486.32,486.34,0.0,138.0,66800.73,1
2024-07-30,2024-07-30 13:24:00,486.34,486.36,486.34,486.36,0.0,138.0,66800.73,1
2024-07-30,2024-07-30 13:25:00,486.36,486.37,486.36,486.37,0.0,138.0,66800.73,1
2024-07-30,2024-07-30 13:26:00,486.37,486.39,486.37,486.39,0.0,138.0,66800.73,1
2024-07-30,2024-07-30 13:27:00,486.39,486.4,486.39,486.4,0.0,138.0,66800.73,1
2024-07-30,2024-07-30 13:28:00,486.4,486.42,486.4,486.42,0.0,138.0,66800.73,1
2024-07-30,2024-07-30 13:29:00,486.42,486.44,486.42,486.44,0.0,138.0,66800.73,1
2024-07-30,2024-07-30 13:30:00,486.44,486.45,486.44,486.45,0.0,138.0,66800.73,1
2024-07-30,2024-07-30 13:31:00,486.45,486.47,486.45,486.47,0.0,138.0,66800.73,1
2024-07-30,2024-07-30 13:32:00,486.47,486.49,486.47,486.49,0.0,138.0,66800.73,1
2024-07-30,2024-07-30 13:33:00,486.49,486.5,486.49,486.5,0.0,138.0,66800.73,1
2024-07-30,2024-07-30 13:34:00,486.5,486.52,486.5,486.52,0.0,138.0,66800.73,1
2024-07-30,2024-07-30 13:35:00,486.52,486.53,486.52,486.53,0.0,138.0,66800.73,1
2024-07-30,2024-07-30 13:36:00,486.53,486.55,486.53,486.55,0.0,138.0,66800.73,1
2024-07-30,2024-07-30 13:37:00,486.55,486.57,486.55,486.57,0.0,138.0,66800.73,1
2024-07-30,2024-07-30 13:38:00,486.57,486.58,486.57,486.58,0.0,138.0,66800.73,1
2024-07-30,2024-07-30 13:39:00,486.58,486.6,486.58,486.6,0.0,138.0,66800.73,1
2024-07-30,2024-07-30 13:40:00,486.6,486.62,486.6,486.62,0.0,138.0,66800.73,1
2024-07-30,2024-07-30 13:41:00,486.62,486.63,486.62,486.63,0.0,138.0,66800.73,1
2024-07-30,2024-07-30 13:42:00,486.63,486.65,486.63,486.65,0.0,138.0,66800.73,1
2024-07-30,2024-07-30 13:43:00,486.65,486.66,486.65,486.66,0.0,138.0,66800.73,1
2024-07-30,2024-07-30 13:44:00,486.66,486.68,486.66,486.68,0.0,138.0,66800.73,1
2024-07-30,2024-07-30 13:45:00,486.68,486.7,486.68,486.7,0.0,138.0,66800.73,1
2024-07-30,2024-07-30 13:46:00,486.7,486.71,486.7,486.71,0.0,138.0,66800.73,1
2024-07-30,2024-07-30 13:47:00,486.71,486.73,486.71,486.73,0.0,138.0,66800.73,1
2024-07-30,2024-07-30 13:48:00,486.73,486.75,486.73,486.75,0.0,138.0,66800.73,1
2024-07-30,2024-07-30 13:49:00,486.75,486.76,486.75,486.76,0.0,138.0,66800.73,1
2024-07-30,2024-07-30 13:50:00,486.76,486.78,486.76,486.78,0.0,138.0,66800.73,1
2024-07-30,2024-07-30 13:51:00,486.78,486.79,486.78,486.79,0.0,138.0,66800.73,1
2024-07-30,2024-07-30 13:52:00,486.79,486.81,486.79,486.81,0.0,138.0,66800.73,1
2024-07-30,2024-07-30 13:53:00,486.81,486.83,486.81,486.83,0.0,138.0,66800.73,1
2024-07-30,2024-07-30 13:54:00,486.83,486.84,486.83,486.84,0.0,138.0,66800.73,1
2024-07-30,2024-07-30 13:55:00,486.84,486.86,486.84,486.86,0.0,138.0,66800.73,1
2024-07-30,2024-07-30 13:56:00,486.86,486.88,486.86,486.88,0.0,138.0,66800.73,1
2024-07-30,2024-07-30 13:57:00,486.88,486.89,486.88,486.89,0.0,138.0,66800.73,1
2024-07-30,2024-07-30 13:58:00,486.89,486.91,486.89,486.91,0.0,138.0,66800.73,1
2024-07-30,2024-07-30 13:59:00,486.91,486.92,486.91,486.92,0.0,138.0,66800.73,1
2024-07-30,2024-07-30 14:00:00,486.92,486.94,486.92,486.94,0.0,138.0,66800.73,1
2024-07-30,2024-07-30 14:01:00,486.94,486.96,486.94,486.96,0.0,138.0,66800.73,1
2024-07-30,2024-07-30 14:02:00,486.96,486.97,486.96,486.97,0.0,138.0,66800.73,1
2024-07-30,2024-07-30 14:03:00,486.97,486.99,486.97,486.99,0.0,138.0,66800.73,1
2024-07-30,2024-07-30 14:04:00,486.99,487.01,486.99,487.01,0.0,138.0,66800.73,1
2024-07-30,2024-07-30 14:05:00,487.01,487.02,487.01,487.02,0.0,138.0,66800.73,1
2024-07-30,2024-07-30 14:06:00,487.02,487.04,487.02,487.04,0.0,138.0,66800.73,1
2024-07-30,2024-07-30 14:07:00,487.04,487.06,487.04,487.06,0.0,138.0,66800.73,1
2024-07-30,2024-07-30 14:08:00,487.06,487.07,487.06,487.07,0.0,138.0,66800.73,1
2024-07-30,2024-07-30 14:09:00,487.07,487.09,487.07,487.09,0.0,138.0,66800.73,1
2024-07-30,2024-07-30 14:10:00,487.09,487.1,487.09,487.1,0.0,138.0,66800.73,1
2024-07-30,2024-07-30 14:11:00,487.1,487.12,487.1,487.12,0.0,138.0,66800.73,1
2024-07-30,2024-07-30 14:12:00,487.12,487.14,487.12,487.14,0.0,138.0,66800.73,1
2024-07-30,2024-07-30 14:13:00,487.14,487.15,487.14,487.15,0.0,138.0,66800.73,1
2024-07-30,2024-07-30 14:14:00,487.15,487.17,487.15,487.17,0.0,138.0,66800.73,1
2024-07-30,2024-07-30 14:15:00,487.17,487.19,487.17,487.19,0.0,138.0,66800.73,1
2024-07-30,2024-07-30 14:16:00,487.19,487.2,487.19,487.2,0.0,138.0,66800.73,1
2024-07-30,2024-07-30 14:17:00,487.2,487.22,487.2,487.22,0.0,138.0,66800.73,1
2024-07-30,2024-07-30 14:18:00,487.22,487.23,487.22,487.23,0.0,138.0,66800.73,1
2024-07-30,2024-07-30 14:19:00,487.23,487.25,487.23,487.25,0.0,138.0,66800.73,1
2024-07-30,2024-07-30 14:20:00,487.25,487.27,487.25,487.27,0.0,138.0,66800.73,1
2024-07-30,2024-07-30 14:21:00,487.27,487.28,487.27,487.28,0.0,138.0,66800.73,1
2024-07-30,2024-07-30 14:22:00,487.28,487.3,487.28,487.3,0.0,138.0,66800.73,1
2024-07-30,2024-07-30 14:23:00,487.3,487.31,487.3,487.31,0.0,138.0,66800.73,1
2024-07-30,2024-07-30 14:24:00,487.31,487.33,487.31,487.33,0.0,138.0,66800.73,1
2024-07-30,2024-07-30 14:25:00,487.33,487.35,487.33,487.35,0.0,138.0,66800.73,1
2024-07-30,2024-07-30 14:26:00,487.35,487.36,487.35,487.36,0.0,138.0,66800.73,1
2024-07-30,2024-07-30 14:27:00,487.36,487.38,487.36,487.38,0.0,138.0,66800.73,1
2024-07-30,2024-07-30 14:28:00,487.38,487.4,487.38,487.4,0.0,138.0,66800.73,1
2024-07-30,2024-07-30 14:29:00,487.4,487.41,487.4,487.41,0.0,138.0,66800.73,1
2024-07-30,2024-07-30 14:30:00,487.41,487.43,487.41,487.43,0.0,138.0,66800.73,1
2024-07-30,2024-07-30 14:31:00,487.43,487.44,487.43,487.44,0.0,138.0,66800.73,1
2024-07-30,2024-07-30 14:32:00,487.44,487.46,487.44,487.46,0.0,138.0,66800.73,1
2024-07-30,2024-07-30 14:33:00,487.46,487.48,487.46,487.48,0.0,138.0,66800.73,1
2024-07-30,2024-07-30 14:34:00,487.48,487.49,487.48,487.49,0.0,138.0,66800.73,1
2024-07-30,2024-07-30 14:35:00,487.49,487.51,487.49,487.51,0.0,138.0,66800.73,1
2024-07-30,2024-07-30 14:36:00,487.51,487.53,487.51,487.53,0.0,138.0,66800.73,1
2024-07-30,2024-07-30 14:37:00,487.53,487.54,487.53,487.54,0.0,138.0,66800.73,1
2024-07-30,2024-07-30 14:38:00,487.54,487.56,487.54,487.56,0.0,138.0,66800.73,1
2024-07-30,2024-07-30 14:39:00,487.56,487.57,487.56,487.57,0.0,138.0,66800.73,1
2024-07-30,2024-07-30 14:40:00,487.57,487.59,487.57,487.59,0.0,138.0,66800.73,1
2024-07-30,2024-07-30 14:41:00,487.59,487.61,487.59,487.61,0.0,138.0,66800.73,1
2024-07-30,2024-07-30 14:42:00,487.61,487.62,487.61,487.62,0.0,138.0,66800.73,1
2024-07-30,2024-07-30 14:43:00,487.62,487.64,487.62,487.64,0.0,138.0,66800.73,1
2024-07-30,2024-07-30 14:44:00,487.64,487.66,487.64,487.66,0.0,138.0,66800.73,1
2024-07-30,2024-07-30 14:45:00,487.66,487.67,487.66,487.67,0.0,138.0,66800.73,1
2024-07-30,2024-07-30 14:46:00,487.67,487.69,487.67,487.69,0.0,138.0,66800.73,1
2024-07-30,2024-07-30 14:47:00,487.69,487.7,487.69,487.7,0.0,138.0,66800.73,1
2024-07-30,2024-07-30 14:48:00,487.7,487.72,487.7,487.72,0.0,138.0,66800.73,1
2024-07-30,2024-07-30 14:49:00,487.72,487.74,487.72,487.74,0.0,138.0,66800.73,1
2024-07-30,2024-07-30 14:50:00,487.74,487.75,487.74,487.75,0.0,138.0,66800.73,1
2024-07-30,2024-07-30 14:51:00,487.75,487.77,487.75,487.77,0.0,138.0,66800.73,1
2024-07-30,2024-07-30 14:52:00,487.77,487.79,487.77,487.79,0.0,138.0,66800.73,1
2024-07-30,2024-07-30 14:53:00,487.79,487.8,487.79,487.8,0.0,138.0,66800.73,1
2024-07-30,2024-07-30 14:54:00,487.8,487.82,487.8,487.82,0.0,138.0,66800.73,1
2024-07-30,2024-07-30 14:55:00,487.82,487.83,487.82,487.83,0.0,138.0,66800.73,1
2024-07-30,2024-07-30 14:56:00,487.83,487.85,487.83,487.85,0.0,138.0,66800.73,1
2024-07-30,2024-07-30 14:57:00,487.85,487.87,487.85,487.87,0.0,138.0,66800.73,1
2024-07-30,2024-07-30 14:58:00,487.87,487.88,487.87,487.88,0.0,138.0,66800.73,1
2024-07-30,2024-07-30 14:59:00,487.88,487.9,487.88,487.9,0.0,138.0,66800.73,1
2024-07-30,2024-07-30 15:00:00,487.9,494.0,476.0,487.9,0.0,138.0,66800.73,0
2024-07-31,2024-07-31 11:00:00,497.6,502.22,491.78,497.58,-0.0,162.23,80387.79,-1
2024-07-31,2024-07-31 11:01:00,497.58,497.58,497.56,497.56,-0.0,162.23,80387.79,-1
2024-07-31,2024-07-31 11:02:00,497.56,497.56,497.54,497.54,-0.0,162.23,80387.79,-1
2024-07-31,2024-07-31 11:03:00,497.54,497.54,497.53,497.53,-0.0,162.23,80387.79,-1
2024-07-31,2024-07-31 11:04:00,497.53,497.53,497.51,497.51,-0.0,162.23,80387.79,-1
2024-07-31,2024-07-31 11:05:00,497.51,497.51,497.49,497.49,-0.0,162.23,80387.79,-1
2024-07-31,2024-07-31 11:06:00,497.49,497.49,497.47,497.47,-0.0,162.23,80387.79,-1
2024-07-31,2024-07-31 11:07:00,497.47,497.47,497.45,497.45,-0.0,162.23,80387.79,-1
2024-07-31,2024-07-31 11:08:00,497.45,497.45,497.43,497.43,-0.0,162.23,80387.79,-1
2024-07-31,2024-07-31 11:09:00,497.43,497.43,497.41,497.41,-0.0,162.23,80387.79,-1
2024-07-31,2024-07-31 11:10:00,497.41,497.41,497.39,497.39,-0.0,162.23,80387.79,-1
2024-07-31,2024-07-31 11:11:00,497.39,497.39,497.38,497.38,-0.0,162.23,80387.79,-1
2024-07-31,2024-07-31 11:12:00,497.38,497.38,497.36,497.36,-0.0,162.23,80387.79,-1
2024-07-31,2024-07-31 11:13:00,497.36,497.36,497.34,497.34,-0.0,162.23,80387.79,-1
2024-07-31,2024-07-31 11:14:00,497.34,497.34,497.32,497.32,-0.0,162.23,80387.79,-1
2024-07-31,2024-07-31 11:15:00,497.32,497.32,497.3,497.3,-0.0,162.23,80387.79,-1
2024-07-31,2024-07-31 11:16:00,497.3,497.3,497.28,497.28,-0.0,162.23,80387.79,-1
2024-07-31,2024-07-31 11:17:00,497.28,497.28,497.26,497.26,-0.0,162.23,80387.79,-1
2024-07-31,2024-07-31 11:18:00,497.26,497.26,497.24,497.24,-0.0,162.23,80387.79,-1
2024-07-31,2024-07-31 11:19:00,497.24,497.24,497.23,497.23,-0.0,162.23,80387.79,-1
2024-07-31,2024-07-31 11:20:00,497.23,497.23,497.21,497.21,-0.0,162.23,80387.79,-1
2024-07-31,2024-07-31 11:21:00,497.21,497.21,497.19,497.19,-0.0,162.23,80387.79,-1
2024-07-31,2024-07-31 11:22:00,497.19,497.19,497.17,497.17,-0.0,162.23,80387.79,-1
2024-07-31,2024-07-31 11:23:00,497.17,497.17,497.15,497.15,-0.0,162.23,80387.79,-1
2024-07-31,2024-07-31 11:24:00,497.15,497.15,497.13,497.13,-0.0,162.23,80387.79,-1
2024-07-31,2024-07-31 11:25:00,497.13,497.13,497.11,497.11,-0.0,162.23,80387.79,-1
2024-07-31,2024-07-31 11:26:00,497.11,497.11,497.09,497.09,-0.0,162.23,80387.79,-1
2024-07-31,2024-07-31 11:27:00,497.09,497.09,497.08,497.08,-0.0,162.23,80387.79,-1
2024-07-31,2024-07-31 11:28:00,497.08,497.08,497.06,497.06,-0.0,162.23,80387.79,-1
2024-07-31,2024-07-31 11:29:00,497.06,497.06,497.04,497.04,-0.0,162.23,80387.79,-1
2024-07-31,2024-07-31 11:30:00,497.04,497.04,497.02,497.02,-0.0,162.23,80387.79,-1
2024-07-31,2024-07-31 11:31:00,497.02,497.02,497.0,497.0,-0.0,162.23,80387.79,-1
2024-07-31,2024-07-31 11:32:00,497.0,497.0,496.98,496.98,-0.0,162.23,80387.79,-1
2024-07-31,2024-07-31 11:33:00,496.98,496.98,496.96,496.96,-0.0,162.23,80387.79,-1
2024-07-31,2024-07-31 11:34:00,496.96,496.96,496.94,496.94,-0.0,162.23,80387.79,-1
2024-07-31,2024-07-31 11:35:00,496.94,496.94,496.93,496.93,-0.0,162.23,80387.79,-1
2024-07-31,2024-07-31 11:36:00,496.93,496.93,496.91,496.91,-0.0,162.23,80387.79,-1
2024-07-31,2024-07-31 11:37:00,496.91,496.91,496.89,496.89,-0.0,162.23,80387.79,-1
2024-07-31,2024-07-31 11:38:00,496.89,496.89,496.87,496.87,-0.0,162.23,80387.79,-1
2024-07-31,2024-07-31 11:39:00,496.87,496.87,496.85,496.85,-0.0,162.23,80387.79,-1
2024-07-31,2024-07-31 11:40:00,496.85,496.85,496.83,496.83,-0.0,162.23,80387.79,-1
2024-07-31,2024-07-31 11:41:00,496.83,496.83,496.81,496.81,-0.0,162.23,80387.79,-1
2024-07-31,2024-07-31 11:42:00,496.81,496.81,496.79,496.79,-0.0,162.23,80387.79,-1
2024-07-31,2024-07-31 11:43:00,496.79,496.79,496.78,496.78,-0.0,162.23,80387.79,-1
2024-07-31,2024-07-31 11:44:00,496.78,496.78,496.76,496.76,-0.0,162.23,80387.79,-1
2024-07-31,2024-07-31 11:45:00,496.76,496.76,496.74,496.74,-0.0,162.23,80387.79,-1
2024-07-31,2024-07-31 11:46:00,496.74,496.74,496.72,496.72,-0.0,162.23,80387.79,-1
2024-07-31,2024-07-31 11:47:00,496.72,496.72,496.7,496.7,-0.0,162.23,80387.79,-1
2024-07-31,2024-07-31 11:48:00,496.7,496.7,496.68,496.68,-0.0,162.23,80387.79,-1
2024-07-31,2024-07-31 11:49:00,496.68,496.68,496.66,496.66,-0.0,162.23,80387.79,-1
2024-07-31,2024-07-31 11:50:00,496.66,496.66,496.64,496.64,-0.0,162.23,80387.79,-1
2024-07-31,2024-07-31 11:51:00,496.64,496.64,496.62,496.62,-0.0,162.23,80387.79,-1
2024-07-31,2024-07-31 11:52:00,496.62,496.62,496.61,496.61,-0.0,162.23,80387.79,-1
2024-07-31,2024-07-31 11:53:00,496.61,496.61,496.59,496.59,-0.0,162.23,80387.79,-1
2024-07-31,2024-07-31 11:54:00,496.59,496.59,496.57,496.57,-0.0,162.23,80387.79,-1
2024-07-31,2024-07-31 11:55:00,496.57,496.57,496.55,496.55,-0.0,162.23,80387.79,-1
2024-07-31,2024-07-31 11:56:00,496.55,496.55,496.53,496.53,-0.0,162.23,80387.79,-1
2024-07-31,2024-07-31 11:57:00,496.53,496.53,496.51,496.51,-0.0,162.23,80387.79,-1
2024-07-31,2024-07-31 11:58:00,496.51,496.51,496.49,496.49,-0.0,162.23,80387.79,-1
2024-07-31,2024-07-31 11:59:00,496.49,496.49,496.48,496.48,-0.0,162.23,80387.79,-1
2024-07-31,2024-07-31 12:00:00,496.48,496.48,496.46,496.46,-0.0,162.23,80387.79,-1
2024-07-31,2024-07-31 12:01:00,496.46,496.46,496.44,496.44,-0.0,162.23,80387.79,-1
2024-07-31,2024-07-31 12:02:00,496.44,496.44,496.42,496.42,-0.0,162.23,80387.79,-1
2024-07-31,2024-07-31 12:03:00,496.42,496.42,496.4,496.4,-0.0,162.23,80387.79,-1
2024-07-31,2024-07-31 12:04:00,496.4,496.4,496.38,496.38,-0.0,162.23,80387.79,-1
2024-07-31,2024-07-31 12:05:00,496.38,496.38,496.36,496.36,-0.0,162.23,80387.79,-1
2024-07-31,2024-07-31 12:06:00,496.36,496.36,496.34,496.34,-0.0,162.23,80387.79,-1
2024-07-31,2024-07-31 12:07:00,496.34,496.34,496.33,496.33,-0.0,162.23,80387.79,-1
2024-07-31,2024-07-31 12:08:00,496.33,496.33,496.31,496.31,-0.0,162.23,80387.79,-1
2024-07-31,2024-07-31 12:09:00,496.31,496.31,496.29,496.29,-0.0,162.23,80387.79,-1
2024-07-31,2024-07-31 12:10:00,496.29,496.29,496.27,496.27,-0.0,162.23,80387.79,-1
2024-07-31,2024-07-31 12:11:00,496.27,496.27,496.25,496.25,-0.0,162.23,80387.79,-1
2024-07-31,2024-07-31 12:12:00,496.25,496.25,496.23,496.23,-0.0,162.23,80387.79,-1
2024-07-31,2024-07-31 12:13:00,496.23,496.23,496.21,496.21,-0.0,162.23,80387.79,-1
2024-07-31,2024-07-31 12:14:00,496.21,496.21,496.19,496.19,-0.0,162.23,80387.79,-1
2024-07-31,2024-07-31 12:15:00,496.19,496.19,496.18,496.18,-0.0,162.23,80387.79,-1
2024-07-31,2024-07-31 12:16:00,496.18,496.18,496.16,496.16,-0.0,162.23,80387.79,-1
2024-07-31,2024-07-31 12:17:00,496.16,496.16,496.14,496.14,-0.0,162.23,80387.79,-1
2024-07-31,2024-07-31 12:18:00,496.14,496.14,496.12,496.12,-0.0,162.23,80387.79,-1
2024-07-31,2024-07-31 12:19:00,496.12,496.12,496.1,496.1,-0.0,162.23,80387.79,-1
2024-07-31,2024-07-31 12:20:00,496.1,496.1,496.08,496.08,-0.0,162.23,80387.79,-1
2024-07-31,2024-07-31 12:21:00,496.08,496.08,496.06,496.06,-0.0,162.23,80387.79,-1
2024-07-31,2024-07-31 12:22:00,496.06,496.06,496.04,496.04,-0.0,162.23,80387.79,-1
2024-07-31,2024-07-31 12:23:00,496.04,496.04,496.03,496.03,-0.0,162.23,80387.79,-1
2024-07-31,2024-07-31 12:24:00,496.03,496.03,496.01,496.01,-0.0,162.23,80387.79,-1
2024-07-31,2024-07-31 12:25:00,496.01,496.01,495.99,495.99,-0.0,162.23,80387.79,-1
2024-07-31,2024-07-31 12:26:00,495.99,495.99,495.97,495.97,-0.0,162.23,80387.79,-1
2024-07-31,2024-07-31 12:27:00,495.97,495.97,495.95,495.95,-0.0,162.23,80387.79,-1
2024-07-31,2024-07-31 12:28:00,495.95,495.95,495.93,495.93,-0.0,162.23,80387.79,-1
2024-07-31,2024-07-31 12:29:00,495.93,495.93,495.91,495.91,-0.0,162.23,80387.79,-1
2024-07-31,2024-07-31 12:30:00,495.91,495.91,495.89,495.89,-0.0,162.23,80387.79,-1
2024-07-31,2024-07-31 12:31:00,495.89,495.89,495.88,495.88,-0.0,162.23,80387.79,-1
2024-07-31,2024-07-31 12:32:00,495.88,495.88,495.86,495.86,-0.0,162.23,80387.79,-1
2024-07-31,2024-07-31 12:33:00,495.86,495.86,495.84,495.84,-0.0,162.23,80387.79,-1
2024-07-31,2024-07-31 12:34:00,495.84,495.84,495.82,495.82,-0.0,162.23,80387.79,-1
2024-07-31,2024-07-31 12:35:00,495.82,495.82,495.8,495.8,-0.0,162.23,80387.79,-1
2024-07-31,2024-07-31 12:36:00,495.8,495.8,495.78,495.78,-0.0,162.23,80387.79,-1
2024-07-31,2024-07-31 12:37:00,495.78,495.78,495.76,495.76,-0.0,162.23,80387.79,-1
2024-07-31,2024-07-31 12:38:00,495.76,495.76,495.74,495.74,-0.0,162.23,80387.79,-1
2024-07-31,2024-07-31 12:39:00,495.74,495.74,495.73,495.73,-0.0,162.23,80387.79,-1
2024-07-31,2024-07-31 12:40:00,495.73,495.73,495.71,495.71,-0.0,162.23,80387.79,-1
2024-07-31,2024-07-31 12:41:00,495.71,495.71,495.69,495.69,-0.0,162.23,80387.79,-1
2024-07-31,2024-07-31 12:42:00,495.69,495.69,495.67,495.67,-0.0,162.23,80387.79,-1
2024-07-31,2024-07-31 12:43:00,495.67,495.67,495.65,495.65,-0.0,162.23,80387.79,-1
2024-07-31,2024-07-31 12:44:00,495.65,495.65,495.63,495.63,-0.0,162.23,80387.79,-1
2024-07-31,2024-07-31 12:45:00,495.63,495.63,495.61,495.61,-0.0,162.23,80387.79,-1
2024-07-31,2024-07-31 12:46:00,495.61,495.61,495.59,495.59,-0.0,162.23,80387.79,-1
2024-07-31,2024-07-31 12:47:00,495.59,495.59,495.58,495.58,-0.0,162.23,80387.79,-1
2024-07-31,2024-07-31 12:48:00,495.58,495.58,495.56,495.56,-0.0,162.23,80387.79,-1
2024-07-31,2024-07-31 12:49:00,495.56,495.56,495.54,495.54,-0.0,162.23,80387.79,-1
2024-07-31,2024-07-31 12:50:00,495.54,495.54,495.52,495.52,-0.0,162.23,80387.79,-1
2024-07-31,2024-07-31 12:51:00,495.52,495.52,495.5,495.5,-0.0,162.23,80387.79,-1
2024-07-31,2024-07-31 12:52:00,495.5,495.5,495.48,495.48,-0.0,162.23,80387.79,-1
2024-07-31,2024-07-31 12:53:00,495.48,495.48,495.46,495.46,-0.0,162.23,80387.79,-1
2024-07-31,2024-07-31 12:54:00,495.46,495.46,495.44,495.44,-0.0,162.23,80387.79,-1
2024-07-31,2024-07-31 12:55:00,495.44,495.44,495.43,495.43,-0.0,162.23,80387.79,-1
2024-07-31,2024-07-31 12:56:00,495.43,495.43,495.41,495.41,-0.0,162.23,80387.79,-1
2024-07-31,2024-07-31 12:57:00,495.41,495.41,495.39,495.39,-0.0,162.23,80387.79,-1
2024-07-31,2024-07-31 12:58:00,495.39,495.39,495.37,495.37,-0.0,162.23,80387.79,-1
2024-07-31,2024-07-31 12:59:00,495.37,495.37,495.35,495.35,-0.0,162.23,80387.79,-1
2024-07-31,2024-07-31 13:00:00,495.35,513.0,478.2,495.33,-0.0,162.23,80387.79,-1
2024-07-31,2024-07-31 13:01:00,495.33,495.33,495.31,495.31,-0.0,162.23,80387.79,-1
2024-07-31,2024-07-31 13:02:00,495.31,495.31,495.29,495.29,-0.0,162.23,80387.79,-1
2024-07-31,2024-07-31 13:03:00,495.29,495.29,495.28,495.28,-0.0,162.23,80387.79,-1
2024-07-31,2024-07-31 13:04:00,495.28,495.28,495.26,495.26,-0.0,162.23,80387.79,-1
2024-07-31,2024-07-31 13:05:00,495.26,495.26,495.24,495.24,-0.0,162.23,80387.79,-1
2024-07-31,2024-07-31 13:06:00,495.24,495.24,495.22,495.22,-0.0,162.23,80387.79,-1
2024-07-31,2024-07-31 13:07:00,495.22,495.22,495.2,495.2,-0.0,162.23,80387.79,-1
2024-07-31,2024-07-31 13:08:00,495.2,495.2,495.18,495.18,-0.0,162.23,80387.79,-1
2024-07-31,2024-07-31 13:09:00,495.18,495.18,495.16,495.16,-0.0,162.23,80387.79,-1
2024-07-31,2024-07-31 13:10:00,495.16,495.16,495.14,495.14,-0.0,162.23,80387.79,-1
2024-07-31,2024-07-31 13:11:00,495.14,495.14,495.12,495.12,-0.0,162.23,80387.79,-1
2024-07-31,2024-07-31 13:12:00,495.12,495.12,495.11,495.11,-0.0,162.23,80387.79,-1
2024-07-31,2024-07-31 13:13:00,495.11,495.11,495.09,495.09,-0.0,162.23,80387.79,-1
2024-07-31,2024-07-31 13:14:00,495.09,495.09,495.07,495.07,-0.0,162.23,80387.79,-1
2024-07-31,2024-07-31 13:15:00,495.07,495.07,495.05,495.05,-0.0,162.23,80387.79,-1
2024-07-31,2024-07-31 13:16:00,495.05,495.05,495.03,495.03,-0.0,162.23,80387.79,-1
2024-07-31,2024-07-31 13:17:00,495.03,495.03,495.01,495.01,-0.0,162.23,80387.79,-1
2024-07-31,2024-07-31 13:18:00,495.01,495.01,494.99,494.99,-0.0,162.23,80387.79,-1
2024-07-31,2024-07-31 13:19:00,494.99,494.99,494.98,494.98,-0.0,162.23,80387.79,-1
2024-07-31,2024-07-31 13:20:00,494.98,494.98,494.96,494.96,-0.0,162.23,80387.79,-1
2024-07-31,2024-07-31 13:21:00,494.96,494.96,494.94,494.94,-0.0,162.23,80387.79,-1
2024-07-31,2024-07-31 13:22:00,494.94,494.94,494.92,494.92,-0.0,162.23,80387.79,-1
2024-07-31,2024-07-31 13:23:00,494.92,494.92,494.9,494.9,-0.0,162.23,80387.79,-1
2024-07-31,2024-07-31 13:24:00,494.9,494.9,494.88,494.88,-0.0,162.23,80387.79,-1
2024-07-31,2024-07-31 13:25:00,494.88,494.88,494.86,494.86,-0.0,162.23,80387.79,-1
2024-07-31,2024-07-31 13:26:00,494.86,494.86,494.84,494.84,-0.0,162.23,80387.79,-1
2024-07-31,2024-07-31 13:27:00,494.84,494.84,494.83,494.83,-0.0,162.23,80387.79,-1
2024-07-31,2024-07-31 13:28:00,494.83,494.83,494.81,494.81,-0.0,162.23,80387.79,-1
2024-07-31,2024-07-31 13:29:00,494.81,494.81,494.79,494.79,-0.0,162.23,80387.79,-1
2024-07-31,2024-07-31 13:30:00,494.79,494.79,494.77,494.77,-0.0,162.23,80387.79,-1
2024-07-31,2024-07-31 13:31:00,494.77,494.77,494.75,494.75,-0.0,162.23,80387.79,-1
2024-07-31,2024-07-31 13:32:00,494.75,494.75,494.73,494.73,-0.0,162.23,80387.79,-1
2024-07-31,2024-07-31 13:33:00,494.73,494.73,494.71,494.71,-0.0,162.23,80387.79,-1
2024-07-31,2024-07-31 13:34:00,494.71,494.71,494.69,494.69,-0.0,162.23,80387.79,-1
2024-07-31,2024-07-31 13:35:00,494.69,494.69,494.68,494.68,-0.0,162.23,80387.79,-1
2024-07-31,2024-07-31 13:36:00,494.68,494.68,494.66,494.66,-0.0,162.23,80387.79,-1
2024-07-31,2024-07-31 13:37:00,494.66,494.66,494.64,494.64,-0.0,162.23,80387.79,-1
2024-07-31,2024-07-31 13:38:00,494.64,494.64,494.62,494.62,-0.0,162.23,80387.79,-1
2024-07-31,2024-07-31 13:39:00,494.62,494.62,494.6,494.6,-0.0,162.23,80387.79,-1
2024-07-31,2024-07-31 13:40:00,494.6,494.6,494.58,494.58,-0.0,162.23,80387.79,-1
2024-07-31,2024-07-31 13:41:00,494.58,494.58,494.56,494.56,-0.0,162.23,80387.79,-1
2024-07-31,2024-07-31 13:42:00,494.56,494.56,494.54,494.54,-0.0,162.23,80387.79,-1
2024-07-31,2024-07-31 13:43:00,494.54,494.54,494.53,494.53,-0.0,162.23,80387.79,-1
2024-07-31,2024-07-31 13:44:00,494.53,494.53,494.51,494.51,-0.0,162.23,80387.79,-1
2024-07-31,2024-07-31 13:45:00,494.51,494.51,494.49,494.49,-0.0,162.23,80387.79,-1
2024-07-31,2024-07-31 13:46:00,494.49,494.49,494.47,494.47,-0.0,162.23,80387.79,-1
2024-07-31,2024-07-31 13:47:00,494.47,494.47,494.45,494.45,-0.0,162.23,80387.79,-1
2024-07-31,2024-07-31 13:48:00,494.45,494.45,494.43,494.43,-0.0,162.23,80387.79,-1
2024-07-31,2024-07-31 13:49:00,494.43,494.43,494.41,494.41,-0.0,162.23,80387.79,-1
2024-07-31,2024-07-31 13:50:00,494.41,494.41,494.39,494.39,-0.0,162.23,80387.79,-1
2024-07-31,2024-07-31 13:51:00,494.39,494.39,494.38,494.38,-0.0,162.23,80387.79,-1
2024-07-31,2024-07-31 13:52:00,494.38,494.38,494.36,494.36,-0.0,162.23,80387.79,-1
2024-07-31,2024-07-31 13:53:00,494.36,494.36,494.34,494.34,-0.0,162.23,80387.79,-1
2024-07-31,2024-07-31 13:54:00,494.34,494.34,494.32,494.32,-0.0,162.23,80387.79,-1
2024-07-31,2024-07-31 13:55:00,494.32,494.32,494.3,494.3,-0.0,162.23,80387.79,-1
2024-07-31,2024-07-31 13:56:00,494.3,494.3,494.28,494.28,-0.0,162.23,80387.79,-1
2024-07-31,2024-07-31 13:57:00,494.28,494.28,494.26,494.26,-0.0,162.23,80387.79,-1
2024-07-31,2024-07-31 13:58:00,494.26,494.26,494.24,494.24,-0.0,162.23,80387.79,-1
2024-07-31,2024-07-31 13:59:00,494.24,494.24,494.23,494.23,-0.0,162.23,80387.79,-1
2024-07-31,2024-07-31 14:00:00,494.23,494.23,494.21,494.21,-0.0,162.23,80387.79,-1
2024-07-31,2024-07-31 14:01:00,494.21,494.21,494.19,494.19,-0.0,162.23,80387.79,-1
2024-07-31,2024-07-31 14:02:00,494.19,494.19,494.17,494.17,-0.0,162.23,80387.79,-1
2024-07-31,2024-07-31 14:03:00,494.17,494.17,494.15,494.15,-0.0,162.23,80387.79,-1
2024-07-31,2024-07-31 14:04:00,494.15,494.15,494.13,494.13,-0.0,162.23,80387.79,-1
2024-07-31,2024-07-31 14:05:00,494.13,494.13,494.11,494.11,-0.0,162.23,80387.79,-1
2024-07-31,2024-07-31 14:06:00,494.11,494.11,494.09,494.09,-0.0,162.23,80387.79,-1
2024-07-31,2024-07-31 14:07:00,494.09,494.09,494.08,494.08,-0.0,162.23,80387.79,-1
2024-07-31,2024-07-31 14:08:00,494.08,494.08,494.06,494.06,-0.0,162.23,80387.79,-1
2024-07-31,2024-07-31 14:09:00,494.06,494.06,494.04,494.04,-0.0,162.23,80387.79,-1
2024-07-31,2024-07-31 14:10:00,494.04,494.04,494.02,494.02,-0.0,162.23,80387.79,-1
2024-07-31,2024-07-31 14:11:00,494.02,494.02,494.0,494.0,-0.0,162.23,80387.79,-1
2024-07-31,2024-07-31 14:12:00,494.0,494.0,493.98,493.98,-0.0,162.23,80387.79,-1
2024-07-31,2024-07-31 14:13:00,493.98,493.98,493.96,493.96,-0.0,162.23,80387.79,-1
2024-07-31,2024-07-31 14:14:00,493.96,493.96,493.94,493.94,-0.0,162.23,80387.79,-1
2024-07-31,2024-07-31 14:15:00,493.94,493.94,493.93,493.93,-0.0,162.23,80387.79,-1
2024-07-31,2024-07-31 14:16:00,493.93,493.93,493.91,493.91,-0.0,162.23,80387.79,-1
2024-07-31,2024-07-31 14:17:00,493.91,493.91,493.89,493.89,-0.0,162.23,80387.79,-1
2024-07-31,2024-07-31 14:18:00,493.89,493.89,493.87,493.87,-0.0,162.23,80387.79,-1
2024-07-31,2024-07-31 14:19:00,493.87,493.87,493.85,493.85,-0.0,162.23,80387.79,-1
2024-07-31,2024-07-31 14:20:00,493.85,493.85,493.83,493.83,-0.0,162.23,80387.79,-1
2024-07-31,2024-07-31 14:21:00,493.83,493.83,493.81,493.81,-0.0,162.23,80387.79,-1
2024-07-31,2024-07-31 14:22:00,493.81,493.81,493.79,493.79,-0.0,162.23,80387.79,-1
2024-07-31,2024-07-31 14:23:00,493.79,493.79,493.78,493.78,-0.0,162.23,80387.79,-1
2024-07-31,2024-07-31 14:24:00,493.78,493.78,493.76,493.76,-0.0,162.23,80387.79,-1
2024-07-31,2024-07-31 14:25:00,493.76,493.76,493.74,493.74,-0.0,162.23,80387.79,-1
2024-07-31,2024-07-31 14:26:00,493.74,493.74,493.72,493.72,-0.0,162.23,80387.79,-1
2024-07-31,2024-07-31 14:27:00,493.72,493.72,493.7,493.7,-0.0,162.23,80387.79,-1
2024-07-31,2024-07-31 14:28:00,493.7,493.7,493.68,493.68,-0.0,162.23,80387.79,-1
2024-07-31,2024-07-31 14:29:00,493.68,493.68,493.66,493.66,-0.0,162.23,80387.79,-1
2024-07-31,2024-07-31 14:30:00,493.66,493.66,493.64,493.64,-0.0,162.23,80387.79,-1
2024-07-31,2024-07-31 14:31:00,493.64,493.64,493.62,493.62,-0.0,162.23,80387.79,-1
2024-07-31,2024-07-31 14:32:00,493.62,493.62,493.61,493.61,-0.0,162.23,80387.79,-1
2024-07-31,2024-07-31 14:33:00,493.61,493.61,493.59,493.59,-0.0,162.23,80387.79,-1
2024-07-31,2024-07-31 14:34:00,493.59,493.59,493.57,493.57,-0.0,162.23,80387.79,-1
2024-07-31,2024-07-31 14:35:00,493.57,493.57,493.55,493.55,-0.0,162.23,80387.79,-1
2024-07-31,2024-07-31 14:36:00,493.55,493.55,493.53,493.53,-0.0,162.23,80387.79,-1
2024-07-31,2024-07-31 14:37:00,493.53,493.53,493.51,493.51,-0.0,162.23,80387.79,-1
2024-07-31,2024-07-31 14:38:00,493.51,493.51,493.49,493.49,-0.0,162.23,80387.79,-1
2024-07-31,2024-07-31 14:39:00,493.49,493.49,493.48,493.48,-0.0,162.23,80387.79,-1
2024-07-31,2024-07-31 14:40:00,493.48,493.48,493.46,493.46,-0.0,162.23,80387.79,-1
2024-07-31,2024-07-31 14:41:00,493.46,493.46,493.44,493.44,-0.0,162.23,80387.79,-1
2024-07-31,2024-07-31 14:42:00,493.44,493.44,493.42,493.42,-0.0,162.23,80387.79,-1
2024-07-31,2024-07-31 14:43:00,493.42,493.42,493.4,493.4,-0.0,162.23,80387.79,-1
2024-07-31,2024-07-31 14:44:00,493.4,493.4,493.38,493.38,-0.0,162.23,80387.79,-1
2024-07-31,2024-07-31 14:45:00,493.38,493.38,493.36,493.36,-0.0,162.23,80387.79,-1
2024-07-31,2024-07-31 14:46:00,493.36,493.36,493.34,493.34,-0.0,162.23,80387.79,-1
2024-07-31,2024-07-31 14:47:00,493.34,493.34,493.33,493.33,-0.0,162.23,80387.79,-1
2024-07-31,2024-07-31 14:48:00,493.33,493.33,493.31,493.31,-0.0,162.23,80387.79,-1
2024-07-31,2024-07-31 14:49:00,493.31,493.31,493.29,493.29,-0.0,162.23,80387.79,-1
2024-07-31,2024-07-31 14:50:00,493.29,493.29,493.27,493.27,-0.0,162.23,80387.79,-1
2024-07-31,2024-07-31 14:51:00,493.27,493.27,493.25,493.25,-0.0,162.23,80387.79,-1
2024-07-31,2024-07-31 14:52:00,493.25,493.25,493.23,493.23,-0.0,162.23,80387.79,-1
2024-07-31,2024-07-31 14:53:00,493.23,493.23,493.21,493.21,-0.0,162.23,80387.79,-1
2024-07-31,2024-07-31 14:54:00,493.21,493.21,493.19,493.19,-0.0,162.23,80387.79,-1
2024-07-31,2024-07-31 14:55:00,493.19,493.19,493.18,493.18,-0.0,162.23,80387.79,-1
2024-07-31,2024-07-31 14:56:00,493.18,493.18,493.16,493.16,-0.0,162.23,80387.79,-1
2024-07-31,2024-07-31 14:57:00,493.16,493.16,493.14,493.14,-0.0,162.23,80387.79,-1
2024-07-31,2024-07-31 14:58:00,493.14,493.14,493.12,493.12,-0.0,162.23,80387.79,-1
2024-07-31,2024-07-31 14:59:00,493.12,493.12,493.1,493.1,-0.0,162.23,80387.79,-1
2024-07-31,2024-07-31 15:00:00,493.1,513.0,478.2,493.1,0.0,162.23,80387.79,0
2024-08-01,2024-08-01 11:00:00,495.0,496.47,490.59,494.95,-0.01,122.25,59909.45,-1
2024-08-01,2024-08-01 11:01:00,494.95,494.95,494.91,494.91,-0.01,122.25,59909.45,-1
2024-08-01,2024-08-01 11:02:00,494.91,494.91,494.86,494.86,-0.01,122.25,59909.45,-1
2024-08-01,2024-08-01 11:03:00,494.86,494.86,494.82,494.82,-0.01,122.25,59909.45,-1
2024-08-01,2024-08-01 11:04:00,494.82,494.82,494.77,494.77,-0.01,122.25,59909.45,-1
2024-08-01,2024-08-01 11:05:00,494.77,494.77,494.73,494.73,-0.01,122.25,59909.45,-1
2024-08-01,2024-08-01 11:06:00,494.73,494.73,494.68,494.68,-0.01,122.25,59909.45,-1
2024-08-01,2024-08-01 11:07:00,494.68,494.68,494.63,494.63,-0.01,122.25,59909.45,-1
2024-08-01,2024-08-01 11:08:00,494.63,494.63,494.59,494.59,-0.01,122.25,59909.45,-1
2024-08-01,2024-08-01 11:09:00,494.59,494.59,494.54,494.54,-0.01,122.25,59909.45,-1
2024-08-01,2024-08-01 11:10:00,494.54,494.54,494.5,494.5,-0.01,122.25,59909.45,-1
2024-08-01,2024-08-01 11:11:00,494.5,494.5,494.45,494.45,-0.01,122.25,59909.45,-1
2024-08-01,2024-08-01 11:12:00,494.45,494.45,494.4,494.4,-0.01,122.25,59909.45,-1
2024-08-01,2024-08-01 11:13:00,494.4,494.4,494.36,494.36,-0.01,122.25,59909.45,-1
2024-08-01,2024-08-01 11:14:00,494.36,494.36,494.31,494.31,-0.01,122.25,59909.45,-1
2024-08-01,2024-08-01 11:15:00,494.31,494.31,494.27,494.27,-0.01,122.25,59909.45,-1
2024-08-01,2024-08-01 11:16:00,494.27,494.27,494.22,494.22,-0.01,122.25,59909.45,-1
2024-08-01,2024-08-01 11:17:00,494.22,494.22,494.18,494.18,-0.01,122.25,59909.45,-1
2024-08-01,2024-08-01 11:18:00,494.18,494.18,494.13,494.13,-0.01,122.25,59909.45,-1
2024-08-01,2024-08-01 11:19:00,494.13,494.13,494.08,494.08,-0.01,122.25,59909.45,-1
2024-08-01,2024-08-01 11:20:00,494.08,494.08,494.04,494.04,-0.01,122.25,59909.45,-1
2024-08-01,2024-08-01 11:21:00,494.04,494.04,493.99,493.99,-0.01,122.25,59909.45,-1
2024-08-01,2024-08-01 11:22:00,493.99,493.99,493.95,493.95,-0.01,122.25,59909.45,-1
2024-08-01,2024-08-01 11:23:00,493.95,493.95,493.9,493.9,-0.01,122.25,59909.45,-1
2024-08-01,2024-08-01 11:24:00,493.9,493.9,493.85,493.85,-0.01,122.25,59909.45,-1
2024-08-01,2024-08-01 11:25:00,493.85,493.85,493.81,493.81,-0.01,122.25,59909.45,-1
2024-08-01,2024-08-01 11:26:00,493.81,493.81,493.76,493.76,-0.01,122.25,59909.45,-1
2024-08-01,2024-08-01 11:27:00,493.76,493.76,493.72,493.72,-0.01,122.25,59909.45,-1
2024-08-01,2024-08-01 11:28:00,493.72,493.72,493.67,493.67,-0.01,122.25,59909.45,-1
2024-08-01,2024-08-01 11:29:00,493.67,493.67,493.62,493.62,-0.01,122.25,59909.45,-1
2024-08-01,2024-08-01 11:30:00,493.62,493.62,493.58,493.58,-0.01,122.25,59909.45,-1
2024-08-01,2024-08-01 11:31:00,493.58,493.58,493.53,493.53,-0.01,122.25,59909.45,-1
2024-08-01,2024-08-01 11:32:00,493.53,493.53,493.49,493.49,-0.01,122.25,59909.45,-1
2024-08-01,2024-08-01 11:33:00,493.49,493.49,493.44,493.44,-0.01,122.25,59909.45,-1
2024-08-01,2024-08-01 11:34:00,493.44,493.44,493.4,493.4,-0.01,122.25,59909.45,-1
2024-08-01,2024-08-01 11:35:00,493.4,493.4,493.35,493.35,-0.01,122.25,59909.45,-1
2024-08-01,2024-08-01 11:36:00,493.35,493.35,493.3,493.3,-0.01,122.25,59909.45,-1
2024-08-01,2024-08-01 11:37:00,493.3,493.3,493.26,493.26,-0.01,122.25,59909.45,-1
2024-08-01,2024-08-01 11:38:00,493.26,493.26,493.21,493.21,-0.01,122.25,59909.45,-1
2024-08-01,2024-08-01 11:39:00,493.21,493.21,493.17,493.17,-0.01,122.25,59909.45,-1
2024-08-01,2024-08-01 11:40:00,493.17,493.17,493.12,493.12,-0.01,122.25,59909.45,-1
2024-08-01,2024-08-01 11:41:00,493.12,493.12,493.07,493.07,-0.01,122.25,59909.45,-1
2024-08-01,2024-08-01 11:42:00,493.07,493.07,493.03,493.03,-0.01,122.25,59909.45,-1
2024-08-01,2024-08-01 11:43:00,493.03,493.03,492.98,492.98,-0.01,122.25,59909.45,-1
2024-08-01,2024-08-01 11:44:00,492.98,492.98,492.94,492.94,-0.01,122.25,59909.45,-1
2024-08-01,2024-08-01 11:45:00,492.94,492.94,492.89,492.89,-0.01,122.25,59909.45,-1
2024-08-01,2024-08-01 11:46:00,492.89,492.89,492.85,492.85,-0.01,122.25,59909.45,-1
2024-08-01,2024-08-01 11:47:00,492.85,492.85,492.8,492.8,-0.01,122.25,59909.45,-1
2024-08-01,2024-08-01 11:48:00,492.8,492.8,492.75,492.75,-0.01,122.25,59909.45,-1
2024-08-01,2024-08-01 11:49:00,492.75,492.75,492.71,492.71,-0.01,122.25,59909.45,-1
2024-08-01,2024-08-01 11:50:00,492.71,492.71,492.66,492.66,-0.01,122.25,59909.45,-1
2024-08-01,2024-08-01 11:51:00,492.66,492.66,492.62,492.62,-0.01,122.25,59909.45,-1
2024-08-01,2024-08-01 11:52:00,492.62,492.62,492.57,492.57,-0.01,122.25,59909.45,-1
2024-08-01,2024-08-01 11:53:00,492.57,492.57,492.52,492.52,-0.01,122.25,59909.45,-1
2024-08-01,2024-08-01 11:54:00,492.52,492.52,492.48,492.48,-0.01,122.25,59909.45,-1
2024-08-01,2024-08-01 11:55:00,492.48,492.48,492.43,492.43,-0.01,122.25,59909.45,-1
2024-08-01,2024-08-01 11:56:00,492.43,492.43,492.39,492.39,-0.01,122.25,59909.45,-1
2024-08-01,2024-08-01 11:57:00,492.39,492.39,492.34,492.34,-0.01,122.25,59909.45,-1
2024-08-01,2024-08-01 11:58:00,492.34,492.34,492.3,492.3,-0.01,122.25,59909.45,-1
2024-08-01,2024-08-01 11:59:00,492.3,492.3,492.25,492.25,-0.01,122.25,59909.45,-1
2024-08-01,2024-08-01 12:00:00,492.25,492.25,492.2,492.2,-0.01,122.25,59909.45,-1
2024-08-01,2024-08-01 12:01:00,492.2,492.2,492.16,492.16,-0.01,122.25,59909.45,-1
2024-08-01,2024-08-01 12:02:00,492.16,492.16,492.11,492.11,-0.01,122.25,59909.45,-1
2024-08-01,2024-08-01 12:03:00,492.11,492.11,492.07,492.07,-0.01,122.25,59909.45,-1
2024-08-01,2024-08-01 12:04:00,492.07,492.07,492.02,492.02,-0.01,122.25,59909.45,-1
2024-08-01,2024-08-01 12:05:00,492.02,492.02,491.98,491.98,-0.01,122.25,59909.45,-1
2024-08-01,2024-08-01 12:06:00,491.98,491.98,491.93,491.93,-0.01,122.25,59909.45,-1
2024-08-01,2024-08-01 12:07:00,491.93,491.93,491.88,491.88,-0.01,122.25,59909.45,-1
2024-08-01,2024-08-01 12:08:00,491.88,491.88,491.84,491.84,-0.01,122.25,59909.45,-1
2024-08-01,2024-08-01 12:09:00,491.84,491.84,491.79,491.79,-0.01,122.25,59909.45,-1
2024-08-01,2024-08-01 12:10:00,491.79,491.79,491.75,491.75,-0.01,122.25,59909.45,-1
2024-08-01,2024-08-01 12:11:00,491.75,491.75,491.7,491.7,-0.01,122.25,59909.45,-1
2024-08-01,2024-08-01 12:12:00,491.7,491.7,491.65,491.65,-0.01,122.25,59909.45,-1
2024-08-01,2024-08-01 12:13:00,491.65,491.65,491.61,491.61,-0.01,122.25,59909.45,-1
2024-08-01,2024-08-01 12:14:00,491.61,491.61,491.56,491.56,-0.01,122.25,59909.45,-1
2024-08-01,2024-08-01 12:15:00,491.56,491.56,491.52,491.52,-0.01,122.25,59909.45,-1
2024-08-01,2024-08-01 12:16:00,491.52,491.52,491.47,491.47,-0.01,122.25,59909.45,-1
2024-08-01,2024-08-01 12:17:00,491.47,491.47,491.43,491.43,-0.01,122.25,59909.45,-1
2024-08-01,2024-08-01 12:18:00,491.43,491.43,491.38,491.38,-0.01,122.25,59909.45,-1
2024-08-01,2024-08-01 12:19:00,491.38,491.38,491.33,491.33,-0.01,122.25,59909.45,-1
2024-08-01,2024-08-01 12:20:00,491.33,491.33,491.29,491.29,-0.01,122.25,59909.45,-1
2024-08-01,2024-08-01 12:21:00,491.29,491.29,491.24,491.24,-0.01,122.25,59909.45,-1
2024-08-01,2024-08-01 12:22:00,491.24,491.24,491.2,491.2,-0.01,122.25,59909.45,-1
2024-08-01,2024-08-01 12:23:00,491.2,491.2,491.15,491.15,-0.01,122.25,59909.45,-1
2024-08-01,2024-08-01 12:24:00,491.15,491.15,491.1,491.1,-0.01,122.25,59909.45,-1
2024-08-01,2024-08-01 12:25:00,491.1,491.1,491.06,491.06,-0.01,122.25,59909.45,-1
2024-08-01,2024-08-01 12:26:00,491.06,491.06,491.01,491.01,-0.01,122.25,59909.45,-1
2024-08-01,2024-08-01 12:27:00,491.01,491.01,490.97,490.97,-0.01,122.25,59909.45,-1
2024-08-01,2024-08-01 12:28:00,490.97,490.97,490.92,490.92,-0.01,122.25,59909.45,-1
2024-08-01,2024-08-01 12:29:00,490.92,490.92,490.88,490.88,-0.01,122.25,59909.45,-1
2024-08-01,2024-08-01 12:30:00,490.88,490.88,490.83,490.83,-0.01,122.25,59909.45,-1
2024-08-01,2024-08-01 12:31:00,490.83,490.83,490.78,490.78,-0.01,122.25,59909.45,-1
2024-08-01,2024-08-01 12:32:00,490.78,490.78,490.74,490.74,-0.01,122.25,59909.45,-1
2024-08-01,2024-08-01 12:33:00,490.74,490.74,490.69,490.69,-0.01,122.25,59909.45,-1
2024-08-01,2024-08-01 12:34:00,490.69,490.69,490.65,490.65,-0.01,122.25,59909.45,-1
2024-08-01,2024-08-01 12:35:00,490.65,490.65,490.6,490.6,-0.01,122.25,59909.45,-1
2024-08-01,2024-08-01 12:36:00,490.6,490.6,490.55,490.55,-0.01,122.25,59909.45,-1
2024-08-01,2024-08-01 12:37:00,490.55,490.55,490.51,490.51,-0.01,122.25,59909.45,-1
2024-08-01,2024-08-01 12:38:00,490.51,490.51,490.46,490.46,-0.01,122.25,59909.45,-1
2024-08-01,2024-08-01 12:39:00,490.46,490.46,490.42,490.42,-0.01,122.25,59909.45,-1
2024-08-01,2024-08-01 12:40:00,490.42,490.42,490.37,490.37,-0.01,122.25,59909.45,-1
2024-08-01,2024-08-01 12:41:00,490.37,490.37,490.32,490.32,-0.01,122.25,59909.45,-1
2024-08-01,2024-08-01 12:42:00,490.32,490.32,490.28,490.28,-0.01,122.25,59909.45,-1
2024-08-01,2024-08-01 12:43:00,490.28,490.28,490.23,490.23,-0.01,122.25,59909.45,-1
2024-08-01,2024-08-01 12:44:00,490.23,490.23,490.19,490.19,-0.01,122.25,59909.45,-1
2024-08-01,2024-08-01 12:45:00,490.19,490.19,490.14,490.14,-0.01,122.25,59909.45,-1
2024-08-01,2024-08-01 12:46:00,490.14,490.14,490.1,490.1,-0.01,122.25,59909.45,-1
2024-08-01,2024-08-01 12:47:00,490.1,490.1,490.05,490.05,-0.01,122.25,59909.45,-1
2024-08-01,2024-08-01 12:48:00,490.05,490.05,490.0,490.0,-0.01,122.25,59909.45,-1
2024-08-01,2024-08-01 12:49:00,490.0,490.0,489.96,489.96,-0.01,122.25,59909.45,-1
2024-08-01,2024-08-01 12:50:00,489.96,489.96,489.91,489.91,-0.01,122.25,59909.45,-1
2024-08-01,2024-08-01 12:51:00,489.91,489.91,489.87,489.87,-0.01,122.25,59909.45,-1
2024-08-01,2024-08-01 12:52:00,489.87,489.87,489.82,489.82,-0.01,122.25,59909.45,-1
2024-08-01,2024-08-01 12:53:00,489.82,489.82,489.77,489.77,-0.01,122.25,59909.45,-1
2024-08-01,2024-08-01 12:54:00,489.77,489.77,489.73,489.73,-0.01,122.25,59909.45,-1
2024-08-01,2024-08-01 12:55:00,489.73,489.73,489.68,489.68,-0.01,122.25,59909.45,-1
2024-08-01,2024-08-01 12:56:00,489.68,489.68,489.64,489.64,-0.01,122.25,59909.45,-1
2024-08-01,2024-08-01 12:57:00,489.64,489.64,489.59,489.59,-0.01,122.25,59909.45,-1
2024-08-01,2024-08-01 12:58:00,489.59,489.59,489.55,489.55,-0.01,122.25,59909.45,-1
2024-08-01,2024-08-01 12:59:00,489.55,489.55,489.5,489.5,-0.01,122.25,59909.45,-1
2024-08-01,2024-08-01 13:00:00,489.5,499.9,480.3,489.45,-0.01,122.25,59909.45,-1
2024-08-01,2024-08-01 13:01:00,489.45,489.45,489.41,489.41,-0.01,122.25,59909.45,-1
2024-08-01,2024-08-01 13:02:00,489.41,489.41,489.36,489.36,-0.01,122.25,59909.45,-1
2024-08-01,2024-08-01 13:03:00,489.36,489.36,489.32,489.32,-0.01,122.25,59909.45,-1
2024-08-01,2024-08-01 13:04:00,489.32,489.32,489.27,489.27,-0.01,122.25,59909.45,-1
2024-08-01,2024-08-01 13:05:00,489.27,489.27,489.23,489.23,-0.01,122.25,59909.45,-1
2024-08-01,2024-08-01 13:06:00,489.23,489.23,489.18,489.18,-0.01,122.25,59909.45,-1
2024-08-01,2024-08-01 13:07:00,489.18,489.18,489.13,489.13,-0.01,122.25,59909.45,-1
2024-08-01,2024-08-01 13:08:00,489.13,489.13,489.09,489.09,-0.01,122.25,59909.45,-1
2024-08-01,2024-08-01 13:09:00,489.09,489.09,489.04,489.04,-0.01,122.25,59909.45,-1
2024-08-01,2024-08-01 13:10:00,489.04,489.04,489.0,489.0,-0.01,122.25,59909.45,-1
2024-08-01,2024-08-01 13:11:00,489.0,489.0,488.95,488.95,-0.01,122.25,59909.45,-1
2024-08-01,2024-08-01 13:12:00,488.95,488.95,488.9,488.9,-0.01,122.25,59909.45,-1
2024-08-01,2024-08-01 13:13:00,488.9,488.9,488.86,488.86,-0.01,122.25,59909.45,-1
2024-08-01,2024-08-01 13:14:00,488.86,488.86,488.81,488.81,-0.01,122.25,59909.45,-1
2024-08-01,2024-08-01 13:15:00,488.81,488.81,488.77,488.77,-0.01,122.25,59909.45,-1
2024-08-01,2024-08-01 13:16:00,488.77,488.77,488.72,488.72,-0.01,122.25,59909.45,-1
2024-08-01,2024-08-01 13:17:00,488.72,488.72,488.68,488.68,-0.01,122.25,59909.45,-1
2024-08-01,2024-08-01 13:18:00,488.68,488.68,488.63,488.63,-0.01,122.25,59909.45,-1
2024-08-01,2024-08-01 13:19:00,488.63,488.63,488.58,488.58,-0.01,122.25,59909.45,-1
2024-08-01,2024-08-01 13:20:00,488.58,488.58,488.54,488.54,-0.01,122.25,59909.45,-1
2024-08-01,2024-08-01 13:21:00,488.54,488.54,488.49,488.49,-0.01,122.25,59909.45,-1
2024-08-01,2024-08-01 13:22:00,488.49,488.49,488.45,488.45,-0.01,122.25,59909.45,-1
2024-08-01,2024-08-01 13:23:00,488.45,488.45,488.4,488.4,-0.01,122.25,59909.45,-1
2024-08-01,2024-08-01 13:24:00,488.4,488.4,488.35,488.35,-0.01,122.25,59909.45,-1
2024-08-01,2024-08-01 13:25:00,488.35,488.35,488.31,488.31,-0.01,122.25,59909.45,-1
2024-08-01,2024-08-01 13:26:00,488.31,488.31,488.26,488.26,-0.01,122.25,59909.45,-1
2024-08-01,2024-08-01 13:27:00,488.26,488.26,488.22,488.22,-0.01,122.25,59909.45,-1
2024-08-01,2024-08-01 13:28:00,488.22,488.22,488.17,488.17,-0.01,122.25,59909.45,-1
2024-08-01,2024-08-01 13:29:00,488.17,488.17,488.12,488.12,-0.01,122.25,59909.45,-1
2024-08-01,2024-08-01 13:30:00,488.12,488.12,488.08,488.08,-0.01,122.25,59909.45,-1
2024-08-01,2024-08-01 13:31:00,488.08,488.08,488.03,488.03,-0.01,122.25,59909.45,-1
2024-08-01,2024-08-01 13:32:00,488.03,488.03,487.99,487.99,-0.01,122.25,59909.45,-1
2024-08-01,2024-08-01 13:33:00,487.99,487.99,487.94,487.94,-0.01,122.25,59909.45,-1
2024-08-01,2024-08-01 13:34:00,487.94,487.94,487.9,487.9,-0.01,122.25,59909.45,-1
2024-08-01,2024-08-01 13:35:00,487.9,487.9,487.85,487.85,-0.01,122.25,59909.45,-1
2024-08-01,2024-08-01 13:36:00,487.85,487.85,487.8,487.8,-0.01,122.25,59909.45,-1
2024-08-01,2024-08-01 13:37:00,487.8,487.8,487.76,487.76,-0.01,122.25,59909.45,-1
2024-08-01,2024-08-01 13:38:00,487.76,487.76,487.71,487.71,-0.01,122.25,59909.45,-1
2024-08-01,2024-08-01 13:39:00,487.71,487.71,487.67,487.67,-0.01,122.25,59909.45,-1
2024-08-01,2024-08-01 13:40:00,487.67,487.67,487.62,487.62,-0.01,122.25,59909.45,-1
2024-08-01,2024-08-01 13:41:00,487.62,487.62,487.57,487.57,-0.01,122.25,59909.45,-1
2024-08-01,2024-08-01 13:42:00,487.57,487.57,487.53,487.53,-0.01,122.25,59909.45,-1
2024-08-01,2024-08-01 13:43:00,487.53,487.53,487.48,487.48,-0.01,122.25,59909.45,-1
2024-08-01,2024-08-01 13:44:00,487.48,487.48,487.44,487.44,-0.01,122.25,59909.45,-1
2024-08-01,2024-08-01 13:45:00,487.44,487.44,487.39,487.39,-0.01,122.25,59909.45,-1
2024-08-01,2024-08-01 13:46:00,487.39,487.39,487.35,487.35,-0.01,122.25,59909.45,-1
2024-08-01,2024-08-01 13:47:00,487.35,487.35,487.3,487.3,-0.01,122.25,59909.45,-1
2024-08-01,2024-08-01 13:48:00,487.3,487.3,487.25,487.25,-0.01,122.25,59909.45,-1
2024-08-01,2024-08-01 13:49:00,487.25,487.25,487.21,487.21,-0.01,122.25,59909.45,-1
2024-08-01,2024-08-01 13:50:00,487.21,487.21,487.16,487.16,-0.01,122.25,59909.45,-1
2024-08-01,2024-08-01 13:51:00,487.16,487.16,487.12,487.12,-0.01,122.25,59909.45,-1
2024-08-01,2024-08-01 13:52:00,487.12,487.12,487.07,487.07,-0.01,122.25,59909.45,-1
2024-08-01,2024-08-01 13:53:00,487.07,487.07,487.02,487.02,-0.01,122.25,59909.45,-1
2024-08-01,2024-08-01 13:54:00,487.02,487.02,486.98,486.98,-0.01,122.25,59909.45,-1
2024-08-01,2024-08-01 13:55:00,486.98,486.98,486.93,486.93,-0.01,122.25,59909.45,-1
2024-08-01,2024-08-01 13:56:00,486.93,486.93,486.89,486.89,-0.01,122.25,59909.45,-1
2024-08-01,2024-08-01 13:57:00,486.89,486.89,486.84,486.84,-0.01,122.25,59909.45,-1
2024-08-01,2024-08-01 13:58:00,486.84,486.84,486.8,486.8,-0.01,122.25,59909.45,-1
2024-08-01,2024-08-01 13:59:00,486.8,486.8,486.75,486.75,-0.01,122.25,59909.45,-1
2024-08-01,2024-08-01 14:00:00,486.75,486.75,486.7,486.7,-0.01,122.25,59909.45,-1
2024-08-01,2024-08-01 14:01:00,486.7,486.7,486.66,486.66,-0.01,122.25,59909.45,-1
2024-08-01,2024-08-01 14:02:00,486.66,486.66,486.61,486.61,-0.01,122.25,59909.45,-1
2024-08-01,2024-08-01 14:03:00,486.61,486.61,486.57,486.57,-0.01,122.25,59909.45,-1
2024-08-01,2024-08-01 14:04:00,486.57,486.57,486.52,486.52,-0.01,122.25,59909.45,-1
2024-08-01,2024-08-01 14:05:00,486.52,486.52,486.48,486.48,-0.01,122.25,59909.45,-1
2024-08-01,2024-08-01 14:06:00,486.48,486.48,486.43,486.43,-0.01,122.25,59909.45,-1
2024-08-01,2024-08-01 14:07:00,486.43,486.43,486.38,486.38,-0.01,122.25,59909.45,-1
2024-08-01,2024-08-01 14:08:00,486.38,486.38,486.34,486.34,-0.01,122.25,59909.45,-1
2024-08-01,2024-08-01 14:09:00,486.34,486.34,486.29,486.29,-0.01,122.25,59909.45,-1
2024-08-01,2024-08-01 14:10:00,486.29,486.29,486.25,486.25,-0.01,122.25,59909.45,-1
2024-08-01,2024-08-01 14:11:00,486.25,486.25,486.2,486.2,-0.01,122.25,59909.45,-1
2024-08-01,2024-08-01 14:12:00,486.2,486.2,486.15,486.15,-0.01,122.25,59909.45,-1
2024-08-01,2024-08-01 14:13:00,486.15,486.15,486.11,486.11,-0.01,122.25,59909.45,-1
2024-08-01,2024-08-01 14:14:00,486.11,486.11,486.06,486.06,-0.01,122.25,59909.45,-1
2024-08-01,2024-08-01 14:15:00,486.06,486.06,486.02,486.02,-0.01,122.25,59909.45,-1
2024-08-01,2024-08-01 14:16:00,486.02,486.02,485.97,485.97,-0.01,122.25,59909.45,-1
2024-08-01,2024-08-01 14:17:00,485.97,485.97,485.93,485.93,-0.01,122.25,59909.45,-1
2024-08-01,2024-08-01 14:18:00,485.93,485.93,485.88,485.88,-0.01,122.25,59909.45,-1
2024-08-01,2024-08-01 14:19:00,485.88,485.88,485.83,485.83,-0.01,122.25,59909.45,-1
2024-08-01,2024-08-01 14:20:00,485.83,485.83,485.79,485.79,-0.01,122.25,59909.45,-1
2024-08-01,2024-08-01 14:21:00,485.79,485.79,485.74,485.74,-0.01,122.25,59909.45,-1
2024-08-01,2024-08-01 14:22:00,485.74,485.74,485.7,485.7,-0.01,122.25,59909.45,-1
2024-08-01,2024-08-01 14:23:00,485.7,485.7,485.65,485.65,-0.01,122.25,59909.45,-1
2024-08-01,2024-08-01 14:24:00,485.65,485.65,485.6,485.6,-0.01,122.25,59909.45,-1
2024-08-01,2024-08-01 14:25:00,485.6,485.6,485.56,485.56,-0.01,122.25,59909.45,-1
2024-08-01,2024-08-01 14:26:00,485.56,485.56,485.51,485.51,-0.01,122.25,59909.45,-1
2024-08-01,2024-08-01 14:27:00,485.51,485.51,485.47,485.47,-0.01,122.25,59909.45,-1
2024-08-01,2024-08-01 14:28:00,485.47,485.47,485.42,485.42,-0.01,122.25,59909.45,-1
2024-08-01,2024-08-01 14:29:00,485.42,485.42,485.38,485.38,-0.01,122.25,59909.45,-1
2024-08-01,2024-08-01 14:30:00,485.38,485.38,485.33,485.33,-0.01,122.25,59909.45,-1
2024-08-01,2024-08-01 14:31:00,485.33,485.33,485.28,485.28,-0.01,122.25,59909.45,-1
2024-08-01,2024-08-01 14:32:00,485.28,485.28,485.24,485.24,-0.01,122.25,59909.45,-1
2024-08-01,2024-08-01 14:33:00,485.24,485.24,485.19,485.19,-0.01,122.25,59909.45,-1
2024-08-01,2024-08-01 14:34:00,485.19,485.19,485.15,485.15,-0.01,122.25,59909.45,-1
2024-08-01,2024-08-01 14:35:00,485.15,485.15,485.1,485.1,-0.01,122.25,59909.45,-1
2024-08-01,2024-08-01 14:36:00,485.1,485.1,485.05,485.05,-0.01,122.25,59909.45,-1
2024-08-01,2024-08-01 14:37:00,485.05,485.05,485.01,485.01,-0.01,122.25,59909.45,-1
2024-08-01,2024-08-01 14:38:00,485.01,485.01,484.96,484.96,-0.01,122.25,59909.45,-1
2024-08-01,2024-08-01 14:39:00,484.96,484.96,484.92,484.92,-0.01,122.25,59909.45,-1
2024-08-01,2024-08-01 14:40:00,484.92,484.92,484.87,484.87,-0.01,122.25,59909.45,-1
2024-08-01,2024-08-01 14:41:00,484.87,484.87,484.82,484.82,-0.01,122.25,59909.45,-1
2024-08-01,2024-08-01 14:42:00,484.82,484.82,484.78,484.78,-0.01,122.25,59909.45,-1
2024-08-01,2024-08-01 14:43:00,484.78,484.78,484.73,484.73,-0.01,122.25,59909.45,-1
2024-08-01,2024-08-01 14:44:00,484.73,484.73,484.69,484.69,-0.01,122.25,59909.45,-1
2024-08-01,2024-08-01 14:45:00,484.69,484.69,484.64,484.64,-0.01,122.25,59909.45,-1
2024-08-01,2024-08-01 14:46:00,484.64,484.64,484.6,484.6,-0.01,122.25,59909.45,-1
2024-08-01,2024-08-01 14:47:00,484.6,484.6,484.55,484.55,-0.01,122.25,59909.45,-1
2024-08-01,2024-08-01 14:48:00,484.55,484.55,484.5,484.5,-0.01,122.25,59909.45,-1
2024-08-01,2024-08-01 14:49:00,484.5,484.5,484.46,484.46,-0.01,122.25,59909.45,-1
2024-08-01,2024-08-01 14:50:00,484.46,484.46,484.41,484.41,-0.01,122.25,59909.45,-1
2024-08-01,2024-08-01 14:51:00,484.41,484.41,484.37,484.37,-0.01,122.25,59909.45,-1
2024-08-01,2024-08-01 14:52:00,484.37,484.37,484.32,484.32,-0.01,122.25,59909.45,-1
2024-08-01,2024-08-01 14:53:00,484.32,484.32,484.27,484.27,-0.01,122.25,59909.45,-1
2024-08-01,2024-08-01 14:54:00,484.27,484.27,484.23,484.23,-0.01,122.25,59909.45,-1
2024-08-01,2024-08-01 14:55:00,484.23,484.23,484.18,484.18,-0.01,122.25,59909.45,-1
2024-08-01,2024-08-01 14:56:00,484.18,484.18,484.14,484.14,-0.01,122.25,59909.45,-1
2024-08-01,2024-08-01 14:57:00,484.14,484.14,484.09,484.09,-0.01,122.25,59909.45,-1
2024-08-01,2024-08-01 14:58:00,484.09,484.09,484.05,484.05,-0.01,122.25,59909.45,-1
2024-08-01,2024-08-01 14:59:00,484.05,484.05,484.0,484.0,-0.01,122.25,59909.45,-1
2024-08-01,2024-08-01 15:00:00,484.0,499.9,480.3,484.0,0.0,122.25,59909.45,0
2024-08-05,2024-08-05 11:00:00,485.0,492.17,479.3,485.07,0.01,162.9,80779.94,1
2024-08-05,2024-08-05 11:01:00,485.07,485.13,485.07,485.13,0.01,162.9,80779.94,1
2024-08-05,2024-08-05 11:02:00,485.13,485.2,485.13,485.2,0.01,162.9,80779.94,1
2024-08-05,2024-08-05 11:03:00,485.2,485.27,485.2,485.27,0.01,162.9,80779.94,1
2024-08-05,2024-08-05 11:04:00,485.27,485.33,485.27,485.33,0.01,162.9,80779.94,1
2024-08-05,2024-08-05 11:05:00,485.33,485.4,485.33,485.4,0.01,162.9,80779.94,1
2024-08-05,2024-08-05 11:06:00,485.4,485.47,485.4,485.47,0.01,162.9,80779.94,1
2024-08-05,2024-08-05 11:07:00,485.47,485.53,485.47,485.53,0.01,162.9,80779.94,1
2024-08-05,2024-08-05 11:08:00,485.53,485.6,485.53,485.6,0.01,162.9,80779.94,1
2024-08-05,2024-08-05 11:09:00,485.6,485.67,485.6,485.67,0.01,162.9,80779.94,1
2024-08-05,2024-08-05 11:10:00,485.67,485.73,485.67,485.73,0.01,162.9,80779.94,1
2024-08-05,2024-08-05 11:11:00,485.73,485.8,485.73,485.8,0.01,162.9,80779.94,1
2024-08-05,2024-08-05 11:12:00,485.8,485.87,485.8,485.87,0.01,162.9,80779.94,1
2024-08-05,2024-08-05 11:13:00,485.87,485.93,485.87,485.93,0.01,162.9,80779.94,1
2024-08-05,2024-08-05 11:14:00,485.93,486.0,485.93,486.0,0.01,162.9,80779.94,1
2024-08-05,2024-08-05 11:15:00,486.0,486.07,486.0,486.07,0.01,162.9,80779.94,1
2024-08-05,2024-08-05 11:16:00,486.07,486.13,486.07,486.13,0.01,162.9,80779.94,1
2024-08-05,2024-08-05 11:17:00,486.13,486.2,486.13,486.2,0.01,162.9,80779.94,1
2024-08-05,2024-08-05 11:18:00,486.2,486.27,486.2,486.27,0.01,162.9,80779.94,1
2024-08-05,2024-08-05 11:19:00,486.27,486.33,486.27,486.33,0.01,162.9,80779.94,1
2024-08-05,2024-08-05 11:20:00,486.33,486.4,486.33,486.4,0.01,162.9,80779.94,1
2024-08-05,2024-08-05 11:21:00,486.4,486.47,486.4,486.47,0.01,162.9,80779.94,1
2024-08-05,2024-08-05 11:22:00,486.47,486.53,486.47,486.53,0.01,162.9,80779.94,1
2024-08-05,2024-08-05 11:23:00,486.53,486.6,486.53,486.6,0.01,162.9,80779.94,1
2024-08-05,2024-08-05 11:24:00,486.6,486.67,486.6,486.67,0.01,162.9,80779.94,1
2024-08-05,2024-08-05 11:25:00,486.67,486.73,486.67,486.73,0.01,162.9,80779.94,1
2024-08-05,2024-08-05 11:26:00,486.73,486.8,486.73,486.8,0.01,162.9,80779.94,1
2024-08-05,2024-08-05 11:27:00,486.8,486.87,486.8,486.87,0.01,162.9,80779.94,1
2024-08-05,2024-08-05 11:28:00,486.87,486.93,486.87,486.93,0.01,162.9,80779.94,1
2024-08-05,2024-08-05 11:29:00,486.93,487.0,486.93,487.0,0.01,162.9,80779.94,1
2024-08-05,2024-08-05 11:30:00,487.0,487.07,487.0,487.07,0.01,162.9,80779.94,1
2024-08-05,2024-08-05 11:31:00,487.07,487.13,487.07,487.13,0.01,162.9,80779.94,1
2024-08-05,2024-08-05 11:32:00,487.13,487.2,487.13,487.2,0.01,162.9,80779.94,1
2024-08-05,2024-08-05 11:33:00,487.2,487.27,487.2,487.27,0.01,162.9,80779.94,1
2024-08-05,2024-08-05 11:34:00,487.27,487.33,487.27,487.33,0.01,162.9,80779.94,1
2024-08-05,2024-08-05 11:35:00,487.33,487.4,487.33,487.4,0.01,162.9,80779.94,1
2024-08-05,2024-08-05 11:36:00,487.4,487.47,487.4,487.47,0.01,162.9,80779.94,1
2024-08-05,2024-08-05 11:37:00,487.47,487.53,487.47,487.53,0.01,162.9,80779.94,1
2024-08-05,2024-08-05 11:38:00,487.53,487.6,487.53,487.6,0.01,162.9,80779.94,1
2024-08-05,2024-08-05 11:39:00,487.6,487.67,487.6,487.67,0.01,162.9,80779.94,1
2024-08-05,2024-08-05 11:40:00,487.67,487.73,487.67,487.73,0.01,162.9,80779.94,1
2024-08-05,2024-08-05 11:41:00,487.73,487.8,487.73,487.8,0.01,162.9,80779.94,1
2024-08-05,2024-08-05 11:42:00,487.8,487.87,487.8,487.87,0.01,162.9,80779.94,1
2024-08-05,2024-08-05 11:43:00,487.87,487.93,487.87,487.93,0.01,162.9,80779.94,1
2024-08-05,2024-08-05 11:44:00,487.93,488.0,487.93,488.0,0.01,162.9,80779.94,1
2024-08-05,2024-08-05 11:45:00,488.0,488.07,488.0,488.07,0.01,162.9,80779.94,1
2024-08-05,2024-08-05 11:46:00,488.07,488.13,488.07,488.13,0.01,162.9,80779.94,1
2024-08-05,2024-08-05 11:47:00,488.13,488.2,488.13,488.2,0.01,162.9,80779.94,1
2024-08-05,2024-08-05 11:48:00,488.2,488.27,488.2,488.27,0.01,162.9,80779.94,1
2024-08-05,2024-08-05 11:49:00,488.27,488.33,488.27,488.33,0.01,162.9,80779.94,1
2024-08-05,2024-08-05 11:50:00,488.33,488.4,488.33,488.4,0.01,162.9,80779.94,1
2024-08-05,2024-08-05 11:51:00,488.4,488.47,488.4,488.47,0.01,162.9,80779.94,1
2024-08-05,2024-08-05 11:52:00,488.47,488.53,488.47,488.53,0.01,162.9,80779.94,1
2024-08-05,2024-08-05 11:53:00,488.53,488.6,488.53,488.6,0.01,162.9,80779.94,1
2024-08-05,2024-08-05 11:54:00,488.6,488.67,488.6,488.67,0.01,162.9,80779.94,1
2024-08-05,2024-08-05 11:55:00,488.67,488.73,488.67,488.73,0.01,162.9,80779.94,1
2024-08-05,2024-08-05 11:56:00,488.73,488.8,488.73,488.8,0.01,162.9,80779.94,1
2024-08-05,2024-08-05 11:57:00,488.8,488.87,488.8,488.87,0.01,162.9,80779.94,1
2024-08-05,2024-08-05 11:58:00,488.87,488.93,488.87,488.93,0.01,162.9,80779.94,1
2024-08-05,2024-08-05 11:59:00,488.93,489.0,488.93,489.0,0.01,162.9,80779.94,1
2024-08-05,2024-08-05 12:00:00,489.0,489.07,489.0,489.07,0.01,162.9,80779.94,1
2024-08-05,2024-08-05 12:01:00,489.07,489.13,489.07,489.13,0.01,162.9,80779.94,1
2024-08-05,2024-08-05 12:02:00,489.13,489.2,489.13,489.2,0.01,162.9,80779.94,1
2024-08-05,2024-08-05 12:03:00,489.2,489.27,489.2,489.27,0.01,162.9,80779.94,1
2024-08-05,2024-08-05 12:04:00,489.27,489.33,489.27,489.33,0.01,162.9,80779.94,1
2024-08-05,2024-08-05 12:05:00,489.33,489.4,489.33,489.4,0.01,162.9,80779.94,1
2024-08-05,2024-08-05 12:06:00,489.4,489.47,489.4,489.47,0.01,162.9,80779.94,1
2024-08-05,2024-08-05 12:07:00,489.47,489.53,489.47,489.53,0.01,162.9,80779.94,1
2024-08-05,2024-08-05 12:08:00,489.53,489.6,489.53,489.6,0.01,162.9,80779.94,1
2024-08-05,2024-08-05 12:09:00,489.6,489.67,489.6,489.67,0.01,162.9,80779.94,1
2024-08-05,2024-08-05 12:10:00,489.67,489.73,489.67,489.73,0.01,162.9,80779.94,1
2024-08-05,2024-08-05 12:11:00,489.73,489.8,489.73,489.8,0.01,162.9,80779.94,1
2024-08-05,2024-08-05 12:12:00,489.8,489.87,489.8,489.87,0.01,162.9,80779.94,1
2024-08-05,2024-08-05 12:13:00,489.87,489.93,489.87,489.93,0.01,162.9,80779.94,1
2024-08-05,2024-08-05 12:14:00,489.93,490.0,489.93,490.0,0.01,162.9,80779.94,1
2024-08-05,2024-08-05 12:15:00,490.0,490.07,490.0,490.07,0.01,162.9,80779.94,1
2024-08-05,2024-08-05 12:16:00,490.07,490.13,490.07,490.13,0.01,162.9,80779.94,1
2024-08-05,2024-08-05 12:17:00,490.13,490.2,490.13,490.2,0.01,162.9,80779.94,1
2024-08-05,2024-08-05 12:18:00,490.2,490.27,490.2,490.27,0.01,162.9,80779.94,1
2024-08-05,2024-08-05 12:19:00,490.27,490.33,490.27,490.33,0.01,162.9,80779.94,1
2024-08-05,2024-08-05 12:20:00,490.33,490.4,490.33,490.4,0.01,162.9,80779.94,1
2024-08-05,2024-08-05 12:21:00,490.4,490.47,490.4,490.47,0.01,162.9,80779.94,1
2024-08-05,2024-08-05 12:22:00,490.47,490.53,490.47,490.53,0.01,162.9,80779.94,1
2024-08-05,2024-08-05 12:23:00,490.53,490.6,490.53,490.6,0.01,162.9,80779.94,1
2024-08-05,2024-08-05 12:24:00,490.6,490.67,490.6,490.67,0.01,162.9,80779.94,1
2024-08-05,2024-08-05 12:25:00,490.67,490.73,490.67,490.73,0.01,162.9,80779.94,1
2024-08-05,2024-08-05 12:26:00,490.73,490.8,490.73,490.8,0.01,162.9,80779.94,1
2024-08-05,2024-08-05 12:27:00,490.8,490.87,490.8,490.87,0.01,162.9,80779.94,1
2024-08-05,2024-08-05 12:28:00,490.87,490.93,490.87,490.93,0.01,162.9,80779.94,1
2024-08-05,2024-08-05 12:29:00,490.93,491.0,490.93,491.0,0.01,162.9,80779.94,1
2024-08-05,2024-08-05 12:30:00,491.0,491.07,491.0,491.07,0.01,162.9,80779.94,1
2024-08-05,2024-08-05 12:31:00,491.07,491.13,491.07,491.13,0.01,162.9,80779.94,1
2024-08-05,2024-08-05 12:32:00,491.13,491.2,491.13,491.2,0.01,162.9,80779.94,1
2024-08-05,2024-08-05 12:33:00,491.2,491.27,491.2,491.27,0.01,162.9,80779.94,1
2024-08-05,2024-08-05 12:34:00,491.27,491.33,491.27,491.33,0.01,162.9,80779.94,1
2024-08-05,2024-08-05 12:35:00,491.33,491.4,491.33,491.4,0.01,162.9,80779.94,1
2024-08-05,2024-08-05 12:36:00,491.4,491.47,491.4,491.47,0.01,162.9,80779.94,1
2024-08-05,2024-08-05 12:37:00,491.47,491.53,491.47,491.53,0.01,162.9,80779.94,1
2024-08-05,2024-08-05 12:38:00,491.53,491.6,491.53,491.6,0.01,162.9,80779.94,1
2024-08-05,2024-08-05 12:39:00,491.6,491.67,491.6,491.67,0.01,162.9,80779.94,1
2024-08-05,2024-08-05 12:40:00,491.67,491.73,491.67,491.73,0.01,162.9,80779.94,1
2024-08-05,2024-08-05 12:41:00,491.73,491.8,491.73,491.8,0.01,162.9,80779.94,1
2024-08-05,2024-08-05 12:42:00,491.8,491.87,491.8,491.87,0.01,162.9,80779.94,1
2024-08-05,2024-08-05 12:43:00,491.87,491.93,491.87,491.93,0.01,162.9,80779.94,1
2024-08-05,2024-08-05 12:44:00,491.93,492.0,491.93,492.0,0.01,162.9,80779.94,1
2024-08-05,2024-08-05 12:45:00,492.0,492.07,492.0,492.07,0.01,162.9,80779.94,1
2024-08-05,2024-08-05 12:46:00,492.07,492.13,492.07,492.13,0.01,162.9,80779.94,1
2024-08-05,2024-08-05 12:47:00,492.13,492.2,492.13,492.2,0.01,162.9,80779.94,1
2024-08-05,2024-08-05 12:48:00,492.2,492.27,492.2,492.27,0.01,162.9,80779.94,1
2024-08-05,2024-08-05 12:49:00,492.27,492.33,492.27,492.33,0.01,162.9,80779.94,1
2024-08-05,2024-08-05 12:50:00,492.33,492.4,492.33,492.4,0.01,162.9,80779.94,1
2024-08-05,2024-08-05 12:51:00,492.4,492.47,492.4,492.47,0.01,162.9,80779.94,1
2024-08-05,2024-08-05 12:52:00,492.47,492.53,492.47,492.53,0.01,162.9,80779.94,1
2024-08-05,2024-08-05 12:53:00,492.53,492.6,492.53,492.6,0.01,162.9,80779.94,1
2024-08-05,2024-08-05 12:54:00,492.6,492.67,492.6,492.67,0.01,162.9,80779.94,1
2024-08-05,2024-08-05 12:55:00,492.67,492.73,492.67,492.73,0.01,162.9,80779.94,1
2024-08-05,2024-08-05 12:56:00,492.73,492.8,492.73,492.8,0.01,162.9,80779.94,1
2024-08-05,2024-08-05 12:57:00,492.8,492.87,492.8,492.87,0.01,162.9,80779.94,1
2024-08-05,2024-08-05 12:58:00,492.87,492.93,492.87,492.93,0.01,162.9,80779.94,1
2024-08-05,2024-08-05 12:59:00,492.93,493.0,492.93,493.0,0.01,162.9,80779.94,1
2024-08-05,2024-08-05 13:00:00,493.0,508.9,466.0,493.07,0.01,162.9,80779.94,1
2024-08-05,2024-08-05 13:01:00,493.07,493.13,493.07,493.13,0.01,162.9,80779.94,1
2024-08-05,2024-08-05 13:02:00,493.13,493.2,493.13,493.2,0.01,162.9,80779.94,1
2024-08-05,2024-08-05 13:03:00,493.2,493.27,493.2,493.27,0.01,162.9,80779.94,1
2024-08-05,2024-08-05 13:04:00,493.27,493.33,493.27,493.33,0.01,162.9,80779.94,1
2024-08-05,2024-08-05 13:05:00,493.33,493.4,493.33,493.4,0.01,162.9,80779.94,1
2024-08-05,2024-08-05 13:06:00,493.4,493.47,493.4,493.47,0.01,162.9,80779.94,1
2024-08-05,2024-08-05 13:07:00,493.47,493.53,493.47,493.53,0.01,162.9,80779.94,1
2024-08-05,2024-08-05 13:08:00,493.53,493.6,493.53,493.6,0.01,162.9,80779.94,1
2024-08-05,2024-08-05 13:09:00,493.6,493.67,493.6,493.67,0.01,162.9,80779.94,1
2024-08-05,2024-08-05 13:10:00,493.67,493.73,493.67,493.73,0.01,162.9,80779.94,1
2024-08-05,2024-08-05 13:11:00,493.73,493.8,493.73,493.8,0.01,162.9,80779.94,1
2024-08-05,2024-08-05 13:12:00,493.8,493.87,493.8,493.87,0.01,162.9,80779.94,1
2024-08-05,2024-08-05 13:13:00,493.87,493.93,493.87,493.93,0.01,162.9,80779.94,1
2024-08-05,2024-08-05 13:14:00,493.93,494.0,493.93,494.0,0.01,162.9,80779.94,1
2024-08-05,2024-08-05 13:15:00,494.0,494.07,494.0,494.07,0.01,162.9,80779.94,1
2024-08-05,2024-08-05 13:16:00,494.07,494.13,494.07,494.13,0.01,162.9,80779.94,1
2024-08-05,2024-08-05 13:17:00,494.13,494.2,494.13,494.2,0.01,162.9,80779.94,1
2024-08-05,2024-08-05 13:18:00,494.2,494.27,494.2,494.27,0.01,162.9,80779.94,1
2024-08-05,2024-08-05 13:19:00,494.27,494.33,494.27,494.33,0.01,162.9,80779.94,1
2024-08-05,2024-08-05 13:20:00,494.33,494.4,494.33,494.4,0.01,162.9,80779.94,1
2024-08-05,2024-08-05 13:21:00,494.4,494.47,494.4,494.47,0.01,162.9,80779.94,1
2024-08-05,2024-08-05 13:22:00,494.47,494.53,494.47,494.53,0.01,162.9,80779.94,1
2024-08-05,2024-08-05 13:23:00,494.53,494.6,494.53,494.6,0.01,162.9,80779.94,1
2024-08-05,2024-08-05 13:24:00,494.6,494.67,494.6,494.67,0.01,162.9,80779.94,1
2024-08-05,2024-08-05 13:25:00,494.67,494.73,494.67,494.73,0.01,162.9,80779.94,1
2024-08-05,2024-08-05 13:26:00,494.73,494.8,494.73,494.8,0.01,162.9,80779.94,1
2024-08-05,2024-08-05 13:27:00,494.8,494.87,494.8,494.87,0.01,162.9,80779.94,1
2024-08-05,2024-08-05 13:28:00,494.87,494.93,494.87,494.93,0.01,162.9,80779.94,1
2024-08-05,2024-08-05 13:29:00,494.93,495.0,494.93,495.0,0.01,162.9,80779.94,1
2024-08-05,2024-08-05 13:30:00,495.0,495.07,495.0,495.07,0.01,162.9,80779.94,1
2024-08-05,2024-08-05 13:31:00,495.07,495.13,495.07,495.13,0.01,162.9,80779.94,1
2024-08-05,2024-08-05 13:32:00,495.13,495.2,495.13,495.2,0.01,162.9,80779.94,1
2024-08-05,2024-08-05 13:33:00,495.2,495.27,495.2,495.27,0.01,162.9,80779.94,1
2024-08-05,2024-08-05 13:34:00,495.27,495.33,495.27,495.33,0.01,162.9,80779.94,1
2024-08-05,2024-08-05 13:35:00,495.33,495.4,495.33,495.4,0.01,162.9,80779.94,1
2024-08-05,2024-08-05 13:36:00,495.4,495.47,495.4,495.47,0.01,162.9,80779.94,1
2024-08-05,2024-08-05 13:37:00,495.47,495.53,495.47,495.53,0.01,162.9,80779.94,1
2024-08-05,2024-08-05 13:38:00,495.53,495.6,495.53,495.6,0.01,162.9,80779.94,1
2024-08-05,2024-08-05 13:39:00,495.6,495.67,495.6,495.67,0.01,162.9,80779.94,1
2024-08-05,2024-08-05 13:40:00,495.67,495.73,495.67,495.73,0.01,162.9,80779.94,1
2024-08-05,2024-08-05 13:41:00,495.73,495.8,495.73,495.8,0.01,162.9,80779.94,1
2024-08-05,2024-08-05 13:42:00,495.8,495.87,495.8,495.87,0.01,162.9,80779.94,1
2024-08-05,2024-08-05 13:43:00,495.87,495.93,495.87,495.93,0.01,162.9,80779.94,1
2024-08-05,2024-08-05 13:44:00,495.93,496.0,495.93,496.0,0.01,162.9,80779.94,1
2024-08-05,2024-08-05 13:45:00,496.0,496.07,496.0,496.07,0.01,162.9,80779.94,1
2024-08-05,2024-08-05 13:46:00,496.07,496.13,496.07,496.13,0.01,162.9,80779.94,1
2024-08-05,2024-08-05 13:47:00,496.13,496.2,496.13,496.2,0.01,162.9,80779.94,1
2024-08-05,2024-08-05 13:48:00,496.2,496.27,496.2,496.27,0.01,162.9,80779.94,1
2024-08-05,2024-08-05 13:49:00,496.27,496.33,496.27,496.33,0.01,162.9,80779.94,1
2024-08-05,2024-08-05 13:50:00,496.33,496.4,496.33,496.4,0.01,162.9,80779.94,1
2024-08-05,2024-08-05 13:51:00,496.4,496.47,496.4,496.47,0.01,162.9,80779.94,1
2024-08-05,2024-08-05 13:52:00,496.47,496.53,496.47,496.53,0.01,162.9,80779.94,1
2024-08-05,2024-08-05 13:53:00,496.53,496.6,496.53,496.6,0.01,162.9,80779.94,1
2024-08-05,2024-08-05 13:54:00,496.6,496.67,496.6,496.67,0.01,162.9,80779.94,1
2024-08-05,2024-08-05 13:55:00,496.67,496.73,496.67,496.73,0.01,162.9,80779.94,1
2024-08-05,2024-08-05 13:56:00,496.73,496.8,496.73,496.8,0.01,162.9,80779.94,1
2024-08-05,2024-08-05 13:57:00,496.8,496.87,496.8,496.87,0.01,162.9,80779.94,1
2024-08-05,2024-08-05 13:58:00,496.87,496.93,496.87,496.93,0.01,162.9,80779.94,1
2024-08-05,2024-08-05 13:59:00,496.93,497.0,496.93,497.0,0.01,162.9,80779.94,1
2024-08-05,2024-08-05 14:00:00,497.0,497.07,497.0,497.07,0.01,162.9,80779.94,1
2024-08-05,2024-08-05 14:01:00,497.07,497.13,497.07,497.13,0.01,162.9,80779.94,1
2024-08-05,2024-08-05 14:02:00,497.13,497.2,497.13,497.2,0.01,162.9,80779.94,1
2024-08-05,2024-08-05 14:03:00,497.2,497.27,497.2,497.27,0.01,162.9,80779.94,1
2024-08-05,2024-08-05 14:04:00,497.27,497.33,497.27,497.33,0.01,162.9,80779.94,1
2024-08-05,2024-08-05 14:05:00,497.33,497.4,497.33,497.4,0.01,162.9,80779.94,1
2024-08-05,2024-08-05 14:06:00,497.4,497.47,497.4,497.47,0.01,162.9,80779.94,1
2024-08-05,2024-08-05 14:07:00,497.47,497.53,497.47,497.53,0.01,162.9,80779.94,1
2024-08-05,2024-08-05 14:08:00,497.53,497.6,497.53,497.6,0.01,162.9,80779.94,1
2024-08-05,2024-08-05 14:09:00,497.6,497.67,497.6,497.67,0.01,162.9,80779.94,1
2024-08-05,2024-08-05 14:10:00,497.67,497.73,497.67,497.73,0.01,162.9,80779.94,1
2024-08-05,2024-08-05 14:11:00,497.73,497.8,497.73,497.8,0.01,162.9,80779.94,1
2024-08-05,2024-08-05 14:12:00,497.8,497.87,497.8,497.87,0.01,162.9,80779.94,1
2024-08-05,2024-08-05 14:13:00,497.87,497.93,497.87,497.93,0.01,162.9,80779.94,1
2024-08-05,2024-08-05 14:14:00,497.93,498.0,497.93,498.0,0.01,162.9,80779.94,1
2024-08-05,2024-08-05 14:15:00,498.0,498.07,498.0,498.07,0.01,162.9,80779.94,1
2024-08-05,2024-08-05 14:16:00,498.07,498.13,498.07,498.13,0.01,162.9,80779.94,1
2024-08-05,2024-08-05 14:17:00,498.13,498.2,498.13,498.2,0.01,162.9,80779.94,1
2024-08-05,2024-08-05 14:18:00,498.2,498.27,498.2,498.27,0.01,162.9,80779.94,1
2024-08-05,2024-08-05 14:19:00,498.27,498.33,498.27,498.33,0.01,162.9,80779.94,1
2024-08-05,2024-08-05 14:20:00,498.33,498.4,498.33,498.4,0.01,162.9,80779.94,1
2024-08-05,2024-08-05 14:21:00,498.4,498.47,498.4,498.47,0.01,162.9,80779.94,1
2024-08-05,2024-08-05 14:22:00,498.47,498.53,498.47,498.53,0.01,162.9,80779.94,1
2024-08-05,2024-08-05 14:23:00,498.53,498.6,498.53,498.6,0.01,162.9,80779.94,1
2024-08-05,2024-08-05 14:24:00,498.6,498.67,498.6,498.67,0.01,162.9,80779.94,1
2024-08-05,2024-08-05 14:25:00,498.67,498.73,498.67,498.73,0.01,162.9,80779.94,1
2024-08-05,2024-08-05 14:26:00,498.73,498.8,498.73,498.8,0.01,162.9,80779.94,1
2024-08-05,2024-08-05 14:27:00,498.8,498.87,498.8,498.87,0.01,162.9,80779.94,1
2024-08-05,2024-08-05 14:28:00,498.87,498.93,498.87,498.93,0.01,162.9,80779.94,1
2024-08-05,2024-08-05 14:29:00,498.93,499.0,498.93,499.0,0.01,162.9,80779.94,1
2024-08-05,2024-08-05 14:30:00,499.0,499.07,499.0,499.07,0.01,162.9,80779.94,1
2024-08-05,2024-08-05 14:31:00,499.07,499.13,499.07,499.13,0.01,162.9,80779.94,1
2024-08-05,2024-08-05 14:32:00,499.13,499.2,499.13,499.2,0.01,162.9,80779.94,1
2024-08-05,2024-08-05 14:33:00,499.2,499.27,499.2,499.27,0.01,162.9,80779.94,1
2024-08-05,2024-08-05 14:34:00,499.27,499.33,499.27,499.33,0.01,162.9,80779.94,1
2024-08-05,2024-08-05 14:35:00,499.33,499.4,499.33,499.4,0.01,162.9,80779.94,1
2024-08-05,2024-08-05 14:36:00,499.4,499.47,499.4,499.47,0.01,162.9,80779.94,1
2024-08-05,2024-08-05 14:37:00,499.47,499.53,499.47,499.53,0.01,162.9,80779.94,1
2024-08-05,2024-08-05 14:38:00,499.53,499.6,499.53,499.6,0.01,162.9,80779.94,1
2024-08-05,2024-08-05 14:39:00,499.6,499.67,499.6,499.67,0.01,162.9,80779.94,1
2024-08-05,2024-08-05 14:40:00,499.67,499.73,499.67,499.73,0.01,162.9,80779.94,1
2024-08-05,2024-08-05 14:41:00,499.73,499.8,499.73,499.8,0.01,162.9,80779.94,1
2024-08-05,2024-08-05 14:42:00,499.8,499.87,499.8,499.87,0.01,162.9,80779.94,1
2024-08-05,2024-08-05 14:43:00,499.87,499.93,499.87,499.93,0.01,162.9,80779.94,1
2024-08-05,2024-08-05 14:44:00,499.93,500.0,499.93,500.0,0.01,162.9,80779.94,1
2024-08-05,2024-08-05 14:45:00,500.0,500.07,500.0,500.07,0.01,162.9,80779.94,1
2024-08-05,2024-08-05 14:46:00,500.07,500.13,500.07,500.13,0.01,162.9,80779.94,1
2024-08-05,2024-08-05 14:47:00,500.13,500.2,500.13,500.2,0.01,162.9,80779.94,1
2024-08-05,2024-08-05 14:48:00,500.2,500.27,500.2,500.27,0.01,162.9,80779.94,1
2024-08-05,2024-08-05 14:49:00,500.27,500.33,500.27,500.33,0.01,162.9,80779.94,1
2024-08-05,2024-08-05 14:50:00,500.33,500.4,500.33,500.4,0.01,162.9,80779.94,1
2024-08-05,2024-08-05 14:51:00,500.4,500.47,500.4,500.47,0.01,162.9,80779.94,1
2024-08-05,2024-08-05 14:52:00,500.47,500.53,500.47,500.53,0.01,162.9,80779.94,1
2024-08-05,2024-08-05 14:53:00,500.53,500.6,500.53,500.6,0.01,162.9,80779.94,1
2024-08-05,2024-08-05 14:54:00,500.6,500.67,500.6,500.67,0.01,162.9,80779.94,1
2024-08-05,2024-08-05 14:55:00,500.67,500.73,500.67,500.73,0.01,162.9,80779.94,1
2024-08-05,2024-08-05 14:56:00,500.73,500.8,500.73,500.8,0.01,162.9,80779.94,1
2024-08-05,2024-08-05 14:57:00,500.8,500.87,500.8,500.87,0.01,162.9,80779.94,1
2024-08-05,2024-08-05 14:58:00,500.87,500.93,500.87,500.93,0.01,162.9,80779.94,1
2024-08-05,2024-08-05 14:59:00,500.93,501.0,500.93,501.0,0.01,162.9,80779.94,1
2024-08-05,2024-08-05 15:00:00,501.0,508.9,466.0,501.0,0.0,162.9,80779.94,0
2024-08-06,2024-08-06 11:00:00,510.0,510.0,493.5,509.85,-0.03,120.83,58733.63,-1
2024-08-06,2024-08-06 11:01:00,509.85,509.85,509.69,509.69,-0.03,120.83,58733.63,-1
2024-08-06,2024-08-06 11:02:00,509.69,509.69,509.54,509.54,-0.03,120.83,58733.63,-1
2024-08-06,2024-08-06 11:03:00,509.54,509.54,509.38,509.38,-0.03,120.83,58733.63,-1
2024-08-06,2024-08-06 11:04:00,509.38,509.38,509.23,509.23,-0.03,120.83,58733.63,-1
2024-08-06,2024-08-06 11:05:00,509.23,509.23,509.07,509.07,-0.03,120.83,58733.63,-1
2024-08-06,2024-08-06 11:06:00,509.07,509.07,508.92,508.92,-0.03,120.83,58733.63,-1
2024-08-06,2024-08-06 11:07:00,508.92,508.92,508.77,508.77,-0.03,120.83,58733.63,-1
2024-08-06,2024-08-06 11:08:00,508.77,508.77,508.61,508.61,-0.03,120.83,58733.63,-1
2024-08-06,2024-08-06 11:09:00,508.61,508.61,508.46,508.46,-0.03,120.83,58733.63,-1
2024-08-06,2024-08-06 11:10:00,508.46,508.46,508.3,508.3,-0.03,120.83,58733.63,-1
2024-08-06,2024-08-06 11:11:00,508.3,508.3,508.15,508.15,-0.03,120.83,58733.63,-1
2024-08-06,2024-08-06 11:12:00,508.15,508.15,508.0,508.0,-0.03,120.83,58733.63,-1
2024-08-06,2024-08-06 11:13:00,508.0,508.0,507.84,507.84,-0.03,120.83,58733.63,-1
2024-08-06,2024-08-06 11:14:00,507.84,507.84,507.69,507.69,-0.03,120.83,58733.63,-1
2024-08-06,2024-08-06 11:15:00,507.69,507.69,507.53,507.53,-0.03,120.83,58733.63,-1
2024-08-06,2024-08-06 11:16:00,507.53,507.53,507.38,507.38,-0.03,120.83,58733.63,-1
2024-08-06,2024-08-06 11:17:00,507.38,507.38,507.23,507.23,-0.03,120.83,58733.63,-1
2024-08-06,2024-08-06 11:18:00,507.23,507.23,507.07,507.07,-0.03,120.83,58733.63,-1
2024-08-06,2024-08-06 11:19:00,507.07,507.07,506.92,506.92,-0.03,120.83,58733.63,-1
2024-08-06,2024-08-06 11:20:00,506.92,506.92,506.76,506.76,-0.03,120.83,58733.63,-1
2024-08-06,2024-08-06 11:21:00,506.76,506.76,506.61,506.61,-0.03,120.83,58733.63,-1
2024-08-06,2024-08-06 11:22:00,506.61,506.61,506.45,506.45,-0.03,120.83,58733.63,-1
2024-08-06,2024-08-06 11:23:00,506.45,506.45,506.3,506.3,-0.03,120.83,58733.63,-1
2024-08-06,2024-08-06 11:24:00,506.3,506.3,506.15,506.15,-0.03,120.83,58733.63,-1
2024-08-06,2024-08-06 11:25:00,506.15,506.15,505.99,505.99,-0.03,120.83,58733.63,-1
2024-08-06,2024-08-06 11:26:00,505.99,505.99,505.84,505.84,-0.03,120.83,58733.63,-1
2024-08-06,2024-08-06 11:27:00,505.84,505.84,505.68,505.68,-0.03,120.83,58733.63,-1
2024-08-06,2024-08-06 11:28:00,505.68,505.68,505.53,505.53,-0.03,120.83,58733.63,-1
2024-08-06,2024-08-06 11:29:00,505.53,505.53,505.38,505.38,-0.03,120.83,58733.63,-1
2024-08-06,2024-08-06 11:30:00,505.38,505.38,505.22,505.22,-0.03,120.83,58733.63,-1
2024-08-06,2024-08-06 11:31:00,505.22,505.22,505.07,505.07,-0.03,120.83,58733.63,-1
2024-08-06,2024-08-06 11:32:00,505.07,505.07,504.91,504.91,-0.03,120.83,58733.63,-1
2024-08-06,2024-08-06 11:33:00,504.91,504.91,504.76,504.76,-0.03,120.83,58733.63,-1
2024-08-06,2024-08-06 11:34:00,504.76,504.76,504.6,504.6,-0.03,120.83,58733.63,-1
2024-08-06,2024-08-06 11:35:00,504.6,504.6,504.45,504.45,-0.03,120.83,58733.63,-1
2024-08-06,2024-08-06 11:36:00,504.45,504.45,504.3,504.3,-0.03,120.83,58733.63,-1
2024-08-06,2024-08-06 11:37:00,504.3,504.3,504.14,504.14,-0.03,120.83,58733.63,-1
2024-08-06,2024-08-06 11:38:00,504.14,504.14,503.99,503.99,-0.03,120.83,58733.63,-1
2024-08-06,2024-08-06 11:39:00,503.99,503.99,503.83,503.83,-0.03,120.83,58733.63,-1
2024-08-06,2024-08-06 11:40:00,503.83,503.83,503.68,503.68,-0.03,120.83,58733.63,-1
2024-08-06,2024-08-06 11:41:00,503.68,503.68,503.52,503.52,-0.03,120.83,58733.63,-1
2024-08-06,2024-08-06 11:42:00,503.52,503.52,503.37,503.37,-0.03,120.83,58733.63,-1
2024-08-06,2024-08-06 11:43:00,503.37,503.37,503.22,503.22,-0.03,120.83,58733.63,-1
2024-08-06,2024-08-06 11:44:00,503.22,503.22,503.06,503.06,-0.03,120.83,58733.63,-1
2024-08-06,2024-08-06 11:45:00,503.06,503.06,502.91,502.91,-0.03,120.83,58733.63,-1
2024-08-06,2024-08-06 11:46:00,502.91,502.91,502.75,502.75,-0.03,120.83,58733.63,-1
2024-08-06,2024-08-06 11:47:00,502.75,502.75,502.6,502.6,-0.03,120.83,58733.63,-1
2024-08-06,2024-08-06 11:48:00,502.6,502.6,502.45,502.45,-0.03,120.83,58733.63,-1
2024-08-06,2024-08-06 11:49:00,502.45,502.45,502.29,502.29,-0.03,120.83,58733.63,-1
2024-08-06,2024-08-06 11:50:00,502.29,502.29,502.14,502.14,-0.03,120.83,58733.63,-1
2024-08-06,2024-08-06 11:51:00,502.14,502.14,501.98,501.98,-0.03,120.83,58733.63,-1
2024-08-06,2024-08-06 11:52:00,501.98,501.98,501.83,501.83,-0.03,120.83,58733.63,-1
2024-08-06,2024-08-06 11:53:00,501.83,501.83,501.68,501.68,-0.03,120.83,58733.63,-1
2024-08-06,2024-08-06 11:54:00,501.68,501.68,501.52,501.52,-0.03,120.83,58733.63,-1
2024-08-06,2024-08-06 11:55:00,501.52,501.52,501.37,501.37,-0.03,120.83,58733.63,-1
2024-08-06,2024-08-06 11:56:00,501.37,501.37,501.21,501.21,-0.03,120.83,58733.63,-1
2024-08-06,2024-08-06 11:57:00,501.21,501.21,501.06,501.06,-0.03,120.83,58733.63,-1
2024-08-06,2024-08-06 11:58:00,501.06,501.06,500.9,500.9,-0.03,120.83,58733.63,-1
2024-08-06,2024-08-06 11:59:00,500.9,500.9,500.75,500.75,-0.03,120.83,58733.63,-1
2024-08-06,2024-08-06 12:00:00,500.75,500.75,500.6,500.6,-0.03,120.83,58733.63,-1
2024-08-06,2024-08-06 12:01:00,500.6,500.6,500.44,500.44,-0.03,120.83,58733.63,-1
2024-08-06,2024-08-06 12:02:00,500.44,500.44,500.29,500.29,-0.03,120.83,58733.63,-1
2024-08-06,2024-08-06 12:03:00,500.29,500.29,500.13,500.13,-0.03,120.83,58733.63,-1
2024-08-06,2024-08-06 12:04:00,500.13,500.13,499.98,499.98,-0.03,120.83,58733.63,-1
2024-08-06,2024-08-06 12:05:00,499.98,499.98,499.82,499.82,-0.03,120.83,58733.63,-1
2024-08-06,2024-08-06 12:06:00,499.82,499.82,499.67,499.67,-0.03,120.83,58733.63,-1
2024-08-06,2024-08-06 12:07:00,499.67,499.67,499.52,499.52,-0.03,120.83,58733.63,-1
2024-08-06,2024-08-06 12:08:00,499.52,499.52,499.36,499.36,-0.03,120.83,58733.63,-1
2024-08-06,2024-08-06 12:09:00,499.36,499.36,499.21,499.21,-0.03,120.83,58733.63,-1
2024-08-06,2024-08-06 12:10:00,499.21,499.21,499.05,499.05,-0.03,120.83,58733.63,-1
2024-08-06,2024-08-06 12:11:00,499.05,499.05,498.9,498.9,-0.03,120.83,58733.63,-1
2024-08-06,2024-08-06 12:12:00,498.9,498.9,498.75,498.75,-0.03,120.83,58733.63,-1
2024-08-06,2024-08-06 12:13:00,498.75,498.75,498.59,498.59,-0.03,120.83,58733.63,-1
2024-08-06,2024-08-06 12:14:00,498.59,498.59,498.44,498.44,-0.03,120.83,58733.63,-1
2024-08-06,2024-08-06 12:15:00,498.44,498.44,498.28,498.28,-0.03,120.83,58733.63,-1
2024-08-06,2024-08-06 12:16:00,498.28,498.28,498.13,498.13,-0.03,120.83,58733.63,-1
2024-08-06,2024-08-06 12:17:00,498.13,498.13,497.98,497.98,-0.03,120.83,58733.63,-1
2024-08-06,2024-08-06 12:18:00,497.98,497.98,497.82,497.82,-0.03,120.83,58733.63,-1
2024-08-06,2024-08-06 12:19:00,497.82,497.82,497.67,497.67,-0.03,120.83,58733.63,-1
2024-08-06,2024-08-06 12:20:00,497.67,497.67,497.51,497.51,-0.03,120.83,58733.63,-1
2024-08-06,2024-08-06 12:21:00,497.51,497.51,497.36,497.36,-0.03,120.83,58733.63,-1
2024-08-06,2024-08-06 12:22:00,497.36,497.36,497.2,497.2,-0.03,120.83,58733.63,-1
2024-08-06,2024-08-06 12:23:00,497.2,497.2,497.05,497.05,-0.03,120.83,58733.63,-1
2024-08-06,2024-08-06 12:24:00,497.05,497.05,496.9,496.9,-0.03,120.83,58733.63,-1
2024-08-06,2024-08-06 12:25:00,496.9,496.9,496.74,496.74,-0.03,120.83,58733.63,-1
2024-08-06,2024-08-06 12:26:00,496.74,496.74,496.59,496.59,-0.03,120.83,58733.63,-1
2024-08-06,2024-08-06 12:27:00,496.59,496.59,496.43,496.43,-0.03,120.83,58733.63,-1
2024-08-06,2024-08-06 12:28:00,496.43,496.43,496.28,496.28,-0.03,120.83,58733.63,-1
2024-08-06,2024-08-06 12:29:00,496.28,496.28,496.12,496.12,-0.03,120.83,58733.63,-1
2024-08-06,2024-08-06 12:30:00,496.12,496.12,495.97,495.97,-0.03,120.83,58733.63,-1
2024-08-06,2024-08-06 12:31:00,495.97,495.97,495.82,495.82,-0.03,120.83,58733.63,-1
2024-08-06,2024-08-06 12:32:00,495.82,495.82,495.66,495.66,-0.03,120.83,58733.63,-1
2024-08-06,2024-08-06 12:33:00,495.66,495.66,495.51,495.51,-0.03,120.83,58733.63,-1
2024-08-06,2024-08-06 12:34:00,495.51,495.51,495.35,495.35,-0.03,120.83,58733.63,-1
2024-08-06,2024-08-06 12:35:00,495.35,495.35,495.2,495.2,-0.03,120.83,58733.63,-1
2024-08-06,2024-08-06 12:36:00,495.2,495.2,495.05,495.05,-0.03,120.83,58733.63,-1
2024-08-06,2024-08-06 12:37:00,495.05,495.05,494.89,494.89,-0.03,120.83,58733.63,-1
2024-08-06,2024-08-06 12:38:00,494.89,494.89,494.74,494.74,-0.03,120.83,58733.63,-1
2024-08-06,2024-08-06 12:39:00,494.74,494.74,494.58,494.58,-0.03,120.83,58733.63,-1
2024-08-06,2024-08-06 12:40:00,494.58,494.58,494.43,494.43,-0.03,120.83,58733.63,-1
2024-08-06,2024-08-06 12:41:00,494.43,494.43,494.27,494.27,-0.03,120.83,58733.63,-1
2024-08-06,2024-08-06 12:42:00,494.27,494.27,494.12,494.12,-0.03,120.83,58733.63,-1
2024-08-06,2024-08-06 12:43:00,494.12,494.12,493.97,493.97,-0.03,120.83,58733.63,-1
2024-08-06,2024-08-06 12:44:00,493.97,493.97,493.81,493.81,-0.03,120.83,58733.63,-1
2024-08-06,2024-08-06 12:45:00,493.81,493.81,493.66,493.66,-0.03,120.83,58733.63,-1
2024-08-06,2024-08-06 12:46:00,493.66,493.66,493.5,493.5,-0.03,120.83,58733.63,-1
2024-08-06,2024-08-06 12:47:00,493.5,493.5,493.35,493.35,-0.03,120.83,58733.63,-1
2024-08-06,2024-08-06 12:48:00,493.35,493.35,493.2,493.2,-0.03,120.83,58733.63,-1
2024-08-06,2024-08-06 12:49:00,493.2,493.2,493.04,493.04,-0.03,120.83,58733.63,-1
2024-08-06,2024-08-06 12:50:00,493.04,493.04,492.89,492.89,-0.03,120.83,58733.63,-1
2024-08-06,2024-08-06 12:51:00,492.89,492.89,492.73,492.73,-0.03,120.83,58733.63,-1
2024-08-06,2024-08-06 12:52:00,492.73,492.73,492.58,492.58,-0.03,120.83,58733.63,-1
2024-08-06,2024-08-06 12:53:00,492.58,492.58,492.43,492.43,-0.03,120.83,58733.63,-1
2024-08-06,2024-08-06 12:54:00,492.43,492.43,492.27,492.27,-0.03,120.83,58733.63,-1
2024-08-06,2024-08-06 12:55:00,492.27,492.27,492.12,492.12,-0.03,120.83,58733.63,-1
2024-08-06,2024-08-06 12:56:00,492.12,492.12,491.96,491.96,-0.03,120.83,58733.63,-1
2024-08-06,2024-08-06 12:57:00,491.96,491.96,491.81,491.81,-0.03,120.83,58733.63,-1
2024-08-06,2024-08-06 12:58:00,491.81,491.81,491.65,491.65,-0.03,120.83,58733.63,-1
2024-08-06,2024-08-06 12:59:00,491.65,491.65,491.5,491.5,-0.03,120.83,58733.63,-1
2024-08-06,2024-08-06 13:00:00,491.5,510.0,455.0,491.35,-0.03,120.83,58733.63,-1
2024-08-06,2024-08-06 13:01:00,491.35,491.35,491.19,491.19,-0.03,120.83,58733.63,-1
2024-08-06,2024-08-06 13:02:00,491.19,491.19,491.04,491.04,-0.03,120.83,58733.63,-1
2024-08-06,2024-08-06 13:03:00,491.04,491.04,490.88,490.88,-0.03,120.83,58733.63,-1
2024-08-06,2024-08-06 13:04:00,490.88,490.88,490.73,490.73,-0.03,120.83,58733.63,-1
2024-08-06,2024-08-06 13:05:00,490.73,490.73,490.57,490.57,-0.03,120.83,58733.63,-1
2024-08-06,2024-08-06 13:06:00,490.57,490.57,490.42,490.42,-0.03,120.83,58733.63,-1
2024-08-06,2024-08-06 13:07:00,490.42,490.42,490.27,490.27,-0.03,120.83,58733.63,-1
2024-08-06,2024-08-06 13:08:00,490.27,490.27,490.11,490.11,-0.03,120.83,58733.63,-1
2024-08-06,2024-08-06 13:09:00,490.11,490.11,489.96,489.96,-0.03,120.83,58733.63,-1
2024-08-06,2024-08-06 13:10:00,489.96,489.96,489.8,489.8,-0.03,120.83,58733.63,-1
2024-08-06,2024-08-06 13:11:00,489.8,489.8,489.65,489.65,-0.03,120.83,58733.63,-1
2024-08-06,2024-08-06 13:12:00,489.65,489.65,489.5,489.5,-0.03,120.83,58733.63,-1
2024-08-06,2024-08-06 13:13:00,489.5,489.5,489.34,489.34,-0.03,120.83,58733.63,-1
2024-08-06,2024-08-06 13:14:00,489.34,489.34,489.19,489.19,-0.03,120.83,58733.63,-1
2024-08-06,2024-08-06 13:15:00,489.19,489.19,489.03,489.03,-0.03,120.83,58733.63,-1
2024-08-06,2024-08-06 13:16:00,489.03,489.03,488.88,488.88,-0.03,120.83,58733.63,-1
2024-08-06,2024-08-06 13:17:00,488.88,488.88,488.73,488.73,-0.03,120.83,58733.63,-1
2024-08-06,2024-08-06 13:18:00,488.73,488.73,488.57,488.57,-0.03,120.83,58733.63,-1
2024-08-06,2024-08-06 13:19:00,488.57,488.57,488.42,488.42,-0.03,120.83,58733.63,-1
2024-08-06,2024-08-06 13:20:00,488.42,488.42,488.26,488.26,-0.03,120.83,58733.63,-1
2024-08-06,2024-08-06 13:21:00,488.26,488.26,488.11,488.11,-0.03,120.83,58733.63,-1
2024-08-06,2024-08-06 13:22:00,488.11,488.11,487.95,487.95,-0.03,120.83,58733.63,-1
2024-08-06,2024-08-06 13:23:00,487.95,487.95,487.8,487.8,-0.03,120.83,58733.63,-1
2024-08-06,2024-08-06 13:24:00,487.8,487.8,487.65,487.65,-0.03,120.83,58733.63,-1
2024-08-06,2024-08-06 13:25:00,487.65,487.65,487.49,487.49,-0.03,120.83,58733.63,-1
2024-08-06,2024-08-06 13:26:00,487.49,487.49,487.34,487.34,-0.03,120.83,58733.63,-1
2024-08-06,2024-08-06 13:27:00,487.34,487.34,487.18,487.18,-0.03,120.83,58733.63,-1
2024-08-06,2024-08-06 13:28:00,487.18,487.18,487.03,487.03,-0.03,120.83,58733.63,-1
2024-08-06,2024-08-06 13:29:00,487.03,487.03,486.88,486.88,-0.03,120.83,58733.63,-1
2024-08-06,2024-08-06 13:30:00,486.88,486.88,486.72,486.72,-0.03,120.83,58733.63,-1
2024-08-06,2024-08-06 13:31:00,486.72,486.72,486.57,486.57,-0.03,120.83,58733.63,-1
2024-08-06,2024-08-06 13:32:00,486.57,486.57,486.41,486.41,-0.03,120.83,58733.63,-1
2024-08-06,2024-08-06 13:33:00,486.41,486.41,486.26,486.26,-0.03,120.83,58733.63,-1
2024-08-06,2024-08-06 13:34:00,486.26,486.26,486.1,486.1,-0.03,120.83,58733.63,-1
2024-08-06,2024-08-06 13:35:00,486.1,486.1,485.95,485.95,-0.03,120.83,58733.63,-1
2024-08-06,2024-08-06 13:36:00,485.95,485.95,485.8,485.8,-0.03,120.83,58733.63,-1
2024-08-06,2024-08-06 13:37:00,485.8,485.8,485.64,485.64,-0.03,120.83,58733.63,-1
2024-08-06,2024-08-06 13:38:00,485.64,485.64,485.49,485.49,-0.03,120.83,58733.63,-1
2024-08-06,2024-08-06 13:39:00,485.49,485.49,485.33,485.33,-0.03,120.83,58733.63,-1
2024-08-06,2024-08-06 13:40:00,485.33,485.33,485.18,485.18,-0.03,120.83,58733.63,-1
2024-08-06,2024-08-06 13:41:00,485.18,485.18,485.02,485.02,-0.03,120.83,58733.63,-1
2024-08-06,2024-08-06 13:42:00,485.02,485.02,484.87,484.87,-0.03,120.83,58733.63,-1
2024-08-06,2024-08-06 13:43:00,484.87,484.87,484.72,484.72,-0.03,120.83,58733.63,-1
2024-08-06,2024-08-06 13:44:00,484.72,484.72,484.56,484.56,-0.03,120.83,58733.63,-1
2024-08-06,2024-08-06 13:45:00,484.56,484.56,484.41,484.41,-0.03,120.83,58733.63,-1
2024-08-06,2024-08-06 13:46:00,484.41,484.41,484.25,484.25,-0.03,120.83,58733.63,-1
2024-08-06,2024-08-06 13:47:00,484.25,484.25,484.1,484.1,-0.03,120.83,58733.63,-1
2024-08-06,2024-08-06 13:48:00,484.1,484.1,483.95,483.95,-0.03,120.83,58733.63,-1
2024-08-06,2024-08-06 13:49:00,483.95,483.95,483.79,483.79,-0.03,120.83,58733.63,-1
2024-08-06,2024-08-06 13:50:00,483.79,483.79,483.64,483.64,-0.03,120.83,58733.63,-1
2024-08-06,2024-08-06 13:51:00,483.64,483.64,483.48,483.48,-0.03,120.83,58733.63,-1
2024-08-06,2024-08-06 13:52:00,483.48,483.48,483.33,483.33,-0.03,120.83,58733.63,-1
2024-08-06,2024-08-06 13:53:00,483.33,483.33,483.18,483.18,-0.03,120.83,58733.63,-1
2024-08-06,2024-08-06 13:54:00,483.18,483.18,483.02,483.02,-0.03,120.83,58733.63,-1
2024-08-06,2024-08-06 13:55:00,483.02,483.02,482.87,482.87,-0.03,120.83,58733.63,-1
2024-08-06,2024-08-06 13:56:00,482.87,482.87,482.71,482.71,-0.03,120.83,58733.63,-1
2024-08-06,2024-08-06 13:57:00,482.71,482.71,482.56,482.56,-0.03,120.83,58733.63,-1
2024-08-06,2024-08-06 13:58:00,482.56,482.56,482.4,482.4,-0.03,120.83,58733.63,-1
2024-08-06,2024-08-06 13:59:00,482.4,482.4,482.25,482.25,-0.03,120.83,58733.63,-1
2024-08-06,2024-08-06 14:00:00,482.25,482.25,482.1,482.1,-0.03,120.83,58733.63,-1
2024-08-06,2024-08-06 14:01:00,482.1,482.1,481.94,481.94,-0.03,120.83,58733.63,-1
2024-08-06,2024-08-06 14:02:00,481.94,481.94,481.79,481.79,-0.03,120.83,58733.63,-1
2024-08-06,2024-08-06 14:03:00,481.79,481.79,481.63,481.63,-0.03,120.83,58733.63,-1
2024-08-06,2024-08-06 14:04:00,481.63,481.63,481.48,481.48,-0.03,120.83,58733.63,-1
2024-08-06,2024-08-06 14:05:00,481.48,481.48,481.32,481.32,-0.03,120.83,58733.63,-1
2024-08-06,2024-08-06 14:06:00,481.32,481.32,481.17,481.17,-0.03,120.83,58733.63,-1
2024-08-06,2024-08-06 14:07:00,481.17,481.17,481.02,481.02,-0.03,120.83,58733.63,-1
2024-08-06,2024-08-06 14:08:00,481.02,481.02,480.86,480.86,-0.03,120.83,58733.63,-1
2024-08-06,2024-08-06 14:09:00,480.86,480.86,480.71,480.71,-0.03,120.83,58733.63,-1
2024-08-06,2024-08-06 14:10:00,480.71,480.71,480.55,480.55,-0.03,120.83,58733.63,-1
2024-08-06,2024-08-06 14:11:00,480.55,480.55,480.4,480.4,-0.03,120.83,58733.63,-1
2024-08-06,2024-08-06 14:12:00,480.4,480.4,480.25,480.25,-0.03,120.83,58733.63,-1
2024-08-06,2024-08-06 14:13:00,480.25,480.25,480.09,480.09,-0.03,120.83,58733.63,-1
2024-08-06,2024-08-06 14:14:00,480.09,480.09,479.94,479.94,-0.03,120.83,58733.63,-1
2024-08-06,2024-08-06 14:15:00,479.94,479.94,479.78,479.78,-0.03,120.83,58733.63,-1
2024-08-06,2024-08-06 14:16:00,479.78,479.78,479.63,479.63,-0.03,120.83,58733.63,-1
2024-08-06,2024-08-06 14:17:00,479.63,479.63,479.48,479.48,-0.03,120.83,58733.63,-1
2024-08-06,2024-08-06 14:18:00,479.48,479.48,479.32,479.32,-0.03,120.83,58733.63,-1
2024-08-06,2024-08-06 14:19:00,479.32,479.32,479.17,479.17,-0.03,120.83,58733.63,-1
2024-08-06,2024-08-06 14:20:00,479.17,479.17,479.01,479.01,-0.03,120.83,58733.63,-1
2024-08-06,2024-08-06 14:21:00,479.01,479.01,478.86,478.86,-0.03,120.83,58733.63,-1
2024-08-06,2024-08-06 14:22:00,478.86,478.86,478.7,478.7,-0.03,120.83,58733.63,-1
2024-08-06,2024-08-06 14:23:00,478.7,478.7,478.55,478.55,-0.03,120.83,58733.63,-1
2024-08-06,2024-08-06 14:24:00,478.55,478.55,478.4,478.4,-0.03,120.83,58733.63,-1
2024-08-06,2024-08-06 14:25:00,478.4,478.4,478.24,478.24,-0.03,120.83,58733.63,-1
2024-08-06,2024-08-06 14:26:00,478.24,478.24,478.09,478.09,-0.03,120.83,58733.63,-1
2024-08-06,2024-08-06 14:27:00,478.09,478.09,477.93,477.93,-0.03,120.83,58733.63,-1
2024-08-06,2024-08-06 14:28:00,477.93,477.93,477.78,477.78,-0.03,120.83,58733.63,-1
2024-08-06,2024-08-06 14:29:00,477.78,477.78,477.62,477.62,-0.03,120.83,58733.63,-1
2024-08-06,2024-08-06 14:30:00,477.62,477.62,477.47,477.47,-0.03,120.83,58733.63,-1
2024-08-06,2024-08-06 14:31:00,477.47,477.47,477.32,477.32,-0.03,120.83,58733.63,-1
2024-08-06,2024-08-06 14:32:00,477.32,477.32,477.16,477.16,-0.03,120.83,58733.63,-1
2024-08-06,2024-08-06 14:33:00,477.16,477.16,477.01,477.01,-0.03,120.83,58733.63,-1
2024-08-06,2024-08-06 14:34:00,477.01,477.01,476.85,476.85,-0.03,120.83,58733.63,-1
2024-08-06,2024-08-06 14:35:00,476.85,476.85,476.7,476.7,-0.03,120.83,58733.63,-1
2024-08-06,2024-08-06 14:36:00,476.7,476.7,476.55,476.55,-0.03,120.83,58733.63,-1
2024-08-06,2024-08-06 14:37:00,476.55,476.55,476.39,476.39,-0.03,120.83,58733.63,-1
2024-08-06,2024-08-06 14:38:00,476.39,476.39,476.24,476.24,-0.03,120.83,58733.63,-1
2024-08-06,2024-08-06 14:39:00,476.24,476.24,476.08,476.08,-0.03,120.83,58733.63,-1
2024-08-06,2024-08-06 14:40:00,476.08,476.08,475.93,475.93,-0.03,120.83,58733.63,-1
2024-08-06,2024-08-06 14:41:00,475.93,475.93,475.77,475.77,-0.03,120.83,58733.63,-1
2024-08-06,2024-08-06 14:42:00,475.77,475.77,475.62,475.62,-0.03,120.83,58733.63,-1
2024-08-06,2024-08-06 14:43:00,475.62,475.62,475.47,475.47,-0.03,120.83,58733.63,-1
2024-08-06,2024-08-06 14:44:00,475.47,475.47,475.31,475.31,-0.03,120.83,58733.63,-1
2024-08-06,2024-08-06 14:45:00,475.31,475.31,475.16,475.16,-0.03,120.83,58733.63,-1
2024-08-06,2024-08-06 14:46:00,475.16,475.16,475.0,475.0,-0.03,120.83,58733.63,-1
2024-08-06,2024-08-06 14:47:00,475.0,475.0,474.85,474.85,-0.03,120.83,58733.63,-1
2024-08-06,2024-08-06 14:48:00,474.85,474.85,474.7,474.7,-0.03,120.83,58733.63,-1
2024-08-06,2024-08-06 14:49:00,474.7,474.7,474.54,474.54,-0.03,120.83,58733.63,-1
2024-08-06,2024-08-06 14:50:00,474.54,474.54,474.39,474.39,-0.03,120.83,58733.63,-1
2024-08-06,2024-08-06 14:51:00,474.39,474.39,474.23,474.23,-0.03,120.83,58733.63,-1
2024-08-06,2024-08-06 14:52:00,474.23,474.23,474.08,474.08,-0.03,120.83,58733.63,-1
2024-08-06,2024-08-06 14:53:00,474.08,474.08,473.93,473.93,-0.03,120.83,58733.63,-1
2024-08-06,2024-08-06 14:54:00,473.93,473.93,473.77,473.77,-0.03,120.83,58733.63,-1
2024-08-06,2024-08-06 14:55:00,473.77,473.77,473.62,473.62,-0.03,120.83,58733.63,-1
2024-08-06,2024-08-06 14:56:00,473.62,473.62,473.46,473.46,-0.03,120.83,58733.63,-1
2024-08-06,2024-08-06 14:57:00,473.46,473.46,473.31,473.31,-0.03,120.83,58733.63,-1
2024-08-06,2024-08-06 14:58:00,473.31,473.31,473.15,473.15,-0.03,120.83,58733.63,-1
2024-08-06,2024-08-06 14:59:00,473.15,473.15,473.0,473.0,-0.03,120.83,58733.63,-1
2024-08-06,2024-08-06 15:00:00,473.0,510.0,455.0,473.0,0.0,120.83,58733.63,0
2024-08-07,2024-08-07 11:00:00,463.6,477.28,463.6,463.71,0.02,130.12,62788.96,1
2024-08-07,2024-08-07 11:01:00,463.71,463.81,463.71,463.81,0.02,130.12,62788.96,1
2024-08-07,2024-08-07 11:02:00,463.81,463.92,463.81,463.92,0.02,130.12,62788.96,1
2024-08-07,2024-08-07 11:03:00,463.92,464.02,463.92,464.02,0.02,130.12,62788.96,1
2024-08-07,2024-08-07 11:04:00,464.02,464.13,464.02,464.13,0.02,130.12,62788.96,1
2024-08-07,2024-08-07 11:05:00,464.13,464.24,464.13,464.24,0.02,130.12,62788.96,1
2024-08-07,2024-08-07 11:06:00,464.24,464.34,464.24,464.34,0.02,130.12,62788.96,1
2024-08-07,2024-08-07 11:07:00,464.34,464.45,464.34,464.45,0.02,130.12,62788.96,1
2024-08-07,2024-08-07 11:08:00,464.45,464.55,464.45,464.55,0.02,130.12,62788.96,1
2024-08-07,2024-08-07 11:09:00,464.55,464.66,464.55,464.66,0.02,130.12,62788.96,1
2024-08-07,2024-08-07 11:10:00,464.66,464.76,464.66,464.76,0.02,130.12,62788.96,1
2024-08-07,2024-08-07 11:11:00,464.76,464.87,464.76,464.87,0.02,130.12,62788.96,1
2024-08-07,2024-08-07 11:12:00,464.87,464.98,464.87,464.98,0.02,130.12,62788.96,1
2024-08-07,2024-08-07 11:13:00,464.98,465.08,464.98,465.08,0.02,130.12,62788.96,1
2024-08-07,2024-08-07 11:14:00,465.08,465.19,465.08,465.19,0.02,130.12,62788.96,1
2024-08-07,2024-08-07 11:15:00,465.19,465.29,465.19,465.29,0.02,130.12,62788.96,1
2024-08-07,2024-08-07 11:16:00,465.29,465.4,465.29,465.4,0.02,130.12,62788.96,1
2024-08-07,2024-08-07 11:17:00,465.4,465.5,465.4,465.5,0.02,130.12,62788.96,1
2024-08-07,2024-08-07 11:18:00,465.5,465.61,465.5,465.61,0.02,130.12,62788.96,1
2024-08-07,2024-08-07 11:19:00,465.61,465.72,465.61,465.72,0.02,130.12,62788.96,1
2024-08-07,2024-08-07 11:20:00,465.72,465.82,465.72,465.82,0.02,130.12,62788.96,1
2024-08-07,2024-08-07 11:21:00,465.82,465.93,465.82,465.93,0.02,130.12,62788.96,1
2024-08-07,2024-08-07 11:22:00,465.93,466.03,465.93,466.03,0.02,130.12,62788.96,1
2024-08-07,2024-08-07 11:23:00,466.03,466.14,466.03,466.14,0.02,130.12,62788.96,1
2024-08-07,2024-08-07 11:24:00,466.14,466.25,466.14,466.25,0.02,130.12,62788.96,1
2024-08-07,2024-08-07 11:25:00,466.25,466.35,466.25,466.35,0.02,130.12,62788.96,1
2024-08-07,2024-08-07 11:26:00,466.35,466.46,466.35,466.46,0.02,130.12,62788.96,1
2024-08-07,2024-08-07 11:27:00,466.46,466.56,466.46,466.56,0.02,130.12,62788.96,1
2024-08-07,2024-08-07 11:28:00,466.56,466.67,466.56,466.67,0.02,130.12,62788.96,1
2024-08-07,2024-08-07 11:29:00,466.67,466.78,466.67,466.78,0.02,130.12,62788.96,1
2024-08-07,2024-08-07 11:30:00,466.78,466.88,466.78,466.88,0.02,130.12,62788.96,1
2024-08-07,2024-08-07 11:31:00,466.88,466.99,466.88,466.99,0.02,130.12,62788.96,1
2024-08-07,2024-08-07 11:32:00,466.99,467.09,466.99,467.09,0.02,130.12,62788.96,1
2024-08-07,2024-08-07 11:33:00,467.09,467.2,467.09,467.2,0.02,130.12,62788.96,1
2024-08-07,2024-08-07 11:34:00,467.2,467.3,467.2,467.3,0.02,130.12,62788.96,1
2024-08-07,2024-08-07 11:35:00,467.3,467.41,467.3,467.41,0.02,130.12,62788.96,1
2024-08-07,2024-08-07 11:36:00,467.41,467.52,467.41,467.52,0.02,130.12,62788.96,1
2024-08-07,2024-08-07 11:37:00,467.52,467.62,467.52,467.62,0.02,130.12,62788.96,1
2024-08-07,2024-08-07 11:38:00,467.62,467.73,467.62,467.73,0.02,130.12,62788.96,1
2024-08-07,2024-08-07 11:39:00,467.73,467.83,467.73,467.83,0.02,130.12,62788.96,1
2024-08-07,2024-08-07 11:40:00,467.83,467.94,467.83,467.94,0.02,130.12,62788.96,1
2024-08-07,2024-08-07 11:41:00,467.94,468.05,467.94,468.05,0.02,130.12,62788.96,1
2024-08-07,2024-08-07 11:42:00,468.05,468.15,468.05,468.15,0.02,130.12,62788.96,1
2024-08-07,2024-08-07 11:43:00,468.15,468.26,468.15,468.26,0.02,130.12,62788.96,1
2024-08-07,2024-08-07 11:44:00,468.26,468.36,468.26,468.36,0.02,130.12,62788.96,1
2024-08-07,2024-08-07 11:45:00,468.36,468.47,468.36,468.47,0.02,130.12,62788.96,1
2024-08-07,2024-08-07 11:46:00,468.47,468.57,468.47,468.57,0.02,130.12,62788.96,1
2024-08-07,2024-08-07 11:47:00,468.57,468.68,468.57,468.68,0.02,130.12,62788.96,1
2024-08-07,2024-08-07 11:48:00,468.68,468.79,468.68,468.79,0.02,130.12,62788.96,1
2024-08-07,2024-08-07 11:49:00,468.79,468.89,468.79,468.89,0.02,130.12,62788.96,1
2024-08-07,2024-08-07 11:50:00,468.89,469.0,468.89,469.0,0.02,130.12,62788.96,1
2024-08-07,2024-08-07 11:51:00,469.0,469.1,469.0,469.1,0.02,130.12,62788.96,1
2024-08-07,2024-08-07 11:52:00,469.1,469.21,469.1,469.21,0.02,130.12,62788.96,1
2024-08-07,2024-08-07 11:53:00,469.21,469.31,469.21,469.31,0.02,130.12,62788.96,1
2024-08-07,2024-08-07 11:54:00,469.31,469.42,469.31,469.42,0.02,130.12,62788.96,1
2024-08-07,2024-08-07 11:55:00,469.42,469.53,469.42,469.53,0.02,130.12,62788.96,1
2024-08-07,2024-08-07 11:56:00,469.53,469.63,469.53,469.63,0.02,130.12,62788.96,1
2024-08-07,2024-08-07 11:57:00,469.63,469.74,469.63,469.74,0.02,130.12,62788.96,1
2024-08-07,2024-08-07 11:58:00,469.74,469.84,469.74,469.84,0.02,130.12,62788.96,1
2024-08-07,2024-08-07 11:59:00,469.84,469.95,469.84,469.95,0.02,130.12,62788.96,1
2024-08-07,2024-08-07 12:00:00,469.95,470.06,469.95,470.06,0.02,130.12,62788.96,1
2024-08-07,2024-08-07 12:01:00,470.06,470.16,470.06,470.16,0.02,130.12,62788.96,1
2024-08-07,2024-08-07 12:02:00,470.16,470.27,470.16,470.27,0.02,130.12,62788.96,1
2024-08-07,2024-08-07 12:03:00,470.27,470.37,470.27,470.37,0.02,130.12,62788.96,1
2024-08-07,2024-08-07 12:04:00,470.37,470.48,470.37,470.48,0.02,130.12,62788.96,1
2024-08-07,2024-08-07 12:05:00,470.48,470.59,470.48,470.59,0.02,130.12,62788.96,1
2024-08-07,2024-08-07 12:06:00,470.59,470.69,470.59,470.69,0.02,130.12,62788.96,1
2024-08-07,2024-08-07 12:07:00,470.69,470.8,470.69,470.8,0.02,130.12,62788.96,1
2024-08-07,2024-08-07 12:08:00,470.8,470.9,470.8,470.9,0.02,130.12,62788.96,1
2024-08-07,2024-08-07 12:09:00,470.9,471.01,470.9,471.01,0.02,130.12,62788.96,1
2024-08-07,2024-08-07 12:10:00,471.01,471.11,471.01,471.11,0.02,130.12,62788.96,1
2024-08-07,2024-08-07 12:11:00,471.11,471.22,471.11,471.22,0.02,130.12,62788.96,1
2024-08-07,2024-08-07 12:12:00,471.22,471.33,471.22,471.33,0.02,130.12,62788.96,1
2024-08-07,2024-08-07 12:13:00,471.33,471.43,471.33,471.43,0.02,130.12,62788.96,1
2024-08-07,2024-08-07 12:14:00,471.43,471.54,471.43,471.54,0.02,130.12,62788.96,1
2024-08-07,2024-08-07 12:15:00,471.54,471.64,471.54,471.64,0.02,130.12,62788.96,1
2024-08-07,2024-08-07 12:16:00,471.64,471.75,471.64,471.75,0.02,130.12,62788.96,1
2024-08-07,2024-08-07 12:17:00,471.75,471.86,471.75,471.86,0.02,130.12,62788.96,1
2024-08-07,2024-08-07 12:18:00,471.86,471.96,471.86,471.96,0.02,130.12,62788.96,1
2024-08-07,2024-08-07 12:19:00,471.96,472.07,471.96,472.07,0.02,130.12,62788.96,1
2024-08-07,2024-08-07 12:20:00,472.07,472.17,472.07,472.17,0.02,130.12,62788.96,1
2024-08-07,2024-08-07 12:21:00,472.17,472.28,472.17,472.28,0.02,130.12,62788.96,1
2024-08-07,2024-08-07 12:22:00,472.28,472.38,472.28,472.38,0.02,130.12,62788.96,1
2024-08-07,2024-08-07 12:23:00,472.38,472.49,472.38,472.49,0.02,130.12,62788.96,1
2024-08-07,2024-08-07 12:24:00,472.49,472.6,472.49,472.6,0.02,130.12,62788.96,1
2024-08-07,2024-08-07 12:25:00,472.6,472.7,472.6,472.7,0.02,130.12,62788.96,1
2024-08-07,2024-08-07 12:26:00,472.7,472.81,472.7,472.81,0.02,130.12,62788.96,1
2024-08-07,2024-08-07 12:27:00,472.81,472.91,472.81,472.91,0.02,130.12,62788.96,1
2024-08-07,2024-08-07 12:28:00,472.91,473.02,472.91,473.02,0.02,130.12,62788.96,1
2024-08-07,2024-08-07 12:29:00,473.02,473.12,473.02,473.12,0.02,130.12,62788.96,1
2024-08-07,2024-08-07 12:30:00,473.12,473.23,473.12,473.23,0.02,130.12,62788.96,1
2024-08-07,2024-08-07 12:31:00,473.23,473.34,473.23,473.34,0.02,130.12,62788.96,1
2024-08-07,2024-08-07 12:32:00,473.34,473.44,473.34,473.44,0.02,130.12,62788.96,1
2024-08-07,2024-08-07 12:33:00,473.44,473.55,473.44,473.55,0.02,130.12,62788.96,1
2024-08-07,2024-08-07 12:34:00,473.55,473.65,473.55,473.65,0.02,130.12,62788.96,1
2024-08-07,2024-08-07 12:35:00,473.65,473.76,473.65,473.76,0.02,130.12,62788.96,1
2024-08-07,2024-08-07 12:36:00,473.76,473.87,473.76,473.87,0.02,130.12,62788.96,1
2024-08-07,2024-08-07 12:37:00,473.87,473.97,473.87,473.97,0.02,130.12,62788.96,1
2024-08-07,2024-08-07 12:38:00,473.97,474.08,473.97,474.08,0.02,130.12,62788.96,1
2024-08-07,2024-08-07 12:39:00,474.08,474.18,474.08,474.18,0.02,130.12,62788.96,1
2024-08-07,2024-08-07 12:40:00,474.18,474.29,474.18,474.29,0.02,130.12,62788.96,1
2024-08-07,2024-08-07 12:41:00,474.29,474.4,474.29,474.4,0.02,130.12,62788.96,1
2024-08-07,2024-08-07 12:42:00,474.4,474.5,474.4,474.5,0.02,130.12,62788.96,1
2024-08-07,2024-08-07 12:43:00,474.5,474.61,474.5,474.61,0.02,130.12,62788.96,1
2024-08-07,2024-08-07 12:44:00,474.61,474.71,474.61,474.71,0.02,130.12,62788.96,1
2024-08-07,2024-08-07 12:45:00,474.71,474.82,474.71,474.82,0.02,130.12,62788.96,1
2024-08-07,2024-08-07 12:46:00,474.82,474.92,474.82,474.92,0.02,130.12,62788.96,1
2024-08-07,2024-08-07 12:47:00,474.92,475.03,474.92,475.03,0.02,130.12,62788.96,1
2024-08-07,2024-08-07 12:48:00,475.03,475.14,475.03,475.14,0.02,130.12,62788.96,1
2024-08-07,2024-08-07 12:49:00,475.14,475.24,475.14,475.24,0.02,130.12,62788.96,1
2024-08-07,2024-08-07 12:50:00,475.24,475.35,475.24,475.35,0.02,130.12,62788.96,1
2024-08-07,2024-08-07 12:51:00,475.35,475.45,475.35,475.45,0.02,130.12,62788.96,1
2024-08-07,2024-08-07 12:52:00,475.45,475.56,475.45,475.56,0.02,130.12,62788.96,1
2024-08-07,2024-08-07 12:53:00,475.56,475.67,475.56,475.67,0.02,130.12,62788.96,1
2024-08-07,2024-08-07 12:54:00,475.67,475.77,475.67,475.77,0.02,130.12,62788.96,1
2024-08-07,2024-08-07 12:55:00,475.77,475.88,475.77,475.88,0.02,130.12,62788.96,1
2024-08-07,2024-08-07 12:56:00,475.88,475.98,475.88,475.98,0.02,130.12,62788.96,1
2024-08-07,2024-08-07 12:57:00,475.98,476.09,475.98,476.09,0.02,130.12,62788.96,1
2024-08-07,2024-08-07 12:58:00,476.09,476.19,476.09,476.19,0.02,130.12,62788.96,1
2024-08-07,2024-08-07 12:59:00,476.19,476.3,476.19,476.3,0.02,130.12,62788.96,1
2024-08-07,2024-08-07 13:00:00,476.3,509.2,463.6,476.41,0.02,130.12,62788.96,1
2024-08-07,2024-08-07 13:01:00,476.41,476.51,476.41,476.51,0.02,130.12,62788.96,1
2024-08-07,2024-08-07 13:02:00,476.51,476.62,476.51,476.62,0.02,130.12,62788.96,1
2024-08-07,2024-08-07 13:03:00,476.62,476.72,476.62,476.72,0.02,130.12,62788.96,1
2024-08-07,2024-08-07 13:04:00,476.72,476.83,476.72,476.83,0.02,130.12,62788.96,1
2024-08-07,2024-08-07 13:05:00,476.83,476.94,476.83,476.94,0.02,130.12,62788.96,1
2024-08-07,2024-08-07 13:06:00,476.94,477.04,476.94,477.04,0.02,130.12,62788.96,1
2024-08-07,2024-08-07 13:07:00,477.04,477.15,477.04,477.15,0.02,130.12,62788.96,1
2024-08-07,2024-08-07 13:08:00,477.15,477.25,477.15,477.25,0.02,130.12,62788.96,1
2024-08-07,2024-08-07 13:09:00,477.25,477.36,477.25,477.36,0.02,130.12,62788.96,1
2024-08-07,2024-08-07 13:10:00,477.36,477.46,477.36,477.46,0.02,130.12,62788.96,1
2024-08-07,2024-08-07 13:11:00,477.46,477.57,477.46,477.57,0.02,130.12,62788.96,1
2024-08-07,2024-08-07 13:12:00,477.57,477.68,477.57,477.68,0.02,130.12,62788.96,1
2024-08-07,2024-08-07 13:13:00,477.68,477.78,477.68,477.78,0.02,130.12,62788.96,1
2024-08-07,2024-08-07 13:14:00,477.78,477.89,477.78,477.89,0.02,130.12,62788.96,1
2024-08-07,2024-08-07 13:15:00,477.89,477.99,477.89,477.99,0.02,130.12,62788.96,1
2024-08-07,2024-08-07 13:16:00,477.99,478.1,477.99,478.1,0.02,130.12,62788.96,1
2024-08-07,2024-08-07 13:17:00,478.1,478.2,478.1,478.2,0.02,130.12,62788.96,1
2024-08-07,2024-08-07 13:18:00,478.2,478.31,478.2,478.31,0.02,130.12,62788.96,1
2024-08-07,2024-08-07 13:19:00,478.31,478.42,478.31,478.42,0.02,130.12,62788.96,1
2024-08-07,2024-08-07 13:20:00,478.42,478.52,478.42,478.52,0.02,130.12,62788.96,1
2024-08-07,2024-08-07 13:21:00,478.52,478.63,478.52,478.63,0.02,130.12,62788.96,1
2024-08-07,2024-08-07 13:22:00,478.63,478.73,478.63,478.73,0.02,130.12,62788.96,1
2024-08-07,2024-08-07 13:23:00,478.73,478.84,478.73,478.84,0.02,130.12,62788.96,1
2024-08-07,2024-08-07 13:24:00,478.84,478.95,478.84,478.95,0.02,130.12,62788.96,1
2024-08-07,2024-08-07 13:25:00,478.95,479.05,478.95,479.05,0.02,130.12,62788.96,1
2024-08-07,2024-08-07 13:26:00,479.05,479.16,479.05,479.16,0.02,130.12,62788.96,1
2024-08-07,2024-08-07 13:27:00,479.16,479.26,479.16,479.26,0.02,130.12,62788.96,1
2024-08-07,2024-08-07 13:28:00,479.26,479.37,479.26,479.37,0.02,130.12,62788.96,1
2024-08-07,2024-08-07 13:29:00,479.37,479.48,479.37,479.48,0.02,130.12,62788.96,1
2024-08-07,2024-08-07 13:30:00,479.48,479.58,479.48,479.58,0.02,130.12,62788.96,1
2024-08-07,2024-08-07 13:31:00,479.58,479.69,479.58,479.69,0.02,130.12,62788.96,1
2024-08-07,2024-08-07 13:32:00,479.69,479.79,479.69,479.79,0.02,130.12,62788.96,1
2024-08-07,2024-08-07 13:33:00,479.79,479.9,479.79,479.9,0.02,130.12,62788.96,1
2024-08-07,2024-08-07 13:34:00,479.9,480.0,479.9,480.0,0.02,130.12,62788.96,1
2024-08-07,2024-08-07 13:35:00,480.0,480.11,480.0,480.11,0.02,130.12,62788.96,1
2024-08-07,2024-08-07 13:36:00,480.11,480.22,480.11,480.22,0.02,130.12,62788.96,1
2024-08-07,2024-08-07 13:37:00,480.22,480.32,480.22,480.32,0.02,130.12,62788.96,1
2024-08-07,2024-08-07 13:38:00,480.32,480.43,480.32,480.43,0.02,130.12,62788.96,1
2024-08-07,2024-08-07 13:39:00,480.43,480.53,480.43,480.53,0.02,130.12,62788.96,1
2024-08-07,2024-08-07 13:40:00,480.53,480.64,480.53,480.64,0.02,130.12,62788.96,1
2024-08-07,2024-08-07 13:41:00,480.64,480.75,480.64,480.75,0.02,130.12,62788.96,1
2024-08-07,2024-08-07 13:42:00,480.75,480.85,480.75,480.85,0.02,130.12,62788.96,1
2024-08-07,2024-08-07 13:43:00,480.85,480.96,480.85,480.96,0.02,130.12,62788.96,1
2024-08-07,2024-08-07 13:44:00,480.96,481.06,480.96,481.06,0.02,130.12,62788.96,1
2024-08-07,2024-08-07 13:45:00,481.06,481.17,481.06,481.17,0.02,130.12,62788.96,1
2024-08-07,2024-08-07 13:46:00,481.17,481.27,481.17,481.27,0.02,130.12,62788.96,1
2024-08-07,2024-08-07 13:47:00,481.27,481.38,481.27,481.38,0.02,130.12,62788.96,1
2024-08-07,2024-08-07 13:48:00,481.38,481.49,481.38,481.49,0.02,130.12,62788.96,1
2024-08-07,2024-08-07 13:49:00,481.49,481.59,481.49,481.59,0.02,130.12,62788.96,1
2024-08-07,2024-08-07 13:50:00,481.59,481.7,481.59,481.7,0.02,130.12,62788.96,1
2024-08-07,2024-08-07 13:51:00,481.7,481.8,481.7,481.8,0.02,130.12,62788.96,1
2024-08-07,2024-08-07 13:52:00,481.8,481.91,481.8,481.91,0.02,130.12,62788.96,1
2024-08-07,2024-08-07 13:53:00,481.91,482.01,481.91,482.01,0.02,130.12,62788.96,1
2024-08-07,2024-08-07 13:54:00,482.01,482.12,482.01,482.12,0.02,130.12,62788.96,1
2024-08-07,2024-08-07 13:55:00,482.12,482.23,482.12,482.23,0.02,130.12,62788.96,1
2024-08-07,2024-08-07 13:56:00,482.23,482.33,482.23,482.33,0.02,130.12,62788.96,1
2024-08-07,2024-08-07 13:57:00,482.33,482.44,482.33,482.44,0.02,130.12,62788.96,1
2024-08-07,2024-08-07 13:58:00,482.44,482.54,482.44,482.54,0.02,130.12,62788.96,1
2024-08-07,2024-08-07 13:59:00,482.54,482.65,482.54,482.65,0.02,130.12,62788.96,1
2024-08-07,2024-08-07 14:00:00,482.65,482.76,482.65,482.76,0.02,130.12,62788.96,1
2024-08-07,2024-08-07 14:01:00,482.76,482.86,482.76,482.86,0.02,130.12,62788.96,1
2024-08-07,2024-08-07 14:02:00,482.86,482.97,482.86,482.97,0.02,130.12,62788.96,1
2024-08-07,2024-08-07 14:03:00,482.97,483.07,482.97,483.07,0.02,130.12,62788.96,1
2024-08-07,2024-08-07 14:04:00,483.07,483.18,483.07,483.18,0.02,130.12,62788.96,1
2024-08-07,2024-08-07 14:05:00,483.18,483.29,483.18,483.29,0.02,130.12,62788.96,1
2024-08-07,2024-08-07 14:06:00,483.29,483.39,483.29,483.39,0.02,130.12,62788.96,1
2024-08-07,2024-08-07 14:07:00,483.39,483.5,483.39,483.5,0.02,130.12,62788.96,1
2024-08-07,2024-08-07 14:08:00,483.5,483.6,483.5,483.6,0.02,130.12,62788.96,1
2024-08-07,2024-08-07 14:09:00,483.6,483.71,483.6,483.71,0.02,130.12,62788.96,1
2024-08-07,2024-08-07 14:10:00,483.71,483.81,483.71,483.81,0.02,130.12,62788.96,1
2024-08-07,2024-08-07 14:11:00,483.81,483.92,483.81,483.92,0.02,130.12,62788.96,1
2024-08-07,2024-08-07 14:12:00,483.92,484.03,483.92,484.03,0.02,130.12,62788.96,1
2024-08-07,2024-08-07 14:13:00,484.03,484.13,484.03,484.13,0.02,130.12,62788.96,1
2024-08-07,2024-08-07 14:14:00,484.13,484.24,484.13,484.24,0.02,130.12,62788.96,1
2024-08-07,2024-08-07 14:15:00,484.24,484.34,484.24,484.34,0.02,130.12,62788.96,1
2024-08-07,2024-08-07 14:16:00,484.34,484.45,484.34,484.45,0.02,130.12,62788.96,1
2024-08-07,2024-08-07 14:17:00,484.45,484.56,484.45,484.56,0.02,130.12,62788.96,1
2024-08-07,2024-08-07 14:18:00,484.56,484.66,484.56,484.66,0.02,130.12,62788.96,1
2024-08-07,2024-08-07 14:19:00,484.66,484.77,484.66,484.77,0.02,130.12,62788.96,1
2024-08-07,2024-08-07 14:20:00,484.77,484.87,484.77,484.87,0.02,130.12,62788.96,1
2024-08-07,2024-08-07 14:21:00,484.87,484.98,484.87,484.98,0.02,130.12,62788.96,1
2024-08-07,2024-08-07 14:22:00,484.98,485.08,484.98,485.08,0.02,130.12,62788.96,1
2024-08-07,2024-08-07 14:23:00,485.08,485.19,485.08,485.19,0.02,130.12,62788.96,1
2024-08-07,2024-08-07 14:24:00,485.19,485.3,485.19,485.3,0.02,130.12,62788.96,1
2024-08-07,2024-08-07 14:25:00,485.3,485.4,485.3,485.4,0.02,130.12,62788.96,1
2024-08-07,2024-08-07 14:26:00,485.4,485.51,485.4,485.51,0.02,130.12,62788.96,1
2024-08-07,2024-08-07 14:27:00,485.51,485.61,485.51,485.61,0.02,130.12,62788.96,1
2024-08-07,2024-08-07 14:28:00,485.61,485.72,485.61,485.72,0.02,130.12,62788.96,1
2024-08-07,2024-08-07 14:29:00,485.72,485.82,485.72,485.82,0.02,130.12,62788.96,1
2024-08-07,2024-08-07 14:30:00,485.82,485.93,485.82,485.93,0.02,130.12,62788.96,1
2024-08-07,2024-08-07 14:31:00,485.93,486.04,485.93,486.04,0.02,130.12,62788.96,1
2024-08-07,2024-08-07 14:32:00,486.04,486.14,486.04,486.14,0.02,130.12,62788.96,1
2024-08-07,2024-08-07 14:33:00,486.14,486.25,486.14,486.25,0.02,130.12,62788.96,1
2024-08-07,2024-08-07 14:34:00,486.25,486.35,486.25,486.35,0.02,130.12,62788.96,1
2024-08-07,2024-08-07 14:35:00,486.35,486.46,486.35,486.46,0.02,130.12,62788.96,1
2024-08-07,2024-08-07 14:36:00,486.46,486.57,486.46,486.57,0.02,130.12,62788.96,1
2024-08-07,2024-08-07 14:37:00,486.57,486.67,486.57,486.67,0.02,130.12,62788.96,1
2024-08-07,2024-08-07 14:38:00,486.67,486.78,486.67,486.78,0.02,130.12,62788.96,1
2024-08-07,2024-08-07 14:39:00,486.78,486.88,486.78,486.88,0.02,130.12,62788.96,1
2024-08-07,2024-08-07 14:40:00,486.88,486.99,486.88,486.99,0.02,130.12,62788.96,1
2024-08-07,2024-08-07 14:41:00,486.99,487.1,486.99,487.1,0.02,130.12,62788.96,1
2024-08-07,2024-08-07 14:42:00,487.1,487.2,487.1,487.2,0.02,130.12,62788.96,1
2024-08-07,2024-08-07 14:43:00,487.2,487.31,487.2,487.31,0.02,130.12,62788.96,1
2024-08-07,2024-08-07 14:44:00,487.31,487.41,487.31,487.41,0.02,130.12,62788.96,1
2024-08-07,2024-08-07 14:45:00,487.41,487.52,487.41,487.52,0.02,130.12,62788.96,1
2024-08-07,2024-08-07 14:46:00,487.52,487.62,487.52,487.62,0.02,130.12,62788.96,1
2024-08-07,2024-08-07 14:47:00,487.62,487.73,487.62,487.73,0.02,130.12,62788.96,1
2024-08-07,2024-08-07 14:48:00,487.73,487.84,487.73,487.84,0.02,130.12,62788.96,1
2024-08-07,2024-08-07 14:49:00,487.84,487.94,487.84,487.94,0.02,130.12,62788.96,1
2024-08-07,2024-08-07 14:50:00,487.94,488.05,487.94,488.05,0.02,130.12,62788.96,1
2024-08-07,2024-08-07 14:51:00,488.05,488.15,488.05,488.15,0.02,130.12,62788.96,1
2024-08-07,2024-08-07 14:52:00,488.15,488.26,488.15,488.26,0.02,130.12,62788.96,1
2024-08-07,2024-08-07 14:53:00,488.26,488.37,488.26,488.37,0.02,130.12,62788.96,1
2024-08-07,2024-08-07 14:54:00,488.37,488.47,488.37,488.47,0.02,130.12,62788.96,1
2024-08-07,2024-08-07 14:55:00,488.47,488.58,488.47,488.58,0.02,130.12,62788.96,1
2024-08-07,2024-08-07 14:56:00,488.58,488.68,488.58,488.68,0.02,130.12,62788.96,1
2024-08-07,2024-08-07 14:57:00,488.68,488.79,488.68,488.79,0.02,130.12,62788.96,1
2024-08-07,2024-08-07 14:58:00,488.79,488.89,488.79,488.89,0.02,130.12,62788.96,1
2024-08-07,2024-08-07 14:59:00,488.89,489.0,488.89,489.0,0.02,130.12,62788.96,1
2024-08-07,2024-08-07 15:00:00,489.0,509.2,463.6,489.0,0.0,130.12,62788.96,0
2024-08-08,2024-08-08 11:00:00,482.0,488.24,482.0,482.03,0.01,133.66,65676.22,1
2024-08-08,2024-08-08 11:01:00,482.03,482.07,482.03,482.07,0.01,133.66,65676.22,1
2024-08-08,2024-08-08 11:02:00,482.07,482.1,482.07,482.1,0.01,133.66,65676.22,1
2024-08-08,2024-08-08 11:03:00,482.1,482.13,482.1,482.13,0.01,133.66,65676.22,1
2024-08-08,2024-08-08 11:04:00,482.13,482.17,482.13,482.17,0.01,133.66,65676.22,1
2024-08-08,2024-08-08 11:05:00,482.17,482.2,482.17,482.2,0.01,133.66,65676.22,1
2024-08-08,2024-08-08 11:06:00,482.2,482.23,482.2,482.23,0.01,133.66,65676.22,1
2024-08-08,2024-08-08 11:07:00,482.23,482.27,482.23,482.27,0.01,133.66,65676.22,1
2024-08-08,2024-08-08 11:08:00,482.27,482.3,482.27,482.3,0.01,133.66,65676.22,1
2024-08-08,2024-08-08 11:09:00,482.3,482.33,482.3,482.33,0.01,133.66,65676.22,1
2024-08-08,2024-08-08 11:10:00,482.33,482.37,482.33,482.37,0.01,133.66,65676.22,1
2024-08-08,2024-08-08 11:11:00,482.37,482.4,482.37,482.4,0.01,133.66,65676.22,1
2024-08-08,2024-08-08 11:12:00,482.4,482.43,482.4,482.43,0.01,133.66,65676.22,1
2024-08-08,2024-08-08 11:13:00,482.43,482.47,482.43,482.47,0.01,133.66,65676.22,1
2024-08-08,2024-08-08 11:14:00,482.47,482.5,482.47,482.5,0.01,133.66,65676.22,1
2024-08-08,2024-08-08 11:15:00,482.5,482.53,482.5,482.53,0.01,133.66,65676.22,1
2024-08-08,2024-08-08 11:16:00,482.53,482.57,482.53,482.57,0.01,133.66,65676.22,1
2024-08-08,2024-08-08 11:17:00,482.57,482.6,482.57,482.6,0.01,133.66,65676.22,1
2024-08-08,2024-08-08 11:18:00,482.6,482.63,482.6,482.63,0.01,133.66,65676.22,1
2024-08-08,2024-08-08 11:19:00,482.63,482.67,482.63,482.67,0.01,133.66,65676.22,1
2024-08-08,2024-08-08 11:20:00,482.67,482.7,482.67,482.7,0.01,133.66,65676.22,1
2024-08-08,2024-08-08 11:21:00,482.7,482.73,482.7,482.73,0.01,133.66,65676.22,1
2024-08-08,2024-08-08 11:22:00,482.73,482.77,482.73,482.77,0.01,133.66,65676.22,1
2024-08-08,2024-08-08 11:23:00,482.77,482.8,482.77,482.8,0.01,133.66,65676.22,1
2024-08-08,2024-08-08 11:24:00,482.8,482.83,482.8,482.83,0.01,133.66,65676.22,1
2024-08-08,2024-08-08 11:25:00,482.83,482.87,482.83,482.87,0.01,133.66,65676.22,1
2024-08-08,2024-08-08 11:26:00,482.87,482.9,482.87,482.9,0.01,133.66,65676.22,1
2024-08-08,2024-08-08 11:27:00,482.9,482.93,482.9,482.93,0.01,133.66,65676.22,1
2024-08-08,2024-08-08 11:28:00,482.93,482.97,482.93,482.97,0.01,133.66,65676.22,1
2024-08-08,2024-08-08 11:29:00,482.97,483.0,482.97,483.0,0.01,133.66,65676.22,1
2024-08-08,2024-08-08 11:30:00,483.0,483.03,483.0,483.03,0.01,133.66,65676.22,1
2024-08-08,2024-08-08 11:31:00,483.03,483.07,483.03,483.07,0.01,133.66,65676.22,1
2024-08-08,2024-08-08 11:32:00,483.07,483.1,483.07,483.1,0.01,133.66,65676.22,1
2024-08-08,2024-08-08 11:33:00,483.1,483.13,483.1,483.13,0.01,133.66,65676.22,1
2024-08-08,2024-08-08 11:34:00,483.13,483.17,483.13,483.17,0.01,133.66,65676.22,1
2024-08-08,2024-08-08 11:35:00,483.17,483.2,483.17,483.2,0.01,133.66,65676.22,1
2024-08-08,2024-08-08 11:36:00,483.2,483.23,483.2,483.23,0.01,133.66,65676.22,1
2024-08-08,2024-08-08 11:37:00,483.23,483.27,483.23,483.27,0.01,133.66,65676.22,1
2024-08-08,2024-08-08 11:38:00,483.27,483.3,483.27,483.3,0.01,133.66,65676.22,1
2024-08-08,2024-08-08 11:39:00,483.3,483.33,483.3,483.33,0.01,133.66,65676.22,1
2024-08-08,2024-08-08 11:40:00,483.33,483.37,483.33,483.37,0.01,133.66,65676.22,1
2024-08-08,2024-08-08 11:41:00,483.37,483.4,483.37,483.4,0.01,133.66,65676.22,1
2024-08-08,2024-08-08 11:42:00,483.4,483.43,483.4,483.43,0.01,133.66,65676.22,1
2024-08-08,2024-08-08 11:43:00,483.43,483.47,483.43,483.47,0.01,133.66,65676.22,1
2024-08-08,2024-08-08 11:44:00,483.47,483.5,483.47,483.5,0.01,133.66,65676.22,1
2024-08-08,2024-08-08 11:45:00,483.5,483.53,483.5,483.53,0.01,133.66,65676.22,1
2024-08-08,2024-08-08 11:46:00,483.53,483.57,483.53,483.57,0.01,133.66,65676.22,1
2024-08-08,2024-08-08 11:47:00,483.57,483.6,483.57,483.6,0.01,133.66,65676.22,1
2024-08-08,2024-08-08 11:48:00,483.6,483.63,483.6,483.63,0.01,133.66,65676.22,1
2024-08-08,2024-08-08 11:49:00,483.63,483.67,483.63,483.67,0.01,133.66,65676.22,1
2024-08-08,2024-08-08 11:50:00,483.67,483.7,483.67,483.7,0.01,133.66,65676.22,1
2024-08-08,2024-08-08 11:51:00,483.7,483.73,483.7,483.73,0.01,133.66,65676.22,1
2024-08-08,2024-08-08 11:52:00,483.73,483.77,483.73,483.77,0.01,133.66,65676.22,1
2024-08-08,2024-08-08 11:53:00,483.77,483.8,483.77,483.8,0.01,133.66,65676.22,1
2024-08-08,2024-08-08 11:54:00,483.8,483.83,483.8,483.83,0.01,133.66,65676.22,1
2024-08-08,2024-08-08 11:55:00,483.83,483.87,483.83,483.87,0.01,133.66,65676.22,1
2024-08-08,2024-08-08 11:56:00,483.87,483.9,483.87,483.9,0.01,133.66,65676.22,1
2024-08-08,2024-08-08 11:57:00,483.9,483.93,483.9,483.93,0.01,133.66,65676.22,1
2024-08-08,2024-08-08 11:58:00,483.93,483.97,483.93,483.97,0.01,133.66,65676.22,1
2024-08-08,2024-08-08 11:59:00,483.97,484.0,483.97,484.0,0.01,133.66,65676.22,1
2024-08-08,2024-08-08 12:00:00,484.0,484.03,484.0,484.03,0.01,133.66,65676.22,1
2024-08-08,2024-08-08 12:01:00,484.03,484.07,484.03,484.07,0.01,133.66,65676.22,1
2024-08-08,2024-08-08 12:02:00,484.07,484.1,484.07,484.1,0.01,133.66,65676.22,1
2024-08-08,2024-08-08 12:03:00,484.1,484.13,484.1,484.13,0.01,133.66,65676.22,1
2024-08-08,2024-08-08 12:04:00,484.13,484.17,484.13,484.17,0.01,133.66,65676.22,1
2024-08-08,2024-08-08 12:05:00,484.17,484.2,484.17,484.2,0.01,133.66,65676.22,1
2024-08-08,2024-08-08 12:06:00,484.2,484.23,484.2,484.23,0.01,133.66,65676.22,1
2024-08-08,2024-08-08 12:07:00,484.23,484.27,484.23,484.27,0.01,133.66,65676.22,1
2024-08-08,2024-08-08 12:08:00,484.27,484.3,484.27,484.3,0.01,133.66,65676.22,1
2024-08-08,2024-08-08 12:09:00,484.3,484.33,484.3,484.33,0.01,133.66,65676.22,1
2024-08-08,2024-08-08 12:10:00,484.33,484.37,484.33,484.37,0.01,133.66,65676.22,1
2024-08-08,2024-08-08 12:11:00,484.37,484.4,484.37,484.4,0.01,133.66,65676.22,1
2024-08-08,2024-08-08 12:12:00,484.4,484.43,484.4,484.43,0.01,133.66,65676.22,1
2024-08-08,2024-08-08 12:13:00,484.43,484.47,484.43,484.47,0.01,133.66,65676.22,1
2024-08-08,2024-08-08 12:14:00,484.47,484.5,484.47,484.5,0.01,133.66,65676.22,1
2024-08-08,2024-08-08 12:15:00,484.5,484.53,484.5,484.53,0.01,133.66,65676.22,1
2024-08-08,2024-08-08 12:16:00,484.53,484.57,484.53,484.57,0.01,133.66,65676.22,1
2024-08-08,2024-08-08 12:17:00,484.57,484.6,484.57,484.6,0.01,133.66,65676.22,1
2024-08-08,2024-08-08 12:18:00,484.6,484.63,484.6,484.63,0.01,133.66,65676.22,1
2024-08-08,2024-08-08 12:19:00,484.63,484.67,484.63,484.67,0.01,133.66,65676.22,1
2024-08-08,2024-08-08 12:20:00,484.67,484.7,484.67,484.7,0.01,133.66,65676.22,1
2024-08-08,2024-08-08 12:21:00,484.7,484.73,484.7,484.73,0.01,133.66,65676.22,1
2024-08-08,2024-08-08 12:22:00,484.73,484.77,484.73,484.77,0.01,133.66,65676.22,1
2024-08-08,2024-08-08 12:23:00,484.77,484.8,484.77,484.8,0.01,133.66,65676.22,1
2024-08-08,2024-08-08 12:24:00,484.8,484.83,484.8,484.83,0.01,133.66,65676.22,1
2024-08-08,2024-08-08 12:25:00,484.83,484.87,484.83,484.87,0.01,133.66,65676.22,1
2024-08-08,2024-08-08 12:26:00,484.87,484.9,484.87,484.9,0.01,133.66,65676.22,1
2024-08-08,2024-08-08 12:27:00,484.9,484.93,484.9,484.93,0.01,133.66,65676.22,1
2024-08-08,2024-08-08 12:28:00,484.93,484.97,484.93,484.97,0.01,133.66,65676.22,1
2024-08-08,2024-08-08 12:29:00,484.97,485.0,484.97,485.0,0.01,133.66,65676.22,1
2024-08-08,2024-08-08 12:30:00,485.0,485.03,485.0,485.03,0.01,133.66,65676.22,1
2024-08-08,2024-08-08 12:31:00,485.03,485.07,485.03,485.07,0.01,133.66,65676.22,1
2024-08-08,2024-08-08 12:32:00,485.07,485.1,485.07,485.1,0.01,133.66,65676.22,1
2024-08-08,2024-08-08 12:33:00,485.1,485.13,485.1,485.13,0.01,133.66,65676.22,1
2024-08-08,2024-08-08 12:34:00,485.13,485.17,485.13,485.17,0.01,133.66,65676.22,1
2024-08-08,2024-08-08 12:35:00,485.17,485.2,485.17,485.2,0.01,133.66,65676.22,1
2024-08-08,2024-08-08 12:36:00,485.2,485.23,485.2,485.23,0.01,133.66,65676.22,1
2024-08-08,2024-08-08 12:37:00,485.23,485.27,485.23,485.27,0.01,133.66,65676.22,1
2024-08-08,2024-08-08 12:38:00,485.27,485.3,485.27,485.3,0.01,133.66,65676.22,1
2024-08-08,2024-08-08 12:39:00,485.3,485.33,485.3,485.33,0.01,133.66,65676.22,1
2024-08-08,2024-08-08 12:40:00,485.33,485.37,485.33,485.37,0.01,133.66,65676.22,1
2024-08-08,2024-08-08 12:41:00,485.37,485.4,485.37,485.4,0.01,133.66,65676.22,1
2024-08-08,2024-08-08 12:42:00,485.4,485.43,485.4,485.43,0.01,133.66,65676.22,1
2024-08-08,2024-08-08 12:43:00,485.43,485.47,485.43,485.47,0.01,133.66,65676.22,1
2024-08-08,2024-08-08 12:44:00,485.47,485.5,485.47,485.5,0.01,133.66,65676.22,1
2024-08-08,2024-08-08 12:45:00,485.5,485.53,485.5,485.53,0.01,133.66,65676.22,1
2024-08-08,2024-08-08 12:46:00,485.53,485.57,485.53,485.57,0.01,133.66,65676.22,1
2024-08-08,2024-08-08 12:47:00,485.57,485.6,485.57,485.6,0.01,133.66,65676.22,1
2024-08-08,2024-08-08 12:48:00,485.6,485.63,485.6,485.63,0.01,133.66,65676.22,1
2024-08-08,2024-08-08 12:49:00,485.63,485.67,485.63,485.67,0.01,133.66,65676.22,1
2024-08-08,2024-08-08 12:50:00,485.67,485.7,485.67,485.7,0.01,133.66,65676.22,1
2024-08-08,2024-08-08 12:51:00,485.7,485.73,485.7,485.73,0.01,133.66,65676.22,1
2024-08-08,2024-08-08 12:52:00,485.73,485.77,485.73,485.77,0.01,133.66,65676.22,1
2024-08-08,2024-08-08 12:53:00,485.77,485.8,485.77,485.8,0.01,133.66,65676.22,1
2024-08-08,2024-08-08 12:54:00,485.8,485.83,485.8,485.83,0.01,133.66,65676.22,1
2024-08-08,2024-08-08 12:55:00,485.83,485.87,485.83,485.87,0.01,133.66,65676.22,1
2024-08-08,2024-08-08 12:56:00,485.87,485.9,485.87,485.9,0.01,133.66,65676.22,1
2024-08-08,2024-08-08 12:57:00,485.9,485.93,485.9,485.93,0.01,133.66,65676.22,1
2024-08-08,2024-08-08 12:58:00,485.93,485.97,485.93,485.97,0.01,133.66,65676.22,1
2024-08-08,2024-08-08 12:59:00,485.97,486.0,485.97,486.0,0.01,133.66,65676.22,1
2024-08-08,2024-08-08 13:00:00,486.0,502.8,482.0,486.03,0.01,133.66,65676.22,1
2024-08-08,2024-08-08 13:01:00,486.03,486.07,486.03,486.07,0.01,133.66,65676.22,1
2024-08-08,2024-08-08 13:02:00,486.07,486.1,486.07,486.1,0.01,133.66,65676.22,1
2024-08-08,2024-08-08 13:03:00,486.1,486.13,486.1,486.13,0.01,133.66,65676.22,1
2024-08-08,2024-08-08 13:04:00,486.13,486.17,486.13,486.17,0.01,133.66,65676.22,1
2024-08-08,2024-08-08 13:05:00,486.17,486.2,486.17,486.2,0.01,133.66,65676.22,1
2024-08-08,2024-08-08 13:06:00,486.2,486.23,486.2,486.23,0.01,133.66,65676.22,1
2024-08-08,2024-08-08 13:07:00,486.23,486.27,486.23,486.27,0.01,133.66,65676.22,1
2024-08-08,2024-08-08 13:08:00,486.27,486.3,486.27,486.3,0.01,133.66,65676.22,1
2024-08-08,2024-08-08 13:09:00,486.3,486.33,486.3,486.33,0.01,133.66,65676.22,1
2024-08-08,2024-08-08 13:10:00,486.33,486.37,486.33,486.37,0.01,133.66,65676.22,1
2024-08-08,2024-08-08 13:11:00,486.37,486.4,486.37,486.4,0.01,133.66,65676.22,1
2024-08-08,2024-08-08 13:12:00,486.4,486.43,486.4,486.43,0.01,133.66,65676.22,1
2024-08-08,2024-08-08 13:13:00,486.43,486.47,486.43,486.47,0.01,133.66,65676.22,1
2024-08-08,2024-08-08 13:14:00,486.47,486.5,486.47,486.5,0.01,133.66,65676.22,1
2024-08-08,2024-08-08 13:15:00,486.5,486.53,486.5,486.53,0.01,133.66,65676.22,1
2024-08-08,2024-08-08 13:16:00,486.53,486.57,486.53,486.57,0.01,133.66,65676.22,1
2024-08-08,2024-08-08 13:17:00,486.57,486.6,486.57,486.6,0.01,133.66,65676.22,1
2024-08-08,2024-08-08 13:18:00,486.6,486.63,486.6,486.63,0.01,133.66,65676.22,1
2024-08-08,2024-08-08 13:19:00,486.63,486.67,486.63,486.67,0.01,133.66,65676.22,1
2024-08-08,2024-08-08 13:20:00,486.67,486.7,486.67,486.7,0.01,133.66,65676.22,1
2024-08-08,2024-08-08 13:21:00,486.7,486.73,486.7,486.73,0.01,133.66,65676.22,1
2024-08-08,2024-08-08 13:22:00,486.73,486.77,486.73,486.77,0.01,133.66,65676.22,1
2024-08-08,2024-08-08 13:23:00,486.77,486.8,486.77,486.8,0.01,133.66,65676.22,1
2024-08-08,2024-08-08 13:24:00,486.8,486.83,486.8,486.83,0.01,133.66,65676.22,1
2024-08-08,2024-08-08 13:25:00,486.83,486.87,486.83,486.87,0.01,133.66,65676.22,1
2024-08-08,2024-08-08 13:26:00,486.87,486.9,486.87,486.9,0.01,133.66,65676.22,1
2024-08-08,2024-08-08 13:27:00,486.9,486.93,486.9,486.93,0.01,133.66,65676.22,1
2024-08-08,2024-08-08 13:28:00,486.93,486.97,486.93,486.97,0.01,133.66,65676.22,1
2024-08-08,2024-08-08 13:29:00,486.97,487.0,486.97,487.0,0.01,133.66,65676.22,1
2024-08-08,2024-08-08 13:30:00,487.0,487.03,487.0,487.03,0.01,133.66,65676.22,1
2024-08-08,2024-08-08 13:31:00,487.03,487.07,487.03,487.07,0.01,133.66,65676.22,1
2024-08-08,2024-08-08 13:32:00,487.07,487.1,487.07,487.1,0.01,133.66,65676.22,1
2024-08-08,2024-08-08 13:33:00,487.1,487.13,487.1,487.13,0.01,133.66,65676.22,1
2024-08-08,2024-08-08 13:34:00,487.13,487.17,487.13,487.17,0.01,133.66,65676.22,1
2024-08-08,2024-08-08 13:35:00,487.17,487.2,487.17,487.2,0.01,133.66,65676.22,1
2024-08-08,2024-08-08 13:36:00,487.2,487.23,487.2,487.23,0.01,133.66,65676.22,1
2024-08-08,2024-08-08 13:37:00,487.23,487.27,487.23,487.27,0.01,133.66,65676.22,1
2024-08-08,2024-08-08 13:38:00,487.27,487.3,487.27,487.3,0.01,133.66,65676.22,1
2024-08-08,2024-08-08 13:39:00,487.3,487.33,487.3,487.33,0.01,133.66,65676.22,1
2024-08-08,2024-08-08 13:40:00,487.33,487.37,487.33,487.37,0.01,133.66,65676.22,1
2024-08-08,2024-08-08 13:41:00,487.37,487.4,487.37,487.4,0.01,133.66,65676.22,1
2024-08-08,2024-08-08 13:42:00,487.4,487.43,487.4,487.43,0.01,133.66,65676.22,1
2024-08-08,2024-08-08 13:43:00,487.43,487.47,487.43,487.47,0.01,133.66,65676.22,1
2024-08-08,2024-08-08 13:44:00,487.47,487.5,487.47,487.5,0.01,133.66,65676.22,1
2024-08-08,2024-08-08 13:45:00,487.5,487.53,487.5,487.53,0.01,133.66,65676.22,1
2024-08-08,2024-08-08 13:46:00,487.53,487.57,487.53,487.57,0.01,133.66,65676.22,1
2024-08-08,2024-08-08 13:47:00,487.57,487.6,487.57,487.6,0.01,133.66,65676.22,1
2024-08-08,2024-08-08 13:48:00,487.6,487.63,487.6,487.63,0.01,133.66,65676.22,1
2024-08-08,2024-08-08 13:49:00,487.63,487.67,487.63,487.67,0.01,133.66,65676.22,1
2024-08-08,2024-08-08 13:50:00,487.67,487.7,487.67,487.7,0.01,133.66,65676.22,1
2024-08-08,2024-08-08 13:51:00,487.7,487.73,487.7,487.73,0.01,133.66,65676.22,1
2024-08-08,2024-08-08 13:52:00,487.73,487.77,487.73,487.77,0.01,133.66,65676.22,1
2024-08-08,2024-08-08 13:53:00,487.77,487.8,487.77,487.8,0.01,133.66,65676.22,1
2024-08-08,2024-08-08 13:54:00,487.8,487.83,487.8,487.83,0.01,133.66,65676.22,1
2024-08-08,2024-08-08 13:55:00,487.83,487.87,487.83,487.87,0.01,133.66,65676.22,1
2024-08-08,2024-08-08 13:56:00,487.87,487.9,487.87,487.9,0.01,133.66,65676.22,1
2024-08-08,2024-08-08 13:57:00,487.9,487.93,487.9,487.93,0.01,133.66,65676.22,1
2024-08-08,2024-08-08 13:58:00,487.93,487.97,487.93,487.97,0.01,133.66,65676.22,1
2024-08-08,2024-08-08 13:59:00,487.97,488.0,487.97,488.0,0.01,133.66,65676.22,1
2024-08-08,2024-08-08 14:00:00,488.0,488.03,488.0,488.03,0.01,133.66,65676.22,1
2024-08-08,2024-08-08 14:01:00,488.03,488.07,488.03,488.07,0.01,133.66,65676.22,1
2024-08-08,2024-08-08 14:02:00,488.07,488.1,488.07,488.1,0.01,133.66,65676.22,1
2024-08-08,2024-08-08 14:03:00,488.1,488.13,488.1,488.13,0.01,133.66,65676.22,1
2024-08-08,2024-08-08 14:04:00,488.13,488.17,488.13,488.17,0.01,133.66,65676.22,1
2024-08-08,2024-08-08 14:05:00,488.17,488.2,488.17,488.2,0.01,133.66,65676.22,1
2024-08-08,2024-08-08 14:06:00,488.2,488.23,488.2,488.23,0.01,133.66,65676.22,1
2024-08-08,2024-08-08 14:07:00,488.23,488.27,488.23,488.27,0.01,133.66,65676.22,1
2024-08-08,2024-08-08 14:08:00,488.27,488.3,488.27,488.3,0.01,133.66,65676.22,1
2024-08-08,2024-08-08 14:09:00,488.3,488.33,488.3,488.33,0.01,133.66,65676.22,1
2024-08-08,2024-08-08 14:10:00,488.33,488.37,488.33,488.37,0.01,133.66,65676.22,1
2024-08-08,2024-08-08 14:11:00,488.37,488.4,488.37,488.4,0.01,133.66,65676.22,1
2024-08-08,2024-08-08 14:12:00,488.4,488.43,488.4,488.43,0.01,133.66,65676.22,1
2024-08-08,2024-08-08 14:13:00,488.43,488.47,488.43,488.47,0.01,133.66,65676.22,1
2024-08-08,2024-08-08 14:14:00,488.47,488.5,488.47,488.5,0.01,133.66,65676.22,1
2024-08-08,2024-08-08 14:15:00,488.5,488.53,488.5,488.53,0.01,133.66,65676.22,1
2024-08-08,2024-08-08 14:16:00,488.53,488.57,488.53,488.57,0.01,133.66,65676.22,1
2024-08-08,2024-08-08 14:17:00,488.57,488.6,488.57,488.6,0.01,133.66,65676.22,1
2024-08-08,2024-08-08 14:18:00,488.6,488.63,488.6,488.63,0.01,133.66,65676.22,1
2024-08-08,2024-08-08 14:19:00,488.63,488.67,488.63,488.67,0.01,133.66,65676.22,1
2024-08-08,2024-08-08 14:20:00,488.67,488.7,488.67,488.7,0.01,133.66,65676.22,1
2024-08-08,2024-08-08 14:21:00,488.7,488.73,488.7,488.73,0.01,133.66,65676.22,1
2024-08-08,2024-08-08 14:22:00,488.73,488.77,488.73,488.77,0.01,133.66,65676.22,1
2024-08-08,2024-08-08 14:23:00,488.77,488.8,488.77,488.8,0.01,133.66,65676.22,1
2024-08-08,2024-08-08 14:24:00,488.8,488.83,488.8,488.83,0.01,133.66,65676.22,1
2024-08-08,2024-08-08 14:25:00,488.83,488.87,488.83,488.87,0.01,133.66,65676.22,1
2024-08-08,2024-08-08 14:26:00,488.87,488.9,488.87,488.9,0.01,133.66,65676.22,1
2024-08-08,2024-08-08 14:27:00,488.9,488.93,488.9,488.93,0.01,133.66,65676.22,1
2024-08-08,2024-08-08 14:28:00,488.93,488.97,488.93,488.97,0.01,133.66,65676.22,1
2024-08-08,2024-08-08 14:29:00,488.97,489.0,488.97,489.0,0.01,133.66,65676.22,1
2024-08-08,2024-08-08 14:30:00,489.0,489.03,489.0,489.03,0.01,133.66,65676.22,1
2024-08-08,2024-08-08 14:31:00,489.03,489.07,489.03,489.07,0.01,133.66,65676.22,1
2024-08-08,2024-08-08 14:32:00,489.07,489.1,489.07,489.1,0.01,133.66,65676.22,1
2024-08-08,2024-08-08 14:33:00,489.1,489.13,489.1,489.13,0.01,133.66,65676.22,1
2024-08-08,2024-08-08 14:34:00,489.13,489.17,489.13,489.17,0.01,133.66,65676.22,1
2024-08-08,2024-08-08 14:35:00,489.17,489.2,489.17,489.2,0.01,133.66,65676.22,1
2024-08-08,2024-08-08 14:36:00,489.2,489.23,489.2,489.23,0.01,133.66,65676.22,1
2024-08-08,2024-08-08 14:37:00,489.23,489.27,489.23,489.27,0.01,133.66,65676.22,1
2024-08-08,2024-08-08 14:38:00,489.27,489.3,489.27,489.3,0.01,133.66,65676.22,1
2024-08-08,2024-08-08 14:39:00,489.3,489.33,489.3,489.33,0.01,133.66,65676.22,1
2024-08-08,2024-08-08 14:40:00,489.33,489.37,489.33,489.37,0.01,133.66,65676.22,1
2024-08-08,2024-08-08 14:41:00,489.37,489.4,489.37,489.4,0.01,133.66,65676.22,1
2024-08-08,2024-08-08 14:42:00,489.4,489.43,489.4,489.43,0.01,133.66,65676.22,1
2024-08-08,2024-08-08 14:43:00,489.43,489.47,489.43,489.47,0.01,133.66,65676.22,1
2024-08-08,2024-08-08 14:44:00,489.47,489.5,489.47,489.5,0.01,133.66,65676.22,1
2024-08-08,2024-08-08 14:45:00,489.5,489.53,489.5,489.53,0.01,133.66,65676.22,1
2024-08-08,2024-08-08 14:46:00,489.53,489.57,489.53,489.57,0.01,133.66,65676.22,1
2024-08-08,2024-08-08 14:47:00,489.57,489.6,489.57,489.6,0.01,133.66,65676.22,1
2024-08-08,2024-08-08 14:48:00,489.6,489.63,489.6,489.63,0.01,133.66,65676.22,1
2024-08-08,2024-08-08 14:49:00,489.63,489.67,489.63,489.67,0.01,133.66,65676.22,1
2024-08-08,2024-08-08 14:50:00,489.67,489.7,489.67,489.7,0.01,133.66,65676.22,1
2024-08-08,2024-08-08 14:51:00,489.7,489.73,489.7,489.73,0.01,133.66,65676.22,1
2024-08-08,2024-08-08 14:52:00,489.73,489.77,489.73,489.77,0.01,133.66,65676.22,1
2024-08-08,2024-08-08 14:53:00,489.77,489.8,489.77,489.8,0.01,133.66,65676.22,1
2024-08-08,2024-08-08 14:54:00,489.8,489.83,489.8,489.83,0.01,133.66,65676.22,1
2024-08-08,2024-08-08 14:55:00,489.83,489.87,489.83,489.87,0.01,133.66,65676.22,1
2024-08-08,2024-08-08 14:56:00,489.87,489.9,489.87,489.9,0.01,133.66,65676.22,1
2024-08-08,2024-08-08 14:57:00,489.9,489.93,489.9,489.93,0.01,133.66,65676.22,1
2024-08-08,2024-08-08 14:58:00,489.93,489.97,489.93,489.97,0.01,133.66,65676.22,1
2024-08-08,2024-08-08 14:59:00,489.97,490.0,489.97,490.0,0.01,133.66,65676.22,1
2024-08-08,2024-08-08 15:00:00,490.0,502.8,482.0,490.0,0.0,133.66,65676.22,0
2024-08-11,2024-08-11 11:00:00,499.0,505.3,496.3,499.05,0.01,206.47,103803.99,1
2024-08-11,2024-08-11 11:01:00,499.05,499.09,499.05,499.09,0.01,206.47,103803.99,1
2024-08-11,2024-08-11 11:02:00,499.09,499.14,499.09,499.14,0.01,206.47,103803.99,1
2024-08-11,2024-08-11 11:03:00,499.14,499.18,499.14,499.18,0.01,206.47,103803.99,1
2024-08-11,2024-08-11 11:04:00,499.18,499.23,499.18,499.23,0.01,206.47,103803.99,1
2024-08-11,2024-08-11 11:05:00,499.23,499.27,499.23,499.27,0.01,206.47,103803.99,1
2024-08-11,2024-08-11 11:06:00,499.27,499.32,499.27,499.32,0.01,206.47,103803.99,1
2024-08-11,2024-08-11 11:07:00,499.32,499.37,499.32,499.37,0.01,206.47,103803.99,1
2024-08-11,2024-08-11 11:08:00,499.37,499.41,499.37,499.41,0.01,206.47,103803.99,1
2024-08-11,2024-08-11 11:09:00,499.41,499.46,499.41,499.46,0.01,206.47,103803.99,1
2024-08-11,2024-08-11 11:10:00,499.46,499.5,499.46,499.5,0.01,206.47,103803.99,1
2024-08-11,2024-08-11 11:11:00,499.5,499.55,499.5,499.55,0.01,206.47,103803.99,1
2024-08-11,2024-08-11 11:12:00,499.55,499.6,499.55,499.6,0.01,206.47,103803.99,1
2024-08-11,2024-08-11 11:13:00,499.6,499.64,499.6,499.64,0.01,206.47,103803.99,1
2024-08-11,2024-08-11 11:14:00,499.64,499.69,499.64,499.69,0.01,206.47,103803.99,1
2024-08-11,2024-08-11 11:15:00,499.69,499.73,499.69,499.73,0.01,206.47,103803.99,1
2024-08-11,2024-08-11 11:16:00,499.73,499.78,499.73,499.78,0.01,206.47,103803.99,1
2024-08-11,2024-08-11 11:17:00,499.78,499.82,499.78,499.82,0.01,206.47,103803.99,1
2024-08-11,2024-08-11 11:18:00,499.82,499.87,499.82,499.87,0.01,206.47,103803.99,1
2024-08-11,2024-08-11 11:19:00,499.87,499.92,499.87,499.92,0.01,206.47,103803.99,1
2024-08-11,2024-08-11 11:20:00,499.92,499.96,499.92,499.96,0.01,206.47,103803.99,1
2024-08-11,2024-08-11 11:21:00,499.96,500.01,499.96,500.01,0.01,206.47,103803.99,1
2024-08-11,2024-08-11 11:22:00,500.01,500.05,500.01,500.05,0.01,206.47,103803.99,1
2024-08-11,2024-08-11 11:23:00,500.05,500.1,500.05,500.1,0.01,206.47,103803.99,1
2024-08-11,2024-08-11 11:24:00,500.1,500.15,500.1,500.15,0.01,206.47,103803.99,1
2024-08-11,2024-08-11 11:25:00,500.15,500.19,500.15,500.19,0.01,206.47,103803.99,1
2024-08-11,2024-08-11 11:26:00,500.19,500.24,500.19,500.24,0.01,206.47,103803.99,1
2024-08-11,2024-08-11 11:27:00,500.24,500.28,500.24,500.28,0.01,206.47,103803.99,1
2024-08-11,2024-08-11 11:28:00,500.28,500.33,500.28,500.33,0.01,206.47,103803.99,1
2024-08-11,2024-08-11 11:29:00,500.33,500.38,500.33,500.38,0.01,206.47,103803.99,1
2024-08-11,2024-08-11 11:30:00,500.38,500.42,500.38,500.42,0.01,206.47,103803.99,1
2024-08-11,2024-08-11 11:31:00,500.42,500.47,500.42,500.47,0.01,206.47,103803.99,1
2024-08-11,2024-08-11 11:32:00,500.47,500.51,500.47,500.51,0.01,206.47,103803.99,1
2024-08-11,2024-08-11 11:33:00,500.51,500.56,500.51,500.56,0.01,206.47,103803.99,1
2024-08-11,2024-08-11 11:34:00,500.56,500.6,500.56,500.6,0.01,206.47,103803.99,1
2024-08-11,2024-08-11 11:35:00,500.6,500.65,500.6,500.65,0.01,206.47,103803.99,1
2024-08-11,2024-08-11 11:36:00,500.65,500.7,500.65,500.7,0.01,206.47,103803.99,1
2024-08-11,2024-08-11 11:37:00,500.7,500.74,500.7,500.74,0.01,206.47,103803.99,1
2024-08-11,2024-08-11 11:38:00,500.74,500.79,500.74,500.79,0.01,206.47,103803.99,1
2024-08-11,2024-08-11 11:39:00,500.79,500.83,500.79,500.83,0.01,206.47,103803.99,1
2024-08-11,2024-08-11 11:40:00,500.83,500.88,500.83,500.88,0.01,206.47,103803.99,1
2024-08-11,2024-08-11 11:41:00,500.88,500.93,500.88,500.93,0.01,206.47,103803.99,1
2024-08-11,2024-08-11 11:42:00,500.93,500.97,500.93,500.97,0.01,206.47,103803.99,1
2024-08-11,2024-08-11 11:43:00,500.97,501.02,500.97,501.02,0.01,206.47,103803.99,1
2024-08-11,2024-08-11 11:44:00,501.02,501.06,501.02,501.06,0.01,206.47,103803.99,1
2024-08-11,2024-08-11 11:45:00,501.06,501.11,501.06,501.11,0.01,206.47,103803.99,1
2024-08-11,2024-08-11 11:46:00,501.11,501.15,501.11,501.15,0.01,206.47,103803.99,1
2024-08-11,2024-08-11 11:47:00,501.15,501.2,501.15,501.2,0.01,206.47,103803.99,1
2024-08-11,2024-08-11 11:48:00,501.2,501.25,501.2,501.25,0.01,206.47,103803.99,1
2024-08-11,2024-08-11 11:49:00,501.25,501.29,501.25,501.29,0.01,206.47,103803.99,1
2024-08-11,2024-08-11 11:50:00,501.29,501.34,501.29,501.34,0.01,206.47,103803.99,1
2024-08-11,2024-08-11 11:51:00,501.34,501.38,501.34,501.38,0.01,206.47,103803.99,1
2024-08-11,2024-08-11 11:52:00,501.38,501.43,501.38,501.43,0.01,206.47,103803.99,1
2024-08-11,2024-08-11 11:53:00,501.43,501.48,501.43,501.48,0.01,206.47,103803.99,1
2024-08-11,2024-08-11 11:54:00,501.48,501.52,501.48,501.52,0.01,206.47,103803.99,1
2024-08-11,2024-08-11 11:55:00,501.52,501.57,501.52,501.57,0.01,206.47,103803.99,1
2024-08-11,2024-08-11 11:56:00,501.57,501.61,501.57,501.61,0.01,206.47,103803.99,1
2024-08-11,2024-08-11 11:57:00,501.61,501.66,501.61,501.66,0.01,206.47,103803.99,1
2024-08-11,2024-08-11 11:58:00,501.66,501.7,501.66,501.7,0.01,206.47,103803.99,1
2024-08-11,2024-08-11 11:59:00,501.7,501.75,501.7,501.75,0.01,206.47,103803.99,1
2024-08-11,2024-08-11 12:00:00,501.75,501.8,501.75,501.8,0.01,206.47,103803.99,1
2024-08-11,2024-08-11 12:01:00,501.8,501.84,501.8,501.84,0.01,206.47,103803.99,1
2024-08-11,2024-08-11 12:02:00,501.84,501.89,501.84,501.89,0.01,206.47,103803.99,1
2024-08-11,2024-08-11 12:03:00,501.89,501.93,501.89,501.93,0.01,206.47,103803.99,1
2024-08-11,2024-08-11 12:04:00,501.93,501.98,501.93,501.98,0.01,206.47,103803.99,1
2024-08-11,2024-08-11 12:05:00,501.98,502.02,501.98,502.02,0.01,206.47,103803.99,1
2024-08-11,2024-08-11 12:06:00,502.02,502.07,502.02,502.07,0.01,206.47,103803.99,1
2024-08-11,2024-08-11 12:07:00,502.07,502.12,502.07,502.12,0.01,206.47,103803.99,1
2024-08-11,2024-08-11 12:08:00,502.12,502.16,502.12,502.16,0.01,206.47,103803.99,1
2024-08-11,2024-08-11 12:09:00,502.16,502.21,502.16,502.21,0.01,206.47,103803.99,1
2024-08-11,2024-08-11 12:10:00,502.21,502.25,502.21,502.25,0.01,206.47,103803.99,1
2024-08-11,2024-08-11 12:11:00,502.25,502.3,502.25,502.3,0.01,206.47,103803.99,1
2024-08-11,2024-08-11 12:12:00,502.3,502.35,502.3,502.35,0.01,206.47,103803.99,1
2024-08-11,2024-08-11 12:13:00,502.35,502.39,502.35,502.39,0.01,206.47,103803.99,1
2024-08-11,2024-08-11 12:14:00,502.39,502.44,502.39,502.44,0.01,206.47,103803.99,1
2024-08-11,2024-08-11 12:15:00,502.44,502.48,502.44,502.48,0.01,206.47,103803.99,1
2024-08-11,2024-08-11 12:16:00,502.48,502.53,502.48,502.53,0.01,206.47,103803.99,1
2024-08-11,2024-08-11 12:17:00,502.53,502.57,502.53,502.57,0.01,206.47,103803.99,1
2024-08-11,2024-08-11 12:18:00,502.57,502.62,502.57,502.62,0.01,206.47,103803.99,1
2024-08-11,2024-08-11 12:19:00,502.62,502.67,502.62,502.67,0.01,206.47,103803.99,1
2024-08-11,2024-08-11 12:20:00,502.67,502.71,502.67,502.71,0.01,206.47,103803.99,1
2024-08-11,2024-08-11 12:21:00,502.71,502.76,502.71,502.76,0.01,206.47,103803.99,1
2024-08-11,2024-08-11 12:22:00,502.76,502.8,502.76,502.8,0.01,206.47,103803.99,1
2024-08-11,2024-08-11 12:23:00,502.8,502.85,502.8,502.85,0.01,206.47,103803.99,1
2024-08-11,2024-08-11 12:24:00,502.85,502.9,502.85,502.9,0.01,206.47,103803.99,1
2024-08-11,2024-08-11 12:25:00,502.9,502.94,502.9,502.94,0.01,206.47,103803.99,1
2024-08-11,2024-08-11 12:26:00,502.94,502.99,502.94,502.99,0.01,206.47,103803.99,1
2024-08-11,2024-08-11 12:27:00,502.99,503.03,502.99,503.03,0.01,206.47,103803.99,1
2024-08-11,2024-08-11 12:28:00,503.03,503.08,503.03,503.08,0.01,206.47,103803.99,1
2024-08-11,2024-08-11 12:29:00,503.08,503.12,503.08,503.12,0.01,206.47,103803.99,1
2024-08-11,2024-08-11 12:30:00,503.12,503.17,503.12,503.17,0.01,206.47,103803.99,1
2024-08-11,2024-08-11 12:31:00,503.17,503.22,503.17,503.22,0.01,206.47,103803.99,1
2024-08-11,2024-08-11 12:32:00,503.22,503.26,503.22,503.26,0.01,206.47,103803.99,1
2024-08-11,2024-08-11 12:33:00,503.26,503.31,503.26,503.31,0.01,206.47,103803.99,1
2024-08-11,2024-08-11 12:34:00,503.31,503.35,503.31,503.35,0.01,206.47,103803.99,1
2024-08-11,2024-08-11 12:35:00,503.35,503.4,503.35,503.4,0.01,206.47,103803.99,1
2024-08-11,2024-08-11 12:36:00,503.4,503.45,503.4,503.45,0.01,206.47,103803.99,1
2024-08-11,2024-08-11 12:37:00,503.45,503.49,503.45,503.49,0.01,206.47,103803.99,1
2024-08-11,2024-08-11 12:38:00,503.49,503.54,503.49,503.54,0.01,206.47,103803.99,1
2024-08-11,2024-08-11 12:39:00,503.54,503.58,503.54,503.58,0.01,206.47,103803.99,1
2024-08-11,2024-08-11 12:40:00,503.58,503.63,503.58,503.63,0.01,206.47,103803.99,1
2024-08-11,2024-08-11 12:41:00,503.63,503.68,503.63,503.68,0.01,206.47,103803.99,1
2024-08-11,2024-08-11 12:42:00,503.68,503.72,503.68,503.72,0.01,206.47,103803.99,1
2024-08-11,2024-08-11 12:43:00,503.72,503.77,503.72,503.77,0.01,206.47,103803.99,1
2024-08-11,2024-08-11 12:44:00,503.77,503.81,503.77,503.81,0.01,206.47,103803.99,1
2024-08-11,2024-08-11 12:45:00,503.81,503.86,503.81,503.86,0.01,206.47,103803.99,1
2024-08-11,2024-08-11 12:46:00,503.86,503.9,503.86,503.9,0.01,206.47,103803.99,1
2024-08-11,2024-08-11 12:47:00,503.9,503.95,503.9,503.95,0.01,206.47,103803.99,1
2024-08-11,2024-08-11 12:48:00,503.95,504.0,503.95,504.0,0.01,206.47,103803.99,1
2024-08-11,2024-08-11 12:49:00,504.0,504.04,504.0,504.04,0.01,206.47,103803.99,1
2024-08-11,2024-08-11 12:50:00,504.04,504.09,504.04,504.09,0.01,206.47,103803.99,1
2024-08-11,2024-08-11 12:51:00,504.09,504.13,504.09,504.13,0.01,206.47,103803.99,1
2024-08-11,2024-08-11 12:52:00,504.13,504.18,504.13,504.18,0.01,206.47,103803.99,1
2024-08-11,2024-08-11 12:53:00,504.18,504.23,504.18,504.23,0.01,206.47,103803.99,1
2024-08-11,2024-08-11 12:54:00,504.23,504.27,504.23,504.27,0.01,206.47,103803.99,1
2024-08-11,2024-08-11 12:55:00,504.27,504.32,504.27,504.32,0.01,206.47,103803.99,1
2024-08-11,2024-08-11 12:56:00,504.32,504.36,504.32,504.36,0.01,206.47,103803.99,1
2024-08-11,2024-08-11 12:57:00,504.36,504.41,504.36,504.41,0.01,206.47,103803.99,1
2024-08-11,2024-08-11 12:58:00,504.41,504.45,504.41,504.45,0.01,206.47,103803.99,1
2024-08-11,2024-08-11 12:59:00,504.45,504.5,504.45,504.5,0.01,206.47,103803.99,1
2024-08-11,2024-08-11 13:00:00,504.5,520.0,490.0,504.55,0.01,206.47,103803.99,1
2024-08-11,2024-08-11 13:01:00,504.55,504.59,504.55,504.59,0.01,206.47,103803.99,1
2024-08-11,2024-08-11 13:02:00,504.59,504.64,504.59,504.64,0.01,206.47,103803.99,1
2024-08-11,2024-08-11 13:03:00,504.64,504.68,504.64,504.68,0.01,206.47,103803.99,1
2024-08-11,2024-08-11 13:04:00,504.68,504.73,504.68,504.73,0.01,206.47,103803.99,1
2024-08-11,2024-08-11 13:05:00,504.73,504.77,504.73,504.77,0.01,206.47,103803.99,1
2024-08-11,2024-08-11 13:06:00,504.77,504.82,504.77,504.82,0.01,206.47,103803.99,1
2024-08-11,2024-08-11 13:07:00,504.82,504.87,504.82,504.87,0.01,206.47,103803.99,1
2024-08-11,2024-08-11 13:08:00,504.87,504.91,504.87,504.91,0.01,206.47,103803.99,1
2024-08-11,2024-08-11 13:09:00,504.91,504.96,504.91,504.96,0.01,206.47,103803.99,1
2024-08-11,2024-08-11 13:10:00,504.96,505.0,504.96,505.0,0.01,206.47,103803.99,1
2024-08-11,2024-08-11 13:11:00,505.0,505.05,505.0,505.05,0.01,206.47,103803.99,1
2024-08-11,2024-08-11 13:12:00,505.05,505.1,505.05,505.1,0.01,206.47,103803.99,1
2024-08-11,2024-08-11 13:13:00,505.1,505.14,505.1,505.14,0.01,206.47,103803.99,1
2024-08-11,2024-08-11 13:14:00,505.14,505.19,505.14,505.19,0.01,206.47,103803.99,1
2024-08-11,2024-08-11 13:15:00,505.19,505.23,505.19,505.23,0.01,206.47,103803.99,1
2024-08-11,2024-08-11 13:16:00,505.23,505.28,505.23,505.28,0.01,206.47,103803.99,1
2024-08-11,2024-08-11 13:17:00,505.28,505.32,505.28,505.32,0.01,206.47,103803.99,1
2024-08-11,2024-08-11 13:18:00,505.32,505.37,505.32,505.37,0.01,206.47,103803.99,1
2024-08-11,2024-08-11 13:19:00,505.37,505.42,505.37,505.42,0.01,206.47,103803.99,1
2024-08-11,2024-08-11 13:20:00,505.42,505.46,505.42,505.46,0.01,206.47,103803.99,1
2024-08-11,2024-08-11 13:21:00,505.46,505.51,505.46,505.51,0.01,206.47,103803.99,1
2024-08-11,2024-08-11 13:22:00,505.51,505.55,505.51,505.55,0.01,206.47,103803.99,1
2024-08-11,2024-08-11 13:23:00,505.55,505.6,505.55,505.6,0.01,206.47,103803.99,1
2024-08-11,2024-08-11 13:24:00,505.6,505.65,505.6,505.65,0.01,206.47,103803.99,1
2024-08-11,2024-08-11 13:25:00,505.65,505.69,505.65,505.69,0.01,206.47,103803.99,1
2024-08-11,2024-08-11 13:26:00,505.69,505.74,505.69,505.74,0.01,206.47,103803.99,1
2024-08-11,2024-08-11 13:27:00,505.74,505.78,505.74,505.78,0.01,206.47,103803.99,1
2024-08-11,2024-08-11 13:28:00,505.78,505.83,505.78,505.83,0.01,206.47,103803.99,1
2024-08-11,2024-08-11 13:29:00,505.83,505.88,505.83,505.88,0.01,206.47,103803.99,1
2024-08-11,2024-08-11 13:30:00,505.88,505.92,505.88,505.92,0.01,206.47,103803.99,1
2024-08-11,2024-08-11 13:31:00,505.92,505.97,505.92,505.97,0.01,206.47,103803.99,1
2024-08-11,2024-08-11 13:32:00,505.97,506.01,505.97,506.01,0.01,206.47,103803.99,1
2024-08-11,2024-08-11 13:33:00,506.01,506.06,506.01,506.06,0.01,206.47,103803.99,1
2024-08-11,2024-08-11 13:34:00,506.06,506.1,506.06,506.1,0.01,206.47,103803.99,1
2024-08-11,2024-08-11 13:35:00,506.1,506.15,506.1,506.15,0.01,206.47,103803.99,1
2024-08-11,2024-08-11 13:36:00,506.15,506.2,506.15,506.2,0.01,206.47,103803.99,1
2024-08-11,2024-08-11 13:37:00,506.2,506.24,506.2,506.24,0.01,206.47,103803.99,1
2024-08-11,2024-08-11 13:38:00,506.24,506.29,506.24,506.29,0.01,206.47,103803.99,1
2024-08-11,2024-08-11 13:39:00,506.29,506.33,506.29,506.33,0.01,206.47,103803.99,1
2024-08-11,2024-08-11 13:40:00,506.33,506.38,506.33,506.38,0.01,206.47,103803.99,1
2024-08-11,2024-08-11 13:41:00,506.38,506.43,506.38,506.43,0.01,206.47,103803.99,1
2024-08-11,2024-08-11 13:42:00,506.43,506.47,506.43,506.47,0.01,206.47,103803.99,1
2024-08-11,2024-08-11 13:43:00,506.47,506.52,506.47,506.52,0.01,206.47,103803.99,1
2024-08-11,2024-08-11 13:44:00,506.52,506.56,506.52,506.56,0.01,206.47,103803.99,1
2024-08-11,2024-08-11 13:45:00,506.56,506.61,506.56,506.61,0.01,206.47,103803.99,1
2024-08-11,2024-08-11 13:46:00,506.61,506.65,506.61,506.65,0.01,206.47,103803.99,1
2024-08-11,2024-08-11 13:47:00,506.65,506.7,506.65,506.7,0.01,206.47,103803.99,1
2024-08-11,2024-08-11 13:48:00,506.7,506.75,506.7,506.75,0.01,206.47,103803.99,1
2024-08-11,2024-08-11 13:49:00,506.75,506.79,506.75,506.79,0.01,206.47,103803.99,1
2024-08-11,2024-08-11 13:50:00,506.79,506.84,506.79,506.84,0.01,206.47,103803.99,1
2024-08-11,2024-08-11 13:51:00,506.84,506.88,506.84,506.88,0.01,206.47,103803.99,1
2024-08-11,2024-08-11 13:52:00,506.88,506.93,506.88,506.93,0.01,206.47,103803.99,1
2024-08-11,2024-08-11 13:53:00,506.93,506.98,506.93,506.98,0.01,206.47,103803.99,1
2024-08-11,2024-08-11 13:54:00,506.98,507.02,506.98,507.02,0.01,206.47,103803.99,1
2024-08-11,2024-08-11 13:55:00,507.02,507.07,507.02,507.07,0.01,206.47,103803.99,1
2024-08-11,2024-08-11 13:56:00,507.07,507.11,507.07,507.11,0.01,206.47,103803.99,1
2024-08-11,2024-08-11 13:57:00,507.11,507.16,507.11,507.16,0.01,206.47,103803.99,1
2024-08-11,2024-08-11 13:58:00,507.16,507.2,507.16,507.2,0.01,206.47,103803.99,1
2024-08-11,2024-08-11 13:59:00,507.2,507.25,507.2,507.25,0.01,206.47,103803.99,1
2024-08-11,2024-08-11 14:00:00,507.25,507.3,507.25,507.3,0.01,206.47,103803.99,1
2024-08-11,2024-08-11 14:01:00,507.3,507.34,507.3,507.34,0.01,206.47,103803.99,1
2024-08-11,2024-08-11 14:02:00,507.34,507.39,507.34,507.39,0.01,206.47,103803.99,1
2024-08-11,2024-08-11 14:03:00,507.39,507.43,507.39,507.43,0.01,206.47,103803.99,1
2024-08-11,2024-08-11 14:04:00,507.43,507.48,507.43,507.48,0.01,206.47,103803.99,1
2024-08-11,2024-08-11 14:05:00,507.48,507.52,507.48,507.52,0.01,206.47,103803.99,1
2024-08-11,2024-08-11 14:06:00,507.52,507.57,507.52,507.57,0.01,206.47,103803.99,1
2024-08-11,2024-08-11 14:07:00,507.57,507.62,507.57,507.62,0.01,206.47,103803.99,1
2024-08-11,2024-08-11 14:08:00,507.62,507.66,507.62,507.66,0.01,206.47,103803.99,1
2024-08-11,2024-08-11 14:09:00,507.66,507.71,507.66,507.71,0.01,206.47,103803.99,1
2024-08-11,2024-08-11 14:10:00,507.71,507.75,507.71,507.75,0.01,206.47,103803.99,1
2024-08-11,2024-08-11 14:11:00,507.75,507.8,507.75,507.8,0.01,206.47,103803.99,1
2024-08-11,2024-08-11 14:12:00,507.8,507.85,507.8,507.85,0.01,206.47,103803.99,1
2024-08-11,2024-08-11 14:13:00,507.85,507.89,507.85,507.89,0.01,206.47,103803.99,1
2024-08-11,2024-08-11 14:14:00,507.89,507.94,507.89,507.94,0.01,206.47,103803.99,1
2024-08-11,2024-08-11 14:15:00,507.94,507.98,507.94,507.98,0.01,206.47,103803.99,1
2024-08-11,2024-08-11 14:16:00,507.98,508.03,507.98,508.03,0.01,206.47,103803.99,1
2024-08-11,2024-08-11 14:17:00,508.03,508.07,508.03,508.07,0.01,206.47,103803.99,1
2024-08-11,2024-08-11 14:18:00,508.07,508.12,508.07,508.12,0.01,206.47,103803.99,1
2024-08-11,2024-08-11 14:19:00,508.12,508.17,508.12,508.17,0.01,206.47,103803.99,1
2024-08-11,2024-08-11 14:20:00,508.17,508.21,508.17,508.21,0.01,206.47,103803.99,1
2024-08-11,2024-08-11 14:21:00,508.21,508.26,508.21,508.26,0.01,206.47,103803.99,1
2024-08-11,2024-08-11 14:22:00,508.26,508.3,508.26,508.3,0.01,206.47,103803.99,1
2024-08-11,2024-08-11 14:23:00,508.3,508.35,508.3,508.35,0.01,206.47,103803.99,1
2024-08-11,2024-08-11 14:24:00,508.35,508.4,508.35,508.4,0.01,206.47,103803.99,1
2024-08-11,2024-08-11 14:25:00,508.4,508.44,508.4,508.44,0.01,206.47,103803.99,1
2024-08-11,2024-08-11 14:26:00,508.44,508.49,508.44,508.49,0.01,206.47,103803.99,1
2024-08-11,2024-08-11 14:27:00,508.49,508.53,508.49,508.53,0.01,206.47,103803.99,1
2024-08-11,2024-08-11 14:28:00,508.53,508.58,508.53,508.58,0.01,206.47,103803.99,1
2024-08-11,2024-08-11 14:29:00,508.58,508.62,508.58,508.62,0.01,206.47,103803.99,1
2024-08-11,2024-08-11 14:30:00,508.62,508.67,508.62,508.67,0.01,206.47,103803.99,1
2024-08-11,2024-08-11 14:31:00,508.67,508.72,508.67,508.72,0.01,206.47,103803.99,1
2024-08-11,2024-08-11 14:32:00,508.72,508.76,508.72,508.76,0.01,206.47,103803.99,1
2024-08-11,2024-08-11 14:33:00,508.76,508.81,508.76,508.81,0.01,206.47,103803.99,1
2024-08-11,2024-08-11 14:34:00,508.81,508.85,508.81,508.85,0.01,206.47,103803.99,1
2024-08-11,2024-08-11 14:35:00,508.85,508.9,508.85,508.9,0.01,206.47,103803.99,1
2024-08-11,2024-08-11 14:36:00,508.9,508.95,508.9,508.95,0.01,206.47,103803.99,1
2024-08-11,2024-08-11 14:37:00,508.95,508.99,508.95,508.99,0.01,206.47,103803.99,1
2024-08-11,2024-08-11 14:38:00,508.99,509.04,508.99,509.04,0.01,206.47,103803.99,1
2024-08-11,2024-08-11 14:39:00,509.04,509.08,509.04,509.08,0.01,206.47,103803.99,1
2024-08-11,2024-08-11 14:40:00,509.08,509.13,509.08,509.13,0.01,206.47,103803.99,1
2024-08-11,2024-08-11 14:41:00,509.13,509.18,509.13,509.18,0.01,206.47,103803.99,1
2024-08-11,2024-08-11 14:42:00,509.18,509.22,509.18,509.22,0.01,206.47,103803.99,1
2024-08-11,2024-08-11 14:43:00,509.22,509.27,509.22,509.27,0.01,206.47,103803.99,1
2024-08-11,2024-08-11 14:44:00,509.27,509.31,509.27,509.31,0.01,206.47,103803.99,1
2024-08-11,2024-08-11 14:45:00,509.31,509.36,509.31,509.36,0.01,206.47,103803.99,1
2024-08-11,2024-08-11 14:46:00,509.36,509.4,509.36,509.4,0.01,206.47,103803.99,1
2024-08-11,2024-08-11 14:47:00,509.4,509.45,509.4,509.45,0.01,206.47,103803.99,1
2024-08-11,2024-08-11 14:48:00,509.45,509.5,509.45,509.5,0.01,206.47,103803.99,1
2024-08-11,2024-08-11 14:49:00,509.5,509.54,509.5,509.54,0.01,206.47,103803.99,1
2024-08-11,2024-08-11 14:50:00,509.54,509.59,509.54,509.59,0.01,206.47,103803.99,1
2024-08-11,2024-08-11 14:51:00,509.59,509.63,509.59,509.63,0.01,206.47,103803.99,1
2024-08-11,2024-08-11 14:52:00,509.63,509.68,509.63,509.68,0.01,206.47,103803.99,1
2024-08-11,2024-08-11 14:53:00,509.68,509.73,509.68,509.73,0.01,206.47,103803.99,1
2024-08-11,2024-08-11 14:54:00,509.73,509.77,509.73,509.77,0.01,206.47,103803.99,1
2024-08-11,2024-08-11 14:55:00,509.77,509.82,509.77,509.82,0.01,206.47,103803.99,1
2024-08-11,2024-08-11 14:56:00,509.82,509.86,509.82,509.86,0.01,206.47,103803.99,1
2024-08-11,2024-08-11 14:57:00,509.86,509.91,509.86,509.91,0.01,206.47,103803.99,1
2024-08-11,2024-08-11 14:58:00,509.91,509.95,509.91,509.95,0.01,206.47,103803.99,1
2024-08-11,2024-08-11 14:59:00,509.95,510.0,509.95,510.0,0.01,206.47,103803.99,1
2024-08-11,2024-08-11 15:00:00,510.0,520.0,490.0,510.0,0.0,206.47,103803.99,0
2024-08-12,2024-08-12 11:00:00,510.0,517.2,508.8,510.05,0.01,154.48,80709.02,1
2024-08-12,2024-08-12 11:01:00,510.05,510.11,510.05,510.11,0.01,154.48,80709.02,1
2024-08-12,2024-08-12 11:02:00,510.11,510.16,510.11,510.16,0.01,154.48,80709.02,1
2024-08-12,2024-08-12 11:03:00,510.16,510.22,510.16,510.22,0.01,154.48,80709.02,1
2024-08-12,2024-08-12 11:04:00,510.22,510.27,510.22,510.27,0.01,154.48,80709.02,1
2024-08-12,2024-08-12 11:05:00,510.27,510.32,510.27,510.32,0.01,154.48,80709.02,1
2024-08-12,2024-08-12 11:06:00,510.32,510.38,510.32,510.38,0.01,154.48,80709.02,1
2024-08-12,2024-08-12 11:07:00,510.38,510.43,510.38,510.43,0.01,154.48,80709.02,1
2024-08-12,2024-08-12 11:08:00,510.43,510.49,510.43,510.49,0.01,154.48,80709.02,1
2024-08-12,2024-08-12 11:09:00,510.49,510.54,510.49,510.54,0.01,154.48,80709.02,1
2024-08-12,2024-08-12 11:10:00,510.54,510.6,510.54,510.6,0.01,154.48,80709.02,1
2024-08-12,2024-08-12 11:11:00,510.6,510.65,510.6,510.65,0.01,154.48,80709.02,1
2024-08-12,2024-08-12 11:12:00,510.65,510.7,510.65,510.7,0.01,154.48,80709.02,1
2024-08-12,2024-08-12 11:13:00,510.7,510.76,510.7,510.76,0.01,154.48,80709.02,1
2024-08-12,2024-08-12 11:14:00,510.76,510.81,510.76,510.81,0.01,154.48,80709.02,1
2024-08-12,2024-08-12 11:15:00,510.81,510.87,510.81,510.87,0.01,154.48,80709.02,1
2024-08-12,2024-08-12 11:16:00,510.87,510.92,510.87,510.92,0.01,154.48,80709.02,1
2024-08-12,2024-08-12 11:17:00,510.92,510.98,510.92,510.98,0.01,154.48,80709.02,1
2024-08-12,2024-08-12 11:18:00,510.98,511.03,510.98,511.03,0.01,154.48,80709.02,1
2024-08-12,2024-08-12 11:19:00,511.03,511.08,511.03,511.08,0.01,154.48,80709.02,1
2024-08-12,2024-08-12 11:20:00,511.08,511.14,511.08,511.14,0.01,154.48,80709.02,1
2024-08-12,2024-08-12 11:21:00,511.14,511.19,511.14,511.19,0.01,154.48,80709.02,1
2024-08-12,2024-08-12 11:22:00,511.19,511.25,511.19,511.25,0.01,154.48,80709.02,1
2024-08-12,2024-08-12 11:23:00,511.25,511.3,511.25,511.3,0.01,154.48,80709.02,1
2024-08-12,2024-08-12 11:24:00,511.3,511.35,511.3,511.35,0.01,154.48,80709.02,1
2024-08-12,2024-08-12 11:25:00,511.35,511.41,511.35,511.41,0.01,154.48,80709.02,1
2024-08-12,2024-08-12 11:26:00,511.41,511.46,511.41,511.46,0.01,154.48,80709.02,1
2024-08-12,2024-08-12 11:27:00,511.46,511.52,511.46,511.52,0.01,154.48,80709.02,1
2024-08-12,2024-08-12 11:28:00,511.52,511.57,511.52,511.57,0.01,154.48,80709.02,1
2024-08-12,2024-08-12 11:29:00,511.57,511.62,511.57,511.62,0.01,154.48,80709.02,1
2024-08-12,2024-08-12 11:30:00,511.62,511.68,511.62,511.68,0.01,154.48,80709.02,1
2024-08-12,2024-08-12 11:31:00,511.68,511.73,511.68,511.73,0.01,154.48,80709.02,1
2024-08-12,2024-08-12 11:32:00,511.73,511.79,511.73,511.79,0.01,154.48,80709.02,1
2024-08-12,2024-08-12 11:33:00,511.79,511.84,511.79,511.84,0.01,154.48,80709.02,1
2024-08-12,2024-08-12 11:34:00,511.84,511.9,511.84,511.9,0.01,154.48,80709.02,1
2024-08-12,2024-08-12 11:35:00,511.9,511.95,511.9,511.95,0.01,154.48,80709.02,1
2024-08-12,2024-08-12 11:36:00,511.95,512.0,511.95,512.0,0.01,154.48,80709.02,1
2024-08-12,2024-08-12 11:37:00,512.0,512.06,512.0,512.06,0.01,154.48,80709.02,1
2024-08-12,2024-08-12 11:38:00,512.06,512.11,512.06,512.11,0.01,154.48,80709.02,1
2024-08-12,2024-08-12 11:39:00,512.11,512.17,512.11,512.17,0.01,154.48,80709.02,1
2024-08-12,2024-08-12 11:40:00,512.17,512.22,512.17,512.22,0.01,154.48,80709.02,1
2024-08-12,2024-08-12 11:41:00,512.22,512.27,512.22,512.27,0.01,154.48,80709.02,1
2024-08-12,2024-08-12 11:42:00,512.27,512.33,512.27,512.33,0.01,154.48,80709.02,1
2024-08-12,2024-08-12 11:43:00,512.33,512.38,512.33,512.38,0.01,154.48,80709.02,1
2024-08-12,2024-08-12 11:44:00,512.38,512.44,512.38,512.44,0.01,154.48,80709.02,1
2024-08-12,2024-08-12 11:45:00,512.44,512.49,512.44,512.49,0.01,154.48,80709.02,1
2024-08-12,2024-08-12 11:46:00,512.49,512.55,512.49,512.55,0.01,154.48,80709.02,1
2024-08-12,2024-08-12 11:47:00,512.55,512.6,512.55,512.6,0.01,154.48,80709.02,1
2024-08-12,2024-08-12 11:48:00,512.6,512.65,512.6,512.65,0.01,154.48,80709.02,1
2024-08-12,2024-08-12 11:49:00,512.65,512.71,512.65,512.71,0.01,154.48,80709.02,1
2024-08-12,2024-08-12 11:50:00,512.71,512.76,512.71,512.76,0.01,154.48,80709.02,1
2024-08-12,2024-08-12 11:51:00,512.76,512.82,512.76,512.82,0.01,154.48,80709.02,1
2024-08-12,2024-08-12 11:52:00,512.82,512.87,512.82,512.87,0.01,154.48,80709.02,1
2024-08-12,2024-08-12 11:53:00,512.87,512.92,512.87,512.92,0.01,154.48,80709.02,1
2024-08-12,2024-08-12 11:54:00,512.92,512.98,512.92,512.98,0.01,154.48,80709.02,1
2024-08-12,2024-08-12 11:55:00,512.98,513.03,512.98,513.03,0.01,154.48,80709.02,1
2024-08-12,2024-08-12 11:56:00,513.03,513.09,513.03,513.09,0.01,154.48,80709.02,1
2024-08-12,2024-08-12 11:57:00,513.09,513.14,513.09,513.14,0.01,154.48,80709.02,1
2024-08-12,2024-08-12 11:58:00,513.14,513.2,513.14,513.2,0.01,154.48,80709.02,1
2024-08-12,2024-08-12 11:59:00,513.2,513.25,513.2,513.25,0.01,154.48,80709.02,1
2024-08-12,2024-08-12 12:00:00,513.25,513.3,513.25,513.3,0.01,154.48,80709.02,1
2024-08-12,2024-08-12 12:01:00,513.3,513.36,513.3,513.36,0.01,154.48,80709.02,1
2024-08-12,2024-08-12 12:02:00,513.36,513.41,513.36,513.41,0.01,154.48,80709.02,1
2024-08-12,2024-08-12 12:03:00,513.41,513.47,513.41,513.47,0.01,154.48,80709.02,1
2024-08-12,2024-08-12 12:04:00,513.47,513.52,513.47,513.52,0.01,154.48,80709.02,1
2024-08-12,2024-08-12 12:05:00,513.52,513.58,513.52,513.58,0.01,154.48,80709.02,1
2024-08-12,2024-08-12 12:06:00,513.58,513.63,513.58,513.63,0.01,154.48,80709.02,1
2024-08-12,2024-08-12 12:07:00,513.63,513.68,513.63,513.68,0.01,154.48,80709.02,1
2024-08-12,2024-08-12 12:08:00,513.68,513.74,513.68,513.74,0.01,154.48,80709.02,1
2024-08-12,2024-08-12 12:09:00,513.74,513.79,513.74,513.79,0.01,154.48,80709.02,1
2024-08-12,2024-08-12 12:10:00,513.79,513.85,513.79,513.85,0.01,154.48,80709.02,1
2024-08-12,2024-08-12 12:11:00,513.85,513.9,513.85,513.9,0.01,154.48,80709.02,1
2024-08-12,2024-08-12 12:12:00,513.9,513.95,513.9,513.95,0.01,154.48,80709.02,1
2024-08-12,2024-08-12 12:13:00,513.95,514.01,513.95,514.01,0.01,154.48,80709.02,1
2024-08-12,2024-08-12 12:14:00,514.01,514.06,514.01,514.06,0.01,154.48,80709.02,1
2024-08-12,2024-08-12 12:15:00,514.06,514.12,514.06,514.12,0.01,154.48,80709.02,1
2024-08-12,2024-08-12 12:16:00,514.12,514.17,514.12,514.17,0.01,154.48,80709.02,1
2024-08-12,2024-08-12 12:17:00,514.17,514.23,514.17,514.23,0.01,154.48,80709.02,1
2024-08-12,2024-08-12 12:18:00,514.23,514.28,514.23,514.28,0.01,154.48,80709.02,1
2024-08-12,2024-08-12 12:19:00,514.28,514.33,514.28,514.33,0.01,154.48,80709.02,1
2024-08-12,2024-08-12 12:20:00,514.33,514.39,514.33,514.39,0.01,154.48,80709.02,1
2024-08-12,2024-08-12 12:21:00,514.39,514.44,514.39,514.44,0.01,154.48,80709.02,1
2024-08-12,2024-08-12 12:22:00,514.44,514.5,514.44,514.5,0.01,154.48,80709.02,1
2024-08-12,2024-08-12 12:23:00,514.5,514.55,514.5,514.55,0.01,154.48,80709.02,1
2024-08-12,2024-08-12 12:24:00,514.55,514.6,514.55,514.6,0.01,154.48,80709.02,1
2024-08-12,2024-08-12 12:25:00,514.6,514.66,514.6,514.66,0.01,154.48,80709.02,1
2024-08-12,2024-08-12 12:26:00,514.66,514.71,514.66,514.71,0.01,154.48,80709.02,1
2024-08-12,2024-08-12 12:27:00,514.71,514.77,514.71,514.77,0.01,154.48,80709.02,1
2024-08-12,2024-08-12 12:28:00,514.77,514.82,514.77,514.82,0.01,154.48,80709.02,1
2024-08-12,2024-08-12 12:29:00,514.82,514.88,514.82,514.88,0.01,154.48,80709.02,1
2024-08-12,2024-08-12 12:30:00,514.88,514.93,514.88,514.93,0.01,154.48,80709.02,1
2024-08-12,2024-08-12 12:31:00,514.93,514.98,514.93,514.98,0.01,154.48,80709.02,1
2024-08-12,2024-08-12 12:32:00,514.98,515.04,514.98,515.04,0.01,154.48,80709.02,1
2024-08-12,2024-08-12 12:33:00,515.04,515.09,515.04,515.09,0.01,154.48,80709.02,1
2024-08-12,2024-08-12 12:34:00,515.09,515.15,515.09,515.15,0.01,154.48,80709.02,1
2024-08-12,2024-08-12 12:35:00,515.15,515.2,515.15,515.2,0.01,154.48,80709.02,1
2024-08-12,2024-08-12 12:36:00,515.2,515.25,515.2,515.25,0.01,154.48,80709.02,1
2024-08-12,2024-08-12 12:37:00,515.25,515.31,515.25,515.31,0.01,154.48,80709.02,1
2024-08-12,2024-08-12 12:38:00,515.31,515.36,515.31,515.36,0.01,154.48,80709.02,1
2024-08-12,2024-08-12 12:39:00,515.36,515.42,515.36,515.42,0.01,154.48,80709.02,1
2024-08-12,2024-08-12 12:40:00,515.42,515.47,515.42,515.47,0.01,154.48,80709.02,1
2024-08-12,2024-08-12 12:41:00,515.47,515.52,515.47,515.52,0.01,154.48,80709.02,1
2024-08-12,2024-08-12 12:42:00,515.52,515.58,515.52,515.58,0.01,154.48,80709.02,1
2024-08-12,2024-08-12 12:43:00,515.58,515.63,515.58,515.63,0.01,154.48,80709.02,1
2024-08-12,2024-08-12 12:44:00,515.63,515.69,515.63,515.69,0.01,154.48,80709.02,1
2024-08-12,2024-08-12 12:45:00,515.69,515.74,515.69,515.74,0.01,154.48,80709.02,1
2024-08-12,2024-08-12 12:46:00,515.74,515.8,515.74,515.8,0.01,154.48,80709.02,1
2024-08-12,2024-08-12 12:47:00,515.8,515.85,515.8,515.85,0.01,154.48,80709.02,1
2024-08-12,2024-08-12 12:48:00,515.85,515.9,515.85,515.9,0.01,154.48,80709.02,1
2024-08-12,2024-08-12 12:49:00,515.9,515.96,515.9,515.96,0.01,154.48,80709.02,1
2024-08-12,2024-08-12 12:50:00,515.96,516.01,515.96,516.01,0.01,154.48,80709.02,1
2024-08-12,2024-08-12 12:51:00,516.01,516.07,516.01,516.07,0.01,154.48,80709.02,1
2024-08-12,2024-08-12 12:52:00,516.07,516.12,516.07,516.12,0.01,154.48,80709.02,1
2024-08-12,2024-08-12 12:53:00,516.12,516.17,516.12,516.17,0.01,154.48,80709.02,1
2024-08-12,2024-08-12 12:54:00,516.17,516.23,516.17,516.23,0.01,154.48,80709.02,1
2024-08-12,2024-08-12 12:55:00,516.23,516.28,516.23,516.28,0.01,154.48,80709.02,1
2024-08-12,2024-08-12 12:56:00,516.28,516.34,516.28,516.34,0.01,154.48,80709.02,1
2024-08-12,2024-08-12 12:57:00,516.34,516.39,516.34,516.39,0.01,154.48,80709.02,1
2024-08-12,2024-08-12 12:58:00,516.39,516.45,516.39,516.45,0.01,154.48,80709.02,1
2024-08-12,2024-08-12 12:59:00,516.45,516.5,516.45,516.5,0.01,154.48,80709.02,1
2024-08-12,2024-08-12 13:00:00,516.5,534.0,506.0,516.55,0.01,154.48,80709.02,1
2024-08-12,2024-08-12 13:01:00,516.55,516.61,516.55,516.61,0.01,154.48,80709.02,1
2024-08-12,2024-08-12 13:02:00,516.61,516.66,516.61,516.66,0.01,154.48,80709.02,1
2024-08-12,2024-08-12 13:03:00,516.66,516.72,516.66,516.72,0.01,154.48,80709.02,1
2024-08-12,2024-08-12 13:04:00,516.72,516.77,516.72,516.77,0.01,154.48,80709.02,1
2024-08-12,2024-08-12 13:05:00,516.77,516.83,516.77,516.83,0.01,154.48,80709.02,1
2024-08-12,2024-08-12 13:06:00,516.83,516.88,516.83,516.88,0.01,154.48,80709.02,1
2024-08-12,2024-08-12 13:07:00,516.88,516.93,516.88,516.93,0.01,154.48,80709.02,1
2024-08-12,2024-08-12 13:08:00,516.93,516.99,516.93,516.99,0.01,154.48,80709.02,1
2024-08-12,2024-08-12 13:09:00,516.99,517.04,516.99,517.04,0.01,154.48,80709.02,1
2024-08-12,2024-08-12 13:10:00,517.04,517.1,517.04,517.1,0.01,154.48,80709.02,1
2024-08-12,2024-08-12 13:11:00,517.1,517.15,517.1,517.15,0.01,154.48,80709.02,1
2024-08-12,2024-08-12 13:12:00,517.15,517.2,517.15,517.2,0.01,154.48,80709.02,1
2024-08-12,2024-08-12 13:13:00,517.2,517.26,517.2,517.26,0.01,154.48,80709.02,1
2024-08-12,2024-08-12 13:14:00,517.26,517.31,517.26,517.31,0.01,154.48,80709.02,1
2024-08-12,2024-08-12 13:15:00,517.31,517.37,517.31,517.37,0.01,154.48,80709.02,1
2024-08-12,2024-08-12 13:16:00,517.37,517.42,517.37,517.42,0.01,154.48,80709.02,1
2024-08-12,2024-08-12 13:17:00,517.42,517.48,517.42,517.48,0.01,154.48,80709.02,1
2024-08-12,2024-08-12 13:18:00,517.48,517.53,517.48,517.53,0.01,154.48,80709.02,1
2024-08-12,2024-08-12 13:19:00,517.53,517.58,517.53,517.58,0.01,154.48,80709.02,1
2024-08-12,2024-08-12 13:20:00,517.58,517.64,517.58,517.64,0.01,154.48,80709.02,1
2024-08-12,2024-08-12 13:21:00,517.64,517.69,517.64,517.69,0.01,154.48,80709.02,1
2024-08-12,2024-08-12 13:22:00,517.69,517.75,517.69,517.75,0.01,154.48,80709.02,1
2024-08-12,2024-08-12 13:23:00,517.75,517.8,517.75,517.8,0.01,154.48,80709.02,1
2024-08-12,2024-08-12 13:24:00,517.8,517.85,517.8,517.85,0.01,154.48,80709.02,1
2024-08-12,2024-08-12 13:25:00,517.85,517.91,517.85,517.91,0.01,154.48,80709.02,1
2024-08-12,2024-08-12 13:26:00,517.91,517.96,517.91,517.96,0.01,154.48,80709.02,1
2024-08-12,2024-08-12 13:27:00,517.96,518.02,517.96,518.02,0.01,154.48,80709.02,1
2024-08-12,2024-08-12 13:28:00,518.02,518.07,518.02,518.07,0.01,154.48,80709.02,1
2024-08-12,2024-08-12 13:29:00,518.07,518.12,518.07,518.12,0.01,154.48,80709.02,1
2024-08-12,2024-08-12 13:30:00,518.12,518.18,518.12,518.18,0.01,154.48,80709.02,1
2024-08-12,2024-08-12 13:31:00,518.18,518.23,518.18,518.23,0.01,154.48,80709.02,1
2024-08-12,2024-08-12 13:32:00,518.23,518.29,518.23,518.29,0.01,154.48,80709.02,1
2024-08-12,2024-08-12 13:33:00,518.29,518.34,518.29,518.34,0.01,154.48,80709.02,1
2024-08-12,2024-08-12 13:34:00,518.34,518.4,518.34,518.4,0.01,154.48,80709.02,1
2024-08-12,2024-08-12 13:35:00,518.4,518.45,518.4,518.45,0.01,154.48,80709.02,1
2024-08-12,2024-08-12 13:36:00,518.45,518.5,518.45,518.5,0.01,154.48,80709.02,1
2024-08-12,2024-08-12 13:37:00,518.5,518.56,518.5,518.56,0.01,154.48,80709.02,1
2024-08-12,2024-08-12 13:38:00,518.56,518.61,518.56,518.61,0.01,154.48,80709.02,1
2024-08-12,2024-08-12 13:39:00,518.61,518.67,518.61,518.67,0.01,154.48,80709.02,1
2024-08-12,2024-08-12 13:40:00,518.67,518.72,518.67,518.72,0.01,154.48,80709.02,1
2024-08-12,2024-08-12 13:41:00,518.72,518.77,518.72,518.77,0.01,154.48,80709.02,1
2024-08-12,2024-08-12 13:42:00,518.77,518.83,518.77,518.83,0.01,154.48,80709.02,1
2024-08-12,2024-08-12 13:43:00,518.83,518.88,518.83,518.88,0.01,154.48,80709.02,1
2024-08-12,2024-08-12 13:44:00,518.88,518.94,518.88,518.94,0.01,154.48,80709.02,1
2024-08-12,2024-08-12 13:45:00,518.94,518.99,518.94,518.99,0.01,154.48,80709.02,1
2024-08-12,2024-08-12 13:46:00,518.99,519.05,518.99,519.05,0.01,154.48,80709.02,1
2024-08-12,2024-08-12 13:47:00,519.05,519.1,519.05,519.1,0.01,154.48,80709.02,1
2024-08-12,2024-08-12 13:48:00,519.1,519.15,519.1,519.15,0.01,154.48,80709.02,1
2024-08-12,2024-08-12 13:49:00,519.15,519.21,519.15,519.21,0.01,154.48,80709.02,1
2024-08-12,2024-08-12 13:50:00,519.21,519.26,519.21,519.26,0.01,154.48,80709.02,1
2024-08-12,2024-08-12 13:51:00,519.26,519.32,519.26,519.32,0.01,154.48,80709.02,1
2024-08-12,2024-08-12 13:52:00,519.32,519.37,519.32,519.37,0.01,154.48,80709.02,1
2024-08-12,2024-08-12 13:53:00,519.37,519.42,519.37,519.42,0.01,154.48,80709.02,1
2024-08-12,2024-08-12 13:54:00,519.42,519.48,519.42,519.48,0.01,154.48,80709.02,1
2024-08-12,2024-08-12 13:55:00,519.48,519.53,519.48,519.53,0.01,154.48,80709.02,1
2024-08-12,2024-08-12 13:56:00,519.53,519.59,519.53,519.59,0.01,154.48,80709.02,1
2024-08-12,2024-08-12 13:57:00,519.59,519.64,519.59,519.64,0.01,154.48,80709.02,1
2024-08-12,2024-08-12 13:58:00,519.64,519.7,519.64,519.7,0.01,154.48,80709.02,1
2024-08-12,2024-08-12 13:59:00,519.7,519.75,519.7,519.75,0.01,154.48,80709.02,1
2024-08-12,2024-08-12 14:00:00,519.75,519.8,519.75,519.8,0.01,154.48,80709.02,1
2024-08-12,2024-08-12 14:01:00,519.8,519.86,519.8,519.86,0.01,154.48,80709.02,1
2024-08-12,2024-08-12 14:02:00,519.86,519.91,519.86,519.91,0.01,154.48,80709.02,1
2024-08-12,2024-08-12 14:03:00,519.91,519.97,519.91,519.97,0.01,154.48,80709.02,1
2024-08-12,2024-08-12 14:04:00,519.97,520.02,519.97,520.02,0.01,154.48,80709.02,1
2024-08-12,2024-08-12 14:05:00,520.02,520.08,520.02,520.08,0.01,154.48,80709.02,1
2024-08-12,2024-08-12 14:06:00,520.08,520.13,520.08,520.13,0.01,154.48,80709.02,1
2024-08-12,2024-08-12 14:07:00,520.13,520.18,520.13,520.18,0.01,154.48,80709.02,1
2024-08-12,2024-08-12 14:08:00,520.18,520.24,520.18,520.24,0.01,154.48,80709.02,1
2024-08-12,2024-08-12 14:09:00,520.24,520.29,520.24,520.29,0.01,154.48,80709.02,1
2024-08-12,2024-08-12 14:10:00,520.29,520.35,520.29,520.35,0.01,154.48,80709.02,1
2024-08-12,2024-08-12 14:11:00,520.35,520.4,520.35,520.4,0.01,154.48,80709.02,1
2024-08-12,2024-08-12 14:12:00,520.4,520.45,520.4,520.45,0.01,154.48,80709.02,1
2024-08-12,2024-08-12 14:13:00,520.45,520.51,520.45,520.51,0.01,154.48,80709.02,1
2024-08-12,2024-08-12 14:14:00,520.51,520.56,520.51,520.56,0.01,154.48,80709.02,1
2024-08-12,2024-08-12 14:15:00,520.56,520.62,520.56,520.62,0.01,154.48,80709.02,1
2024-08-12,2024-08-12 14:16:00,520.62,520.67,520.62,520.67,0.01,154.48,80709.02,1
2024-08-12,2024-08-12 14:17:00,520.67,520.73,520.67,520.73,0.01,154.48,80709.02,1
2024-08-12,2024-08-12 14:18:00,520.73,520.78,520.73,520.78,0.01,154.48,80709.02,1
2024-08-12,2024-08-12 14:19:00,520.78,520.83,520.78,520.83,0.01,154.48,80709.02,1
2024-08-12,2024-08-12 14:20:00,520.83,520.89,520.83,520.89,0.01,154.48,80709.02,1
2024-08-12,2024-08-12 14:21:00,520.89,520.94,520.89,520.94,0.01,154.48,80709.02,1
2024-08-12,2024-08-12 14:22:00,520.94,521.0,520.94,521.0,0.01,154.48,80709.02,1
2024-08-12,2024-08-12 14:23:00,521.0,521.05,521.0,521.05,0.01,154.48,80709.02,1
2024-08-12,2024-08-12 14:24:00,521.05,521.1,521.05,521.1,0.01,154.48,80709.02,1
2024-08-12,2024-08-12 14:25:00,521.1,521.16,521.1,521.16,0.01,154.48,80709.02,1
2024-08-12,2024-08-12 14:26:00,521.16,521.21,521.16,521.21,0.01,154.48,80709.02,1
2024-08-12,2024-08-12 14:27:00,521.21,521.27,521.21,521.27,0.01,154.48,80709.02,1
2024-08-12,2024-08-12 14:28:00,521.27,521.32,521.27,521.32,0.01,154.48,80709.02,1
2024-08-12,2024-08-12 14:29:00,521.32,521.38,521.32,521.38,0.01,154.48,80709.02,1
2024-08-12,2024-08-12 14:30:00,521.38,521.43,521.38,521.43,0.01,154.48,80709.02,1
2024-08-12,2024-08-12 14:31:00,521.43,521.48,521.43,521.48,0.01,154.48,80709.02,1
2024-08-12,2024-08-12 14:32:00,521.48,521.54,521.48,521.54,0.01,154.48,80709.02,1
2024-08-12,2024-08-12 14:33:00,521.54,521.59,521.54,521.59,0.01,154.48,80709.02,1
2024-08-12,2024-08-12 14:34:00,521.59,521.65,521.59,521.65,0.01,154.48,80709.02,1
2024-08-12,2024-08-12 14:35:00,521.65,521.7,521.65,521.7,0.01,154.48,80709.02,1
2024-08-12,2024-08-12 14:36:00,521.7,521.75,521.7,521.75,0.01,154.48,80709.02,1
2024-08-12,2024-08-12 14:37:00,521.75,521.81,521.75,521.81,0.01,154.48,80709.02,1
2024-08-12,2024-08-12 14:38:00,521.81,521.86,521.81,521.86,0.01,154.48,80709.02,1
2024-08-12,2024-08-12 14:39:00,521.86,521.92,521.86,521.92,0.01,154.48,80709.02,1
2024-08-12,2024-08-12 14:40:00,521.92,521.97,521.92,521.97,0.01,154.48,80709.02,1
2024-08-12,2024-08-12 14:41:00,521.97,522.02,521.97,522.02,0.01,154.48,80709.02,1
2024-08-12,2024-08-12 14:42:00,522.02,522.08,522.02,522.08,0.01,154.48,80709.02,1
2024-08-12,2024-08-12 14:43:00,522.08,522.13,522.08,522.13,0.01,154.48,80709.02,1
2024-08-12,2024-08-12 14:44:00,522.13,522.19,522.13,522.19,0.01,154.48,80709.02,1
2024-08-12,2024-08-12 14:45:00,522.19,522.24,522.19,522.24,0.01,154.48,80709.02,1
2024-08-12,2024-08-12 14:46:00,522.24,522.3,522.24,522.3,0.01,154.48,80709.02,1
2024-08-12,2024-08-12 14:47:00,522.3,522.35,522.3,522.35,0.01,154.48,80709.02,1
2024-08-12,2024-08-12 14:48:00,522.35,522.4,522.35,522.4,0.01,154.48,80709.02,1
2024-08-12,2024-08-12 14:49:00,522.4,522.46,522.4,522.46,0.01,154.48,80709.02,1
2024-08-12,2024-08-12 14:50:00,522.46,522.51,522.46,522.51,0.01,154.48,80709.02,1
2024-08-12,2024-08-12 14:51:00,522.51,522.57,522.51,522.57,0.01,154.48,80709.02,1
2024-08-12,2024-08-12 14:52:00,522.57,522.62,522.57,522.62,0.01,154.48,80709.02,1
2024-08-12,2024-08-12 14:53:00,522.62,522.67,522.62,522.67,0.01,154.48,80709.02,1
2024-08-12,2024-08-12 14:54:00,522.67,522.73,522.67,522.73,0.01,154.48,80709.02,1
2024-08-12,2024-08-12 14:55:00,522.73,522.78,522.73,522.78,0.01,154.48,80709.02,1
2024-08-12,2024-08-12 14:56:00,522.78,522.84,522.78,522.84,0.01,154.48,80709.02,1
2024-08-12,2024-08-12 14:57:00,522.84,522.89,522.84,522.89,0.01,154.48,80709.02,1
2024-08-12,2024-08-12 14:58:00,522.89,522.95,522.89,522.95,0.01,154.48,80709.02,1
2024-08-12,2024-08-12 14:59:00,522.95,523.0,522.95,523.0,0.01,154.48,80709.02,1
2024-08-12,2024-08-12 15:00:00,523.0,534.0,506.0,523.0,0.0,154.48,80709.02,0
2024-08-13,2024-08-13 11:00:00,520.0,529.24,517.33,520.08,0.02,188.43,100155.39,1
2024-08-13,2024-08-13 11:01:00,520.08,520.15,520.08,520.15,0.01,188.43,100155.39,1
2024-08-13,2024-08-13 11:02:00,520.15,520.23,520.15,520.23,0.02,188.43,100155.39,1
2024-08-13,2024-08-13 11:03:00,520.23,520.3,520.23,520.3,0.01,188.43,100155.39,1
2024-08-13,2024-08-13 11:04:00,520.3,520.38,520.3,520.38,0.02,188.43,100155.39,1
2024-08-13,2024-08-13 11:05:00,520.38,520.45,520.38,520.45,0.01,188.43,100155.39,1
2024-08-13,2024-08-13 11:06:00,520.45,520.52,520.45,520.52,0.01,188.43,100155.39,1
2024-08-13,2024-08-13 11:07:00,520.52,520.6,520.52,520.6,0.02,188.43,100155.39,1
2024-08-13,2024-08-13 11:08:00,520.6,520.67,520.6,520.67,0.01,188.43,100155.39,1
2024-08-13,2024-08-13 11:09:00,520.67,520.75,520.67,520.75,0.02,188.43,100155.39,1
2024-08-13,2024-08-13 11:10:00,520.75,520.83,520.75,520.83,0.02,188.43,100155.39,1
2024-08-13,2024-08-13 11:11:00,520.83,520.9,520.83,520.9,0.01,188.43,100155.39,1
2024-08-13,2024-08-13 11:12:00,520.9,520.98,520.9,520.98,0.02,188.43,100155.39,1
2024-08-13,2024-08-13 11:13:00,520.98,521.05,520.98,521.05,0.01,188.43,100155.39,1
2024-08-13,2024-08-13 11:14:00,521.05,521.12,521.05,521.12,0.01,188.43,100155.39,1
2024-08-13,2024-08-13 11:15:00,521.12,521.2,521.12,521.2,0.02,188.43,100155.39,1
2024-08-13,2024-08-13 11:16:00,521.2,521.27,521.2,521.27,0.01,188.43,100155.39,1
2024-08-13,2024-08-13 11:17:00,521.27,521.35,521.27,521.35,0.02,188.43,100155.39,1
2024-08-13,2024-08-13 11:18:00,521.35,521.42,521.35,521.42,0.01,188.43,100155.39,1
2024-08-13,2024-08-13 11:19:00,521.42,521.5,521.42,521.5,0.02,188.43,100155.39,1
2024-08-13,2024-08-13 11:20:00,521.5,521.58,521.5,521.58,0.02,188.43,100155.39,1
2024-08-13,2024-08-13 11:21:00,521.58,521.65,521.58,521.65,0.01,188.43,100155.39,1
2024-08-13,2024-08-13 11:22:00,521.65,521.73,521.65,521.73,0.02,188.43,100155.39,1
2024-08-13,2024-08-13 11:23:00,521.73,521.8,521.73,521.8,0.01,188.43,100155.39,1
2024-08-13,2024-08-13 11:24:00,521.8,521.88,521.8,521.88,0.02,188.43,100155.39,1
2024-08-13,2024-08-13 11:25:00,521.88,521.95,521.88,521.95,0.01,188.43,100155.39,1
2024-08-13,2024-08-13 11:26:00,521.95,522.02,521.95,522.02,0.01,188.43,100155.39,1
2024-08-13,2024-08-13 11:27:00,522.02,522.1,522.02,522.1,0.02,188.43,100155.39,1
2024-08-13,2024-08-13 11:28:00,522.1,522.17,522.1,522.17,0.01,188.43,100155.39,1
2024-08-13,2024-08-13 11:29:00,522.17,522.25,522.17,522.25,0.02,188.43,100155.39,1
2024-08-13,2024-08-13 11:30:00,522.25,522.33,522.25,522.33,0.02,188.43,100155.39,1
2024-08-13,2024-08-13 11:31:00,522.33,522.4,522.33,522.4,0.01,188.43,100155.39,1
2024-08-13,2024-08-13 11:32:00,522.4,522.48,522.4,522.48,0.02,188.43,100155.39,1
2024-08-13,2024-08-13 11:33:00,522.48,522.55,522.48,522.55,0.01,188.43,100155.39,1
2024-08-13,2024-08-13 11:34:00,522.55,522.62,522.55,522.62,0.01,188.43,100155.39,1
2024-08-13,2024-08-13 11:35:00,522.62,522.7,522.62,522.7,0.02,188.43,100155.39,1
2024-08-13,2024-08-13 11:36:00,522.7,522.77,522.7,522.77,0.01,188.43,100155.39,1
2024-08-13,2024-08-13 11:37:00,522.77,522.85,522.77,522.85,0.02,188.43,100155.39,1
2024-08-13,2024-08-13 11:38:00,522.85,522.92,522.85,522.92,0.01,188.43,100155.39,1
2024-08-13,2024-08-13 11:39:00,522.92,523.0,522.92,523.0,0.02,188.43,100155.39,1
2024-08-13,2024-08-13 11:40:00,523.0,523.08,523.0,523.08,0.02,188.43,100155.39,1
2024-08-13,2024-08-13 11:41:00,523.08,523.15,523.08,523.15,0.01,188.43,100155.39,1
2024-08-13,2024-08-13 11:42:00,523.15,523.23,523.15,523.23,0.02,188.43,100155.39,1
2024-08-13,2024-08-13 11:43:00,523.23,523.3,523.23,523.3,0.01,188.43,100155.39,1
2024-08-13,2024-08-13 11:44:00,523.3,523.38,523.3,523.38,0.02,188.43,100155.39,1
2024-08-13,2024-08-13 11:45:00,523.38,523.45,523.38,523.45,0.01,188.43,100155.39,1
2024-08-13,2024-08-13 11:46:00,523.45,523.52,523.45,523.52,0.01,188.43,100155.39,1
2024-08-13,2024-08-13 11:47:00,523.52,523.6,523.52,523.6,0.02,188.43,100155.39,1
2024-08-13,2024-08-13 11:48:00,523.6,523.67,523.6,523.67,0.01,188.43,100155.39,1
2024-08-13,2024-08-13 11:49:00,523.67,523.75,523.67,523.75,0.02,188.43,100155.39,1
2024-08-13,2024-08-13 11:50:00,523.75,523.83,523.75,523.83,0.02,188.43,100155.39,1
2024-08-13,2024-08-13 11:51:00,523.83,523.9,523.83,523.9,0.01,188.43,100155.39,1
2024-08-13,2024-08-13 11:52:00,523.9,523.98,523.9,523.98,0.02,188.43,100155.39,1
2024-08-13,2024-08-13 11:53:00,523.98,524.05,523.98,524.05,0.01,188.43,100155.39,1
2024-08-13,2024-08-13 11:54:00,524.05,524.12,524.05,524.12,0.01,188.43,100155.39,1
2024-08-13,2024-08-13 11:55:00,524.12,524.2,524.12,524.2,0.02,188.43,100155.39,1
2024-08-13,2024-08-13 11:56:00,524.2,524.27,524.2,524.27,0.01,188.43,100155.39,1
2024-08-13,2024-08-13 11:57:00,524.27,524.35,524.27,524.35,0.02,188.43,100155.39,1
2024-08-13,2024-08-13 11:58:00,524.35,524.42,524.35,524.42,0.01,188.43,100155.39,1
2024-08-13,2024-08-13 11:59:00,524.42,524.5,524.42,524.5,0.02,188.43,100155.39,1
2024-08-13,2024-08-13 12:00:00,524.5,524.58,524.5,524.58,0.02,188.43,100155.39,1
2024-08-13,2024-08-13 12:01:00,524.58,524.65,524.58,524.65,0.01,188.43,100155.39,1
2024-08-13,2024-08-13 12:02:00,524.65,524.73,524.65,524.73,0.02,188.43,100155.39,1
2024-08-13,2024-08-13 12:03:00,524.73,524.8,524.73,524.8,0.01,188.43,100155.39,1
2024-08-13,2024-08-13 12:04:00,524.8,524.88,524.8,524.88,0.02,188.43,100155.39,1
2024-08-13,2024-08-13 12:05:00,524.88,524.95,524.88,524.95,0.01,188.43,100155.39,1
2024-08-13,2024-08-13 12:06:00,524.95,525.02,524.95,525.02,0.01,188.43,100155.39,1
2024-08-13,2024-08-13 12:07:00,525.02,525.1,525.02,525.1,0.02,188.43,100155.39,1
2024-08-13,2024-08-13 12:08:00,525.1,525.17,525.1,525.17,0.01,188.43,100155.39,1
2024-08-13,2024-08-13 12:09:00,525.17,525.25,525.17,525.25,0.02,188.43,100155.39,1
2024-08-13,2024-08-13 12:10:00,525.25,525.33,525.25,525.33,0.02,188.43,100155.39,1
2024-08-13,2024-08-13 12:11:00,525.33,525.4,525.33,525.4,0.01,188.43,100155.39,1
2024-08-13,2024-08-13 12:12:00,525.4,525.48,525.4,525.48,0.02,188.43,100155.39,1
2024-08-13,2024-08-13 12:13:00,525.48,525.55,525.48,525.55,0.01,188.43,100155.39,1
2024-08-13,2024-08-13 12:14:00,525.55,525.62,525.55,525.62,0.01,188.43,100155.39,1
2024-08-13,2024-08-13 12:15:00,525.62,525.7,525.62,525.7,0.02,188.43,100155.39,1
2024-08-13,2024-08-13 12:16:00,525.7,525.77,525.7,525.77,0.01,188.43,100155.39,1
2024-08-13,2024-08-13 12:17:00,525.77,525.85,525.77,525.85,0.02,188.43,100155.39,1
2024-08-13,2024-08-13 12:18:00,525.85,525.92,525.85,525.92,0.01,188.43,100155.39,1
2024-08-13,2024-08-13 12:19:00,525.92,526.0,525.92,526.0,0.02,188.43,100155.39,1
2024-08-13,2024-08-13 12:20:00,526.0,526.08,526.0,526.08,0.02,188.43,100155.39,1
2024-08-13,2024-08-13 12:21:00,526.08,526.15,526.08,526.15,0.01,188.43,100155.39,1
2024-08-13,2024-08-13 12:22:00,526.15,526.23,526.15,526.23,0.02,188.43,100155.39,1
2024-08-13,2024-08-13 12:23:00,526.23,526.3,526.23,526.3,0.01,188.43,100155.39,1
2024-08-13,2024-08-13 12:24:00,526.3,526.38,526.3,526.38,0.02,188.43,100155.39,1
2024-08-13,2024-08-13 12:25:00,526.38,526.45,526.38,526.45,0.01,188.43,100155.39,1
2024-08-13,2024-08-13 12:26:00,526.45,526.52,526.45,526.52,0.01,188.43,100155.39,1
2024-08-13,2024-08-13 12:27:00,526.52,526.6,526.52,526.6,0.02,188.43,100155.39,1
2024-08-13,2024-08-13 12:28:00,526.6,526.67,526.6,526.67,0.01,188.43,100155.39,1
2024-08-13,2024-08-13 12:29:00,526.67,526.75,526.67,526.75,0.02,188.43,100155.39,1
2024-08-13,2024-08-13 12:30:00,526.75,526.83,526.75,526.83,0.02,188.43,100155.39,1
2024-08-13,2024-08-13 12:31:00,526.83,526.9,526.83,526.9,0.01,188.43,100155.39,1
2024-08-13,2024-08-13 12:32:00,526.9,526.98,526.9,526.98,0.02,188.43,100155.39,1
2024-08-13,2024-08-13 12:33:00,526.98,527.05,526.98,527.05,0.01,188.43,100155.39,1
2024-08-13,2024-08-13 12:34:00,527.05,527.12,527.05,527.12,0.01,188.43,100155.39,1
2024-08-13,2024-08-13 12:35:00,527.12,527.2,527.12,527.2,0.02,188.43,100155.39,1
2024-08-13,2024-08-13 12:36:00,527.2,527.27,527.2,527.27,0.01,188.43,100155.39,1
2024-08-13,2024-08-13 12:37:00,527.27,527.35,527.27,527.35,0.02,188.43,100155.39,1
2024-08-13,2024-08-13 12:38:00,527.35,527.42,527.35,527.42,0.01,188.43,100155.39,1
2024-08-13,2024-08-13 12:39:00,527.42,527.5,527.42,527.5,0.02,188.43,100155.39,1
2024-08-13,2024-08-13 12:40:00,527.5,527.58,527.5,527.58,0.02,188.43,100155.39,1
2024-08-13,2024-08-13 12:41:00,527.58,527.65,527.58,527.65,0.01,188.43,100155.39,1
2024-08-13,2024-08-13 12:42:00,527.65,527.73,527.65,527.73,0.02,188.43,100155.39,1
2024-08-13,2024-08-13 12:43:00,527.73,527.8,527.73,527.8,0.01,188.43,100155.39,1
2024-08-13,2024-08-13 12:44:00,527.8,527.88,527.8,527.88,0.02,188.43,100155.39,1
2024-08-13,2024-08-13 12:45:00,527.88,527.95,527.88,527.95,0.01,188.43,100155.39,1
2024-08-13,2024-08-13 12:46:00,527.95,528.02,527.95,528.02,0.01,188.43,100155.39,1
2024-08-13,2024-08-13 12:47:00,528.02,528.1,528.02,528.1,0.02,188.43,100155.39,1
2024-08-13,2024-08-13 12:48:00,528.1,528.17,528.1,528.17,0.01,188.43,100155.39,1
2024-08-13,2024-08-13 12:49:00,528.17,528.25,528.17,528.25,0.02,188.43,100155.39,1
2024-08-13,2024-08-13 12:50:00,528.25,528.33,528.25,528.33,0.02,188.43,100155.39,1
2024-08-13,2024-08-13 12:51:00,528.33,528.4,528.33,528.4,0.01,188.43,100155.39,1
2024-08-13,2024-08-13 12:52:00,528.4,528.48,528.4,528.48,0.02,188.43,100155.39,1
2024-08-13,2024-08-13 12:53:00,528.48,528.55,528.48,528.55,0.01,188.43,100155.39,1
2024-08-13,2024-08-13 12:54:00,528.55,528.62,528.55,528.62,0.01,188.43,100155.39,1
2024-08-13,2024-08-13 12:55:00,528.62,528.7,528.62,528.7,0.02,188.43,100155.39,1
2024-08-13,2024-08-13 12:56:00,528.7,528.77,528.7,528.77,0.01,188.43,100155.39,1
2024-08-13,2024-08-13 12:57:00,528.77,528.85,528.77,528.85,0.02,188.43,100155.39,1
2024-08-13,2024-08-13 12:58:00,528.85,528.92,528.85,528.92,0.01,188.43,100155.39,1
2024-08-13,2024-08-13 12:59:00,528.92,529.0,528.92,529.0,0.02,188.43,100155.39,1
2024-08-13,2024-08-13 13:00:00,529.0,550.8,511.1,529.08,0.02,188.43,100155.39,1
2024-08-13,2024-08-13 13:01:00,529.08,529.15,529.08,529.15,0.01,188.43,100155.39,1
2024-08-13,2024-08-13 13:02:00,529.15,529.23,529.15,529.23,0.02,188.43,100155.39,1
2024-08-13,2024-08-13 13:03:00,529.23,529.3,529.23,529.3,0.01,188.43,100155.39,1
2024-08-13,2024-08-13 13:04:00,529.3,529.38,529.3,529.38,0.02,188.43,100155.39,1
2024-08-13,2024-08-13 13:05:00,529.38,529.45,529.38,529.45,0.01,188.43,100155.39,1
2024-08-13,2024-08-13 13:06:00,529.45,529.52,529.45,529.52,0.01,188.43,100155.39,1
2024-08-13,2024-08-13 13:07:00,529.52,529.6,529.52,529.6,0.02,188.43,100155.39,1
2024-08-13,2024-08-13 13:08:00,529.6,529.67,529.6,529.67,0.01,188.43,100155.39,1
2024-08-13,2024-08-13 13:09:00,529.67,529.75,529.67,529.75,0.02,188.43,100155.39,1
2024-08-13,2024-08-13 13:10:00,529.75,529.83,529.75,529.83,0.02,188.43,100155.39,1
2024-08-13,2024-08-13 13:11:00,529.83,529.9,529.83,529.9,0.01,188.43,100155.39,1
2024-08-13,2024-08-13 13:12:00,529.9,529.98,529.9,529.98,0.02,188.43,100155.39,1
2024-08-13,2024-08-13 13:13:00,529.98,530.05,529.98,530.05,0.01,188.43,100155.39,1
2024-08-13,2024-08-13 13:14:00,530.05,530.12,530.05,530.12,0.01,188.43,100155.39,1
2024-08-13,2024-08-13 13:15:00,530.12,530.2,530.12,530.2,0.02,188.43,100155.39,1
2024-08-13,2024-08-13 13:16:00,530.2,530.27,530.2,530.27,0.01,188.43,100155.39,1
2024-08-13,2024-08-13 13:17:00,530.27,530.35,530.27,530.35,0.02,188.43,100155.39,1
2024-08-13,2024-08-13 13:18:00,530.35,530.42,530.35,530.42,0.01,188.43,100155.39,1
2024-08-13,2024-08-13 13:19:00,530.42,530.5,530.42,530.5,0.02,188.43,100155.39,1
2024-08-13,2024-08-13 13:20:00,530.5,530.58,530.5,530.58,0.02,188.43,100155.39,1
2024-08-13,2024-08-13 13:21:00,530.58,530.65,530.58,530.65,0.01,188.43,100155.39,1
2024-08-13,2024-08-13 13:22:00,530.65,530.73,530.65,530.73,0.02,188.43,100155.39,1
2024-08-13,2024-08-13 13:23:00,530.73,530.8,530.73,530.8,0.01,188.43,100155.39,1
2024-08-13,2024-08-13 13:24:00,530.8,530.88,530.8,530.88,0.02,188.43,100155.39,1
2024-08-13,2024-08-13 13:25:00,530.88,530.95,530.88,530.95,0.01,188.43,100155.39,1
2024-08-13,2024-08-13 13:26:00,530.95,531.02,530.95,531.02,0.01,188.43,100155.39,1
2024-08-13,2024-08-13 13:27:00,531.02,531.1,531.02,531.1,0.02,188.43,100155.39,1
2024-08-13,2024-08-13 13:28:00,531.1,531.17,531.1,531.17,0.01,188.43,100155.39,1
2024-08-13,2024-08-13 13:29:00,531.17,531.25,531.17,531.25,0.02,188.43,100155.39,1
2024-08-13,2024-08-13 13:30:00,531.25,531.33,531.25,531.33,0.02,188.43,100155.39,1
2024-08-13,2024-08-13 13:31:00,531.33,531.4,531.33,531.4,0.01,188.43,100155.39,1
2024-08-13,2024-08-13 13:32:00,531.4,531.48,531.4,531.48,0.02,188.43,100155.39,1
2024-08-13,2024-08-13 13:33:00,531.48,531.55,531.48,531.55,0.01,188.43,100155.39,1
2024-08-13,2024-08-13 13:34:00,531.55,531.62,531.55,531.62,0.01,188.43,100155.39,1
2024-08-13,2024-08-13 13:35:00,531.62,531.7,531.62,531.7,0.02,188.43,100155.39,1
2024-08-13,2024-08-13 13:36:00,531.7,531.77,531.7,531.77,0.01,188.43,100155.39,1
2024-08-13,2024-08-13 13:37:00,531.77,531.85,531.77,531.85,0.02,188.43,100155.39,1
2024-08-13,2024-08-13 13:38:00,531.85,531.92,531.85,531.92,0.01,188.43,100155.39,1
2024-08-13,2024-08-13 13:39:00,531.92,532.0,531.92,532.0,0.02,188.43,100155.39,1
2024-08-13,2024-08-13 13:40:00,532.0,532.08,532.0,532.08,0.02,188.43,100155.39,1
2024-08-13,2024-08-13 13:41:00,532.08,532.15,532.08,532.15,0.01,188.43,100155.39,1
2024-08-13,2024-08-13 13:42:00,532.15,532.23,532.15,532.23,0.02,188.43,100155.39,1
2024-08-13,2024-08-13 13:43:00,532.23,532.3,532.23,532.3,0.01,188.43,100155.39,1
2024-08-13,2024-08-13 13:44:00,532.3,532.38,532.3,532.38,0.02,188.43,100155.39,1
2024-08-13,2024-08-13 13:45:00,532.38,532.45,532.38,532.45,0.01,188.43,100155.39,1
2024-08-13,2024-08-13 13:46:00,532.45,532.52,532.45,532.52,0.01,188.43,100155.39,1
2024-08-13,2024-08-13 13:47:00,532.52,532.6,532.52,532.6,0.02,188.43,100155.39,1
2024-08-13,2024-08-13 13:48:00,532.6,532.67,532.6,532.67,0.01,188.43,100155.39,1
2024-08-13,2024-08-13 13:49:00,532.67,532.75,532.67,532.75,0.02,188.43,100155.39,1
2024-08-13,2024-08-13 13:50:00,532.75,532.83,532.75,532.83,0.02,188.43,100155.39,1
2024-08-13,2024-08-13 13:51:00,532.83,532.9,532.83,532.9,0.01,188.43,100155.39,1
2024-08-13,2024-08-13 13:52:00,532.9,532.98,532.9,532.98,0.02,188.43,100155.39,1
2024-08-13,2024-08-13 13:53:00,532.98,533.05,532.98,533.05,0.01,188.43,100155.39,1
2024-08-13,2024-08-13 13:54:00,533.05,533.12,533.05,533.12,0.01,188.43,100155.39,1
2024-08-13,2024-08-13 13:55:00,533.12,533.2,533.12,533.2,0.02,188.43,100155.39,1
2024-08-13,2024-08-13 13:56:00,533.2,533.27,533.2,533.27,0.01,188.43,100155.39,1
2024-08-13,2024-08-13 13:57:00,533.27,533.35,533.27,533.35,0.02,188.43,100155.39,1
2024-08-13,2024-08-13 13:58:00,533.35,533.42,533.35,533.42,0.01,188.43,100155.39,1
2024-08-13,2024-08-13 13:59:00,533.42,533.5,533.42,533.5,0.01,188.43,100155.39,1
2024-08-13,2024-08-13 14:00:00,533.5,533.58,533.5,533.58,0.01,188.43,100155.39,1
2024-08-13,2024-08-13 14:01:00,533.58,533.65,533.58,533.65,0.01,188.43,100155.39,1
2024-08-13,2024-08-13 14:02:00,533.65,533.73,533.65,533.73,0.01,188.43,100155.39,1
2024-08-13,2024-08-13 14:03:00,533.73,533.8,533.73,533.8,0.01,188.43,100155.39,1
2024-08-13,2024-08-13 14:04:00,533.8,533.88,533.8,533.88,0.01,188.43,100155.39,1
2024-08-13,2024-08-13 14:05:00,533.88,533.95,533.88,533.95,0.01,188.43,100155.39,1
2024-08-13,2024-08-13 14:06:00,533.95,534.02,533.95,534.02,0.01,188.43,100155.39,1
2024-08-13,2024-08-13 14:07:00,534.02,534.1,534.02,534.1,0.01,188.43,100155.39,1
2024-08-13,2024-08-13 14:08:00,534.1,534.17,534.1,534.17,0.01,188.43,100155.39,1
2024-08-13,2024-08-13 14:09:00,534.17,534.25,534.17,534.25,0.01,188.43,100155.39,1
2024-08-13,2024-08-13 14:10:00,534.25,534.33,534.25,534.33,0.01,188.43,100155.39,1
2024-08-13,2024-08-13 14:11:00,534.33,534.4,534.33,534.4,0.01,188.43,100155.39,1
2024-08-13,2024-08-13 14:12:00,534.4,534.48,534.4,534.48,0.01,188.43,100155.39,1
2024-08-13,2024-08-13 14:13:00,534.48,534.55,534.48,534.55,0.01,188.43,100155.39,1
2024-08-13,2024-08-13 14:14:00,534.55,534.62,534.55,534.62,0.01,188.43,100155.39,1
2024-08-13,2024-08-13 14:15:00,534.62,534.7,534.62,534.7,0.01,188.43,100155.39,1
2024-08-13,2024-08-13 14:16:00,534.7,534.77,534.7,534.77,0.01,188.43,100155.39,1
2024-08-13,2024-08-13 14:17:00,534.77,534.85,534.77,534.85,0.01,188.43,100155.39,1
2024-08-13,2024-08-13 14:18:00,534.85,534.92,534.85,534.92,0.01,188.43,100155.39,1
2024-08-13,2024-08-13 14:19:00,534.92,535.0,534.92,535.0,0.01,188.43,100155.39,1
2024-08-13,2024-08-13 14:20:00,535.0,535.08,535.0,535.08,0.01,188.43,100155.39,1
2024-08-13,2024-08-13 14:21:00,535.08,535.15,535.08,535.15,0.01,188.43,100155.39,1
2024-08-13,2024-08-13 14:22:00,535.15,535.23,535.15,535.23,0.01,188.43,100155.39,1
2024-08-13,2024-08-13 14:23:00,535.23,535.3,535.23,535.3,0.01,188.43,100155.39,1
2024-08-13,2024-08-13 14:24:00,535.3,535.38,535.3,535.38,0.01,188.43,100155.39,1
2024-08-13,2024-08-13 14:25:00,535.38,535.45,535.38,535.45,0.01,188.43,100155.39,1
2024-08-13,2024-08-13 14:26:00,535.45,535.52,535.45,535.52,0.01,188.43,100155.39,1
2024-08-13,2024-08-13 14:27:00,535.52,535.6,535.52,535.6,0.01,188.43,100155.39,1
2024-08-13,2024-08-13 14:28:00,535.6,535.67,535.6,535.67,0.01,188.43,100155.39,1
2024-08-13,2024-08-13 14:29:00,535.67,535.75,535.67,535.75,0.01,188.43,100155.39,1
2024-08-13,2024-08-13 14:30:00,535.75,535.83,535.75,535.83,0.01,188.43,100155.39,1
2024-08-13,2024-08-13 14:31:00,535.83,535.9,535.83,535.9,0.01,188.43,100155.39,1
2024-08-13,2024-08-13 14:32:00,535.9,535.98,535.9,535.98,0.01,188.43,100155.39,1
2024-08-13,2024-08-13 14:33:00,535.98,536.05,535.98,536.05,0.01,188.43,100155.39,1
2024-08-13,2024-08-13 14:34:00,536.05,536.12,536.05,536.12,0.01,188.43,100155.39,1
2024-08-13,2024-08-13 14:35:00,536.12,536.2,536.12,536.2,0.01,188.43,100155.39,1
2024-08-13,2024-08-13 14:36:00,536.2,536.27,536.2,536.27,0.01,188.43,100155.39,1
2024-08-13,2024-08-13 14:37:00,536.27,536.35,536.27,536.35,0.01,188.43,100155.39,1
2024-08-13,2024-08-13 14:38:00,536.35,536.42,536.35,536.42,0.01,188.43,100155.39,1
2024-08-13,2024-08-13 14:39:00,536.42,536.5,536.42,536.5,0.01,188.43,100155.39,1
2024-08-13,2024-08-13 14:40:00,536.5,536.58,536.5,536.58,0.01,188.43,100155.39,1
2024-08-13,2024-08-13 14:41:00,536.58,536.65,536.58,536.65,0.01,188.43,100155.39,1
2024-08-13,2024-08-13 14:42:00,536.65,536.73,536.65,536.73,0.01,188.43,100155.39,1
2024-08-13,2024-08-13 14:43:00,536.73,536.8,536.73,536.8,0.01,188.43,100155.39,1
2024-08-13,2024-08-13 14:44:00,536.8,536.88,536.8,536.88,0.01,188.43,100155.39,1
2024-08-13,2024-08-13 14:45:00,536.88,536.95,536.88,536.95,0.01,188.43,100155.39,1
2024-08-13,2024-08-13 14:46:00,536.95,537.02,536.95,537.02,0.01,188.43,100155.39,1
2024-08-13,2024-08-13 14:47:00,537.02,537.1,537.02,537.1,0.01,188.43,100155.39,1
2024-08-13,2024-08-13 14:48:00,537.1,537.17,537.1,537.17,0.01,188.43,100155.39,1
2024-08-13,2024-08-13 14:49:00,537.17,537.25,537.17,537.25,0.01,188.43,100155.39,1
2024-08-13,2024-08-13 14:50:00,537.25,537.33,537.25,537.33,0.01,188.43,100155.39,1
2024-08-13,2024-08-13 14:51:00,537.33,537.4,537.33,537.4,0.01,188.43,100155.39,1
2024-08-13,2024-08-13 14:52:00,537.4,537.48,537.4,537.48,0.01,188.43,100155.39,1
2024-08-13,2024-08-13 14:53:00,537.48,537.55,537.48,537.55,0.01,188.43,100155.39,1
2024-08-13,2024-08-13 14:54:00,537.55,537.62,537.55,537.62,0.01,188.43,100155.39,1
2024-08-13,2024-08-13 14:55:00,537.62,537.7,537.62,537.7,0.01,188.43,100155.39,1
2024-08-13,2024-08-13 14:56:00,537.7,537.77,537.7,537.77,0.01,188.43,100155.39,1
2024-08-13,2024-08-13 14:57:00,537.77,537.85,537.77,537.85,0.01,188.43,100155.39,1
2024-08-13,2024-08-13 14:58:00,537.85,537.92,537.85,537.92,0.01,188.43,100155.39,1
2024-08-13,2024-08-13 14:59:00,537.92,538.0,537.92,538.0,0.01,188.43,100155.39,1
2024-08-13,2024-08-13 15:00:00,538.0,550.8,511.1,538.0,0.0,188.43,100155.39,0
2024-08-14,2024-08-14 11:00:00,538.0,540.1,531.1,538.01,0.0,116.84,62762.06,1
2024-08-14,2024-08-14 11:01:00,538.01,538.02,538.01,538.02,0.0,116.84,62762.06,1
2024-08-14,2024-08-14 11:02:00,538.02,538.02,538.02,538.02,0.0,116.84,62762.06,0
2024-08-14,2024-08-14 11:03:00,538.02,538.03,538.02,538.03,0.0,116.84,62762.06,1
2024-08-14,2024-08-14 11:04:00,538.03,538.04,538.03,538.04,0.0,116.84,62762.06,1
2024-08-14,2024-08-14 11:05:00,538.04,538.05,538.04,538.05,0.0,116.84,62762.06,1
2024-08-14,2024-08-14 11:06:00,538.05,538.06,538.05,538.06,0.0,116.84,62762.06,1
2024-08-14,2024-08-14 11:07:00,538.06,538.06,538.06,538.06,0.0,116.84,62762.06,0
2024-08-14,2024-08-14 11:08:00,538.06,538.07,538.06,538.07,0.0,116.84,62762.06,1
2024-08-14,2024-08-14 11:09:00,538.07,538.08,538.07,538.08,0.0,116.84,62762.06,1
2024-08-14,2024-08-14 11:10:00,538.08,538.09,538.08,538.09,0.0,116.84,62762.06,1
2024-08-14,2024-08-14 11:11:00,538.09,538.1,538.09,538.1,0.0,116.84,62762.06,1
2024-08-14,2024-08-14 11:12:00,538.1,538.1,538.1,538.1,0.0,116.84,62762.06,0
2024-08-14,2024-08-14 11:13:00,538.1,538.11,538.1,538.11,0.0,116.84,62762.06,1
2024-08-14,2024-08-14 11:14:00,538.11,538.12,538.11,538.12,0.0,116.84,62762.06,1
2024-08-14,2024-08-14 11:15:00,538.12,538.13,538.12,538.13,0.0,116.84,62762.06,1
2024-08-14,2024-08-14 11:16:00,538.13,538.13,538.13,538.13,0.0,116.84,62762.06,0
2024-08-14,2024-08-14 11:17:00,538.13,538.14,538.13,538.14,0.0,116.84,62762.06,1
2024-08-14,2024-08-14 11:18:00,538.14,538.15,538.14,538.15,0.0,116.84,62762.06,1
2024-08-14,2024-08-14 11:19:00,538.15,538.16,538.15,538.16,0.0,116.84,62762.06,1
2024-08-14,2024-08-14 11:20:00,538.16,538.17,538.16,538.17,0.0,116.84,62762.06,1
2024-08-14,2024-08-14 11:21:00,538.17,538.17,538.17,538.17,0.0,116.84,62762.06,0
2024-08-14,2024-08-14 11:22:00,538.17,538.18,538.17,538.18,0.0,116.84,62762.06,1
2024-08-14,2024-08-14 11:23:00,538.18,538.19,538.18,538.19,0.0,116.84,62762.06,1
2024-08-14,2024-08-14 11:24:00,538.19,538.2,538.19,538.2,0.0,116.84,62762.06,1
2024-08-14,2024-08-14 11:25:00,538.2,538.21,538.2,538.21,0.0,116.84,62762.06,1
2024-08-14,2024-08-14 11:26:00,538.21,538.21,538.21,538.21,0.0,116.84,62762.06,0
2024-08-14,2024-08-14 11:27:00,538.21,538.22,538.21,538.22,0.0,116.84,62762.06,1
2024-08-14,2024-08-14 11:28:00,538.22,538.23,538.22,538.23,0.0,116.84,62762.06,1
2024-08-14,2024-08-14 11:29:00,538.23,538.24,538.23,538.24,0.0,116.84,62762.06,1
2024-08-14,2024-08-14 11:30:00,538.24,538.25,538.24,538.25,0.0,116.84,62762.06,1
2024-08-14,2024-08-14 11:31:00,538.25,538.25,538.25,538.25,0.0,116.84,62762.06,0
2024-08-14,2024-08-14 11:32:00,538.25,538.26,538.25,538.26,0.0,116.84,62762.06,1
2024-08-14,2024-08-14 11:33:00,538.26,538.27,538.26,538.27,0.0,116.84,62762.06,1
2024-08-14,2024-08-14 11:34:00,538.27,538.28,538.27,538.28,0.0,116.84,62762.06,1
2024-08-14,2024-08-14 11:35:00,538.28,538.28,538.28,538.28,0.0,116.84,62762.06,0
2024-08-14,2024-08-14 11:36:00,538.28,538.29,538.28,538.29,0.0,116.84,62762.06,1
2024-08-14,2024-08-14 11:37:00,538.29,538.3,538.29,538.3,0.0,116.84,62762.06,1
2024-08-14,2024-08-14 11:38:00,538.3,538.31,538.3,538.31,0.0,116.84,62762.06,1
2024-08-14,2024-08-14 11:39:00,538.31,538.32,538.31,538.32,0.0,116.84,62762.06,1
2024-08-14,2024-08-14 11:40:00,538.32,538.32,538.32,538.32,0.0,116.84,62762.06,0
2024-08-14,2024-08-14 11:41:00,538.32,538.33,538.32,538.33,0.0,116.84,62762.06,1
2024-08-14,2024-08-14 11:42:00,538.33,538.34,538.33,538.34,0.0,116.84,62762.06,1
2024-08-14,2024-08-14 11:43:00,538.34,538.35,538.34,538.35,0.0,116.84,62762.06,1
2024-08-14,2024-08-14 11:44:00,538.35,538.36,538.35,538.36,0.0,116.84,62762.06,1
2024-08-14,2024-08-14 11:45:00,538.36,538.36,538.36,538.36,0.0,116.84,62762.06,0
2024-08-14,2024-08-14 11:46:00,538.36,538.37,538.36,538.37,0.0,116.84,62762.06,1
2024-08-14,2024-08-14 11:47:00,538.37,538.38,538.37,538.38,0.0,116.84,62762.06,1
2024-08-14,2024-08-14 11:48:00,538.38,538.39,538.38,538.39,0.0,116.84,62762.06,1
2024-08-14,2024-08-14 11:49:00,538.39,538.4,538.39,538.4,0.0,116.84,62762.06,1
2024-08-14,2024-08-14 11:50:00,538.4,538.4,538.4,538.4,0.0,116.84,62762.06,0
2024-08-14,2024-08-14 11:51:00,538.4,538.41,538.4,538.41,0.0,116.84,62762.06,1
2024-08-14,2024-08-14 11:52:00,538.41,538.42,538.41,538.42,0.0,116.84,62762.06,1
2024-08-14,2024-08-14 11:53:00,538.42,538.43,538.42,538.43,0.0,116.84,62762.06,1
2024-08-14,2024-08-14 11:54:00,538.43,538.44,538.43,538.44,0.0,116.84,62762.06,1
2024-08-14,2024-08-14 11:55:00,538.44,538.44,538.44,538.44,0.0,116.84,62762.06,0
2024-08-14,2024-08-14 11:56:00,538.44,538.45,538.44,538.45,0.0,116.84,62762.06,1
2024-08-14,2024-08-14 11:57:00,538.45,538.46,538.45,538.46,0.0,116.84,62762.06,1
2024-08-14,2024-08-14 11:58:00,538.46,538.47,538.46,538.47,0.0,116.84,62762.06,1
2024-08-14,2024-08-14 11:59:00,538.47,538.48,538.47,538.48,0.0,116.84,62762.06,1
2024-08-14,2024-08-14 12:00:00,538.48,538.48,538.48,538.48,0.0,116.84,62762.06,0
2024-08-14,2024-08-14 12:01:00,538.48,538.49,538.48,538.49,0.0,116.84,62762.06,1
2024-08-14,2024-08-14 12:02:00,538.49,538.5,538.49,538.5,0.0,116.84,62762.06,1
2024-08-14,2024-08-14 12:03:00,538.5,538.51,538.5,538.51,0.0,116.84,62762.06,1
2024-08-14,2024-08-14 12:04:00,538.51,538.51,538.51,538.51,0.0,116.84,62762.06,0
2024-08-14,2024-08-14 12:05:00,538.51,538.52,538.51,538.52,0.0,116.84,62762.06,1
2024-08-14,2024-08-14 12:06:00,538.52,538.53,538.52,538.53,0.0,116.84,62762.06,1
2024-08-14,2024-08-14 12:07:00,538.53,538.54,538.53,538.54,0.0,116.84,62762.06,1
2024-08-14,2024-08-14 12:08:00,538.54,538.55,538.54,538.55,0.0,116.84,62762.06,1
2024-08-14,2024-08-14 12:09:00,538.55,538.55,538.55,538.55,0.0,116.84,62762.06,0
2024-08-14,2024-08-14 12:10:00,538.55,538.56,538.55,538.56,0.0,116.84,62762.06,1
2024-08-14,2024-08-14 12:11:00,538.56,538.57,538.56,538.57,0.0,116.84,62762.06,1
2024-08-14,2024-08-14 12:12:00,538.57,538.58,538.57,538.58,0.0,116.84,62762.06,1
2024-08-14,2024-08-14 12:13:00,538.58,538.59,538.58,538.59,0.0,116.84,62762.06,1
2024-08-14,2024-08-14 12:14:00,538.59,538.59,538.59,538.59,0.0,116.84,62762.06,0
2024-08-14,2024-08-14 12:15:00,538.59,538.6,538.59,538.6,0.0,116.84,62762.06,1
2024-08-14,2024-08-14 12:16:00,538.6,538.61,538.6,538.61,0.0,116.84,62762.06,1
2024-08-14,2024-08-14 12:17:00,538.61,538.62,538.61,538.62,0.0,116.84,62762.06,1
2024-08-14,2024-08-14 12:18:00,538.62,538.63,538.62,538.63,0.0,116.84,62762.06,1
2024-08-14,2024-08-14 12:19:00,538.63,538.63,538.63,538.63,0.0,116.84,62762.06,0
2024-08-14,2024-08-14 12:20:00,538.63,538.64,538.63,538.64,0.0,116.84,62762.06,1
2024-08-14,2024-08-14 12:21:00,538.64,538.65,538.64,538.65,0.0,116.84,62762.06,1
2024-08-14,2024-08-14 12:22:00,538.65,538.66,538.65,538.66,0.0,116.84,62762.06,1
2024-08-14,2024-08-14 12:23:00,538.66,538.66,538.66,538.66,0.0,116.84,62762.06,0
2024-08-14,2024-08-14 12:24:00,538.66,538.67,538.66,538.67,0.0,116.84,62762.06,1
2024-08-14,2024-08-14 12:25:00,538.67,538.68,538.67,538.68,0.0,116.84,62762.06,1
2024-08-14,2024-08-14 12:26:00,538.68,538.69,538.68,538.69,0.0,116.84,62762.06,1
2024-08-14,2024-08-14 12:27:00,538.69,538.7,538.69,538.7,0.0,116.84,62762.06,1
2024-08-14,2024-08-14 12:28:00,538.7,538.7,538.7,538.7,0.0,116.84,62762.06,0
2024-08-14,2024-08-14 12:29:00,538.7,538.71,538.7,538.71,0.0,116.84,62762.06,1
2024-08-14,2024-08-14 12:30:00,538.71,538.72,538.71,538.72,0.0,116.84,62762.06,1
2024-08-14,2024-08-14 12:31:00,538.72,538.73,538.72,538.73,0.0,116.84,62762.06,1
2024-08-14,2024-08-14 12:32:00,538.73,538.74,538.73,538.74,0.0,116.84,62762.06,1
2024-08-14,2024-08-14 12:33:00,538.74,538.74,538.74,538.74,0.0,116.84,62762.06,0
2024-08-14,2024-08-14 12:34:00,538.74,538.75,538.74,538.75,0.0,116.84,62762.06,1
2024-08-14,2024-08-14 12:35:00,538.75,538.76,538.75,538.76,0.0,116.84,62762.06,1
2024-08-14,2024-08-14 12:36:00,538.76,538.77,538.76,538.77,0.0,116.84,62762.06,1
2024-08-14,2024-08-14 12:37:00,538.77,538.78,538.77,538.78,0.0,116.84,62762.06,1
2024-08-14,2024-08-14 12:38:00,538.78,538.78,538.78,538.78,0.0,116.84,62762.06,0
2024-08-14,2024-08-14 12:39:00,538.78,538.79,538.78,538.79,0.0,116.84,62762.06,1
2024-08-14,2024-08-14 12:40:00,538.79,538.8,538.79,538.8,0.0,116.84,62762.06,1
2024-08-14,2024-08-14 12:41:00,538.8,538.81,538.8,538.81,0.0,116.84,62762.06,1
2024-08-14,2024-08-14 12:42:00,538.81,538.82,538.81,538.82,0.0,116.84,62762.06,1
2024-08-14,2024-08-14 12:43:00,538.82,538.82,538.82,538.82,0.0,116.84,62762.06,0
2024-08-14,2024-08-14 12:44:00,538.82,538.83,538.82,538.83,0.0,116.84,62762.06,1
2024-08-14,2024-08-14 12:45:00,538.83,538.84,538.83,538.84,0.0,116.84,62762.06,1
2024-08-14,2024-08-14 12:46:00,538.84,538.85,538.84,538.85,0.0,116.84,62762.06,1
2024-08-14,2024-08-14 12:47:00,538.85,538.86,538.85,538.86,0.0,116.84,62762.06,1
2024-08-14,2024-08-14 12:48:00,538.86,538.86,538.86,538.86,0.0,116.84,62762.06,0
2024-08-14,2024-08-14 12:49:00,538.86,538.87,538.86,538.87,0.0,116.84,62762.06,1
2024-08-14,2024-08-14 12:50:00,538.87,538.88,538.87,538.88,0.0,116.84,62762.06,1
2024-08-14,2024-08-14 12:51:00,538.88,538.89,538.88,538.89,0.0,116.84,62762.06,1
2024-08-14,2024-08-14 12:52:00,538.89,538.89,538.89,538.89,0.0,116.84,62762.06,0
2024-08-14,2024-08-14 12:53:00,538.89,538.9,538.89,538.9,0.0,116.84,62762.06,1
2024-08-14,2024-08-14 12:54:00,538.9,538.91,538.9,538.91,0.0,116.84,62762.06,1
2024-08-14,2024-08-14 12:55:00,538.91,538.92,538.91,538.92,0.0,116.84,62762.06,1
2024-08-14,2024-08-14 12:56:00,538.92,538.93,538.92,538.93,0.0,116.84,62762.06,1
2024-08-14,2024-08-14 12:57:00,538.93,538.93,538.93,538.93,0.0,116.84,62762.06,0
2024-08-14,2024-08-14 12:58:00,538.93,538.94,538.93,538.94,0.0,116.84,62762.06,1
2024-08-14,2024-08-14 12:59:00,538.94,538.95,538.94,538.95,0.0,116.84,62762.06,1
2024-08-14,2024-08-14 13:00:00,538.95,545.0,515.0,538.96,0.0,116.84,62762.06,1
2024-08-14,2024-08-14 13:01:00,538.96,538.97,538.96,538.97,0.0,116.84,62762.06,1
2024-08-14,2024-08-14 13:02:00,538.97,538.97,538.97,538.97,0.0,116.84,62762.06,0
2024-08-14,2024-08-14 13:03:00,538.97,538.98,538.97,538.98,0.0,116.84,62762.06,1
2024-08-14,2024-08-14 13:04:00,538.98,538.99,538.98,538.99,0.0,116.84,62762.06,1
2024-08-14,2024-08-14 13:05:00,538.99,539.0,538.99,539.0,0.0,116.84,62762.06,1
2024-08-14,2024-08-14 13:06:00,539.0,539.01,539.0,539.01,0.0,116.84,62762.06,1
2024-08-14,2024-08-14 13:07:00,539.01,539.01,539.01,539.01,0.0,116.84,62762.06,0
2024-08-14,2024-08-14 13:08:00,539.01,539.02,539.01,539.02,0.0,116.84,62762.06,1
2024-08-14,2024-08-14 13:09:00,539.02,539.03,539.02,539.03,0.0,116.84,62762.06,1
2024-08-14,2024-08-14 13:10:00,539.03,539.04,539.03,539.04,0.0,116.84,62762.06,1
2024-08-14,2024-08-14 13:11:00,539.04,539.04,539.04,539.04,0.0,116.84,62762.06,0
2024-08-14,2024-08-14 13:12:00,539.04,539.05,539.04,539.05,0.0,116.84,62762.06,1
2024-08-14,2024-08-14 13:13:00,539.05,539.06,539.05,539.06,0.0,116.84,62762.06,1
2024-08-14,2024-08-14 13:14:00,539.06,539.07,539.06,539.07,0.0,116.84,62762.06,1
2024-08-14,2024-08-14 13:15:00,539.07,539.08,539.07,539.08,0.0,116.84,62762.06,1
2024-08-14,2024-08-14 13:16:00,539.08,539.08,539.08,539.08,0.0,116.84,62762.06,0
2024-08-14,2024-08-14 13:17:00,539.08,539.09,539.08,539.09,0.0,116.84,62762.06,1
2024-08-14,2024-08-14 13:18:00,539.09,539.1,539.09,539.1,0.0,116.84,62762.06,1
2024-08-14,2024-08-14 13:19:00,539.1,539.11,539.1,539.11,0.0,116.84,62762.06,1
2024-08-14,2024-08-14 13:20:00,539.11,539.12,539.11,539.12,0.0,116.84,62762.06,1
2024-08-14,2024-08-14 13:21:00,539.12,539.12,539.12,539.12,0.0,116.84,62762.06,0
2024-08-14,2024-08-14 13:22:00,539.12,539.13,539.12,539.13,0.0,116.84,62762.06,1
2024-08-14,2024-08-14 13:23:00,539.13,539.14,539.13,539.14,0.0,116.84,62762.06,1
2024-08-14,2024-08-14 13:24:00,539.14,539.15,539.14,539.15,0.0,116.84,62762.06,1
2024-08-14,2024-08-14 13:25:00,539.15,539.16,539.15,539.16,0.0,116.84,62762.06,1
2024-08-14,2024-08-14 13:26:00,539.16,539.16,539.16,539.16,0.0,116.84,62762.06,0
2024-08-14,2024-08-14 13:27:00,539.16,539.17,539.16,539.17,0.0,116.84,62762.06,1
2024-08-14,2024-08-14 13:28:00,539.17,539.18,539.17,539.18,0.0,116.84,62762.06,1
2024-08-14,2024-08-14 13:29:00,539.18,539.19,539.18,539.19,0.0,116.84,62762.06,1
2024-08-14,2024-08-14 13:30:00,539.19,539.2,539.19,539.2,0.0,116.84,62762.06,1
2024-08-14,2024-08-14 13:31:00,539.2,539.2,539.2,539.2,0.0,116.84,62762.06,0
2024-08-14,2024-08-14 13:32:00,539.2,539.21,539.2,539.21,0.0,116.84,62762.06,1
2024-08-14,2024-08-14 13:33:00,539.21,539.22,539.21,539.22,0.0,116.84,62762.06,1
2024-08-14,2024-08-14 13:34:00,539.22,539.23,539.22,539.23,0.0,116.84,62762.06,1
2024-08-14,2024-08-14 13:35:00,539.23,539.24,539.23,539.24,0.0,116.84,62762.06,1
2024-08-14,2024-08-14 13:36:00,539.24,539.24,539.24,539.24,0.0,116.84,62762.06,0
2024-08-14,2024-08-14 13:37:00,539.24,539.25,539.24,539.25,0.0,116.84,62762.06,1
2024-08-14,2024-08-14 13:38:00,539.25,539.26,539.25,539.26,0.0,116.84,62762.06,1
2024-08-14,2024-08-14 13:39:00,539.26,539.27,539.26,539.27,0.0,116.84,62762.06,1
2024-08-14,2024-08-14 13:40:00,539.27,539.27,539.27,539.27,0.0,116.84,62762.06,0
2024-08-14,2024-08-14 13:41:00,539.27,539.28,539.27,539.28,0.0,116.84,62762.06,1
2024-08-14,2024-08-14 13:42:00,539.28,539.29,539.28,539.29,0.0,116.84,62762.06,1
2024-08-14,2024-08-14 13:43:00,539.29,539.3,539.29,539.3,0.0,116.84,62762.06,1
2024-08-14,2024-08-14 13:44:00,539.3,539.31,539.3,539.31,0.0,116.84,62762.06,1
2024-08-14,2024-08-14 13:45:00,539.31,539.31,539.31,539.31,0.0,116.84,62762.06,0
2024-08-14,2024-08-14 13:46:00,539.31,539.32,539.31,539.32,0.0,116.84,62762.06,1
2024-08-14,2024-08-14 13:47:00,539.32,539.33,539.32,539.33,0.0,116.84,62762.06,1
2024-08-14,2024-08-14 13:48:00,539.33,539.34,539.33,539.34,0.0,116.84,62762.06,1
2024-08-14,2024-08-14 13:49:00,539.34,539.35,539.34,539.35,0.0,116.84,62762.06,1
2024-08-14,2024-08-14 13:50:00,539.35,539.35,539.35,539.35,0.0,116.84,62762.06,0
2024-08-14,2024-08-14 13:51:00,539.35,539.36,539.35,539.36,0.0,116.84,62762.06,1
2024-08-14,2024-08-14 13:52:00,539.36,539.37,539.36,539.37,0.0,116.84,62762.06,1
2024-08-14,2024-08-14 13:53:00,539.37,539.38,539.37,539.38,0.0,116.84,62762.06,1
2024-08-14,2024-08-14 13:54:00,539.38,539.39,539.38,539.39,0.0,116.84,62762.06,1
2024-08-14,2024-08-14 13:55:00,539.39,539.39,539.39,539.39,0.0,116.84,62762.06,0
2024-08-14,2024-08-14 13:56:00,539.39,539.4,539.39,539.4,0.0,116.84,62762.06,1
2024-08-14,2024-08-14 13:57:00,539.4,539.41,539.4,539.41,0.0,116.84,62762.06,1
2024-08-14,2024-08-14 13:58:00,539.41,539.42,539.41,539.42,0.0,116.84,62762.06,1
2024-08-14,2024-08-14 13:59:00,539.42,539.42,539.42,539.42,0.0,116.84,62762.06,0
2024-08-14,2024-08-14 14:00:00,539.42,539.43,539.42,539.43,0.0,116.84,62762.06,1
2024-08-14,2024-08-14 14:01:00,539.43,539.44,539.43,539.44,0.0,116.84,62762.06,1
2024-08-14,2024-08-14 14:02:00,539.44,539.45,539.44,539.45,0.0,116.84,62762.06,1
2024-08-14,2024-08-14 14:03:00,539.45,539.46,539.45,539.46,0.0,116.84,62762.06,1
2024-08-14,2024-08-14 14:04:00,539.46,539.46,539.46,539.46,0.0,116.84,62762.06,0
2024-08-14,2024-08-14 14:05:00,539.46,539.47,539.46,539.47,0.0,116.84,62762.06,1
2024-08-14,2024-08-14 14:06:00,539.47,539.48,539.47,539.48,0.0,116.84,62762.06,1
2024-08-14,2024-08-14 14:07:00,539.48,539.49,539.48,539.49,0.0,116.84,62762.06,1
2024-08-14,2024-08-14 14:08:00,539.49,539.5,539.49,539.5,0.0,116.84,62762.06,1
2024-08-14,2024-08-14 14:09:00,539.5,539.5,539.5,539.5,0.0,116.84,62762.06,0
2024-08-14,2024-08-14 14:10:00,539.5,539.51,539.5,539.51,0.0,116.84,62762.06,1
2024-08-14,2024-08-14 14:11:00,539.51,539.52,539.51,539.52,0.0,116.84,62762.06,1
2024-08-14,2024-08-14 14:12:00,539.52,539.53,539.52,539.53,0.0,116.84,62762.06,1
2024-08-14,2024-08-14 14:13:00,539.53,539.54,539.53,539.54,0.0,116.84,62762.06,1
2024-08-14,2024-08-14 14:14:00,539.54,539.54,539.54,539.54,0.0,116.84,62762.06,0
2024-08-14,2024-08-14 14:15:00,539.54,539.55,539.54,539.55,0.0,116.84,62762.06,1
2024-08-14,2024-08-14 14:16:00,539.55,539.56,539.55,539.56,0.0,116.84,62762.06,1
2024-08-14,2024-08-14 14:17:00,539.56,539.57,539.56,539.57,0.0,116.84,62762.06,1
2024-08-14,2024-08-14 14:18:00,539.57,539.58,539.57,539.58,0.0,116.84,62762.06,1
2024-08-14,2024-08-14 14:19:00,539.58,539.58,539.58,539.58,0.0,116.84,62762.06,0
2024-08-14,2024-08-14 14:20:00,539.58,539.59,539.58,539.59,0.0,116.84,62762.06,1
2024-08-14,2024-08-14 14:21:00,539.59,539.6,539.59,539.6,0.0,116.84,62762.06,1
2024-08-14,2024-08-14 14:22:00,539.6,539.61,539.6,539.61,0.0,116.84,62762.06,1
2024-08-14,2024-08-14 14:23:00,539.61,539.62,539.61,539.62,0.0,116.84,62762.06,1
2024-08-14,2024-08-14 14:24:00,539.62,539.62,539.62,539.62,0.0,116.84,62762.06,0
2024-08-14,2024-08-14 14:25:00,539.62,539.63,539.62,539.63,0.0,116.84,62762.06,1
2024-08-14,2024-08-14 14:26:00,539.63,539.64,539.63,539.64,0.0,116.84,62762.06,1
2024-08-14,2024-08-14 14:27:00,539.64,539.65,539.64,539.65,0.0,116.84,62762.06,1
2024-08-14,2024-08-14 14:28:00,539.65,539.65,539.65,539.65,0.0,116.84,62762.06,0
2024-08-14,2024-08-14 14:29:00,539.65,539.66,539.65,539.66,0.0,116.84,62762.06,1
2024-08-14,2024-08-14 14:30:00,539.66,539.67,539.66,539.67,0.0,116.84,62762.06,1
2024-08-14,2024-08-14 14:31:00,539.67,539.68,539.67,539.68,0.0,116.84,62762.06,1
2024-08-14,2024-08-14 14:32:00,539.68,539.69,539.68,539.69,0.0,116.84,62762.06,1
2024-08-14,2024-08-14 14:33:00,539.69,539.69,539.69,539.69,0.0,116.84,62762.06,0
2024-08-14,2024-08-14 14:34:00,539.69,539.7,539.69,539.7,0.0,116.84,62762.06,1
2024-08-14,2024-08-14 14:35:00,539.7,539.71,539.7,539.71,0.0,116.84,62762.06,1
2024-08-14,2024-08-14 14:36:00,539.71,539.72,539.71,539.72,0.0,116.84,62762.06,1
2024-08-14,2024-08-14 14:37:00,539.72,539.73,539.72,539.73,0.0,116.84,62762.06,1
2024-08-14,2024-08-14 14:38:00,539.73,539.73,539.73,539.73,0.0,116.84,62762.06,0
2024-08-14,2024-08-14 14:39:00,539.73,539.74,539.73,539.74,0.0,116.84,62762.06,1
2024-08-14,2024-08-14 14:40:00,539.74,539.75,539.74,539.75,0.0,116.84,62762.06,1
2024-08-14,2024-08-14 14:41:00,539.75,539.76,539.75,539.76,0.0,116.84,62762.06,1
2024-08-14,2024-08-14 14:42:00,539.76,539.77,539.76,539.77,0.0,116.84,62762.06,1
2024-08-14,2024-08-14 14:43:00,539.77,539.77,539.77,539.77,0.0,116.84,62762.06,0
2024-08-14,2024-08-14 14:44:00,539.77,539.78,539.77,539.78,0.0,116.84,62762.06,1
2024-08-14,2024-08-14 14:45:00,539.78,539.79,539.78,539.79,0.0,116.84,62762.06,1
2024-08-14,2024-08-14 14:46:00,539.79,539.8,539.79,539.8,0.0,116.84,62762.06,1
2024-08-14,2024-08-14 14:47:00,539.8,539.8,539.8,539.8,0.0,116.84,62762.06,0
2024-08-14,2024-08-14 14:48:00,539.8,539.81,539.8,539.81,0.0,116.84,62762.06,1
2024-08-14,2024-08-14 14:49:00,539.81,539.82,539.81,539.82,0.0,116.84,62762.06,1
2024-08-14,2024-08-14 14:50:00,539.82,539.83,539.82,539.83,0.0,116.84,62762.06,1
2024-08-14,2024-08-14 14:51:00,539.83,539.84,539.83,539.84,0.0,116.84,62762.06,1
2024-08-14,2024-08-14 14:52:00,539.84,539.84,539.84,539.84,0.0,116.84,62762.06,0
2024-08-14,2024-08-14 14:53:00,539.84,539.85,539.84,539.85,0.0,116.84,62762.06,1
2024-08-14,2024-08-14 14:54:00,539.85,539.86,539.85,539.86,0.0,116.84,62762.06,1
2024-08-14,2024-08-14 14:55:00,539.86,539.87,539.86,539.87,0.0,116.84,62762.06,1
2024-08-14,2024-08-14 14:56:00,539.87,539.88,539.87,539.88,0.0,116.84,62762.06,1
2024-08-14,2024-08-14 14:57:00,539.88,539.88,539.88,539.88,0.0,116.84,62762.06,0
2024-08-14,2024-08-14 14:58:00,539.88,539.89,539.88,539.89,0.0,116.84,62762.06,1
2024-08-14,2024-08-14 14:59:00,539.89,539.9,539.89,539.9,0.0,116.84,62762.06,1
2024-08-14,2024-08-14 15:00:00,539.9,545.0,515.0,539.9,0.0,116.84,62762.06,0
2024-08-15,2024-08-15 11:00:00,538.0,541.6,535.93,537.99,-0.0,108.33,58708.31,-1
2024-08-15,2024-08-15 11:01:00,537.99,537.99,537.98,537.98,-0.0,108.33,58708.31,-1
2024-08-15,2024-08-15 11:02:00,537.98,537.98,537.98,537.98,0.0,108.33,58708.31,0
2024-08-15,2024-08-15 11:03:00,537.98,537.98,537.97,537.97,-0.0,108.33,58708.31,-1
2024-08-15,2024-08-15 11:04:00,537.97,537.97,537.96,537.96,-0.0,108.33,58708.31,-1
2024-08-15,2024-08-15 11:05:00,537.96,537.96,537.95,537.95,-0.0,108.33,58708.31,-1
2024-08-15,2024-08-15 11:06:00,537.95,537.95,537.94,537.94,-0.0,108.33,58708.31,-1
2024-08-15,2024-08-15 11:07:00,537.94,537.94,537.93,537.93,-0.0,108.33,58708.31,-1
2024-08-15,2024-08-15 11:08:00,537.93,537.93,537.92,537.92,-0.0,108.33,58708.31,-1
2024-08-15,2024-08-15 11:09:00,537.92,537.92,537.92,537.92,0.0,108.33,58708.31,0
2024-08-15,2024-08-15 11:10:00,537.92,537.92,537.91,537.91,-0.0,108.33,58708.31,-1
2024-08-15,2024-08-15 11:11:00,537.91,537.91,537.9,537.9,-0.0,108.33,58708.31,-1
2024-08-15,2024-08-15 11:12:00,537.9,537.9,537.89,537.89,-0.0,108.33,58708.31,-1
2024-08-15,2024-08-15 11:13:00,537.89,537.89,537.88,537.88,-0.0,108.33,58708.31,-1
2024-08-15,2024-08-15 11:14:00,537.88,537.88,537.88,537.88,0.0,108.33,58708.31,0
2024-08-15,2024-08-15 11:15:00,537.88,537.88,537.87,537.87,-0.0,108.33,58708.31,-1
2024-08-15,2024-08-15 11:16:00,537.87,537.87,537.86,537.86,-0.0,108.33,58708.31,-1
2024-08-15,2024-08-15 11:17:00,537.86,537.86,537.85,537.85,-0.0,108.33,58708.31,-1
2024-08-15,2024-08-15 11:18:00,537.85,537.85,537.84,537.84,-0.0,108.33,58708.31,-1
2024-08-15,2024-08-15 11:19:00,537.84,537.84,537.83,537.83,-0.0,108.33,58708.31,-1
2024-08-15,2024-08-15 11:20:00,537.83,537.83,537.83,537.83,0.0,108.33,58708.31,0
2024-08-15,2024-08-15 11:21:00,537.83,537.83,537.82,537.82,-0.0,108.33,58708.31,-1
2024-08-15,2024-08-15 11:22:00,537.82,537.82,537.81,537.81,-0.0,108.33,58708.31,-1
2024-08-15,2024-08-15 11:23:00,537.81,537.81,537.8,537.8,-0.0,108.33,58708.31,-1
2024-08-15,2024-08-15 11:24:00,537.8,537.8,537.79,537.79,-0.0,108.33,58708.31,-1
2024-08-15,2024-08-15 11:25:00,537.79,537.79,537.78,537.78,-0.0,108.33,58708.31,-1
2024-08-15,2024-08-15 11:26:00,537.78,537.78,537.77,537.77,-0.0,108.33,58708.31,-1
2024-08-15,2024-08-15 11:27:00,537.77,537.77,537.77,537.77,0.0,108.33,58708.31,0
2024-08-15,2024-08-15 11:28:00,537.77,537.77,537.76,537.76,-0.0,108.33,58708.31,-1
2024-08-15,2024-08-15 11:29:00,537.76,537.76,537.75,537.75,-0.0,108.33,58708.31,-1
2024-08-15,2024-08-15 11:30:00,537.75,537.75,537.74,537.74,-0.0,108.33,58708.31,-1
2024-08-15,2024-08-15 11:31:00,537.74,537.74,537.73,537.73,-0.0,108.33,58708.31,-1
2024-08-15,2024-08-15 11:32:00,537.73,537.73,537.73,537.73,0.0,108.33,58708.31,0
2024-08-15,2024-08-15 11:33:00,537.73,537.73,537.72,537.72,-0.0,108.33,58708.31,-1
2024-08-15,2024-08-15 11:34:00,537.72,537.72,537.71,537.71,-0.0,108.33,58708.31,-1
2024-08-15,2024-08-15 11:35:00,537.71,537.71,537.7,537.7,-0.0,108.33,58708.31,-1
2024-08-15,2024-08-15 11:36:00,537.7,537.7,537.69,537.69,-0.0,108.33,58708.31,-1
2024-08-15,2024-08-15 11:37:00,537.69,537.69,537.68,537.68,-0.0,108.33,58708.31,-1
2024-08-15,2024-08-15 11:38:00,537.68,537.68,537.67,537.67,-0.0,108.33,58708.31,-1
2024-08-15,2024-08-15 11:39:00,537.67,537.67,537.67,537.67,0.0,108.33,58708.31,0
2024-08-15,2024-08-15 11:40:00,537.67,537.67,537.66,537.66,-0.0,108.33,58708.31,-1
2024-08-15,2024-08-15 11:41:00,537.66,537.66,537.65,537.65,-0.0,108.33,58708.31,-1
2024-08-15,2024-08-15 11:42:00,537.65,537.65,537.64,537.64,-0.0,108.33,58708.31,-1
2024-08-15,2024-08-15 11:43:00,537.64,537.64,537.63,537.63,-0.0,108.33,58708.31,-1
2024-08-15,2024-08-15 11:44:00,537.63,537.63,537.62,537.62,-0.0,108.33,58708.31,-1
2024-08-15,2024-08-15 11:45:00,537.62,537.62,537.62,537.62,0.0,108.33,58708.31,0
2024-08-15,2024-08-15 11:46:00,537.62,537.62,537.61,537.61,-0.0,108.33,58708.31,-1
2024-08-15,2024-08-15 11:47:00,537.61,537.61,537.6,537.6,-0.0,108.33,58708.31,-1
2024-08-15,2024-08-15 11:48:00,537.6,537.6,537.59,537.59,-0.0,108.33,58708.31,-1
2024-08-15,2024-08-15 11:49:00,537.59,537.59,537.58,537.58,-0.0,108.33,58708.31,-1
2024-08-15,2024-08-15 11:50:00,537.58,537.58,537.58,537.58,0.0,108.33,58708.31,0
2024-08-15,2024-08-15 11:51:00,537.58,537.58,537.57,537.57,-0.0,108.33,58708.31,-1
2024-08-15,2024-08-15 11:52:00,537.57,537.57,537.56,537.56,-0.0,108.33,58708.31,-1
2024-08-15,2024-08-15 11:53:00,537.56,537.56,537.55,537.55,-0.0,108.33,58708.31,-1
2024-08-15,2024-08-15 11:54:00,537.55,537.55,537.54,537.54,-0.0,108.33,58708.31,-1
2024-08-15,2024-08-15 11:55:00,537.54,537.54,537.53,537.53,-0.0,108.33,58708.31,-1
2024-08-15,2024-08-15 11:56:00,537.53,537.53,537.52,537.52,-0.0,108.33,58708.31,-1
2024-08-15,2024-08-15 11:57:00,537.52,537.52,537.52,537.52,0.0,108.33,58708.31,0
2024-08-15,2024-08-15 11:58:00,537.52,537.52,537.51,537.51,-0.0,108.33,58708.31,-1
2024-08-15,2024-08-15 11:59:00,537.51,537.51,537.5,537.5,-0.0,108.33,58708.31,-1
2024-08-15,2024-08-15 12:00:00,537.5,537.5,537.49,537.49,-0.0,108.33,58708.31,-1
2024-08-15,2024-08-15 12:01:00,537.49,537.49,537.48,537.48,-0.0,108.33,58708.31,-1
2024-08-15,2024-08-15 12:02:00,537.48,537.48,537.48,537.48,0.0,108.33,58708.31,0
2024-08-15,2024-08-15 12:03:00,537.48,537.48,537.47,537.47,-0.0,108.33,58708.31,-1
2024-08-15,2024-08-15 12:04:00,537.47,537.47,537.46,537.46,-0.0,108.33,58708.31,-1
2024-08-15,2024-08-15 12:05:00,537.46,537.46,537.45,537.45,-0.0,108.33,58708.31,-1
2024-08-15,2024-08-15 12:06:00,537.45,537.45,537.44,537.44,-0.0,108.33,58708.31,-1
2024-08-15,2024-08-15 12:07:00,537.44,537.44,537.43,537.43,-0.0,108.33,58708.31,-1
2024-08-15,2024-08-15 12:08:00,537.43,537.43,537.42,537.42,-0.0,108.33,58708.31,-1
2024-08-15,2024-08-15 12:09:00,537.42,537.42,537.42,537.42,0.0,108.33,58708.31,0
2024-08-15,2024-08-15 12:10:00,537.42,537.42,537.41,537.41,-0.0,108.33,58708.31,-1
2024-08-15,2024-08-15 12:11:00,537.41,537.41,537.4,537.4,-0.0,108.33,58708.31,-1
2024-08-15,2024-08-15 12:12:00,537.4,537.4,537.39,537.39,-0.0,108.33,58708.31,-1
2024-08-15,2024-08-15 12:13:00,537.39,537.39,537.38,537.38,-0.0,108.33,58708.31,-1
2024-08-15,2024-08-15 12:14:00,537.38,537.38,537.38,537.38,0.0,108.33,58708.31,0
2024-08-15,2024-08-15 12:15:00,537.38,537.38,537.37,537.37,-0.0,108.33,58708.31,-1
2024-08-15,2024-08-15 12:16:00,537.37,537.37,537.36,537.36,-0.0,108.33,58708.31,-1
2024-08-15,2024-08-15 12:17:00,537.36,537.36,537.35,537.35,-0.0,108.33,58708.31,-1
2024-08-15,2024-08-15 12:18:00,537.35,537.35,537.34,537.34,-0.0,108.33,58708.31,-1
2024-08-15,2024-08-15 12:19:00,537.34,537.34,537.33,537.33,-0.0,108.33,58708.31,-1
2024-08-15,2024-08-15 12:20:00,537.33,537.33,537.33,537.33,0.0,108.33,58708.31,0
2024-08-15,2024-08-15 12:21:00,537.33,537.33,537.32,537.32,-0.0,108.33,58708.31,-1
2024-08-15,2024-08-15 12:22:00,537.32,537.32,537.31,537.31,-0.0,108.33,58708.31,-1
2024-08-15,2024-08-15 12:23:00,537.31,537.31,537.3,537.3,-0.0,108.33,58708.31,-1
2024-08-15,2024-08-15 12:24:00,537.3,537.3,537.29,537.29,-0.0,108.33,58708.31,-1
2024-08-15,2024-08-15 12:25:00,537.29,537.29,537.28,537.28,-0.0,108.33,58708.31,-1
2024-08-15,2024-08-15 12:26:00,537.28,537.28,537.27,537.27,-0.0,108.33,58708.31,-1
2024-08-15,2024-08-15 12:27:00,537.27,537.27,537.27,537.27,0.0,108.33,58708.31,0
2024-08-15,2024-08-15 12:28:00,537.27,537.27,537.26,537.26,-0.0,108.33,58708.31,-1
2024-08-15,2024-08-15 12:29:00,537.26,537.26,537.25,537.25,-0.0,108.33,58708.31,-1
2024-08-15,2024-08-15 12:30:00,537.25,537.25,537.24,537.24,-0.0,108.33,58708.31,-1
2024-08-15,2024-08-15 12:31:00,537.24,537.24,537.23,537.23,-0.0,108.33,58708.31,-1
2024-08-15,2024-08-15 12:32:00,537.23,537.23,537.23,537.23,0.0,108.33,58708.31,0
2024-08-15,2024-08-15 12:33:00,537.23,537.23,537.22,537.22,-0.0,108.33,58708.31,-1
2024-08-15,2024-08-15 12:34:00,537.22,537.22,537.21,537.21,-0.0,108.33,58708.31,-1
2024-08-15,2024-08-15 12:35:00,537.21,537.21,537.2,537.2,-0.0,108.33,58708.31,-1
2024-08-15,2024-08-15 12:36:00,537.2,537.2,537.19,537.19,-0.0,108.33,58708.31,-1
2024-08-15,2024-08-15 12:37:00,537.19,537.19,537.18,537.18,-0.0,108.33,58708.31,-1
2024-08-15,2024-08-15 12:38:00,537.18,537.18,537.17,537.17,-0.0,108.33,58708.31,-1
2024-08-15,2024-08-15 12:39:00,537.17,537.17,537.17,537.17,0.0,108.33,58708.31,0
2024-08-15,2024-08-15 12:40:00,537.17,537.17,537.16,537.16,-0.0,108.33,58708.31,-1
2024-08-15,2024-08-15 12:41:00,537.16,537.16,537.15,537.15,-0.0,108.33,58708.31,-1
2024-08-15,2024-08-15 12:42:00,537.15,537.15,537.14,537.14,-0.0,108.33,58708.31,-1
2024-08-15,2024-08-15 12:43:00,537.14,537.14,537.13,537.13,-0.0,108.33,58708.31,-1
2024-08-15,2024-08-15 12:44:00,537.13,537.13,537.12,537.12,-0.0,108.33,58708.31,-1
2024-08-15,2024-08-15 12:45:00,537.12,537.12,537.12,537.12,0.0,108.33,58708.31,0
2024-08-15,2024-08-15 12:46:00,537.12,537.12,537.11,537.11,-0.0,108.33,58708.31,-1
2024-08-15,2024-08-15 12:47:00,537.11,537.11,537.1,537.1,-0.0,108.33,58708.31,-1
2024-08-15,2024-08-15 12:48:00,537.1,537.1,537.09,537.09,-0.0,108.33,58708.31,-1
2024-08-15,2024-08-15 12:49:00,537.09,537.09,537.08,537.08,-0.0,108.33,58708.31,-1
2024-08-15,2024-08-15 12:50:00,537.08,537.08,537.08,537.08,0.0,108.33,58708.31,0
2024-08-15,2024-08-15 12:51:00,537.08,537.08,537.07,537.07,-0.0,108.33,58708.31,-1
2024-08-15,2024-08-15 12:52:00,537.07,537.07,537.06,537.06,-0.0,108.33,58708.31,-1
2024-08-15,2024-08-15 12:53:00,537.06,537.06,537.05,537.05,-0.0,108.33,58708.31,-1
2024-08-15,2024-08-15 12:54:00,537.05,537.05,537.04,537.04,-0.0,108.33,58708.31,-1
2024-08-15,2024-08-15 12:55:00,537.04,537.04,537.03,537.03,-0.0,108.33,58708.31,-1
2024-08-15,2024-08-15 12:56:00,537.03,537.03,537.02,537.02,-0.0,108.33,58708.31,-1
2024-08-15,2024-08-15 12:57:00,537.02,537.02,537.02,537.02,0.0,108.33,58708.31,0
2024-08-15,2024-08-15 12:58:00,537.02,537.02,537.01,537.01,-0.0,108.33,58708.31,-1
2024-08-15,2024-08-15 12:59:00,537.01,537.01,537.0,537.0,-0.0,108.33,58708.31,-1
2024-08-15,2024-08-15 13:00:00,537.0,550.0,531.1,536.99,-0.0,108.33,58708.31,-1
2024-08-15,2024-08-15 13:01:00,536.99,536.99,536.98,536.98,-0.0,108.33,58708.31,-1
2024-08-15,2024-08-15 13:02:00,536.98,536.98,536.98,536.98,0.0,108.33,58708.31,0
2024-08-15,2024-08-15 13:03:00,536.98,536.98,536.97,536.97,-0.0,108.33,58708.31,-1
2024-08-15,2024-08-15 13:04:00,536.97,536.97,536.96,536.96,-0.0,108.33,58708.31,-1
2024-08-15,2024-08-15 13:05:00,536.96,536.96,536.95,536.95,-0.0,108.33,58708.31,-1
2024-08-15,2024-08-15 13:06:00,536.95,536.95,536.94,536.94,-0.0,108.33,58708.31,-1
2024-08-15,2024-08-15 13:07:00,536.94,536.94,536.93,536.93,-0.0,108.33,58708.31,-1
2024-08-15,2024-08-15 13:08:00,536.93,536.93,536.92,536.92,-0.0,108.33,58708.31,-1
2024-08-15,2024-08-15 13:09:00,536.92,536.92,536.92,536.92,0.0,108.33,58708.31,0
2024-08-15,2024-08-15 13:10:00,536.92,536.92,536.91,536.91,-0.0,108.33,58708.31,-1
2024-08-15,2024-08-15 13:11:00,536.91,536.91,536.9,536.9,-0.0,108.33,58708.31,-1
2024-08-15,2024-08-15 13:12:00,536.9,536.9,536.89,536.89,-0.0,108.33,58708.31,-1
2024-08-15,2024-08-15 13:13:00,536.89,536.89,536.88,536.88,-0.0,108.33,58708.31,-1
2024-08-15,2024-08-15 13:14:00,536.88,536.88,536.88,536.88,0.0,108.33,58708.31,0
2024-08-15,2024-08-15 13:15:00,536.88,536.88,536.87,536.87,-0.0,108.33,58708.31,-1
2024-08-15,2024-08-15 13:16:00,536.87,536.87,536.86,536.86,-0.0,108.33,58708.31,-1
2024-08-15,2024-08-15 13:17:00,536.86,536.86,536.85,536.85,-0.0,108.33,58708.31,-1
2024-08-15,2024-08-15 13:18:00,536.85,536.85,536.84,536.84,-0.0,108.33,58708.31,-1
2024-08-15,2024-08-15 13:19:00,536.84,536.84,536.83,536.83,-0.0,108.33,58708.31,-1
2024-08-15,2024-08-15 13:20:00,536.83,536.83,536.83,536.83,0.0,108.33,58708.31,0
2024-08-15,2024-08-15 13:21:00,536.83,536.83,536.82,536.82,-0.0,108.33,58708.31,-1
2024-08-15,2024-08-15 13:22:00,536.82,536.82,536.81,536.81,-0.0,108.33,58708.31,-1
2024-08-15,2024-08-15 13:23:00,536.81,536.81,536.8,536.8,-0.0,108.33,58708.31,-1
2024-08-15,2024-08-15 13:24:00,536.8,536.8,536.79,536.79,-0.0,108.33,58708.31,-1
2024-08-15,2024-08-15 13:25:00,536.79,536.79,536.78,536.78,-0.0,108.33,58708.31,-1
2024-08-15,2024-08-15 13:26:00,536.78,536.78,536.77,536.77,-0.0,108.33,58708.31,-1
2024-08-15,2024-08-15 13:27:00,536.77,536.77,536.77,536.77,0.0,108.33,58708.31,0
2024-08-15,2024-08-15 13:28:00,536.77,536.77,536.76,536.76,-0.0,108.33,58708.31,-1
2024-08-15,2024-08-15 13:29:00,536.76,536.76,536.75,536.75,-0.0,108.33,58708.31,-1
2024-08-15,2024-08-15 13:30:00,536.75,536.75,536.74,536.74,-0.0,108.33,58708.31,-1
2024-08-15,2024-08-15 13:31:00,536.74,536.74,536.73,536.73,-0.0,108.33,58708.31,-1
2024-08-15,2024-08-15 13:32:00,536.73,536.73,536.73,536.73,0.0,108.33,58708.31,0
2024-08-15,2024-08-15 13:33:00,536.73,536.73,536.72,536.72,-0.0,108.33,58708.31,-1
2024-08-15,2024-08-15 13:34:00,536.72,536.72,536.71,536.71,-0.0,108.33,58708.31,-1
2024-08-15,2024-08-15 13:35:00,536.71,536.71,536.7,536.7,-0.0,108.33,58708.31,-1
2024-08-15,2024-08-15 13:36:00,536.7,536.7,536.69,536.69,-0.0,108.33,58708.31,-1
2024-08-15,2024-08-15 13:37:00,536.69,536.69,536.68,536.68,-0.0,108.33,58708.31,-1
2024-08-15,2024-08-15 13:38:00,536.68,536.68,536.67,536.67,-0.0,108.33,58708.31,-1
2024-08-15,2024-08-15 13:39:00,536.67,536.67,536.67,536.67,0.0,108.33,58708.31,0
2024-08-15,2024-08-15 13:40:00,536.67,536.67,536.66,536.66,-0.0,108.33,58708.31,-1
2024-08-15,2024-08-15 13:41:00,536.66,536.66,536.65,536.65,-0.0,108.33,58708.31,-1
2024-08-15,2024-08-15 13:42:00,536.65,536.65,536.64,536.64,-0.0,108.33,58708.31,-1
2024-08-15,2024-08-15 13:43:00,536.64,536.64,536.63,536.63,-0.0,108.33,58708.31,-1
2024-08-15,2024-08-15 13:44:00,536.63,536.63,536.62,536.62,-0.0,108.33,58708.31,-1
2024-08-15,2024-08-15 13:45:00,536.62,536.62,536.62,536.62,0.0,108.33,58708.31,0
2024-08-15,2024-08-15 13:46:00,536.62,536.62,536.61,536.61,-0.0,108.33,58708.31,-1
2024-08-15,2024-08-15 13:47:00,536.61,536.61,536.6,536.6,-0.0,108.33,58708.31,-1
2024-08-15,2024-08-15 13:48:00,536.6,536.6,536.59,536.59,-0.0,108.33,58708.31,-1
2024-08-15,2024-08-15 13:49:00,536.59,536.59,536.58,536.58,-0.0,108.33,58708.31,-1
2024-08-15,2024-08-15 13:50:00,536.58,536.58,536.58,536.58,0.0,108.33,58708.31,0
2024-08-15,2024-08-15 13:51:00,536.58,536.58,536.57,536.57,-0.0,108.33,58708.31,-1
2024-08-15,2024-08-15 13:52:00,536.57,536.57,536.56,536.56,-0.0,108.33,58708.31,-1
2024-08-15,2024-08-15 13:53:00,536.56,536.56,536.55,536.55,-0.0,108.33,58708.31,-1
2024-08-15,2024-08-15 13:54:00,536.55,536.55,536.54,536.54,-0.0,108.33,58708.31,-1
2024-08-15,2024-08-15 13:55:00,536.54,536.54,536.53,536.53,-0.0,108.33,58708.31,-1
2024-08-15,2024-08-15 13:56:00,536.53,536.53,536.52,536.52,-0.0,108.33,58708.31,-1
2024-08-15,2024-08-15 13:57:00,536.52,536.52,536.52,536.52,0.0,108.33,58708.31,0
2024-08-15,2024-08-15 13:58:00,536.52,536.52,536.51,536.51,-0.0,108.33,58708.31,-1
2024-08-15,2024-08-15 13:59:00,536.51,536.51,536.5,536.5,-0.0,108.33,58708.31,-1
2024-08-15,2024-08-15 14:00:00,536.5,536.5,536.49,536.49,-0.0,108.33,58708.31,-1
2024-08-15,2024-08-15 14:01:00,536.49,536.49,536.48,536.48,-0.0,108.33,58708.31,-1
2024-08-15,2024-08-15 14:02:00,536.48,536.48,536.48,536.48,0.0,108.33,58708.31,0
2024-08-15,2024-08-15 14:03:00,536.48,536.48,536.47,536.47,-0.0,108.33,58708.31,-1
2024-08-15,2024-08-15 14:04:00,536.47,536.47,536.46,536.46,-0.0,108.33,58708.31,-1
2024-08-15,2024-08-15 14:05:00,536.46,536.46,536.45,536.45,-0.0,108.33,58708.31,-1
2024-08-15,2024-08-15 14:06:00,536.45,536.45,536.44,536.44,-0.0,108.33,58708.31,-1
2024-08-15,2024-08-15 14:07:00,536.44,536.44,536.43,536.43,-0.0,108.33,58708.31,-1
2024-08-15,2024-08-15 14:08:00,536.43,536.43,536.42,536.42,-0.0,108.33,58708.31,-1
2024-08-15,2024-08-15 14:09:00,536.42,536.42,536.42,536.42,0.0,108.33,58708.31,0
2024-08-15,2024-08-15 14:10:00,536.42,536.42,536.41,536.41,-0.0,108.33,58708.31,-1
2024-08-15,2024-08-15 14:11:00,536.41,536.41,536.4,536.4,-0.0,108.33,58708.31,-1
2024-08-15,2024-08-15 14:12:00,536.4,536.4,536.39,536.39,-0.0,108.33,58708.31,-1
2024-08-15,2024-08-15 14:13:00,536.39,536.39,536.38,536.38,-0.0,108.33,58708.31,-1
2024-08-15,2024-08-15 14:14:00,536.38,536.38,536.38,536.38,0.0,108.33,58708.31,0
2024-08-15,2024-08-15 14:15:00,536.38,536.38,536.37,536.37,-0.0,108.33,58708.31,-1
2024-08-15,2024-08-15 14:16:00,536.37,536.37,536.36,536.36,-0.0,108.33,58708.31,-1
2024-08-15,2024-08-15 14:17:00,536.36,536.36,536.35,536.35,-0.0,108.33,58708.31,-1
2024-08-15,2024-08-15 14:18:00,536.35,536.35,536.34,536.34,-0.0,108.33,58708.31,-1
2024-08-15,2024-08-15 14:19:00,536.34,536.34,536.33,536.33,-0.0,108.33,58708.31,-1
2024-08-15,2024-08-15 14:20:00,536.33,536.33,536.33,536.33,0.0,108.33,58708.31,0
2024-08-15,2024-08-15 14:21:00,536.33,536.33,536.32,536.32,-0.0,108.33,58708.31,-1
2024-08-15,2024-08-15 14:22:00,536.32,536.32,536.31,536.31,-0.0,108.33,58708.31,-1
2024-08-15,2024-08-15 14:23:00,536.31,536.31,536.3,536.3,-0.0,108.33,58708.31,-1
2024-08-15,2024-08-15 14:24:00,536.3,536.3,536.29,536.29,-0.0,108.33,58708.31,-1
2024-08-15,2024-08-15 14:25:00,536.29,536.29,536.28,536.28,-0.0,108.33,58708.31,-1
2024-08-15,2024-08-15 14:26:00,536.28,536.28,536.27,536.27,-0.0,108.33,58708.31,-1
2024-08-15,2024-08-15 14:27:00,536.27,536.27,536.27,536.27,0.0,108.33,58708.31,0
2024-08-15,2024-08-15 14:28:00,536.27,536.27,536.26,536.26,-0.0,108.33,58708.31,-1
2024-08-15,2024-08-15 14:29:00,536.26,536.26,536.25,536.25,-0.0,108.33,58708.31,-1
2024-08-15,2024-08-15 14:30:00,536.25,536.25,536.24,536.24,-0.0,108.33,58708.31,-1
2024-08-15,2024-08-15 14:31:00,536.24,536.24,536.23,536.23,-0.0,108.33,58708.31,-1
2024-08-15,2024-08-15 14:32:00,536.23,536.23,536.23,536.23,0.0,108.33,58708.31,0
2024-08-15,2024-08-15 14:33:00,536.23,536.23,536.22,536.22,-0.0,108.33,58708.31,-1
2024-08-15,2024-08-15 14:34:00,536.22,536.22,536.21,536.21,-0.0,108.33,58708.31,-1
2024-08-15,2024-08-15 14:35:00,536.21,536.21,536.2,536.2,-0.0,108.33,58708.31,-1
2024-08-15,2024-08-15 14:36:00,536.2,536.2,536.19,536.19,-0.0,108.33,58708.31,-1
2024-08-15,2024-08-15 14:37:00,536.19,536.19,536.18,536.18,-0.0,108.33,58708.31,-1
2024-08-15,2024-08-15 14:38:00,536.18,536.18,536.17,536.17,-0.0,108.33,58708.31,-1
2024-08-15,2024-08-15 14:39:00,536.17,536.17,536.17,536.17,0.0,108.33,58708.31,0
2024-08-15,2024-08-15 14:40:00,536.17,536.17,536.16,536.16,-0.0,108.33,58708.31,-1
2024-08-15,2024-08-15 14:41:00,536.16,536.16,536.15,536.15,-0.0,108.33,58708.31,-1
2024-08-15,2024-08-15 14:42:00,536.15,536.15,536.14,536.14,-0.0,108.33,58708.31,-1
2024-08-15,2024-08-15 14:43:00,536.14,536.14,536.13,536.13,-0.0,108.33,58708.31,-1
2024-08-15,2024-08-15 14:44:00,536.13,536.13,536.12,536.12,-0.0,108.33,58708.31,-1
2024-08-15,2024-08-15 14:45:00,536.12,536.12,536.12,536.12,0.0,108.33,58708.31,0
2024-08-15,2024-08-15 14:46:00,536.12,536.12,536.11,536.11,-0.0,108.33,58708.31,-1
2024-08-15,2024-08-15 14:47:00,536.11,536.11,536.1,536.1,-0.0,108.33,58708.31,-1
2024-08-15,2024-08-15 14:48:00,536.1,536.1,536.09,536.09,-0.0,108.33,58708.31,-1
2024-08-15,2024-08-15 14:49:00,536.09,536.09,536.08,536.08,-0.0,108.33,58708.31,-1
2024-08-15,2024-08-15 14:50:00,536.08,536.08,536.08,536.08,0.0,108.33,58708.31,0
2024-08-15,2024-08-15 14:51:00,536.08,536.08,536.07,536.07,-0.0,108.33,58708.31,-1
2024-08-15,2024-08-15 14:52:00,536.07,536.07,536.06,536.06,-0.0,108.33,58708.31,-1
2024-08-15,2024-08-15 14:53:00,536.06,536.06,536.05,536.05,-0.0,108.33,58708.31,-1
2024-08-15,2024-08-15 14:54:00,536.05,536.05,536.04,536.04,-0.0,108.33,58708.31,-1
2024-08-15,2024-08-15 14:55:00,536.04,536.04,536.03,536.03,-0.0,108.33,58708.31,-1
2024-08-15,2024-08-15 14:56:00,536.03,536.03,536.02,536.02,-0.0,108.33,58708.31,-1
2024-08-15,2024-08-15 14:57:00,536.02,536.02,536.02,536.02,0.0,108.33,58708.31,0
2024-08-15,2024-08-15 14:58:00,536.02,536.02,536.01,536.01,-0.0,108.33,58708.31,-1
2024-08-15,2024-08-15 14:59:00,536.01,536.01,536.0,536.0,-0.0,108.33,58708.31,-1
2024-08-15,2024-08-15 15:00:00,536.0,550.0,531.1,536.0,0.0,108.33,58708.31,0
2024-08-18,2024-08-18 11:00:00,525.3,528.03,520.41,525.24,-0.01,111.75,58015.45,-1
2024-08-18,2024-08-18 11:01:00,525.24,525.24,525.17,525.17,-0.01,111.75,58015.45,-1
2024-08-18,2024-08-18 11:02:00,525.17,525.17,525.11,525.11,-0.01,111.75,58015.45,-1
2024-08-18,2024-08-18 11:03:00,525.11,525.11,525.04,525.04,-0.01,111.75,58015.45,-1
2024-08-18,2024-08-18 11:04:00,525.04,525.04,524.98,524.98,-0.01,111.75,58015.45,-1
2024-08-18,2024-08-18 11:05:00,524.98,524.98,524.92,524.92,-0.01,111.75,58015.45,-1
2024-08-18,2024-08-18 11:06:00,524.92,524.92,524.85,524.85,-0.01,111.75,58015.45,-1
2024-08-18,2024-08-18 11:07:00,524.85,524.85,524.79,524.79,-0.01,111.75,58015.45,-1
2024-08-18,2024-08-18 11:08:00,524.79,524.79,524.73,524.73,-0.01,111.75,58015.45,-1
2024-08-18,2024-08-18 11:09:00,524.73,524.73,524.66,524.66,-0.01,111.75,58015.45,-1
2024-08-18,2024-08-18 11:10:00,524.66,524.66,524.6,524.6,-0.01,111.75,58015.45,-1
2024-08-18,2024-08-18 11:11:00,524.6,524.6,524.53,524.53,-0.01,111.75,58015.45,-1
2024-08-18,2024-08-18 11:12:00,524.53,524.53,524.47,524.47,-0.01,111.75,58015.45,-1
2024-08-18,2024-08-18 11:13:00,524.47,524.47,524.41,524.41,-0.01,111.75,58015.45,-1
2024-08-18,2024-08-18 11:14:00,524.41,524.41,524.34,524.34,-0.01,111.75,58015.45,-1
2024-08-18,2024-08-18 11:15:00,524.34,524.34,524.28,524.28,-0.01,111.75,58015.45,-1
2024-08-18,2024-08-18 11:16:00,524.28,524.28,524.22,524.22,-0.01,111.75,58015.45,-1
2024-08-18,2024-08-18 11:17:00,524.22,524.22,524.15,524.15,-0.01,111.75,58015.45,-1
2024-08-18,2024-08-18 11:18:00,524.15,524.15,524.09,524.09,-0.01,111.75,58015.45,-1
2024-08-18,2024-08-18 11:19:00,524.09,524.09,524.02,524.02,-0.01,111.75,58015.45,-1
2024-08-18,2024-08-18 11:20:00,524.02,524.02,523.96,523.96,-0.01,111.75,58015.45,-1
2024-08-18,2024-08-18 11:21:00,523.96,523.96,523.9,523.9,-0.01,111.75,58015.45,-1
2024-08-18,2024-08-18 11:22:00,523.9,523.9,523.83,523.83,-0.01,111.75,58015.45,-1
2024-08-18,2024-08-18 11:23:00,523.83,523.83,523.77,523.77,-0.01,111.75,58015.45,-1
2024-08-18,2024-08-18 11:24:00,523.77,523.77,523.71,523.71,-0.01,111.75,58015.45,-1
2024-08-18,2024-08-18 11:25:00,523.71,523.71,523.64,523.64,-0.01,111.75,58015.45,-1
2024-08-18,2024-08-18 11:26:00,523.64,523.64,523.58,523.58,-0.01,111.75,58015.45,-1
2024-08-18,2024-08-18 11:27:00,523.58,523.58,523.51,523.51,-0.01,111.75,58015.45,-1
2024-08-18,2024-08-18 11:28:00,523.51,523.51,523.45,523.45,-0.01,111.75,58015.45,-1
2024-08-18,2024-08-18 11:29:00,523.45,523.45,523.39,523.39,-0.01,111.75,58015.45,-1
2024-08-18,2024-08-18 11:30:00,523.39,523.39,523.32,523.32,-0.01,111.75,58015.45,-1
2024-08-18,2024-08-18 11:31:00,523.32,523.32,523.26,523.26,-0.01,111.75,58015.45,-1
2024-08-18,2024-08-18 11:32:00,523.26,523.26,523.2,523.2,-0.01,111.75,58015.45,-1
2024-08-18,2024-08-18 11:33:00,523.2,523.2,523.13,523.13,-0.01,111.75,58015.45,-1
2024-08-18,2024-08-18 11:34:00,523.13,523.13,523.07,523.07,-0.01,111.75,58015.45,-1
2024-08-18,2024-08-18 11:35:00,523.07,523.07,523.0,523.0,-0.01,111.75,58015.45,-1
2024-08-18,2024-08-18 11:36:00,523.0,523.0,522.94,522.94,-0.01,111.75,58015.45,-1
2024-08-18,2024-08-18 11:37:00,522.94,522.94,522.88,522.88,-0.01,111.75,58015.45,-1
2024-08-18,2024-08-18 11:38:00,522.88,522.88,522.81,522.81,-0.01,111.75,58015.45,-1
2024-08-18,2024-08-18 11:39:00,522.81,522.81,522.75,522.75,-0.01,111.75,58015.45,-1
2024-08-18,2024-08-18 11:40:00,522.75,522.75,522.69,522.69,-0.01,111.75,58015.45,-1
2024-08-18,2024-08-18 11:41:00,522.69,522.69,522.62,522.62,-0.01,111.75,58015.45,-1
2024-08-18,2024-08-18 11:42:00,522.62,522.62,522.56,522.56,-0.01,111.75,58015.45,-1
2024-08-18,2024-08-18 11:43:00,522.56,522.56,522.5,522.5,-0.01,111.75,58015.45,-1
2024-08-18,2024-08-18 11:44:00,522.5,522.5,522.43,522.43,-0.01,111.75,58015.45,-1
2024-08-18,2024-08-18 11:45:00,522.43,522.43,522.37,522.37,-0.01,111.75,58015.45,-1
2024-08-18,2024-08-18 11:46:00,522.37,522.37,522.3,522.3,-0.01,111.75,58015.45,-1
2024-08-18,2024-08-18 11:47:00,522.3,522.3,522.24,522.24,-0.01,111.75,58015.45,-1
2024-08-18,2024-08-18 11:48:00,522.24,522.24,522.18,522.18,-0.01,111.75,58015.45,-1
2024-08-18,2024-08-18 11:49:00,522.18,522.18,522.11,522.11,-0.01,111.75,58015.45,-1
2024-08-18,2024-08-18 11:50:00,522.11,522.11,522.05,522.05,-0.01,111.75,58015.45,-1
2024-08-18,2024-08-18 11:51:00,522.05,522.05,521.99,521.99,-0.01,111.75,58015.45,-1
2024-08-18,2024-08-18 11:52:00,521.99,521.99,521.92,521.92,-0.01,111.75,58015.45,-1
2024-08-18,2024-08-18 11:53:00,521.92,521.92,521.86,521.86,-0.01,111.75,58015.45,-1
2024-08-18,2024-08-18 11:54:00,521.86,521.86,521.79,521.79,-0.01,111.75,58015.45,-1
2024-08-18,2024-08-18 11:55:00,521.79,521.79,521.73,521.73,-0.01,111.75,58015.45,-1
2024-08-18,2024-08-18 11:56:00,521.73,521.73,521.67,521.67,-0.01,111.75,58015.45,-1
2024-08-18,2024-08-18 11:57:00,521.67,521.67,521.6,521.6,-0.01,111.75,58015.45,-1
2024-08-18,2024-08-18 11:58:00,521.6,521.6,521.54,521.54,-0.01,111.75,58015.45,-1
2024-08-18,2024-08-18 11:59:00,521.54,521.54,521.47,521.47,-0.01,111.75,58015.45,-1
2024-08-18,2024-08-18 12:00:00,521.47,521.47,521.41,521.41,-0.01,111.75,58015.45,-1
2024-08-18,2024-08-18 12:01:00,521.41,521.41,521.35,521.35,-0.01,111.75,58015.45,-1
2024-08-18,2024-08-18 12:02:00,521.35,521.35,521.28,521.28,-0.01,111.75,58015.45,-1
2024-08-18,2024-08-18 12:03:00,521.28,521.28,521.22,521.22,-0.01,111.75,58015.45,-1
2024-08-18,2024-08-18 12:04:00,521.22,521.22,521.16,521.16,-0.01,111.75,58015.45,-1
2024-08-18,2024-08-18 12:05:00,521.16,521.16,521.09,521.09,-0.01,111.75,58015.45,-1
2024-08-18,2024-08-18 12:06:00,521.09,521.09,521.03,521.03,-0.01,111.75,58015.45,-1
2024-08-18,2024-08-18 12:07:00,521.03,521.03,520.96,520.96,-0.01,111.75,58015.45,-1
2024-08-18,2024-08-18 12:08:00,520.96,520.96,520.9,520.9,-0.01,111.75,58015.45,-1
2024-08-18,2024-08-18 12:09:00,520.9,520.9,520.84,520.84,-0.01,111.75,58015.45,-1
2024-08-18,2024-08-18 12:10:00,520.84,520.84,520.77,520.77,-0.01,111.75,58015.45,-1
2024-08-18,2024-08-18 12:11:00,520.77,520.77,520.71,520.71,-0.01,111.75,58015.45,-1
2024-08-18,2024-08-18 12:12:00,520.71,520.71,520.65,520.65,-0.01,111.75,58015.45,-1
2024-08-18,2024-08-18 12:13:00,520.65,520.65,520.58,520.58,-0.01,111.75,58015.45,-1
2024-08-18,2024-08-18 12:14:00,520.58,520.58,520.52,520.52,-0.01,111.75,58015.45,-1
2024-08-18,2024-08-18 12:15:00,520.52,520.52,520.45,520.45,-0.01,111.75,58015.45,-1
2024-08-18,2024-08-18 12:16:00,520.45,520.45,520.39,520.39,-0.01,111.75,58015.45,-1
2024-08-18,2024-08-18 12:17:00,520.39,520.39,520.33,520.33,-0.01,111.75,58015.45,-1
2024-08-18,2024-08-18 12:18:00,520.33,520.33,520.26,520.26,-0.01,111.75,58015.45,-1
2024-08-18,2024-08-18 12:19:00,520.26,520.26,520.2,520.2,-0.01,111.75,58015.45,-1
2024-08-18,2024-08-18 12:20:00,520.2,520.2,520.14,520.14,-0.01,111.75,58015.45,-1
2024-08-18,2024-08-18 12:21:00,520.14,520.14,520.07,520.07,-0.01,111.75,58015.45,-1
2024-08-18,2024-08-18 12:22:00,520.07,520.07,520.01,520.01,-0.01,111.75,58015.45,-1
2024-08-18,2024-08-18 12:23:00,520.01,520.01,519.94,519.94,-0.01,111.75,58015.45,-1
2024-08-18,2024-08-18 12:24:00,519.94,519.94,519.88,519.88,-0.01,111.75,58015.45,-1
2024-08-18,2024-08-18 12:25:00,519.88,519.88,519.82,519.82,-0.01,111.75,58015.45,-1
2024-08-18,2024-08-18 12:26:00,519.82,519.82,519.75,519.75,-0.01,111.75,58015.45,-1
2024-08-18,2024-08-18 12:27:00,519.75,519.75,519.69,519.69,-0.01,111.75,58015.45,-1
2024-08-18,2024-08-18 12:28:00,519.69,519.69,519.63,519.63,-0.01,111.75,58015.45,-1
2024-08-18,2024-08-18 12:29:00,519.63,519.63,519.56,519.56,-0.01,111.75,58015.45,-1
2024-08-18,2024-08-18 12:30:00,519.56,519.56,519.5,519.5,-0.01,111.75,58015.45,-1
2024-08-18,2024-08-18 12:31:00,519.5,519.5,519.43,519.43,-0.01,111.75,58015.45,-1
2024-08-18,2024-08-18 12:32:00,519.43,519.43,519.37,519.37,-0.01,111.75,58015.45,-1
2024-08-18,2024-08-18 12:33:00,519.37,519.37,519.31,519.31,-0.01,111.75,58015.45,-1
2024-08-18,2024-08-18 12:34:00,519.31,519.31,519.24,519.24,-0.01,111.75,58015.45,-1
2024-08-18,2024-08-18 12:35:00,519.24,519.24,519.18,519.18,-0.01,111.75,58015.45,-1
2024-08-18,2024-08-18 12:36:00,519.18,519.18,519.12,519.12,-0.01,111.75,58015.45,-1
2024-08-18,2024-08-18 12:37:00,519.12,519.12,519.05,519.05,-0.01,111.75,58015.45,-1
2024-08-18,2024-08-18 12:38:00,519.05,519.05,518.99,518.99,-0.01,111.75,58015.45,-1
2024-08-18,2024-08-18 12:39:00,518.99,518.99,518.92,518.92,-0.01,111.75,58015.45,-1
2024-08-18,2024-08-18 12:40:00,518.92,518.92,518.86,518.86,-0.01,111.75,58015.45,-1
2024-08-18,2024-08-18 12:41:00,518.86,518.86,518.8,518.8,-0.01,111.75,58015.45,-1
2024-08-18,2024-08-18 12:42:00,518.8,518.8,518.73,518.73,-0.01,111.75,58015.45,-1
2024-08-18,2024-08-18 12:43:00,518.73,518.73,518.67,518.67,-0.01,111.75,58015.45,-1
2024-08-18,2024-08-18 12:44:00,518.67,518.67,518.61,518.61,-0.01,111.75,58015.45,-1
2024-08-18,2024-08-18 12:45:00,518.61,518.61,518.54,518.54,-0.01,111.75,58015.45,-1
2024-08-18,2024-08-18 12:46:00,518.54,518.54,518.48,518.48,-0.01,111.75,58015.45,-1
2024-08-18,2024-08-18 12:47:00,518.48,518.48,518.41,518.41,-0.01,111.75,58015.45,-1
2024-08-18,2024-08-18 12:48:00,518.41,518.41,518.35,518.35,-0.01,111.75,58015.45,-1
2024-08-18,2024-08-18 12:49:00,518.35,518.35,518.29,518.29,-0.01,111.75,58015.45,-1
2024-08-18,2024-08-18 12:50:00,518.29,518.29,518.22,518.22,-0.01,111.75,58015.45,-1
2024-08-18,2024-08-18 12:51:00,518.22,518.22,518.16,518.16,-0.01,111.75,58015.45,-1
2024-08-18,2024-08-18 12:52:00,518.16,518.16,518.1,518.1,-0.01,111.75,58015.45,-1
2024-08-18,2024-08-18 12:53:00,518.1,518.1,518.03,518.03,-0.01,111.75,58015.45,-1
2024-08-18,2024-08-18 12:54:00,518.03,518.03,517.97,517.97,-0.01,111.75,58015.45,-1
2024-08-18,2024-08-18 12:55:00,517.97,517.97,517.9,517.9,-0.01,111.75,58015.45,-1
2024-08-18,2024-08-18 12:56:00,517.9,517.9,517.84,517.84,-0.01,111.75,58015.45,-1
2024-08-18,2024-08-18 12:57:00,517.84,517.84,517.78,517.78,-0.01,111.75,58015.45,-1
2024-08-18,2024-08-18 12:58:00,517.78,517.78,517.71,517.71,-0.01,111.75,58015.45,-1
2024-08-18,2024-08-18 12:59:00,517.71,517.71,517.65,517.65,-0.01,111.75,58015.45,-1
2024-08-18,2024-08-18 13:00:00,517.65,534.4,509.0,517.59,-0.01,111.75,58015.45,-1
2024-08-18,2024-08-18 13:01:00,517.59,517.59,517.52,517.52,-0.01,111.75,58015.45,-1
2024-08-18,2024-08-18 13:02:00,517.52,517.52,517.46,517.46,-0.01,111.75,58015.45,-1
2024-08-18,2024-08-18 13:03:00,517.46,517.46,517.39,517.39,-0.01,111.75,58015.45,-1
2024-08-18,2024-08-18 13:04:00,517.39,517.39,517.33,517.33,-0.01,111.75,58015.45,-1
2024-08-18,2024-08-18 13:05:00,517.33,517.33,517.27,517.27,-0.01,111.75,58015.45,-1
2024-08-18,2024-08-18 13:06:00,517.27,517.27,517.2,517.2,-0.01,111.75,58015.45,-1
2024-08-18,2024-08-18 13:07:00,517.2,517.2,517.14,517.14,-0.01,111.75,58015.45,-1
2024-08-18,2024-08-18 13:08:00,517.14,517.14,517.08,517.08,-0.01,111.75,58015.45,-1
2024-08-18,2024-08-18 13:09:00,517.08,517.08,517.01,517.01,-0.01,111.75,58015.45,-1
2024-08-18,2024-08-18 13:10:00,517.01,517.01,516.95,516.95,-0.01,111.75,58015.45,-1
2024-08-18,2024-08-18 13:11:00,516.95,516.95,516.88,516.88,-0.01,111.75,58015.45,-1
2024-08-18,2024-08-18 13:12:00,516.88,516.88,516.82,516.82,-0.01,111.75,58015.45,-1
2024-08-18,2024-08-18 13:13:00,516.82,516.82,516.76,516.76,-0.01,111.75,58015.45,-1
2024-08-18,2024-08-18 13:14:00,516.76,516.76,516.69,516.69,-0.01,111.75,58015.45,-1
2024-08-18,2024-08-18 13:15:00,516.69,516.69,516.63,516.63,-0.01,111.75,58015.45,-1
2024-08-18,2024-08-18 13:16:00,516.63,516.63,516.57,516.57,-0.01,111.75,58015.45,-1
2024-08-18,2024-08-18 13:17:00,516.57,516.57,516.5,516.5,-0.01,111.75,58015.45,-1
2024-08-18,2024-08-18 13:18:00,516.5,516.5,516.44,516.44,-0.01,111.75,58015.45,-1
2024-08-18,2024-08-18 13:19:00,516.44,516.44,516.38,516.38,-0.01,111.75,58015.45,-1
2024-08-18,2024-08-18 13:20:00,516.38,516.38,516.31,516.31,-0.01,111.75,58015.45,-1
2024-08-18,2024-08-18 13:21:00,516.31,516.31,516.25,516.25,-0.01,111.75,58015.45,-1
2024-08-18,2024-08-18 13:22:00,516.25,516.25,516.18,516.18,-0.01,111.75,58015.45,-1
2024-08-18,2024-08-18 13:23:00,516.18,516.18,516.12,516.12,-0.01,111.75,58015.45,-1
2024-08-18,2024-08-18 13:24:00,516.12,516.12,516.06,516.06,-0.01,111.75,58015.45,-1
2024-08-18,2024-08-18 13:25:00,516.06,516.06,515.99,515.99,-0.01,111.75,58015.45,-1
2024-08-18,2024-08-18 13:26:00,515.99,515.99,515.93,515.93,-0.01,111.75,58015.45,-1
2024-08-18,2024-08-18 13:27:00,515.93,515.93,515.87,515.87,-0.01,111.75,58015.45,-1
2024-08-18,2024-08-18 13:28:00,515.87,515.87,515.8,515.8,-0.01,111.75,58015.45,-1
2024-08-18,2024-08-18 13:29:00,515.8,515.8,515.74,515.74,-0.01,111.75,58015.45,-1
2024-08-18,2024-08-18 13:30:00,515.74,515.74,515.67,515.67,-0.01,111.75,58015.45,-1
2024-08-18,2024-08-18 13:31:00,515.67,515.67,515.61,515.61,-0.01,111.75,58015.45,-1
2024-08-18,2024-08-18 13:32:00,515.61,515.61,515.55,515.55,-0.01,111.75,58015.45,-1
2024-08-18,2024-08-18 13:33:00,515.55,515.55,515.48,515.48,-0.01,111.75,58015.45,-1
2024-08-18,2024-08-18 13:34:00,515.48,515.48,515.42,515.42,-0.01,111.75,58015.45,-1
2024-08-18,2024-08-18 13:35:00,515.42,515.42,515.36,515.36,-0.01,111.75,58015.45,-1
2024-08-18,2024-08-18 13:36:00,515.36,515.36,515.29,515.29,-0.01,111.75,58015.45,-1
2024-08-18,2024-08-18 13:37:00,515.29,515.29,515.23,515.23,-0.01,111.75,58015.45,-1
2024-08-18,2024-08-18 13:38:00,515.23,515.23,515.16,515.16,-0.01,111.75,58015.45,-1
2024-08-18,2024-08-18 13:39:00,515.16,515.16,515.1,515.1,-0.01,111.75,58015.45,-1
2024-08-18,2024-08-18 13:40:00,515.1,515.1,515.04,515.04,-0.01,111.75,58015.45,-1
2024-08-18,2024-08-18 13:41:00,515.04,515.04,514.97,514.97,-0.01,111.75,58015.45,-1
2024-08-18,2024-08-18 13:42:00,514.97,514.97,514.91,514.91,-0.01,111.75,58015.45,-1
2024-08-18,2024-08-18 13:43:00,514.91,514.91,514.85,514.85,-0.01,111.75,58015.45,-1
2024-08-18,2024-08-18 13:44:00,514.85,514.85,514.78,514.78,-0.01,111.75,58015.45,-1
2024-08-18,2024-08-18 13:45:00,514.78,514.78,514.72,514.72,-0.01,111.75,58015.45,-1
2024-08-18,2024-08-18 13:46:00,514.72,514.72,514.65,514.65,-0.01,111.75,58015.45,-1
2024-08-18,2024-08-18 13:47:00,514.65,514.65,514.59,514.59,-0.01,111.75,58015.45,-1
2024-08-18,2024-08-18 13:48:00,514.59,514.59,514.53,514.53,-0.01,111.75,58015.45,-1
2024-08-18,2024-08-18 13:49:00,514.53,514.53,514.46,514.46,-0.01,111.75,58015.45,-1
2024-08-18,2024-08-18 13:50:00,514.46,514.46,514.4,514.4,-0.01,111.75,58015.45,-1
2024-08-18,2024-08-18 13:51:00,514.4,514.4,514.34,514.34,-0.01,111.75,58015.45,-1
2024-08-18,2024-08-18 13:52:00,514.34,514.34,514.27,514.27,-0.01,111.75,58015.45,-1
2024-08-18,2024-08-18 13:53:00,514.27,514.27,514.21,514.21,-0.01,111.75,58015.45,-1
2024-08-18,2024-08-18 13:54:00,514.21,514.21,514.14,514.14,-0.01,111.75,58015.45,-1
2024-08-18,2024-08-18 13:55:00,514.14,514.14,514.08,514.08,-0.01,111.75,58015.45,-1
2024-08-18,2024-08-18 13:56:00,514.08,514.08,514.02,514.02,-0.01,111.75,58015.45,-1
2024-08-18,2024-08-18 13:57:00,514.02,514.02,513.95,513.95,-0.01,111.75,58015.45,-1
2024-08-18,2024-08-18 13:58:00,513.95,513.95,513.89,513.89,-0.01,111.75,58015.45,-1
2024-08-18,2024-08-18 13:59:00,513.89,513.89,513.83,513.83,-0.01,111.75,58015.45,-1
2024-08-18,2024-08-18 14:00:00,513.83,513.83,513.76,513.76,-0.01,111.75,58015.45,-1
2024-08-18,2024-08-18 14:01:00,513.76,513.76,513.7,513.7,-0.01,111.75,58015.45,-1
2024-08-18,2024-08-18 14:02:00,513.7,513.7,513.63,513.63,-0.01,111.75,58015.45,-1
2024-08-18,2024-08-18 14:03:00,513.63,513.63,513.57,513.57,-0.01,111.75,58015.45,-1
2024-08-18,2024-08-18 14:04:00,513.57,513.57,513.51,513.51,-0.01,111.75,58015.45,-1
2024-08-18,2024-08-18 14:05:00,513.51,513.51,513.44,513.44,-0.01,111.75,58015.45,-1
2024-08-18,2024-08-18 14:06:00,513.44,513.44,513.38,513.38,-0.01,111.75,58015.45,-1
2024-08-18,2024-08-18 14:07:00,513.38,513.38,513.31,513.31,-0.01,111.75,58015.45,-1
2024-08-18,2024-08-18 14:08:00,513.31,513.31,513.25,513.25,-0.01,111.75,58015.45,-1
2024-08-18,2024-08-18 14:09:00,513.25,513.25,513.19,513.19,-0.01,111.75,58015.45,-1
2024-08-18,2024-08-18 14:10:00,513.19,513.19,513.12,513.12,-0.01,111.75,58015.45,-1
2024-08-18,2024-08-18 14:11:00,513.12,513.12,513.06,513.06,-0.01,111.75,58015.45,-1
2024-08-18,2024-08-18 14:12:00,513.06,513.06,513.0,513.0,-0.01,111.75,58015.45,-1
2024-08-18,2024-08-18 14:13:00,513.0,513.0,512.93,512.93,-0.01,111.75,58015.45,-1
2024-08-18,2024-08-18 14:14:00,512.93,512.93,512.87,512.87,-0.01,111.75,58015.45,-1
2024-08-18,2024-08-18 14:15:00,512.87,512.87,512.8,512.8,-0.01,111.75,58015.45,-1
2024-08-18,2024-08-18 14:16:00,512.8,512.8,512.74,512.74,-0.01,111.75,58015.45,-1
2024-08-18,2024-08-18 14:17:00,512.74,512.74,512.68,512.68,-0.01,111.75,58015.45,-1
2024-08-18,2024-08-18 14:18:00,512.68,512.68,512.61,512.61,-0.01,111.75,58015.45,-1
2024-08-18,2024-08-18 14:19:00,512.61,512.61,512.55,512.55,-0.01,111.75,58015.45,-1
2024-08-18,2024-08-18 14:20:00,512.55,512.55,512.49,512.49,-0.01,111.75,58015.45,-1
2024-08-18,2024-08-18 14:21:00,512.49,512.49,512.42,512.42,-0.01,111.75,58015.45,-1
2024-08-18,2024-08-18 14:22:00,512.42,512.42,512.36,512.36,-0.01,111.75,58015.45,-1
2024-08-18,2024-08-18 14:23:00,512.36,512.36,512.29,512.29,-0.01,111.75,58015.45,-1
2024-08-18,2024-08-18 14:24:00,512.29,512.29,512.23,512.23,-0.01,111.75,58015.45,-1
2024-08-18,2024-08-18 14:25:00,512.23,512.23,512.17,512.17,-0.01,111.75,58015.45,-1
2024-08-18,2024-08-18 14:26:00,512.17,512.17,512.1,512.1,-0.01,111.75,58015.45,-1
2024-08-18,2024-08-18 14:27:00,512.1,512.1,512.04,512.04,-0.01,111.75,58015.45,-1
2024-08-18,2024-08-18 14:28:00,512.04,512.04,511.98,511.98,-0.01,111.75,58015.45,-1
2024-08-18,2024-08-18 14:29:00,511.98,511.98,511.91,511.91,-0.01,111.75,58015.45,-1
2024-08-18,2024-08-18 14:30:00,511.91,511.91,511.85,511.85,-0.01,111.75,58015.45,-1
2024-08-18,2024-08-18 14:31:00,511.85,511.85,511.78,511.78,-0.01,111.75,58015.45,-1
2024-08-18,2024-08-18 14:32:00,511.78,511.78,511.72,511.72,-0.01,111.75,58015.45,-1
2024-08-18,2024-08-18 14:33:00,511.72,511.72,511.66,511.66,-0.01,111.75,58015.45,-1
2024-08-18,2024-08-18 14:34:00,511.66,511.66,511.59,511.59,-0.01,111.75,58015.45,-1
2024-08-18,2024-08-18 14:35:00,511.59,511.59,511.53,511.53,-0.01,111.75,58015.45,-1
2024-08-18,2024-08-18 14:36:00,511.53,511.53,511.47,511.47,-0.01,111.75,58015.45,-1
2024-08-18,2024-08-18 14:37:00,511.47,511.47,511.4,511.4,-0.01,111.75,58015.45,-1
2024-08-18,2024-08-18 14:38:00,511.4,511.4,511.34,511.34,-0.01,111.75,58015.45,-1
2024-08-18,2024-08-18 14:39:00,511.34,511.34,511.27,511.27,-0.01,111.75,58015.45,-1
2024-08-18,2024-08-18 14:40:00,511.27,511.27,511.21,511.21,-0.01,111.75,58015.45,-1
2024-08-18,2024-08-18 14:41:00,511.21,511.21,511.15,511.15,-0.01,111.75,58015.45,-1
2024-08-18,2024-08-18 14:42:00,511.15,511.15,511.08,511.08,-0.01,111.75,58015.45,-1
2024-08-18,2024-08-18 14:43:00,511.08,511.08,511.02,511.02,-0.01,111.75,58015.45,-1
2024-08-18,2024-08-18 14:44:00,511.02,511.02,510.96,510.96,-0.01,111.75,58015.45,-1
2024-08-18,2024-08-18 14:45:00,510.96,510.96,510.89,510.89,-0.01,111.75,58015.45,-1
2024-08-18,2024-08-18 14:46:00,510.89,510.89,510.83,510.83,-0.01,111.75,58015.45,-1
2024-08-18,2024-08-18 14:47:00,510.83,510.83,510.76,510.76,-0.01,111.75,58015.45,-1
2024-08-18,2024-08-18 14:48:00,510.76,510.76,510.7,510.7,-0.01,111.75,58015.45,-1
2024-08-18,2024-08-18 14:49:00,510.7,510.7,510.64,510.64,-0.01,111.75,58015.45,-1
2024-08-18,2024-08-18 14:50:00,510.64,510.64,510.57,510.57,-0.01,111.75,58015.45,-1
2024-08-18,2024-08-18 14:51:00,510.57,510.57,510.51,510.51,-0.01,111.75,58015.45,-1
2024-08-18,2024-08-18 14:52:00,510.51,510.51,510.45,510.45,-0.01,111.75,58015.45,-1
2024-08-18,2024-08-18 14:53:00,510.45,510.45,510.38,510.38,-0.01,111.75,58015.45,-1
2024-08-18,2024-08-18 14:54:00,510.38,510.38,510.32,510.32,-0.01,111.75,58015.45,-1
2024-08-18,2024-08-18 14:55:00,510.32,510.32,510.25,510.25,-0.01,111.75,58015.45,-1
2024-08-18,2024-08-18 14:56:00,510.25,510.25,510.19,510.19,-0.01,111.75,58015.45,-1
2024-08-18,2024-08-18 14:57:00,510.19,510.19,510.13,510.13,-0.01,111.75,58015.45,-1
2024-08-18,2024-08-18 14:58:00,510.13,510.13,510.06,510.06,-0.01,111.75,58015.45,-1
2024-08-18,2024-08-18 14:59:00,510.06,510.06,510.0,510.0,-0.01,111.75,58015.45,-1
2024-08-18,2024-08-18 15:00:00,510.0,534.4,509.0,510.0,0.0,111.75,58015.45,0
2024-08-21,2024-08-21 11:00:00,502.0,505.03,501.1,501.99,-0.0,62.34,31351.99,-1
2024-08-21,2024-08-21 11:01:00,501.99,501.99,501.98,501.98,-0.0,62.34,31351.99,-1
2024-08-21,2024-08-21 11:02:00,501.98,501.98,501.98,501.98,0.0,62.34,31351.99,0
2024-08-21,2024-08-21 11:03:00,501.98,501.98,501.97,501.97,-0.0,62.34,31351.99,-1
2024-08-21,2024-08-21 11:04:00,501.97,501.97,501.96,501.96,-0.0,62.34,31351.99,-1
2024-08-21,2024-08-21 11:05:00,501.96,501.96,501.95,501.95,-0.0,62.34,31351.99,-1
2024-08-21,2024-08-21 11:06:00,501.95,501.95,501.94,501.94,-0.0,62.34,31351.99,-1
2024-08-21,2024-08-21 11:07:00,501.94,501.94,501.93,501.93,-0.0,62.34,31351.99,-1
2024-08-21,2024-08-21 11:08:00,501.93,501.93,501.93,501.93,0.0,62.34,31351.99,0
2024-08-21,2024-08-21 11:09:00,501.93,501.93,501.92,501.92,-0.0,62.34,31351.99,-1
2024-08-21,2024-08-21 11:10:00,501.92,501.92,501.91,501.91,-0.0,62.34,31351.99,-1
2024-08-21,2024-08-21 11:11:00,501.91,501.91,501.9,501.9,-0.0,62.34,31351.99,-1
2024-08-21,2024-08-21 11:12:00,501.9,501.9,501.89,501.89,-0.0,62.34,31351.99,-1
2024-08-21,2024-08-21 11:13:00,501.89,501.89,501.88,501.88,-0.0,62.34,31351.99,-1
2024-08-21,2024-08-21 11:14:00,501.88,501.88,501.88,501.88,0.0,62.34,31351.99,0
2024-08-21,2024-08-21 11:15:00,501.88,501.88,501.87,501.87,-0.0,62.34,31351.99,-1
2024-08-21,2024-08-21 11:16:00,501.87,501.87,501.86,501.86,-0.0,62.34,31351.99,-1
2024-08-21,2024-08-21 11:17:00,501.86,501.86,501.85,501.85,-0.0,62.34,31351.99,-1
2024-08-21,2024-08-21 11:18:00,501.85,501.85,501.84,501.84,-0.0,62.34,31351.99,-1
2024-08-21,2024-08-21 11:19:00,501.84,501.84,501.83,501.83,-0.0,62.34,31351.99,-1
2024-08-21,2024-08-21 11:20:00,501.83,501.83,501.82,501.82,-0.0,62.34,31351.99,-1
2024-08-21,2024-08-21 11:21:00,501.82,501.82,501.82,501.82,0.0,62.34,31351.99,0
2024-08-21,2024-08-21 11:22:00,501.82,501.82,501.81,501.81,-0.0,62.34,31351.99,-1
2024-08-21,2024-08-21 11:23:00,501.81,501.81,501.8,501.8,-0.0,62.34,31351.99,-1
2024-08-21,2024-08-21 11:24:00,501.8,501.8,501.79,501.79,-0.0,62.34,31351.99,-1
2024-08-21,2024-08-21 11:25:00,501.79,501.79,501.78,501.78,-0.0,62.34,31351.99,-1
2024-08-21,2024-08-21 11:26:00,501.78,501.78,501.77,501.77,-0.0,62.34,31351.99,-1
2024-08-21,2024-08-21 11:27:00,501.77,501.77,501.77,501.77,0.0,62.34,31351.99,0
2024-08-21,2024-08-21 11:28:00,501.77,501.77,501.76,501.76,-0.0,62.34,31351.99,-1
2024-08-21,2024-08-21 11:29:00,501.76,501.76,501.75,501.75,-0.0,62.34,31351.99,-1
2024-08-21,2024-08-21 11:30:00,501.75,501.75,501.74,501.74,-0.0,62.34,31351.99,-1
2024-08-21,2024-08-21 11:31:00,501.74,501.74,501.73,501.73,-0.0,62.34,31351.99,-1
2024-08-21,2024-08-21 11:32:00,501.73,501.73,501.73,501.73,0.0,62.34,31351.99,0
2024-08-21,2024-08-21 11:33:00,501.73,501.73,501.72,501.72,-0.0,62.34,31351.99,-1
2024-08-21,2024-08-21 11:34:00,501.72,501.72,501.71,501.71,-0.0,62.34,31351.99,-1
2024-08-21,2024-08-21 11:35:00,501.71,501.71,501.7,501.7,-0.0,62.34,31351.99,-1
2024-08-21,2024-08-21 11:36:00,501.7,501.7,501.69,501.69,-0.0,62.34,31351.99,-1
2024-08-21,2024-08-21 11:37:00,501.69,501.69,501.68,501.68,-0.0,62.34,31351.99,-1
2024-08-21,2024-08-21 11:38:00,501.68,501.68,501.68,501.68,0.0,62.34,31351.99,0
2024-08-21,2024-08-21 11:39:00,501.68,501.68,501.67,501.67,-0.0,62.34,31351.99,-1
2024-08-21,2024-08-21 11:40:00,501.67,501.67,501.66,501.66,-0.0,62.34,31351.99,-1
2024-08-21,2024-08-21 11:41:00,501.66,501.66,501.65,501.65,-0.0,62.34,31351.99,-1
2024-08-21,2024-08-21 11:42:00,501.65,501.65,501.64,501.64,-0.0,62.34,31351.99,-1
2024-08-21,2024-08-21 11:43:00,501.64,501.64,501.63,501.63,-0.0,62.34,31351.99,-1
2024-08-21,2024-08-21 11:44:00,501.63,501.63,501.62,501.62,-0.0,62.34,31351.99,-1
2024-08-21,2024-08-21 11:45:00,501.62,501.62,501.62,501.62,0.0,62.34,31351.99,0
2024-08-21,2024-08-21 11:46:00,501.62,501.62,501.61,501.61,-0.0,62.34,31351.99,-1
2024-08-21,2024-08-21 11:47:00,501.61,501.61,501.6,501.6,-0.0,62.34,31351.99,-1
2024-08-21,2024-08-21 11:48:00,501.6,501.6,501.59,501.59,-0.0,62.34,31351.99,-1
2024-08-21,2024-08-21 11:49:00,501.59,501.59,501.58,501.58,-0.0,62.34,31351.99,-1
2024-08-21,2024-08-21 11:50:00,501.58,501.58,501.57,501.57,-0.0,62.34,31351.99,-1
2024-08-21,2024-08-21 11:51:00,501.57,501.57,501.57,501.57,0.0,62.34,31351.99,0
2024-08-21,2024-08-21 11:52:00,501.57,501.57,501.56,501.56,-0.0,62.34,31351.99,-1
2024-08-21,2024-08-21 11:53:00,501.56,501.56,501.55,501.55,-0.0,62.34,31351.99,-1
2024-08-21,2024-08-21 11:54:00,501.55,501.55,501.54,501.54,-0.0,62.34,31351.99,-1
2024-08-21,2024-08-21 11:55:00,501.54,501.54,501.53,501.53,-0.0,62.34,31351.99,-1
2024-08-21,2024-08-21 11:56:00,501.53,501.53,501.52,501.52,-0.0,62.34,31351.99,-1
2024-08-21,2024-08-21 11:57:00,501.52,501.52,501.52,501.52,0.0,62.34,31351.99,0
2024-08-21,2024-08-21 11:58:00,501.52,501.52,501.51,501.51,-0.0,62.34,31351.99,-1
2024-08-21,2024-08-21 11:59:00,501.51,501.51,501.5,501.5,-0.0,62.34,31351.99,-1
2024-08-21,2024-08-21 12:00:00,501.5,501.5,501.49,501.49,-0.0,62.34,31351.99,-1
2024-08-21,2024-08-21 12:01:00,501.49,501.49,501.48,501.48,-0.0,62.34,31351.99,-1
2024-08-21,2024-08-21 12:02:00,501.48,501.48,501.48,501.48,0.0,62.34,31351.99,0
2024-08-21,2024-08-21 12:03:00,501.48,501.48,501.47,501.47,-0.0,62.34,31351.99,-1
2024-08-21,2024-08-21 12:04:00,501.47,501.47,501.46,501.46,-0.0,62.34,31351.99,-1
2024-08-21,2024-08-21 12:05:00,501.46,501.46,501.45,501.45,-0.0,62.34,31351.99,-1
2024-08-21,2024-08-21 12:06:00,501.45,501.45,501.44,501.44,-0.0,62.34,31351.99,-1
2024-08-21,2024-08-21 12:07:00,501.44,501.44,501.43,501.43,-0.0,62.34,31351.99,-1
2024-08-21,2024-08-21 12:08:00,501.43,501.43,501.43,501.43,0.0,62.34,31351.99,0
2024-08-21,2024-08-21 12:09:00,501.43,501.43,501.42,501.42,-0.0,62.34,31351.99,-1
2024-08-21,2024-08-21 12:10:00,501.42,501.42,501.41,501.41,-0.0,62.34,31351.99,-1
2024-08-21,2024-08-21 12:11:00,501.41,501.41,501.4,501.4,-0.0,62.34,31351.99,-1
2024-08-21,2024-08-21 12:12:00,501.4,501.4,501.39,501.39,-0.0,62.34,31351.99,-1
2024-08-21,2024-08-21 12:13:00,501.39,501.39,501.38,501.38,-0.0,62.34,31351.99,-1
2024-08-21,2024-08-21 12:14:00,501.38,501.38,501.38,501.38,0.0,62.34,31351.99,0
2024-08-21,2024-08-21 12:15:00,501.38,501.38,501.37,501.37,-0.0,62.34,31351.99,-1
2024-08-21,2024-08-21 12:16:00,501.37,501.37,501.36,501.36,-0.0,62.34,31351.99,-1
2024-08-21,2024-08-21 12:17:00,501.36,501.36,501.35,501.35,-0.0,62.34,31351.99,-1
2024-08-21,2024-08-21 12:18:00,501.35,501.35,501.34,501.34,-0.0,62.34,31351.99,-1
2024-08-21,2024-08-21 12:19:00,501.34,501.34,501.33,501.33,-0.0,62.34,31351.99,-1
2024-08-21,2024-08-21 12:20:00,501.33,501.33,501.32,501.32,-0.0,62.34,31351.99,-1
2024-08-21,2024-08-21 12:21:00,501.32,501.32,501.32,501.32,0.0,62.34,31351.99,0
2024-08-21,2024-08-21 12:22:00,501.32,501.32,501.31,501.31,-0.0,62.34,31351.99,-1
2024-08-21,2024-08-21 12:23:00,501.31,501.31,501.3,501.3,-0.0,62.34,31351.99,-1
2024-08-21,2024-08-21 12:24:00,501.3,501.3,501.29,501.29,-0.0,62.34,31351.99,-1
2024-08-21,2024-08-21 12:25:00,501.29,501.29,501.28,501.28,-0.0,62.34,31351.99,-1
2024-08-21,2024-08-21 12:26:00,501.28,501.28,501.27,501.27,-0.0,62.34,31351.99,-1
2024-08-21,2024-08-21 12:27:00,501.27,501.27,501.27,501.27,0.0,62.34,31351.99,0
2024-08-21,2024-08-21 12:28:00,501.27,501.27,501.26,501.26,-0.0,62.34,31351.99,-1
2024-08-21,2024-08-21 12:29:00,501.26,501.26,501.25,501.25,-0.0,62.34,31351.99,-1
2024-08-21,2024-08-21 12:30:00,501.25,501.25,501.24,501.24,-0.0,62.34,31351.99,-1
2024-08-21,2024-08-21 12:31:00,501.24,501.24,501.23,501.23,-0.0,62.34,31351.99,-1
2024-08-21,2024-08-21 12:32:00,501.23,501.23,501.23,501.23,0.0,62.34,31351.99,0
2024-08-21,2024-08-21 12:33:00,501.23,501.23,501.22,501.22,-0.0,62.34,31351.99,-1
2024-08-21,2024-08-21 12:34:00,501.22,501.22,501.21,501.21,-0.0,62.34,31351.99,-1
2024-08-21,2024-08-21 12:35:00,501.21,501.21,501.2,501.2,-0.0,62.34,31351.99,-1
2024-08-21,2024-08-21 12:36:00,501.2,501.2,501.19,501.19,-0.0,62.34,31351.99,-1
2024-08-21,2024-08-21 12:37:00,501.19,501.19,501.18,501.18,-0.0,62.34,31351.99,-1
2024-08-21,2024-08-21 12:38:00,501.18,501.18,501.18,501.18,0.0,62.34,31351.99,0
2024-08-21,2024-08-21 12:39:00,501.18,501.18,501.17,501.17,-0.0,62.34,31351.99,-1
2024-08-21,2024-08-21 12:40:00,501.17,501.17,501.16,501.16,-0.0,62.34,31351.99,-1
2024-08-21,2024-08-21 12:41:00,501.16,501.16,501.15,501.15,-0.0,62.34,31351.99,-1
2024-08-21,2024-08-21 12:42:00,501.15,501.15,501.14,501.14,-0.0,62.34,31351.99,-1
2024-08-21,2024-08-21 12:43:00,501.14,501.14,501.13,501.13,-0.0,62.34,31351.99,-1
2024-08-21,2024-08-21 12:44:00,501.13,501.13,501.12,501.12,-0.0,62.34,31351.99,-1
2024-08-21,2024-08-21 12:45:00,501.12,501.12,501.12,501.12,0.0,62.34,31351.99,0
2024-08-21,2024-08-21 12:46:00,501.12,501.12,501.11,501.11,-0.0,62.34,31351.99,-1
2024-08-21,2024-08-21 12:47:00,501.11,501.11,501.1,501.1,-0.0,62.34,31351.99,-1
2024-08-21,2024-08-21 12:48:00,501.1,501.1,501.09,501.09,-0.0,62.34,31351.99,-1
2024-08-21,2024-08-21 12:49:00,501.09,501.09,501.08,501.08,-0.0,62.34,31351.99,-1
2024-08-21,2024-08-21 12:50:00,501.08,501.08,501.07,501.07,-0.0,62.34,31351.99,-1
2024-08-21,2024-08-21 12:51:00,501.07,501.07,501.07,501.07,0.0,62.34,31351.99,0
2024-08-21,2024-08-21 12:52:00,501.07,501.07,501.06,501.06,-0.0,62.34,31351.99,-1
2024-08-21,2024-08-21 12:53:00,501.06,501.06,501.05,501.05,-0.0,62.34,31351.99,-1
2024-08-21,2024-08-21 12:54:00,501.05,501.05,501.04,501.04,-0.0,62.34,31351.99,-1
2024-08-21,2024-08-21 12:55:00,501.04,501.04,501.03,501.03,-0.0,62.34,31351.99,-1
2024-08-21,2024-08-21 12:56:00,501.03,501.03,501.02,501.02,-0.0,62.34,31351.99,-1
2024-08-21,2024-08-21 12:57:00,501.02,501.02,501.02,501.02,0.0,62.34,31351.99,0
2024-08-21,2024-08-21 12:58:00,501.02,501.02,501.01,501.01,-0.0,62.34,31351.99,-1
2024-08-21,2024-08-21 12:59:00,501.01,501.01,501.0,501.0,-0.0,62.34,31351.99,-1
2024-08-21,2024-08-21 13:00:00,501.0,512.1,499.0,500.99,-0.0,62.34,31351.99,-1
2024-08-21,2024-08-21 13:01:00,500.99,500.99,500.98,500.98,-0.0,62.34,31351.99,-1
2024-08-21,2024-08-21 13:02:00,500.98,500.98,500.98,500.98,0.0,62.34,31351.99,0
2024-08-21,2024-08-21 13:03:00,500.98,500.98,500.97,500.97,-0.0,62.34,31351.99,-1
2024-08-21,2024-08-21 13:04:00,500.97,500.97,500.96,500.96,-0.0,62.34,31351.99,-1
2024-08-21,2024-08-21 13:05:00,500.96,500.96,500.95,500.95,-0.0,62.34,31351.99,-1
2024-08-21,2024-08-21 13:06:00,500.95,500.95,500.94,500.94,-0.0,62.34,31351.99,-1
2024-08-21,2024-08-21 13:07:00,500.94,500.94,500.93,500.93,-0.0,62.34,31351.99,-1
2024-08-21,2024-08-21 13:08:00,500.93,500.93,500.93,500.93,0.0,62.34,31351.99,0
2024-08-21,2024-08-21 13:09:00,500.93,500.93,500.92,500.92,-0.0,62.34,31351.99,-1
2024-08-21,2024-08-21 13:10:00,500.92,500.92,500.91,500.91,-0.0,62.34,31351.99,-1
2024-08-21,2024-08-21 13:11:00,500.91,500.91,500.9,500.9,-0.0,62.34,31351.99,-1
2024-08-21,2024-08-21 13:12:00,500.9,500.9,500.89,500.89,-0.0,62.34,31351.99,-1
2024-08-21,2024-08-21 13:13:00,500.89,500.89,500.88,500.88,-0.0,62.34,31351.99,-1
2024-08-21,2024-08-21 13:14:00,500.88,500.88,500.88,500.88,0.0,62.34,31351.99,0
2024-08-21,2024-08-21 13:15:00,500.88,500.88,500.87,500.87,-0.0,62.34,31351.99,-1
2024-08-21,2024-08-21 13:16:00,500.87,500.87,500.86,500.86,-0.0,62.34,31351.99,-1
2024-08-21,2024-08-21 13:17:00,500.86,500.86,500.85,500.85,-0.0,62.34,31351.99,-1
2024-08-21,2024-08-21 13:18:00,500.85,500.85,500.84,500.84,-0.0,62.34,31351.99,-1
2024-08-21,2024-08-21 13:19:00,500.84,500.84,500.83,500.83,-0.0,62.34,31351.99,-1
2024-08-21,2024-08-21 13:20:00,500.83,500.83,500.82,500.82,-0.0,62.34,31351.99,-1
2024-08-21,2024-08-21 13:21:00,500.82,500.82,500.82,500.82,0.0,62.34,31351.99,0
2024-08-21,2024-08-21 13:22:00,500.82,500.82,500.81,500.81,-0.0,62.34,31351.99,-1
2024-08-21,2024-08-21 13:23:00,500.81,500.81,500.8,500.8,-0.0,62.34,31351.99,-1
2024-08-21,2024-08-21 13:24:00,500.8,500.8,500.79,500.79,-0.0,62.34,31351.99,-1
2024-08-21,2024-08-21 13:25:00,500.79,500.79,500.78,500.78,-0.0,62.34,31351.99,-1
2024-08-21,2024-08-21 13:26:00,500.78,500.78,500.77,500.77,-0.0,62.34,31351.99,-1
2024-08-21,2024-08-21 13:27:00,500.77,500.77,500.77,500.77,0.0,62.34,31351.99,0
2024-08-21,2024-08-21 13:28:00,500.77,500.77,500.76,500.76,-0.0,62.34,31351.99,-1
2024-08-21,2024-08-21 13:29:00,500.76,500.76,500.75,500.75,-0.0,62.34,31351.99,-1
2024-08-21,2024-08-21 13:30:00,500.75,500.75,500.74,500.74,-0.0,62.34,31351.99,-1
2024-08-21,2024-08-21 13:31:00,500.74,500.74,500.73,500.73,-0.0,62.34,31351.99,-1
2024-08-21,2024-08-21 13:32:00,500.73,500.73,500.73,500.73,0.0,62.34,31351.99,0
2024-08-21,2024-08-21 13:33:00,500.73,500.73,500.72,500.72,-0.0,62.34,31351.99,-1
2024-08-21,2024-08-21 13:34:00,500.72,500.72,500.71,500.71,-0.0,62.34,31351.99,-1
2024-08-21,2024-08-21 13:35:00,500.71,500.71,500.7,500.7,-0.0,62.34,31351.99,-1
2024-08-21,2024-08-21 13:36:00,500.7,500.7,500.69,500.69,-0.0,62.34,31351.99,-1
2024-08-21,2024-08-21 13:37:00,500.69,500.69,500.68,500.68,-0.0,62.34,31351.99,-1
2024-08-21,2024-08-21 13:38:00,500.68,500.68,500.68,500.68,0.0,62.34,31351.99,0
2024-08-21,2024-08-21 13:39:00,500.68,500.68,500.67,500.67,-0.0,62.34,31351.99,-1
2024-08-21,2024-08-21 13:40:00,500.67,500.67,500.66,500.66,-0.0,62.34,31351.99,-1
2024-08-21,2024-08-21 13:41:00,500.66,500.66,500.65,500.65,-0.0,62.34,31351.99,-1
2024-08-21,2024-08-21 13:42:00,500.65,500.65,500.64,500.64,-0.0,62.34,31351.99,-1
2024-08-21,2024-08-21 13:43:00,500.64,500.64,500.63,500.63,-0.0,62.34,31351.99,-1
2024-08-21,2024-08-21 13:44:00,500.63,500.63,500.62,500.62,-0.0,62.34,31351.99,-1
2024-08-21,2024-08-21 13:45:00,500.62,500.62,500.62,500.62,0.0,62.34,31351.99,0
2024-08-21,2024-08-21 13:46:00,500.62,500.62,500.61,500.61,-0.0,62.34,31351.99,-1
2024-08-21,2024-08-21 13:47:00,500.61,500.61,500.6,500.6,-0.0,62.34,31351.99,-1
2024-08-21,2024-08-21 13:48:00,500.6,500.6,500.59,500.59,-0.0,62.34,31351.99,-1
2024-08-21,2024-08-21 13:49:00,500.59,500.59,500.58,500.58,-0.0,62.34,31351.99,-1
2024-08-21,2024-08-21 13:50:00,500.58,500.58,500.57,500.57,-0.0,62.34,31351.99,-1
2024-08-21,2024-08-21 13:51:00,500.57,500.57,500.57,500.57,0.0,62.34,31351.99,0
2024-08-21,2024-08-21 13:52:00,500.57,500.57,500.56,500.56,-0.0,62.34,31351.99,-1
2024-08-21,2024-08-21 13:53:00,500.56,500.56,500.55,500.55,-0.0,62.34,31351.99,-1
2024-08-21,2024-08-21 13:54:00,500.55,500.55,500.54,500.54,-0.0,62.34,31351.99,-1
2024-08-21,2024-08-21 13:55:00,500.54,500.54,500.53,500.53,-0.0,62.34,31351.99,-1
2024-08-21,2024-08-21 13:56:00,500.53,500.53,500.52,500.52,-0.0,62.34,31351.99,-1
2024-08-21,2024-08-21 13:57:00,500.52,500.52,500.52,500.52,0.0,62.34,31351.99,0
2024-08-21,2024-08-21 13:58:00,500.52,500.52,500.51,500.51,-0.0,62.34,31351.99,-1
2024-08-21,2024-08-21 13:59:00,500.51,500.51,500.5,500.5,-0.0,62.34,31351.99,-1
2024-08-21,2024-08-21 14:00:00,500.5,500.5,500.49,500.49,-0.0,62.34,31351.99,-1
2024-08-21,2024-08-21 14:01:00,500.49,500.49,500.48,500.48,-0.0,62.34,31351.99,-1
2024-08-21,2024-08-21 14:02:00,500.48,500.48,500.48,500.48,0.0,62.34,31351.99,0
2024-08-21,2024-08-21 14:03:00,500.48,500.48,500.47,500.47,-0.0,62.34,31351.99,-1
2024-08-21,2024-08-21 14:04:00,500.47,500.47,500.46,500.46,-0.0,62.34,31351.99,-1
2024-08-21,2024-08-21 14:05:00,500.46,500.46,500.45,500.45,-0.0,62.34,31351.99,-1
2024-08-21,2024-08-21 14:06:00,500.45,500.45,500.44,500.44,-0.0,62.34,31351.99,-1
2024-08-21,2024-08-21 14:07:00,500.44,500.44,500.43,500.43,-0.0,62.34,31351.99,-1
2024-08-21,2024-08-21 14:08:00,500.43,500.43,500.43,500.43,0.0,62.34,31351.99,0
2024-08-21,2024-08-21 14:09:00,500.43,500.43,500.42,500.42,-0.0,62.34,31351.99,-1
2024-08-21,2024-08-21 14:10:00,500.42,500.42,500.41,500.41,-0.0,62.34,31351.99,-1
2024-08-21,2024-08-21 14:11:00,500.41,500.41,500.4,500.4,-0.0,62.34,31351.99,-1
2024-08-21,2024-08-21 14:12:00,500.4,500.4,500.39,500.39,-0.0,62.34,31351.99,-1
2024-08-21,2024-08-21 14:13:00,500.39,500.39,500.38,500.38,-0.0,62.34,31351.99,-1
2024-08-21,2024-08-21 14:14:00,500.38,500.38,500.38,500.38,0.0,62.34,31351.99,0
2024-08-21,2024-08-21 14:15:00,500.38,500.38,500.37,500.37,-0.0,62.34,31351.99,-1
2024-08-21,2024-08-21 14:16:00,500.37,500.37,500.36,500.36,-0.0,62.34,31351.99,-1
2024-08-21,2024-08-21 14:17:00,500.36,500.36,500.35,500.35,-0.0,62.34,31351.99,-1
2024-08-21,2024-08-21 14:18:00,500.35,500.35,500.34,500.34,-0.0,62.34,31351.99,-1
2024-08-21,2024-08-21 14:19:00,500.34,500.34,500.33,500.33,-0.0,62.34,31351.99,-1
2024-08-21,2024-08-21 14:20:00,500.33,500.33,500.32,500.32,-0.0,62.34,31351.99,-1
2024-08-21,2024-08-21 14:21:00,500.32,500.32,500.32,500.32,0.0,62.34,31351.99,0
2024-08-21,2024-08-21 14:22:00,500.32,500.32,500.31,500.31,-0.0,62.34,31351.99,-1
2024-08-21,2024-08-21 14:23:00,500.31,500.31,500.3,500.3,-0.0,62.34,31351.99,-1
2024-08-21,2024-08-21 14:24:00,500.3,500.3,500.29,500.29,-0.0,62.34,31351.99,-1
2024-08-21,2024-08-21 14:25:00,500.29,500.29,500.28,500.28,-0.0,62.34,31351.99,-1
2024-08-21,2024-08-21 14:26:00,500.28,500.28,500.27,500.27,-0.0,62.34,31351.99,-1
2024-08-21,2024-08-21 14:27:00,500.27,500.27,500.27,500.27,0.0,62.34,31351.99,0
2024-08-21,2024-08-21 14:28:00,500.27,500.27,500.26,500.26,-0.0,62.34,31351.99,-1
2024-08-21,2024-08-21 14:29:00,500.26,500.26,500.25,500.25,-0.0,62.34,31351.99,-1
2024-08-21,2024-08-21 14:30:00,500.25,500.25,500.24,500.24,-0.0,62.34,31351.99,-1
2024-08-21,2024-08-21 14:31:00,500.24,500.24,500.23,500.23,-0.0,62.34,31351.99,-1
2024-08-21,2024-08-21 14:32:00,500.23,500.23,500.23,500.23,0.0,62.34,31351.99,0
2024-08-21,2024-08-21 14:33:00,500.23,500.23,500.22,500.22,-0.0,62.34,31351.99,-1
2024-08-21,2024-08-21 14:34:00,500.22,500.22,500.21,500.21,-0.0,62.34,31351.99,-1
2024-08-21,2024-08-21 14:35:00,500.21,500.21,500.2,500.2,-0.0,62.34,31351.99,-1
2024-08-21,2024-08-21 14:36:00,500.2,500.2,500.19,500.19,-0.0,62.34,31351.99,-1
2024-08-21,2024-08-21 14:37:00,500.19,500.19,500.18,500.18,-0.0,62.34,31351.99,-1
2024-08-21,2024-08-21 14:38:00,500.18,500.18,500.18,500.18,0.0,62.34,31351.99,0
2024-08-21,2024-08-21 14:39:00,500.18,500.18,500.17,500.17,-0.0,62.34,31351.99,-1
2024-08-21,2024-08-21 14:40:00,500.17,500.17,500.16,500.16,-0.0,62.34,31351.99,-1
2024-08-21,2024-08-21 14:41:00,500.16,500.16,500.15,500.15,-0.0,62.34,31351.99,-1
2024-08-21,2024-08-21 14:42:00,500.15,500.15,500.14,500.14,-0.0,62.34,31351.99,-1
2024-08-21,2024-08-21 14:43:00,500.14,500.14,500.13,500.13,-0.0,62.34,31351.99,-1
2024-08-21,2024-08-21 14:44:00,500.13,500.13,500.12,500.12,-0.0,62.34,31351.99,-1
2024-08-21,2024-08-21 14:45:00,500.12,500.12,500.12,500.12,0.0,62.34,31351.99,0
2024-08-21,2024-08-21 14:46:00,500.12,500.12,500.11,500.11,-0.0,62.34,31351.99,-1
2024-08-21,2024-08-21 14:47:00,500.11,500.11,500.1,500.1,-0.0,62.34,31351.99,-1
2024-08-21,2024-08-21 14:48:00,500.1,500.1,500.09,500.09,-0.0,62.34,31351.99,-1
2024-08-21,2024-08-21 14:49:00,500.09,500.09,500.08,500.08,-0.0,62.34,31351.99,-1
2024-08-21,2024-08-21 14:50:00,500.08,500.08,500.07,500.07,-0.0,62.34,31351.99,-1
2024-08-21,2024-08-21 14:51:00,500.07,500.07,500.07,500.07,0.0,62.34,31351.99,0
2024-08-21,2024-08-21 14:52:00,500.07,500.07,500.06,500.06,-0.0,62.34,31351.99,-1
2024-08-21,2024-08-21 14:53:00,500.06,500.06,500.05,500.05,-0.0,62.34,31351.99,-1
2024-08-21,2024-08-21 14:54:00,500.05,500.05,500.04,500.04,-0.0,62.34,31351.99,-1
2024-08-21,2024-08-21 14:55:00,500.04,500.04,500.03,500.03,-0.0,62.34,31351.99,-1
2024-08-21,2024-08-21 14:56:00,500.03,500.03,500.02,500.02,-0.0,62.34,31351.99,-1
2024-08-21,2024-08-21 14:57:00,500.02,500.02,500.02,500.02,0.0,62.34,31351.99,0
2024-08-21,2024-08-21 14:58:00,500.02,500.02,500.01,500.01,-0.0,62.34,31351.99,-1
2024-08-21,2024-08-21 14:59:00,500.01,500.01,500.0,500.0,-0.0,62.34,31351.99,-1
2024-08-21,2024-08-21 15:00:00,500.0,512.1,499.0,500.0,0.0,62.34,31351.99,0
2024-08-22,2024-08-22 11:00:00,496.0,503.2,496.0,496.03,0.01,77.4,39221.17,1
2024-08-22,2024-08-22 11:01:00,496.03,496.07,496.03,496.07,0.01,77.4,39221.17,1
2024-08-22,2024-08-22 11:02:00,496.07,496.1,496.07,496.1,0.01,77.4,39221.17,1
2024-08-22,2024-08-22 11:03:00,496.1,496.13,496.1,496.13,0.01,77.4,39221.17,1
2024-08-22,2024-08-22 11:04:00,496.13,496.17,496.13,496.17,0.01,77.4,39221.17,1
2024-08-22,2024-08-22 11:05:00,496.17,496.2,496.17,496.2,0.01,77.4,39221.17,1
2024-08-22,2024-08-22 11:06:00,496.2,496.23,496.2,496.23,0.01,77.4,39221.17,1
2024-08-22,2024-08-22 11:07:00,496.23,496.27,496.23,496.27,0.01,77.4,39221.17,1
2024-08-22,2024-08-22 11:08:00,496.27,496.3,496.27,496.3,0.01,77.4,39221.17,1
2024-08-22,2024-08-22 11:09:00,496.3,496.33,496.3,496.33,0.01,77.4,39221.17,1
2024-08-22,2024-08-22 11:10:00,496.33,496.37,496.33,496.37,0.01,77.4,39221.17,1
2024-08-22,2024-08-22 11:11:00,496.37,496.4,496.37,496.4,0.01,77.4,39221.17,1
2024-08-22,2024-08-22 11:12:00,496.4,496.43,496.4,496.43,0.01,77.4,39221.17,1
2024-08-22,2024-08-22 11:13:00,496.43,496.47,496.43,496.47,0.01,77.4,39221.17,1
2024-08-22,2024-08-22 11:14:00,496.47,496.5,496.47,496.5,0.01,77.4,39221.17,1
2024-08-22,2024-08-22 11:15:00,496.5,496.53,496.5,496.53,0.01,77.4,39221.17,1
2024-08-22,2024-08-22 11:16:00,496.53,496.57,496.53,496.57,0.01,77.4,39221.17,1
2024-08-22,2024-08-22 11:17:00,496.57,496.6,496.57,496.6,0.01,77.4,39221.17,1
2024-08-22,2024-08-22 11:18:00,496.6,496.63,496.6,496.63,0.01,77.4,39221.17,1
2024-08-22,2024-08-22 11:19:00,496.63,496.67,496.63,496.67,0.01,77.4,39221.17,1
2024-08-22,2024-08-22 11:20:00,496.67,496.7,496.67,496.7,0.01,77.4,39221.17,1
2024-08-22,2024-08-22 11:21:00,496.7,496.73,496.7,496.73,0.01,77.4,39221.17,1
2024-08-22,2024-08-22 11:22:00,496.73,496.77,496.73,496.77,0.01,77.4,39221.17,1
2024-08-22,2024-08-22 11:23:00,496.77,496.8,496.77,496.8,0.01,77.4,39221.17,1
2024-08-22,2024-08-22 11:24:00,496.8,496.83,496.8,496.83,0.01,77.4,39221.17,1
2024-08-22,2024-08-22 11:25:00,496.83,496.87,496.83,496.87,0.01,77.4,39221.17,1
2024-08-22,2024-08-22 11:26:00,496.87,496.9,496.87,496.9,0.01,77.4,39221.17,1
2024-08-22,2024-08-22 11:27:00,496.9,496.93,496.9,496.93,0.01,77.4,39221.17,1
2024-08-22,2024-08-22 11:28:00,496.93,496.97,496.93,496.97,0.01,77.4,39221.17,1
2024-08-22,2024-08-22 11:29:00,496.97,497.0,496.97,497.0,0.01,77.4,39221.17,1
2024-08-22,2024-08-22 11:30:00,497.0,497.03,497.0,497.03,0.01,77.4,39221.17,1
2024-08-22,2024-08-22 11:31:00,497.03,497.07,497.03,497.07,0.01,77.4,39221.17,1
2024-08-22,2024-08-22 11:32:00,497.07,497.1,497.07,497.1,0.01,77.4,39221.17,1
2024-08-22,2024-08-22 11:33:00,497.1,497.13,497.1,497.13,0.01,77.4,39221.17,1
2024-08-22,2024-08-22 11:34:00,497.13,497.17,497.13,497.17,0.01,77.4,39221.17,1
2024-08-22,2024-08-22 11:35:00,497.17,497.2,497.17,497.2,0.01,77.4,39221.17,1
2024-08-22,2024-08-22 11:36:00,497.2,497.23,497.2,497.23,0.01,77.4,39221.17,1
2024-08-22,2024-08-22 11:37:00,497.23,497.27,497.23,497.27,0.01,77.4,39221.17,1
2024-08-22,2024-08-22 11:38:00,497.27,497.3,497.27,497.3,0.01,77.4,39221.17,1
2024-08-22,2024-08-22 11:39:00,497.3,497.33,497.3,497.33,0.01,77.4,39221.17,1
2024-08-22,2024-08-22 11:40:00,497.33,497.37,497.33,497.37,0.01,77.4,39221.17,1
2024-08-22,2024-08-22 11:41:00,497.37,497.4,497.37,497.4,0.01,77.4,39221.17,1
2024-08-22,2024-08-22 11:42:00,497.4,497.43,497.4,497.43,0.01,77.4,39221.17,1
2024-08-22,2024-08-22 11:43:00,497.43,497.47,497.43,497.47,0.01,77.4,39221.17,1
2024-08-22,2024-08-22 11:44:00,497.47,497.5,497.47,497.5,0.01,77.4,39221.17,1
2024-08-22,2024-08-22 11:45:00,497.5,497.53,497.5,497.53,0.01,77.4,39221.17,1
2024-08-22,2024-08-22 11:46:00,497.53,497.57,497.53,497.57,0.01,77.4,39221.17,1
2024-08-22,2024-08-22 11:47:00,497.57,497.6,497.57,497.6,0.01,77.4,39221.17,1
2024-08-22,2024-08-22 11:48:00,497.6,497.63,497.6,497.63,0.01,77.4,39221.17,1
2024-08-22,2024-08-22 11:49:00,497.63,497.67,497.63,497.67,0.01,77.4,39221.17,1
2024-08-22,2024-08-22 11:50:00,497.67,497.7,497.67,497.7,0.01,77.4,39221.17,1
2024-08-22,2024-08-22 11:51:00,497.7,497.73,497.7,497.73,0.01,77.4,39221.17,1
2024-08-22,2024-08-22 11:52:00,497.73,497.77,497.73,497.77,0.01,77.4,39221.17,1
2024-08-22,2024-08-22 11:53:00,497.77,497.8,497.77,497.8,0.01,77.4,39221.17,1
2024-08-22,2024-08-22 11:54:00,497.8,497.83,497.8,497.83,0.01,77.4,39221.17,1
2024-08-22,2024-08-22 11:55:00,497.83,497.87,497.83,497.87,0.01,77.4,39221.17,1
2024-08-22,2024-08-22 11:56:00,497.87,497.9,497.87,497.9,0.01,77.4,39221.17,1
2024-08-22,2024-08-22 11:57:00,497.9,497.93,497.9,497.93,0.01,77.4,39221.17,1
2024-08-22,2024-08-22 11:58:00,497.93,497.97,497.93,497.97,0.01,77.4,39221.17,1
2024-08-22,2024-08-22 11:59:00,497.97,498.0,497.97,498.0,0.01,77.4,39221.17,1
2024-08-22,2024-08-22 12:00:00,498.0,498.03,498.0,498.03,0.01,77.4,39221.17,1
2024-08-22,2024-08-22 12:01:00,498.03,498.07,498.03,498.07,0.01,77.4,39221.17,1
2024-08-22,2024-08-22 12:02:00,498.07,498.1,498.07,498.1,0.01,77.4,39221.17,1
2024-08-22,2024-08-22 12:03:00,498.1,498.13,498.1,498.13,0.01,77.4,39221.17,1
2024-08-22,2024-08-22 12:04:00,498.13,498.17,498.13,498.17,0.01,77.4,39221.17,1
2024-08-22,2024-08-22 12:05:00,498.17,498.2,498.17,498.2,0.01,77.4,39221.17,1
2024-08-22,2024-08-22 12:06:00,498.2,498.23,498.2,498.23,0.01,77.4,39221.17,1
2024-08-22,2024-08-22 12:07:00,498.23,498.27,498.23,498.27,0.01,77.4,39221.17,1
2024-08-22,2024-08-22 12:08:00,498.27,498.3,498.27,498.3,0.01,77.4,39221.17,1
2024-08-22,2024-08-22 12:09:00,498.3,498.33,498.3,498.33,0.01,77.4,39221.17,1
2024-08-22,2024-08-22 12:10:00,498.33,498.37,498.33,498.37,0.01,77.4,39221.17,1
2024-08-22,2024-08-22 12:11:00,498.37,498.4,498.37,498.4,0.01,77.4,39221.17,1
2024-08-22,2024-08-22 12:12:00,498.4,498.43,498.4,498.43,0.01,77.4,39221.17,1
2024-08-22,2024-08-22 12:13:00,498.43,498.47,498.43,498.47,0.01,77.4,39221.17,1
2024-08-22,2024-08-22 12:14:00,498.47,498.5,498.47,498.5,0.01,77.4,39221.17,1
2024-08-22,2024-08-22 12:15:00,498.5,498.53,498.5,498.53,0.01,77.4,39221.17,1
2024-08-22,2024-08-22 12:16:00,498.53,498.57,498.53,498.57,0.01,77.4,39221.17,1
2024-08-22,2024-08-22 12:17:00,498.57,498.6,498.57,498.6,0.01,77.4,39221.17,1
2024-08-22,2024-08-22 12:18:00,498.6,498.63,498.6,498.63,0.01,77.4,39221.17,1
2024-08-22,2024-08-22 12:19:00,498.63,498.67,498.63,498.67,0.01,77.4,39221.17,1
2024-08-22,2024-08-22 12:20:00,498.67,498.7,498.67,498.7,0.01,77.4,39221.17,1
2024-08-22,2024-08-22 12:21:00,498.7,498.73,498.7,498.73,0.01,77.4,39221.17,1
2024-08-22,2024-08-22 12:22:00,498.73,498.77,498.73,498.77,0.01,77.4,39221.17,1
2024-08-22,2024-08-22 12:23:00,498.77,498.8,498.77,498.8,0.01,77.4,39221.17,1
2024-08-22,2024-08-22 12:24:00,498.8,498.83,498.8,498.83,0.01,77.4,39221.17,1
2024-08-22,2024-08-22 12:25:00,498.83,498.87,498.83,498.87,0.01,77.4,39221.17,1
2024-08-22,2024-08-22 12:26:00,498.87,498.9,498.87,498.9,0.01,77.4,39221.17,1
2024-08-22,2024-08-22 12:27:00,498.9,498.93,498.9,498.93,0.01,77.4,39221.17,1
2024-08-22,2024-08-22 12:28:00,498.93,498.97,498.93,498.97,0.01,77.4,39221.17,1
2024-08-22,2024-08-22 12:29:00,498.97,499.0,498.97,499.0,0.01,77.4,39221.17,1
2024-08-22,2024-08-22 12:30:00,499.0,499.03,499.0,499.03,0.01,77.4,39221.17,1
2024-08-22,2024-08-22 12:31:00,499.03,499.07,499.03,499.07,0.01,77.4,39221.17,1
2024-08-22,2024-08-22 12:32:00,499.07,499.1,499.07,499.1,0.01,77.4,39221.17,1
2024-08-22,2024-08-22 12:33:00,499.1,499.13,499.1,499.13,0.01,77.4,39221.17,1
2024-08-22,2024-08-22 12:34:00,499.13,499.17,499.13,499.17,0.01,77.4,39221.17,1
2024-08-22,2024-08-22 12:35:00,499.17,499.2,499.17,499.2,0.01,77.4,39221.17,1
2024-08-22,2024-08-22 12:36:00,499.2,499.23,499.2,499.23,0.01,77.4,39221.17,1
2024-08-22,2024-08-22 12:37:00,499.23,499.27,499.23,499.27,0.01,77.4,39221.17,1
2024-08-22,2024-08-22 12:38:00,499.27,499.3,499.27,499.3,0.01,77.4,39221.17,1
2024-08-22,2024-08-22 12:39:00,499.3,499.33,499.3,499.33,0.01,77.4,39221.17,1
2024-08-22,2024-08-22 12:40:00,499.33,499.37,499.33,499.37,0.01,77.4,39221.17,1
2024-08-22,2024-08-22 12:41:00,499.37,499.4,499.37,499.4,0.01,77.4,39221.17,1
2024-08-22,2024-08-22 12:42:00,499.4,499.43,499.4,499.43,0.01,77.4,39221.17,1
2024-08-22,2024-08-22 12:43:00,499.43,499.47,499.43,499.47,0.01,77.4,39221.17,1
2024-08-22,2024-08-22 12:44:00,499.47,499.5,499.47,499.5,0.01,77.4,39221.17,1
2024-08-22,2024-08-22 12:45:00,499.5,499.53,499.5,499.53,0.01,77.4,39221.17,1
2024-08-22,2024-08-22 12:46:00,499.53,499.57,499.53,499.57,0.01,77.4,39221.17,1
2024-08-22,2024-08-22 12:47:00,499.57,499.6,499.57,499.6,0.01,77.4,39221.17,1
2024-08-22,2024-08-22 12:48:00,499.6,499.63,499.6,499.63,0.01,77.4,39221.17,1
2024-08-22,2024-08-22 12:49:00,499.63,499.67,499.63,499.67,0.01,77.4,39221.17,1
2024-08-22,2024-08-22 12:50:00,499.67,499.7,499.67,499.7,0.01,77.4,39221.17,1
2024-08-22,2024-08-22 12:51:00,499.7,499.73,499.7,499.73,0.01,77.4,39221.17,1
2024-08-22,2024-08-22 12:52:00,499.73,499.77,499.73,499.77,0.01,77.4,39221.17,1
2024-08-22,2024-08-22 12:53:00,499.77,499.8,499.77,499.8,0.01,77.4,39221.17,1
2024-08-22,2024-08-22 12:54:00,499.8,499.83,499.8,499.83,0.01,77.4,39221.17,1
2024-08-22,2024-08-22 12:55:00,499.83,499.87,499.83,499.87,0.01,77.4,39221.17,1
2024-08-22,2024-08-22 12:56:00,499.87,499.9,499.87,499.9,0.01,77.4,39221.17,1
2024-08-22,2024-08-22 12:57:00,499.9,499.93,499.9,499.93,0.01,77.4,39221.17,1
2024-08-22,2024-08-22 12:58:00,499.93,499.97,499.93,499.97,0.01,77.4,39221.17,1
2024-08-22,2024-08-22 12:59:00,499.97,500.0,499.97,500.0,0.01,77.4,39221.17,1
2024-08-22,2024-08-22 13:00:00,500.0,520.0,496.0,500.03,0.01,77.4,39221.17,1
2024-08-22,2024-08-22 13:01:00,500.03,500.07,500.03,500.07,0.01,77.4,39221.17,1
2024-08-22,2024-08-22 13:02:00,500.07,500.1,500.07,500.1,0.01,77.4,39221.17,1
2024-08-22,2024-08-22 13:03:00,500.1,500.13,500.1,500.13,0.01,77.4,39221.17,1
2024-08-22,2024-08-22 13:04:00,500.13,500.17,500.13,500.17,0.01,77.4,39221.17,1
2024-08-22,2024-08-22 13:05:00,500.17,500.2,500.17,500.2,0.01,77.4,39221.17,1
2024-08-22,2024-08-22 13:06:00,500.2,500.23,500.2,500.23,0.01,77.4,39221.17,1
2024-08-22,2024-08-22 13:07:00,500.23,500.27,500.23,500.27,0.01,77.4,39221.17,1
2024-08-22,2024-08-22 13:08:00,500.27,500.3,500.27,500.3,0.01,77.4,39221.17,1
2024-08-22,2024-08-22 13:09:00,500.3,500.33,500.3,500.33,0.01,77.4,39221.17,1
2024-08-22,2024-08-22 13:10:00,500.33,500.37,500.33,500.37,0.01,77.4,39221.17,1
2024-08-22,2024-08-22 13:11:00,500.37,500.4,500.37,500.4,0.01,77.4,39221.17,1
2024-08-22,2024-08-22 13:12:00,500.4,500.43,500.4,500.43,0.01,77.4,39221.17,1
2024-08-22,2024-08-22 13:13:00,500.43,500.47,500.43,500.47,0.01,77.4,39221.17,1
2024-08-22,2024-08-22 13:14:00,500.47,500.5,500.47,500.5,0.01,77.4,39221.17,1
2024-08-22,2024-08-22 13:15:00,500.5,500.53,500.5,500.53,0.01,77.4,39221.17,1
2024-08-22,2024-08-22 13:16:00,500.53,500.57,500.53,500.57,0.01,77.4,39221.17,1
2024-08-22,2024-08-22 13:17:00,500.57,500.6,500.57,500.6,0.01,77.4,39221.17,1
2024-08-22,2024-08-22 13:18:00,500.6,500.63,500.6,500.63,0.01,77.4,39221.17,1
2024-08-22,2024-08-22 13:19:00,500.63,500.67,500.63,500.67,0.01,77.4,39221.17,1
2024-08-22,2024-08-22 13:20:00,500.67,500.7,500.67,500.7,0.01,77.4,39221.17,1
2024-08-22,2024-08-22 13:21:00,500.7,500.73,500.7,500.73,0.01,77.4,39221.17,1
2024-08-22,2024-08-22 13:22:00,500.73,500.77,500.73,500.77,0.01,77.4,39221.17,1
2024-08-22,2024-08-22 13:23:00,500.77,500.8,500.77,500.8,0.01,77.4,39221.17,1
2024-08-22,2024-08-22 13:24:00,500.8,500.83,500.8,500.83,0.01,77.4,39221.17,1
2024-08-22,2024-08-22 13:25:00,500.83,500.87,500.83,500.87,0.01,77.4,39221.17,1
2024-08-22,2024-08-22 13:26:00,500.87,500.9,500.87,500.9,0.01,77.4,39221.17,1
2024-08-22,2024-08-22 13:27:00,500.9,500.93,500.9,500.93,0.01,77.4,39221.17,1
2024-08-22,2024-08-22 13:28:00,500.93,500.97,500.93,500.97,0.01,77.4,39221.17,1
2024-08-22,2024-08-22 13:29:00,500.97,501.0,500.97,501.0,0.01,77.4,39221.17,1
2024-08-22,2024-08-22 13:30:00,501.0,501.03,501.0,501.03,0.01,77.4,39221.17,1
2024-08-22,2024-08-22 13:31:00,501.03,501.07,501.03,501.07,0.01,77.4,39221.17,1
2024-08-22,2024-08-22 13:32:00,501.07,501.1,501.07,501.1,0.01,77.4,39221.17,1
2024-08-22,2024-08-22 13:33:00,501.1,501.13,501.1,501.13,0.01,77.4,39221.17,1
2024-08-22,2024-08-22 13:34:00,501.13,501.17,501.13,501.17,0.01,77.4,39221.17,1
2024-08-22,2024-08-22 13:35:00,501.17,501.2,501.17,501.2,0.01,77.4,39221.17,1
2024-08-22,2024-08-22 13:36:00,501.2,501.23,501.2,501.23,0.01,77.4,39221.17,1
2024-08-22,2024-08-22 13:37:00,501.23,501.27,501.23,501.27,0.01,77.4,39221.17,1
2024-08-22,2024-08-22 13:38:00,501.27,501.3,501.27,501.3,0.01,77.4,39221.17,1
2024-08-22,2024-08-22 13:39:00,501.3,501.33,501.3,501.33,0.01,77.4,39221.17,1
2024-08-22,2024-08-22 13:40:00,501.33,501.37,501.33,501.37,0.01,77.4,39221.17,1
2024-08-22,2024-08-22 13:41:00,501.37,501.4,501.37,501.4,0.01,77.4,39221.17,1
2024-08-22,2024-08-22 13:42:00,501.4,501.43,501.4,501.43,0.01,77.4,39221.17,1
2024-08-22,2024-08-22 13:43:00,501.43,501.47,501.43,501.47,0.01,77.4,39221.17,1
2024-08-22,2024-08-22 13:44:00,501.47,501.5,501.47,501.5,0.01,77.4,39221.17,1
2024-08-22,2024-08-22 13:45:00,501.5,501.53,501.5,501.53,0.01,77.4,39221.17,1
2024-08-22,2024-08-22 13:46:00,501.53,501.57,501.53,501.57,0.01,77.4,39221.17,1
2024-08-22,2024-08-22 13:47:00,501.57,501.6,501.57,501.6,0.01,77.4,39221.17,1
2024-08-22,2024-08-22 13:48:00,501.6,501.63,501.6,501.63,0.01,77.4,39221.17,1
2024-08-22,2024-08-22 13:49:00,501.63,501.67,501.63,501.67,0.01,77.4,39221.17,1
2024-08-22,2024-08-22 13:50:00,501.67,501.7,501.67,501.7,0.01,77.4,39221.17,1
2024-08-22,2024-08-22 13:51:00,501.7,501.73,501.7,501.73,0.01,77.4,39221.17,1
2024-08-22,2024-08-22 13:52:00,501.73,501.77,501.73,501.77,0.01,77.4,39221.17,1
2024-08-22,2024-08-22 13:53:00,501.77,501.8,501.77,501.8,0.01,77.4,39221.17,1
2024-08-22,2024-08-22 13:54:00,501.8,501.83,501.8,501.83,0.01,77.4,39221.17,1
2024-08-22,2024-08-22 13:55:00,501.83,501.87,501.83,501.87,0.01,77.4,39221.17,1
2024-08-22,2024-08-22 13:56:00,501.87,501.9,501.87,501.9,0.01,77.4,39221.17,1
2024-08-22,2024-08-22 13:57:00,501.9,501.93,501.9,501.93,0.01,77.4,39221.17,1
2024-08-22,2024-08-22 13:58:00,501.93,501.97,501.93,501.97,0.01,77.4,39221.17,1
2024-08-22,2024-08-22 13:59:00,501.97,502.0,501.97,502.0,0.01,77.4,39221.17,1
2024-08-22,2024-08-22 14:00:00,502.0,502.03,502.0,502.03,0.01,77.4,39221.17,1
2024-08-22,2024-08-22 14:01:00,502.03,502.07,502.03,502.07,0.01,77.4,39221.17,1
2024-08-22,2024-08-22 14:02:00,502.07,502.1,502.07,502.1,0.01,77.4,39221.17,1
2024-08-22,2024-08-22 14:03:00,502.1,502.13,502.1,502.13,0.01,77.4,39221.17,1
2024-08-22,2024-08-22 14:04:00,502.13,502.17,502.13,502.17,0.01,77.4,39221.17,1
2024-08-22,2024-08-22 14:05:00,502.17,502.2,502.17,502.2,0.01,77.4,39221.17,1
2024-08-22,2024-08-22 14:06:00,502.2,502.23,502.2,502.23,0.01,77.4,39221.17,1
2024-08-22,2024-08-22 14:07:00,502.23,502.27,502.23,502.27,0.01,77.4,39221.17,1
2024-08-22,2024-08-22 14:08:00,502.27,502.3,502.27,502.3,0.01,77.4,39221.17,1
2024-08-22,2024-08-22 14:09:00,502.3,502.33,502.3,502.33,0.01,77.4,39221.17,1
2024-08-22,2024-08-22 14:10:00,502.33,502.37,502.33,502.37,0.01,77.4,39221.17,1
2024-08-22,2024-08-22 14:11:00,502.37,502.4,502.37,502.4,0.01,77.4,39221.17,1
2024-08-22,2024-08-22 14:12:00,502.4,502.43,502.4,502.43,0.01,77.4,39221.17,1
2024-08-22,2024-08-22 14:13:00,502.43,502.47,502.43,502.47,0.01,77.4,39221.17,1
2024-08-22,2024-08-22 14:14:00,502.47,502.5,502.47,502.5,0.01,77.4,39221.17,1
2024-08-22,2024-08-22 14:15:00,502.5,502.53,502.5,502.53,0.01,77.4,39221.17,1
2024-08-22,2024-08-22 14:16:00,502.53,502.57,502.53,502.57,0.01,77.4,39221.17,1
2024-08-22,2024-08-22 14:17:00,502.57,502.6,502.57,502.6,0.01,77.4,39221.17,1
2024-08-22,2024-08-22 14:18:00,502.6,502.63,502.6,502.63,0.01,77.4,39221.17,1
2024-08-22,2024-08-22 14:19:00,502.63,502.67,502.63,502.67,0.01,77.4,39221.17,1
2024-08-22,2024-08-22 14:20:00,502.67,502.7,502.67,502.7,0.01,77.4,39221.17,1
2024-08-22,2024-08-22 14:21:00,502.7,502.73,502.7,502.73,0.01,77.4,39221.17,1
2024-08-22,2024-08-22 14:22:00,502.73,502.77,502.73,502.77,0.01,77.4,39221.17,1
2024-08-22,2024-08-22 14:23:00,502.77,502.8,502.77,502.8,0.01,77.4,39221.17,1
2024-08-22,2024-08-22 14:24:00,502.8,502.83,502.8,502.83,0.01,77.4,39221.17,1
2024-08-22,2024-08-22 14:25:00,502.83,502.87,502.83,502.87,0.01,77.4,39221.17,1
2024-08-22,2024-08-22 14:26:00,502.87,502.9,502.87,502.9,0.01,77.4,39221.17,1
2024-08-22,2024-08-22 14:27:00,502.9,502.93,502.9,502.93,0.01,77.4,39221.17,1
2024-08-22,2024-08-22 14:28:00,502.93,502.97,502.93,502.97,0.01,77.4,39221.17,1
2024-08-22,2024-08-22 14:29:00,502.97,503.0,502.97,503.0,0.01,77.4,39221.17,1
2024-08-22,2024-08-22 14:30:00,503.0,503.03,503.0,503.03,0.01,77.4,39221.17,1
2024-08-22,2024-08-22 14:31:00,503.03,503.07,503.03,503.07,0.01,77.4,39221.17,1
2024-08-22,2024-08-22 14:32:00,503.07,503.1,503.07,503.1,0.01,77.4,39221.17,1
2024-08-22,2024-08-22 14:33:00,503.1,503.13,503.1,503.13,0.01,77.4,39221.17,1
2024-08-22,2024-08-22 14:34:00,503.13,503.17,503.13,503.17,0.01,77.4,39221.17,1
2024-08-22,2024-08-22 14:35:00,503.17,503.2,503.17,503.2,0.01,77.4,39221.17,1
2024-08-22,2024-08-22 14:36:00,503.2,503.23,503.2,503.23,0.01,77.4,39221.17,1
2024-08-22,2024-08-22 14:37:00,503.23,503.27,503.23,503.27,0.01,77.4,39221.17,1
2024-08-22,2024-08-22 14:38:00,503.27,503.3,503.27,503.3,0.01,77.4,39221.17,1
2024-08-22,2024-08-22 14:39:00,503.3,503.33,503.3,503.33,0.01,77.4,39221.17,1
2024-08-22,2024-08-22 14:40:00,503.33,503.37,503.33,503.37,0.01,77.4,39221.17,1
2024-08-22,2024-08-22 14:41:00,503.37,503.4,503.37,503.4,0.01,77.4,39221.17,1
2024-08-22,2024-08-22 14:42:00,503.4,503.43,503.4,503.43,0.01,77.4,39221.17,1
2024-08-22,2024-08-22 14:43:00,503.43,503.47,503.43,503.47,0.01,77.4,39221.17,1
2024-08-22,2024-08-22 14:44:00,503.47,503.5,503.47,503.5,0.01,77.4,39221.17,1
2024-08-22,2024-08-22 14:45:00,503.5,503.53,503.5,503.53,0.01,77.4,39221.17,1
2024-08-22,2024-08-22 14:46:00,503.53,503.57,503.53,503.57,0.01,77.4,39221.17,1
2024-08-22,2024-08-22 14:47:00,503.57,503.6,503.57,503.6,0.01,77.4,39221.17,1
2024-08-22,2024-08-22 14:48:00,503.6,503.63,503.6,503.63,0.01,77.4,39221.17,1
2024-08-22,2024-08-22 14:49:00,503.63,503.67,503.63,503.67,0.01,77.4,39221.17,1
2024-08-22,2024-08-22 14:50:00,503.67,503.7,503.67,503.7,0.01,77.4,39221.17,1
2024-08-22,2024-08-22 14:51:00,503.7,503.73,503.7,503.73,0.01,77.4,39221.17,1
2024-08-22,2024-08-22 14:52:00,503.73,503.77,503.73,503.77,0.01,77.4,39221.17,1
2024-08-22,2024-08-22 14:53:00,503.77,503.8,503.77,503.8,0.01,77.4,39221.17,1
2024-08-22,2024-08-22 14:54:00,503.8,503.83,503.8,503.83,0.01,77.4,39221.17,1
2024-08-22,2024-08-22 14:55:00,503.83,503.87,503.83,503.87,0.01,77.4,39221.17,1
2024-08-22,2024-08-22 14:56:00,503.87,503.9,503.87,503.9,0.01,77.4,39221.17,1
2024-08-22,2024-08-22 14:57:00,503.9,503.93,503.9,503.93,0.01,77.4,39221.17,1
2024-08-22,2024-08-22 14:58:00,503.93,503.97,503.93,503.97,0.01,77.4,39221.17,1
2024-08-22,2024-08-22 14:59:00,503.97,504.0,503.97,504.0,0.01,77.4,39221.17,1
2024-08-22,2024-08-22 15:00:00,504.0,520.0,496.0,504.0,0.0,77.4,39221.17,0
2024-08-25,2024-08-25 11:00:00,504.0,504.3,497.4,503.96,-0.01,73.16,35851.9,-1
2024-08-25,2024-08-25 11:01:00,503.96,503.96,503.93,503.93,-0.01,73.16,35851.9,-1
2024-08-25,2024-08-25 11:02:00,503.93,503.93,503.89,503.89,-0.01,73.16,35851.9,-1
2024-08-25,2024-08-25 11:03:00,503.89,503.89,503.85,503.85,-0.01,73.16,35851.9,-1
2024-08-25,2024-08-25 11:04:00,503.85,503.85,503.81,503.81,-0.01,73.16,35851.9,-1
2024-08-25,2024-08-25 11:05:00,503.81,503.81,503.77,503.77,-0.01,73.16,35851.9,-1
2024-08-25,2024-08-25 11:06:00,503.77,503.77,503.74,503.74,-0.01,73.16,35851.9,-1
2024-08-25,2024-08-25 11:07:00,503.74,503.74,503.7,503.7,-0.01,73.16,35851.9,-1
2024-08-25,2024-08-25 11:08:00,503.7,503.7,503.66,503.66,-0.01,73.16,35851.9,-1
2024-08-25,2024-08-25 11:09:00,503.66,503.66,503.62,503.62,-0.01,73.16,35851.9,-1
2024-08-25,2024-08-25 11:10:00,503.62,503.62,503.59,503.59,-0.01,73.16,35851.9,-1
2024-08-25,2024-08-25 11:11:00,503.59,503.59,503.55,503.55,-0.01,73.16,35851.9,-1
2024-08-25,2024-08-25 11:12:00,503.55,503.55,503.51,503.51,-0.01,73.16,35851.9,-1
2024-08-25,2024-08-25 11:13:00,503.51,503.51,503.48,503.48,-0.01,73.16,35851.9,-1
2024-08-25,2024-08-25 11:14:00,503.48,503.48,503.44,503.44,-0.01,73.16,35851.9,-1
2024-08-25,2024-08-25 11:15:00,503.44,503.44,503.4,503.4,-0.01,73.16,35851.9,-1
2024-08-25,2024-08-25 11:16:00,503.4,503.4,503.36,503.36,-0.01,73.16,35851.9,-1
2024-08-25,2024-08-25 11:17:00,503.36,503.36,503.32,503.32,-0.01,73.16,35851.9,-1
2024-08-25,2024-08-25 11:18:00,503.32,503.32,503.29,503.29,-0.01,73.16,35851.9,-1
2024-08-25,2024-08-25 11:19:00,503.29,503.29,503.25,503.25,-0.01,73.16,35851.9,-1
2024-08-25,2024-08-25 11:20:00,503.25,503.25,503.21,503.21,-0.01,73.16,35851.9,-1
2024-08-25,2024-08-25 11:21:00,503.21,503.21,503.18,503.18,-0.01,73.16,35851.9,-1
2024-08-25,2024-08-25 11:22:00,503.18,503.18,503.14,503.14,-0.01,73.16,35851.9,-1
2024-08-25,2024-08-25 11:23:00,503.14,503.14,503.1,503.1,-0.01,73.16,35851.9,-1
2024-08-25,2024-08-25 11:24:00,503.1,503.1,503.06,503.06,-0.01,73.16,35851.9,-1
2024-08-25,2024-08-25 11:25:00,503.06,503.06,503.02,503.02,-0.01,73.16,35851.9,-1
2024-08-25,2024-08-25 11:26:00,503.02,503.02,502.99,502.99,-0.01,73.16,35851.9,-1
2024-08-25,2024-08-25 11:27:00,502.99,502.99,502.95,502.95,-0.01,73.16,35851.9,-1
2024-08-25,2024-08-25 11:28:00,502.95,502.95,502.91,502.91,-0.01,73.16,35851.9,-1
2024-08-25,2024-08-25 11:29:00,502.91,502.91,502.88,502.88,-0.01,73.16,35851.9,-1
2024-08-25,2024-08-25 11:30:00,502.88,502.88,502.84,502.84,-0.01,73.16,35851.9,-1
2024-08-25,2024-08-25 11:31:00,502.84,502.84,502.8,502.8,-0.01,73.16,35851.9,-1
2024-08-25,2024-08-25 11:32:00,502.8,502.8,502.76,502.76,-0.01,73.16,35851.9,-1
2024-08-25,2024-08-25 11:33:00,502.76,502.76,502.73,502.73,-0.01,73.16,35851.9,-1
2024-08-25,2024-08-25 11:34:00,502.73,502.73,502.69,502.69,-0.01,73.16,35851.9,-1
2024-08-25,2024-08-25 11:35:00,502.69,502.69,502.65,502.65,-0.01,73.16,35851.9,-1
2024-08-25,2024-08-25 11:36:00,502.65,502.65,502.61,502.61,-0.01,73.16,35851.9,-1
2024-08-25,2024-08-25 11:37:00,502.61,502.61,502.57,502.57,-0.01,73.16,35851.9,-1
2024-08-25,2024-08-25 11:38:00,502.57,502.57,502.54,502.54,-0.01,73.16,35851.9,-1
2024-08-25,2024-08-25 11:39:00,502.54,502.54,502.5,502.5,-0.01,73.16,35851.9,-1
2024-08-25,2024-08-25 11:40:00,502.5,502.5,502.46,502.46,-0.01,73.16,35851.9,-1
2024-08-25,2024-08-25 11:41:00,502.46,502.46,502.43,502.43,-0.01,73.16,35851.9,-1
2024-08-25,2024-08-25 11:42:00,502.43,502.43,502.39,502.39,-0.01,73.16,35851.9,-1
2024-08-25,2024-08-25 11:43:00,502.39,502.39,502.35,502.35,-0.01,73.16,35851.9,-1
2024-08-25,2024-08-25 11:44:00,502.35,502.35,502.31,502.31,-0.01,73.16,35851.9,-1
2024-08-25,2024-08-25 11:45:00,502.31,502.31,502.27,502.27,-0.01,73.16,35851.9,-1
2024-08-25,2024-08-25 11:46:00,502.27,502.27,502.24,502.24,-0.01,73.16,35851.9,-1
2024-08-25,2024-08-25 11:47:00,502.24,502.24,502.2,502.2,-0.01,73.16,35851.9,-1
2024-08-25,2024-08-25 11:48:00,502.2,502.2,502.16,502.16,-0.01,73.16,35851.9,-1
2024-08-25,2024-08-25 11:49:00,502.16,502.16,502.12,502.12,-0.01,73.16,35851.9,-1
2024-08-25,2024-08-25 11:50:00,502.12,502.12,502.09,502.09,-0.01,73.16,35851.9,-1
2024-08-25,2024-08-25 11:51:00,502.09,502.09,502.05,502.05,-0.01,73.16,35851.9,-1
2024-08-25,2024-08-25 11:52:00,502.05,502.05,502.01,502.01,-0.01,73.16,35851.9,-1
2024-08-25,2024-08-25 11:53:00,502.01,502.01,501.98,501.98,-0.01,73.16,35851.9,-1
2024-08-25,2024-08-25 11:54:00,501.98,501.98,501.94,501.94,-0.01,73.16,35851.9,-1
2024-08-25,2024-08-25 11:55:00,501.94,501.94,501.9,501.9,-0.01,73.16,35851.9,-1
2024-08-25,2024-08-25 11:56:00,501.9,501.9,501.86,501.86,-0.01,73.16,35851.9,-1
2024-08-25,2024-08-25 11:57:00,501.86,501.86,501.82,501.82,-0.01,73.16,35851.9,-1
2024-08-25,2024-08-25 11:58:00,501.82,501.82,501.79,501.79,-0.01,73.16,35851.9,-1
2024-08-25,2024-08-25 11:59:00,501.79,501.79,501.75,501.75,-0.01,73.16,35851.9,-1
2024-08-25,2024-08-25 12:00:00,501.75,501.75,501.71,501.71,-0.01,73.16,35851.9,-1
2024-08-25,2024-08-25 12:01:00,501.71,501.71,501.68,501.68,-0.01,73.16,35851.9,-1
2024-08-25,2024-08-25 12:02:00,501.68,501.68,501.64,501.64,-0.01,73.16,35851.9,-1
2024-08-25,2024-08-25 12:03:00,501.64,501.64,501.6,501.6,-0.01,73.16,35851.9,-1
2024-08-25,2024-08-25 12:04:00,501.6,501.6,501.56,501.56,-0.01,73.16,35851.9,-1
2024-08-25,2024-08-25 12:05:00,501.56,501.56,501.52,501.52,-0.01,73.16,35851.9,-1
2024-08-25,2024-08-25 12:06:00,501.52,501.52,501.49,501.49,-0.01,73.16,35851.9,-1
2024-08-25,2024-08-25 12:07:00,501.49,501.49,501.45,501.45,-0.01,73.16,35851.9,-1
2024-08-25,2024-08-25 12:08:00,501.45,501.45,501.41,501.41,-0.01,73.16,35851.9,-1
2024-08-25,2024-08-25 12:09:00,501.41,501.41,501.38,501.38,-0.01,73.16,35851.9,-1
2024-08-25,2024-08-25 12:10:00,501.38,501.38,501.34,501.34,-0.01,73.16,35851.9,-1
2024-08-25,2024-08-25 12:11:00,501.34,501.34,501.3,501.3,-0.01,73.16,35851.9,-1
2024-08-25,2024-08-25 12:12:00,501.3,501.3,501.26,501.26,-0.01,73.16,35851.9,-1
2024-08-25,2024-08-25 12:13:00,501.26,501.26,501.23,501.23,-0.01,73.16,35851.9,-1
2024-08-25,2024-08-25 12:14:00,501.23,501.23,501.19,501.19,-0.01,73.16,35851.9,-1
2024-08-25,2024-08-25 12:15:00,501.19,501.19,501.15,501.15,-0.01,73.16,35851.9,-1
2024-08-25,2024-08-25 12:16:00,501.15,501.15,501.11,501.11,-0.01,73.16,35851.9,-1
2024-08-25,2024-08-25 12:17:00,501.11,501.11,501.07,501.07,-0.01,73.16,35851.9,-1
2024-08-25,2024-08-25 12:18:00,501.07,501.07,501.04,501.04,-0.01,73.16,35851.9,-1
2024-08-25,2024-08-25 12:19:00,501.04,501.04,501.0,501.0,-0.01,73.16,35851.9,-1
2024-08-25,2024-08-25 12:20:00,501.0,501.0,500.96,500.96,-0.01,73.16,35851.9,-1
2024-08-25,2024-08-25 12:21:00,500.96,500.96,500.93,500.93,-0.01,73.16,35851.9,-1
2024-08-25,2024-08-25 12:22:00,500.93,500.93,500.89,500.89,-0.01,73.16,35851.9,-1
2024-08-25,2024-08-25 12:23:00,500.89,500.89,500.85,500.85,-0.01,73.16,35851.9,-1
2024-08-25,2024-08-25 12:24:00,500.85,500.85,500.81,500.81,-0.01,73.16,35851.9,-1
2024-08-25,2024-08-25 12:25:00,500.81,500.81,500.77,500.77,-0.01,73.16,35851.9,-1
2024-08-25,2024-08-25 12:26:00,500.77,500.77,500.74,500.74,-0.01,73.16,35851.9,-1
2024-08-25,2024-08-25 12:27:00,500.74,500.74,500.7,500.7,-0.01,73.16,35851.9,-1
2024-08-25,2024-08-25 12:28:00,500.7,500.7,500.66,500.66,-0.01,73.16,35851.9,-1
2024-08-25,2024-08-25 12:29:00,500.66,500.66,500.62,500.62,-0.01,73.16,35851.9,-1
2024-08-25,2024-08-25 12:30:00,500.62,500.62,500.59,500.59,-0.01,73.16,35851.9,-1
2024-08-25,2024-08-25 12:31:00,500.59,500.59,500.55,500.55,-0.01,73.16,35851.9,-1
2024-08-25,2024-08-25 12:32:00,500.55,500.55,500.51,500.51,-0.01,73.16,35851.9,-1
2024-08-25,2024-08-25 12:33:00,500.51,500.51,500.48,500.48,-0.01,73.16,35851.9,-1
2024-08-25,2024-08-25 12:34:00,500.48,500.48,500.44,500.44,-0.01,73.16,35851.9,-1
2024-08-25,2024-08-25 12:35:00,500.44,500.44,500.4,500.4,-0.01,73.16,35851.9,-1
2024-08-25,2024-08-25 12:36:00,500.4,500.4,500.36,500.36,-0.01,73.16,35851.9,-1
2024-08-25,2024-08-25 12:37:00,500.36,500.36,500.32,500.32,-0.01,73.16,35851.9,-1
2024-08-25,2024-08-25 12:38:00,500.32,500.32,500.29,500.29,-0.01,73.16,35851.9,-1
2024-08-25,2024-08-25 12:39:00,500.29,500.29,500.25,500.25,-0.01,73.16,35851.9,-1
2024-08-25,2024-08-25 12:40:00,500.25,500.25,500.21,500.21,-0.01,73.16,35851.9,-1
2024-08-25,2024-08-25 12:41:00,500.21,500.21,500.18,500.18,-0.01,73.16,35851.9,-1
2024-08-25,2024-08-25 12:42:00,500.18,500.18,500.14,500.14,-0.01,73.16,35851.9,-1
2024-08-25,2024-08-25 12:43:00,500.14,500.14,500.1,500.1,-0.01,73.16,35851.9,-1
2024-08-25,2024-08-25 12:44:00,500.1,500.1,500.06,500.06,-0.01,73.16,35851.9,-1
2024-08-25,2024-08-25 12:45:00,500.06,500.06,500.02,500.02,-0.01,73.16,35851.9,-1
2024-08-25,2024-08-25 12:46:00,500.02,500.02,499.99,499.99,-0.01,73.16,35851.9,-1
2024-08-25,2024-08-25 12:47:00,499.99,499.99,499.95,499.95,-0.01,73.16,35851.9,-1
2024-08-25,2024-08-25 12:48:00,499.95,499.95,499.91,499.91,-0.01,73.16,35851.9,-1
2024-08-25,2024-08-25 12:49:00,499.91,499.91,499.88,499.88,-0.01,73.16,35851.9,-1
2024-08-25,2024-08-25 12:50:00,499.88,499.88,499.84,499.84,-0.01,73.16,35851.9,-1
2024-08-25,2024-08-25 12:51:00,499.84,499.84,499.8,499.8,-0.01,73.16,35851.9,-1
2024-08-25,2024-08-25 12:52:00,499.8,499.8,499.76,499.76,-0.01,73.16,35851.9,-1
2024-08-25,2024-08-25 12:53:00,499.76,499.76,499.73,499.73,-0.01,73.16,35851.9,-1
2024-08-25,2024-08-25 12:54:00,499.73,499.73,499.69,499.69,-0.01,73.16,35851.9,-1
2024-08-25,2024-08-25 12:55:00,499.69,499.69,499.65,499.65,-0.01,73.16,35851.9,-1
2024-08-25,2024-08-25 12:56:00,499.65,499.65,499.61,499.61,-0.01,73.16,35851.9,-1
2024-08-25,2024-08-25 12:57:00,499.61,499.61,499.57,499.57,-0.01,73.16,35851.9,-1
2024-08-25,2024-08-25 12:58:00,499.57,499.57,499.54,499.54,-0.01,73.16,35851.9,-1
2024-08-25,2024-08-25 12:59:00,499.54,499.54,499.5,499.5,-0.01,73.16,35851.9,-1
2024-08-25,2024-08-25 13:00:00,499.5,505.0,482.0,499.46,-0.01,73.16,35851.9,-1
2024-08-25,2024-08-25 13:01:00,499.46,499.46,499.43,499.43,-0.01,73.16,35851.9,-1
2024-08-25,2024-08-25 13:02:00,499.43,499.43,499.39,499.39,-0.01,73.16,35851.9,-1
2024-08-25,2024-08-25 13:03:00,499.39,499.39,499.35,499.35,-0.01,73.16,35851.9,-1
2024-08-25,2024-08-25 13:04:00,499.35,499.35,499.31,499.31,-0.01,73.16,35851.9,-1
2024-08-25,2024-08-25 13:05:00,499.31,499.31,499.27,499.27,-0.01,73.16,35851.9,-1
2024-08-25,2024-08-25 13:06:00,499.27,499.27,499.24,499.24,-0.01,73.16,35851.9,-1
2024-08-25,2024-08-25 13:07:00,499.24,499.24,499.2,499.2,-0.01,73.16,35851.9,-1
2024-08-25,2024-08-25 13:08:00,499.2,499.2,499.16,499.16,-0.01,73.16,35851.9,-1
2024-08-25,2024-08-25 13:09:00,499.16,499.16,499.12,499.12,-0.01,73.16,35851.9,-1
2024-08-25,2024-08-25 13:10:00,499.12,499.12,499.09,499.09,-0.01,73.16,35851.9,-1
2024-08-25,2024-08-25 13:11:00,499.09,499.09,499.05,499.05,-0.01,73.16,35851.9,-1
2024-08-25,2024-08-25 13:12:00,499.05,499.05,499.01,499.01,-0.01,73.16,35851.9,-1
2024-08-25,2024-08-25 13:13:00,499.01,499.01,498.98,498.98,-0.01,73.16,35851.9,-1
2024-08-25,2024-08-25 13:14:00,498.98,498.98,498.94,498.94,-0.01,73.16,35851.9,-1
2024-08-25,2024-08-25 13:15:00,498.94,498.94,498.9,498.9,-0.01,73.16,35851.9,-1
2024-08-25,2024-08-25 13:16:00,498.9,498.9,498.86,498.86,-0.01,73.16,35851.9,-1
2024-08-25,2024-08-25 13:17:00,498.86,498.86,498.82,498.82,-0.01,73.16,35851.9,-1
2024-08-25,2024-08-25 13:18:00,498.82,498.82,498.79,498.79,-0.01,73.16,35851.9,-1
2024-08-25,2024-08-25 13:19:00,498.79,498.79,498.75,498.75,-0.01,73.16,35851.9,-1
2024-08-25,2024-08-25 13:20:00,498.75,498.75,498.71,498.71,-0.01,73.16,35851.9,-1
2024-08-25,2024-08-25 13:21:00,498.71,498.71,498.68,498.68,-0.01,73.16,35851.9,-1
2024-08-25,2024-08-25 13:22:00,498.68,498.68,498.64,498.64,-0.01,73.16,35851.9,-1
2024-08-25,2024-08-25 13:23:00,498.64,498.64,498.6,498.6,-0.01,73.16,35851.9,-1
2024-08-25,2024-08-25 13:24:00,498.6,498.6,498.56,498.56,-0.01,73.16,35851.9,-1
2024-08-25,2024-08-25 13:25:00,498.56,498.56,498.52,498.52,-0.01,73.16,35851.9,-1
2024-08-25,2024-08-25 13:26:00,498.52,498.52,498.49,498.49,-0.01,73.16,35851.9,-1
2024-08-25,2024-08-25 13:27:00,498.49,498.49,498.45,498.45,-0.01,73.16,35851.9,-1
2024-08-25,2024-08-25 13:28:00,498.45,498.45,498.41,498.41,-0.01,73.16,35851.9,-1
2024-08-25,2024-08-25 13:29:00,498.41,498.41,498.38,498.38,-0.01,73.16,35851.9,-1
2024-08-25,2024-08-25 13:30:00,498.38,498.38,498.34,498.34,-0.01,73.16,35851.9,-1
2024-08-25,2024-08-25 13:31:00,498.34,498.34,498.3,498.3,-0.01,73.16,35851.9,-1
2024-08-25,2024-08-25 13:32:00,498.3,498.3,498.26,498.26,-0.01,73.16,35851.9,-1
2024-08-25,2024-08-25 13:33:00,498.26,498.26,498.23,498.23,-0.01,73.16,35851.9,-1
2024-08-25,2024-08-25 13:34:00,498.23,498.23,498.19,498.19,-0.01,73.16,35851.9,-1
2024-08-25,2024-08-25 13:35:00,498.19,498.19,498.15,498.15,-0.01,73.16,35851.9,-1
2024-08-25,2024-08-25 13:36:00,498.15,498.15,498.11,498.11,-0.01,73.16,35851.9,-1
2024-08-25,2024-08-25 13:37:00,498.11,498.11,498.07,498.07,-0.01,73.16,35851.9,-1
2024-08-25,2024-08-25 13:38:00,498.07,498.07,498.04,498.04,-0.01,73.16,35851.9,-1
2024-08-25,2024-08-25 13:39:00,498.04,498.04,498.0,498.0,-0.01,73.16,35851.9,-1
2024-08-25,2024-08-25 13:40:00,498.0,498.0,497.96,497.96,-0.01,73.16,35851.9,-1
2024-08-25,2024-08-25 13:41:00,497.96,497.96,497.93,497.93,-0.01,73.16,35851.9,-1
2024-08-25,2024-08-25 13:42:00,497.93,497.93,497.89,497.89,-0.01,73.16,35851.9,-1
2024-08-25,2024-08-25 13:43:00,497.89,497.89,497.85,497.85,-0.01,73.16,35851.9,-1
2024-08-25,2024-08-25 13:44:00,497.85,497.85,497.81,497.81,-0.01,73.16,35851.9,-1
2024-08-25,2024-08-25 13:45:00,497.81,497.81,497.77,497.77,-0.01,73.16,35851.9,-1
2024-08-25,2024-08-25 13:46:00,497.77,497.77,497.74,497.74,-0.01,73.16,35851.9,-1
2024-08-25,2024-08-25 13:47:00,497.74,497.74,497.7,497.7,-0.01,73.16,35851.9,-1
2024-08-25,2024-08-25 13:48:00,497.7,497.7,497.66,497.66,-0.01,73.16,35851.9,-1
2024-08-25,2024-08-25 13:49:00,497.66,497.66,497.62,497.62,-0.01,73.16,35851.9,-1
2024-08-25,2024-08-25 13:50:00,497.62,497.62,497.59,497.59,-0.01,73.16,35851.9,-1
2024-08-25,2024-08-25 13:51:00,497.59,497.59,497.55,497.55,-0.01,73.16,35851.9,-1
2024-08-25,2024-08-25 13:52:00,497.55,497.55,497.51,497.51,-0.01,73.16,35851.9,-1
2024-08-25,2024-08-25 13:53:00,497.51,497.51,497.48,497.48,-0.01,73.16,35851.9,-1
2024-08-25,2024-08-25 13:54:00,497.48,497.48,497.44,497.44,-0.01,73.16,35851.9,-1
2024-08-25,2024-08-25 13:55:00,497.44,497.44,497.4,497.4,-0.01,73.16,35851.9,-1
2024-08-25,2024-08-25 13:56:00,497.4,497.4,497.36,497.36,-0.01,73.16,35851.9,-1
2024-08-25,2024-08-25 13:57:00,497.36,497.36,497.32,497.32,-0.01,73.16,35851.9,-1
2024-08-25,2024-08-25 13:58:00,497.32,497.32,497.29,497.29,-0.01,73.16,35851.9,-1
2024-08-25,2024-08-25 13:59:00,497.29,497.29,497.25,497.25,-0.01,73.16,35851.9,-1
2024-08-25,2024-08-25 14:00:00,497.25,497.25,497.21,497.21,-0.01,73.16,35851.9,-1
2024-08-25,2024-08-25 14:01:00,497.21,497.21,497.18,497.18,-0.01,73.16,35851.9,-1
2024-08-25,2024-08-25 14:02:00,497.18,497.18,497.14,497.14,-0.01,73.16,35851.9,-1
2024-08-25,2024-08-25 14:03:00,497.14,497.14,497.1,497.1,-0.01,73.16,35851.9,-1
2024-08-25,2024-08-25 14:04:00,497.1,497.1,497.06,497.06,-0.01,73.16,35851.9,-1
2024-08-25,2024-08-25 14:05:00,497.06,497.06,497.02,497.02,-0.01,73.16,35851.9,-1
2024-08-25,2024-08-25 14:06:00,497.02,497.02,496.99,496.99,-0.01,73.16,35851.9,-1
2024-08-25,2024-08-25 14:07:00,496.99,496.99,496.95,496.95,-0.01,73.16,35851.9,-1
2024-08-25,2024-08-25 14:08:00,496.95,496.95,496.91,496.91,-0.01,73.16,35851.9,-1
2024-08-25,2024-08-25 14:09:00,496.91,496.91,496.88,496.88,-0.01,73.16,35851.9,-1
2024-08-25,2024-08-25 14:10:00,496.88,496.88,496.84,496.84,-0.01,73.16,35851.9,-1
2024-08-25,2024-08-25 14:11:00,496.84,496.84,496.8,496.8,-0.01,73.16,35851.9,-1
2024-08-25,2024-08-25 14:12:00,496.8,496.8,496.76,496.76,-0.01,73.16,35851.9,-1
2024-08-25,2024-08-25 14:13:00,496.76,496.76,496.73,496.73,-0.01,73.16,35851.9,-1
2024-08-25,2024-08-25 14:14:00,496.73,496.73,496.69,496.69,-0.01,73.16,35851.9,-1
2024-08-25,2024-08-25 14:15:00,496.69,496.69,496.65,496.65,-0.01,73.16,35851.9,-1
2024-08-25,2024-08-25 14:16:00,496.65,496.65,496.61,496.61,-0.01,73.16,35851.9,-1
2024-08-25,2024-08-25 14:17:00,496.61,496.61,496.57,496.57,-0.01,73.16,35851.9,-1
2024-08-25,2024-08-25 14:18:00,496.57,496.57,496.54,496.54,-0.01,73.16,35851.9,-1
2024-08-25,2024-08-25 14:19:00,496.54,496.54,496.5,496.5,-0.01,73.16,35851.9,-1
2024-08-25,2024-08-25 14:20:00,496.5,496.5,496.46,496.46,-0.01,73.16,35851.9,-1
2024-08-25,2024-08-25 14:21:00,496.46,496.46,496.43,496.43,-0.01,73.16,35851.9,-1
2024-08-25,2024-08-25 14:22:00,496.43,496.43,496.39,496.39,-0.01,73.16,35851.9,-1
2024-08-25,2024-08-25 14:23:00,496.39,496.39,496.35,496.35,-0.01,73.16,35851.9,-1
2024-08-25,2024-08-25 14:24:00,496.35,496.35,496.31,496.31,-0.01,73.16,35851.9,-1
2024-08-25,2024-08-25 14:25:00,496.31,496.31,496.27,496.27,-0.01,73.16,35851.9,-1
2024-08-25,2024-08-25 14:26:00,496.27,496.27,496.24,496.24,-0.01,73.16,35851.9,-1
2024-08-25,2024-08-25 14:27:00,496.24,496.24,496.2,496.2,-0.01,73.16,35851.9,-1
2024-08-25,2024-08-25 14:28:00,496.2,496.2,496.16,496.16,-0.01,73.16,35851.9,-1
2024-08-25,2024-08-25 14:29:00,496.16,496.16,496.12,496.12,-0.01,73.16,35851.9,-1
2024-08-25,2024-08-25 14:30:00,496.12,496.12,496.09,496.09,-0.01,73.16,35851.9,-1
2024-08-25,2024-08-25 14:31:00,496.09,496.09,496.05,496.05,-0.01,73.16,35851.9,-1
2024-08-25,2024-08-25 14:32:00,496.05,496.05,496.01,496.01,-0.01,73.16,35851.9,-1
2024-08-25,2024-08-25 14:33:00,496.01,496.01,495.98,495.98,-0.01,73.16,35851.9,-1
2024-08-25,2024-08-25 14:34:00,495.98,495.98,495.94,495.94,-0.01,73.16,35851.9,-1
2024-08-25,2024-08-25 14:35:00,495.94,495.94,495.9,495.9,-0.01,73.16,35851.9,-1
2024-08-25,2024-08-25 14:36:00,495.9,495.9,495.86,495.86,-0.01,73.16,35851.9,-1
2024-08-25,2024-08-25 14:37:00,495.86,495.86,495.82,495.82,-0.01,73.16,35851.9,-1
2024-08-25,2024-08-25 14:38:00,495.82,495.82,495.79,495.79,-0.01,73.16,35851.9,-1
2024-08-25,2024-08-25 14:39:00,495.79,495.79,495.75,495.75,-0.01,73.16,35851.9,-1
2024-08-25,2024-08-25 14:40:00,495.75,495.75,495.71,495.71,-0.01,73.16,35851.9,-1
2024-08-25,2024-08-25 14:41:00,495.71,495.71,495.68,495.68,-0.01,73.16,35851.9,-1
2024-08-25,2024-08-25 14:42:00,495.68,495.68,495.64,495.64,-0.01,73.16,35851.9,-1
2024-08-25,2024-08-25 14:43:00,495.64,495.64,495.6,495.6,-0.01,73.16,35851.9,-1
2024-08-25,2024-08-25 14:44:00,495.6,495.6,495.56,495.56,-0.01,73.16,35851.9,-1
2024-08-25,2024-08-25 14:45:00,495.56,495.56,495.52,495.52,-0.01,73.16,35851.9,-1
2024-08-25,2024-08-25 14:46:00,495.52,495.52,495.49,495.49,-0.01,73.16,35851.9,-1
2024-08-25,2024-08-25 14:47:00,495.49,495.49,495.45,495.45,-0.01,73.16,35851.9,-1
2024-08-25,2024-08-25 14:48:00,495.45,495.45,495.41,495.41,-0.01,73.16,35851.9,-1
2024-08-25,2024-08-25 14:49:00,495.41,495.41,495.38,495.38,-0.01,73.16,35851.9,-1
2024-08-25,2024-08-25 14:50:00,495.38,495.38,495.34,495.34,-0.01,73.16,35851.9,-1
2024-08-25,2024-08-25 14:51:00,495.34,495.34,495.3,495.3,-0.01,73.16,35851.9,-1
2024-08-25,2024-08-25 14:52:00,495.3,495.3,495.26,495.26,-0.01,73.16,35851.9,-1
2024-08-25,2024-08-25 14:53:00,495.26,495.26,495.23,495.23,-0.01,73.16,35851.9,-1
2024-08-25,2024-08-25 14:54:00,495.23,495.23,495.19,495.19,-0.01,73.16,35851.9,-1
2024-08-25,2024-08-25 14:55:00,495.19,495.19,495.15,495.15,-0.01,73.16,35851.9,-1
2024-08-25,2024-08-25 14:56:00,495.15,495.15,495.11,495.11,-0.01,73.16,35851.9,-1
2024-08-25,2024-08-25 14:57:00,495.11,495.11,495.07,495.07,-0.01,73.16,35851.9,-1
2024-08-25,2024-08-25 14:58:00,495.07,495.07,495.04,495.04,-0.01,73.16,35851.9,-1
2024-08-25,2024-08-25 14:59:00,495.04,495.04,495.0,495.0,-0.01,73.16,35851.9,-1
2024-08-25,2024-08-25 15:00:00,495.0,505.0,482.0,495.0,0.0,73.16,35851.9,0
2024-08-27,2024-08-27 11:00:00,504.9,504.9,494.43,504.75,-0.03,58.7,28232.71,-1
2024-08-27,2024-08-27 11:01:00,504.75,504.75,504.61,504.61,-0.03,58.7,28232.71,-1
2024-08-27,2024-08-27 11:02:00,504.61,504.61,504.46,504.46,-0.03,58.7,28232.71,-1
2024-08-27,2024-08-27 11:03:00,504.46,504.46,504.32,504.32,-0.03,58.7,28232.71,-1
2024-08-27,2024-08-27 11:04:00,504.32,504.32,504.17,504.17,-0.03,58.7,28232.71,-1
2024-08-27,2024-08-27 11:05:00,504.17,504.17,504.03,504.03,-0.03,58.7,28232.71,-1
2024-08-27,2024-08-27 11:06:00,504.03,504.03,503.88,503.88,-0.03,58.7,28232.71,-1
2024-08-27,2024-08-27 11:07:00,503.88,503.88,503.74,503.74,-0.03,58.7,28232.71,-1
2024-08-27,2024-08-27 11:08:00,503.74,503.74,503.59,503.59,-0.03,58.7,28232.71,-1
2024-08-27,2024-08-27 11:09:00,503.59,503.59,503.45,503.45,-0.03,58.7,28232.71,-1
2024-08-27,2024-08-27 11:10:00,503.45,503.45,503.3,503.3,-0.03,58.7,28232.71,-1
2024-08-27,2024-08-27 11:11:00,503.3,503.3,503.15,503.15,-0.03,58.7,28232.71,-1
2024-08-27,2024-08-27 11:12:00,503.15,503.15,503.01,503.01,-0.03,58.7,28232.71,-1
2024-08-27,2024-08-27 11:13:00,503.01,503.01,502.86,502.86,-0.03,58.7,28232.71,-1
2024-08-27,2024-08-27 11:14:00,502.86,502.86,502.72,502.72,-0.03,58.7,28232.71,-1
2024-08-27,2024-08-27 11:15:00,502.72,502.72,502.57,502.57,-0.03,58.7,28232.71,-1
2024-08-27,2024-08-27 11:16:00,502.57,502.57,502.43,502.43,-0.03,58.7,28232.71,-1
2024-08-27,2024-08-27 11:17:00,502.43,502.43,502.28,502.28,-0.03,58.7,28232.71,-1
2024-08-27,2024-08-27 11:18:00,502.28,502.28,502.14,502.14,-0.03,58.7,28232.71,-1
2024-08-27,2024-08-27 11:19:00,502.14,502.14,501.99,501.99,-0.03,58.7,28232.71,-1
2024-08-27,2024-08-27 11:20:00,501.99,501.99,501.85,501.85,-0.03,58.7,28232.71,-1
2024-08-27,2024-08-27 11:21:00,501.85,501.85,501.7,501.7,-0.03,58.7,28232.71,-1
2024-08-27,2024-08-27 11:22:00,501.7,501.7,501.56,501.56,-0.03,58.7,28232.71,-1
2024-08-27,2024-08-27 11:23:00,501.56,501.56,501.41,501.41,-0.03,58.7,28232.71,-1
2024-08-27,2024-08-27 11:24:00,501.41,501.41,501.26,501.26,-0.03,58.7,28232.71,-1
2024-08-27,2024-08-27 11:25:00,501.26,501.26,501.12,501.12,-0.03,58.7,28232.71,-1
2024-08-27,2024-08-27 11:26:00,501.12,501.12,500.97,500.97,-0.03,58.7,28232.71,-1
2024-08-27,2024-08-27 11:27:00,500.97,500.97,500.83,500.83,-0.03,58.7,28232.71,-1
2024-08-27,2024-08-27 11:28:00,500.83,500.83,500.68,500.68,-0.03,58.7,28232.71,-1
2024-08-27,2024-08-27 11:29:00,500.68,500.68,500.54,500.54,-0.03,58.7,28232.71,-1
2024-08-27,2024-08-27 11:30:00,500.54,500.54,500.39,500.39,-0.03,58.7,28232.71,-1
2024-08-27,2024-08-27 11:31:00,500.39,500.39,500.25,500.25,-0.03,58.7,28232.71,-1
2024-08-27,2024-08-27 11:32:00,500.25,500.25,500.1,500.1,-0.03,58.7,28232.71,-1
2024-08-27,2024-08-27 11:33:00,500.1,500.1,499.96,499.96,-0.03,58.7,28232.71,-1
2024-08-27,2024-08-27 11:34:00,499.96,499.96,499.81,499.81,-0.03,58.7,28232.71,-1
2024-08-27,2024-08-27 11:35:00,499.81,499.81,499.66,499.66,-0.03,58.7,28232.71,-1
2024-08-27,2024-08-27 11:36:00,499.66,499.66,499.52,499.52,-0.03,58.7,28232.71,-1
2024-08-27,2024-08-27 11:37:00,499.52,499.52,499.37,499.37,-0.03,58.7,28232.71,-1
2024-08-27,2024-08-27 11:38:00,499.37,499.37,499.23,499.23,-0.03,58.7,28232.71,-1
2024-08-27,2024-08-27 11:39:00,499.23,499.23,499.08,499.08,-0.03,58.7,28232.71,-1
2024-08-27,2024-08-27 11:40:00,499.08,499.08,498.94,498.94,-0.03,58.7,28232.71,-1
2024-08-27,2024-08-27 11:41:00,498.94,498.94,498.79,498.79,-0.03,58.7,28232.71,-1
2024-08-27,2024-08-27 11:42:00,498.79,498.79,498.65,498.65,-0.03,58.7,28232.71,-1
2024-08-27,2024-08-27 11:43:00,498.65,498.65,498.5,498.5,-0.03,58.7,28232.71,-1
2024-08-27,2024-08-27 11:44:00,498.5,498.5,498.36,498.36,-0.03,58.7,28232.71,-1
2024-08-27,2024-08-27 11:45:00,498.36,498.36,498.21,498.21,-0.03,58.7,28232.71,-1
2024-08-27,2024-08-27 11:46:00,498.21,498.21,498.07,498.07,-0.03,58.7,28232.71,-1
2024-08-27,2024-08-27 11:47:00,498.07,498.07,497.92,497.92,-0.03,58.7,28232.71,-1
2024-08-27,2024-08-27 11:48:00,497.92,497.92,497.77,497.77,-0.03,58.7,28232.71,-1
2024-08-27,2024-08-27 11:49:00,497.77,497.77,497.63,497.63,-0.03,58.7,28232.71,-1
2024-08-27,2024-08-27 11:50:00,497.63,497.63,497.48,497.48,-0.03,58.7,28232.71,-1
2024-08-27,2024-08-27 11:51:00,497.48,497.48,497.34,497.34,-0.03,58.7,28232.71,-1
2024-08-27,2024-08-27 11:52:00,497.34,497.34,497.19,497.19,-0.03,58.7,28232.71,-1
2024-08-27,2024-08-27 11:53:00,497.19,497.19,497.05,497.05,-0.03,58.7,28232.71,-1
2024-08-27,2024-08-27 11:54:00,497.05,497.05,496.9,496.9,-0.03,58.7,28232.71,-1
2024-08-27,2024-08-27 11:55:00,496.9,496.9,496.76,496.76,-0.03,58.7,28232.71,-1
2024-08-27,2024-08-27 11:56:00,496.76,496.76,496.61,496.61,-0.03,58.7,28232.71,-1
2024-08-27,2024-08-27 11:57:00,496.61,496.61,496.47,496.47,-0.03,58.7,28232.71,-1
2024-08-27,2024-08-27 11:58:00,496.47,496.47,496.32,496.32,-0.03,58.7,28232.71,-1
2024-08-27,2024-08-27 11:59:00,496.32,496.32,496.17,496.17,-0.03,58.7,28232.71,-1
2024-08-27,2024-08-27 12:00:00,496.17,496.17,496.03,496.03,-0.03,58.7,28232.71,-1
2024-08-27,2024-08-27 12:01:00,496.03,496.03,495.88,495.88,-0.03,58.7,28232.71,-1
2024-08-27,2024-08-27 12:02:00,495.88,495.88,495.74,495.74,-0.03,58.7,28232.71,-1
2024-08-27,2024-08-27 12:03:00,495.74,495.74,495.59,495.59,-0.03,58.7,28232.71,-1
2024-08-27,2024-08-27 12:04:00,495.59,495.59,495.45,495.45,-0.03,58.7,28232.71,-1
2024-08-27,2024-08-27 12:05:00,495.45,495.45,495.3,495.3,-0.03,58.7,28232.71,-1
2024-08-27,2024-08-27 12:06:00,495.3,495.3,495.16,495.16,-0.03,58.7,28232.71,-1
2024-08-27,2024-08-27 12:07:00,495.16,495.16,495.01,495.01,-0.03,58.7,28232.71,-1
2024-08-27,2024-08-27 12:08:00,495.01,495.01,494.87,494.87,-0.03,58.7,28232.71,-1
2024-08-27,2024-08-27 12:09:00,494.87,494.87,494.72,494.72,-0.03,58.7,28232.71,-1
2024-08-27,2024-08-27 12:10:00,494.72,494.72,494.58,494.58,-0.03,58.7,28232.71,-1
2024-08-27,2024-08-27 12:11:00,494.58,494.58,494.43,494.43,-0.03,58.7,28232.71,-1
2024-08-27,2024-08-27 12:12:00,494.43,494.43,494.28,494.28,-0.03,58.7,28232.71,-1
2024-08-27,2024-08-27 12:13:00,494.28,494.28,494.14,494.14,-0.03,58.7,28232.71,-1
2024-08-27,2024-08-27 12:14:00,494.14,494.14,493.99,493.99,-0.03,58.7,28232.71,-1
2024-08-27,2024-08-27 12:15:00,493.99,493.99,493.85,493.85,-0.03,58.7,28232.71,-1
2024-08-27,2024-08-27 12:16:00,493.85,493.85,493.7,493.7,-0.03,58.7,28232.71,-1
2024-08-27,2024-08-27 12:17:00,493.7,493.7,493.56,493.56,-0.03,58.7,28232.71,-1
2024-08-27,2024-08-27 12:18:00,493.56,493.56,493.41,493.41,-0.03,58.7,28232.71,-1
2024-08-27,2024-08-27 12:19:00,493.41,493.41,493.27,493.27,-0.03,58.7,28232.71,-1
2024-08-27,2024-08-27 12:20:00,493.27,493.27,493.12,493.12,-0.03,58.7,28232.71,-1
2024-08-27,2024-08-27 12:21:00,493.12,493.12,492.98,492.98,-0.03,58.7,28232.71,-1
2024-08-27,2024-08-27 12:22:00,492.98,492.98,492.83,492.83,-0.03,58.7,28232.71,-1
2024-08-27,2024-08-27 12:23:00,492.83,492.83,492.69,492.69,-0.03,58.7,28232.71,-1
2024-08-27,2024-08-27 12:24:00,492.69,492.69,492.54,492.54,-0.03,58.7,28232.71,-1
2024-08-27,2024-08-27 12:25:00,492.54,492.54,492.39,492.39,-0.03,58.7,28232.71,-1
2024-08-27,2024-08-27 12:26:00,492.39,492.39,492.25,492.25,-0.03,58.7,28232.71,-1
2024-08-27,2024-08-27 12:27:00,492.25,492.25,492.1,492.1,-0.03,58.7,28232.71,-1
2024-08-27,2024-08-27 12:28:00,492.1,492.1,491.96,491.96,-0.03,58.7,28232.71,-1
2024-08-27,2024-08-27 12:29:00,491.96,491.96,491.81,491.81,-0.03,58.7,28232.71,-1
2024-08-27,2024-08-27 12:30:00,491.81,491.81,491.67,491.67,-0.03,58.7,28232.71,-1
2024-08-27,2024-08-27 12:31:00,491.67,491.67,491.52,491.52,-0.03,58.7,28232.71,-1
2024-08-27,2024-08-27 12:32:00,491.52,491.52,491.38,491.38,-0.03,58.7,28232.71,-1
2024-08-27,2024-08-27 12:33:00,491.38,491.38,491.23,491.23,-0.03,58.7,28232.71,-1
2024-08-27,2024-08-27 12:34:00,491.23,491.23,491.09,491.09,-0.03,58.7,28232.71,-1
2024-08-27,2024-08-27 12:35:00,491.09,491.09,490.94,490.94,-0.03,58.7,28232.71,-1
2024-08-27,2024-08-27 12:36:00,490.94,490.94,490.79,490.79,-0.03,58.7,28232.71,-1
2024-08-27,2024-08-27 12:37:00,490.79,490.79,490.65,490.65,-0.03,58.7,28232.71,-1
2024-08-27,2024-08-27 12:38:00,490.65,490.65,490.5,490.5,-0.03,58.7,28232.71,-1
2024-08-27,2024-08-27 12:39:00,490.5,490.5,490.36,490.36,-0.03,58.7,28232.71,-1
2024-08-27,2024-08-27 12:40:00,490.36,490.36,490.21,490.21,-0.03,58.7,28232.71,-1
2024-08-27,2024-08-27 12:41:00,490.21,490.21,490.07,490.07,-0.03,58.7,28232.71,-1
2024-08-27,2024-08-27 12:42:00,490.07,490.07,489.92,489.92,-0.03,58.7,28232.71,-1
2024-08-27,2024-08-27 12:43:00,489.92,489.92,489.78,489.78,-0.03,58.7,28232.71,-1
2024-08-27,2024-08-27 12:44:00,489.78,489.78,489.63,489.63,-0.03,58.7,28232.71,-1
2024-08-27,2024-08-27 12:45:00,489.63,489.63,489.49,489.49,-0.03,58.7,28232.71,-1
2024-08-27,2024-08-27 12:46:00,489.49,489.49,489.34,489.34,-0.03,58.7,28232.71,-1
2024-08-27,2024-08-27 12:47:00,489.34,489.34,489.19,489.19,-0.03,58.7,28232.71,-1
2024-08-27,2024-08-27 12:48:00,489.19,489.19,489.05,489.05,-0.03,58.7,28232.71,-1
2024-08-27,2024-08-27 12:49:00,489.05,489.05,488.9,488.9,-0.03,58.7,28232.71,-1
2024-08-27,2024-08-27 12:50:00,488.9,488.9,488.76,488.76,-0.03,58.7,28232.71,-1
2024-08-27,2024-08-27 12:51:00,488.76,488.76,488.61,488.61,-0.03,58.7,28232.71,-1
2024-08-27,2024-08-27 12:52:00,488.61,488.61,488.47,488.47,-0.03,58.7,28232.71,-1
2024-08-27,2024-08-27 12:53:00,488.47,488.47,488.32,488.32,-0.03,58.7,28232.71,-1
2024-08-27,2024-08-27 12:54:00,488.32,488.32,488.18,488.18,-0.03,58.7,28232.71,-1
2024-08-27,2024-08-27 12:55:00,488.18,488.18,488.03,488.03,-0.03,58.7,28232.71,-1
2024-08-27,2024-08-27 12:56:00,488.03,488.03,487.89,487.89,-0.03,58.7,28232.71,-1
2024-08-27,2024-08-27 12:57:00,487.89,487.89,487.74,487.74,-0.03,58.7,28232.71,-1
2024-08-27,2024-08-27 12:58:00,487.74,487.74,487.6,487.6,-0.03,58.7,28232.71,-1
2024-08-27,2024-08-27 12:59:00,487.6,487.6,487.45,487.45,-0.03,58.7,28232.71,-1
2024-08-27,2024-08-27 13:00:00,487.45,504.9,470.0,487.3,-0.03,58.7,28232.71,-1
2024-08-27,2024-08-27 13:01:00,487.3,487.3,487.16,487.16,-0.03,58.7,28232.71,-1
2024-08-27,2024-08-27 13:02:00,487.16,487.16,487.01,487.01,-0.03,58.7,28232.71,-1
2024-08-27,2024-08-27 13:03:00,487.01,487.01,486.87,486.87,-0.03,58.7,28232.71,-1
2024-08-27,2024-08-27 13:04:00,486.87,486.87,486.72,486.72,-0.03,58.7,28232.71,-1
2024-08-27,2024-08-27 13:05:00,486.72,486.72,486.58,486.58,-0.03,58.7,28232.71,-1
2024-08-27,2024-08-27 13:06:00,486.58,486.58,486.43,486.43,-0.03,58.7,28232.71,-1
2024-08-27,2024-08-27 13:07:00,486.43,486.43,486.29,486.29,-0.03,58.7,28232.71,-1
2024-08-27,2024-08-27 13:08:00,486.29,486.29,486.14,486.14,-0.03,58.7,28232.71,-1
2024-08-27,2024-08-27 13:09:00,486.14,486.14,486.0,486.0,-0.03,58.7,28232.71,-1
2024-08-27,2024-08-27 13:10:00,486.0,486.0,485.85,485.85,-0.03,58.7,28232.71,-1
2024-08-27,2024-08-27 13:11:00,485.85,485.85,485.7,485.7,-0.03,58.7,28232.71,-1
2024-08-27,2024-08-27 13:12:00,485.7,485.7,485.56,485.56,-0.03,58.7,28232.71,-1
2024-08-27,2024-08-27 13:13:00,485.56,485.56,485.41,485.41,-0.03,58.7,28232.71,-1
2024-08-27,2024-08-27 13:14:00,485.41,485.41,485.27,485.27,-0.03,58.7,28232.71,-1
2024-08-27,2024-08-27 13:15:00,485.27,485.27,485.12,485.12,-0.03,58.7,28232.71,-1
2024-08-27,2024-08-27 13:16:00,485.12,485.12,484.98,484.98,-0.03,58.7,28232.71,-1
2024-08-27,2024-08-27 13:17:00,484.98,484.98,484.83,484.83,-0.03,58.7,28232.71,-1
2024-08-27,2024-08-27 13:18:00,484.83,484.83,484.69,484.69,-0.03,58.7,28232.71,-1
2024-08-27,2024-08-27 13:19:00,484.69,484.69,484.54,484.54,-0.03,58.7,28232.71,-1
2024-08-27,2024-08-27 13:20:00,484.54,484.54,484.4,484.4,-0.03,58.7,28232.71,-1
2024-08-27,2024-08-27 13:21:00,484.4,484.4,484.25,484.25,-0.03,58.7,28232.71,-1
2024-08-27,2024-08-27 13:22:00,484.25,484.25,484.11,484.11,-0.03,58.7,28232.71,-1
2024-08-27,2024-08-27 13:23:00,484.11,484.11,483.96,483.96,-0.03,58.7,28232.71,-1
2024-08-27,2024-08-27 13:24:00,483.96,483.96,483.81,483.81,-0.03,58.7,28232.71,-1
2024-08-27,2024-08-27 13:25:00,483.81,483.81,483.67,483.67,-0.03,58.7,28232.71,-1
2024-08-27,2024-08-27 13:26:00,483.67,483.67,483.52,483.52,-0.03,58.7,28232.71,-1
2024-08-27,2024-08-27 13:27:00,483.52,483.52,483.38,483.38,-0.03,58.7,28232.71,-1
2024-08-27,2024-08-27 13:28:00,483.38,483.38,483.23,483.23,-0.03,58.7,28232.71,-1
2024-08-27,2024-08-27 13:29:00,483.23,483.23,483.09,483.09,-0.03,58.7,28232.71,-1
2024-08-27,2024-08-27 13:30:00,483.09,483.09,482.94,482.94,-0.03,58.7,28232.71,-1
2024-08-27,2024-08-27 13:31:00,482.94,482.94,482.8,482.8,-0.03,58.7,28232.71,-1
2024-08-27,2024-08-27 13:32:00,482.8,482.8,482.65,482.65,-0.03,58.7,28232.71,-1
2024-08-27,2024-08-27 13:33:00,482.65,482.65,482.51,482.51,-0.03,58.7,28232.71,-1
2024-08-27,2024-08-27 13:34:00,482.51,482.51,482.36,482.36,-0.03,58.7,28232.71,-1
2024-08-27,2024-08-27 13:35:00,482.36,482.36,482.21,482.21,-0.03,58.7,28232.71,-1
2024-08-27,2024-08-27 13:36:00,482.21,482.21,482.07,482.07,-0.03,58.7,28232.71,-1
2024-08-27,2024-08-27 13:37:00,482.07,482.07,481.92,481.92,-0.03,58.7,28232.71,-1
2024-08-27,2024-08-27 13:38:00,481.92,481.92,481.78,481.78,-0.03,58.7,28232.71,-1
2024-08-27,2024-08-27 13:39:00,481.78,481.78,481.63,481.63,-0.03,58.7,28232.71,-1
2024-08-27,2024-08-27 13:40:00,481.63,481.63,481.49,481.49,-0.03,58.7,28232.71,-1
2024-08-27,2024-08-27 13:41:00,481.49,481.49,481.34,481.34,-0.03,58.7,28232.71,-1
2024-08-27,2024-08-27 13:42:00,481.34,481.34,481.2,481.2,-0.03,58.7,28232.71,-1
2024-08-27,2024-08-27 13:43:00,481.2,481.2,481.05,481.05,-0.03,58.7,28232.71,-1
2024-08-27,2024-08-27 13:44:00,481.05,481.05,480.91,480.91,-0.03,58.7,28232.71,-1
2024-08-27,2024-08-27 13:45:00,480.91,480.91,480.76,480.76,-0.03,58.7,28232.71,-1
2024-08-27,2024-08-27 13:46:00,480.76,480.76,480.62,480.62,-0.03,58.7,28232.71,-1
2024-08-27,2024-08-27 13:47:00,480.62,480.62,480.47,480.47,-0.03,58.7,28232.71,-1
2024-08-27,2024-08-27 13:48:00,480.47,480.47,480.32,480.32,-0.03,58.7,28232.71,-1
2024-08-27,2024-08-27 13:49:00,480.32,480.32,480.18,480.18,-0.03,58.7,28232.71,-1
2024-08-27,2024-08-27 13:50:00,480.18,480.18,480.03,480.03,-0.03,58.7,28232.71,-1
2024-08-27,2024-08-27 13:51:00,480.03,480.03,479.89,479.89,-0.03,58.7,28232.71,-1
2024-08-27,2024-08-27 13:52:00,479.89,479.89,479.74,479.74,-0.03,58.7,28232.71,-1
2024-08-27,2024-08-27 13:53:00,479.74,479.74,479.6,479.6,-0.03,58.7,28232.71,-1
2024-08-27,2024-08-27 13:54:00,479.6,479.6,479.45,479.45,-0.03,58.7,28232.71,-1
2024-08-27,2024-08-27 13:55:00,479.45,479.45,479.31,479.31,-0.03,58.7,28232.71,-1
2024-08-27,2024-08-27 13:56:00,479.31,479.31,479.16,479.16,-0.03,58.7,28232.71,-1
2024-08-27,2024-08-27 13:57:00,479.16,479.16,479.02,479.02,-0.03,58.7,28232.71,-1
2024-08-27,2024-08-27 13:58:00,479.02,479.02,478.87,478.87,-0.03,58.7,28232.71,-1
2024-08-27,2024-08-27 13:59:00,478.87,478.87,478.73,478.73,-0.03,58.7,28232.71,-1
2024-08-27,2024-08-27 14:00:00,478.73,478.73,478.58,478.58,-0.03,58.7,28232.71,-1
2024-08-27,2024-08-27 14:01:00,478.58,478.58,478.43,478.43,-0.03,58.7,28232.71,-1
2024-08-27,2024-08-27 14:02:00,478.43,478.43,478.29,478.29,-0.03,58.7,28232.71,-1
2024-08-27,2024-08-27 14:03:00,478.29,478.29,478.14,478.14,-0.03,58.7,28232.71,-1
2024-08-27,2024-08-27 14:04:00,478.14,478.14,478.0,478.0,-0.03,58.7,28232.71,-1
2024-08-27,2024-08-27 14:05:00,478.0,478.0,477.85,477.85,-0.03,58.7,28232.71,-1
2024-08-27,2024-08-27 14:06:00,477.85,477.85,477.71,477.71,-0.03,58.7,28232.71,-1
2024-08-27,2024-08-27 14:07:00,477.71,477.71,477.56,477.56,-0.03,58.7,28232.71,-1
2024-08-27,2024-08-27 14:08:00,477.56,477.56,477.42,477.42,-0.03,58.7,28232.71,-1
2024-08-27,2024-08-27 14:09:00,477.42,477.42,477.27,477.27,-0.03,58.7,28232.71,-1
2024-08-27,2024-08-27 14:10:00,477.27,477.27,477.13,477.13,-0.03,58.7,28232.71,-1
2024-08-27,2024-08-27 14:11:00,477.13,477.13,476.98,476.98,-0.03,58.7,28232.71,-1
2024-08-27,2024-08-27 14:12:00,476.98,476.98,476.83,476.83,-0.03,58.7,28232.71,-1
2024-08-27,2024-08-27 14:13:00,476.83,476.83,476.69,476.69,-0.03,58.7,28232.71,-1
2024-08-27,2024-08-27 14:14:00,476.69,476.69,476.54,476.54,-0.03,58.7,28232.71,-1
2024-08-27,2024-08-27 14:15:00,476.54,476.54,476.4,476.4,-0.03,58.7,28232.71,-1
2024-08-27,2024-08-27 14:16:00,476.4,476.4,476.25,476.25,-0.03,58.7,28232.71,-1
2024-08-27,2024-08-27 14:17:00,476.25,476.25,476.11,476.11,-0.03,58.7,28232.71,-1
2024-08-27,2024-08-27 14:18:00,476.11,476.11,475.96,475.96,-0.03,58.7,28232.71,-1
2024-08-27,2024-08-27 14:19:00,475.96,475.96,475.82,475.82,-0.03,58.7,28232.71,-1
2024-08-27,2024-08-27 14:20:00,475.82,475.82,475.67,475.67,-0.03,58.7,28232.71,-1
2024-08-27,2024-08-27 14:21:00,475.67,475.67,475.53,475.53,-0.03,58.7,28232.71,-1
2024-08-27,2024-08-27 14:22:00,475.53,475.53,475.38,475.38,-0.03,58.7,28232.71,-1
2024-08-27,2024-08-27 14:23:00,475.38,475.38,475.24,475.24,-0.03,58.7,28232.71,-1
2024-08-27,2024-08-27 14:24:00,475.24,475.24,475.09,475.09,-0.03,58.7,28232.71,-1
2024-08-27,2024-08-27 14:25:00,475.09,475.09,474.94,474.94,-0.03,58.7,28232.71,-1
2024-08-27,2024-08-27 14:26:00,474.94,474.94,474.8,474.8,-0.03,58.7,28232.71,-1
2024-08-27,2024-08-27 14:27:00,474.8,474.8,474.65,474.65,-0.03,58.7,28232.71,-1
2024-08-27,2024-08-27 14:28:00,474.65,474.65,474.51,474.51,-0.03,58.7,28232.71,-1
2024-08-27,2024-08-27 14:29:00,474.51,474.51,474.36,474.36,-0.03,58.7,28232.71,-1
2024-08-27,2024-08-27 14:30:00,474.36,474.36,474.22,474.22,-0.03,58.7,28232.71,-1
2024-08-27,2024-08-27 14:31:00,474.22,474.22,474.07,474.07,-0.03,58.7,28232.71,-1
2024-08-27,2024-08-27 14:32:00,474.07,474.07,473.93,473.93,-0.03,58.7,28232.71,-1
2024-08-27,2024-08-27 14:33:00,473.93,473.93,473.78,473.78,-0.03,58.7,28232.71,-1
2024-08-27,2024-08-27 14:34:00,473.78,473.78,473.64,473.64,-0.03,58.7,28232.71,-1
2024-08-27,2024-08-27 14:35:00,473.64,473.64,473.49,473.49,-0.03,58.7,28232.71,-1
2024-08-27,2024-08-27 14:36:00,473.49,473.49,473.34,473.34,-0.03,58.7,28232.71,-1
2024-08-27,2024-08-27 14:37:00,473.34,473.34,473.2,473.2,-0.03,58.7,28232.71,-1
2024-08-27,2024-08-27 14:38:00,473.2,473.2,473.05,473.05,-0.03,58.7,28232.71,-1
2024-08-27,2024-08-27 14:39:00,473.05,473.05,472.91,472.91,-0.03,58.7,28232.71,-1
2024-08-27,2024-08-27 14:40:00,472.91,472.91,472.76,472.76,-0.03,58.7,28232.71,-1
2024-08-27,2024-08-27 14:41:00,472.76,472.76,472.62,472.62,-0.03,58.7,28232.71,-1
2024-08-27,2024-08-27 14:42:00,472.62,472.62,472.47,472.47,-0.03,58.7,28232.71,-1
2024-08-27,2024-08-27 14:43:00,472.47,472.47,472.33,472.33,-0.03,58.7,28232.71,-1
2024-08-27,2024-08-27 14:44:00,472.33,472.33,472.18,472.18,-0.03,58.7,28232.71,-1
2024-08-27,2024-08-27 14:45:00,472.18,472.18,472.04,472.04,-0.03,58.7,28232.71,-1
2024-08-27,2024-08-27 14:46:00,472.04,472.04,471.89,471.89,-0.03,58.7,28232.71,-1
2024-08-27,2024-08-27 14:47:00,471.89,471.89,471.75,471.75,-0.03,58.7,28232.71,-1
2024-08-27,2024-08-27 14:48:00,471.75,471.75,471.6,471.6,-0.03,58.7,28232.71,-1
2024-08-27,2024-08-27 14:49:00,471.6,471.6,471.45,471.45,-0.03,58.7,28232.71,-1
2024-08-27,2024-08-27 14:50:00,471.45,471.45,471.31,471.31,-0.03,58.7,28232.71,-1
2024-08-27,2024-08-27 14:51:00,471.31,471.31,471.16,471.16,-0.03,58.7,28232.71,-1
2024-08-27,2024-08-27 14:52:00,471.16,471.16,471.02,471.02,-0.03,58.7,28232.71,-1
2024-08-27,2024-08-27 14:53:00,471.02,471.02,470.87,470.87,-0.03,58.7,28232.71,-1
2024-08-27,2024-08-27 14:54:00,470.87,470.87,470.73,470.73,-0.03,58.7,28232.71,-1
2024-08-27,2024-08-27 14:55:00,470.73,470.73,470.58,470.58,-0.03,58.7,28232.71,-1
2024-08-27,2024-08-27 14:56:00,470.58,470.58,470.44,470.44,-0.03,58.7,28232.71,-1
2024-08-27,2024-08-27 14:57:00,470.44,470.44,470.29,470.29,-0.03,58.7,28232.71,-1
2024-08-27,2024-08-27 14:58:00,470.29,470.29,470.15,470.15,-0.03,58.7,28232.71,-1
2024-08-27,2024-08-27 14:59:00,470.15,470.15,470.0,470.0,-0.03,58.7,28232.71,-1
2024-08-27,2024-08-27 15:00:00,470.0,504.9,470.0,470.0,0.0,58.7,28232.71,0
2024-08-28,2024-08-28 11:00:00,475.0,479.2,472.0,475.0,0.0,52.03,24864.47,0
2024-08-28,2024-08-28 11:01:00,475.0,475.0,474.99,474.99,-0.0,52.03,24864.47,-1
2024-08-28,2024-08-28 11:02:00,474.99,474.99,474.99,474.99,0.0,52.03,24864.47,0
2024-08-28,2024-08-28 11:03:00,474.99,474.99,474.98,474.98,-0.0,52.03,24864.47,-1
2024-08-28,2024-08-28 11:04:00,474.98,474.98,474.98,474.98,0.0,52.03,24864.47,0
2024-08-28,2024-08-28 11:05:00,474.98,474.98,474.98,474.98,0.0,52.03,24864.47,0
2024-08-28,2024-08-28 11:06:00,474.98,474.98,474.97,474.97,-0.0,52.03,24864.47,-1
2024-08-28,2024-08-28 11:07:00,474.97,474.97,474.97,474.97,0.0,52.03,24864.47,0
2024-08-28,2024-08-28 11:08:00,474.97,474.97,474.96,474.96,-0.0,52.03,24864.47,-1
2024-08-28,2024-08-28 11:09:00,474.96,474.96,474.96,474.96,0.0,52.03,24864.47,0
2024-08-28,2024-08-28 11:10:00,474.96,474.96,474.95,474.95,-0.0,52.03,24864.47,-1
2024-08-28,2024-08-28 11:11:00,474.95,474.95,474.95,474.95,0.0,52.03,24864.47,0
2024-08-28,2024-08-28 11:12:00,474.95,474.95,474.95,474.95,0.0,52.03,24864.47,0
2024-08-28,2024-08-28 11:13:00,474.95,474.95,474.94,474.94,-0.0,52.03,24864.47,-1
2024-08-28,2024-08-28 11:14:00,474.94,474.94,474.94,474.94,0.0,52.03,24864.47,0
2024-08-28,2024-08-28 11:15:00,474.94,474.94,474.93,474.93,-0.0,52.03,24864.47,-1
2024-08-28,2024-08-28 11:16:00,474.93,474.93,474.93,474.93,0.0,52.03,24864.47,0
2024-08-28,2024-08-28 11:17:00,474.93,474.93,474.93,474.93,0.0,52.03,24864.47,0
2024-08-28,2024-08-28 11:18:00,474.93,474.93,474.92,474.92,-0.0,52.03,24864.47,-1
2024-08-28,2024-08-28 11:19:00,474.92,474.92,474.92,474.92,0.0,52.03,24864.47,0
2024-08-28,2024-08-28 11:20:00,474.92,474.92,474.91,474.91,-0.0,52.03,24864.47,-1
2024-08-28,2024-08-28 11:21:00,474.91,474.91,474.91,474.91,0.0,52.03,24864.47,0
2024-08-28,2024-08-28 11:22:00,474.91,474.91,474.9,474.9,-0.0,52.03,24864.47,-1
2024-08-28,2024-08-28 11:23:00,474.9,474.9,474.9,474.9,0.0,52.03,24864.47,0
2024-08-28,2024-08-28 11:24:00,474.9,474.9,474.9,474.9,0.0,52.03,24864.47,0
2024-08-28,2024-08-28 11:25:00,474.9,474.9,474.89,474.89,-0.0,52.03,24864.47,-1
2024-08-28,2024-08-28 11:26:00,474.89,474.89,474.89,474.89,0.0,52.03,24864.47,0
2024-08-28,2024-08-28 11:27:00,474.89,474.89,474.88,474.88,-0.0,52.03,24864.47,-1
2024-08-28,2024-08-28 11:28:00,474.88,474.88,474.88,474.88,0.0,52.03,24864.47,0
2024-08-28,2024-08-28 11:29:00,474.88,474.88,474.88,474.88,0.0,52.03,24864.47,0
2024-08-28,2024-08-28 11:30:00,474.88,474.88,474.87,474.87,-0.0,52.03,24864.47,-1
2024-08-28,2024-08-28 11:31:00,474.87,474.87,474.87,474.87,0.0,52.03,24864.47,0
2024-08-28,2024-08-28 11:32:00,474.87,474.87,474.86,474.86,-0.0,52.03,24864.47,-1
2024-08-28,2024-08-28 11:33:00,474.86,474.86,474.86,474.86,0.0,52.03,24864.47,0
2024-08-28,2024-08-28 11:34:00,474.86,474.86,474.85,474.85,-0.0,52.03,24864.47,-1
2024-08-28,2024-08-28 11:35:00,474.85,474.85,474.85,474.85,0.0,52.03,24864.47,0
2024-08-28,2024-08-28 11:36:00,474.85,474.85,474.85,474.85,0.0,52.03,24864.47,0
2024-08-28,2024-08-28 11:37:00,474.85,474.85,474.84,474.84,-0.0,52.03,24864.47,-1
2024-08-28,2024-08-28 11:38:00,474.84,474.84,474.84,474.84,0.0,52.03,24864.47,0
2024-08-28,2024-08-28 11:39:00,474.84,474.84,474.83,474.83,-0.0,52.03,24864.47,-1
2024-08-28,2024-08-28 11:40:00,474.83,474.83,474.83,474.83,0.0,52.03,24864.47,0
2024-08-28,2024-08-28 11:41:00,474.83,474.83,474.82,474.82,-0.0,52.03,24864.47,-1
2024-08-28,2024-08-28 11:42:00,474.82,474.82,474.82,474.82,0.0,52.03,24864.47,0
2024-08-28,2024-08-28 11:43:00,474.82,474.82,474.82,474.82,0.0,52.03,24864.47,0
2024-08-28,2024-08-28 11:44:00,474.82,474.82,474.81,474.81,-0.0,52.03,24864.47,-1
2024-08-28,2024-08-28 11:45:00,474.81,474.81,474.81,474.81,0.0,52.03,24864.47,0
2024-08-28,2024-08-28 11:46:00,474.81,474.81,474.8,474.8,-0.0,52.03,24864.47,-1
2024-08-28,2024-08-28 11:47:00,474.8,474.8,474.8,474.8,0.0,52.03,24864.47,0
2024-08-28,2024-08-28 11:48:00,474.8,474.8,474.8,474.8,0.0,52.03,24864.47,0
2024-08-28,2024-08-28 11:49:00,474.8,474.8,474.79,474.79,-0.0,52.03,24864.47,-1
2024-08-28,2024-08-28 11:50:00,474.79,474.79,474.79,474.79,0.0,52.03,24864.47,0
2024-08-28,2024-08-28 11:51:00,474.79,474.79,474.78,474.78,-0.0,52.03,24864.47,-1
2024-08-28,2024-08-28 11:52:00,474.78,474.78,474.78,474.78,0.0,52.03,24864.47,0
2024-08-28,2024-08-28 11:53:00,474.78,474.78,474.77,474.77,-0.0,52.03,24864.47,-1
2024-08-28,2024-08-28 11:54:00,474.77,474.77,474.77,474.77,0.0,52.03,24864.47,0
2024-08-28,2024-08-28 11:55:00,474.77,474.77,474.77,474.77,0.0,52.03,24864.47,0
2024-08-28,2024-08-28 11:56:00,474.77,474.77,474.76,474.76,-0.0,52.03,24864.47,-1
2024-08-28,2024-08-28 11:57:00,474.76,474.76,474.76,474.76,0.0,52.03,24864.47,0
2024-08-28,2024-08-28 11:58:00,474.76,474.76,474.75,474.75,-0.0,52.03,24864.47,-1
2024-08-28,2024-08-28 11:59:00,474.75,474.75,474.75,474.75,0.0,52.03,24864.47,0
2024-08-28,2024-08-28 12:00:00,474.75,474.75,474.75,474.75,0.0,52.03,24864.47,0
2024-08-28,2024-08-28 12:01:00,474.75,474.75,474.74,474.74,-0.0,52.03,24864.47,-1
2024-08-28,2024-08-28 12:02:00,474.74,474.74,474.74,474.74,0.0,52.03,24864.47,0
2024-08-28,2024-08-28 12:03:00,474.74,474.74,474.73,474.73,-0.0,52.03,24864.47,-1
2024-08-28,2024-08-28 12:04:00,474.73,474.73,474.73,474.73,0.0,52.03,24864.47,0
2024-08-28,2024-08-28 12:05:00,474.73,474.73,474.73,474.73,0.0,52.03,24864.47,0
2024-08-28,2024-08-28 12:06:00,474.73,474.73,474.72,474.72,-0.0,52.03,24864.47,-1
2024-08-28,2024-08-28 12:07:00,474.72,474.72,474.72,474.72,0.0,52.03,24864.47,0
2024-08-28,2024-08-28 12:08:00,474.72,474.72,474.71,474.71,-0.0,52.03,24864.47,-1
2024-08-28,2024-08-28 12:09:00,474.71,474.71,474.71,474.71,0.0,52.03,24864.47,0
2024-08-28,2024-08-28 12:10:00,474.71,474.71,474.7,474.7,-0.0,52.03,24864.47,-1
2024-08-28,2024-08-28 12:11:00,474.7,474.7,474.7,474.7,0.0,52.03,24864.47,0
2024-08-28,2024-08-28 12:12:00,474.7,474.7,474.7,474.7,0.0,52.03,24864.47,0
2024-08-28,2024-08-28 12:13:00,474.7,474.7,474.69,474.69,-0.0,52.03,24864.47,-1
2024-08-28,2024-08-28 12:14:00,474.69,474.69,474.69,474.69,0.0,52.03,24864.47,0
2024-08-28,2024-08-28 12:15:00,474.69,474.69,474.68,474.68,-0.0,52.03,24864.47,-1
2024-08-28,2024-08-28 12:16:00,474.68,474.68,474.68,474.68,0.0,52.03,24864.47,0
2024-08-28,2024-08-28 12:17:00,474.68,474.68,474.68,474.68,0.0,52.03,24864.47,0
2024-08-28,2024-08-28 12:18:00,474.68,474.68,474.67,474.67,-0.0,52.03,24864.47,-1
2024-08-28,2024-08-28 12:19:00,474.67,474.67,474.67,474.67,0.0,52.03,24864.47,0
2024-08-28,2024-08-28 12:20:00,474.67,474.67,474.66,474.66,-0.0,52.03,24864.47,-1
2024-08-28,2024-08-28 12:21:00,474.66,474.66,474.66,474.66,0.0,52.03,24864.47,0
2024-08-28,2024-08-28 12:22:00,474.66,474.66,474.65,474.65,-0.0,52.03,24864.47,-1
2024-08-28,2024-08-28 12:23:00,474.65,474.65,474.65,474.65,0.0,52.03,24864.47,0
2024-08-28,2024-08-28 12:24:00,474.65,474.65,474.65,474.65,0.0,52.03,24864.47,0
2024-08-28,2024-08-28 12:25:00,474.65,474.65,474.64,474.64,-0.0,52.03,24864.47,-1
2024-08-28,2024-08-28 12:26:00,474.64,474.64,474.64,474.64,0.0,52.03,24864.47,0
2024-08-28,2024-08-28 12:27:00,474.64,474.64,474.63,474.63,-0.0,52.03,24864.47,-1
2024-08-28,2024-08-28 12:28:00,474.63,474.63,474.63,474.63,0.0,52.03,24864.47,0
2024-08-28,2024-08-28 12:29:00,474.63,474.63,474.62,474.62,-0.0,52.03,24864.47,-1
2024-08-28,2024-08-28 12:30:00,474.62,474.62,474.62,474.62,0.0,52.03,24864.47,0
2024-08-28,2024-08-28 12:31:00,474.62,474.62,474.62,474.62,0.0,52.03,24864.47,0
2024-08-28,2024-08-28 12:32:00,474.62,474.62,474.61,474.61,-0.0,52.03,24864.47,-1
2024-08-28,2024-08-28 12:33:00,474.61,474.61,474.61,474.61,0.0,52.03,24864.47,0
2024-08-28,2024-08-28 12:34:00,474.61,474.61,474.6,474.6,-0.0,52.03,24864.47,-1
2024-08-28,2024-08-28 12:35:00,474.6,474.6,474.6,474.6,0.0,52.03,24864.47,0
2024-08-28,2024-08-28 12:36:00,474.6,474.6,474.6,474.6,0.0,52.03,24864.47,0
2024-08-28,2024-08-28 12:37:00,474.6,474.6,474.59,474.59,-0.0,52.03,24864.47,-1
2024-08-28,2024-08-28 12:38:00,474.59,474.59,474.59,474.59,0.0,52.03,24864.47,0
2024-08-28,2024-08-28 12:39:00,474.59,474.59,474.58,474.58,-0.0,52.03,24864.47,-1
2024-08-28,2024-08-28 12:40:00,474.58,474.58,474.58,474.58,0.0,52.03,24864.47,0
2024-08-28,2024-08-28 12:41:00,474.58,474.58,474.57,474.57,-0.0,52.03,24864.47,-1
2024-08-28,2024-08-28 12:42:00,474.57,474.57,474.57,474.57,0.0,52.03,24864.47,0
2024-08-28,2024-08-28 12:43:00,474.57,474.57,474.57,474.57,0.0,52.03,24864.47,0
2024-08-28,2024-08-28 12:44:00,474.57,474.57,474.56,474.56,-0.0,52.03,24864.47,-1
2024-08-28,2024-08-28 12:45:00,474.56,474.56,474.56,474.56,0.0,52.03,24864.47,0
2024-08-28,2024-08-28 12:46:00,474.56,474.56,474.55,474.55,-0.0,52.03,24864.47,-1
2024-08-28,2024-08-28 12:47:00,474.55,474.55,474.55,474.55,0.0,52.03,24864.47,0
2024-08-28,2024-08-28 12:48:00,474.55,474.55,474.55,474.55,0.0,52.03,24864.47,0
2024-08-28,2024-08-28 12:49:00,474.55,474.55,474.54,474.54,-0.0,52.03,24864.47,-1
2024-08-28,2024-08-28 12:50:00,474.54,474.54,474.54,474.54,0.0,52.03,24864.47,0
2024-08-28,2024-08-28 12:51:00,474.54,474.54,474.53,474.53,-0.0,52.03,24864.47,-1
2024-08-28,2024-08-28 12:52:00,474.53,474.53,474.53,474.53,0.0,52.03,24864.47,0
2024-08-28,2024-08-28 12:53:00,474.53,474.53,474.52,474.52,-0.0,52.03,24864.47,-1
2024-08-28,2024-08-28 12:54:00,474.52,474.52,474.52,474.52,0.0,52.03,24864.47,0
2024-08-28,2024-08-28 12:55:00,474.52,474.52,474.52,474.52,0.0,52.03,24864.47,0
2024-08-28,2024-08-28 12:56:00,474.52,474.52,474.51,474.51,-0.0,52.03,24864.47,-1
2024-08-28,2024-08-28 12:57:00,474.51,474.51,474.51,474.51,0.0,52.03,24864.47,0
2024-08-28,2024-08-28 12:58:00,474.51,474.51,474.5,474.5,-0.0,52.03,24864.47,-1
2024-08-28,2024-08-28 12:59:00,474.5,474.5,474.5,474.5,0.0,52.03,24864.47,0
2024-08-28,2024-08-28 13:00:00,474.5,489.0,465.0,474.5,0.0,52.03,24864.47,0
2024-08-28,2024-08-28 13:01:00,474.5,474.5,474.49,474.49,-0.0,52.03,24864.47,-1
2024-08-28,2024-08-28 13:02:00,474.49,474.49,474.49,474.49,0.0,52.03,24864.47,0
2024-08-28,2024-08-28 13:03:00,474.49,474.49,474.48,474.48,-0.0,52.03,24864.47,-1
2024-08-28,2024-08-28 13:04:00,474.48,474.48,474.48,474.48,0.0,52.03,24864.47,0
2024-08-28,2024-08-28 13:05:00,474.48,474.48,474.48,474.48,0.0,52.03,24864.47,0
2024-08-28,2024-08-28 13:06:00,474.48,474.48,474.47,474.47,-0.0,52.03,24864.47,-1
2024-08-28,2024-08-28 13:07:00,474.47,474.47,474.47,474.47,0.0,52.03,24864.47,0
2024-08-28,2024-08-28 13:08:00,474.47,474.47,474.46,474.46,-0.0,52.03,24864.47,-1
2024-08-28,2024-08-28 13:09:00,474.46,474.46,474.46,474.46,0.0,52.03,24864.47,0
2024-08-28,2024-08-28 13:10:00,474.46,474.46,474.45,474.45,-0.0,52.03,24864.47,-1
2024-08-28,2024-08-28 13:11:00,474.45,474.45,474.45,474.45,0.0,52.03,24864.47,0
2024-08-28,2024-08-28 13:12:00,474.45,474.45,474.45,474.45,0.0,52.03,24864.47,0
2024-08-28,2024-08-28 13:13:00,474.45,474.45,474.44,474.44,-0.0,52.03,24864.47,-1
2024-08-28,2024-08-28 13:14:00,474.44,474.44,474.44,474.44,0.0,52.03,24864.47,0
2024-08-28,2024-08-28 13:15:00,474.44,474.44,474.43,474.43,-0.0,52.03,24864.47,-1
2024-08-28,2024-08-28 13:16:00,474.43,474.43,474.43,474.43,0.0,52.03,24864.47,0
2024-08-28,2024-08-28 13:17:00,474.43,474.43,474.43,474.43,0.0,52.03,24864.47,0
2024-08-28,2024-08-28 13:18:00,474.43,474.43,474.42,474.42,-0.0,52.03,24864.47,-1
2024-08-28,2024-08-28 13:19:00,474.42,474.42,474.42,474.42,0.0,52.03,24864.47,0
2024-08-28,2024-08-28 13:20:00,474.42,474.42,474.41,474.41,-0.0,52.03,24864.47,-1
2024-08-28,2024-08-28 13:21:00,474.41,474.41,474.41,474.41,0.0,52.03,24864.47,0
2024-08-28,2024-08-28 13:22:00,474.41,474.41,474.4,474.4,-0.0,52.03,24864.47,-1
2024-08-28,2024-08-28 13:23:00,474.4,474.4,474.4,474.4,0.0,52.03,24864.47,0
2024-08-28,2024-08-28 13:24:00,474.4,474.4,474.4,474.4,0.0,52.03,24864.47,0
2024-08-28,2024-08-28 13:25:00,474.4,474.4,474.39,474.39,-0.0,52.03,24864.47,-1
2024-08-28,2024-08-28 13:26:00,474.39,474.39,474.39,474.39,0.0,52.03,24864.47,0
2024-08-28,2024-08-28 13:27:00,474.39,474.39,474.38,474.38,-0.0,52.03,24864.47,-1
2024-08-28,2024-08-28 13:28:00,474.38,474.38,474.38,474.38,0.0,52.03,24864.47,0
2024-08-28,2024-08-28 13:29:00,474.38,474.38,474.38,474.38,0.0,52.03,24864.47,0
2024-08-28,2024-08-28 13:30:00,474.38,474.38,474.37,474.37,-0.0,52.03,24864.47,-1
2024-08-28,2024-08-28 13:31:00,474.37,474.37,474.37,474.37,0.0,52.03,24864.47,0
2024-08-28,2024-08-28 13:32:00,474.37,474.37,474.36,474.36,-0.0,52.03,24864.47,-1
2024-08-28,2024-08-28 13:33:00,474.36,474.36,474.36,474.36,0.0,52.03,24864.47,0
2024-08-28,2024-08-28 13:34:00,474.36,474.36,474.35,474.35,-0.0,52.03,24864.47,-1
2024-08-28,2024-08-28 13:35:00,474.35,474.35,474.35,474.35,0.0,52.03,24864.47,0
2024-08-28,2024-08-28 13:36:00,474.35,474.35,474.35,474.35,0.0,52.03,24864.47,0
2024-08-28,2024-08-28 13:37:00,474.35,474.35,474.34,474.34,-0.0,52.03,24864.47,-1
2024-08-28,2024-08-28 13:38:00,474.34,474.34,474.34,474.34,0.0,52.03,24864.47,0
2024-08-28,2024-08-28 13:39:00,474.34,474.34,474.33,474.33,-0.0,52.03,24864.47,-1
2024-08-28,2024-08-28 13:40:00,474.33,474.33,474.33,474.33,0.0,52.03,24864.47,0
2024-08-28,2024-08-28 13:41:00,474.33,474.33,474.32,474.32,-0.0,52.03,24864.47,-1
2024-08-28,2024-08-28 13:42:00,474.32,474.32,474.32,474.32,0.0,52.03,24864.47,0
2024-08-28,2024-08-28 13:43:00,474.32,474.32,474.32,474.32,0.0,52.03,24864.47,0
2024-08-28,2024-08-28 13:44:00,474.32,474.32,474.31,474.31,-0.0,52.03,24864.47,-1
2024-08-28,2024-08-28 13:45:00,474.31,474.31,474.31,474.31,0.0,52.03,24864.47,0
2024-08-28,2024-08-28 13:46:00,474.31,474.31,474.3,474.3,-0.0,52.03,24864.47,-1
2024-08-28,2024-08-28 13:47:00,474.3,474.3,474.3,474.3,0.0,52.03,24864.47,0
2024-08-28,2024-08-28 13:48:00,474.3,474.3,474.3,474.3,0.0,52.03,24864.47,0
2024-08-28,2024-08-28 13:49:00,474.3,474.3,474.29,474.29,-0.0,52.03,24864.47,-1
2024-08-28,2024-08-28 13:50:00,474.29,474.29,474.29,474.29,0.0,52.03,24864.47,0
2024-08-28,2024-08-28 13:51:00,474.29,474.29,474.28,474.28,-0.0,52.03,24864.47,-1
2024-08-28,2024-08-28 13:52:00,474.28,474.28,474.28,474.28,0.0,52.03,24864.47,0
2024-08-28,2024-08-28 13:53:00,474.28,474.28,474.27,474.27,-0.0,52.03,24864.47,-1
2024-08-28,2024-08-28 13:54:00,474.27,474.27,474.27,474.27,0.0,52.03,24864.47,0
2024-08-28,2024-08-28 13:55:00,474.27,474.27,474.27,474.27,0.0,52.03,24864.47,0
2024-08-28,2024-08-28 13:56:00,474.27,474.27,474.26,474.26,-0.0,52.03,24864.47,-1
2024-08-28,2024-08-28 13:57:00,474.26,474.26,474.26,474.26,0.0,52.03,24864.47,0
2024-08-28,2024-08-28 13:58:00,474.26,474.26,474.25,474.25,-0.0,52.03,24864.47,-1
2024-08-28,2024-08-28 13:59:00,474.25,474.25,474.25,474.25,0.0,52.03,24864.47,0
2024-08-28,2024-08-28 14:00:00,474.25,474.25,474.25,474.25,0.0,52.03,24864.47,0
2024-08-28,2024-08-28 14:01:00,474.25,474.25,474.24,474.24,-0.0,52.03,24864.47,-1
2024-08-28,2024-08-28 14:02:00,474.24,474.24,474.24,474.24,0.0,52.03,24864.47,0
2024-08-28,2024-08-28 14:03:00,474.24,474.24,474.23,474.23,-0.0,52.03,24864.47,-1
2024-08-28,2024-08-28 14:04:00,474.23,474.23,474.23,474.23,0.0,52.03,24864.47,0
2024-08-28,2024-08-28 14:05:00,474.23,474.23,474.23,474.23,0.0,52.03,24864.47,0
2024-08-28,2024-08-28 14:06:00,474.23,474.23,474.22,474.22,-0.0,52.03,24864.47,-1
2024-08-28,2024-08-28 14:07:00,474.22,474.22,474.22,474.22,0.0,52.03,24864.47,0
2024-08-28,2024-08-28 14:08:00,474.22,474.22,474.21,474.21,-0.0,52.03,24864.47,-1
2024-08-28,2024-08-28 14:09:00,474.21,474.21,474.21,474.21,0.0,52.03,24864.47,0
2024-08-28,2024-08-28 14:10:00,474.21,474.21,474.2,474.2,-0.0,52.03,24864.47,-1
2024-08-28,2024-08-28 14:11:00,474.2,474.2,474.2,474.2,0.0,52.03,24864.47,0
2024-08-28,2024-08-28 14:12:00,474.2,474.2,474.2,474.2,0.0,52.03,24864.47,0
2024-08-28,2024-08-28 14:13:00,474.2,474.2,474.19,474.19,-0.0,52.03,24864.47,-1
2024-08-28,2024-08-28 14:14:00,474.19,474.19,474.19,474.19,0.0,52.03,24864.47,0
2024-08-28,2024-08-28 14:15:00,474.19,474.19,474.18,474.18,-0.0,52.03,24864.47,-1
2024-08-28,2024-08-28 14:16:00,474.18,474.18,474.18,474.18,0.0,52.03,24864.47,0
2024-08-28,2024-08-28 14:17:00,474.18,474.18,474.18,474.18,0.0,52.03,24864.47,0
2024-08-28,2024-08-28 14:18:00,474.18,474.18,474.17,474.17,-0.0,52.03,24864.47,-1
2024-08-28,2024-08-28 14:19:00,474.17,474.17,474.17,474.17,0.0,52.03,24864.47,0
2024-08-28,2024-08-28 14:20:00,474.17,474.17,474.16,474.16,-0.0,52.03,24864.47,-1
2024-08-28,2024-08-28 14:21:00,474.16,474.16,474.16,474.16,0.0,52.03,24864.47,0
2024-08-28,2024-08-28 14:22:00,474.16,474.16,474.15,474.15,-0.0,52.03,24864.47,-1
2024-08-28,2024-08-28 14:23:00,474.15,474.15,474.15,474.15,0.0,52.03,24864.47,0
2024-08-28,2024-08-28 14:24:00,474.15,474.15,474.15,474.15,0.0,52.03,24864.47,0
2024-08-28,2024-08-28 14:25:00,474.15,474.15,474.14,474.14,-0.0,52.03,24864.47,-1
2024-08-28,2024-08-28 14:26:00,474.14,474.14,474.14,474.14,0.0,52.03,24864.47,0
2024-08-28,2024-08-28 14:27:00,474.14,474.14,474.13,474.13,-0.0,52.03,24864.47,-1
2024-08-28,2024-08-28 14:28:00,474.13,474.13,474.13,474.13,0.0,52.03,24864.47,0
2024-08-28,2024-08-28 14:29:00,474.13,474.13,474.12,474.12,-0.0,52.03,24864.47,-1
2024-08-28,2024-08-28 14:30:00,474.12,474.12,474.12,474.12,0.0,52.03,24864.47,0
2024-08-28,2024-08-28 14:31:00,474.12,474.12,474.12,474.12,0.0,52.03,24864.47,0
2024-08-28,2024-08-28 14:32:00,474.12,474.12,474.11,474.11,-0.0,52.03,24864.47,-1
2024-08-28,2024-08-28 14:33:00,474.11,474.11,474.11,474.11,0.0,52.03,24864.47,0
2024-08-28,2024-08-28 14:34:00,474.11,474.11,474.1,474.1,-0.0,52.03,24864.47,-1
2024-08-28,2024-08-28 14:35:00,474.1,474.1,474.1,474.1,0.0,52.03,24864.47,0
2024-08-28,2024-08-28 14:36:00,474.1,474.1,474.1,474.1,0.0,52.03,24864.47,0
2024-08-28,2024-08-28 14:37:00,474.1,474.1,474.09,474.09,-0.0,52.03,24864.47,-1
2024-08-28,2024-08-28 14:38:00,474.09,474.09,474.09,474.09,0.0,52.03,24864.47,0
2024-08-28,2024-08-28 14:39:00,474.09,474.09,474.08,474.08,-0.0,52.03,24864.47,-1
2024-08-28,2024-08-28 14:40:00,474.08,474.08,474.08,474.08,0.0,52.03,24864.47,0
2024-08-28,2024-08-28 14:41:00,474.08,474.08,474.07,474.07,-0.0,52.03,24864.47,-1
2024-08-28,2024-08-28 14:42:00,474.07,474.07,474.07,474.07,0.0,52.03,24864.47,0
2024-08-28,2024-08-28 14:43:00,474.07,474.07,474.07,474.07,0.0,52.03,24864.47,0
2024-08-28,2024-08-28 14:44:00,474.07,474.07,474.06,474.06,-0.0,52.03,24864.47,-1
2024-08-28,2024-08-28 14:45:00,474.06,474.06,474.06,474.06,0.0,52.03,24864.47,0
2024-08-28,2024-08-28 14:46:00,474.06,474.06,474.05,474.05,-0.0,52.03,24864.47,-1
2024-08-28,2024-08-28 14:47:00,474.05,474.05,474.05,474.05,0.0,52.03,24864.47,0
2024-08-28,2024-08-28 14:48:00,474.05,474.05,474.05,474.05,0.0,52.03,24864.47,0
2024-08-28,2024-08-28 14:49:00,474.05,474.05,474.04,474.04,-0.0,52.03,24864.47,-1
2024-08-28,2024-08-28 14:50:00,474.04,474.04,474.04,474.04,0.0,52.03,24864.47,0
2024-08-28,2024-08-28 14:51:00,474.04,474.04,474.03,474.03,-0.0,52.03,24864.47,-1
2024-08-28,2024-08-28 14:52:00,474.03,474.03,474.03,474.03,0.0,52.03,24864.47,0
2024-08-28,2024-08-28 14:53:00,474.03,474.03,474.02,474.02,-0.0,52.03,24864.47,-1
2024-08-28,2024-08-28 14:54:00,474.02,474.02,474.02,474.02,0.0,52.03,24864.47,0
2024-08-28,2024-08-28 14:55:00,474.02,474.02,474.02,474.02,0.0,52.03,24864.47,0
2024-08-28,2024-08-28 14:56:00,474.02,474.02,474.01,474.01,-0.0,52.03,24864.47,-1
2024-08-28,2024-08-28 14:57:00,474.01,474.01,474.01,474.01,0.0,52.03,24864.47,0
2024-08-28,2024-08-28 14:58:00,474.01,474.01,474.0,474.0,-0.0,52.03,24864.47,-1
2024-08-28,2024-08-28 14:59:00,474.0,474.0,474.0,474.0,0.0,52.03,24864.47,0
2024-08-28,2024-08-28 15:00:00,474.0,489.0,465.0,474.0,0.0,52.03,24864.47,0
2024-08-29,2024-08-29 11:00:00,479.5,485.59,475.45,479.49,-0.0,46.06,21924.57,-1
2024-08-29,2024-08-29 11:01:00,479.49,479.49,479.48,479.48,-0.0,46.06,21924.57,-1
2024-08-29,2024-08-29 11:02:00,479.48,479.48,479.47,479.47,-0.0,46.06,21924.57,-1
2024-08-29,2024-08-29 11:03:00,479.47,479.47,479.46,479.46,-0.0,46.06,21924.57,-1
2024-08-29,2024-08-29 11:04:00,479.46,479.46,479.45,479.45,-0.0,46.06,21924.57,-1
2024-08-29,2024-08-29 11:05:00,479.45,479.45,479.44,479.44,-0.0,46.06,21924.57,-1
2024-08-29,2024-08-29 11:06:00,479.44,479.44,479.43,479.43,-0.0,46.06,21924.57,-1
2024-08-29,2024-08-29 11:07:00,479.43,479.43,479.42,479.42,-0.0,46.06,21924.57,-1
2024-08-29,2024-08-29 11:08:00,479.42,479.42,479.41,479.41,-0.0,46.06,21924.57,-1
2024-08-29,2024-08-29 11:09:00,479.41,479.41,479.4,479.4,-0.0,46.06,21924.57,-1
2024-08-29,2024-08-29 11:10:00,479.4,479.4,479.39,479.39,-0.0,46.06,21924.57,-1
2024-08-29,2024-08-29 11:11:00,479.39,479.39,479.38,479.38,-0.0,46.06,21924.57,-1
2024-08-29,2024-08-29 11:12:00,479.38,479.38,479.36,479.36,-0.0,46.06,21924.57,-1
2024-08-29,2024-08-29 11:13:00,479.36,479.36,479.35,479.35,-0.0,46.06,21924.57,-1
2024-08-29,2024-08-29 11:14:00,479.35,479.35,479.34,479.34,-0.0,46.06,21924.57,-1
2024-08-29,2024-08-29 11:15:00,479.34,479.34,479.33,479.33,-0.0,46.06,21924.57,-1
2024-08-29,2024-08-29 11:16:00,479.33,479.33,479.32,479.32,-0.0,46.06,21924.57,-1
2024-08-29,2024-08-29 11:17:00,479.32,479.32,479.31,479.31,-0.0,46.06,21924.57,-1
2024-08-29,2024-08-29 11:18:00,479.31,479.31,479.3,479.3,-0.0,46.06,21924.57,-1
2024-08-29,2024-08-29 11:19:00,479.3,479.3,479.29,479.29,-0.0,46.06,21924.57,-1
2024-08-29,2024-08-29 11:20:00,479.29,479.29,479.28,479.28,-0.0,46.06,21924.57,-1
2024-08-29,2024-08-29 11:21:00,479.28,479.28,479.27,479.27,-0.0,46.06,21924.57,-1
2024-08-29,2024-08-29 11:22:00,479.27,479.27,479.26,479.26,-0.0,46.06,21924.57,-1
2024-08-29,2024-08-29 11:23:00,479.26,479.26,479.25,479.25,-0.0,46.06,21924.57,-1
2024-08-29,2024-08-29 11:24:00,479.25,479.25,479.24,479.24,-0.0,46.06,21924.57,-1
2024-08-29,2024-08-29 11:25:00,479.24,479.24,479.23,479.23,-0.0,46.06,21924.57,-1
2024-08-29,2024-08-29 11:26:00,479.23,479.23,479.22,479.22,-0.0,46.06,21924.57,-1
2024-08-29,2024-08-29 11:27:00,479.22,479.22,479.21,479.21,-0.0,46.06,21924.57,-1
2024-08-29,2024-08-29 11:28:00,479.21,479.21,479.2,479.2,-0.0,46.06,21924.57,-1
2024-08-29,2024-08-29 11:29:00,479.2,479.2,479.19,479.19,-0.0,46.06,21924.57,-1
2024-08-29,2024-08-29 11:30:00,479.19,479.19,479.18,479.18,-0.0,46.06,21924.57,-1
2024-08-29,2024-08-29 11:31:00,479.18,479.18,479.17,479.17,-0.0,46.06,21924.57,-1
2024-08-29,2024-08-29 11:32:00,479.17,479.17,479.16,479.16,-0.0,46.06,21924.57,-1
2024-08-29,2024-08-29 11:33:00,479.16,479.16,479.15,479.15,-0.0,46.06,21924.57,-1
2024-08-29,2024-08-29 11:34:00,479.15,479.15,479.14,479.14,-0.0,46.06,21924.57,-1
2024-08-29,2024-08-29 11:35:00,479.14,479.14,479.12,479.12,-0.0,46.06,21924.57,-1
2024-08-29,2024-08-29 11:36:00,479.12,479.12,479.11,479.11,-0.0,46.06,21924.57,-1
2024-08-29,2024-08-29 11:37:00,479.11,479.11,479.1,479.1,-0.0,46.06,21924.57,-1
2024-08-29,2024-08-29 11:38:00,479.1,479.1,479.09,479.09,-0.0,46.06,21924.57,-1
2024-08-29,2024-08-29 11:39:00,479.09,479.09,479.08,479.08,-0.0,46.06,21924.57,-1
2024-08-29,2024-08-29 11:40:00,479.08,479.08,479.07,479.07,-0.0,46.06,21924.57,-1
2024-08-29,2024-08-29 11:41:00,479.07,479.07,479.06,479.06,-0.0,46.06,21924.57,-1
2024-08-29,2024-08-29 11:42:00,479.06,479.06,479.05,479.05,-0.0,46.06,21924.57,-1
2024-08-29,2024-08-29 11:43:00,479.05,479.05,479.04,479.04,-0.0,46.06,21924.57,-1
2024-08-29,2024-08-29 11:44:00,479.04,479.04,479.03,479.03,-0.0,46.06,21924.57,-1
2024-08-29,2024-08-29 11:45:00,479.03,479.03,479.02,479.02,-0.0,46.06,21924.57,-1
2024-08-29,2024-08-29 11:46:00,479.02,479.02,479.01,479.01,-0.0,46.06,21924.57,-1
2024-08-29,2024-08-29 11:47:00,479.01,479.01,479.0,479.0,-0.0,46.06,21924.57,-1
2024-08-29,2024-08-29 11:48:00,479.0,479.0,478.99,478.99,-0.0,46.06,21924.57,-1
2024-08-29,2024-08-29 11:49:00,478.99,478.99,478.98,478.98,-0.0,46.06,21924.57,-1
2024-08-29,2024-08-29 11:50:00,478.98,478.98,478.97,478.97,-0.0,46.06,21924.57,-1
2024-08-29,2024-08-29 11:51:00,478.97,478.97,478.96,478.96,-0.0,46.06,21924.57,-1
2024-08-29,2024-08-29 11:52:00,478.96,478.96,478.95,478.95,-0.0,46.06,21924.57,-1
2024-08-29,2024-08-29 11:53:00,478.95,478.95,478.94,478.94,-0.0,46.06,21924.57,-1
2024-08-29,2024-08-29 11:54:00,478.94,478.94,478.93,478.93,-0.0,46.06,21924.57,-1
2024-08-29,2024-08-29 11:55:00,478.93,478.93,478.92,478.92,-0.0,46.06,21924.57,-1
2024-08-29,2024-08-29 11:56:00,478.92,478.92,478.91,478.91,-0.0,46.06,21924.57,-1
2024-08-29,2024-08-29 11:57:00,478.91,478.91,478.9,478.9,-0.0,46.06,21924.57,-1
2024-08-29,2024-08-29 11:58:00,478.9,478.9,478.89,478.89,-0.0,46.06,21924.57,-1
2024-08-29,2024-08-29 11:59:00,478.89,478.89,478.88,478.88,-0.0,46.06,21924.57,-1
2024-08-29,2024-08-29 12:00:00,478.88,478.88,478.86,478.86,-0.0,46.06,21924.57,-1
2024-08-29,2024-08-29 12:01:00,478.86,478.86,478.85,478.85,-0.0,46.06,21924.57,-1
2024-08-29,2024-08-29 12:02:00,478.85,478.85,478.84,478.84,-0.0,46.06,21924.57,-1
2024-08-29,2024-08-29 12:03:00,478.84,478.84,478.83,478.83,-0.0,46.06,21924.57,-1
2024-08-29,2024-08-29 12:04:00,478.83,478.83,478.82,478.82,-0.0,46.06,21924.57,-1
2024-08-29,2024-08-29 12:05:00,478.82,478.82,478.81,478.81,-0.0,46.06,21924.57,-1
2024-08-29,2024-08-29 12:06:00,478.81,478.81,478.8,478.8,-0.0,46.06,21924.57,-1
2024-08-29,2024-08-29 12:07:00,478.8,478.8,478.79,478.79,-0.0,46.06,21924.57,-1
2024-08-29,2024-08-29 12:08:00,478.79,478.79,478.78,478.78,-0.0,46.06,21924.57,-1
2024-08-29,2024-08-29 12:09:00,478.78,478.78,478.77,478.77,-0.0,46.06,21924.57,-1
2024-08-29,2024-08-29 12:10:00,478.77,478.77,478.76,478.76,-0.0,46.06,21924.57,-1
2024-08-29,2024-08-29 12:11:00,478.76,478.76,478.75,478.75,-0.0,46.06,21924.57,-1
2024-08-29,2024-08-29 12:12:00,478.75,478.75,478.74,478.74,-0.0,46.06,21924.57,-1
2024-08-29,2024-08-29 12:13:00,478.74,478.74,478.73,478.73,-0.0,46.06,21924.57,-1
2024-08-29,2024-08-29 12:14:00,478.73,478.73,478.72,478.72,-0.0,46.06,21924.57,-1
2024-08-29,2024-08-29 12:15:00,478.72,478.72,478.71,478.71,-0.0,46.06,21924.57,-1
2024-08-29,2024-08-29 12:16:00,478.71,478.71,478.7,478.7,-0.0,46.06,21924.57,-1
2024-08-29,2024-08-29 12:17:00,478.7,478.7,478.69,478.69,-0.0,46.06,21924.57,-1
2024-08-29,2024-08-29 12:18:00,478.69,478.69,478.68,478.68,-0.0,46.06,21924.57,-1
2024-08-29,2024-08-29 12:19:00,478.68,478.68,478.67,478.67,-0.0,46.06,21924.57,-1
2024-08-29,2024-08-29 12:20:00,478.67,478.67,478.66,478.66,-0.0,46.06,21924.57,-1
2024-08-29,2024-08-29 12:21:00,478.66,478.66,478.65,478.65,-0.0,46.06,21924.57,-1
2024-08-29,2024-08-29 12:22:00,478.65,478.65,478.64,478.64,-0.0,46.06,21924.57,-1
2024-08-29,2024-08-29 12:23:00,478.64,478.64,478.62,478.62,-0.0,46.06,21924.57,-1
2024-08-29,2024-08-29 12:24:00,478.62,478.62,478.61,478.61,-0.0,46.06,21924.57,-1
2024-08-29,2024-08-29 12:25:00,478.61,478.61,478.6,478.6,-0.0,46.06,21924.57,-1
2024-08-29,2024-08-29 12:26:00,478.6,478.6,478.59,478.59,-0.0,46.06,21924.57,-1
2024-08-29,2024-08-29 12:27:00,478.59,478.59,478.58,478.58,-0.0,46.06,21924.57,-1
2024-08-29,2024-08-29 12:28:00,478.58,478.58,478.57,478.57,-0.0,46.06,21924.57,-1
2024-08-29,2024-08-29 12:29:00,478.57,478.57,478.56,478.56,-0.0,46.06,21924.57,-1
2024-08-29,2024-08-29 12:30:00,478.56,478.56,478.55,478.55,-0.0,46.06,21924.57,-1
2024-08-29,2024-08-29 12:31:00,478.55,478.55,478.54,478.54,-0.0,46.06,21924.57,-1
2024-08-29,2024-08-29 12:32:00,478.54,478.54,478.53,478.53,-0.0,46.06,21924.57,-1
2024-08-29,2024-08-29 12:33:00,478.53,478.53,478.52,478.52,-0.0,46.06,21924.57,-1
2024-08-29,2024-08-29 12:34:00,478.52,478.52,478.51,478.51,-0.0,46.06,21924.57,-1
2024-08-29,2024-08-29 12:35:00,478.51,478.51,478.5,478.5,-0.0,46.06,21924.57,-1
2024-08-29,2024-08-29 12:36:00,478.5,478.5,478.49,478.49,-0.0,46.06,21924.57,-1
2024-08-29,2024-08-29 12:37:00,478.49,478.49,478.48,478.48,-0.0,46.06,21924.57,-1
2024-08-29,2024-08-29 12:38:00,478.48,478.48,478.47,478.47,-0.0,46.06,21924.57,-1
2024-08-29,2024-08-29 12:39:00,478.47,478.47,478.46,478.46,-0.0,46.06,21924.57,-1
2024-08-29,2024-08-29 12:40:00,478.46,478.46,478.45,478.45,-0.0,46.06,21924.57,-1
2024-08-29,2024-08-29 12:41:00,478.45,478.45,478.44,478.44,-0.0,46.06,21924.57,-1
2024-08-29,2024-08-29 12:42:00,478.44,478.44,478.43,478.43,-0.0,46.06,21924.57,-1
2024-08-29,2024-08-29 12:43:00,478.43,478.43,478.42,478.42,-0.0,46.06,21924.57,-1
2024-08-29,2024-08-29 12:44:00,478.42,478.42,478.41,478.41,-0.0,46.06,21924.57,-1
2024-08-29,2024-08-29 12:45:00,478.41,478.41,478.4,478.4,-0.0,46.06,21924.57,-1
2024-08-29,2024-08-29 12:46:00,478.4,478.4,478.39,478.39,-0.0,46.06,21924.57,-1
2024-08-29,2024-08-29 12:47:00,478.39,478.39,478.38,478.38,-0.0,46.06,21924.57,-1
2024-08-29,2024-08-29 12:48:00,478.38,478.38,478.36,478.36,-0.0,46.06,21924.57,-1
2024-08-29,2024-08-29 12:49:00,478.36,478.36,478.35,478.35,-0.0,46.06,21924.57,-1
2024-08-29,2024-08-29 12:50:00,478.35,478.35,478.34,478.34,-0.0,46.06,21924.57,-1
2024-08-29,2024-08-29 12:51:00,478.34,478.34,478.33,478.33,-0.0,46.06,21924.57,-1
2024-08-29,2024-08-29 12:52:00,478.33,478.33,478.32,478.32,-0.0,46.06,21924.57,-1
2024-08-29,2024-08-29 12:53:00,478.32,478.32,478.31,478.31,-0.0,46.06,21924.57,-1
2024-08-29,2024-08-29 12:54:00,478.31,478.31,478.3,478.3,-0.0,46.06,21924.57,-1
2024-08-29,2024-08-29 12:55:00,478.3,478.3,478.29,478.29,-0.0,46.06,21924.57,-1
2024-08-29,2024-08-29 12:56:00,478.29,478.29,478.28,478.28,-0.0,46.06,21924.57,-1
2024-08-29,2024-08-29 12:57:00,478.28,478.28,478.27,478.27,-0.0,46.06,21924.57,-1
2024-08-29,2024-08-29 12:58:00,478.27,478.27,478.26,478.26,-0.0,46.06,21924.57,-1
2024-08-29,2024-08-29 12:59:00,478.26,478.26,478.25,478.25,-0.0,46.06,21924.57,-1
2024-08-29,2024-08-29 13:00:00,478.25,499.8,466.0,478.24,-0.0,46.06,21924.57,-1
2024-08-29,2024-08-29 13:01:00,478.24,478.24,478.23,478.23,-0.0,46.06,21924.57,-1
2024-08-29,2024-08-29 13:02:00,478.23,478.23,478.22,478.22,-0.0,46.06,21924.57,-1
2024-08-29,2024-08-29 13:03:00,478.22,478.22,478.21,478.21,-0.0,46.06,21924.57,-1
2024-08-29,2024-08-29 13:04:00,478.21,478.21,478.2,478.2,-0.0,46.06,21924.57,-1
2024-08-29,2024-08-29 13:05:00,478.2,478.2,478.19,478.19,-0.0,46.06,21924.57,-1
2024-08-29,2024-08-29 13:06:00,478.19,478.19,478.18,478.18,-0.0,46.06,21924.57,-1
2024-08-29,2024-08-29 13:07:00,478.18,478.18,478.17,478.17,-0.0,46.06,21924.57,-1
2024-08-29,2024-08-29 13:08:00,478.17,478.17,478.16,478.16,-0.0,46.06,21924.57,-1
2024-08-29,2024-08-29 13:09:00,478.16,478.16,478.15,478.15,-0.0,46.06,21924.57,-1
2024-08-29,2024-08-29 13:10:00,478.15,478.15,478.14,478.14,-0.0,46.06,21924.57,-1
2024-08-29,2024-08-29 13:11:00,478.14,478.14,478.12,478.12,-0.0,46.06,21924.57,-1
2024-08-29,2024-08-29 13:12:00,478.12,478.12,478.11,478.11,-0.0,46.06,21924.57,-1
2024-08-29,2024-08-29 13:13:00,478.11,478.11,478.1,478.1,-0.0,46.06,21924.57,-1
2024-08-29,2024-08-29 13:14:00,478.1,478.1,478.09,478.09,-0.0,46.06,21924.57,-1
2024-08-29,2024-08-29 13:15:00,478.09,478.09,478.08,478.08,-0.0,46.06,21924.57,-1
2024-08-29,2024-08-29 13:16:00,478.08,478.08,478.07,478.07,-0.0,46.06,21924.57,-1
2024-08-29,2024-08-29 13:17:00,478.07,478.07,478.06,478.06,-0.0,46.06,21924.57,-1
2024-08-29,2024-08-29 13:18:00,478.06,478.06,478.05,478.05,-0.0,46.06,21924.57,-1
2024-08-29,2024-08-29 13:19:00,478.05,478.05,478.04,478.04,-0.0,46.06,21924.57,-1
2024-08-29,2024-08-29 13:20:00,478.04,478.04,478.03,478.03,-0.0,46.06,21924.57,-1
2024-08-29,2024-08-29 13:21:00,478.03,478.03,478.02,478.02,-0.0,46.06,21924.57,-1
2024-08-29,2024-08-29 13:22:00,478.02,478.02,478.01,478.01,-0.0,46.06,21924.57,-1
2024-08-29,2024-08-29 13:23:00,478.01,478.01,478.0,478.0,-0.0,46.06,21924.57,-1
2024-08-29,2024-08-29 13:24:00,478.0,478.0,477.99,477.99,-0.0,46.06,21924.57,-1
2024-08-29,2024-08-29 13:25:00,477.99,477.99,477.98,477.98,-0.0,46.06,21924.57,-1
2024-08-29,2024-08-29 13:26:00,477.98,477.98,477.97,477.97,-0.0,46.06,21924.57,-1
2024-08-29,2024-08-29 13:27:00,477.97,477.97,477.96,477.96,-0.0,46.06,21924.57,-1
2024-08-29,2024-08-29 13:28:00,477.96,477.96,477.95,477.95,-0.0,46.06,21924.57,-1
2024-08-29,2024-08-29 13:29:00,477.95,477.95,477.94,477.94,-0.0,46.06,21924.57,-1
2024-08-29,2024-08-29 13:30:00,477.94,477.94,477.93,477.93,-0.0,46.06,21924.57,-1
2024-08-29,2024-08-29 13:31:00,477.93,477.93,477.92,477.92,-0.0,46.06,21924.57,-1
2024-08-29,2024-08-29 13:32:00,477.92,477.92,477.91,477.91,-0.0,46.06,21924.57,-1
2024-08-29,2024-08-29 13:33:00,477.91,477.91,477.9,477.9,-0.0,46.06,21924.57,-1
2024-08-29,2024-08-29 13:34:00,477.9,477.9,477.89,477.89,-0.0,46.06,21924.57,-1
2024-08-29,2024-08-29 13:35:00,477.89,477.89,477.88,477.88,-0.0,46.06,21924.57,-1
2024-08-29,2024-08-29 13:36:00,477.88,477.88,477.86,477.86,-0.0,46.06,21924.57,-1
2024-08-29,2024-08-29 13:37:00,477.86,477.86,477.85,477.85,-0.0,46.06,21924.57,-1
2024-08-29,2024-08-29 13:38:00,477.85,477.85,477.84,477.84,-0.0,46.06,21924.57,-1
2024-08-29,2024-08-29 13:39:00,477.84,477.84,477.83,477.83,-0.0,46.06,21924.57,-1
2024-08-29,2024-08-29 13:40:00,477.83,477.83,477.82,477.82,-0.0,46.06,21924.57,-1
2024-08-29,2024-08-29 13:41:00,477.82,477.82,477.81,477.81,-0.0,46.06,21924.57,-1
2024-08-29,2024-08-29 13:42:00,477.81,477.81,477.8,477.8,-0.0,46.06,21924.57,-1
2024-08-29,2024-08-29 13:43:00,477.8,477.8,477.79,477.79,-0.0,46.06,21924.57,-1
2024-08-29,2024-08-29 13:44:00,477.79,477.79,477.78,477.78,-0.0,46.06,21924.57,-1
2024-08-29,2024-08-29 13:45:00,477.78,477.78,477.77,477.77,-0.0,46.06,21924.57,-1
2024-08-29,2024-08-29 13:46:00,477.77,477.77,477.76,477.76,-0.0,46.06,21924.57,-1
2024-08-29,2024-08-29 13:47:00,477.76,477.76,477.75,477.75,-0.0,46.06,21924.57,-1
2024-08-29,2024-08-29 13:48:00,477.75,477.75,477.74,477.74,-0.0,46.06,21924.57,-1
2024-08-29,2024-08-29 13:49:00,477.74,477.74,477.73,477.73,-0.0,46.06,21924.57,-1
2024-08-29,2024-08-29 13:50:00,477.73,477.73,477.72,477.72,-0.0,46.06,21924.57,-1
2024-08-29,2024-08-29 13:51:00,477.72,477.72,477.71,477.71,-0.0,46.06,21924.57,-1
2024-08-29,2024-08-29 13:52:00,477.71,477.71,477.7,477.7,-0.0,46.06,21924.57,-1
2024-08-29,2024-08-29 13:53:00,477.7,477.7,477.69,477.69,-0.0,46.06,21924.57,-1
2024-08-29,2024-08-29 13:54:00,477.69,477.69,477.68,477.68,-0.0,46.06,21924.57,-1
2024-08-29,2024-08-29 13:55:00,477.68,477.68,477.67,477.67,-0.0,46.06,21924.57,-1
2024-08-29,2024-08-29 13:56:00,477.67,477.67,477.66,477.66,-0.0,46.06,21924.57,-1
2024-08-29,2024-08-29 13:57:00,477.66,477.66,477.65,477.65,-0.0,46.06,21924.57,-1
2024-08-29,2024-08-29 13:58:00,477.65,477.65,477.64,477.64,-0.0,46.06,21924.57,-1
2024-08-29,2024-08-29 13:59:00,477.64,477.64,477.62,477.62,-0.0,46.06,21924.57,-1
2024-08-29,2024-08-29 14:00:00,477.62,477.62,477.61,477.61,-0.0,46.06,21924.57,-1
2024-08-29,2024-08-29 14:01:00,477.61,477.61,477.6,477.6,-0.0,46.06,21924.57,-1
2024-08-29,2024-08-29 14:02:00,477.6,477.6,477.59,477.59,-0.0,46.06,21924.57,-1
2024-08-29,2024-08-29 14:03:00,477.59,477.59,477.58,477.58,-0.0,46.06,21924.57,-1
2024-08-29,2024-08-29 14:04:00,477.58,477.58,477.57,477.57,-0.0,46.06,21924.57,-1
2024-08-29,2024-08-29 14:05:00,477.57,477.57,477.56,477.56,-0.0,46.06,21924.57,-1
2024-08-29,2024-08-29 14:06:00,477.56,477.56,477.55,477.55,-0.0,46.06,21924.57,-1
2024-08-29,2024-08-29 14:07:00,477.55,477.55,477.54,477.54,-0.0,46.06,21924.57,-1
2024-08-29,2024-08-29 14:08:00,477.54,477.54,477.53,477.53,-0.0,46.06,21924.57,-1
2024-08-29,2024-08-29 14:09:00,477.53,477.53,477.52,477.52,-0.0,46.06,21924.57,-1
2024-08-29,2024-08-29 14:10:00,477.52,477.52,477.51,477.51,-0.0,46.06,21924.57,-1
2024-08-29,2024-08-29 14:11:00,477.51,477.51,477.5,477.5,-0.0,46.06,21924.57,-1
2024-08-29,2024-08-29 14:12:00,477.5,477.5,477.49,477.49,-0.0,46.06,21924.57,-1
2024-08-29,2024-08-29 14:13:00,477.49,477.49,477.48,477.48,-0.0,46.06,21924.57,-1
2024-08-29,2024-08-29 14:14:00,477.48,477.48,477.47,477.47,-0.0,46.06,21924.57,-1
2024-08-29,2024-08-29 14:15:00,477.47,477.47,477.46,477.46,-0.0,46.06,21924.57,-1
2024-08-29,2024-08-29 14:16:00,477.46,477.46,477.45,477.45,-0.0,46.06,21924.57,-1
2024-08-29,2024-08-29 14:17:00,477.45,477.45,477.44,477.44,-0.0,46.06,21924.57,-1
2024-08-29,2024-08-29 14:18:00,477.44,477.44,477.43,477.43,-0.0,46.06,21924.57,-1
2024-08-29,2024-08-29 14:19:00,477.43,477.43,477.42,477.42,-0.0,46.06,21924.57,-1
2024-08-29,2024-08-29 14:20:00,477.42,477.42,477.41,477.41,-0.0,46.06,21924.57,-1
2024-08-29,2024-08-29 14:21:00,477.41,477.41,477.4,477.4,-0.0,46.06,21924.57,-1
2024-08-29,2024-08-29 14:22:00,477.4,477.4,477.39,477.39,-0.0,46.06,21924.57,-1
2024-08-29,2024-08-29 14:23:00,477.39,477.39,477.38,477.38,-0.0,46.06,21924.57,-1
2024-08-29,2024-08-29 14:24:00,477.38,477.38,477.36,477.36,-0.0,46.06,21924.57,-1
2024-08-29,2024-08-29 14:25:00,477.36,477.36,477.35,477.35,-0.0,46.06,21924.57,-1
2024-08-29,2024-08-29 14:26:00,477.35,477.35,477.34,477.34,-0.0,46.06,21924.57,-1
2024-08-29,2024-08-29 14:27:00,477.34,477.34,477.33,477.33,-0.0,46.06,21924.57,-1
2024-08-29,2024-08-29 14:28:00,477.33,477.33,477.32,477.32,-0.0,46.06,21924.57,-1
2024-08-29,2024-08-29 14:29:00,477.32,477.32,477.31,477.31,-0.0,46.06,21924.57,-1
2024-08-29,2024-08-29 14:30:00,477.31,477.31,477.3,477.3,-0.0,46.06,21924.57,-1
2024-08-29,2024-08-29 14:31:00,477.3,477.3,477.29,477.29,-0.0,46.06,21924.57,-1
2024-08-29,2024-08-29 14:32:00,477.29,477.29,477.28,477.28,-0.0,46.06,21924.57,-1
2024-08-29,2024-08-29 14:33:00,477.28,477.28,477.27,477.27,-0.0,46.06,21924.57,-1
2024-08-29,2024-08-29 14:34:00,477.27,477.27,477.26,477.26,-0.0,46.06,21924.57,-1
2024-08-29,2024-08-29 14:35:00,477.26,477.26,477.25,477.25,-0.0,46.06,21924.57,-1
2024-08-29,2024-08-29 14:36:00,477.25,477.25,477.24,477.24,-0.0,46.06,21924.57,-1
2024-08-29,2024-08-29 14:37:00,477.24,477.24,477.23,477.23,-0.0,46.06,21924.57,-1
2024-08-29,2024-08-29 14:38:00,477.23,477.23,477.22,477.22,-0.0,46.06,21924.57,-1
2024-08-29,2024-08-29 14:39:00,477.22,477.22,477.21,477.21,-0.0,46.06,21924.57,-1
2024-08-29,2024-08-29 14:40:00,477.21,477.21,477.2,477.2,-0.0,46.06,21924.57,-1
2024-08-29,2024-08-29 14:41:00,477.2,477.2,477.19,477.19,-0.0,46.06,21924.57,-1
2024-08-29,2024-08-29 14:42:00,477.19,477.19,477.18,477.18,-0.0,46.06,21924.57,-1
2024-08-29,2024-08-29 14:43:00,477.18,477.18,477.17,477.17,-0.0,46.06,21924.57,-1
2024-08-29,2024-08-29 14:44:00,477.17,477.17,477.16,477.16,-0.0,46.06,21924.57,-1
2024-08-29,2024-08-29 14:45:00,477.16,477.16,477.15,477.15,-0.0,46.06,21924.57,-1
2024-08-29,2024-08-29 14:46:00,477.15,477.15,477.14,477.14,-0.0,46.06,21924.57,-1
2024-08-29,2024-08-29 14:47:00,477.14,477.14,477.12,477.12,-0.0,46.06,21924.57,-1
2024-08-29,2024-08-29 14:48:00,477.12,477.12,477.11,477.11,-0.0,46.06,21924.57,-1
2024-08-29,2024-08-29 14:49:00,477.11,477.11,477.1,477.1,-0.0,46.06,21924.57,-1
2024-08-29,2024-08-29 14:50:00,477.1,477.1,477.09,477.09,-0.0,46.06,21924.57,-1
2024-08-29,2024-08-29 14:51:00,477.09,477.09,477.08,477.08,-0.0,46.06,21924.57,-1
2024-08-29,2024-08-29 14:52:00,477.08,477.08,477.07,477.07,-0.0,46.06,21924.57,-1
2024-08-29,2024-08-29 14:53:00,477.07,477.07,477.06,477.06,-0.0,46.06,21924.57,-1
2024-08-29,2024-08-29 14:54:00,477.06,477.06,477.05,477.05,-0.0,46.06,21924.57,-1
2024-08-29,2024-08-29 14:55:00,477.05,477.05,477.04,477.04,-0.0,46.06,21924.57,-1
2024-08-29,2024-08-29 14:56:00,477.04,477.04,477.03,477.03,-0.0,46.06,21924.57,-1
2024-08-29,2024-08-29 14:57:00,477.03,477.03,477.02,477.02,-0.0,46.06,21924.57,-1
2024-08-29,2024-08-29 14:58:00,477.02,477.02,477.01,477.01,-0.0,46.06,21924.57,-1
2024-08-29,2024-08-29 14:59:00,477.01,477.01,477.0,477.0,-0.0,46.06,21924.57,-1
2024-08-29,2024-08-29 15:00:00,477.0,499.8,466.0,477.0,0.0,46.06,21924.57,0
2024-09-01,2024-09-01 11:00:00,467.5,476.11,465.85,467.51,0.0,31.63,14921.29,1
2024-09-01,2024-09-01 11:01:00,467.51,467.52,467.51,467.52,0.0,31.63,14921.29,1
2024-09-01,2024-09-01 11:02:00,467.52,467.53,467.52,467.53,0.0,31.63,14921.29,1
2024-09-01,2024-09-01 11:03:00,467.53,467.54,467.53,467.54,0.0,31.63,14921.29,1
2024-09-01,2024-09-01 11:04:00,467.54,467.55,467.54,467.55,0.0,31.63,14921.29,1
2024-09-01,2024-09-01 11:05:00,467.55,467.56,467.55,467.56,0.0,31.63,14921.29,1
2024-09-01,2024-09-01 11:06:00,467.56,467.57,467.56,467.57,0.0,31.63,14921.29,1
2024-09-01,2024-09-01 11:07:00,467.57,467.58,467.57,467.58,0.0,31.63,14921.29,1
2024-09-01,2024-09-01 11:08:00,467.58,467.59,467.58,467.59,0.0,31.63,14921.29,1
2024-09-01,2024-09-01 11:09:00,467.59,467.6,467.59,467.6,0.0,31.63,14921.29,1
2024-09-01,2024-09-01 11:10:00,467.6,467.61,467.6,467.61,0.0,31.63,14921.29,1
2024-09-01,2024-09-01 11:11:00,467.61,467.62,467.61,467.62,0.0,31.63,14921.29,1
2024-09-01,2024-09-01 11:12:00,467.62,467.64,467.62,467.64,0.0,31.63,14921.29,1
2024-09-01,2024-09-01 11:13:00,467.64,467.65,467.64,467.65,0.0,31.63,14921.29,1
2024-09-01,2024-09-01 11:14:00,467.65,467.66,467.65,467.66,0.0,31.63,14921.29,1
2024-09-01,2024-09-01 11:15:00,467.66,467.67,467.66,467.67,0.0,31.63,14921.29,1
2024-09-01,2024-09-01 11:16:00,467.67,467.68,467.67,467.68,0.0,31.63,14921.29,1
2024-09-01,2024-09-01 11:17:00,467.68,467.69,467.68,467.69,0.0,31.63,14921.29,1
2024-09-01,2024-09-01 11:18:00,467.69,467.7,467.69,467.7,0.0,31.63,14921.29,1
2024-09-01,2024-09-01 11:19:00,467.7,467.71,467.7,467.71,0.0,31.63,14921.29,1
2024-09-01,2024-09-01 11:20:00,467.71,467.72,467.71,467.72,0.0,31.63,14921.29,1
2024-09-01,2024-09-01 11:21:00,467.72,467.73,467.72,467.73,0.0,31.63,14921.29,1
2024-09-01,2024-09-01 11:22:00,467.73,467.74,467.73,467.74,0.0,31.63,14921.29,1
2024-09-01,2024-09-01 11:23:00,467.74,467.75,467.74,467.75,0.0,31.63,14921.29,1
2024-09-01,2024-09-01 11:24:00,467.75,467.76,467.75,467.76,0.0,31.63,14921.29,1
2024-09-01,2024-09-01 11:25:00,467.76,467.77,467.76,467.77,0.0,31.63,14921.29,1
2024-09-01,2024-09-01 11:26:00,467.77,467.78,467.77,467.78,0.0,31.63,14921.29,1
2024-09-01,2024-09-01 11:27:00,467.78,467.79,467.78,467.79,0.0,31.63,14921.29,1
2024-09-01,2024-09-01 11:28:00,467.79,467.8,467.79,467.8,0.0,31.63,14921.29,1
2024-09-01,2024-09-01 11:29:00,467.8,467.81,467.8,467.81,0.0,31.63,14921.29,1
2024-09-01,2024-09-01 11:30:00,467.81,467.82,467.81,467.82,0.0,31.63,14921.29,1
2024-09-01,2024-09-01 11:31:00,467.82,467.83,467.82,467.83,0.0,31.63,14921.29,1
2024-09-01,2024-09-01 11:32:00,467.83,467.84,467.83,467.84,0.0,31.63,14921.29,1
2024-09-01,2024-09-01 11:33:00,467.84,467.85,467.84,467.85,0.0,31.63,14921.29,1
2024-09-01,2024-09-01 11:34:00,467.85,467.86,467.85,467.86,0.0,31.63,14921.29,1
2024-09-01,2024-09-01 11:35:00,467.86,467.88,467.86,467.88,0.0,31.63,14921.29,1
2024-09-01,2024-09-01 11:36:00,467.88,467.89,467.88,467.89,0.0,31.63,14921.29,1
2024-09-01,2024-09-01 11:37:00,467.89,467.9,467.89,467.9,0.0,31.63,14921.29,1
2024-09-01,2024-09-01 11:38:00,467.9,467.91,467.9,467.91,0.0,31.63,14921.29,1
2024-09-01,2024-09-01 11:39:00,467.91,467.92,467.91,467.92,0.0,31.63,14921.29,1
2024-09-01,2024-09-01 11:40:00,467.92,467.93,467.92,467.93,0.0,31.63,14921.29,1
2024-09-01,2024-09-01 11:41:00,467.93,467.94,467.93,467.94,0.0,31.63,14921.29,1
2024-09-01,2024-09-01 11:42:00,467.94,467.95,467.94,467.95,0.0,31.63,14921.29,1
2024-09-01,2024-09-01 11:43:00,467.95,467.96,467.95,467.96,0.0,31.63,14921.29,1
2024-09-01,2024-09-01 11:44:00,467.96,467.97,467.96,467.97,0.0,31.63,14921.29,1
2024-09-01,2024-09-01 11:45:00,467.97,467.98,467.97,467.98,0.0,31.63,14921.29,1
2024-09-01,2024-09-01 11:46:00,467.98,467.99,467.98,467.99,0.0,31.63,14921.29,1
2024-09-01,2024-09-01 11:47:00,467.99,468.0,467.99,468.0,0.0,31.63,14921.29,1
2024-09-01,2024-09-01 11:48:00,468.0,468.01,468.0,468.01,0.0,31.63,14921.29,1
2024-09-01,2024-09-01 11:49:00,468.01,468.02,468.01,468.02,0.0,31.63,14921.29,1
2024-09-01,2024-09-01 11:50:00,468.02,468.03,468.02,468.03,0.0,31.63,14921.29,1
2024-09-01,2024-09-01 11:51:00,468.03,468.04,468.03,468.04,0.0,31.63,14921.29,1
2024-09-01,2024-09-01 11:52:00,468.04,468.05,468.04,468.05,0.0,31.63,14921.29,1
2024-09-01,2024-09-01 11:53:00,468.05,468.06,468.05,468.06,0.0,31.63,14921.29,1
2024-09-01,2024-09-01 11:54:00,468.06,468.07,468.06,468.07,0.0,31.63,14921.29,1
2024-09-01,2024-09-01 11:55:00,468.07,468.08,468.07,468.08,0.0,31.63,14921.29,1
2024-09-01,2024-09-01 11:56:00,468.08,468.09,468.08,468.09,0.0,31.63,14921.29,1
2024-09-01,2024-09-01 11:57:00,468.09,468.1,468.09,468.1,0.0,31.63,14921.29,1
2024-09-01,2024-09-01 11:58:00,468.1,468.11,468.1,468.11,0.0,31.63,14921.29,1
2024-09-01,2024-09-01 11:59:00,468.11,468.12,468.11,468.12,0.0,31.63,14921.29,1
2024-09-01,2024-09-01 12:00:00,468.12,468.14,468.12,468.14,0.0,31.63,14921.29,1
2024-09-01,2024-09-01 12:01:00,468.14,468.15,468.14,468.15,0.0,31.63,14921.29,1
2024-09-01,2024-09-01 12:02:00,468.15,468.16,468.15,468.16,0.0,31.63,14921.29,1
2024-09-01,2024-09-01 12:03:00,468.16,468.17,468.16,468.17,0.0,31.63,14921.29,1
2024-09-01,2024-09-01 12:04:00,468.17,468.18,468.17,468.18,0.0,31.63,14921.29,1
2024-09-01,2024-09-01 12:05:00,468.18,468.19,468.18,468.19,0.0,31.63,14921.29,1
2024-09-01,2024-09-01 12:06:00,468.19,468.2,468.19,468.2,0.0,31.63,14921.29,1
2024-09-01,2024-09-01 12:07:00,468.2,468.21,468.2,468.21,0.0,31.63,14921.29,1
2024-09-01,2024-09-01 12:08:00,468.21,468.22,468.21,468.22,0.0,31.63,14921.29,1
2024-09-01,2024-09-01 12:09:00,468.22,468.23,468.22,468.23,0.0,31.63,14921.29,1
2024-09-01,2024-09-01 12:10:00,468.23,468.24,468.23,468.24,0.0,31.63,14921.29,1
2024-09-01,2024-09-01 12:11:00,468.24,468.25,468.24,468.25,0.0,31.63,14921.29,1
2024-09-01,2024-09-01 12:12:00,468.25,468.26,468.25,468.26,0.0,31.63,14921.29,1
2024-09-01,2024-09-01 12:13:00,468.26,468.27,468.26,468.27,0.0,31.63,14921.29,1
2024-09-01,2024-09-01 12:14:00,468.27,468.28,468.27,468.28,0.0,31.63,14921.29,1
2024-09-01,2024-09-01 12:15:00,468.28,468.29,468.28,468.29,0.0,31.63,14921.29,1
2024-09-01,2024-09-01 12:16:00,468.29,468.3,468.29,468.3,0.0,31.63,14921.29,1
2024-09-01,2024-09-01 12:17:00,468.3,468.31,468.3,468.31,0.0,31.63,14921.29,1
2024-09-01,2024-09-01 12:18:00,468.31,468.32,468.31,468.32,0.0,31.63,14921.29,1
2024-09-01,2024-09-01 12:19:00,468.32,468.33,468.32,468.33,0.0,31.63,14921.29,1
2024-09-01,2024-09-01 12:20:00,468.33,468.34,468.33,468.34,0.0,31.63,14921.29,1
2024-09-01,2024-09-01 12:21:00,468.34,468.35,468.34,468.35,0.0,31.63,14921.29,1
2024-09-01,2024-09-01 12:22:00,468.35,468.36,468.35,468.36,0.0,31.63,14921.29,1
2024-09-01,2024-09-01 12:23:00,468.36,468.38,468.36,468.38,0.0,31.63,14921.29,1
2024-09-01,2024-09-01 12:24:00,468.38,468.39,468.38,468.39,0.0,31.63,14921.29,1
2024-09-01,2024-09-01 12:25:00,468.39,468.4,468.39,468.4,0.0,31.63,14921.29,1
2024-09-01,2024-09-01 12:26:00,468.4,468.41,468.4,468.41,0.0,31.63,14921.29,1
2024-09-01,2024-09-01 12:27:00,468.41,468.42,468.41,468.42,0.0,31.63,14921.29,1
2024-09-01,2024-09-01 12:28:00,468.42,468.43,468.42,468.43,0.0,31.63,14921.29,1
2024-09-01,2024-09-01 12:29:00,468.43,468.44,468.43,468.44,0.0,31.63,14921.29,1
2024-09-01,2024-09-01 12:30:00,468.44,468.45,468.44,468.45,0.0,31.63,14921.29,1
2024-09-01,2024-09-01 12:31:00,468.45,468.46,468.45,468.46,0.0,31.63,14921.29,1
2024-09-01,2024-09-01 12:32:00,468.46,468.47,468.46,468.47,0.0,31.63,14921.29,1
2024-09-01,2024-09-01 12:33:00,468.47,468.48,468.47,468.48,0.0,31.63,14921.29,1
2024-09-01,2024-09-01 12:34:00,468.48,468.49,468.48,468.49,0.0,31.63,14921.29,1
2024-09-01,2024-09-01 12:35:00,468.49,468.5,468.49,468.5,0.0,31.63,14921.29,1
2024-09-01,2024-09-01 12:36:00,468.5,468.51,468.5,468.51,0.0,31.63,14921.29,1
2024-09-01,2024-09-01 12:37:00,468.51,468.52,468.51,468.52,0.0,31.63,14921.29,1
2024-09-01,2024-09-01 12:38:00,468.52,468.53,468.52,468.53,0.0,31.63,14921.29,1
2024-09-01,2024-09-01 12:39:00,468.53,468.54,468.53,468.54,0.0,31.63,14921.29,1
2024-09-01,2024-09-01 12:40:00,468.54,468.55,468.54,468.55,0.0,31.63,14921.29,1
2024-09-01,2024-09-01 12:41:00,468.55,468.56,468.55,468.56,0.0,31.63,14921.29,1
2024-09-01,2024-09-01 12:42:00,468.56,468.57,468.56,468.57,0.0,31.63,14921.29,1
2024-09-01,2024-09-01 12:43:00,468.57,468.58,468.57,468.58,0.0,31.63,14921.29,1
2024-09-01,2024-09-01 12:44:00,468.58,468.59,468.58,468.59,0.0,31.63,14921.29,1
2024-09-01,2024-09-01 12:45:00,468.59,468.6,468.59,468.6,0.0,31.63,14921.29,1
2024-09-01,2024-09-01 12:46:00,468.6,468.61,468.6,468.61,0.0,31.63,14921.29,1
2024-09-01,2024-09-01 12:47:00,468.61,468.62,468.61,468.62,0.0,31.63,14921.29,1
2024-09-01,2024-09-01 12:48:00,468.62,468.64,468.62,468.64,0.0,31.63,14921.29,1
2024-09-01,2024-09-01 12:49:00,468.64,468.65,468.64,468.65,0.0,31.63,14921.29,1
2024-09-01,2024-09-01 12:50:00,468.65,468.66,468.65,468.66,0.0,31.63,14921.29,1
2024-09-01,2024-09-01 12:51:00,468.66,468.67,468.66,468.67,0.0,31.63,14921.29,1
2024-09-01,2024-09-01 12:52:00,468.67,468.68,468.67,468.68,0.0,31.63,14921.29,1
2024-09-01,2024-09-01 12:53:00,468.68,468.69,468.68,468.69,0.0,31.63,14921.29,1
2024-09-01,2024-09-01 12:54:00,468.69,468.7,468.69,468.7,0.0,31.63,14921.29,1
2024-09-01,2024-09-01 12:55:00,468.7,468.71,468.7,468.71,0.0,31.63,14921.29,1
2024-09-01,2024-09-01 12:56:00,468.71,468.72,468.71,468.72,0.0,31.63,14921.29,1
2024-09-01,2024-09-01 12:57:00,468.72,468.73,468.72,468.73,0.0,31.63,14921.29,1
2024-09-01,2024-09-01 12:58:00,468.73,468.74,468.73,468.74,0.0,31.63,14921.29,1
2024-09-01,2024-09-01 12:59:00,468.74,468.75,468.74,468.75,0.0,31.63,14921.29,1
2024-09-01,2024-09-01 13:00:00,468.75,496.2,462.0,468.76,0.0,31.63,14921.29,1
2024-09-01,2024-09-01 13:01:00,468.76,468.77,468.76,468.77,0.0,31.63,14921.29,1
2024-09-01,2024-09-01 13:02:00,468.77,468.78,468.77,468.78,0.0,31.63,14921.29,1
2024-09-01,2024-09-01 13:03:00,468.78,468.79,468.78,468.79,0.0,31.63,14921.29,1
2024-09-01,2024-09-01 13:04:00,468.79,468.8,468.79,468.8,0.0,31.63,14921.29,1
2024-09-01,2024-09-01 13:05:00,468.8,468.81,468.8,468.81,0.0,31.63,14921.29,1
2024-09-01,2024-09-01 13:06:00,468.81,468.82,468.81,468.82,0.0,31.63,14921.29,1
2024-09-01,2024-09-01 13:07:00,468.82,468.83,468.82,468.83,0.0,31.63,14921.29,1
2024-09-01,2024-09-01 13:08:00,468.83,468.84,468.83,468.84,0.0,31.63,14921.29,1
2024-09-01,2024-09-01 13:09:00,468.84,468.85,468.84,468.85,0.0,31.63,14921.29,1
2024-09-01,2024-09-01 13:10:00,468.85,468.86,468.85,468.86,0.0,31.63,14921.29,1
2024-09-01,2024-09-01 13:11:00,468.86,468.88,468.86,468.88,0.0,31.63,14921.29,1
2024-09-01,2024-09-01 13:12:00,468.88,468.89,468.88,468.89,0.0,31.63,14921.29,1
2024-09-01,2024-09-01 13:13:00,468.89,468.9,468.89,468.9,0.0,31.63,14921.29,1
2024-09-01,2024-09-01 13:14:00,468.9,468.91,468.9,468.91,0.0,31.63,14921.29,1
2024-09-01,2024-09-01 13:15:00,468.91,468.92,468.91,468.92,0.0,31.63,14921.29,1
2024-09-01,2024-09-01 13:16:00,468.92,468.93,468.92,468.93,0.0,31.63,14921.29,1
2024-09-01,2024-09-01 13:17:00,468.93,468.94,468.93,468.94,0.0,31.63,14921.29,1
2024-09-01,2024-09-01 13:18:00,468.94,468.95,468.94,468.95,0.0,31.63,14921.29,1
2024-09-01,2024-09-01 13:19:00,468.95,468.96,468.95,468.96,0.0,31.63,14921.29,1
2024-09-01,2024-09-01 13:20:00,468.96,468.97,468.96,468.97,0.0,31.63,14921.29,1
2024-09-01,2024-09-01 13:21:00,468.97,468.98,468.97,468.98,0.0,31.63,14921.29,1
2024-09-01,2024-09-01 13:22:00,468.98,468.99,468.98,468.99,0.0,31.63,14921.29,1
2024-09-01,2024-09-01 13:23:00,468.99,469.0,468.99,469.0,0.0,31.63,14921.29,1
2024-09-01,2024-09-01 13:24:00,469.0,469.01,469.0,469.01,0.0,31.63,14921.29,1
2024-09-01,2024-09-01 13:25:00,469.01,469.02,469.01,469.02,0.0,31.63,14921.29,1
2024-09-01,2024-09-01 13:26:00,469.02,469.03,469.02,469.03,0.0,31.63,14921.29,1
2024-09-01,2024-09-01 13:27:00,469.03,469.04,469.03,469.04,0.0,31.63,14921.29,1
2024-09-01,2024-09-01 13:28:00,469.04,469.05,469.04,469.05,0.0,31.63,14921.29,1
2024-09-01,2024-09-01 13:29:00,469.05,469.06,469.05,469.06,0.0,31.63,14921.29,1
2024-09-01,2024-09-01 13:30:00,469.06,469.07,469.06,469.07,0.0,31.63,14921.29,1
2024-09-01,2024-09-01 13:31:00,469.07,469.08,469.07,469.08,0.0,31.63,14921.29,1
2024-09-01,2024-09-01 13:32:00,469.08,469.09,469.08,469.09,0.0,31.63,14921.29,1
2024-09-01,2024-09-01 13:33:00,469.09,469.1,469.09,469.1,0.0,31.63,14921.29,1
2024-09-01,2024-09-01 13:34:00,469.1,469.11,469.1,469.11,0.0,31.63,14921.29,1
2024-09-01,2024-09-01 13:35:00,469.11,469.12,469.11,469.12,0.0,31.63,14921.29,1
2024-09-01,2024-09-01 13:36:00,469.12,469.14,469.12,469.14,0.0,31.63,14921.29,1
2024-09-01,2024-09-01 13:37:00,469.14,469.15,469.14,469.15,0.0,31.63,14921.29,1
2024-09-01,2024-09-01 13:38:00,469.15,469.16,469.15,469.16,0.0,31.63,14921.29,1
2024-09-01,2024-09-01 13:39:00,469.16,469.17,469.16,469.17,0.0,31.63,14921.29,1
2024-09-01,2024-09-01 13:40:00,469.17,469.18,469.17,469.18,0.0,31.63,14921.29,1
2024-09-01,2024-09-01 13:41:00,469.18,469.19,469.18,469.19,0.0,31.63,14921.29,1
2024-09-01,2024-09-01 13:42:00,469.19,469.2,469.19,469.2,0.0,31.63,14921.29,1
2024-09-01,2024-09-01 13:43:00,469.2,469.21,469.2,469.21,0.0,31.63,14921.29,1
2024-09-01,2024-09-01 13:44:00,469.21,469.22,469.21,469.22,0.0,31.63,14921.29,1
2024-09-01,2024-09-01 13:45:00,469.22,469.23,469.22,469.23,0.0,31.63,14921.29,1
2024-09-01,2024-09-01 13:46:00,469.23,469.24,469.23,469.24,0.0,31.63,14921.29,1
2024-09-01,2024-09-01 13:47:00,469.24,469.25,469.24,469.25,0.0,31.63,14921.29,1
2024-09-01,2024-09-01 13:48:00,469.25,469.26,469.25,469.26,0.0,31.63,14921.29,1
2024-09-01,2024-09-01 13:49:00,469.26,469.27,469.26,469.27,0.0,31.63,14921.29,1
2024-09-01,2024-09-01 13:50:00,469.27,469.28,469.27,469.28,0.0,31.63,14921.29,1
2024-09-01,2024-09-01 13:51:00,469.28,469.29,469.28,469.29,0.0,31.63,14921.29,1
2024-09-01,2024-09-01 13:52:00,469.29,469.3,469.29,469.3,0.0,31.63,14921.29,1
2024-09-01,2024-09-01 13:53:00,469.3,469.31,469.3,469.31,0.0,31.63,14921.29,1
2024-09-01,2024-09-01 13:54:00,469.31,469.32,469.31,469.32,0.0,31.63,14921.29,1
2024-09-01,2024-09-01 13:55:00,469.32,469.33,469.32,469.33,0.0,31.63,14921.29,1
2024-09-01,2024-09-01 13:56:00,469.33,469.34,469.33,469.34,0.0,31.63,14921.29,1
2024-09-01,2024-09-01 13:57:00,469.34,469.35,469.34,469.35,0.0,31.63,14921.29,1
2024-09-01,2024-09-01 13:58:00,469.35,469.36,469.35,469.36,0.0,31.63,14921.29,1
2024-09-01,2024-09-01 13:59:00,469.36,469.38,469.36,469.38,0.0,31.63,14921.29,1
2024-09-01,2024-09-01 14:00:00,469.38,469.39,469.38,469.39,0.0,31.63,14921.29,1
2024-09-01,2024-09-01 14:01:00,469.39,469.4,469.39,469.4,0.0,31.63,14921.29,1
2024-09-01,2024-09-01 14:02:00,469.4,469.41,469.4,469.41,0.0,31.63,14921.29,1
2024-09-01,2024-09-01 14:03:00,469.41,469.42,469.41,469.42,0.0,31.63,14921.29,1
2024-09-01,2024-09-01 14:04:00,469.42,469.43,469.42,469.43,0.0,31.63,14921.29,1
2024-09-01,2024-09-01 14:05:00,469.43,469.44,469.43,469.44,0.0,31.63,14921.29,1
2024-09-01,2024-09-01 14:06:00,469.44,469.45,469.44,469.45,0.0,31.63,14921.29,1
2024-09-01,2024-09-01 14:07:00,469.45,469.46,469.45,469.46,0.0,31.63,14921.29,1
2024-09-01,2024-09-01 14:08:00,469.46,469.47,469.46,469.47,0.0,31.63,14921.29,1
2024-09-01,2024-09-01 14:09:00,469.47,469.48,469.47,469.48,0.0,31.63,14921.29,1
2024-09-01,2024-09-01 14:10:00,469.48,469.49,469.48,469.49,0.0,31.63,14921.29,1
2024-09-01,2024-09-01 14:11:00,469.49,469.5,469.49,469.5,0.0,31.63,14921.29,1
2024-09-01,2024-09-01 14:12:00,469.5,469.51,469.5,469.51,0.0,31.63,14921.29,1
2024-09-01,2024-09-01 14:13:00,469.51,469.52,469.51,469.52,0.0,31.63,14921.29,1
2024-09-01,2024-09-01 14:14:00,469.52,469.53,469.52,469.53,0.0,31.63,14921.29,1
2024-09-01,2024-09-01 14:15:00,469.53,469.54,469.53,469.54,0.0,31.63,14921.29,1
2024-09-01,2024-09-01 14:16:00,469.54,469.55,469.54,469.55,0.0,31.63,14921.29,1
2024-09-01,2024-09-01 14:17:00,469.55,469.56,469.55,469.56,0.0,31.63,14921.29,1
2024-09-01,2024-09-01 14:18:00,469.56,469.57,469.56,469.57,0.0,31.63,14921.29,1
2024-09-01,2024-09-01 14:19:00,469.57,469.58,469.57,469.58,0.0,31.63,14921.29,1
2024-09-01,2024-09-01 14:20:00,469.58,469.59,469.58,469.59,0.0,31.63,14921.29,1
2024-09-01,2024-09-01 14:21:00,469.59,469.6,469.59,469.6,0.0,31.63,14921.29,1
2024-09-01,2024-09-01 14:22:00,469.6,469.61,469.6,469.61,0.0,31.63,14921.29,1
2024-09-01,2024-09-01 14:23:00,469.61,469.62,469.61,469.62,0.0,31.63,14921.29,1
2024-09-01,2024-09-01 14:24:00,469.62,469.64,469.62,469.64,0.0,31.63,14921.29,1
2024-09-01,2024-09-01 14:25:00,469.64,469.65,469.64,469.65,0.0,31.63,14921.29,1
2024-09-01,2024-09-01 14:26:00,469.65,469.66,469.65,469.66,0.0,31.63,14921.29,1
2024-09-01,2024-09-01 14:27:00,469.66,469.67,469.66,469.67,0.0,31.63,14921.29,1
2024-09-01,2024-09-01 14:28:00,469.67,469.68,469.67,469.68,0.0,31.63,14921.29,1
2024-09-01,2024-09-01 14:29:00,469.68,469.69,469.68,469.69,0.0,31.63,14921.29,1
2024-09-01,2024-09-01 14:30:00,469.69,469.7,469.69,469.7,0.0,31.63,14921.29,1
2024-09-01,2024-09-01 14:31:00,469.7,469.71,469.7,469.71,0.0,31.63,14921.29,1
2024-09-01,2024-09-01 14:32:00,469.71,469.72,469.71,469.72,0.0,31.63,14921.29,1
2024-09-01,2024-09-01 14:33:00,469.72,469.73,469.72,469.73,0.0,31.63,14921.29,1
2024-09-01,2024-09-01 14:34:00,469.73,469.74,469.73,469.74,0.0,31.63,14921.29,1
2024-09-01,2024-09-01 14:35:00,469.74,469.75,469.74,469.75,0.0,31.63,14921.29,1
2024-09-01,2024-09-01 14:36:00,469.75,469.76,469.75,469.76,0.0,31.63,14921.29,1
2024-09-01,2024-09-01 14:37:00,469.76,469.77,469.76,469.77,0.0,31.63,14921.29,1
2024-09-01,2024-09-01 14:38:00,469.77,469.78,469.77,469.78,0.0,31.63,14921.29,1
2024-09-01,2024-09-01 14:39:00,469.78,469.79,469.78,469.79,0.0,31.63,14921.29,1
2024-09-01,2024-09-01 14:40:00,469.79,469.8,469.79,469.8,0.0,31.63,14921.29,1
2024-09-01,2024-09-01 14:41:00,469.8,469.81,469.8,469.81,0.0,31.63,14921.29,1
2024-09-01,2024-09-01 14:42:00,469.81,469.82,469.81,469.82,0.0,31.63,14921.29,1
2024-09-01,2024-09-01 14:43:00,469.82,469.83,469.82,469.83,0.0,31.63,14921.29,1
2024-09-01,2024-09-01 14:44:00,469.83,469.84,469.83,469.84,0.0,31.63,14921.29,1
2024-09-01,2024-09-01 14:45:00,469.84,469.85,469.84,469.85,0.0,31.63,14921.29,1
2024-09-01,2024-09-01 14:46:00,469.85,469.86,469.85,469.86,0.0,31.63,14921.29,1
2024-09-01,2024-09-01 14:47:00,469.86,469.88,469.86,469.88,0.0,31.63,14921.29,1
2024-09-01,2024-09-01 14:48:00,469.88,469.89,469.88,469.89,0.0,31.63,14921.29,1
2024-09-01,2024-09-01 14:49:00,469.89,469.9,469.89,469.9,0.0,31.63,14921.29,1
2024-09-01,2024-09-01 14:50:00,469.9,469.91,469.9,469.91,0.0,31.63,14921.29,1
2024-09-01,2024-09-01 14:51:00,469.91,469.92,469.91,469.92,0.0,31.63,14921.29,1
2024-09-01,2024-09-01 14:52:00,469.92,469.93,469.92,469.93,0.0,31.63,14921.29,1
2024-09-01,2024-09-01 14:53:00,469.93,469.94,469.93,469.94,0.0,31.63,14921.29,1
2024-09-01,2024-09-01 14:54:00,469.94,469.95,469.94,469.95,0.0,31.63,14921.29,1
2024-09-01,2024-09-01 14:55:00,469.95,469.96,469.95,469.96,0.0,31.63,14921.29,1
2024-09-01,2024-09-01 14:56:00,469.96,469.97,469.96,469.97,0.0,31.63,14921.29,1
2024-09-01,2024-09-01 14:57:00,469.97,469.98,469.97,469.98,0.0,31.63,14921.29,1
2024-09-01,2024-09-01 14:58:00,469.98,469.99,469.98,469.99,0.0,31.63,14921.29,1
2024-09-01,2024-09-01 14:59:00,469.99,470.0,469.99,470.0,0.0,31.63,14921.29,1
2024-09-01,2024-09-01 15:00:00,470.0,496.2,462.0,470.0,0.0,31.63,14921.29,0
2024-09-02,2024-09-02 11:00:00,471.0,477.3,468.36,471.08,0.02,61.05,29294.7,1
2024-09-02,2024-09-02 11:01:00,471.08,471.16,471.08,471.16,0.02,61.05,29294.7,1
2024-09-02,2024-09-02 11:02:00,471.16,471.24,471.16,471.24,0.02,61.05,29294.7,1
2024-09-02,2024-09-02 11:03:00,471.24,471.32,471.24,471.32,0.02,61.05,29294.7,1
2024-09-02,2024-09-02 11:04:00,471.32,471.4,471.32,471.4,0.02,61.05,29294.7,1
2024-09-02,2024-09-02 11:05:00,471.4,471.48,471.4,471.48,0.02,61.05,29294.7,1
2024-09-02,2024-09-02 11:06:00,471.48,471.55,471.48,471.55,0.01,61.05,29294.7,1
2024-09-02,2024-09-02 11:07:00,471.55,471.63,471.55,471.63,0.02,61.05,29294.7,1
2024-09-02,2024-09-02 11:08:00,471.63,471.71,471.63,471.71,0.02,61.05,29294.7,1
2024-09-02,2024-09-02 11:09:00,471.71,471.79,471.71,471.79,0.02,61.05,29294.7,1
2024-09-02,2024-09-02 11:10:00,471.79,471.87,471.79,471.87,0.02,61.05,29294.7,1
2024-09-02,2024-09-02 11:11:00,471.87,471.95,471.87,471.95,0.02,61.05,29294.7,1
2024-09-02,2024-09-02 11:12:00,471.95,472.03,471.95,472.03,0.02,61.05,29294.7,1
2024-09-02,2024-09-02 11:13:00,472.03,472.11,472.03,472.11,0.02,61.05,29294.7,1
2024-09-02,2024-09-02 11:14:00,472.11,472.19,472.11,472.19,0.02,61.05,29294.7,1
2024-09-02,2024-09-02 11:15:00,472.19,472.27,472.19,472.27,0.02,61.05,29294.7,1
2024-09-02,2024-09-02 11:16:00,472.27,472.35,472.27,472.35,0.02,61.05,29294.7,1
2024-09-02,2024-09-02 11:17:00,472.35,472.43,472.35,472.43,0.02,61.05,29294.7,1
2024-09-02,2024-09-02 11:18:00,472.43,472.5,472.43,472.5,0.01,61.05,29294.7,1
2024-09-02,2024-09-02 11:19:00,472.5,472.58,472.5,472.58,0.02,61.05,29294.7,1
2024-09-02,2024-09-02 11:20:00,472.58,472.66,472.58,472.66,0.02,61.05,29294.7,1
2024-09-02,2024-09-02 11:21:00,472.66,472.74,472.66,472.74,0.02,61.05,29294.7,1
2024-09-02,2024-09-02 11:22:00,472.74,472.82,472.74,472.82,0.02,61.05,29294.7,1
2024-09-02,2024-09-02 11:23:00,472.82,472.9,472.82,472.9,0.02,61.05,29294.7,1
2024-09-02,2024-09-02 11:24:00,472.9,472.98,472.9,472.98,0.02,61.05,29294.7,1
2024-09-02,2024-09-02 11:25:00,472.98,473.06,472.98,473.06,0.02,61.05,29294.7,1
2024-09-02,2024-09-02 11:26:00,473.06,473.14,473.06,473.14,0.02,61.05,29294.7,1
2024-09-02,2024-09-02 11:27:00,473.14,473.22,473.14,473.22,0.02,61.05,29294.7,1
2024-09-02,2024-09-02 11:28:00,473.22,473.3,473.22,473.3,0.02,61.05,29294.7,1
2024-09-02,2024-09-02 11:29:00,473.3,473.38,473.3,473.38,0.02,61.05,29294.7,1
2024-09-02,2024-09-02 11:30:00,473.38,473.45,473.38,473.45,0.01,61.05,29294.7,1
2024-09-02,2024-09-02 11:31:00,473.45,473.53,473.45,473.53,0.02,61.05,29294.7,1
2024-09-02,2024-09-02 11:32:00,473.53,473.61,473.53,473.61,0.02,61.05,29294.7,1
2024-09-02,2024-09-02 11:33:00,473.61,473.69,473.61,473.69,0.02,61.05,29294.7,1
2024-09-02,2024-09-02 11:34:00,473.69,473.77,473.69,473.77,0.02,61.05,29294.7,1
2024-09-02,2024-09-02 11:35:00,473.77,473.85,473.77,473.85,0.02,61.05,29294.7,1
2024-09-02,2024-09-02 11:36:00,473.85,473.93,473.85,473.93,0.02,61.05,29294.7,1
2024-09-02,2024-09-02 11:37:00,473.93,474.01,473.93,474.01,0.02,61.05,29294.7,1
2024-09-02,2024-09-02 11:38:00,474.01,474.09,474.01,474.09,0.02,61.05,29294.7,1
2024-09-02,2024-09-02 11:39:00,474.09,474.17,474.09,474.17,0.02,61.05,29294.7,1
2024-09-02,2024-09-02 11:40:00,474.17,474.25,474.17,474.25,0.02,61.05,29294.7,1
2024-09-02,2024-09-02 11:41:00,474.25,474.32,474.25,474.32,0.01,61.05,29294.7,1
2024-09-02,2024-09-02 11:42:00,474.32,474.4,474.32,474.4,0.02,61.05,29294.7,1
2024-09-02,2024-09-02 11:43:00,474.4,474.48,474.4,474.48,0.02,61.05,29294.7,1
2024-09-02,2024-09-02 11:44:00,474.48,474.56,474.48,474.56,0.02,61.05,29294.7,1
2024-09-02,2024-09-02 11:45:00,474.56,474.64,474.56,474.64,0.02,61.05,29294.7,1
2024-09-02,2024-09-02 11:46:00,474.64,474.72,474.64,474.72,0.02,61.05,29294.7,1
2024-09-02,2024-09-02 11:47:00,474.72,474.8,474.72,474.8,0.02,61.05,29294.7,1
2024-09-02,2024-09-02 11:48:00,474.8,474.88,474.8,474.88,0.02,61.05,29294.7,1
2024-09-02,2024-09-02 11:49:00,474.88,474.96,474.88,474.96,0.02,61.05,29294.7,1
2024-09-02,2024-09-02 11:50:00,474.96,475.04,474.96,475.04,0.02,61.05,29294.7,1
2024-09-02,2024-09-02 11:51:00,475.04,475.12,475.04,475.12,0.02,61.05,29294.7,1
2024-09-02,2024-09-02 11:52:00,475.12,475.2,475.12,475.2,0.02,61.05,29294.7,1
2024-09-02,2024-09-02 11:53:00,475.2,475.27,475.2,475.27,0.01,61.05,29294.7,1
2024-09-02,2024-09-02 11:54:00,475.27,475.35,475.27,475.35,0.02,61.05,29294.7,1
2024-09-02,2024-09-02 11:55:00,475.35,475.43,475.35,475.43,0.02,61.05,29294.7,1
2024-09-02,2024-09-02 11:56:00,475.43,475.51,475.43,475.51,0.02,61.05,29294.7,1
2024-09-02,2024-09-02 11:57:00,475.51,475.59,475.51,475.59,0.02,61.05,29294.7,1
2024-09-02,2024-09-02 11:58:00,475.59,475.67,475.59,475.67,0.02,61.05,29294.7,1
2024-09-02,2024-09-02 11:59:00,475.67,475.75,475.67,475.75,0.02,61.05,29294.7,1
2024-09-02,2024-09-02 12:00:00,475.75,475.83,475.75,475.83,0.02,61.05,29294.7,1
2024-09-02,2024-09-02 12:01:00,475.83,475.91,475.83,475.91,0.02,61.05,29294.7,1
2024-09-02,2024-09-02 12:02:00,475.91,475.99,475.91,475.99,0.02,61.05,29294.7,1
2024-09-02,2024-09-02 12:03:00,475.99,476.07,475.99,476.07,0.02,61.05,29294.7,1
2024-09-02,2024-09-02 12:04:00,476.07,476.15,476.07,476.15,0.02,61.05,29294.7,1
2024-09-02,2024-09-02 12:05:00,476.15,476.23,476.15,476.23,0.02,61.05,29294.7,1
2024-09-02,2024-09-02 12:06:00,476.23,476.3,476.23,476.3,0.01,61.05,29294.7,1
2024-09-02,2024-09-02 12:07:00,476.3,476.38,476.3,476.38,0.02,61.05,29294.7,1
2024-09-02,2024-09-02 12:08:00,476.38,476.46,476.38,476.46,0.02,61.05,29294.7,1
2024-09-02,2024-09-02 12:09:00,476.46,476.54,476.46,476.54,0.02,61.05,29294.7,1
2024-09-02,2024-09-02 12:10:00,476.54,476.62,476.54,476.62,0.02,61.05,29294.7,1
2024-09-02,2024-09-02 12:11:00,476.62,476.7,476.62,476.7,0.02,61.05,29294.7,1
2024-09-02,2024-09-02 12:12:00,476.7,476.78,476.7,476.78,0.02,61.05,29294.7,1
2024-09-02,2024-09-02 12:13:00,476.78,476.86,476.78,476.86,0.02,61.05,29294.7,1
2024-09-02,2024-09-02 12:14:00,476.86,476.94,476.86,476.94,0.02,61.05,29294.7,1
2024-09-02,2024-09-02 12:15:00,476.94,477.02,476.94,477.02,0.02,61.05,29294.7,1
2024-09-02,2024-09-02 12:16:00,477.02,477.1,477.02,477.1,0.02,61.05,29294.7,1
2024-09-02,2024-09-02 12:17:00,477.1,477.18,477.1,477.18,0.02,61.05,29294.7,1
2024-09-02,2024-09-02 12:18:00,477.18,477.25,477.18,477.25,0.01,61.05,29294.7,1
2024-09-02,2024-09-02 12:19:00,477.25,477.33,477.25,477.33,0.02,61.05,29294.7,1
2024-09-02,2024-09-02 12:20:00,477.33,477.41,477.33,477.41,0.02,61.05,29294.7,1
2024-09-02,2024-09-02 12:21:00,477.41,477.49,477.41,477.49,0.02,61.05,29294.7,1
2024-09-02,2024-09-02 12:22:00,477.49,477.57,477.49,477.57,0.02,61.05,29294.7,1
2024-09-02,2024-09-02 12:23:00,477.57,477.65,477.57,477.65,0.02,61.05,29294.7,1
2024-09-02,2024-09-02 12:24:00,477.65,477.73,477.65,477.73,0.02,61.05,29294.7,1
2024-09-02,2024-09-02 12:25:00,477.73,477.81,477.73,477.81,0.02,61.05,29294.7,1
2024-09-02,2024-09-02 12:26:00,477.81,477.89,477.81,477.89,0.02,61.05,29294.7,1
2024-09-02,2024-09-02 12:27:00,477.89,477.97,477.89,477.97,0.02,61.05,29294.7,1
2024-09-02,2024-09-02 12:28:00,477.97,478.05,477.97,478.05,0.02,61.05,29294.7,1
2024-09-02,2024-09-02 12:29:00,478.05,478.12,478.05,478.12,0.01,61.05,29294.7,1
2024-09-02,2024-09-02 12:30:00,478.12,478.2,478.12,478.2,0.02,61.05,29294.7,1
2024-09-02,2024-09-02 12:31:00,478.2,478.28,478.2,478.28,0.02,61.05,29294.7,1
2024-09-02,2024-09-02 12:32:00,478.28,478.36,478.28,478.36,0.02,61.05,29294.7,1
2024-09-02,2024-09-02 12:33:00,478.36,478.44,478.36,478.44,0.02,61.05,29294.7,1
2024-09-02,2024-09-02 12:34:00,478.44,478.52,478.44,478.52,0.02,61.05,29294.7,1
2024-09-02,2024-09-02 12:35:00,478.52,478.6,478.52,478.6,0.02,61.05,29294.7,1
2024-09-02,2024-09-02 12:36:00,478.6,478.68,478.6,478.68,0.02,61.05,29294.7,1
2024-09-02,2024-09-02 12:37:00,478.68,478.76,478.68,478.76,0.02,61.05,29294.7,1
2024-09-02,2024-09-02 12:38:00,478.76,478.84,478.76,478.84,0.02,61.05,29294.7,1
2024-09-02,2024-09-02 12:39:00,478.84,478.92,478.84,478.92,0.02,61.05,29294.7,1
2024-09-02,2024-09-02 12:40:00,478.92,479.0,478.92,479.0,0.02,61.05,29294.7,1
2024-09-02,2024-09-02 12:41:00,479.0,479.07,479.0,479.07,0.01,61.05,29294.7,1
2024-09-02,2024-09-02 12:42:00,479.07,479.15,479.07,479.15,0.02,61.05,29294.7,1
2024-09-02,2024-09-02 12:43:00,479.15,479.23,479.15,479.23,0.02,61.05,29294.7,1
2024-09-02,2024-09-02 12:44:00,479.23,479.31,479.23,479.31,0.02,61.05,29294.7,1
2024-09-02,2024-09-02 12:45:00,479.31,479.39,479.31,479.39,0.02,61.05,29294.7,1
2024-09-02,2024-09-02 12:46:00,479.39,479.47,479.39,479.47,0.02,61.05,29294.7,1
2024-09-02,2024-09-02 12:47:00,479.47,479.55,479.47,479.55,0.02,61.05,29294.7,1
2024-09-02,2024-09-02 12:48:00,479.55,479.63,479.55,479.63,0.02,61.05,29294.7,1
2024-09-02,2024-09-02 12:49:00,479.63,479.71,479.63,479.71,0.02,61.05,29294.7,1
2024-09-02,2024-09-02 12:50:00,479.71,479.79,479.71,479.79,0.02,61.05,29294.7,1
2024-09-02,2024-09-02 12:51:00,479.79,479.87,479.79,479.87,0.02,61.05,29294.7,1
2024-09-02,2024-09-02 12:52:00,479.87,479.95,479.87,479.95,0.02,61.05,29294.7,1
2024-09-02,2024-09-02 12:53:00,479.95,480.02,479.95,480.02,0.01,61.05,29294.7,1
2024-09-02,2024-09-02 12:54:00,480.02,480.1,480.02,480.1,0.02,61.05,29294.7,1
2024-09-02,2024-09-02 12:55:00,480.1,480.18,480.1,480.18,0.02,61.05,29294.7,1
2024-09-02,2024-09-02 12:56:00,480.18,480.26,480.18,480.26,0.02,61.05,29294.7,1
2024-09-02,2024-09-02 12:57:00,480.26,480.34,480.26,480.34,0.02,61.05,29294.7,1
2024-09-02,2024-09-02 12:58:00,480.34,480.42,480.34,480.42,0.02,61.05,29294.7,1
2024-09-02,2024-09-02 12:59:00,480.42,480.5,480.42,480.5,0.02,61.05,29294.7,1
2024-09-02,2024-09-02 13:00:00,480.5,492.0,462.2,480.58,0.02,61.05,29294.7,1
2024-09-02,2024-09-02 13:01:00,480.58,480.66,480.58,480.66,0.02,61.05,29294.7,1
2024-09-02,2024-09-02 13:02:00,480.66,480.74,480.66,480.74,0.02,61.05,29294.7,1
2024-09-02,2024-09-02 13:03:00,480.74,480.82,480.74,480.82,0.02,61.05,29294.7,1
2024-09-02,2024-09-02 13:04:00,480.82,480.9,480.82,480.9,0.02,61.05,29294.7,1
2024-09-02,2024-09-02 13:05:00,480.9,480.98,480.9,480.98,0.02,61.05,29294.7,1
2024-09-02,2024-09-02 13:06:00,480.98,481.05,480.98,481.05,0.01,61.05,29294.7,1
2024-09-02,2024-09-02 13:07:00,481.05,481.13,481.05,481.13,0.02,61.05,29294.7,1
2024-09-02,2024-09-02 13:08:00,481.13,481.21,481.13,481.21,0.02,61.05,29294.7,1
2024-09-02,2024-09-02 13:09:00,481.21,481.29,481.21,481.29,0.02,61.05,29294.7,1
2024-09-02,2024-09-02 13:10:00,481.29,481.37,481.29,481.37,0.02,61.05,29294.7,1
2024-09-02,2024-09-02 13:11:00,481.37,481.45,481.37,481.45,0.02,61.05,29294.7,1
2024-09-02,2024-09-02 13:12:00,481.45,481.53,481.45,481.53,0.02,61.05,29294.7,1
2024-09-02,2024-09-02 13:13:00,481.53,481.61,481.53,481.61,0.02,61.05,29294.7,1
2024-09-02,2024-09-02 13:14:00,481.61,481.69,481.61,481.69,0.02,61.05,29294.7,1
2024-09-02,2024-09-02 13:15:00,481.69,481.77,481.69,481.77,0.02,61.05,29294.7,1
2024-09-02,2024-09-02 13:16:00,481.77,481.85,481.77,481.85,0.02,61.05,29294.7,1
2024-09-02,2024-09-02 13:17:00,481.85,481.93,481.85,481.93,0.02,61.05,29294.7,1
2024-09-02,2024-09-02 13:18:00,481.93,482.0,481.93,482.0,0.01,61.05,29294.7,1
2024-09-02,2024-09-02 13:19:00,482.0,482.08,482.0,482.08,0.02,61.05,29294.7,1
2024-09-02,2024-09-02 13:20:00,482.08,482.16,482.08,482.16,0.02,61.05,29294.7,1
2024-09-02,2024-09-02 13:21:00,482.16,482.24,482.16,482.24,0.02,61.05,29294.7,1
2024-09-02,2024-09-02 13:22:00,482.24,482.32,482.24,482.32,0.02,61.05,29294.7,1
2024-09-02,2024-09-02 13:23:00,482.32,482.4,482.32,482.4,0.02,61.05,29294.7,1
2024-09-02,2024-09-02 13:24:00,482.4,482.48,482.4,482.48,0.02,61.05,29294.7,1
2024-09-02,2024-09-02 13:25:00,482.48,482.56,482.48,482.56,0.02,61.05,29294.7,1
2024-09-02,2024-09-02 13:26:00,482.56,482.64,482.56,482.64,0.02,61.05,29294.7,1
2024-09-02,2024-09-02 13:27:00,482.64,482.72,482.64,482.72,0.02,61.05,29294.7,1
2024-09-02,2024-09-02 13:28:00,482.72,482.8,482.72,482.8,0.02,61.05,29294.7,1
2024-09-02,2024-09-02 13:29:00,482.8,482.88,482.8,482.88,0.02,61.05,29294.7,1
2024-09-02,2024-09-02 13:30:00,482.88,482.95,482.88,482.95,0.01,61.05,29294.7,1
2024-09-02,2024-09-02 13:31:00,482.95,483.03,482.95,483.03,0.02,61.05,29294.7,1
2024-09-02,2024-09-02 13:32:00,483.03,483.11,483.03,483.11,0.02,61.05,29294.7,1
2024-09-02,2024-09-02 13:33:00,483.11,483.19,483.11,483.19,0.02,61.05,29294.7,1
2024-09-02,2024-09-02 13:34:00,483.19,483.27,483.19,483.27,0.02,61.05,29294.7,1
2024-09-02,2024-09-02 13:35:00,483.27,483.35,483.27,483.35,0.02,61.05,29294.7,1
2024-09-02,2024-09-02 13:36:00,483.35,483.43,483.35,483.43,0.02,61.05,29294.7,1
2024-09-02,2024-09-02 13:37:00,483.43,483.51,483.43,483.51,0.02,61.05,29294.7,1
2024-09-02,2024-09-02 13:38:00,483.51,483.59,483.51,483.59,0.02,61.05,29294.7,1
2024-09-02,2024-09-02 13:39:00,483.59,483.67,483.59,483.67,0.02,61.05,29294.7,1
2024-09-02,2024-09-02 13:40:00,483.67,483.75,483.67,483.75,0.02,61.05,29294.7,1
2024-09-02,2024-09-02 13:41:00,483.75,483.82,483.75,483.82,0.01,61.05,29294.7,1
2024-09-02,2024-09-02 13:42:00,483.82,483.9,483.82,483.9,0.02,61.05,29294.7,1
2024-09-02,2024-09-02 13:43:00,483.9,483.98,483.9,483.98,0.02,61.05,29294.7,1
2024-09-02,2024-09-02 13:44:00,483.98,484.06,483.98,484.06,0.02,61.05,29294.7,1
2024-09-02,2024-09-02 13:45:00,484.06,484.14,484.06,484.14,0.02,61.05,29294.7,1
2024-09-02,2024-09-02 13:46:00,484.14,484.22,484.14,484.22,0.02,61.05,29294.7,1
2024-09-02,2024-09-02 13:47:00,484.22,484.3,484.22,484.3,0.02,61.05,29294.7,1
2024-09-02,2024-09-02 13:48:00,484.3,484.38,484.3,484.38,0.02,61.05,29294.7,1
2024-09-02,2024-09-02 13:49:00,484.38,484.46,484.38,484.46,0.02,61.05,29294.7,1
2024-09-02,2024-09-02 13:50:00,484.46,484.54,484.46,484.54,0.02,61.05,29294.7,1
2024-09-02,2024-09-02 13:51:00,484.54,484.62,484.54,484.62,0.02,61.05,29294.7,1
2024-09-02,2024-09-02 13:52:00,484.62,484.7,484.62,484.7,0.02,61.05,29294.7,1
2024-09-02,2024-09-02 13:53:00,484.7,484.77,484.7,484.77,0.01,61.05,29294.7,1
2024-09-02,2024-09-02 13:54:00,484.77,484.85,484.77,484.85,0.02,61.05,29294.7,1
2024-09-02,2024-09-02 13:55:00,484.85,484.93,484.85,484.93,0.02,61.05,29294.7,1
2024-09-02,2024-09-02 13:56:00,484.93,485.01,484.93,485.01,0.02,61.05,29294.7,1
2024-09-02,2024-09-02 13:57:00,485.01,485.09,485.01,485.09,0.02,61.05,29294.7,1
2024-09-02,2024-09-02 13:58:00,485.09,485.17,485.09,485.17,0.02,61.05,29294.7,1
2024-09-02,2024-09-02 13:59:00,485.17,485.25,485.17,485.25,0.02,61.05,29294.7,1
2024-09-02,2024-09-02 14:00:00,485.25,485.33,485.25,485.33,0.02,61.05,29294.7,1
2024-09-02,2024-09-02 14:01:00,485.33,485.41,485.33,485.41,0.02,61.05,29294.7,1
2024-09-02,2024-09-02 14:02:00,485.41,485.49,485.41,485.49,0.02,61.05,29294.7,1
2024-09-02,2024-09-02 14:03:00,485.49,485.57,485.49,485.57,0.02,61.05,29294.7,1
2024-09-02,2024-09-02 14:04:00,485.57,485.65,485.57,485.65,0.02,61.05,29294.7,1
2024-09-02,2024-09-02 14:05:00,485.65,485.73,485.65,485.73,0.02,61.05,29294.7,1
2024-09-02,2024-09-02 14:06:00,485.73,485.8,485.73,485.8,0.01,61.05,29294.7,1
2024-09-02,2024-09-02 14:07:00,485.8,485.88,485.8,485.88,0.02,61.05,29294.7,1
2024-09-02,2024-09-02 14:08:00,485.88,485.96,485.88,485.96,0.02,61.05,29294.7,1
2024-09-02,2024-09-02 14:09:00,485.96,486.04,485.96,486.04,0.02,61.05,29294.7,1
2024-09-02,2024-09-02 14:10:00,486.04,486.12,486.04,486.12,0.02,61.05,29294.7,1
2024-09-02,2024-09-02 14:11:00,486.12,486.2,486.12,486.2,0.02,61.05,29294.7,1
2024-09-02,2024-09-02 14:12:00,486.2,486.28,486.2,486.28,0.02,61.05,29294.7,1
2024-09-02,2024-09-02 14:13:00,486.28,486.36,486.28,486.36,0.02,61.05,29294.7,1
2024-09-02,2024-09-02 14:14:00,486.36,486.44,486.36,486.44,0.02,61.05,29294.7,1
2024-09-02,2024-09-02 14:15:00,486.44,486.52,486.44,486.52,0.02,61.05,29294.7,1
2024-09-02,2024-09-02 14:16:00,486.52,486.6,486.52,486.6,0.02,61.05,29294.7,1
2024-09-02,2024-09-02 14:17:00,486.6,486.68,486.6,486.68,0.02,61.05,29294.7,1
2024-09-02,2024-09-02 14:18:00,486.68,486.75,486.68,486.75,0.01,61.05,29294.7,1
2024-09-02,2024-09-02 14:19:00,486.75,486.83,486.75,486.83,0.02,61.05,29294.7,1
2024-09-02,2024-09-02 14:20:00,486.83,486.91,486.83,486.91,0.02,61.05,29294.7,1
2024-09-02,2024-09-02 14:21:00,486.91,486.99,486.91,486.99,0.02,61.05,29294.7,1
2024-09-02,2024-09-02 14:22:00,486.99,487.07,486.99,487.07,0.02,61.05,29294.7,1
2024-09-02,2024-09-02 14:23:00,487.07,487.15,487.07,487.15,0.02,61.05,29294.7,1
2024-09-02,2024-09-02 14:24:00,487.15,487.23,487.15,487.23,0.02,61.05,29294.7,1
2024-09-02,2024-09-02 14:25:00,487.23,487.31,487.23,487.31,0.02,61.05,29294.7,1
2024-09-02,2024-09-02 14:26:00,487.31,487.39,487.31,487.39,0.02,61.05,29294.7,1
2024-09-02,2024-09-02 14:27:00,487.39,487.47,487.39,487.47,0.02,61.05,29294.7,1
2024-09-02,2024-09-02 14:28:00,487.47,487.55,487.47,487.55,0.02,61.05,29294.7,1
2024-09-02,2024-09-02 14:29:00,487.55,487.62,487.55,487.62,0.01,61.05,29294.7,1
2024-09-02,2024-09-02 14:30:00,487.62,487.7,487.62,487.7,0.02,61.05,29294.7,1
2024-09-02,2024-09-02 14:31:00,487.7,487.78,487.7,487.78,0.02,61.05,29294.7,1
2024-09-02,2024-09-02 14:32:00,487.78,487.86,487.78,487.86,0.02,61.05,29294.7,1
2024-09-02,2024-09-02 14:33:00,487.86,487.94,487.86,487.94,0.02,61.05,29294.7,1
2024-09-02,2024-09-02 14:34:00,487.94,488.02,487.94,488.02,0.02,61.05,29294.7,1
2024-09-02,2024-09-02 14:35:00,488.02,488.1,488.02,488.1,0.02,61.05,29294.7,1
2024-09-02,2024-09-02 14:36:00,488.1,488.18,488.1,488.18,0.02,61.05,29294.7,1
2024-09-02,2024-09-02 14:37:00,488.18,488.26,488.18,488.26,0.02,61.05,29294.7,1
2024-09-02,2024-09-02 14:38:00,488.26,488.34,488.26,488.34,0.02,61.05,29294.7,1
2024-09-02,2024-09-02 14:39:00,488.34,488.42,488.34,488.42,0.02,61.05,29294.7,1
2024-09-02,2024-09-02 14:40:00,488.42,488.5,488.42,488.5,0.02,61.05,29294.7,1
2024-09-02,2024-09-02 14:41:00,488.5,488.57,488.5,488.57,0.01,61.05,29294.7,1
2024-09-02,2024-09-02 14:42:00,488.57,488.65,488.57,488.65,0.02,61.05,29294.7,1
2024-09-02,2024-09-02 14:43:00,488.65,488.73,488.65,488.73,0.02,61.05,29294.7,1
2024-09-02,2024-09-02 14:44:00,488.73,488.81,488.73,488.81,0.02,61.05,29294.7,1
2024-09-02,2024-09-02 14:45:00,488.81,488.89,488.81,488.89,0.02,61.05,29294.7,1
2024-09-02,2024-09-02 14:46:00,488.89,488.97,488.89,488.97,0.02,61.05,29294.7,1
2024-09-02,2024-09-02 14:47:00,488.97,489.05,488.97,489.05,0.02,61.05,29294.7,1
2024-09-02,2024-09-02 14:48:00,489.05,489.13,489.05,489.13,0.02,61.05,29294.7,1
2024-09-02,2024-09-02 14:49:00,489.13,489.21,489.13,489.21,0.02,61.05,29294.7,1
2024-09-02,2024-09-02 14:50:00,489.21,489.29,489.21,489.29,0.02,61.05,29294.7,1
2024-09-02,2024-09-02 14:51:00,489.29,489.37,489.29,489.37,0.02,61.05,29294.7,1
2024-09-02,2024-09-02 14:52:00,489.37,489.45,489.37,489.45,0.02,61.05,29294.7,1
2024-09-02,2024-09-02 14:53:00,489.45,489.52,489.45,489.52,0.01,61.05,29294.7,1
2024-09-02,2024-09-02 14:54:00,489.52,489.6,489.52,489.6,0.02,61.05,29294.7,1
2024-09-02,2024-09-02 14:55:00,489.6,489.68,489.6,489.68,0.02,61.05,29294.7,1
2024-09-02,2024-09-02 14:56:00,489.68,489.76,489.68,489.76,0.02,61.05,29294.7,1
2024-09-02,2024-09-02 14:57:00,489.76,489.84,489.76,489.84,0.02,61.05,29294.7,1
2024-09-02,2024-09-02 14:58:00,489.84,489.92,489.84,489.92,0.02,61.05,29294.7,1
2024-09-02,2024-09-02 14:59:00,489.92,490.0,489.92,490.0,0.02,61.05,29294.7,1
2024-09-02,2024-09-02 15:00:00,490.0,492.0,462.2,490.0,0.0,61.05,29294.7,0
2024-09-03,2024-09-03 11:00:00,490.0,492.7,487.0,489.96,-0.01,40.74,19753.68,-1
2024-09-03,2024-09-03 11:01:00,489.96,489.96,489.93,489.93,-0.01,40.74,19753.68,-1
2024-09-03,2024-09-03 11:02:00,489.93,489.93,489.89,489.89,-0.01,40.74,19753.68,-1
2024-09-03,2024-09-03 11:03:00,489.89,489.89,489.85,489.85,-0.01,40.74,19753.68,-1
2024-09-03,2024-09-03 11:04:00,489.85,489.85,489.81,489.81,-0.01,40.74,19753.68,-1
2024-09-03,2024-09-03 11:05:00,489.81,489.81,489.77,489.77,-0.01,40.74,19753.68,-1
2024-09-03,2024-09-03 11:06:00,489.77,489.77,489.74,489.74,-0.01,40.74,19753.68,-1
2024-09-03,2024-09-03 11:07:00,489.74,489.74,489.7,489.7,-0.01,40.74,19753.68,-1
2024-09-03,2024-09-03 11:08:00,489.7,489.7,489.66,489.66,-0.01,40.74,19753.68,-1
2024-09-03,2024-09-03 11:09:00,489.66,489.66,489.62,489.62,-0.01,40.74,19753.68,-1
2024-09-03,2024-09-03 11:10:00,489.62,489.62,489.59,489.59,-0.01,40.74,19753.68,-1
2024-09-03,2024-09-03 11:11:00,489.59,489.59,489.55,489.55,-0.01,40.74,19753.68,-1
2024-09-03,2024-09-03 11:12:00,489.55,489.55,489.51,489.51,-0.01,40.74,19753.68,-1
2024-09-03,2024-09-03 11:13:00,489.51,489.51,489.48,489.48,-0.01,40.74,19753.68,-1
2024-09-03,2024-09-03 11:14:00,489.48,489.48,489.44,489.44,-0.01,40.74,19753.68,-1
2024-09-03,2024-09-03 11:15:00,489.44,489.44,489.4,489.4,-0.01,40.74,19753.68,-1
2024-09-03,2024-09-03 11:16:00,489.4,489.4,489.36,489.36,-0.01,40.74,19753.68,-1
2024-09-03,2024-09-03 11:17:00,489.36,489.36,489.32,489.32,-0.01,40.74,19753.68,-1
2024-09-03,2024-09-03 11:18:00,489.32,489.32,489.29,489.29,-0.01,40.74,19753.68,-1
2024-09-03,2024-09-03 11:19:00,489.29,489.29,489.25,489.25,-0.01,40.74,19753.68,-1
2024-09-03,2024-09-03 11:20:00,489.25,489.25,489.21,489.21,-0.01,40.74,19753.68,-1
2024-09-03,2024-09-03 11:21:00,489.21,489.21,489.18,489.18,-0.01,40.74,19753.68,-1
2024-09-03,2024-09-03 11:22:00,489.18,489.18,489.14,489.14,-0.01,40.74,19753.68,-1
2024-09-03,2024-09-03 11:23:00,489.14,489.14,489.1,489.1,-0.01,40.74,19753.68,-1
2024-09-03,2024-09-03 11:24:00,489.1,489.1,489.06,489.06,-0.01,40.74,19753.68,-1
2024-09-03,2024-09-03 11:25:00,489.06,489.06,489.02,489.02,-0.01,40.74,19753.68,-1
2024-09-03,2024-09-03 11:26:00,489.02,489.02,488.99,488.99,-0.01,40.74,19753.68,-1
2024-09-03,2024-09-03 11:27:00,488.99,488.99,488.95,488.95,-0.01,40.74,19753.68,-1
2024-09-03,2024-09-03 11:28:00,488.95,488.95,488.91,488.91,-0.01,40.74,19753.68,-1
2024-09-03,2024-09-03 11:29:00,488.91,488.91,488.88,488.88,-0.01,40.74,19753.68,-1
2024-09-03,2024-09-03 11:30:00,488.88,488.88,488.84,488.84,-0.01,40.74,19753.68,-1
2024-09-03,2024-09-03 11:31:00,488.84,488.84,488.8,488.8,-0.01,40.74,19753.68,-1
2024-09-03,2024-09-03 11:32:00,488.8,488.8,488.76,488.76,-0.01,40.74,19753.68,-1
2024-09-03,2024-09-03 11:33:00,488.76,488.76,488.73,488.73,-0.01,40.74,19753.68,-1
2024-09-03,2024-09-03 11:34:00,488.73,488.73,488.69,488.69,-0.01,40.74,19753.68,-1
2024-09-03,2024-09-03 11:35:00,488.69,488.69,488.65,488.65,-0.01,40.74,19753.68,-1
2024-09-03,2024-09-03 11:36:00,488.65,488.65,488.61,488.61,-0.01,40.74,19753.68,-1
2024-09-03,2024-09-03 11:37:00,488.61,488.61,488.57,488.57,-0.01,40.74,19753.68,-1
2024-09-03,2024-09-03 11:38:00,488.57,488.57,488.54,488.54,-0.01,40.74,19753.68,-1
2024-09-03,2024-09-03 11:39:00,488.54,488.54,488.5,488.5,-0.01,40.74,19753.68,-1
2024-09-03,2024-09-03 11:40:00,488.5,488.5,488.46,488.46,-0.01,40.74,19753.68,-1
2024-09-03,2024-09-03 11:41:00,488.46,488.46,488.43,488.43,-0.01,40.74,19753.68,-1
2024-09-03,2024-09-03 11:42:00,488.43,488.43,488.39,488.39,-0.01,40.74,19753.68,-1
2024-09-03,2024-09-03 11:43:00,488.39,488.39,488.35,488.35,-0.01,40.74,19753.68,-1
2024-09-03,2024-09-03 11:44:00,488.35,488.35,488.31,488.31,-0.01,40.74,19753.68,-1
2024-09-03,2024-09-03 11:45:00,488.31,488.31,488.27,488.27,-0.01,40.74,19753.68,-1
2024-09-03,2024-09-03 11:46:00,488.27,488.27,488.24,488.24,-0.01,40.74,19753.68,-1
2024-09-03,2024-09-03 11:47:00,488.24,488.24,488.2,488.2,-0.01,40.74,19753.68,-1
2024-09-03,2024-09-03 11:48:00,488.2,488.2,488.16,488.16,-0.01,40.74,19753.68,-1
2024-09-03,2024-09-03 11:49:00,488.16,488.16,488.12,488.12,-0.01,40.74,19753.68,-1
2024-09-03,2024-09-03 11:50:00,488.12,488.12,488.09,488.09,-0.01,40.74,19753.68,-1
2024-09-03,2024-09-03 11:51:00,488.09,488.09,488.05,488.05,-0.01,40.74,19753.68,-1
2024-09-03,2024-09-03 11:52:00,488.05,488.05,488.01,488.01,-0.01,40.74,19753.68,-1
2024-09-03,2024-09-03 11:53:00,488.01,488.01,487.98,487.98,-0.01,40.74,19753.68,-1
2024-09-03,2024-09-03 11:54:00,487.98,487.98,487.94,487.94,-0.01,40.74,19753.68,-1
2024-09-03,2024-09-03 11:55:00,487.94,487.94,487.9,487.9,-0.01,40.74,19753.68,-1
2024-09-03,2024-09-03 11:56:00,487.9,487.9,487.86,487.86,-0.01,40.74,19753.68,-1
2024-09-03,2024-09-03 11:57:00,487.86,487.86,487.82,487.82,-0.01,40.74,19753.68,-1
2024-09-03,2024-09-03 11:58:00,487.82,487.82,487.79,487.79,-0.01,40.74,19753.68,-1
2024-09-03,2024-09-03 11:59:00,487.79,487.79,487.75,487.75,-0.01,40.74,19753.68,-1
2024-09-03,2024-09-03 12:00:00,487.75,487.75,487.71,487.71,-0.01,40.74,19753.68,-1
2024-09-03,2024-09-03 12:01:00,487.71,487.71,487.68,487.68,-0.01,40.74,19753.68,-1
2024-09-03,2024-09-03 12:02:00,487.68,487.68,487.64,487.64,-0.01,40.74,19753.68,-1
2024-09-03,2024-09-03 12:03:00,487.64,487.64,487.6,487.6,-0.01,40.74,19753.68,-1
2024-09-03,2024-09-03 12:04:00,487.6,487.6,487.56,487.56,-0.01,40.74,19753.68,-1
2024-09-03,2024-09-03 12:05:00,487.56,487.56,487.52,487.52,-0.01,40.74,19753.68,-1
2024-09-03,2024-09-03 12:06:00,487.52,487.52,487.49,487.49,-0.01,40.74,19753.68,-1
2024-09-03,2024-09-03 12:07:00,487.49,487.49,487.45,487.45,-0.01,40.74,19753.68,-1
2024-09-03,2024-09-03 12:08:00,487.45,487.45,487.41,487.41,-0.01,40.74,19753.68,-1
2024-09-03,2024-09-03 12:09:00,487.41,487.41,487.38,487.38,-0.01,40.74,19753.68,-1
2024-09-03,2024-09-03 12:10:00,487.38,487.38,487.34,487.34,-0.01,40.74,19753.68,-1
2024-09-03,2024-09-03 12:11:00,487.34,487.34,487.3,487.3,-0.01,40.74,19753.68,-1
2024-09-03,2024-09-03 12:12:00,487.3,487.3,487.26,487.26,-0.01,40.74,19753.68,-1
2024-09-03,2024-09-03 12:13:00,487.26,487.26,487.23,487.23,-0.01,40.74,19753.68,-1
2024-09-03,2024-09-03 12:14:00,487.23,487.23,487.19,487.19,-0.01,40.74,19753.68,-1
2024-09-03,2024-09-03 12:15:00,487.19,487.19,487.15,487.15,-0.01,40.74,19753.68,-1
2024-09-03,2024-09-03 12:16:00,487.15,487.15,487.11,487.11,-0.01,40.74,19753.68,-1
2024-09-03,2024-09-03 12:17:00,487.11,487.11,487.07,487.07,-0.01,40.74,19753.68,-1
2024-09-03,2024-09-03 12:18:00,487.07,487.07,487.04,487.04,-0.01,40.74,19753.68,-1
2024-09-03,2024-09-03 12:19:00,487.04,487.04,487.0,487.0,-0.01,40.74,19753.68,-1
2024-09-03,2024-09-03 12:20:00,487.0,487.0,486.96,486.96,-0.01,40.74,19753.68,-1
2024-09-03,2024-09-03 12:21:00,486.96,486.96,486.93,486.93,-0.01,40.74,19753.68,-1
2024-09-03,2024-09-03 12:22:00,486.93,486.93,486.89,486.89,-0.01,40.74,19753.68,-1
2024-09-03,2024-09-03 12:23:00,486.89,486.89,486.85,486.85,-0.01,40.74,19753.68,-1
2024-09-03,2024-09-03 12:24:00,486.85,486.85,486.81,486.81,-0.01,40.74,19753.68,-1
2024-09-03,2024-09-03 12:25:00,486.81,486.81,486.77,486.77,-0.01,40.74,19753.68,-1
2024-09-03,2024-09-03 12:26:00,486.77,486.77,486.74,486.74,-0.01,40.74,19753.68,-1
2024-09-03,2024-09-03 12:27:00,486.74,486.74,486.7,486.7,-0.01,40.74,19753.68,-1
2024-09-03,2024-09-03 12:28:00,486.7,486.7,486.66,486.66,-0.01,40.74,19753.68,-1
2024-09-03,2024-09-03 12:29:00,486.66,486.66,486.62,486.62,-0.01,40.74,19753.68,-1
2024-09-03,2024-09-03 12:30:00,486.62,486.62,486.59,486.59,-0.01,40.74,19753.68,-1
2024-09-03,2024-09-03 12:31:00,486.59,486.59,486.55,486.55,-0.01,40.74,19753.68,-1
2024-09-03,2024-09-03 12:32:00,486.55,486.55,486.51,486.51,-0.01,40.74,19753.68,-1
2024-09-03,2024-09-03 12:33:00,486.51,486.51,486.48,486.48,-0.01,40.74,19753.68,-1
2024-09-03,2024-09-03 12:34:00,486.48,486.48,486.44,486.44,-0.01,40.74,19753.68,-1
2024-09-03,2024-09-03 12:35:00,486.44,486.44,486.4,486.4,-0.01,40.74,19753.68,-1
2024-09-03,2024-09-03 12:36:00,486.4,486.4,486.36,486.36,-0.01,40.74,19753.68,-1
2024-09-03,2024-09-03 12:37:00,486.36,486.36,486.32,486.32,-0.01,40.74,19753.68,-1
2024-09-03,2024-09-03 12:38:00,486.32,486.32,486.29,486.29,-0.01,40.74,19753.68,-1
2024-09-03,2024-09-03 12:39:00,486.29,486.29,486.25,486.25,-0.01,40.74,19753.68,-1
2024-09-03,2024-09-03 12:40:00,486.25,486.25,486.21,486.21,-0.01,40.74,19753.68,-1
2024-09-03,2024-09-03 12:41:00,486.21,486.21,486.18,486.18,-0.01,40.74,19753.68,-1
2024-09-03,2024-09-03 12:42:00,486.18,486.18,486.14,486.14,-0.01,40.74,19753.68,-1
2024-09-03,2024-09-03 12:43:00,486.14,486.14,486.1,486.1,-0.01,40.74,19753.68,-1
2024-09-03,2024-09-03 12:44:00,486.1,486.1,486.06,486.06,-0.01,40.74,19753.68,-1
2024-09-03,2024-09-03 12:45:00,486.06,486.06,486.02,486.02,-0.01,40.74,19753.68,-1
2024-09-03,2024-09-03 12:46:00,486.02,486.02,485.99,485.99,-0.01,40.74,19753.68,-1
2024-09-03,2024-09-03 12:47:00,485.99,485.99,485.95,485.95,-0.01,40.74,19753.68,-1
2024-09-03,2024-09-03 12:48:00,485.95,485.95,485.91,485.91,-0.01,40.74,19753.68,-1
2024-09-03,2024-09-03 12:49:00,485.91,485.91,485.88,485.88,-0.01,40.74,19753.68,-1
2024-09-03,2024-09-03 12:50:00,485.88,485.88,485.84,485.84,-0.01,40.74,19753.68,-1
2024-09-03,2024-09-03 12:51:00,485.84,485.84,485.8,485.8,-0.01,40.74,19753.68,-1
2024-09-03,2024-09-03 12:52:00,485.8,485.8,485.76,485.76,-0.01,40.74,19753.68,-1
2024-09-03,2024-09-03 12:53:00,485.76,485.76,485.73,485.73,-0.01,40.74,19753.68,-1
2024-09-03,2024-09-03 12:54:00,485.73,485.73,485.69,485.69,-0.01,40.74,19753.68,-1
2024-09-03,2024-09-03 12:55:00,485.69,485.69,485.65,485.65,-0.01,40.74,19753.68,-1
2024-09-03,2024-09-03 12:56:00,485.65,485.65,485.61,485.61,-0.01,40.74,19753.68,-1
2024-09-03,2024-09-03 12:57:00,485.61,485.61,485.57,485.57,-0.01,40.74,19753.68,-1
2024-09-03,2024-09-03 12:58:00,485.57,485.57,485.54,485.54,-0.01,40.74,19753.68,-1
2024-09-03,2024-09-03 12:59:00,485.54,485.54,485.5,485.5,-0.01,40.74,19753.68,-1
2024-09-03,2024-09-03 13:00:00,485.5,499.0,480.0,485.46,-0.01,40.74,19753.68,-1
2024-09-03,2024-09-03 13:01:00,485.46,485.46,485.43,485.43,-0.01,40.74,19753.68,-1
2024-09-03,2024-09-03 13:02:00,485.43,485.43,485.39,485.39,-0.01,40.74,19753.68,-1
2024-09-03,2024-09-03 13:03:00,485.39,485.39,485.35,485.35,-0.01,40.74,19753.68,-1
2024-09-03,2024-09-03 13:04:00,485.35,485.35,485.31,485.31,-0.01,40.74,19753.68,-1
2024-09-03,2024-09-03 13:05:00,485.31,485.31,485.27,485.27,-0.01,40.74,19753.68,-1
2024-09-03,2024-09-03 13:06:00,485.27,485.27,485.24,485.24,-0.01,40.74,19753.68,-1
2024-09-03,2024-09-03 13:07:00,485.24,485.24,485.2,485.2,-0.01,40.74,19753.68,-1
2024-09-03,2024-09-03 13:08:00,485.2,485.2,485.16,485.16,-0.01,40.74,19753.68,-1
2024-09-03,2024-09-03 13:09:00,485.16,485.16,485.12,485.12,-0.01,40.74,19753.68,-1
2024-09-03,2024-09-03 13:10:00,485.12,485.12,485.09,485.09,-0.01,40.74,19753.68,-1
2024-09-03,2024-09-03 13:11:00,485.09,485.09,485.05,485.05,-0.01,40.74,19753.68,-1
2024-09-03,2024-09-03 13:12:00,485.05,485.05,485.01,485.01,-0.01,40.74,19753.68,-1
2024-09-03,2024-09-03 13:13:00,485.01,485.01,484.98,484.98,-0.01,40.74,19753.68,-1
2024-09-03,2024-09-03 13:14:00,484.98,484.98,484.94,484.94,-0.01,40.74,19753.68,-1
2024-09-03,2024-09-03 13:15:00,484.94,484.94,484.9,484.9,-0.01,40.74,19753.68,-1
2024-09-03,2024-09-03 13:16:00,484.9,484.9,484.86,484.86,-0.01,40.74,19753.68,-1
2024-09-03,2024-09-03 13:17:00,484.86,484.86,484.82,484.82,-0.01,40.74,19753.68,-1
2024-09-03,2024-09-03 13:18:00,484.82,484.82,484.79,484.79,-0.01,40.74,19753.68,-1
2024-09-03,2024-09-03 13:19:00,484.79,484.79,484.75,484.75,-0.01,40.74,19753.68,-1
2024-09-03,2024-09-03 13:20:00,484.75,484.75,484.71,484.71,-0.01,40.74,19753.68,-1
2024-09-03,2024-09-03 13:21:00,484.71,484.71,484.68,484.68,-0.01,40.74,19753.68,-1
2024-09-03,2024-09-03 13:22:00,484.68,484.68,484.64,484.64,-0.01,40.74,19753.68,-1
2024-09-03,2024-09-03 13:23:00,484.64,484.64,484.6,484.6,-0.01,40.74,19753.68,-1
2024-09-03,2024-09-03 13:24:00,484.6,484.6,484.56,484.56,-0.01,40.74,19753.68,-1
2024-09-03,2024-09-03 13:25:00,484.56,484.56,484.52,484.52,-0.01,40.74,19753.68,-1
2024-09-03,2024-09-03 13:26:00,484.52,484.52,484.49,484.49,-0.01,40.74,19753.68,-1
2024-09-03,2024-09-03 13:27:00,484.49,484.49,484.45,484.45,-0.01,40.74,19753.68,-1
2024-09-03,2024-09-03 13:28:00,484.45,484.45,484.41,484.41,-0.01,40.74,19753.68,-1
2024-09-03,2024-09-03 13:29:00,484.41,484.41,484.38,484.38,-0.01,40.74,19753.68,-1
2024-09-03,2024-09-03 13:30:00,484.38,484.38,484.34,484.34,-0.01,40.74,19753.68,-1
2024-09-03,2024-09-03 13:31:00,484.34,484.34,484.3,484.3,-0.01,40.74,19753.68,-1
2024-09-03,2024-09-03 13:32:00,484.3,484.3,484.26,484.26,-0.01,40.74,19753.68,-1
2024-09-03,2024-09-03 13:33:00,484.26,484.26,484.23,484.23,-0.01,40.74,19753.68,-1
2024-09-03,2024-09-03 13:34:00,484.23,484.23,484.19,484.19,-0.01,40.74,19753.68,-1
2024-09-03,2024-09-03 13:35:00,484.19,484.19,484.15,484.15,-0.01,40.74,19753.68,-1
2024-09-03,2024-09-03 13:36:00,484.15,484.15,484.11,484.11,-0.01,40.74,19753.68,-1
2024-09-03,2024-09-03 13:37:00,484.11,484.11,484.07,484.07,-0.01,40.74,19753.68,-1
2024-09-03,2024-09-03 13:38:00,484.07,484.07,484.04,484.04,-0.01,40.74,19753.68,-1
2024-09-03,2024-09-03 13:39:00,484.04,484.04,484.0,484.0,-0.01,40.74,19753.68,-1
2024-09-03,2024-09-03 13:40:00,484.0,484.0,483.96,483.96,-0.01,40.74,19753.68,-1
2024-09-03,2024-09-03 13:41:00,483.96,483.96,483.93,483.93,-0.01,40.74,19753.68,-1
2024-09-03,2024-09-03 13:42:00,483.93,483.93,483.89,483.89,-0.01,40.74,19753.68,-1
2024-09-03,2024-09-03 13:43:00,483.89,483.89,483.85,483.85,-0.01,40.74,19753.68,-1
2024-09-03,2024-09-03 13:44:00,483.85,483.85,483.81,483.81,-0.01,40.74,19753.68,-1
2024-09-03,2024-09-03 13:45:00,483.81,483.81,483.77,483.77,-0.01,40.74,19753.68,-1
2024-09-03,2024-09-03 13:46:00,483.77,483.77,483.74,483.74,-0.01,40.74,19753.68,-1
2024-09-03,2024-09-03 13:47:00,483.74,483.74,483.7,483.7,-0.01,40.74,19753.68,-1
2024-09-03,2024-09-03 13:48:00,483.7,483.7,483.66,483.66,-0.01,40.74,19753.68,-1
2024-09-03,2024-09-03 13:49:00,483.66,483.66,483.62,483.62,-0.01,40.74,19753.68,-1
2024-09-03,2024-09-03 13:50:00,483.62,483.62,483.59,483.59,-0.01,40.74,19753.68,-1
2024-09-03,2024-09-03 13:51:00,483.59,483.59,483.55,483.55,-0.01,40.74,19753.68,-1
2024-09-03,2024-09-03 13:52:00,483.55,483.55,483.51,483.51,-0.01,40.74,19753.68,-1
2024-09-03,2024-09-03 13:53:00,483.51,483.51,483.48,483.48,-0.01,40.74,19753.68,-1
2024-09-03,2024-09-03 13:54:00,483.48,483.48,483.44,483.44,-0.01,40.74,19753.68,-1
2024-09-03,2024-09-03 13:55:00,483.44,483.44,483.4,483.4,-0.01,40.74,19753.68,-1
2024-09-03,2024-09-03 13:56:00,483.4,483.4,483.36,483.36,-0.01,40.74,19753.68,-1
2024-09-03,2024-09-03 13:57:00,483.36,483.36,483.32,483.32,-0.01,40.74,19753.68,-1
2024-09-03,2024-09-03 13:58:00,483.32,483.32,483.29,483.29,-0.01,40.74,19753.68,-1
2024-09-03,2024-09-03 13:59:00,483.29,483.29,483.25,483.25,-0.01,40.74,19753.68,-1
2024-09-03,2024-09-03 14:00:00,483.25,483.25,483.21,483.21,-0.01,40.74,19753.68,-1
2024-09-03,2024-09-03 14:01:00,483.21,483.21,483.18,483.18,-0.01,40.74,19753.68,-1
2024-09-03,2024-09-03 14:02:00,483.18,483.18,483.14,483.14,-0.01,40.74,19753.68,-1
2024-09-03,2024-09-03 14:03:00,483.14,483.14,483.1,483.1,-0.01,40.74,19753.68,-1
2024-09-03,2024-09-03 14:04:00,483.1,483.1,483.06,483.06,-0.01,40.74,19753.68,-1
2024-09-03,2024-09-03 14:05:00,483.06,483.06,483.02,483.02,-0.01,40.74,19753.68,-1
2024-09-03,2024-09-03 14:06:00,483.02,483.02,482.99,482.99,-0.01,40.74,19753.68,-1
2024-09-03,2024-09-03 14:07:00,482.99,482.99,482.95,482.95,-0.01,40.74,19753.68,-1
2024-09-03,2024-09-03 14:08:00,482.95,482.95,482.91,482.91,-0.01,40.74,19753.68,-1
2024-09-03,2024-09-03 14:09:00,482.91,482.91,482.88,482.88,-0.01,40.74,19753.68,-1
2024-09-03,2024-09-03 14:10:00,482.88,482.88,482.84,482.84,-0.01,40.74,19753.68,-1
2024-09-03,2024-09-03 14:11:00,482.84,482.84,482.8,482.8,-0.01,40.74,19753.68,-1
2024-09-03,2024-09-03 14:12:00,482.8,482.8,482.76,482.76,-0.01,40.74,19753.68,-1
2024-09-03,2024-09-03 14:13:00,482.76,482.76,482.73,482.73,-0.01,40.74,19753.68,-1
2024-09-03,2024-09-03 14:14:00,482.73,482.73,482.69,482.69,-0.01,40.74,19753.68,-1
2024-09-03,2024-09-03 14:15:00,482.69,482.69,482.65,482.65,-0.01,40.74,19753.68,-1
2024-09-03,2024-09-03 14:16:00,482.65,482.65,482.61,482.61,-0.01,40.74,19753.68,-1
2024-09-03,2024-09-03 14:17:00,482.61,482.61,482.57,482.57,-0.01,40.74,19753.68,-1
2024-09-03,2024-09-03 14:18:00,482.57,482.57,482.54,482.54,-0.01,40.74,19753.68,-1
2024-09-03,2024-09-03 14:19:00,482.54,482.54,482.5,482.5,-0.01,40.74,19753.68,-1
2024-09-03,2024-09-03 14:20:00,482.5,482.5,482.46,482.46,-0.01,40.74,19753.68,-1
2024-09-03,2024-09-03 14:21:00,482.46,482.46,482.43,482.43,-0.01,40.74,19753.68,-1
2024-09-03,2024-09-03 14:22:00,482.43,482.43,482.39,482.39,-0.01,40.74,19753.68,-1
2024-09-03,2024-09-03 14:23:00,482.39,482.39,482.35,482.35,-0.01,40.74,19753.68,-1
2024-09-03,2024-09-03 14:24:00,482.35,482.35,482.31,482.31,-0.01,40.74,19753.68,-1
2024-09-03,2024-09-03 14:25:00,482.31,482.31,482.27,482.27,-0.01,40.74,19753.68,-1
2024-09-03,2024-09-03 14:26:00,482.27,482.27,482.24,482.24,-0.01,40.74,19753.68,-1
2024-09-03,2024-09-03 14:27:00,482.24,482.24,482.2,482.2,-0.01,40.74,19753.68,-1
2024-09-03,2024-09-03 14:28:00,482.2,482.2,482.16,482.16,-0.01,40.74,19753.68,-1
2024-09-03,2024-09-03 14:29:00,482.16,482.16,482.12,482.12,-0.01,40.74,19753.68,-1
2024-09-03,2024-09-03 14:30:00,482.12,482.12,482.09,482.09,-0.01,40.74,19753.68,-1
2024-09-03,2024-09-03 14:31:00,482.09,482.09,482.05,482.05,-0.01,40.74,19753.68,-1
2024-09-03,2024-09-03 14:32:00,482.05,482.05,482.01,482.01,-0.01,40.74,19753.68,-1
2024-09-03,2024-09-03 14:33:00,482.01,482.01,481.98,481.98,-0.01,40.74,19753.68,-1
2024-09-03,2024-09-03 14:34:00,481.98,481.98,481.94,481.94,-0.01,40.74,19753.68,-1
2024-09-03,2024-09-03 14:35:00,481.94,481.94,481.9,481.9,-0.01,40.74,19753.68,-1
2024-09-03,2024-09-03 14:36:00,481.9,481.9,481.86,481.86,-0.01,40.74,19753.68,-1
2024-09-03,2024-09-03 14:37:00,481.86,481.86,481.82,481.82,-0.01,40.74,19753.68,-1
2024-09-03,2024-09-03 14:38:00,481.82,481.82,481.79,481.79,-0.01,40.74,19753.68,-1
2024-09-03,2024-09-03 14:39:00,481.79,481.79,481.75,481.75,-0.01,40.74,19753.68,-1
2024-09-03,2024-09-03 14:40:00,481.75,481.75,481.71,481.71,-0.01,40.74,19753.68,-1
2024-09-03,2024-09-03 14:41:00,481.71,481.71,481.68,481.68,-0.01,40.74,19753.68,-1
2024-09-03,2024-09-03 14:42:00,481.68,481.68,481.64,481.64,-0.01,40.74,19753.68,-1
2024-09-03,2024-09-03 14:43:00,481.64,481.64,481.6,481.6,-0.01,40.74,19753.68,-1
2024-09-03,2024-09-03 14:44:00,481.6,481.6,481.56,481.56,-0.01,40.74,19753.68,-1
2024-09-03,2024-09-03 14:45:00,481.56,481.56,481.52,481.52,-0.01,40.74,19753.68,-1
2024-09-03,2024-09-03 14:46:00,481.52,481.52,481.49,481.49,-0.01,40.74,19753.68,-1
2024-09-03,2024-09-03 14:47:00,481.49,481.49,481.45,481.45,-0.01,40.74,19753.68,-1
2024-09-03,2024-09-03 14:48:00,481.45,481.45,481.41,481.41,-0.01,40.74,19753.68,-1
2024-09-03,2024-09-03 14:49:00,481.41,481.41,481.38,481.38,-0.01,40.74,19753.68,-1
2024-09-03,2024-09-03 14:50:00,481.38,481.38,481.34,481.34,-0.01,40.74,19753.68,-1
2024-09-03,2024-09-03 14:51:00,481.34,481.34,481.3,481.3,-0.01,40.74,19753.68,-1
2024-09-03,2024-09-03 14:52:00,481.3,481.3,481.26,481.26,-0.01,40.74,19753.68,-1
2024-09-03,2024-09-03 14:53:00,481.26,481.26,481.23,481.23,-0.01,40.74,19753.68,-1
2024-09-03,2024-09-03 14:54:00,481.23,481.23,481.19,481.19,-0.01,40.74,19753.68,-1
2024-09-03,2024-09-03 14:55:00,481.19,481.19,481.15,481.15,-0.01,40.74,19753.68,-1
2024-09-03,2024-09-03 14:56:00,481.15,481.15,481.11,481.11,-0.01,40.74,19753.68,-1
2024-09-03,2024-09-03 14:57:00,481.11,481.11,481.07,481.07,-0.01,40.74,19753.68,-1
2024-09-03,2024-09-03 14:58:00,481.07,481.07,481.04,481.04,-0.01,40.74,19753.68,-1
2024-09-03,2024-09-03 14:59:00,481.04,481.04,481.0,481.0,-0.01,40.74,19753.68,-1
2024-09-03,2024-09-03 15:00:00,481.0,499.0,480.0,481.0,0.0,40.74,19753.68,0
2024-09-04,2024-09-04 11:00:00,484.0,486.1,475.6,483.94,-0.01,58.89,27533.52,-1
2024-09-04,2024-09-04 11:01:00,483.94,483.94,483.88,483.88,-0.01,58.89,27533.52,-1
2024-09-04,2024-09-04 11:02:00,483.88,483.88,483.81,483.81,-0.01,58.89,27533.52,-1
2024-09-04,2024-09-04 11:03:00,483.81,483.81,483.75,483.75,-0.01,58.89,27533.52,-1
2024-09-04,2024-09-04 11:04:00,483.75,483.75,483.69,483.69,-0.01,58.89,27533.52,-1
2024-09-04,2024-09-04 11:05:00,483.69,483.69,483.63,483.63,-0.01,58.89,27533.52,-1
2024-09-04,2024-09-04 11:06:00,483.63,483.63,483.57,483.57,-0.01,58.89,27533.52,-1
2024-09-04,2024-09-04 11:07:00,483.57,483.57,483.51,483.51,-0.01,58.89,27533.52,-1
2024-09-04,2024-09-04 11:08:00,483.51,483.51,483.44,483.44,-0.01,58.89,27533.52,-1
2024-09-04,2024-09-04 11:09:00,483.44,483.44,483.38,483.38,-0.01,58.89,27533.52,-1
2024-09-04,2024-09-04 11:10:00,483.38,483.38,483.32,483.32,-0.01,58.89,27533.52,-1
2024-09-04,2024-09-04 11:11:00,483.32,483.32,483.26,483.26,-0.01,58.89,27533.52,-1
2024-09-04,2024-09-04 11:12:00,483.26,483.26,483.2,483.2,-0.01,58.89,27533.52,-1
2024-09-04,2024-09-04 11:13:00,483.2,483.2,483.14,483.14,-0.01,58.89,27533.52,-1
2024-09-04,2024-09-04 11:14:00,483.14,483.14,483.07,483.07,-0.01,58.89,27533.52,-1
2024-09-04,2024-09-04 11:15:00,483.07,483.07,483.01,483.01,-0.01,58.89,27533.52,-1
2024-09-04,2024-09-04 11:16:00,483.01,483.01,482.95,482.95,-0.01,58.89,27533.52,-1
2024-09-04,2024-09-04 11:17:00,482.95,482.95,482.89,482.89,-0.01,58.89,27533.52,-1
2024-09-04,2024-09-04 11:18:00,482.89,482.89,482.83,482.83,-0.01,58.89,27533.52,-1
2024-09-04,2024-09-04 11:19:00,482.83,482.83,482.77,482.77,-0.01,58.89,27533.52,-1
2024-09-04,2024-09-04 11:20:00,482.77,482.77,482.7,482.7,-0.01,58.89,27533.52,-1
2024-09-04,2024-09-04 11:21:00,482.7,482.7,482.64,482.64,-0.01,58.89,27533.52,-1
2024-09-04,2024-09-04 11:22:00,482.64,482.64,482.58,482.58,-0.01,58.89,27533.52,-1
2024-09-04,2024-09-04 11:23:00,482.58,482.58,482.52,482.52,-0.01,58.89,27533.52,-1
2024-09-04,2024-09-04 11:24:00,482.52,482.52,482.46,482.46,-0.01,58.89,27533.52,-1
2024-09-04,2024-09-04 11:25:00,482.46,482.46,482.4,482.4,-0.01,58.89,27533.52,-1
2024-09-04,2024-09-04 11:26:00,482.4,482.4,482.33,482.33,-0.01,58.89,27533.52,-1
2024-09-04,2024-09-04 11:27:00,482.33,482.33,482.27,482.27,-0.01,58.89,27533.52,-1
2024-09-04,2024-09-04 11:28:00,482.27,482.27,482.21,482.21,-0.01,58.89,27533.52,-1
2024-09-04,2024-09-04 11:29:00,482.21,482.21,482.15,482.15,-0.01,58.89,27533.52,-1
2024-09-04,2024-09-04 11:30:00,482.15,482.15,482.09,482.09,-0.01,58.89,27533.52,-1
2024-09-04,2024-09-04 11:31:00,482.09,482.09,482.03,482.03,-0.01,58.89,27533.52,-1
2024-09-04,2024-09-04 11:32:00,482.03,482.03,481.96,481.96,-0.01,58.89,27533.52,-1
2024-09-04,2024-09-04 11:33:00,481.96,481.96,481.9,481.9,-0.01,58.89,27533.52,-1
2024-09-04,2024-09-04 11:34:00,481.9,481.9,481.84,481.84,-0.01,58.89,27533.52,-1
2024-09-04,2024-09-04 11:35:00,481.84,481.84,481.78,481.78,-0.01,58.89,27533.52,-1
2024-09-04,2024-09-04 11:36:00,481.78,481.78,481.72,481.72,-0.01,58.89,27533.52,-1
2024-09-04,2024-09-04 11:37:00,481.72,481.72,481.66,481.66,-0.01,58.89,27533.52,-1
2024-09-04,2024-09-04 11:38:00,481.66,481.66,481.59,481.59,-0.01,58.89,27533.52,-1
2024-09-04,2024-09-04 11:39:00,481.59,481.59,481.53,481.53,-0.01,58.89,27533.52,-1
2024-09-04,2024-09-04 11:40:00,481.53,481.53,481.47,481.47,-0.01,58.89,27533.52,-1
2024-09-04,2024-09-04 11:41:00,481.47,481.47,481.41,481.41,-0.01,58.89,27533.52,-1
2024-09-04,2024-09-04 11:42:00,481.41,481.41,481.35,481.35,-0.01,58.89,27533.52,-1
2024-09-04,2024-09-04 11:43:00,481.35,481.35,481.29,481.29,-0.01,58.89,27533.52,-1
2024-09-04,2024-09-04 11:44:00,481.29,481.29,481.23,481.23,-0.01,58.89,27533.52,-1
2024-09-04,2024-09-04 11:45:00,481.23,481.23,481.16,481.16,-0.01,58.89,27533.52,-1
2024-09-04,2024-09-04 11:46:00,481.16,481.16,481.1,481.1,-0.01,58.89,27533.52,-1
2024-09-04,2024-09-04 11:47:00,481.1,481.1,481.04,481.04,-0.01,58.89,27533.52,-1
2024-09-04,2024-09-04 11:48:00,481.04,481.04,480.98,480.98,-0.01,58.89,27533.52,-1
2024-09-04,2024-09-04 11:49:00,480.98,480.98,480.92,480.92,-0.01,58.89,27533.52,-1
2024-09-04,2024-09-04 11:50:00,480.92,480.92,480.86,480.86,-0.01,58.89,27533.52,-1
2024-09-04,2024-09-04 11:51:00,480.86,480.86,480.79,480.79,-0.01,58.89,27533.52,-1
2024-09-04,2024-09-04 11:52:00,480.79,480.79,480.73,480.73,-0.01,58.89,27533.52,-1
2024-09-04,2024-09-04 11:53:00,480.73,480.73,480.67,480.67,-0.01,58.89,27533.52,-1
2024-09-04,2024-09-04 11:54:00,480.67,480.67,480.61,480.61,-0.01,58.89,27533.52,-1
2024-09-04,2024-09-04 11:55:00,480.61,480.61,480.55,480.55,-0.01,58.89,27533.52,-1
2024-09-04,2024-09-04 11:56:00,480.55,480.55,480.49,480.49,-0.01,58.89,27533.52,-1
2024-09-04,2024-09-04 11:57:00,480.49,480.49,480.42,480.42,-0.01,58.89,27533.52,-1
2024-09-04,2024-09-04 11:58:00,480.42,480.42,480.36,480.36,-0.01,58.89,27533.52,-1
2024-09-04,2024-09-04 11:59:00,480.36,480.36,480.3,480.3,-0.01,58.89,27533.52,-1
2024-09-04,2024-09-04 12:00:00,480.3,480.3,480.24,480.24,-0.01,58.89,27533.52,-1
2024-09-04,2024-09-04 12:01:00,480.24,480.24,480.18,480.18,-0.01,58.89,27533.52,-1
2024-09-04,2024-09-04 12:02:00,480.18,480.18,480.12,480.12,-0.01,58.89,27533.52,-1
2024-09-04,2024-09-04 12:03:00,480.12,480.12,480.05,480.05,-0.01,58.89,27533.52,-1
2024-09-04,2024-09-04 12:04:00,480.05,480.05,479.99,479.99,-0.01,58.89,27533.52,-1
2024-09-04,2024-09-04 12:05:00,479.99,479.99,479.93,479.93,-0.01,58.89,27533.52,-1
2024-09-04,2024-09-04 12:06:00,479.93,479.93,479.87,479.87,-0.01,58.89,27533.52,-1
2024-09-04,2024-09-04 12:07:00,479.87,479.87,479.81,479.81,-0.01,58.89,27533.52,-1
2024-09-04,2024-09-04 12:08:00,479.81,479.81,479.75,479.75,-0.01,58.89,27533.52,-1
2024-09-04,2024-09-04 12:09:00,479.75,479.75,479.68,479.68,-0.01,58.89,27533.52,-1
2024-09-04,2024-09-04 12:10:00,479.68,479.68,479.62,479.62,-0.01,58.89,27533.52,-1
2024-09-04,2024-09-04 12:11:00,479.62,479.62,479.56,479.56,-0.01,58.89,27533.52,-1
2024-09-04,2024-09-04 12:12:00,479.56,479.56,479.5,479.5,-0.01,58.89,27533.52,-1
2024-09-04,2024-09-04 12:13:00,479.5,479.5,479.44,479.44,-0.01,58.89,27533.52,-1
2024-09-04,2024-09-04 12:14:00,479.44,479.44,479.38,479.38,-0.01,58.89,27533.52,-1
2024-09-04,2024-09-04 12:15:00,479.38,479.38,479.31,479.31,-0.01,58.89,27533.52,-1
2024-09-04,2024-09-04 12:16:00,479.31,479.31,479.25,479.25,-0.01,58.89,27533.52,-1
2024-09-04,2024-09-04 12:17:00,479.25,479.25,479.19,479.19,-0.01,58.89,27533.52,-1
2024-09-04,2024-09-04 12:18:00,479.19,479.19,479.13,479.13,-0.01,58.89,27533.52,-1
2024-09-04,2024-09-04 12:19:00,479.13,479.13,479.07,479.07,-0.01,58.89,27533.52,-1
2024-09-04,2024-09-04 12:20:00,479.07,479.07,479.0,479.0,-0.01,58.89,27533.52,-1
2024-09-04,2024-09-04 12:21:00,479.0,479.0,478.94,478.94,-0.01,58.89,27533.52,-1
2024-09-04,2024-09-04 12:22:00,478.94,478.94,478.88,478.88,-0.01,58.89,27533.52,-1
2024-09-04,2024-09-04 12:23:00,478.88,478.88,478.82,478.82,-0.01,58.89,27533.52,-1
2024-09-04,2024-09-04 12:24:00,478.82,478.82,478.76,478.76,-0.01,58.89,27533.52,-1
2024-09-04,2024-09-04 12:25:00,478.76,478.76,478.7,478.7,-0.01,58.89,27533.52,-1
2024-09-04,2024-09-04 12:26:00,478.7,478.7,478.63,478.63,-0.01,58.89,27533.52,-1
2024-09-04,2024-09-04 12:27:00,478.63,478.63,478.57,478.57,-0.01,58.89,27533.52,-1
2024-09-04,2024-09-04 12:28:00,478.57,478.57,478.51,478.51,-0.01,58.89,27533.52,-1
2024-09-04,2024-09-04 12:29:00,478.51,478.51,478.45,478.45,-0.01,58.89,27533.52,-1
2024-09-04,2024-09-04 12:30:00,478.45,478.45,478.39,478.39,-0.01,58.89,27533.52,-1
2024-09-04,2024-09-04 12:31:00,478.39,478.39,478.33,478.33,-0.01,58.89,27533.52,-1
2024-09-04,2024-09-04 12:32:00,478.33,478.33,478.26,478.26,-0.01,58.89,27533.52,-1
2024-09-04,2024-09-04 12:33:00,478.26,478.26,478.2,478.2,-0.01,58.89,27533.52,-1
2024-09-04,2024-09-04 12:34:00,478.2,478.2,478.14,478.14,-0.01,58.89,27533.52,-1
2024-09-04,2024-09-04 12:35:00,478.14,478.14,478.08,478.08,-0.01,58.89,27533.52,-1
2024-09-04,2024-09-04 12:36:00,478.08,478.08,478.02,478.02,-0.01,58.89,27533.52,-1
2024-09-04,2024-09-04 12:37:00,478.02,478.02,477.96,477.96,-0.01,58.89,27533.52,-1
2024-09-04,2024-09-04 12:38:00,477.96,477.96,477.89,477.89,-0.01,58.89,27533.52,-1
2024-09-04,2024-09-04 12:39:00,477.89,477.89,477.83,477.83,-0.01,58.89,27533.52,-1
2024-09-04,2024-09-04 12:40:00,477.83,477.83,477.77,477.77,-0.01,58.89,27533.52,-1
2024-09-04,2024-09-04 12:41:00,477.77,477.77,477.71,477.71,-0.01,58.89,27533.52,-1
2024-09-04,2024-09-04 12:42:00,477.71,477.71,477.65,477.65,-0.01,58.89,27533.52,-1
2024-09-04,2024-09-04 12:43:00,477.65,477.65,477.59,477.59,-0.01,58.89,27533.52,-1
2024-09-04,2024-09-04 12:44:00,477.59,477.59,477.52,477.52,-0.01,58.89,27533.52,-1
2024-09-04,2024-09-04 12:45:00,477.52,477.52,477.46,477.46,-0.01,58.89,27533.52,-1
2024-09-04,2024-09-04 12:46:00,477.46,477.46,477.4,477.4,-0.01,58.89,27533.52,-1
2024-09-04,2024-09-04 12:47:00,477.4,477.4,477.34,477.34,-0.01,58.89,27533.52,-1
2024-09-04,2024-09-04 12:48:00,477.34,477.34,477.28,477.28,-0.01,58.89,27533.52,-1
2024-09-04,2024-09-04 12:49:00,477.28,477.28,477.22,477.22,-0.01,58.89,27533.52,-1
2024-09-04,2024-09-04 12:50:00,477.22,477.22,477.15,477.15,-0.01,58.89,27533.52,-1
2024-09-04,2024-09-04 12:51:00,477.15,477.15,477.09,477.09,-0.01,58.89,27533.52,-1
2024-09-04,2024-09-04 12:52:00,477.09,477.09,477.03,477.03,-0.01,58.89,27533.52,-1
2024-09-04,2024-09-04 12:53:00,477.03,477.03,476.97,476.97,-0.01,58.89,27533.52,-1
2024-09-04,2024-09-04 12:54:00,476.97,476.97,476.91,476.91,-0.01,58.89,27533.52,-1
2024-09-04,2024-09-04 12:55:00,476.91,476.91,476.85,476.85,-0.01,58.89,27533.52,-1
2024-09-04,2024-09-04 12:56:00,476.85,476.85,476.78,476.78,-0.01,58.89,27533.52,-1
2024-09-04,2024-09-04 12:57:00,476.78,476.78,476.72,476.72,-0.01,58.89,27533.52,-1
2024-09-04,2024-09-04 12:58:00,476.72,476.72,476.66,476.66,-0.01,58.89,27533.52,-1
2024-09-04,2024-09-04 12:59:00,476.66,476.66,476.6,476.6,-0.01,58.89,27533.52,-1
2024-09-04,2024-09-04 13:00:00,476.6,491.0,456.0,476.54,-0.01,58.89,27533.52,-1
2024-09-04,2024-09-04 13:01:00,476.54,476.54,476.48,476.48,-0.01,58.89,27533.52,-1
2024-09-04,2024-09-04 13:02:00,476.48,476.48,476.42,476.42,-0.01,58.89,27533.52,-1
2024-09-04,2024-09-04 13:03:00,476.42,476.42,476.35,476.35,-0.01,58.89,27533.52,-1
2024-09-04,2024-09-04 13:04:00,476.35,476.35,476.29,476.29,-0.01,58.89,27533.52,-1
2024-09-04,2024-09-04 13:05:00,476.29,476.29,476.23,476.23,-0.01,58.89,27533.52,-1
2024-09-04,2024-09-04 13:06:00,476.23,476.23,476.17,476.17,-0.01,58.89,27533.52,-1
2024-09-04,2024-09-04 13:07:00,476.17,476.17,476.11,476.11,-0.01,58.89,27533.52,-1
2024-09-04,2024-09-04 13:08:00,476.11,476.11,476.05,476.05,-0.01,58.89,27533.52,-1
2024-09-04,2024-09-04 13:09:00,476.05,476.05,475.98,475.98,-0.01,58.89,27533.52,-1
2024-09-04,2024-09-04 13:10:00,475.98,475.98,475.92,475.92,-0.01,58.89,27533.52,-1
2024-09-04,2024-09-04 13:11:00,475.92,475.92,475.86,475.86,-0.01,58.89,27533.52,-1
2024-09-04,2024-09-04 13:12:00,475.86,475.86,475.8,475.8,-0.01,58.89,27533.52,-1
2024-09-04,2024-09-04 13:13:00,475.8,475.8,475.74,475.74,-0.01,58.89,27533.52,-1
2024-09-04,2024-09-04 13:14:00,475.74,475.74,475.68,475.68,-0.01,58.89,27533.52,-1
2024-09-04,2024-09-04 13:15:00,475.68,475.68,475.61,475.61,-0.01,58.89,27533.52,-1
2024-09-04,2024-09-04 13:16:00,475.61,475.61,475.55,475.55,-0.01,58.89,27533.52,-1
2024-09-04,2024-09-04 13:17:00,475.55,475.55,475.49,475.49,-0.01,58.89,27533.52,-1
2024-09-04,2024-09-04 13:18:00,475.49,475.49,475.43,475.43,-0.01,58.89,27533.52,-1
2024-09-04,2024-09-04 13:19:00,475.43,475.43,475.37,475.37,-0.01,58.89,27533.52,-1
2024-09-04,2024-09-04 13:20:00,475.37,475.37,475.31,475.31,-0.01,58.89,27533.52,-1
2024-09-04,2024-09-04 13:21:00,475.31,475.31,475.24,475.24,-0.01,58.89,27533.52,-1
2024-09-04,2024-09-04 13:22:00,475.24,475.24,475.18,475.18,-0.01,58.89,27533.52,-1
2024-09-04,2024-09-04 13:23:00,475.18,475.18,475.12,475.12,-0.01,58.89,27533.52,-1
2024-09-04,2024-09-04 13:24:00,475.12,475.12,475.06,475.06,-0.01,58.89,27533.52,-1
2024-09-04,2024-09-04 13:25:00,475.06,475.06,475.0,475.0,-0.01,58.89,27533.52,-1
2024-09-04,2024-09-04 13:26:00,475.0,475.0,474.94,474.94,-0.01,58.89,27533.52,-1
2024-09-04,2024-09-04 13:27:00,474.94,474.94,474.87,474.87,-0.01,58.89,27533.52,-1
2024-09-04,2024-09-04 13:28:00,474.87,474.87,474.81,474.81,-0.01,58.89,27533.52,-1
2024-09-04,2024-09-04 13:29:00,474.81,474.81,474.75,474.75,-0.01,58.89,27533.52,-1
2024-09-04,2024-09-04 13:30:00,474.75,474.75,474.69,474.69,-0.01,58.89,27533.52,-1
2024-09-04,2024-09-04 13:31:00,474.69,474.69,474.63,474.63,-0.01,58.89,27533.52,-1
2024-09-04,2024-09-04 13:32:00,474.63,474.63,474.56,474.56,-0.01,58.89,27533.52,-1
2024-09-04,2024-09-04 13:33:00,474.56,474.56,474.5,474.5,-0.01,58.89,27533.52,-1
2024-09-04,2024-09-04 13:34:00,474.5,474.5,474.44,474.44,-0.01,58.89,27533.52,-1
2024-09-04,2024-09-04 13:35:00,474.44,474.44,474.38,474.38,-0.01,58.89,27533.52,-1
2024-09-04,2024-09-04 13:36:00,474.38,474.38,474.32,474.32,-0.01,58.89,27533.52,-1
2024-09-04,2024-09-04 13:37:00,474.32,474.32,474.26,474.26,-0.01,58.89,27533.52,-1
2024-09-04,2024-09-04 13:38:00,474.26,474.26,474.19,474.19,-0.01,58.89,27533.52,-1
2024-09-04,2024-09-04 13:39:00,474.19,474.19,474.13,474.13,-0.01,58.89,27533.52,-1
2024-09-04,2024-09-04 13:40:00,474.13,474.13,474.07,474.07,-0.01,58.89,27533.52,-1
2024-09-04,2024-09-04 13:41:00,474.07,474.07,474.01,474.01,-0.01,58.89,27533.52,-1
2024-09-04,2024-09-04 13:42:00,474.01,474.01,473.95,473.95,-0.01,58.89,27533.52,-1
2024-09-04,2024-09-04 13:43:00,473.95,473.95,473.89,473.89,-0.01,58.89,27533.52,-1
2024-09-04,2024-09-04 13:44:00,473.89,473.89,473.82,473.82,-0.01,58.89,27533.52,-1
2024-09-04,2024-09-04 13:45:00,473.82,473.82,473.76,473.76,-0.01,58.89,27533.52,-1
2024-09-04,2024-09-04 13:46:00,473.76,473.76,473.7,473.7,-0.01,58.89,27533.52,-1
2024-09-04,2024-09-04 13:47:00,473.7,473.7,473.64,473.64,-0.01,58.89,27533.52,-1
2024-09-04,2024-09-04 13:48:00,473.64,473.64,473.58,473.58,-0.01,58.89,27533.52,-1
2024-09-04,2024-09-04 13:49:00,473.58,473.58,473.52,473.52,-0.01,58.89,27533.52,-1
2024-09-04,2024-09-04 13:50:00,473.52,473.52,473.45,473.45,-0.01,58.89,27533.52,-1
2024-09-04,2024-09-04 13:51:00,473.45,473.45,473.39,473.39,-0.01,58.89,27533.52,-1
2024-09-04,2024-09-04 13:52:00,473.39,473.39,473.33,473.33,-0.01,58.89,27533.52,-1
2024-09-04,2024-09-04 13:53:00,473.33,473.33,473.27,473.27,-0.01,58.89,27533.52,-1
2024-09-04,2024-09-04 13:54:00,473.27,473.27,473.21,473.21,-0.01,58.89,27533.52,-1
2024-09-04,2024-09-04 13:55:00,473.21,473.21,473.15,473.15,-0.01,58.89,27533.52,-1
2024-09-04,2024-09-04 13:56:00,473.15,473.15,473.08,473.08,-0.01,58.89,27533.52,-1
2024-09-04,2024-09-04 13:57:00,473.08,473.08,473.02,473.02,-0.01,58.89,27533.52,-1
2024-09-04,2024-09-04 13:58:00,473.02,473.02,472.96,472.96,-0.01,58.89,27533.52,-1
2024-09-04,2024-09-04 13:59:00,472.96,472.96,472.9,472.9,-0.01,58.89,27533.52,-1
2024-09-04,2024-09-04 14:00:00,472.9,472.9,472.84,472.84,-0.01,58.89,27533.52,-1
2024-09-04,2024-09-04 14:01:00,472.84,472.84,472.78,472.78,-0.01,58.89,27533.52,-1
2024-09-04,2024-09-04 14:02:00,472.78,472.78,472.71,472.71,-0.01,58.89,27533.52,-1
2024-09-04,2024-09-04 14:03:00,472.71,472.71,472.65,472.65,-0.01,58.89,27533.52,-1
2024-09-04,2024-09-04 14:04:00,472.65,472.65,472.59,472.59,-0.01,58.89,27533.52,-1
2024-09-04,2024-09-04 14:05:00,472.59,472.59,472.53,472.53,-0.01,58.89,27533.52,-1
2024-09-04,2024-09-04 14:06:00,472.53,472.53,472.47,472.47,-0.01,58.89,27533.52,-1
2024-09-04,2024-09-04 14:07:00,472.47,472.47,472.41,472.41,-0.01,58.89,27533.52,-1
2024-09-04,2024-09-04 14:08:00,472.41,472.41,472.34,472.34,-0.01,58.89,27533.52,-1
2024-09-04,2024-09-04 14:09:00,472.34,472.34,472.28,472.28,-0.01,58.89,27533.52,-1
2024-09-04,2024-09-04 14:10:00,472.28,472.28,472.22,472.22,-0.01,58.89,27533.52,-1
2024-09-04,2024-09-04 14:11:00,472.22,472.22,472.16,472.16,-0.01,58.89,27533.52,-1
2024-09-04,2024-09-04 14:12:00,472.16,472.16,472.1,472.1,-0.01,58.89,27533.52,-1
2024-09-04,2024-09-04 14:13:00,472.1,472.1,472.04,472.04,-0.01,58.89,27533.52,-1
2024-09-04,2024-09-04 14:14:00,472.04,472.04,471.97,471.97,-0.01,58.89,27533.52,-1
2024-09-04,2024-09-04 14:15:00,471.97,471.97,471.91,471.91,-0.01,58.89,27533.52,-1
2024-09-04,2024-09-04 14:16:00,471.91,471.91,471.85,471.85,-0.01,58.89,27533.52,-1
2024-09-04,2024-09-04 14:17:00,471.85,471.85,471.79,471.79,-0.01,58.89,27533.52,-1
2024-09-04,2024-09-04 14:18:00,471.79,471.79,471.73,471.73,-0.01,58.89,27533.52,-1
2024-09-04,2024-09-04 14:19:00,471.73,471.73,471.67,471.67,-0.01,58.89,27533.52,-1
2024-09-04,2024-09-04 14:20:00,471.67,471.67,471.61,471.61,-0.01,58.89,27533.52,-1
2024-09-04,2024-09-04 14:21:00,471.61,471.61,471.54,471.54,-0.01,58.89,27533.52,-1
2024-09-04,2024-09-04 14:22:00,471.54,471.54,471.48,471.48,-0.01,58.89,27533.52,-1
2024-09-04,2024-09-04 14:23:00,471.48,471.48,471.42,471.42,-0.01,58.89,27533.52,-1
2024-09-04,2024-09-04 14:24:00,471.42,471.42,471.36,471.36,-0.01,58.89,27533.52,-1
2024-09-04,2024-09-04 14:25:00,471.36,471.36,471.3,471.3,-0.01,58.89,27533.52,-1
2024-09-04,2024-09-04 14:26:00,471.3,471.3,471.24,471.24,-0.01,58.89,27533.52,-1
2024-09-04,2024-09-04 14:27:00,471.24,471.24,471.17,471.17,-0.01,58.89,27533.52,-1
2024-09-04,2024-09-04 14:28:00,471.17,471.17,471.11,471.11,-0.01,58.89,27533.52,-1
2024-09-04,2024-09-04 14:29:00,471.11,471.11,471.05,471.05,-0.01,58.89,27533.52,-1
2024-09-04,2024-09-04 14:30:00,471.05,471.05,470.99,470.99,-0.01,58.89,27533.52,-1
2024-09-04,2024-09-04 14:31:00,470.99,470.99,470.93,470.93,-0.01,58.89,27533.52,-1
2024-09-04,2024-09-04 14:32:00,470.93,470.93,470.87,470.87,-0.01,58.89,27533.52,-1
2024-09-04,2024-09-04 14:33:00,470.87,470.87,470.8,470.8,-0.01,58.89,27533.52,-1
2024-09-04,2024-09-04 14:34:00,470.8,470.8,470.74,470.74,-0.01,58.89,27533.52,-1
2024-09-04,2024-09-04 14:35:00,470.74,470.74,470.68,470.68,-0.01,58.89,27533.52,-1
2024-09-04,2024-09-04 14:36:00,470.68,470.68,470.62,470.62,-0.01,58.89,27533.52,-1
2024-09-04,2024-09-04 14:37:00,470.62,470.62,470.56,470.56,-0.01,58.89,27533.52,-1
2024-09-04,2024-09-04 14:38:00,470.56,470.56,470.5,470.5,-0.01,58.89,27533.52,-1
2024-09-04,2024-09-04 14:39:00,470.5,470.5,470.43,470.43,-0.01,58.89,27533.52,-1
2024-09-04,2024-09-04 14:40:00,470.43,470.43,470.37,470.37,-0.01,58.89,27533.52,-1
2024-09-04,2024-09-04 14:41:00,470.37,470.37,470.31,470.31,-0.01,58.89,27533.52,-1
2024-09-04,2024-09-04 14:42:00,470.31,470.31,470.25,470.25,-0.01,58.89,27533.52,-1
2024-09-04,2024-09-04 14:43:00,470.25,470.25,470.19,470.19,-0.01,58.89,27533.52,-1
2024-09-04,2024-09-04 14:44:00,470.19,470.19,470.12,470.12,-0.01,58.89,27533.52,-1
2024-09-04,2024-09-04 14:45:00,470.12,470.12,470.06,470.06,-0.01,58.89,27533.52,-1
2024-09-04,2024-09-04 14:46:00,470.06,470.06,470.0,470.0,-0.01,58.89,27533.52,-1
2024-09-04,2024-09-04 14:47:00,470.0,470.0,469.94,469.94,-0.01,58.89,27533.52,-1
2024-09-04,2024-09-04 14:48:00,469.94,469.94,469.88,469.88,-0.01,58.89,27533.52,-1
2024-09-04,2024-09-04 14:49:00,469.88,469.88,469.82,469.82,-0.01,58.89,27533.52,-1
2024-09-04,2024-09-04 14:50:00,469.82,469.82,469.75,469.75,-0.01,58.89,27533.52,-1
2024-09-04,2024-09-04 14:51:00,469.75,469.75,469.69,469.69,-0.01,58.89,27533.52,-1
2024-09-04,2024-09-04 14:52:00,469.69,469.69,469.63,469.63,-0.01,58.89,27533.52,-1
2024-09-04,2024-09-04 14:53:00,469.63,469.63,469.57,469.57,-0.01,58.89,27533.52,-1
2024-09-04,2024-09-04 14:54:00,469.57,469.57,469.51,469.51,-0.01,58.89,27533.52,-1
2024-09-04,2024-09-04 14:55:00,469.51,469.51,469.45,469.45,-0.01,58.89,27533.52,-1
2024-09-04,2024-09-04 14:56:00,469.45,469.45,469.38,469.38,-0.01,58.89,27533.52,-1
2024-09-04,2024-09-04 14:57:00,469.38,469.38,469.32,469.32,-0.01,58.89,27533.52,-1
2024-09-04,2024-09-04 14:58:00,469.32,469.32,469.26,469.26,-0.01,58.89,27533.52,-1
2024-09-04,2024-09-04 14:59:00,469.26,469.26,469.2,469.2,-0.01,58.89,27533.52,-1
2024-09-04,2024-09-04 15:00:00,469.2,491.0,456.0,469.2,0.0,58.89,27533.52,0
2024-09-05,2024-09-05 11:00:00,466.0,469.75,462.7,465.97,-0.01,32.55,15026.96,-1
2024-09-05,2024-09-05 11:01:00,465.97,465.97,465.94,465.94,-0.01,32.55,15026.96,-1
2024-09-05,2024-09-05 11:02:00,465.94,465.94,465.91,465.91,-0.01,32.55,15026.96,-1
2024-09-05,2024-09-05 11:03:00,465.91,465.91,465.88,465.88,-0.01,32.55,15026.96,-1
2024-09-05,2024-09-05 11:04:00,465.88,465.88,465.85,465.85,-0.01,32.55,15026.96,-1
2024-09-05,2024-09-05 11:05:00,465.85,465.85,465.82,465.82,-0.01,32.55,15026.96,-1
2024-09-05,2024-09-05 11:06:00,465.82,465.82,465.79,465.79,-0.01,32.55,15026.96,-1
2024-09-05,2024-09-05 11:07:00,465.79,465.79,465.76,465.76,-0.01,32.55,15026.96,-1
2024-09-05,2024-09-05 11:08:00,465.76,465.76,465.73,465.73,-0.01,32.55,15026.96,-1
2024-09-05,2024-09-05 11:09:00,465.73,465.73,465.7,465.7,-0.01,32.55,15026.96,-1
2024-09-05,2024-09-05 11:10:00,465.7,465.7,465.67,465.67,-0.01,32.55,15026.96,-1
2024-09-05,2024-09-05 11:11:00,465.67,465.67,465.63,465.63,-0.01,32.55,15026.96,-1
2024-09-05,2024-09-05 11:12:00,465.63,465.63,465.6,465.6,-0.01,32.55,15026.96,-1
2024-09-05,2024-09-05 11:13:00,465.6,465.6,465.57,465.57,-0.01,32.55,15026.96,-1
2024-09-05,2024-09-05 11:14:00,465.57,465.57,465.54,465.54,-0.01,32.55,15026.96,-1
2024-09-05,2024-09-05 11:15:00,465.54,465.54,465.51,465.51,-0.01,32.55,15026.96,-1
2024-09-05,2024-09-05 11:16:00,465.51,465.51,465.48,465.48,-0.01,32.55,15026.96,-1
2024-09-05,2024-09-05 11:17:00,465.48,465.48,465.45,465.45,-0.01,32.55,15026.96,-1
2024-09-05,2024-09-05 11:18:00,465.45,465.45,465.42,465.42,-0.01,32.55,15026.96,-1
2024-09-05,2024-09-05 11:19:00,465.42,465.42,465.39,465.39,-0.01,32.55,15026.96,-1
2024-09-05,2024-09-05 11:20:00,465.39,465.39,465.36,465.36,-0.01,32.55,15026.96,-1
2024-09-05,2024-09-05 11:21:00,465.36,465.36,465.33,465.33,-0.01,32.55,15026.96,-1
2024-09-05,2024-09-05 11:22:00,465.33,465.33,465.3,465.3,-0.01,32.55,15026.96,-1
2024-09-05,2024-09-05 11:23:00,465.3,465.3,465.27,465.27,-0.01,32.55,15026.96,-1
2024-09-05,2024-09-05 11:24:00,465.27,465.27,465.24,465.24,-0.01,32.55,15026.96,-1
2024-09-05,2024-09-05 11:25:00,465.24,465.24,465.21,465.21,-0.01,32.55,15026.96,-1
2024-09-05,2024-09-05 11:26:00,465.21,465.21,465.18,465.18,-0.01,32.55,15026.96,-1
2024-09-05,2024-09-05 11:27:00,465.18,465.18,465.15,465.15,-0.01,32.55,15026.96,-1
2024-09-05,2024-09-05 11:28:00,465.15,465.15,465.12,465.12,-0.01,32.55,15026.96,-1
2024-09-05,2024-09-05 11:29:00,465.12,465.12,465.09,465.09,-0.01,32.55,15026.96,-1
2024-09-05,2024-09-05 11:30:00,465.09,465.09,465.06,465.06,-0.01,32.55,15026.96,-1
2024-09-05,2024-09-05 11:31:00,465.06,465.06,465.03,465.03,-0.01,32.55,15026.96,-1
2024-09-05,2024-09-05 11:32:00,465.03,465.03,465.0,465.0,-0.01,32.55,15026.96,-1
2024-09-05,2024-09-05 11:33:00,465.0,465.0,464.97,464.97,-0.01,32.55,15026.96,-1
2024-09-05,2024-09-05 11:34:00,464.97,464.97,464.94,464.94,-0.01,32.55,15026.96,-1
2024-09-05,2024-09-05 11:35:00,464.94,464.94,464.9,464.9,-0.01,32.55,15026.96,-1
2024-09-05,2024-09-05 11:36:00,464.9,464.9,464.87,464.87,-0.01,32.55,15026.96,-1
2024-09-05,2024-09-05 11:37:00,464.87,464.87,464.84,464.84,-0.01,32.55,15026.96,-1
2024-09-05,2024-09-05 11:38:00,464.84,464.84,464.81,464.81,-0.01,32.55,15026.96,-1
2024-09-05,2024-09-05 11:39:00,464.81,464.81,464.78,464.78,-0.01,32.55,15026.96,-1
2024-09-05,2024-09-05 11:40:00,464.78,464.78,464.75,464.75,-0.01,32.55,15026.96,-1
2024-09-05,2024-09-05 11:41:00,464.75,464.75,464.72,464.72,-0.01,32.55,15026.96,-1
2024-09-05,2024-09-05 11:42:00,464.72,464.72,464.69,464.69,-0.01,32.55,15026.96,-1
2024-09-05,2024-09-05 11:43:00,464.69,464.69,464.66,464.66,-0.01,32.55,15026.96,-1
2024-09-05,2024-09-05 11:44:00,464.66,464.66,464.63,464.63,-0.01,32.55,15026.96,-1
2024-09-05,2024-09-05 11:45:00,464.63,464.63,464.6,464.6,-0.01,32.55,15026.96,-1
2024-09-05,2024-09-05 11:46:00,464.6,464.6,464.57,464.57,-0.01,32.55,15026.96,-1
2024-09-05,2024-09-05 11:47:00,464.57,464.57,464.54,464.54,-0.01,32.55,15026.96,-1
2024-09-05,2024-09-05 11:48:00,464.54,464.54,464.51,464.51,-0.01,32.55,15026.96,-1
2024-09-05,2024-09-05 11:49:00,464.51,464.51,464.48,464.48,-0.01,32.55,15026.96,-1
2024-09-05,2024-09-05 11:50:00,464.48,464.48,464.45,464.45,-0.01,32.55,15026.96,-1
2024-09-05,2024-09-05 11:51:00,464.45,464.45,464.42,464.42,-0.01,32.55,15026.96,-1
2024-09-05,2024-09-05 11:52:00,464.42,464.42,464.39,464.39,-0.01,32.55,15026.96,-1
2024-09-05,2024-09-05 11:53:00,464.39,464.39,464.36,464.36,-0.01,32.55,15026.96,-1
2024-09-05,2024-09-05 11:54:00,464.36,464.36,464.33,464.33,-0.01,32.55,15026.96,-1
2024-09-05,2024-09-05 11:55:00,464.33,464.33,464.3,464.3,-0.01,32.55,15026.96,-1
2024-09-05,2024-09-05 11:56:00,464.3,464.3,464.27,464.27,-0.01,32.55,15026.96,-1
2024-09-05,2024-09-05 11:57:00,464.27,464.27,464.24,464.24,-0.01,32.55,15026.96,-1
2024-09-05,2024-09-05 11:58:00,464.24,464.24,464.21,464.21,-0.01,32.55,15026.96,-1
2024-09-05,2024-09-05 11:59:00,464.21,464.21,464.18,464.18,-0.01,32.55,15026.96,-1
2024-09-05,2024-09-05 12:00:00,464.18,464.18,464.14,464.14,-0.01,32.55,15026.96,-1
2024-09-05,2024-09-05 12:01:00,464.14,464.14,464.11,464.11,-0.01,32.55,15026.96,-1
2024-09-05,2024-09-05 12:02:00,464.11,464.11,464.08,464.08,-0.01,32.55,15026.96,-1
2024-09-05,2024-09-05 12:03:00,464.08,464.08,464.05,464.05,-0.01,32.55,15026.96,-1
2024-09-05,2024-09-05 12:04:00,464.05,464.05,464.02,464.02,-0.01,32.55,15026.96,-1
2024-09-05,2024-09-05 12:05:00,464.02,464.02,463.99,463.99,-0.01,32.55,15026.96,-1
2024-09-05,2024-09-05 12:06:00,463.99,463.99,463.96,463.96,-0.01,32.55,15026.96,-1
2024-09-05,2024-09-05 12:07:00,463.96,463.96,463.93,463.93,-0.01,32.55,15026.96,-1
2024-09-05,2024-09-05 12:08:00,463.93,463.93,463.9,463.9,-0.01,32.55,15026.96,-1
2024-09-05,2024-09-05 12:09:00,463.9,463.9,463.87,463.87,-0.01,32.55,15026.96,-1
2024-09-05,2024-09-05 12:10:00,463.87,463.87,463.84,463.84,-0.01,32.55,15026.96,-1
2024-09-05,2024-09-05 12:11:00,463.84,463.84,463.81,463.81,-0.01,32.55,15026.96,-1
2024-09-05,2024-09-05 12:12:00,463.81,463.81,463.78,463.78,-0.01,32.55,15026.96,-1
2024-09-05,2024-09-05 12:13:00,463.78,463.78,463.75,463.75,-0.01,32.55,15026.96,-1
2024-09-05,2024-09-05 12:14:00,463.75,463.75,463.72,463.72,-0.01,32.55,15026.96,-1
2024-09-05,2024-09-05 12:15:00,463.72,463.72,463.69,463.69,-0.01,32.55,15026.96,-1
2024-09-05,2024-09-05 12:16:00,463.69,463.69,463.66,463.66,-0.01,32.55,15026.96,-1
2024-09-05,2024-09-05 12:17:00,463.66,463.66,463.63,463.63,-0.01,32.55,15026.96,-1
2024-09-05,2024-09-05 12:18:00,463.63,463.63,463.6,463.6,-0.01,32.55,15026.96,-1
2024-09-05,2024-09-05 12:19:00,463.6,463.6,463.57,463.57,-0.01,32.55,15026.96,-1
2024-09-05,2024-09-05 12:20:00,463.57,463.57,463.54,463.54,-0.01,32.55,15026.96,-1
2024-09-05,2024-09-05 12:21:00,463.54,463.54,463.51,463.51,-0.01,32.55,15026.96,-1
2024-09-05,2024-09-05 12:22:00,463.51,463.51,463.48,463.48,-0.01,32.55,15026.96,-1
2024-09-05,2024-09-05 12:23:00,463.48,463.48,463.44,463.44,-0.01,32.55,15026.96,-1
2024-09-05,2024-09-05 12:24:00,463.44,463.44,463.41,463.41,-0.01,32.55,15026.96,-1
2024-09-05,2024-09-05 12:25:00,463.41,463.41,463.38,463.38,-0.01,32.55,15026.96,-1
2024-09-05,2024-09-05 12:26:00,463.38,463.38,463.35,463.35,-0.01,32.55,15026.96,-1
2024-09-05,2024-09-05 12:27:00,463.35,463.35,463.32,463.32,-0.01,32.55,15026.96,-1
2024-09-05,2024-09-05 12:28:00,463.32,463.32,463.29,463.29,-0.01,32.55,15026.96,-1
2024-09-05,2024-09-05 12:29:00,463.29,463.29,463.26,463.26,-0.01,32.55,15026.96,-1
2024-09-05,2024-09-05 12:30:00,463.26,463.26,463.23,463.23,-0.01,32.55,15026.96,-1
2024-09-05,2024-09-05 12:31:00,463.23,463.23,463.2,463.2,-0.01,32.55,15026.96,-1
2024-09-05,2024-09-05 12:32:00,463.2,463.2,463.17,463.17,-0.01,32.55,15026.96,-1
2024-09-05,2024-09-05 12:33:00,463.17,463.17,463.14,463.14,-0.01,32.55,15026.96,-1
2024-09-05,2024-09-05 12:34:00,463.14,463.14,463.11,463.11,-0.01,32.55,15026.96,-1
2024-09-05,2024-09-05 12:35:00,463.11,463.11,463.08,463.08,-0.01,32.55,15026.96,-1
2024-09-05,2024-09-05 12:36:00,463.08,463.08,463.05,463.05,-0.01,32.55,15026.96,-1
2024-09-05,2024-09-05 12:37:00,463.05,463.05,463.02,463.02,-0.01,32.55,15026.96,-1
2024-09-05,2024-09-05 12:38:00,463.02,463.02,462.99,462.99,-0.01,32.55,15026.96,-1
2024-09-05,2024-09-05 12:39:00,462.99,462.99,462.96,462.96,-0.01,32.55,15026.96,-1
2024-09-05,2024-09-05 12:40:00,462.96,462.96,462.93,462.93,-0.01,32.55,15026.96,-1
2024-09-05,2024-09-05 12:41:00,462.93,462.93,462.9,462.9,-0.01,32.55,15026.96,-1
2024-09-05,2024-09-05 12:42:00,462.9,462.9,462.87,462.87,-0.01,32.55,15026.96,-1
2024-09-05,2024-09-05 12:43:00,462.87,462.87,462.84,462.84,-0.01,32.55,15026.96,-1
2024-09-05,2024-09-05 12:44:00,462.84,462.84,462.81,462.81,-0.01,32.55,15026.96,-1
2024-09-05,2024-09-05 12:45:00,462.81,462.81,462.78,462.78,-0.01,32.55,15026.96,-1
2024-09-05,2024-09-05 12:46:00,462.78,462.78,462.75,462.75,-0.01,32.55,15026.96,-1
2024-09-05,2024-09-05 12:47:00,462.75,462.75,462.71,462.71,-0.01,32.55,15026.96,-1
2024-09-05,2024-09-05 12:48:00,462.71,462.71,462.68,462.68,-0.01,32.55,15026.96,-1
2024-09-05,2024-09-05 12:49:00,462.68,462.68,462.65,462.65,-0.01,32.55,15026.96,-1
2024-09-05,2024-09-05 12:50:00,462.65,462.65,462.62,462.62,-0.01,32.55,15026.96,-1
2024-09-05,2024-09-05 12:51:00,462.62,462.62,462.59,462.59,-0.01,32.55,15026.96,-1
2024-09-05,2024-09-05 12:52:00,462.59,462.59,462.56,462.56,-0.01,32.55,15026.96,-1
2024-09-05,2024-09-05 12:53:00,462.56,462.56,462.53,462.53,-0.01,32.55,15026.96,-1
2024-09-05,2024-09-05 12:54:00,462.53,462.53,462.5,462.5,-0.01,32.55,15026.96,-1
2024-09-05,2024-09-05 12:55:00,462.5,462.5,462.47,462.47,-0.01,32.55,15026.96,-1
2024-09-05,2024-09-05 12:56:00,462.47,462.47,462.44,462.44,-0.01,32.55,15026.96,-1
2024-09-05,2024-09-05 12:57:00,462.44,462.44,462.41,462.41,-0.01,32.55,15026.96,-1
2024-09-05,2024-09-05 12:58:00,462.41,462.41,462.38,462.38,-0.01,32.55,15026.96,-1
2024-09-05,2024-09-05 12:59:00,462.38,462.38,462.35,462.35,-0.01,32.55,15026.96,-1
2024-09-05,2024-09-05 13:00:00,462.35,478.5,455.0,462.32,-0.01,32.55,15026.96,-1
2024-09-05,2024-09-05 13:01:00,462.32,462.32,462.29,462.29,-0.01,32.55,15026.96,-1
2024-09-05,2024-09-05 13:02:00,462.29,462.29,462.26,462.26,-0.01,32.55,15026.96,-1
2024-09-05,2024-09-05 13:03:00,462.26,462.26,462.23,462.23,-0.01,32.55,15026.96,-1
2024-09-05,2024-09-05 13:04:00,462.23,462.23,462.2,462.2,-0.01,32.55,15026.96,-1
2024-09-05,2024-09-05 13:05:00,462.2,462.2,462.17,462.17,-0.01,32.55,15026.96,-1
2024-09-05,2024-09-05 13:06:00,462.17,462.17,462.14,462.14,-0.01,32.55,15026.96,-1
2024-09-05,2024-09-05 13:07:00,462.14,462.14,462.11,462.11,-0.01,32.55,15026.96,-1
2024-09-05,2024-09-05 13:08:00,462.11,462.11,462.08,462.08,-0.01,32.55,15026.96,-1
2024-09-05,2024-09-05 13:09:00,462.08,462.08,462.05,462.05,-0.01,32.55,15026.96,-1
2024-09-05,2024-09-05 13:10:00,462.05,462.05,462.02,462.02,-0.01,32.55,15026.96,-1
2024-09-05,2024-09-05 13:11:00,462.02,462.02,461.99,461.99,-0.01,32.55,15026.96,-1
2024-09-05,2024-09-05 13:12:00,461.99,461.99,461.95,461.95,-0.01,32.55,15026.96,-1
2024-09-05,2024-09-05 13:13:00,461.95,461.95,461.92,461.92,-0.01,32.55,15026.96,-1
2024-09-05,2024-09-05 13:14:00,461.92,461.92,461.89,461.89,-0.01,32.55,15026.96,-1
2024-09-05,2024-09-05 13:15:00,461.89,461.89,461.86,461.86,-0.01,32.55,15026.96,-1
2024-09-05,2024-09-05 13:16:00,461.86,461.86,461.83,461.83,-0.01,32.55,15026.96,-1
2024-09-05,2024-09-05 13:17:00,461.83,461.83,461.8,461.8,-0.01,32.55,15026.96,-1
2024-09-05,2024-09-05 13:18:00,461.8,461.8,461.77,461.77,-0.01,32.55,15026.96,-1
2024-09-05,2024-09-05 13:19:00,461.77,461.77,461.74,461.74,-0.01,32.55,15026.96,-1
2024-09-05,2024-09-05 13:20:00,461.74,461.74,461.71,461.71,-0.01,32.55,15026.96,-1
2024-09-05,2024-09-05 13:21:00,461.71,461.71,461.68,461.68,-0.01,32.55,15026.96,-1
2024-09-05,2024-09-05 13:22:00,461.68,461.68,461.65,461.65,-0.01,32.55,15026.96,-1
2024-09-05,2024-09-05 13:23:00,461.65,461.65,461.62,461.62,-0.01,32.55,15026.96,-1
2024-09-05,2024-09-05 13:24:00,461.62,461.62,461.59,461.59,-0.01,32.55,15026.96,-1
2024-09-05,2024-09-05 13:25:00,461.59,461.59,461.56,461.56,-0.01,32.55,15026.96,-1
2024-09-05,2024-09-05 13:26:00,461.56,461.56,461.53,461.53,-0.01,32.55,15026.96,-1
2024-09-05,2024-09-05 13:27:00,461.53,461.53,461.5,461.5,-0.01,32.55,15026.96,-1
2024-09-05,2024-09-05 13:28:00,461.5,461.5,461.47,461.47,-0.01,32.55,15026.96,-1
2024-09-05,2024-09-05 13:29:00,461.47,461.47,461.44,461.44,-0.01,32.55,15026.96,-1
2024-09-05,2024-09-05 13:30:00,461.44,461.44,461.41,461.41,-0.01,32.55,15026.96,-1
2024-09-05,2024-09-05 13:31:00,461.41,461.41,461.38,461.38,-0.01,32.55,15026.96,-1
2024-09-05,2024-09-05 13:32:00,461.38,461.38,461.35,461.35,-0.01,32.55,15026.96,-1
2024-09-05,2024-09-05 13:33:00,461.35,461.35,461.32,461.32,-0.01,32.55,15026.96,-1
2024-09-05,2024-09-05 13:34:00,461.32,461.32,461.29,461.29,-0.01,32.55,15026.96,-1
2024-09-05,2024-09-05 13:35:00,461.29,461.29,461.25,461.25,-0.01,32.55,15026.96,-1
2024-09-05,2024-09-05 13:36:00,461.25,461.25,461.22,461.22,-0.01,32.55,15026.96,-1
2024-09-05,2024-09-05 13:37:00,461.22,461.22,461.19,461.19,-0.01,32.55,15026.96,-1
2024-09-05,2024-09-05 13:38:00,461.19,461.19,461.16,461.16,-0.01,32.55,15026.96,-1
2024-09-05,2024-09-05 13:39:00,461.16,461.16,461.13,461.13,-0.01,32.55,15026.96,-1
2024-09-05,2024-09-05 13:40:00,461.13,461.13,461.1,461.1,-0.01,32.55,15026.96,-1
2024-09-05,2024-09-05 13:41:00,461.1,461.1,461.07,461.07,-0.01,32.55,15026.96,-1
2024-09-05,2024-09-05 13:42:00,461.07,461.07,461.04,461.04,-0.01,32.55,15026.96,-1
2024-09-05,2024-09-05 13:43:00,461.04,461.04,461.01,461.01,-0.01,32.55,15026.96,-1
2024-09-05,2024-09-05 13:44:00,461.01,461.01,460.98,460.98,-0.01,32.55,15026.96,-1
2024-09-05,2024-09-05 13:45:00,460.98,460.98,460.95,460.95,-0.01,32.55,15026.96,-1
2024-09-05,2024-09-05 13:46:00,460.95,460.95,460.92,460.92,-0.01,32.55,15026.96,-1
2024-09-05,2024-09-05 13:47:00,460.92,460.92,460.89,460.89,-0.01,32.55,15026.96,-1
2024-09-05,2024-09-05 13:48:00,460.89,460.89,460.86,460.86,-0.01,32.55,15026.96,-1
2024-09-05,2024-09-05 13:49:00,460.86,460.86,460.83,460.83,-0.01,32.55,15026.96,-1
2024-09-05,2024-09-05 13:50:00,460.83,460.83,460.8,460.8,-0.01,32.55,15026.96,-1
2024-09-05,2024-09-05 13:51:00,460.8,460.8,460.77,460.77,-0.01,32.55,15026.96,-1
2024-09-05,2024-09-05 13:52:00,460.77,460.77,460.74,460.74,-0.01,32.55,15026.96,-1
2024-09-05,2024-09-05 13:53:00,460.74,460.74,460.71,460.71,-0.01,32.55,15026.96,-1
2024-09-05,2024-09-05 13:54:00,460.71,460.71,460.68,460.68,-0.01,32.55,15026.96,-1
2024-09-05,2024-09-05 13:55:00,460.68,460.68,460.65,460.65,-0.01,32.55,15026.96,-1
2024-09-05,2024-09-05 13:56:00,460.65,460.65,460.62,460.62,-0.01,32.55,15026.96,-1
2024-09-05,2024-09-05 13:57:00,460.62,460.62,460.59,460.59,-0.01,32.55,15026.96,-1
2024-09-05,2024-09-05 13:58:00,460.59,460.59,460.56,460.56,-0.01,32.55,15026.96,-1
2024-09-05,2024-09-05 13:59:00,460.56,460.56,460.52,460.52,-0.01,32.55,15026.96,-1
2024-09-05,2024-09-05 14:00:00,460.52,460.52,460.49,460.49,-0.01,32.55,15026.96,-1
2024-09-05,2024-09-05 14:01:00,460.49,460.49,460.46,460.46,-0.01,32.55,15026.96,-1
2024-09-05,2024-09-05 14:02:00,460.46,460.46,460.43,460.43,-0.01,32.55,15026.96,-1
2024-09-05,2024-09-05 14:03:00,460.43,460.43,460.4,460.4,-0.01,32.55,15026.96,-1
2024-09-05,2024-09-05 14:04:00,460.4,460.4,460.37,460.37,-0.01,32.55,15026.96,-1
2024-09-05,2024-09-05 14:05:00,460.37,460.37,460.34,460.34,-0.01,32.55,15026.96,-1
2024-09-05,2024-09-05 14:06:00,460.34,460.34,460.31,460.31,-0.01,32.55,15026.96,-1
2024-09-05,2024-09-05 14:07:00,460.31,460.31,460.28,460.28,-0.01,32.55,15026.96,-1
2024-09-05,2024-09-05 14:08:00,460.28,460.28,460.25,460.25,-0.01,32.55,15026.96,-1
2024-09-05,2024-09-05 14:09:00,460.25,460.25,460.22,460.22,-0.01,32.55,15026.96,-1
2024-09-05,2024-09-05 14:10:00,460.22,460.22,460.19,460.19,-0.01,32.55,15026.96,-1
2024-09-05,2024-09-05 14:11:00,460.19,460.19,460.16,460.16,-0.01,32.55,15026.96,-1
2024-09-05,2024-09-05 14:12:00,460.16,460.16,460.13,460.13,-0.01,32.55,15026.96,-1
2024-09-05,2024-09-05 14:13:00,460.13,460.13,460.1,460.1,-0.01,32.55,15026.96,-1
2024-09-05,2024-09-05 14:14:00,460.1,460.1,460.07,460.07,-0.01,32.55,15026.96,-1
2024-09-05,2024-09-05 14:15:00,460.07,460.07,460.04,460.04,-0.01,32.55,15026.96,-1
2024-09-05,2024-09-05 14:16:00,460.04,460.04,460.01,460.01,-0.01,32.55,15026.96,-1
2024-09-05,2024-09-05 14:17:00,460.01,460.01,459.98,459.98,-0.01,32.55,15026.96,-1
2024-09-05,2024-09-05 14:18:00,459.98,459.98,459.95,459.95,-0.01,32.55,15026.96,-1
2024-09-05,2024-09-05 14:19:00,459.95,459.95,459.92,459.92,-0.01,32.55,15026.96,-1
2024-09-05,2024-09-05 14:20:00,459.92,459.92,459.89,459.89,-0.01,32.55,15026.96,-1
2024-09-05,2024-09-05 14:21:00,459.89,459.89,459.86,459.86,-0.01,32.55,15026.96,-1
2024-09-05,2024-09-05 14:22:00,459.86,459.86,459.83,459.83,-0.01,32.55,15026.96,-1
2024-09-05,2024-09-05 14:23:00,459.83,459.83,459.8,459.8,-0.01,32.55,15026.96,-1
2024-09-05,2024-09-05 14:24:00,459.8,459.8,459.76,459.76,-0.01,32.55,15026.96,-1
2024-09-05,2024-09-05 14:25:00,459.76,459.76,459.73,459.73,-0.01,32.55,15026.96,-1
2024-09-05,2024-09-05 14:26:00,459.73,459.73,459.7,459.7,-0.01,32.55,15026.96,-1
2024-09-05,2024-09-05 14:27:00,459.7,459.7,459.67,459.67,-0.01,32.55,15026.96,-1
2024-09-05,2024-09-05 14:28:00,459.67,459.67,459.64,459.64,-0.01,32.55,15026.96,-1
2024-09-05,2024-09-05 14:29:00,459.64,459.64,459.61,459.61,-0.01,32.55,15026.96,-1
2024-09-05,2024-09-05 14:30:00,459.61,459.61,459.58,459.58,-0.01,32.55,15026.96,-1
2024-09-05,2024-09-05 14:31:00,459.58,459.58,459.55,459.55,-0.01,32.55,15026.96,-1
2024-09-05,2024-09-05 14:32:00,459.55,459.55,459.52,459.52,-0.01,32.55,15026.96,-1
2024-09-05,2024-09-05 14:33:00,459.52,459.52,459.49,459.49,-0.01,32.55,15026.96,-1
2024-09-05,2024-09-05 14:34:00,459.49,459.49,459.46,459.46,-0.01,32.55,15026.96,-1
2024-09-05,2024-09-05 14:35:00,459.46,459.46,459.43,459.43,-0.01,32.55,15026.96,-1
2024-09-05,2024-09-05 14:36:00,459.43,459.43,459.4,459.4,-0.01,32.55,15026.96,-1
2024-09-05,2024-09-05 14:37:00,459.4,459.4,459.37,459.37,-0.01,32.55,15026.96,-1
2024-09-05,2024-09-05 14:38:00,459.37,459.37,459.34,459.34,-0.01,32.55,15026.96,-1
2024-09-05,2024-09-05 14:39:00,459.34,459.34,459.31,459.31,-0.01,32.55,15026.96,-1
2024-09-05,2024-09-05 14:40:00,459.31,459.31,459.28,459.28,-0.01,32.55,15026.96,-1
2024-09-05,2024-09-05 14:41:00,459.28,459.28,459.25,459.25,-0.01,32.55,15026.96,-1
2024-09-05,2024-09-05 14:42:00,459.25,459.25,459.22,459.22,-0.01,32.55,15026.96,-1
2024-09-05,2024-09-05 14:43:00,459.22,459.22,459.19,459.19,-0.01,32.55,15026.96,-1
2024-09-05,2024-09-05 14:44:00,459.19,459.19,459.16,459.16,-0.01,32.55,15026.96,-1
2024-09-05,2024-09-05 14:45:00,459.16,459.16,459.13,459.13,-0.01,32.55,15026.96,-1
2024-09-05,2024-09-05 14:46:00,459.13,459.13,459.1,459.1,-0.01,32.55,15026.96,-1
2024-09-05,2024-09-05 14:47:00,459.1,459.1,459.06,459.06,-0.01,32.55,15026.96,-1
2024-09-05,2024-09-05 14:48:00,459.06,459.06,459.03,459.03,-0.01,32.55,15026.96,-1
2024-09-05,2024-09-05 14:49:00,459.03,459.03,459.0,459.0,-0.01,32.55,15026.96,-1
2024-09-05,2024-09-05 14:50:00,459.0,459.0,458.97,458.97,-0.01,32.55,15026.96,-1
2024-09-05,2024-09-05 14:51:00,458.97,458.97,458.94,458.94,-0.01,32.55,15026.96,-1
2024-09-05,2024-09-05 14:52:00,458.94,458.94,458.91,458.91,-0.01,32.55,15026.96,-1
2024-09-05,2024-09-05 14:53:00,458.91,458.91,458.88,458.88,-0.01,32.55,15026.96,-1
2024-09-05,2024-09-05 14:54:00,458.88,458.88,458.85,458.85,-0.01,32.55,15026.96,-1
2024-09-05,2024-09-05 14:55:00,458.85,458.85,458.82,458.82,-0.01,32.55,15026.96,-1
2024-09-05,2024-09-05 14:56:00,458.82,458.82,458.79,458.79,-0.01,32.55,15026.96,-1
2024-09-05,2024-09-05 14:57:00,458.79,458.79,458.76,458.76,-0.01,32.55,15026.96,-1
2024-09-05,2024-09-05 14:58:00,458.76,458.76,458.73,458.73,-0.01,32.55,15026.96,-1
2024-09-05,2024-09-05 14:59:00,458.73,458.73,458.7,458.7,-0.01,32.55,15026.96,-1
2024-09-05,2024-09-05 15:00:00,458.7,478.5,455.0,458.7,0.0,32.55,15026.96,0
2024-09-08,2024-09-08 11:00:00,450.0,455.7,450.0,450.04,0.01,38.36,17791.88,1
2024-09-08,2024-09-08 11:01:00,450.04,450.08,450.04,450.08,0.01,38.36,17791.88,1
2024-09-08,2024-09-08 11:02:00,450.08,450.12,450.08,450.12,0.01,38.36,17791.88,1
2024-09-08,2024-09-08 11:03:00,450.12,450.17,450.12,450.17,0.01,38.36,17791.88,1
2024-09-08,2024-09-08 11:04:00,450.17,450.21,450.17,450.21,0.01,38.36,17791.88,1
2024-09-08,2024-09-08 11:05:00,450.21,450.25,450.21,450.25,0.01,38.36,17791.88,1
2024-09-08,2024-09-08 11:06:00,450.25,450.29,450.25,450.29,0.01,38.36,17791.88,1
2024-09-08,2024-09-08 11:07:00,450.29,450.33,450.29,450.33,0.01,38.36,17791.88,1
2024-09-08,2024-09-08 11:08:00,450.33,450.38,450.33,450.38,0.01,38.36,17791.88,1
2024-09-08,2024-09-08 11:09:00,450.38,450.42,450.38,450.42,0.01,38.36,17791.88,1
2024-09-08,2024-09-08 11:10:00,450.42,450.46,450.42,450.46,0.01,38.36,17791.88,1
2024-09-08,2024-09-08 11:11:00,450.46,450.5,450.46,450.5,0.01,38.36,17791.88,1
2024-09-08,2024-09-08 11:12:00,450.5,450.54,450.5,450.54,0.01,38.36,17791.88,1
2024-09-08,2024-09-08 11:13:00,450.54,450.58,450.54,450.58,0.01,38.36,17791.88,1
2024-09-08,2024-09-08 11:14:00,450.58,450.62,450.58,450.62,0.01,38.36,17791.88,1
2024-09-08,2024-09-08 11:15:00,450.62,450.67,450.62,450.67,0.01,38.36,17791.88,1
2024-09-08,2024-09-08 11:16:00,450.67,450.71,450.67,450.71,0.01,38.36,17791.88,1
2024-09-08,2024-09-08 11:17:00,450.71,450.75,450.71,450.75,0.01,38.36,17791.88,1
2024-09-08,2024-09-08 11:18:00,450.75,450.79,450.75,450.79,0.01,38.36,17791.88,1
2024-09-08,2024-09-08 11:19:00,450.79,450.83,450.79,450.83,0.01,38.36,17791.88,1
2024-09-08,2024-09-08 11:20:00,450.83,450.88,450.83,450.88,0.01,38.36,17791.88,1
2024-09-08,2024-09-08 11:21:00,450.88,450.92,450.88,450.92,0.01,38.36,17791.88,1
2024-09-08,2024-09-08 11:22:00,450.92,450.96,450.92,450.96,0.01,38.36,17791.88,1
2024-09-08,2024-09-08 11:23:00,450.96,451.0,450.96,451.0,0.01,38.36,17791.88,1
2024-09-08,2024-09-08 11:24:00,451.0,451.04,451.0,451.04,0.01,38.36,17791.88,1
2024-09-08,2024-09-08 11:25:00,451.04,451.08,451.04,451.08,0.01,38.36,17791.88,1
2024-09-08,2024-09-08 11:26:00,451.08,451.12,451.08,451.12,0.01,38.36,17791.88,1
2024-09-08,2024-09-08 11:27:00,451.12,451.17,451.12,451.17,0.01,38.36,17791.88,1
2024-09-08,2024-09-08 11:28:00,451.17,451.21,451.17,451.21,0.01,38.36,17791.88,1
2024-09-08,2024-09-08 11:29:00,451.21,451.25,451.21,451.25,0.01,38.36,17791.88,1
2024-09-08,2024-09-08 11:30:00,451.25,451.29,451.25,451.29,0.01,38.36,17791.88,1
2024-09-08,2024-09-08 11:31:00,451.29,451.33,451.29,451.33,0.01,38.36,17791.88,1
2024-09-08,2024-09-08 11:32:00,451.33,451.38,451.33,451.38,0.01,38.36,17791.88,1
2024-09-08,2024-09-08 11:33:00,451.38,451.42,451.38,451.42,0.01,38.36,17791.88,1
2024-09-08,2024-09-08 11:34:00,451.42,451.46,451.42,451.46,0.01,38.36,17791.88,1
2024-09-08,2024-09-08 11:35:00,451.46,451.5,451.46,451.5,0.01,38.36,17791.88,1
2024-09-08,2024-09-08 11:36:00,451.5,451.54,451.5,451.54,0.01,38.36,17791.88,1
2024-09-08,2024-09-08 11:37:00,451.54,451.58,451.54,451.58,0.01,38.36,17791.88,1
2024-09-08,2024-09-08 11:38:00,451.58,451.62,451.58,451.62,0.01,38.36,17791.88,1
2024-09-08,2024-09-08 11:39:00,451.62,451.67,451.62,451.67,0.01,38.36,17791.88,1
2024-09-08,2024-09-08 11:40:00,451.67,451.71,451.67,451.71,0.01,38.36,17791.88,1
2024-09-08,2024-09-08 11:41:00,451.71,451.75,451.71,451.75,0.01,38.36,17791.88,1
2024-09-08,2024-09-08 11:42:00,451.75,451.79,451.75,451.79,0.01,38.36,17791.88,1
2024-09-08,2024-09-08 11:43:00,451.79,451.83,451.79,451.83,0.01,38.36,17791.88,1
2024-09-08,2024-09-08 11:44:00,451.83,451.88,451.83,451.88,0.01,38.36,17791.88,1
2024-09-08,2024-09-08 11:45:00,451.88,451.92,451.88,451.92,0.01,38.36,17791.88,1
2024-09-08,2024-09-08 11:46:00,451.92,451.96,451.92,451.96,0.01,38.36,17791.88,1
2024-09-08,2024-09-08 11:47:00,451.96,452.0,451.96,452.0,0.01,38.36,17791.88,1
2024-09-08,2024-09-08 11:48:00,452.0,452.04,452.0,452.04,0.01,38.36,17791.88,1
2024-09-08,2024-09-08 11:49:00,452.04,452.08,452.04,452.08,0.01,38.36,17791.88,1
2024-09-08,2024-09-08 11:50:00,452.08,452.12,452.08,452.12,0.01,38.36,17791.88,1
2024-09-08,2024-09-08 11:51:00,452.12,452.17,452.12,452.17,0.01,38.36,17791.88,1
2024-09-08,2024-09-08 11:52:00,452.17,452.21,452.17,452.21,0.01,38.36,17791.88,1
2024-09-08,2024-09-08 11:53:00,452.21,452.25,452.21,452.25,0.01,38.36,17791.88,1
2024-09-08,2024-09-08 11:54:00,452.25,452.29,452.25,452.29,0.01,38.36,17791.88,1
2024-09-08,2024-09-08 11:55:00,452.29,452.33,452.29,452.33,0.01,38.36,17791.88,1
2024-09-08,2024-09-08 11:56:00,452.33,452.38,452.33,452.38,0.01,38.36,17791.88,1
2024-09-08,2024-09-08 11:57:00,452.38,452.42,452.38,452.42,0.01,38.36,17791.88,1
2024-09-08,2024-09-08 11:58:00,452.42,452.46,452.42,452.46,0.01,38.36,17791.88,1
2024-09-08,2024-09-08 11:59:00,452.46,452.5,452.46,452.5,0.01,38.36,17791.88,1
2024-09-08,2024-09-08 12:00:00,452.5,452.54,452.5,452.54,0.01,38.36,17791.88,1
2024-09-08,2024-09-08 12:01:00,452.54,452.58,452.54,452.58,0.01,38.36,17791.88,1
2024-09-08,2024-09-08 12:02:00,452.58,452.62,452.58,452.62,0.01,38.36,17791.88,1
2024-09-08,2024-09-08 12:03:00,452.62,452.67,452.62,452.67,0.01,38.36,17791.88,1
2024-09-08,2024-09-08 12:04:00,452.67,452.71,452.67,452.71,0.01,38.36,17791.88,1
2024-09-08,2024-09-08 12:05:00,452.71,452.75,452.71,452.75,0.01,38.36,17791.88,1
2024-09-08,2024-09-08 12:06:00,452.75,452.79,452.75,452.79,0.01,38.36,17791.88,1
2024-09-08,2024-09-08 12:07:00,452.79,452.83,452.79,452.83,0.01,38.36,17791.88,1
2024-09-08,2024-09-08 12:08:00,452.83,452.88,452.83,452.88,0.01,38.36,17791.88,1
2024-09-08,2024-09-08 12:09:00,452.88,452.92,452.88,452.92,0.01,38.36,17791.88,1
2024-09-08,2024-09-08 12:10:00,452.92,452.96,452.92,452.96,0.01,38.36,17791.88,1
2024-09-08,2024-09-08 12:11:00,452.96,453.0,452.96,453.0,0.01,38.36,17791.88,1
2024-09-08,2024-09-08 12:12:00,453.0,453.04,453.0,453.04,0.01,38.36,17791.88,1
2024-09-08,2024-09-08 12:13:00,453.04,453.08,453.04,453.08,0.01,38.36,17791.88,1
2024-09-08,2024-09-08 12:14:00,453.08,453.12,453.08,453.12,0.01,38.36,17791.88,1
2024-09-08,2024-09-08 12:15:00,453.12,453.17,453.12,453.17,0.01,38.36,17791.88,1
2024-09-08,2024-09-08 12:16:00,453.17,453.21,453.17,453.21,0.01,38.36,17791.88,1
2024-09-08,2024-09-08 12:17:00,453.21,453.25,453.21,453.25,0.01,38.36,17791.88,1
2024-09-08,2024-09-08 12:18:00,453.25,453.29,453.25,453.29,0.01,38.36,17791.88,1
2024-09-08,2024-09-08 12:19:00,453.29,453.33,453.29,453.33,0.01,38.36,17791.88,1
2024-09-08,2024-09-08 12:20:00,453.33,453.38,453.33,453.38,0.01,38.36,17791.88,1
2024-09-08,2024-09-08 12:21:00,453.38,453.42,453.38,453.42,0.01,38.36,17791.88,1
2024-09-08,2024-09-08 12:22:00,453.42,453.46,453.42,453.46,0.01,38.36,17791.88,1
2024-09-08,2024-09-08 12:23:00,453.46,453.5,453.46,453.5,0.01,38.36,17791.88,1
2024-09-08,2024-09-08 12:24:00,453.5,453.54,453.5,453.54,0.01,38.36,17791.88,1
2024-09-08,2024-09-08 12:25:00,453.54,453.58,453.54,453.58,0.01,38.36,17791.88,1
2024-09-08,2024-09-08 12:26:00,453.58,453.62,453.58,453.62,0.01,38.36,17791.88,1
2024-09-08,2024-09-08 12:27:00,453.62,453.67,453.62,453.67,0.01,38.36,17791.88,1
2024-09-08,2024-09-08 12:28:00,453.67,453.71,453.67,453.71,0.01,38.36,17791.88,1
2024-09-08,2024-09-08 12:29:00,453.71,453.75,453.71,453.75,0.01,38.36,17791.88,1
2024-09-08,2024-09-08 12:30:00,453.75,453.79,453.75,453.79,0.01,38.36,17791.88,1
2024-09-08,2024-09-08 12:31:00,453.79,453.83,453.79,453.83,0.01,38.36,17791.88,1
2024-09-08,2024-09-08 12:32:00,453.83,453.88,453.83,453.88,0.01,38.36,17791.88,1
2024-09-08,2024-09-08 12:33:00,453.88,453.92,453.88,453.92,0.01,38.36,17791.88,1
2024-09-08,2024-09-08 12:34:00,453.92,453.96,453.92,453.96,0.01,38.36,17791.88,1
2024-09-08,2024-09-08 12:35:00,453.96,454.0,453.96,454.0,0.01,38.36,17791.88,1
2024-09-08,2024-09-08 12:36:00,454.0,454.04,454.0,454.04,0.01,38.36,17791.88,1
2024-09-08,2024-09-08 12:37:00,454.04,454.08,454.04,454.08,0.01,38.36,17791.88,1
2024-09-08,2024-09-08 12:38:00,454.08,454.12,454.08,454.12,0.01,38.36,17791.88,1
2024-09-08,2024-09-08 12:39:00,454.12,454.17,454.12,454.17,0.01,38.36,17791.88,1
2024-09-08,2024-09-08 12:40:00,454.17,454.21,454.17,454.21,0.01,38.36,17791.88,1
2024-09-08,2024-09-08 12:41:00,454.21,454.25,454.21,454.25,0.01,38.36,17791.88,1
2024-09-08,2024-09-08 12:42:00,454.25,454.29,454.25,454.29,0.01,38.36,17791.88,1
2024-09-08,2024-09-08 12:43:00,454.29,454.33,454.29,454.33,0.01,38.36,17791.88,1
2024-09-08,2024-09-08 12:44:00,454.33,454.38,454.33,454.38,0.01,38.36,17791.88,1
2024-09-08,2024-09-08 12:45:00,454.38,454.42,454.38,454.42,0.01,38.36,17791.88,1
2024-09-08,2024-09-08 12:46:00,454.42,454.46,454.42,454.46,0.01,38.36,17791.88,1
2024-09-08,2024-09-08 12:47:00,454.46,454.5,454.46,454.5,0.01,38.36,17791.88,1
2024-09-08,2024-09-08 12:48:00,454.5,454.54,454.5,454.54,0.01,38.36,17791.88,1
2024-09-08,2024-09-08 12:49:00,454.54,454.58,454.54,454.58,0.01,38.36,17791.88,1
2024-09-08,2024-09-08 12:50:00,454.58,454.62,454.58,454.62,0.01,38.36,17791.88,1
2024-09-08,2024-09-08 12:51:00,454.62,454.67,454.62,454.67,0.01,38.36,17791.88,1
2024-09-08,2024-09-08 12:52:00,454.67,454.71,454.67,454.71,0.01,38.36,17791.88,1
2024-09-08,2024-09-08 12:53:00,454.71,454.75,454.71,454.75,0.01,38.36,17791.88,1
2024-09-08,2024-09-08 12:54:00,454.75,454.79,454.75,454.79,0.01,38.36,17791.88,1
2024-09-08,2024-09-08 12:55:00,454.79,454.83,454.79,454.83,0.01,38.36,17791.88,1
2024-09-08,2024-09-08 12:56:00,454.83,454.88,454.83,454.88,0.01,38.36,17791.88,1
2024-09-08,2024-09-08 12:57:00,454.88,454.92,454.88,454.92,0.01,38.36,17791.88,1
2024-09-08,2024-09-08 12:58:00,454.92,454.96,454.92,454.96,0.01,38.36,17791.88,1
2024-09-08,2024-09-08 12:59:00,454.96,455.0,454.96,455.0,0.01,38.36,17791.88,1
2024-09-08,2024-09-08 13:00:00,455.0,469.0,450.0,455.04,0.01,38.36,17791.88,1
2024-09-08,2024-09-08 13:01:00,455.04,455.08,455.04,455.08,0.01,38.36,17791.88,1
2024-09-08,2024-09-08 13:02:00,455.08,455.12,455.08,455.12,0.01,38.36,17791.88,1
2024-09-08,2024-09-08 13:03:00,455.12,455.17,455.12,455.17,0.01,38.36,17791.88,1
2024-09-08,2024-09-08 13:04:00,455.17,455.21,455.17,455.21,0.01,38.36,17791.88,1
2024-09-08,2024-09-08 13:05:00,455.21,455.25,455.21,455.25,0.01,38.36,17791.88,1
2024-09-08,2024-09-08 13:06:00,455.25,455.29,455.25,455.29,0.01,38.36,17791.88,1
2024-09-08,2024-09-08 13:07:00,455.29,455.33,455.29,455.33,0.01,38.36,17791.88,1
2024-09-08,2024-09-08 13:08:00,455.33,455.38,455.33,455.38,0.01,38.36,17791.88,1
2024-09-08,2024-09-08 13:09:00,455.38,455.42,455.38,455.42,0.01,38.36,17791.88,1
2024-09-08,2024-09-08 13:10:00,455.42,455.46,455.42,455.46,0.01,38.36,17791.88,1
2024-09-08,2024-09-08 13:11:00,455.46,455.5,455.46,455.5,0.01,38.36,17791.88,1
2024-09-08,2024-09-08 13:12:00,455.5,455.54,455.5,455.54,0.01,38.36,17791.88,1
2024-09-08,2024-09-08 13:13:00,455.54,455.58,455.54,455.58,0.01,38.36,17791.88,1
2024-09-08,2024-09-08 13:14:00,455.58,455.62,455.58,455.62,0.01,38.36,17791.88,1
2024-09-08,2024-09-08 13:15:00,455.62,455.67,455.62,455.67,0.01,38.36,17791.88,1
2024-09-08,2024-09-08 13:16:00,455.67,455.71,455.67,455.71,0.01,38.36,17791.88,1
2024-09-08,2024-09-08 13:17:00,455.71,455.75,455.71,455.75,0.01,38.36,17791.88,1
2024-09-08,2024-09-08 13:18:00,455.75,455.79,455.75,455.79,0.01,38.36,17791.88,1
2024-09-08,2024-09-08 13:19:00,455.79,455.83,455.79,455.83,0.01,38.36,17791.88,1
2024-09-08,2024-09-08 13:20:00,455.83,455.88,455.83,455.88,0.01,38.36,17791.88,1
2024-09-08,2024-09-08 13:21:00,455.88,455.92,455.88,455.92,0.01,38.36,17791.88,1
2024-09-08,2024-09-08 13:22:00,455.92,455.96,455.92,455.96,0.01,38.36,17791.88,1
2024-09-08,2024-09-08 13:23:00,455.96,456.0,455.96,456.0,0.01,38.36,17791.88,1
2024-09-08,2024-09-08 13:24:00,456.0,456.04,456.0,456.04,0.01,38.36,17791.88,1
2024-09-08,2024-09-08 13:25:00,456.04,456.08,456.04,456.08,0.01,38.36,17791.88,1
2024-09-08,2024-09-08 13:26:00,456.08,456.12,456.08,456.12,0.01,38.36,17791.88,1
2024-09-08,2024-09-08 13:27:00,456.12,456.17,456.12,456.17,0.01,38.36,17791.88,1
2024-09-08,2024-09-08 13:28:00,456.17,456.21,456.17,456.21,0.01,38.36,17791.88,1
2024-09-08,2024-09-08 13:29:00,456.21,456.25,456.21,456.25,0.01,38.36,17791.88,1
2024-09-08,2024-09-08 13:30:00,456.25,456.29,456.25,456.29,0.01,38.36,17791.88,1
2024-09-08,2024-09-08 13:31:00,456.29,456.33,456.29,456.33,0.01,38.36,17791.88,1
2024-09-08,2024-09-08 13:32:00,456.33,456.38,456.33,456.38,0.01,38.36,17791.88,1
2024-09-08,2024-09-08 13:33:00,456.38,456.42,456.38,456.42,0.01,38.36,17791.88,1
2024-09-08,2024-09-08 13:34:00,456.42,456.46,456.42,456.46,0.01,38.36,17791.88,1
2024-09-08,2024-09-08 13:35:00,456.46,456.5,456.46,456.5,0.01,38.36,17791.88,1
2024-09-08,2024-09-08 13:36:00,456.5,456.54,456.5,456.54,0.01,38.36,17791.88,1
2024-09-08,2024-09-08 13:37:00,456.54,456.58,456.54,456.58,0.01,38.36,17791.88,1
2024-09-08,2024-09-08 13:38:00,456.58,456.62,456.58,456.62,0.01,38.36,17791.88,1
2024-09-08,2024-09-08 13:39:00,456.62,456.67,456.62,456.67,0.01,38.36,17791.88,1
2024-09-08,2024-09-08 13:40:00,456.67,456.71,456.67,456.71,0.01,38.36,17791.88,1
2024-09-08,2024-09-08 13:41:00,456.71,456.75,456.71,456.75,0.01,38.36,17791.88,1
2024-09-08,2024-09-08 13:42:00,456.75,456.79,456.75,456.79,0.01,38.36,17791.88,1
2024-09-08,2024-09-08 13:43:00,456.79,456.83,456.79,456.83,0.01,38.36,17791.88,1
2024-09-08,2024-09-08 13:44:00,456.83,456.88,456.83,456.88,0.01,38.36,17791.88,1
2024-09-08,2024-09-08 13:45:00,456.88,456.92,456.88,456.92,0.01,38.36,17791.88,1
2024-09-08,2024-09-08 13:46:00,456.92,456.96,456.92,456.96,0.01,38.36,17791.88,1
2024-09-08,2024-09-08 13:47:00,456.96,457.0,456.96,457.0,0.01,38.36,17791.88,1
2024-09-08,2024-09-08 13:48:00,457.0,457.04,457.0,457.04,0.01,38.36,17791.88,1
2024-09-08,2024-09-08 13:49:00,457.04,457.08,457.04,457.08,0.01,38.36,17791.88,1
2024-09-08,2024-09-08 13:50:00,457.08,457.12,457.08,457.12,0.01,38.36,17791.88,1
2024-09-08,2024-09-08 13:51:00,457.12,457.17,457.12,457.17,0.01,38.36,17791.88,1
2024-09-08,2024-09-08 13:52:00,457.17,457.21,457.17,457.21,0.01,38.36,17791.88,1
2024-09-08,2024-09-08 13:53:00,457.21,457.25,457.21,457.25,0.01,38.36,17791.88,1
2024-09-08,2024-09-08 13:54:00,457.25,457.29,457.25,457.29,0.01,38.36,17791.88,1
2024-09-08,2024-09-08 13:55:00,457.29,457.33,457.29,457.33,0.01,38.36,17791.88,1
2024-09-08,2024-09-08 13:56:00,457.33,457.38,457.33,457.38,0.01,38.36,17791.88,1
2024-09-08,2024-09-08 13:57:00,457.38,457.42,457.38,457.42,0.01,38.36,17791.88,1
2024-09-08,2024-09-08 13:58:00,457.42,457.46,457.42,457.46,0.01,38.36,17791.88,1
2024-09-08,2024-09-08 13:59:00,457.46,457.5,457.46,457.5,0.01,38.36,17791.88,1
2024-09-08,2024-09-08 14:00:00,457.5,457.54,457.5,457.54,0.01,38.36,17791.88,1
2024-09-08,2024-09-08 14:01:00,457.54,457.58,457.54,457.58,0.01,38.36,17791.88,1
2024-09-08,2024-09-08 14:02:00,457.58,457.62,457.58,457.62,0.01,38.36,17791.88,1
2024-09-08,2024-09-08 14:03:00,457.62,457.67,457.62,457.67,0.01,38.36,17791.88,1
2024-09-08,2024-09-08 14:04:00,457.67,457.71,457.67,457.71,0.01,38.36,17791.88,1
2024-09-08,2024-09-08 14:05:00,457.71,457.75,457.71,457.75,0.01,38.36,17791.88,1
2024-09-08,2024-09-08 14:06:00,457.75,457.79,457.75,457.79,0.01,38.36,17791.88,1
2024-09-08,2024-09-08 14:07:00,457.79,457.83,457.79,457.83,0.01,38.36,17791.88,1
2024-09-08,2024-09-08 14:08:00,457.83,457.88,457.83,457.88,0.01,38.36,17791.88,1
2024-09-08,2024-09-08 14:09:00,457.88,457.92,457.88,457.92,0.01,38.36,17791.88,1
2024-09-08,2024-09-08 14:10:00,457.92,457.96,457.92,457.96,0.01,38.36,17791.88,1
2024-09-08,2024-09-08 14:11:00,457.96,458.0,457.96,458.0,0.01,38.36,17791.88,1
2024-09-08,2024-09-08 14:12:00,458.0,458.04,458.0,458.04,0.01,38.36,17791.88,1
2024-09-08,2024-09-08 14:13:00,458.04,458.08,458.04,458.08,0.01,38.36,17791.88,1
2024-09-08,2024-09-08 14:14:00,458.08,458.12,458.08,458.12,0.01,38.36,17791.88,1
2024-09-08,2024-09-08 14:15:00,458.12,458.17,458.12,458.17,0.01,38.36,17791.88,1
2024-09-08,2024-09-08 14:16:00,458.17,458.21,458.17,458.21,0.01,38.36,17791.88,1
2024-09-08,2024-09-08 14:17:00,458.21,458.25,458.21,458.25,0.01,38.36,17791.88,1
2024-09-08,2024-09-08 14:18:00,458.25,458.29,458.25,458.29,0.01,38.36,17791.88,1
2024-09-08,2024-09-08 14:19:00,458.29,458.33,458.29,458.33,0.01,38.36,17791.88,1
2024-09-08,2024-09-08 14:20:00,458.33,458.38,458.33,458.38,0.01,38.36,17791.88,1
2024-09-08,2024-09-08 14:21:00,458.38,458.42,458.38,458.42,0.01,38.36,17791.88,1
2024-09-08,2024-09-08 14:22:00,458.42,458.46,458.42,458.46,0.01,38.36,17791.88,1
2024-09-08,2024-09-08 14:23:00,458.46,458.5,458.46,458.5,0.01,38.36,17791.88,1
2024-09-08,2024-09-08 14:24:00,458.5,458.54,458.5,458.54,0.01,38.36,17791.88,1
2024-09-08,2024-09-08 14:25:00,458.54,458.58,458.54,458.58,0.01,38.36,17791.88,1
2024-09-08,2024-09-08 14:26:00,458.58,458.62,458.58,458.62,0.01,38.36,17791.88,1
2024-09-08,2024-09-08 14:27:00,458.62,458.67,458.62,458.67,0.01,38.36,17791.88,1
2024-09-08,2024-09-08 14:28:00,458.67,458.71,458.67,458.71,0.01,38.36,17791.88,1
2024-09-08,2024-09-08 14:29:00,458.71,458.75,458.71,458.75,0.01,38.36,17791.88,1
2024-09-08,2024-09-08 14:30:00,458.75,458.79,458.75,458.79,0.01,38.36,17791.88,1
2024-09-08,2024-09-08 14:31:00,458.79,458.83,458.79,458.83,0.01,38.36,17791.88,1
2024-09-08,2024-09-08 14:32:00,458.83,458.88,458.83,458.88,0.01,38.36,17791.88,1
2024-09-08,2024-09-08 14:33:00,458.88,458.92,458.88,458.92,0.01,38.36,17791.88,1
2024-09-08,2024-09-08 14:34:00,458.92,458.96,458.92,458.96,0.01,38.36,17791.88,1
2024-09-08,2024-09-08 14:35:00,458.96,459.0,458.96,459.0,0.01,38.36,17791.88,1
2024-09-08,2024-09-08 14:36:00,459.0,459.04,459.0,459.04,0.01,38.36,17791.88,1
2024-09-08,2024-09-08 14:37:00,459.04,459.08,459.04,459.08,0.01,38.36,17791.88,1
2024-09-08,2024-09-08 14:38:00,459.08,459.12,459.08,459.12,0.01,38.36,17791.88,1
2024-09-08,2024-09-08 14:39:00,459.12,459.17,459.12,459.17,0.01,38.36,17791.88,1
2024-09-08,2024-09-08 14:40:00,459.17,459.21,459.17,459.21,0.01,38.36,17791.88,1
2024-09-08,2024-09-08 14:41:00,459.21,459.25,459.21,459.25,0.01,38.36,17791.88,1
2024-09-08,2024-09-08 14:42:00,459.25,459.29,459.25,459.29,0.01,38.36,17791.88,1
2024-09-08,2024-09-08 14:43:00,459.29,459.33,459.29,459.33,0.01,38.36,17791.88,1
2024-09-08,2024-09-08 14:44:00,459.33,459.38,459.33,459.38,0.01,38.36,17791.88,1
2024-09-08,2024-09-08 14:45:00,459.38,459.42,459.38,459.42,0.01,38.36,17791.88,1
2024-09-08,2024-09-08 14:46:00,459.42,459.46,459.42,459.46,0.01,38.36,17791.88,1
2024-09-08,2024-09-08 14:47:00,459.46,459.5,459.46,459.5,0.01,38.36,17791.88,1
2024-09-08,2024-09-08 14:48:00,459.5,459.54,459.5,459.54,0.01,38.36,17791.88,1
2024-09-08,2024-09-08 14:49:00,459.54,459.58,459.54,459.58,0.01,38.36,17791.88,1
2024-09-08,2024-09-08 14:50:00,459.58,459.62,459.58,459.62,0.01,38.36,17791.88,1
2024-09-08,2024-09-08 14:51:00,459.62,459.67,459.62,459.67,0.01,38.36,17791.88,1
2024-09-08,2024-09-08 14:52:00,459.67,459.71,459.67,459.71,0.01,38.36,17791.88,1
2024-09-08,2024-09-08 14:53:00,459.71,459.75,459.71,459.75,0.01,38.36,17791.88,1
2024-09-08,2024-09-08 14:54:00,459.75,459.79,459.75,459.79,0.01,38.36,17791.88,1
2024-09-08,2024-09-08 14:55:00,459.79,459.83,459.79,459.83,0.01,38.36,17791.88,1
2024-09-08,2024-09-08 14:56:00,459.83,459.88,459.83,459.88,0.01,38.36,17791.88,1
2024-09-08,2024-09-08 14:57:00,459.88,459.92,459.88,459.92,0.01,38.36,17791.88,1
2024-09-08,2024-09-08 14:58:00,459.92,459.96,459.92,459.96,0.01,38.36,17791.88,1
2024-09-08,2024-09-08 14:59:00,459.96,460.0,459.96,460.0,0.01,38.36,17791.88,1
2024-09-08,2024-09-08 15:00:00,460.0,469.0,450.0,460.0,0.0,38.36,17791.88,0
2024-09-09,2024-09-09 11:00:00,452.2,455.74,450.7,452.2,0.0,50.75,23138.67,0
2024-09-09,2024-09-09 11:01:00,452.2,452.2,452.2,452.2,0.0,50.75,23138.67,0
2024-09-09,2024-09-09 11:02:00,452.2,452.2,452.2,452.2,0.0,50.75,23138.67,0
2024-09-09,2024-09-09 11:03:00,452.2,452.2,452.2,452.2,0.0,50.75,23138.67,0
2024-09-09,2024-09-09 11:04:00,452.2,452.2,452.2,452.2,0.0,50.75,23138.67,0
2024-09-09,2024-09-09 11:05:00,452.2,452.2,452.2,452.2,0.0,50.75,23138.67,0
2024-09-09,2024-09-09 11:06:00,452.2,452.2,452.2,452.2,0.0,50.75,23138.67,0
2024-09-09,2024-09-09 11:07:00,452.2,452.2,452.2,452.2,0.0,50.75,23138.67,0
2024-09-09,2024-09-09 11:08:00,452.2,452.2,452.2,452.2,0.0,50.75,23138.67,0
2024-09-09,2024-09-09 11:09:00,452.2,452.2,452.2,452.2,0.0,50.75,23138.67,0
2024-09-09,2024-09-09 11:10:00,452.2,452.2,452.2,452.2,0.0,50.75,23138.67,0
2024-09-09,2024-09-09 11:11:00,452.2,452.2,452.19,452.19,-0.0,50.75,23138.67,-1
2024-09-09,2024-09-09 11:12:00,452.19,452.19,452.19,452.19,0.0,50.75,23138.67,0
2024-09-09,2024-09-09 11:13:00,452.19,452.19,452.19,452.19,0.0,50.75,23138.67,0
2024-09-09,2024-09-09 11:14:00,452.19,452.19,452.19,452.19,0.0,50.75,23138.67,0
2024-09-09,2024-09-09 11:15:00,452.19,452.19,452.19,452.19,0.0,50.75,23138.67,0
2024-09-09,2024-09-09 11:16:00,452.19,452.19,452.19,452.19,0.0,50.75,23138.67,0
2024-09-09,2024-09-09 11:17:00,452.19,452.19,452.19,452.19,0.0,50.75,23138.67,0
2024-09-09,2024-09-09 11:18:00,452.19,452.19,452.19,452.19,0.0,50.75,23138.67,0
2024-09-09,2024-09-09 11:19:00,452.19,452.19,452.19,452.19,0.0,50.75,23138.67,0
2024-09-09,2024-09-09 11:20:00,452.19,452.19,452.19,452.19,0.0,50.75,23138.67,0
2024-09-09,2024-09-09 11:21:00,452.19,452.19,452.19,452.19,0.0,50.75,23138.67,0
2024-09-09,2024-09-09 11:22:00,452.19,452.19,452.19,452.19,0.0,50.75,23138.67,0
2024-09-09,2024-09-09 11:23:00,452.19,452.19,452.19,452.19,0.0,50.75,23138.67,0
2024-09-09,2024-09-09 11:24:00,452.19,452.19,452.19,452.19,0.0,50.75,23138.67,0
2024-09-09,2024-09-09 11:25:00,452.19,452.19,452.19,452.19,0.0,50.75,23138.67,0
2024-09-09,2024-09-09 11:26:00,452.19,452.19,452.19,452.19,0.0,50.75,23138.67,0
2024-09-09,2024-09-09 11:27:00,452.19,452.19,452.19,452.19,0.0,50.75,23138.67,0
2024-09-09,2024-09-09 11:28:00,452.19,452.19,452.19,452.19,0.0,50.75,23138.67,0
2024-09-09,2024-09-09 11:29:00,452.19,452.19,452.19,452.19,0.0,50.75,23138.67,0
2024-09-09,2024-09-09 11:30:00,452.19,452.19,452.19,452.19,0.0,50.75,23138.67,0
2024-09-09,2024-09-09 11:31:00,452.19,452.19,452.19,452.19,0.0,50.75,23138.67,0
2024-09-09,2024-09-09 11:32:00,452.19,452.19,452.19,452.19,0.0,50.75,23138.67,0
2024-09-09,2024-09-09 11:33:00,452.19,452.19,452.19,452.19,0.0,50.75,23138.67,0
2024-09-09,2024-09-09 11:34:00,452.19,452.19,452.19,452.19,0.0,50.75,23138.67,0
2024-09-09,2024-09-09 11:35:00,452.19,452.19,452.19,452.19,0.0,50.75,23138.67,0
2024-09-09,2024-09-09 11:36:00,452.19,452.19,452.18,452.18,-0.0,50.75,23138.67,-1
2024-09-09,2024-09-09 11:37:00,452.18,452.18,452.18,452.18,0.0,50.75,23138.67,0
2024-09-09,2024-09-09 11:38:00,452.18,452.18,452.18,452.18,0.0,50.75,23138.67,0
2024-09-09,2024-09-09 11:39:00,452.18,452.18,452.18,452.18,0.0,50.75,23138.67,0
2024-09-09,2024-09-09 11:40:00,452.18,452.18,452.18,452.18,0.0,50.75,23138.67,0
2024-09-09,2024-09-09 11:41:00,452.18,452.18,452.18,452.18,0.0,50.75,23138.67,0
2024-09-09,2024-09-09 11:42:00,452.18,452.18,452.18,452.18,0.0,50.75,23138.67,0
2024-09-09,2024-09-09 11:43:00,452.18,452.18,452.18,452.18,0.0,50.75,23138.67,0
2024-09-09,2024-09-09 11:44:00,452.18,452.18,452.18,452.18,0.0,50.75,23138.67,0
2024-09-09,2024-09-09 11:45:00,452.18,452.18,452.18,452.18,0.0,50.75,23138.67,0
2024-09-09,2024-09-09 11:46:00,452.18,452.18,452.18,452.18,0.0,50.75,23138.67,0
2024-09-09,2024-09-09 11:47:00,452.18,452.18,452.18,452.18,0.0,50.75,23138.67,0
2024-09-09,2024-09-09 11:48:00,452.18,452.18,452.18,452.18,0.0,50.75,23138.67,0
2024-09-09,2024-09-09 11:49:00,452.18,452.18,452.18,452.18,0.0,50.75,23138.67,0
2024-09-09,2024-09-09 11:50:00,452.18,452.18,452.18,452.18,0.0,50.75,23138.67,0
2024-09-09,2024-09-09 11:51:00,452.18,452.18,452.18,452.18,0.0,50.75,23138.67,0
2024-09-09,2024-09-09 11:52:00,452.18,452.18,452.18,452.18,0.0,50.75,23138.67,0
2024-09-09,2024-09-09 11:53:00,452.18,452.18,452.18,452.18,0.0,50.75,23138.67,0
2024-09-09,2024-09-09 11:54:00,452.18,452.18,452.18,452.18,0.0,50.75,23138.67,0
2024-09-09,2024-09-09 11:55:00,452.18,452.18,452.18,452.18,0.0,50.75,23138.67,0
2024-09-09,2024-09-09 11:56:00,452.18,452.18,452.18,452.18,0.0,50.75,23138.67,0
2024-09-09,2024-09-09 11:57:00,452.18,452.18,452.18,452.18,0.0,50.75,23138.67,0
2024-09-09,2024-09-09 11:58:00,452.18,452.18,452.18,452.18,0.0,50.75,23138.67,0
2024-09-09,2024-09-09 11:59:00,452.18,452.18,452.18,452.18,0.0,50.75,23138.67,0
2024-09-09,2024-09-09 12:00:00,452.18,452.18,452.17,452.17,-0.0,50.75,23138.67,-1
2024-09-09,2024-09-09 12:01:00,452.17,452.17,452.17,452.17,0.0,50.75,23138.67,0
2024-09-09,2024-09-09 12:02:00,452.17,452.17,452.17,452.17,0.0,50.75,23138.67,0
2024-09-09,2024-09-09 12:03:00,452.17,452.17,452.17,452.17,0.0,50.75,23138.67,0
2024-09-09,2024-09-09 12:04:00,452.17,452.17,452.17,452.17,0.0,50.75,23138.67,0
2024-09-09,2024-09-09 12:05:00,452.17,452.17,452.17,452.17,0.0,50.75,23138.67,0
2024-09-09,2024-09-09 12:06:00,452.17,452.17,452.17,452.17,0.0,50.75,23138.67,0
2024-09-09,2024-09-09 12:07:00,452.17,452.17,452.17,452.17,0.0,50.75,23138.67,0
2024-09-09,2024-09-09 12:08:00,452.17,452.17,452.17,452.17,0.0,50.75,23138.67,0
2024-09-09,2024-09-09 12:09:00,452.17,452.17,452.17,452.17,0.0,50.75,23138.67,0
2024-09-09,2024-09-09 12:10:00,452.17,452.17,452.17,452.17,0.0,50.75,23138.67,0
2024-09-09,2024-09-09 12:11:00,452.17,452.17,452.17,452.17,0.0,50.75,23138.67,0
2024-09-09,2024-09-09 12:12:00,452.17,452.17,452.17,452.17,0.0,50.75,23138.67,0
2024-09-09,2024-09-09 12:13:00,452.17,452.17,452.17,452.17,0.0,50.75,23138.67,0
2024-09-09,2024-09-09 12:14:00,452.17,452.17,452.17,452.17,0.0,50.75,23138.67,0
2024-09-09,2024-09-09 12:15:00,452.17,452.17,452.17,452.17,0.0,50.75,23138.67,0
2024-09-09,2024-09-09 12:16:00,452.17,452.17,452.17,452.17,0.0,50.75,23138.67,0
2024-09-09,2024-09-09 12:17:00,452.17,452.17,452.17,452.17,0.0,50.75,23138.67,0
2024-09-09,2024-09-09 12:18:00,452.17,452.17,452.17,452.17,0.0,50.75,23138.67,0
2024-09-09,2024-09-09 12:19:00,452.17,452.17,452.17,452.17,0.0,50.75,23138.67,0
2024-09-09,2024-09-09 12:20:00,452.17,452.17,452.17,452.17,0.0,50.75,23138.67,0
2024-09-09,2024-09-09 12:21:00,452.17,452.17,452.17,452.17,0.0,50.75,23138.67,0
2024-09-09,2024-09-09 12:22:00,452.17,452.17,452.17,452.17,0.0,50.75,23138.67,0
2024-09-09,2024-09-09 12:23:00,452.17,452.17,452.17,452.17,0.0,50.75,23138.67,0
2024-09-09,2024-09-09 12:24:00,452.17,452.17,452.16,452.16,-0.0,50.75,23138.67,-1
2024-09-09,2024-09-09 12:25:00,452.16,452.16,452.16,452.16,0.0,50.75,23138.67,0
2024-09-09,2024-09-09 12:26:00,452.16,452.16,452.16,452.16,0.0,50.75,23138.67,0
2024-09-09,2024-09-09 12:27:00,452.16,452.16,452.16,452.16,0.0,50.75,23138.67,0
2024-09-09,2024-09-09 12:28:00,452.16,452.16,452.16,452.16,0.0,50.75,23138.67,0
2024-09-09,2024-09-09 12:29:00,452.16,452.16,452.16,452.16,0.0,50.75,23138.67,0
2024-09-09,2024-09-09 12:30:00,452.16,452.16,452.16,452.16,0.0,50.75,23138.67,0
2024-09-09,2024-09-09 12:31:00,452.16,452.16,452.16,452.16,0.0,50.75,23138.67,0
2024-09-09,2024-09-09 12:32:00,452.16,452.16,452.16,452.16,0.0,50.75,23138.67,0
2024-09-09,2024-09-09 12:33:00,452.16,452.16,452.16,452.16,0.0,50.75,23138.67,0
2024-09-09,2024-09-09 12:34:00,452.16,452.16,452.16,452.16,0.0,50.75,23138.67,0
2024-09-09,2024-09-09 12:35:00,452.16,452.16,452.16,452.16,0.0,50.75,23138.67,0
2024-09-09,2024-09-09 12:36:00,452.16,452.16,452.16,452.16,0.0,50.75,23138.67,0
2024-09-09,2024-09-09 12:37:00,452.16,452.16,452.16,452.16,0.0,50.75,23138.67,0
2024-09-09,2024-09-09 12:38:00,452.16,452.16,452.16,452.16,0.0,50.75,23138.67,0
2024-09-09,2024-09-09 12:39:00,452.16,452.16,452.16,452.16,0.0,50.75,23138.67,0
2024-09-09,2024-09-09 12:40:00,452.16,452.16,452.16,452.16,0.0,50.75,23138.67,0
2024-09-09,2024-09-09 12:41:00,452.16,452.16,452.16,452.16,0.0,50.75,23138.67,0
2024-09-09,2024-09-09 12:42:00,452.16,452.16,452.16,452.16,0.0,50.75,23138.67,0
2024-09-09,2024-09-09 12:43:00,452.16,452.16,452.16,452.16,0.0,50.75,23138.67,0
2024-09-09,2024-09-09 12:44:00,452.16,452.16,452.16,452.16,0.0,50.75,23138.67,0
2024-09-09,2024-09-09 12:45:00,452.16,452.16,452.16,452.16,0.0,50.75,23138.67,0
2024-09-09,2024-09-09 12:46:00,452.16,452.16,452.16,452.16,0.0,50.75,23138.67,0
2024-09-09,2024-09-09 12:47:00,452.16,452.16,452.16,452.16,0.0,50.75,23138.67,0
2024-09-09,2024-09-09 12:48:00,452.16,452.16,452.15,452.15,-0.0,50.75,23138.67,-1
2024-09-09,2024-09-09 12:49:00,452.15,452.15,452.15,452.15,0.0,50.75,23138.67,0
2024-09-09,2024-09-09 12:50:00,452.15,452.15,452.15,452.15,0.0,50.75,23138.67,0
2024-09-09,2024-09-09 12:51:00,452.15,452.15,452.15,452.15,0.0,50.75,23138.67,0
2024-09-09,2024-09-09 12:52:00,452.15,452.15,452.15,452.15,0.0,50.75,23138.67,0
2024-09-09,2024-09-09 12:53:00,452.15,452.15,452.15,452.15,0.0,50.75,23138.67,0
2024-09-09,2024-09-09 12:54:00,452.15,452.15,452.15,452.15,0.0,50.75,23138.67,0
2024-09-09,2024-09-09 12:55:00,452.15,452.15,452.15,452.15,0.0,50.75,23138.67,0
2024-09-09,2024-09-09 12:56:00,452.15,452.15,452.15,452.15,0.0,50.75,23138.67,0
2024-09-09,2024-09-09 12:57:00,452.15,452.15,452.15,452.15,0.0,50.75,23138.67,0
2024-09-09,2024-09-09 12:58:00,452.15,452.15,452.15,452.15,0.0,50.75,23138.67,0
2024-09-09,2024-09-09 12:59:00,452.15,452.15,452.15,452.15,0.0,50.75,23138.67,0
2024-09-09,2024-09-09 13:00:00,452.15,464.0,447.2,452.15,0.0,50.75,23138.67,0
2024-09-09,2024-09-09 13:01:00,452.15,452.15,452.15,452.15,0.0,50.75,23138.67,0
2024-09-09,2024-09-09 13:02:00,452.15,452.15,452.15,452.15,0.0,50.75,23138.67,0
2024-09-09,2024-09-09 13:03:00,452.15,452.15,452.15,452.15,0.0,50.75,23138.67,0
2024-09-09,2024-09-09 13:04:00,452.15,452.15,452.15,452.15,0.0,50.75,23138.67,0
2024-09-09,2024-09-09 13:05:00,452.15,452.15,452.15,452.15,0.0,50.75,23138.67,0
2024-09-09,2024-09-09 13:06:00,452.15,452.15,452.15,452.15,0.0,50.75,23138.67,0
2024-09-09,2024-09-09 13:07:00,452.15,452.15,452.15,452.15,0.0,50.75,23138.67,0
2024-09-09,2024-09-09 13:08:00,452.15,452.15,452.15,452.15,0.0,50.75,23138.67,0
2024-09-09,2024-09-09 13:09:00,452.15,452.15,452.15,452.15,0.0,50.75,23138.67,0
2024-09-09,2024-09-09 13:10:00,452.15,452.15,452.15,452.15,0.0,50.75,23138.67,0
2024-09-09,2024-09-09 13:11:00,452.15,452.15,452.14,452.14,-0.0,50.75,23138.67,-1
2024-09-09,2024-09-09 13:12:00,452.14,452.14,452.14,452.14,0.0,50.75,23138.67,0
2024-09-09,2024-09-09 13:13:00,452.14,452.14,452.14,452.14,0.0,50.75,23138.67,0
2024-09-09,2024-09-09 13:14:00,452.14,452.14,452.14,452.14,0.0,50.75,23138.67,0
2024-09-09,2024-09-09 13:15:00,452.14,452.14,452.14,452.14,0.0,50.75,23138.67,0
2024-09-09,2024-09-09 13:16:00,452.14,452.14,452.14,452.14,0.0,50.75,23138.67,0
2024-09-09,2024-09-09 13:17:00,452.14,452.14,452.14,452.14,0.0,50.75,23138.67,0
2024-09-09,2024-09-09 13:18:00,452.14,452.14,452.14,452.14,0.0,50.75,23138.67,0
2024-09-09,2024-09-09 13:19:00,452.14,452.14,452.14,452.14,0.0,50.75,23138.67,0
2024-09-09,2024-09-09 13:20:00,452.14,452.14,452.14,452.14,0.0,50.75,23138.67,0
2024-09-09,2024-09-09 13:21:00,452.14,452.14,452.14,452.14,0.0,50.75,23138.67,0
2024-09-09,2024-09-09 13:22:00,452.14,452.14,452.14,452.14,0.0,50.75,23138.67,0
2024-09-09,2024-09-09 13:23:00,452.14,452.14,452.14,452.14,0.0,50.75,23138.67,0
2024-09-09,2024-09-09 13:24:00,452.14,452.14,452.14,452.14,0.0,50.75,23138.67,0
2024-09-09,2024-09-09 13:25:00,452.14,452.14,452.14,452.14,0.0,50.75,23138.67,0
2024-09-09,2024-09-09 13:26:00,452.14,452.14,452.14,452.14,0.0,50.75,23138.67,0
2024-09-09,2024-09-09 13:27:00,452.14,452.14,452.14,452.14,0.0,50.75,23138.67,0
2024-09-09,2024-09-09 13:28:00,452.14,452.14,452.14,452.14,0.0,50.75,23138.67,0
2024-09-09,2024-09-09 13:29:00,452.14,452.14,452.14,452.14,0.0,50.75,23138.67,0
2024-09-09,2024-09-09 13:30:00,452.14,452.14,452.14,452.14,0.0,50.75,23138.67,0
2024-09-09,2024-09-09 13:31:00,452.14,452.14,452.14,452.14,0.0,50.75,23138.67,0
2024-09-09,2024-09-09 13:32:00,452.14,452.14,452.14,452.14,0.0,50.75,23138.67,0
2024-09-09,2024-09-09 13:33:00,452.14,452.14,452.14,452.14,0.0,50.75,23138.67,0
2024-09-09,2024-09-09 13:34:00,452.14,452.14,452.14,452.14,0.0,50.75,23138.67,0
2024-09-09,2024-09-09 13:35:00,452.14,452.14,452.13,452.13,-0.0,50.75,23138.67,-1
2024-09-09,2024-09-09 13:36:00,452.13,452.13,452.13,452.13,0.0,50.75,23138.67,0
2024-09-09,2024-09-09 13:37:00,452.13,452.13,452.13,452.13,0.0,50.75,23138.67,0
2024-09-09,2024-09-09 13:38:00,452.13,452.13,452.13,452.13,0.0,50.75,23138.67,0
2024-09-09,2024-09-09 13:39:00,452.13,452.13,452.13,452.13,0.0,50.75,23138.67,0
2024-09-09,2024-09-09 13:40:00,452.13,452.13,452.13,452.13,0.0,50.75,23138.67,0
2024-09-09,2024-09-09 13:41:00,452.13,452.13,452.13,452.13,0.0,50.75,23138.67,0
2024-09-09,2024-09-09 13:42:00,452.13,452.13,452.13,452.13,0.0,50.75,23138.67,0
2024-09-09,2024-09-09 13:43:00,452.13,452.13,452.13,452.13,0.0,50.75,23138.67,0
2024-09-09,2024-09-09 13:44:00,452.13,452.13,452.13,452.13,0.0,50.75,23138.67,0
2024-09-09,2024-09-09 13:45:00,452.13,452.13,452.13,452.13,0.0,50.75,23138.67,0
2024-09-09,2024-09-09 13:46:00,452.13,452.13,452.13,452.13,0.0,50.75,23138.67,0
2024-09-09,2024-09-09 13:47:00,452.13,452.13,452.13,452.13,0.0,50.75,23138.67,0
2024-09-09,2024-09-09 13:48:00,452.13,452.13,452.13,452.13,0.0,50.75,23138.67,0
2024-09-09,2024-09-09 13:49:00,452.13,452.13,452.13,452.13,0.0,50.75,23138.67,0
2024-09-09,2024-09-09 13:50:00,452.13,452.13,452.13,452.13,0.0,50.75,23138.67,0
2024-09-09,2024-09-09 13:51:00,452.13,452.13,452.13,452.13,0.0,50.75,23138.67,0
2024-09-09,2024-09-09 13:52:00,452.13,452.13,452.13,452.13,0.0,50.75,23138.67,0
2024-09-09,2024-09-09 13:53:00,452.13,452.13,452.13,452.13,0.0,50.75,23138.67,0
2024-09-09,2024-09-09 13:54:00,452.13,452.13,452.13,452.13,0.0,50.75,23138.67,0
2024-09-09,2024-09-09 13:55:00,452.13,452.13,452.13,452.13,0.0,50.75,23138.67,0
2024-09-09,2024-09-09 13:56:00,452.13,452.13,452.13,452.13,0.0,50.75,23138.67,0
2024-09-09,2024-09-09 13:57:00,452.13,452.13,452.13,452.13,0.0,50.75,23138.67,0
2024-09-09,2024-09-09 13:58:00,452.13,452.13,452.13,452.13,0.0,50.75,23138.67,0
2024-09-09,2024-09-09 13:59:00,452.13,452.13,452.12,452.12,-0.0,50.75,23138.67,-1
2024-09-09,2024-09-09 14:00:00,452.12,452.12,452.12,452.12,0.0,50.75,23138.67,0
2024-09-09,2024-09-09 14:01:00,452.12,452.12,452.12,452.12,0.0,50.75,23138.67,0
2024-09-09,2024-09-09 14:02:00,452.12,452.12,452.12,452.12,0.0,50.75,23138.67,0
2024-09-09,2024-09-09 14:03:00,452.12,452.12,452.12,452.12,0.0,50.75,23138.67,0
2024-09-09,2024-09-09 14:04:00,452.12,452.12,452.12,452.12,0.0,50.75,23138.67,0
2024-09-09,2024-09-09 14:05:00,452.12,452.12,452.12,452.12,0.0,50.75,23138.67,0
2024-09-09,2024-09-09 14:06:00,452.12,452.12,452.12,452.12,0.0,50.75,23138.67,0
2024-09-09,2024-09-09 14:07:00,452.12,452.12,452.12,452.12,0.0,50.75,23138.67,0
2024-09-09,2024-09-09 14:08:00,452.12,452.12,452.12,452.12,0.0,50.75,23138.67,0
2024-09-09,2024-09-09 14:09:00,452.12,452.12,452.12,452.12,0.0,50.75,23138.67,0
2024-09-09,2024-09-09 14:10:00,452.12,452.12,452.12,452.12,0.0,50.75,23138.67,0
2024-09-09,2024-09-09 14:11:00,452.12,452.12,452.12,452.12,0.0,50.75,23138.67,0
2024-09-09,2024-09-09 14:12:00,452.12,452.12,452.12,452.12,0.0,50.75,23138.67,0
2024-09-09,2024-09-09 14:13:00,452.12,452.12,452.12,452.12,0.0,50.75,23138.67,0
2024-09-09,2024-09-09 14:14:00,452.12,452.12,452.12,452.12,0.0,50.75,23138.67,0
2024-09-09,2024-09-09 14:15:00,452.12,452.12,452.12,452.12,0.0,50.75,23138.67,0
2024-09-09,2024-09-09 14:16:00,452.12,452.12,452.12,452.12,0.0,50.75,23138.67,0
2024-09-09,2024-09-09 14:17:00,452.12,452.12,452.12,452.12,0.0,50.75,23138.67,0
2024-09-09,2024-09-09 14:18:00,452.12,452.12,452.12,452.12,0.0,50.75,23138.67,0
2024-09-09,2024-09-09 14:19:00,452.12,452.12,452.12,452.12,0.0,50.75,23138.67,0
2024-09-09,2024-09-09 14:20:00,452.12,452.12,452.12,452.12,0.0,50.75,23138.67,0
2024-09-09,2024-09-09 14:21:00,452.12,452.12,452.12,452.12,0.0,50.75,23138.67,0
2024-09-09,2024-09-09 14:22:00,452.12,452.12,452.12,452.12,0.0,50.75,23138.67,0
2024-09-09,2024-09-09 14:23:00,452.12,452.12,452.12,452.12,0.0,50.75,23138.67,0
2024-09-09,2024-09-09 14:24:00,452.12,452.12,452.11,452.11,-0.0,50.75,23138.67,-1
2024-09-09,2024-09-09 14:25:00,452.11,452.11,452.11,452.11,0.0,50.75,23138.67,0
2024-09-09,2024-09-09 14:26:00,452.11,452.11,452.11,452.11,0.0,50.75,23138.67,0
2024-09-09,2024-09-09 14:27:00,452.11,452.11,452.11,452.11,0.0,50.75,23138.67,0
2024-09-09,2024-09-09 14:28:00,452.11,452.11,452.11,452.11,0.0,50.75,23138.67,0
2024-09-09,2024-09-09 14:29:00,452.11,452.11,452.11,452.11,0.0,50.75,23138.67,0
2024-09-09,2024-09-09 14:30:00,452.11,452.11,452.11,452.11,0.0,50.75,23138.67,0
2024-09-09,2024-09-09 14:31:00,452.11,452.11,452.11,452.11,0.0,50.75,23138.67,0
2024-09-09,2024-09-09 14:32:00,452.11,452.11,452.11,452.11,0.0,50.75,23138.67,0
2024-09-09,2024-09-09 14:33:00,452.11,452.11,452.11,452.11,0.0,50.75,23138.67,0
2024-09-09,2024-09-09 14:34:00,452.11,452.11,452.11,452.11,0.0,50.75,23138.67,0
2024-09-09,2024-09-09 14:35:00,452.11,452.11,452.11,452.11,0.0,50.75,23138.67,0
2024-09-09,2024-09-09 14:36:00,452.11,452.11,452.11,452.11,0.0,50.75,23138.67,0
2024-09-09,2024-09-09 14:37:00,452.11,452.11,452.11,452.11,0.0,50.75,23138.67,0
2024-09-09,2024-09-09 14:38:00,452.11,452.11,452.11,452.11,0.0,50.75,23138.67,0
2024-09-09,2024-09-09 14:39:00,452.11,452.11,452.11,452.11,0.0,50.75,23138.67,0
2024-09-09,2024-09-09 14:40:00,452.11,452.11,452.11,452.11,0.0,50.75,23138.67,0
2024-09-09,2024-09-09 14:41:00,452.11,452.11,452.11,452.11,0.0,50.75,23138.67,0
2024-09-09,2024-09-09 14:42:00,452.11,452.11,452.11,452.11,0.0,50.75,23138.67,0
2024-09-09,2024-09-09 14:43:00,452.11,452.11,452.11,452.11,0.0,50.75,23138.67,0
2024-09-09,2024-09-09 14:44:00,452.11,452.11,452.11,452.11,0.0,50.75,23138.67,0
2024-09-09,2024-09-09 14:45:00,452.11,452.11,452.11,452.11,0.0,50.75,23138.67,0
2024-09-09,2024-09-09 14:46:00,452.11,452.11,452.11,452.11,0.0,50.75,23138.67,0
2024-09-09,2024-09-09 14:47:00,452.11,452.11,452.11,452.11,0.0,50.75,23138.67,0
2024-09-09,2024-09-09 14:48:00,452.11,452.11,452.1,452.1,-0.0,50.75,23138.67,-1
2024-09-09,2024-09-09 14:49:00,452.1,452.1,452.1,452.1,0.0,50.75,23138.67,0
2024-09-09,2024-09-09 14:50:00,452.1,452.1,452.1,452.1,0.0,50.75,23138.67,0
2024-09-09,2024-09-09 14:51:00,452.1,452.1,452.1,452.1,0.0,50.75,23138.67,0
2024-09-09,2024-09-09 14:52:00,452.1,452.1,452.1,452.1,0.0,50.75,23138.67,0
2024-09-09,2024-09-09 14:53:00,452.1,452.1,452.1,452.1,0.0,50.75,23138.67,0
2024-09-09,2024-09-09 14:54:00,452.1,452.1,452.1,452.1,0.0,50.75,23138.67,0
2024-09-09,2024-09-09 14:55:00,452.1,452.1,452.1,452.1,0.0,50.75,23138.67,0
2024-09-09,2024-09-09 14:56:00,452.1,452.1,452.1,452.1,0.0,50.75,23138.67,0
2024-09-09,2024-09-09 14:57:00,452.1,452.1,452.1,452.1,0.0,50.75,23138.67,0
2024-09-09,2024-09-09 14:58:00,452.1,452.1,452.1,452.1,0.0,50.75,23138.67,0
2024-09-09,2024-09-09 14:59:00,452.1,452.1,452.1,452.1,0.0,50.75,23138.67,0
2024-09-09,2024-09-09 15:00:00,452.1,464.0,447.2,452.1,0.0,50.75,23138.67,0
2024-09-10,2024-09-10 11:00:00,449.0,455.3,446.81,448.97,-0.01,21.61,9792.5,-1
2024-09-10,2024-09-10 11:01:00,448.97,448.97,448.94,448.94,-0.01,21.61,9792.5,-1
2024-09-10,2024-09-10 11:02:00,448.94,448.94,448.91,448.91,-0.01,21.61,9792.5,-1
2024-09-10,2024-09-10 11:03:00,448.91,448.91,448.88,448.88,-0.01,21.61,9792.5,-1
2024-09-10,2024-09-10 11:04:00,448.88,448.88,448.85,448.85,-0.01,21.61,9792.5,-1
2024-09-10,2024-09-10 11:05:00,448.85,448.85,448.82,448.82,-0.01,21.61,9792.5,-1
2024-09-10,2024-09-10 11:06:00,448.82,448.82,448.79,448.79,-0.01,21.61,9792.5,-1
2024-09-10,2024-09-10 11:07:00,448.79,448.79,448.76,448.76,-0.01,21.61,9792.5,-1
2024-09-10,2024-09-10 11:08:00,448.76,448.76,448.73,448.73,-0.01,21.61,9792.5,-1
2024-09-10,2024-09-10 11:09:00,448.73,448.73,448.7,448.7,-0.01,21.61,9792.5,-1
2024-09-10,2024-09-10 11:10:00,448.7,448.7,448.67,448.67,-0.01,21.61,9792.5,-1
2024-09-10,2024-09-10 11:11:00,448.67,448.67,448.63,448.63,-0.01,21.61,9792.5,-1
2024-09-10,2024-09-10 11:12:00,448.63,448.63,448.6,448.6,-0.01,21.61,9792.5,-1
2024-09-10,2024-09-10 11:13:00,448.6,448.6,448.57,448.57,-0.01,21.61,9792.5,-1
2024-09-10,2024-09-10 11:14:00,448.57,448.57,448.54,448.54,-0.01,21.61,9792.5,-1
2024-09-10,2024-09-10 11:15:00,448.54,448.54,448.51,448.51,-0.01,21.61,9792.5,-1
2024-09-10,2024-09-10 11:16:00,448.51,448.51,448.48,448.48,-0.01,21.61,9792.5,-1
2024-09-10,2024-09-10 11:17:00,448.48,448.48,448.45,448.45,-0.01,21.61,9792.5,-1
2024-09-10,2024-09-10 11:18:00,448.45,448.45,448.42,448.42,-0.01,21.61,9792.5,-1
2024-09-10,2024-09-10 11:19:00,448.42,448.42,448.39,448.39,-0.01,21.61,9792.5,-1
2024-09-10,2024-09-10 11:20:00,448.39,448.39,448.36,448.36,-0.01,21.61,9792.5,-1
2024-09-10,2024-09-10 11:21:00,448.36,448.36,448.33,448.33,-0.01,21.61,9792.5,-1
2024-09-10,2024-09-10 11:22:00,448.33,448.33,448.3,448.3,-0.01,21.61,9792.5,-1
2024-09-10,2024-09-10 11:23:00,448.3,448.3,448.27,448.27,-0.01,21.61,9792.5,-1
2024-09-10,2024-09-10 11:24:00,448.27,448.27,448.24,448.24,-0.01,21.61,9792.5,-1
2024-09-10,2024-09-10 11:25:00,448.24,448.24,448.21,448.21,-0.01,21.61,9792.5,-1
2024-09-10,2024-09-10 11:26:00,448.21,448.21,448.18,448.18,-0.01,21.61,9792.5,-1
2024-09-10,2024-09-10 11:27:00,448.18,448.18,448.15,448.15,-0.01,21.61,9792.5,-1
2024-09-10,2024-09-10 11:28:00,448.15,448.15,448.12,448.12,-0.01,21.61,9792.5,-1
2024-09-10,2024-09-10 11:29:00,448.12,448.12,448.09,448.09,-0.01,21.61,9792.5,-1
2024-09-10,2024-09-10 11:30:00,448.09,448.09,448.06,448.06,-0.01,21.61,9792.5,-1
2024-09-10,2024-09-10 11:31:00,448.06,448.06,448.03,448.03,-0.01,21.61,9792.5,-1
2024-09-10,2024-09-10 11:32:00,448.03,448.03,448.0,448.0,-0.01,21.61,9792.5,-1
2024-09-10,2024-09-10 11:33:00,448.0,448.0,447.97,447.97,-0.01,21.61,9792.5,-1
2024-09-10,2024-09-10 11:34:00,447.97,447.97,447.94,447.94,-0.01,21.61,9792.5,-1
2024-09-10,2024-09-10 11:35:00,447.94,447.94,447.9,447.9,-0.01,21.61,9792.5,-1
2024-09-10,2024-09-10 11:36:00,447.9,447.9,447.87,447.87,-0.01,21.61,9792.5,-1
2024-09-10,2024-09-10 11:37:00,447.87,447.87,447.84,447.84,-0.01,21.61,9792.5,-1
2024-09-10,2024-09-10 11:38:00,447.84,447.84,447.81,447.81,-0.01,21.61,9792.5,-1
2024-09-10,2024-09-10 11:39:00,447.81,447.81,447.78,447.78,-0.01,21.61,9792.5,-1
2024-09-10,2024-09-10 11:40:00,447.78,447.78,447.75,447.75,-0.01,21.61,9792.5,-1
2024-09-10,2024-09-10 11:41:00,447.75,447.75,447.72,447.72,-0.01,21.61,9792.5,-1
2024-09-10,2024-09-10 11:42:00,447.72,447.72,447.69,447.69,-0.01,21.61,9792.5,-1
2024-09-10,2024-09-10 11:43:00,447.69,447.69,447.66,447.66,-0.01,21.61,9792.5,-1
2024-09-10,2024-09-10 11:44:00,447.66,447.66,447.63,447.63,-0.01,21.61,9792.5,-1
2024-09-10,2024-09-10 11:45:00,447.63,447.63,447.6,447.6,-0.01,21.61,9792.5,-1
2024-09-10,2024-09-10 11:46:00,447.6,447.6,447.57,447.57,-0.01,21.61,9792.5,-1
2024-09-10,2024-09-10 11:47:00,447.57,447.57,447.54,447.54,-0.01,21.61,9792.5,-1
2024-09-10,2024-09-10 11:48:00,447.54,447.54,447.51,447.51,-0.01,21.61,9792.5,-1
2024-09-10,2024-09-10 11:49:00,447.51,447.51,447.48,447.48,-0.01,21.61,9792.5,-1
2024-09-10,2024-09-10 11:50:00,447.48,447.48,447.45,447.45,-0.01,21.61,9792.5,-1
2024-09-10,2024-09-10 11:51:00,447.45,447.45,447.42,447.42,-0.01,21.61,9792.5,-1
2024-09-10,2024-09-10 11:52:00,447.42,447.42,447.39,447.39,-0.01,21.61,9792.5,-1
2024-09-10,2024-09-10 11:53:00,447.39,447.39,447.36,447.36,-0.01,21.61,9792.5,-1
2024-09-10,2024-09-10 11:54:00,447.36,447.36,447.33,447.33,-0.01,21.61,9792.5,-1
2024-09-10,2024-09-10 11:55:00,447.33,447.33,447.3,447.3,-0.01,21.61,9792.5,-1
2024-09-10,2024-09-10 11:56:00,447.3,447.3,447.27,447.27,-0.01,21.61,9792.5,-1
2024-09-10,2024-09-10 11:57:00,447.27,447.27,447.24,447.24,-0.01,21.61,9792.5,-1
2024-09-10,2024-09-10 11:58:00,447.24,447.24,447.21,447.21,-0.01,21.61,9792.5,-1
2024-09-10,2024-09-10 11:59:00,447.21,447.21,447.18,447.18,-0.01,21.61,9792.5,-1
2024-09-10,2024-09-10 12:00:00,447.18,447.18,447.14,447.14,-0.01,21.61,9792.5,-1
2024-09-10,2024-09-10 12:01:00,447.14,447.14,447.11,447.11,-0.01,21.61,9792.5,-1
2024-09-10,2024-09-10 12:02:00,447.11,447.11,447.08,447.08,-0.01,21.61,9792.5,-1
2024-09-10,2024-09-10 12:03:00,447.08,447.08,447.05,447.05,-0.01,21.61,9792.5,-1
2024-09-10,2024-09-10 12:04:00,447.05,447.05,447.02,447.02,-0.01,21.61,9792.5,-1
2024-09-10,2024-09-10 12:05:00,447.02,447.02,446.99,446.99,-0.01,21.61,9792.5,-1
2024-09-10,2024-09-10 12:06:00,446.99,446.99,446.96,446.96,-0.01,21.61,9792.5,-1
2024-09-10,2024-09-10 12:07:00,446.96,446.96,446.93,446.93,-0.01,21.61,9792.5,-1
2024-09-10,2024-09-10 12:08:00,446.93,446.93,446.9,446.9,-0.01,21.61,9792.5,-1
2024-09-10,2024-09-10 12:09:00,446.9,446.9,446.87,446.87,-0.01,21.61,9792.5,-1
2024-09-10,2024-09-10 12:10:00,446.87,446.87,446.84,446.84,-0.01,21.61,9792.5,-1
2024-09-10,2024-09-10 12:11:00,446.84,446.84,446.81,446.81,-0.01,21.61,9792.5,-1
2024-09-10,2024-09-10 12:12:00,446.81,446.81,446.78,446.78,-0.01,21.61,9792.5,-1
2024-09-10,2024-09-10 12:13:00,446.78,446.78,446.75,446.75,-0.01,21.61,9792.5,-1
2024-09-10,2024-09-10 12:14:00,446.75,446.75,446.72,446.72,-0.01,21.61,9792.5,-1
2024-09-10,2024-09-10 12:15:00,446.72,446.72,446.69,446.69,-0.01,21.61,9792.5,-1
2024-09-10,2024-09-10 12:16:00,446.69,446.69,446.66,446.66,-0.01,21.61,9792.5,-1
2024-09-10,2024-09-10 12:17:00,446.66,446.66,446.63,446.63,-0.01,21.61,9792.5,-1
2024-09-10,2024-09-10 12:18:00,446.63,446.63,446.6,446.6,-0.01,21.61,9792.5,-1
2024-09-10,2024-09-10 12:19:00,446.6,446.6,446.57,446.57,-0.01,21.61,9792.5,-1
2024-09-10,2024-09-10 12:20:00,446.57,446.57,446.54,446.54,-0.01,21.61,9792.5,-1
2024-09-10,2024-09-10 12:21:00,446.54,446.54,446.51,446.51,-0.01,21.61,9792.5,-1
2024-09-10,2024-09-10 12:22:00,446.51,446.51,446.48,446.48,-0.01,21.61,9792.5,-1
2024-09-10,2024-09-10 12:23:00,446.48,446.48,446.44,446.44,-0.01,21.61,9792.5,-1
2024-09-10,2024-09-10 12:24:00,446.44,446.44,446.41,446.41,-0.01,21.61,9792.5,-1
2024-09-10,2024-09-10 12:25:00,446.41,446.41,446.38,446.38,-0.01,21.61,9792.5,-1
2024-09-10,2024-09-10 12:26:00,446.38,446.38,446.35,446.35,-0.01,21.61,9792.5,-1
2024-09-10,2024-09-10 12:27:00,446.35,446.35,446.32,446.32,-0.01,21.61,9792.5,-1
2024-09-10,2024-09-10 12:28:00,446.32,446.32,446.29,446.29,-0.01,21.61,9792.5,-1
2024-09-10,2024-09-10 12:29:00,446.29,446.29,446.26,446.26,-0.01,21.61,9792.5,-1
2024-09-10,2024-09-10 12:30:00,446.26,446.26,446.23,446.23,-0.01,21.61,9792.5,-1
2024-09-10,2024-09-10 12:31:00,446.23,446.23,446.2,446.2,-0.01,21.61,9792.5,-1
2024-09-10,2024-09-10 12:32:00,446.2,446.2,446.17,446.17,-0.01,21.61,9792.5,-1
2024-09-10,2024-09-10 12:33:00,446.17,446.17,446.14,446.14,-0.01,21.61,9792.5,-1
2024-09-10,2024-09-10 12:34:00,446.14,446.14,446.11,446.11,-0.01,21.61,9792.5,-1
2024-09-10,2024-09-10 12:35:00,446.11,446.11,446.08,446.08,-0.01,21.61,9792.5,-1
2024-09-10,2024-09-10 12:36:00,446.08,446.08,446.05,446.05,-0.01,21.61,9792.5,-1
2024-09-10,2024-09-10 12:37:00,446.05,446.05,446.02,446.02,-0.01,21.61,9792.5,-1
2024-09-10,2024-09-10 12:38:00,446.02,446.02,445.99,445.99,-0.01,21.61,9792.5,-1
2024-09-10,2024-09-10 12:39:00,445.99,445.99,445.96,445.96,-0.01,21.61,9792.5,-1
2024-09-10,2024-09-10 12:40:00,445.96,445.96,445.93,445.93,-0.01,21.61,9792.5,-1
2024-09-10,2024-09-10 12:41:00,445.93,445.93,445.9,445.9,-0.01,21.61,9792.5,-1
2024-09-10,2024-09-10 12:42:00,445.9,445.9,445.87,445.87,-0.01,21.61,9792.5,-1
2024-09-10,2024-09-10 12:43:00,445.87,445.87,445.84,445.84,-0.01,21.61,9792.5,-1
2024-09-10,2024-09-10 12:44:00,445.84,445.84,445.81,445.81,-0.01,21.61,9792.5,-1
2024-09-10,2024-09-10 12:45:00,445.81,445.81,445.78,445.78,-0.01,21.61,9792.5,-1
2024-09-10,2024-09-10 12:46:00,445.78,445.78,445.75,445.75,-0.01,21.61,9792.5,-1
2024-09-10,2024-09-10 12:47:00,445.75,445.75,445.71,445.71,-0.01,21.61,9792.5,-1
2024-09-10,2024-09-10 12:48:00,445.71,445.71,445.68,445.68,-0.01,21.61,9792.5,-1
2024-09-10,2024-09-10 12:49:00,445.68,445.68,445.65,445.65,-0.01,21.61,9792.5,-1
2024-09-10,2024-09-10 12:50:00,445.65,445.65,445.62,445.62,-0.01,21.61,9792.5,-1
2024-09-10,2024-09-10 12:51:00,445.62,445.62,445.59,445.59,-0.01,21.61,9792.5,-1
2024-09-10,2024-09-10 12:52:00,445.59,445.59,445.56,445.56,-0.01,21.61,9792.5,-1
2024-09-10,2024-09-10 12:53:00,445.56,445.56,445.53,445.53,-0.01,21.61,9792.5,-1
2024-09-10,2024-09-10 12:54:00,445.53,445.53,445.5,445.5,-0.01,21.61,9792.5,-1
2024-09-10,2024-09-10 12:55:00,445.5,445.5,445.47,445.47,-0.01,21.61,9792.5,-1
2024-09-10,2024-09-10 12:56:00,445.47,445.47,445.44,445.44,-0.01,21.61,9792.5,-1
2024-09-10,2024-09-10 12:57:00,445.44,445.44,445.41,445.41,-0.01,21.61,9792.5,-1
2024-09-10,2024-09-10 12:58:00,445.41,445.41,445.38,445.38,-0.01,21.61,9792.5,-1
2024-09-10,2024-09-10 12:59:00,445.38,445.38,445.35,445.35,-0.01,21.61,9792.5,-1
2024-09-10,2024-09-10 13:00:00,445.35,470.0,441.7,445.32,-0.01,21.61,9792.5,-1
2024-09-10,2024-09-10 13:01:00,445.32,445.32,445.29,445.29,-0.01,21.61,9792.5,-1
2024-09-10,2024-09-10 13:02:00,445.29,445.29,445.26,445.26,-0.01,21.61,9792.5,-1
2024-09-10,2024-09-10 13:03:00,445.26,445.26,445.23,445.23,-0.01,21.61,9792.5,-1
2024-09-10,2024-09-10 13:04:00,445.23,445.23,445.2,445.2,-0.01,21.61,9792.5,-1
2024-09-10,2024-09-10 13:05:00,445.2,445.2,445.17,445.17,-0.01,21.61,9792.5,-1
2024-09-10,2024-09-10 13:06:00,445.17,445.17,445.14,445.14,-0.01,21.61,9792.5,-1
2024-09-10,2024-09-10 13:07:00,445.14,445.14,445.11,445.11,-0.01,21.61,9792.5,-1
2024-09-10,2024-09-10 13:08:00,445.11,445.11,445.08,445.08,-0.01,21.61,9792.5,-1
2024-09-10,2024-09-10 13:09:00,445.08,445.08,445.05,445.05,-0.01,21.61,9792.5,-1
2024-09-10,2024-09-10 13:10:00,445.05,445.05,445.02,445.02,-0.01,21.61,9792.5,-1
2024-09-10,2024-09-10 13:11:00,445.02,445.02,444.99,444.99,-0.01,21.61,9792.5,-1
2024-09-10,2024-09-10 13:12:00,444.99,444.99,444.95,444.95,-0.01,21.61,9792.5,-1
2024-09-10,2024-09-10 13:13:00,444.95,444.95,444.92,444.92,-0.01,21.61,9792.5,-1
2024-09-10,2024-09-10 13:14:00,444.92,444.92,444.89,444.89,-0.01,21.61,9792.5,-1
2024-09-10,2024-09-10 13:15:00,444.89,444.89,444.86,444.86,-0.01,21.61,9792.5,-1
2024-09-10,2024-09-10 13:16:00,444.86,444.86,444.83,444.83,-0.01,21.61,9792.5,-1
2024-09-10,2024-09-10 13:17:00,444.83,444.83,444.8,444.8,-0.01,21.61,9792.5,-1
2024-09-10,2024-09-10 13:18:00,444.8,444.8,444.77,444.77,-0.01,21.61,9792.5,-1
2024-09-10,2024-09-10 13:19:00,444.77,444.77,444.74,444.74,-0.01,21.61,9792.5,-1
2024-09-10,2024-09-10 13:20:00,444.74,444.74,444.71,444.71,-0.01,21.61,9792.5,-1
2024-09-10,2024-09-10 13:21:00,444.71,444.71,444.68,444.68,-0.01,21.61,9792.5,-1
2024-09-10,2024-09-10 13:22:00,444.68,444.68,444.65,444.65,-0.01,21.61,9792.5,-1
2024-09-10,2024-09-10 13:23:00,444.65,444.65,444.62,444.62,-0.01,21.61,9792.5,-1
2024-09-10,2024-09-10 13:24:00,444.62,444.62,444.59,444.59,-0.01,21.61,9792.5,-1
2024-09-10,2024-09-10 13:25:00,444.59,444.59,444.56,444.56,-0.01,21.61,9792.5,-1
2024-09-10,2024-09-10 13:26:00,444.56,444.56,444.53,444.53,-0.01,21.61,9792.5,-1
2024-09-10,2024-09-10 13:27:00,444.53,444.53,444.5,444.5,-0.01,21.61,9792.5,-1
2024-09-10,2024-09-10 13:28:00,444.5,444.5,444.47,444.47,-0.01,21.61,9792.5,-1
2024-09-10,2024-09-10 13:29:00,444.47,444.47,444.44,444.44,-0.01,21.61,9792.5,-1
2024-09-10,2024-09-10 13:30:00,444.44,444.44,444.41,444.41,-0.01,21.61,9792.5,-1
2024-09-10,2024-09-10 13:31:00,444.41,444.41,444.38,444.38,-0.01,21.61,9792.5,-1
2024-09-10,2024-09-10 13:32:00,444.38,444.38,444.35,444.35,-0.01,21.61,9792.5,-1
2024-09-10,2024-09-10 13:33:00,444.35,444.35,444.32,444.32,-0.01,21.61,9792.5,-1
2024-09-10,2024-09-10 13:34:00,444.32,444.32,444.29,444.29,-0.01,21.61,9792.5,-1
2024-09-10,2024-09-10 13:35:00,444.29,444.29,444.25,444.25,-0.01,21.61,9792.5,-1
2024-09-10,2024-09-10 13:36:00,444.25,444.25,444.22,444.22,-0.01,21.61,9792.5,-1
2024-09-10,2024-09-10 13:37:00,444.22,444.22,444.19,444.19,-0.01,21.61,9792.5,-1
2024-09-10,2024-09-10 13:38:00,444.19,444.19,444.16,444.16,-0.01,21.61,9792.5,-1
2024-09-10,2024-09-10 13:39:00,444.16,444.16,444.13,444.13,-0.01,21.61,9792.5,-1
2024-09-10,2024-09-10 13:40:00,444.13,444.13,444.1,444.1,-0.01,21.61,9792.5,-1
2024-09-10,2024-09-10 13:41:00,444.1,444.1,444.07,444.07,-0.01,21.61,9792.5,-1
2024-09-10,2024-09-10 13:42:00,444.07,444.07,444.04,444.04,-0.01,21.61,9792.5,-1
2024-09-10,2024-09-10 13:43:00,444.04,444.04,444.01,444.01,-0.01,21.61,9792.5,-1
2024-09-10,2024-09-10 13:44:00,444.01,444.01,443.98,443.98,-0.01,21.61,9792.5,-1
2024-09-10,2024-09-10 13:45:00,443.98,443.98,443.95,443.95,-0.01,21.61,9792.5,-1
2024-09-10,2024-09-10 13:46:00,443.95,443.95,443.92,443.92,-0.01,21.61,9792.5,-1
2024-09-10,2024-09-10 13:47:00,443.92,443.92,443.89,443.89,-0.01,21.61,9792.5,-1
2024-09-10,2024-09-10 13:48:00,443.89,443.89,443.86,443.86,-0.01,21.61,9792.5,-1
2024-09-10,2024-09-10 13:49:00,443.86,443.86,443.83,443.83,-0.01,21.61,9792.5,-1
2024-09-10,2024-09-10 13:50:00,443.83,443.83,443.8,443.8,-0.01,21.61,9792.5,-1
2024-09-10,2024-09-10 13:51:00,443.8,443.8,443.77,443.77,-0.01,21.61,9792.5,-1
2024-09-10,2024-09-10 13:52:00,443.77,443.77,443.74,443.74,-0.01,21.61,9792.5,-1
2024-09-10,2024-09-10 13:53:00,443.74,443.74,443.71,443.71,-0.01,21.61,9792.5,-1
2024-09-10,2024-09-10 13:54:00,443.71,443.71,443.68,443.68,-0.01,21.61,9792.5,-1
2024-09-10,2024-09-10 13:55:00,443.68,443.68,443.65,443.65,-0.01,21.61,9792.5,-1
2024-09-10,2024-09-10 13:56:00,443.65,443.65,443.62,443.62,-0.01,21.61,9792.5,-1
2024-09-10,2024-09-10 13:57:00,443.62,443.62,443.59,443.59,-0.01,21.61,9792.5,-1
2024-09-10,2024-09-10 13:58:00,443.59,443.59,443.56,443.56,-0.01,21.61,9792.5,-1
2024-09-10,2024-09-10 13:59:00,443.56,443.56,443.52,443.52,-0.01,21.61,9792.5,-1
2024-09-10,2024-09-10 14:00:00,443.52,443.52,443.49,443.49,-0.01,21.61,9792.5,-1
2024-09-10,2024-09-10 14:01:00,443.49,443.49,443.46,443.46,-0.01,21.61,9792.5,-1
2024-09-10,2024-09-10 14:02:00,443.46,443.46,443.43,443.43,-0.01,21.61,9792.5,-1
2024-09-10,2024-09-10 14:03:00,443.43,443.43,443.4,443.4,-0.01,21.61,9792.5,-1
2024-09-10,2024-09-10 14:04:00,443.4,443.4,443.37,443.37,-0.01,21.61,9792.5,-1
2024-09-10,2024-09-10 14:05:00,443.37,443.37,443.34,443.34,-0.01,21.61,9792.5,-1
2024-09-10,2024-09-10 14:06:00,443.34,443.34,443.31,443.31,-0.01,21.61,9792.5,-1
2024-09-10,2024-09-10 14:07:00,443.31,443.31,443.28,443.28,-0.01,21.61,9792.5,-1
2024-09-10,2024-09-10 14:08:00,443.28,443.28,443.25,443.25,-0.01,21.61,9792.5,-1
2024-09-10,2024-09-10 14:09:00,443.25,443.25,443.22,443.22,-0.01,21.61,9792.5,-1
2024-09-10,2024-09-10 14:10:00,443.22,443.22,443.19,443.19,-0.01,21.61,9792.5,-1
2024-09-10,2024-09-10 14:11:00,443.19,443.19,443.16,443.16,-0.01,21.61,9792.5,-1
2024-09-10,2024-09-10 14:12:00,443.16,443.16,443.13,443.13,-0.01,21.61,9792.5,-1
2024-09-10,2024-09-10 14:13:00,443.13,443.13,443.1,443.1,-0.01,21.61,9792.5,-1
2024-09-10,2024-09-10 14:14:00,443.1,443.1,443.07,443.07,-0.01,21.61,9792.5,-1
2024-09-10,2024-09-10 14:15:00,443.07,443.07,443.04,443.04,-0.01,21.61,9792.5,-1
2024-09-10,2024-09-10 14:16:00,443.04,443.04,443.01,443.01,-0.01,21.61,9792.5,-1
2024-09-10,2024-09-10 14:17:00,443.01,443.01,442.98,442.98,-0.01,21.61,9792.5,-1
2024-09-10,2024-09-10 14:18:00,442.98,442.98,442.95,442.95,-0.01,21.61,9792.5,-1
2024-09-10,2024-09-10 14:19:00,442.95,442.95,442.92,442.92,-0.01,21.61,9792.5,-1
2024-09-10,2024-09-10 14:20:00,442.92,442.92,442.89,442.89,-0.01,21.61,9792.5,-1
2024-09-10,2024-09-10 14:21:00,442.89,442.89,442.86,442.86,-0.01,21.61,9792.5,-1
2024-09-10,2024-09-10 14:22:00,442.86,442.86,442.83,442.83,-0.01,21.61,9792.5,-1
2024-09-10,2024-09-10 14:23:00,442.83,442.83,442.8,442.8,-0.01,21.61,9792.5,-1
2024-09-10,2024-09-10 14:24:00,442.8,442.8,442.76,442.76,-0.01,21.61,9792.5,-1
2024-09-10,2024-09-10 14:25:00,442.76,442.76,442.73,442.73,-0.01,21.61,9792.5,-1
2024-09-10,2024-09-10 14:26:00,442.73,442.73,442.7,442.7,-0.01,21.61,9792.5,-1
2024-09-10,2024-09-10 14:27:00,442.7,442.7,442.67,442.67,-0.01,21.61,9792.5,-1
2024-09-10,2024-09-10 14:28:00,442.67,442.67,442.64,442.64,-0.01,21.61,9792.5,-1
2024-09-10,2024-09-10 14:29:00,442.64,442.64,442.61,442.61,-0.01,21.61,9792.5,-1
2024-09-10,2024-09-10 14:30:00,442.61,442.61,442.58,442.58,-0.01,21.61,9792.5,-1
2024-09-10,2024-09-10 14:31:00,442.58,442.58,442.55,442.55,-0.01,21.61,9792.5,-1
2024-09-10,2024-09-10 14:32:00,442.55,442.55,442.52,442.52,-0.01,21.61,9792.5,-1
2024-09-10,2024-09-10 14:33:00,442.52,442.52,442.49,442.49,-0.01,21.61,9792.5,-1
2024-09-10,2024-09-10 14:34:00,442.49,442.49,442.46,442.46,-0.01,21.61,9792.5,-1
2024-09-10,2024-09-10 14:35:00,442.46,442.46,442.43,442.43,-0.01,21.61,9792.5,-1
2024-09-10,2024-09-10 14:36:00,442.43,442.43,442.4,442.4,-0.01,21.61,9792.5,-1
2024-09-10,2024-09-10 14:37:00,442.4,442.4,442.37,442.37,-0.01,21.61,9792.5,-1
2024-09-10,2024-09-10 14:38:00,442.37,442.37,442.34,442.34,-0.01,21.61,9792.5,-1
2024-09-10,2024-09-10 14:39:00,442.34,442.34,442.31,442.31,-0.01,21.61,9792.5,-1
2024-09-10,2024-09-10 14:40:00,442.31,442.31,442.28,442.28,-0.01,21.61,9792.5,-1
2024-09-10,2024-09-10 14:41:00,442.28,442.28,442.25,442.25,-0.01,21.61,9792.5,-1
2024-09-10,2024-09-10 14:42:00,442.25,442.25,442.22,442.22,-0.01,21.61,9792.5,-1
2024-09-10,2024-09-10 14:43:00,442.22,442.22,442.19,442.19,-0.01,21.61,9792.5,-1
2024-09-10,2024-09-10 14:44:00,442.19,442.19,442.16,442.16,-0.01,21.61,9792.5,-1
2024-09-10,2024-09-10 14:45:00,442.16,442.16,442.13,442.13,-0.01,21.61,9792.5,-1
2024-09-10,2024-09-10 14:46:00,442.13,442.13,442.1,442.1,-0.01,21.61,9792.5,-1
2024-09-10,2024-09-10 14:47:00,442.1,442.1,442.06,442.06,-0.01,21.61,9792.5,-1
2024-09-10,2024-09-10 14:48:00,442.06,442.06,442.03,442.03,-0.01,21.61,9792.5,-1
2024-09-10,2024-09-10 14:49:00,442.03,442.03,442.0,442.0,-0.01,21.61,9792.5,-1
2024-09-10,2024-09-10 14:50:00,442.0,442.0,441.97,441.97,-0.01,21.61,9792.5,-1
2024-09-10,2024-09-10 14:51:00,441.97,441.97,441.94,441.94,-0.01,21.61,9792.5,-1
2024-09-10,2024-09-10 14:52:00,441.94,441.94,441.91,441.91,-0.01,21.61,9792.5,-1
2024-09-10,2024-09-10 14:53:00,441.91,441.91,441.88,441.88,-0.01,21.61,9792.5,-1
2024-09-10,2024-09-10 14:54:00,441.88,441.88,441.85,441.85,-0.01,21.61,9792.5,-1
2024-09-10,2024-09-10 14:55:00,441.85,441.85,441.82,441.82,-0.01,21.61,9792.5,-1
2024-09-10,2024-09-10 14:56:00,441.82,441.82,441.79,441.79,-0.01,21.61,9792.5,-1
2024-09-10,2024-09-10 14:57:00,441.79,441.79,441.76,441.76,-0.01,21.61,9792.5,-1
2024-09-10,2024-09-10 14:58:00,441.76,441.76,441.73,441.73,-0.01,21.61,9792.5,-1
2024-09-10,2024-09-10 14:59:00,441.73,441.73,441.7,441.7,-0.01,21.61,9792.5,-1
2024-09-10,2024-09-10 15:00:00,441.7,470.0,441.7,441.7,0.0,21.61,9792.5,0
2024-09-11,2024-09-11 11:00:00,441.7,443.89,437.77,441.68,-0.0,33.44,14558.13,-1
2024-09-11,2024-09-11 11:01:00,441.68,441.68,441.65,441.65,-0.01,33.44,14558.13,-1
2024-09-11,2024-09-11 11:02:00,441.65,441.65,441.63,441.63,-0.0,33.44,14558.13,-1
2024-09-11,2024-09-11 11:03:00,441.63,441.63,441.6,441.6,-0.01,33.44,14558.13,-1
2024-09-11,2024-09-11 11:04:00,441.6,441.6,441.58,441.58,-0.0,33.44,14558.13,-1
2024-09-11,2024-09-11 11:05:00,441.58,441.58,441.56,441.56,-0.0,33.44,14558.13,-1
2024-09-11,2024-09-11 11:06:00,441.56,441.56,441.53,441.53,-0.01,33.44,14558.13,-1
2024-09-11,2024-09-11 11:07:00,441.53,441.53,441.51,441.51,-0.0,33.44,14558.13,-1
2024-09-11,2024-09-11 11:08:00,441.51,441.51,441.49,441.49,-0.0,33.44,14558.13,-1
2024-09-11,2024-09-11 11:09:00,441.49,441.49,441.46,441.46,-0.01,33.44,14558.13,-1
2024-09-11,2024-09-11 11:10:00,441.46,441.46,441.44,441.44,-0.0,33.44,14558.13,-1
2024-09-11,2024-09-11 11:11:00,441.44,441.44,441.41,441.41,-0.01,33.44,14558.13,-1
2024-09-11,2024-09-11 11:12:00,441.41,441.41,441.39,441.39,-0.0,33.44,14558.13,-1
2024-09-11,2024-09-11 11:13:00,441.39,441.39,441.37,441.37,-0.0,33.44,14558.13,-1
2024-09-11,2024-09-11 11:14:00,441.37,441.37,441.34,441.34,-0.01,33.44,14558.13,-1
2024-09-11,2024-09-11 11:15:00,441.34,441.34,441.32,441.32,-0.0,33.44,14558.13,-1
2024-09-11,2024-09-11 11:16:00,441.32,441.32,441.3,441.3,-0.0,33.44,14558.13,-1
2024-09-11,2024-09-11 11:17:00,441.3,441.3,441.27,441.27,-0.01,33.44,14558.13,-1
2024-09-11,2024-09-11 11:18:00,441.27,441.27,441.25,441.25,-0.0,33.44,14558.13,-1
2024-09-11,2024-09-11 11:19:00,441.25,441.25,441.22,441.22,-0.01,33.44,14558.13,-1
2024-09-11,2024-09-11 11:20:00,441.22,441.22,441.2,441.2,-0.0,33.44,14558.13,-1
2024-09-11,2024-09-11 11:21:00,441.2,441.2,441.18,441.18,-0.0,33.44,14558.13,-1
2024-09-11,2024-09-11 11:22:00,441.18,441.18,441.15,441.15,-0.01,33.44,14558.13,-1
2024-09-11,2024-09-11 11:23:00,441.15,441.15,441.13,441.13,-0.0,33.44,14558.13,-1
2024-09-11,2024-09-11 11:24:00,441.13,441.13,441.11,441.11,-0.0,33.44,14558.13,-1
2024-09-11,2024-09-11 11:25:00,441.11,441.11,441.08,441.08,-0.01,33.44,14558.13,-1
2024-09-11,2024-09-11 11:26:00,441.08,441.08,441.06,441.06,-0.0,33.44,14558.13,-1
2024-09-11,2024-09-11 11:27:00,441.06,441.06,441.03,441.03,-0.01,33.44,14558.13,-1
2024-09-11,2024-09-11 11:28:00,441.03,441.03,441.01,441.01,-0.0,33.44,14558.13,-1
2024-09-11,2024-09-11 11:29:00,441.01,441.01,440.99,440.99,-0.0,33.44,14558.13,-1
2024-09-11,2024-09-11 11:30:00,440.99,440.99,440.96,440.96,-0.01,33.44,14558.13,-1
2024-09-11,2024-09-11 11:31:00,440.96,440.96,440.94,440.94,-0.0,33.44,14558.13,-1
2024-09-11,2024-09-11 11:32:00,440.94,440.94,440.92,440.92,-0.0,33.44,14558.13,-1
2024-09-11,2024-09-11 11:33:00,440.92,440.92,440.89,440.89,-0.01,33.44,14558.13,-1
2024-09-11,2024-09-11 11:34:00,440.89,440.89,440.87,440.87,-0.0,33.44,14558.13,-1
2024-09-11,2024-09-11 11:35:00,440.87,440.87,440.84,440.84,-0.01,33.44,14558.13,-1
2024-09-11,2024-09-11 11:36:00,440.84,440.84,440.82,440.82,-0.0,33.44,14558.13,-1
2024-09-11,2024-09-11 11:37:00,440.82,440.82,440.8,440.8,-0.0,33.44,14558.13,-1
2024-09-11,2024-09-11 11:38:00,440.8,440.8,440.77,440.77,-0.01,33.44,14558.13,-1
2024-09-11,2024-09-11 11:39:00,440.77,440.77,440.75,440.75,-0.0,33.44,14558.13,-1
2024-09-11,2024-09-11 11:40:00,440.75,440.75,440.73,440.73,-0.0,33.44,14558.13,-1
2024-09-11,2024-09-11 11:41:00,440.73,440.73,440.7,440.7,-0.01,33.44,14558.13,-1
2024-09-11,2024-09-11 11:42:00,440.7,440.7,440.68,440.68,-0.0,33.44,14558.13,-1
2024-09-11,2024-09-11 11:43:00,440.68,440.68,440.65,440.65,-0.01,33.44,14558.13,-1
2024-09-11,2024-09-11 11:44:00,440.65,440.65,440.63,440.63,-0.0,33.44,14558.13,-1
2024-09-11,2024-09-11 11:45:00,440.63,440.63,440.61,440.61,-0.0,33.44,14558.13,-1
2024-09-11,2024-09-11 11:46:00,440.61,440.61,440.58,440.58,-0.01,33.44,14558.13,-1
2024-09-11,2024-09-11 11:47:00,440.58,440.58,440.56,440.56,-0.0,33.44,14558.13,-1
2024-09-11,2024-09-11 11:48:00,440.56,440.56,440.54,440.54,-0.0,33.44,14558.13,-1
2024-09-11,2024-09-11 11:49:00,440.54,440.54,440.51,440.51,-0.01,33.44,14558.13,-1
2024-09-11,2024-09-11 11:50:00,440.51,440.51,440.49,440.49,-0.0,33.44,14558.13,-1
2024-09-11,2024-09-11 11:51:00,440.49,440.49,440.46,440.46,-0.01,33.44,14558.13,-1
2024-09-11,2024-09-11 11:52:00,440.46,440.46,440.44,440.44,-0.0,33.44,14558.13,-1
2024-09-11,2024-09-11 11:53:00,440.44,440.44,440.42,440.42,-0.0,33.44,14558.13,-1
2024-09-11,2024-09-11 11:54:00,440.42,440.42,440.39,440.39,-0.01,33.44,14558.13,-1
2024-09-11,2024-09-11 11:55:00,440.39,440.39,440.37,440.37,-0.0,33.44,14558.13,-1
2024-09-11,2024-09-11 11:56:00,440.37,440.37,440.35,440.35,-0.0,33.44,14558.13,-1
2024-09-11,2024-09-11 11:57:00,440.35,440.35,440.32,440.32,-0.01,33.44,14558.13,-1
2024-09-11,2024-09-11 11:58:00,440.32,440.32,440.3,440.3,-0.0,33.44,14558.13,-1
2024-09-11,2024-09-11 11:59:00,440.3,440.3,440.27,440.27,-0.01,33.44,14558.13,-1
2024-09-11,2024-09-11 12:00:00,440.27,440.27,440.25,440.25,-0.0,33.44,14558.13,-1
2024-09-11,2024-09-11 12:01:00,440.25,440.25,440.23,440.23,-0.0,33.44,14558.13,-1
2024-09-11,2024-09-11 12:02:00,440.23,440.23,440.2,440.2,-0.01,33.44,14558.13,-1
2024-09-11,2024-09-11 12:03:00,440.2,440.2,440.18,440.18,-0.0,33.44,14558.13,-1
2024-09-11,2024-09-11 12:04:00,440.18,440.18,440.16,440.16,-0.0,33.44,14558.13,-1
2024-09-11,2024-09-11 12:05:00,440.16,440.16,440.13,440.13,-0.01,33.44,14558.13,-1
2024-09-11,2024-09-11 12:06:00,440.13,440.13,440.11,440.11,-0.0,33.44,14558.13,-1
2024-09-11,2024-09-11 12:07:00,440.11,440.11,440.08,440.08,-0.01,33.44,14558.13,-1
2024-09-11,2024-09-11 12:08:00,440.08,440.08,440.06,440.06,-0.0,33.44,14558.13,-1
2024-09-11,2024-09-11 12:09:00,440.06,440.06,440.04,440.04,-0.0,33.44,14558.13,-1
2024-09-11,2024-09-11 12:10:00,440.04,440.04,440.01,440.01,-0.01,33.44,14558.13,-1
2024-09-11,2024-09-11 12:11:00,440.01,440.01,439.99,439.99,-0.0,33.44,14558.13,-1
2024-09-11,2024-09-11 12:12:00,439.99,439.99,439.97,439.97,-0.0,33.44,14558.13,-1
2024-09-11,2024-09-11 12:13:00,439.97,439.97,439.94,439.94,-0.01,33.44,14558.13,-1
2024-09-11,2024-09-11 12:14:00,439.94,439.94,439.92,439.92,-0.0,33.44,14558.13,-1
2024-09-11,2024-09-11 12:15:00,439.92,439.92,439.89,439.89,-0.01,33.44,14558.13,-1
2024-09-11,2024-09-11 12:16:00,439.89,439.89,439.87,439.87,-0.0,33.44,14558.13,-1
2024-09-11,2024-09-11 12:17:00,439.87,439.87,439.85,439.85,-0.0,33.44,14558.13,-1
2024-09-11,2024-09-11 12:18:00,439.85,439.85,439.82,439.82,-0.01,33.44,14558.13,-1
2024-09-11,2024-09-11 12:19:00,439.82,439.82,439.8,439.8,-0.0,33.44,14558.13,-1
2024-09-11,2024-09-11 12:20:00,439.8,439.8,439.78,439.78,-0.0,33.44,14558.13,-1
2024-09-11,2024-09-11 12:21:00,439.78,439.78,439.75,439.75,-0.01,33.44,14558.13,-1
2024-09-11,2024-09-11 12:22:00,439.75,439.75,439.73,439.73,-0.0,33.44,14558.13,-1
2024-09-11,2024-09-11 12:23:00,439.73,439.73,439.7,439.7,-0.01,33.44,14558.13,-1
2024-09-11,2024-09-11 12:24:00,439.7,439.7,439.68,439.68,-0.0,33.44,14558.13,-1
2024-09-11,2024-09-11 12:25:00,439.68,439.68,439.66,439.66,-0.0,33.44,14558.13,-1
2024-09-11,2024-09-11 12:26:00,439.66,439.66,439.63,439.63,-0.01,33.44,14558.13,-1
2024-09-11,2024-09-11 12:27:00,439.63,439.63,439.61,439.61,-0.0,33.44,14558.13,-1
2024-09-11,2024-09-11 12:28:00,439.61,439.61,439.59,439.59,-0.0,33.44,14558.13,-1
2024-09-11,2024-09-11 12:29:00,439.59,439.59,439.56,439.56,-0.01,33.44,14558.13,-1
2024-09-11,2024-09-11 12:30:00,439.56,439.56,439.54,439.54,-0.0,33.44,14558.13,-1
2024-09-11,2024-09-11 12:31:00,439.54,439.54,439.51,439.51,-0.01,33.44,14558.13,-1
2024-09-11,2024-09-11 12:32:00,439.51,439.51,439.49,439.49,-0.0,33.44,14558.13,-1
2024-09-11,2024-09-11 12:33:00,439.49,439.49,439.47,439.47,-0.0,33.44,14558.13,-1
2024-09-11,2024-09-11 12:34:00,439.47,439.47,439.44,439.44,-0.01,33.44,14558.13,-1
2024-09-11,2024-09-11 12:35:00,439.44,439.44,439.42,439.42,-0.0,33.44,14558.13,-1
2024-09-11,2024-09-11 12:36:00,439.42,439.42,439.4,439.4,-0.0,33.44,14558.13,-1
2024-09-11,2024-09-11 12:37:00,439.4,439.4,439.37,439.37,-0.01,33.44,14558.13,-1
2024-09-11,2024-09-11 12:38:00,439.37,439.37,439.35,439.35,-0.0,33.44,14558.13,-1
2024-09-11,2024-09-11 12:39:00,439.35,439.35,439.32,439.32,-0.01,33.44,14558.13,-1
2024-09-11,2024-09-11 12:40:00,439.32,439.32,439.3,439.3,-0.0,33.44,14558.13,-1
2024-09-11,2024-09-11 12:41:00,439.3,439.3,439.28,439.28,-0.0,33.44,14558.13,-1
2024-09-11,2024-09-11 12:42:00,439.28,439.28,439.25,439.25,-0.01,33.44,14558.13,-1
2024-09-11,2024-09-11 12:43:00,439.25,439.25,439.23,439.23,-0.0,33.44,14558.13,-1
2024-09-11,2024-09-11 12:44:00,439.23,439.23,439.21,439.21,-0.0,33.44,14558.13,-1
2024-09-11,2024-09-11 12:45:00,439.21,439.21,439.18,439.18,-0.01,33.44,14558.13,-1
2024-09-11,2024-09-11 12:46:00,439.18,439.18,439.16,439.16,-0.0,33.44,14558.13,-1
2024-09-11,2024-09-11 12:47:00,439.16,439.16,439.13,439.13,-0.01,33.44,14558.13,-1
2024-09-11,2024-09-11 12:48:00,439.13,439.13,439.11,439.11,-0.0,33.44,14558.13,-1
2024-09-11,2024-09-11 12:49:00,439.11,439.11,439.09,439.09,-0.0,33.44,14558.13,-1
2024-09-11,2024-09-11 12:50:00,439.09,439.09,439.06,439.06,-0.01,33.44,14558.13,-1
2024-09-11,2024-09-11 12:51:00,439.06,439.06,439.04,439.04,-0.0,33.44,14558.13,-1
2024-09-11,2024-09-11 12:52:00,439.04,439.04,439.02,439.02,-0.0,33.44,14558.13,-1
2024-09-11,2024-09-11 12:53:00,439.02,439.02,438.99,438.99,-0.01,33.44,14558.13,-1
2024-09-11,2024-09-11 12:54:00,438.99,438.99,438.97,438.97,-0.0,33.44,14558.13,-1
2024-09-11,2024-09-11 12:55:00,438.97,438.97,438.94,438.94,-0.01,33.44,14558.13,-1
2024-09-11,2024-09-11 12:56:00,438.94,438.94,438.92,438.92,-0.0,33.44,14558.13,-1
2024-09-11,2024-09-11 12:57:00,438.92,438.92,438.9,438.9,-0.0,33.44,14558.13,-1
2024-09-11,2024-09-11 12:58:00,438.9,438.9,438.87,438.87,-0.01,33.44,14558.13,-1
2024-09-11,2024-09-11 12:59:00,438.87,438.87,438.85,438.85,-0.0,33.44,14558.13,-1
2024-09-11,2024-09-11 13:00:00,438.85,449.0,428.6,438.83,-0.0,33.44,14558.13,-1
2024-09-11,2024-09-11 13:01:00,438.83,438.83,438.8,438.8,-0.01,33.44,14558.13,-1
2024-09-11,2024-09-11 13:02:00,438.8,438.8,438.78,438.78,-0.0,33.44,14558.13,-1
2024-09-11,2024-09-11 13:03:00,438.78,438.78,438.75,438.75,-0.01,33.44,14558.13,-1
2024-09-11,2024-09-11 13:04:00,438.75,438.75,438.73,438.73,-0.0,33.44,14558.13,-1
2024-09-11,2024-09-11 13:05:00,438.73,438.73,438.71,438.71,-0.0,33.44,14558.13,-1
2024-09-11,2024-09-11 13:06:00,438.71,438.71,438.68,438.68,-0.01,33.44,14558.13,-1
2024-09-11,2024-09-11 13:07:00,438.68,438.68,438.66,438.66,-0.0,33.44,14558.13,-1
2024-09-11,2024-09-11 13:08:00,438.66,438.66,438.64,438.64,-0.0,33.44,14558.13,-1
2024-09-11,2024-09-11 13:09:00,438.64,438.64,438.61,438.61,-0.01,33.44,14558.13,-1
2024-09-11,2024-09-11 13:10:00,438.61,438.61,438.59,438.59,-0.0,33.44,14558.13,-1
2024-09-11,2024-09-11 13:11:00,438.59,438.59,438.56,438.56,-0.01,33.44,14558.13,-1
2024-09-11,2024-09-11 13:12:00,438.56,438.56,438.54,438.54,-0.0,33.44,14558.13,-1
2024-09-11,2024-09-11 13:13:00,438.54,438.54,438.52,438.52,-0.0,33.44,14558.13,-1
2024-09-11,2024-09-11 13:14:00,438.52,438.52,438.49,438.49,-0.01,33.44,14558.13,-1
2024-09-11,2024-09-11 13:15:00,438.49,438.49,438.47,438.47,-0.0,33.44,14558.13,-1
2024-09-11,2024-09-11 13:16:00,438.47,438.47,438.45,438.45,-0.0,33.44,14558.13,-1
2024-09-11,2024-09-11 13:17:00,438.45,438.45,438.42,438.42,-0.01,33.44,14558.13,-1
2024-09-11,2024-09-11 13:18:00,438.42,438.42,438.4,438.4,-0.0,33.44,14558.13,-1
2024-09-11,2024-09-11 13:19:00,438.4,438.4,438.38,438.38,-0.0,33.44,14558.13,-1
2024-09-11,2024-09-11 13:20:00,438.38,438.38,438.35,438.35,-0.01,33.44,14558.13,-1
2024-09-11,2024-09-11 13:21:00,438.35,438.35,438.33,438.33,-0.0,33.44,14558.13,-1
2024-09-11,2024-09-11 13:22:00,438.33,438.33,438.3,438.3,-0.01,33.44,14558.13,-1
2024-09-11,2024-09-11 13:23:00,438.3,438.3,438.28,438.28,-0.0,33.44,14558.13,-1
2024-09-11,2024-09-11 13:24:00,438.28,438.28,438.26,438.26,-0.0,33.44,14558.13,-1
2024-09-11,2024-09-11 13:25:00,438.26,438.26,438.23,438.23,-0.01,33.44,14558.13,-1
2024-09-11,2024-09-11 13:26:00,438.23,438.23,438.21,438.21,-0.0,33.44,14558.13,-1
2024-09-11,2024-09-11 13:27:00,438.21,438.21,438.19,438.19,-0.0,33.44,14558.13,-1
2024-09-11,2024-09-11 13:28:00,438.19,438.19,438.16,438.16,-0.01,33.44,14558.13,-1
2024-09-11,2024-09-11 13:29:00,438.16,438.16,438.14,438.14,-0.0,33.44,14558.13,-1
2024-09-11,2024-09-11 13:30:00,438.14,438.14,438.11,438.11,-0.01,33.44,14558.13,-1
2024-09-11,2024-09-11 13:31:00,438.11,438.11,438.09,438.09,-0.0,33.44,14558.13,-1
2024-09-11,2024-09-11 13:32:00,438.09,438.09,438.07,438.07,-0.0,33.44,14558.13,-1
2024-09-11,2024-09-11 13:33:00,438.07,438.07,438.04,438.04,-0.01,33.44,14558.13,-1
2024-09-11,2024-09-11 13:34:00,438.04,438.04,438.02,438.02,-0.0,33.44,14558.13,-1
2024-09-11,2024-09-11 13:35:00,438.02,438.02,438.0,438.0,-0.0,33.44,14558.13,-1
2024-09-11,2024-09-11 13:36:00,438.0,438.0,437.97,437.97,-0.01,33.44,14558.13,-1
2024-09-11,2024-09-11 13:37:00,437.97,437.97,437.95,437.95,-0.0,33.44,14558.13,-1
2024-09-11,2024-09-11 13:38:00,437.95,437.95,437.92,437.92,-0.01,33.44,14558.13,-1
2024-09-11,2024-09-11 13:39:00,437.92,437.92,437.9,437.9,-0.0,33.44,14558.13,-1
2024-09-11,2024-09-11 13:40:00,437.9,437.9,437.88,437.88,-0.0,33.44,14558.13,-1
2024-09-11,2024-09-11 13:41:00,437.88,437.88,437.85,437.85,-0.01,33.44,14558.13,-1
2024-09-11,2024-09-11 13:42:00,437.85,437.85,437.83,437.83,-0.0,33.44,14558.13,-1
2024-09-11,2024-09-11 13:43:00,437.83,437.83,437.81,437.81,-0.0,33.44,14558.13,-1
2024-09-11,2024-09-11 13:44:00,437.81,437.81,437.78,437.78,-0.01,33.44,14558.13,-1
2024-09-11,2024-09-11 13:45:00,437.78,437.78,437.76,437.76,-0.0,33.44,14558.13,-1
2024-09-11,2024-09-11 13:46:00,437.76,437.76,437.73,437.73,-0.01,33.44,14558.13,-1
2024-09-11,2024-09-11 13:47:00,437.73,437.73,437.71,437.71,-0.0,33.44,14558.13,-1
2024-09-11,2024-09-11 13:48:00,437.71,437.71,437.69,437.69,-0.0,33.44,14558.13,-1
2024-09-11,2024-09-11 13:49:00,437.69,437.69,437.66,437.66,-0.01,33.44,14558.13,-1
2024-09-11,2024-09-11 13:50:00,437.66,437.66,437.64,437.64,-0.0,33.44,14558.13,-1
2024-09-11,2024-09-11 13:51:00,437.64,437.64,437.62,437.62,-0.0,33.44,14558.13,-1
2024-09-11,2024-09-11 13:52:00,437.62,437.62,437.59,437.59,-0.01,33.44,14558.13,-1
2024-09-11,2024-09-11 13:53:00,437.59,437.59,437.57,437.57,-0.0,33.44,14558.13,-1
2024-09-11,2024-09-11 13:54:00,437.57,437.57,437.54,437.54,-0.01,33.44,14558.13,-1
2024-09-11,2024-09-11 13:55:00,437.54,437.54,437.52,437.52,-0.0,33.44,14558.13,-1
2024-09-11,2024-09-11 13:56:00,437.52,437.52,437.5,437.5,-0.0,33.44,14558.13,-1
2024-09-11,2024-09-11 13:57:00,437.5,437.5,437.47,437.47,-0.01,33.44,14558.13,-1
2024-09-11,2024-09-11 13:58:00,437.47,437.47,437.45,437.45,-0.0,33.44,14558.13,-1
2024-09-11,2024-09-11 13:59:00,437.45,437.45,437.43,437.43,-0.0,33.44,14558.13,-1
2024-09-11,2024-09-11 14:00:00,437.43,437.43,437.4,437.4,-0.01,33.44,14558.13,-1
2024-09-11,2024-09-11 14:01:00,437.4,437.4,437.38,437.38,-0.0,33.44,14558.13,-1
2024-09-11,2024-09-11 14:02:00,437.38,437.38,437.35,437.35,-0.01,33.44,14558.13,-1
2024-09-11,2024-09-11 14:03:00,437.35,437.35,437.33,437.33,-0.0,33.44,14558.13,-1
2024-09-11,2024-09-11 14:04:00,437.33,437.33,437.31,437.31,-0.0,33.44,14558.13,-1
2024-09-11,2024-09-11 14:05:00,437.31,437.31,437.28,437.28,-0.01,33.44,14558.13,-1
2024-09-11,2024-09-11 14:06:00,437.28,437.28,437.26,437.26,-0.0,33.44,14558.13,-1
2024-09-11,2024-09-11 14:07:00,437.26,437.26,437.24,437.24,-0.0,33.44,14558.13,-1
2024-09-11,2024-09-11 14:08:00,437.24,437.24,437.21,437.21,-0.01,33.44,14558.13,-1
2024-09-11,2024-09-11 14:09:00,437.21,437.21,437.19,437.19,-0.0,33.44,14558.13,-1
2024-09-11,2024-09-11 14:10:00,437.19,437.19,437.16,437.16,-0.01,33.44,14558.13,-1
2024-09-11,2024-09-11 14:11:00,437.16,437.16,437.14,437.14,-0.0,33.44,14558.13,-1
2024-09-11,2024-09-11 14:12:00,437.14,437.14,437.12,437.12,-0.0,33.44,14558.13,-1
2024-09-11,2024-09-11 14:13:00,437.12,437.12,437.09,437.09,-0.01,33.44,14558.13,-1
2024-09-11,2024-09-11 14:14:00,437.09,437.09,437.07,437.07,-0.0,33.44,14558.13,-1
2024-09-11,2024-09-11 14:15:00,437.07,437.07,437.05,437.05,-0.0,33.44,14558.13,-1
2024-09-11,2024-09-11 14:16:00,437.05,437.05,437.02,437.02,-0.01,33.44,14558.13,-1
2024-09-11,2024-09-11 14:17:00,437.02,437.02,437.0,437.0,-0.0,33.44,14558.13,-1
2024-09-11,2024-09-11 14:18:00,437.0,437.0,436.97,436.97,-0.01,33.44,14558.13,-1
2024-09-11,2024-09-11 14:19:00,436.97,436.97,436.95,436.95,-0.0,33.44,14558.13,-1
2024-09-11,2024-09-11 14:20:00,436.95,436.95,436.93,436.93,-0.0,33.44,14558.13,-1
2024-09-11,2024-09-11 14:21:00,436.93,436.93,436.9,436.9,-0.01,33.44,14558.13,-1
2024-09-11,2024-09-11 14:22:00,436.9,436.9,436.88,436.88,-0.0,33.44,14558.13,-1
2024-09-11,2024-09-11 14:23:00,436.88,436.88,436.86,436.86,-0.0,33.44,14558.13,-1
2024-09-11,2024-09-11 14:24:00,436.86,436.86,436.83,436.83,-0.01,33.44,14558.13,-1
2024-09-11,2024-09-11 14:25:00,436.83,436.83,436.81,436.81,-0.0,33.44,14558.13,-1
2024-09-11,2024-09-11 14:26:00,436.81,436.81,436.78,436.78,-0.01,33.44,14558.13,-1
2024-09-11,2024-09-11 14:27:00,436.78,436.78,436.76,436.76,-0.0,33.44,14558.13,-1
2024-09-11,2024-09-11 14:28:00,436.76,436.76,436.74,436.74,-0.0,33.44,14558.13,-1
2024-09-11,2024-09-11 14:29:00,436.74,436.74,436.71,436.71,-0.01,33.44,14558.13,-1
2024-09-11,2024-09-11 14:30:00,436.71,436.71,436.69,436.69,-0.0,33.44,14558.13,-1
2024-09-11,2024-09-11 14:31:00,436.69,436.69,436.67,436.67,-0.0,33.44,14558.13,-1
2024-09-11,2024-09-11 14:32:00,436.67,436.67,436.64,436.64,-0.01,33.44,14558.13,-1
2024-09-11,2024-09-11 14:33:00,436.64,436.64,436.62,436.62,-0.0,33.44,14558.13,-1
2024-09-11,2024-09-11 14:34:00,436.62,436.62,436.59,436.59,-0.01,33.44,14558.13,-1
2024-09-11,2024-09-11 14:35:00,436.59,436.59,436.57,436.57,-0.0,33.44,14558.13,-1
2024-09-11,2024-09-11 14:36:00,436.57,436.57,436.55,436.55,-0.0,33.44,14558.13,-1
2024-09-11,2024-09-11 14:37:00,436.55,436.55,436.52,436.52,-0.01,33.44,14558.13,-1
2024-09-11,2024-09-11 14:38:00,436.52,436.52,436.5,436.5,-0.0,33.44,14558.13,-1
2024-09-11,2024-09-11 14:39:00,436.5,436.5,436.48,436.48,-0.0,33.44,14558.13,-1
2024-09-11,2024-09-11 14:40:00,436.48,436.48,436.45,436.45,-0.01,33.44,14558.13,-1
2024-09-11,2024-09-11 14:41:00,436.45,436.45,436.43,436.43,-0.0,33.44,14558.13,-1
2024-09-11,2024-09-11 14:42:00,436.43,436.43,436.4,436.4,-0.01,33.44,14558.13,-1
2024-09-11,2024-09-11 14:43:00,436.4,436.4,436.38,436.38,-0.0,33.44,14558.13,-1
2024-09-11,2024-09-11 14:44:00,436.38,436.38,436.36,436.36,-0.0,33.44,14558.13,-1
2024-09-11,2024-09-11 14:45:00,436.36,436.36,436.33,436.33,-0.01,33.44,14558.13,-1
2024-09-11,2024-09-11 14:46:00,436.33,436.33,436.31,436.31,-0.0,33.44,14558.13,-1
2024-09-11,2024-09-11 14:47:00,436.31,436.31,436.29,436.29,-0.0,33.44,14558.13,-1
2024-09-11,2024-09-11 14:48:00,436.29,436.29,436.26,436.26,-0.01,33.44,14558.13,-1
2024-09-11,2024-09-11 14:49:00,436.26,436.26,436.24,436.24,-0.0,33.44,14558.13,-1
2024-09-11,2024-09-11 14:50:00,436.24,436.24,436.21,436.21,-0.01,33.44,14558.13,-1
2024-09-11,2024-09-11 14:51:00,436.21,436.21,436.19,436.19,-0.0,33.44,14558.13,-1
2024-09-11,2024-09-11 14:52:00,436.19,436.19,436.17,436.17,-0.0,33.44,14558.13,-1
2024-09-11,2024-09-11 14:53:00,436.17,436.17,436.14,436.14,-0.01,33.44,14558.13,-1
2024-09-11,2024-09-11 14:54:00,436.14,436.14,436.12,436.12,-0.0,33.44,14558.13,-1
2024-09-11,2024-09-11 14:55:00,436.12,436.12,436.1,436.1,-0.0,33.44,14558.13,-1
2024-09-11,2024-09-11 14:56:00,436.1,436.1,436.07,436.07,-0.01,33.44,14558.13,-1
2024-09-11,2024-09-11 14:57:00,436.07,436.07,436.05,436.05,-0.0,33.44,14558.13,-1
2024-09-11,2024-09-11 14:58:00,436.05,436.05,436.02,436.02,-0.01,33.44,14558.13,-1
2024-09-11,2024-09-11 14:59:00,436.02,436.02,436.0,436.0,-0.0,33.44,14558.13,-1
2024-09-11,2024-09-11 15:00:00,436.0,449.0,428.6,436.0,0.0,33.44,14558.13,0
2024-09-12,2024-09-12 11:00:00,432.0,442.83,432.0,432.11,0.03,53.2,23877.63,1
2024-09-12,2024-09-12 11:01:00,432.11,432.23,432.11,432.23,0.03,53.2,23877.63,1
2024-09-12,2024-09-12 11:02:00,432.23,432.34,432.23,432.34,0.03,53.2,23877.63,1
2024-09-12,2024-09-12 11:03:00,432.34,432.45,432.34,432.45,0.03,53.2,23877.63,1
2024-09-12,2024-09-12 11:04:00,432.45,432.56,432.45,432.56,0.03,53.2,23877.63,1
2024-09-12,2024-09-12 11:05:00,432.56,432.68,432.56,432.68,0.03,53.2,23877.63,1
2024-09-12,2024-09-12 11:06:00,432.68,432.79,432.68,432.79,0.03,53.2,23877.63,1
2024-09-12,2024-09-12 11:07:00,432.79,432.9,432.79,432.9,0.03,53.2,23877.63,1
2024-09-12,2024-09-12 11:08:00,432.9,433.01,432.9,433.01,0.03,53.2,23877.63,1
2024-09-12,2024-09-12 11:09:00,433.01,433.12,433.01,433.12,0.03,53.2,23877.63,1
2024-09-12,2024-09-12 11:10:00,433.12,433.24,433.12,433.24,0.03,53.2,23877.63,1
2024-09-12,2024-09-12 11:11:00,433.24,433.35,433.24,433.35,0.03,53.2,23877.63,1
2024-09-12,2024-09-12 11:12:00,433.35,433.46,433.35,433.46,0.03,53.2,23877.63,1
2024-09-12,2024-09-12 11:13:00,433.46,433.57,433.46,433.57,0.03,53.2,23877.63,1
2024-09-12,2024-09-12 11:14:00,433.57,433.69,433.57,433.69,0.03,53.2,23877.63,1
2024-09-12,2024-09-12 11:15:00,433.69,433.8,433.69,433.8,0.03,53.2,23877.63,1
2024-09-12,2024-09-12 11:16:00,433.8,433.91,433.8,433.91,0.03,53.2,23877.63,1
2024-09-12,2024-09-12 11:17:00,433.91,434.02,433.91,434.02,0.03,53.2,23877.63,1
2024-09-12,2024-09-12 11:18:00,434.02,434.14,434.02,434.14,0.03,53.2,23877.63,1
2024-09-12,2024-09-12 11:19:00,434.14,434.25,434.14,434.25,0.03,53.2,23877.63,1
2024-09-12,2024-09-12 11:20:00,434.25,434.36,434.25,434.36,0.03,53.2,23877.63,1
2024-09-12,2024-09-12 11:21:00,434.36,434.48,434.36,434.48,0.03,53.2,23877.63,1
2024-09-12,2024-09-12 11:22:00,434.48,434.59,434.48,434.59,0.03,53.2,23877.63,1
2024-09-12,2024-09-12 11:23:00,434.59,434.7,434.59,434.7,0.03,53.2,23877.63,1
2024-09-12,2024-09-12 11:24:00,434.7,434.81,434.7,434.81,0.03,53.2,23877.63,1
2024-09-12,2024-09-12 11:25:00,434.81,434.93,434.81,434.93,0.03,53.2,23877.63,1
2024-09-12,2024-09-12 11:26:00,434.93,435.04,434.93,435.04,0.03,53.2,23877.63,1
2024-09-12,2024-09-12 11:27:00,435.04,435.15,435.04,435.15,0.03,53.2,23877.63,1
2024-09-12,2024-09-12 11:28:00,435.15,435.26,435.15,435.26,0.03,53.2,23877.63,1
2024-09-12,2024-09-12 11:29:00,435.26,435.38,435.26,435.38,0.03,53.2,23877.63,1
2024-09-12,2024-09-12 11:30:00,435.38,435.49,435.38,435.49,0.03,53.2,23877.63,1
2024-09-12,2024-09-12 11:31:00,435.49,435.6,435.49,435.6,0.03,53.2,23877.63,1
2024-09-12,2024-09-12 11:32:00,435.6,435.71,435.6,435.71,0.03,53.2,23877.63,1
2024-09-12,2024-09-12 11:33:00,435.71,435.82,435.71,435.82,0.03,53.2,23877.63,1
2024-09-12,2024-09-12 11:34:00,435.82,435.94,435.82,435.94,0.03,53.2,23877.63,1
2024-09-12,2024-09-12 11:35:00,435.94,436.05,435.94,436.05,0.03,53.2,23877.63,1
2024-09-12,2024-09-12 11:36:00,436.05,436.16,436.05,436.16,0.03,53.2,23877.63,1
2024-09-12,2024-09-12 11:37:00,436.16,436.27,436.16,436.27,0.03,53.2,23877.63,1
2024-09-12,2024-09-12 11:38:00,436.27,436.39,436.27,436.39,0.03,53.2,23877.63,1
2024-09-12,2024-09-12 11:39:00,436.39,436.5,436.39,436.5,0.03,53.2,23877.63,1
2024-09-12,2024-09-12 11:40:00,436.5,436.61,436.5,436.61,0.03,53.2,23877.63,1
2024-09-12,2024-09-12 11:41:00,436.61,436.73,436.61,436.73,0.03,53.2,23877.63,1
2024-09-12,2024-09-12 11:42:00,436.73,436.84,436.73,436.84,0.03,53.2,23877.63,1
2024-09-12,2024-09-12 11:43:00,436.84,436.95,436.84,436.95,0.03,53.2,23877.63,1
2024-09-12,2024-09-12 11:44:00,436.95,437.06,436.95,437.06,0.03,53.2,23877.63,1
2024-09-12,2024-09-12 11:45:00,437.06,437.18,437.06,437.18,0.03,53.2,23877.63,1
2024-09-12,2024-09-12 11:46:00,437.18,437.29,437.18,437.29,0.03,53.2,23877.63,1
2024-09-12,2024-09-12 11:47:00,437.29,437.4,437.29,437.4,0.03,53.2,23877.63,1
2024-09-12,2024-09-12 11:48:00,437.4,437.51,437.4,437.51,0.03,53.2,23877.63,1
2024-09-12,2024-09-12 11:49:00,437.51,437.62,437.51,437.62,0.03,53.2,23877.63,1
2024-09-12,2024-09-12 11:50:00,437.62,437.74,437.62,437.74,0.03,53.2,23877.63,1
2024-09-12,2024-09-12 11:51:00,437.74,437.85,437.74,437.85,0.03,53.2,23877.63,1
2024-09-12,2024-09-12 11:52:00,437.85,437.96,437.85,437.96,0.03,53.2,23877.63,1
2024-09-12,2024-09-12 11:53:00,437.96,438.07,437.96,438.07,0.03,53.2,23877.63,1
2024-09-12,2024-09-12 11:54:00,438.07,438.19,438.07,438.19,0.03,53.2,23877.63,1
2024-09-12,2024-09-12 11:55:00,438.19,438.3,438.19,438.3,0.03,53.2,23877.63,1
2024-09-12,2024-09-12 11:56:00,438.3,438.41,438.3,438.41,0.03,53.2,23877.63,1
2024-09-12,2024-09-12 11:57:00,438.41,438.52,438.41,438.52,0.03,53.2,23877.63,1
2024-09-12,2024-09-12 11:58:00,438.52,438.64,438.52,438.64,0.03,53.2,23877.63,1
2024-09-12,2024-09-12 11:59:00,438.64,438.75,438.64,438.75,0.03,53.2,23877.63,1
2024-09-12,2024-09-12 12:00:00,438.75,438.86,438.75,438.86,0.03,53.2,23877.63,1
2024-09-12,2024-09-12 12:01:00,438.86,438.98,438.86,438.98,0.03,53.2,23877.63,1
2024-09-12,2024-09-12 12:02:00,438.98,439.09,438.98,439.09,0.03,53.2,23877.63,1
2024-09-12,2024-09-12 12:03:00,439.09,439.2,439.09,439.2,0.03,53.2,23877.63,1
2024-09-12,2024-09-12 12:04:00,439.2,439.31,439.2,439.31,0.03,53.2,23877.63,1
2024-09-12,2024-09-12 12:05:00,439.31,439.43,439.31,439.43,0.03,53.2,23877.63,1
2024-09-12,2024-09-12 12:06:00,439.43,439.54,439.43,439.54,0.03,53.2,23877.63,1
2024-09-12,2024-09-12 12:07:00,439.54,439.65,439.54,439.65,0.03,53.2,23877.63,1
2024-09-12,2024-09-12 12:08:00,439.65,439.76,439.65,439.76,0.03,53.2,23877.63,1
2024-09-12,2024-09-12 12:09:00,439.76,439.88,439.76,439.88,0.03,53.2,23877.63,1
2024-09-12,2024-09-12 12:10:00,439.88,439.99,439.88,439.99,0.03,53.2,23877.63,1
2024-09-12,2024-09-12 12:11:00,439.99,440.1,439.99,440.1,0.03,53.2,23877.63,1
2024-09-12,2024-09-12 12:12:00,440.1,440.21,440.1,440.21,0.02,53.2,23877.63,1
2024-09-12,2024-09-12 12:13:00,440.21,440.32,440.21,440.32,0.02,53.2,23877.63,1
2024-09-12,2024-09-12 12:14:00,440.32,440.44,440.32,440.44,0.03,53.2,23877.63,1
2024-09-12,2024-09-12 12:15:00,440.44,440.55,440.44,440.55,0.02,53.2,23877.63,1
2024-09-12,2024-09-12 12:16:00,440.55,440.66,440.55,440.66,0.02,53.2,23877.63,1
2024-09-12,2024-09-12 12:17:00,440.66,440.77,440.66,440.77,0.02,53.2,23877.63,1
2024-09-12,2024-09-12 12:18:00,440.77,440.89,440.77,440.89,0.03,53.2,23877.63,1
2024-09-12,2024-09-12 12:19:00,440.89,441.0,440.89,441.0,0.02,53.2,23877.63,1
2024-09-12,2024-09-12 12:20:00,441.0,441.11,441.0,441.11,0.02,53.2,23877.63,1
2024-09-12,2024-09-12 12:21:00,441.11,441.23,441.11,441.23,0.03,53.2,23877.63,1
2024-09-12,2024-09-12 12:22:00,441.23,441.34,441.23,441.34,0.02,53.2,23877.63,1
2024-09-12,2024-09-12 12:23:00,441.34,441.45,441.34,441.45,0.02,53.2,23877.63,1
2024-09-12,2024-09-12 12:24:00,441.45,441.56,441.45,441.56,0.02,53.2,23877.63,1
2024-09-12,2024-09-12 12:25:00,441.56,441.68,441.56,441.68,0.03,53.2,23877.63,1
2024-09-12,2024-09-12 12:26:00,441.68,441.79,441.68,441.79,0.02,53.2,23877.63,1
2024-09-12,2024-09-12 12:27:00,441.79,441.9,441.79,441.9,0.02,53.2,23877.63,1
2024-09-12,2024-09-12 12:28:00,441.9,442.01,441.9,442.01,0.02,53.2,23877.63,1
2024-09-12,2024-09-12 12:29:00,442.01,442.12,442.01,442.12,0.02,53.2,23877.63,1
2024-09-12,2024-09-12 12:30:00,442.12,442.24,442.12,442.24,0.03,53.2,23877.63,1
2024-09-12,2024-09-12 12:31:00,442.24,442.35,442.24,442.35,0.02,53.2,23877.63,1
2024-09-12,2024-09-12 12:32:00,442.35,442.46,442.35,442.46,0.02,53.2,23877.63,1
2024-09-12,2024-09-12 12:33:00,442.46,442.57,442.46,442.57,0.02,53.2,23877.63,1
2024-09-12,2024-09-12 12:34:00,442.57,442.69,442.57,442.69,0.03,53.2,23877.63,1
2024-09-12,2024-09-12 12:35:00,442.69,442.8,442.69,442.8,0.02,53.2,23877.63,1
2024-09-12,2024-09-12 12:36:00,442.8,442.91,442.8,442.91,0.02,53.2,23877.63,1
2024-09-12,2024-09-12 12:37:00,442.91,443.02,442.91,443.02,0.02,53.2,23877.63,1
2024-09-12,2024-09-12 12:38:00,443.02,443.14,443.02,443.14,0.03,53.2,23877.63,1
2024-09-12,2024-09-12 12:39:00,443.14,443.25,443.14,443.25,0.02,53.2,23877.63,1
2024-09-12,2024-09-12 12:40:00,443.25,443.36,443.25,443.36,0.02,53.2,23877.63,1
2024-09-12,2024-09-12 12:41:00,443.36,443.48,443.36,443.48,0.03,53.2,23877.63,1
2024-09-12,2024-09-12 12:42:00,443.48,443.59,443.48,443.59,0.02,53.2,23877.63,1
2024-09-12,2024-09-12 12:43:00,443.59,443.7,443.59,443.7,0.02,53.2,23877.63,1
2024-09-12,2024-09-12 12:44:00,443.7,443.81,443.7,443.81,0.02,53.2,23877.63,1
2024-09-12,2024-09-12 12:45:00,443.81,443.93,443.81,443.93,0.03,53.2,23877.63,1
2024-09-12,2024-09-12 12:46:00,443.93,444.04,443.93,444.04,0.02,53.2,23877.63,1
2024-09-12,2024-09-12 12:47:00,444.04,444.15,444.04,444.15,0.02,53.2,23877.63,1
2024-09-12,2024-09-12 12:48:00,444.15,444.26,444.15,444.26,0.02,53.2,23877.63,1
2024-09-12,2024-09-12 12:49:00,444.26,444.38,444.26,444.38,0.03,53.2,23877.63,1
2024-09-12,2024-09-12 12:50:00,444.38,444.49,444.38,444.49,0.02,53.2,23877.63,1
2024-09-12,2024-09-12 12:51:00,444.49,444.6,444.49,444.6,0.02,53.2,23877.63,1
2024-09-12,2024-09-12 12:52:00,444.6,444.71,444.6,444.71,0.02,53.2,23877.63,1
2024-09-12,2024-09-12 12:53:00,444.71,444.82,444.71,444.82,0.02,53.2,23877.63,1
2024-09-12,2024-09-12 12:54:00,444.82,444.94,444.82,444.94,0.03,53.2,23877.63,1
2024-09-12,2024-09-12 12:55:00,444.94,445.05,444.94,445.05,0.02,53.2,23877.63,1
2024-09-12,2024-09-12 12:56:00,445.05,445.16,445.05,445.16,0.02,53.2,23877.63,1
2024-09-12,2024-09-12 12:57:00,445.16,445.27,445.16,445.27,0.02,53.2,23877.63,1
2024-09-12,2024-09-12 12:58:00,445.27,445.39,445.27,445.39,0.03,53.2,23877.63,1
2024-09-12,2024-09-12 12:59:00,445.39,445.5,445.39,445.5,0.02,53.2,23877.63,1
2024-09-12,2024-09-12 13:00:00,445.5,468.1,432.0,445.61,0.02,53.2,23877.63,1
2024-09-12,2024-09-12 13:01:00,445.61,445.73,445.61,445.73,0.03,53.2,23877.63,1
2024-09-12,2024-09-12 13:02:00,445.73,445.84,445.73,445.84,0.02,53.2,23877.63,1
2024-09-12,2024-09-12 13:03:00,445.84,445.95,445.84,445.95,0.02,53.2,23877.63,1
2024-09-12,2024-09-12 13:04:00,445.95,446.06,445.95,446.06,0.02,53.2,23877.63,1
2024-09-12,2024-09-12 13:05:00,446.06,446.18,446.06,446.18,0.03,53.2,23877.63,1
2024-09-12,2024-09-12 13:06:00,446.18,446.29,446.18,446.29,0.02,53.2,23877.63,1
2024-09-12,2024-09-12 13:07:00,446.29,446.4,446.29,446.4,0.02,53.2,23877.63,1
2024-09-12,2024-09-12 13:08:00,446.4,446.51,446.4,446.51,0.02,53.2,23877.63,1
2024-09-12,2024-09-12 13:09:00,446.51,446.62,446.51,446.62,0.02,53.2,23877.63,1
2024-09-12,2024-09-12 13:10:00,446.62,446.74,446.62,446.74,0.03,53.2,23877.63,1
2024-09-12,2024-09-12 13:11:00,446.74,446.85,446.74,446.85,0.02,53.2,23877.63,1
2024-09-12,2024-09-12 13:12:00,446.85,446.96,446.85,446.96,0.02,53.2,23877.63,1
2024-09-12,2024-09-12 13:13:00,446.96,447.07,446.96,447.07,0.02,53.2,23877.63,1
2024-09-12,2024-09-12 13:14:00,447.07,447.19,447.07,447.19,0.03,53.2,23877.63,1
2024-09-12,2024-09-12 13:15:00,447.19,447.3,447.19,447.3,0.02,53.2,23877.63,1
2024-09-12,2024-09-12 13:16:00,447.3,447.41,447.3,447.41,0.02,53.2,23877.63,1
2024-09-12,2024-09-12 13:17:00,447.41,447.52,447.41,447.52,0.02,53.2,23877.63,1
2024-09-12,2024-09-12 13:18:00,447.52,447.64,447.52,447.64,0.03,53.2,23877.63,1
2024-09-12,2024-09-12 13:19:00,447.64,447.75,447.64,447.75,0.02,53.2,23877.63,1
2024-09-12,2024-09-12 13:20:00,447.75,447.86,447.75,447.86,0.02,53.2,23877.63,1
2024-09-12,2024-09-12 13:21:00,447.86,447.98,447.86,447.98,0.03,53.2,23877.63,1
2024-09-12,2024-09-12 13:22:00,447.98,448.09,447.98,448.09,0.02,53.2,23877.63,1
2024-09-12,2024-09-12 13:23:00,448.09,448.2,448.09,448.2,0.02,53.2,23877.63,1
2024-09-12,2024-09-12 13:24:00,448.2,448.31,448.2,448.31,0.02,53.2,23877.63,1
2024-09-12,2024-09-12 13:25:00,448.31,448.43,448.31,448.43,0.03,53.2,23877.63,1
2024-09-12,2024-09-12 13:26:00,448.43,448.54,448.43,448.54,0.02,53.2,23877.63,1
2024-09-12,2024-09-12 13:27:00,448.54,448.65,448.54,448.65,0.02,53.2,23877.63,1
2024-09-12,2024-09-12 13:28:00,448.65,448.76,448.65,448.76,0.02,53.2,23877.63,1
2024-09-12,2024-09-12 13:29:00,448.76,448.88,448.76,448.88,0.03,53.2,23877.63,1
2024-09-12,2024-09-12 13:30:00,448.88,448.99,448.88,448.99,0.02,53.2,23877.63,1
2024-09-12,2024-09-12 13:31:00,448.99,449.1,448.99,449.1,0.02,53.2,23877.63,1
2024-09-12,2024-09-12 13:32:00,449.1,449.21,449.1,449.21,0.02,53.2,23877.63,1
2024-09-12,2024-09-12 13:33:00,449.21,449.32,449.21,449.32,0.02,53.2,23877.63,1
2024-09-12,2024-09-12 13:34:00,449.32,449.44,449.32,449.44,0.03,53.2,23877.63,1
2024-09-12,2024-09-12 13:35:00,449.44,449.55,449.44,449.55,0.02,53.2,23877.63,1
2024-09-12,2024-09-12 13:36:00,449.55,449.66,449.55,449.66,0.02,53.2,23877.63,1
2024-09-12,2024-09-12 13:37:00,449.66,449.77,449.66,449.77,0.02,53.2,23877.63,1
2024-09-12,2024-09-12 13:38:00,449.77,449.89,449.77,449.89,0.03,53.2,23877.63,1
2024-09-12,2024-09-12 13:39:00,449.89,450.0,449.89,450.0,0.02,53.2,23877.63,1
2024-09-12,2024-09-12 13:40:00,450.0,450.11,450.0,450.11,0.02,53.2,23877.63,1
2024-09-12,2024-09-12 13:41:00,450.11,450.23,450.11,450.23,0.03,53.2,23877.63,1
2024-09-12,2024-09-12 13:42:00,450.23,450.34,450.23,450.34,0.02,53.2,23877.63,1
2024-09-12,2024-09-12 13:43:00,450.34,450.45,450.34,450.45,0.02,53.2,23877.63,1
2024-09-12,2024-09-12 13:44:00,450.45,450.56,450.45,450.56,0.02,53.2,23877.63,1
2024-09-12,2024-09-12 13:45:00,450.56,450.68,450.56,450.68,0.03,53.2,23877.63,1
2024-09-12,2024-09-12 13:46:00,450.68,450.79,450.68,450.79,0.02,53.2,23877.63,1
2024-09-12,2024-09-12 13:47:00,450.79,450.9,450.79,450.9,0.02,53.2,23877.63,1
2024-09-12,2024-09-12 13:48:00,450.9,451.01,450.9,451.01,0.02,53.2,23877.63,1
2024-09-12,2024-09-12 13:49:00,451.01,451.12,451.01,451.12,0.02,53.2,23877.63,1
2024-09-12,2024-09-12 13:50:00,451.12,451.24,451.12,451.24,0.03,53.2,23877.63,1
2024-09-12,2024-09-12 13:51:00,451.24,451.35,451.24,451.35,0.02,53.2,23877.63,1
2024-09-12,2024-09-12 13:52:00,451.35,451.46,451.35,451.46,0.02,53.2,23877.63,1
2024-09-12,2024-09-12 13:53:00,451.46,451.57,451.46,451.57,0.02,53.2,23877.63,1
2024-09-12,2024-09-12 13:54:00,451.57,451.69,451.57,451.69,0.03,53.2,23877.63,1
2024-09-12,2024-09-12 13:55:00,451.69,451.8,451.69,451.8,0.02,53.2,23877.63,1
2024-09-12,2024-09-12 13:56:00,451.8,451.91,451.8,451.91,0.02,53.2,23877.63,1
2024-09-12,2024-09-12 13:57:00,451.91,452.02,451.91,452.02,0.02,53.2,23877.63,1
2024-09-12,2024-09-12 13:58:00,452.02,452.14,452.02,452.14,0.03,53.2,23877.63,1
2024-09-12,2024-09-12 13:59:00,452.14,452.25,452.14,452.25,0.02,53.2,23877.63,1
2024-09-12,2024-09-12 14:00:00,452.25,452.36,452.25,452.36,0.02,53.2,23877.63,1
2024-09-12,2024-09-12 14:01:00,452.36,452.48,452.36,452.48,0.03,53.2,23877.63,1
2024-09-12,2024-09-12 14:02:00,452.48,452.59,452.48,452.59,0.02,53.2,23877.63,1
2024-09-12,2024-09-12 14:03:00,452.59,452.7,452.59,452.7,0.02,53.2,23877.63,1
2024-09-12,2024-09-12 14:04:00,452.7,452.81,452.7,452.81,0.02,53.2,23877.63,1
2024-09-12,2024-09-12 14:05:00,452.81,452.93,452.81,452.93,0.03,53.2,23877.63,1
2024-09-12,2024-09-12 14:06:00,452.93,453.04,452.93,453.04,0.02,53.2,23877.63,1
2024-09-12,2024-09-12 14:07:00,453.04,453.15,453.04,453.15,0.02,53.2,23877.63,1
2024-09-12,2024-09-12 14:08:00,453.15,453.26,453.15,453.26,0.02,53.2,23877.63,1
2024-09-12,2024-09-12 14:09:00,453.26,453.38,453.26,453.38,0.03,53.2,23877.63,1
2024-09-12,2024-09-12 14:10:00,453.38,453.49,453.38,453.49,0.02,53.2,23877.63,1
2024-09-12,2024-09-12 14:11:00,453.49,453.6,453.49,453.6,0.02,53.2,23877.63,1
2024-09-12,2024-09-12 14:12:00,453.6,453.71,453.6,453.71,0.02,53.2,23877.63,1
2024-09-12,2024-09-12 14:13:00,453.71,453.82,453.71,453.82,0.02,53.2,23877.63,1
2024-09-12,2024-09-12 14:14:00,453.82,453.94,453.82,453.94,0.03,53.2,23877.63,1
2024-09-12,2024-09-12 14:15:00,453.94,454.05,453.94,454.05,0.02,53.2,23877.63,1
2024-09-12,2024-09-12 14:16:00,454.05,454.16,454.05,454.16,0.02,53.2,23877.63,1
2024-09-12,2024-09-12 14:17:00,454.16,454.27,454.16,454.27,0.02,53.2,23877.63,1
2024-09-12,2024-09-12 14:18:00,454.27,454.39,454.27,454.39,0.03,53.2,23877.63,1
2024-09-12,2024-09-12 14:19:00,454.39,454.5,454.39,454.5,0.02,53.2,23877.63,1
2024-09-12,2024-09-12 14:20:00,454.5,454.61,454.5,454.61,0.02,53.2,23877.63,1
2024-09-12,2024-09-12 14:21:00,454.61,454.73,454.61,454.73,0.03,53.2,23877.63,1
2024-09-12,2024-09-12 14:22:00,454.73,454.84,454.73,454.84,0.02,53.2,23877.63,1
2024-09-12,2024-09-12 14:23:00,454.84,454.95,454.84,454.95,0.02,53.2,23877.63,1
2024-09-12,2024-09-12 14:24:00,454.95,455.06,454.95,455.06,0.02,53.2,23877.63,1
2024-09-12,2024-09-12 14:25:00,455.06,455.18,455.06,455.18,0.03,53.2,23877.63,1
2024-09-12,2024-09-12 14:26:00,455.18,455.29,455.18,455.29,0.02,53.2,23877.63,1
2024-09-12,2024-09-12 14:27:00,455.29,455.4,455.29,455.4,0.02,53.2,23877.63,1
2024-09-12,2024-09-12 14:28:00,455.4,455.51,455.4,455.51,0.02,53.2,23877.63,1
2024-09-12,2024-09-12 14:29:00,455.51,455.62,455.51,455.62,0.02,53.2,23877.63,1
2024-09-12,2024-09-12 14:30:00,455.62,455.74,455.62,455.74,0.03,53.2,23877.63,1
2024-09-12,2024-09-12 14:31:00,455.74,455.85,455.74,455.85,0.02,53.2,23877.63,1
2024-09-12,2024-09-12 14:32:00,455.85,455.96,455.85,455.96,0.02,53.2,23877.63,1
2024-09-12,2024-09-12 14:33:00,455.96,456.07,455.96,456.07,0.02,53.2,23877.63,1
2024-09-12,2024-09-12 14:34:00,456.07,456.19,456.07,456.19,0.03,53.2,23877.63,1
2024-09-12,2024-09-12 14:35:00,456.19,456.3,456.19,456.3,0.02,53.2,23877.63,1
2024-09-12,2024-09-12 14:36:00,456.3,456.41,456.3,456.41,0.02,53.2,23877.63,1
2024-09-12,2024-09-12 14:37:00,456.41,456.52,456.41,456.52,0.02,53.2,23877.63,1
2024-09-12,2024-09-12 14:38:00,456.52,456.64,456.52,456.64,0.03,53.2,23877.63,1
2024-09-12,2024-09-12 14:39:00,456.64,456.75,456.64,456.75,0.02,53.2,23877.63,1
2024-09-12,2024-09-12 14:40:00,456.75,456.86,456.75,456.86,0.02,53.2,23877.63,1
2024-09-12,2024-09-12 14:41:00,456.86,456.98,456.86,456.98,0.03,53.2,23877.63,1
2024-09-12,2024-09-12 14:42:00,456.98,457.09,456.98,457.09,0.02,53.2,23877.63,1
2024-09-12,2024-09-12 14:43:00,457.09,457.2,457.09,457.2,0.02,53.2,23877.63,1
2024-09-12,2024-09-12 14:44:00,457.2,457.31,457.2,457.31,0.02,53.2,23877.63,1
2024-09-12,2024-09-12 14:45:00,457.31,457.43,457.31,457.43,0.03,53.2,23877.63,1
2024-09-12,2024-09-12 14:46:00,457.43,457.54,457.43,457.54,0.02,53.2,23877.63,1
2024-09-12,2024-09-12 14:47:00,457.54,457.65,457.54,457.65,0.02,53.2,23877.63,1
2024-09-12,2024-09-12 14:48:00,457.65,457.76,457.65,457.76,0.02,53.2,23877.63,1
2024-09-12,2024-09-12 14:49:00,457.76,457.88,457.76,457.88,0.03,53.2,23877.63,1
2024-09-12,2024-09-12 14:50:00,457.88,457.99,457.88,457.99,0.02,53.2,23877.63,1
2024-09-12,2024-09-12 14:51:00,457.99,458.1,457.99,458.1,0.02,53.2,23877.63,1
2024-09-12,2024-09-12 14:52:00,458.1,458.21,458.1,458.21,0.02,53.2,23877.63,1
2024-09-12,2024-09-12 14:53:00,458.21,458.32,458.21,458.32,0.02,53.2,23877.63,1
2024-09-12,2024-09-12 14:54:00,458.32,458.44,458.32,458.44,0.03,53.2,23877.63,1
2024-09-12,2024-09-12 14:55:00,458.44,458.55,458.44,458.55,0.02,53.2,23877.63,1
2024-09-12,2024-09-12 14:56:00,458.55,458.66,458.55,458.66,0.02,53.2,23877.63,1
2024-09-12,2024-09-12 14:57:00,458.66,458.77,458.66,458.77,0.02,53.2,23877.63,1
2024-09-12,2024-09-12 14:58:00,458.77,458.89,458.77,458.89,0.03,53.2,23877.63,1
2024-09-12,2024-09-12 14:59:00,458.89,459.0,458.89,459.0,0.02,53.2,23877.63,1
2024-09-12,2024-09-12 15:00:00,459.0,468.1,432.0,459.0,0.0,53.2,23877.63,0
2024-09-15,2024-09-15 11:00:00,460.0,465.1,454.93,459.94,-0.01,57.08,26445.62,-1
2024-09-15,2024-09-15 11:01:00,459.94,459.94,459.88,459.88,-0.01,57.08,26445.62,-1
2024-09-15,2024-09-15 11:02:00,459.88,459.88,459.82,459.82,-0.01,57.08,26445.62,-1
2024-09-15,2024-09-15 11:03:00,459.82,459.82,459.76,459.76,-0.01,57.08,26445.62,-1
2024-09-15,2024-09-15 11:04:00,459.76,459.76,459.7,459.7,-0.01,57.08,26445.62,-1
2024-09-15,2024-09-15 11:05:00,459.7,459.7,459.64,459.64,-0.01,57.08,26445.62,-1
2024-09-15,2024-09-15 11:06:00,459.64,459.64,459.59,459.59,-0.01,57.08,26445.62,-1
2024-09-15,2024-09-15 11:07:00,459.59,459.59,459.53,459.53,-0.01,57.08,26445.62,-1
2024-09-15,2024-09-15 11:08:00,459.53,459.53,459.47,459.47,-0.01,57.08,26445.62,-1
2024-09-15,2024-09-15 11:09:00,459.47,459.47,459.41,459.41,-0.01,57.08,26445.62,-1
2024-09-15,2024-09-15 11:10:00,459.41,459.41,459.35,459.35,-0.01,57.08,26445.62,-1
2024-09-15,2024-09-15 11:11:00,459.35,459.35,459.29,459.29,-0.01,57.08,26445.62,-1
2024-09-15,2024-09-15 11:12:00,459.29,459.29,459.23,459.23,-0.01,57.08,26445.62,-1
2024-09-15,2024-09-15 11:13:00,459.23,459.23,459.17,459.17,-0.01,57.08,26445.62,-1
2024-09-15,2024-09-15 11:14:00,459.17,459.17,459.11,459.11,-0.01,57.08,26445.62,-1
2024-09-15,2024-09-15 11:15:00,459.11,459.11,459.05,459.05,-0.01,57.08,26445.62,-1
2024-09-15,2024-09-15 11:16:00,459.05,459.05,458.99,458.99,-0.01,57.08,26445.62,-1
2024-09-15,2024-09-15 11:17:00,458.99,458.99,458.94,458.94,-0.01,57.08,26445.62,-1
2024-09-15,2024-09-15 11:18:00,458.94,458.94,458.88,458.88,-0.01,57.08,26445.62,-1
2024-09-15,2024-09-15 11:19:00,458.88,458.88,458.82,458.82,-0.01,57.08,26445.62,-1
2024-09-15,2024-09-15 11:20:00,458.82,458.82,458.76,458.76,-0.01,57.08,26445.62,-1
2024-09-15,2024-09-15 11:21:00,458.76,458.76,458.7,458.7,-0.01,57.08,26445.62,-1
2024-09-15,2024-09-15 11:22:00,458.7,458.7,458.64,458.64,-0.01,57.08,26445.62,-1
2024-09-15,2024-09-15 11:23:00,458.64,458.64,458.58,458.58,-0.01,57.08,26445.62,-1
2024-09-15,2024-09-15 11:24:00,458.58,458.58,458.52,458.52,-0.01,57.08,26445.62,-1
2024-09-15,2024-09-15 11:25:00,458.52,458.52,458.46,458.46,-0.01,57.08,26445.62,-1
2024-09-15,2024-09-15 11:26:00,458.46,458.46,458.4,458.4,-0.01,57.08,26445.62,-1
2024-09-15,2024-09-15 11:27:00,458.4,458.4,458.34,458.34,-0.01,57.08,26445.62,-1
2024-09-15,2024-09-15 11:28:00,458.34,458.34,458.28,458.28,-0.01,57.08,26445.62,-1
2024-09-15,2024-09-15 11:29:00,458.28,458.28,458.23,458.23,-0.01,57.08,26445.62,-1
2024-09-15,2024-09-15 11:30:00,458.23,458.23,458.17,458.17,-0.01,57.08,26445.62,-1
2024-09-15,2024-09-15 11:31:00,458.17,458.17,458.11,458.11,-0.01,57.08,26445.62,-1
2024-09-15,2024-09-15 11:32:00,458.11,458.11,458.05,458.05,-0.01,57.08,26445.62,-1
2024-09-15,2024-09-15 11:33:00,458.05,458.05,457.99,457.99,-0.01,57.08,26445.62,-1
2024-09-15,2024-09-15 11:34:00,457.99,457.99,457.93,457.93,-0.01,57.08,26445.62,-1
2024-09-15,2024-09-15 11:35:00,457.93,457.93,457.87,457.87,-0.01,57.08,26445.62,-1
2024-09-15,2024-09-15 11:36:00,457.87,457.87,457.81,457.81,-0.01,57.08,26445.62,-1
2024-09-15,2024-09-15 11:37:00,457.81,457.81,457.75,457.75,-0.01,57.08,26445.62,-1
2024-09-15,2024-09-15 11:38:00,457.75,457.75,457.69,457.69,-0.01,57.08,26445.62,-1
2024-09-15,2024-09-15 11:39:00,457.69,457.69,457.63,457.63,-0.01,57.08,26445.62,-1
2024-09-15,2024-09-15 11:40:00,457.63,457.63,457.57,457.57,-0.01,57.08,26445.62,-1
2024-09-15,2024-09-15 11:41:00,457.57,457.57,457.51,457.51,-0.01,57.08,26445.62,-1
2024-09-15,2024-09-15 11:42:00,457.51,457.51,457.46,457.46,-0.01,57.08,26445.62,-1
2024-09-15,2024-09-15 11:43:00,457.46,457.46,457.4,457.4,-0.01,57.08,26445.62,-1
2024-09-15,2024-09-15 11:44:00,457.4,457.4,457.34,457.34,-0.01,57.08,26445.62,-1
2024-09-15,2024-09-15 11:45:00,457.34,457.34,457.28,457.28,-0.01,57.08,26445.62,-1
2024-09-15,2024-09-15 11:46:00,457.28,457.28,457.22,457.22,-0.01,57.08,26445.62,-1
2024-09-15,2024-09-15 11:47:00,457.22,457.22,457.16,457.16,-0.01,57.08,26445.62,-1
2024-09-15,2024-09-15 11:48:00,457.16,457.16,457.1,457.1,-0.01,57.08,26445.62,-1
2024-09-15,2024-09-15 11:49:00,457.1,457.1,457.04,457.04,-0.01,57.08,26445.62,-1
2024-09-15,2024-09-15 11:50:00,457.04,457.04,456.98,456.98,-0.01,57.08,26445.62,-1
2024-09-15,2024-09-15 11:51:00,456.98,456.98,456.92,456.92,-0.01,57.08,26445.62,-1
2024-09-15,2024-09-15 11:52:00,456.92,456.92,456.86,456.86,-0.01,57.08,26445.62,-1
2024-09-15,2024-09-15 11:53:00,456.86,456.86,456.81,456.81,-0.01,57.08,26445.62,-1
2024-09-15,2024-09-15 11:54:00,456.81,456.81,456.75,456.75,-0.01,57.08,26445.62,-1
2024-09-15,2024-09-15 11:55:00,456.75,456.75,456.69,456.69,-0.01,57.08,26445.62,-1
2024-09-15,2024-09-15 11:56:00,456.69,456.69,456.63,456.63,-0.01,57.08,26445.62,-1
2024-09-15,2024-09-15 11:57:00,456.63,456.63,456.57,456.57,-0.01,57.08,26445.62,-1
2024-09-15,2024-09-15 11:58:00,456.57,456.57,456.51,456.51,-0.01,57.08,26445.62,-1
2024-09-15,2024-09-15 11:59:00,456.51,456.51,456.45,456.45,-0.01,57.08,26445.62,-1
2024-09-15,2024-09-15 12:00:00,456.45,456.45,456.39,456.39,-0.01,57.08,26445.62,-1
2024-09-15,2024-09-15 12:01:00,456.39,456.39,456.33,456.33,-0.01,57.08,26445.62,-1
2024-09-15,2024-09-15 12:02:00,456.33,456.33,456.27,456.27,-0.01,57.08,26445.62,-1
2024-09-15,2024-09-15 12:03:00,456.27,456.27,456.21,456.21,-0.01,57.08,26445.62,-1
2024-09-15,2024-09-15 12:04:00,456.21,456.21,456.15,456.15,-0.01,57.08,26445.62,-1
2024-09-15,2024-09-15 12:05:00,456.15,456.15,456.1,456.1,-0.01,57.08,26445.62,-1
2024-09-15,2024-09-15 12:06:00,456.1,456.1,456.04,456.04,-0.01,57.08,26445.62,-1
2024-09-15,2024-09-15 12:07:00,456.04,456.04,455.98,455.98,-0.01,57.08,26445.62,-1
2024-09-15,2024-09-15 12:08:00,455.98,455.98,455.92,455.92,-0.01,57.08,26445.62,-1
2024-09-15,2024-09-15 12:09:00,455.92,455.92,455.86,455.86,-0.01,57.08,26445.62,-1
2024-09-15,2024-09-15 12:10:00,455.86,455.86,455.8,455.8,-0.01,57.08,26445.62,-1
2024-09-15,2024-09-15 12:11:00,455.8,455.8,455.74,455.74,-0.01,57.08,26445.62,-1
2024-09-15,2024-09-15 12:12:00,455.74,455.74,455.68,455.68,-0.01,57.08,26445.62,-1
2024-09-15,2024-09-15 12:13:00,455.68,455.68,455.62,455.62,-0.01,57.08,26445.62,-1
2024-09-15,2024-09-15 12:14:00,455.62,455.62,455.56,455.56,-0.01,57.08,26445.62,-1
2024-09-15,2024-09-15 12:15:00,455.56,455.56,455.5,455.5,-0.01,57.08,26445.62,-1
2024-09-15,2024-09-15 12:16:00,455.5,455.5,455.44,455.44,-0.01,57.08,26445.62,-1
2024-09-15,2024-09-15 12:17:00,455.44,455.44,455.38,455.38,-0.01,57.08,26445.62,-1
2024-09-15,2024-09-15 12:18:00,455.38,455.38,455.33,455.33,-0.01,57.08,26445.62,-1
2024-09-15,2024-09-15 12:19:00,455.33,455.33,455.27,455.27,-0.01,57.08,26445.62,-1
2024-09-15,2024-09-15 12:20:00,455.27,455.27,455.21,455.21,-0.01,57.08,26445.62,-1
2024-09-15,2024-09-15 12:21:00,455.21,455.21,455.15,455.15,-0.01,57.08,26445.62,-1
2024-09-15,2024-09-15 12:22:00,455.15,455.15,455.09,455.09,-0.01,57.08,26445.62,-1
2024-09-15,2024-09-15 12:23:00,455.09,455.09,455.03,455.03,-0.01,57.08,26445.62,-1
2024-09-15,2024-09-15 12:24:00,455.03,455.03,454.97,454.97,-0.01,57.08,26445.62,-1
2024-09-15,2024-09-15 12:25:00,454.97,454.97,454.91,454.91,-0.01,57.08,26445.62,-1
2024-09-15,2024-09-15 12:26:00,454.91,454.91,454.85,454.85,-0.01,57.08,26445.62,-1
2024-09-15,2024-09-15 12:27:00,454.85,454.85,454.79,454.79,-0.01,57.08,26445.62,-1
2024-09-15,2024-09-15 12:28:00,454.79,454.79,454.73,454.73,-0.01,57.08,26445.62,-1
2024-09-15,2024-09-15 12:29:00,454.73,454.73,454.68,454.68,-0.01,57.08,26445.62,-1
2024-09-15,2024-09-15 12:30:00,454.68,454.68,454.62,454.62,-0.01,57.08,26445.62,-1
2024-09-15,2024-09-15 12:31:00,454.62,454.62,454.56,454.56,-0.01,57.08,26445.62,-1
2024-09-15,2024-09-15 12:32:00,454.56,454.56,454.5,454.5,-0.01,57.08,26445.62,-1
2024-09-15,2024-09-15 12:33:00,454.5,454.5,454.44,454.44,-0.01,57.08,26445.62,-1
2024-09-15,2024-09-15 12:34:00,454.44,454.44,454.38,454.38,-0.01,57.08,26445.62,-1
2024-09-15,2024-09-15 12:35:00,454.38,454.38,454.32,454.32,-0.01,57.08,26445.62,-1
2024-09-15,2024-09-15 12:36:00,454.32,454.32,454.26,454.26,-0.01,57.08,26445.62,-1
2024-09-15,2024-09-15 12:37:00,454.26,454.26,454.2,454.2,-0.01,57.08,26445.62,-1
2024-09-15,2024-09-15 12:38:00,454.2,454.2,454.14,454.14,-0.01,57.08,26445.62,-1
2024-09-15,2024-09-15 12:39:00,454.14,454.14,454.08,454.08,-0.01,57.08,26445.62,-1
2024-09-15,2024-09-15 12:40:00,454.08,454.08,454.02,454.02,-0.01,57.08,26445.62,-1
2024-09-15,2024-09-15 12:41:00,454.02,454.02,453.97,453.97,-0.01,57.08,26445.62,-1
2024-09-15,2024-09-15 12:42:00,453.97,453.97,453.91,453.91,-0.01,57.08,26445.62,-1
2024-09-15,2024-09-15 12:43:00,453.91,453.91,453.85,453.85,-0.01,57.08,26445.62,-1
2024-09-15,2024-09-15 12:44:00,453.85,453.85,453.79,453.79,-0.01,57.08,26445.62,-1
2024-09-15,2024-09-15 12:45:00,453.79,453.79,453.73,453.73,-0.01,57.08,26445.62,-1
2024-09-15,2024-09-15 12:46:00,453.73,453.73,453.67,453.67,-0.01,57.08,26445.62,-1
2024-09-15,2024-09-15 12:47:00,453.67,453.67,453.61,453.61,-0.01,57.08,26445.62,-1
2024-09-15,2024-09-15 12:48:00,453.61,453.61,453.55,453.55,-0.01,57.08,26445.62,-1
2024-09-15,2024-09-15 12:49:00,453.55,453.55,453.49,453.49,-0.01,57.08,26445.62,-1
2024-09-15,2024-09-15 12:50:00,453.49,453.49,453.43,453.43,-0.01,57.08,26445.62,-1
2024-09-15,2024-09-15 12:51:00,453.43,453.43,453.37,453.37,-0.01,57.08,26445.62,-1
2024-09-15,2024-09-15 12:52:00,453.37,453.37,453.31,453.31,-0.01,57.08,26445.62,-1
2024-09-15,2024-09-15 12:53:00,453.31,453.31,453.25,453.25,-0.01,57.08,26445.62,-1
2024-09-15,2024-09-15 12:54:00,453.25,453.25,453.2,453.2,-0.01,57.08,26445.62,-1
2024-09-15,2024-09-15 12:55:00,453.2,453.2,453.14,453.14,-0.01,57.08,26445.62,-1
2024-09-15,2024-09-15 12:56:00,453.14,453.14,453.08,453.08,-0.01,57.08,26445.62,-1
2024-09-15,2024-09-15 12:57:00,453.08,453.08,453.02,453.02,-0.01,57.08,26445.62,-1
2024-09-15,2024-09-15 12:58:00,453.02,453.02,452.96,452.96,-0.01,57.08,26445.62,-1
2024-09-15,2024-09-15 12:59:00,452.96,452.96,452.9,452.9,-0.01,57.08,26445.62,-1
2024-09-15,2024-09-15 13:00:00,452.9,477.0,443.1,452.84,-0.01,57.08,26445.62,-1
2024-09-15,2024-09-15 13:01:00,452.84,452.84,452.78,452.78,-0.01,57.08,26445.62,-1
2024-09-15,2024-09-15 13:02:00,452.78,452.78,452.72,452.72,-0.01,57.08,26445.62,-1
2024-09-15,2024-09-15 13:03:00,452.72,452.72,452.66,452.66,-0.01,57.08,26445.62,-1
2024-09-15,2024-09-15 13:04:00,452.66,452.66,452.6,452.6,-0.01,57.08,26445.62,-1
2024-09-15,2024-09-15 13:05:00,452.6,452.6,452.55,452.55,-0.01,57.08,26445.62,-1
2024-09-15,2024-09-15 13:06:00,452.55,452.55,452.49,452.49,-0.01,57.08,26445.62,-1
2024-09-15,2024-09-15 13:07:00,452.49,452.49,452.43,452.43,-0.01,57.08,26445.62,-1
2024-09-15,2024-09-15 13:08:00,452.43,452.43,452.37,452.37,-0.01,57.08,26445.62,-1
2024-09-15,2024-09-15 13:09:00,452.37,452.37,452.31,452.31,-0.01,57.08,26445.62,-1
2024-09-15,2024-09-15 13:10:00,452.31,452.31,452.25,452.25,-0.01,57.08,26445.62,-1
2024-09-15,2024-09-15 13:11:00,452.25,452.25,452.19,452.19,-0.01,57.08,26445.62,-1
2024-09-15,2024-09-15 13:12:00,452.19,452.19,452.13,452.13,-0.01,57.08,26445.62,-1
2024-09-15,2024-09-15 13:13:00,452.13,452.13,452.07,452.07,-0.01,57.08,26445.62,-1
2024-09-15,2024-09-15 13:14:00,452.07,452.07,452.01,452.01,-0.01,57.08,26445.62,-1
2024-09-15,2024-09-15 13:15:00,452.01,452.01,451.95,451.95,-0.01,57.08,26445.62,-1
2024-09-15,2024-09-15 13:16:00,451.95,451.95,451.89,451.89,-0.01,57.08,26445.62,-1
2024-09-15,2024-09-15 13:17:00,451.89,451.89,451.84,451.84,-0.01,57.08,26445.62,-1
2024-09-15,2024-09-15 13:18:00,451.84,451.84,451.78,451.78,-0.01,57.08,26445.62,-1
2024-09-15,2024-09-15 13:19:00,451.78,451.78,451.72,451.72,-0.01,57.08,26445.62,-1
2024-09-15,2024-09-15 13:20:00,451.72,451.72,451.66,451.66,-0.01,57.08,26445.62,-1
2024-09-15,2024-09-15 13:21:00,451.66,451.66,451.6,451.6,-0.01,57.08,26445.62,-1
2024-09-15,2024-09-15 13:22:00,451.6,451.6,451.54,451.54,-0.01,57.08,26445.62,-1
2024-09-15,2024-09-15 13:23:00,451.54,451.54,451.48,451.48,-0.01,57.08,26445.62,-1
2024-09-15,2024-09-15 13:24:00,451.48,451.48,451.42,451.42,-0.01,57.08,26445.62,-1
2024-09-15,2024-09-15 13:25:00,451.42,451.42,451.36,451.36,-0.01,57.08,26445.62,-1
2024-09-15,2024-09-15 13:26:00,451.36,451.36,451.3,451.3,-0.01,57.08,26445.62,-1
2024-09-15,2024-09-15 13:27:00,451.3,451.3,451.24,451.24,-0.01,57.08,26445.62,-1
2024-09-15,2024-09-15 13:28:00,451.24,451.24,451.18,451.18,-0.01,57.08,26445.62,-1
2024-09-15,2024-09-15 13:29:00,451.18,451.18,451.12,451.12,-0.01,57.08,26445.62,-1
2024-09-15,2024-09-15 13:30:00,451.12,451.12,451.07,451.07,-0.01,57.08,26445.62,-1
2024-09-15,2024-09-15 13:31:00,451.07,451.07,451.01,451.01,-0.01,57.08,26445.62,-1
2024-09-15,2024-09-15 13:32:00,451.01,451.01,450.95,450.95,-0.01,57.08,26445.62,-1
2024-09-15,2024-09-15 13:33:00,450.95,450.95,450.89,450.89,-0.01,57.08,26445.62,-1
2024-09-15,2024-09-15 13:34:00,450.89,450.89,450.83,450.83,-0.01,57.08,26445.62,-1
2024-09-15,2024-09-15 13:35:00,450.83,450.83,450.77,450.77,-0.01,57.08,26445.62,-1
2024-09-15,2024-09-15 13:36:00,450.77,450.77,450.71,450.71,-0.01,57.08,26445.62,-1
2024-09-15,2024-09-15 13:37:00,450.71,450.71,450.65,450.65,-0.01,57.08,26445.62,-1
2024-09-15,2024-09-15 13:38:00,450.65,450.65,450.59,450.59,-0.01,57.08,26445.62,-1
2024-09-15,2024-09-15 13:39:00,450.59,450.59,450.53,450.53,-0.01,57.08,26445.62,-1
2024-09-15,2024-09-15 13:40:00,450.53,450.53,450.47,450.47,-0.01,57.08,26445.62,-1
2024-09-15,2024-09-15 13:41:00,450.47,450.47,450.42,450.42,-0.01,57.08,26445.62,-1
2024-09-15,2024-09-15 13:42:00,450.42,450.42,450.36,450.36,-0.01,57.08,26445.62,-1
2024-09-15,2024-09-15 13:43:00,450.36,450.36,450.3,450.3,-0.01,57.08,26445.62,-1
2024-09-15,2024-09-15 13:44:00,450.3,450.3,450.24,450.24,-0.01,57.08,26445.62,-1
2024-09-15,2024-09-15 13:45:00,450.24,450.24,450.18,450.18,-0.01,57.08,26445.62,-1
2024-09-15,2024-09-15 13:46:00,450.18,450.18,450.12,450.12,-0.01,57.08,26445.62,-1
2024-09-15,2024-09-15 13:47:00,450.12,450.12,450.06,450.06,-0.01,57.08,26445.62,-1
2024-09-15,2024-09-15 13:48:00,450.06,450.06,450.0,450.0,-0.01,57.08,26445.62,-1
2024-09-15,2024-09-15 13:49:00,450.0,450.0,449.94,449.94,-0.01,57.08,26445.62,-1
2024-09-15,2024-09-15 13:50:00,449.94,449.94,449.88,449.88,-0.01,57.08,26445.62,-1
2024-09-15,2024-09-15 13:51:00,449.88,449.88,449.82,449.82,-0.01,57.08,26445.62,-1
2024-09-15,2024-09-15 13:52:00,449.82,449.82,449.76,449.76,-0.01,57.08,26445.62,-1
2024-09-15,2024-09-15 13:53:00,449.76,449.76,449.7,449.7,-0.01,57.08,26445.62,-1
2024-09-15,2024-09-15 13:54:00,449.7,449.7,449.65,449.65,-0.01,57.08,26445.62,-1
2024-09-15,2024-09-15 13:55:00,449.65,449.65,449.59,449.59,-0.01,57.08,26445.62,-1
2024-09-15,2024-09-15 13:56:00,449.59,449.59,449.53,449.53,-0.01,57.08,26445.62,-1
2024-09-15,2024-09-15 13:57:00,449.53,449.53,449.47,449.47,-0.01,57.08,26445.62,-1
2024-09-15,2024-09-15 13:58:00,449.47,449.47,449.41,449.41,-0.01,57.08,26445.62,-1
2024-09-15,2024-09-15 13:59:00,449.41,449.41,449.35,449.35,-0.01,57.08,26445.62,-1
2024-09-15,2024-09-15 14:00:00,449.35,449.35,449.29,449.29,-0.01,57.08,26445.62,-1
2024-09-15,2024-09-15 14:01:00,449.29,449.29,449.23,449.23,-0.01,57.08,26445.62,-1
2024-09-15,2024-09-15 14:02:00,449.23,449.23,449.17,449.17,-0.01,57.08,26445.62,-1
2024-09-15,2024-09-15 14:03:00,449.17,449.17,449.11,449.11,-0.01,57.08,26445.62,-1
2024-09-15,2024-09-15 14:04:00,449.11,449.11,449.05,449.05,-0.01,57.08,26445.62,-1
2024-09-15,2024-09-15 14:05:00,449.05,449.05,449.0,449.0,-0.01,57.08,26445.62,-1
2024-09-15,2024-09-15 14:06:00,449.0,449.0,448.94,448.94,-0.01,57.08,26445.62,-1
2024-09-15,2024-09-15 14:07:00,448.94,448.94,448.88,448.88,-0.01,57.08,26445.62,-1
2024-09-15,2024-09-15 14:08:00,448.88,448.88,448.82,448.82,-0.01,57.08,26445.62,-1
2024-09-15,2024-09-15 14:09:00,448.82,448.82,448.76,448.76,-0.01,57.08,26445.62,-1
2024-09-15,2024-09-15 14:10:00,448.76,448.76,448.7,448.7,-0.01,57.08,26445.62,-1
2024-09-15,2024-09-15 14:11:00,448.7,448.7,448.64,448.64,-0.01,57.08,26445.62,-1
2024-09-15,2024-09-15 14:12:00,448.64,448.64,448.58,448.58,-0.01,57.08,26445.62,-1
2024-09-15,2024-09-15 14:13:00,448.58,448.58,448.52,448.52,-0.01,57.08,26445.62,-1
2024-09-15,2024-09-15 14:14:00,448.52,448.52,448.46,448.46,-0.01,57.08,26445.62,-1
2024-09-15,2024-09-15 14:15:00,448.46,448.46,448.4,448.4,-0.01,57.08,26445.62,-1
2024-09-15,2024-09-15 14:16:00,448.4,448.4,448.34,448.34,-0.01,57.08,26445.62,-1
2024-09-15,2024-09-15 14:17:00,448.34,448.34,448.29,448.29,-0.01,57.08,26445.62,-1
2024-09-15,2024-09-15 14:18:00,448.29,448.29,448.23,448.23,-0.01,57.08,26445.62,-1
2024-09-15,2024-09-15 14:19:00,448.23,448.23,448.17,448.17,-0.01,57.08,26445.62,-1
2024-09-15,2024-09-15 14:20:00,448.17,448.17,448.11,448.11,-0.01,57.08,26445.62,-1
2024-09-15,2024-09-15 14:21:00,448.11,448.11,448.05,448.05,-0.01,57.08,26445.62,-1
2024-09-15,2024-09-15 14:22:00,448.05,448.05,447.99,447.99,-0.01,57.08,26445.62,-1
2024-09-15,2024-09-15 14:23:00,447.99,447.99,447.93,447.93,-0.01,57.08,26445.62,-1
2024-09-15,2024-09-15 14:24:00,447.93,447.93,447.87,447.87,-0.01,57.08,26445.62,-1
2024-09-15,2024-09-15 14:25:00,447.87,447.87,447.81,447.81,-0.01,57.08,26445.62,-1
2024-09-15,2024-09-15 14:26:00,447.81,447.81,447.75,447.75,-0.01,57.08,26445.62,-1
2024-09-15,2024-09-15 14:27:00,447.75,447.75,447.69,447.69,-0.01,57.08,26445.62,-1
2024-09-15,2024-09-15 14:28:00,447.69,447.69,447.63,447.63,-0.01,57.08,26445.62,-1
2024-09-15,2024-09-15 14:29:00,447.63,447.63,447.57,447.57,-0.01,57.08,26445.62,-1
2024-09-15,2024-09-15 14:30:00,447.57,447.57,447.52,447.52,-0.01,57.08,26445.62,-1
2024-09-15,2024-09-15 14:31:00,447.52,447.52,447.46,447.46,-0.01,57.08,26445.62,-1
2024-09-15,2024-09-15 14:32:00,447.46,447.46,447.4,447.4,-0.01,57.08,26445.62,-1
2024-09-15,2024-09-15 14:33:00,447.4,447.4,447.34,447.34,-0.01,57.08,26445.62,-1
2024-09-15,2024-09-15 14:34:00,447.34,447.34,447.28,447.28,-0.01,57.08,26445.62,-1
2024-09-15,2024-09-15 14:35:00,447.28,447.28,447.22,447.22,-0.01,57.08,26445.62,-1
2024-09-15,2024-09-15 14:36:00,447.22,447.22,447.16,447.16,-0.01,57.08,26445.62,-1
2024-09-15,2024-09-15 14:37:00,447.16,447.16,447.1,447.1,-0.01,57.08,26445.62,-1
2024-09-15,2024-09-15 14:38:00,447.1,447.1,447.04,447.04,-0.01,57.08,26445.62,-1
2024-09-15,2024-09-15 14:39:00,447.04,447.04,446.98,446.98,-0.01,57.08,26445.62,-1
2024-09-15,2024-09-15 14:40:00,446.98,446.98,446.92,446.92,-0.01,57.08,26445.62,-1
2024-09-15,2024-09-15 14:41:00,446.92,446.92,446.87,446.87,-0.01,57.08,26445.62,-1
2024-09-15,2024-09-15 14:42:00,446.87,446.87,446.81,446.81,-0.01,57.08,26445.62,-1
2024-09-15,2024-09-15 14:43:00,446.81,446.81,446.75,446.75,-0.01,57.08,26445.62,-1
2024-09-15,2024-09-15 14:44:00,446.75,446.75,446.69,446.69,-0.01,57.08,26445.62,-1
2024-09-15,2024-09-15 14:45:00,446.69,446.69,446.63,446.63,-0.01,57.08,26445.62,-1
2024-09-15,2024-09-15 14:46:00,446.63,446.63,446.57,446.57,-0.01,57.08,26445.62,-1
2024-09-15,2024-09-15 14:47:00,446.57,446.57,446.51,446.51,-0.01,57.08,26445.62,-1
2024-09-15,2024-09-15 14:48:00,446.51,446.51,446.45,446.45,-0.01,57.08,26445.62,-1
2024-09-15,2024-09-15 14:49:00,446.45,446.45,446.39,446.39,-0.01,57.08,26445.62,-1
2024-09-15,2024-09-15 14:50:00,446.39,446.39,446.33,446.33,-0.01,57.08,26445.62,-1
2024-09-15,2024-09-15 14:51:00,446.33,446.33,446.27,446.27,-0.01,57.08,26445.62,-1
2024-09-15,2024-09-15 14:52:00,446.27,446.27,446.21,446.21,-0.01,57.08,26445.62,-1
2024-09-15,2024-09-15 14:53:00,446.21,446.21,446.16,446.16,-0.01,57.08,26445.62,-1
2024-09-15,2024-09-15 14:54:00,446.16,446.16,446.1,446.1,-0.01,57.08,26445.62,-1
2024-09-15,2024-09-15 14:55:00,446.1,446.1,446.04,446.04,-0.01,57.08,26445.62,-1
2024-09-15,2024-09-15 14:56:00,446.04,446.04,445.98,445.98,-0.01,57.08,26445.62,-1
2024-09-15,2024-09-15 14:57:00,445.98,445.98,445.92,445.92,-0.01,57.08,26445.62,-1
2024-09-15,2024-09-15 14:58:00,445.92,445.92,445.86,445.86,-0.01,57.08,26445.62,-1
2024-09-15,2024-09-15 14:59:00,445.86,445.86,445.8,445.8,-0.01,57.08,26445.62,-1
2024-09-15,2024-09-15 15:00:00,445.8,477.0,443.1,445.8,0.0,57.08,26445.62,0
2024-09-16,2024-09-16 11:00:00,440.0,449.6,440.0,440.06,0.01,68.09,30875.24,1
2024-09-16,2024-09-16 11:01:00,440.06,440.12,440.06,440.12,0.01,68.09,30875.24,1
2024-09-16,2024-09-16 11:02:00,440.12,440.17,440.12,440.17,0.01,68.09,30875.24,1
2024-09-16,2024-09-16 11:03:00,440.17,440.23,440.17,440.23,0.01,68.09,30875.24,1
2024-09-16,2024-09-16 11:04:00,440.23,440.29,440.23,440.29,0.01,68.09,30875.24,1
2024-09-16,2024-09-16 11:05:00,440.29,440.35,440.29,440.35,0.01,68.09,30875.24,1
2024-09-16,2024-09-16 11:06:00,440.35,440.41,440.35,440.41,0.01,68.09,30875.24,1
2024-09-16,2024-09-16 11:07:00,440.41,440.46,440.41,440.46,0.01,68.09,30875.24,1
2024-09-16,2024-09-16 11:08:00,440.46,440.52,440.46,440.52,0.01,68.09,30875.24,1
2024-09-16,2024-09-16 11:09:00,440.52,440.58,440.52,440.58,0.01,68.09,30875.24,1
2024-09-16,2024-09-16 11:10:00,440.58,440.64,440.58,440.64,0.01,68.09,30875.24,1
2024-09-16,2024-09-16 11:11:00,440.64,440.69,440.64,440.69,0.01,68.09,30875.24,1
2024-09-16,2024-09-16 11:12:00,440.69,440.75,440.69,440.75,0.01,68.09,30875.24,1
2024-09-16,2024-09-16 11:13:00,440.75,440.81,440.75,440.81,0.01,68.09,30875.24,1
2024-09-16,2024-09-16 11:14:00,440.81,440.87,440.81,440.87,0.01,68.09,30875.24,1
2024-09-16,2024-09-16 11:15:00,440.87,440.93,440.87,440.93,0.01,68.09,30875.24,1
2024-09-16,2024-09-16 11:16:00,440.93,440.98,440.93,440.98,0.01,68.09,30875.24,1
2024-09-16,2024-09-16 11:17:00,440.98,441.04,440.98,441.04,0.01,68.09,30875.24,1
2024-09-16,2024-09-16 11:18:00,441.04,441.1,441.04,441.1,0.01,68.09,30875.24,1
2024-09-16,2024-09-16 11:19:00,441.1,441.16,441.1,441.16,0.01,68.09,30875.24,1
2024-09-16,2024-09-16 11:20:00,441.16,441.22,441.16,441.22,0.01,68.09,30875.24,1
2024-09-16,2024-09-16 11:21:00,441.22,441.27,441.22,441.27,0.01,68.09,30875.24,1
2024-09-16,2024-09-16 11:22:00,441.27,441.33,441.27,441.33,0.01,68.09,30875.24,1
2024-09-16,2024-09-16 11:23:00,441.33,441.39,441.33,441.39,0.01,68.09,30875.24,1
2024-09-16,2024-09-16 11:24:00,441.39,441.45,441.39,441.45,0.01,68.09,30875.24,1
2024-09-16,2024-09-16 11:25:00,441.45,441.51,441.45,441.51,0.01,68.09,30875.24,1
2024-09-16,2024-09-16 11:26:00,441.51,441.56,441.51,441.56,0.01,68.09,30875.24,1
2024-09-16,2024-09-16 11:27:00,441.56,441.62,441.56,441.62,0.01,68.09,30875.24,1
2024-09-16,2024-09-16 11:28:00,441.62,441.68,441.62,441.68,0.01,68.09,30875.24,1
2024-09-16,2024-09-16 11:29:00,441.68,441.74,441.68,441.74,0.01,68.09,30875.24,1
2024-09-16,2024-09-16 11:30:00,441.74,441.8,441.74,441.8,0.01,68.09,30875.24,1
2024-09-16,2024-09-16 11:31:00,441.8,441.85,441.8,441.85,0.01,68.09,30875.24,1
2024-09-16,2024-09-16 11:32:00,441.85,441.91,441.85,441.91,0.01,68.09,30875.24,1
2024-09-16,2024-09-16 11:33:00,441.91,441.97,441.91,441.97,0.01,68.09,30875.24,1
2024-09-16,2024-09-16 11:34:00,441.97,442.03,441.97,442.03,0.01,68.09,30875.24,1
2024-09-16,2024-09-16 11:35:00,442.03,442.08,442.03,442.08,0.01,68.09,30875.24,1
2024-09-16,2024-09-16 11:36:00,442.08,442.14,442.08,442.14,0.01,68.09,30875.24,1
2024-09-16,2024-09-16 11:37:00,442.14,442.2,442.14,442.2,0.01,68.09,30875.24,1
2024-09-16,2024-09-16 11:38:00,442.2,442.26,442.2,442.26,0.01,68.09,30875.24,1
2024-09-16,2024-09-16 11:39:00,442.26,442.32,442.26,442.32,0.01,68.09,30875.24,1
2024-09-16,2024-09-16 11:40:00,442.32,442.37,442.32,442.37,0.01,68.09,30875.24,1
2024-09-16,2024-09-16 11:41:00,442.37,442.43,442.37,442.43,0.01,68.09,30875.24,1
2024-09-16,2024-09-16 11:42:00,442.43,442.49,442.43,442.49,0.01,68.09,30875.24,1
2024-09-16,2024-09-16 11:43:00,442.49,442.55,442.49,442.55,0.01,68.09,30875.24,1
2024-09-16,2024-09-16 11:44:00,442.55,442.61,442.55,442.61,0.01,68.09,30875.24,1
2024-09-16,2024-09-16 11:45:00,442.61,442.66,442.61,442.66,0.01,68.09,30875.24,1
2024-09-16,2024-09-16 11:46:00,442.66,442.72,442.66,442.72,0.01,68.09,30875.24,1
2024-09-16,2024-09-16 11:47:00,442.72,442.78,442.72,442.78,0.01,68.09,30875.24,1
2024-09-16,2024-09-16 11:48:00,442.78,442.84,442.78,442.84,0.01,68.09,30875.24,1
2024-09-16,2024-09-16 11:49:00,442.84,442.9,442.84,442.9,0.01,68.09,30875.24,1
2024-09-16,2024-09-16 11:50:00,442.9,442.95,442.9,442.95,0.01,68.09,30875.24,1
2024-09-16,2024-09-16 11:51:00,442.95,443.01,442.95,443.01,0.01,68.09,30875.24,1
2024-09-16,2024-09-16 11:52:00,443.01,443.07,443.01,443.07,0.01,68.09,30875.24,1
2024-09-16,2024-09-16 11:53:00,443.07,443.13,443.07,443.13,0.01,68.09,30875.24,1
2024-09-16,2024-09-16 11:54:00,443.13,443.19,443.13,443.19,0.01,68.09,30875.24,1
2024-09-16,2024-09-16 11:55:00,443.19,443.24,443.19,443.24,0.01,68.09,30875.24,1
2024-09-16,2024-09-16 11:56:00,443.24,443.3,443.24,443.3,0.01,68.09,30875.24,1
2024-09-16,2024-09-16 11:57:00,443.3,443.36,443.3,443.36,0.01,68.09,30875.24,1
2024-09-16,2024-09-16 11:58:00,443.36,443.42,443.36,443.42,0.01,68.09,30875.24,1
2024-09-16,2024-09-16 11:59:00,443.42,443.48,443.42,443.48,0.01,68.09,30875.24,1
2024-09-16,2024-09-16 12:00:00,443.48,443.53,443.48,443.53,0.01,68.09,30875.24,1
2024-09-16,2024-09-16 12:01:00,443.53,443.59,443.53,443.59,0.01,68.09,30875.24,1
2024-09-16,2024-09-16 12:02:00,443.59,443.65,443.59,443.65,0.01,68.09,30875.24,1
2024-09-16,2024-09-16 12:03:00,443.65,443.71,443.65,443.71,0.01,68.09,30875.24,1
2024-09-16,2024-09-16 12:04:00,443.71,443.76,443.71,443.76,0.01,68.09,30875.24,1
2024-09-16,2024-09-16 12:05:00,443.76,443.82,443.76,443.82,0.01,68.09,30875.24,1
2024-09-16,2024-09-16 12:06:00,443.82,443.88,443.82,443.88,0.01,68.09,30875.24,1
2024-09-16,2024-09-16 12:07:00,443.88,443.94,443.88,443.94,0.01,68.09,30875.24,1
2024-09-16,2024-09-16 12:08:00,443.94,444.0,443.94,444.0,0.01,68.09,30875.24,1
2024-09-16,2024-09-16 12:09:00,444.0,444.05,444.0,444.05,0.01,68.09,30875.24,1
2024-09-16,2024-09-16 12:10:00,444.05,444.11,444.05,444.11,0.01,68.09,30875.24,1
2024-09-16,2024-09-16 12:11:00,444.11,444.17,444.11,444.17,0.01,68.09,30875.24,1
2024-09-16,2024-09-16 12:12:00,444.17,444.23,444.17,444.23,0.01,68.09,30875.24,1
2024-09-16,2024-09-16 12:13:00,444.23,444.29,444.23,444.29,0.01,68.09,30875.24,1
2024-09-16,2024-09-16 12:14:00,444.29,444.34,444.29,444.34,0.01,68.09,30875.24,1
2024-09-16,2024-09-16 12:15:00,444.34,444.4,444.34,444.4,0.01,68.09,30875.24,1
2024-09-16,2024-09-16 12:16:00,444.4,444.46,444.4,444.46,0.01,68.09,30875.24,1
2024-09-16,2024-09-16 12:17:00,444.46,444.52,444.46,444.52,0.01,68.09,30875.24,1
2024-09-16,2024-09-16 12:18:00,444.52,444.58,444.52,444.58,0.01,68.09,30875.24,1
2024-09-16,2024-09-16 12:19:00,444.58,444.63,444.58,444.63,0.01,68.09,30875.24,1
2024-09-16,2024-09-16 12:20:00,444.63,444.69,444.63,444.69,0.01,68.09,30875.24,1
2024-09-16,2024-09-16 12:21:00,444.69,444.75,444.69,444.75,0.01,68.09,30875.24,1
2024-09-16,2024-09-16 12:22:00,444.75,444.81,444.75,444.81,0.01,68.09,30875.24,1
2024-09-16,2024-09-16 12:23:00,444.81,444.87,444.81,444.87,0.01,68.09,30875.24,1
2024-09-16,2024-09-16 12:24:00,444.87,444.92,444.87,444.92,0.01,68.09,30875.24,1
2024-09-16,2024-09-16 12:25:00,444.92,444.98,444.92,444.98,0.01,68.09,30875.24,1
2024-09-16,2024-09-16 12:26:00,444.98,445.04,444.98,445.04,0.01,68.09,30875.24,1
2024-09-16,2024-09-16 12:27:00,445.04,445.1,445.04,445.1,0.01,68.09,30875.24,1
2024-09-16,2024-09-16 12:28:00,445.1,445.15,445.1,445.15,0.01,68.09,30875.24,1
2024-09-16,2024-09-16 12:29:00,445.15,445.21,445.15,445.21,0.01,68.09,30875.24,1
2024-09-16,2024-09-16 12:30:00,445.21,445.27,445.21,445.27,0.01,68.09,30875.24,1
2024-09-16,2024-09-16 12:31:00,445.27,445.33,445.27,445.33,0.01,68.09,30875.24,1
2024-09-16,2024-09-16 12:32:00,445.33,445.39,445.33,445.39,0.01,68.09,30875.24,1
2024-09-16,2024-09-16 12:33:00,445.39,445.44,445.39,445.44,0.01,68.09,30875.24,1
2024-09-16,2024-09-16 12:34:00,445.44,445.5,445.44,445.5,0.01,68.09,30875.24,1
2024-09-16,2024-09-16 12:35:00,445.5,445.56,445.5,445.56,0.01,68.09,30875.24,1
2024-09-16,2024-09-16 12:36:00,445.56,445.62,445.56,445.62,0.01,68.09,30875.24,1
2024-09-16,2024-09-16 12:37:00,445.62,445.68,445.62,445.68,0.01,68.09,30875.24,1
2024-09-16,2024-09-16 12:38:00,445.68,445.73,445.68,445.73,0.01,68.09,30875.24,1
2024-09-16,2024-09-16 12:39:00,445.73,445.79,445.73,445.79,0.01,68.09,30875.24,1
2024-09-16,2024-09-16 12:40:00,445.79,445.85,445.79,445.85,0.01,68.09,30875.24,1
2024-09-16,2024-09-16 12:41:00,445.85,445.91,445.85,445.91,0.01,68.09,30875.24,1
2024-09-16,2024-09-16 12:42:00,445.91,445.97,445.91,445.97,0.01,68.09,30875.24,1
2024-09-16,2024-09-16 12:43:00,445.97,446.02,445.97,446.02,0.01,68.09,30875.24,1
2024-09-16,2024-09-16 12:44:00,446.02,446.08,446.02,446.08,0.01,68.09,30875.24,1
2024-09-16,2024-09-16 12:45:00,446.08,446.14,446.08,446.14,0.01,68.09,30875.24,1
2024-09-16,2024-09-16 12:46:00,446.14,446.2,446.14,446.2,0.01,68.09,30875.24,1
2024-09-16,2024-09-16 12:47:00,446.2,446.25,446.2,446.25,0.01,68.09,30875.24,1
2024-09-16,2024-09-16 12:48:00,446.25,446.31,446.25,446.31,0.01,68.09,30875.24,1
2024-09-16,2024-09-16 12:49:00,446.31,446.37,446.31,446.37,0.01,68.09,30875.24,1
2024-09-16,2024-09-16 12:50:00,446.37,446.43,446.37,446.43,0.01,68.09,30875.24,1
2024-09-16,2024-09-16 12:51:00,446.43,446.49,446.43,446.49,0.01,68.09,30875.24,1
2024-09-16,2024-09-16 12:52:00,446.49,446.54,446.49,446.54,0.01,68.09,30875.24,1
2024-09-16,2024-09-16 12:53:00,446.54,446.6,446.54,446.6,0.01,68.09,30875.24,1
2024-09-16,2024-09-16 12:54:00,446.6,446.66,446.6,446.66,0.01,68.09,30875.24,1
2024-09-16,2024-09-16 12:55:00,446.66,446.72,446.66,446.72,0.01,68.09,30875.24,1
2024-09-16,2024-09-16 12:56:00,446.72,446.78,446.72,446.78,0.01,68.09,30875.24,1
2024-09-16,2024-09-16 12:57:00,446.78,446.83,446.78,446.83,0.01,68.09,30875.24,1
2024-09-16,2024-09-16 12:58:00,446.83,446.89,446.83,446.89,0.01,68.09,30875.24,1
2024-09-16,2024-09-16 12:59:00,446.89,446.95,446.89,446.95,0.01,68.09,30875.24,1
2024-09-16,2024-09-16 13:00:00,446.95,472.0,440.0,447.01,0.01,68.09,30875.24,1
2024-09-16,2024-09-16 13:01:00,447.01,447.07,447.01,447.07,0.01,68.09,30875.24,1
2024-09-16,2024-09-16 13:02:00,447.07,447.12,447.07,447.12,0.01,68.09,30875.24,1
2024-09-16,2024-09-16 13:03:00,447.12,447.18,447.12,447.18,0.01,68.09,30875.24,1
2024-09-16,2024-09-16 13:04:00,447.18,447.24,447.18,447.24,0.01,68.09,30875.24,1
2024-09-16,2024-09-16 13:05:00,447.24,447.3,447.24,447.3,0.01,68.09,30875.24,1
2024-09-16,2024-09-16 13:06:00,447.3,447.36,447.3,447.36,0.01,68.09,30875.24,1
2024-09-16,2024-09-16 13:07:00,447.36,447.41,447.36,447.41,0.01,68.09,30875.24,1
2024-09-16,2024-09-16 13:08:00,447.41,447.47,447.41,447.47,0.01,68.09,30875.24,1
2024-09-16,2024-09-16 13:09:00,447.47,447.53,447.47,447.53,0.01,68.09,30875.24,1
2024-09-16,2024-09-16 13:10:00,447.53,447.59,447.53,447.59,0.01,68.09,30875.24,1
2024-09-16,2024-09-16 13:11:00,447.59,447.64,447.59,447.64,0.01,68.09,30875.24,1
2024-09-16,2024-09-16 13:12:00,447.64,447.7,447.64,447.7,0.01,68.09,30875.24,1
2024-09-16,2024-09-16 13:13:00,447.7,447.76,447.7,447.76,0.01,68.09,30875.24,1
2024-09-16,2024-09-16 13:14:00,447.76,447.82,447.76,447.82,0.01,68.09,30875.24,1
2024-09-16,2024-09-16 13:15:00,447.82,447.88,447.82,447.88,0.01,68.09,30875.24,1
2024-09-16,2024-09-16 13:16:00,447.88,447.93,447.88,447.93,0.01,68.09,30875.24,1
2024-09-16,2024-09-16 13:17:00,447.93,447.99,447.93,447.99,0.01,68.09,30875.24,1
2024-09-16,2024-09-16 13:18:00,447.99,448.05,447.99,448.05,0.01,68.09,30875.24,1
2024-09-16,2024-09-16 13:19:00,448.05,448.11,448.05,448.11,0.01,68.09,30875.24,1
2024-09-16,2024-09-16 13:20:00,448.11,448.17,448.11,448.17,0.01,68.09,30875.24,1
2024-09-16,2024-09-16 13:21:00,448.17,448.22,448.17,448.22,0.01,68.09,30875.24,1
2024-09-16,2024-09-16 13:22:00,448.22,448.28,448.22,448.28,0.01,68.09,30875.24,1
2024-09-16,2024-09-16 13:23:00,448.28,448.34,448.28,448.34,0.01,68.09,30875.24,1
2024-09-16,2024-09-16 13:24:00,448.34,448.4,448.34,448.4,0.01,68.09,30875.24,1
2024-09-16,2024-09-16 13:25:00,448.4,448.46,448.4,448.46,0.01,68.09,30875.24,1
2024-09-16,2024-09-16 13:26:00,448.46,448.51,448.46,448.51,0.01,68.09,30875.24,1
2024-09-16,2024-09-16 13:27:00,448.51,448.57,448.51,448.57,0.01,68.09,30875.24,1
2024-09-16,2024-09-16 13:28:00,448.57,448.63,448.57,448.63,0.01,68.09,30875.24,1
2024-09-16,2024-09-16 13:29:00,448.63,448.69,448.63,448.69,0.01,68.09,30875.24,1
2024-09-16,2024-09-16 13:30:00,448.69,448.75,448.69,448.75,0.01,68.09,30875.24,1
2024-09-16,2024-09-16 13:31:00,448.75,448.8,448.75,448.8,0.01,68.09,30875.24,1
2024-09-16,2024-09-16 13:32:00,448.8,448.86,448.8,448.86,0.01,68.09,30875.24,1
2024-09-16,2024-09-16 13:33:00,448.86,448.92,448.86,448.92,0.01,68.09,30875.24,1
2024-09-16,2024-09-16 13:34:00,448.92,448.98,448.92,448.98,0.01,68.09,30875.24,1
2024-09-16,2024-09-16 13:35:00,448.98,449.03,448.98,449.03,0.01,68.09,30875.24,1
2024-09-16,2024-09-16 13:36:00,449.03,449.09,449.03,449.09,0.01,68.09,30875.24,1
2024-09-16,2024-09-16 13:37:00,449.09,449.15,449.09,449.15,0.01,68.09,30875.24,1
2024-09-16,2024-09-16 13:38:00,449.15,449.21,449.15,449.21,0.01,68.09,30875.24,1
2024-09-16,2024-09-16 13:39:00,449.21,449.27,449.21,449.27,0.01,68.09,30875.24,1
2024-09-16,2024-09-16 13:40:00,449.27,449.32,449.27,449.32,0.01,68.09,30875.24,1
2024-09-16,2024-09-16 13:41:00,449.32,449.38,449.32,449.38,0.01,68.09,30875.24,1
2024-09-16,2024-09-16 13:42:00,449.38,449.44,449.38,449.44,0.01,68.09,30875.24,1
2024-09-16,2024-09-16 13:43:00,449.44,449.5,449.44,449.5,0.01,68.09,30875.24,1
2024-09-16,2024-09-16 13:44:00,449.5,449.56,449.5,449.56,0.01,68.09,30875.24,1
2024-09-16,2024-09-16 13:45:00,449.56,449.61,449.56,449.61,0.01,68.09,30875.24,1
2024-09-16,2024-09-16 13:46:00,449.61,449.67,449.61,449.67,0.01,68.09,30875.24,1
2024-09-16,2024-09-16 13:47:00,449.67,449.73,449.67,449.73,0.01,68.09,30875.24,1
2024-09-16,2024-09-16 13:48:00,449.73,449.79,449.73,449.79,0.01,68.09,30875.24,1
2024-09-16,2024-09-16 13:49:00,449.79,449.85,449.79,449.85,0.01,68.09,30875.24,1
2024-09-16,2024-09-16 13:50:00,449.85,449.9,449.85,449.9,0.01,68.09,30875.24,1
2024-09-16,2024-09-16 13:51:00,449.9,449.96,449.9,449.96,0.01,68.09,30875.24,1
2024-09-16,2024-09-16 13:52:00,449.96,450.02,449.96,450.02,0.01,68.09,30875.24,1
2024-09-16,2024-09-16 13:53:00,450.02,450.08,450.02,450.08,0.01,68.09,30875.24,1
2024-09-16,2024-09-16 13:54:00,450.08,450.14,450.08,450.14,0.01,68.09,30875.24,1
2024-09-16,2024-09-16 13:55:00,450.14,450.19,450.14,450.19,0.01,68.09,30875.24,1
2024-09-16,2024-09-16 13:56:00,450.19,450.25,450.19,450.25,0.01,68.09,30875.24,1
2024-09-16,2024-09-16 13:57:00,450.25,450.31,450.25,450.31,0.01,68.09,30875.24,1
2024-09-16,2024-09-16 13:58:00,450.31,450.37,450.31,450.37,0.01,68.09,30875.24,1
2024-09-16,2024-09-16 13:59:00,450.37,450.42,450.37,450.42,0.01,68.09,30875.24,1
2024-09-16,2024-09-16 14:00:00,450.42,450.48,450.42,450.48,0.01,68.09,30875.24,1
2024-09-16,2024-09-16 14:01:00,450.48,450.54,450.48,450.54,0.01,68.09,30875.24,1
2024-09-16,2024-09-16 14:02:00,450.54,450.6,450.54,450.6,0.01,68.09,30875.24,1
2024-09-16,2024-09-16 14:03:00,450.6,450.66,450.6,450.66,0.01,68.09,30875.24,1
2024-09-16,2024-09-16 14:04:00,450.66,450.71,450.66,450.71,0.01,68.09,30875.24,1
2024-09-16,2024-09-16 14:05:00,450.71,450.77,450.71,450.77,0.01,68.09,30875.24,1
2024-09-16,2024-09-16 14:06:00,450.77,450.83,450.77,450.83,0.01,68.09,30875.24,1
2024-09-16,2024-09-16 14:07:00,450.83,450.89,450.83,450.89,0.01,68.09,30875.24,1
2024-09-16,2024-09-16 14:08:00,450.89,450.95,450.89,450.95,0.01,68.09,30875.24,1
2024-09-16,2024-09-16 14:09:00,450.95,451.0,450.95,451.0,0.01,68.09,30875.24,1
2024-09-16,2024-09-16 14:10:00,451.0,451.06,451.0,451.06,0.01,68.09,30875.24,1
2024-09-16,2024-09-16 14:11:00,451.06,451.12,451.06,451.12,0.01,68.09,30875.24,1
2024-09-16,2024-09-16 14:12:00,451.12,451.18,451.12,451.18,0.01,68.09,30875.24,1
2024-09-16,2024-09-16 14:13:00,451.18,451.24,451.18,451.24,0.01,68.09,30875.24,1
2024-09-16,2024-09-16 14:14:00,451.24,451.29,451.24,451.29,0.01,68.09,30875.24,1
2024-09-16,2024-09-16 14:15:00,451.29,451.35,451.29,451.35,0.01,68.09,30875.24,1
2024-09-16,2024-09-16 14:16:00,451.35,451.41,451.35,451.41,0.01,68.09,30875.24,1
2024-09-16,2024-09-16 14:17:00,451.41,451.47,451.41,451.47,0.01,68.09,30875.24,1
2024-09-16,2024-09-16 14:18:00,451.47,451.53,451.47,451.53,0.01,68.09,30875.24,1
2024-09-16,2024-09-16 14:19:00,451.53,451.58,451.53,451.58,0.01,68.09,30875.24,1
2024-09-16,2024-09-16 14:20:00,451.58,451.64,451.58,451.64,0.01,68.09,30875.24,1
2024-09-16,2024-09-16 14:21:00,451.64,451.7,451.64,451.7,0.01,68.09,30875.24,1
2024-09-16,2024-09-16 14:22:00,451.7,451.76,451.7,451.76,0.01,68.09,30875.24,1
2024-09-16,2024-09-16 14:23:00,451.76,451.81,451.76,451.81,0.01,68.09,30875.24,1
2024-09-16,2024-09-16 14:24:00,451.81,451.87,451.81,451.87,0.01,68.09,30875.24,1
2024-09-16,2024-09-16 14:25:00,451.87,451.93,451.87,451.93,0.01,68.09,30875.24,1
2024-09-16,2024-09-16 14:26:00,451.93,451.99,451.93,451.99,0.01,68.09,30875.24,1
2024-09-16,2024-09-16 14:27:00,451.99,452.05,451.99,452.05,0.01,68.09,30875.24,1
2024-09-16,2024-09-16 14:28:00,452.05,452.1,452.05,452.1,0.01,68.09,30875.24,1
2024-09-16,2024-09-16 14:29:00,452.1,452.16,452.1,452.16,0.01,68.09,30875.24,1
2024-09-16,2024-09-16 14:30:00,452.16,452.22,452.16,452.22,0.01,68.09,30875.24,1
2024-09-16,2024-09-16 14:31:00,452.22,452.28,452.22,452.28,0.01,68.09,30875.24,1
2024-09-16,2024-09-16 14:32:00,452.28,452.34,452.28,452.34,0.01,68.09,30875.24,1
2024-09-16,2024-09-16 14:33:00,452.34,452.39,452.34,452.39,0.01,68.09,30875.24,1
2024-09-16,2024-09-16 14:34:00,452.39,452.45,452.39,452.45,0.01,68.09,30875.24,1
2024-09-16,2024-09-16 14:35:00,452.45,452.51,452.45,452.51,0.01,68.09,30875.24,1
2024-09-16,2024-09-16 14:36:00,452.51,452.57,452.51,452.57,0.01,68.09,30875.24,1
2024-09-16,2024-09-16 14:37:00,452.57,452.63,452.57,452.63,0.01,68.09,30875.24,1
2024-09-16,2024-09-16 14:38:00,452.63,452.68,452.63,452.68,0.01,68.09,30875.24,1
2024-09-16,2024-09-16 14:39:00,452.68,452.74,452.68,452.74,0.01,68.09,30875.24,1
2024-09-16,2024-09-16 14:40:00,452.74,452.8,452.74,452.8,0.01,68.09,30875.24,1
2024-09-16,2024-09-16 14:41:00,452.8,452.86,452.8,452.86,0.01,68.09,30875.24,1
2024-09-16,2024-09-16 14:42:00,452.86,452.92,452.86,452.92,0.01,68.09,30875.24,1
2024-09-16,2024-09-16 14:43:00,452.92,452.97,452.92,452.97,0.01,68.09,30875.24,1
2024-09-16,2024-09-16 14:44:00,452.97,453.03,452.97,453.03,0.01,68.09,30875.24,1
2024-09-16,2024-09-16 14:45:00,453.03,453.09,453.03,453.09,0.01,68.09,30875.24,1
2024-09-16,2024-09-16 14:46:00,453.09,453.15,453.09,453.15,0.01,68.09,30875.24,1
2024-09-16,2024-09-16 14:47:00,453.15,453.2,453.15,453.2,0.01,68.09,30875.24,1
2024-09-16,2024-09-16 14:48:00,453.2,453.26,453.2,453.26,0.01,68.09,30875.24,1
2024-09-16,2024-09-16 14:49:00,453.26,453.32,453.26,453.32,0.01,68.09,30875.24,1
2024-09-16,2024-09-16 14:50:00,453.32,453.38,453.32,453.38,0.01,68.09,30875.24,1
2024-09-16,2024-09-16 14:51:00,453.38,453.44,453.38,453.44,0.01,68.09,30875.24,1
2024-09-16,2024-09-16 14:52:00,453.44,453.49,453.44,453.49,0.01,68.09,30875.24,1
2024-09-16,2024-09-16 14:53:00,453.49,453.55,453.49,453.55,0.01,68.09,30875.24,1
2024-09-16,2024-09-16 14:54:00,453.55,453.61,453.55,453.61,0.01,68.09,30875.24,1
2024-09-16,2024-09-16 14:55:00,453.61,453.67,453.61,453.67,0.01,68.09,30875.24,1
2024-09-16,2024-09-16 14:56:00,453.67,453.73,453.67,453.73,0.01,68.09,30875.24,1
2024-09-16,2024-09-16 14:57:00,453.73,453.78,453.73,453.78,0.01,68.09,30875.24,1
2024-09-16,2024-09-16 14:58:00,453.78,453.84,453.78,453.84,0.01,68.09,30875.24,1
2024-09-16,2024-09-16 14:59:00,453.84,453.9,453.84,453.9,0.01,68.09,30875.24,1
2024-09-16,2024-09-16 15:00:00,453.9,472.0,440.0,453.9,0.0,68.09,30875.24,0
2024-09-18,2024-09-18 11:00:00,460.0,468.79,457.0,460.11,0.02,174.33,82212.02,1
2024-09-18,2024-09-18 11:01:00,460.11,460.22,460.11,460.22,0.02,174.33,82212.02,1
2024-09-18,2024-09-18 11:02:00,460.22,460.32,460.22,460.32,0.02,174.33,82212.02,1
2024-09-18,2024-09-18 11:03:00,460.32,460.43,460.32,460.43,0.02,174.33,82212.02,1
2024-09-18,2024-09-18 11:04:00,460.43,460.54,460.43,460.54,0.02,174.33,82212.02,1
2024-09-18,2024-09-18 11:05:00,460.54,460.65,460.54,460.65,0.02,174.33,82212.02,1
2024-09-18,2024-09-18 11:06:00,460.65,460.76,460.65,460.76,0.02,174.33,82212.02,1
2024-09-18,2024-09-18 11:07:00,460.76,460.87,460.76,460.87,0.02,174.33,82212.02,1
2024-09-18,2024-09-18 11:08:00,460.87,460.98,460.87,460.98,0.02,174.33,82212.02,1
2024-09-18,2024-09-18 11:09:00,460.98,461.08,460.98,461.08,0.02,174.33,82212.02,1
2024-09-18,2024-09-18 11:10:00,461.08,461.19,461.08,461.19,0.02,174.33,82212.02,1
2024-09-18,2024-09-18 11:11:00,461.19,461.3,461.19,461.3,0.02,174.33,82212.02,1
2024-09-18,2024-09-18 11:12:00,461.3,461.41,461.3,461.41,0.02,174.33,82212.02,1
2024-09-18,2024-09-18 11:13:00,461.41,461.52,461.41,461.52,0.02,174.33,82212.02,1
2024-09-18,2024-09-18 11:14:00,461.52,461.62,461.52,461.62,0.02,174.33,82212.02,1
2024-09-18,2024-09-18 11:15:00,461.62,461.73,461.62,461.73,0.02,174.33,82212.02,1
2024-09-18,2024-09-18 11:16:00,461.73,461.84,461.73,461.84,0.02,174.33,82212.02,1
2024-09-18,2024-09-18 11:17:00,461.84,461.95,461.84,461.95,0.02,174.33,82212.02,1
2024-09-18,2024-09-18 11:18:00,461.95,462.06,461.95,462.06,0.02,174.33,82212.02,1
2024-09-18,2024-09-18 11:19:00,462.06,462.17,462.06,462.17,0.02,174.33,82212.02,1
2024-09-18,2024-09-18 11:20:00,462.17,462.27,462.17,462.27,0.02,174.33,82212.02,1
2024-09-18,2024-09-18 11:21:00,462.27,462.38,462.27,462.38,0.02,174.33,82212.02,1
2024-09-18,2024-09-18 11:22:00,462.38,462.49,462.38,462.49,0.02,174.33,82212.02,1
2024-09-18,2024-09-18 11:23:00,462.49,462.6,462.49,462.6,0.02,174.33,82212.02,1
2024-09-18,2024-09-18 11:24:00,462.6,462.71,462.6,462.71,0.02,174.33,82212.02,1
2024-09-18,2024-09-18 11:25:00,462.71,462.82,462.71,462.82,0.02,174.33,82212.02,1
2024-09-18,2024-09-18 11:26:00,462.82,462.93,462.82,462.93,0.02,174.33,82212.02,1
2024-09-18,2024-09-18 11:27:00,462.93,463.03,462.93,463.03,0.02,174.33,82212.02,1
2024-09-18,2024-09-18 11:28:00,463.03,463.14,463.03,463.14,0.02,174.33,82212.02,1
2024-09-18,2024-09-18 11:29:00,463.14,463.25,463.14,463.25,0.02,174.33,82212.02,1
2024-09-18,2024-09-18 11:30:00,463.25,463.36,463.25,463.36,0.02,174.33,82212.02,1
2024-09-18,2024-09-18 11:31:00,463.36,463.47,463.36,463.47,0.02,174.33,82212.02,1
2024-09-18,2024-09-18 11:32:00,463.47,463.57,463.47,463.57,0.02,174.33,82212.02,1
2024-09-18,2024-09-18 11:33:00,463.57,463.68,463.57,463.68,0.02,174.33,82212.02,1
2024-09-18,2024-09-18 11:34:00,463.68,463.79,463.68,463.79,0.02,174.33,82212.02,1
2024-09-18,2024-09-18 11:35:00,463.79,463.9,463.79,463.9,0.02,174.33,82212.02,1
2024-09-18,2024-09-18 11:36:00,463.9,464.01,463.9,464.01,0.02,174.33,82212.02,1
2024-09-18,2024-09-18 11:37:00,464.01,464.12,464.01,464.12,0.02,174.33,82212.02,1
2024-09-18,2024-09-18 11:38:00,464.12,464.23,464.12,464.23,0.02,174.33,82212.02,1
2024-09-18,2024-09-18 11:39:00,464.23,464.33,464.23,464.33,0.02,174.33,82212.02,1
2024-09-18,2024-09-18 11:40:00,464.33,464.44,464.33,464.44,0.02,174.33,82212.02,1
2024-09-18,2024-09-18 11:41:00,464.44,464.55,464.44,464.55,0.02,174.33,82212.02,1
2024-09-18,2024-09-18 11:42:00,464.55,464.66,464.55,464.66,0.02,174.33,82212.02,1
2024-09-18,2024-09-18 11:43:00,464.66,464.77,464.66,464.77,0.02,174.33,82212.02,1
2024-09-18,2024-09-18 11:44:00,464.77,464.88,464.77,464.88,0.02,174.33,82212.02,1
2024-09-18,2024-09-18 11:45:00,464.88,464.98,464.88,464.98,0.02,174.33,82212.02,1
2024-09-18,2024-09-18 11:46:00,464.98,465.09,464.98,465.09,0.02,174.33,82212.02,1
2024-09-18,2024-09-18 11:47:00,465.09,465.2,465.09,465.2,0.02,174.33,82212.02,1
2024-09-18,2024-09-18 11:48:00,465.2,465.31,465.2,465.31,0.02,174.33,82212.02,1
2024-09-18,2024-09-18 11:49:00,465.31,465.42,465.31,465.42,0.02,174.33,82212.02,1
2024-09-18,2024-09-18 11:50:00,465.42,465.52,465.42,465.52,0.02,174.33,82212.02,1
2024-09-18,2024-09-18 11:51:00,465.52,465.63,465.52,465.63,0.02,174.33,82212.02,1
2024-09-18,2024-09-18 11:52:00,465.63,465.74,465.63,465.74,0.02,174.33,82212.02,1
2024-09-18,2024-09-18 11:53:00,465.74,465.85,465.74,465.85,0.02,174.33,82212.02,1
2024-09-18,2024-09-18 11:54:00,465.85,465.96,465.85,465.96,0.02,174.33,82212.02,1
2024-09-18,2024-09-18 11:55:00,465.96,466.07,465.96,466.07,0.02,174.33,82212.02,1
2024-09-18,2024-09-18 11:56:00,466.07,466.18,466.07,466.18,0.02,174.33,82212.02,1
2024-09-18,2024-09-18 11:57:00,466.18,466.28,466.18,466.28,0.02,174.33,82212.02,1
2024-09-18,2024-09-18 11:58:00,466.28,466.39,466.28,466.39,0.02,174.33,82212.02,1
2024-09-18,2024-09-18 11:59:00,466.39,466.5,466.39,466.5,0.02,174.33,82212.02,1
2024-09-18,2024-09-18 12:00:00,466.5,466.61,466.5,466.61,0.02,174.33,82212.02,1
2024-09-18,2024-09-18 12:01:00,466.61,466.72,466.61,466.72,0.02,174.33,82212.02,1
2024-09-18,2024-09-18 12:02:00,466.72,466.82,466.72,466.82,0.02,174.33,82212.02,1
2024-09-18,2024-09-18 12:03:00,466.82,466.93,466.82,466.93,0.02,174.33,82212.02,1
2024-09-18,2024-09-18 12:04:00,466.93,467.04,466.93,467.04,0.02,174.33,82212.02,1
2024-09-18,2024-09-18 12:05:00,467.04,467.15,467.04,467.15,0.02,174.33,82212.02,1
2024-09-18,2024-09-18 12:06:00,467.15,467.26,467.15,467.26,0.02,174.33,82212.02,1
2024-09-18,2024-09-18 12:07:00,467.26,467.37,467.26,467.37,0.02,174.33,82212.02,1
2024-09-18,2024-09-18 12:08:00,467.37,467.48,467.37,467.48,0.02,174.33,82212.02,1
2024-09-18,2024-09-18 12:09:00,467.48,467.58,467.48,467.58,0.02,174.33,82212.02,1
2024-09-18,2024-09-18 12:10:00,467.58,467.69,467.58,467.69,0.02,174.33,82212.02,1
2024-09-18,2024-09-18 12:11:00,467.69,467.8,467.69,467.8,0.02,174.33,82212.02,1
2024-09-18,2024-09-18 12:12:00,467.8,467.91,467.8,467.91,0.02,174.33,82212.02,1
2024-09-18,2024-09-18 12:13:00,467.91,468.02,467.91,468.02,0.02,174.33,82212.02,1
2024-09-18,2024-09-18 12:14:00,468.02,468.12,468.02,468.12,0.02,174.33,82212.02,1
2024-09-18,2024-09-18 12:15:00,468.12,468.23,468.12,468.23,0.02,174.33,82212.02,1
2024-09-18,2024-09-18 12:16:00,468.23,468.34,468.23,468.34,0.02,174.33,82212.02,1
2024-09-18,2024-09-18 12:17:00,468.34,468.45,468.34,468.45,0.02,174.33,82212.02,1
2024-09-18,2024-09-18 12:18:00,468.45,468.56,468.45,468.56,0.02,174.33,82212.02,1
2024-09-18,2024-09-18 12:19:00,468.56,468.67,468.56,468.67,0.02,174.33,82212.02,1
2024-09-18,2024-09-18 12:20:00,468.67,468.77,468.67,468.77,0.02,174.33,82212.02,1
2024-09-18,2024-09-18 12:21:00,468.77,468.88,468.77,468.88,0.02,174.33,82212.02,1
2024-09-18,2024-09-18 12:22:00,468.88,468.99,468.88,468.99,0.02,174.33,82212.02,1
2024-09-18,2024-09-18 12:23:00,468.99,469.1,468.99,469.1,0.02,174.33,82212.02,1
2024-09-18,2024-09-18 12:24:00,469.1,469.21,469.1,469.21,0.02,174.33,82212.02,1
2024-09-18,2024-09-18 12:25:00,469.21,469.32,469.21,469.32,0.02,174.33,82212.02,1
2024-09-18,2024-09-18 12:26:00,469.32,469.43,469.32,469.43,0.02,174.33,82212.02,1
2024-09-18,2024-09-18 12:27:00,469.43,469.53,469.43,469.53,0.02,174.33,82212.02,1
2024-09-18,2024-09-18 12:28:00,469.53,469.64,469.53,469.64,0.02,174.33,82212.02,1
2024-09-18,2024-09-18 12:29:00,469.64,469.75,469.64,469.75,0.02,174.33,82212.02,1
2024-09-18,2024-09-18 12:30:00,469.75,469.86,469.75,469.86,0.02,174.33,82212.02,1
2024-09-18,2024-09-18 12:31:00,469.86,469.97,469.86,469.97,0.02,174.33,82212.02,1
2024-09-18,2024-09-18 12:32:00,469.97,470.07,469.97,470.07,0.02,174.33,82212.02,1
2024-09-18,2024-09-18 12:33:00,470.07,470.18,470.07,470.18,0.02,174.33,82212.02,1
2024-09-18,2024-09-18 12:34:00,470.18,470.29,470.18,470.29,0.02,174.33,82212.02,1
2024-09-18,2024-09-18 12:35:00,470.29,470.4,470.29,470.4,0.02,174.33,82212.02,1
2024-09-18,2024-09-18 12:36:00,470.4,470.51,470.4,470.51,0.02,174.33,82212.02,1
2024-09-18,2024-09-18 12:37:00,470.51,470.62,470.51,470.62,0.02,174.33,82212.02,1
2024-09-18,2024-09-18 12:38:00,470.62,470.73,470.62,470.73,0.02,174.33,82212.02,1
2024-09-18,2024-09-18 12:39:00,470.73,470.83,470.73,470.83,0.02,174.33,82212.02,1
2024-09-18,2024-09-18 12:40:00,470.83,470.94,470.83,470.94,0.02,174.33,82212.02,1
2024-09-18,2024-09-18 12:41:00,470.94,471.05,470.94,471.05,0.02,174.33,82212.02,1
2024-09-18,2024-09-18 12:42:00,471.05,471.16,471.05,471.16,0.02,174.33,82212.02,1
2024-09-18,2024-09-18 12:43:00,471.16,471.27,471.16,471.27,0.02,174.33,82212.02,1
2024-09-18,2024-09-18 12:44:00,471.27,471.38,471.27,471.38,0.02,174.33,82212.02,1
2024-09-18,2024-09-18 12:45:00,471.38,471.48,471.38,471.48,0.02,174.33,82212.02,1
2024-09-18,2024-09-18 12:46:00,471.48,471.59,471.48,471.59,0.02,174.33,82212.02,1
2024-09-18,2024-09-18 12:47:00,471.59,471.7,471.59,471.7,0.02,174.33,82212.02,1
2024-09-18,2024-09-18 12:48:00,471.7,471.81,471.7,471.81,0.02,174.33,82212.02,1
2024-09-18,2024-09-18 12:49:00,471.81,471.92,471.81,471.92,0.02,174.33,82212.02,1
2024-09-18,2024-09-18 12:50:00,471.92,472.02,471.92,472.02,0.02,174.33,82212.02,1
2024-09-18,2024-09-18 12:51:00,472.02,472.13,472.02,472.13,0.02,174.33,82212.02,1
2024-09-18,2024-09-18 12:52:00,472.13,472.24,472.13,472.24,0.02,174.33,82212.02,1
2024-09-18,2024-09-18 12:53:00,472.24,472.35,472.24,472.35,0.02,174.33,82212.02,1
2024-09-18,2024-09-18 12:54:00,472.35,472.46,472.35,472.46,0.02,174.33,82212.02,1
2024-09-18,2024-09-18 12:55:00,472.46,472.57,472.46,472.57,0.02,174.33,82212.02,1
2024-09-18,2024-09-18 12:56:00,472.57,472.68,472.57,472.68,0.02,174.33,82212.02,1
2024-09-18,2024-09-18 12:57:00,472.68,472.78,472.68,472.78,0.02,174.33,82212.02,1
2024-09-18,2024-09-18 12:58:00,472.78,472.89,472.78,472.89,0.02,174.33,82212.02,1
2024-09-18,2024-09-18 12:59:00,472.89,473.0,472.89,473.0,0.02,174.33,82212.02,1
2024-09-18,2024-09-18 13:00:00,473.0,489.3,450.0,473.11,0.02,174.33,82212.02,1
2024-09-18,2024-09-18 13:01:00,473.11,473.22,473.11,473.22,0.02,174.33,82212.02,1
2024-09-18,2024-09-18 13:02:00,473.22,473.32,473.22,473.32,0.02,174.33,82212.02,1
2024-09-18,2024-09-18 13:03:00,473.32,473.43,473.32,473.43,0.02,174.33,82212.02,1
2024-09-18,2024-09-18 13:04:00,473.43,473.54,473.43,473.54,0.02,174.33,82212.02,1
2024-09-18,2024-09-18 13:05:00,473.54,473.65,473.54,473.65,0.02,174.33,82212.02,1
2024-09-18,2024-09-18 13:06:00,473.65,473.76,473.65,473.76,0.02,174.33,82212.02,1
2024-09-18,2024-09-18 13:07:00,473.76,473.87,473.76,473.87,0.02,174.33,82212.02,1
2024-09-18,2024-09-18 13:08:00,473.87,473.98,473.87,473.98,0.02,174.33,82212.02,1
2024-09-18,2024-09-18 13:09:00,473.98,474.08,473.98,474.08,0.02,174.33,82212.02,1
2024-09-18,2024-09-18 13:10:00,474.08,474.19,474.08,474.19,0.02,174.33,82212.02,1
2024-09-18,2024-09-18 13:11:00,474.19,474.3,474.19,474.3,0.02,174.33,82212.02,1
2024-09-18,2024-09-18 13:12:00,474.3,474.41,474.3,474.41,0.02,174.33,82212.02,1
2024-09-18,2024-09-18 13:13:00,474.41,474.52,474.41,474.52,0.02,174.33,82212.02,1
2024-09-18,2024-09-18 13:14:00,474.52,474.62,474.52,474.62,0.02,174.33,82212.02,1
2024-09-18,2024-09-18 13:15:00,474.62,474.73,474.62,474.73,0.02,174.33,82212.02,1
2024-09-18,2024-09-18 13:16:00,474.73,474.84,474.73,474.84,0.02,174.33,82212.02,1
2024-09-18,2024-09-18 13:17:00,474.84,474.95,474.84,474.95,0.02,174.33,82212.02,1
2024-09-18,2024-09-18 13:18:00,474.95,475.06,474.95,475.06,0.02,174.33,82212.02,1
2024-09-18,2024-09-18 13:19:00,475.06,475.17,475.06,475.17,0.02,174.33,82212.02,1
2024-09-18,2024-09-18 13:20:00,475.17,475.27,475.17,475.27,0.02,174.33,82212.02,1
2024-09-18,2024-09-18 13:21:00,475.27,475.38,475.27,475.38,0.02,174.33,82212.02,1
2024-09-18,2024-09-18 13:22:00,475.38,475.49,475.38,475.49,0.02,174.33,82212.02,1
2024-09-18,2024-09-18 13:23:00,475.49,475.6,475.49,475.6,0.02,174.33,82212.02,1
2024-09-18,2024-09-18 13:24:00,475.6,475.71,475.6,475.71,0.02,174.33,82212.02,1
2024-09-18,2024-09-18 13:25:00,475.71,475.82,475.71,475.82,0.02,174.33,82212.02,1
2024-09-18,2024-09-18 13:26:00,475.82,475.93,475.82,475.93,0.02,174.33,82212.02,1
2024-09-18,2024-09-18 13:27:00,475.93,476.03,475.93,476.03,0.02,174.33,82212.02,1
2024-09-18,2024-09-18 13:28:00,476.03,476.14,476.03,476.14,0.02,174.33,82212.02,1
2024-09-18,2024-09-18 13:29:00,476.14,476.25,476.14,476.25,0.02,174.33,82212.02,1
2024-09-18,2024-09-18 13:30:00,476.25,476.36,476.25,476.36,0.02,174.33,82212.02,1
2024-09-18,2024-09-18 13:31:00,476.36,476.47,476.36,476.47,0.02,174.33,82212.02,1
2024-09-18,2024-09-18 13:32:00,476.47,476.57,476.47,476.57,0.02,174.33,82212.02,1
2024-09-18,2024-09-18 13:33:00,476.57,476.68,476.57,476.68,0.02,174.33,82212.02,1
2024-09-18,2024-09-18 13:34:00,476.68,476.79,476.68,476.79,0.02,174.33,82212.02,1
2024-09-18,2024-09-18 13:35:00,476.79,476.9,476.79,476.9,0.02,174.33,82212.02,1
2024-09-18,2024-09-18 13:36:00,476.9,477.01,476.9,477.01,0.02,174.33,82212.02,1
2024-09-18,2024-09-18 13:37:00,477.01,477.12,477.01,477.12,0.02,174.33,82212.02,1
2024-09-18,2024-09-18 13:38:00,477.12,477.23,477.12,477.23,0.02,174.33,82212.02,1
2024-09-18,2024-09-18 13:39:00,477.23,477.33,477.23,477.33,0.02,174.33,82212.02,1
2024-09-18,2024-09-18 13:40:00,477.33,477.44,477.33,477.44,0.02,174.33,82212.02,1
2024-09-18,2024-09-18 13:41:00,477.44,477.55,477.44,477.55,0.02,174.33,82212.02,1
2024-09-18,2024-09-18 13:42:00,477.55,477.66,477.55,477.66,0.02,174.33,82212.02,1
2024-09-18,2024-09-18 13:43:00,477.66,477.77,477.66,477.77,0.02,174.33,82212.02,1
2024-09-18,2024-09-18 13:44:00,477.77,477.88,477.77,477.88,0.02,174.33,82212.02,1
2024-09-18,2024-09-18 13:45:00,477.88,477.98,477.88,477.98,0.02,174.33,82212.02,1
2024-09-18,2024-09-18 13:46:00,477.98,478.09,477.98,478.09,0.02,174.33,82212.02,1
2024-09-18,2024-09-18 13:47:00,478.09,478.2,478.09,478.2,0.02,174.33,82212.02,1
2024-09-18,2024-09-18 13:48:00,478.2,478.31,478.2,478.31,0.02,174.33,82212.02,1
2024-09-18,2024-09-18 13:49:00,478.31,478.42,478.31,478.42,0.02,174.33,82212.02,1
2024-09-18,2024-09-18 13:50:00,478.42,478.52,478.42,478.52,0.02,174.33,82212.02,1
2024-09-18,2024-09-18 13:51:00,478.52,478.63,478.52,478.63,0.02,174.33,82212.02,1
2024-09-18,2024-09-18 13:52:00,478.63,478.74,478.63,478.74,0.02,174.33,82212.02,1
2024-09-18,2024-09-18 13:53:00,478.74,478.85,478.74,478.85,0.02,174.33,82212.02,1
2024-09-18,2024-09-18 13:54:00,478.85,478.96,478.85,478.96,0.02,174.33,82212.02,1
2024-09-18,2024-09-18 13:55:00,478.96,479.07,478.96,479.07,0.02,174.33,82212.02,1
2024-09-18,2024-09-18 13:56:00,479.07,479.18,479.07,479.18,0.02,174.33,82212.02,1
2024-09-18,2024-09-18 13:57:00,479.18,479.28,479.18,479.28,0.02,174.33,82212.02,1
2024-09-18,2024-09-18 13:58:00,479.28,479.39,479.28,479.39,0.02,174.33,82212.02,1
2024-09-18,2024-09-18 13:59:00,479.39,479.5,479.39,479.5,0.02,174.33,82212.02,1
2024-09-18,2024-09-18 14:00:00,479.5,479.61,479.5,479.61,0.02,174.33,82212.02,1
2024-09-18,2024-09-18 14:01:00,479.61,479.72,479.61,479.72,0.02,174.33,82212.02,1
2024-09-18,2024-09-18 14:02:00,479.72,479.82,479.72,479.82,0.02,174.33,82212.02,1
2024-09-18,2024-09-18 14:03:00,479.82,479.93,479.82,479.93,0.02,174.33,82212.02,1
2024-09-18,2024-09-18 14:04:00,479.93,480.04,479.93,480.04,0.02,174.33,82212.02,1
2024-09-18,2024-09-18 14:05:00,480.04,480.15,480.04,480.15,0.02,174.33,82212.02,1
2024-09-18,2024-09-18 14:06:00,480.15,480.26,480.15,480.26,0.02,174.33,82212.02,1
2024-09-18,2024-09-18 14:07:00,480.26,480.37,480.26,480.37,0.02,174.33,82212.02,1
2024-09-18,2024-09-18 14:08:00,480.37,480.48,480.37,480.48,0.02,174.33,82212.02,1
2024-09-18,2024-09-18 14:09:00,480.48,480.58,480.48,480.58,0.02,174.33,82212.02,1
2024-09-18,2024-09-18 14:10:00,480.58,480.69,480.58,480.69,0.02,174.33,82212.02,1
2024-09-18,2024-09-18 14:11:00,480.69,480.8,480.69,480.8,0.02,174.33,82212.02,1
2024-09-18,2024-09-18 14:12:00,480.8,480.91,480.8,480.91,0.02,174.33,82212.02,1
2024-09-18,2024-09-18 14:13:00,480.91,481.02,480.91,481.02,0.02,174.33,82212.02,1
2024-09-18,2024-09-18 14:14:00,481.02,481.12,481.02,481.12,0.02,174.33,82212.02,1
2024-09-18,2024-09-18 14:15:00,481.12,481.23,481.12,481.23,0.02,174.33,82212.02,1
2024-09-18,2024-09-18 14:16:00,481.23,481.34,481.23,481.34,0.02,174.33,82212.02,1
2024-09-18,2024-09-18 14:17:00,481.34,481.45,481.34,481.45,0.02,174.33,82212.02,1
2024-09-18,2024-09-18 14:18:00,481.45,481.56,481.45,481.56,0.02,174.33,82212.02,1
2024-09-18,2024-09-18 14:19:00,481.56,481.67,481.56,481.67,0.02,174.33,82212.02,1
2024-09-18,2024-09-18 14:20:00,481.67,481.77,481.67,481.77,0.02,174.33,82212.02,1
2024-09-18,2024-09-18 14:21:00,481.77,481.88,481.77,481.88,0.02,174.33,82212.02,1
2024-09-18,2024-09-18 14:22:00,481.88,481.99,481.88,481.99,0.02,174.33,82212.02,1
2024-09-18,2024-09-18 14:23:00,481.99,482.1,481.99,482.1,0.02,174.33,82212.02,1
2024-09-18,2024-09-18 14:24:00,482.1,482.21,482.1,482.21,0.02,174.33,82212.02,1
2024-09-18,2024-09-18 14:25:00,482.21,482.32,482.21,482.32,0.02,174.33,82212.02,1
2024-09-18,2024-09-18 14:26:00,482.32,482.43,482.32,482.43,0.02,174.33,82212.02,1
2024-09-18,2024-09-18 14:27:00,482.43,482.53,482.43,482.53,0.02,174.33,82212.02,1
2024-09-18,2024-09-18 14:28:00,482.53,482.64,482.53,482.64,0.02,174.33,82212.02,1
2024-09-18,2024-09-18 14:29:00,482.64,482.75,482.64,482.75,0.02,174.33,82212.02,1
2024-09-18,2024-09-18 14:30:00,482.75,482.86,482.75,482.86,0.02,174.33,82212.02,1
2024-09-18,2024-09-18 14:31:00,482.86,482.97,482.86,482.97,0.02,174.33,82212.02,1
2024-09-18,2024-09-18 14:32:00,482.97,483.07,482.97,483.07,0.02,174.33,82212.02,1
2024-09-18,2024-09-18 14:33:00,483.07,483.18,483.07,483.18,0.02,174.33,82212.02,1
2024-09-18,2024-09-18 14:34:00,483.18,483.29,483.18,483.29,0.02,174.33,82212.02,1
2024-09-18,2024-09-18 14:35:00,483.29,483.4,483.29,483.4,0.02,174.33,82212.02,1
2024-09-18,2024-09-18 14:36:00,483.4,483.51,483.4,483.51,0.02,174.33,82212.02,1
2024-09-18,2024-09-18 14:37:00,483.51,483.62,483.51,483.62,0.02,174.33,82212.02,1
2024-09-18,2024-09-18 14:38:00,483.62,483.73,483.62,483.73,0.02,174.33,82212.02,1
2024-09-18,2024-09-18 14:39:00,483.73,483.83,483.73,483.83,0.02,174.33,82212.02,1
2024-09-18,2024-09-18 14:40:00,483.83,483.94,483.83,483.94,0.02,174.33,82212.02,1
2024-09-18,2024-09-18 14:41:00,483.94,484.05,483.94,484.05,0.02,174.33,82212.02,1
2024-09-18,2024-09-18 14:42:00,484.05,484.16,484.05,484.16,0.02,174.33,82212.02,1
2024-09-18,2024-09-18 14:43:00,484.16,484.27,484.16,484.27,0.02,174.33,82212.02,1
2024-09-18,2024-09-18 14:44:00,484.27,484.38,484.27,484.38,0.02,174.33,82212.02,1
2024-09-18,2024-09-18 14:45:00,484.38,484.48,484.38,484.48,0.02,174.33,82212.02,1
2024-09-18,2024-09-18 14:46:00,484.48,484.59,484.48,484.59,0.02,174.33,82212.02,1
2024-09-18,2024-09-18 14:47:00,484.59,484.7,484.59,484.7,0.02,174.33,82212.02,1
2024-09-18,2024-09-18 14:48:00,484.7,484.81,484.7,484.81,0.02,174.33,82212.02,1
2024-09-18,2024-09-18 14:49:00,484.81,484.92,484.81,484.92,0.02,174.33,82212.02,1
2024-09-18,2024-09-18 14:50:00,484.92,485.02,484.92,485.02,0.02,174.33,82212.02,1
2024-09-18,2024-09-18 14:51:00,485.02,485.13,485.02,485.13,0.02,174.33,82212.02,1
2024-09-18,2024-09-18 14:52:00,485.13,485.24,485.13,485.24,0.02,174.33,82212.02,1
2024-09-18,2024-09-18 14:53:00,485.24,485.35,485.24,485.35,0.02,174.33,82212.02,1
2024-09-18,2024-09-18 14:54:00,485.35,485.46,485.35,485.46,0.02,174.33,82212.02,1
2024-09-18,2024-09-18 14:55:00,485.46,485.57,485.46,485.57,0.02,174.33,82212.02,1
2024-09-18,2024-09-18 14:56:00,485.57,485.68,485.57,485.68,0.02,174.33,82212.02,1
2024-09-18,2024-09-18 14:57:00,485.68,485.78,485.68,485.78,0.02,174.33,82212.02,1
2024-09-18,2024-09-18 14:58:00,485.78,485.89,485.78,485.89,0.02,174.33,82212.02,1
2024-09-18,2024-09-18 14:59:00,485.89,486.0,485.89,486.0,0.02,174.33,82212.02,1
2024-09-18,2024-09-18 15:00:00,486.0,489.3,450.0,486.0,0.0,174.33,82212.02,0
2024-09-22,2024-09-22 11:00:00,477.0,486.9,477.0,477.1,0.02,209.17,104905.95,1
2024-09-22,2024-09-22 11:01:00,477.1,477.21,477.1,477.21,0.02,209.17,104905.95,1
2024-09-22,2024-09-22 11:02:00,477.21,477.31,477.21,477.31,0.02,209.17,104905.95,1
2024-09-22,2024-09-22 11:03:00,477.31,477.42,477.31,477.42,0.02,209.17,104905.95,1
2024-09-22,2024-09-22 11:04:00,477.42,477.52,477.42,477.52,0.02,209.17,104905.95,1
2024-09-22,2024-09-22 11:05:00,477.52,477.62,477.52,477.62,0.02,209.17,104905.95,1
2024-09-22,2024-09-22 11:06:00,477.62,477.73,477.62,477.73,0.02,209.17,104905.95,1
2024-09-22,2024-09-22 11:07:00,477.73,477.83,477.73,477.83,0.02,209.17,104905.95,1
2024-09-22,2024-09-22 11:08:00,477.83,477.94,477.83,477.94,0.02,209.17,104905.95,1
2024-09-22,2024-09-22 11:09:00,477.94,478.04,477.94,478.04,0.02,209.17,104905.95,1
2024-09-22,2024-09-22 11:10:00,478.04,478.15,478.04,478.15,0.02,209.17,104905.95,1
2024-09-22,2024-09-22 11:11:00,478.15,478.25,478.15,478.25,0.02,209.17,104905.95,1
2024-09-22,2024-09-22 11:12:00,478.25,478.35,478.25,478.35,0.02,209.17,104905.95,1
2024-09-22,2024-09-22 11:13:00,478.35,478.46,478.35,478.46,0.02,209.17,104905.95,1
2024-09-22,2024-09-22 11:14:00,478.46,478.56,478.46,478.56,0.02,209.17,104905.95,1
2024-09-22,2024-09-22 11:15:00,478.56,478.67,478.56,478.67,0.02,209.17,104905.95,1
2024-09-22,2024-09-22 11:16:00,478.67,478.77,478.67,478.77,0.02,209.17,104905.95,1
2024-09-22,2024-09-22 11:17:00,478.77,478.88,478.77,478.88,0.02,209.17,104905.95,1
2024-09-22,2024-09-22 11:18:00,478.88,478.98,478.88,478.98,0.02,209.17,104905.95,1
2024-09-22,2024-09-22 11:19:00,478.98,479.08,478.98,479.08,0.02,209.17,104905.95,1
2024-09-22,2024-09-22 11:20:00,479.08,479.19,479.08,479.19,0.02,209.17,104905.95,1
2024-09-22,2024-09-22 11:21:00,479.19,479.29,479.19,479.29,0.02,209.17,104905.95,1
2024-09-22,2024-09-22 11:22:00,479.29,479.4,479.29,479.4,0.02,209.17,104905.95,1
2024-09-22,2024-09-22 11:23:00,479.4,479.5,479.4,479.5,0.02,209.17,104905.95,1
2024-09-22,2024-09-22 11:24:00,479.5,479.6,479.5,479.6,0.02,209.17,104905.95,1
2024-09-22,2024-09-22 11:25:00,479.6,479.71,479.6,479.71,0.02,209.17,104905.95,1
2024-09-22,2024-09-22 11:26:00,479.71,479.81,479.71,479.81,0.02,209.17,104905.95,1
2024-09-22,2024-09-22 11:27:00,479.81,479.92,479.81,479.92,0.02,209.17,104905.95,1
2024-09-22,2024-09-22 11:28:00,479.92,480.02,479.92,480.02,0.02,209.17,104905.95,1
2024-09-22,2024-09-22 11:29:00,480.02,480.12,480.02,480.12,0.02,209.17,104905.95,1
2024-09-22,2024-09-22 11:30:00,480.12,480.23,480.12,480.23,0.02,209.17,104905.95,1
2024-09-22,2024-09-22 11:31:00,480.23,480.33,480.23,480.33,0.02,209.17,104905.95,1
2024-09-22,2024-09-22 11:32:00,480.33,480.44,480.33,480.44,0.02,209.17,104905.95,1
2024-09-22,2024-09-22 11:33:00,480.44,480.54,480.44,480.54,0.02,209.17,104905.95,1
2024-09-22,2024-09-22 11:34:00,480.54,480.65,480.54,480.65,0.02,209.17,104905.95,1
2024-09-22,2024-09-22 11:35:00,480.65,480.75,480.65,480.75,0.02,209.17,104905.95,1
2024-09-22,2024-09-22 11:36:00,480.75,480.85,480.75,480.85,0.02,209.17,104905.95,1
2024-09-22,2024-09-22 11:37:00,480.85,480.96,480.85,480.96,0.02,209.17,104905.95,1
2024-09-22,2024-09-22 11:38:00,480.96,481.06,480.96,481.06,0.02,209.17,104905.95,1
2024-09-22,2024-09-22 11:39:00,481.06,481.17,481.06,481.17,0.02,209.17,104905.95,1
2024-09-22,2024-09-22 11:40:00,481.17,481.27,481.17,481.27,0.02,209.17,104905.95,1
2024-09-22,2024-09-22 11:41:00,481.27,481.38,481.27,481.38,0.02,209.17,104905.95,1
2024-09-22,2024-09-22 11:42:00,481.38,481.48,481.38,481.48,0.02,209.17,104905.95,1
2024-09-22,2024-09-22 11:43:00,481.48,481.58,481.48,481.58,0.02,209.17,104905.95,1
2024-09-22,2024-09-22 11:44:00,481.58,481.69,481.58,481.69,0.02,209.17,104905.95,1
2024-09-22,2024-09-22 11:45:00,481.69,481.79,481.69,481.79,0.02,209.17,104905.95,1
2024-09-22,2024-09-22 11:46:00,481.79,481.9,481.79,481.9,0.02,209.17,104905.95,1
2024-09-22,2024-09-22 11:47:00,481.9,482.0,481.9,482.0,0.02,209.17,104905.95,1
2024-09-22,2024-09-22 11:48:00,482.0,482.1,482.0,482.1,0.02,209.17,104905.95,1
2024-09-22,2024-09-22 11:49:00,482.1,482.21,482.1,482.21,0.02,209.17,104905.95,1
2024-09-22,2024-09-22 11:50:00,482.21,482.31,482.21,482.31,0.02,209.17,104905.95,1
2024-09-22,2024-09-22 11:51:00,482.31,482.42,482.31,482.42,0.02,209.17,104905.95,1
2024-09-22,2024-09-22 11:52:00,482.42,482.52,482.42,482.52,0.02,209.17,104905.95,1
2024-09-22,2024-09-22 11:53:00,482.52,482.62,482.52,482.62,0.02,209.17,104905.95,1
2024-09-22,2024-09-22 11:54:00,482.62,482.73,482.62,482.73,0.02,209.17,104905.95,1
2024-09-22,2024-09-22 11:55:00,482.73,482.83,482.73,482.83,0.02,209.17,104905.95,1
2024-09-22,2024-09-22 11:56:00,482.83,482.94,482.83,482.94,0.02,209.17,104905.95,1
2024-09-22,2024-09-22 11:57:00,482.94,483.04,482.94,483.04,0.02,209.17,104905.95,1
2024-09-22,2024-09-22 11:58:00,483.04,483.15,483.04,483.15,0.02,209.17,104905.95,1
2024-09-22,2024-09-22 11:59:00,483.15,483.25,483.15,483.25,0.02,209.17,104905.95,1
2024-09-22,2024-09-22 12:00:00,483.25,483.35,483.25,483.35,0.02,209.17,104905.95,1
2024-09-22,2024-09-22 12:01:00,483.35,483.46,483.35,483.46,0.02,209.17,104905.95,1
2024-09-22,2024-09-22 12:02:00,483.46,483.56,483.46,483.56,0.02,209.17,104905.95,1
2024-09-22,2024-09-22 12:03:00,483.56,483.67,483.56,483.67,0.02,209.17,104905.95,1
2024-09-22,2024-09-22 12:04:00,483.67,483.77,483.67,483.77,0.02,209.17,104905.95,1
2024-09-22,2024-09-22 12:05:00,483.77,483.88,483.77,483.88,0.02,209.17,104905.95,1
2024-09-22,2024-09-22 12:06:00,483.88,483.98,483.88,483.98,0.02,209.17,104905.95,1
2024-09-22,2024-09-22 12:07:00,483.98,484.08,483.98,484.08,0.02,209.17,104905.95,1
2024-09-22,2024-09-22 12:08:00,484.08,484.19,484.08,484.19,0.02,209.17,104905.95,1
2024-09-22,2024-09-22 12:09:00,484.19,484.29,484.19,484.29,0.02,209.17,104905.95,1
2024-09-22,2024-09-22 12:10:00,484.29,484.4,484.29,484.4,0.02,209.17,104905.95,1
2024-09-22,2024-09-22 12:11:00,484.4,484.5,484.4,484.5,0.02,209.17,104905.95,1
2024-09-22,2024-09-22 12:12:00,484.5,484.6,484.5,484.6,0.02,209.17,104905.95,1
2024-09-22,2024-09-22 12:13:00,484.6,484.71,484.6,484.71,0.02,209.17,104905.95,1
2024-09-22,2024-09-22 12:14:00,484.71,484.81,484.71,484.81,0.02,209.17,104905.95,1
2024-09-22,2024-09-22 12:15:00,484.81,484.92,484.81,484.92,0.02,209.17,104905.95,1
2024-09-22,2024-09-22 12:16:00,484.92,485.02,484.92,485.02,0.02,209.17,104905.95,1
2024-09-22,2024-09-22 12:17:00,485.02,485.12,485.02,485.12,0.02,209.17,104905.95,1
2024-09-22,2024-09-22 12:18:00,485.12,485.23,485.12,485.23,0.02,209.17,104905.95,1
2024-09-22,2024-09-22 12:19:00,485.23,485.33,485.23,485.33,0.02,209.17,104905.95,1
2024-09-22,2024-09-22 12:20:00,485.33,485.44,485.33,485.44,0.02,209.17,104905.95,1
2024-09-22,2024-09-22 12:21:00,485.44,485.54,485.44,485.54,0.02,209.17,104905.95,1
2024-09-22,2024-09-22 12:22:00,485.54,485.65,485.54,485.65,0.02,209.17,104905.95,1
2024-09-22,2024-09-22 12:23:00,485.65,485.75,485.65,485.75,0.02,209.17,104905.95,1
2024-09-22,2024-09-22 12:24:00,485.75,485.85,485.75,485.85,0.02,209.17,104905.95,1
2024-09-22,2024-09-22 12:25:00,485.85,485.96,485.85,485.96,0.02,209.17,104905.95,1
2024-09-22,2024-09-22 12:26:00,485.96,486.06,485.96,486.06,0.02,209.17,104905.95,1
2024-09-22,2024-09-22 12:27:00,486.06,486.17,486.06,486.17,0.02,209.17,104905.95,1
2024-09-22,2024-09-22 12:28:00,486.17,486.27,486.17,486.27,0.02,209.17,104905.95,1
2024-09-22,2024-09-22 12:29:00,486.27,486.38,486.27,486.38,0.02,209.17,104905.95,1
2024-09-22,2024-09-22 12:30:00,486.38,486.48,486.38,486.48,0.02,209.17,104905.95,1
2024-09-22,2024-09-22 12:31:00,486.48,486.58,486.48,486.58,0.02,209.17,104905.95,1
2024-09-22,2024-09-22 12:32:00,486.58,486.69,486.58,486.69,0.02,209.17,104905.95,1
2024-09-22,2024-09-22 12:33:00,486.69,486.79,486.69,486.79,0.02,209.17,104905.95,1
2024-09-22,2024-09-22 12:34:00,486.79,486.9,486.79,486.9,0.02,209.17,104905.95,1
2024-09-22,2024-09-22 12:35:00,486.9,487.0,486.9,487.0,0.02,209.17,104905.95,1
2024-09-22,2024-09-22 12:36:00,487.0,487.1,487.0,487.1,0.02,209.17,104905.95,1
2024-09-22,2024-09-22 12:37:00,487.1,487.21,487.1,487.21,0.02,209.17,104905.95,1
2024-09-22,2024-09-22 12:38:00,487.21,487.31,487.21,487.31,0.02,209.17,104905.95,1
2024-09-22,2024-09-22 12:39:00,487.31,487.42,487.31,487.42,0.02,209.17,104905.95,1
2024-09-22,2024-09-22 12:40:00,487.42,487.52,487.42,487.52,0.02,209.17,104905.95,1
2024-09-22,2024-09-22 12:41:00,487.52,487.62,487.52,487.62,0.02,209.17,104905.95,1
2024-09-22,2024-09-22 12:42:00,487.62,487.73,487.62,487.73,0.02,209.17,104905.95,1
2024-09-22,2024-09-22 12:43:00,487.73,487.83,487.73,487.83,0.02,209.17,104905.95,1
2024-09-22,2024-09-22 12:44:00,487.83,487.94,487.83,487.94,0.02,209.17,104905.95,1
2024-09-22,2024-09-22 12:45:00,487.94,488.04,487.94,488.04,0.02,209.17,104905.95,1
2024-09-22,2024-09-22 12:46:00,488.04,488.15,488.04,488.15,0.02,209.17,104905.95,1
2024-09-22,2024-09-22 12:47:00,488.15,488.25,488.15,488.25,0.02,209.17,104905.95,1
2024-09-22,2024-09-22 12:48:00,488.25,488.35,488.25,488.35,0.02,209.17,104905.95,1
2024-09-22,2024-09-22 12:49:00,488.35,488.46,488.35,488.46,0.02,209.17,104905.95,1
2024-09-22,2024-09-22 12:50:00,488.46,488.56,488.46,488.56,0.02,209.17,104905.95,1
2024-09-22,2024-09-22 12:51:00,488.56,488.67,488.56,488.67,0.02,209.17,104905.95,1
2024-09-22,2024-09-22 12:52:00,488.67,488.77,488.67,488.77,0.02,209.17,104905.95,1
2024-09-22,2024-09-22 12:53:00,488.77,488.88,488.77,488.88,0.02,209.17,104905.95,1
2024-09-22,2024-09-22 12:54:00,488.88,488.98,488.88,488.98,0.02,209.17,104905.95,1
2024-09-22,2024-09-22 12:55:00,488.98,489.08,488.98,489.08,0.02,209.17,104905.95,1
2024-09-22,2024-09-22 12:56:00,489.08,489.19,489.08,489.19,0.02,209.17,104905.95,1
2024-09-22,2024-09-22 12:57:00,489.19,489.29,489.19,489.29,0.02,209.17,104905.95,1
2024-09-22,2024-09-22 12:58:00,489.29,489.4,489.29,489.4,0.02,209.17,104905.95,1
2024-09-22,2024-09-22 12:59:00,489.4,489.5,489.4,489.5,0.02,209.17,104905.95,1
2024-09-22,2024-09-22 13:00:00,489.5,510.0,477.0,489.6,0.02,209.17,104905.95,1
2024-09-22,2024-09-22 13:01:00,489.6,489.71,489.6,489.71,0.02,209.17,104905.95,1
2024-09-22,2024-09-22 13:02:00,489.71,489.81,489.71,489.81,0.02,209.17,104905.95,1
2024-09-22,2024-09-22 13:03:00,489.81,489.92,489.81,489.92,0.02,209.17,104905.95,1
2024-09-22,2024-09-22 13:04:00,489.92,490.02,489.92,490.02,0.02,209.17,104905.95,1
2024-09-22,2024-09-22 13:05:00,490.02,490.12,490.02,490.12,0.02,209.17,104905.95,1
2024-09-22,2024-09-22 13:06:00,490.12,490.23,490.12,490.23,0.02,209.17,104905.95,1
2024-09-22,2024-09-22 13:07:00,490.23,490.33,490.23,490.33,0.02,209.17,104905.95,1
2024-09-22,2024-09-22 13:08:00,490.33,490.44,490.33,490.44,0.02,209.17,104905.95,1
2024-09-22,2024-09-22 13:09:00,490.44,490.54,490.44,490.54,0.02,209.17,104905.95,1
2024-09-22,2024-09-22 13:10:00,490.54,490.65,490.54,490.65,0.02,209.17,104905.95,1
2024-09-22,2024-09-22 13:11:00,490.65,490.75,490.65,490.75,0.02,209.17,104905.95,1
2024-09-22,2024-09-22 13:12:00,490.75,490.85,490.75,490.85,0.02,209.17,104905.95,1
2024-09-22,2024-09-22 13:13:00,490.85,490.96,490.85,490.96,0.02,209.17,104905.95,1
2024-09-22,2024-09-22 13:14:00,490.96,491.06,490.96,491.06,0.02,209.17,104905.95,1
2024-09-22,2024-09-22 13:15:00,491.06,491.17,491.06,491.17,0.02,209.17,104905.95,1
2024-09-22,2024-09-22 13:16:00,491.17,491.27,491.17,491.27,0.02,209.17,104905.95,1
2024-09-22,2024-09-22 13:17:00,491.27,491.38,491.27,491.38,0.02,209.17,104905.95,1
2024-09-22,2024-09-22 13:18:00,491.38,491.48,491.38,491.48,0.02,209.17,104905.95,1
2024-09-22,2024-09-22 13:19:00,491.48,491.58,491.48,491.58,0.02,209.17,104905.95,1
2024-09-22,2024-09-22 13:20:00,491.58,491.69,491.58,491.69,0.02,209.17,104905.95,1
2024-09-22,2024-09-22 13:21:00,491.69,491.79,491.69,491.79,0.02,209.17,104905.95,1
2024-09-22,2024-09-22 13:22:00,491.79,491.9,491.79,491.9,0.02,209.17,104905.95,1
2024-09-22,2024-09-22 13:23:00,491.9,492.0,491.9,492.0,0.02,209.17,104905.95,1
2024-09-22,2024-09-22 13:24:00,492.0,492.1,492.0,492.1,0.02,209.17,104905.95,1
2024-09-22,2024-09-22 13:25:00,492.1,492.21,492.1,492.21,0.02,209.17,104905.95,1
2024-09-22,2024-09-22 13:26:00,492.21,492.31,492.21,492.31,0.02,209.17,104905.95,1
2024-09-22,2024-09-22 13:27:00,492.31,492.42,492.31,492.42,0.02,209.17,104905.95,1
2024-09-22,2024-09-22 13:28:00,492.42,492.52,492.42,492.52,0.02,209.17,104905.95,1
2024-09-22,2024-09-22 13:29:00,492.52,492.62,492.52,492.62,0.02,209.17,104905.95,1
2024-09-22,2024-09-22 13:30:00,492.62,492.73,492.62,492.73,0.02,209.17,104905.95,1
2024-09-22,2024-09-22 13:31:00,492.73,492.83,492.73,492.83,0.02,209.17,104905.95,1
2024-09-22,2024-09-22 13:32:00,492.83,492.94,492.83,492.94,0.02,209.17,104905.95,1
2024-09-22,2024-09-22 13:33:00,492.94,493.04,492.94,493.04,0.02,209.17,104905.95,1
2024-09-22,2024-09-22 13:34:00,493.04,493.15,493.04,493.15,0.02,209.17,104905.95,1
2024-09-22,2024-09-22 13:35:00,493.15,493.25,493.15,493.25,0.02,209.17,104905.95,1
2024-09-22,2024-09-22 13:36:00,493.25,493.35,493.25,493.35,0.02,209.17,104905.95,1
2024-09-22,2024-09-22 13:37:00,493.35,493.46,493.35,493.46,0.02,209.17,104905.95,1
2024-09-22,2024-09-22 13:38:00,493.46,493.56,493.46,493.56,0.02,209.17,104905.95,1
2024-09-22,2024-09-22 13:39:00,493.56,493.67,493.56,493.67,0.02,209.17,104905.95,1
2024-09-22,2024-09-22 13:40:00,493.67,493.77,493.67,493.77,0.02,209.17,104905.95,1
2024-09-22,2024-09-22 13:41:00,493.77,493.88,493.77,493.88,0.02,209.17,104905.95,1
2024-09-22,2024-09-22 13:42:00,493.88,493.98,493.88,493.98,0.02,209.17,104905.95,1
2024-09-22,2024-09-22 13:43:00,493.98,494.08,493.98,494.08,0.02,209.17,104905.95,1
2024-09-22,2024-09-22 13:44:00,494.08,494.19,494.08,494.19,0.02,209.17,104905.95,1
2024-09-22,2024-09-22 13:45:00,494.19,494.29,494.19,494.29,0.02,209.17,104905.95,1
2024-09-22,2024-09-22 13:46:00,494.29,494.4,494.29,494.4,0.02,209.17,104905.95,1
2024-09-22,2024-09-22 13:47:00,494.4,494.5,494.4,494.5,0.02,209.17,104905.95,1
2024-09-22,2024-09-22 13:48:00,494.5,494.6,494.5,494.6,0.02,209.17,104905.95,1
2024-09-22,2024-09-22 13:49:00,494.6,494.71,494.6,494.71,0.02,209.17,104905.95,1
2024-09-22,2024-09-22 13:50:00,494.71,494.81,494.71,494.81,0.02,209.17,104905.95,1
2024-09-22,2024-09-22 13:51:00,494.81,494.92,494.81,494.92,0.02,209.17,104905.95,1
2024-09-22,2024-09-22 13:52:00,494.92,495.02,494.92,495.02,0.02,209.17,104905.95,1
2024-09-22,2024-09-22 13:53:00,495.02,495.12,495.02,495.12,0.02,209.17,104905.95,1
2024-09-22,2024-09-22 13:54:00,495.12,495.23,495.12,495.23,0.02,209.17,104905.95,1
2024-09-22,2024-09-22 13:55:00,495.23,495.33,495.23,495.33,0.02,209.17,104905.95,1
2024-09-22,2024-09-22 13:56:00,495.33,495.44,495.33,495.44,0.02,209.17,104905.95,1
2024-09-22,2024-09-22 13:57:00,495.44,495.54,495.44,495.54,0.02,209.17,104905.95,1
2024-09-22,2024-09-22 13:58:00,495.54,495.65,495.54,495.65,0.02,209.17,104905.95,1
2024-09-22,2024-09-22 13:59:00,495.65,495.75,495.65,495.75,0.02,209.17,104905.95,1
2024-09-22,2024-09-22 14:00:00,495.75,495.85,495.75,495.85,0.02,209.17,104905.95,1
2024-09-22,2024-09-22 14:01:00,495.85,495.96,495.85,495.96,0.02,209.17,104905.95,1
2024-09-22,2024-09-22 14:02:00,495.96,496.06,495.96,496.06,0.02,209.17,104905.95,1
2024-09-22,2024-09-22 14:03:00,496.06,496.17,496.06,496.17,0.02,209.17,104905.95,1
2024-09-22,2024-09-22 14:04:00,496.17,496.27,496.17,496.27,0.02,209.17,104905.95,1
2024-09-22,2024-09-22 14:05:00,496.27,496.38,496.27,496.38,0.02,209.17,104905.95,1
2024-09-22,2024-09-22 14:06:00,496.38,496.48,496.38,496.48,0.02,209.17,104905.95,1
2024-09-22,2024-09-22 14:07:00,496.48,496.58,496.48,496.58,0.02,209.17,104905.95,1
2024-09-22,2024-09-22 14:08:00,496.58,496.69,496.58,496.69,0.02,209.17,104905.95,1
2024-09-22,2024-09-22 14:09:00,496.69,496.79,496.69,496.79,0.02,209.17,104905.95,1
2024-09-22,2024-09-22 14:10:00,496.79,496.9,496.79,496.9,0.02,209.17,104905.95,1
2024-09-22,2024-09-22 14:11:00,496.9,497.0,496.9,497.0,0.02,209.17,104905.95,1
2024-09-22,2024-09-22 14:12:00,497.0,497.1,497.0,497.1,0.02,209.17,104905.95,1
2024-09-22,2024-09-22 14:13:00,497.1,497.21,497.1,497.21,0.02,209.17,104905.95,1
2024-09-22,2024-09-22 14:14:00,497.21,497.31,497.21,497.31,0.02,209.17,104905.95,1
2024-09-22,2024-09-22 14:15:00,497.31,497.42,497.31,497.42,0.02,209.17,104905.95,1
2024-09-22,2024-09-22 14:16:00,497.42,497.52,497.42,497.52,0.02,209.17,104905.95,1
2024-09-22,2024-09-22 14:17:00,497.52,497.62,497.52,497.62,0.02,209.17,104905.95,1
2024-09-22,2024-09-22 14:18:00,497.62,497.73,497.62,497.73,0.02,209.17,104905.95,1
2024-09-22,2024-09-22 14:19:00,497.73,497.83,497.73,497.83,0.02,209.17,104905.95,1
2024-09-22,2024-09-22 14:20:00,497.83,497.94,497.83,497.94,0.02,209.17,104905.95,1
2024-09-22,2024-09-22 14:21:00,497.94,498.04,497.94,498.04,0.02,209.17,104905.95,1
2024-09-22,2024-09-22 14:22:00,498.04,498.15,498.04,498.15,0.02,209.17,104905.95,1
2024-09-22,2024-09-22 14:23:00,498.15,498.25,498.15,498.25,0.02,209.17,104905.95,1
2024-09-22,2024-09-22 14:24:00,498.25,498.35,498.25,498.35,0.02,209.17,104905.95,1
2024-09-22,2024-09-22 14:25:00,498.35,498.46,498.35,498.46,0.02,209.17,104905.95,1
2024-09-22,2024-09-22 14:26:00,498.46,498.56,498.46,498.56,0.02,209.17,104905.95,1
2024-09-22,2024-09-22 14:27:00,498.56,498.67,498.56,498.67,0.02,209.17,104905.95,1
2024-09-22,2024-09-22 14:28:00,498.67,498.77,498.67,498.77,0.02,209.17,104905.95,1
2024-09-22,2024-09-22 14:29:00,498.77,498.88,498.77,498.88,0.02,209.17,104905.95,1
2024-09-22,2024-09-22 14:30:00,498.88,498.98,498.88,498.98,0.02,209.17,104905.95,1
2024-09-22,2024-09-22 14:31:00,498.98,499.08,498.98,499.08,0.02,209.17,104905.95,1
2024-09-22,2024-09-22 14:32:00,499.08,499.19,499.08,499.19,0.02,209.17,104905.95,1
2024-09-22,2024-09-22 14:33:00,499.19,499.29,499.19,499.29,0.02,209.17,104905.95,1
2024-09-22,2024-09-22 14:34:00,499.29,499.4,499.29,499.4,0.02,209.17,104905.95,1
2024-09-22,2024-09-22 14:35:00,499.4,499.5,499.4,499.5,0.02,209.17,104905.95,1
2024-09-22,2024-09-22 14:36:00,499.5,499.6,499.5,499.6,0.02,209.17,104905.95,1
2024-09-22,2024-09-22 14:37:00,499.6,499.71,499.6,499.71,0.02,209.17,104905.95,1
2024-09-22,2024-09-22 14:38:00,499.71,499.81,499.71,499.81,0.02,209.17,104905.95,1
2024-09-22,2024-09-22 14:39:00,499.81,499.92,499.81,499.92,0.02,209.17,104905.95,1
2024-09-22,2024-09-22 14:40:00,499.92,500.02,499.92,500.02,0.02,209.17,104905.95,1
2024-09-22,2024-09-22 14:41:00,500.02,500.12,500.02,500.12,0.02,209.17,104905.95,1
2024-09-22,2024-09-22 14:42:00,500.12,500.23,500.12,500.23,0.02,209.17,104905.95,1
2024-09-22,2024-09-22 14:43:00,500.23,500.33,500.23,500.33,0.02,209.17,104905.95,1
2024-09-22,2024-09-22 14:44:00,500.33,500.44,500.33,500.44,0.02,209.17,104905.95,1
2024-09-22,2024-09-22 14:45:00,500.44,500.54,500.44,500.54,0.02,209.17,104905.95,1
2024-09-22,2024-09-22 14:46:00,500.54,500.65,500.54,500.65,0.02,209.17,104905.95,1
2024-09-22,2024-09-22 14:47:00,500.65,500.75,500.65,500.75,0.02,209.17,104905.95,1
2024-09-22,2024-09-22 14:48:00,500.75,500.85,500.75,500.85,0.02,209.17,104905.95,1
2024-09-22,2024-09-22 14:49:00,500.85,500.96,500.85,500.96,0.02,209.17,104905.95,1
2024-09-22,2024-09-22 14:50:00,500.96,501.06,500.96,501.06,0.02,209.17,104905.95,1
2024-09-22,2024-09-22 14:51:00,501.06,501.17,501.06,501.17,0.02,209.17,104905.95,1
2024-09-22,2024-09-22 14:52:00,501.17,501.27,501.17,501.27,0.02,209.17,104905.95,1
2024-09-22,2024-09-22 14:53:00,501.27,501.38,501.27,501.38,0.02,209.17,104905.95,1
2024-09-22,2024-09-22 14:54:00,501.38,501.48,501.38,501.48,0.02,209.17,104905.95,1
2024-09-22,2024-09-22 14:55:00,501.48,501.58,501.48,501.58,0.02,209.17,104905.95,1
2024-09-22,2024-09-22 14:56:00,501.58,501.69,501.58,501.69,0.02,209.17,104905.95,1
2024-09-22,2024-09-22 14:57:00,501.69,501.79,501.69,501.79,0.02,209.17,104905.95,1
2024-09-22,2024-09-22 14:58:00,501.79,501.9,501.79,501.9,0.02,209.17,104905.95,1
2024-09-22,2024-09-22 14:59:00,501.9,502.0,501.9,502.0,0.02,209.17,104905.95,1
2024-09-22,2024-09-22 15:00:00,502.0,510.0,477.0,502.0,0.0,209.17,104905.95,0
2024-09-23,2024-09-23 11:00:00,512.0,512.0,497.36,511.86,-0.03,121.34,58307.65,-1
2024-09-23,2024-09-23 11:01:00,511.86,511.86,511.72,511.72,-0.03,121.34,58307.65,-1
2024-09-23,2024-09-23 11:02:00,511.72,511.72,511.57,511.57,-0.03,121.34,58307.65,-1
2024-09-23,2024-09-23 11:03:00,511.57,511.57,511.43,511.43,-0.03,121.34,58307.65,-1
2024-09-23,2024-09-23 11:04:00,511.43,511.43,511.29,511.29,-0.03,121.34,58307.65,-1
2024-09-23,2024-09-23 11:05:00,511.29,511.29,511.15,511.15,-0.03,121.34,58307.65,-1
2024-09-23,2024-09-23 11:06:00,511.15,511.15,511.01,511.01,-0.03,121.34,58307.65,-1
2024-09-23,2024-09-23 11:07:00,511.01,511.01,510.87,510.87,-0.03,121.34,58307.65,-1
2024-09-23,2024-09-23 11:08:00,510.87,510.87,510.73,510.73,-0.03,121.34,58307.65,-1
2024-09-23,2024-09-23 11:09:00,510.73,510.73,510.58,510.58,-0.03,121.34,58307.65,-1
2024-09-23,2024-09-23 11:10:00,510.58,510.58,510.44,510.44,-0.03,121.34,58307.65,-1
2024-09-23,2024-09-23 11:11:00,510.44,510.44,510.3,510.3,-0.03,121.34,58307.65,-1
2024-09-23,2024-09-23 11:12:00,510.3,510.3,510.16,510.16,-0.03,121.34,58307.65,-1
2024-09-23,2024-09-23 11:13:00,510.16,510.16,510.02,510.02,-0.03,121.34,58307.65,-1
2024-09-23,2024-09-23 11:14:00,510.02,510.02,509.88,509.88,-0.03,121.34,58307.65,-1
2024-09-23,2024-09-23 11:15:00,509.88,509.88,509.73,509.73,-0.03,121.34,58307.65,-1
2024-09-23,2024-09-23 11:16:00,509.73,509.73,509.59,509.59,-0.03,121.34,58307.65,-1
2024-09-23,2024-09-23 11:17:00,509.59,509.59,509.45,509.45,-0.03,121.34,58307.65,-1
2024-09-23,2024-09-23 11:18:00,509.45,509.45,509.31,509.31,-0.03,121.34,58307.65,-1
2024-09-23,2024-09-23 11:19:00,509.31,509.31,509.17,509.17,-0.03,121.34,58307.65,-1
2024-09-23,2024-09-23 11:20:00,509.17,509.17,509.02,509.02,-0.03,121.34,58307.65,-1
2024-09-23,2024-09-23 11:21:00,509.02,509.02,508.88,508.88,-0.03,121.34,58307.65,-1
2024-09-23,2024-09-23 11:22:00,508.88,508.88,508.74,508.74,-0.03,121.34,58307.65,-1
2024-09-23,2024-09-23 11:23:00,508.74,508.74,508.6,508.6,-0.03,121.34,58307.65,-1
2024-09-23,2024-09-23 11:24:00,508.6,508.6,508.46,508.46,-0.03,121.34,58307.65,-1
2024-09-23,2024-09-23 11:25:00,508.46,508.46,508.32,508.32,-0.03,121.34,58307.65,-1
2024-09-23,2024-09-23 11:26:00,508.32,508.32,508.18,508.18,-0.03,121.34,58307.65,-1
2024-09-23,2024-09-23 11:27:00,508.18,508.18,508.03,508.03,-0.03,121.34,58307.65,-1
2024-09-23,2024-09-23 11:28:00,508.03,508.03,507.89,507.89,-0.03,121.34,58307.65,-1
2024-09-23,2024-09-23 11:29:00,507.89,507.89,507.75,507.75,-0.03,121.34,58307.65,-1
2024-09-23,2024-09-23 11:30:00,507.75,507.75,507.61,507.61,-0.03,121.34,58307.65,-1
2024-09-23,2024-09-23 11:31:00,507.61,507.61,507.47,507.47,-0.03,121.34,58307.65,-1
2024-09-23,2024-09-23 11:32:00,507.47,507.47,507.32,507.32,-0.03,121.34,58307.65,-1
2024-09-23,2024-09-23 11:33:00,507.32,507.32,507.18,507.18,-0.03,121.34,58307.65,-1
2024-09-23,2024-09-23 11:34:00,507.18,507.18,507.04,507.04,-0.03,121.34,58307.65,-1
2024-09-23,2024-09-23 11:35:00,507.04,507.04,506.9,506.9,-0.03,121.34,58307.65,-1
2024-09-23,2024-09-23 11:36:00,506.9,506.9,506.76,506.76,-0.03,121.34,58307.65,-1
2024-09-23,2024-09-23 11:37:00,506.76,506.76,506.62,506.62,-0.03,121.34,58307.65,-1
2024-09-23,2024-09-23 11:38:00,506.62,506.62,506.48,506.48,-0.03,121.34,58307.65,-1
2024-09-23,2024-09-23 11:39:00,506.48,506.48,506.33,506.33,-0.03,121.34,58307.65,-1
2024-09-23,2024-09-23 11:40:00,506.33,506.33,506.19,506.19,-0.03,121.34,58307.65,-1
2024-09-23,2024-09-23 11:41:00,506.19,506.19,506.05,506.05,-0.03,121.34,58307.65,-1
2024-09-23,2024-09-23 11:42:00,506.05,506.05,505.91,505.91,-0.03,121.34,58307.65,-1
2024-09-23,2024-09-23 11:43:00,505.91,505.91,505.77,505.77,-0.03,121.34,58307.65,-1
2024-09-23,2024-09-23 11:44:00,505.77,505.77,505.62,505.62,-0.03,121.34,58307.65,-1
2024-09-23,2024-09-23 11:45:00,505.62,505.62,505.48,505.48,-0.03,121.34,58307.65,-1
2024-09-23,2024-09-23 11:46:00,505.48,505.48,505.34,505.34,-0.03,121.34,58307.65,-1
2024-09-23,2024-09-23 11:47:00,505.34,505.34,505.2,505.2,-0.03,121.34,58307.65,-1
2024-09-23,2024-09-23 11:48:00,505.2,505.2,505.06,505.06,-0.03,121.34,58307.65,-1
2024-09-23,2024-09-23 11:49:00,505.06,505.06,504.92,504.92,-0.03,121.34,58307.65,-1
2024-09-23,2024-09-23 11:50:00,504.92,504.92,504.77,504.77,-0.03,121.34,58307.65,-1
2024-09-23,2024-09-23 11:51:00,504.77,504.77,504.63,504.63,-0.03,121.34,58307.65,-1
2024-09-23,2024-09-23 11:52:00,504.63,504.63,504.49,504.49,-0.03,121.34,58307.65,-1
2024-09-23,2024-09-23 11:53:00,504.49,504.49,504.35,504.35,-0.03,121.34,58307.65,-1
2024-09-23,2024-09-23 11:54:00,504.35,504.35,504.21,504.21,-0.03,121.34,58307.65,-1
2024-09-23,2024-09-23 11:55:00,504.21,504.21,504.07,504.07,-0.03,121.34,58307.65,-1
2024-09-23,2024-09-23 11:56:00,504.07,504.07,503.93,503.93,-0.03,121.34,58307.65,-1
2024-09-23,2024-09-23 11:57:00,503.93,503.93,503.78,503.78,-0.03,121.34,58307.65,-1
2024-09-23,2024-09-23 11:58:00,503.78,503.78,503.64,503.64,-0.03,121.34,58307.65,-1
2024-09-23,2024-09-23 11:59:00,503.64,503.64,503.5,503.5,-0.03,121.34,58307.65,-1
2024-09-23,2024-09-23 12:00:00,503.5,503.5,503.36,503.36,-0.03,121.34,58307.65,-1
2024-09-23,2024-09-23 12:01:00,503.36,503.36,503.22,503.22,-0.03,121.34,58307.65,-1
2024-09-23,2024-09-23 12:02:00,503.22,503.22,503.07,503.07,-0.03,121.34,58307.65,-1
2024-09-23,2024-09-23 12:03:00,503.07,503.07,502.93,502.93,-0.03,121.34,58307.65,-1
2024-09-23,2024-09-23 12:04:00,502.93,502.93,502.79,502.79,-0.03,121.34,58307.65,-1
2024-09-23,2024-09-23 12:05:00,502.79,502.79,502.65,502.65,-0.03,121.34,58307.65,-1
2024-09-23,2024-09-23 12:06:00,502.65,502.65,502.51,502.51,-0.03,121.34,58307.65,-1
2024-09-23,2024-09-23 12:07:00,502.51,502.51,502.37,502.37,-0.03,121.34,58307.65,-1
2024-09-23,2024-09-23 12:08:00,502.37,502.37,502.23,502.23,-0.03,121.34,58307.65,-1
2024-09-23,2024-09-23 12:09:00,502.23,502.23,502.08,502.08,-0.03,121.34,58307.65,-1
2024-09-23,2024-09-23 12:10:00,502.08,502.08,501.94,501.94,-0.03,121.34,58307.65,-1
2024-09-23,2024-09-23 12:11:00,501.94,501.94,501.8,501.8,-0.03,121.34,58307.65,-1
2024-09-23,2024-09-23 12:12:00,501.8,501.8,501.66,501.66,-0.03,121.34,58307.65,-1
2024-09-23,2024-09-23 12:13:00,501.66,501.66,501.52,501.52,-0.03,121.34,58307.65,-1
2024-09-23,2024-09-23 12:14:00,501.52,501.52,501.38,501.38,-0.03,121.34,58307.65,-1
2024-09-23,2024-09-23 12:15:00,501.38,501.38,501.23,501.23,-0.03,121.34,58307.65,-1
2024-09-23,2024-09-23 12:16:00,501.23,501.23,501.09,501.09,-0.03,121.34,58307.65,-1
2024-09-23,2024-09-23 12:17:00,501.09,501.09,500.95,500.95,-0.03,121.34,58307.65,-1
2024-09-23,2024-09-23 12:18:00,500.95,500.95,500.81,500.81,-0.03,121.34,58307.65,-1
2024-09-23,2024-09-23 12:19:00,500.81,500.81,500.67,500.67,-0.03,121.34,58307.65,-1
2024-09-23,2024-09-23 12:20:00,500.67,500.67,500.52,500.52,-0.03,121.34,58307.65,-1
2024-09-23,2024-09-23 12:21:00,500.52,500.52,500.38,500.38,-0.03,121.34,58307.65,-1
2024-09-23,2024-09-23 12:22:00,500.38,500.38,500.24,500.24,-0.03,121.34,58307.65,-1
2024-09-23,2024-09-23 12:23:00,500.24,500.24,500.1,500.1,-0.03,121.34,58307.65,-1
2024-09-23,2024-09-23 12:24:00,500.1,500.1,499.96,499.96,-0.03,121.34,58307.65,-1
2024-09-23,2024-09-23 12:25:00,499.96,499.96,499.82,499.82,-0.03,121.34,58307.65,-1
2024-09-23,2024-09-23 12:26:00,499.82,499.82,499.68,499.68,-0.03,121.34,58307.65,-1
2024-09-23,2024-09-23 12:27:00,499.68,499.68,499.53,499.53,-0.03,121.34,58307.65,-1
2024-09-23,2024-09-23 12:28:00,499.53,499.53,499.39,499.39,-0.03,121.34,58307.65,-1
2024-09-23,2024-09-23 12:29:00,499.39,499.39,499.25,499.25,-0.03,121.34,58307.65,-1
2024-09-23,2024-09-23 12:30:00,499.25,499.25,499.11,499.11,-0.03,121.34,58307.65,-1
2024-09-23,2024-09-23 12:31:00,499.11,499.11,498.97,498.97,-0.03,121.34,58307.65,-1
2024-09-23,2024-09-23 12:32:00,498.97,498.97,498.82,498.82,-0.03,121.34,58307.65,-1
2024-09-23,2024-09-23 12:33:00,498.82,498.82,498.68,498.68,-0.03,121.34,58307.65,-1
2024-09-23,2024-09-23 12:34:00,498.68,498.68,498.54,498.54,-0.03,121.34,58307.65,-1
2024-09-23,2024-09-23 12:35:00,498.54,498.54,498.4,498.4,-0.03,121.34,58307.65,-1
2024-09-23,2024-09-23 12:36:00,498.4,498.4,498.26,498.26,-0.03,121.34,58307.65,-1
2024-09-23,2024-09-23 12:37:00,498.26,498.26,498.12,498.12,-0.03,121.34,58307.65,-1
2024-09-23,2024-09-23 12:38:00,498.12,498.12,497.98,497.98,-0.03,121.34,58307.65,-1
2024-09-23,2024-09-23 12:39:00,497.98,497.98,497.83,497.83,-0.03,121.34,58307.65,-1
2024-09-23,2024-09-23 12:40:00,497.83,497.83,497.69,497.69,-0.03,121.34,58307.65,-1
2024-09-23,2024-09-23 12:41:00,497.69,497.69,497.55,497.55,-0.03,121.34,58307.65,-1
2024-09-23,2024-09-23 12:42:00,497.55,497.55,497.41,497.41,-0.03,121.34,58307.65,-1
2024-09-23,2024-09-23 12:43:00,497.41,497.41,497.27,497.27,-0.03,121.34,58307.65,-1
2024-09-23,2024-09-23 12:44:00,497.27,497.27,497.12,497.12,-0.03,121.34,58307.65,-1
2024-09-23,2024-09-23 12:45:00,497.12,497.12,496.98,496.98,-0.03,121.34,58307.65,-1
2024-09-23,2024-09-23 12:46:00,496.98,496.98,496.84,496.84,-0.03,121.34,58307.65,-1
2024-09-23,2024-09-23 12:47:00,496.84,496.84,496.7,496.7,-0.03,121.34,58307.65,-1
2024-09-23,2024-09-23 12:48:00,496.7,496.7,496.56,496.56,-0.03,121.34,58307.65,-1
2024-09-23,2024-09-23 12:49:00,496.56,496.56,496.42,496.42,-0.03,121.34,58307.65,-1
2024-09-23,2024-09-23 12:50:00,496.42,496.42,496.27,496.27,-0.03,121.34,58307.65,-1
2024-09-23,2024-09-23 12:51:00,496.27,496.27,496.13,496.13,-0.03,121.34,58307.65,-1
2024-09-23,2024-09-23 12:52:00,496.13,496.13,495.99,495.99,-0.03,121.34,58307.65,-1
2024-09-23,2024-09-23 12:53:00,495.99,495.99,495.85,495.85,-0.03,121.34,58307.65,-1
2024-09-23,2024-09-23 12:54:00,495.85,495.85,495.71,495.71,-0.03,121.34,58307.65,-1
2024-09-23,2024-09-23 12:55:00,495.71,495.71,495.57,495.57,-0.03,121.34,58307.65,-1
2024-09-23,2024-09-23 12:56:00,495.57,495.57,495.43,495.43,-0.03,121.34,58307.65,-1
2024-09-23,2024-09-23 12:57:00,495.43,495.43,495.28,495.28,-0.03,121.34,58307.65,-1
2024-09-23,2024-09-23 12:58:00,495.28,495.28,495.14,495.14,-0.03,121.34,58307.65,-1
2024-09-23,2024-09-23 12:59:00,495.14,495.14,495.0,495.0,-0.03,121.34,58307.65,-1
2024-09-23,2024-09-23 13:00:00,495.0,512.0,463.2,494.86,-0.03,121.34,58307.65,-1
2024-09-23,2024-09-23 13:01:00,494.86,494.86,494.72,494.72,-0.03,121.34,58307.65,-1
2024-09-23,2024-09-23 13:02:00,494.72,494.72,494.57,494.57,-0.03,121.34,58307.65,-1
2024-09-23,2024-09-23 13:03:00,494.57,494.57,494.43,494.43,-0.03,121.34,58307.65,-1
2024-09-23,2024-09-23 13:04:00,494.43,494.43,494.29,494.29,-0.03,121.34,58307.65,-1
2024-09-23,2024-09-23 13:05:00,494.29,494.29,494.15,494.15,-0.03,121.34,58307.65,-1
2024-09-23,2024-09-23 13:06:00,494.15,494.15,494.01,494.01,-0.03,121.34,58307.65,-1
2024-09-23,2024-09-23 13:07:00,494.01,494.01,493.87,493.87,-0.03,121.34,58307.65,-1
2024-09-23,2024-09-23 13:08:00,493.87,493.87,493.73,493.73,-0.03,121.34,58307.65,-1
2024-09-23,2024-09-23 13:09:00,493.73,493.73,493.58,493.58,-0.03,121.34,58307.65,-1
2024-09-23,2024-09-23 13:10:00,493.58,493.58,493.44,493.44,-0.03,121.34,58307.65,-1
2024-09-23,2024-09-23 13:11:00,493.44,493.44,493.3,493.3,-0.03,121.34,58307.65,-1
2024-09-23,2024-09-23 13:12:00,493.3,493.3,493.16,493.16,-0.03,121.34,58307.65,-1
2024-09-23,2024-09-23 13:13:00,493.16,493.16,493.02,493.02,-0.03,121.34,58307.65,-1
2024-09-23,2024-09-23 13:14:00,493.02,493.02,492.88,492.88,-0.03,121.34,58307.65,-1
2024-09-23,2024-09-23 13:15:00,492.88,492.88,492.73,492.73,-0.03,121.34,58307.65,-1
2024-09-23,2024-09-23 13:16:00,492.73,492.73,492.59,492.59,-0.03,121.34,58307.65,-1
2024-09-23,2024-09-23 13:17:00,492.59,492.59,492.45,492.45,-0.03,121.34,58307.65,-1
2024-09-23,2024-09-23 13:18:00,492.45,492.45,492.31,492.31,-0.03,121.34,58307.65,-1
2024-09-23,2024-09-23 13:19:00,492.31,492.31,492.17,492.17,-0.03,121.34,58307.65,-1
2024-09-23,2024-09-23 13:20:00,492.17,492.17,492.02,492.02,-0.03,121.34,58307.65,-1
2024-09-23,2024-09-23 13:21:00,492.02,492.02,491.88,491.88,-0.03,121.34,58307.65,-1
2024-09-23,2024-09-23 13:22:00,491.88,491.88,491.74,491.74,-0.03,121.34,58307.65,-1
2024-09-23,2024-09-23 13:23:00,491.74,491.74,491.6,491.6,-0.03,121.34,58307.65,-1
2024-09-23,2024-09-23 13:24:00,491.6,491.6,491.46,491.46,-0.03,121.34,58307.65,-1
2024-09-23,2024-09-23 13:25:00,491.46,491.46,491.32,491.32,-0.03,121.34,58307.65,-1
2024-09-23,2024-09-23 13:26:00,491.32,491.32,491.18,491.18,-0.03,121.34,58307.65,-1
2024-09-23,2024-09-23 13:27:00,491.18,491.18,491.03,491.03,-0.03,121.34,58307.65,-1
2024-09-23,2024-09-23 13:28:00,491.03,491.03,490.89,490.89,-0.03,121.34,58307.65,-1
2024-09-23,2024-09-23 13:29:00,490.89,490.89,490.75,490.75,-0.03,121.34,58307.65,-1
2024-09-23,2024-09-23 13:30:00,490.75,490.75,490.61,490.61,-0.03,121.34,58307.65,-1
2024-09-23,2024-09-23 13:31:00,490.61,490.61,490.47,490.47,-0.03,121.34,58307.65,-1
2024-09-23,2024-09-23 13:32:00,490.47,490.47,490.32,490.32,-0.03,121.34,58307.65,-1
2024-09-23,2024-09-23 13:33:00,490.32,490.32,490.18,490.18,-0.03,121.34,58307.65,-1
2024-09-23,2024-09-23 13:34:00,490.18,490.18,490.04,490.04,-0.03,121.34,58307.65,-1
2024-09-23,2024-09-23 13:35:00,490.04,490.04,489.9,489.9,-0.03,121.34,58307.65,-1
2024-09-23,2024-09-23 13:36:00,489.9,489.9,489.76,489.76,-0.03,121.34,58307.65,-1
2024-09-23,2024-09-23 13:37:00,489.76,489.76,489.62,489.62,-0.03,121.34,58307.65,-1
2024-09-23,2024-09-23 13:38:00,489.62,489.62,489.48,489.48,-0.03,121.34,58307.65,-1
2024-09-23,2024-09-23 13:39:00,489.48,489.48,489.33,489.33,-0.03,121.34,58307.65,-1
2024-09-23,2024-09-23 13:40:00,489.33,489.33,489.19,489.19,-0.03,121.34,58307.65,-1
2024-09-23,2024-09-23 13:41:00,489.19,489.19,489.05,489.05,-0.03,121.34,58307.65,-1
2024-09-23,2024-09-23 13:42:00,489.05,489.05,488.91,488.91,-0.03,121.34,58307.65,-1
2024-09-23,2024-09-23 13:43:00,488.91,488.91,488.77,488.77,-0.03,121.34,58307.65,-1
2024-09-23,2024-09-23 13:44:00,488.77,488.77,488.62,488.62,-0.03,121.34,58307.65,-1
2024-09-23,2024-09-23 13:45:00,488.62,488.62,488.48,488.48,-0.03,121.34,58307.65,-1
2024-09-23,2024-09-23 13:46:00,488.48,488.48,488.34,488.34,-0.03,121.34,58307.65,-1
2024-09-23,2024-09-23 13:47:00,488.34,488.34,488.2,488.2,-0.03,121.34,58307.65,-1
2024-09-23,2024-09-23 13:48:00,488.2,488.2,488.06,488.06,-0.03,121.34,58307.65,-1
2024-09-23,2024-09-23 13:49:00,488.06,488.06,487.92,487.92,-0.03,121.34,58307.65,-1
2024-09-23,2024-09-23 13:50:00,487.92,487.92,487.77,487.77,-0.03,121.34,58307.65,-1
2024-09-23,2024-09-23 13:51:00,487.77,487.77,487.63,487.63,-0.03,121.34,58307.65,-1
2024-09-23,2024-09-23 13:52:00,487.63,487.63,487.49,487.49,-0.03,121.34,58307.65,-1
2024-09-23,2024-09-23 13:53:00,487.49,487.49,487.35,487.35,-0.03,121.34,58307.65,-1
2024-09-23,2024-09-23 13:54:00,487.35,487.35,487.21,487.21,-0.03,121.34,58307.65,-1
2024-09-23,2024-09-23 13:55:00,487.21,487.21,487.07,487.07,-0.03,121.34,58307.65,-1
2024-09-23,2024-09-23 13:56:00,487.07,487.07,486.93,486.93,-0.03,121.34,58307.65,-1
2024-09-23,2024-09-23 13:57:00,486.93,486.93,486.78,486.78,-0.03,121.34,58307.65,-1
2024-09-23,2024-09-23 13:58:00,486.78,486.78,486.64,486.64,-0.03,121.34,58307.65,-1
2024-09-23,2024-09-23 13:59:00,486.64,486.64,486.5,486.5,-0.03,121.34,58307.65,-1
2024-09-23,2024-09-23 14:00:00,486.5,486.5,486.36,486.36,-0.03,121.34,58307.65,-1
2024-09-23,2024-09-23 14:01:00,486.36,486.36,486.22,486.22,-0.03,121.34,58307.65,-1
2024-09-23,2024-09-23 14:02:00,486.22,486.22,486.07,486.07,-0.03,121.34,58307.65,-1
2024-09-23,2024-09-23 14:03:00,486.07,486.07,485.93,485.93,-0.03,121.34,58307.65,-1
2024-09-23,2024-09-23 14:04:00,485.93,485.93,485.79,485.79,-0.03,121.34,58307.65,-1
2024-09-23,2024-09-23 14:05:00,485.79,485.79,485.65,485.65,-0.03,121.34,58307.65,-1
2024-09-23,2024-09-23 14:06:00,485.65,485.65,485.51,485.51,-0.03,121.34,58307.65,-1
2024-09-23,2024-09-23 14:07:00,485.51,485.51,485.37,485.37,-0.03,121.34,58307.65,-1
2024-09-23,2024-09-23 14:08:00,485.37,485.37,485.23,485.23,-0.03,121.34,58307.65,-1
2024-09-23,2024-09-23 14:09:00,485.23,485.23,485.08,485.08,-0.03,121.34,58307.65,-1
2024-09-23,2024-09-23 14:10:00,485.08,485.08,484.94,484.94,-0.03,121.34,58307.65,-1
2024-09-23,2024-09-23 14:11:00,484.94,484.94,484.8,484.8,-0.03,121.34,58307.65,-1
2024-09-23,2024-09-23 14:12:00,484.8,484.8,484.66,484.66,-0.03,121.34,58307.65,-1
2024-09-23,2024-09-23 14:13:00,484.66,484.66,484.52,484.52,-0.03,121.34,58307.65,-1
2024-09-23,2024-09-23 14:14:00,484.52,484.52,484.38,484.38,-0.03,121.34,58307.65,-1
2024-09-23,2024-09-23 14:15:00,484.38,484.38,484.23,484.23,-0.03,121.34,58307.65,-1
2024-09-23,2024-09-23 14:16:00,484.23,484.23,484.09,484.09,-0.03,121.34,58307.65,-1
2024-09-23,2024-09-23 14:17:00,484.09,484.09,483.95,483.95,-0.03,121.34,58307.65,-1
2024-09-23,2024-09-23 14:18:00,483.95,483.95,483.81,483.81,-0.03,121.34,58307.65,-1
2024-09-23,2024-09-23 14:19:00,483.81,483.81,483.67,483.67,-0.03,121.34,58307.65,-1
2024-09-23,2024-09-23 14:20:00,483.67,483.67,483.52,483.52,-0.03,121.34,58307.65,-1
2024-09-23,2024-09-23 14:21:00,483.52,483.52,483.38,483.38,-0.03,121.34,58307.65,-1
2024-09-23,2024-09-23 14:22:00,483.38,483.38,483.24,483.24,-0.03,121.34,58307.65,-1
2024-09-23,2024-09-23 14:23:00,483.24,483.24,483.1,483.1,-0.03,121.34,58307.65,-1
2024-09-23,2024-09-23 14:24:00,483.1,483.1,482.96,482.96,-0.03,121.34,58307.65,-1
2024-09-23,2024-09-23 14:25:00,482.96,482.96,482.82,482.82,-0.03,121.34,58307.65,-1
2024-09-23,2024-09-23 14:26:00,482.82,482.82,482.68,482.68,-0.03,121.34,58307.65,-1
2024-09-23,2024-09-23 14:27:00,482.68,482.68,482.53,482.53,-0.03,121.34,58307.65,-1
2024-09-23,2024-09-23 14:28:00,482.53,482.53,482.39,482.39,-0.03,121.34,58307.65,-1
2024-09-23,2024-09-23 14:29:00,482.39,482.39,482.25,482.25,-0.03,121.34,58307.65,-1
2024-09-23,2024-09-23 14:30:00,482.25,482.25,482.11,482.11,-0.03,121.34,58307.65,-1
2024-09-23,2024-09-23 14:31:00,482.11,482.11,481.97,481.97,-0.03,121.34,58307.65,-1
2024-09-23,2024-09-23 14:32:00,481.97,481.97,481.82,481.82,-0.03,121.34,58307.65,-1
2024-09-23,2024-09-23 14:33:00,481.82,481.82,481.68,481.68,-0.03,121.34,58307.65,-1
2024-09-23,2024-09-23 14:34:00,481.68,481.68,481.54,481.54,-0.03,121.34,58307.65,-1
2024-09-23,2024-09-23 14:35:00,481.54,481.54,481.4,481.4,-0.03,121.34,58307.65,-1
2024-09-23,2024-09-23 14:36:00,481.4,481.4,481.26,481.26,-0.03,121.34,58307.65,-1
2024-09-23,2024-09-23 14:37:00,481.26,481.26,481.12,481.12,-0.03,121.34,58307.65,-1
2024-09-23,2024-09-23 14:38:00,481.12,481.12,480.98,480.98,-0.03,121.34,58307.65,-1
2024-09-23,2024-09-23 14:39:00,480.98,480.98,480.83,480.83,-0.03,121.34,58307.65,-1
2024-09-23,2024-09-23 14:40:00,480.83,480.83,480.69,480.69,-0.03,121.34,58307.65,-1
2024-09-23,2024-09-23 14:41:00,480.69,480.69,480.55,480.55,-0.03,121.34,58307.65,-1
2024-09-23,2024-09-23 14:42:00,480.55,480.55,480.41,480.41,-0.03,121.34,58307.65,-1
2024-09-23,2024-09-23 14:43:00,480.41,480.41,480.27,480.27,-0.03,121.34,58307.65,-1
2024-09-23,2024-09-23 14:44:00,480.27,480.27,480.12,480.12,-0.03,121.34,58307.65,-1
2024-09-23,2024-09-23 14:45:00,480.12,480.12,479.98,479.98,-0.03,121.34,58307.65,-1
2024-09-23,2024-09-23 14:46:00,479.98,479.98,479.84,479.84,-0.03,121.34,58307.65,-1
2024-09-23,2024-09-23 14:47:00,479.84,479.84,479.7,479.7,-0.03,121.34,58307.65,-1
2024-09-23,2024-09-23 14:48:00,479.7,479.7,479.56,479.56,-0.03,121.34,58307.65,-1
2024-09-23,2024-09-23 14:49:00,479.56,479.56,479.42,479.42,-0.03,121.34,58307.65,-1
2024-09-23,2024-09-23 14:50:00,479.42,479.42,479.27,479.27,-0.03,121.34,58307.65,-1
2024-09-23,2024-09-23 14:51:00,479.27,479.27,479.13,479.13,-0.03,121.34,58307.65,-1
2024-09-23,2024-09-23 14:52:00,479.13,479.13,478.99,478.99,-0.03,121.34,58307.65,-1
2024-09-23,2024-09-23 14:53:00,478.99,478.99,478.85,478.85,-0.03,121.34,58307.65,-1
2024-09-23,2024-09-23 14:54:00,478.85,478.85,478.71,478.71,-0.03,121.34,58307.65,-1
2024-09-23,2024-09-23 14:55:00,478.71,478.71,478.57,478.57,-0.03,121.34,58307.65,-1
2024-09-23,2024-09-23 14:56:00,478.57,478.57,478.43,478.43,-0.03,121.34,58307.65,-1
2024-09-23,2024-09-23 14:57:00,478.43,478.43,478.28,478.28,-0.03,121.34,58307.65,-1
2024-09-23,2024-09-23 14:58:00,478.28,478.28,478.14,478.14,-0.03,121.34,58307.65,-1
2024-09-23,2024-09-23 14:59:00,478.14,478.14,478.0,478.0,-0.03,121.34,58307.65,-1
2024-09-23,2024-09-23 15:00:00,478.0,512.0,463.2,478.0,0.0,121.34,58307.65,0
2024-09-24,2024-09-24 11:00:00,470.0,474.38,466.7,469.97,-0.01,36.74,17226.0,-1
2024-09-24,2024-09-24 11:01:00,469.97,469.97,469.93,469.93,-0.01,36.74,17226.0,-1
2024-09-24,2024-09-24 11:02:00,469.93,469.93,469.9,469.9,-0.01,36.74,17226.0,-1
2024-09-24,2024-09-24 11:03:00,469.9,469.9,469.87,469.87,-0.01,36.74,17226.0,-1
2024-09-24,2024-09-24 11:04:00,469.87,469.87,469.83,469.83,-0.01,36.74,17226.0,-1
2024-09-24,2024-09-24 11:05:00,469.83,469.83,469.8,469.8,-0.01,36.74,17226.0,-1
2024-09-24,2024-09-24 11:06:00,469.8,469.8,469.77,469.77,-0.01,36.74,17226.0,-1
2024-09-24,2024-09-24 11:07:00,469.77,469.77,469.73,469.73,-0.01,36.74,17226.0,-1
2024-09-24,2024-09-24 11:08:00,469.73,469.73,469.7,469.7,-0.01,36.74,17226.0,-1
2024-09-24,2024-09-24 11:09:00,469.7,469.7,469.67,469.67,-0.01,36.74,17226.0,-1
2024-09-24,2024-09-24 11:10:00,469.67,469.67,469.63,469.63,-0.01,36.74,17226.0,-1
2024-09-24,2024-09-24 11:11:00,469.63,469.63,469.6,469.6,-0.01,36.74,17226.0,-1
2024-09-24,2024-09-24 11:12:00,469.6,469.6,469.57,469.57,-0.01,36.74,17226.0,-1
2024-09-24,2024-09-24 11:13:00,469.57,469.57,469.53,469.53,-0.01,36.74,17226.0,-1
2024-09-24,2024-09-24 11:14:00,469.53,469.53,469.5,469.5,-0.01,36.74,17226.0,-1
2024-09-24,2024-09-24 11:15:00,469.5,469.5,469.47,469.47,-0.01,36.74,17226.0,-1
2024-09-24,2024-09-24 11:16:00,469.47,469.47,469.43,469.43,-0.01,36.74,17226.0,-1
2024-09-24,2024-09-24 11:17:00,469.43,469.43,469.4,469.4,-0.01,36.74,17226.0,-1
2024-09-24,2024-09-24 11:18:00,469.4,469.4,469.37,469.37,-0.01,36.74,17226.0,-1
2024-09-24,2024-09-24 11:19:00,469.37,469.37,469.33,469.33,-0.01,36.74,17226.0,-1
2024-09-24,2024-09-24 11:20:00,469.33,469.33,469.3,469.3,-0.01,36.74,17226.0,-1
2024-09-24,2024-09-24 11:21:00,469.3,469.3,469.27,469.27,-0.01,36.74,17226.0,-1
2024-09-24,2024-09-24 11:22:00,469.27,469.27,469.23,469.23,-0.01,36.74,17226.0,-1
2024-09-24,2024-09-24 11:23:00,469.23,469.23,469.2,469.2,-0.01,36.74,17226.0,-1
2024-09-24,2024-09-24 11:24:00,469.2,469.2,469.17,469.17,-0.01,36.74,17226.0,-1
2024-09-24,2024-09-24 11:25:00,469.17,469.17,469.13,469.13,-0.01,36.74,17226.0,-1
2024-09-24,2024-09-24 11:26:00,469.13,469.13,469.1,469.1,-0.01,36.74,17226.0,-1
2024-09-24,2024-09-24 11:27:00,469.1,469.1,469.07,469.07,-0.01,36.74,17226.0,-1
2024-09-24,2024-09-24 11:28:00,469.07,469.07,469.03,469.03,-0.01,36.74,17226.0,-1
2024-09-24,2024-09-24 11:29:00,469.03,469.03,469.0,469.0,-0.01,36.74,17226.0,-1
2024-09-24,2024-09-24 11:30:00,469.0,469.0,468.97,468.97,-0.01,36.74,17226.0,-1
2024-09-24,2024-09-24 11:31:00,468.97,468.97,468.93,468.93,-0.01,36.74,17226.0,-1
2024-09-24,2024-09-24 11:32:00,468.93,468.93,468.9,468.9,-0.01,36.74,17226.0,-1
2024-09-24,2024-09-24 11:33:00,468.9,468.9,468.87,468.87,-0.01,36.74,17226.0,-1
2024-09-24,2024-09-24 11:34:00,468.87,468.87,468.83,468.83,-0.01,36.74,17226.0,-1
2024-09-24,2024-09-24 11:35:00,468.83,468.83,468.8,468.8,-0.01,36.74,17226.0,-1
2024-09-24,2024-09-24 11:36:00,468.8,468.8,468.77,468.77,-0.01,36.74,17226.0,-1
2024-09-24,2024-09-24 11:37:00,468.77,468.77,468.73,468.73,-0.01,36.74,17226.0,-1
2024-09-24,2024-09-24 11:38:00,468.73,468.73,468.7,468.7,-0.01,36.74,17226.0,-1
2024-09-24,2024-09-24 11:39:00,468.7,468.7,468.67,468.67,-0.01,36.74,17226.0,-1
2024-09-24,2024-09-24 11:40:00,468.67,468.67,468.63,468.63,-0.01,36.74,17226.0,-1
2024-09-24,2024-09-24 11:41:00,468.63,468.63,468.6,468.6,-0.01,36.74,17226.0,-1
2024-09-24,2024-09-24 11:42:00,468.6,468.6,468.57,468.57,-0.01,36.74,17226.0,-1
2024-09-24,2024-09-24 11:43:00,468.57,468.57,468.53,468.53,-0.01,36.74,17226.0,-1
2024-09-24,2024-09-24 11:44:00,468.53,468.53,468.5,468.5,-0.01,36.74,17226.0,-1
2024-09-24,2024-09-24 11:45:00,468.5,468.5,468.47,468.47,-0.01,36.74,17226.0,-1
2024-09-24,2024-09-24 11:46:00,468.47,468.47,468.43,468.43,-0.01,36.74,17226.0,-1
2024-09-24,2024-09-24 11:47:00,468.43,468.43,468.4,468.4,-0.01,36.74,17226.0,-1
2024-09-24,2024-09-24 11:48:00,468.4,468.4,468.37,468.37,-0.01,36.74,17226.0,-1
2024-09-24,2024-09-24 11:49:00,468.37,468.37,468.33,468.33,-0.01,36.74,17226.0,-1
2024-09-24,2024-09-24 11:50:00,468.33,468.33,468.3,468.3,-0.01,36.74,17226.0,-1
2024-09-24,2024-09-24 11:51:00,468.3,468.3,468.27,468.27,-0.01,36.74,17226.0,-1
2024-09-24,2024-09-24 11:52:00,468.27,468.27,468.23,468.23,-0.01,36.74,17226.0,-1
2024-09-24,2024-09-24 11:53:00,468.23,468.23,468.2,468.2,-0.01,36.74,17226.0,-1
2024-09-24,2024-09-24 11:54:00,468.2,468.2,468.17,468.17,-0.01,36.74,17226.0,-1
2024-09-24,2024-09-24 11:55:00,468.17,468.17,468.13,468.13,-0.01,36.74,17226.0,-1
2024-09-24,2024-09-24 11:56:00,468.13,468.13,468.1,468.1,-0.01,36.74,17226.0,-1
2024-09-24,2024-09-24 11:57:00,468.1,468.1,468.07,468.07,-0.01,36.74,17226.0,-1
2024-09-24,2024-09-24 11:58:00,468.07,468.07,468.03,468.03,-0.01,36.74,17226.0,-1
2024-09-24,2024-09-24 11:59:00,468.03,468.03,468.0,468.0,-0.01,36.74,17226.0,-1
2024-09-24,2024-09-24 12:00:00,468.0,468.0,467.97,467.97,-0.01,36.74,17226.0,-1
2024-09-24,2024-09-24 12:01:00,467.97,467.97,467.93,467.93,-0.01,36.74,17226.0,-1
2024-09-24,2024-09-24 12:02:00,467.93,467.93,467.9,467.9,-0.01,36.74,17226.0,-1
2024-09-24,2024-09-24 12:03:00,467.9,467.9,467.87,467.87,-0.01,36.74,17226.0,-1
2024-09-24,2024-09-24 12:04:00,467.87,467.87,467.83,467.83,-0.01,36.74,17226.0,-1
2024-09-24,2024-09-24 12:05:00,467.83,467.83,467.8,467.8,-0.01,36.74,17226.0,-1
2024-09-24,2024-09-24 12:06:00,467.8,467.8,467.77,467.77,-0.01,36.74,17226.0,-1
2024-09-24,2024-09-24 12:07:00,467.77,467.77,467.73,467.73,-0.01,36.74,17226.0,-1
2024-09-24,2024-09-24 12:08:00,467.73,467.73,467.7,467.7,-0.01,36.74,17226.0,-1
2024-09-24,2024-09-24 12:09:00,467.7,467.7,467.67,467.67,-0.01,36.74,17226.0,-1
2024-09-24,2024-09-24 12:10:00,467.67,467.67,467.63,467.63,-0.01,36.74,17226.0,-1
2024-09-24,2024-09-24 12:11:00,467.63,467.63,467.6,467.6,-0.01,36.74,17226.0,-1
2024-09-24,2024-09-24 12:12:00,467.6,467.6,467.57,467.57,-0.01,36.74,17226.0,-1
2024-09-24,2024-09-24 12:13:00,467.57,467.57,467.53,467.53,-0.01,36.74,17226.0,-1
2024-09-24,2024-09-24 12:14:00,467.53,467.53,467.5,467.5,-0.01,36.74,17226.0,-1
2024-09-24,2024-09-24 12:15:00,467.5,467.5,467.47,467.47,-0.01,36.74,17226.0,-1
2024-09-24,2024-09-24 12:16:00,467.47,467.47,467.43,467.43,-0.01,36.74,17226.0,-1
2024-09-24,2024-09-24 12:17:00,467.43,467.43,467.4,467.4,-0.01,36.74,17226.0,-1
2024-09-24,2024-09-24 12:18:00,467.4,467.4,467.37,467.37,-0.01,36.74,17226.0,-1
2024-09-24,2024-09-24 12:19:00,467.37,467.37,467.33,467.33,-0.01,36.74,17226.0,-1
2024-09-24,2024-09-24 12:20:00,467.33,467.33,467.3,467.3,-0.01,36.74,17226.0,-1
2024-09-24,2024-09-24 12:21:00,467.3,467.3,467.27,467.27,-0.01,36.74,17226.0,-1
2024-09-24,2024-09-24 12:22:00,467.27,467.27,467.23,467.23,-0.01,36.74,17226.0,-1
2024-09-24,2024-09-24 12:23:00,467.23,467.23,467.2,467.2,-0.01,36.74,17226.0,-1
2024-09-24,2024-09-24 12:24:00,467.2,467.2,467.17,467.17,-0.01,36.74,17226.0,-1
2024-09-24,2024-09-24 12:25:00,467.17,467.17,467.13,467.13,-0.01,36.74,17226.0,-1
2024-09-24,2024-09-24 12:26:00,467.13,467.13,467.1,467.1,-0.01,36.74,17226.0,-1
2024-09-24,2024-09-24 12:27:00,467.1,467.1,467.07,467.07,-0.01,36.74,17226.0,-1
2024-09-24,2024-09-24 12:28:00,467.07,467.07,467.03,467.03,-0.01,36.74,17226.0,-1
2024-09-24,2024-09-24 12:29:00,467.03,467.03,467.0,467.0,-0.01,36.74,17226.0,-1
2024-09-24,2024-09-24 12:30:00,467.0,467.0,466.97,466.97,-0.01,36.74,17226.0,-1
2024-09-24,2024-09-24 12:31:00,466.97,466.97,466.93,466.93,-0.01,36.74,17226.0,-1
2024-09-24,2024-09-24 12:32:00,466.93,466.93,466.9,466.9,-0.01,36.74,17226.0,-1
2024-09-24,2024-09-24 12:33:00,466.9,466.9,466.87,466.87,-0.01,36.74,17226.0,-1
2024-09-24,2024-09-24 12:34:00,466.87,466.87,466.83,466.83,-0.01,36.74,17226.0,-1
2024-09-24,2024-09-24 12:35:00,466.83,466.83,466.8,466.8,-0.01,36.74,17226.0,-1
2024-09-24,2024-09-24 12:36:00,466.8,466.8,466.77,466.77,-0.01,36.74,17226.0,-1
2024-09-24,2024-09-24 12:37:00,466.77,466.77,466.73,466.73,-0.01,36.74,17226.0,-1
2024-09-24,2024-09-24 12:38:00,466.73,466.73,466.7,466.7,-0.01,36.74,17226.0,-1
2024-09-24,2024-09-24 12:39:00,466.7,466.7,466.67,466.67,-0.01,36.74,17226.0,-1
2024-09-24,2024-09-24 12:40:00,466.67,466.67,466.63,466.63,-0.01,36.74,17226.0,-1
2024-09-24,2024-09-24 12:41:00,466.63,466.63,466.6,466.6,-0.01,36.74,17226.0,-1
2024-09-24,2024-09-24 12:42:00,466.6,466.6,466.57,466.57,-0.01,36.74,17226.0,-1
2024-09-24,2024-09-24 12:43:00,466.57,466.57,466.53,466.53,-0.01,36.74,17226.0,-1
2024-09-24,2024-09-24 12:44:00,466.53,466.53,466.5,466.5,-0.01,36.74,17226.0,-1
2024-09-24,2024-09-24 12:45:00,466.5,466.5,466.47,466.47,-0.01,36.74,17226.0,-1
2024-09-24,2024-09-24 12:46:00,466.47,466.47,466.43,466.43,-0.01,36.74,17226.0,-1
2024-09-24,2024-09-24 12:47:00,466.43,466.43,466.4,466.4,-0.01,36.74,17226.0,-1
2024-09-24,2024-09-24 12:48:00,466.4,466.4,466.37,466.37,-0.01,36.74,17226.0,-1
2024-09-24,2024-09-24 12:49:00,466.37,466.37,466.33,466.33,-0.01,36.74,17226.0,-1
2024-09-24,2024-09-24 12:50:00,466.33,466.33,466.3,466.3,-0.01,36.74,17226.0,-1
2024-09-24,2024-09-24 12:51:00,466.3,466.3,466.27,466.27,-0.01,36.74,17226.0,-1
2024-09-24,2024-09-24 12:52:00,466.27,466.27,466.23,466.23,-0.01,36.74,17226.0,-1
2024-09-24,2024-09-24 12:53:00,466.23,466.23,466.2,466.2,-0.01,36.74,17226.0,-1
2024-09-24,2024-09-24 12:54:00,466.2,466.2,466.17,466.17,-0.01,36.74,17226.0,-1
2024-09-24,2024-09-24 12:55:00,466.17,466.17,466.13,466.13,-0.01,36.74,17226.0,-1
2024-09-24,2024-09-24 12:56:00,466.13,466.13,466.1,466.1,-0.01,36.74,17226.0,-1
2024-09-24,2024-09-24 12:57:00,466.1,466.1,466.07,466.07,-0.01,36.74,17226.0,-1
2024-09-24,2024-09-24 12:58:00,466.07,466.07,466.03,466.03,-0.01,36.74,17226.0,-1
2024-09-24,2024-09-24 12:59:00,466.03,466.03,466.0,466.0,-0.01,36.74,17226.0,-1
2024-09-24,2024-09-24 13:00:00,466.0,484.6,459.0,465.97,-0.01,36.74,17226.0,-1
2024-09-24,2024-09-24 13:01:00,465.97,465.97,465.93,465.93,-0.01,36.74,17226.0,-1
2024-09-24,2024-09-24 13:02:00,465.93,465.93,465.9,465.9,-0.01,36.74,17226.0,-1
2024-09-24,2024-09-24 13:03:00,465.9,465.9,465.87,465.87,-0.01,36.74,17226.0,-1
2024-09-24,2024-09-24 13:04:00,465.87,465.87,465.83,465.83,-0.01,36.74,17226.0,-1
2024-09-24,2024-09-24 13:05:00,465.83,465.83,465.8,465.8,-0.01,36.74,17226.0,-1
2024-09-24,2024-09-24 13:06:00,465.8,465.8,465.77,465.77,-0.01,36.74,17226.0,-1
2024-09-24,2024-09-24 13:07:00,465.77,465.77,465.73,465.73,-0.01,36.74,17226.0,-1
2024-09-24,2024-09-24 13:08:00,465.73,465.73,465.7,465.7,-0.01,36.74,17226.0,-1
2024-09-24,2024-09-24 13:09:00,465.7,465.7,465.67,465.67,-0.01,36.74,17226.0,-1
2024-09-24,2024-09-24 13:10:00,465.67,465.67,465.63,465.63,-0.01,36.74,17226.0,-1
2024-09-24,2024-09-24 13:11:00,465.63,465.63,465.6,465.6,-0.01,36.74,17226.0,-1
2024-09-24,2024-09-24 13:12:00,465.6,465.6,465.57,465.57,-0.01,36.74,17226.0,-1
2024-09-24,2024-09-24 13:13:00,465.57,465.57,465.53,465.53,-0.01,36.74,17226.0,-1
2024-09-24,2024-09-24 13:14:00,465.53,465.53,465.5,465.5,-0.01,36.74,17226.0,-1
2024-09-24,2024-09-24 13:15:00,465.5,465.5,465.47,465.47,-0.01,36.74,17226.0,-1
2024-09-24,2024-09-24 13:16:00,465.47,465.47,465.43,465.43,-0.01,36.74,17226.0,-1
2024-09-24,2024-09-24 13:17:00,465.43,465.43,465.4,465.4,-0.01,36.74,17226.0,-1
2024-09-24,2024-09-24 13:18:00,465.4,465.4,465.37,465.37,-0.01,36.74,17226.0,-1
2024-09-24,2024-09-24 13:19:00,465.37,465.37,465.33,465.33,-0.01,36.74,17226.0,-1
2024-09-24,2024-09-24 13:20:00,465.33,465.33,465.3,465.3,-0.01,36.74,17226.0,-1
2024-09-24,2024-09-24 13:21:00,465.3,465.3,465.27,465.27,-0.01,36.74,17226.0,-1
2024-09-24,2024-09-24 13:22:00,465.27,465.27,465.23,465.23,-0.01,36.74,17226.0,-1
2024-09-24,2024-09-24 13:23:00,465.23,465.23,465.2,465.2,-0.01,36.74,17226.0,-1
2024-09-24,2024-09-24 13:24:00,465.2,465.2,465.17,465.17,-0.01,36.74,17226.0,-1
2024-09-24,2024-09-24 13:25:00,465.17,465.17,465.13,465.13,-0.01,36.74,17226.0,-1
2024-09-24,2024-09-24 13:26:00,465.13,465.13,465.1,465.1,-0.01,36.74,17226.0,-1
2024-09-24,2024-09-24 13:27:00,465.1,465.1,465.07,465.07,-0.01,36.74,17226.0,-1
2024-09-24,2024-09-24 13:28:00,465.07,465.07,465.03,465.03,-0.01,36.74,17226.0,-1
2024-09-24,2024-09-24 13:29:00,465.03,465.03,465.0,465.0,-0.01,36.74,17226.0,-1
2024-09-24,2024-09-24 13:30:00,465.0,465.0,464.97,464.97,-0.01,36.74,17226.0,-1
2024-09-24,2024-09-24 13:31:00,464.97,464.97,464.93,464.93,-0.01,36.74,17226.0,-1
2024-09-24,2024-09-24 13:32:00,464.93,464.93,464.9,464.9,-0.01,36.74,17226.0,-1
2024-09-24,2024-09-24 13:33:00,464.9,464.9,464.87,464.87,-0.01,36.74,17226.0,-1
2024-09-24,2024-09-24 13:34:00,464.87,464.87,464.83,464.83,-0.01,36.74,17226.0,-1
2024-09-24,2024-09-24 13:35:00,464.83,464.83,464.8,464.8,-0.01,36.74,17226.0,-1
2024-09-24,2024-09-24 13:36:00,464.8,464.8,464.77,464.77,-0.01,36.74,17226.0,-1
2024-09-24,2024-09-24 13:37:00,464.77,464.77,464.73,464.73,-0.01,36.74,17226.0,-1
2024-09-24,2024-09-24 13:38:00,464.73,464.73,464.7,464.7,-0.01,36.74,17226.0,-1
2024-09-24,2024-09-24 13:39:00,464.7,464.7,464.67,464.67,-0.01,36.74,17226.0,-1
2024-09-24,2024-09-24 13:40:00,464.67,464.67,464.63,464.63,-0.01,36.74,17226.0,-1
2024-09-24,2024-09-24 13:41:00,464.63,464.63,464.6,464.6,-0.01,36.74,17226.0,-1
2024-09-24,2024-09-24 13:42:00,464.6,464.6,464.57,464.57,-0.01,36.74,17226.0,-1
2024-09-24,2024-09-24 13:43:00,464.57,464.57,464.53,464.53,-0.01,36.74,17226.0,-1
2024-09-24,2024-09-24 13:44:00,464.53,464.53,464.5,464.5,-0.01,36.74,17226.0,-1
2024-09-24,2024-09-24 13:45:00,464.5,464.5,464.47,464.47,-0.01,36.74,17226.0,-1
2024-09-24,2024-09-24 13:46:00,464.47,464.47,464.43,464.43,-0.01,36.74,17226.0,-1
2024-09-24,2024-09-24 13:47:00,464.43,464.43,464.4,464.4,-0.01,36.74,17226.0,-1
2024-09-24,2024-09-24 13:48:00,464.4,464.4,464.37,464.37,-0.01,36.74,17226.0,-1
2024-09-24,2024-09-24 13:49:00,464.37,464.37,464.33,464.33,-0.01,36.74,17226.0,-1
2024-09-24,2024-09-24 13:50:00,464.33,464.33,464.3,464.3,-0.01,36.74,17226.0,-1
2024-09-24,2024-09-24 13:51:00,464.3,464.3,464.27,464.27,-0.01,36.74,17226.0,-1
2024-09-24,2024-09-24 13:52:00,464.27,464.27,464.23,464.23,-0.01,36.74,17226.0,-1
2024-09-24,2024-09-24 13:53:00,464.23,464.23,464.2,464.2,-0.01,36.74,17226.0,-1
2024-09-24,2024-09-24 13:54:00,464.2,464.2,464.17,464.17,-0.01,36.74,17226.0,-1
2024-09-24,2024-09-24 13:55:00,464.17,464.17,464.13,464.13,-0.01,36.74,17226.0,-1
2024-09-24,2024-09-24 13:56:00,464.13,464.13,464.1,464.1,-0.01,36.74,17226.0,-1
2024-09-24,2024-09-24 13:57:00,464.1,464.1,464.07,464.07,-0.01,36.74,17226.0,-1
2024-09-24,2024-09-24 13:58:00,464.07,464.07,464.03,464.03,-0.01,36.74,17226.0,-1
2024-09-24,2024-09-24 13:59:00,464.03,464.03,464.0,464.0,-0.01,36.74,17226.0,-1
2024-09-24,2024-09-24 14:00:00,464.0,464.0,463.97,463.97,-0.01,36.74,17226.0,-1
2024-09-24,2024-09-24 14:01:00,463.97,463.97,463.93,463.93,-0.01,36.74,17226.0,-1
2024-09-24,2024-09-24 14:02:00,463.93,463.93,463.9,463.9,-0.01,36.74,17226.0,-1
2024-09-24,2024-09-24 14:03:00,463.9,463.9,463.87,463.87,-0.01,36.74,17226.0,-1
2024-09-24,2024-09-24 14:04:00,463.87,463.87,463.83,463.83,-0.01,36.74,17226.0,-1
2024-09-24,2024-09-24 14:05:00,463.83,463.83,463.8,463.8,-0.01,36.74,17226.0,-1
2024-09-24,2024-09-24 14:06:00,463.8,463.8,463.77,463.77,-0.01,36.74,17226.0,-1
2024-09-24,2024-09-24 14:07:00,463.77,463.77,463.73,463.73,-0.01,36.74,17226.0,-1
2024-09-24,2024-09-24 14:08:00,463.73,463.73,463.7,463.7,-0.01,36.74,17226.0,-1
2024-09-24,2024-09-24 14:09:00,463.7,463.7,463.67,463.67,-0.01,36.74,17226.0,-1
2024-09-24,2024-09-24 14:10:00,463.67,463.67,463.63,463.63,-0.01,36.74,17226.0,-1
2024-09-24,2024-09-24 14:11:00,463.63,463.63,463.6,463.6,-0.01,36.74,17226.0,-1
2024-09-24,2024-09-24 14:12:00,463.6,463.6,463.57,463.57,-0.01,36.74,17226.0,-1
2024-09-24,2024-09-24 14:13:00,463.57,463.57,463.53,463.53,-0.01,36.74,17226.0,-1
2024-09-24,2024-09-24 14:14:00,463.53,463.53,463.5,463.5,-0.01,36.74,17226.0,-1
2024-09-24,2024-09-24 14:15:00,463.5,463.5,463.47,463.47,-0.01,36.74,17226.0,-1
2024-09-24,2024-09-24 14:16:00,463.47,463.47,463.43,463.43,-0.01,36.74,17226.0,-1
2024-09-24,2024-09-24 14:17:00,463.43,463.43,463.4,463.4,-0.01,36.74,17226.0,-1
2024-09-24,2024-09-24 14:18:00,463.4,463.4,463.37,463.37,-0.01,36.74,17226.0,-1
2024-09-24,2024-09-24 14:19:00,463.37,463.37,463.33,463.33,-0.01,36.74,17226.0,-1
2024-09-24,2024-09-24 14:20:00,463.33,463.33,463.3,463.3,-0.01,36.74,17226.0,-1
2024-09-24,2024-09-24 14:21:00,463.3,463.3,463.27,463.27,-0.01,36.74,17226.0,-1
2024-09-24,2024-09-24 14:22:00,463.27,463.27,463.23,463.23,-0.01,36.74,17226.0,-1
2024-09-24,2024-09-24 14:23:00,463.23,463.23,463.2,463.2,-0.01,36.74,17226.0,-1
2024-09-24,2024-09-24 14:24:00,463.2,463.2,463.17,463.17,-0.01,36.74,17226.0,-1
2024-09-24,2024-09-24 14:25:00,463.17,463.17,463.13,463.13,-0.01,36.74,17226.0,-1
2024-09-24,2024-09-24 14:26:00,463.13,463.13,463.1,463.1,-0.01,36.74,17226.0,-1
2024-09-24,2024-09-24 14:27:00,463.1,463.1,463.07,463.07,-0.01,36.74,17226.0,-1
2024-09-24,2024-09-24 14:28:00,463.07,463.07,463.03,463.03,-0.01,36.74,17226.0,-1
2024-09-24,2024-09-24 14:29:00,463.03,463.03,463.0,463.0,-0.01,36.74,17226.0,-1
2024-09-24,2024-09-24 14:30:00,463.0,463.0,462.97,462.97,-0.01,36.74,17226.0,-1
2024-09-24,2024-09-24 14:31:00,462.97,462.97,462.93,462.93,-0.01,36.74,17226.0,-1
2024-09-24,2024-09-24 14:32:00,462.93,462.93,462.9,462.9,-0.01,36.74,17226.0,-1
2024-09-24,2024-09-24 14:33:00,462.9,462.9,462.87,462.87,-0.01,36.74,17226.0,-1
2024-09-24,2024-09-24 14:34:00,462.87,462.87,462.83,462.83,-0.01,36.74,17226.0,-1
2024-09-24,2024-09-24 14:35:00,462.83,462.83,462.8,462.8,-0.01,36.74,17226.0,-1
2024-09-24,2024-09-24 14:36:00,462.8,462.8,462.77,462.77,-0.01,36.74,17226.0,-1
2024-09-24,2024-09-24 14:37:00,462.77,462.77,462.73,462.73,-0.01,36.74,17226.0,-1
2024-09-24,2024-09-24 14:38:00,462.73,462.73,462.7,462.7,-0.01,36.74,17226.0,-1
2024-09-24,2024-09-24 14:39:00,462.7,462.7,462.67,462.67,-0.01,36.74,17226.0,-1
2024-09-24,2024-09-24 14:40:00,462.67,462.67,462.63,462.63,-0.01,36.74,17226.0,-1
2024-09-24,2024-09-24 14:41:00,462.63,462.63,462.6,462.6,-0.01,36.74,17226.0,-1
2024-09-24,2024-09-24 14:42:00,462.6,462.6,462.57,462.57,-0.01,36.74,17226.0,-1
2024-09-24,2024-09-24 14:43:00,462.57,462.57,462.53,462.53,-0.01,36.74,17226.0,-1
2024-09-24,2024-09-24 14:44:00,462.53,462.53,462.5,462.5,-0.01,36.74,17226.0,-1
2024-09-24,2024-09-24 14:45:00,462.5,462.5,462.47,462.47,-0.01,36.74,17226.0,-1
2024-09-24,2024-09-24 14:46:00,462.47,462.47,462.43,462.43,-0.01,36.74,17226.0,-1
2024-09-24,2024-09-24 14:47:00,462.43,462.43,462.4,462.4,-0.01,36.74,17226.0,-1
2024-09-24,2024-09-24 14:48:00,462.4,462.4,462.37,462.37,-0.01,36.74,17226.0,-1
2024-09-24,2024-09-24 14:49:00,462.37,462.37,462.33,462.33,-0.01,36.74,17226.0,-1
2024-09-24,2024-09-24 14:50:00,462.33,462.33,462.3,462.3,-0.01,36.74,17226.0,-1
2024-09-24,2024-09-24 14:51:00,462.3,462.3,462.27,462.27,-0.01,36.74,17226.0,-1
2024-09-24,2024-09-24 14:52:00,462.27,462.27,462.23,462.23,-0.01,36.74,17226.0,-1
2024-09-24,2024-09-24 14:53:00,462.23,462.23,462.2,462.2,-0.01,36.74,17226.0,-1
2024-09-24,2024-09-24 14:54:00,462.2,462.2,462.17,462.17,-0.01,36.74,17226.0,-1
2024-09-24,2024-09-24 14:55:00,462.17,462.17,462.13,462.13,-0.01,36.74,17226.0,-1
2024-09-24,2024-09-24 14:56:00,462.13,462.13,462.1,462.1,-0.01,36.74,17226.0,-1
2024-09-24,2024-09-24 14:57:00,462.1,462.1,462.07,462.07,-0.01,36.74,17226.0,-1
2024-09-24,2024-09-24 14:58:00,462.07,462.07,462.03,462.03,-0.01,36.74,17226.0,-1
2024-09-24,2024-09-24 14:59:00,462.03,462.03,462.0,462.0,-0.01,36.74,17226.0,-1
2024-09-24,2024-09-24 15:00:00,462.0,484.6,459.0,462.0,0.0,36.74,17226.0,0
2024-09-25,2024-09-25 11:00:00,453.0,458.46,453.0,453.04,0.01,43.14,19948.23,1
2024-09-25,2024-09-25 11:01:00,453.04,453.08,453.04,453.08,0.01,43.14,19948.23,1
2024-09-25,2024-09-25 11:02:00,453.08,453.12,453.08,453.12,0.01,43.14,19948.23,1
2024-09-25,2024-09-25 11:03:00,453.12,453.17,453.12,453.17,0.01,43.14,19948.23,1
2024-09-25,2024-09-25 11:04:00,453.17,453.21,453.17,453.21,0.01,43.14,19948.23,1
2024-09-25,2024-09-25 11:05:00,453.21,453.25,453.21,453.25,0.01,43.14,19948.23,1
2024-09-25,2024-09-25 11:06:00,453.25,453.29,453.25,453.29,0.01,43.14,19948.23,1
2024-09-25,2024-09-25 11:07:00,453.29,453.33,453.29,453.33,0.01,43.14,19948.23,1
2024-09-25,2024-09-25 11:08:00,453.33,453.37,453.33,453.37,0.01,43.14,19948.23,1
2024-09-25,2024-09-25 11:09:00,453.37,453.41,453.37,453.41,0.01,43.14,19948.23,1
2024-09-25,2024-09-25 11:10:00,453.41,453.45,453.41,453.45,0.01,43.14,19948.23,1
2024-09-25,2024-09-25 11:11:00,453.45,453.5,453.45,453.5,0.01,43.14,19948.23,1
2024-09-25,2024-09-25 11:12:00,453.5,453.54,453.5,453.54,0.01,43.14,19948.23,1
2024-09-25,2024-09-25 11:13:00,453.54,453.58,453.54,453.58,0.01,43.14,19948.23,1
2024-09-25,2024-09-25 11:14:00,453.58,453.62,453.58,453.62,0.01,43.14,19948.23,1
2024-09-25,2024-09-25 11:15:00,453.62,453.66,453.62,453.66,0.01,43.14,19948.23,1
2024-09-25,2024-09-25 11:16:00,453.66,453.7,453.66,453.7,0.01,43.14,19948.23,1
2024-09-25,2024-09-25 11:17:00,453.7,453.74,453.7,453.74,0.01,43.14,19948.23,1
2024-09-25,2024-09-25 11:18:00,453.74,453.78,453.74,453.78,0.01,43.14,19948.23,1
2024-09-25,2024-09-25 11:19:00,453.78,453.82,453.78,453.82,0.01,43.14,19948.23,1
2024-09-25,2024-09-25 11:20:00,453.82,453.87,453.82,453.87,0.01,43.14,19948.23,1
2024-09-25,2024-09-25 11:21:00,453.87,453.91,453.87,453.91,0.01,43.14,19948.23,1
2024-09-25,2024-09-25 11:22:00,453.91,453.95,453.91,453.95,0.01,43.14,19948.23,1
2024-09-25,2024-09-25 11:23:00,453.95,453.99,453.95,453.99,0.01,43.14,19948.23,1
2024-09-25,2024-09-25 11:24:00,453.99,454.03,453.99,454.03,0.01,43.14,19948.23,1
2024-09-25,2024-09-25 11:25:00,454.03,454.07,454.03,454.07,0.01,43.14,19948.23,1
2024-09-25,2024-09-25 11:26:00,454.07,454.11,454.07,454.11,0.01,43.14,19948.23,1
2024-09-25,2024-09-25 11:27:00,454.11,454.15,454.11,454.15,0.01,43.14,19948.23,1
2024-09-25,2024-09-25 11:28:00,454.15,454.2,454.15,454.2,0.01,43.14,19948.23,1
2024-09-25,2024-09-25 11:29:00,454.2,454.24,454.2,454.24,0.01,43.14,19948.23,1
2024-09-25,2024-09-25 11:30:00,454.24,454.28,454.24,454.28,0.01,43.14,19948.23,1
2024-09-25,2024-09-25 11:31:00,454.28,454.32,454.28,454.32,0.01,43.14,19948.23,1
2024-09-25,2024-09-25 11:32:00,454.32,454.36,454.32,454.36,0.01,43.14,19948.23,1
2024-09-25,2024-09-25 11:33:00,454.36,454.4,454.36,454.4,0.01,43.14,19948.23,1
2024-09-25,2024-09-25 11:34:00,454.4,454.44,454.4,454.44,0.01,43.14,19948.23,1
2024-09-25,2024-09-25 11:35:00,454.44,454.49,454.44,454.49,0.01,43.14,19948.23,1
2024-09-25,2024-09-25 11:36:00,454.49,454.53,454.49,454.53,0.01,43.14,19948.23,1
2024-09-25,2024-09-25 11:37:00,454.53,454.57,454.53,454.57,0.01,43.14,19948.23,1
2024-09-25,2024-09-25 11:38:00,454.57,454.61,454.57,454.61,0.01,43.14,19948.23,1
2024-09-25,2024-09-25 11:39:00,454.61,454.65,454.61,454.65,0.01,43.14,19948.23,1
2024-09-25,2024-09-25 11:40:00,454.65,454.69,454.65,454.69,0.01,43.14,19948.23,1
2024-09-25,2024-09-25 11:41:00,454.69,454.73,454.69,454.73,0.01,43.14,19948.23,1
2024-09-25,2024-09-25 11:42:00,454.73,454.77,454.73,454.77,0.01,43.14,19948.23,1
2024-09-25,2024-09-25 11:43:00,454.77,454.81,454.77,454.81,0.01,43.14,19948.23,1
2024-09-25,2024-09-25 11:44:00,454.81,454.86,454.81,454.86,0.01,43.14,19948.23,1
2024-09-25,2024-09-25 11:45:00,454.86,454.9,454.86,454.9,0.01,43.14,19948.23,1
2024-09-25,2024-09-25 11:46:00,454.9,454.94,454.9,454.94,0.01,43.14,19948.23,1
2024-09-25,2024-09-25 11:47:00,454.94,454.98,454.94,454.98,0.01,43.14,19948.23,1
2024-09-25,2024-09-25 11:48:00,454.98,455.02,454.98,455.02,0.01,43.14,19948.23,1
2024-09-25,2024-09-25 11:49:00,455.02,455.06,455.02,455.06,0.01,43.14,19948.23,1
2024-09-25,2024-09-25 11:50:00,455.06,455.1,455.06,455.1,0.01,43.14,19948.23,1
2024-09-25,2024-09-25 11:51:00,455.1,455.14,455.1,455.14,0.01,43.14,19948.23,1
2024-09-25,2024-09-25 11:52:00,455.14,455.19,455.14,455.19,0.01,43.14,19948.23,1
2024-09-25,2024-09-25 11:53:00,455.19,455.23,455.19,455.23,0.01,43.14,19948.23,1
2024-09-25,2024-09-25 11:54:00,455.23,455.27,455.23,455.27,0.01,43.14,19948.23,1
2024-09-25,2024-09-25 11:55:00,455.27,455.31,455.27,455.31,0.01,43.14,19948.23,1
2024-09-25,2024-09-25 11:56:00,455.31,455.35,455.31,455.35,0.01,43.14,19948.23,1
2024-09-25,2024-09-25 11:57:00,455.35,455.39,455.35,455.39,0.01,43.14,19948.23,1
2024-09-25,2024-09-25 11:58:00,455.39,455.43,455.39,455.43,0.01,43.14,19948.23,1
2024-09-25,2024-09-25 11:59:00,455.43,455.48,455.43,455.48,0.01,43.14,19948.23,1
2024-09-25,2024-09-25 12:00:00,455.48,455.52,455.48,455.52,0.01,43.14,19948.23,1
2024-09-25,2024-09-25 12:01:00,455.52,455.56,455.52,455.56,0.01,43.14,19948.23,1
2024-09-25,2024-09-25 12:02:00,455.56,455.6,455.56,455.6,0.01,43.14,19948.23,1
2024-09-25,2024-09-25 12:03:00,455.6,455.64,455.6,455.64,0.01,43.14,19948.23,1
2024-09-25,2024-09-25 12:04:00,455.64,455.68,455.64,455.68,0.01,43.14,19948.23,1
2024-09-25,2024-09-25 12:05:00,455.68,455.72,455.68,455.72,0.01,43.14,19948.23,1
2024-09-25,2024-09-25 12:06:00,455.72,455.76,455.72,455.76,0.01,43.14,19948.23,1
2024-09-25,2024-09-25 12:07:00,455.76,455.81,455.76,455.81,0.01,43.14,19948.23,1
2024-09-25,2024-09-25 12:08:00,455.81,455.85,455.81,455.85,0.01,43.14,19948.23,1
2024-09-25,2024-09-25 12:09:00,455.85,455.89,455.85,455.89,0.01,43.14,19948.23,1
2024-09-25,2024-09-25 12:10:00,455.89,455.93,455.89,455.93,0.01,43.14,19948.23,1
2024-09-25,2024-09-25 12:11:00,455.93,455.97,455.93,455.97,0.01,43.14,19948.23,1
2024-09-25,2024-09-25 12:12:00,455.97,456.01,455.97,456.01,0.01,43.14,19948.23,1
2024-09-25,2024-09-25 12:13:00,456.01,456.05,456.01,456.05,0.01,43.14,19948.23,1
2024-09-25,2024-09-25 12:14:00,456.05,456.09,456.05,456.09,0.01,43.14,19948.23,1
2024-09-25,2024-09-25 12:15:00,456.09,456.13,456.09,456.13,0.01,43.14,19948.23,1
2024-09-25,2024-09-25 12:16:00,456.13,456.18,456.13,456.18,0.01,43.14,19948.23,1
2024-09-25,2024-09-25 12:17:00,456.18,456.22,456.18,456.22,0.01,43.14,19948.23,1
2024-09-25,2024-09-25 12:18:00,456.22,456.26,456.22,456.26,0.01,43.14,19948.23,1
2024-09-25,2024-09-25 12:19:00,456.26,456.3,456.26,456.3,0.01,43.14,19948.23,1
2024-09-25,2024-09-25 12:20:00,456.3,456.34,456.3,456.34,0.01,43.14,19948.23,1
2024-09-25,2024-09-25 12:21:00,456.34,456.38,456.34,456.38,0.01,43.14,19948.23,1
2024-09-25,2024-09-25 12:22:00,456.38,456.42,456.38,456.42,0.01,43.14,19948.23,1
2024-09-25,2024-09-25 12:23:00,456.42,456.46,456.42,456.46,0.01,43.14,19948.23,1
2024-09-25,2024-09-25 12:24:00,456.46,456.51,456.46,456.51,0.01,43.14,19948.23,1
2024-09-25,2024-09-25 12:25:00,456.51,456.55,456.51,456.55,0.01,43.14,19948.23,1
2024-09-25,2024-09-25 12:26:00,456.55,456.59,456.55,456.59,0.01,43.14,19948.23,1
2024-09-25,2024-09-25 12:27:00,456.59,456.63,456.59,456.63,0.01,43.14,19948.23,1
2024-09-25,2024-09-25 12:28:00,456.63,456.67,456.63,456.67,0.01,43.14,19948.23,1
2024-09-25,2024-09-25 12:29:00,456.67,456.71,456.67,456.71,0.01,43.14,19948.23,1
2024-09-25,2024-09-25 12:30:00,456.71,456.75,456.71,456.75,0.01,43.14,19948.23,1
2024-09-25,2024-09-25 12:31:00,456.75,456.8,456.75,456.8,0.01,43.14,19948.23,1
2024-09-25,2024-09-25 12:32:00,456.8,456.84,456.8,456.84,0.01,43.14,19948.23,1
2024-09-25,2024-09-25 12:33:00,456.84,456.88,456.84,456.88,0.01,43.14,19948.23,1
2024-09-25,2024-09-25 12:34:00,456.88,456.92,456.88,456.92,0.01,43.14,19948.23,1
2024-09-25,2024-09-25 12:35:00,456.92,456.96,456.92,456.96,0.01,43.14,19948.23,1
2024-09-25,2024-09-25 12:36:00,456.96,457.0,456.96,457.0,0.01,43.14,19948.23,1
2024-09-25,2024-09-25 12:37:00,457.0,457.04,457.0,457.04,0.01,43.14,19948.23,1
2024-09-25,2024-09-25 12:38:00,457.04,457.08,457.04,457.08,0.01,43.14,19948.23,1
2024-09-25,2024-09-25 12:39:00,457.08,457.12,457.08,457.12,0.01,43.14,19948.23,1
2024-09-25,2024-09-25 12:40:00,457.12,457.17,457.12,457.17,0.01,43.14,19948.23,1
2024-09-25,2024-09-25 12:41:00,457.17,457.21,457.17,457.21,0.01,43.14,19948.23,1
2024-09-25,2024-09-25 12:42:00,457.21,457.25,457.21,457.25,0.01,43.14,19948.23,1
2024-09-25,2024-09-25 12:43:00,457.25,457.29,457.25,457.29,0.01,43.14,19948.23,1
2024-09-25,2024-09-25 12:44:00,457.29,457.33,457.29,457.33,0.01,43.14,19948.23,1
2024-09-25,2024-09-25 12:45:00,457.33,457.37,457.33,457.37,0.01,43.14,19948.23,1
2024-09-25,2024-09-25 12:46:00,457.37,457.41,457.37,457.41,0.01,43.14,19948.23,1
2024-09-25,2024-09-25 12:47:00,457.41,457.45,457.41,457.45,0.01,43.14,19948.23,1
2024-09-25,2024-09-25 12:48:00,457.45,457.5,457.45,457.5,0.01,43.14,19948.23,1
2024-09-25,2024-09-25 12:49:00,457.5,457.54,457.5,457.54,0.01,43.14,19948.23,1
2024-09-25,2024-09-25 12:50:00,457.54,457.58,457.54,457.58,0.01,43.14,19948.23,1
2024-09-25,2024-09-25 12:51:00,457.58,457.62,457.58,457.62,0.01,43.14,19948.23,1
2024-09-25,2024-09-25 12:52:00,457.62,457.66,457.62,457.66,0.01,43.14,19948.23,1
2024-09-25,2024-09-25 12:53:00,457.66,457.7,457.66,457.7,0.01,43.14,19948.23,1
2024-09-25,2024-09-25 12:54:00,457.7,457.74,457.7,457.74,0.01,43.14,19948.23,1
2024-09-25,2024-09-25 12:55:00,457.74,457.78,457.74,457.78,0.01,43.14,19948.23,1
2024-09-25,2024-09-25 12:56:00,457.78,457.83,457.78,457.83,0.01,43.14,19948.23,1
2024-09-25,2024-09-25 12:57:00,457.83,457.87,457.83,457.87,0.01,43.14,19948.23,1
2024-09-25,2024-09-25 12:58:00,457.87,457.91,457.87,457.91,0.01,43.14,19948.23,1
2024-09-25,2024-09-25 12:59:00,457.91,457.95,457.91,457.95,0.01,43.14,19948.23,1
2024-09-25,2024-09-25 13:00:00,457.95,471.2,453.0,457.99,0.01,43.14,19948.23,1
2024-09-25,2024-09-25 13:01:00,457.99,458.03,457.99,458.03,0.01,43.14,19948.23,1
2024-09-25,2024-09-25 13:02:00,458.03,458.07,458.03,458.07,0.01,43.14,19948.23,1
2024-09-25,2024-09-25 13:03:00,458.07,458.12,458.07,458.12,0.01,43.14,19948.23,1
2024-09-25,2024-09-25 13:04:00,458.12,458.16,458.12,458.16,0.01,43.14,19948.23,1
2024-09-25,2024-09-25 13:05:00,458.16,458.2,458.16,458.2,0.01,43.14,19948.23,1
2024-09-25,2024-09-25 13:06:00,458.2,458.24,458.2,458.24,0.01,43.14,19948.23,1
2024-09-25,2024-09-25 13:07:00,458.24,458.28,458.24,458.28,0.01,43.14,19948.23,1
2024-09-25,2024-09-25 13:08:00,458.28,458.32,458.28,458.32,0.01,43.14,19948.23,1
2024-09-25,2024-09-25 13:09:00,458.32,458.36,458.32,458.36,0.01,43.14,19948.23,1
2024-09-25,2024-09-25 13:10:00,458.36,458.4,458.36,458.4,0.01,43.14,19948.23,1
2024-09-25,2024-09-25 13:11:00,458.4,458.44,458.4,458.44,0.01,43.14,19948.23,1
2024-09-25,2024-09-25 13:12:00,458.44,458.49,458.44,458.49,0.01,43.14,19948.23,1
2024-09-25,2024-09-25 13:13:00,458.49,458.53,458.49,458.53,0.01,43.14,19948.23,1
2024-09-25,2024-09-25 13:14:00,458.53,458.57,458.53,458.57,0.01,43.14,19948.23,1
2024-09-25,2024-09-25 13:15:00,458.57,458.61,458.57,458.61,0.01,43.14,19948.23,1
2024-09-25,2024-09-25 13:16:00,458.61,458.65,458.61,458.65,0.01,43.14,19948.23,1
2024-09-25,2024-09-25 13:17:00,458.65,458.69,458.65,458.69,0.01,43.14,19948.23,1
2024-09-25,2024-09-25 13:18:00,458.69,458.73,458.69,458.73,0.01,43.14,19948.23,1
2024-09-25,2024-09-25 13:19:00,458.73,458.77,458.73,458.77,0.01,43.14,19948.23,1
2024-09-25,2024-09-25 13:20:00,458.77,458.82,458.77,458.82,0.01,43.14,19948.23,1
2024-09-25,2024-09-25 13:21:00,458.82,458.86,458.82,458.86,0.01,43.14,19948.23,1
2024-09-25,2024-09-25 13:22:00,458.86,458.9,458.86,458.9,0.01,43.14,19948.23,1
2024-09-25,2024-09-25 13:23:00,458.9,458.94,458.9,458.94,0.01,43.14,19948.23,1
2024-09-25,2024-09-25 13:24:00,458.94,458.98,458.94,458.98,0.01,43.14,19948.23,1
2024-09-25,2024-09-25 13:25:00,458.98,459.02,458.98,459.02,0.01,43.14,19948.23,1
2024-09-25,2024-09-25 13:26:00,459.02,459.06,459.02,459.06,0.01,43.14,19948.23,1
2024-09-25,2024-09-25 13:27:00,459.06,459.1,459.06,459.1,0.01,43.14,19948.23,1
2024-09-25,2024-09-25 13:28:00,459.1,459.15,459.1,459.15,0.01,43.14,19948.23,1
2024-09-25,2024-09-25 13:29:00,459.15,459.19,459.15,459.19,0.01,43.14,19948.23,1
2024-09-25,2024-09-25 13:30:00,459.19,459.23,459.19,459.23,0.01,43.14,19948.23,1
2024-09-25,2024-09-25 13:31:00,459.23,459.27,459.23,459.27,0.01,43.14,19948.23,1
2024-09-25,2024-09-25 13:32:00,459.27,459.31,459.27,459.31,0.01,43.14,19948.23,1
2024-09-25,2024-09-25 13:33:00,459.31,459.35,459.31,459.35,0.01,43.14,19948.23,1
2024-09-25,2024-09-25 13:34:00,459.35,459.39,459.35,459.39,0.01,43.14,19948.23,1
2024-09-25,2024-09-25 13:35:00,459.39,459.44,459.39,459.44,0.01,43.14,19948.23,1
2024-09-25,2024-09-25 13:36:00,459.44,459.48,459.44,459.48,0.01,43.14,19948.23,1
2024-09-25,2024-09-25 13:37:00,459.48,459.52,459.48,459.52,0.01,43.14,19948.23,1
2024-09-25,2024-09-25 13:38:00,459.52,459.56,459.52,459.56,0.01,43.14,19948.23,1
2024-09-25,2024-09-25 13:39:00,459.56,459.6,459.56,459.6,0.01,43.14,19948.23,1
2024-09-25,2024-09-25 13:40:00,459.6,459.64,459.6,459.64,0.01,43.14,19948.23,1
2024-09-25,2024-09-25 13:41:00,459.64,459.68,459.64,459.68,0.01,43.14,19948.23,1
2024-09-25,2024-09-25 13:42:00,459.68,459.72,459.68,459.72,0.01,43.14,19948.23,1
2024-09-25,2024-09-25 13:43:00,459.72,459.76,459.72,459.76,0.01,43.14,19948.23,1
2024-09-25,2024-09-25 13:44:00,459.76,459.81,459.76,459.81,0.01,43.14,19948.23,1
2024-09-25,2024-09-25 13:45:00,459.81,459.85,459.81,459.85,0.01,43.14,19948.23,1
2024-09-25,2024-09-25 13:46:00,459.85,459.89,459.85,459.89,0.01,43.14,19948.23,1
2024-09-25,2024-09-25 13:47:00,459.89,459.93,459.89,459.93,0.01,43.14,19948.23,1
2024-09-25,2024-09-25 13:48:00,459.93,459.97,459.93,459.97,0.01,43.14,19948.23,1
2024-09-25,2024-09-25 13:49:00,459.97,460.01,459.97,460.01,0.01,43.14,19948.23,1
2024-09-25,2024-09-25 13:50:00,460.01,460.05,460.01,460.05,0.01,43.14,19948.23,1
2024-09-25,2024-09-25 13:51:00,460.05,460.09,460.05,460.09,0.01,43.14,19948.23,1
2024-09-25,2024-09-25 13:52:00,460.09,460.14,460.09,460.14,0.01,43.14,19948.23,1
2024-09-25,2024-09-25 13:53:00,460.14,460.18,460.14,460.18,0.01,43.14,19948.23,1
2024-09-25,2024-09-25 13:54:00,460.18,460.22,460.18,460.22,0.01,43.14,19948.23,1
2024-09-25,2024-09-25 13:55:00,460.22,460.26,460.22,460.26,0.01,43.14,19948.23,1
2024-09-25,2024-09-25 13:56:00,460.26,460.3,460.26,460.3,0.01,43.14,19948.23,1
2024-09-25,2024-09-25 13:57:00,460.3,460.34,460.3,460.34,0.01,43.14,19948.23,1
2024-09-25,2024-09-25 13:58:00,460.34,460.38,460.34,460.38,0.01,43.14,19948.23,1
2024-09-25,2024-09-25 13:59:00,460.38,460.42,460.38,460.42,0.01,43.14,19948.23,1
2024-09-25,2024-09-25 14:00:00,460.42,460.47,460.42,460.47,0.01,43.14,19948.23,1
2024-09-25,2024-09-25 14:01:00,460.47,460.51,460.47,460.51,0.01,43.14,19948.23,1
2024-09-25,2024-09-25 14:02:00,460.51,460.55,460.51,460.55,0.01,43.14,19948.23,1
2024-09-25,2024-09-25 14:03:00,460.55,460.59,460.55,460.59,0.01,43.14,19948.23,1
2024-09-25,2024-09-25 14:04:00,460.59,460.63,460.59,460.63,0.01,43.14,19948.23,1
2024-09-25,2024-09-25 14:05:00,460.63,460.67,460.63,460.67,0.01,43.14,19948.23,1
2024-09-25,2024-09-25 14:06:00,460.67,460.71,460.67,460.71,0.01,43.14,19948.23,1
2024-09-25,2024-09-25 14:07:00,460.71,460.75,460.71,460.75,0.01,43.14,19948.23,1
2024-09-25,2024-09-25 14:08:00,460.75,460.8,460.75,460.8,0.01,43.14,19948.23,1
2024-09-25,2024-09-25 14:09:00,460.8,460.84,460.8,460.84,0.01,43.14,19948.23,1
2024-09-25,2024-09-25 14:10:00,460.84,460.88,460.84,460.88,0.01,43.14,19948.23,1
2024-09-25,2024-09-25 14:11:00,460.88,460.92,460.88,460.92,0.01,43.14,19948.23,1
2024-09-25,2024-09-25 14:12:00,460.92,460.96,460.92,460.96,0.01,43.14,19948.23,1
2024-09-25,2024-09-25 14:13:00,460.96,461.0,460.96,461.0,0.01,43.14,19948.23,1
2024-09-25,2024-09-25 14:14:00,461.0,461.04,461.0,461.04,0.01,43.14,19948.23,1
2024-09-25,2024-09-25 14:15:00,461.04,461.08,461.04,461.08,0.01,43.14,19948.23,1
2024-09-25,2024-09-25 14:16:00,461.08,461.13,461.08,461.13,0.01,43.14,19948.23,1
2024-09-25,2024-09-25 14:17:00,461.13,461.17,461.13,461.17,0.01,43.14,19948.23,1
2024-09-25,2024-09-25 14:18:00,461.17,461.21,461.17,461.21,0.01,43.14,19948.23,1
2024-09-25,2024-09-25 14:19:00,461.21,461.25,461.21,461.25,0.01,43.14,19948.23,1
2024-09-25,2024-09-25 14:20:00,461.25,461.29,461.25,461.29,0.01,43.14,19948.23,1
2024-09-25,2024-09-25 14:21:00,461.29,461.33,461.29,461.33,0.01,43.14,19948.23,1
2024-09-25,2024-09-25 14:22:00,461.33,461.37,461.33,461.37,0.01,43.14,19948.23,1
2024-09-25,2024-09-25 14:23:00,461.37,461.41,461.37,461.41,0.01,43.14,19948.23,1
2024-09-25,2024-09-25 14:24:00,461.41,461.46,461.41,461.46,0.01,43.14,19948.23,1
2024-09-25,2024-09-25 14:25:00,461.46,461.5,461.46,461.5,0.01,43.14,19948.23,1
2024-09-25,2024-09-25 14:26:00,461.5,461.54,461.5,461.54,0.01,43.14,19948.23,1
2024-09-25,2024-09-25 14:27:00,461.54,461.58,461.54,461.58,0.01,43.14,19948.23,1
2024-09-25,2024-09-25 14:28:00,461.58,461.62,461.58,461.62,0.01,43.14,19948.23,1
2024-09-25,2024-09-25 14:29:00,461.62,461.66,461.62,461.66,0.01,43.14,19948.23,1
2024-09-25,2024-09-25 14:30:00,461.66,461.7,461.66,461.7,0.01,43.14,19948.23,1
2024-09-25,2024-09-25 14:31:00,461.7,461.75,461.7,461.75,0.01,43.14,19948.23,1
2024-09-25,2024-09-25 14:32:00,461.75,461.79,461.75,461.79,0.01,43.14,19948.23,1
2024-09-25,2024-09-25 14:33:00,461.79,461.83,461.79,461.83,0.01,43.14,19948.23,1
2024-09-25,2024-09-25 14:34:00,461.83,461.87,461.83,461.87,0.01,43.14,19948.23,1
2024-09-25,2024-09-25 14:35:00,461.87,461.91,461.87,461.91,0.01,43.14,19948.23,1
2024-09-25,2024-09-25 14:36:00,461.91,461.95,461.91,461.95,0.01,43.14,19948.23,1
2024-09-25,2024-09-25 14:37:00,461.95,461.99,461.95,461.99,0.01,43.14,19948.23,1
2024-09-25,2024-09-25 14:38:00,461.99,462.03,461.99,462.03,0.01,43.14,19948.23,1
2024-09-25,2024-09-25 14:39:00,462.03,462.07,462.03,462.07,0.01,43.14,19948.23,1
2024-09-25,2024-09-25 14:40:00,462.07,462.12,462.07,462.12,0.01,43.14,19948.23,1
2024-09-25,2024-09-25 14:41:00,462.12,462.16,462.12,462.16,0.01,43.14,19948.23,1
2024-09-25,2024-09-25 14:42:00,462.16,462.2,462.16,462.2,0.01,43.14,19948.23,1
2024-09-25,2024-09-25 14:43:00,462.2,462.24,462.2,462.24,0.01,43.14,19948.23,1
2024-09-25,2024-09-25 14:44:00,462.24,462.28,462.24,462.28,0.01,43.14,19948.23,1
2024-09-25,2024-09-25 14:45:00,462.28,462.32,462.28,462.32,0.01,43.14,19948.23,1
2024-09-25,2024-09-25 14:46:00,462.32,462.36,462.32,462.36,0.01,43.14,19948.23,1
2024-09-25,2024-09-25 14:47:00,462.36,462.4,462.36,462.4,0.01,43.14,19948.23,1
2024-09-25,2024-09-25 14:48:00,462.4,462.45,462.4,462.45,0.01,43.14,19948.23,1
2024-09-25,2024-09-25 14:49:00,462.45,462.49,462.45,462.49,0.01,43.14,19948.23,1
2024-09-25,2024-09-25 14:50:00,462.49,462.53,462.49,462.53,0.01,43.14,19948.23,1
2024-09-25,2024-09-25 14:51:00,462.53,462.57,462.53,462.57,0.01,43.14,19948.23,1
2024-09-25,2024-09-25 14:52:00,462.57,462.61,462.57,462.61,0.01,43.14,19948.23,1
2024-09-25,2024-09-25 14:53:00,462.61,462.65,462.61,462.65,0.01,43.14,19948.23,1
2024-09-25,2024-09-25 14:54:00,462.65,462.69,462.65,462.69,0.01,43.14,19948.23,1
2024-09-25,2024-09-25 14:55:00,462.69,462.73,462.69,462.73,0.01,43.14,19948.23,1
2024-09-25,2024-09-25 14:56:00,462.73,462.78,462.73,462.78,0.01,43.14,19948.23,1
2024-09-25,2024-09-25 14:57:00,462.78,462.82,462.78,462.82,0.01,43.14,19948.23,1
2024-09-25,2024-09-25 14:58:00,462.82,462.86,462.82,462.86,0.01,43.14,19948.23,1
2024-09-25,2024-09-25 14:59:00,462.86,462.9,462.86,462.9,0.01,43.14,19948.23,1
2024-09-25,2024-09-25 15:00:00,462.9,471.2,453.0,462.9,0.0,43.14,19948.23,0
2024-09-26,2024-09-26 11:00:00,471.0,471.3,463.2,470.9,-0.02,39.71,18131.85,-1
2024-09-26,2024-09-26 11:01:00,470.9,470.9,470.8,470.8,-0.02,39.71,18131.85,-1
2024-09-26,2024-09-26 11:02:00,470.8,470.8,470.7,470.7,-0.02,39.71,18131.85,-1
2024-09-26,2024-09-26 11:03:00,470.7,470.7,470.6,470.6,-0.02,39.71,18131.85,-1
2024-09-26,2024-09-26 11:04:00,470.6,470.6,470.5,470.5,-0.02,39.71,18131.85,-1
2024-09-26,2024-09-26 11:05:00,470.5,470.5,470.4,470.4,-0.02,39.71,18131.85,-1
2024-09-26,2024-09-26 11:06:00,470.4,470.4,470.3,470.3,-0.02,39.71,18131.85,-1
2024-09-26,2024-09-26 11:07:00,470.3,470.3,470.2,470.2,-0.02,39.71,18131.85,-1
2024-09-26,2024-09-26 11:08:00,470.2,470.2,470.1,470.1,-0.02,39.71,18131.85,-1
2024-09-26,2024-09-26 11:09:00,470.1,470.1,470.0,470.0,-0.02,39.71,18131.85,-1
2024-09-26,2024-09-26 11:10:00,470.0,470.0,469.9,469.9,-0.02,39.71,18131.85,-1
2024-09-26,2024-09-26 11:11:00,469.9,469.9,469.8,469.8,-0.02,39.71,18131.85,-1
2024-09-26,2024-09-26 11:12:00,469.8,469.8,469.7,469.7,-0.02,39.71,18131.85,-1
2024-09-26,2024-09-26 11:13:00,469.7,469.7,469.6,469.6,-0.02,39.71,18131.85,-1
2024-09-26,2024-09-26 11:14:00,469.6,469.6,469.5,469.5,-0.02,39.71,18131.85,-1
2024-09-26,2024-09-26 11:15:00,469.5,469.5,469.4,469.4,-0.02,39.71,18131.85,-1
2024-09-26,2024-09-26 11:16:00,469.4,469.4,469.3,469.3,-0.02,39.71,18131.85,-1
2024-09-26,2024-09-26 11:17:00,469.3,469.3,469.2,469.2,-0.02,39.71,18131.85,-1
2024-09-26,2024-09-26 11:18:00,469.2,469.2,469.1,469.1,-0.02,39.71,18131.85,-1
2024-09-26,2024-09-26 11:19:00,469.1,469.1,469.0,469.0,-0.02,39.71,18131.85,-1
2024-09-26,2024-09-26 11:20:00,469.0,469.0,468.9,468.9,-0.02,39.71,18131.85,-1
2024-09-26,2024-09-26 11:21:00,468.9,468.9,468.8,468.8,-0.02,39.71,18131.85,-1
2024-09-26,2024-09-26 11:22:00,468.8,468.8,468.7,468.7,-0.02,39.71,18131.85,-1
2024-09-26,2024-09-26 11:23:00,468.7,468.7,468.6,468.6,-0.02,39.71,18131.85,-1
2024-09-26,2024-09-26 11:24:00,468.6,468.6,468.5,468.5,-0.02,39.71,18131.85,-1
2024-09-26,2024-09-26 11:25:00,468.5,468.5,468.4,468.4,-0.02,39.71,18131.85,-1
2024-09-26,2024-09-26 11:26:00,468.4,468.4,468.3,468.3,-0.02,39.71,18131.85,-1
2024-09-26,2024-09-26 11:27:00,468.3,468.3,468.2,468.2,-0.02,39.71,18131.85,-1
2024-09-26,2024-09-26 11:28:00,468.2,468.2,468.1,468.1,-0.02,39.71,18131.85,-1
2024-09-26,2024-09-26 11:29:00,468.1,468.1,468.0,468.0,-0.02,39.71,18131.85,-1
2024-09-26,2024-09-26 11:30:00,468.0,468.0,467.9,467.9,-0.02,39.71,18131.85,-1
2024-09-26,2024-09-26 11:31:00,467.9,467.9,467.8,467.8,-0.02,39.71,18131.85,-1
2024-09-26,2024-09-26 11:32:00,467.8,467.8,467.7,467.7,-0.02,39.71,18131.85,-1
2024-09-26,2024-09-26 11:33:00,467.7,467.7,467.6,467.6,-0.02,39.71,18131.85,-1
2024-09-26,2024-09-26 11:34:00,467.6,467.6,467.5,467.5,-0.02,39.71,18131.85,-1
2024-09-26,2024-09-26 11:35:00,467.5,467.5,467.4,467.4,-0.02,39.71,18131.85,-1
2024-09-26,2024-09-26 11:36:00,467.4,467.4,467.3,467.3,-0.02,39.71,18131.85,-1
2024-09-26,2024-09-26 11:37:00,467.3,467.3,467.2,467.2,-0.02,39.71,18131.85,-1
2024-09-26,2024-09-26 11:38:00,467.2,467.2,467.1,467.1,-0.02,39.71,18131.85,-1
2024-09-26,2024-09-26 11:39:00,467.1,467.1,467.0,467.0,-0.02,39.71,18131.85,-1
2024-09-26,2024-09-26 11:40:00,467.0,467.0,466.9,466.9,-0.02,39.71,18131.85,-1
2024-09-26,2024-09-26 11:41:00,466.9,466.9,466.8,466.8,-0.02,39.71,18131.85,-1
2024-09-26,2024-09-26 11:42:00,466.8,466.8,466.7,466.7,-0.02,39.71,18131.85,-1
2024-09-26,2024-09-26 11:43:00,466.7,466.7,466.6,466.6,-0.02,39.71,18131.85,-1
2024-09-26,2024-09-26 11:44:00,466.6,466.6,466.5,466.5,-0.02,39.71,18131.85,-1
2024-09-26,2024-09-26 11:45:00,466.5,466.5,466.4,466.4,-0.02,39.71,18131.85,-1
2024-09-26,2024-09-26 11:46:00,466.4,466.4,466.3,466.3,-0.02,39.71,18131.85,-1
2024-09-26,2024-09-26 11:47:00,466.3,466.3,466.2,466.2,-0.02,39.71,18131.85,-1
2024-09-26,2024-09-26 11:48:00,466.2,466.2,466.1,466.1,-0.02,39.71,18131.85,-1
2024-09-26,2024-09-26 11:49:00,466.1,466.1,466.0,466.0,-0.02,39.71,18131.85,-1
2024-09-26,2024-09-26 11:50:00,466.0,466.0,465.9,465.9,-0.02,39.71,18131.85,-1
2024-09-26,2024-09-26 11:51:00,465.9,465.9,465.8,465.8,-0.02,39.71,18131.85,-1
2024-09-26,2024-09-26 11:52:00,465.8,465.8,465.7,465.7,-0.02,39.71,18131.85,-1
2024-09-26,2024-09-26 11:53:00,465.7,465.7,465.6,465.6,-0.02,39.71,18131.85,-1
2024-09-26,2024-09-26 11:54:00,465.6,465.6,465.5,465.5,-0.02,39.71,18131.85,-1
2024-09-26,2024-09-26 11:55:00,465.5,465.5,465.4,465.4,-0.02,39.71,18131.85,-1
2024-09-26,2024-09-26 11:56:00,465.4,465.4,465.3,465.3,-0.02,39.71,18131.85,-1
2024-09-26,2024-09-26 11:57:00,465.3,465.3,465.2,465.2,-0.02,39.71,18131.85,-1
2024-09-26,2024-09-26 11:58:00,465.2,465.2,465.1,465.1,-0.02,39.71,18131.85,-1
2024-09-26,2024-09-26 11:59:00,465.1,465.1,465.0,465.0,-0.02,39.71,18131.85,-1
2024-09-26,2024-09-26 12:00:00,465.0,465.0,464.9,464.9,-0.02,39.71,18131.85,-1
2024-09-26,2024-09-26 12:01:00,464.9,464.9,464.8,464.8,-0.02,39.71,18131.85,-1
2024-09-26,2024-09-26 12:02:00,464.8,464.8,464.7,464.7,-0.02,39.71,18131.85,-1
2024-09-26,2024-09-26 12:03:00,464.7,464.7,464.6,464.6,-0.02,39.71,18131.85,-1
2024-09-26,2024-09-26 12:04:00,464.6,464.6,464.5,464.5,-0.02,39.71,18131.85,-1
2024-09-26,2024-09-26 12:05:00,464.5,464.5,464.4,464.4,-0.02,39.71,18131.85,-1
2024-09-26,2024-09-26 12:06:00,464.4,464.4,464.3,464.3,-0.02,39.71,18131.85,-1
2024-09-26,2024-09-26 12:07:00,464.3,464.3,464.2,464.2,-0.02,39.71,18131.85,-1
2024-09-26,2024-09-26 12:08:00,464.2,464.2,464.1,464.1,-0.02,39.71,18131.85,-1
2024-09-26,2024-09-26 12:09:00,464.1,464.1,464.0,464.0,-0.02,39.71,18131.85,-1
2024-09-26,2024-09-26 12:10:00,464.0,464.0,463.9,463.9,-0.02,39.71,18131.85,-1
2024-09-26,2024-09-26 12:11:00,463.9,463.9,463.8,463.8,-0.02,39.71,18131.85,-1
2024-09-26,2024-09-26 12:12:00,463.8,463.8,463.7,463.7,-0.02,39.71,18131.85,-1
2024-09-26,2024-09-26 12:13:00,463.7,463.7,463.6,463.6,-0.02,39.71,18131.85,-1
2024-09-26,2024-09-26 12:14:00,463.6,463.6,463.5,463.5,-0.02,39.71,18131.85,-1
2024-09-26,2024-09-26 12:15:00,463.5,463.5,463.4,463.4,-0.02,39.71,18131.85,-1
2024-09-26,2024-09-26 12:16:00,463.4,463.4,463.3,463.3,-0.02,39.71,18131.85,-1
2024-09-26,2024-09-26 12:17:00,463.3,463.3,463.2,463.2,-0.02,39.71,18131.85,-1
2024-09-26,2024-09-26 12:18:00,463.2,463.2,463.1,463.1,-0.02,39.71,18131.85,-1
2024-09-26,2024-09-26 12:19:00,463.1,463.1,463.0,463.0,-0.02,39.71,18131.85,-1
2024-09-26,2024-09-26 12:20:00,463.0,463.0,462.9,462.9,-0.02,39.71,18131.85,-1
2024-09-26,2024-09-26 12:21:00,462.9,462.9,462.8,462.8,-0.02,39.71,18131.85,-1
2024-09-26,2024-09-26 12:22:00,462.8,462.8,462.7,462.7,-0.02,39.71,18131.85,-1
2024-09-26,2024-09-26 12:23:00,462.7,462.7,462.6,462.6,-0.02,39.71,18131.85,-1
2024-09-26,2024-09-26 12:24:00,462.6,462.6,462.5,462.5,-0.02,39.71,18131.85,-1
2024-09-26,2024-09-26 12:25:00,462.5,462.5,462.4,462.4,-0.02,39.71,18131.85,-1
2024-09-26,2024-09-26 12:26:00,462.4,462.4,462.3,462.3,-0.02,39.71,18131.85,-1
2024-09-26,2024-09-26 12:27:00,462.3,462.3,462.2,462.2,-0.02,39.71,18131.85,-1
2024-09-26,2024-09-26 12:28:00,462.2,462.2,462.1,462.1,-0.02,39.71,18131.85,-1
2024-09-26,2024-09-26 12:29:00,462.1,462.1,462.0,462.0,-0.02,39.71,18131.85,-1
2024-09-26,2024-09-26 12:30:00,462.0,462.0,461.9,461.9,-0.02,39.71,18131.85,-1
2024-09-26,2024-09-26 12:31:00,461.9,461.9,461.8,461.8,-0.02,39.71,18131.85,-1
2024-09-26,2024-09-26 12:32:00,461.8,461.8,461.7,461.7,-0.02,39.71,18131.85,-1
2024-09-26,2024-09-26 12:33:00,461.7,461.7,461.6,461.6,-0.02,39.71,18131.85,-1
2024-09-26,2024-09-26 12:34:00,461.6,461.6,461.5,461.5,-0.02,39.71,18131.85,-1
2024-09-26,2024-09-26 12:35:00,461.5,461.5,461.4,461.4,-0.02,39.71,18131.85,-1
2024-09-26,2024-09-26 12:36:00,461.4,461.4,461.3,461.3,-0.02,39.71,18131.85,-1
2024-09-26,2024-09-26 12:37:00,461.3,461.3,461.2,461.2,-0.02,39.71,18131.85,-1
2024-09-26,2024-09-26 12:38:00,461.2,461.2,461.1,461.1,-0.02,39.71,18131.85,-1
2024-09-26,2024-09-26 12:39:00,461.1,461.1,461.0,461.0,-0.02,39.71,18131.85,-1
2024-09-26,2024-09-26 12:40:00,461.0,461.0,460.9,460.9,-0.02,39.71,18131.85,-1
2024-09-26,2024-09-26 12:41:00,460.9,460.9,460.8,460.8,-0.02,39.71,18131.85,-1
2024-09-26,2024-09-26 12:42:00,460.8,460.8,460.7,460.7,-0.02,39.71,18131.85,-1
2024-09-26,2024-09-26 12:43:00,460.7,460.7,460.6,460.6,-0.02,39.71,18131.85,-1
2024-09-26,2024-09-26 12:44:00,460.6,460.6,460.5,460.5,-0.02,39.71,18131.85,-1
2024-09-26,2024-09-26 12:45:00,460.5,460.5,460.4,460.4,-0.02,39.71,18131.85,-1
2024-09-26,2024-09-26 12:46:00,460.4,460.4,460.3,460.3,-0.02,39.71,18131.85,-1
2024-09-26,2024-09-26 12:47:00,460.3,460.3,460.2,460.2,-0.02,39.71,18131.85,-1
2024-09-26,2024-09-26 12:48:00,460.2,460.2,460.1,460.1,-0.02,39.71,18131.85,-1
2024-09-26,2024-09-26 12:49:00,460.1,460.1,460.0,460.0,-0.02,39.71,18131.85,-1
2024-09-26,2024-09-26 12:50:00,460.0,460.0,459.9,459.9,-0.02,39.71,18131.85,-1
2024-09-26,2024-09-26 12:51:00,459.9,459.9,459.8,459.8,-0.02,39.71,18131.85,-1
2024-09-26,2024-09-26 12:52:00,459.8,459.8,459.7,459.7,-0.02,39.71,18131.85,-1
2024-09-26,2024-09-26 12:53:00,459.7,459.7,459.6,459.6,-0.02,39.71,18131.85,-1
2024-09-26,2024-09-26 12:54:00,459.6,459.6,459.5,459.5,-0.02,39.71,18131.85,-1
2024-09-26,2024-09-26 12:55:00,459.5,459.5,459.4,459.4,-0.02,39.71,18131.85,-1
2024-09-26,2024-09-26 12:56:00,459.4,459.4,459.3,459.3,-0.02,39.71,18131.85,-1
2024-09-26,2024-09-26 12:57:00,459.3,459.3,459.2,459.2,-0.02,39.71,18131.85,-1
2024-09-26,2024-09-26 12:58:00,459.2,459.2,459.1,459.1,-0.02,39.71,18131.85,-1
2024-09-26,2024-09-26 12:59:00,459.1,459.1,459.0,459.0,-0.02,39.71,18131.85,-1
2024-09-26,2024-09-26 13:00:00,459.0,472.0,445.0,458.9,-0.02,39.71,18131.85,-1
2024-09-26,2024-09-26 13:01:00,458.9,458.9,458.8,458.8,-0.02,39.71,18131.85,-1
2024-09-26,2024-09-26 13:02:00,458.8,458.8,458.7,458.7,-0.02,39.71,18131.85,-1
2024-09-26,2024-09-26 13:03:00,458.7,458.7,458.6,458.6,-0.02,39.71,18131.85,-1
2024-09-26,2024-09-26 13:04:00,458.6,458.6,458.5,458.5,-0.02,39.71,18131.85,-1
2024-09-26,2024-09-26 13:05:00,458.5,458.5,458.4,458.4,-0.02,39.71,18131.85,-1
2024-09-26,2024-09-26 13:06:00,458.4,458.4,458.3,458.3,-0.02,39.71,18131.85,-1
2024-09-26,2024-09-26 13:07:00,458.3,458.3,458.2,458.2,-0.02,39.71,18131.85,-1
2024-09-26,2024-09-26 13:08:00,458.2,458.2,458.1,458.1,-0.02,39.71,18131.85,-1
2024-09-26,2024-09-26 13:09:00,458.1,458.1,458.0,458.0,-0.02,39.71,18131.85,-1
2024-09-26,2024-09-26 13:10:00,458.0,458.0,457.9,457.9,-0.02,39.71,18131.85,-1
2024-09-26,2024-09-26 13:11:00,457.9,457.9,457.8,457.8,-0.02,39.71,18131.85,-1
2024-09-26,2024-09-26 13:12:00,457.8,457.8,457.7,457.7,-0.02,39.71,18131.85,-1
2024-09-26,2024-09-26 13:13:00,457.7,457.7,457.6,457.6,-0.02,39.71,18131.85,-1
2024-09-26,2024-09-26 13:14:00,457.6,457.6,457.5,457.5,-0.02,39.71,18131.85,-1
2024-09-26,2024-09-26 13:15:00,457.5,457.5,457.4,457.4,-0.02,39.71,18131.85,-1
2024-09-26,2024-09-26 13:16:00,457.4,457.4,457.3,457.3,-0.02,39.71,18131.85,-1
2024-09-26,2024-09-26 13:17:00,457.3,457.3,457.2,457.2,-0.02,39.71,18131.85,-1
2024-09-26,2024-09-26 13:18:00,457.2,457.2,457.1,457.1,-0.02,39.71,18131.85,-1
2024-09-26,2024-09-26 13:19:00,457.1,457.1,457.0,457.0,-0.02,39.71,18131.85,-1
2024-09-26,2024-09-26 13:20:00,457.0,457.0,456.9,456.9,-0.02,39.71,18131.85,-1
2024-09-26,2024-09-26 13:21:00,456.9,456.9,456.8,456.8,-0.02,39.71,18131.85,-1
2024-09-26,2024-09-26 13:22:00,456.8,456.8,456.7,456.7,-0.02,39.71,18131.85,-1
2024-09-26,2024-09-26 13:23:00,456.7,456.7,456.6,456.6,-0.02,39.71,18131.85,-1
2024-09-26,2024-09-26 13:24:00,456.6,456.6,456.5,456.5,-0.02,39.71,18131.85,-1
2024-09-26,2024-09-26 13:25:00,456.5,456.5,456.4,456.4,-0.02,39.71,18131.85,-1
2024-09-26,2024-09-26 13:26:00,456.4,456.4,456.3,456.3,-0.02,39.71,18131.85,-1
2024-09-26,2024-09-26 13:27:00,456.3,456.3,456.2,456.2,-0.02,39.71,18131.85,-1
2024-09-26,2024-09-26 13:28:00,456.2,456.2,456.1,456.1,-0.02,39.71,18131.85,-1
2024-09-26,2024-09-26 13:29:00,456.1,456.1,456.0,456.0,-0.02,39.71,18131.85,-1
2024-09-26,2024-09-26 13:30:00,456.0,456.0,455.9,455.9,-0.02,39.71,18131.85,-1
2024-09-26,2024-09-26 13:31:00,455.9,455.9,455.8,455.8,-0.02,39.71,18131.85,-1
2024-09-26,2024-09-26 13:32:00,455.8,455.8,455.7,455.7,-0.02,39.71,18131.85,-1
2024-09-26,2024-09-26 13:33:00,455.7,455.7,455.6,455.6,-0.02,39.71,18131.85,-1
2024-09-26,2024-09-26 13:34:00,455.6,455.6,455.5,455.5,-0.02,39.71,18131.85,-1
2024-09-26,2024-09-26 13:35:00,455.5,455.5,455.4,455.4,-0.02,39.71,18131.85,-1
2024-09-26,2024-09-26 13:36:00,455.4,455.4,455.3,455.3,-0.02,39.71,18131.85,-1
2024-09-26,2024-09-26 13:37:00,455.3,455.3,455.2,455.2,-0.02,39.71,18131.85,-1
2024-09-26,2024-09-26 13:38:00,455.2,455.2,455.1,455.1,-0.02,39.71,18131.85,-1
2024-09-26,2024-09-26 13:39:00,455.1,455.1,455.0,455.0,-0.02,39.71,18131.85,-1
2024-09-26,2024-09-26 13:40:00,455.0,455.0,454.9,454.9,-0.02,39.71,18131.85,-1
2024-09-26,2024-09-26 13:41:00,454.9,454.9,454.8,454.8,-0.02,39.71,18131.85,-1
2024-09-26,2024-09-26 13:42:00,454.8,454.8,454.7,454.7,-0.02,39.71,18131.85,-1
2024-09-26,2024-09-26 13:43:00,454.7,454.7,454.6,454.6,-0.02,39.71,18131.85,-1
2024-09-26,2024-09-26 13:44:00,454.6,454.6,454.5,454.5,-0.02,39.71,18131.85,-1
2024-09-26,2024-09-26 13:45:00,454.5,454.5,454.4,454.4,-0.02,39.71,18131.85,-1
2024-09-26,2024-09-26 13:46:00,454.4,454.4,454.3,454.3,-0.02,39.71,18131.85,-1
2024-09-26,2024-09-26 13:47:00,454.3,454.3,454.2,454.2,-0.02,39.71,18131.85,-1
2024-09-26,2024-09-26 13:48:00,454.2,454.2,454.1,454.1,-0.02,39.71,18131.85,-1
2024-09-26,2024-09-26 13:49:00,454.1,454.1,454.0,454.0,-0.02,39.71,18131.85,-1
2024-09-26,2024-09-26 13:50:00,454.0,454.0,453.9,453.9,-0.02,39.71,18131.85,-1
2024-09-26,2024-09-26 13:51:00,453.9,453.9,453.8,453.8,-0.02,39.71,18131.85,-1
2024-09-26,2024-09-26 13:52:00,453.8,453.8,453.7,453.7,-0.02,39.71,18131.85,-1
2024-09-26,2024-09-26 13:53:00,453.7,453.7,453.6,453.6,-0.02,39.71,18131.85,-1
2024-09-26,2024-09-26 13:54:00,453.6,453.6,453.5,453.5,-0.02,39.71,18131.85,-1
2024-09-26,2024-09-26 13:55:00,453.5,453.5,453.4,453.4,-0.02,39.71,18131.85,-1
2024-09-26,2024-09-26 13:56:00,453.4,453.4,453.3,453.3,-0.02,39.71,18131.85,-1
2024-09-26,2024-09-26 13:57:00,453.3,453.3,453.2,453.2,-0.02,39.71,18131.85,-1
2024-09-26,2024-09-26 13:58:00,453.2,453.2,453.1,453.1,-0.02,39.71,18131.85,-1
2024-09-26,2024-09-26 13:59:00,453.1,453.1,453.0,453.0,-0.02,39.71,18131.85,-1
2024-09-26,2024-09-26 14:00:00,453.0,453.0,452.9,452.9,-0.02,39.71,18131.85,-1
2024-09-26,2024-09-26 14:01:00,452.9,452.9,452.8,452.8,-0.02,39.71,18131.85,-1
2024-09-26,2024-09-26 14:02:00,452.8,452.8,452.7,452.7,-0.02,39.71,18131.85,-1
2024-09-26,2024-09-26 14:03:00,452.7,452.7,452.6,452.6,-0.02,39.71,18131.85,-1
2024-09-26,2024-09-26 14:04:00,452.6,452.6,452.5,452.5,-0.02,39.71,18131.85,-1
2024-09-26,2024-09-26 14:05:00,452.5,452.5,452.4,452.4,-0.02,39.71,18131.85,-1
2024-09-26,2024-09-26 14:06:00,452.4,452.4,452.3,452.3,-0.02,39.71,18131.85,-1
2024-09-26,2024-09-26 14:07:00,452.3,452.3,452.2,452.2,-0.02,39.71,18131.85,-1
2024-09-26,2024-09-26 14:08:00,452.2,452.2,452.1,452.1,-0.02,39.71,18131.85,-1
2024-09-26,2024-09-26 14:09:00,452.1,452.1,452.0,452.0,-0.02,39.71,18131.85,-1
2024-09-26,2024-09-26 14:10:00,452.0,452.0,451.9,451.9,-0.02,39.71,18131.85,-1
2024-09-26,2024-09-26 14:11:00,451.9,451.9,451.8,451.8,-0.02,39.71,18131.85,-1
2024-09-26,2024-09-26 14:12:00,451.8,451.8,451.7,451.7,-0.02,39.71,18131.85,-1
2024-09-26,2024-09-26 14:13:00,451.7,451.7,451.6,451.6,-0.02,39.71,18131.85,-1
2024-09-26,2024-09-26 14:14:00,451.6,451.6,451.5,451.5,-0.02,39.71,18131.85,-1
2024-09-26,2024-09-26 14:15:00,451.5,451.5,451.4,451.4,-0.02,39.71,18131.85,-1
2024-09-26,2024-09-26 14:16:00,451.4,451.4,451.3,451.3,-0.02,39.71,18131.85,-1
2024-09-26,2024-09-26 14:17:00,451.3,451.3,451.2,451.2,-0.02,39.71,18131.85,-1
2024-09-26,2024-09-26 14:18:00,451.2,451.2,451.1,451.1,-0.02,39.71,18131.85,-1
2024-09-26,2024-09-26 14:19:00,451.1,451.1,451.0,451.0,-0.02,39.71,18131.85,-1
2024-09-26,2024-09-26 14:20:00,451.0,451.0,450.9,450.9,-0.02,39.71,18131.85,-1
2024-09-26,2024-09-26 14:21:00,450.9,450.9,450.8,450.8,-0.02,39.71,18131.85,-1
2024-09-26,2024-09-26 14:22:00,450.8,450.8,450.7,450.7,-0.02,39.71,18131.85,-1
2024-09-26,2024-09-26 14:23:00,450.7,450.7,450.6,450.6,-0.02,39.71,18131.85,-1
2024-09-26,2024-09-26 14:24:00,450.6,450.6,450.5,450.5,-0.02,39.71,18131.85,-1
2024-09-26,2024-09-26 14:25:00,450.5,450.5,450.4,450.4,-0.02,39.71,18131.85,-1
2024-09-26,2024-09-26 14:26:00,450.4,450.4,450.3,450.3,-0.02,39.71,18131.85,-1
2024-09-26,2024-09-26 14:27:00,450.3,450.3,450.2,450.2,-0.02,39.71,18131.85,-1
2024-09-26,2024-09-26 14:28:00,450.2,450.2,450.1,450.1,-0.02,39.71,18131.85,-1
2024-09-26,2024-09-26 14:29:00,450.1,450.1,450.0,450.0,-0.02,39.71,18131.85,-1
2024-09-26,2024-09-26 14:30:00,450.0,450.0,449.9,449.9,-0.02,39.71,18131.85,-1
2024-09-26,2024-09-26 14:31:00,449.9,449.9,449.8,449.8,-0.02,39.71,18131.85,-1
2024-09-26,2024-09-26 14:32:00,449.8,449.8,449.7,449.7,-0.02,39.71,18131.85,-1
2024-09-26,2024-09-26 14:33:00,449.7,449.7,449.6,449.6,-0.02,39.71,18131.85,-1
2024-09-26,2024-09-26 14:34:00,449.6,449.6,449.5,449.5,-0.02,39.71,18131.85,-1
2024-09-26,2024-09-26 14:35:00,449.5,449.5,449.4,449.4,-0.02,39.71,18131.85,-1
2024-09-26,2024-09-26 14:36:00,449.4,449.4,449.3,449.3,-0.02,39.71,18131.85,-1
2024-09-26,2024-09-26 14:37:00,449.3,449.3,449.2,449.2,-0.02,39.71,18131.85,-1
2024-09-26,2024-09-26 14:38:00,449.2,449.2,449.1,449.1,-0.02,39.71,18131.85,-1
2024-09-26,2024-09-26 14:39:00,449.1,449.1,449.0,449.0,-0.02,39.71,18131.85,-1
2024-09-26,2024-09-26 14:40:00,449.0,449.0,448.9,448.9,-0.02,39.71,18131.85,-1
2024-09-26,2024-09-26 14:41:00,448.9,448.9,448.8,448.8,-0.02,39.71,18131.85,-1
2024-09-26,2024-09-26 14:42:00,448.8,448.8,448.7,448.7,-0.02,39.71,18131.85,-1
2024-09-26,2024-09-26 14:43:00,448.7,448.7,448.6,448.6,-0.02,39.71,18131.85,-1
2024-09-26,2024-09-26 14:44:00,448.6,448.6,448.5,448.5,-0.02,39.71,18131.85,-1
2024-09-26,2024-09-26 14:45:00,448.5,448.5,448.4,448.4,-0.02,39.71,18131.85,-1
2024-09-26,2024-09-26 14:46:00,448.4,448.4,448.3,448.3,-0.02,39.71,18131.85,-1
2024-09-26,2024-09-26 14:47:00,448.3,448.3,448.2,448.2,-0.02,39.71,18131.85,-1
2024-09-26,2024-09-26 14:48:00,448.2,448.2,448.1,448.1,-0.02,39.71,18131.85,-1
2024-09-26,2024-09-26 14:49:00,448.1,448.1,448.0,448.0,-0.02,39.71,18131.85,-1
2024-09-26,2024-09-26 14:50:00,448.0,448.0,447.9,447.9,-0.02,39.71,18131.85,-1
2024-09-26,2024-09-26 14:51:00,447.9,447.9,447.8,447.8,-0.02,39.71,18131.85,-1
2024-09-26,2024-09-26 14:52:00,447.8,447.8,447.7,447.7,-0.02,39.71,18131.85,-1
2024-09-26,2024-09-26 14:53:00,447.7,447.7,447.6,447.6,-0.02,39.71,18131.85,-1
2024-09-26,2024-09-26 14:54:00,447.6,447.6,447.5,447.5,-0.02,39.71,18131.85,-1
2024-09-26,2024-09-26 14:55:00,447.5,447.5,447.4,447.4,-0.02,39.71,18131.85,-1
2024-09-26,2024-09-26 14:56:00,447.4,447.4,447.3,447.3,-0.02,39.71,18131.85,-1
2024-09-26,2024-09-26 14:57:00,447.3,447.3,447.2,447.2,-0.02,39.71,18131.85,-1
2024-09-26,2024-09-26 14:58:00,447.2,447.2,447.1,447.1,-0.02,39.71,18131.85,-1
2024-09-26,2024-09-26 14:59:00,447.1,447.1,447.0,447.0,-0.02,39.71,18131.85,-1
2024-09-26,2024-09-26 15:00:00,447.0,472.0,445.0,447.0,0.0,39.71,18131.85,0
2024-09-29,2024-09-29 11:00:00,442.0,443.47,436.33,441.93,-0.02,48.07,20678.69,-1
2024-09-29,2024-09-29 11:01:00,441.93,441.93,441.86,441.86,-0.02,48.07,20678.69,-1
2024-09-29,2024-09-29 11:02:00,441.86,441.86,441.79,441.79,-0.02,48.07,20678.69,-1
2024-09-29,2024-09-29 11:03:00,441.79,441.79,441.72,441.72,-0.02,48.07,20678.69,-1
2024-09-29,2024-09-29 11:04:00,441.72,441.72,441.65,441.65,-0.02,48.07,20678.69,-1
2024-09-29,2024-09-29 11:05:00,441.65,441.65,441.58,441.58,-0.02,48.07,20678.69,-1
2024-09-29,2024-09-29 11:06:00,441.58,441.58,441.51,441.51,-0.02,48.07,20678.69,-1
2024-09-29,2024-09-29 11:07:00,441.51,441.51,441.44,441.44,-0.02,48.07,20678.69,-1
2024-09-29,2024-09-29 11:08:00,441.44,441.44,441.37,441.37,-0.02,48.07,20678.69,-1
2024-09-29,2024-09-29 11:09:00,441.37,441.37,441.3,441.3,-0.02,48.07,20678.69,-1
2024-09-29,2024-09-29 11:10:00,441.3,441.3,441.23,441.23,-0.02,48.07,20678.69,-1
2024-09-29,2024-09-29 11:11:00,441.23,441.23,441.15,441.15,-0.02,48.07,20678.69,-1
2024-09-29,2024-09-29 11:12:00,441.15,441.15,441.08,441.08,-0.02,48.07,20678.69,-1
2024-09-29,2024-09-29 11:13:00,441.08,441.08,441.01,441.01,-0.02,48.07,20678.69,-1
2024-09-29,2024-09-29 11:14:00,441.01,441.01,440.94,440.94,-0.02,48.07,20678.69,-1
2024-09-29,2024-09-29 11:15:00,440.94,440.94,440.87,440.87,-0.02,48.07,20678.69,-1
2024-09-29,2024-09-29 11:16:00,440.87,440.87,440.8,440.8,-0.02,48.07,20678.69,-1
2024-09-29,2024-09-29 11:17:00,440.8,440.8,440.73,440.73,-0.02,48.07,20678.69,-1
2024-09-29,2024-09-29 11:18:00,440.73,440.73,440.66,440.66,-0.02,48.07,20678.69,-1
2024-09-29,2024-09-29 11:19:00,440.66,440.66,440.59,440.59,-0.02,48.07,20678.69,-1
2024-09-29,2024-09-29 11:20:00,440.59,440.59,440.52,440.52,-0.02,48.07,20678.69,-1
2024-09-29,2024-09-29 11:21:00,440.52,440.52,440.45,440.45,-0.02,48.07,20678.69,-1
2024-09-29,2024-09-29 11:22:00,440.45,440.45,440.38,440.38,-0.02,48.07,20678.69,-1
2024-09-29,2024-09-29 11:23:00,440.38,440.38,440.31,440.31,-0.02,48.07,20678.69,-1
2024-09-29,2024-09-29 11:24:00,440.31,440.31,440.24,440.24,-0.02,48.07,20678.69,-1
2024-09-29,2024-09-29 11:25:00,440.24,440.24,440.17,440.17,-0.02,48.07,20678.69,-1
2024-09-29,2024-09-29 11:26:00,440.17,440.17,440.1,440.1,-0.02,48.07,20678.69,-1
2024-09-29,2024-09-29 11:27:00,440.1,440.1,440.03,440.03,-0.02,48.07,20678.69,-1
2024-09-29,2024-09-29 11:28:00,440.03,440.03,439.96,439.96,-0.02,48.07,20678.69,-1
2024-09-29,2024-09-29 11:29:00,439.96,439.96,439.89,439.89,-0.02,48.07,20678.69,-1
2024-09-29,2024-09-29 11:30:00,439.89,439.89,439.82,439.82,-0.02,48.07,20678.69,-1
2024-09-29,2024-09-29 11:31:00,439.82,439.82,439.75,439.75,-0.02,48.07,20678.69,-1
2024-09-29,2024-09-29 11:32:00,439.75,439.75,439.68,439.68,-0.02,48.07,20678.69,-1
2024-09-29,2024-09-29 11:33:00,439.68,439.68,439.61,439.61,-0.02,48.07,20678.69,-1
2024-09-29,2024-09-29 11:34:00,439.61,439.61,439.54,439.54,-0.02,48.07,20678.69,-1
2024-09-29,2024-09-29 11:35:00,439.54,439.54,439.47,439.47,-0.02,48.07,20678.69,-1
2024-09-29,2024-09-29 11:36:00,439.47,439.47,439.39,439.39,-0.02,48.07,20678.69,-1
2024-09-29,2024-09-29 11:37:00,439.39,439.39,439.32,439.32,-0.02,48.07,20678.69,-1
2024-09-29,2024-09-29 11:38:00,439.32,439.32,439.25,439.25,-0.02,48.07,20678.69,-1
2024-09-29,2024-09-29 11:39:00,439.25,439.25,439.18,439.18,-0.02,48.07,20678.69,-1
2024-09-29,2024-09-29 11:40:00,439.18,439.18,439.11,439.11,-0.02,48.07,20678.69,-1
2024-09-29,2024-09-29 11:41:00,439.11,439.11,439.04,439.04,-0.02,48.07,20678.69,-1
2024-09-29,2024-09-29 11:42:00,439.04,439.04,438.97,438.97,-0.02,48.07,20678.69,-1
2024-09-29,2024-09-29 11:43:00,438.97,438.97,438.9,438.9,-0.02,48.07,20678.69,-1
2024-09-29,2024-09-29 11:44:00,438.9,438.9,438.83,438.83,-0.02,48.07,20678.69,-1
2024-09-29,2024-09-29 11:45:00,438.83,438.83,438.76,438.76,-0.02,48.07,20678.69,-1
2024-09-29,2024-09-29 11:46:00,438.76,438.76,438.69,438.69,-0.02,48.07,20678.69,-1
2024-09-29,2024-09-29 11:47:00,438.69,438.69,438.62,438.62,-0.02,48.07,20678.69,-1
2024-09-29,2024-09-29 11:48:00,438.62,438.62,438.55,438.55,-0.02,48.07,20678.69,-1
2024-09-29,2024-09-29 11:49:00,438.55,438.55,438.48,438.48,-0.02,48.07,20678.69,-1
2024-09-29,2024-09-29 11:50:00,438.48,438.48,438.41,438.41,-0.02,48.07,20678.69,-1
2024-09-29,2024-09-29 11:51:00,438.41,438.41,438.34,438.34,-0.02,48.07,20678.69,-1
2024-09-29,2024-09-29 11:52:00,438.34,438.34,438.27,438.27,-0.02,48.07,20678.69,-1
2024-09-29,2024-09-29 11:53:00,438.27,438.27,438.2,438.2,-0.02,48.07,20678.69,-1
2024-09-29,2024-09-29 11:54:00,438.2,438.2,438.13,438.13,-0.02,48.07,20678.69,-1
2024-09-29,2024-09-29 11:55:00,438.13,438.13,438.06,438.06,-0.02,48.07,20678.69,-1
2024-09-29,2024-09-29 11:56:00,438.06,438.06,437.99,437.99,-0.02,48.07,20678.69,-1
2024-09-29,2024-09-29 11:57:00,437.99,437.99,437.92,437.92,-0.02,48.07,20678.69,-1
2024-09-29,2024-09-29 11:58:00,437.92,437.92,437.85,437.85,-0.02,48.07,20678.69,-1
2024-09-29,2024-09-29 11:59:00,437.85,437.85,437.77,437.77,-0.02,48.07,20678.69,-1
2024-09-29,2024-09-29 12:00:00,437.77,437.77,437.7,437.7,-0.02,48.07,20678.69,-1
2024-09-29,2024-09-29 12:01:00,437.7,437.7,437.63,437.63,-0.02,48.07,20678.69,-1
2024-09-29,2024-09-29 12:02:00,437.63,437.63,437.56,437.56,-0.02,48.07,20678.69,-1
2024-09-29,2024-09-29 12:03:00,437.56,437.56,437.49,437.49,-0.02,48.07,20678.69,-1
2024-09-29,2024-09-29 12:04:00,437.49,437.49,437.42,437.42,-0.02,48.07,20678.69,-1
2024-09-29,2024-09-29 12:05:00,437.42,437.42,437.35,437.35,-0.02,48.07,20678.69,-1
2024-09-29,2024-09-29 12:06:00,437.35,437.35,437.28,437.28,-0.02,48.07,20678.69,-1
2024-09-29,2024-09-29 12:07:00,437.28,437.28,437.21,437.21,-0.02,48.07,20678.69,-1
2024-09-29,2024-09-29 12:08:00,437.21,437.21,437.14,437.14,-0.02,48.07,20678.69,-1
2024-09-29,2024-09-29 12:09:00,437.14,437.14,437.07,437.07,-0.02,48.07,20678.69,-1
2024-09-29,2024-09-29 12:10:00,437.07,437.07,437.0,437.0,-0.02,48.07,20678.69,-1
2024-09-29,2024-09-29 12:11:00,437.0,437.0,436.93,436.93,-0.02,48.07,20678.69,-1
2024-09-29,2024-09-29 12:12:00,436.93,436.93,436.86,436.86,-0.02,48.07,20678.69,-1
2024-09-29,2024-09-29 12:13:00,436.86,436.86,436.79,436.79,-0.02,48.07,20678.69,-1
2024-09-29,2024-09-29 12:14:00,436.79,436.79,436.72,436.72,-0.02,48.07,20678.69,-1
2024-09-29,2024-09-29 12:15:00,436.72,436.72,436.65,436.65,-0.02,48.07,20678.69,-1
2024-09-29,2024-09-29 12:16:00,436.65,436.65,436.58,436.58,-0.02,48.07,20678.69,-1
2024-09-29,2024-09-29 12:17:00,436.58,436.58,436.51,436.51,-0.02,48.07,20678.69,-1
2024-09-29,2024-09-29 12:18:00,436.51,436.51,436.44,436.44,-0.02,48.07,20678.69,-1
2024-09-29,2024-09-29 12:19:00,436.44,436.44,436.37,436.37,-0.02,48.07,20678.69,-1
2024-09-29,2024-09-29 12:20:00,436.37,436.37,436.3,436.3,-0.02,48.07,20678.69,-1
2024-09-29,2024-09-29 12:21:00,436.3,436.3,436.23,436.23,-0.02,48.07,20678.69,-1
2024-09-29,2024-09-29 12:22:00,436.23,436.23,436.16,436.16,-0.02,48.07,20678.69,-1
2024-09-29,2024-09-29 12:23:00,436.16,436.16,436.09,436.09,-0.02,48.07,20678.69,-1
2024-09-29,2024-09-29 12:24:00,436.09,436.09,436.01,436.01,-0.02,48.07,20678.69,-1
2024-09-29,2024-09-29 12:25:00,436.01,436.01,435.94,435.94,-0.02,48.07,20678.69,-1
2024-09-29,2024-09-29 12:26:00,435.94,435.94,435.87,435.87,-0.02,48.07,20678.69,-1
2024-09-29,2024-09-29 12:27:00,435.87,435.87,435.8,435.8,-0.02,48.07,20678.69,-1
2024-09-29,2024-09-29 12:28:00,435.8,435.8,435.73,435.73,-0.02,48.07,20678.69,-1
2024-09-29,2024-09-29 12:29:00,435.73,435.73,435.66,435.66,-0.02,48.07,20678.69,-1
2024-09-29,2024-09-29 12:30:00,435.66,435.66,435.59,435.59,-0.02,48.07,20678.69,-1
2024-09-29,2024-09-29 12:31:00,435.59,435.59,435.52,435.52,-0.02,48.07,20678.69,-1
2024-09-29,2024-09-29 12:32:00,435.52,435.52,435.45,435.45,-0.02,48.07,20678.69,-1
2024-09-29,2024-09-29 12:33:00,435.45,435.45,435.38,435.38,-0.02,48.07,20678.69,-1
2024-09-29,2024-09-29 12:34:00,435.38,435.38,435.31,435.31,-0.02,48.07,20678.69,-1
2024-09-29,2024-09-29 12:35:00,435.31,435.31,435.24,435.24,-0.02,48.07,20678.69,-1
2024-09-29,2024-09-29 12:36:00,435.24,435.24,435.17,435.17,-0.02,48.07,20678.69,-1
2024-09-29,2024-09-29 12:37:00,435.17,435.17,435.1,435.1,-0.02,48.07,20678.69,-1
2024-09-29,2024-09-29 12:38:00,435.1,435.1,435.03,435.03,-0.02,48.07,20678.69,-1
2024-09-29,2024-09-29 12:39:00,435.03,435.03,434.96,434.96,-0.02,48.07,20678.69,-1
2024-09-29,2024-09-29 12:40:00,434.96,434.96,434.89,434.89,-0.02,48.07,20678.69,-1
2024-09-29,2024-09-29 12:41:00,434.89,434.89,434.82,434.82,-0.02,48.07,20678.69,-1
2024-09-29,2024-09-29 12:42:00,434.82,434.82,434.75,434.75,-0.02,48.07,20678.69,-1
2024-09-29,2024-09-29 12:43:00,434.75,434.75,434.68,434.68,-0.02,48.07,20678.69,-1
2024-09-29,2024-09-29 12:44:00,434.68,434.68,434.61,434.61,-0.02,48.07,20678.69,-1
2024-09-29,2024-09-29 12:45:00,434.61,434.61,434.54,434.54,-0.02,48.07,20678.69,-1
2024-09-29,2024-09-29 12:46:00,434.54,434.54,434.47,434.47,-0.02,48.07,20678.69,-1
2024-09-29,2024-09-29 12:47:00,434.47,434.47,434.39,434.39,-0.02,48.07,20678.69,-1
2024-09-29,2024-09-29 12:48:00,434.39,434.39,434.32,434.32,-0.02,48.07,20678.69,-1
2024-09-29,2024-09-29 12:49:00,434.32,434.32,434.25,434.25,-0.02,48.07,20678.69,-1
2024-09-29,2024-09-29 12:50:00,434.25,434.25,434.18,434.18,-0.02,48.07,20678.69,-1
2024-09-29,2024-09-29 12:51:00,434.18,434.18,434.11,434.11,-0.02,48.07,20678.69,-1
2024-09-29,2024-09-29 12:52:00,434.11,434.11,434.04,434.04,-0.02,48.07,20678.69,-1
2024-09-29,2024-09-29 12:53:00,434.04,434.04,433.97,433.97,-0.02,48.07,20678.69,-1
2024-09-29,2024-09-29 12:54:00,433.97,433.97,433.9,433.9,-0.02,48.07,20678.69,-1
2024-09-29,2024-09-29 12:55:00,433.9,433.9,433.83,433.83,-0.02,48.07,20678.69,-1
2024-09-29,2024-09-29 12:56:00,433.83,433.83,433.76,433.76,-0.02,48.07,20678.69,-1
2024-09-29,2024-09-29 12:57:00,433.76,433.76,433.69,433.69,-0.02,48.07,20678.69,-1
2024-09-29,2024-09-29 12:58:00,433.69,433.69,433.62,433.62,-0.02,48.07,20678.69,-1
2024-09-29,2024-09-29 12:59:00,433.62,433.62,433.55,433.55,-0.02,48.07,20678.69,-1
2024-09-29,2024-09-29 13:00:00,433.55,446.9,423.1,433.48,-0.02,48.07,20678.69,-1
2024-09-29,2024-09-29 13:01:00,433.48,433.48,433.41,433.41,-0.02,48.07,20678.69,-1
2024-09-29,2024-09-29 13:02:00,433.41,433.41,433.34,433.34,-0.02,48.07,20678.69,-1
2024-09-29,2024-09-29 13:03:00,433.34,433.34,433.27,433.27,-0.02,48.07,20678.69,-1
2024-09-29,2024-09-29 13:04:00,433.27,433.27,433.2,433.2,-0.02,48.07,20678.69,-1
2024-09-29,2024-09-29 13:05:00,433.2,433.2,433.13,433.13,-0.02,48.07,20678.69,-1
2024-09-29,2024-09-29 13:06:00,433.13,433.13,433.06,433.06,-0.02,48.07,20678.69,-1
2024-09-29,2024-09-29 13:07:00,433.06,433.06,432.99,432.99,-0.02,48.07,20678.69,-1
2024-09-29,2024-09-29 13:08:00,432.99,432.99,432.92,432.92,-0.02,48.07,20678.69,-1
2024-09-29,2024-09-29 13:09:00,432.92,432.92,432.85,432.85,-0.02,48.07,20678.69,-1
2024-09-29,2024-09-29 13:10:00,432.85,432.85,432.78,432.78,-0.02,48.07,20678.69,-1
2024-09-29,2024-09-29 13:11:00,432.78,432.78,432.71,432.71,-0.02,48.07,20678.69,-1
2024-09-29,2024-09-29 13:12:00,432.71,432.71,432.63,432.63,-0.02,48.07,20678.69,-1
2024-09-29,2024-09-29 13:13:00,432.63,432.63,432.56,432.56,-0.02,48.07,20678.69,-1
2024-09-29,2024-09-29 13:14:00,432.56,432.56,432.49,432.49,-0.02,48.07,20678.69,-1
2024-09-29,2024-09-29 13:15:00,432.49,432.49,432.42,432.42,-0.02,48.07,20678.69,-1
2024-09-29,2024-09-29 13:16:00,432.42,432.42,432.35,432.35,-0.02,48.07,20678.69,-1
2024-09-29,2024-09-29 13:17:00,432.35,432.35,432.28,432.28,-0.02,48.07,20678.69,-1
2024-09-29,2024-09-29 13:18:00,432.28,432.28,432.21,432.21,-0.02,48.07,20678.69,-1
2024-09-29,2024-09-29 13:19:00,432.21,432.21,432.14,432.14,-0.02,48.07,20678.69,-1
2024-09-29,2024-09-29 13:20:00,432.14,432.14,432.07,432.07,-0.02,48.07,20678.69,-1
2024-09-29,2024-09-29 13:21:00,432.07,432.07,432.0,432.0,-0.02,48.07,20678.69,-1
2024-09-29,2024-09-29 13:22:00,432.0,432.0,431.93,431.93,-0.02,48.07,20678.69,-1
2024-09-29,2024-09-29 13:23:00,431.93,431.93,431.86,431.86,-0.02,48.07,20678.69,-1
2024-09-29,2024-09-29 13:24:00,431.86,431.86,431.79,431.79,-0.02,48.07,20678.69,-1
2024-09-29,2024-09-29 13:25:00,431.79,431.79,431.72,431.72,-0.02,48.07,20678.69,-1
2024-09-29,2024-09-29 13:26:00,431.72,431.72,431.65,431.65,-0.02,48.07,20678.69,-1
2024-09-29,2024-09-29 13:27:00,431.65,431.65,431.58,431.58,-0.02,48.07,20678.69,-1
2024-09-29,2024-09-29 13:28:00,431.58,431.58,431.51,431.51,-0.02,48.07,20678.69,-1
2024-09-29,2024-09-29 13:29:00,431.51,431.51,431.44,431.44,-0.02,48.07,20678.69,-1
2024-09-29,2024-09-29 13:30:00,431.44,431.44,431.37,431.37,-0.02,48.07,20678.69,-1
2024-09-29,2024-09-29 13:31:00,431.37,431.37,431.3,431.3,-0.02,48.07,20678.69,-1
2024-09-29,2024-09-29 13:32:00,431.3,431.3,431.23,431.23,-0.02,48.07,20678.69,-1
2024-09-29,2024-09-29 13:33:00,431.23,431.23,431.16,431.16,-0.02,48.07,20678.69,-1
2024-09-29,2024-09-29 13:34:00,431.16,431.16,431.09,431.09,-0.02,48.07,20678.69,-1
2024-09-29,2024-09-29 13:35:00,431.09,431.09,431.01,431.01,-0.02,48.07,20678.69,-1
2024-09-29,2024-09-29 13:36:00,431.01,431.01,430.94,430.94,-0.02,48.07,20678.69,-1
2024-09-29,2024-09-29 13:37:00,430.94,430.94,430.87,430.87,-0.02,48.07,20678.69,-1
2024-09-29,2024-09-29 13:38:00,430.87,430.87,430.8,430.8,-0.02,48.07,20678.69,-1
2024-09-29,2024-09-29 13:39:00,430.8,430.8,430.73,430.73,-0.02,48.07,20678.69,-1
2024-09-29,2024-09-29 13:40:00,430.73,430.73,430.66,430.66,-0.02,48.07,20678.69,-1
2024-09-29,2024-09-29 13:41:00,430.66,430.66,430.59,430.59,-0.02,48.07,20678.69,-1
2024-09-29,2024-09-29 13:42:00,430.59,430.59,430.52,430.52,-0.02,48.07,20678.69,-1
2024-09-29,2024-09-29 13:43:00,430.52,430.52,430.45,430.45,-0.02,48.07,20678.69,-1
2024-09-29,2024-09-29 13:44:00,430.45,430.45,430.38,430.38,-0.02,48.07,20678.69,-1
2024-09-29,2024-09-29 13:45:00,430.38,430.38,430.31,430.31,-0.02,48.07,20678.69,-1
2024-09-29,2024-09-29 13:46:00,430.31,430.31,430.24,430.24,-0.02,48.07,20678.69,-1
2024-09-29,2024-09-29 13:47:00,430.24,430.24,430.17,430.17,-0.02,48.07,20678.69,-1
2024-09-29,2024-09-29 13:48:00,430.17,430.17,430.1,430.1,-0.02,48.07,20678.69,-1
2024-09-29,2024-09-29 13:49:00,430.1,430.1,430.03,430.03,-0.02,48.07,20678.69,-1
2024-09-29,2024-09-29 13:50:00,430.03,430.03,429.96,429.96,-0.02,48.07,20678.69,-1
2024-09-29,2024-09-29 13:51:00,429.96,429.96,429.89,429.89,-0.02,48.07,20678.69,-1
2024-09-29,2024-09-29 13:52:00,429.89,429.89,429.82,429.82,-0.02,48.07,20678.69,-1
2024-09-29,2024-09-29 13:53:00,429.82,429.82,429.75,429.75,-0.02,48.07,20678.69,-1
2024-09-29,2024-09-29 13:54:00,429.75,429.75,429.68,429.68,-0.02,48.07,20678.69,-1
2024-09-29,2024-09-29 13:55:00,429.68,429.68,429.61,429.61,-0.02,48.07,20678.69,-1
2024-09-29,2024-09-29 13:56:00,429.61,429.61,429.54,429.54,-0.02,48.07,20678.69,-1
2024-09-29,2024-09-29 13:57:00,429.54,429.54,429.47,429.47,-0.02,48.07,20678.69,-1
2024-09-29,2024-09-29 13:58:00,429.47,429.47,429.4,429.4,-0.02,48.07,20678.69,-1
2024-09-29,2024-09-29 13:59:00,429.4,429.4,429.33,429.33,-0.02,48.07,20678.69,-1
2024-09-29,2024-09-29 14:00:00,429.33,429.33,429.25,429.25,-0.02,48.07,20678.69,-1
2024-09-29,2024-09-29 14:01:00,429.25,429.25,429.18,429.18,-0.02,48.07,20678.69,-1
2024-09-29,2024-09-29 14:02:00,429.18,429.18,429.11,429.11,-0.02,48.07,20678.69,-1
2024-09-29,2024-09-29 14:03:00,429.11,429.11,429.04,429.04,-0.02,48.07,20678.69,-1
2024-09-29,2024-09-29 14:04:00,429.04,429.04,428.97,428.97,-0.02,48.07,20678.69,-1
2024-09-29,2024-09-29 14:05:00,428.97,428.97,428.9,428.9,-0.02,48.07,20678.69,-1
2024-09-29,2024-09-29 14:06:00,428.9,428.9,428.83,428.83,-0.02,48.07,20678.69,-1
2024-09-29,2024-09-29 14:07:00,428.83,428.83,428.76,428.76,-0.02,48.07,20678.69,-1
2024-09-29,2024-09-29 14:08:00,428.76,428.76,428.69,428.69,-0.02,48.07,20678.69,-1
2024-09-29,2024-09-29 14:09:00,428.69,428.69,428.62,428.62,-0.02,48.07,20678.69,-1
2024-09-29,2024-09-29 14:10:00,428.62,428.62,428.55,428.55,-0.02,48.07,20678.69,-1
2024-09-29,2024-09-29 14:11:00,428.55,428.55,428.48,428.48,-0.02,48.07,20678.69,-1
2024-09-29,2024-09-29 14:12:00,428.48,428.48,428.41,428.41,-0.02,48.07,20678.69,-1
2024-09-29,2024-09-29 14:13:00,428.41,428.41,428.34,428.34,-0.02,48.07,20678.69,-1
2024-09-29,2024-09-29 14:14:00,428.34,428.34,428.27,428.27,-0.02,48.07,20678.69,-1
2024-09-29,2024-09-29 14:15:00,428.27,428.27,428.2,428.2,-0.02,48.07,20678.69,-1
2024-09-29,2024-09-29 14:16:00,428.2,428.2,428.13,428.13,-0.02,48.07,20678.69,-1
2024-09-29,2024-09-29 14:17:00,428.13,428.13,428.06,428.06,-0.02,48.07,20678.69,-1
2024-09-29,2024-09-29 14:18:00,428.06,428.06,427.99,427.99,-0.02,48.07,20678.69,-1
2024-09-29,2024-09-29 14:19:00,427.99,427.99,427.92,427.92,-0.02,48.07,20678.69,-1
2024-09-29,2024-09-29 14:20:00,427.92,427.92,427.85,427.85,-0.02,48.07,20678.69,-1
2024-09-29,2024-09-29 14:21:00,427.85,427.85,427.78,427.78,-0.02,48.07,20678.69,-1
2024-09-29,2024-09-29 14:22:00,427.78,427.78,427.71,427.71,-0.02,48.07,20678.69,-1
2024-09-29,2024-09-29 14:23:00,427.71,427.71,427.63,427.63,-0.02,48.07,20678.69,-1
2024-09-29,2024-09-29 14:24:00,427.63,427.63,427.56,427.56,-0.02,48.07,20678.69,-1
2024-09-29,2024-09-29 14:25:00,427.56,427.56,427.49,427.49,-0.02,48.07,20678.69,-1
2024-09-29,2024-09-29 14:26:00,427.49,427.49,427.42,427.42,-0.02,48.07,20678.69,-1
2024-09-29,2024-09-29 14:27:00,427.42,427.42,427.35,427.35,-0.02,48.07,20678.69,-1
2024-09-29,2024-09-29 14:28:00,427.35,427.35,427.28,427.28,-0.02,48.07,20678.69,-1
2024-09-29,2024-09-29 14:29:00,427.28,427.28,427.21,427.21,-0.02,48.07,20678.69,-1
2024-09-29,2024-09-29 14:30:00,427.21,427.21,427.14,427.14,-0.02,48.07,20678.69,-1
2024-09-29,2024-09-29 14:31:00,427.14,427.14,427.07,427.07,-0.02,48.07,20678.69,-1
2024-09-29,2024-09-29 14:32:00,427.07,427.07,427.0,427.0,-0.02,48.07,20678.69,-1
2024-09-29,2024-09-29 14:33:00,427.0,427.0,426.93,426.93,-0.02,48.07,20678.69,-1
2024-09-29,2024-09-29 14:34:00,426.93,426.93,426.86,426.86,-0.02,48.07,20678.69,-1
2024-09-29,2024-09-29 14:35:00,426.86,426.86,426.79,426.79,-0.02,48.07,20678.69,-1
2024-09-29,2024-09-29 14:36:00,426.79,426.79,426.72,426.72,-0.02,48.07,20678.69,-1
2024-09-29,2024-09-29 14:37:00,426.72,426.72,426.65,426.65,-0.02,48.07,20678.69,-1
2024-09-29,2024-09-29 14:38:00,426.65,426.65,426.58,426.58,-0.02,48.07,20678.69,-1
2024-09-29,2024-09-29 14:39:00,426.58,426.58,426.51,426.51,-0.02,48.07,20678.69,-1
2024-09-29,2024-09-29 14:40:00,426.51,426.51,426.44,426.44,-0.02,48.07,20678.69,-1
2024-09-29,2024-09-29 14:41:00,426.44,426.44,426.37,426.37,-0.02,48.07,20678.69,-1
2024-09-29,2024-09-29 14:42:00,426.37,426.37,426.3,426.3,-0.02,48.07,20678.69,-1
2024-09-29,2024-09-29 14:43:00,426.3,426.3,426.23,426.23,-0.02,48.07,20678.69,-1
2024-09-29,2024-09-29 14:44:00,426.23,426.23,426.16,426.16,-0.02,48.07,20678.69,-1
2024-09-29,2024-09-29 14:45:00,426.16,426.16,426.09,426.09,-0.02,48.07,20678.69,-1
2024-09-29,2024-09-29 14:46:00,426.09,426.09,426.02,426.02,-0.02,48.07,20678.69,-1
2024-09-29,2024-09-29 14:47:00,426.02,426.02,425.95,425.95,-0.02,48.07,20678.69,-1
2024-09-29,2024-09-29 14:48:00,425.95,425.95,425.87,425.87,-0.02,48.07,20678.69,-1
2024-09-29,2024-09-29 14:49:00,425.87,425.87,425.8,425.8,-0.02,48.07,20678.69,-1
2024-09-29,2024-09-29 14:50:00,425.8,425.8,425.73,425.73,-0.02,48.07,20678.69,-1
2024-09-29,2024-09-29 14:51:00,425.73,425.73,425.66,425.66,-0.02,48.07,20678.69,-1
2024-09-29,2024-09-29 14:52:00,425.66,425.66,425.59,425.59,-0.02,48.07,20678.69,-1
2024-09-29,2024-09-29 14:53:00,425.59,425.59,425.52,425.52,-0.02,48.07,20678.69,-1
2024-09-29,2024-09-29 14:54:00,425.52,425.52,425.45,425.45,-0.02,48.07,20678.69,-1
2024-09-29,2024-09-29 14:55:00,425.45,425.45,425.38,425.38,-0.02,48.07,20678.69,-1
2024-09-29,2024-09-29 14:56:00,425.38,425.38,425.31,425.31,-0.02,48.07,20678.69,-1
2024-09-29,2024-09-29 14:57:00,425.31,425.31,425.24,425.24,-0.02,48.07,20678.69,-1
2024-09-29,2024-09-29 14:58:00,425.24,425.24,425.17,425.17,-0.02,48.07,20678.69,-1
2024-09-29,2024-09-29 14:59:00,425.17,425.17,425.1,425.1,-0.02,48.07,20678.69,-1
2024-09-29,2024-09-29 15:00:00,425.1,446.9,423.1,425.1,0.0,48.07,20678.69,0
2024-09-30,2024-09-30 11:00:00,417.1,423.52,417.1,417.16,0.01,34.85,14887.39,1
2024-09-30,2024-09-30 11:01:00,417.16,417.22,417.16,417.22,0.01,34.85,14887.39,1
2024-09-30,2024-09-30 11:02:00,417.22,417.27,417.22,417.27,0.01,34.85,14887.39,1
2024-09-30,2024-09-30 11:03:00,417.27,417.33,417.27,417.33,0.01,34.85,14887.39,1
2024-09-30,2024-09-30 11:04:00,417.33,417.39,417.33,417.39,0.01,34.85,14887.39,1
2024-09-30,2024-09-30 11:05:00,417.39,417.45,417.39,417.45,0.01,34.85,14887.39,1
2024-09-30,2024-09-30 11:06:00,417.45,417.51,417.45,417.51,0.01,34.85,14887.39,1
2024-09-30,2024-09-30 11:07:00,417.51,417.56,417.51,417.56,0.01,34.85,14887.39,1
2024-09-30,2024-09-30 11:08:00,417.56,417.62,417.56,417.62,0.01,34.85,14887.39,1
2024-09-30,2024-09-30 11:09:00,417.62,417.68,417.62,417.68,0.01,34.85,14887.39,1
2024-09-30,2024-09-30 11:10:00,417.68,417.74,417.68,417.74,0.01,34.85,14887.39,1
2024-09-30,2024-09-30 11:11:00,417.74,417.8,417.74,417.8,0.01,34.85,14887.39,1
2024-09-30,2024-09-30 11:12:00,417.8,417.85,417.8,417.85,0.01,34.85,14887.39,1
2024-09-30,2024-09-30 11:13:00,417.85,417.91,417.85,417.91,0.01,34.85,14887.39,1
2024-09-30,2024-09-30 11:14:00,417.91,417.97,417.91,417.97,0.01,34.85,14887.39,1
2024-09-30,2024-09-30 11:15:00,417.97,418.03,417.97,418.03,0.01,34.85,14887.39,1
2024-09-30,2024-09-30 11:16:00,418.03,418.08,418.03,418.08,0.01,34.85,14887.39,1
2024-09-30,2024-09-30 11:17:00,418.08,418.14,418.08,418.14,0.01,34.85,14887.39,1
2024-09-30,2024-09-30 11:18:00,418.14,418.2,418.14,418.2,0.01,34.85,14887.39,1
2024-09-30,2024-09-30 11:19:00,418.2,418.26,418.2,418.26,0.01,34.85,14887.39,1
2024-09-30,2024-09-30 11:20:00,418.26,418.32,418.26,418.32,0.01,34.85,14887.39,1
2024-09-30,2024-09-30 11:21:00,418.32,418.37,418.32,418.37,0.01,34.85,14887.39,1
2024-09-30,2024-09-30 11:22:00,418.37,418.43,418.37,418.43,0.01,34.85,14887.39,1
2024-09-30,2024-09-30 11:23:00,418.43,418.49,418.43,418.49,0.01,34.85,14887.39,1
2024-09-30,2024-09-30 11:24:00,418.49,418.55,418.49,418.55,0.01,34.85,14887.39,1
2024-09-30,2024-09-30 11:25:00,418.55,418.61,418.55,418.61,0.01,34.85,14887.39,1
2024-09-30,2024-09-30 11:26:00,418.61,418.66,418.61,418.66,0.01,34.85,14887.39,1
2024-09-30,2024-09-30 11:27:00,418.66,418.72,418.66,418.72,0.01,34.85,14887.39,1
2024-09-30,2024-09-30 11:28:00,418.72,418.78,418.72,418.78,0.01,34.85,14887.39,1
2024-09-30,2024-09-30 11:29:00,418.78,418.84,418.78,418.84,0.01,34.85,14887.39,1
2024-09-30,2024-09-30 11:30:00,418.84,418.9,418.84,418.9,0.01,34.85,14887.39,1
2024-09-30,2024-09-30 11:31:00,418.9,418.95,418.9,418.95,0.01,34.85,14887.39,1
2024-09-30,2024-09-30 11:32:00,418.95,419.01,418.95,419.01,0.01,34.85,14887.39,1
2024-09-30,2024-09-30 11:33:00,419.01,419.07,419.01,419.07,0.01,34.85,14887.39,1
2024-09-30,2024-09-30 11:34:00,419.07,419.13,419.07,419.13,0.01,34.85,14887.39,1
2024-09-30,2024-09-30 11:35:00,419.13,419.19,419.13,419.19,0.01,34.85,14887.39,1
2024-09-30,2024-09-30 11:36:00,419.19,419.24,419.19,419.24,0.01,34.85,14887.39,1
2024-09-30,2024-09-30 11:37:00,419.24,419.3,419.24,419.3,0.01,34.85,14887.39,1
2024-09-30,2024-09-30 11:38:00,419.3,419.36,419.3,419.36,0.01,34.85,14887.39,1
2024-09-30,2024-09-30 11:39:00,419.36,419.42,419.36,419.42,0.01,34.85,14887.39,1
2024-09-30,2024-09-30 11:40:00,419.42,419.47,419.42,419.47,0.01,34.85,14887.39,1
2024-09-30,2024-09-30 11:41:00,419.47,419.53,419.47,419.53,0.01,34.85,14887.39,1
2024-09-30,2024-09-30 11:42:00,419.53,419.59,419.53,419.59,0.01,34.85,14887.39,1
2024-09-30,2024-09-30 11:43:00,419.59,419.65,419.59,419.65,0.01,34.85,14887.39,1
2024-09-30,2024-09-30 11:44:00,419.65,419.71,419.65,419.71,0.01,34.85,14887.39,1
2024-09-30,2024-09-30 11:45:00,419.71,419.76,419.71,419.76,0.01,34.85,14887.39,1
2024-09-30,2024-09-30 11:46:00,419.76,419.82,419.76,419.82,0.01,34.85,14887.39,1
2024-09-30,2024-09-30 11:47:00,419.82,419.88,419.82,419.88,0.01,34.85,14887.39,1
2024-09-30,2024-09-30 11:48:00,419.88,419.94,419.88,419.94,0.01,34.85,14887.39,1
2024-09-30,2024-09-30 11:49:00,419.94,420.0,419.94,420.0,0.01,34.85,14887.39,1
2024-09-30,2024-09-30 11:50:00,420.0,420.05,420.0,420.05,0.01,34.85,14887.39,1
2024-09-30,2024-09-30 11:51:00,420.05,420.11,420.05,420.11,0.01,34.85,14887.39,1
2024-09-30,2024-09-30 11:52:00,420.11,420.17,420.11,420.17,0.01,34.85,14887.39,1
2024-09-30,2024-09-30 11:53:00,420.17,420.23,420.17,420.23,0.01,34.85,14887.39,1
2024-09-30,2024-09-30 11:54:00,420.23,420.29,420.23,420.29,0.01,34.85,14887.39,1
2024-09-30,2024-09-30 11:55:00,420.29,420.34,420.29,420.34,0.01,34.85,14887.39,1
2024-09-30,2024-09-30 11:56:00,420.34,420.4,420.34,420.4,0.01,34.85,14887.39,1
2024-09-30,2024-09-30 11:57:00,420.4,420.46,420.4,420.46,0.01,34.85,14887.39,1
2024-09-30,2024-09-30 11:58:00,420.46,420.52,420.46,420.52,0.01,34.85,14887.39,1
2024-09-30,2024-09-30 11:59:00,420.52,420.58,420.52,420.58,0.01,34.85,14887.39,1
2024-09-30,2024-09-30 12:00:00,420.58,420.63,420.58,420.63,0.01,34.85,14887.39,1
2024-09-30,2024-09-30 12:01:00,420.63,420.69,420.63,420.69,0.01,34.85,14887.39,1
2024-09-30,2024-09-30 12:02:00,420.69,420.75,420.69,420.75,0.01,34.85,14887.39,1
2024-09-30,2024-09-30 12:03:00,420.75,420.81,420.75,420.81,0.01,34.85,14887.39,1
2024-09-30,2024-09-30 12:04:00,420.81,420.86,420.81,420.86,0.01,34.85,14887.39,1
2024-09-30,2024-09-30 12:05:00,420.86,420.92,420.86,420.92,0.01,34.85,14887.39,1
2024-09-30,2024-09-30 12:06:00,420.92,420.98,420.92,420.98,0.01,34.85,14887.39,1
2024-09-30,2024-09-30 12:07:00,420.98,421.04,420.98,421.04,0.01,34.85,14887.39,1
2024-09-30,2024-09-30 12:08:00,421.04,421.1,421.04,421.1,0.01,34.85,14887.39,1
2024-09-30,2024-09-30 12:09:00,421.1,421.15,421.1,421.15,0.01,34.85,14887.39,1
2024-09-30,2024-09-30 12:10:00,421.15,421.21,421.15,421.21,0.01,34.85,14887.39,1
2024-09-30,2024-09-30 12:11:00,421.21,421.27,421.21,421.27,0.01,34.85,14887.39,1
2024-09-30,2024-09-30 12:12:00,421.27,421.33,421.27,421.33,0.01,34.85,14887.39,1
2024-09-30,2024-09-30 12:13:00,421.33,421.39,421.33,421.39,0.01,34.85,14887.39,1
2024-09-30,2024-09-30 12:14:00,421.39,421.44,421.39,421.44,0.01,34.85,14887.39,1
2024-09-30,2024-09-30 12:15:00,421.44,421.5,421.44,421.5,0.01,34.85,14887.39,1
2024-09-30,2024-09-30 12:16:00,421.5,421.56,421.5,421.56,0.01,34.85,14887.39,1
2024-09-30,2024-09-30 12:17:00,421.56,421.62,421.56,421.62,0.01,34.85,14887.39,1
2024-09-30,2024-09-30 12:18:00,421.62,421.68,421.62,421.68,0.01,34.85,14887.39,1
2024-09-30,2024-09-30 12:19:00,421.68,421.73,421.68,421.73,0.01,34.85,14887.39,1
2024-09-30,2024-09-30 12:20:00,421.73,421.79,421.73,421.79,0.01,34.85,14887.39,1
2024-09-30,2024-09-30 12:21:00,421.79,421.85,421.79,421.85,0.01,34.85,14887.39,1
2024-09-30,2024-09-30 12:22:00,421.85,421.91,421.85,421.91,0.01,34.85,14887.39,1
2024-09-30,2024-09-30 12:23:00,421.91,421.97,421.91,421.97,0.01,34.85,14887.39,1
2024-09-30,2024-09-30 12:24:00,421.97,422.02,421.97,422.02,0.01,34.85,14887.39,1
2024-09-30,2024-09-30 12:25:00,422.02,422.08,422.02,422.08,0.01,34.85,14887.39,1
2024-09-30,2024-09-30 12:26:00,422.08,422.14,422.08,422.14,0.01,34.85,14887.39,1
2024-09-30,2024-09-30 12:27:00,422.14,422.2,422.14,422.2,0.01,34.85,14887.39,1
2024-09-30,2024-09-30 12:28:00,422.2,422.25,422.2,422.25,0.01,34.85,14887.39,1
2024-09-30,2024-09-30 12:29:00,422.25,422.31,422.25,422.31,0.01,34.85,14887.39,1
2024-09-30,2024-09-30 12:30:00,422.31,422.37,422.31,422.37,0.01,34.85,14887.39,1
2024-09-30,2024-09-30 12:31:00,422.37,422.43,422.37,422.43,0.01,34.85,14887.39,1
2024-09-30,2024-09-30 12:32:00,422.43,422.49,422.43,422.49,0.01,34.85,14887.39,1
2024-09-30,2024-09-30 12:33:00,422.49,422.54,422.49,422.54,0.01,34.85,14887.39,1
2024-09-30,2024-09-30 12:34:00,422.54,422.6,422.54,422.6,0.01,34.85,14887.39,1
2024-09-30,2024-09-30 12:35:00,422.6,422.66,422.6,422.66,0.01,34.85,14887.39,1
2024-09-30,2024-09-30 12:36:00,422.66,422.72,422.66,422.72,0.01,34.85,14887.39,1
2024-09-30,2024-09-30 12:37:00,422.72,422.78,422.72,422.78,0.01,34.85,14887.39,1
2024-09-30,2024-09-30 12:38:00,422.78,422.83,422.78,422.83,0.01,34.85,14887.39,1
2024-09-30,2024-09-30 12:39:00,422.83,422.89,422.83,422.89,0.01,34.85,14887.39,1
2024-09-30,2024-09-30 12:40:00,422.89,422.95,422.89,422.95,0.01,34.85,14887.39,1
2024-09-30,2024-09-30 12:41:00,422.95,423.01,422.95,423.01,0.01,34.85,14887.39,1
2024-09-30,2024-09-30 12:42:00,423.01,423.07,423.01,423.07,0.01,34.85,14887.39,1
2024-09-30,2024-09-30 12:43:00,423.07,423.12,423.07,423.12,0.01,34.85,14887.39,1
2024-09-30,2024-09-30 12:44:00,423.12,423.18,423.12,423.18,0.01,34.85,14887.39,1
2024-09-30,2024-09-30 12:45:00,423.18,423.24,423.18,423.24,0.01,34.85,14887.39,1
2024-09-30,2024-09-30 12:46:00,423.24,423.3,423.24,423.3,0.01,34.85,14887.39,1
2024-09-30,2024-09-30 12:47:00,423.3,423.36,423.3,423.36,0.01,34.85,14887.39,1
2024-09-30,2024-09-30 12:48:00,423.36,423.41,423.36,423.41,0.01,34.85,14887.39,1
2024-09-30,2024-09-30 12:49:00,423.41,423.47,423.41,423.47,0.01,34.85,14887.39,1
2024-09-30,2024-09-30 12:50:00,423.47,423.53,423.47,423.53,0.01,34.85,14887.39,1
2024-09-30,2024-09-30 12:51:00,423.53,423.59,423.53,423.59,0.01,34.85,14887.39,1
2024-09-30,2024-09-30 12:52:00,423.59,423.64,423.59,423.64,0.01,34.85,14887.39,1
2024-09-30,2024-09-30 12:53:00,423.64,423.7,423.64,423.7,0.01,34.85,14887.39,1
2024-09-30,2024-09-30 12:54:00,423.7,423.76,423.7,423.76,0.01,34.85,14887.39,1
2024-09-30,2024-09-30 12:55:00,423.76,423.82,423.76,423.82,0.01,34.85,14887.39,1
2024-09-30,2024-09-30 12:56:00,423.82,423.88,423.82,423.88,0.01,34.85,14887.39,1
2024-09-30,2024-09-30 12:57:00,423.88,423.93,423.88,423.93,0.01,34.85,14887.39,1
2024-09-30,2024-09-30 12:58:00,423.93,423.99,423.93,423.99,0.01,34.85,14887.39,1
2024-09-30,2024-09-30 12:59:00,423.99,424.05,423.99,424.05,0.01,34.85,14887.39,1
2024-09-30,2024-09-30 13:00:00,424.05,438.5,417.1,424.11,0.01,34.85,14887.39,1
2024-09-30,2024-09-30 13:01:00,424.11,424.17,424.11,424.17,0.01,34.85,14887.39,1
2024-09-30,2024-09-30 13:02:00,424.17,424.22,424.17,424.22,0.01,34.85,14887.39,1
2024-09-30,2024-09-30 13:03:00,424.22,424.28,424.22,424.28,0.01,34.85,14887.39,1
2024-09-30,2024-09-30 13:04:00,424.28,424.34,424.28,424.34,0.01,34.85,14887.39,1
2024-09-30,2024-09-30 13:05:00,424.34,424.4,424.34,424.4,0.01,34.85,14887.39,1
2024-09-30,2024-09-30 13:06:00,424.4,424.46,424.4,424.46,0.01,34.85,14887.39,1
2024-09-30,2024-09-30 13:07:00,424.46,424.51,424.46,424.51,0.01,34.85,14887.39,1
2024-09-30,2024-09-30 13:08:00,424.51,424.57,424.51,424.57,0.01,34.85,14887.39,1
2024-09-30,2024-09-30 13:09:00,424.57,424.63,424.57,424.63,0.01,34.85,14887.39,1
2024-09-30,2024-09-30 13:10:00,424.63,424.69,424.63,424.69,0.01,34.85,14887.39,1
2024-09-30,2024-09-30 13:11:00,424.69,424.75,424.69,424.75,0.01,34.85,14887.39,1
2024-09-30,2024-09-30 13:12:00,424.75,424.8,424.75,424.8,0.01,34.85,14887.39,1
2024-09-30,2024-09-30 13:13:00,424.8,424.86,424.8,424.86,0.01,34.85,14887.39,1
2024-09-30,2024-09-30 13:14:00,424.86,424.92,424.86,424.92,0.01,34.85,14887.39,1
2024-09-30,2024-09-30 13:15:00,424.92,424.98,424.92,424.98,0.01,34.85,14887.39,1
2024-09-30,2024-09-30 13:16:00,424.98,425.03,424.98,425.03,0.01,34.85,14887.39,1
2024-09-30,2024-09-30 13:17:00,425.03,425.09,425.03,425.09,0.01,34.85,14887.39,1
2024-09-30,2024-09-30 13:18:00,425.09,425.15,425.09,425.15,0.01,34.85,14887.39,1
2024-09-30,2024-09-30 13:19:00,425.15,425.21,425.15,425.21,0.01,34.85,14887.39,1
2024-09-30,2024-09-30 13:20:00,425.21,425.27,425.21,425.27,0.01,34.85,14887.39,1
2024-09-30,2024-09-30 13:21:00,425.27,425.32,425.27,425.32,0.01,34.85,14887.39,1
2024-09-30,2024-09-30 13:22:00,425.32,425.38,425.32,425.38,0.01,34.85,14887.39,1
2024-09-30,2024-09-30 13:23:00,425.38,425.44,425.38,425.44,0.01,34.85,14887.39,1
2024-09-30,2024-09-30 13:24:00,425.44,425.5,425.44,425.5,0.01,34.85,14887.39,1
2024-09-30,2024-09-30 13:25:00,425.5,425.56,425.5,425.56,0.01,34.85,14887.39,1
2024-09-30,2024-09-30 13:26:00,425.56,425.61,425.56,425.61,0.01,34.85,14887.39,1
2024-09-30,2024-09-30 13:27:00,425.61,425.67,425.61,425.67,0.01,34.85,14887.39,1
2024-09-30,2024-09-30 13:28:00,425.67,425.73,425.67,425.73,0.01,34.85,14887.39,1
2024-09-30,2024-09-30 13:29:00,425.73,425.79,425.73,425.79,0.01,34.85,14887.39,1
2024-09-30,2024-09-30 13:30:00,425.79,425.85,425.79,425.85,0.01,34.85,14887.39,1
2024-09-30,2024-09-30 13:31:00,425.85,425.9,425.85,425.9,0.01,34.85,14887.39,1
2024-09-30,2024-09-30 13:32:00,425.9,425.96,425.9,425.96,0.01,34.85,14887.39,1
2024-09-30,2024-09-30 13:33:00,425.96,426.02,425.96,426.02,0.01,34.85,14887.39,1
2024-09-30,2024-09-30 13:34:00,426.02,426.08,426.02,426.08,0.01,34.85,14887.39,1
2024-09-30,2024-09-30 13:35:00,426.08,426.13,426.08,426.13,0.01,34.85,14887.39,1
2024-09-30,2024-09-30 13:36:00,426.13,426.19,426.13,426.19,0.01,34.85,14887.39,1
2024-09-30,2024-09-30 13:37:00,426.19,426.25,426.19,426.25,0.01,34.85,14887.39,1
2024-09-30,2024-09-30 13:38:00,426.25,426.31,426.25,426.31,0.01,34.85,14887.39,1
2024-09-30,2024-09-30 13:39:00,426.31,426.37,426.31,426.37,0.01,34.85,14887.39,1
2024-09-30,2024-09-30 13:40:00,426.37,426.42,426.37,426.42,0.01,34.85,14887.39,1
2024-09-30,2024-09-30 13:41:00,426.42,426.48,426.42,426.48,0.01,34.85,14887.39,1
2024-09-30,2024-09-30 13:42:00,426.48,426.54,426.48,426.54,0.01,34.85,14887.39,1
2024-09-30,2024-09-30 13:43:00,426.54,426.6,426.54,426.6,0.01,34.85,14887.39,1
2024-09-30,2024-09-30 13:44:00,426.6,426.66,426.6,426.66,0.01,34.85,14887.39,1
2024-09-30,2024-09-30 13:45:00,426.66,426.71,426.66,426.71,0.01,34.85,14887.39,1
2024-09-30,2024-09-30 13:46:00,426.71,426.77,426.71,426.77,0.01,34.85,14887.39,1
2024-09-30,2024-09-30 13:47:00,426.77,426.83,426.77,426.83,0.01,34.85,14887.39,1
2024-09-30,2024-09-30 13:48:00,426.83,426.89,426.83,426.89,0.01,34.85,14887.39,1
2024-09-30,2024-09-30 13:49:00,426.89,426.95,426.89,426.95,0.01,34.85,14887.39,1
2024-09-30,2024-09-30 13:50:00,426.95,427.0,426.95,427.0,0.01,34.85,14887.39,1
2024-09-30,2024-09-30 13:51:00,427.0,427.06,427.0,427.06,0.01,34.85,14887.39,1
2024-09-30,2024-09-30 13:52:00,427.06,427.12,427.06,427.12,0.01,34.85,14887.39,1
2024-09-30,2024-09-30 13:53:00,427.12,427.18,427.12,427.18,0.01,34.85,14887.39,1
2024-09-30,2024-09-30 13:54:00,427.18,427.24,427.18,427.24,0.01,34.85,14887.39,1
2024-09-30,2024-09-30 13:55:00,427.24,427.29,427.24,427.29,0.01,34.85,14887.39,1
2024-09-30,2024-09-30 13:56:00,427.29,427.35,427.29,427.35,0.01,34.85,14887.39,1
2024-09-30,2024-09-30 13:57:00,427.35,427.41,427.35,427.41,0.01,34.85,14887.39,1
2024-09-30,2024-09-30 13:58:00,427.41,427.47,427.41,427.47,0.01,34.85,14887.39,1
2024-09-30,2024-09-30 13:59:00,427.47,427.52,427.47,427.52,0.01,34.85,14887.39,1
2024-09-30,2024-09-30 14:00:00,427.52,427.58,427.52,427.58,0.01,34.85,14887.39,1
2024-09-30,2024-09-30 14:01:00,427.58,427.64,427.58,427.64,0.01,34.85,14887.39,1
2024-09-30,2024-09-30 14:02:00,427.64,427.7,427.64,427.7,0.01,34.85,14887.39,1
2024-09-30,2024-09-30 14:03:00,427.7,427.76,427.7,427.76,0.01,34.85,14887.39,1
2024-09-30,2024-09-30 14:04:00,427.76,427.81,427.76,427.81,0.01,34.85,14887.39,1
2024-09-30,2024-09-30 14:05:00,427.81,427.87,427.81,427.87,0.01,34.85,14887.39,1
2024-09-30,2024-09-30 14:06:00,427.87,427.93,427.87,427.93,0.01,34.85,14887.39,1
2024-09-30,2024-09-30 14:07:00,427.93,427.99,427.93,427.99,0.01,34.85,14887.39,1
2024-09-30,2024-09-30 14:08:00,427.99,428.05,427.99,428.05,0.01,34.85,14887.39,1
2024-09-30,2024-09-30 14:09:00,428.05,428.1,428.05,428.1,0.01,34.85,14887.39,1
2024-09-30,2024-09-30 14:10:00,428.1,428.16,428.1,428.16,0.01,34.85,14887.39,1
2024-09-30,2024-09-30 14:11:00,428.16,428.22,428.16,428.22,0.01,34.85,14887.39,1
2024-09-30,2024-09-30 14:12:00,428.22,428.28,428.22,428.28,0.01,34.85,14887.39,1
2024-09-30,2024-09-30 14:13:00,428.28,428.34,428.28,428.34,0.01,34.85,14887.39,1
2024-09-30,2024-09-30 14:14:00,428.34,428.39,428.34,428.39,0.01,34.85,14887.39,1
2024-09-30,2024-09-30 14:15:00,428.39,428.45,428.39,428.45,0.01,34.85,14887.39,1
2024-09-30,2024-09-30 14:16:00,428.45,428.51,428.45,428.51,0.01,34.85,14887.39,1
2024-09-30,2024-09-30 14:17:00,428.51,428.57,428.51,428.57,0.01,34.85,14887.39,1
2024-09-30,2024-09-30 14:18:00,428.57,428.63,428.57,428.63,0.01,34.85,14887.39,1
2024-09-30,2024-09-30 14:19:00,428.63,428.68,428.63,428.68,0.01,34.85,14887.39,1
2024-09-30,2024-09-30 14:20:00,428.68,428.74,428.68,428.74,0.01,34.85,14887.39,1
2024-09-30,2024-09-30 14:21:00,428.74,428.8,428.74,428.8,0.01,34.85,14887.39,1
2024-09-30,2024-09-30 14:22:00,428.8,428.86,428.8,428.86,0.01,34.85,14887.39,1
2024-09-30,2024-09-30 14:23:00,428.86,428.92,428.86,428.92,0.01,34.85,14887.39,1
2024-09-30,2024-09-30 14:24:00,428.92,428.97,428.92,428.97,0.01,34.85,14887.39,1
2024-09-30,2024-09-30 14:25:00,428.97,429.03,428.97,429.03,0.01,34.85,14887.39,1
2024-09-30,2024-09-30 14:26:00,429.03,429.09,429.03,429.09,0.01,34.85,14887.39,1
2024-09-30,2024-09-30 14:27:00,429.09,429.15,429.09,429.15,0.01,34.85,14887.39,1
2024-09-30,2024-09-30 14:28:00,429.15,429.2,429.15,429.2,0.01,34.85,14887.39,1
2024-09-30,2024-09-30 14:29:00,429.2,429.26,429.2,429.26,0.01,34.85,14887.39,1
2024-09-30,2024-09-30 14:30:00,429.26,429.32,429.26,429.32,0.01,34.85,14887.39,1
2024-09-30,2024-09-30 14:31:00,429.32,429.38,429.32,429.38,0.01,34.85,14887.39,1
2024-09-30,2024-09-30 14:32:00,429.38,429.44,429.38,429.44,0.01,34.85,14887.39,1
2024-09-30,2024-09-30 14:33:00,429.44,429.49,429.44,429.49,0.01,34.85,14887.39,1
2024-09-30,2024-09-30 14:34:00,429.49,429.55,429.49,429.55,0.01,34.85,14887.39,1
2024-09-30,2024-09-30 14:35:00,429.55,429.61,429.55,429.61,0.01,34.85,14887.39,1
2024-09-30,2024-09-30 14:36:00,429.61,429.67,429.61,429.67,0.01,34.85,14887.39,1
2024-09-30,2024-09-30 14:37:00,429.67,429.73,429.67,429.73,0.01,34.85,14887.39,1
2024-09-30,2024-09-30 14:38:00,429.73,429.78,429.73,429.78,0.01,34.85,14887.39,1
2024-09-30,2024-09-30 14:39:00,429.78,429.84,429.78,429.84,0.01,34.85,14887.39,1
2024-09-30,2024-09-30 14:40:00,429.84,429.9,429.84,429.9,0.01,34.85,14887.39,1
2024-09-30,2024-09-30 14:41:00,429.9,429.96,429.9,429.96,0.01,34.85,14887.39,1
2024-09-30,2024-09-30 14:42:00,429.96,430.02,429.96,430.02,0.01,34.85,14887.39,1
2024-09-30,2024-09-30 14:43:00,430.02,430.07,430.02,430.07,0.01,34.85,14887.39,1
2024-09-30,2024-09-30 14:44:00,430.07,430.13,430.07,430.13,0.01,34.85,14887.39,1
2024-09-30,2024-09-30 14:45:00,430.13,430.19,430.13,430.19,0.01,34.85,14887.39,1
2024-09-30,2024-09-30 14:46:00,430.19,430.25,430.19,430.25,0.01,34.85,14887.39,1
2024-09-30,2024-09-30 14:47:00,430.25,430.31,430.25,430.31,0.01,34.85,14887.39,1
2024-09-30,2024-09-30 14:48:00,430.31,430.36,430.31,430.36,0.01,34.85,14887.39,1
2024-09-30,2024-09-30 14:49:00,430.36,430.42,430.36,430.42,0.01,34.85,14887.39,1
2024-09-30,2024-09-30 14:50:00,430.42,430.48,430.42,430.48,0.01,34.85,14887.39,1
2024-09-30,2024-09-30 14:51:00,430.48,430.54,430.48,430.54,0.01,34.85,14887.39,1
2024-09-30,2024-09-30 14:52:00,430.54,430.59,430.54,430.59,0.01,34.85,14887.39,1
2024-09-30,2024-09-30 14:53:00,430.59,430.65,430.59,430.65,0.01,34.85,14887.39,1
2024-09-30,2024-09-30 14:54:00,430.65,430.71,430.65,430.71,0.01,34.85,14887.39,1
2024-09-30,2024-09-30 14:55:00,430.71,430.77,430.71,430.77,0.01,34.85,14887.39,1
2024-09-30,2024-09-30 14:56:00,430.77,430.83,430.77,430.83,0.01,34.85,14887.39,1
2024-09-30,2024-09-30 14:57:00,430.83,430.88,430.83,430.88,0.01,34.85,14887.39,1
2024-09-30,2024-09-30 14:58:00,430.88,430.94,430.88,430.94,0.01,34.85,14887.39,1
2024-09-30,2024-09-30 14:59:00,430.94,431.0,430.94,431.0,0.01,34.85,14887.39,1
2024-09-30,2024-09-30 15:00:00,431.0,438.5,417.1,431.0,0.0,34.85,14887.39,0
2024-10-01,2024-10-01 11:00:00,427.3,433.51,427.3,427.37,0.02,50.18,22176.78,1
2024-10-01,2024-10-01 11:01:00,427.37,427.45,427.37,427.45,0.02,50.18,22176.78,1
2024-10-01,2024-10-01 11:02:00,427.45,427.52,427.45,427.52,0.02,50.18,22176.78,1
2024-10-01,2024-10-01 11:03:00,427.52,427.6,427.52,427.6,0.02,50.18,22176.78,1
2024-10-01,2024-10-01 11:04:00,427.6,427.67,427.6,427.67,0.02,50.18,22176.78,1
2024-10-01,2024-10-01 11:05:00,427.67,427.74,427.67,427.74,0.02,50.18,22176.78,1
2024-10-01,2024-10-01 11:06:00,427.74,427.82,427.74,427.82,0.02,50.18,22176.78,1
2024-10-01,2024-10-01 11:07:00,427.82,427.89,427.82,427.89,0.02,50.18,22176.78,1
2024-10-01,2024-10-01 11:08:00,427.89,427.96,427.89,427.96,0.02,50.18,22176.78,1
2024-10-01,2024-10-01 11:09:00,427.96,428.04,427.96,428.04,0.02,50.18,22176.78,1
2024-10-01,2024-10-01 11:10:00,428.04,428.11,428.04,428.11,0.02,50.18,22176.78,1
2024-10-01,2024-10-01 11:11:00,428.11,428.19,428.11,428.19,0.02,50.18,22176.78,1
2024-10-01,2024-10-01 11:12:00,428.19,428.26,428.19,428.26,0.02,50.18,22176.78,1
2024-10-01,2024-10-01 11:13:00,428.26,428.33,428.26,428.33,0.02,50.18,22176.78,1
2024-10-01,2024-10-01 11:14:00,428.33,428.41,428.33,428.41,0.02,50.18,22176.78,1
2024-10-01,2024-10-01 11:15:00,428.41,428.48,428.41,428.48,0.02,50.18,22176.78,1
2024-10-01,2024-10-01 11:16:00,428.48,428.55,428.48,428.55,0.02,50.18,22176.78,1
2024-10-01,2024-10-01 11:17:00,428.55,428.63,428.55,428.63,0.02,50.18,22176.78,1
2024-10-01,2024-10-01 11:18:00,428.63,428.7,428.63,428.7,0.02,50.18,22176.78,1
2024-10-01,2024-10-01 11:19:00,428.7,428.78,428.7,428.78,0.02,50.18,22176.78,1
2024-10-01,2024-10-01 11:20:00,428.78,428.85,428.78,428.85,0.02,50.18,22176.78,1
2024-10-01,2024-10-01 11:21:00,428.85,428.92,428.85,428.92,0.02,50.18,22176.78,1
2024-10-01,2024-10-01 11:22:00,428.92,429.0,428.92,429.0,0.02,50.18,22176.78,1
2024-10-01,2024-10-01 11:23:00,429.0,429.07,429.0,429.07,0.02,50.18,22176.78,1
2024-10-01,2024-10-01 11:24:00,429.07,429.14,429.07,429.14,0.02,50.18,22176.78,1
2024-10-01,2024-10-01 11:25:00,429.14,429.22,429.14,429.22,0.02,50.18,22176.78,1
2024-10-01,2024-10-01 11:26:00,429.22,429.29,429.22,429.29,0.02,50.18,22176.78,1
2024-10-01,2024-10-01 11:27:00,429.29,429.37,429.29,429.37,0.02,50.18,22176.78,1
2024-10-01,2024-10-01 11:28:00,429.37,429.44,429.37,429.44,0.02,50.18,22176.78,1
2024-10-01,2024-10-01 11:29:00,429.44,429.51,429.44,429.51,0.02,50.18,22176.78,1
2024-10-01,2024-10-01 11:30:00,429.51,429.59,429.51,429.59,0.02,50.18,22176.78,1
2024-10-01,2024-10-01 11:31:00,429.59,429.66,429.59,429.66,0.02,50.18,22176.78,1
2024-10-01,2024-10-01 11:32:00,429.66,429.73,429.66,429.73,0.02,50.18,22176.78,1
2024-10-01,2024-10-01 11:33:00,429.73,429.81,429.73,429.81,0.02,50.18,22176.78,1
2024-10-01,2024-10-01 11:34:00,429.81,429.88,429.81,429.88,0.02,50.18,22176.78,1
2024-10-01,2024-10-01 11:35:00,429.88,429.95,429.88,429.95,0.02,50.18,22176.78,1
2024-10-01,2024-10-01 11:36:00,429.95,430.03,429.95,430.03,0.02,50.18,22176.78,1
2024-10-01,2024-10-01 11:37:00,430.03,430.1,430.03,430.1,0.02,50.18,22176.78,1
2024-10-01,2024-10-01 11:38:00,430.1,430.18,430.1,430.18,0.02,50.18,22176.78,1
2024-10-01,2024-10-01 11:39:00,430.18,430.25,430.18,430.25,0.02,50.18,22176.78,1
2024-10-01,2024-10-01 11:40:00,430.25,430.32,430.25,430.32,0.02,50.18,22176.78,1
2024-10-01,2024-10-01 11:41:00,430.32,430.4,430.32,430.4,0.02,50.18,22176.78,1
2024-10-01,2024-10-01 11:42:00,430.4,430.47,430.4,430.47,0.02,50.18,22176.78,1
2024-10-01,2024-10-01 11:43:00,430.47,430.55,430.47,430.55,0.02,50.18,22176.78,1
2024-10-01,2024-10-01 11:44:00,430.55,430.62,430.55,430.62,0.02,50.18,22176.78,1
2024-10-01,2024-10-01 11:45:00,430.62,430.69,430.62,430.69,0.02,50.18,22176.78,1
2024-10-01,2024-10-01 11:46:00,430.69,430.77,430.69,430.77,0.02,50.18,22176.78,1
2024-10-01,2024-10-01 11:47:00,430.77,430.84,430.77,430.84,0.02,50.18,22176.78,1
2024-10-01,2024-10-01 11:48:00,430.84,430.91,430.84,430.91,0.02,50.18,22176.78,1
2024-10-01,2024-10-01 11:49:00,430.91,430.99,430.91,430.99,0.02,50.18,22176.78,1
2024-10-01,2024-10-01 11:50:00,430.99,431.06,430.99,431.06,0.02,50.18,22176.78,1
2024-10-01,2024-10-01 11:51:00,431.06,431.13,431.06,431.13,0.02,50.18,22176.78,1
2024-10-01,2024-10-01 11:52:00,431.13,431.21,431.13,431.21,0.02,50.18,22176.78,1
2024-10-01,2024-10-01 11:53:00,431.21,431.28,431.21,431.28,0.02,50.18,22176.78,1
2024-10-01,2024-10-01 11:54:00,431.28,431.36,431.28,431.36,0.02,50.18,22176.78,1
2024-10-01,2024-10-01 11:55:00,431.36,431.43,431.36,431.43,0.02,50.18,22176.78,1
2024-10-01,2024-10-01 11:56:00,431.43,431.5,431.43,431.5,0.02,50.18,22176.78,1
2024-10-01,2024-10-01 11:57:00,431.5,431.58,431.5,431.58,0.02,50.18,22176.78,1
2024-10-01,2024-10-01 11:58:00,431.58,431.65,431.58,431.65,0.02,50.18,22176.78,1
2024-10-01,2024-10-01 11:59:00,431.65,431.73,431.65,431.73,0.02,50.18,22176.78,1
2024-10-01,2024-10-01 12:00:00,431.73,431.8,431.73,431.8,0.02,50.18,22176.78,1
2024-10-01,2024-10-01 12:01:00,431.8,431.87,431.8,431.87,0.02,50.18,22176.78,1
2024-10-01,2024-10-01 12:02:00,431.87,431.95,431.87,431.95,0.02,50.18,22176.78,1
2024-10-01,2024-10-01 12:03:00,431.95,432.02,431.95,432.02,0.02,50.18,22176.78,1
2024-10-01,2024-10-01 12:04:00,432.02,432.09,432.02,432.09,0.02,50.18,22176.78,1
2024-10-01,2024-10-01 12:05:00,432.09,432.17,432.09,432.17,0.02,50.18,22176.78,1
2024-10-01,2024-10-01 12:06:00,432.17,432.24,432.17,432.24,0.02,50.18,22176.78,1
2024-10-01,2024-10-01 12:07:00,432.24,432.31,432.24,432.31,0.02,50.18,22176.78,1
2024-10-01,2024-10-01 12:08:00,432.31,432.39,432.31,432.39,0.02,50.18,22176.78,1
2024-10-01,2024-10-01 12:09:00,432.39,432.46,432.39,432.46,0.02,50.18,22176.78,1
2024-10-01,2024-10-01 12:10:00,432.46,432.54,432.46,432.54,0.02,50.18,22176.78,1
2024-10-01,2024-10-01 12:11:00,432.54,432.61,432.54,432.61,0.02,50.18,22176.78,1
2024-10-01,2024-10-01 12:12:00,432.61,432.68,432.61,432.68,0.02,50.18,22176.78,1
2024-10-01,2024-10-01 12:13:00,432.68,432.76,432.68,432.76,0.02,50.18,22176.78,1
2024-10-01,2024-10-01 12:14:00,432.76,432.83,432.76,432.83,0.02,50.18,22176.78,1
2024-10-01,2024-10-01 12:15:00,432.83,432.91,432.83,432.91,0.02,50.18,22176.78,1
2024-10-01,2024-10-01 12:16:00,432.91,432.98,432.91,432.98,0.02,50.18,22176.78,1
2024-10-01,2024-10-01 12:17:00,432.98,433.05,432.98,433.05,0.02,50.18,22176.78,1
2024-10-01,2024-10-01 12:18:00,433.05,433.13,433.05,433.13,0.02,50.18,22176.78,1
2024-10-01,2024-10-01 12:19:00,433.13,433.2,433.13,433.2,0.02,50.18,22176.78,1
2024-10-01,2024-10-01 12:20:00,433.2,433.27,433.2,433.27,0.02,50.18,22176.78,1
2024-10-01,2024-10-01 12:21:00,433.27,433.35,433.27,433.35,0.02,50.18,22176.78,1
2024-10-01,2024-10-01 12:22:00,433.35,433.42,433.35,433.42,0.02,50.18,22176.78,1
2024-10-01,2024-10-01 12:23:00,433.42,433.5,433.42,433.5,0.02,50.18,22176.78,1
2024-10-01,2024-10-01 12:24:00,433.5,433.57,433.5,433.57,0.02,50.18,22176.78,1
2024-10-01,2024-10-01 12:25:00,433.57,433.64,433.57,433.64,0.02,50.18,22176.78,1
2024-10-01,2024-10-01 12:26:00,433.64,433.72,433.64,433.72,0.02,50.18,22176.78,1
2024-10-01,2024-10-01 12:27:00,433.72,433.79,433.72,433.79,0.02,50.18,22176.78,1
2024-10-01,2024-10-01 12:28:00,433.79,433.86,433.79,433.86,0.02,50.18,22176.78,1
2024-10-01,2024-10-01 12:29:00,433.86,433.94,433.86,433.94,0.02,50.18,22176.78,1
2024-10-01,2024-10-01 12:30:00,433.94,434.01,433.94,434.01,0.02,50.18,22176.78,1
2024-10-01,2024-10-01 12:31:00,434.01,434.08,434.01,434.08,0.02,50.18,22176.78,1
2024-10-01,2024-10-01 12:32:00,434.08,434.16,434.08,434.16,0.02,50.18,22176.78,1
2024-10-01,2024-10-01 12:33:00,434.16,434.23,434.16,434.23,0.02,50.18,22176.78,1
2024-10-01,2024-10-01 12:34:00,434.23,434.31,434.23,434.31,0.02,50.18,22176.78,1
2024-10-01,2024-10-01 12:35:00,434.31,434.38,434.31,434.38,0.02,50.18,22176.78,1
2024-10-01,2024-10-01 12:36:00,434.38,434.45,434.38,434.45,0.02,50.18,22176.78,1
2024-10-01,2024-10-01 12:37:00,434.45,434.53,434.45,434.53,0.02,50.18,22176.78,1
2024-10-01,2024-10-01 12:38:00,434.53,434.6,434.53,434.6,0.02,50.18,22176.78,1
2024-10-01,2024-10-01 12:39:00,434.6,434.68,434.6,434.68,0.02,50.18,22176.78,1
2024-10-01,2024-10-01 12:40:00,434.68,434.75,434.68,434.75,0.02,50.18,22176.78,1
2024-10-01,2024-10-01 12:41:00,434.75,434.82,434.75,434.82,0.02,50.18,22176.78,1
2024-10-01,2024-10-01 12:42:00,434.82,434.9,434.82,434.9,0.02,50.18,22176.78,1
2024-10-01,2024-10-01 12:43:00,434.9,434.97,434.9,434.97,0.02,50.18,22176.78,1
2024-10-01,2024-10-01 12:44:00,434.97,435.04,434.97,435.04,0.02,50.18,22176.78,1
2024-10-01,2024-10-01 12:45:00,435.04,435.12,435.04,435.12,0.02,50.18,22176.78,1
2024-10-01,2024-10-01 12:46:00,435.12,435.19,435.12,435.19,0.02,50.18,22176.78,1
2024-10-01,2024-10-01 12:47:00,435.19,435.26,435.19,435.26,0.02,50.18,22176.78,1
2024-10-01,2024-10-01 12:48:00,435.26,435.34,435.26,435.34,0.02,50.18,22176.78,1
2024-10-01,2024-10-01 12:49:00,435.34,435.41,435.34,435.41,0.02,50.18,22176.78,1
2024-10-01,2024-10-01 12:50:00,435.41,435.49,435.41,435.49,0.02,50.18,22176.78,1
2024-10-01,2024-10-01 12:51:00,435.49,435.56,435.49,435.56,0.02,50.18,22176.78,1
2024-10-01,2024-10-01 12:52:00,435.56,435.63,435.56,435.63,0.02,50.18,22176.78,1
2024-10-01,2024-10-01 12:53:00,435.63,435.71,435.63,435.71,0.02,50.18,22176.78,1
2024-10-01,2024-10-01 12:54:00,435.71,435.78,435.71,435.78,0.02,50.18,22176.78,1
2024-10-01,2024-10-01 12:55:00,435.78,435.86,435.78,435.86,0.02,50.18,22176.78,1
2024-10-01,2024-10-01 12:56:00,435.86,435.93,435.86,435.93,0.02,50.18,22176.78,1
2024-10-01,2024-10-01 12:57:00,435.93,436.0,435.93,436.0,0.02,50.18,22176.78,1
2024-10-01,2024-10-01 12:58:00,436.0,436.08,436.0,436.08,0.02,50.18,22176.78,1
2024-10-01,2024-10-01 12:59:00,436.08,436.15,436.08,436.15,0.02,50.18,22176.78,1
2024-10-01,2024-10-01 13:00:00,436.15,448.0,427.3,436.22,0.02,50.18,22176.78,1
2024-10-01,2024-10-01 13:01:00,436.22,436.3,436.22,436.3,0.02,50.18,22176.78,1
2024-10-01,2024-10-01 13:02:00,436.3,436.37,436.3,436.37,0.02,50.18,22176.78,1
2024-10-01,2024-10-01 13:03:00,436.37,436.44,436.37,436.44,0.02,50.18,22176.78,1
2024-10-01,2024-10-01 13:04:00,436.44,436.52,436.44,436.52,0.02,50.18,22176.78,1
2024-10-01,2024-10-01 13:05:00,436.52,436.59,436.52,436.59,0.02,50.18,22176.78,1
2024-10-01,2024-10-01 13:06:00,436.59,436.67,436.59,436.67,0.02,50.18,22176.78,1
2024-10-01,2024-10-01 13:07:00,436.67,436.74,436.67,436.74,0.02,50.18,22176.78,1
2024-10-01,2024-10-01 13:08:00,436.74,436.81,436.74,436.81,0.02,50.18,22176.78,1
2024-10-01,2024-10-01 13:09:00,436.81,436.89,436.81,436.89,0.02,50.18,22176.78,1
2024-10-01,2024-10-01 13:10:00,436.89,436.96,436.89,436.96,0.02,50.18,22176.78,1
2024-10-01,2024-10-01 13:11:00,436.96,437.04,436.96,437.04,0.02,50.18,22176.78,1
2024-10-01,2024-10-01 13:12:00,437.04,437.11,437.04,437.11,0.02,50.18,22176.78,1
2024-10-01,2024-10-01 13:13:00,437.11,437.18,437.11,437.18,0.02,50.18,22176.78,1
2024-10-01,2024-10-01 13:14:00,437.18,437.26,437.18,437.26,0.02,50.18,22176.78,1
2024-10-01,2024-10-01 13:15:00,437.26,437.33,437.26,437.33,0.02,50.18,22176.78,1
2024-10-01,2024-10-01 13:16:00,437.33,437.4,437.33,437.4,0.02,50.18,22176.78,1
2024-10-01,2024-10-01 13:17:00,437.4,437.48,437.4,437.48,0.02,50.18,22176.78,1
2024-10-01,2024-10-01 13:18:00,437.48,437.55,437.48,437.55,0.02,50.18,22176.78,1
2024-10-01,2024-10-01 13:19:00,437.55,437.62,437.55,437.62,0.02,50.18,22176.78,1
2024-10-01,2024-10-01 13:20:00,437.62,437.7,437.62,437.7,0.02,50.18,22176.78,1
2024-10-01,2024-10-01 13:21:00,437.7,437.77,437.7,437.77,0.02,50.18,22176.78,1
2024-10-01,2024-10-01 13:22:00,437.77,437.85,437.77,437.85,0.02,50.18,22176.78,1
2024-10-01,2024-10-01 13:23:00,437.85,437.92,437.85,437.92,0.02,50.18,22176.78,1
2024-10-01,2024-10-01 13:24:00,437.92,437.99,437.92,437.99,0.02,50.18,22176.78,1
2024-10-01,2024-10-01 13:25:00,437.99,438.07,437.99,438.07,0.02,50.18,22176.78,1
2024-10-01,2024-10-01 13:26:00,438.07,438.14,438.07,438.14,0.02,50.18,22176.78,1
2024-10-01,2024-10-01 13:27:00,438.14,438.22,438.14,438.22,0.02,50.18,22176.78,1
2024-10-01,2024-10-01 13:28:00,438.22,438.29,438.22,438.29,0.02,50.18,22176.78,1
2024-10-01,2024-10-01 13:29:00,438.29,438.36,438.29,438.36,0.02,50.18,22176.78,1
2024-10-01,2024-10-01 13:30:00,438.36,438.44,438.36,438.44,0.02,50.18,22176.78,1
2024-10-01,2024-10-01 13:31:00,438.44,438.51,438.44,438.51,0.02,50.18,22176.78,1
2024-10-01,2024-10-01 13:32:00,438.51,438.58,438.51,438.58,0.02,50.18,22176.78,1
2024-10-01,2024-10-01 13:33:00,438.58,438.66,438.58,438.66,0.02,50.18,22176.78,1
2024-10-01,2024-10-01 13:34:00,438.66,438.73,438.66,438.73,0.02,50.18,22176.78,1
2024-10-01,2024-10-01 13:35:00,438.73,438.81,438.73,438.81,0.02,50.18,22176.78,1
2024-10-01,2024-10-01 13:36:00,438.81,438.88,438.81,438.88,0.02,50.18,22176.78,1
2024-10-01,2024-10-01 13:37:00,438.88,438.95,438.88,438.95,0.02,50.18,22176.78,1
2024-10-01,2024-10-01 13:38:00,438.95,439.03,438.95,439.03,0.02,50.18,22176.78,1
2024-10-01,2024-10-01 13:39:00,439.03,439.1,439.03,439.1,0.02,50.18,22176.78,1
2024-10-01,2024-10-01 13:40:00,439.1,439.17,439.1,439.17,0.02,50.18,22176.78,1
2024-10-01,2024-10-01 13:41:00,439.17,439.25,439.17,439.25,0.02,50.18,22176.78,1
2024-10-01,2024-10-01 13:42:00,439.25,439.32,439.25,439.32,0.02,50.18,22176.78,1
2024-10-01,2024-10-01 13:43:00,439.32,439.39,439.32,439.39,0.02,50.18,22176.78,1
2024-10-01,2024-10-01 13:44:00,439.39,439.47,439.39,439.47,0.02,50.18,22176.78,1
2024-10-01,2024-10-01 13:45:00,439.47,439.54,439.47,439.54,0.02,50.18,22176.78,1
2024-10-01,2024-10-01 13:46:00,439.54,439.62,439.54,439.62,0.02,50.18,22176.78,1
2024-10-01,2024-10-01 13:47:00,439.62,439.69,439.62,439.69,0.02,50.18,22176.78,1
2024-10-01,2024-10-01 13:48:00,439.69,439.76,439.69,439.76,0.02,50.18,22176.78,1
2024-10-01,2024-10-01 13:49:00,439.76,439.84,439.76,439.84,0.02,50.18,22176.78,1
2024-10-01,2024-10-01 13:50:00,439.84,439.91,439.84,439.91,0.02,50.18,22176.78,1
2024-10-01,2024-10-01 13:51:00,439.91,439.99,439.91,439.99,0.02,50.18,22176.78,1
2024-10-01,2024-10-01 13:52:00,439.99,440.06,439.99,440.06,0.02,50.18,22176.78,1
2024-10-01,2024-10-01 13:53:00,440.06,440.13,440.06,440.13,0.02,50.18,22176.78,1
2024-10-01,2024-10-01 13:54:00,440.13,440.21,440.13,440.21,0.02,50.18,22176.78,1
2024-10-01,2024-10-01 13:55:00,440.21,440.28,440.21,440.28,0.02,50.18,22176.78,1
2024-10-01,2024-10-01 13:56:00,440.28,440.35,440.28,440.35,0.02,50.18,22176.78,1
2024-10-01,2024-10-01 13:57:00,440.35,440.43,440.35,440.43,0.02,50.18,22176.78,1
2024-10-01,2024-10-01 13:58:00,440.43,440.5,440.43,440.5,0.02,50.18,22176.78,1
2024-10-01,2024-10-01 13:59:00,440.5,440.57,440.5,440.57,0.02,50.18,22176.78,1
2024-10-01,2024-10-01 14:00:00,440.57,440.65,440.57,440.65,0.02,50.18,22176.78,1
2024-10-01,2024-10-01 14:01:00,440.65,440.72,440.65,440.72,0.02,50.18,22176.78,1
2024-10-01,2024-10-01 14:02:00,440.72,440.8,440.72,440.8,0.02,50.18,22176.78,1
2024-10-01,2024-10-01 14:03:00,440.8,440.87,440.8,440.87,0.02,50.18,22176.78,1
2024-10-01,2024-10-01 14:04:00,440.87,440.94,440.87,440.94,0.02,50.18,22176.78,1
2024-10-01,2024-10-01 14:05:00,440.94,441.02,440.94,441.02,0.02,50.18,22176.78,1
2024-10-01,2024-10-01 14:06:00,441.02,441.09,441.02,441.09,0.02,50.18,22176.78,1
2024-10-01,2024-10-01 14:07:00,441.09,441.17,441.09,441.17,0.02,50.18,22176.78,1
2024-10-01,2024-10-01 14:08:00,441.17,441.24,441.17,441.24,0.02,50.18,22176.78,1
2024-10-01,2024-10-01 14:09:00,441.24,441.31,441.24,441.31,0.02,50.18,22176.78,1
2024-10-01,2024-10-01 14:10:00,441.31,441.39,441.31,441.39,0.02,50.18,22176.78,1
2024-10-01,2024-10-01 14:11:00,441.39,441.46,441.39,441.46,0.02,50.18,22176.78,1
2024-10-01,2024-10-01 14:12:00,441.46,441.53,441.46,441.53,0.02,50.18,22176.78,1
2024-10-01,2024-10-01 14:13:00,441.53,441.61,441.53,441.61,0.02,50.18,22176.78,1
2024-10-01,2024-10-01 14:14:00,441.61,441.68,441.61,441.68,0.02,50.18,22176.78,1
2024-10-01,2024-10-01 14:15:00,441.68,441.75,441.68,441.75,0.02,50.18,22176.78,1
2024-10-01,2024-10-01 14:16:00,441.75,441.83,441.75,441.83,0.02,50.18,22176.78,1
2024-10-01,2024-10-01 14:17:00,441.83,441.9,441.83,441.9,0.02,50.18,22176.78,1
2024-10-01,2024-10-01 14:18:00,441.9,441.98,441.9,441.98,0.02,50.18,22176.78,1
2024-10-01,2024-10-01 14:19:00,441.98,442.05,441.98,442.05,0.02,50.18,22176.78,1
2024-10-01,2024-10-01 14:20:00,442.05,442.12,442.05,442.12,0.02,50.18,22176.78,1
2024-10-01,2024-10-01 14:21:00,442.12,442.2,442.12,442.2,0.02,50.18,22176.78,1
2024-10-01,2024-10-01 14:22:00,442.2,442.27,442.2,442.27,0.02,50.18,22176.78,1
2024-10-01,2024-10-01 14:23:00,442.27,442.35,442.27,442.35,0.02,50.18,22176.78,1
2024-10-01,2024-10-01 14:24:00,442.35,442.42,442.35,442.42,0.02,50.18,22176.78,1
2024-10-01,2024-10-01 14:25:00,442.42,442.49,442.42,442.49,0.02,50.18,22176.78,1
2024-10-01,2024-10-01 14:26:00,442.49,442.57,442.49,442.57,0.02,50.18,22176.78,1
2024-10-01,2024-10-01 14:27:00,442.57,442.64,442.57,442.64,0.02,50.18,22176.78,1
2024-10-01,2024-10-01 14:28:00,442.64,442.71,442.64,442.71,0.02,50.18,22176.78,1
2024-10-01,2024-10-01 14:29:00,442.71,442.79,442.71,442.79,0.02,50.18,22176.78,1
2024-10-01,2024-10-01 14:30:00,442.79,442.86,442.79,442.86,0.02,50.18,22176.78,1
2024-10-01,2024-10-01 14:31:00,442.86,442.94,442.86,442.94,0.02,50.18,22176.78,1
2024-10-01,2024-10-01 14:32:00,442.94,443.01,442.94,443.01,0.02,50.18,22176.78,1
2024-10-01,2024-10-01 14:33:00,443.01,443.08,443.01,443.08,0.02,50.18,22176.78,1
2024-10-01,2024-10-01 14:34:00,443.08,443.16,443.08,443.16,0.02,50.18,22176.78,1
2024-10-01,2024-10-01 14:35:00,443.16,443.23,443.16,443.23,0.02,50.18,22176.78,1
2024-10-01,2024-10-01 14:36:00,443.23,443.3,443.23,443.3,0.02,50.18,22176.78,1
2024-10-01,2024-10-01 14:37:00,443.3,443.38,443.3,443.38,0.02,50.18,22176.78,1
2024-10-01,2024-10-01 14:38:00,443.38,443.45,443.38,443.45,0.02,50.18,22176.78,1
2024-10-01,2024-10-01 14:39:00,443.45,443.52,443.45,443.52,0.02,50.18,22176.78,1
2024-10-01,2024-10-01 14:40:00,443.52,443.6,443.52,443.6,0.02,50.18,22176.78,1
2024-10-01,2024-10-01 14:41:00,443.6,443.67,443.6,443.67,0.02,50.18,22176.78,1
2024-10-01,2024-10-01 14:42:00,443.67,443.75,443.67,443.75,0.02,50.18,22176.78,1
2024-10-01,2024-10-01 14:43:00,443.75,443.82,443.75,443.82,0.02,50.18,22176.78,1
2024-10-01,2024-10-01 14:44:00,443.82,443.89,443.82,443.89,0.02,50.18,22176.78,1
2024-10-01,2024-10-01 14:45:00,443.89,443.97,443.89,443.97,0.02,50.18,22176.78,1
2024-10-01,2024-10-01 14:46:00,443.97,444.04,443.97,444.04,0.02,50.18,22176.78,1
2024-10-01,2024-10-01 14:47:00,444.04,444.12,444.04,444.12,0.02,50.18,22176.78,1
2024-10-01,2024-10-01 14:48:00,444.12,444.19,444.12,444.19,0.02,50.18,22176.78,1
2024-10-01,2024-10-01 14:49:00,444.19,444.26,444.19,444.26,0.02,50.18,22176.78,1
2024-10-01,2024-10-01 14:50:00,444.26,444.34,444.26,444.34,0.02,50.18,22176.78,1
2024-10-01,2024-10-01 14:51:00,444.34,444.41,444.34,444.41,0.02,50.18,22176.78,1
2024-10-01,2024-10-01 14:52:00,444.41,444.48,444.41,444.48,0.02,50.18,22176.78,1
2024-10-01,2024-10-01 14:53:00,444.48,444.56,444.48,444.56,0.02,50.18,22176.78,1
2024-10-01,2024-10-01 14:54:00,444.56,444.63,444.56,444.63,0.02,50.18,22176.78,1
2024-10-01,2024-10-01 14:55:00,444.63,444.7,444.63,444.7,0.02,50.18,22176.78,1
2024-10-01,2024-10-01 14:56:00,444.7,444.78,444.7,444.78,0.02,50.18,22176.78,1
2024-10-01,2024-10-01 14:57:00,444.78,444.85,444.78,444.85,0.02,50.18,22176.78,1
2024-10-01,2024-10-01 14:58:00,444.85,444.93,444.85,444.93,0.02,50.18,22176.78,1
2024-10-01,2024-10-01 14:59:00,444.93,445.0,444.93,445.0,0.02,50.18,22176.78,1
2024-10-01,2024-10-01 15:00:00,445.0,448.0,427.3,445.0,0.0,50.18,22176.78,0
2024-10-02,2024-10-02 11:00:00,445.0,451.93,445.0,445.02,0.0,80.41,36624.89,1
2024-10-02,2024-10-02 11:01:00,445.02,445.05,445.02,445.05,0.01,80.41,36624.89,1
2024-10-02,2024-10-02 11:02:00,445.05,445.07,445.05,445.07,0.0,80.41,36624.89,1
2024-10-02,2024-10-02 11:03:00,445.07,445.1,445.07,445.1,0.01,80.41,36624.89,1
2024-10-02,2024-10-02 11:04:00,445.1,445.12,445.1,445.12,0.0,80.41,36624.89,1
2024-10-02,2024-10-02 11:05:00,445.12,445.14,445.12,445.14,0.0,80.41,36624.89,1
2024-10-02,2024-10-02 11:06:00,445.14,445.17,445.14,445.17,0.01,80.41,36624.89,1
2024-10-02,2024-10-02 11:07:00,445.17,445.19,445.17,445.19,0.0,80.41,36624.89,1
2024-10-02,2024-10-02 11:08:00,445.19,445.22,445.19,445.22,0.01,80.41,36624.89,1
2024-10-02,2024-10-02 11:09:00,445.22,445.24,445.22,445.24,0.0,80.41,36624.89,1
2024-10-02,2024-10-02 11:10:00,445.24,445.27,445.24,445.27,0.01,80.41,36624.89,1
2024-10-02,2024-10-02 11:11:00,445.27,445.29,445.27,445.29,0.0,80.41,36624.89,1
2024-10-02,2024-10-02 11:12:00,445.29,445.31,445.29,445.31,0.0,80.41,36624.89,1
2024-10-02,2024-10-02 11:13:00,445.31,445.34,445.31,445.34,0.01,80.41,36624.89,1
2024-10-02,2024-10-02 11:14:00,445.34,445.36,445.34,445.36,0.0,80.41,36624.89,1
2024-10-02,2024-10-02 11:15:00,445.36,445.39,445.36,445.39,0.01,80.41,36624.89,1
2024-10-02,2024-10-02 11:16:00,445.39,445.41,445.39,445.41,0.0,80.41,36624.89,1
2024-10-02,2024-10-02 11:17:00,445.41,445.44,445.41,445.44,0.01,80.41,36624.89,1
2024-10-02,2024-10-02 11:18:00,445.44,445.46,445.44,445.46,0.0,80.41,36624.89,1
2024-10-02,2024-10-02 11:19:00,445.46,445.48,445.46,445.48,0.0,80.41,36624.89,1
2024-10-02,2024-10-02 11:20:00,445.48,445.51,445.48,445.51,0.01,80.41,36624.89,1
2024-10-02,2024-10-02 11:21:00,445.51,445.53,445.51,445.53,0.0,80.41,36624.89,1
2024-10-02,2024-10-02 11:22:00,445.53,445.56,445.53,445.56,0.01,80.41,36624.89,1
2024-10-02,2024-10-02 11:23:00,445.56,445.58,445.56,445.58,0.0,80.41,36624.89,1
2024-10-02,2024-10-02 11:24:00,445.58,445.6,445.58,445.6,0.0,80.41,36624.89,1
2024-10-02,2024-10-02 11:25:00,445.6,445.63,445.6,445.63,0.01,80.41,36624.89,1
2024-10-02,2024-10-02 11:26:00,445.63,445.65,445.63,445.65,0.0,80.41,36624.89,1
2024-10-02,2024-10-02 11:27:00,445.65,445.68,445.65,445.68,0.01,80.41,36624.89,1
2024-10-02,2024-10-02 11:28:00,445.68,445.7,445.68,445.7,0.0,80.41,36624.89,1
2024-10-02,2024-10-02 11:29:00,445.7,445.73,445.7,445.73,0.01,80.41,36624.89,1
2024-10-02,2024-10-02 11:30:00,445.73,445.75,445.73,445.75,0.0,80.41,36624.89,1
2024-10-02,2024-10-02 11:31:00,445.75,445.77,445.75,445.77,0.0,80.41,36624.89,1
2024-10-02,2024-10-02 11:32:00,445.77,445.8,445.77,445.8,0.01,80.41,36624.89,1
2024-10-02,2024-10-02 11:33:00,445.8,445.82,445.8,445.82,0.0,80.41,36624.89,1
2024-10-02,2024-10-02 11:34:00,445.82,445.85,445.82,445.85,0.01,80.41,36624.89,1
2024-10-02,2024-10-02 11:35:00,445.85,445.87,445.85,445.87,0.0,80.41,36624.89,1
2024-10-02,2024-10-02 11:36:00,445.87,445.89,445.87,445.89,0.0,80.41,36624.89,1
2024-10-02,2024-10-02 11:37:00,445.89,445.92,445.89,445.92,0.01,80.41,36624.89,1
2024-10-02,2024-10-02 11:38:00,445.92,445.94,445.92,445.94,0.0,80.41,36624.89,1
2024-10-02,2024-10-02 11:39:00,445.94,445.97,445.94,445.97,0.01,80.41,36624.89,1
2024-10-02,2024-10-02 11:40:00,445.97,445.99,445.97,445.99,0.0,80.41,36624.89,1
2024-10-02,2024-10-02 11:41:00,445.99,446.01,445.99,446.01,0.0,80.41,36624.89,1
2024-10-02,2024-10-02 11:42:00,446.01,446.04,446.01,446.04,0.01,80.41,36624.89,1
2024-10-02,2024-10-02 11:43:00,446.04,446.06,446.04,446.06,0.0,80.41,36624.89,1
2024-10-02,2024-10-02 11:44:00,446.06,446.09,446.06,446.09,0.01,80.41,36624.89,1
2024-10-02,2024-10-02 11:45:00,446.09,446.11,446.09,446.11,0.0,80.41,36624.89,1
2024-10-02,2024-10-02 11:46:00,446.11,446.14,446.11,446.14,0.01,80.41,36624.89,1
2024-10-02,2024-10-02 11:47:00,446.14,446.16,446.14,446.16,0.0,80.41,36624.89,1
2024-10-02,2024-10-02 11:48:00,446.16,446.18,446.16,446.18,0.0,80.41,36624.89,1
2024-10-02,2024-10-02 11:49:00,446.18,446.21,446.18,446.21,0.01,80.41,36624.89,1
2024-10-02,2024-10-02 11:50:00,446.21,446.23,446.21,446.23,0.0,80.41,36624.89,1
2024-10-02,2024-10-02 11:51:00,446.23,446.26,446.23,446.26,0.01,80.41,36624.89,1
2024-10-02,2024-10-02 11:52:00,446.26,446.28,446.26,446.28,0.0,80.41,36624.89,1
2024-10-02,2024-10-02 11:53:00,446.28,446.31,446.28,446.31,0.01,80.41,36624.89,1
2024-10-02,2024-10-02 11:54:00,446.31,446.33,446.31,446.33,0.0,80.41,36624.89,1
2024-10-02,2024-10-02 11:55:00,446.33,446.35,446.33,446.35,0.0,80.41,36624.89,1
2024-10-02,2024-10-02 11:56:00,446.35,446.38,446.35,446.38,0.01,80.41,36624.89,1
2024-10-02,2024-10-02 11:57:00,446.38,446.4,446.38,446.4,0.0,80.41,36624.89,1
2024-10-02,2024-10-02 11:58:00,446.4,446.43,446.4,446.43,0.01,80.41,36624.89,1
2024-10-02,2024-10-02 11:59:00,446.43,446.45,446.43,446.45,0.0,80.41,36624.89,1
2024-10-02,2024-10-02 12:00:00,446.45,446.47,446.45,446.47,0.0,80.41,36624.89,1
2024-10-02,2024-10-02 12:01:00,446.47,446.5,446.47,446.5,0.01,80.41,36624.89,1
2024-10-02,2024-10-02 12:02:00,446.5,446.52,446.5,446.52,0.0,80.41,36624.89,1
2024-10-02,2024-10-02 12:03:00,446.52,446.55,446.52,446.55,0.01,80.41,36624.89,1
2024-10-02,2024-10-02 12:04:00,446.55,446.57,446.55,446.57,0.0,80.41,36624.89,1
2024-10-02,2024-10-02 12:05:00,446.57,446.6,446.57,446.6,0.01,80.41,36624.89,1
2024-10-02,2024-10-02 12:06:00,446.6,446.62,446.6,446.62,0.0,80.41,36624.89,1
2024-10-02,2024-10-02 12:07:00,446.62,446.64,446.62,446.64,0.0,80.41,36624.89,1
2024-10-02,2024-10-02 12:08:00,446.64,446.67,446.64,446.67,0.01,80.41,36624.89,1
2024-10-02,2024-10-02 12:09:00,446.67,446.69,446.67,446.69,0.0,80.41,36624.89,1
2024-10-02,2024-10-02 12:10:00,446.69,446.72,446.69,446.72,0.01,80.41,36624.89,1
2024-10-02,2024-10-02 12:11:00,446.72,446.74,446.72,446.74,0.0,80.41,36624.89,1
2024-10-02,2024-10-02 12:12:00,446.74,446.76,446.74,446.76,0.0,80.41,36624.89,1
2024-10-02,2024-10-02 12:13:00,446.76,446.79,446.76,446.79,0.01,80.41,36624.89,1
2024-10-02,2024-10-02 12:14:00,446.79,446.81,446.79,446.81,0.0,80.41,36624.89,1
2024-10-02,2024-10-02 12:15:00,446.81,446.84,446.81,446.84,0.01,80.41,36624.89,1
2024-10-02,2024-10-02 12:16:00,446.84,446.86,446.84,446.86,0.0,80.41,36624.89,1
2024-10-02,2024-10-02 12:17:00,446.86,446.88,446.86,446.88,0.0,80.41,36624.89,1
2024-10-02,2024-10-02 12:18:00,446.88,446.91,446.88,446.91,0.01,80.41,36624.89,1
2024-10-02,2024-10-02 12:19:00,446.91,446.93,446.91,446.93,0.0,80.41,36624.89,1
2024-10-02,2024-10-02 12:20:00,446.93,446.96,446.93,446.96,0.01,80.41,36624.89,1
2024-10-02,2024-10-02 12:21:00,446.96,446.98,446.96,446.98,0.0,80.41,36624.89,1
2024-10-02,2024-10-02 12:22:00,446.98,447.01,446.98,447.01,0.01,80.41,36624.89,1
2024-10-02,2024-10-02 12:23:00,447.01,447.03,447.01,447.03,0.0,80.41,36624.89,1
2024-10-02,2024-10-02 12:24:00,447.03,447.05,447.03,447.05,0.0,80.41,36624.89,1
2024-10-02,2024-10-02 12:25:00,447.05,447.08,447.05,447.08,0.01,80.41,36624.89,1
2024-10-02,2024-10-02 12:26:00,447.08,447.1,447.08,447.1,0.0,80.41,36624.89,1
2024-10-02,2024-10-02 12:27:00,447.1,447.13,447.1,447.13,0.01,80.41,36624.89,1
2024-10-02,2024-10-02 12:28:00,447.13,447.15,447.13,447.15,0.0,80.41,36624.89,1
2024-10-02,2024-10-02 12:29:00,447.15,447.18,447.15,447.18,0.01,80.41,36624.89,1
2024-10-02,2024-10-02 12:30:00,447.18,447.2,447.18,447.2,0.0,80.41,36624.89,1
2024-10-02,2024-10-02 12:31:00,447.2,447.22,447.2,447.22,0.0,80.41,36624.89,1
2024-10-02,2024-10-02 12:32:00,447.22,447.25,447.22,447.25,0.01,80.41,36624.89,1
2024-10-02,2024-10-02 12:33:00,447.25,447.27,447.25,447.27,0.0,80.41,36624.89,1
2024-10-02,2024-10-02 12:34:00,447.27,447.3,447.27,447.3,0.01,80.41,36624.89,1
2024-10-02,2024-10-02 12:35:00,447.3,447.32,447.3,447.32,0.0,80.41,36624.89,1
2024-10-02,2024-10-02 12:36:00,447.32,447.34,447.32,447.34,0.0,80.41,36624.89,1
2024-10-02,2024-10-02 12:37:00,447.34,447.37,447.34,447.37,0.01,80.41,36624.89,1
2024-10-02,2024-10-02 12:38:00,447.37,447.39,447.37,447.39,0.0,80.41,36624.89,1
2024-10-02,2024-10-02 12:39:00,447.39,447.42,447.39,447.42,0.01,80.41,36624.89,1
2024-10-02,2024-10-02 12:40:00,447.42,447.44,447.42,447.44,0.0,80.41,36624.89,1
2024-10-02,2024-10-02 12:41:00,447.44,447.47,447.44,447.47,0.01,80.41,36624.89,1
2024-10-02,2024-10-02 12:42:00,447.47,447.49,447.47,447.49,0.0,80.41,36624.89,1
2024-10-02,2024-10-02 12:43:00,447.49,447.51,447.49,447.51,0.0,80.41,36624.89,1
2024-10-02,2024-10-02 12:44:00,447.51,447.54,447.51,447.54,0.01,80.41,36624.89,1
2024-10-02,2024-10-02 12:45:00,447.54,447.56,447.54,447.56,0.0,80.41,36624.89,1
2024-10-02,2024-10-02 12:46:00,447.56,447.59,447.56,447.59,0.01,80.41,36624.89,1
2024-10-02,2024-10-02 12:47:00,447.59,447.61,447.59,447.61,0.0,80.41,36624.89,1
2024-10-02,2024-10-02 12:48:00,447.61,447.63,447.61,447.63,0.0,80.41,36624.89,1
2024-10-02,2024-10-02 12:49:00,447.63,447.66,447.63,447.66,0.01,80.41,36624.89,1
2024-10-02,2024-10-02 12:50:00,447.66,447.68,447.66,447.68,0.0,80.41,36624.89,1
2024-10-02,2024-10-02 12:51:00,447.68,447.71,447.68,447.71,0.01,80.41,36624.89,1
2024-10-02,2024-10-02 12:52:00,447.71,447.73,447.71,447.73,0.0,80.41,36624.89,1
2024-10-02,2024-10-02 12:53:00,447.73,447.75,447.73,447.75,0.0,80.41,36624.89,1
2024-10-02,2024-10-02 12:54:00,447.75,447.78,447.75,447.78,0.01,80.41,36624.89,1
2024-10-02,2024-10-02 12:55:00,447.78,447.8,447.78,447.8,0.0,80.41,36624.89,1
2024-10-02,2024-10-02 12:56:00,447.8,447.83,447.8,447.83,0.01,80.41,36624.89,1
2024-10-02,2024-10-02 12:57:00,447.83,447.85,447.83,447.85,0.0,80.41,36624.89,1
2024-10-02,2024-10-02 12:58:00,447.85,447.88,447.85,447.88,0.01,80.41,36624.89,1
2024-10-02,2024-10-02 12:59:00,447.88,447.9,447.88,447.9,0.0,80.41,36624.89,1
2024-10-02,2024-10-02 13:00:00,447.9,468.1,445.0,447.92,0.0,80.41,36624.89,1
2024-10-02,2024-10-02 13:01:00,447.92,447.95,447.92,447.95,0.01,80.41,36624.89,1
2024-10-02,2024-10-02 13:02:00,447.95,447.97,447.95,447.97,0.0,80.41,36624.89,1
2024-10-02,2024-10-02 13:03:00,447.97,448.0,447.97,448.0,0.01,80.41,36624.89,1
2024-10-02,2024-10-02 13:04:00,448.0,448.02,448.0,448.02,0.0,80.41,36624.89,1
2024-10-02,2024-10-02 13:05:00,448.02,448.05,448.02,448.05,0.01,80.41,36624.89,1
2024-10-02,2024-10-02 13:06:00,448.05,448.07,448.05,448.07,0.0,80.41,36624.89,1
2024-10-02,2024-10-02 13:07:00,448.07,448.09,448.07,448.09,0.0,80.41,36624.89,1
2024-10-02,2024-10-02 13:08:00,448.09,448.12,448.09,448.12,0.01,80.41,36624.89,1
2024-10-02,2024-10-02 13:09:00,448.12,448.14,448.12,448.14,0.0,80.41,36624.89,1
2024-10-02,2024-10-02 13:10:00,448.14,448.17,448.14,448.17,0.01,80.41,36624.89,1
2024-10-02,2024-10-02 13:11:00,448.17,448.19,448.17,448.19,0.0,80.41,36624.89,1
2024-10-02,2024-10-02 13:12:00,448.19,448.21,448.19,448.21,0.0,80.41,36624.89,1
2024-10-02,2024-10-02 13:13:00,448.21,448.24,448.21,448.24,0.01,80.41,36624.89,1
2024-10-02,2024-10-02 13:14:00,448.24,448.26,448.24,448.26,0.0,80.41,36624.89,1
2024-10-02,2024-10-02 13:15:00,448.26,448.29,448.26,448.29,0.01,80.41,36624.89,1
2024-10-02,2024-10-02 13:16:00,448.29,448.31,448.29,448.31,0.0,80.41,36624.89,1
2024-10-02,2024-10-02 13:17:00,448.31,448.33,448.31,448.33,0.0,80.41,36624.89,1
2024-10-02,2024-10-02 13:18:00,448.33,448.36,448.33,448.36,0.01,80.41,36624.89,1
2024-10-02,2024-10-02 13:19:00,448.36,448.38,448.36,448.38,0.0,80.41,36624.89,1
2024-10-02,2024-10-02 13:20:00,448.38,448.41,448.38,448.41,0.01,80.41,36624.89,1
2024-10-02,2024-10-02 13:21:00,448.41,448.43,448.41,448.43,0.0,80.41,36624.89,1
2024-10-02,2024-10-02 13:22:00,448.43,448.46,448.43,448.46,0.01,80.41,36624.89,1
2024-10-02,2024-10-02 13:23:00,448.46,448.48,448.46,448.48,0.0,80.41,36624.89,1
2024-10-02,2024-10-02 13:24:00,448.48,448.5,448.48,448.5,0.0,80.41,36624.89,1
2024-10-02,2024-10-02 13:25:00,448.5,448.53,448.5,448.53,0.01,80.41,36624.89,1
2024-10-02,2024-10-02 13:26:00,448.53,448.55,448.53,448.55,0.0,80.41,36624.89,1
2024-10-02,2024-10-02 13:27:00,448.55,448.58,448.55,448.58,0.01,80.41,36624.89,1
2024-10-02,2024-10-02 13:28:00,448.58,448.6,448.58,448.6,0.0,80.41,36624.89,1
2024-10-02,2024-10-02 13:29:00,448.6,448.62,448.6,448.62,0.0,80.41,36624.89,1
2024-10-02,2024-10-02 13:30:00,448.62,448.65,448.62,448.65,0.01,80.41,36624.89,1
2024-10-02,2024-10-02 13:31:00,448.65,448.67,448.65,448.67,0.0,80.41,36624.89,1
2024-10-02,2024-10-02 13:32:00,448.67,448.7,448.67,448.7,0.01,80.41,36624.89,1
2024-10-02,2024-10-02 13:33:00,448.7,448.72,448.7,448.72,0.0,80.41,36624.89,1
2024-10-02,2024-10-02 13:34:00,448.72,448.75,448.72,448.75,0.01,80.41,36624.89,1
2024-10-02,2024-10-02 13:35:00,448.75,448.77,448.75,448.77,0.0,80.41,36624.89,1
2024-10-02,2024-10-02 13:36:00,448.77,448.79,448.77,448.79,0.0,80.41,36624.89,1
2024-10-02,2024-10-02 13:37:00,448.79,448.82,448.79,448.82,0.01,80.41,36624.89,1
2024-10-02,2024-10-02 13:38:00,448.82,448.84,448.82,448.84,0.0,80.41,36624.89,1
2024-10-02,2024-10-02 13:39:00,448.84,448.87,448.84,448.87,0.01,80.41,36624.89,1
2024-10-02,2024-10-02 13:40:00,448.87,448.89,448.87,448.89,0.0,80.41,36624.89,1
2024-10-02,2024-10-02 13:41:00,448.89,448.92,448.89,448.92,0.01,80.41,36624.89,1
2024-10-02,2024-10-02 13:42:00,448.92,448.94,448.92,448.94,0.0,80.41,36624.89,1
2024-10-02,2024-10-02 13:43:00,448.94,448.96,448.94,448.96,0.0,80.41,36624.89,1
2024-10-02,2024-10-02 13:44:00,448.96,448.99,448.96,448.99,0.01,80.41,36624.89,1
2024-10-02,2024-10-02 13:45:00,448.99,449.01,448.99,449.01,0.0,80.41,36624.89,1
2024-10-02,2024-10-02 13:46:00,449.01,449.04,449.01,449.04,0.01,80.41,36624.89,1
2024-10-02,2024-10-02 13:47:00,449.04,449.06,449.04,449.06,0.0,80.41,36624.89,1
2024-10-02,2024-10-02 13:48:00,449.06,449.08,449.06,449.08,0.0,80.41,36624.89,1
2024-10-02,2024-10-02 13:49:00,449.08,449.11,449.08,449.11,0.01,80.41,36624.89,1
2024-10-02,2024-10-02 13:50:00,449.11,449.13,449.11,449.13,0.0,80.41,36624.89,1
2024-10-02,2024-10-02 13:51:00,449.13,449.16,449.13,449.16,0.01,80.41,36624.89,1
2024-10-02,2024-10-02 13:52:00,449.16,449.18,449.16,449.18,0.0,80.41,36624.89,1
2024-10-02,2024-10-02 13:53:00,449.18,449.2,449.18,449.2,0.0,80.41,36624.89,1
2024-10-02,2024-10-02 13:54:00,449.2,449.23,449.2,449.23,0.01,80.41,36624.89,1
2024-10-02,2024-10-02 13:55:00,449.23,449.25,449.23,449.25,0.0,80.41,36624.89,1
2024-10-02,2024-10-02 13:56:00,449.25,449.28,449.25,449.28,0.01,80.41,36624.89,1
2024-10-02,2024-10-02 13:57:00,449.28,449.3,449.28,449.3,0.0,80.41,36624.89,1
2024-10-02,2024-10-02 13:58:00,449.3,449.33,449.3,449.33,0.01,80.41,36624.89,1
2024-10-02,2024-10-02 13:59:00,449.33,449.35,449.33,449.35,0.0,80.41,36624.89,1
2024-10-02,2024-10-02 14:00:00,449.35,449.37,449.35,449.37,0.0,80.41,36624.89,1
2024-10-02,2024-10-02 14:01:00,449.37,449.4,449.37,449.4,0.01,80.41,36624.89,1
2024-10-02,2024-10-02 14:02:00,449.4,449.42,449.4,449.42,0.0,80.41,36624.89,1
2024-10-02,2024-10-02 14:03:00,449.42,449.45,449.42,449.45,0.01,80.41,36624.89,1
2024-10-02,2024-10-02 14:04:00,449.45,449.47,449.45,449.47,0.0,80.41,36624.89,1
2024-10-02,2024-10-02 14:05:00,449.47,449.5,449.47,449.5,0.01,80.41,36624.89,1
2024-10-02,2024-10-02 14:06:00,449.5,449.52,449.5,449.52,0.0,80.41,36624.89,1
2024-10-02,2024-10-02 14:07:00,449.52,449.54,449.52,449.54,0.0,80.41,36624.89,1
2024-10-02,2024-10-02 14:08:00,449.54,449.57,449.54,449.57,0.01,80.41,36624.89,1
2024-10-02,2024-10-02 14:09:00,449.57,449.59,449.57,449.59,0.0,80.41,36624.89,1
2024-10-02,2024-10-02 14:10:00,449.59,449.62,449.59,449.62,0.01,80.41,36624.89,1
2024-10-02,2024-10-02 14:11:00,449.62,449.64,449.62,449.64,0.0,80.41,36624.89,1
2024-10-02,2024-10-02 14:12:00,449.64,449.66,449.64,449.66,0.0,80.41,36624.89,1
2024-10-02,2024-10-02 14:13:00,449.66,449.69,449.66,449.69,0.01,80.41,36624.89,1
2024-10-02,2024-10-02 14:14:00,449.69,449.71,449.69,449.71,0.0,80.41,36624.89,1
2024-10-02,2024-10-02 14:15:00,449.71,449.74,449.71,449.74,0.01,80.41,36624.89,1
2024-10-02,2024-10-02 14:16:00,449.74,449.76,449.74,449.76,0.0,80.41,36624.89,1
2024-10-02,2024-10-02 14:17:00,449.76,449.79,449.76,449.79,0.01,80.41,36624.89,1
2024-10-02,2024-10-02 14:18:00,449.79,449.81,449.79,449.81,0.0,80.41,36624.89,1
2024-10-02,2024-10-02 14:19:00,449.81,449.83,449.81,449.83,0.0,80.41,36624.89,1
2024-10-02,2024-10-02 14:20:00,449.83,449.86,449.83,449.86,0.01,80.41,36624.89,1
2024-10-02,2024-10-02 14:21:00,449.86,449.88,449.86,449.88,0.0,80.41,36624.89,1
2024-10-02,2024-10-02 14:22:00,449.88,449.91,449.88,449.91,0.01,80.41,36624.89,1
2024-10-02,2024-10-02 14:23:00,449.91,449.93,449.91,449.93,0.0,80.41,36624.89,1
2024-10-02,2024-10-02 14:24:00,449.93,449.95,449.93,449.95,0.0,80.41,36624.89,1
2024-10-02,2024-10-02 14:25:00,449.95,449.98,449.95,449.98,0.01,80.41,36624.89,1
2024-10-02,2024-10-02 14:26:00,449.98,450.0,449.98,450.0,0.0,80.41,36624.89,1
2024-10-02,2024-10-02 14:27:00,450.0,450.03,450.0,450.03,0.01,80.41,36624.89,1
2024-10-02,2024-10-02 14:28:00,450.03,450.05,450.03,450.05,0.0,80.41,36624.89,1
2024-10-02,2024-10-02 14:29:00,450.05,450.07,450.05,450.07,0.0,80.41,36624.89,1
2024-10-02,2024-10-02 14:30:00,450.07,450.1,450.07,450.1,0.01,80.41,36624.89,1
2024-10-02,2024-10-02 14:31:00,450.1,450.12,450.1,450.12,0.0,80.41,36624.89,1
2024-10-02,2024-10-02 14:32:00,450.12,450.15,450.12,450.15,0.01,80.41,36624.89,1
2024-10-02,2024-10-02 14:33:00,450.15,450.17,450.15,450.17,0.0,80.41,36624.89,1
2024-10-02,2024-10-02 14:34:00,450.17,450.2,450.17,450.2,0.01,80.41,36624.89,1
2024-10-02,2024-10-02 14:35:00,450.2,450.22,450.2,450.22,0.0,80.41,36624.89,1
2024-10-02,2024-10-02 14:36:00,450.22,450.24,450.22,450.24,0.0,80.41,36624.89,1
2024-10-02,2024-10-02 14:37:00,450.24,450.27,450.24,450.27,0.01,80.41,36624.89,1
2024-10-02,2024-10-02 14:38:00,450.27,450.29,450.27,450.29,0.0,80.41,36624.89,1
2024-10-02,2024-10-02 14:39:00,450.29,450.32,450.29,450.32,0.01,80.41,36624.89,1
2024-10-02,2024-10-02 14:40:00,450.32,450.34,450.32,450.34,0.0,80.41,36624.89,1
2024-10-02,2024-10-02 14:41:00,450.34,450.37,450.34,450.37,0.01,80.41,36624.89,1
2024-10-02,2024-10-02 14:42:00,450.37,450.39,450.37,450.39,0.0,80.41,36624.89,1
2024-10-02,2024-10-02 14:43:00,450.39,450.41,450.39,450.41,0.0,80.41,36624.89,1
2024-10-02,2024-10-02 14:44:00,450.41,450.44,450.41,450.44,0.01,80.41,36624.89,1
2024-10-02,2024-10-02 14:45:00,450.44,450.46,450.44,450.46,0.0,80.41,36624.89,1
2024-10-02,2024-10-02 14:46:00,450.46,450.49,450.46,450.49,0.01,80.41,36624.89,1
2024-10-02,2024-10-02 14:47:00,450.49,450.51,450.49,450.51,0.0,80.41,36624.89,1
2024-10-02,2024-10-02 14:48:00,450.51,450.53,450.51,450.53,0.0,80.41,36624.89,1
2024-10-02,2024-10-02 14:49:00,450.53,450.56,450.53,450.56,0.01,80.41,36624.89,1
2024-10-02,2024-10-02 14:50:00,450.56,450.58,450.56,450.58,0.0,80.41,36624.89,1
2024-10-02,2024-10-02 14:51:00,450.58,450.61,450.58,450.61,0.01,80.41,36624.89,1
2024-10-02,2024-10-02 14:52:00,450.61,450.63,450.61,450.63,0.0,80.41,36624.89,1
2024-10-02,2024-10-02 14:53:00,450.63,450.66,450.63,450.66,0.01,80.41,36624.89,1
2024-10-02,2024-10-02 14:54:00,450.66,450.68,450.66,450.68,0.0,80.41,36624.89,1
2024-10-02,2024-10-02 14:55:00,450.68,450.7,450.68,450.7,0.0,80.41,36624.89,1
2024-10-02,2024-10-02 14:56:00,450.7,450.73,450.7,450.73,0.01,80.41,36624.89,1
2024-10-02,2024-10-02 14:57:00,450.73,450.75,450.73,450.75,0.0,80.41,36624.89,1
2024-10-02,2024-10-02 14:58:00,450.75,450.78,450.75,450.78,0.01,80.41,36624.89,1
2024-10-02,2024-10-02 14:59:00,450.78,450.8,450.78,450.8,0.0,80.41,36624.89,1
2024-10-02,2024-10-02 15:00:00,450.8,468.1,445.0,450.8,0.0,80.41,36624.89,0
2024-10-06,2024-10-06 11:00:00,442.0,447.4,442.0,442.07,0.02,23.85,10813.33,1
2024-10-06,2024-10-06 11:01:00,442.07,442.15,442.07,442.15,0.02,23.85,10813.33,1
2024-10-06,2024-10-06 11:02:00,442.15,442.22,442.15,442.22,0.02,23.85,10813.33,1
2024-10-06,2024-10-06 11:03:00,442.22,442.3,442.22,442.3,0.02,23.85,10813.33,1
2024-10-06,2024-10-06 11:04:00,442.3,442.37,442.3,442.37,0.02,23.85,10813.33,1
2024-10-06,2024-10-06 11:05:00,442.37,442.44,442.37,442.44,0.02,23.85,10813.33,1
2024-10-06,2024-10-06 11:06:00,442.44,442.52,442.44,442.52,0.02,23.85,10813.33,1
2024-10-06,2024-10-06 11:07:00,442.52,442.59,442.52,442.59,0.02,23.85,10813.33,1
2024-10-06,2024-10-06 11:08:00,442.59,442.67,442.59,442.67,0.02,23.85,10813.33,1
2024-10-06,2024-10-06 11:09:00,442.67,442.74,442.67,442.74,0.02,23.85,10813.33,1
2024-10-06,2024-10-06 11:10:00,442.74,442.82,442.74,442.82,0.02,23.85,10813.33,1
2024-10-06,2024-10-06 11:11:00,442.82,442.89,442.82,442.89,0.02,23.85,10813.33,1
2024-10-06,2024-10-06 11:12:00,442.89,442.96,442.89,442.96,0.02,23.85,10813.33,1
2024-10-06,2024-10-06 11:13:00,442.96,443.04,442.96,443.04,0.02,23.85,10813.33,1
2024-10-06,2024-10-06 11:14:00,443.04,443.11,443.04,443.11,0.02,23.85,10813.33,1
2024-10-06,2024-10-06 11:15:00,443.11,443.19,443.11,443.19,0.02,23.85,10813.33,1
2024-10-06,2024-10-06 11:16:00,443.19,443.26,443.19,443.26,0.02,23.85,10813.33,1
2024-10-06,2024-10-06 11:17:00,443.26,443.33,443.26,443.33,0.02,23.85,10813.33,1
2024-10-06,2024-10-06 11:18:00,443.33,443.41,443.33,443.41,0.02,23.85,10813.33,1
2024-10-06,2024-10-06 11:19:00,443.41,443.48,443.41,443.48,0.02,23.85,10813.33,1
2024-10-06,2024-10-06 11:20:00,443.48,443.56,443.48,443.56,0.02,23.85,10813.33,1
2024-10-06,2024-10-06 11:21:00,443.56,443.63,443.56,443.63,0.02,23.85,10813.33,1
2024-10-06,2024-10-06 11:22:00,443.63,443.71,443.63,443.71,0.02,23.85,10813.33,1
2024-10-06,2024-10-06 11:23:00,443.71,443.78,443.71,443.78,0.02,23.85,10813.33,1
2024-10-06,2024-10-06 11:24:00,443.78,443.85,443.78,443.85,0.02,23.85,10813.33,1
2024-10-06,2024-10-06 11:25:00,443.85,443.93,443.85,443.93,0.02,23.85,10813.33,1
2024-10-06,2024-10-06 11:26:00,443.93,444.0,443.93,444.0,0.02,23.85,10813.33,1
2024-10-06,2024-10-06 11:27:00,444.0,444.08,444.0,444.08,0.02,23.85,10813.33,1
2024-10-06,2024-10-06 11:28:00,444.08,444.15,444.08,444.15,0.02,23.85,10813.33,1
2024-10-06,2024-10-06 11:29:00,444.15,444.23,444.15,444.23,0.02,23.85,10813.33,1
2024-10-06,2024-10-06 11:30:00,444.23,444.3,444.23,444.3,0.02,23.85,10813.33,1
2024-10-06,2024-10-06 11:31:00,444.3,444.37,444.3,444.37,0.02,23.85,10813.33,1
2024-10-06,2024-10-06 11:32:00,444.37,444.45,444.37,444.45,0.02,23.85,10813.33,1
2024-10-06,2024-10-06 11:33:00,444.45,444.52,444.45,444.52,0.02,23.85,10813.33,1
2024-10-06,2024-10-06 11:34:00,444.52,444.6,444.52,444.6,0.02,23.85,10813.33,1
2024-10-06,2024-10-06 11:35:00,444.6,444.67,444.6,444.67,0.02,23.85,10813.33,1
2024-10-06,2024-10-06 11:36:00,444.67,444.74,444.67,444.74,0.02,23.85,10813.33,1
2024-10-06,2024-10-06 11:37:00,444.74,444.82,444.74,444.82,0.02,23.85,10813.33,1
2024-10-06,2024-10-06 11:38:00,444.82,444.89,444.82,444.89,0.02,23.85,10813.33,1
2024-10-06,2024-10-06 11:39:00,444.89,444.97,444.89,444.97,0.02,23.85,10813.33,1
2024-10-06,2024-10-06 11:40:00,444.97,445.04,444.97,445.04,0.02,23.85,10813.33,1
2024-10-06,2024-10-06 11:41:00,445.04,445.12,445.04,445.12,0.02,23.85,10813.33,1
2024-10-06,2024-10-06 11:42:00,445.12,445.19,445.12,445.19,0.02,23.85,10813.33,1
2024-10-06,2024-10-06 11:43:00,445.19,445.26,445.19,445.26,0.02,23.85,10813.33,1
2024-10-06,2024-10-06 11:44:00,445.26,445.34,445.26,445.34,0.02,23.85,10813.33,1
2024-10-06,2024-10-06 11:45:00,445.34,445.41,445.34,445.41,0.02,23.85,10813.33,1
2024-10-06,2024-10-06 11:46:00,445.41,445.49,445.41,445.49,0.02,23.85,10813.33,1
2024-10-06,2024-10-06 11:47:00,445.49,445.56,445.49,445.56,0.02,23.85,10813.33,1
2024-10-06,2024-10-06 11:48:00,445.56,445.63,445.56,445.63,0.02,23.85,10813.33,1
2024-10-06,2024-10-06 11:49:00,445.63,445.71,445.63,445.71,0.02,23.85,10813.33,1
2024-10-06,2024-10-06 11:50:00,445.71,445.78,445.71,445.78,0.02,23.85,10813.33,1
2024-10-06,2024-10-06 11:51:00,445.78,445.86,445.78,445.86,0.02,23.85,10813.33,1
2024-10-06,2024-10-06 11:52:00,445.86,445.93,445.86,445.93,0.02,23.85,10813.33,1
2024-10-06,2024-10-06 11:53:00,445.93,446.0,445.93,446.0,0.02,23.85,10813.33,1
2024-10-06,2024-10-06 11:54:00,446.0,446.08,446.0,446.08,0.02,23.85,10813.33,1
2024-10-06,2024-10-06 11:55:00,446.08,446.15,446.08,446.15,0.02,23.85,10813.33,1
2024-10-06,2024-10-06 11:56:00,446.15,446.23,446.15,446.23,0.02,23.85,10813.33,1
2024-10-06,2024-10-06 11:57:00,446.23,446.3,446.23,446.3,0.02,23.85,10813.33,1
2024-10-06,2024-10-06 11:58:00,446.3,446.38,446.3,446.38,0.02,23.85,10813.33,1
2024-10-06,2024-10-06 11:59:00,446.38,446.45,446.38,446.45,0.02,23.85,10813.33,1
2024-10-06,2024-10-06 12:00:00,446.45,446.52,446.45,446.52,0.02,23.85,10813.33,1
2024-10-06,2024-10-06 12:01:00,446.52,446.6,446.52,446.6,0.02,23.85,10813.33,1
2024-10-06,2024-10-06 12:02:00,446.6,446.67,446.6,446.67,0.02,23.85,10813.33,1
2024-10-06,2024-10-06 12:03:00,446.67,446.75,446.67,446.75,0.02,23.85,10813.33,1
2024-10-06,2024-10-06 12:04:00,446.75,446.82,446.75,446.82,0.02,23.85,10813.33,1
2024-10-06,2024-10-06 12:05:00,446.82,446.89,446.82,446.89,0.02,23.85,10813.33,1
2024-10-06,2024-10-06 12:06:00,446.89,446.97,446.89,446.97,0.02,23.85,10813.33,1
2024-10-06,2024-10-06 12:07:00,446.97,447.04,446.97,447.04,0.02,23.85,10813.33,1
2024-10-06,2024-10-06 12:08:00,447.04,447.12,447.04,447.12,0.02,23.85,10813.33,1
2024-10-06,2024-10-06 12:09:00,447.12,447.19,447.12,447.19,0.02,23.85,10813.33,1
2024-10-06,2024-10-06 12:10:00,447.19,447.27,447.19,447.27,0.02,23.85,10813.33,1
2024-10-06,2024-10-06 12:11:00,447.27,447.34,447.27,447.34,0.02,23.85,10813.33,1
2024-10-06,2024-10-06 12:12:00,447.34,447.41,447.34,447.41,0.02,23.85,10813.33,1
2024-10-06,2024-10-06 12:13:00,447.41,447.49,447.41,447.49,0.02,23.85,10813.33,1
2024-10-06,2024-10-06 12:14:00,447.49,447.56,447.49,447.56,0.02,23.85,10813.33,1
2024-10-06,2024-10-06 12:15:00,447.56,447.64,447.56,447.64,0.02,23.85,10813.33,1
2024-10-06,2024-10-06 12:16:00,447.64,447.71,447.64,447.71,0.02,23.85,10813.33,1
2024-10-06,2024-10-06 12:17:00,447.71,447.79,447.71,447.79,0.02,23.85,10813.33,1
2024-10-06,2024-10-06 12:18:00,447.79,447.86,447.79,447.86,0.02,23.85,10813.33,1
2024-10-06,2024-10-06 12:19:00,447.86,447.93,447.86,447.93,0.02,23.85,10813.33,1
2024-10-06,2024-10-06 12:20:00,447.93,448.01,447.93,448.01,0.02,23.85,10813.33,1
2024-10-06,2024-10-06 12:21:00,448.01,448.08,448.01,448.08,0.02,23.85,10813.33,1
2024-10-06,2024-10-06 12:22:00,448.08,448.16,448.08,448.16,0.02,23.85,10813.33,1
2024-10-06,2024-10-06 12:23:00,448.16,448.23,448.16,448.23,0.02,23.85,10813.33,1
2024-10-06,2024-10-06 12:24:00,448.23,448.3,448.23,448.3,0.02,23.85,10813.33,1
2024-10-06,2024-10-06 12:25:00,448.3,448.38,448.3,448.38,0.02,23.85,10813.33,1
2024-10-06,2024-10-06 12:26:00,448.38,448.45,448.38,448.45,0.02,23.85,10813.33,1
2024-10-06,2024-10-06 12:27:00,448.45,448.53,448.45,448.53,0.02,23.85,10813.33,1
2024-10-06,2024-10-06 12:28:00,448.53,448.6,448.53,448.6,0.02,23.85,10813.33,1
2024-10-06,2024-10-06 12:29:00,448.6,448.68,448.6,448.68,0.02,23.85,10813.33,1
2024-10-06,2024-10-06 12:30:00,448.68,448.75,448.68,448.75,0.02,23.85,10813.33,1
2024-10-06,2024-10-06 12:31:00,448.75,448.82,448.75,448.82,0.02,23.85,10813.33,1
2024-10-06,2024-10-06 12:32:00,448.82,448.9,448.82,448.9,0.02,23.85,10813.33,1
2024-10-06,2024-10-06 12:33:00,448.9,448.97,448.9,448.97,0.02,23.85,10813.33,1
2024-10-06,2024-10-06 12:34:00,448.97,449.05,448.97,449.05,0.02,23.85,10813.33,1
2024-10-06,2024-10-06 12:35:00,449.05,449.12,449.05,449.12,0.02,23.85,10813.33,1
2024-10-06,2024-10-06 12:36:00,449.12,449.19,449.12,449.19,0.02,23.85,10813.33,1
2024-10-06,2024-10-06 12:37:00,449.19,449.27,449.19,449.27,0.02,23.85,10813.33,1
2024-10-06,2024-10-06 12:38:00,449.27,449.34,449.27,449.34,0.02,23.85,10813.33,1
2024-10-06,2024-10-06 12:39:00,449.34,449.42,449.34,449.42,0.02,23.85,10813.33,1
2024-10-06,2024-10-06 12:40:00,449.42,449.49,449.42,449.49,0.02,23.85,10813.33,1
2024-10-06,2024-10-06 12:41:00,449.49,449.56,449.49,449.56,0.02,23.85,10813.33,1
2024-10-06,2024-10-06 12:42:00,449.56,449.64,449.56,449.64,0.02,23.85,10813.33,1
2024-10-06,2024-10-06 12:43:00,449.64,449.71,449.64,449.71,0.02,23.85,10813.33,1
2024-10-06,2024-10-06 12:44:00,449.71,449.79,449.71,449.79,0.02,23.85,10813.33,1
2024-10-06,2024-10-06 12:45:00,449.79,449.86,449.79,449.86,0.02,23.85,10813.33,1
2024-10-06,2024-10-06 12:46:00,449.86,449.94,449.86,449.94,0.02,23.85,10813.33,1
2024-10-06,2024-10-06 12:47:00,449.94,450.01,449.94,450.01,0.02,23.85,10813.33,1
2024-10-06,2024-10-06 12:48:00,450.01,450.08,450.01,450.08,0.02,23.85,10813.33,1
2024-10-06,2024-10-06 12:49:00,450.08,450.16,450.08,450.16,0.02,23.85,10813.33,1
2024-10-06,2024-10-06 12:50:00,450.16,450.23,450.16,450.23,0.02,23.85,10813.33,1
2024-10-06,2024-10-06 12:51:00,450.23,450.31,450.23,450.31,0.02,23.85,10813.33,1
2024-10-06,2024-10-06 12:52:00,450.31,450.38,450.31,450.38,0.02,23.85,10813.33,1
2024-10-06,2024-10-06 12:53:00,450.38,450.45,450.38,450.45,0.02,23.85,10813.33,1
2024-10-06,2024-10-06 12:54:00,450.45,450.53,450.45,450.53,0.02,23.85,10813.33,1
2024-10-06,2024-10-06 12:55:00,450.53,450.6,450.53,450.6,0.02,23.85,10813.33,1
2024-10-06,2024-10-06 12:56:00,450.6,450.68,450.6,450.68,0.02,23.85,10813.33,1
2024-10-06,2024-10-06 12:57:00,450.68,450.75,450.68,450.75,0.02,23.85,10813.33,1
2024-10-06,2024-10-06 12:58:00,450.75,450.83,450.75,450.83,0.02,23.85,10813.33,1
2024-10-06,2024-10-06 12:59:00,450.83,450.9,450.83,450.9,0.02,23.85,10813.33,1
2024-10-06,2024-10-06 13:00:00,450.9,460.0,442.0,450.97,0.02,23.85,10813.33,1
2024-10-06,2024-10-06 13:01:00,450.97,451.05,450.97,451.05,0.02,23.85,10813.33,1
2024-10-06,2024-10-06 13:02:00,451.05,451.12,451.05,451.12,0.02,23.85,10813.33,1
2024-10-06,2024-10-06 13:03:00,451.12,451.2,451.12,451.2,0.02,23.85,10813.33,1
2024-10-06,2024-10-06 13:04:00,451.2,451.27,451.2,451.27,0.02,23.85,10813.33,1
2024-10-06,2024-10-06 13:05:00,451.27,451.35,451.27,451.35,0.02,23.85,10813.33,1
2024-10-06,2024-10-06 13:06:00,451.35,451.42,451.35,451.42,0.02,23.85,10813.33,1
2024-10-06,2024-10-06 13:07:00,451.42,451.49,451.42,451.49,0.02,23.85,10813.33,1
2024-10-06,2024-10-06 13:08:00,451.49,451.57,451.49,451.57,0.02,23.85,10813.33,1
2024-10-06,2024-10-06 13:09:00,451.57,451.64,451.57,451.64,0.02,23.85,10813.33,1
2024-10-06,2024-10-06 13:10:00,451.64,451.72,451.64,451.72,0.02,23.85,10813.33,1
2024-10-06,2024-10-06 13:11:00,451.72,451.79,451.72,451.79,0.02,23.85,10813.33,1
2024-10-06,2024-10-06 13:12:00,451.79,451.86,451.79,451.86,0.02,23.85,10813.33,1
2024-10-06,2024-10-06 13:13:00,451.86,451.94,451.86,451.94,0.02,23.85,10813.33,1
2024-10-06,2024-10-06 13:14:00,451.94,452.01,451.94,452.01,0.02,23.85,10813.33,1
2024-10-06,2024-10-06 13:15:00,452.01,452.09,452.01,452.09,0.02,23.85,10813.33,1
2024-10-06,2024-10-06 13:16:00,452.09,452.16,452.09,452.16,0.02,23.85,10813.33,1
2024-10-06,2024-10-06 13:17:00,452.16,452.24,452.16,452.24,0.02,23.85,10813.33,1
2024-10-06,2024-10-06 13:18:00,452.24,452.31,452.24,452.31,0.02,23.85,10813.33,1
2024-10-06,2024-10-06 13:19:00,452.31,452.38,452.31,452.38,0.02,23.85,10813.33,1
2024-10-06,2024-10-06 13:20:00,452.38,452.46,452.38,452.46,0.02,23.85,10813.33,1
2024-10-06,2024-10-06 13:21:00,452.46,452.53,452.46,452.53,0.02,23.85,10813.33,1
2024-10-06,2024-10-06 13:22:00,452.53,452.61,452.53,452.61,0.02,23.85,10813.33,1
2024-10-06,2024-10-06 13:23:00,452.61,452.68,452.61,452.68,0.02,23.85,10813.33,1
2024-10-06,2024-10-06 13:24:00,452.68,452.75,452.68,452.75,0.02,23.85,10813.33,1
2024-10-06,2024-10-06 13:25:00,452.75,452.83,452.75,452.83,0.02,23.85,10813.33,1
2024-10-06,2024-10-06 13:26:00,452.83,452.9,452.83,452.9,0.02,23.85,10813.33,1
2024-10-06,2024-10-06 13:27:00,452.9,452.98,452.9,452.98,0.02,23.85,10813.33,1
2024-10-06,2024-10-06 13:28:00,452.98,453.05,452.98,453.05,0.02,23.85,10813.33,1
2024-10-06,2024-10-06 13:29:00,453.05,453.12,453.05,453.12,0.02,23.85,10813.33,1
2024-10-06,2024-10-06 13:30:00,453.12,453.2,453.12,453.2,0.02,23.85,10813.33,1
2024-10-06,2024-10-06 13:31:00,453.2,453.27,453.2,453.27,0.02,23.85,10813.33,1
2024-10-06,2024-10-06 13:32:00,453.27,453.35,453.27,453.35,0.02,23.85,10813.33,1
2024-10-06,2024-10-06 13:33:00,453.35,453.42,453.35,453.42,0.02,23.85,10813.33,1
2024-10-06,2024-10-06 13:34:00,453.42,453.5,453.42,453.5,0.02,23.85,10813.33,1
2024-10-06,2024-10-06 13:35:00,453.5,453.57,453.5,453.57,0.02,23.85,10813.33,1
2024-10-06,2024-10-06 13:36:00,453.57,453.64,453.57,453.64,0.02,23.85,10813.33,1
2024-10-06,2024-10-06 13:37:00,453.64,453.72,453.64,453.72,0.02,23.85,10813.33,1
2024-10-06,2024-10-06 13:38:00,453.72,453.79,453.72,453.79,0.02,23.85,10813.33,1
2024-10-06,2024-10-06 13:39:00,453.79,453.87,453.79,453.87,0.02,23.85,10813.33,1
2024-10-06,2024-10-06 13:40:00,453.87,453.94,453.87,453.94,0.02,23.85,10813.33,1
2024-10-06,2024-10-06 13:41:00,453.94,454.01,453.94,454.01,0.02,23.85,10813.33,1
2024-10-06,2024-10-06 13:42:00,454.01,454.09,454.01,454.09,0.02,23.85,10813.33,1
2024-10-06,2024-10-06 13:43:00,454.09,454.16,454.09,454.16,0.02,23.85,10813.33,1
2024-10-06,2024-10-06 13:44:00,454.16,454.24,454.16,454.24,0.02,23.85,10813.33,1
2024-10-06,2024-10-06 13:45:00,454.24,454.31,454.24,454.31,0.02,23.85,10813.33,1
2024-10-06,2024-10-06 13:46:00,454.31,454.39,454.31,454.39,0.02,23.85,10813.33,1
2024-10-06,2024-10-06 13:47:00,454.39,454.46,454.39,454.46,0.02,23.85,10813.33,1
2024-10-06,2024-10-06 13:48:00,454.46,454.53,454.46,454.53,0.02,23.85,10813.33,1
2024-10-06,2024-10-06 13:49:00,454.53,454.61,454.53,454.61,0.02,23.85,10813.33,1
2024-10-06,2024-10-06 13:50:00,454.61,454.68,454.61,454.68,0.02,23.85,10813.33,1
2024-10-06,2024-10-06 13:51:00,454.68,454.76,454.68,454.76,0.02,23.85,10813.33,1
2024-10-06,2024-10-06 13:52:00,454.76,454.83,454.76,454.83,0.02,23.85,10813.33,1
2024-10-06,2024-10-06 13:53:00,454.83,454.91,454.83,454.91,0.02,23.85,10813.33,1
2024-10-06,2024-10-06 13:54:00,454.91,454.98,454.91,454.98,0.02,23.85,10813.33,1
2024-10-06,2024-10-06 13:55:00,454.98,455.05,454.98,455.05,0.02,23.85,10813.33,1
2024-10-06,2024-10-06 13:56:00,455.05,455.13,455.05,455.13,0.02,23.85,10813.33,1
2024-10-06,2024-10-06 13:57:00,455.13,455.2,455.13,455.2,0.02,23.85,10813.33,1
2024-10-06,2024-10-06 13:58:00,455.2,455.28,455.2,455.28,0.02,23.85,10813.33,1
2024-10-06,2024-10-06 13:59:00,455.28,455.35,455.28,455.35,0.02,23.85,10813.33,1
2024-10-06,2024-10-06 14:00:00,455.35,455.42,455.35,455.42,0.02,23.85,10813.33,1
2024-10-06,2024-10-06 14:01:00,455.42,455.5,455.42,455.5,0.02,23.85,10813.33,1
2024-10-06,2024-10-06 14:02:00,455.5,455.57,455.5,455.57,0.02,23.85,10813.33,1
2024-10-06,2024-10-06 14:03:00,455.57,455.65,455.57,455.65,0.02,23.85,10813.33,1
2024-10-06,2024-10-06 14:04:00,455.65,455.72,455.65,455.72,0.02,23.85,10813.33,1
2024-10-06,2024-10-06 14:05:00,455.72,455.8,455.72,455.8,0.02,23.85,10813.33,1
2024-10-06,2024-10-06 14:06:00,455.8,455.87,455.8,455.87,0.02,23.85,10813.33,1
2024-10-06,2024-10-06 14:07:00,455.87,455.94,455.87,455.94,0.02,23.85,10813.33,1
2024-10-06,2024-10-06 14:08:00,455.94,456.02,455.94,456.02,0.02,23.85,10813.33,1
2024-10-06,2024-10-06 14:09:00,456.02,456.09,456.02,456.09,0.02,23.85,10813.33,1
2024-10-06,2024-10-06 14:10:00,456.09,456.17,456.09,456.17,0.02,23.85,10813.33,1
2024-10-06,2024-10-06 14:11:00,456.17,456.24,456.17,456.24,0.02,23.85,10813.33,1
2024-10-06,2024-10-06 14:12:00,456.24,456.31,456.24,456.31,0.02,23.85,10813.33,1
2024-10-06,2024-10-06 14:13:00,456.31,456.39,456.31,456.39,0.02,23.85,10813.33,1
2024-10-06,2024-10-06 14:14:00,456.39,456.46,456.39,456.46,0.02,23.85,10813.33,1
2024-10-06,2024-10-06 14:15:00,456.46,456.54,456.46,456.54,0.02,23.85,10813.33,1
2024-10-06,2024-10-06 14:16:00,456.54,456.61,456.54,456.61,0.02,23.85,10813.33,1
2024-10-06,2024-10-06 14:17:00,456.61,456.69,456.61,456.69,0.02,23.85,10813.33,1
2024-10-06,2024-10-06 14:18:00,456.69,456.76,456.69,456.76,0.02,23.85,10813.33,1
2024-10-06,2024-10-06 14:19:00,456.76,456.83,456.76,456.83,0.02,23.85,10813.33,1
2024-10-06,2024-10-06 14:20:00,456.83,456.91,456.83,456.91,0.02,23.85,10813.33,1
2024-10-06,2024-10-06 14:21:00,456.91,456.98,456.91,456.98,0.02,23.85,10813.33,1
2024-10-06,2024-10-06 14:22:00,456.98,457.06,456.98,457.06,0.02,23.85,10813.33,1
2024-10-06,2024-10-06 14:23:00,457.06,457.13,457.06,457.13,0.02,23.85,10813.33,1
2024-10-06,2024-10-06 14:24:00,457.13,457.2,457.13,457.2,0.02,23.85,10813.33,1
2024-10-06,2024-10-06 14:25:00,457.2,457.28,457.2,457.28,0.02,23.85,10813.33,1
2024-10-06,2024-10-06 14:26:00,457.28,457.35,457.28,457.35,0.02,23.85,10813.33,1
2024-10-06,2024-10-06 14:27:00,457.35,457.43,457.35,457.43,0.02,23.85,10813.33,1
2024-10-06,2024-10-06 14:28:00,457.43,457.5,457.43,457.5,0.02,23.85,10813.33,1
2024-10-06,2024-10-06 14:29:00,457.5,457.57,457.5,457.57,0.02,23.85,10813.33,1
2024-10-06,2024-10-06 14:30:00,457.57,457.65,457.57,457.65,0.02,23.85,10813.33,1
2024-10-06,2024-10-06 14:31:00,457.65,457.72,457.65,457.72,0.02,23.85,10813.33,1
2024-10-06,2024-10-06 14:32:00,457.72,457.8,457.72,457.8,0.02,23.85,10813.33,1
2024-10-06,2024-10-06 14:33:00,457.8,457.87,457.8,457.87,0.02,23.85,10813.33,1
2024-10-06,2024-10-06 14:34:00,457.87,457.95,457.87,457.95,0.02,23.85,10813.33,1
2024-10-06,2024-10-06 14:35:00,457.95,458.02,457.95,458.02,0.02,23.85,10813.33,1
2024-10-06,2024-10-06 14:36:00,458.02,458.09,458.02,458.09,0.02,23.85,10813.33,1
2024-10-06,2024-10-06 14:37:00,458.09,458.17,458.09,458.17,0.02,23.85,10813.33,1
2024-10-06,2024-10-06 14:38:00,458.17,458.24,458.17,458.24,0.02,23.85,10813.33,1
2024-10-06,2024-10-06 14:39:00,458.24,458.32,458.24,458.32,0.02,23.85,10813.33,1
2024-10-06,2024-10-06 14:40:00,458.32,458.39,458.32,458.39,0.02,23.85,10813.33,1
2024-10-06,2024-10-06 14:41:00,458.39,458.47,458.39,458.47,0.02,23.85,10813.33,1
2024-10-06,2024-10-06 14:42:00,458.47,458.54,458.47,458.54,0.02,23.85,10813.33,1
2024-10-06,2024-10-06 14:43:00,458.54,458.61,458.54,458.61,0.02,23.85,10813.33,1
2024-10-06,2024-10-06 14:44:00,458.61,458.69,458.61,458.69,0.02,23.85,10813.33,1
2024-10-06,2024-10-06 14:45:00,458.69,458.76,458.69,458.76,0.02,23.85,10813.33,1
2024-10-06,2024-10-06 14:46:00,458.76,458.84,458.76,458.84,0.02,23.85,10813.33,1
2024-10-06,2024-10-06 14:47:00,458.84,458.91,458.84,458.91,0.02,23.85,10813.33,1
2024-10-06,2024-10-06 14:48:00,458.91,458.98,458.91,458.98,0.02,23.85,10813.33,1
2024-10-06,2024-10-06 14:49:00,458.98,459.06,458.98,459.06,0.02,23.85,10813.33,1
2024-10-06,2024-10-06 14:50:00,459.06,459.13,459.06,459.13,0.02,23.85,10813.33,1
2024-10-06,2024-10-06 14:51:00,459.13,459.21,459.13,459.21,0.02,23.85,10813.33,1
2024-10-06,2024-10-06 14:52:00,459.21,459.28,459.21,459.28,0.02,23.85,10813.33,1
2024-10-06,2024-10-06 14:53:00,459.28,459.36,459.28,459.36,0.02,23.85,10813.33,1
2024-10-06,2024-10-06 14:54:00,459.36,459.43,459.36,459.43,0.02,23.85,10813.33,1
2024-10-06,2024-10-06 14:55:00,459.43,459.5,459.43,459.5,0.02,23.85,10813.33,1
2024-10-06,2024-10-06 14:56:00,459.5,459.58,459.5,459.58,0.02,23.85,10813.33,1
2024-10-06,2024-10-06 14:57:00,459.58,459.65,459.58,459.65,0.02,23.85,10813.33,1
2024-10-06,2024-10-06 14:58:00,459.65,459.73,459.65,459.73,0.02,23.85,10813.33,1
2024-10-06,2024-10-06 14:59:00,459.73,459.8,459.73,459.8,0.02,23.85,10813.33,1
2024-10-06,2024-10-06 15:00:00,459.8,460.0,442.0,459.8,0.0,23.85,10813.33,0
2024-10-07,2024-10-07 11:00:00,451.0,458.8,451.0,451.09,0.02,30.39,14241.47,1
2024-10-07,2024-10-07 11:01:00,451.09,451.18,451.09,451.18,0.02,30.39,14241.47,1
2024-10-07,2024-10-07 11:02:00,451.18,451.27,451.18,451.27,0.02,30.39,14241.47,1
2024-10-07,2024-10-07 11:03:00,451.27,451.37,451.27,451.37,0.02,30.39,14241.47,1
2024-10-07,2024-10-07 11:04:00,451.37,451.46,451.37,451.46,0.02,30.39,14241.47,1
2024-10-07,2024-10-07 11:05:00,451.46,451.55,451.46,451.55,0.02,30.39,14241.47,1
2024-10-07,2024-10-07 11:06:00,451.55,451.64,451.55,451.64,0.02,30.39,14241.47,1
2024-10-07,2024-10-07 11:07:00,451.64,451.73,451.64,451.73,0.02,30.39,14241.47,1
2024-10-07,2024-10-07 11:08:00,451.73,451.82,451.73,451.82,0.02,30.39,14241.47,1
2024-10-07,2024-10-07 11:09:00,451.82,451.92,451.82,451.92,0.02,30.39,14241.47,1
2024-10-07,2024-10-07 11:10:00,451.92,452.01,451.92,452.01,0.02,30.39,14241.47,1
2024-10-07,2024-10-07 11:11:00,452.01,452.1,452.01,452.1,0.02,30.39,14241.47,1
2024-10-07,2024-10-07 11:12:00,452.1,452.19,452.1,452.19,0.02,30.39,14241.47,1
2024-10-07,2024-10-07 11:13:00,452.19,452.28,452.19,452.28,0.02,30.39,14241.47,1
2024-10-07,2024-10-07 11:14:00,452.28,452.38,452.28,452.38,0.02,30.39,14241.47,1
2024-10-07,2024-10-07 11:15:00,452.38,452.47,452.38,452.47,0.02,30.39,14241.47,1
2024-10-07,2024-10-07 11:16:00,452.47,452.56,452.47,452.56,0.02,30.39,14241.47,1
2024-10-07,2024-10-07 11:17:00,452.56,452.65,452.56,452.65,0.02,30.39,14241.47,1
2024-10-07,2024-10-07 11:18:00,452.65,452.74,452.65,452.74,0.02,30.39,14241.47,1
2024-10-07,2024-10-07 11:19:00,452.74,452.83,452.74,452.83,0.02,30.39,14241.47,1
2024-10-07,2024-10-07 11:20:00,452.83,452.93,452.83,452.93,0.02,30.39,14241.47,1
2024-10-07,2024-10-07 11:21:00,452.93,453.02,452.93,453.02,0.02,30.39,14241.47,1
2024-10-07,2024-10-07 11:22:00,453.02,453.11,453.02,453.11,0.02,30.39,14241.47,1
2024-10-07,2024-10-07 11:23:00,453.11,453.2,453.11,453.2,0.02,30.39,14241.47,1
2024-10-07,2024-10-07 11:24:00,453.2,453.29,453.2,453.29,0.02,30.39,14241.47,1
2024-10-07,2024-10-07 11:25:00,453.29,453.38,453.29,453.38,0.02,30.39,14241.47,1
2024-10-07,2024-10-07 11:26:00,453.38,453.48,453.38,453.48,0.02,30.39,14241.47,1
2024-10-07,2024-10-07 11:27:00,453.48,453.57,453.48,453.57,0.02,30.39,14241.47,1
2024-10-07,2024-10-07 11:28:00,453.57,453.66,453.57,453.66,0.02,30.39,14241.47,1
2024-10-07,2024-10-07 11:29:00,453.66,453.75,453.66,453.75,0.02,30.39,14241.47,1
2024-10-07,2024-10-07 11:30:00,453.75,453.84,453.75,453.84,0.02,30.39,14241.47,1
2024-10-07,2024-10-07 11:31:00,453.84,453.93,453.84,453.93,0.02,30.39,14241.47,1
2024-10-07,2024-10-07 11:32:00,453.93,454.02,453.93,454.02,0.02,30.39,14241.47,1
2024-10-07,2024-10-07 11:33:00,454.02,454.12,454.02,454.12,0.02,30.39,14241.47,1
2024-10-07,2024-10-07 11:34:00,454.12,454.21,454.12,454.21,0.02,30.39,14241.47,1
2024-10-07,2024-10-07 11:35:00,454.21,454.3,454.21,454.3,0.02,30.39,14241.47,1
2024-10-07,2024-10-07 11:36:00,454.3,454.39,454.3,454.39,0.02,30.39,14241.47,1
2024-10-07,2024-10-07 11:37:00,454.39,454.48,454.39,454.48,0.02,30.39,14241.47,1
2024-10-07,2024-10-07 11:38:00,454.48,454.57,454.48,454.57,0.02,30.39,14241.47,1
2024-10-07,2024-10-07 11:39:00,454.57,454.67,454.57,454.67,0.02,30.39,14241.47,1
2024-10-07,2024-10-07 11:40:00,454.67,454.76,454.67,454.76,0.02,30.39,14241.47,1
2024-10-07,2024-10-07 11:41:00,454.76,454.85,454.76,454.85,0.02,30.39,14241.47,1
2024-10-07,2024-10-07 11:42:00,454.85,454.94,454.85,454.94,0.02,30.39,14241.47,1
2024-10-07,2024-10-07 11:43:00,454.94,455.03,454.94,455.03,0.02,30.39,14241.47,1
2024-10-07,2024-10-07 11:44:00,455.03,455.12,455.03,455.12,0.02,30.39,14241.47,1
2024-10-07,2024-10-07 11:45:00,455.12,455.22,455.12,455.22,0.02,30.39,14241.47,1
2024-10-07,2024-10-07 11:46:00,455.22,455.31,455.22,455.31,0.02,30.39,14241.47,1
2024-10-07,2024-10-07 11:47:00,455.31,455.4,455.31,455.4,0.02,30.39,14241.47,1
2024-10-07,2024-10-07 11:48:00,455.4,455.49,455.4,455.49,0.02,30.39,14241.47,1
2024-10-07,2024-10-07 11:49:00,455.49,455.58,455.49,455.58,0.02,30.39,14241.47,1
2024-10-07,2024-10-07 11:50:00,455.58,455.68,455.58,455.68,0.02,30.39,14241.47,1
2024-10-07,2024-10-07 11:51:00,455.68,455.77,455.68,455.77,0.02,30.39,14241.47,1
2024-10-07,2024-10-07 11:52:00,455.77,455.86,455.77,455.86,0.02,30.39,14241.47,1
2024-10-07,2024-10-07 11:53:00,455.86,455.95,455.86,455.95,0.02,30.39,14241.47,1
2024-10-07,2024-10-07 11:54:00,455.95,456.04,455.95,456.04,0.02,30.39,14241.47,1
2024-10-07,2024-10-07 11:55:00,456.04,456.13,456.04,456.13,0.02,30.39,14241.47,1
2024-10-07,2024-10-07 11:56:00,456.13,456.23,456.13,456.23,0.02,30.39,14241.47,1
2024-10-07,2024-10-07 11:57:00,456.23,456.32,456.23,456.32,0.02,30.39,14241.47,1
2024-10-07,2024-10-07 11:58:00,456.32,456.41,456.32,456.41,0.02,30.39,14241.47,1
2024-10-07,2024-10-07 11:59:00,456.41,456.5,456.41,456.5,0.02,30.39,14241.47,1
2024-10-07,2024-10-07 12:00:00,456.5,456.59,456.5,456.59,0.02,30.39,14241.47,1
2024-10-07,2024-10-07 12:01:00,456.59,456.68,456.59,456.68,0.02,30.39,14241.47,1
2024-10-07,2024-10-07 12:02:00,456.68,456.77,456.68,456.77,0.02,30.39,14241.47,1
2024-10-07,2024-10-07 12:03:00,456.77,456.87,456.77,456.87,0.02,30.39,14241.47,1
2024-10-07,2024-10-07 12:04:00,456.87,456.96,456.87,456.96,0.02,30.39,14241.47,1
2024-10-07,2024-10-07 12:05:00,456.96,457.05,456.96,457.05,0.02,30.39,14241.47,1
2024-10-07,2024-10-07 12:06:00,457.05,457.14,457.05,457.14,0.02,30.39,14241.47,1
2024-10-07,2024-10-07 12:07:00,457.14,457.23,457.14,457.23,0.02,30.39,14241.47,1
2024-10-07,2024-10-07 12:08:00,457.23,457.32,457.23,457.32,0.02,30.39,14241.47,1
2024-10-07,2024-10-07 12:09:00,457.32,457.42,457.32,457.42,0.02,30.39,14241.47,1
2024-10-07,2024-10-07 12:10:00,457.42,457.51,457.42,457.51,0.02,30.39,14241.47,1
2024-10-07,2024-10-07 12:11:00,457.51,457.6,457.51,457.6,0.02,30.39,14241.47,1
2024-10-07,2024-10-07 12:12:00,457.6,457.69,457.6,457.69,0.02,30.39,14241.47,1
2024-10-07,2024-10-07 12:13:00,457.69,457.78,457.69,457.78,0.02,30.39,14241.47,1
2024-10-07,2024-10-07 12:14:00,457.78,457.88,457.78,457.88,0.02,30.39,14241.47,1
2024-10-07,2024-10-07 12:15:00,457.88,457.97,457.88,457.97,0.02,30.39,14241.47,1
2024-10-07,2024-10-07 12:16:00,457.97,458.06,457.97,458.06,0.02,30.39,14241.47,1
2024-10-07,2024-10-07 12:17:00,458.06,458.15,458.06,458.15,0.02,30.39,14241.47,1
2024-10-07,2024-10-07 12:18:00,458.15,458.24,458.15,458.24,0.02,30.39,14241.47,1
2024-10-07,2024-10-07 12:19:00,458.24,458.33,458.24,458.33,0.02,30.39,14241.47,1
2024-10-07,2024-10-07 12:20:00,458.33,458.43,458.33,458.43,0.02,30.39,14241.47,1
2024-10-07,2024-10-07 12:21:00,458.43,458.52,458.43,458.52,0.02,30.39,14241.47,1
2024-10-07,2024-10-07 12:22:00,458.52,458.61,458.52,458.61,0.02,30.39,14241.47,1
2024-10-07,2024-10-07 12:23:00,458.61,458.7,458.61,458.7,0.02,30.39,14241.47,1
2024-10-07,2024-10-07 12:24:00,458.7,458.79,458.7,458.79,0.02,30.39,14241.47,1
2024-10-07,2024-10-07 12:25:00,458.79,458.88,458.79,458.88,0.02,30.39,14241.47,1
2024-10-07,2024-10-07 12:26:00,458.88,458.98,458.88,458.98,0.02,30.39,14241.47,1
2024-10-07,2024-10-07 12:27:00,458.98,459.07,458.98,459.07,0.02,30.39,14241.47,1
2024-10-07,2024-10-07 12:28:00,459.07,459.16,459.07,459.16,0.02,30.39,14241.47,1
2024-10-07,2024-10-07 12:29:00,459.16,459.25,459.16,459.25,0.02,30.39,14241.47,1
2024-10-07,2024-10-07 12:30:00,459.25,459.34,459.25,459.34,0.02,30.39,14241.47,1
2024-10-07,2024-10-07 12:31:00,459.34,459.43,459.34,459.43,0.02,30.39,14241.47,1
2024-10-07,2024-10-07 12:32:00,459.43,459.52,459.43,459.52,0.02,30.39,14241.47,1
2024-10-07,2024-10-07 12:33:00,459.52,459.62,459.52,459.62,0.02,30.39,14241.47,1
2024-10-07,2024-10-07 12:34:00,459.62,459.71,459.62,459.71,0.02,30.39,14241.47,1
2024-10-07,2024-10-07 12:35:00,459.71,459.8,459.71,459.8,0.02,30.39,14241.47,1
2024-10-07,2024-10-07 12:36:00,459.8,459.89,459.8,459.89,0.02,30.39,14241.47,1
2024-10-07,2024-10-07 12:37:00,459.89,459.98,459.89,459.98,0.02,30.39,14241.47,1
2024-10-07,2024-10-07 12:38:00,459.98,460.07,459.98,460.07,0.02,30.39,14241.47,1
2024-10-07,2024-10-07 12:39:00,460.07,460.17,460.07,460.17,0.02,30.39,14241.47,1
2024-10-07,2024-10-07 12:40:00,460.17,460.26,460.17,460.26,0.02,30.39,14241.47,1
2024-10-07,2024-10-07 12:41:00,460.26,460.35,460.26,460.35,0.02,30.39,14241.47,1
2024-10-07,2024-10-07 12:42:00,460.35,460.44,460.35,460.44,0.02,30.39,14241.47,1
2024-10-07,2024-10-07 12:43:00,460.44,460.53,460.44,460.53,0.02,30.39,14241.47,1
2024-10-07,2024-10-07 12:44:00,460.53,460.62,460.53,460.62,0.02,30.39,14241.47,1
2024-10-07,2024-10-07 12:45:00,460.62,460.72,460.62,460.72,0.02,30.39,14241.47,1
2024-10-07,2024-10-07 12:46:00,460.72,460.81,460.72,460.81,0.02,30.39,14241.47,1
2024-10-07,2024-10-07 12:47:00,460.81,460.9,460.81,460.9,0.02,30.39,14241.47,1
2024-10-07,2024-10-07 12:48:00,460.9,460.99,460.9,460.99,0.02,30.39,14241.47,1
2024-10-07,2024-10-07 12:49:00,460.99,461.08,460.99,461.08,0.02,30.39,14241.47,1
2024-10-07,2024-10-07 12:50:00,461.08,461.18,461.08,461.18,0.02,30.39,14241.47,1
2024-10-07,2024-10-07 12:51:00,461.18,461.27,461.18,461.27,0.02,30.39,14241.47,1
2024-10-07,2024-10-07 12:52:00,461.27,461.36,461.27,461.36,0.02,30.39,14241.47,1
2024-10-07,2024-10-07 12:53:00,461.36,461.45,461.36,461.45,0.02,30.39,14241.47,1
2024-10-07,2024-10-07 12:54:00,461.45,461.54,461.45,461.54,0.02,30.39,14241.47,1
2024-10-07,2024-10-07 12:55:00,461.54,461.63,461.54,461.63,0.02,30.39,14241.47,1
2024-10-07,2024-10-07 12:56:00,461.63,461.73,461.63,461.73,0.02,30.39,14241.47,1
2024-10-07,2024-10-07 12:57:00,461.73,461.82,461.73,461.82,0.02,30.39,14241.47,1
2024-10-07,2024-10-07 12:58:00,461.82,461.91,461.82,461.91,0.02,30.39,14241.47,1
2024-10-07,2024-10-07 12:59:00,461.91,462.0,461.91,462.0,0.02,30.39,14241.47,1
2024-10-07,2024-10-07 13:00:00,462.0,477.0,451.0,462.09,0.02,30.39,14241.47,1
2024-10-07,2024-10-07 13:01:00,462.09,462.18,462.09,462.18,0.02,30.39,14241.47,1
2024-10-07,2024-10-07 13:02:00,462.18,462.27,462.18,462.27,0.02,30.39,14241.47,1
2024-10-07,2024-10-07 13:03:00,462.27,462.37,462.27,462.37,0.02,30.39,14241.47,1
2024-10-07,2024-10-07 13:04:00,462.37,462.46,462.37,462.46,0.02,30.39,14241.47,1
2024-10-07,2024-10-07 13:05:00,462.46,462.55,462.46,462.55,0.02,30.39,14241.47,1
2024-10-07,2024-10-07 13:06:00,462.55,462.64,462.55,462.64,0.02,30.39,14241.47,1
2024-10-07,2024-10-07 13:07:00,462.64,462.73,462.64,462.73,0.02,30.39,14241.47,1
2024-10-07,2024-10-07 13:08:00,462.73,462.82,462.73,462.82,0.02,30.39,14241.47,1
2024-10-07,2024-10-07 13:09:00,462.82,462.92,462.82,462.92,0.02,30.39,14241.47,1
2024-10-07,2024-10-07 13:10:00,462.92,463.01,462.92,463.01,0.02,30.39,14241.47,1
2024-10-07,2024-10-07 13:11:00,463.01,463.1,463.01,463.1,0.02,30.39,14241.47,1
2024-10-07,2024-10-07 13:12:00,463.1,463.19,463.1,463.19,0.02,30.39,14241.47,1
2024-10-07,2024-10-07 13:13:00,463.19,463.28,463.19,463.28,0.02,30.39,14241.47,1
2024-10-07,2024-10-07 13:14:00,463.28,463.38,463.28,463.38,0.02,30.39,14241.47,1
2024-10-07,2024-10-07 13:15:00,463.38,463.47,463.38,463.47,0.02,30.39,14241.47,1
2024-10-07,2024-10-07 13:16:00,463.47,463.56,463.47,463.56,0.02,30.39,14241.47,1
2024-10-07,2024-10-07 13:17:00,463.56,463.65,463.56,463.65,0.02,30.39,14241.47,1
2024-10-07,2024-10-07 13:18:00,463.65,463.74,463.65,463.74,0.02,30.39,14241.47,1
2024-10-07,2024-10-07 13:19:00,463.74,463.83,463.74,463.83,0.02,30.39,14241.47,1
2024-10-07,2024-10-07 13:20:00,463.83,463.93,463.83,463.93,0.02,30.39,14241.47,1
2024-10-07,2024-10-07 13:21:00,463.93,464.02,463.93,464.02,0.02,30.39,14241.47,1
2024-10-07,2024-10-07 13:22:00,464.02,464.11,464.02,464.11,0.02,30.39,14241.47,1
2024-10-07,2024-10-07 13:23:00,464.11,464.2,464.11,464.2,0.02,30.39,14241.47,1
2024-10-07,2024-10-07 13:24:00,464.2,464.29,464.2,464.29,0.02,30.39,14241.47,1
2024-10-07,2024-10-07 13:25:00,464.29,464.38,464.29,464.38,0.02,30.39,14241.47,1
2024-10-07,2024-10-07 13:26:00,464.38,464.48,464.38,464.48,0.02,30.39,14241.47,1
2024-10-07,2024-10-07 13:27:00,464.48,464.57,464.48,464.57,0.02,30.39,14241.47,1
2024-10-07,2024-10-07 13:28:00,464.57,464.66,464.57,464.66,0.02,30.39,14241.47,1
2024-10-07,2024-10-07 13:29:00,464.66,464.75,464.66,464.75,0.02,30.39,14241.47,1
2024-10-07,2024-10-07 13:30:00,464.75,464.84,464.75,464.84,0.02,30.39,14241.47,1
2024-10-07,2024-10-07 13:31:00,464.84,464.93,464.84,464.93,0.02,30.39,14241.47,1
2024-10-07,2024-10-07 13:32:00,464.93,465.02,464.93,465.02,0.02,30.39,14241.47,1
2024-10-07,2024-10-07 13:33:00,465.02,465.12,465.02,465.12,0.02,30.39,14241.47,1
2024-10-07,2024-10-07 13:34:00,465.12,465.21,465.12,465.21,0.02,30.39,14241.47,1
2024-10-07,2024-10-07 13:35:00,465.21,465.3,465.21,465.3,0.02,30.39,14241.47,1
2024-10-07,2024-10-07 13:36:00,465.3,465.39,465.3,465.39,0.02,30.39,14241.47,1
2024-10-07,2024-10-07 13:37:00,465.39,465.48,465.39,465.48,0.02,30.39,14241.47,1
2024-10-07,2024-10-07 13:38:00,465.48,465.57,465.48,465.57,0.02,30.39,14241.47,1
2024-10-07,2024-10-07 13:39:00,465.57,465.67,465.57,465.67,0.02,30.39,14241.47,1
2024-10-07,2024-10-07 13:40:00,465.67,465.76,465.67,465.76,0.02,30.39,14241.47,1
2024-10-07,2024-10-07 13:41:00,465.76,465.85,465.76,465.85,0.02,30.39,14241.47,1
2024-10-07,2024-10-07 13:42:00,465.85,465.94,465.85,465.94,0.02,30.39,14241.47,1
2024-10-07,2024-10-07 13:43:00,465.94,466.03,465.94,466.03,0.02,30.39,14241.47,1
2024-10-07,2024-10-07 13:44:00,466.03,466.12,466.03,466.12,0.02,30.39,14241.47,1
2024-10-07,2024-10-07 13:45:00,466.12,466.22,466.12,466.22,0.02,30.39,14241.47,1
2024-10-07,2024-10-07 13:46:00,466.22,466.31,466.22,466.31,0.02,30.39,14241.47,1
2024-10-07,2024-10-07 13:47:00,466.31,466.4,466.31,466.4,0.02,30.39,14241.47,1
2024-10-07,2024-10-07 13:48:00,466.4,466.49,466.4,466.49,0.02,30.39,14241.47,1
2024-10-07,2024-10-07 13:49:00,466.49,466.58,466.49,466.58,0.02,30.39,14241.47,1
2024-10-07,2024-10-07 13:50:00,466.58,466.68,466.58,466.68,0.02,30.39,14241.47,1
2024-10-07,2024-10-07 13:51:00,466.68,466.77,466.68,466.77,0.02,30.39,14241.47,1
2024-10-07,2024-10-07 13:52:00,466.77,466.86,466.77,466.86,0.02,30.39,14241.47,1
2024-10-07,2024-10-07 13:53:00,466.86,466.95,466.86,466.95,0.02,30.39,14241.47,1
2024-10-07,2024-10-07 13:54:00,466.95,467.04,466.95,467.04,0.02,30.39,14241.47,1
2024-10-07,2024-10-07 13:55:00,467.04,467.13,467.04,467.13,0.02,30.39,14241.47,1
2024-10-07,2024-10-07 13:56:00,467.13,467.23,467.13,467.23,0.02,30.39,14241.47,1
2024-10-07,2024-10-07 13:57:00,467.23,467.32,467.23,467.32,0.02,30.39,14241.47,1
2024-10-07,2024-10-07 13:58:00,467.32,467.41,467.32,467.41,0.02,30.39,14241.47,1
2024-10-07,2024-10-07 13:59:00,467.41,467.5,467.41,467.5,0.02,30.39,14241.47,1
2024-10-07,2024-10-07 14:00:00,467.5,467.59,467.5,467.59,0.02,30.39,14241.47,1
2024-10-07,2024-10-07 14:01:00,467.59,467.68,467.59,467.68,0.02,30.39,14241.47,1
2024-10-07,2024-10-07 14:02:00,467.68,467.77,467.68,467.77,0.02,30.39,14241.47,1
2024-10-07,2024-10-07 14:03:00,467.77,467.87,467.77,467.87,0.02,30.39,14241.47,1
2024-10-07,2024-10-07 14:04:00,467.87,467.96,467.87,467.96,0.02,30.39,14241.47,1
2024-10-07,2024-10-07 14:05:00,467.96,468.05,467.96,468.05,0.02,30.39,14241.47,1
2024-10-07,2024-10-07 14:06:00,468.05,468.14,468.05,468.14,0.02,30.39,14241.47,1
2024-10-07,2024-10-07 14:07:00,468.14,468.23,468.14,468.23,0.02,30.39,14241.47,1
2024-10-07,2024-10-07 14:08:00,468.23,468.32,468.23,468.32,0.02,30.39,14241.47,1
2024-10-07,2024-10-07 14:09:00,468.32,468.42,468.32,468.42,0.02,30.39,14241.47,1
2024-10-07,2024-10-07 14:10:00,468.42,468.51,468.42,468.51,0.02,30.39,14241.47,1
2024-10-07,2024-10-07 14:11:00,468.51,468.6,468.51,468.6,0.02,30.39,14241.47,1
2024-10-07,2024-10-07 14:12:00,468.6,468.69,468.6,468.69,0.02,30.39,14241.47,1
2024-10-07,2024-10-07 14:13:00,468.69,468.78,468.69,468.78,0.02,30.39,14241.47,1
2024-10-07,2024-10-07 14:14:00,468.78,468.88,468.78,468.88,0.02,30.39,14241.47,1
2024-10-07,2024-10-07 14:15:00,468.88,468.97,468.88,468.97,0.02,30.39,14241.47,1
2024-10-07,2024-10-07 14:16:00,468.97,469.06,468.97,469.06,0.02,30.39,14241.47,1
2024-10-07,2024-10-07 14:17:00,469.06,469.15,469.06,469.15,0.02,30.39,14241.47,1
2024-10-07,2024-10-07 14:18:00,469.15,469.24,469.15,469.24,0.02,30.39,14241.47,1
2024-10-07,2024-10-07 14:19:00,469.24,469.33,469.24,469.33,0.02,30.39,14241.47,1
2024-10-07,2024-10-07 14:20:00,469.33,469.43,469.33,469.43,0.02,30.39,14241.47,1
2024-10-07,2024-10-07 14:21:00,469.43,469.52,469.43,469.52,0.02,30.39,14241.47,1
2024-10-07,2024-10-07 14:22:00,469.52,469.61,469.52,469.61,0.02,30.39,14241.47,1
2024-10-07,2024-10-07 14:23:00,469.61,469.7,469.61,469.7,0.02,30.39,14241.47,1
2024-10-07,2024-10-07 14:24:00,469.7,469.79,469.7,469.79,0.02,30.39,14241.47,1
2024-10-07,2024-10-07 14:25:00,469.79,469.88,469.79,469.88,0.02,30.39,14241.47,1
2024-10-07,2024-10-07 14:26:00,469.88,469.98,469.88,469.98,0.02,30.39,14241.47,1
2024-10-07,2024-10-07 14:27:00,469.98,470.07,469.98,470.07,0.02,30.39,14241.47,1
2024-10-07,2024-10-07 14:28:00,470.07,470.16,470.07,470.16,0.02,30.39,14241.47,1
2024-10-07,2024-10-07 14:29:00,470.16,470.25,470.16,470.25,0.02,30.39,14241.47,1
2024-10-07,2024-10-07 14:30:00,470.25,470.34,470.25,470.34,0.02,30.39,14241.47,1
2024-10-07,2024-10-07 14:31:00,470.34,470.43,470.34,470.43,0.02,30.39,14241.47,1
2024-10-07,2024-10-07 14:32:00,470.43,470.52,470.43,470.52,0.02,30.39,14241.47,1
2024-10-07,2024-10-07 14:33:00,470.52,470.62,470.52,470.62,0.02,30.39,14241.47,1
2024-10-07,2024-10-07 14:34:00,470.62,470.71,470.62,470.71,0.02,30.39,14241.47,1
2024-10-07,2024-10-07 14:35:00,470.71,470.8,470.71,470.8,0.02,30.39,14241.47,1
2024-10-07,2024-10-07 14:36:00,470.8,470.89,470.8,470.89,0.02,30.39,14241.47,1
2024-10-07,2024-10-07 14:37:00,470.89,470.98,470.89,470.98,0.02,30.39,14241.47,1
2024-10-07,2024-10-07 14:38:00,470.98,471.07,470.98,471.07,0.02,30.39,14241.47,1
2024-10-07,2024-10-07 14:39:00,471.07,471.17,471.07,471.17,0.02,30.39,14241.47,1
2024-10-07,2024-10-07 14:40:00,471.17,471.26,471.17,471.26,0.02,30.39,14241.47,1
2024-10-07,2024-10-07 14:41:00,471.26,471.35,471.26,471.35,0.02,30.39,14241.47,1
2024-10-07,2024-10-07 14:42:00,471.35,471.44,471.35,471.44,0.02,30.39,14241.47,1
2024-10-07,2024-10-07 14:43:00,471.44,471.53,471.44,471.53,0.02,30.39,14241.47,1
2024-10-07,2024-10-07 14:44:00,471.53,471.62,471.53,471.62,0.02,30.39,14241.47,1
2024-10-07,2024-10-07 14:45:00,471.62,471.72,471.62,471.72,0.02,30.39,14241.47,1
2024-10-07,2024-10-07 14:46:00,471.72,471.81,471.72,471.81,0.02,30.39,14241.47,1
2024-10-07,2024-10-07 14:47:00,471.81,471.9,471.81,471.9,0.02,30.39,14241.47,1
2024-10-07,2024-10-07 14:48:00,471.9,471.99,471.9,471.99,0.02,30.39,14241.47,1
2024-10-07,2024-10-07 14:49:00,471.99,472.08,471.99,472.08,0.02,30.39,14241.47,1
2024-10-07,2024-10-07 14:50:00,472.08,472.18,472.08,472.18,0.02,30.39,14241.47,1
2024-10-07,2024-10-07 14:51:00,472.18,472.27,472.18,472.27,0.02,30.39,14241.47,1
2024-10-07,2024-10-07 14:52:00,472.27,472.36,472.27,472.36,0.02,30.39,14241.47,1
2024-10-07,2024-10-07 14:53:00,472.36,472.45,472.36,472.45,0.02,30.39,14241.47,1
2024-10-07,2024-10-07 14:54:00,472.45,472.54,472.45,472.54,0.02,30.39,14241.47,1
2024-10-07,2024-10-07 14:55:00,472.54,472.63,472.54,472.63,0.02,30.39,14241.47,1
2024-10-07,2024-10-07 14:56:00,472.63,472.73,472.63,472.73,0.02,30.39,14241.47,1
2024-10-07,2024-10-07 14:57:00,472.73,472.82,472.73,472.82,0.02,30.39,14241.47,1
2024-10-07,2024-10-07 14:58:00,472.82,472.91,472.82,472.91,0.02,30.39,14241.47,1
2024-10-07,2024-10-07 14:59:00,472.91,473.0,472.91,473.0,0.02,30.39,14241.47,1
2024-10-07,2024-10-07 15:00:00,473.0,477.0,451.0,473.0,0.0,30.39,14241.47,0
2024-10-08,2024-10-08 11:00:00,465.0,466.5,461.64,465.0,0.0,24.42,11242.25,0
2024-10-08,2024-10-08 11:01:00,465.0,465.01,465.0,465.01,0.0,24.42,11242.25,1
2024-10-08,2024-10-08 11:02:00,465.01,465.01,465.01,465.01,0.0,24.42,11242.25,0
2024-10-08,2024-10-08 11:03:00,465.01,465.02,465.01,465.02,0.0,24.42,11242.25,1
2024-10-08,2024-10-08 11:04:00,465.02,465.02,465.02,465.02,0.0,24.42,11242.25,0
2024-10-08,2024-10-08 11:05:00,465.02,465.02,465.02,465.02,0.0,24.42,11242.25,0
2024-10-08,2024-10-08 11:06:00,465.02,465.03,465.02,465.03,0.0,24.42,11242.25,1
2024-10-08,2024-10-08 11:07:00,465.03,465.03,465.03,465.03,0.0,24.42,11242.25,0
2024-10-08,2024-10-08 11:08:00,465.03,465.04,465.03,465.04,0.0,24.42,11242.25,1
2024-10-08,2024-10-08 11:09:00,465.04,465.04,465.04,465.04,0.0,24.42,11242.25,0
2024-10-08,2024-10-08 11:10:00,465.04,465.05,465.04,465.05,0.0,24.42,11242.25,1
2024-10-08,2024-10-08 11:11:00,465.05,465.05,465.05,465.05,0.0,24.42,11242.25,0
2024-10-08,2024-10-08 11:12:00,465.05,465.05,465.05,465.05,0.0,24.42,11242.25,0
2024-10-08,2024-10-08 11:13:00,465.05,465.06,465.05,465.06,0.0,24.42,11242.25,1
2024-10-08,2024-10-08 11:14:00,465.06,465.06,465.06,465.06,0.0,24.42,11242.25,0
2024-10-08,2024-10-08 11:15:00,465.06,465.07,465.06,465.07,0.0,24.42,11242.25,1
2024-10-08,2024-10-08 11:16:00,465.07,465.07,465.07,465.07,0.0,24.42,11242.25,0
2024-10-08,2024-10-08 11:17:00,465.07,465.07,465.07,465.07,0.0,24.42,11242.25,0
2024-10-08,2024-10-08 11:18:00,465.07,465.08,465.07,465.08,0.0,24.42,11242.25,1
2024-10-08,2024-10-08 11:19:00,465.08,465.08,465.08,465.08,0.0,24.42,11242.25,0
2024-10-08,2024-10-08 11:20:00,465.08,465.09,465.08,465.09,0.0,24.42,11242.25,1
2024-10-08,2024-10-08 11:21:00,465.09,465.09,465.09,465.09,0.0,24.42,11242.25,0
2024-10-08,2024-10-08 11:22:00,465.09,465.1,465.09,465.1,0.0,24.42,11242.25,1
2024-10-08,2024-10-08 11:23:00,465.1,465.1,465.1,465.1,0.0,24.42,11242.25,0
2024-10-08,2024-10-08 11:24:00,465.1,465.1,465.1,465.1,0.0,24.42,11242.25,0
2024-10-08,2024-10-08 11:25:00,465.1,465.11,465.1,465.11,0.0,24.42,11242.25,1
2024-10-08,2024-10-08 11:26:00,465.11,465.11,465.11,465.11,0.0,24.42,11242.25,0
2024-10-08,2024-10-08 11:27:00,465.11,465.12,465.11,465.12,0.0,24.42,11242.25,1
2024-10-08,2024-10-08 11:28:00,465.12,465.12,465.12,465.12,0.0,24.42,11242.25,0
2024-10-08,2024-10-08 11:29:00,465.12,465.12,465.12,465.12,0.0,24.42,11242.25,0
2024-10-08,2024-10-08 11:30:00,465.12,465.13,465.12,465.13,0.0,24.42,11242.25,1
2024-10-08,2024-10-08 11:31:00,465.13,465.13,465.13,465.13,0.0,24.42,11242.25,0
2024-10-08,2024-10-08 11:32:00,465.13,465.14,465.13,465.14,0.0,24.42,11242.25,1
2024-10-08,2024-10-08 11:33:00,465.14,465.14,465.14,465.14,0.0,24.42,11242.25,0
2024-10-08,2024-10-08 11:34:00,465.14,465.15,465.14,465.15,0.0,24.42,11242.25,1
2024-10-08,2024-10-08 11:35:00,465.15,465.15,465.15,465.15,0.0,24.42,11242.25,0
2024-10-08,2024-10-08 11:36:00,465.15,465.15,465.15,465.15,0.0,24.42,11242.25,0
2024-10-08,2024-10-08 11:37:00,465.15,465.16,465.15,465.16,0.0,24.42,11242.25,1
2024-10-08,2024-10-08 11:38:00,465.16,465.16,465.16,465.16,0.0,24.42,11242.25,0
2024-10-08,2024-10-08 11:39:00,465.16,465.17,465.16,465.17,0.0,24.42,11242.25,1
2024-10-08,2024-10-08 11:40:00,465.17,465.17,465.17,465.17,0.0,24.42,11242.25,0
2024-10-08,2024-10-08 11:41:00,465.17,465.18,465.17,465.18,0.0,24.42,11242.25,1
2024-10-08,2024-10-08 11:42:00,465.18,465.18,465.18,465.18,0.0,24.42,11242.25,0
2024-10-08,2024-10-08 11:43:00,465.18,465.18,465.18,465.18,0.0,24.42,11242.25,0
2024-10-08,2024-10-08 11:44:00,465.18,465.19,465.18,465.19,0.0,24.42,11242.25,1
2024-10-08,2024-10-08 11:45:00,465.19,465.19,465.19,465.19,0.0,24.42,11242.25,0
2024-10-08,2024-10-08 11:46:00,465.19,465.2,465.19,465.2,0.0,24.42,11242.25,1
2024-10-08,2024-10-08 11:47:00,465.2,465.2,465.2,465.2,0.0,24.42,11242.25,0
2024-10-08,2024-10-08 11:48:00,465.2,465.2,465.2,465.2,0.0,24.42,11242.25,0
2024-10-08,2024-10-08 11:49:00,465.2,465.21,465.2,465.21,0.0,24.42,11242.25,1
2024-10-08,2024-10-08 11:50:00,465.21,465.21,465.21,465.21,0.0,24.42,11242.25,0
2024-10-08,2024-10-08 11:51:00,465.21,465.22,465.21,465.22,0.0,24.42,11242.25,1
2024-10-08,2024-10-08 11:52:00,465.22,465.22,465.22,465.22,0.0,24.42,11242.25,0
2024-10-08,2024-10-08 11:53:00,465.22,465.23,465.22,465.23,0.0,24.42,11242.25,1
2024-10-08,2024-10-08 11:54:00,465.23,465.23,465.23,465.23,0.0,24.42,11242.25,0
2024-10-08,2024-10-08 11:55:00,465.23,465.23,465.23,465.23,0.0,24.42,11242.25,0
2024-10-08,2024-10-08 11:56:00,465.23,465.24,465.23,465.24,0.0,24.42,11242.25,1
2024-10-08,2024-10-08 11:57:00,465.24,465.24,465.24,465.24,0.0,24.42,11242.25,0
2024-10-08,2024-10-08 11:58:00,465.24,465.25,465.24,465.25,0.0,24.42,11242.25,1
2024-10-08,2024-10-08 11:59:00,465.25,465.25,465.25,465.25,0.0,24.42,11242.25,0
2024-10-08,2024-10-08 12:00:00,465.25,465.25,465.25,465.25,0.0,24.42,11242.25,0
2024-10-08,2024-10-08 12:01:00,465.25,465.26,465.25,465.26,0.0,24.42,11242.25,1
2024-10-08,2024-10-08 12:02:00,465.26,465.26,465.26,465.26,0.0,24.42,11242.25,0
2024-10-08,2024-10-08 12:03:00,465.26,465.27,465.26,465.27,0.0,24.42,11242.25,1
2024-10-08,2024-10-08 12:04:00,465.27,465.27,465.27,465.27,0.0,24.42,11242.25,0
2024-10-08,2024-10-08 12:05:00,465.27,465.27,465.27,465.27,0.0,24.42,11242.25,0
2024-10-08,2024-10-08 12:06:00,465.27,465.28,465.27,465.28,0.0,24.42,11242.25,1
2024-10-08,2024-10-08 12:07:00,465.28,465.28,465.28,465.28,0.0,24.42,11242.25,0
2024-10-08,2024-10-08 12:08:00,465.28,465.29,465.28,465.29,0.0,24.42,11242.25,1
2024-10-08,2024-10-08 12:09:00,465.29,465.29,465.29,465.29,0.0,24.42,11242.25,0
2024-10-08,2024-10-08 12:10:00,465.29,465.3,465.29,465.3,0.0,24.42,11242.25,1
2024-10-08,2024-10-08 12:11:00,465.3,465.3,465.3,465.3,0.0,24.42,11242.25,0
2024-10-08,2024-10-08 12:12:00,465.3,465.3,465.3,465.3,0.0,24.42,11242.25,0
2024-10-08,2024-10-08 12:13:00,465.3,465.31,465.3,465.31,0.0,24.42,11242.25,1
2024-10-08,2024-10-08 12:14:00,465.31,465.31,465.31,465.31,0.0,24.42,11242.25,0
2024-10-08,2024-10-08 12:15:00,465.31,465.32,465.31,465.32,0.0,24.42,11242.25,1
2024-10-08,2024-10-08 12:16:00,465.32,465.32,465.32,465.32,0.0,24.42,11242.25,0
2024-10-08,2024-10-08 12:17:00,465.32,465.32,465.32,465.32,0.0,24.42,11242.25,0
2024-10-08,2024-10-08 12:18:00,465.32,465.33,465.32,465.33,0.0,24.42,11242.25,1
2024-10-08,2024-10-08 12:19:00,465.33,465.33,465.33,465.33,0.0,24.42,11242.25,0
2024-10-08,2024-10-08 12:20:00,465.33,465.34,465.33,465.34,0.0,24.42,11242.25,1
2024-10-08,2024-10-08 12:21:00,465.34,465.34,465.34,465.34,0.0,24.42,11242.25,0
2024-10-08,2024-10-08 12:22:00,465.34,465.35,465.34,465.35,0.0,24.42,11242.25,1
2024-10-08,2024-10-08 12:23:00,465.35,465.35,465.35,465.35,0.0,24.42,11242.25,0
2024-10-08,2024-10-08 12:24:00,465.35,465.35,465.35,465.35,0.0,24.42,11242.25,0
2024-10-08,2024-10-08 12:25:00,465.35,465.36,465.35,465.36,0.0,24.42,11242.25,1
2024-10-08,2024-10-08 12:26:00,465.36,465.36,465.36,465.36,0.0,24.42,11242.25,0
2024-10-08,2024-10-08 12:27:00,465.36,465.37,465.36,465.37,0.0,24.42,11242.25,1
2024-10-08,2024-10-08 12:28:00,465.37,465.37,465.37,465.37,0.0,24.42,11242.25,0
2024-10-08,2024-10-08 12:29:00,465.37,465.38,465.37,465.38,0.0,24.42,11242.25,1
2024-10-08,2024-10-08 12:30:00,465.38,465.38,465.38,465.38,0.0,24.42,11242.25,0
2024-10-08,2024-10-08 12:31:00,465.38,465.38,465.38,465.38,0.0,24.42,11242.25,0
2024-10-08,2024-10-08 12:32:00,465.38,465.39,465.38,465.39,0.0,24.42,11242.25,1
2024-10-08,2024-10-08 12:33:00,465.39,465.39,465.39,465.39,0.0,24.42,11242.25,0
2024-10-08,2024-10-08 12:34:00,465.39,465.4,465.39,465.4,0.0,24.42,11242.25,1
2024-10-08,2024-10-08 12:35:00,465.4,465.4,465.4,465.4,0.0,24.42,11242.25,0
2024-10-08,2024-10-08 12:36:00,465.4,465.4,465.4,465.4,0.0,24.42,11242.25,0
2024-10-08,2024-10-08 12:37:00,465.4,465.41,465.4,465.41,0.0,24.42,11242.25,1
2024-10-08,2024-10-08 12:38:00,465.41,465.41,465.41,465.41,0.0,24.42,11242.25,0
2024-10-08,2024-10-08 12:39:00,465.41,465.42,465.41,465.42,0.0,24.42,11242.25,1
2024-10-08,2024-10-08 12:40:00,465.42,465.42,465.42,465.42,0.0,24.42,11242.25,0
2024-10-08,2024-10-08 12:41:00,465.42,465.43,465.42,465.43,0.0,24.42,11242.25,1
2024-10-08,2024-10-08 12:42:00,465.43,465.43,465.43,465.43,0.0,24.42,11242.25,0
2024-10-08,2024-10-08 12:43:00,465.43,465.43,465.43,465.43,0.0,24.42,11242.25,0
2024-10-08,2024-10-08 12:44:00,465.43,465.44,465.43,465.44,0.0,24.42,11242.25,1
2024-10-08,2024-10-08 12:45:00,465.44,465.44,465.44,465.44,0.0,24.42,11242.25,0
2024-10-08,2024-10-08 12:46:00,465.44,465.45,465.44,465.45,0.0,24.42,11242.25,1
2024-10-08,2024-10-08 12:47:00,465.45,465.45,465.45,465.45,0.0,24.42,11242.25,0
2024-10-08,2024-10-08 12:48:00,465.45,465.45,465.45,465.45,0.0,24.42,11242.25,0
2024-10-08,2024-10-08 12:49:00,465.45,465.46,465.45,465.46,0.0,24.42,11242.25,1
2024-10-08,2024-10-08 12:50:00,465.46,465.46,465.46,465.46,0.0,24.42,11242.25,0
2024-10-08,2024-10-08 12:51:00,465.46,465.47,465.46,465.47,0.0,24.42,11242.25,1
2024-10-08,2024-10-08 12:52:00,465.47,465.47,465.47,465.47,0.0,24.42,11242.25,0
2024-10-08,2024-10-08 12:53:00,465.47,465.48,465.47,465.48,0.0,24.42,11242.25,1
2024-10-08,2024-10-08 12:54:00,465.48,465.48,465.48,465.48,0.0,24.42,11242.25,0
2024-10-08,2024-10-08 12:55:00,465.48,465.48,465.48,465.48,0.0,24.42,11242.25,0
2024-10-08,2024-10-08 12:56:00,465.48,465.49,465.48,465.49,0.0,24.42,11242.25,1
2024-10-08,2024-10-08 12:57:00,465.49,465.49,465.49,465.49,0.0,24.42,11242.25,0
2024-10-08,2024-10-08 12:58:00,465.49,465.5,465.49,465.5,0.0,24.42,11242.25,1
2024-10-08,2024-10-08 12:59:00,465.5,465.5,465.5,465.5,0.0,24.42,11242.25,0
2024-10-08,2024-10-08 13:00:00,465.5,470.0,453.8,465.5,0.0,24.42,11242.25,0
2024-10-08,2024-10-08 13:01:00,465.5,465.51,465.5,465.51,0.0,24.42,11242.25,1
2024-10-08,2024-10-08 13:02:00,465.51,465.51,465.51,465.51,0.0,24.42,11242.25,0
2024-10-08,2024-10-08 13:03:00,465.51,465.52,465.51,465.52,0.0,24.42,11242.25,1
2024-10-08,2024-10-08 13:04:00,465.52,465.52,465.52,465.52,0.0,24.42,11242.25,0
2024-10-08,2024-10-08 13:05:00,465.52,465.52,465.52,465.52,0.0,24.42,11242.25,0
2024-10-08,2024-10-08 13:06:00,465.52,465.53,465.52,465.53,0.0,24.42,11242.25,1
2024-10-08,2024-10-08 13:07:00,465.53,465.53,465.53,465.53,0.0,24.42,11242.25,0
2024-10-08,2024-10-08 13:08:00,465.53,465.54,465.53,465.54,0.0,24.42,11242.25,1
2024-10-08,2024-10-08 13:09:00,465.54,465.54,465.54,465.54,0.0,24.42,11242.25,0
2024-10-08,2024-10-08 13:10:00,465.54,465.55,465.54,465.55,0.0,24.42,11242.25,1
2024-10-08,2024-10-08 13:11:00,465.55,465.55,465.55,465.55,0.0,24.42,11242.25,0
2024-10-08,2024-10-08 13:12:00,465.55,465.55,465.55,465.55,0.0,24.42,11242.25,0
2024-10-08,2024-10-08 13:13:00,465.55,465.56,465.55,465.56,0.0,24.42,11242.25,1
2024-10-08,2024-10-08 13:14:00,465.56,465.56,465.56,465.56,0.0,24.42,11242.25,0
2024-10-08,2024-10-08 13:15:00,465.56,465.57,465.56,465.57,0.0,24.42,11242.25,1
2024-10-08,2024-10-08 13:16:00,465.57,465.57,465.57,465.57,0.0,24.42,11242.25,0
2024-10-08,2024-10-08 13:17:00,465.57,465.57,465.57,465.57,0.0,24.42,11242.25,0
2024-10-08,2024-10-08 13:18:00,465.57,465.58,465.57,465.58,0.0,24.42,11242.25,1
2024-10-08,2024-10-08 13:19:00,465.58,465.58,465.58,465.58,0.0,24.42,11242.25,0
2024-10-08,2024-10-08 13:20:00,465.58,465.59,465.58,465.59,0.0,24.42,11242.25,1
2024-10-08,2024-10-08 13:21:00,465.59,465.59,465.59,465.59,0.0,24.42,11242.25,0
2024-10-08,2024-10-08 13:22:00,465.59,465.6,465.59,465.6,0.0,24.42,11242.25,1
2024-10-08,2024-10-08 13:23:00,465.6,465.6,465.6,465.6,0.0,24.42,11242.25,0
2024-10-08,2024-10-08 13:24:00,465.6,465.6,465.6,465.6,0.0,24.42,11242.25,0
2024-10-08,2024-10-08 13:25:00,465.6,465.61,465.6,465.61,0.0,24.42,11242.25,1
2024-10-08,2024-10-08 13:26:00,465.61,465.61,465.61,465.61,0.0,24.42,11242.25,0
2024-10-08,2024-10-08 13:27:00,465.61,465.62,465.61,465.62,0.0,24.42,11242.25,1
2024-10-08,2024-10-08 13:28:00,465.62,465.62,465.62,465.62,0.0,24.42,11242.25,0
2024-10-08,2024-10-08 13:29:00,465.62,465.62,465.62,465.62,0.0,24.42,11242.25,0
2024-10-08,2024-10-08 13:30:00,465.62,465.63,465.62,465.63,0.0,24.42,11242.25,1
2024-10-08,2024-10-08 13:31:00,465.63,465.63,465.63,465.63,0.0,24.42,11242.25,0
2024-10-08,2024-10-08 13:32:00,465.63,465.64,465.63,465.64,0.0,24.42,11242.25,1
2024-10-08,2024-10-08 13:33:00,465.64,465.64,465.64,465.64,0.0,24.42,11242.25,0
2024-10-08,2024-10-08 13:34:00,465.64,465.65,465.64,465.65,0.0,24.42,11242.25,1
2024-10-08,2024-10-08 13:35:00,465.65,465.65,465.65,465.65,0.0,24.42,11242.25,0
2024-10-08,2024-10-08 13:36:00,465.65,465.65,465.65,465.65,0.0,24.42,11242.25,0
2024-10-08,2024-10-08 13:37:00,465.65,465.66,465.65,465.66,0.0,24.42,11242.25,1
2024-10-08,2024-10-08 13:38:00,465.66,465.66,465.66,465.66,0.0,24.42,11242.25,0
2024-10-08,2024-10-08 13:39:00,465.66,465.67,465.66,465.67,0.0,24.42,11242.25,1
2024-10-08,2024-10-08 13:40:00,465.67,465.67,465.67,465.67,0.0,24.42,11242.25,0
2024-10-08,2024-10-08 13:41:00,465.67,465.68,465.67,465.68,0.0,24.42,11242.25,1
2024-10-08,2024-10-08 13:42:00,465.68,465.68,465.68,465.68,0.0,24.42,11242.25,0
2024-10-08,2024-10-08 13:43:00,465.68,465.68,465.68,465.68,0.0,24.42,11242.25,0
2024-10-08,2024-10-08 13:44:00,465.68,465.69,465.68,465.69,0.0,24.42,11242.25,1
2024-10-08,2024-10-08 13:45:00,465.69,465.69,465.69,465.69,0.0,24.42,11242.25,0
2024-10-08,2024-10-08 13:46:00,465.69,465.7,465.69,465.7,0.0,24.42,11242.25,1
2024-10-08,2024-10-08 13:47:00,465.7,465.7,465.7,465.7,0.0,24.42,11242.25,0
2024-10-08,2024-10-08 13:48:00,465.7,465.7,465.7,465.7,0.0,24.42,11242.25,0
2024-10-08,2024-10-08 13:49:00,465.7,465.71,465.7,465.71,0.0,24.42,11242.25,1
2024-10-08,2024-10-08 13:50:00,465.71,465.71,465.71,465.71,0.0,24.42,11242.25,0
2024-10-08,2024-10-08 13:51:00,465.71,465.72,465.71,465.72,0.0,24.42,11242.25,1
2024-10-08,2024-10-08 13:52:00,465.72,465.72,465.72,465.72,0.0,24.42,11242.25,0
2024-10-08,2024-10-08 13:53:00,465.72,465.73,465.72,465.73,0.0,24.42,11242.25,1
2024-10-08,2024-10-08 13:54:00,465.73,465.73,465.73,465.73,0.0,24.42,11242.25,0
2024-10-08,2024-10-08 13:55:00,465.73,465.73,465.73,465.73,0.0,24.42,11242.25,0
2024-10-08,2024-10-08 13:56:00,465.73,465.74,465.73,465.74,0.0,24.42,11242.25,1
2024-10-08,2024-10-08 13:57:00,465.74,465.74,465.74,465.74,0.0,24.42,11242.25,0
2024-10-08,2024-10-08 13:58:00,465.74,465.75,465.74,465.75,0.0,24.42,11242.25,1
2024-10-08,2024-10-08 13:59:00,465.75,465.75,465.75,465.75,0.0,24.42,11242.25,0
2024-10-08,2024-10-08 14:00:00,465.75,465.75,465.75,465.75,0.0,24.42,11242.25,0
2024-10-08,2024-10-08 14:01:00,465.75,465.76,465.75,465.76,0.0,24.42,11242.25,1
2024-10-08,2024-10-08 14:02:00,465.76,465.76,465.76,465.76,0.0,24.42,11242.25,0
2024-10-08,2024-10-08 14:03:00,465.76,465.77,465.76,465.77,0.0,24.42,11242.25,1
2024-10-08,2024-10-08 14:04:00,465.77,465.77,465.77,465.77,0.0,24.42,11242.25,0
2024-10-08,2024-10-08 14:05:00,465.77,465.77,465.77,465.77,0.0,24.42,11242.25,0
2024-10-08,2024-10-08 14:06:00,465.77,465.78,465.77,465.78,0.0,24.42,11242.25,1
2024-10-08,2024-10-08 14:07:00,465.78,465.78,465.78,465.78,0.0,24.42,11242.25,0
2024-10-08,2024-10-08 14:08:00,465.78,465.79,465.78,465.79,0.0,24.42,11242.25,1
2024-10-08,2024-10-08 14:09:00,465.79,465.79,465.79,465.79,0.0,24.42,11242.25,0
2024-10-08,2024-10-08 14:10:00,465.79,465.8,465.79,465.8,0.0,24.42,11242.25,1
2024-10-08,2024-10-08 14:11:00,465.8,465.8,465.8,465.8,0.0,24.42,11242.25,0
2024-10-08,2024-10-08 14:12:00,465.8,465.8,465.8,465.8,0.0,24.42,11242.25,0
2024-10-08,2024-10-08 14:13:00,465.8,465.81,465.8,465.81,0.0,24.42,11242.25,1
2024-10-08,2024-10-08 14:14:00,465.81,465.81,465.81,465.81,0.0,24.42,11242.25,0
2024-10-08,2024-10-08 14:15:00,465.81,465.82,465.81,465.82,0.0,24.42,11242.25,1
2024-10-08,2024-10-08 14:16:00,465.82,465.82,465.82,465.82,0.0,24.42,11242.25,0
2024-10-08,2024-10-08 14:17:00,465.82,465.82,465.82,465.82,0.0,24.42,11242.25,0
2024-10-08,2024-10-08 14:18:00,465.82,465.83,465.82,465.83,0.0,24.42,11242.25,1
2024-10-08,2024-10-08 14:19:00,465.83,465.83,465.83,465.83,0.0,24.42,11242.25,0
2024-10-08,2024-10-08 14:20:00,465.83,465.84,465.83,465.84,0.0,24.42,11242.25,1
2024-10-08,2024-10-08 14:21:00,465.84,465.84,465.84,465.84,0.0,24.42,11242.25,0
2024-10-08,2024-10-08 14:22:00,465.84,465.85,465.84,465.85,0.0,24.42,11242.25,1
2024-10-08,2024-10-08 14:23:00,465.85,465.85,465.85,465.85,0.0,24.42,11242.25,0
2024-10-08,2024-10-08 14:24:00,465.85,465.85,465.85,465.85,0.0,24.42,11242.25,0
2024-10-08,2024-10-08 14:25:00,465.85,465.86,465.85,465.86,0.0,24.42,11242.25,1
2024-10-08,2024-10-08 14:26:00,465.86,465.86,465.86,465.86,0.0,24.42,11242.25,0
2024-10-08,2024-10-08 14:27:00,465.86,465.87,465.86,465.87,0.0,24.42,11242.25,1
2024-10-08,2024-10-08 14:28:00,465.87,465.87,465.87,465.87,0.0,24.42,11242.25,0
2024-10-08,2024-10-08 14:29:00,465.87,465.88,465.87,465.88,0.0,24.42,11242.25,1
2024-10-08,2024-10-08 14:30:00,465.88,465.88,465.88,465.88,0.0,24.42,11242.25,0
2024-10-08,2024-10-08 14:31:00,465.88,465.88,465.88,465.88,0.0,24.42,11242.25,0
2024-10-08,2024-10-08 14:32:00,465.88,465.89,465.88,465.89,0.0,24.42,11242.25,1
2024-10-08,2024-10-08 14:33:00,465.89,465.89,465.89,465.89,0.0,24.42,11242.25,0
2024-10-08,2024-10-08 14:34:00,465.89,465.9,465.89,465.9,0.0,24.42,11242.25,1
2024-10-08,2024-10-08 14:35:00,465.9,465.9,465.9,465.9,0.0,24.42,11242.25,0
2024-10-08,2024-10-08 14:36:00,465.9,465.9,465.9,465.9,0.0,24.42,11242.25,0
2024-10-08,2024-10-08 14:37:00,465.9,465.91,465.9,465.91,0.0,24.42,11242.25,1
2024-10-08,2024-10-08 14:38:00,465.91,465.91,465.91,465.91,0.0,24.42,11242.25,0
2024-10-08,2024-10-08 14:39:00,465.91,465.92,465.91,465.92,0.0,24.42,11242.25,1
2024-10-08,2024-10-08 14:40:00,465.92,465.92,465.92,465.92,0.0,24.42,11242.25,0
2024-10-08,2024-10-08 14:41:00,465.92,465.93,465.92,465.93,0.0,24.42,11242.25,1
2024-10-08,2024-10-08 14:42:00,465.93,465.93,465.93,465.93,0.0,24.42,11242.25,0
2024-10-08,2024-10-08 14:43:00,465.93,465.93,465.93,465.93,0.0,24.42,11242.25,0
2024-10-08,2024-10-08 14:44:00,465.93,465.94,465.93,465.94,0.0,24.42,11242.25,1
2024-10-08,2024-10-08 14:45:00,465.94,465.94,465.94,465.94,0.0,24.42,11242.25,0
2024-10-08,2024-10-08 14:46:00,465.94,465.95,465.94,465.95,0.0,24.42,11242.25,1
2024-10-08,2024-10-08 14:47:00,465.95,465.95,465.95,465.95,0.0,24.42,11242.25,0
2024-10-08,2024-10-08 14:48:00,465.95,465.95,465.95,465.95,0.0,24.42,11242.25,0
2024-10-08,2024-10-08 14:49:00,465.95,465.96,465.95,465.96,0.0,24.42,11242.25,1
2024-10-08,2024-10-08 14:50:00,465.96,465.96,465.96,465.96,0.0,24.42,11242.25,0
2024-10-08,2024-10-08 14:51:00,465.96,465.97,465.96,465.97,0.0,24.42,11242.25,1
2024-10-08,2024-10-08 14:52:00,465.97,465.97,465.97,465.97,0.0,24.42,11242.25,0
2024-10-08,2024-10-08 14:53:00,465.97,465.98,465.97,465.98,0.0,24.42,11242.25,1
2024-10-08,2024-10-08 14:54:00,465.98,465.98,465.98,465.98,0.0,24.42,11242.25,0
2024-10-08,2024-10-08 14:55:00,465.98,465.98,465.98,465.98,0.0,24.42,11242.25,0
2024-10-08,2024-10-08 14:56:00,465.98,465.99,465.98,465.99,0.0,24.42,11242.25,1
2024-10-08,2024-10-08 14:57:00,465.99,465.99,465.99,465.99,0.0,24.42,11242.25,0
2024-10-08,2024-10-08 14:58:00,465.99,466.0,465.99,466.0,0.0,24.42,11242.25,1
2024-10-08,2024-10-08 14:59:00,466.0,466.0,466.0,466.0,0.0,24.42,11242.25,0
2024-10-08,2024-10-08 15:00:00,466.0,470.0,453.8,466.0,0.0,24.42,11242.25,0
2024-10-09,2024-10-09 11:00:00,457.0,462.19,454.3,457.05,0.01,10.39,4824.92,1
2024-10-09,2024-10-09 11:01:00,457.05,457.11,457.05,457.11,0.01,10.39,4824.92,1
2024-10-09,2024-10-09 11:02:00,457.11,457.16,457.11,457.16,0.01,10.39,4824.92,1
2024-10-09,2024-10-09 11:03:00,457.16,457.22,457.16,457.22,0.01,10.39,4824.92,1
2024-10-09,2024-10-09 11:04:00,457.22,457.27,457.22,457.27,0.01,10.39,4824.92,1
2024-10-09,2024-10-09 11:05:00,457.27,457.32,457.27,457.32,0.01,10.39,4824.92,1
2024-10-09,2024-10-09 11:06:00,457.32,457.38,457.32,457.38,0.01,10.39,4824.92,1
2024-10-09,2024-10-09 11:07:00,457.38,457.43,457.38,457.43,0.01,10.39,4824.92,1
2024-10-09,2024-10-09 11:08:00,457.43,457.49,457.43,457.49,0.01,10.39,4824.92,1
2024-10-09,2024-10-09 11:09:00,457.49,457.54,457.49,457.54,0.01,10.39,4824.92,1
2024-10-09,2024-10-09 11:10:00,457.54,457.6,457.54,457.6,0.01,10.39,4824.92,1
2024-10-09,2024-10-09 11:11:00,457.6,457.65,457.6,457.65,0.01,10.39,4824.92,1
2024-10-09,2024-10-09 11:12:00,457.65,457.7,457.65,457.7,0.01,10.39,4824.92,1
2024-10-09,2024-10-09 11:13:00,457.7,457.76,457.7,457.76,0.01,10.39,4824.92,1
2024-10-09,2024-10-09 11:14:00,457.76,457.81,457.76,457.81,0.01,10.39,4824.92,1
2024-10-09,2024-10-09 11:15:00,457.81,457.87,457.81,457.87,0.01,10.39,4824.92,1
2024-10-09,2024-10-09 11:16:00,457.87,457.92,457.87,457.92,0.01,10.39,4824.92,1
2024-10-09,2024-10-09 11:17:00,457.92,457.98,457.92,457.98,0.01,10.39,4824.92,1
2024-10-09,2024-10-09 11:18:00,457.98,458.03,457.98,458.03,0.01,10.39,4824.92,1
2024-10-09,2024-10-09 11:19:00,458.03,458.08,458.03,458.08,0.01,10.39,4824.92,1
2024-10-09,2024-10-09 11:20:00,458.08,458.14,458.08,458.14,0.01,10.39,4824.92,1
2024-10-09,2024-10-09 11:21:00,458.14,458.19,458.14,458.19,0.01,10.39,4824.92,1
2024-10-09,2024-10-09 11:22:00,458.19,458.25,458.19,458.25,0.01,10.39,4824.92,1
2024-10-09,2024-10-09 11:23:00,458.25,458.3,458.25,458.3,0.01,10.39,4824.92,1
2024-10-09,2024-10-09 11:24:00,458.3,458.35,458.3,458.35,0.01,10.39,4824.92,1
2024-10-09,2024-10-09 11:25:00,458.35,458.41,458.35,458.41,0.01,10.39,4824.92,1
2024-10-09,2024-10-09 11:26:00,458.41,458.46,458.41,458.46,0.01,10.39,4824.92,1
2024-10-09,2024-10-09 11:27:00,458.46,458.52,458.46,458.52,0.01,10.39,4824.92,1
2024-10-09,2024-10-09 11:28:00,458.52,458.57,458.52,458.57,0.01,10.39,4824.92,1
2024-10-09,2024-10-09 11:29:00,458.57,458.62,458.57,458.62,0.01,10.39,4824.92,1
2024-10-09,2024-10-09 11:30:00,458.62,458.68,458.62,458.68,0.01,10.39,4824.92,1
2024-10-09,2024-10-09 11:31:00,458.68,458.73,458.68,458.73,0.01,10.39,4824.92,1
2024-10-09,2024-10-09 11:32:00,458.73,458.79,458.73,458.79,0.01,10.39,4824.92,1
2024-10-09,2024-10-09 11:33:00,458.79,458.84,458.79,458.84,0.01,10.39,4824.92,1
2024-10-09,2024-10-09 11:34:00,458.84,458.9,458.84,458.9,0.01,10.39,4824.92,1
2024-10-09,2024-10-09 11:35:00,458.9,458.95,458.9,458.95,0.01,10.39,4824.92,1
2024-10-09,2024-10-09 11:36:00,458.95,459.0,458.95,459.0,0.01,10.39,4824.92,1
2024-10-09,2024-10-09 11:37:00,459.0,459.06,459.0,459.06,0.01,10.39,4824.92,1
2024-10-09,2024-10-09 11:38:00,459.06,459.11,459.06,459.11,0.01,10.39,4824.92,1
2024-10-09,2024-10-09 11:39:00,459.11,459.17,459.11,459.17,0.01,10.39,4824.92,1
2024-10-09,2024-10-09 11:40:00,459.17,459.22,459.17,459.22,0.01,10.39,4824.92,1
2024-10-09,2024-10-09 11:41:00,459.22,459.27,459.22,459.27,0.01,10.39,4824.92,1
2024-10-09,2024-10-09 11:42:00,459.27,459.33,459.27,459.33,0.01,10.39,4824.92,1
2024-10-09,2024-10-09 11:43:00,459.33,459.38,459.33,459.38,0.01,10.39,4824.92,1
2024-10-09,2024-10-09 11:44:00,459.38,459.44,459.38,459.44,0.01,10.39,4824.92,1
2024-10-09,2024-10-09 11:45:00,459.44,459.49,459.44,459.49,0.01,10.39,4824.92,1
2024-10-09,2024-10-09 11:46:00,459.49,459.55,459.49,459.55,0.01,10.39,4824.92,1
2024-10-09,2024-10-09 11:47:00,459.55,459.6,459.55,459.6,0.01,10.39,4824.92,1
2024-10-09,2024-10-09 11:48:00,459.6,459.65,459.6,459.65,0.01,10.39,4824.92,1
2024-10-09,2024-10-09 11:49:00,459.65,459.71,459.65,459.71,0.01,10.39,4824.92,1
2024-10-09,2024-10-09 11:50:00,459.71,459.76,459.71,459.76,0.01,10.39,4824.92,1
2024-10-09,2024-10-09 11:51:00,459.76,459.82,459.76,459.82,0.01,10.39,4824.92,1
2024-10-09,2024-10-09 11:52:00,459.82,459.87,459.82,459.87,0.01,10.39,4824.92,1
2024-10-09,2024-10-09 11:53:00,459.87,459.93,459.87,459.93,0.01,10.39,4824.92,1
2024-10-09,2024-10-09 11:54:00,459.93,459.98,459.93,459.98,0.01,10.39,4824.92,1
2024-10-09,2024-10-09 11:55:00,459.98,460.03,459.98,460.03,0.01,10.39,4824.92,1
2024-10-09,2024-10-09 11:56:00,460.03,460.09,460.03,460.09,0.01,10.39,4824.92,1
2024-10-09,2024-10-09 11:57:00,460.09,460.14,460.09,460.14,0.01,10.39,4824.92,1
2024-10-09,2024-10-09 11:58:00,460.14,460.2,460.14,460.2,0.01,10.39,4824.92,1
2024-10-09,2024-10-09 11:59:00,460.2,460.25,460.2,460.25,0.01,10.39,4824.92,1
2024-10-09,2024-10-09 12:00:00,460.25,460.3,460.25,460.3,0.01,10.39,4824.92,1
2024-10-09,2024-10-09 12:01:00,460.3,460.36,460.3,460.36,0.01,10.39,4824.92,1
2024-10-09,2024-10-09 12:02:00,460.36,460.41,460.36,460.41,0.01,10.39,4824.92,1
2024-10-09,2024-10-09 12:03:00,460.41,460.47,460.41,460.47,0.01,10.39,4824.92,1
2024-10-09,2024-10-09 12:04:00,460.47,460.52,460.47,460.52,0.01,10.39,4824.92,1
2024-10-09,2024-10-09 12:05:00,460.52,460.57,460.52,460.57,0.01,10.39,4824.92,1
2024-10-09,2024-10-09 12:06:00,460.57,460.63,460.57,460.63,0.01,10.39,4824.92,1
2024-10-09,2024-10-09 12:07:00,460.63,460.68,460.63,460.68,0.01,10.39,4824.92,1
2024-10-09,2024-10-09 12:08:00,460.68,460.74,460.68,460.74,0.01,10.39,4824.92,1
2024-10-09,2024-10-09 12:09:00,460.74,460.79,460.74,460.79,0.01,10.39,4824.92,1
2024-10-09,2024-10-09 12:10:00,460.79,460.85,460.79,460.85,0.01,10.39,4824.92,1
2024-10-09,2024-10-09 12:11:00,460.85,460.9,460.85,460.9,0.01,10.39,4824.92,1
2024-10-09,2024-10-09 12:12:00,460.9,460.95,460.9,460.95,0.01,10.39,4824.92,1
2024-10-09,2024-10-09 12:13:00,460.95,461.01,460.95,461.01,0.01,10.39,4824.92,1
2024-10-09,2024-10-09 12:14:00,461.01,461.06,461.01,461.06,0.01,10.39,4824.92,1
2024-10-09,2024-10-09 12:15:00,461.06,461.12,461.06,461.12,0.01,10.39,4824.92,1
2024-10-09,2024-10-09 12:16:00,461.12,461.17,461.12,461.17,0.01,10.39,4824.92,1
2024-10-09,2024-10-09 12:17:00,461.17,461.23,461.17,461.23,0.01,10.39,4824.92,1
2024-10-09,2024-10-09 12:18:00,461.23,461.28,461.23,461.28,0.01,10.39,4824.92,1
2024-10-09,2024-10-09 12:19:00,461.28,461.33,461.28,461.33,0.01,10.39,4824.92,1
2024-10-09,2024-10-09 12:20:00,461.33,461.39,461.33,461.39,0.01,10.39,4824.92,1
2024-10-09,2024-10-09 12:21:00,461.39,461.44,461.39,461.44,0.01,10.39,4824.92,1
2024-10-09,2024-10-09 12:22:00,461.44,461.5,461.44,461.5,0.01,10.39,4824.92,1
2024-10-09,2024-10-09 12:23:00,461.5,461.55,461.5,461.55,0.01,10.39,4824.92,1
2024-10-09,2024-10-09 12:24:00,461.55,461.6,461.55,461.6,0.01,10.39,4824.92,1
2024-10-09,2024-10-09 12:25:00,461.6,461.66,461.6,461.66,0.01,10.39,4824.92,1
2024-10-09,2024-10-09 12:26:00,461.66,461.71,461.66,461.71,0.01,10.39,4824.92,1
2024-10-09,2024-10-09 12:27:00,461.71,461.77,461.71,461.77,0.01,10.39,4824.92,1
2024-10-09,2024-10-09 12:28:00,461.77,461.82,461.77,461.82,0.01,10.39,4824.92,1
2024-10-09,2024-10-09 12:29:00,461.82,461.88,461.82,461.88,0.01,10.39,4824.92,1
2024-10-09,2024-10-09 12:30:00,461.88,461.93,461.88,461.93,0.01,10.39,4824.92,1
2024-10-09,2024-10-09 12:31:00,461.93,461.98,461.93,461.98,0.01,10.39,4824.92,1
2024-10-09,2024-10-09 12:32:00,461.98,462.04,461.98,462.04,0.01,10.39,4824.92,1
2024-10-09,2024-10-09 12:33:00,462.04,462.09,462.04,462.09,0.01,10.39,4824.92,1
2024-10-09,2024-10-09 12:34:00,462.09,462.15,462.09,462.15,0.01,10.39,4824.92,1
2024-10-09,2024-10-09 12:35:00,462.15,462.2,462.15,462.2,0.01,10.39,4824.92,1
2024-10-09,2024-10-09 12:36:00,462.2,462.25,462.2,462.25,0.01,10.39,4824.92,1
2024-10-09,2024-10-09 12:37:00,462.25,462.31,462.25,462.31,0.01,10.39,4824.92,1
2024-10-09,2024-10-09 12:38:00,462.31,462.36,462.31,462.36,0.01,10.39,4824.92,1
2024-10-09,2024-10-09 12:39:00,462.36,462.42,462.36,462.42,0.01,10.39,4824.92,1
2024-10-09,2024-10-09 12:40:00,462.42,462.47,462.42,462.47,0.01,10.39,4824.92,1
2024-10-09,2024-10-09 12:41:00,462.47,462.52,462.47,462.52,0.01,10.39,4824.92,1
2024-10-09,2024-10-09 12:42:00,462.52,462.58,462.52,462.58,0.01,10.39,4824.92,1
2024-10-09,2024-10-09 12:43:00,462.58,462.63,462.58,462.63,0.01,10.39,4824.92,1
2024-10-09,2024-10-09 12:44:00,462.63,462.69,462.63,462.69,0.01,10.39,4824.92,1
2024-10-09,2024-10-09 12:45:00,462.69,462.74,462.69,462.74,0.01,10.39,4824.92,1
2024-10-09,2024-10-09 12:46:00,462.74,462.8,462.74,462.8,0.01,10.39,4824.92,1
2024-10-09,2024-10-09 12:47:00,462.8,462.85,462.8,462.85,0.01,10.39,4824.92,1
2024-10-09,2024-10-09 12:48:00,462.85,462.9,462.85,462.9,0.01,10.39,4824.92,1
2024-10-09,2024-10-09 12:49:00,462.9,462.96,462.9,462.96,0.01,10.39,4824.92,1
2024-10-09,2024-10-09 12:50:00,462.96,463.01,462.96,463.01,0.01,10.39,4824.92,1
2024-10-09,2024-10-09 12:51:00,463.01,463.07,463.01,463.07,0.01,10.39,4824.92,1
2024-10-09,2024-10-09 12:52:00,463.07,463.12,463.07,463.12,0.01,10.39,4824.92,1
2024-10-09,2024-10-09 12:53:00,463.12,463.18,463.12,463.18,0.01,10.39,4824.92,1
2024-10-09,2024-10-09 12:54:00,463.18,463.23,463.18,463.23,0.01,10.39,4824.92,1
2024-10-09,2024-10-09 12:55:00,463.23,463.28,463.23,463.28,0.01,10.39,4824.92,1
2024-10-09,2024-10-09 12:56:00,463.28,463.34,463.28,463.34,0.01,10.39,4824.92,1
2024-10-09,2024-10-09 12:57:00,463.34,463.39,463.34,463.39,0.01,10.39,4824.92,1
2024-10-09,2024-10-09 12:58:00,463.39,463.45,463.39,463.45,0.01,10.39,4824.92,1
2024-10-09,2024-10-09 12:59:00,463.45,463.5,463.45,463.5,0.01,10.39,4824.92,1
2024-10-09,2024-10-09 13:00:00,463.5,474.3,448.0,463.55,0.01,10.39,4824.92,1
2024-10-09,2024-10-09 13:01:00,463.55,463.61,463.55,463.61,0.01,10.39,4824.92,1
2024-10-09,2024-10-09 13:02:00,463.61,463.66,463.61,463.66,0.01,10.39,4824.92,1
2024-10-09,2024-10-09 13:03:00,463.66,463.72,463.66,463.72,0.01,10.39,4824.92,1
2024-10-09,2024-10-09 13:04:00,463.72,463.77,463.72,463.77,0.01,10.39,4824.92,1
2024-10-09,2024-10-09 13:05:00,463.77,463.82,463.77,463.82,0.01,10.39,4824.92,1
2024-10-09,2024-10-09 13:06:00,463.82,463.88,463.82,463.88,0.01,10.39,4824.92,1
2024-10-09,2024-10-09 13:07:00,463.88,463.93,463.88,463.93,0.01,10.39,4824.92,1
2024-10-09,2024-10-09 13:08:00,463.93,463.99,463.93,463.99,0.01,10.39,4824.92,1
2024-10-09,2024-10-09 13:09:00,463.99,464.04,463.99,464.04,0.01,10.39,4824.92,1
2024-10-09,2024-10-09 13:10:00,464.04,464.1,464.04,464.1,0.01,10.39,4824.92,1
2024-10-09,2024-10-09 13:11:00,464.1,464.15,464.1,464.15,0.01,10.39,4824.92,1
2024-10-09,2024-10-09 13:12:00,464.15,464.2,464.15,464.2,0.01,10.39,4824.92,1
2024-10-09,2024-10-09 13:13:00,464.2,464.26,464.2,464.26,0.01,10.39,4824.92,1
2024-10-09,2024-10-09 13:14:00,464.26,464.31,464.26,464.31,0.01,10.39,4824.92,1
2024-10-09,2024-10-09 13:15:00,464.31,464.37,464.31,464.37,0.01,10.39,4824.92,1
2024-10-09,2024-10-09 13:16:00,464.37,464.42,464.37,464.42,0.01,10.39,4824.92,1
2024-10-09,2024-10-09 13:17:00,464.42,464.48,464.42,464.48,0.01,10.39,4824.92,1
2024-10-09,2024-10-09 13:18:00,464.48,464.53,464.48,464.53,0.01,10.39,4824.92,1
2024-10-09,2024-10-09 13:19:00,464.53,464.58,464.53,464.58,0.01,10.39,4824.92,1
2024-10-09,2024-10-09 13:20:00,464.58,464.64,464.58,464.64,0.01,10.39,4824.92,1
2024-10-09,2024-10-09 13:21:00,464.64,464.69,464.64,464.69,0.01,10.39,4824.92,1
2024-10-09,2024-10-09 13:22:00,464.69,464.75,464.69,464.75,0.01,10.39,4824.92,1
2024-10-09,2024-10-09 13:23:00,464.75,464.8,464.75,464.8,0.01,10.39,4824.92,1
2024-10-09,2024-10-09 13:24:00,464.8,464.85,464.8,464.85,0.01,10.39,4824.92,1
2024-10-09,2024-10-09 13:25:00,464.85,464.91,464.85,464.91,0.01,10.39,4824.92,1
2024-10-09,2024-10-09 13:26:00,464.91,464.96,464.91,464.96,0.01,10.39,4824.92,1
2024-10-09,2024-10-09 13:27:00,464.96,465.02,464.96,465.02,0.01,10.39,4824.92,1
2024-10-09,2024-10-09 13:28:00,465.02,465.07,465.02,465.07,0.01,10.39,4824.92,1
2024-10-09,2024-10-09 13:29:00,465.07,465.12,465.07,465.12,0.01,10.39,4824.92,1
2024-10-09,2024-10-09 13:30:00,465.12,465.18,465.12,465.18,0.01,10.39,4824.92,1
2024-10-09,2024-10-09 13:31:00,465.18,465.23,465.18,465.23,0.01,10.39,4824.92,1
2024-10-09,2024-10-09 13:32:00,465.23,465.29,465.23,465.29,0.01,10.39,4824.92,1
2024-10-09,2024-10-09 13:33:00,465.29,465.34,465.29,465.34,0.01,10.39,4824.92,1
2024-10-09,2024-10-09 13:34:00,465.34,465.4,465.34,465.4,0.01,10.39,4824.92,1
2024-10-09,2024-10-09 13:35:00,465.4,465.45,465.4,465.45,0.01,10.39,4824.92,1
2024-10-09,2024-10-09 13:36:00,465.45,465.5,465.45,465.5,0.01,10.39,4824.92,1
2024-10-09,2024-10-09 13:37:00,465.5,465.56,465.5,465.56,0.01,10.39,4824.92,1
2024-10-09,2024-10-09 13:38:00,465.56,465.61,465.56,465.61,0.01,10.39,4824.92,1
2024-10-09,2024-10-09 13:39:00,465.61,465.67,465.61,465.67,0.01,10.39,4824.92,1
2024-10-09,2024-10-09 13:40:00,465.67,465.72,465.67,465.72,0.01,10.39,4824.92,1
2024-10-09,2024-10-09 13:41:00,465.72,465.77,465.72,465.77,0.01,10.39,4824.92,1
2024-10-09,2024-10-09 13:42:00,465.77,465.83,465.77,465.83,0.01,10.39,4824.92,1
2024-10-09,2024-10-09 13:43:00,465.83,465.88,465.83,465.88,0.01,10.39,4824.92,1
2024-10-09,2024-10-09 13:44:00,465.88,465.94,465.88,465.94,0.01,10.39,4824.92,1
2024-10-09,2024-10-09 13:45:00,465.94,465.99,465.94,465.99,0.01,10.39,4824.92,1
2024-10-09,2024-10-09 13:46:00,465.99,466.05,465.99,466.05,0.01,10.39,4824.92,1
2024-10-09,2024-10-09 13:47:00,466.05,466.1,466.05,466.1,0.01,10.39,4824.92,1
2024-10-09,2024-10-09 13:48:00,466.1,466.15,466.1,466.15,0.01,10.39,4824.92,1
2024-10-09,2024-10-09 13:49:00,466.15,466.21,466.15,466.21,0.01,10.39,4824.92,1
2024-10-09,2024-10-09 13:50:00,466.21,466.26,466.21,466.26,0.01,10.39,4824.92,1
2024-10-09,2024-10-09 13:51:00,466.26,466.32,466.26,466.32,0.01,10.39,4824.92,1
2024-10-09,2024-10-09 13:52:00,466.32,466.37,466.32,466.37,0.01,10.39,4824.92,1
2024-10-09,2024-10-09 13:53:00,466.37,466.43,466.37,466.43,0.01,10.39,4824.92,1
2024-10-09,2024-10-09 13:54:00,466.43,466.48,466.43,466.48,0.01,10.39,4824.92,1
2024-10-09,2024-10-09 13:55:00,466.48,466.53,466.48,466.53,0.01,10.39,4824.92,1
2024-10-09,2024-10-09 13:56:00,466.53,466.59,466.53,466.59,0.01,10.39,4824.92,1
2024-10-09,2024-10-09 13:57:00,466.59,466.64,466.59,466.64,0.01,10.39,4824.92,1
2024-10-09,2024-10-09 13:58:00,466.64,466.7,466.64,466.7,0.01,10.39,4824.92,1
2024-10-09,2024-10-09 13:59:00,466.7,466.75,466.7,466.75,0.01,10.39,4824.92,1
2024-10-09,2024-10-09 14:00:00,466.75,466.8,466.75,466.8,0.01,10.39,4824.92,1
2024-10-09,2024-10-09 14:01:00,466.8,466.86,466.8,466.86,0.01,10.39,4824.92,1
2024-10-09,2024-10-09 14:02:00,466.86,466.91,466.86,466.91,0.01,10.39,4824.92,1
2024-10-09,2024-10-09 14:03:00,466.91,466.97,466.91,466.97,0.01,10.39,4824.92,1
2024-10-09,2024-10-09 14:04:00,466.97,467.02,466.97,467.02,0.01,10.39,4824.92,1
2024-10-09,2024-10-09 14:05:00,467.02,467.07,467.02,467.07,0.01,10.39,4824.92,1
2024-10-09,2024-10-09 14:06:00,467.07,467.13,467.07,467.13,0.01,10.39,4824.92,1
2024-10-09,2024-10-09 14:07:00,467.13,467.18,467.13,467.18,0.01,10.39,4824.92,1
2024-10-09,2024-10-09 14:08:00,467.18,467.24,467.18,467.24,0.01,10.39,4824.92,1
2024-10-09,2024-10-09 14:09:00,467.24,467.29,467.24,467.29,0.01,10.39,4824.92,1
2024-10-09,2024-10-09 14:10:00,467.29,467.35,467.29,467.35,0.01,10.39,4824.92,1
2024-10-09,2024-10-09 14:11:00,467.35,467.4,467.35,467.4,0.01,10.39,4824.92,1
2024-10-09,2024-10-09 14:12:00,467.4,467.45,467.4,467.45,0.01,10.39,4824.92,1
2024-10-09,2024-10-09 14:13:00,467.45,467.51,467.45,467.51,0.01,10.39,4824.92,1
2024-10-09,2024-10-09 14:14:00,467.51,467.56,467.51,467.56,0.01,10.39,4824.92,1
2024-10-09,2024-10-09 14:15:00,467.56,467.62,467.56,467.62,0.01,10.39,4824.92,1
2024-10-09,2024-10-09 14:16:00,467.62,467.67,467.62,467.67,0.01,10.39,4824.92,1
2024-10-09,2024-10-09 14:17:00,467.67,467.73,467.67,467.73,0.01,10.39,4824.92,1
2024-10-09,2024-10-09 14:18:00,467.73,467.78,467.73,467.78,0.01,10.39,4824.92,1
2024-10-09,2024-10-09 14:19:00,467.78,467.83,467.78,467.83,0.01,10.39,4824.92,1
2024-10-09,2024-10-09 14:20:00,467.83,467.89,467.83,467.89,0.01,10.39,4824.92,1
2024-10-09,2024-10-09 14:21:00,467.89,467.94,467.89,467.94,0.01,10.39,4824.92,1
2024-10-09,2024-10-09 14:22:00,467.94,468.0,467.94,468.0,0.01,10.39,4824.92,1
2024-10-09,2024-10-09 14:23:00,468.0,468.05,468.0,468.05,0.01,10.39,4824.92,1
2024-10-09,2024-10-09 14:24:00,468.05,468.1,468.05,468.1,0.01,10.39,4824.92,1
2024-10-09,2024-10-09 14:25:00,468.1,468.16,468.1,468.16,0.01,10.39,4824.92,1
2024-10-09,2024-10-09 14:26:00,468.16,468.21,468.16,468.21,0.01,10.39,4824.92,1
2024-10-09,2024-10-09 14:27:00,468.21,468.27,468.21,468.27,0.01,10.39,4824.92,1
2024-10-09,2024-10-09 14:28:00,468.27,468.32,468.27,468.32,0.01,10.39,4824.92,1
2024-10-09,2024-10-09 14:29:00,468.32,468.38,468.32,468.38,0.01,10.39,4824.92,1
2024-10-09,2024-10-09 14:30:00,468.38,468.43,468.38,468.43,0.01,10.39,4824.92,1
2024-10-09,2024-10-09 14:31:00,468.43,468.48,468.43,468.48,0.01,10.39,4824.92,1
2024-10-09,2024-10-09 14:32:00,468.48,468.54,468.48,468.54,0.01,10.39,4824.92,1
2024-10-09,2024-10-09 14:33:00,468.54,468.59,468.54,468.59,0.01,10.39,4824.92,1
2024-10-09,2024-10-09 14:34:00,468.59,468.65,468.59,468.65,0.01,10.39,4824.92,1
2024-10-09,2024-10-09 14:35:00,468.65,468.7,468.65,468.7,0.01,10.39,4824.92,1
2024-10-09,2024-10-09 14:36:00,468.7,468.75,468.7,468.75,0.01,10.39,4824.92,1
2024-10-09,2024-10-09 14:37:00,468.75,468.81,468.75,468.81,0.01,10.39,4824.92,1
2024-10-09,2024-10-09 14:38:00,468.81,468.86,468.81,468.86,0.01,10.39,4824.92,1
2024-10-09,2024-10-09 14:39:00,468.86,468.92,468.86,468.92,0.01,10.39,4824.92,1
2024-10-09,2024-10-09 14:40:00,468.92,468.97,468.92,468.97,0.01,10.39,4824.92,1
2024-10-09,2024-10-09 14:41:00,468.97,469.02,468.97,469.02,0.01,10.39,4824.92,1
2024-10-09,2024-10-09 14:42:00,469.02,469.08,469.02,469.08,0.01,10.39,4824.92,1
2024-10-09,2024-10-09 14:43:00,469.08,469.13,469.08,469.13,0.01,10.39,4824.92,1
2024-10-09,2024-10-09 14:44:00,469.13,469.19,469.13,469.19,0.01,10.39,4824.92,1
2024-10-09,2024-10-09 14:45:00,469.19,469.24,469.19,469.24,0.01,10.39,4824.92,1
2024-10-09,2024-10-09 14:46:00,469.24,469.3,469.24,469.3,0.01,10.39,4824.92,1
2024-10-09,2024-10-09 14:47:00,469.3,469.35,469.3,469.35,0.01,10.39,4824.92,1
2024-10-09,2024-10-09 14:48:00,469.35,469.4,469.35,469.4,0.01,10.39,4824.92,1
2024-10-09,2024-10-09 14:49:00,469.4,469.46,469.4,469.46,0.01,10.39,4824.92,1
2024-10-09,2024-10-09 14:50:00,469.46,469.51,469.46,469.51,0.01,10.39,4824.92,1
2024-10-09,2024-10-09 14:51:00,469.51,469.57,469.51,469.57,0.01,10.39,4824.92,1
2024-10-09,2024-10-09 14:52:00,469.57,469.62,469.57,469.62,0.01,10.39,4824.92,1
2024-10-09,2024-10-09 14:53:00,469.62,469.68,469.62,469.68,0.01,10.39,4824.92,1
2024-10-09,2024-10-09 14:54:00,469.68,469.73,469.68,469.73,0.01,10.39,4824.92,1
2024-10-09,2024-10-09 14:55:00,469.73,469.78,469.73,469.78,0.01,10.39,4824.92,1
2024-10-09,2024-10-09 14:56:00,469.78,469.84,469.78,469.84,0.01,10.39,4824.92,1
2024-10-09,2024-10-09 14:57:00,469.84,469.89,469.84,469.89,0.01,10.39,4824.92,1
2024-10-09,2024-10-09 14:58:00,469.89,469.95,469.89,469.95,0.01,10.39,4824.92,1
2024-10-09,2024-10-09 14:59:00,469.95,470.0,469.95,470.0,0.01,10.39,4824.92,1
2024-10-09,2024-10-09 15:00:00,470.0,474.3,448.0,470.0,0.0,10.39,4824.92,0
2024-10-15,2024-10-15 11:00:00,479.4,479.4,473.31,479.37,-0.01,5.22,2443.68,-1
2024-10-15,2024-10-15 11:01:00,479.37,479.37,479.34,479.34,-0.01,5.22,2443.68,-1
2024-10-15,2024-10-15 11:02:00,479.34,479.34,479.32,479.32,-0.0,5.22,2443.68,-1
2024-10-15,2024-10-15 11:03:00,479.32,479.32,479.29,479.29,-0.01,5.22,2443.68,-1
2024-10-15,2024-10-15 11:04:00,479.29,479.29,479.26,479.26,-0.01,5.22,2443.68,-1
2024-10-15,2024-10-15 11:05:00,479.26,479.26,479.23,479.23,-0.01,5.22,2443.68,-1
2024-10-15,2024-10-15 11:06:00,479.23,479.23,479.21,479.21,-0.0,5.22,2443.68,-1
2024-10-15,2024-10-15 11:07:00,479.21,479.21,479.18,479.18,-0.01,5.22,2443.68,-1
2024-10-15,2024-10-15 11:08:00,479.18,479.18,479.15,479.15,-0.01,5.22,2443.68,-1
2024-10-15,2024-10-15 11:09:00,479.15,479.15,479.12,479.12,-0.01,5.22,2443.68,-1
2024-10-15,2024-10-15 11:10:00,479.12,479.12,479.1,479.1,-0.0,5.22,2443.68,-1
2024-10-15,2024-10-15 11:11:00,479.1,479.1,479.07,479.07,-0.01,5.22,2443.68,-1
2024-10-15,2024-10-15 11:12:00,479.07,479.07,479.04,479.04,-0.01,5.22,2443.68,-1
2024-10-15,2024-10-15 11:13:00,479.04,479.04,479.01,479.01,-0.01,5.22,2443.68,-1
2024-10-15,2024-10-15 11:14:00,479.01,479.01,478.99,478.99,-0.0,5.22,2443.68,-1
2024-10-15,2024-10-15 11:15:00,478.99,478.99,478.96,478.96,-0.01,5.22,2443.68,-1
2024-10-15,2024-10-15 11:16:00,478.96,478.96,478.93,478.93,-0.01,5.22,2443.68,-1
2024-10-15,2024-10-15 11:17:00,478.93,478.93,478.9,478.9,-0.01,5.22,2443.68,-1
2024-10-15,2024-10-15 11:18:00,478.9,478.9,478.88,478.88,-0.0,5.22,2443.68,-1
2024-10-15,2024-10-15 11:19:00,478.88,478.88,478.85,478.85,-0.01,5.22,2443.68,-1
2024-10-15,2024-10-15 11:20:00,478.85,478.85,478.82,478.82,-0.01,5.22,2443.68,-1
2024-10-15,2024-10-15 11:21:00,478.82,478.82,478.79,478.79,-0.01,5.22,2443.68,-1
2024-10-15,2024-10-15 11:22:00,478.79,478.79,478.77,478.77,-0.0,5.22,2443.68,-1
2024-10-15,2024-10-15 11:23:00,478.77,478.77,478.74,478.74,-0.01,5.22,2443.68,-1
2024-10-15,2024-10-15 11:24:00,478.74,478.74,478.71,478.71,-0.01,5.22,2443.68,-1
2024-10-15,2024-10-15 11:25:00,478.71,478.71,478.69,478.69,-0.0,5.22,2443.68,-1
2024-10-15,2024-10-15 11:26:00,478.69,478.69,478.66,478.66,-0.01,5.22,2443.68,-1
2024-10-15,2024-10-15 11:27:00,478.66,478.66,478.63,478.63,-0.01,5.22,2443.68,-1
2024-10-15,2024-10-15 11:28:00,478.63,478.63,478.6,478.6,-0.01,5.22,2443.68,-1
2024-10-15,2024-10-15 11:29:00,478.6,478.6,478.57,478.57,-0.01,5.22,2443.68,-1
2024-10-15,2024-10-15 11:30:00,478.57,478.57,478.55,478.55,-0.0,5.22,2443.68,-1
2024-10-15,2024-10-15 11:31:00,478.55,478.55,478.52,478.52,-0.01,5.22,2443.68,-1
2024-10-15,2024-10-15 11:32:00,478.52,478.52,478.49,478.49,-0.01,5.22,2443.68,-1
2024-10-15,2024-10-15 11:33:00,478.49,478.49,478.46,478.46,-0.01,5.22,2443.68,-1
2024-10-15,2024-10-15 11:34:00,478.46,478.46,478.44,478.44,-0.0,5.22,2443.68,-1
2024-10-15,2024-10-15 11:35:00,478.44,478.44,478.41,478.41,-0.01,5.22,2443.68,-1
2024-10-15,2024-10-15 11:36:00,478.41,478.41,478.38,478.38,-0.01,5.22,2443.68,-1
2024-10-15,2024-10-15 11:37:00,478.38,478.38,478.35,478.35,-0.01,5.22,2443.68,-1
2024-10-15,2024-10-15 11:38:00,478.35,478.35,478.33,478.33,-0.0,5.22,2443.68,-1
2024-10-15,2024-10-15 11:39:00,478.33,478.33,478.3,478.3,-0.01,5.22,2443.68,-1
2024-10-15,2024-10-15 11:40:00,478.3,478.3,478.27,478.27,-0.01,5.22,2443.68,-1
2024-10-15,2024-10-15 11:41:00,478.27,478.27,478.25,478.25,-0.0,5.22,2443.68,-1
2024-10-15,2024-10-15 11:42:00,478.25,478.25,478.22,478.22,-0.01,5.22,2443.68,-1
2024-10-15,2024-10-15 11:43:00,478.22,478.22,478.19,478.19,-0.01,5.22,2443.68,-1
2024-10-15,2024-10-15 11:44:00,478.19,478.19,478.16,478.16,-0.01,5.22,2443.68,-1
2024-10-15,2024-10-15 11:45:00,478.16,478.16,478.13,478.13,-0.01,5.22,2443.68,-1
2024-10-15,2024-10-15 11:46:00,478.13,478.13,478.11,478.11,-0.0,5.22,2443.68,-1
2024-10-15,2024-10-15 11:47:00,478.11,478.11,478.08,478.08,-0.01,5.22,2443.68,-1
2024-10-15,2024-10-15 11:48:00,478.08,478.08,478.05,478.05,-0.01,5.22,2443.68,-1
2024-10-15,2024-10-15 11:49:00,478.05,478.05,478.02,478.02,-0.01,5.22,2443.68,-1
2024-10-15,2024-10-15 11:50:00,478.02,478.02,478.0,478.0,-0.0,5.22,2443.68,-1
2024-10-15,2024-10-15 11:51:00,478.0,478.0,477.97,477.97,-0.01,5.22,2443.68,-1
2024-10-15,2024-10-15 11:52:00,477.97,477.97,477.94,477.94,-0.01,5.22,2443.68,-1
2024-10-15,2024-10-15 11:53:00,477.94,477.94,477.91,477.91,-0.01,5.22,2443.68,-1
2024-10-15,2024-10-15 11:54:00,477.91,477.91,477.89,477.89,-0.0,5.22,2443.68,-1
2024-10-15,2024-10-15 11:55:00,477.89,477.89,477.86,477.86,-0.01,5.22,2443.68,-1
2024-10-15,2024-10-15 11:56:00,477.86,477.86,477.83,477.83,-0.01,5.22,2443.68,-1
2024-10-15,2024-10-15 11:57:00,477.83,477.83,477.81,477.81,-0.0,5.22,2443.68,-1
2024-10-15,2024-10-15 11:58:00,477.81,477.81,477.78,477.78,-0.01,5.22,2443.68,-1
2024-10-15,2024-10-15 11:59:00,477.78,477.78,477.75,477.75,-0.01,5.22,2443.68,-1
2024-10-15,2024-10-15 12:00:00,477.75,477.75,477.72,477.72,-0.01,5.22,2443.68,-1
2024-10-15,2024-10-15 12:01:00,477.72,477.72,477.69,477.69,-0.01,5.22,2443.68,-1
2024-10-15,2024-10-15 12:02:00,477.69,477.69,477.67,477.67,-0.0,5.22,2443.68,-1
2024-10-15,2024-10-15 12:03:00,477.67,477.67,477.64,477.64,-0.01,5.22,2443.68,-1
2024-10-15,2024-10-15 12:04:00,477.64,477.64,477.61,477.61,-0.01,5.22,2443.68,-1
2024-10-15,2024-10-15 12:05:00,477.61,477.61,477.58,477.58,-0.01,5.22,2443.68,-1
2024-10-15,2024-10-15 12:06:00,477.58,477.58,477.56,477.56,-0.0,5.22,2443.68,-1
2024-10-15,2024-10-15 12:07:00,477.56,477.56,477.53,477.53,-0.01,5.22,2443.68,-1
2024-10-15,2024-10-15 12:08:00,477.53,477.53,477.5,477.5,-0.01,5.22,2443.68,-1
2024-10-15,2024-10-15 12:09:00,477.5,477.5,477.47,477.47,-0.01,5.22,2443.68,-1
2024-10-15,2024-10-15 12:10:00,477.47,477.47,477.45,477.45,-0.0,5.22,2443.68,-1
2024-10-15,2024-10-15 12:11:00,477.45,477.45,477.42,477.42,-0.01,5.22,2443.68,-1
2024-10-15,2024-10-15 12:12:00,477.42,477.42,477.39,477.39,-0.01,5.22,2443.68,-1
2024-10-15,2024-10-15 12:13:00,477.39,477.39,477.37,477.37,-0.0,5.22,2443.68,-1
2024-10-15,2024-10-15 12:14:00,477.37,477.37,477.34,477.34,-0.01,5.22,2443.68,-1
2024-10-15,2024-10-15 12:15:00,477.34,477.34,477.31,477.31,-0.01,5.22,2443.68,-1
2024-10-15,2024-10-15 12:16:00,477.31,477.31,477.28,477.28,-0.01,5.22,2443.68,-1
2024-10-15,2024-10-15 12:17:00,477.28,477.28,477.25,477.25,-0.01,5.22,2443.68,-1
2024-10-15,2024-10-15 12:18:00,477.25,477.25,477.23,477.23,-0.0,5.22,2443.68,-1
2024-10-15,2024-10-15 12:19:00,477.23,477.23,477.2,477.2,-0.01,5.22,2443.68,-1
2024-10-15,2024-10-15 12:20:00,477.2,477.2,477.17,477.17,-0.01,5.22,2443.68,-1
2024-10-15,2024-10-15 12:21:00,477.17,477.17,477.14,477.14,-0.01,5.22,2443.68,-1
2024-10-15,2024-10-15 12:22:00,477.14,477.14,477.12,477.12,-0.0,5.22,2443.68,-1
2024-10-15,2024-10-15 12:23:00,477.12,477.12,477.09,477.09,-0.01,5.22,2443.68,-1
2024-10-15,2024-10-15 12:24:00,477.09,477.09,477.06,477.06,-0.01,5.22,2443.68,-1
2024-10-15,2024-10-15 12:25:00,477.06,477.06,477.03,477.03,-0.01,5.22,2443.68,-1
2024-10-15,2024-10-15 12:26:00,477.03,477.03,477.01,477.01,-0.0,5.22,2443.68,-1
2024-10-15,2024-10-15 12:27:00,477.01,477.01,476.98,476.98,-0.01,5.22,2443.68,-1
2024-10-15,2024-10-15 12:28:00,476.98,476.98,476.95,476.95,-0.01,5.22,2443.68,-1
2024-10-15,2024-10-15 12:29:00,476.95,476.95,476.93,476.93,-0.0,5.22,2443.68,-1
2024-10-15,2024-10-15 12:30:00,476.93,476.93,476.9,476.9,-0.01,5.22,2443.68,-1
2024-10-15,2024-10-15 12:31:00,476.9,476.9,476.87,476.87,-0.01,5.22,2443.68,-1
2024-10-15,2024-10-15 12:32:00,476.87,476.87,476.84,476.84,-0.01,5.22,2443.68,-1
2024-10-15,2024-10-15 12:33:00,476.84,476.84,476.81,476.81,-0.01,5.22,2443.68,-1
2024-10-15,2024-10-15 12:34:00,476.81,476.81,476.79,476.79,-0.0,5.22,2443.68,-1
2024-10-15,2024-10-15 12:35:00,476.79,476.79,476.76,476.76,-0.01,5.22,2443.68,-1
2024-10-15,2024-10-15 12:36:00,476.76,476.76,476.73,476.73,-0.01,5.22,2443.68,-1
2024-10-15,2024-10-15 12:37:00,476.73,476.73,476.7,476.7,-0.01,5.22,2443.68,-1
2024-10-15,2024-10-15 12:38:00,476.7,476.7,476.68,476.68,-0.0,5.22,2443.68,-1
2024-10-15,2024-10-15 12:39:00,476.68,476.68,476.65,476.65,-0.01,5.22,2443.68,-1
2024-10-15,2024-10-15 12:40:00,476.65,476.65,476.62,476.62,-0.01,5.22,2443.68,-1
2024-10-15,2024-10-15 12:41:00,476.62,476.62,476.59,476.59,-0.01,5.22,2443.68,-1
2024-10-15,2024-10-15 12:42:00,476.59,476.59,476.57,476.57,-0.0,5.22,2443.68,-1
2024-10-15,2024-10-15 12:43:00,476.57,476.57,476.54,476.54,-0.01,5.22,2443.68,-1
2024-10-15,2024-10-15 12:44:00,476.54,476.54,476.51,476.51,-0.01,5.22,2443.68,-1
2024-10-15,2024-10-15 12:45:00,476.51,476.51,476.49,476.49,-0.0,5.22,2443.68,-1
2024-10-15,2024-10-15 12:46:00,476.49,476.49,476.46,476.46,-0.01,5.22,2443.68,-1
2024-10-15,2024-10-15 12:47:00,476.46,476.46,476.43,476.43,-0.01,5.22,2443.68,-1
2024-10-15,2024-10-15 12:48:00,476.43,476.43,476.4,476.4,-0.01,5.22,2443.68,-1
2024-10-15,2024-10-15 12:49:00,476.4,476.4,476.38,476.38,-0.0,5.22,2443.68,-1
2024-10-15,2024-10-15 12:50:00,476.38,476.38,476.35,476.35,-0.01,5.22,2443.68,-1
2024-10-15,2024-10-15 12:51:00,476.35,476.35,476.32,476.32,-0.01,5.22,2443.68,-1
2024-10-15,2024-10-15 12:52:00,476.32,476.32,476.29,476.29,-0.01,5.22,2443.68,-1
2024-10-15,2024-10-15 12:53:00,476.29,476.29,476.26,476.26,-0.01,5.22,2443.68,-1
2024-10-15,2024-10-15 12:54:00,476.26,476.26,476.24,476.24,-0.0,5.22,2443.68,-1
2024-10-15,2024-10-15 12:55:00,476.24,476.24,476.21,476.21,-0.01,5.22,2443.68,-1
2024-10-15,2024-10-15 12:56:00,476.21,476.21,476.18,476.18,-0.01,5.22,2443.68,-1
2024-10-15,2024-10-15 12:57:00,476.18,476.18,476.15,476.15,-0.01,5.22,2443.68,-1
2024-10-15,2024-10-15 12:58:00,476.15,476.15,476.13,476.13,-0.0,5.22,2443.68,-1
2024-10-15,2024-10-15 12:59:00,476.13,476.13,476.1,476.1,-0.01,5.22,2443.68,-1
2024-10-15,2024-10-15 13:00:00,476.1,479.4,459.1,476.07,-0.01,5.22,2443.68,-1
2024-10-15,2024-10-15 13:01:00,476.07,476.07,476.05,476.05,-0.0,5.22,2443.68,-1
2024-10-15,2024-10-15 13:02:00,476.05,476.05,476.02,476.02,-0.01,5.22,2443.68,-1
2024-10-15,2024-10-15 13:03:00,476.02,476.02,475.99,475.99,-0.01,5.22,2443.68,-1
2024-10-15,2024-10-15 13:04:00,475.99,475.99,475.96,475.96,-0.01,5.22,2443.68,-1
2024-10-15,2024-10-15 13:05:00,475.96,475.96,475.94,475.94,-0.0,5.22,2443.68,-1
2024-10-15,2024-10-15 13:06:00,475.94,475.94,475.91,475.91,-0.01,5.22,2443.68,-1
2024-10-15,2024-10-15 13:07:00,475.91,475.91,475.88,475.88,-0.01,5.22,2443.68,-1
2024-10-15,2024-10-15 13:08:00,475.88,475.88,475.85,475.85,-0.01,5.22,2443.68,-1
2024-10-15,2024-10-15 13:09:00,475.85,475.85,475.82,475.82,-0.01,5.22,2443.68,-1
2024-10-15,2024-10-15 13:10:00,475.82,475.82,475.8,475.8,-0.0,5.22,2443.68,-1
2024-10-15,2024-10-15 13:11:00,475.8,475.8,475.77,475.77,-0.01,5.22,2443.68,-1
2024-10-15,2024-10-15 13:12:00,475.77,475.77,475.74,475.74,-0.01,5.22,2443.68,-1
2024-10-15,2024-10-15 13:13:00,475.74,475.74,475.71,475.71,-0.01,5.22,2443.68,-1
2024-10-15,2024-10-15 13:14:00,475.71,475.71,475.69,475.69,-0.0,5.22,2443.68,-1
2024-10-15,2024-10-15 13:15:00,475.69,475.69,475.66,475.66,-0.01,5.22,2443.68,-1
2024-10-15,2024-10-15 13:16:00,475.66,475.66,475.63,475.63,-0.01,5.22,2443.68,-1
2024-10-15,2024-10-15 13:17:00,475.63,475.63,475.61,475.61,-0.0,5.22,2443.68,-1
2024-10-15,2024-10-15 13:18:00,475.61,475.61,475.58,475.58,-0.01,5.22,2443.68,-1
2024-10-15,2024-10-15 13:19:00,475.58,475.58,475.55,475.55,-0.01,5.22,2443.68,-1
2024-10-15,2024-10-15 13:20:00,475.55,475.55,475.52,475.52,-0.01,5.22,2443.68,-1
2024-10-15,2024-10-15 13:21:00,475.52,475.52,475.5,475.5,-0.0,5.22,2443.68,-1
2024-10-15,2024-10-15 13:22:00,475.5,475.5,475.47,475.47,-0.01,5.22,2443.68,-1
2024-10-15,2024-10-15 13:23:00,475.47,475.47,475.44,475.44,-0.01,5.22,2443.68,-1
2024-10-15,2024-10-15 13:24:00,475.44,475.44,475.41,475.41,-0.01,5.22,2443.68,-1
2024-10-15,2024-10-15 13:25:00,475.41,475.41,475.38,475.38,-0.01,5.22,2443.68,-1
2024-10-15,2024-10-15 13:26:00,475.38,475.38,475.36,475.36,-0.0,5.22,2443.68,-1
2024-10-15,2024-10-15 13:27:00,475.36,475.36,475.33,475.33,-0.01,5.22,2443.68,-1
2024-10-15,2024-10-15 13:28:00,475.33,475.33,475.3,475.3,-0.01,5.22,2443.68,-1
2024-10-15,2024-10-15 13:29:00,475.3,475.3,475.27,475.27,-0.01,5.22,2443.68,-1
2024-10-15,2024-10-15 13:30:00,475.27,475.27,475.25,475.25,-0.0,5.22,2443.68,-1
2024-10-15,2024-10-15 13:31:00,475.25,475.25,475.22,475.22,-0.01,5.22,2443.68,-1
2024-10-15,2024-10-15 13:32:00,475.22,475.22,475.19,475.19,-0.01,5.22,2443.68,-1
2024-10-15,2024-10-15 13:33:00,475.19,475.19,475.17,475.17,-0.0,5.22,2443.68,-1
2024-10-15,2024-10-15 13:34:00,475.17,475.17,475.14,475.14,-0.01,5.22,2443.68,-1
2024-10-15,2024-10-15 13:35:00,475.14,475.14,475.11,475.11,-0.01,5.22,2443.68,-1
2024-10-15,2024-10-15 13:36:00,475.11,475.11,475.08,475.08,-0.01,5.22,2443.68,-1
2024-10-15,2024-10-15 13:37:00,475.08,475.08,475.06,475.06,-0.0,5.22,2443.68,-1
2024-10-15,2024-10-15 13:38:00,475.06,475.06,475.03,475.03,-0.01,5.22,2443.68,-1
2024-10-15,2024-10-15 13:39:00,475.03,475.03,475.0,475.0,-0.01,5.22,2443.68,-1
2024-10-15,2024-10-15 13:40:00,475.0,475.0,474.97,474.97,-0.01,5.22,2443.68,-1
2024-10-15,2024-10-15 13:41:00,474.97,474.97,474.94,474.94,-0.01,5.22,2443.68,-1
2024-10-15,2024-10-15 13:42:00,474.94,474.94,474.92,474.92,-0.0,5.22,2443.68,-1
2024-10-15,2024-10-15 13:43:00,474.92,474.92,474.89,474.89,-0.01,5.22,2443.68,-1
2024-10-15,2024-10-15 13:44:00,474.89,474.89,474.86,474.86,-0.01,5.22,2443.68,-1
2024-10-15,2024-10-15 13:45:00,474.86,474.86,474.83,474.83,-0.01,5.22,2443.68,-1
2024-10-15,2024-10-15 13:46:00,474.83,474.83,474.81,474.81,-0.0,5.22,2443.68,-1
2024-10-15,2024-10-15 13:47:00,474.81,474.81,474.78,474.78,-0.01,5.22,2443.68,-1
2024-10-15,2024-10-15 13:48:00,474.78,474.78,474.75,474.75,-0.01,5.22,2443.68,-1
2024-10-15,2024-10-15 13:49:00,474.75,474.75,474.73,474.73,-0.0,5.22,2443.68,-1
2024-10-15,2024-10-15 13:50:00,474.73,474.73,474.7,474.7,-0.01,5.22,2443.68,-1
2024-10-15,2024-10-15 13:51:00,474.7,474.7,474.67,474.67,-0.01,5.22,2443.68,-1
2024-10-15,2024-10-15 13:52:00,474.67,474.67,474.64,474.64,-0.01,5.22,2443.68,-1
2024-10-15,2024-10-15 13:53:00,474.64,474.64,474.62,474.62,-0.0,5.22,2443.68,-1
2024-10-15,2024-10-15 13:54:00,474.62,474.62,474.59,474.59,-0.01,5.22,2443.68,-1
2024-10-15,2024-10-15 13:55:00,474.59,474.59,474.56,474.56,-0.01,5.22,2443.68,-1
2024-10-15,2024-10-15 13:56:00,474.56,474.56,474.53,474.53,-0.01,5.22,2443.68,-1
2024-10-15,2024-10-15 13:57:00,474.53,474.53,474.5,474.5,-0.01,5.22,2443.68,-1
2024-10-15,2024-10-15 13:58:00,474.5,474.5,474.48,474.48,-0.0,5.22,2443.68,-1
2024-10-15,2024-10-15 13:59:00,474.48,474.48,474.45,474.45,-0.01,5.22,2443.68,-1
2024-10-15,2024-10-15 14:00:00,474.45,474.45,474.42,474.42,-0.01,5.22,2443.68,-1
2024-10-15,2024-10-15 14:01:00,474.42,474.42,474.39,474.39,-0.01,5.22,2443.68,-1
2024-10-15,2024-10-15 14:02:00,474.39,474.39,474.37,474.37,-0.0,5.22,2443.68,-1
2024-10-15,2024-10-15 14:03:00,474.37,474.37,474.34,474.34,-0.01,5.22,2443.68,-1
2024-10-15,2024-10-15 14:04:00,474.34,474.34,474.31,474.31,-0.01,5.22,2443.68,-1
2024-10-15,2024-10-15 14:05:00,474.31,474.31,474.29,474.29,-0.0,5.22,2443.68,-1
2024-10-15,2024-10-15 14:06:00,474.29,474.29,474.26,474.26,-0.01,5.22,2443.68,-1
2024-10-15,2024-10-15 14:07:00,474.26,474.26,474.23,474.23,-0.01,5.22,2443.68,-1
2024-10-15,2024-10-15 14:08:00,474.23,474.23,474.2,474.2,-0.01,5.22,2443.68,-1
2024-10-15,2024-10-15 14:09:00,474.2,474.2,474.18,474.18,-0.0,5.22,2443.68,-1
2024-10-15,2024-10-15 14:10:00,474.18,474.18,474.15,474.15,-0.01,5.22,2443.68,-1
2024-10-15,2024-10-15 14:11:00,474.15,474.15,474.12,474.12,-0.01,5.22,2443.68,-1
2024-10-15,2024-10-15 14:12:00,474.12,474.12,474.09,474.09,-0.01,5.22,2443.68,-1
2024-10-15,2024-10-15 14:13:00,474.09,474.09,474.06,474.06,-0.01,5.22,2443.68,-1
2024-10-15,2024-10-15 14:14:00,474.06,474.06,474.04,474.04,-0.0,5.22,2443.68,-1
2024-10-15,2024-10-15 14:15:00,474.04,474.04,474.01,474.01,-0.01,5.22,2443.68,-1
2024-10-15,2024-10-15 14:16:00,474.01,474.01,473.98,473.98,-0.01,5.22,2443.68,-1
2024-10-15,2024-10-15 14:17:00,473.98,473.98,473.95,473.95,-0.01,5.22,2443.68,-1
2024-10-15,2024-10-15 14:18:00,473.95,473.95,473.93,473.93,-0.0,5.22,2443.68,-1
2024-10-15,2024-10-15 14:19:00,473.93,473.93,473.9,473.9,-0.01,5.22,2443.68,-1
2024-10-15,2024-10-15 14:20:00,473.9,473.9,473.87,473.87,-0.01,5.22,2443.68,-1
2024-10-15,2024-10-15 14:21:00,473.87,473.87,473.85,473.85,-0.0,5.22,2443.68,-1
2024-10-15,2024-10-15 14:22:00,473.85,473.85,473.82,473.82,-0.01,5.22,2443.68,-1
2024-10-15,2024-10-15 14:23:00,473.82,473.82,473.79,473.79,-0.01,5.22,2443.68,-1
2024-10-15,2024-10-15 14:24:00,473.79,473.79,473.76,473.76,-0.01,5.22,2443.68,-1
2024-10-15,2024-10-15 14:25:00,473.76,473.76,473.74,473.74,-0.0,5.22,2443.68,-1
2024-10-15,2024-10-15 14:26:00,473.74,473.74,473.71,473.71,-0.01,5.22,2443.68,-1
2024-10-15,2024-10-15 14:27:00,473.71,473.71,473.68,473.68,-0.01,5.22,2443.68,-1
2024-10-15,2024-10-15 14:28:00,473.68,473.68,473.65,473.65,-0.01,5.22,2443.68,-1
2024-10-15,2024-10-15 14:29:00,473.65,473.65,473.62,473.62,-0.01,5.22,2443.68,-1
2024-10-15,2024-10-15 14:30:00,473.62,473.62,473.6,473.6,-0.0,5.22,2443.68,-1
2024-10-15,2024-10-15 14:31:00,473.6,473.6,473.57,473.57,-0.01,5.22,2443.68,-1
2024-10-15,2024-10-15 14:32:00,473.57,473.57,473.54,473.54,-0.01,5.22,2443.68,-1
2024-10-15,2024-10-15 14:33:00,473.54,473.54,473.51,473.51,-0.01,5.22,2443.68,-1
2024-10-15,2024-10-15 14:34:00,473.51,473.51,473.49,473.49,-0.0,5.22,2443.68,-1
2024-10-15,2024-10-15 14:35:00,473.49,473.49,473.46,473.46,-0.01,5.22,2443.68,-1
2024-10-15,2024-10-15 14:36:00,473.46,473.46,473.43,473.43,-0.01,5.22,2443.68,-1
2024-10-15,2024-10-15 14:37:00,473.43,473.43,473.41,473.41,-0.0,5.22,2443.68,-1
2024-10-15,2024-10-15 14:38:00,473.41,473.41,473.38,473.38,-0.01,5.22,2443.68,-1
2024-10-15,2024-10-15 14:39:00,473.38,473.38,473.35,473.35,-0.01,5.22,2443.68,-1
2024-10-15,2024-10-15 14:40:00,473.35,473.35,473.32,473.32,-0.01,5.22,2443.68,-1
2024-10-15,2024-10-15 14:41:00,473.32,473.32,473.3,473.3,-0.0,5.22,2443.68,-1
2024-10-15,2024-10-15 14:42:00,473.3,473.3,473.27,473.27,-0.01,5.22,2443.68,-1
2024-10-15,2024-10-15 14:43:00,473.27,473.27,473.24,473.24,-0.01,5.22,2443.68,-1
2024-10-15,2024-10-15 14:44:00,473.24,473.24,473.21,473.21,-0.01,5.22,2443.68,-1
2024-10-15,2024-10-15 14:45:00,473.21,473.21,473.19,473.19,-0.0,5.22,2443.68,-1
2024-10-15,2024-10-15 14:46:00,473.19,473.19,473.16,473.16,-0.01,5.22,2443.68,-1
2024-10-15,2024-10-15 14:47:00,473.16,473.16,473.13,473.13,-0.01,5.22,2443.68,-1
2024-10-15,2024-10-15 14:48:00,473.13,473.13,473.1,473.1,-0.01,5.22,2443.68,-1
2024-10-15,2024-10-15 14:49:00,473.1,473.1,473.07,473.07,-0.01,5.22,2443.68,-1
2024-10-15,2024-10-15 14:50:00,473.07,473.07,473.05,473.05,-0.0,5.22,2443.68,-1
2024-10-15,2024-10-15 14:51:00,473.05,473.05,473.02,473.02,-0.01,5.22,2443.68,-1
2024-10-15,2024-10-15 14:52:00,473.02,473.02,472.99,472.99,-0.01,5.22,2443.68,-1
2024-10-15,2024-10-15 14:53:00,472.99,472.99,472.97,472.97,-0.0,5.22,2443.68,-1
2024-10-15,2024-10-15 14:54:00,472.97,472.97,472.94,472.94,-0.01,5.22,2443.68,-1
2024-10-15,2024-10-15 14:55:00,472.94,472.94,472.91,472.91,-0.01,5.22,2443.68,-1
2024-10-15,2024-10-15 14:56:00,472.91,472.91,472.88,472.88,-0.01,5.22,2443.68,-1
2024-10-15,2024-10-15 14:57:00,472.88,472.88,472.86,472.86,-0.0,5.22,2443.68,-1
2024-10-15,2024-10-15 14:58:00,472.86,472.86,472.83,472.83,-0.01,5.22,2443.68,-1
2024-10-15,2024-10-15 14:59:00,472.83,472.83,472.8,472.8,-0.01,5.22,2443.68,-1
2024-10-15,2024-10-15 15:00:00,472.8,479.4,459.1,472.8,0.0,5.22,2443.68,0
2024-10-16,2024-10-16 11:00:00,481.0,481.0,475.9,480.97,-0.01,30.76,14575.26,-1
2024-10-16,2024-10-16 11:01:00,480.97,480.97,480.95,480.95,-0.0,30.76,14575.26,-1
2024-10-16,2024-10-16 11:02:00,480.95,480.95,480.92,480.92,-0.01,30.76,14575.26,-1
2024-10-16,2024-10-16 11:03:00,480.92,480.92,480.9,480.9,-0.0,30.76,14575.26,-1
2024-10-16,2024-10-16 11:04:00,480.9,480.9,480.87,480.87,-0.01,30.76,14575.26,-1
2024-10-16,2024-10-16 11:05:00,480.87,480.87,480.85,480.85,-0.0,30.76,14575.26,-1
2024-10-16,2024-10-16 11:06:00,480.85,480.85,480.82,480.82,-0.01,30.76,14575.26,-1
2024-10-16,2024-10-16 11:07:00,480.82,480.82,480.79,480.79,-0.01,30.76,14575.26,-1
2024-10-16,2024-10-16 11:08:00,480.79,480.79,480.77,480.77,-0.0,30.76,14575.26,-1
2024-10-16,2024-10-16 11:09:00,480.77,480.77,480.74,480.74,-0.01,30.76,14575.26,-1
2024-10-16,2024-10-16 11:10:00,480.74,480.74,480.72,480.72,-0.0,30.76,14575.26,-1
2024-10-16,2024-10-16 11:11:00,480.72,480.72,480.69,480.69,-0.01,30.76,14575.26,-1
2024-10-16,2024-10-16 11:12:00,480.69,480.69,480.66,480.66,-0.01,30.76,14575.26,-1
2024-10-16,2024-10-16 11:13:00,480.66,480.66,480.64,480.64,-0.0,30.76,14575.26,-1
2024-10-16,2024-10-16 11:14:00,480.64,480.64,480.61,480.61,-0.01,30.76,14575.26,-1
2024-10-16,2024-10-16 11:15:00,480.61,480.61,480.59,480.59,-0.0,30.76,14575.26,-1
2024-10-16,2024-10-16 11:16:00,480.59,480.59,480.56,480.56,-0.01,30.76,14575.26,-1
2024-10-16,2024-10-16 11:17:00,480.56,480.56,480.54,480.54,-0.0,30.76,14575.26,-1
2024-10-16,2024-10-16 11:18:00,480.54,480.54,480.51,480.51,-0.01,30.76,14575.26,-1
2024-10-16,2024-10-16 11:19:00,480.51,480.51,480.48,480.48,-0.01,30.76,14575.26,-1
2024-10-16,2024-10-16 11:20:00,480.48,480.48,480.46,480.46,-0.0,30.76,14575.26,-1
2024-10-16,2024-10-16 11:21:00,480.46,480.46,480.43,480.43,-0.01,30.76,14575.26,-1
2024-10-16,2024-10-16 11:22:00,480.43,480.43,480.41,480.41,-0.0,30.76,14575.26,-1
2024-10-16,2024-10-16 11:23:00,480.41,480.41,480.38,480.38,-0.01,30.76,14575.26,-1
2024-10-16,2024-10-16 11:24:00,480.38,480.38,480.35,480.35,-0.01,30.76,14575.26,-1
2024-10-16,2024-10-16 11:25:00,480.35,480.35,480.33,480.33,-0.0,30.76,14575.26,-1
2024-10-16,2024-10-16 11:26:00,480.33,480.33,480.3,480.3,-0.01,30.76,14575.26,-1
2024-10-16,2024-10-16 11:27:00,480.3,480.3,480.28,480.28,-0.0,30.76,14575.26,-1
2024-10-16,2024-10-16 11:28:00,480.28,480.28,480.25,480.25,-0.01,30.76,14575.26,-1
2024-10-16,2024-10-16 11:29:00,480.25,480.25,480.23,480.23,-0.0,30.76,14575.26,-1
2024-10-16,2024-10-16 11:30:00,480.23,480.23,480.2,480.2,-0.01,30.76,14575.26,-1
2024-10-16,2024-10-16 11:31:00,480.2,480.2,480.17,480.17,-0.01,30.76,14575.26,-1
2024-10-16,2024-10-16 11:32:00,480.17,480.17,480.15,480.15,-0.0,30.76,14575.26,-1
2024-10-16,2024-10-16 11:33:00,480.15,480.15,480.12,480.12,-0.01,30.76,14575.26,-1
2024-10-16,2024-10-16 11:34:00,480.12,480.12,480.1,480.1,-0.0,30.76,14575.26,-1
2024-10-16,2024-10-16 11:35:00,480.1,480.1,480.07,480.07,-0.01,30.76,14575.26,-1
2024-10-16,2024-10-16 11:36:00,480.07,480.07,480.04,480.04,-0.01,30.76,14575.26,-1
2024-10-16,2024-10-16 11:37:00,480.04,480.04,480.02,480.02,-0.0,30.76,14575.26,-1
2024-10-16,2024-10-16 11:38:00,480.02,480.02,479.99,479.99,-0.01,30.76,14575.26,-1
2024-10-16,2024-10-16 11:39:00,479.99,479.99,479.97,479.97,-0.0,30.76,14575.26,-1
2024-10-16,2024-10-16 11:40:00,479.97,479.97,479.94,479.94,-0.01,30.76,14575.26,-1
2024-10-16,2024-10-16 11:41:00,479.94,479.94,479.92,479.92,-0.0,30.76,14575.26,-1
2024-10-16,2024-10-16 11:42:00,479.92,479.92,479.89,479.89,-0.01,30.76,14575.26,-1
2024-10-16,2024-10-16 11:43:00,479.89,479.89,479.86,479.86,-0.01,30.76,14575.26,-1
2024-10-16,2024-10-16 11:44:00,479.86,479.86,479.84,479.84,-0.0,30.76,14575.26,-1
2024-10-16,2024-10-16 11:45:00,479.84,479.84,479.81,479.81,-0.01,30.76,14575.26,-1
2024-10-16,2024-10-16 11:46:00,479.81,479.81,479.79,479.79,-0.0,30.76,14575.26,-1
2024-10-16,2024-10-16 11:47:00,479.79,479.79,479.76,479.76,-0.01,30.76,14575.26,-1
2024-10-16,2024-10-16 11:48:00,479.76,479.76,479.73,479.73,-0.01,30.76,14575.26,-1
2024-10-16,2024-10-16 11:49:00,479.73,479.73,479.71,479.71,-0.0,30.76,14575.26,-1
2024-10-16,2024-10-16 11:50:00,479.71,479.71,479.68,479.68,-0.01,30.76,14575.26,-1
2024-10-16,2024-10-16 11:51:00,479.68,479.68,479.66,479.66,-0.0,30.76,14575.26,-1
2024-10-16,2024-10-16 11:52:00,479.66,479.66,479.63,479.63,-0.01,30.76,14575.26,-1
2024-10-16,2024-10-16 11:53:00,479.63,479.63,479.61,479.61,-0.0,30.76,14575.26,-1
2024-10-16,2024-10-16 11:54:00,479.61,479.61,479.58,479.58,-0.01,30.76,14575.26,-1
2024-10-16,2024-10-16 11:55:00,479.58,479.58,479.55,479.55,-0.01,30.76,14575.26,-1
2024-10-16,2024-10-16 11:56:00,479.55,479.55,479.53,479.53,-0.0,30.76,14575.26,-1
2024-10-16,2024-10-16 11:57:00,479.53,479.53,479.5,479.5,-0.01,30.76,14575.26,-1
2024-10-16,2024-10-16 11:58:00,479.5,479.5,479.48,479.48,-0.0,30.76,14575.26,-1
2024-10-16,2024-10-16 11:59:00,479.48,479.48,479.45,479.45,-0.01,30.76,14575.26,-1
2024-10-16,2024-10-16 12:00:00,479.45,479.45,479.42,479.42,-0.01,30.76,14575.26,-1
2024-10-16,2024-10-16 12:01:00,479.42,479.42,479.4,479.4,-0.0,30.76,14575.26,-1
2024-10-16,2024-10-16 12:02:00,479.4,479.4,479.37,479.37,-0.01,30.76,14575.26,-1
2024-10-16,2024-10-16 12:03:00,479.37,479.37,479.35,479.35,-0.0,30.76,14575.26,-1
2024-10-16,2024-10-16 12:04:00,479.35,479.35,479.32,479.32,-0.01,30.76,14575.26,-1
2024-10-16,2024-10-16 12:05:00,479.32,479.32,479.3,479.3,-0.0,30.76,14575.26,-1
2024-10-16,2024-10-16 12:06:00,479.3,479.3,479.27,479.27,-0.01,30.76,14575.26,-1
2024-10-16,2024-10-16 12:07:00,479.27,479.27,479.24,479.24,-0.01,30.76,14575.26,-1
2024-10-16,2024-10-16 12:08:00,479.24,479.24,479.22,479.22,-0.0,30.76,14575.26,-1
2024-10-16,2024-10-16 12:09:00,479.22,479.22,479.19,479.19,-0.01,30.76,14575.26,-1
2024-10-16,2024-10-16 12:10:00,479.19,479.19,479.17,479.17,-0.0,30.76,14575.26,-1
2024-10-16,2024-10-16 12:11:00,479.17,479.17,479.14,479.14,-0.01,30.76,14575.26,-1
2024-10-16,2024-10-16 12:12:00,479.14,479.14,479.11,479.11,-0.01,30.76,14575.26,-1
2024-10-16,2024-10-16 12:13:00,479.11,479.11,479.09,479.09,-0.0,30.76,14575.26,-1
2024-10-16,2024-10-16 12:14:00,479.09,479.09,479.06,479.06,-0.01,30.76,14575.26,-1
2024-10-16,2024-10-16 12:15:00,479.06,479.06,479.04,479.04,-0.0,30.76,14575.26,-1
2024-10-16,2024-10-16 12:16:00,479.04,479.04,479.01,479.01,-0.01,30.76,14575.26,-1
2024-10-16,2024-10-16 12:17:00,479.01,479.01,478.99,478.99,-0.0,30.76,14575.26,-1
2024-10-16,2024-10-16 12:18:00,478.99,478.99,478.96,478.96,-0.01,30.76,14575.26,-1
2024-10-16,2024-10-16 12:19:00,478.96,478.96,478.93,478.93,-0.01,30.76,14575.26,-1
2024-10-16,2024-10-16 12:20:00,478.93,478.93,478.91,478.91,-0.0,30.76,14575.26,-1
2024-10-16,2024-10-16 12:21:00,478.91,478.91,478.88,478.88,-0.01,30.76,14575.26,-1
2024-10-16,2024-10-16 12:22:00,478.88,478.88,478.86,478.86,-0.0,30.76,14575.26,-1
2024-10-16,2024-10-16 12:23:00,478.86,478.86,478.83,478.83,-0.01,30.76,14575.26,-1
2024-10-16,2024-10-16 12:24:00,478.83,478.83,478.8,478.8,-0.01,30.76,14575.26,-1
2024-10-16,2024-10-16 12:25:00,478.8,478.8,478.78,478.78,-0.0,30.76,14575.26,-1
2024-10-16,2024-10-16 12:26:00,478.78,478.78,478.75,478.75,-0.01,30.76,14575.26,-1
2024-10-16,2024-10-16 12:27:00,478.75,478.75,478.73,478.73,-0.0,30.76,14575.26,-1
2024-10-16,2024-10-16 12:28:00,478.73,478.73,478.7,478.7,-0.01,30.76,14575.26,-1
2024-10-16,2024-10-16 12:29:00,478.7,478.7,478.68,478.68,-0.0,30.76,14575.26,-1
2024-10-16,2024-10-16 12:30:00,478.68,478.68,478.65,478.65,-0.01,30.76,14575.26,-1
2024-10-16,2024-10-16 12:31:00,478.65,478.65,478.62,478.62,-0.01,30.76,14575.26,-1
2024-10-16,2024-10-16 12:32:00,478.62,478.62,478.6,478.6,-0.0,30.76,14575.26,-1
2024-10-16,2024-10-16 12:33:00,478.6,478.6,478.57,478.57,-0.01,30.76,14575.26,-1
2024-10-16,2024-10-16 12:34:00,478.57,478.57,478.55,478.55,-0.0,30.76,14575.26,-1
2024-10-16,2024-10-16 12:35:00,478.55,478.55,478.52,478.52,-0.01,30.76,14575.26,-1
2024-10-16,2024-10-16 12:36:00,478.52,478.52,478.49,478.49,-0.01,30.76,14575.26,-1
2024-10-16,2024-10-16 12:37:00,478.49,478.49,478.47,478.47,-0.0,30.76,14575.26,-1
2024-10-16,2024-10-16 12:38:00,478.47,478.47,478.44,478.44,-0.01,30.76,14575.26,-1
2024-10-16,2024-10-16 12:39:00,478.44,478.44,478.42,478.42,-0.0,30.76,14575.26,-1
2024-10-16,2024-10-16 12:40:00,478.42,478.42,478.39,478.39,-0.01,30.76,14575.26,-1
2024-10-16,2024-10-16 12:41:00,478.39,478.39,478.37,478.37,-0.0,30.76,14575.26,-1
2024-10-16,2024-10-16 12:42:00,478.37,478.37,478.34,478.34,-0.01,30.76,14575.26,-1
2024-10-16,2024-10-16 12:43:00,478.34,478.34,478.31,478.31,-0.01,30.76,14575.26,-1
2024-10-16,2024-10-16 12:44:00,478.31,478.31,478.29,478.29,-0.0,30.76,14575.26,-1
2024-10-16,2024-10-16 12:45:00,478.29,478.29,478.26,478.26,-0.01,30.76,14575.26,-1
2024-10-16,2024-10-16 12:46:00,478.26,478.26,478.24,478.24,-0.0,30.76,14575.26,-1
2024-10-16,2024-10-16 12:47:00,478.24,478.24,478.21,478.21,-0.01,30.76,14575.26,-1
2024-10-16,2024-10-16 12:48:00,478.21,478.21,478.18,478.18,-0.01,30.76,14575.26,-1
2024-10-16,2024-10-16 12:49:00,478.18,478.18,478.16,478.16,-0.0,30.76,14575.26,-1
2024-10-16,2024-10-16 12:50:00,478.16,478.16,478.13,478.13,-0.01,30.76,14575.26,-1
2024-10-16,2024-10-16 12:51:00,478.13,478.13,478.11,478.11,-0.0,30.76,14575.26,-1
2024-10-16,2024-10-16 12:52:00,478.11,478.11,478.08,478.08,-0.01,30.76,14575.26,-1
2024-10-16,2024-10-16 12:53:00,478.08,478.08,478.06,478.06,-0.0,30.76,14575.26,-1
2024-10-16,2024-10-16 12:54:00,478.06,478.06,478.03,478.03,-0.01,30.76,14575.26,-1
2024-10-16,2024-10-16 12:55:00,478.03,478.03,478.0,478.0,-0.01,30.76,14575.26,-1
2024-10-16,2024-10-16 12:56:00,478.0,478.0,477.98,477.98,-0.0,30.76,14575.26,-1
2024-10-16,2024-10-16 12:57:00,477.98,477.98,477.95,477.95,-0.01,30.76,14575.26,-1
2024-10-16,2024-10-16 12:58:00,477.95,477.95,477.93,477.93,-0.0,30.76,14575.26,-1
2024-10-16,2024-10-16 12:59:00,477.93,477.93,477.9,477.9,-0.01,30.76,14575.26,-1
2024-10-16,2024-10-16 13:00:00,477.9,481.0,464.0,477.87,-0.01,30.76,14575.26,-1
2024-10-16,2024-10-16 13:01:00,477.87,477.87,477.85,477.85,-0.0,30.76,14575.26,-1
2024-10-16,2024-10-16 13:02:00,477.85,477.85,477.82,477.82,-0.01,30.76,14575.26,-1
2024-10-16,2024-10-16 13:03:00,477.82,477.82,477.8,477.8,-0.0,30.76,14575.26,-1
2024-10-16,2024-10-16 13:04:00,477.8,477.8,477.77,477.77,-0.01,30.76,14575.26,-1
2024-10-16,2024-10-16 13:05:00,477.77,477.77,477.75,477.75,-0.0,30.76,14575.26,-1
2024-10-16,2024-10-16 13:06:00,477.75,477.75,477.72,477.72,-0.01,30.76,14575.26,-1
2024-10-16,2024-10-16 13:07:00,477.72,477.72,477.69,477.69,-0.01,30.76,14575.26,-1
2024-10-16,2024-10-16 13:08:00,477.69,477.69,477.67,477.67,-0.0,30.76,14575.26,-1
2024-10-16,2024-10-16 13:09:00,477.67,477.67,477.64,477.64,-0.01,30.76,14575.26,-1
2024-10-16,2024-10-16 13:10:00,477.64,477.64,477.62,477.62,-0.0,30.76,14575.26,-1
2024-10-16,2024-10-16 13:11:00,477.62,477.62,477.59,477.59,-0.01,30.76,14575.26,-1
2024-10-16,2024-10-16 13:12:00,477.59,477.59,477.56,477.56,-0.01,30.76,14575.26,-1
2024-10-16,2024-10-16 13:13:00,477.56,477.56,477.54,477.54,-0.0,30.76,14575.26,-1
2024-10-16,2024-10-16 13:14:00,477.54,477.54,477.51,477.51,-0.01,30.76,14575.26,-1
2024-10-16,2024-10-16 13:15:00,477.51,477.51,477.49,477.49,-0.0,30.76,14575.26,-1
2024-10-16,2024-10-16 13:16:00,477.49,477.49,477.46,477.46,-0.01,30.76,14575.26,-1
2024-10-16,2024-10-16 13:17:00,477.46,477.46,477.44,477.44,-0.0,30.76,14575.26,-1
2024-10-16,2024-10-16 13:18:00,477.44,477.44,477.41,477.41,-0.01,30.76,14575.26,-1
2024-10-16,2024-10-16 13:19:00,477.41,477.41,477.38,477.38,-0.01,30.76,14575.26,-1
2024-10-16,2024-10-16 13:20:00,477.38,477.38,477.36,477.36,-0.0,30.76,14575.26,-1
2024-10-16,2024-10-16 13:21:00,477.36,477.36,477.33,477.33,-0.01,30.76,14575.26,-1
2024-10-16,2024-10-16 13:22:00,477.33,477.33,477.31,477.31,-0.0,30.76,14575.26,-1
2024-10-16,2024-10-16 13:23:00,477.31,477.31,477.28,477.28,-0.01,30.76,14575.26,-1
2024-10-16,2024-10-16 13:24:00,477.28,477.28,477.25,477.25,-0.01,30.76,14575.26,-1
2024-10-16,2024-10-16 13:25:00,477.25,477.25,477.23,477.23,-0.0,30.76,14575.26,-1
2024-10-16,2024-10-16 13:26:00,477.23,477.23,477.2,477.2,-0.01,30.76,14575.26,-1
2024-10-16,2024-10-16 13:27:00,477.2,477.2,477.18,477.18,-0.0,30.76,14575.26,-1
2024-10-16,2024-10-16 13:28:00,477.18,477.18,477.15,477.15,-0.01,30.76,14575.26,-1
2024-10-16,2024-10-16 13:29:00,477.15,477.15,477.12,477.12,-0.01,30.76,14575.26,-1
2024-10-16,2024-10-16 13:30:00,477.12,477.12,477.1,477.1,-0.0,30.76,14575.26,-1
2024-10-16,2024-10-16 13:31:00,477.1,477.1,477.07,477.07,-0.01,30.76,14575.26,-1
2024-10-16,2024-10-16 13:32:00,477.07,477.07,477.05,477.05,-0.0,30.76,14575.26,-1
2024-10-16,2024-10-16 13:33:00,477.05,477.05,477.02,477.02,-0.01,30.76,14575.26,-1
2024-10-16,2024-10-16 13:34:00,477.02,477.02,477.0,477.0,-0.0,30.76,14575.26,-1
2024-10-16,2024-10-16 13:35:00,477.0,477.0,476.97,476.97,-0.01,30.76,14575.26,-1
2024-10-16,2024-10-16 13:36:00,476.97,476.97,476.94,476.94,-0.01,30.76,14575.26,-1
2024-10-16,2024-10-16 13:37:00,476.94,476.94,476.92,476.92,-0.0,30.76,14575.26,-1
2024-10-16,2024-10-16 13:38:00,476.92,476.92,476.89,476.89,-0.01,30.76,14575.26,-1
2024-10-16,2024-10-16 13:39:00,476.89,476.89,476.87,476.87,-0.0,30.76,14575.26,-1
2024-10-16,2024-10-16 13:40:00,476.87,476.87,476.84,476.84,-0.01,30.76,14575.26,-1
2024-10-16,2024-10-16 13:41:00,476.84,476.84,476.81,476.81,-0.01,30.76,14575.26,-1
2024-10-16,2024-10-16 13:42:00,476.81,476.81,476.79,476.79,-0.0,30.76,14575.26,-1
2024-10-16,2024-10-16 13:43:00,476.79,476.79,476.76,476.76,-0.01,30.76,14575.26,-1
2024-10-16,2024-10-16 13:44:00,476.76,476.76,476.74,476.74,-0.0,30.76,14575.26,-1
2024-10-16,2024-10-16 13:45:00,476.74,476.74,476.71,476.71,-0.01,30.76,14575.26,-1
2024-10-16,2024-10-16 13:46:00,476.71,476.71,476.69,476.69,-0.0,30.76,14575.26,-1
2024-10-16,2024-10-16 13:47:00,476.69,476.69,476.66,476.66,-0.01,30.76,14575.26,-1
2024-10-16,2024-10-16 13:48:00,476.66,476.66,476.63,476.63,-0.01,30.76,14575.26,-1
2024-10-16,2024-10-16 13:49:00,476.63,476.63,476.61,476.61,-0.0,30.76,14575.26,-1
2024-10-16,2024-10-16 13:50:00,476.61,476.61,476.58,476.58,-0.01,30.76,14575.26,-1
2024-10-16,2024-10-16 13:51:00,476.58,476.58,476.56,476.56,-0.0,30.76,14575.26,-1
2024-10-16,2024-10-16 13:52:00,476.56,476.56,476.53,476.53,-0.01,30.76,14575.26,-1
2024-10-16,2024-10-16 13:53:00,476.53,476.53,476.5,476.5,-0.01,30.76,14575.26,-1
2024-10-16,2024-10-16 13:54:00,476.5,476.5,476.48,476.48,-0.0,30.76,14575.26,-1
2024-10-16,2024-10-16 13:55:00,476.48,476.48,476.45,476.45,-0.01,30.76,14575.26,-1
2024-10-16,2024-10-16 13:56:00,476.45,476.45,476.43,476.43,-0.0,30.76,14575.26,-1
2024-10-16,2024-10-16 13:57:00,476.43,476.43,476.4,476.4,-0.01,30.76,14575.26,-1
2024-10-16,2024-10-16 13:58:00,476.4,476.4,476.38,476.38,-0.0,30.76,14575.26,-1
2024-10-16,2024-10-16 13:59:00,476.38,476.38,476.35,476.35,-0.01,30.76,14575.26,-1
2024-10-16,2024-10-16 14:00:00,476.35,476.35,476.32,476.32,-0.01,30.76,14575.26,-1
2024-10-16,2024-10-16 14:01:00,476.32,476.32,476.3,476.3,-0.0,30.76,14575.26,-1
2024-10-16,2024-10-16 14:02:00,476.3,476.3,476.27,476.27,-0.01,30.76,14575.26,-1
2024-10-16,2024-10-16 14:03:00,476.27,476.27,476.25,476.25,-0.0,30.76,14575.26,-1
2024-10-16,2024-10-16 14:04:00,476.25,476.25,476.22,476.22,-0.01,30.76,14575.26,-1
2024-10-16,2024-10-16 14:05:00,476.22,476.22,476.19,476.19,-0.01,30.76,14575.26,-1
2024-10-16,2024-10-16 14:06:00,476.19,476.19,476.17,476.17,-0.0,30.76,14575.26,-1
2024-10-16,2024-10-16 14:07:00,476.17,476.17,476.14,476.14,-0.01,30.76,14575.26,-1
2024-10-16,2024-10-16 14:08:00,476.14,476.14,476.12,476.12,-0.0,30.76,14575.26,-1
2024-10-16,2024-10-16 14:09:00,476.12,476.12,476.09,476.09,-0.01,30.76,14575.26,-1
2024-10-16,2024-10-16 14:10:00,476.09,476.09,476.07,476.07,-0.0,30.76,14575.26,-1
2024-10-16,2024-10-16 14:11:00,476.07,476.07,476.04,476.04,-0.01,30.76,14575.26,-1
2024-10-16,2024-10-16 14:12:00,476.04,476.04,476.01,476.01,-0.01,30.76,14575.26,-1
2024-10-16,2024-10-16 14:13:00,476.01,476.01,475.99,475.99,-0.0,30.76,14575.26,-1
2024-10-16,2024-10-16 14:14:00,475.99,475.99,475.96,475.96,-0.01,30.76,14575.26,-1
2024-10-16,2024-10-16 14:15:00,475.96,475.96,475.94,475.94,-0.0,30.76,14575.26,-1
2024-10-16,2024-10-16 14:16:00,475.94,475.94,475.91,475.91,-0.01,30.76,14575.26,-1
2024-10-16,2024-10-16 14:17:00,475.91,475.91,475.88,475.88,-0.01,30.76,14575.26,-1
2024-10-16,2024-10-16 14:18:00,475.88,475.88,475.86,475.86,-0.0,30.76,14575.26,-1
2024-10-16,2024-10-16 14:19:00,475.86,475.86,475.83,475.83,-0.01,30.76,14575.26,-1
2024-10-16,2024-10-16 14:20:00,475.83,475.83,475.81,475.81,-0.0,30.76,14575.26,-1
2024-10-16,2024-10-16 14:21:00,475.81,475.81,475.78,475.78,-0.01,30.76,14575.26,-1
2024-10-16,2024-10-16 14:22:00,475.78,475.78,475.76,475.76,-0.0,30.76,14575.26,-1
2024-10-16,2024-10-16 14:23:00,475.76,475.76,475.73,475.73,-0.01,30.76,14575.26,-1
2024-10-16,2024-10-16 14:24:00,475.73,475.73,475.7,475.7,-0.01,30.76,14575.26,-1
2024-10-16,2024-10-16 14:25:00,475.7,475.7,475.68,475.68,-0.0,30.76,14575.26,-1
2024-10-16,2024-10-16 14:26:00,475.68,475.68,475.65,475.65,-0.01,30.76,14575.26,-1
2024-10-16,2024-10-16 14:27:00,475.65,475.65,475.63,475.63,-0.0,30.76,14575.26,-1
2024-10-16,2024-10-16 14:28:00,475.63,475.63,475.6,475.6,-0.01,30.76,14575.26,-1
2024-10-16,2024-10-16 14:29:00,475.6,475.6,475.57,475.57,-0.01,30.76,14575.26,-1
2024-10-16,2024-10-16 14:30:00,475.57,475.57,475.55,475.55,-0.0,30.76,14575.26,-1
2024-10-16,2024-10-16 14:31:00,475.55,475.55,475.52,475.52,-0.01,30.76,14575.26,-1
2024-10-16,2024-10-16 14:32:00,475.52,475.52,475.5,475.5,-0.0,30.76,14575.26,-1
2024-10-16,2024-10-16 14:33:00,475.5,475.5,475.47,475.47,-0.01,30.76,14575.26,-1
2024-10-16,2024-10-16 14:34:00,475.47,475.47,475.45,475.45,-0.0,30.76,14575.26,-1
2024-10-16,2024-10-16 14:35:00,475.45,475.45,475.42,475.42,-0.01,30.76,14575.26,-1
2024-10-16,2024-10-16 14:36:00,475.42,475.42,475.39,475.39,-0.01,30.76,14575.26,-1
2024-10-16,2024-10-16 14:37:00,475.39,475.39,475.37,475.37,-0.0,30.76,14575.26,-1
2024-10-16,2024-10-16 14:38:00,475.37,475.37,475.34,475.34,-0.01,30.76,14575.26,-1
2024-10-16,2024-10-16 14:39:00,475.34,475.34,475.32,475.32,-0.0,30.76,14575.26,-1
2024-10-16,2024-10-16 14:40:00,475.32,475.32,475.29,475.29,-0.01,30.76,14575.26,-1
2024-10-16,2024-10-16 14:41:00,475.29,475.29,475.26,475.26,-0.01,30.76,14575.26,-1
2024-10-16,2024-10-16 14:42:00,475.26,475.26,475.24,475.24,-0.0,30.76,14575.26,-1
2024-10-16,2024-10-16 14:43:00,475.24,475.24,475.21,475.21,-0.01,30.76,14575.26,-1
2024-10-16,2024-10-16 14:44:00,475.21,475.21,475.19,475.19,-0.0,30.76,14575.26,-1
2024-10-16,2024-10-16 14:45:00,475.19,475.19,475.16,475.16,-0.01,30.76,14575.26,-1
2024-10-16,2024-10-16 14:46:00,475.16,475.16,475.14,475.14,-0.0,30.76,14575.26,-1
2024-10-16,2024-10-16 14:47:00,475.14,475.14,475.11,475.11,-0.01,30.76,14575.26,-1
2024-10-16,2024-10-16 14:48:00,475.11,475.11,475.08,475.08,-0.01,30.76,14575.26,-1
2024-10-16,2024-10-16 14:49:00,475.08,475.08,475.06,475.06,-0.0,30.76,14575.26,-1
2024-10-16,2024-10-16 14:50:00,475.06,475.06,475.03,475.03,-0.01,30.76,14575.26,-1
2024-10-16,2024-10-16 14:51:00,475.03,475.03,475.01,475.01,-0.0,30.76,14575.26,-1
2024-10-16,2024-10-16 14:52:00,475.01,475.01,474.98,474.98,-0.01,30.76,14575.26,-1
2024-10-16,2024-10-16 14:53:00,474.98,474.98,474.95,474.95,-0.01,30.76,14575.26,-1
2024-10-16,2024-10-16 14:54:00,474.95,474.95,474.93,474.93,-0.0,30.76,14575.26,-1
2024-10-16,2024-10-16 14:55:00,474.93,474.93,474.9,474.9,-0.01,30.76,14575.26,-1
2024-10-16,2024-10-16 14:56:00,474.9,474.9,474.88,474.88,-0.0,30.76,14575.26,-1
2024-10-16,2024-10-16 14:57:00,474.88,474.88,474.85,474.85,-0.01,30.76,14575.26,-1
2024-10-16,2024-10-16 14:58:00,474.85,474.85,474.83,474.83,-0.0,30.76,14575.26,-1
2024-10-16,2024-10-16 14:59:00,474.83,474.83,474.8,474.8,-0.01,30.76,14575.26,-1
2024-10-16,2024-10-16 15:00:00,474.8,481.0,464.0,474.8,0.0,30.76,14575.26,0
2024-10-17,2024-10-17 11:00:00,466.0,476.8,466.0,466.04,0.01,56.08,26843.82,1
2024-10-17,2024-10-17 11:01:00,466.04,466.08,466.04,466.08,0.01,56.08,26843.82,1
2024-10-17,2024-10-17 11:02:00,466.08,466.12,466.08,466.12,0.01,56.08,26843.82,1
2024-10-17,2024-10-17 11:03:00,466.12,466.16,466.12,466.16,0.01,56.08,26843.82,1
2024-10-17,2024-10-17 11:04:00,466.16,466.2,466.16,466.2,0.01,56.08,26843.82,1
2024-10-17,2024-10-17 11:05:00,466.2,466.24,466.2,466.24,0.01,56.08,26843.82,1
2024-10-17,2024-10-17 11:06:00,466.24,466.28,466.24,466.28,0.01,56.08,26843.82,1
2024-10-17,2024-10-17 11:07:00,466.28,466.32,466.28,466.32,0.01,56.08,26843.82,1
2024-10-17,2024-10-17 11:08:00,466.32,466.36,466.32,466.36,0.01,56.08,26843.82,1
2024-10-17,2024-10-17 11:09:00,466.36,466.4,466.36,466.4,0.01,56.08,26843.82,1
2024-10-17,2024-10-17 11:10:00,466.4,466.44,466.4,466.44,0.01,56.08,26843.82,1
2024-10-17,2024-10-17 11:11:00,466.44,466.48,466.44,466.48,0.01,56.08,26843.82,1
2024-10-17,2024-10-17 11:12:00,466.48,466.51,466.48,466.51,0.01,56.08,26843.82,1
2024-10-17,2024-10-17 11:13:00,466.51,466.55,466.51,466.55,0.01,56.08,26843.82,1
2024-10-17,2024-10-17 11:14:00,466.55,466.59,466.55,466.59,0.01,56.08,26843.82,1
2024-10-17,2024-10-17 11:15:00,466.59,466.63,466.59,466.63,0.01,56.08,26843.82,1
2024-10-17,2024-10-17 11:16:00,466.63,466.67,466.63,466.67,0.01,56.08,26843.82,1
2024-10-17,2024-10-17 11:17:00,466.67,466.71,466.67,466.71,0.01,56.08,26843.82,1
2024-10-17,2024-10-17 11:18:00,466.71,466.75,466.71,466.75,0.01,56.08,26843.82,1
2024-10-17,2024-10-17 11:19:00,466.75,466.79,466.75,466.79,0.01,56.08,26843.82,1
2024-10-17,2024-10-17 11:20:00,466.79,466.83,466.79,466.83,0.01,56.08,26843.82,1
2024-10-17,2024-10-17 11:21:00,466.83,466.87,466.83,466.87,0.01,56.08,26843.82,1
2024-10-17,2024-10-17 11:22:00,466.87,466.91,466.87,466.91,0.01,56.08,26843.82,1
2024-10-17,2024-10-17 11:23:00,466.91,466.95,466.91,466.95,0.01,56.08,26843.82,1
2024-10-17,2024-10-17 11:24:00,466.95,466.99,466.95,466.99,0.01,56.08,26843.82,1
2024-10-17,2024-10-17 11:25:00,466.99,467.03,466.99,467.03,0.01,56.08,26843.82,1
2024-10-17,2024-10-17 11:26:00,467.03,467.07,467.03,467.07,0.01,56.08,26843.82,1
2024-10-17,2024-10-17 11:27:00,467.07,467.11,467.07,467.11,0.01,56.08,26843.82,1
2024-10-17,2024-10-17 11:28:00,467.11,467.15,467.11,467.15,0.01,56.08,26843.82,1
2024-10-17,2024-10-17 11:29:00,467.15,467.19,467.15,467.19,0.01,56.08,26843.82,1
2024-10-17,2024-10-17 11:30:00,467.19,467.23,467.19,467.23,0.01,56.08,26843.82,1
2024-10-17,2024-10-17 11:31:00,467.23,467.27,467.23,467.27,0.01,56.08,26843.82,1
2024-10-17,2024-10-17 11:32:00,467.27,467.31,467.27,467.31,0.01,56.08,26843.82,1
2024-10-17,2024-10-17 11:33:00,467.31,467.35,467.31,467.35,0.01,56.08,26843.82,1
2024-10-17,2024-10-17 11:34:00,467.35,467.39,467.35,467.39,0.01,56.08,26843.82,1
2024-10-17,2024-10-17 11:35:00,467.39,467.43,467.39,467.43,0.01,56.08,26843.82,1
2024-10-17,2024-10-17 11:36:00,467.43,467.46,467.43,467.46,0.01,56.08,26843.82,1
2024-10-17,2024-10-17 11:37:00,467.46,467.5,467.46,467.5,0.01,56.08,26843.82,1
2024-10-17,2024-10-17 11:38:00,467.5,467.54,467.5,467.54,0.01,56.08,26843.82,1
2024-10-17,2024-10-17 11:39:00,467.54,467.58,467.54,467.58,0.01,56.08,26843.82,1
2024-10-17,2024-10-17 11:40:00,467.58,467.62,467.58,467.62,0.01,56.08,26843.82,1
2024-10-17,2024-10-17 11:41:00,467.62,467.66,467.62,467.66,0.01,56.08,26843.82,1
2024-10-17,2024-10-17 11:42:00,467.66,467.7,467.66,467.7,0.01,56.08,26843.82,1
2024-10-17,2024-10-17 11:43:00,467.7,467.74,467.7,467.74,0.01,56.08,26843.82,1
2024-10-17,2024-10-17 11:44:00,467.74,467.78,467.74,467.78,0.01,56.08,26843.82,1
2024-10-17,2024-10-17 11:45:00,467.78,467.82,467.78,467.82,0.01,56.08,26843.82,1
2024-10-17,2024-10-17 11:46:00,467.82,467.86,467.82,467.86,0.01,56.08,26843.82,1
2024-10-17,2024-10-17 11:47:00,467.86,467.9,467.86,467.9,0.01,56.08,26843.82,1
2024-10-17,2024-10-17 11:48:00,467.9,467.94,467.9,467.94,0.01,56.08,26843.82,1
2024-10-17,2024-10-17 11:49:00,467.94,467.98,467.94,467.98,0.01,56.08,26843.82,1
2024-10-17,2024-10-17 11:50:00,467.98,468.02,467.98,468.02,0.01,56.08,26843.82,1
2024-10-17,2024-10-17 11:51:00,468.02,468.06,468.02,468.06,0.01,56.08,26843.82,1
2024-10-17,2024-10-17 11:52:00,468.06,468.1,468.06,468.1,0.01,56.08,26843.82,1
2024-10-17,2024-10-17 11:53:00,468.1,468.14,468.1,468.14,0.01,56.08,26843.82,1
2024-10-17,2024-10-17 11:54:00,468.14,468.18,468.14,468.18,0.01,56.08,26843.82,1
2024-10-17,2024-10-17 11:55:00,468.18,468.22,468.18,468.22,0.01,56.08,26843.82,1
2024-10-17,2024-10-17 11:56:00,468.22,468.26,468.22,468.26,0.01,56.08,26843.82,1
2024-10-17,2024-10-17 11:57:00,468.26,468.3,468.26,468.3,0.01,56.08,26843.82,1
2024-10-17,2024-10-17 11:58:00,468.3,468.34,468.3,468.34,0.01,56.08,26843.82,1
2024-10-17,2024-10-17 11:59:00,468.34,468.38,468.34,468.38,0.01,56.08,26843.82,1
2024-10-17,2024-10-17 12:00:00,468.38,468.41,468.38,468.41,0.01,56.08,26843.82,1
2024-10-17,2024-10-17 12:01:00,468.41,468.45,468.41,468.45,0.01,56.08,26843.82,1
2024-10-17,2024-10-17 12:02:00,468.45,468.49,468.45,468.49,0.01,56.08,26843.82,1
2024-10-17,2024-10-17 12:03:00,468.49,468.53,468.49,468.53,0.01,56.08,26843.82,1
2024-10-17,2024-10-17 12:04:00,468.53,468.57,468.53,468.57,0.01,56.08,26843.82,1
2024-10-17,2024-10-17 12:05:00,468.57,468.61,468.57,468.61,0.01,56.08,26843.82,1
2024-10-17,2024-10-17 12:06:00,468.61,468.65,468.61,468.65,0.01,56.08,26843.82,1
2024-10-17,2024-10-17 12:07:00,468.65,468.69,468.65,468.69,0.01,56.08,26843.82,1
2024-10-17,2024-10-17 12:08:00,468.69,468.73,468.69,468.73,0.01,56.08,26843.82,1
2024-10-17,2024-10-17 12:09:00,468.73,468.77,468.73,468.77,0.01,56.08,26843.82,1
2024-10-17,2024-10-17 12:10:00,468.77,468.81,468.77,468.81,0.01,56.08,26843.82,1
2024-10-17,2024-10-17 12:11:00,468.81,468.85,468.81,468.85,0.01,56.08,26843.82,1
2024-10-17,2024-10-17 12:12:00,468.85,468.89,468.85,468.89,0.01,56.08,26843.82,1
2024-10-17,2024-10-17 12:13:00,468.89,468.93,468.89,468.93,0.01,56.08,26843.82,1
2024-10-17,2024-10-17 12:14:00,468.93,468.97,468.93,468.97,0.01,56.08,26843.82,1
2024-10-17,2024-10-17 12:15:00,468.97,469.01,468.97,469.01,0.01,56.08,26843.82,1
2024-10-17,2024-10-17 12:16:00,469.01,469.05,469.01,469.05,0.01,56.08,26843.82,1
2024-10-17,2024-10-17 12:17:00,469.05,469.09,469.05,469.09,0.01,56.08,26843.82,1
2024-10-17,2024-10-17 12:18:00,469.09,469.13,469.09,469.13,0.01,56.08,26843.82,1
2024-10-17,2024-10-17 12:19:00,469.13,469.17,469.13,469.17,0.01,56.08,26843.82,1
2024-10-17,2024-10-17 12:20:00,469.17,469.21,469.17,469.21,0.01,56.08,26843.82,1
2024-10-17,2024-10-17 12:21:00,469.21,469.25,469.21,469.25,0.01,56.08,26843.82,1
2024-10-17,2024-10-17 12:22:00,469.25,469.29,469.25,469.29,0.01,56.08,26843.82,1
2024-10-17,2024-10-17 12:23:00,469.29,469.32,469.29,469.32,0.01,56.08,26843.82,1
2024-10-17,2024-10-17 12:24:00,469.32,469.36,469.32,469.36,0.01,56.08,26843.82,1
2024-10-17,2024-10-17 12:25:00,469.36,469.4,469.36,469.4,0.01,56.08,26843.82,1
2024-10-17,2024-10-17 12:26:00,469.4,469.44,469.4,469.44,0.01,56.08,26843.82,1
2024-10-17,2024-10-17 12:27:00,469.44,469.48,469.44,469.48,0.01,56.08,26843.82,1
2024-10-17,2024-10-17 12:28:00,469.48,469.52,469.48,469.52,0.01,56.08,26843.82,1
2024-10-17,2024-10-17 12:29:00,469.52,469.56,469.52,469.56,0.01,56.08,26843.82,1
2024-10-17,2024-10-17 12:30:00,469.56,469.6,469.56,469.6,0.01,56.08,26843.82,1
2024-10-17,2024-10-17 12:31:00,469.6,469.64,469.6,469.64,0.01,56.08,26843.82,1
2024-10-17,2024-10-17 12:32:00,469.64,469.68,469.64,469.68,0.01,56.08,26843.82,1
2024-10-17,2024-10-17 12:33:00,469.68,469.72,469.68,469.72,0.01,56.08,26843.82,1
2024-10-17,2024-10-17 12:34:00,469.72,469.76,469.72,469.76,0.01,56.08,26843.82,1
2024-10-17,2024-10-17 12:35:00,469.76,469.8,469.76,469.8,0.01,56.08,26843.82,1
2024-10-17,2024-10-17 12:36:00,469.8,469.84,469.8,469.84,0.01,56.08,26843.82,1
2024-10-17,2024-10-17 12:37:00,469.84,469.88,469.84,469.88,0.01,56.08,26843.82,1
2024-10-17,2024-10-17 12:38:00,469.88,469.92,469.88,469.92,0.01,56.08,26843.82,1
2024-10-17,2024-10-17 12:39:00,469.92,469.96,469.92,469.96,0.01,56.08,26843.82,1
2024-10-17,2024-10-17 12:40:00,469.96,470.0,469.96,470.0,0.01,56.08,26843.82,1
2024-10-17,2024-10-17 12:41:00,470.0,470.04,470.0,470.04,0.01,56.08,26843.82,1
2024-10-17,2024-10-17 12:42:00,470.04,470.08,470.04,470.08,0.01,56.08,26843.82,1
2024-10-17,2024-10-17 12:43:00,470.08,470.12,470.08,470.12,0.01,56.08,26843.82,1
2024-10-17,2024-10-17 12:44:00,470.12,470.16,470.12,470.16,0.01,56.08,26843.82,1
2024-10-17,2024-10-17 12:45:00,470.16,470.2,470.16,470.2,0.01,56.08,26843.82,1
2024-10-17,2024-10-17 12:46:00,470.2,470.24,470.2,470.24,0.01,56.08,26843.82,1
2024-10-17,2024-10-17 12:47:00,470.24,470.27,470.24,470.27,0.01,56.08,26843.82,1
2024-10-17,2024-10-17 12:48:00,470.27,470.31,470.27,470.31,0.01,56.08,26843.82,1
2024-10-17,2024-10-17 12:49:00,470.31,470.35,470.31,470.35,0.01,56.08,26843.82,1
2024-10-17,2024-10-17 12:50:00,470.35,470.39,470.35,470.39,0.01,56.08,26843.82,1
2024-10-17,2024-10-17 12:51:00,470.39,470.43,470.39,470.43,0.01,56.08,26843.82,1
2024-10-17,2024-10-17 12:52:00,470.43,470.47,470.43,470.47,0.01,56.08,26843.82,1
2024-10-17,2024-10-17 12:53:00,470.47,470.51,470.47,470.51,0.01,56.08,26843.82,1
2024-10-17,2024-10-17 12:54:00,470.51,470.55,470.51,470.55,0.01,56.08,26843.82,1
2024-10-17,2024-10-17 12:55:00,470.55,470.59,470.55,470.59,0.01,56.08,26843.82,1
2024-10-17,2024-10-17 12:56:00,470.59,470.63,470.59,470.63,0.01,56.08,26843.82,1
2024-10-17,2024-10-17 12:57:00,470.63,470.67,470.63,470.67,0.01,56.08,26843.82,1
2024-10-17,2024-10-17 12:58:00,470.67,470.71,470.67,470.71,0.01,56.08,26843.82,1
2024-10-17,2024-10-17 12:59:00,470.71,470.75,470.71,470.75,0.01,56.08,26843.82,1
2024-10-17,2024-10-17 13:00:00,470.75,502.0,466.0,470.79,0.01,56.08,26843.82,1
2024-10-17,2024-10-17 13:01:00,470.79,470.83,470.79,470.83,0.01,56.08,26843.82,1
2024-10-17,2024-10-17 13:02:00,470.83,470.87,470.83,470.87,0.01,56.08,26843.82,1
2024-10-17,2024-10-17 13:03:00,470.87,470.91,470.87,470.91,0.01,56.08,26843.82,1
2024-10-17,2024-10-17 13:04:00,470.91,470.95,470.91,470.95,0.01,56.08,26843.82,1
2024-10-17,2024-10-17 13:05:00,470.95,470.99,470.95,470.99,0.01,56.08,26843.82,1
2024-10-17,2024-10-17 13:06:00,470.99,471.03,470.99,471.03,0.01,56.08,26843.82,1
2024-10-17,2024-10-17 13:07:00,471.03,471.07,471.03,471.07,0.01,56.08,26843.82,1
2024-10-17,2024-10-17 13:08:00,471.07,471.11,471.07,471.11,0.01,56.08,26843.82,1
2024-10-17,2024-10-17 13:09:00,471.11,471.15,471.11,471.15,0.01,56.08,26843.82,1
2024-10-17,2024-10-17 13:10:00,471.15,471.19,471.15,471.19,0.01,56.08,26843.82,1
2024-10-17,2024-10-17 13:11:00,471.19,471.23,471.19,471.23,0.01,56.08,26843.82,1
2024-10-17,2024-10-17 13:12:00,471.23,471.26,471.23,471.26,0.01,56.08,26843.82,1
2024-10-17,2024-10-17 13:13:00,471.26,471.3,471.26,471.3,0.01,56.08,26843.82,1
2024-10-17,2024-10-17 13:14:00,471.3,471.34,471.3,471.34,0.01,56.08,26843.82,1
2024-10-17,2024-10-17 13:15:00,471.34,471.38,471.34,471.38,0.01,56.08,26843.82,1
2024-10-17,2024-10-17 13:16:00,471.38,471.42,471.38,471.42,0.01,56.08,26843.82,1
2024-10-17,2024-10-17 13:17:00,471.42,471.46,471.42,471.46,0.01,56.08,26843.82,1
2024-10-17,2024-10-17 13:18:00,471.46,471.5,471.46,471.5,0.01,56.08,26843.82,1
2024-10-17,2024-10-17 13:19:00,471.5,471.54,471.5,471.54,0.01,56.08,26843.82,1
2024-10-17,2024-10-17 13:20:00,471.54,471.58,471.54,471.58,0.01,56.08,26843.82,1
2024-10-17,2024-10-17 13:21:00,471.58,471.62,471.58,471.62,0.01,56.08,26843.82,1
2024-10-17,2024-10-17 13:22:00,471.62,471.66,471.62,471.66,0.01,56.08,26843.82,1
2024-10-17,2024-10-17 13:23:00,471.66,471.7,471.66,471.7,0.01,56.08,26843.82,1
2024-10-17,2024-10-17 13:24:00,471.7,471.74,471.7,471.74,0.01,56.08,26843.82,1
2024-10-17,2024-10-17 13:25:00,471.74,471.78,471.74,471.78,0.01,56.08,26843.82,1
2024-10-17,2024-10-17 13:26:00,471.78,471.82,471.78,471.82,0.01,56.08,26843.82,1
2024-10-17,2024-10-17 13:27:00,471.82,471.86,471.82,471.86,0.01,56.08,26843.82,1
2024-10-17,2024-10-17 13:28:00,471.86,471.9,471.86,471.9,0.01,56.08,26843.82,1
2024-10-17,2024-10-17 13:29:00,471.9,471.94,471.9,471.94,0.01,56.08,26843.82,1
2024-10-17,2024-10-17 13:30:00,471.94,471.98,471.94,471.98,0.01,56.08,26843.82,1
2024-10-17,2024-10-17 13:31:00,471.98,472.02,471.98,472.02,0.01,56.08,26843.82,1
2024-10-17,2024-10-17 13:32:00,472.02,472.06,472.02,472.06,0.01,56.08,26843.82,1
2024-10-17,2024-10-17 13:33:00,472.06,472.1,472.06,472.1,0.01,56.08,26843.82,1
2024-10-17,2024-10-17 13:34:00,472.1,472.14,472.1,472.14,0.01,56.08,26843.82,1
2024-10-17,2024-10-17 13:35:00,472.14,472.18,472.14,472.18,0.01,56.08,26843.82,1
2024-10-17,2024-10-17 13:36:00,472.18,472.21,472.18,472.21,0.01,56.08,26843.82,1
2024-10-17,2024-10-17 13:37:00,472.21,472.25,472.21,472.25,0.01,56.08,26843.82,1
2024-10-17,2024-10-17 13:38:00,472.25,472.29,472.25,472.29,0.01,56.08,26843.82,1
2024-10-17,2024-10-17 13:39:00,472.29,472.33,472.29,472.33,0.01,56.08,26843.82,1
2024-10-17,2024-10-17 13:40:00,472.33,472.37,472.33,472.37,0.01,56.08,26843.82,1
2024-10-17,2024-10-17 13:41:00,472.37,472.41,472.37,472.41,0.01,56.08,26843.82,1
2024-10-17,2024-10-17 13:42:00,472.41,472.45,472.41,472.45,0.01,56.08,26843.82,1
2024-10-17,2024-10-17 13:43:00,472.45,472.49,472.45,472.49,0.01,56.08,26843.82,1
2024-10-17,2024-10-17 13:44:00,472.49,472.53,472.49,472.53,0.01,56.08,26843.82,1
2024-10-17,2024-10-17 13:45:00,472.53,472.57,472.53,472.57,0.01,56.08,26843.82,1
2024-10-17,2024-10-17 13:46:00,472.57,472.61,472.57,472.61,0.01,56.08,26843.82,1
2024-10-17,2024-10-17 13:47:00,472.61,472.65,472.61,472.65,0.01,56.08,26843.82,1
2024-10-17,2024-10-17 13:48:00,472.65,472.69,472.65,472.69,0.01,56.08,26843.82,1
2024-10-17,2024-10-17 13:49:00,472.69,472.73,472.69,472.73,0.01,56.08,26843.82,1
2024-10-17,2024-10-17 13:50:00,472.73,472.77,472.73,472.77,0.01,56.08,26843.82,1
2024-10-17,2024-10-17 13:51:00,472.77,472.81,472.77,472.81,0.01,56.08,26843.82,1
2024-10-17,2024-10-17 13:52:00,472.81,472.85,472.81,472.85,0.01,56.08,26843.82,1
2024-10-17,2024-10-17 13:53:00,472.85,472.89,472.85,472.89,0.01,56.08,26843.82,1
2024-10-17,2024-10-17 13:54:00,472.89,472.93,472.89,472.93,0.01,56.08,26843.82,1
2024-10-17,2024-10-17 13:55:00,472.93,472.97,472.93,472.97,0.01,56.08,26843.82,1
2024-10-17,2024-10-17 13:56:00,472.97,473.01,472.97,473.01,0.01,56.08,26843.82,1
2024-10-17,2024-10-17 13:57:00,473.01,473.05,473.01,473.05,0.01,56.08,26843.82,1
2024-10-17,2024-10-17 13:58:00,473.05,473.09,473.05,473.09,0.01,56.08,26843.82,1
2024-10-17,2024-10-17 13:59:00,473.09,473.12,473.09,473.12,0.01,56.08,26843.82,1
2024-10-17,2024-10-17 14:00:00,473.12,473.16,473.12,473.16,0.01,56.08,26843.82,1
2024-10-17,2024-10-17 14:01:00,473.16,473.2,473.16,473.2,0.01,56.08,26843.82,1
2024-10-17,2024-10-17 14:02:00,473.2,473.24,473.2,473.24,0.01,56.08,26843.82,1
2024-10-17,2024-10-17 14:03:00,473.24,473.28,473.24,473.28,0.01,56.08,26843.82,1
2024-10-17,2024-10-17 14:04:00,473.28,473.32,473.28,473.32,0.01,56.08,26843.82,1
2024-10-17,2024-10-17 14:05:00,473.32,473.36,473.32,473.36,0.01,56.08,26843.82,1
2024-10-17,2024-10-17 14:06:00,473.36,473.4,473.36,473.4,0.01,56.08,26843.82,1
2024-10-17,2024-10-17 14:07:00,473.4,473.44,473.4,473.44,0.01,56.08,26843.82,1
2024-10-17,2024-10-17 14:08:00,473.44,473.48,473.44,473.48,0.01,56.08,26843.82,1
2024-10-17,2024-10-17 14:09:00,473.48,473.52,473.48,473.52,0.01,56.08,26843.82,1
2024-10-17,2024-10-17 14:10:00,473.52,473.56,473.52,473.56,0.01,56.08,26843.82,1
2024-10-17,2024-10-17 14:11:00,473.56,473.6,473.56,473.6,0.01,56.08,26843.82,1
2024-10-17,2024-10-17 14:12:00,473.6,473.64,473.6,473.64,0.01,56.08,26843.82,1
2024-10-17,2024-10-17 14:13:00,473.64,473.68,473.64,473.68,0.01,56.08,26843.82,1
2024-10-17,2024-10-17 14:14:00,473.68,473.72,473.68,473.72,0.01,56.08,26843.82,1
2024-10-17,2024-10-17 14:15:00,473.72,473.76,473.72,473.76,0.01,56.08,26843.82,1
2024-10-17,2024-10-17 14:16:00,473.76,473.8,473.76,473.8,0.01,56.08,26843.82,1
2024-10-17,2024-10-17 14:17:00,473.8,473.84,473.8,473.84,0.01,56.08,26843.82,1
2024-10-17,2024-10-17 14:18:00,473.84,473.88,473.84,473.88,0.01,56.08,26843.82,1
2024-10-17,2024-10-17 14:19:00,473.88,473.92,473.88,473.92,0.01,56.08,26843.82,1
2024-10-17,2024-10-17 14:20:00,473.92,473.96,473.92,473.96,0.01,56.08,26843.82,1
2024-10-17,2024-10-17 14:21:00,473.96,474.0,473.96,474.0,0.01,56.08,26843.82,1
2024-10-17,2024-10-17 14:22:00,474.0,474.04,474.0,474.04,0.01,56.08,26843.82,1
2024-10-17,2024-10-17 14:23:00,474.04,474.07,474.04,474.07,0.01,56.08,26843.82,1
2024-10-17,2024-10-17 14:24:00,474.07,474.11,474.07,474.11,0.01,56.08,26843.82,1
2024-10-17,2024-10-17 14:25:00,474.11,474.15,474.11,474.15,0.01,56.08,26843.82,1
2024-10-17,2024-10-17 14:26:00,474.15,474.19,474.15,474.19,0.01,56.08,26843.82,1
2024-10-17,2024-10-17 14:27:00,474.19,474.23,474.19,474.23,0.01,56.08,26843.82,1
2024-10-17,2024-10-17 14:28:00,474.23,474.27,474.23,474.27,0.01,56.08,26843.82,1
2024-10-17,2024-10-17 14:29:00,474.27,474.31,474.27,474.31,0.01,56.08,26843.82,1
2024-10-17,2024-10-17 14:30:00,474.31,474.35,474.31,474.35,0.01,56.08,26843.82,1
2024-10-17,2024-10-17 14:31:00,474.35,474.39,474.35,474.39,0.01,56.08,26843.82,1
2024-10-17,2024-10-17 14:32:00,474.39,474.43,474.39,474.43,0.01,56.08,26843.82,1
2024-10-17,2024-10-17 14:33:00,474.43,474.47,474.43,474.47,0.01,56.08,26843.82,1
2024-10-17,2024-10-17 14:34:00,474.47,474.51,474.47,474.51,0.01,56.08,26843.82,1
2024-10-17,2024-10-17 14:35:00,474.51,474.55,474.51,474.55,0.01,56.08,26843.82,1
2024-10-17,2024-10-17 14:36:00,474.55,474.59,474.55,474.59,0.01,56.08,26843.82,1
2024-10-17,2024-10-17 14:37:00,474.59,474.63,474.59,474.63,0.01,56.08,26843.82,1
2024-10-17,2024-10-17 14:38:00,474.63,474.67,474.63,474.67,0.01,56.08,26843.82,1
2024-10-17,2024-10-17 14:39:00,474.67,474.71,474.67,474.71,0.01,56.08,26843.82,1
2024-10-17,2024-10-17 14:40:00,474.71,474.75,474.71,474.75,0.01,56.08,26843.82,1
2024-10-17,2024-10-17 14:41:00,474.75,474.79,474.75,474.79,0.01,56.08,26843.82,1
2024-10-17,2024-10-17 14:42:00,474.79,474.83,474.79,474.83,0.01,56.08,26843.82,1
2024-10-17,2024-10-17 14:43:00,474.83,474.87,474.83,474.87,0.01,56.08,26843.82,1
2024-10-17,2024-10-17 14:44:00,474.87,474.91,474.87,474.91,0.01,56.08,26843.82,1
2024-10-17,2024-10-17 14:45:00,474.91,474.95,474.91,474.95,0.01,56.08,26843.82,1
2024-10-17,2024-10-17 14:46:00,474.95,474.99,474.95,474.99,0.01,56.08,26843.82,1
2024-10-17,2024-10-17 14:47:00,474.99,475.02,474.99,475.02,0.01,56.08,26843.82,1
2024-10-17,2024-10-17 14:48:00,475.02,475.06,475.02,475.06,0.01,56.08,26843.82,1
2024-10-17,2024-10-17 14:49:00,475.06,475.1,475.06,475.1,0.01,56.08,26843.82,1
2024-10-17,2024-10-17 14:50:00,475.1,475.14,475.1,475.14,0.01,56.08,26843.82,1
2024-10-17,2024-10-17 14:51:00,475.14,475.18,475.14,475.18,0.01,56.08,26843.82,1
2024-10-17,2024-10-17 14:52:00,475.18,475.22,475.18,475.22,0.01,56.08,26843.82,1
2024-10-17,2024-10-17 14:53:00,475.22,475.26,475.22,475.26,0.01,56.08,26843.82,1
2024-10-17,2024-10-17 14:54:00,475.26,475.3,475.26,475.3,0.01,56.08,26843.82,1
2024-10-17,2024-10-17 14:55:00,475.3,475.34,475.3,475.34,0.01,56.08,26843.82,1
2024-10-17,2024-10-17 14:56:00,475.34,475.38,475.34,475.38,0.01,56.08,26843.82,1
2024-10-17,2024-10-17 14:57:00,475.38,475.42,475.38,475.42,0.01,56.08,26843.82,1
2024-10-17,2024-10-17 14:58:00,475.42,475.46,475.42,475.46,0.01,56.08,26843.82,1
2024-10-17,2024-10-17 14:59:00,475.46,475.5,475.46,475.5,0.01,56.08,26843.82,1
2024-10-17,2024-10-17 15:00:00,475.5,502.0,466.0,475.5,0.0,56.08,26843.82,0
2024-10-20,2024-10-20 11:00:00,469.0,473.5,466.3,468.98,-0.0,73.92,34546.9,-1
2024-10-20,2024-10-20 11:01:00,468.98,468.98,468.96,468.96,-0.0,73.92,34546.9,-1
2024-10-20,2024-10-20 11:02:00,468.96,468.96,468.94,468.94,-0.0,73.92,34546.9,-1
2024-10-20,2024-10-20 11:03:00,468.94,468.94,468.92,468.92,-0.0,73.92,34546.9,-1
2024-10-20,2024-10-20 11:04:00,468.92,468.92,468.9,468.9,-0.0,73.92,34546.9,-1
2024-10-20,2024-10-20 11:05:00,468.9,468.9,468.88,468.88,-0.0,73.92,34546.9,-1
2024-10-20,2024-10-20 11:06:00,468.88,468.88,468.85,468.85,-0.01,73.92,34546.9,-1
2024-10-20,2024-10-20 11:07:00,468.85,468.85,468.83,468.83,-0.0,73.92,34546.9,-1
2024-10-20,2024-10-20 11:08:00,468.83,468.83,468.81,468.81,-0.0,73.92,34546.9,-1
2024-10-20,2024-10-20 11:09:00,468.81,468.81,468.79,468.79,-0.0,73.92,34546.9,-1
2024-10-20,2024-10-20 11:10:00,468.79,468.79,468.77,468.77,-0.0,73.92,34546.9,-1
2024-10-20,2024-10-20 11:11:00,468.77,468.77,468.75,468.75,-0.0,73.92,34546.9,-1
2024-10-20,2024-10-20 11:12:00,468.75,468.75,468.73,468.73,-0.0,73.92,34546.9,-1
2024-10-20,2024-10-20 11:13:00,468.73,468.73,468.71,468.71,-0.0,73.92,34546.9,-1
2024-10-20,2024-10-20 11:14:00,468.71,468.71,468.69,468.69,-0.0,73.92,34546.9,-1
2024-10-20,2024-10-20 11:15:00,468.69,468.69,468.67,468.67,-0.0,73.92,34546.9,-1
2024-10-20,2024-10-20 11:16:00,468.67,468.67,468.65,468.65,-0.0,73.92,34546.9,-1
2024-10-20,2024-10-20 11:17:00,468.65,468.65,468.62,468.62,-0.01,73.92,34546.9,-1
2024-10-20,2024-10-20 11:18:00,468.62,468.62,468.6,468.6,-0.0,73.92,34546.9,-1
2024-10-20,2024-10-20 11:19:00,468.6,468.6,468.58,468.58,-0.0,73.92,34546.9,-1
2024-10-20,2024-10-20 11:20:00,468.58,468.58,468.56,468.56,-0.0,73.92,34546.9,-1
2024-10-20,2024-10-20 11:21:00,468.56,468.56,468.54,468.54,-0.0,73.92,34546.9,-1
2024-10-20,2024-10-20 11:22:00,468.54,468.54,468.52,468.52,-0.0,73.92,34546.9,-1
2024-10-20,2024-10-20 11:23:00,468.52,468.52,468.5,468.5,-0.0,73.92,34546.9,-1
2024-10-20,2024-10-20 11:24:00,468.5,468.5,468.48,468.48,-0.0,73.92,34546.9,-1
2024-10-20,2024-10-20 11:25:00,468.48,468.48,468.46,468.46,-0.0,73.92,34546.9,-1
2024-10-20,2024-10-20 11:26:00,468.46,468.46,468.44,468.44,-0.0,73.92,34546.9,-1
2024-10-20,2024-10-20 11:27:00,468.44,468.44,468.42,468.42,-0.0,73.92,34546.9,-1
2024-10-20,2024-10-20 11:28:00,468.42,468.42,468.4,468.4,-0.0,73.92,34546.9,-1
2024-10-20,2024-10-20 11:29:00,468.4,468.4,468.38,468.38,-0.0,73.92,34546.9,-1
2024-10-20,2024-10-20 11:30:00,468.38,468.38,468.35,468.35,-0.01,73.92,34546.9,-1
2024-10-20,2024-10-20 11:31:00,468.35,468.35,468.33,468.33,-0.0,73.92,34546.9,-1
2024-10-20,2024-10-20 11:32:00,468.33,468.33,468.31,468.31,-0.0,73.92,34546.9,-1
2024-10-20,2024-10-20 11:33:00,468.31,468.31,468.29,468.29,-0.0,73.92,34546.9,-1
2024-10-20,2024-10-20 11:34:00,468.29,468.29,468.27,468.27,-0.0,73.92,34546.9,-1
2024-10-20,2024-10-20 11:35:00,468.27,468.27,468.25,468.25,-0.0,73.92,34546.9,-1
2024-10-20,2024-10-20 11:36:00,468.25,468.25,468.23,468.23,-0.0,73.92,34546.9,-1
2024-10-20,2024-10-20 11:37:00,468.23,468.23,468.21,468.21,-0.0,73.92,34546.9,-1
2024-10-20,2024-10-20 11:38:00,468.21,468.21,468.19,468.19,-0.0,73.92,34546.9,-1
2024-10-20,2024-10-20 11:39:00,468.19,468.19,468.17,468.17,-0.0,73.92,34546.9,-1
2024-10-20,2024-10-20 11:40:00,468.17,468.17,468.15,468.15,-0.0,73.92,34546.9,-1
2024-10-20,2024-10-20 11:41:00,468.15,468.15,468.12,468.12,-0.01,73.92,34546.9,-1
2024-10-20,2024-10-20 11:42:00,468.12,468.12,468.1,468.1,-0.0,73.92,34546.9,-1
2024-10-20,2024-10-20 11:43:00,468.1,468.1,468.08,468.08,-0.0,73.92,34546.9,-1
2024-10-20,2024-10-20 11:44:00,468.08,468.08,468.06,468.06,-0.0,73.92,34546.9,-1
2024-10-20,2024-10-20 11:45:00,468.06,468.06,468.04,468.04,-0.0,73.92,34546.9,-1
2024-10-20,2024-10-20 11:46:00,468.04,468.04,468.02,468.02,-0.0,73.92,34546.9,-1
2024-10-20,2024-10-20 11:47:00,468.02,468.02,468.0,468.0,-0.0,73.92,34546.9,-1
2024-10-20,2024-10-20 11:48:00,468.0,468.0,467.98,467.98,-0.0,73.92,34546.9,-1
2024-10-20,2024-10-20 11:49:00,467.98,467.98,467.96,467.96,-0.0,73.92,34546.9,-1
2024-10-20,2024-10-20 11:50:00,467.96,467.96,467.94,467.94,-0.0,73.92,34546.9,-1
2024-10-20,2024-10-20 11:51:00,467.94,467.94,467.92,467.92,-0.0,73.92,34546.9,-1
2024-10-20,2024-10-20 11:52:00,467.92,467.92,467.9,467.9,-0.0,73.92,34546.9,-1
2024-10-20,2024-10-20 11:53:00,467.9,467.9,467.88,467.88,-0.0,73.92,34546.9,-1
2024-10-20,2024-10-20 11:54:00,467.88,467.88,467.85,467.85,-0.01,73.92,34546.9,-1
2024-10-20,2024-10-20 11:55:00,467.85,467.85,467.83,467.83,-0.0,73.92,34546.9,-1
2024-10-20,2024-10-20 11:56:00,467.83,467.83,467.81,467.81,-0.0,73.92,34546.9,-1
2024-10-20,2024-10-20 11:57:00,467.81,467.81,467.79,467.79,-0.0,73.92,34546.9,-1
2024-10-20,2024-10-20 11:58:00,467.79,467.79,467.77,467.77,-0.0,73.92,34546.9,-1
2024-10-20,2024-10-20 11:59:00,467.77,467.77,467.75,467.75,-0.0,73.92,34546.9,-1
2024-10-20,2024-10-20 12:00:00,467.75,467.75,467.73,467.73,-0.0,73.92,34546.9,-1
2024-10-20,2024-10-20 12:01:00,467.73,467.73,467.71,467.71,-0.0,73.92,34546.9,-1
2024-10-20,2024-10-20 12:02:00,467.71,467.71,467.69,467.69,-0.0,73.92,34546.9,-1
2024-10-20,2024-10-20 12:03:00,467.69,467.69,467.67,467.67,-0.0,73.92,34546.9,-1
2024-10-20,2024-10-20 12:04:00,467.67,467.67,467.65,467.65,-0.0,73.92,34546.9,-1
2024-10-20,2024-10-20 12:05:00,467.65,467.65,467.62,467.62,-0.01,73.92,34546.9,-1
2024-10-20,2024-10-20 12:06:00,467.62,467.62,467.6,467.6,-0.0,73.92,34546.9,-1
2024-10-20,2024-10-20 12:07:00,467.6,467.6,467.58,467.58,-0.0,73.92,34546.9,-1
2024-10-20,2024-10-20 12:08:00,467.58,467.58,467.56,467.56,-0.0,73.92,34546.9,-1
2024-10-20,2024-10-20 12:09:00,467.56,467.56,467.54,467.54,-0.0,73.92,34546.9,-1
2024-10-20,2024-10-20 12:10:00,467.54,467.54,467.52,467.52,-0.0,73.92,34546.9,-1
2024-10-20,2024-10-20 12:11:00,467.52,467.52,467.5,467.5,-0.0,73.92,34546.9,-1
2024-10-20,2024-10-20 12:12:00,467.5,467.5,467.48,467.48,-0.0,73.92,34546.9,-1
2024-10-20,2024-10-20 12:13:00,467.48,467.48,467.46,467.46,-0.0,73.92,34546.9,-1
2024-10-20,2024-10-20 12:14:00,467.46,467.46,467.44,467.44,-0.0,73.92,34546.9,-1
2024-10-20,2024-10-20 12:15:00,467.44,467.44,467.42,467.42,-0.0,73.92,34546.9,-1
2024-10-20,2024-10-20 12:16:00,467.42,467.42,467.4,467.4,-0.0,73.92,34546.9,-1
2024-10-20,2024-10-20 12:17:00,467.4,467.4,467.38,467.38,-0.0,73.92,34546.9,-1
2024-10-20,2024-10-20 12:18:00,467.38,467.38,467.35,467.35,-0.01,73.92,34546.9,-1
2024-10-20,2024-10-20 12:19:00,467.35,467.35,467.33,467.33,-0.0,73.92,34546.9,-1
2024-10-20,2024-10-20 12:20:00,467.33,467.33,467.31,467.31,-0.0,73.92,34546.9,-1
2024-10-20,2024-10-20 12:21:00,467.31,467.31,467.29,467.29,-0.0,73.92,34546.9,-1
2024-10-20,2024-10-20 12:22:00,467.29,467.29,467.27,467.27,-0.0,73.92,34546.9,-1
2024-10-20,2024-10-20 12:23:00,467.27,467.27,467.25,467.25,-0.0,73.92,34546.9,-1
2024-10-20,2024-10-20 12:24:00,467.25,467.25,467.23,467.23,-0.0,73.92,34546.9,-1
2024-10-20,2024-10-20 12:25:00,467.23,467.23,467.21,467.21,-0.0,73.92,34546.9,-1
2024-10-20,2024-10-20 12:26:00,467.21,467.21,467.19,467.19,-0.0,73.92,34546.9,-1
2024-10-20,2024-10-20 12:27:00,467.19,467.19,467.17,467.17,-0.0,73.92,34546.9,-1
2024-10-20,2024-10-20 12:28:00,467.17,467.17,467.15,467.15,-0.0,73.92,34546.9,-1
2024-10-20,2024-10-20 12:29:00,467.15,467.15,467.12,467.12,-0.01,73.92,34546.9,-1
2024-10-20,2024-10-20 12:30:00,467.12,467.12,467.1,467.1,-0.0,73.92,34546.9,-1
2024-10-20,2024-10-20 12:31:00,467.1,467.1,467.08,467.08,-0.0,73.92,34546.9,-1
2024-10-20,2024-10-20 12:32:00,467.08,467.08,467.06,467.06,-0.0,73.92,34546.9,-1
2024-10-20,2024-10-20 12:33:00,467.06,467.06,467.04,467.04,-0.0,73.92,34546.9,-1
2024-10-20,2024-10-20 12:34:00,467.04,467.04,467.02,467.02,-0.0,73.92,34546.9,-1
2024-10-20,2024-10-20 12:35:00,467.02,467.02,467.0,467.0,-0.0,73.92,34546.9,-1
2024-10-20,2024-10-20 12:36:00,467.0,467.0,466.98,466.98,-0.0,73.92,34546.9,-1
2024-10-20,2024-10-20 12:37:00,466.98,466.98,466.96,466.96,-0.0,73.92,34546.9,-1
2024-10-20,2024-10-20 12:38:00,466.96,466.96,466.94,466.94,-0.0,73.92,34546.9,-1
2024-10-20,2024-10-20 12:39:00,466.94,466.94,466.92,466.92,-0.0,73.92,34546.9,-1
2024-10-20,2024-10-20 12:40:00,466.92,466.92,466.9,466.9,-0.0,73.92,34546.9,-1
2024-10-20,2024-10-20 12:41:00,466.9,466.9,466.88,466.88,-0.0,73.92,34546.9,-1
2024-10-20,2024-10-20 12:42:00,466.88,466.88,466.85,466.85,-0.01,73.92,34546.9,-1
2024-10-20,2024-10-20 12:43:00,466.85,466.85,466.83,466.83,-0.0,73.92,34546.9,-1
2024-10-20,2024-10-20 12:44:00,466.83,466.83,466.81,466.81,-0.0,73.92,34546.9,-1
2024-10-20,2024-10-20 12:45:00,466.81,466.81,466.79,466.79,-0.0,73.92,34546.9,-1
2024-10-20,2024-10-20 12:46:00,466.79,466.79,466.77,466.77,-0.0,73.92,34546.9,-1
2024-10-20,2024-10-20 12:47:00,466.77,466.77,466.75,466.75,-0.0,73.92,34546.9,-1
2024-10-20,2024-10-20 12:48:00,466.75,466.75,466.73,466.73,-0.0,73.92,34546.9,-1
2024-10-20,2024-10-20 12:49:00,466.73,466.73,466.71,466.71,-0.0,73.92,34546.9,-1
2024-10-20,2024-10-20 12:50:00,466.71,466.71,466.69,466.69,-0.0,73.92,34546.9,-1
2024-10-20,2024-10-20 12:51:00,466.69,466.69,466.67,466.67,-0.0,73.92,34546.9,-1
2024-10-20,2024-10-20 12:52:00,466.67,466.67,466.65,466.65,-0.0,73.92,34546.9,-1
2024-10-20,2024-10-20 12:53:00,466.65,466.65,466.62,466.62,-0.01,73.92,34546.9,-1
2024-10-20,2024-10-20 12:54:00,466.62,466.62,466.6,466.6,-0.0,73.92,34546.9,-1
2024-10-20,2024-10-20 12:55:00,466.6,466.6,466.58,466.58,-0.0,73.92,34546.9,-1
2024-10-20,2024-10-20 12:56:00,466.58,466.58,466.56,466.56,-0.0,73.92,34546.9,-1
2024-10-20,2024-10-20 12:57:00,466.56,466.56,466.54,466.54,-0.0,73.92,34546.9,-1
2024-10-20,2024-10-20 12:58:00,466.54,466.54,466.52,466.52,-0.0,73.92,34546.9,-1
2024-10-20,2024-10-20 12:59:00,466.52,466.52,466.5,466.5,-0.0,73.92,34546.9,-1
2024-10-20,2024-10-20 13:00:00,466.5,484.0,460.0,466.48,-0.0,73.92,34546.9,-1
2024-10-20,2024-10-20 13:01:00,466.48,466.48,466.46,466.46,-0.0,73.92,34546.9,-1
2024-10-20,2024-10-20 13:02:00,466.46,466.46,466.44,466.44,-0.0,73.92,34546.9,-1
2024-10-20,2024-10-20 13:03:00,466.44,466.44,466.42,466.42,-0.0,73.92,34546.9,-1
2024-10-20,2024-10-20 13:04:00,466.42,466.42,466.4,466.4,-0.0,73.92,34546.9,-1
2024-10-20,2024-10-20 13:05:00,466.4,466.4,466.38,466.38,-0.0,73.92,34546.9,-1
2024-10-20,2024-10-20 13:06:00,466.38,466.38,466.35,466.35,-0.01,73.92,34546.9,-1
2024-10-20,2024-10-20 13:07:00,466.35,466.35,466.33,466.33,-0.0,73.92,34546.9,-1
2024-10-20,2024-10-20 13:08:00,466.33,466.33,466.31,466.31,-0.0,73.92,34546.9,-1
2024-10-20,2024-10-20 13:09:00,466.31,466.31,466.29,466.29,-0.0,73.92,34546.9,-1
2024-10-20,2024-10-20 13:10:00,466.29,466.29,466.27,466.27,-0.0,73.92,34546.9,-1
2024-10-20,2024-10-20 13:11:00,466.27,466.27,466.25,466.25,-0.0,73.92,34546.9,-1
2024-10-20,2024-10-20 13:12:00,466.25,466.25,466.23,466.23,-0.0,73.92,34546.9,-1
2024-10-20,2024-10-20 13:13:00,466.23,466.23,466.21,466.21,-0.0,73.92,34546.9,-1
2024-10-20,2024-10-20 13:14:00,466.21,466.21,466.19,466.19,-0.0,73.92,34546.9,-1
2024-10-20,2024-10-20 13:15:00,466.19,466.19,466.17,466.17,-0.0,73.92,34546.9,-1
2024-10-20,2024-10-20 13:16:00,466.17,466.17,466.15,466.15,-0.0,73.92,34546.9,-1
2024-10-20,2024-10-20 13:17:00,466.15,466.15,466.12,466.12,-0.01,73.92,34546.9,-1
2024-10-20,2024-10-20 13:18:00,466.12,466.12,466.1,466.1,-0.0,73.92,34546.9,-1
2024-10-20,2024-10-20 13:19:00,466.1,466.1,466.08,466.08,-0.0,73.92,34546.9,-1
2024-10-20,2024-10-20 13:20:00,466.08,466.08,466.06,466.06,-0.0,73.92,34546.9,-1
2024-10-20,2024-10-20 13:21:00,466.06,466.06,466.04,466.04,-0.0,73.92,34546.9,-1
2024-10-20,2024-10-20 13:22:00,466.04,466.04,466.02,466.02,-0.0,73.92,34546.9,-1
2024-10-20,2024-10-20 13:23:00,466.02,466.02,466.0,466.0,-0.0,73.92,34546.9,-1
2024-10-20,2024-10-20 13:24:00,466.0,466.0,465.98,465.98,-0.0,73.92,34546.9,-1
2024-10-20,2024-10-20 13:25:00,465.98,465.98,465.96,465.96,-0.0,73.92,34546.9,-1
2024-10-20,2024-10-20 13:26:00,465.96,465.96,465.94,465.94,-0.0,73.92,34546.9,-1
2024-10-20,2024-10-20 13:27:00,465.94,465.94,465.92,465.92,-0.0,73.92,34546.9,-1
2024-10-20,2024-10-20 13:28:00,465.92,465.92,465.9,465.9,-0.0,73.92,34546.9,-1
2024-10-20,2024-10-20 13:29:00,465.9,465.9,465.88,465.88,-0.0,73.92,34546.9,-1
2024-10-20,2024-10-20 13:30:00,465.88,465.88,465.85,465.85,-0.01,73.92,34546.9,-1
2024-10-20,2024-10-20 13:31:00,465.85,465.85,465.83,465.83,-0.0,73.92,34546.9,-1
2024-10-20,2024-10-20 13:32:00,465.83,465.83,465.81,465.81,-0.0,73.92,34546.9,-1
2024-10-20,2024-10-20 13:33:00,465.81,465.81,465.79,465.79,-0.0,73.92,34546.9,-1
2024-10-20,2024-10-20 13:34:00,465.79,465.79,465.77,465.77,-0.0,73.92,34546.9,-1
2024-10-20,2024-10-20 13:35:00,465.77,465.77,465.75,465.75,-0.0,73.92,34546.9,-1
2024-10-20,2024-10-20 13:36:00,465.75,465.75,465.73,465.73,-0.0,73.92,34546.9,-1
2024-10-20,2024-10-20 13:37:00,465.73,465.73,465.71,465.71,-0.0,73.92,34546.9,-1
2024-10-20,2024-10-20 13:38:00,465.71,465.71,465.69,465.69,-0.0,73.92,34546.9,-1
2024-10-20,2024-10-20 13:39:00,465.69,465.69,465.67,465.67,-0.0,73.92,34546.9,-1
2024-10-20,2024-10-20 13:40:00,465.67,465.67,465.65,465.65,-0.0,73.92,34546.9,-1
2024-10-20,2024-10-20 13:41:00,465.65,465.65,465.62,465.62,-0.01,73.92,34546.9,-1
2024-10-20,2024-10-20 13:42:00,465.62,465.62,465.6,465.6,-0.0,73.92,34546.9,-1
2024-10-20,2024-10-20 13:43:00,465.6,465.6,465.58,465.58,-0.0,73.92,34546.9,-1
2024-10-20,2024-10-20 13:44:00,465.58,465.58,465.56,465.56,-0.0,73.92,34546.9,-1
2024-10-20,2024-10-20 13:45:00,465.56,465.56,465.54,465.54,-0.0,73.92,34546.9,-1
2024-10-20,2024-10-20 13:46:00,465.54,465.54,465.52,465.52,-0.0,73.92,34546.9,-1
2024-10-20,2024-10-20 13:47:00,465.52,465.52,465.5,465.5,-0.0,73.92,34546.9,-1
2024-10-20,2024-10-20 13:48:00,465.5,465.5,465.48,465.48,-0.0,73.92,34546.9,-1
2024-10-20,2024-10-20 13:49:00,465.48,465.48,465.46,465.46,-0.0,73.92,34546.9,-1
2024-10-20,2024-10-20 13:50:00,465.46,465.46,465.44,465.44,-0.0,73.92,34546.9,-1
2024-10-20,2024-10-20 13:51:00,465.44,465.44,465.42,465.42,-0.0,73.92,34546.9,-1
2024-10-20,2024-10-20 13:52:00,465.42,465.42,465.4,465.4,-0.0,73.92,34546.9,-1
2024-10-20,2024-10-20 13:53:00,465.4,465.4,465.38,465.38,-0.0,73.92,34546.9,-1
2024-10-20,2024-10-20 13:54:00,465.38,465.38,465.35,465.35,-0.01,73.92,34546.9,-1
2024-10-20,2024-10-20 13:55:00,465.35,465.35,465.33,465.33,-0.0,73.92,34546.9,-1
2024-10-20,2024-10-20 13:56:00,465.33,465.33,465.31,465.31,-0.0,73.92,34546.9,-1
2024-10-20,2024-10-20 13:57:00,465.31,465.31,465.29,465.29,-0.0,73.92,34546.9,-1
2024-10-20,2024-10-20 13:58:00,465.29,465.29,465.27,465.27,-0.0,73.92,34546.9,-1
2024-10-20,2024-10-20 13:59:00,465.27,465.27,465.25,465.25,-0.0,73.92,34546.9,-1
2024-10-20,2024-10-20 14:00:00,465.25,465.25,465.23,465.23,-0.0,73.92,34546.9,-1
2024-10-20,2024-10-20 14:01:00,465.23,465.23,465.21,465.21,-0.0,73.92,34546.9,-1
2024-10-20,2024-10-20 14:02:00,465.21,465.21,465.19,465.19,-0.0,73.92,34546.9,-1
2024-10-20,2024-10-20 14:03:00,465.19,465.19,465.17,465.17,-0.0,73.92,34546.9,-1
2024-10-20,2024-10-20 14:04:00,465.17,465.17,465.15,465.15,-0.0,73.92,34546.9,-1
2024-10-20,2024-10-20 14:05:00,465.15,465.15,465.12,465.12,-0.01,73.92,34546.9,-1
2024-10-20,2024-10-20 14:06:00,465.12,465.12,465.1,465.1,-0.0,73.92,34546.9,-1
2024-10-20,2024-10-20 14:07:00,465.1,465.1,465.08,465.08,-0.0,73.92,34546.9,-1
2024-10-20,2024-10-20 14:08:00,465.08,465.08,465.06,465.06,-0.0,73.92,34546.9,-1
2024-10-20,2024-10-20 14:09:00,465.06,465.06,465.04,465.04,-0.0,73.92,34546.9,-1
2024-10-20,2024-10-20 14:10:00,465.04,465.04,465.02,465.02,-0.0,73.92,34546.9,-1
2024-10-20,2024-10-20 14:11:00,465.02,465.02,465.0,465.0,-0.0,73.92,34546.9,-1
2024-10-20,2024-10-20 14:12:00,465.0,465.0,464.98,464.98,-0.0,73.92,34546.9,-1
2024-10-20,2024-10-20 14:13:00,464.98,464.98,464.96,464.96,-0.0,73.92,34546.9,-1
2024-10-20,2024-10-20 14:14:00,464.96,464.96,464.94,464.94,-0.0,73.92,34546.9,-1
2024-10-20,2024-10-20 14:15:00,464.94,464.94,464.92,464.92,-0.0,73.92,34546.9,-1
2024-10-20,2024-10-20 14:16:00,464.92,464.92,464.9,464.9,-0.0,73.92,34546.9,-1
2024-10-20,2024-10-20 14:17:00,464.9,464.9,464.88,464.88,-0.0,73.92,34546.9,-1
2024-10-20,2024-10-20 14:18:00,464.88,464.88,464.85,464.85,-0.01,73.92,34546.9,-1
2024-10-20,2024-10-20 14:19:00,464.85,464.85,464.83,464.83,-0.0,73.92,34546.9,-1
2024-10-20,2024-10-20 14:20:00,464.83,464.83,464.81,464.81,-0.0,73.92,34546.9,-1
2024-10-20,2024-10-20 14:21:00,464.81,464.81,464.79,464.79,-0.0,73.92,34546.9,-1
2024-10-20,2024-10-20 14:22:00,464.79,464.79,464.77,464.77,-0.0,73.92,34546.9,-1
2024-10-20,2024-10-20 14:23:00,464.77,464.77,464.75,464.75,-0.0,73.92,34546.9,-1
2024-10-20,2024-10-20 14:24:00,464.75,464.75,464.73,464.73,-0.0,73.92,34546.9,-1
2024-10-20,2024-10-20 14:25:00,464.73,464.73,464.71,464.71,-0.0,73.92,34546.9,-1
2024-10-20,2024-10-20 14:26:00,464.71,464.71,464.69,464.69,-0.0,73.92,34546.9,-1
2024-10-20,2024-10-20 14:27:00,464.69,464.69,464.67,464.67,-0.0,73.92,34546.9,-1
2024-10-20,2024-10-20 14:28:00,464.67,464.67,464.65,464.65,-0.0,73.92,34546.9,-1
2024-10-20,2024-10-20 14:29:00,464.65,464.65,464.62,464.62,-0.01,73.92,34546.9,-1
2024-10-20,2024-10-20 14:30:00,464.62,464.62,464.6,464.6,-0.0,73.92,34546.9,-1
2024-10-20,2024-10-20 14:31:00,464.6,464.6,464.58,464.58,-0.0,73.92,34546.9,-1
2024-10-20,2024-10-20 14:32:00,464.58,464.58,464.56,464.56,-0.0,73.92,34546.9,-1
2024-10-20,2024-10-20 14:33:00,464.56,464.56,464.54,464.54,-0.0,73.92,34546.9,-1
2024-10-20,2024-10-20 14:34:00,464.54,464.54,464.52,464.52,-0.0,73.92,34546.9,-1
2024-10-20,2024-10-20 14:35:00,464.52,464.52,464.5,464.5,-0.0,73.92,34546.9,-1
2024-10-20,2024-10-20 14:36:00,464.5,464.5,464.48,464.48,-0.0,73.92,34546.9,-1
2024-10-20,2024-10-20 14:37:00,464.48,464.48,464.46,464.46,-0.0,73.92,34546.9,-1
2024-10-20,2024-10-20 14:38:00,464.46,464.46,464.44,464.44,-0.0,73.92,34546.9,-1
2024-10-20,2024-10-20 14:39:00,464.44,464.44,464.42,464.42,-0.0,73.92,34546.9,-1
2024-10-20,2024-10-20 14:40:00,464.42,464.42,464.4,464.4,-0.0,73.92,34546.9,-1
2024-10-20,2024-10-20 14:41:00,464.4,464.4,464.38,464.38,-0.0,73.92,34546.9,-1
2024-10-20,2024-10-20 14:42:00,464.38,464.38,464.35,464.35,-0.01,73.92,34546.9,-1
2024-10-20,2024-10-20 14:43:00,464.35,464.35,464.33,464.33,-0.0,73.92,34546.9,-1
2024-10-20,2024-10-20 14:44:00,464.33,464.33,464.31,464.31,-0.0,73.92,34546.9,-1
2024-10-20,2024-10-20 14:45:00,464.31,464.31,464.29,464.29,-0.0,73.92,34546.9,-1
2024-10-20,2024-10-20 14:46:00,464.29,464.29,464.27,464.27,-0.0,73.92,34546.9,-1
2024-10-20,2024-10-20 14:47:00,464.27,464.27,464.25,464.25,-0.0,73.92,34546.9,-1
2024-10-20,2024-10-20 14:48:00,464.25,464.25,464.23,464.23,-0.0,73.92,34546.9,-1
2024-10-20,2024-10-20 14:49:00,464.23,464.23,464.21,464.21,-0.0,73.92,34546.9,-1
2024-10-20,2024-10-20 14:50:00,464.21,464.21,464.19,464.19,-0.0,73.92,34546.9,-1
2024-10-20,2024-10-20 14:51:00,464.19,464.19,464.17,464.17,-0.0,73.92,34546.9,-1
2024-10-20,2024-10-20 14:52:00,464.17,464.17,464.15,464.15,-0.0,73.92,34546.9,-1
2024-10-20,2024-10-20 14:53:00,464.15,464.15,464.12,464.12,-0.01,73.92,34546.9,-1
2024-10-20,2024-10-20 14:54:00,464.12,464.12,464.1,464.1,-0.0,73.92,34546.9,-1
2024-10-20,2024-10-20 14:55:00,464.1,464.1,464.08,464.08,-0.0,73.92,34546.9,-1
2024-10-20,2024-10-20 14:56:00,464.08,464.08,464.06,464.06,-0.0,73.92,34546.9,-1
2024-10-20,2024-10-20 14:57:00,464.06,464.06,464.04,464.04,-0.0,73.92,34546.9,-1
2024-10-20,2024-10-20 14:58:00,464.04,464.04,464.02,464.02,-0.0,73.92,34546.9,-1
2024-10-20,2024-10-20 14:59:00,464.02,464.02,464.0,464.0,-0.0,73.92,34546.9,-1
2024-10-20,2024-10-20 15:00:00,464.0,484.0,460.0,464.0,0.0,73.92,34546.9,0
2024-10-21,2024-10-21 11:00:00,464.0,466.7,460.37,463.95,-0.01,52.83,24332.41,-1
2024-10-21,2024-10-21 11:01:00,463.95,463.95,463.91,463.91,-0.01,52.83,24332.41,-1
2024-10-21,2024-10-21 11:02:00,463.91,463.91,463.86,463.86,-0.01,52.83,24332.41,-1
2024-10-21,2024-10-21 11:03:00,463.86,463.86,463.82,463.82,-0.01,52.83,24332.41,-1
2024-10-21,2024-10-21 11:04:00,463.82,463.82,463.77,463.77,-0.01,52.83,24332.41,-1
2024-10-21,2024-10-21 11:05:00,463.77,463.77,463.73,463.73,-0.01,52.83,24332.41,-1
2024-10-21,2024-10-21 11:06:00,463.73,463.73,463.68,463.68,-0.01,52.83,24332.41,-1
2024-10-21,2024-10-21 11:07:00,463.68,463.68,463.63,463.63,-0.01,52.83,24332.41,-1
2024-10-21,2024-10-21 11:08:00,463.63,463.63,463.59,463.59,-0.01,52.83,24332.41,-1
2024-10-21,2024-10-21 11:09:00,463.59,463.59,463.54,463.54,-0.01,52.83,24332.41,-1
2024-10-21,2024-10-21 11:10:00,463.54,463.54,463.5,463.5,-0.01,52.83,24332.41,-1
2024-10-21,2024-10-21 11:11:00,463.5,463.5,463.45,463.45,-0.01,52.83,24332.41,-1
2024-10-21,2024-10-21 11:12:00,463.45,463.45,463.4,463.4,-0.01,52.83,24332.41,-1
2024-10-21,2024-10-21 11:13:00,463.4,463.4,463.36,463.36,-0.01,52.83,24332.41,-1
2024-10-21,2024-10-21 11:14:00,463.36,463.36,463.31,463.31,-0.01,52.83,24332.41,-1
2024-10-21,2024-10-21 11:15:00,463.31,463.31,463.27,463.27,-0.01,52.83,24332.41,-1
2024-10-21,2024-10-21 11:16:00,463.27,463.27,463.22,463.22,-0.01,52.83,24332.41,-1
2024-10-21,2024-10-21 11:17:00,463.22,463.22,463.18,463.18,-0.01,52.83,24332.41,-1
2024-10-21,2024-10-21 11:18:00,463.18,463.18,463.13,463.13,-0.01,52.83,24332.41,-1
2024-10-21,2024-10-21 11:19:00,463.13,463.13,463.08,463.08,-0.01,52.83,24332.41,-1
2024-10-21,2024-10-21 11:20:00,463.08,463.08,463.04,463.04,-0.01,52.83,24332.41,-1
2024-10-21,2024-10-21 11:21:00,463.04,463.04,462.99,462.99,-0.01,52.83,24332.41,-1
2024-10-21,2024-10-21 11:22:00,462.99,462.99,462.95,462.95,-0.01,52.83,24332.41,-1
2024-10-21,2024-10-21 11:23:00,462.95,462.95,462.9,462.9,-0.01,52.83,24332.41,-1
2024-10-21,2024-10-21 11:24:00,462.9,462.9,462.85,462.85,-0.01,52.83,24332.41,-1
2024-10-21,2024-10-21 11:25:00,462.85,462.85,462.81,462.81,-0.01,52.83,24332.41,-1
2024-10-21,2024-10-21 11:26:00,462.81,462.81,462.76,462.76,-0.01,52.83,24332.41,-1
2024-10-21,2024-10-21 11:27:00,462.76,462.76,462.72,462.72,-0.01,52.83,24332.41,-1
2024-10-21,2024-10-21 11:28:00,462.72,462.72,462.67,462.67,-0.01,52.83,24332.41,-1
2024-10-21,2024-10-21 11:29:00,462.67,462.67,462.62,462.62,-0.01,52.83,24332.41,-1
2024-10-21,2024-10-21 11:30:00,462.62,462.62,462.58,462.58,-0.01,52.83,24332.41,-1
2024-10-21,2024-10-21 11:31:00,462.58,462.58,462.53,462.53,-0.01,52.83,24332.41,-1
2024-10-21,2024-10-21 11:32:00,462.53,462.53,462.49,462.49,-0.01,52.83,24332.41,-1
2024-10-21,2024-10-21 11:33:00,462.49,462.49,462.44,462.44,-0.01,52.83,24332.41,-1
2024-10-21,2024-10-21 11:34:00,462.44,462.44,462.4,462.4,-0.01,52.83,24332.41,-1
2024-10-21,2024-10-21 11:35:00,462.4,462.4,462.35,462.35,-0.01,52.83,24332.41,-1
2024-10-21,2024-10-21 11:36:00,462.35,462.35,462.3,462.3,-0.01,52.83,24332.41,-1
2024-10-21,2024-10-21 11:37:00,462.3,462.3,462.26,462.26,-0.01,52.83,24332.41,-1
2024-10-21,2024-10-21 11:38:00,462.26,462.26,462.21,462.21,-0.01,52.83,24332.41,-1
2024-10-21,2024-10-21 11:39:00,462.21,462.21,462.17,462.17,-0.01,52.83,24332.41,-1
2024-10-21,2024-10-21 11:40:00,462.17,462.17,462.12,462.12,-0.01,52.83,24332.41,-1
2024-10-21,2024-10-21 11:41:00,462.12,462.12,462.07,462.07,-0.01,52.83,24332.41,-1
2024-10-21,2024-10-21 11:42:00,462.07,462.07,462.03,462.03,-0.01,52.83,24332.41,-1
2024-10-21,2024-10-21 11:43:00,462.03,462.03,461.98,461.98,-0.01,52.83,24332.41,-1
2024-10-21,2024-10-21 11:44:00,461.98,461.98,461.94,461.94,-0.01,52.83,24332.41,-1
2024-10-21,2024-10-21 11:45:00,461.94,461.94,461.89,461.89,-0.01,52.83,24332.41,-1
2024-10-21,2024-10-21 11:46:00,461.89,461.89,461.85,461.85,-0.01,52.83,24332.41,-1
2024-10-21,2024-10-21 11:47:00,461.85,461.85,461.8,461.8,-0.01,52.83,24332.41,-1
2024-10-21,2024-10-21 11:48:00,461.8,461.8,461.75,461.75,-0.01,52.83,24332.41,-1
2024-10-21,2024-10-21 11:49:00,461.75,461.75,461.71,461.71,-0.01,52.83,24332.41,-1
2024-10-21,2024-10-21 11:50:00,461.71,461.71,461.66,461.66,-0.01,52.83,24332.41,-1
2024-10-21,2024-10-21 11:51:00,461.66,461.66,461.62,461.62,-0.01,52.83,24332.41,-1
2024-10-21,2024-10-21 11:52:00,461.62,461.62,461.57,461.57,-0.01,52.83,24332.41,-1
2024-10-21,2024-10-21 11:53:00,461.57,461.57,461.52,461.52,-0.01,52.83,24332.41,-1
2024-10-21,2024-10-21 11:54:00,461.52,461.52,461.48,461.48,-0.01,52.83,24332.41,-1
2024-10-21,2024-10-21 11:55:00,461.48,461.48,461.43,461.43,-0.01,52.83,24332.41,-1
2024-10-21,2024-10-21 11:56:00,461.43,461.43,461.39,461.39,-0.01,52.83,24332.41,-1
2024-10-21,2024-10-21 11:57:00,461.39,461.39,461.34,461.34,-0.01,52.83,24332.41,-1
2024-10-21,2024-10-21 11:58:00,461.34,461.34,461.3,461.3,-0.01,52.83,24332.41,-1
2024-10-21,2024-10-21 11:59:00,461.3,461.3,461.25,461.25,-0.01,52.83,24332.41,-1
2024-10-21,2024-10-21 12:00:00,461.25,461.25,461.2,461.2,-0.01,52.83,24332.41,-1
2024-10-21,2024-10-21 12:01:00,461.2,461.2,461.16,461.16,-0.01,52.83,24332.41,-1
2024-10-21,2024-10-21 12:02:00,461.16,461.16,461.11,461.11,-0.01,52.83,24332.41,-1
2024-10-21,2024-10-21 12:03:00,461.11,461.11,461.07,461.07,-0.01,52.83,24332.41,-1
2024-10-21,2024-10-21 12:04:00,461.07,461.07,461.02,461.02,-0.01,52.83,24332.41,-1
2024-10-21,2024-10-21 12:05:00,461.02,461.02,460.98,460.98,-0.01,52.83,24332.41,-1
2024-10-21,2024-10-21 12:06:00,460.98,460.98,460.93,460.93,-0.01,52.83,24332.41,-1
2024-10-21,2024-10-21 12:07:00,460.93,460.93,460.88,460.88,-0.01,52.83,24332.41,-1
2024-10-21,2024-10-21 12:08:00,460.88,460.88,460.84,460.84,-0.01,52.83,24332.41,-1
2024-10-21,2024-10-21 12:09:00,460.84,460.84,460.79,460.79,-0.01,52.83,24332.41,-1
2024-10-21,2024-10-21 12:10:00,460.79,460.79,460.75,460.75,-0.01,52.83,24332.41,-1
2024-10-21,2024-10-21 12:11:00,460.75,460.75,460.7,460.7,-0.01,52.83,24332.41,-1
2024-10-21,2024-10-21 12:12:00,460.7,460.7,460.65,460.65,-0.01,52.83,24332.41,-1
2024-10-21,2024-10-21 12:13:00,460.65,460.65,460.61,460.61,-0.01,52.83,24332.41,-1
2024-10-21,2024-10-21 12:14:00,460.61,460.61,460.56,460.56,-0.01,52.83,24332.41,-1
2024-10-21,2024-10-21 12:15:00,460.56,460.56,460.52,460.52,-0.01,52.83,24332.41,-1
2024-10-21,2024-10-21 12:16:00,460.52,460.52,460.47,460.47,-0.01,52.83,24332.41,-1
2024-10-21,2024-10-21 12:17:00,460.47,460.47,460.43,460.43,-0.01,52.83,24332.41,-1
2024-10-21,2024-10-21 12:18:00,460.43,460.43,460.38,460.38,-0.01,52.83,24332.41,-1
2024-10-21,2024-10-21 12:19:00,460.38,460.38,460.33,460.33,-0.01,52.83,24332.41,-1
2024-10-21,2024-10-21 12:20:00,460.33,460.33,460.29,460.29,-0.01,52.83,24332.41,-1
2024-10-21,2024-10-21 12:21:00,460.29,460.29,460.24,460.24,-0.01,52.83,24332.41,-1
2024-10-21,2024-10-21 12:22:00,460.24,460.24,460.2,460.2,-0.01,52.83,24332.41,-1
2024-10-21,2024-10-21 12:23:00,460.2,460.2,460.15,460.15,-0.01,52.83,24332.41,-1
2024-10-21,2024-10-21 12:24:00,460.15,460.15,460.1,460.1,-0.01,52.83,24332.41,-1
2024-10-21,2024-10-21 12:25:00,460.1,460.1,460.06,460.06,-0.01,52.83,24332.41,-1
2024-10-21,2024-10-21 12:26:00,460.06,460.06,460.01,460.01,-0.01,52.83,24332.41,-1
2024-10-21,2024-10-21 12:27:00,460.01,460.01,459.97,459.97,-0.01,52.83,24332.41,-1
2024-10-21,2024-10-21 12:28:00,459.97,459.97,459.92,459.92,-0.01,52.83,24332.41,-1
2024-10-21,2024-10-21 12:29:00,459.92,459.92,459.88,459.88,-0.01,52.83,24332.41,-1
2024-10-21,2024-10-21 12:30:00,459.88,459.88,459.83,459.83,-0.01,52.83,24332.41,-1
2024-10-21,2024-10-21 12:31:00,459.83,459.83,459.78,459.78,-0.01,52.83,24332.41,-1
2024-10-21,2024-10-21 12:32:00,459.78,459.78,459.74,459.74,-0.01,52.83,24332.41,-1
2024-10-21,2024-10-21 12:33:00,459.74,459.74,459.69,459.69,-0.01,52.83,24332.41,-1
2024-10-21,2024-10-21 12:34:00,459.69,459.69,459.65,459.65,-0.01,52.83,24332.41,-1
2024-10-21,2024-10-21 12:35:00,459.65,459.65,459.6,459.6,-0.01,52.83,24332.41,-1
2024-10-21,2024-10-21 12:36:00,459.6,459.6,459.55,459.55,-0.01,52.83,24332.41,-1
2024-10-21,2024-10-21 12:37:00,459.55,459.55,459.51,459.51,-0.01,52.83,24332.41,-1
2024-10-21,2024-10-21 12:38:00,459.51,459.51,459.46,459.46,-0.01,52.83,24332.41,-1
2024-10-21,2024-10-21 12:39:00,459.46,459.46,459.42,459.42,-0.01,52.83,24332.41,-1
2024-10-21,2024-10-21 12:40:00,459.42,459.42,459.37,459.37,-0.01,52.83,24332.41,-1
2024-10-21,2024-10-21 12:41:00,459.37,459.37,459.32,459.32,-0.01,52.83,24332.41,-1
2024-10-21,2024-10-21 12:42:00,459.32,459.32,459.28,459.28,-0.01,52.83,24332.41,-1
2024-10-21,2024-10-21 12:43:00,459.28,459.28,459.23,459.23,-0.01,52.83,24332.41,-1
2024-10-21,2024-10-21 12:44:00,459.23,459.23,459.19,459.19,-0.01,52.83,24332.41,-1
2024-10-21,2024-10-21 12:45:00,459.19,459.19,459.14,459.14,-0.01,52.83,24332.41,-1
2024-10-21,2024-10-21 12:46:00,459.14,459.14,459.1,459.1,-0.01,52.83,24332.41,-1
2024-10-21,2024-10-21 12:47:00,459.1,459.1,459.05,459.05,-0.01,52.83,24332.41,-1
2024-10-21,2024-10-21 12:48:00,459.05,459.05,459.0,459.0,-0.01,52.83,24332.41,-1
2024-10-21,2024-10-21 12:49:00,459.0,459.0,458.96,458.96,-0.01,52.83,24332.41,-1
2024-10-21,2024-10-21 12:50:00,458.96,458.96,458.91,458.91,-0.01,52.83,24332.41,-1
2024-10-21,2024-10-21 12:51:00,458.91,458.91,458.87,458.87,-0.01,52.83,24332.41,-1
2024-10-21,2024-10-21 12:52:00,458.87,458.87,458.82,458.82,-0.01,52.83,24332.41,-1
2024-10-21,2024-10-21 12:53:00,458.82,458.82,458.77,458.77,-0.01,52.83,24332.41,-1
2024-10-21,2024-10-21 12:54:00,458.77,458.77,458.73,458.73,-0.01,52.83,24332.41,-1
2024-10-21,2024-10-21 12:55:00,458.73,458.73,458.68,458.68,-0.01,52.83,24332.41,-1
2024-10-21,2024-10-21 12:56:00,458.68,458.68,458.64,458.64,-0.01,52.83,24332.41,-1
2024-10-21,2024-10-21 12:57:00,458.64,458.64,458.59,458.59,-0.01,52.83,24332.41,-1
2024-10-21,2024-10-21 12:58:00,458.59,458.59,458.55,458.55,-0.01,52.83,24332.41,-1
2024-10-21,2024-10-21 12:59:00,458.55,458.55,458.5,458.5,-0.01,52.83,24332.41,-1
2024-10-21,2024-10-21 13:00:00,458.5,473.0,451.9,458.45,-0.01,52.83,24332.41,-1
2024-10-21,2024-10-21 13:01:00,458.45,458.45,458.41,458.41,-0.01,52.83,24332.41,-1
2024-10-21,2024-10-21 13:02:00,458.41,458.41,458.36,458.36,-0.01,52.83,24332.41,-1
2024-10-21,2024-10-21 13:03:00,458.36,458.36,458.32,458.32,-0.01,52.83,24332.41,-1
2024-10-21,2024-10-21 13:04:00,458.32,458.32,458.27,458.27,-0.01,52.83,24332.41,-1
2024-10-21,2024-10-21 13:05:00,458.27,458.27,458.23,458.23,-0.01,52.83,24332.41,-1
2024-10-21,2024-10-21 13:06:00,458.23,458.23,458.18,458.18,-0.01,52.83,24332.41,-1
2024-10-21,2024-10-21 13:07:00,458.18,458.18,458.13,458.13,-0.01,52.83,24332.41,-1
2024-10-21,2024-10-21 13:08:00,458.13,458.13,458.09,458.09,-0.01,52.83,24332.41,-1
2024-10-21,2024-10-21 13:09:00,458.09,458.09,458.04,458.04,-0.01,52.83,24332.41,-1
2024-10-21,2024-10-21 13:10:00,458.04,458.04,458.0,458.0,-0.01,52.83,24332.41,-1
2024-10-21,2024-10-21 13:11:00,458.0,458.0,457.95,457.95,-0.01,52.83,24332.41,-1
2024-10-21,2024-10-21 13:12:00,457.95,457.95,457.9,457.9,-0.01,52.83,24332.41,-1
2024-10-21,2024-10-21 13:13:00,457.9,457.9,457.86,457.86,-0.01,52.83,24332.41,-1
2024-10-21,2024-10-21 13:14:00,457.86,457.86,457.81,457.81,-0.01,52.83,24332.41,-1
2024-10-21,2024-10-21 13:15:00,457.81,457.81,457.77,457.77,-0.01,52.83,24332.41,-1
2024-10-21,2024-10-21 13:16:00,457.77,457.77,457.72,457.72,-0.01,52.83,24332.41,-1
2024-10-21,2024-10-21 13:17:00,457.72,457.72,457.68,457.68,-0.01,52.83,24332.41,-1
2024-10-21,2024-10-21 13:18:00,457.68,457.68,457.63,457.63,-0.01,52.83,24332.41,-1
2024-10-21,2024-10-21 13:19:00,457.63,457.63,457.58,457.58,-0.01,52.83,24332.41,-1
2024-10-21,2024-10-21 13:20:00,457.58,457.58,457.54,457.54,-0.01,52.83,24332.41,-1
2024-10-21,2024-10-21 13:21:00,457.54,457.54,457.49,457.49,-0.01,52.83,24332.41,-1
2024-10-21,2024-10-21 13:22:00,457.49,457.49,457.45,457.45,-0.01,52.83,24332.41,-1
2024-10-21,2024-10-21 13:23:00,457.45,457.45,457.4,457.4,-0.01,52.83,24332.41,-1
2024-10-21,2024-10-21 13:24:00,457.4,457.4,457.35,457.35,-0.01,52.83,24332.41,-1
2024-10-21,2024-10-21 13:25:00,457.35,457.35,457.31,457.31,-0.01,52.83,24332.41,-1
2024-10-21,2024-10-21 13:26:00,457.31,457.31,457.26,457.26,-0.01,52.83,24332.41,-1
2024-10-21,2024-10-21 13:27:00,457.26,457.26,457.22,457.22,-0.01,52.83,24332.41,-1
2024-10-21,2024-10-21 13:28:00,457.22,457.22,457.17,457.17,-0.01,52.83,24332.41,-1
2024-10-21,2024-10-21 13:29:00,457.17,457.17,457.12,457.12,-0.01,52.83,24332.41,-1
2024-10-21,2024-10-21 13:30:00,457.12,457.12,457.08,457.08,-0.01,52.83,24332.41,-1
2024-10-21,2024-10-21 13:31:00,457.08,457.08,457.03,457.03,-0.01,52.83,24332.41,-1
2024-10-21,2024-10-21 13:32:00,457.03,457.03,456.99,456.99,-0.01,52.83,24332.41,-1
2024-10-21,2024-10-21 13:33:00,456.99,456.99,456.94,456.94,-0.01,52.83,24332.41,-1
2024-10-21,2024-10-21 13:34:00,456.94,456.94,456.9,456.9,-0.01,52.83,24332.41,-1
2024-10-21,2024-10-21 13:35:00,456.9,456.9,456.85,456.85,-0.01,52.83,24332.41,-1
2024-10-21,2024-10-21 13:36:00,456.85,456.85,456.8,456.8,-0.01,52.83,24332.41,-1
2024-10-21,2024-10-21 13:37:00,456.8,456.8,456.76,456.76,-0.01,52.83,24332.41,-1
2024-10-21,2024-10-21 13:38:00,456.76,456.76,456.71,456.71,-0.01,52.83,24332.41,-1
2024-10-21,2024-10-21 13:39:00,456.71,456.71,456.67,456.67,-0.01,52.83,24332.41,-1
2024-10-21,2024-10-21 13:40:00,456.67,456.67,456.62,456.62,-0.01,52.83,24332.41,-1
2024-10-21,2024-10-21 13:41:00,456.62,456.62,456.57,456.57,-0.01,52.83,24332.41,-1
2024-10-21,2024-10-21 13:42:00,456.57,456.57,456.53,456.53,-0.01,52.83,24332.41,-1
2024-10-21,2024-10-21 13:43:00,456.53,456.53,456.48,456.48,-0.01,52.83,24332.41,-1
2024-10-21,2024-10-21 13:44:00,456.48,456.48,456.44,456.44,-0.01,52.83,24332.41,-1
2024-10-21,2024-10-21 13:45:00,456.44,456.44,456.39,456.39,-0.01,52.83,24332.41,-1
2024-10-21,2024-10-21 13:46:00,456.39,456.39,456.35,456.35,-0.01,52.83,24332.41,-1
2024-10-21,2024-10-21 13:47:00,456.35,456.35,456.3,456.3,-0.01,52.83,24332.41,-1
2024-10-21,2024-10-21 13:48:00,456.3,456.3,456.25,456.25,-0.01,52.83,24332.41,-1
2024-10-21,2024-10-21 13:49:00,456.25,456.25,456.21,456.21,-0.01,52.83,24332.41,-1
2024-10-21,2024-10-21 13:50:00,456.21,456.21,456.16,456.16,-0.01,52.83,24332.41,-1
2024-10-21,2024-10-21 13:51:00,456.16,456.16,456.12,456.12,-0.01,52.83,24332.41,-1
2024-10-21,2024-10-21 13:52:00,456.12,456.12,456.07,456.07,-0.01,52.83,24332.41,-1
2024-10-21,2024-10-21 13:53:00,456.07,456.07,456.02,456.02,-0.01,52.83,24332.41,-1
2024-10-21,2024-10-21 13:54:00,456.02,456.02,455.98,455.98,-0.01,52.83,24332.41,-1
2024-10-21,2024-10-21 13:55:00,455.98,455.98,455.93,455.93,-0.01,52.83,24332.41,-1
2024-10-21,2024-10-21 13:56:00,455.93,455.93,455.89,455.89,-0.01,52.83,24332.41,-1
2024-10-21,2024-10-21 13:57:00,455.89,455.89,455.84,455.84,-0.01,52.83,24332.41,-1
2024-10-21,2024-10-21 13:58:00,455.84,455.84,455.8,455.8,-0.01,52.83,24332.41,-1
2024-10-21,2024-10-21 13:59:00,455.8,455.8,455.75,455.75,-0.01,52.83,24332.41,-1
2024-10-21,2024-10-21 14:00:00,455.75,455.75,455.7,455.7,-0.01,52.83,24332.41,-1
2024-10-21,2024-10-21 14:01:00,455.7,455.7,455.66,455.66,-0.01,52.83,24332.41,-1
2024-10-21,2024-10-21 14:02:00,455.66,455.66,455.61,455.61,-0.01,52.83,24332.41,-1
2024-10-21,2024-10-21 14:03:00,455.61,455.61,455.57,455.57,-0.01,52.83,24332.41,-1
2024-10-21,2024-10-21 14:04:00,455.57,455.57,455.52,455.52,-0.01,52.83,24332.41,-1
2024-10-21,2024-10-21 14:05:00,455.52,455.52,455.48,455.48,-0.01,52.83,24332.41,-1
2024-10-21,2024-10-21 14:06:00,455.48,455.48,455.43,455.43,-0.01,52.83,24332.41,-1
2024-10-21,2024-10-21 14:07:00,455.43,455.43,455.38,455.38,-0.01,52.83,24332.41,-1
2024-10-21,2024-10-21 14:08:00,455.38,455.38,455.34,455.34,-0.01,52.83,24332.41,-1
2024-10-21,2024-10-21 14:09:00,455.34,455.34,455.29,455.29,-0.01,52.83,24332.41,-1
2024-10-21,2024-10-21 14:10:00,455.29,455.29,455.25,455.25,-0.01,52.83,24332.41,-1
2024-10-21,2024-10-21 14:11:00,455.25,455.25,455.2,455.2,-0.01,52.83,24332.41,-1
2024-10-21,2024-10-21 14:12:00,455.2,455.2,455.15,455.15,-0.01,52.83,24332.41,-1
2024-10-21,2024-10-21 14:13:00,455.15,455.15,455.11,455.11,-0.01,52.83,24332.41,-1
2024-10-21,2024-10-21 14:14:00,455.11,455.11,455.06,455.06,-0.01,52.83,24332.41,-1
2024-10-21,2024-10-21 14:15:00,455.06,455.06,455.02,455.02,-0.01,52.83,24332.41,-1
2024-10-21,2024-10-21 14:16:00,455.02,455.02,454.97,454.97,-0.01,52.83,24332.41,-1
2024-10-21,2024-10-21 14:17:00,454.97,454.97,454.93,454.93,-0.01,52.83,24332.41,-1
2024-10-21,2024-10-21 14:18:00,454.93,454.93,454.88,454.88,-0.01,52.83,24332.41,-1
2024-10-21,2024-10-21 14:19:00,454.88,454.88,454.83,454.83,-0.01,52.83,24332.41,-1
2024-10-21,2024-10-21 14:20:00,454.83,454.83,454.79,454.79,-0.01,52.83,24332.41,-1
2024-10-21,2024-10-21 14:21:00,454.79,454.79,454.74,454.74,-0.01,52.83,24332.41,-1
2024-10-21,2024-10-21 14:22:00,454.74,454.74,454.7,454.7,-0.01,52.83,24332.41,-1
2024-10-21,2024-10-21 14:23:00,454.7,454.7,454.65,454.65,-0.01,52.83,24332.41,-1
2024-10-21,2024-10-21 14:24:00,454.65,454.65,454.6,454.6,-0.01,52.83,24332.41,-1
2024-10-21,2024-10-21 14:25:00,454.6,454.6,454.56,454.56,-0.01,52.83,24332.41,-1
2024-10-21,2024-10-21 14:26:00,454.56,454.56,454.51,454.51,-0.01,52.83,24332.41,-1
2024-10-21,2024-10-21 14:27:00,454.51,454.51,454.47,454.47,-0.01,52.83,24332.41,-1
2024-10-21,2024-10-21 14:28:00,454.47,454.47,454.42,454.42,-0.01,52.83,24332.41,-1
2024-10-21,2024-10-21 14:29:00,454.42,454.42,454.38,454.38,-0.01,52.83,24332.41,-1
2024-10-21,2024-10-21 14:30:00,454.38,454.38,454.33,454.33,-0.01,52.83,24332.41,-1
2024-10-21,2024-10-21 14:31:00,454.33,454.33,454.28,454.28,-0.01,52.83,24332.41,-1
2024-10-21,2024-10-21 14:32:00,454.28,454.28,454.24,454.24,-0.01,52.83,24332.41,-1
2024-10-21,2024-10-21 14:33:00,454.24,454.24,454.19,454.19,-0.01,52.83,24332.41,-1
2024-10-21,2024-10-21 14:34:00,454.19,454.19,454.15,454.15,-0.01,52.83,24332.41,-1
2024-10-21,2024-10-21 14:35:00,454.15,454.15,454.1,454.1,-0.01,52.83,24332.41,-1
2024-10-21,2024-10-21 14:36:00,454.1,454.1,454.05,454.05,-0.01,52.83,24332.41,-1
2024-10-21,2024-10-21 14:37:00,454.05,454.05,454.01,454.01,-0.01,52.83,24332.41,-1
2024-10-21,2024-10-21 14:38:00,454.01,454.01,453.96,453.96,-0.01,52.83,24332.41,-1
2024-10-21,2024-10-21 14:39:00,453.96,453.96,453.92,453.92,-0.01,52.83,24332.41,-1
2024-10-21,2024-10-21 14:40:00,453.92,453.92,453.87,453.87,-0.01,52.83,24332.41,-1
2024-10-21,2024-10-21 14:41:00,453.87,453.87,453.82,453.82,-0.01,52.83,24332.41,-1
2024-10-21,2024-10-21 14:42:00,453.82,453.82,453.78,453.78,-0.01,52.83,24332.41,-1
2024-10-21,2024-10-21 14:43:00,453.78,453.78,453.73,453.73,-0.01,52.83,24332.41,-1
2024-10-21,2024-10-21 14:44:00,453.73,453.73,453.69,453.69,-0.01,52.83,24332.41,-1
2024-10-21,2024-10-21 14:45:00,453.69,453.69,453.64,453.64,-0.01,52.83,24332.41,-1
2024-10-21,2024-10-21 14:46:00,453.64,453.64,453.6,453.6,-0.01,52.83,24332.41,-1
2024-10-21,2024-10-21 14:47:00,453.6,453.6,453.55,453.55,-0.01,52.83,24332.41,-1
2024-10-21,2024-10-21 14:48:00,453.55,453.55,453.5,453.5,-0.01,52.83,24332.41,-1
2024-10-21,2024-10-21 14:49:00,453.5,453.5,453.46,453.46,-0.01,52.83,24332.41,-1
2024-10-21,2024-10-21 14:50:00,453.46,453.46,453.41,453.41,-0.01,52.83,24332.41,-1
2024-10-21,2024-10-21 14:51:00,453.41,453.41,453.37,453.37,-0.01,52.83,24332.41,-1
2024-10-21,2024-10-21 14:52:00,453.37,453.37,453.32,453.32,-0.01,52.83,24332.41,-1
2024-10-21,2024-10-21 14:53:00,453.32,453.32,453.27,453.27,-0.01,52.83,24332.41,-1
2024-10-21,2024-10-21 14:54:00,453.27,453.27,453.23,453.23,-0.01,52.83,24332.41,-1
2024-10-21,2024-10-21 14:55:00,453.23,453.23,453.18,453.18,-0.01,52.83,24332.41,-1
2024-10-21,2024-10-21 14:56:00,453.18,453.18,453.14,453.14,-0.01,52.83,24332.41,-1
2024-10-21,2024-10-21 14:57:00,453.14,453.14,453.09,453.09,-0.01,52.83,24332.41,-1
2024-10-21,2024-10-21 14:58:00,453.09,453.09,453.05,453.05,-0.01,52.83,24332.41,-1
2024-10-21,2024-10-21 14:59:00,453.05,453.05,453.0,453.0,-0.01,52.83,24332.41,-1
2024-10-21,2024-10-21 15:00:00,453.0,473.0,451.9,453.0,0.0,52.83,24332.41,0
2024-10-22,2024-10-22 11:00:00,448.0,456.1,448.0,448.09,0.02,52.62,24350.93,1
2024-10-22,2024-10-22 11:01:00,448.09,448.18,448.09,448.18,0.02,52.62,24350.93,1
2024-10-22,2024-10-22 11:02:00,448.18,448.27,448.18,448.27,0.02,52.62,24350.93,1
2024-10-22,2024-10-22 11:03:00,448.27,448.37,448.27,448.37,0.02,52.62,24350.93,1
2024-10-22,2024-10-22 11:04:00,448.37,448.46,448.37,448.46,0.02,52.62,24350.93,1
2024-10-22,2024-10-22 11:05:00,448.46,448.55,448.46,448.55,0.02,52.62,24350.93,1
2024-10-22,2024-10-22 11:06:00,448.55,448.64,448.55,448.64,0.02,52.62,24350.93,1
2024-10-22,2024-10-22 11:07:00,448.64,448.73,448.64,448.73,0.02,52.62,24350.93,1
2024-10-22,2024-10-22 11:08:00,448.73,448.82,448.73,448.82,0.02,52.62,24350.93,1
2024-10-22,2024-10-22 11:09:00,448.82,448.92,448.82,448.92,0.02,52.62,24350.93,1
2024-10-22,2024-10-22 11:10:00,448.92,449.01,448.92,449.01,0.02,52.62,24350.93,1
2024-10-22,2024-10-22 11:11:00,449.01,449.1,449.01,449.1,0.02,52.62,24350.93,1
2024-10-22,2024-10-22 11:12:00,449.1,449.19,449.1,449.19,0.02,52.62,24350.93,1
2024-10-22,2024-10-22 11:13:00,449.19,449.28,449.19,449.28,0.02,52.62,24350.93,1
2024-10-22,2024-10-22 11:14:00,449.28,449.38,449.28,449.38,0.02,52.62,24350.93,1
2024-10-22,2024-10-22 11:15:00,449.38,449.47,449.38,449.47,0.02,52.62,24350.93,1
2024-10-22,2024-10-22 11:16:00,449.47,449.56,449.47,449.56,0.02,52.62,24350.93,1
2024-10-22,2024-10-22 11:17:00,449.56,449.65,449.56,449.65,0.02,52.62,24350.93,1
2024-10-22,2024-10-22 11:18:00,449.65,449.74,449.65,449.74,0.02,52.62,24350.93,1
2024-10-22,2024-10-22 11:19:00,449.74,449.83,449.74,449.83,0.02,52.62,24350.93,1
2024-10-22,2024-10-22 11:20:00,449.83,449.93,449.83,449.93,0.02,52.62,24350.93,1
2024-10-22,2024-10-22 11:21:00,449.93,450.02,449.93,450.02,0.02,52.62,24350.93,1
2024-10-22,2024-10-22 11:22:00,450.02,450.11,450.02,450.11,0.02,52.62,24350.93,1
2024-10-22,2024-10-22 11:23:00,450.11,450.2,450.11,450.2,0.02,52.62,24350.93,1
2024-10-22,2024-10-22 11:24:00,450.2,450.29,450.2,450.29,0.02,52.62,24350.93,1
2024-10-22,2024-10-22 11:25:00,450.29,450.38,450.29,450.38,0.02,52.62,24350.93,1
2024-10-22,2024-10-22 11:26:00,450.38,450.48,450.38,450.48,0.02,52.62,24350.93,1
2024-10-22,2024-10-22 11:27:00,450.48,450.57,450.48,450.57,0.02,52.62,24350.93,1
2024-10-22,2024-10-22 11:28:00,450.57,450.66,450.57,450.66,0.02,52.62,24350.93,1
2024-10-22,2024-10-22 11:29:00,450.66,450.75,450.66,450.75,0.02,52.62,24350.93,1
2024-10-22,2024-10-22 11:30:00,450.75,450.84,450.75,450.84,0.02,52.62,24350.93,1
2024-10-22,2024-10-22 11:31:00,450.84,450.93,450.84,450.93,0.02,52.62,24350.93,1
2024-10-22,2024-10-22 11:32:00,450.93,451.02,450.93,451.02,0.02,52.62,24350.93,1
2024-10-22,2024-10-22 11:33:00,451.02,451.12,451.02,451.12,0.02,52.62,24350.93,1
2024-10-22,2024-10-22 11:34:00,451.12,451.21,451.12,451.21,0.02,52.62,24350.93,1
2024-10-22,2024-10-22 11:35:00,451.21,451.3,451.21,451.3,0.02,52.62,24350.93,1
2024-10-22,2024-10-22 11:36:00,451.3,451.39,451.3,451.39,0.02,52.62,24350.93,1
2024-10-22,2024-10-22 11:37:00,451.39,451.48,451.39,451.48,0.02,52.62,24350.93,1
2024-10-22,2024-10-22 11:38:00,451.48,451.57,451.48,451.57,0.02,52.62,24350.93,1
2024-10-22,2024-10-22 11:39:00,451.57,451.67,451.57,451.67,0.02,52.62,24350.93,1
2024-10-22,2024-10-22 11:40:00,451.67,451.76,451.67,451.76,0.02,52.62,24350.93,1
2024-10-22,2024-10-22 11:41:00,451.76,451.85,451.76,451.85,0.02,52.62,24350.93,1
2024-10-22,2024-10-22 11:42:00,451.85,451.94,451.85,451.94,0.02,52.62,24350.93,1
2024-10-22,2024-10-22 11:43:00,451.94,452.03,451.94,452.03,0.02,52.62,24350.93,1
2024-10-22,2024-10-22 11:44:00,452.03,452.12,452.03,452.12,0.02,52.62,24350.93,1
2024-10-22,2024-10-22 11:45:00,452.12,452.22,452.12,452.22,0.02,52.62,24350.93,1
2024-10-22,2024-10-22 11:46:00,452.22,452.31,452.22,452.31,0.02,52.62,24350.93,1
2024-10-22,2024-10-22 11:47:00,452.31,452.4,452.31,452.4,0.02,52.62,24350.93,1
2024-10-22,2024-10-22 11:48:00,452.4,452.49,452.4,452.49,0.02,52.62,24350.93,1
2024-10-22,2024-10-22 11:49:00,452.49,452.58,452.49,452.58,0.02,52.62,24350.93,1
2024-10-22,2024-10-22 11:50:00,452.58,452.68,452.58,452.68,0.02,52.62,24350.93,1
2024-10-22,2024-10-22 11:51:00,452.68,452.77,452.68,452.77,0.02,52.62,24350.93,1
2024-10-22,2024-10-22 11:52:00,452.77,452.86,452.77,452.86,0.02,52.62,24350.93,1
2024-10-22,2024-10-22 11:53:00,452.86,452.95,452.86,452.95,0.02,52.62,24350.93,1
2024-10-22,2024-10-22 11:54:00,452.95,453.04,452.95,453.04,0.02,52.62,24350.93,1
2024-10-22,2024-10-22 11:55:00,453.04,453.13,453.04,453.13,0.02,52.62,24350.93,1
2024-10-22,2024-10-22 11:56:00,453.13,453.23,453.13,453.23,0.02,52.62,24350.93,1
2024-10-22,2024-10-22 11:57:00,453.23,453.32,453.23,453.32,0.02,52.62,24350.93,1
2024-10-22,2024-10-22 11:58:00,453.32,453.41,453.32,453.41,0.02,52.62,24350.93,1
2024-10-22,2024-10-22 11:59:00,453.41,453.5,453.41,453.5,0.02,52.62,24350.93,1
2024-10-22,2024-10-22 12:00:00,453.5,453.59,453.5,453.59,0.02,52.62,24350.93,1
2024-10-22,2024-10-22 12:01:00,453.59,453.68,453.59,453.68,0.02,52.62,24350.93,1
2024-10-22,2024-10-22 12:02:00,453.68,453.77,453.68,453.77,0.02,52.62,24350.93,1
2024-10-22,2024-10-22 12:03:00,453.77,453.87,453.77,453.87,0.02,52.62,24350.93,1
2024-10-22,2024-10-22 12:04:00,453.87,453.96,453.87,453.96,0.02,52.62,24350.93,1
2024-10-22,2024-10-22 12:05:00,453.96,454.05,453.96,454.05,0.02,52.62,24350.93,1
2024-10-22,2024-10-22 12:06:00,454.05,454.14,454.05,454.14,0.02,52.62,24350.93,1
2024-10-22,2024-10-22 12:07:00,454.14,454.23,454.14,454.23,0.02,52.62,24350.93,1
2024-10-22,2024-10-22 12:08:00,454.23,454.32,454.23,454.32,0.02,52.62,24350.93,1
2024-10-22,2024-10-22 12:09:00,454.32,454.42,454.32,454.42,0.02,52.62,24350.93,1
2024-10-22,2024-10-22 12:10:00,454.42,454.51,454.42,454.51,0.02,52.62,24350.93,1
2024-10-22,2024-10-22 12:11:00,454.51,454.6,454.51,454.6,0.02,52.62,24350.93,1
2024-10-22,2024-10-22 12:12:00,454.6,454.69,454.6,454.69,0.02,52.62,24350.93,1
2024-10-22,2024-10-22 12:13:00,454.69,454.78,454.69,454.78,0.02,52.62,24350.93,1
2024-10-22,2024-10-22 12:14:00,454.78,454.88,454.78,454.88,0.02,52.62,24350.93,1
2024-10-22,2024-10-22 12:15:00,454.88,454.97,454.88,454.97,0.02,52.62,24350.93,1
2024-10-22,2024-10-22 12:16:00,454.97,455.06,454.97,455.06,0.02,52.62,24350.93,1
2024-10-22,2024-10-22 12:17:00,455.06,455.15,455.06,455.15,0.02,52.62,24350.93,1
2024-10-22,2024-10-22 12:18:00,455.15,455.24,455.15,455.24,0.02,52.62,24350.93,1
2024-10-22,2024-10-22 12:19:00,455.24,455.33,455.24,455.33,0.02,52.62,24350.93,1
2024-10-22,2024-10-22 12:20:00,455.33,455.43,455.33,455.43,0.02,52.62,24350.93,1
2024-10-22,2024-10-22 12:21:00,455.43,455.52,455.43,455.52,0.02,52.62,24350.93,1
2024-10-22,2024-10-22 12:22:00,455.52,455.61,455.52,455.61,0.02,52.62,24350.93,1
2024-10-22,2024-10-22 12:23:00,455.61,455.7,455.61,455.7,0.02,52.62,24350.93,1
2024-10-22,2024-10-22 12:24:00,455.7,455.79,455.7,455.79,0.02,52.62,24350.93,1
2024-10-22,2024-10-22 12:25:00,455.79,455.88,455.79,455.88,0.02,52.62,24350.93,1
2024-10-22,2024-10-22 12:26:00,455.88,455.98,455.88,455.98,0.02,52.62,24350.93,1
2024-10-22,2024-10-22 12:27:00,455.98,456.07,455.98,456.07,0.02,52.62,24350.93,1
2024-10-22,2024-10-22 12:28:00,456.07,456.16,456.07,456.16,0.02,52.62,24350.93,1
2024-10-22,2024-10-22 12:29:00,456.16,456.25,456.16,456.25,0.02,52.62,24350.93,1
2024-10-22,2024-10-22 12:30:00,456.25,456.34,456.25,456.34,0.02,52.62,24350.93,1
2024-10-22,2024-10-22 12:31:00,456.34,456.43,456.34,456.43,0.02,52.62,24350.93,1
2024-10-22,2024-10-22 12:32:00,456.43,456.52,456.43,456.52,0.02,52.62,24350.93,1
2024-10-22,2024-10-22 12:33:00,456.52,456.62,456.52,456.62,0.02,52.62,24350.93,1
2024-10-22,2024-10-22 12:34:00,456.62,456.71,456.62,456.71,0.02,52.62,24350.93,1
2024-10-22,2024-10-22 12:35:00,456.71,456.8,456.71,456.8,0.02,52.62,24350.93,1
2024-10-22,2024-10-22 12:36:00,456.8,456.89,456.8,456.89,0.02,52.62,24350.93,1
2024-10-22,2024-10-22 12:37:00,456.89,456.98,456.89,456.98,0.02,52.62,24350.93,1
2024-10-22,2024-10-22 12:38:00,456.98,457.07,456.98,457.07,0.02,52.62,24350.93,1
2024-10-22,2024-10-22 12:39:00,457.07,457.17,457.07,457.17,0.02,52.62,24350.93,1
2024-10-22,2024-10-22 12:40:00,457.17,457.26,457.17,457.26,0.02,52.62,24350.93,1
2024-10-22,2024-10-22 12:41:00,457.26,457.35,457.26,457.35,0.02,52.62,24350.93,1
2024-10-22,2024-10-22 12:42:00,457.35,457.44,457.35,457.44,0.02,52.62,24350.93,1
2024-10-22,2024-10-22 12:43:00,457.44,457.53,457.44,457.53,0.02,52.62,24350.93,1
2024-10-22,2024-10-22 12:44:00,457.53,457.62,457.53,457.62,0.02,52.62,24350.93,1
2024-10-22,2024-10-22 12:45:00,457.62,457.72,457.62,457.72,0.02,52.62,24350.93,1
2024-10-22,2024-10-22 12:46:00,457.72,457.81,457.72,457.81,0.02,52.62,24350.93,1
2024-10-22,2024-10-22 12:47:00,457.81,457.9,457.81,457.9,0.02,52.62,24350.93,1
2024-10-22,2024-10-22 12:48:00,457.9,457.99,457.9,457.99,0.02,52.62,24350.93,1
2024-10-22,2024-10-22 12:49:00,457.99,458.08,457.99,458.08,0.02,52.62,24350.93,1
2024-10-22,2024-10-22 12:50:00,458.08,458.18,458.08,458.18,0.02,52.62,24350.93,1
2024-10-22,2024-10-22 12:51:00,458.18,458.27,458.18,458.27,0.02,52.62,24350.93,1
2024-10-22,2024-10-22 12:52:00,458.27,458.36,458.27,458.36,0.02,52.62,24350.93,1
2024-10-22,2024-10-22 12:53:00,458.36,458.45,458.36,458.45,0.02,52.62,24350.93,1
2024-10-22,2024-10-22 12:54:00,458.45,458.54,458.45,458.54,0.02,52.62,24350.93,1
2024-10-22,2024-10-22 12:55:00,458.54,458.63,458.54,458.63,0.02,52.62,24350.93,1
2024-10-22,2024-10-22 12:56:00,458.63,458.73,458.63,458.73,0.02,52.62,24350.93,1
2024-10-22,2024-10-22 12:57:00,458.73,458.82,458.73,458.82,0.02,52.62,24350.93,1
2024-10-22,2024-10-22 12:58:00,458.82,458.91,458.82,458.91,0.02,52.62,24350.93,1
2024-10-22,2024-10-22 12:59:00,458.91,459.0,458.91,459.0,0.02,52.62,24350.93,1
2024-10-22,2024-10-22 13:00:00,459.0,475.0,448.0,459.09,0.02,52.62,24350.93,1
2024-10-22,2024-10-22 13:01:00,459.09,459.18,459.09,459.18,0.02,52.62,24350.93,1
2024-10-22,2024-10-22 13:02:00,459.18,459.27,459.18,459.27,0.02,52.62,24350.93,1
2024-10-22,2024-10-22 13:03:00,459.27,459.37,459.27,459.37,0.02,52.62,24350.93,1
2024-10-22,2024-10-22 13:04:00,459.37,459.46,459.37,459.46,0.02,52.62,24350.93,1
2024-10-22,2024-10-22 13:05:00,459.46,459.55,459.46,459.55,0.02,52.62,24350.93,1
2024-10-22,2024-10-22 13:06:00,459.55,459.64,459.55,459.64,0.02,52.62,24350.93,1
2024-10-22,2024-10-22 13:07:00,459.64,459.73,459.64,459.73,0.02,52.62,24350.93,1
2024-10-22,2024-10-22 13:08:00,459.73,459.82,459.73,459.82,0.02,52.62,24350.93,1
2024-10-22,2024-10-22 13:09:00,459.82,459.92,459.82,459.92,0.02,52.62,24350.93,1
2024-10-22,2024-10-22 13:10:00,459.92,460.01,459.92,460.01,0.02,52.62,24350.93,1
2024-10-22,2024-10-22 13:11:00,460.01,460.1,460.01,460.1,0.02,52.62,24350.93,1
2024-10-22,2024-10-22 13:12:00,460.1,460.19,460.1,460.19,0.02,52.62,24350.93,1
2024-10-22,2024-10-22 13:13:00,460.19,460.28,460.19,460.28,0.02,52.62,24350.93,1
2024-10-22,2024-10-22 13:14:00,460.28,460.38,460.28,460.38,0.02,52.62,24350.93,1
2024-10-22,2024-10-22 13:15:00,460.38,460.47,460.38,460.47,0.02,52.62,24350.93,1
2024-10-22,2024-10-22 13:16:00,460.47,460.56,460.47,460.56,0.02,52.62,24350.93,1
2024-10-22,2024-10-22 13:17:00,460.56,460.65,460.56,460.65,0.02,52.62,24350.93,1
2024-10-22,2024-10-22 13:18:00,460.65,460.74,460.65,460.74,0.02,52.62,24350.93,1
2024-10-22,2024-10-22 13:19:00,460.74,460.83,460.74,460.83,0.02,52.62,24350.93,1
2024-10-22,2024-10-22 13:20:00,460.83,460.93,460.83,460.93,0.02,52.62,24350.93,1
2024-10-22,2024-10-22 13:21:00,460.93,461.02,460.93,461.02,0.02,52.62,24350.93,1
2024-10-22,2024-10-22 13:22:00,461.02,461.11,461.02,461.11,0.02,52.62,24350.93,1
2024-10-22,2024-10-22 13:23:00,461.11,461.2,461.11,461.2,0.02,52.62,24350.93,1
2024-10-22,2024-10-22 13:24:00,461.2,461.29,461.2,461.29,0.02,52.62,24350.93,1
2024-10-22,2024-10-22 13:25:00,461.29,461.38,461.29,461.38,0.02,52.62,24350.93,1
2024-10-22,2024-10-22 13:26:00,461.38,461.48,461.38,461.48,0.02,52.62,24350.93,1
2024-10-22,2024-10-22 13:27:00,461.48,461.57,461.48,461.57,0.02,52.62,24350.93,1
2024-10-22,2024-10-22 13:28:00,461.57,461.66,461.57,461.66,0.02,52.62,24350.93,1
2024-10-22,2024-10-22 13:29:00,461.66,461.75,461.66,461.75,0.02,52.62,24350.93,1
2024-10-22,2024-10-22 13:30:00,461.75,461.84,461.75,461.84,0.02,52.62,24350.93,1
2024-10-22,2024-10-22 13:31:00,461.84,461.93,461.84,461.93,0.02,52.62,24350.93,1
2024-10-22,2024-10-22 13:32:00,461.93,462.02,461.93,462.02,0.02,52.62,24350.93,1
2024-10-22,2024-10-22 13:33:00,462.02,462.12,462.02,462.12,0.02,52.62,24350.93,1
2024-10-22,2024-10-22 13:34:00,462.12,462.21,462.12,462.21,0.02,52.62,24350.93,1
2024-10-22,2024-10-22 13:35:00,462.21,462.3,462.21,462.3,0.02,52.62,24350.93,1
2024-10-22,2024-10-22 13:36:00,462.3,462.39,462.3,462.39,0.02,52.62,24350.93,1
2024-10-22,2024-10-22 13:37:00,462.39,462.48,462.39,462.48,0.02,52.62,24350.93,1
2024-10-22,2024-10-22 13:38:00,462.48,462.57,462.48,462.57,0.02,52.62,24350.93,1
2024-10-22,2024-10-22 13:39:00,462.57,462.67,462.57,462.67,0.02,52.62,24350.93,1
2024-10-22,2024-10-22 13:40:00,462.67,462.76,462.67,462.76,0.02,52.62,24350.93,1
2024-10-22,2024-10-22 13:41:00,462.76,462.85,462.76,462.85,0.02,52.62,24350.93,1
2024-10-22,2024-10-22 13:42:00,462.85,462.94,462.85,462.94,0.02,52.62,24350.93,1
2024-10-22,2024-10-22 13:43:00,462.94,463.03,462.94,463.03,0.02,52.62,24350.93,1
2024-10-22,2024-10-22 13:44:00,463.03,463.12,463.03,463.12,0.02,52.62,24350.93,1
2024-10-22,2024-10-22 13:45:00,463.12,463.22,463.12,463.22,0.02,52.62,24350.93,1
2024-10-22,2024-10-22 13:46:00,463.22,463.31,463.22,463.31,0.02,52.62,24350.93,1
2024-10-22,2024-10-22 13:47:00,463.31,463.4,463.31,463.4,0.02,52.62,24350.93,1
2024-10-22,2024-10-22 13:48:00,463.4,463.49,463.4,463.49,0.02,52.62,24350.93,1
2024-10-22,2024-10-22 13:49:00,463.49,463.58,463.49,463.58,0.02,52.62,24350.93,1
2024-10-22,2024-10-22 13:50:00,463.58,463.68,463.58,463.68,0.02,52.62,24350.93,1
2024-10-22,2024-10-22 13:51:00,463.68,463.77,463.68,463.77,0.02,52.62,24350.93,1
2024-10-22,2024-10-22 13:52:00,463.77,463.86,463.77,463.86,0.02,52.62,24350.93,1
2024-10-22,2024-10-22 13:53:00,463.86,463.95,463.86,463.95,0.02,52.62,24350.93,1
2024-10-22,2024-10-22 13:54:00,463.95,464.04,463.95,464.04,0.02,52.62,24350.93,1
2024-10-22,2024-10-22 13:55:00,464.04,464.13,464.04,464.13,0.02,52.62,24350.93,1
2024-10-22,2024-10-22 13:56:00,464.13,464.23,464.13,464.23,0.02,52.62,24350.93,1
2024-10-22,2024-10-22 13:57:00,464.23,464.32,464.23,464.32,0.02,52.62,24350.93,1
2024-10-22,2024-10-22 13:58:00,464.32,464.41,464.32,464.41,0.02,52.62,24350.93,1
2024-10-22,2024-10-22 13:59:00,464.41,464.5,464.41,464.5,0.02,52.62,24350.93,1
2024-10-22,2024-10-22 14:00:00,464.5,464.59,464.5,464.59,0.02,52.62,24350.93,1
2024-10-22,2024-10-22 14:01:00,464.59,464.68,464.59,464.68,0.02,52.62,24350.93,1
2024-10-22,2024-10-22 14:02:00,464.68,464.77,464.68,464.77,0.02,52.62,24350.93,1
2024-10-22,2024-10-22 14:03:00,464.77,464.87,464.77,464.87,0.02,52.62,24350.93,1
2024-10-22,2024-10-22 14:04:00,464.87,464.96,464.87,464.96,0.02,52.62,24350.93,1
2024-10-22,2024-10-22 14:05:00,464.96,465.05,464.96,465.05,0.02,52.62,24350.93,1
2024-10-22,2024-10-22 14:06:00,465.05,465.14,465.05,465.14,0.02,52.62,24350.93,1
2024-10-22,2024-10-22 14:07:00,465.14,465.23,465.14,465.23,0.02,52.62,24350.93,1
2024-10-22,2024-10-22 14:08:00,465.23,465.32,465.23,465.32,0.02,52.62,24350.93,1
2024-10-22,2024-10-22 14:09:00,465.32,465.42,465.32,465.42,0.02,52.62,24350.93,1
2024-10-22,2024-10-22 14:10:00,465.42,465.51,465.42,465.51,0.02,52.62,24350.93,1
2024-10-22,2024-10-22 14:11:00,465.51,465.6,465.51,465.6,0.02,52.62,24350.93,1
2024-10-22,2024-10-22 14:12:00,465.6,465.69,465.6,465.69,0.02,52.62,24350.93,1
2024-10-22,2024-10-22 14:13:00,465.69,465.78,465.69,465.78,0.02,52.62,24350.93,1
2024-10-22,2024-10-22 14:14:00,465.78,465.88,465.78,465.88,0.02,52.62,24350.93,1
2024-10-22,2024-10-22 14:15:00,465.88,465.97,465.88,465.97,0.02,52.62,24350.93,1
2024-10-22,2024-10-22 14:16:00,465.97,466.06,465.97,466.06,0.02,52.62,24350.93,1
2024-10-22,2024-10-22 14:17:00,466.06,466.15,466.06,466.15,0.02,52.62,24350.93,1
2024-10-22,2024-10-22 14:18:00,466.15,466.24,466.15,466.24,0.02,52.62,24350.93,1
2024-10-22,2024-10-22 14:19:00,466.24,466.33,466.24,466.33,0.02,52.62,24350.93,1
2024-10-22,2024-10-22 14:20:00,466.33,466.43,466.33,466.43,0.02,52.62,24350.93,1
2024-10-22,2024-10-22 14:21:00,466.43,466.52,466.43,466.52,0.02,52.62,24350.93,1
2024-10-22,2024-10-22 14:22:00,466.52,466.61,466.52,466.61,0.02,52.62,24350.93,1
2024-10-22,2024-10-22 14:23:00,466.61,466.7,466.61,466.7,0.02,52.62,24350.93,1
2024-10-22,2024-10-22 14:24:00,466.7,466.79,466.7,466.79,0.02,52.62,24350.93,1
2024-10-22,2024-10-22 14:25:00,466.79,466.88,466.79,466.88,0.02,52.62,24350.93,1
2024-10-22,2024-10-22 14:26:00,466.88,466.98,466.88,466.98,0.02,52.62,24350.93,1
2024-10-22,2024-10-22 14:27:00,466.98,467.07,466.98,467.07,0.02,52.62,24350.93,1
2024-10-22,2024-10-22 14:28:00,467.07,467.16,467.07,467.16,0.02,52.62,24350.93,1
2024-10-22,2024-10-22 14:29:00,467.16,467.25,467.16,467.25,0.02,52.62,24350.93,1
2024-10-22,2024-10-22 14:30:00,467.25,467.34,467.25,467.34,0.02,52.62,24350.93,1
2024-10-22,2024-10-22 14:31:00,467.34,467.43,467.34,467.43,0.02,52.62,24350.93,1
2024-10-22,2024-10-22 14:32:00,467.43,467.52,467.43,467.52,0.02,52.62,24350.93,1
2024-10-22,2024-10-22 14:33:00,467.52,467.62,467.52,467.62,0.02,52.62,24350.93,1
2024-10-22,2024-10-22 14:34:00,467.62,467.71,467.62,467.71,0.02,52.62,24350.93,1
2024-10-22,2024-10-22 14:35:00,467.71,467.8,467.71,467.8,0.02,52.62,24350.93,1
2024-10-22,2024-10-22 14:36:00,467.8,467.89,467.8,467.89,0.02,52.62,24350.93,1
2024-10-22,2024-10-22 14:37:00,467.89,467.98,467.89,467.98,0.02,52.62,24350.93,1
2024-10-22,2024-10-22 14:38:00,467.98,468.07,467.98,468.07,0.02,52.62,24350.93,1
2024-10-22,2024-10-22 14:39:00,468.07,468.17,468.07,468.17,0.02,52.62,24350.93,1
2024-10-22,2024-10-22 14:40:00,468.17,468.26,468.17,468.26,0.02,52.62,24350.93,1
2024-10-22,2024-10-22 14:41:00,468.26,468.35,468.26,468.35,0.02,52.62,24350.93,1
2024-10-22,2024-10-22 14:42:00,468.35,468.44,468.35,468.44,0.02,52.62,24350.93,1
2024-10-22,2024-10-22 14:43:00,468.44,468.53,468.44,468.53,0.02,52.62,24350.93,1
2024-10-22,2024-10-22 14:44:00,468.53,468.62,468.53,468.62,0.02,52.62,24350.93,1
2024-10-22,2024-10-22 14:45:00,468.62,468.72,468.62,468.72,0.02,52.62,24350.93,1
2024-10-22,2024-10-22 14:46:00,468.72,468.81,468.72,468.81,0.02,52.62,24350.93,1
2024-10-22,2024-10-22 14:47:00,468.81,468.9,468.81,468.9,0.02,52.62,24350.93,1
2024-10-22,2024-10-22 14:48:00,468.9,468.99,468.9,468.99,0.02,52.62,24350.93,1
2024-10-22,2024-10-22 14:49:00,468.99,469.08,468.99,469.08,0.02,52.62,24350.93,1
2024-10-22,2024-10-22 14:50:00,469.08,469.18,469.08,469.18,0.02,52.62,24350.93,1
2024-10-22,2024-10-22 14:51:00,469.18,469.27,469.18,469.27,0.02,52.62,24350.93,1
2024-10-22,2024-10-22 14:52:00,469.27,469.36,469.27,469.36,0.02,52.62,24350.93,1
2024-10-22,2024-10-22 14:53:00,469.36,469.45,469.36,469.45,0.02,52.62,24350.93,1
2024-10-22,2024-10-22 14:54:00,469.45,469.54,469.45,469.54,0.02,52.62,24350.93,1
2024-10-22,2024-10-22 14:55:00,469.54,469.63,469.54,469.63,0.02,52.62,24350.93,1
2024-10-22,2024-10-22 14:56:00,469.63,469.73,469.63,469.73,0.02,52.62,24350.93,1
2024-10-22,2024-10-22 14:57:00,469.73,469.82,469.73,469.82,0.02,52.62,24350.93,1
2024-10-22,2024-10-22 14:58:00,469.82,469.91,469.82,469.91,0.02,52.62,24350.93,1
2024-10-22,2024-10-22 14:59:00,469.91,470.0,469.91,470.0,0.02,52.62,24350.93,1
2024-10-22,2024-10-22 15:00:00,470.0,475.0,448.0,470.0,0.0,52.62,24350.93,0
2024-10-23,2024-10-23 11:00:00,461.2,466.21,461.2,461.24,0.01,22.79,10615.65,1
2024-10-23,2024-10-23 11:01:00,461.24,461.27,461.24,461.27,0.01,22.79,10615.65,1
2024-10-23,2024-10-23 11:02:00,461.27,461.31,461.27,461.31,0.01,22.79,10615.65,1
2024-10-23,2024-10-23 11:03:00,461.31,461.35,461.31,461.35,0.01,22.79,10615.65,1
2024-10-23,2024-10-23 11:04:00,461.35,461.38,461.35,461.38,0.01,22.79,10615.65,1
2024-10-23,2024-10-23 11:05:00,461.38,461.42,461.38,461.42,0.01,22.79,10615.65,1
2024-10-23,2024-10-23 11:06:00,461.42,461.46,461.42,461.46,0.01,22.79,10615.65,1
2024-10-23,2024-10-23 11:07:00,461.46,461.49,461.46,461.49,0.01,22.79,10615.65,1
2024-10-23,2024-10-23 11:08:00,461.49,461.53,461.49,461.53,0.01,22.79,10615.65,1
2024-10-23,2024-10-23 11:09:00,461.53,461.57,461.53,461.57,0.01,22.79,10615.65,1
2024-10-23,2024-10-23 11:10:00,461.57,461.6,461.57,461.6,0.01,22.79,10615.65,1
2024-10-23,2024-10-23 11:11:00,461.6,461.64,461.6,461.64,0.01,22.79,10615.65,1
2024-10-23,2024-10-23 11:12:00,461.64,461.68,461.64,461.68,0.01,22.79,10615.65,1
2024-10-23,2024-10-23 11:13:00,461.68,461.71,461.68,461.71,0.01,22.79,10615.65,1
2024-10-23,2024-10-23 11:14:00,461.71,461.75,461.71,461.75,0.01,22.79,10615.65,1
2024-10-23,2024-10-23 11:15:00,461.75,461.79,461.75,461.79,0.01,22.79,10615.65,1
2024-10-23,2024-10-23 11:16:00,461.79,461.82,461.79,461.82,0.01,22.79,10615.65,1
2024-10-23,2024-10-23 11:17:00,461.82,461.86,461.82,461.86,0.01,22.79,10615.65,1
2024-10-23,2024-10-23 11:18:00,461.86,461.9,461.86,461.9,0.01,22.79,10615.65,1
2024-10-23,2024-10-23 11:19:00,461.9,461.93,461.9,461.93,0.01,22.79,10615.65,1
2024-10-23,2024-10-23 11:20:00,461.93,461.97,461.93,461.97,0.01,22.79,10615.65,1
2024-10-23,2024-10-23 11:21:00,461.97,462.01,461.97,462.01,0.01,22.79,10615.65,1
2024-10-23,2024-10-23 11:22:00,462.01,462.04,462.01,462.04,0.01,22.79,10615.65,1
2024-10-23,2024-10-23 11:23:00,462.04,462.08,462.04,462.08,0.01,22.79,10615.65,1
2024-10-23,2024-10-23 11:24:00,462.08,462.12,462.08,462.12,0.01,22.79,10615.65,1
2024-10-23,2024-10-23 11:25:00,462.12,462.15,462.12,462.15,0.01,22.79,10615.65,1
2024-10-23,2024-10-23 11:26:00,462.15,462.19,462.15,462.19,0.01,22.79,10615.65,1
2024-10-23,2024-10-23 11:27:00,462.19,462.23,462.19,462.23,0.01,22.79,10615.65,1
2024-10-23,2024-10-23 11:28:00,462.23,462.26,462.23,462.26,0.01,22.79,10615.65,1
2024-10-23,2024-10-23 11:29:00,462.26,462.3,462.26,462.3,0.01,22.79,10615.65,1
2024-10-23,2024-10-23 11:30:00,462.3,462.34,462.3,462.34,0.01,22.79,10615.65,1
2024-10-23,2024-10-23 11:31:00,462.34,462.37,462.34,462.37,0.01,22.79,10615.65,1
2024-10-23,2024-10-23 11:32:00,462.37,462.41,462.37,462.41,0.01,22.79,10615.65,1
2024-10-23,2024-10-23 11:33:00,462.41,462.45,462.41,462.45,0.01,22.79,10615.65,1
2024-10-23,2024-10-23 11:34:00,462.45,462.48,462.45,462.48,0.01,22.79,10615.65,1
2024-10-23,2024-10-23 11:35:00,462.48,462.52,462.48,462.52,0.01,22.79,10615.65,1
2024-10-23,2024-10-23 11:36:00,462.52,462.56,462.52,462.56,0.01,22.79,10615.65,1
2024-10-23,2024-10-23 11:37:00,462.56,462.59,462.56,462.59,0.01,22.79,10615.65,1
2024-10-23,2024-10-23 11:38:00,462.59,462.63,462.59,462.63,0.01,22.79,10615.65,1
2024-10-23,2024-10-23 11:39:00,462.63,462.67,462.63,462.67,0.01,22.79,10615.65,1
2024-10-23,2024-10-23 11:40:00,462.67,462.7,462.67,462.7,0.01,22.79,10615.65,1
2024-10-23,2024-10-23 11:41:00,462.7,462.74,462.7,462.74,0.01,22.79,10615.65,1
2024-10-23,2024-10-23 11:42:00,462.74,462.78,462.74,462.78,0.01,22.79,10615.65,1
2024-10-23,2024-10-23 11:43:00,462.78,462.81,462.78,462.81,0.01,22.79,10615.65,1
2024-10-23,2024-10-23 11:44:00,462.81,462.85,462.81,462.85,0.01,22.79,10615.65,1
2024-10-23,2024-10-23 11:45:00,462.85,462.89,462.85,462.89,0.01,22.79,10615.65,1
2024-10-23,2024-10-23 11:46:00,462.89,462.92,462.89,462.92,0.01,22.79,10615.65,1
2024-10-23,2024-10-23 11:47:00,462.92,462.96,462.92,462.96,0.01,22.79,10615.65,1
2024-10-23,2024-10-23 11:48:00,462.96,463.0,462.96,463.0,0.01,22.79,10615.65,1
2024-10-23,2024-10-23 11:49:00,463.0,463.03,463.0,463.03,0.01,22.79,10615.65,1
2024-10-23,2024-10-23 11:50:00,463.03,463.07,463.03,463.07,0.01,22.79,10615.65,1
2024-10-23,2024-10-23 11:51:00,463.07,463.11,463.07,463.11,0.01,22.79,10615.65,1
2024-10-23,2024-10-23 11:52:00,463.11,463.14,463.11,463.14,0.01,22.79,10615.65,1
2024-10-23,2024-10-23 11:53:00,463.14,463.18,463.14,463.18,0.01,22.79,10615.65,1
2024-10-23,2024-10-23 11:54:00,463.18,463.22,463.18,463.22,0.01,22.79,10615.65,1
2024-10-23,2024-10-23 11:55:00,463.22,463.25,463.22,463.25,0.01,22.79,10615.65,1
2024-10-23,2024-10-23 11:56:00,463.25,463.29,463.25,463.29,0.01,22.79,10615.65,1
2024-10-23,2024-10-23 11:57:00,463.29,463.33,463.29,463.33,0.01,22.79,10615.65,1
2024-10-23,2024-10-23 11:58:00,463.33,463.36,463.33,463.36,0.01,22.79,10615.65,1
2024-10-23,2024-10-23 11:59:00,463.36,463.4,463.36,463.4,0.01,22.79,10615.65,1
2024-10-23,2024-10-23 12:00:00,463.4,463.44,463.4,463.44,0.01,22.79,10615.65,1
2024-10-23,2024-10-23 12:01:00,463.44,463.47,463.44,463.47,0.01,22.79,10615.65,1
2024-10-23,2024-10-23 12:02:00,463.47,463.51,463.47,463.51,0.01,22.79,10615.65,1
2024-10-23,2024-10-23 12:03:00,463.51,463.55,463.51,463.55,0.01,22.79,10615.65,1
2024-10-23,2024-10-23 12:04:00,463.55,463.58,463.55,463.58,0.01,22.79,10615.65,1
2024-10-23,2024-10-23 12:05:00,463.58,463.62,463.58,463.62,0.01,22.79,10615.65,1
2024-10-23,2024-10-23 12:06:00,463.62,463.66,463.62,463.66,0.01,22.79,10615.65,1
2024-10-23,2024-10-23 12:07:00,463.66,463.69,463.66,463.69,0.01,22.79,10615.65,1
2024-10-23,2024-10-23 12:08:00,463.69,463.73,463.69,463.73,0.01,22.79,10615.65,1
2024-10-23,2024-10-23 12:09:00,463.73,463.77,463.73,463.77,0.01,22.79,10615.65,1
2024-10-23,2024-10-23 12:10:00,463.77,463.8,463.77,463.8,0.01,22.79,10615.65,1
2024-10-23,2024-10-23 12:11:00,463.8,463.84,463.8,463.84,0.01,22.79,10615.65,1
2024-10-23,2024-10-23 12:12:00,463.84,463.88,463.84,463.88,0.01,22.79,10615.65,1
2024-10-23,2024-10-23 12:13:00,463.88,463.91,463.88,463.91,0.01,22.79,10615.65,1
2024-10-23,2024-10-23 12:14:00,463.91,463.95,463.91,463.95,0.01,22.79,10615.65,1
2024-10-23,2024-10-23 12:15:00,463.95,463.99,463.95,463.99,0.01,22.79,10615.65,1
2024-10-23,2024-10-23 12:16:00,463.99,464.02,463.99,464.02,0.01,22.79,10615.65,1
2024-10-23,2024-10-23 12:17:00,464.02,464.06,464.02,464.06,0.01,22.79,10615.65,1
2024-10-23,2024-10-23 12:18:00,464.06,464.1,464.06,464.1,0.01,22.79,10615.65,1
2024-10-23,2024-10-23 12:19:00,464.1,464.13,464.1,464.13,0.01,22.79,10615.65,1
2024-10-23,2024-10-23 12:20:00,464.13,464.17,464.13,464.17,0.01,22.79,10615.65,1
2024-10-23,2024-10-23 12:21:00,464.17,464.21,464.17,464.21,0.01,22.79,10615.65,1
2024-10-23,2024-10-23 12:22:00,464.21,464.24,464.21,464.24,0.01,22.79,10615.65,1
2024-10-23,2024-10-23 12:23:00,464.24,464.28,464.24,464.28,0.01,22.79,10615.65,1
2024-10-23,2024-10-23 12:24:00,464.28,464.32,464.28,464.32,0.01,22.79,10615.65,1
2024-10-23,2024-10-23 12:25:00,464.32,464.35,464.32,464.35,0.01,22.79,10615.65,1
2024-10-23,2024-10-23 12:26:00,464.35,464.39,464.35,464.39,0.01,22.79,10615.65,1
2024-10-23,2024-10-23 12:27:00,464.39,464.43,464.39,464.43,0.01,22.79,10615.65,1
2024-10-23,2024-10-23 12:28:00,464.43,464.46,464.43,464.46,0.01,22.79,10615.65,1
2024-10-23,2024-10-23 12:29:00,464.46,464.5,464.46,464.5,0.01,22.79,10615.65,1
2024-10-23,2024-10-23 12:30:00,464.5,464.54,464.5,464.54,0.01,22.79,10615.65,1
2024-10-23,2024-10-23 12:31:00,464.54,464.57,464.54,464.57,0.01,22.79,10615.65,1
2024-10-23,2024-10-23 12:32:00,464.57,464.61,464.57,464.61,0.01,22.79,10615.65,1
2024-10-23,2024-10-23 12:33:00,464.61,464.65,464.61,464.65,0.01,22.79,10615.65,1
2024-10-23,2024-10-23 12:34:00,464.65,464.68,464.65,464.68,0.01,22.79,10615.65,1
2024-10-23,2024-10-23 12:35:00,464.68,464.72,464.68,464.72,0.01,22.79,10615.65,1
2024-10-23,2024-10-23 12:36:00,464.72,464.76,464.72,464.76,0.01,22.79,10615.65,1
2024-10-23,2024-10-23 12:37:00,464.76,464.79,464.76,464.79,0.01,22.79,10615.65,1
2024-10-23,2024-10-23 12:38:00,464.79,464.83,464.79,464.83,0.01,22.79,10615.65,1
2024-10-23,2024-10-23 12:39:00,464.83,464.87,464.83,464.87,0.01,22.79,10615.65,1
2024-10-23,2024-10-23 12:40:00,464.87,464.9,464.87,464.9,0.01,22.79,10615.65,1
2024-10-23,2024-10-23 12:41:00,464.9,464.94,464.9,464.94,0.01,22.79,10615.65,1
2024-10-23,2024-10-23 12:42:00,464.94,464.98,464.94,464.98,0.01,22.79,10615.65,1
2024-10-23,2024-10-23 12:43:00,464.98,465.01,464.98,465.01,0.01,22.79,10615.65,1
2024-10-23,2024-10-23 12:44:00,465.01,465.05,465.01,465.05,0.01,22.79,10615.65,1
2024-10-23,2024-10-23 12:45:00,465.05,465.09,465.05,465.09,0.01,22.79,10615.65,1
2024-10-23,2024-10-23 12:46:00,465.09,465.12,465.09,465.12,0.01,22.79,10615.65,1
2024-10-23,2024-10-23 12:47:00,465.12,465.16,465.12,465.16,0.01,22.79,10615.65,1
2024-10-23,2024-10-23 12:48:00,465.16,465.2,465.16,465.2,0.01,22.79,10615.65,1
2024-10-23,2024-10-23 12:49:00,465.2,465.23,465.2,465.23,0.01,22.79,10615.65,1
2024-10-23,2024-10-23 12:50:00,465.23,465.27,465.23,465.27,0.01,22.79,10615.65,1
2024-10-23,2024-10-23 12:51:00,465.27,465.31,465.27,465.31,0.01,22.79,10615.65,1
2024-10-23,2024-10-23 12:52:00,465.31,465.34,465.31,465.34,0.01,22.79,10615.65,1
2024-10-23,2024-10-23 12:53:00,465.34,465.38,465.34,465.38,0.01,22.79,10615.65,1
2024-10-23,2024-10-23 12:54:00,465.38,465.42,465.38,465.42,0.01,22.79,10615.65,1
2024-10-23,2024-10-23 12:55:00,465.42,465.45,465.42,465.45,0.01,22.79,10615.65,1
2024-10-23,2024-10-23 12:56:00,465.45,465.49,465.45,465.49,0.01,22.79,10615.65,1
2024-10-23,2024-10-23 12:57:00,465.49,465.53,465.49,465.53,0.01,22.79,10615.65,1
2024-10-23,2024-10-23 12:58:00,465.53,465.56,465.53,465.56,0.01,22.79,10615.65,1
2024-10-23,2024-10-23 12:59:00,465.56,465.6,465.56,465.6,0.01,22.79,10615.65,1
2024-10-23,2024-10-23 13:00:00,465.6,477.9,461.2,465.64,0.01,22.79,10615.65,1
2024-10-23,2024-10-23 13:01:00,465.64,465.67,465.64,465.67,0.01,22.79,10615.65,1
2024-10-23,2024-10-23 13:02:00,465.67,465.71,465.67,465.71,0.01,22.79,10615.65,1
2024-10-23,2024-10-23 13:03:00,465.71,465.75,465.71,465.75,0.01,22.79,10615.65,1
2024-10-23,2024-10-23 13:04:00,465.75,465.78,465.75,465.78,0.01,22.79,10615.65,1
2024-10-23,2024-10-23 13:05:00,465.78,465.82,465.78,465.82,0.01,22.79,10615.65,1
2024-10-23,2024-10-23 13:06:00,465.82,465.86,465.82,465.86,0.01,22.79,10615.65,1
2024-10-23,2024-10-23 13:07:00,465.86,465.89,465.86,465.89,0.01,22.79,10615.65,1
2024-10-23,2024-10-23 13:08:00,465.89,465.93,465.89,465.93,0.01,22.79,10615.65,1
2024-10-23,2024-10-23 13:09:00,465.93,465.97,465.93,465.97,0.01,22.79,10615.65,1
2024-10-23,2024-10-23 13:10:00,465.97,466.0,465.97,466.0,0.01,22.79,10615.65,1
2024-10-23,2024-10-23 13:11:00,466.0,466.04,466.0,466.04,0.01,22.79,10615.65,1
2024-10-23,2024-10-23 13:12:00,466.04,466.08,466.04,466.08,0.01,22.79,10615.65,1
2024-10-23,2024-10-23 13:13:00,466.08,466.11,466.08,466.11,0.01,22.79,10615.65,1
2024-10-23,2024-10-23 13:14:00,466.11,466.15,466.11,466.15,0.01,22.79,10615.65,1
2024-10-23,2024-10-23 13:15:00,466.15,466.19,466.15,466.19,0.01,22.79,10615.65,1
2024-10-23,2024-10-23 13:16:00,466.19,466.22,466.19,466.22,0.01,22.79,10615.65,1
2024-10-23,2024-10-23 13:17:00,466.22,466.26,466.22,466.26,0.01,22.79,10615.65,1
2024-10-23,2024-10-23 13:18:00,466.26,466.3,466.26,466.3,0.01,22.79,10615.65,1
2024-10-23,2024-10-23 13:19:00,466.3,466.33,466.3,466.33,0.01,22.79,10615.65,1
2024-10-23,2024-10-23 13:20:00,466.33,466.37,466.33,466.37,0.01,22.79,10615.65,1
2024-10-23,2024-10-23 13:21:00,466.37,466.41,466.37,466.41,0.01,22.79,10615.65,1
2024-10-23,2024-10-23 13:22:00,466.41,466.44,466.41,466.44,0.01,22.79,10615.65,1
2024-10-23,2024-10-23 13:23:00,466.44,466.48,466.44,466.48,0.01,22.79,10615.65,1
2024-10-23,2024-10-23 13:24:00,466.48,466.52,466.48,466.52,0.01,22.79,10615.65,1
2024-10-23,2024-10-23 13:25:00,466.52,466.55,466.52,466.55,0.01,22.79,10615.65,1
2024-10-23,2024-10-23 13:26:00,466.55,466.59,466.55,466.59,0.01,22.79,10615.65,1
2024-10-23,2024-10-23 13:27:00,466.59,466.63,466.59,466.63,0.01,22.79,10615.65,1
2024-10-23,2024-10-23 13:28:00,466.63,466.66,466.63,466.66,0.01,22.79,10615.65,1
2024-10-23,2024-10-23 13:29:00,466.66,466.7,466.66,466.7,0.01,22.79,10615.65,1
2024-10-23,2024-10-23 13:30:00,466.7,466.74,466.7,466.74,0.01,22.79,10615.65,1
2024-10-23,2024-10-23 13:31:00,466.74,466.77,466.74,466.77,0.01,22.79,10615.65,1
2024-10-23,2024-10-23 13:32:00,466.77,466.81,466.77,466.81,0.01,22.79,10615.65,1
2024-10-23,2024-10-23 13:33:00,466.81,466.85,466.81,466.85,0.01,22.79,10615.65,1
2024-10-23,2024-10-23 13:34:00,466.85,466.88,466.85,466.88,0.01,22.79,10615.65,1
2024-10-23,2024-10-23 13:35:00,466.88,466.92,466.88,466.92,0.01,22.79,10615.65,1
2024-10-23,2024-10-23 13:36:00,466.92,466.96,466.92,466.96,0.01,22.79,10615.65,1
2024-10-23,2024-10-23 13:37:00,466.96,466.99,466.96,466.99,0.01,22.79,10615.65,1
2024-10-23,2024-10-23 13:38:00,466.99,467.03,466.99,467.03,0.01,22.79,10615.65,1
2024-10-23,2024-10-23 13:39:00,467.03,467.07,467.03,467.07,0.01,22.79,10615.65,1
2024-10-23,2024-10-23 13:40:00,467.07,467.1,467.07,467.1,0.01,22.79,10615.65,1
2024-10-23,2024-10-23 13:41:00,467.1,467.14,467.1,467.14,0.01,22.79,10615.65,1
2024-10-23,2024-10-23 13:42:00,467.14,467.18,467.14,467.18,0.01,22.79,10615.65,1
2024-10-23,2024-10-23 13:43:00,467.18,467.21,467.18,467.21,0.01,22.79,10615.65,1
2024-10-23,2024-10-23 13:44:00,467.21,467.25,467.21,467.25,0.01,22.79,10615.65,1
2024-10-23,2024-10-23 13:45:00,467.25,467.29,467.25,467.29,0.01,22.79,10615.65,1
2024-10-23,2024-10-23 13:46:00,467.29,467.32,467.29,467.32,0.01,22.79,10615.65,1
2024-10-23,2024-10-23 13:47:00,467.32,467.36,467.32,467.36,0.01,22.79,10615.65,1
2024-10-23,2024-10-23 13:48:00,467.36,467.4,467.36,467.4,0.01,22.79,10615.65,1
2024-10-23,2024-10-23 13:49:00,467.4,467.43,467.4,467.43,0.01,22.79,10615.65,1
2024-10-23,2024-10-23 13:50:00,467.43,467.47,467.43,467.47,0.01,22.79,10615.65,1
2024-10-23,2024-10-23 13:51:00,467.47,467.51,467.47,467.51,0.01,22.79,10615.65,1
2024-10-23,2024-10-23 13:52:00,467.51,467.54,467.51,467.54,0.01,22.79,10615.65,1
2024-10-23,2024-10-23 13:53:00,467.54,467.58,467.54,467.58,0.01,22.79,10615.65,1
2024-10-23,2024-10-23 13:54:00,467.58,467.62,467.58,467.62,0.01,22.79,10615.65,1
2024-10-23,2024-10-23 13:55:00,467.62,467.65,467.62,467.65,0.01,22.79,10615.65,1
2024-10-23,2024-10-23 13:56:00,467.65,467.69,467.65,467.69,0.01,22.79,10615.65,1
2024-10-23,2024-10-23 13:57:00,467.69,467.73,467.69,467.73,0.01,22.79,10615.65,1
2024-10-23,2024-10-23 13:58:00,467.73,467.76,467.73,467.76,0.01,22.79,10615.65,1
2024-10-23,2024-10-23 13:59:00,467.76,467.8,467.76,467.8,0.01,22.79,10615.65,1
2024-10-23,2024-10-23 14:00:00,467.8,467.84,467.8,467.84,0.01,22.79,10615.65,1
2024-10-23,2024-10-23 14:01:00,467.84,467.87,467.84,467.87,0.01,22.79,10615.65,1
2024-10-23,2024-10-23 14:02:00,467.87,467.91,467.87,467.91,0.01,22.79,10615.65,1
2024-10-23,2024-10-23 14:03:00,467.91,467.95,467.91,467.95,0.01,22.79,10615.65,1
2024-10-23,2024-10-23 14:04:00,467.95,467.98,467.95,467.98,0.01,22.79,10615.65,1
2024-10-23,2024-10-23 14:05:00,467.98,468.02,467.98,468.02,0.01,22.79,10615.65,1
2024-10-23,2024-10-23 14:06:00,468.02,468.06,468.02,468.06,0.01,22.79,10615.65,1
2024-10-23,2024-10-23 14:07:00,468.06,468.09,468.06,468.09,0.01,22.79,10615.65,1
2024-10-23,2024-10-23 14:08:00,468.09,468.13,468.09,468.13,0.01,22.79,10615.65,1
2024-10-23,2024-10-23 14:09:00,468.13,468.17,468.13,468.17,0.01,22.79,10615.65,1
2024-10-23,2024-10-23 14:10:00,468.17,468.2,468.17,468.2,0.01,22.79,10615.65,1
2024-10-23,2024-10-23 14:11:00,468.2,468.24,468.2,468.24,0.01,22.79,10615.65,1
2024-10-23,2024-10-23 14:12:00,468.24,468.28,468.24,468.28,0.01,22.79,10615.65,1
2024-10-23,2024-10-23 14:13:00,468.28,468.31,468.28,468.31,0.01,22.79,10615.65,1
2024-10-23,2024-10-23 14:14:00,468.31,468.35,468.31,468.35,0.01,22.79,10615.65,1
2024-10-23,2024-10-23 14:15:00,468.35,468.39,468.35,468.39,0.01,22.79,10615.65,1
2024-10-23,2024-10-23 14:16:00,468.39,468.42,468.39,468.42,0.01,22.79,10615.65,1
2024-10-23,2024-10-23 14:17:00,468.42,468.46,468.42,468.46,0.01,22.79,10615.65,1
2024-10-23,2024-10-23 14:18:00,468.46,468.5,468.46,468.5,0.01,22.79,10615.65,1
2024-10-23,2024-10-23 14:19:00,468.5,468.53,468.5,468.53,0.01,22.79,10615.65,1
2024-10-23,2024-10-23 14:20:00,468.53,468.57,468.53,468.57,0.01,22.79,10615.65,1
2024-10-23,2024-10-23 14:21:00,468.57,468.61,468.57,468.61,0.01,22.79,10615.65,1
2024-10-23,2024-10-23 14:22:00,468.61,468.64,468.61,468.64,0.01,22.79,10615.65,1
2024-10-23,2024-10-23 14:23:00,468.64,468.68,468.64,468.68,0.01,22.79,10615.65,1
2024-10-23,2024-10-23 14:24:00,468.68,468.72,468.68,468.72,0.01,22.79,10615.65,1
2024-10-23,2024-10-23 14:25:00,468.72,468.75,468.72,468.75,0.01,22.79,10615.65,1
2024-10-23,2024-10-23 14:26:00,468.75,468.79,468.75,468.79,0.01,22.79,10615.65,1
2024-10-23,2024-10-23 14:27:00,468.79,468.83,468.79,468.83,0.01,22.79,10615.65,1
2024-10-23,2024-10-23 14:28:00,468.83,468.86,468.83,468.86,0.01,22.79,10615.65,1
2024-10-23,2024-10-23 14:29:00,468.86,468.9,468.86,468.9,0.01,22.79,10615.65,1
2024-10-23,2024-10-23 14:30:00,468.9,468.94,468.9,468.94,0.01,22.79,10615.65,1
2024-10-23,2024-10-23 14:31:00,468.94,468.97,468.94,468.97,0.01,22.79,10615.65,1
2024-10-23,2024-10-23 14:32:00,468.97,469.01,468.97,469.01,0.01,22.79,10615.65,1
2024-10-23,2024-10-23 14:33:00,469.01,469.05,469.01,469.05,0.01,22.79,10615.65,1
2024-10-23,2024-10-23 14:34:00,469.05,469.08,469.05,469.08,0.01,22.79,10615.65,1
2024-10-23,2024-10-23 14:35:00,469.08,469.12,469.08,469.12,0.01,22.79,10615.65,1
2024-10-23,2024-10-23 14:36:00,469.12,469.16,469.12,469.16,0.01,22.79,10615.65,1
2024-10-23,2024-10-23 14:37:00,469.16,469.19,469.16,469.19,0.01,22.79,10615.65,1
2024-10-23,2024-10-23 14:38:00,469.19,469.23,469.19,469.23,0.01,22.79,10615.65,1
2024-10-23,2024-10-23 14:39:00,469.23,469.27,469.23,469.27,0.01,22.79,10615.65,1
2024-10-23,2024-10-23 14:40:00,469.27,469.3,469.27,469.3,0.01,22.79,10615.65,1
2024-10-23,2024-10-23 14:41:00,469.3,469.34,469.3,469.34,0.01,22.79,10615.65,1
2024-10-23,2024-10-23 14:42:00,469.34,469.38,469.34,469.38,0.01,22.79,10615.65,1
2024-10-23,2024-10-23 14:43:00,469.38,469.41,469.38,469.41,0.01,22.79,10615.65,1
2024-10-23,2024-10-23 14:44:00,469.41,469.45,469.41,469.45,0.01,22.79,10615.65,1
2024-10-23,2024-10-23 14:45:00,469.45,469.49,469.45,469.49,0.01,22.79,10615.65,1
2024-10-23,2024-10-23 14:46:00,469.49,469.52,469.49,469.52,0.01,22.79,10615.65,1
2024-10-23,2024-10-23 14:47:00,469.52,469.56,469.52,469.56,0.01,22.79,10615.65,1
2024-10-23,2024-10-23 14:48:00,469.56,469.6,469.56,469.6,0.01,22.79,10615.65,1
2024-10-23,2024-10-23 14:49:00,469.6,469.63,469.6,469.63,0.01,22.79,10615.65,1
2024-10-23,2024-10-23 14:50:00,469.63,469.67,469.63,469.67,0.01,22.79,10615.65,1
2024-10-23,2024-10-23 14:51:00,469.67,469.71,469.67,469.71,0.01,22.79,10615.65,1
2024-10-23,2024-10-23 14:52:00,469.71,469.74,469.71,469.74,0.01,22.79,10615.65,1
2024-10-23,2024-10-23 14:53:00,469.74,469.78,469.74,469.78,0.01,22.79,10615.65,1
2024-10-23,2024-10-23 14:54:00,469.78,469.82,469.78,469.82,0.01,22.79,10615.65,1
2024-10-23,2024-10-23 14:55:00,469.82,469.85,469.82,469.85,0.01,22.79,10615.65,1
2024-10-23,2024-10-23 14:56:00,469.85,469.89,469.85,469.89,0.01,22.79,10615.65,1
2024-10-23,2024-10-23 14:57:00,469.89,469.93,469.89,469.93,0.01,22.79,10615.65,1
2024-10-23,2024-10-23 14:58:00,469.93,469.96,469.93,469.96,0.01,22.79,10615.65,1
2024-10-23,2024-10-23 14:59:00,469.96,470.0,469.96,470.0,0.01,22.79,10615.65,1
2024-10-23,2024-10-23 15:00:00,470.0,477.9,461.2,470.0,0.0,22.79,10615.65,0
2024-10-24,2024-10-24 11:00:00,465.0,475.8,463.59,465.0,0.0,20.64,9639.1,0
2024-10-24,2024-10-24 11:01:00,465.0,465.01,465.0,465.01,0.0,20.64,9639.1,1
2024-10-24,2024-10-24 11:02:00,465.01,465.01,465.01,465.01,0.0,20.64,9639.1,0
2024-10-24,2024-10-24 11:03:00,465.01,465.02,465.01,465.02,0.0,20.64,9639.1,1
2024-10-24,2024-10-24 11:04:00,465.02,465.02,465.02,465.02,0.0,20.64,9639.1,0
2024-10-24,2024-10-24 11:05:00,465.02,465.02,465.02,465.02,0.0,20.64,9639.1,0
2024-10-24,2024-10-24 11:06:00,465.02,465.03,465.02,465.03,0.0,20.64,9639.1,1
2024-10-24,2024-10-24 11:07:00,465.03,465.03,465.03,465.03,0.0,20.64,9639.1,0
2024-10-24,2024-10-24 11:08:00,465.03,465.04,465.03,465.04,0.0,20.64,9639.1,1
2024-10-24,2024-10-24 11:09:00,465.04,465.04,465.04,465.04,0.0,20.64,9639.1,0
2024-10-24,2024-10-24 11:10:00,465.04,465.05,465.04,465.05,0.0,20.64,9639.1,1
2024-10-24,2024-10-24 11:11:00,465.05,465.05,465.05,465.05,0.0,20.64,9639.1,0
2024-10-24,2024-10-24 11:12:00,465.05,465.05,465.05,465.05,0.0,20.64,9639.1,0
2024-10-24,2024-10-24 11:13:00,465.05,465.06,465.05,465.06,0.0,20.64,9639.1,1
2024-10-24,2024-10-24 11:14:00,465.06,465.06,465.06,465.06,0.0,20.64,9639.1,0
2024-10-24,2024-10-24 11:15:00,465.06,465.07,465.06,465.07,0.0,20.64,9639.1,1
2024-10-24,2024-10-24 11:16:00,465.07,465.07,465.07,465.07,0.0,20.64,9639.1,0
2024-10-24,2024-10-24 11:17:00,465.07,465.07,465.07,465.07,0.0,20.64,9639.1,0
2024-10-24,2024-10-24 11:18:00,465.07,465.08,465.07,465.08,0.0,20.64,9639.1,1
2024-10-24,2024-10-24 11:19:00,465.08,465.08,465.08,465.08,0.0,20.64,9639.1,0
2024-10-24,2024-10-24 11:20:00,465.08,465.09,465.08,465.09,0.0,20.64,9639.1,1
2024-10-24,2024-10-24 11:21:00,465.09,465.09,465.09,465.09,0.0,20.64,9639.1,0
2024-10-24,2024-10-24 11:22:00,465.09,465.1,465.09,465.1,0.0,20.64,9639.1,1
2024-10-24,2024-10-24 11:23:00,465.1,465.1,465.1,465.1,0.0,20.64,9639.1,0
2024-10-24,2024-10-24 11:24:00,465.1,465.1,465.1,465.1,0.0,20.64,9639.1,0
2024-10-24,2024-10-24 11:25:00,465.1,465.11,465.1,465.11,0.0,20.64,9639.1,1
2024-10-24,2024-10-24 11:26:00,465.11,465.11,465.11,465.11,0.0,20.64,9639.1,0
2024-10-24,2024-10-24 11:27:00,465.11,465.12,465.11,465.12,0.0,20.64,9639.1,1
2024-10-24,2024-10-24 11:28:00,465.12,465.12,465.12,465.12,0.0,20.64,9639.1,0
2024-10-24,2024-10-24 11:29:00,465.12,465.12,465.12,465.12,0.0,20.64,9639.1,0
2024-10-24,2024-10-24 11:30:00,465.12,465.13,465.12,465.13,0.0,20.64,9639.1,1
2024-10-24,2024-10-24 11:31:00,465.13,465.13,465.13,465.13,0.0,20.64,9639.1,0
2024-10-24,2024-10-24 11:32:00,465.13,465.14,465.13,465.14,0.0,20.64,9639.1,1
2024-10-24,2024-10-24 11:33:00,465.14,465.14,465.14,465.14,0.0,20.64,9639.1,0
2024-10-24,2024-10-24 11:34:00,465.14,465.15,465.14,465.15,0.0,20.64,9639.1,1
2024-10-24,2024-10-24 11:35:00,465.15,465.15,465.15,465.15,0.0,20.64,9639.1,0
2024-10-24,2024-10-24 11:36:00,465.15,465.15,465.15,465.15,0.0,20.64,9639.1,0
2024-10-24,2024-10-24 11:37:00,465.15,465.16,465.15,465.16,0.0,20.64,9639.1,1
2024-10-24,2024-10-24 11:38:00,465.16,465.16,465.16,465.16,0.0,20.64,9639.1,0
2024-10-24,2024-10-24 11:39:00,465.16,465.17,465.16,465.17,0.0,20.64,9639.1,1
2024-10-24,2024-10-24 11:40:00,465.17,465.17,465.17,465.17,0.0,20.64,9639.1,0
2024-10-24,2024-10-24 11:41:00,465.17,465.18,465.17,465.18,0.0,20.64,9639.1,1
2024-10-24,2024-10-24 11:42:00,465.18,465.18,465.18,465.18,0.0,20.64,9639.1,0
2024-10-24,2024-10-24 11:43:00,465.18,465.18,465.18,465.18,0.0,20.64,9639.1,0
2024-10-24,2024-10-24 11:44:00,465.18,465.19,465.18,465.19,0.0,20.64,9639.1,1
2024-10-24,2024-10-24 11:45:00,465.19,465.19,465.19,465.19,0.0,20.64,9639.1,0
2024-10-24,2024-10-24 11:46:00,465.19,465.2,465.19,465.2,0.0,20.64,9639.1,1
2024-10-24,2024-10-24 11:47:00,465.2,465.2,465.2,465.2,0.0,20.64,9639.1,0
2024-10-24,2024-10-24 11:48:00,465.2,465.2,465.2,465.2,0.0,20.64,9639.1,0
2024-10-24,2024-10-24 11:49:00,465.2,465.21,465.2,465.21,0.0,20.64,9639.1,1
2024-10-24,2024-10-24 11:50:00,465.21,465.21,465.21,465.21,0.0,20.64,9639.1,0
2024-10-24,2024-10-24 11:51:00,465.21,465.22,465.21,465.22,0.0,20.64,9639.1,1
2024-10-24,2024-10-24 11:52:00,465.22,465.22,465.22,465.22,0.0,20.64,9639.1,0
2024-10-24,2024-10-24 11:53:00,465.22,465.23,465.22,465.23,0.0,20.64,9639.1,1
2024-10-24,2024-10-24 11:54:00,465.23,465.23,465.23,465.23,0.0,20.64,9639.1,0
2024-10-24,2024-10-24 11:55:00,465.23,465.23,465.23,465.23,0.0,20.64,9639.1,0
2024-10-24,2024-10-24 11:56:00,465.23,465.24,465.23,465.24,0.0,20.64,9639.1,1
2024-10-24,2024-10-24 11:57:00,465.24,465.24,465.24,465.24,0.0,20.64,9639.1,0
2024-10-24,2024-10-24 11:58:00,465.24,465.25,465.24,465.25,0.0,20.64,9639.1,1
2024-10-24,2024-10-24 11:59:00,465.25,465.25,465.25,465.25,0.0,20.64,9639.1,0
2024-10-24,2024-10-24 12:00:00,465.25,465.25,465.25,465.25,0.0,20.64,9639.1,0
2024-10-24,2024-10-24 12:01:00,465.25,465.26,465.25,465.26,0.0,20.64,9639.1,1
2024-10-24,2024-10-24 12:02:00,465.26,465.26,465.26,465.26,0.0,20.64,9639.1,0
2024-10-24,2024-10-24 12:03:00,465.26,465.27,465.26,465.27,0.0,20.64,9639.1,1
2024-10-24,2024-10-24 12:04:00,465.27,465.27,465.27,465.27,0.0,20.64,9639.1,0
2024-10-24,2024-10-24 12:05:00,465.27,465.27,465.27,465.27,0.0,20.64,9639.1,0
2024-10-24,2024-10-24 12:06:00,465.27,465.28,465.27,465.28,0.0,20.64,9639.1,1
2024-10-24,2024-10-24 12:07:00,465.28,465.28,465.28,465.28,0.0,20.64,9639.1,0
2024-10-24,2024-10-24 12:08:00,465.28,465.29,465.28,465.29,0.0,20.64,9639.1,1
2024-10-24,2024-10-24 12:09:00,465.29,465.29,465.29,465.29,0.0,20.64,9639.1,0
2024-10-24,2024-10-24 12:10:00,465.29,465.3,465.29,465.3,0.0,20.64,9639.1,1
2024-10-24,2024-10-24 12:11:00,465.3,465.3,465.3,465.3,0.0,20.64,9639.1,0
2024-10-24,2024-10-24 12:12:00,465.3,465.3,465.3,465.3,0.0,20.64,9639.1,0
2024-10-24,2024-10-24 12:13:00,465.3,465.31,465.3,465.31,0.0,20.64,9639.1,1
2024-10-24,2024-10-24 12:14:00,465.31,465.31,465.31,465.31,0.0,20.64,9639.1,0
2024-10-24,2024-10-24 12:15:00,465.31,465.32,465.31,465.32,0.0,20.64,9639.1,1
2024-10-24,2024-10-24 12:16:00,465.32,465.32,465.32,465.32,0.0,20.64,9639.1,0
2024-10-24,2024-10-24 12:17:00,465.32,465.32,465.32,465.32,0.0,20.64,9639.1,0
2024-10-24,2024-10-24 12:18:00,465.32,465.33,465.32,465.33,0.0,20.64,9639.1,1
2024-10-24,2024-10-24 12:19:00,465.33,465.33,465.33,465.33,0.0,20.64,9639.1,0
2024-10-24,2024-10-24 12:20:00,465.33,465.34,465.33,465.34,0.0,20.64,9639.1,1
2024-10-24,2024-10-24 12:21:00,465.34,465.34,465.34,465.34,0.0,20.64,9639.1,0
2024-10-24,2024-10-24 12:22:00,465.34,465.35,465.34,465.35,0.0,20.64,9639.1,1
2024-10-24,2024-10-24 12:23:00,465.35,465.35,465.35,465.35,0.0,20.64,9639.1,0
2024-10-24,2024-10-24 12:24:00,465.35,465.35,465.35,465.35,0.0,20.64,9639.1,0
2024-10-24,2024-10-24 12:25:00,465.35,465.36,465.35,465.36,0.0,20.64,9639.1,1
2024-10-24,2024-10-24 12:26:00,465.36,465.36,465.36,465.36,0.0,20.64,9639.1,0
2024-10-24,2024-10-24 12:27:00,465.36,465.37,465.36,465.37,0.0,20.64,9639.1,1
2024-10-24,2024-10-24 12:28:00,465.37,465.37,465.37,465.37,0.0,20.64,9639.1,0
2024-10-24,2024-10-24 12:29:00,465.37,465.38,465.37,465.38,0.0,20.64,9639.1,1
2024-10-24,2024-10-24 12:30:00,465.38,465.38,465.38,465.38,0.0,20.64,9639.1,0
2024-10-24,2024-10-24 12:31:00,465.38,465.38,465.38,465.38,0.0,20.64,9639.1,0
2024-10-24,2024-10-24 12:32:00,465.38,465.39,465.38,465.39,0.0,20.64,9639.1,1
2024-10-24,2024-10-24 12:33:00,465.39,465.39,465.39,465.39,0.0,20.64,9639.1,0
2024-10-24,2024-10-24 12:34:00,465.39,465.4,465.39,465.4,0.0,20.64,9639.1,1
2024-10-24,2024-10-24 12:35:00,465.4,465.4,465.4,465.4,0.0,20.64,9639.1,0
2024-10-24,2024-10-24 12:36:00,465.4,465.4,465.4,465.4,0.0,20.64,9639.1,0
2024-10-24,2024-10-24 12:37:00,465.4,465.41,465.4,465.41,0.0,20.64,9639.1,1
2024-10-24,2024-10-24 12:38:00,465.41,465.41,465.41,465.41,0.0,20.64,9639.1,0
2024-10-24,2024-10-24 12:39:00,465.41,465.42,465.41,465.42,0.0,20.64,9639.1,1
2024-10-24,2024-10-24 12:40:00,465.42,465.42,465.42,465.42,0.0,20.64,9639.1,0
2024-10-24,2024-10-24 12:41:00,465.42,465.43,465.42,465.43,0.0,20.64,9639.1,1
2024-10-24,2024-10-24 12:42:00,465.43,465.43,465.43,465.43,0.0,20.64,9639.1,0
2024-10-24,2024-10-24 12:43:00,465.43,465.43,465.43,465.43,0.0,20.64,9639.1,0
2024-10-24,2024-10-24 12:44:00,465.43,465.44,465.43,465.44,0.0,20.64,9639.1,1
2024-10-24,2024-10-24 12:45:00,465.44,465.44,465.44,465.44,0.0,20.64,9639.1,0
2024-10-24,2024-10-24 12:46:00,465.44,465.45,465.44,465.45,0.0,20.64,9639.1,1
2024-10-24,2024-10-24 12:47:00,465.45,465.45,465.45,465.45,0.0,20.64,9639.1,0
2024-10-24,2024-10-24 12:48:00,465.45,465.45,465.45,465.45,0.0,20.64,9639.1,0
2024-10-24,2024-10-24 12:49:00,465.45,465.46,465.45,465.46,0.0,20.64,9639.1,1
2024-10-24,2024-10-24 12:50:00,465.46,465.46,465.46,465.46,0.0,20.64,9639.1,0
2024-10-24,2024-10-24 12:51:00,465.46,465.47,465.46,465.47,0.0,20.64,9639.1,1
2024-10-24,2024-10-24 12:52:00,465.47,465.47,465.47,465.47,0.0,20.64,9639.1,0
2024-10-24,2024-10-24 12:53:00,465.47,465.48,465.47,465.48,0.0,20.64,9639.1,1
2024-10-24,2024-10-24 12:54:00,465.48,465.48,465.48,465.48,0.0,20.64,9639.1,0
2024-10-24,2024-10-24 12:55:00,465.48,465.48,465.48,465.48,0.0,20.64,9639.1,0
2024-10-24,2024-10-24 12:56:00,465.48,465.49,465.48,465.49,0.0,20.64,9639.1,1
2024-10-24,2024-10-24 12:57:00,465.49,465.49,465.49,465.49,0.0,20.64,9639.1,0
2024-10-24,2024-10-24 12:58:00,465.49,465.5,465.49,465.5,0.0,20.64,9639.1,1
2024-10-24,2024-10-24 12:59:00,465.5,465.5,465.5,465.5,0.0,20.64,9639.1,0
2024-10-24,2024-10-24 13:00:00,465.5,501.0,460.3,465.5,0.0,20.64,9639.1,0
2024-10-24,2024-10-24 13:01:00,465.5,465.51,465.5,465.51,0.0,20.64,9639.1,1
2024-10-24,2024-10-24 13:02:00,465.51,465.51,465.51,465.51,0.0,20.64,9639.1,0
2024-10-24,2024-10-24 13:03:00,465.51,465.52,465.51,465.52,0.0,20.64,9639.1,1
2024-10-24,2024-10-24 13:04:00,465.52,465.52,465.52,465.52,0.0,20.64,9639.1,0
2024-10-24,2024-10-24 13:05:00,465.52,465.52,465.52,465.52,0.0,20.64,9639.1,0
2024-10-24,2024-10-24 13:06:00,465.52,465.53,465.52,465.53,0.0,20.64,9639.1,1
2024-10-24,2024-10-24 13:07:00,465.53,465.53,465.53,465.53,0.0,20.64,9639.1,0
2024-10-24,2024-10-24 13:08:00,465.53,465.54,465.53,465.54,0.0,20.64,9639.1,1
2024-10-24,2024-10-24 13:09:00,465.54,465.54,465.54,465.54,0.0,20.64,9639.1,0
2024-10-24,2024-10-24 13:10:00,465.54,465.55,465.54,465.55,0.0,20.64,9639.1,1
2024-10-24,2024-10-24 13:11:00,465.55,465.55,465.55,465.55,0.0,20.64,9639.1,0
2024-10-24,2024-10-24 13:12:00,465.55,465.55,465.55,465.55,0.0,20.64,9639.1,0
2024-10-24,2024-10-24 13:13:00,465.55,465.56,465.55,465.56,0.0,20.64,9639.1,1
2024-10-24,2024-10-24 13:14:00,465.56,465.56,465.56,465.56,0.0,20.64,9639.1,0
2024-10-24,2024-10-24 13:15:00,465.56,465.57,465.56,465.57,0.0,20.64,9639.1,1
2024-10-24,2024-10-24 13:16:00,465.57,465.57,465.57,465.57,0.0,20.64,9639.1,0
2024-10-24,2024-10-24 13:17:00,465.57,465.57,465.57,465.57,0.0,20.64,9639.1,0
2024-10-24,2024-10-24 13:18:00,465.57,465.58,465.57,465.58,0.0,20.64,9639.1,1
2024-10-24,2024-10-24 13:19:00,465.58,465.58,465.58,465.58,0.0,20.64,9639.1,0
2024-10-24,2024-10-24 13:20:00,465.58,465.59,465.58,465.59,0.0,20.64,9639.1,1
2024-10-24,2024-10-24 13:21:00,465.59,465.59,465.59,465.59,0.0,20.64,9639.1,0
2024-10-24,2024-10-24 13:22:00,465.59,465.6,465.59,465.6,0.0,20.64,9639.1,1
2024-10-24,2024-10-24 13:23:00,465.6,465.6,465.6,465.6,0.0,20.64,9639.1,0
2024-10-24,2024-10-24 13:24:00,465.6,465.6,465.6,465.6,0.0,20.64,9639.1,0
2024-10-24,2024-10-24 13:25:00,465.6,465.61,465.6,465.61,0.0,20.64,9639.1,1
2024-10-24,2024-10-24 13:26:00,465.61,465.61,465.61,465.61,0.0,20.64,9639.1,0
2024-10-24,2024-10-24 13:27:00,465.61,465.62,465.61,465.62,0.0,20.64,9639.1,1
2024-10-24,2024-10-24 13:28:00,465.62,465.62,465.62,465.62,0.0,20.64,9639.1,0
2024-10-24,2024-10-24 13:29:00,465.62,465.62,465.62,465.62,0.0,20.64,9639.1,0
2024-10-24,2024-10-24 13:30:00,465.62,465.63,465.62,465.63,0.0,20.64,9639.1,1
2024-10-24,2024-10-24 13:31:00,465.63,465.63,465.63,465.63,0.0,20.64,9639.1,0
2024-10-24,2024-10-24 13:32:00,465.63,465.64,465.63,465.64,0.0,20.64,9639.1,1
2024-10-24,2024-10-24 13:33:00,465.64,465.64,465.64,465.64,0.0,20.64,9639.1,0
2024-10-24,2024-10-24 13:34:00,465.64,465.65,465.64,465.65,0.0,20.64,9639.1,1
2024-10-24,2024-10-24 13:35:00,465.65,465.65,465.65,465.65,0.0,20.64,9639.1,0
2024-10-24,2024-10-24 13:36:00,465.65,465.65,465.65,465.65,0.0,20.64,9639.1,0
2024-10-24,2024-10-24 13:37:00,465.65,465.66,465.65,465.66,0.0,20.64,9639.1,1
2024-10-24,2024-10-24 13:38:00,465.66,465.66,465.66,465.66,0.0,20.64,9639.1,0
2024-10-24,2024-10-24 13:39:00,465.66,465.67,465.66,465.67,0.0,20.64,9639.1,1
2024-10-24,2024-10-24 13:40:00,465.67,465.67,465.67,465.67,0.0,20.64,9639.1,0
2024-10-24,2024-10-24 13:41:00,465.67,465.68,465.67,465.68,0.0,20.64,9639.1,1
2024-10-24,2024-10-24 13:42:00,465.68,465.68,465.68,465.68,0.0,20.64,9639.1,0
2024-10-24,2024-10-24 13:43:00,465.68,465.68,465.68,465.68,0.0,20.64,9639.1,0
2024-10-24,2024-10-24 13:44:00,465.68,465.69,465.68,465.69,0.0,20.64,9639.1,1
2024-10-24,2024-10-24 13:45:00,465.69,465.69,465.69,465.69,0.0,20.64,9639.1,0
2024-10-24,2024-10-24 13:46:00,465.69,465.7,465.69,465.7,0.0,20.64,9639.1,1
2024-10-24,2024-10-24 13:47:00,465.7,465.7,465.7,465.7,0.0,20.64,9639.1,0
2024-10-24,2024-10-24 13:48:00,465.7,465.7,465.7,465.7,0.0,20.64,9639.1,0
2024-10-24,2024-10-24 13:49:00,465.7,465.71,465.7,465.71,0.0,20.64,9639.1,1
2024-10-24,2024-10-24 13:50:00,465.71,465.71,465.71,465.71,0.0,20.64,9639.1,0
2024-10-24,2024-10-24 13:51:00,465.71,465.72,465.71,465.72,0.0,20.64,9639.1,1
2024-10-24,2024-10-24 13:52:00,465.72,465.72,465.72,465.72,0.0,20.64,9639.1,0
2024-10-24,2024-10-24 13:53:00,465.72,465.73,465.72,465.73,0.0,20.64,9639.1,1
2024-10-24,2024-10-24 13:54:00,465.73,465.73,465.73,465.73,0.0,20.64,9639.1,0
2024-10-24,2024-10-24 13:55:00,465.73,465.73,465.73,465.73,0.0,20.64,9639.1,0
2024-10-24,2024-10-24 13:56:00,465.73,465.74,465.73,465.74,0.0,20.64,9639.1,1
2024-10-24,2024-10-24 13:57:00,465.74,465.74,465.74,465.74,0.0,20.64,9639.1,0
2024-10-24,2024-10-24 13:58:00,465.74,465.75,465.74,465.75,0.0,20.64,9639.1,1
2024-10-24,2024-10-24 13:59:00,465.75,465.75,465.75,465.75,0.0,20.64,9639.1,0
2024-10-24,2024-10-24 14:00:00,465.75,465.75,465.75,465.75,0.0,20.64,9639.1,0
2024-10-24,2024-10-24 14:01:00,465.75,465.76,465.75,465.76,0.0,20.64,9639.1,1
2024-10-24,2024-10-24 14:02:00,465.76,465.76,465.76,465.76,0.0,20.64,9639.1,0
2024-10-24,2024-10-24 14:03:00,465.76,465.77,465.76,465.77,0.0,20.64,9639.1,1
2024-10-24,2024-10-24 14:04:00,465.77,465.77,465.77,465.77,0.0,20.64,9639.1,0
2024-10-24,2024-10-24 14:05:00,465.77,465.77,465.77,465.77,0.0,20.64,9639.1,0
2024-10-24,2024-10-24 14:06:00,465.77,465.78,465.77,465.78,0.0,20.64,9639.1,1
2024-10-24,2024-10-24 14:07:00,465.78,465.78,465.78,465.78,0.0,20.64,9639.1,0
2024-10-24,2024-10-24 14:08:00,465.78,465.79,465.78,465.79,0.0,20.64,9639.1,1
2024-10-24,2024-10-24 14:09:00,465.79,465.79,465.79,465.79,0.0,20.64,9639.1,0
2024-10-24,2024-10-24 14:10:00,465.79,465.8,465.79,465.8,0.0,20.64,9639.1,1
2024-10-24,2024-10-24 14:11:00,465.8,465.8,465.8,465.8,0.0,20.64,9639.1,0
2024-10-24,2024-10-24 14:12:00,465.8,465.8,465.8,465.8,0.0,20.64,9639.1,0
2024-10-24,2024-10-24 14:13:00,465.8,465.81,465.8,465.81,0.0,20.64,9639.1,1
2024-10-24,2024-10-24 14:14:00,465.81,465.81,465.81,465.81,0.0,20.64,9639.1,0
2024-10-24,2024-10-24 14:15:00,465.81,465.82,465.81,465.82,0.0,20.64,9639.1,1
2024-10-24,2024-10-24 14:16:00,465.82,465.82,465.82,465.82,0.0,20.64,9639.1,0
2024-10-24,2024-10-24 14:17:00,465.82,465.82,465.82,465.82,0.0,20.64,9639.1,0
2024-10-24,2024-10-24 14:18:00,465.82,465.83,465.82,465.83,0.0,20.64,9639.1,1
2024-10-24,2024-10-24 14:19:00,465.83,465.83,465.83,465.83,0.0,20.64,9639.1,0
2024-10-24,2024-10-24 14:20:00,465.83,465.84,465.83,465.84,0.0,20.64,9639.1,1
2024-10-24,2024-10-24 14:21:00,465.84,465.84,465.84,465.84,0.0,20.64,9639.1,0
2024-10-24,2024-10-24 14:22:00,465.84,465.85,465.84,465.85,0.0,20.64,9639.1,1
2024-10-24,2024-10-24 14:23:00,465.85,465.85,465.85,465.85,0.0,20.64,9639.1,0
2024-10-24,2024-10-24 14:24:00,465.85,465.85,465.85,465.85,0.0,20.64,9639.1,0
2024-10-24,2024-10-24 14:25:00,465.85,465.86,465.85,465.86,0.0,20.64,9639.1,1
2024-10-24,2024-10-24 14:26:00,465.86,465.86,465.86,465.86,0.0,20.64,9639.1,0
2024-10-24,2024-10-24 14:27:00,465.86,465.87,465.86,465.87,0.0,20.64,9639.1,1
2024-10-24,2024-10-24 14:28:00,465.87,465.87,465.87,465.87,0.0,20.64,9639.1,0
2024-10-24,2024-10-24 14:29:00,465.87,465.88,465.87,465.88,0.0,20.64,9639.1,1
2024-10-24,2024-10-24 14:30:00,465.88,465.88,465.88,465.88,0.0,20.64,9639.1,0
2024-10-24,2024-10-24 14:31:00,465.88,465.88,465.88,465.88,0.0,20.64,9639.1,0
2024-10-24,2024-10-24 14:32:00,465.88,465.89,465.88,465.89,0.0,20.64,9639.1,1
2024-10-24,2024-10-24 14:33:00,465.89,465.89,465.89,465.89,0.0,20.64,9639.1,0
2024-10-24,2024-10-24 14:34:00,465.89,465.9,465.89,465.9,0.0,20.64,9639.1,1
2024-10-24,2024-10-24 14:35:00,465.9,465.9,465.9,465.9,0.0,20.64,9639.1,0
2024-10-24,2024-10-24 14:36:00,465.9,465.9,465.9,465.9,0.0,20.64,9639.1,0
2024-10-24,2024-10-24 14:37:00,465.9,465.91,465.9,465.91,0.0,20.64,9639.1,1
2024-10-24,2024-10-24 14:38:00,465.91,465.91,465.91,465.91,0.0,20.64,9639.1,0
2024-10-24,2024-10-24 14:39:00,465.91,465.92,465.91,465.92,0.0,20.64,9639.1,1
2024-10-24,2024-10-24 14:40:00,465.92,465.92,465.92,465.92,0.0,20.64,9639.1,0
2024-10-24,2024-10-24 14:41:00,465.92,465.93,465.92,465.93,0.0,20.64,9639.1,1
2024-10-24,2024-10-24 14:42:00,465.93,465.93,465.93,465.93,0.0,20.64,9639.1,0
2024-10-24,2024-10-24 14:43:00,465.93,465.93,465.93,465.93,0.0,20.64,9639.1,0
2024-10-24,2024-10-24 14:44:00,465.93,465.94,465.93,465.94,0.0,20.64,9639.1,1
2024-10-24,2024-10-24 14:45:00,465.94,465.94,465.94,465.94,0.0,20.64,9639.1,0
2024-10-24,2024-10-24 14:46:00,465.94,465.95,465.94,465.95,0.0,20.64,9639.1,1
2024-10-24,2024-10-24 14:47:00,465.95,465.95,465.95,465.95,0.0,20.64,9639.1,0
2024-10-24,2024-10-24 14:48:00,465.95,465.95,465.95,465.95,0.0,20.64,9639.1,0
2024-10-24,2024-10-24 14:49:00,465.95,465.96,465.95,465.96,0.0,20.64,9639.1,1
2024-10-24,2024-10-24 14:50:00,465.96,465.96,465.96,465.96,0.0,20.64,9639.1,0
2024-10-24,2024-10-24 14:51:00,465.96,465.97,465.96,465.97,0.0,20.64,9639.1,1
2024-10-24,2024-10-24 14:52:00,465.97,465.97,465.97,465.97,0.0,20.64,9639.1,0
2024-10-24,2024-10-24 14:53:00,465.97,465.98,465.97,465.98,0.0,20.64,9639.1,1
2024-10-24,2024-10-24 14:54:00,465.98,465.98,465.98,465.98,0.0,20.64,9639.1,0
2024-10-24,2024-10-24 14:55:00,465.98,465.98,465.98,465.98,0.0,20.64,9639.1,0
2024-10-24,2024-10-24 14:56:00,465.98,465.99,465.98,465.99,0.0,20.64,9639.1,1
2024-10-24,2024-10-24 14:57:00,465.99,465.99,465.99,465.99,0.0,20.64,9639.1,0
2024-10-24,2024-10-24 14:58:00,465.99,466.0,465.99,466.0,0.0,20.64,9639.1,1
2024-10-24,2024-10-24 14:59:00,466.0,466.0,466.0,466.0,0.0,20.64,9639.1,0
2024-10-24,2024-10-24 15:00:00,466.0,501.0,460.3,466.0,0.0,20.64,9639.1,0
2024-10-27,2024-10-27 11:00:00,460.0,468.1,460.0,460.02,0.0,15.35,7126.42,1
2024-10-27,2024-10-27 11:01:00,460.02,460.03,460.02,460.03,0.0,15.35,7126.42,1
2024-10-27,2024-10-27 11:02:00,460.03,460.05,460.03,460.05,0.0,15.35,7126.42,1
2024-10-27,2024-10-27 11:03:00,460.05,460.07,460.05,460.07,0.0,15.35,7126.42,1
2024-10-27,2024-10-27 11:04:00,460.07,460.08,460.07,460.08,0.0,15.35,7126.42,1
2024-10-27,2024-10-27 11:05:00,460.08,460.1,460.08,460.1,0.0,15.35,7126.42,1
2024-10-27,2024-10-27 11:06:00,460.1,460.12,460.1,460.12,0.0,15.35,7126.42,1
2024-10-27,2024-10-27 11:07:00,460.12,460.13,460.12,460.13,0.0,15.35,7126.42,1
2024-10-27,2024-10-27 11:08:00,460.13,460.15,460.13,460.15,0.0,15.35,7126.42,1
2024-10-27,2024-10-27 11:09:00,460.15,460.17,460.15,460.17,0.0,15.35,7126.42,1
2024-10-27,2024-10-27 11:10:00,460.17,460.18,460.17,460.18,0.0,15.35,7126.42,1
2024-10-27,2024-10-27 11:11:00,460.18,460.2,460.18,460.2,0.0,15.35,7126.42,1
2024-10-27,2024-10-27 11:12:00,460.2,460.22,460.2,460.22,0.0,15.35,7126.42,1
2024-10-27,2024-10-27 11:13:00,460.22,460.23,460.22,460.23,0.0,15.35,7126.42,1
2024-10-27,2024-10-27 11:14:00,460.23,460.25,460.23,460.25,0.0,15.35,7126.42,1
2024-10-27,2024-10-27 11:15:00,460.25,460.27,460.25,460.27,0.0,15.35,7126.42,1
2024-10-27,2024-10-27 11:16:00,460.27,460.28,460.27,460.28,0.0,15.35,7126.42,1
2024-10-27,2024-10-27 11:17:00,460.28,460.3,460.28,460.3,0.0,15.35,7126.42,1
2024-10-27,2024-10-27 11:18:00,460.3,460.32,460.3,460.32,0.0,15.35,7126.42,1
2024-10-27,2024-10-27 11:19:00,460.32,460.33,460.32,460.33,0.0,15.35,7126.42,1
2024-10-27,2024-10-27 11:20:00,460.33,460.35,460.33,460.35,0.0,15.35,7126.42,1
2024-10-27,2024-10-27 11:21:00,460.35,460.37,460.35,460.37,0.0,15.35,7126.42,1
2024-10-27,2024-10-27 11:22:00,460.37,460.38,460.37,460.38,0.0,15.35,7126.42,1
2024-10-27,2024-10-27 11:23:00,460.38,460.4,460.38,460.4,0.0,15.35,7126.42,1
2024-10-27,2024-10-27 11:24:00,460.4,460.42,460.4,460.42,0.0,15.35,7126.42,1
2024-10-27,2024-10-27 11:25:00,460.42,460.43,460.42,460.43,0.0,15.35,7126.42,1
2024-10-27,2024-10-27 11:26:00,460.43,460.45,460.43,460.45,0.0,15.35,7126.42,1
2024-10-27,2024-10-27 11:27:00,460.45,460.47,460.45,460.47,0.0,15.35,7126.42,1
2024-10-27,2024-10-27 11:28:00,460.47,460.48,460.47,460.48,0.0,15.35,7126.42,1
2024-10-27,2024-10-27 11:29:00,460.48,460.5,460.48,460.5,0.0,15.35,7126.42,1
2024-10-27,2024-10-27 11:30:00,460.5,460.52,460.5,460.52,0.0,15.35,7126.42,1
2024-10-27,2024-10-27 11:31:00,460.52,460.53,460.52,460.53,0.0,15.35,7126.42,1
2024-10-27,2024-10-27 11:32:00,460.53,460.55,460.53,460.55,0.0,15.35,7126.42,1
2024-10-27,2024-10-27 11:33:00,460.55,460.57,460.55,460.57,0.0,15.35,7126.42,1
2024-10-27,2024-10-27 11:34:00,460.57,460.58,460.57,460.58,0.0,15.35,7126.42,1
2024-10-27,2024-10-27 11:35:00,460.58,460.6,460.58,460.6,0.0,15.35,7126.42,1
2024-10-27,2024-10-27 11:36:00,460.6,460.62,460.6,460.62,0.0,15.35,7126.42,1
2024-10-27,2024-10-27 11:37:00,460.62,460.63,460.62,460.63,0.0,15.35,7126.42,1
2024-10-27,2024-10-27 11:38:00,460.63,460.65,460.63,460.65,0.0,15.35,7126.42,1
2024-10-27,2024-10-27 11:39:00,460.65,460.67,460.65,460.67,0.0,15.35,7126.42,1
2024-10-27,2024-10-27 11:40:00,460.67,460.68,460.67,460.68,0.0,15.35,7126.42,1
2024-10-27,2024-10-27 11:41:00,460.68,460.7,460.68,460.7,0.0,15.35,7126.42,1
2024-10-27,2024-10-27 11:42:00,460.7,460.72,460.7,460.72,0.0,15.35,7126.42,1
2024-10-27,2024-10-27 11:43:00,460.72,460.73,460.72,460.73,0.0,15.35,7126.42,1
2024-10-27,2024-10-27 11:44:00,460.73,460.75,460.73,460.75,0.0,15.35,7126.42,1
2024-10-27,2024-10-27 11:45:00,460.75,460.77,460.75,460.77,0.0,15.35,7126.42,1
2024-10-27,2024-10-27 11:46:00,460.77,460.78,460.77,460.78,0.0,15.35,7126.42,1
2024-10-27,2024-10-27 11:47:00,460.78,460.8,460.78,460.8,0.0,15.35,7126.42,1
2024-10-27,2024-10-27 11:48:00,460.8,460.82,460.8,460.82,0.0,15.35,7126.42,1
2024-10-27,2024-10-27 11:49:00,460.82,460.83,460.82,460.83,0.0,15.35,7126.42,1
2024-10-27,2024-10-27 11:50:00,460.83,460.85,460.83,460.85,0.0,15.35,7126.42,1
2024-10-27,2024-10-27 11:51:00,460.85,460.87,460.85,460.87,0.0,15.35,7126.42,1
2024-10-27,2024-10-27 11:52:00,460.87,460.88,460.87,460.88,0.0,15.35,7126.42,1
2024-10-27,2024-10-27 11:53:00,460.88,460.9,460.88,460.9,0.0,15.35,7126.42,1
2024-10-27,2024-10-27 11:54:00,460.9,460.92,460.9,460.92,0.0,15.35,7126.42,1
2024-10-27,2024-10-27 11:55:00,460.92,460.93,460.92,460.93,0.0,15.35,7126.42,1
2024-10-27,2024-10-27 11:56:00,460.93,460.95,460.93,460.95,0.0,15.35,7126.42,1
2024-10-27,2024-10-27 11:57:00,460.95,460.97,460.95,460.97,0.0,15.35,7126.42,1
2024-10-27,2024-10-27 11:58:00,460.97,460.98,460.97,460.98,0.0,15.35,7126.42,1
2024-10-27,2024-10-27 11:59:00,460.98,461.0,460.98,461.0,0.0,15.35,7126.42,1
2024-10-27,2024-10-27 12:00:00,461.0,461.02,461.0,461.02,0.0,15.35,7126.42,1
2024-10-27,2024-10-27 12:01:00,461.02,461.03,461.02,461.03,0.0,15.35,7126.42,1
2024-10-27,2024-10-27 12:02:00,461.03,461.05,461.03,461.05,0.0,15.35,7126.42,1
2024-10-27,2024-10-27 12:03:00,461.05,461.07,461.05,461.07,0.0,15.35,7126.42,1
2024-10-27,2024-10-27 12:04:00,461.07,461.08,461.07,461.08,0.0,15.35,7126.42,1
2024-10-27,2024-10-27 12:05:00,461.08,461.1,461.08,461.1,0.0,15.35,7126.42,1
2024-10-27,2024-10-27 12:06:00,461.1,461.12,461.1,461.12,0.0,15.35,7126.42,1
2024-10-27,2024-10-27 12:07:00,461.12,461.13,461.12,461.13,0.0,15.35,7126.42,1
2024-10-27,2024-10-27 12:08:00,461.13,461.15,461.13,461.15,0.0,15.35,7126.42,1
2024-10-27,2024-10-27 12:09:00,461.15,461.17,461.15,461.17,0.0,15.35,7126.42,1
2024-10-27,2024-10-27 12:10:00,461.17,461.18,461.17,461.18,0.0,15.35,7126.42,1
2024-10-27,2024-10-27 12:11:00,461.18,461.2,461.18,461.2,0.0,15.35,7126.42,1
2024-10-27,2024-10-27 12:12:00,461.2,461.22,461.2,461.22,0.0,15.35,7126.42,1
2024-10-27,2024-10-27 12:13:00,461.22,461.23,461.22,461.23,0.0,15.35,7126.42,1
2024-10-27,2024-10-27 12:14:00,461.23,461.25,461.23,461.25,0.0,15.35,7126.42,1
2024-10-27,2024-10-27 12:15:00,461.25,461.27,461.25,461.27,0.0,15.35,7126.42,1
2024-10-27,2024-10-27 12:16:00,461.27,461.28,461.27,461.28,0.0,15.35,7126.42,1
2024-10-27,2024-10-27 12:17:00,461.28,461.3,461.28,461.3,0.0,15.35,7126.42,1
2024-10-27,2024-10-27 12:18:00,461.3,461.32,461.3,461.32,0.0,15.35,7126.42,1
2024-10-27,2024-10-27 12:19:00,461.32,461.33,461.32,461.33,0.0,15.35,7126.42,1
2024-10-27,2024-10-27 12:20:00,461.33,461.35,461.33,461.35,0.0,15.35,7126.42,1
2024-10-27,2024-10-27 12:21:00,461.35,461.37,461.35,461.37,0.0,15.35,7126.42,1
2024-10-27,2024-10-27 12:22:00,461.37,461.38,461.37,461.38,0.0,15.35,7126.42,1
2024-10-27,2024-10-27 12:23:00,461.38,461.4,461.38,461.4,0.0,15.35,7126.42,1
2024-10-27,2024-10-27 12:24:00,461.4,461.42,461.4,461.42,0.0,15.35,7126.42,1
2024-10-27,2024-10-27 12:25:00,461.42,461.43,461.42,461.43,0.0,15.35,7126.42,1
2024-10-27,2024-10-27 12:26:00,461.43,461.45,461.43,461.45,0.0,15.35,7126.42,1
2024-10-27,2024-10-27 12:27:00,461.45,461.47,461.45,461.47,0.0,15.35,7126.42,1
2024-10-27,2024-10-27 12:28:00,461.47,461.48,461.47,461.48,0.0,15.35,7126.42,1
2024-10-27,2024-10-27 12:29:00,461.48,461.5,461.48,461.5,0.0,15.35,7126.42,1
2024-10-27,2024-10-27 12:30:00,461.5,461.52,461.5,461.52,0.0,15.35,7126.42,1
2024-10-27,2024-10-27 12:31:00,461.52,461.53,461.52,461.53,0.0,15.35,7126.42,1
2024-10-27,2024-10-27 12:32:00,461.53,461.55,461.53,461.55,0.0,15.35,7126.42,1
2024-10-27,2024-10-27 12:33:00,461.55,461.57,461.55,461.57,0.0,15.35,7126.42,1
2024-10-27,2024-10-27 12:34:00,461.57,461.58,461.57,461.58,0.0,15.35,7126.42,1
2024-10-27,2024-10-27 12:35:00,461.58,461.6,461.58,461.6,0.0,15.35,7126.42,1
2024-10-27,2024-10-27 12:36:00,461.6,461.62,461.6,461.62,0.0,15.35,7126.42,1
2024-10-27,2024-10-27 12:37:00,461.62,461.63,461.62,461.63,0.0,15.35,7126.42,1
2024-10-27,2024-10-27 12:38:00,461.63,461.65,461.63,461.65,0.0,15.35,7126.42,1
2024-10-27,2024-10-27 12:39:00,461.65,461.67,461.65,461.67,0.0,15.35,7126.42,1
2024-10-27,2024-10-27 12:40:00,461.67,461.68,461.67,461.68,0.0,15.35,7126.42,1
2024-10-27,2024-10-27 12:41:00,461.68,461.7,461.68,461.7,0.0,15.35,7126.42,1
2024-10-27,2024-10-27 12:42:00,461.7,461.72,461.7,461.72,0.0,15.35,7126.42,1
2024-10-27,2024-10-27 12:43:00,461.72,461.73,461.72,461.73,0.0,15.35,7126.42,1
2024-10-27,2024-10-27 12:44:00,461.73,461.75,461.73,461.75,0.0,15.35,7126.42,1
2024-10-27,2024-10-27 12:45:00,461.75,461.77,461.75,461.77,0.0,15.35,7126.42,1
2024-10-27,2024-10-27 12:46:00,461.77,461.78,461.77,461.78,0.0,15.35,7126.42,1
2024-10-27,2024-10-27 12:47:00,461.78,461.8,461.78,461.8,0.0,15.35,7126.42,1
2024-10-27,2024-10-27 12:48:00,461.8,461.82,461.8,461.82,0.0,15.35,7126.42,1
2024-10-27,2024-10-27 12:49:00,461.82,461.83,461.82,461.83,0.0,15.35,7126.42,1
2024-10-27,2024-10-27 12:50:00,461.83,461.85,461.83,461.85,0.0,15.35,7126.42,1
2024-10-27,2024-10-27 12:51:00,461.85,461.87,461.85,461.87,0.0,15.35,7126.42,1
2024-10-27,2024-10-27 12:52:00,461.87,461.88,461.87,461.88,0.0,15.35,7126.42,1
2024-10-27,2024-10-27 12:53:00,461.88,461.9,461.88,461.9,0.0,15.35,7126.42,1
2024-10-27,2024-10-27 12:54:00,461.9,461.92,461.9,461.92,0.0,15.35,7126.42,1
2024-10-27,2024-10-27 12:55:00,461.92,461.93,461.92,461.93,0.0,15.35,7126.42,1
2024-10-27,2024-10-27 12:56:00,461.93,461.95,461.93,461.95,0.0,15.35,7126.42,1
2024-10-27,2024-10-27 12:57:00,461.95,461.97,461.95,461.97,0.0,15.35,7126.42,1
2024-10-27,2024-10-27 12:58:00,461.97,461.98,461.97,461.98,0.0,15.35,7126.42,1
2024-10-27,2024-10-27 12:59:00,461.98,462.0,461.98,462.0,0.0,15.35,7126.42,1
2024-10-27,2024-10-27 13:00:00,462.0,487.0,460.0,462.02,0.0,15.35,7126.42,1
2024-10-27,2024-10-27 13:01:00,462.02,462.03,462.02,462.03,0.0,15.35,7126.42,1
2024-10-27,2024-10-27 13:02:00,462.03,462.05,462.03,462.05,0.0,15.35,7126.42,1
2024-10-27,2024-10-27 13:03:00,462.05,462.07,462.05,462.07,0.0,15.35,7126.42,1
2024-10-27,2024-10-27 13:04:00,462.07,462.08,462.07,462.08,0.0,15.35,7126.42,1
2024-10-27,2024-10-27 13:05:00,462.08,462.1,462.08,462.1,0.0,15.35,7126.42,1
2024-10-27,2024-10-27 13:06:00,462.1,462.12,462.1,462.12,0.0,15.35,7126.42,1
2024-10-27,2024-10-27 13:07:00,462.12,462.13,462.12,462.13,0.0,15.35,7126.42,1
2024-10-27,2024-10-27 13:08:00,462.13,462.15,462.13,462.15,0.0,15.35,7126.42,1
2024-10-27,2024-10-27 13:09:00,462.15,462.17,462.15,462.17,0.0,15.35,7126.42,1
2024-10-27,2024-10-27 13:10:00,462.17,462.18,462.17,462.18,0.0,15.35,7126.42,1
2024-10-27,2024-10-27 13:11:00,462.18,462.2,462.18,462.2,0.0,15.35,7126.42,1
2024-10-27,2024-10-27 13:12:00,462.2,462.22,462.2,462.22,0.0,15.35,7126.42,1
2024-10-27,2024-10-27 13:13:00,462.22,462.23,462.22,462.23,0.0,15.35,7126.42,1
2024-10-27,2024-10-27 13:14:00,462.23,462.25,462.23,462.25,0.0,15.35,7126.42,1
2024-10-27,2024-10-27 13:15:00,462.25,462.27,462.25,462.27,0.0,15.35,7126.42,1
2024-10-27,2024-10-27 13:16:00,462.27,462.28,462.27,462.28,0.0,15.35,7126.42,1
2024-10-27,2024-10-27 13:17:00,462.28,462.3,462.28,462.3,0.0,15.35,7126.42,1
2024-10-27,2024-10-27 13:18:00,462.3,462.32,462.3,462.32,0.0,15.35,7126.42,1
2024-10-27,2024-10-27 13:19:00,462.32,462.33,462.32,462.33,0.0,15.35,7126.42,1
2024-10-27,2024-10-27 13:20:00,462.33,462.35,462.33,462.35,0.0,15.35,7126.42,1
2024-10-27,2024-10-27 13:21:00,462.35,462.37,462.35,462.37,0.0,15.35,7126.42,1
2024-10-27,2024-10-27 13:22:00,462.37,462.38,462.37,462.38,0.0,15.35,7126.42,1
2024-10-27,2024-10-27 13:23:00,462.38,462.4,462.38,462.4,0.0,15.35,7126.42,1
2024-10-27,2024-10-27 13:24:00,462.4,462.42,462.4,462.42,0.0,15.35,7126.42,1
2024-10-27,2024-10-27 13:25:00,462.42,462.43,462.42,462.43,0.0,15.35,7126.42,1
2024-10-27,2024-10-27 13:26:00,462.43,462.45,462.43,462.45,0.0,15.35,7126.42,1
2024-10-27,2024-10-27 13:27:00,462.45,462.47,462.45,462.47,0.0,15.35,7126.42,1
2024-10-27,2024-10-27 13:28:00,462.47,462.48,462.47,462.48,0.0,15.35,7126.42,1
2024-10-27,2024-10-27 13:29:00,462.48,462.5,462.48,462.5,0.0,15.35,7126.42,1
2024-10-27,2024-10-27 13:30:00,462.5,462.52,462.5,462.52,0.0,15.35,7126.42,1
2024-10-27,2024-10-27 13:31:00,462.52,462.53,462.52,462.53,0.0,15.35,7126.42,1
2024-10-27,2024-10-27 13:32:00,462.53,462.55,462.53,462.55,0.0,15.35,7126.42,1
2024-10-27,2024-10-27 13:33:00,462.55,462.57,462.55,462.57,0.0,15.35,7126.42,1
2024-10-27,2024-10-27 13:34:00,462.57,462.58,462.57,462.58,0.0,15.35,7126.42,1
2024-10-27,2024-10-27 13:35:00,462.58,462.6,462.58,462.6,0.0,15.35,7126.42,1
2024-10-27,2024-10-27 13:36:00,462.6,462.62,462.6,462.62,0.0,15.35,7126.42,1
2024-10-27,2024-10-27 13:37:00,462.62,462.63,462.62,462.63,0.0,15.35,7126.42,1
2024-10-27,2024-10-27 13:38:00,462.63,462.65,462.63,462.65,0.0,15.35,7126.42,1
2024-10-27,2024-10-27 13:39:00,462.65,462.67,462.65,462.67,0.0,15.35,7126.42,1
2024-10-27,2024-10-27 13:40:00,462.67,462.68,462.67,462.68,0.0,15.35,7126.42,1
2024-10-27,2024-10-27 13:41:00,462.68,462.7,462.68,462.7,0.0,15.35,7126.42,1
2024-10-27,2024-10-27 13:42:00,462.7,462.72,462.7,462.72,0.0,15.35,7126.42,1
2024-10-27,2024-10-27 13:43:00,462.72,462.73,462.72,462.73,0.0,15.35,7126.42,1
2024-10-27,2024-10-27 13:44:00,462.73,462.75,462.73,462.75,0.0,15.35,7126.42,1
2024-10-27,2024-10-27 13:45:00,462.75,462.77,462.75,462.77,0.0,15.35,7126.42,1
2024-10-27,2024-10-27 13:46:00,462.77,462.78,462.77,462.78,0.0,15.35,7126.42,1
2024-10-27,2024-10-27 13:47:00,462.78,462.8,462.78,462.8,0.0,15.35,7126.42,1
2024-10-27,2024-10-27 13:48:00,462.8,462.82,462.8,462.82,0.0,15.35,7126.42,1
2024-10-27,2024-10-27 13:49:00,462.82,462.83,462.82,462.83,0.0,15.35,7126.42,1
2024-10-27,2024-10-27 13:50:00,462.83,462.85,462.83,462.85,0.0,15.35,7126.42,1
2024-10-27,2024-10-27 13:51:00,462.85,462.87,462.85,462.87,0.0,15.35,7126.42,1
2024-10-27,2024-10-27 13:52:00,462.87,462.88,462.87,462.88,0.0,15.35,7126.42,1
2024-10-27,2024-10-27 13:53:00,462.88,462.9,462.88,462.9,0.0,15.35,7126.42,1
2024-10-27,2024-10-27 13:54:00,462.9,462.92,462.9,462.92,0.0,15.35,7126.42,1
2024-10-27,2024-10-27 13:55:00,462.92,462.93,462.92,462.93,0.0,15.35,7126.42,1
2024-10-27,2024-10-27 13:56:00,462.93,462.95,462.93,462.95,0.0,15.35,7126.42,1
2024-10-27,2024-10-27 13:57:00,462.95,462.97,462.95,462.97,0.0,15.35,7126.42,1
2024-10-27,2024-10-27 13:58:00,462.97,462.98,462.97,462.98,0.0,15.35,7126.42,1
2024-10-27,2024-10-27 13:59:00,462.98,463.0,462.98,463.0,0.0,15.35,7126.42,1
2024-10-27,2024-10-27 14:00:00,463.0,463.02,463.0,463.02,0.0,15.35,7126.42,1
2024-10-27,2024-10-27 14:01:00,463.02,463.03,463.02,463.03,0.0,15.35,7126.42,1
2024-10-27,2024-10-27 14:02:00,463.03,463.05,463.03,463.05,0.0,15.35,7126.42,1
2024-10-27,2024-10-27 14:03:00,463.05,463.07,463.05,463.07,0.0,15.35,7126.42,1
2024-10-27,2024-10-27 14:04:00,463.07,463.08,463.07,463.08,0.0,15.35,7126.42,1
2024-10-27,2024-10-27 14:05:00,463.08,463.1,463.08,463.1,0.0,15.35,7126.42,1
2024-10-27,2024-10-27 14:06:00,463.1,463.12,463.1,463.12,0.0,15.35,7126.42,1
2024-10-27,2024-10-27 14:07:00,463.12,463.13,463.12,463.13,0.0,15.35,7126.42,1
2024-10-27,2024-10-27 14:08:00,463.13,463.15,463.13,463.15,0.0,15.35,7126.42,1
2024-10-27,2024-10-27 14:09:00,463.15,463.17,463.15,463.17,0.0,15.35,7126.42,1
2024-10-27,2024-10-27 14:10:00,463.17,463.18,463.17,463.18,0.0,15.35,7126.42,1
2024-10-27,2024-10-27 14:11:00,463.18,463.2,463.18,463.2,0.0,15.35,7126.42,1
2024-10-27,2024-10-27 14:12:00,463.2,463.22,463.2,463.22,0.0,15.35,7126.42,1
2024-10-27,2024-10-27 14:13:00,463.22,463.23,463.22,463.23,0.0,15.35,7126.42,1
2024-10-27,2024-10-27 14:14:00,463.23,463.25,463.23,463.25,0.0,15.35,7126.42,1
2024-10-27,2024-10-27 14:15:00,463.25,463.27,463.25,463.27,0.0,15.35,7126.42,1
2024-10-27,2024-10-27 14:16:00,463.27,463.28,463.27,463.28,0.0,15.35,7126.42,1
2024-10-27,2024-10-27 14:17:00,463.28,463.3,463.28,463.3,0.0,15.35,7126.42,1
2024-10-27,2024-10-27 14:18:00,463.3,463.32,463.3,463.32,0.0,15.35,7126.42,1
2024-10-27,2024-10-27 14:19:00,463.32,463.33,463.32,463.33,0.0,15.35,7126.42,1
2024-10-27,2024-10-27 14:20:00,463.33,463.35,463.33,463.35,0.0,15.35,7126.42,1
2024-10-27,2024-10-27 14:21:00,463.35,463.37,463.35,463.37,0.0,15.35,7126.42,1
2024-10-27,2024-10-27 14:22:00,463.37,463.38,463.37,463.38,0.0,15.35,7126.42,1
2024-10-27,2024-10-27 14:23:00,463.38,463.4,463.38,463.4,0.0,15.35,7126.42,1
2024-10-27,2024-10-27 14:24:00,463.4,463.42,463.4,463.42,0.0,15.35,7126.42,1
2024-10-27,2024-10-27 14:25:00,463.42,463.43,463.42,463.43,0.0,15.35,7126.42,1
2024-10-27,2024-10-27 14:26:00,463.43,463.45,463.43,463.45,0.0,15.35,7126.42,1
2024-10-27,2024-10-27 14:27:00,463.45,463.47,463.45,463.47,0.0,15.35,7126.42,1
2024-10-27,2024-10-27 14:28:00,463.47,463.48,463.47,463.48,0.0,15.35,7126.42,1
2024-10-27,2024-10-27 14:29:00,463.48,463.5,463.48,463.5,0.0,15.35,7126.42,1
2024-10-27,2024-10-27 14:30:00,463.5,463.52,463.5,463.52,0.0,15.35,7126.42,1
2024-10-27,2024-10-27 14:31:00,463.52,463.53,463.52,463.53,0.0,15.35,7126.42,1
2024-10-27,2024-10-27 14:32:00,463.53,463.55,463.53,463.55,0.0,15.35,7126.42,1
2024-10-27,2024-10-27 14:33:00,463.55,463.57,463.55,463.57,0.0,15.35,7126.42,1
2024-10-27,2024-10-27 14:34:00,463.57,463.58,463.57,463.58,0.0,15.35,7126.42,1
2024-10-27,2024-10-27 14:35:00,463.58,463.6,463.58,463.6,0.0,15.35,7126.42,1
2024-10-27,2024-10-27 14:36:00,463.6,463.62,463.6,463.62,0.0,15.35,7126.42,1
2024-10-27,2024-10-27 14:37:00,463.62,463.63,463.62,463.63,0.0,15.35,7126.42,1
2024-10-27,2024-10-27 14:38:00,463.63,463.65,463.63,463.65,0.0,15.35,7126.42,1
2024-10-27,2024-10-27 14:39:00,463.65,463.67,463.65,463.67,0.0,15.35,7126.42,1
2024-10-27,2024-10-27 14:40:00,463.67,463.68,463.67,463.68,0.0,15.35,7126.42,1
2024-10-27,2024-10-27 14:41:00,463.68,463.7,463.68,463.7,0.0,15.35,7126.42,1
2024-10-27,2024-10-27 14:42:00,463.7,463.72,463.7,463.72,0.0,15.35,7126.42,1
2024-10-27,2024-10-27 14:43:00,463.72,463.73,463.72,463.73,0.0,15.35,7126.42,1
2024-10-27,2024-10-27 14:44:00,463.73,463.75,463.73,463.75,0.0,15.35,7126.42,1
2024-10-27,2024-10-27 14:45:00,463.75,463.77,463.75,463.77,0.0,15.35,7126.42,1
2024-10-27,2024-10-27 14:46:00,463.77,463.78,463.77,463.78,0.0,15.35,7126.42,1
2024-10-27,2024-10-27 14:47:00,463.78,463.8,463.78,463.8,0.0,15.35,7126.42,1
2024-10-27,2024-10-27 14:48:00,463.8,463.82,463.8,463.82,0.0,15.35,7126.42,1
2024-10-27,2024-10-27 14:49:00,463.82,463.83,463.82,463.83,0.0,15.35,7126.42,1
2024-10-27,2024-10-27 14:50:00,463.83,463.85,463.83,463.85,0.0,15.35,7126.42,1
2024-10-27,2024-10-27 14:51:00,463.85,463.87,463.85,463.87,0.0,15.35,7126.42,1
2024-10-27,2024-10-27 14:52:00,463.87,463.88,463.87,463.88,0.0,15.35,7126.42,1
2024-10-27,2024-10-27 14:53:00,463.88,463.9,463.88,463.9,0.0,15.35,7126.42,1
2024-10-27,2024-10-27 14:54:00,463.9,463.92,463.9,463.92,0.0,15.35,7126.42,1
2024-10-27,2024-10-27 14:55:00,463.92,463.93,463.92,463.93,0.0,15.35,7126.42,1
2024-10-27,2024-10-27 14:56:00,463.93,463.95,463.93,463.95,0.0,15.35,7126.42,1
2024-10-27,2024-10-27 14:57:00,463.95,463.97,463.95,463.97,0.0,15.35,7126.42,1
2024-10-27,2024-10-27 14:58:00,463.97,463.98,463.97,463.98,0.0,15.35,7126.42,1
2024-10-27,2024-10-27 14:59:00,463.98,464.0,463.98,464.0,0.0,15.35,7126.42,1
2024-10-27,2024-10-27 15:00:00,464.0,487.0,460.0,464.0,0.0,15.35,7126.42,0
2024-10-28,2024-10-28 11:00:00,456.0,464.37,456.0,456.1,0.02,90.17,43096.92,1
2024-10-28,2024-10-28 11:01:00,456.1,456.19,456.1,456.19,0.02,90.17,43096.92,1
2024-10-28,2024-10-28 11:02:00,456.19,456.29,456.19,456.29,0.02,90.17,43096.92,1
2024-10-28,2024-10-28 11:03:00,456.29,456.38,456.29,456.38,0.02,90.17,43096.92,1
2024-10-28,2024-10-28 11:04:00,456.38,456.48,456.38,456.48,0.02,90.17,43096.92,1
2024-10-28,2024-10-28 11:05:00,456.48,456.57,456.48,456.57,0.02,90.17,43096.92,1
2024-10-28,2024-10-28 11:06:00,456.57,456.67,456.57,456.67,0.02,90.17,43096.92,1
2024-10-28,2024-10-28 11:07:00,456.67,456.76,456.67,456.76,0.02,90.17,43096.92,1
2024-10-28,2024-10-28 11:08:00,456.76,456.86,456.76,456.86,0.02,90.17,43096.92,1
2024-10-28,2024-10-28 11:09:00,456.86,456.95,456.86,456.95,0.02,90.17,43096.92,1
2024-10-28,2024-10-28 11:10:00,456.95,457.05,456.95,457.05,0.02,90.17,43096.92,1
2024-10-28,2024-10-28 11:11:00,457.05,457.14,457.05,457.14,0.02,90.17,43096.92,1
2024-10-28,2024-10-28 11:12:00,457.14,457.24,457.14,457.24,0.02,90.17,43096.92,1
2024-10-28,2024-10-28 11:13:00,457.24,457.34,457.24,457.34,0.02,90.17,43096.92,1
2024-10-28,2024-10-28 11:14:00,457.34,457.43,457.34,457.43,0.02,90.17,43096.92,1
2024-10-28,2024-10-28 11:15:00,457.43,457.53,457.43,457.53,0.02,90.17,43096.92,1
2024-10-28,2024-10-28 11:16:00,457.53,457.62,457.53,457.62,0.02,90.17,43096.92,1
2024-10-28,2024-10-28 11:17:00,457.62,457.72,457.62,457.72,0.02,90.17,43096.92,1
2024-10-28,2024-10-28 11:18:00,457.72,457.81,457.72,457.81,0.02,90.17,43096.92,1
2024-10-28,2024-10-28 11:19:00,457.81,457.91,457.81,457.91,0.02,90.17,43096.92,1
2024-10-28,2024-10-28 11:20:00,457.91,458.0,457.91,458.0,0.02,90.17,43096.92,1
2024-10-28,2024-10-28 11:21:00,458.0,458.1,458.0,458.1,0.02,90.17,43096.92,1
2024-10-28,2024-10-28 11:22:00,458.1,458.19,458.1,458.19,0.02,90.17,43096.92,1
2024-10-28,2024-10-28 11:23:00,458.19,458.29,458.19,458.29,0.02,90.17,43096.92,1
2024-10-28,2024-10-28 11:24:00,458.29,458.39,458.29,458.39,0.02,90.17,43096.92,1
2024-10-28,2024-10-28 11:25:00,458.39,458.48,458.39,458.48,0.02,90.17,43096.92,1
2024-10-28,2024-10-28 11:26:00,458.48,458.58,458.48,458.58,0.02,90.17,43096.92,1
2024-10-28,2024-10-28 11:27:00,458.58,458.67,458.58,458.67,0.02,90.17,43096.92,1
2024-10-28,2024-10-28 11:28:00,458.67,458.77,458.67,458.77,0.02,90.17,43096.92,1
2024-10-28,2024-10-28 11:29:00,458.77,458.86,458.77,458.86,0.02,90.17,43096.92,1
2024-10-28,2024-10-28 11:30:00,458.86,458.96,458.86,458.96,0.02,90.17,43096.92,1
2024-10-28,2024-10-28 11:31:00,458.96,459.05,458.96,459.05,0.02,90.17,43096.92,1
2024-10-28,2024-10-28 11:32:00,459.05,459.15,459.05,459.15,0.02,90.17,43096.92,1
2024-10-28,2024-10-28 11:33:00,459.15,459.24,459.15,459.24,0.02,90.17,43096.92,1
2024-10-28,2024-10-28 11:34:00,459.24,459.34,459.24,459.34,0.02,90.17,43096.92,1
2024-10-28,2024-10-28 11:35:00,459.34,459.44,459.34,459.44,0.02,90.17,43096.92,1
2024-10-28,2024-10-28 11:36:00,459.44,459.53,459.44,459.53,0.02,90.17,43096.92,1
2024-10-28,2024-10-28 11:37:00,459.53,459.63,459.53,459.63,0.02,90.17,43096.92,1
2024-10-28,2024-10-28 11:38:00,459.63,459.72,459.63,459.72,0.02,90.17,43096.92,1
2024-10-28,2024-10-28 11:39:00,459.72,459.82,459.72,459.82,0.02,90.17,43096.92,1
2024-10-28,2024-10-28 11:40:00,459.82,459.91,459.82,459.91,0.02,90.17,43096.92,1
2024-10-28,2024-10-28 11:41:00,459.91,460.01,459.91,460.01,0.02,90.17,43096.92,1
2024-10-28,2024-10-28 11:42:00,460.01,460.1,460.01,460.1,0.02,90.17,43096.92,1
2024-10-28,2024-10-28 11:43:00,460.1,460.2,460.1,460.2,0.02,90.17,43096.92,1
2024-10-28,2024-10-28 11:44:00,460.2,460.29,460.2,460.29,0.02,90.17,43096.92,1
2024-10-28,2024-10-28 11:45:00,460.29,460.39,460.29,460.39,0.02,90.17,43096.92,1
2024-10-28,2024-10-28 11:46:00,460.39,460.48,460.39,460.48,0.02,90.17,43096.92,1
2024-10-28,2024-10-28 11:47:00,460.48,460.58,460.48,460.58,0.02,90.17,43096.92,1
2024-10-28,2024-10-28 11:48:00,460.58,460.68,460.58,460.68,0.02,90.17,43096.92,1
2024-10-28,2024-10-28 11:49:00,460.68,460.77,460.68,460.77,0.02,90.17,43096.92,1
2024-10-28,2024-10-28 11:50:00,460.77,460.87,460.77,460.87,0.02,90.17,43096.92,1
2024-10-28,2024-10-28 11:51:00,460.87,460.96,460.87,460.96,0.02,90.17,43096.92,1
2024-10-28,2024-10-28 11:52:00,460.96,461.06,460.96,461.06,0.02,90.17,43096.92,1
2024-10-28,2024-10-28 11:53:00,461.06,461.15,461.06,461.15,0.02,90.17,43096.92,1
2024-10-28,2024-10-28 11:54:00,461.15,461.25,461.15,461.25,0.02,90.17,43096.92,1
2024-10-28,2024-10-28 11:55:00,461.25,461.34,461.25,461.34,0.02,90.17,43096.92,1
2024-10-28,2024-10-28 11:56:00,461.34,461.44,461.34,461.44,0.02,90.17,43096.92,1
2024-10-28,2024-10-28 11:57:00,461.44,461.53,461.44,461.53,0.02,90.17,43096.92,1
2024-10-28,2024-10-28 11:58:00,461.53,461.63,461.53,461.63,0.02,90.17,43096.92,1
2024-10-28,2024-10-28 11:59:00,461.63,461.73,461.63,461.73,0.02,90.17,43096.92,1
2024-10-28,2024-10-28 12:00:00,461.73,461.82,461.73,461.82,0.02,90.17,43096.92,1
2024-10-28,2024-10-28 12:01:00,461.82,461.92,461.82,461.92,0.02,90.17,43096.92,1
2024-10-28,2024-10-28 12:02:00,461.92,462.01,461.92,462.01,0.02,90.17,43096.92,1
2024-10-28,2024-10-28 12:03:00,462.01,462.11,462.01,462.11,0.02,90.17,43096.92,1
2024-10-28,2024-10-28 12:04:00,462.11,462.2,462.11,462.2,0.02,90.17,43096.92,1
2024-10-28,2024-10-28 12:05:00,462.2,462.3,462.2,462.3,0.02,90.17,43096.92,1
2024-10-28,2024-10-28 12:06:00,462.3,462.39,462.3,462.39,0.02,90.17,43096.92,1
2024-10-28,2024-10-28 12:07:00,462.39,462.49,462.39,462.49,0.02,90.17,43096.92,1
2024-10-28,2024-10-28 12:08:00,462.49,462.58,462.49,462.58,0.02,90.17,43096.92,1
2024-10-28,2024-10-28 12:09:00,462.58,462.68,462.58,462.68,0.02,90.17,43096.92,1
2024-10-28,2024-10-28 12:10:00,462.68,462.77,462.68,462.77,0.02,90.17,43096.92,1
2024-10-28,2024-10-28 12:11:00,462.77,462.87,462.77,462.87,0.02,90.17,43096.92,1
2024-10-28,2024-10-28 12:12:00,462.87,462.97,462.87,462.97,0.02,90.17,43096.92,1
2024-10-28,2024-10-28 12:13:00,462.97,463.06,462.97,463.06,0.02,90.17,43096.92,1
2024-10-28,2024-10-28 12:14:00,463.06,463.16,463.06,463.16,0.02,90.17,43096.92,1
2024-10-28,2024-10-28 12:15:00,463.16,463.25,463.16,463.25,0.02,90.17,43096.92,1
2024-10-28,2024-10-28 12:16:00,463.25,463.35,463.25,463.35,0.02,90.17,43096.92,1
2024-10-28,2024-10-28 12:17:00,463.35,463.44,463.35,463.44,0.02,90.17,43096.92,1
2024-10-28,2024-10-28 12:18:00,463.44,463.54,463.44,463.54,0.02,90.17,43096.92,1
2024-10-28,2024-10-28 12:19:00,463.54,463.63,463.54,463.63,0.02,90.17,43096.92,1
2024-10-28,2024-10-28 12:20:00,463.63,463.73,463.63,463.73,0.02,90.17,43096.92,1
2024-10-28,2024-10-28 12:21:00,463.73,463.82,463.73,463.82,0.02,90.17,43096.92,1
2024-10-28,2024-10-28 12:22:00,463.82,463.92,463.82,463.92,0.02,90.17,43096.92,1
2024-10-28,2024-10-28 12:23:00,463.92,464.01,463.92,464.01,0.02,90.17,43096.92,1
2024-10-28,2024-10-28 12:24:00,464.01,464.11,464.01,464.11,0.02,90.17,43096.92,1
2024-10-28,2024-10-28 12:25:00,464.11,464.21,464.11,464.21,0.02,90.17,43096.92,1
2024-10-28,2024-10-28 12:26:00,464.21,464.3,464.21,464.3,0.02,90.17,43096.92,1
2024-10-28,2024-10-28 12:27:00,464.3,464.4,464.3,464.4,0.02,90.17,43096.92,1
2024-10-28,2024-10-28 12:28:00,464.4,464.49,464.4,464.49,0.02,90.17,43096.92,1
2024-10-28,2024-10-28 12:29:00,464.49,464.59,464.49,464.59,0.02,90.17,43096.92,1
2024-10-28,2024-10-28 12:30:00,464.59,464.68,464.59,464.68,0.02,90.17,43096.92,1
2024-10-28,2024-10-28 12:31:00,464.68,464.78,464.68,464.78,0.02,90.17,43096.92,1
2024-10-28,2024-10-28 12:32:00,464.78,464.87,464.78,464.87,0.02,90.17,43096.92,1
2024-10-28,2024-10-28 12:33:00,464.87,464.97,464.87,464.97,0.02,90.17,43096.92,1
2024-10-28,2024-10-28 12:34:00,464.97,465.06,464.97,465.06,0.02,90.17,43096.92,1
2024-10-28,2024-10-28 12:35:00,465.06,465.16,465.06,465.16,0.02,90.17,43096.92,1
2024-10-28,2024-10-28 12:36:00,465.16,465.26,465.16,465.26,0.02,90.17,43096.92,1
2024-10-28,2024-10-28 12:37:00,465.26,465.35,465.26,465.35,0.02,90.17,43096.92,1
2024-10-28,2024-10-28 12:38:00,465.35,465.45,465.35,465.45,0.02,90.17,43096.92,1
2024-10-28,2024-10-28 12:39:00,465.45,465.54,465.45,465.54,0.02,90.17,43096.92,1
2024-10-28,2024-10-28 12:40:00,465.54,465.64,465.54,465.64,0.02,90.17,43096.92,1
2024-10-28,2024-10-28 12:41:00,465.64,465.73,465.64,465.73,0.02,90.17,43096.92,1
2024-10-28,2024-10-28 12:42:00,465.73,465.83,465.73,465.83,0.02,90.17,43096.92,1
2024-10-28,2024-10-28 12:43:00,465.83,465.92,465.83,465.92,0.02,90.17,43096.92,1
2024-10-28,2024-10-28 12:44:00,465.92,466.02,465.92,466.02,0.02,90.17,43096.92,1
2024-10-28,2024-10-28 12:45:00,466.02,466.11,466.02,466.11,0.02,90.17,43096.92,1
2024-10-28,2024-10-28 12:46:00,466.11,466.21,466.11,466.21,0.02,90.17,43096.92,1
2024-10-28,2024-10-28 12:47:00,466.21,466.31,466.21,466.31,0.02,90.17,43096.92,1
2024-10-28,2024-10-28 12:48:00,466.31,466.4,466.31,466.4,0.02,90.17,43096.92,1
2024-10-28,2024-10-28 12:49:00,466.4,466.5,466.4,466.5,0.02,90.17,43096.92,1
2024-10-28,2024-10-28 12:50:00,466.5,466.59,466.5,466.59,0.02,90.17,43096.92,1
2024-10-28,2024-10-28 12:51:00,466.59,466.69,466.59,466.69,0.02,90.17,43096.92,1
2024-10-28,2024-10-28 12:52:00,466.69,466.78,466.69,466.78,0.02,90.17,43096.92,1
2024-10-28,2024-10-28 12:53:00,466.78,466.88,466.78,466.88,0.02,90.17,43096.92,1
2024-10-28,2024-10-28 12:54:00,466.88,466.97,466.88,466.97,0.02,90.17,43096.92,1
2024-10-28,2024-10-28 12:55:00,466.97,467.07,466.97,467.07,0.02,90.17,43096.92,1
2024-10-28,2024-10-28 12:56:00,467.07,467.16,467.07,467.16,0.02,90.17,43096.92,1
2024-10-28,2024-10-28 12:57:00,467.16,467.26,467.16,467.26,0.02,90.17,43096.92,1
2024-10-28,2024-10-28 12:58:00,467.26,467.35,467.26,467.35,0.02,90.17,43096.92,1
2024-10-28,2024-10-28 12:59:00,467.35,467.45,467.35,467.45,0.02,90.17,43096.92,1
2024-10-28,2024-10-28 13:00:00,467.45,483.9,456.0,467.55,0.02,90.17,43096.92,1
2024-10-28,2024-10-28 13:01:00,467.55,467.64,467.55,467.64,0.02,90.17,43096.92,1
2024-10-28,2024-10-28 13:02:00,467.64,467.74,467.64,467.74,0.02,90.17,43096.92,1
2024-10-28,2024-10-28 13:03:00,467.74,467.83,467.74,467.83,0.02,90.17,43096.92,1
2024-10-28,2024-10-28 13:04:00,467.83,467.93,467.83,467.93,0.02,90.17,43096.92,1
2024-10-28,2024-10-28 13:05:00,467.93,468.02,467.93,468.02,0.02,90.17,43096.92,1
2024-10-28,2024-10-28 13:06:00,468.02,468.12,468.02,468.12,0.02,90.17,43096.92,1
2024-10-28,2024-10-28 13:07:00,468.12,468.21,468.12,468.21,0.02,90.17,43096.92,1
2024-10-28,2024-10-28 13:08:00,468.21,468.31,468.21,468.31,0.02,90.17,43096.92,1
2024-10-28,2024-10-28 13:09:00,468.31,468.4,468.31,468.4,0.02,90.17,43096.92,1
2024-10-28,2024-10-28 13:10:00,468.4,468.5,468.4,468.5,0.02,90.17,43096.92,1
2024-10-28,2024-10-28 13:11:00,468.5,468.59,468.5,468.59,0.02,90.17,43096.92,1
2024-10-28,2024-10-28 13:12:00,468.59,468.69,468.59,468.69,0.02,90.17,43096.92,1
2024-10-28,2024-10-28 13:13:00,468.69,468.79,468.69,468.79,0.02,90.17,43096.92,1
2024-10-28,2024-10-28 13:14:00,468.79,468.88,468.79,468.88,0.02,90.17,43096.92,1
2024-10-28,2024-10-28 13:15:00,468.88,468.98,468.88,468.98,0.02,90.17,43096.92,1
2024-10-28,2024-10-28 13:16:00,468.98,469.07,468.98,469.07,0.02,90.17,43096.92,1
2024-10-28,2024-10-28 13:17:00,469.07,469.17,469.07,469.17,0.02,90.17,43096.92,1
2024-10-28,2024-10-28 13:18:00,469.17,469.26,469.17,469.26,0.02,90.17,43096.92,1
2024-10-28,2024-10-28 13:19:00,469.26,469.36,469.26,469.36,0.02,90.17,43096.92,1
2024-10-28,2024-10-28 13:20:00,469.36,469.45,469.36,469.45,0.02,90.17,43096.92,1
2024-10-28,2024-10-28 13:21:00,469.45,469.55,469.45,469.55,0.02,90.17,43096.92,1
2024-10-28,2024-10-28 13:22:00,469.55,469.64,469.55,469.64,0.02,90.17,43096.92,1
2024-10-28,2024-10-28 13:23:00,469.64,469.74,469.64,469.74,0.02,90.17,43096.92,1
2024-10-28,2024-10-28 13:24:00,469.74,469.84,469.74,469.84,0.02,90.17,43096.92,1
2024-10-28,2024-10-28 13:25:00,469.84,469.93,469.84,469.93,0.02,90.17,43096.92,1
2024-10-28,2024-10-28 13:26:00,469.93,470.03,469.93,470.03,0.02,90.17,43096.92,1
2024-10-28,2024-10-28 13:27:00,470.03,470.12,470.03,470.12,0.02,90.17,43096.92,1
2024-10-28,2024-10-28 13:28:00,470.12,470.22,470.12,470.22,0.02,90.17,43096.92,1
2024-10-28,2024-10-28 13:29:00,470.22,470.31,470.22,470.31,0.02,90.17,43096.92,1
2024-10-28,2024-10-28 13:30:00,470.31,470.41,470.31,470.41,0.02,90.17,43096.92,1
2024-10-28,2024-10-28 13:31:00,470.41,470.5,470.41,470.5,0.02,90.17,43096.92,1
2024-10-28,2024-10-28 13:32:00,470.5,470.6,470.5,470.6,0.02,90.17,43096.92,1
2024-10-28,2024-10-28 13:33:00,470.6,470.69,470.6,470.69,0.02,90.17,43096.92,1
2024-10-28,2024-10-28 13:34:00,470.69,470.79,470.69,470.79,0.02,90.17,43096.92,1
2024-10-28,2024-10-28 13:35:00,470.79,470.88,470.79,470.88,0.02,90.17,43096.92,1
2024-10-28,2024-10-28 13:36:00,470.88,470.98,470.88,470.98,0.02,90.17,43096.92,1
2024-10-28,2024-10-28 13:37:00,470.98,471.08,470.98,471.08,0.02,90.17,43096.92,1
2024-10-28,2024-10-28 13:38:00,471.08,471.17,471.08,471.17,0.02,90.17,43096.92,1
2024-10-28,2024-10-28 13:39:00,471.17,471.27,471.17,471.27,0.02,90.17,43096.92,1
2024-10-28,2024-10-28 13:40:00,471.27,471.36,471.27,471.36,0.02,90.17,43096.92,1
2024-10-28,2024-10-28 13:41:00,471.36,471.46,471.36,471.46,0.02,90.17,43096.92,1
2024-10-28,2024-10-28 13:42:00,471.46,471.55,471.46,471.55,0.02,90.17,43096.92,1
2024-10-28,2024-10-28 13:43:00,471.55,471.65,471.55,471.65,0.02,90.17,43096.92,1
2024-10-28,2024-10-28 13:44:00,471.65,471.74,471.65,471.74,0.02,90.17,43096.92,1
2024-10-28,2024-10-28 13:45:00,471.74,471.84,471.74,471.84,0.02,90.17,43096.92,1
2024-10-28,2024-10-28 13:46:00,471.84,471.93,471.84,471.93,0.02,90.17,43096.92,1
2024-10-28,2024-10-28 13:47:00,471.93,472.03,471.93,472.03,0.02,90.17,43096.92,1
2024-10-28,2024-10-28 13:48:00,472.03,472.13,472.03,472.13,0.02,90.17,43096.92,1
2024-10-28,2024-10-28 13:49:00,472.13,472.22,472.13,472.22,0.02,90.17,43096.92,1
2024-10-28,2024-10-28 13:50:00,472.22,472.32,472.22,472.32,0.02,90.17,43096.92,1
2024-10-28,2024-10-28 13:51:00,472.32,472.41,472.32,472.41,0.02,90.17,43096.92,1
2024-10-28,2024-10-28 13:52:00,472.41,472.51,472.41,472.51,0.02,90.17,43096.92,1
2024-10-28,2024-10-28 13:53:00,472.51,472.6,472.51,472.6,0.02,90.17,43096.92,1
2024-10-28,2024-10-28 13:54:00,472.6,472.7,472.6,472.7,0.02,90.17,43096.92,1
2024-10-28,2024-10-28 13:55:00,472.7,472.79,472.7,472.79,0.02,90.17,43096.92,1
2024-10-28,2024-10-28 13:56:00,472.79,472.89,472.79,472.89,0.02,90.17,43096.92,1
2024-10-28,2024-10-28 13:57:00,472.89,472.98,472.89,472.98,0.02,90.17,43096.92,1
2024-10-28,2024-10-28 13:58:00,472.98,473.08,472.98,473.08,0.02,90.17,43096.92,1
2024-10-28,2024-10-28 13:59:00,473.08,473.17,473.08,473.17,0.02,90.17,43096.92,1
2024-10-28,2024-10-28 14:00:00,473.17,473.27,473.17,473.27,0.02,90.17,43096.92,1
2024-10-28,2024-10-28 14:01:00,473.27,473.37,473.27,473.37,0.02,90.17,43096.92,1
2024-10-28,2024-10-28 14:02:00,473.37,473.46,473.37,473.46,0.02,90.17,43096.92,1
2024-10-28,2024-10-28 14:03:00,473.46,473.56,473.46,473.56,0.02,90.17,43096.92,1
2024-10-28,2024-10-28 14:04:00,473.56,473.65,473.56,473.65,0.02,90.17,43096.92,1
2024-10-28,2024-10-28 14:05:00,473.65,473.75,473.65,473.75,0.02,90.17,43096.92,1
2024-10-28,2024-10-28 14:06:00,473.75,473.84,473.75,473.84,0.02,90.17,43096.92,1
2024-10-28,2024-10-28 14:07:00,473.84,473.94,473.84,473.94,0.02,90.17,43096.92,1
2024-10-28,2024-10-28 14:08:00,473.94,474.03,473.94,474.03,0.02,90.17,43096.92,1
2024-10-28,2024-10-28 14:09:00,474.03,474.13,474.03,474.13,0.02,90.17,43096.92,1
2024-10-28,2024-10-28 14:10:00,474.13,474.22,474.13,474.22,0.02,90.17,43096.92,1
2024-10-28,2024-10-28 14:11:00,474.22,474.32,474.22,474.32,0.02,90.17,43096.92,1
2024-10-28,2024-10-28 14:12:00,474.32,474.42,474.32,474.42,0.02,90.17,43096.92,1
2024-10-28,2024-10-28 14:13:00,474.42,474.51,474.42,474.51,0.02,90.17,43096.92,1
2024-10-28,2024-10-28 14:14:00,474.51,474.61,474.51,474.61,0.02,90.17,43096.92,1
2024-10-28,2024-10-28 14:15:00,474.61,474.7,474.61,474.7,0.02,90.17,43096.92,1
2024-10-28,2024-10-28 14:16:00,474.7,474.8,474.7,474.8,0.02,90.17,43096.92,1
2024-10-28,2024-10-28 14:17:00,474.8,474.89,474.8,474.89,0.02,90.17,43096.92,1
2024-10-28,2024-10-28 14:18:00,474.89,474.99,474.89,474.99,0.02,90.17,43096.92,1
2024-10-28,2024-10-28 14:19:00,474.99,475.08,474.99,475.08,0.02,90.17,43096.92,1
2024-10-28,2024-10-28 14:20:00,475.08,475.18,475.08,475.18,0.02,90.17,43096.92,1
2024-10-28,2024-10-28 14:21:00,475.18,475.27,475.18,475.27,0.02,90.17,43096.92,1
2024-10-28,2024-10-28 14:22:00,475.27,475.37,475.27,475.37,0.02,90.17,43096.92,1
2024-10-28,2024-10-28 14:23:00,475.37,475.46,475.37,475.46,0.02,90.17,43096.92,1
2024-10-28,2024-10-28 14:24:00,475.46,475.56,475.46,475.56,0.02,90.17,43096.92,1
2024-10-28,2024-10-28 14:25:00,475.56,475.66,475.56,475.66,0.02,90.17,43096.92,1
2024-10-28,2024-10-28 14:26:00,475.66,475.75,475.66,475.75,0.02,90.17,43096.92,1
2024-10-28,2024-10-28 14:27:00,475.75,475.85,475.75,475.85,0.02,90.17,43096.92,1
2024-10-28,2024-10-28 14:28:00,475.85,475.94,475.85,475.94,0.02,90.17,43096.92,1
2024-10-28,2024-10-28 14:29:00,475.94,476.04,475.94,476.04,0.02,90.17,43096.92,1
2024-10-28,2024-10-28 14:30:00,476.04,476.13,476.04,476.13,0.02,90.17,43096.92,1
2024-10-28,2024-10-28 14:31:00,476.13,476.23,476.13,476.23,0.02,90.17,43096.92,1
2024-10-28,2024-10-28 14:32:00,476.23,476.32,476.23,476.32,0.02,90.17,43096.92,1
2024-10-28,2024-10-28 14:33:00,476.32,476.42,476.32,476.42,0.02,90.17,43096.92,1
2024-10-28,2024-10-28 14:34:00,476.42,476.51,476.42,476.51,0.02,90.17,43096.92,1
2024-10-28,2024-10-28 14:35:00,476.51,476.61,476.51,476.61,0.02,90.17,43096.92,1
2024-10-28,2024-10-28 14:36:00,476.61,476.71,476.61,476.71,0.02,90.17,43096.92,1
2024-10-28,2024-10-28 14:37:00,476.71,476.8,476.71,476.8,0.02,90.17,43096.92,1
2024-10-28,2024-10-28 14:38:00,476.8,476.9,476.8,476.9,0.02,90.17,43096.92,1
2024-10-28,2024-10-28 14:39:00,476.9,476.99,476.9,476.99,0.02,90.17,43096.92,1
2024-10-28,2024-10-28 14:40:00,476.99,477.09,476.99,477.09,0.02,90.17,43096.92,1
2024-10-28,2024-10-28 14:41:00,477.09,477.18,477.09,477.18,0.02,90.17,43096.92,1
2024-10-28,2024-10-28 14:42:00,477.18,477.28,477.18,477.28,0.02,90.17,43096.92,1
2024-10-28,2024-10-28 14:43:00,477.28,477.37,477.28,477.37,0.02,90.17,43096.92,1
2024-10-28,2024-10-28 14:44:00,477.37,477.47,477.37,477.47,0.02,90.17,43096.92,1
2024-10-28,2024-10-28 14:45:00,477.47,477.56,477.47,477.56,0.02,90.17,43096.92,1
2024-10-28,2024-10-28 14:46:00,477.56,477.66,477.56,477.66,0.02,90.17,43096.92,1
2024-10-28,2024-10-28 14:47:00,477.66,477.75,477.66,477.75,0.02,90.17,43096.92,1
2024-10-28,2024-10-28 14:48:00,477.75,477.85,477.75,477.85,0.02,90.17,43096.92,1
2024-10-28,2024-10-28 14:49:00,477.85,477.95,477.85,477.95,0.02,90.17,43096.92,1
2024-10-28,2024-10-28 14:50:00,477.95,478.04,477.95,478.04,0.02,90.17,43096.92,1
2024-10-28,2024-10-28 14:51:00,478.04,478.14,478.04,478.14,0.02,90.17,43096.92,1
2024-10-28,2024-10-28 14:52:00,478.14,478.23,478.14,478.23,0.02,90.17,43096.92,1
2024-10-28,2024-10-28 14:53:00,478.23,478.33,478.23,478.33,0.02,90.17,43096.92,1
2024-10-28,2024-10-28 14:54:00,478.33,478.42,478.33,478.42,0.02,90.17,43096.92,1
2024-10-28,2024-10-28 14:55:00,478.42,478.52,478.42,478.52,0.02,90.17,43096.92,1
2024-10-28,2024-10-28 14:56:00,478.52,478.61,478.52,478.61,0.02,90.17,43096.92,1
2024-10-28,2024-10-28 14:57:00,478.61,478.71,478.61,478.71,0.02,90.17,43096.92,1
2024-10-28,2024-10-28 14:58:00,478.71,478.8,478.71,478.8,0.02,90.17,43096.92,1
2024-10-28,2024-10-28 14:59:00,478.8,478.9,478.8,478.9,0.02,90.17,43096.92,1
2024-10-28,2024-10-28 15:00:00,478.9,483.9,456.0,478.9,0.0,90.17,43096.92,0
2024-10-29,2024-10-29 11:00:00,475.0,480.4,475.0,475.07,0.01,70.71,34522.78,1
2024-10-29,2024-10-29 11:01:00,475.07,475.14,475.07,475.14,0.01,70.71,34522.78,1
2024-10-29,2024-10-29 11:02:00,475.14,475.2,475.14,475.2,0.01,70.71,34522.78,1
2024-10-29,2024-10-29 11:03:00,475.2,475.27,475.2,475.27,0.01,70.71,34522.78,1
2024-10-29,2024-10-29 11:04:00,475.27,475.34,475.27,475.34,0.01,70.71,34522.78,1
2024-10-29,2024-10-29 11:05:00,475.34,475.41,475.34,475.41,0.01,70.71,34522.78,1
2024-10-29,2024-10-29 11:06:00,475.41,475.48,475.41,475.48,0.01,70.71,34522.78,1
2024-10-29,2024-10-29 11:07:00,475.48,475.55,475.48,475.55,0.01,70.71,34522.78,1
2024-10-29,2024-10-29 11:08:00,475.55,475.62,475.55,475.62,0.01,70.71,34522.78,1
2024-10-29,2024-10-29 11:09:00,475.62,475.68,475.62,475.68,0.01,70.71,34522.78,1
2024-10-29,2024-10-29 11:10:00,475.68,475.75,475.68,475.75,0.01,70.71,34522.78,1
2024-10-29,2024-10-29 11:11:00,475.75,475.82,475.75,475.82,0.01,70.71,34522.78,1
2024-10-29,2024-10-29 11:12:00,475.82,475.89,475.82,475.89,0.01,70.71,34522.78,1
2024-10-29,2024-10-29 11:13:00,475.89,475.96,475.89,475.96,0.01,70.71,34522.78,1
2024-10-29,2024-10-29 11:14:00,475.96,476.02,475.96,476.02,0.01,70.71,34522.78,1
2024-10-29,2024-10-29 11:15:00,476.02,476.09,476.02,476.09,0.01,70.71,34522.78,1
2024-10-29,2024-10-29 11:16:00,476.09,476.16,476.09,476.16,0.01,70.71,34522.78,1
2024-10-29,2024-10-29 11:17:00,476.16,476.23,476.16,476.23,0.01,70.71,34522.78,1
2024-10-29,2024-10-29 11:18:00,476.23,476.3,476.23,476.3,0.01,70.71,34522.78,1
2024-10-29,2024-10-29 11:19:00,476.3,476.37,476.3,476.37,0.01,70.71,34522.78,1
2024-10-29,2024-10-29 11:20:00,476.37,476.44,476.37,476.44,0.01,70.71,34522.78,1
2024-10-29,2024-10-29 11:21:00,476.44,476.5,476.44,476.5,0.01,70.71,34522.78,1
2024-10-29,2024-10-29 11:22:00,476.5,476.57,476.5,476.57,0.01,70.71,34522.78,1
2024-10-29,2024-10-29 11:23:00,476.57,476.64,476.57,476.64,0.01,70.71,34522.78,1
2024-10-29,2024-10-29 11:24:00,476.64,476.71,476.64,476.71,0.01,70.71,34522.78,1
2024-10-29,2024-10-29 11:25:00,476.71,476.78,476.71,476.78,0.01,70.71,34522.78,1
2024-10-29,2024-10-29 11:26:00,476.78,476.84,476.78,476.84,0.01,70.71,34522.78,1
2024-10-29,2024-10-29 11:27:00,476.84,476.91,476.84,476.91,0.01,70.71,34522.78,1
2024-10-29,2024-10-29 11:28:00,476.91,476.98,476.91,476.98,0.01,70.71,34522.78,1
2024-10-29,2024-10-29 11:29:00,476.98,477.05,476.98,477.05,0.01,70.71,34522.78,1
2024-10-29,2024-10-29 11:30:00,477.05,477.12,477.05,477.12,0.01,70.71,34522.78,1
2024-10-29,2024-10-29 11:31:00,477.12,477.19,477.12,477.19,0.01,70.71,34522.78,1
2024-10-29,2024-10-29 11:32:00,477.19,477.25,477.19,477.25,0.01,70.71,34522.78,1
2024-10-29,2024-10-29 11:33:00,477.25,477.32,477.25,477.32,0.01,70.71,34522.78,1
2024-10-29,2024-10-29 11:34:00,477.32,477.39,477.32,477.39,0.01,70.71,34522.78,1
2024-10-29,2024-10-29 11:35:00,477.39,477.46,477.39,477.46,0.01,70.71,34522.78,1
2024-10-29,2024-10-29 11:36:00,477.46,477.53,477.46,477.53,0.01,70.71,34522.78,1
2024-10-29,2024-10-29 11:37:00,477.53,477.6,477.53,477.6,0.01,70.71,34522.78,1
2024-10-29,2024-10-29 11:38:00,477.6,477.67,477.6,477.67,0.01,70.71,34522.78,1
2024-10-29,2024-10-29 11:39:00,477.67,477.73,477.67,477.73,0.01,70.71,34522.78,1
2024-10-29,2024-10-29 11:40:00,477.73,477.8,477.73,477.8,0.01,70.71,34522.78,1
2024-10-29,2024-10-29 11:41:00,477.8,477.87,477.8,477.87,0.01,70.71,34522.78,1
2024-10-29,2024-10-29 11:42:00,477.87,477.94,477.87,477.94,0.01,70.71,34522.78,1
2024-10-29,2024-10-29 11:43:00,477.94,478.01,477.94,478.01,0.01,70.71,34522.78,1
2024-10-29,2024-10-29 11:44:00,478.01,478.07,478.01,478.07,0.01,70.71,34522.78,1
2024-10-29,2024-10-29 11:45:00,478.07,478.14,478.07,478.14,0.01,70.71,34522.78,1
2024-10-29,2024-10-29 11:46:00,478.14,478.21,478.14,478.21,0.01,70.71,34522.78,1
2024-10-29,2024-10-29 11:47:00,478.21,478.28,478.21,478.28,0.01,70.71,34522.78,1
2024-10-29,2024-10-29 11:48:00,478.28,478.35,478.28,478.35,0.01,70.71,34522.78,1
2024-10-29,2024-10-29 11:49:00,478.35,478.42,478.35,478.42,0.01,70.71,34522.78,1
2024-10-29,2024-10-29 11:50:00,478.42,478.49,478.42,478.49,0.01,70.71,34522.78,1
2024-10-29,2024-10-29 11:51:00,478.49,478.55,478.49,478.55,0.01,70.71,34522.78,1
2024-10-29,2024-10-29 11:52:00,478.55,478.62,478.55,478.62,0.01,70.71,34522.78,1
2024-10-29,2024-10-29 11:53:00,478.62,478.69,478.62,478.69,0.01,70.71,34522.78,1
2024-10-29,2024-10-29 11:54:00,478.69,478.76,478.69,478.76,0.01,70.71,34522.78,1
2024-10-29,2024-10-29 11:55:00,478.76,478.83,478.76,478.83,0.01,70.71,34522.78,1
2024-10-29,2024-10-29 11:56:00,478.83,478.89,478.83,478.89,0.01,70.71,34522.78,1
2024-10-29,2024-10-29 11:57:00,478.89,478.96,478.89,478.96,0.01,70.71,34522.78,1
2024-10-29,2024-10-29 11:58:00,478.96,479.03,478.96,479.03,0.01,70.71,34522.78,1
2024-10-29,2024-10-29 11:59:00,479.03,479.1,479.03,479.1,0.01,70.71,34522.78,1
2024-10-29,2024-10-29 12:00:00,479.1,479.17,479.1,479.17,0.01,70.71,34522.78,1
2024-10-29,2024-10-29 12:01:00,479.17,479.24,479.17,479.24,0.01,70.71,34522.78,1
2024-10-29,2024-10-29 12:02:00,479.24,479.31,479.24,479.31,0.01,70.71,34522.78,1
2024-10-29,2024-10-29 12:03:00,479.31,479.37,479.31,479.37,0.01,70.71,34522.78,1
2024-10-29,2024-10-29 12:04:00,479.37,479.44,479.37,479.44,0.01,70.71,34522.78,1
2024-10-29,2024-10-29 12:05:00,479.44,479.51,479.44,479.51,0.01,70.71,34522.78,1
2024-10-29,2024-10-29 12:06:00,479.51,479.58,479.51,479.58,0.01,70.71,34522.78,1
2024-10-29,2024-10-29 12:07:00,479.58,479.65,479.58,479.65,0.01,70.71,34522.78,1
2024-10-29,2024-10-29 12:08:00,479.65,479.71,479.65,479.71,0.01,70.71,34522.78,1
2024-10-29,2024-10-29 12:09:00,479.71,479.78,479.71,479.78,0.01,70.71,34522.78,1
2024-10-29,2024-10-29 12:10:00,479.78,479.85,479.78,479.85,0.01,70.71,34522.78,1
2024-10-29,2024-10-29 12:11:00,479.85,479.92,479.85,479.92,0.01,70.71,34522.78,1
2024-10-29,2024-10-29 12:12:00,479.92,479.99,479.92,479.99,0.01,70.71,34522.78,1
2024-10-29,2024-10-29 12:13:00,479.99,480.06,479.99,480.06,0.01,70.71,34522.78,1
2024-10-29,2024-10-29 12:14:00,480.06,480.12,480.06,480.12,0.01,70.71,34522.78,1
2024-10-29,2024-10-29 12:15:00,480.12,480.19,480.12,480.19,0.01,70.71,34522.78,1
2024-10-29,2024-10-29 12:16:00,480.19,480.26,480.19,480.26,0.01,70.71,34522.78,1
2024-10-29,2024-10-29 12:17:00,480.26,480.33,480.26,480.33,0.01,70.71,34522.78,1
2024-10-29,2024-10-29 12:18:00,480.33,480.4,480.33,480.4,0.01,70.71,34522.78,1
2024-10-29,2024-10-29 12:19:00,480.4,480.47,480.4,480.47,0.01,70.71,34522.78,1
2024-10-29,2024-10-29 12:20:00,480.47,480.53,480.47,480.53,0.01,70.71,34522.78,1
2024-10-29,2024-10-29 12:21:00,480.53,480.6,480.53,480.6,0.01,70.71,34522.78,1
2024-10-29,2024-10-29 12:22:00,480.6,480.67,480.6,480.67,0.01,70.71,34522.78,1
2024-10-29,2024-10-29 12:23:00,480.67,480.74,480.67,480.74,0.01,70.71,34522.78,1
2024-10-29,2024-10-29 12:24:00,480.74,480.81,480.74,480.81,0.01,70.71,34522.78,1
2024-10-29,2024-10-29 12:25:00,480.81,480.88,480.81,480.88,0.01,70.71,34522.78,1
2024-10-29,2024-10-29 12:26:00,480.88,480.94,480.88,480.94,0.01,70.71,34522.78,1
2024-10-29,2024-10-29 12:27:00,480.94,481.01,480.94,481.01,0.01,70.71,34522.78,1
2024-10-29,2024-10-29 12:28:00,481.01,481.08,481.01,481.08,0.01,70.71,34522.78,1
2024-10-29,2024-10-29 12:29:00,481.08,481.15,481.08,481.15,0.01,70.71,34522.78,1
2024-10-29,2024-10-29 12:30:00,481.15,481.22,481.15,481.22,0.01,70.71,34522.78,1
2024-10-29,2024-10-29 12:31:00,481.22,481.29,481.22,481.29,0.01,70.71,34522.78,1
2024-10-29,2024-10-29 12:32:00,481.29,481.36,481.29,481.36,0.01,70.71,34522.78,1
2024-10-29,2024-10-29 12:33:00,481.36,481.42,481.36,481.42,0.01,70.71,34522.78,1
2024-10-29,2024-10-29 12:34:00,481.42,481.49,481.42,481.49,0.01,70.71,34522.78,1
2024-10-29,2024-10-29 12:35:00,481.49,481.56,481.49,481.56,0.01,70.71,34522.78,1
2024-10-29,2024-10-29 12:36:00,481.56,481.63,481.56,481.63,0.01,70.71,34522.78,1
2024-10-29,2024-10-29 12:37:00,481.63,481.7,481.63,481.7,0.01,70.71,34522.78,1
2024-10-29,2024-10-29 12:38:00,481.7,481.76,481.7,481.76,0.01,70.71,34522.78,1
2024-10-29,2024-10-29 12:39:00,481.76,481.83,481.76,481.83,0.01,70.71,34522.78,1
2024-10-29,2024-10-29 12:40:00,481.83,481.9,481.83,481.9,0.01,70.71,34522.78,1
2024-10-29,2024-10-29 12:41:00,481.9,481.97,481.9,481.97,0.01,70.71,34522.78,1
2024-10-29,2024-10-29 12:42:00,481.97,482.04,481.97,482.04,0.01,70.71,34522.78,1
2024-10-29,2024-10-29 12:43:00,482.04,482.11,482.04,482.11,0.01,70.71,34522.78,1
2024-10-29,2024-10-29 12:44:00,482.11,482.18,482.11,482.18,0.01,70.71,34522.78,1
2024-10-29,2024-10-29 12:45:00,482.18,482.24,482.18,482.24,0.01,70.71,34522.78,1
2024-10-29,2024-10-29 12:46:00,482.24,482.31,482.24,482.31,0.01,70.71,34522.78,1
2024-10-29,2024-10-29 12:47:00,482.31,482.38,482.31,482.38,0.01,70.71,34522.78,1
2024-10-29,2024-10-29 12:48:00,482.38,482.45,482.38,482.45,0.01,70.71,34522.78,1
2024-10-29,2024-10-29 12:49:00,482.45,482.52,482.45,482.52,0.01,70.71,34522.78,1
2024-10-29,2024-10-29 12:50:00,482.52,482.58,482.52,482.58,0.01,70.71,34522.78,1
2024-10-29,2024-10-29 12:51:00,482.58,482.65,482.58,482.65,0.01,70.71,34522.78,1
2024-10-29,2024-10-29 12:52:00,482.65,482.72,482.65,482.72,0.01,70.71,34522.78,1
2024-10-29,2024-10-29 12:53:00,482.72,482.79,482.72,482.79,0.01,70.71,34522.78,1
2024-10-29,2024-10-29 12:54:00,482.79,482.86,482.79,482.86,0.01,70.71,34522.78,1
2024-10-29,2024-10-29 12:55:00,482.86,482.93,482.86,482.93,0.01,70.71,34522.78,1
2024-10-29,2024-10-29 12:56:00,482.93,483.0,482.93,483.0,0.01,70.71,34522.78,1
2024-10-29,2024-10-29 12:57:00,483.0,483.06,483.0,483.06,0.01,70.71,34522.78,1
2024-10-29,2024-10-29 12:58:00,483.06,483.13,483.06,483.13,0.01,70.71,34522.78,1
2024-10-29,2024-10-29 12:59:00,483.13,483.2,483.13,483.2,0.01,70.71,34522.78,1
2024-10-29,2024-10-29 13:00:00,483.2,493.0,475.0,483.27,0.01,70.71,34522.78,1
2024-10-29,2024-10-29 13:01:00,483.27,483.34,483.27,483.34,0.01,70.71,34522.78,1
2024-10-29,2024-10-29 13:02:00,483.34,483.4,483.34,483.4,0.01,70.71,34522.78,1
2024-10-29,2024-10-29 13:03:00,483.4,483.47,483.4,483.47,0.01,70.71,34522.78,1
2024-10-29,2024-10-29 13:04:00,483.47,483.54,483.47,483.54,0.01,70.71,34522.78,1
2024-10-29,2024-10-29 13:05:00,483.54,483.61,483.54,483.61,0.01,70.71,34522.78,1
2024-10-29,2024-10-29 13:06:00,483.61,483.68,483.61,483.68,0.01,70.71,34522.78,1
2024-10-29,2024-10-29 13:07:00,483.68,483.75,483.68,483.75,0.01,70.71,34522.78,1
2024-10-29,2024-10-29 13:08:00,483.75,483.81,483.75,483.81,0.01,70.71,34522.78,1
2024-10-29,2024-10-29 13:09:00,483.81,483.88,483.81,483.88,0.01,70.71,34522.78,1
2024-10-29,2024-10-29 13:10:00,483.88,483.95,483.88,483.95,0.01,70.71,34522.78,1
2024-10-29,2024-10-29 13:11:00,483.95,484.02,483.95,484.02,0.01,70.71,34522.78,1
2024-10-29,2024-10-29 13:12:00,484.02,484.09,484.02,484.09,0.01,70.71,34522.78,1
2024-10-29,2024-10-29 13:13:00,484.09,484.16,484.09,484.16,0.01,70.71,34522.78,1
2024-10-29,2024-10-29 13:14:00,484.16,484.22,484.16,484.22,0.01,70.71,34522.78,1
2024-10-29,2024-10-29 13:15:00,484.22,484.29,484.22,484.29,0.01,70.71,34522.78,1
2024-10-29,2024-10-29 13:16:00,484.29,484.36,484.29,484.36,0.01,70.71,34522.78,1
2024-10-29,2024-10-29 13:17:00,484.36,484.43,484.36,484.43,0.01,70.71,34522.78,1
2024-10-29,2024-10-29 13:18:00,484.43,484.5,484.43,484.5,0.01,70.71,34522.78,1
2024-10-29,2024-10-29 13:19:00,484.5,484.57,484.5,484.57,0.01,70.71,34522.78,1
2024-10-29,2024-10-29 13:20:00,484.57,484.63,484.57,484.63,0.01,70.71,34522.78,1
2024-10-29,2024-10-29 13:21:00,484.63,484.7,484.63,484.7,0.01,70.71,34522.78,1
2024-10-29,2024-10-29 13:22:00,484.7,484.77,484.7,484.77,0.01,70.71,34522.78,1
2024-10-29,2024-10-29 13:23:00,484.77,484.84,484.77,484.84,0.01,70.71,34522.78,1
2024-10-29,2024-10-29 13:24:00,484.84,484.91,484.84,484.91,0.01,70.71,34522.78,1
2024-10-29,2024-10-29 13:25:00,484.91,484.98,484.91,484.98,0.01,70.71,34522.78,1
2024-10-29,2024-10-29 13:26:00,484.98,485.04,484.98,485.04,0.01,70.71,34522.78,1
2024-10-29,2024-10-29 13:27:00,485.04,485.11,485.04,485.11,0.01,70.71,34522.78,1
2024-10-29,2024-10-29 13:28:00,485.11,485.18,485.11,485.18,0.01,70.71,34522.78,1
2024-10-29,2024-10-29 13:29:00,485.18,485.25,485.18,485.25,0.01,70.71,34522.78,1
2024-10-29,2024-10-29 13:30:00,485.25,485.32,485.25,485.32,0.01,70.71,34522.78,1
2024-10-29,2024-10-29 13:31:00,485.32,485.39,485.32,485.39,0.01,70.71,34522.78,1
2024-10-29,2024-10-29 13:32:00,485.39,485.45,485.39,485.45,0.01,70.71,34522.78,1
2024-10-29,2024-10-29 13:33:00,485.45,485.52,485.45,485.52,0.01,70.71,34522.78,1
2024-10-29,2024-10-29 13:34:00,485.52,485.59,485.52,485.59,0.01,70.71,34522.78,1
2024-10-29,2024-10-29 13:35:00,485.59,485.66,485.59,485.66,0.01,70.71,34522.78,1
2024-10-29,2024-10-29 13:36:00,485.66,485.73,485.66,485.73,0.01,70.71,34522.78,1
2024-10-29,2024-10-29 13:37:00,485.73,485.8,485.73,485.8,0.01,70.71,34522.78,1
2024-10-29,2024-10-29 13:38:00,485.8,485.87,485.8,485.87,0.01,70.71,34522.78,1
2024-10-29,2024-10-29 13:39:00,485.87,485.93,485.87,485.93,0.01,70.71,34522.78,1
2024-10-29,2024-10-29 13:40:00,485.93,486.0,485.93,486.0,0.01,70.71,34522.78,1
2024-10-29,2024-10-29 13:41:00,486.0,486.07,486.0,486.07,0.01,70.71,34522.78,1
2024-10-29,2024-10-29 13:42:00,486.07,486.14,486.07,486.14,0.01,70.71,34522.78,1
2024-10-29,2024-10-29 13:43:00,486.14,486.21,486.14,486.21,0.01,70.71,34522.78,1
2024-10-29,2024-10-29 13:44:00,486.21,486.27,486.21,486.27,0.01,70.71,34522.78,1
2024-10-29,2024-10-29 13:45:00,486.27,486.34,486.27,486.34,0.01,70.71,34522.78,1
2024-10-29,2024-10-29 13:46:00,486.34,486.41,486.34,486.41,0.01,70.71,34522.78,1
2024-10-29,2024-10-29 13:47:00,486.41,486.48,486.41,486.48,0.01,70.71,34522.78,1
2024-10-29,2024-10-29 13:48:00,486.48,486.55,486.48,486.55,0.01,70.71,34522.78,1
2024-10-29,2024-10-29 13:49:00,486.55,486.62,486.55,486.62,0.01,70.71,34522.78,1
2024-10-29,2024-10-29 13:50:00,486.62,486.69,486.62,486.69,0.01,70.71,34522.78,1
2024-10-29,2024-10-29 13:51:00,486.69,486.75,486.69,486.75,0.01,70.71,34522.78,1
2024-10-29,2024-10-29 13:52:00,486.75,486.82,486.75,486.82,0.01,70.71,34522.78,1
2024-10-29,2024-10-29 13:53:00,486.82,486.89,486.82,486.89,0.01,70.71,34522.78,1
2024-10-29,2024-10-29 13:54:00,486.89,486.96,486.89,486.96,0.01,70.71,34522.78,1
2024-10-29,2024-10-29 13:55:00,486.96,487.03,486.96,487.03,0.01,70.71,34522.78,1
2024-10-29,2024-10-29 13:56:00,487.03,487.09,487.03,487.09,0.01,70.71,34522.78,1
2024-10-29,2024-10-29 13:57:00,487.09,487.16,487.09,487.16,0.01,70.71,34522.78,1
2024-10-29,2024-10-29 13:58:00,487.16,487.23,487.16,487.23,0.01,70.71,34522.78,1
2024-10-29,2024-10-29 13:59:00,487.23,487.3,487.23,487.3,0.01,70.71,34522.78,1
2024-10-29,2024-10-29 14:00:00,487.3,487.37,487.3,487.37,0.01,70.71,34522.78,1
2024-10-29,2024-10-29 14:01:00,487.37,487.44,487.37,487.44,0.01,70.71,34522.78,1
2024-10-29,2024-10-29 14:02:00,487.44,487.5,487.44,487.5,0.01,70.71,34522.78,1
2024-10-29,2024-10-29 14:03:00,487.5,487.57,487.5,487.57,0.01,70.71,34522.78,1
2024-10-29,2024-10-29 14:04:00,487.57,487.64,487.57,487.64,0.01,70.71,34522.78,1
2024-10-29,2024-10-29 14:05:00,487.64,487.71,487.64,487.71,0.01,70.71,34522.78,1
2024-10-29,2024-10-29 14:06:00,487.71,487.78,487.71,487.78,0.01,70.71,34522.78,1
2024-10-29,2024-10-29 14:07:00,487.78,487.85,487.78,487.85,0.01,70.71,34522.78,1
2024-10-29,2024-10-29 14:08:00,487.85,487.91,487.85,487.91,0.01,70.71,34522.78,1
2024-10-29,2024-10-29 14:09:00,487.91,487.98,487.91,487.98,0.01,70.71,34522.78,1
2024-10-29,2024-10-29 14:10:00,487.98,488.05,487.98,488.05,0.01,70.71,34522.78,1
2024-10-29,2024-10-29 14:11:00,488.05,488.12,488.05,488.12,0.01,70.71,34522.78,1
2024-10-29,2024-10-29 14:12:00,488.12,488.19,488.12,488.19,0.01,70.71,34522.78,1
2024-10-29,2024-10-29 14:13:00,488.19,488.26,488.19,488.26,0.01,70.71,34522.78,1
2024-10-29,2024-10-29 14:14:00,488.26,488.32,488.26,488.32,0.01,70.71,34522.78,1
2024-10-29,2024-10-29 14:15:00,488.32,488.39,488.32,488.39,0.01,70.71,34522.78,1
2024-10-29,2024-10-29 14:16:00,488.39,488.46,488.39,488.46,0.01,70.71,34522.78,1
2024-10-29,2024-10-29 14:17:00,488.46,488.53,488.46,488.53,0.01,70.71,34522.78,1
2024-10-29,2024-10-29 14:18:00,488.53,488.6,488.53,488.6,0.01,70.71,34522.78,1
2024-10-29,2024-10-29 14:19:00,488.6,488.67,488.6,488.67,0.01,70.71,34522.78,1
2024-10-29,2024-10-29 14:20:00,488.67,488.73,488.67,488.73,0.01,70.71,34522.78,1
2024-10-29,2024-10-29 14:21:00,488.73,488.8,488.73,488.8,0.01,70.71,34522.78,1
2024-10-29,2024-10-29 14:22:00,488.8,488.87,488.8,488.87,0.01,70.71,34522.78,1
2024-10-29,2024-10-29 14:23:00,488.87,488.94,488.87,488.94,0.01,70.71,34522.78,1
2024-10-29,2024-10-29 14:24:00,488.94,489.01,488.94,489.01,0.01,70.71,34522.78,1
2024-10-29,2024-10-29 14:25:00,489.01,489.08,489.01,489.08,0.01,70.71,34522.78,1
2024-10-29,2024-10-29 14:26:00,489.08,489.14,489.08,489.14,0.01,70.71,34522.78,1
2024-10-29,2024-10-29 14:27:00,489.14,489.21,489.14,489.21,0.01,70.71,34522.78,1
2024-10-29,2024-10-29 14:28:00,489.21,489.28,489.21,489.28,0.01,70.71,34522.78,1
2024-10-29,2024-10-29 14:29:00,489.28,489.35,489.28,489.35,0.01,70.71,34522.78,1
2024-10-29,2024-10-29 14:30:00,489.35,489.42,489.35,489.42,0.01,70.71,34522.78,1
2024-10-29,2024-10-29 14:31:00,489.42,489.49,489.42,489.49,0.01,70.71,34522.78,1
2024-10-29,2024-10-29 14:32:00,489.49,489.55,489.49,489.55,0.01,70.71,34522.78,1
2024-10-29,2024-10-29 14:33:00,489.55,489.62,489.55,489.62,0.01,70.71,34522.78,1
2024-10-29,2024-10-29 14:34:00,489.62,489.69,489.62,489.69,0.01,70.71,34522.78,1
2024-10-29,2024-10-29 14:35:00,489.69,489.76,489.69,489.76,0.01,70.71,34522.78,1
2024-10-29,2024-10-29 14:36:00,489.76,489.83,489.76,489.83,0.01,70.71,34522.78,1
2024-10-29,2024-10-29 14:37:00,489.83,489.9,489.83,489.9,0.01,70.71,34522.78,1
2024-10-29,2024-10-29 14:38:00,489.9,489.96,489.9,489.96,0.01,70.71,34522.78,1
2024-10-29,2024-10-29 14:39:00,489.96,490.03,489.96,490.03,0.01,70.71,34522.78,1
2024-10-29,2024-10-29 14:40:00,490.03,490.1,490.03,490.1,0.01,70.71,34522.78,1
2024-10-29,2024-10-29 14:41:00,490.1,490.17,490.1,490.17,0.01,70.71,34522.78,1
2024-10-29,2024-10-29 14:42:00,490.17,490.24,490.17,490.24,0.01,70.71,34522.78,1
2024-10-29,2024-10-29 14:43:00,490.24,490.31,490.24,490.31,0.01,70.71,34522.78,1
2024-10-29,2024-10-29 14:44:00,490.31,490.38,490.31,490.38,0.01,70.71,34522.78,1
2024-10-29,2024-10-29 14:45:00,490.38,490.44,490.38,490.44,0.01,70.71,34522.78,1
2024-10-29,2024-10-29 14:46:00,490.44,490.51,490.44,490.51,0.01,70.71,34522.78,1
2024-10-29,2024-10-29 14:47:00,490.51,490.58,490.51,490.58,0.01,70.71,34522.78,1
2024-10-29,2024-10-29 14:48:00,490.58,490.65,490.58,490.65,0.01,70.71,34522.78,1
2024-10-29,2024-10-29 14:49:00,490.65,490.72,490.65,490.72,0.01,70.71,34522.78,1
2024-10-29,2024-10-29 14:50:00,490.72,490.78,490.72,490.78,0.01,70.71,34522.78,1
2024-10-29,2024-10-29 14:51:00,490.78,490.85,490.78,490.85,0.01,70.71,34522.78,1
2024-10-29,2024-10-29 14:52:00,490.85,490.92,490.85,490.92,0.01,70.71,34522.78,1
2024-10-29,2024-10-29 14:53:00,490.92,490.99,490.92,490.99,0.01,70.71,34522.78,1
2024-10-29,2024-10-29 14:54:00,490.99,491.06,490.99,491.06,0.01,70.71,34522.78,1
2024-10-29,2024-10-29 14:55:00,491.06,491.13,491.06,491.13,0.01,70.71,34522.78,1
2024-10-29,2024-10-29 14:56:00,491.13,491.19,491.13,491.19,0.01,70.71,34522.78,1
2024-10-29,2024-10-29 14:57:00,491.19,491.26,491.19,491.26,0.01,70.71,34522.78,1
2024-10-29,2024-10-29 14:58:00,491.26,491.33,491.26,491.33,0.01,70.71,34522.78,1
2024-10-29,2024-10-29 14:59:00,491.33,491.4,491.33,491.4,0.01,70.71,34522.78,1
2024-10-29,2024-10-29 15:00:00,491.4,493.0,475.0,491.4,0.0,70.71,34522.78,0
2024-10-30,2024-10-30 11:00:00,485.0,488.3,480.95,485.0,0.0,33.9,16298.65,0
2024-10-30,2024-10-30 11:01:00,485.0,485.0,484.99,484.99,-0.0,33.9,16298.65,-1
2024-10-30,2024-10-30 11:02:00,484.99,484.99,484.99,484.99,0.0,33.9,16298.65,0
2024-10-30,2024-10-30 11:03:00,484.99,484.99,484.98,484.98,-0.0,33.9,16298.65,-1
2024-10-30,2024-10-30 11:04:00,484.98,484.98,484.98,484.98,0.0,33.9,16298.65,0
2024-10-30,2024-10-30 11:05:00,484.98,484.98,484.97,484.97,-0.0,33.9,16298.65,-1
2024-10-30,2024-10-30 11:06:00,484.97,484.97,484.97,484.97,0.0,33.9,16298.65,0
2024-10-30,2024-10-30 11:07:00,484.97,484.97,484.96,484.96,-0.0,33.9,16298.65,-1
2024-10-30,2024-10-30 11:08:00,484.96,484.96,484.96,484.96,0.0,33.9,16298.65,0
2024-10-30,2024-10-30 11:09:00,484.96,484.96,484.95,484.95,-0.0,33.9,16298.65,-1
2024-10-30,2024-10-30 11:10:00,484.95,484.95,484.95,484.95,0.0,33.9,16298.65,0
2024-10-30,2024-10-30 11:11:00,484.95,484.95,484.94,484.94,-0.0,33.9,16298.65,-1
2024-10-30,2024-10-30 11:12:00,484.94,484.94,484.94,484.94,0.0,33.9,16298.65,0
2024-10-30,2024-10-30 11:13:00,484.94,484.94,484.94,484.94,0.0,33.9,16298.65,0
2024-10-30,2024-10-30 11:14:00,484.94,484.94,484.93,484.93,-0.0,33.9,16298.65,-1
2024-10-30,2024-10-30 11:15:00,484.93,484.93,484.93,484.93,0.0,33.9,16298.65,0
2024-10-30,2024-10-30 11:16:00,484.93,484.93,484.92,484.92,-0.0,33.9,16298.65,-1
2024-10-30,2024-10-30 11:17:00,484.92,484.92,484.92,484.92,0.0,33.9,16298.65,0
2024-10-30,2024-10-30 11:18:00,484.92,484.92,484.91,484.91,-0.0,33.9,16298.65,-1
2024-10-30,2024-10-30 11:19:00,484.91,484.91,484.91,484.91,0.0,33.9,16298.65,0
2024-10-30,2024-10-30 11:20:00,484.91,484.91,484.9,484.9,-0.0,33.9,16298.65,-1
2024-10-30,2024-10-30 11:21:00,484.9,484.9,484.9,484.9,0.0,33.9,16298.65,0
2024-10-30,2024-10-30 11:22:00,484.9,484.9,484.89,484.89,-0.0,33.9,16298.65,-1
2024-10-30,2024-10-30 11:23:00,484.89,484.89,484.89,484.89,0.0,33.9,16298.65,0
2024-10-30,2024-10-30 11:24:00,484.89,484.89,484.89,484.89,0.0,33.9,16298.65,0
2024-10-30,2024-10-30 11:25:00,484.89,484.89,484.88,484.88,-0.0,33.9,16298.65,-1
2024-10-30,2024-10-30 11:26:00,484.88,484.88,484.88,484.88,0.0,33.9,16298.65,0
2024-10-30,2024-10-30 11:27:00,484.88,484.88,484.87,484.87,-0.0,33.9,16298.65,-1
2024-10-30,2024-10-30 11:28:00,484.87,484.87,484.87,484.87,0.0,33.9,16298.65,0
2024-10-30,2024-10-30 11:29:00,484.87,484.87,484.86,484.86,-0.0,33.9,16298.65,-1
2024-10-30,2024-10-30 11:30:00,484.86,484.86,484.86,484.86,0.0,33.9,16298.65,0
2024-10-30,2024-10-30 11:31:00,484.86,484.86,484.85,484.85,-0.0,33.9,16298.65,-1
2024-10-30,2024-10-30 11:32:00,484.85,484.85,484.85,484.85,0.0,33.9,16298.65,0
2024-10-30,2024-10-30 11:33:00,484.85,484.85,484.84,484.84,-0.0,33.9,16298.65,-1
2024-10-30,2024-10-30 11:34:00,484.84,484.84,484.84,484.84,0.0,33.9,16298.65,0
2024-10-30,2024-10-30 11:35:00,484.84,484.84,484.83,484.83,-0.0,33.9,16298.65,-1
2024-10-30,2024-10-30 11:36:00,484.83,484.83,484.83,484.83,0.0,33.9,16298.65,0
2024-10-30,2024-10-30 11:37:00,484.83,484.83,484.83,484.83,0.0,33.9,16298.65,0
2024-10-30,2024-10-30 11:38:00,484.83,484.83,484.82,484.82,-0.0,33.9,16298.65,-1
2024-10-30,2024-10-30 11:39:00,484.82,484.82,484.82,484.82,0.0,33.9,16298.65,0
2024-10-30,2024-10-30 11:40:00,484.82,484.82,484.81,484.81,-0.0,33.9,16298.65,-1
2024-10-30,2024-10-30 11:41:00,484.81,484.81,484.81,484.81,0.0,33.9,16298.65,0
2024-10-30,2024-10-30 11:42:00,484.81,484.81,484.8,484.8,-0.0,33.9,16298.65,-1
2024-10-30,2024-10-30 11:43:00,484.8,484.8,484.8,484.8,0.0,33.9,16298.65,0
2024-10-30,2024-10-30 11:44:00,484.8,484.8,484.79,484.79,-0.0,33.9,16298.65,-1
2024-10-30,2024-10-30 11:45:00,484.79,484.79,484.79,484.79,0.0,33.9,16298.65,0
2024-10-30,2024-10-30 11:46:00,484.79,484.79,484.78,484.78,-0.0,33.9,16298.65,-1
2024-10-30,2024-10-30 11:47:00,484.78,484.78,484.78,484.78,0.0,33.9,16298.65,0
2024-10-30,2024-10-30 11:48:00,484.78,484.78,484.78,484.78,0.0,33.9,16298.65,0
2024-10-30,2024-10-30 11:49:00,484.78,484.78,484.77,484.77,-0.0,33.9,16298.65,-1
2024-10-30,2024-10-30 11:50:00,484.77,484.77,484.77,484.77,0.0,33.9,16298.65,0
2024-10-30,2024-10-30 11:51:00,484.77,484.77,484.76,484.76,-0.0,33.9,16298.65,-1
2024-10-30,2024-10-30 11:52:00,484.76,484.76,484.76,484.76,0.0,33.9,16298.65,0
2024-10-30,2024-10-30 11:53:00,484.76,484.76,484.75,484.75,-0.0,33.9,16298.65,-1
2024-10-30,2024-10-30 11:54:00,484.75,484.75,484.75,484.75,0.0,33.9,16298.65,0
2024-10-30,2024-10-30 11:55:00,484.75,484.75,484.74,484.74,-0.0,33.9,16298.65,-1
2024-10-30,2024-10-30 11:56:00,484.74,484.74,484.74,484.74,0.0,33.9,16298.65,0
2024-10-30,2024-10-30 11:57:00,484.74,484.74,484.73,484.73,-0.0,33.9,16298.65,-1
2024-10-30,2024-10-30 11:58:00,484.73,484.73,484.73,484.73,0.0,33.9,16298.65,0
2024-10-30,2024-10-30 11:59:00,484.73,484.73,484.73,484.73,0.0,33.9,16298.65,0
2024-10-30,2024-10-30 12:00:00,484.73,484.73,484.72,484.72,-0.0,33.9,16298.65,-1
2024-10-30,2024-10-30 12:01:00,484.72,484.72,484.72,484.72,0.0,33.9,16298.65,0
2024-10-30,2024-10-30 12:02:00,484.72,484.72,484.71,484.71,-0.0,33.9,16298.65,-1
2024-10-30,2024-10-30 12:03:00,484.71,484.71,484.71,484.71,0.0,33.9,16298.65,0
2024-10-30,2024-10-30 12:04:00,484.71,484.71,484.7,484.7,-0.0,33.9,16298.65,-1
2024-10-30,2024-10-30 12:05:00,484.7,484.7,484.7,484.7,0.0,33.9,16298.65,0
2024-10-30,2024-10-30 12:06:00,484.7,484.7,484.69,484.69,-0.0,33.9,16298.65,-1
2024-10-30,2024-10-30 12:07:00,484.69,484.69,484.69,484.69,0.0,33.9,16298.65,0
2024-10-30,2024-10-30 12:08:00,484.69,484.69,484.68,484.68,-0.0,33.9,16298.65,-1
2024-10-30,2024-10-30 12:09:00,484.68,484.68,484.68,484.68,0.0,33.9,16298.65,0
2024-10-30,2024-10-30 12:10:00,484.68,484.68,484.67,484.67,-0.0,33.9,16298.65,-1
2024-10-30,2024-10-30 12:11:00,484.67,484.67,484.67,484.67,0.0,33.9,16298.65,0
2024-10-30,2024-10-30 12:12:00,484.67,484.67,484.67,484.67,0.0,33.9,16298.65,0
2024-10-30,2024-10-30 12:13:00,484.67,484.67,484.66,484.66,-0.0,33.9,16298.65,-1
2024-10-30,2024-10-30 12:14:00,484.66,484.66,484.66,484.66,0.0,33.9,16298.65,0
2024-10-30,2024-10-30 12:15:00,484.66,484.66,484.65,484.65,-0.0,33.9,16298.65,-1
2024-10-30,2024-10-30 12:16:00,484.65,484.65,484.65,484.65,0.0,33.9,16298.65,0
2024-10-30,2024-10-30 12:17:00,484.65,484.65,484.64,484.64,-0.0,33.9,16298.65,-1
2024-10-30,2024-10-30 12:18:00,484.64,484.64,484.64,484.64,0.0,33.9,16298.65,0
2024-10-30,2024-10-30 12:19:00,484.64,484.64,484.63,484.63,-0.0,33.9,16298.65,-1
2024-10-30,2024-10-30 12:20:00,484.63,484.63,484.63,484.63,0.0,33.9,16298.65,0
2024-10-30,2024-10-30 12:21:00,484.63,484.63,484.62,484.62,-0.0,33.9,16298.65,-1
2024-10-30,2024-10-30 12:22:00,484.62,484.62,484.62,484.62,0.0,33.9,16298.65,0
2024-10-30,2024-10-30 12:23:00,484.62,484.62,484.62,484.62,0.0,33.9,16298.65,0
2024-10-30,2024-10-30 12:24:00,484.62,484.62,484.61,484.61,-0.0,33.9,16298.65,-1
2024-10-30,2024-10-30 12:25:00,484.61,484.61,484.61,484.61,0.0,33.9,16298.65,0
2024-10-30,2024-10-30 12:26:00,484.61,484.61,484.6,484.6,-0.0,33.9,16298.65,-1
2024-10-30,2024-10-30 12:27:00,484.6,484.6,484.6,484.6,0.0,33.9,16298.65,0
2024-10-30,2024-10-30 12:28:00,484.6,484.6,484.59,484.59,-0.0,33.9,16298.65,-1
2024-10-30,2024-10-30 12:29:00,484.59,484.59,484.59,484.59,0.0,33.9,16298.65,0
2024-10-30,2024-10-30 12:30:00,484.59,484.59,484.58,484.58,-0.0,33.9,16298.65,-1
2024-10-30,2024-10-30 12:31:00,484.58,484.58,484.58,484.58,0.0,33.9,16298.65,0
2024-10-30,2024-10-30 12:32:00,484.58,484.58,484.57,484.57,-0.0,33.9,16298.65,-1
2024-10-30,2024-10-30 12:33:00,484.57,484.57,484.57,484.57,0.0,33.9,16298.65,0
2024-10-30,2024-10-30 12:34:00,484.57,484.57,484.56,484.56,-0.0,33.9,16298.65,-1
2024-10-30,2024-10-30 12:35:00,484.56,484.56,484.56,484.56,0.0,33.9,16298.65,0
2024-10-30,2024-10-30 12:36:00,484.56,484.56,484.56,484.56,0.0,33.9,16298.65,0
2024-10-30,2024-10-30 12:37:00,484.56,484.56,484.55,484.55,-0.0,33.9,16298.65,-1
2024-10-30,2024-10-30 12:38:00,484.55,484.55,484.55,484.55,0.0,33.9,16298.65,0
2024-10-30,2024-10-30 12:39:00,484.55,484.55,484.54,484.54,-0.0,33.9,16298.65,-1
2024-10-30,2024-10-30 12:40:00,484.54,484.54,484.54,484.54,0.0,33.9,16298.65,0
2024-10-30,2024-10-30 12:41:00,484.54,484.54,484.53,484.53,-0.0,33.9,16298.65,-1
2024-10-30,2024-10-30 12:42:00,484.53,484.53,484.53,484.53,0.0,33.9,16298.65,0
2024-10-30,2024-10-30 12:43:00,484.53,484.53,484.52,484.52,-0.0,33.9,16298.65,-1
2024-10-30,2024-10-30 12:44:00,484.52,484.52,484.52,484.52,0.0,33.9,16298.65,0
2024-10-30,2024-10-30 12:45:00,484.52,484.52,484.51,484.51,-0.0,33.9,16298.65,-1
2024-10-30,2024-10-30 12:46:00,484.51,484.51,484.51,484.51,0.0,33.9,16298.65,0
2024-10-30,2024-10-30 12:47:00,484.51,484.51,484.5,484.5,-0.0,33.9,16298.65,-1
2024-10-30,2024-10-30 12:48:00,484.5,484.5,484.5,484.5,0.0,33.9,16298.65,0
2024-10-30,2024-10-30 12:49:00,484.5,484.5,484.5,484.5,0.0,33.9,16298.65,0
2024-10-30,2024-10-30 12:50:00,484.5,484.5,484.49,484.49,-0.0,33.9,16298.65,-1
2024-10-30,2024-10-30 12:51:00,484.49,484.49,484.49,484.49,0.0,33.9,16298.65,0
2024-10-30,2024-10-30 12:52:00,484.49,484.49,484.48,484.48,-0.0,33.9,16298.65,-1
2024-10-30,2024-10-30 12:53:00,484.48,484.48,484.48,484.48,0.0,33.9,16298.65,0
2024-10-30,2024-10-30 12:54:00,484.48,484.48,484.47,484.47,-0.0,33.9,16298.65,-1
2024-10-30,2024-10-30 12:55:00,484.47,484.47,484.47,484.47,0.0,33.9,16298.65,0
2024-10-30,2024-10-30 12:56:00,484.47,484.47,484.46,484.46,-0.0,33.9,16298.65,-1
2024-10-30,2024-10-30 12:57:00,484.46,484.46,484.46,484.46,0.0,33.9,16298.65,0
2024-10-30,2024-10-30 12:58:00,484.46,484.46,484.45,484.45,-0.0,33.9,16298.65,-1
2024-10-30,2024-10-30 12:59:00,484.45,484.45,484.45,484.45,0.0,33.9,16298.65,0
2024-10-30,2024-10-30 13:00:00,484.45,496.0,471.5,484.45,0.0,33.9,16298.65,0
2024-10-30,2024-10-30 13:01:00,484.45,484.45,484.44,484.44,-0.0,33.9,16298.65,-1
2024-10-30,2024-10-30 13:02:00,484.44,484.44,484.44,484.44,0.0,33.9,16298.65,0
2024-10-30,2024-10-30 13:03:00,484.44,484.44,484.43,484.43,-0.0,33.9,16298.65,-1
2024-10-30,2024-10-30 13:04:00,484.43,484.43,484.43,484.43,0.0,33.9,16298.65,0
2024-10-30,2024-10-30 13:05:00,484.43,484.43,484.42,484.42,-0.0,33.9,16298.65,-1
2024-10-30,2024-10-30 13:06:00,484.42,484.42,484.42,484.42,0.0,33.9,16298.65,0
2024-10-30,2024-10-30 13:07:00,484.42,484.42,484.41,484.41,-0.0,33.9,16298.65,-1
2024-10-30,2024-10-30 13:08:00,484.41,484.41,484.41,484.41,0.0,33.9,16298.65,0
2024-10-30,2024-10-30 13:09:00,484.41,484.41,484.4,484.4,-0.0,33.9,16298.65,-1
2024-10-30,2024-10-30 13:10:00,484.4,484.4,484.4,484.4,0.0,33.9,16298.65,0
2024-10-30,2024-10-30 13:11:00,484.4,484.4,484.39,484.39,-0.0,33.9,16298.65,-1
2024-10-30,2024-10-30 13:12:00,484.39,484.39,484.39,484.39,0.0,33.9,16298.65,0
2024-10-30,2024-10-30 13:13:00,484.39,484.39,484.39,484.39,0.0,33.9,16298.65,0
2024-10-30,2024-10-30 13:14:00,484.39,484.39,484.38,484.38,-0.0,33.9,16298.65,-1
2024-10-30,2024-10-30 13:15:00,484.38,484.38,484.38,484.38,0.0,33.9,16298.65,0
2024-10-30,2024-10-30 13:16:00,484.38,484.38,484.37,484.37,-0.0,33.9,16298.65,-1
2024-10-30,2024-10-30 13:17:00,484.37,484.37,484.37,484.37,0.0,33.9,16298.65,0
2024-10-30,2024-10-30 13:18:00,484.37,484.37,484.36,484.36,-0.0,33.9,16298.65,-1
2024-10-30,2024-10-30 13:19:00,484.36,484.36,484.36,484.36,0.0,33.9,16298.65,0
2024-10-30,2024-10-30 13:20:00,484.36,484.36,484.35,484.35,-0.0,33.9,16298.65,-1
2024-10-30,2024-10-30 13:21:00,484.35,484.35,484.35,484.35,0.0,33.9,16298.65,0
2024-10-30,2024-10-30 13:22:00,484.35,484.35,484.34,484.34,-0.0,33.9,16298.65,-1
2024-10-30,2024-10-30 13:23:00,484.34,484.34,484.34,484.34,0.0,33.9,16298.65,0
2024-10-30,2024-10-30 13:24:00,484.34,484.34,484.34,484.34,0.0,33.9,16298.65,0
2024-10-30,2024-10-30 13:25:00,484.34,484.34,484.33,484.33,-0.0,33.9,16298.65,-1
2024-10-30,2024-10-30 13:26:00,484.33,484.33,484.33,484.33,0.0,33.9,16298.65,0
2024-10-30,2024-10-30 13:27:00,484.33,484.33,484.32,484.32,-0.0,33.9,16298.65,-1
2024-10-30,2024-10-30 13:28:00,484.32,484.32,484.32,484.32,0.0,33.9,16298.65,0
2024-10-30,2024-10-30 13:29:00,484.32,484.32,484.31,484.31,-0.0,33.9,16298.65,-1
2024-10-30,2024-10-30 13:30:00,484.31,484.31,484.31,484.31,0.0,33.9,16298.65,0
2024-10-30,2024-10-30 13:31:00,484.31,484.31,484.3,484.3,-0.0,33.9,16298.65,-1
2024-10-30,2024-10-30 13:32:00,484.3,484.3,484.3,484.3,0.0,33.9,16298.65,0
2024-10-30,2024-10-30 13:33:00,484.3,484.3,484.29,484.29,-0.0,33.9,16298.65,-1
2024-10-30,2024-10-30 13:34:00,484.29,484.29,484.29,484.29,0.0,33.9,16298.65,0
2024-10-30,2024-10-30 13:35:00,484.29,484.29,484.28,484.28,-0.0,33.9,16298.65,-1
2024-10-30,2024-10-30 13:36:00,484.28,484.28,484.28,484.28,0.0,33.9,16298.65,0
2024-10-30,2024-10-30 13:37:00,484.28,484.28,484.28,484.28,0.0,33.9,16298.65,0
2024-10-30,2024-10-30 13:38:00,484.28,484.28,484.27,484.27,-0.0,33.9,16298.65,-1
2024-10-30,2024-10-30 13:39:00,484.27,484.27,484.27,484.27,0.0,33.9,16298.65,0
2024-10-30,2024-10-30 13:40:00,484.27,484.27,484.26,484.26,-0.0,33.9,16298.65,-1
2024-10-30,2024-10-30 13:41:00,484.26,484.26,484.26,484.26,0.0,33.9,16298.65,0
2024-10-30,2024-10-30 13:42:00,484.26,484.26,484.25,484.25,-0.0,33.9,16298.65,-1
2024-10-30,2024-10-30 13:43:00,484.25,484.25,484.25,484.25,0.0,33.9,16298.65,0
2024-10-30,2024-10-30 13:44:00,484.25,484.25,484.24,484.24,-0.0,33.9,16298.65,-1
2024-10-30,2024-10-30 13:45:00,484.24,484.24,484.24,484.24,0.0,33.9,16298.65,0
2024-10-30,2024-10-30 13:46:00,484.24,484.24,484.23,484.23,-0.0,33.9,16298.65,-1
2024-10-30,2024-10-30 13:47:00,484.23,484.23,484.23,484.23,0.0,33.9,16298.65,0
2024-10-30,2024-10-30 13:48:00,484.23,484.23,484.23,484.23,0.0,33.9,16298.65,0
2024-10-30,2024-10-30 13:49:00,484.23,484.23,484.22,484.22,-0.0,33.9,16298.65,-1
2024-10-30,2024-10-30 13:50:00,484.22,484.22,484.22,484.22,0.0,33.9,16298.65,0
2024-10-30,2024-10-30 13:51:00,484.22,484.22,484.21,484.21,-0.0,33.9,16298.65,-1
2024-10-30,2024-10-30 13:52:00,484.21,484.21,484.21,484.21,0.0,33.9,16298.65,0
2024-10-30,2024-10-30 13:53:00,484.21,484.21,484.2,484.2,-0.0,33.9,16298.65,-1
2024-10-30,2024-10-30 13:54:00,484.2,484.2,484.2,484.2,0.0,33.9,16298.65,0
2024-10-30,2024-10-30 13:55:00,484.2,484.2,484.19,484.19,-0.0,33.9,16298.65,-1
2024-10-30,2024-10-30 13:56:00,484.19,484.19,484.19,484.19,0.0,33.9,16298.65,0
2024-10-30,2024-10-30 13:57:00,484.19,484.19,484.18,484.18,-0.0,33.9,16298.65,-1
2024-10-30,2024-10-30 13:58:00,484.18,484.18,484.18,484.18,0.0,33.9,16298.65,0
2024-10-30,2024-10-30 13:59:00,484.18,484.18,484.17,484.17,-0.0,33.9,16298.65,-1
2024-10-30,2024-10-30 14:00:00,484.17,484.17,484.17,484.17,0.0,33.9,16298.65,0
2024-10-30,2024-10-30 14:01:00,484.17,484.17,484.17,484.17,0.0,33.9,16298.65,0
2024-10-30,2024-10-30 14:02:00,484.17,484.17,484.16,484.16,-0.0,33.9,16298.65,-1
2024-10-30,2024-10-30 14:03:00,484.16,484.16,484.16,484.16,0.0,33.9,16298.65,0
2024-10-30,2024-10-30 14:04:00,484.16,484.16,484.15,484.15,-0.0,33.9,16298.65,-1
2024-10-30,2024-10-30 14:05:00,484.15,484.15,484.15,484.15,0.0,33.9,16298.65,0
2024-10-30,2024-10-30 14:06:00,484.15,484.15,484.14,484.14,-0.0,33.9,16298.65,-1
2024-10-30,2024-10-30 14:07:00,484.14,484.14,484.14,484.14,0.0,33.9,16298.65,0
2024-10-30,2024-10-30 14:08:00,484.14,484.14,484.13,484.13,-0.0,33.9,16298.65,-1
2024-10-30,2024-10-30 14:09:00,484.13,484.13,484.13,484.13,0.0,33.9,16298.65,0
2024-10-30,2024-10-30 14:10:00,484.13,484.13,484.12,484.12,-0.0,33.9,16298.65,-1
2024-10-30,2024-10-30 14:11:00,484.12,484.12,484.12,484.12,0.0,33.9,16298.65,0
2024-10-30,2024-10-30 14:12:00,484.12,484.12,484.12,484.12,0.0,33.9,16298.65,0
2024-10-30,2024-10-30 14:13:00,484.12,484.12,484.11,484.11,-0.0,33.9,16298.65,-1
2024-10-30,2024-10-30 14:14:00,484.11,484.11,484.11,484.11,0.0,33.9,16298.65,0
2024-10-30,2024-10-30 14:15:00,484.11,484.11,484.1,484.1,-0.0,33.9,16298.65,-1
2024-10-30,2024-10-30 14:16:00,484.1,484.1,484.1,484.1,0.0,33.9,16298.65,0
2024-10-30,2024-10-30 14:17:00,484.1,484.1,484.09,484.09,-0.0,33.9,16298.65,-1
2024-10-30,2024-10-30 14:18:00,484.09,484.09,484.09,484.09,0.0,33.9,16298.65,0
2024-10-30,2024-10-30 14:19:00,484.09,484.09,484.08,484.08,-0.0,33.9,16298.65,-1
2024-10-30,2024-10-30 14:20:00,484.08,484.08,484.08,484.08,0.0,33.9,16298.65,0
2024-10-30,2024-10-30 14:21:00,484.08,484.08,484.07,484.07,-0.0,33.9,16298.65,-1
2024-10-30,2024-10-30 14:22:00,484.07,484.07,484.07,484.07,0.0,33.9,16298.65,0
2024-10-30,2024-10-30 14:23:00,484.07,484.07,484.06,484.06,-0.0,33.9,16298.65,-1
2024-10-30,2024-10-30 14:24:00,484.06,484.06,484.06,484.06,0.0,33.9,16298.65,0
2024-10-30,2024-10-30 14:25:00,484.06,484.06,484.06,484.06,0.0,33.9,16298.65,0
2024-10-30,2024-10-30 14:26:00,484.06,484.06,484.05,484.05,-0.0,33.9,16298.65,-1
2024-10-30,2024-10-30 14:27:00,484.05,484.05,484.05,484.05,0.0,33.9,16298.65,0
2024-10-30,2024-10-30 14:28:00,484.05,484.05,484.04,484.04,-0.0,33.9,16298.65,-1
2024-10-30,2024-10-30 14:29:00,484.04,484.04,484.04,484.04,0.0,33.9,16298.65,0
2024-10-30,2024-10-30 14:30:00,484.04,484.04,484.03,484.03,-0.0,33.9,16298.65,-1
2024-10-30,2024-10-30 14:31:00,484.03,484.03,484.03,484.03,0.0,33.9,16298.65,0
2024-10-30,2024-10-30 14:32:00,484.03,484.03,484.02,484.02,-0.0,33.9,16298.65,-1
2024-10-30,2024-10-30 14:33:00,484.02,484.02,484.02,484.02,0.0,33.9,16298.65,0
2024-10-30,2024-10-30 14:34:00,484.02,484.02,484.01,484.01,-0.0,33.9,16298.65,-1
2024-10-30,2024-10-30 14:35:00,484.01,484.01,484.01,484.01,0.0,33.9,16298.65,0
2024-10-30,2024-10-30 14:36:00,484.01,484.01,484.01,484.01,0.0,33.9,16298.65,0
2024-10-30,2024-10-30 14:37:00,484.01,484.01,484.0,484.0,-0.0,33.9,16298.65,-1
2024-10-30,2024-10-30 14:38:00,484.0,484.0,484.0,484.0,0.0,33.9,16298.65,0
2024-10-30,2024-10-30 14:39:00,484.0,484.0,483.99,483.99,-0.0,33.9,16298.65,-1
2024-10-30,2024-10-30 14:40:00,483.99,483.99,483.99,483.99,0.0,33.9,16298.65,0
2024-10-30,2024-10-30 14:41:00,483.99,483.99,483.98,483.98,-0.0,33.9,16298.65,-1
2024-10-30,2024-10-30 14:42:00,483.98,483.98,483.98,483.98,0.0,33.9,16298.65,0
2024-10-30,2024-10-30 14:43:00,483.98,483.98,483.97,483.97,-0.0,33.9,16298.65,-1
2024-10-30,2024-10-30 14:44:00,483.97,483.97,483.97,483.97,0.0,33.9,16298.65,0
2024-10-30,2024-10-30 14:45:00,483.97,483.97,483.96,483.96,-0.0,33.9,16298.65,-1
2024-10-30,2024-10-30 14:46:00,483.96,483.96,483.96,483.96,0.0,33.9,16298.65,0
2024-10-30,2024-10-30 14:47:00,483.96,483.96,483.95,483.95,-0.0,33.9,16298.65,-1
2024-10-30,2024-10-30 14:48:00,483.95,483.95,483.95,483.95,0.0,33.9,16298.65,0
2024-10-30,2024-10-30 14:49:00,483.95,483.95,483.95,483.95,0.0,33.9,16298.65,0
2024-10-30,2024-10-30 14:50:00,483.95,483.95,483.94,483.94,-0.0,33.9,16298.65,-1
2024-10-30,2024-10-30 14:51:00,483.94,483.94,483.94,483.94,0.0,33.9,16298.65,0
2024-10-30,2024-10-30 14:52:00,483.94,483.94,483.93,483.93,-0.0,33.9,16298.65,-1
2024-10-30,2024-10-30 14:53:00,483.93,483.93,483.93,483.93,0.0,33.9,16298.65,0
2024-10-30,2024-10-30 14:54:00,483.93,483.93,483.92,483.92,-0.0,33.9,16298.65,-1
2024-10-30,2024-10-30 14:55:00,483.92,483.92,483.92,483.92,0.0,33.9,16298.65,0
2024-10-30,2024-10-30 14:56:00,483.92,483.92,483.91,483.91,-0.0,33.9,16298.65,-1
2024-10-30,2024-10-30 14:57:00,483.91,483.91,483.91,483.91,0.0,33.9,16298.65,0
2024-10-30,2024-10-30 14:58:00,483.91,483.91,483.9,483.9,-0.0,33.9,16298.65,-1
2024-10-30,2024-10-30 14:59:00,483.9,483.9,483.9,483.9,0.0,33.9,16298.65,0
2024-10-30,2024-10-30 15:00:00,483.9,496.0,471.5,483.9,0.0,33.9,16298.65,0
2024-11-05,2024-11-05 11:00:00,475.0,478.9,472.66,475.02,0.0,20.35,9632.83,1
2024-11-05,2024-11-05 11:01:00,475.02,475.05,475.02,475.05,0.01,20.35,9632.83,1
2024-11-05,2024-11-05 11:02:00,475.05,475.07,475.05,475.07,0.0,20.35,9632.83,1
2024-11-05,2024-11-05 11:03:00,475.07,475.1,475.07,475.1,0.01,20.35,9632.83,1
2024-11-05,2024-11-05 11:04:00,475.1,475.12,475.1,475.12,0.0,20.35,9632.83,1
2024-11-05,2024-11-05 11:05:00,475.12,475.15,475.12,475.15,0.01,20.35,9632.83,1
2024-11-05,2024-11-05 11:06:00,475.15,475.18,475.15,475.18,0.01,20.35,9632.83,1
2024-11-05,2024-11-05 11:07:00,475.18,475.2,475.18,475.2,0.0,20.35,9632.83,1
2024-11-05,2024-11-05 11:08:00,475.2,475.23,475.2,475.23,0.01,20.35,9632.83,1
2024-11-05,2024-11-05 11:09:00,475.23,475.25,475.23,475.25,0.0,20.35,9632.83,1
2024-11-05,2024-11-05 11:10:00,475.25,475.27,475.25,475.27,0.0,20.35,9632.83,1
2024-11-05,2024-11-05 11:11:00,475.27,475.3,475.27,475.3,0.01,20.35,9632.83,1
2024-11-05,2024-11-05 11:12:00,475.3,475.32,475.3,475.32,0.0,20.35,9632.83,1
2024-11-05,2024-11-05 11:13:00,475.32,475.35,475.32,475.35,0.01,20.35,9632.83,1
2024-11-05,2024-11-05 11:14:00,475.35,475.38,475.35,475.38,0.01,20.35,9632.83,1
2024-11-05,2024-11-05 11:15:00,475.38,475.4,475.38,475.4,0.0,20.35,9632.83,1
2024-11-05,2024-11-05 11:16:00,475.4,475.43,475.4,475.43,0.01,20.35,9632.83,1
2024-11-05,2024-11-05 11:17:00,475.43,475.45,475.43,475.45,0.0,20.35,9632.83,1
2024-11-05,2024-11-05 11:18:00,475.45,475.48,475.45,475.48,0.01,20.35,9632.83,1
2024-11-05,2024-11-05 11:19:00,475.48,475.5,475.48,475.5,0.0,20.35,9632.83,1
2024-11-05,2024-11-05 11:20:00,475.5,475.52,475.5,475.52,0.0,20.35,9632.83,1
2024-11-05,2024-11-05 11:21:00,475.52,475.55,475.52,475.55,0.01,20.35,9632.83,1
2024-11-05,2024-11-05 11:22:00,475.55,475.57,475.55,475.57,0.0,20.35,9632.83,1
2024-11-05,2024-11-05 11:23:00,475.57,475.6,475.57,475.6,0.01,20.35,9632.83,1
2024-11-05,2024-11-05 11:24:00,475.6,475.62,475.6,475.62,0.0,20.35,9632.83,1
2024-11-05,2024-11-05 11:25:00,475.62,475.65,475.62,475.65,0.01,20.35,9632.83,1
2024-11-05,2024-11-05 11:26:00,475.65,475.68,475.65,475.68,0.01,20.35,9632.83,1
2024-11-05,2024-11-05 11:27:00,475.68,475.7,475.68,475.7,0.0,20.35,9632.83,1
2024-11-05,2024-11-05 11:28:00,475.7,475.73,475.7,475.73,0.01,20.35,9632.83,1
2024-11-05,2024-11-05 11:29:00,475.73,475.75,475.73,475.75,0.0,20.35,9632.83,1
2024-11-05,2024-11-05 11:30:00,475.75,475.77,475.75,475.77,0.0,20.35,9632.83,1
2024-11-05,2024-11-05 11:31:00,475.77,475.8,475.77,475.8,0.01,20.35,9632.83,1
2024-11-05,2024-11-05 11:32:00,475.8,475.82,475.8,475.82,0.0,20.35,9632.83,1
2024-11-05,2024-11-05 11:33:00,475.82,475.85,475.82,475.85,0.01,20.35,9632.83,1
2024-11-05,2024-11-05 11:34:00,475.85,475.88,475.85,475.88,0.01,20.35,9632.83,1
2024-11-05,2024-11-05 11:35:00,475.88,475.9,475.88,475.9,0.0,20.35,9632.83,1
2024-11-05,2024-11-05 11:36:00,475.9,475.93,475.9,475.93,0.01,20.35,9632.83,1
2024-11-05,2024-11-05 11:37:00,475.93,475.95,475.93,475.95,0.0,20.35,9632.83,1
2024-11-05,2024-11-05 11:38:00,475.95,475.98,475.95,475.98,0.01,20.35,9632.83,1
2024-11-05,2024-11-05 11:39:00,475.98,476.0,475.98,476.0,0.0,20.35,9632.83,1
2024-11-05,2024-11-05 11:40:00,476.0,476.02,476.0,476.02,0.0,20.35,9632.83,1
2024-11-05,2024-11-05 11:41:00,476.02,476.05,476.02,476.05,0.01,20.35,9632.83,1
2024-11-05,2024-11-05 11:42:00,476.05,476.07,476.05,476.07,0.0,20.35,9632.83,1
2024-11-05,2024-11-05 11:43:00,476.07,476.1,476.07,476.1,0.01,20.35,9632.83,1
2024-11-05,2024-11-05 11:44:00,476.1,476.12,476.1,476.12,0.0,20.35,9632.83,1
2024-11-05,2024-11-05 11:45:00,476.12,476.15,476.12,476.15,0.01,20.35,9632.83,1
2024-11-05,2024-11-05 11:46:00,476.15,476.18,476.15,476.18,0.01,20.35,9632.83,1
2024-11-05,2024-11-05 11:47:00,476.18,476.2,476.18,476.2,0.0,20.35,9632.83,1
2024-11-05,2024-11-05 11:48:00,476.2,476.23,476.2,476.23,0.01,20.35,9632.83,1
2024-11-05,2024-11-05 11:49:00,476.23,476.25,476.23,476.25,0.0,20.35,9632.83,1
2024-11-05,2024-11-05 11:50:00,476.25,476.27,476.25,476.27,0.0,20.35,9632.83,1
2024-11-05,2024-11-05 11:51:00,476.27,476.3,476.27,476.3,0.01,20.35,9632.83,1
2024-11-05,2024-11-05 11:52:00,476.3,476.32,476.3,476.32,0.0,20.35,9632.83,1
2024-11-05,2024-11-05 11:53:00,476.32,476.35,476.32,476.35,0.01,20.35,9632.83,1
2024-11-05,2024-11-05 11:54:00,476.35,476.38,476.35,476.38,0.01,20.35,9632.83,1
2024-11-05,2024-11-05 11:55:00,476.38,476.4,476.38,476.4,0.0,20.35,9632.83,1
2024-11-05,2024-11-05 11:56:00,476.4,476.43,476.4,476.43,0.01,20.35,9632.83,1
2024-11-05,2024-11-05 11:57:00,476.43,476.45,476.43,476.45,0.0,20.35,9632.83,1
2024-11-05,2024-11-05 11:58:00,476.45,476.48,476.45,476.48,0.01,20.35,9632.83,1
2024-11-05,2024-11-05 11:59:00,476.48,476.5,476.48,476.5,0.0,20.35,9632.83,1
2024-11-05,2024-11-05 12:00:00,476.5,476.52,476.5,476.52,0.0,20.35,9632.83,1
2024-11-05,2024-11-05 12:01:00,476.52,476.55,476.52,476.55,0.01,20.35,9632.83,1
2024-11-05,2024-11-05 12:02:00,476.55,476.57,476.55,476.57,0.0,20.35,9632.83,1
2024-11-05,2024-11-05 12:03:00,476.57,476.6,476.57,476.6,0.01,20.35,9632.83,1
2024-11-05,2024-11-05 12:04:00,476.6,476.62,476.6,476.62,0.0,20.35,9632.83,1
2024-11-05,2024-11-05 12:05:00,476.62,476.65,476.62,476.65,0.01,20.35,9632.83,1
2024-11-05,2024-11-05 12:06:00,476.65,476.68,476.65,476.68,0.01,20.35,9632.83,1
2024-11-05,2024-11-05 12:07:00,476.68,476.7,476.68,476.7,0.0,20.35,9632.83,1
2024-11-05,2024-11-05 12:08:00,476.7,476.73,476.7,476.73,0.01,20.35,9632.83,1
2024-11-05,2024-11-05 12:09:00,476.73,476.75,476.73,476.75,0.0,20.35,9632.83,1
2024-11-05,2024-11-05 12:10:00,476.75,476.77,476.75,476.77,0.0,20.35,9632.83,1
2024-11-05,2024-11-05 12:11:00,476.77,476.8,476.77,476.8,0.01,20.35,9632.83,1
2024-11-05,2024-11-05 12:12:00,476.8,476.82,476.8,476.82,0.0,20.35,9632.83,1
2024-11-05,2024-11-05 12:13:00,476.82,476.85,476.82,476.85,0.01,20.35,9632.83,1
2024-11-05,2024-11-05 12:14:00,476.85,476.88,476.85,476.88,0.01,20.35,9632.83,1
2024-11-05,2024-11-05 12:15:00,476.88,476.9,476.88,476.9,0.0,20.35,9632.83,1
2024-11-05,2024-11-05 12:16:00,476.9,476.93,476.9,476.93,0.01,20.35,9632.83,1
2024-11-05,2024-11-05 12:17:00,476.93,476.95,476.93,476.95,0.0,20.35,9632.83,1
2024-11-05,2024-11-05 12:18:00,476.95,476.98,476.95,476.98,0.01,20.35,9632.83,1
2024-11-05,2024-11-05 12:19:00,476.98,477.0,476.98,477.0,0.0,20.35,9632.83,1
2024-11-05,2024-11-05 12:20:00,477.0,477.02,477.0,477.02,0.0,20.35,9632.83,1
2024-11-05,2024-11-05 12:21:00,477.02,477.05,477.02,477.05,0.01,20.35,9632.83,1
2024-11-05,2024-11-05 12:22:00,477.05,477.07,477.05,477.07,0.0,20.35,9632.83,1
2024-11-05,2024-11-05 12:23:00,477.07,477.1,477.07,477.1,0.01,20.35,9632.83,1
2024-11-05,2024-11-05 12:24:00,477.1,477.12,477.1,477.12,0.0,20.35,9632.83,1
2024-11-05,2024-11-05 12:25:00,477.12,477.15,477.12,477.15,0.01,20.35,9632.83,1
2024-11-05,2024-11-05 12:26:00,477.15,477.18,477.15,477.18,0.01,20.35,9632.83,1
2024-11-05,2024-11-05 12:27:00,477.18,477.2,477.18,477.2,0.0,20.35,9632.83,1
2024-11-05,2024-11-05 12:28:00,477.2,477.23,477.2,477.23,0.01,20.35,9632.83,1
2024-11-05,2024-11-05 12:29:00,477.23,477.25,477.23,477.25,0.0,20.35,9632.83,1
2024-11-05,2024-11-05 12:30:00,477.25,477.27,477.25,477.27,0.0,20.35,9632.83,1
2024-11-05,2024-11-05 12:31:00,477.27,477.3,477.27,477.3,0.01,20.35,9632.83,1
2024-11-05,2024-11-05 12:32:00,477.3,477.32,477.3,477.32,0.0,20.35,9632.83,1
2024-11-05,2024-11-05 12:33:00,477.32,477.35,477.32,477.35,0.01,20.35,9632.83,1
2024-11-05,2024-11-05 12:34:00,477.35,477.38,477.35,477.38,0.01,20.35,9632.83,1
2024-11-05,2024-11-05 12:35:00,477.38,477.4,477.38,477.4,0.0,20.35,9632.83,1
2024-11-05,2024-11-05 12:36:00,477.4,477.43,477.4,477.43,0.01,20.35,9632.83,1
2024-11-05,2024-11-05 12:37:00,477.43,477.45,477.43,477.45,0.0,20.35,9632.83,1
2024-11-05,2024-11-05 12:38:00,477.45,477.48,477.45,477.48,0.01,20.35,9632.83,1
2024-11-05,2024-11-05 12:39:00,477.48,477.5,477.48,477.5,0.0,20.35,9632.83,1
2024-11-05,2024-11-05 12:40:00,477.5,477.52,477.5,477.52,0.0,20.35,9632.83,1
2024-11-05,2024-11-05 12:41:00,477.52,477.55,477.52,477.55,0.01,20.35,9632.83,1
2024-11-05,2024-11-05 12:42:00,477.55,477.57,477.55,477.57,0.0,20.35,9632.83,1
2024-11-05,2024-11-05 12:43:00,477.57,477.6,477.57,477.6,0.01,20.35,9632.83,1
2024-11-05,2024-11-05 12:44:00,477.6,477.62,477.6,477.62,0.0,20.35,9632.83,1
2024-11-05,2024-11-05 12:45:00,477.62,477.65,477.62,477.65,0.01,20.35,9632.83,1
2024-11-05,2024-11-05 12:46:00,477.65,477.68,477.65,477.68,0.01,20.35,9632.83,1
2024-11-05,2024-11-05 12:47:00,477.68,477.7,477.68,477.7,0.0,20.35,9632.83,1
2024-11-05,2024-11-05 12:48:00,477.7,477.73,477.7,477.73,0.01,20.35,9632.83,1
2024-11-05,2024-11-05 12:49:00,477.73,477.75,477.73,477.75,0.0,20.35,9632.83,1
2024-11-05,2024-11-05 12:50:00,477.75,477.77,477.75,477.77,0.0,20.35,9632.83,1
2024-11-05,2024-11-05 12:51:00,477.77,477.8,477.77,477.8,0.01,20.35,9632.83,1
2024-11-05,2024-11-05 12:52:00,477.8,477.82,477.8,477.82,0.0,20.35,9632.83,1
2024-11-05,2024-11-05 12:53:00,477.82,477.85,477.82,477.85,0.01,20.35,9632.83,1
2024-11-05,2024-11-05 12:54:00,477.85,477.88,477.85,477.88,0.01,20.35,9632.83,1
2024-11-05,2024-11-05 12:55:00,477.88,477.9,477.88,477.9,0.0,20.35,9632.83,1
2024-11-05,2024-11-05 12:56:00,477.9,477.93,477.9,477.93,0.01,20.35,9632.83,1
2024-11-05,2024-11-05 12:57:00,477.93,477.95,477.93,477.95,0.0,20.35,9632.83,1
2024-11-05,2024-11-05 12:58:00,477.95,477.98,477.95,477.98,0.01,20.35,9632.83,1
2024-11-05,2024-11-05 12:59:00,477.98,478.0,477.98,478.0,0.0,20.35,9632.83,1
2024-11-05,2024-11-05 13:00:00,478.0,488.0,467.2,478.02,0.0,20.35,9632.83,1
2024-11-05,2024-11-05 13:01:00,478.02,478.05,478.02,478.05,0.01,20.35,9632.83,1
2024-11-05,2024-11-05 13:02:00,478.05,478.07,478.05,478.07,0.0,20.35,9632.83,1
2024-11-05,2024-11-05 13:03:00,478.07,478.1,478.07,478.1,0.01,20.35,9632.83,1
2024-11-05,2024-11-05 13:04:00,478.1,478.12,478.1,478.12,0.0,20.35,9632.83,1
2024-11-05,2024-11-05 13:05:00,478.12,478.15,478.12,478.15,0.01,20.35,9632.83,1
2024-11-05,2024-11-05 13:06:00,478.15,478.18,478.15,478.18,0.01,20.35,9632.83,1
2024-11-05,2024-11-05 13:07:00,478.18,478.2,478.18,478.2,0.0,20.35,9632.83,1
2024-11-05,2024-11-05 13:08:00,478.2,478.23,478.2,478.23,0.01,20.35,9632.83,1
2024-11-05,2024-11-05 13:09:00,478.23,478.25,478.23,478.25,0.0,20.35,9632.83,1
2024-11-05,2024-11-05 13:10:00,478.25,478.27,478.25,478.27,0.0,20.35,9632.83,1
2024-11-05,2024-11-05 13:11:00,478.27,478.3,478.27,478.3,0.01,20.35,9632.83,1
2024-11-05,2024-11-05 13:12:00,478.3,478.32,478.3,478.32,0.0,20.35,9632.83,1
2024-11-05,2024-11-05 13:13:00,478.32,478.35,478.32,478.35,0.01,20.35,9632.83,1
2024-11-05,2024-11-05 13:14:00,478.35,478.38,478.35,478.38,0.01,20.35,9632.83,1
2024-11-05,2024-11-05 13:15:00,478.38,478.4,478.38,478.4,0.0,20.35,9632.83,1
2024-11-05,2024-11-05 13:16:00,478.4,478.43,478.4,478.43,0.01,20.35,9632.83,1
2024-11-05,2024-11-05 13:17:00,478.43,478.45,478.43,478.45,0.0,20.35,9632.83,1
2024-11-05,2024-11-05 13:18:00,478.45,478.48,478.45,478.48,0.01,20.35,9632.83,1
2024-11-05,2024-11-05 13:19:00,478.48,478.5,478.48,478.5,0.0,20.35,9632.83,1
2024-11-05,2024-11-05 13:20:00,478.5,478.52,478.5,478.52,0.0,20.35,9632.83,1
2024-11-05,2024-11-05 13:21:00,478.52,478.55,478.52,478.55,0.01,20.35,9632.83,1
2024-11-05,2024-11-05 13:22:00,478.55,478.57,478.55,478.57,0.0,20.35,9632.83,1
2024-11-05,2024-11-05 13:23:00,478.57,478.6,478.57,478.6,0.01,20.35,9632.83,1
2024-11-05,2024-11-05 13:24:00,478.6,478.62,478.6,478.62,0.0,20.35,9632.83,1
2024-11-05,2024-11-05 13:25:00,478.62,478.65,478.62,478.65,0.01,20.35,9632.83,1
2024-11-05,2024-11-05 13:26:00,478.65,478.68,478.65,478.68,0.01,20.35,9632.83,1
2024-11-05,2024-11-05 13:27:00,478.68,478.7,478.68,478.7,0.0,20.35,9632.83,1
2024-11-05,2024-11-05 13:28:00,478.7,478.73,478.7,478.73,0.01,20.35,9632.83,1
2024-11-05,2024-11-05 13:29:00,478.73,478.75,478.73,478.75,0.0,20.35,9632.83,1
2024-11-05,2024-11-05 13:30:00,478.75,478.77,478.75,478.77,0.0,20.35,9632.83,1
2024-11-05,2024-11-05 13:31:00,478.77,478.8,478.77,478.8,0.01,20.35,9632.83,1
2024-11-05,2024-11-05 13:32:00,478.8,478.82,478.8,478.82,0.0,20.35,9632.83,1
2024-11-05,2024-11-05 13:33:00,478.82,478.85,478.82,478.85,0.01,20.35,9632.83,1
2024-11-05,2024-11-05 13:34:00,478.85,478.88,478.85,478.88,0.01,20.35,9632.83,1
2024-11-05,2024-11-05 13:35:00,478.88,478.9,478.88,478.9,0.0,20.35,9632.83,1
2024-11-05,2024-11-05 13:36:00,478.9,478.93,478.9,478.93,0.01,20.35,9632.83,1
2024-11-05,2024-11-05 13:37:00,478.93,478.95,478.93,478.95,0.0,20.35,9632.83,1
2024-11-05,2024-11-05 13:38:00,478.95,478.98,478.95,478.98,0.01,20.35,9632.83,1
2024-11-05,2024-11-05 13:39:00,478.98,479.0,478.98,479.0,0.0,20.35,9632.83,1
2024-11-05,2024-11-05 13:40:00,479.0,479.02,479.0,479.02,0.0,20.35,9632.83,1
2024-11-05,2024-11-05 13:41:00,479.02,479.05,479.02,479.05,0.01,20.35,9632.83,1
2024-11-05,2024-11-05 13:42:00,479.05,479.07,479.05,479.07,0.0,20.35,9632.83,1
2024-11-05,2024-11-05 13:43:00,479.07,479.1,479.07,479.1,0.01,20.35,9632.83,1
2024-11-05,2024-11-05 13:44:00,479.1,479.12,479.1,479.12,0.0,20.35,9632.83,1
2024-11-05,2024-11-05 13:45:00,479.12,479.15,479.12,479.15,0.01,20.35,9632.83,1
2024-11-05,2024-11-05 13:46:00,479.15,479.18,479.15,479.18,0.01,20.35,9632.83,1
2024-11-05,2024-11-05 13:47:00,479.18,479.2,479.18,479.2,0.0,20.35,9632.83,1
2024-11-05,2024-11-05 13:48:00,479.2,479.23,479.2,479.23,0.01,20.35,9632.83,1
2024-11-05,2024-11-05 13:49:00,479.23,479.25,479.23,479.25,0.0,20.35,9632.83,1
2024-11-05,2024-11-05 13:50:00,479.25,479.27,479.25,479.27,0.0,20.35,9632.83,1
2024-11-05,2024-11-05 13:51:00,479.27,479.3,479.27,479.3,0.01,20.35,9632.83,1
2024-11-05,2024-11-05 13:52:00,479.3,479.32,479.3,479.32,0.0,20.35,9632.83,1
2024-11-05,2024-11-05 13:53:00,479.32,479.35,479.32,479.35,0.01,20.35,9632.83,1
2024-11-05,2024-11-05 13:54:00,479.35,479.38,479.35,479.38,0.01,20.35,9632.83,1
2024-11-05,2024-11-05 13:55:00,479.38,479.4,479.38,479.4,0.0,20.35,9632.83,1
2024-11-05,2024-11-05 13:56:00,479.4,479.43,479.4,479.43,0.01,20.35,9632.83,1
2024-11-05,2024-11-05 13:57:00,479.43,479.45,479.43,479.45,0.0,20.35,9632.83,1
2024-11-05,2024-11-05 13:58:00,479.45,479.48,479.45,479.48,0.01,20.35,9632.83,1
2024-11-05,2024-11-05 13:59:00,479.48,479.5,479.48,479.5,0.0,20.35,9632.83,1
2024-11-05,2024-11-05 14:00:00,479.5,479.52,479.5,479.52,0.0,20.35,9632.83,1
2024-11-05,2024-11-05 14:01:00,479.52,479.55,479.52,479.55,0.01,20.35,9632.83,1
2024-11-05,2024-11-05 14:02:00,479.55,479.57,479.55,479.57,0.0,20.35,9632.83,1
2024-11-05,2024-11-05 14:03:00,479.57,479.6,479.57,479.6,0.01,20.35,9632.83,1
2024-11-05,2024-11-05 14:04:00,479.6,479.62,479.6,479.62,0.0,20.35,9632.83,1
2024-11-05,2024-11-05 14:05:00,479.62,479.65,479.62,479.65,0.01,20.35,9632.83,1
2024-11-05,2024-11-05 14:06:00,479.65,479.68,479.65,479.68,0.01,20.35,9632.83,1
2024-11-05,2024-11-05 14:07:00,479.68,479.7,479.68,479.7,0.0,20.35,9632.83,1
2024-11-05,2024-11-05 14:08:00,479.7,479.73,479.7,479.73,0.01,20.35,9632.83,1
2024-11-05,2024-11-05 14:09:00,479.73,479.75,479.73,479.75,0.0,20.35,9632.83,1
2024-11-05,2024-11-05 14:10:00,479.75,479.77,479.75,479.77,0.0,20.35,9632.83,1
2024-11-05,2024-11-05 14:11:00,479.77,479.8,479.77,479.8,0.01,20.35,9632.83,1
2024-11-05,2024-11-05 14:12:00,479.8,479.82,479.8,479.82,0.0,20.35,9632.83,1
2024-11-05,2024-11-05 14:13:00,479.82,479.85,479.82,479.85,0.01,20.35,9632.83,1
2024-11-05,2024-11-05 14:14:00,479.85,479.88,479.85,479.88,0.01,20.35,9632.83,1
2024-11-05,2024-11-05 14:15:00,479.88,479.9,479.88,479.9,0.0,20.35,9632.83,1
2024-11-05,2024-11-05 14:16:00,479.9,479.93,479.9,479.93,0.01,20.35,9632.83,1
2024-11-05,2024-11-05 14:17:00,479.93,479.95,479.93,479.95,0.0,20.35,9632.83,1
2024-11-05,2024-11-05 14:18:00,479.95,479.98,479.95,479.98,0.01,20.35,9632.83,1
2024-11-05,2024-11-05 14:19:00,479.98,480.0,479.98,480.0,0.0,20.35,9632.83,1
2024-11-05,2024-11-05 14:20:00,480.0,480.02,480.0,480.02,0.0,20.35,9632.83,1
2024-11-05,2024-11-05 14:21:00,480.02,480.05,480.02,480.05,0.01,20.35,9632.83,1
2024-11-05,2024-11-05 14:22:00,480.05,480.07,480.05,480.07,0.0,20.35,9632.83,1
2024-11-05,2024-11-05 14:23:00,480.07,480.1,480.07,480.1,0.01,20.35,9632.83,1
2024-11-05,2024-11-05 14:24:00,480.1,480.12,480.1,480.12,0.0,20.35,9632.83,1
2024-11-05,2024-11-05 14:25:00,480.12,480.15,480.12,480.15,0.01,20.35,9632.83,1
2024-11-05,2024-11-05 14:26:00,480.15,480.18,480.15,480.18,0.01,20.35,9632.83,1
2024-11-05,2024-11-05 14:27:00,480.18,480.2,480.18,480.2,0.0,20.35,9632.83,1
2024-11-05,2024-11-05 14:28:00,480.2,480.23,480.2,480.23,0.01,20.35,9632.83,1
2024-11-05,2024-11-05 14:29:00,480.23,480.25,480.23,480.25,0.0,20.35,9632.83,1
2024-11-05,2024-11-05 14:30:00,480.25,480.27,480.25,480.27,0.0,20.35,9632.83,1
2024-11-05,2024-11-05 14:31:00,480.27,480.3,480.27,480.3,0.01,20.35,9632.83,1
2024-11-05,2024-11-05 14:32:00,480.3,480.32,480.3,480.32,0.0,20.35,9632.83,1
2024-11-05,2024-11-05 14:33:00,480.32,480.35,480.32,480.35,0.01,20.35,9632.83,1
2024-11-05,2024-11-05 14:34:00,480.35,480.38,480.35,480.38,0.01,20.35,9632.83,1
2024-11-05,2024-11-05 14:35:00,480.38,480.4,480.38,480.4,0.0,20.35,9632.83,1
2024-11-05,2024-11-05 14:36:00,480.4,480.43,480.4,480.43,0.01,20.35,9632.83,1
2024-11-05,2024-11-05 14:37:00,480.43,480.45,480.43,480.45,0.0,20.35,9632.83,1
2024-11-05,2024-11-05 14:38:00,480.45,480.48,480.45,480.48,0.01,20.35,9632.83,1
2024-11-05,2024-11-05 14:39:00,480.48,480.5,480.48,480.5,0.0,20.35,9632.83,1
2024-11-05,2024-11-05 14:40:00,480.5,480.52,480.5,480.52,0.0,20.35,9632.83,1
2024-11-05,2024-11-05 14:41:00,480.52,480.55,480.52,480.55,0.01,20.35,9632.83,1
2024-11-05,2024-11-05 14:42:00,480.55,480.57,480.55,480.57,0.0,20.35,9632.83,1
2024-11-05,2024-11-05 14:43:00,480.57,480.6,480.57,480.6,0.01,20.35,9632.83,1
2024-11-05,2024-11-05 14:44:00,480.6,480.62,480.6,480.62,0.0,20.35,9632.83,1
2024-11-05,2024-11-05 14:45:00,480.62,480.65,480.62,480.65,0.01,20.35,9632.83,1
2024-11-05,2024-11-05 14:46:00,480.65,480.68,480.65,480.68,0.01,20.35,9632.83,1
2024-11-05,2024-11-05 14:47:00,480.68,480.7,480.68,480.7,0.0,20.35,9632.83,1
2024-11-05,2024-11-05 14:48:00,480.7,480.73,480.7,480.73,0.01,20.35,9632.83,1
2024-11-05,2024-11-05 14:49:00,480.73,480.75,480.73,480.75,0.0,20.35,9632.83,1
2024-11-05,2024-11-05 14:50:00,480.75,480.77,480.75,480.77,0.0,20.35,9632.83,1
2024-11-05,2024-11-05 14:51:00,480.77,480.8,480.77,480.8,0.01,20.35,9632.83,1
2024-11-05,2024-11-05 14:52:00,480.8,480.82,480.8,480.82,0.0,20.35,9632.83,1
2024-11-05,2024-11-05 14:53:00,480.82,480.85,480.82,480.85,0.01,20.35,9632.83,1
2024-11-05,2024-11-05 14:54:00,480.85,480.88,480.85,480.88,0.01,20.35,9632.83,1
2024-11-05,2024-11-05 14:55:00,480.88,480.9,480.88,480.9,0.0,20.35,9632.83,1
2024-11-05,2024-11-05 14:56:00,480.9,480.93,480.9,480.93,0.01,20.35,9632.83,1
2024-11-05,2024-11-05 14:57:00,480.93,480.95,480.93,480.95,0.0,20.35,9632.83,1
2024-11-05,2024-11-05 14:58:00,480.95,480.98,480.95,480.98,0.01,20.35,9632.83,1
2024-11-05,2024-11-05 14:59:00,480.98,481.0,480.98,481.0,0.0,20.35,9632.83,1
2024-11-05,2024-11-05 15:00:00,481.0,488.0,467.2,481.0,0.0,20.35,9632.83,0
2024-11-06,2024-11-06 11:00:00,475.0,480.4,474.7,475.06,0.01,44.73,21737.27,1
2024-11-06,2024-11-06 11:01:00,475.06,475.12,475.06,475.12,0.01,44.73,21737.27,1
2024-11-06,2024-11-06 11:02:00,475.12,475.19,475.12,475.19,0.01,44.73,21737.27,1
2024-11-06,2024-11-06 11:03:00,475.19,475.25,475.19,475.25,0.01,44.73,21737.27,1
2024-11-06,2024-11-06 11:04:00,475.25,475.31,475.25,475.31,0.01,44.73,21737.27,1
2024-11-06,2024-11-06 11:05:00,475.31,475.37,475.31,475.37,0.01,44.73,21737.27,1
2024-11-06,2024-11-06 11:06:00,475.37,475.43,475.37,475.43,0.01,44.73,21737.27,1
2024-11-06,2024-11-06 11:07:00,475.43,475.5,475.43,475.5,0.01,44.73,21737.27,1
2024-11-06,2024-11-06 11:08:00,475.5,475.56,475.5,475.56,0.01,44.73,21737.27,1
2024-11-06,2024-11-06 11:09:00,475.56,475.62,475.56,475.62,0.01,44.73,21737.27,1
2024-11-06,2024-11-06 11:10:00,475.62,475.68,475.62,475.68,0.01,44.73,21737.27,1
2024-11-06,2024-11-06 11:11:00,475.68,475.75,475.68,475.75,0.01,44.73,21737.27,1
2024-11-06,2024-11-06 11:12:00,475.75,475.81,475.75,475.81,0.01,44.73,21737.27,1
2024-11-06,2024-11-06 11:13:00,475.81,475.87,475.81,475.87,0.01,44.73,21737.27,1
2024-11-06,2024-11-06 11:14:00,475.87,475.93,475.87,475.93,0.01,44.73,21737.27,1
2024-11-06,2024-11-06 11:15:00,475.93,475.99,475.93,475.99,0.01,44.73,21737.27,1
2024-11-06,2024-11-06 11:16:00,475.99,476.06,475.99,476.06,0.01,44.73,21737.27,1
2024-11-06,2024-11-06 11:17:00,476.06,476.12,476.06,476.12,0.01,44.73,21737.27,1
2024-11-06,2024-11-06 11:18:00,476.12,476.18,476.12,476.18,0.01,44.73,21737.27,1
2024-11-06,2024-11-06 11:19:00,476.18,476.24,476.18,476.24,0.01,44.73,21737.27,1
2024-11-06,2024-11-06 11:20:00,476.24,476.3,476.24,476.3,0.01,44.73,21737.27,1
2024-11-06,2024-11-06 11:21:00,476.3,476.37,476.3,476.37,0.01,44.73,21737.27,1
2024-11-06,2024-11-06 11:22:00,476.37,476.43,476.37,476.43,0.01,44.73,21737.27,1
2024-11-06,2024-11-06 11:23:00,476.43,476.49,476.43,476.49,0.01,44.73,21737.27,1
2024-11-06,2024-11-06 11:24:00,476.49,476.55,476.49,476.55,0.01,44.73,21737.27,1
2024-11-06,2024-11-06 11:25:00,476.55,476.61,476.55,476.61,0.01,44.73,21737.27,1
2024-11-06,2024-11-06 11:26:00,476.61,476.68,476.61,476.68,0.01,44.73,21737.27,1
2024-11-06,2024-11-06 11:27:00,476.68,476.74,476.68,476.74,0.01,44.73,21737.27,1
2024-11-06,2024-11-06 11:28:00,476.74,476.8,476.74,476.8,0.01,44.73,21737.27,1
2024-11-06,2024-11-06 11:29:00,476.8,476.86,476.8,476.86,0.01,44.73,21737.27,1
2024-11-06,2024-11-06 11:30:00,476.86,476.92,476.86,476.92,0.01,44.73,21737.27,1
2024-11-06,2024-11-06 11:31:00,476.92,476.99,476.92,476.99,0.01,44.73,21737.27,1
2024-11-06,2024-11-06 11:32:00,476.99,477.05,476.99,477.05,0.01,44.73,21737.27,1
2024-11-06,2024-11-06 11:33:00,477.05,477.11,477.05,477.11,0.01,44.73,21737.27,1
2024-11-06,2024-11-06 11:34:00,477.11,477.17,477.11,477.17,0.01,44.73,21737.27,1
2024-11-06,2024-11-06 11:35:00,477.17,477.24,477.17,477.24,0.01,44.73,21737.27,1
2024-11-06,2024-11-06 11:36:00,477.24,477.3,477.24,477.3,0.01,44.73,21737.27,1
2024-11-06,2024-11-06 11:37:00,477.3,477.36,477.3,477.36,0.01,44.73,21737.27,1
2024-11-06,2024-11-06 11:38:00,477.36,477.42,477.36,477.42,0.01,44.73,21737.27,1
2024-11-06,2024-11-06 11:39:00,477.42,477.48,477.42,477.48,0.01,44.73,21737.27,1
2024-11-06,2024-11-06 11:40:00,477.48,477.55,477.48,477.55,0.01,44.73,21737.27,1
2024-11-06,2024-11-06 11:41:00,477.55,477.61,477.55,477.61,0.01,44.73,21737.27,1
2024-11-06,2024-11-06 11:42:00,477.61,477.67,477.61,477.67,0.01,44.73,21737.27,1
2024-11-06,2024-11-06 11:43:00,477.67,477.73,477.67,477.73,0.01,44.73,21737.27,1
2024-11-06,2024-11-06 11:44:00,477.73,477.79,477.73,477.79,0.01,44.73,21737.27,1
2024-11-06,2024-11-06 11:45:00,477.79,477.86,477.79,477.86,0.01,44.73,21737.27,1
2024-11-06,2024-11-06 11:46:00,477.86,477.92,477.86,477.92,0.01,44.73,21737.27,1
2024-11-06,2024-11-06 11:47:00,477.92,477.98,477.92,477.98,0.01,44.73,21737.27,1
2024-11-06,2024-11-06 11:48:00,477.98,478.04,477.98,478.04,0.01,44.73,21737.27,1
2024-11-06,2024-11-06 11:49:00,478.04,478.1,478.04,478.1,0.01,44.73,21737.27,1
2024-11-06,2024-11-06 11:50:00,478.1,478.17,478.1,478.17,0.01,44.73,21737.27,1
2024-11-06,2024-11-06 11:51:00,478.17,478.23,478.17,478.23,0.01,44.73,21737.27,1
2024-11-06,2024-11-06 11:52:00,478.23,478.29,478.23,478.29,0.01,44.73,21737.27,1
2024-11-06,2024-11-06 11:53:00,478.29,478.35,478.29,478.35,0.01,44.73,21737.27,1
2024-11-06,2024-11-06 11:54:00,478.35,478.41,478.35,478.41,0.01,44.73,21737.27,1
2024-11-06,2024-11-06 11:55:00,478.41,478.48,478.41,478.48,0.01,44.73,21737.27,1
2024-11-06,2024-11-06 11:56:00,478.48,478.54,478.48,478.54,0.01,44.73,21737.27,1
2024-11-06,2024-11-06 11:57:00,478.54,478.6,478.54,478.6,0.01,44.73,21737.27,1
2024-11-06,2024-11-06 11:58:00,478.6,478.66,478.6,478.66,0.01,44.73,21737.27,1
2024-11-06,2024-11-06 11:59:00,478.66,478.73,478.66,478.73,0.01,44.73,21737.27,1
2024-11-06,2024-11-06 12:00:00,478.73,478.79,478.73,478.79,0.01,44.73,21737.27,1
2024-11-06,2024-11-06 12:01:00,478.79,478.85,478.79,478.85,0.01,44.73,21737.27,1
2024-11-06,2024-11-06 12:02:00,478.85,478.91,478.85,478.91,0.01,44.73,21737.27,1
2024-11-06,2024-11-06 12:03:00,478.91,478.97,478.91,478.97,0.01,44.73,21737.27,1
2024-11-06,2024-11-06 12:04:00,478.97,479.04,478.97,479.04,0.01,44.73,21737.27,1
2024-11-06,2024-11-06 12:05:00,479.04,479.1,479.04,479.1,0.01,44.73,21737.27,1
2024-11-06,2024-11-06 12:06:00,479.1,479.16,479.1,479.16,0.01,44.73,21737.27,1
2024-11-06,2024-11-06 12:07:00,479.16,479.22,479.16,479.22,0.01,44.73,21737.27,1
2024-11-06,2024-11-06 12:08:00,479.22,479.28,479.22,479.28,0.01,44.73,21737.27,1
2024-11-06,2024-11-06 12:09:00,479.28,479.35,479.28,479.35,0.01,44.73,21737.27,1
2024-11-06,2024-11-06 12:10:00,479.35,479.41,479.35,479.41,0.01,44.73,21737.27,1
2024-11-06,2024-11-06 12:11:00,479.41,479.47,479.41,479.47,0.01,44.73,21737.27,1
2024-11-06,2024-11-06 12:12:00,479.47,479.53,479.47,479.53,0.01,44.73,21737.27,1
2024-11-06,2024-11-06 12:13:00,479.53,479.59,479.53,479.59,0.01,44.73,21737.27,1
2024-11-06,2024-11-06 12:14:00,479.59,479.66,479.59,479.66,0.01,44.73,21737.27,1
2024-11-06,2024-11-06 12:15:00,479.66,479.72,479.66,479.72,0.01,44.73,21737.27,1
2024-11-06,2024-11-06 12:16:00,479.72,479.78,479.72,479.78,0.01,44.73,21737.27,1
2024-11-06,2024-11-06 12:17:00,479.78,479.84,479.78,479.84,0.01,44.73,21737.27,1
2024-11-06,2024-11-06 12:18:00,479.84,479.9,479.84,479.9,0.01,44.73,21737.27,1
2024-11-06,2024-11-06 12:19:00,479.9,479.97,479.9,479.97,0.01,44.73,21737.27,1
2024-11-06,2024-11-06 12:20:00,479.97,480.03,479.97,480.03,0.01,44.73,21737.27,1
2024-11-06,2024-11-06 12:21:00,480.03,480.09,480.03,480.09,0.01,44.73,21737.27,1
2024-11-06,2024-11-06 12:22:00,480.09,480.15,480.09,480.15,0.01,44.73,21737.27,1
2024-11-06,2024-11-06 12:23:00,480.15,480.21,480.15,480.21,0.01,44.73,21737.27,1
2024-11-06,2024-11-06 12:24:00,480.21,480.28,480.21,480.28,0.01,44.73,21737.27,1
2024-11-06,2024-11-06 12:25:00,480.28,480.34,480.28,480.34,0.01,44.73,21737.27,1
2024-11-06,2024-11-06 12:26:00,480.34,480.4,480.34,480.4,0.01,44.73,21737.27,1
2024-11-06,2024-11-06 12:27:00,480.4,480.46,480.4,480.46,0.01,44.73,21737.27,1
2024-11-06,2024-11-06 12:28:00,480.46,480.53,480.46,480.53,0.01,44.73,21737.27,1
2024-11-06,2024-11-06 12:29:00,480.53,480.59,480.53,480.59,0.01,44.73,21737.27,1
2024-11-06,2024-11-06 12:30:00,480.59,480.65,480.59,480.65,0.01,44.73,21737.27,1
2024-11-06,2024-11-06 12:31:00,480.65,480.71,480.65,480.71,0.01,44.73,21737.27,1
2024-11-06,2024-11-06 12:32:00,480.71,480.77,480.71,480.77,0.01,44.73,21737.27,1
2024-11-06,2024-11-06 12:33:00,480.77,480.84,480.77,480.84,0.01,44.73,21737.27,1
2024-11-06,2024-11-06 12:34:00,480.84,480.9,480.84,480.9,0.01,44.73,21737.27,1
2024-11-06,2024-11-06 12:35:00,480.9,480.96,480.9,480.96,0.01,44.73,21737.27,1
2024-11-06,2024-11-06 12:36:00,480.96,481.02,480.96,481.02,0.01,44.73,21737.27,1
2024-11-06,2024-11-06 12:37:00,481.02,481.08,481.02,481.08,0.01,44.73,21737.27,1
2024-11-06,2024-11-06 12:38:00,481.08,481.15,481.08,481.15,0.01,44.73,21737.27,1
2024-11-06,2024-11-06 12:39:00,481.15,481.21,481.15,481.21,0.01,44.73,21737.27,1
2024-11-06,2024-11-06 12:40:00,481.21,481.27,481.21,481.27,0.01,44.73,21737.27,1
2024-11-06,2024-11-06 12:41:00,481.27,481.33,481.27,481.33,0.01,44.73,21737.27,1
2024-11-06,2024-11-06 12:42:00,481.33,481.39,481.33,481.39,0.01,44.73,21737.27,1
2024-11-06,2024-11-06 12:43:00,481.39,481.46,481.39,481.46,0.01,44.73,21737.27,1
2024-11-06,2024-11-06 12:44:00,481.46,481.52,481.46,481.52,0.01,44.73,21737.27,1
2024-11-06,2024-11-06 12:45:00,481.52,481.58,481.52,481.58,0.01,44.73,21737.27,1
2024-11-06,2024-11-06 12:46:00,481.58,481.64,481.58,481.64,0.01,44.73,21737.27,1
2024-11-06,2024-11-06 12:47:00,481.64,481.7,481.64,481.7,0.01,44.73,21737.27,1
2024-11-06,2024-11-06 12:48:00,481.7,481.77,481.7,481.77,0.01,44.73,21737.27,1
2024-11-06,2024-11-06 12:49:00,481.77,481.83,481.77,481.83,0.01,44.73,21737.27,1
2024-11-06,2024-11-06 12:50:00,481.83,481.89,481.83,481.89,0.01,44.73,21737.27,1
2024-11-06,2024-11-06 12:51:00,481.89,481.95,481.89,481.95,0.01,44.73,21737.27,1
2024-11-06,2024-11-06 12:52:00,481.95,482.02,481.95,482.02,0.01,44.73,21737.27,1
2024-11-06,2024-11-06 12:53:00,482.02,482.08,482.02,482.08,0.01,44.73,21737.27,1
2024-11-06,2024-11-06 12:54:00,482.08,482.14,482.08,482.14,0.01,44.73,21737.27,1
2024-11-06,2024-11-06 12:55:00,482.14,482.2,482.14,482.2,0.01,44.73,21737.27,1
2024-11-06,2024-11-06 12:56:00,482.2,482.26,482.2,482.26,0.01,44.73,21737.27,1
2024-11-06,2024-11-06 12:57:00,482.26,482.33,482.26,482.33,0.01,44.73,21737.27,1
2024-11-06,2024-11-06 12:58:00,482.33,482.39,482.33,482.39,0.01,44.73,21737.27,1
2024-11-06,2024-11-06 12:59:00,482.39,482.45,482.39,482.45,0.01,44.73,21737.27,1
2024-11-06,2024-11-06 13:00:00,482.45,493.0,474.0,482.51,0.01,44.73,21737.27,1
2024-11-06,2024-11-06 13:01:00,482.51,482.57,482.51,482.57,0.01,44.73,21737.27,1
2024-11-06,2024-11-06 13:02:00,482.57,482.64,482.57,482.64,0.01,44.73,21737.27,1
2024-11-06,2024-11-06 13:03:00,482.64,482.7,482.64,482.7,0.01,44.73,21737.27,1
2024-11-06,2024-11-06 13:04:00,482.7,482.76,482.7,482.76,0.01,44.73,21737.27,1
2024-11-06,2024-11-06 13:05:00,482.76,482.82,482.76,482.82,0.01,44.73,21737.27,1
2024-11-06,2024-11-06 13:06:00,482.82,482.88,482.82,482.88,0.01,44.73,21737.27,1
2024-11-06,2024-11-06 13:07:00,482.88,482.95,482.88,482.95,0.01,44.73,21737.27,1
2024-11-06,2024-11-06 13:08:00,482.95,483.01,482.95,483.01,0.01,44.73,21737.27,1
2024-11-06,2024-11-06 13:09:00,483.01,483.07,483.01,483.07,0.01,44.73,21737.27,1
2024-11-06,2024-11-06 13:10:00,483.07,483.13,483.07,483.13,0.01,44.73,21737.27,1
2024-11-06,2024-11-06 13:11:00,483.13,483.19,483.13,483.19,0.01,44.73,21737.27,1
2024-11-06,2024-11-06 13:12:00,483.19,483.26,483.19,483.26,0.01,44.73,21737.27,1
2024-11-06,2024-11-06 13:13:00,483.26,483.32,483.26,483.32,0.01,44.73,21737.27,1
2024-11-06,2024-11-06 13:14:00,483.32,483.38,483.32,483.38,0.01,44.73,21737.27,1
2024-11-06,2024-11-06 13:15:00,483.38,483.44,483.38,483.44,0.01,44.73,21737.27,1
2024-11-06,2024-11-06 13:16:00,483.44,483.51,483.44,483.51,0.01,44.73,21737.27,1
2024-11-06,2024-11-06 13:17:00,483.51,483.57,483.51,483.57,0.01,44.73,21737.27,1
2024-11-06,2024-11-06 13:18:00,483.57,483.63,483.57,483.63,0.01,44.73,21737.27,1
2024-11-06,2024-11-06 13:19:00,483.63,483.69,483.63,483.69,0.01,44.73,21737.27,1
2024-11-06,2024-11-06 13:20:00,483.69,483.75,483.69,483.75,0.01,44.73,21737.27,1
2024-11-06,2024-11-06 13:21:00,483.75,483.82,483.75,483.82,0.01,44.73,21737.27,1
2024-11-06,2024-11-06 13:22:00,483.82,483.88,483.82,483.88,0.01,44.73,21737.27,1
2024-11-06,2024-11-06 13:23:00,483.88,483.94,483.88,483.94,0.01,44.73,21737.27,1
2024-11-06,2024-11-06 13:24:00,483.94,484.0,483.94,484.0,0.01,44.73,21737.27,1
2024-11-06,2024-11-06 13:25:00,484.0,484.06,484.0,484.06,0.01,44.73,21737.27,1
2024-11-06,2024-11-06 13:26:00,484.06,484.13,484.06,484.13,0.01,44.73,21737.27,1
2024-11-06,2024-11-06 13:27:00,484.13,484.19,484.13,484.19,0.01,44.73,21737.27,1
2024-11-06,2024-11-06 13:28:00,484.19,484.25,484.19,484.25,0.01,44.73,21737.27,1
2024-11-06,2024-11-06 13:29:00,484.25,484.31,484.25,484.31,0.01,44.73,21737.27,1
2024-11-06,2024-11-06 13:30:00,484.31,484.37,484.31,484.37,0.01,44.73,21737.27,1
2024-11-06,2024-11-06 13:31:00,484.37,484.44,484.37,484.44,0.01,44.73,21737.27,1
2024-11-06,2024-11-06 13:32:00,484.44,484.5,484.44,484.5,0.01,44.73,21737.27,1
2024-11-06,2024-11-06 13:33:00,484.5,484.56,484.5,484.56,0.01,44.73,21737.27,1
2024-11-06,2024-11-06 13:34:00,484.56,484.62,484.56,484.62,0.01,44.73,21737.27,1
2024-11-06,2024-11-06 13:35:00,484.62,484.69,484.62,484.69,0.01,44.73,21737.27,1
2024-11-06,2024-11-06 13:36:00,484.69,484.75,484.69,484.75,0.01,44.73,21737.27,1
2024-11-06,2024-11-06 13:37:00,484.75,484.81,484.75,484.81,0.01,44.73,21737.27,1
2024-11-06,2024-11-06 13:38:00,484.81,484.87,484.81,484.87,0.01,44.73,21737.27,1
2024-11-06,2024-11-06 13:39:00,484.87,484.93,484.87,484.93,0.01,44.73,21737.27,1
2024-11-06,2024-11-06 13:40:00,484.93,485.0,484.93,485.0,0.01,44.73,21737.27,1
2024-11-06,2024-11-06 13:41:00,485.0,485.06,485.0,485.06,0.01,44.73,21737.27,1
2024-11-06,2024-11-06 13:42:00,485.06,485.12,485.06,485.12,0.01,44.73,21737.27,1
2024-11-06,2024-11-06 13:43:00,485.12,485.18,485.12,485.18,0.01,44.73,21737.27,1
2024-11-06,2024-11-06 13:44:00,485.18,485.24,485.18,485.24,0.01,44.73,21737.27,1
2024-11-06,2024-11-06 13:45:00,485.24,485.31,485.24,485.31,0.01,44.73,21737.27,1
2024-11-06,2024-11-06 13:46:00,485.31,485.37,485.31,485.37,0.01,44.73,21737.27,1
2024-11-06,2024-11-06 13:47:00,485.37,485.43,485.37,485.43,0.01,44.73,21737.27,1
2024-11-06,2024-11-06 13:48:00,485.43,485.49,485.43,485.49,0.01,44.73,21737.27,1
2024-11-06,2024-11-06 13:49:00,485.49,485.55,485.49,485.55,0.01,44.73,21737.27,1
2024-11-06,2024-11-06 13:50:00,485.55,485.62,485.55,485.62,0.01,44.73,21737.27,1
2024-11-06,2024-11-06 13:51:00,485.62,485.68,485.62,485.68,0.01,44.73,21737.27,1
2024-11-06,2024-11-06 13:52:00,485.68,485.74,485.68,485.74,0.01,44.73,21737.27,1
2024-11-06,2024-11-06 13:53:00,485.74,485.8,485.74,485.8,0.01,44.73,21737.27,1
2024-11-06,2024-11-06 13:54:00,485.8,485.86,485.8,485.86,0.01,44.73,21737.27,1
2024-11-06,2024-11-06 13:55:00,485.86,485.93,485.86,485.93,0.01,44.73,21737.27,1
2024-11-06,2024-11-06 13:56:00,485.93,485.99,485.93,485.99,0.01,44.73,21737.27,1
2024-11-06,2024-11-06 13:57:00,485.99,486.05,485.99,486.05,0.01,44.73,21737.27,1
2024-11-06,2024-11-06 13:58:00,486.05,486.11,486.05,486.11,0.01,44.73,21737.27,1
2024-11-06,2024-11-06 13:59:00,486.11,486.17,486.11,486.17,0.01,44.73,21737.27,1
2024-11-06,2024-11-06 14:00:00,486.17,486.24,486.17,486.24,0.01,44.73,21737.27,1
2024-11-06,2024-11-06 14:01:00,486.24,486.3,486.24,486.3,0.01,44.73,21737.27,1
2024-11-06,2024-11-06 14:02:00,486.3,486.36,486.3,486.36,0.01,44.73,21737.27,1
2024-11-06,2024-11-06 14:03:00,486.36,486.42,486.36,486.42,0.01,44.73,21737.27,1
2024-11-06,2024-11-06 14:04:00,486.42,486.49,486.42,486.49,0.01,44.73,21737.27,1
2024-11-06,2024-11-06 14:05:00,486.49,486.55,486.49,486.55,0.01,44.73,21737.27,1
2024-11-06,2024-11-06 14:06:00,486.55,486.61,486.55,486.61,0.01,44.73,21737.27,1
2024-11-06,2024-11-06 14:07:00,486.61,486.67,486.61,486.67,0.01,44.73,21737.27,1
2024-11-06,2024-11-06 14:08:00,486.67,486.73,486.67,486.73,0.01,44.73,21737.27,1
2024-11-06,2024-11-06 14:09:00,486.73,486.8,486.73,486.8,0.01,44.73,21737.27,1
2024-11-06,2024-11-06 14:10:00,486.8,486.86,486.8,486.86,0.01,44.73,21737.27,1
2024-11-06,2024-11-06 14:11:00,486.86,486.92,486.86,486.92,0.01,44.73,21737.27,1
2024-11-06,2024-11-06 14:12:00,486.92,486.98,486.92,486.98,0.01,44.73,21737.27,1
2024-11-06,2024-11-06 14:13:00,486.98,487.04,486.98,487.04,0.01,44.73,21737.27,1
2024-11-06,2024-11-06 14:14:00,487.04,487.11,487.04,487.11,0.01,44.73,21737.27,1
2024-11-06,2024-11-06 14:15:00,487.11,487.17,487.11,487.17,0.01,44.73,21737.27,1
2024-11-06,2024-11-06 14:16:00,487.17,487.23,487.17,487.23,0.01,44.73,21737.27,1
2024-11-06,2024-11-06 14:17:00,487.23,487.29,487.23,487.29,0.01,44.73,21737.27,1
2024-11-06,2024-11-06 14:18:00,487.29,487.35,487.29,487.35,0.01,44.73,21737.27,1
2024-11-06,2024-11-06 14:19:00,487.35,487.42,487.35,487.42,0.01,44.73,21737.27,1
2024-11-06,2024-11-06 14:20:00,487.42,487.48,487.42,487.48,0.01,44.73,21737.27,1
2024-11-06,2024-11-06 14:21:00,487.48,487.54,487.48,487.54,0.01,44.73,21737.27,1
2024-11-06,2024-11-06 14:22:00,487.54,487.6,487.54,487.6,0.01,44.73,21737.27,1
2024-11-06,2024-11-06 14:23:00,487.6,487.66,487.6,487.66,0.01,44.73,21737.27,1
2024-11-06,2024-11-06 14:24:00,487.66,487.73,487.66,487.73,0.01,44.73,21737.27,1
2024-11-06,2024-11-06 14:25:00,487.73,487.79,487.73,487.79,0.01,44.73,21737.27,1
2024-11-06,2024-11-06 14:26:00,487.79,487.85,487.79,487.85,0.01,44.73,21737.27,1
2024-11-06,2024-11-06 14:27:00,487.85,487.91,487.85,487.91,0.01,44.73,21737.27,1
2024-11-06,2024-11-06 14:28:00,487.91,487.98,487.91,487.98,0.01,44.73,21737.27,1
2024-11-06,2024-11-06 14:29:00,487.98,488.04,487.98,488.04,0.01,44.73,21737.27,1
2024-11-06,2024-11-06 14:30:00,488.04,488.1,488.04,488.1,0.01,44.73,21737.27,1
2024-11-06,2024-11-06 14:31:00,488.1,488.16,488.1,488.16,0.01,44.73,21737.27,1
2024-11-06,2024-11-06 14:32:00,488.16,488.22,488.16,488.22,0.01,44.73,21737.27,1
2024-11-06,2024-11-06 14:33:00,488.22,488.29,488.22,488.29,0.01,44.73,21737.27,1
2024-11-06,2024-11-06 14:34:00,488.29,488.35,488.29,488.35,0.01,44.73,21737.27,1
2024-11-06,2024-11-06 14:35:00,488.35,488.41,488.35,488.41,0.01,44.73,21737.27,1
2024-11-06,2024-11-06 14:36:00,488.41,488.47,488.41,488.47,0.01,44.73,21737.27,1
2024-11-06,2024-11-06 14:37:00,488.47,488.53,488.47,488.53,0.01,44.73,21737.27,1
2024-11-06,2024-11-06 14:38:00,488.53,488.6,488.53,488.6,0.01,44.73,21737.27,1
2024-11-06,2024-11-06 14:39:00,488.6,488.66,488.6,488.66,0.01,44.73,21737.27,1
2024-11-06,2024-11-06 14:40:00,488.66,488.72,488.66,488.72,0.01,44.73,21737.27,1
2024-11-06,2024-11-06 14:41:00,488.72,488.78,488.72,488.78,0.01,44.73,21737.27,1
2024-11-06,2024-11-06 14:42:00,488.78,488.84,488.78,488.84,0.01,44.73,21737.27,1
2024-11-06,2024-11-06 14:43:00,488.84,488.91,488.84,488.91,0.01,44.73,21737.27,1
2024-11-06,2024-11-06 14:44:00,488.91,488.97,488.91,488.97,0.01,44.73,21737.27,1
2024-11-06,2024-11-06 14:45:00,488.97,489.03,488.97,489.03,0.01,44.73,21737.27,1
2024-11-06,2024-11-06 14:46:00,489.03,489.09,489.03,489.09,0.01,44.73,21737.27,1
2024-11-06,2024-11-06 14:47:00,489.09,489.15,489.09,489.15,0.01,44.73,21737.27,1
2024-11-06,2024-11-06 14:48:00,489.15,489.22,489.15,489.22,0.01,44.73,21737.27,1
2024-11-06,2024-11-06 14:49:00,489.22,489.28,489.22,489.28,0.01,44.73,21737.27,1
2024-11-06,2024-11-06 14:50:00,489.28,489.34,489.28,489.34,0.01,44.73,21737.27,1
2024-11-06,2024-11-06 14:51:00,489.34,489.4,489.34,489.4,0.01,44.73,21737.27,1
2024-11-06,2024-11-06 14:52:00,489.4,489.47,489.4,489.47,0.01,44.73,21737.27,1
2024-11-06,2024-11-06 14:53:00,489.47,489.53,489.47,489.53,0.01,44.73,21737.27,1
2024-11-06,2024-11-06 14:54:00,489.53,489.59,489.53,489.59,0.01,44.73,21737.27,1
2024-11-06,2024-11-06 14:55:00,489.59,489.65,489.59,489.65,0.01,44.73,21737.27,1
2024-11-06,2024-11-06 14:56:00,489.65,489.71,489.65,489.71,0.01,44.73,21737.27,1
2024-11-06,2024-11-06 14:57:00,489.71,489.78,489.71,489.78,0.01,44.73,21737.27,1
2024-11-06,2024-11-06 14:58:00,489.78,489.84,489.78,489.84,0.01,44.73,21737.27,1
2024-11-06,2024-11-06 14:59:00,489.84,489.9,489.84,489.9,0.01,44.73,21737.27,1
2024-11-06,2024-11-06 15:00:00,489.9,493.0,474.0,489.9,0.0,44.73,21737.27,0
2024-11-10,2024-11-10 11:00:00,481.0,489.4,481.0,481.1,0.02,108.83,54361.22,1
2024-11-10,2024-11-10 11:01:00,481.1,481.2,481.1,481.2,0.02,108.83,54361.22,1
2024-11-10,2024-11-10 11:02:00,481.2,481.3,481.2,481.3,0.02,108.83,54361.22,1
2024-11-10,2024-11-10 11:03:00,481.3,481.4,481.3,481.4,0.02,108.83,54361.22,1
2024-11-10,2024-11-10 11:04:00,481.4,481.5,481.4,481.5,0.02,108.83,54361.22,1
2024-11-10,2024-11-10 11:05:00,481.5,481.6,481.5,481.6,0.02,108.83,54361.22,1
2024-11-10,2024-11-10 11:06:00,481.6,481.7,481.6,481.7,0.02,108.83,54361.22,1
2024-11-10,2024-11-10 11:07:00,481.7,481.8,481.7,481.8,0.02,108.83,54361.22,1
2024-11-10,2024-11-10 11:08:00,481.8,481.9,481.8,481.9,0.02,108.83,54361.22,1
2024-11-10,2024-11-10 11:09:00,481.9,482.0,481.9,482.0,0.02,108.83,54361.22,1
2024-11-10,2024-11-10 11:10:00,482.0,482.1,482.0,482.1,0.02,108.83,54361.22,1
2024-11-10,2024-11-10 11:11:00,482.1,482.2,482.1,482.2,0.02,108.83,54361.22,1
2024-11-10,2024-11-10 11:12:00,482.2,482.3,482.2,482.3,0.02,108.83,54361.22,1
2024-11-10,2024-11-10 11:13:00,482.3,482.4,482.3,482.4,0.02,108.83,54361.22,1
2024-11-10,2024-11-10 11:14:00,482.4,482.5,482.4,482.5,0.02,108.83,54361.22,1
2024-11-10,2024-11-10 11:15:00,482.5,482.6,482.5,482.6,0.02,108.83,54361.22,1
2024-11-10,2024-11-10 11:16:00,482.6,482.7,482.6,482.7,0.02,108.83,54361.22,1
2024-11-10,2024-11-10 11:17:00,482.7,482.8,482.7,482.8,0.02,108.83,54361.22,1
2024-11-10,2024-11-10 11:18:00,482.8,482.9,482.8,482.9,0.02,108.83,54361.22,1
2024-11-10,2024-11-10 11:19:00,482.9,483.0,482.9,483.0,0.02,108.83,54361.22,1
2024-11-10,2024-11-10 11:20:00,483.0,483.1,483.0,483.1,0.02,108.83,54361.22,1
2024-11-10,2024-11-10 11:21:00,483.1,483.2,483.1,483.2,0.02,108.83,54361.22,1
2024-11-10,2024-11-10 11:22:00,483.2,483.3,483.2,483.3,0.02,108.83,54361.22,1
2024-11-10,2024-11-10 11:23:00,483.3,483.4,483.3,483.4,0.02,108.83,54361.22,1
2024-11-10,2024-11-10 11:24:00,483.4,483.5,483.4,483.5,0.02,108.83,54361.22,1
2024-11-10,2024-11-10 11:25:00,483.5,483.6,483.5,483.6,0.02,108.83,54361.22,1
2024-11-10,2024-11-10 11:26:00,483.6,483.7,483.6,483.7,0.02,108.83,54361.22,1
2024-11-10,2024-11-10 11:27:00,483.7,483.8,483.7,483.8,0.02,108.83,54361.22,1
2024-11-10,2024-11-10 11:28:00,483.8,483.9,483.8,483.9,0.02,108.83,54361.22,1
2024-11-10,2024-11-10 11:29:00,483.9,484.0,483.9,484.0,0.02,108.83,54361.22,1
2024-11-10,2024-11-10 11:30:00,484.0,484.1,484.0,484.1,0.02,108.83,54361.22,1
2024-11-10,2024-11-10 11:31:00,484.1,484.2,484.1,484.2,0.02,108.83,54361.22,1
2024-11-10,2024-11-10 11:32:00,484.2,484.3,484.2,484.3,0.02,108.83,54361.22,1
2024-11-10,2024-11-10 11:33:00,484.3,484.4,484.3,484.4,0.02,108.83,54361.22,1
2024-11-10,2024-11-10 11:34:00,484.4,484.5,484.4,484.5,0.02,108.83,54361.22,1
2024-11-10,2024-11-10 11:35:00,484.5,484.6,484.5,484.6,0.02,108.83,54361.22,1
2024-11-10,2024-11-10 11:36:00,484.6,484.7,484.6,484.7,0.02,108.83,54361.22,1
2024-11-10,2024-11-10 11:37:00,484.7,484.8,484.7,484.8,0.02,108.83,54361.22,1
2024-11-10,2024-11-10 11:38:00,484.8,484.9,484.8,484.9,0.02,108.83,54361.22,1
2024-11-10,2024-11-10 11:39:00,484.9,485.0,484.9,485.0,0.02,108.83,54361.22,1
2024-11-10,2024-11-10 11:40:00,485.0,485.1,485.0,485.1,0.02,108.83,54361.22,1
2024-11-10,2024-11-10 11:41:00,485.1,485.2,485.1,485.2,0.02,108.83,54361.22,1
2024-11-10,2024-11-10 11:42:00,485.2,485.3,485.2,485.3,0.02,108.83,54361.22,1
2024-11-10,2024-11-10 11:43:00,485.3,485.4,485.3,485.4,0.02,108.83,54361.22,1
2024-11-10,2024-11-10 11:44:00,485.4,485.5,485.4,485.5,0.02,108.83,54361.22,1
2024-11-10,2024-11-10 11:45:00,485.5,485.6,485.5,485.6,0.02,108.83,54361.22,1
2024-11-10,2024-11-10 11:46:00,485.6,485.7,485.6,485.7,0.02,108.83,54361.22,1
2024-11-10,2024-11-10 11:47:00,485.7,485.8,485.7,485.8,0.02,108.83,54361.22,1
2024-11-10,2024-11-10 11:48:00,485.8,485.9,485.8,485.9,0.02,108.83,54361.22,1
2024-11-10,2024-11-10 11:49:00,485.9,486.0,485.9,486.0,0.02,108.83,54361.22,1
2024-11-10,2024-11-10 11:50:00,486.0,486.1,486.0,486.1,0.02,108.83,54361.22,1
2024-11-10,2024-11-10 11:51:00,486.1,486.2,486.1,486.2,0.02,108.83,54361.22,1
2024-11-10,2024-11-10 11:52:00,486.2,486.3,486.2,486.3,0.02,108.83,54361.22,1
2024-11-10,2024-11-10 11:53:00,486.3,486.4,486.3,486.4,0.02,108.83,54361.22,1
2024-11-10,2024-11-10 11:54:00,486.4,486.5,486.4,486.5,0.02,108.83,54361.22,1
2024-11-10,2024-11-10 11:55:00,486.5,486.6,486.5,486.6,0.02,108.83,54361.22,1
2024-11-10,2024-11-10 11:56:00,486.6,486.7,486.6,486.7,0.02,108.83,54361.22,1
2024-11-10,2024-11-10 11:57:00,486.7,486.8,486.7,486.8,0.02,108.83,54361.22,1
2024-11-10,2024-11-10 11:58:00,486.8,486.9,486.8,486.9,0.02,108.83,54361.22,1
2024-11-10,2024-11-10 11:59:00,486.9,487.0,486.9,487.0,0.02,108.83,54361.22,1
2024-11-10,2024-11-10 12:00:00,487.0,487.1,487.0,487.1,0.02,108.83,54361.22,1
2024-11-10,2024-11-10 12:01:00,487.1,487.2,487.1,487.2,0.02,108.83,54361.22,1
2024-11-10,2024-11-10 12:02:00,487.2,487.3,487.2,487.3,0.02,108.83,54361.22,1
2024-11-10,2024-11-10 12:03:00,487.3,487.4,487.3,487.4,0.02,108.83,54361.22,1
2024-11-10,2024-11-10 12:04:00,487.4,487.5,487.4,487.5,0.02,108.83,54361.22,1
2024-11-10,2024-11-10 12:05:00,487.5,487.6,487.5,487.6,0.02,108.83,54361.22,1
2024-11-10,2024-11-10 12:06:00,487.6,487.7,487.6,487.7,0.02,108.83,54361.22,1
2024-11-10,2024-11-10 12:07:00,487.7,487.8,487.7,487.8,0.02,108.83,54361.22,1
2024-11-10,2024-11-10 12:08:00,487.8,487.9,487.8,487.9,0.02,108.83,54361.22,1
2024-11-10,2024-11-10 12:09:00,487.9,488.0,487.9,488.0,0.02,108.83,54361.22,1
2024-11-10,2024-11-10 12:10:00,488.0,488.1,488.0,488.1,0.02,108.83,54361.22,1
2024-11-10,2024-11-10 12:11:00,488.1,488.2,488.1,488.2,0.02,108.83,54361.22,1
2024-11-10,2024-11-10 12:12:00,488.2,488.3,488.2,488.3,0.02,108.83,54361.22,1
2024-11-10,2024-11-10 12:13:00,488.3,488.4,488.3,488.4,0.02,108.83,54361.22,1
2024-11-10,2024-11-10 12:14:00,488.4,488.5,488.4,488.5,0.02,108.83,54361.22,1
2024-11-10,2024-11-10 12:15:00,488.5,488.6,488.5,488.6,0.02,108.83,54361.22,1
2024-11-10,2024-11-10 12:16:00,488.6,488.7,488.6,488.7,0.02,108.83,54361.22,1
2024-11-10,2024-11-10 12:17:00,488.7,488.8,488.7,488.8,0.02,108.83,54361.22,1
2024-11-10,2024-11-10 12:18:00,488.8,488.9,488.8,488.9,0.02,108.83,54361.22,1
2024-11-10,2024-11-10 12:19:00,488.9,489.0,488.9,489.0,0.02,108.83,54361.22,1
2024-11-10,2024-11-10 12:20:00,489.0,489.1,489.0,489.1,0.02,108.83,54361.22,1
2024-11-10,2024-11-10 12:21:00,489.1,489.2,489.1,489.2,0.02,108.83,54361.22,1
2024-11-10,2024-11-10 12:22:00,489.2,489.3,489.2,489.3,0.02,108.83,54361.22,1
2024-11-10,2024-11-10 12:23:00,489.3,489.4,489.3,489.4,0.02,108.83,54361.22,1
2024-11-10,2024-11-10 12:24:00,489.4,489.5,489.4,489.5,0.02,108.83,54361.22,1
2024-11-10,2024-11-10 12:25:00,489.5,489.6,489.5,489.6,0.02,108.83,54361.22,1
2024-11-10,2024-11-10 12:26:00,489.6,489.7,489.6,489.7,0.02,108.83,54361.22,1
2024-11-10,2024-11-10 12:27:00,489.7,489.8,489.7,489.8,0.02,108.83,54361.22,1
2024-11-10,2024-11-10 12:28:00,489.8,489.9,489.8,489.9,0.02,108.83,54361.22,1
2024-11-10,2024-11-10 12:29:00,489.9,490.0,489.9,490.0,0.02,108.83,54361.22,1
2024-11-10,2024-11-10 12:30:00,490.0,490.1,490.0,490.1,0.02,108.83,54361.22,1
2024-11-10,2024-11-10 12:31:00,490.1,490.2,490.1,490.2,0.02,108.83,54361.22,1
2024-11-10,2024-11-10 12:32:00,490.2,490.3,490.2,490.3,0.02,108.83,54361.22,1
2024-11-10,2024-11-10 12:33:00,490.3,490.4,490.3,490.4,0.02,108.83,54361.22,1
2024-11-10,2024-11-10 12:34:00,490.4,490.5,490.4,490.5,0.02,108.83,54361.22,1
2024-11-10,2024-11-10 12:35:00,490.5,490.6,490.5,490.6,0.02,108.83,54361.22,1
2024-11-10,2024-11-10 12:36:00,490.6,490.7,490.6,490.7,0.02,108.83,54361.22,1
2024-11-10,2024-11-10 12:37:00,490.7,490.8,490.7,490.8,0.02,108.83,54361.22,1
2024-11-10,2024-11-10 12:38:00,490.8,490.9,490.8,490.9,0.02,108.83,54361.22,1
2024-11-10,2024-11-10 12:39:00,490.9,491.0,490.9,491.0,0.02,108.83,54361.22,1
2024-11-10,2024-11-10 12:40:00,491.0,491.1,491.0,491.1,0.02,108.83,54361.22,1
2024-11-10,2024-11-10 12:41:00,491.1,491.2,491.1,491.2,0.02,108.83,54361.22,1
2024-11-10,2024-11-10 12:42:00,491.2,491.3,491.2,491.3,0.02,108.83,54361.22,1
2024-11-10,2024-11-10 12:43:00,491.3,491.4,491.3,491.4,0.02,108.83,54361.22,1
2024-11-10,2024-11-10 12:44:00,491.4,491.5,491.4,491.5,0.02,108.83,54361.22,1
2024-11-10,2024-11-10 12:45:00,491.5,491.6,491.5,491.6,0.02,108.83,54361.22,1
2024-11-10,2024-11-10 12:46:00,491.6,491.7,491.6,491.7,0.02,108.83,54361.22,1
2024-11-10,2024-11-10 12:47:00,491.7,491.8,491.7,491.8,0.02,108.83,54361.22,1
2024-11-10,2024-11-10 12:48:00,491.8,491.9,491.8,491.9,0.02,108.83,54361.22,1
2024-11-10,2024-11-10 12:49:00,491.9,492.0,491.9,492.0,0.02,108.83,54361.22,1
2024-11-10,2024-11-10 12:50:00,492.0,492.1,492.0,492.1,0.02,108.83,54361.22,1
2024-11-10,2024-11-10 12:51:00,492.1,492.2,492.1,492.2,0.02,108.83,54361.22,1
2024-11-10,2024-11-10 12:52:00,492.2,492.3,492.2,492.3,0.02,108.83,54361.22,1
2024-11-10,2024-11-10 12:53:00,492.3,492.4,492.3,492.4,0.02,108.83,54361.22,1
2024-11-10,2024-11-10 12:54:00,492.4,492.5,492.4,492.5,0.02,108.83,54361.22,1
2024-11-10,2024-11-10 12:55:00,492.5,492.6,492.5,492.6,0.02,108.83,54361.22,1
2024-11-10,2024-11-10 12:56:00,492.6,492.7,492.6,492.7,0.02,108.83,54361.22,1
2024-11-10,2024-11-10 12:57:00,492.7,492.8,492.7,492.8,0.02,108.83,54361.22,1
2024-11-10,2024-11-10 12:58:00,492.8,492.9,492.8,492.9,0.02,108.83,54361.22,1
2024-11-10,2024-11-10 12:59:00,492.9,493.0,492.9,493.0,0.02,108.83,54361.22,1
2024-11-10,2024-11-10 13:00:00,493.0,509.0,481.0,493.1,0.02,108.83,54361.22,1
2024-11-10,2024-11-10 13:01:00,493.1,493.2,493.1,493.2,0.02,108.83,54361.22,1
2024-11-10,2024-11-10 13:02:00,493.2,493.3,493.2,493.3,0.02,108.83,54361.22,1
2024-11-10,2024-11-10 13:03:00,493.3,493.4,493.3,493.4,0.02,108.83,54361.22,1
2024-11-10,2024-11-10 13:04:00,493.4,493.5,493.4,493.5,0.02,108.83,54361.22,1
2024-11-10,2024-11-10 13:05:00,493.5,493.6,493.5,493.6,0.02,108.83,54361.22,1
2024-11-10,2024-11-10 13:06:00,493.6,493.7,493.6,493.7,0.02,108.83,54361.22,1
2024-11-10,2024-11-10 13:07:00,493.7,493.8,493.7,493.8,0.02,108.83,54361.22,1
2024-11-10,2024-11-10 13:08:00,493.8,493.9,493.8,493.9,0.02,108.83,54361.22,1
2024-11-10,2024-11-10 13:09:00,493.9,494.0,493.9,494.0,0.02,108.83,54361.22,1
2024-11-10,2024-11-10 13:10:00,494.0,494.1,494.0,494.1,0.02,108.83,54361.22,1
2024-11-10,2024-11-10 13:11:00,494.1,494.2,494.1,494.2,0.02,108.83,54361.22,1
2024-11-10,2024-11-10 13:12:00,494.2,494.3,494.2,494.3,0.02,108.83,54361.22,1
2024-11-10,2024-11-10 13:13:00,494.3,494.4,494.3,494.4,0.02,108.83,54361.22,1
2024-11-10,2024-11-10 13:14:00,494.4,494.5,494.4,494.5,0.02,108.83,54361.22,1
2024-11-10,2024-11-10 13:15:00,494.5,494.6,494.5,494.6,0.02,108.83,54361.22,1
2024-11-10,2024-11-10 13:16:00,494.6,494.7,494.6,494.7,0.02,108.83,54361.22,1
2024-11-10,2024-11-10 13:17:00,494.7,494.8,494.7,494.8,0.02,108.83,54361.22,1
2024-11-10,2024-11-10 13:18:00,494.8,494.9,494.8,494.9,0.02,108.83,54361.22,1
2024-11-10,2024-11-10 13:19:00,494.9,495.0,494.9,495.0,0.02,108.83,54361.22,1
2024-11-10,2024-11-10 13:20:00,495.0,495.1,495.0,495.1,0.02,108.83,54361.22,1
2024-11-10,2024-11-10 13:21:00,495.1,495.2,495.1,495.2,0.02,108.83,54361.22,1
2024-11-10,2024-11-10 13:22:00,495.2,495.3,495.2,495.3,0.02,108.83,54361.22,1
2024-11-10,2024-11-10 13:23:00,495.3,495.4,495.3,495.4,0.02,108.83,54361.22,1
2024-11-10,2024-11-10 13:24:00,495.4,495.5,495.4,495.5,0.02,108.83,54361.22,1
2024-11-10,2024-11-10 13:25:00,495.5,495.6,495.5,495.6,0.02,108.83,54361.22,1
2024-11-10,2024-11-10 13:26:00,495.6,495.7,495.6,495.7,0.02,108.83,54361.22,1
2024-11-10,2024-11-10 13:27:00,495.7,495.8,495.7,495.8,0.02,108.83,54361.22,1
2024-11-10,2024-11-10 13:28:00,495.8,495.9,495.8,495.9,0.02,108.83,54361.22,1
2024-11-10,2024-11-10 13:29:00,495.9,496.0,495.9,496.0,0.02,108.83,54361.22,1
2024-11-10,2024-11-10 13:30:00,496.0,496.1,496.0,496.1,0.02,108.83,54361.22,1
2024-11-10,2024-11-10 13:31:00,496.1,496.2,496.1,496.2,0.02,108.83,54361.22,1
2024-11-10,2024-11-10 13:32:00,496.2,496.3,496.2,496.3,0.02,108.83,54361.22,1
2024-11-10,2024-11-10 13:33:00,496.3,496.4,496.3,496.4,0.02,108.83,54361.22,1
2024-11-10,2024-11-10 13:34:00,496.4,496.5,496.4,496.5,0.02,108.83,54361.22,1
2024-11-10,2024-11-10 13:35:00,496.5,496.6,496.5,496.6,0.02,108.83,54361.22,1
2024-11-10,2024-11-10 13:36:00,496.6,496.7,496.6,496.7,0.02,108.83,54361.22,1
2024-11-10,2024-11-10 13:37:00,496.7,496.8,496.7,496.8,0.02,108.83,54361.22,1
2024-11-10,2024-11-10 13:38:00,496.8,496.9,496.8,496.9,0.02,108.83,54361.22,1
2024-11-10,2024-11-10 13:39:00,496.9,497.0,496.9,497.0,0.02,108.83,54361.22,1
2024-11-10,2024-11-10 13:40:00,497.0,497.1,497.0,497.1,0.02,108.83,54361.22,1
2024-11-10,2024-11-10 13:41:00,497.1,497.2,497.1,497.2,0.02,108.83,54361.22,1
2024-11-10,2024-11-10 13:42:00,497.2,497.3,497.2,497.3,0.02,108.83,54361.22,1
2024-11-10,2024-11-10 13:43:00,497.3,497.4,497.3,497.4,0.02,108.83,54361.22,1
2024-11-10,2024-11-10 13:44:00,497.4,497.5,497.4,497.5,0.02,108.83,54361.22,1
2024-11-10,2024-11-10 13:45:00,497.5,497.6,497.5,497.6,0.02,108.83,54361.22,1
2024-11-10,2024-11-10 13:46:00,497.6,497.7,497.6,497.7,0.02,108.83,54361.22,1
2024-11-10,2024-11-10 13:47:00,497.7,497.8,497.7,497.8,0.02,108.83,54361.22,1
2024-11-10,2024-11-10 13:48:00,497.8,497.9,497.8,497.9,0.02,108.83,54361.22,1
2024-11-10,2024-11-10 13:49:00,497.9,498.0,497.9,498.0,0.02,108.83,54361.22,1
2024-11-10,2024-11-10 13:50:00,498.0,498.1,498.0,498.1,0.02,108.83,54361.22,1
2024-11-10,2024-11-10 13:51:00,498.1,498.2,498.1,498.2,0.02,108.83,54361.22,1
2024-11-10,2024-11-10 13:52:00,498.2,498.3,498.2,498.3,0.02,108.83,54361.22,1
2024-11-10,2024-11-10 13:53:00,498.3,498.4,498.3,498.4,0.02,108.83,54361.22,1
2024-11-10,2024-11-10 13:54:00,498.4,498.5,498.4,498.5,0.02,108.83,54361.22,1
2024-11-10,2024-11-10 13:55:00,498.5,498.6,498.5,498.6,0.02,108.83,54361.22,1
2024-11-10,2024-11-10 13:56:00,498.6,498.7,498.6,498.7,0.02,108.83,54361.22,1
2024-11-10,2024-11-10 13:57:00,498.7,498.8,498.7,498.8,0.02,108.83,54361.22,1
2024-11-10,2024-11-10 13:58:00,498.8,498.9,498.8,498.9,0.02,108.83,54361.22,1
2024-11-10,2024-11-10 13:59:00,498.9,499.0,498.9,499.0,0.02,108.83,54361.22,1
2024-11-10,2024-11-10 14:00:00,499.0,499.1,499.0,499.1,0.02,108.83,54361.22,1
2024-11-10,2024-11-10 14:01:00,499.1,499.2,499.1,499.2,0.02,108.83,54361.22,1
2024-11-10,2024-11-10 14:02:00,499.2,499.3,499.2,499.3,0.02,108.83,54361.22,1
2024-11-10,2024-11-10 14:03:00,499.3,499.4,499.3,499.4,0.02,108.83,54361.22,1
2024-11-10,2024-11-10 14:04:00,499.4,499.5,499.4,499.5,0.02,108.83,54361.22,1
2024-11-10,2024-11-10 14:05:00,499.5,499.6,499.5,499.6,0.02,108.83,54361.22,1
2024-11-10,2024-11-10 14:06:00,499.6,499.7,499.6,499.7,0.02,108.83,54361.22,1
2024-11-10,2024-11-10 14:07:00,499.7,499.8,499.7,499.8,0.02,108.83,54361.22,1
2024-11-10,2024-11-10 14:08:00,499.8,499.9,499.8,499.9,0.02,108.83,54361.22,1
2024-11-10,2024-11-10 14:09:00,499.9,500.0,499.9,500.0,0.02,108.83,54361.22,1
2024-11-10,2024-11-10 14:10:00,500.0,500.1,500.0,500.1,0.02,108.83,54361.22,1
2024-11-10,2024-11-10 14:11:00,500.1,500.2,500.1,500.2,0.02,108.83,54361.22,1
2024-11-10,2024-11-10 14:12:00,500.2,500.3,500.2,500.3,0.02,108.83,54361.22,1
2024-11-10,2024-11-10 14:13:00,500.3,500.4,500.3,500.4,0.02,108.83,54361.22,1
2024-11-10,2024-11-10 14:14:00,500.4,500.5,500.4,500.5,0.02,108.83,54361.22,1
2024-11-10,2024-11-10 14:15:00,500.5,500.6,500.5,500.6,0.02,108.83,54361.22,1
2024-11-10,2024-11-10 14:16:00,500.6,500.7,500.6,500.7,0.02,108.83,54361.22,1
2024-11-10,2024-11-10 14:17:00,500.7,500.8,500.7,500.8,0.02,108.83,54361.22,1
2024-11-10,2024-11-10 14:18:00,500.8,500.9,500.8,500.9,0.02,108.83,54361.22,1
2024-11-10,2024-11-10 14:19:00,500.9,501.0,500.9,501.0,0.02,108.83,54361.22,1
2024-11-10,2024-11-10 14:20:00,501.0,501.1,501.0,501.1,0.02,108.83,54361.22,1
2024-11-10,2024-11-10 14:21:00,501.1,501.2,501.1,501.2,0.02,108.83,54361.22,1
2024-11-10,2024-11-10 14:22:00,501.2,501.3,501.2,501.3,0.02,108.83,54361.22,1
2024-11-10,2024-11-10 14:23:00,501.3,501.4,501.3,501.4,0.02,108.83,54361.22,1
2024-11-10,2024-11-10 14:24:00,501.4,501.5,501.4,501.5,0.02,108.83,54361.22,1
2024-11-10,2024-11-10 14:25:00,501.5,501.6,501.5,501.6,0.02,108.83,54361.22,1
2024-11-10,2024-11-10 14:26:00,501.6,501.7,501.6,501.7,0.02,108.83,54361.22,1
2024-11-10,2024-11-10 14:27:00,501.7,501.8,501.7,501.8,0.02,108.83,54361.22,1
2024-11-10,2024-11-10 14:28:00,501.8,501.9,501.8,501.9,0.02,108.83,54361.22,1
2024-11-10,2024-11-10 14:29:00,501.9,502.0,501.9,502.0,0.02,108.83,54361.22,1
2024-11-10,2024-11-10 14:30:00,502.0,502.1,502.0,502.1,0.02,108.83,54361.22,1
2024-11-10,2024-11-10 14:31:00,502.1,502.2,502.1,502.2,0.02,108.83,54361.22,1
2024-11-10,2024-11-10 14:32:00,502.2,502.3,502.2,502.3,0.02,108.83,54361.22,1
2024-11-10,2024-11-10 14:33:00,502.3,502.4,502.3,502.4,0.02,108.83,54361.22,1
2024-11-10,2024-11-10 14:34:00,502.4,502.5,502.4,502.5,0.02,108.83,54361.22,1
2024-11-10,2024-11-10 14:35:00,502.5,502.6,502.5,502.6,0.02,108.83,54361.22,1
2024-11-10,2024-11-10 14:36:00,502.6,502.7,502.6,502.7,0.02,108.83,54361.22,1
2024-11-10,2024-11-10 14:37:00,502.7,502.8,502.7,502.8,0.02,108.83,54361.22,1
2024-11-10,2024-11-10 14:38:00,502.8,502.9,502.8,502.9,0.02,108.83,54361.22,1
2024-11-10,2024-11-10 14:39:00,502.9,503.0,502.9,503.0,0.02,108.83,54361.22,1
2024-11-10,2024-11-10 14:40:00,503.0,503.1,503.0,503.1,0.02,108.83,54361.22,1
2024-11-10,2024-11-10 14:41:00,503.1,503.2,503.1,503.2,0.02,108.83,54361.22,1
2024-11-10,2024-11-10 14:42:00,503.2,503.3,503.2,503.3,0.02,108.83,54361.22,1
2024-11-10,2024-11-10 14:43:00,503.3,503.4,503.3,503.4,0.02,108.83,54361.22,1
2024-11-10,2024-11-10 14:44:00,503.4,503.5,503.4,503.5,0.02,108.83,54361.22,1
2024-11-10,2024-11-10 14:45:00,503.5,503.6,503.5,503.6,0.02,108.83,54361.22,1
2024-11-10,2024-11-10 14:46:00,503.6,503.7,503.6,503.7,0.02,108.83,54361.22,1
2024-11-10,2024-11-10 14:47:00,503.7,503.8,503.7,503.8,0.02,108.83,54361.22,1
2024-11-10,2024-11-10 14:48:00,503.8,503.9,503.8,503.9,0.02,108.83,54361.22,1
2024-11-10,2024-11-10 14:49:00,503.9,504.0,503.9,504.0,0.02,108.83,54361.22,1
2024-11-10,2024-11-10 14:50:00,504.0,504.1,504.0,504.1,0.02,108.83,54361.22,1
2024-11-10,2024-11-10 14:51:00,504.1,504.2,504.1,504.2,0.02,108.83,54361.22,1
2024-11-10,2024-11-10 14:52:00,504.2,504.3,504.2,504.3,0.02,108.83,54361.22,1
2024-11-10,2024-11-10 14:53:00,504.3,504.4,504.3,504.4,0.02,108.83,54361.22,1
2024-11-10,2024-11-10 14:54:00,504.4,504.5,504.4,504.5,0.02,108.83,54361.22,1
2024-11-10,2024-11-10 14:55:00,504.5,504.6,504.5,504.6,0.02,108.83,54361.22,1
2024-11-10,2024-11-10 14:56:00,504.6,504.7,504.6,504.7,0.02,108.83,54361.22,1
2024-11-10,2024-11-10 14:57:00,504.7,504.8,504.7,504.8,0.02,108.83,54361.22,1
2024-11-10,2024-11-10 14:58:00,504.8,504.9,504.8,504.9,0.02,108.83,54361.22,1
2024-11-10,2024-11-10 14:59:00,504.9,505.0,504.9,505.0,0.02,108.83,54361.22,1
2024-11-10,2024-11-10 15:00:00,505.0,509.0,481.0,505.0,0.0,108.83,54361.22,0
2024-11-11,2024-11-11 11:00:00,495.0,502.2,495.0,495.08,0.02,158.27,80624.8,1
2024-11-11,2024-11-11 11:01:00,495.08,495.16,495.08,495.16,0.02,158.27,80624.8,1
2024-11-11,2024-11-11 11:02:00,495.16,495.24,495.16,495.24,0.02,158.27,80624.8,1
2024-11-11,2024-11-11 11:03:00,495.24,495.32,495.24,495.32,0.02,158.27,80624.8,1
2024-11-11,2024-11-11 11:04:00,495.32,495.4,495.32,495.4,0.02,158.27,80624.8,1
2024-11-11,2024-11-11 11:05:00,495.4,495.49,495.4,495.49,0.02,158.27,80624.8,1
2024-11-11,2024-11-11 11:06:00,495.49,495.57,495.49,495.57,0.02,158.27,80624.8,1
2024-11-11,2024-11-11 11:07:00,495.57,495.65,495.57,495.65,0.02,158.27,80624.8,1
2024-11-11,2024-11-11 11:08:00,495.65,495.73,495.65,495.73,0.02,158.27,80624.8,1
2024-11-11,2024-11-11 11:09:00,495.73,495.81,495.73,495.81,0.02,158.27,80624.8,1
2024-11-11,2024-11-11 11:10:00,495.81,495.89,495.81,495.89,0.02,158.27,80624.8,1
2024-11-11,2024-11-11 11:11:00,495.89,495.97,495.89,495.97,0.02,158.27,80624.8,1
2024-11-11,2024-11-11 11:12:00,495.97,496.05,495.97,496.05,0.02,158.27,80624.8,1
2024-11-11,2024-11-11 11:13:00,496.05,496.13,496.05,496.13,0.02,158.27,80624.8,1
2024-11-11,2024-11-11 11:14:00,496.13,496.21,496.13,496.21,0.02,158.27,80624.8,1
2024-11-11,2024-11-11 11:15:00,496.21,496.29,496.21,496.29,0.02,158.27,80624.8,1
2024-11-11,2024-11-11 11:16:00,496.29,496.37,496.29,496.37,0.02,158.27,80624.8,1
2024-11-11,2024-11-11 11:17:00,496.37,496.45,496.37,496.45,0.02,158.27,80624.8,1
2024-11-11,2024-11-11 11:18:00,496.45,496.54,496.45,496.54,0.02,158.27,80624.8,1
2024-11-11,2024-11-11 11:19:00,496.54,496.62,496.54,496.62,0.02,158.27,80624.8,1
2024-11-11,2024-11-11 11:20:00,496.62,496.7,496.62,496.7,0.02,158.27,80624.8,1
2024-11-11,2024-11-11 11:21:00,496.7,496.78,496.7,496.78,0.02,158.27,80624.8,1
2024-11-11,2024-11-11 11:22:00,496.78,496.86,496.78,496.86,0.02,158.27,80624.8,1
2024-11-11,2024-11-11 11:23:00,496.86,496.94,496.86,496.94,0.02,158.27,80624.8,1
2024-11-11,2024-11-11 11:24:00,496.94,497.02,496.94,497.02,0.02,158.27,80624.8,1
2024-11-11,2024-11-11 11:25:00,497.02,497.1,497.02,497.1,0.02,158.27,80624.8,1
2024-11-11,2024-11-11 11:26:00,497.1,497.18,497.1,497.18,0.02,158.27,80624.8,1
2024-11-11,2024-11-11 11:27:00,497.18,497.26,497.18,497.26,0.02,158.27,80624.8,1
2024-11-11,2024-11-11 11:28:00,497.26,497.34,497.26,497.34,0.02,158.27,80624.8,1
2024-11-11,2024-11-11 11:29:00,497.34,497.43,497.34,497.43,0.02,158.27,80624.8,1
2024-11-11,2024-11-11 11:30:00,497.43,497.51,497.43,497.51,0.02,158.27,80624.8,1
2024-11-11,2024-11-11 11:31:00,497.51,497.59,497.51,497.59,0.02,158.27,80624.8,1
2024-11-11,2024-11-11 11:32:00,497.59,497.67,497.59,497.67,0.02,158.27,80624.8,1
2024-11-11,2024-11-11 11:33:00,497.67,497.75,497.67,497.75,0.02,158.27,80624.8,1
2024-11-11,2024-11-11 11:34:00,497.75,497.83,497.75,497.83,0.02,158.27,80624.8,1
2024-11-11,2024-11-11 11:35:00,497.83,497.91,497.83,497.91,0.02,158.27,80624.8,1
2024-11-11,2024-11-11 11:36:00,497.91,497.99,497.91,497.99,0.02,158.27,80624.8,1
2024-11-11,2024-11-11 11:37:00,497.99,498.07,497.99,498.07,0.02,158.27,80624.8,1
2024-11-11,2024-11-11 11:38:00,498.07,498.15,498.07,498.15,0.02,158.27,80624.8,1
2024-11-11,2024-11-11 11:39:00,498.15,498.23,498.15,498.23,0.02,158.27,80624.8,1
2024-11-11,2024-11-11 11:40:00,498.23,498.31,498.23,498.31,0.02,158.27,80624.8,1
2024-11-11,2024-11-11 11:41:00,498.31,498.39,498.31,498.39,0.02,158.27,80624.8,1
2024-11-11,2024-11-11 11:42:00,498.39,498.48,498.39,498.48,0.02,158.27,80624.8,1
2024-11-11,2024-11-11 11:43:00,498.48,498.56,498.48,498.56,0.02,158.27,80624.8,1
2024-11-11,2024-11-11 11:44:00,498.56,498.64,498.56,498.64,0.02,158.27,80624.8,1
2024-11-11,2024-11-11 11:45:00,498.64,498.72,498.64,498.72,0.02,158.27,80624.8,1
2024-11-11,2024-11-11 11:46:00,498.72,498.8,498.72,498.8,0.02,158.27,80624.8,1
2024-11-11,2024-11-11 11:47:00,498.8,498.88,498.8,498.88,0.02,158.27,80624.8,1
2024-11-11,2024-11-11 11:48:00,498.88,498.96,498.88,498.96,0.02,158.27,80624.8,1
2024-11-11,2024-11-11 11:49:00,498.96,499.04,498.96,499.04,0.02,158.27,80624.8,1
2024-11-11,2024-11-11 11:50:00,499.04,499.12,499.04,499.12,0.02,158.27,80624.8,1
2024-11-11,2024-11-11 11:51:00,499.12,499.2,499.12,499.2,0.02,158.27,80624.8,1
2024-11-11,2024-11-11 11:52:00,499.2,499.28,499.2,499.28,0.02,158.27,80624.8,1
2024-11-11,2024-11-11 11:53:00,499.28,499.37,499.28,499.37,0.02,158.27,80624.8,1
2024-11-11,2024-11-11 11:54:00,499.37,499.45,499.37,499.45,0.02,158.27,80624.8,1
2024-11-11,2024-11-11 11:55:00,499.45,499.53,499.45,499.53,0.02,158.27,80624.8,1
2024-11-11,2024-11-11 11:56:00,499.53,499.61,499.53,499.61,0.02,158.27,80624.8,1
2024-11-11,2024-11-11 11:57:00,499.61,499.69,499.61,499.69,0.02,158.27,80624.8,1
2024-11-11,2024-11-11 11:58:00,499.69,499.77,499.69,499.77,0.02,158.27,80624.8,1
2024-11-11,2024-11-11 11:59:00,499.77,499.85,499.77,499.85,0.02,158.27,80624.8,1
2024-11-11,2024-11-11 12:00:00,499.85,499.93,499.85,499.93,0.02,158.27,80624.8,1
2024-11-11,2024-11-11 12:01:00,499.93,500.01,499.93,500.01,0.02,158.27,80624.8,1
2024-11-11,2024-11-11 12:02:00,500.01,500.09,500.01,500.09,0.02,158.27,80624.8,1
2024-11-11,2024-11-11 12:03:00,500.09,500.17,500.09,500.17,0.02,158.27,80624.8,1
2024-11-11,2024-11-11 12:04:00,500.17,500.25,500.17,500.25,0.02,158.27,80624.8,1
2024-11-11,2024-11-11 12:05:00,500.25,500.33,500.25,500.33,0.02,158.27,80624.8,1
2024-11-11,2024-11-11 12:06:00,500.33,500.42,500.33,500.42,0.02,158.27,80624.8,1
2024-11-11,2024-11-11 12:07:00,500.42,500.5,500.42,500.5,0.02,158.27,80624.8,1
2024-11-11,2024-11-11 12:08:00,500.5,500.58,500.5,500.58,0.02,158.27,80624.8,1
2024-11-11,2024-11-11 12:09:00,500.58,500.66,500.58,500.66,0.02,158.27,80624.8,1
2024-11-11,2024-11-11 12:10:00,500.66,500.74,500.66,500.74,0.02,158.27,80624.8,1
2024-11-11,2024-11-11 12:11:00,500.74,500.82,500.74,500.82,0.02,158.27,80624.8,1
2024-11-11,2024-11-11 12:12:00,500.82,500.9,500.82,500.9,0.02,158.27,80624.8,1
2024-11-11,2024-11-11 12:13:00,500.9,500.98,500.9,500.98,0.02,158.27,80624.8,1
2024-11-11,2024-11-11 12:14:00,500.98,501.06,500.98,501.06,0.02,158.27,80624.8,1
2024-11-11,2024-11-11 12:15:00,501.06,501.14,501.06,501.14,0.02,158.27,80624.8,1
2024-11-11,2024-11-11 12:16:00,501.14,501.22,501.14,501.22,0.02,158.27,80624.8,1
2024-11-11,2024-11-11 12:17:00,501.22,501.31,501.22,501.31,0.02,158.27,80624.8,1
2024-11-11,2024-11-11 12:18:00,501.31,501.39,501.31,501.39,0.02,158.27,80624.8,1
2024-11-11,2024-11-11 12:19:00,501.39,501.47,501.39,501.47,0.02,158.27,80624.8,1
2024-11-11,2024-11-11 12:20:00,501.47,501.55,501.47,501.55,0.02,158.27,80624.8,1
2024-11-11,2024-11-11 12:21:00,501.55,501.63,501.55,501.63,0.02,158.27,80624.8,1
2024-11-11,2024-11-11 12:22:00,501.63,501.71,501.63,501.71,0.02,158.27,80624.8,1
2024-11-11,2024-11-11 12:23:00,501.71,501.79,501.71,501.79,0.02,158.27,80624.8,1
2024-11-11,2024-11-11 12:24:00,501.79,501.87,501.79,501.87,0.02,158.27,80624.8,1
2024-11-11,2024-11-11 12:25:00,501.87,501.95,501.87,501.95,0.02,158.27,80624.8,1
2024-11-11,2024-11-11 12:26:00,501.95,502.03,501.95,502.03,0.02,158.27,80624.8,1
2024-11-11,2024-11-11 12:27:00,502.03,502.11,502.03,502.11,0.02,158.27,80624.8,1
2024-11-11,2024-11-11 12:28:00,502.11,502.19,502.11,502.19,0.02,158.27,80624.8,1
2024-11-11,2024-11-11 12:29:00,502.19,502.27,502.19,502.27,0.02,158.27,80624.8,1
2024-11-11,2024-11-11 12:30:00,502.27,502.36,502.27,502.36,0.02,158.27,80624.8,1
2024-11-11,2024-11-11 12:31:00,502.36,502.44,502.36,502.44,0.02,158.27,80624.8,1
2024-11-11,2024-11-11 12:32:00,502.44,502.52,502.44,502.52,0.02,158.27,80624.8,1
2024-11-11,2024-11-11 12:33:00,502.52,502.6,502.52,502.6,0.02,158.27,80624.8,1
2024-11-11,2024-11-11 12:34:00,502.6,502.68,502.6,502.68,0.02,158.27,80624.8,1
2024-11-11,2024-11-11 12:35:00,502.68,502.76,502.68,502.76,0.02,158.27,80624.8,1
2024-11-11,2024-11-11 12:36:00,502.76,502.84,502.76,502.84,0.02,158.27,80624.8,1
2024-11-11,2024-11-11 12:37:00,502.84,502.92,502.84,502.92,0.02,158.27,80624.8,1
2024-11-11,2024-11-11 12:38:00,502.92,503.0,502.92,503.0,0.02,158.27,80624.8,1
2024-11-11,2024-11-11 12:39:00,503.0,503.08,503.0,503.08,0.02,158.27,80624.8,1
2024-11-11,2024-11-11 12:40:00,503.08,503.16,503.08,503.16,0.02,158.27,80624.8,1
2024-11-11,2024-11-11 12:41:00,503.16,503.25,503.16,503.25,0.02,158.27,80624.8,1
2024-11-11,2024-11-11 12:42:00,503.25,503.33,503.25,503.33,0.02,158.27,80624.8,1
2024-11-11,2024-11-11 12:43:00,503.33,503.41,503.33,503.41,0.02,158.27,80624.8,1
2024-11-11,2024-11-11 12:44:00,503.41,503.49,503.41,503.49,0.02,158.27,80624.8,1
2024-11-11,2024-11-11 12:45:00,503.49,503.57,503.49,503.57,0.02,158.27,80624.8,1
2024-11-11,2024-11-11 12:46:00,503.57,503.65,503.57,503.65,0.02,158.27,80624.8,1
2024-11-11,2024-11-11 12:47:00,503.65,503.73,503.65,503.73,0.02,158.27,80624.8,1
2024-11-11,2024-11-11 12:48:00,503.73,503.81,503.73,503.81,0.02,158.27,80624.8,1
2024-11-11,2024-11-11 12:49:00,503.81,503.89,503.81,503.89,0.02,158.27,80624.8,1
2024-11-11,2024-11-11 12:50:00,503.89,503.97,503.89,503.97,0.02,158.27,80624.8,1
2024-11-11,2024-11-11 12:51:00,503.97,504.05,503.97,504.05,0.02,158.27,80624.8,1
2024-11-11,2024-11-11 12:52:00,504.05,504.13,504.05,504.13,0.02,158.27,80624.8,1
2024-11-11,2024-11-11 12:53:00,504.13,504.21,504.13,504.21,0.02,158.27,80624.8,1
2024-11-11,2024-11-11 12:54:00,504.21,504.3,504.21,504.3,0.02,158.27,80624.8,1
2024-11-11,2024-11-11 12:55:00,504.3,504.38,504.3,504.38,0.02,158.27,80624.8,1
2024-11-11,2024-11-11 12:56:00,504.38,504.46,504.38,504.46,0.02,158.27,80624.8,1
2024-11-11,2024-11-11 12:57:00,504.46,504.54,504.46,504.54,0.02,158.27,80624.8,1
2024-11-11,2024-11-11 12:58:00,504.54,504.62,504.54,504.62,0.02,158.27,80624.8,1
2024-11-11,2024-11-11 12:59:00,504.62,504.7,504.62,504.7,0.02,158.27,80624.8,1
2024-11-11,2024-11-11 13:00:00,504.7,519.0,495.0,504.78,0.02,158.27,80624.8,1
2024-11-11,2024-11-11 13:01:00,504.78,504.86,504.78,504.86,0.02,158.27,80624.8,1
2024-11-11,2024-11-11 13:02:00,504.86,504.94,504.86,504.94,0.02,158.27,80624.8,1
2024-11-11,2024-11-11 13:03:00,504.94,505.02,504.94,505.02,0.02,158.27,80624.8,1
2024-11-11,2024-11-11 13:04:00,505.02,505.1,505.02,505.1,0.02,158.27,80624.8,1
2024-11-11,2024-11-11 13:05:00,505.1,505.19,505.1,505.19,0.02,158.27,80624.8,1
2024-11-11,2024-11-11 13:06:00,505.19,505.27,505.19,505.27,0.02,158.27,80624.8,1
2024-11-11,2024-11-11 13:07:00,505.27,505.35,505.27,505.35,0.02,158.27,80624.8,1
2024-11-11,2024-11-11 13:08:00,505.35,505.43,505.35,505.43,0.02,158.27,80624.8,1
2024-11-11,2024-11-11 13:09:00,505.43,505.51,505.43,505.51,0.02,158.27,80624.8,1
2024-11-11,2024-11-11 13:10:00,505.51,505.59,505.51,505.59,0.02,158.27,80624.8,1
2024-11-11,2024-11-11 13:11:00,505.59,505.67,505.59,505.67,0.02,158.27,80624.8,1
2024-11-11,2024-11-11 13:12:00,505.67,505.75,505.67,505.75,0.02,158.27,80624.8,1
2024-11-11,2024-11-11 13:13:00,505.75,505.83,505.75,505.83,0.02,158.27,80624.8,1
2024-11-11,2024-11-11 13:14:00,505.83,505.91,505.83,505.91,0.02,158.27,80624.8,1
2024-11-11,2024-11-11 13:15:00,505.91,505.99,505.91,505.99,0.02,158.27,80624.8,1
2024-11-11,2024-11-11 13:16:00,505.99,506.07,505.99,506.07,0.02,158.27,80624.8,1
2024-11-11,2024-11-11 13:17:00,506.07,506.15,506.07,506.15,0.02,158.27,80624.8,1
2024-11-11,2024-11-11 13:18:00,506.15,506.24,506.15,506.24,0.02,158.27,80624.8,1
2024-11-11,2024-11-11 13:19:00,506.24,506.32,506.24,506.32,0.02,158.27,80624.8,1
2024-11-11,2024-11-11 13:20:00,506.32,506.4,506.32,506.4,0.02,158.27,80624.8,1
2024-11-11,2024-11-11 13:21:00,506.4,506.48,506.4,506.48,0.02,158.27,80624.8,1
2024-11-11,2024-11-11 13:22:00,506.48,506.56,506.48,506.56,0.02,158.27,80624.8,1
2024-11-11,2024-11-11 13:23:00,506.56,506.64,506.56,506.64,0.02,158.27,80624.8,1
2024-11-11,2024-11-11 13:24:00,506.64,506.72,506.64,506.72,0.02,158.27,80624.8,1
2024-11-11,2024-11-11 13:25:00,506.72,506.8,506.72,506.8,0.02,158.27,80624.8,1
2024-11-11,2024-11-11 13:26:00,506.8,506.88,506.8,506.88,0.02,158.27,80624.8,1
2024-11-11,2024-11-11 13:27:00,506.88,506.96,506.88,506.96,0.02,158.27,80624.8,1
2024-11-11,2024-11-11 13:28:00,506.96,507.04,506.96,507.04,0.02,158.27,80624.8,1
2024-11-11,2024-11-11 13:29:00,507.04,507.12,507.04,507.12,0.02,158.27,80624.8,1
2024-11-11,2024-11-11 13:30:00,507.12,507.21,507.12,507.21,0.02,158.27,80624.8,1
2024-11-11,2024-11-11 13:31:00,507.21,507.29,507.21,507.29,0.02,158.27,80624.8,1
2024-11-11,2024-11-11 13:32:00,507.29,507.37,507.29,507.37,0.02,158.27,80624.8,1
2024-11-11,2024-11-11 13:33:00,507.37,507.45,507.37,507.45,0.02,158.27,80624.8,1
2024-11-11,2024-11-11 13:34:00,507.45,507.53,507.45,507.53,0.02,158.27,80624.8,1
2024-11-11,2024-11-11 13:35:00,507.53,507.61,507.53,507.61,0.02,158.27,80624.8,1
2024-11-11,2024-11-11 13:36:00,507.61,507.69,507.61,507.69,0.02,158.27,80624.8,1
2024-11-11,2024-11-11 13:37:00,507.69,507.77,507.69,507.77,0.02,158.27,80624.8,1
2024-11-11,2024-11-11 13:38:00,507.77,507.85,507.77,507.85,0.02,158.27,80624.8,1
2024-11-11,2024-11-11 13:39:00,507.85,507.93,507.85,507.93,0.02,158.27,80624.8,1
2024-11-11,2024-11-11 13:40:00,507.93,508.01,507.93,508.01,0.02,158.27,80624.8,1
2024-11-11,2024-11-11 13:41:00,508.01,508.09,508.01,508.09,0.02,158.27,80624.8,1
2024-11-11,2024-11-11 13:42:00,508.09,508.18,508.09,508.18,0.02,158.27,80624.8,1
2024-11-11,2024-11-11 13:43:00,508.18,508.26,508.18,508.26,0.02,158.27,80624.8,1
2024-11-11,2024-11-11 13:44:00,508.26,508.34,508.26,508.34,0.02,158.27,80624.8,1
2024-11-11,2024-11-11 13:45:00,508.34,508.42,508.34,508.42,0.02,158.27,80624.8,1
2024-11-11,2024-11-11 13:46:00,508.42,508.5,508.42,508.5,0.02,158.27,80624.8,1
2024-11-11,2024-11-11 13:47:00,508.5,508.58,508.5,508.58,0.02,158.27,80624.8,1
2024-11-11,2024-11-11 13:48:00,508.58,508.66,508.58,508.66,0.02,158.27,80624.8,1
2024-11-11,2024-11-11 13:49:00,508.66,508.74,508.66,508.74,0.02,158.27,80624.8,1
2024-11-11,2024-11-11 13:50:00,508.74,508.82,508.74,508.82,0.02,158.27,80624.8,1
2024-11-11,2024-11-11 13:51:00,508.82,508.9,508.82,508.9,0.02,158.27,80624.8,1
2024-11-11,2024-11-11 13:52:00,508.9,508.98,508.9,508.98,0.02,158.27,80624.8,1
2024-11-11,2024-11-11 13:53:00,508.98,509.06,508.98,509.06,0.02,158.27,80624.8,1
2024-11-11,2024-11-11 13:54:00,509.06,509.15,509.06,509.15,0.02,158.27,80624.8,1
2024-11-11,2024-11-11 13:55:00,509.15,509.23,509.15,509.23,0.02,158.27,80624.8,1
2024-11-11,2024-11-11 13:56:00,509.23,509.31,509.23,509.31,0.02,158.27,80624.8,1
2024-11-11,2024-11-11 13:57:00,509.31,509.39,509.31,509.39,0.02,158.27,80624.8,1
2024-11-11,2024-11-11 13:58:00,509.39,509.47,509.39,509.47,0.02,158.27,80624.8,1
2024-11-11,2024-11-11 13:59:00,509.47,509.55,509.47,509.55,0.02,158.27,80624.8,1
2024-11-11,2024-11-11 14:00:00,509.55,509.63,509.55,509.63,0.02,158.27,80624.8,1
2024-11-11,2024-11-11 14:01:00,509.63,509.71,509.63,509.71,0.02,158.27,80624.8,1
2024-11-11,2024-11-11 14:02:00,509.71,509.79,509.71,509.79,0.02,158.27,80624.8,1
2024-11-11,2024-11-11 14:03:00,509.79,509.87,509.79,509.87,0.02,158.27,80624.8,1
2024-11-11,2024-11-11 14:04:00,509.87,509.95,509.87,509.95,0.02,158.27,80624.8,1
2024-11-11,2024-11-11 14:05:00,509.95,510.03,509.95,510.03,0.02,158.27,80624.8,1
2024-11-11,2024-11-11 14:06:00,510.03,510.12,510.03,510.12,0.02,158.27,80624.8,1
2024-11-11,2024-11-11 14:07:00,510.12,510.2,510.12,510.2,0.02,158.27,80624.8,1
2024-11-11,2024-11-11 14:08:00,510.2,510.28,510.2,510.28,0.02,158.27,80624.8,1
2024-11-11,2024-11-11 14:09:00,510.28,510.36,510.28,510.36,0.02,158.27,80624.8,1
2024-11-11,2024-11-11 14:10:00,510.36,510.44,510.36,510.44,0.02,158.27,80624.8,1
2024-11-11,2024-11-11 14:11:00,510.44,510.52,510.44,510.52,0.02,158.27,80624.8,1
2024-11-11,2024-11-11 14:12:00,510.52,510.6,510.52,510.6,0.02,158.27,80624.8,1
2024-11-11,2024-11-11 14:13:00,510.6,510.68,510.6,510.68,0.02,158.27,80624.8,1
2024-11-11,2024-11-11 14:14:00,510.68,510.76,510.68,510.76,0.02,158.27,80624.8,1
2024-11-11,2024-11-11 14:15:00,510.76,510.84,510.76,510.84,0.02,158.27,80624.8,1
2024-11-11,2024-11-11 14:16:00,510.84,510.92,510.84,510.92,0.02,158.27,80624.8,1
2024-11-11,2024-11-11 14:17:00,510.92,511.0,510.92,511.0,0.02,158.27,80624.8,1
2024-11-11,2024-11-11 14:18:00,511.0,511.09,511.0,511.09,0.02,158.27,80624.8,1
2024-11-11,2024-11-11 14:19:00,511.09,511.17,511.09,511.17,0.02,158.27,80624.8,1
2024-11-11,2024-11-11 14:20:00,511.17,511.25,511.17,511.25,0.02,158.27,80624.8,1
2024-11-11,2024-11-11 14:21:00,511.25,511.33,511.25,511.33,0.02,158.27,80624.8,1
2024-11-11,2024-11-11 14:22:00,511.33,511.41,511.33,511.41,0.02,158.27,80624.8,1
2024-11-11,2024-11-11 14:23:00,511.41,511.49,511.41,511.49,0.02,158.27,80624.8,1
2024-11-11,2024-11-11 14:24:00,511.49,511.57,511.49,511.57,0.02,158.27,80624.8,1
2024-11-11,2024-11-11 14:25:00,511.57,511.65,511.57,511.65,0.02,158.27,80624.8,1
2024-11-11,2024-11-11 14:26:00,511.65,511.73,511.65,511.73,0.02,158.27,80624.8,1
2024-11-11,2024-11-11 14:27:00,511.73,511.81,511.73,511.81,0.02,158.27,80624.8,1
2024-11-11,2024-11-11 14:28:00,511.81,511.89,511.81,511.89,0.02,158.27,80624.8,1
2024-11-11,2024-11-11 14:29:00,511.89,511.97,511.89,511.97,0.02,158.27,80624.8,1
2024-11-11,2024-11-11 14:30:00,511.97,512.06,511.97,512.06,0.02,158.27,80624.8,1
2024-11-11,2024-11-11 14:31:00,512.06,512.14,512.06,512.14,0.02,158.27,80624.8,1
2024-11-11,2024-11-11 14:32:00,512.14,512.22,512.14,512.22,0.02,158.27,80624.8,1
2024-11-11,2024-11-11 14:33:00,512.22,512.3,512.22,512.3,0.02,158.27,80624.8,1
2024-11-11,2024-11-11 14:34:00,512.3,512.38,512.3,512.38,0.02,158.27,80624.8,1
2024-11-11,2024-11-11 14:35:00,512.38,512.46,512.38,512.46,0.02,158.27,80624.8,1
2024-11-11,2024-11-11 14:36:00,512.46,512.54,512.46,512.54,0.02,158.27,80624.8,1
2024-11-11,2024-11-11 14:37:00,512.54,512.62,512.54,512.62,0.02,158.27,80624.8,1
2024-11-11,2024-11-11 14:38:00,512.62,512.7,512.62,512.7,0.02,158.27,80624.8,1
2024-11-11,2024-11-11 14:39:00,512.7,512.78,512.7,512.78,0.02,158.27,80624.8,1
2024-11-11,2024-11-11 14:40:00,512.78,512.86,512.78,512.86,0.02,158.27,80624.8,1
2024-11-11,2024-11-11 14:41:00,512.86,512.94,512.86,512.94,0.02,158.27,80624.8,1
2024-11-11,2024-11-11 14:42:00,512.94,513.03,512.94,513.03,0.02,158.27,80624.8,1
2024-11-11,2024-11-11 14:43:00,513.03,513.11,513.03,513.11,0.02,158.27,80624.8,1
2024-11-11,2024-11-11 14:44:00,513.11,513.19,513.11,513.19,0.02,158.27,80624.8,1
2024-11-11,2024-11-11 14:45:00,513.19,513.27,513.19,513.27,0.02,158.27,80624.8,1
2024-11-11,2024-11-11 14:46:00,513.27,513.35,513.27,513.35,0.02,158.27,80624.8,1
2024-11-11,2024-11-11 14:47:00,513.35,513.43,513.35,513.43,0.02,158.27,80624.8,1
2024-11-11,2024-11-11 14:48:00,513.43,513.51,513.43,513.51,0.02,158.27,80624.8,1
2024-11-11,2024-11-11 14:49:00,513.51,513.59,513.51,513.59,0.02,158.27,80624.8,1
2024-11-11,2024-11-11 14:50:00,513.59,513.67,513.59,513.67,0.02,158.27,80624.8,1
2024-11-11,2024-11-11 14:51:00,513.67,513.75,513.67,513.75,0.02,158.27,80624.8,1
2024-11-11,2024-11-11 14:52:00,513.75,513.83,513.75,513.83,0.02,158.27,80624.8,1
2024-11-11,2024-11-11 14:53:00,513.83,513.91,513.83,513.91,0.02,158.27,80624.8,1
2024-11-11,2024-11-11 14:54:00,513.91,514.0,513.91,514.0,0.02,158.27,80624.8,1
2024-11-11,2024-11-11 14:55:00,514.0,514.08,514.0,514.08,0.02,158.27,80624.8,1
2024-11-11,2024-11-11 14:56:00,514.08,514.16,514.08,514.16,0.02,158.27,80624.8,1
2024-11-11,2024-11-11 14:57:00,514.16,514.24,514.16,514.24,0.02,158.27,80624.8,1
2024-11-11,2024-11-11 14:58:00,514.24,514.32,514.24,514.32,0.02,158.27,80624.8,1
2024-11-11,2024-11-11 14:59:00,514.32,514.4,514.32,514.4,0.02,158.27,80624.8,1
2024-11-11,2024-11-11 15:00:00,514.4,519.0,495.0,514.4,0.0,158.27,80624.8,0
2024-11-12,2024-11-12 11:00:00,505.0,509.5,505.0,505.05,0.01,131.81,67847.55,1
2024-11-12,2024-11-12 11:01:00,505.05,505.11,505.05,505.11,0.01,131.81,67847.55,1
2024-11-12,2024-11-12 11:02:00,505.11,505.16,505.11,505.16,0.01,131.81,67847.55,1
2024-11-12,2024-11-12 11:03:00,505.16,505.21,505.16,505.21,0.01,131.81,67847.55,1
2024-11-12,2024-11-12 11:04:00,505.21,505.27,505.21,505.27,0.01,131.81,67847.55,1
2024-11-12,2024-11-12 11:05:00,505.27,505.32,505.27,505.32,0.01,131.81,67847.55,1
2024-11-12,2024-11-12 11:06:00,505.32,505.38,505.32,505.38,0.01,131.81,67847.55,1
2024-11-12,2024-11-12 11:07:00,505.38,505.43,505.38,505.43,0.01,131.81,67847.55,1
2024-11-12,2024-11-12 11:08:00,505.43,505.48,505.43,505.48,0.01,131.81,67847.55,1
2024-11-12,2024-11-12 11:09:00,505.48,505.54,505.48,505.54,0.01,131.81,67847.55,1
2024-11-12,2024-11-12 11:10:00,505.54,505.59,505.54,505.59,0.01,131.81,67847.55,1
2024-11-12,2024-11-12 11:11:00,505.59,505.64,505.59,505.64,0.01,131.81,67847.55,1
2024-11-12,2024-11-12 11:12:00,505.64,505.7,505.64,505.7,0.01,131.81,67847.55,1
2024-11-12,2024-11-12 11:13:00,505.7,505.75,505.7,505.75,0.01,131.81,67847.55,1
2024-11-12,2024-11-12 11:14:00,505.75,505.81,505.75,505.81,0.01,131.81,67847.55,1
2024-11-12,2024-11-12 11:15:00,505.81,505.86,505.81,505.86,0.01,131.81,67847.55,1
2024-11-12,2024-11-12 11:16:00,505.86,505.91,505.86,505.91,0.01,131.81,67847.55,1
2024-11-12,2024-11-12 11:17:00,505.91,505.97,505.91,505.97,0.01,131.81,67847.55,1
2024-11-12,2024-11-12 11:18:00,505.97,506.02,505.97,506.02,0.01,131.81,67847.55,1
2024-11-12,2024-11-12 11:19:00,506.02,506.07,506.02,506.07,0.01,131.81,67847.55,1
2024-11-12,2024-11-12 11:20:00,506.07,506.13,506.07,506.13,0.01,131.81,67847.55,1
2024-11-12,2024-11-12 11:21:00,506.13,506.18,506.13,506.18,0.01,131.81,67847.55,1
2024-11-12,2024-11-12 11:22:00,506.18,506.24,506.18,506.24,0.01,131.81,67847.55,1
2024-11-12,2024-11-12 11:23:00,506.24,506.29,506.24,506.29,0.01,131.81,67847.55,1
2024-11-12,2024-11-12 11:24:00,506.29,506.34,506.29,506.34,0.01,131.81,67847.55,1
2024-11-12,2024-11-12 11:25:00,506.34,506.4,506.34,506.4,0.01,131.81,67847.55,1
2024-11-12,2024-11-12 11:26:00,506.4,506.45,506.4,506.45,0.01,131.81,67847.55,1
2024-11-12,2024-11-12 11:27:00,506.45,506.5,506.45,506.5,0.01,131.81,67847.55,1
2024-11-12,2024-11-12 11:28:00,506.5,506.56,506.5,506.56,0.01,131.81,67847.55,1
2024-11-12,2024-11-12 11:29:00,506.56,506.61,506.56,506.61,0.01,131.81,67847.55,1
2024-11-12,2024-11-12 11:30:00,506.61,506.67,506.61,506.67,0.01,131.81,67847.55,1
2024-11-12,2024-11-12 11:31:00,506.67,506.72,506.67,506.72,0.01,131.81,67847.55,1
2024-11-12,2024-11-12 11:32:00,506.72,506.77,506.72,506.77,0.01,131.81,67847.55,1
2024-11-12,2024-11-12 11:33:00,506.77,506.83,506.77,506.83,0.01,131.81,67847.55,1
2024-11-12,2024-11-12 11:34:00,506.83,506.88,506.83,506.88,0.01,131.81,67847.55,1
2024-11-12,2024-11-12 11:35:00,506.88,506.94,506.88,506.94,0.01,131.81,67847.55,1
2024-11-12,2024-11-12 11:36:00,506.94,506.99,506.94,506.99,0.01,131.81,67847.55,1
2024-11-12,2024-11-12 11:37:00,506.99,507.04,506.99,507.04,0.01,131.81,67847.55,1
2024-11-12,2024-11-12 11:38:00,507.04,507.1,507.04,507.1,0.01,131.81,67847.55,1
2024-11-12,2024-11-12 11:39:00,507.1,507.15,507.1,507.15,0.01,131.81,67847.55,1
2024-11-12,2024-11-12 11:40:00,507.15,507.2,507.15,507.2,0.01,131.81,67847.55,1
2024-11-12,2024-11-12 11:41:00,507.2,507.26,507.2,507.26,0.01,131.81,67847.55,1
2024-11-12,2024-11-12 11:42:00,507.26,507.31,507.26,507.31,0.01,131.81,67847.55,1
2024-11-12,2024-11-12 11:43:00,507.31,507.37,507.31,507.37,0.01,131.81,67847.55,1
2024-11-12,2024-11-12 11:44:00,507.37,507.42,507.37,507.42,0.01,131.81,67847.55,1
2024-11-12,2024-11-12 11:45:00,507.42,507.47,507.42,507.47,0.01,131.81,67847.55,1
2024-11-12,2024-11-12 11:46:00,507.47,507.53,507.47,507.53,0.01,131.81,67847.55,1
2024-11-12,2024-11-12 11:47:00,507.53,507.58,507.53,507.58,0.01,131.81,67847.55,1
2024-11-12,2024-11-12 11:48:00,507.58,507.63,507.58,507.63,0.01,131.81,67847.55,1
2024-11-12,2024-11-12 11:49:00,507.63,507.69,507.63,507.69,0.01,131.81,67847.55,1
2024-11-12,2024-11-12 11:50:00,507.69,507.74,507.69,507.74,0.01,131.81,67847.55,1
2024-11-12,2024-11-12 11:51:00,507.74,507.8,507.74,507.8,0.01,131.81,67847.55,1
2024-11-12,2024-11-12 11:52:00,507.8,507.85,507.8,507.85,0.01,131.81,67847.55,1
2024-11-12,2024-11-12 11:53:00,507.85,507.9,507.85,507.9,0.01,131.81,67847.55,1
2024-11-12,2024-11-12 11:54:00,507.9,507.96,507.9,507.96,0.01,131.81,67847.55,1
2024-11-12,2024-11-12 11:55:00,507.96,508.01,507.96,508.01,0.01,131.81,67847.55,1
2024-11-12,2024-11-12 11:56:00,508.01,508.06,508.01,508.06,0.01,131.81,67847.55,1
2024-11-12,2024-11-12 11:57:00,508.06,508.12,508.06,508.12,0.01,131.81,67847.55,1
2024-11-12,2024-11-12 11:58:00,508.12,508.17,508.12,508.17,0.01,131.81,67847.55,1
2024-11-12,2024-11-12 11:59:00,508.17,508.23,508.17,508.23,0.01,131.81,67847.55,1
2024-11-12,2024-11-12 12:00:00,508.23,508.28,508.23,508.28,0.01,131.81,67847.55,1
2024-11-12,2024-11-12 12:01:00,508.28,508.33,508.28,508.33,0.01,131.81,67847.55,1
2024-11-12,2024-11-12 12:02:00,508.33,508.39,508.33,508.39,0.01,131.81,67847.55,1
2024-11-12,2024-11-12 12:03:00,508.39,508.44,508.39,508.44,0.01,131.81,67847.55,1
2024-11-12,2024-11-12 12:04:00,508.44,508.49,508.44,508.49,0.01,131.81,67847.55,1
2024-11-12,2024-11-12 12:05:00,508.49,508.55,508.49,508.55,0.01,131.81,67847.55,1
2024-11-12,2024-11-12 12:06:00,508.55,508.6,508.55,508.6,0.01,131.81,67847.55,1
2024-11-12,2024-11-12 12:07:00,508.6,508.65,508.6,508.65,0.01,131.81,67847.55,1
2024-11-12,2024-11-12 12:08:00,508.65,508.71,508.65,508.71,0.01,131.81,67847.55,1
2024-11-12,2024-11-12 12:09:00,508.71,508.76,508.71,508.76,0.01,131.81,67847.55,1
2024-11-12,2024-11-12 12:10:00,508.76,508.82,508.76,508.82,0.01,131.81,67847.55,1
2024-11-12,2024-11-12 12:11:00,508.82,508.87,508.82,508.87,0.01,131.81,67847.55,1
2024-11-12,2024-11-12 12:12:00,508.87,508.92,508.87,508.92,0.01,131.81,67847.55,1
2024-11-12,2024-11-12 12:13:00,508.92,508.98,508.92,508.98,0.01,131.81,67847.55,1
2024-11-12,2024-11-12 12:14:00,508.98,509.03,508.98,509.03,0.01,131.81,67847.55,1
2024-11-12,2024-11-12 12:15:00,509.03,509.08,509.03,509.08,0.01,131.81,67847.55,1
2024-11-12,2024-11-12 12:16:00,509.08,509.14,509.08,509.14,0.01,131.81,67847.55,1
2024-11-12,2024-11-12 12:17:00,509.14,509.19,509.14,509.19,0.01,131.81,67847.55,1
2024-11-12,2024-11-12 12:18:00,509.19,509.25,509.19,509.25,0.01,131.81,67847.55,1
2024-11-12,2024-11-12 12:19:00,509.25,509.3,509.25,509.3,0.01,131.81,67847.55,1
2024-11-12,2024-11-12 12:20:00,509.3,509.35,509.3,509.35,0.01,131.81,67847.55,1
2024-11-12,2024-11-12 12:21:00,509.35,509.41,509.35,509.41,0.01,131.81,67847.55,1
2024-11-12,2024-11-12 12:22:00,509.41,509.46,509.41,509.46,0.01,131.81,67847.55,1
2024-11-12,2024-11-12 12:23:00,509.46,509.51,509.46,509.51,0.01,131.81,67847.55,1
2024-11-12,2024-11-12 12:24:00,509.51,509.57,509.51,509.57,0.01,131.81,67847.55,1
2024-11-12,2024-11-12 12:25:00,509.57,509.62,509.57,509.62,0.01,131.81,67847.55,1
2024-11-12,2024-11-12 12:26:00,509.62,509.68,509.62,509.68,0.01,131.81,67847.55,1
2024-11-12,2024-11-12 12:27:00,509.68,509.73,509.68,509.73,0.01,131.81,67847.55,1
2024-11-12,2024-11-12 12:28:00,509.73,509.78,509.73,509.78,0.01,131.81,67847.55,1
2024-11-12,2024-11-12 12:29:00,509.78,509.84,509.78,509.84,0.01,131.81,67847.55,1
2024-11-12,2024-11-12 12:30:00,509.84,509.89,509.84,509.89,0.01,131.81,67847.55,1
2024-11-12,2024-11-12 12:31:00,509.89,509.94,509.89,509.94,0.01,131.81,67847.55,1
2024-11-12,2024-11-12 12:32:00,509.94,510.0,509.94,510.0,0.01,131.81,67847.55,1
2024-11-12,2024-11-12 12:33:00,510.0,510.05,510.0,510.05,0.01,131.81,67847.55,1
2024-11-12,2024-11-12 12:34:00,510.05,510.11,510.05,510.11,0.01,131.81,67847.55,1
2024-11-12,2024-11-12 12:35:00,510.11,510.16,510.11,510.16,0.01,131.81,67847.55,1
2024-11-12,2024-11-12 12:36:00,510.16,510.21,510.16,510.21,0.01,131.81,67847.55,1
2024-11-12,2024-11-12 12:37:00,510.21,510.27,510.21,510.27,0.01,131.81,67847.55,1
2024-11-12,2024-11-12 12:38:00,510.27,510.32,510.27,510.32,0.01,131.81,67847.55,1
2024-11-12,2024-11-12 12:39:00,510.32,510.38,510.32,510.38,0.01,131.81,67847.55,1
2024-11-12,2024-11-12 12:40:00,510.38,510.43,510.38,510.43,0.01,131.81,67847.55,1
2024-11-12,2024-11-12 12:41:00,510.43,510.48,510.43,510.48,0.01,131.81,67847.55,1
2024-11-12,2024-11-12 12:42:00,510.48,510.54,510.48,510.54,0.01,131.81,67847.55,1
2024-11-12,2024-11-12 12:43:00,510.54,510.59,510.54,510.59,0.01,131.81,67847.55,1
2024-11-12,2024-11-12 12:44:00,510.59,510.64,510.59,510.64,0.01,131.81,67847.55,1
2024-11-12,2024-11-12 12:45:00,510.64,510.7,510.64,510.7,0.01,131.81,67847.55,1
2024-11-12,2024-11-12 12:46:00,510.7,510.75,510.7,510.75,0.01,131.81,67847.55,1
2024-11-12,2024-11-12 12:47:00,510.75,510.81,510.75,510.81,0.01,131.81,67847.55,1
2024-11-12,2024-11-12 12:48:00,510.81,510.86,510.81,510.86,0.01,131.81,67847.55,1
2024-11-12,2024-11-12 12:49:00,510.86,510.91,510.86,510.91,0.01,131.81,67847.55,1
2024-11-12,2024-11-12 12:50:00,510.91,510.97,510.91,510.97,0.01,131.81,67847.55,1
2024-11-12,2024-11-12 12:51:00,510.97,511.02,510.97,511.02,0.01,131.81,67847.55,1
2024-11-12,2024-11-12 12:52:00,511.02,511.07,511.02,511.07,0.01,131.81,67847.55,1
2024-11-12,2024-11-12 12:53:00,511.07,511.13,511.07,511.13,0.01,131.81,67847.55,1
2024-11-12,2024-11-12 12:54:00,511.13,511.18,511.13,511.18,0.01,131.81,67847.55,1
2024-11-12,2024-11-12 12:55:00,511.18,511.24,511.18,511.24,0.01,131.81,67847.55,1
2024-11-12,2024-11-12 12:56:00,511.24,511.29,511.24,511.29,0.01,131.81,67847.55,1
2024-11-12,2024-11-12 12:57:00,511.29,511.34,511.29,511.34,0.01,131.81,67847.55,1
2024-11-12,2024-11-12 12:58:00,511.34,511.4,511.34,511.4,0.01,131.81,67847.55,1
2024-11-12,2024-11-12 12:59:00,511.4,511.45,511.4,511.45,0.01,131.81,67847.55,1
2024-11-12,2024-11-12 13:00:00,511.45,520.0,505.0,511.5,0.01,131.81,67847.55,1
2024-11-12,2024-11-12 13:01:00,511.5,511.56,511.5,511.56,0.01,131.81,67847.55,1
2024-11-12,2024-11-12 13:02:00,511.56,511.61,511.56,511.61,0.01,131.81,67847.55,1
2024-11-12,2024-11-12 13:03:00,511.61,511.66,511.61,511.66,0.01,131.81,67847.55,1
2024-11-12,2024-11-12 13:04:00,511.66,511.72,511.66,511.72,0.01,131.81,67847.55,1
2024-11-12,2024-11-12 13:05:00,511.72,511.77,511.72,511.77,0.01,131.81,67847.55,1
2024-11-12,2024-11-12 13:06:00,511.77,511.83,511.77,511.83,0.01,131.81,67847.55,1
2024-11-12,2024-11-12 13:07:00,511.83,511.88,511.83,511.88,0.01,131.81,67847.55,1
2024-11-12,2024-11-12 13:08:00,511.88,511.93,511.88,511.93,0.01,131.81,67847.55,1
2024-11-12,2024-11-12 13:09:00,511.93,511.99,511.93,511.99,0.01,131.81,67847.55,1
2024-11-12,2024-11-12 13:10:00,511.99,512.04,511.99,512.04,0.01,131.81,67847.55,1
2024-11-12,2024-11-12 13:11:00,512.04,512.1,512.04,512.1,0.01,131.81,67847.55,1
2024-11-12,2024-11-12 13:12:00,512.1,512.15,512.1,512.15,0.01,131.81,67847.55,1
2024-11-12,2024-11-12 13:13:00,512.15,512.2,512.15,512.2,0.01,131.81,67847.55,1
2024-11-12,2024-11-12 13:14:00,512.2,512.26,512.2,512.26,0.01,131.81,67847.55,1
2024-11-12,2024-11-12 13:15:00,512.26,512.31,512.26,512.31,0.01,131.81,67847.55,1
2024-11-12,2024-11-12 13:16:00,512.31,512.36,512.31,512.36,0.01,131.81,67847.55,1
2024-11-12,2024-11-12 13:17:00,512.36,512.42,512.36,512.42,0.01,131.81,67847.55,1
2024-11-12,2024-11-12 13:18:00,512.42,512.47,512.42,512.47,0.01,131.81,67847.55,1
2024-11-12,2024-11-12 13:19:00,512.47,512.52,512.47,512.52,0.01,131.81,67847.55,1
2024-11-12,2024-11-12 13:20:00,512.52,512.58,512.52,512.58,0.01,131.81,67847.55,1
2024-11-12,2024-11-12 13:21:00,512.58,512.63,512.58,512.63,0.01,131.81,67847.55,1
2024-11-12,2024-11-12 13:22:00,512.63,512.69,512.63,512.69,0.01,131.81,67847.55,1
2024-11-12,2024-11-12 13:23:00,512.69,512.74,512.69,512.74,0.01,131.81,67847.55,1
2024-11-12,2024-11-12 13:24:00,512.74,512.79,512.74,512.79,0.01,131.81,67847.55,1
2024-11-12,2024-11-12 13:25:00,512.79,512.85,512.79,512.85,0.01,131.81,67847.55,1
2024-11-12,2024-11-12 13:26:00,512.85,512.9,512.85,512.9,0.01,131.81,67847.55,1
2024-11-12,2024-11-12 13:27:00,512.9,512.96,512.9,512.96,0.01,131.81,67847.55,1
2024-11-12,2024-11-12 13:28:00,512.96,513.01,512.96,513.01,0.01,131.81,67847.55,1
2024-11-12,2024-11-12 13:29:00,513.01,513.06,513.01,513.06,0.01,131.81,67847.55,1
2024-11-12,2024-11-12 13:30:00,513.06,513.12,513.06,513.12,0.01,131.81,67847.55,1
2024-11-12,2024-11-12 13:31:00,513.12,513.17,513.12,513.17,0.01,131.81,67847.55,1
2024-11-12,2024-11-12 13:32:00,513.17,513.22,513.17,513.22,0.01,131.81,67847.55,1
2024-11-12,2024-11-12 13:33:00,513.22,513.28,513.22,513.28,0.01,131.81,67847.55,1
2024-11-12,2024-11-12 13:34:00,513.28,513.33,513.28,513.33,0.01,131.81,67847.55,1
2024-11-12,2024-11-12 13:35:00,513.33,513.38,513.33,513.38,0.01,131.81,67847.55,1
2024-11-12,2024-11-12 13:36:00,513.38,513.44,513.38,513.44,0.01,131.81,67847.55,1
2024-11-12,2024-11-12 13:37:00,513.44,513.49,513.44,513.49,0.01,131.81,67847.55,1
2024-11-12,2024-11-12 13:38:00,513.49,513.55,513.49,513.55,0.01,131.81,67847.55,1
2024-11-12,2024-11-12 13:39:00,513.55,513.6,513.55,513.6,0.01,131.81,67847.55,1
2024-11-12,2024-11-12 13:40:00,513.6,513.65,513.6,513.65,0.01,131.81,67847.55,1
2024-11-12,2024-11-12 13:41:00,513.65,513.71,513.65,513.71,0.01,131.81,67847.55,1
2024-11-12,2024-11-12 13:42:00,513.71,513.76,513.71,513.76,0.01,131.81,67847.55,1
2024-11-12,2024-11-12 13:43:00,513.76,513.81,513.76,513.81,0.01,131.81,67847.55,1
2024-11-12,2024-11-12 13:44:00,513.81,513.87,513.81,513.87,0.01,131.81,67847.55,1
2024-11-12,2024-11-12 13:45:00,513.87,513.92,513.87,513.92,0.01,131.81,67847.55,1
2024-11-12,2024-11-12 13:46:00,513.92,513.98,513.92,513.98,0.01,131.81,67847.55,1
2024-11-12,2024-11-12 13:47:00,513.98,514.03,513.98,514.03,0.01,131.81,67847.55,1
2024-11-12,2024-11-12 13:48:00,514.03,514.08,514.03,514.08,0.01,131.81,67847.55,1
2024-11-12,2024-11-12 13:49:00,514.08,514.14,514.08,514.14,0.01,131.81,67847.55,1
2024-11-12,2024-11-12 13:50:00,514.14,514.19,514.14,514.19,0.01,131.81,67847.55,1
2024-11-12,2024-11-12 13:51:00,514.19,514.25,514.19,514.25,0.01,131.81,67847.55,1
2024-11-12,2024-11-12 13:52:00,514.25,514.3,514.25,514.3,0.01,131.81,67847.55,1
2024-11-12,2024-11-12 13:53:00,514.3,514.35,514.3,514.35,0.01,131.81,67847.55,1
2024-11-12,2024-11-12 13:54:00,514.35,514.41,514.35,514.41,0.01,131.81,67847.55,1
2024-11-12,2024-11-12 13:55:00,514.41,514.46,514.41,514.46,0.01,131.81,67847.55,1
2024-11-12,2024-11-12 13:56:00,514.46,514.51,514.46,514.51,0.01,131.81,67847.55,1
2024-11-12,2024-11-12 13:57:00,514.51,514.57,514.51,514.57,0.01,131.81,67847.55,1
2024-11-12,2024-11-12 13:58:00,514.57,514.62,514.57,514.62,0.01,131.81,67847.55,1
2024-11-12,2024-11-12 13:59:00,514.62,514.67,514.62,514.67,0.01,131.81,67847.55,1
2024-11-12,2024-11-12 14:00:00,514.67,514.73,514.67,514.73,0.01,131.81,67847.55,1
2024-11-12,2024-11-12 14:01:00,514.73,514.78,514.73,514.78,0.01,131.81,67847.55,1
2024-11-12,2024-11-12 14:02:00,514.78,514.84,514.78,514.84,0.01,131.81,67847.55,1
2024-11-12,2024-11-12 14:03:00,514.84,514.89,514.84,514.89,0.01,131.81,67847.55,1
2024-11-12,2024-11-12 14:04:00,514.89,514.94,514.89,514.94,0.01,131.81,67847.55,1
2024-11-12,2024-11-12 14:05:00,514.94,515.0,514.94,515.0,0.01,131.81,67847.55,1
2024-11-12,2024-11-12 14:06:00,515.0,515.05,515.0,515.05,0.01,131.81,67847.55,1
2024-11-12,2024-11-12 14:07:00,515.05,515.11,515.05,515.11,0.01,131.81,67847.55,1
2024-11-12,2024-11-12 14:08:00,515.11,515.16,515.11,515.16,0.01,131.81,67847.55,1
2024-11-12,2024-11-12 14:09:00,515.16,515.21,515.16,515.21,0.01,131.81,67847.55,1
2024-11-12,2024-11-12 14:10:00,515.21,515.27,515.21,515.27,0.01,131.81,67847.55,1
2024-11-12,2024-11-12 14:11:00,515.27,515.32,515.27,515.32,0.01,131.81,67847.55,1
2024-11-12,2024-11-12 14:12:00,515.32,515.37,515.32,515.37,0.01,131.81,67847.55,1
2024-11-12,2024-11-12 14:13:00,515.37,515.43,515.37,515.43,0.01,131.81,67847.55,1
2024-11-12,2024-11-12 14:14:00,515.43,515.48,515.43,515.48,0.01,131.81,67847.55,1
2024-11-12,2024-11-12 14:15:00,515.48,515.53,515.48,515.53,0.01,131.81,67847.55,1
2024-11-12,2024-11-12 14:16:00,515.53,515.59,515.53,515.59,0.01,131.81,67847.55,1
2024-11-12,2024-11-12 14:17:00,515.59,515.64,515.59,515.64,0.01,131.81,67847.55,1
2024-11-12,2024-11-12 14:18:00,515.64,515.7,515.64,515.7,0.01,131.81,67847.55,1
2024-11-12,2024-11-12 14:19:00,515.7,515.75,515.7,515.75,0.01,131.81,67847.55,1
2024-11-12,2024-11-12 14:20:00,515.75,515.8,515.75,515.8,0.01,131.81,67847.55,1
2024-11-12,2024-11-12 14:21:00,515.8,515.86,515.8,515.86,0.01,131.81,67847.55,1
2024-11-12,2024-11-12 14:22:00,515.86,515.91,515.86,515.91,0.01,131.81,67847.55,1
2024-11-12,2024-11-12 14:23:00,515.91,515.97,515.91,515.97,0.01,131.81,67847.55,1
2024-11-12,2024-11-12 14:24:00,515.97,516.02,515.97,516.02,0.01,131.81,67847.55,1
2024-11-12,2024-11-12 14:25:00,516.02,516.07,516.02,516.07,0.01,131.81,67847.55,1
2024-11-12,2024-11-12 14:26:00,516.07,516.13,516.07,516.13,0.01,131.81,67847.55,1
2024-11-12,2024-11-12 14:27:00,516.13,516.18,516.13,516.18,0.01,131.81,67847.55,1
2024-11-12,2024-11-12 14:28:00,516.18,516.23,516.18,516.23,0.01,131.81,67847.55,1
2024-11-12,2024-11-12 14:29:00,516.23,516.29,516.23,516.29,0.01,131.81,67847.55,1
2024-11-12,2024-11-12 14:30:00,516.29,516.34,516.29,516.34,0.01,131.81,67847.55,1
2024-11-12,2024-11-12 14:31:00,516.34,516.39,516.34,516.39,0.01,131.81,67847.55,1
2024-11-12,2024-11-12 14:32:00,516.39,516.45,516.39,516.45,0.01,131.81,67847.55,1
2024-11-12,2024-11-12 14:33:00,516.45,516.5,516.45,516.5,0.01,131.81,67847.55,1
2024-11-12,2024-11-12 14:34:00,516.5,516.56,516.5,516.56,0.01,131.81,67847.55,1
2024-11-12,2024-11-12 14:35:00,516.56,516.61,516.56,516.61,0.01,131.81,67847.55,1
2024-11-12,2024-11-12 14:36:00,516.61,516.66,516.61,516.66,0.01,131.81,67847.55,1
2024-11-12,2024-11-12 14:37:00,516.66,516.72,516.66,516.72,0.01,131.81,67847.55,1
2024-11-12,2024-11-12 14:38:00,516.72,516.77,516.72,516.77,0.01,131.81,67847.55,1
2024-11-12,2024-11-12 14:39:00,516.77,516.82,516.77,516.82,0.01,131.81,67847.55,1
2024-11-12,2024-11-12 14:40:00,516.82,516.88,516.82,516.88,0.01,131.81,67847.55,1
2024-11-12,2024-11-12 14:41:00,516.88,516.93,516.88,516.93,0.01,131.81,67847.55,1
2024-11-12,2024-11-12 14:42:00,516.93,516.99,516.93,516.99,0.01,131.81,67847.55,1
2024-11-12,2024-11-12 14:43:00,516.99,517.04,516.99,517.04,0.01,131.81,67847.55,1
2024-11-12,2024-11-12 14:44:00,517.04,517.09,517.04,517.09,0.01,131.81,67847.55,1
2024-11-12,2024-11-12 14:45:00,517.09,517.15,517.09,517.15,0.01,131.81,67847.55,1
2024-11-12,2024-11-12 14:46:00,517.15,517.2,517.15,517.2,0.01,131.81,67847.55,1
2024-11-12,2024-11-12 14:47:00,517.2,517.25,517.2,517.25,0.01,131.81,67847.55,1
2024-11-12,2024-11-12 14:48:00,517.25,517.31,517.25,517.31,0.01,131.81,67847.55,1
2024-11-12,2024-11-12 14:49:00,517.31,517.36,517.31,517.36,0.01,131.81,67847.55,1
2024-11-12,2024-11-12 14:50:00,517.36,517.42,517.36,517.42,0.01,131.81,67847.55,1
2024-11-12,2024-11-12 14:51:00,517.42,517.47,517.42,517.47,0.01,131.81,67847.55,1
2024-11-12,2024-11-12 14:52:00,517.47,517.52,517.47,517.52,0.01,131.81,67847.55,1
2024-11-12,2024-11-12 14:53:00,517.52,517.58,517.52,517.58,0.01,131.81,67847.55,1
2024-11-12,2024-11-12 14:54:00,517.58,517.63,517.58,517.63,0.01,131.81,67847.55,1
2024-11-12,2024-11-12 14:55:00,517.63,517.68,517.63,517.68,0.01,131.81,67847.55,1
2024-11-12,2024-11-12 14:56:00,517.68,517.74,517.68,517.74,0.01,131.81,67847.55,1
2024-11-12,2024-11-12 14:57:00,517.74,517.79,517.74,517.79,0.01,131.81,67847.55,1
2024-11-12,2024-11-12 14:58:00,517.79,517.85,517.79,517.85,0.01,131.81,67847.55,1
2024-11-12,2024-11-12 14:59:00,517.85,517.9,517.85,517.9,0.01,131.81,67847.55,1
2024-11-12,2024-11-12 15:00:00,517.9,520.0,505.0,517.9,0.0,131.81,67847.55,0
2024-11-13,2024-11-13 11:00:00,528.2,529.01,522.14,528.18,-0.0,111.43,58317.25,-1
2024-11-13,2024-11-13 11:01:00,528.18,528.18,528.16,528.16,-0.0,111.43,58317.25,-1
2024-11-13,2024-11-13 11:02:00,528.16,528.16,528.13,528.13,-0.01,111.43,58317.25,-1
2024-11-13,2024-11-13 11:03:00,528.13,528.13,528.11,528.11,-0.0,111.43,58317.25,-1
2024-11-13,2024-11-13 11:04:00,528.11,528.11,528.09,528.09,-0.0,111.43,58317.25,-1
2024-11-13,2024-11-13 11:05:00,528.09,528.09,528.07,528.07,-0.0,111.43,58317.25,-1
2024-11-13,2024-11-13 11:06:00,528.07,528.07,528.05,528.05,-0.0,111.43,58317.25,-1
2024-11-13,2024-11-13 11:07:00,528.05,528.05,528.03,528.03,-0.0,111.43,58317.25,-1
2024-11-13,2024-11-13 11:08:00,528.03,528.03,528.0,528.0,-0.01,111.43,58317.25,-1
2024-11-13,2024-11-13 11:09:00,528.0,528.0,527.98,527.98,-0.0,111.43,58317.25,-1
2024-11-13,2024-11-13 11:10:00,527.98,527.98,527.96,527.96,-0.0,111.43,58317.25,-1
2024-11-13,2024-11-13 11:11:00,527.96,527.96,527.94,527.94,-0.0,111.43,58317.25,-1
2024-11-13,2024-11-13 11:12:00,527.94,527.94,527.92,527.92,-0.0,111.43,58317.25,-1
2024-11-13,2024-11-13 11:13:00,527.92,527.92,527.9,527.9,-0.0,111.43,58317.25,-1
2024-11-13,2024-11-13 11:14:00,527.9,527.9,527.88,527.88,-0.0,111.43,58317.25,-1
2024-11-13,2024-11-13 11:15:00,527.88,527.88,527.85,527.85,-0.01,111.43,58317.25,-1
2024-11-13,2024-11-13 11:16:00,527.85,527.85,527.83,527.83,-0.0,111.43,58317.25,-1
2024-11-13,2024-11-13 11:17:00,527.83,527.83,527.81,527.81,-0.0,111.43,58317.25,-1
2024-11-13,2024-11-13 11:18:00,527.81,527.81,527.79,527.79,-0.0,111.43,58317.25,-1
2024-11-13,2024-11-13 11:19:00,527.79,527.79,527.77,527.77,-0.0,111.43,58317.25,-1
2024-11-13,2024-11-13 11:20:00,527.77,527.77,527.75,527.75,-0.0,111.43,58317.25,-1
2024-11-13,2024-11-13 11:21:00,527.75,527.75,527.72,527.72,-0.01,111.43,58317.25,-1
2024-11-13,2024-11-13 11:22:00,527.72,527.72,527.7,527.7,-0.0,111.43,58317.25,-1
2024-11-13,2024-11-13 11:23:00,527.7,527.7,527.68,527.68,-0.0,111.43,58317.25,-1
2024-11-13,2024-11-13 11:24:00,527.68,527.68,527.66,527.66,-0.0,111.43,58317.25,-1
2024-11-13,2024-11-13 11:25:00,527.66,527.66,527.64,527.64,-0.0,111.43,58317.25,-1
2024-11-13,2024-11-13 11:26:00,527.64,527.64,527.62,527.62,-0.0,111.43,58317.25,-1
2024-11-13,2024-11-13 11:27:00,527.62,527.62,527.59,527.59,-0.01,111.43,58317.25,-1
2024-11-13,2024-11-13 11:28:00,527.59,527.59,527.57,527.57,-0.0,111.43,58317.25,-1
2024-11-13,2024-11-13 11:29:00,527.57,527.57,527.55,527.55,-0.0,111.43,58317.25,-1
2024-11-13,2024-11-13 11:30:00,527.55,527.55,527.53,527.53,-0.0,111.43,58317.25,-1
2024-11-13,2024-11-13 11:31:00,527.53,527.53,527.51,527.51,-0.0,111.43,58317.25,-1
2024-11-13,2024-11-13 11:32:00,527.51,527.51,527.49,527.49,-0.0,111.43,58317.25,-1
2024-11-13,2024-11-13 11:33:00,527.49,527.49,527.46,527.46,-0.01,111.43,58317.25,-1
2024-11-13,2024-11-13 11:34:00,527.46,527.46,527.44,527.44,-0.0,111.43,58317.25,-1
2024-11-13,2024-11-13 11:35:00,527.44,527.44,527.42,527.42,-0.0,111.43,58317.25,-1
2024-11-13,2024-11-13 11:36:00,527.42,527.42,527.4,527.4,-0.0,111.43,58317.25,-1
2024-11-13,2024-11-13 11:37:00,527.4,527.4,527.38,527.38,-0.0,111.43,58317.25,-1
2024-11-13,2024-11-13 11:38:00,527.38,527.38,527.36,527.36,-0.0,111.43,58317.25,-1
2024-11-13,2024-11-13 11:39:00,527.36,527.36,527.33,527.33,-0.01,111.43,58317.25,-1
2024-11-13,2024-11-13 11:40:00,527.33,527.33,527.31,527.31,-0.0,111.43,58317.25,-1
2024-11-13,2024-11-13 11:41:00,527.31,527.31,527.29,527.29,-0.0,111.43,58317.25,-1
2024-11-13,2024-11-13 11:42:00,527.29,527.29,527.27,527.27,-0.0,111.43,58317.25,-1
2024-11-13,2024-11-13 11:43:00,527.27,527.27,527.25,527.25,-0.0,111.43,58317.25,-1
2024-11-13,2024-11-13 11:44:00,527.25,527.25,527.23,527.23,-0.0,111.43,58317.25,-1
2024-11-13,2024-11-13 11:45:00,527.23,527.23,527.2,527.2,-0.01,111.43,58317.25,-1
2024-11-13,2024-11-13 11:46:00,527.2,527.2,527.18,527.18,-0.0,111.43,58317.25,-1
2024-11-13,2024-11-13 11:47:00,527.18,527.18,527.16,527.16,-0.0,111.43,58317.25,-1
2024-11-13,2024-11-13 11:48:00,527.16,527.16,527.14,527.14,-0.0,111.43,58317.25,-1
2024-11-13,2024-11-13 11:49:00,527.14,527.14,527.12,527.12,-0.0,111.43,58317.25,-1
2024-11-13,2024-11-13 11:50:00,527.12,527.12,527.1,527.1,-0.0,111.43,58317.25,-1
2024-11-13,2024-11-13 11:51:00,527.1,527.1,527.07,527.07,-0.01,111.43,58317.25,-1
2024-11-13,2024-11-13 11:52:00,527.07,527.07,527.05,527.05,-0.0,111.43,58317.25,-1
2024-11-13,2024-11-13 11:53:00,527.05,527.05,527.03,527.03,-0.0,111.43,58317.25,-1
2024-11-13,2024-11-13 11:54:00,527.03,527.03,527.01,527.01,-0.0,111.43,58317.25,-1
2024-11-13,2024-11-13 11:55:00,527.01,527.01,526.99,526.99,-0.0,111.43,58317.25,-1
2024-11-13,2024-11-13 11:56:00,526.99,526.99,526.97,526.97,-0.0,111.43,58317.25,-1
2024-11-13,2024-11-13 11:57:00,526.97,526.97,526.94,526.94,-0.01,111.43,58317.25,-1
2024-11-13,2024-11-13 11:58:00,526.94,526.94,526.92,526.92,-0.0,111.43,58317.25,-1
2024-11-13,2024-11-13 11:59:00,526.92,526.92,526.9,526.9,-0.0,111.43,58317.25,-1
2024-11-13,2024-11-13 12:00:00,526.9,526.9,526.88,526.88,-0.0,111.43,58317.25,-1
2024-11-13,2024-11-13 12:01:00,526.88,526.88,526.86,526.86,-0.0,111.43,58317.25,-1
2024-11-13,2024-11-13 12:02:00,526.86,526.86,526.84,526.84,-0.0,111.43,58317.25,-1
2024-11-13,2024-11-13 12:03:00,526.84,526.84,526.81,526.81,-0.01,111.43,58317.25,-1
2024-11-13,2024-11-13 12:04:00,526.81,526.81,526.79,526.79,-0.0,111.43,58317.25,-1
2024-11-13,2024-11-13 12:05:00,526.79,526.79,526.77,526.77,-0.0,111.43,58317.25,-1
2024-11-13,2024-11-13 12:06:00,526.77,526.77,526.75,526.75,-0.0,111.43,58317.25,-1
2024-11-13,2024-11-13 12:07:00,526.75,526.75,526.73,526.73,-0.0,111.43,58317.25,-1
2024-11-13,2024-11-13 12:08:00,526.73,526.73,526.71,526.71,-0.0,111.43,58317.25,-1
2024-11-13,2024-11-13 12:09:00,526.71,526.71,526.68,526.68,-0.01,111.43,58317.25,-1
2024-11-13,2024-11-13 12:10:00,526.68,526.68,526.66,526.66,-0.0,111.43,58317.25,-1
2024-11-13,2024-11-13 12:11:00,526.66,526.66,526.64,526.64,-0.0,111.43,58317.25,-1
2024-11-13,2024-11-13 12:12:00,526.64,526.64,526.62,526.62,-0.0,111.43,58317.25,-1
2024-11-13,2024-11-13 12:13:00,526.62,526.62,526.6,526.6,-0.0,111.43,58317.25,-1
2024-11-13,2024-11-13 12:14:00,526.6,526.6,526.58,526.58,-0.0,111.43,58317.25,-1
2024-11-13,2024-11-13 12:15:00,526.58,526.58,526.55,526.55,-0.01,111.43,58317.25,-1
2024-11-13,2024-11-13 12:16:00,526.55,526.55,526.53,526.53,-0.0,111.43,58317.25,-1
2024-11-13,2024-11-13 12:17:00,526.53,526.53,526.51,526.51,-0.0,111.43,58317.25,-1
2024-11-13,2024-11-13 12:18:00,526.51,526.51,526.49,526.49,-0.0,111.43,58317.25,-1
2024-11-13,2024-11-13 12:19:00,526.49,526.49,526.47,526.47,-0.0,111.43,58317.25,-1
2024-11-13,2024-11-13 12:20:00,526.47,526.47,526.45,526.45,-0.0,111.43,58317.25,-1
2024-11-13,2024-11-13 12:21:00,526.45,526.45,526.42,526.42,-0.01,111.43,58317.25,-1
2024-11-13,2024-11-13 12:22:00,526.42,526.42,526.4,526.4,-0.0,111.43,58317.25,-1
2024-11-13,2024-11-13 12:23:00,526.4,526.4,526.38,526.38,-0.0,111.43,58317.25,-1
2024-11-13,2024-11-13 12:24:00,526.38,526.38,526.36,526.36,-0.0,111.43,58317.25,-1
2024-11-13,2024-11-13 12:25:00,526.36,526.36,526.34,526.34,-0.0,111.43,58317.25,-1
2024-11-13,2024-11-13 12:26:00,526.34,526.34,526.32,526.32,-0.0,111.43,58317.25,-1
2024-11-13,2024-11-13 12:27:00,526.32,526.32,526.29,526.29,-0.01,111.43,58317.25,-1
2024-11-13,2024-11-13 12:28:00,526.29,526.29,526.27,526.27,-0.0,111.43,58317.25,-1
2024-11-13,2024-11-13 12:29:00,526.27,526.27,526.25,526.25,-0.0,111.43,58317.25,-1
2024-11-13,2024-11-13 12:30:00,526.25,526.25,526.23,526.23,-0.0,111.43,58317.25,-1
2024-11-13,2024-11-13 12:31:00,526.23,526.23,526.21,526.21,-0.0,111.43,58317.25,-1
2024-11-13,2024-11-13 12:32:00,526.21,526.21,526.19,526.19,-0.0,111.43,58317.25,-1
2024-11-13,2024-11-13 12:33:00,526.19,526.19,526.16,526.16,-0.01,111.43,58317.25,-1
2024-11-13,2024-11-13 12:34:00,526.16,526.16,526.14,526.14,-0.0,111.43,58317.25,-1
2024-11-13,2024-11-13 12:35:00,526.14,526.14,526.12,526.12,-0.0,111.43,58317.25,-1
2024-11-13,2024-11-13 12:36:00,526.12,526.12,526.1,526.1,-0.0,111.43,58317.25,-1
2024-11-13,2024-11-13 12:37:00,526.1,526.1,526.08,526.08,-0.0,111.43,58317.25,-1
2024-11-13,2024-11-13 12:38:00,526.08,526.08,526.06,526.06,-0.0,111.43,58317.25,-1
2024-11-13,2024-11-13 12:39:00,526.06,526.06,526.03,526.03,-0.01,111.43,58317.25,-1
2024-11-13,2024-11-13 12:40:00,526.03,526.03,526.01,526.01,-0.0,111.43,58317.25,-1
2024-11-13,2024-11-13 12:41:00,526.01,526.01,525.99,525.99,-0.0,111.43,58317.25,-1
2024-11-13,2024-11-13 12:42:00,525.99,525.99,525.97,525.97,-0.0,111.43,58317.25,-1
2024-11-13,2024-11-13 12:43:00,525.97,525.97,525.95,525.95,-0.0,111.43,58317.25,-1
2024-11-13,2024-11-13 12:44:00,525.95,525.95,525.93,525.93,-0.0,111.43,58317.25,-1
2024-11-13,2024-11-13 12:45:00,525.93,525.93,525.9,525.9,-0.01,111.43,58317.25,-1
2024-11-13,2024-11-13 12:46:00,525.9,525.9,525.88,525.88,-0.0,111.43,58317.25,-1
2024-11-13,2024-11-13 12:47:00,525.88,525.88,525.86,525.86,-0.0,111.43,58317.25,-1
2024-11-13,2024-11-13 12:48:00,525.86,525.86,525.84,525.84,-0.0,111.43,58317.25,-1
2024-11-13,2024-11-13 12:49:00,525.84,525.84,525.82,525.82,-0.0,111.43,58317.25,-1
2024-11-13,2024-11-13 12:50:00,525.82,525.82,525.8,525.8,-0.0,111.43,58317.25,-1
2024-11-13,2024-11-13 12:51:00,525.8,525.8,525.77,525.77,-0.01,111.43,58317.25,-1
2024-11-13,2024-11-13 12:52:00,525.77,525.77,525.75,525.75,-0.0,111.43,58317.25,-1
2024-11-13,2024-11-13 12:53:00,525.75,525.75,525.73,525.73,-0.0,111.43,58317.25,-1
2024-11-13,2024-11-13 12:54:00,525.73,525.73,525.71,525.71,-0.0,111.43,58317.25,-1
2024-11-13,2024-11-13 12:55:00,525.71,525.71,525.69,525.69,-0.0,111.43,58317.25,-1
2024-11-13,2024-11-13 12:56:00,525.69,525.69,525.67,525.67,-0.0,111.43,58317.25,-1
2024-11-13,2024-11-13 12:57:00,525.67,525.67,525.64,525.64,-0.01,111.43,58317.25,-1
2024-11-13,2024-11-13 12:58:00,525.64,525.64,525.62,525.62,-0.0,111.43,58317.25,-1
2024-11-13,2024-11-13 12:59:00,525.62,525.62,525.6,525.6,-0.0,111.43,58317.25,-1
2024-11-13,2024-11-13 13:00:00,525.6,530.9,508.0,525.58,-0.0,111.43,58317.25,-1
2024-11-13,2024-11-13 13:01:00,525.58,525.58,525.56,525.56,-0.0,111.43,58317.25,-1
2024-11-13,2024-11-13 13:02:00,525.56,525.56,525.53,525.53,-0.01,111.43,58317.25,-1
2024-11-13,2024-11-13 13:03:00,525.53,525.53,525.51,525.51,-0.0,111.43,58317.25,-1
2024-11-13,2024-11-13 13:04:00,525.51,525.51,525.49,525.49,-0.0,111.43,58317.25,-1
2024-11-13,2024-11-13 13:05:00,525.49,525.49,525.47,525.47,-0.0,111.43,58317.25,-1
2024-11-13,2024-11-13 13:06:00,525.47,525.47,525.45,525.45,-0.0,111.43,58317.25,-1
2024-11-13,2024-11-13 13:07:00,525.45,525.45,525.43,525.43,-0.0,111.43,58317.25,-1
2024-11-13,2024-11-13 13:08:00,525.43,525.43,525.4,525.4,-0.01,111.43,58317.25,-1
2024-11-13,2024-11-13 13:09:00,525.4,525.4,525.38,525.38,-0.0,111.43,58317.25,-1
2024-11-13,2024-11-13 13:10:00,525.38,525.38,525.36,525.36,-0.0,111.43,58317.25,-1
2024-11-13,2024-11-13 13:11:00,525.36,525.36,525.34,525.34,-0.0,111.43,58317.25,-1
2024-11-13,2024-11-13 13:12:00,525.34,525.34,525.32,525.32,-0.0,111.43,58317.25,-1
2024-11-13,2024-11-13 13:13:00,525.32,525.32,525.3,525.3,-0.0,111.43,58317.25,-1
2024-11-13,2024-11-13 13:14:00,525.3,525.3,525.27,525.27,-0.01,111.43,58317.25,-1
2024-11-13,2024-11-13 13:15:00,525.27,525.27,525.25,525.25,-0.0,111.43,58317.25,-1
2024-11-13,2024-11-13 13:16:00,525.25,525.25,525.23,525.23,-0.0,111.43,58317.25,-1
2024-11-13,2024-11-13 13:17:00,525.23,525.23,525.21,525.21,-0.0,111.43,58317.25,-1
2024-11-13,2024-11-13 13:18:00,525.21,525.21,525.19,525.19,-0.0,111.43,58317.25,-1
2024-11-13,2024-11-13 13:19:00,525.19,525.19,525.17,525.17,-0.0,111.43,58317.25,-1
2024-11-13,2024-11-13 13:20:00,525.17,525.17,525.14,525.14,-0.01,111.43,58317.25,-1
2024-11-13,2024-11-13 13:21:00,525.14,525.14,525.12,525.12,-0.0,111.43,58317.25,-1
2024-11-13,2024-11-13 13:22:00,525.12,525.12,525.1,525.1,-0.0,111.43,58317.25,-1
2024-11-13,2024-11-13 13:23:00,525.1,525.1,525.08,525.08,-0.0,111.43,58317.25,-1
2024-11-13,2024-11-13 13:24:00,525.08,525.08,525.06,525.06,-0.0,111.43,58317.25,-1
2024-11-13,2024-11-13 13:25:00,525.06,525.06,525.04,525.04,-0.0,111.43,58317.25,-1
2024-11-13,2024-11-13 13:26:00,525.04,525.04,525.01,525.01,-0.01,111.43,58317.25,-1
2024-11-13,2024-11-13 13:27:00,525.01,525.01,524.99,524.99,-0.0,111.43,58317.25,-1
2024-11-13,2024-11-13 13:28:00,524.99,524.99,524.97,524.97,-0.0,111.43,58317.25,-1
2024-11-13,2024-11-13 13:29:00,524.97,524.97,524.95,524.95,-0.0,111.43,58317.25,-1
2024-11-13,2024-11-13 13:30:00,524.95,524.95,524.93,524.93,-0.0,111.43,58317.25,-1
2024-11-13,2024-11-13 13:31:00,524.93,524.93,524.91,524.91,-0.0,111.43,58317.25,-1
2024-11-13,2024-11-13 13:32:00,524.91,524.91,524.88,524.88,-0.01,111.43,58317.25,-1
2024-11-13,2024-11-13 13:33:00,524.88,524.88,524.86,524.86,-0.0,111.43,58317.25,-1
2024-11-13,2024-11-13 13:34:00,524.86,524.86,524.84,524.84,-0.0,111.43,58317.25,-1
2024-11-13,2024-11-13 13:35:00,524.84,524.84,524.82,524.82,-0.0,111.43,58317.25,-1
2024-11-13,2024-11-13 13:36:00,524.82,524.82,524.8,524.8,-0.0,111.43,58317.25,-1
2024-11-13,2024-11-13 13:37:00,524.8,524.8,524.78,524.78,-0.0,111.43,58317.25,-1
2024-11-13,2024-11-13 13:38:00,524.78,524.78,524.75,524.75,-0.01,111.43,58317.25,-1
2024-11-13,2024-11-13 13:39:00,524.75,524.75,524.73,524.73,-0.0,111.43,58317.25,-1
2024-11-13,2024-11-13 13:40:00,524.73,524.73,524.71,524.71,-0.0,111.43,58317.25,-1
2024-11-13,2024-11-13 13:41:00,524.71,524.71,524.69,524.69,-0.0,111.43,58317.25,-1
2024-11-13,2024-11-13 13:42:00,524.69,524.69,524.67,524.67,-0.0,111.43,58317.25,-1
2024-11-13,2024-11-13 13:43:00,524.67,524.67,524.65,524.65,-0.0,111.43,58317.25,-1
2024-11-13,2024-11-13 13:44:00,524.65,524.65,524.62,524.62,-0.01,111.43,58317.25,-1
2024-11-13,2024-11-13 13:45:00,524.62,524.62,524.6,524.6,-0.0,111.43,58317.25,-1
2024-11-13,2024-11-13 13:46:00,524.6,524.6,524.58,524.58,-0.0,111.43,58317.25,-1
2024-11-13,2024-11-13 13:47:00,524.58,524.58,524.56,524.56,-0.0,111.43,58317.25,-1
2024-11-13,2024-11-13 13:48:00,524.56,524.56,524.54,524.54,-0.0,111.43,58317.25,-1
2024-11-13,2024-11-13 13:49:00,524.54,524.54,524.52,524.52,-0.0,111.43,58317.25,-1
2024-11-13,2024-11-13 13:50:00,524.52,524.52,524.5,524.5,-0.0,111.43,58317.25,-1
2024-11-13,2024-11-13 13:51:00,524.5,524.5,524.47,524.47,-0.01,111.43,58317.25,-1
2024-11-13,2024-11-13 13:52:00,524.47,524.47,524.45,524.45,-0.0,111.43,58317.25,-1
2024-11-13,2024-11-13 13:53:00,524.45,524.45,524.43,524.43,-0.0,111.43,58317.25,-1
2024-11-13,2024-11-13 13:54:00,524.43,524.43,524.41,524.41,-0.0,111.43,58317.25,-1
2024-11-13,2024-11-13 13:55:00,524.41,524.41,524.39,524.39,-0.0,111.43,58317.25,-1
2024-11-13,2024-11-13 13:56:00,524.39,524.39,524.37,524.37,-0.0,111.43,58317.25,-1
2024-11-13,2024-11-13 13:57:00,524.37,524.37,524.34,524.34,-0.01,111.43,58317.25,-1
2024-11-13,2024-11-13 13:58:00,524.34,524.34,524.32,524.32,-0.0,111.43,58317.25,-1
2024-11-13,2024-11-13 13:59:00,524.32,524.32,524.3,524.3,-0.0,111.43,58317.25,-1
2024-11-13,2024-11-13 14:00:00,524.3,524.3,524.28,524.28,-0.0,111.43,58317.25,-1
2024-11-13,2024-11-13 14:01:00,524.28,524.28,524.26,524.26,-0.0,111.43,58317.25,-1
2024-11-13,2024-11-13 14:02:00,524.26,524.26,524.24,524.24,-0.0,111.43,58317.25,-1
2024-11-13,2024-11-13 14:03:00,524.24,524.24,524.21,524.21,-0.01,111.43,58317.25,-1
2024-11-13,2024-11-13 14:04:00,524.21,524.21,524.19,524.19,-0.0,111.43,58317.25,-1
2024-11-13,2024-11-13 14:05:00,524.19,524.19,524.17,524.17,-0.0,111.43,58317.25,-1
2024-11-13,2024-11-13 14:06:00,524.17,524.17,524.15,524.15,-0.0,111.43,58317.25,-1
2024-11-13,2024-11-13 14:07:00,524.15,524.15,524.13,524.13,-0.0,111.43,58317.25,-1
2024-11-13,2024-11-13 14:08:00,524.13,524.13,524.11,524.11,-0.0,111.43,58317.25,-1
2024-11-13,2024-11-13 14:09:00,524.11,524.11,524.08,524.08,-0.01,111.43,58317.25,-1
2024-11-13,2024-11-13 14:10:00,524.08,524.08,524.06,524.06,-0.0,111.43,58317.25,-1
2024-11-13,2024-11-13 14:11:00,524.06,524.06,524.04,524.04,-0.0,111.43,58317.25,-1
2024-11-13,2024-11-13 14:12:00,524.04,524.04,524.02,524.02,-0.0,111.43,58317.25,-1
2024-11-13,2024-11-13 14:13:00,524.02,524.02,524.0,524.0,-0.0,111.43,58317.25,-1
2024-11-13,2024-11-13 14:14:00,524.0,524.0,523.98,523.98,-0.0,111.43,58317.25,-1
2024-11-13,2024-11-13 14:15:00,523.98,523.98,523.95,523.95,-0.01,111.43,58317.25,-1
2024-11-13,2024-11-13 14:16:00,523.95,523.95,523.93,523.93,-0.0,111.43,58317.25,-1
2024-11-13,2024-11-13 14:17:00,523.93,523.93,523.91,523.91,-0.0,111.43,58317.25,-1
2024-11-13,2024-11-13 14:18:00,523.91,523.91,523.89,523.89,-0.0,111.43,58317.25,-1
2024-11-13,2024-11-13 14:19:00,523.89,523.89,523.87,523.87,-0.0,111.43,58317.25,-1
2024-11-13,2024-11-13 14:20:00,523.87,523.87,523.85,523.85,-0.0,111.43,58317.25,-1
2024-11-13,2024-11-13 14:21:00,523.85,523.85,523.82,523.82,-0.01,111.43,58317.25,-1
2024-11-13,2024-11-13 14:22:00,523.82,523.82,523.8,523.8,-0.0,111.43,58317.25,-1
2024-11-13,2024-11-13 14:23:00,523.8,523.8,523.78,523.78,-0.0,111.43,58317.25,-1
2024-11-13,2024-11-13 14:24:00,523.78,523.78,523.76,523.76,-0.0,111.43,58317.25,-1
2024-11-13,2024-11-13 14:25:00,523.76,523.76,523.74,523.74,-0.0,111.43,58317.25,-1
2024-11-13,2024-11-13 14:26:00,523.74,523.74,523.72,523.72,-0.0,111.43,58317.25,-1
2024-11-13,2024-11-13 14:27:00,523.72,523.72,523.69,523.69,-0.01,111.43,58317.25,-1
2024-11-13,2024-11-13 14:28:00,523.69,523.69,523.67,523.67,-0.0,111.43,58317.25,-1
2024-11-13,2024-11-13 14:29:00,523.67,523.67,523.65,523.65,-0.0,111.43,58317.25,-1
2024-11-13,2024-11-13 14:30:00,523.65,523.65,523.63,523.63,-0.0,111.43,58317.25,-1
2024-11-13,2024-11-13 14:31:00,523.63,523.63,523.61,523.61,-0.0,111.43,58317.25,-1
2024-11-13,2024-11-13 14:32:00,523.61,523.61,523.59,523.59,-0.0,111.43,58317.25,-1
2024-11-13,2024-11-13 14:33:00,523.59,523.59,523.56,523.56,-0.01,111.43,58317.25,-1
2024-11-13,2024-11-13 14:34:00,523.56,523.56,523.54,523.54,-0.0,111.43,58317.25,-1
2024-11-13,2024-11-13 14:35:00,523.54,523.54,523.52,523.52,-0.0,111.43,58317.25,-1
2024-11-13,2024-11-13 14:36:00,523.52,523.52,523.5,523.5,-0.0,111.43,58317.25,-1
2024-11-13,2024-11-13 14:37:00,523.5,523.5,523.48,523.48,-0.0,111.43,58317.25,-1
2024-11-13,2024-11-13 14:38:00,523.48,523.48,523.46,523.46,-0.0,111.43,58317.25,-1
2024-11-13,2024-11-13 14:39:00,523.46,523.46,523.43,523.43,-0.01,111.43,58317.25,-1
2024-11-13,2024-11-13 14:40:00,523.43,523.43,523.41,523.41,-0.0,111.43,58317.25,-1
2024-11-13,2024-11-13 14:41:00,523.41,523.41,523.39,523.39,-0.0,111.43,58317.25,-1
2024-11-13,2024-11-13 14:42:00,523.39,523.39,523.37,523.37,-0.0,111.43,58317.25,-1
2024-11-13,2024-11-13 14:43:00,523.37,523.37,523.35,523.35,-0.0,111.43,58317.25,-1
2024-11-13,2024-11-13 14:44:00,523.35,523.35,523.33,523.33,-0.0,111.43,58317.25,-1
2024-11-13,2024-11-13 14:45:00,523.33,523.33,523.3,523.3,-0.01,111.43,58317.25,-1
2024-11-13,2024-11-13 14:46:00,523.3,523.3,523.28,523.28,-0.0,111.43,58317.25,-1
2024-11-13,2024-11-13 14:47:00,523.28,523.28,523.26,523.26,-0.0,111.43,58317.25,-1
2024-11-13,2024-11-13 14:48:00,523.26,523.26,523.24,523.24,-0.0,111.43,58317.25,-1
2024-11-13,2024-11-13 14:49:00,523.24,523.24,523.22,523.22,-0.0,111.43,58317.25,-1
2024-11-13,2024-11-13 14:50:00,523.22,523.22,523.2,523.2,-0.0,111.43,58317.25,-1
2024-11-13,2024-11-13 14:51:00,523.2,523.2,523.17,523.17,-0.01,111.43,58317.25,-1
2024-11-13,2024-11-13 14:52:00,523.17,523.17,523.15,523.15,-0.0,111.43,58317.25,-1
2024-11-13,2024-11-13 14:53:00,523.15,523.15,523.13,523.13,-0.0,111.43,58317.25,-1
2024-11-13,2024-11-13 14:54:00,523.13,523.13,523.11,523.11,-0.0,111.43,58317.25,-1
2024-11-13,2024-11-13 14:55:00,523.11,523.11,523.09,523.09,-0.0,111.43,58317.25,-1
2024-11-13,2024-11-13 14:56:00,523.09,523.09,523.07,523.07,-0.0,111.43,58317.25,-1
2024-11-13,2024-11-13 14:57:00,523.07,523.07,523.04,523.04,-0.01,111.43,58317.25,-1
2024-11-13,2024-11-13 14:58:00,523.04,523.04,523.02,523.02,-0.0,111.43,58317.25,-1
2024-11-13,2024-11-13 14:59:00,523.02,523.02,523.0,523.0,-0.0,111.43,58317.25,-1
2024-11-13,2024-11-13 15:00:00,523.0,530.9,508.0,523.0,0.0,111.43,58317.25,0
2024-11-14,2024-11-14 11:00:00,513.0,522.78,513.0,513.1,0.02,185.95,99965.54,1
2024-11-14,2024-11-14 11:01:00,513.1,513.19,513.1,513.19,0.02,185.95,99965.54,1
2024-11-14,2024-11-14 11:02:00,513.19,513.29,513.19,513.29,0.02,185.95,99965.54,1
2024-11-14,2024-11-14 11:03:00,513.29,513.38,513.29,513.38,0.02,185.95,99965.54,1
2024-11-14,2024-11-14 11:04:00,513.38,513.48,513.38,513.48,0.02,185.95,99965.54,1
2024-11-14,2024-11-14 11:05:00,513.48,513.58,513.48,513.58,0.02,185.95,99965.54,1
2024-11-14,2024-11-14 11:06:00,513.58,513.67,513.58,513.67,0.02,185.95,99965.54,1
2024-11-14,2024-11-14 11:07:00,513.67,513.77,513.67,513.77,0.02,185.95,99965.54,1
2024-11-14,2024-11-14 11:08:00,513.77,513.87,513.77,513.87,0.02,185.95,99965.54,1
2024-11-14,2024-11-14 11:09:00,513.87,513.96,513.87,513.96,0.02,185.95,99965.54,1
2024-11-14,2024-11-14 11:10:00,513.96,514.06,513.96,514.06,0.02,185.95,99965.54,1
2024-11-14,2024-11-14 11:11:00,514.06,514.15,514.06,514.15,0.02,185.95,99965.54,1
2024-11-14,2024-11-14 11:12:00,514.15,514.25,514.15,514.25,0.02,185.95,99965.54,1
2024-11-14,2024-11-14 11:13:00,514.25,514.35,514.25,514.35,0.02,185.95,99965.54,1
2024-11-14,2024-11-14 11:14:00,514.35,514.44,514.35,514.44,0.02,185.95,99965.54,1
2024-11-14,2024-11-14 11:15:00,514.44,514.54,514.44,514.54,0.02,185.95,99965.54,1
2024-11-14,2024-11-14 11:16:00,514.54,514.64,514.54,514.64,0.02,185.95,99965.54,1
2024-11-14,2024-11-14 11:17:00,514.64,514.73,514.64,514.73,0.02,185.95,99965.54,1
2024-11-14,2024-11-14 11:18:00,514.73,514.83,514.73,514.83,0.02,185.95,99965.54,1
2024-11-14,2024-11-14 11:19:00,514.83,514.92,514.83,514.92,0.02,185.95,99965.54,1
2024-11-14,2024-11-14 11:20:00,514.92,515.02,514.92,515.02,0.02,185.95,99965.54,1
2024-11-14,2024-11-14 11:21:00,515.02,515.12,515.02,515.12,0.02,185.95,99965.54,1
2024-11-14,2024-11-14 11:22:00,515.12,515.21,515.12,515.21,0.02,185.95,99965.54,1
2024-11-14,2024-11-14 11:23:00,515.21,515.31,515.21,515.31,0.02,185.95,99965.54,1
2024-11-14,2024-11-14 11:24:00,515.31,515.41,515.31,515.41,0.02,185.95,99965.54,1
2024-11-14,2024-11-14 11:25:00,515.41,515.5,515.41,515.5,0.02,185.95,99965.54,1
2024-11-14,2024-11-14 11:26:00,515.5,515.6,515.5,515.6,0.02,185.95,99965.54,1
2024-11-14,2024-11-14 11:27:00,515.6,515.7,515.6,515.7,0.02,185.95,99965.54,1
2024-11-14,2024-11-14 11:28:00,515.7,515.79,515.7,515.79,0.02,185.95,99965.54,1
2024-11-14,2024-11-14 11:29:00,515.79,515.89,515.79,515.89,0.02,185.95,99965.54,1
2024-11-14,2024-11-14 11:30:00,515.89,515.98,515.89,515.98,0.02,185.95,99965.54,1
2024-11-14,2024-11-14 11:31:00,515.98,516.08,515.98,516.08,0.02,185.95,99965.54,1
2024-11-14,2024-11-14 11:32:00,516.08,516.18,516.08,516.18,0.02,185.95,99965.54,1
2024-11-14,2024-11-14 11:33:00,516.18,516.27,516.18,516.27,0.02,185.95,99965.54,1
2024-11-14,2024-11-14 11:34:00,516.27,516.37,516.27,516.37,0.02,185.95,99965.54,1
2024-11-14,2024-11-14 11:35:00,516.37,516.47,516.37,516.47,0.02,185.95,99965.54,1
2024-11-14,2024-11-14 11:36:00,516.47,516.56,516.47,516.56,0.02,185.95,99965.54,1
2024-11-14,2024-11-14 11:37:00,516.56,516.66,516.56,516.66,0.02,185.95,99965.54,1
2024-11-14,2024-11-14 11:38:00,516.66,516.75,516.66,516.75,0.02,185.95,99965.54,1
2024-11-14,2024-11-14 11:39:00,516.75,516.85,516.75,516.85,0.02,185.95,99965.54,1
2024-11-14,2024-11-14 11:40:00,516.85,516.95,516.85,516.95,0.02,185.95,99965.54,1
2024-11-14,2024-11-14 11:41:00,516.95,517.04,516.95,517.04,0.02,185.95,99965.54,1
2024-11-14,2024-11-14 11:42:00,517.04,517.14,517.04,517.14,0.02,185.95,99965.54,1
2024-11-14,2024-11-14 11:43:00,517.14,517.24,517.14,517.24,0.02,185.95,99965.54,1
2024-11-14,2024-11-14 11:44:00,517.24,517.33,517.24,517.33,0.02,185.95,99965.54,1
2024-11-14,2024-11-14 11:45:00,517.33,517.43,517.33,517.43,0.02,185.95,99965.54,1
2024-11-14,2024-11-14 11:46:00,517.43,517.52,517.43,517.52,0.02,185.95,99965.54,1
2024-11-14,2024-11-14 11:47:00,517.52,517.62,517.52,517.62,0.02,185.95,99965.54,1
2024-11-14,2024-11-14 11:48:00,517.62,517.72,517.62,517.72,0.02,185.95,99965.54,1
2024-11-14,2024-11-14 11:49:00,517.72,517.81,517.72,517.81,0.02,185.95,99965.54,1
2024-11-14,2024-11-14 11:50:00,517.81,517.91,517.81,517.91,0.02,185.95,99965.54,1
2024-11-14,2024-11-14 11:51:00,517.91,518.0,517.91,518.0,0.02,185.95,99965.54,1
2024-11-14,2024-11-14 11:52:00,518.0,518.1,518.0,518.1,0.02,185.95,99965.54,1
2024-11-14,2024-11-14 11:53:00,518.1,518.2,518.1,518.2,0.02,185.95,99965.54,1
2024-11-14,2024-11-14 11:54:00,518.2,518.29,518.2,518.29,0.02,185.95,99965.54,1
2024-11-14,2024-11-14 11:55:00,518.29,518.39,518.29,518.39,0.02,185.95,99965.54,1
2024-11-14,2024-11-14 11:56:00,518.39,518.49,518.39,518.49,0.02,185.95,99965.54,1
2024-11-14,2024-11-14 11:57:00,518.49,518.58,518.49,518.58,0.02,185.95,99965.54,1
2024-11-14,2024-11-14 11:58:00,518.58,518.68,518.58,518.68,0.02,185.95,99965.54,1
2024-11-14,2024-11-14 11:59:00,518.68,518.77,518.68,518.77,0.02,185.95,99965.54,1
2024-11-14,2024-11-14 12:00:00,518.77,518.87,518.77,518.87,0.02,185.95,99965.54,1
2024-11-14,2024-11-14 12:01:00,518.87,518.97,518.87,518.97,0.02,185.95,99965.54,1
2024-11-14,2024-11-14 12:02:00,518.97,519.06,518.97,519.06,0.02,185.95,99965.54,1
2024-11-14,2024-11-14 12:03:00,519.06,519.16,519.06,519.16,0.02,185.95,99965.54,1
2024-11-14,2024-11-14 12:04:00,519.16,519.26,519.16,519.26,0.02,185.95,99965.54,1
2024-11-14,2024-11-14 12:05:00,519.26,519.35,519.26,519.35,0.02,185.95,99965.54,1
2024-11-14,2024-11-14 12:06:00,519.35,519.45,519.35,519.45,0.02,185.95,99965.54,1
2024-11-14,2024-11-14 12:07:00,519.45,519.54,519.45,519.54,0.02,185.95,99965.54,1
2024-11-14,2024-11-14 12:08:00,519.54,519.64,519.54,519.64,0.02,185.95,99965.54,1
2024-11-14,2024-11-14 12:09:00,519.64,519.74,519.64,519.74,0.02,185.95,99965.54,1
2024-11-14,2024-11-14 12:10:00,519.74,519.83,519.74,519.83,0.02,185.95,99965.54,1
2024-11-14,2024-11-14 12:11:00,519.83,519.93,519.83,519.93,0.02,185.95,99965.54,1
2024-11-14,2024-11-14 12:12:00,519.93,520.03,519.93,520.03,0.02,185.95,99965.54,1
2024-11-14,2024-11-14 12:13:00,520.03,520.12,520.03,520.12,0.02,185.95,99965.54,1
2024-11-14,2024-11-14 12:14:00,520.12,520.22,520.12,520.22,0.02,185.95,99965.54,1
2024-11-14,2024-11-14 12:15:00,520.22,520.32,520.22,520.32,0.02,185.95,99965.54,1
2024-11-14,2024-11-14 12:16:00,520.32,520.41,520.32,520.41,0.02,185.95,99965.54,1
2024-11-14,2024-11-14 12:17:00,520.41,520.51,520.41,520.51,0.02,185.95,99965.54,1
2024-11-14,2024-11-14 12:18:00,520.51,520.6,520.51,520.6,0.02,185.95,99965.54,1
2024-11-14,2024-11-14 12:19:00,520.6,520.7,520.6,520.7,0.02,185.95,99965.54,1
2024-11-14,2024-11-14 12:20:00,520.7,520.8,520.7,520.8,0.02,185.95,99965.54,1
2024-11-14,2024-11-14 12:21:00,520.8,520.89,520.8,520.89,0.02,185.95,99965.54,1
2024-11-14,2024-11-14 12:22:00,520.89,520.99,520.89,520.99,0.02,185.95,99965.54,1
2024-11-14,2024-11-14 12:23:00,520.99,521.09,520.99,521.09,0.02,185.95,99965.54,1
2024-11-14,2024-11-14 12:24:00,521.09,521.18,521.09,521.18,0.02,185.95,99965.54,1
2024-11-14,2024-11-14 12:25:00,521.18,521.28,521.18,521.28,0.02,185.95,99965.54,1
2024-11-14,2024-11-14 12:26:00,521.28,521.37,521.28,521.37,0.02,185.95,99965.54,1
2024-11-14,2024-11-14 12:27:00,521.37,521.47,521.37,521.47,0.02,185.95,99965.54,1
2024-11-14,2024-11-14 12:28:00,521.47,521.57,521.47,521.57,0.02,185.95,99965.54,1
2024-11-14,2024-11-14 12:29:00,521.57,521.66,521.57,521.66,0.02,185.95,99965.54,1
2024-11-14,2024-11-14 12:30:00,521.66,521.76,521.66,521.76,0.02,185.95,99965.54,1
2024-11-14,2024-11-14 12:31:00,521.76,521.86,521.76,521.86,0.02,185.95,99965.54,1
2024-11-14,2024-11-14 12:32:00,521.86,521.95,521.86,521.95,0.02,185.95,99965.54,1
2024-11-14,2024-11-14 12:33:00,521.95,522.05,521.95,522.05,0.02,185.95,99965.54,1
2024-11-14,2024-11-14 12:34:00,522.05,522.14,522.05,522.14,0.02,185.95,99965.54,1
2024-11-14,2024-11-14 12:35:00,522.14,522.24,522.14,522.24,0.02,185.95,99965.54,1
2024-11-14,2024-11-14 12:36:00,522.24,522.34,522.24,522.34,0.02,185.95,99965.54,1
2024-11-14,2024-11-14 12:37:00,522.34,522.43,522.34,522.43,0.02,185.95,99965.54,1
2024-11-14,2024-11-14 12:38:00,522.43,522.53,522.43,522.53,0.02,185.95,99965.54,1
2024-11-14,2024-11-14 12:39:00,522.53,522.62,522.53,522.62,0.02,185.95,99965.54,1
2024-11-14,2024-11-14 12:40:00,522.62,522.72,522.62,522.72,0.02,185.95,99965.54,1
2024-11-14,2024-11-14 12:41:00,522.72,522.82,522.72,522.82,0.02,185.95,99965.54,1
2024-11-14,2024-11-14 12:42:00,522.82,522.91,522.82,522.91,0.02,185.95,99965.54,1
2024-11-14,2024-11-14 12:43:00,522.91,523.01,522.91,523.01,0.02,185.95,99965.54,1
2024-11-14,2024-11-14 12:44:00,523.01,523.11,523.01,523.11,0.02,185.95,99965.54,1
2024-11-14,2024-11-14 12:45:00,523.11,523.2,523.11,523.2,0.02,185.95,99965.54,1
2024-11-14,2024-11-14 12:46:00,523.2,523.3,523.2,523.3,0.02,185.95,99965.54,1
2024-11-14,2024-11-14 12:47:00,523.3,523.39,523.3,523.39,0.02,185.95,99965.54,1
2024-11-14,2024-11-14 12:48:00,523.39,523.49,523.39,523.49,0.02,185.95,99965.54,1
2024-11-14,2024-11-14 12:49:00,523.49,523.59,523.49,523.59,0.02,185.95,99965.54,1
2024-11-14,2024-11-14 12:50:00,523.59,523.68,523.59,523.68,0.02,185.95,99965.54,1
2024-11-14,2024-11-14 12:51:00,523.68,523.78,523.68,523.78,0.02,185.95,99965.54,1
2024-11-14,2024-11-14 12:52:00,523.78,523.88,523.78,523.88,0.02,185.95,99965.54,1
2024-11-14,2024-11-14 12:53:00,523.88,523.97,523.88,523.97,0.02,185.95,99965.54,1
2024-11-14,2024-11-14 12:54:00,523.97,524.07,523.97,524.07,0.02,185.95,99965.54,1
2024-11-14,2024-11-14 12:55:00,524.07,524.16,524.07,524.16,0.02,185.95,99965.54,1
2024-11-14,2024-11-14 12:56:00,524.16,524.26,524.16,524.26,0.02,185.95,99965.54,1
2024-11-14,2024-11-14 12:57:00,524.26,524.36,524.26,524.36,0.02,185.95,99965.54,1
2024-11-14,2024-11-14 12:58:00,524.36,524.45,524.36,524.45,0.02,185.95,99965.54,1
2024-11-14,2024-11-14 12:59:00,524.45,524.55,524.45,524.55,0.02,185.95,99965.54,1
2024-11-14,2024-11-14 13:00:00,524.55,545.6,513.0,524.65,0.02,185.95,99965.54,1
2024-11-14,2024-11-14 13:01:00,524.65,524.74,524.65,524.74,0.02,185.95,99965.54,1
2024-11-14,2024-11-14 13:02:00,524.74,524.84,524.74,524.84,0.02,185.95,99965.54,1
2024-11-14,2024-11-14 13:03:00,524.84,524.94,524.84,524.94,0.02,185.95,99965.54,1
2024-11-14,2024-11-14 13:04:00,524.94,525.03,524.94,525.03,0.02,185.95,99965.54,1
2024-11-14,2024-11-14 13:05:00,525.03,525.13,525.03,525.13,0.02,185.95,99965.54,1
2024-11-14,2024-11-14 13:06:00,525.13,525.22,525.13,525.22,0.02,185.95,99965.54,1
2024-11-14,2024-11-14 13:07:00,525.22,525.32,525.22,525.32,0.02,185.95,99965.54,1
2024-11-14,2024-11-14 13:08:00,525.32,525.42,525.32,525.42,0.02,185.95,99965.54,1
2024-11-14,2024-11-14 13:09:00,525.42,525.51,525.42,525.51,0.02,185.95,99965.54,1
2024-11-14,2024-11-14 13:10:00,525.51,525.61,525.51,525.61,0.02,185.95,99965.54,1
2024-11-14,2024-11-14 13:11:00,525.61,525.71,525.61,525.71,0.02,185.95,99965.54,1
2024-11-14,2024-11-14 13:12:00,525.71,525.8,525.71,525.8,0.02,185.95,99965.54,1
2024-11-14,2024-11-14 13:13:00,525.8,525.9,525.8,525.9,0.02,185.95,99965.54,1
2024-11-14,2024-11-14 13:14:00,525.9,525.99,525.9,525.99,0.02,185.95,99965.54,1
2024-11-14,2024-11-14 13:15:00,525.99,526.09,525.99,526.09,0.02,185.95,99965.54,1
2024-11-14,2024-11-14 13:16:00,526.09,526.19,526.09,526.19,0.02,185.95,99965.54,1
2024-11-14,2024-11-14 13:17:00,526.19,526.28,526.19,526.28,0.02,185.95,99965.54,1
2024-11-14,2024-11-14 13:18:00,526.28,526.38,526.28,526.38,0.02,185.95,99965.54,1
2024-11-14,2024-11-14 13:19:00,526.38,526.48,526.38,526.48,0.02,185.95,99965.54,1
2024-11-14,2024-11-14 13:20:00,526.48,526.57,526.48,526.57,0.02,185.95,99965.54,1
2024-11-14,2024-11-14 13:21:00,526.57,526.67,526.57,526.67,0.02,185.95,99965.54,1
2024-11-14,2024-11-14 13:22:00,526.67,526.76,526.67,526.76,0.02,185.95,99965.54,1
2024-11-14,2024-11-14 13:23:00,526.76,526.86,526.76,526.86,0.02,185.95,99965.54,1
2024-11-14,2024-11-14 13:24:00,526.86,526.96,526.86,526.96,0.02,185.95,99965.54,1
2024-11-14,2024-11-14 13:25:00,526.96,527.05,526.96,527.05,0.02,185.95,99965.54,1
2024-11-14,2024-11-14 13:26:00,527.05,527.15,527.05,527.15,0.02,185.95,99965.54,1
2024-11-14,2024-11-14 13:27:00,527.15,527.25,527.15,527.25,0.02,185.95,99965.54,1
2024-11-14,2024-11-14 13:28:00,527.25,527.34,527.25,527.34,0.02,185.95,99965.54,1
2024-11-14,2024-11-14 13:29:00,527.34,527.44,527.34,527.44,0.02,185.95,99965.54,1
2024-11-14,2024-11-14 13:30:00,527.44,527.53,527.44,527.53,0.02,185.95,99965.54,1
2024-11-14,2024-11-14 13:31:00,527.53,527.63,527.53,527.63,0.02,185.95,99965.54,1
2024-11-14,2024-11-14 13:32:00,527.63,527.73,527.63,527.73,0.02,185.95,99965.54,1
2024-11-14,2024-11-14 13:33:00,527.73,527.82,527.73,527.82,0.02,185.95,99965.54,1
2024-11-14,2024-11-14 13:34:00,527.82,527.92,527.82,527.92,0.02,185.95,99965.54,1
2024-11-14,2024-11-14 13:35:00,527.92,528.01,527.92,528.01,0.02,185.95,99965.54,1
2024-11-14,2024-11-14 13:36:00,528.01,528.11,528.01,528.11,0.02,185.95,99965.54,1
2024-11-14,2024-11-14 13:37:00,528.11,528.21,528.11,528.21,0.02,185.95,99965.54,1
2024-11-14,2024-11-14 13:38:00,528.21,528.3,528.21,528.3,0.02,185.95,99965.54,1
2024-11-14,2024-11-14 13:39:00,528.3,528.4,528.3,528.4,0.02,185.95,99965.54,1
2024-11-14,2024-11-14 13:40:00,528.4,528.5,528.4,528.5,0.02,185.95,99965.54,1
2024-11-14,2024-11-14 13:41:00,528.5,528.59,528.5,528.59,0.02,185.95,99965.54,1
2024-11-14,2024-11-14 13:42:00,528.59,528.69,528.59,528.69,0.02,185.95,99965.54,1
2024-11-14,2024-11-14 13:43:00,528.69,528.78,528.69,528.78,0.02,185.95,99965.54,1
2024-11-14,2024-11-14 13:44:00,528.78,528.88,528.78,528.88,0.02,185.95,99965.54,1
2024-11-14,2024-11-14 13:45:00,528.88,528.98,528.88,528.98,0.02,185.95,99965.54,1
2024-11-14,2024-11-14 13:46:00,528.98,529.07,528.98,529.07,0.02,185.95,99965.54,1
2024-11-14,2024-11-14 13:47:00,529.07,529.17,529.07,529.17,0.02,185.95,99965.54,1
2024-11-14,2024-11-14 13:48:00,529.17,529.27,529.17,529.27,0.02,185.95,99965.54,1
2024-11-14,2024-11-14 13:49:00,529.27,529.36,529.27,529.36,0.02,185.95,99965.54,1
2024-11-14,2024-11-14 13:50:00,529.36,529.46,529.36,529.46,0.02,185.95,99965.54,1
2024-11-14,2024-11-14 13:51:00,529.46,529.56,529.46,529.56,0.02,185.95,99965.54,1
2024-11-14,2024-11-14 13:52:00,529.56,529.65,529.56,529.65,0.02,185.95,99965.54,1
2024-11-14,2024-11-14 13:53:00,529.65,529.75,529.65,529.75,0.02,185.95,99965.54,1
2024-11-14,2024-11-14 13:54:00,529.75,529.84,529.75,529.84,0.02,185.95,99965.54,1
2024-11-14,2024-11-14 13:55:00,529.84,529.94,529.84,529.94,0.02,185.95,99965.54,1
2024-11-14,2024-11-14 13:56:00,529.94,530.04,529.94,530.04,0.02,185.95,99965.54,1
2024-11-14,2024-11-14 13:57:00,530.04,530.13,530.04,530.13,0.02,185.95,99965.54,1
2024-11-14,2024-11-14 13:58:00,530.13,530.23,530.13,530.23,0.02,185.95,99965.54,1
2024-11-14,2024-11-14 13:59:00,530.23,530.33,530.23,530.33,0.02,185.95,99965.54,1
2024-11-14,2024-11-14 14:00:00,530.33,530.42,530.33,530.42,0.02,185.95,99965.54,1
2024-11-14,2024-11-14 14:01:00,530.42,530.52,530.42,530.52,0.02,185.95,99965.54,1
2024-11-14,2024-11-14 14:02:00,530.52,530.61,530.52,530.61,0.02,185.95,99965.54,1
2024-11-14,2024-11-14 14:03:00,530.61,530.71,530.61,530.71,0.02,185.95,99965.54,1
2024-11-14,2024-11-14 14:04:00,530.71,530.81,530.71,530.81,0.02,185.95,99965.54,1
2024-11-14,2024-11-14 14:05:00,530.81,530.9,530.81,530.9,0.02,185.95,99965.54,1
2024-11-14,2024-11-14 14:06:00,530.9,531.0,530.9,531.0,0.02,185.95,99965.54,1
2024-11-14,2024-11-14 14:07:00,531.0,531.1,531.0,531.1,0.02,185.95,99965.54,1
2024-11-14,2024-11-14 14:08:00,531.1,531.19,531.1,531.19,0.02,185.95,99965.54,1
2024-11-14,2024-11-14 14:09:00,531.19,531.29,531.19,531.29,0.02,185.95,99965.54,1
2024-11-14,2024-11-14 14:10:00,531.29,531.38,531.29,531.38,0.02,185.95,99965.54,1
2024-11-14,2024-11-14 14:11:00,531.38,531.48,531.38,531.48,0.02,185.95,99965.54,1
2024-11-14,2024-11-14 14:12:00,531.48,531.58,531.48,531.58,0.02,185.95,99965.54,1
2024-11-14,2024-11-14 14:13:00,531.58,531.67,531.58,531.67,0.02,185.95,99965.54,1
2024-11-14,2024-11-14 14:14:00,531.67,531.77,531.67,531.77,0.02,185.95,99965.54,1
2024-11-14,2024-11-14 14:15:00,531.77,531.87,531.77,531.87,0.02,185.95,99965.54,1
2024-11-14,2024-11-14 14:16:00,531.87,531.96,531.87,531.96,0.02,185.95,99965.54,1
2024-11-14,2024-11-14 14:17:00,531.96,532.06,531.96,532.06,0.02,185.95,99965.54,1
2024-11-14,2024-11-14 14:18:00,532.06,532.15,532.06,532.15,0.02,185.95,99965.54,1
2024-11-14,2024-11-14 14:19:00,532.15,532.25,532.15,532.25,0.02,185.95,99965.54,1
2024-11-14,2024-11-14 14:20:00,532.25,532.35,532.25,532.35,0.02,185.95,99965.54,1
2024-11-14,2024-11-14 14:21:00,532.35,532.44,532.35,532.44,0.02,185.95,99965.54,1
2024-11-14,2024-11-14 14:22:00,532.44,532.54,532.44,532.54,0.02,185.95,99965.54,1
2024-11-14,2024-11-14 14:23:00,532.54,532.63,532.54,532.63,0.02,185.95,99965.54,1
2024-11-14,2024-11-14 14:24:00,532.63,532.73,532.63,532.73,0.02,185.95,99965.54,1
2024-11-14,2024-11-14 14:25:00,532.73,532.83,532.73,532.83,0.02,185.95,99965.54,1
2024-11-14,2024-11-14 14:26:00,532.83,532.92,532.83,532.92,0.02,185.95,99965.54,1
2024-11-14,2024-11-14 14:27:00,532.92,533.02,532.92,533.02,0.02,185.95,99965.54,1
2024-11-14,2024-11-14 14:28:00,533.02,533.12,533.02,533.12,0.02,185.95,99965.54,1
2024-11-14,2024-11-14 14:29:00,533.12,533.21,533.12,533.21,0.02,185.95,99965.54,1
2024-11-14,2024-11-14 14:30:00,533.21,533.31,533.21,533.31,0.02,185.95,99965.54,1
2024-11-14,2024-11-14 14:31:00,533.31,533.4,533.31,533.4,0.02,185.95,99965.54,1
2024-11-14,2024-11-14 14:32:00,533.4,533.5,533.4,533.5,0.02,185.95,99965.54,1
2024-11-14,2024-11-14 14:33:00,533.5,533.6,533.5,533.6,0.02,185.95,99965.54,1
2024-11-14,2024-11-14 14:34:00,533.6,533.69,533.6,533.69,0.02,185.95,99965.54,1
2024-11-14,2024-11-14 14:35:00,533.69,533.79,533.69,533.79,0.02,185.95,99965.54,1
2024-11-14,2024-11-14 14:36:00,533.79,533.89,533.79,533.89,0.02,185.95,99965.54,1
2024-11-14,2024-11-14 14:37:00,533.89,533.98,533.89,533.98,0.02,185.95,99965.54,1
2024-11-14,2024-11-14 14:38:00,533.98,534.08,533.98,534.08,0.02,185.95,99965.54,1
2024-11-14,2024-11-14 14:39:00,534.08,534.18,534.08,534.18,0.02,185.95,99965.54,1
2024-11-14,2024-11-14 14:40:00,534.18,534.27,534.18,534.27,0.02,185.95,99965.54,1
2024-11-14,2024-11-14 14:41:00,534.27,534.37,534.27,534.37,0.02,185.95,99965.54,1
2024-11-14,2024-11-14 14:42:00,534.37,534.46,534.37,534.46,0.02,185.95,99965.54,1
2024-11-14,2024-11-14 14:43:00,534.46,534.56,534.46,534.56,0.02,185.95,99965.54,1
2024-11-14,2024-11-14 14:44:00,534.56,534.66,534.56,534.66,0.02,185.95,99965.54,1
2024-11-14,2024-11-14 14:45:00,534.66,534.75,534.66,534.75,0.02,185.95,99965.54,1
2024-11-14,2024-11-14 14:46:00,534.75,534.85,534.75,534.85,0.02,185.95,99965.54,1
2024-11-14,2024-11-14 14:47:00,534.85,534.95,534.85,534.95,0.02,185.95,99965.54,1
2024-11-14,2024-11-14 14:48:00,534.95,535.04,534.95,535.04,0.02,185.95,99965.54,1
2024-11-14,2024-11-14 14:49:00,535.04,535.14,535.04,535.14,0.02,185.95,99965.54,1
2024-11-14,2024-11-14 14:50:00,535.14,535.23,535.14,535.23,0.02,185.95,99965.54,1
2024-11-14,2024-11-14 14:51:00,535.23,535.33,535.23,535.33,0.02,185.95,99965.54,1
2024-11-14,2024-11-14 14:52:00,535.33,535.43,535.33,535.43,0.02,185.95,99965.54,1
2024-11-14,2024-11-14 14:53:00,535.43,535.52,535.43,535.52,0.02,185.95,99965.54,1
2024-11-14,2024-11-14 14:54:00,535.52,535.62,535.52,535.62,0.02,185.95,99965.54,1
2024-11-14,2024-11-14 14:55:00,535.62,535.72,535.62,535.72,0.02,185.95,99965.54,1
2024-11-14,2024-11-14 14:56:00,535.72,535.81,535.72,535.81,0.02,185.95,99965.54,1
2024-11-14,2024-11-14 14:57:00,535.81,535.91,535.81,535.91,0.02,185.95,99965.54,1
2024-11-14,2024-11-14 14:58:00,535.91,536.0,535.91,536.0,0.02,185.95,99965.54,1
2024-11-14,2024-11-14 14:59:00,536.0,536.1,536.0,536.1,0.02,185.95,99965.54,1
2024-11-14,2024-11-14 15:00:00,536.1,545.6,513.0,536.1,0.0,185.95,99965.54,0
2024-11-17,2024-11-17 11:00:00,526.0,541.0,526.0,526.21,0.04,311.67,177564.25,1
2024-11-17,2024-11-17 11:01:00,526.21,526.42,526.21,526.42,0.04,311.67,177564.25,1
2024-11-17,2024-11-17 11:02:00,526.42,526.62,526.42,526.62,0.04,311.67,177564.25,1
2024-11-17,2024-11-17 11:03:00,526.62,526.83,526.62,526.83,0.04,311.67,177564.25,1
2024-11-17,2024-11-17 11:04:00,526.83,527.04,526.83,527.04,0.04,311.67,177564.25,1
2024-11-17,2024-11-17 11:05:00,527.04,527.25,527.04,527.25,0.04,311.67,177564.25,1
2024-11-17,2024-11-17 11:06:00,527.25,527.46,527.25,527.46,0.04,311.67,177564.25,1
2024-11-17,2024-11-17 11:07:00,527.46,527.67,527.46,527.67,0.04,311.67,177564.25,1
2024-11-17,2024-11-17 11:08:00,527.67,527.88,527.67,527.88,0.04,311.67,177564.25,1
2024-11-17,2024-11-17 11:09:00,527.88,528.08,527.88,528.08,0.04,311.67,177564.25,1
2024-11-17,2024-11-17 11:10:00,528.08,528.29,528.08,528.29,0.04,311.67,177564.25,1
2024-11-17,2024-11-17 11:11:00,528.29,528.5,528.29,528.5,0.04,311.67,177564.25,1
2024-11-17,2024-11-17 11:12:00,528.5,528.71,528.5,528.71,0.04,311.67,177564.25,1
2024-11-17,2024-11-17 11:13:00,528.71,528.92,528.71,528.92,0.04,311.67,177564.25,1
2024-11-17,2024-11-17 11:14:00,528.92,529.12,528.92,529.12,0.04,311.67,177564.25,1
2024-11-17,2024-11-17 11:15:00,529.12,529.33,529.12,529.33,0.04,311.67,177564.25,1
2024-11-17,2024-11-17 11:16:00,529.33,529.54,529.33,529.54,0.04,311.67,177564.25,1
2024-11-17,2024-11-17 11:17:00,529.54,529.75,529.54,529.75,0.04,311.67,177564.25,1
2024-11-17,2024-11-17 11:18:00,529.75,529.96,529.75,529.96,0.04,311.67,177564.25,1
2024-11-17,2024-11-17 11:19:00,529.96,530.17,529.96,530.17,0.04,311.67,177564.25,1
2024-11-17,2024-11-17 11:20:00,530.17,530.38,530.17,530.38,0.04,311.67,177564.25,1
2024-11-17,2024-11-17 11:21:00,530.38,530.58,530.38,530.58,0.04,311.67,177564.25,1
2024-11-17,2024-11-17 11:22:00,530.58,530.79,530.58,530.79,0.04,311.67,177564.25,1
2024-11-17,2024-11-17 11:23:00,530.79,531.0,530.79,531.0,0.04,311.67,177564.25,1
2024-11-17,2024-11-17 11:24:00,531.0,531.21,531.0,531.21,0.04,311.67,177564.25,1
2024-11-17,2024-11-17 11:25:00,531.21,531.42,531.21,531.42,0.04,311.67,177564.25,1
2024-11-17,2024-11-17 11:26:00,531.42,531.62,531.42,531.62,0.04,311.67,177564.25,1
2024-11-17,2024-11-17 11:27:00,531.62,531.83,531.62,531.83,0.04,311.67,177564.25,1
2024-11-17,2024-11-17 11:28:00,531.83,532.04,531.83,532.04,0.04,311.67,177564.25,1
2024-11-17,2024-11-17 11:29:00,532.04,532.25,532.04,532.25,0.04,311.67,177564.25,1
2024-11-17,2024-11-17 11:30:00,532.25,532.46,532.25,532.46,0.04,311.67,177564.25,1
2024-11-17,2024-11-17 11:31:00,532.46,532.67,532.46,532.67,0.04,311.67,177564.25,1
2024-11-17,2024-11-17 11:32:00,532.67,532.88,532.67,532.88,0.04,311.67,177564.25,1
2024-11-17,2024-11-17 11:33:00,532.88,533.08,532.88,533.08,0.04,311.67,177564.25,1
2024-11-17,2024-11-17 11:34:00,533.08,533.29,533.08,533.29,0.04,311.67,177564.25,1
2024-11-17,2024-11-17 11:35:00,533.29,533.5,533.29,533.5,0.04,311.67,177564.25,1
2024-11-17,2024-11-17 11:36:00,533.5,533.71,533.5,533.71,0.04,311.67,177564.25,1
2024-11-17,2024-11-17 11:37:00,533.71,533.92,533.71,533.92,0.04,311.67,177564.25,1
2024-11-17,2024-11-17 11:38:00,533.92,534.12,533.92,534.12,0.04,311.67,177564.25,1
2024-11-17,2024-11-17 11:39:00,534.12,534.33,534.12,534.33,0.04,311.67,177564.25,1
2024-11-17,2024-11-17 11:40:00,534.33,534.54,534.33,534.54,0.04,311.67,177564.25,1
2024-11-17,2024-11-17 11:41:00,534.54,534.75,534.54,534.75,0.04,311.67,177564.25,1
2024-11-17,2024-11-17 11:42:00,534.75,534.96,534.75,534.96,0.04,311.67,177564.25,1
2024-11-17,2024-11-17 11:43:00,534.96,535.17,534.96,535.17,0.04,311.67,177564.25,1
2024-11-17,2024-11-17 11:44:00,535.17,535.38,535.17,535.38,0.04,311.67,177564.25,1
2024-11-17,2024-11-17 11:45:00,535.38,535.58,535.38,535.58,0.04,311.67,177564.25,1
2024-11-17,2024-11-17 11:46:00,535.58,535.79,535.58,535.79,0.04,311.67,177564.25,1
2024-11-17,2024-11-17 11:47:00,535.79,536.0,535.79,536.0,0.04,311.67,177564.25,1
2024-11-17,2024-11-17 11:48:00,536.0,536.21,536.0,536.21,0.04,311.67,177564.25,1
2024-11-17,2024-11-17 11:49:00,536.21,536.42,536.21,536.42,0.04,311.67,177564.25,1
2024-11-17,2024-11-17 11:50:00,536.42,536.62,536.42,536.62,0.04,311.67,177564.25,1
2024-11-17,2024-11-17 11:51:00,536.62,536.83,536.62,536.83,0.04,311.67,177564.25,1
2024-11-17,2024-11-17 11:52:00,536.83,537.04,536.83,537.04,0.04,311.67,177564.25,1
2024-11-17,2024-11-17 11:53:00,537.04,537.25,537.04,537.25,0.04,311.67,177564.25,1
2024-11-17,2024-11-17 11:54:00,537.25,537.46,537.25,537.46,0.04,311.67,177564.25,1
2024-11-17,2024-11-17 11:55:00,537.46,537.67,537.46,537.67,0.04,311.67,177564.25,1
2024-11-17,2024-11-17 11:56:00,537.67,537.88,537.67,537.88,0.04,311.67,177564.25,1
2024-11-17,2024-11-17 11:57:00,537.88,538.08,537.88,538.08,0.04,311.67,177564.25,1
2024-11-17,2024-11-17 11:58:00,538.08,538.29,538.08,538.29,0.04,311.67,177564.25,1
2024-11-17,2024-11-17 11:59:00,538.29,538.5,538.29,538.5,0.04,311.67,177564.25,1
2024-11-17,2024-11-17 12:00:00,538.5,538.71,538.5,538.71,0.04,311.67,177564.25,1
2024-11-17,2024-11-17 12:01:00,538.71,538.92,538.71,538.92,0.04,311.67,177564.25,1
2024-11-17,2024-11-17 12:02:00,538.92,539.12,538.92,539.12,0.04,311.67,177564.25,1
2024-11-17,2024-11-17 12:03:00,539.12,539.33,539.12,539.33,0.04,311.67,177564.25,1
2024-11-17,2024-11-17 12:04:00,539.33,539.54,539.33,539.54,0.04,311.67,177564.25,1
2024-11-17,2024-11-17 12:05:00,539.54,539.75,539.54,539.75,0.04,311.67,177564.25,1
2024-11-17,2024-11-17 12:06:00,539.75,539.96,539.75,539.96,0.04,311.67,177564.25,1
2024-11-17,2024-11-17 12:07:00,539.96,540.17,539.96,540.17,0.04,311.67,177564.25,1
2024-11-17,2024-11-17 12:08:00,540.17,540.38,540.17,540.38,0.04,311.67,177564.25,1
2024-11-17,2024-11-17 12:09:00,540.38,540.58,540.38,540.58,0.04,311.67,177564.25,1
2024-11-17,2024-11-17 12:10:00,540.58,540.79,540.58,540.79,0.04,311.67,177564.25,1
2024-11-17,2024-11-17 12:11:00,540.79,541.0,540.79,541.0,0.04,311.67,177564.25,1
2024-11-17,2024-11-17 12:12:00,541.0,541.21,541.0,541.21,0.04,311.67,177564.25,1
2024-11-17,2024-11-17 12:13:00,541.21,541.42,541.21,541.42,0.04,311.67,177564.25,1
2024-11-17,2024-11-17 12:14:00,541.42,541.62,541.42,541.62,0.04,311.67,177564.25,1
2024-11-17,2024-11-17 12:15:00,541.62,541.83,541.62,541.83,0.04,311.67,177564.25,1
2024-11-17,2024-11-17 12:16:00,541.83,542.04,541.83,542.04,0.04,311.67,177564.25,1
2024-11-17,2024-11-17 12:17:00,542.04,542.25,542.04,542.25,0.04,311.67,177564.25,1
2024-11-17,2024-11-17 12:18:00,542.25,542.46,542.25,542.46,0.04,311.67,177564.25,1
2024-11-17,2024-11-17 12:19:00,542.46,542.67,542.46,542.67,0.04,311.67,177564.25,1
2024-11-17,2024-11-17 12:20:00,542.67,542.88,542.67,542.88,0.04,311.67,177564.25,1
2024-11-17,2024-11-17 12:21:00,542.88,543.08,542.88,543.08,0.04,311.67,177564.25,1
2024-11-17,2024-11-17 12:22:00,543.08,543.29,543.08,543.29,0.04,311.67,177564.25,1
2024-11-17,2024-11-17 12:23:00,543.29,543.5,543.29,543.5,0.04,311.67,177564.25,1
2024-11-17,2024-11-17 12:24:00,543.5,543.71,543.5,543.71,0.04,311.67,177564.25,1
2024-11-17,2024-11-17 12:25:00,543.71,543.92,543.71,543.92,0.04,311.67,177564.25,1
2024-11-17,2024-11-17 12:26:00,543.92,544.12,543.92,544.12,0.04,311.67,177564.25,1
2024-11-17,2024-11-17 12:27:00,544.12,544.33,544.12,544.33,0.04,311.67,177564.25,1
2024-11-17,2024-11-17 12:28:00,544.33,544.54,544.33,544.54,0.04,311.67,177564.25,1
2024-11-17,2024-11-17 12:29:00,544.54,544.75,544.54,544.75,0.04,311.67,177564.25,1
2024-11-17,2024-11-17 12:30:00,544.75,544.96,544.75,544.96,0.04,311.67,177564.25,1
2024-11-17,2024-11-17 12:31:00,544.96,545.17,544.96,545.17,0.04,311.67,177564.25,1
2024-11-17,2024-11-17 12:32:00,545.17,545.38,545.17,545.38,0.04,311.67,177564.25,1
2024-11-17,2024-11-17 12:33:00,545.38,545.58,545.38,545.58,0.04,311.67,177564.25,1
2024-11-17,2024-11-17 12:34:00,545.58,545.79,545.58,545.79,0.04,311.67,177564.25,1
2024-11-17,2024-11-17 12:35:00,545.79,546.0,545.79,546.0,0.04,311.67,177564.25,1
2024-11-17,2024-11-17 12:36:00,546.0,546.21,546.0,546.21,0.04,311.67,177564.25,1
2024-11-17,2024-11-17 12:37:00,546.21,546.42,546.21,546.42,0.04,311.67,177564.25,1
2024-11-17,2024-11-17 12:38:00,546.42,546.62,546.42,546.62,0.04,311.67,177564.25,1
2024-11-17,2024-11-17 12:39:00,546.62,546.83,546.62,546.83,0.04,311.67,177564.25,1
2024-11-17,2024-11-17 12:40:00,546.83,547.04,546.83,547.04,0.04,311.67,177564.25,1
2024-11-17,2024-11-17 12:41:00,547.04,547.25,547.04,547.25,0.04,311.67,177564.25,1
2024-11-17,2024-11-17 12:42:00,547.25,547.46,547.25,547.46,0.04,311.67,177564.25,1
2024-11-17,2024-11-17 12:43:00,547.46,547.67,547.46,547.67,0.04,311.67,177564.25,1
2024-11-17,2024-11-17 12:44:00,547.67,547.88,547.67,547.88,0.04,311.67,177564.25,1
2024-11-17,2024-11-17 12:45:00,547.88,548.08,547.88,548.08,0.04,311.67,177564.25,1
2024-11-17,2024-11-17 12:46:00,548.08,548.29,548.08,548.29,0.04,311.67,177564.25,1
2024-11-17,2024-11-17 12:47:00,548.29,548.5,548.29,548.5,0.04,311.67,177564.25,1
2024-11-17,2024-11-17 12:48:00,548.5,548.71,548.5,548.71,0.04,311.67,177564.25,1
2024-11-17,2024-11-17 12:49:00,548.71,548.92,548.71,548.92,0.04,311.67,177564.25,1
2024-11-17,2024-11-17 12:50:00,548.92,549.12,548.92,549.12,0.04,311.67,177564.25,1
2024-11-17,2024-11-17 12:51:00,549.12,549.33,549.12,549.33,0.04,311.67,177564.25,1
2024-11-17,2024-11-17 12:52:00,549.33,549.54,549.33,549.54,0.04,311.67,177564.25,1
2024-11-17,2024-11-17 12:53:00,549.54,549.75,549.54,549.75,0.04,311.67,177564.25,1
2024-11-17,2024-11-17 12:54:00,549.75,549.96,549.75,549.96,0.04,311.67,177564.25,1
2024-11-17,2024-11-17 12:55:00,549.96,550.17,549.96,550.17,0.04,311.67,177564.25,1
2024-11-17,2024-11-17 12:56:00,550.17,550.38,550.17,550.38,0.04,311.67,177564.25,1
2024-11-17,2024-11-17 12:57:00,550.38,550.58,550.38,550.58,0.04,311.67,177564.25,1
2024-11-17,2024-11-17 12:58:00,550.58,550.79,550.58,550.79,0.04,311.67,177564.25,1
2024-11-17,2024-11-17 12:59:00,550.79,551.0,550.79,551.0,0.04,311.67,177564.25,1
2024-11-17,2024-11-17 13:00:00,551.0,576.0,526.0,551.21,0.04,311.67,177564.25,1
2024-11-17,2024-11-17 13:01:00,551.21,551.42,551.21,551.42,0.04,311.67,177564.25,1
2024-11-17,2024-11-17 13:02:00,551.42,551.62,551.42,551.62,0.04,311.67,177564.25,1
2024-11-17,2024-11-17 13:03:00,551.62,551.83,551.62,551.83,0.04,311.67,177564.25,1
2024-11-17,2024-11-17 13:04:00,551.83,552.04,551.83,552.04,0.04,311.67,177564.25,1
2024-11-17,2024-11-17 13:05:00,552.04,552.25,552.04,552.25,0.04,311.67,177564.25,1
2024-11-17,2024-11-17 13:06:00,552.25,552.46,552.25,552.46,0.04,311.67,177564.25,1
2024-11-17,2024-11-17 13:07:00,552.46,552.67,552.46,552.67,0.04,311.67,177564.25,1
2024-11-17,2024-11-17 13:08:00,552.67,552.88,552.67,552.88,0.04,311.67,177564.25,1
2024-11-17,2024-11-17 13:09:00,552.88,553.08,552.88,553.08,0.04,311.67,177564.25,1
2024-11-17,2024-11-17 13:10:00,553.08,553.29,553.08,553.29,0.04,311.67,177564.25,1
2024-11-17,2024-11-17 13:11:00,553.29,553.5,553.29,553.5,0.04,311.67,177564.25,1
2024-11-17,2024-11-17 13:12:00,553.5,553.71,553.5,553.71,0.04,311.67,177564.25,1
2024-11-17,2024-11-17 13:13:00,553.71,553.92,553.71,553.92,0.04,311.67,177564.25,1
2024-11-17,2024-11-17 13:14:00,553.92,554.12,553.92,554.12,0.04,311.67,177564.25,1
2024-11-17,2024-11-17 13:15:00,554.12,554.33,554.12,554.33,0.04,311.67,177564.25,1
2024-11-17,2024-11-17 13:16:00,554.33,554.54,554.33,554.54,0.04,311.67,177564.25,1
2024-11-17,2024-11-17 13:17:00,554.54,554.75,554.54,554.75,0.04,311.67,177564.25,1
2024-11-17,2024-11-17 13:18:00,554.75,554.96,554.75,554.96,0.04,311.67,177564.25,1
2024-11-17,2024-11-17 13:19:00,554.96,555.17,554.96,555.17,0.04,311.67,177564.25,1
2024-11-17,2024-11-17 13:20:00,555.17,555.38,555.17,555.38,0.04,311.67,177564.25,1
2024-11-17,2024-11-17 13:21:00,555.38,555.58,555.38,555.58,0.04,311.67,177564.25,1
2024-11-17,2024-11-17 13:22:00,555.58,555.79,555.58,555.79,0.04,311.67,177564.25,1
2024-11-17,2024-11-17 13:23:00,555.79,556.0,555.79,556.0,0.04,311.67,177564.25,1
2024-11-17,2024-11-17 13:24:00,556.0,556.21,556.0,556.21,0.04,311.67,177564.25,1
2024-11-17,2024-11-17 13:25:00,556.21,556.42,556.21,556.42,0.04,311.67,177564.25,1
2024-11-17,2024-11-17 13:26:00,556.42,556.62,556.42,556.62,0.04,311.67,177564.25,1
2024-11-17,2024-11-17 13:27:00,556.62,556.83,556.62,556.83,0.04,311.67,177564.25,1
2024-11-17,2024-11-17 13:28:00,556.83,557.04,556.83,557.04,0.04,311.67,177564.25,1
2024-11-17,2024-11-17 13:29:00,557.04,557.25,557.04,557.25,0.04,311.67,177564.25,1
2024-11-17,2024-11-17 13:30:00,557.25,557.46,557.25,557.46,0.04,311.67,177564.25,1
2024-11-17,2024-11-17 13:31:00,557.46,557.67,557.46,557.67,0.04,311.67,177564.25,1
2024-11-17,2024-11-17 13:32:00,557.67,557.88,557.67,557.88,0.04,311.67,177564.25,1
2024-11-17,2024-11-17 13:33:00,557.88,558.08,557.88,558.08,0.04,311.67,177564.25,1
2024-11-17,2024-11-17 13:34:00,558.08,558.29,558.08,558.29,0.04,311.67,177564.25,1
2024-11-17,2024-11-17 13:35:00,558.29,558.5,558.29,558.5,0.04,311.67,177564.25,1
2024-11-17,2024-11-17 13:36:00,558.5,558.71,558.5,558.71,0.04,311.67,177564.25,1
2024-11-17,2024-11-17 13:37:00,558.71,558.92,558.71,558.92,0.04,311.67,177564.25,1
2024-11-17,2024-11-17 13:38:00,558.92,559.12,558.92,559.12,0.04,311.67,177564.25,1
2024-11-17,2024-11-17 13:39:00,559.12,559.33,559.12,559.33,0.04,311.67,177564.25,1
2024-11-17,2024-11-17 13:40:00,559.33,559.54,559.33,559.54,0.04,311.67,177564.25,1
2024-11-17,2024-11-17 13:41:00,559.54,559.75,559.54,559.75,0.04,311.67,177564.25,1
2024-11-17,2024-11-17 13:42:00,559.75,559.96,559.75,559.96,0.04,311.67,177564.25,1
2024-11-17,2024-11-17 13:43:00,559.96,560.17,559.96,560.17,0.04,311.67,177564.25,1
2024-11-17,2024-11-17 13:44:00,560.17,560.38,560.17,560.38,0.04,311.67,177564.25,1
2024-11-17,2024-11-17 13:45:00,560.38,560.58,560.38,560.58,0.04,311.67,177564.25,1
2024-11-17,2024-11-17 13:46:00,560.58,560.79,560.58,560.79,0.04,311.67,177564.25,1
2024-11-17,2024-11-17 13:47:00,560.79,561.0,560.79,561.0,0.04,311.67,177564.25,1
2024-11-17,2024-11-17 13:48:00,561.0,561.21,561.0,561.21,0.04,311.67,177564.25,1
2024-11-17,2024-11-17 13:49:00,561.21,561.42,561.21,561.42,0.04,311.67,177564.25,1
2024-11-17,2024-11-17 13:50:00,561.42,561.62,561.42,561.62,0.04,311.67,177564.25,1
2024-11-17,2024-11-17 13:51:00,561.62,561.83,561.62,561.83,0.04,311.67,177564.25,1
2024-11-17,2024-11-17 13:52:00,561.83,562.04,561.83,562.04,0.04,311.67,177564.25,1
2024-11-17,2024-11-17 13:53:00,562.04,562.25,562.04,562.25,0.04,311.67,177564.25,1
2024-11-17,2024-11-17 13:54:00,562.25,562.46,562.25,562.46,0.04,311.67,177564.25,1
2024-11-17,2024-11-17 13:55:00,562.46,562.67,562.46,562.67,0.04,311.67,177564.25,1
2024-11-17,2024-11-17 13:56:00,562.67,562.88,562.67,562.88,0.04,311.67,177564.25,1
2024-11-17,2024-11-17 13:57:00,562.88,563.08,562.88,563.08,0.04,311.67,177564.25,1
2024-11-17,2024-11-17 13:58:00,563.08,563.29,563.08,563.29,0.04,311.67,177564.25,1
2024-11-17,2024-11-17 13:59:00,563.29,563.5,563.29,563.5,0.04,311.67,177564.25,1
2024-11-17,2024-11-17 14:00:00,563.5,563.71,563.5,563.71,0.04,311.67,177564.25,1
2024-11-17,2024-11-17 14:01:00,563.71,563.92,563.71,563.92,0.04,311.67,177564.25,1
2024-11-17,2024-11-17 14:02:00,563.92,564.12,563.92,564.12,0.04,311.67,177564.25,1
2024-11-17,2024-11-17 14:03:00,564.12,564.33,564.12,564.33,0.04,311.67,177564.25,1
2024-11-17,2024-11-17 14:04:00,564.33,564.54,564.33,564.54,0.04,311.67,177564.25,1
2024-11-17,2024-11-17 14:05:00,564.54,564.75,564.54,564.75,0.04,311.67,177564.25,1
2024-11-17,2024-11-17 14:06:00,564.75,564.96,564.75,564.96,0.04,311.67,177564.25,1
2024-11-17,2024-11-17 14:07:00,564.96,565.17,564.96,565.17,0.04,311.67,177564.25,1
2024-11-17,2024-11-17 14:08:00,565.17,565.38,565.17,565.38,0.04,311.67,177564.25,1
2024-11-17,2024-11-17 14:09:00,565.38,565.58,565.38,565.58,0.04,311.67,177564.25,1
2024-11-17,2024-11-17 14:10:00,565.58,565.79,565.58,565.79,0.04,311.67,177564.25,1
2024-11-17,2024-11-17 14:11:00,565.79,566.0,565.79,566.0,0.04,311.67,177564.25,1
2024-11-17,2024-11-17 14:12:00,566.0,566.21,566.0,566.21,0.04,311.67,177564.25,1
2024-11-17,2024-11-17 14:13:00,566.21,566.42,566.21,566.42,0.04,311.67,177564.25,1
2024-11-17,2024-11-17 14:14:00,566.42,566.62,566.42,566.62,0.04,311.67,177564.25,1
2024-11-17,2024-11-17 14:15:00,566.62,566.83,566.62,566.83,0.04,311.67,177564.25,1
2024-11-17,2024-11-17 14:16:00,566.83,567.04,566.83,567.04,0.04,311.67,177564.25,1
2024-11-17,2024-11-17 14:17:00,567.04,567.25,567.04,567.25,0.04,311.67,177564.25,1
2024-11-17,2024-11-17 14:18:00,567.25,567.46,567.25,567.46,0.04,311.67,177564.25,1
2024-11-17,2024-11-17 14:19:00,567.46,567.67,567.46,567.67,0.04,311.67,177564.25,1
2024-11-17,2024-11-17 14:20:00,567.67,567.88,567.67,567.88,0.04,311.67,177564.25,1
2024-11-17,2024-11-17 14:21:00,567.88,568.08,567.88,568.08,0.04,311.67,177564.25,1
2024-11-17,2024-11-17 14:22:00,568.08,568.29,568.08,568.29,0.04,311.67,177564.25,1
2024-11-17,2024-11-17 14:23:00,568.29,568.5,568.29,568.5,0.04,311.67,177564.25,1
2024-11-17,2024-11-17 14:24:00,568.5,568.71,568.5,568.71,0.04,311.67,177564.25,1
2024-11-17,2024-11-17 14:25:00,568.71,568.92,568.71,568.92,0.04,311.67,177564.25,1
2024-11-17,2024-11-17 14:26:00,568.92,569.12,568.92,569.12,0.04,311.67,177564.25,1
2024-11-17,2024-11-17 14:27:00,569.12,569.33,569.12,569.33,0.04,311.67,177564.25,1
2024-11-17,2024-11-17 14:28:00,569.33,569.54,569.33,569.54,0.04,311.67,177564.25,1
2024-11-17,2024-11-17 14:29:00,569.54,569.75,569.54,569.75,0.04,311.67,177564.25,1
2024-11-17,2024-11-17 14:30:00,569.75,569.96,569.75,569.96,0.04,311.67,177564.25,1
2024-11-17,2024-11-17 14:31:00,569.96,570.17,569.96,570.17,0.04,311.67,177564.25,1
2024-11-17,2024-11-17 14:32:00,570.17,570.38,570.17,570.38,0.04,311.67,177564.25,1
2024-11-17,2024-11-17 14:33:00,570.38,570.58,570.38,570.58,0.04,311.67,177564.25,1
2024-11-17,2024-11-17 14:34:00,570.58,570.79,570.58,570.79,0.04,311.67,177564.25,1
2024-11-17,2024-11-17 14:35:00,570.79,571.0,570.79,571.0,0.04,311.67,177564.25,1
2024-11-17,2024-11-17 14:36:00,571.0,571.21,571.0,571.21,0.04,311.67,177564.25,1
2024-11-17,2024-11-17 14:37:00,571.21,571.42,571.21,571.42,0.04,311.67,177564.25,1
2024-11-17,2024-11-17 14:38:00,571.42,571.62,571.42,571.62,0.04,311.67,177564.25,1
2024-11-17,2024-11-17 14:39:00,571.62,571.83,571.62,571.83,0.04,311.67,177564.25,1
2024-11-17,2024-11-17 14:40:00,571.83,572.04,571.83,572.04,0.04,311.67,177564.25,1
2024-11-17,2024-11-17 14:41:00,572.04,572.25,572.04,572.25,0.04,311.67,177564.25,1
2024-11-17,2024-11-17 14:42:00,572.25,572.46,572.25,572.46,0.04,311.67,177564.25,1
2024-11-17,2024-11-17 14:43:00,572.46,572.67,572.46,572.67,0.04,311.67,177564.25,1
2024-11-17,2024-11-17 14:44:00,572.67,572.88,572.67,572.88,0.04,311.67,177564.25,1
2024-11-17,2024-11-17 14:45:00,572.88,573.08,572.88,573.08,0.03,311.67,177564.25,1
2024-11-17,2024-11-17 14:46:00,573.08,573.29,573.08,573.29,0.04,311.67,177564.25,1
2024-11-17,2024-11-17 14:47:00,573.29,573.5,573.29,573.5,0.04,311.67,177564.25,1
2024-11-17,2024-11-17 14:48:00,573.5,573.71,573.5,573.71,0.04,311.67,177564.25,1
2024-11-17,2024-11-17 14:49:00,573.71,573.92,573.71,573.92,0.04,311.67,177564.25,1
2024-11-17,2024-11-17 14:50:00,573.92,574.12,573.92,574.12,0.03,311.67,177564.25,1
2024-11-17,2024-11-17 14:51:00,574.12,574.33,574.12,574.33,0.04,311.67,177564.25,1
2024-11-17,2024-11-17 14:52:00,574.33,574.54,574.33,574.54,0.04,311.67,177564.25,1
2024-11-17,2024-11-17 14:53:00,574.54,574.75,574.54,574.75,0.04,311.67,177564.25,1
2024-11-17,2024-11-17 14:54:00,574.75,574.96,574.75,574.96,0.04,311.67,177564.25,1
2024-11-17,2024-11-17 14:55:00,574.96,575.17,574.96,575.17,0.04,311.67,177564.25,1
2024-11-17,2024-11-17 14:56:00,575.17,575.38,575.17,575.38,0.04,311.67,177564.25,1
2024-11-17,2024-11-17 14:57:00,575.38,575.58,575.38,575.58,0.03,311.67,177564.25,1
2024-11-17,2024-11-17 14:58:00,575.58,575.79,575.58,575.79,0.04,311.67,177564.25,1
2024-11-17,2024-11-17 14:59:00,575.79,576.0,575.79,576.0,0.04,311.67,177564.25,1
2024-11-17,2024-11-17 15:00:00,576.0,576.0,526.0,576.0,0.0,311.67,177564.25,0
2024-11-19,2024-11-19 11:00:00,565.0,567.4,556.9,564.92,-0.01,306.0,168723.85,-1
2024-11-19,2024-11-19 11:01:00,564.92,564.92,564.83,564.83,-0.02,306.0,168723.85,-1
2024-11-19,2024-11-19 11:02:00,564.83,564.83,564.75,564.75,-0.01,306.0,168723.85,-1
2024-11-19,2024-11-19 11:03:00,564.75,564.75,564.67,564.67,-0.01,306.0,168723.85,-1
2024-11-19,2024-11-19 11:04:00,564.67,564.67,564.58,564.58,-0.02,306.0,168723.85,-1
2024-11-19,2024-11-19 11:05:00,564.58,564.58,564.5,564.5,-0.01,306.0,168723.85,-1
2024-11-19,2024-11-19 11:06:00,564.5,564.5,564.42,564.42,-0.01,306.0,168723.85,-1
2024-11-19,2024-11-19 11:07:00,564.42,564.42,564.33,564.33,-0.02,306.0,168723.85,-1
2024-11-19,2024-11-19 11:08:00,564.33,564.33,564.25,564.25,-0.01,306.0,168723.85,-1
2024-11-19,2024-11-19 11:09:00,564.25,564.25,564.17,564.17,-0.01,306.0,168723.85,-1
2024-11-19,2024-11-19 11:10:00,564.17,564.17,564.08,564.08,-0.02,306.0,168723.85,-1
2024-11-19,2024-11-19 11:11:00,564.08,564.08,564.0,564.0,-0.01,306.0,168723.85,-1
2024-11-19,2024-11-19 11:12:00,564.0,564.0,563.92,563.92,-0.01,306.0,168723.85,-1
2024-11-19,2024-11-19 11:13:00,563.92,563.92,563.83,563.83,-0.02,306.0,168723.85,-1
2024-11-19,2024-11-19 11:14:00,563.83,563.83,563.75,563.75,-0.01,306.0,168723.85,-1
2024-11-19,2024-11-19 11:15:00,563.75,563.75,563.67,563.67,-0.01,306.0,168723.85,-1
2024-11-19,2024-11-19 11:16:00,563.67,563.67,563.58,563.58,-0.02,306.0,168723.85,-1
2024-11-19,2024-11-19 11:17:00,563.58,563.58,563.5,563.5,-0.01,306.0,168723.85,-1
2024-11-19,2024-11-19 11:18:00,563.5,563.5,563.42,563.42,-0.01,306.0,168723.85,-1
2024-11-19,2024-11-19 11:19:00,563.42,563.42,563.33,563.33,-0.02,306.0,168723.85,-1
2024-11-19,2024-11-19 11:20:00,563.33,563.33,563.25,563.25,-0.01,306.0,168723.85,-1
2024-11-19,2024-11-19 11:21:00,563.25,563.25,563.17,563.17,-0.01,306.0,168723.85,-1
2024-11-19,2024-11-19 11:22:00,563.17,563.17,563.08,563.08,-0.02,306.0,168723.85,-1
2024-11-19,2024-11-19 11:23:00,563.08,563.08,563.0,563.0,-0.01,306.0,168723.85,-1
2024-11-19,2024-11-19 11:24:00,563.0,563.0,562.92,562.92,-0.01,306.0,168723.85,-1
2024-11-19,2024-11-19 11:25:00,562.92,562.92,562.83,562.83,-0.02,306.0,168723.85,-1
2024-11-19,2024-11-19 11:26:00,562.83,562.83,562.75,562.75,-0.01,306.0,168723.85,-1
2024-11-19,2024-11-19 11:27:00,562.75,562.75,562.67,562.67,-0.01,306.0,168723.85,-1
2024-11-19,2024-11-19 11:28:00,562.67,562.67,562.58,562.58,-0.02,306.0,168723.85,-1
2024-11-19,2024-11-19 11:29:00,562.58,562.58,562.5,562.5,-0.01,306.0,168723.85,-1
2024-11-19,2024-11-19 11:30:00,562.5,562.5,562.42,562.42,-0.01,306.0,168723.85,-1
2024-11-19,2024-11-19 11:31:00,562.42,562.42,562.33,562.33,-0.02,306.0,168723.85,-1
2024-11-19,2024-11-19 11:32:00,562.33,562.33,562.25,562.25,-0.01,306.0,168723.85,-1
2024-11-19,2024-11-19 11:33:00,562.25,562.25,562.17,562.17,-0.01,306.0,168723.85,-1
2024-11-19,2024-11-19 11:34:00,562.17,562.17,562.08,562.08,-0.02,306.0,168723.85,-1
2024-11-19,2024-11-19 11:35:00,562.08,562.08,562.0,562.0,-0.01,306.0,168723.85,-1
2024-11-19,2024-11-19 11:36:00,562.0,562.0,561.92,561.92,-0.01,306.0,168723.85,-1
2024-11-19,2024-11-19 11:37:00,561.92,561.92,561.83,561.83,-0.02,306.0,168723.85,-1
2024-11-19,2024-11-19 11:38:00,561.83,561.83,561.75,561.75,-0.01,306.0,168723.85,-1
2024-11-19,2024-11-19 11:39:00,561.75,561.75,561.67,561.67,-0.01,306.0,168723.85,-1
2024-11-19,2024-11-19 11:40:00,561.67,561.67,561.58,561.58,-0.02,306.0,168723.85,-1
2024-11-19,2024-11-19 11:41:00,561.58,561.58,561.5,561.5,-0.01,306.0,168723.85,-1
2024-11-19,2024-11-19 11:42:00,561.5,561.5,561.42,561.42,-0.01,306.0,168723.85,-1
2024-11-19,2024-11-19 11:43:00,561.42,561.42,561.33,561.33,-0.02,306.0,168723.85,-1
2024-11-19,2024-11-19 11:44:00,561.33,561.33,561.25,561.25,-0.01,306.0,168723.85,-1
2024-11-19,2024-11-19 11:45:00,561.25,561.25,561.17,561.17,-0.01,306.0,168723.85,-1
2024-11-19,2024-11-19 11:46:00,561.17,561.17,561.08,561.08,-0.02,306.0,168723.85,-1
2024-11-19,2024-11-19 11:47:00,561.08,561.08,561.0,561.0,-0.01,306.0,168723.85,-1
2024-11-19,2024-11-19 11:48:00,561.0,561.0,560.92,560.92,-0.01,306.0,168723.85,-1
2024-11-19,2024-11-19 11:49:00,560.92,560.92,560.83,560.83,-0.02,306.0,168723.85,-1
2024-11-19,2024-11-19 11:50:00,560.83,560.83,560.75,560.75,-0.01,306.0,168723.85,-1
2024-11-19,2024-11-19 11:51:00,560.75,560.75,560.67,560.67,-0.01,306.0,168723.85,-1
2024-11-19,2024-11-19 11:52:00,560.67,560.67,560.58,560.58,-0.02,306.0,168723.85,-1
2024-11-19,2024-11-19 11:53:00,560.58,560.58,560.5,560.5,-0.01,306.0,168723.85,-1
2024-11-19,2024-11-19 11:54:00,560.5,560.5,560.42,560.42,-0.01,306.0,168723.85,-1
2024-11-19,2024-11-19 11:55:00,560.42,560.42,560.33,560.33,-0.02,306.0,168723.85,-1
2024-11-19,2024-11-19 11:56:00,560.33,560.33,560.25,560.25,-0.01,306.0,168723.85,-1
2024-11-19,2024-11-19 11:57:00,560.25,560.25,560.17,560.17,-0.01,306.0,168723.85,-1
2024-11-19,2024-11-19 11:58:00,560.17,560.17,560.08,560.08,-0.02,306.0,168723.85,-1
2024-11-19,2024-11-19 11:59:00,560.08,560.08,560.0,560.0,-0.01,306.0,168723.85,-1
2024-11-19,2024-11-19 12:00:00,560.0,560.0,559.92,559.92,-0.01,306.0,168723.85,-1
2024-11-19,2024-11-19 12:01:00,559.92,559.92,559.83,559.83,-0.02,306.0,168723.85,-1
2024-11-19,2024-11-19 12:02:00,559.83,559.83,559.75,559.75,-0.01,306.0,168723.85,-1
2024-11-19,2024-11-19 12:03:00,559.75,559.75,559.67,559.67,-0.01,306.0,168723.85,-1
2024-11-19,2024-11-19 12:04:00,559.67,559.67,559.58,559.58,-0.02,306.0,168723.85,-1
2024-11-19,2024-11-19 12:05:00,559.58,559.58,559.5,559.5,-0.01,306.0,168723.85,-1
2024-11-19,2024-11-19 12:06:00,559.5,559.5,559.42,559.42,-0.01,306.0,168723.85,-1
2024-11-19,2024-11-19 12:07:00,559.42,559.42,559.33,559.33,-0.02,306.0,168723.85,-1
2024-11-19,2024-11-19 12:08:00,559.33,559.33,559.25,559.25,-0.01,306.0,168723.85,-1
2024-11-19,2024-11-19 12:09:00,559.25,559.25,559.17,559.17,-0.01,306.0,168723.85,-1
2024-11-19,2024-11-19 12:10:00,559.17,559.17,559.08,559.08,-0.02,306.0,168723.85,-1
2024-11-19,2024-11-19 12:11:00,559.08,559.08,559.0,559.0,-0.01,306.0,168723.85,-1
2024-11-19,2024-11-19 12:12:00,559.0,559.0,558.92,558.92,-0.01,306.0,168723.85,-1
2024-11-19,2024-11-19 12:13:00,558.92,558.92,558.83,558.83,-0.02,306.0,168723.85,-1
2024-11-19,2024-11-19 12:14:00,558.83,558.83,558.75,558.75,-0.01,306.0,168723.85,-1
2024-11-19,2024-11-19 12:15:00,558.75,558.75,558.67,558.67,-0.01,306.0,168723.85,-1
2024-11-19,2024-11-19 12:16:00,558.67,558.67,558.58,558.58,-0.02,306.0,168723.85,-1
2024-11-19,2024-11-19 12:17:00,558.58,558.58,558.5,558.5,-0.01,306.0,168723.85,-1
2024-11-19,2024-11-19 12:18:00,558.5,558.5,558.42,558.42,-0.01,306.0,168723.85,-1
2024-11-19,2024-11-19 12:19:00,558.42,558.42,558.33,558.33,-0.02,306.0,168723.85,-1
2024-11-19,2024-11-19 12:20:00,558.33,558.33,558.25,558.25,-0.01,306.0,168723.85,-1
2024-11-19,2024-11-19 12:21:00,558.25,558.25,558.17,558.17,-0.01,306.0,168723.85,-1
2024-11-19,2024-11-19 12:22:00,558.17,558.17,558.08,558.08,-0.02,306.0,168723.85,-1
2024-11-19,2024-11-19 12:23:00,558.08,558.08,558.0,558.0,-0.01,306.0,168723.85,-1
2024-11-19,2024-11-19 12:24:00,558.0,558.0,557.92,557.92,-0.01,306.0,168723.85,-1
2024-11-19,2024-11-19 12:25:00,557.92,557.92,557.83,557.83,-0.02,306.0,168723.85,-1
2024-11-19,2024-11-19 12:26:00,557.83,557.83,557.75,557.75,-0.01,306.0,168723.85,-1
2024-11-19,2024-11-19 12:27:00,557.75,557.75,557.67,557.67,-0.01,306.0,168723.85,-1
2024-11-19,2024-11-19 12:28:00,557.67,557.67,557.58,557.58,-0.02,306.0,168723.85,-1
2024-11-19,2024-11-19 12:29:00,557.58,557.58,557.5,557.5,-0.01,306.0,168723.85,-1
2024-11-19,2024-11-19 12:30:00,557.5,557.5,557.42,557.42,-0.01,306.0,168723.85,-1
2024-11-19,2024-11-19 12:31:00,557.42,557.42,557.33,557.33,-0.02,306.0,168723.85,-1
2024-11-19,2024-11-19 12:32:00,557.33,557.33,557.25,557.25,-0.01,306.0,168723.85,-1
2024-11-19,2024-11-19 12:33:00,557.25,557.25,557.17,557.17,-0.01,306.0,168723.85,-1
2024-11-19,2024-11-19 12:34:00,557.17,557.17,557.08,557.08,-0.02,306.0,168723.85,-1
2024-11-19,2024-11-19 12:35:00,557.08,557.08,557.0,557.0,-0.01,306.0,168723.85,-1
2024-11-19,2024-11-19 12:36:00,557.0,557.0,556.92,556.92,-0.01,306.0,168723.85,-1
2024-11-19,2024-11-19 12:37:00,556.92,556.92,556.83,556.83,-0.02,306.0,168723.85,-1
2024-11-19,2024-11-19 12:38:00,556.83,556.83,556.75,556.75,-0.01,306.0,168723.85,-1
2024-11-19,2024-11-19 12:39:00,556.75,556.75,556.67,556.67,-0.01,306.0,168723.85,-1
2024-11-19,2024-11-19 12:40:00,556.67,556.67,556.58,556.58,-0.02,306.0,168723.85,-1
2024-11-19,2024-11-19 12:41:00,556.58,556.58,556.5,556.5,-0.01,306.0,168723.85,-1
2024-11-19,2024-11-19 12:42:00,556.5,556.5,556.42,556.42,-0.01,306.0,168723.85,-1
2024-11-19,2024-11-19 12:43:00,556.42,556.42,556.33,556.33,-0.02,306.0,168723.85,-1
2024-11-19,2024-11-19 12:44:00,556.33,556.33,556.25,556.25,-0.01,306.0,168723.85,-1
2024-11-19,2024-11-19 12:45:00,556.25,556.25,556.17,556.17,-0.01,306.0,168723.85,-1
2024-11-19,2024-11-19 12:46:00,556.17,556.17,556.08,556.08,-0.02,306.0,168723.85,-1
2024-11-19,2024-11-19 12:47:00,556.08,556.08,556.0,556.0,-0.01,306.0,168723.85,-1
2024-11-19,2024-11-19 12:48:00,556.0,556.0,555.92,555.92,-0.01,306.0,168723.85,-1
2024-11-19,2024-11-19 12:49:00,555.92,555.92,555.83,555.83,-0.02,306.0,168723.85,-1
2024-11-19,2024-11-19 12:50:00,555.83,555.83,555.75,555.75,-0.01,306.0,168723.85,-1
2024-11-19,2024-11-19 12:51:00,555.75,555.75,555.67,555.67,-0.01,306.0,168723.85,-1
2024-11-19,2024-11-19 12:52:00,555.67,555.67,555.58,555.58,-0.02,306.0,168723.85,-1
2024-11-19,2024-11-19 12:53:00,555.58,555.58,555.5,555.5,-0.01,306.0,168723.85,-1
2024-11-19,2024-11-19 12:54:00,555.5,555.5,555.42,555.42,-0.01,306.0,168723.85,-1
2024-11-19,2024-11-19 12:55:00,555.42,555.42,555.33,555.33,-0.02,306.0,168723.85,-1
2024-11-19,2024-11-19 12:56:00,555.33,555.33,555.25,555.25,-0.01,306.0,168723.85,-1
2024-11-19,2024-11-19 12:57:00,555.25,555.25,555.17,555.17,-0.01,306.0,168723.85,-1
2024-11-19,2024-11-19 12:58:00,555.17,555.17,555.08,555.08,-0.02,306.0,168723.85,-1
2024-11-19,2024-11-19 12:59:00,555.08,555.08,555.0,555.0,-0.01,306.0,168723.85,-1
2024-11-19,2024-11-19 13:00:00,555.0,573.0,538.0,554.92,-0.01,306.0,168723.85,-1
2024-11-19,2024-11-19 13:01:00,554.92,554.92,554.83,554.83,-0.02,306.0,168723.85,-1
2024-11-19,2024-11-19 13:02:00,554.83,554.83,554.75,554.75,-0.01,306.0,168723.85,-1
2024-11-19,2024-11-19 13:03:00,554.75,554.75,554.67,554.67,-0.01,306.0,168723.85,-1
2024-11-19,2024-11-19 13:04:00,554.67,554.67,554.58,554.58,-0.02,306.0,168723.85,-1
2024-11-19,2024-11-19 13:05:00,554.58,554.58,554.5,554.5,-0.01,306.0,168723.85,-1
2024-11-19,2024-11-19 13:06:00,554.5,554.5,554.42,554.42,-0.01,306.0,168723.85,-1
2024-11-19,2024-11-19 13:07:00,554.42,554.42,554.33,554.33,-0.02,306.0,168723.85,-1
2024-11-19,2024-11-19 13:08:00,554.33,554.33,554.25,554.25,-0.01,306.0,168723.85,-1
2024-11-19,2024-11-19 13:09:00,554.25,554.25,554.17,554.17,-0.01,306.0,168723.85,-1
2024-11-19,2024-11-19 13:10:00,554.17,554.17,554.08,554.08,-0.02,306.0,168723.85,-1
2024-11-19,2024-11-19 13:11:00,554.08,554.08,554.0,554.0,-0.01,306.0,168723.85,-1
2024-11-19,2024-11-19 13:12:00,554.0,554.0,553.92,553.92,-0.01,306.0,168723.85,-1
2024-11-19,2024-11-19 13:13:00,553.92,553.92,553.83,553.83,-0.02,306.0,168723.85,-1
2024-11-19,2024-11-19 13:14:00,553.83,553.83,553.75,553.75,-0.01,306.0,168723.85,-1
2024-11-19,2024-11-19 13:15:00,553.75,553.75,553.67,553.67,-0.01,306.0,168723.85,-1
2024-11-19,2024-11-19 13:16:00,553.67,553.67,553.58,553.58,-0.02,306.0,168723.85,-1
2024-11-19,2024-11-19 13:17:00,553.58,553.58,553.5,553.5,-0.01,306.0,168723.85,-1
2024-11-19,2024-11-19 13:18:00,553.5,553.5,553.42,553.42,-0.01,306.0,168723.85,-1
2024-11-19,2024-11-19 13:19:00,553.42,553.42,553.33,553.33,-0.02,306.0,168723.85,-1
2024-11-19,2024-11-19 13:20:00,553.33,553.33,553.25,553.25,-0.01,306.0,168723.85,-1
2024-11-19,2024-11-19 13:21:00,553.25,553.25,553.17,553.17,-0.01,306.0,168723.85,-1
2024-11-19,2024-11-19 13:22:00,553.17,553.17,553.08,553.08,-0.02,306.0,168723.85,-1
2024-11-19,2024-11-19 13:23:00,553.08,553.08,553.0,553.0,-0.01,306.0,168723.85,-1
2024-11-19,2024-11-19 13:24:00,553.0,553.0,552.92,552.92,-0.01,306.0,168723.85,-1
2024-11-19,2024-11-19 13:25:00,552.92,552.92,552.83,552.83,-0.02,306.0,168723.85,-1
2024-11-19,2024-11-19 13:26:00,552.83,552.83,552.75,552.75,-0.01,306.0,168723.85,-1
2024-11-19,2024-11-19 13:27:00,552.75,552.75,552.67,552.67,-0.01,306.0,168723.85,-1
2024-11-19,2024-11-19 13:28:00,552.67,552.67,552.58,552.58,-0.02,306.0,168723.85,-1
2024-11-19,2024-11-19 13:29:00,552.58,552.58,552.5,552.5,-0.01,306.0,168723.85,-1
2024-11-19,2024-11-19 13:30:00,552.5,552.5,552.42,552.42,-0.01,306.0,168723.85,-1
2024-11-19,2024-11-19 13:31:00,552.42,552.42,552.33,552.33,-0.02,306.0,168723.85,-1
2024-11-19,2024-11-19 13:32:00,552.33,552.33,552.25,552.25,-0.01,306.0,168723.85,-1
2024-11-19,2024-11-19 13:33:00,552.25,552.25,552.17,552.17,-0.01,306.0,168723.85,-1
2024-11-19,2024-11-19 13:34:00,552.17,552.17,552.08,552.08,-0.02,306.0,168723.85,-1
2024-11-19,2024-11-19 13:35:00,552.08,552.08,552.0,552.0,-0.01,306.0,168723.85,-1
2024-11-19,2024-11-19 13:36:00,552.0,552.0,551.92,551.92,-0.01,306.0,168723.85,-1
2024-11-19,2024-11-19 13:37:00,551.92,551.92,551.83,551.83,-0.02,306.0,168723.85,-1
2024-11-19,2024-11-19 13:38:00,551.83,551.83,551.75,551.75,-0.01,306.0,168723.85,-1
2024-11-19,2024-11-19 13:39:00,551.75,551.75,551.67,551.67,-0.01,306.0,168723.85,-1
2024-11-19,2024-11-19 13:40:00,551.67,551.67,551.58,551.58,-0.02,306.0,168723.85,-1
2024-11-19,2024-11-19 13:41:00,551.58,551.58,551.5,551.5,-0.01,306.0,168723.85,-1
2024-11-19,2024-11-19 13:42:00,551.5,551.5,551.42,551.42,-0.01,306.0,168723.85,-1
2024-11-19,2024-11-19 13:43:00,551.42,551.42,551.33,551.33,-0.02,306.0,168723.85,-1
2024-11-19,2024-11-19 13:44:00,551.33,551.33,551.25,551.25,-0.01,306.0,168723.85,-1
2024-11-19,2024-11-19 13:45:00,551.25,551.25,551.17,551.17,-0.01,306.0,168723.85,-1
2024-11-19,2024-11-19 13:46:00,551.17,551.17,551.08,551.08,-0.02,306.0,168723.85,-1
2024-11-19,2024-11-19 13:47:00,551.08,551.08,551.0,551.0,-0.01,306.0,168723.85,-1
2024-11-19,2024-11-19 13:48:00,551.0,551.0,550.92,550.92,-0.01,306.0,168723.85,-1
2024-11-19,2024-11-19 13:49:00,550.92,550.92,550.83,550.83,-0.02,306.0,168723.85,-1
2024-11-19,2024-11-19 13:50:00,550.83,550.83,550.75,550.75,-0.01,306.0,168723.85,-1
2024-11-19,2024-11-19 13:51:00,550.75,550.75,550.67,550.67,-0.01,306.0,168723.85,-1
2024-11-19,2024-11-19 13:52:00,550.67,550.67,550.58,550.58,-0.02,306.0,168723.85,-1
2024-11-19,2024-11-19 13:53:00,550.58,550.58,550.5,550.5,-0.01,306.0,168723.85,-1
2024-11-19,2024-11-19 13:54:00,550.5,550.5,550.42,550.42,-0.01,306.0,168723.85,-1
2024-11-19,2024-11-19 13:55:00,550.42,550.42,550.33,550.33,-0.02,306.0,168723.85,-1
2024-11-19,2024-11-19 13:56:00,550.33,550.33,550.25,550.25,-0.01,306.0,168723.85,-1
2024-11-19,2024-11-19 13:57:00,550.25,550.25,550.17,550.17,-0.01,306.0,168723.85,-1
2024-11-19,2024-11-19 13:58:00,550.17,550.17,550.08,550.08,-0.02,306.0,168723.85,-1
2024-11-19,2024-11-19 13:59:00,550.08,550.08,550.0,550.0,-0.01,306.0,168723.85,-1
2024-11-19,2024-11-19 14:00:00,550.0,550.0,549.92,549.92,-0.01,306.0,168723.85,-1
2024-11-19,2024-11-19 14:01:00,549.92,549.92,549.83,549.83,-0.02,306.0,168723.85,-1
2024-11-19,2024-11-19 14:02:00,549.83,549.83,549.75,549.75,-0.01,306.0,168723.85,-1
2024-11-19,2024-11-19 14:03:00,549.75,549.75,549.67,549.67,-0.01,306.0,168723.85,-1
2024-11-19,2024-11-19 14:04:00,549.67,549.67,549.58,549.58,-0.02,306.0,168723.85,-1
2024-11-19,2024-11-19 14:05:00,549.58,549.58,549.5,549.5,-0.01,306.0,168723.85,-1
2024-11-19,2024-11-19 14:06:00,549.5,549.5,549.42,549.42,-0.01,306.0,168723.85,-1
2024-11-19,2024-11-19 14:07:00,549.42,549.42,549.33,549.33,-0.02,306.0,168723.85,-1
2024-11-19,2024-11-19 14:08:00,549.33,549.33,549.25,549.25,-0.01,306.0,168723.85,-1
2024-11-19,2024-11-19 14:09:00,549.25,549.25,549.17,549.17,-0.01,306.0,168723.85,-1
2024-11-19,2024-11-19 14:10:00,549.17,549.17,549.08,549.08,-0.02,306.0,168723.85,-1
2024-11-19,2024-11-19 14:11:00,549.08,549.08,549.0,549.0,-0.01,306.0,168723.85,-1
2024-11-19,2024-11-19 14:12:00,549.0,549.0,548.92,548.92,-0.01,306.0,168723.85,-1
2024-11-19,2024-11-19 14:13:00,548.92,548.92,548.83,548.83,-0.02,306.0,168723.85,-1
2024-11-19,2024-11-19 14:14:00,548.83,548.83,548.75,548.75,-0.01,306.0,168723.85,-1
2024-11-19,2024-11-19 14:15:00,548.75,548.75,548.67,548.67,-0.01,306.0,168723.85,-1
2024-11-19,2024-11-19 14:16:00,548.67,548.67,548.58,548.58,-0.02,306.0,168723.85,-1
2024-11-19,2024-11-19 14:17:00,548.58,548.58,548.5,548.5,-0.01,306.0,168723.85,-1
2024-11-19,2024-11-19 14:18:00,548.5,548.5,548.42,548.42,-0.01,306.0,168723.85,-1
2024-11-19,2024-11-19 14:19:00,548.42,548.42,548.33,548.33,-0.02,306.0,168723.85,-1
2024-11-19,2024-11-19 14:20:00,548.33,548.33,548.25,548.25,-0.01,306.0,168723.85,-1
2024-11-19,2024-11-19 14:21:00,548.25,548.25,548.17,548.17,-0.01,306.0,168723.85,-1
2024-11-19,2024-11-19 14:22:00,548.17,548.17,548.08,548.08,-0.02,306.0,168723.85,-1
2024-11-19,2024-11-19 14:23:00,548.08,548.08,548.0,548.0,-0.01,306.0,168723.85,-1
2024-11-19,2024-11-19 14:24:00,548.0,548.0,547.92,547.92,-0.01,306.0,168723.85,-1
2024-11-19,2024-11-19 14:25:00,547.92,547.92,547.83,547.83,-0.02,306.0,168723.85,-1
2024-11-19,2024-11-19 14:26:00,547.83,547.83,547.75,547.75,-0.01,306.0,168723.85,-1
2024-11-19,2024-11-19 14:27:00,547.75,547.75,547.67,547.67,-0.01,306.0,168723.85,-1
2024-11-19,2024-11-19 14:28:00,547.67,547.67,547.58,547.58,-0.02,306.0,168723.85,-1
2024-11-19,2024-11-19 14:29:00,547.58,547.58,547.5,547.5,-0.01,306.0,168723.85,-1
2024-11-19,2024-11-19 14:30:00,547.5,547.5,547.42,547.42,-0.01,306.0,168723.85,-1
2024-11-19,2024-11-19 14:31:00,547.42,547.42,547.33,547.33,-0.02,306.0,168723.85,-1
2024-11-19,2024-11-19 14:32:00,547.33,547.33,547.25,547.25,-0.01,306.0,168723.85,-1
2024-11-19,2024-11-19 14:33:00,547.25,547.25,547.17,547.17,-0.01,306.0,168723.85,-1
2024-11-19,2024-11-19 14:34:00,547.17,547.17,547.08,547.08,-0.02,306.0,168723.85,-1
2024-11-19,2024-11-19 14:35:00,547.08,547.08,547.0,547.0,-0.01,306.0,168723.85,-1
2024-11-19,2024-11-19 14:36:00,547.0,547.0,546.92,546.92,-0.01,306.0,168723.85,-1
2024-11-19,2024-11-19 14:37:00,546.92,546.92,546.83,546.83,-0.02,306.0,168723.85,-1
2024-11-19,2024-11-19 14:38:00,546.83,546.83,546.75,546.75,-0.01,306.0,168723.85,-1
2024-11-19,2024-11-19 14:39:00,546.75,546.75,546.67,546.67,-0.01,306.0,168723.85,-1
2024-11-19,2024-11-19 14:40:00,546.67,546.67,546.58,546.58,-0.02,306.0,168723.85,-1
2024-11-19,2024-11-19 14:41:00,546.58,546.58,546.5,546.5,-0.01,306.0,168723.85,-1
2024-11-19,2024-11-19 14:42:00,546.5,546.5,546.42,546.42,-0.01,306.0,168723.85,-1
2024-11-19,2024-11-19 14:43:00,546.42,546.42,546.33,546.33,-0.02,306.0,168723.85,-1
2024-11-19,2024-11-19 14:44:00,546.33,546.33,546.25,546.25,-0.01,306.0,168723.85,-1
2024-11-19,2024-11-19 14:45:00,546.25,546.25,546.17,546.17,-0.01,306.0,168723.85,-1
2024-11-19,2024-11-19 14:46:00,546.17,546.17,546.08,546.08,-0.02,306.0,168723.85,-1
2024-11-19,2024-11-19 14:47:00,546.08,546.08,546.0,546.0,-0.01,306.0,168723.85,-1
2024-11-19,2024-11-19 14:48:00,546.0,546.0,545.92,545.92,-0.01,306.0,168723.85,-1
2024-11-19,2024-11-19 14:49:00,545.92,545.92,545.83,545.83,-0.02,306.0,168723.85,-1
2024-11-19,2024-11-19 14:50:00,545.83,545.83,545.75,545.75,-0.01,306.0,168723.85,-1
2024-11-19,2024-11-19 14:51:00,545.75,545.75,545.67,545.67,-0.01,306.0,168723.85,-1
2024-11-19,2024-11-19 14:52:00,545.67,545.67,545.58,545.58,-0.02,306.0,168723.85,-1
2024-11-19,2024-11-19 14:53:00,545.58,545.58,545.5,545.5,-0.01,306.0,168723.85,-1
2024-11-19,2024-11-19 14:54:00,545.5,545.5,545.42,545.42,-0.01,306.0,168723.85,-1
2024-11-19,2024-11-19 14:55:00,545.42,545.42,545.33,545.33,-0.02,306.0,168723.85,-1
2024-11-19,2024-11-19 14:56:00,545.33,545.33,545.25,545.25,-0.01,306.0,168723.85,-1
2024-11-19,2024-11-19 14:57:00,545.25,545.25,545.17,545.17,-0.01,306.0,168723.85,-1
2024-11-19,2024-11-19 14:58:00,545.17,545.17,545.08,545.08,-0.02,306.0,168723.85,-1
2024-11-19,2024-11-19 14:59:00,545.08,545.08,545.0,545.0,-0.01,306.0,168723.85,-1
2024-11-19,2024-11-19 15:00:00,545.0,573.0,538.0,545.0,0.0,306.0,168723.85,0
2024-11-20,2024-11-20 11:00:00,535.0,544.3,535.0,535.09,0.02,142.19,78091.5,1
2024-11-20,2024-11-20 11:01:00,535.09,535.18,535.09,535.18,0.02,142.19,78091.5,1
2024-11-20,2024-11-20 11:02:00,535.18,535.27,535.18,535.27,0.02,142.19,78091.5,1
2024-11-20,2024-11-20 11:03:00,535.27,535.37,535.27,535.37,0.02,142.19,78091.5,1
2024-11-20,2024-11-20 11:04:00,535.37,535.46,535.37,535.46,0.02,142.19,78091.5,1
2024-11-20,2024-11-20 11:05:00,535.46,535.55,535.46,535.55,0.02,142.19,78091.5,1
2024-11-20,2024-11-20 11:06:00,535.55,535.64,535.55,535.64,0.02,142.19,78091.5,1
2024-11-20,2024-11-20 11:07:00,535.64,535.73,535.64,535.73,0.02,142.19,78091.5,1
2024-11-20,2024-11-20 11:08:00,535.73,535.82,535.73,535.82,0.02,142.19,78091.5,1
2024-11-20,2024-11-20 11:09:00,535.82,535.91,535.82,535.91,0.02,142.19,78091.5,1
2024-11-20,2024-11-20 11:10:00,535.91,536.0,535.91,536.0,0.02,142.19,78091.5,1
2024-11-20,2024-11-20 11:11:00,536.0,536.1,536.0,536.1,0.02,142.19,78091.5,1
2024-11-20,2024-11-20 11:12:00,536.1,536.19,536.1,536.19,0.02,142.19,78091.5,1
2024-11-20,2024-11-20 11:13:00,536.19,536.28,536.19,536.28,0.02,142.19,78091.5,1
2024-11-20,2024-11-20 11:14:00,536.28,536.37,536.28,536.37,0.02,142.19,78091.5,1
2024-11-20,2024-11-20 11:15:00,536.37,536.46,536.37,536.46,0.02,142.19,78091.5,1
2024-11-20,2024-11-20 11:16:00,536.46,536.55,536.46,536.55,0.02,142.19,78091.5,1
2024-11-20,2024-11-20 11:17:00,536.55,536.64,536.55,536.64,0.02,142.19,78091.5,1
2024-11-20,2024-11-20 11:18:00,536.64,536.73,536.64,536.73,0.02,142.19,78091.5,1
2024-11-20,2024-11-20 11:19:00,536.73,536.83,536.73,536.83,0.02,142.19,78091.5,1
2024-11-20,2024-11-20 11:20:00,536.83,536.92,536.83,536.92,0.02,142.19,78091.5,1
2024-11-20,2024-11-20 11:21:00,536.92,537.01,536.92,537.01,0.02,142.19,78091.5,1
2024-11-20,2024-11-20 11:22:00,537.01,537.1,537.01,537.1,0.02,142.19,78091.5,1
2024-11-20,2024-11-20 11:23:00,537.1,537.19,537.1,537.19,0.02,142.19,78091.5,1
2024-11-20,2024-11-20 11:24:00,537.19,537.28,537.19,537.28,0.02,142.19,78091.5,1
2024-11-20,2024-11-20 11:25:00,537.28,537.37,537.28,537.37,0.02,142.19,78091.5,1
2024-11-20,2024-11-20 11:26:00,537.37,537.46,537.37,537.46,0.02,142.19,78091.5,1
2024-11-20,2024-11-20 11:27:00,537.46,537.55,537.46,537.55,0.02,142.19,78091.5,1
2024-11-20,2024-11-20 11:28:00,537.55,537.65,537.55,537.65,0.02,142.19,78091.5,1
2024-11-20,2024-11-20 11:29:00,537.65,537.74,537.65,537.74,0.02,142.19,78091.5,1
2024-11-20,2024-11-20 11:30:00,537.74,537.83,537.74,537.83,0.02,142.19,78091.5,1
2024-11-20,2024-11-20 11:31:00,537.83,537.92,537.83,537.92,0.02,142.19,78091.5,1
2024-11-20,2024-11-20 11:32:00,537.92,538.01,537.92,538.01,0.02,142.19,78091.5,1
2024-11-20,2024-11-20 11:33:00,538.01,538.1,538.01,538.1,0.02,142.19,78091.5,1
2024-11-20,2024-11-20 11:34:00,538.1,538.19,538.1,538.19,0.02,142.19,78091.5,1
2024-11-20,2024-11-20 11:35:00,538.19,538.28,538.19,538.28,0.02,142.19,78091.5,1
2024-11-20,2024-11-20 11:36:00,538.28,538.38,538.28,538.38,0.02,142.19,78091.5,1
2024-11-20,2024-11-20 11:37:00,538.38,538.47,538.38,538.47,0.02,142.19,78091.5,1
2024-11-20,2024-11-20 11:38:00,538.47,538.56,538.47,538.56,0.02,142.19,78091.5,1
2024-11-20,2024-11-20 11:39:00,538.56,538.65,538.56,538.65,0.02,142.19,78091.5,1
2024-11-20,2024-11-20 11:40:00,538.65,538.74,538.65,538.74,0.02,142.19,78091.5,1
2024-11-20,2024-11-20 11:41:00,538.74,538.83,538.74,538.83,0.02,142.19,78091.5,1
2024-11-20,2024-11-20 11:42:00,538.83,538.92,538.83,538.92,0.02,142.19,78091.5,1
2024-11-20,2024-11-20 11:43:00,538.92,539.01,538.92,539.01,0.02,142.19,78091.5,1
2024-11-20,2024-11-20 11:44:00,539.01,539.11,539.01,539.11,0.02,142.19,78091.5,1
2024-11-20,2024-11-20 11:45:00,539.11,539.2,539.11,539.2,0.02,142.19,78091.5,1
2024-11-20,2024-11-20 11:46:00,539.2,539.29,539.2,539.29,0.02,142.19,78091.5,1
2024-11-20,2024-11-20 11:47:00,539.29,539.38,539.29,539.38,0.02,142.19,78091.5,1
2024-11-20,2024-11-20 11:48:00,539.38,539.47,539.38,539.47,0.02,142.19,78091.5,1
2024-11-20,2024-11-20 11:49:00,539.47,539.56,539.47,539.56,0.02,142.19,78091.5,1
2024-11-20,2024-11-20 11:50:00,539.56,539.65,539.56,539.65,0.02,142.19,78091.5,1
2024-11-20,2024-11-20 11:51:00,539.65,539.75,539.65,539.75,0.02,142.19,78091.5,1
2024-11-20,2024-11-20 11:52:00,539.75,539.84,539.75,539.84,0.02,142.19,78091.5,1
2024-11-20,2024-11-20 11:53:00,539.84,539.93,539.84,539.93,0.02,142.19,78091.5,1
2024-11-20,2024-11-20 11:54:00,539.93,540.02,539.93,540.02,0.02,142.19,78091.5,1
2024-11-20,2024-11-20 11:55:00,540.02,540.11,540.02,540.11,0.02,142.19,78091.5,1
2024-11-20,2024-11-20 11:56:00,540.11,540.2,540.11,540.2,0.02,142.19,78091.5,1
2024-11-20,2024-11-20 11:57:00,540.2,540.29,540.2,540.29,0.02,142.19,78091.5,1
2024-11-20,2024-11-20 11:58:00,540.29,540.38,540.29,540.38,0.02,142.19,78091.5,1
2024-11-20,2024-11-20 11:59:00,540.38,540.48,540.38,540.48,0.02,142.19,78091.5,1
2024-11-20,2024-11-20 12:00:00,540.48,540.57,540.48,540.57,0.02,142.19,78091.5,1
2024-11-20,2024-11-20 12:01:00,540.57,540.66,540.57,540.66,0.02,142.19,78091.5,1
2024-11-20,2024-11-20 12:02:00,540.66,540.75,540.66,540.75,0.02,142.19,78091.5,1
2024-11-20,2024-11-20 12:03:00,540.75,540.84,540.75,540.84,0.02,142.19,78091.5,1
2024-11-20,2024-11-20 12:04:00,540.84,540.93,540.84,540.93,0.02,142.19,78091.5,1
2024-11-20,2024-11-20 12:05:00,540.93,541.02,540.93,541.02,0.02,142.19,78091.5,1
2024-11-20,2024-11-20 12:06:00,541.02,541.11,541.02,541.11,0.02,142.19,78091.5,1
2024-11-20,2024-11-20 12:07:00,541.11,541.21,541.11,541.21,0.02,142.19,78091.5,1
2024-11-20,2024-11-20 12:08:00,541.21,541.3,541.21,541.3,0.02,142.19,78091.5,1
2024-11-20,2024-11-20 12:09:00,541.3,541.39,541.3,541.39,0.02,142.19,78091.5,1
2024-11-20,2024-11-20 12:10:00,541.39,541.48,541.39,541.48,0.02,142.19,78091.5,1
2024-11-20,2024-11-20 12:11:00,541.48,541.57,541.48,541.57,0.02,142.19,78091.5,1
2024-11-20,2024-11-20 12:12:00,541.57,541.66,541.57,541.66,0.02,142.19,78091.5,1
2024-11-20,2024-11-20 12:13:00,541.66,541.75,541.66,541.75,0.02,142.19,78091.5,1
2024-11-20,2024-11-20 12:14:00,541.75,541.84,541.75,541.84,0.02,142.19,78091.5,1
2024-11-20,2024-11-20 12:15:00,541.84,541.93,541.84,541.93,0.02,142.19,78091.5,1
2024-11-20,2024-11-20 12:16:00,541.93,542.03,541.93,542.03,0.02,142.19,78091.5,1
2024-11-20,2024-11-20 12:17:00,542.03,542.12,542.03,542.12,0.02,142.19,78091.5,1
2024-11-20,2024-11-20 12:18:00,542.12,542.21,542.12,542.21,0.02,142.19,78091.5,1
2024-11-20,2024-11-20 12:19:00,542.21,542.3,542.21,542.3,0.02,142.19,78091.5,1
2024-11-20,2024-11-20 12:20:00,542.3,542.39,542.3,542.39,0.02,142.19,78091.5,1
2024-11-20,2024-11-20 12:21:00,542.39,542.48,542.39,542.48,0.02,142.19,78091.5,1
2024-11-20,2024-11-20 12:22:00,542.48,542.57,542.48,542.57,0.02,142.19,78091.5,1
2024-11-20,2024-11-20 12:23:00,542.57,542.66,542.57,542.66,0.02,142.19,78091.5,1
2024-11-20,2024-11-20 12:24:00,542.66,542.76,542.66,542.76,0.02,142.19,78091.5,1
2024-11-20,2024-11-20 12:25:00,542.76,542.85,542.76,542.85,0.02,142.19,78091.5,1
2024-11-20,2024-11-20 12:26:00,542.85,542.94,542.85,542.94,0.02,142.19,78091.5,1
2024-11-20,2024-11-20 12:27:00,542.94,543.03,542.94,543.03,0.02,142.19,78091.5,1
2024-11-20,2024-11-20 12:28:00,543.03,543.12,543.03,543.12,0.02,142.19,78091.5,1
2024-11-20,2024-11-20 12:29:00,543.12,543.21,543.12,543.21,0.02,142.19,78091.5,1
2024-11-20,2024-11-20 12:30:00,543.21,543.3,543.21,543.3,0.02,142.19,78091.5,1
2024-11-20,2024-11-20 12:31:00,543.3,543.39,543.3,543.39,0.02,142.19,78091.5,1
2024-11-20,2024-11-20 12:32:00,543.39,543.49,543.39,543.49,0.02,142.19,78091.5,1
2024-11-20,2024-11-20 12:33:00,543.49,543.58,543.49,543.58,0.02,142.19,78091.5,1
2024-11-20,2024-11-20 12:34:00,543.58,543.67,543.58,543.67,0.02,142.19,78091.5,1
2024-11-20,2024-11-20 12:35:00,543.67,543.76,543.67,543.76,0.02,142.19,78091.5,1
2024-11-20,2024-11-20 12:36:00,543.76,543.85,543.76,543.85,0.02,142.19,78091.5,1
2024-11-20,2024-11-20 12:37:00,543.85,543.94,543.85,543.94,0.02,142.19,78091.5,1
2024-11-20,2024-11-20 12:38:00,543.94,544.03,543.94,544.03,0.02,142.19,78091.5,1
2024-11-20,2024-11-20 12:39:00,544.03,544.12,544.03,544.12,0.02,142.19,78091.5,1
2024-11-20,2024-11-20 12:40:00,544.12,544.22,544.12,544.22,0.02,142.19,78091.5,1
2024-11-20,2024-11-20 12:41:00,544.22,544.31,544.22,544.31,0.02,142.19,78091.5,1
2024-11-20,2024-11-20 12:42:00,544.31,544.4,544.31,544.4,0.02,142.19,78091.5,1
2024-11-20,2024-11-20 12:43:00,544.4,544.49,544.4,544.49,0.02,142.19,78091.5,1
2024-11-20,2024-11-20 12:44:00,544.49,544.58,544.49,544.58,0.02,142.19,78091.5,1
2024-11-20,2024-11-20 12:45:00,544.58,544.67,544.58,544.67,0.02,142.19,78091.5,1
2024-11-20,2024-11-20 12:46:00,544.67,544.76,544.67,544.76,0.02,142.19,78091.5,1
2024-11-20,2024-11-20 12:47:00,544.76,544.86,544.76,544.86,0.02,142.19,78091.5,1
2024-11-20,2024-11-20 12:48:00,544.86,544.95,544.86,544.95,0.02,142.19,78091.5,1
2024-11-20,2024-11-20 12:49:00,544.95,545.04,544.95,545.04,0.02,142.19,78091.5,1
2024-11-20,2024-11-20 12:50:00,545.04,545.13,545.04,545.13,0.02,142.19,78091.5,1
2024-11-20,2024-11-20 12:51:00,545.13,545.22,545.13,545.22,0.02,142.19,78091.5,1
2024-11-20,2024-11-20 12:52:00,545.22,545.31,545.22,545.31,0.02,142.19,78091.5,1
2024-11-20,2024-11-20 12:53:00,545.31,545.4,545.31,545.4,0.02,142.19,78091.5,1
2024-11-20,2024-11-20 12:54:00,545.4,545.49,545.4,545.49,0.02,142.19,78091.5,1
2024-11-20,2024-11-20 12:55:00,545.49,545.59,545.49,545.59,0.02,142.19,78091.5,1
2024-11-20,2024-11-20 12:56:00,545.59,545.68,545.59,545.68,0.02,142.19,78091.5,1
2024-11-20,2024-11-20 12:57:00,545.68,545.77,545.68,545.77,0.02,142.19,78091.5,1
2024-11-20,2024-11-20 12:58:00,545.77,545.86,545.77,545.86,0.02,142.19,78091.5,1
2024-11-20,2024-11-20 12:59:00,545.86,545.95,545.86,545.95,0.02,142.19,78091.5,1
2024-11-20,2024-11-20 13:00:00,545.95,566.0,535.0,546.04,0.02,142.19,78091.5,1
2024-11-20,2024-11-20 13:01:00,546.04,546.13,546.04,546.13,0.02,142.19,78091.5,1
2024-11-20,2024-11-20 13:02:00,546.13,546.22,546.13,546.22,0.02,142.19,78091.5,1
2024-11-20,2024-11-20 13:03:00,546.22,546.31,546.22,546.31,0.02,142.19,78091.5,1
2024-11-20,2024-11-20 13:04:00,546.31,546.41,546.31,546.41,0.02,142.19,78091.5,1
2024-11-20,2024-11-20 13:05:00,546.41,546.5,546.41,546.5,0.02,142.19,78091.5,1
2024-11-20,2024-11-20 13:06:00,546.5,546.59,546.5,546.59,0.02,142.19,78091.5,1
2024-11-20,2024-11-20 13:07:00,546.59,546.68,546.59,546.68,0.02,142.19,78091.5,1
2024-11-20,2024-11-20 13:08:00,546.68,546.77,546.68,546.77,0.02,142.19,78091.5,1
2024-11-20,2024-11-20 13:09:00,546.77,546.86,546.77,546.86,0.02,142.19,78091.5,1
2024-11-20,2024-11-20 13:10:00,546.86,546.95,546.86,546.95,0.02,142.19,78091.5,1
2024-11-20,2024-11-20 13:11:00,546.95,547.04,546.95,547.04,0.02,142.19,78091.5,1
2024-11-20,2024-11-20 13:12:00,547.04,547.14,547.04,547.14,0.02,142.19,78091.5,1
2024-11-20,2024-11-20 13:13:00,547.14,547.23,547.14,547.23,0.02,142.19,78091.5,1
2024-11-20,2024-11-20 13:14:00,547.23,547.32,547.23,547.32,0.02,142.19,78091.5,1
2024-11-20,2024-11-20 13:15:00,547.32,547.41,547.32,547.41,0.02,142.19,78091.5,1
2024-11-20,2024-11-20 13:16:00,547.41,547.5,547.41,547.5,0.02,142.19,78091.5,1
2024-11-20,2024-11-20 13:17:00,547.5,547.59,547.5,547.59,0.02,142.19,78091.5,1
2024-11-20,2024-11-20 13:18:00,547.59,547.68,547.59,547.68,0.02,142.19,78091.5,1
2024-11-20,2024-11-20 13:19:00,547.68,547.77,547.68,547.77,0.02,142.19,78091.5,1
2024-11-20,2024-11-20 13:20:00,547.77,547.87,547.77,547.87,0.02,142.19,78091.5,1
2024-11-20,2024-11-20 13:21:00,547.87,547.96,547.87,547.96,0.02,142.19,78091.5,1
2024-11-20,2024-11-20 13:22:00,547.96,548.05,547.96,548.05,0.02,142.19,78091.5,1
2024-11-20,2024-11-20 13:23:00,548.05,548.14,548.05,548.14,0.02,142.19,78091.5,1
2024-11-20,2024-11-20 13:24:00,548.14,548.23,548.14,548.23,0.02,142.19,78091.5,1
2024-11-20,2024-11-20 13:25:00,548.23,548.32,548.23,548.32,0.02,142.19,78091.5,1
2024-11-20,2024-11-20 13:26:00,548.32,548.41,548.32,548.41,0.02,142.19,78091.5,1
2024-11-20,2024-11-20 13:27:00,548.41,548.5,548.41,548.5,0.02,142.19,78091.5,1
2024-11-20,2024-11-20 13:28:00,548.5,548.6,548.5,548.6,0.02,142.19,78091.5,1
2024-11-20,2024-11-20 13:29:00,548.6,548.69,548.6,548.69,0.02,142.19,78091.5,1
2024-11-20,2024-11-20 13:30:00,548.69,548.78,548.69,548.78,0.02,142.19,78091.5,1
2024-11-20,2024-11-20 13:31:00,548.78,548.87,548.78,548.87,0.02,142.19,78091.5,1
2024-11-20,2024-11-20 13:32:00,548.87,548.96,548.87,548.96,0.02,142.19,78091.5,1
2024-11-20,2024-11-20 13:33:00,548.96,549.05,548.96,549.05,0.02,142.19,78091.5,1
2024-11-20,2024-11-20 13:34:00,549.05,549.14,549.05,549.14,0.02,142.19,78091.5,1
2024-11-20,2024-11-20 13:35:00,549.14,549.24,549.14,549.24,0.02,142.19,78091.5,1
2024-11-20,2024-11-20 13:36:00,549.24,549.33,549.24,549.33,0.02,142.19,78091.5,1
2024-11-20,2024-11-20 13:37:00,549.33,549.42,549.33,549.42,0.02,142.19,78091.5,1
2024-11-20,2024-11-20 13:38:00,549.42,549.51,549.42,549.51,0.02,142.19,78091.5,1
2024-11-20,2024-11-20 13:39:00,549.51,549.6,549.51,549.6,0.02,142.19,78091.5,1
2024-11-20,2024-11-20 13:40:00,549.6,549.69,549.6,549.69,0.02,142.19,78091.5,1
2024-11-20,2024-11-20 13:41:00,549.69,549.78,549.69,549.78,0.02,142.19,78091.5,1
2024-11-20,2024-11-20 13:42:00,549.78,549.87,549.78,549.87,0.02,142.19,78091.5,1
2024-11-20,2024-11-20 13:43:00,549.87,549.97,549.87,549.97,0.02,142.19,78091.5,1
2024-11-20,2024-11-20 13:44:00,549.97,550.06,549.97,550.06,0.02,142.19,78091.5,1
2024-11-20,2024-11-20 13:45:00,550.06,550.15,550.06,550.15,0.02,142.19,78091.5,1
2024-11-20,2024-11-20 13:46:00,550.15,550.24,550.15,550.24,0.02,142.19,78091.5,1
2024-11-20,2024-11-20 13:47:00,550.24,550.33,550.24,550.33,0.02,142.19,78091.5,1
2024-11-20,2024-11-20 13:48:00,550.33,550.42,550.33,550.42,0.02,142.19,78091.5,1
2024-11-20,2024-11-20 13:49:00,550.42,550.51,550.42,550.51,0.02,142.19,78091.5,1
2024-11-20,2024-11-20 13:50:00,550.51,550.6,550.51,550.6,0.02,142.19,78091.5,1
2024-11-20,2024-11-20 13:51:00,550.6,550.69,550.6,550.69,0.02,142.19,78091.5,1
2024-11-20,2024-11-20 13:52:00,550.69,550.79,550.69,550.79,0.02,142.19,78091.5,1
2024-11-20,2024-11-20 13:53:00,550.79,550.88,550.79,550.88,0.02,142.19,78091.5,1
2024-11-20,2024-11-20 13:54:00,550.88,550.97,550.88,550.97,0.02,142.19,78091.5,1
2024-11-20,2024-11-20 13:55:00,550.97,551.06,550.97,551.06,0.02,142.19,78091.5,1
2024-11-20,2024-11-20 13:56:00,551.06,551.15,551.06,551.15,0.02,142.19,78091.5,1
2024-11-20,2024-11-20 13:57:00,551.15,551.24,551.15,551.24,0.02,142.19,78091.5,1
2024-11-20,2024-11-20 13:58:00,551.24,551.33,551.24,551.33,0.02,142.19,78091.5,1
2024-11-20,2024-11-20 13:59:00,551.33,551.42,551.33,551.42,0.02,142.19,78091.5,1
2024-11-20,2024-11-20 14:00:00,551.42,551.52,551.42,551.52,0.02,142.19,78091.5,1
2024-11-20,2024-11-20 14:01:00,551.52,551.61,551.52,551.61,0.02,142.19,78091.5,1
2024-11-20,2024-11-20 14:02:00,551.61,551.7,551.61,551.7,0.02,142.19,78091.5,1
2024-11-20,2024-11-20 14:03:00,551.7,551.79,551.7,551.79,0.02,142.19,78091.5,1
2024-11-20,2024-11-20 14:04:00,551.79,551.88,551.79,551.88,0.02,142.19,78091.5,1
2024-11-20,2024-11-20 14:05:00,551.88,551.97,551.88,551.97,0.02,142.19,78091.5,1
2024-11-20,2024-11-20 14:06:00,551.97,552.06,551.97,552.06,0.02,142.19,78091.5,1
2024-11-20,2024-11-20 14:07:00,552.06,552.15,552.06,552.15,0.02,142.19,78091.5,1
2024-11-20,2024-11-20 14:08:00,552.15,552.25,552.15,552.25,0.02,142.19,78091.5,1
2024-11-20,2024-11-20 14:09:00,552.25,552.34,552.25,552.34,0.02,142.19,78091.5,1
2024-11-20,2024-11-20 14:10:00,552.34,552.43,552.34,552.43,0.02,142.19,78091.5,1
2024-11-20,2024-11-20 14:11:00,552.43,552.52,552.43,552.52,0.02,142.19,78091.5,1
2024-11-20,2024-11-20 14:12:00,552.52,552.61,552.52,552.61,0.02,142.19,78091.5,1
2024-11-20,2024-11-20 14:13:00,552.61,552.7,552.61,552.7,0.02,142.19,78091.5,1
2024-11-20,2024-11-20 14:14:00,552.7,552.79,552.7,552.79,0.02,142.19,78091.5,1
2024-11-20,2024-11-20 14:15:00,552.79,552.88,552.79,552.88,0.02,142.19,78091.5,1
2024-11-20,2024-11-20 14:16:00,552.88,552.98,552.88,552.98,0.02,142.19,78091.5,1
2024-11-20,2024-11-20 14:17:00,552.98,553.07,552.98,553.07,0.02,142.19,78091.5,1
2024-11-20,2024-11-20 14:18:00,553.07,553.16,553.07,553.16,0.02,142.19,78091.5,1
2024-11-20,2024-11-20 14:19:00,553.16,553.25,553.16,553.25,0.02,142.19,78091.5,1
2024-11-20,2024-11-20 14:20:00,553.25,553.34,553.25,553.34,0.02,142.19,78091.5,1
2024-11-20,2024-11-20 14:21:00,553.34,553.43,553.34,553.43,0.02,142.19,78091.5,1
2024-11-20,2024-11-20 14:22:00,553.43,553.52,553.43,553.52,0.02,142.19,78091.5,1
2024-11-20,2024-11-20 14:23:00,553.52,553.62,553.52,553.62,0.02,142.19,78091.5,1
2024-11-20,2024-11-20 14:24:00,553.62,553.71,553.62,553.71,0.02,142.19,78091.5,1
2024-11-20,2024-11-20 14:25:00,553.71,553.8,553.71,553.8,0.02,142.19,78091.5,1
2024-11-20,2024-11-20 14:26:00,553.8,553.89,553.8,553.89,0.02,142.19,78091.5,1
2024-11-20,2024-11-20 14:27:00,553.89,553.98,553.89,553.98,0.02,142.19,78091.5,1
2024-11-20,2024-11-20 14:28:00,553.98,554.07,553.98,554.07,0.02,142.19,78091.5,1
2024-11-20,2024-11-20 14:29:00,554.07,554.16,554.07,554.16,0.02,142.19,78091.5,1
2024-11-20,2024-11-20 14:30:00,554.16,554.25,554.16,554.25,0.02,142.19,78091.5,1
2024-11-20,2024-11-20 14:31:00,554.25,554.35,554.25,554.35,0.02,142.19,78091.5,1
2024-11-20,2024-11-20 14:32:00,554.35,554.44,554.35,554.44,0.02,142.19,78091.5,1
2024-11-20,2024-11-20 14:33:00,554.44,554.53,554.44,554.53,0.02,142.19,78091.5,1
2024-11-20,2024-11-20 14:34:00,554.53,554.62,554.53,554.62,0.02,142.19,78091.5,1
2024-11-20,2024-11-20 14:35:00,554.62,554.71,554.62,554.71,0.02,142.19,78091.5,1
2024-11-20,2024-11-20 14:36:00,554.71,554.8,554.71,554.8,0.02,142.19,78091.5,1
2024-11-20,2024-11-20 14:37:00,554.8,554.89,554.8,554.89,0.02,142.19,78091.5,1
2024-11-20,2024-11-20 14:38:00,554.89,554.98,554.89,554.98,0.02,142.19,78091.5,1
2024-11-20,2024-11-20 14:39:00,554.98,555.07,554.98,555.07,0.02,142.19,78091.5,1
2024-11-20,2024-11-20 14:40:00,555.07,555.17,555.07,555.17,0.02,142.19,78091.5,1
2024-11-20,2024-11-20 14:41:00,555.17,555.26,555.17,555.26,0.02,142.19,78091.5,1
2024-11-20,2024-11-20 14:42:00,555.26,555.35,555.26,555.35,0.02,142.19,78091.5,1
2024-11-20,2024-11-20 14:43:00,555.35,555.44,555.35,555.44,0.02,142.19,78091.5,1
2024-11-20,2024-11-20 14:44:00,555.44,555.53,555.44,555.53,0.02,142.19,78091.5,1
2024-11-20,2024-11-20 14:45:00,555.53,555.62,555.53,555.62,0.02,142.19,78091.5,1
2024-11-20,2024-11-20 14:46:00,555.62,555.71,555.62,555.71,0.02,142.19,78091.5,1
2024-11-20,2024-11-20 14:47:00,555.71,555.8,555.71,555.8,0.02,142.19,78091.5,1
2024-11-20,2024-11-20 14:48:00,555.8,555.9,555.8,555.9,0.02,142.19,78091.5,1
2024-11-20,2024-11-20 14:49:00,555.9,555.99,555.9,555.99,0.02,142.19,78091.5,1
2024-11-20,2024-11-20 14:50:00,555.99,556.08,555.99,556.08,0.02,142.19,78091.5,1
2024-11-20,2024-11-20 14:51:00,556.08,556.17,556.08,556.17,0.02,142.19,78091.5,1
2024-11-20,2024-11-20 14:52:00,556.17,556.26,556.17,556.26,0.02,142.19,78091.5,1
2024-11-20,2024-11-20 14:53:00,556.26,556.35,556.26,556.35,0.02,142.19,78091.5,1
2024-11-20,2024-11-20 14:54:00,556.35,556.44,556.35,556.44,0.02,142.19,78091.5,1
2024-11-20,2024-11-20 14:55:00,556.44,556.53,556.44,556.53,0.02,142.19,78091.5,1
2024-11-20,2024-11-20 14:56:00,556.53,556.63,556.53,556.63,0.02,142.19,78091.5,1
2024-11-20,2024-11-20 14:57:00,556.63,556.72,556.63,556.72,0.02,142.19,78091.5,1
2024-11-20,2024-11-20 14:58:00,556.72,556.81,556.72,556.81,0.02,142.19,78091.5,1
2024-11-20,2024-11-20 14:59:00,556.81,556.9,556.81,556.9,0.02,142.19,78091.5,1
2024-11-20,2024-11-20 15:00:00,556.9,566.0,535.0,556.9,0.0,142.19,78091.5,0
2024-11-21,2024-11-21 11:00:00,550.0,559.0,547.9,550.0,0.0,140.36,77756.5,0
2024-11-21,2024-11-21 11:01:00,550.0,550.0,549.99,549.99,-0.0,140.36,77756.5,-1
2024-11-21,2024-11-21 11:02:00,549.99,549.99,549.99,549.99,0.0,140.36,77756.5,0
2024-11-21,2024-11-21 11:03:00,549.99,549.99,549.98,549.98,-0.0,140.36,77756.5,-1
2024-11-21,2024-11-21 11:04:00,549.98,549.98,549.98,549.98,0.0,140.36,77756.5,0
2024-11-21,2024-11-21 11:05:00,549.98,549.98,549.98,549.98,0.0,140.36,77756.5,0
2024-11-21,2024-11-21 11:06:00,549.98,549.98,549.97,549.97,-0.0,140.36,77756.5,-1
2024-11-21,2024-11-21 11:07:00,549.97,549.97,549.97,549.97,0.0,140.36,77756.5,0
2024-11-21,2024-11-21 11:08:00,549.97,549.97,549.96,549.96,-0.0,140.36,77756.5,-1
2024-11-21,2024-11-21 11:09:00,549.96,549.96,549.96,549.96,0.0,140.36,77756.5,0
2024-11-21,2024-11-21 11:10:00,549.96,549.96,549.95,549.95,-0.0,140.36,77756.5,-1
2024-11-21,2024-11-21 11:11:00,549.95,549.95,549.95,549.95,0.0,140.36,77756.5,0
2024-11-21,2024-11-21 11:12:00,549.95,549.95,549.95,549.95,0.0,140.36,77756.5,0
2024-11-21,2024-11-21 11:13:00,549.95,549.95,549.94,549.94,-0.0,140.36,77756.5,-1
2024-11-21,2024-11-21 11:14:00,549.94,549.94,549.94,549.94,0.0,140.36,77756.5,0
2024-11-21,2024-11-21 11:15:00,549.94,549.94,549.93,549.93,-0.0,140.36,77756.5,-1
2024-11-21,2024-11-21 11:16:00,549.93,549.93,549.93,549.93,0.0,140.36,77756.5,0
2024-11-21,2024-11-21 11:17:00,549.93,549.93,549.92,549.92,-0.0,140.36,77756.5,-1
2024-11-21,2024-11-21 11:18:00,549.92,549.92,549.92,549.92,0.0,140.36,77756.5,0
2024-11-21,2024-11-21 11:19:00,549.92,549.92,549.92,549.92,0.0,140.36,77756.5,0
2024-11-21,2024-11-21 11:20:00,549.92,549.92,549.91,549.91,-0.0,140.36,77756.5,-1
2024-11-21,2024-11-21 11:21:00,549.91,549.91,549.91,549.91,0.0,140.36,77756.5,0
2024-11-21,2024-11-21 11:22:00,549.91,549.91,549.9,549.9,-0.0,140.36,77756.5,-1
2024-11-21,2024-11-21 11:23:00,549.9,549.9,549.9,549.9,0.0,140.36,77756.5,0
2024-11-21,2024-11-21 11:24:00,549.9,549.9,549.9,549.9,0.0,140.36,77756.5,0
2024-11-21,2024-11-21 11:25:00,549.9,549.9,549.89,549.89,-0.0,140.36,77756.5,-1
2024-11-21,2024-11-21 11:26:00,549.89,549.89,549.89,549.89,0.0,140.36,77756.5,0
2024-11-21,2024-11-21 11:27:00,549.89,549.89,549.88,549.88,-0.0,140.36,77756.5,-1
2024-11-21,2024-11-21 11:28:00,549.88,549.88,549.88,549.88,0.0,140.36,77756.5,0
2024-11-21,2024-11-21 11:29:00,549.88,549.88,549.88,549.88,0.0,140.36,77756.5,0
2024-11-21,2024-11-21 11:30:00,549.88,549.88,549.87,549.87,-0.0,140.36,77756.5,-1
2024-11-21,2024-11-21 11:31:00,549.87,549.87,549.87,549.87,0.0,140.36,77756.5,0
2024-11-21,2024-11-21 11:32:00,549.87,549.87,549.86,549.86,-0.0,140.36,77756.5,-1
2024-11-21,2024-11-21 11:33:00,549.86,549.86,549.86,549.86,0.0,140.36,77756.5,0
2024-11-21,2024-11-21 11:34:00,549.86,549.86,549.85,549.85,-0.0,140.36,77756.5,-1
2024-11-21,2024-11-21 11:35:00,549.85,549.85,549.85,549.85,0.0,140.36,77756.5,0
2024-11-21,2024-11-21 11:36:00,549.85,549.85,549.85,549.85,0.0,140.36,77756.5,0
2024-11-21,2024-11-21 11:37:00,549.85,549.85,549.84,549.84,-0.0,140.36,77756.5,-1
2024-11-21,2024-11-21 11:38:00,549.84,549.84,549.84,549.84,0.0,140.36,77756.5,0
2024-11-21,2024-11-21 11:39:00,549.84,549.84,549.83,549.83,-0.0,140.36,77756.5,-1
2024-11-21,2024-11-21 11:40:00,549.83,549.83,549.83,549.83,0.0,140.36,77756.5,0
2024-11-21,2024-11-21 11:41:00,549.83,549.83,549.83,549.83,0.0,140.36,77756.5,0
2024-11-21,2024-11-21 11:42:00,549.83,549.83,549.82,549.82,-0.0,140.36,77756.5,-1
2024-11-21,2024-11-21 11:43:00,549.82,549.82,549.82,549.82,0.0,140.36,77756.5,0
2024-11-21,2024-11-21 11:44:00,549.82,549.82,549.81,549.81,-0.0,140.36,77756.5,-1
2024-11-21,2024-11-21 11:45:00,549.81,549.81,549.81,549.81,0.0,140.36,77756.5,0
2024-11-21,2024-11-21 11:46:00,549.81,549.81,549.8,549.8,-0.0,140.36,77756.5,-1
2024-11-21,2024-11-21 11:47:00,549.8,549.8,549.8,549.8,0.0,140.36,77756.5,0
2024-11-21,2024-11-21 11:48:00,549.8,549.8,549.8,549.8,0.0,140.36,77756.5,0
2024-11-21,2024-11-21 11:49:00,549.8,549.8,549.79,549.79,-0.0,140.36,77756.5,-1
2024-11-21,2024-11-21 11:50:00,549.79,549.79,549.79,549.79,0.0,140.36,77756.5,0
2024-11-21,2024-11-21 11:51:00,549.79,549.79,549.78,549.78,-0.0,140.36,77756.5,-1
2024-11-21,2024-11-21 11:52:00,549.78,549.78,549.78,549.78,0.0,140.36,77756.5,0
2024-11-21,2024-11-21 11:53:00,549.78,549.78,549.77,549.77,-0.0,140.36,77756.5,-1
2024-11-21,2024-11-21 11:54:00,549.77,549.77,549.77,549.77,0.0,140.36,77756.5,0
2024-11-21,2024-11-21 11:55:00,549.77,549.77,549.77,549.77,0.0,140.36,77756.5,0
2024-11-21,2024-11-21 11:56:00,549.77,549.77,549.76,549.76,-0.0,140.36,77756.5,-1
2024-11-21,2024-11-21 11:57:00,549.76,549.76,549.76,549.76,0.0,140.36,77756.5,0
2024-11-21,2024-11-21 11:58:00,549.76,549.76,549.75,549.75,-0.0,140.36,77756.5,-1
2024-11-21,2024-11-21 11:59:00,549.75,549.75,549.75,549.75,0.0,140.36,77756.5,0
2024-11-21,2024-11-21 12:00:00,549.75,549.75,549.75,549.75,0.0,140.36,77756.5,0
2024-11-21,2024-11-21 12:01:00,549.75,549.75,549.74,549.74,-0.0,140.36,77756.5,-1
2024-11-21,2024-11-21 12:02:00,549.74,549.74,549.74,549.74,0.0,140.36,77756.5,0
2024-11-21,2024-11-21 12:03:00,549.74,549.74,549.73,549.73,-0.0,140.36,77756.5,-1
2024-11-21,2024-11-21 12:04:00,549.73,549.73,549.73,549.73,0.0,140.36,77756.5,0
2024-11-21,2024-11-21 12:05:00,549.73,549.73,549.73,549.73,0.0,140.36,77756.5,0
2024-11-21,2024-11-21 12:06:00,549.73,549.73,549.72,549.72,-0.0,140.36,77756.5,-1
2024-11-21,2024-11-21 12:07:00,549.72,549.72,549.72,549.72,0.0,140.36,77756.5,0
2024-11-21,2024-11-21 12:08:00,549.72,549.72,549.71,549.71,-0.0,140.36,77756.5,-1
2024-11-21,2024-11-21 12:09:00,549.71,549.71,549.71,549.71,0.0,140.36,77756.5,0
2024-11-21,2024-11-21 12:10:00,549.71,549.71,549.7,549.7,-0.0,140.36,77756.5,-1
2024-11-21,2024-11-21 12:11:00,549.7,549.7,549.7,549.7,0.0,140.36,77756.5,0
2024-11-21,2024-11-21 12:12:00,549.7,549.7,549.7,549.7,0.0,140.36,77756.5,0
2024-11-21,2024-11-21 12:13:00,549.7,549.7,549.69,549.69,-0.0,140.36,77756.5,-1
2024-11-21,2024-11-21 12:14:00,549.69,549.69,549.69,549.69,0.0,140.36,77756.5,0
2024-11-21,2024-11-21 12:15:00,549.69,549.69,549.68,549.68,-0.0,140.36,77756.5,-1
2024-11-21,2024-11-21 12:16:00,549.68,549.68,549.68,549.68,0.0,140.36,77756.5,0
2024-11-21,2024-11-21 12:17:00,549.68,549.68,549.67,549.67,-0.0,140.36,77756.5,-1
2024-11-21,2024-11-21 12:18:00,549.67,549.67,549.67,549.67,0.0,140.36,77756.5,0
2024-11-21,2024-11-21 12:19:00,549.67,549.67,549.67,549.67,0.0,140.36,77756.5,0
2024-11-21,2024-11-21 12:20:00,549.67,549.67,549.66,549.66,-0.0,140.36,77756.5,-1
2024-11-21,2024-11-21 12:21:00,549.66,549.66,549.66,549.66,0.0,140.36,77756.5,0
2024-11-21,2024-11-21 12:22:00,549.66,549.66,549.65,549.65,-0.0,140.36,77756.5,-1
2024-11-21,2024-11-21 12:23:00,549.65,549.65,549.65,549.65,0.0,140.36,77756.5,0
2024-11-21,2024-11-21 12:24:00,549.65,549.65,549.65,549.65,0.0,140.36,77756.5,0
2024-11-21,2024-11-21 12:25:00,549.65,549.65,549.64,549.64,-0.0,140.36,77756.5,-1
2024-11-21,2024-11-21 12:26:00,549.64,549.64,549.64,549.64,0.0,140.36,77756.5,0
2024-11-21,2024-11-21 12:27:00,549.64,549.64,549.63,549.63,-0.0,140.36,77756.5,-1
2024-11-21,2024-11-21 12:28:00,549.63,549.63,549.63,549.63,0.0,140.36,77756.5,0
2024-11-21,2024-11-21 12:29:00,549.63,549.63,549.62,549.62,-0.0,140.36,77756.5,-1
2024-11-21,2024-11-21 12:30:00,549.62,549.62,549.62,549.62,0.0,140.36,77756.5,0
2024-11-21,2024-11-21 12:31:00,549.62,549.62,549.62,549.62,0.0,140.36,77756.5,0
2024-11-21,2024-11-21 12:32:00,549.62,549.62,549.61,549.61,-0.0,140.36,77756.5,-1
2024-11-21,2024-11-21 12:33:00,549.61,549.61,549.61,549.61,0.0,140.36,77756.5,0
2024-11-21,2024-11-21 12:34:00,549.61,549.61,549.6,549.6,-0.0,140.36,77756.5,-1
2024-11-21,2024-11-21 12:35:00,549.6,549.6,549.6,549.6,0.0,140.36,77756.5,0
2024-11-21,2024-11-21 12:36:00,549.6,549.6,549.6,549.6,0.0,140.36,77756.5,0
2024-11-21,2024-11-21 12:37:00,549.6,549.6,549.59,549.59,-0.0,140.36,77756.5,-1
2024-11-21,2024-11-21 12:38:00,549.59,549.59,549.59,549.59,0.0,140.36,77756.5,0
2024-11-21,2024-11-21 12:39:00,549.59,549.59,549.58,549.58,-0.0,140.36,77756.5,-1
2024-11-21,2024-11-21 12:40:00,549.58,549.58,549.58,549.58,0.0,140.36,77756.5,0
2024-11-21,2024-11-21 12:41:00,549.58,549.58,549.58,549.58,0.0,140.36,77756.5,0
2024-11-21,2024-11-21 12:42:00,549.58,549.58,549.57,549.57,-0.0,140.36,77756.5,-1
2024-11-21,2024-11-21 12:43:00,549.57,549.57,549.57,549.57,0.0,140.36,77756.5,0
2024-11-21,2024-11-21 12:44:00,549.57,549.57,549.56,549.56,-0.0,140.36,77756.5,-1
2024-11-21,2024-11-21 12:45:00,549.56,549.56,549.56,549.56,0.0,140.36,77756.5,0
2024-11-21,2024-11-21 12:46:00,549.56,549.56,549.55,549.55,-0.0,140.36,77756.5,-1
2024-11-21,2024-11-21 12:47:00,549.55,549.55,549.55,549.55,0.0,140.36,77756.5,0
2024-11-21,2024-11-21 12:48:00,549.55,549.55,549.55,549.55,0.0,140.36,77756.5,0
2024-11-21,2024-11-21 12:49:00,549.55,549.55,549.54,549.54,-0.0,140.36,77756.5,-1
2024-11-21,2024-11-21 12:50:00,549.54,549.54,549.54,549.54,0.0,140.36,77756.5,0
2024-11-21,2024-11-21 12:51:00,549.54,549.54,549.53,549.53,-0.0,140.36,77756.5,-1
2024-11-21,2024-11-21 12:52:00,549.53,549.53,549.53,549.53,0.0,140.36,77756.5,0
2024-11-21,2024-11-21 12:53:00,549.53,549.53,549.52,549.52,-0.0,140.36,77756.5,-1
2024-11-21,2024-11-21 12:54:00,549.52,549.52,549.52,549.52,0.0,140.36,77756.5,0
2024-11-21,2024-11-21 12:55:00,549.52,549.52,549.52,549.52,0.0,140.36,77756.5,0
2024-11-21,2024-11-21 12:56:00,549.52,549.52,549.51,549.51,-0.0,140.36,77756.5,-1
2024-11-21,2024-11-21 12:57:00,549.51,549.51,549.51,549.51,0.0,140.36,77756.5,0
2024-11-21,2024-11-21 12:58:00,549.51,549.51,549.5,549.5,-0.0,140.36,77756.5,-1
2024-11-21,2024-11-21 12:59:00,549.5,549.5,549.5,549.5,0.0,140.36,77756.5,0
2024-11-21,2024-11-21 13:00:00,549.5,580.0,543.0,549.5,0.0,140.36,77756.5,0
2024-11-21,2024-11-21 13:01:00,549.5,549.5,549.49,549.49,-0.0,140.36,77756.5,-1
2024-11-21,2024-11-21 13:02:00,549.49,549.49,549.49,549.49,0.0,140.36,77756.5,0
2024-11-21,2024-11-21 13:03:00,549.49,549.49,549.48,549.48,-0.0,140.36,77756.5,-1
2024-11-21,2024-11-21 13:04:00,549.48,549.48,549.48,549.48,0.0,140.36,77756.5,0
2024-11-21,2024-11-21 13:05:00,549.48,549.48,549.48,549.48,0.0,140.36,77756.5,0
2024-11-21,2024-11-21 13:06:00,549.48,549.48,549.47,549.47,-0.0,140.36,77756.5,-1
2024-11-21,2024-11-21 13:07:00,549.47,549.47,549.47,549.47,0.0,140.36,77756.5,0
2024-11-21,2024-11-21 13:08:00,549.47,549.47,549.46,549.46,-0.0,140.36,77756.5,-1
2024-11-21,2024-11-21 13:09:00,549.46,549.46,549.46,549.46,0.0,140.36,77756.5,0
2024-11-21,2024-11-21 13:10:00,549.46,549.46,549.45,549.45,-0.0,140.36,77756.5,-1
2024-11-21,2024-11-21 13:11:00,549.45,549.45,549.45,549.45,0.0,140.36,77756.5,0
2024-11-21,2024-11-21 13:12:00,549.45,549.45,549.45,549.45,0.0,140.36,77756.5,0
2024-11-21,2024-11-21 13:13:00,549.45,549.45,549.44,549.44,-0.0,140.36,77756.5,-1
2024-11-21,2024-11-21 13:14:00,549.44,549.44,549.44,549.44,0.0,140.36,77756.5,0
2024-11-21,2024-11-21 13:15:00,549.44,549.44,549.43,549.43,-0.0,140.36,77756.5,-1
2024-11-21,2024-11-21 13:16:00,549.43,549.43,549.43,549.43,0.0,140.36,77756.5,0
2024-11-21,2024-11-21 13:17:00,549.43,549.43,549.42,549.42,-0.0,140.36,77756.5,-1
2024-11-21,2024-11-21 13:18:00,549.42,549.42,549.42,549.42,0.0,140.36,77756.5,0
2024-11-21,2024-11-21 13:19:00,549.42,549.42,549.42,549.42,0.0,140.36,77756.5,0
2024-11-21,2024-11-21 13:20:00,549.42,549.42,549.41,549.41,-0.0,140.36,77756.5,-1
2024-11-21,2024-11-21 13:21:00,549.41,549.41,549.41,549.41,0.0,140.36,77756.5,0
2024-11-21,2024-11-21 13:22:00,549.41,549.41,549.4,549.4,-0.0,140.36,77756.5,-1
2024-11-21,2024-11-21 13:23:00,549.4,549.4,549.4,549.4,0.0,140.36,77756.5,0
2024-11-21,2024-11-21 13:24:00,549.4,549.4,549.4,549.4,0.0,140.36,77756.5,0
2024-11-21,2024-11-21 13:25:00,549.4,549.4,549.39,549.39,-0.0,140.36,77756.5,-1
2024-11-21,2024-11-21 13:26:00,549.39,549.39,549.39,549.39,0.0,140.36,77756.5,0
2024-11-21,2024-11-21 13:27:00,549.39,549.39,549.38,549.38,-0.0,140.36,77756.5,-1
2024-11-21,2024-11-21 13:28:00,549.38,549.38,549.38,549.38,0.0,140.36,77756.5,0
2024-11-21,2024-11-21 13:29:00,549.38,549.38,549.38,549.38,0.0,140.36,77756.5,0
2024-11-21,2024-11-21 13:30:00,549.38,549.38,549.37,549.37,-0.0,140.36,77756.5,-1
2024-11-21,2024-11-21 13:31:00,549.37,549.37,549.37,549.37,0.0,140.36,77756.5,0
2024-11-21,2024-11-21 13:32:00,549.37,549.37,549.36,549.36,-0.0,140.36,77756.5,-1
2024-11-21,2024-11-21 13:33:00,549.36,549.36,549.36,549.36,0.0,140.36,77756.5,0
2024-11-21,2024-11-21 13:34:00,549.36,549.36,549.35,549.35,-0.0,140.36,77756.5,-1
2024-11-21,2024-11-21 13:35:00,549.35,549.35,549.35,549.35,0.0,140.36,77756.5,0
2024-11-21,2024-11-21 13:36:00,549.35,549.35,549.35,549.35,0.0,140.36,77756.5,0
2024-11-21,2024-11-21 13:37:00,549.35,549.35,549.34,549.34,-0.0,140.36,77756.5,-1
2024-11-21,2024-11-21 13:38:00,549.34,549.34,549.34,549.34,0.0,140.36,77756.5,0
2024-11-21,2024-11-21 13:39:00,549.34,549.34,549.33,549.33,-0.0,140.36,77756.5,-1
2024-11-21,2024-11-21 13:40:00,549.33,549.33,549.33,549.33,0.0,140.36,77756.5,0
2024-11-21,2024-11-21 13:41:00,549.33,549.33,549.33,549.33,0.0,140.36,77756.5,0
2024-11-21,2024-11-21 13:42:00,549.33,549.33,549.32,549.32,-0.0,140.36,77756.5,-1
2024-11-21,2024-11-21 13:43:00,549.32,549.32,549.32,549.32,0.0,140.36,77756.5,0
2024-11-21,2024-11-21 13:44:00,549.32,549.32,549.31,549.31,-0.0,140.36,77756.5,-1
2024-11-21,2024-11-21 13:45:00,549.31,549.31,549.31,549.31,0.0,140.36,77756.5,0
2024-11-21,2024-11-21 13:46:00,549.31,549.31,549.3,549.3,-0.0,140.36,77756.5,-1
2024-11-21,2024-11-21 13:47:00,549.3,549.3,549.3,549.3,0.0,140.36,77756.5,0
2024-11-21,2024-11-21 13:48:00,549.3,549.3,549.3,549.3,0.0,140.36,77756.5,0
2024-11-21,2024-11-21 13:49:00,549.3,549.3,549.29,549.29,-0.0,140.36,77756.5,-1
2024-11-21,2024-11-21 13:50:00,549.29,549.29,549.29,549.29,0.0,140.36,77756.5,0
2024-11-21,2024-11-21 13:51:00,549.29,549.29,549.28,549.28,-0.0,140.36,77756.5,-1
2024-11-21,2024-11-21 13:52:00,549.28,549.28,549.28,549.28,0.0,140.36,77756.5,0
2024-11-21,2024-11-21 13:53:00,549.28,549.28,549.27,549.27,-0.0,140.36,77756.5,-1
2024-11-21,2024-11-21 13:54:00,549.27,549.27,549.27,549.27,0.0,140.36,77756.5,0
2024-11-21,2024-11-21 13:55:00,549.27,549.27,549.27,549.27,0.0,140.36,77756.5,0
2024-11-21,2024-11-21 13:56:00,549.27,549.27,549.26,549.26,-0.0,140.36,77756.5,-1
2024-11-21,2024-11-21 13:57:00,549.26,549.26,549.26,549.26,0.0,140.36,77756.5,0
2024-11-21,2024-11-21 13:58:00,549.26,549.26,549.25,549.25,-0.0,140.36,77756.5,-1
2024-11-21,2024-11-21 13:59:00,549.25,549.25,549.25,549.25,0.0,140.36,77756.5,0
2024-11-21,2024-11-21 14:00:00,549.25,549.25,549.25,549.25,0.0,140.36,77756.5,0
2024-11-21,2024-11-21 14:01:00,549.25,549.25,549.24,549.24,-0.0,140.36,77756.5,-1
2024-11-21,2024-11-21 14:02:00,549.24,549.24,549.24,549.24,0.0,140.36,77756.5,0
2024-11-21,2024-11-21 14:03:00,549.24,549.24,549.23,549.23,-0.0,140.36,77756.5,-1
2024-11-21,2024-11-21 14:04:00,549.23,549.23,549.23,549.23,0.0,140.36,77756.5,0
2024-11-21,2024-11-21 14:05:00,549.23,549.23,549.23,549.23,0.0,140.36,77756.5,0
2024-11-21,2024-11-21 14:06:00,549.23,549.23,549.22,549.22,-0.0,140.36,77756.5,-1
2024-11-21,2024-11-21 14:07:00,549.22,549.22,549.22,549.22,0.0,140.36,77756.5,0
2024-11-21,2024-11-21 14:08:00,549.22,549.22,549.21,549.21,-0.0,140.36,77756.5,-1
2024-11-21,2024-11-21 14:09:00,549.21,549.21,549.21,549.21,0.0,140.36,77756.5,0
2024-11-21,2024-11-21 14:10:00,549.21,549.21,549.2,549.2,-0.0,140.36,77756.5,-1
2024-11-21,2024-11-21 14:11:00,549.2,549.2,549.2,549.2,0.0,140.36,77756.5,0
2024-11-21,2024-11-21 14:12:00,549.2,549.2,549.2,549.2,0.0,140.36,77756.5,0
2024-11-21,2024-11-21 14:13:00,549.2,549.2,549.19,549.19,-0.0,140.36,77756.5,-1
2024-11-21,2024-11-21 14:14:00,549.19,549.19,549.19,549.19,0.0,140.36,77756.5,0
2024-11-21,2024-11-21 14:15:00,549.19,549.19,549.18,549.18,-0.0,140.36,77756.5,-1
2024-11-21,2024-11-21 14:16:00,549.18,549.18,549.18,549.18,0.0,140.36,77756.5,0
2024-11-21,2024-11-21 14:17:00,549.18,549.18,549.17,549.17,-0.0,140.36,77756.5,-1
2024-11-21,2024-11-21 14:18:00,549.17,549.17,549.17,549.17,0.0,140.36,77756.5,0
2024-11-21,2024-11-21 14:19:00,549.17,549.17,549.17,549.17,0.0,140.36,77756.5,0
2024-11-21,2024-11-21 14:20:00,549.17,549.17,549.16,549.16,-0.0,140.36,77756.5,-1
2024-11-21,2024-11-21 14:21:00,549.16,549.16,549.16,549.16,0.0,140.36,77756.5,0
2024-11-21,2024-11-21 14:22:00,549.16,549.16,549.15,549.15,-0.0,140.36,77756.5,-1
2024-11-21,2024-11-21 14:23:00,549.15,549.15,549.15,549.15,0.0,140.36,77756.5,0
2024-11-21,2024-11-21 14:24:00,549.15,549.15,549.15,549.15,0.0,140.36,77756.5,0
2024-11-21,2024-11-21 14:25:00,549.15,549.15,549.14,549.14,-0.0,140.36,77756.5,-1
2024-11-21,2024-11-21 14:26:00,549.14,549.14,549.14,549.14,0.0,140.36,77756.5,0
2024-11-21,2024-11-21 14:27:00,549.14,549.14,549.13,549.13,-0.0,140.36,77756.5,-1
2024-11-21,2024-11-21 14:28:00,549.13,549.13,549.13,549.13,0.0,140.36,77756.5,0
2024-11-21,2024-11-21 14:29:00,549.13,549.13,549.12,549.12,-0.0,140.36,77756.5,-1
2024-11-21,2024-11-21 14:30:00,549.12,549.12,549.12,549.12,0.0,140.36,77756.5,0
2024-11-21,2024-11-21 14:31:00,549.12,549.12,549.12,549.12,0.0,140.36,77756.5,0
2024-11-21,2024-11-21 14:32:00,549.12,549.12,549.11,549.11,-0.0,140.36,77756.5,-1
2024-11-21,2024-11-21 14:33:00,549.11,549.11,549.11,549.11,0.0,140.36,77756.5,0
2024-11-21,2024-11-21 14:34:00,549.11,549.11,549.1,549.1,-0.0,140.36,77756.5,-1
2024-11-21,2024-11-21 14:35:00,549.1,549.1,549.1,549.1,0.0,140.36,77756.5,0
2024-11-21,2024-11-21 14:36:00,549.1,549.1,549.1,549.1,0.0,140.36,77756.5,0
2024-11-21,2024-11-21 14:37:00,549.1,549.1,549.09,549.09,-0.0,140.36,77756.5,-1
2024-11-21,2024-11-21 14:38:00,549.09,549.09,549.09,549.09,0.0,140.36,77756.5,0
2024-11-21,2024-11-21 14:39:00,549.09,549.09,549.08,549.08,-0.0,140.36,77756.5,-1
2024-11-21,2024-11-21 14:40:00,549.08,549.08,549.08,549.08,0.0,140.36,77756.5,0
2024-11-21,2024-11-21 14:41:00,549.08,549.08,549.08,549.08,0.0,140.36,77756.5,0
2024-11-21,2024-11-21 14:42:00,549.08,549.08,549.07,549.07,-0.0,140.36,77756.5,-1
2024-11-21,2024-11-21 14:43:00,549.07,549.07,549.07,549.07,0.0,140.36,77756.5,0
2024-11-21,2024-11-21 14:44:00,549.07,549.07,549.06,549.06,-0.0,140.36,77756.5,-1
2024-11-21,2024-11-21 14:45:00,549.06,549.06,549.06,549.06,0.0,140.36,77756.5,0
2024-11-21,2024-11-21 14:46:00,549.06,549.06,549.05,549.05,-0.0,140.36,77756.5,-1
2024-11-21,2024-11-21 14:47:00,549.05,549.05,549.05,549.05,0.0,140.36,77756.5,0
2024-11-21,2024-11-21 14:48:00,549.05,549.05,549.05,549.05,0.0,140.36,77756.5,0
2024-11-21,2024-11-21 14:49:00,549.05,549.05,549.04,549.04,-0.0,140.36,77756.5,-1
2024-11-21,2024-11-21 14:50:00,549.04,549.04,549.04,549.04,0.0,140.36,77756.5,0
2024-11-21,2024-11-21 14:51:00,549.04,549.04,549.03,549.03,-0.0,140.36,77756.5,-1
2024-11-21,2024-11-21 14:52:00,549.03,549.03,549.03,549.03,0.0,140.36,77756.5,0
2024-11-21,2024-11-21 14:53:00,549.03,549.03,549.02,549.02,-0.0,140.36,77756.5,-1
2024-11-21,2024-11-21 14:54:00,549.02,549.02,549.02,549.02,0.0,140.36,77756.5,0
2024-11-21,2024-11-21 14:55:00,549.02,549.02,549.02,549.02,0.0,140.36,77756.5,0
2024-11-21,2024-11-21 14:56:00,549.02,549.02,549.01,549.01,-0.0,140.36,77756.5,-1
2024-11-21,2024-11-21 14:57:00,549.01,549.01,549.01,549.01,0.0,140.36,77756.5,0
2024-11-21,2024-11-21 14:58:00,549.01,549.01,549.0,549.0,-0.0,140.36,77756.5,-1
2024-11-21,2024-11-21 14:59:00,549.0,549.0,549.0,549.0,0.0,140.36,77756.5,0
2024-11-21,2024-11-21 15:00:00,549.0,580.0,543.0,549.0,0.0,140.36,77756.5,0
2024-11-24,2024-11-24 11:00:00,539.0,544.7,539.0,539.04,0.01,127.83,70032.79,1
2024-11-24,2024-11-24 11:01:00,539.04,539.08,539.04,539.08,0.01,127.83,70032.79,1
2024-11-24,2024-11-24 11:02:00,539.08,539.12,539.08,539.12,0.01,127.83,70032.79,1
2024-11-24,2024-11-24 11:03:00,539.12,539.17,539.12,539.17,0.01,127.83,70032.79,1
2024-11-24,2024-11-24 11:04:00,539.17,539.21,539.17,539.21,0.01,127.83,70032.79,1
2024-11-24,2024-11-24 11:05:00,539.21,539.25,539.21,539.25,0.01,127.83,70032.79,1
2024-11-24,2024-11-24 11:06:00,539.25,539.29,539.25,539.29,0.01,127.83,70032.79,1
2024-11-24,2024-11-24 11:07:00,539.29,539.33,539.29,539.33,0.01,127.83,70032.79,1
2024-11-24,2024-11-24 11:08:00,539.33,539.38,539.33,539.38,0.01,127.83,70032.79,1
2024-11-24,2024-11-24 11:09:00,539.38,539.42,539.38,539.42,0.01,127.83,70032.79,1
2024-11-24,2024-11-24 11:10:00,539.42,539.46,539.42,539.46,0.01,127.83,70032.79,1
2024-11-24,2024-11-24 11:11:00,539.46,539.5,539.46,539.5,0.01,127.83,70032.79,1
2024-11-24,2024-11-24 11:12:00,539.5,539.54,539.5,539.54,0.01,127.83,70032.79,1
2024-11-24,2024-11-24 11:13:00,539.54,539.58,539.54,539.58,0.01,127.83,70032.79,1
2024-11-24,2024-11-24 11:14:00,539.58,539.62,539.58,539.62,0.01,127.83,70032.79,1
2024-11-24,2024-11-24 11:15:00,539.62,539.67,539.62,539.67,0.01,127.83,70032.79,1
2024-11-24,2024-11-24 11:16:00,539.67,539.71,539.67,539.71,0.01,127.83,70032.79,1
2024-11-24,2024-11-24 11:17:00,539.71,539.75,539.71,539.75,0.01,127.83,70032.79,1
2024-11-24,2024-11-24 11:18:00,539.75,539.79,539.75,539.79,0.01,127.83,70032.79,1
2024-11-24,2024-11-24 11:19:00,539.79,539.83,539.79,539.83,0.01,127.83,70032.79,1
2024-11-24,2024-11-24 11:20:00,539.83,539.88,539.83,539.88,0.01,127.83,70032.79,1
2024-11-24,2024-11-24 11:21:00,539.88,539.92,539.88,539.92,0.01,127.83,70032.79,1
2024-11-24,2024-11-24 11:22:00,539.92,539.96,539.92,539.96,0.01,127.83,70032.79,1
2024-11-24,2024-11-24 11:23:00,539.96,540.0,539.96,540.0,0.01,127.83,70032.79,1
2024-11-24,2024-11-24 11:24:00,540.0,540.04,540.0,540.04,0.01,127.83,70032.79,1
2024-11-24,2024-11-24 11:25:00,540.04,540.08,540.04,540.08,0.01,127.83,70032.79,1
2024-11-24,2024-11-24 11:26:00,540.08,540.12,540.08,540.12,0.01,127.83,70032.79,1
2024-11-24,2024-11-24 11:27:00,540.12,540.17,540.12,540.17,0.01,127.83,70032.79,1
2024-11-24,2024-11-24 11:28:00,540.17,540.21,540.17,540.21,0.01,127.83,70032.79,1
2024-11-24,2024-11-24 11:29:00,540.21,540.25,540.21,540.25,0.01,127.83,70032.79,1
2024-11-24,2024-11-24 11:30:00,540.25,540.29,540.25,540.29,0.01,127.83,70032.79,1
2024-11-24,2024-11-24 11:31:00,540.29,540.33,540.29,540.33,0.01,127.83,70032.79,1
2024-11-24,2024-11-24 11:32:00,540.33,540.38,540.33,540.38,0.01,127.83,70032.79,1
2024-11-24,2024-11-24 11:33:00,540.38,540.42,540.38,540.42,0.01,127.83,70032.79,1
2024-11-24,2024-11-24 11:34:00,540.42,540.46,540.42,540.46,0.01,127.83,70032.79,1
2024-11-24,2024-11-24 11:35:00,540.46,540.5,540.46,540.5,0.01,127.83,70032.79,1
2024-11-24,2024-11-24 11:36:00,540.5,540.54,540.5,540.54,0.01,127.83,70032.79,1
2024-11-24,2024-11-24 11:37:00,540.54,540.58,540.54,540.58,0.01,127.83,70032.79,1
2024-11-24,2024-11-24 11:38:00,540.58,540.62,540.58,540.62,0.01,127.83,70032.79,1
2024-11-24,2024-11-24 11:39:00,540.62,540.67,540.62,540.67,0.01,127.83,70032.79,1
2024-11-24,2024-11-24 11:40:00,540.67,540.71,540.67,540.71,0.01,127.83,70032.79,1
2024-11-24,2024-11-24 11:41:00,540.71,540.75,540.71,540.75,0.01,127.83,70032.79,1
2024-11-24,2024-11-24 11:42:00,540.75,540.79,540.75,540.79,0.01,127.83,70032.79,1
2024-11-24,2024-11-24 11:43:00,540.79,540.83,540.79,540.83,0.01,127.83,70032.79,1
2024-11-24,2024-11-24 11:44:00,540.83,540.88,540.83,540.88,0.01,127.83,70032.79,1
2024-11-24,2024-11-24 11:45:00,540.88,540.92,540.88,540.92,0.01,127.83,70032.79,1
2024-11-24,2024-11-24 11:46:00,540.92,540.96,540.92,540.96,0.01,127.83,70032.79,1
2024-11-24,2024-11-24 11:47:00,540.96,541.0,540.96,541.0,0.01,127.83,70032.79,1
2024-11-24,2024-11-24 11:48:00,541.0,541.04,541.0,541.04,0.01,127.83,70032.79,1
2024-11-24,2024-11-24 11:49:00,541.04,541.08,541.04,541.08,0.01,127.83,70032.79,1
2024-11-24,2024-11-24 11:50:00,541.08,541.12,541.08,541.12,0.01,127.83,70032.79,1
2024-11-24,2024-11-24 11:51:00,541.12,541.17,541.12,541.17,0.01,127.83,70032.79,1
2024-11-24,2024-11-24 11:52:00,541.17,541.21,541.17,541.21,0.01,127.83,70032.79,1
2024-11-24,2024-11-24 11:53:00,541.21,541.25,541.21,541.25,0.01,127.83,70032.79,1
2024-11-24,2024-11-24 11:54:00,541.25,541.29,541.25,541.29,0.01,127.83,70032.79,1
2024-11-24,2024-11-24 11:55:00,541.29,541.33,541.29,541.33,0.01,127.83,70032.79,1
2024-11-24,2024-11-24 11:56:00,541.33,541.38,541.33,541.38,0.01,127.83,70032.79,1
2024-11-24,2024-11-24 11:57:00,541.38,541.42,541.38,541.42,0.01,127.83,70032.79,1
2024-11-24,2024-11-24 11:58:00,541.42,541.46,541.42,541.46,0.01,127.83,70032.79,1
2024-11-24,2024-11-24 11:59:00,541.46,541.5,541.46,541.5,0.01,127.83,70032.79,1
2024-11-24,2024-11-24 12:00:00,541.5,541.54,541.5,541.54,0.01,127.83,70032.79,1
2024-11-24,2024-11-24 12:01:00,541.54,541.58,541.54,541.58,0.01,127.83,70032.79,1
2024-11-24,2024-11-24 12:02:00,541.58,541.62,541.58,541.62,0.01,127.83,70032.79,1
2024-11-24,2024-11-24 12:03:00,541.62,541.67,541.62,541.67,0.01,127.83,70032.79,1
2024-11-24,2024-11-24 12:04:00,541.67,541.71,541.67,541.71,0.01,127.83,70032.79,1
2024-11-24,2024-11-24 12:05:00,541.71,541.75,541.71,541.75,0.01,127.83,70032.79,1
2024-11-24,2024-11-24 12:06:00,541.75,541.79,541.75,541.79,0.01,127.83,70032.79,1
2024-11-24,2024-11-24 12:07:00,541.79,541.83,541.79,541.83,0.01,127.83,70032.79,1
2024-11-24,2024-11-24 12:08:00,541.83,541.88,541.83,541.88,0.01,127.83,70032.79,1
2024-11-24,2024-11-24 12:09:00,541.88,541.92,541.88,541.92,0.01,127.83,70032.79,1
2024-11-24,2024-11-24 12:10:00,541.92,541.96,541.92,541.96,0.01,127.83,70032.79,1
2024-11-24,2024-11-24 12:11:00,541.96,542.0,541.96,542.0,0.01,127.83,70032.79,1
2024-11-24,2024-11-24 12:12:00,542.0,542.04,542.0,542.04,0.01,127.83,70032.79,1
2024-11-24,2024-11-24 12:13:00,542.04,542.08,542.04,542.08,0.01,127.83,70032.79,1
2024-11-24,2024-11-24 12:14:00,542.08,542.12,542.08,542.12,0.01,127.83,70032.79,1
2024-11-24,2024-11-24 12:15:00,542.12,542.17,542.12,542.17,0.01,127.83,70032.79,1
2024-11-24,2024-11-24 12:16:00,542.17,542.21,542.17,542.21,0.01,127.83,70032.79,1
2024-11-24,2024-11-24 12:17:00,542.21,542.25,542.21,542.25,0.01,127.83,70032.79,1
2024-11-24,2024-11-24 12:18:00,542.25,542.29,542.25,542.29,0.01,127.83,70032.79,1
2024-11-24,2024-11-24 12:19:00,542.29,542.33,542.29,542.33,0.01,127.83,70032.79,1
2024-11-24,2024-11-24 12:20:00,542.33,542.38,542.33,542.38,0.01,127.83,70032.79,1
2024-11-24,2024-11-24 12:21:00,542.38,542.42,542.38,542.42,0.01,127.83,70032.79,1
2024-11-24,2024-11-24 12:22:00,542.42,542.46,542.42,542.46,0.01,127.83,70032.79,1
2024-11-24,2024-11-24 12:23:00,542.46,542.5,542.46,542.5,0.01,127.83,70032.79,1
2024-11-24,2024-11-24 12:24:00,542.5,542.54,542.5,542.54,0.01,127.83,70032.79,1
2024-11-24,2024-11-24 12:25:00,542.54,542.58,542.54,542.58,0.01,127.83,70032.79,1
2024-11-24,2024-11-24 12:26:00,542.58,542.62,542.58,542.62,0.01,127.83,70032.79,1
2024-11-24,2024-11-24 12:27:00,542.62,542.67,542.62,542.67,0.01,127.83,70032.79,1
2024-11-24,2024-11-24 12:28:00,542.67,542.71,542.67,542.71,0.01,127.83,70032.79,1
2024-11-24,2024-11-24 12:29:00,542.71,542.75,542.71,542.75,0.01,127.83,70032.79,1
2024-11-24,2024-11-24 12:30:00,542.75,542.79,542.75,542.79,0.01,127.83,70032.79,1
2024-11-24,2024-11-24 12:31:00,542.79,542.83,542.79,542.83,0.01,127.83,70032.79,1
2024-11-24,2024-11-24 12:32:00,542.83,542.88,542.83,542.88,0.01,127.83,70032.79,1
2024-11-24,2024-11-24 12:33:00,542.88,542.92,542.88,542.92,0.01,127.83,70032.79,1
2024-11-24,2024-11-24 12:34:00,542.92,542.96,542.92,542.96,0.01,127.83,70032.79,1
2024-11-24,2024-11-24 12:35:00,542.96,543.0,542.96,543.0,0.01,127.83,70032.79,1
2024-11-24,2024-11-24 12:36:00,543.0,543.04,543.0,543.04,0.01,127.83,70032.79,1
2024-11-24,2024-11-24 12:37:00,543.04,543.08,543.04,543.08,0.01,127.83,70032.79,1
2024-11-24,2024-11-24 12:38:00,543.08,543.12,543.08,543.12,0.01,127.83,70032.79,1
2024-11-24,2024-11-24 12:39:00,543.12,543.17,543.12,543.17,0.01,127.83,70032.79,1
2024-11-24,2024-11-24 12:40:00,543.17,543.21,543.17,543.21,0.01,127.83,70032.79,1
2024-11-24,2024-11-24 12:41:00,543.21,543.25,543.21,543.25,0.01,127.83,70032.79,1
2024-11-24,2024-11-24 12:42:00,543.25,543.29,543.25,543.29,0.01,127.83,70032.79,1
2024-11-24,2024-11-24 12:43:00,543.29,543.33,543.29,543.33,0.01,127.83,70032.79,1
2024-11-24,2024-11-24 12:44:00,543.33,543.38,543.33,543.38,0.01,127.83,70032.79,1
2024-11-24,2024-11-24 12:45:00,543.38,543.42,543.38,543.42,0.01,127.83,70032.79,1
2024-11-24,2024-11-24 12:46:00,543.42,543.46,543.42,543.46,0.01,127.83,70032.79,1
2024-11-24,2024-11-24 12:47:00,543.46,543.5,543.46,543.5,0.01,127.83,70032.79,1
2024-11-24,2024-11-24 12:48:00,543.5,543.54,543.5,543.54,0.01,127.83,70032.79,1
2024-11-24,2024-11-24 12:49:00,543.54,543.58,543.54,543.58,0.01,127.83,70032.79,1
2024-11-24,2024-11-24 12:50:00,543.58,543.62,543.58,543.62,0.01,127.83,70032.79,1
2024-11-24,2024-11-24 12:51:00,543.62,543.67,543.62,543.67,0.01,127.83,70032.79,1
2024-11-24,2024-11-24 12:52:00,543.67,543.71,543.67,543.71,0.01,127.83,70032.79,1
2024-11-24,2024-11-24 12:53:00,543.71,543.75,543.71,543.75,0.01,127.83,70032.79,1
2024-11-24,2024-11-24 12:54:00,543.75,543.79,543.75,543.79,0.01,127.83,70032.79,1
2024-11-24,2024-11-24 12:55:00,543.79,543.83,543.79,543.83,0.01,127.83,70032.79,1
2024-11-24,2024-11-24 12:56:00,543.83,543.88,543.83,543.88,0.01,127.83,70032.79,1
2024-11-24,2024-11-24 12:57:00,543.88,543.92,543.88,543.92,0.01,127.83,70032.79,1
2024-11-24,2024-11-24 12:58:00,543.92,543.96,543.92,543.96,0.01,127.83,70032.79,1
2024-11-24,2024-11-24 12:59:00,543.96,544.0,543.96,544.0,0.01,127.83,70032.79,1
2024-11-24,2024-11-24 13:00:00,544.0,558.0,539.0,544.04,0.01,127.83,70032.79,1
2024-11-24,2024-11-24 13:01:00,544.04,544.08,544.04,544.08,0.01,127.83,70032.79,1
2024-11-24,2024-11-24 13:02:00,544.08,544.12,544.08,544.12,0.01,127.83,70032.79,1
2024-11-24,2024-11-24 13:03:00,544.12,544.17,544.12,544.17,0.01,127.83,70032.79,1
2024-11-24,2024-11-24 13:04:00,544.17,544.21,544.17,544.21,0.01,127.83,70032.79,1
2024-11-24,2024-11-24 13:05:00,544.21,544.25,544.21,544.25,0.01,127.83,70032.79,1
2024-11-24,2024-11-24 13:06:00,544.25,544.29,544.25,544.29,0.01,127.83,70032.79,1
2024-11-24,2024-11-24 13:07:00,544.29,544.33,544.29,544.33,0.01,127.83,70032.79,1
2024-11-24,2024-11-24 13:08:00,544.33,544.38,544.33,544.38,0.01,127.83,70032.79,1
2024-11-24,2024-11-24 13:09:00,544.38,544.42,544.38,544.42,0.01,127.83,70032.79,1
2024-11-24,2024-11-24 13:10:00,544.42,544.46,544.42,544.46,0.01,127.83,70032.79,1
2024-11-24,2024-11-24 13:11:00,544.46,544.5,544.46,544.5,0.01,127.83,70032.79,1
2024-11-24,2024-11-24 13:12:00,544.5,544.54,544.5,544.54,0.01,127.83,70032.79,1
2024-11-24,2024-11-24 13:13:00,544.54,544.58,544.54,544.58,0.01,127.83,70032.79,1
2024-11-24,2024-11-24 13:14:00,544.58,544.62,544.58,544.62,0.01,127.83,70032.79,1
2024-11-24,2024-11-24 13:15:00,544.62,544.67,544.62,544.67,0.01,127.83,70032.79,1
2024-11-24,2024-11-24 13:16:00,544.67,544.71,544.67,544.71,0.01,127.83,70032.79,1
2024-11-24,2024-11-24 13:17:00,544.71,544.75,544.71,544.75,0.01,127.83,70032.79,1
2024-11-24,2024-11-24 13:18:00,544.75,544.79,544.75,544.79,0.01,127.83,70032.79,1
2024-11-24,2024-11-24 13:19:00,544.79,544.83,544.79,544.83,0.01,127.83,70032.79,1
2024-11-24,2024-11-24 13:20:00,544.83,544.88,544.83,544.88,0.01,127.83,70032.79,1
2024-11-24,2024-11-24 13:21:00,544.88,544.92,544.88,544.92,0.01,127.83,70032.79,1
2024-11-24,2024-11-24 13:22:00,544.92,544.96,544.92,544.96,0.01,127.83,70032.79,1
2024-11-24,2024-11-24 13:23:00,544.96,545.0,544.96,545.0,0.01,127.83,70032.79,1
2024-11-24,2024-11-24 13:24:00,545.0,545.04,545.0,545.04,0.01,127.83,70032.79,1
2024-11-24,2024-11-24 13:25:00,545.04,545.08,545.04,545.08,0.01,127.83,70032.79,1
2024-11-24,2024-11-24 13:26:00,545.08,545.12,545.08,545.12,0.01,127.83,70032.79,1
2024-11-24,2024-11-24 13:27:00,545.12,545.17,545.12,545.17,0.01,127.83,70032.79,1
2024-11-24,2024-11-24 13:28:00,545.17,545.21,545.17,545.21,0.01,127.83,70032.79,1
2024-11-24,2024-11-24 13:29:00,545.21,545.25,545.21,545.25,0.01,127.83,70032.79,1
2024-11-24,2024-11-24 13:30:00,545.25,545.29,545.25,545.29,0.01,127.83,70032.79,1
2024-11-24,2024-11-24 13:31:00,545.29,545.33,545.29,545.33,0.01,127.83,70032.79,1
2024-11-24,2024-11-24 13:32:00,545.33,545.38,545.33,545.38,0.01,127.83,70032.79,1
2024-11-24,2024-11-24 13:33:00,545.38,545.42,545.38,545.42,0.01,127.83,70032.79,1
2024-11-24,2024-11-24 13:34:00,545.42,545.46,545.42,545.46,0.01,127.83,70032.79,1
2024-11-24,2024-11-24 13:35:00,545.46,545.5,545.46,545.5,0.01,127.83,70032.79,1
2024-11-24,2024-11-24 13:36:00,545.5,545.54,545.5,545.54,0.01,127.83,70032.79,1
2024-11-24,2024-11-24 13:37:00,545.54,545.58,545.54,545.58,0.01,127.83,70032.79,1
2024-11-24,2024-11-24 13:38:00,545.58,545.62,545.58,545.62,0.01,127.83,70032.79,1
2024-11-24,2024-11-24 13:39:00,545.62,545.67,545.62,545.67,0.01,127.83,70032.79,1
2024-11-24,2024-11-24 13:40:00,545.67,545.71,545.67,545.71,0.01,127.83,70032.79,1
2024-11-24,2024-11-24 13:41:00,545.71,545.75,545.71,545.75,0.01,127.83,70032.79,1
2024-11-24,2024-11-24 13:42:00,545.75,545.79,545.75,545.79,0.01,127.83,70032.79,1
2024-11-24,2024-11-24 13:43:00,545.79,545.83,545.79,545.83,0.01,127.83,70032.79,1
2024-11-24,2024-11-24 13:44:00,545.83,545.88,545.83,545.88,0.01,127.83,70032.79,1
2024-11-24,2024-11-24 13:45:00,545.88,545.92,545.88,545.92,0.01,127.83,70032.79,1
2024-11-24,2024-11-24 13:46:00,545.92,545.96,545.92,545.96,0.01,127.83,70032.79,1
2024-11-24,2024-11-24 13:47:00,545.96,546.0,545.96,546.0,0.01,127.83,70032.79,1
2024-11-24,2024-11-24 13:48:00,546.0,546.04,546.0,546.04,0.01,127.83,70032.79,1
2024-11-24,2024-11-24 13:49:00,546.04,546.08,546.04,546.08,0.01,127.83,70032.79,1
2024-11-24,2024-11-24 13:50:00,546.08,546.12,546.08,546.12,0.01,127.83,70032.79,1
2024-11-24,2024-11-24 13:51:00,546.12,546.17,546.12,546.17,0.01,127.83,70032.79,1
2024-11-24,2024-11-24 13:52:00,546.17,546.21,546.17,546.21,0.01,127.83,70032.79,1
2024-11-24,2024-11-24 13:53:00,546.21,546.25,546.21,546.25,0.01,127.83,70032.79,1
2024-11-24,2024-11-24 13:54:00,546.25,546.29,546.25,546.29,0.01,127.83,70032.79,1
2024-11-24,2024-11-24 13:55:00,546.29,546.33,546.29,546.33,0.01,127.83,70032.79,1
2024-11-24,2024-11-24 13:56:00,546.33,546.38,546.33,546.38,0.01,127.83,70032.79,1
2024-11-24,2024-11-24 13:57:00,546.38,546.42,546.38,546.42,0.01,127.83,70032.79,1
2024-11-24,2024-11-24 13:58:00,546.42,546.46,546.42,546.46,0.01,127.83,70032.79,1
2024-11-24,2024-11-24 13:59:00,546.46,546.5,546.46,546.5,0.01,127.83,70032.79,1
2024-11-24,2024-11-24 14:00:00,546.5,546.54,546.5,546.54,0.01,127.83,70032.79,1
2024-11-24,2024-11-24 14:01:00,546.54,546.58,546.54,546.58,0.01,127.83,70032.79,1
2024-11-24,2024-11-24 14:02:00,546.58,546.62,546.58,546.62,0.01,127.83,70032.79,1
2024-11-24,2024-11-24 14:03:00,546.62,546.67,546.62,546.67,0.01,127.83,70032.79,1
2024-11-24,2024-11-24 14:04:00,546.67,546.71,546.67,546.71,0.01,127.83,70032.79,1
2024-11-24,2024-11-24 14:05:00,546.71,546.75,546.71,546.75,0.01,127.83,70032.79,1
2024-11-24,2024-11-24 14:06:00,546.75,546.79,546.75,546.79,0.01,127.83,70032.79,1
2024-11-24,2024-11-24 14:07:00,546.79,546.83,546.79,546.83,0.01,127.83,70032.79,1
2024-11-24,2024-11-24 14:08:00,546.83,546.88,546.83,546.88,0.01,127.83,70032.79,1
2024-11-24,2024-11-24 14:09:00,546.88,546.92,546.88,546.92,0.01,127.83,70032.79,1
2024-11-24,2024-11-24 14:10:00,546.92,546.96,546.92,546.96,0.01,127.83,70032.79,1
2024-11-24,2024-11-24 14:11:00,546.96,547.0,546.96,547.0,0.01,127.83,70032.79,1
2024-11-24,2024-11-24 14:12:00,547.0,547.04,547.0,547.04,0.01,127.83,70032.79,1
2024-11-24,2024-11-24 14:13:00,547.04,547.08,547.04,547.08,0.01,127.83,70032.79,1
2024-11-24,2024-11-24 14:14:00,547.08,547.12,547.08,547.12,0.01,127.83,70032.79,1
2024-11-24,2024-11-24 14:15:00,547.12,547.17,547.12,547.17,0.01,127.83,70032.79,1
2024-11-24,2024-11-24 14:16:00,547.17,547.21,547.17,547.21,0.01,127.83,70032.79,1
2024-11-24,2024-11-24 14:17:00,547.21,547.25,547.21,547.25,0.01,127.83,70032.79,1
2024-11-24,2024-11-24 14:18:00,547.25,547.29,547.25,547.29,0.01,127.83,70032.79,1
2024-11-24,2024-11-24 14:19:00,547.29,547.33,547.29,547.33,0.01,127.83,70032.79,1
2024-11-24,2024-11-24 14:20:00,547.33,547.38,547.33,547.38,0.01,127.83,70032.79,1
2024-11-24,2024-11-24 14:21:00,547.38,547.42,547.38,547.42,0.01,127.83,70032.79,1
2024-11-24,2024-11-24 14:22:00,547.42,547.46,547.42,547.46,0.01,127.83,70032.79,1
2024-11-24,2024-11-24 14:23:00,547.46,547.5,547.46,547.5,0.01,127.83,70032.79,1
2024-11-24,2024-11-24 14:24:00,547.5,547.54,547.5,547.54,0.01,127.83,70032.79,1
2024-11-24,2024-11-24 14:25:00,547.54,547.58,547.54,547.58,0.01,127.83,70032.79,1
2024-11-24,2024-11-24 14:26:00,547.58,547.62,547.58,547.62,0.01,127.83,70032.79,1
2024-11-24,2024-11-24 14:27:00,547.62,547.67,547.62,547.67,0.01,127.83,70032.79,1
2024-11-24,2024-11-24 14:28:00,547.67,547.71,547.67,547.71,0.01,127.83,70032.79,1
2024-11-24,2024-11-24 14:29:00,547.71,547.75,547.71,547.75,0.01,127.83,70032.79,1
2024-11-24,2024-11-24 14:30:00,547.75,547.79,547.75,547.79,0.01,127.83,70032.79,1
2024-11-24,2024-11-24 14:31:00,547.79,547.83,547.79,547.83,0.01,127.83,70032.79,1
2024-11-24,2024-11-24 14:32:00,547.83,547.88,547.83,547.88,0.01,127.83,70032.79,1
2024-11-24,2024-11-24 14:33:00,547.88,547.92,547.88,547.92,0.01,127.83,70032.79,1
2024-11-24,2024-11-24 14:34:00,547.92,547.96,547.92,547.96,0.01,127.83,70032.79,1
2024-11-24,2024-11-24 14:35:00,547.96,548.0,547.96,548.0,0.01,127.83,70032.79,1
2024-11-24,2024-11-24 14:36:00,548.0,548.04,548.0,548.04,0.01,127.83,70032.79,1
2024-11-24,2024-11-24 14:37:00,548.04,548.08,548.04,548.08,0.01,127.83,70032.79,1
2024-11-24,2024-11-24 14:38:00,548.08,548.12,548.08,548.12,0.01,127.83,70032.79,1
2024-11-24,2024-11-24 14:39:00,548.12,548.17,548.12,548.17,0.01,127.83,70032.79,1
2024-11-24,2024-11-24 14:40:00,548.17,548.21,548.17,548.21,0.01,127.83,70032.79,1
2024-11-24,2024-11-24 14:41:00,548.21,548.25,548.21,548.25,0.01,127.83,70032.79,1
2024-11-24,2024-11-24 14:42:00,548.25,548.29,548.25,548.29,0.01,127.83,70032.79,1
2024-11-24,2024-11-24 14:43:00,548.29,548.33,548.29,548.33,0.01,127.83,70032.79,1
2024-11-24,2024-11-24 14:44:00,548.33,548.38,548.33,548.38,0.01,127.83,70032.79,1
2024-11-24,2024-11-24 14:45:00,548.38,548.42,548.38,548.42,0.01,127.83,70032.79,1
2024-11-24,2024-11-24 14:46:00,548.42,548.46,548.42,548.46,0.01,127.83,70032.79,1
2024-11-24,2024-11-24 14:47:00,548.46,548.5,548.46,548.5,0.01,127.83,70032.79,1
2024-11-24,2024-11-24 14:48:00,548.5,548.54,548.5,548.54,0.01,127.83,70032.79,1
2024-11-24,2024-11-24 14:49:00,548.54,548.58,548.54,548.58,0.01,127.83,70032.79,1
2024-11-24,2024-11-24 14:50:00,548.58,548.62,548.58,548.62,0.01,127.83,70032.79,1
2024-11-24,2024-11-24 14:51:00,548.62,548.67,548.62,548.67,0.01,127.83,70032.79,1
2024-11-24,2024-11-24 14:52:00,548.67,548.71,548.67,548.71,0.01,127.83,70032.79,1
2024-11-24,2024-11-24 14:53:00,548.71,548.75,548.71,548.75,0.01,127.83,70032.79,1
2024-11-24,2024-11-24 14:54:00,548.75,548.79,548.75,548.79,0.01,127.83,70032.79,1
2024-11-24,2024-11-24 14:55:00,548.79,548.83,548.79,548.83,0.01,127.83,70032.79,1
2024-11-24,2024-11-24 14:56:00,548.83,548.88,548.83,548.88,0.01,127.83,70032.79,1
2024-11-24,2024-11-24 14:57:00,548.88,548.92,548.88,548.92,0.01,127.83,70032.79,1
2024-11-24,2024-11-24 14:58:00,548.92,548.96,548.92,548.96,0.01,127.83,70032.79,1
2024-11-24,2024-11-24 14:59:00,548.96,549.0,548.96,549.0,0.01,127.83,70032.79,1
2024-11-24,2024-11-24 15:00:00,549.0,558.0,539.0,549.0,0.0,127.83,70032.79,0
2024-11-25,2024-11-25 11:00:00,540.0,546.0,540.0,540.06,0.01,104.31,57733.22,1
2024-11-25,2024-11-25 11:01:00,540.06,540.12,540.06,540.12,0.01,104.31,57733.22,1
2024-11-25,2024-11-25 11:02:00,540.12,540.18,540.12,540.18,0.01,104.31,57733.22,1
2024-11-25,2024-11-25 11:03:00,540.18,540.24,540.18,540.24,0.01,104.31,57733.22,1
2024-11-25,2024-11-25 11:04:00,540.24,540.3,540.24,540.3,0.01,104.31,57733.22,1
2024-11-25,2024-11-25 11:05:00,540.3,540.36,540.3,540.36,0.01,104.31,57733.22,1
2024-11-25,2024-11-25 11:06:00,540.36,540.42,540.36,540.42,0.01,104.31,57733.22,1
2024-11-25,2024-11-25 11:07:00,540.42,540.48,540.42,540.48,0.01,104.31,57733.22,1
2024-11-25,2024-11-25 11:08:00,540.48,540.54,540.48,540.54,0.01,104.31,57733.22,1
2024-11-25,2024-11-25 11:09:00,540.54,540.6,540.54,540.6,0.01,104.31,57733.22,1
2024-11-25,2024-11-25 11:10:00,540.6,540.66,540.6,540.66,0.01,104.31,57733.22,1
2024-11-25,2024-11-25 11:11:00,540.66,540.72,540.66,540.72,0.01,104.31,57733.22,1
2024-11-25,2024-11-25 11:12:00,540.72,540.78,540.72,540.78,0.01,104.31,57733.22,1
2024-11-25,2024-11-25 11:13:00,540.78,540.84,540.78,540.84,0.01,104.31,57733.22,1
2024-11-25,2024-11-25 11:14:00,540.84,540.9,540.84,540.9,0.01,104.31,57733.22,1
2024-11-25,2024-11-25 11:15:00,540.9,540.96,540.9,540.96,0.01,104.31,57733.22,1
2024-11-25,2024-11-25 11:16:00,540.96,541.02,540.96,541.02,0.01,104.31,57733.22,1
2024-11-25,2024-11-25 11:17:00,541.02,541.08,541.02,541.08,0.01,104.31,57733.22,1
2024-11-25,2024-11-25 11:18:00,541.08,541.14,541.08,541.14,0.01,104.31,57733.22,1
2024-11-25,2024-11-25 11:19:00,541.14,541.2,541.14,541.2,0.01,104.31,57733.22,1
2024-11-25,2024-11-25 11:20:00,541.2,541.26,541.2,541.26,0.01,104.31,57733.22,1
2024-11-25,2024-11-25 11:21:00,541.26,541.32,541.26,541.32,0.01,104.31,57733.22,1
2024-11-25,2024-11-25 11:22:00,541.32,541.38,541.32,541.38,0.01,104.31,57733.22,1
2024-11-25,2024-11-25 11:23:00,541.38,541.44,541.38,541.44,0.01,104.31,57733.22,1
2024-11-25,2024-11-25 11:24:00,541.44,541.5,541.44,541.5,0.01,104.31,57733.22,1
2024-11-25,2024-11-25 11:25:00,541.5,541.56,541.5,541.56,0.01,104.31,57733.22,1
2024-11-25,2024-11-25 11:26:00,541.56,541.62,541.56,541.62,0.01,104.31,57733.22,1
2024-11-25,2024-11-25 11:27:00,541.62,541.68,541.62,541.68,0.01,104.31,57733.22,1
2024-11-25,2024-11-25 11:28:00,541.68,541.74,541.68,541.74,0.01,104.31,57733.22,1
2024-11-25,2024-11-25 11:29:00,541.74,541.8,541.74,541.8,0.01,104.31,57733.22,1
2024-11-25,2024-11-25 11:30:00,541.8,541.86,541.8,541.86,0.01,104.31,57733.22,1
2024-11-25,2024-11-25 11:31:00,541.86,541.92,541.86,541.92,0.01,104.31,57733.22,1
2024-11-25,2024-11-25 11:32:00,541.92,541.98,541.92,541.98,0.01,104.31,57733.22,1
2024-11-25,2024-11-25 11:33:00,541.98,542.04,541.98,542.04,0.01,104.31,57733.22,1
2024-11-25,2024-11-25 11:34:00,542.04,542.1,542.04,542.1,0.01,104.31,57733.22,1
2024-11-25,2024-11-25 11:35:00,542.1,542.16,542.1,542.16,0.01,104.31,57733.22,1
2024-11-25,2024-11-25 11:36:00,542.16,542.22,542.16,542.22,0.01,104.31,57733.22,1
2024-11-25,2024-11-25 11:37:00,542.22,542.28,542.22,542.28,0.01,104.31,57733.22,1
2024-11-25,2024-11-25 11:38:00,542.28,542.34,542.28,542.34,0.01,104.31,57733.22,1
2024-11-25,2024-11-25 11:39:00,542.34,542.4,542.34,542.4,0.01,104.31,57733.22,1
2024-11-25,2024-11-25 11:40:00,542.4,542.46,542.4,542.46,0.01,104.31,57733.22,1
2024-11-25,2024-11-25 11:41:00,542.46,542.52,542.46,542.52,0.01,104.31,57733.22,1
2024-11-25,2024-11-25 11:42:00,542.52,542.58,542.52,542.58,0.01,104.31,57733.22,1
2024-11-25,2024-11-25 11:43:00,542.58,542.64,542.58,542.64,0.01,104.31,57733.22,1
2024-11-25,2024-11-25 11:44:00,542.64,542.7,542.64,542.7,0.01,104.31,57733.22,1
2024-11-25,2024-11-25 11:45:00,542.7,542.76,542.7,542.76,0.01,104.31,57733.22,1
2024-11-25,2024-11-25 11:46:00,542.76,542.82,542.76,542.82,0.01,104.31,57733.22,1
2024-11-25,2024-11-25 11:47:00,542.82,542.88,542.82,542.88,0.01,104.31,57733.22,1
2024-11-25,2024-11-25 11:48:00,542.88,542.94,542.88,542.94,0.01,104.31,57733.22,1
2024-11-25,2024-11-25 11:49:00,542.94,543.0,542.94,543.0,0.01,104.31,57733.22,1
2024-11-25,2024-11-25 11:50:00,543.0,543.06,543.0,543.06,0.01,104.31,57733.22,1
2024-11-25,2024-11-25 11:51:00,543.06,543.12,543.06,543.12,0.01,104.31,57733.22,1
2024-11-25,2024-11-25 11:52:00,543.12,543.18,543.12,543.18,0.01,104.31,57733.22,1
2024-11-25,2024-11-25 11:53:00,543.18,543.24,543.18,543.24,0.01,104.31,57733.22,1
2024-11-25,2024-11-25 11:54:00,543.24,543.3,543.24,543.3,0.01,104.31,57733.22,1
2024-11-25,2024-11-25 11:55:00,543.3,543.36,543.3,543.36,0.01,104.31,57733.22,1
2024-11-25,2024-11-25 11:56:00,543.36,543.42,543.36,543.42,0.01,104.31,57733.22,1
2024-11-25,2024-11-25 11:57:00,543.42,543.48,543.42,543.48,0.01,104.31,57733.22,1
2024-11-25,2024-11-25 11:58:00,543.48,543.54,543.48,543.54,0.01,104.31,57733.22,1
2024-11-25,2024-11-25 11:59:00,543.54,543.6,543.54,543.6,0.01,104.31,57733.22,1
2024-11-25,2024-11-25 12:00:00,543.6,543.66,543.6,543.66,0.01,104.31,57733.22,1
2024-11-25,2024-11-25 12:01:00,543.66,543.72,543.66,543.72,0.01,104.31,57733.22,1
2024-11-25,2024-11-25 12:02:00,543.72,543.78,543.72,543.78,0.01,104.31,57733.22,1
2024-11-25,2024-11-25 12:03:00,543.78,543.84,543.78,543.84,0.01,104.31,57733.22,1
2024-11-25,2024-11-25 12:04:00,543.84,543.9,543.84,543.9,0.01,104.31,57733.22,1
2024-11-25,2024-11-25 12:05:00,543.9,543.96,543.9,543.96,0.01,104.31,57733.22,1
2024-11-25,2024-11-25 12:06:00,543.96,544.02,543.96,544.02,0.01,104.31,57733.22,1
2024-11-25,2024-11-25 12:07:00,544.02,544.08,544.02,544.08,0.01,104.31,57733.22,1
2024-11-25,2024-11-25 12:08:00,544.08,544.14,544.08,544.14,0.01,104.31,57733.22,1
2024-11-25,2024-11-25 12:09:00,544.14,544.2,544.14,544.2,0.01,104.31,57733.22,1
2024-11-25,2024-11-25 12:10:00,544.2,544.26,544.2,544.26,0.01,104.31,57733.22,1
2024-11-25,2024-11-25 12:11:00,544.26,544.32,544.26,544.32,0.01,104.31,57733.22,1
2024-11-25,2024-11-25 12:12:00,544.32,544.38,544.32,544.38,0.01,104.31,57733.22,1
2024-11-25,2024-11-25 12:13:00,544.38,544.44,544.38,544.44,0.01,104.31,57733.22,1
2024-11-25,2024-11-25 12:14:00,544.44,544.5,544.44,544.5,0.01,104.31,57733.22,1
2024-11-25,2024-11-25 12:15:00,544.5,544.56,544.5,544.56,0.01,104.31,57733.22,1
2024-11-25,2024-11-25 12:16:00,544.56,544.62,544.56,544.62,0.01,104.31,57733.22,1
2024-11-25,2024-11-25 12:17:00,544.62,544.68,544.62,544.68,0.01,104.31,57733.22,1
2024-11-25,2024-11-25 12:18:00,544.68,544.74,544.68,544.74,0.01,104.31,57733.22,1
2024-11-25,2024-11-25 12:19:00,544.74,544.8,544.74,544.8,0.01,104.31,57733.22,1
2024-11-25,2024-11-25 12:20:00,544.8,544.86,544.8,544.86,0.01,104.31,57733.22,1
2024-11-25,2024-11-25 12:21:00,544.86,544.92,544.86,544.92,0.01,104.31,57733.22,1
2024-11-25,2024-11-25 12:22:00,544.92,544.98,544.92,544.98,0.01,104.31,57733.22,1
2024-11-25,2024-11-25 12:23:00,544.98,545.04,544.98,545.04,0.01,104.31,57733.22,1
2024-11-25,2024-11-25 12:24:00,545.04,545.1,545.04,545.1,0.01,104.31,57733.22,1
2024-11-25,2024-11-25 12:25:00,545.1,545.16,545.1,545.16,0.01,104.31,57733.22,1
2024-11-25,2024-11-25 12:26:00,545.16,545.22,545.16,545.22,0.01,104.31,57733.22,1
2024-11-25,2024-11-25 12:27:00,545.22,545.28,545.22,545.28,0.01,104.31,57733.22,1
2024-11-25,2024-11-25 12:28:00,545.28,545.34,545.28,545.34,0.01,104.31,57733.22,1
2024-11-25,2024-11-25 12:29:00,545.34,545.4,545.34,545.4,0.01,104.31,57733.22,1
2024-11-25,2024-11-25 12:30:00,545.4,545.46,545.4,545.46,0.01,104.31,57733.22,1
2024-11-25,2024-11-25 12:31:00,545.46,545.52,545.46,545.52,0.01,104.31,57733.22,1
2024-11-25,2024-11-25 12:32:00,545.52,545.58,545.52,545.58,0.01,104.31,57733.22,1
2024-11-25,2024-11-25 12:33:00,545.58,545.64,545.58,545.64,0.01,104.31,57733.22,1
2024-11-25,2024-11-25 12:34:00,545.64,545.7,545.64,545.7,0.01,104.31,57733.22,1
2024-11-25,2024-11-25 12:35:00,545.7,545.76,545.7,545.76,0.01,104.31,57733.22,1
2024-11-25,2024-11-25 12:36:00,545.76,545.82,545.76,545.82,0.01,104.31,57733.22,1
2024-11-25,2024-11-25 12:37:00,545.82,545.88,545.82,545.88,0.01,104.31,57733.22,1
2024-11-25,2024-11-25 12:38:00,545.88,545.94,545.88,545.94,0.01,104.31,57733.22,1
2024-11-25,2024-11-25 12:39:00,545.94,546.0,545.94,546.0,0.01,104.31,57733.22,1
2024-11-25,2024-11-25 12:40:00,546.0,546.06,546.0,546.06,0.01,104.31,57733.22,1
2024-11-25,2024-11-25 12:41:00,546.06,546.12,546.06,546.12,0.01,104.31,57733.22,1
2024-11-25,2024-11-25 12:42:00,546.12,546.18,546.12,546.18,0.01,104.31,57733.22,1
2024-11-25,2024-11-25 12:43:00,546.18,546.24,546.18,546.24,0.01,104.31,57733.22,1
2024-11-25,2024-11-25 12:44:00,546.24,546.3,546.24,546.3,0.01,104.31,57733.22,1
2024-11-25,2024-11-25 12:45:00,546.3,546.36,546.3,546.36,0.01,104.31,57733.22,1
2024-11-25,2024-11-25 12:46:00,546.36,546.42,546.36,546.42,0.01,104.31,57733.22,1
2024-11-25,2024-11-25 12:47:00,546.42,546.48,546.42,546.48,0.01,104.31,57733.22,1
2024-11-25,2024-11-25 12:48:00,546.48,546.54,546.48,546.54,0.01,104.31,57733.22,1
2024-11-25,2024-11-25 12:49:00,546.54,546.6,546.54,546.6,0.01,104.31,57733.22,1
2024-11-25,2024-11-25 12:50:00,546.6,546.66,546.6,546.66,0.01,104.31,57733.22,1
2024-11-25,2024-11-25 12:51:00,546.66,546.72,546.66,546.72,0.01,104.31,57733.22,1
2024-11-25,2024-11-25 12:52:00,546.72,546.78,546.72,546.78,0.01,104.31,57733.22,1
2024-11-25,2024-11-25 12:53:00,546.78,546.84,546.78,546.84,0.01,104.31,57733.22,1
2024-11-25,2024-11-25 12:54:00,546.84,546.9,546.84,546.9,0.01,104.31,57733.22,1
2024-11-25,2024-11-25 12:55:00,546.9,546.96,546.9,546.96,0.01,104.31,57733.22,1
2024-11-25,2024-11-25 12:56:00,546.96,547.02,546.96,547.02,0.01,104.31,57733.22,1
2024-11-25,2024-11-25 12:57:00,547.02,547.08,547.02,547.08,0.01,104.31,57733.22,1
2024-11-25,2024-11-25 12:58:00,547.08,547.14,547.08,547.14,0.01,104.31,57733.22,1
2024-11-25,2024-11-25 12:59:00,547.14,547.2,547.14,547.2,0.01,104.31,57733.22,1
2024-11-25,2024-11-25 13:00:00,547.2,560.0,540.0,547.26,0.01,104.31,57733.22,1
2024-11-25,2024-11-25 13:01:00,547.26,547.32,547.26,547.32,0.01,104.31,57733.22,1
2024-11-25,2024-11-25 13:02:00,547.32,547.38,547.32,547.38,0.01,104.31,57733.22,1
2024-11-25,2024-11-25 13:03:00,547.38,547.44,547.38,547.44,0.01,104.31,57733.22,1
2024-11-25,2024-11-25 13:04:00,547.44,547.5,547.44,547.5,0.01,104.31,57733.22,1
2024-11-25,2024-11-25 13:05:00,547.5,547.56,547.5,547.56,0.01,104.31,57733.22,1
2024-11-25,2024-11-25 13:06:00,547.56,547.62,547.56,547.62,0.01,104.31,57733.22,1
2024-11-25,2024-11-25 13:07:00,547.62,547.68,547.62,547.68,0.01,104.31,57733.22,1
2024-11-25,2024-11-25 13:08:00,547.68,547.74,547.68,547.74,0.01,104.31,57733.22,1
2024-11-25,2024-11-25 13:09:00,547.74,547.8,547.74,547.8,0.01,104.31,57733.22,1
2024-11-25,2024-11-25 13:10:00,547.8,547.86,547.8,547.86,0.01,104.31,57733.22,1
2024-11-25,2024-11-25 13:11:00,547.86,547.92,547.86,547.92,0.01,104.31,57733.22,1
2024-11-25,2024-11-25 13:12:00,547.92,547.98,547.92,547.98,0.01,104.31,57733.22,1
2024-11-25,2024-11-25 13:13:00,547.98,548.04,547.98,548.04,0.01,104.31,57733.22,1
2024-11-25,2024-11-25 13:14:00,548.04,548.1,548.04,548.1,0.01,104.31,57733.22,1
2024-11-25,2024-11-25 13:15:00,548.1,548.16,548.1,548.16,0.01,104.31,57733.22,1
2024-11-25,2024-11-25 13:16:00,548.16,548.22,548.16,548.22,0.01,104.31,57733.22,1
2024-11-25,2024-11-25 13:17:00,548.22,548.28,548.22,548.28,0.01,104.31,57733.22,1
2024-11-25,2024-11-25 13:18:00,548.28,548.34,548.28,548.34,0.01,104.31,57733.22,1
2024-11-25,2024-11-25 13:19:00,548.34,548.4,548.34,548.4,0.01,104.31,57733.22,1
2024-11-25,2024-11-25 13:20:00,548.4,548.46,548.4,548.46,0.01,104.31,57733.22,1
2024-11-25,2024-11-25 13:21:00,548.46,548.52,548.46,548.52,0.01,104.31,57733.22,1
2024-11-25,2024-11-25 13:22:00,548.52,548.58,548.52,548.58,0.01,104.31,57733.22,1
2024-11-25,2024-11-25 13:23:00,548.58,548.64,548.58,548.64,0.01,104.31,57733.22,1
2024-11-25,2024-11-25 13:24:00,548.64,548.7,548.64,548.7,0.01,104.31,57733.22,1
2024-11-25,2024-11-25 13:25:00,548.7,548.76,548.7,548.76,0.01,104.31,57733.22,1
2024-11-25,2024-11-25 13:26:00,548.76,548.82,548.76,548.82,0.01,104.31,57733.22,1
2024-11-25,2024-11-25 13:27:00,548.82,548.88,548.82,548.88,0.01,104.31,57733.22,1
2024-11-25,2024-11-25 13:28:00,548.88,548.94,548.88,548.94,0.01,104.31,57733.22,1
2024-11-25,2024-11-25 13:29:00,548.94,549.0,548.94,549.0,0.01,104.31,57733.22,1
2024-11-25,2024-11-25 13:30:00,549.0,549.06,549.0,549.06,0.01,104.31,57733.22,1
2024-11-25,2024-11-25 13:31:00,549.06,549.12,549.06,549.12,0.01,104.31,57733.22,1
2024-11-25,2024-11-25 13:32:00,549.12,549.18,549.12,549.18,0.01,104.31,57733.22,1
2024-11-25,2024-11-25 13:33:00,549.18,549.24,549.18,549.24,0.01,104.31,57733.22,1
2024-11-25,2024-11-25 13:34:00,549.24,549.3,549.24,549.3,0.01,104.31,57733.22,1
2024-11-25,2024-11-25 13:35:00,549.3,549.36,549.3,549.36,0.01,104.31,57733.22,1
2024-11-25,2024-11-25 13:36:00,549.36,549.42,549.36,549.42,0.01,104.31,57733.22,1
2024-11-25,2024-11-25 13:37:00,549.42,549.48,549.42,549.48,0.01,104.31,57733.22,1
2024-11-25,2024-11-25 13:38:00,549.48,549.54,549.48,549.54,0.01,104.31,57733.22,1
2024-11-25,2024-11-25 13:39:00,549.54,549.6,549.54,549.6,0.01,104.31,57733.22,1
2024-11-25,2024-11-25 13:40:00,549.6,549.66,549.6,549.66,0.01,104.31,57733.22,1
2024-11-25,2024-11-25 13:41:00,549.66,549.72,549.66,549.72,0.01,104.31,57733.22,1
2024-11-25,2024-11-25 13:42:00,549.72,549.78,549.72,549.78,0.01,104.31,57733.22,1
2024-11-25,2024-11-25 13:43:00,549.78,549.84,549.78,549.84,0.01,104.31,57733.22,1
2024-11-25,2024-11-25 13:44:00,549.84,549.9,549.84,549.9,0.01,104.31,57733.22,1
2024-11-25,2024-11-25 13:45:00,549.9,549.96,549.9,549.96,0.01,104.31,57733.22,1
2024-11-25,2024-11-25 13:46:00,549.96,550.02,549.96,550.02,0.01,104.31,57733.22,1
2024-11-25,2024-11-25 13:47:00,550.02,550.08,550.02,550.08,0.01,104.31,57733.22,1
2024-11-25,2024-11-25 13:48:00,550.08,550.14,550.08,550.14,0.01,104.31,57733.22,1
2024-11-25,2024-11-25 13:49:00,550.14,550.2,550.14,550.2,0.01,104.31,57733.22,1
2024-11-25,2024-11-25 13:50:00,550.2,550.26,550.2,550.26,0.01,104.31,57733.22,1
2024-11-25,2024-11-25 13:51:00,550.26,550.32,550.26,550.32,0.01,104.31,57733.22,1
2024-11-25,2024-11-25 13:52:00,550.32,550.38,550.32,550.38,0.01,104.31,57733.22,1
2024-11-25,2024-11-25 13:53:00,550.38,550.44,550.38,550.44,0.01,104.31,57733.22,1
2024-11-25,2024-11-25 13:54:00,550.44,550.5,550.44,550.5,0.01,104.31,57733.22,1
2024-11-25,2024-11-25 13:55:00,550.5,550.56,550.5,550.56,0.01,104.31,57733.22,1
2024-11-25,2024-11-25 13:56:00,550.56,550.62,550.56,550.62,0.01,104.31,57733.22,1
2024-11-25,2024-11-25 13:57:00,550.62,550.68,550.62,550.68,0.01,104.31,57733.22,1
2024-11-25,2024-11-25 13:58:00,550.68,550.74,550.68,550.74,0.01,104.31,57733.22,1
2024-11-25,2024-11-25 13:59:00,550.74,550.8,550.74,550.8,0.01,104.31,57733.22,1
2024-11-25,2024-11-25 14:00:00,550.8,550.86,550.8,550.86,0.01,104.31,57733.22,1
2024-11-25,2024-11-25 14:01:00,550.86,550.92,550.86,550.92,0.01,104.31,57733.22,1
2024-11-25,2024-11-25 14:02:00,550.92,550.98,550.92,550.98,0.01,104.31,57733.22,1
2024-11-25,2024-11-25 14:03:00,550.98,551.04,550.98,551.04,0.01,104.31,57733.22,1
2024-11-25,2024-11-25 14:04:00,551.04,551.1,551.04,551.1,0.01,104.31,57733.22,1
2024-11-25,2024-11-25 14:05:00,551.1,551.16,551.1,551.16,0.01,104.31,57733.22,1
2024-11-25,2024-11-25 14:06:00,551.16,551.22,551.16,551.22,0.01,104.31,57733.22,1
2024-11-25,2024-11-25 14:07:00,551.22,551.28,551.22,551.28,0.01,104.31,57733.22,1
2024-11-25,2024-11-25 14:08:00,551.28,551.34,551.28,551.34,0.01,104.31,57733.22,1
2024-11-25,2024-11-25 14:09:00,551.34,551.4,551.34,551.4,0.01,104.31,57733.22,1
2024-11-25,2024-11-25 14:10:00,551.4,551.46,551.4,551.46,0.01,104.31,57733.22,1
2024-11-25,2024-11-25 14:11:00,551.46,551.52,551.46,551.52,0.01,104.31,57733.22,1
2024-11-25,2024-11-25 14:12:00,551.52,551.58,551.52,551.58,0.01,104.31,57733.22,1
2024-11-25,2024-11-25 14:13:00,551.58,551.64,551.58,551.64,0.01,104.31,57733.22,1
2024-11-25,2024-11-25 14:14:00,551.64,551.7,551.64,551.7,0.01,104.31,57733.22,1
2024-11-25,2024-11-25 14:15:00,551.7,551.76,551.7,551.76,0.01,104.31,57733.22,1
2024-11-25,2024-11-25 14:16:00,551.76,551.82,551.76,551.82,0.01,104.31,57733.22,1
2024-11-25,2024-11-25 14:17:00,551.82,551.88,551.82,551.88,0.01,104.31,57733.22,1
2024-11-25,2024-11-25 14:18:00,551.88,551.94,551.88,551.94,0.01,104.31,57733.22,1
2024-11-25,2024-11-25 14:19:00,551.94,552.0,551.94,552.0,0.01,104.31,57733.22,1
2024-11-25,2024-11-25 14:20:00,552.0,552.06,552.0,552.06,0.01,104.31,57733.22,1
2024-11-25,2024-11-25 14:21:00,552.06,552.12,552.06,552.12,0.01,104.31,57733.22,1
2024-11-25,2024-11-25 14:22:00,552.12,552.18,552.12,552.18,0.01,104.31,57733.22,1
2024-11-25,2024-11-25 14:23:00,552.18,552.24,552.18,552.24,0.01,104.31,57733.22,1
2024-11-25,2024-11-25 14:24:00,552.24,552.3,552.24,552.3,0.01,104.31,57733.22,1
2024-11-25,2024-11-25 14:25:00,552.3,552.36,552.3,552.36,0.01,104.31,57733.22,1
2024-11-25,2024-11-25 14:26:00,552.36,552.42,552.36,552.42,0.01,104.31,57733.22,1
2024-11-25,2024-11-25 14:27:00,552.42,552.48,552.42,552.48,0.01,104.31,57733.22,1
2024-11-25,2024-11-25 14:28:00,552.48,552.54,552.48,552.54,0.01,104.31,57733.22,1
2024-11-25,2024-11-25 14:29:00,552.54,552.6,552.54,552.6,0.01,104.31,57733.22,1
2024-11-25,2024-11-25 14:30:00,552.6,552.66,552.6,552.66,0.01,104.31,57733.22,1
2024-11-25,2024-11-25 14:31:00,552.66,552.72,552.66,552.72,0.01,104.31,57733.22,1
2024-11-25,2024-11-25 14:32:00,552.72,552.78,552.72,552.78,0.01,104.31,57733.22,1
2024-11-25,2024-11-25 14:33:00,552.78,552.84,552.78,552.84,0.01,104.31,57733.22,1
2024-11-25,2024-11-25 14:34:00,552.84,552.9,552.84,552.9,0.01,104.31,57733.22,1
2024-11-25,2024-11-25 14:35:00,552.9,552.96,552.9,552.96,0.01,104.31,57733.22,1
2024-11-25,2024-11-25 14:36:00,552.96,553.02,552.96,553.02,0.01,104.31,57733.22,1
2024-11-25,2024-11-25 14:37:00,553.02,553.08,553.02,553.08,0.01,104.31,57733.22,1
2024-11-25,2024-11-25 14:38:00,553.08,553.14,553.08,553.14,0.01,104.31,57733.22,1
2024-11-25,2024-11-25 14:39:00,553.14,553.2,553.14,553.2,0.01,104.31,57733.22,1
2024-11-25,2024-11-25 14:40:00,553.2,553.26,553.2,553.26,0.01,104.31,57733.22,1
2024-11-25,2024-11-25 14:41:00,553.26,553.32,553.26,553.32,0.01,104.31,57733.22,1
2024-11-25,2024-11-25 14:42:00,553.32,553.38,553.32,553.38,0.01,104.31,57733.22,1
2024-11-25,2024-11-25 14:43:00,553.38,553.44,553.38,553.44,0.01,104.31,57733.22,1
2024-11-25,2024-11-25 14:44:00,553.44,553.5,553.44,553.5,0.01,104.31,57733.22,1
2024-11-25,2024-11-25 14:45:00,553.5,553.56,553.5,553.56,0.01,104.31,57733.22,1
2024-11-25,2024-11-25 14:46:00,553.56,553.62,553.56,553.62,0.01,104.31,57733.22,1
2024-11-25,2024-11-25 14:47:00,553.62,553.68,553.62,553.68,0.01,104.31,57733.22,1
2024-11-25,2024-11-25 14:48:00,553.68,553.74,553.68,553.74,0.01,104.31,57733.22,1
2024-11-25,2024-11-25 14:49:00,553.74,553.8,553.74,553.8,0.01,104.31,57733.22,1
2024-11-25,2024-11-25 14:50:00,553.8,553.86,553.8,553.86,0.01,104.31,57733.22,1
2024-11-25,2024-11-25 14:51:00,553.86,553.92,553.86,553.92,0.01,104.31,57733.22,1
2024-11-25,2024-11-25 14:52:00,553.92,553.98,553.92,553.98,0.01,104.31,57733.22,1
2024-11-25,2024-11-25 14:53:00,553.98,554.04,553.98,554.04,0.01,104.31,57733.22,1
2024-11-25,2024-11-25 14:54:00,554.04,554.1,554.04,554.1,0.01,104.31,57733.22,1
2024-11-25,2024-11-25 14:55:00,554.1,554.16,554.1,554.16,0.01,104.31,57733.22,1
2024-11-25,2024-11-25 14:56:00,554.16,554.22,554.16,554.22,0.01,104.31,57733.22,1
2024-11-25,2024-11-25 14:57:00,554.22,554.28,554.22,554.28,0.01,104.31,57733.22,1
2024-11-25,2024-11-25 14:58:00,554.28,554.34,554.28,554.34,0.01,104.31,57733.22,1
2024-11-25,2024-11-25 14:59:00,554.34,554.4,554.34,554.4,0.01,104.31,57733.22,1
2024-11-25,2024-11-25 15:00:00,554.4,560.0,540.0,554.4,0.0,104.31,57733.22,0
2024-11-26,2024-11-26 11:00:00,547.0,554.2,547.0,547.07,0.01,134.66,75851.98,1
2024-11-26,2024-11-26 11:01:00,547.07,547.13,547.07,547.13,0.01,134.66,75851.98,1
2024-11-26,2024-11-26 11:02:00,547.13,547.2,547.13,547.2,0.01,134.66,75851.98,1
2024-11-26,2024-11-26 11:03:00,547.2,547.27,547.2,547.27,0.01,134.66,75851.98,1
2024-11-26,2024-11-26 11:04:00,547.27,547.33,547.27,547.33,0.01,134.66,75851.98,1
2024-11-26,2024-11-26 11:05:00,547.33,547.4,547.33,547.4,0.01,134.66,75851.98,1
2024-11-26,2024-11-26 11:06:00,547.4,547.47,547.4,547.47,0.01,134.66,75851.98,1
2024-11-26,2024-11-26 11:07:00,547.47,547.53,547.47,547.53,0.01,134.66,75851.98,1
2024-11-26,2024-11-26 11:08:00,547.53,547.6,547.53,547.6,0.01,134.66,75851.98,1
2024-11-26,2024-11-26 11:09:00,547.6,547.67,547.6,547.67,0.01,134.66,75851.98,1
2024-11-26,2024-11-26 11:10:00,547.67,547.73,547.67,547.73,0.01,134.66,75851.98,1
2024-11-26,2024-11-26 11:11:00,547.73,547.8,547.73,547.8,0.01,134.66,75851.98,1
2024-11-26,2024-11-26 11:12:00,547.8,547.87,547.8,547.87,0.01,134.66,75851.98,1
2024-11-26,2024-11-26 11:13:00,547.87,547.93,547.87,547.93,0.01,134.66,75851.98,1
2024-11-26,2024-11-26 11:14:00,547.93,548.0,547.93,548.0,0.01,134.66,75851.98,1
2024-11-26,2024-11-26 11:15:00,548.0,548.07,548.0,548.07,0.01,134.66,75851.98,1
2024-11-26,2024-11-26 11:16:00,548.07,548.13,548.07,548.13,0.01,134.66,75851.98,1
2024-11-26,2024-11-26 11:17:00,548.13,548.2,548.13,548.2,0.01,134.66,75851.98,1
2024-11-26,2024-11-26 11:18:00,548.2,548.27,548.2,548.27,0.01,134.66,75851.98,1
2024-11-26,2024-11-26 11:19:00,548.27,548.33,548.27,548.33,0.01,134.66,75851.98,1
2024-11-26,2024-11-26 11:20:00,548.33,548.4,548.33,548.4,0.01,134.66,75851.98,1
2024-11-26,2024-11-26 11:21:00,548.4,548.47,548.4,548.47,0.01,134.66,75851.98,1
2024-11-26,2024-11-26 11:22:00,548.47,548.53,548.47,548.53,0.01,134.66,75851.98,1
2024-11-26,2024-11-26 11:23:00,548.53,548.6,548.53,548.6,0.01,134.66,75851.98,1
2024-11-26,2024-11-26 11:24:00,548.6,548.67,548.6,548.67,0.01,134.66,75851.98,1
2024-11-26,2024-11-26 11:25:00,548.67,548.73,548.67,548.73,0.01,134.66,75851.98,1
2024-11-26,2024-11-26 11:26:00,548.73,548.8,548.73,548.8,0.01,134.66,75851.98,1
2024-11-26,2024-11-26 11:27:00,548.8,548.87,548.8,548.87,0.01,134.66,75851.98,1
2024-11-26,2024-11-26 11:28:00,548.87,548.93,548.87,548.93,0.01,134.66,75851.98,1
2024-11-26,2024-11-26 11:29:00,548.93,549.0,548.93,549.0,0.01,134.66,75851.98,1
2024-11-26,2024-11-26 11:30:00,549.0,549.07,549.0,549.07,0.01,134.66,75851.98,1
2024-11-26,2024-11-26 11:31:00,549.07,549.13,549.07,549.13,0.01,134.66,75851.98,1
2024-11-26,2024-11-26 11:32:00,549.13,549.2,549.13,549.2,0.01,134.66,75851.98,1
2024-11-26,2024-11-26 11:33:00,549.2,549.27,549.2,549.27,0.01,134.66,75851.98,1
2024-11-26,2024-11-26 11:34:00,549.27,549.33,549.27,549.33,0.01,134.66,75851.98,1
2024-11-26,2024-11-26 11:35:00,549.33,549.4,549.33,549.4,0.01,134.66,75851.98,1
2024-11-26,2024-11-26 11:36:00,549.4,549.47,549.4,549.47,0.01,134.66,75851.98,1
2024-11-26,2024-11-26 11:37:00,549.47,549.53,549.47,549.53,0.01,134.66,75851.98,1
2024-11-26,2024-11-26 11:38:00,549.53,549.6,549.53,549.6,0.01,134.66,75851.98,1
2024-11-26,2024-11-26 11:39:00,549.6,549.67,549.6,549.67,0.01,134.66,75851.98,1
2024-11-26,2024-11-26 11:40:00,549.67,549.73,549.67,549.73,0.01,134.66,75851.98,1
2024-11-26,2024-11-26 11:41:00,549.73,549.8,549.73,549.8,0.01,134.66,75851.98,1
2024-11-26,2024-11-26 11:42:00,549.8,549.87,549.8,549.87,0.01,134.66,75851.98,1
2024-11-26,2024-11-26 11:43:00,549.87,549.93,549.87,549.93,0.01,134.66,75851.98,1
2024-11-26,2024-11-26 11:44:00,549.93,550.0,549.93,550.0,0.01,134.66,75851.98,1
2024-11-26,2024-11-26 11:45:00,550.0,550.07,550.0,550.07,0.01,134.66,75851.98,1
2024-11-26,2024-11-26 11:46:00,550.07,550.13,550.07,550.13,0.01,134.66,75851.98,1
2024-11-26,2024-11-26 11:47:00,550.13,550.2,550.13,550.2,0.01,134.66,75851.98,1
2024-11-26,2024-11-26 11:48:00,550.2,550.27,550.2,550.27,0.01,134.66,75851.98,1
2024-11-26,2024-11-26 11:49:00,550.27,550.33,550.27,550.33,0.01,134.66,75851.98,1
2024-11-26,2024-11-26 11:50:00,550.33,550.4,550.33,550.4,0.01,134.66,75851.98,1
2024-11-26,2024-11-26 11:51:00,550.4,550.47,550.4,550.47,0.01,134.66,75851.98,1
2024-11-26,2024-11-26 11:52:00,550.47,550.53,550.47,550.53,0.01,134.66,75851.98,1
2024-11-26,2024-11-26 11:53:00,550.53,550.6,550.53,550.6,0.01,134.66,75851.98,1
2024-11-26,2024-11-26 11:54:00,550.6,550.67,550.6,550.67,0.01,134.66,75851.98,1
2024-11-26,2024-11-26 11:55:00,550.67,550.73,550.67,550.73,0.01,134.66,75851.98,1
2024-11-26,2024-11-26 11:56:00,550.73,550.8,550.73,550.8,0.01,134.66,75851.98,1
2024-11-26,2024-11-26 11:57:00,550.8,550.87,550.8,550.87,0.01,134.66,75851.98,1
2024-11-26,2024-11-26 11:58:00,550.87,550.93,550.87,550.93,0.01,134.66,75851.98,1
2024-11-26,2024-11-26 11:59:00,550.93,551.0,550.93,551.0,0.01,134.66,75851.98,1
2024-11-26,2024-11-26 12:00:00,551.0,551.07,551.0,551.07,0.01,134.66,75851.98,1
2024-11-26,2024-11-26 12:01:00,551.07,551.13,551.07,551.13,0.01,134.66,75851.98,1
2024-11-26,2024-11-26 12:02:00,551.13,551.2,551.13,551.2,0.01,134.66,75851.98,1
2024-11-26,2024-11-26 12:03:00,551.2,551.27,551.2,551.27,0.01,134.66,75851.98,1
2024-11-26,2024-11-26 12:04:00,551.27,551.33,551.27,551.33,0.01,134.66,75851.98,1
2024-11-26,2024-11-26 12:05:00,551.33,551.4,551.33,551.4,0.01,134.66,75851.98,1
2024-11-26,2024-11-26 12:06:00,551.4,551.47,551.4,551.47,0.01,134.66,75851.98,1
2024-11-26,2024-11-26 12:07:00,551.47,551.53,551.47,551.53,0.01,134.66,75851.98,1
2024-11-26,2024-11-26 12:08:00,551.53,551.6,551.53,551.6,0.01,134.66,75851.98,1
2024-11-26,2024-11-26 12:09:00,551.6,551.67,551.6,551.67,0.01,134.66,75851.98,1
2024-11-26,2024-11-26 12:10:00,551.67,551.73,551.67,551.73,0.01,134.66,75851.98,1
2024-11-26,2024-11-26 12:11:00,551.73,551.8,551.73,551.8,0.01,134.66,75851.98,1
2024-11-26,2024-11-26 12:12:00,551.8,551.87,551.8,551.87,0.01,134.66,75851.98,1
2024-11-26,2024-11-26 12:13:00,551.87,551.93,551.87,551.93,0.01,134.66,75851.98,1
2024-11-26,2024-11-26 12:14:00,551.93,552.0,551.93,552.0,0.01,134.66,75851.98,1
2024-11-26,2024-11-26 12:15:00,552.0,552.07,552.0,552.07,0.01,134.66,75851.98,1
2024-11-26,2024-11-26 12:16:00,552.07,552.13,552.07,552.13,0.01,134.66,75851.98,1
2024-11-26,2024-11-26 12:17:00,552.13,552.2,552.13,552.2,0.01,134.66,75851.98,1
2024-11-26,2024-11-26 12:18:00,552.2,552.27,552.2,552.27,0.01,134.66,75851.98,1
2024-11-26,2024-11-26 12:19:00,552.27,552.33,552.27,552.33,0.01,134.66,75851.98,1
2024-11-26,2024-11-26 12:20:00,552.33,552.4,552.33,552.4,0.01,134.66,75851.98,1
2024-11-26,2024-11-26 12:21:00,552.4,552.47,552.4,552.47,0.01,134.66,75851.98,1
2024-11-26,2024-11-26 12:22:00,552.47,552.53,552.47,552.53,0.01,134.66,75851.98,1
2024-11-26,2024-11-26 12:23:00,552.53,552.6,552.53,552.6,0.01,134.66,75851.98,1
2024-11-26,2024-11-26 12:24:00,552.6,552.67,552.6,552.67,0.01,134.66,75851.98,1
2024-11-26,2024-11-26 12:25:00,552.67,552.73,552.67,552.73,0.01,134.66,75851.98,1
2024-11-26,2024-11-26 12:26:00,552.73,552.8,552.73,552.8,0.01,134.66,75851.98,1
2024-11-26,2024-11-26 12:27:00,552.8,552.87,552.8,552.87,0.01,134.66,75851.98,1
2024-11-26,2024-11-26 12:28:00,552.87,552.93,552.87,552.93,0.01,134.66,75851.98,1
2024-11-26,2024-11-26 12:29:00,552.93,553.0,552.93,553.0,0.01,134.66,75851.98,1
2024-11-26,2024-11-26 12:30:00,553.0,553.07,553.0,553.07,0.01,134.66,75851.98,1
2024-11-26,2024-11-26 12:31:00,553.07,553.13,553.07,553.13,0.01,134.66,75851.98,1
2024-11-26,2024-11-26 12:32:00,553.13,553.2,553.13,553.2,0.01,134.66,75851.98,1
2024-11-26,2024-11-26 12:33:00,553.2,553.27,553.2,553.27,0.01,134.66,75851.98,1
2024-11-26,2024-11-26 12:34:00,553.27,553.33,553.27,553.33,0.01,134.66,75851.98,1
2024-11-26,2024-11-26 12:35:00,553.33,553.4,553.33,553.4,0.01,134.66,75851.98,1
2024-11-26,2024-11-26 12:36:00,553.4,553.47,553.4,553.47,0.01,134.66,75851.98,1
2024-11-26,2024-11-26 12:37:00,553.47,553.53,553.47,553.53,0.01,134.66,75851.98,1
2024-11-26,2024-11-26 12:38:00,553.53,553.6,553.53,553.6,0.01,134.66,75851.98,1
2024-11-26,2024-11-26 12:39:00,553.6,553.67,553.6,553.67,0.01,134.66,75851.98,1
2024-11-26,2024-11-26 12:40:00,553.67,553.73,553.67,553.73,0.01,134.66,75851.98,1
2024-11-26,2024-11-26 12:41:00,553.73,553.8,553.73,553.8,0.01,134.66,75851.98,1
2024-11-26,2024-11-26 12:42:00,553.8,553.87,553.8,553.87,0.01,134.66,75851.98,1
2024-11-26,2024-11-26 12:43:00,553.87,553.93,553.87,553.93,0.01,134.66,75851.98,1
2024-11-26,2024-11-26 12:44:00,553.93,554.0,553.93,554.0,0.01,134.66,75851.98,1
2024-11-26,2024-11-26 12:45:00,554.0,554.07,554.0,554.07,0.01,134.66,75851.98,1
2024-11-26,2024-11-26 12:46:00,554.07,554.13,554.07,554.13,0.01,134.66,75851.98,1
2024-11-26,2024-11-26 12:47:00,554.13,554.2,554.13,554.2,0.01,134.66,75851.98,1
2024-11-26,2024-11-26 12:48:00,554.2,554.27,554.2,554.27,0.01,134.66,75851.98,1
2024-11-26,2024-11-26 12:49:00,554.27,554.33,554.27,554.33,0.01,134.66,75851.98,1
2024-11-26,2024-11-26 12:50:00,554.33,554.4,554.33,554.4,0.01,134.66,75851.98,1
2024-11-26,2024-11-26 12:51:00,554.4,554.47,554.4,554.47,0.01,134.66,75851.98,1
2024-11-26,2024-11-26 12:52:00,554.47,554.53,554.47,554.53,0.01,134.66,75851.98,1
2024-11-26,2024-11-26 12:53:00,554.53,554.6,554.53,554.6,0.01,134.66,75851.98,1
2024-11-26,2024-11-26 12:54:00,554.6,554.67,554.6,554.67,0.01,134.66,75851.98,1
2024-11-26,2024-11-26 12:55:00,554.67,554.73,554.67,554.73,0.01,134.66,75851.98,1
2024-11-26,2024-11-26 12:56:00,554.73,554.8,554.73,554.8,0.01,134.66,75851.98,1
2024-11-26,2024-11-26 12:57:00,554.8,554.87,554.8,554.87,0.01,134.66,75851.98,1
2024-11-26,2024-11-26 12:58:00,554.87,554.93,554.87,554.93,0.01,134.66,75851.98,1
2024-11-26,2024-11-26 12:59:00,554.93,555.0,554.93,555.0,0.01,134.66,75851.98,1
2024-11-26,2024-11-26 13:00:00,555.0,571.0,547.0,555.07,0.01,134.66,75851.98,1
2024-11-26,2024-11-26 13:01:00,555.07,555.13,555.07,555.13,0.01,134.66,75851.98,1
2024-11-26,2024-11-26 13:02:00,555.13,555.2,555.13,555.2,0.01,134.66,75851.98,1
2024-11-26,2024-11-26 13:03:00,555.2,555.27,555.2,555.27,0.01,134.66,75851.98,1
2024-11-26,2024-11-26 13:04:00,555.27,555.33,555.27,555.33,0.01,134.66,75851.98,1
2024-11-26,2024-11-26 13:05:00,555.33,555.4,555.33,555.4,0.01,134.66,75851.98,1
2024-11-26,2024-11-26 13:06:00,555.4,555.47,555.4,555.47,0.01,134.66,75851.98,1
2024-11-26,2024-11-26 13:07:00,555.47,555.53,555.47,555.53,0.01,134.66,75851.98,1
2024-11-26,2024-11-26 13:08:00,555.53,555.6,555.53,555.6,0.01,134.66,75851.98,1
2024-11-26,2024-11-26 13:09:00,555.6,555.67,555.6,555.67,0.01,134.66,75851.98,1
2024-11-26,2024-11-26 13:10:00,555.67,555.73,555.67,555.73,0.01,134.66,75851.98,1
2024-11-26,2024-11-26 13:11:00,555.73,555.8,555.73,555.8,0.01,134.66,75851.98,1
2024-11-26,2024-11-26 13:12:00,555.8,555.87,555.8,555.87,0.01,134.66,75851.98,1
2024-11-26,2024-11-26 13:13:00,555.87,555.93,555.87,555.93,0.01,134.66,75851.98,1
2024-11-26,2024-11-26 13:14:00,555.93,556.0,555.93,556.0,0.01,134.66,75851.98,1
2024-11-26,2024-11-26 13:15:00,556.0,556.07,556.0,556.07,0.01,134.66,75851.98,1
2024-11-26,2024-11-26 13:16:00,556.07,556.13,556.07,556.13,0.01,134.66,75851.98,1
2024-11-26,2024-11-26 13:17:00,556.13,556.2,556.13,556.2,0.01,134.66,75851.98,1
2024-11-26,2024-11-26 13:18:00,556.2,556.27,556.2,556.27,0.01,134.66,75851.98,1
2024-11-26,2024-11-26 13:19:00,556.27,556.33,556.27,556.33,0.01,134.66,75851.98,1
2024-11-26,2024-11-26 13:20:00,556.33,556.4,556.33,556.4,0.01,134.66,75851.98,1
2024-11-26,2024-11-26 13:21:00,556.4,556.47,556.4,556.47,0.01,134.66,75851.98,1
2024-11-26,2024-11-26 13:22:00,556.47,556.53,556.47,556.53,0.01,134.66,75851.98,1
2024-11-26,2024-11-26 13:23:00,556.53,556.6,556.53,556.6,0.01,134.66,75851.98,1
2024-11-26,2024-11-26 13:24:00,556.6,556.67,556.6,556.67,0.01,134.66,75851.98,1
2024-11-26,2024-11-26 13:25:00,556.67,556.73,556.67,556.73,0.01,134.66,75851.98,1
2024-11-26,2024-11-26 13:26:00,556.73,556.8,556.73,556.8,0.01,134.66,75851.98,1
2024-11-26,2024-11-26 13:27:00,556.8,556.87,556.8,556.87,0.01,134.66,75851.98,1
2024-11-26,2024-11-26 13:28:00,556.87,556.93,556.87,556.93,0.01,134.66,75851.98,1
2024-11-26,2024-11-26 13:29:00,556.93,557.0,556.93,557.0,0.01,134.66,75851.98,1
2024-11-26,2024-11-26 13:30:00,557.0,557.07,557.0,557.07,0.01,134.66,75851.98,1
2024-11-26,2024-11-26 13:31:00,557.07,557.13,557.07,557.13,0.01,134.66,75851.98,1
2024-11-26,2024-11-26 13:32:00,557.13,557.2,557.13,557.2,0.01,134.66,75851.98,1
2024-11-26,2024-11-26 13:33:00,557.2,557.27,557.2,557.27,0.01,134.66,75851.98,1
2024-11-26,2024-11-26 13:34:00,557.27,557.33,557.27,557.33,0.01,134.66,75851.98,1
2024-11-26,2024-11-26 13:35:00,557.33,557.4,557.33,557.4,0.01,134.66,75851.98,1
2024-11-26,2024-11-26 13:36:00,557.4,557.47,557.4,557.47,0.01,134.66,75851.98,1
2024-11-26,2024-11-26 13:37:00,557.47,557.53,557.47,557.53,0.01,134.66,75851.98,1
2024-11-26,2024-11-26 13:38:00,557.53,557.6,557.53,557.6,0.01,134.66,75851.98,1
2024-11-26,2024-11-26 13:39:00,557.6,557.67,557.6,557.67,0.01,134.66,75851.98,1
2024-11-26,2024-11-26 13:40:00,557.67,557.73,557.67,557.73,0.01,134.66,75851.98,1
2024-11-26,2024-11-26 13:41:00,557.73,557.8,557.73,557.8,0.01,134.66,75851.98,1
2024-11-26,2024-11-26 13:42:00,557.8,557.87,557.8,557.87,0.01,134.66,75851.98,1
2024-11-26,2024-11-26 13:43:00,557.87,557.93,557.87,557.93,0.01,134.66,75851.98,1
2024-11-26,2024-11-26 13:44:00,557.93,558.0,557.93,558.0,0.01,134.66,75851.98,1
2024-11-26,2024-11-26 13:45:00,558.0,558.07,558.0,558.07,0.01,134.66,75851.98,1
2024-11-26,2024-11-26 13:46:00,558.07,558.13,558.07,558.13,0.01,134.66,75851.98,1
2024-11-26,2024-11-26 13:47:00,558.13,558.2,558.13,558.2,0.01,134.66,75851.98,1
2024-11-26,2024-11-26 13:48:00,558.2,558.27,558.2,558.27,0.01,134.66,75851.98,1
2024-11-26,2024-11-26 13:49:00,558.27,558.33,558.27,558.33,0.01,134.66,75851.98,1
2024-11-26,2024-11-26 13:50:00,558.33,558.4,558.33,558.4,0.01,134.66,75851.98,1
2024-11-26,2024-11-26 13:51:00,558.4,558.47,558.4,558.47,0.01,134.66,75851.98,1
2024-11-26,2024-11-26 13:52:00,558.47,558.53,558.47,558.53,0.01,134.66,75851.98,1
2024-11-26,2024-11-26 13:53:00,558.53,558.6,558.53,558.6,0.01,134.66,75851.98,1
2024-11-26,2024-11-26 13:54:00,558.6,558.67,558.6,558.67,0.01,134.66,75851.98,1
2024-11-26,2024-11-26 13:55:00,558.67,558.73,558.67,558.73,0.01,134.66,75851.98,1
2024-11-26,2024-11-26 13:56:00,558.73,558.8,558.73,558.8,0.01,134.66,75851.98,1
2024-11-26,2024-11-26 13:57:00,558.8,558.87,558.8,558.87,0.01,134.66,75851.98,1
2024-11-26,2024-11-26 13:58:00,558.87,558.93,558.87,558.93,0.01,134.66,75851.98,1
2024-11-26,2024-11-26 13:59:00,558.93,559.0,558.93,559.0,0.01,134.66,75851.98,1
2024-11-26,2024-11-26 14:00:00,559.0,559.07,559.0,559.07,0.01,134.66,75851.98,1
2024-11-26,2024-11-26 14:01:00,559.07,559.13,559.07,559.13,0.01,134.66,75851.98,1
2024-11-26,2024-11-26 14:02:00,559.13,559.2,559.13,559.2,0.01,134.66,75851.98,1
2024-11-26,2024-11-26 14:03:00,559.2,559.27,559.2,559.27,0.01,134.66,75851.98,1
2024-11-26,2024-11-26 14:04:00,559.27,559.33,559.27,559.33,0.01,134.66,75851.98,1
2024-11-26,2024-11-26 14:05:00,559.33,559.4,559.33,559.4,0.01,134.66,75851.98,1
2024-11-26,2024-11-26 14:06:00,559.4,559.47,559.4,559.47,0.01,134.66,75851.98,1
2024-11-26,2024-11-26 14:07:00,559.47,559.53,559.47,559.53,0.01,134.66,75851.98,1
2024-11-26,2024-11-26 14:08:00,559.53,559.6,559.53,559.6,0.01,134.66,75851.98,1
2024-11-26,2024-11-26 14:09:00,559.6,559.67,559.6,559.67,0.01,134.66,75851.98,1
2024-11-26,2024-11-26 14:10:00,559.67,559.73,559.67,559.73,0.01,134.66,75851.98,1
2024-11-26,2024-11-26 14:11:00,559.73,559.8,559.73,559.8,0.01,134.66,75851.98,1
2024-11-26,2024-11-26 14:12:00,559.8,559.87,559.8,559.87,0.01,134.66,75851.98,1
2024-11-26,2024-11-26 14:13:00,559.87,559.93,559.87,559.93,0.01,134.66,75851.98,1
2024-11-26,2024-11-26 14:14:00,559.93,560.0,559.93,560.0,0.01,134.66,75851.98,1
2024-11-26,2024-11-26 14:15:00,560.0,560.07,560.0,560.07,0.01,134.66,75851.98,1
2024-11-26,2024-11-26 14:16:00,560.07,560.13,560.07,560.13,0.01,134.66,75851.98,1
2024-11-26,2024-11-26 14:17:00,560.13,560.2,560.13,560.2,0.01,134.66,75851.98,1
2024-11-26,2024-11-26 14:18:00,560.2,560.27,560.2,560.27,0.01,134.66,75851.98,1
2024-11-26,2024-11-26 14:19:00,560.27,560.33,560.27,560.33,0.01,134.66,75851.98,1
2024-11-26,2024-11-26 14:20:00,560.33,560.4,560.33,560.4,0.01,134.66,75851.98,1
2024-11-26,2024-11-26 14:21:00,560.4,560.47,560.4,560.47,0.01,134.66,75851.98,1
2024-11-26,2024-11-26 14:22:00,560.47,560.53,560.47,560.53,0.01,134.66,75851.98,1
2024-11-26,2024-11-26 14:23:00,560.53,560.6,560.53,560.6,0.01,134.66,75851.98,1
2024-11-26,2024-11-26 14:24:00,560.6,560.67,560.6,560.67,0.01,134.66,75851.98,1
2024-11-26,2024-11-26 14:25:00,560.67,560.73,560.67,560.73,0.01,134.66,75851.98,1
2024-11-26,2024-11-26 14:26:00,560.73,560.8,560.73,560.8,0.01,134.66,75851.98,1
2024-11-26,2024-11-26 14:27:00,560.8,560.87,560.8,560.87,0.01,134.66,75851.98,1
2024-11-26,2024-11-26 14:28:00,560.87,560.93,560.87,560.93,0.01,134.66,75851.98,1
2024-11-26,2024-11-26 14:29:00,560.93,561.0,560.93,561.0,0.01,134.66,75851.98,1
2024-11-26,2024-11-26 14:30:00,561.0,561.07,561.0,561.07,0.01,134.66,75851.98,1
2024-11-26,2024-11-26 14:31:00,561.07,561.13,561.07,561.13,0.01,134.66,75851.98,1
2024-11-26,2024-11-26 14:32:00,561.13,561.2,561.13,561.2,0.01,134.66,75851.98,1
2024-11-26,2024-11-26 14:33:00,561.2,561.27,561.2,561.27,0.01,134.66,75851.98,1
2024-11-26,2024-11-26 14:34:00,561.27,561.33,561.27,561.33,0.01,134.66,75851.98,1
2024-11-26,2024-11-26 14:35:00,561.33,561.4,561.33,561.4,0.01,134.66,75851.98,1
2024-11-26,2024-11-26 14:36:00,561.4,561.47,561.4,561.47,0.01,134.66,75851.98,1
2024-11-26,2024-11-26 14:37:00,561.47,561.53,561.47,561.53,0.01,134.66,75851.98,1
2024-11-26,2024-11-26 14:38:00,561.53,561.6,561.53,561.6,0.01,134.66,75851.98,1
2024-11-26,2024-11-26 14:39:00,561.6,561.67,561.6,561.67,0.01,134.66,75851.98,1
2024-11-26,2024-11-26 14:40:00,561.67,561.73,561.67,561.73,0.01,134.66,75851.98,1
2024-11-26,2024-11-26 14:41:00,561.73,561.8,561.73,561.8,0.01,134.66,75851.98,1
2024-11-26,2024-11-26 14:42:00,561.8,561.87,561.8,561.87,0.01,134.66,75851.98,1
2024-11-26,2024-11-26 14:43:00,561.87,561.93,561.87,561.93,0.01,134.66,75851.98,1
2024-11-26,2024-11-26 14:44:00,561.93,562.0,561.93,562.0,0.01,134.66,75851.98,1
2024-11-26,2024-11-26 14:45:00,562.0,562.07,562.0,562.07,0.01,134.66,75851.98,1
2024-11-26,2024-11-26 14:46:00,562.07,562.13,562.07,562.13,0.01,134.66,75851.98,1
2024-11-26,2024-11-26 14:47:00,562.13,562.2,562.13,562.2,0.01,134.66,75851.98,1
2024-11-26,2024-11-26 14:48:00,562.2,562.27,562.2,562.27,0.01,134.66,75851.98,1
2024-11-26,2024-11-26 14:49:00,562.27,562.33,562.27,562.33,0.01,134.66,75851.98,1
2024-11-26,2024-11-26 14:50:00,562.33,562.4,562.33,562.4,0.01,134.66,75851.98,1
2024-11-26,2024-11-26 14:51:00,562.4,562.47,562.4,562.47,0.01,134.66,75851.98,1
2024-11-26,2024-11-26 14:52:00,562.47,562.53,562.47,562.53,0.01,134.66,75851.98,1
2024-11-26,2024-11-26 14:53:00,562.53,562.6,562.53,562.6,0.01,134.66,75851.98,1
2024-11-26,2024-11-26 14:54:00,562.6,562.67,562.6,562.67,0.01,134.66,75851.98,1
2024-11-26,2024-11-26 14:55:00,562.67,562.73,562.67,562.73,0.01,134.66,75851.98,1
2024-11-26,2024-11-26 14:56:00,562.73,562.8,562.73,562.8,0.01,134.66,75851.98,1
2024-11-26,2024-11-26 14:57:00,562.8,562.87,562.8,562.87,0.01,134.66,75851.98,1
2024-11-26,2024-11-26 14:58:00,562.87,562.93,562.87,562.93,0.01,134.66,75851.98,1
2024-11-26,2024-11-26 14:59:00,562.93,563.0,562.93,563.0,0.01,134.66,75851.98,1
2024-11-26,2024-11-26 15:00:00,563.0,571.0,547.0,563.0,0.0,134.66,75851.98,0
2024-11-27,2024-11-27 11:00:00,555.0,564.9,555.0,555.07,0.01,149.76,85998.4,1
2024-11-27,2024-11-27 11:01:00,555.07,555.14,555.07,555.14,0.01,149.76,85998.4,1
2024-11-27,2024-11-27 11:02:00,555.14,555.22,555.14,555.22,0.01,149.76,85998.4,1
2024-11-27,2024-11-27 11:03:00,555.22,555.29,555.22,555.29,0.01,149.76,85998.4,1
2024-11-27,2024-11-27 11:04:00,555.29,555.36,555.29,555.36,0.01,149.76,85998.4,1
2024-11-27,2024-11-27 11:05:00,555.36,555.43,555.36,555.43,0.01,149.76,85998.4,1
2024-11-27,2024-11-27 11:06:00,555.43,555.51,555.43,555.51,0.01,149.76,85998.4,1
2024-11-27,2024-11-27 11:07:00,555.51,555.58,555.51,555.58,0.01,149.76,85998.4,1
2024-11-27,2024-11-27 11:08:00,555.58,555.65,555.58,555.65,0.01,149.76,85998.4,1
2024-11-27,2024-11-27 11:09:00,555.65,555.73,555.65,555.73,0.01,149.76,85998.4,1
2024-11-27,2024-11-27 11:10:00,555.73,555.8,555.73,555.8,0.01,149.76,85998.4,1
2024-11-27,2024-11-27 11:11:00,555.8,555.87,555.8,555.87,0.01,149.76,85998.4,1
2024-11-27,2024-11-27 11:12:00,555.87,555.94,555.87,555.94,0.01,149.76,85998.4,1
2024-11-27,2024-11-27 11:13:00,555.94,556.01,555.94,556.01,0.01,149.76,85998.4,1
2024-11-27,2024-11-27 11:14:00,556.01,556.09,556.01,556.09,0.01,149.76,85998.4,1
2024-11-27,2024-11-27 11:15:00,556.09,556.16,556.09,556.16,0.01,149.76,85998.4,1
2024-11-27,2024-11-27 11:16:00,556.16,556.23,556.16,556.23,0.01,149.76,85998.4,1
2024-11-27,2024-11-27 11:17:00,556.23,556.3,556.23,556.3,0.01,149.76,85998.4,1
2024-11-27,2024-11-27 11:18:00,556.3,556.38,556.3,556.38,0.01,149.76,85998.4,1
2024-11-27,2024-11-27 11:19:00,556.38,556.45,556.38,556.45,0.01,149.76,85998.4,1
2024-11-27,2024-11-27 11:20:00,556.45,556.52,556.45,556.52,0.01,149.76,85998.4,1
2024-11-27,2024-11-27 11:21:00,556.52,556.6,556.52,556.6,0.01,149.76,85998.4,1
2024-11-27,2024-11-27 11:22:00,556.6,556.67,556.6,556.67,0.01,149.76,85998.4,1
2024-11-27,2024-11-27 11:23:00,556.67,556.74,556.67,556.74,0.01,149.76,85998.4,1
2024-11-27,2024-11-27 11:24:00,556.74,556.81,556.74,556.81,0.01,149.76,85998.4,1
2024-11-27,2024-11-27 11:25:00,556.81,556.88,556.81,556.88,0.01,149.76,85998.4,1
2024-11-27,2024-11-27 11:26:00,556.88,556.96,556.88,556.96,0.01,149.76,85998.4,1
2024-11-27,2024-11-27 11:27:00,556.96,557.03,556.96,557.03,0.01,149.76,85998.4,1
2024-11-27,2024-11-27 11:28:00,557.03,557.1,557.03,557.1,0.01,149.76,85998.4,1
2024-11-27,2024-11-27 11:29:00,557.1,557.17,557.1,557.17,0.01,149.76,85998.4,1
2024-11-27,2024-11-27 11:30:00,557.17,557.25,557.17,557.25,0.01,149.76,85998.4,1
2024-11-27,2024-11-27 11:31:00,557.25,557.32,557.25,557.32,0.01,149.76,85998.4,1
2024-11-27,2024-11-27 11:32:00,557.32,557.39,557.32,557.39,0.01,149.76,85998.4,1
2024-11-27,2024-11-27 11:33:00,557.39,557.47,557.39,557.47,0.01,149.76,85998.4,1
2024-11-27,2024-11-27 11:34:00,557.47,557.54,557.47,557.54,0.01,149.76,85998.4,1
2024-11-27,2024-11-27 11:35:00,557.54,557.61,557.54,557.61,0.01,149.76,85998.4,1
2024-11-27,2024-11-27 11:36:00,557.61,557.68,557.61,557.68,0.01,149.76,85998.4,1
2024-11-27,2024-11-27 11:37:00,557.68,557.75,557.68,557.75,0.01,149.76,85998.4,1
2024-11-27,2024-11-27 11:38:00,557.75,557.83,557.75,557.83,0.01,149.76,85998.4,1
2024-11-27,2024-11-27 11:39:00,557.83,557.9,557.83,557.9,0.01,149.76,85998.4,1
2024-11-27,2024-11-27 11:40:00,557.9,557.97,557.9,557.97,0.01,149.76,85998.4,1
2024-11-27,2024-11-27 11:41:00,557.97,558.04,557.97,558.04,0.01,149.76,85998.4,1
2024-11-27,2024-11-27 11:42:00,558.04,558.12,558.04,558.12,0.01,149.76,85998.4,1
2024-11-27,2024-11-27 11:43:00,558.12,558.19,558.12,558.19,0.01,149.76,85998.4,1
2024-11-27,2024-11-27 11:44:00,558.19,558.26,558.19,558.26,0.01,149.76,85998.4,1
2024-11-27,2024-11-27 11:45:00,558.26,558.34,558.26,558.34,0.01,149.76,85998.4,1
2024-11-27,2024-11-27 11:46:00,558.34,558.41,558.34,558.41,0.01,149.76,85998.4,1
2024-11-27,2024-11-27 11:47:00,558.41,558.48,558.41,558.48,0.01,149.76,85998.4,1
2024-11-27,2024-11-27 11:48:00,558.48,558.55,558.48,558.55,0.01,149.76,85998.4,1
2024-11-27,2024-11-27 11:49:00,558.55,558.62,558.55,558.62,0.01,149.76,85998.4,1
2024-11-27,2024-11-27 11:50:00,558.62,558.7,558.62,558.7,0.01,149.76,85998.4,1
2024-11-27,2024-11-27 11:51:00,558.7,558.77,558.7,558.77,0.01,149.76,85998.4,1
2024-11-27,2024-11-27 11:52:00,558.77,558.84,558.77,558.84,0.01,149.76,85998.4,1
2024-11-27,2024-11-27 11:53:00,558.84,558.91,558.84,558.91,0.01,149.76,85998.4,1
2024-11-27,2024-11-27 11:54:00,558.91,558.99,558.91,558.99,0.01,149.76,85998.4,1
2024-11-27,2024-11-27 11:55:00,558.99,559.06,558.99,559.06,0.01,149.76,85998.4,1
2024-11-27,2024-11-27 11:56:00,559.06,559.13,559.06,559.13,0.01,149.76,85998.4,1
2024-11-27,2024-11-27 11:57:00,559.13,559.21,559.13,559.21,0.01,149.76,85998.4,1
2024-11-27,2024-11-27 11:58:00,559.21,559.28,559.21,559.28,0.01,149.76,85998.4,1
2024-11-27,2024-11-27 11:59:00,559.28,559.35,559.28,559.35,0.01,149.76,85998.4,1
2024-11-27,2024-11-27 12:00:00,559.35,559.42,559.35,559.42,0.01,149.76,85998.4,1
2024-11-27,2024-11-27 12:01:00,559.42,559.5,559.42,559.5,0.01,149.76,85998.4,1
2024-11-27,2024-11-27 12:02:00,559.5,559.57,559.5,559.57,0.01,149.76,85998.4,1
2024-11-27,2024-11-27 12:03:00,559.57,559.64,559.57,559.64,0.01,149.76,85998.4,1
2024-11-27,2024-11-27 12:04:00,559.64,559.71,559.64,559.71,0.01,149.76,85998.4,1
2024-11-27,2024-11-27 12:05:00,559.71,559.78,559.71,559.78,0.01,149.76,85998.4,1
2024-11-27,2024-11-27 12:06:00,559.78,559.86,559.78,559.86,0.01,149.76,85998.4,1
2024-11-27,2024-11-27 12:07:00,559.86,559.93,559.86,559.93,0.01,149.76,85998.4,1
2024-11-27,2024-11-27 12:08:00,559.93,560.0,559.93,560.0,0.01,149.76,85998.4,1
2024-11-27,2024-11-27 12:09:00,560.0,560.08,560.0,560.08,0.01,149.76,85998.4,1
2024-11-27,2024-11-27 12:10:00,560.08,560.15,560.08,560.15,0.01,149.76,85998.4,1
2024-11-27,2024-11-27 12:11:00,560.15,560.22,560.15,560.22,0.01,149.76,85998.4,1
2024-11-27,2024-11-27 12:12:00,560.22,560.29,560.22,560.29,0.01,149.76,85998.4,1
2024-11-27,2024-11-27 12:13:00,560.29,560.37,560.29,560.37,0.01,149.76,85998.4,1
2024-11-27,2024-11-27 12:14:00,560.37,560.44,560.37,560.44,0.01,149.76,85998.4,1
2024-11-27,2024-11-27 12:15:00,560.44,560.51,560.44,560.51,0.01,149.76,85998.4,1
2024-11-27,2024-11-27 12:16:00,560.51,560.58,560.51,560.58,0.01,149.76,85998.4,1
2024-11-27,2024-11-27 12:17:00,560.58,560.65,560.58,560.65,0.01,149.76,85998.4,1
2024-11-27,2024-11-27 12:18:00,560.65,560.73,560.65,560.73,0.01,149.76,85998.4,1
2024-11-27,2024-11-27 12:19:00,560.73,560.8,560.73,560.8,0.01,149.76,85998.4,1
2024-11-27,2024-11-27 12:20:00,560.8,560.87,560.8,560.87,0.01,149.76,85998.4,1
2024-11-27,2024-11-27 12:21:00,560.87,560.94,560.87,560.94,0.01,149.76,85998.4,1
2024-11-27,2024-11-27 12:22:00,560.94,561.02,560.94,561.02,0.01,149.76,85998.4,1
2024-11-27,2024-11-27 12:23:00,561.02,561.09,561.02,561.09,0.01,149.76,85998.4,1
2024-11-27,2024-11-27 12:24:00,561.09,561.16,561.09,561.16,0.01,149.76,85998.4,1
2024-11-27,2024-11-27 12:25:00,561.16,561.24,561.16,561.24,0.01,149.76,85998.4,1
2024-11-27,2024-11-27 12:26:00,561.24,561.31,561.24,561.31,0.01,149.76,85998.4,1
2024-11-27,2024-11-27 12:27:00,561.31,561.38,561.31,561.38,0.01,149.76,85998.4,1
2024-11-27,2024-11-27 12:28:00,561.38,561.45,561.38,561.45,0.01,149.76,85998.4,1
2024-11-27,2024-11-27 12:29:00,561.45,561.52,561.45,561.52,0.01,149.76,85998.4,1
2024-11-27,2024-11-27 12:30:00,561.52,561.6,561.52,561.6,0.01,149.76,85998.4,1
2024-11-27,2024-11-27 12:31:00,561.6,561.67,561.6,561.67,0.01,149.76,85998.4,1
2024-11-27,2024-11-27 12:32:00,561.67,561.74,561.67,561.74,0.01,149.76,85998.4,1
2024-11-27,2024-11-27 12:33:00,561.74,561.81,561.74,561.81,0.01,149.76,85998.4,1
2024-11-27,2024-11-27 12:34:00,561.81,561.89,561.81,561.89,0.01,149.76,85998.4,1
2024-11-27,2024-11-27 12:35:00,561.89,561.96,561.89,561.96,0.01,149.76,85998.4,1
2024-11-27,2024-11-27 12:36:00,561.96,562.03,561.96,562.03,0.01,149.76,85998.4,1
2024-11-27,2024-11-27 12:37:00,562.03,562.11,562.03,562.11,0.01,149.76,85998.4,1
2024-11-27,2024-11-27 12:38:00,562.11,562.18,562.11,562.18,0.01,149.76,85998.4,1
2024-11-27,2024-11-27 12:39:00,562.18,562.25,562.18,562.25,0.01,149.76,85998.4,1
2024-11-27,2024-11-27 12:40:00,562.25,562.32,562.25,562.32,0.01,149.76,85998.4,1
2024-11-27,2024-11-27 12:41:00,562.32,562.39,562.32,562.39,0.01,149.76,85998.4,1
2024-11-27,2024-11-27 12:42:00,562.39,562.47,562.39,562.47,0.01,149.76,85998.4,1
2024-11-27,2024-11-27 12:43:00,562.47,562.54,562.47,562.54,0.01,149.76,85998.4,1
2024-11-27,2024-11-27 12:44:00,562.54,562.61,562.54,562.61,0.01,149.76,85998.4,1
2024-11-27,2024-11-27 12:45:00,562.61,562.68,562.61,562.68,0.01,149.76,85998.4,1
2024-11-27,2024-11-27 12:46:00,562.68,562.76,562.68,562.76,0.01,149.76,85998.4,1
2024-11-27,2024-11-27 12:47:00,562.76,562.83,562.76,562.83,0.01,149.76,85998.4,1
2024-11-27,2024-11-27 12:48:00,562.83,562.9,562.83,562.9,0.01,149.76,85998.4,1
2024-11-27,2024-11-27 12:49:00,562.9,562.98,562.9,562.98,0.01,149.76,85998.4,1
2024-11-27,2024-11-27 12:50:00,562.98,563.05,562.98,563.05,0.01,149.76,85998.4,1
2024-11-27,2024-11-27 12:51:00,563.05,563.12,563.05,563.12,0.01,149.76,85998.4,1
2024-11-27,2024-11-27 12:52:00,563.12,563.19,563.12,563.19,0.01,149.76,85998.4,1
2024-11-27,2024-11-27 12:53:00,563.19,563.26,563.19,563.26,0.01,149.76,85998.4,1
2024-11-27,2024-11-27 12:54:00,563.26,563.34,563.26,563.34,0.01,149.76,85998.4,1
2024-11-27,2024-11-27 12:55:00,563.34,563.41,563.34,563.41,0.01,149.76,85998.4,1
2024-11-27,2024-11-27 12:56:00,563.41,563.48,563.41,563.48,0.01,149.76,85998.4,1
2024-11-27,2024-11-27 12:57:00,563.48,563.55,563.48,563.55,0.01,149.76,85998.4,1
2024-11-27,2024-11-27 12:58:00,563.55,563.63,563.55,563.63,0.01,149.76,85998.4,1
2024-11-27,2024-11-27 12:59:00,563.63,563.7,563.63,563.7,0.01,149.76,85998.4,1
2024-11-27,2024-11-27 13:00:00,563.7,588.0,555.0,563.77,0.01,149.76,85998.4,1
2024-11-27,2024-11-27 13:01:00,563.77,563.85,563.77,563.85,0.01,149.76,85998.4,1
2024-11-27,2024-11-27 13:02:00,563.85,563.92,563.85,563.92,0.01,149.76,85998.4,1
2024-11-27,2024-11-27 13:03:00,563.92,563.99,563.92,563.99,0.01,149.76,85998.4,1
2024-11-27,2024-11-27 13:04:00,563.99,564.06,563.99,564.06,0.01,149.76,85998.4,1
2024-11-27,2024-11-27 13:05:00,564.06,564.13,564.06,564.13,0.01,149.76,85998.4,1
2024-11-27,2024-11-27 13:06:00,564.13,564.21,564.13,564.21,0.01,149.76,85998.4,1
2024-11-27,2024-11-27 13:07:00,564.21,564.28,564.21,564.28,0.01,149.76,85998.4,1
2024-11-27,2024-11-27 13:08:00,564.28,564.35,564.28,564.35,0.01,149.76,85998.4,1
2024-11-27,2024-11-27 13:09:00,564.35,564.42,564.35,564.42,0.01,149.76,85998.4,1
2024-11-27,2024-11-27 13:10:00,564.42,564.5,564.42,564.5,0.01,149.76,85998.4,1
2024-11-27,2024-11-27 13:11:00,564.5,564.57,564.5,564.57,0.01,149.76,85998.4,1
2024-11-27,2024-11-27 13:12:00,564.57,564.64,564.57,564.64,0.01,149.76,85998.4,1
2024-11-27,2024-11-27 13:13:00,564.64,564.72,564.64,564.72,0.01,149.76,85998.4,1
2024-11-27,2024-11-27 13:14:00,564.72,564.79,564.72,564.79,0.01,149.76,85998.4,1
2024-11-27,2024-11-27 13:15:00,564.79,564.86,564.79,564.86,0.01,149.76,85998.4,1
2024-11-27,2024-11-27 13:16:00,564.86,564.93,564.86,564.93,0.01,149.76,85998.4,1
2024-11-27,2024-11-27 13:17:00,564.93,565.0,564.93,565.0,0.01,149.76,85998.4,1
2024-11-27,2024-11-27 13:18:00,565.0,565.08,565.0,565.08,0.01,149.76,85998.4,1
2024-11-27,2024-11-27 13:19:00,565.08,565.15,565.08,565.15,0.01,149.76,85998.4,1
2024-11-27,2024-11-27 13:20:00,565.15,565.22,565.15,565.22,0.01,149.76,85998.4,1
2024-11-27,2024-11-27 13:21:00,565.22,565.29,565.22,565.29,0.01,149.76,85998.4,1
2024-11-27,2024-11-27 13:22:00,565.29,565.37,565.29,565.37,0.01,149.76,85998.4,1
2024-11-27,2024-11-27 13:23:00,565.37,565.44,565.37,565.44,0.01,149.76,85998.4,1
2024-11-27,2024-11-27 13:24:00,565.44,565.51,565.44,565.51,0.01,149.76,85998.4,1
2024-11-27,2024-11-27 13:25:00,565.51,565.59,565.51,565.59,0.01,149.76,85998.4,1
2024-11-27,2024-11-27 13:26:00,565.59,565.66,565.59,565.66,0.01,149.76,85998.4,1
2024-11-27,2024-11-27 13:27:00,565.66,565.73,565.66,565.73,0.01,149.76,85998.4,1
2024-11-27,2024-11-27 13:28:00,565.73,565.8,565.73,565.8,0.01,149.76,85998.4,1
2024-11-27,2024-11-27 13:29:00,565.8,565.88,565.8,565.88,0.01,149.76,85998.4,1
2024-11-27,2024-11-27 13:30:00,565.88,565.95,565.88,565.95,0.01,149.76,85998.4,1
2024-11-27,2024-11-27 13:31:00,565.95,566.02,565.95,566.02,0.01,149.76,85998.4,1
2024-11-27,2024-11-27 13:32:00,566.02,566.09,566.02,566.09,0.01,149.76,85998.4,1
2024-11-27,2024-11-27 13:33:00,566.09,566.16,566.09,566.16,0.01,149.76,85998.4,1
2024-11-27,2024-11-27 13:34:00,566.16,566.24,566.16,566.24,0.01,149.76,85998.4,1
2024-11-27,2024-11-27 13:35:00,566.24,566.31,566.24,566.31,0.01,149.76,85998.4,1
2024-11-27,2024-11-27 13:36:00,566.31,566.38,566.31,566.38,0.01,149.76,85998.4,1
2024-11-27,2024-11-27 13:37:00,566.38,566.45,566.38,566.45,0.01,149.76,85998.4,1
2024-11-27,2024-11-27 13:38:00,566.45,566.53,566.45,566.53,0.01,149.76,85998.4,1
2024-11-27,2024-11-27 13:39:00,566.53,566.6,566.53,566.6,0.01,149.76,85998.4,1
2024-11-27,2024-11-27 13:40:00,566.6,566.67,566.6,566.67,0.01,149.76,85998.4,1
2024-11-27,2024-11-27 13:41:00,566.67,566.75,566.67,566.75,0.01,149.76,85998.4,1
2024-11-27,2024-11-27 13:42:00,566.75,566.82,566.75,566.82,0.01,149.76,85998.4,1
2024-11-27,2024-11-27 13:43:00,566.82,566.89,566.82,566.89,0.01,149.76,85998.4,1
2024-11-27,2024-11-27 13:44:00,566.89,566.96,566.89,566.96,0.01,149.76,85998.4,1
2024-11-27,2024-11-27 13:45:00,566.96,567.03,566.96,567.03,0.01,149.76,85998.4,1
2024-11-27,2024-11-27 13:46:00,567.03,567.11,567.03,567.11,0.01,149.76,85998.4,1
2024-11-27,2024-11-27 13:47:00,567.11,567.18,567.11,567.18,0.01,149.76,85998.4,1
2024-11-27,2024-11-27 13:48:00,567.18,567.25,567.18,567.25,0.01,149.76,85998.4,1
2024-11-27,2024-11-27 13:49:00,567.25,567.32,567.25,567.32,0.01,149.76,85998.4,1
2024-11-27,2024-11-27 13:50:00,567.32,567.4,567.32,567.4,0.01,149.76,85998.4,1
2024-11-27,2024-11-27 13:51:00,567.4,567.47,567.4,567.47,0.01,149.76,85998.4,1
2024-11-27,2024-11-27 13:52:00,567.47,567.54,567.47,567.54,0.01,149.76,85998.4,1
2024-11-27,2024-11-27 13:53:00,567.54,567.62,567.54,567.62,0.01,149.76,85998.4,1
2024-11-27,2024-11-27 13:54:00,567.62,567.69,567.62,567.69,0.01,149.76,85998.4,1
2024-11-27,2024-11-27 13:55:00,567.69,567.76,567.69,567.76,0.01,149.76,85998.4,1
2024-11-27,2024-11-27 13:56:00,567.76,567.83,567.76,567.83,0.01,149.76,85998.4,1
2024-11-27,2024-11-27 13:57:00,567.83,567.9,567.83,567.9,0.01,149.76,85998.4,1
2024-11-27,2024-11-27 13:58:00,567.9,567.98,567.9,567.98,0.01,149.76,85998.4,1
2024-11-27,2024-11-27 13:59:00,567.98,568.05,567.98,568.05,0.01,149.76,85998.4,1
2024-11-27,2024-11-27 14:00:00,568.05,568.12,568.05,568.12,0.01,149.76,85998.4,1
2024-11-27,2024-11-27 14:01:00,568.12,568.19,568.12,568.19,0.01,149.76,85998.4,1
2024-11-27,2024-11-27 14:02:00,568.19,568.27,568.19,568.27,0.01,149.76,85998.4,1
2024-11-27,2024-11-27 14:03:00,568.27,568.34,568.27,568.34,0.01,149.76,85998.4,1
2024-11-27,2024-11-27 14:04:00,568.34,568.41,568.34,568.41,0.01,149.76,85998.4,1
2024-11-27,2024-11-27 14:05:00,568.41,568.49,568.41,568.49,0.01,149.76,85998.4,1
2024-11-27,2024-11-27 14:06:00,568.49,568.56,568.49,568.56,0.01,149.76,85998.4,1
2024-11-27,2024-11-27 14:07:00,568.56,568.63,568.56,568.63,0.01,149.76,85998.4,1
2024-11-27,2024-11-27 14:08:00,568.63,568.7,568.63,568.7,0.01,149.76,85998.4,1
2024-11-27,2024-11-27 14:09:00,568.7,568.77,568.7,568.77,0.01,149.76,85998.4,1
2024-11-27,2024-11-27 14:10:00,568.77,568.85,568.77,568.85,0.01,149.76,85998.4,1
2024-11-27,2024-11-27 14:11:00,568.85,568.92,568.85,568.92,0.01,149.76,85998.4,1
2024-11-27,2024-11-27 14:12:00,568.92,568.99,568.92,568.99,0.01,149.76,85998.4,1
2024-11-27,2024-11-27 14:13:00,568.99,569.06,568.99,569.06,0.01,149.76,85998.4,1
2024-11-27,2024-11-27 14:14:00,569.06,569.14,569.06,569.14,0.01,149.76,85998.4,1
2024-11-27,2024-11-27 14:15:00,569.14,569.21,569.14,569.21,0.01,149.76,85998.4,1
2024-11-27,2024-11-27 14:16:00,569.21,569.28,569.21,569.28,0.01,149.76,85998.4,1
2024-11-27,2024-11-27 14:17:00,569.28,569.36,569.28,569.36,0.01,149.76,85998.4,1
2024-11-27,2024-11-27 14:18:00,569.36,569.43,569.36,569.43,0.01,149.76,85998.4,1
2024-11-27,2024-11-27 14:19:00,569.43,569.5,569.43,569.5,0.01,149.76,85998.4,1
2024-11-27,2024-11-27 14:20:00,569.5,569.57,569.5,569.57,0.01,149.76,85998.4,1
2024-11-27,2024-11-27 14:21:00,569.57,569.64,569.57,569.64,0.01,149.76,85998.4,1
2024-11-27,2024-11-27 14:22:00,569.64,569.72,569.64,569.72,0.01,149.76,85998.4,1
2024-11-27,2024-11-27 14:23:00,569.72,569.79,569.72,569.79,0.01,149.76,85998.4,1
2024-11-27,2024-11-27 14:24:00,569.79,569.86,569.79,569.86,0.01,149.76,85998.4,1
2024-11-27,2024-11-27 14:25:00,569.86,569.93,569.86,569.93,0.01,149.76,85998.4,1
2024-11-27,2024-11-27 14:26:00,569.93,570.01,569.93,570.01,0.01,149.76,85998.4,1
2024-11-27,2024-11-27 14:27:00,570.01,570.08,570.01,570.08,0.01,149.76,85998.4,1
2024-11-27,2024-11-27 14:28:00,570.08,570.15,570.08,570.15,0.01,149.76,85998.4,1
2024-11-27,2024-11-27 14:29:00,570.15,570.23,570.15,570.23,0.01,149.76,85998.4,1
2024-11-27,2024-11-27 14:30:00,570.23,570.3,570.23,570.3,0.01,149.76,85998.4,1
2024-11-27,2024-11-27 14:31:00,570.3,570.37,570.3,570.37,0.01,149.76,85998.4,1
2024-11-27,2024-11-27 14:32:00,570.37,570.44,570.37,570.44,0.01,149.76,85998.4,1
2024-11-27,2024-11-27 14:33:00,570.44,570.51,570.44,570.51,0.01,149.76,85998.4,1
2024-11-27,2024-11-27 14:34:00,570.51,570.59,570.51,570.59,0.01,149.76,85998.4,1
2024-11-27,2024-11-27 14:35:00,570.59,570.66,570.59,570.66,0.01,149.76,85998.4,1
2024-11-27,2024-11-27 14:36:00,570.66,570.73,570.66,570.73,0.01,149.76,85998.4,1
2024-11-27,2024-11-27 14:37:00,570.73,570.8,570.73,570.8,0.01,149.76,85998.4,1
2024-11-27,2024-11-27 14:38:00,570.8,570.88,570.8,570.88,0.01,149.76,85998.4,1
2024-11-27,2024-11-27 14:39:00,570.88,570.95,570.88,570.95,0.01,149.76,85998.4,1
2024-11-27,2024-11-27 14:40:00,570.95,571.02,570.95,571.02,0.01,149.76,85998.4,1
2024-11-27,2024-11-27 14:41:00,571.02,571.1,571.02,571.1,0.01,149.76,85998.4,1
2024-11-27,2024-11-27 14:42:00,571.1,571.17,571.1,571.17,0.01,149.76,85998.4,1
2024-11-27,2024-11-27 14:43:00,571.17,571.24,571.17,571.24,0.01,149.76,85998.4,1
2024-11-27,2024-11-27 14:44:00,571.24,571.31,571.24,571.31,0.01,149.76,85998.4,1
2024-11-27,2024-11-27 14:45:00,571.31,571.38,571.31,571.38,0.01,149.76,85998.4,1
2024-11-27,2024-11-27 14:46:00,571.38,571.46,571.38,571.46,0.01,149.76,85998.4,1
2024-11-27,2024-11-27 14:47:00,571.46,571.53,571.46,571.53,0.01,149.76,85998.4,1
2024-11-27,2024-11-27 14:48:00,571.53,571.6,571.53,571.6,0.01,149.76,85998.4,1
2024-11-27,2024-11-27 14:49:00,571.6,571.67,571.6,571.67,0.01,149.76,85998.4,1
2024-11-27,2024-11-27 14:50:00,571.67,571.75,571.67,571.75,0.01,149.76,85998.4,1
2024-11-27,2024-11-27 14:51:00,571.75,571.82,571.75,571.82,0.01,149.76,85998.4,1
2024-11-27,2024-11-27 14:52:00,571.82,571.89,571.82,571.89,0.01,149.76,85998.4,1
2024-11-27,2024-11-27 14:53:00,571.89,571.97,571.89,571.97,0.01,149.76,85998.4,1
2024-11-27,2024-11-27 14:54:00,571.97,572.04,571.97,572.04,0.01,149.76,85998.4,1
2024-11-27,2024-11-27 14:55:00,572.04,572.11,572.04,572.11,0.01,149.76,85998.4,1
2024-11-27,2024-11-27 14:56:00,572.11,572.18,572.11,572.18,0.01,149.76,85998.4,1
2024-11-27,2024-11-27 14:57:00,572.18,572.25,572.18,572.25,0.01,149.76,85998.4,1
2024-11-27,2024-11-27 14:58:00,572.25,572.33,572.25,572.33,0.01,149.76,85998.4,1
2024-11-27,2024-11-27 14:59:00,572.33,572.4,572.33,572.4,0.01,149.76,85998.4,1
2024-11-27,2024-11-27 15:00:00,572.4,588.0,555.0,572.4,0.0,149.76,85998.4,0
2024-11-28,2024-11-28 11:00:00,565.0,571.87,565.0,565.05,0.01,128.93,74368.46,1
2024-11-28,2024-11-28 11:01:00,565.05,565.09,565.05,565.09,0.01,128.93,74368.46,1
2024-11-28,2024-11-28 11:02:00,565.09,565.14,565.09,565.14,0.01,128.93,74368.46,1
2024-11-28,2024-11-28 11:03:00,565.14,565.18,565.14,565.18,0.01,128.93,74368.46,1
2024-11-28,2024-11-28 11:04:00,565.18,565.23,565.18,565.23,0.01,128.93,74368.46,1
2024-11-28,2024-11-28 11:05:00,565.23,565.27,565.23,565.27,0.01,128.93,74368.46,1
2024-11-28,2024-11-28 11:06:00,565.27,565.32,565.27,565.32,0.01,128.93,74368.46,1
2024-11-28,2024-11-28 11:07:00,565.32,565.37,565.32,565.37,0.01,128.93,74368.46,1
2024-11-28,2024-11-28 11:08:00,565.37,565.41,565.37,565.41,0.01,128.93,74368.46,1
2024-11-28,2024-11-28 11:09:00,565.41,565.46,565.41,565.46,0.01,128.93,74368.46,1
2024-11-28,2024-11-28 11:10:00,565.46,565.5,565.46,565.5,0.01,128.93,74368.46,1
2024-11-28,2024-11-28 11:11:00,565.5,565.55,565.5,565.55,0.01,128.93,74368.46,1
2024-11-28,2024-11-28 11:12:00,565.55,565.6,565.55,565.6,0.01,128.93,74368.46,1
2024-11-28,2024-11-28 11:13:00,565.6,565.64,565.6,565.64,0.01,128.93,74368.46,1
2024-11-28,2024-11-28 11:14:00,565.64,565.69,565.64,565.69,0.01,128.93,74368.46,1
2024-11-28,2024-11-28 11:15:00,565.69,565.73,565.69,565.73,0.01,128.93,74368.46,1
2024-11-28,2024-11-28 11:16:00,565.73,565.78,565.73,565.78,0.01,128.93,74368.46,1
2024-11-28,2024-11-28 11:17:00,565.78,565.83,565.78,565.83,0.01,128.93,74368.46,1
2024-11-28,2024-11-28 11:18:00,565.83,565.87,565.83,565.87,0.01,128.93,74368.46,1
2024-11-28,2024-11-28 11:19:00,565.87,565.92,565.87,565.92,0.01,128.93,74368.46,1
2024-11-28,2024-11-28 11:20:00,565.92,565.96,565.92,565.96,0.01,128.93,74368.46,1
2024-11-28,2024-11-28 11:21:00,565.96,566.01,565.96,566.01,0.01,128.93,74368.46,1
2024-11-28,2024-11-28 11:22:00,566.01,566.05,566.01,566.05,0.01,128.93,74368.46,1
2024-11-28,2024-11-28 11:23:00,566.05,566.1,566.05,566.1,0.01,128.93,74368.46,1
2024-11-28,2024-11-28 11:24:00,566.1,566.15,566.1,566.15,0.01,128.93,74368.46,1
2024-11-28,2024-11-28 11:25:00,566.15,566.19,566.15,566.19,0.01,128.93,74368.46,1
2024-11-28,2024-11-28 11:26:00,566.19,566.24,566.19,566.24,0.01,128.93,74368.46,1
2024-11-28,2024-11-28 11:27:00,566.24,566.28,566.24,566.28,0.01,128.93,74368.46,1
2024-11-28,2024-11-28 11:28:00,566.28,566.33,566.28,566.33,0.01,128.93,74368.46,1
2024-11-28,2024-11-28 11:29:00,566.33,566.38,566.33,566.38,0.01,128.93,74368.46,1
2024-11-28,2024-11-28 11:30:00,566.38,566.42,566.38,566.42,0.01,128.93,74368.46,1
2024-11-28,2024-11-28 11:31:00,566.42,566.47,566.42,566.47,0.01,128.93,74368.46,1
2024-11-28,2024-11-28 11:32:00,566.47,566.51,566.47,566.51,0.01,128.93,74368.46,1
2024-11-28,2024-11-28 11:33:00,566.51,566.56,566.51,566.56,0.01,128.93,74368.46,1
2024-11-28,2024-11-28 11:34:00,566.56,566.6,566.56,566.6,0.01,128.93,74368.46,1
2024-11-28,2024-11-28 11:35:00,566.6,566.65,566.6,566.65,0.01,128.93,74368.46,1
2024-11-28,2024-11-28 11:36:00,566.65,566.7,566.65,566.7,0.01,128.93,74368.46,1
2024-11-28,2024-11-28 11:37:00,566.7,566.74,566.7,566.74,0.01,128.93,74368.46,1
2024-11-28,2024-11-28 11:38:00,566.74,566.79,566.74,566.79,0.01,128.93,74368.46,1
2024-11-28,2024-11-28 11:39:00,566.79,566.83,566.79,566.83,0.01,128.93,74368.46,1
2024-11-28,2024-11-28 11:40:00,566.83,566.88,566.83,566.88,0.01,128.93,74368.46,1
2024-11-28,2024-11-28 11:41:00,566.88,566.92,566.88,566.92,0.01,128.93,74368.46,1
2024-11-28,2024-11-28 11:42:00,566.92,566.97,566.92,566.97,0.01,128.93,74368.46,1
2024-11-28,2024-11-28 11:43:00,566.97,567.02,566.97,567.02,0.01,128.93,74368.46,1
2024-11-28,2024-11-28 11:44:00,567.02,567.06,567.02,567.06,0.01,128.93,74368.46,1
2024-11-28,2024-11-28 11:45:00,567.06,567.11,567.06,567.11,0.01,128.93,74368.46,1
2024-11-28,2024-11-28 11:46:00,567.11,567.15,567.11,567.15,0.01,128.93,74368.46,1
2024-11-28,2024-11-28 11:47:00,567.15,567.2,567.15,567.2,0.01,128.93,74368.46,1
2024-11-28,2024-11-28 11:48:00,567.2,567.25,567.2,567.25,0.01,128.93,74368.46,1
2024-11-28,2024-11-28 11:49:00,567.25,567.29,567.25,567.29,0.01,128.93,74368.46,1
2024-11-28,2024-11-28 11:50:00,567.29,567.34,567.29,567.34,0.01,128.93,74368.46,1
2024-11-28,2024-11-28 11:51:00,567.34,567.38,567.34,567.38,0.01,128.93,74368.46,1
2024-11-28,2024-11-28 11:52:00,567.38,567.43,567.38,567.43,0.01,128.93,74368.46,1
2024-11-28,2024-11-28 11:53:00,567.43,567.48,567.43,567.48,0.01,128.93,74368.46,1
2024-11-28,2024-11-28 11:54:00,567.48,567.52,567.48,567.52,0.01,128.93,74368.46,1
2024-11-28,2024-11-28 11:55:00,567.52,567.57,567.52,567.57,0.01,128.93,74368.46,1
2024-11-28,2024-11-28 11:56:00,567.57,567.61,567.57,567.61,0.01,128.93,74368.46,1
2024-11-28,2024-11-28 11:57:00,567.61,567.66,567.61,567.66,0.01,128.93,74368.46,1
2024-11-28,2024-11-28 11:58:00,567.66,567.7,567.66,567.7,0.01,128.93,74368.46,1
2024-11-28,2024-11-28 11:59:00,567.7,567.75,567.7,567.75,0.01,128.93,74368.46,1
2024-11-28,2024-11-28 12:00:00,567.75,567.8,567.75,567.8,0.01,128.93,74368.46,1
2024-11-28,2024-11-28 12:01:00,567.8,567.84,567.8,567.84,0.01,128.93,74368.46,1
2024-11-28,2024-11-28 12:02:00,567.84,567.89,567.84,567.89,0.01,128.93,74368.46,1
2024-11-28,2024-11-28 12:03:00,567.89,567.93,567.89,567.93,0.01,128.93,74368.46,1
2024-11-28,2024-11-28 12:04:00,567.93,567.98,567.93,567.98,0.01,128.93,74368.46,1
2024-11-28,2024-11-28 12:05:00,567.98,568.02,567.98,568.02,0.01,128.93,74368.46,1
2024-11-28,2024-11-28 12:06:00,568.02,568.07,568.02,568.07,0.01,128.93,74368.46,1
2024-11-28,2024-11-28 12:07:00,568.07,568.12,568.07,568.12,0.01,128.93,74368.46,1
2024-11-28,2024-11-28 12:08:00,568.12,568.16,568.12,568.16,0.01,128.93,74368.46,1
2024-11-28,2024-11-28 12:09:00,568.16,568.21,568.16,568.21,0.01,128.93,74368.46,1
2024-11-28,2024-11-28 12:10:00,568.21,568.25,568.21,568.25,0.01,128.93,74368.46,1
2024-11-28,2024-11-28 12:11:00,568.25,568.3,568.25,568.3,0.01,128.93,74368.46,1
2024-11-28,2024-11-28 12:12:00,568.3,568.35,568.3,568.35,0.01,128.93,74368.46,1
2024-11-28,2024-11-28 12:13:00,568.35,568.39,568.35,568.39,0.01,128.93,74368.46,1
2024-11-28,2024-11-28 12:14:00,568.39,568.44,568.39,568.44,0.01,128.93,74368.46,1
2024-11-28,2024-11-28 12:15:00,568.44,568.48,568.44,568.48,0.01,128.93,74368.46,1
2024-11-28,2024-11-28 12:16:00,568.48,568.53,568.48,568.53,0.01,128.93,74368.46,1
2024-11-28,2024-11-28 12:17:00,568.53,568.58,568.53,568.58,0.01,128.93,74368.46,1
2024-11-28,2024-11-28 12:18:00,568.58,568.62,568.58,568.62,0.01,128.93,74368.46,1
2024-11-28,2024-11-28 12:19:00,568.62,568.67,568.62,568.67,0.01,128.93,74368.46,1
2024-11-28,2024-11-28 12:20:00,568.67,568.71,568.67,568.71,0.01,128.93,74368.46,1
2024-11-28,2024-11-28 12:21:00,568.71,568.76,568.71,568.76,0.01,128.93,74368.46,1
2024-11-28,2024-11-28 12:22:00,568.76,568.8,568.76,568.8,0.01,128.93,74368.46,1
2024-11-28,2024-11-28 12:23:00,568.8,568.85,568.8,568.85,0.01,128.93,74368.46,1
2024-11-28,2024-11-28 12:24:00,568.85,568.9,568.85,568.9,0.01,128.93,74368.46,1
2024-11-28,2024-11-28 12:25:00,568.9,568.94,568.9,568.94,0.01,128.93,74368.46,1
2024-11-28,2024-11-28 12:26:00,568.94,568.99,568.94,568.99,0.01,128.93,74368.46,1
2024-11-28,2024-11-28 12:27:00,568.99,569.03,568.99,569.03,0.01,128.93,74368.46,1
2024-11-28,2024-11-28 12:28:00,569.03,569.08,569.03,569.08,0.01,128.93,74368.46,1
2024-11-28,2024-11-28 12:29:00,569.08,569.12,569.08,569.12,0.01,128.93,74368.46,1
2024-11-28,2024-11-28 12:30:00,569.12,569.17,569.12,569.17,0.01,128.93,74368.46,1
2024-11-28,2024-11-28 12:31:00,569.17,569.22,569.17,569.22,0.01,128.93,74368.46,1
2024-11-28,2024-11-28 12:32:00,569.22,569.26,569.22,569.26,0.01,128.93,74368.46,1
2024-11-28,2024-11-28 12:33:00,569.26,569.31,569.26,569.31,0.01,128.93,74368.46,1
2024-11-28,2024-11-28 12:34:00,569.31,569.35,569.31,569.35,0.01,128.93,74368.46,1
2024-11-28,2024-11-28 12:35:00,569.35,569.4,569.35,569.4,0.01,128.93,74368.46,1
2024-11-28,2024-11-28 12:36:00,569.4,569.45,569.4,569.45,0.01,128.93,74368.46,1
2024-11-28,2024-11-28 12:37:00,569.45,569.49,569.45,569.49,0.01,128.93,74368.46,1
2024-11-28,2024-11-28 12:38:00,569.49,569.54,569.49,569.54,0.01,128.93,74368.46,1
2024-11-28,2024-11-28 12:39:00,569.54,569.58,569.54,569.58,0.01,128.93,74368.46,1
2024-11-28,2024-11-28 12:40:00,569.58,569.63,569.58,569.63,0.01,128.93,74368.46,1
2024-11-28,2024-11-28 12:41:00,569.63,569.67,569.63,569.67,0.01,128.93,74368.46,1
2024-11-28,2024-11-28 12:42:00,569.67,569.72,569.67,569.72,0.01,128.93,74368.46,1
2024-11-28,2024-11-28 12:43:00,569.72,569.77,569.72,569.77,0.01,128.93,74368.46,1
2024-11-28,2024-11-28 12:44:00,569.77,569.81,569.77,569.81,0.01,128.93,74368.46,1
2024-11-28,2024-11-28 12:45:00,569.81,569.86,569.81,569.86,0.01,128.93,74368.46,1
2024-11-28,2024-11-28 12:46:00,569.86,569.9,569.86,569.9,0.01,128.93,74368.46,1
2024-11-28,2024-11-28 12:47:00,569.9,569.95,569.9,569.95,0.01,128.93,74368.46,1
2024-11-28,2024-11-28 12:48:00,569.95,570.0,569.95,570.0,0.01,128.93,74368.46,1
2024-11-28,2024-11-28 12:49:00,570.0,570.04,570.0,570.04,0.01,128.93,74368.46,1
2024-11-28,2024-11-28 12:50:00,570.04,570.09,570.04,570.09,0.01,128.93,74368.46,1
2024-11-28,2024-11-28 12:51:00,570.09,570.13,570.09,570.13,0.01,128.93,74368.46,1
2024-11-28,2024-11-28 12:52:00,570.13,570.18,570.13,570.18,0.01,128.93,74368.46,1
2024-11-28,2024-11-28 12:53:00,570.18,570.23,570.18,570.23,0.01,128.93,74368.46,1
2024-11-28,2024-11-28 12:54:00,570.23,570.27,570.23,570.27,0.01,128.93,74368.46,1
2024-11-28,2024-11-28 12:55:00,570.27,570.32,570.27,570.32,0.01,128.93,74368.46,1
2024-11-28,2024-11-28 12:56:00,570.32,570.36,570.32,570.36,0.01,128.93,74368.46,1
2024-11-28,2024-11-28 12:57:00,570.36,570.41,570.36,570.41,0.01,128.93,74368.46,1
2024-11-28,2024-11-28 12:58:00,570.41,570.45,570.41,570.45,0.01,128.93,74368.46,1
2024-11-28,2024-11-28 12:59:00,570.45,570.5,570.45,570.5,0.01,128.93,74368.46,1
2024-11-28,2024-11-28 13:00:00,570.5,587.9,565.0,570.55,0.01,128.93,74368.46,1
2024-11-28,2024-11-28 13:01:00,570.55,570.59,570.55,570.59,0.01,128.93,74368.46,1
2024-11-28,2024-11-28 13:02:00,570.59,570.64,570.59,570.64,0.01,128.93,74368.46,1
2024-11-28,2024-11-28 13:03:00,570.64,570.68,570.64,570.68,0.01,128.93,74368.46,1
2024-11-28,2024-11-28 13:04:00,570.68,570.73,570.68,570.73,0.01,128.93,74368.46,1
2024-11-28,2024-11-28 13:05:00,570.73,570.77,570.73,570.77,0.01,128.93,74368.46,1
2024-11-28,2024-11-28 13:06:00,570.77,570.82,570.77,570.82,0.01,128.93,74368.46,1
2024-11-28,2024-11-28 13:07:00,570.82,570.87,570.82,570.87,0.01,128.93,74368.46,1
2024-11-28,2024-11-28 13:08:00,570.87,570.91,570.87,570.91,0.01,128.93,74368.46,1
2024-11-28,2024-11-28 13:09:00,570.91,570.96,570.91,570.96,0.01,128.93,74368.46,1
2024-11-28,2024-11-28 13:10:00,570.96,571.0,570.96,571.0,0.01,128.93,74368.46,1
2024-11-28,2024-11-28 13:11:00,571.0,571.05,571.0,571.05,0.01,128.93,74368.46,1
2024-11-28,2024-11-28 13:12:00,571.05,571.1,571.05,571.1,0.01,128.93,74368.46,1
2024-11-28,2024-11-28 13:13:00,571.1,571.14,571.1,571.14,0.01,128.93,74368.46,1
2024-11-28,2024-11-28 13:14:00,571.14,571.19,571.14,571.19,0.01,128.93,74368.46,1
2024-11-28,2024-11-28 13:15:00,571.19,571.23,571.19,571.23,0.01,128.93,74368.46,1
2024-11-28,2024-11-28 13:16:00,571.23,571.28,571.23,571.28,0.01,128.93,74368.46,1
2024-11-28,2024-11-28 13:17:00,571.28,571.33,571.28,571.33,0.01,128.93,74368.46,1
2024-11-28,2024-11-28 13:18:00,571.33,571.37,571.33,571.37,0.01,128.93,74368.46,1
2024-11-28,2024-11-28 13:19:00,571.37,571.42,571.37,571.42,0.01,128.93,74368.46,1
2024-11-28,2024-11-28 13:20:00,571.42,571.46,571.42,571.46,0.01,128.93,74368.46,1
2024-11-28,2024-11-28 13:21:00,571.46,571.51,571.46,571.51,0.01,128.93,74368.46,1
2024-11-28,2024-11-28 13:22:00,571.51,571.55,571.51,571.55,0.01,128.93,74368.46,1
2024-11-28,2024-11-28 13:23:00,571.55,571.6,571.55,571.6,0.01,128.93,74368.46,1
2024-11-28,2024-11-28 13:24:00,571.6,571.65,571.6,571.65,0.01,128.93,74368.46,1
2024-11-28,2024-11-28 13:25:00,571.65,571.69,571.65,571.69,0.01,128.93,74368.46,1
2024-11-28,2024-11-28 13:26:00,571.69,571.74,571.69,571.74,0.01,128.93,74368.46,1
2024-11-28,2024-11-28 13:27:00,571.74,571.78,571.74,571.78,0.01,128.93,74368.46,1
2024-11-28,2024-11-28 13:28:00,571.78,571.83,571.78,571.83,0.01,128.93,74368.46,1
2024-11-28,2024-11-28 13:29:00,571.83,571.88,571.83,571.88,0.01,128.93,74368.46,1
2024-11-28,2024-11-28 13:30:00,571.88,571.92,571.88,571.92,0.01,128.93,74368.46,1
2024-11-28,2024-11-28 13:31:00,571.92,571.97,571.92,571.97,0.01,128.93,74368.46,1
2024-11-28,2024-11-28 13:32:00,571.97,572.01,571.97,572.01,0.01,128.93,74368.46,1
2024-11-28,2024-11-28 13:33:00,572.01,572.06,572.01,572.06,0.01,128.93,74368.46,1
2024-11-28,2024-11-28 13:34:00,572.06,572.1,572.06,572.1,0.01,128.93,74368.46,1
2024-11-28,2024-11-28 13:35:00,572.1,572.15,572.1,572.15,0.01,128.93,74368.46,1
2024-11-28,2024-11-28 13:36:00,572.15,572.2,572.15,572.2,0.01,128.93,74368.46,1
2024-11-28,2024-11-28 13:37:00,572.2,572.24,572.2,572.24,0.01,128.93,74368.46,1
2024-11-28,2024-11-28 13:38:00,572.24,572.29,572.24,572.29,0.01,128.93,74368.46,1
2024-11-28,2024-11-28 13:39:00,572.29,572.33,572.29,572.33,0.01,128.93,74368.46,1
2024-11-28,2024-11-28 13:40:00,572.33,572.38,572.33,572.38,0.01,128.93,74368.46,1
2024-11-28,2024-11-28 13:41:00,572.38,572.42,572.38,572.42,0.01,128.93,74368.46,1
2024-11-28,2024-11-28 13:42:00,572.42,572.47,572.42,572.47,0.01,128.93,74368.46,1
2024-11-28,2024-11-28 13:43:00,572.47,572.52,572.47,572.52,0.01,128.93,74368.46,1
2024-11-28,2024-11-28 13:44:00,572.52,572.56,572.52,572.56,0.01,128.93,74368.46,1
2024-11-28,2024-11-28 13:45:00,572.56,572.61,572.56,572.61,0.01,128.93,74368.46,1
2024-11-28,2024-11-28 13:46:00,572.61,572.65,572.61,572.65,0.01,128.93,74368.46,1
2024-11-28,2024-11-28 13:47:00,572.65,572.7,572.65,572.7,0.01,128.93,74368.46,1
2024-11-28,2024-11-28 13:48:00,572.7,572.75,572.7,572.75,0.01,128.93,74368.46,1
2024-11-28,2024-11-28 13:49:00,572.75,572.79,572.75,572.79,0.01,128.93,74368.46,1
2024-11-28,2024-11-28 13:50:00,572.79,572.84,572.79,572.84,0.01,128.93,74368.46,1
2024-11-28,2024-11-28 13:51:00,572.84,572.88,572.84,572.88,0.01,128.93,74368.46,1
2024-11-28,2024-11-28 13:52:00,572.88,572.93,572.88,572.93,0.01,128.93,74368.46,1
2024-11-28,2024-11-28 13:53:00,572.93,572.98,572.93,572.98,0.01,128.93,74368.46,1
2024-11-28,2024-11-28 13:54:00,572.98,573.02,572.98,573.02,0.01,128.93,74368.46,1
2024-11-28,2024-11-28 13:55:00,573.02,573.07,573.02,573.07,0.01,128.93,74368.46,1
2024-11-28,2024-11-28 13:56:00,573.07,573.11,573.07,573.11,0.01,128.93,74368.46,1
2024-11-28,2024-11-28 13:57:00,573.11,573.16,573.11,573.16,0.01,128.93,74368.46,1
2024-11-28,2024-11-28 13:58:00,573.16,573.2,573.16,573.2,0.01,128.93,74368.46,1
2024-11-28,2024-11-28 13:59:00,573.2,573.25,573.2,573.25,0.01,128.93,74368.46,1
2024-11-28,2024-11-28 14:00:00,573.25,573.3,573.25,573.3,0.01,128.93,74368.46,1
2024-11-28,2024-11-28 14:01:00,573.3,573.34,573.3,573.34,0.01,128.93,74368.46,1
2024-11-28,2024-11-28 14:02:00,573.34,573.39,573.34,573.39,0.01,128.93,74368.46,1
2024-11-28,2024-11-28 14:03:00,573.39,573.43,573.39,573.43,0.01,128.93,74368.46,1
2024-11-28,2024-11-28 14:04:00,573.43,573.48,573.43,573.48,0.01,128.93,74368.46,1
2024-11-28,2024-11-28 14:05:00,573.48,573.52,573.48,573.52,0.01,128.93,74368.46,1
2024-11-28,2024-11-28 14:06:00,573.52,573.57,573.52,573.57,0.01,128.93,74368.46,1
2024-11-28,2024-11-28 14:07:00,573.57,573.62,573.57,573.62,0.01,128.93,74368.46,1
2024-11-28,2024-11-28 14:08:00,573.62,573.66,573.62,573.66,0.01,128.93,74368.46,1
2024-11-28,2024-11-28 14:09:00,573.66,573.71,573.66,573.71,0.01,128.93,74368.46,1
2024-11-28,2024-11-28 14:10:00,573.71,573.75,573.71,573.75,0.01,128.93,74368.46,1
2024-11-28,2024-11-28 14:11:00,573.75,573.8,573.75,573.8,0.01,128.93,74368.46,1
2024-11-28,2024-11-28 14:12:00,573.8,573.85,573.8,573.85,0.01,128.93,74368.46,1
2024-11-28,2024-11-28 14:13:00,573.85,573.89,573.85,573.89,0.01,128.93,74368.46,1
2024-11-28,2024-11-28 14:14:00,573.89,573.94,573.89,573.94,0.01,128.93,74368.46,1
2024-11-28,2024-11-28 14:15:00,573.94,573.98,573.94,573.98,0.01,128.93,74368.46,1
2024-11-28,2024-11-28 14:16:00,573.98,574.03,573.98,574.03,0.01,128.93,74368.46,1
2024-11-28,2024-11-28 14:17:00,574.03,574.08,574.03,574.08,0.01,128.93,74368.46,1
2024-11-28,2024-11-28 14:18:00,574.08,574.12,574.08,574.12,0.01,128.93,74368.46,1
2024-11-28,2024-11-28 14:19:00,574.12,574.17,574.12,574.17,0.01,128.93,74368.46,1
2024-11-28,2024-11-28 14:20:00,574.17,574.21,574.17,574.21,0.01,128.93,74368.46,1
2024-11-28,2024-11-28 14:21:00,574.21,574.26,574.21,574.26,0.01,128.93,74368.46,1
2024-11-28,2024-11-28 14:22:00,574.26,574.3,574.26,574.3,0.01,128.93,74368.46,1
2024-11-28,2024-11-28 14:23:00,574.3,574.35,574.3,574.35,0.01,128.93,74368.46,1
2024-11-28,2024-11-28 14:24:00,574.35,574.4,574.35,574.4,0.01,128.93,74368.46,1
2024-11-28,2024-11-28 14:25:00,574.4,574.44,574.4,574.44,0.01,128.93,74368.46,1
2024-11-28,2024-11-28 14:26:00,574.44,574.49,574.44,574.49,0.01,128.93,74368.46,1
2024-11-28,2024-11-28 14:27:00,574.49,574.53,574.49,574.53,0.01,128.93,74368.46,1
2024-11-28,2024-11-28 14:28:00,574.53,574.58,574.53,574.58,0.01,128.93,74368.46,1
2024-11-28,2024-11-28 14:29:00,574.58,574.62,574.58,574.62,0.01,128.93,74368.46,1
2024-11-28,2024-11-28 14:30:00,574.62,574.67,574.62,574.67,0.01,128.93,74368.46,1
2024-11-28,2024-11-28 14:31:00,574.67,574.72,574.67,574.72,0.01,128.93,74368.46,1
2024-11-28,2024-11-28 14:32:00,574.72,574.76,574.72,574.76,0.01,128.93,74368.46,1
2024-11-28,2024-11-28 14:33:00,574.76,574.81,574.76,574.81,0.01,128.93,74368.46,1
2024-11-28,2024-11-28 14:34:00,574.81,574.85,574.81,574.85,0.01,128.93,74368.46,1
2024-11-28,2024-11-28 14:35:00,574.85,574.9,574.85,574.9,0.01,128.93,74368.46,1
2024-11-28,2024-11-28 14:36:00,574.9,574.95,574.9,574.95,0.01,128.93,74368.46,1
2024-11-28,2024-11-28 14:37:00,574.95,574.99,574.95,574.99,0.01,128.93,74368.46,1
2024-11-28,2024-11-28 14:38:00,574.99,575.04,574.99,575.04,0.01,128.93,74368.46,1
2024-11-28,2024-11-28 14:39:00,575.04,575.08,575.04,575.08,0.01,128.93,74368.46,1
2024-11-28,2024-11-28 14:40:00,575.08,575.13,575.08,575.13,0.01,128.93,74368.46,1
2024-11-28,2024-11-28 14:41:00,575.13,575.17,575.13,575.17,0.01,128.93,74368.46,1
2024-11-28,2024-11-28 14:42:00,575.17,575.22,575.17,575.22,0.01,128.93,74368.46,1
2024-11-28,2024-11-28 14:43:00,575.22,575.27,575.22,575.27,0.01,128.93,74368.46,1
2024-11-28,2024-11-28 14:44:00,575.27,575.31,575.27,575.31,0.01,128.93,74368.46,1
2024-11-28,2024-11-28 14:45:00,575.31,575.36,575.31,575.36,0.01,128.93,74368.46,1
2024-11-28,2024-11-28 14:46:00,575.36,575.4,575.36,575.4,0.01,128.93,74368.46,1
2024-11-28,2024-11-28 14:47:00,575.4,575.45,575.4,575.45,0.01,128.93,74368.46,1
2024-11-28,2024-11-28 14:48:00,575.45,575.5,575.45,575.5,0.01,128.93,74368.46,1
2024-11-28,2024-11-28 14:49:00,575.5,575.54,575.5,575.54,0.01,128.93,74368.46,1
2024-11-28,2024-11-28 14:50:00,575.54,575.59,575.54,575.59,0.01,128.93,74368.46,1
2024-11-28,2024-11-28 14:51:00,575.59,575.63,575.59,575.63,0.01,128.93,74368.46,1
2024-11-28,2024-11-28 14:52:00,575.63,575.68,575.63,575.68,0.01,128.93,74368.46,1
2024-11-28,2024-11-28 14:53:00,575.68,575.73,575.68,575.73,0.01,128.93,74368.46,1
2024-11-28,2024-11-28 14:54:00,575.73,575.77,575.73,575.77,0.01,128.93,74368.46,1
2024-11-28,2024-11-28 14:55:00,575.77,575.82,575.77,575.82,0.01,128.93,74368.46,1
2024-11-28,2024-11-28 14:56:00,575.82,575.86,575.82,575.86,0.01,128.93,74368.46,1
2024-11-28,2024-11-28 14:57:00,575.86,575.91,575.86,575.91,0.01,128.93,74368.46,1
2024-11-28,2024-11-28 14:58:00,575.91,575.95,575.91,575.95,0.01,128.93,74368.46,1
2024-11-28,2024-11-28 14:59:00,575.95,576.0,575.95,576.0,0.01,128.93,74368.46,1
2024-11-28,2024-11-28 15:00:00,576.0,587.9,565.0,576.0,0.0,128.93,74368.46,0
2024-12-01,2024-12-01 11:00:00,565.0,569.2,562.87,565.02,0.0,166.07,94173.35,1
2024-12-01,2024-12-01 11:01:00,565.02,565.03,565.02,565.03,0.0,166.07,94173.35,1
2024-12-01,2024-12-01 11:02:00,565.03,565.05,565.03,565.05,0.0,166.07,94173.35,1
2024-12-01,2024-12-01 11:03:00,565.05,565.07,565.05,565.07,0.0,166.07,94173.35,1
2024-12-01,2024-12-01 11:04:00,565.07,565.08,565.07,565.08,0.0,166.07,94173.35,1
2024-12-01,2024-12-01 11:05:00,565.08,565.1,565.08,565.1,0.0,166.07,94173.35,1
2024-12-01,2024-12-01 11:06:00,565.1,565.12,565.1,565.12,0.0,166.07,94173.35,1
2024-12-01,2024-12-01 11:07:00,565.12,565.13,565.12,565.13,0.0,166.07,94173.35,1
2024-12-01,2024-12-01 11:08:00,565.13,565.15,565.13,565.15,0.0,166.07,94173.35,1
2024-12-01,2024-12-01 11:09:00,565.15,565.17,565.15,565.17,0.0,166.07,94173.35,1
2024-12-01,2024-12-01 11:10:00,565.17,565.18,565.17,565.18,0.0,166.07,94173.35,1
2024-12-01,2024-12-01 11:11:00,565.18,565.2,565.18,565.2,0.0,166.07,94173.35,1
2024-12-01,2024-12-01 11:12:00,565.2,565.22,565.2,565.22,0.0,166.07,94173.35,1
2024-12-01,2024-12-01 11:13:00,565.22,565.23,565.22,565.23,0.0,166.07,94173.35,1
2024-12-01,2024-12-01 11:14:00,565.23,565.25,565.23,565.25,0.0,166.07,94173.35,1
2024-12-01,2024-12-01 11:15:00,565.25,565.27,565.25,565.27,0.0,166.07,94173.35,1
2024-12-01,2024-12-01 11:16:00,565.27,565.28,565.27,565.28,0.0,166.07,94173.35,1
2024-12-01,2024-12-01 11:17:00,565.28,565.3,565.28,565.3,0.0,166.07,94173.35,1
2024-12-01,2024-12-01 11:18:00,565.3,565.32,565.3,565.32,0.0,166.07,94173.35,1
2024-12-01,2024-12-01 11:19:00,565.32,565.33,565.32,565.33,0.0,166.07,94173.35,1
2024-12-01,2024-12-01 11:20:00,565.33,565.35,565.33,565.35,0.0,166.07,94173.35,1
2024-12-01,2024-12-01 11:21:00,565.35,565.37,565.35,565.37,0.0,166.07,94173.35,1
2024-12-01,2024-12-01 11:22:00,565.37,565.38,565.37,565.38,0.0,166.07,94173.35,1
2024-12-01,2024-12-01 11:23:00,565.38,565.4,565.38,565.4,0.0,166.07,94173.35,1
2024-12-01,2024-12-01 11:24:00,565.4,565.42,565.4,565.42,0.0,166.07,94173.35,1
2024-12-01,2024-12-01 11:25:00,565.42,565.43,565.42,565.43,0.0,166.07,94173.35,1
2024-12-01,2024-12-01 11:26:00,565.43,565.45,565.43,565.45,0.0,166.07,94173.35,1
2024-12-01,2024-12-01 11:27:00,565.45,565.47,565.45,565.47,0.0,166.07,94173.35,1
2024-12-01,2024-12-01 11:28:00,565.47,565.48,565.47,565.48,0.0,166.07,94173.35,1
2024-12-01,2024-12-01 11:29:00,565.48,565.5,565.48,565.5,0.0,166.07,94173.35,1
2024-12-01,2024-12-01 11:30:00,565.5,565.52,565.5,565.52,0.0,166.07,94173.35,1
2024-12-01,2024-12-01 11:31:00,565.52,565.53,565.52,565.53,0.0,166.07,94173.35,1
2024-12-01,2024-12-01 11:32:00,565.53,565.55,565.53,565.55,0.0,166.07,94173.35,1
2024-12-01,2024-12-01 11:33:00,565.55,565.57,565.55,565.57,0.0,166.07,94173.35,1
2024-12-01,2024-12-01 11:34:00,565.57,565.58,565.57,565.58,0.0,166.07,94173.35,1
2024-12-01,2024-12-01 11:35:00,565.58,565.6,565.58,565.6,0.0,166.07,94173.35,1
2024-12-01,2024-12-01 11:36:00,565.6,565.62,565.6,565.62,0.0,166.07,94173.35,1
2024-12-01,2024-12-01 11:37:00,565.62,565.63,565.62,565.63,0.0,166.07,94173.35,1
2024-12-01,2024-12-01 11:38:00,565.63,565.65,565.63,565.65,0.0,166.07,94173.35,1
2024-12-01,2024-12-01 11:39:00,565.65,565.67,565.65,565.67,0.0,166.07,94173.35,1
2024-12-01,2024-12-01 11:40:00,565.67,565.68,565.67,565.68,0.0,166.07,94173.35,1
2024-12-01,2024-12-01 11:41:00,565.68,565.7,565.68,565.7,0.0,166.07,94173.35,1
2024-12-01,2024-12-01 11:42:00,565.7,565.72,565.7,565.72,0.0,166.07,94173.35,1
2024-12-01,2024-12-01 11:43:00,565.72,565.73,565.72,565.73,0.0,166.07,94173.35,1
2024-12-01,2024-12-01 11:44:00,565.73,565.75,565.73,565.75,0.0,166.07,94173.35,1
2024-12-01,2024-12-01 11:45:00,565.75,565.77,565.75,565.77,0.0,166.07,94173.35,1
2024-12-01,2024-12-01 11:46:00,565.77,565.78,565.77,565.78,0.0,166.07,94173.35,1
2024-12-01,2024-12-01 11:47:00,565.78,565.8,565.78,565.8,0.0,166.07,94173.35,1
2024-12-01,2024-12-01 11:48:00,565.8,565.82,565.8,565.82,0.0,166.07,94173.35,1
2024-12-01,2024-12-01 11:49:00,565.82,565.83,565.82,565.83,0.0,166.07,94173.35,1
2024-12-01,2024-12-01 11:50:00,565.83,565.85,565.83,565.85,0.0,166.07,94173.35,1
2024-12-01,2024-12-01 11:51:00,565.85,565.87,565.85,565.87,0.0,166.07,94173.35,1
2024-12-01,2024-12-01 11:52:00,565.87,565.88,565.87,565.88,0.0,166.07,94173.35,1
2024-12-01,2024-12-01 11:53:00,565.88,565.9,565.88,565.9,0.0,166.07,94173.35,1
2024-12-01,2024-12-01 11:54:00,565.9,565.92,565.9,565.92,0.0,166.07,94173.35,1
2024-12-01,2024-12-01 11:55:00,565.92,565.93,565.92,565.93,0.0,166.07,94173.35,1
2024-12-01,2024-12-01 11:56:00,565.93,565.95,565.93,565.95,0.0,166.07,94173.35,1
2024-12-01,2024-12-01 11:57:00,565.95,565.97,565.95,565.97,0.0,166.07,94173.35,1
2024-12-01,2024-12-01 11:58:00,565.97,565.98,565.97,565.98,0.0,166.07,94173.35,1
2024-12-01,2024-12-01 11:59:00,565.98,566.0,565.98,566.0,0.0,166.07,94173.35,1
2024-12-01,2024-12-01 12:00:00,566.0,566.02,566.0,566.02,0.0,166.07,94173.35,1
2024-12-01,2024-12-01 12:01:00,566.02,566.03,566.02,566.03,0.0,166.07,94173.35,1
2024-12-01,2024-12-01 12:02:00,566.03,566.05,566.03,566.05,0.0,166.07,94173.35,1
2024-12-01,2024-12-01 12:03:00,566.05,566.07,566.05,566.07,0.0,166.07,94173.35,1
2024-12-01,2024-12-01 12:04:00,566.07,566.08,566.07,566.08,0.0,166.07,94173.35,1
2024-12-01,2024-12-01 12:05:00,566.08,566.1,566.08,566.1,0.0,166.07,94173.35,1
2024-12-01,2024-12-01 12:06:00,566.1,566.12,566.1,566.12,0.0,166.07,94173.35,1
2024-12-01,2024-12-01 12:07:00,566.12,566.13,566.12,566.13,0.0,166.07,94173.35,1
2024-12-01,2024-12-01 12:08:00,566.13,566.15,566.13,566.15,0.0,166.07,94173.35,1
2024-12-01,2024-12-01 12:09:00,566.15,566.17,566.15,566.17,0.0,166.07,94173.35,1
2024-12-01,2024-12-01 12:10:00,566.17,566.18,566.17,566.18,0.0,166.07,94173.35,1
2024-12-01,2024-12-01 12:11:00,566.18,566.2,566.18,566.2,0.0,166.07,94173.35,1
2024-12-01,2024-12-01 12:12:00,566.2,566.22,566.2,566.22,0.0,166.07,94173.35,1
2024-12-01,2024-12-01 12:13:00,566.22,566.23,566.22,566.23,0.0,166.07,94173.35,1
2024-12-01,2024-12-01 12:14:00,566.23,566.25,566.23,566.25,0.0,166.07,94173.35,1
2024-12-01,2024-12-01 12:15:00,566.25,566.27,566.25,566.27,0.0,166.07,94173.35,1
2024-12-01,2024-12-01 12:16:00,566.27,566.28,566.27,566.28,0.0,166.07,94173.35,1
2024-12-01,2024-12-01 12:17:00,566.28,566.3,566.28,566.3,0.0,166.07,94173.35,1
2024-12-01,2024-12-01 12:18:00,566.3,566.32,566.3,566.32,0.0,166.07,94173.35,1
2024-12-01,2024-12-01 12:19:00,566.32,566.33,566.32,566.33,0.0,166.07,94173.35,1
2024-12-01,2024-12-01 12:20:00,566.33,566.35,566.33,566.35,0.0,166.07,94173.35,1
2024-12-01,2024-12-01 12:21:00,566.35,566.37,566.35,566.37,0.0,166.07,94173.35,1
2024-12-01,2024-12-01 12:22:00,566.37,566.38,566.37,566.38,0.0,166.07,94173.35,1
2024-12-01,2024-12-01 12:23:00,566.38,566.4,566.38,566.4,0.0,166.07,94173.35,1
2024-12-01,2024-12-01 12:24:00,566.4,566.42,566.4,566.42,0.0,166.07,94173.35,1
2024-12-01,2024-12-01 12:25:00,566.42,566.43,566.42,566.43,0.0,166.07,94173.35,1
2024-12-01,2024-12-01 12:26:00,566.43,566.45,566.43,566.45,0.0,166.07,94173.35,1
2024-12-01,2024-12-01 12:27:00,566.45,566.47,566.45,566.47,0.0,166.07,94173.35,1
2024-12-01,2024-12-01 12:28:00,566.47,566.48,566.47,566.48,0.0,166.07,94173.35,1
2024-12-01,2024-12-01 12:29:00,566.48,566.5,566.48,566.5,0.0,166.07,94173.35,1
2024-12-01,2024-12-01 12:30:00,566.5,566.52,566.5,566.52,0.0,166.07,94173.35,1
2024-12-01,2024-12-01 12:31:00,566.52,566.53,566.52,566.53,0.0,166.07,94173.35,1
2024-12-01,2024-12-01 12:32:00,566.53,566.55,566.53,566.55,0.0,166.07,94173.35,1
2024-12-01,2024-12-01 12:33:00,566.55,566.57,566.55,566.57,0.0,166.07,94173.35,1
2024-12-01,2024-12-01 12:34:00,566.57,566.58,566.57,566.58,0.0,166.07,94173.35,1
2024-12-01,2024-12-01 12:35:00,566.58,566.6,566.58,566.6,0.0,166.07,94173.35,1
2024-12-01,2024-12-01 12:36:00,566.6,566.62,566.6,566.62,0.0,166.07,94173.35,1
2024-12-01,2024-12-01 12:37:00,566.62,566.63,566.62,566.63,0.0,166.07,94173.35,1
2024-12-01,2024-12-01 12:38:00,566.63,566.65,566.63,566.65,0.0,166.07,94173.35,1
2024-12-01,2024-12-01 12:39:00,566.65,566.67,566.65,566.67,0.0,166.07,94173.35,1
2024-12-01,2024-12-01 12:40:00,566.67,566.68,566.67,566.68,0.0,166.07,94173.35,1
2024-12-01,2024-12-01 12:41:00,566.68,566.7,566.68,566.7,0.0,166.07,94173.35,1
2024-12-01,2024-12-01 12:42:00,566.7,566.72,566.7,566.72,0.0,166.07,94173.35,1
2024-12-01,2024-12-01 12:43:00,566.72,566.73,566.72,566.73,0.0,166.07,94173.35,1
2024-12-01,2024-12-01 12:44:00,566.73,566.75,566.73,566.75,0.0,166.07,94173.35,1
2024-12-01,2024-12-01 12:45:00,566.75,566.77,566.75,566.77,0.0,166.07,94173.35,1
2024-12-01,2024-12-01 12:46:00,566.77,566.78,566.77,566.78,0.0,166.07,94173.35,1
2024-12-01,2024-12-01 12:47:00,566.78,566.8,566.78,566.8,0.0,166.07,94173.35,1
2024-12-01,2024-12-01 12:48:00,566.8,566.82,566.8,566.82,0.0,166.07,94173.35,1
2024-12-01,2024-12-01 12:49:00,566.82,566.83,566.82,566.83,0.0,166.07,94173.35,1
2024-12-01,2024-12-01 12:50:00,566.83,566.85,566.83,566.85,0.0,166.07,94173.35,1
2024-12-01,2024-12-01 12:51:00,566.85,566.87,566.85,566.87,0.0,166.07,94173.35,1
2024-12-01,2024-12-01 12:52:00,566.87,566.88,566.87,566.88,0.0,166.07,94173.35,1
2024-12-01,2024-12-01 12:53:00,566.88,566.9,566.88,566.9,0.0,166.07,94173.35,1
2024-12-01,2024-12-01 12:54:00,566.9,566.92,566.9,566.92,0.0,166.07,94173.35,1
2024-12-01,2024-12-01 12:55:00,566.92,566.93,566.92,566.93,0.0,166.07,94173.35,1
2024-12-01,2024-12-01 12:56:00,566.93,566.95,566.93,566.95,0.0,166.07,94173.35,1
2024-12-01,2024-12-01 12:57:00,566.95,566.97,566.95,566.97,0.0,166.07,94173.35,1
2024-12-01,2024-12-01 12:58:00,566.97,566.98,566.97,566.98,0.0,166.07,94173.35,1
2024-12-01,2024-12-01 12:59:00,566.98,567.0,566.98,567.0,0.0,166.07,94173.35,1
2024-12-01,2024-12-01 13:00:00,567.0,579.0,557.9,567.02,0.0,166.07,94173.35,1
2024-12-01,2024-12-01 13:01:00,567.02,567.03,567.02,567.03,0.0,166.07,94173.35,1
2024-12-01,2024-12-01 13:02:00,567.03,567.05,567.03,567.05,0.0,166.07,94173.35,1
2024-12-01,2024-12-01 13:03:00,567.05,567.07,567.05,567.07,0.0,166.07,94173.35,1
2024-12-01,2024-12-01 13:04:00,567.07,567.08,567.07,567.08,0.0,166.07,94173.35,1
2024-12-01,2024-12-01 13:05:00,567.08,567.1,567.08,567.1,0.0,166.07,94173.35,1
2024-12-01,2024-12-01 13:06:00,567.1,567.12,567.1,567.12,0.0,166.07,94173.35,1
2024-12-01,2024-12-01 13:07:00,567.12,567.13,567.12,567.13,0.0,166.07,94173.35,1
2024-12-01,2024-12-01 13:08:00,567.13,567.15,567.13,567.15,0.0,166.07,94173.35,1
2024-12-01,2024-12-01 13:09:00,567.15,567.17,567.15,567.17,0.0,166.07,94173.35,1
2024-12-01,2024-12-01 13:10:00,567.17,567.18,567.17,567.18,0.0,166.07,94173.35,1
2024-12-01,2024-12-01 13:11:00,567.18,567.2,567.18,567.2,0.0,166.07,94173.35,1
2024-12-01,2024-12-01 13:12:00,567.2,567.22,567.2,567.22,0.0,166.07,94173.35,1
2024-12-01,2024-12-01 13:13:00,567.22,567.23,567.22,567.23,0.0,166.07,94173.35,1
2024-12-01,2024-12-01 13:14:00,567.23,567.25,567.23,567.25,0.0,166.07,94173.35,1
2024-12-01,2024-12-01 13:15:00,567.25,567.27,567.25,567.27,0.0,166.07,94173.35,1
2024-12-01,2024-12-01 13:16:00,567.27,567.28,567.27,567.28,0.0,166.07,94173.35,1
2024-12-01,2024-12-01 13:17:00,567.28,567.3,567.28,567.3,0.0,166.07,94173.35,1
2024-12-01,2024-12-01 13:18:00,567.3,567.32,567.3,567.32,0.0,166.07,94173.35,1
2024-12-01,2024-12-01 13:19:00,567.32,567.33,567.32,567.33,0.0,166.07,94173.35,1
2024-12-01,2024-12-01 13:20:00,567.33,567.35,567.33,567.35,0.0,166.07,94173.35,1
2024-12-01,2024-12-01 13:21:00,567.35,567.37,567.35,567.37,0.0,166.07,94173.35,1
2024-12-01,2024-12-01 13:22:00,567.37,567.38,567.37,567.38,0.0,166.07,94173.35,1
2024-12-01,2024-12-01 13:23:00,567.38,567.4,567.38,567.4,0.0,166.07,94173.35,1
2024-12-01,2024-12-01 13:24:00,567.4,567.42,567.4,567.42,0.0,166.07,94173.35,1
2024-12-01,2024-12-01 13:25:00,567.42,567.43,567.42,567.43,0.0,166.07,94173.35,1
2024-12-01,2024-12-01 13:26:00,567.43,567.45,567.43,567.45,0.0,166.07,94173.35,1
2024-12-01,2024-12-01 13:27:00,567.45,567.47,567.45,567.47,0.0,166.07,94173.35,1
2024-12-01,2024-12-01 13:28:00,567.47,567.48,567.47,567.48,0.0,166.07,94173.35,1
2024-12-01,2024-12-01 13:29:00,567.48,567.5,567.48,567.5,0.0,166.07,94173.35,1
2024-12-01,2024-12-01 13:30:00,567.5,567.52,567.5,567.52,0.0,166.07,94173.35,1
2024-12-01,2024-12-01 13:31:00,567.52,567.53,567.52,567.53,0.0,166.07,94173.35,1
2024-12-01,2024-12-01 13:32:00,567.53,567.55,567.53,567.55,0.0,166.07,94173.35,1
2024-12-01,2024-12-01 13:33:00,567.55,567.57,567.55,567.57,0.0,166.07,94173.35,1
2024-12-01,2024-12-01 13:34:00,567.57,567.58,567.57,567.58,0.0,166.07,94173.35,1
2024-12-01,2024-12-01 13:35:00,567.58,567.6,567.58,567.6,0.0,166.07,94173.35,1
2024-12-01,2024-12-01 13:36:00,567.6,567.62,567.6,567.62,0.0,166.07,94173.35,1
2024-12-01,2024-12-01 13:37:00,567.62,567.63,567.62,567.63,0.0,166.07,94173.35,1
2024-12-01,2024-12-01 13:38:00,567.63,567.65,567.63,567.65,0.0,166.07,94173.35,1
2024-12-01,2024-12-01 13:39:00,567.65,567.67,567.65,567.67,0.0,166.07,94173.35,1
2024-12-01,2024-12-01 13:40:00,567.67,567.68,567.67,567.68,0.0,166.07,94173.35,1
2024-12-01,2024-12-01 13:41:00,567.68,567.7,567.68,567.7,0.0,166.07,94173.35,1
2024-12-01,2024-12-01 13:42:00,567.7,567.72,567.7,567.72,0.0,166.07,94173.35,1
2024-12-01,2024-12-01 13:43:00,567.72,567.73,567.72,567.73,0.0,166.07,94173.35,1
2024-12-01,2024-12-01 13:44:00,567.73,567.75,567.73,567.75,0.0,166.07,94173.35,1
2024-12-01,2024-12-01 13:45:00,567.75,567.77,567.75,567.77,0.0,166.07,94173.35,1
2024-12-01,2024-12-01 13:46:00,567.77,567.78,567.77,567.78,0.0,166.07,94173.35,1
2024-12-01,2024-12-01 13:47:00,567.78,567.8,567.78,567.8,0.0,166.07,94173.35,1
2024-12-01,2024-12-01 13:48:00,567.8,567.82,567.8,567.82,0.0,166.07,94173.35,1
2024-12-01,2024-12-01 13:49:00,567.82,567.83,567.82,567.83,0.0,166.07,94173.35,1
2024-12-01,2024-12-01 13:50:00,567.83,567.85,567.83,567.85,0.0,166.07,94173.35,1
2024-12-01,2024-12-01 13:51:00,567.85,567.87,567.85,567.87,0.0,166.07,94173.35,1
2024-12-01,2024-12-01 13:52:00,567.87,567.88,567.87,567.88,0.0,166.07,94173.35,1
2024-12-01,2024-12-01 13:53:00,567.88,567.9,567.88,567.9,0.0,166.07,94173.35,1
2024-12-01,2024-12-01 13:54:00,567.9,567.92,567.9,567.92,0.0,166.07,94173.35,1
2024-12-01,2024-12-01 13:55:00,567.92,567.93,567.92,567.93,0.0,166.07,94173.35,1
2024-12-01,2024-12-01 13:56:00,567.93,567.95,567.93,567.95,0.0,166.07,94173.35,1
2024-12-01,2024-12-01 13:57:00,567.95,567.97,567.95,567.97,0.0,166.07,94173.35,1
2024-12-01,2024-12-01 13:58:00,567.97,567.98,567.97,567.98,0.0,166.07,94173.35,1
2024-12-01,2024-12-01 13:59:00,567.98,568.0,567.98,568.0,0.0,166.07,94173.35,1
2024-12-01,2024-12-01 14:00:00,568.0,568.02,568.0,568.02,0.0,166.07,94173.35,1
2024-12-01,2024-12-01 14:01:00,568.02,568.03,568.02,568.03,0.0,166.07,94173.35,1
2024-12-01,2024-12-01 14:02:00,568.03,568.05,568.03,568.05,0.0,166.07,94173.35,1
2024-12-01,2024-12-01 14:03:00,568.05,568.07,568.05,568.07,0.0,166.07,94173.35,1
2024-12-01,2024-12-01 14:04:00,568.07,568.08,568.07,568.08,0.0,166.07,94173.35,1
2024-12-01,2024-12-01 14:05:00,568.08,568.1,568.08,568.1,0.0,166.07,94173.35,1
2024-12-01,2024-12-01 14:06:00,568.1,568.12,568.1,568.12,0.0,166.07,94173.35,1
2024-12-01,2024-12-01 14:07:00,568.12,568.13,568.12,568.13,0.0,166.07,94173.35,1
2024-12-01,2024-12-01 14:08:00,568.13,568.15,568.13,568.15,0.0,166.07,94173.35,1
2024-12-01,2024-12-01 14:09:00,568.15,568.17,568.15,568.17,0.0,166.07,94173.35,1
2024-12-01,2024-12-01 14:10:00,568.17,568.18,568.17,568.18,0.0,166.07,94173.35,1
2024-12-01,2024-12-01 14:11:00,568.18,568.2,568.18,568.2,0.0,166.07,94173.35,1
2024-12-01,2024-12-01 14:12:00,568.2,568.22,568.2,568.22,0.0,166.07,94173.35,1
2024-12-01,2024-12-01 14:13:00,568.22,568.23,568.22,568.23,0.0,166.07,94173.35,1
2024-12-01,2024-12-01 14:14:00,568.23,568.25,568.23,568.25,0.0,166.07,94173.35,1
2024-12-01,2024-12-01 14:15:00,568.25,568.27,568.25,568.27,0.0,166.07,94173.35,1
2024-12-01,2024-12-01 14:16:00,568.27,568.28,568.27,568.28,0.0,166.07,94173.35,1
2024-12-01,2024-12-01 14:17:00,568.28,568.3,568.28,568.3,0.0,166.07,94173.35,1
2024-12-01,2024-12-01 14:18:00,568.3,568.32,568.3,568.32,0.0,166.07,94173.35,1
2024-12-01,2024-12-01 14:19:00,568.32,568.33,568.32,568.33,0.0,166.07,94173.35,1
2024-12-01,2024-12-01 14:20:00,568.33,568.35,568.33,568.35,0.0,166.07,94173.35,1
2024-12-01,2024-12-01 14:21:00,568.35,568.37,568.35,568.37,0.0,166.07,94173.35,1
2024-12-01,2024-12-01 14:22:00,568.37,568.38,568.37,568.38,0.0,166.07,94173.35,1
2024-12-01,2024-12-01 14:23:00,568.38,568.4,568.38,568.4,0.0,166.07,94173.35,1
2024-12-01,2024-12-01 14:24:00,568.4,568.42,568.4,568.42,0.0,166.07,94173.35,1
2024-12-01,2024-12-01 14:25:00,568.42,568.43,568.42,568.43,0.0,166.07,94173.35,1
2024-12-01,2024-12-01 14:26:00,568.43,568.45,568.43,568.45,0.0,166.07,94173.35,1
2024-12-01,2024-12-01 14:27:00,568.45,568.47,568.45,568.47,0.0,166.07,94173.35,1
2024-12-01,2024-12-01 14:28:00,568.47,568.48,568.47,568.48,0.0,166.07,94173.35,1
2024-12-01,2024-12-01 14:29:00,568.48,568.5,568.48,568.5,0.0,166.07,94173.35,1
2024-12-01,2024-12-01 14:30:00,568.5,568.52,568.5,568.52,0.0,166.07,94173.35,1
2024-12-01,2024-12-01 14:31:00,568.52,568.53,568.52,568.53,0.0,166.07,94173.35,1
2024-12-01,2024-12-01 14:32:00,568.53,568.55,568.53,568.55,0.0,166.07,94173.35,1
2024-12-01,2024-12-01 14:33:00,568.55,568.57,568.55,568.57,0.0,166.07,94173.35,1
2024-12-01,2024-12-01 14:34:00,568.57,568.58,568.57,568.58,0.0,166.07,94173.35,1
2024-12-01,2024-12-01 14:35:00,568.58,568.6,568.58,568.6,0.0,166.07,94173.35,1
2024-12-01,2024-12-01 14:36:00,568.6,568.62,568.6,568.62,0.0,166.07,94173.35,1
2024-12-01,2024-12-01 14:37:00,568.62,568.63,568.62,568.63,0.0,166.07,94173.35,1
2024-12-01,2024-12-01 14:38:00,568.63,568.65,568.63,568.65,0.0,166.07,94173.35,1
2024-12-01,2024-12-01 14:39:00,568.65,568.67,568.65,568.67,0.0,166.07,94173.35,1
2024-12-01,2024-12-01 14:40:00,568.67,568.68,568.67,568.68,0.0,166.07,94173.35,1
2024-12-01,2024-12-01 14:41:00,568.68,568.7,568.68,568.7,0.0,166.07,94173.35,1
2024-12-01,2024-12-01 14:42:00,568.7,568.72,568.7,568.72,0.0,166.07,94173.35,1
2024-12-01,2024-12-01 14:43:00,568.72,568.73,568.72,568.73,0.0,166.07,94173.35,1
2024-12-01,2024-12-01 14:44:00,568.73,568.75,568.73,568.75,0.0,166.07,94173.35,1
2024-12-01,2024-12-01 14:45:00,568.75,568.77,568.75,568.77,0.0,166.07,94173.35,1
2024-12-01,2024-12-01 14:46:00,568.77,568.78,568.77,568.78,0.0,166.07,94173.35,1
2024-12-01,2024-12-01 14:47:00,568.78,568.8,568.78,568.8,0.0,166.07,94173.35,1
2024-12-01,2024-12-01 14:48:00,568.8,568.82,568.8,568.82,0.0,166.07,94173.35,1
2024-12-01,2024-12-01 14:49:00,568.82,568.83,568.82,568.83,0.0,166.07,94173.35,1
2024-12-01,2024-12-01 14:50:00,568.83,568.85,568.83,568.85,0.0,166.07,94173.35,1
2024-12-01,2024-12-01 14:51:00,568.85,568.87,568.85,568.87,0.0,166.07,94173.35,1
2024-12-01,2024-12-01 14:52:00,568.87,568.88,568.87,568.88,0.0,166.07,94173.35,1
2024-12-01,2024-12-01 14:53:00,568.88,568.9,568.88,568.9,0.0,166.07,94173.35,1
2024-12-01,2024-12-01 14:54:00,568.9,568.92,568.9,568.92,0.0,166.07,94173.35,1
2024-12-01,2024-12-01 14:55:00,568.92,568.93,568.92,568.93,0.0,166.07,94173.35,1
2024-12-01,2024-12-01 14:56:00,568.93,568.95,568.93,568.95,0.0,166.07,94173.35,1
2024-12-01,2024-12-01 14:57:00,568.95,568.97,568.95,568.97,0.0,166.07,94173.35,1
2024-12-01,2024-12-01 14:58:00,568.97,568.98,568.97,568.98,0.0,166.07,94173.35,1
2024-12-01,2024-12-01 14:59:00,568.98,569.0,568.98,569.0,0.0,166.07,94173.35,1
2024-12-01,2024-12-01 15:00:00,569.0,579.0,557.9,569.0,0.0,166.07,94173.35,0
2024-12-02,2024-12-02 11:00:00,558.0,574.8,558.0,558.07,0.01,152.82,88454.87,1
2024-12-02,2024-12-02 11:01:00,558.07,558.14,558.07,558.14,0.01,152.82,88454.87,1
2024-12-02,2024-12-02 11:02:00,558.14,558.21,558.14,558.21,0.01,152.82,88454.87,1
2024-12-02,2024-12-02 11:03:00,558.21,558.28,558.21,558.28,0.01,152.82,88454.87,1
2024-12-02,2024-12-02 11:04:00,558.28,558.35,558.28,558.35,0.01,152.82,88454.87,1
2024-12-02,2024-12-02 11:05:00,558.35,558.42,558.35,558.42,0.01,152.82,88454.87,1
2024-12-02,2024-12-02 11:06:00,558.42,558.5,558.42,558.5,0.01,152.82,88454.87,1
2024-12-02,2024-12-02 11:07:00,558.5,558.57,558.5,558.57,0.01,152.82,88454.87,1
2024-12-02,2024-12-02 11:08:00,558.57,558.64,558.57,558.64,0.01,152.82,88454.87,1
2024-12-02,2024-12-02 11:09:00,558.64,558.71,558.64,558.71,0.01,152.82,88454.87,1
2024-12-02,2024-12-02 11:10:00,558.71,558.78,558.71,558.78,0.01,152.82,88454.87,1
2024-12-02,2024-12-02 11:11:00,558.78,558.85,558.78,558.85,0.01,152.82,88454.87,1
2024-12-02,2024-12-02 11:12:00,558.85,558.92,558.85,558.92,0.01,152.82,88454.87,1
2024-12-02,2024-12-02 11:13:00,558.92,558.99,558.92,558.99,0.01,152.82,88454.87,1
2024-12-02,2024-12-02 11:14:00,558.99,559.06,558.99,559.06,0.01,152.82,88454.87,1
2024-12-02,2024-12-02 11:15:00,559.06,559.13,559.06,559.13,0.01,152.82,88454.87,1
2024-12-02,2024-12-02 11:16:00,559.13,559.2,559.13,559.2,0.01,152.82,88454.87,1
2024-12-02,2024-12-02 11:17:00,559.2,559.27,559.2,559.27,0.01,152.82,88454.87,1
2024-12-02,2024-12-02 11:18:00,559.27,559.35,559.27,559.35,0.01,152.82,88454.87,1
2024-12-02,2024-12-02 11:19:00,559.35,559.42,559.35,559.42,0.01,152.82,88454.87,1
2024-12-02,2024-12-02 11:20:00,559.42,559.49,559.42,559.49,0.01,152.82,88454.87,1
2024-12-02,2024-12-02 11:21:00,559.49,559.56,559.49,559.56,0.01,152.82,88454.87,1
2024-12-02,2024-12-02 11:22:00,559.56,559.63,559.56,559.63,0.01,152.82,88454.87,1
2024-12-02,2024-12-02 11:23:00,559.63,559.7,559.63,559.7,0.01,152.82,88454.87,1
2024-12-02,2024-12-02 11:24:00,559.7,559.77,559.7,559.77,0.01,152.82,88454.87,1
2024-12-02,2024-12-02 11:25:00,559.77,559.84,559.77,559.84,0.01,152.82,88454.87,1
2024-12-02,2024-12-02 11:26:00,559.84,559.91,559.84,559.91,0.01,152.82,88454.87,1
2024-12-02,2024-12-02 11:27:00,559.91,559.98,559.91,559.98,0.01,152.82,88454.87,1
2024-12-02,2024-12-02 11:28:00,559.98,560.05,559.98,560.05,0.01,152.82,88454.87,1
2024-12-02,2024-12-02 11:29:00,560.05,560.12,560.05,560.12,0.01,152.82,88454.87,1
2024-12-02,2024-12-02 11:30:00,560.12,560.2,560.12,560.2,0.01,152.82,88454.87,1
2024-12-02,2024-12-02 11:31:00,560.2,560.27,560.2,560.27,0.01,152.82,88454.87,1
2024-12-02,2024-12-02 11:32:00,560.27,560.34,560.27,560.34,0.01,152.82,88454.87,1
2024-12-02,2024-12-02 11:33:00,560.34,560.41,560.34,560.41,0.01,152.82,88454.87,1
2024-12-02,2024-12-02 11:34:00,560.41,560.48,560.41,560.48,0.01,152.82,88454.87,1
2024-12-02,2024-12-02 11:35:00,560.48,560.55,560.48,560.55,0.01,152.82,88454.87,1
2024-12-02,2024-12-02 11:36:00,560.55,560.62,560.55,560.62,0.01,152.82,88454.87,1
2024-12-02,2024-12-02 11:37:00,560.62,560.69,560.62,560.69,0.01,152.82,88454.87,1
2024-12-02,2024-12-02 11:38:00,560.69,560.76,560.69,560.76,0.01,152.82,88454.87,1
2024-12-02,2024-12-02 11:39:00,560.76,560.83,560.76,560.83,0.01,152.82,88454.87,1
2024-12-02,2024-12-02 11:40:00,560.83,560.9,560.83,560.9,0.01,152.82,88454.87,1
2024-12-02,2024-12-02 11:41:00,560.9,560.98,560.9,560.98,0.01,152.82,88454.87,1
2024-12-02,2024-12-02 11:42:00,560.98,561.05,560.98,561.05,0.01,152.82,88454.87,1
2024-12-02,2024-12-02 11:43:00,561.05,561.12,561.05,561.12,0.01,152.82,88454.87,1
2024-12-02,2024-12-02 11:44:00,561.12,561.19,561.12,561.19,0.01,152.82,88454.87,1
2024-12-02,2024-12-02 11:45:00,561.19,561.26,561.19,561.26,0.01,152.82,88454.87,1
2024-12-02,2024-12-02 11:46:00,561.26,561.33,561.26,561.33,0.01,152.82,88454.87,1
2024-12-02,2024-12-02 11:47:00,561.33,561.4,561.33,561.4,0.01,152.82,88454.87,1
2024-12-02,2024-12-02 11:48:00,561.4,561.47,561.4,561.47,0.01,152.82,88454.87,1
2024-12-02,2024-12-02 11:49:00,561.47,561.54,561.47,561.54,0.01,152.82,88454.87,1
2024-12-02,2024-12-02 11:50:00,561.54,561.61,561.54,561.61,0.01,152.82,88454.87,1
2024-12-02,2024-12-02 11:51:00,561.61,561.68,561.61,561.68,0.01,152.82,88454.87,1
2024-12-02,2024-12-02 11:52:00,561.68,561.75,561.68,561.75,0.01,152.82,88454.87,1
2024-12-02,2024-12-02 11:53:00,561.75,561.83,561.75,561.83,0.01,152.82,88454.87,1
2024-12-02,2024-12-02 11:54:00,561.83,561.9,561.83,561.9,0.01,152.82,88454.87,1
2024-12-02,2024-12-02 11:55:00,561.9,561.97,561.9,561.97,0.01,152.82,88454.87,1
2024-12-02,2024-12-02 11:56:00,561.97,562.04,561.97,562.04,0.01,152.82,88454.87,1
2024-12-02,2024-12-02 11:57:00,562.04,562.11,562.04,562.11,0.01,152.82,88454.87,1
2024-12-02,2024-12-02 11:58:00,562.11,562.18,562.11,562.18,0.01,152.82,88454.87,1
2024-12-02,2024-12-02 11:59:00,562.18,562.25,562.18,562.25,0.01,152.82,88454.87,1
2024-12-02,2024-12-02 12:00:00,562.25,562.32,562.25,562.32,0.01,152.82,88454.87,1
2024-12-02,2024-12-02 12:01:00,562.32,562.39,562.32,562.39,0.01,152.82,88454.87,1
2024-12-02,2024-12-02 12:02:00,562.39,562.46,562.39,562.46,0.01,152.82,88454.87,1
2024-12-02,2024-12-02 12:03:00,562.46,562.53,562.46,562.53,0.01,152.82,88454.87,1
2024-12-02,2024-12-02 12:04:00,562.53,562.6,562.53,562.6,0.01,152.82,88454.87,1
2024-12-02,2024-12-02 12:05:00,562.6,562.67,562.6,562.67,0.01,152.82,88454.87,1
2024-12-02,2024-12-02 12:06:00,562.67,562.75,562.67,562.75,0.01,152.82,88454.87,1
2024-12-02,2024-12-02 12:07:00,562.75,562.82,562.75,562.82,0.01,152.82,88454.87,1
2024-12-02,2024-12-02 12:08:00,562.82,562.89,562.82,562.89,0.01,152.82,88454.87,1
2024-12-02,2024-12-02 12:09:00,562.89,562.96,562.89,562.96,0.01,152.82,88454.87,1
2024-12-02,2024-12-02 12:10:00,562.96,563.03,562.96,563.03,0.01,152.82,88454.87,1
2024-12-02,2024-12-02 12:11:00,563.03,563.1,563.03,563.1,0.01,152.82,88454.87,1
2024-12-02,2024-12-02 12:12:00,563.1,563.17,563.1,563.17,0.01,152.82,88454.87,1
2024-12-02,2024-12-02 12:13:00,563.17,563.24,563.17,563.24,0.01,152.82,88454.87,1
2024-12-02,2024-12-02 12:14:00,563.24,563.31,563.24,563.31,0.01,152.82,88454.87,1
2024-12-02,2024-12-02 12:15:00,563.31,563.38,563.31,563.38,0.01,152.82,88454.87,1
2024-12-02,2024-12-02 12:16:00,563.38,563.45,563.38,563.45,0.01,152.82,88454.87,1
2024-12-02,2024-12-02 12:17:00,563.45,563.52,563.45,563.52,0.01,152.82,88454.87,1
2024-12-02,2024-12-02 12:18:00,563.52,563.6,563.52,563.6,0.01,152.82,88454.87,1
2024-12-02,2024-12-02 12:19:00,563.6,563.67,563.6,563.67,0.01,152.82,88454.87,1
2024-12-02,2024-12-02 12:20:00,563.67,563.74,563.67,563.74,0.01,152.82,88454.87,1
2024-12-02,2024-12-02 12:21:00,563.74,563.81,563.74,563.81,0.01,152.82,88454.87,1
2024-12-02,2024-12-02 12:22:00,563.81,563.88,563.81,563.88,0.01,152.82,88454.87,1
2024-12-02,2024-12-02 12:23:00,563.88,563.95,563.88,563.95,0.01,152.82,88454.87,1
2024-12-02,2024-12-02 12:24:00,563.95,564.02,563.95,564.02,0.01,152.82,88454.87,1
2024-12-02,2024-12-02 12:25:00,564.02,564.09,564.02,564.09,0.01,152.82,88454.87,1
2024-12-02,2024-12-02 12:26:00,564.09,564.16,564.09,564.16,0.01,152.82,88454.87,1
2024-12-02,2024-12-02 12:27:00,564.16,564.23,564.16,564.23,0.01,152.82,88454.87,1
2024-12-02,2024-12-02 12:28:00,564.23,564.3,564.23,564.3,0.01,152.82,88454.87,1
2024-12-02,2024-12-02 12:29:00,564.3,564.38,564.3,564.38,0.01,152.82,88454.87,1
2024-12-02,2024-12-02 12:30:00,564.38,564.45,564.38,564.45,0.01,152.82,88454.87,1
2024-12-02,2024-12-02 12:31:00,564.45,564.52,564.45,564.52,0.01,152.82,88454.87,1
2024-12-02,2024-12-02 12:32:00,564.52,564.59,564.52,564.59,0.01,152.82,88454.87,1
2024-12-02,2024-12-02 12:33:00,564.59,564.66,564.59,564.66,0.01,152.82,88454.87,1
2024-12-02,2024-12-02 12:34:00,564.66,564.73,564.66,564.73,0.01,152.82,88454.87,1
2024-12-02,2024-12-02 12:35:00,564.73,564.8,564.73,564.8,0.01,152.82,88454.87,1
2024-12-02,2024-12-02 12:36:00,564.8,564.87,564.8,564.87,0.01,152.82,88454.87,1
2024-12-02,2024-12-02 12:37:00,564.87,564.94,564.87,564.94,0.01,152.82,88454.87,1
2024-12-02,2024-12-02 12:38:00,564.94,565.01,564.94,565.01,0.01,152.82,88454.87,1
2024-12-02,2024-12-02 12:39:00,565.01,565.08,565.01,565.08,0.01,152.82,88454.87,1
2024-12-02,2024-12-02 12:40:00,565.08,565.15,565.08,565.15,0.01,152.82,88454.87,1
2024-12-02,2024-12-02 12:41:00,565.15,565.23,565.15,565.23,0.01,152.82,88454.87,1
2024-12-02,2024-12-02 12:42:00,565.23,565.3,565.23,565.3,0.01,152.82,88454.87,1
2024-12-02,2024-12-02 12:43:00,565.3,565.37,565.3,565.37,0.01,152.82,88454.87,1
2024-12-02,2024-12-02 12:44:00,565.37,565.44,565.37,565.44,0.01,152.82,88454.87,1
2024-12-02,2024-12-02 12:45:00,565.44,565.51,565.44,565.51,0.01,152.82,88454.87,1
2024-12-02,2024-12-02 12:46:00,565.51,565.58,565.51,565.58,0.01,152.82,88454.87,1
2024-12-02,2024-12-02 12:47:00,565.58,565.65,565.58,565.65,0.01,152.82,88454.87,1
2024-12-02,2024-12-02 12:48:00,565.65,565.72,565.65,565.72,0.01,152.82,88454.87,1
2024-12-02,2024-12-02 12:49:00,565.72,565.79,565.72,565.79,0.01,152.82,88454.87,1
2024-12-02,2024-12-02 12:50:00,565.79,565.86,565.79,565.86,0.01,152.82,88454.87,1
2024-12-02,2024-12-02 12:51:00,565.86,565.93,565.86,565.93,0.01,152.82,88454.87,1
2024-12-02,2024-12-02 12:52:00,565.93,566.0,565.93,566.0,0.01,152.82,88454.87,1
2024-12-02,2024-12-02 12:53:00,566.0,566.08,566.0,566.08,0.01,152.82,88454.87,1
2024-12-02,2024-12-02 12:54:00,566.08,566.15,566.08,566.15,0.01,152.82,88454.87,1
2024-12-02,2024-12-02 12:55:00,566.15,566.22,566.15,566.22,0.01,152.82,88454.87,1
2024-12-02,2024-12-02 12:56:00,566.22,566.29,566.22,566.29,0.01,152.82,88454.87,1
2024-12-02,2024-12-02 12:57:00,566.29,566.36,566.29,566.36,0.01,152.82,88454.87,1
2024-12-02,2024-12-02 12:58:00,566.36,566.43,566.36,566.43,0.01,152.82,88454.87,1
2024-12-02,2024-12-02 12:59:00,566.43,566.5,566.43,566.5,0.01,152.82,88454.87,1
2024-12-02,2024-12-02 13:00:00,566.5,614.0,558.0,566.57,0.01,152.82,88454.87,1
2024-12-02,2024-12-02 13:01:00,566.57,566.64,566.57,566.64,0.01,152.82,88454.87,1
2024-12-02,2024-12-02 13:02:00,566.64,566.71,566.64,566.71,0.01,152.82,88454.87,1
2024-12-02,2024-12-02 13:03:00,566.71,566.78,566.71,566.78,0.01,152.82,88454.87,1
2024-12-02,2024-12-02 13:04:00,566.78,566.85,566.78,566.85,0.01,152.82,88454.87,1
2024-12-02,2024-12-02 13:05:00,566.85,566.92,566.85,566.92,0.01,152.82,88454.87,1
2024-12-02,2024-12-02 13:06:00,566.92,567.0,566.92,567.0,0.01,152.82,88454.87,1
2024-12-02,2024-12-02 13:07:00,567.0,567.07,567.0,567.07,0.01,152.82,88454.87,1
2024-12-02,2024-12-02 13:08:00,567.07,567.14,567.07,567.14,0.01,152.82,88454.87,1
2024-12-02,2024-12-02 13:09:00,567.14,567.21,567.14,567.21,0.01,152.82,88454.87,1
2024-12-02,2024-12-02 13:10:00,567.21,567.28,567.21,567.28,0.01,152.82,88454.87,1
2024-12-02,2024-12-02 13:11:00,567.28,567.35,567.28,567.35,0.01,152.82,88454.87,1
2024-12-02,2024-12-02 13:12:00,567.35,567.42,567.35,567.42,0.01,152.82,88454.87,1
2024-12-02,2024-12-02 13:13:00,567.42,567.49,567.42,567.49,0.01,152.82,88454.87,1
2024-12-02,2024-12-02 13:14:00,567.49,567.56,567.49,567.56,0.01,152.82,88454.87,1
2024-12-02,2024-12-02 13:15:00,567.56,567.63,567.56,567.63,0.01,152.82,88454.87,1
2024-12-02,2024-12-02 13:16:00,567.63,567.7,567.63,567.7,0.01,152.82,88454.87,1
2024-12-02,2024-12-02 13:17:00,567.7,567.77,567.7,567.77,0.01,152.82,88454.87,1
2024-12-02,2024-12-02 13:18:00,567.77,567.85,567.77,567.85,0.01,152.82,88454.87,1
2024-12-02,2024-12-02 13:19:00,567.85,567.92,567.85,567.92,0.01,152.82,88454.87,1
2024-12-02,2024-12-02 13:20:00,567.92,567.99,567.92,567.99,0.01,152.82,88454.87,1
2024-12-02,2024-12-02 13:21:00,567.99,568.06,567.99,568.06,0.01,152.82,88454.87,1
2024-12-02,2024-12-02 13:22:00,568.06,568.13,568.06,568.13,0.01,152.82,88454.87,1
2024-12-02,2024-12-02 13:23:00,568.13,568.2,568.13,568.2,0.01,152.82,88454.87,1
2024-12-02,2024-12-02 13:24:00,568.2,568.27,568.2,568.27,0.01,152.82,88454.87,1
2024-12-02,2024-12-02 13:25:00,568.27,568.34,568.27,568.34,0.01,152.82,88454.87,1
2024-12-02,2024-12-02 13:26:00,568.34,568.41,568.34,568.41,0.01,152.82,88454.87,1
2024-12-02,2024-12-02 13:27:00,568.41,568.48,568.41,568.48,0.01,152.82,88454.87,1
2024-12-02,2024-12-02 13:28:00,568.48,568.55,568.48,568.55,0.01,152.82,88454.87,1
2024-12-02,2024-12-02 13:29:00,568.55,568.62,568.55,568.62,0.01,152.82,88454.87,1
2024-12-02,2024-12-02 13:30:00,568.62,568.7,568.62,568.7,0.01,152.82,88454.87,1
2024-12-02,2024-12-02 13:31:00,568.7,568.77,568.7,568.77,0.01,152.82,88454.87,1
2024-12-02,2024-12-02 13:32:00,568.77,568.84,568.77,568.84,0.01,152.82,88454.87,1
2024-12-02,2024-12-02 13:33:00,568.84,568.91,568.84,568.91,0.01,152.82,88454.87,1
2024-12-02,2024-12-02 13:34:00,568.91,568.98,568.91,568.98,0.01,152.82,88454.87,1
2024-12-02,2024-12-02 13:35:00,568.98,569.05,568.98,569.05,0.01,152.82,88454.87,1
2024-12-02,2024-12-02 13:36:00,569.05,569.12,569.05,569.12,0.01,152.82,88454.87,1
2024-12-02,2024-12-02 13:37:00,569.12,569.19,569.12,569.19,0.01,152.82,88454.87,1
2024-12-02,2024-12-02 13:38:00,569.19,569.26,569.19,569.26,0.01,152.82,88454.87,1
2024-12-02,2024-12-02 13:39:00,569.26,569.33,569.26,569.33,0.01,152.82,88454.87,1
2024-12-02,2024-12-02 13:40:00,569.33,569.4,569.33,569.4,0.01,152.82,88454.87,1
2024-12-02,2024-12-02 13:41:00,569.4,569.48,569.4,569.48,0.01,152.82,88454.87,1
2024-12-02,2024-12-02 13:42:00,569.48,569.55,569.48,569.55,0.01,152.82,88454.87,1
2024-12-02,2024-12-02 13:43:00,569.55,569.62,569.55,569.62,0.01,152.82,88454.87,1
2024-12-02,2024-12-02 13:44:00,569.62,569.69,569.62,569.69,0.01,152.82,88454.87,1
2024-12-02,2024-12-02 13:45:00,569.69,569.76,569.69,569.76,0.01,152.82,88454.87,1
2024-12-02,2024-12-02 13:46:00,569.76,569.83,569.76,569.83,0.01,152.82,88454.87,1
2024-12-02,2024-12-02 13:47:00,569.83,569.9,569.83,569.9,0.01,152.82,88454.87,1
2024-12-02,2024-12-02 13:48:00,569.9,569.97,569.9,569.97,0.01,152.82,88454.87,1
2024-12-02,2024-12-02 13:49:00,569.97,570.04,569.97,570.04,0.01,152.82,88454.87,1
2024-12-02,2024-12-02 13:50:00,570.04,570.11,570.04,570.11,0.01,152.82,88454.87,1
2024-12-02,2024-12-02 13:51:00,570.11,570.18,570.11,570.18,0.01,152.82,88454.87,1
2024-12-02,2024-12-02 13:52:00,570.18,570.25,570.18,570.25,0.01,152.82,88454.87,1
2024-12-02,2024-12-02 13:53:00,570.25,570.33,570.25,570.33,0.01,152.82,88454.87,1
2024-12-02,2024-12-02 13:54:00,570.33,570.4,570.33,570.4,0.01,152.82,88454.87,1
2024-12-02,2024-12-02 13:55:00,570.4,570.47,570.4,570.47,0.01,152.82,88454.87,1
2024-12-02,2024-12-02 13:56:00,570.47,570.54,570.47,570.54,0.01,152.82,88454.87,1
2024-12-02,2024-12-02 13:57:00,570.54,570.61,570.54,570.61,0.01,152.82,88454.87,1
2024-12-02,2024-12-02 13:58:00,570.61,570.68,570.61,570.68,0.01,152.82,88454.87,1
2024-12-02,2024-12-02 13:59:00,570.68,570.75,570.68,570.75,0.01,152.82,88454.87,1
2024-12-02,2024-12-02 14:00:00,570.75,570.82,570.75,570.82,0.01,152.82,88454.87,1
2024-12-02,2024-12-02 14:01:00,570.82,570.89,570.82,570.89,0.01,152.82,88454.87,1
2024-12-02,2024-12-02 14:02:00,570.89,570.96,570.89,570.96,0.01,152.82,88454.87,1
2024-12-02,2024-12-02 14:03:00,570.96,571.03,570.96,571.03,0.01,152.82,88454.87,1
2024-12-02,2024-12-02 14:04:00,571.03,571.1,571.03,571.1,0.01,152.82,88454.87,1
2024-12-02,2024-12-02 14:05:00,571.1,571.17,571.1,571.17,0.01,152.82,88454.87,1
2024-12-02,2024-12-02 14:06:00,571.17,571.25,571.17,571.25,0.01,152.82,88454.87,1
2024-12-02,2024-12-02 14:07:00,571.25,571.32,571.25,571.32,0.01,152.82,88454.87,1
2024-12-02,2024-12-02 14:08:00,571.32,571.39,571.32,571.39,0.01,152.82,88454.87,1
2024-12-02,2024-12-02 14:09:00,571.39,571.46,571.39,571.46,0.01,152.82,88454.87,1
2024-12-02,2024-12-02 14:10:00,571.46,571.53,571.46,571.53,0.01,152.82,88454.87,1
2024-12-02,2024-12-02 14:11:00,571.53,571.6,571.53,571.6,0.01,152.82,88454.87,1
2024-12-02,2024-12-02 14:12:00,571.6,571.67,571.6,571.67,0.01,152.82,88454.87,1
2024-12-02,2024-12-02 14:13:00,571.67,571.74,571.67,571.74,0.01,152.82,88454.87,1
2024-12-02,2024-12-02 14:14:00,571.74,571.81,571.74,571.81,0.01,152.82,88454.87,1
2024-12-02,2024-12-02 14:15:00,571.81,571.88,571.81,571.88,0.01,152.82,88454.87,1
2024-12-02,2024-12-02 14:16:00,571.88,571.95,571.88,571.95,0.01,152.82,88454.87,1
2024-12-02,2024-12-02 14:17:00,571.95,572.02,571.95,572.02,0.01,152.82,88454.87,1
2024-12-02,2024-12-02 14:18:00,572.02,572.1,572.02,572.1,0.01,152.82,88454.87,1
2024-12-02,2024-12-02 14:19:00,572.1,572.17,572.1,572.17,0.01,152.82,88454.87,1
2024-12-02,2024-12-02 14:20:00,572.17,572.24,572.17,572.24,0.01,152.82,88454.87,1
2024-12-02,2024-12-02 14:21:00,572.24,572.31,572.24,572.31,0.01,152.82,88454.87,1
2024-12-02,2024-12-02 14:22:00,572.31,572.38,572.31,572.38,0.01,152.82,88454.87,1
2024-12-02,2024-12-02 14:23:00,572.38,572.45,572.38,572.45,0.01,152.82,88454.87,1
2024-12-02,2024-12-02 14:24:00,572.45,572.52,572.45,572.52,0.01,152.82,88454.87,1
2024-12-02,2024-12-02 14:25:00,572.52,572.59,572.52,572.59,0.01,152.82,88454.87,1
2024-12-02,2024-12-02 14:26:00,572.59,572.66,572.59,572.66,0.01,152.82,88454.87,1
2024-12-02,2024-12-02 14:27:00,572.66,572.73,572.66,572.73,0.01,152.82,88454.87,1
2024-12-02,2024-12-02 14:28:00,572.73,572.8,572.73,572.8,0.01,152.82,88454.87,1
2024-12-02,2024-12-02 14:29:00,572.8,572.88,572.8,572.88,0.01,152.82,88454.87,1
2024-12-02,2024-12-02 14:30:00,572.88,572.95,572.88,572.95,0.01,152.82,88454.87,1
2024-12-02,2024-12-02 14:31:00,572.95,573.02,572.95,573.02,0.01,152.82,88454.87,1
2024-12-02,2024-12-02 14:32:00,573.02,573.09,573.02,573.09,0.01,152.82,88454.87,1
2024-12-02,2024-12-02 14:33:00,573.09,573.16,573.09,573.16,0.01,152.82,88454.87,1
2024-12-02,2024-12-02 14:34:00,573.16,573.23,573.16,573.23,0.01,152.82,88454.87,1
2024-12-02,2024-12-02 14:35:00,573.23,573.3,573.23,573.3,0.01,152.82,88454.87,1
2024-12-02,2024-12-02 14:36:00,573.3,573.37,573.3,573.37,0.01,152.82,88454.87,1
2024-12-02,2024-12-02 14:37:00,573.37,573.44,573.37,573.44,0.01,152.82,88454.87,1
2024-12-02,2024-12-02 14:38:00,573.44,573.51,573.44,573.51,0.01,152.82,88454.87,1
2024-12-02,2024-12-02 14:39:00,573.51,573.58,573.51,573.58,0.01,152.82,88454.87,1
2024-12-02,2024-12-02 14:40:00,573.58,573.65,573.58,573.65,0.01,152.82,88454.87,1
2024-12-02,2024-12-02 14:41:00,573.65,573.73,573.65,573.73,0.01,152.82,88454.87,1
2024-12-02,2024-12-02 14:42:00,573.73,573.8,573.73,573.8,0.01,152.82,88454.87,1
2024-12-02,2024-12-02 14:43:00,573.8,573.87,573.8,573.87,0.01,152.82,88454.87,1
2024-12-02,2024-12-02 14:44:00,573.87,573.94,573.87,573.94,0.01,152.82,88454.87,1
2024-12-02,2024-12-02 14:45:00,573.94,574.01,573.94,574.01,0.01,152.82,88454.87,1
2024-12-02,2024-12-02 14:46:00,574.01,574.08,574.01,574.08,0.01,152.82,88454.87,1
2024-12-02,2024-12-02 14:47:00,574.08,574.15,574.08,574.15,0.01,152.82,88454.87,1
2024-12-02,2024-12-02 14:48:00,574.15,574.22,574.15,574.22,0.01,152.82,88454.87,1
2024-12-02,2024-12-02 14:49:00,574.22,574.29,574.22,574.29,0.01,152.82,88454.87,1
2024-12-02,2024-12-02 14:50:00,574.29,574.36,574.29,574.36,0.01,152.82,88454.87,1
2024-12-02,2024-12-02 14:51:00,574.36,574.43,574.36,574.43,0.01,152.82,88454.87,1
2024-12-02,2024-12-02 14:52:00,574.43,574.5,574.43,574.5,0.01,152.82,88454.87,1
2024-12-02,2024-12-02 14:53:00,574.5,574.58,574.5,574.58,0.01,152.82,88454.87,1
2024-12-02,2024-12-02 14:54:00,574.58,574.65,574.58,574.65,0.01,152.82,88454.87,1
2024-12-02,2024-12-02 14:55:00,574.65,574.72,574.65,574.72,0.01,152.82,88454.87,1
2024-12-02,2024-12-02 14:56:00,574.72,574.79,574.72,574.79,0.01,152.82,88454.87,1
2024-12-02,2024-12-02 14:57:00,574.79,574.86,574.79,574.86,0.01,152.82,88454.87,1
2024-12-02,2024-12-02 14:58:00,574.86,574.93,574.86,574.93,0.01,152.82,88454.87,1
2024-12-02,2024-12-02 14:59:00,574.93,575.0,574.93,575.0,0.01,152.82,88454.87,1
2024-12-02,2024-12-02 15:00:00,575.0,614.0,558.0,575.0,0.0,152.82,88454.87,0
2024-12-03,2024-12-03 11:00:00,564.0,573.6,564.0,564.05,0.01,101.81,58747.13,1
2024-12-03,2024-12-03 11:01:00,564.05,564.1,564.05,564.1,0.01,101.81,58747.13,1
2024-12-03,2024-12-03 11:02:00,564.1,564.15,564.1,564.15,0.01,101.81,58747.13,1
2024-12-03,2024-12-03 11:03:00,564.15,564.2,564.15,564.2,0.01,101.81,58747.13,1
2024-12-03,2024-12-03 11:04:00,564.2,564.25,564.2,564.25,0.01,101.81,58747.13,1
2024-12-03,2024-12-03 11:05:00,564.25,564.3,564.25,564.3,0.01,101.81,58747.13,1
2024-12-03,2024-12-03 11:06:00,564.3,564.35,564.3,564.35,0.01,101.81,58747.13,1
2024-12-03,2024-12-03 11:07:00,564.35,564.4,564.35,564.4,0.01,101.81,58747.13,1
2024-12-03,2024-12-03 11:08:00,564.4,564.45,564.4,564.45,0.01,101.81,58747.13,1
2024-12-03,2024-12-03 11:09:00,564.45,564.5,564.45,564.5,0.01,101.81,58747.13,1
2024-12-03,2024-12-03 11:10:00,564.5,564.55,564.5,564.55,0.01,101.81,58747.13,1
2024-12-03,2024-12-03 11:11:00,564.55,564.6,564.55,564.6,0.01,101.81,58747.13,1
2024-12-03,2024-12-03 11:12:00,564.6,564.65,564.6,564.65,0.01,101.81,58747.13,1
2024-12-03,2024-12-03 11:13:00,564.65,564.7,564.65,564.7,0.01,101.81,58747.13,1
2024-12-03,2024-12-03 11:14:00,564.7,564.75,564.7,564.75,0.01,101.81,58747.13,1
2024-12-03,2024-12-03 11:15:00,564.75,564.8,564.75,564.8,0.01,101.81,58747.13,1
2024-12-03,2024-12-03 11:16:00,564.8,564.85,564.8,564.85,0.01,101.81,58747.13,1
2024-12-03,2024-12-03 11:17:00,564.85,564.9,564.85,564.9,0.01,101.81,58747.13,1
2024-12-03,2024-12-03 11:18:00,564.9,564.95,564.9,564.95,0.01,101.81,58747.13,1
2024-12-03,2024-12-03 11:19:00,564.95,565.0,564.95,565.0,0.01,101.81,58747.13,1
2024-12-03,2024-12-03 11:20:00,565.0,565.05,565.0,565.05,0.01,101.81,58747.13,1
2024-12-03,2024-12-03 11:21:00,565.05,565.1,565.05,565.1,0.01,101.81,58747.13,1
2024-12-03,2024-12-03 11:22:00,565.1,565.15,565.1,565.15,0.01,101.81,58747.13,1
2024-12-03,2024-12-03 11:23:00,565.15,565.2,565.15,565.2,0.01,101.81,58747.13,1
2024-12-03,2024-12-03 11:24:00,565.2,565.25,565.2,565.25,0.01,101.81,58747.13,1
2024-12-03,2024-12-03 11:25:00,565.25,565.3,565.25,565.3,0.01,101.81,58747.13,1
2024-12-03,2024-12-03 11:26:00,565.3,565.35,565.3,565.35,0.01,101.81,58747.13,1
2024-12-03,2024-12-03 11:27:00,565.35,565.4,565.35,565.4,0.01,101.81,58747.13,1
2024-12-03,2024-12-03 11:28:00,565.4,565.45,565.4,565.45,0.01,101.81,58747.13,1
2024-12-03,2024-12-03 11:29:00,565.45,565.5,565.45,565.5,0.01,101.81,58747.13,1
2024-12-03,2024-12-03 11:30:00,565.5,565.55,565.5,565.55,0.01,101.81,58747.13,1
2024-12-03,2024-12-03 11:31:00,565.55,565.6,565.55,565.6,0.01,101.81,58747.13,1
2024-12-03,2024-12-03 11:32:00,565.6,565.65,565.6,565.65,0.01,101.81,58747.13,1
2024-12-03,2024-12-03 11:33:00,565.65,565.7,565.65,565.7,0.01,101.81,58747.13,1
2024-12-03,2024-12-03 11:34:00,565.7,565.75,565.7,565.75,0.01,101.81,58747.13,1
2024-12-03,2024-12-03 11:35:00,565.75,565.8,565.75,565.8,0.01,101.81,58747.13,1
2024-12-03,2024-12-03 11:36:00,565.8,565.85,565.8,565.85,0.01,101.81,58747.13,1
2024-12-03,2024-12-03 11:37:00,565.85,565.9,565.85,565.9,0.01,101.81,58747.13,1
2024-12-03,2024-12-03 11:38:00,565.9,565.95,565.9,565.95,0.01,101.81,58747.13,1
2024-12-03,2024-12-03 11:39:00,565.95,566.0,565.95,566.0,0.01,101.81,58747.13,1
2024-12-03,2024-12-03 11:40:00,566.0,566.05,566.0,566.05,0.01,101.81,58747.13,1
2024-12-03,2024-12-03 11:41:00,566.05,566.1,566.05,566.1,0.01,101.81,58747.13,1
2024-12-03,2024-12-03 11:42:00,566.1,566.15,566.1,566.15,0.01,101.81,58747.13,1
2024-12-03,2024-12-03 11:43:00,566.15,566.2,566.15,566.2,0.01,101.81,58747.13,1
2024-12-03,2024-12-03 11:44:00,566.2,566.25,566.2,566.25,0.01,101.81,58747.13,1
2024-12-03,2024-12-03 11:45:00,566.25,566.3,566.25,566.3,0.01,101.81,58747.13,1
2024-12-03,2024-12-03 11:46:00,566.3,566.35,566.3,566.35,0.01,101.81,58747.13,1
2024-12-03,2024-12-03 11:47:00,566.35,566.4,566.35,566.4,0.01,101.81,58747.13,1
2024-12-03,2024-12-03 11:48:00,566.4,566.45,566.4,566.45,0.01,101.81,58747.13,1
2024-12-03,2024-12-03 11:49:00,566.45,566.5,566.45,566.5,0.01,101.81,58747.13,1
2024-12-03,2024-12-03 11:50:00,566.5,566.55,566.5,566.55,0.01,101.81,58747.13,1
2024-12-03,2024-12-03 11:51:00,566.55,566.6,566.55,566.6,0.01,101.81,58747.13,1
2024-12-03,2024-12-03 11:52:00,566.6,566.65,566.6,566.65,0.01,101.81,58747.13,1
2024-12-03,2024-12-03 11:53:00,566.65,566.7,566.65,566.7,0.01,101.81,58747.13,1
2024-12-03,2024-12-03 11:54:00,566.7,566.75,566.7,566.75,0.01,101.81,58747.13,1
2024-12-03,2024-12-03 11:55:00,566.75,566.8,566.75,566.8,0.01,101.81,58747.13,1
2024-12-03,2024-12-03 11:56:00,566.8,566.85,566.8,566.85,0.01,101.81,58747.13,1
2024-12-03,2024-12-03 11:57:00,566.85,566.9,566.85,566.9,0.01,101.81,58747.13,1
2024-12-03,2024-12-03 11:58:00,566.9,566.95,566.9,566.95,0.01,101.81,58747.13,1
2024-12-03,2024-12-03 11:59:00,566.95,567.0,566.95,567.0,0.01,101.81,58747.13,1
2024-12-03,2024-12-03 12:00:00,567.0,567.05,567.0,567.05,0.01,101.81,58747.13,1
2024-12-03,2024-12-03 12:01:00,567.05,567.1,567.05,567.1,0.01,101.81,58747.13,1
2024-12-03,2024-12-03 12:02:00,567.1,567.15,567.1,567.15,0.01,101.81,58747.13,1
2024-12-03,2024-12-03 12:03:00,567.15,567.2,567.15,567.2,0.01,101.81,58747.13,1
2024-12-03,2024-12-03 12:04:00,567.2,567.25,567.2,567.25,0.01,101.81,58747.13,1
2024-12-03,2024-12-03 12:05:00,567.25,567.3,567.25,567.3,0.01,101.81,58747.13,1
2024-12-03,2024-12-03 12:06:00,567.3,567.35,567.3,567.35,0.01,101.81,58747.13,1
2024-12-03,2024-12-03 12:07:00,567.35,567.4,567.35,567.4,0.01,101.81,58747.13,1
2024-12-03,2024-12-03 12:08:00,567.4,567.45,567.4,567.45,0.01,101.81,58747.13,1
2024-12-03,2024-12-03 12:09:00,567.45,567.5,567.45,567.5,0.01,101.81,58747.13,1
2024-12-03,2024-12-03 12:10:00,567.5,567.55,567.5,567.55,0.01,101.81,58747.13,1
2024-12-03,2024-12-03 12:11:00,567.55,567.6,567.55,567.6,0.01,101.81,58747.13,1
2024-12-03,2024-12-03 12:12:00,567.6,567.65,567.6,567.65,0.01,101.81,58747.13,1
2024-12-03,2024-12-03 12:13:00,567.65,567.7,567.65,567.7,0.01,101.81,58747.13,1
2024-12-03,2024-12-03 12:14:00,567.7,567.75,567.7,567.75,0.01,101.81,58747.13,1
2024-12-03,2024-12-03 12:15:00,567.75,567.8,567.75,567.8,0.01,101.81,58747.13,1
2024-12-03,2024-12-03 12:16:00,567.8,567.85,567.8,567.85,0.01,101.81,58747.13,1
2024-12-03,2024-12-03 12:17:00,567.85,567.9,567.85,567.9,0.01,101.81,58747.13,1
2024-12-03,2024-12-03 12:18:00,567.9,567.95,567.9,567.95,0.01,101.81,58747.13,1
2024-12-03,2024-12-03 12:19:00,567.95,568.0,567.95,568.0,0.01,101.81,58747.13,1
2024-12-03,2024-12-03 12:20:00,568.0,568.05,568.0,568.05,0.01,101.81,58747.13,1
2024-12-03,2024-12-03 12:21:00,568.05,568.1,568.05,568.1,0.01,101.81,58747.13,1
2024-12-03,2024-12-03 12:22:00,568.1,568.15,568.1,568.15,0.01,101.81,58747.13,1
2024-12-03,2024-12-03 12:23:00,568.15,568.2,568.15,568.2,0.01,101.81,58747.13,1
2024-12-03,2024-12-03 12:24:00,568.2,568.25,568.2,568.25,0.01,101.81,58747.13,1
2024-12-03,2024-12-03 12:25:00,568.25,568.3,568.25,568.3,0.01,101.81,58747.13,1
2024-12-03,2024-12-03 12:26:00,568.3,568.35,568.3,568.35,0.01,101.81,58747.13,1
2024-12-03,2024-12-03 12:27:00,568.35,568.4,568.35,568.4,0.01,101.81,58747.13,1
2024-12-03,2024-12-03 12:28:00,568.4,568.45,568.4,568.45,0.01,101.81,58747.13,1
2024-12-03,2024-12-03 12:29:00,568.45,568.5,568.45,568.5,0.01,101.81,58747.13,1
2024-12-03,2024-12-03 12:30:00,568.5,568.55,568.5,568.55,0.01,101.81,58747.13,1
2024-12-03,2024-12-03 12:31:00,568.55,568.6,568.55,568.6,0.01,101.81,58747.13,1
2024-12-03,2024-12-03 12:32:00,568.6,568.65,568.6,568.65,0.01,101.81,58747.13,1
2024-12-03,2024-12-03 12:33:00,568.65,568.7,568.65,568.7,0.01,101.81,58747.13,1
2024-12-03,2024-12-03 12:34:00,568.7,568.75,568.7,568.75,0.01,101.81,58747.13,1
2024-12-03,2024-12-03 12:35:00,568.75,568.8,568.75,568.8,0.01,101.81,58747.13,1
2024-12-03,2024-12-03 12:36:00,568.8,568.85,568.8,568.85,0.01,101.81,58747.13,1
2024-12-03,2024-12-03 12:37:00,568.85,568.9,568.85,568.9,0.01,101.81,58747.13,1
2024-12-03,2024-12-03 12:38:00,568.9,568.95,568.9,568.95,0.01,101.81,58747.13,1
2024-12-03,2024-12-03 12:39:00,568.95,569.0,568.95,569.0,0.01,101.81,58747.13,1
2024-12-03,2024-12-03 12:40:00,569.0,569.05,569.0,569.05,0.01,101.81,58747.13,1
2024-12-03,2024-12-03 12:41:00,569.05,569.1,569.05,569.1,0.01,101.81,58747.13,1
2024-12-03,2024-12-03 12:42:00,569.1,569.15,569.1,569.15,0.01,101.81,58747.13,1
2024-12-03,2024-12-03 12:43:00,569.15,569.2,569.15,569.2,0.01,101.81,58747.13,1
2024-12-03,2024-12-03 12:44:00,569.2,569.25,569.2,569.25,0.01,101.81,58747.13,1
2024-12-03,2024-12-03 12:45:00,569.25,569.3,569.25,569.3,0.01,101.81,58747.13,1
2024-12-03,2024-12-03 12:46:00,569.3,569.35,569.3,569.35,0.01,101.81,58747.13,1
2024-12-03,2024-12-03 12:47:00,569.35,569.4,569.35,569.4,0.01,101.81,58747.13,1
2024-12-03,2024-12-03 12:48:00,569.4,569.45,569.4,569.45,0.01,101.81,58747.13,1
2024-12-03,2024-12-03 12:49:00,569.45,569.5,569.45,569.5,0.01,101.81,58747.13,1
2024-12-03,2024-12-03 12:50:00,569.5,569.55,569.5,569.55,0.01,101.81,58747.13,1
2024-12-03,2024-12-03 12:51:00,569.55,569.6,569.55,569.6,0.01,101.81,58747.13,1
2024-12-03,2024-12-03 12:52:00,569.6,569.65,569.6,569.65,0.01,101.81,58747.13,1
2024-12-03,2024-12-03 12:53:00,569.65,569.7,569.65,569.7,0.01,101.81,58747.13,1
2024-12-03,2024-12-03 12:54:00,569.7,569.75,569.7,569.75,0.01,101.81,58747.13,1
2024-12-03,2024-12-03 12:55:00,569.75,569.8,569.75,569.8,0.01,101.81,58747.13,1
2024-12-03,2024-12-03 12:56:00,569.8,569.85,569.8,569.85,0.01,101.81,58747.13,1
2024-12-03,2024-12-03 12:57:00,569.85,569.9,569.85,569.9,0.01,101.81,58747.13,1
2024-12-03,2024-12-03 12:58:00,569.9,569.95,569.9,569.95,0.01,101.81,58747.13,1
2024-12-03,2024-12-03 12:59:00,569.95,570.0,569.95,570.0,0.01,101.81,58747.13,1
2024-12-03,2024-12-03 13:00:00,570.0,596.0,564.0,570.05,0.01,101.81,58747.13,1
2024-12-03,2024-12-03 13:01:00,570.05,570.1,570.05,570.1,0.01,101.81,58747.13,1
2024-12-03,2024-12-03 13:02:00,570.1,570.15,570.1,570.15,0.01,101.81,58747.13,1
2024-12-03,2024-12-03 13:03:00,570.15,570.2,570.15,570.2,0.01,101.81,58747.13,1
2024-12-03,2024-12-03 13:04:00,570.2,570.25,570.2,570.25,0.01,101.81,58747.13,1
2024-12-03,2024-12-03 13:05:00,570.25,570.3,570.25,570.3,0.01,101.81,58747.13,1
2024-12-03,2024-12-03 13:06:00,570.3,570.35,570.3,570.35,0.01,101.81,58747.13,1
2024-12-03,2024-12-03 13:07:00,570.35,570.4,570.35,570.4,0.01,101.81,58747.13,1
2024-12-03,2024-12-03 13:08:00,570.4,570.45,570.4,570.45,0.01,101.81,58747.13,1
2024-12-03,2024-12-03 13:09:00,570.45,570.5,570.45,570.5,0.01,101.81,58747.13,1
2024-12-03,2024-12-03 13:10:00,570.5,570.55,570.5,570.55,0.01,101.81,58747.13,1
2024-12-03,2024-12-03 13:11:00,570.55,570.6,570.55,570.6,0.01,101.81,58747.13,1
2024-12-03,2024-12-03 13:12:00,570.6,570.65,570.6,570.65,0.01,101.81,58747.13,1
2024-12-03,2024-12-03 13:13:00,570.65,570.7,570.65,570.7,0.01,101.81,58747.13,1
2024-12-03,2024-12-03 13:14:00,570.7,570.75,570.7,570.75,0.01,101.81,58747.13,1
2024-12-03,2024-12-03 13:15:00,570.75,570.8,570.75,570.8,0.01,101.81,58747.13,1
2024-12-03,2024-12-03 13:16:00,570.8,570.85,570.8,570.85,0.01,101.81,58747.13,1
2024-12-03,2024-12-03 13:17:00,570.85,570.9,570.85,570.9,0.01,101.81,58747.13,1
2024-12-03,2024-12-03 13:18:00,570.9,570.95,570.9,570.95,0.01,101.81,58747.13,1
2024-12-03,2024-12-03 13:19:00,570.95,571.0,570.95,571.0,0.01,101.81,58747.13,1
2024-12-03,2024-12-03 13:20:00,571.0,571.05,571.0,571.05,0.01,101.81,58747.13,1
2024-12-03,2024-12-03 13:21:00,571.05,571.1,571.05,571.1,0.01,101.81,58747.13,1
2024-12-03,2024-12-03 13:22:00,571.1,571.15,571.1,571.15,0.01,101.81,58747.13,1
2024-12-03,2024-12-03 13:23:00,571.15,571.2,571.15,571.2,0.01,101.81,58747.13,1
2024-12-03,2024-12-03 13:24:00,571.2,571.25,571.2,571.25,0.01,101.81,58747.13,1
2024-12-03,2024-12-03 13:25:00,571.25,571.3,571.25,571.3,0.01,101.81,58747.13,1
2024-12-03,2024-12-03 13:26:00,571.3,571.35,571.3,571.35,0.01,101.81,58747.13,1
2024-12-03,2024-12-03 13:27:00,571.35,571.4,571.35,571.4,0.01,101.81,58747.13,1
2024-12-03,2024-12-03 13:28:00,571.4,571.45,571.4,571.45,0.01,101.81,58747.13,1
2024-12-03,2024-12-03 13:29:00,571.45,571.5,571.45,571.5,0.01,101.81,58747.13,1
2024-12-03,2024-12-03 13:30:00,571.5,571.55,571.5,571.55,0.01,101.81,58747.13,1
2024-12-03,2024-12-03 13:31:00,571.55,571.6,571.55,571.6,0.01,101.81,58747.13,1
2024-12-03,2024-12-03 13:32:00,571.6,571.65,571.6,571.65,0.01,101.81,58747.13,1
2024-12-03,2024-12-03 13:33:00,571.65,571.7,571.65,571.7,0.01,101.81,58747.13,1
2024-12-03,2024-12-03 13:34:00,571.7,571.75,571.7,571.75,0.01,101.81,58747.13,1
2024-12-03,2024-12-03 13:35:00,571.75,571.8,571.75,571.8,0.01,101.81,58747.13,1
2024-12-03,2024-12-03 13:36:00,571.8,571.85,571.8,571.85,0.01,101.81,58747.13,1
2024-12-03,2024-12-03 13:37:00,571.85,571.9,571.85,571.9,0.01,101.81,58747.13,1
2024-12-03,2024-12-03 13:38:00,571.9,571.95,571.9,571.95,0.01,101.81,58747.13,1
2024-12-03,2024-12-03 13:39:00,571.95,572.0,571.95,572.0,0.01,101.81,58747.13,1
2024-12-03,2024-12-03 13:40:00,572.0,572.05,572.0,572.05,0.01,101.81,58747.13,1
2024-12-03,2024-12-03 13:41:00,572.05,572.1,572.05,572.1,0.01,101.81,58747.13,1
2024-12-03,2024-12-03 13:42:00,572.1,572.15,572.1,572.15,0.01,101.81,58747.13,1
2024-12-03,2024-12-03 13:43:00,572.15,572.2,572.15,572.2,0.01,101.81,58747.13,1
2024-12-03,2024-12-03 13:44:00,572.2,572.25,572.2,572.25,0.01,101.81,58747.13,1
2024-12-03,2024-12-03 13:45:00,572.25,572.3,572.25,572.3,0.01,101.81,58747.13,1
2024-12-03,2024-12-03 13:46:00,572.3,572.35,572.3,572.35,0.01,101.81,58747.13,1
2024-12-03,2024-12-03 13:47:00,572.35,572.4,572.35,572.4,0.01,101.81,58747.13,1
2024-12-03,2024-12-03 13:48:00,572.4,572.45,572.4,572.45,0.01,101.81,58747.13,1
2024-12-03,2024-12-03 13:49:00,572.45,572.5,572.45,572.5,0.01,101.81,58747.13,1
2024-12-03,2024-12-03 13:50:00,572.5,572.55,572.5,572.55,0.01,101.81,58747.13,1
2024-12-03,2024-12-03 13:51:00,572.55,572.6,572.55,572.6,0.01,101.81,58747.13,1
2024-12-03,2024-12-03 13:52:00,572.6,572.65,572.6,572.65,0.01,101.81,58747.13,1
2024-12-03,2024-12-03 13:53:00,572.65,572.7,572.65,572.7,0.01,101.81,58747.13,1
2024-12-03,2024-12-03 13:54:00,572.7,572.75,572.7,572.75,0.01,101.81,58747.13,1
2024-12-03,2024-12-03 13:55:00,572.75,572.8,572.75,572.8,0.01,101.81,58747.13,1
2024-12-03,2024-12-03 13:56:00,572.8,572.85,572.8,572.85,0.01,101.81,58747.13,1
2024-12-03,2024-12-03 13:57:00,572.85,572.9,572.85,572.9,0.01,101.81,58747.13,1
2024-12-03,2024-12-03 13:58:00,572.9,572.95,572.9,572.95,0.01,101.81,58747.13,1
2024-12-03,2024-12-03 13:59:00,572.95,573.0,572.95,573.0,0.01,101.81,58747.13,1
2024-12-03,2024-12-03 14:00:00,573.0,573.05,573.0,573.05,0.01,101.81,58747.13,1
2024-12-03,2024-12-03 14:01:00,573.05,573.1,573.05,573.1,0.01,101.81,58747.13,1
2024-12-03,2024-12-03 14:02:00,573.1,573.15,573.1,573.15,0.01,101.81,58747.13,1
2024-12-03,2024-12-03 14:03:00,573.15,573.2,573.15,573.2,0.01,101.81,58747.13,1
2024-12-03,2024-12-03 14:04:00,573.2,573.25,573.2,573.25,0.01,101.81,58747.13,1
2024-12-03,2024-12-03 14:05:00,573.25,573.3,573.25,573.3,0.01,101.81,58747.13,1
2024-12-03,2024-12-03 14:06:00,573.3,573.35,573.3,573.35,0.01,101.81,58747.13,1
2024-12-03,2024-12-03 14:07:00,573.35,573.4,573.35,573.4,0.01,101.81,58747.13,1
2024-12-03,2024-12-03 14:08:00,573.4,573.45,573.4,573.45,0.01,101.81,58747.13,1
2024-12-03,2024-12-03 14:09:00,573.45,573.5,573.45,573.5,0.01,101.81,58747.13,1
2024-12-03,2024-12-03 14:10:00,573.5,573.55,573.5,573.55,0.01,101.81,58747.13,1
2024-12-03,2024-12-03 14:11:00,573.55,573.6,573.55,573.6,0.01,101.81,58747.13,1
2024-12-03,2024-12-03 14:12:00,573.6,573.65,573.6,573.65,0.01,101.81,58747.13,1
2024-12-03,2024-12-03 14:13:00,573.65,573.7,573.65,573.7,0.01,101.81,58747.13,1
2024-12-03,2024-12-03 14:14:00,573.7,573.75,573.7,573.75,0.01,101.81,58747.13,1
2024-12-03,2024-12-03 14:15:00,573.75,573.8,573.75,573.8,0.01,101.81,58747.13,1
2024-12-03,2024-12-03 14:16:00,573.8,573.85,573.8,573.85,0.01,101.81,58747.13,1
2024-12-03,2024-12-03 14:17:00,573.85,573.9,573.85,573.9,0.01,101.81,58747.13,1
2024-12-03,2024-12-03 14:18:00,573.9,573.95,573.9,573.95,0.01,101.81,58747.13,1
2024-12-03,2024-12-03 14:19:00,573.95,574.0,573.95,574.0,0.01,101.81,58747.13,1
2024-12-03,2024-12-03 14:20:00,574.0,574.05,574.0,574.05,0.01,101.81,58747.13,1
2024-12-03,2024-12-03 14:21:00,574.05,574.1,574.05,574.1,0.01,101.81,58747.13,1
2024-12-03,2024-12-03 14:22:00,574.1,574.15,574.1,574.15,0.01,101.81,58747.13,1
2024-12-03,2024-12-03 14:23:00,574.15,574.2,574.15,574.2,0.01,101.81,58747.13,1
2024-12-03,2024-12-03 14:24:00,574.2,574.25,574.2,574.25,0.01,101.81,58747.13,1
2024-12-03,2024-12-03 14:25:00,574.25,574.3,574.25,574.3,0.01,101.81,58747.13,1
2024-12-03,2024-12-03 14:26:00,574.3,574.35,574.3,574.35,0.01,101.81,58747.13,1
2024-12-03,2024-12-03 14:27:00,574.35,574.4,574.35,574.4,0.01,101.81,58747.13,1
2024-12-03,2024-12-03 14:28:00,574.4,574.45,574.4,574.45,0.01,101.81,58747.13,1
2024-12-03,2024-12-03 14:29:00,574.45,574.5,574.45,574.5,0.01,101.81,58747.13,1
2024-12-03,2024-12-03 14:30:00,574.5,574.55,574.5,574.55,0.01,101.81,58747.13,1
2024-12-03,2024-12-03 14:31:00,574.55,574.6,574.55,574.6,0.01,101.81,58747.13,1
2024-12-03,2024-12-03 14:32:00,574.6,574.65,574.6,574.65,0.01,101.81,58747.13,1
2024-12-03,2024-12-03 14:33:00,574.65,574.7,574.65,574.7,0.01,101.81,58747.13,1
2024-12-03,2024-12-03 14:34:00,574.7,574.75,574.7,574.75,0.01,101.81,58747.13,1
2024-12-03,2024-12-03 14:35:00,574.75,574.8,574.75,574.8,0.01,101.81,58747.13,1
2024-12-03,2024-12-03 14:36:00,574.8,574.85,574.8,574.85,0.01,101.81,58747.13,1
2024-12-03,2024-12-03 14:37:00,574.85,574.9,574.85,574.9,0.01,101.81,58747.13,1
2024-12-03,2024-12-03 14:38:00,574.9,574.95,574.9,574.95,0.01,101.81,58747.13,1
2024-12-03,2024-12-03 14:39:00,574.95,575.0,574.95,575.0,0.01,101.81,58747.13,1
2024-12-03,2024-12-03 14:40:00,575.0,575.05,575.0,575.05,0.01,101.81,58747.13,1
2024-12-03,2024-12-03 14:41:00,575.05,575.1,575.05,575.1,0.01,101.81,58747.13,1
2024-12-03,2024-12-03 14:42:00,575.1,575.15,575.1,575.15,0.01,101.81,58747.13,1
2024-12-03,2024-12-03 14:43:00,575.15,575.2,575.15,575.2,0.01,101.81,58747.13,1
2024-12-03,2024-12-03 14:44:00,575.2,575.25,575.2,575.25,0.01,101.81,58747.13,1
2024-12-03,2024-12-03 14:45:00,575.25,575.3,575.25,575.3,0.01,101.81,58747.13,1
2024-12-03,2024-12-03 14:46:00,575.3,575.35,575.3,575.35,0.01,101.81,58747.13,1
2024-12-03,2024-12-03 14:47:00,575.35,575.4,575.35,575.4,0.01,101.81,58747.13,1
2024-12-03,2024-12-03 14:48:00,575.4,575.45,575.4,575.45,0.01,101.81,58747.13,1
2024-12-03,2024-12-03 14:49:00,575.45,575.5,575.45,575.5,0.01,101.81,58747.13,1
2024-12-03,2024-12-03 14:50:00,575.5,575.55,575.5,575.55,0.01,101.81,58747.13,1
2024-12-03,2024-12-03 14:51:00,575.55,575.6,575.55,575.6,0.01,101.81,58747.13,1
2024-12-03,2024-12-03 14:52:00,575.6,575.65,575.6,575.65,0.01,101.81,58747.13,1
2024-12-03,2024-12-03 14:53:00,575.65,575.7,575.65,575.7,0.01,101.81,58747.13,1
2024-12-03,2024-12-03 14:54:00,575.7,575.75,575.7,575.75,0.01,101.81,58747.13,1
2024-12-03,2024-12-03 14:55:00,575.75,575.8,575.75,575.8,0.01,101.81,58747.13,1
2024-12-03,2024-12-03 14:56:00,575.8,575.85,575.8,575.85,0.01,101.81,58747.13,1
2024-12-03,2024-12-03 14:57:00,575.85,575.9,575.85,575.9,0.01,101.81,58747.13,1
2024-12-03,2024-12-03 14:58:00,575.9,575.95,575.9,575.95,0.01,101.81,58747.13,1
2024-12-03,2024-12-03 14:59:00,575.95,576.0,575.95,576.0,0.01,101.81,58747.13,1
2024-12-03,2024-12-03 15:00:00,576.0,596.0,564.0,576.0,0.0,101.81,58747.13,0
2024-12-04,2024-12-04 11:00:00,570.0,575.7,568.53,570.02,0.0,118.31,68141.43,1
2024-12-04,2024-12-04 11:01:00,570.02,570.04,570.02,570.04,0.0,118.31,68141.43,1
2024-12-04,2024-12-04 11:02:00,570.04,570.06,570.04,570.06,0.0,118.31,68141.43,1
2024-12-04,2024-12-04 11:03:00,570.06,570.08,570.06,570.08,0.0,118.31,68141.43,1
2024-12-04,2024-12-04 11:04:00,570.08,570.1,570.08,570.1,0.0,118.31,68141.43,1
2024-12-04,2024-12-04 11:05:00,570.1,570.12,570.1,570.12,0.0,118.31,68141.43,1
2024-12-04,2024-12-04 11:06:00,570.12,570.14,570.12,570.14,0.0,118.31,68141.43,1
2024-12-04,2024-12-04 11:07:00,570.14,570.16,570.14,570.16,0.0,118.31,68141.43,1
2024-12-04,2024-12-04 11:08:00,570.16,570.18,570.16,570.18,0.0,118.31,68141.43,1
2024-12-04,2024-12-04 11:09:00,570.18,570.2,570.18,570.2,0.0,118.31,68141.43,1
2024-12-04,2024-12-04 11:10:00,570.2,570.22,570.2,570.22,0.0,118.31,68141.43,1
2024-12-04,2024-12-04 11:11:00,570.22,570.25,570.22,570.25,0.01,118.31,68141.43,1
2024-12-04,2024-12-04 11:12:00,570.25,570.27,570.25,570.27,0.0,118.31,68141.43,1
2024-12-04,2024-12-04 11:13:00,570.27,570.29,570.27,570.29,0.0,118.31,68141.43,1
2024-12-04,2024-12-04 11:14:00,570.29,570.31,570.29,570.31,0.0,118.31,68141.43,1
2024-12-04,2024-12-04 11:15:00,570.31,570.33,570.31,570.33,0.0,118.31,68141.43,1
2024-12-04,2024-12-04 11:16:00,570.33,570.35,570.33,570.35,0.0,118.31,68141.43,1
2024-12-04,2024-12-04 11:17:00,570.35,570.37,570.35,570.37,0.0,118.31,68141.43,1
2024-12-04,2024-12-04 11:18:00,570.37,570.39,570.37,570.39,0.0,118.31,68141.43,1
2024-12-04,2024-12-04 11:19:00,570.39,570.41,570.39,570.41,0.0,118.31,68141.43,1
2024-12-04,2024-12-04 11:20:00,570.41,570.43,570.41,570.43,0.0,118.31,68141.43,1
2024-12-04,2024-12-04 11:21:00,570.43,570.45,570.43,570.45,0.0,118.31,68141.43,1
2024-12-04,2024-12-04 11:22:00,570.45,570.47,570.45,570.47,0.0,118.31,68141.43,1
2024-12-04,2024-12-04 11:23:00,570.47,570.49,570.47,570.49,0.0,118.31,68141.43,1
2024-12-04,2024-12-04 11:24:00,570.49,570.51,570.49,570.51,0.0,118.31,68141.43,1
2024-12-04,2024-12-04 11:25:00,570.51,570.53,570.51,570.53,0.0,118.31,68141.43,1
2024-12-04,2024-12-04 11:26:00,570.53,570.55,570.53,570.55,0.0,118.31,68141.43,1
2024-12-04,2024-12-04 11:27:00,570.55,570.57,570.55,570.57,0.0,118.31,68141.43,1
2024-12-04,2024-12-04 11:28:00,570.57,570.59,570.57,570.59,0.0,118.31,68141.43,1
2024-12-04,2024-12-04 11:29:00,570.59,570.61,570.59,570.61,0.0,118.31,68141.43,1
2024-12-04,2024-12-04 11:30:00,570.61,570.63,570.61,570.63,0.0,118.31,68141.43,1
2024-12-04,2024-12-04 11:31:00,570.63,570.65,570.63,570.65,0.0,118.31,68141.43,1
2024-12-04,2024-12-04 11:32:00,570.65,570.67,570.65,570.67,0.0,118.31,68141.43,1
2024-12-04,2024-12-04 11:33:00,570.67,570.69,570.67,570.69,0.0,118.31,68141.43,1
2024-12-04,2024-12-04 11:34:00,570.69,570.71,570.69,570.71,0.0,118.31,68141.43,1
2024-12-04,2024-12-04 11:35:00,570.71,570.74,570.71,570.74,0.01,118.31,68141.43,1
2024-12-04,2024-12-04 11:36:00,570.74,570.76,570.74,570.76,0.0,118.31,68141.43,1
2024-12-04,2024-12-04 11:37:00,570.76,570.78,570.76,570.78,0.0,118.31,68141.43,1
2024-12-04,2024-12-04 11:38:00,570.78,570.8,570.78,570.8,0.0,118.31,68141.43,1
2024-12-04,2024-12-04 11:39:00,570.8,570.82,570.8,570.82,0.0,118.31,68141.43,1
2024-12-04,2024-12-04 11:40:00,570.82,570.84,570.82,570.84,0.0,118.31,68141.43,1
2024-12-04,2024-12-04 11:41:00,570.84,570.86,570.84,570.86,0.0,118.31,68141.43,1
2024-12-04,2024-12-04 11:42:00,570.86,570.88,570.86,570.88,0.0,118.31,68141.43,1
2024-12-04,2024-12-04 11:43:00,570.88,570.9,570.88,570.9,0.0,118.31,68141.43,1
2024-12-04,2024-12-04 11:44:00,570.9,570.92,570.9,570.92,0.0,118.31,68141.43,1
2024-12-04,2024-12-04 11:45:00,570.92,570.94,570.92,570.94,0.0,118.31,68141.43,1
2024-12-04,2024-12-04 11:46:00,570.94,570.96,570.94,570.96,0.0,118.31,68141.43,1
2024-12-04,2024-12-04 11:47:00,570.96,570.98,570.96,570.98,0.0,118.31,68141.43,1
2024-12-04,2024-12-04 11:48:00,570.98,571.0,570.98,571.0,0.0,118.31,68141.43,1
2024-12-04,2024-12-04 11:49:00,571.0,571.02,571.0,571.02,0.0,118.31,68141.43,1
2024-12-04,2024-12-04 11:50:00,571.02,571.04,571.02,571.04,0.0,118.31,68141.43,1
2024-12-04,2024-12-04 11:51:00,571.04,571.06,571.04,571.06,0.0,118.31,68141.43,1
2024-12-04,2024-12-04 11:52:00,571.06,571.08,571.06,571.08,0.0,118.31,68141.43,1
2024-12-04,2024-12-04 11:53:00,571.08,571.1,571.08,571.1,0.0,118.31,68141.43,1
2024-12-04,2024-12-04 11:54:00,571.1,571.12,571.1,571.12,0.0,118.31,68141.43,1
2024-12-04,2024-12-04 11:55:00,571.12,571.14,571.12,571.14,0.0,118.31,68141.43,1
2024-12-04,2024-12-04 11:56:00,571.14,571.16,571.14,571.16,0.0,118.31,68141.43,1
2024-12-04,2024-12-04 11:57:00,571.16,571.18,571.16,571.18,0.0,118.31,68141.43,1
2024-12-04,2024-12-04 11:58:00,571.18,571.2,571.18,571.2,0.0,118.31,68141.43,1
2024-12-04,2024-12-04 11:59:00,571.2,571.23,571.2,571.23,0.01,118.31,68141.43,1
2024-12-04,2024-12-04 12:00:00,571.23,571.25,571.23,571.25,0.0,118.31,68141.43,1
2024-12-04,2024-12-04 12:01:00,571.25,571.27,571.25,571.27,0.0,118.31,68141.43,1
2024-12-04,2024-12-04 12:02:00,571.27,571.29,571.27,571.29,0.0,118.31,68141.43,1
2024-12-04,2024-12-04 12:03:00,571.29,571.31,571.29,571.31,0.0,118.31,68141.43,1
2024-12-04,2024-12-04 12:04:00,571.31,571.33,571.31,571.33,0.0,118.31,68141.43,1
2024-12-04,2024-12-04 12:05:00,571.33,571.35,571.33,571.35,0.0,118.31,68141.43,1
2024-12-04,2024-12-04 12:06:00,571.35,571.37,571.35,571.37,0.0,118.31,68141.43,1
2024-12-04,2024-12-04 12:07:00,571.37,571.39,571.37,571.39,0.0,118.31,68141.43,1
2024-12-04,2024-12-04 12:08:00,571.39,571.41,571.39,571.41,0.0,118.31,68141.43,1
2024-12-04,2024-12-04 12:09:00,571.41,571.43,571.41,571.43,0.0,118.31,68141.43,1
2024-12-04,2024-12-04 12:10:00,571.43,571.45,571.43,571.45,0.0,118.31,68141.43,1
2024-12-04,2024-12-04 12:11:00,571.45,571.47,571.45,571.47,0.0,118.31,68141.43,1
2024-12-04,2024-12-04 12:12:00,571.47,571.49,571.47,571.49,0.0,118.31,68141.43,1
2024-12-04,2024-12-04 12:13:00,571.49,571.51,571.49,571.51,0.0,118.31,68141.43,1
2024-12-04,2024-12-04 12:14:00,571.51,571.53,571.51,571.53,0.0,118.31,68141.43,1
2024-12-04,2024-12-04 12:15:00,571.53,571.55,571.53,571.55,0.0,118.31,68141.43,1
2024-12-04,2024-12-04 12:16:00,571.55,571.57,571.55,571.57,0.0,118.31,68141.43,1
2024-12-04,2024-12-04 12:17:00,571.57,571.59,571.57,571.59,0.0,118.31,68141.43,1
2024-12-04,2024-12-04 12:18:00,571.59,571.61,571.59,571.61,0.0,118.31,68141.43,1
2024-12-04,2024-12-04 12:19:00,571.61,571.63,571.61,571.63,0.0,118.31,68141.43,1
2024-12-04,2024-12-04 12:20:00,571.63,571.65,571.63,571.65,0.0,118.31,68141.43,1
2024-12-04,2024-12-04 12:21:00,571.65,571.67,571.65,571.67,0.0,118.31,68141.43,1
2024-12-04,2024-12-04 12:22:00,571.67,571.69,571.67,571.69,0.0,118.31,68141.43,1
2024-12-04,2024-12-04 12:23:00,571.69,571.72,571.69,571.72,0.01,118.31,68141.43,1
2024-12-04,2024-12-04 12:24:00,571.72,571.74,571.72,571.74,0.0,118.31,68141.43,1
2024-12-04,2024-12-04 12:25:00,571.74,571.76,571.74,571.76,0.0,118.31,68141.43,1
2024-12-04,2024-12-04 12:26:00,571.76,571.78,571.76,571.78,0.0,118.31,68141.43,1
2024-12-04,2024-12-04 12:27:00,571.78,571.8,571.78,571.8,0.0,118.31,68141.43,1
2024-12-04,2024-12-04 12:28:00,571.8,571.82,571.8,571.82,0.0,118.31,68141.43,1
2024-12-04,2024-12-04 12:29:00,571.82,571.84,571.82,571.84,0.0,118.31,68141.43,1
2024-12-04,2024-12-04 12:30:00,571.84,571.86,571.84,571.86,0.0,118.31,68141.43,1
2024-12-04,2024-12-04 12:31:00,571.86,571.88,571.86,571.88,0.0,118.31,68141.43,1
2024-12-04,2024-12-04 12:32:00,571.88,571.9,571.88,571.9,0.0,118.31,68141.43,1
2024-12-04,2024-12-04 12:33:00,571.9,571.92,571.9,571.92,0.0,118.31,68141.43,1
2024-12-04,2024-12-04 12:34:00,571.92,571.94,571.92,571.94,0.0,118.31,68141.43,1
2024-12-04,2024-12-04 12:35:00,571.94,571.96,571.94,571.96,0.0,118.31,68141.43,1
2024-12-04,2024-12-04 12:36:00,571.96,571.98,571.96,571.98,0.0,118.31,68141.43,1
2024-12-04,2024-12-04 12:37:00,571.98,572.0,571.98,572.0,0.0,118.31,68141.43,1
2024-12-04,2024-12-04 12:38:00,572.0,572.02,572.0,572.02,0.0,118.31,68141.43,1
2024-12-04,2024-12-04 12:39:00,572.02,572.04,572.02,572.04,0.0,118.31,68141.43,1
2024-12-04,2024-12-04 12:40:00,572.04,572.06,572.04,572.06,0.0,118.31,68141.43,1
2024-12-04,2024-12-04 12:41:00,572.06,572.08,572.06,572.08,0.0,118.31,68141.43,1
2024-12-04,2024-12-04 12:42:00,572.08,572.1,572.08,572.1,0.0,118.31,68141.43,1
2024-12-04,2024-12-04 12:43:00,572.1,572.12,572.1,572.12,0.0,118.31,68141.43,1
2024-12-04,2024-12-04 12:44:00,572.12,572.14,572.12,572.14,0.0,118.31,68141.43,1
2024-12-04,2024-12-04 12:45:00,572.14,572.16,572.14,572.16,0.0,118.31,68141.43,1
2024-12-04,2024-12-04 12:46:00,572.16,572.18,572.16,572.18,0.0,118.31,68141.43,1
2024-12-04,2024-12-04 12:47:00,572.18,572.21,572.18,572.21,0.01,118.31,68141.43,1
2024-12-04,2024-12-04 12:48:00,572.21,572.23,572.21,572.23,0.0,118.31,68141.43,1
2024-12-04,2024-12-04 12:49:00,572.23,572.25,572.23,572.25,0.0,118.31,68141.43,1
2024-12-04,2024-12-04 12:50:00,572.25,572.27,572.25,572.27,0.0,118.31,68141.43,1
2024-12-04,2024-12-04 12:51:00,572.27,572.29,572.27,572.29,0.0,118.31,68141.43,1
2024-12-04,2024-12-04 12:52:00,572.29,572.31,572.29,572.31,0.0,118.31,68141.43,1
2024-12-04,2024-12-04 12:53:00,572.31,572.33,572.31,572.33,0.0,118.31,68141.43,1
2024-12-04,2024-12-04 12:54:00,572.33,572.35,572.33,572.35,0.0,118.31,68141.43,1
2024-12-04,2024-12-04 12:55:00,572.35,572.37,572.35,572.37,0.0,118.31,68141.43,1
2024-12-04,2024-12-04 12:56:00,572.37,572.39,572.37,572.39,0.0,118.31,68141.43,1
2024-12-04,2024-12-04 12:57:00,572.39,572.41,572.39,572.41,0.0,118.31,68141.43,1
2024-12-04,2024-12-04 12:58:00,572.41,572.43,572.41,572.43,0.0,118.31,68141.43,1
2024-12-04,2024-12-04 12:59:00,572.43,572.45,572.43,572.45,0.0,118.31,68141.43,1
2024-12-04,2024-12-04 13:00:00,572.45,589.0,565.1,572.47,0.0,118.31,68141.43,1
2024-12-04,2024-12-04 13:01:00,572.47,572.49,572.47,572.49,0.0,118.31,68141.43,1
2024-12-04,2024-12-04 13:02:00,572.49,572.51,572.49,572.51,0.0,118.31,68141.43,1
2024-12-04,2024-12-04 13:03:00,572.51,572.53,572.51,572.53,0.0,118.31,68141.43,1
2024-12-04,2024-12-04 13:04:00,572.53,572.55,572.53,572.55,0.0,118.31,68141.43,1
2024-12-04,2024-12-04 13:05:00,572.55,572.57,572.55,572.57,0.0,118.31,68141.43,1
2024-12-04,2024-12-04 13:06:00,572.57,572.59,572.57,572.59,0.0,118.31,68141.43,1
2024-12-04,2024-12-04 13:07:00,572.59,572.61,572.59,572.61,0.0,118.31,68141.43,1
2024-12-04,2024-12-04 13:08:00,572.61,572.63,572.61,572.63,0.0,118.31,68141.43,1
2024-12-04,2024-12-04 13:09:00,572.63,572.65,572.63,572.65,0.0,118.31,68141.43,1
2024-12-04,2024-12-04 13:10:00,572.65,572.67,572.65,572.67,0.0,118.31,68141.43,1
2024-12-04,2024-12-04 13:11:00,572.67,572.69,572.67,572.69,0.0,118.31,68141.43,1
2024-12-04,2024-12-04 13:12:00,572.69,572.72,572.69,572.72,0.01,118.31,68141.43,1
2024-12-04,2024-12-04 13:13:00,572.72,572.74,572.72,572.74,0.0,118.31,68141.43,1
2024-12-04,2024-12-04 13:14:00,572.74,572.76,572.74,572.76,0.0,118.31,68141.43,1
2024-12-04,2024-12-04 13:15:00,572.76,572.78,572.76,572.78,0.0,118.31,68141.43,1
2024-12-04,2024-12-04 13:16:00,572.78,572.8,572.78,572.8,0.0,118.31,68141.43,1
2024-12-04,2024-12-04 13:17:00,572.8,572.82,572.8,572.82,0.0,118.31,68141.43,1
2024-12-04,2024-12-04 13:18:00,572.82,572.84,572.82,572.84,0.0,118.31,68141.43,1
2024-12-04,2024-12-04 13:19:00,572.84,572.86,572.84,572.86,0.0,118.31,68141.43,1
2024-12-04,2024-12-04 13:20:00,572.86,572.88,572.86,572.88,0.0,118.31,68141.43,1
2024-12-04,2024-12-04 13:21:00,572.88,572.9,572.88,572.9,0.0,118.31,68141.43,1
2024-12-04,2024-12-04 13:22:00,572.9,572.92,572.9,572.92,0.0,118.31,68141.43,1
2024-12-04,2024-12-04 13:23:00,572.92,572.94,572.92,572.94,0.0,118.31,68141.43,1
2024-12-04,2024-12-04 13:24:00,572.94,572.96,572.94,572.96,0.0,118.31,68141.43,1
2024-12-04,2024-12-04 13:25:00,572.96,572.98,572.96,572.98,0.0,118.31,68141.43,1
2024-12-04,2024-12-04 13:26:00,572.98,573.0,572.98,573.0,0.0,118.31,68141.43,1
2024-12-04,2024-12-04 13:27:00,573.0,573.02,573.0,573.02,0.0,118.31,68141.43,1
2024-12-04,2024-12-04 13:28:00,573.02,573.04,573.02,573.04,0.0,118.31,68141.43,1
2024-12-04,2024-12-04 13:29:00,573.04,573.06,573.04,573.06,0.0,118.31,68141.43,1
2024-12-04,2024-12-04 13:30:00,573.06,573.08,573.06,573.08,0.0,118.31,68141.43,1
2024-12-04,2024-12-04 13:31:00,573.08,573.1,573.08,573.1,0.0,118.31,68141.43,1
2024-12-04,2024-12-04 13:32:00,573.1,573.12,573.1,573.12,0.0,118.31,68141.43,1
2024-12-04,2024-12-04 13:33:00,573.12,573.14,573.12,573.14,0.0,118.31,68141.43,1
2024-12-04,2024-12-04 13:34:00,573.14,573.16,573.14,573.16,0.0,118.31,68141.43,1
2024-12-04,2024-12-04 13:35:00,573.16,573.18,573.16,573.18,0.0,118.31,68141.43,1
2024-12-04,2024-12-04 13:36:00,573.18,573.21,573.18,573.21,0.01,118.31,68141.43,1
2024-12-04,2024-12-04 13:37:00,573.21,573.23,573.21,573.23,0.0,118.31,68141.43,1
2024-12-04,2024-12-04 13:38:00,573.23,573.25,573.23,573.25,0.0,118.31,68141.43,1
2024-12-04,2024-12-04 13:39:00,573.25,573.27,573.25,573.27,0.0,118.31,68141.43,1
2024-12-04,2024-12-04 13:40:00,573.27,573.29,573.27,573.29,0.0,118.31,68141.43,1
2024-12-04,2024-12-04 13:41:00,573.29,573.31,573.29,573.31,0.0,118.31,68141.43,1
2024-12-04,2024-12-04 13:42:00,573.31,573.33,573.31,573.33,0.0,118.31,68141.43,1
2024-12-04,2024-12-04 13:43:00,573.33,573.35,573.33,573.35,0.0,118.31,68141.43,1
2024-12-04,2024-12-04 13:44:00,573.35,573.37,573.35,573.37,0.0,118.31,68141.43,1
2024-12-04,2024-12-04 13:45:00,573.37,573.39,573.37,573.39,0.0,118.31,68141.43,1
2024-12-04,2024-12-04 13:46:00,573.39,573.41,573.39,573.41,0.0,118.31,68141.43,1
2024-12-04,2024-12-04 13:47:00,573.41,573.43,573.41,573.43,0.0,118.31,68141.43,1
2024-12-04,2024-12-04 13:48:00,573.43,573.45,573.43,573.45,0.0,118.31,68141.43,1
2024-12-04,2024-12-04 13:49:00,573.45,573.47,573.45,573.47,0.0,118.31,68141.43,1
2024-12-04,2024-12-04 13:50:00,573.47,573.49,573.47,573.49,0.0,118.31,68141.43,1
2024-12-04,2024-12-04 13:51:00,573.49,573.51,573.49,573.51,0.0,118.31,68141.43,1
2024-12-04,2024-12-04 13:52:00,573.51,573.53,573.51,573.53,0.0,118.31,68141.43,1
2024-12-04,2024-12-04 13:53:00,573.53,573.55,573.53,573.55,0.0,118.31,68141.43,1
2024-12-04,2024-12-04 13:54:00,573.55,573.57,573.55,573.57,0.0,118.31,68141.43,1
2024-12-04,2024-12-04 13:55:00,573.57,573.59,573.57,573.59,0.0,118.31,68141.43,1
2024-12-04,2024-12-04 13:56:00,573.59,573.61,573.59,573.61,0.0,118.31,68141.43,1
2024-12-04,2024-12-04 13:57:00,573.61,573.63,573.61,573.63,0.0,118.31,68141.43,1
2024-12-04,2024-12-04 13:58:00,573.63,573.65,573.63,573.65,0.0,118.31,68141.43,1
2024-12-04,2024-12-04 13:59:00,573.65,573.67,573.65,573.67,0.0,118.31,68141.43,1
2024-12-04,2024-12-04 14:00:00,573.67,573.7,573.67,573.7,0.01,118.31,68141.43,1
2024-12-04,2024-12-04 14:01:00,573.7,573.72,573.7,573.72,0.0,118.31,68141.43,1
2024-12-04,2024-12-04 14:02:00,573.72,573.74,573.72,573.74,0.0,118.31,68141.43,1
2024-12-04,2024-12-04 14:03:00,573.74,573.76,573.74,573.76,0.0,118.31,68141.43,1
2024-12-04,2024-12-04 14:04:00,573.76,573.78,573.76,573.78,0.0,118.31,68141.43,1
2024-12-04,2024-12-04 14:05:00,573.78,573.8,573.78,573.8,0.0,118.31,68141.43,1
2024-12-04,2024-12-04 14:06:00,573.8,573.82,573.8,573.82,0.0,118.31,68141.43,1
2024-12-04,2024-12-04 14:07:00,573.82,573.84,573.82,573.84,0.0,118.31,68141.43,1
2024-12-04,2024-12-04 14:08:00,573.84,573.86,573.84,573.86,0.0,118.31,68141.43,1
2024-12-04,2024-12-04 14:09:00,573.86,573.88,573.86,573.88,0.0,118.31,68141.43,1
2024-12-04,2024-12-04 14:10:00,573.88,573.9,573.88,573.9,0.0,118.31,68141.43,1
2024-12-04,2024-12-04 14:11:00,573.9,573.92,573.9,573.92,0.0,118.31,68141.43,1
2024-12-04,2024-12-04 14:12:00,573.92,573.94,573.92,573.94,0.0,118.31,68141.43,1
2024-12-04,2024-12-04 14:13:00,573.94,573.96,573.94,573.96,0.0,118.31,68141.43,1
2024-12-04,2024-12-04 14:14:00,573.96,573.98,573.96,573.98,0.0,118.31,68141.43,1
2024-12-04,2024-12-04 14:15:00,573.98,574.0,573.98,574.0,0.0,118.31,68141.43,1
2024-12-04,2024-12-04 14:16:00,574.0,574.02,574.0,574.02,0.0,118.31,68141.43,1
2024-12-04,2024-12-04 14:17:00,574.02,574.04,574.02,574.04,0.0,118.31,68141.43,1
2024-12-04,2024-12-04 14:18:00,574.04,574.06,574.04,574.06,0.0,118.31,68141.43,1
2024-12-04,2024-12-04 14:19:00,574.06,574.08,574.06,574.08,0.0,118.31,68141.43,1
2024-12-04,2024-12-04 14:20:00,574.08,574.1,574.08,574.1,0.0,118.31,68141.43,1
2024-12-04,2024-12-04 14:21:00,574.1,574.12,574.1,574.12,0.0,118.31,68141.43,1
2024-12-04,2024-12-04 14:22:00,574.12,574.14,574.12,574.14,0.0,118.31,68141.43,1
2024-12-04,2024-12-04 14:23:00,574.14,574.16,574.14,574.16,0.0,118.31,68141.43,1
2024-12-04,2024-12-04 14:24:00,574.16,574.19,574.16,574.19,0.01,118.31,68141.43,1
2024-12-04,2024-12-04 14:25:00,574.19,574.21,574.19,574.21,0.0,118.31,68141.43,1
2024-12-04,2024-12-04 14:26:00,574.21,574.23,574.21,574.23,0.0,118.31,68141.43,1
2024-12-04,2024-12-04 14:27:00,574.23,574.25,574.23,574.25,0.0,118.31,68141.43,1
2024-12-04,2024-12-04 14:28:00,574.25,574.27,574.25,574.27,0.0,118.31,68141.43,1
2024-12-04,2024-12-04 14:29:00,574.27,574.29,574.27,574.29,0.0,118.31,68141.43,1
2024-12-04,2024-12-04 14:30:00,574.29,574.31,574.29,574.31,0.0,118.31,68141.43,1
2024-12-04,2024-12-04 14:31:00,574.31,574.33,574.31,574.33,0.0,118.31,68141.43,1
2024-12-04,2024-12-04 14:32:00,574.33,574.35,574.33,574.35,0.0,118.31,68141.43,1
2024-12-04,2024-12-04 14:33:00,574.35,574.37,574.35,574.37,0.0,118.31,68141.43,1
2024-12-04,2024-12-04 14:34:00,574.37,574.39,574.37,574.39,0.0,118.31,68141.43,1
2024-12-04,2024-12-04 14:35:00,574.39,574.41,574.39,574.41,0.0,118.31,68141.43,1
2024-12-04,2024-12-04 14:36:00,574.41,574.43,574.41,574.43,0.0,118.31,68141.43,1
2024-12-04,2024-12-04 14:37:00,574.43,574.45,574.43,574.45,0.0,118.31,68141.43,1
2024-12-04,2024-12-04 14:38:00,574.45,574.47,574.45,574.47,0.0,118.31,68141.43,1
2024-12-04,2024-12-04 14:39:00,574.47,574.49,574.47,574.49,0.0,118.31,68141.43,1
2024-12-04,2024-12-04 14:40:00,574.49,574.51,574.49,574.51,0.0,118.31,68141.43,1
2024-12-04,2024-12-04 14:41:00,574.51,574.53,574.51,574.53,0.0,118.31,68141.43,1
2024-12-04,2024-12-04 14:42:00,574.53,574.55,574.53,574.55,0.0,118.31,68141.43,1
2024-12-04,2024-12-04 14:43:00,574.55,574.57,574.55,574.57,0.0,118.31,68141.43,1
2024-12-04,2024-12-04 14:44:00,574.57,574.59,574.57,574.59,0.0,118.31,68141.43,1
2024-12-04,2024-12-04 14:45:00,574.59,574.61,574.59,574.61,0.0,118.31,68141.43,1
2024-12-04,2024-12-04 14:46:00,574.61,574.63,574.61,574.63,0.0,118.31,68141.43,1
2024-12-04,2024-12-04 14:47:00,574.63,574.65,574.63,574.65,0.0,118.31,68141.43,1
2024-12-04,2024-12-04 14:48:00,574.65,574.68,574.65,574.68,0.01,118.31,68141.43,1
2024-12-04,2024-12-04 14:49:00,574.68,574.7,574.68,574.7,0.0,118.31,68141.43,1
2024-12-04,2024-12-04 14:50:00,574.7,574.72,574.7,574.72,0.0,118.31,68141.43,1
2024-12-04,2024-12-04 14:51:00,574.72,574.74,574.72,574.74,0.0,118.31,68141.43,1
2024-12-04,2024-12-04 14:52:00,574.74,574.76,574.74,574.76,0.0,118.31,68141.43,1
2024-12-04,2024-12-04 14:53:00,574.76,574.78,574.76,574.78,0.0,118.31,68141.43,1
2024-12-04,2024-12-04 14:54:00,574.78,574.8,574.78,574.8,0.0,118.31,68141.43,1
2024-12-04,2024-12-04 14:55:00,574.8,574.82,574.8,574.82,0.0,118.31,68141.43,1
2024-12-04,2024-12-04 14:56:00,574.82,574.84,574.82,574.84,0.0,118.31,68141.43,1
2024-12-04,2024-12-04 14:57:00,574.84,574.86,574.84,574.86,0.0,118.31,68141.43,1
2024-12-04,2024-12-04 14:58:00,574.86,574.88,574.86,574.88,0.0,118.31,68141.43,1
2024-12-04,2024-12-04 14:59:00,574.88,574.9,574.88,574.9,0.0,118.31,68141.43,1
2024-12-04,2024-12-04 15:00:00,574.9,589.0,565.1,574.9,0.0,118.31,68141.43,0
2024-12-05,2024-12-05 11:00:00,566.0,575.21,566.0,566.06,0.01,198.62,115122.97,1
2024-12-05,2024-12-05 11:01:00,566.06,566.12,566.06,566.12,0.01,198.62,115122.97,1
2024-12-05,2024-12-05 11:02:00,566.12,566.17,566.12,566.17,0.01,198.62,115122.97,1
2024-12-05,2024-12-05 11:03:00,566.17,566.23,566.17,566.23,0.01,198.62,115122.97,1
2024-12-05,2024-12-05 11:04:00,566.23,566.29,566.23,566.29,0.01,198.62,115122.97,1
2024-12-05,2024-12-05 11:05:00,566.29,566.35,566.29,566.35,0.01,198.62,115122.97,1
2024-12-05,2024-12-05 11:06:00,566.35,566.41,566.35,566.41,0.01,198.62,115122.97,1
2024-12-05,2024-12-05 11:07:00,566.41,566.47,566.41,566.47,0.01,198.62,115122.97,1
2024-12-05,2024-12-05 11:08:00,566.47,566.52,566.47,566.52,0.01,198.62,115122.97,1
2024-12-05,2024-12-05 11:09:00,566.52,566.58,566.52,566.58,0.01,198.62,115122.97,1
2024-12-05,2024-12-05 11:10:00,566.58,566.64,566.58,566.64,0.01,198.62,115122.97,1
2024-12-05,2024-12-05 11:11:00,566.64,566.7,566.64,566.7,0.01,198.62,115122.97,1
2024-12-05,2024-12-05 11:12:00,566.7,566.76,566.7,566.76,0.01,198.62,115122.97,1
2024-12-05,2024-12-05 11:13:00,566.76,566.82,566.76,566.82,0.01,198.62,115122.97,1
2024-12-05,2024-12-05 11:14:00,566.82,566.88,566.82,566.88,0.01,198.62,115122.97,1
2024-12-05,2024-12-05 11:15:00,566.88,566.93,566.88,566.93,0.01,198.62,115122.97,1
2024-12-05,2024-12-05 11:16:00,566.93,566.99,566.93,566.99,0.01,198.62,115122.97,1
2024-12-05,2024-12-05 11:17:00,566.99,567.05,566.99,567.05,0.01,198.62,115122.97,1
2024-12-05,2024-12-05 11:18:00,567.05,567.11,567.05,567.11,0.01,198.62,115122.97,1
2024-12-05,2024-12-05 11:19:00,567.11,567.17,567.11,567.17,0.01,198.62,115122.97,1
2024-12-05,2024-12-05 11:20:00,567.17,567.23,567.17,567.23,0.01,198.62,115122.97,1
2024-12-05,2024-12-05 11:21:00,567.23,567.28,567.23,567.28,0.01,198.62,115122.97,1
2024-12-05,2024-12-05 11:22:00,567.28,567.34,567.28,567.34,0.01,198.62,115122.97,1
2024-12-05,2024-12-05 11:23:00,567.34,567.4,567.34,567.4,0.01,198.62,115122.97,1
2024-12-05,2024-12-05 11:24:00,567.4,567.46,567.4,567.46,0.01,198.62,115122.97,1
2024-12-05,2024-12-05 11:25:00,567.46,567.52,567.46,567.52,0.01,198.62,115122.97,1
2024-12-05,2024-12-05 11:26:00,567.52,567.58,567.52,567.58,0.01,198.62,115122.97,1
2024-12-05,2024-12-05 11:27:00,567.58,567.63,567.58,567.63,0.01,198.62,115122.97,1
2024-12-05,2024-12-05 11:28:00,567.63,567.69,567.63,567.69,0.01,198.62,115122.97,1
2024-12-05,2024-12-05 11:29:00,567.69,567.75,567.69,567.75,0.01,198.62,115122.97,1
2024-12-05,2024-12-05 11:30:00,567.75,567.81,567.75,567.81,0.01,198.62,115122.97,1
2024-12-05,2024-12-05 11:31:00,567.81,567.87,567.81,567.87,0.01,198.62,115122.97,1
2024-12-05,2024-12-05 11:32:00,567.87,567.92,567.87,567.92,0.01,198.62,115122.97,1
2024-12-05,2024-12-05 11:33:00,567.92,567.98,567.92,567.98,0.01,198.62,115122.97,1
2024-12-05,2024-12-05 11:34:00,567.98,568.04,567.98,568.04,0.01,198.62,115122.97,1
2024-12-05,2024-12-05 11:35:00,568.04,568.1,568.04,568.1,0.01,198.62,115122.97,1
2024-12-05,2024-12-05 11:36:00,568.1,568.16,568.1,568.16,0.01,198.62,115122.97,1
2024-12-05,2024-12-05 11:37:00,568.16,568.22,568.16,568.22,0.01,198.62,115122.97,1
2024-12-05,2024-12-05 11:38:00,568.22,568.27,568.22,568.27,0.01,198.62,115122.97,1
2024-12-05,2024-12-05 11:39:00,568.27,568.33,568.27,568.33,0.01,198.62,115122.97,1
2024-12-05,2024-12-05 11:40:00,568.33,568.39,568.33,568.39,0.01,198.62,115122.97,1
2024-12-05,2024-12-05 11:41:00,568.39,568.45,568.39,568.45,0.01,198.62,115122.97,1
2024-12-05,2024-12-05 11:42:00,568.45,568.51,568.45,568.51,0.01,198.62,115122.97,1
2024-12-05,2024-12-05 11:43:00,568.51,568.57,568.51,568.57,0.01,198.62,115122.97,1
2024-12-05,2024-12-05 11:44:00,568.57,568.62,568.57,568.62,0.01,198.62,115122.97,1
2024-12-05,2024-12-05 11:45:00,568.62,568.68,568.62,568.68,0.01,198.62,115122.97,1
2024-12-05,2024-12-05 11:46:00,568.68,568.74,568.68,568.74,0.01,198.62,115122.97,1
2024-12-05,2024-12-05 11:47:00,568.74,568.8,568.74,568.8,0.01,198.62,115122.97,1
2024-12-05,2024-12-05 11:48:00,568.8,568.86,568.8,568.86,0.01,198.62,115122.97,1
2024-12-05,2024-12-05 11:49:00,568.86,568.92,568.86,568.92,0.01,198.62,115122.97,1
2024-12-05,2024-12-05 11:50:00,568.92,568.98,568.92,568.98,0.01,198.62,115122.97,1
2024-12-05,2024-12-05 11:51:00,568.98,569.03,568.98,569.03,0.01,198.62,115122.97,1
2024-12-05,2024-12-05 11:52:00,569.03,569.09,569.03,569.09,0.01,198.62,115122.97,1
2024-12-05,2024-12-05 11:53:00,569.09,569.15,569.09,569.15,0.01,198.62,115122.97,1
2024-12-05,2024-12-05 11:54:00,569.15,569.21,569.15,569.21,0.01,198.62,115122.97,1
2024-12-05,2024-12-05 11:55:00,569.21,569.27,569.21,569.27,0.01,198.62,115122.97,1
2024-12-05,2024-12-05 11:56:00,569.27,569.33,569.27,569.33,0.01,198.62,115122.97,1
2024-12-05,2024-12-05 11:57:00,569.33,569.38,569.33,569.38,0.01,198.62,115122.97,1
2024-12-05,2024-12-05 11:58:00,569.38,569.44,569.38,569.44,0.01,198.62,115122.97,1
2024-12-05,2024-12-05 11:59:00,569.44,569.5,569.44,569.5,0.01,198.62,115122.97,1
2024-12-05,2024-12-05 12:00:00,569.5,569.56,569.5,569.56,0.01,198.62,115122.97,1
2024-12-05,2024-12-05 12:01:00,569.56,569.62,569.56,569.62,0.01,198.62,115122.97,1
2024-12-05,2024-12-05 12:02:00,569.62,569.67,569.62,569.67,0.01,198.62,115122.97,1
2024-12-05,2024-12-05 12:03:00,569.67,569.73,569.67,569.73,0.01,198.62,115122.97,1
2024-12-05,2024-12-05 12:04:00,569.73,569.79,569.73,569.79,0.01,198.62,115122.97,1
2024-12-05,2024-12-05 12:05:00,569.79,569.85,569.79,569.85,0.01,198.62,115122.97,1
2024-12-05,2024-12-05 12:06:00,569.85,569.91,569.85,569.91,0.01,198.62,115122.97,1
2024-12-05,2024-12-05 12:07:00,569.91,569.97,569.91,569.97,0.01,198.62,115122.97,1
2024-12-05,2024-12-05 12:08:00,569.97,570.02,569.97,570.02,0.01,198.62,115122.97,1
2024-12-05,2024-12-05 12:09:00,570.02,570.08,570.02,570.08,0.01,198.62,115122.97,1
2024-12-05,2024-12-05 12:10:00,570.08,570.14,570.08,570.14,0.01,198.62,115122.97,1
2024-12-05,2024-12-05 12:11:00,570.14,570.2,570.14,570.2,0.01,198.62,115122.97,1
2024-12-05,2024-12-05 12:12:00,570.2,570.26,570.2,570.26,0.01,198.62,115122.97,1
2024-12-05,2024-12-05 12:13:00,570.26,570.32,570.26,570.32,0.01,198.62,115122.97,1
2024-12-05,2024-12-05 12:14:00,570.32,570.38,570.32,570.38,0.01,198.62,115122.97,1
2024-12-05,2024-12-05 12:15:00,570.38,570.43,570.38,570.43,0.01,198.62,115122.97,1
2024-12-05,2024-12-05 12:16:00,570.43,570.49,570.43,570.49,0.01,198.62,115122.97,1
2024-12-05,2024-12-05 12:17:00,570.49,570.55,570.49,570.55,0.01,198.62,115122.97,1
2024-12-05,2024-12-05 12:18:00,570.55,570.61,570.55,570.61,0.01,198.62,115122.97,1
2024-12-05,2024-12-05 12:19:00,570.61,570.67,570.61,570.67,0.01,198.62,115122.97,1
2024-12-05,2024-12-05 12:20:00,570.67,570.73,570.67,570.73,0.01,198.62,115122.97,1
2024-12-05,2024-12-05 12:21:00,570.73,570.78,570.73,570.78,0.01,198.62,115122.97,1
2024-12-05,2024-12-05 12:22:00,570.78,570.84,570.78,570.84,0.01,198.62,115122.97,1
2024-12-05,2024-12-05 12:23:00,570.84,570.9,570.84,570.9,0.01,198.62,115122.97,1
2024-12-05,2024-12-05 12:24:00,570.9,570.96,570.9,570.96,0.01,198.62,115122.97,1
2024-12-05,2024-12-05 12:25:00,570.96,571.02,570.96,571.02,0.01,198.62,115122.97,1
2024-12-05,2024-12-05 12:26:00,571.02,571.08,571.02,571.08,0.01,198.62,115122.97,1
2024-12-05,2024-12-05 12:27:00,571.08,571.13,571.08,571.13,0.01,198.62,115122.97,1
2024-12-05,2024-12-05 12:28:00,571.13,571.19,571.13,571.19,0.01,198.62,115122.97,1
2024-12-05,2024-12-05 12:29:00,571.19,571.25,571.19,571.25,0.01,198.62,115122.97,1
2024-12-05,2024-12-05 12:30:00,571.25,571.31,571.25,571.31,0.01,198.62,115122.97,1
2024-12-05,2024-12-05 12:31:00,571.31,571.37,571.31,571.37,0.01,198.62,115122.97,1
2024-12-05,2024-12-05 12:32:00,571.37,571.42,571.37,571.42,0.01,198.62,115122.97,1
2024-12-05,2024-12-05 12:33:00,571.42,571.48,571.42,571.48,0.01,198.62,115122.97,1
2024-12-05,2024-12-05 12:34:00,571.48,571.54,571.48,571.54,0.01,198.62,115122.97,1
2024-12-05,2024-12-05 12:35:00,571.54,571.6,571.54,571.6,0.01,198.62,115122.97,1
2024-12-05,2024-12-05 12:36:00,571.6,571.66,571.6,571.66,0.01,198.62,115122.97,1
2024-12-05,2024-12-05 12:37:00,571.66,571.72,571.66,571.72,0.01,198.62,115122.97,1
2024-12-05,2024-12-05 12:38:00,571.72,571.77,571.72,571.77,0.01,198.62,115122.97,1
2024-12-05,2024-12-05 12:39:00,571.77,571.83,571.77,571.83,0.01,198.62,115122.97,1
2024-12-05,2024-12-05 12:40:00,571.83,571.89,571.83,571.89,0.01,198.62,115122.97,1
2024-12-05,2024-12-05 12:41:00,571.89,571.95,571.89,571.95,0.01,198.62,115122.97,1
2024-12-05,2024-12-05 12:42:00,571.95,572.01,571.95,572.01,0.01,198.62,115122.97,1
2024-12-05,2024-12-05 12:43:00,572.01,572.07,572.01,572.07,0.01,198.62,115122.97,1
2024-12-05,2024-12-05 12:44:00,572.07,572.12,572.07,572.12,0.01,198.62,115122.97,1
2024-12-05,2024-12-05 12:45:00,572.12,572.18,572.12,572.18,0.01,198.62,115122.97,1
2024-12-05,2024-12-05 12:46:00,572.18,572.24,572.18,572.24,0.01,198.62,115122.97,1
2024-12-05,2024-12-05 12:47:00,572.24,572.3,572.24,572.3,0.01,198.62,115122.97,1
2024-12-05,2024-12-05 12:48:00,572.3,572.36,572.3,572.36,0.01,198.62,115122.97,1
2024-12-05,2024-12-05 12:49:00,572.36,572.42,572.36,572.42,0.01,198.62,115122.97,1
2024-12-05,2024-12-05 12:50:00,572.42,572.48,572.42,572.48,0.01,198.62,115122.97,1
2024-12-05,2024-12-05 12:51:00,572.48,572.53,572.48,572.53,0.01,198.62,115122.97,1
2024-12-05,2024-12-05 12:52:00,572.53,572.59,572.53,572.59,0.01,198.62,115122.97,1
2024-12-05,2024-12-05 12:53:00,572.59,572.65,572.59,572.65,0.01,198.62,115122.97,1
2024-12-05,2024-12-05 12:54:00,572.65,572.71,572.65,572.71,0.01,198.62,115122.97,1
2024-12-05,2024-12-05 12:55:00,572.71,572.77,572.71,572.77,0.01,198.62,115122.97,1
2024-12-05,2024-12-05 12:56:00,572.77,572.83,572.77,572.83,0.01,198.62,115122.97,1
2024-12-05,2024-12-05 12:57:00,572.83,572.88,572.83,572.88,0.01,198.62,115122.97,1
2024-12-05,2024-12-05 12:58:00,572.88,572.94,572.88,572.94,0.01,198.62,115122.97,1
2024-12-05,2024-12-05 12:59:00,572.94,573.0,572.94,573.0,0.01,198.62,115122.97,1
2024-12-05,2024-12-05 13:00:00,573.0,596.7,566.0,573.06,0.01,198.62,115122.97,1
2024-12-05,2024-12-05 13:01:00,573.06,573.12,573.06,573.12,0.01,198.62,115122.97,1
2024-12-05,2024-12-05 13:02:00,573.12,573.17,573.12,573.17,0.01,198.62,115122.97,1
2024-12-05,2024-12-05 13:03:00,573.17,573.23,573.17,573.23,0.01,198.62,115122.97,1
2024-12-05,2024-12-05 13:04:00,573.23,573.29,573.23,573.29,0.01,198.62,115122.97,1
2024-12-05,2024-12-05 13:05:00,573.29,573.35,573.29,573.35,0.01,198.62,115122.97,1
2024-12-05,2024-12-05 13:06:00,573.35,573.41,573.35,573.41,0.01,198.62,115122.97,1
2024-12-05,2024-12-05 13:07:00,573.41,573.47,573.41,573.47,0.01,198.62,115122.97,1
2024-12-05,2024-12-05 13:08:00,573.47,573.52,573.47,573.52,0.01,198.62,115122.97,1
2024-12-05,2024-12-05 13:09:00,573.52,573.58,573.52,573.58,0.01,198.62,115122.97,1
2024-12-05,2024-12-05 13:10:00,573.58,573.64,573.58,573.64,0.01,198.62,115122.97,1
2024-12-05,2024-12-05 13:11:00,573.64,573.7,573.64,573.7,0.01,198.62,115122.97,1
2024-12-05,2024-12-05 13:12:00,573.7,573.76,573.7,573.76,0.01,198.62,115122.97,1
2024-12-05,2024-12-05 13:13:00,573.76,573.82,573.76,573.82,0.01,198.62,115122.97,1
2024-12-05,2024-12-05 13:14:00,573.82,573.88,573.82,573.88,0.01,198.62,115122.97,1
2024-12-05,2024-12-05 13:15:00,573.88,573.93,573.88,573.93,0.01,198.62,115122.97,1
2024-12-05,2024-12-05 13:16:00,573.93,573.99,573.93,573.99,0.01,198.62,115122.97,1
2024-12-05,2024-12-05 13:17:00,573.99,574.05,573.99,574.05,0.01,198.62,115122.97,1
2024-12-05,2024-12-05 13:18:00,574.05,574.11,574.05,574.11,0.01,198.62,115122.97,1
2024-12-05,2024-12-05 13:19:00,574.11,574.17,574.11,574.17,0.01,198.62,115122.97,1
2024-12-05,2024-12-05 13:20:00,574.17,574.23,574.17,574.23,0.01,198.62,115122.97,1
2024-12-05,2024-12-05 13:21:00,574.23,574.28,574.23,574.28,0.01,198.62,115122.97,1
2024-12-05,2024-12-05 13:22:00,574.28,574.34,574.28,574.34,0.01,198.62,115122.97,1
2024-12-05,2024-12-05 13:23:00,574.34,574.4,574.34,574.4,0.01,198.62,115122.97,1
2024-12-05,2024-12-05 13:24:00,574.4,574.46,574.4,574.46,0.01,198.62,115122.97,1
2024-12-05,2024-12-05 13:25:00,574.46,574.52,574.46,574.52,0.01,198.62,115122.97,1
2024-12-05,2024-12-05 13:26:00,574.52,574.58,574.52,574.58,0.01,198.62,115122.97,1
2024-12-05,2024-12-05 13:27:00,574.58,574.63,574.58,574.63,0.01,198.62,115122.97,1
2024-12-05,2024-12-05 13:28:00,574.63,574.69,574.63,574.69,0.01,198.62,115122.97,1
2024-12-05,2024-12-05 13:29:00,574.69,574.75,574.69,574.75,0.01,198.62,115122.97,1
2024-12-05,2024-12-05 13:30:00,574.75,574.81,574.75,574.81,0.01,198.62,115122.97,1
2024-12-05,2024-12-05 13:31:00,574.81,574.87,574.81,574.87,0.01,198.62,115122.97,1
2024-12-05,2024-12-05 13:32:00,574.87,574.92,574.87,574.92,0.01,198.62,115122.97,1
2024-12-05,2024-12-05 13:33:00,574.92,574.98,574.92,574.98,0.01,198.62,115122.97,1
2024-12-05,2024-12-05 13:34:00,574.98,575.04,574.98,575.04,0.01,198.62,115122.97,1
2024-12-05,2024-12-05 13:35:00,575.04,575.1,575.04,575.1,0.01,198.62,115122.97,1
2024-12-05,2024-12-05 13:36:00,575.1,575.16,575.1,575.16,0.01,198.62,115122.97,1
2024-12-05,2024-12-05 13:37:00,575.16,575.22,575.16,575.22,0.01,198.62,115122.97,1
2024-12-05,2024-12-05 13:38:00,575.22,575.27,575.22,575.27,0.01,198.62,115122.97,1
2024-12-05,2024-12-05 13:39:00,575.27,575.33,575.27,575.33,0.01,198.62,115122.97,1
2024-12-05,2024-12-05 13:40:00,575.33,575.39,575.33,575.39,0.01,198.62,115122.97,1
2024-12-05,2024-12-05 13:41:00,575.39,575.45,575.39,575.45,0.01,198.62,115122.97,1
2024-12-05,2024-12-05 13:42:00,575.45,575.51,575.45,575.51,0.01,198.62,115122.97,1
2024-12-05,2024-12-05 13:43:00,575.51,575.57,575.51,575.57,0.01,198.62,115122.97,1
2024-12-05,2024-12-05 13:44:00,575.57,575.62,575.57,575.62,0.01,198.62,115122.97,1
2024-12-05,2024-12-05 13:45:00,575.62,575.68,575.62,575.68,0.01,198.62,115122.97,1
2024-12-05,2024-12-05 13:46:00,575.68,575.74,575.68,575.74,0.01,198.62,115122.97,1
2024-12-05,2024-12-05 13:47:00,575.74,575.8,575.74,575.8,0.01,198.62,115122.97,1
2024-12-05,2024-12-05 13:48:00,575.8,575.86,575.8,575.86,0.01,198.62,115122.97,1
2024-12-05,2024-12-05 13:49:00,575.86,575.92,575.86,575.92,0.01,198.62,115122.97,1
2024-12-05,2024-12-05 13:50:00,575.92,575.98,575.92,575.98,0.01,198.62,115122.97,1
2024-12-05,2024-12-05 13:51:00,575.98,576.03,575.98,576.03,0.01,198.62,115122.97,1
2024-12-05,2024-12-05 13:52:00,576.03,576.09,576.03,576.09,0.01,198.62,115122.97,1
2024-12-05,2024-12-05 13:53:00,576.09,576.15,576.09,576.15,0.01,198.62,115122.97,1
2024-12-05,2024-12-05 13:54:00,576.15,576.21,576.15,576.21,0.01,198.62,115122.97,1
2024-12-05,2024-12-05 13:55:00,576.21,576.27,576.21,576.27,0.01,198.62,115122.97,1
2024-12-05,2024-12-05 13:56:00,576.27,576.33,576.27,576.33,0.01,198.62,115122.97,1
2024-12-05,2024-12-05 13:57:00,576.33,576.38,576.33,576.38,0.01,198.62,115122.97,1
2024-12-05,2024-12-05 13:58:00,576.38,576.44,576.38,576.44,0.01,198.62,115122.97,1
2024-12-05,2024-12-05 13:59:00,576.44,576.5,576.44,576.5,0.01,198.62,115122.97,1
2024-12-05,2024-12-05 14:00:00,576.5,576.56,576.5,576.56,0.01,198.62,115122.97,1
2024-12-05,2024-12-05 14:01:00,576.56,576.62,576.56,576.62,0.01,198.62,115122.97,1
2024-12-05,2024-12-05 14:02:00,576.62,576.67,576.62,576.67,0.01,198.62,115122.97,1
2024-12-05,2024-12-05 14:03:00,576.67,576.73,576.67,576.73,0.01,198.62,115122.97,1
2024-12-05,2024-12-05 14:04:00,576.73,576.79,576.73,576.79,0.01,198.62,115122.97,1
2024-12-05,2024-12-05 14:05:00,576.79,576.85,576.79,576.85,0.01,198.62,115122.97,1
2024-12-05,2024-12-05 14:06:00,576.85,576.91,576.85,576.91,0.01,198.62,115122.97,1
2024-12-05,2024-12-05 14:07:00,576.91,576.97,576.91,576.97,0.01,198.62,115122.97,1
2024-12-05,2024-12-05 14:08:00,576.97,577.02,576.97,577.02,0.01,198.62,115122.97,1
2024-12-05,2024-12-05 14:09:00,577.02,577.08,577.02,577.08,0.01,198.62,115122.97,1
2024-12-05,2024-12-05 14:10:00,577.08,577.14,577.08,577.14,0.01,198.62,115122.97,1
2024-12-05,2024-12-05 14:11:00,577.14,577.2,577.14,577.2,0.01,198.62,115122.97,1
2024-12-05,2024-12-05 14:12:00,577.2,577.26,577.2,577.26,0.01,198.62,115122.97,1
2024-12-05,2024-12-05 14:13:00,577.26,577.32,577.26,577.32,0.01,198.62,115122.97,1
2024-12-05,2024-12-05 14:14:00,577.32,577.38,577.32,577.38,0.01,198.62,115122.97,1
2024-12-05,2024-12-05 14:15:00,577.38,577.43,577.38,577.43,0.01,198.62,115122.97,1
2024-12-05,2024-12-05 14:16:00,577.43,577.49,577.43,577.49,0.01,198.62,115122.97,1
2024-12-05,2024-12-05 14:17:00,577.49,577.55,577.49,577.55,0.01,198.62,115122.97,1
2024-12-05,2024-12-05 14:18:00,577.55,577.61,577.55,577.61,0.01,198.62,115122.97,1
2024-12-05,2024-12-05 14:19:00,577.61,577.67,577.61,577.67,0.01,198.62,115122.97,1
2024-12-05,2024-12-05 14:20:00,577.67,577.73,577.67,577.73,0.01,198.62,115122.97,1
2024-12-05,2024-12-05 14:21:00,577.73,577.78,577.73,577.78,0.01,198.62,115122.97,1
2024-12-05,2024-12-05 14:22:00,577.78,577.84,577.78,577.84,0.01,198.62,115122.97,1
2024-12-05,2024-12-05 14:23:00,577.84,577.9,577.84,577.9,0.01,198.62,115122.97,1
2024-12-05,2024-12-05 14:24:00,577.9,577.96,577.9,577.96,0.01,198.62,115122.97,1
2024-12-05,2024-12-05 14:25:00,577.96,578.02,577.96,578.02,0.01,198.62,115122.97,1
2024-12-05,2024-12-05 14:26:00,578.02,578.08,578.02,578.08,0.01,198.62,115122.97,1
2024-12-05,2024-12-05 14:27:00,578.08,578.13,578.08,578.13,0.01,198.62,115122.97,1
2024-12-05,2024-12-05 14:28:00,578.13,578.19,578.13,578.19,0.01,198.62,115122.97,1
2024-12-05,2024-12-05 14:29:00,578.19,578.25,578.19,578.25,0.01,198.62,115122.97,1
2024-12-05,2024-12-05 14:30:00,578.25,578.31,578.25,578.31,0.01,198.62,115122.97,1
2024-12-05,2024-12-05 14:31:00,578.31,578.37,578.31,578.37,0.01,198.62,115122.97,1
2024-12-05,2024-12-05 14:32:00,578.37,578.42,578.37,578.42,0.01,198.62,115122.97,1
2024-12-05,2024-12-05 14:33:00,578.42,578.48,578.42,578.48,0.01,198.62,115122.97,1
2024-12-05,2024-12-05 14:34:00,578.48,578.54,578.48,578.54,0.01,198.62,115122.97,1
2024-12-05,2024-12-05 14:35:00,578.54,578.6,578.54,578.6,0.01,198.62,115122.97,1
2024-12-05,2024-12-05 14:36:00,578.6,578.66,578.6,578.66,0.01,198.62,115122.97,1
2024-12-05,2024-12-05 14:37:00,578.66,578.72,578.66,578.72,0.01,198.62,115122.97,1
2024-12-05,2024-12-05 14:38:00,578.72,578.77,578.72,578.77,0.01,198.62,115122.97,1
2024-12-05,2024-12-05 14:39:00,578.77,578.83,578.77,578.83,0.01,198.62,115122.97,1
2024-12-05,2024-12-05 14:40:00,578.83,578.89,578.83,578.89,0.01,198.62,115122.97,1
2024-12-05,2024-12-05 14:41:00,578.89,578.95,578.89,578.95,0.01,198.62,115122.97,1
2024-12-05,2024-12-05 14:42:00,578.95,579.01,578.95,579.01,0.01,198.62,115122.97,1
2024-12-05,2024-12-05 14:43:00,579.01,579.07,579.01,579.07,0.01,198.62,115122.97,1
2024-12-05,2024-12-05 14:44:00,579.07,579.12,579.07,579.12,0.01,198.62,115122.97,1
2024-12-05,2024-12-05 14:45:00,579.12,579.18,579.12,579.18,0.01,198.62,115122.97,1
2024-12-05,2024-12-05 14:46:00,579.18,579.24,579.18,579.24,0.01,198.62,115122.97,1
2024-12-05,2024-12-05 14:47:00,579.24,579.3,579.24,579.3,0.01,198.62,115122.97,1
2024-12-05,2024-12-05 14:48:00,579.3,579.36,579.3,579.36,0.01,198.62,115122.97,1
2024-12-05,2024-12-05 14:49:00,579.36,579.42,579.36,579.42,0.01,198.62,115122.97,1
2024-12-05,2024-12-05 14:50:00,579.42,579.48,579.42,579.48,0.01,198.62,115122.97,1
2024-12-05,2024-12-05 14:51:00,579.48,579.53,579.48,579.53,0.01,198.62,115122.97,1
2024-12-05,2024-12-05 14:52:00,579.53,579.59,579.53,579.59,0.01,198.62,115122.97,1
2024-12-05,2024-12-05 14:53:00,579.59,579.65,579.59,579.65,0.01,198.62,115122.97,1
2024-12-05,2024-12-05 14:54:00,579.65,579.71,579.65,579.71,0.01,198.62,115122.97,1
2024-12-05,2024-12-05 14:55:00,579.71,579.77,579.71,579.77,0.01,198.62,115122.97,1
2024-12-05,2024-12-05 14:56:00,579.77,579.83,579.77,579.83,0.01,198.62,115122.97,1
2024-12-05,2024-12-05 14:57:00,579.83,579.88,579.83,579.88,0.01,198.62,115122.97,1
2024-12-05,2024-12-05 14:58:00,579.88,579.94,579.88,579.94,0.01,198.62,115122.97,1
2024-12-05,2024-12-05 14:59:00,579.94,580.0,579.94,580.0,0.01,198.62,115122.97,1
2024-12-05,2024-12-05 15:00:00,580.0,596.7,566.0,580.0,0.0,198.62,115122.97,0
2024-12-08,2024-12-08 11:00:00,580.0,583.0,576.1,579.97,-0.01,145.87,84492.92,-1
2024-12-08,2024-12-08 11:01:00,579.97,579.97,579.93,579.93,-0.01,145.87,84492.92,-1
2024-12-08,2024-12-08 11:02:00,579.93,579.93,579.9,579.9,-0.01,145.87,84492.92,-1
2024-12-08,2024-12-08 11:03:00,579.9,579.9,579.87,579.87,-0.01,145.87,84492.92,-1
2024-12-08,2024-12-08 11:04:00,579.87,579.87,579.83,579.83,-0.01,145.87,84492.92,-1
2024-12-08,2024-12-08 11:05:00,579.83,579.83,579.8,579.8,-0.01,145.87,84492.92,-1
2024-12-08,2024-12-08 11:06:00,579.8,579.8,579.77,579.77,-0.01,145.87,84492.92,-1
2024-12-08,2024-12-08 11:07:00,579.77,579.77,579.73,579.73,-0.01,145.87,84492.92,-1
2024-12-08,2024-12-08 11:08:00,579.73,579.73,579.7,579.7,-0.01,145.87,84492.92,-1
2024-12-08,2024-12-08 11:09:00,579.7,579.7,579.67,579.67,-0.01,145.87,84492.92,-1
2024-12-08,2024-12-08 11:10:00,579.67,579.67,579.63,579.63,-0.01,145.87,84492.92,-1
2024-12-08,2024-12-08 11:11:00,579.63,579.63,579.6,579.6,-0.01,145.87,84492.92,-1
2024-12-08,2024-12-08 11:12:00,579.6,579.6,579.57,579.57,-0.01,145.87,84492.92,-1
2024-12-08,2024-12-08 11:13:00,579.57,579.57,579.53,579.53,-0.01,145.87,84492.92,-1
2024-12-08,2024-12-08 11:14:00,579.53,579.53,579.5,579.5,-0.01,145.87,84492.92,-1
2024-12-08,2024-12-08 11:15:00,579.5,579.5,579.47,579.47,-0.01,145.87,84492.92,-1
2024-12-08,2024-12-08 11:16:00,579.47,579.47,579.43,579.43,-0.01,145.87,84492.92,-1
2024-12-08,2024-12-08 11:17:00,579.43,579.43,579.4,579.4,-0.01,145.87,84492.92,-1
2024-12-08,2024-12-08 11:18:00,579.4,579.4,579.37,579.37,-0.01,145.87,84492.92,-1
2024-12-08,2024-12-08 11:19:00,579.37,579.37,579.33,579.33,-0.01,145.87,84492.92,-1
2024-12-08,2024-12-08 11:20:00,579.33,579.33,579.3,579.3,-0.01,145.87,84492.92,-1
2024-12-08,2024-12-08 11:21:00,579.3,579.3,579.27,579.27,-0.01,145.87,84492.92,-1
2024-12-08,2024-12-08 11:22:00,579.27,579.27,579.23,579.23,-0.01,145.87,84492.92,-1
2024-12-08,2024-12-08 11:23:00,579.23,579.23,579.2,579.2,-0.01,145.87,84492.92,-1
2024-12-08,2024-12-08 11:24:00,579.2,579.2,579.17,579.17,-0.01,145.87,84492.92,-1
2024-12-08,2024-12-08 11:25:00,579.17,579.17,579.13,579.13,-0.01,145.87,84492.92,-1
2024-12-08,2024-12-08 11:26:00,579.13,579.13,579.1,579.1,-0.01,145.87,84492.92,-1
2024-12-08,2024-12-08 11:27:00,579.1,579.1,579.07,579.07,-0.01,145.87,84492.92,-1
2024-12-08,2024-12-08 11:28:00,579.07,579.07,579.03,579.03,-0.01,145.87,84492.92,-1
2024-12-08,2024-12-08 11:29:00,579.03,579.03,579.0,579.0,-0.01,145.87,84492.92,-1
2024-12-08,2024-12-08 11:30:00,579.0,579.0,578.97,578.97,-0.01,145.87,84492.92,-1
2024-12-08,2024-12-08 11:31:00,578.97,578.97,578.93,578.93,-0.01,145.87,84492.92,-1
2024-12-08,2024-12-08 11:32:00,578.93,578.93,578.9,578.9,-0.01,145.87,84492.92,-1
2024-12-08,2024-12-08 11:33:00,578.9,578.9,578.87,578.87,-0.01,145.87,84492.92,-1
2024-12-08,2024-12-08 11:34:00,578.87,578.87,578.83,578.83,-0.01,145.87,84492.92,-1
2024-12-08,2024-12-08 11:35:00,578.83,578.83,578.8,578.8,-0.01,145.87,84492.92,-1
2024-12-08,2024-12-08 11:36:00,578.8,578.8,578.77,578.77,-0.01,145.87,84492.92,-1
2024-12-08,2024-12-08 11:37:00,578.77,578.77,578.73,578.73,-0.01,145.87,84492.92,-1
2024-12-08,2024-12-08 11:38:00,578.73,578.73,578.7,578.7,-0.01,145.87,84492.92,-1
2024-12-08,2024-12-08 11:39:00,578.7,578.7,578.67,578.67,-0.01,145.87,84492.92,-1
2024-12-08,2024-12-08 11:40:00,578.67,578.67,578.63,578.63,-0.01,145.87,84492.92,-1
2024-12-08,2024-12-08 11:41:00,578.63,578.63,578.6,578.6,-0.01,145.87,84492.92,-1
2024-12-08,2024-12-08 11:42:00,578.6,578.6,578.57,578.57,-0.01,145.87,84492.92,-1
2024-12-08,2024-12-08 11:43:00,578.57,578.57,578.53,578.53,-0.01,145.87,84492.92,-1
2024-12-08,2024-12-08 11:44:00,578.53,578.53,578.5,578.5,-0.01,145.87,84492.92,-1
2024-12-08,2024-12-08 11:45:00,578.5,578.5,578.47,578.47,-0.01,145.87,84492.92,-1
2024-12-08,2024-12-08 11:46:00,578.47,578.47,578.43,578.43,-0.01,145.87,84492.92,-1
2024-12-08,2024-12-08 11:47:00,578.43,578.43,578.4,578.4,-0.01,145.87,84492.92,-1
2024-12-08,2024-12-08 11:48:00,578.4,578.4,578.37,578.37,-0.01,145.87,84492.92,-1
2024-12-08,2024-12-08 11:49:00,578.37,578.37,578.33,578.33,-0.01,145.87,84492.92,-1
2024-12-08,2024-12-08 11:50:00,578.33,578.33,578.3,578.3,-0.01,145.87,84492.92,-1
2024-12-08,2024-12-08 11:51:00,578.3,578.3,578.27,578.27,-0.01,145.87,84492.92,-1
2024-12-08,2024-12-08 11:52:00,578.27,578.27,578.23,578.23,-0.01,145.87,84492.92,-1
2024-12-08,2024-12-08 11:53:00,578.23,578.23,578.2,578.2,-0.01,145.87,84492.92,-1
2024-12-08,2024-12-08 11:54:00,578.2,578.2,578.17,578.17,-0.01,145.87,84492.92,-1
2024-12-08,2024-12-08 11:55:00,578.17,578.17,578.13,578.13,-0.01,145.87,84492.92,-1
2024-12-08,2024-12-08 11:56:00,578.13,578.13,578.1,578.1,-0.01,145.87,84492.92,-1
2024-12-08,2024-12-08 11:57:00,578.1,578.1,578.07,578.07,-0.01,145.87,84492.92,-1
2024-12-08,2024-12-08 11:58:00,578.07,578.07,578.03,578.03,-0.01,145.87,84492.92,-1
2024-12-08,2024-12-08 11:59:00,578.03,578.03,578.0,578.0,-0.01,145.87,84492.92,-1
2024-12-08,2024-12-08 12:00:00,578.0,578.0,577.97,577.97,-0.01,145.87,84492.92,-1
2024-12-08,2024-12-08 12:01:00,577.97,577.97,577.93,577.93,-0.01,145.87,84492.92,-1
2024-12-08,2024-12-08 12:02:00,577.93,577.93,577.9,577.9,-0.01,145.87,84492.92,-1
2024-12-08,2024-12-08 12:03:00,577.9,577.9,577.87,577.87,-0.01,145.87,84492.92,-1
2024-12-08,2024-12-08 12:04:00,577.87,577.87,577.83,577.83,-0.01,145.87,84492.92,-1
2024-12-08,2024-12-08 12:05:00,577.83,577.83,577.8,577.8,-0.01,145.87,84492.92,-1
2024-12-08,2024-12-08 12:06:00,577.8,577.8,577.77,577.77,-0.01,145.87,84492.92,-1
2024-12-08,2024-12-08 12:07:00,577.77,577.77,577.73,577.73,-0.01,145.87,84492.92,-1
2024-12-08,2024-12-08 12:08:00,577.73,577.73,577.7,577.7,-0.01,145.87,84492.92,-1
2024-12-08,2024-12-08 12:09:00,577.7,577.7,577.67,577.67,-0.01,145.87,84492.92,-1
2024-12-08,2024-12-08 12:10:00,577.67,577.67,577.63,577.63,-0.01,145.87,84492.92,-1
2024-12-08,2024-12-08 12:11:00,577.63,577.63,577.6,577.6,-0.01,145.87,84492.92,-1
2024-12-08,2024-12-08 12:12:00,577.6,577.6,577.57,577.57,-0.01,145.87,84492.92,-1
2024-12-08,2024-12-08 12:13:00,577.57,577.57,577.53,577.53,-0.01,145.87,84492.92,-1
2024-12-08,2024-12-08 12:14:00,577.53,577.53,577.5,577.5,-0.01,145.87,84492.92,-1
2024-12-08,2024-12-08 12:15:00,577.5,577.5,577.47,577.47,-0.01,145.87,84492.92,-1
2024-12-08,2024-12-08 12:16:00,577.47,577.47,577.43,577.43,-0.01,145.87,84492.92,-1
2024-12-08,2024-12-08 12:17:00,577.43,577.43,577.4,577.4,-0.01,145.87,84492.92,-1
2024-12-08,2024-12-08 12:18:00,577.4,577.4,577.37,577.37,-0.01,145.87,84492.92,-1
2024-12-08,2024-12-08 12:19:00,577.37,577.37,577.33,577.33,-0.01,145.87,84492.92,-1
2024-12-08,2024-12-08 12:20:00,577.33,577.33,577.3,577.3,-0.01,145.87,84492.92,-1
2024-12-08,2024-12-08 12:21:00,577.3,577.3,577.27,577.27,-0.01,145.87,84492.92,-1
2024-12-08,2024-12-08 12:22:00,577.27,577.27,577.23,577.23,-0.01,145.87,84492.92,-1
2024-12-08,2024-12-08 12:23:00,577.23,577.23,577.2,577.2,-0.01,145.87,84492.92,-1
2024-12-08,2024-12-08 12:24:00,577.2,577.2,577.17,577.17,-0.01,145.87,84492.92,-1
2024-12-08,2024-12-08 12:25:00,577.17,577.17,577.13,577.13,-0.01,145.87,84492.92,-1
2024-12-08,2024-12-08 12:26:00,577.13,577.13,577.1,577.1,-0.01,145.87,84492.92,-1
2024-12-08,2024-12-08 12:27:00,577.1,577.1,577.07,577.07,-0.01,145.87,84492.92,-1
2024-12-08,2024-12-08 12:28:00,577.07,577.07,577.03,577.03,-0.01,145.87,84492.92,-1
2024-12-08,2024-12-08 12:29:00,577.03,577.03,577.0,577.0,-0.01,145.87,84492.92,-1
2024-12-08,2024-12-08 12:30:00,577.0,577.0,576.97,576.97,-0.01,145.87,84492.92,-1
2024-12-08,2024-12-08 12:31:00,576.97,576.97,576.93,576.93,-0.01,145.87,84492.92,-1
2024-12-08,2024-12-08 12:32:00,576.93,576.93,576.9,576.9,-0.01,145.87,84492.92,-1
2024-12-08,2024-12-08 12:33:00,576.9,576.9,576.87,576.87,-0.01,145.87,84492.92,-1
2024-12-08,2024-12-08 12:34:00,576.87,576.87,576.83,576.83,-0.01,145.87,84492.92,-1
2024-12-08,2024-12-08 12:35:00,576.83,576.83,576.8,576.8,-0.01,145.87,84492.92,-1
2024-12-08,2024-12-08 12:36:00,576.8,576.8,576.77,576.77,-0.01,145.87,84492.92,-1
2024-12-08,2024-12-08 12:37:00,576.77,576.77,576.73,576.73,-0.01,145.87,84492.92,-1
2024-12-08,2024-12-08 12:38:00,576.73,576.73,576.7,576.7,-0.01,145.87,84492.92,-1
2024-12-08,2024-12-08 12:39:00,576.7,576.7,576.67,576.67,-0.01,145.87,84492.92,-1
2024-12-08,2024-12-08 12:40:00,576.67,576.67,576.63,576.63,-0.01,145.87,84492.92,-1
2024-12-08,2024-12-08 12:41:00,576.63,576.63,576.6,576.6,-0.01,145.87,84492.92,-1
2024-12-08,2024-12-08 12:42:00,576.6,576.6,576.57,576.57,-0.01,145.87,84492.92,-1
2024-12-08,2024-12-08 12:43:00,576.57,576.57,576.53,576.53,-0.01,145.87,84492.92,-1
2024-12-08,2024-12-08 12:44:00,576.53,576.53,576.5,576.5,-0.01,145.87,84492.92,-1
2024-12-08,2024-12-08 12:45:00,576.5,576.5,576.47,576.47,-0.01,145.87,84492.92,-1
2024-12-08,2024-12-08 12:46:00,576.47,576.47,576.43,576.43,-0.01,145.87,84492.92,-1
2024-12-08,2024-12-08 12:47:00,576.43,576.43,576.4,576.4,-0.01,145.87,84492.92,-1
2024-12-08,2024-12-08 12:48:00,576.4,576.4,576.37,576.37,-0.01,145.87,84492.92,-1
2024-12-08,2024-12-08 12:49:00,576.37,576.37,576.33,576.33,-0.01,145.87,84492.92,-1
2024-12-08,2024-12-08 12:50:00,576.33,576.33,576.3,576.3,-0.01,145.87,84492.92,-1
2024-12-08,2024-12-08 12:51:00,576.3,576.3,576.27,576.27,-0.01,145.87,84492.92,-1
2024-12-08,2024-12-08 12:52:00,576.27,576.27,576.23,576.23,-0.01,145.87,84492.92,-1
2024-12-08,2024-12-08 12:53:00,576.23,576.23,576.2,576.2,-0.01,145.87,84492.92,-1
2024-12-08,2024-12-08 12:54:00,576.2,576.2,576.17,576.17,-0.01,145.87,84492.92,-1
2024-12-08,2024-12-08 12:55:00,576.17,576.17,576.13,576.13,-0.01,145.87,84492.92,-1
2024-12-08,2024-12-08 12:56:00,576.13,576.13,576.1,576.1,-0.01,145.87,84492.92,-1
2024-12-08,2024-12-08 12:57:00,576.1,576.1,576.07,576.07,-0.01,145.87,84492.92,-1
2024-12-08,2024-12-08 12:58:00,576.07,576.07,576.03,576.03,-0.01,145.87,84492.92,-1
2024-12-08,2024-12-08 12:59:00,576.03,576.03,576.0,576.0,-0.01,145.87,84492.92,-1
2024-12-08,2024-12-08 13:00:00,576.0,590.0,567.0,575.97,-0.01,145.87,84492.92,-1
2024-12-08,2024-12-08 13:01:00,575.97,575.97,575.93,575.93,-0.01,145.87,84492.92,-1
2024-12-08,2024-12-08 13:02:00,575.93,575.93,575.9,575.9,-0.01,145.87,84492.92,-1
2024-12-08,2024-12-08 13:03:00,575.9,575.9,575.87,575.87,-0.01,145.87,84492.92,-1
2024-12-08,2024-12-08 13:04:00,575.87,575.87,575.83,575.83,-0.01,145.87,84492.92,-1
2024-12-08,2024-12-08 13:05:00,575.83,575.83,575.8,575.8,-0.01,145.87,84492.92,-1
2024-12-08,2024-12-08 13:06:00,575.8,575.8,575.77,575.77,-0.01,145.87,84492.92,-1
2024-12-08,2024-12-08 13:07:00,575.77,575.77,575.73,575.73,-0.01,145.87,84492.92,-1
2024-12-08,2024-12-08 13:08:00,575.73,575.73,575.7,575.7,-0.01,145.87,84492.92,-1
2024-12-08,2024-12-08 13:09:00,575.7,575.7,575.67,575.67,-0.01,145.87,84492.92,-1
2024-12-08,2024-12-08 13:10:00,575.67,575.67,575.63,575.63,-0.01,145.87,84492.92,-1
2024-12-08,2024-12-08 13:11:00,575.63,575.63,575.6,575.6,-0.01,145.87,84492.92,-1
2024-12-08,2024-12-08 13:12:00,575.6,575.6,575.57,575.57,-0.01,145.87,84492.92,-1
2024-12-08,2024-12-08 13:13:00,575.57,575.57,575.53,575.53,-0.01,145.87,84492.92,-1
2024-12-08,2024-12-08 13:14:00,575.53,575.53,575.5,575.5,-0.01,145.87,84492.92,-1
2024-12-08,2024-12-08 13:15:00,575.5,575.5,575.47,575.47,-0.01,145.87,84492.92,-1
2024-12-08,2024-12-08 13:16:00,575.47,575.47,575.43,575.43,-0.01,145.87,84492.92,-1
2024-12-08,2024-12-08 13:17:00,575.43,575.43,575.4,575.4,-0.01,145.87,84492.92,-1
2024-12-08,2024-12-08 13:18:00,575.4,575.4,575.37,575.37,-0.01,145.87,84492.92,-1
2024-12-08,2024-12-08 13:19:00,575.37,575.37,575.33,575.33,-0.01,145.87,84492.92,-1
2024-12-08,2024-12-08 13:20:00,575.33,575.33,575.3,575.3,-0.01,145.87,84492.92,-1
2024-12-08,2024-12-08 13:21:00,575.3,575.3,575.27,575.27,-0.01,145.87,84492.92,-1
2024-12-08,2024-12-08 13:22:00,575.27,575.27,575.23,575.23,-0.01,145.87,84492.92,-1
2024-12-08,2024-12-08 13:23:00,575.23,575.23,575.2,575.2,-0.01,145.87,84492.92,-1
2024-12-08,2024-12-08 13:24:00,575.2,575.2,575.17,575.17,-0.01,145.87,84492.92,-1
2024-12-08,2024-12-08 13:25:00,575.17,575.17,575.13,575.13,-0.01,145.87,84492.92,-1
2024-12-08,2024-12-08 13:26:00,575.13,575.13,575.1,575.1,-0.01,145.87,84492.92,-1
2024-12-08,2024-12-08 13:27:00,575.1,575.1,575.07,575.07,-0.01,145.87,84492.92,-1
2024-12-08,2024-12-08 13:28:00,575.07,575.07,575.03,575.03,-0.01,145.87,84492.92,-1
2024-12-08,2024-12-08 13:29:00,575.03,575.03,575.0,575.0,-0.01,145.87,84492.92,-1
2024-12-08,2024-12-08 13:30:00,575.0,575.0,574.97,574.97,-0.01,145.87,84492.92,-1
2024-12-08,2024-12-08 13:31:00,574.97,574.97,574.93,574.93,-0.01,145.87,84492.92,-1
2024-12-08,2024-12-08 13:32:00,574.93,574.93,574.9,574.9,-0.01,145.87,84492.92,-1
2024-12-08,2024-12-08 13:33:00,574.9,574.9,574.87,574.87,-0.01,145.87,84492.92,-1
2024-12-08,2024-12-08 13:34:00,574.87,574.87,574.83,574.83,-0.01,145.87,84492.92,-1
2024-12-08,2024-12-08 13:35:00,574.83,574.83,574.8,574.8,-0.01,145.87,84492.92,-1
2024-12-08,2024-12-08 13:36:00,574.8,574.8,574.77,574.77,-0.01,145.87,84492.92,-1
2024-12-08,2024-12-08 13:37:00,574.77,574.77,574.73,574.73,-0.01,145.87,84492.92,-1
2024-12-08,2024-12-08 13:38:00,574.73,574.73,574.7,574.7,-0.01,145.87,84492.92,-1
2024-12-08,2024-12-08 13:39:00,574.7,574.7,574.67,574.67,-0.01,145.87,84492.92,-1
2024-12-08,2024-12-08 13:40:00,574.67,574.67,574.63,574.63,-0.01,145.87,84492.92,-1
2024-12-08,2024-12-08 13:41:00,574.63,574.63,574.6,574.6,-0.01,145.87,84492.92,-1
2024-12-08,2024-12-08 13:42:00,574.6,574.6,574.57,574.57,-0.01,145.87,84492.92,-1
2024-12-08,2024-12-08 13:43:00,574.57,574.57,574.53,574.53,-0.01,145.87,84492.92,-1
2024-12-08,2024-12-08 13:44:00,574.53,574.53,574.5,574.5,-0.01,145.87,84492.92,-1
2024-12-08,2024-12-08 13:45:00,574.5,574.5,574.47,574.47,-0.01,145.87,84492.92,-1
2024-12-08,2024-12-08 13:46:00,574.47,574.47,574.43,574.43,-0.01,145.87,84492.92,-1
2024-12-08,2024-12-08 13:47:00,574.43,574.43,574.4,574.4,-0.01,145.87,84492.92,-1
2024-12-08,2024-12-08 13:48:00,574.4,574.4,574.37,574.37,-0.01,145.87,84492.92,-1
2024-12-08,2024-12-08 13:49:00,574.37,574.37,574.33,574.33,-0.01,145.87,84492.92,-1
2024-12-08,2024-12-08 13:50:00,574.33,574.33,574.3,574.3,-0.01,145.87,84492.92,-1
2024-12-08,2024-12-08 13:51:00,574.3,574.3,574.27,574.27,-0.01,145.87,84492.92,-1
2024-12-08,2024-12-08 13:52:00,574.27,574.27,574.23,574.23,-0.01,145.87,84492.92,-1
2024-12-08,2024-12-08 13:53:00,574.23,574.23,574.2,574.2,-0.01,145.87,84492.92,-1
2024-12-08,2024-12-08 13:54:00,574.2,574.2,574.17,574.17,-0.01,145.87,84492.92,-1
2024-12-08,2024-12-08 13:55:00,574.17,574.17,574.13,574.13,-0.01,145.87,84492.92,-1
2024-12-08,2024-12-08 13:56:00,574.13,574.13,574.1,574.1,-0.01,145.87,84492.92,-1
2024-12-08,2024-12-08 13:57:00,574.1,574.1,574.07,574.07,-0.01,145.87,84492.92,-1
2024-12-08,2024-12-08 13:58:00,574.07,574.07,574.03,574.03,-0.01,145.87,84492.92,-1
2024-12-08,2024-12-08 13:59:00,574.03,574.03,574.0,574.0,-0.01,145.87,84492.92,-1
2024-12-08,2024-12-08 14:00:00,574.0,574.0,573.97,573.97,-0.01,145.87,84492.92,-1
2024-12-08,2024-12-08 14:01:00,573.97,573.97,573.93,573.93,-0.01,145.87,84492.92,-1
2024-12-08,2024-12-08 14:02:00,573.93,573.93,573.9,573.9,-0.01,145.87,84492.92,-1
2024-12-08,2024-12-08 14:03:00,573.9,573.9,573.87,573.87,-0.01,145.87,84492.92,-1
2024-12-08,2024-12-08 14:04:00,573.87,573.87,573.83,573.83,-0.01,145.87,84492.92,-1
2024-12-08,2024-12-08 14:05:00,573.83,573.83,573.8,573.8,-0.01,145.87,84492.92,-1
2024-12-08,2024-12-08 14:06:00,573.8,573.8,573.77,573.77,-0.01,145.87,84492.92,-1
2024-12-08,2024-12-08 14:07:00,573.77,573.77,573.73,573.73,-0.01,145.87,84492.92,-1
2024-12-08,2024-12-08 14:08:00,573.73,573.73,573.7,573.7,-0.01,145.87,84492.92,-1
2024-12-08,2024-12-08 14:09:00,573.7,573.7,573.67,573.67,-0.01,145.87,84492.92,-1
2024-12-08,2024-12-08 14:10:00,573.67,573.67,573.63,573.63,-0.01,145.87,84492.92,-1
2024-12-08,2024-12-08 14:11:00,573.63,573.63,573.6,573.6,-0.01,145.87,84492.92,-1
2024-12-08,2024-12-08 14:12:00,573.6,573.6,573.57,573.57,-0.01,145.87,84492.92,-1
2024-12-08,2024-12-08 14:13:00,573.57,573.57,573.53,573.53,-0.01,145.87,84492.92,-1
2024-12-08,2024-12-08 14:14:00,573.53,573.53,573.5,573.5,-0.01,145.87,84492.92,-1
2024-12-08,2024-12-08 14:15:00,573.5,573.5,573.47,573.47,-0.01,145.87,84492.92,-1
2024-12-08,2024-12-08 14:16:00,573.47,573.47,573.43,573.43,-0.01,145.87,84492.92,-1
2024-12-08,2024-12-08 14:17:00,573.43,573.43,573.4,573.4,-0.01,145.87,84492.92,-1
2024-12-08,2024-12-08 14:18:00,573.4,573.4,573.37,573.37,-0.01,145.87,84492.92,-1
2024-12-08,2024-12-08 14:19:00,573.37,573.37,573.33,573.33,-0.01,145.87,84492.92,-1
2024-12-08,2024-12-08 14:20:00,573.33,573.33,573.3,573.3,-0.01,145.87,84492.92,-1
2024-12-08,2024-12-08 14:21:00,573.3,573.3,573.27,573.27,-0.01,145.87,84492.92,-1
2024-12-08,2024-12-08 14:22:00,573.27,573.27,573.23,573.23,-0.01,145.87,84492.92,-1
2024-12-08,2024-12-08 14:23:00,573.23,573.23,573.2,573.2,-0.01,145.87,84492.92,-1
2024-12-08,2024-12-08 14:24:00,573.2,573.2,573.17,573.17,-0.01,145.87,84492.92,-1
2024-12-08,2024-12-08 14:25:00,573.17,573.17,573.13,573.13,-0.01,145.87,84492.92,-1
2024-12-08,2024-12-08 14:26:00,573.13,573.13,573.1,573.1,-0.01,145.87,84492.92,-1
2024-12-08,2024-12-08 14:27:00,573.1,573.1,573.07,573.07,-0.01,145.87,84492.92,-1
2024-12-08,2024-12-08 14:28:00,573.07,573.07,573.03,573.03,-0.01,145.87,84492.92,-1
2024-12-08,2024-12-08 14:29:00,573.03,573.03,573.0,573.0,-0.01,145.87,84492.92,-1
2024-12-08,2024-12-08 14:30:00,573.0,573.0,572.97,572.97,-0.01,145.87,84492.92,-1
2024-12-08,2024-12-08 14:31:00,572.97,572.97,572.93,572.93,-0.01,145.87,84492.92,-1
2024-12-08,2024-12-08 14:32:00,572.93,572.93,572.9,572.9,-0.01,145.87,84492.92,-1
2024-12-08,2024-12-08 14:33:00,572.9,572.9,572.87,572.87,-0.01,145.87,84492.92,-1
2024-12-08,2024-12-08 14:34:00,572.87,572.87,572.83,572.83,-0.01,145.87,84492.92,-1
2024-12-08,2024-12-08 14:35:00,572.83,572.83,572.8,572.8,-0.01,145.87,84492.92,-1
2024-12-08,2024-12-08 14:36:00,572.8,572.8,572.77,572.77,-0.01,145.87,84492.92,-1
2024-12-08,2024-12-08 14:37:00,572.77,572.77,572.73,572.73,-0.01,145.87,84492.92,-1
2024-12-08,2024-12-08 14:38:00,572.73,572.73,572.7,572.7,-0.01,145.87,84492.92,-1
2024-12-08,2024-12-08 14:39:00,572.7,572.7,572.67,572.67,-0.01,145.87,84492.92,-1
2024-12-08,2024-12-08 14:40:00,572.67,572.67,572.63,572.63,-0.01,145.87,84492.92,-1
2024-12-08,2024-12-08 14:41:00,572.63,572.63,572.6,572.6,-0.01,145.87,84492.92,-1
2024-12-08,2024-12-08 14:42:00,572.6,572.6,572.57,572.57,-0.01,145.87,84492.92,-1
2024-12-08,2024-12-08 14:43:00,572.57,572.57,572.53,572.53,-0.01,145.87,84492.92,-1
2024-12-08,2024-12-08 14:44:00,572.53,572.53,572.5,572.5,-0.01,145.87,84492.92,-1
2024-12-08,2024-12-08 14:45:00,572.5,572.5,572.47,572.47,-0.01,145.87,84492.92,-1
2024-12-08,2024-12-08 14:46:00,572.47,572.47,572.43,572.43,-0.01,145.87,84492.92,-1
2024-12-08,2024-12-08 14:47:00,572.43,572.43,572.4,572.4,-0.01,145.87,84492.92,-1
2024-12-08,2024-12-08 14:48:00,572.4,572.4,572.37,572.37,-0.01,145.87,84492.92,-1
2024-12-08,2024-12-08 14:49:00,572.37,572.37,572.33,572.33,-0.01,145.87,84492.92,-1
2024-12-08,2024-12-08 14:50:00,572.33,572.33,572.3,572.3,-0.01,145.87,84492.92,-1
2024-12-08,2024-12-08 14:51:00,572.3,572.3,572.27,572.27,-0.01,145.87,84492.92,-1
2024-12-08,2024-12-08 14:52:00,572.27,572.27,572.23,572.23,-0.01,145.87,84492.92,-1
2024-12-08,2024-12-08 14:53:00,572.23,572.23,572.2,572.2,-0.01,145.87,84492.92,-1
2024-12-08,2024-12-08 14:54:00,572.2,572.2,572.17,572.17,-0.01,145.87,84492.92,-1
2024-12-08,2024-12-08 14:55:00,572.17,572.17,572.13,572.13,-0.01,145.87,84492.92,-1
2024-12-08,2024-12-08 14:56:00,572.13,572.13,572.1,572.1,-0.01,145.87,84492.92,-1
2024-12-08,2024-12-08 14:57:00,572.1,572.1,572.07,572.07,-0.01,145.87,84492.92,-1
2024-12-08,2024-12-08 14:58:00,572.07,572.07,572.03,572.03,-0.01,145.87,84492.92,-1
2024-12-08,2024-12-08 14:59:00,572.03,572.03,572.0,572.0,-0.01,145.87,84492.92,-1
2024-12-08,2024-12-08 15:00:00,572.0,590.0,567.0,572.0,0.0,145.87,84492.92,0
2024-12-09,2024-12-09 11:00:00,562.0,568.9,562.0,562.03,0.01,100.35,57405.73,1
2024-12-09,2024-12-09 11:01:00,562.03,562.07,562.03,562.07,0.01,100.35,57405.73,1
2024-12-09,2024-12-09 11:02:00,562.07,562.1,562.07,562.1,0.01,100.35,57405.73,1
2024-12-09,2024-12-09 11:03:00,562.1,562.13,562.1,562.13,0.01,100.35,57405.73,1
2024-12-09,2024-12-09 11:04:00,562.13,562.17,562.13,562.17,0.01,100.35,57405.73,1
2024-12-09,2024-12-09 11:05:00,562.17,562.2,562.17,562.2,0.01,100.35,57405.73,1
2024-12-09,2024-12-09 11:06:00,562.2,562.23,562.2,562.23,0.01,100.35,57405.73,1
2024-12-09,2024-12-09 11:07:00,562.23,562.27,562.23,562.27,0.01,100.35,57405.73,1
2024-12-09,2024-12-09 11:08:00,562.27,562.3,562.27,562.3,0.01,100.35,57405.73,1
2024-12-09,2024-12-09 11:09:00,562.3,562.33,562.3,562.33,0.01,100.35,57405.73,1
2024-12-09,2024-12-09 11:10:00,562.33,562.37,562.33,562.37,0.01,100.35,57405.73,1
2024-12-09,2024-12-09 11:11:00,562.37,562.4,562.37,562.4,0.01,100.35,57405.73,1
2024-12-09,2024-12-09 11:12:00,562.4,562.43,562.4,562.43,0.01,100.35,57405.73,1
2024-12-09,2024-12-09 11:13:00,562.43,562.47,562.43,562.47,0.01,100.35,57405.73,1
2024-12-09,2024-12-09 11:14:00,562.47,562.5,562.47,562.5,0.01,100.35,57405.73,1
2024-12-09,2024-12-09 11:15:00,562.5,562.53,562.5,562.53,0.01,100.35,57405.73,1
2024-12-09,2024-12-09 11:16:00,562.53,562.57,562.53,562.57,0.01,100.35,57405.73,1
2024-12-09,2024-12-09 11:17:00,562.57,562.6,562.57,562.6,0.01,100.35,57405.73,1
2024-12-09,2024-12-09 11:18:00,562.6,562.63,562.6,562.63,0.01,100.35,57405.73,1
2024-12-09,2024-12-09 11:19:00,562.63,562.67,562.63,562.67,0.01,100.35,57405.73,1
2024-12-09,2024-12-09 11:20:00,562.67,562.7,562.67,562.7,0.01,100.35,57405.73,1
2024-12-09,2024-12-09 11:21:00,562.7,562.73,562.7,562.73,0.01,100.35,57405.73,1
2024-12-09,2024-12-09 11:22:00,562.73,562.77,562.73,562.77,0.01,100.35,57405.73,1
2024-12-09,2024-12-09 11:23:00,562.77,562.8,562.77,562.8,0.01,100.35,57405.73,1
2024-12-09,2024-12-09 11:24:00,562.8,562.83,562.8,562.83,0.01,100.35,57405.73,1
2024-12-09,2024-12-09 11:25:00,562.83,562.87,562.83,562.87,0.01,100.35,57405.73,1
2024-12-09,2024-12-09 11:26:00,562.87,562.9,562.87,562.9,0.01,100.35,57405.73,1
2024-12-09,2024-12-09 11:27:00,562.9,562.93,562.9,562.93,0.01,100.35,57405.73,1
2024-12-09,2024-12-09 11:28:00,562.93,562.97,562.93,562.97,0.01,100.35,57405.73,1
2024-12-09,2024-12-09 11:29:00,562.97,563.0,562.97,563.0,0.01,100.35,57405.73,1
2024-12-09,2024-12-09 11:30:00,563.0,563.03,563.0,563.03,0.01,100.35,57405.73,1
2024-12-09,2024-12-09 11:31:00,563.03,563.07,563.03,563.07,0.01,100.35,57405.73,1
2024-12-09,2024-12-09 11:32:00,563.07,563.1,563.07,563.1,0.01,100.35,57405.73,1
2024-12-09,2024-12-09 11:33:00,563.1,563.13,563.1,563.13,0.01,100.35,57405.73,1
2024-12-09,2024-12-09 11:34:00,563.13,563.17,563.13,563.17,0.01,100.35,57405.73,1
2024-12-09,2024-12-09 11:35:00,563.17,563.2,563.17,563.2,0.01,100.35,57405.73,1
2024-12-09,2024-12-09 11:36:00,563.2,563.23,563.2,563.23,0.01,100.35,57405.73,1
2024-12-09,2024-12-09 11:37:00,563.23,563.27,563.23,563.27,0.01,100.35,57405.73,1
2024-12-09,2024-12-09 11:38:00,563.27,563.3,563.27,563.3,0.01,100.35,57405.73,1
2024-12-09,2024-12-09 11:39:00,563.3,563.33,563.3,563.33,0.01,100.35,57405.73,1
2024-12-09,2024-12-09 11:40:00,563.33,563.37,563.33,563.37,0.01,100.35,57405.73,1
2024-12-09,2024-12-09 11:41:00,563.37,563.4,563.37,563.4,0.01,100.35,57405.73,1
2024-12-09,2024-12-09 11:42:00,563.4,563.43,563.4,563.43,0.01,100.35,57405.73,1
2024-12-09,2024-12-09 11:43:00,563.43,563.47,563.43,563.47,0.01,100.35,57405.73,1
2024-12-09,2024-12-09 11:44:00,563.47,563.5,563.47,563.5,0.01,100.35,57405.73,1
2024-12-09,2024-12-09 11:45:00,563.5,563.53,563.5,563.53,0.01,100.35,57405.73,1
2024-12-09,2024-12-09 11:46:00,563.53,563.57,563.53,563.57,0.01,100.35,57405.73,1
2024-12-09,2024-12-09 11:47:00,563.57,563.6,563.57,563.6,0.01,100.35,57405.73,1
2024-12-09,2024-12-09 11:48:00,563.6,563.63,563.6,563.63,0.01,100.35,57405.73,1
2024-12-09,2024-12-09 11:49:00,563.63,563.67,563.63,563.67,0.01,100.35,57405.73,1
2024-12-09,2024-12-09 11:50:00,563.67,563.7,563.67,563.7,0.01,100.35,57405.73,1
2024-12-09,2024-12-09 11:51:00,563.7,563.73,563.7,563.73,0.01,100.35,57405.73,1
2024-12-09,2024-12-09 11:52:00,563.73,563.77,563.73,563.77,0.01,100.35,57405.73,1
2024-12-09,2024-12-09 11:53:00,563.77,563.8,563.77,563.8,0.01,100.35,57405.73,1
2024-12-09,2024-12-09 11:54:00,563.8,563.83,563.8,563.83,0.01,100.35,57405.73,1
2024-12-09,2024-12-09 11:55:00,563.83,563.87,563.83,563.87,0.01,100.35,57405.73,1
2024-12-09,2024-12-09 11:56:00,563.87,563.9,563.87,563.9,0.01,100.35,57405.73,1
2024-12-09,2024-12-09 11:57:00,563.9,563.93,563.9,563.93,0.01,100.35,57405.73,1
2024-12-09,2024-12-09 11:58:00,563.93,563.97,563.93,563.97,0.01,100.35,57405.73,1
2024-12-09,2024-12-09 11:59:00,563.97,564.0,563.97,564.0,0.01,100.35,57405.73,1
2024-12-09,2024-12-09 12:00:00,564.0,564.03,564.0,564.03,0.01,100.35,57405.73,1
2024-12-09,2024-12-09 12:01:00,564.03,564.07,564.03,564.07,0.01,100.35,57405.73,1
2024-12-09,2024-12-09 12:02:00,564.07,564.1,564.07,564.1,0.01,100.35,57405.73,1
2024-12-09,2024-12-09 12:03:00,564.1,564.13,564.1,564.13,0.01,100.35,57405.73,1
2024-12-09,2024-12-09 12:04:00,564.13,564.17,564.13,564.17,0.01,100.35,57405.73,1
2024-12-09,2024-12-09 12:05:00,564.17,564.2,564.17,564.2,0.01,100.35,57405.73,1
2024-12-09,2024-12-09 12:06:00,564.2,564.23,564.2,564.23,0.01,100.35,57405.73,1
2024-12-09,2024-12-09 12:07:00,564.23,564.27,564.23,564.27,0.01,100.35,57405.73,1
2024-12-09,2024-12-09 12:08:00,564.27,564.3,564.27,564.3,0.01,100.35,57405.73,1
2024-12-09,2024-12-09 12:09:00,564.3,564.33,564.3,564.33,0.01,100.35,57405.73,1
2024-12-09,2024-12-09 12:10:00,564.33,564.37,564.33,564.37,0.01,100.35,57405.73,1
2024-12-09,2024-12-09 12:11:00,564.37,564.4,564.37,564.4,0.01,100.35,57405.73,1
2024-12-09,2024-12-09 12:12:00,564.4,564.43,564.4,564.43,0.01,100.35,57405.73,1
2024-12-09,2024-12-09 12:13:00,564.43,564.47,564.43,564.47,0.01,100.35,57405.73,1
2024-12-09,2024-12-09 12:14:00,564.47,564.5,564.47,564.5,0.01,100.35,57405.73,1
2024-12-09,2024-12-09 12:15:00,564.5,564.53,564.5,564.53,0.01,100.35,57405.73,1
2024-12-09,2024-12-09 12:16:00,564.53,564.57,564.53,564.57,0.01,100.35,57405.73,1
2024-12-09,2024-12-09 12:17:00,564.57,564.6,564.57,564.6,0.01,100.35,57405.73,1
2024-12-09,2024-12-09 12:18:00,564.6,564.63,564.6,564.63,0.01,100.35,57405.73,1
2024-12-09,2024-12-09 12:19:00,564.63,564.67,564.63,564.67,0.01,100.35,57405.73,1
2024-12-09,2024-12-09 12:20:00,564.67,564.7,564.67,564.7,0.01,100.35,57405.73,1
2024-12-09,2024-12-09 12:21:00,564.7,564.73,564.7,564.73,0.01,100.35,57405.73,1
2024-12-09,2024-12-09 12:22:00,564.73,564.77,564.73,564.77,0.01,100.35,57405.73,1
2024-12-09,2024-12-09 12:23:00,564.77,564.8,564.77,564.8,0.01,100.35,57405.73,1
2024-12-09,2024-12-09 12:24:00,564.8,564.83,564.8,564.83,0.01,100.35,57405.73,1
2024-12-09,2024-12-09 12:25:00,564.83,564.87,564.83,564.87,0.01,100.35,57405.73,1
2024-12-09,2024-12-09 12:26:00,564.87,564.9,564.87,564.9,0.01,100.35,57405.73,1
2024-12-09,2024-12-09 12:27:00,564.9,564.93,564.9,564.93,0.01,100.35,57405.73,1
2024-12-09,2024-12-09 12:28:00,564.93,564.97,564.93,564.97,0.01,100.35,57405.73,1
2024-12-09,2024-12-09 12:29:00,564.97,565.0,564.97,565.0,0.01,100.35,57405.73,1
2024-12-09,2024-12-09 12:30:00,565.0,565.03,565.0,565.03,0.01,100.35,57405.73,1
2024-12-09,2024-12-09 12:31:00,565.03,565.07,565.03,565.07,0.01,100.35,57405.73,1
2024-12-09,2024-12-09 12:32:00,565.07,565.1,565.07,565.1,0.01,100.35,57405.73,1
2024-12-09,2024-12-09 12:33:00,565.1,565.13,565.1,565.13,0.01,100.35,57405.73,1
2024-12-09,2024-12-09 12:34:00,565.13,565.17,565.13,565.17,0.01,100.35,57405.73,1
2024-12-09,2024-12-09 12:35:00,565.17,565.2,565.17,565.2,0.01,100.35,57405.73,1
2024-12-09,2024-12-09 12:36:00,565.2,565.23,565.2,565.23,0.01,100.35,57405.73,1
2024-12-09,2024-12-09 12:37:00,565.23,565.27,565.23,565.27,0.01,100.35,57405.73,1
2024-12-09,2024-12-09 12:38:00,565.27,565.3,565.27,565.3,0.01,100.35,57405.73,1
2024-12-09,2024-12-09 12:39:00,565.3,565.33,565.3,565.33,0.01,100.35,57405.73,1
2024-12-09,2024-12-09 12:40:00,565.33,565.37,565.33,565.37,0.01,100.35,57405.73,1
2024-12-09,2024-12-09 12:41:00,565.37,565.4,565.37,565.4,0.01,100.35,57405.73,1
2024-12-09,2024-12-09 12:42:00,565.4,565.43,565.4,565.43,0.01,100.35,57405.73,1
2024-12-09,2024-12-09 12:43:00,565.43,565.47,565.43,565.47,0.01,100.35,57405.73,1
2024-12-09,2024-12-09 12:44:00,565.47,565.5,565.47,565.5,0.01,100.35,57405.73,1
2024-12-09,2024-12-09 12:45:00,565.5,565.53,565.5,565.53,0.01,100.35,57405.73,1
2024-12-09,2024-12-09 12:46:00,565.53,565.57,565.53,565.57,0.01,100.35,57405.73,1
2024-12-09,2024-12-09 12:47:00,565.57,565.6,565.57,565.6,0.01,100.35,57405.73,1
2024-12-09,2024-12-09 12:48:00,565.6,565.63,565.6,565.63,0.01,100.35,57405.73,1
2024-12-09,2024-12-09 12:49:00,565.63,565.67,565.63,565.67,0.01,100.35,57405.73,1
2024-12-09,2024-12-09 12:50:00,565.67,565.7,565.67,565.7,0.01,100.35,57405.73,1
2024-12-09,2024-12-09 12:51:00,565.7,565.73,565.7,565.73,0.01,100.35,57405.73,1
2024-12-09,2024-12-09 12:52:00,565.73,565.77,565.73,565.77,0.01,100.35,57405.73,1
2024-12-09,2024-12-09 12:53:00,565.77,565.8,565.77,565.8,0.01,100.35,57405.73,1
2024-12-09,2024-12-09 12:54:00,565.8,565.83,565.8,565.83,0.01,100.35,57405.73,1
2024-12-09,2024-12-09 12:55:00,565.83,565.87,565.83,565.87,0.01,100.35,57405.73,1
2024-12-09,2024-12-09 12:56:00,565.87,565.9,565.87,565.9,0.01,100.35,57405.73,1
2024-12-09,2024-12-09 12:57:00,565.9,565.93,565.9,565.93,0.01,100.35,57405.73,1
2024-12-09,2024-12-09 12:58:00,565.93,565.97,565.93,565.97,0.01,100.35,57405.73,1
2024-12-09,2024-12-09 12:59:00,565.97,566.0,565.97,566.0,0.01,100.35,57405.73,1
2024-12-09,2024-12-09 13:00:00,566.0,585.0,562.0,566.03,0.01,100.35,57405.73,1
2024-12-09,2024-12-09 13:01:00,566.03,566.07,566.03,566.07,0.01,100.35,57405.73,1
2024-12-09,2024-12-09 13:02:00,566.07,566.1,566.07,566.1,0.01,100.35,57405.73,1
2024-12-09,2024-12-09 13:03:00,566.1,566.13,566.1,566.13,0.01,100.35,57405.73,1
2024-12-09,2024-12-09 13:04:00,566.13,566.17,566.13,566.17,0.01,100.35,57405.73,1
2024-12-09,2024-12-09 13:05:00,566.17,566.2,566.17,566.2,0.01,100.35,57405.73,1
2024-12-09,2024-12-09 13:06:00,566.2,566.23,566.2,566.23,0.01,100.35,57405.73,1
2024-12-09,2024-12-09 13:07:00,566.23,566.27,566.23,566.27,0.01,100.35,57405.73,1
2024-12-09,2024-12-09 13:08:00,566.27,566.3,566.27,566.3,0.01,100.35,57405.73,1
2024-12-09,2024-12-09 13:09:00,566.3,566.33,566.3,566.33,0.01,100.35,57405.73,1
2024-12-09,2024-12-09 13:10:00,566.33,566.37,566.33,566.37,0.01,100.35,57405.73,1
2024-12-09,2024-12-09 13:11:00,566.37,566.4,566.37,566.4,0.01,100.35,57405.73,1
2024-12-09,2024-12-09 13:12:00,566.4,566.43,566.4,566.43,0.01,100.35,57405.73,1
2024-12-09,2024-12-09 13:13:00,566.43,566.47,566.43,566.47,0.01,100.35,57405.73,1
2024-12-09,2024-12-09 13:14:00,566.47,566.5,566.47,566.5,0.01,100.35,57405.73,1
2024-12-09,2024-12-09 13:15:00,566.5,566.53,566.5,566.53,0.01,100.35,57405.73,1
2024-12-09,2024-12-09 13:16:00,566.53,566.57,566.53,566.57,0.01,100.35,57405.73,1
2024-12-09,2024-12-09 13:17:00,566.57,566.6,566.57,566.6,0.01,100.35,57405.73,1
2024-12-09,2024-12-09 13:18:00,566.6,566.63,566.6,566.63,0.01,100.35,57405.73,1
2024-12-09,2024-12-09 13:19:00,566.63,566.67,566.63,566.67,0.01,100.35,57405.73,1
2024-12-09,2024-12-09 13:20:00,566.67,566.7,566.67,566.7,0.01,100.35,57405.73,1
2024-12-09,2024-12-09 13:21:00,566.7,566.73,566.7,566.73,0.01,100.35,57405.73,1
2024-12-09,2024-12-09 13:22:00,566.73,566.77,566.73,566.77,0.01,100.35,57405.73,1
2024-12-09,2024-12-09 13:23:00,566.77,566.8,566.77,566.8,0.01,100.35,57405.73,1
2024-12-09,2024-12-09 13:24:00,566.8,566.83,566.8,566.83,0.01,100.35,57405.73,1
2024-12-09,2024-12-09 13:25:00,566.83,566.87,566.83,566.87,0.01,100.35,57405.73,1
2024-12-09,2024-12-09 13:26:00,566.87,566.9,566.87,566.9,0.01,100.35,57405.73,1
2024-12-09,2024-12-09 13:27:00,566.9,566.93,566.9,566.93,0.01,100.35,57405.73,1
2024-12-09,2024-12-09 13:28:00,566.93,566.97,566.93,566.97,0.01,100.35,57405.73,1
2024-12-09,2024-12-09 13:29:00,566.97,567.0,566.97,567.0,0.01,100.35,57405.73,1
2024-12-09,2024-12-09 13:30:00,567.0,567.03,567.0,567.03,0.01,100.35,57405.73,1
2024-12-09,2024-12-09 13:31:00,567.03,567.07,567.03,567.07,0.01,100.35,57405.73,1
2024-12-09,2024-12-09 13:32:00,567.07,567.1,567.07,567.1,0.01,100.35,57405.73,1
2024-12-09,2024-12-09 13:33:00,567.1,567.13,567.1,567.13,0.01,100.35,57405.73,1
2024-12-09,2024-12-09 13:34:00,567.13,567.17,567.13,567.17,0.01,100.35,57405.73,1
2024-12-09,2024-12-09 13:35:00,567.17,567.2,567.17,567.2,0.01,100.35,57405.73,1
2024-12-09,2024-12-09 13:36:00,567.2,567.23,567.2,567.23,0.01,100.35,57405.73,1
2024-12-09,2024-12-09 13:37:00,567.23,567.27,567.23,567.27,0.01,100.35,57405.73,1
2024-12-09,2024-12-09 13:38:00,567.27,567.3,567.27,567.3,0.01,100.35,57405.73,1
2024-12-09,2024-12-09 13:39:00,567.3,567.33,567.3,567.33,0.01,100.35,57405.73,1
2024-12-09,2024-12-09 13:40:00,567.33,567.37,567.33,567.37,0.01,100.35,57405.73,1
2024-12-09,2024-12-09 13:41:00,567.37,567.4,567.37,567.4,0.01,100.35,57405.73,1
2024-12-09,2024-12-09 13:42:00,567.4,567.43,567.4,567.43,0.01,100.35,57405.73,1
2024-12-09,2024-12-09 13:43:00,567.43,567.47,567.43,567.47,0.01,100.35,57405.73,1
2024-12-09,2024-12-09 13:44:00,567.47,567.5,567.47,567.5,0.01,100.35,57405.73,1
2024-12-09,2024-12-09 13:45:00,567.5,567.53,567.5,567.53,0.01,100.35,57405.73,1
2024-12-09,2024-12-09 13:46:00,567.53,567.57,567.53,567.57,0.01,100.35,57405.73,1
2024-12-09,2024-12-09 13:47:00,567.57,567.6,567.57,567.6,0.01,100.35,57405.73,1
2024-12-09,2024-12-09 13:48:00,567.6,567.63,567.6,567.63,0.01,100.35,57405.73,1
2024-12-09,2024-12-09 13:49:00,567.63,567.67,567.63,567.67,0.01,100.35,57405.73,1
2024-12-09,2024-12-09 13:50:00,567.67,567.7,567.67,567.7,0.01,100.35,57405.73,1
2024-12-09,2024-12-09 13:51:00,567.7,567.73,567.7,567.73,0.01,100.35,57405.73,1
2024-12-09,2024-12-09 13:52:00,567.73,567.77,567.73,567.77,0.01,100.35,57405.73,1
2024-12-09,2024-12-09 13:53:00,567.77,567.8,567.77,567.8,0.01,100.35,57405.73,1
2024-12-09,2024-12-09 13:54:00,567.8,567.83,567.8,567.83,0.01,100.35,57405.73,1
2024-12-09,2024-12-09 13:55:00,567.83,567.87,567.83,567.87,0.01,100.35,57405.73,1
2024-12-09,2024-12-09 13:56:00,567.87,567.9,567.87,567.9,0.01,100.35,57405.73,1
2024-12-09,2024-12-09 13:57:00,567.9,567.93,567.9,567.93,0.01,100.35,57405.73,1
2024-12-09,2024-12-09 13:58:00,567.93,567.97,567.93,567.97,0.01,100.35,57405.73,1
2024-12-09,2024-12-09 13:59:00,567.97,568.0,567.97,568.0,0.01,100.35,57405.73,1
2024-12-09,2024-12-09 14:00:00,568.0,568.03,568.0,568.03,0.01,100.35,57405.73,1
2024-12-09,2024-12-09 14:01:00,568.03,568.07,568.03,568.07,0.01,100.35,57405.73,1
2024-12-09,2024-12-09 14:02:00,568.07,568.1,568.07,568.1,0.01,100.35,57405.73,1
2024-12-09,2024-12-09 14:03:00,568.1,568.13,568.1,568.13,0.01,100.35,57405.73,1
2024-12-09,2024-12-09 14:04:00,568.13,568.17,568.13,568.17,0.01,100.35,57405.73,1
2024-12-09,2024-12-09 14:05:00,568.17,568.2,568.17,568.2,0.01,100.35,57405.73,1
2024-12-09,2024-12-09 14:06:00,568.2,568.23,568.2,568.23,0.01,100.35,57405.73,1
2024-12-09,2024-12-09 14:07:00,568.23,568.27,568.23,568.27,0.01,100.35,57405.73,1
2024-12-09,2024-12-09 14:08:00,568.27,568.3,568.27,568.3,0.01,100.35,57405.73,1
2024-12-09,2024-12-09 14:09:00,568.3,568.33,568.3,568.33,0.01,100.35,57405.73,1
2024-12-09,2024-12-09 14:10:00,568.33,568.37,568.33,568.37,0.01,100.35,57405.73,1
2024-12-09,2024-12-09 14:11:00,568.37,568.4,568.37,568.4,0.01,100.35,57405.73,1
2024-12-09,2024-12-09 14:12:00,568.4,568.43,568.4,568.43,0.01,100.35,57405.73,1
2024-12-09,2024-12-09 14:13:00,568.43,568.47,568.43,568.47,0.01,100.35,57405.73,1
2024-12-09,2024-12-09 14:14:00,568.47,568.5,568.47,568.5,0.01,100.35,57405.73,1
2024-12-09,2024-12-09 14:15:00,568.5,568.53,568.5,568.53,0.01,100.35,57405.73,1
2024-12-09,2024-12-09 14:16:00,568.53,568.57,568.53,568.57,0.01,100.35,57405.73,1
2024-12-09,2024-12-09 14:17:00,568.57,568.6,568.57,568.6,0.01,100.35,57405.73,1
2024-12-09,2024-12-09 14:18:00,568.6,568.63,568.6,568.63,0.01,100.35,57405.73,1
2024-12-09,2024-12-09 14:19:00,568.63,568.67,568.63,568.67,0.01,100.35,57405.73,1
2024-12-09,2024-12-09 14:20:00,568.67,568.7,568.67,568.7,0.01,100.35,57405.73,1
2024-12-09,2024-12-09 14:21:00,568.7,568.73,568.7,568.73,0.01,100.35,57405.73,1
2024-12-09,2024-12-09 14:22:00,568.73,568.77,568.73,568.77,0.01,100.35,57405.73,1
2024-12-09,2024-12-09 14:23:00,568.77,568.8,568.77,568.8,0.01,100.35,57405.73,1
2024-12-09,2024-12-09 14:24:00,568.8,568.83,568.8,568.83,0.01,100.35,57405.73,1
2024-12-09,2024-12-09 14:25:00,568.83,568.87,568.83,568.87,0.01,100.35,57405.73,1
2024-12-09,2024-12-09 14:26:00,568.87,568.9,568.87,568.9,0.01,100.35,57405.73,1
2024-12-09,2024-12-09 14:27:00,568.9,568.93,568.9,568.93,0.01,100.35,57405.73,1
2024-12-09,2024-12-09 14:28:00,568.93,568.97,568.93,568.97,0.01,100.35,57405.73,1
2024-12-09,2024-12-09 14:29:00,568.97,569.0,568.97,569.0,0.01,100.35,57405.73,1
2024-12-09,2024-12-09 14:30:00,569.0,569.03,569.0,569.03,0.01,100.35,57405.73,1
2024-12-09,2024-12-09 14:31:00,569.03,569.07,569.03,569.07,0.01,100.35,57405.73,1
2024-12-09,2024-12-09 14:32:00,569.07,569.1,569.07,569.1,0.01,100.35,57405.73,1
2024-12-09,2024-12-09 14:33:00,569.1,569.13,569.1,569.13,0.01,100.35,57405.73,1
2024-12-09,2024-12-09 14:34:00,569.13,569.17,569.13,569.17,0.01,100.35,57405.73,1
2024-12-09,2024-12-09 14:35:00,569.17,569.2,569.17,569.2,0.01,100.35,57405.73,1
2024-12-09,2024-12-09 14:36:00,569.2,569.23,569.2,569.23,0.01,100.35,57405.73,1
2024-12-09,2024-12-09 14:37:00,569.23,569.27,569.23,569.27,0.01,100.35,57405.73,1
2024-12-09,2024-12-09 14:38:00,569.27,569.3,569.27,569.3,0.01,100.35,57405.73,1
2024-12-09,2024-12-09 14:39:00,569.3,569.33,569.3,569.33,0.01,100.35,57405.73,1
2024-12-09,2024-12-09 14:40:00,569.33,569.37,569.33,569.37,0.01,100.35,57405.73,1
2024-12-09,2024-12-09 14:41:00,569.37,569.4,569.37,569.4,0.01,100.35,57405.73,1
2024-12-09,2024-12-09 14:42:00,569.4,569.43,569.4,569.43,0.01,100.35,57405.73,1
2024-12-09,2024-12-09 14:43:00,569.43,569.47,569.43,569.47,0.01,100.35,57405.73,1
2024-12-09,2024-12-09 14:44:00,569.47,569.5,569.47,569.5,0.01,100.35,57405.73,1
2024-12-09,2024-12-09 14:45:00,569.5,569.53,569.5,569.53,0.01,100.35,57405.73,1
2024-12-09,2024-12-09 14:46:00,569.53,569.57,569.53,569.57,0.01,100.35,57405.73,1
2024-12-09,2024-12-09 14:47:00,569.57,569.6,569.57,569.6,0.01,100.35,57405.73,1
2024-12-09,2024-12-09 14:48:00,569.6,569.63,569.6,569.63,0.01,100.35,57405.73,1
2024-12-09,2024-12-09 14:49:00,569.63,569.67,569.63,569.67,0.01,100.35,57405.73,1
2024-12-09,2024-12-09 14:50:00,569.67,569.7,569.67,569.7,0.01,100.35,57405.73,1
2024-12-09,2024-12-09 14:51:00,569.7,569.73,569.7,569.73,0.01,100.35,57405.73,1
2024-12-09,2024-12-09 14:52:00,569.73,569.77,569.73,569.77,0.01,100.35,57405.73,1
2024-12-09,2024-12-09 14:53:00,569.77,569.8,569.77,569.8,0.01,100.35,57405.73,1
2024-12-09,2024-12-09 14:54:00,569.8,569.83,569.8,569.83,0.01,100.35,57405.73,1
2024-12-09,2024-12-09 14:55:00,569.83,569.87,569.83,569.87,0.01,100.35,57405.73,1
2024-12-09,2024-12-09 14:56:00,569.87,569.9,569.87,569.9,0.01,100.35,57405.73,1
2024-12-09,2024-12-09 14:57:00,569.9,569.93,569.9,569.93,0.01,100.35,57405.73,1
2024-12-09,2024-12-09 14:58:00,569.93,569.97,569.93,569.97,0.01,100.35,57405.73,1
2024-12-09,2024-12-09 14:59:00,569.97,570.0,569.97,570.0,0.01,100.35,57405.73,1
2024-12-09,2024-12-09 15:00:00,570.0,585.0,562.0,570.0,0.0,100.35,57405.73,0
2024-12-10,2024-12-10 11:00:00,562.0,568.42,561.4,562.02,0.0,101.13,57654.0,1
2024-12-10,2024-12-10 11:01:00,562.02,562.05,562.02,562.05,0.01,101.13,57654.0,1
2024-12-10,2024-12-10 11:02:00,562.05,562.07,562.05,562.07,0.0,101.13,57654.0,1
2024-12-10,2024-12-10 11:03:00,562.07,562.1,562.07,562.1,0.01,101.13,57654.0,1
2024-12-10,2024-12-10 11:04:00,562.1,562.12,562.1,562.12,0.0,101.13,57654.0,1
2024-12-10,2024-12-10 11:05:00,562.12,562.15,562.12,562.15,0.01,101.13,57654.0,1
2024-12-10,2024-12-10 11:06:00,562.15,562.17,562.15,562.17,0.0,101.13,57654.0,1
2024-12-10,2024-12-10 11:07:00,562.17,562.2,562.17,562.2,0.01,101.13,57654.0,1
2024-12-10,2024-12-10 11:08:00,562.2,562.22,562.2,562.22,0.0,101.13,57654.0,1
2024-12-10,2024-12-10 11:09:00,562.22,562.25,562.22,562.25,0.01,101.13,57654.0,1
2024-12-10,2024-12-10 11:10:00,562.25,562.27,562.25,562.27,0.0,101.13,57654.0,1
2024-12-10,2024-12-10 11:11:00,562.27,562.29,562.27,562.29,0.0,101.13,57654.0,1
2024-12-10,2024-12-10 11:12:00,562.29,562.32,562.29,562.32,0.01,101.13,57654.0,1
2024-12-10,2024-12-10 11:13:00,562.32,562.34,562.32,562.34,0.0,101.13,57654.0,1
2024-12-10,2024-12-10 11:14:00,562.34,562.37,562.34,562.37,0.01,101.13,57654.0,1
2024-12-10,2024-12-10 11:15:00,562.37,562.39,562.37,562.39,0.0,101.13,57654.0,1
2024-12-10,2024-12-10 11:16:00,562.39,562.42,562.39,562.42,0.01,101.13,57654.0,1
2024-12-10,2024-12-10 11:17:00,562.42,562.44,562.42,562.44,0.0,101.13,57654.0,1
2024-12-10,2024-12-10 11:18:00,562.44,562.47,562.44,562.47,0.01,101.13,57654.0,1
2024-12-10,2024-12-10 11:19:00,562.47,562.49,562.47,562.49,0.0,101.13,57654.0,1
2024-12-10,2024-12-10 11:20:00,562.49,562.52,562.49,562.52,0.01,101.13,57654.0,1
2024-12-10,2024-12-10 11:21:00,562.52,562.54,562.52,562.54,0.0,101.13,57654.0,1
2024-12-10,2024-12-10 11:22:00,562.54,562.57,562.54,562.57,0.01,101.13,57654.0,1
2024-12-10,2024-12-10 11:23:00,562.57,562.59,562.57,562.59,0.0,101.13,57654.0,1
2024-12-10,2024-12-10 11:24:00,562.59,562.61,562.59,562.61,0.0,101.13,57654.0,1
2024-12-10,2024-12-10 11:25:00,562.61,562.64,562.61,562.64,0.01,101.13,57654.0,1
2024-12-10,2024-12-10 11:26:00,562.64,562.66,562.64,562.66,0.0,101.13,57654.0,1
2024-12-10,2024-12-10 11:27:00,562.66,562.69,562.66,562.69,0.01,101.13,57654.0,1
2024-12-10,2024-12-10 11:28:00,562.69,562.71,562.69,562.71,0.0,101.13,57654.0,1
2024-12-10,2024-12-10 11:29:00,562.71,562.74,562.71,562.74,0.01,101.13,57654.0,1
2024-12-10,2024-12-10 11:30:00,562.74,562.76,562.74,562.76,0.0,101.13,57654.0,1
2024-12-10,2024-12-10 11:31:00,562.76,562.79,562.76,562.79,0.01,101.13,57654.0,1
2024-12-10,2024-12-10 11:32:00,562.79,562.81,562.79,562.81,0.0,101.13,57654.0,1
2024-12-10,2024-12-10 11:33:00,562.81,562.84,562.81,562.84,0.01,101.13,57654.0,1
2024-12-10,2024-12-10 11:34:00,562.84,562.86,562.84,562.86,0.0,101.13,57654.0,1
2024-12-10,2024-12-10 11:35:00,562.86,562.88,562.86,562.88,0.0,101.13,57654.0,1
2024-12-10,2024-12-10 11:36:00,562.88,562.91,562.88,562.91,0.01,101.13,57654.0,1
2024-12-10,2024-12-10 11:37:00,562.91,562.93,562.91,562.93,0.0,101.13,57654.0,1
2024-12-10,2024-12-10 11:38:00,562.93,562.96,562.93,562.96,0.01,101.13,57654.0,1
2024-12-10,2024-12-10 11:39:00,562.96,562.98,562.96,562.98,0.0,101.13,57654.0,1
2024-12-10,2024-12-10 11:40:00,562.98,563.01,562.98,563.01,0.01,101.13,57654.0,1
2024-12-10,2024-12-10 11:41:00,563.01,563.03,563.01,563.03,0.0,101.13,57654.0,1
2024-12-10,2024-12-10 11:42:00,563.03,563.06,563.03,563.06,0.01,101.13,57654.0,1
2024-12-10,2024-12-10 11:43:00,563.06,563.08,563.06,563.08,0.0,101.13,57654.0,1
2024-12-10,2024-12-10 11:44:00,563.08,563.11,563.08,563.11,0.01,101.13,57654.0,1
2024-12-10,2024-12-10 11:45:00,563.11,563.13,563.11,563.13,0.0,101.13,57654.0,1
2024-12-10,2024-12-10 11:46:00,563.13,563.16,563.13,563.16,0.01,101.13,57654.0,1
2024-12-10,2024-12-10 11:47:00,563.16,563.18,563.16,563.18,0.0,101.13,57654.0,1
2024-12-10,2024-12-10 11:48:00,563.18,563.2,563.18,563.2,0.0,101.13,57654.0,1
2024-12-10,2024-12-10 11:49:00,563.2,563.23,563.2,563.23,0.01,101.13,57654.0,1
2024-12-10,2024-12-10 11:50:00,563.23,563.25,563.23,563.25,0.0,101.13,57654.0,1
2024-12-10,2024-12-10 11:51:00,563.25,563.28,563.25,563.28,0.01,101.13,57654.0,1
2024-12-10,2024-12-10 11:52:00,563.28,563.3,563.28,563.3,0.0,101.13,57654.0,1
2024-12-10,2024-12-10 11:53:00,563.3,563.33,563.3,563.33,0.01,101.13,57654.0,1
2024-12-10,2024-12-10 11:54:00,563.33,563.35,563.33,563.35,0.0,101.13,57654.0,1
2024-12-10,2024-12-10 11:55:00,563.35,563.38,563.35,563.38,0.01,101.13,57654.0,1
2024-12-10,2024-12-10 11:56:00,563.38,563.4,563.38,563.4,0.0,101.13,57654.0,1
2024-12-10,2024-12-10 11:57:00,563.4,563.43,563.4,563.43,0.01,101.13,57654.0,1
2024-12-10,2024-12-10 11:58:00,563.43,563.45,563.43,563.45,0.0,101.13,57654.0,1
2024-12-10,2024-12-10 11:59:00,563.45,563.48,563.45,563.48,0.01,101.13,57654.0,1
2024-12-10,2024-12-10 12:00:00,563.48,563.5,563.48,563.5,0.0,101.13,57654.0,1
2024-12-10,2024-12-10 12:01:00,563.5,563.52,563.5,563.52,0.0,101.13,57654.0,1
2024-12-10,2024-12-10 12:02:00,563.52,563.55,563.52,563.55,0.01,101.13,57654.0,1
2024-12-10,2024-12-10 12:03:00,563.55,563.57,563.55,563.57,0.0,101.13,57654.0,1
2024-12-10,2024-12-10 12:04:00,563.57,563.6,563.57,563.6,0.01,101.13,57654.0,1
2024-12-10,2024-12-10 12:05:00,563.6,563.62,563.6,563.62,0.0,101.13,57654.0,1
2024-12-10,2024-12-10 12:06:00,563.62,563.65,563.62,563.65,0.01,101.13,57654.0,1
2024-12-10,2024-12-10 12:07:00,563.65,563.67,563.65,563.67,0.0,101.13,57654.0,1
2024-12-10,2024-12-10 12:08:00,563.67,563.7,563.67,563.7,0.01,101.13,57654.0,1
2024-12-10,2024-12-10 12:09:00,563.7,563.72,563.7,563.72,0.0,101.13,57654.0,1
2024-12-10,2024-12-10 12:10:00,563.72,563.75,563.72,563.75,0.01,101.13,57654.0,1
2024-12-10,2024-12-10 12:11:00,563.75,563.77,563.75,563.77,0.0,101.13,57654.0,1
2024-12-10,2024-12-10 12:12:00,563.77,563.79,563.77,563.79,0.0,101.13,57654.0,1
2024-12-10,2024-12-10 12:13:00,563.79,563.82,563.79,563.82,0.01,101.13,57654.0,1
2024-12-10,2024-12-10 12:14:00,563.82,563.84,563.82,563.84,0.0,101.13,57654.0,1
2024-12-10,2024-12-10 12:15:00,563.84,563.87,563.84,563.87,0.01,101.13,57654.0,1
2024-12-10,2024-12-10 12:16:00,563.87,563.89,563.87,563.89,0.0,101.13,57654.0,1
2024-12-10,2024-12-10 12:17:00,563.89,563.92,563.89,563.92,0.01,101.13,57654.0,1
2024-12-10,2024-12-10 12:18:00,563.92,563.94,563.92,563.94,0.0,101.13,57654.0,1
2024-12-10,2024-12-10 12:19:00,563.94,563.97,563.94,563.97,0.01,101.13,57654.0,1
2024-12-10,2024-12-10 12:20:00,563.97,563.99,563.97,563.99,0.0,101.13,57654.0,1
2024-12-10,2024-12-10 12:21:00,563.99,564.02,563.99,564.02,0.01,101.13,57654.0,1
2024-12-10,2024-12-10 12:22:00,564.02,564.04,564.02,564.04,0.0,101.13,57654.0,1
2024-12-10,2024-12-10 12:23:00,564.04,564.06,564.04,564.06,0.0,101.13,57654.0,1
2024-12-10,2024-12-10 12:24:00,564.06,564.09,564.06,564.09,0.01,101.13,57654.0,1
2024-12-10,2024-12-10 12:25:00,564.09,564.11,564.09,564.11,0.0,101.13,57654.0,1
2024-12-10,2024-12-10 12:26:00,564.11,564.14,564.11,564.14,0.01,101.13,57654.0,1
2024-12-10,2024-12-10 12:27:00,564.14,564.16,564.14,564.16,0.0,101.13,57654.0,1
2024-12-10,2024-12-10 12:28:00,564.16,564.19,564.16,564.19,0.01,101.13,57654.0,1
2024-12-10,2024-12-10 12:29:00,564.19,564.21,564.19,564.21,0.0,101.13,57654.0,1
2024-12-10,2024-12-10 12:30:00,564.21,564.24,564.21,564.24,0.01,101.13,57654.0,1
2024-12-10,2024-12-10 12:31:00,564.24,564.26,564.24,564.26,0.0,101.13,57654.0,1
2024-12-10,2024-12-10 12:32:00,564.26,564.29,564.26,564.29,0.01,101.13,57654.0,1
2024-12-10,2024-12-10 12:33:00,564.29,564.31,564.29,564.31,0.0,101.13,57654.0,1
2024-12-10,2024-12-10 12:34:00,564.31,564.34,564.31,564.34,0.01,101.13,57654.0,1
2024-12-10,2024-12-10 12:35:00,564.34,564.36,564.34,564.36,0.0,101.13,57654.0,1
2024-12-10,2024-12-10 12:36:00,564.36,564.38,564.36,564.38,0.0,101.13,57654.0,1
2024-12-10,2024-12-10 12:37:00,564.38,564.41,564.38,564.41,0.01,101.13,57654.0,1
2024-12-10,2024-12-10 12:38:00,564.41,564.43,564.41,564.43,0.0,101.13,57654.0,1
2024-12-10,2024-12-10 12:39:00,564.43,564.46,564.43,564.46,0.01,101.13,57654.0,1
2024-12-10,2024-12-10 12:40:00,564.46,564.48,564.46,564.48,0.0,101.13,57654.0,1
2024-12-10,2024-12-10 12:41:00,564.48,564.51,564.48,564.51,0.01,101.13,57654.0,1
2024-12-10,2024-12-10 12:42:00,564.51,564.53,564.51,564.53,0.0,101.13,57654.0,1
2024-12-10,2024-12-10 12:43:00,564.53,564.56,564.53,564.56,0.01,101.13,57654.0,1
2024-12-10,2024-12-10 12:44:00,564.56,564.58,564.56,564.58,0.0,101.13,57654.0,1
2024-12-10,2024-12-10 12:45:00,564.58,564.61,564.58,564.61,0.01,101.13,57654.0,1
2024-12-10,2024-12-10 12:46:00,564.61,564.63,564.61,564.63,0.0,101.13,57654.0,1
2024-12-10,2024-12-10 12:47:00,564.63,564.65,564.63,564.65,0.0,101.13,57654.0,1
2024-12-10,2024-12-10 12:48:00,564.65,564.68,564.65,564.68,0.01,101.13,57654.0,1
2024-12-10,2024-12-10 12:49:00,564.68,564.7,564.68,564.7,0.0,101.13,57654.0,1
2024-12-10,2024-12-10 12:50:00,564.7,564.73,564.7,564.73,0.01,101.13,57654.0,1
2024-12-10,2024-12-10 12:51:00,564.73,564.75,564.73,564.75,0.0,101.13,57654.0,1
2024-12-10,2024-12-10 12:52:00,564.75,564.78,564.75,564.78,0.01,101.13,57654.0,1
2024-12-10,2024-12-10 12:53:00,564.78,564.8,564.78,564.8,0.0,101.13,57654.0,1
2024-12-10,2024-12-10 12:54:00,564.8,564.83,564.8,564.83,0.01,101.13,57654.0,1
2024-12-10,2024-12-10 12:55:00,564.83,564.85,564.83,564.85,0.0,101.13,57654.0,1
2024-12-10,2024-12-10 12:56:00,564.85,564.88,564.85,564.88,0.01,101.13,57654.0,1
2024-12-10,2024-12-10 12:57:00,564.88,564.9,564.88,564.9,0.0,101.13,57654.0,1
2024-12-10,2024-12-10 12:58:00,564.9,564.93,564.9,564.93,0.01,101.13,57654.0,1
2024-12-10,2024-12-10 12:59:00,564.93,564.95,564.93,564.95,0.0,101.13,57654.0,1
2024-12-10,2024-12-10 13:00:00,564.95,583.4,560.0,564.97,0.0,101.13,57654.0,1
2024-12-10,2024-12-10 13:01:00,564.97,565.0,564.97,565.0,0.01,101.13,57654.0,1
2024-12-10,2024-12-10 13:02:00,565.0,565.02,565.0,565.02,0.0,101.13,57654.0,1
2024-12-10,2024-12-10 13:03:00,565.02,565.05,565.02,565.05,0.01,101.13,57654.0,1
2024-12-10,2024-12-10 13:04:00,565.05,565.07,565.05,565.07,0.0,101.13,57654.0,1
2024-12-10,2024-12-10 13:05:00,565.07,565.1,565.07,565.1,0.01,101.13,57654.0,1
2024-12-10,2024-12-10 13:06:00,565.1,565.12,565.1,565.12,0.0,101.13,57654.0,1
2024-12-10,2024-12-10 13:07:00,565.12,565.15,565.12,565.15,0.01,101.13,57654.0,1
2024-12-10,2024-12-10 13:08:00,565.15,565.17,565.15,565.17,0.0,101.13,57654.0,1
2024-12-10,2024-12-10 13:09:00,565.17,565.2,565.17,565.2,0.01,101.13,57654.0,1
2024-12-10,2024-12-10 13:10:00,565.2,565.22,565.2,565.22,0.0,101.13,57654.0,1
2024-12-10,2024-12-10 13:11:00,565.22,565.25,565.22,565.25,0.01,101.13,57654.0,1
2024-12-10,2024-12-10 13:12:00,565.25,565.27,565.25,565.27,0.0,101.13,57654.0,1
2024-12-10,2024-12-10 13:13:00,565.27,565.29,565.27,565.29,0.0,101.13,57654.0,1
2024-12-10,2024-12-10 13:14:00,565.29,565.32,565.29,565.32,0.01,101.13,57654.0,1
2024-12-10,2024-12-10 13:15:00,565.32,565.34,565.32,565.34,0.0,101.13,57654.0,1
2024-12-10,2024-12-10 13:16:00,565.34,565.37,565.34,565.37,0.01,101.13,57654.0,1
2024-12-10,2024-12-10 13:17:00,565.37,565.39,565.37,565.39,0.0,101.13,57654.0,1
2024-12-10,2024-12-10 13:18:00,565.39,565.42,565.39,565.42,0.01,101.13,57654.0,1
2024-12-10,2024-12-10 13:19:00,565.42,565.44,565.42,565.44,0.0,101.13,57654.0,1
2024-12-10,2024-12-10 13:20:00,565.44,565.47,565.44,565.47,0.01,101.13,57654.0,1
2024-12-10,2024-12-10 13:21:00,565.47,565.49,565.47,565.49,0.0,101.13,57654.0,1
2024-12-10,2024-12-10 13:22:00,565.49,565.52,565.49,565.52,0.01,101.13,57654.0,1
2024-12-10,2024-12-10 13:23:00,565.52,565.54,565.52,565.54,0.0,101.13,57654.0,1
2024-12-10,2024-12-10 13:24:00,565.54,565.56,565.54,565.56,0.0,101.13,57654.0,1
2024-12-10,2024-12-10 13:25:00,565.56,565.59,565.56,565.59,0.01,101.13,57654.0,1
2024-12-10,2024-12-10 13:26:00,565.59,565.61,565.59,565.61,0.0,101.13,57654.0,1
2024-12-10,2024-12-10 13:27:00,565.61,565.64,565.61,565.64,0.01,101.13,57654.0,1
2024-12-10,2024-12-10 13:28:00,565.64,565.66,565.64,565.66,0.0,101.13,57654.0,1
2024-12-10,2024-12-10 13:29:00,565.66,565.69,565.66,565.69,0.01,101.13,57654.0,1
2024-12-10,2024-12-10 13:30:00,565.69,565.71,565.69,565.71,0.0,101.13,57654.0,1
2024-12-10,2024-12-10 13:31:00,565.71,565.74,565.71,565.74,0.01,101.13,57654.0,1
2024-12-10,2024-12-10 13:32:00,565.74,565.76,565.74,565.76,0.0,101.13,57654.0,1
2024-12-10,2024-12-10 13:33:00,565.76,565.79,565.76,565.79,0.01,101.13,57654.0,1
2024-12-10,2024-12-10 13:34:00,565.79,565.81,565.79,565.81,0.0,101.13,57654.0,1
2024-12-10,2024-12-10 13:35:00,565.81,565.84,565.81,565.84,0.01,101.13,57654.0,1
2024-12-10,2024-12-10 13:36:00,565.84,565.86,565.84,565.86,0.0,101.13,57654.0,1
2024-12-10,2024-12-10 13:37:00,565.86,565.88,565.86,565.88,0.0,101.13,57654.0,1
2024-12-10,2024-12-10 13:38:00,565.88,565.91,565.88,565.91,0.01,101.13,57654.0,1
2024-12-10,2024-12-10 13:39:00,565.91,565.93,565.91,565.93,0.0,101.13,57654.0,1
2024-12-10,2024-12-10 13:40:00,565.93,565.96,565.93,565.96,0.01,101.13,57654.0,1
2024-12-10,2024-12-10 13:41:00,565.96,565.98,565.96,565.98,0.0,101.13,57654.0,1
2024-12-10,2024-12-10 13:42:00,565.98,566.01,565.98,566.01,0.01,101.13,57654.0,1
2024-12-10,2024-12-10 13:43:00,566.01,566.03,566.01,566.03,0.0,101.13,57654.0,1
2024-12-10,2024-12-10 13:44:00,566.03,566.06,566.03,566.06,0.01,101.13,57654.0,1
2024-12-10,2024-12-10 13:45:00,566.06,566.08,566.06,566.08,0.0,101.13,57654.0,1
2024-12-10,2024-12-10 13:46:00,566.08,566.11,566.08,566.11,0.01,101.13,57654.0,1
2024-12-10,2024-12-10 13:47:00,566.11,566.13,566.11,566.13,0.0,101.13,57654.0,1
2024-12-10,2024-12-10 13:48:00,566.13,566.15,566.13,566.15,0.0,101.13,57654.0,1
2024-12-10,2024-12-10 13:49:00,566.15,566.18,566.15,566.18,0.01,101.13,57654.0,1
2024-12-10,2024-12-10 13:50:00,566.18,566.2,566.18,566.2,0.0,101.13,57654.0,1
2024-12-10,2024-12-10 13:51:00,566.2,566.23,566.2,566.23,0.01,101.13,57654.0,1
2024-12-10,2024-12-10 13:52:00,566.23,566.25,566.23,566.25,0.0,101.13,57654.0,1
2024-12-10,2024-12-10 13:53:00,566.25,566.28,566.25,566.28,0.01,101.13,57654.0,1
2024-12-10,2024-12-10 13:54:00,566.28,566.3,566.28,566.3,0.0,101.13,57654.0,1
2024-12-10,2024-12-10 13:55:00,566.3,566.33,566.3,566.33,0.01,101.13,57654.0,1
2024-12-10,2024-12-10 13:56:00,566.33,566.35,566.33,566.35,0.0,101.13,57654.0,1
2024-12-10,2024-12-10 13:57:00,566.35,566.38,566.35,566.38,0.01,101.13,57654.0,1
2024-12-10,2024-12-10 13:58:00,566.38,566.4,566.38,566.4,0.0,101.13,57654.0,1
2024-12-10,2024-12-10 13:59:00,566.4,566.42,566.4,566.42,0.0,101.13,57654.0,1
2024-12-10,2024-12-10 14:00:00,566.42,566.45,566.42,566.45,0.01,101.13,57654.0,1
2024-12-10,2024-12-10 14:01:00,566.45,566.47,566.45,566.47,0.0,101.13,57654.0,1
2024-12-10,2024-12-10 14:02:00,566.47,566.5,566.47,566.5,0.01,101.13,57654.0,1
2024-12-10,2024-12-10 14:03:00,566.5,566.52,566.5,566.52,0.0,101.13,57654.0,1
2024-12-10,2024-12-10 14:04:00,566.52,566.55,566.52,566.55,0.01,101.13,57654.0,1
2024-12-10,2024-12-10 14:05:00,566.55,566.57,566.55,566.57,0.0,101.13,57654.0,1
2024-12-10,2024-12-10 14:06:00,566.57,566.6,566.57,566.6,0.01,101.13,57654.0,1
2024-12-10,2024-12-10 14:07:00,566.6,566.62,566.6,566.62,0.0,101.13,57654.0,1
2024-12-10,2024-12-10 14:08:00,566.62,566.65,566.62,566.65,0.01,101.13,57654.0,1
2024-12-10,2024-12-10 14:09:00,566.65,566.67,566.65,566.67,0.0,101.13,57654.0,1
2024-12-10,2024-12-10 14:10:00,566.67,566.7,566.67,566.7,0.01,101.13,57654.0,1
2024-12-10,2024-12-10 14:11:00,566.7,566.72,566.7,566.72,0.0,101.13,57654.0,1
2024-12-10,2024-12-10 14:12:00,566.72,566.74,566.72,566.74,0.0,101.13,57654.0,1
2024-12-10,2024-12-10 14:13:00,566.74,566.77,566.74,566.77,0.01,101.13,57654.0,1
2024-12-10,2024-12-10 14:14:00,566.77,566.79,566.77,566.79,0.0,101.13,57654.0,1
2024-12-10,2024-12-10 14:15:00,566.79,566.82,566.79,566.82,0.01,101.13,57654.0,1
2024-12-10,2024-12-10 14:16:00,566.82,566.84,566.82,566.84,0.0,101.13,57654.0,1
2024-12-10,2024-12-10 14:17:00,566.84,566.87,566.84,566.87,0.01,101.13,57654.0,1
2024-12-10,2024-12-10 14:18:00,566.87,566.89,566.87,566.89,0.0,101.13,57654.0,1
2024-12-10,2024-12-10 14:19:00,566.89,566.92,566.89,566.92,0.01,101.13,57654.0,1
2024-12-10,2024-12-10 14:20:00,566.92,566.94,566.92,566.94,0.0,101.13,57654.0,1
2024-12-10,2024-12-10 14:21:00,566.94,566.97,566.94,566.97,0.01,101.13,57654.0,1
2024-12-10,2024-12-10 14:22:00,566.97,566.99,566.97,566.99,0.0,101.13,57654.0,1
2024-12-10,2024-12-10 14:23:00,566.99,567.01,566.99,567.01,0.0,101.13,57654.0,1
2024-12-10,2024-12-10 14:24:00,567.01,567.04,567.01,567.04,0.01,101.13,57654.0,1
2024-12-10,2024-12-10 14:25:00,567.04,567.06,567.04,567.06,0.0,101.13,57654.0,1
2024-12-10,2024-12-10 14:26:00,567.06,567.09,567.06,567.09,0.01,101.13,57654.0,1
2024-12-10,2024-12-10 14:27:00,567.09,567.11,567.09,567.11,0.0,101.13,57654.0,1
2024-12-10,2024-12-10 14:28:00,567.11,567.14,567.11,567.14,0.01,101.13,57654.0,1
2024-12-10,2024-12-10 14:29:00,567.14,567.16,567.14,567.16,0.0,101.13,57654.0,1
2024-12-10,2024-12-10 14:30:00,567.16,567.19,567.16,567.19,0.01,101.13,57654.0,1
2024-12-10,2024-12-10 14:31:00,567.19,567.21,567.19,567.21,0.0,101.13,57654.0,1
2024-12-10,2024-12-10 14:32:00,567.21,567.24,567.21,567.24,0.01,101.13,57654.0,1
2024-12-10,2024-12-10 14:33:00,567.24,567.26,567.24,567.26,0.0,101.13,57654.0,1
2024-12-10,2024-12-10 14:34:00,567.26,567.29,567.26,567.29,0.01,101.13,57654.0,1
2024-12-10,2024-12-10 14:35:00,567.29,567.31,567.29,567.31,0.0,101.13,57654.0,1
2024-12-10,2024-12-10 14:36:00,567.31,567.33,567.31,567.33,0.0,101.13,57654.0,1
2024-12-10,2024-12-10 14:37:00,567.33,567.36,567.33,567.36,0.01,101.13,57654.0,1
2024-12-10,2024-12-10 14:38:00,567.36,567.38,567.36,567.38,0.0,101.13,57654.0,1
2024-12-10,2024-12-10 14:39:00,567.38,567.41,567.38,567.41,0.01,101.13,57654.0,1
2024-12-10,2024-12-10 14:40:00,567.41,567.43,567.41,567.43,0.0,101.13,57654.0,1
2024-12-10,2024-12-10 14:41:00,567.43,567.46,567.43,567.46,0.01,101.13,57654.0,1
2024-12-10,2024-12-10 14:42:00,567.46,567.48,567.46,567.48,0.0,101.13,57654.0,1
2024-12-10,2024-12-10 14:43:00,567.48,567.51,567.48,567.51,0.01,101.13,57654.0,1
2024-12-10,2024-12-10 14:44:00,567.51,567.53,567.51,567.53,0.0,101.13,57654.0,1
2024-12-10,2024-12-10 14:45:00,567.53,567.56,567.53,567.56,0.01,101.13,57654.0,1
2024-12-10,2024-12-10 14:46:00,567.56,567.58,567.56,567.58,0.0,101.13,57654.0,1
2024-12-10,2024-12-10 14:47:00,567.58,567.61,567.58,567.61,0.01,101.13,57654.0,1
2024-12-10,2024-12-10 14:48:00,567.61,567.63,567.61,567.63,0.0,101.13,57654.0,1
2024-12-10,2024-12-10 14:49:00,567.63,567.65,567.63,567.65,0.0,101.13,57654.0,1
2024-12-10,2024-12-10 14:50:00,567.65,567.68,567.65,567.68,0.01,101.13,57654.0,1
2024-12-10,2024-12-10 14:51:00,567.68,567.7,567.68,567.7,0.0,101.13,57654.0,1
2024-12-10,2024-12-10 14:52:00,567.7,567.73,567.7,567.73,0.01,101.13,57654.0,1
2024-12-10,2024-12-10 14:53:00,567.73,567.75,567.73,567.75,0.0,101.13,57654.0,1
2024-12-10,2024-12-10 14:54:00,567.75,567.78,567.75,567.78,0.01,101.13,57654.0,1
2024-12-10,2024-12-10 14:55:00,567.78,567.8,567.78,567.8,0.0,101.13,57654.0,1
2024-12-10,2024-12-10 14:56:00,567.8,567.83,567.8,567.83,0.01,101.13,57654.0,1
2024-12-10,2024-12-10 14:57:00,567.83,567.85,567.83,567.85,0.0,101.13,57654.0,1
2024-12-10,2024-12-10 14:58:00,567.85,567.88,567.85,567.88,0.01,101.13,57654.0,1
2024-12-10,2024-12-10 14:59:00,567.88,567.9,567.88,567.9,0.0,101.13,57654.0,1
2024-12-10,2024-12-10 15:00:00,567.9,583.4,560.0,567.9,0.0,101.13,57654.0,0
2024-12-11,2024-12-11 11:00:00,557.0,572.6,557.0,557.18,0.03,331.36,197579.23,1
2024-12-11,2024-12-11 11:01:00,557.18,557.37,557.18,557.37,0.03,331.36,197579.23,1
2024-12-11,2024-12-11 11:02:00,557.37,557.55,557.37,557.55,0.03,331.36,197579.23,1
2024-12-11,2024-12-11 11:03:00,557.55,557.73,557.55,557.73,0.03,331.36,197579.23,1
2024-12-11,2024-12-11 11:04:00,557.73,557.92,557.73,557.92,0.03,331.36,197579.23,1
2024-12-11,2024-12-11 11:05:00,557.92,558.1,557.92,558.1,0.03,331.36,197579.23,1
2024-12-11,2024-12-11 11:06:00,558.1,558.28,558.1,558.28,0.03,331.36,197579.23,1
2024-12-11,2024-12-11 11:07:00,558.28,558.47,558.28,558.47,0.03,331.36,197579.23,1
2024-12-11,2024-12-11 11:08:00,558.47,558.65,558.47,558.65,0.03,331.36,197579.23,1
2024-12-11,2024-12-11 11:09:00,558.65,558.83,558.65,558.83,0.03,331.36,197579.23,1
2024-12-11,2024-12-11 11:10:00,558.83,559.02,558.83,559.02,0.03,331.36,197579.23,1
2024-12-11,2024-12-11 11:11:00,559.02,559.2,559.02,559.2,0.03,331.36,197579.23,1
2024-12-11,2024-12-11 11:12:00,559.2,559.38,559.2,559.38,0.03,331.36,197579.23,1
2024-12-11,2024-12-11 11:13:00,559.38,559.57,559.38,559.57,0.03,331.36,197579.23,1
2024-12-11,2024-12-11 11:14:00,559.57,559.75,559.57,559.75,0.03,331.36,197579.23,1
2024-12-11,2024-12-11 11:15:00,559.75,559.93,559.75,559.93,0.03,331.36,197579.23,1
2024-12-11,2024-12-11 11:16:00,559.93,560.12,559.93,560.12,0.03,331.36,197579.23,1
2024-12-11,2024-12-11 11:17:00,560.12,560.3,560.12,560.3,0.03,331.36,197579.23,1
2024-12-11,2024-12-11 11:18:00,560.3,560.48,560.3,560.48,0.03,331.36,197579.23,1
2024-12-11,2024-12-11 11:19:00,560.48,560.67,560.48,560.67,0.03,331.36,197579.23,1
2024-12-11,2024-12-11 11:20:00,560.67,560.85,560.67,560.85,0.03,331.36,197579.23,1
2024-12-11,2024-12-11 11:21:00,560.85,561.03,560.85,561.03,0.03,331.36,197579.23,1
2024-12-11,2024-12-11 11:22:00,561.03,561.22,561.03,561.22,0.03,331.36,197579.23,1
2024-12-11,2024-12-11 11:23:00,561.22,561.4,561.22,561.4,0.03,331.36,197579.23,1
2024-12-11,2024-12-11 11:24:00,561.4,561.58,561.4,561.58,0.03,331.36,197579.23,1
2024-12-11,2024-12-11 11:25:00,561.58,561.77,561.58,561.77,0.03,331.36,197579.23,1
2024-12-11,2024-12-11 11:26:00,561.77,561.95,561.77,561.95,0.03,331.36,197579.23,1
2024-12-11,2024-12-11 11:27:00,561.95,562.13,561.95,562.13,0.03,331.36,197579.23,1
2024-12-11,2024-12-11 11:28:00,562.13,562.32,562.13,562.32,0.03,331.36,197579.23,1
2024-12-11,2024-12-11 11:29:00,562.32,562.5,562.32,562.5,0.03,331.36,197579.23,1
2024-12-11,2024-12-11 11:30:00,562.5,562.68,562.5,562.68,0.03,331.36,197579.23,1
2024-12-11,2024-12-11 11:31:00,562.68,562.87,562.68,562.87,0.03,331.36,197579.23,1
2024-12-11,2024-12-11 11:32:00,562.87,563.05,562.87,563.05,0.03,331.36,197579.23,1
2024-12-11,2024-12-11 11:33:00,563.05,563.23,563.05,563.23,0.03,331.36,197579.23,1
2024-12-11,2024-12-11 11:34:00,563.23,563.42,563.23,563.42,0.03,331.36,197579.23,1
2024-12-11,2024-12-11 11:35:00,563.42,563.6,563.42,563.6,0.03,331.36,197579.23,1
2024-12-11,2024-12-11 11:36:00,563.6,563.78,563.6,563.78,0.03,331.36,197579.23,1
2024-12-11,2024-12-11 11:37:00,563.78,563.97,563.78,563.97,0.03,331.36,197579.23,1
2024-12-11,2024-12-11 11:38:00,563.97,564.15,563.97,564.15,0.03,331.36,197579.23,1
2024-12-11,2024-12-11 11:39:00,564.15,564.33,564.15,564.33,0.03,331.36,197579.23,1
2024-12-11,2024-12-11 11:40:00,564.33,564.52,564.33,564.52,0.03,331.36,197579.23,1
2024-12-11,2024-12-11 11:41:00,564.52,564.7,564.52,564.7,0.03,331.36,197579.23,1
2024-12-11,2024-12-11 11:42:00,564.7,564.88,564.7,564.88,0.03,331.36,197579.23,1
2024-12-11,2024-12-11 11:43:00,564.88,565.07,564.88,565.07,0.03,331.36,197579.23,1
2024-12-11,2024-12-11 11:44:00,565.07,565.25,565.07,565.25,0.03,331.36,197579.23,1
2024-12-11,2024-12-11 11:45:00,565.25,565.43,565.25,565.43,0.03,331.36,197579.23,1
2024-12-11,2024-12-11 11:46:00,565.43,565.62,565.43,565.62,0.03,331.36,197579.23,1
2024-12-11,2024-12-11 11:47:00,565.62,565.8,565.62,565.8,0.03,331.36,197579.23,1
2024-12-11,2024-12-11 11:48:00,565.8,565.98,565.8,565.98,0.03,331.36,197579.23,1
2024-12-11,2024-12-11 11:49:00,565.98,566.17,565.98,566.17,0.03,331.36,197579.23,1
2024-12-11,2024-12-11 11:50:00,566.17,566.35,566.17,566.35,0.03,331.36,197579.23,1
2024-12-11,2024-12-11 11:51:00,566.35,566.53,566.35,566.53,0.03,331.36,197579.23,1
2024-12-11,2024-12-11 11:52:00,566.53,566.72,566.53,566.72,0.03,331.36,197579.23,1
2024-12-11,2024-12-11 11:53:00,566.72,566.9,566.72,566.9,0.03,331.36,197579.23,1
2024-12-11,2024-12-11 11:54:00,566.9,567.08,566.9,567.08,0.03,331.36,197579.23,1
2024-12-11,2024-12-11 11:55:00,567.08,567.27,567.08,567.27,0.03,331.36,197579.23,1
2024-12-11,2024-12-11 11:56:00,567.27,567.45,567.27,567.45,0.03,331.36,197579.23,1
2024-12-11,2024-12-11 11:57:00,567.45,567.63,567.45,567.63,0.03,331.36,197579.23,1
2024-12-11,2024-12-11 11:58:00,567.63,567.82,567.63,567.82,0.03,331.36,197579.23,1
2024-12-11,2024-12-11 11:59:00,567.82,568.0,567.82,568.0,0.03,331.36,197579.23,1
2024-12-11,2024-12-11 12:00:00,568.0,568.18,568.0,568.18,0.03,331.36,197579.23,1
2024-12-11,2024-12-11 12:01:00,568.18,568.37,568.18,568.37,0.03,331.36,197579.23,1
2024-12-11,2024-12-11 12:02:00,568.37,568.55,568.37,568.55,0.03,331.36,197579.23,1
2024-12-11,2024-12-11 12:03:00,568.55,568.73,568.55,568.73,0.03,331.36,197579.23,1
2024-12-11,2024-12-11 12:04:00,568.73,568.92,568.73,568.92,0.03,331.36,197579.23,1
2024-12-11,2024-12-11 12:05:00,568.92,569.1,568.92,569.1,0.03,331.36,197579.23,1
2024-12-11,2024-12-11 12:06:00,569.1,569.28,569.1,569.28,0.03,331.36,197579.23,1
2024-12-11,2024-12-11 12:07:00,569.28,569.47,569.28,569.47,0.03,331.36,197579.23,1
2024-12-11,2024-12-11 12:08:00,569.47,569.65,569.47,569.65,0.03,331.36,197579.23,1
2024-12-11,2024-12-11 12:09:00,569.65,569.83,569.65,569.83,0.03,331.36,197579.23,1
2024-12-11,2024-12-11 12:10:00,569.83,570.02,569.83,570.02,0.03,331.36,197579.23,1
2024-12-11,2024-12-11 12:11:00,570.02,570.2,570.02,570.2,0.03,331.36,197579.23,1
2024-12-11,2024-12-11 12:12:00,570.2,570.38,570.2,570.38,0.03,331.36,197579.23,1
2024-12-11,2024-12-11 12:13:00,570.38,570.57,570.38,570.57,0.03,331.36,197579.23,1
2024-12-11,2024-12-11 12:14:00,570.57,570.75,570.57,570.75,0.03,331.36,197579.23,1
2024-12-11,2024-12-11 12:15:00,570.75,570.93,570.75,570.93,0.03,331.36,197579.23,1
2024-12-11,2024-12-11 12:16:00,570.93,571.12,570.93,571.12,0.03,331.36,197579.23,1
2024-12-11,2024-12-11 12:17:00,571.12,571.3,571.12,571.3,0.03,331.36,197579.23,1
2024-12-11,2024-12-11 12:18:00,571.3,571.48,571.3,571.48,0.03,331.36,197579.23,1
2024-12-11,2024-12-11 12:19:00,571.48,571.67,571.48,571.67,0.03,331.36,197579.23,1
2024-12-11,2024-12-11 12:20:00,571.67,571.85,571.67,571.85,0.03,331.36,197579.23,1
2024-12-11,2024-12-11 12:21:00,571.85,572.03,571.85,572.03,0.03,331.36,197579.23,1
2024-12-11,2024-12-11 12:22:00,572.03,572.22,572.03,572.22,0.03,331.36,197579.23,1
2024-12-11,2024-12-11 12:23:00,572.22,572.4,572.22,572.4,0.03,331.36,197579.23,1
2024-12-11,2024-12-11 12:24:00,572.4,572.58,572.4,572.58,0.03,331.36,197579.23,1
2024-12-11,2024-12-11 12:25:00,572.58,572.77,572.58,572.77,0.03,331.36,197579.23,1
2024-12-11,2024-12-11 12:26:00,572.77,572.95,572.77,572.95,0.03,331.36,197579.23,1
2024-12-11,2024-12-11 12:27:00,572.95,573.13,572.95,573.13,0.03,331.36,197579.23,1
2024-12-11,2024-12-11 12:28:00,573.13,573.32,573.13,573.32,0.03,331.36,197579.23,1
2024-12-11,2024-12-11 12:29:00,573.32,573.5,573.32,573.5,0.03,331.36,197579.23,1
2024-12-11,2024-12-11 12:30:00,573.5,573.68,573.5,573.68,0.03,331.36,197579.23,1
2024-12-11,2024-12-11 12:31:00,573.68,573.87,573.68,573.87,0.03,331.36,197579.23,1
2024-12-11,2024-12-11 12:32:00,573.87,574.05,573.87,574.05,0.03,331.36,197579.23,1
2024-12-11,2024-12-11 12:33:00,574.05,574.23,574.05,574.23,0.03,331.36,197579.23,1
2024-12-11,2024-12-11 12:34:00,574.23,574.42,574.23,574.42,0.03,331.36,197579.23,1
2024-12-11,2024-12-11 12:35:00,574.42,574.6,574.42,574.6,0.03,331.36,197579.23,1
2024-12-11,2024-12-11 12:36:00,574.6,574.78,574.6,574.78,0.03,331.36,197579.23,1
2024-12-11,2024-12-11 12:37:00,574.78,574.97,574.78,574.97,0.03,331.36,197579.23,1
2024-12-11,2024-12-11 12:38:00,574.97,575.15,574.97,575.15,0.03,331.36,197579.23,1
2024-12-11,2024-12-11 12:39:00,575.15,575.33,575.15,575.33,0.03,331.36,197579.23,1
2024-12-11,2024-12-11 12:40:00,575.33,575.52,575.33,575.52,0.03,331.36,197579.23,1
2024-12-11,2024-12-11 12:41:00,575.52,575.7,575.52,575.7,0.03,331.36,197579.23,1
2024-12-11,2024-12-11 12:42:00,575.7,575.88,575.7,575.88,0.03,331.36,197579.23,1
2024-12-11,2024-12-11 12:43:00,575.88,576.07,575.88,576.07,0.03,331.36,197579.23,1
2024-12-11,2024-12-11 12:44:00,576.07,576.25,576.07,576.25,0.03,331.36,197579.23,1
2024-12-11,2024-12-11 12:45:00,576.25,576.43,576.25,576.43,0.03,331.36,197579.23,1
2024-12-11,2024-12-11 12:46:00,576.43,576.62,576.43,576.62,0.03,331.36,197579.23,1
2024-12-11,2024-12-11 12:47:00,576.62,576.8,576.62,576.8,0.03,331.36,197579.23,1
2024-12-11,2024-12-11 12:48:00,576.8,576.98,576.8,576.98,0.03,331.36,197579.23,1
2024-12-11,2024-12-11 12:49:00,576.98,577.17,576.98,577.17,0.03,331.36,197579.23,1
2024-12-11,2024-12-11 12:50:00,577.17,577.35,577.17,577.35,0.03,331.36,197579.23,1
2024-12-11,2024-12-11 12:51:00,577.35,577.53,577.35,577.53,0.03,331.36,197579.23,1
2024-12-11,2024-12-11 12:52:00,577.53,577.72,577.53,577.72,0.03,331.36,197579.23,1
2024-12-11,2024-12-11 12:53:00,577.72,577.9,577.72,577.9,0.03,331.36,197579.23,1
2024-12-11,2024-12-11 12:54:00,577.9,578.08,577.9,578.08,0.03,331.36,197579.23,1
2024-12-11,2024-12-11 12:55:00,578.08,578.27,578.08,578.27,0.03,331.36,197579.23,1
2024-12-11,2024-12-11 12:56:00,578.27,578.45,578.27,578.45,0.03,331.36,197579.23,1
2024-12-11,2024-12-11 12:57:00,578.45,578.63,578.45,578.63,0.03,331.36,197579.23,1
2024-12-11,2024-12-11 12:58:00,578.63,578.82,578.63,578.82,0.03,331.36,197579.23,1
2024-12-11,2024-12-11 12:59:00,578.82,579.0,578.82,579.0,0.03,331.36,197579.23,1
2024-12-11,2024-12-11 13:00:00,579.0,609.0,557.0,579.18,0.03,331.36,197579.23,1
2024-12-11,2024-12-11 13:01:00,579.18,579.37,579.18,579.37,0.03,331.36,197579.23,1
2024-12-11,2024-12-11 13:02:00,579.37,579.55,579.37,579.55,0.03,331.36,197579.23,1
2024-12-11,2024-12-11 13:03:00,579.55,579.73,579.55,579.73,0.03,331.36,197579.23,1
2024-12-11,2024-12-11 13:04:00,579.73,579.92,579.73,579.92,0.03,331.36,197579.23,1
2024-12-11,2024-12-11 13:05:00,579.92,580.1,579.92,580.1,0.03,331.36,197579.23,1
2024-12-11,2024-12-11 13:06:00,580.1,580.28,580.1,580.28,0.03,331.36,197579.23,1
2024-12-11,2024-12-11 13:07:00,580.28,580.47,580.28,580.47,0.03,331.36,197579.23,1
2024-12-11,2024-12-11 13:08:00,580.47,580.65,580.47,580.65,0.03,331.36,197579.23,1
2024-12-11,2024-12-11 13:09:00,580.65,580.83,580.65,580.83,0.03,331.36,197579.23,1
2024-12-11,2024-12-11 13:10:00,580.83,581.02,580.83,581.02,0.03,331.36,197579.23,1
2024-12-11,2024-12-11 13:11:00,581.02,581.2,581.02,581.2,0.03,331.36,197579.23,1
2024-12-11,2024-12-11 13:12:00,581.2,581.38,581.2,581.38,0.03,331.36,197579.23,1
2024-12-11,2024-12-11 13:13:00,581.38,581.57,581.38,581.57,0.03,331.36,197579.23,1
2024-12-11,2024-12-11 13:14:00,581.57,581.75,581.57,581.75,0.03,331.36,197579.23,1
2024-12-11,2024-12-11 13:15:00,581.75,581.93,581.75,581.93,0.03,331.36,197579.23,1
2024-12-11,2024-12-11 13:16:00,581.93,582.12,581.93,582.12,0.03,331.36,197579.23,1
2024-12-11,2024-12-11 13:17:00,582.12,582.3,582.12,582.3,0.03,331.36,197579.23,1
2024-12-11,2024-12-11 13:18:00,582.3,582.48,582.3,582.48,0.03,331.36,197579.23,1
2024-12-11,2024-12-11 13:19:00,582.48,582.67,582.48,582.67,0.03,331.36,197579.23,1
2024-12-11,2024-12-11 13:20:00,582.67,582.85,582.67,582.85,0.03,331.36,197579.23,1
2024-12-11,2024-12-11 13:21:00,582.85,583.03,582.85,583.03,0.03,331.36,197579.23,1
2024-12-11,2024-12-11 13:22:00,583.03,583.22,583.03,583.22,0.03,331.36,197579.23,1
2024-12-11,2024-12-11 13:23:00,583.22,583.4,583.22,583.4,0.03,331.36,197579.23,1
2024-12-11,2024-12-11 13:24:00,583.4,583.58,583.4,583.58,0.03,331.36,197579.23,1
2024-12-11,2024-12-11 13:25:00,583.58,583.77,583.58,583.77,0.03,331.36,197579.23,1
2024-12-11,2024-12-11 13:26:00,583.77,583.95,583.77,583.95,0.03,331.36,197579.23,1
2024-12-11,2024-12-11 13:27:00,583.95,584.13,583.95,584.13,0.03,331.36,197579.23,1
2024-12-11,2024-12-11 13:28:00,584.13,584.32,584.13,584.32,0.03,331.36,197579.23,1
2024-12-11,2024-12-11 13:29:00,584.32,584.5,584.32,584.5,0.03,331.36,197579.23,1
2024-12-11,2024-12-11 13:30:00,584.5,584.68,584.5,584.68,0.03,331.36,197579.23,1
2024-12-11,2024-12-11 13:31:00,584.68,584.87,584.68,584.87,0.03,331.36,197579.23,1
2024-12-11,2024-12-11 13:32:00,584.87,585.05,584.87,585.05,0.03,331.36,197579.23,1
2024-12-11,2024-12-11 13:33:00,585.05,585.23,585.05,585.23,0.03,331.36,197579.23,1
2024-12-11,2024-12-11 13:34:00,585.23,585.42,585.23,585.42,0.03,331.36,197579.23,1
2024-12-11,2024-12-11 13:35:00,585.42,585.6,585.42,585.6,0.03,331.36,197579.23,1
2024-12-11,2024-12-11 13:36:00,585.6,585.78,585.6,585.78,0.03,331.36,197579.23,1
2024-12-11,2024-12-11 13:37:00,585.78,585.97,585.78,585.97,0.03,331.36,197579.23,1
2024-12-11,2024-12-11 13:38:00,585.97,586.15,585.97,586.15,0.03,331.36,197579.23,1
2024-12-11,2024-12-11 13:39:00,586.15,586.33,586.15,586.33,0.03,331.36,197579.23,1
2024-12-11,2024-12-11 13:40:00,586.33,586.52,586.33,586.52,0.03,331.36,197579.23,1
2024-12-11,2024-12-11 13:41:00,586.52,586.7,586.52,586.7,0.03,331.36,197579.23,1
2024-12-11,2024-12-11 13:42:00,586.7,586.88,586.7,586.88,0.03,331.36,197579.23,1
2024-12-11,2024-12-11 13:43:00,586.88,587.07,586.88,587.07,0.03,331.36,197579.23,1
2024-12-11,2024-12-11 13:44:00,587.07,587.25,587.07,587.25,0.03,331.36,197579.23,1
2024-12-11,2024-12-11 13:45:00,587.25,587.43,587.25,587.43,0.03,331.36,197579.23,1
2024-12-11,2024-12-11 13:46:00,587.43,587.62,587.43,587.62,0.03,331.36,197579.23,1
2024-12-11,2024-12-11 13:47:00,587.62,587.8,587.62,587.8,0.03,331.36,197579.23,1
2024-12-11,2024-12-11 13:48:00,587.8,587.98,587.8,587.98,0.03,331.36,197579.23,1
2024-12-11,2024-12-11 13:49:00,587.98,588.17,587.98,588.17,0.03,331.36,197579.23,1
2024-12-11,2024-12-11 13:50:00,588.17,588.35,588.17,588.35,0.03,331.36,197579.23,1
2024-12-11,2024-12-11 13:51:00,588.35,588.53,588.35,588.53,0.03,331.36,197579.23,1
2024-12-11,2024-12-11 13:52:00,588.53,588.72,588.53,588.72,0.03,331.36,197579.23,1
2024-12-11,2024-12-11 13:53:00,588.72,588.9,588.72,588.9,0.03,331.36,197579.23,1
2024-12-11,2024-12-11 13:54:00,588.9,589.08,588.9,589.08,0.03,331.36,197579.23,1
2024-12-11,2024-12-11 13:55:00,589.08,589.27,589.08,589.27,0.03,331.36,197579.23,1
2024-12-11,2024-12-11 13:56:00,589.27,589.45,589.27,589.45,0.03,331.36,197579.23,1
2024-12-11,2024-12-11 13:57:00,589.45,589.63,589.45,589.63,0.03,331.36,197579.23,1
2024-12-11,2024-12-11 13:58:00,589.63,589.82,589.63,589.82,0.03,331.36,197579.23,1
2024-12-11,2024-12-11 13:59:00,589.82,590.0,589.82,590.0,0.03,331.36,197579.23,1
2024-12-11,2024-12-11 14:00:00,590.0,590.18,590.0,590.18,0.03,331.36,197579.23,1
2024-12-11,2024-12-11 14:01:00,590.18,590.37,590.18,590.37,0.03,331.36,197579.23,1
2024-12-11,2024-12-11 14:02:00,590.37,590.55,590.37,590.55,0.03,331.36,197579.23,1
2024-12-11,2024-12-11 14:03:00,590.55,590.73,590.55,590.73,0.03,331.36,197579.23,1
2024-12-11,2024-12-11 14:04:00,590.73,590.92,590.73,590.92,0.03,331.36,197579.23,1
2024-12-11,2024-12-11 14:05:00,590.92,591.1,590.92,591.1,0.03,331.36,197579.23,1
2024-12-11,2024-12-11 14:06:00,591.1,591.28,591.1,591.28,0.03,331.36,197579.23,1
2024-12-11,2024-12-11 14:07:00,591.28,591.47,591.28,591.47,0.03,331.36,197579.23,1
2024-12-11,2024-12-11 14:08:00,591.47,591.65,591.47,591.65,0.03,331.36,197579.23,1
2024-12-11,2024-12-11 14:09:00,591.65,591.83,591.65,591.83,0.03,331.36,197579.23,1
2024-12-11,2024-12-11 14:10:00,591.83,592.02,591.83,592.02,0.03,331.36,197579.23,1
2024-12-11,2024-12-11 14:11:00,592.02,592.2,592.02,592.2,0.03,331.36,197579.23,1
2024-12-11,2024-12-11 14:12:00,592.2,592.38,592.2,592.38,0.03,331.36,197579.23,1
2024-12-11,2024-12-11 14:13:00,592.38,592.57,592.38,592.57,0.03,331.36,197579.23,1
2024-12-11,2024-12-11 14:14:00,592.57,592.75,592.57,592.75,0.03,331.36,197579.23,1
2024-12-11,2024-12-11 14:15:00,592.75,592.93,592.75,592.93,0.03,331.36,197579.23,1
2024-12-11,2024-12-11 14:16:00,592.93,593.12,592.93,593.12,0.03,331.36,197579.23,1
2024-12-11,2024-12-11 14:17:00,593.12,593.3,593.12,593.3,0.03,331.36,197579.23,1
2024-12-11,2024-12-11 14:18:00,593.3,593.48,593.3,593.48,0.03,331.36,197579.23,1
2024-12-11,2024-12-11 14:19:00,593.48,593.67,593.48,593.67,0.03,331.36,197579.23,1
2024-12-11,2024-12-11 14:20:00,593.67,593.85,593.67,593.85,0.03,331.36,197579.23,1
2024-12-11,2024-12-11 14:21:00,593.85,594.03,593.85,594.03,0.03,331.36,197579.23,1
2024-12-11,2024-12-11 14:22:00,594.03,594.22,594.03,594.22,0.03,331.36,197579.23,1
2024-12-11,2024-12-11 14:23:00,594.22,594.4,594.22,594.4,0.03,331.36,197579.23,1
2024-12-11,2024-12-11 14:24:00,594.4,594.58,594.4,594.58,0.03,331.36,197579.23,1
2024-12-11,2024-12-11 14:25:00,594.58,594.77,594.58,594.77,0.03,331.36,197579.23,1
2024-12-11,2024-12-11 14:26:00,594.77,594.95,594.77,594.95,0.03,331.36,197579.23,1
2024-12-11,2024-12-11 14:27:00,594.95,595.13,594.95,595.13,0.03,331.36,197579.23,1
2024-12-11,2024-12-11 14:28:00,595.13,595.32,595.13,595.32,0.03,331.36,197579.23,1
2024-12-11,2024-12-11 14:29:00,595.32,595.5,595.32,595.5,0.03,331.36,197579.23,1
2024-12-11,2024-12-11 14:30:00,595.5,595.68,595.5,595.68,0.03,331.36,197579.23,1
2024-12-11,2024-12-11 14:31:00,595.68,595.87,595.68,595.87,0.03,331.36,197579.23,1
2024-12-11,2024-12-11 14:32:00,595.87,596.05,595.87,596.05,0.03,331.36,197579.23,1
2024-12-11,2024-12-11 14:33:00,596.05,596.23,596.05,596.23,0.03,331.36,197579.23,1
2024-12-11,2024-12-11 14:34:00,596.23,596.42,596.23,596.42,0.03,331.36,197579.23,1
2024-12-11,2024-12-11 14:35:00,596.42,596.6,596.42,596.6,0.03,331.36,197579.23,1
2024-12-11,2024-12-11 14:36:00,596.6,596.78,596.6,596.78,0.03,331.36,197579.23,1
2024-12-11,2024-12-11 14:37:00,596.78,596.97,596.78,596.97,0.03,331.36,197579.23,1
2024-12-11,2024-12-11 14:38:00,596.97,597.15,596.97,597.15,0.03,331.36,197579.23,1
2024-12-11,2024-12-11 14:39:00,597.15,597.33,597.15,597.33,0.03,331.36,197579.23,1
2024-12-11,2024-12-11 14:40:00,597.33,597.52,597.33,597.52,0.03,331.36,197579.23,1
2024-12-11,2024-12-11 14:41:00,597.52,597.7,597.52,597.7,0.03,331.36,197579.23,1
2024-12-11,2024-12-11 14:42:00,597.7,597.88,597.7,597.88,0.03,331.36,197579.23,1
2024-12-11,2024-12-11 14:43:00,597.88,598.07,597.88,598.07,0.03,331.36,197579.23,1
2024-12-11,2024-12-11 14:44:00,598.07,598.25,598.07,598.25,0.03,331.36,197579.23,1
2024-12-11,2024-12-11 14:45:00,598.25,598.43,598.25,598.43,0.03,331.36,197579.23,1
2024-12-11,2024-12-11 14:46:00,598.43,598.62,598.43,598.62,0.03,331.36,197579.23,1
2024-12-11,2024-12-11 14:47:00,598.62,598.8,598.62,598.8,0.03,331.36,197579.23,1
2024-12-11,2024-12-11 14:48:00,598.8,598.98,598.8,598.98,0.03,331.36,197579.23,1
2024-12-11,2024-12-11 14:49:00,598.98,599.17,598.98,599.17,0.03,331.36,197579.23,1
2024-12-11,2024-12-11 14:50:00,599.17,599.35,599.17,599.35,0.03,331.36,197579.23,1
2024-12-11,2024-12-11 14:51:00,599.35,599.53,599.35,599.53,0.03,331.36,197579.23,1
2024-12-11,2024-12-11 14:52:00,599.53,599.72,599.53,599.72,0.03,331.36,197579.23,1
2024-12-11,2024-12-11 14:53:00,599.72,599.9,599.72,599.9,0.03,331.36,197579.23,1
2024-12-11,2024-12-11 14:54:00,599.9,600.08,599.9,600.08,0.03,331.36,197579.23,1
2024-12-11,2024-12-11 14:55:00,600.08,600.27,600.08,600.27,0.03,331.36,197579.23,1
2024-12-11,2024-12-11 14:56:00,600.27,600.45,600.27,600.45,0.03,331.36,197579.23,1
2024-12-11,2024-12-11 14:57:00,600.45,600.63,600.45,600.63,0.03,331.36,197579.23,1
2024-12-11,2024-12-11 14:58:00,600.63,600.82,600.63,600.82,0.03,331.36,197579.23,1
2024-12-11,2024-12-11 14:59:00,600.82,601.0,600.82,601.0,0.03,331.36,197579.23,1
2024-12-11,2024-12-11 15:00:00,601.0,609.0,557.0,601.0,0.0,331.36,197579.23,0
2024-12-12,2024-12-12 11:00:00,610.0,624.97,610.0,610.11,0.02,503.0,316457.38,1
2024-12-12,2024-12-12 11:01:00,610.11,610.23,610.11,610.23,0.02,503.0,316457.38,1
2024-12-12,2024-12-12 11:02:00,610.23,610.34,610.23,610.34,0.02,503.0,316457.38,1
2024-12-12,2024-12-12 11:03:00,610.34,610.45,610.34,610.45,0.02,503.0,316457.38,1
2024-12-12,2024-12-12 11:04:00,610.45,610.56,610.45,610.56,0.02,503.0,316457.38,1
2024-12-12,2024-12-12 11:05:00,610.56,610.67,610.56,610.67,0.02,503.0,316457.38,1
2024-12-12,2024-12-12 11:06:00,610.67,610.79,610.67,610.79,0.02,503.0,316457.38,1
2024-12-12,2024-12-12 11:07:00,610.79,610.9,610.79,610.9,0.02,503.0,316457.38,1
2024-12-12,2024-12-12 11:08:00,610.9,611.01,610.9,611.01,0.02,503.0,316457.38,1
2024-12-12,2024-12-12 11:09:00,611.01,611.12,611.01,611.12,0.02,503.0,316457.38,1
2024-12-12,2024-12-12 11:10:00,611.12,611.24,611.12,611.24,0.02,503.0,316457.38,1
2024-12-12,2024-12-12 11:11:00,611.24,611.35,611.24,611.35,0.02,503.0,316457.38,1
2024-12-12,2024-12-12 11:12:00,611.35,611.46,611.35,611.46,0.02,503.0,316457.38,1
2024-12-12,2024-12-12 11:13:00,611.46,611.58,611.46,611.58,0.02,503.0,316457.38,1
2024-12-12,2024-12-12 11:14:00,611.58,611.69,611.58,611.69,0.02,503.0,316457.38,1
2024-12-12,2024-12-12 11:15:00,611.69,611.8,611.69,611.8,0.02,503.0,316457.38,1
2024-12-12,2024-12-12 11:16:00,611.8,611.91,611.8,611.91,0.02,503.0,316457.38,1
2024-12-12,2024-12-12 11:17:00,611.91,612.02,611.91,612.02,0.02,503.0,316457.38,1
2024-12-12,2024-12-12 11:18:00,612.02,612.14,612.02,612.14,0.02,503.0,316457.38,1
2024-12-12,2024-12-12 11:19:00,612.14,612.25,612.14,612.25,0.02,503.0,316457.38,1
2024-12-12,2024-12-12 11:20:00,612.25,612.36,612.25,612.36,0.02,503.0,316457.38,1
2024-12-12,2024-12-12 11:21:00,612.36,612.48,612.36,612.48,0.02,503.0,316457.38,1
2024-12-12,2024-12-12 11:22:00,612.48,612.59,612.48,612.59,0.02,503.0,316457.38,1
2024-12-12,2024-12-12 11:23:00,612.59,612.7,612.59,612.7,0.02,503.0,316457.38,1
2024-12-12,2024-12-12 11:24:00,612.7,612.81,612.7,612.81,0.02,503.0,316457.38,1
2024-12-12,2024-12-12 11:25:00,612.81,612.92,612.81,612.92,0.02,503.0,316457.38,1
2024-12-12,2024-12-12 11:26:00,612.92,613.04,612.92,613.04,0.02,503.0,316457.38,1
2024-12-12,2024-12-12 11:27:00,613.04,613.15,613.04,613.15,0.02,503.0,316457.38,1
2024-12-12,2024-12-12 11:28:00,613.15,613.26,613.15,613.26,0.02,503.0,316457.38,1
2024-12-12,2024-12-12 11:29:00,613.26,613.38,613.26,613.38,0.02,503.0,316457.38,1
2024-12-12,2024-12-12 11:30:00,613.38,613.49,613.38,613.49,0.02,503.0,316457.38,1
2024-12-12,2024-12-12 11:31:00,613.49,613.6,613.49,613.6,0.02,503.0,316457.38,1
2024-12-12,2024-12-12 11:32:00,613.6,613.71,613.6,613.71,0.02,503.0,316457.38,1
2024-12-12,2024-12-12 11:33:00,613.71,613.83,613.71,613.83,0.02,503.0,316457.38,1
2024-12-12,2024-12-12 11:34:00,613.83,613.94,613.83,613.94,0.02,503.0,316457.38,1
2024-12-12,2024-12-12 11:35:00,613.94,614.05,613.94,614.05,0.02,503.0,316457.38,1
2024-12-12,2024-12-12 11:36:00,614.05,614.16,614.05,614.16,0.02,503.0,316457.38,1
2024-12-12,2024-12-12 11:37:00,614.16,614.27,614.16,614.27,0.02,503.0,316457.38,1
2024-12-12,2024-12-12 11:38:00,614.27,614.39,614.27,614.39,0.02,503.0,316457.38,1
2024-12-12,2024-12-12 11:39:00,614.39,614.5,614.39,614.5,0.02,503.0,316457.38,1
2024-12-12,2024-12-12 11:40:00,614.5,614.61,614.5,614.61,0.02,503.0,316457.38,1
2024-12-12,2024-12-12 11:41:00,614.61,614.73,614.61,614.73,0.02,503.0,316457.38,1
2024-12-12,2024-12-12 11:42:00,614.73,614.84,614.73,614.84,0.02,503.0,316457.38,1
2024-12-12,2024-12-12 11:43:00,614.84,614.95,614.84,614.95,0.02,503.0,316457.38,1
2024-12-12,2024-12-12 11:44:00,614.95,615.06,614.95,615.06,0.02,503.0,316457.38,1
2024-12-12,2024-12-12 11:45:00,615.06,615.17,615.06,615.17,0.02,503.0,316457.38,1
2024-12-12,2024-12-12 11:46:00,615.17,615.29,615.17,615.29,0.02,503.0,316457.38,1
2024-12-12,2024-12-12 11:47:00,615.29,615.4,615.29,615.4,0.02,503.0,316457.38,1
2024-12-12,2024-12-12 11:48:00,615.4,615.51,615.4,615.51,0.02,503.0,316457.38,1
2024-12-12,2024-12-12 11:49:00,615.51,615.62,615.51,615.62,0.02,503.0,316457.38,1
2024-12-12,2024-12-12 11:50:00,615.62,615.74,615.62,615.74,0.02,503.0,316457.38,1
2024-12-12,2024-12-12 11:51:00,615.74,615.85,615.74,615.85,0.02,503.0,316457.38,1
2024-12-12,2024-12-12 11:52:00,615.85,615.96,615.85,615.96,0.02,503.0,316457.38,1
2024-12-12,2024-12-12 11:53:00,615.96,616.08,615.96,616.08,0.02,503.0,316457.38,1
2024-12-12,2024-12-12 11:54:00,616.08,616.19,616.08,616.19,0.02,503.0,316457.38,1
2024-12-12,2024-12-12 11:55:00,616.19,616.3,616.19,616.3,0.02,503.0,316457.38,1
2024-12-12,2024-12-12 11:56:00,616.3,616.41,616.3,616.41,0.02,503.0,316457.38,1
2024-12-12,2024-12-12 11:57:00,616.41,616.52,616.41,616.52,0.02,503.0,316457.38,1
2024-12-12,2024-12-12 11:58:00,616.52,616.64,616.52,616.64,0.02,503.0,316457.38,1
2024-12-12,2024-12-12 11:59:00,616.64,616.75,616.64,616.75,0.02,503.0,316457.38,1
2024-12-12,2024-12-12 12:00:00,616.75,616.86,616.75,616.86,0.02,503.0,316457.38,1
2024-12-12,2024-12-12 12:01:00,616.86,616.98,616.86,616.98,0.02,503.0,316457.38,1
2024-12-12,2024-12-12 12:02:00,616.98,617.09,616.98,617.09,0.02,503.0,316457.38,1
2024-12-12,2024-12-12 12:03:00,617.09,617.2,617.09,617.2,0.02,503.0,316457.38,1
2024-12-12,2024-12-12 12:04:00,617.2,617.31,617.2,617.31,0.02,503.0,316457.38,1
2024-12-12,2024-12-12 12:05:00,617.31,617.42,617.31,617.42,0.02,503.0,316457.38,1
2024-12-12,2024-12-12 12:06:00,617.42,617.54,617.42,617.54,0.02,503.0,316457.38,1
2024-12-12,2024-12-12 12:07:00,617.54,617.65,617.54,617.65,0.02,503.0,316457.38,1
2024-12-12,2024-12-12 12:08:00,617.65,617.76,617.65,617.76,0.02,503.0,316457.38,1
2024-12-12,2024-12-12 12:09:00,617.76,617.88,617.76,617.88,0.02,503.0,316457.38,1
2024-12-12,2024-12-12 12:10:00,617.88,617.99,617.88,617.99,0.02,503.0,316457.38,1
2024-12-12,2024-12-12 12:11:00,617.99,618.1,617.99,618.1,0.02,503.0,316457.38,1
2024-12-12,2024-12-12 12:12:00,618.1,618.21,618.1,618.21,0.02,503.0,316457.38,1
2024-12-12,2024-12-12 12:13:00,618.21,618.33,618.21,618.33,0.02,503.0,316457.38,1
2024-12-12,2024-12-12 12:14:00,618.33,618.44,618.33,618.44,0.02,503.0,316457.38,1
2024-12-12,2024-12-12 12:15:00,618.44,618.55,618.44,618.55,0.02,503.0,316457.38,1
2024-12-12,2024-12-12 12:16:00,618.55,618.66,618.55,618.66,0.02,503.0,316457.38,1
2024-12-12,2024-12-12 12:17:00,618.66,618.77,618.66,618.77,0.02,503.0,316457.38,1
2024-12-12,2024-12-12 12:18:00,618.77,618.89,618.77,618.89,0.02,503.0,316457.38,1
2024-12-12,2024-12-12 12:19:00,618.89,619.0,618.89,619.0,0.02,503.0,316457.38,1
2024-12-12,2024-12-12 12:20:00,619.0,619.11,619.0,619.11,0.02,503.0,316457.38,1
2024-12-12,2024-12-12 12:21:00,619.11,619.23,619.11,619.23,0.02,503.0,316457.38,1
2024-12-12,2024-12-12 12:22:00,619.23,619.34,619.23,619.34,0.02,503.0,316457.38,1
2024-12-12,2024-12-12 12:23:00,619.34,619.45,619.34,619.45,0.02,503.0,316457.38,1
2024-12-12,2024-12-12 12:24:00,619.45,619.56,619.45,619.56,0.02,503.0,316457.38,1
2024-12-12,2024-12-12 12:25:00,619.56,619.67,619.56,619.67,0.02,503.0,316457.38,1
2024-12-12,2024-12-12 12:26:00,619.67,619.79,619.67,619.79,0.02,503.0,316457.38,1
2024-12-12,2024-12-12 12:27:00,619.79,619.9,619.79,619.9,0.02,503.0,316457.38,1
2024-12-12,2024-12-12 12:28:00,619.9,620.01,619.9,620.01,0.02,503.0,316457.38,1
2024-12-12,2024-12-12 12:29:00,620.01,620.12,620.01,620.12,0.02,503.0,316457.38,1
2024-12-12,2024-12-12 12:30:00,620.12,620.24,620.12,620.24,0.02,503.0,316457.38,1
2024-12-12,2024-12-12 12:31:00,620.24,620.35,620.24,620.35,0.02,503.0,316457.38,1
2024-12-12,2024-12-12 12:32:00,620.35,620.46,620.35,620.46,0.02,503.0,316457.38,1
2024-12-12,2024-12-12 12:33:00,620.46,620.58,620.46,620.58,0.02,503.0,316457.38,1
2024-12-12,2024-12-12 12:34:00,620.58,620.69,620.58,620.69,0.02,503.0,316457.38,1
2024-12-12,2024-12-12 12:35:00,620.69,620.8,620.69,620.8,0.02,503.0,316457.38,1
2024-12-12,2024-12-12 12:36:00,620.8,620.91,620.8,620.91,0.02,503.0,316457.38,1
2024-12-12,2024-12-12 12:37:00,620.91,621.02,620.91,621.02,0.02,503.0,316457.38,1
2024-12-12,2024-12-12 12:38:00,621.02,621.14,621.02,621.14,0.02,503.0,316457.38,1
2024-12-12,2024-12-12 12:39:00,621.14,621.25,621.14,621.25,0.02,503.0,316457.38,1
2024-12-12,2024-12-12 12:40:00,621.25,621.36,621.25,621.36,0.02,503.0,316457.38,1
2024-12-12,2024-12-12 12:41:00,621.36,621.48,621.36,621.48,0.02,503.0,316457.38,1
2024-12-12,2024-12-12 12:42:00,621.48,621.59,621.48,621.59,0.02,503.0,316457.38,1
2024-12-12,2024-12-12 12:43:00,621.59,621.7,621.59,621.7,0.02,503.0,316457.38,1
2024-12-12,2024-12-12 12:44:00,621.7,621.81,621.7,621.81,0.02,503.0,316457.38,1
2024-12-12,2024-12-12 12:45:00,621.81,621.92,621.81,621.92,0.02,503.0,316457.38,1
2024-12-12,2024-12-12 12:46:00,621.92,622.04,621.92,622.04,0.02,503.0,316457.38,1
2024-12-12,2024-12-12 12:47:00,622.04,622.15,622.04,622.15,0.02,503.0,316457.38,1
2024-12-12,2024-12-12 12:48:00,622.15,622.26,622.15,622.26,0.02,503.0,316457.38,1
2024-12-12,2024-12-12 12:49:00,622.26,622.38,622.26,622.38,0.02,503.0,316457.38,1
2024-12-12,2024-12-12 12:50:00,622.38,622.49,622.38,622.49,0.02,503.0,316457.38,1
2024-12-12,2024-12-12 12:51:00,622.49,622.6,622.49,622.6,0.02,503.0,316457.38,1
2024-12-12,2024-12-12 12:52:00,622.6,622.71,622.6,622.71,0.02,503.0,316457.38,1
2024-12-12,2024-12-12 12:53:00,622.71,622.83,622.71,622.83,0.02,503.0,316457.38,1
2024-12-12,2024-12-12 12:54:00,622.83,622.94,622.83,622.94,0.02,503.0,316457.38,1
2024-12-12,2024-12-12 12:55:00,622.94,623.05,622.94,623.05,0.02,503.0,316457.38,1
2024-12-12,2024-12-12 12:56:00,623.05,623.16,623.05,623.16,0.02,503.0,316457.38,1
2024-12-12,2024-12-12 12:57:00,623.16,623.27,623.16,623.27,0.02,503.0,316457.38,1
2024-12-12,2024-12-12 12:58:00,623.27,623.39,623.27,623.39,0.02,503.0,316457.38,1
2024-12-12,2024-12-12 12:59:00,623.39,623.5,623.39,623.5,0.02,503.0,316457.38,1
2024-12-12,2024-12-12 13:00:00,623.5,659.9,610.0,623.61,0.02,503.0,316457.38,1
2024-12-12,2024-12-12 13:01:00,623.61,623.73,623.61,623.73,0.02,503.0,316457.38,1
2024-12-12,2024-12-12 13:02:00,623.73,623.84,623.73,623.84,0.02,503.0,316457.38,1
2024-12-12,2024-12-12 13:03:00,623.84,623.95,623.84,623.95,0.02,503.0,316457.38,1
2024-12-12,2024-12-12 13:04:00,623.95,624.06,623.95,624.06,0.02,503.0,316457.38,1
2024-12-12,2024-12-12 13:05:00,624.06,624.17,624.06,624.17,0.02,503.0,316457.38,1
2024-12-12,2024-12-12 13:06:00,624.17,624.29,624.17,624.29,0.02,503.0,316457.38,1
2024-12-12,2024-12-12 13:07:00,624.29,624.4,624.29,624.4,0.02,503.0,316457.38,1
2024-12-12,2024-12-12 13:08:00,624.4,624.51,624.4,624.51,0.02,503.0,316457.38,1
2024-12-12,2024-12-12 13:09:00,624.51,624.62,624.51,624.62,0.02,503.0,316457.38,1
2024-12-12,2024-12-12 13:10:00,624.62,624.74,624.62,624.74,0.02,503.0,316457.38,1
2024-12-12,2024-12-12 13:11:00,624.74,624.85,624.74,624.85,0.02,503.0,316457.38,1
2024-12-12,2024-12-12 13:12:00,624.85,624.96,624.85,624.96,0.02,503.0,316457.38,1
2024-12-12,2024-12-12 13:13:00,624.96,625.08,624.96,625.08,0.02,503.0,316457.38,1
2024-12-12,2024-12-12 13:14:00,625.08,625.19,625.08,625.19,0.02,503.0,316457.38,1
2024-12-12,2024-12-12 13:15:00,625.19,625.3,625.19,625.3,0.02,503.0,316457.38,1
2024-12-12,2024-12-12 13:16:00,625.3,625.41,625.3,625.41,0.02,503.0,316457.38,1
2024-12-12,2024-12-12 13:17:00,625.41,625.52,625.41,625.52,0.02,503.0,316457.38,1
2024-12-12,2024-12-12 13:18:00,625.52,625.64,625.52,625.64,0.02,503.0,316457.38,1
2024-12-12,2024-12-12 13:19:00,625.64,625.75,625.64,625.75,0.02,503.0,316457.38,1
2024-12-12,2024-12-12 13:20:00,625.75,625.86,625.75,625.86,0.02,503.0,316457.38,1
2024-12-12,2024-12-12 13:21:00,625.86,625.98,625.86,625.98,0.02,503.0,316457.38,1
2024-12-12,2024-12-12 13:22:00,625.98,626.09,625.98,626.09,0.02,503.0,316457.38,1
2024-12-12,2024-12-12 13:23:00,626.09,626.2,626.09,626.2,0.02,503.0,316457.38,1
2024-12-12,2024-12-12 13:24:00,626.2,626.31,626.2,626.31,0.02,503.0,316457.38,1
2024-12-12,2024-12-12 13:25:00,626.31,626.42,626.31,626.42,0.02,503.0,316457.38,1
2024-12-12,2024-12-12 13:26:00,626.42,626.54,626.42,626.54,0.02,503.0,316457.38,1
2024-12-12,2024-12-12 13:27:00,626.54,626.65,626.54,626.65,0.02,503.0,316457.38,1
2024-12-12,2024-12-12 13:28:00,626.65,626.76,626.65,626.76,0.02,503.0,316457.38,1
2024-12-12,2024-12-12 13:29:00,626.76,626.88,626.76,626.88,0.02,503.0,316457.38,1
2024-12-12,2024-12-12 13:30:00,626.88,626.99,626.88,626.99,0.02,503.0,316457.38,1
2024-12-12,2024-12-12 13:31:00,626.99,627.1,626.99,627.1,0.02,503.0,316457.38,1
2024-12-12,2024-12-12 13:32:00,627.1,627.21,627.1,627.21,0.02,503.0,316457.38,1
2024-12-12,2024-12-12 13:33:00,627.21,627.33,627.21,627.33,0.02,503.0,316457.38,1
2024-12-12,2024-12-12 13:34:00,627.33,627.44,627.33,627.44,0.02,503.0,316457.38,1
2024-12-12,2024-12-12 13:35:00,627.44,627.55,627.44,627.55,0.02,503.0,316457.38,1
2024-12-12,2024-12-12 13:36:00,627.55,627.66,627.55,627.66,0.02,503.0,316457.38,1
2024-12-12,2024-12-12 13:37:00,627.66,627.77,627.66,627.77,0.02,503.0,316457.38,1
2024-12-12,2024-12-12 13:38:00,627.77,627.89,627.77,627.89,0.02,503.0,316457.38,1
2024-12-12,2024-12-12 13:39:00,627.89,628.0,627.89,628.0,0.02,503.0,316457.38,1
2024-12-12,2024-12-12 13:40:00,628.0,628.11,628.0,628.11,0.02,503.0,316457.38,1
2024-12-12,2024-12-12 13:41:00,628.11,628.23,628.11,628.23,0.02,503.0,316457.38,1
2024-12-12,2024-12-12 13:42:00,628.23,628.34,628.23,628.34,0.02,503.0,316457.38,1
2024-12-12,2024-12-12 13:43:00,628.34,628.45,628.34,628.45,0.02,503.0,316457.38,1
2024-12-12,2024-12-12 13:44:00,628.45,628.56,628.45,628.56,0.02,503.0,316457.38,1
2024-12-12,2024-12-12 13:45:00,628.56,628.67,628.56,628.67,0.02,503.0,316457.38,1
2024-12-12,2024-12-12 13:46:00,628.67,628.79,628.67,628.79,0.02,503.0,316457.38,1
2024-12-12,2024-12-12 13:47:00,628.79,628.9,628.79,628.9,0.02,503.0,316457.38,1
2024-12-12,2024-12-12 13:48:00,628.9,629.01,628.9,629.01,0.02,503.0,316457.38,1
2024-12-12,2024-12-12 13:49:00,629.01,629.12,629.01,629.12,0.02,503.0,316457.38,1
2024-12-12,2024-12-12 13:50:00,629.12,629.24,629.12,629.24,0.02,503.0,316457.38,1
2024-12-12,2024-12-12 13:51:00,629.24,629.35,629.24,629.35,0.02,503.0,316457.38,1
2024-12-12,2024-12-12 13:52:00,629.35,629.46,629.35,629.46,0.02,503.0,316457.38,1
2024-12-12,2024-12-12 13:53:00,629.46,629.58,629.46,629.58,0.02,503.0,316457.38,1
2024-12-12,2024-12-12 13:54:00,629.58,629.69,629.58,629.69,0.02,503.0,316457.38,1
2024-12-12,2024-12-12 13:55:00,629.69,629.8,629.69,629.8,0.02,503.0,316457.38,1
2024-12-12,2024-12-12 13:56:00,629.8,629.91,629.8,629.91,0.02,503.0,316457.38,1
2024-12-12,2024-12-12 13:57:00,629.91,630.02,629.91,630.02,0.02,503.0,316457.38,1
2024-12-12,2024-12-12 13:58:00,630.02,630.14,630.02,630.14,0.02,503.0,316457.38,1
2024-12-12,2024-12-12 13:59:00,630.14,630.25,630.14,630.25,0.02,503.0,316457.38,1
2024-12-12,2024-12-12 14:00:00,630.25,630.36,630.25,630.36,0.02,503.0,316457.38,1
2024-12-12,2024-12-12 14:01:00,630.36,630.48,630.36,630.48,0.02,503.0,316457.38,1
2024-12-12,2024-12-12 14:02:00,630.48,630.59,630.48,630.59,0.02,503.0,316457.38,1
2024-12-12,2024-12-12 14:03:00,630.59,630.7,630.59,630.7,0.02,503.0,316457.38,1
2024-12-12,2024-12-12 14:04:00,630.7,630.81,630.7,630.81,0.02,503.0,316457.38,1
2024-12-12,2024-12-12 14:05:00,630.81,630.92,630.81,630.92,0.02,503.0,316457.38,1
2024-12-12,2024-12-12 14:06:00,630.92,631.04,630.92,631.04,0.02,503.0,316457.38,1
2024-12-12,2024-12-12 14:07:00,631.04,631.15,631.04,631.15,0.02,503.0,316457.38,1
2024-12-12,2024-12-12 14:08:00,631.15,631.26,631.15,631.26,0.02,503.0,316457.38,1
2024-12-12,2024-12-12 14:09:00,631.26,631.38,631.26,631.38,0.02,503.0,316457.38,1
2024-12-12,2024-12-12 14:10:00,631.38,631.49,631.38,631.49,0.02,503.0,316457.38,1
2024-12-12,2024-12-12 14:11:00,631.49,631.6,631.49,631.6,0.02,503.0,316457.38,1
2024-12-12,2024-12-12 14:12:00,631.6,631.71,631.6,631.71,0.02,503.0,316457.38,1
2024-12-12,2024-12-12 14:13:00,631.71,631.83,631.71,631.83,0.02,503.0,316457.38,1
2024-12-12,2024-12-12 14:14:00,631.83,631.94,631.83,631.94,0.02,503.0,316457.38,1
2024-12-12,2024-12-12 14:15:00,631.94,632.05,631.94,632.05,0.02,503.0,316457.38,1
2024-12-12,2024-12-12 14:16:00,632.05,632.16,632.05,632.16,0.02,503.0,316457.38,1
2024-12-12,2024-12-12 14:17:00,632.16,632.27,632.16,632.27,0.02,503.0,316457.38,1
2024-12-12,2024-12-12 14:18:00,632.27,632.39,632.27,632.39,0.02,503.0,316457.38,1
2024-12-12,2024-12-12 14:19:00,632.39,632.5,632.39,632.5,0.02,503.0,316457.38,1
2024-12-12,2024-12-12 14:20:00,632.5,632.61,632.5,632.61,0.02,503.0,316457.38,1
2024-12-12,2024-12-12 14:21:00,632.61,632.73,632.61,632.73,0.02,503.0,316457.38,1
2024-12-12,2024-12-12 14:22:00,632.73,632.84,632.73,632.84,0.02,503.0,316457.38,1
2024-12-12,2024-12-12 14:23:00,632.84,632.95,632.84,632.95,0.02,503.0,316457.38,1
2024-12-12,2024-12-12 14:24:00,632.95,633.06,632.95,633.06,0.02,503.0,316457.38,1
2024-12-12,2024-12-12 14:25:00,633.06,633.17,633.06,633.17,0.02,503.0,316457.38,1
2024-12-12,2024-12-12 14:26:00,633.17,633.29,633.17,633.29,0.02,503.0,316457.38,1
2024-12-12,2024-12-12 14:27:00,633.29,633.4,633.29,633.4,0.02,503.0,316457.38,1
2024-12-12,2024-12-12 14:28:00,633.4,633.51,633.4,633.51,0.02,503.0,316457.38,1
2024-12-12,2024-12-12 14:29:00,633.51,633.62,633.51,633.62,0.02,503.0,316457.38,1
2024-12-12,2024-12-12 14:30:00,633.62,633.74,633.62,633.74,0.02,503.0,316457.38,1
2024-12-12,2024-12-12 14:31:00,633.74,633.85,633.74,633.85,0.02,503.0,316457.38,1
2024-12-12,2024-12-12 14:32:00,633.85,633.96,633.85,633.96,0.02,503.0,316457.38,1
2024-12-12,2024-12-12 14:33:00,633.96,634.08,633.96,634.08,0.02,503.0,316457.38,1
2024-12-12,2024-12-12 14:34:00,634.08,634.19,634.08,634.19,0.02,503.0,316457.38,1
2024-12-12,2024-12-12 14:35:00,634.19,634.3,634.19,634.3,0.02,503.0,316457.38,1
2024-12-12,2024-12-12 14:36:00,634.3,634.41,634.3,634.41,0.02,503.0,316457.38,1
2024-12-12,2024-12-12 14:37:00,634.41,634.52,634.41,634.52,0.02,503.0,316457.38,1
2024-12-12,2024-12-12 14:38:00,634.52,634.64,634.52,634.64,0.02,503.0,316457.38,1
2024-12-12,2024-12-12 14:39:00,634.64,634.75,634.64,634.75,0.02,503.0,316457.38,1
2024-12-12,2024-12-12 14:40:00,634.75,634.86,634.75,634.86,0.02,503.0,316457.38,1
2024-12-12,2024-12-12 14:41:00,634.86,634.98,634.86,634.98,0.02,503.0,316457.38,1
2024-12-12,2024-12-12 14:42:00,634.98,635.09,634.98,635.09,0.02,503.0,316457.38,1
2024-12-12,2024-12-12 14:43:00,635.09,635.2,635.09,635.2,0.02,503.0,316457.38,1
2024-12-12,2024-12-12 14:44:00,635.2,635.31,635.2,635.31,0.02,503.0,316457.38,1
2024-12-12,2024-12-12 14:45:00,635.31,635.42,635.31,635.42,0.02,503.0,316457.38,1
2024-12-12,2024-12-12 14:46:00,635.42,635.54,635.42,635.54,0.02,503.0,316457.38,1
2024-12-12,2024-12-12 14:47:00,635.54,635.65,635.54,635.65,0.02,503.0,316457.38,1
2024-12-12,2024-12-12 14:48:00,635.65,635.76,635.65,635.76,0.02,503.0,316457.38,1
2024-12-12,2024-12-12 14:49:00,635.76,635.88,635.76,635.88,0.02,503.0,316457.38,1
2024-12-12,2024-12-12 14:50:00,635.88,635.99,635.88,635.99,0.02,503.0,316457.38,1
2024-12-12,2024-12-12 14:51:00,635.99,636.1,635.99,636.1,0.02,503.0,316457.38,1
2024-12-12,2024-12-12 14:52:00,636.1,636.21,636.1,636.21,0.02,503.0,316457.38,1
2024-12-12,2024-12-12 14:53:00,636.21,636.33,636.21,636.33,0.02,503.0,316457.38,1
2024-12-12,2024-12-12 14:54:00,636.33,636.44,636.33,636.44,0.02,503.0,316457.38,1
2024-12-12,2024-12-12 14:55:00,636.44,636.55,636.44,636.55,0.02,503.0,316457.38,1
2024-12-12,2024-12-12 14:56:00,636.55,636.66,636.55,636.66,0.02,503.0,316457.38,1
2024-12-12,2024-12-12 14:57:00,636.66,636.77,636.66,636.77,0.02,503.0,316457.38,1
2024-12-12,2024-12-12 14:58:00,636.77,636.89,636.77,636.89,0.02,503.0,316457.38,1
2024-12-12,2024-12-12 14:59:00,636.89,637.0,636.89,637.0,0.02,503.0,316457.38,1
2024-12-12,2024-12-12 15:00:00,637.0,659.9,610.0,637.0,0.0,503.0,316457.38,0
2024-12-16,2024-12-16 11:00:00,640.0,640.0,634.0,639.96,-0.01,315.4,198213.03,-1
2024-12-16,2024-12-16 11:01:00,639.96,639.96,639.92,639.92,-0.01,315.4,198213.03,-1
2024-12-16,2024-12-16 11:02:00,639.92,639.92,639.88,639.88,-0.01,315.4,198213.03,-1
2024-12-16,2024-12-16 11:03:00,639.88,639.88,639.83,639.83,-0.01,315.4,198213.03,-1
2024-12-16,2024-12-16 11:04:00,639.83,639.83,639.79,639.79,-0.01,315.4,198213.03,-1
2024-12-16,2024-12-16 11:05:00,639.79,639.79,639.75,639.75,-0.01,315.4,198213.03,-1
2024-12-16,2024-12-16 11:06:00,639.75,639.75,639.71,639.71,-0.01,315.4,198213.03,-1
2024-12-16,2024-12-16 11:07:00,639.71,639.71,639.67,639.67,-0.01,315.4,198213.03,-1
2024-12-16,2024-12-16 11:08:00,639.67,639.67,639.62,639.62,-0.01,315.4,198213.03,-1
2024-12-16,2024-12-16 11:09:00,639.62,639.62,639.58,639.58,-0.01,315.4,198213.03,-1
2024-12-16,2024-12-16 11:10:00,639.58,639.58,639.54,639.54,-0.01,315.4,198213.03,-1
2024-12-16,2024-12-16 11:11:00,639.54,639.54,639.5,639.5,-0.01,315.4,198213.03,-1
2024-12-16,2024-12-16 11:12:00,639.5,639.5,639.46,639.46,-0.01,315.4,198213.03,-1
2024-12-16,2024-12-16 11:13:00,639.46,639.46,639.42,639.42,-0.01,315.4,198213.03,-1
2024-12-16,2024-12-16 11:14:00,639.42,639.42,639.38,639.38,-0.01,315.4,198213.03,-1
2024-12-16,2024-12-16 11:15:00,639.38,639.38,639.33,639.33,-0.01,315.4,198213.03,-1
2024-12-16,2024-12-16 11:16:00,639.33,639.33,639.29,639.29,-0.01,315.4,198213.03,-1
2024-12-16,2024-12-16 11:17:00,639.29,639.29,639.25,639.25,-0.01,315.4,198213.03,-1
2024-12-16,2024-12-16 11:18:00,639.25,639.25,639.21,639.21,-0.01,315.4,198213.03,-1
2024-12-16,2024-12-16 11:19:00,639.21,639.21,639.17,639.17,-0.01,315.4,198213.03,-1
2024-12-16,2024-12-16 11:20:00,639.17,639.17,639.12,639.12,-0.01,315.4,198213.03,-1
2024-12-16,2024-12-16 11:21:00,639.12,639.12,639.08,639.08,-0.01,315.4,198213.03,-1
2024-12-16,2024-12-16 11:22:00,639.08,639.08,639.04,639.04,-0.01,315.4,198213.03,-1
2024-12-16,2024-12-16 11:23:00,639.04,639.04,639.0,639.0,-0.01,315.4,198213.03,-1
2024-12-16,2024-12-16 11:24:00,639.0,639.0,638.96,638.96,-0.01,315.4,198213.03,-1
2024-12-16,2024-12-16 11:25:00,638.96,638.96,638.92,638.92,-0.01,315.4,198213.03,-1
2024-12-16,2024-12-16 11:26:00,638.92,638.92,638.88,638.88,-0.01,315.4,198213.03,-1
2024-12-16,2024-12-16 11:27:00,638.88,638.88,638.83,638.83,-0.01,315.4,198213.03,-1
2024-12-16,2024-12-16 11:28:00,638.83,638.83,638.79,638.79,-0.01,315.4,198213.03,-1
2024-12-16,2024-12-16 11:29:00,638.79,638.79,638.75,638.75,-0.01,315.4,198213.03,-1
2024-12-16,2024-12-16 11:30:00,638.75,638.75,638.71,638.71,-0.01,315.4,198213.03,-1
2024-12-16,2024-12-16 11:31:00,638.71,638.71,638.67,638.67,-0.01,315.4,198213.03,-1
2024-12-16,2024-12-16 11:32:00,638.67,638.67,638.62,638.62,-0.01,315.4,198213.03,-1
2024-12-16,2024-12-16 11:33:00,638.62,638.62,638.58,638.58,-0.01,315.4,198213.03,-1
2024-12-16,2024-12-16 11:34:00,638.58,638.58,638.54,638.54,-0.01,315.4,198213.03,-1
2024-12-16,2024-12-16 11:35:00,638.54,638.54,638.5,638.5,-0.01,315.4,198213.03,-1
2024-12-16,2024-12-16 11:36:00,638.5,638.5,638.46,638.46,-0.01,315.4,198213.03,-1
2024-12-16,2024-12-16 11:37:00,638.46,638.46,638.42,638.42,-0.01,315.4,198213.03,-1
2024-12-16,2024-12-16 11:38:00,638.42,638.42,638.38,638.38,-0.01,315.4,198213.03,-1
2024-12-16,2024-12-16 11:39:00,638.38,638.38,638.33,638.33,-0.01,315.4,198213.03,-1
2024-12-16,2024-12-16 11:40:00,638.33,638.33,638.29,638.29,-0.01,315.4,198213.03,-1
2024-12-16,2024-12-16 11:41:00,638.29,638.29,638.25,638.25,-0.01,315.4,198213.03,-1
2024-12-16,2024-12-16 11:42:00,638.25,638.25,638.21,638.21,-0.01,315.4,198213.03,-1
2024-12-16,2024-12-16 11:43:00,638.21,638.21,638.17,638.17,-0.01,315.4,198213.03,-1
2024-12-16,2024-12-16 11:44:00,638.17,638.17,638.12,638.12,-0.01,315.4,198213.03,-1
2024-12-16,2024-12-16 11:45:00,638.12,638.12,638.08,638.08,-0.01,315.4,198213.03,-1
2024-12-16,2024-12-16 11:46:00,638.08,638.08,638.04,638.04,-0.01,315.4,198213.03,-1
2024-12-16,2024-12-16 11:47:00,638.04,638.04,638.0,638.0,-0.01,315.4,198213.03,-1
2024-12-16,2024-12-16 11:48:00,638.0,638.0,637.96,637.96,-0.01,315.4,198213.03,-1
2024-12-16,2024-12-16 11:49:00,637.96,637.96,637.92,637.92,-0.01,315.4,198213.03,-1
2024-12-16,2024-12-16 11:50:00,637.92,637.92,637.88,637.88,-0.01,315.4,198213.03,-1
2024-12-16,2024-12-16 11:51:00,637.88,637.88,637.83,637.83,-0.01,315.4,198213.03,-1
2024-12-16,2024-12-16 11:52:00,637.83,637.83,637.79,637.79,-0.01,315.4,198213.03,-1
2024-12-16,2024-12-16 11:53:00,637.79,637.79,637.75,637.75,-0.01,315.4,198213.03,-1
2024-12-16,2024-12-16 11:54:00,637.75,637.75,637.71,637.71,-0.01,315.4,198213.03,-1
2024-12-16,2024-12-16 11:55:00,637.71,637.71,637.67,637.67,-0.01,315.4,198213.03,-1
2024-12-16,2024-12-16 11:56:00,637.67,637.67,637.62,637.62,-0.01,315.4,198213.03,-1
2024-12-16,2024-12-16 11:57:00,637.62,637.62,637.58,637.58,-0.01,315.4,198213.03,-1
2024-12-16,2024-12-16 11:58:00,637.58,637.58,637.54,637.54,-0.01,315.4,198213.03,-1
2024-12-16,2024-12-16 11:59:00,637.54,637.54,637.5,637.5,-0.01,315.4,198213.03,-1
2024-12-16,2024-12-16 12:00:00,637.5,637.5,637.46,637.46,-0.01,315.4,198213.03,-1
2024-12-16,2024-12-16 12:01:00,637.46,637.46,637.42,637.42,-0.01,315.4,198213.03,-1
2024-12-16,2024-12-16 12:02:00,637.42,637.42,637.38,637.38,-0.01,315.4,198213.03,-1
2024-12-16,2024-12-16 12:03:00,637.38,637.38,637.33,637.33,-0.01,315.4,198213.03,-1
2024-12-16,2024-12-16 12:04:00,637.33,637.33,637.29,637.29,-0.01,315.4,198213.03,-1
2024-12-16,2024-12-16 12:05:00,637.29,637.29,637.25,637.25,-0.01,315.4,198213.03,-1
2024-12-16,2024-12-16 12:06:00,637.25,637.25,637.21,637.21,-0.01,315.4,198213.03,-1
2024-12-16,2024-12-16 12:07:00,637.21,637.21,637.17,637.17,-0.01,315.4,198213.03,-1
2024-12-16,2024-12-16 12:08:00,637.17,637.17,637.12,637.12,-0.01,315.4,198213.03,-1
2024-12-16,2024-12-16 12:09:00,637.12,637.12,637.08,637.08,-0.01,315.4,198213.03,-1
2024-12-16,2024-12-16 12:10:00,637.08,637.08,637.04,637.04,-0.01,315.4,198213.03,-1
2024-12-16,2024-12-16 12:11:00,637.04,637.04,637.0,637.0,-0.01,315.4,198213.03,-1
2024-12-16,2024-12-16 12:12:00,637.0,637.0,636.96,636.96,-0.01,315.4,198213.03,-1
2024-12-16,2024-12-16 12:13:00,636.96,636.96,636.92,636.92,-0.01,315.4,198213.03,-1
2024-12-16,2024-12-16 12:14:00,636.92,636.92,636.88,636.88,-0.01,315.4,198213.03,-1
2024-12-16,2024-12-16 12:15:00,636.88,636.88,636.83,636.83,-0.01,315.4,198213.03,-1
2024-12-16,2024-12-16 12:16:00,636.83,636.83,636.79,636.79,-0.01,315.4,198213.03,-1
2024-12-16,2024-12-16 12:17:00,636.79,636.79,636.75,636.75,-0.01,315.4,198213.03,-1
2024-12-16,2024-12-16 12:18:00,636.75,636.75,636.71,636.71,-0.01,315.4,198213.03,-1
2024-12-16,2024-12-16 12:19:00,636.71,636.71,636.67,636.67,-0.01,315.4,198213.03,-1
2024-12-16,2024-12-16 12:20:00,636.67,636.67,636.62,636.62,-0.01,315.4,198213.03,-1
2024-12-16,2024-12-16 12:21:00,636.62,636.62,636.58,636.58,-0.01,315.4,198213.03,-1
2024-12-16,2024-12-16 12:22:00,636.58,636.58,636.54,636.54,-0.01,315.4,198213.03,-1
2024-12-16,2024-12-16 12:23:00,636.54,636.54,636.5,636.5,-0.01,315.4,198213.03,-1
2024-12-16,2024-12-16 12:24:00,636.5,636.5,636.46,636.46,-0.01,315.4,198213.03,-1
2024-12-16,2024-12-16 12:25:00,636.46,636.46,636.42,636.42,-0.01,315.4,198213.03,-1
2024-12-16,2024-12-16 12:26:00,636.42,636.42,636.38,636.38,-0.01,315.4,198213.03,-1
2024-12-16,2024-12-16 12:27:00,636.38,636.38,636.33,636.33,-0.01,315.4,198213.03,-1
2024-12-16,2024-12-16 12:28:00,636.33,636.33,636.29,636.29,-0.01,315.4,198213.03,-1
2024-12-16,2024-12-16 12:29:00,636.29,636.29,636.25,636.25,-0.01,315.4,198213.03,-1
2024-12-16,2024-12-16 12:30:00,636.25,636.25,636.21,636.21,-0.01,315.4,198213.03,-1
2024-12-16,2024-12-16 12:31:00,636.21,636.21,636.17,636.17,-0.01,315.4,198213.03,-1
2024-12-16,2024-12-16 12:32:00,636.17,636.17,636.12,636.12,-0.01,315.4,198213.03,-1
2024-12-16,2024-12-16 12:33:00,636.12,636.12,636.08,636.08,-0.01,315.4,198213.03,-1
2024-12-16,2024-12-16 12:34:00,636.08,636.08,636.04,636.04,-0.01,315.4,198213.03,-1
2024-12-16,2024-12-16 12:35:00,636.04,636.04,636.0,636.0,-0.01,315.4,198213.03,-1
2024-12-16,2024-12-16 12:36:00,636.0,636.0,635.96,635.96,-0.01,315.4,198213.03,-1
2024-12-16,2024-12-16 12:37:00,635.96,635.96,635.92,635.92,-0.01,315.4,198213.03,-1
2024-12-16,2024-12-16 12:38:00,635.92,635.92,635.88,635.88,-0.01,315.4,198213.03,-1
2024-12-16,2024-12-16 12:39:00,635.88,635.88,635.83,635.83,-0.01,315.4,198213.03,-1
2024-12-16,2024-12-16 12:40:00,635.83,635.83,635.79,635.79,-0.01,315.4,198213.03,-1
2024-12-16,2024-12-16 12:41:00,635.79,635.79,635.75,635.75,-0.01,315.4,198213.03,-1
2024-12-16,2024-12-16 12:42:00,635.75,635.75,635.71,635.71,-0.01,315.4,198213.03,-1
2024-12-16,2024-12-16 12:43:00,635.71,635.71,635.67,635.67,-0.01,315.4,198213.03,-1
2024-12-16,2024-12-16 12:44:00,635.67,635.67,635.62,635.62,-0.01,315.4,198213.03,-1
2024-12-16,2024-12-16 12:45:00,635.62,635.62,635.58,635.58,-0.01,315.4,198213.03,-1
2024-12-16,2024-12-16 12:46:00,635.58,635.58,635.54,635.54,-0.01,315.4,198213.03,-1
2024-12-16,2024-12-16 12:47:00,635.54,635.54,635.5,635.5,-0.01,315.4,198213.03,-1
2024-12-16,2024-12-16 12:48:00,635.5,635.5,635.46,635.46,-0.01,315.4,198213.03,-1
2024-12-16,2024-12-16 12:49:00,635.46,635.46,635.42,635.42,-0.01,315.4,198213.03,-1
2024-12-16,2024-12-16 12:50:00,635.42,635.42,635.38,635.38,-0.01,315.4,198213.03,-1
2024-12-16,2024-12-16 12:51:00,635.38,635.38,635.33,635.33,-0.01,315.4,198213.03,-1
2024-12-16,2024-12-16 12:52:00,635.33,635.33,635.29,635.29,-0.01,315.4,198213.03,-1
2024-12-16,2024-12-16 12:53:00,635.29,635.29,635.25,635.25,-0.01,315.4,198213.03,-1
2024-12-16,2024-12-16 12:54:00,635.25,635.25,635.21,635.21,-0.01,315.4,198213.03,-1
2024-12-16,2024-12-16 12:55:00,635.21,635.21,635.17,635.17,-0.01,315.4,198213.03,-1
2024-12-16,2024-12-16 12:56:00,635.17,635.17,635.12,635.12,-0.01,315.4,198213.03,-1
2024-12-16,2024-12-16 12:57:00,635.12,635.12,635.08,635.08,-0.01,315.4,198213.03,-1
2024-12-16,2024-12-16 12:58:00,635.08,635.08,635.04,635.04,-0.01,315.4,198213.03,-1
2024-12-16,2024-12-16 12:59:00,635.04,635.04,635.0,635.0,-0.01,315.4,198213.03,-1
2024-12-16,2024-12-16 13:00:00,635.0,640.0,620.0,634.96,-0.01,315.4,198213.03,-1
2024-12-16,2024-12-16 13:01:00,634.96,634.96,634.92,634.92,-0.01,315.4,198213.03,-1
2024-12-16,2024-12-16 13:02:00,634.92,634.92,634.88,634.88,-0.01,315.4,198213.03,-1
2024-12-16,2024-12-16 13:03:00,634.88,634.88,634.83,634.83,-0.01,315.4,198213.03,-1
2024-12-16,2024-12-16 13:04:00,634.83,634.83,634.79,634.79,-0.01,315.4,198213.03,-1
2024-12-16,2024-12-16 13:05:00,634.79,634.79,634.75,634.75,-0.01,315.4,198213.03,-1
2024-12-16,2024-12-16 13:06:00,634.75,634.75,634.71,634.71,-0.01,315.4,198213.03,-1
2024-12-16,2024-12-16 13:07:00,634.71,634.71,634.67,634.67,-0.01,315.4,198213.03,-1
2024-12-16,2024-12-16 13:08:00,634.67,634.67,634.62,634.62,-0.01,315.4,198213.03,-1
2024-12-16,2024-12-16 13:09:00,634.62,634.62,634.58,634.58,-0.01,315.4,198213.03,-1
2024-12-16,2024-12-16 13:10:00,634.58,634.58,634.54,634.54,-0.01,315.4,198213.03,-1
2024-12-16,2024-12-16 13:11:00,634.54,634.54,634.5,634.5,-0.01,315.4,198213.03,-1
2024-12-16,2024-12-16 13:12:00,634.5,634.5,634.46,634.46,-0.01,315.4,198213.03,-1
2024-12-16,2024-12-16 13:13:00,634.46,634.46,634.42,634.42,-0.01,315.4,198213.03,-1
2024-12-16,2024-12-16 13:14:00,634.42,634.42,634.38,634.38,-0.01,315.4,198213.03,-1
2024-12-16,2024-12-16 13:15:00,634.38,634.38,634.33,634.33,-0.01,315.4,198213.03,-1
2024-12-16,2024-12-16 13:16:00,634.33,634.33,634.29,634.29,-0.01,315.4,198213.03,-1
2024-12-16,2024-12-16 13:17:00,634.29,634.29,634.25,634.25,-0.01,315.4,198213.03,-1
2024-12-16,2024-12-16 13:18:00,634.25,634.25,634.21,634.21,-0.01,315.4,198213.03,-1
2024-12-16,2024-12-16 13:19:00,634.21,634.21,634.17,634.17,-0.01,315.4,198213.03,-1
2024-12-16,2024-12-16 13:20:00,634.17,634.17,634.12,634.12,-0.01,315.4,198213.03,-1
2024-12-16,2024-12-16 13:21:00,634.12,634.12,634.08,634.08,-0.01,315.4,198213.03,-1
2024-12-16,2024-12-16 13:22:00,634.08,634.08,634.04,634.04,-0.01,315.4,198213.03,-1
2024-12-16,2024-12-16 13:23:00,634.04,634.04,634.0,634.0,-0.01,315.4,198213.03,-1
2024-12-16,2024-12-16 13:24:00,634.0,634.0,633.96,633.96,-0.01,315.4,198213.03,-1
2024-12-16,2024-12-16 13:25:00,633.96,633.96,633.92,633.92,-0.01,315.4,198213.03,-1
2024-12-16,2024-12-16 13:26:00,633.92,633.92,633.88,633.88,-0.01,315.4,198213.03,-1
2024-12-16,2024-12-16 13:27:00,633.88,633.88,633.83,633.83,-0.01,315.4,198213.03,-1
2024-12-16,2024-12-16 13:28:00,633.83,633.83,633.79,633.79,-0.01,315.4,198213.03,-1
2024-12-16,2024-12-16 13:29:00,633.79,633.79,633.75,633.75,-0.01,315.4,198213.03,-1
2024-12-16,2024-12-16 13:30:00,633.75,633.75,633.71,633.71,-0.01,315.4,198213.03,-1
2024-12-16,2024-12-16 13:31:00,633.71,633.71,633.67,633.67,-0.01,315.4,198213.03,-1
2024-12-16,2024-12-16 13:32:00,633.67,633.67,633.62,633.62,-0.01,315.4,198213.03,-1
2024-12-16,2024-12-16 13:33:00,633.62,633.62,633.58,633.58,-0.01,315.4,198213.03,-1
2024-12-16,2024-12-16 13:34:00,633.58,633.58,633.54,633.54,-0.01,315.4,198213.03,-1
2024-12-16,2024-12-16 13:35:00,633.54,633.54,633.5,633.5,-0.01,315.4,198213.03,-1
2024-12-16,2024-12-16 13:36:00,633.5,633.5,633.46,633.46,-0.01,315.4,198213.03,-1
2024-12-16,2024-12-16 13:37:00,633.46,633.46,633.42,633.42,-0.01,315.4,198213.03,-1
2024-12-16,2024-12-16 13:38:00,633.42,633.42,633.38,633.38,-0.01,315.4,198213.03,-1
2024-12-16,2024-12-16 13:39:00,633.38,633.38,633.33,633.33,-0.01,315.4,198213.03,-1
2024-12-16,2024-12-16 13:40:00,633.33,633.33,633.29,633.29,-0.01,315.4,198213.03,-1
2024-12-16,2024-12-16 13:41:00,633.29,633.29,633.25,633.25,-0.01,315.4,198213.03,-1
2024-12-16,2024-12-16 13:42:00,633.25,633.25,633.21,633.21,-0.01,315.4,198213.03,-1
2024-12-16,2024-12-16 13:43:00,633.21,633.21,633.17,633.17,-0.01,315.4,198213.03,-1
2024-12-16,2024-12-16 13:44:00,633.17,633.17,633.12,633.12,-0.01,315.4,198213.03,-1
2024-12-16,2024-12-16 13:45:00,633.12,633.12,633.08,633.08,-0.01,315.4,198213.03,-1
2024-12-16,2024-12-16 13:46:00,633.08,633.08,633.04,633.04,-0.01,315.4,198213.03,-1
2024-12-16,2024-12-16 13:47:00,633.04,633.04,633.0,633.0,-0.01,315.4,198213.03,-1
2024-12-16,2024-12-16 13:48:00,633.0,633.0,632.96,632.96,-0.01,315.4,198213.03,-1
2024-12-16,2024-12-16 13:49:00,632.96,632.96,632.92,632.92,-0.01,315.4,198213.03,-1
2024-12-16,2024-12-16 13:50:00,632.92,632.92,632.88,632.88,-0.01,315.4,198213.03,-1
2024-12-16,2024-12-16 13:51:00,632.88,632.88,632.83,632.83,-0.01,315.4,198213.03,-1
2024-12-16,2024-12-16 13:52:00,632.83,632.83,632.79,632.79,-0.01,315.4,198213.03,-1
2024-12-16,2024-12-16 13:53:00,632.79,632.79,632.75,632.75,-0.01,315.4,198213.03,-1
2024-12-16,2024-12-16 13:54:00,632.75,632.75,632.71,632.71,-0.01,315.4,198213.03,-1
2024-12-16,2024-12-16 13:55:00,632.71,632.71,632.67,632.67,-0.01,315.4,198213.03,-1
2024-12-16,2024-12-16 13:56:00,632.67,632.67,632.62,632.62,-0.01,315.4,198213.03,-1
2024-12-16,2024-12-16 13:57:00,632.62,632.62,632.58,632.58,-0.01,315.4,198213.03,-1
2024-12-16,2024-12-16 13:58:00,632.58,632.58,632.54,632.54,-0.01,315.4,198213.03,-1
2024-12-16,2024-12-16 13:59:00,632.54,632.54,632.5,632.5,-0.01,315.4,198213.03,-1
2024-12-16,2024-12-16 14:00:00,632.5,632.5,632.46,632.46,-0.01,315.4,198213.03,-1
2024-12-16,2024-12-16 14:01:00,632.46,632.46,632.42,632.42,-0.01,315.4,198213.03,-1
2024-12-16,2024-12-16 14:02:00,632.42,632.42,632.38,632.38,-0.01,315.4,198213.03,-1
2024-12-16,2024-12-16 14:03:00,632.38,632.38,632.33,632.33,-0.01,315.4,198213.03,-1
2024-12-16,2024-12-16 14:04:00,632.33,632.33,632.29,632.29,-0.01,315.4,198213.03,-1
2024-12-16,2024-12-16 14:05:00,632.29,632.29,632.25,632.25,-0.01,315.4,198213.03,-1
2024-12-16,2024-12-16 14:06:00,632.25,632.25,632.21,632.21,-0.01,315.4,198213.03,-1
2024-12-16,2024-12-16 14:07:00,632.21,632.21,632.17,632.17,-0.01,315.4,198213.03,-1
2024-12-16,2024-12-16 14:08:00,632.17,632.17,632.12,632.12,-0.01,315.4,198213.03,-1
2024-12-16,2024-12-16 14:09:00,632.12,632.12,632.08,632.08,-0.01,315.4,198213.03,-1
2024-12-16,2024-12-16 14:10:00,632.08,632.08,632.04,632.04,-0.01,315.4,198213.03,-1
2024-12-16,2024-12-16 14:11:00,632.04,632.04,632.0,632.0,-0.01,315.4,198213.03,-1
2024-12-16,2024-12-16 14:12:00,632.0,632.0,631.96,631.96,-0.01,315.4,198213.03,-1
2024-12-16,2024-12-16 14:13:00,631.96,631.96,631.92,631.92,-0.01,315.4,198213.03,-1
2024-12-16,2024-12-16 14:14:00,631.92,631.92,631.88,631.88,-0.01,315.4,198213.03,-1
2024-12-16,2024-12-16 14:15:00,631.88,631.88,631.83,631.83,-0.01,315.4,198213.03,-1
2024-12-16,2024-12-16 14:16:00,631.83,631.83,631.79,631.79,-0.01,315.4,198213.03,-1
2024-12-16,2024-12-16 14:17:00,631.79,631.79,631.75,631.75,-0.01,315.4,198213.03,-1
2024-12-16,2024-12-16 14:18:00,631.75,631.75,631.71,631.71,-0.01,315.4,198213.03,-1
2024-12-16,2024-12-16 14:19:00,631.71,631.71,631.67,631.67,-0.01,315.4,198213.03,-1
2024-12-16,2024-12-16 14:20:00,631.67,631.67,631.62,631.62,-0.01,315.4,198213.03,-1
2024-12-16,2024-12-16 14:21:00,631.62,631.62,631.58,631.58,-0.01,315.4,198213.03,-1
2024-12-16,2024-12-16 14:22:00,631.58,631.58,631.54,631.54,-0.01,315.4,198213.03,-1
2024-12-16,2024-12-16 14:23:00,631.54,631.54,631.5,631.5,-0.01,315.4,198213.03,-1
2024-12-16,2024-12-16 14:24:00,631.5,631.5,631.46,631.46,-0.01,315.4,198213.03,-1
2024-12-16,2024-12-16 14:25:00,631.46,631.46,631.42,631.42,-0.01,315.4,198213.03,-1
2024-12-16,2024-12-16 14:26:00,631.42,631.42,631.38,631.38,-0.01,315.4,198213.03,-1
2024-12-16,2024-12-16 14:27:00,631.38,631.38,631.33,631.33,-0.01,315.4,198213.03,-1
2024-12-16,2024-12-16 14:28:00,631.33,631.33,631.29,631.29,-0.01,315.4,198213.03,-1
2024-12-16,2024-12-16 14:29:00,631.29,631.29,631.25,631.25,-0.01,315.4,198213.03,-1
2024-12-16,2024-12-16 14:30:00,631.25,631.25,631.21,631.21,-0.01,315.4,198213.03,-1
2024-12-16,2024-12-16 14:31:00,631.21,631.21,631.17,631.17,-0.01,315.4,198213.03,-1
2024-12-16,2024-12-16 14:32:00,631.17,631.17,631.12,631.12,-0.01,315.4,198213.03,-1
2024-12-16,2024-12-16 14:33:00,631.12,631.12,631.08,631.08,-0.01,315.4,198213.03,-1
2024-12-16,2024-12-16 14:34:00,631.08,631.08,631.04,631.04,-0.01,315.4,198213.03,-1
2024-12-16,2024-12-16 14:35:00,631.04,631.04,631.0,631.0,-0.01,315.4,198213.03,-1
2024-12-16,2024-12-16 14:36:00,631.0,631.0,630.96,630.96,-0.01,315.4,198213.03,-1
2024-12-16,2024-12-16 14:37:00,630.96,630.96,630.92,630.92,-0.01,315.4,198213.03,-1
2024-12-16,2024-12-16 14:38:00,630.92,630.92,630.88,630.88,-0.01,315.4,198213.03,-1
2024-12-16,2024-12-16 14:39:00,630.88,630.88,630.83,630.83,-0.01,315.4,198213.03,-1
2024-12-16,2024-12-16 14:40:00,630.83,630.83,630.79,630.79,-0.01,315.4,198213.03,-1
2024-12-16,2024-12-16 14:41:00,630.79,630.79,630.75,630.75,-0.01,315.4,198213.03,-1
2024-12-16,2024-12-16 14:42:00,630.75,630.75,630.71,630.71,-0.01,315.4,198213.03,-1
2024-12-16,2024-12-16 14:43:00,630.71,630.71,630.67,630.67,-0.01,315.4,198213.03,-1
2024-12-16,2024-12-16 14:44:00,630.67,630.67,630.62,630.62,-0.01,315.4,198213.03,-1
2024-12-16,2024-12-16 14:45:00,630.62,630.62,630.58,630.58,-0.01,315.4,198213.03,-1
2024-12-16,2024-12-16 14:46:00,630.58,630.58,630.54,630.54,-0.01,315.4,198213.03,-1
2024-12-16,2024-12-16 14:47:00,630.54,630.54,630.5,630.5,-0.01,315.4,198213.03,-1
2024-12-16,2024-12-16 14:48:00,630.5,630.5,630.46,630.46,-0.01,315.4,198213.03,-1
2024-12-16,2024-12-16 14:49:00,630.46,630.46,630.42,630.42,-0.01,315.4,198213.03,-1
2024-12-16,2024-12-16 14:50:00,630.42,630.42,630.38,630.38,-0.01,315.4,198213.03,-1
2024-12-16,2024-12-16 14:51:00,630.38,630.38,630.33,630.33,-0.01,315.4,198213.03,-1
2024-12-16,2024-12-16 14:52:00,630.33,630.33,630.29,630.29,-0.01,315.4,198213.03,-1
2024-12-16,2024-12-16 14:53:00,630.29,630.29,630.25,630.25,-0.01,315.4,198213.03,-1
2024-12-16,2024-12-16 14:54:00,630.25,630.25,630.21,630.21,-0.01,315.4,198213.03,-1
2024-12-16,2024-12-16 14:55:00,630.21,630.21,630.17,630.17,-0.01,315.4,198213.03,-1
2024-12-16,2024-12-16 14:56:00,630.17,630.17,630.12,630.12,-0.01,315.4,198213.03,-1
2024-12-16,2024-12-16 14:57:00,630.12,630.12,630.08,630.08,-0.01,315.4,198213.03,-1
2024-12-16,2024-12-16 14:58:00,630.08,630.08,630.04,630.04,-0.01,315.4,198213.03,-1
2024-12-16,2024-12-16 14:59:00,630.04,630.04,630.0,630.0,-0.01,315.4,198213.03,-1
2024-12-16,2024-12-16 15:00:00,630.0,640.0,620.0,630.0,0.0,315.4,198213.03,0
2024-12-17,2024-12-17 11:00:00,641.0,641.0,633.53,640.98,-0.0,153.36,96190.94,-1
2024-12-17,2024-12-17 11:01:00,640.98,640.98,640.95,640.95,-0.0,153.36,96190.94,-1
2024-12-17,2024-12-17 11:02:00,640.95,640.95,640.92,640.92,-0.0,153.36,96190.94,-1
2024-12-17,2024-12-17 11:03:00,640.92,640.92,640.9,640.9,-0.0,153.36,96190.94,-1
2024-12-17,2024-12-17 11:04:00,640.9,640.9,640.88,640.88,-0.0,153.36,96190.94,-1
2024-12-17,2024-12-17 11:05:00,640.88,640.88,640.85,640.85,-0.0,153.36,96190.94,-1
2024-12-17,2024-12-17 11:06:00,640.85,640.85,640.83,640.83,-0.0,153.36,96190.94,-1
2024-12-17,2024-12-17 11:07:00,640.83,640.83,640.8,640.8,-0.0,153.36,96190.94,-1
2024-12-17,2024-12-17 11:08:00,640.8,640.8,640.77,640.77,-0.0,153.36,96190.94,-1
2024-12-17,2024-12-17 11:09:00,640.77,640.77,640.75,640.75,-0.0,153.36,96190.94,-1
2024-12-17,2024-12-17 11:10:00,640.75,640.75,640.73,640.73,-0.0,153.36,96190.94,-1
2024-12-17,2024-12-17 11:11:00,640.73,640.73,640.7,640.7,-0.0,153.36,96190.94,-1
2024-12-17,2024-12-17 11:12:00,640.7,640.7,640.67,640.67,-0.0,153.36,96190.94,-1
2024-12-17,2024-12-17 11:13:00,640.67,640.67,640.65,640.65,-0.0,153.36,96190.94,-1
2024-12-17,2024-12-17 11:14:00,640.65,640.65,640.62,640.62,-0.0,153.36,96190.94,-1
2024-12-17,2024-12-17 11:15:00,640.62,640.62,640.6,640.6,-0.0,153.36,96190.94,-1
2024-12-17,2024-12-17 11:16:00,640.6,640.6,640.58,640.58,-0.0,153.36,96190.94,-1
2024-12-17,2024-12-17 11:17:00,640.58,640.58,640.55,640.55,-0.0,153.36,96190.94,-1
2024-12-17,2024-12-17 11:18:00,640.55,640.55,640.52,640.52,-0.0,153.36,96190.94,-1
2024-12-17,2024-12-17 11:19:00,640.52,640.52,640.5,640.5,-0.0,153.36,96190.94,-1
2024-12-17,2024-12-17 11:20:00,640.5,640.5,640.48,640.48,-0.0,153.36,96190.94,-1
2024-12-17,2024-12-17 11:21:00,640.48,640.48,640.45,640.45,-0.0,153.36,96190.94,-1
2024-12-17,2024-12-17 11:22:00,640.45,640.45,640.42,640.42,-0.0,153.36,96190.94,-1
2024-12-17,2024-12-17 11:23:00,640.42,640.42,640.4,640.4,-0.0,153.36,96190.94,-1
2024-12-17,2024-12-17 11:24:00,640.4,640.4,640.38,640.38,-0.0,153.36,96190.94,-1
2024-12-17,2024-12-17 11:25:00,640.38,640.38,640.35,640.35,-0.0,153.36,96190.94,-1
2024-12-17,2024-12-17 11:26:00,640.35,640.35,640.33,640.33,-0.0,153.36,96190.94,-1
2024-12-17,2024-12-17 11:27:00,640.33,640.33,640.3,640.3,-0.0,153.36,96190.94,-1
2024-12-17,2024-12-17 11:28:00,640.3,640.3,640.27,640.27,-0.0,153.36,96190.94,-1
2024-12-17,2024-12-17 11:29:00,640.27,640.27,640.25,640.25,-0.0,153.36,96190.94,-1
2024-12-17,2024-12-17 11:30:00,640.25,640.25,640.23,640.23,-0.0,153.36,96190.94,-1
2024-12-17,2024-12-17 11:31:00,640.23,640.23,640.2,640.2,-0.0,153.36,96190.94,-1
2024-12-17,2024-12-17 11:32:00,640.2,640.2,640.17,640.17,-0.0,153.36,96190.94,-1
2024-12-17,2024-12-17 11:33:00,640.17,640.17,640.15,640.15,-0.0,153.36,96190.94,-1
2024-12-17,2024-12-17 11:34:00,640.15,640.15,640.12,640.12,-0.0,153.36,96190.94,-1
2024-12-17,2024-12-17 11:35:00,640.12,640.12,640.1,640.1,-0.0,153.36,96190.94,-1
2024-12-17,2024-12-17 11:36:00,640.1,640.1,640.08,640.08,-0.0,153.36,96190.94,-1
2024-12-17,2024-12-17 11:37:00,640.08,640.08,640.05,640.05,-0.0,153.36,96190.94,-1
2024-12-17,2024-12-17 11:38:00,640.05,640.05,640.02,640.02,-0.0,153.36,96190.94,-1
2024-12-17,2024-12-17 11:39:00,640.02,640.02,640.0,640.0,-0.0,153.36,96190.94,-1
2024-12-17,2024-12-17 11:40:00,640.0,640.0,639.98,639.98,-0.0,153.36,96190.94,-1
2024-12-17,2024-12-17 11:41:00,639.98,639.98,639.95,639.95,-0.0,153.36,96190.94,-1
2024-12-17,2024-12-17 11:42:00,639.95,639.95,639.92,639.92,-0.0,153.36,96190.94,-1
2024-12-17,2024-12-17 11:43:00,639.92,639.92,639.9,639.9,-0.0,153.36,96190.94,-1
2024-12-17,2024-12-17 11:44:00,639.9,639.9,639.88,639.88,-0.0,153.36,96190.94,-1
2024-12-17,2024-12-17 11:45:00,639.88,639.88,639.85,639.85,-0.0,153.36,96190.94,-1
2024-12-17,2024-12-17 11:46:00,639.85,639.85,639.83,639.83,-0.0,153.36,96190.94,-1
2024-12-17,2024-12-17 11:47:00,639.83,639.83,639.8,639.8,-0.0,153.36,96190.94,-1
2024-12-17,2024-12-17 11:48:00,639.8,639.8,639.77,639.77,-0.0,153.36,96190.94,-1
2024-12-17,2024-12-17 11:49:00,639.77,639.77,639.75,639.75,-0.0,153.36,96190.94,-1
2024-12-17,2024-12-17 11:50:00,639.75,639.75,639.73,639.73,-0.0,153.36,96190.94,-1
2024-12-17,2024-12-17 11:51:00,639.73,639.73,639.7,639.7,-0.0,153.36,96190.94,-1
2024-12-17,2024-12-17 11:52:00,639.7,639.7,639.67,639.67,-0.0,153.36,96190.94,-1
2024-12-17,2024-12-17 11:53:00,639.67,639.67,639.65,639.65,-0.0,153.36,96190.94,-1
2024-12-17,2024-12-17 11:54:00,639.65,639.65,639.62,639.62,-0.0,153.36,96190.94,-1
2024-12-17,2024-12-17 11:55:00,639.62,639.62,639.6,639.6,-0.0,153.36,96190.94,-1
2024-12-17,2024-12-17 11:56:00,639.6,639.6,639.58,639.58,-0.0,153.36,96190.94,-1
2024-12-17,2024-12-17 11:57:00,639.58,639.58,639.55,639.55,-0.0,153.36,96190.94,-1
2024-12-17,2024-12-17 11:58:00,639.55,639.55,639.52,639.52,-0.0,153.36,96190.94,-1
2024-12-17,2024-12-17 11:59:00,639.52,639.52,639.5,639.5,-0.0,153.36,96190.94,-1
2024-12-17,2024-12-17 12:00:00,639.5,639.5,639.48,639.48,-0.0,153.36,96190.94,-1
2024-12-17,2024-12-17 12:01:00,639.48,639.48,639.45,639.45,-0.0,153.36,96190.94,-1
2024-12-17,2024-12-17 12:02:00,639.45,639.45,639.42,639.42,-0.0,153.36,96190.94,-1
2024-12-17,2024-12-17 12:03:00,639.42,639.42,639.4,639.4,-0.0,153.36,96190.94,-1
2024-12-17,2024-12-17 12:04:00,639.4,639.4,639.38,639.38,-0.0,153.36,96190.94,-1
2024-12-17,2024-12-17 12:05:00,639.38,639.38,639.35,639.35,-0.0,153.36,96190.94,-1
2024-12-17,2024-12-17 12:06:00,639.35,639.35,639.33,639.33,-0.0,153.36,96190.94,-1
2024-12-17,2024-12-17 12:07:00,639.33,639.33,639.3,639.3,-0.0,153.36,96190.94,-1
2024-12-17,2024-12-17 12:08:00,639.3,639.3,639.27,639.27,-0.0,153.36,96190.94,-1
2024-12-17,2024-12-17 12:09:00,639.27,639.27,639.25,639.25,-0.0,153.36,96190.94,-1
2024-12-17,2024-12-17 12:10:00,639.25,639.25,639.23,639.23,-0.0,153.36,96190.94,-1
2024-12-17,2024-12-17 12:11:00,639.23,639.23,639.2,639.2,-0.0,153.36,96190.94,-1
2024-12-17,2024-12-17 12:12:00,639.2,639.2,639.17,639.17,-0.0,153.36,96190.94,-1
2024-12-17,2024-12-17 12:13:00,639.17,639.17,639.15,639.15,-0.0,153.36,96190.94,-1
2024-12-17,2024-12-17 12:14:00,639.15,639.15,639.12,639.12,-0.0,153.36,96190.94,-1
2024-12-17,2024-12-17 12:15:00,639.12,639.12,639.1,639.1,-0.0,153.36,96190.94,-1
2024-12-17,2024-12-17 12:16:00,639.1,639.1,639.08,639.08,-0.0,153.36,96190.94,-1
2024-12-17,2024-12-17 12:17:00,639.08,639.08,639.05,639.05,-0.0,153.36,96190.94,-1
2024-12-17,2024-12-17 12:18:00,639.05,639.05,639.02,639.02,-0.0,153.36,96190.94,-1
2024-12-17,2024-12-17 12:19:00,639.02,639.02,639.0,639.0,-0.0,153.36,96190.94,-1
2024-12-17,2024-12-17 12:20:00,639.0,639.0,638.98,638.98,-0.0,153.36,96190.94,-1
2024-12-17,2024-12-17 12:21:00,638.98,638.98,638.95,638.95,-0.0,153.36,96190.94,-1
2024-12-17,2024-12-17 12:22:00,638.95,638.95,638.92,638.92,-0.0,153.36,96190.94,-1
2024-12-17,2024-12-17 12:23:00,638.92,638.92,638.9,638.9,-0.0,153.36,96190.94,-1
2024-12-17,2024-12-17 12:24:00,638.9,638.9,638.88,638.88,-0.0,153.36,96190.94,-1
2024-12-17,2024-12-17 12:25:00,638.88,638.88,638.85,638.85,-0.0,153.36,96190.94,-1
2024-12-17,2024-12-17 12:26:00,638.85,638.85,638.83,638.83,-0.0,153.36,96190.94,-1
2024-12-17,2024-12-17 12:27:00,638.83,638.83,638.8,638.8,-0.0,153.36,96190.94,-1
2024-12-17,2024-12-17 12:28:00,638.8,638.8,638.77,638.77,-0.0,153.36,96190.94,-1
2024-12-17,2024-12-17 12:29:00,638.77,638.77,638.75,638.75,-0.0,153.36,96190.94,-1
2024-12-17,2024-12-17 12:30:00,638.75,638.75,638.73,638.73,-0.0,153.36,96190.94,-1
2024-12-17,2024-12-17 12:31:00,638.73,638.73,638.7,638.7,-0.0,153.36,96190.94,-1
2024-12-17,2024-12-17 12:32:00,638.7,638.7,638.67,638.67,-0.0,153.36,96190.94,-1
2024-12-17,2024-12-17 12:33:00,638.67,638.67,638.65,638.65,-0.0,153.36,96190.94,-1
2024-12-17,2024-12-17 12:34:00,638.65,638.65,638.62,638.62,-0.0,153.36,96190.94,-1
2024-12-17,2024-12-17 12:35:00,638.62,638.62,638.6,638.6,-0.0,153.36,96190.94,-1
2024-12-17,2024-12-17 12:36:00,638.6,638.6,638.58,638.58,-0.0,153.36,96190.94,-1
2024-12-17,2024-12-17 12:37:00,638.58,638.58,638.55,638.55,-0.0,153.36,96190.94,-1
2024-12-17,2024-12-17 12:38:00,638.55,638.55,638.52,638.52,-0.0,153.36,96190.94,-1
2024-12-17,2024-12-17 12:39:00,638.52,638.52,638.5,638.5,-0.0,153.36,96190.94,-1
2024-12-17,2024-12-17 12:40:00,638.5,638.5,638.48,638.48,-0.0,153.36,96190.94,-1
2024-12-17,2024-12-17 12:41:00,638.48,638.48,638.45,638.45,-0.0,153.36,96190.94,-1
2024-12-17,2024-12-17 12:42:00,638.45,638.45,638.42,638.42,-0.0,153.36,96190.94,-1
2024-12-17,2024-12-17 12:43:00,638.42,638.42,638.4,638.4,-0.0,153.36,96190.94,-1
2024-12-17,2024-12-17 12:44:00,638.4,638.4,638.38,638.38,-0.0,153.36,96190.94,-1
2024-12-17,2024-12-17 12:45:00,638.38,638.38,638.35,638.35,-0.0,153.36,96190.94,-1
2024-12-17,2024-12-17 12:46:00,638.35,638.35,638.33,638.33,-0.0,153.36,96190.94,-1
2024-12-17,2024-12-17 12:47:00,638.33,638.33,638.3,638.3,-0.0,153.36,96190.94,-1
2024-12-17,2024-12-17 12:48:00,638.3,638.3,638.27,638.27,-0.0,153.36,96190.94,-1
2024-12-17,2024-12-17 12:49:00,638.27,638.27,638.25,638.25,-0.0,153.36,96190.94,-1
2024-12-17,2024-12-17 12:50:00,638.25,638.25,638.23,638.23,-0.0,153.36,96190.94,-1
2024-12-17,2024-12-17 12:51:00,638.23,638.23,638.2,638.2,-0.0,153.36,96190.94,-1
2024-12-17,2024-12-17 12:52:00,638.2,638.2,638.17,638.17,-0.0,153.36,96190.94,-1
2024-12-17,2024-12-17 12:53:00,638.17,638.17,638.15,638.15,-0.0,153.36,96190.94,-1
2024-12-17,2024-12-17 12:54:00,638.15,638.15,638.12,638.12,-0.0,153.36,96190.94,-1
2024-12-17,2024-12-17 12:55:00,638.12,638.12,638.1,638.1,-0.0,153.36,96190.94,-1
2024-12-17,2024-12-17 12:56:00,638.1,638.1,638.08,638.08,-0.0,153.36,96190.94,-1
2024-12-17,2024-12-17 12:57:00,638.08,638.08,638.05,638.05,-0.0,153.36,96190.94,-1
2024-12-17,2024-12-17 12:58:00,638.05,638.05,638.02,638.02,-0.0,153.36,96190.94,-1
2024-12-17,2024-12-17 12:59:00,638.02,638.02,638.0,638.0,-0.0,153.36,96190.94,-1
2024-12-17,2024-12-17 13:00:00,638.0,641.0,616.1,637.98,-0.0,153.36,96190.94,-1
2024-12-17,2024-12-17 13:01:00,637.98,637.98,637.95,637.95,-0.0,153.36,96190.94,-1
2024-12-17,2024-12-17 13:02:00,637.95,637.95,637.92,637.92,-0.0,153.36,96190.94,-1
2024-12-17,2024-12-17 13:03:00,637.92,637.92,637.9,637.9,-0.0,153.36,96190.94,-1
2024-12-17,2024-12-17 13:04:00,637.9,637.9,637.88,637.88,-0.0,153.36,96190.94,-1
2024-12-17,2024-12-17 13:05:00,637.88,637.88,637.85,637.85,-0.0,153.36,96190.94,-1
2024-12-17,2024-12-17 13:06:00,637.85,637.85,637.83,637.83,-0.0,153.36,96190.94,-1
2024-12-17,2024-12-17 13:07:00,637.83,637.83,637.8,637.8,-0.0,153.36,96190.94,-1
2024-12-17,2024-12-17 13:08:00,637.8,637.8,637.77,637.77,-0.0,153.36,96190.94,-1
2024-12-17,2024-12-17 13:09:00,637.77,637.77,637.75,637.75,-0.0,153.36,96190.94,-1
2024-12-17,2024-12-17 13:10:00,637.75,637.75,637.73,637.73,-0.0,153.36,96190.94,-1
2024-12-17,2024-12-17 13:11:00,637.73,637.73,637.7,637.7,-0.0,153.36,96190.94,-1
2024-12-17,2024-12-17 13:12:00,637.7,637.7,637.67,637.67,-0.0,153.36,96190.94,-1
2024-12-17,2024-12-17 13:13:00,637.67,637.67,637.65,637.65,-0.0,153.36,96190.94,-1
2024-12-17,2024-12-17 13:14:00,637.65,637.65,637.62,637.62,-0.0,153.36,96190.94,-1
2024-12-17,2024-12-17 13:15:00,637.62,637.62,637.6,637.6,-0.0,153.36,96190.94,-1
2024-12-17,2024-12-17 13:16:00,637.6,637.6,637.58,637.58,-0.0,153.36,96190.94,-1
2024-12-17,2024-12-17 13:17:00,637.58,637.58,637.55,637.55,-0.0,153.36,96190.94,-1
2024-12-17,2024-12-17 13:18:00,637.55,637.55,637.52,637.52,-0.0,153.36,96190.94,-1
2024-12-17,2024-12-17 13:19:00,637.52,637.52,637.5,637.5,-0.0,153.36,96190.94,-1
2024-12-17,2024-12-17 13:20:00,637.5,637.5,637.48,637.48,-0.0,153.36,96190.94,-1
2024-12-17,2024-12-17 13:21:00,637.48,637.48,637.45,637.45,-0.0,153.36,96190.94,-1
2024-12-17,2024-12-17 13:22:00,637.45,637.45,637.42,637.42,-0.0,153.36,96190.94,-1
2024-12-17,2024-12-17 13:23:00,637.42,637.42,637.4,637.4,-0.0,153.36,96190.94,-1
2024-12-17,2024-12-17 13:24:00,637.4,637.4,637.38,637.38,-0.0,153.36,96190.94,-1
2024-12-17,2024-12-17 13:25:00,637.38,637.38,637.35,637.35,-0.0,153.36,96190.94,-1
2024-12-17,2024-12-17 13:26:00,637.35,637.35,637.33,637.33,-0.0,153.36,96190.94,-1
2024-12-17,2024-12-17 13:27:00,637.33,637.33,637.3,637.3,-0.0,153.36,96190.94,-1
2024-12-17,2024-12-17 13:28:00,637.3,637.3,637.27,637.27,-0.0,153.36,96190.94,-1
2024-12-17,2024-12-17 13:29:00,637.27,637.27,637.25,637.25,-0.0,153.36,96190.94,-1
2024-12-17,2024-12-17 13:30:00,637.25,637.25,637.23,637.23,-0.0,153.36,96190.94,-1
2024-12-17,2024-12-17 13:31:00,637.23,637.23,637.2,637.2,-0.0,153.36,96190.94,-1
2024-12-17,2024-12-17 13:32:00,637.2,637.2,637.17,637.17,-0.0,153.36,96190.94,-1
2024-12-17,2024-12-17 13:33:00,637.17,637.17,637.15,637.15,-0.0,153.36,96190.94,-1
2024-12-17,2024-12-17 13:34:00,637.15,637.15,637.12,637.12,-0.0,153.36,96190.94,-1
2024-12-17,2024-12-17 13:35:00,637.12,637.12,637.1,637.1,-0.0,153.36,96190.94,-1
2024-12-17,2024-12-17 13:36:00,637.1,637.1,637.08,637.08,-0.0,153.36,96190.94,-1
2024-12-17,2024-12-17 13:37:00,637.08,637.08,637.05,637.05,-0.0,153.36,96190.94,-1
2024-12-17,2024-12-17 13:38:00,637.05,637.05,637.02,637.02,-0.0,153.36,96190.94,-1
2024-12-17,2024-12-17 13:39:00,637.02,637.02,637.0,637.0,-0.0,153.36,96190.94,-1
2024-12-17,2024-12-17 13:40:00,637.0,637.0,636.98,636.98,-0.0,153.36,96190.94,-1
2024-12-17,2024-12-17 13:41:00,636.98,636.98,636.95,636.95,-0.0,153.36,96190.94,-1
2024-12-17,2024-12-17 13:42:00,636.95,636.95,636.92,636.92,-0.0,153.36,96190.94,-1
2024-12-17,2024-12-17 13:43:00,636.92,636.92,636.9,636.9,-0.0,153.36,96190.94,-1
2024-12-17,2024-12-17 13:44:00,636.9,636.9,636.88,636.88,-0.0,153.36,96190.94,-1
2024-12-17,2024-12-17 13:45:00,636.88,636.88,636.85,636.85,-0.0,153.36,96190.94,-1
2024-12-17,2024-12-17 13:46:00,636.85,636.85,636.83,636.83,-0.0,153.36,96190.94,-1
2024-12-17,2024-12-17 13:47:00,636.83,636.83,636.8,636.8,-0.0,153.36,96190.94,-1
2024-12-17,2024-12-17 13:48:00,636.8,636.8,636.77,636.77,-0.0,153.36,96190.94,-1
2024-12-17,2024-12-17 13:49:00,636.77,636.77,636.75,636.75,-0.0,153.36,96190.94,-1
2024-12-17,2024-12-17 13:50:00,636.75,636.75,636.73,636.73,-0.0,153.36,96190.94,-1
2024-12-17,2024-12-17 13:51:00,636.73,636.73,636.7,636.7,-0.0,153.36,96190.94,-1
2024-12-17,2024-12-17 13:52:00,636.7,636.7,636.67,636.67,-0.0,153.36,96190.94,-1
2024-12-17,2024-12-17 13:53:00,636.67,636.67,636.65,636.65,-0.0,153.36,96190.94,-1
2024-12-17,2024-12-17 13:54:00,636.65,636.65,636.62,636.62,-0.0,153.36,96190.94,-1
2024-12-17,2024-12-17 13:55:00,636.62,636.62,636.6,636.6,-0.0,153.36,96190.94,-1
2024-12-17,2024-12-17 13:56:00,636.6,636.6,636.58,636.58,-0.0,153.36,96190.94,-1
2024-12-17,2024-12-17 13:57:00,636.58,636.58,636.55,636.55,-0.0,153.36,96190.94,-1
2024-12-17,2024-12-17 13:58:00,636.55,636.55,636.52,636.52,-0.0,153.36,96190.94,-1
2024-12-17,2024-12-17 13:59:00,636.52,636.52,636.5,636.5,-0.0,153.36,96190.94,-1
2024-12-17,2024-12-17 14:00:00,636.5,636.5,636.48,636.48,-0.0,153.36,96190.94,-1
2024-12-17,2024-12-17 14:01:00,636.48,636.48,636.45,636.45,-0.0,153.36,96190.94,-1
2024-12-17,2024-12-17 14:02:00,636.45,636.45,636.42,636.42,-0.0,153.36,96190.94,-1
2024-12-17,2024-12-17 14:03:00,636.42,636.42,636.4,636.4,-0.0,153.36,96190.94,-1
2024-12-17,2024-12-17 14:04:00,636.4,636.4,636.38,636.38,-0.0,153.36,96190.94,-1
2024-12-17,2024-12-17 14:05:00,636.38,636.38,636.35,636.35,-0.0,153.36,96190.94,-1
2024-12-17,2024-12-17 14:06:00,636.35,636.35,636.33,636.33,-0.0,153.36,96190.94,-1
2024-12-17,2024-12-17 14:07:00,636.33,636.33,636.3,636.3,-0.0,153.36,96190.94,-1
2024-12-17,2024-12-17 14:08:00,636.3,636.3,636.27,636.27,-0.0,153.36,96190.94,-1
2024-12-17,2024-12-17 14:09:00,636.27,636.27,636.25,636.25,-0.0,153.36,96190.94,-1
2024-12-17,2024-12-17 14:10:00,636.25,636.25,636.23,636.23,-0.0,153.36,96190.94,-1
2024-12-17,2024-12-17 14:11:00,636.23,636.23,636.2,636.2,-0.0,153.36,96190.94,-1
2024-12-17,2024-12-17 14:12:00,636.2,636.2,636.17,636.17,-0.0,153.36,96190.94,-1
2024-12-17,2024-12-17 14:13:00,636.17,636.17,636.15,636.15,-0.0,153.36,96190.94,-1
2024-12-17,2024-12-17 14:14:00,636.15,636.15,636.12,636.12,-0.0,153.36,96190.94,-1
2024-12-17,2024-12-17 14:15:00,636.12,636.12,636.1,636.1,-0.0,153.36,96190.94,-1
2024-12-17,2024-12-17 14:16:00,636.1,636.1,636.08,636.08,-0.0,153.36,96190.94,-1
2024-12-17,2024-12-17 14:17:00,636.08,636.08,636.05,636.05,-0.0,153.36,96190.94,-1
2024-12-17,2024-12-17 14:18:00,636.05,636.05,636.02,636.02,-0.0,153.36,96190.94,-1
2024-12-17,2024-12-17 14:19:00,636.02,636.02,636.0,636.0,-0.0,153.36,96190.94,-1
2024-12-17,2024-12-17 14:20:00,636.0,636.0,635.98,635.98,-0.0,153.36,96190.94,-1
2024-12-17,2024-12-17 14:21:00,635.98,635.98,635.95,635.95,-0.0,153.36,96190.94,-1
2024-12-17,2024-12-17 14:22:00,635.95,635.95,635.92,635.92,-0.0,153.36,96190.94,-1
2024-12-17,2024-12-17 14:23:00,635.92,635.92,635.9,635.9,-0.0,153.36,96190.94,-1
2024-12-17,2024-12-17 14:24:00,635.9,635.9,635.88,635.88,-0.0,153.36,96190.94,-1
2024-12-17,2024-12-17 14:25:00,635.88,635.88,635.85,635.85,-0.0,153.36,96190.94,-1
2024-12-17,2024-12-17 14:26:00,635.85,635.85,635.83,635.83,-0.0,153.36,96190.94,-1
2024-12-17,2024-12-17 14:27:00,635.83,635.83,635.8,635.8,-0.0,153.36,96190.94,-1
2024-12-17,2024-12-17 14:28:00,635.8,635.8,635.77,635.77,-0.0,153.36,96190.94,-1
2024-12-17,2024-12-17 14:29:00,635.77,635.77,635.75,635.75,-0.0,153.36,96190.94,-1
2024-12-17,2024-12-17 14:30:00,635.75,635.75,635.73,635.73,-0.0,153.36,96190.94,-1
2024-12-17,2024-12-17 14:31:00,635.73,635.73,635.7,635.7,-0.0,153.36,96190.94,-1
2024-12-17,2024-12-17 14:32:00,635.7,635.7,635.67,635.67,-0.0,153.36,96190.94,-1
2024-12-17,2024-12-17 14:33:00,635.67,635.67,635.65,635.65,-0.0,153.36,96190.94,-1
2024-12-17,2024-12-17 14:34:00,635.65,635.65,635.62,635.62,-0.0,153.36,96190.94,-1
2024-12-17,2024-12-17 14:35:00,635.62,635.62,635.6,635.6,-0.0,153.36,96190.94,-1
2024-12-17,2024-12-17 14:36:00,635.6,635.6,635.58,635.58,-0.0,153.36,96190.94,-1
2024-12-17,2024-12-17 14:37:00,635.58,635.58,635.55,635.55,-0.0,153.36,96190.94,-1
2024-12-17,2024-12-17 14:38:00,635.55,635.55,635.52,635.52,-0.0,153.36,96190.94,-1
2024-12-17,2024-12-17 14:39:00,635.52,635.52,635.5,635.5,-0.0,153.36,96190.94,-1
2024-12-17,2024-12-17 14:40:00,635.5,635.5,635.48,635.48,-0.0,153.36,96190.94,-1
2024-12-17,2024-12-17 14:41:00,635.48,635.48,635.45,635.45,-0.0,153.36,96190.94,-1
2024-12-17,2024-12-17 14:42:00,635.45,635.45,635.42,635.42,-0.0,153.36,96190.94,-1
2024-12-17,2024-12-17 14:43:00,635.42,635.42,635.4,635.4,-0.0,153.36,96190.94,-1
2024-12-17,2024-12-17 14:44:00,635.4,635.4,635.38,635.38,-0.0,153.36,96190.94,-1
2024-12-17,2024-12-17 14:45:00,635.38,635.38,635.35,635.35,-0.0,153.36,96190.94,-1
2024-12-17,2024-12-17 14:46:00,635.35,635.35,635.33,635.33,-0.0,153.36,96190.94,-1
2024-12-17,2024-12-17 14:47:00,635.33,635.33,635.3,635.3,-0.0,153.36,96190.94,-1
2024-12-17,2024-12-17 14:48:00,635.3,635.3,635.27,635.27,-0.0,153.36,96190.94,-1
2024-12-17,2024-12-17 14:49:00,635.27,635.27,635.25,635.25,-0.0,153.36,96190.94,-1
2024-12-17,2024-12-17 14:50:00,635.25,635.25,635.23,635.23,-0.0,153.36,96190.94,-1
2024-12-17,2024-12-17 14:51:00,635.23,635.23,635.2,635.2,-0.0,153.36,96190.94,-1
2024-12-17,2024-12-17 14:52:00,635.2,635.2,635.17,635.17,-0.0,153.36,96190.94,-1
2024-12-17,2024-12-17 14:53:00,635.17,635.17,635.15,635.15,-0.0,153.36,96190.94,-1
2024-12-17,2024-12-17 14:54:00,635.15,635.15,635.12,635.12,-0.0,153.36,96190.94,-1
2024-12-17,2024-12-17 14:55:00,635.12,635.12,635.1,635.1,-0.0,153.36,96190.94,-1
2024-12-17,2024-12-17 14:56:00,635.1,635.1,635.08,635.08,-0.0,153.36,96190.94,-1
2024-12-17,2024-12-17 14:57:00,635.08,635.08,635.05,635.05,-0.0,153.36,96190.94,-1
2024-12-17,2024-12-17 14:58:00,635.05,635.05,635.02,635.02,-0.0,153.36,96190.94,-1
2024-12-17,2024-12-17 14:59:00,635.02,635.02,635.0,635.0,-0.0,153.36,96190.94,-1
2024-12-17,2024-12-17 15:00:00,635.0,641.0,616.1,635.0,0.0,153.36,96190.94,0
2024-12-18,2024-12-18 11:00:00,627.0,638.4,627.0,627.14,0.02,301.03,196551.78,1
2024-12-18,2024-12-18 11:01:00,627.14,627.27,627.14,627.27,0.02,301.03,196551.78,1
2024-12-18,2024-12-18 11:02:00,627.27,627.41,627.27,627.41,0.02,301.03,196551.78,1
2024-12-18,2024-12-18 11:03:00,627.41,627.55,627.41,627.55,0.02,301.03,196551.78,1
2024-12-18,2024-12-18 11:04:00,627.55,627.69,627.55,627.69,0.02,301.03,196551.78,1
2024-12-18,2024-12-18 11:05:00,627.69,627.83,627.69,627.83,0.02,301.03,196551.78,1
2024-12-18,2024-12-18 11:06:00,627.83,627.96,627.83,627.96,0.02,301.03,196551.78,1
2024-12-18,2024-12-18 11:07:00,627.96,628.1,627.96,628.1,0.02,301.03,196551.78,1
2024-12-18,2024-12-18 11:08:00,628.1,628.24,628.1,628.24,0.02,301.03,196551.78,1
2024-12-18,2024-12-18 11:09:00,628.24,628.38,628.24,628.38,0.02,301.03,196551.78,1
2024-12-18,2024-12-18 11:10:00,628.38,628.51,628.38,628.51,0.02,301.03,196551.78,1
2024-12-18,2024-12-18 11:11:00,628.51,628.65,628.51,628.65,0.02,301.03,196551.78,1
2024-12-18,2024-12-18 11:12:00,628.65,628.79,628.65,628.79,0.02,301.03,196551.78,1
2024-12-18,2024-12-18 11:13:00,628.79,628.92,628.79,628.92,0.02,301.03,196551.78,1
2024-12-18,2024-12-18 11:14:00,628.92,629.06,628.92,629.06,0.02,301.03,196551.78,1
2024-12-18,2024-12-18 11:15:00,629.06,629.2,629.06,629.2,0.02,301.03,196551.78,1
2024-12-18,2024-12-18 11:16:00,629.2,629.34,629.2,629.34,0.02,301.03,196551.78,1
2024-12-18,2024-12-18 11:17:00,629.34,629.48,629.34,629.48,0.02,301.03,196551.78,1
2024-12-18,2024-12-18 11:18:00,629.48,629.61,629.48,629.61,0.02,301.03,196551.78,1
2024-12-18,2024-12-18 11:19:00,629.61,629.75,629.61,629.75,0.02,301.03,196551.78,1
2024-12-18,2024-12-18 11:20:00,629.75,629.89,629.75,629.89,0.02,301.03,196551.78,1
2024-12-18,2024-12-18 11:21:00,629.89,630.02,629.89,630.02,0.02,301.03,196551.78,1
2024-12-18,2024-12-18 11:22:00,630.02,630.16,630.02,630.16,0.02,301.03,196551.78,1
2024-12-18,2024-12-18 11:23:00,630.16,630.3,630.16,630.3,0.02,301.03,196551.78,1
2024-12-18,2024-12-18 11:24:00,630.3,630.44,630.3,630.44,0.02,301.03,196551.78,1
2024-12-18,2024-12-18 11:25:00,630.44,630.58,630.44,630.58,0.02,301.03,196551.78,1
2024-12-18,2024-12-18 11:26:00,630.58,630.71,630.58,630.71,0.02,301.03,196551.78,1
2024-12-18,2024-12-18 11:27:00,630.71,630.85,630.71,630.85,0.02,301.03,196551.78,1
2024-12-18,2024-12-18 11:28:00,630.85,630.99,630.85,630.99,0.02,301.03,196551.78,1
2024-12-18,2024-12-18 11:29:00,630.99,631.12,630.99,631.12,0.02,301.03,196551.78,1
2024-12-18,2024-12-18 11:30:00,631.12,631.26,631.12,631.26,0.02,301.03,196551.78,1
2024-12-18,2024-12-18 11:31:00,631.26,631.4,631.26,631.4,0.02,301.03,196551.78,1
2024-12-18,2024-12-18 11:32:00,631.4,631.54,631.4,631.54,0.02,301.03,196551.78,1
2024-12-18,2024-12-18 11:33:00,631.54,631.67,631.54,631.67,0.02,301.03,196551.78,1
2024-12-18,2024-12-18 11:34:00,631.67,631.81,631.67,631.81,0.02,301.03,196551.78,1
2024-12-18,2024-12-18 11:35:00,631.81,631.95,631.81,631.95,0.02,301.03,196551.78,1
2024-12-18,2024-12-18 11:36:00,631.95,632.09,631.95,632.09,0.02,301.03,196551.78,1
2024-12-18,2024-12-18 11:37:00,632.09,632.23,632.09,632.23,0.02,301.03,196551.78,1
2024-12-18,2024-12-18 11:38:00,632.23,632.36,632.23,632.36,0.02,301.03,196551.78,1
2024-12-18,2024-12-18 11:39:00,632.36,632.5,632.36,632.5,0.02,301.03,196551.78,1
2024-12-18,2024-12-18 11:40:00,632.5,632.64,632.5,632.64,0.02,301.03,196551.78,1
2024-12-18,2024-12-18 11:41:00,632.64,632.77,632.64,632.77,0.02,301.03,196551.78,1
2024-12-18,2024-12-18 11:42:00,632.77,632.91,632.77,632.91,0.02,301.03,196551.78,1
2024-12-18,2024-12-18 11:43:00,632.91,633.05,632.91,633.05,0.02,301.03,196551.78,1
2024-12-18,2024-12-18 11:44:00,633.05,633.19,633.05,633.19,0.02,301.03,196551.78,1
2024-12-18,2024-12-18 11:45:00,633.19,633.33,633.19,633.33,0.02,301.03,196551.78,1
2024-12-18,2024-12-18 11:46:00,633.33,633.46,633.33,633.46,0.02,301.03,196551.78,1
2024-12-18,2024-12-18 11:47:00,633.46,633.6,633.46,633.6,0.02,301.03,196551.78,1
2024-12-18,2024-12-18 11:48:00,633.6,633.74,633.6,633.74,0.02,301.03,196551.78,1
2024-12-18,2024-12-18 11:49:00,633.74,633.88,633.74,633.88,0.02,301.03,196551.78,1
2024-12-18,2024-12-18 11:50:00,633.88,634.01,633.88,634.01,0.02,301.03,196551.78,1
2024-12-18,2024-12-18 11:51:00,634.01,634.15,634.01,634.15,0.02,301.03,196551.78,1
2024-12-18,2024-12-18 11:52:00,634.15,634.29,634.15,634.29,0.02,301.03,196551.78,1
2024-12-18,2024-12-18 11:53:00,634.29,634.42,634.29,634.42,0.02,301.03,196551.78,1
2024-12-18,2024-12-18 11:54:00,634.42,634.56,634.42,634.56,0.02,301.03,196551.78,1
2024-12-18,2024-12-18 11:55:00,634.56,634.7,634.56,634.7,0.02,301.03,196551.78,1
2024-12-18,2024-12-18 11:56:00,634.7,634.84,634.7,634.84,0.02,301.03,196551.78,1
2024-12-18,2024-12-18 11:57:00,634.84,634.98,634.84,634.98,0.02,301.03,196551.78,1
2024-12-18,2024-12-18 11:58:00,634.98,635.11,634.98,635.11,0.02,301.03,196551.78,1
2024-12-18,2024-12-18 11:59:00,635.11,635.25,635.11,635.25,0.02,301.03,196551.78,1
2024-12-18,2024-12-18 12:00:00,635.25,635.39,635.25,635.39,0.02,301.03,196551.78,1
2024-12-18,2024-12-18 12:01:00,635.39,635.52,635.39,635.52,0.02,301.03,196551.78,1
2024-12-18,2024-12-18 12:02:00,635.52,635.66,635.52,635.66,0.02,301.03,196551.78,1
2024-12-18,2024-12-18 12:03:00,635.66,635.8,635.66,635.8,0.02,301.03,196551.78,1
2024-12-18,2024-12-18 12:04:00,635.8,635.94,635.8,635.94,0.02,301.03,196551.78,1
2024-12-18,2024-12-18 12:05:00,635.94,636.08,635.94,636.08,0.02,301.03,196551.78,1
2024-12-18,2024-12-18 12:06:00,636.08,636.21,636.08,636.21,0.02,301.03,196551.78,1
2024-12-18,2024-12-18 12:07:00,636.21,636.35,636.21,636.35,0.02,301.03,196551.78,1
2024-12-18,2024-12-18 12:08:00,636.35,636.49,636.35,636.49,0.02,301.03,196551.78,1
2024-12-18,2024-12-18 12:09:00,636.49,636.62,636.49,636.62,0.02,301.03,196551.78,1
2024-12-18,2024-12-18 12:10:00,636.62,636.76,636.62,636.76,0.02,301.03,196551.78,1
2024-12-18,2024-12-18 12:11:00,636.76,636.9,636.76,636.9,0.02,301.03,196551.78,1
2024-12-18,2024-12-18 12:12:00,636.9,637.04,636.9,637.04,0.02,301.03,196551.78,1
2024-12-18,2024-12-18 12:13:00,637.04,637.17,637.04,637.17,0.02,301.03,196551.78,1
2024-12-18,2024-12-18 12:14:00,637.17,637.31,637.17,637.31,0.02,301.03,196551.78,1
2024-12-18,2024-12-18 12:15:00,637.31,637.45,637.31,637.45,0.02,301.03,196551.78,1
2024-12-18,2024-12-18 12:16:00,637.45,637.59,637.45,637.59,0.02,301.03,196551.78,1
2024-12-18,2024-12-18 12:17:00,637.59,637.73,637.59,637.73,0.02,301.03,196551.78,1
2024-12-18,2024-12-18 12:18:00,637.73,637.86,637.73,637.86,0.02,301.03,196551.78,1
2024-12-18,2024-12-18 12:19:00,637.86,638.0,637.86,638.0,0.02,301.03,196551.78,1
2024-12-18,2024-12-18 12:20:00,638.0,638.14,638.0,638.14,0.02,301.03,196551.78,1
2024-12-18,2024-12-18 12:21:00,638.14,638.27,638.14,638.27,0.02,301.03,196551.78,1
2024-12-18,2024-12-18 12:22:00,638.27,638.41,638.27,638.41,0.02,301.03,196551.78,1
2024-12-18,2024-12-18 12:23:00,638.41,638.55,638.41,638.55,0.02,301.03,196551.78,1
2024-12-18,2024-12-18 12:24:00,638.55,638.69,638.55,638.69,0.02,301.03,196551.78,1
2024-12-18,2024-12-18 12:25:00,638.69,638.83,638.69,638.83,0.02,301.03,196551.78,1
2024-12-18,2024-12-18 12:26:00,638.83,638.96,638.83,638.96,0.02,301.03,196551.78,1
2024-12-18,2024-12-18 12:27:00,638.96,639.1,638.96,639.1,0.02,301.03,196551.78,1
2024-12-18,2024-12-18 12:28:00,639.1,639.24,639.1,639.24,0.02,301.03,196551.78,1
2024-12-18,2024-12-18 12:29:00,639.24,639.38,639.24,639.38,0.02,301.03,196551.78,1
2024-12-18,2024-12-18 12:30:00,639.38,639.51,639.38,639.51,0.02,301.03,196551.78,1
2024-12-18,2024-12-18 12:31:00,639.51,639.65,639.51,639.65,0.02,301.03,196551.78,1
2024-12-18,2024-12-18 12:32:00,639.65,639.79,639.65,639.79,0.02,301.03,196551.78,1
2024-12-18,2024-12-18 12:33:00,639.79,639.92,639.79,639.92,0.02,301.03,196551.78,1
2024-12-18,2024-12-18 12:34:00,639.92,640.06,639.92,640.06,0.02,301.03,196551.78,1
2024-12-18,2024-12-18 12:35:00,640.06,640.2,640.06,640.2,0.02,301.03,196551.78,1
2024-12-18,2024-12-18 12:36:00,640.2,640.34,640.2,640.34,0.02,301.03,196551.78,1
2024-12-18,2024-12-18 12:37:00,640.34,640.48,640.34,640.48,0.02,301.03,196551.78,1
2024-12-18,2024-12-18 12:38:00,640.48,640.61,640.48,640.61,0.02,301.03,196551.78,1
2024-12-18,2024-12-18 12:39:00,640.61,640.75,640.61,640.75,0.02,301.03,196551.78,1
2024-12-18,2024-12-18 12:40:00,640.75,640.89,640.75,640.89,0.02,301.03,196551.78,1
2024-12-18,2024-12-18 12:41:00,640.89,641.02,640.89,641.02,0.02,301.03,196551.78,1
2024-12-18,2024-12-18 12:42:00,641.02,641.16,641.02,641.16,0.02,301.03,196551.78,1
2024-12-18,2024-12-18 12:43:00,641.16,641.3,641.16,641.3,0.02,301.03,196551.78,1
2024-12-18,2024-12-18 12:44:00,641.3,641.44,641.3,641.44,0.02,301.03,196551.78,1
2024-12-18,2024-12-18 12:45:00,641.44,641.58,641.44,641.58,0.02,301.03,196551.78,1
2024-12-18,2024-12-18 12:46:00,641.58,641.71,641.58,641.71,0.02,301.03,196551.78,1
2024-12-18,2024-12-18 12:47:00,641.71,641.85,641.71,641.85,0.02,301.03,196551.78,1
2024-12-18,2024-12-18 12:48:00,641.85,641.99,641.85,641.99,0.02,301.03,196551.78,1
2024-12-18,2024-12-18 12:49:00,641.99,642.12,641.99,642.12,0.02,301.03,196551.78,1
2024-12-18,2024-12-18 12:50:00,642.12,642.26,642.12,642.26,0.02,301.03,196551.78,1
2024-12-18,2024-12-18 12:51:00,642.26,642.4,642.26,642.4,0.02,301.03,196551.78,1
2024-12-18,2024-12-18 12:52:00,642.4,642.54,642.4,642.54,0.02,301.03,196551.78,1
2024-12-18,2024-12-18 12:53:00,642.54,642.67,642.54,642.67,0.02,301.03,196551.78,1
2024-12-18,2024-12-18 12:54:00,642.67,642.81,642.67,642.81,0.02,301.03,196551.78,1
2024-12-18,2024-12-18 12:55:00,642.81,642.95,642.81,642.95,0.02,301.03,196551.78,1
2024-12-18,2024-12-18 12:56:00,642.95,643.09,642.95,643.09,0.02,301.03,196551.78,1
2024-12-18,2024-12-18 12:57:00,643.09,643.23,643.09,643.23,0.02,301.03,196551.78,1
2024-12-18,2024-12-18 12:58:00,643.23,643.36,643.23,643.36,0.02,301.03,196551.78,1
2024-12-18,2024-12-18 12:59:00,643.36,643.5,643.36,643.5,0.02,301.03,196551.78,1
2024-12-18,2024-12-18 13:00:00,643.5,665.0,627.0,643.64,0.02,301.03,196551.78,1
2024-12-18,2024-12-18 13:01:00,643.64,643.77,643.64,643.77,0.02,301.03,196551.78,1
2024-12-18,2024-12-18 13:02:00,643.77,643.91,643.77,643.91,0.02,301.03,196551.78,1
2024-12-18,2024-12-18 13:03:00,643.91,644.05,643.91,644.05,0.02,301.03,196551.78,1
2024-12-18,2024-12-18 13:04:00,644.05,644.19,644.05,644.19,0.02,301.03,196551.78,1
2024-12-18,2024-12-18 13:05:00,644.19,644.33,644.19,644.33,0.02,301.03,196551.78,1
2024-12-18,2024-12-18 13:06:00,644.33,644.46,644.33,644.46,0.02,301.03,196551.78,1
2024-12-18,2024-12-18 13:07:00,644.46,644.6,644.46,644.6,0.02,301.03,196551.78,1
2024-12-18,2024-12-18 13:08:00,644.6,644.74,644.6,644.74,0.02,301.03,196551.78,1
2024-12-18,2024-12-18 13:09:00,644.74,644.88,644.74,644.88,0.02,301.03,196551.78,1
2024-12-18,2024-12-18 13:10:00,644.88,645.01,644.88,645.01,0.02,301.03,196551.78,1
2024-12-18,2024-12-18 13:11:00,645.01,645.15,645.01,645.15,0.02,301.03,196551.78,1
2024-12-18,2024-12-18 13:12:00,645.15,645.29,645.15,645.29,0.02,301.03,196551.78,1
2024-12-18,2024-12-18 13:13:00,645.29,645.42,645.29,645.42,0.02,301.03,196551.78,1
2024-12-18,2024-12-18 13:14:00,645.42,645.56,645.42,645.56,0.02,301.03,196551.78,1
2024-12-18,2024-12-18 13:15:00,645.56,645.7,645.56,645.7,0.02,301.03,196551.78,1
2024-12-18,2024-12-18 13:16:00,645.7,645.84,645.7,645.84,0.02,301.03,196551.78,1
2024-12-18,2024-12-18 13:17:00,645.84,645.98,645.84,645.98,0.02,301.03,196551.78,1
2024-12-18,2024-12-18 13:18:00,645.98,646.11,645.98,646.11,0.02,301.03,196551.78,1
2024-12-18,2024-12-18 13:19:00,646.11,646.25,646.11,646.25,0.02,301.03,196551.78,1
2024-12-18,2024-12-18 13:20:00,646.25,646.39,646.25,646.39,0.02,301.03,196551.78,1
2024-12-18,2024-12-18 13:21:00,646.39,646.52,646.39,646.52,0.02,301.03,196551.78,1
2024-12-18,2024-12-18 13:22:00,646.52,646.66,646.52,646.66,0.02,301.03,196551.78,1
2024-12-18,2024-12-18 13:23:00,646.66,646.8,646.66,646.8,0.02,301.03,196551.78,1
2024-12-18,2024-12-18 13:24:00,646.8,646.94,646.8,646.94,0.02,301.03,196551.78,1
2024-12-18,2024-12-18 13:25:00,646.94,647.08,646.94,647.08,0.02,301.03,196551.78,1
2024-12-18,2024-12-18 13:26:00,647.08,647.21,647.08,647.21,0.02,301.03,196551.78,1
2024-12-18,2024-12-18 13:27:00,647.21,647.35,647.21,647.35,0.02,301.03,196551.78,1
2024-12-18,2024-12-18 13:28:00,647.35,647.49,647.35,647.49,0.02,301.03,196551.78,1
2024-12-18,2024-12-18 13:29:00,647.49,647.62,647.49,647.62,0.02,301.03,196551.78,1
2024-12-18,2024-12-18 13:30:00,647.62,647.76,647.62,647.76,0.02,301.03,196551.78,1
2024-12-18,2024-12-18 13:31:00,647.76,647.9,647.76,647.9,0.02,301.03,196551.78,1
2024-12-18,2024-12-18 13:32:00,647.9,648.04,647.9,648.04,0.02,301.03,196551.78,1
2024-12-18,2024-12-18 13:33:00,648.04,648.17,648.04,648.17,0.02,301.03,196551.78,1
2024-12-18,2024-12-18 13:34:00,648.17,648.31,648.17,648.31,0.02,301.03,196551.78,1
2024-12-18,2024-12-18 13:35:00,648.31,648.45,648.31,648.45,0.02,301.03,196551.78,1
2024-12-18,2024-12-18 13:36:00,648.45,648.59,648.45,648.59,0.02,301.03,196551.78,1
2024-12-18,2024-12-18 13:37:00,648.59,648.73,648.59,648.73,0.02,301.03,196551.78,1
2024-12-18,2024-12-18 13:38:00,648.73,648.86,648.73,648.86,0.02,301.03,196551.78,1
2024-12-18,2024-12-18 13:39:00,648.86,649.0,648.86,649.0,0.02,301.03,196551.78,1
2024-12-18,2024-12-18 13:40:00,649.0,649.14,649.0,649.14,0.02,301.03,196551.78,1
2024-12-18,2024-12-18 13:41:00,649.14,649.27,649.14,649.27,0.02,301.03,196551.78,1
2024-12-18,2024-12-18 13:42:00,649.27,649.41,649.27,649.41,0.02,301.03,196551.78,1
2024-12-18,2024-12-18 13:43:00,649.41,649.55,649.41,649.55,0.02,301.03,196551.78,1
2024-12-18,2024-12-18 13:44:00,649.55,649.69,649.55,649.69,0.02,301.03,196551.78,1
2024-12-18,2024-12-18 13:45:00,649.69,649.83,649.69,649.83,0.02,301.03,196551.78,1
2024-12-18,2024-12-18 13:46:00,649.83,649.96,649.83,649.96,0.02,301.03,196551.78,1
2024-12-18,2024-12-18 13:47:00,649.96,650.1,649.96,650.1,0.02,301.03,196551.78,1
2024-12-18,2024-12-18 13:48:00,650.1,650.24,650.1,650.24,0.02,301.03,196551.78,1
2024-12-18,2024-12-18 13:49:00,650.24,650.38,650.24,650.38,0.02,301.03,196551.78,1
2024-12-18,2024-12-18 13:50:00,650.38,650.51,650.38,650.51,0.02,301.03,196551.78,1
2024-12-18,2024-12-18 13:51:00,650.51,650.65,650.51,650.65,0.02,301.03,196551.78,1
2024-12-18,2024-12-18 13:52:00,650.65,650.79,650.65,650.79,0.02,301.03,196551.78,1
2024-12-18,2024-12-18 13:53:00,650.79,650.92,650.79,650.92,0.02,301.03,196551.78,1
2024-12-18,2024-12-18 13:54:00,650.92,651.06,650.92,651.06,0.02,301.03,196551.78,1
2024-12-18,2024-12-18 13:55:00,651.06,651.2,651.06,651.2,0.02,301.03,196551.78,1
2024-12-18,2024-12-18 13:56:00,651.2,651.34,651.2,651.34,0.02,301.03,196551.78,1
2024-12-18,2024-12-18 13:57:00,651.34,651.48,651.34,651.48,0.02,301.03,196551.78,1
2024-12-18,2024-12-18 13:58:00,651.48,651.61,651.48,651.61,0.02,301.03,196551.78,1
2024-12-18,2024-12-18 13:59:00,651.61,651.75,651.61,651.75,0.02,301.03,196551.78,1
2024-12-18,2024-12-18 14:00:00,651.75,651.89,651.75,651.89,0.02,301.03,196551.78,1
2024-12-18,2024-12-18 14:01:00,651.89,652.02,651.89,652.02,0.02,301.03,196551.78,1
2024-12-18,2024-12-18 14:02:00,652.02,652.16,652.02,652.16,0.02,301.03,196551.78,1
2024-12-18,2024-12-18 14:03:00,652.16,652.3,652.16,652.3,0.02,301.03,196551.78,1
2024-12-18,2024-12-18 14:04:00,652.3,652.44,652.3,652.44,0.02,301.03,196551.78,1
2024-12-18,2024-12-18 14:05:00,652.44,652.58,652.44,652.58,0.02,301.03,196551.78,1
2024-12-18,2024-12-18 14:06:00,652.58,652.71,652.58,652.71,0.02,301.03,196551.78,1
2024-12-18,2024-12-18 14:07:00,652.71,652.85,652.71,652.85,0.02,301.03,196551.78,1
2024-12-18,2024-12-18 14:08:00,652.85,652.99,652.85,652.99,0.02,301.03,196551.78,1
2024-12-18,2024-12-18 14:09:00,652.99,653.12,652.99,653.12,0.02,301.03,196551.78,1
2024-12-18,2024-12-18 14:10:00,653.12,653.26,653.12,653.26,0.02,301.03,196551.78,1
2024-12-18,2024-12-18 14:11:00,653.26,653.4,653.26,653.4,0.02,301.03,196551.78,1
2024-12-18,2024-12-18 14:12:00,653.4,653.54,653.4,653.54,0.02,301.03,196551.78,1
2024-12-18,2024-12-18 14:13:00,653.54,653.67,653.54,653.67,0.02,301.03,196551.78,1
2024-12-18,2024-12-18 14:14:00,653.67,653.81,653.67,653.81,0.02,301.03,196551.78,1
2024-12-18,2024-12-18 14:15:00,653.81,653.95,653.81,653.95,0.02,301.03,196551.78,1
2024-12-18,2024-12-18 14:16:00,653.95,654.09,653.95,654.09,0.02,301.03,196551.78,1
2024-12-18,2024-12-18 14:17:00,654.09,654.23,654.09,654.23,0.02,301.03,196551.78,1
2024-12-18,2024-12-18 14:18:00,654.23,654.36,654.23,654.36,0.02,301.03,196551.78,1
2024-12-18,2024-12-18 14:19:00,654.36,654.5,654.36,654.5,0.02,301.03,196551.78,1
2024-12-18,2024-12-18 14:20:00,654.5,654.64,654.5,654.64,0.02,301.03,196551.78,1
2024-12-18,2024-12-18 14:21:00,654.64,654.77,654.64,654.77,0.02,301.03,196551.78,1
2024-12-18,2024-12-18 14:22:00,654.77,654.91,654.77,654.91,0.02,301.03,196551.78,1
2024-12-18,2024-12-18 14:23:00,654.91,655.05,654.91,655.05,0.02,301.03,196551.78,1
2024-12-18,2024-12-18 14:24:00,655.05,655.19,655.05,655.19,0.02,301.03,196551.78,1
2024-12-18,2024-12-18 14:25:00,655.19,655.33,655.19,655.33,0.02,301.03,196551.78,1
2024-12-18,2024-12-18 14:26:00,655.33,655.46,655.33,655.46,0.02,301.03,196551.78,1
2024-12-18,2024-12-18 14:27:00,655.46,655.6,655.46,655.6,0.02,301.03,196551.78,1
2024-12-18,2024-12-18 14:28:00,655.6,655.74,655.6,655.74,0.02,301.03,196551.78,1
2024-12-18,2024-12-18 14:29:00,655.74,655.88,655.74,655.88,0.02,301.03,196551.78,1
2024-12-18,2024-12-18 14:30:00,655.88,656.01,655.88,656.01,0.02,301.03,196551.78,1
2024-12-18,2024-12-18 14:31:00,656.01,656.15,656.01,656.15,0.02,301.03,196551.78,1
2024-12-18,2024-12-18 14:32:00,656.15,656.29,656.15,656.29,0.02,301.03,196551.78,1
2024-12-18,2024-12-18 14:33:00,656.29,656.42,656.29,656.42,0.02,301.03,196551.78,1
2024-12-18,2024-12-18 14:34:00,656.42,656.56,656.42,656.56,0.02,301.03,196551.78,1
2024-12-18,2024-12-18 14:35:00,656.56,656.7,656.56,656.7,0.02,301.03,196551.78,1
2024-12-18,2024-12-18 14:36:00,656.7,656.84,656.7,656.84,0.02,301.03,196551.78,1
2024-12-18,2024-12-18 14:37:00,656.84,656.98,656.84,656.98,0.02,301.03,196551.78,1
2024-12-18,2024-12-18 14:38:00,656.98,657.11,656.98,657.11,0.02,301.03,196551.78,1
2024-12-18,2024-12-18 14:39:00,657.11,657.25,657.11,657.25,0.02,301.03,196551.78,1
2024-12-18,2024-12-18 14:40:00,657.25,657.39,657.25,657.39,0.02,301.03,196551.78,1
2024-12-18,2024-12-18 14:41:00,657.39,657.52,657.39,657.52,0.02,301.03,196551.78,1
2024-12-18,2024-12-18 14:42:00,657.52,657.66,657.52,657.66,0.02,301.03,196551.78,1
2024-12-18,2024-12-18 14:43:00,657.66,657.8,657.66,657.8,0.02,301.03,196551.78,1
2024-12-18,2024-12-18 14:44:00,657.8,657.94,657.8,657.94,0.02,301.03,196551.78,1
2024-12-18,2024-12-18 14:45:00,657.94,658.08,657.94,658.08,0.02,301.03,196551.78,1
2024-12-18,2024-12-18 14:46:00,658.08,658.21,658.08,658.21,0.02,301.03,196551.78,1
2024-12-18,2024-12-18 14:47:00,658.21,658.35,658.21,658.35,0.02,301.03,196551.78,1
2024-12-18,2024-12-18 14:48:00,658.35,658.49,658.35,658.49,0.02,301.03,196551.78,1
2024-12-18,2024-12-18 14:49:00,658.49,658.62,658.49,658.62,0.02,301.03,196551.78,1
2024-12-18,2024-12-18 14:50:00,658.62,658.76,658.62,658.76,0.02,301.03,196551.78,1
2024-12-18,2024-12-18 14:51:00,658.76,658.9,658.76,658.9,0.02,301.03,196551.78,1
2024-12-18,2024-12-18 14:52:00,658.9,659.04,658.9,659.04,0.02,301.03,196551.78,1
2024-12-18,2024-12-18 14:53:00,659.04,659.17,659.04,659.17,0.02,301.03,196551.78,1
2024-12-18,2024-12-18 14:54:00,659.17,659.31,659.17,659.31,0.02,301.03,196551.78,1
2024-12-18,2024-12-18 14:55:00,659.31,659.45,659.31,659.45,0.02,301.03,196551.78,1
2024-12-18,2024-12-18 14:56:00,659.45,659.59,659.45,659.59,0.02,301.03,196551.78,1
2024-12-18,2024-12-18 14:57:00,659.59,659.73,659.59,659.73,0.02,301.03,196551.78,1
2024-12-18,2024-12-18 14:58:00,659.73,659.86,659.73,659.86,0.02,301.03,196551.78,1
2024-12-18,2024-12-18 14:59:00,659.86,660.0,659.86,660.0,0.02,301.03,196551.78,1
2024-12-18,2024-12-18 15:00:00,660.0,665.0,627.0,660.0,0.0,301.03,196551.78,0
2024-12-19,2024-12-19 11:00:00,649.0,662.38,649.0,649.19,0.03,325.34,215119.73,1
2024-12-19,2024-12-19 11:01:00,649.19,649.37,649.19,649.37,0.03,325.34,215119.73,1
2024-12-19,2024-12-19 11:02:00,649.37,649.56,649.37,649.56,0.03,325.34,215119.73,1
2024-12-19,2024-12-19 11:03:00,649.56,649.74,649.56,649.74,0.03,325.34,215119.73,1
2024-12-19,2024-12-19 11:04:00,649.74,649.93,649.74,649.93,0.03,325.34,215119.73,1
2024-12-19,2024-12-19 11:05:00,649.93,650.12,649.93,650.12,0.03,325.34,215119.73,1
2024-12-19,2024-12-19 11:06:00,650.12,650.3,650.12,650.3,0.03,325.34,215119.73,1
2024-12-19,2024-12-19 11:07:00,650.3,650.49,650.3,650.49,0.03,325.34,215119.73,1
2024-12-19,2024-12-19 11:08:00,650.49,650.67,650.49,650.67,0.03,325.34,215119.73,1
2024-12-19,2024-12-19 11:09:00,650.67,650.86,650.67,650.86,0.03,325.34,215119.73,1
2024-12-19,2024-12-19 11:10:00,650.86,651.04,650.86,651.04,0.03,325.34,215119.73,1
2024-12-19,2024-12-19 11:11:00,651.04,651.23,651.04,651.23,0.03,325.34,215119.73,1
2024-12-19,2024-12-19 11:12:00,651.23,651.42,651.23,651.42,0.03,325.34,215119.73,1
2024-12-19,2024-12-19 11:13:00,651.42,651.6,651.42,651.6,0.03,325.34,215119.73,1
2024-12-19,2024-12-19 11:14:00,651.6,651.79,651.6,651.79,0.03,325.34,215119.73,1
2024-12-19,2024-12-19 11:15:00,651.79,651.97,651.79,651.97,0.03,325.34,215119.73,1
2024-12-19,2024-12-19 11:16:00,651.97,652.16,651.97,652.16,0.03,325.34,215119.73,1
2024-12-19,2024-12-19 11:17:00,652.16,652.35,652.16,652.35,0.03,325.34,215119.73,1
2024-12-19,2024-12-19 11:18:00,652.35,652.53,652.35,652.53,0.03,325.34,215119.73,1
2024-12-19,2024-12-19 11:19:00,652.53,652.72,652.53,652.72,0.03,325.34,215119.73,1
2024-12-19,2024-12-19 11:20:00,652.72,652.9,652.72,652.9,0.03,325.34,215119.73,1
2024-12-19,2024-12-19 11:21:00,652.9,653.09,652.9,653.09,0.03,325.34,215119.73,1
2024-12-19,2024-12-19 11:22:00,653.09,653.27,653.09,653.27,0.03,325.34,215119.73,1
2024-12-19,2024-12-19 11:23:00,653.27,653.46,653.27,653.46,0.03,325.34,215119.73,1
2024-12-19,2024-12-19 11:24:00,653.46,653.65,653.46,653.65,0.03,325.34,215119.73,1
2024-12-19,2024-12-19 11:25:00,653.65,653.83,653.65,653.83,0.03,325.34,215119.73,1
2024-12-19,2024-12-19 11:26:00,653.83,654.02,653.83,654.02,0.03,325.34,215119.73,1
2024-12-19,2024-12-19 11:27:00,654.02,654.2,654.02,654.2,0.03,325.34,215119.73,1
2024-12-19,2024-12-19 11:28:00,654.2,654.39,654.2,654.39,0.03,325.34,215119.73,1
2024-12-19,2024-12-19 11:29:00,654.39,654.58,654.39,654.58,0.03,325.34,215119.73,1
2024-12-19,2024-12-19 11:30:00,654.58,654.76,654.58,654.76,0.03,325.34,215119.73,1
2024-12-19,2024-12-19 11:31:00,654.76,654.95,654.76,654.95,0.03,325.34,215119.73,1
2024-12-19,2024-12-19 11:32:00,654.95,655.13,654.95,655.13,0.03,325.34,215119.73,1
2024-12-19,2024-12-19 11:33:00,655.13,655.32,655.13,655.32,0.03,325.34,215119.73,1
2024-12-19,2024-12-19 11:34:00,655.32,655.5,655.32,655.5,0.03,325.34,215119.73,1
2024-12-19,2024-12-19 11:35:00,655.5,655.69,655.5,655.69,0.03,325.34,215119.73,1
2024-12-19,2024-12-19 11:36:00,655.69,655.88,655.69,655.88,0.03,325.34,215119.73,1
2024-12-19,2024-12-19 11:37:00,655.88,656.06,655.88,656.06,0.03,325.34,215119.73,1
2024-12-19,2024-12-19 11:38:00,656.06,656.25,656.06,656.25,0.03,325.34,215119.73,1
2024-12-19,2024-12-19 11:39:00,656.25,656.43,656.25,656.43,0.03,325.34,215119.73,1
2024-12-19,2024-12-19 11:40:00,656.43,656.62,656.43,656.62,0.03,325.34,215119.73,1
2024-12-19,2024-12-19 11:41:00,656.62,656.8,656.62,656.8,0.03,325.34,215119.73,1
2024-12-19,2024-12-19 11:42:00,656.8,656.99,656.8,656.99,0.03,325.34,215119.73,1
2024-12-19,2024-12-19 11:43:00,656.99,657.18,656.99,657.18,0.03,325.34,215119.73,1
2024-12-19,2024-12-19 11:44:00,657.18,657.36,657.18,657.36,0.03,325.34,215119.73,1
2024-12-19,2024-12-19 11:45:00,657.36,657.55,657.36,657.55,0.03,325.34,215119.73,1
2024-12-19,2024-12-19 11:46:00,657.55,657.73,657.55,657.73,0.03,325.34,215119.73,1
2024-12-19,2024-12-19 11:47:00,657.73,657.92,657.73,657.92,0.03,325.34,215119.73,1
2024-12-19,2024-12-19 11:48:00,657.92,658.11,657.92,658.11,0.03,325.34,215119.73,1
2024-12-19,2024-12-19 11:49:00,658.11,658.29,658.11,658.29,0.03,325.34,215119.73,1
2024-12-19,2024-12-19 11:50:00,658.29,658.48,658.29,658.48,0.03,325.34,215119.73,1
2024-12-19,2024-12-19 11:51:00,658.48,658.66,658.48,658.66,0.03,325.34,215119.73,1
2024-12-19,2024-12-19 11:52:00,658.66,658.85,658.66,658.85,0.03,325.34,215119.73,1
2024-12-19,2024-12-19 11:53:00,658.85,659.03,658.85,659.03,0.03,325.34,215119.73,1
2024-12-19,2024-12-19 11:54:00,659.03,659.22,659.03,659.22,0.03,325.34,215119.73,1
2024-12-19,2024-12-19 11:55:00,659.22,659.41,659.22,659.41,0.03,325.34,215119.73,1
2024-12-19,2024-12-19 11:56:00,659.41,659.59,659.41,659.59,0.03,325.34,215119.73,1
2024-12-19,2024-12-19 11:57:00,659.59,659.78,659.59,659.78,0.03,325.34,215119.73,1
2024-12-19,2024-12-19 11:58:00,659.78,659.96,659.78,659.96,0.03,325.34,215119.73,1
2024-12-19,2024-12-19 11:59:00,659.96,660.15,659.96,660.15,0.03,325.34,215119.73,1
2024-12-19,2024-12-19 12:00:00,660.15,660.34,660.15,660.34,0.03,325.34,215119.73,1
2024-12-19,2024-12-19 12:01:00,660.34,660.52,660.34,660.52,0.03,325.34,215119.73,1
2024-12-19,2024-12-19 12:02:00,660.52,660.71,660.52,660.71,0.03,325.34,215119.73,1
2024-12-19,2024-12-19 12:03:00,660.71,660.89,660.71,660.89,0.03,325.34,215119.73,1
2024-12-19,2024-12-19 12:04:00,660.89,661.08,660.89,661.08,0.03,325.34,215119.73,1
2024-12-19,2024-12-19 12:05:00,661.08,661.26,661.08,661.26,0.03,325.34,215119.73,1
2024-12-19,2024-12-19 12:06:00,661.26,661.45,661.26,661.45,0.03,325.34,215119.73,1
2024-12-19,2024-12-19 12:07:00,661.45,661.64,661.45,661.64,0.03,325.34,215119.73,1
2024-12-19,2024-12-19 12:08:00,661.64,661.82,661.64,661.82,0.03,325.34,215119.73,1
2024-12-19,2024-12-19 12:09:00,661.82,662.01,661.82,662.01,0.03,325.34,215119.73,1
2024-12-19,2024-12-19 12:10:00,662.01,662.19,662.01,662.19,0.03,325.34,215119.73,1
2024-12-19,2024-12-19 12:11:00,662.19,662.38,662.19,662.38,0.03,325.34,215119.73,1
2024-12-19,2024-12-19 12:12:00,662.38,662.57,662.38,662.57,0.03,325.34,215119.73,1
2024-12-19,2024-12-19 12:13:00,662.57,662.75,662.57,662.75,0.03,325.34,215119.73,1
2024-12-19,2024-12-19 12:14:00,662.75,662.94,662.75,662.94,0.03,325.34,215119.73,1
2024-12-19,2024-12-19 12:15:00,662.94,663.12,662.94,663.12,0.03,325.34,215119.73,1
2024-12-19,2024-12-19 12:16:00,663.12,663.31,663.12,663.31,0.03,325.34,215119.73,1
2024-12-19,2024-12-19 12:17:00,663.31,663.5,663.31,663.5,0.03,325.34,215119.73,1
2024-12-19,2024-12-19 12:18:00,663.5,663.68,663.5,663.68,0.03,325.34,215119.73,1
2024-12-19,2024-12-19 12:19:00,663.68,663.87,663.68,663.87,0.03,325.34,215119.73,1
2024-12-19,2024-12-19 12:20:00,663.87,664.05,663.87,664.05,0.03,325.34,215119.73,1
2024-12-19,2024-12-19 12:21:00,664.05,664.24,664.05,664.24,0.03,325.34,215119.73,1
2024-12-19,2024-12-19 12:22:00,664.24,664.42,664.24,664.42,0.03,325.34,215119.73,1
2024-12-19,2024-12-19 12:23:00,664.42,664.61,664.42,664.61,0.03,325.34,215119.73,1
2024-12-19,2024-12-19 12:24:00,664.61,664.8,664.61,664.8,0.03,325.34,215119.73,1
2024-12-19,2024-12-19 12:25:00,664.8,664.98,664.8,664.98,0.03,325.34,215119.73,1
2024-12-19,2024-12-19 12:26:00,664.98,665.17,664.98,665.17,0.03,325.34,215119.73,1
2024-12-19,2024-12-19 12:27:00,665.17,665.35,665.17,665.35,0.03,325.34,215119.73,1
2024-12-19,2024-12-19 12:28:00,665.35,665.54,665.35,665.54,0.03,325.34,215119.73,1
2024-12-19,2024-12-19 12:29:00,665.54,665.73,665.54,665.73,0.03,325.34,215119.73,1
2024-12-19,2024-12-19 12:30:00,665.73,665.91,665.73,665.91,0.03,325.34,215119.73,1
2024-12-19,2024-12-19 12:31:00,665.91,666.1,665.91,666.1,0.03,325.34,215119.73,1
2024-12-19,2024-12-19 12:32:00,666.1,666.28,666.1,666.28,0.03,325.34,215119.73,1
2024-12-19,2024-12-19 12:33:00,666.28,666.47,666.28,666.47,0.03,325.34,215119.73,1
2024-12-19,2024-12-19 12:34:00,666.47,666.65,666.47,666.65,0.03,325.34,215119.73,1
2024-12-19,2024-12-19 12:35:00,666.65,666.84,666.65,666.84,0.03,325.34,215119.73,1
2024-12-19,2024-12-19 12:36:00,666.84,667.03,666.84,667.03,0.03,325.34,215119.73,1
2024-12-19,2024-12-19 12:37:00,667.03,667.21,667.03,667.21,0.03,325.34,215119.73,1
2024-12-19,2024-12-19 12:38:00,667.21,667.4,667.21,667.4,0.03,325.34,215119.73,1
2024-12-19,2024-12-19 12:39:00,667.4,667.58,667.4,667.58,0.03,325.34,215119.73,1
2024-12-19,2024-12-19 12:40:00,667.58,667.77,667.58,667.77,0.03,325.34,215119.73,1
2024-12-19,2024-12-19 12:41:00,667.77,667.96,667.77,667.96,0.03,325.34,215119.73,1
2024-12-19,2024-12-19 12:42:00,667.96,668.14,667.96,668.14,0.03,325.34,215119.73,1
2024-12-19,2024-12-19 12:43:00,668.14,668.33,668.14,668.33,0.03,325.34,215119.73,1
2024-12-19,2024-12-19 12:44:00,668.33,668.51,668.33,668.51,0.03,325.34,215119.73,1
2024-12-19,2024-12-19 12:45:00,668.51,668.7,668.51,668.7,0.03,325.34,215119.73,1
2024-12-19,2024-12-19 12:46:00,668.7,668.88,668.7,668.88,0.03,325.34,215119.73,1
2024-12-19,2024-12-19 12:47:00,668.88,669.07,668.88,669.07,0.03,325.34,215119.73,1
2024-12-19,2024-12-19 12:48:00,669.07,669.26,669.07,669.26,0.03,325.34,215119.73,1
2024-12-19,2024-12-19 12:49:00,669.26,669.44,669.26,669.44,0.03,325.34,215119.73,1
2024-12-19,2024-12-19 12:50:00,669.44,669.63,669.44,669.63,0.03,325.34,215119.73,1
2024-12-19,2024-12-19 12:51:00,669.63,669.81,669.63,669.81,0.03,325.34,215119.73,1
2024-12-19,2024-12-19 12:52:00,669.81,670.0,669.81,670.0,0.03,325.34,215119.73,1
2024-12-19,2024-12-19 12:53:00,670.0,670.19,670.0,670.19,0.03,325.34,215119.73,1
2024-12-19,2024-12-19 12:54:00,670.19,670.37,670.19,670.37,0.03,325.34,215119.73,1
2024-12-19,2024-12-19 12:55:00,670.37,670.56,670.37,670.56,0.03,325.34,215119.73,1
2024-12-19,2024-12-19 12:56:00,670.56,670.74,670.56,670.74,0.03,325.34,215119.73,1
2024-12-19,2024-12-19 12:57:00,670.74,670.93,670.74,670.93,0.03,325.34,215119.73,1
2024-12-19,2024-12-19 12:58:00,670.93,671.11,670.93,671.11,0.03,325.34,215119.73,1
2024-12-19,2024-12-19 12:59:00,671.11,671.3,671.11,671.3,0.03,325.34,215119.73,1
2024-12-19,2024-12-19 13:00:00,671.3,693.6,649.0,671.49,0.03,325.34,215119.73,1
2024-12-19,2024-12-19 13:01:00,671.49,671.67,671.49,671.67,0.03,325.34,215119.73,1
2024-12-19,2024-12-19 13:02:00,671.67,671.86,671.67,671.86,0.03,325.34,215119.73,1
2024-12-19,2024-12-19 13:03:00,671.86,672.04,671.86,672.04,0.03,325.34,215119.73,1
2024-12-19,2024-12-19 13:04:00,672.04,672.23,672.04,672.23,0.03,325.34,215119.73,1
2024-12-19,2024-12-19 13:05:00,672.23,672.41,672.23,672.41,0.03,325.34,215119.73,1
2024-12-19,2024-12-19 13:06:00,672.41,672.6,672.41,672.6,0.03,325.34,215119.73,1
2024-12-19,2024-12-19 13:07:00,672.6,672.79,672.6,672.79,0.03,325.34,215119.73,1
2024-12-19,2024-12-19 13:08:00,672.79,672.97,672.79,672.97,0.03,325.34,215119.73,1
2024-12-19,2024-12-19 13:09:00,672.97,673.16,672.97,673.16,0.03,325.34,215119.73,1
2024-12-19,2024-12-19 13:10:00,673.16,673.34,673.16,673.34,0.03,325.34,215119.73,1
2024-12-19,2024-12-19 13:11:00,673.34,673.53,673.34,673.53,0.03,325.34,215119.73,1
2024-12-19,2024-12-19 13:12:00,673.53,673.72,673.53,673.72,0.03,325.34,215119.73,1
2024-12-19,2024-12-19 13:13:00,673.72,673.9,673.72,673.9,0.03,325.34,215119.73,1
2024-12-19,2024-12-19 13:14:00,673.9,674.09,673.9,674.09,0.03,325.34,215119.73,1
2024-12-19,2024-12-19 13:15:00,674.09,674.27,674.09,674.27,0.03,325.34,215119.73,1
2024-12-19,2024-12-19 13:16:00,674.27,674.46,674.27,674.46,0.03,325.34,215119.73,1
2024-12-19,2024-12-19 13:17:00,674.46,674.64,674.46,674.64,0.03,325.34,215119.73,1
2024-12-19,2024-12-19 13:18:00,674.64,674.83,674.64,674.83,0.03,325.34,215119.73,1
2024-12-19,2024-12-19 13:19:00,674.83,675.02,674.83,675.02,0.03,325.34,215119.73,1
2024-12-19,2024-12-19 13:20:00,675.02,675.2,675.02,675.2,0.03,325.34,215119.73,1
2024-12-19,2024-12-19 13:21:00,675.2,675.39,675.2,675.39,0.03,325.34,215119.73,1
2024-12-19,2024-12-19 13:22:00,675.39,675.57,675.39,675.57,0.03,325.34,215119.73,1
2024-12-19,2024-12-19 13:23:00,675.57,675.76,675.57,675.76,0.03,325.34,215119.73,1
2024-12-19,2024-12-19 13:24:00,675.76,675.95,675.76,675.95,0.03,325.34,215119.73,1
2024-12-19,2024-12-19 13:25:00,675.95,676.13,675.95,676.13,0.03,325.34,215119.73,1
2024-12-19,2024-12-19 13:26:00,676.13,676.32,676.13,676.32,0.03,325.34,215119.73,1
2024-12-19,2024-12-19 13:27:00,676.32,676.5,676.32,676.5,0.03,325.34,215119.73,1
2024-12-19,2024-12-19 13:28:00,676.5,676.69,676.5,676.69,0.03,325.34,215119.73,1
2024-12-19,2024-12-19 13:29:00,676.69,676.88,676.69,676.88,0.03,325.34,215119.73,1
2024-12-19,2024-12-19 13:30:00,676.88,677.06,676.88,677.06,0.03,325.34,215119.73,1
2024-12-19,2024-12-19 13:31:00,677.06,677.25,677.06,677.25,0.03,325.34,215119.73,1
2024-12-19,2024-12-19 13:32:00,677.25,677.43,677.25,677.43,0.03,325.34,215119.73,1
2024-12-19,2024-12-19 13:33:00,677.43,677.62,677.43,677.62,0.03,325.34,215119.73,1
2024-12-19,2024-12-19 13:34:00,677.62,677.8,677.62,677.8,0.03,325.34,215119.73,1
2024-12-19,2024-12-19 13:35:00,677.8,677.99,677.8,677.99,0.03,325.34,215119.73,1
2024-12-19,2024-12-19 13:36:00,677.99,678.18,677.99,678.18,0.03,325.34,215119.73,1
2024-12-19,2024-12-19 13:37:00,678.18,678.36,678.18,678.36,0.03,325.34,215119.73,1
2024-12-19,2024-12-19 13:38:00,678.36,678.55,678.36,678.55,0.03,325.34,215119.73,1
2024-12-19,2024-12-19 13:39:00,678.55,678.73,678.55,678.73,0.03,325.34,215119.73,1
2024-12-19,2024-12-19 13:40:00,678.73,678.92,678.73,678.92,0.03,325.34,215119.73,1
2024-12-19,2024-12-19 13:41:00,678.92,679.11,678.92,679.11,0.03,325.34,215119.73,1
2024-12-19,2024-12-19 13:42:00,679.11,679.29,679.11,679.29,0.03,325.34,215119.73,1
2024-12-19,2024-12-19 13:43:00,679.29,679.48,679.29,679.48,0.03,325.34,215119.73,1
2024-12-19,2024-12-19 13:44:00,679.48,679.66,679.48,679.66,0.03,325.34,215119.73,1
2024-12-19,2024-12-19 13:45:00,679.66,679.85,679.66,679.85,0.03,325.34,215119.73,1
2024-12-19,2024-12-19 13:46:00,679.85,680.03,679.85,680.03,0.03,325.34,215119.73,1
2024-12-19,2024-12-19 13:47:00,680.03,680.22,680.03,680.22,0.03,325.34,215119.73,1
2024-12-19,2024-12-19 13:48:00,680.22,680.41,680.22,680.41,0.03,325.34,215119.73,1
2024-12-19,2024-12-19 13:49:00,680.41,680.59,680.41,680.59,0.03,325.34,215119.73,1
2024-12-19,2024-12-19 13:50:00,680.59,680.78,680.59,680.78,0.03,325.34,215119.73,1
2024-12-19,2024-12-19 13:51:00,680.78,680.96,680.78,680.96,0.03,325.34,215119.73,1
2024-12-19,2024-12-19 13:52:00,680.96,681.15,680.96,681.15,0.03,325.34,215119.73,1
2024-12-19,2024-12-19 13:53:00,681.15,681.34,681.15,681.34,0.03,325.34,215119.73,1
2024-12-19,2024-12-19 13:54:00,681.34,681.52,681.34,681.52,0.03,325.34,215119.73,1
2024-12-19,2024-12-19 13:55:00,681.52,681.71,681.52,681.71,0.03,325.34,215119.73,1
2024-12-19,2024-12-19 13:56:00,681.71,681.89,681.71,681.89,0.03,325.34,215119.73,1
2024-12-19,2024-12-19 13:57:00,681.89,682.08,681.89,682.08,0.03,325.34,215119.73,1
2024-12-19,2024-12-19 13:58:00,682.08,682.26,682.08,682.26,0.03,325.34,215119.73,1
2024-12-19,2024-12-19 13:59:00,682.26,682.45,682.26,682.45,0.03,325.34,215119.73,1
2024-12-19,2024-12-19 14:00:00,682.45,682.64,682.45,682.64,0.03,325.34,215119.73,1
2024-12-19,2024-12-19 14:01:00,682.64,682.82,682.64,682.82,0.03,325.34,215119.73,1
2024-12-19,2024-12-19 14:02:00,682.82,683.01,682.82,683.01,0.03,325.34,215119.73,1
2024-12-19,2024-12-19 14:03:00,683.01,683.19,683.01,683.19,0.03,325.34,215119.73,1
2024-12-19,2024-12-19 14:04:00,683.19,683.38,683.19,683.38,0.03,325.34,215119.73,1
2024-12-19,2024-12-19 14:05:00,683.38,683.57,683.38,683.57,0.03,325.34,215119.73,1
2024-12-19,2024-12-19 14:06:00,683.57,683.75,683.57,683.75,0.03,325.34,215119.73,1
2024-12-19,2024-12-19 14:07:00,683.75,683.94,683.75,683.94,0.03,325.34,215119.73,1
2024-12-19,2024-12-19 14:08:00,683.94,684.12,683.94,684.12,0.03,325.34,215119.73,1
2024-12-19,2024-12-19 14:09:00,684.12,684.31,684.12,684.31,0.03,325.34,215119.73,1
2024-12-19,2024-12-19 14:10:00,684.31,684.49,684.31,684.49,0.03,325.34,215119.73,1
2024-12-19,2024-12-19 14:11:00,684.49,684.68,684.49,684.68,0.03,325.34,215119.73,1
2024-12-19,2024-12-19 14:12:00,684.68,684.87,684.68,684.87,0.03,325.34,215119.73,1
2024-12-19,2024-12-19 14:13:00,684.87,685.05,684.87,685.05,0.03,325.34,215119.73,1
2024-12-19,2024-12-19 14:14:00,685.05,685.24,685.05,685.24,0.03,325.34,215119.73,1
2024-12-19,2024-12-19 14:15:00,685.24,685.42,685.24,685.42,0.03,325.34,215119.73,1
2024-12-19,2024-12-19 14:16:00,685.42,685.61,685.42,685.61,0.03,325.34,215119.73,1
2024-12-19,2024-12-19 14:17:00,685.61,685.8,685.61,685.8,0.03,325.34,215119.73,1
2024-12-19,2024-12-19 14:18:00,685.8,685.98,685.8,685.98,0.03,325.34,215119.73,1
2024-12-19,2024-12-19 14:19:00,685.98,686.17,685.98,686.17,0.03,325.34,215119.73,1
2024-12-19,2024-12-19 14:20:00,686.17,686.35,686.17,686.35,0.03,325.34,215119.73,1
2024-12-19,2024-12-19 14:21:00,686.35,686.54,686.35,686.54,0.03,325.34,215119.73,1
2024-12-19,2024-12-19 14:22:00,686.54,686.72,686.54,686.72,0.03,325.34,215119.73,1
2024-12-19,2024-12-19 14:23:00,686.72,686.91,686.72,686.91,0.03,325.34,215119.73,1
2024-12-19,2024-12-19 14:24:00,686.91,687.1,686.91,687.1,0.03,325.34,215119.73,1
2024-12-19,2024-12-19 14:25:00,687.1,687.28,687.1,687.28,0.03,325.34,215119.73,1
2024-12-19,2024-12-19 14:26:00,687.28,687.47,687.28,687.47,0.03,325.34,215119.73,1
2024-12-19,2024-12-19 14:27:00,687.47,687.65,687.47,687.65,0.03,325.34,215119.73,1
2024-12-19,2024-12-19 14:28:00,687.65,687.84,687.65,687.84,0.03,325.34,215119.73,1
2024-12-19,2024-12-19 14:29:00,687.84,688.02,687.84,688.02,0.03,325.34,215119.73,1
2024-12-19,2024-12-19 14:30:00,688.02,688.21,688.02,688.21,0.03,325.34,215119.73,1
2024-12-19,2024-12-19 14:31:00,688.21,688.4,688.21,688.4,0.03,325.34,215119.73,1
2024-12-19,2024-12-19 14:32:00,688.4,688.58,688.4,688.58,0.03,325.34,215119.73,1
2024-12-19,2024-12-19 14:33:00,688.58,688.77,688.58,688.77,0.03,325.34,215119.73,1
2024-12-19,2024-12-19 14:34:00,688.77,688.95,688.77,688.95,0.03,325.34,215119.73,1
2024-12-19,2024-12-19 14:35:00,688.95,689.14,688.95,689.14,0.03,325.34,215119.73,1
2024-12-19,2024-12-19 14:36:00,689.14,689.33,689.14,689.33,0.03,325.34,215119.73,1
2024-12-19,2024-12-19 14:37:00,689.33,689.51,689.33,689.51,0.03,325.34,215119.73,1
2024-12-19,2024-12-19 14:38:00,689.51,689.7,689.51,689.7,0.03,325.34,215119.73,1
2024-12-19,2024-12-19 14:39:00,689.7,689.88,689.7,689.88,0.03,325.34,215119.73,1
2024-12-19,2024-12-19 14:40:00,689.88,690.07,689.88,690.07,0.03,325.34,215119.73,1
2024-12-19,2024-12-19 14:41:00,690.07,690.25,690.07,690.25,0.03,325.34,215119.73,1
2024-12-19,2024-12-19 14:42:00,690.25,690.44,690.25,690.44,0.03,325.34,215119.73,1
2024-12-19,2024-12-19 14:43:00,690.44,690.63,690.44,690.63,0.03,325.34,215119.73,1
2024-12-19,2024-12-19 14:44:00,690.63,690.81,690.63,690.81,0.03,325.34,215119.73,1
2024-12-19,2024-12-19 14:45:00,690.81,691.0,690.81,691.0,0.03,325.34,215119.73,1
2024-12-19,2024-12-19 14:46:00,691.0,691.18,691.0,691.18,0.03,325.34,215119.73,1
2024-12-19,2024-12-19 14:47:00,691.18,691.37,691.18,691.37,0.03,325.34,215119.73,1
2024-12-19,2024-12-19 14:48:00,691.37,691.56,691.37,691.56,0.03,325.34,215119.73,1
2024-12-19,2024-12-19 14:49:00,691.56,691.74,691.56,691.74,0.03,325.34,215119.73,1
2024-12-19,2024-12-19 14:50:00,691.74,691.93,691.74,691.93,0.03,325.34,215119.73,1
2024-12-19,2024-12-19 14:51:00,691.93,692.11,691.93,692.11,0.03,325.34,215119.73,1
2024-12-19,2024-12-19 14:52:00,692.11,692.3,692.11,692.3,0.03,325.34,215119.73,1
2024-12-19,2024-12-19 14:53:00,692.3,692.49,692.3,692.49,0.03,325.34,215119.73,1
2024-12-19,2024-12-19 14:54:00,692.49,692.67,692.49,692.67,0.03,325.34,215119.73,1
2024-12-19,2024-12-19 14:55:00,692.67,692.86,692.67,692.86,0.03,325.34,215119.73,1
2024-12-19,2024-12-19 14:56:00,692.86,693.04,692.86,693.04,0.03,325.34,215119.73,1
2024-12-19,2024-12-19 14:57:00,693.04,693.23,693.04,693.23,0.03,325.34,215119.73,1
2024-12-19,2024-12-19 14:58:00,693.23,693.41,693.23,693.41,0.03,325.34,215119.73,1
2024-12-19,2024-12-19 14:59:00,693.41,693.6,693.41,693.6,0.03,325.34,215119.73,1
2024-12-19,2024-12-19 15:00:00,693.6,693.6,649.0,693.6,0.0,325.34,215119.73,0
2024-12-22,2024-12-22 11:00:00,679.8,689.37,677.46,679.93,0.02,450.25,313092.87,1
2024-12-22,2024-12-22 11:01:00,679.93,680.07,679.93,680.07,0.02,450.25,313092.87,1
2024-12-22,2024-12-22 11:02:00,680.07,680.2,680.07,680.2,0.02,450.25,313092.87,1
2024-12-22,2024-12-22 11:03:00,680.2,680.33,680.2,680.33,0.02,450.25,313092.87,1
2024-12-22,2024-12-22 11:04:00,680.33,680.46,680.33,680.46,0.02,450.25,313092.87,1
2024-12-22,2024-12-22 11:05:00,680.46,680.6,680.46,680.6,0.02,450.25,313092.87,1
2024-12-22,2024-12-22 11:06:00,680.6,680.73,680.6,680.73,0.02,450.25,313092.87,1
2024-12-22,2024-12-22 11:07:00,680.73,680.86,680.73,680.86,0.02,450.25,313092.87,1
2024-12-22,2024-12-22 11:08:00,680.86,681.0,680.86,681.0,0.02,450.25,313092.87,1
2024-12-22,2024-12-22 11:09:00,681.0,681.13,681.0,681.13,0.02,450.25,313092.87,1
2024-12-22,2024-12-22 11:10:00,681.13,681.26,681.13,681.26,0.02,450.25,313092.87,1
2024-12-22,2024-12-22 11:11:00,681.26,681.39,681.26,681.39,0.02,450.25,313092.87,1
2024-12-22,2024-12-22 11:12:00,681.39,681.53,681.39,681.53,0.02,450.25,313092.87,1
2024-12-22,2024-12-22 11:13:00,681.53,681.66,681.53,681.66,0.02,450.25,313092.87,1
2024-12-22,2024-12-22 11:14:00,681.66,681.79,681.66,681.79,0.02,450.25,313092.87,1
2024-12-22,2024-12-22 11:15:00,681.79,681.93,681.79,681.93,0.02,450.25,313092.87,1
2024-12-22,2024-12-22 11:16:00,681.93,682.06,681.93,682.06,0.02,450.25,313092.87,1
2024-12-22,2024-12-22 11:17:00,682.06,682.19,682.06,682.19,0.02,450.25,313092.87,1
2024-12-22,2024-12-22 11:18:00,682.19,682.33,682.19,682.33,0.02,450.25,313092.87,1
2024-12-22,2024-12-22 11:19:00,682.33,682.46,682.33,682.46,0.02,450.25,313092.87,1
2024-12-22,2024-12-22 11:20:00,682.46,682.59,682.46,682.59,0.02,450.25,313092.87,1
2024-12-22,2024-12-22 11:21:00,682.59,682.72,682.59,682.72,0.02,450.25,313092.87,1
2024-12-22,2024-12-22 11:22:00,682.72,682.86,682.72,682.86,0.02,450.25,313092.87,1
2024-12-22,2024-12-22 11:23:00,682.86,682.99,682.86,682.99,0.02,450.25,313092.87,1
2024-12-22,2024-12-22 11:24:00,682.99,683.12,682.99,683.12,0.02,450.25,313092.87,1
2024-12-22,2024-12-22 11:25:00,683.12,683.26,683.12,683.26,0.02,450.25,313092.87,1
2024-12-22,2024-12-22 11:26:00,683.26,683.39,683.26,683.39,0.02,450.25,313092.87,1
2024-12-22,2024-12-22 11:27:00,683.39,683.52,683.39,683.52,0.02,450.25,313092.87,1
2024-12-22,2024-12-22 11:28:00,683.52,683.65,683.52,683.65,0.02,450.25,313092.87,1
2024-12-22,2024-12-22 11:29:00,683.65,683.79,683.65,683.79,0.02,450.25,313092.87,1
2024-12-22,2024-12-22 11:30:00,683.79,683.92,683.79,683.92,0.02,450.25,313092.87,1
2024-12-22,2024-12-22 11:31:00,683.92,684.05,683.92,684.05,0.02,450.25,313092.87,1
2024-12-22,2024-12-22 11:32:00,684.05,684.19,684.05,684.19,0.02,450.25,313092.87,1
2024-12-22,2024-12-22 11:33:00,684.19,684.32,684.19,684.32,0.02,450.25,313092.87,1
2024-12-22,2024-12-22 11:34:00,684.32,684.45,684.32,684.45,0.02,450.25,313092.87,1
2024-12-22,2024-12-22 11:35:00,684.45,684.58,684.45,684.58,0.02,450.25,313092.87,1
2024-12-22,2024-12-22 11:36:00,684.58,684.72,684.58,684.72,0.02,450.25,313092.87,1
2024-12-22,2024-12-22 11:37:00,684.72,684.85,684.72,684.85,0.02,450.25,313092.87,1
2024-12-22,2024-12-22 11:38:00,684.85,684.98,684.85,684.98,0.02,450.25,313092.87,1
2024-12-22,2024-12-22 11:39:00,684.98,685.12,684.98,685.12,0.02,450.25,313092.87,1
2024-12-22,2024-12-22 11:40:00,685.12,685.25,685.12,685.25,0.02,450.25,313092.87,1
2024-12-22,2024-12-22 11:41:00,685.25,685.38,685.25,685.38,0.02,450.25,313092.87,1
2024-12-22,2024-12-22 11:42:00,685.38,685.52,685.38,685.52,0.02,450.25,313092.87,1
2024-12-22,2024-12-22 11:43:00,685.52,685.65,685.52,685.65,0.02,450.25,313092.87,1
2024-12-22,2024-12-22 11:44:00,685.65,685.78,685.65,685.78,0.02,450.25,313092.87,1
2024-12-22,2024-12-22 11:45:00,685.78,685.91,685.78,685.91,0.02,450.25,313092.87,1
2024-12-22,2024-12-22 11:46:00,685.91,686.05,685.91,686.05,0.02,450.25,313092.87,1
2024-12-22,2024-12-22 11:47:00,686.05,686.18,686.05,686.18,0.02,450.25,313092.87,1
2024-12-22,2024-12-22 11:48:00,686.18,686.31,686.18,686.31,0.02,450.25,313092.87,1
2024-12-22,2024-12-22 11:49:00,686.31,686.45,686.31,686.45,0.02,450.25,313092.87,1
2024-12-22,2024-12-22 11:50:00,686.45,686.58,686.45,686.58,0.02,450.25,313092.87,1
2024-12-22,2024-12-22 11:51:00,686.58,686.71,686.58,686.71,0.02,450.25,313092.87,1
2024-12-22,2024-12-22 11:52:00,686.71,686.84,686.71,686.84,0.02,450.25,313092.87,1
2024-12-22,2024-12-22 11:53:00,686.84,686.98,686.84,686.98,0.02,450.25,313092.87,1
2024-12-22,2024-12-22 11:54:00,686.98,687.11,686.98,687.11,0.02,450.25,313092.87,1
2024-12-22,2024-12-22 11:55:00,687.11,687.24,687.11,687.24,0.02,450.25,313092.87,1
2024-12-22,2024-12-22 11:56:00,687.24,687.38,687.24,687.38,0.02,450.25,313092.87,1
2024-12-22,2024-12-22 11:57:00,687.38,687.51,687.38,687.51,0.02,450.25,313092.87,1
2024-12-22,2024-12-22 11:58:00,687.51,687.64,687.51,687.64,0.02,450.25,313092.87,1
2024-12-22,2024-12-22 11:59:00,687.64,687.77,687.64,687.77,0.02,450.25,313092.87,1
2024-12-22,2024-12-22 12:00:00,687.77,687.91,687.77,687.91,0.02,450.25,313092.87,1
2024-12-22,2024-12-22 12:01:00,687.91,688.04,687.91,688.04,0.02,450.25,313092.87,1
2024-12-22,2024-12-22 12:02:00,688.04,688.17,688.04,688.17,0.02,450.25,313092.87,1
2024-12-22,2024-12-22 12:03:00,688.17,688.31,688.17,688.31,0.02,450.25,313092.87,1
2024-12-22,2024-12-22 12:04:00,688.31,688.44,688.31,688.44,0.02,450.25,313092.87,1
2024-12-22,2024-12-22 12:05:00,688.44,688.57,688.44,688.57,0.02,450.25,313092.87,1
2024-12-22,2024-12-22 12:06:00,688.57,688.71,688.57,688.71,0.02,450.25,313092.87,1
2024-12-22,2024-12-22 12:07:00,688.71,688.84,688.71,688.84,0.02,450.25,313092.87,1
2024-12-22,2024-12-22 12:08:00,688.84,688.97,688.84,688.97,0.02,450.25,313092.87,1
2024-12-22,2024-12-22 12:09:00,688.97,689.1,688.97,689.1,0.02,450.25,313092.87,1
2024-12-22,2024-12-22 12:10:00,689.1,689.24,689.1,689.24,0.02,450.25,313092.87,1
2024-12-22,2024-12-22 12:11:00,689.24,689.37,689.24,689.37,0.02,450.25,313092.87,1
2024-12-22,2024-12-22 12:12:00,689.37,689.5,689.37,689.5,0.02,450.25,313092.87,1
2024-12-22,2024-12-22 12:13:00,689.5,689.64,689.5,689.64,0.02,450.25,313092.87,1
2024-12-22,2024-12-22 12:14:00,689.64,689.77,689.64,689.77,0.02,450.25,313092.87,1
2024-12-22,2024-12-22 12:15:00,689.77,689.9,689.77,689.9,0.02,450.25,313092.87,1
2024-12-22,2024-12-22 12:16:00,689.9,690.03,689.9,690.03,0.02,450.25,313092.87,1
2024-12-22,2024-12-22 12:17:00,690.03,690.17,690.03,690.17,0.02,450.25,313092.87,1
2024-12-22,2024-12-22 12:18:00,690.17,690.3,690.17,690.3,0.02,450.25,313092.87,1
2024-12-22,2024-12-22 12:19:00,690.3,690.43,690.3,690.43,0.02,450.25,313092.87,1
2024-12-22,2024-12-22 12:20:00,690.43,690.57,690.43,690.57,0.02,450.25,313092.87,1
2024-12-22,2024-12-22 12:21:00,690.57,690.7,690.57,690.7,0.02,450.25,313092.87,1
2024-12-22,2024-12-22 12:22:00,690.7,690.83,690.7,690.83,0.02,450.25,313092.87,1
2024-12-22,2024-12-22 12:23:00,690.83,690.97,690.83,690.97,0.02,450.25,313092.87,1
2024-12-22,2024-12-22 12:24:00,690.97,691.1,690.97,691.1,0.02,450.25,313092.87,1
2024-12-22,2024-12-22 12:25:00,691.1,691.23,691.1,691.23,0.02,450.25,313092.87,1
2024-12-22,2024-12-22 12:26:00,691.23,691.36,691.23,691.36,0.02,450.25,313092.87,1
2024-12-22,2024-12-22 12:27:00,691.36,691.5,691.36,691.5,0.02,450.25,313092.87,1
2024-12-22,2024-12-22 12:28:00,691.5,691.63,691.5,691.63,0.02,450.25,313092.87,1
2024-12-22,2024-12-22 12:29:00,691.63,691.76,691.63,691.76,0.02,450.25,313092.87,1
2024-12-22,2024-12-22 12:30:00,691.76,691.9,691.76,691.9,0.02,450.25,313092.87,1
2024-12-22,2024-12-22 12:31:00,691.9,692.03,691.9,692.03,0.02,450.25,313092.87,1
2024-12-22,2024-12-22 12:32:00,692.03,692.16,692.03,692.16,0.02,450.25,313092.87,1
2024-12-22,2024-12-22 12:33:00,692.16,692.29,692.16,692.29,0.02,450.25,313092.87,1
2024-12-22,2024-12-22 12:34:00,692.29,692.43,692.29,692.43,0.02,450.25,313092.87,1
2024-12-22,2024-12-22 12:35:00,692.43,692.56,692.43,692.56,0.02,450.25,313092.87,1
2024-12-22,2024-12-22 12:36:00,692.56,692.69,692.56,692.69,0.02,450.25,313092.87,1
2024-12-22,2024-12-22 12:37:00,692.69,692.83,692.69,692.83,0.02,450.25,313092.87,1
2024-12-22,2024-12-22 12:38:00,692.83,692.96,692.83,692.96,0.02,450.25,313092.87,1
2024-12-22,2024-12-22 12:39:00,692.96,693.09,692.96,693.09,0.02,450.25,313092.87,1
2024-12-22,2024-12-22 12:40:00,693.09,693.22,693.09,693.22,0.02,450.25,313092.87,1
2024-12-22,2024-12-22 12:41:00,693.22,693.36,693.22,693.36,0.02,450.25,313092.87,1
2024-12-22,2024-12-22 12:42:00,693.36,693.49,693.36,693.49,0.02,450.25,313092.87,1
2024-12-22,2024-12-22 12:43:00,693.49,693.62,693.49,693.62,0.02,450.25,313092.87,1
2024-12-22,2024-12-22 12:44:00,693.62,693.76,693.62,693.76,0.02,450.25,313092.87,1
2024-12-22,2024-12-22 12:45:00,693.76,693.89,693.76,693.89,0.02,450.25,313092.87,1
2024-12-22,2024-12-22 12:46:00,693.89,694.02,693.89,694.02,0.02,450.25,313092.87,1
2024-12-22,2024-12-22 12:47:00,694.02,694.15,694.02,694.15,0.02,450.25,313092.87,1
2024-12-22,2024-12-22 12:48:00,694.15,694.29,694.15,694.29,0.02,450.25,313092.87,1
2024-12-22,2024-12-22 12:49:00,694.29,694.42,694.29,694.42,0.02,450.25,313092.87,1
2024-12-22,2024-12-22 12:50:00,694.42,694.55,694.42,694.55,0.02,450.25,313092.87,1
2024-12-22,2024-12-22 12:51:00,694.55,694.69,694.55,694.69,0.02,450.25,313092.87,1
2024-12-22,2024-12-22 12:52:00,694.69,694.82,694.69,694.82,0.02,450.25,313092.87,1
2024-12-22,2024-12-22 12:53:00,694.82,694.95,694.82,694.95,0.02,450.25,313092.87,1
2024-12-22,2024-12-22 12:54:00,694.95,695.09,694.95,695.09,0.02,450.25,313092.87,1
2024-12-22,2024-12-22 12:55:00,695.09,695.22,695.09,695.22,0.02,450.25,313092.87,1
2024-12-22,2024-12-22 12:56:00,695.22,695.35,695.22,695.35,0.02,450.25,313092.87,1
2024-12-22,2024-12-22 12:57:00,695.35,695.48,695.35,695.48,0.02,450.25,313092.87,1
2024-12-22,2024-12-22 12:58:00,695.48,695.62,695.48,695.62,0.02,450.25,313092.87,1
2024-12-22,2024-12-22 12:59:00,695.62,695.75,695.62,695.75,0.02,450.25,313092.87,1
2024-12-22,2024-12-22 13:00:00,695.75,711.7,672.0,695.88,0.02,450.25,313092.87,1
2024-12-22,2024-12-22 13:01:00,695.88,696.02,695.88,696.02,0.02,450.25,313092.87,1
2024-12-22,2024-12-22 13:02:00,696.02,696.15,696.02,696.15,0.02,450.25,313092.87,1
2024-12-22,2024-12-22 13:03:00,696.15,696.28,696.15,696.28,0.02,450.25,313092.87,1
2024-12-22,2024-12-22 13:04:00,696.28,696.41,696.28,696.41,0.02,450.25,313092.87,1
2024-12-22,2024-12-22 13:05:00,696.41,696.55,696.41,696.55,0.02,450.25,313092.87,1
2024-12-22,2024-12-22 13:06:00,696.55,696.68,696.55,696.68,0.02,450.25,313092.87,1
2024-12-22,2024-12-22 13:07:00,696.68,696.81,696.68,696.81,0.02,450.25,313092.87,1
2024-12-22,2024-12-22 13:08:00,696.81,696.95,696.81,696.95,0.02,450.25,313092.87,1
2024-12-22,2024-12-22 13:09:00,696.95,697.08,696.95,697.08,0.02,450.25,313092.87,1
2024-12-22,2024-12-22 13:10:00,697.08,697.21,697.08,697.21,0.02,450.25,313092.87,1
2024-12-22,2024-12-22 13:11:00,697.21,697.35,697.21,697.35,0.02,450.25,313092.87,1
2024-12-22,2024-12-22 13:12:00,697.35,697.48,697.35,697.48,0.02,450.25,313092.87,1
2024-12-22,2024-12-22 13:13:00,697.48,697.61,697.48,697.61,0.02,450.25,313092.87,1
2024-12-22,2024-12-22 13:14:00,697.61,697.74,697.61,697.74,0.02,450.25,313092.87,1
2024-12-22,2024-12-22 13:15:00,697.74,697.88,697.74,697.88,0.02,450.25,313092.87,1
2024-12-22,2024-12-22 13:16:00,697.88,698.01,697.88,698.01,0.02,450.25,313092.87,1
2024-12-22,2024-12-22 13:17:00,698.01,698.14,698.01,698.14,0.02,450.25,313092.87,1
2024-12-22,2024-12-22 13:18:00,698.14,698.28,698.14,698.28,0.02,450.25,313092.87,1
2024-12-22,2024-12-22 13:19:00,698.28,698.41,698.28,698.41,0.02,450.25,313092.87,1
2024-12-22,2024-12-22 13:20:00,698.41,698.54,698.41,698.54,0.02,450.25,313092.87,1
2024-12-22,2024-12-22 13:21:00,698.54,698.67,698.54,698.67,0.02,450.25,313092.87,1
2024-12-22,2024-12-22 13:22:00,698.67,698.81,698.67,698.81,0.02,450.25,313092.87,1
2024-12-22,2024-12-22 13:23:00,698.81,698.94,698.81,698.94,0.02,450.25,313092.87,1
2024-12-22,2024-12-22 13:24:00,698.94,699.07,698.94,699.07,0.02,450.25,313092.87,1
2024-12-22,2024-12-22 13:25:00,699.07,699.21,699.07,699.21,0.02,450.25,313092.87,1
2024-12-22,2024-12-22 13:26:00,699.21,699.34,699.21,699.34,0.02,450.25,313092.87,1
2024-12-22,2024-12-22 13:27:00,699.34,699.47,699.34,699.47,0.02,450.25,313092.87,1
2024-12-22,2024-12-22 13:28:00,699.47,699.6,699.47,699.6,0.02,450.25,313092.87,1
2024-12-22,2024-12-22 13:29:00,699.6,699.74,699.6,699.74,0.02,450.25,313092.87,1
2024-12-22,2024-12-22 13:30:00,699.74,699.87,699.74,699.87,0.02,450.25,313092.87,1
2024-12-22,2024-12-22 13:31:00,699.87,700.0,699.87,700.0,0.02,450.25,313092.87,1
2024-12-22,2024-12-22 13:32:00,700.0,700.14,700.0,700.14,0.02,450.25,313092.87,1
2024-12-22,2024-12-22 13:33:00,700.14,700.27,700.14,700.27,0.02,450.25,313092.87,1
2024-12-22,2024-12-22 13:34:00,700.27,700.4,700.27,700.4,0.02,450.25,313092.87,1
2024-12-22,2024-12-22 13:35:00,700.4,700.53,700.4,700.53,0.02,450.25,313092.87,1
2024-12-22,2024-12-22 13:36:00,700.53,700.67,700.53,700.67,0.02,450.25,313092.87,1
2024-12-22,2024-12-22 13:37:00,700.67,700.8,700.67,700.8,0.02,450.25,313092.87,1
2024-12-22,2024-12-22 13:38:00,700.8,700.93,700.8,700.93,0.02,450.25,313092.87,1
2024-12-22,2024-12-22 13:39:00,700.93,701.07,700.93,701.07,0.02,450.25,313092.87,1
2024-12-22,2024-12-22 13:40:00,701.07,701.2,701.07,701.2,0.02,450.25,313092.87,1
2024-12-22,2024-12-22 13:41:00,701.2,701.33,701.2,701.33,0.02,450.25,313092.87,1
2024-12-22,2024-12-22 13:42:00,701.33,701.47,701.33,701.47,0.02,450.25,313092.87,1
2024-12-22,2024-12-22 13:43:00,701.47,701.6,701.47,701.6,0.02,450.25,313092.87,1
2024-12-22,2024-12-22 13:44:00,701.6,701.73,701.6,701.73,0.02,450.25,313092.87,1
2024-12-22,2024-12-22 13:45:00,701.73,701.86,701.73,701.86,0.02,450.25,313092.87,1
2024-12-22,2024-12-22 13:46:00,701.86,702.0,701.86,702.0,0.02,450.25,313092.87,1
2024-12-22,2024-12-22 13:47:00,702.0,702.13,702.0,702.13,0.02,450.25,313092.87,1
2024-12-22,2024-12-22 13:48:00,702.13,702.26,702.13,702.26,0.02,450.25,313092.87,1
2024-12-22,2024-12-22 13:49:00,702.26,702.4,702.26,702.4,0.02,450.25,313092.87,1
2024-12-22,2024-12-22 13:50:00,702.4,702.53,702.4,702.53,0.02,450.25,313092.87,1
2024-12-22,2024-12-22 13:51:00,702.53,702.66,702.53,702.66,0.02,450.25,313092.87,1
2024-12-22,2024-12-22 13:52:00,702.66,702.79,702.66,702.79,0.02,450.25,313092.87,1
2024-12-22,2024-12-22 13:53:00,702.79,702.93,702.79,702.93,0.02,450.25,313092.87,1
2024-12-22,2024-12-22 13:54:00,702.93,703.06,702.93,703.06,0.02,450.25,313092.87,1
2024-12-22,2024-12-22 13:55:00,703.06,703.19,703.06,703.19,0.02,450.25,313092.87,1
2024-12-22,2024-12-22 13:56:00,703.19,703.33,703.19,703.33,0.02,450.25,313092.87,1
2024-12-22,2024-12-22 13:57:00,703.33,703.46,703.33,703.46,0.02,450.25,313092.87,1
2024-12-22,2024-12-22 13:58:00,703.46,703.59,703.46,703.59,0.02,450.25,313092.87,1
2024-12-22,2024-12-22 13:59:00,703.59,703.73,703.59,703.73,0.02,450.25,313092.87,1
2024-12-22,2024-12-22 14:00:00,703.73,703.86,703.73,703.86,0.02,450.25,313092.87,1
2024-12-22,2024-12-22 14:01:00,703.86,703.99,703.86,703.99,0.02,450.25,313092.87,1
2024-12-22,2024-12-22 14:02:00,703.99,704.12,703.99,704.12,0.02,450.25,313092.87,1
2024-12-22,2024-12-22 14:03:00,704.12,704.26,704.12,704.26,0.02,450.25,313092.87,1
2024-12-22,2024-12-22 14:04:00,704.26,704.39,704.26,704.39,0.02,450.25,313092.87,1
2024-12-22,2024-12-22 14:05:00,704.39,704.52,704.39,704.52,0.02,450.25,313092.87,1
2024-12-22,2024-12-22 14:06:00,704.52,704.66,704.52,704.66,0.02,450.25,313092.87,1
2024-12-22,2024-12-22 14:07:00,704.66,704.79,704.66,704.79,0.02,450.25,313092.87,1
2024-12-22,2024-12-22 14:08:00,704.79,704.92,704.79,704.92,0.02,450.25,313092.87,1
2024-12-22,2024-12-22 14:09:00,704.92,705.05,704.92,705.05,0.02,450.25,313092.87,1
2024-12-22,2024-12-22 14:10:00,705.05,705.19,705.05,705.19,0.02,450.25,313092.87,1
2024-12-22,2024-12-22 14:11:00,705.19,705.32,705.19,705.32,0.02,450.25,313092.87,1
2024-12-22,2024-12-22 14:12:00,705.32,705.45,705.32,705.45,0.02,450.25,313092.87,1
2024-12-22,2024-12-22 14:13:00,705.45,705.59,705.45,705.59,0.02,450.25,313092.87,1
2024-12-22,2024-12-22 14:14:00,705.59,705.72,705.59,705.72,0.02,450.25,313092.87,1
2024-12-22,2024-12-22 14:15:00,705.72,705.85,705.72,705.85,0.02,450.25,313092.87,1
2024-12-22,2024-12-22 14:16:00,705.85,705.98,705.85,705.98,0.02,450.25,313092.87,1
2024-12-22,2024-12-22 14:17:00,705.98,706.12,705.98,706.12,0.02,450.25,313092.87,1
2024-12-22,2024-12-22 14:18:00,706.12,706.25,706.12,706.25,0.02,450.25,313092.87,1
2024-12-22,2024-12-22 14:19:00,706.25,706.38,706.25,706.38,0.02,450.25,313092.87,1
2024-12-22,2024-12-22 14:20:00,706.38,706.52,706.38,706.52,0.02,450.25,313092.87,1
2024-12-22,2024-12-22 14:21:00,706.52,706.65,706.52,706.65,0.02,450.25,313092.87,1
2024-12-22,2024-12-22 14:22:00,706.65,706.78,706.65,706.78,0.02,450.25,313092.87,1
2024-12-22,2024-12-22 14:23:00,706.78,706.92,706.78,706.92,0.02,450.25,313092.87,1
2024-12-22,2024-12-22 14:24:00,706.92,707.05,706.92,707.05,0.02,450.25,313092.87,1
2024-12-22,2024-12-22 14:25:00,707.05,707.18,707.05,707.18,0.02,450.25,313092.87,1
2024-12-22,2024-12-22 14:26:00,707.18,707.31,707.18,707.31,0.02,450.25,313092.87,1
2024-12-22,2024-12-22 14:27:00,707.31,707.45,707.31,707.45,0.02,450.25,313092.87,1
2024-12-22,2024-12-22 14:28:00,707.45,707.58,707.45,707.58,0.02,450.25,313092.87,1
2024-12-22,2024-12-22 14:29:00,707.58,707.71,707.58,707.71,0.02,450.25,313092.87,1
2024-12-22,2024-12-22 14:30:00,707.71,707.85,707.71,707.85,0.02,450.25,313092.87,1
2024-12-22,2024-12-22 14:31:00,707.85,707.98,707.85,707.98,0.02,450.25,313092.87,1
2024-12-22,2024-12-22 14:32:00,707.98,708.11,707.98,708.11,0.02,450.25,313092.87,1
2024-12-22,2024-12-22 14:33:00,708.11,708.24,708.11,708.24,0.02,450.25,313092.87,1
2024-12-22,2024-12-22 14:34:00,708.24,708.38,708.24,708.38,0.02,450.25,313092.87,1
2024-12-22,2024-12-22 14:35:00,708.38,708.51,708.38,708.51,0.02,450.25,313092.87,1
2024-12-22,2024-12-22 14:36:00,708.51,708.64,708.51,708.64,0.02,450.25,313092.87,1
2024-12-22,2024-12-22 14:37:00,708.64,708.78,708.64,708.78,0.02,450.25,313092.87,1
2024-12-22,2024-12-22 14:38:00,708.78,708.91,708.78,708.91,0.02,450.25,313092.87,1
2024-12-22,2024-12-22 14:39:00,708.91,709.04,708.91,709.04,0.02,450.25,313092.87,1
2024-12-22,2024-12-22 14:40:00,709.04,709.17,709.04,709.17,0.02,450.25,313092.87,1
2024-12-22,2024-12-22 14:41:00,709.17,709.31,709.17,709.31,0.02,450.25,313092.87,1
2024-12-22,2024-12-22 14:42:00,709.31,709.44,709.31,709.44,0.02,450.25,313092.87,1
2024-12-22,2024-12-22 14:43:00,709.44,709.57,709.44,709.57,0.02,450.25,313092.87,1
2024-12-22,2024-12-22 14:44:00,709.57,709.71,709.57,709.71,0.02,450.25,313092.87,1
2024-12-22,2024-12-22 14:45:00,709.71,709.84,709.71,709.84,0.02,450.25,313092.87,1
2024-12-22,2024-12-22 14:46:00,709.84,709.97,709.84,709.97,0.02,450.25,313092.87,1
2024-12-22,2024-12-22 14:47:00,709.97,710.11,709.97,710.11,0.02,450.25,313092.87,1
2024-12-22,2024-12-22 14:48:00,710.11,710.24,710.11,710.24,0.02,450.25,313092.87,1
2024-12-22,2024-12-22 14:49:00,710.24,710.37,710.24,710.37,0.02,450.25,313092.87,1
2024-12-22,2024-12-22 14:50:00,710.37,710.5,710.37,710.5,0.02,450.25,313092.87,1
2024-12-22,2024-12-22 14:51:00,710.5,710.64,710.5,710.64,0.02,450.25,313092.87,1
2024-12-22,2024-12-22 14:52:00,710.64,710.77,710.64,710.77,0.02,450.25,313092.87,1
2024-12-22,2024-12-22 14:53:00,710.77,710.9,710.77,710.9,0.02,450.25,313092.87,1
2024-12-22,2024-12-22 14:54:00,710.9,711.04,710.9,711.04,0.02,450.25,313092.87,1
2024-12-22,2024-12-22 14:55:00,711.04,711.17,711.04,711.17,0.02,450.25,313092.87,1
2024-12-22,2024-12-22 14:56:00,711.17,711.3,711.17,711.3,0.02,450.25,313092.87,1
2024-12-22,2024-12-22 14:57:00,711.3,711.43,711.3,711.43,0.02,450.25,313092.87,1
2024-12-22,2024-12-22 14:58:00,711.43,711.57,711.43,711.57,0.02,450.25,313092.87,1
2024-12-22,2024-12-22 14:59:00,711.57,711.7,711.57,711.7,0.02,450.25,313092.87,1
2024-12-22,2024-12-22 15:00:00,711.7,711.7,672.0,711.7,0.0,450.25,313092.87,0
2024-12-23,2024-12-23 11:00:00,701.0,713.3,695.96,701.06,0.01,478.76,339201.56,1
2024-12-23,2024-12-23 11:01:00,701.06,701.12,701.06,701.12,0.01,478.76,339201.56,1
2024-12-23,2024-12-23 11:02:00,701.12,701.17,701.12,701.17,0.01,478.76,339201.56,1
2024-12-23,2024-12-23 11:03:00,701.17,701.23,701.17,701.23,0.01,478.76,339201.56,1
2024-12-23,2024-12-23 11:04:00,701.23,701.29,701.23,701.29,0.01,478.76,339201.56,1
2024-12-23,2024-12-23 11:05:00,701.29,701.35,701.29,701.35,0.01,478.76,339201.56,1
2024-12-23,2024-12-23 11:06:00,701.35,701.41,701.35,701.41,0.01,478.76,339201.56,1
2024-12-23,2024-12-23 11:07:00,701.41,701.47,701.41,701.47,0.01,478.76,339201.56,1
2024-12-23,2024-12-23 11:08:00,701.47,701.52,701.47,701.52,0.01,478.76,339201.56,1
2024-12-23,2024-12-23 11:09:00,701.52,701.58,701.52,701.58,0.01,478.76,339201.56,1
2024-12-23,2024-12-23 11:10:00,701.58,701.64,701.58,701.64,0.01,478.76,339201.56,1
2024-12-23,2024-12-23 11:11:00,701.64,701.7,701.64,701.7,0.01,478.76,339201.56,1
2024-12-23,2024-12-23 11:12:00,701.7,701.76,701.7,701.76,0.01,478.76,339201.56,1
2024-12-23,2024-12-23 11:13:00,701.76,701.82,701.76,701.82,0.01,478.76,339201.56,1
2024-12-23,2024-12-23 11:14:00,701.82,701.88,701.82,701.88,0.01,478.76,339201.56,1
2024-12-23,2024-12-23 11:15:00,701.88,701.93,701.88,701.93,0.01,478.76,339201.56,1
2024-12-23,2024-12-23 11:16:00,701.93,701.99,701.93,701.99,0.01,478.76,339201.56,1
2024-12-23,2024-12-23 11:17:00,701.99,702.05,701.99,702.05,0.01,478.76,339201.56,1
2024-12-23,2024-12-23 11:18:00,702.05,702.11,702.05,702.11,0.01,478.76,339201.56,1
2024-12-23,2024-12-23 11:19:00,702.11,702.17,702.11,702.17,0.01,478.76,339201.56,1
2024-12-23,2024-12-23 11:20:00,702.17,702.23,702.17,702.23,0.01,478.76,339201.56,1
2024-12-23,2024-12-23 11:21:00,702.23,702.28,702.23,702.28,0.01,478.76,339201.56,1
2024-12-23,2024-12-23 11:22:00,702.28,702.34,702.28,702.34,0.01,478.76,339201.56,1
2024-12-23,2024-12-23 11:23:00,702.34,702.4,702.34,702.4,0.01,478.76,339201.56,1
2024-12-23,2024-12-23 11:24:00,702.4,702.46,702.4,702.46,0.01,478.76,339201.56,1
2024-12-23,2024-12-23 11:25:00,702.46,702.52,702.46,702.52,0.01,478.76,339201.56,1
2024-12-23,2024-12-23 11:26:00,702.52,702.58,702.52,702.58,0.01,478.76,339201.56,1
2024-12-23,2024-12-23 11:27:00,702.58,702.63,702.58,702.63,0.01,478.76,339201.56,1
2024-12-23,2024-12-23 11:28:00,702.63,702.69,702.63,702.69,0.01,478.76,339201.56,1
2024-12-23,2024-12-23 11:29:00,702.69,702.75,702.69,702.75,0.01,478.76,339201.56,1
2024-12-23,2024-12-23 11:30:00,702.75,702.81,702.75,702.81,0.01,478.76,339201.56,1
2024-12-23,2024-12-23 11:31:00,702.81,702.87,702.81,702.87,0.01,478.76,339201.56,1
2024-12-23,2024-12-23 11:32:00,702.87,702.92,702.87,702.92,0.01,478.76,339201.56,1
2024-12-23,2024-12-23 11:33:00,702.92,702.98,702.92,702.98,0.01,478.76,339201.56,1
2024-12-23,2024-12-23 11:34:00,702.98,703.04,702.98,703.04,0.01,478.76,339201.56,1
2024-12-23,2024-12-23 11:35:00,703.04,703.1,703.04,703.1,0.01,478.76,339201.56,1
2024-12-23,2024-12-23 11:36:00,703.1,703.16,703.1,703.16,0.01,478.76,339201.56,1
2024-12-23,2024-12-23 11:37:00,703.16,703.22,703.16,703.22,0.01,478.76,339201.56,1
2024-12-23,2024-12-23 11:38:00,703.22,703.27,703.22,703.27,0.01,478.76,339201.56,1
2024-12-23,2024-12-23 11:39:00,703.27,703.33,703.27,703.33,0.01,478.76,339201.56,1
2024-12-23,2024-12-23 11:40:00,703.33,703.39,703.33,703.39,0.01,478.76,339201.56,1
2024-12-23,2024-12-23 11:41:00,703.39,703.45,703.39,703.45,0.01,478.76,339201.56,1
2024-12-23,2024-12-23 11:42:00,703.45,703.51,703.45,703.51,0.01,478.76,339201.56,1
2024-12-23,2024-12-23 11:43:00,703.51,703.57,703.51,703.57,0.01,478.76,339201.56,1
2024-12-23,2024-12-23 11:44:00,703.57,703.62,703.57,703.62,0.01,478.76,339201.56,1
2024-12-23,2024-12-23 11:45:00,703.62,703.68,703.62,703.68,0.01,478.76,339201.56,1
2024-12-23,2024-12-23 11:46:00,703.68,703.74,703.68,703.74,0.01,478.76,339201.56,1
2024-12-23,2024-12-23 11:47:00,703.74,703.8,703.74,703.8,0.01,478.76,339201.56,1
2024-12-23,2024-12-23 11:48:00,703.8,703.86,703.8,703.86,0.01,478.76,339201.56,1
2024-12-23,2024-12-23 11:49:00,703.86,703.92,703.86,703.92,0.01,478.76,339201.56,1
2024-12-23,2024-12-23 11:50:00,703.92,703.98,703.92,703.98,0.01,478.76,339201.56,1
2024-12-23,2024-12-23 11:51:00,703.98,704.03,703.98,704.03,0.01,478.76,339201.56,1
2024-12-23,2024-12-23 11:52:00,704.03,704.09,704.03,704.09,0.01,478.76,339201.56,1
2024-12-23,2024-12-23 11:53:00,704.09,704.15,704.09,704.15,0.01,478.76,339201.56,1
2024-12-23,2024-12-23 11:54:00,704.15,704.21,704.15,704.21,0.01,478.76,339201.56,1
2024-12-23,2024-12-23 11:55:00,704.21,704.27,704.21,704.27,0.01,478.76,339201.56,1
2024-12-23,2024-12-23 11:56:00,704.27,704.33,704.27,704.33,0.01,478.76,339201.56,1
2024-12-23,2024-12-23 11:57:00,704.33,704.38,704.33,704.38,0.01,478.76,339201.56,1
2024-12-23,2024-12-23 11:58:00,704.38,704.44,704.38,704.44,0.01,478.76,339201.56,1
2024-12-23,2024-12-23 11:59:00,704.44,704.5,704.44,704.5,0.01,478.76,339201.56,1
2024-12-23,2024-12-23 12:00:00,704.5,704.56,704.5,704.56,0.01,478.76,339201.56,1
2024-12-23,2024-12-23 12:01:00,704.56,704.62,704.56,704.62,0.01,478.76,339201.56,1
2024-12-23,2024-12-23 12:02:00,704.62,704.67,704.62,704.67,0.01,478.76,339201.56,1
2024-12-23,2024-12-23 12:03:00,704.67,704.73,704.67,704.73,0.01,478.76,339201.56,1
2024-12-23,2024-12-23 12:04:00,704.73,704.79,704.73,704.79,0.01,478.76,339201.56,1
2024-12-23,2024-12-23 12:05:00,704.79,704.85,704.79,704.85,0.01,478.76,339201.56,1
2024-12-23,2024-12-23 12:06:00,704.85,704.91,704.85,704.91,0.01,478.76,339201.56,1
2024-12-23,2024-12-23 12:07:00,704.91,704.97,704.91,704.97,0.01,478.76,339201.56,1
2024-12-23,2024-12-23 12:08:00,704.97,705.02,704.97,705.02,0.01,478.76,339201.56,1
2024-12-23,2024-12-23 12:09:00,705.02,705.08,705.02,705.08,0.01,478.76,339201.56,1
2024-12-23,2024-12-23 12:10:00,705.08,705.14,705.08,705.14,0.01,478.76,339201.56,1
2024-12-23,2024-12-23 12:11:00,705.14,705.2,705.14,705.2,0.01,478.76,339201.56,1
2024-12-23,2024-12-23 12:12:00,705.2,705.26,705.2,705.26,0.01,478.76,339201.56,1
2024-12-23,2024-12-23 12:13:00,705.26,705.32,705.26,705.32,0.01,478.76,339201.56,1
2024-12-23,2024-12-23 12:14:00,705.32,705.38,705.32,705.38,0.01,478.76,339201.56,1
2024-12-23,2024-12-23 12:15:00,705.38,705.43,705.38,705.43,0.01,478.76,339201.56,1
2024-12-23,2024-12-23 12:16:00,705.43,705.49,705.43,705.49,0.01,478.76,339201.56,1
2024-12-23,2024-12-23 12:17:00,705.49,705.55,705.49,705.55,0.01,478.76,339201.56,1
2024-12-23,2024-12-23 12:18:00,705.55,705.61,705.55,705.61,0.01,478.76,339201.56,1
2024-12-23,2024-12-23 12:19:00,705.61,705.67,705.61,705.67,0.01,478.76,339201.56,1
2024-12-23,2024-12-23 12:20:00,705.67,705.73,705.67,705.73,0.01,478.76,339201.56,1
2024-12-23,2024-12-23 12:21:00,705.73,705.78,705.73,705.78,0.01,478.76,339201.56,1
2024-12-23,2024-12-23 12:22:00,705.78,705.84,705.78,705.84,0.01,478.76,339201.56,1
2024-12-23,2024-12-23 12:23:00,705.84,705.9,705.84,705.9,0.01,478.76,339201.56,1
2024-12-23,2024-12-23 12:24:00,705.9,705.96,705.9,705.96,0.01,478.76,339201.56,1
2024-12-23,2024-12-23 12:25:00,705.96,706.02,705.96,706.02,0.01,478.76,339201.56,1
2024-12-23,2024-12-23 12:26:00,706.02,706.08,706.02,706.08,0.01,478.76,339201.56,1
2024-12-23,2024-12-23 12:27:00,706.08,706.13,706.08,706.13,0.01,478.76,339201.56,1
2024-12-23,2024-12-23 12:28:00,706.13,706.19,706.13,706.19,0.01,478.76,339201.56,1
2024-12-23,2024-12-23 12:29:00,706.19,706.25,706.19,706.25,0.01,478.76,339201.56,1
2024-12-23,2024-12-23 12:30:00,706.25,706.31,706.25,706.31,0.01,478.76,339201.56,1
2024-12-23,2024-12-23 12:31:00,706.31,706.37,706.31,706.37,0.01,478.76,339201.56,1
2024-12-23,2024-12-23 12:32:00,706.37,706.42,706.37,706.42,0.01,478.76,339201.56,1
2024-12-23,2024-12-23 12:33:00,706.42,706.48,706.42,706.48,0.01,478.76,339201.56,1
2024-12-23,2024-12-23 12:34:00,706.48,706.54,706.48,706.54,0.01,478.76,339201.56,1
2024-12-23,2024-12-23 12:35:00,706.54,706.6,706.54,706.6,0.01,478.76,339201.56,1
2024-12-23,2024-12-23 12:36:00,706.6,706.66,706.6,706.66,0.01,478.76,339201.56,1
2024-12-23,2024-12-23 12:37:00,706.66,706.72,706.66,706.72,0.01,478.76,339201.56,1
2024-12-23,2024-12-23 12:38:00,706.72,706.77,706.72,706.77,0.01,478.76,339201.56,1
2024-12-23,2024-12-23 12:39:00,706.77,706.83,706.77,706.83,0.01,478.76,339201.56,1
2024-12-23,2024-12-23 12:40:00,706.83,706.89,706.83,706.89,0.01,478.76,339201.56,1
2024-12-23,2024-12-23 12:41:00,706.89,706.95,706.89,706.95,0.01,478.76,339201.56,1
2024-12-23,2024-12-23 12:42:00,706.95,707.01,706.95,707.01,0.01,478.76,339201.56,1
2024-12-23,2024-12-23 12:43:00,707.01,707.07,707.01,707.07,0.01,478.76,339201.56,1
2024-12-23,2024-12-23 12:44:00,707.07,707.12,707.07,707.12,0.01,478.76,339201.56,1
2024-12-23,2024-12-23 12:45:00,707.12,707.18,707.12,707.18,0.01,478.76,339201.56,1
2024-12-23,2024-12-23 12:46:00,707.18,707.24,707.18,707.24,0.01,478.76,339201.56,1
2024-12-23,2024-12-23 12:47:00,707.24,707.3,707.24,707.3,0.01,478.76,339201.56,1
2024-12-23,2024-12-23 12:48:00,707.3,707.36,707.3,707.36,0.01,478.76,339201.56,1
2024-12-23,2024-12-23 12:49:00,707.36,707.42,707.36,707.42,0.01,478.76,339201.56,1
2024-12-23,2024-12-23 12:50:00,707.42,707.48,707.42,707.48,0.01,478.76,339201.56,1
2024-12-23,2024-12-23 12:51:00,707.48,707.53,707.48,707.53,0.01,478.76,339201.56,1
2024-12-23,2024-12-23 12:52:00,707.53,707.59,707.53,707.59,0.01,478.76,339201.56,1
2024-12-23,2024-12-23 12:53:00,707.59,707.65,707.59,707.65,0.01,478.76,339201.56,1
2024-12-23,2024-12-23 12:54:00,707.65,707.71,707.65,707.71,0.01,478.76,339201.56,1
2024-12-23,2024-12-23 12:55:00,707.71,707.77,707.71,707.77,0.01,478.76,339201.56,1
2024-12-23,2024-12-23 12:56:00,707.77,707.83,707.77,707.83,0.01,478.76,339201.56,1
2024-12-23,2024-12-23 12:57:00,707.83,707.88,707.83,707.88,0.01,478.76,339201.56,1
2024-12-23,2024-12-23 12:58:00,707.88,707.94,707.88,707.94,0.01,478.76,339201.56,1
2024-12-23,2024-12-23 12:59:00,707.94,708.0,707.94,708.0,0.01,478.76,339201.56,1
2024-12-23,2024-12-23 13:00:00,708.0,742.0,684.2,708.06,0.01,478.76,339201.56,1
2024-12-23,2024-12-23 13:01:00,708.06,708.12,708.06,708.12,0.01,478.76,339201.56,1
2024-12-23,2024-12-23 13:02:00,708.12,708.17,708.12,708.17,0.01,478.76,339201.56,1
2024-12-23,2024-12-23 13:03:00,708.17,708.23,708.17,708.23,0.01,478.76,339201.56,1
2024-12-23,2024-12-23 13:04:00,708.23,708.29,708.23,708.29,0.01,478.76,339201.56,1
2024-12-23,2024-12-23 13:05:00,708.29,708.35,708.29,708.35,0.01,478.76,339201.56,1
2024-12-23,2024-12-23 13:06:00,708.35,708.41,708.35,708.41,0.01,478.76,339201.56,1
2024-12-23,2024-12-23 13:07:00,708.41,708.47,708.41,708.47,0.01,478.76,339201.56,1
2024-12-23,2024-12-23 13:08:00,708.47,708.52,708.47,708.52,0.01,478.76,339201.56,1
2024-12-23,2024-12-23 13:09:00,708.52,708.58,708.52,708.58,0.01,478.76,339201.56,1
2024-12-23,2024-12-23 13:10:00,708.58,708.64,708.58,708.64,0.01,478.76,339201.56,1
2024-12-23,2024-12-23 13:11:00,708.64,708.7,708.64,708.7,0.01,478.76,339201.56,1
2024-12-23,2024-12-23 13:12:00,708.7,708.76,708.7,708.76,0.01,478.76,339201.56,1
2024-12-23,2024-12-23 13:13:00,708.76,708.82,708.76,708.82,0.01,478.76,339201.56,1
2024-12-23,2024-12-23 13:14:00,708.82,708.88,708.82,708.88,0.01,478.76,339201.56,1
2024-12-23,2024-12-23 13:15:00,708.88,708.93,708.88,708.93,0.01,478.76,339201.56,1
2024-12-23,2024-12-23 13:16:00,708.93,708.99,708.93,708.99,0.01,478.76,339201.56,1
2024-12-23,2024-12-23 13:17:00,708.99,709.05,708.99,709.05,0.01,478.76,339201.56,1
2024-12-23,2024-12-23 13:18:00,709.05,709.11,709.05,709.11,0.01,478.76,339201.56,1
2024-12-23,2024-12-23 13:19:00,709.11,709.17,709.11,709.17,0.01,478.76,339201.56,1
2024-12-23,2024-12-23 13:20:00,709.17,709.23,709.17,709.23,0.01,478.76,339201.56,1
2024-12-23,2024-12-23 13:21:00,709.23,709.28,709.23,709.28,0.01,478.76,339201.56,1
2024-12-23,2024-12-23 13:22:00,709.28,709.34,709.28,709.34,0.01,478.76,339201.56,1
2024-12-23,2024-12-23 13:23:00,709.34,709.4,709.34,709.4,0.01,478.76,339201.56,1
2024-12-23,2024-12-23 13:24:00,709.4,709.46,709.4,709.46,0.01,478.76,339201.56,1
2024-12-23,2024-12-23 13:25:00,709.46,709.52,709.46,709.52,0.01,478.76,339201.56,1
2024-12-23,2024-12-23 13:26:00,709.52,709.58,709.52,709.58,0.01,478.76,339201.56,1
2024-12-23,2024-12-23 13:27:00,709.58,709.63,709.58,709.63,0.01,478.76,339201.56,1
2024-12-23,2024-12-23 13:28:00,709.63,709.69,709.63,709.69,0.01,478.76,339201.56,1
2024-12-23,2024-12-23 13:29:00,709.69,709.75,709.69,709.75,0.01,478.76,339201.56,1
2024-12-23,2024-12-23 13:30:00,709.75,709.81,709.75,709.81,0.01,478.76,339201.56,1
2024-12-23,2024-12-23 13:31:00,709.81,709.87,709.81,709.87,0.01,478.76,339201.56,1
2024-12-23,2024-12-23 13:32:00,709.87,709.92,709.87,709.92,0.01,478.76,339201.56,1
2024-12-23,2024-12-23 13:33:00,709.92,709.98,709.92,709.98,0.01,478.76,339201.56,1
2024-12-23,2024-12-23 13:34:00,709.98,710.04,709.98,710.04,0.01,478.76,339201.56,1
2024-12-23,2024-12-23 13:35:00,710.04,710.1,710.04,710.1,0.01,478.76,339201.56,1
2024-12-23,2024-12-23 13:36:00,710.1,710.16,710.1,710.16,0.01,478.76,339201.56,1
2024-12-23,2024-12-23 13:37:00,710.16,710.22,710.16,710.22,0.01,478.76,339201.56,1
2024-12-23,2024-12-23 13:38:00,710.22,710.27,710.22,710.27,0.01,478.76,339201.56,1
2024-12-23,2024-12-23 13:39:00,710.27,710.33,710.27,710.33,0.01,478.76,339201.56,1
2024-12-23,2024-12-23 13:40:00,710.33,710.39,710.33,710.39,0.01,478.76,339201.56,1
2024-12-23,2024-12-23 13:41:00,710.39,710.45,710.39,710.45,0.01,478.76,339201.56,1
2024-12-23,2024-12-23 13:42:00,710.45,710.51,710.45,710.51,0.01,478.76,339201.56,1
2024-12-23,2024-12-23 13:43:00,710.51,710.57,710.51,710.57,0.01,478.76,339201.56,1
2024-12-23,2024-12-23 13:44:00,710.57,710.62,710.57,710.62,0.01,478.76,339201.56,1
2024-12-23,2024-12-23 13:45:00,710.62,710.68,710.62,710.68,0.01,478.76,339201.56,1
2024-12-23,2024-12-23 13:46:00,710.68,710.74,710.68,710.74,0.01,478.76,339201.56,1
2024-12-23,2024-12-23 13:47:00,710.74,710.8,710.74,710.8,0.01,478.76,339201.56,1
2024-12-23,2024-12-23 13:48:00,710.8,710.86,710.8,710.86,0.01,478.76,339201.56,1
2024-12-23,2024-12-23 13:49:00,710.86,710.92,710.86,710.92,0.01,478.76,339201.56,1
2024-12-23,2024-12-23 13:50:00,710.92,710.98,710.92,710.98,0.01,478.76,339201.56,1
2024-12-23,2024-12-23 13:51:00,710.98,711.03,710.98,711.03,0.01,478.76,339201.56,1
2024-12-23,2024-12-23 13:52:00,711.03,711.09,711.03,711.09,0.01,478.76,339201.56,1
2024-12-23,2024-12-23 13:53:00,711.09,711.15,711.09,711.15,0.01,478.76,339201.56,1
2024-12-23,2024-12-23 13:54:00,711.15,711.21,711.15,711.21,0.01,478.76,339201.56,1
2024-12-23,2024-12-23 13:55:00,711.21,711.27,711.21,711.27,0.01,478.76,339201.56,1
2024-12-23,2024-12-23 13:56:00,711.27,711.33,711.27,711.33,0.01,478.76,339201.56,1
2024-12-23,2024-12-23 13:57:00,711.33,711.38,711.33,711.38,0.01,478.76,339201.56,1
2024-12-23,2024-12-23 13:58:00,711.38,711.44,711.38,711.44,0.01,478.76,339201.56,1
2024-12-23,2024-12-23 13:59:00,711.44,711.5,711.44,711.5,0.01,478.76,339201.56,1
2024-12-23,2024-12-23 14:00:00,711.5,711.56,711.5,711.56,0.01,478.76,339201.56,1
2024-12-23,2024-12-23 14:01:00,711.56,711.62,711.56,711.62,0.01,478.76,339201.56,1
2024-12-23,2024-12-23 14:02:00,711.62,711.67,711.62,711.67,0.01,478.76,339201.56,1
2024-12-23,2024-12-23 14:03:00,711.67,711.73,711.67,711.73,0.01,478.76,339201.56,1
2024-12-23,2024-12-23 14:04:00,711.73,711.79,711.73,711.79,0.01,478.76,339201.56,1
2024-12-23,2024-12-23 14:05:00,711.79,711.85,711.79,711.85,0.01,478.76,339201.56,1
2024-12-23,2024-12-23 14:06:00,711.85,711.91,711.85,711.91,0.01,478.76,339201.56,1
2024-12-23,2024-12-23 14:07:00,711.91,711.97,711.91,711.97,0.01,478.76,339201.56,1
2024-12-23,2024-12-23 14:08:00,711.97,712.02,711.97,712.02,0.01,478.76,339201.56,1
2024-12-23,2024-12-23 14:09:00,712.02,712.08,712.02,712.08,0.01,478.76,339201.56,1
2024-12-23,2024-12-23 14:10:00,712.08,712.14,712.08,712.14,0.01,478.76,339201.56,1
2024-12-23,2024-12-23 14:11:00,712.14,712.2,712.14,712.2,0.01,478.76,339201.56,1
2024-12-23,2024-12-23 14:12:00,712.2,712.26,712.2,712.26,0.01,478.76,339201.56,1
2024-12-23,2024-12-23 14:13:00,712.26,712.32,712.26,712.32,0.01,478.76,339201.56,1
2024-12-23,2024-12-23 14:14:00,712.32,712.38,712.32,712.38,0.01,478.76,339201.56,1
2024-12-23,2024-12-23 14:15:00,712.38,712.43,712.38,712.43,0.01,478.76,339201.56,1
2024-12-23,2024-12-23 14:16:00,712.43,712.49,712.43,712.49,0.01,478.76,339201.56,1
2024-12-23,2024-12-23 14:17:00,712.49,712.55,712.49,712.55,0.01,478.76,339201.56,1
2024-12-23,2024-12-23 14:18:00,712.55,712.61,712.55,712.61,0.01,478.76,339201.56,1
2024-12-23,2024-12-23 14:19:00,712.61,712.67,712.61,712.67,0.01,478.76,339201.56,1
2024-12-23,2024-12-23 14:20:00,712.67,712.73,712.67,712.73,0.01,478.76,339201.56,1
2024-12-23,2024-12-23 14:21:00,712.73,712.78,712.73,712.78,0.01,478.76,339201.56,1
2024-12-23,2024-12-23 14:22:00,712.78,712.84,712.78,712.84,0.01,478.76,339201.56,1
2024-12-23,2024-12-23 14:23:00,712.84,712.9,712.84,712.9,0.01,478.76,339201.56,1
2024-12-23,2024-12-23 14:24:00,712.9,712.96,712.9,712.96,0.01,478.76,339201.56,1
2024-12-23,2024-12-23 14:25:00,712.96,713.02,712.96,713.02,0.01,478.76,339201.56,1
2024-12-23,2024-12-23 14:26:00,713.02,713.08,713.02,713.08,0.01,478.76,339201.56,1
2024-12-23,2024-12-23 14:27:00,713.08,713.13,713.08,713.13,0.01,478.76,339201.56,1
2024-12-23,2024-12-23 14:28:00,713.13,713.19,713.13,713.19,0.01,478.76,339201.56,1
2024-12-23,2024-12-23 14:29:00,713.19,713.25,713.19,713.25,0.01,478.76,339201.56,1
2024-12-23,2024-12-23 14:30:00,713.25,713.31,713.25,713.31,0.01,478.76,339201.56,1
2024-12-23,2024-12-23 14:31:00,713.31,713.37,713.31,713.37,0.01,478.76,339201.56,1
2024-12-23,2024-12-23 14:32:00,713.37,713.42,713.37,713.42,0.01,478.76,339201.56,1
2024-12-23,2024-12-23 14:33:00,713.42,713.48,713.42,713.48,0.01,478.76,339201.56,1
2024-12-23,2024-12-23 14:34:00,713.48,713.54,713.48,713.54,0.01,478.76,339201.56,1
2024-12-23,2024-12-23 14:35:00,713.54,713.6,713.54,713.6,0.01,478.76,339201.56,1
2024-12-23,2024-12-23 14:36:00,713.6,713.66,713.6,713.66,0.01,478.76,339201.56,1
2024-12-23,2024-12-23 14:37:00,713.66,713.72,713.66,713.72,0.01,478.76,339201.56,1
2024-12-23,2024-12-23 14:38:00,713.72,713.77,713.72,713.77,0.01,478.76,339201.56,1
2024-12-23,2024-12-23 14:39:00,713.77,713.83,713.77,713.83,0.01,478.76,339201.56,1
2024-12-23,2024-12-23 14:40:00,713.83,713.89,713.83,713.89,0.01,478.76,339201.56,1
2024-12-23,2024-12-23 14:41:00,713.89,713.95,713.89,713.95,0.01,478.76,339201.56,1
2024-12-23,2024-12-23 14:42:00,713.95,714.01,713.95,714.01,0.01,478.76,339201.56,1
2024-12-23,2024-12-23 14:43:00,714.01,714.07,714.01,714.07,0.01,478.76,339201.56,1
2024-12-23,2024-12-23 14:44:00,714.07,714.12,714.07,714.12,0.01,478.76,339201.56,1
2024-12-23,2024-12-23 14:45:00,714.12,714.18,714.12,714.18,0.01,478.76,339201.56,1
2024-12-23,2024-12-23 14:46:00,714.18,714.24,714.18,714.24,0.01,478.76,339201.56,1
2024-12-23,2024-12-23 14:47:00,714.24,714.3,714.24,714.3,0.01,478.76,339201.56,1
2024-12-23,2024-12-23 14:48:00,714.3,714.36,714.3,714.36,0.01,478.76,339201.56,1
2024-12-23,2024-12-23 14:49:00,714.36,714.42,714.36,714.42,0.01,478.76,339201.56,1
2024-12-23,2024-12-23 14:50:00,714.42,714.48,714.42,714.48,0.01,478.76,339201.56,1
2024-12-23,2024-12-23 14:51:00,714.48,714.53,714.48,714.53,0.01,478.76,339201.56,1
2024-12-23,2024-12-23 14:52:00,714.53,714.59,714.53,714.59,0.01,478.76,339201.56,1
2024-12-23,2024-12-23 14:53:00,714.59,714.65,714.59,714.65,0.01,478.76,339201.56,1
2024-12-23,2024-12-23 14:54:00,714.65,714.71,714.65,714.71,0.01,478.76,339201.56,1
2024-12-23,2024-12-23 14:55:00,714.71,714.77,714.71,714.77,0.01,478.76,339201.56,1
2024-12-23,2024-12-23 14:56:00,714.77,714.83,714.77,714.83,0.01,478.76,339201.56,1
2024-12-23,2024-12-23 14:57:00,714.83,714.88,714.83,714.88,0.01,478.76,339201.56,1
2024-12-23,2024-12-23 14:58:00,714.88,714.94,714.88,714.94,0.01,478.76,339201.56,1
2024-12-23,2024-12-23 14:59:00,714.94,715.0,714.94,715.0,0.01,478.76,339201.56,1
2024-12-23,2024-12-23 15:00:00,715.0,742.0,684.2,715.0,0.0,478.76,339201.56,0
2024-12-24,2024-12-24 11:00:00,729.3,733.41,725.91,729.36,0.01,269.87,198131.28,1
2024-12-24,2024-12-24 11:01:00,729.36,729.41,729.36,729.41,0.01,269.87,198131.28,1
2024-12-24,2024-12-24 11:02:00,729.41,729.47,729.41,729.47,0.01,269.87,198131.28,1
2024-12-24,2024-12-24 11:03:00,729.47,729.53,729.47,729.53,0.01,269.87,198131.28,1
2024-12-24,2024-12-24 11:04:00,729.53,729.59,729.53,729.59,0.01,269.87,198131.28,1
2024-12-24,2024-12-24 11:05:00,729.59,729.64,729.59,729.64,0.01,269.87,198131.28,1
2024-12-24,2024-12-24 11:06:00,729.64,729.7,729.64,729.7,0.01,269.87,198131.28,1
2024-12-24,2024-12-24 11:07:00,729.7,729.76,729.7,729.76,0.01,269.87,198131.28,1
2024-12-24,2024-12-24 11:08:00,729.76,729.81,729.76,729.81,0.01,269.87,198131.28,1
2024-12-24,2024-12-24 11:09:00,729.81,729.87,729.81,729.87,0.01,269.87,198131.28,1
2024-12-24,2024-12-24 11:10:00,729.87,729.93,729.87,729.93,0.01,269.87,198131.28,1
2024-12-24,2024-12-24 11:11:00,729.93,729.98,729.93,729.98,0.01,269.87,198131.28,1
2024-12-24,2024-12-24 11:12:00,729.98,730.04,729.98,730.04,0.01,269.87,198131.28,1
2024-12-24,2024-12-24 11:13:00,730.04,730.1,730.04,730.1,0.01,269.87,198131.28,1
2024-12-24,2024-12-24 11:14:00,730.1,730.16,730.1,730.16,0.01,269.87,198131.28,1
2024-12-24,2024-12-24 11:15:00,730.16,730.21,730.16,730.21,0.01,269.87,198131.28,1
2024-12-24,2024-12-24 11:16:00,730.21,730.27,730.21,730.27,0.01,269.87,198131.28,1
2024-12-24,2024-12-24 11:17:00,730.27,730.33,730.27,730.33,0.01,269.87,198131.28,1
2024-12-24,2024-12-24 11:18:00,730.33,730.38,730.33,730.38,0.01,269.87,198131.28,1
2024-12-24,2024-12-24 11:19:00,730.38,730.44,730.38,730.44,0.01,269.87,198131.28,1
2024-12-24,2024-12-24 11:20:00,730.44,730.5,730.44,730.5,0.01,269.87,198131.28,1
2024-12-24,2024-12-24 11:21:00,730.5,730.56,730.5,730.56,0.01,269.87,198131.28,1
2024-12-24,2024-12-24 11:22:00,730.56,730.61,730.56,730.61,0.01,269.87,198131.28,1
2024-12-24,2024-12-24 11:23:00,730.61,730.67,730.61,730.67,0.01,269.87,198131.28,1
2024-12-24,2024-12-24 11:24:00,730.67,730.73,730.67,730.73,0.01,269.87,198131.28,1
2024-12-24,2024-12-24 11:25:00,730.73,730.78,730.73,730.78,0.01,269.87,198131.28,1
2024-12-24,2024-12-24 11:26:00,730.78,730.84,730.78,730.84,0.01,269.87,198131.28,1
2024-12-24,2024-12-24 11:27:00,730.84,730.9,730.84,730.9,0.01,269.87,198131.28,1
2024-12-24,2024-12-24 11:28:00,730.9,730.96,730.9,730.96,0.01,269.87,198131.28,1
2024-12-24,2024-12-24 11:29:00,730.96,731.01,730.96,731.01,0.01,269.87,198131.28,1
2024-12-24,2024-12-24 11:30:00,731.01,731.07,731.01,731.07,0.01,269.87,198131.28,1
2024-12-24,2024-12-24 11:31:00,731.07,731.13,731.07,731.13,0.01,269.87,198131.28,1
2024-12-24,2024-12-24 11:32:00,731.13,731.18,731.13,731.18,0.01,269.87,198131.28,1
2024-12-24,2024-12-24 11:33:00,731.18,731.24,731.18,731.24,0.01,269.87,198131.28,1
2024-12-24,2024-12-24 11:34:00,731.24,731.3,731.24,731.3,0.01,269.87,198131.28,1
2024-12-24,2024-12-24 11:35:00,731.3,731.36,731.3,731.36,0.01,269.87,198131.28,1
2024-12-24,2024-12-24 11:36:00,731.36,731.41,731.36,731.41,0.01,269.87,198131.28,1
2024-12-24,2024-12-24 11:37:00,731.41,731.47,731.41,731.47,0.01,269.87,198131.28,1
2024-12-24,2024-12-24 11:38:00,731.47,731.53,731.47,731.53,0.01,269.87,198131.28,1
2024-12-24,2024-12-24 11:39:00,731.53,731.58,731.53,731.58,0.01,269.87,198131.28,1
2024-12-24,2024-12-24 11:40:00,731.58,731.64,731.58,731.64,0.01,269.87,198131.28,1
2024-12-24,2024-12-24 11:41:00,731.64,731.7,731.64,731.7,0.01,269.87,198131.28,1
2024-12-24,2024-12-24 11:42:00,731.7,731.75,731.7,731.75,0.01,269.87,198131.28,1
2024-12-24,2024-12-24 11:43:00,731.75,731.81,731.75,731.81,0.01,269.87,198131.28,1
2024-12-24,2024-12-24 11:44:00,731.81,731.87,731.81,731.87,0.01,269.87,198131.28,1
2024-12-24,2024-12-24 11:45:00,731.87,731.93,731.87,731.93,0.01,269.87,198131.28,1
2024-12-24,2024-12-24 11:46:00,731.93,731.98,731.93,731.98,0.01,269.87,198131.28,1
2024-12-24,2024-12-24 11:47:00,731.98,732.04,731.98,732.04,0.01,269.87,198131.28,1
2024-12-24,2024-12-24 11:48:00,732.04,732.1,732.04,732.1,0.01,269.87,198131.28,1
2024-12-24,2024-12-24 11:49:00,732.1,732.15,732.1,732.15,0.01,269.87,198131.28,1
2024-12-24,2024-12-24 11:50:00,732.15,732.21,732.15,732.21,0.01,269.87,198131.28,1
2024-12-24,2024-12-24 11:51:00,732.21,732.27,732.21,732.27,0.01,269.87,198131.28,1
2024-12-24,2024-12-24 11:52:00,732.27,732.33,732.27,732.33,0.01,269.87,198131.28,1
2024-12-24,2024-12-24 11:53:00,732.33,732.38,732.33,732.38,0.01,269.87,198131.28,1
2024-12-24,2024-12-24 11:54:00,732.38,732.44,732.38,732.44,0.01,269.87,198131.28,1
2024-12-24,2024-12-24 11:55:00,732.44,732.5,732.44,732.5,0.01,269.87,198131.28,1
2024-12-24,2024-12-24 11:56:00,732.5,732.55,732.5,732.55,0.01,269.87,198131.28,1
2024-12-24,2024-12-24 11:57:00,732.55,732.61,732.55,732.61,0.01,269.87,198131.28,1
2024-12-24,2024-12-24 11:58:00,732.61,732.67,732.61,732.67,0.01,269.87,198131.28,1
2024-12-24,2024-12-24 11:59:00,732.67,732.72,732.67,732.72,0.01,269.87,198131.28,1
2024-12-24,2024-12-24 12:00:00,732.72,732.78,732.72,732.78,0.01,269.87,198131.28,1
2024-12-24,2024-12-24 12:01:00,732.78,732.84,732.78,732.84,0.01,269.87,198131.28,1
2024-12-24,2024-12-24 12:02:00,732.84,732.9,732.84,732.9,0.01,269.87,198131.28,1
2024-12-24,2024-12-24 12:03:00,732.9,732.95,732.9,732.95,0.01,269.87,198131.28,1
2024-12-24,2024-12-24 12:04:00,732.95,733.01,732.95,733.01,0.01,269.87,198131.28,1
2024-12-24,2024-12-24 12:05:00,733.01,733.07,733.01,733.07,0.01,269.87,198131.28,1
2024-12-24,2024-12-24 12:06:00,733.07,733.12,733.07,733.12,0.01,269.87,198131.28,1
2024-12-24,2024-12-24 12:07:00,733.12,733.18,733.12,733.18,0.01,269.87,198131.28,1
2024-12-24,2024-12-24 12:08:00,733.18,733.24,733.18,733.24,0.01,269.87,198131.28,1
2024-12-24,2024-12-24 12:09:00,733.24,733.3,733.24,733.3,0.01,269.87,198131.28,1
2024-12-24,2024-12-24 12:10:00,733.3,733.35,733.3,733.35,0.01,269.87,198131.28,1
2024-12-24,2024-12-24 12:11:00,733.35,733.41,733.35,733.41,0.01,269.87,198131.28,1
2024-12-24,2024-12-24 12:12:00,733.41,733.47,733.41,733.47,0.01,269.87,198131.28,1
2024-12-24,2024-12-24 12:13:00,733.47,733.52,733.47,733.52,0.01,269.87,198131.28,1
2024-12-24,2024-12-24 12:14:00,733.52,733.58,733.52,733.58,0.01,269.87,198131.28,1
2024-12-24,2024-12-24 12:15:00,733.58,733.64,733.58,733.64,0.01,269.87,198131.28,1
2024-12-24,2024-12-24 12:16:00,733.64,733.7,733.64,733.7,0.01,269.87,198131.28,1
2024-12-24,2024-12-24 12:17:00,733.7,733.75,733.7,733.75,0.01,269.87,198131.28,1
2024-12-24,2024-12-24 12:18:00,733.75,733.81,733.75,733.81,0.01,269.87,198131.28,1
2024-12-24,2024-12-24 12:19:00,733.81,733.87,733.81,733.87,0.01,269.87,198131.28,1
2024-12-24,2024-12-24 12:20:00,733.87,733.92,733.87,733.92,0.01,269.87,198131.28,1
2024-12-24,2024-12-24 12:21:00,733.92,733.98,733.92,733.98,0.01,269.87,198131.28,1
2024-12-24,2024-12-24 12:22:00,733.98,734.04,733.98,734.04,0.01,269.87,198131.28,1
2024-12-24,2024-12-24 12:23:00,734.04,734.1,734.04,734.1,0.01,269.87,198131.28,1
2024-12-24,2024-12-24 12:24:00,734.1,734.15,734.1,734.15,0.01,269.87,198131.28,1
2024-12-24,2024-12-24 12:25:00,734.15,734.21,734.15,734.21,0.01,269.87,198131.28,1
2024-12-24,2024-12-24 12:26:00,734.21,734.27,734.21,734.27,0.01,269.87,198131.28,1
2024-12-24,2024-12-24 12:27:00,734.27,734.32,734.27,734.32,0.01,269.87,198131.28,1
2024-12-24,2024-12-24 12:28:00,734.32,734.38,734.32,734.38,0.01,269.87,198131.28,1
2024-12-24,2024-12-24 12:29:00,734.38,734.44,734.38,734.44,0.01,269.87,198131.28,1
2024-12-24,2024-12-24 12:30:00,734.44,734.49,734.44,734.49,0.01,269.87,198131.28,1
2024-12-24,2024-12-24 12:31:00,734.49,734.55,734.49,734.55,0.01,269.87,198131.28,1
2024-12-24,2024-12-24 12:32:00,734.55,734.61,734.55,734.61,0.01,269.87,198131.28,1
2024-12-24,2024-12-24 12:33:00,734.61,734.67,734.61,734.67,0.01,269.87,198131.28,1
2024-12-24,2024-12-24 12:34:00,734.67,734.72,734.67,734.72,0.01,269.87,198131.28,1
2024-12-24,2024-12-24 12:35:00,734.72,734.78,734.72,734.78,0.01,269.87,198131.28,1
2024-12-24,2024-12-24 12:36:00,734.78,734.84,734.78,734.84,0.01,269.87,198131.28,1
2024-12-24,2024-12-24 12:37:00,734.84,734.89,734.84,734.89,0.01,269.87,198131.28,1
2024-12-24,2024-12-24 12:38:00,734.89,734.95,734.89,734.95,0.01,269.87,198131.28,1
2024-12-24,2024-12-24 12:39:00,734.95,735.01,734.95,735.01,0.01,269.87,198131.28,1
2024-12-24,2024-12-24 12:40:00,735.01,735.07,735.01,735.07,0.01,269.87,198131.28,1
2024-12-24,2024-12-24 12:41:00,735.07,735.12,735.07,735.12,0.01,269.87,198131.28,1
2024-12-24,2024-12-24 12:42:00,735.12,735.18,735.12,735.18,0.01,269.87,198131.28,1
2024-12-24,2024-12-24 12:43:00,735.18,735.24,735.18,735.24,0.01,269.87,198131.28,1
2024-12-24,2024-12-24 12:44:00,735.24,735.29,735.24,735.29,0.01,269.87,198131.28,1
2024-12-24,2024-12-24 12:45:00,735.29,735.35,735.29,735.35,0.01,269.87,198131.28,1
2024-12-24,2024-12-24 12:46:00,735.35,735.41,735.35,735.41,0.01,269.87,198131.28,1
2024-12-24,2024-12-24 12:47:00,735.41,735.46,735.41,735.46,0.01,269.87,198131.28,1
2024-12-24,2024-12-24 12:48:00,735.46,735.52,735.46,735.52,0.01,269.87,198131.28,1
2024-12-24,2024-12-24 12:49:00,735.52,735.58,735.52,735.58,0.01,269.87,198131.28,1
2024-12-24,2024-12-24 12:50:00,735.58,735.64,735.58,735.64,0.01,269.87,198131.28,1
2024-12-24,2024-12-24 12:51:00,735.64,735.69,735.64,735.69,0.01,269.87,198131.28,1
2024-12-24,2024-12-24 12:52:00,735.69,735.75,735.69,735.75,0.01,269.87,198131.28,1
2024-12-24,2024-12-24 12:53:00,735.75,735.81,735.75,735.81,0.01,269.87,198131.28,1
2024-12-24,2024-12-24 12:54:00,735.81,735.86,735.81,735.86,0.01,269.87,198131.28,1
2024-12-24,2024-12-24 12:55:00,735.86,735.92,735.86,735.92,0.01,269.87,198131.28,1
2024-12-24,2024-12-24 12:56:00,735.92,735.98,735.92,735.98,0.01,269.87,198131.28,1
2024-12-24,2024-12-24 12:57:00,735.98,736.04,735.98,736.04,0.01,269.87,198131.28,1
2024-12-24,2024-12-24 12:58:00,736.04,736.09,736.04,736.09,0.01,269.87,198131.28,1
2024-12-24,2024-12-24 12:59:00,736.09,736.15,736.09,736.15,0.01,269.87,198131.28,1
2024-12-24,2024-12-24 13:00:00,736.15,743.0,718.0,736.21,0.01,269.87,198131.28,1
2024-12-24,2024-12-24 13:01:00,736.21,736.26,736.21,736.26,0.01,269.87,198131.28,1
2024-12-24,2024-12-24 13:02:00,736.26,736.32,736.26,736.32,0.01,269.87,198131.28,1
2024-12-24,2024-12-24 13:03:00,736.32,736.38,736.32,736.38,0.01,269.87,198131.28,1
2024-12-24,2024-12-24 13:04:00,736.38,736.44,736.38,736.44,0.01,269.87,198131.28,1
2024-12-24,2024-12-24 13:05:00,736.44,736.49,736.44,736.49,0.01,269.87,198131.28,1
2024-12-24,2024-12-24 13:06:00,736.49,736.55,736.49,736.55,0.01,269.87,198131.28,1
2024-12-24,2024-12-24 13:07:00,736.55,736.61,736.55,736.61,0.01,269.87,198131.28,1
2024-12-24,2024-12-24 13:08:00,736.61,736.66,736.61,736.66,0.01,269.87,198131.28,1
2024-12-24,2024-12-24 13:09:00,736.66,736.72,736.66,736.72,0.01,269.87,198131.28,1
2024-12-24,2024-12-24 13:10:00,736.72,736.78,736.72,736.78,0.01,269.87,198131.28,1
2024-12-24,2024-12-24 13:11:00,736.78,736.84,736.78,736.84,0.01,269.87,198131.28,1
2024-12-24,2024-12-24 13:12:00,736.84,736.89,736.84,736.89,0.01,269.87,198131.28,1
2024-12-24,2024-12-24 13:13:00,736.89,736.95,736.89,736.95,0.01,269.87,198131.28,1
2024-12-24,2024-12-24 13:14:00,736.95,737.01,736.95,737.01,0.01,269.87,198131.28,1
2024-12-24,2024-12-24 13:15:00,737.01,737.06,737.01,737.06,0.01,269.87,198131.28,1
2024-12-24,2024-12-24 13:16:00,737.06,737.12,737.06,737.12,0.01,269.87,198131.28,1
2024-12-24,2024-12-24 13:17:00,737.12,737.18,737.12,737.18,0.01,269.87,198131.28,1
2024-12-24,2024-12-24 13:18:00,737.18,737.23,737.18,737.23,0.01,269.87,198131.28,1
2024-12-24,2024-12-24 13:19:00,737.23,737.29,737.23,737.29,0.01,269.87,198131.28,1
2024-12-24,2024-12-24 13:20:00,737.29,737.35,737.29,737.35,0.01,269.87,198131.28,1
2024-12-24,2024-12-24 13:21:00,737.35,737.41,737.35,737.41,0.01,269.87,198131.28,1
2024-12-24,2024-12-24 13:22:00,737.41,737.46,737.41,737.46,0.01,269.87,198131.28,1
2024-12-24,2024-12-24 13:23:00,737.46,737.52,737.46,737.52,0.01,269.87,198131.28,1
2024-12-24,2024-12-24 13:24:00,737.52,737.58,737.52,737.58,0.01,269.87,198131.28,1
2024-12-24,2024-12-24 13:25:00,737.58,737.63,737.58,737.63,0.01,269.87,198131.28,1
2024-12-24,2024-12-24 13:26:00,737.63,737.69,737.63,737.69,0.01,269.87,198131.28,1
2024-12-24,2024-12-24 13:27:00,737.69,737.75,737.69,737.75,0.01,269.87,198131.28,1
2024-12-24,2024-12-24 13:28:00,737.75,737.81,737.75,737.81,0.01,269.87,198131.28,1
2024-12-24,2024-12-24 13:29:00,737.81,737.86,737.81,737.86,0.01,269.87,198131.28,1
2024-12-24,2024-12-24 13:30:00,737.86,737.92,737.86,737.92,0.01,269.87,198131.28,1
2024-12-24,2024-12-24 13:31:00,737.92,737.98,737.92,737.98,0.01,269.87,198131.28,1
2024-12-24,2024-12-24 13:32:00,737.98,738.03,737.98,738.03,0.01,269.87,198131.28,1
2024-12-24,2024-12-24 13:33:00,738.03,738.09,738.03,738.09,0.01,269.87,198131.28,1
2024-12-24,2024-12-24 13:34:00,738.09,738.15,738.09,738.15,0.01,269.87,198131.28,1
2024-12-24,2024-12-24 13:35:00,738.15,738.2,738.15,738.2,0.01,269.87,198131.28,1
2024-12-24,2024-12-24 13:36:00,738.2,738.26,738.2,738.26,0.01,269.87,198131.28,1
2024-12-24,2024-12-24 13:37:00,738.26,738.32,738.26,738.32,0.01,269.87,198131.28,1
2024-12-24,2024-12-24 13:38:00,738.32,738.38,738.32,738.38,0.01,269.87,198131.28,1
2024-12-24,2024-12-24 13:39:00,738.38,738.43,738.38,738.43,0.01,269.87,198131.28,1
2024-12-24,2024-12-24 13:40:00,738.43,738.49,738.43,738.49,0.01,269.87,198131.28,1
2024-12-24,2024-12-24 13:41:00,738.49,738.55,738.49,738.55,0.01,269.87,198131.28,1
2024-12-24,2024-12-24 13:42:00,738.55,738.6,738.55,738.6,0.01,269.87,198131.28,1
2024-12-24,2024-12-24 13:43:00,738.6,738.66,738.6,738.66,0.01,269.87,198131.28,1
2024-12-24,2024-12-24 13:44:00,738.66,738.72,738.66,738.72,0.01,269.87,198131.28,1
2024-12-24,2024-12-24 13:45:00,738.72,738.78,738.72,738.78,0.01,269.87,198131.28,1
2024-12-24,2024-12-24 13:46:00,738.78,738.83,738.78,738.83,0.01,269.87,198131.28,1
2024-12-24,2024-12-24 13:47:00,738.83,738.89,738.83,738.89,0.01,269.87,198131.28,1
2024-12-24,2024-12-24 13:48:00,738.89,738.95,738.89,738.95,0.01,269.87,198131.28,1
2024-12-24,2024-12-24 13:49:00,738.95,739.0,738.95,739.0,0.01,269.87,198131.28,1
2024-12-24,2024-12-24 13:50:00,739.0,739.06,739.0,739.06,0.01,269.87,198131.28,1
2024-12-24,2024-12-24 13:51:00,739.06,739.12,739.06,739.12,0.01,269.87,198131.28,1
2024-12-24,2024-12-24 13:52:00,739.12,739.18,739.12,739.18,0.01,269.87,198131.28,1
2024-12-24,2024-12-24 13:53:00,739.18,739.23,739.18,739.23,0.01,269.87,198131.28,1
2024-12-24,2024-12-24 13:54:00,739.23,739.29,739.23,739.29,0.01,269.87,198131.28,1
2024-12-24,2024-12-24 13:55:00,739.29,739.35,739.29,739.35,0.01,269.87,198131.28,1
2024-12-24,2024-12-24 13:56:00,739.35,739.4,739.35,739.4,0.01,269.87,198131.28,1
2024-12-24,2024-12-24 13:57:00,739.4,739.46,739.4,739.46,0.01,269.87,198131.28,1
2024-12-24,2024-12-24 13:58:00,739.46,739.52,739.46,739.52,0.01,269.87,198131.28,1
2024-12-24,2024-12-24 13:59:00,739.52,739.58,739.52,739.58,0.01,269.87,198131.28,1
2024-12-24,2024-12-24 14:00:00,739.58,739.63,739.58,739.63,0.01,269.87,198131.28,1
2024-12-24,2024-12-24 14:01:00,739.63,739.69,739.63,739.69,0.01,269.87,198131.28,1
2024-12-24,2024-12-24 14:02:00,739.69,739.75,739.69,739.75,0.01,269.87,198131.28,1
2024-12-24,2024-12-24 14:03:00,739.75,739.8,739.75,739.8,0.01,269.87,198131.28,1
2024-12-24,2024-12-24 14:04:00,739.8,739.86,739.8,739.86,0.01,269.87,198131.28,1
2024-12-24,2024-12-24 14:05:00,739.86,739.92,739.86,739.92,0.01,269.87,198131.28,1
2024-12-24,2024-12-24 14:06:00,739.92,739.97,739.92,739.97,0.01,269.87,198131.28,1
2024-12-24,2024-12-24 14:07:00,739.97,740.03,739.97,740.03,0.01,269.87,198131.28,1
2024-12-24,2024-12-24 14:08:00,740.03,740.09,740.03,740.09,0.01,269.87,198131.28,1
2024-12-24,2024-12-24 14:09:00,740.09,740.15,740.09,740.15,0.01,269.87,198131.28,1
2024-12-24,2024-12-24 14:10:00,740.15,740.2,740.15,740.2,0.01,269.87,198131.28,1
2024-12-24,2024-12-24 14:11:00,740.2,740.26,740.2,740.26,0.01,269.87,198131.28,1
2024-12-24,2024-12-24 14:12:00,740.26,740.32,740.26,740.32,0.01,269.87,198131.28,1
2024-12-24,2024-12-24 14:13:00,740.32,740.37,740.32,740.37,0.01,269.87,198131.28,1
2024-12-24,2024-12-24 14:14:00,740.37,740.43,740.37,740.43,0.01,269.87,198131.28,1
2024-12-24,2024-12-24 14:15:00,740.43,740.49,740.43,740.49,0.01,269.87,198131.28,1
2024-12-24,2024-12-24 14:16:00,740.49,740.55,740.49,740.55,0.01,269.87,198131.28,1
2024-12-24,2024-12-24 14:17:00,740.55,740.6,740.55,740.6,0.01,269.87,198131.28,1
2024-12-24,2024-12-24 14:18:00,740.6,740.66,740.6,740.66,0.01,269.87,198131.28,1
2024-12-24,2024-12-24 14:19:00,740.66,740.72,740.66,740.72,0.01,269.87,198131.28,1
2024-12-24,2024-12-24 14:20:00,740.72,740.77,740.72,740.77,0.01,269.87,198131.28,1
2024-12-24,2024-12-24 14:21:00,740.77,740.83,740.77,740.83,0.01,269.87,198131.28,1
2024-12-24,2024-12-24 14:22:00,740.83,740.89,740.83,740.89,0.01,269.87,198131.28,1
2024-12-24,2024-12-24 14:23:00,740.89,740.94,740.89,740.94,0.01,269.87,198131.28,1
2024-12-24,2024-12-24 14:24:00,740.94,741.0,740.94,741.0,0.01,269.87,198131.28,1
2024-12-24,2024-12-24 14:25:00,741.0,741.06,741.0,741.06,0.01,269.87,198131.28,1
2024-12-24,2024-12-24 14:26:00,741.06,741.12,741.06,741.12,0.01,269.87,198131.28,1
2024-12-24,2024-12-24 14:27:00,741.12,741.17,741.12,741.17,0.01,269.87,198131.28,1
2024-12-24,2024-12-24 14:28:00,741.17,741.23,741.17,741.23,0.01,269.87,198131.28,1
2024-12-24,2024-12-24 14:29:00,741.23,741.29,741.23,741.29,0.01,269.87,198131.28,1
2024-12-24,2024-12-24 14:30:00,741.29,741.34,741.29,741.34,0.01,269.87,198131.28,1
2024-12-24,2024-12-24 14:31:00,741.34,741.4,741.34,741.4,0.01,269.87,198131.28,1
2024-12-24,2024-12-24 14:32:00,741.4,741.46,741.4,741.46,0.01,269.87,198131.28,1
2024-12-24,2024-12-24 14:33:00,741.46,741.52,741.46,741.52,0.01,269.87,198131.28,1
2024-12-24,2024-12-24 14:34:00,741.52,741.57,741.52,741.57,0.01,269.87,198131.28,1
2024-12-24,2024-12-24 14:35:00,741.57,741.63,741.57,741.63,0.01,269.87,198131.28,1
2024-12-24,2024-12-24 14:36:00,741.63,741.69,741.63,741.69,0.01,269.87,198131.28,1
2024-12-24,2024-12-24 14:37:00,741.69,741.74,741.69,741.74,0.01,269.87,198131.28,1
2024-12-24,2024-12-24 14:38:00,741.74,741.8,741.74,741.8,0.01,269.87,198131.28,1
2024-12-24,2024-12-24 14:39:00,741.8,741.86,741.8,741.86,0.01,269.87,198131.28,1
2024-12-24,2024-12-24 14:40:00,741.86,741.92,741.86,741.92,0.01,269.87,198131.28,1
2024-12-24,2024-12-24 14:41:00,741.92,741.97,741.92,741.97,0.01,269.87,198131.28,1
2024-12-24,2024-12-24 14:42:00,741.97,742.03,741.97,742.03,0.01,269.87,198131.28,1
2024-12-24,2024-12-24 14:43:00,742.03,742.09,742.03,742.09,0.01,269.87,198131.28,1
2024-12-24,2024-12-24 14:44:00,742.09,742.14,742.09,742.14,0.01,269.87,198131.28,1
2024-12-24,2024-12-24 14:45:00,742.14,742.2,742.14,742.2,0.01,269.87,198131.28,1
2024-12-24,2024-12-24 14:46:00,742.2,742.26,742.2,742.26,0.01,269.87,198131.28,1
2024-12-24,2024-12-24 14:47:00,742.26,742.32,742.26,742.32,0.01,269.87,198131.28,1
2024-12-24,2024-12-24 14:48:00,742.32,742.37,742.32,742.37,0.01,269.87,198131.28,1
2024-12-24,2024-12-24 14:49:00,742.37,742.43,742.37,742.43,0.01,269.87,198131.28,1
2024-12-24,2024-12-24 14:50:00,742.43,742.49,742.43,742.49,0.01,269.87,198131.28,1
2024-12-24,2024-12-24 14:51:00,742.49,742.54,742.49,742.54,0.01,269.87,198131.28,1
2024-12-24,2024-12-24 14:52:00,742.54,742.6,742.54,742.6,0.01,269.87,198131.28,1
2024-12-24,2024-12-24 14:53:00,742.6,742.66,742.6,742.66,0.01,269.87,198131.28,1
2024-12-24,2024-12-24 14:54:00,742.66,742.71,742.66,742.71,0.01,269.87,198131.28,1
2024-12-24,2024-12-24 14:55:00,742.71,742.77,742.71,742.77,0.01,269.87,198131.28,1
2024-12-24,2024-12-24 14:56:00,742.77,742.83,742.77,742.83,0.01,269.87,198131.28,1
2024-12-24,2024-12-24 14:57:00,742.83,742.89,742.83,742.89,0.01,269.87,198131.28,1
2024-12-24,2024-12-24 14:58:00,742.89,742.94,742.89,742.94,0.01,269.87,198131.28,1
2024-12-24,2024-12-24 14:59:00,742.94,743.0,742.94,743.0,0.01,269.87,198131.28,1
2024-12-24,2024-12-24 15:00:00,743.0,743.0,718.0,743.0,0.0,269.87,198131.28,0
2024-12-26,2024-12-26 11:00:00,728.2,728.2,716.74,728.11,-0.01,232.91,165157.28,-1
2024-12-26,2024-12-26 11:01:00,728.11,728.11,728.02,728.02,-0.01,232.91,165157.28,-1
2024-12-26,2024-12-26 11:02:00,728.02,728.02,727.94,727.94,-0.01,232.91,165157.28,-1
2024-12-26,2024-12-26 11:03:00,727.94,727.94,727.85,727.85,-0.01,232.91,165157.28,-1
2024-12-26,2024-12-26 11:04:00,727.85,727.85,727.76,727.76,-0.01,232.91,165157.28,-1
2024-12-26,2024-12-26 11:05:00,727.76,727.76,727.67,727.67,-0.01,232.91,165157.28,-1
2024-12-26,2024-12-26 11:06:00,727.67,727.67,727.58,727.58,-0.01,232.91,165157.28,-1
2024-12-26,2024-12-26 11:07:00,727.58,727.58,727.49,727.49,-0.01,232.91,165157.28,-1
2024-12-26,2024-12-26 11:08:00,727.49,727.49,727.41,727.41,-0.01,232.91,165157.28,-1
2024-12-26,2024-12-26 11:09:00,727.41,727.41,727.32,727.32,-0.01,232.91,165157.28,-1
2024-12-26,2024-12-26 11:10:00,727.32,727.32,727.23,727.23,-0.01,232.91,165157.28,-1
2024-12-26,2024-12-26 11:11:00,727.23,727.23,727.14,727.14,-0.01,232.91,165157.28,-1
2024-12-26,2024-12-26 11:12:00,727.14,727.14,727.05,727.05,-0.01,232.91,165157.28,-1
2024-12-26,2024-12-26 11:13:00,727.05,727.05,726.96,726.96,-0.01,232.91,165157.28,-1
2024-12-26,2024-12-26 11:14:00,726.96,726.96,726.88,726.88,-0.01,232.91,165157.28,-1
2024-12-26,2024-12-26 11:15:00,726.88,726.88,726.79,726.79,-0.01,232.91,165157.28,-1
2024-12-26,2024-12-26 11:16:00,726.79,726.79,726.7,726.7,-0.01,232.91,165157.28,-1
2024-12-26,2024-12-26 11:17:00,726.7,726.7,726.61,726.61,-0.01,232.91,165157.28,-1
2024-12-26,2024-12-26 11:18:00,726.61,726.61,726.52,726.52,-0.01,232.91,165157.28,-1
2024-12-26,2024-12-26 11:19:00,726.52,726.52,726.43,726.43,-0.01,232.91,165157.28,-1
2024-12-26,2024-12-26 11:20:00,726.43,726.43,726.35,726.35,-0.01,232.91,165157.28,-1
2024-12-26,2024-12-26 11:21:00,726.35,726.35,726.26,726.26,-0.01,232.91,165157.28,-1
2024-12-26,2024-12-26 11:22:00,726.26,726.26,726.17,726.17,-0.01,232.91,165157.28,-1
2024-12-26,2024-12-26 11:23:00,726.17,726.17,726.08,726.08,-0.01,232.91,165157.28,-1
2024-12-26,2024-12-26 11:24:00,726.08,726.08,725.99,725.99,-0.01,232.91,165157.28,-1
2024-12-26,2024-12-26 11:25:00,725.99,725.99,725.9,725.9,-0.01,232.91,165157.28,-1
2024-12-26,2024-12-26 11:26:00,725.9,725.9,725.82,725.82,-0.01,232.91,165157.28,-1
2024-12-26,2024-12-26 11:27:00,725.82,725.82,725.73,725.73,-0.01,232.91,165157.28,-1
2024-12-26,2024-12-26 11:28:00,725.73,725.73,725.64,725.64,-0.01,232.91,165157.28,-1
2024-12-26,2024-12-26 11:29:00,725.64,725.64,725.55,725.55,-0.01,232.91,165157.28,-1
2024-12-26,2024-12-26 11:30:00,725.55,725.55,725.46,725.46,-0.01,232.91,165157.28,-1
2024-12-26,2024-12-26 11:31:00,725.46,725.46,725.37,725.37,-0.01,232.91,165157.28,-1
2024-12-26,2024-12-26 11:32:00,725.37,725.37,725.29,725.29,-0.01,232.91,165157.28,-1
2024-12-26,2024-12-26 11:33:00,725.29,725.29,725.2,725.2,-0.01,232.91,165157.28,-1
2024-12-26,2024-12-26 11:34:00,725.2,725.2,725.11,725.11,-0.01,232.91,165157.28,-1
2024-12-26,2024-12-26 11:35:00,725.11,725.11,725.02,725.02,-0.01,232.91,165157.28,-1
2024-12-26,2024-12-26 11:36:00,725.02,725.02,724.93,724.93,-0.01,232.91,165157.28,-1
2024-12-26,2024-12-26 11:37:00,724.93,724.93,724.84,724.84,-0.01,232.91,165157.28,-1
2024-12-26,2024-12-26 11:38:00,724.84,724.84,724.75,724.75,-0.01,232.91,165157.28,-1
2024-12-26,2024-12-26 11:39:00,724.75,724.75,724.67,724.67,-0.01,232.91,165157.28,-1
2024-12-26,2024-12-26 11:40:00,724.67,724.67,724.58,724.58,-0.01,232.91,165157.28,-1
2024-12-26,2024-12-26 11:41:00,724.58,724.58,724.49,724.49,-0.01,232.91,165157.28,-1
2024-12-26,2024-12-26 11:42:00,724.49,724.49,724.4,724.4,-0.01,232.91,165157.28,-1
2024-12-26,2024-12-26 11:43:00,724.4,724.4,724.31,724.31,-0.01,232.91,165157.28,-1
2024-12-26,2024-12-26 11:44:00,724.31,724.31,724.23,724.23,-0.01,232.91,165157.28,-1
2024-12-26,2024-12-26 11:45:00,724.23,724.23,724.14,724.14,-0.01,232.91,165157.28,-1
2024-12-26,2024-12-26 11:46:00,724.14,724.14,724.05,724.05,-0.01,232.91,165157.28,-1
2024-12-26,2024-12-26 11:47:00,724.05,724.05,723.96,723.96,-0.01,232.91,165157.28,-1
2024-12-26,2024-12-26 11:48:00,723.96,723.96,723.87,723.87,-0.01,232.91,165157.28,-1
2024-12-26,2024-12-26 11:49:00,723.87,723.87,723.78,723.78,-0.01,232.91,165157.28,-1
2024-12-26,2024-12-26 11:50:00,723.78,723.78,723.7,723.7,-0.01,232.91,165157.28,-1
2024-12-26,2024-12-26 11:51:00,723.7,723.7,723.61,723.61,-0.01,232.91,165157.28,-1
2024-12-26,2024-12-26 11:52:00,723.61,723.61,723.52,723.52,-0.01,232.91,165157.28,-1
2024-12-26,2024-12-26 11:53:00,723.52,723.52,723.43,723.43,-0.01,232.91,165157.28,-1
2024-12-26,2024-12-26 11:54:00,723.43,723.43,723.34,723.34,-0.01,232.91,165157.28,-1
2024-12-26,2024-12-26 11:55:00,723.34,723.34,723.25,723.25,-0.01,232.91,165157.28,-1
2024-12-26,2024-12-26 11:56:00,723.25,723.25,723.17,723.17,-0.01,232.91,165157.28,-1
2024-12-26,2024-12-26 11:57:00,723.17,723.17,723.08,723.08,-0.01,232.91,165157.28,-1
2024-12-26,2024-12-26 11:58:00,723.08,723.08,722.99,722.99,-0.01,232.91,165157.28,-1
2024-12-26,2024-12-26 11:59:00,722.99,722.99,722.9,722.9,-0.01,232.91,165157.28,-1
2024-12-26,2024-12-26 12:00:00,722.9,722.9,722.81,722.81,-0.01,232.91,165157.28,-1
2024-12-26,2024-12-26 12:01:00,722.81,722.81,722.72,722.72,-0.01,232.91,165157.28,-1
2024-12-26,2024-12-26 12:02:00,722.72,722.72,722.63,722.63,-0.01,232.91,165157.28,-1
2024-12-26,2024-12-26 12:03:00,722.63,722.63,722.55,722.55,-0.01,232.91,165157.28,-1
2024-12-26,2024-12-26 12:04:00,722.55,722.55,722.46,722.46,-0.01,232.91,165157.28,-1
2024-12-26,2024-12-26 12:05:00,722.46,722.46,722.37,722.37,-0.01,232.91,165157.28,-1
2024-12-26,2024-12-26 12:06:00,722.37,722.37,722.28,722.28,-0.01,232.91,165157.28,-1
2024-12-26,2024-12-26 12:07:00,722.28,722.28,722.19,722.19,-0.01,232.91,165157.28,-1
2024-12-26,2024-12-26 12:08:00,722.19,722.19,722.11,722.11,-0.01,232.91,165157.28,-1
2024-12-26,2024-12-26 12:09:00,722.11,722.11,722.02,722.02,-0.01,232.91,165157.28,-1
2024-12-26,2024-12-26 12:10:00,722.02,722.02,721.93,721.93,-0.01,232.91,165157.28,-1
2024-12-26,2024-12-26 12:11:00,721.93,721.93,721.84,721.84,-0.01,232.91,165157.28,-1
2024-12-26,2024-12-26 12:12:00,721.84,721.84,721.75,721.75,-0.01,232.91,165157.28,-1
2024-12-26,2024-12-26 12:13:00,721.75,721.75,721.66,721.66,-0.01,232.91,165157.28,-1
2024-12-26,2024-12-26 12:14:00,721.66,721.66,721.58,721.58,-0.01,232.91,165157.28,-1
2024-12-26,2024-12-26 12:15:00,721.58,721.58,721.49,721.49,-0.01,232.91,165157.28,-1
2024-12-26,2024-12-26 12:16:00,721.49,721.49,721.4,721.4,-0.01,232.91,165157.28,-1
2024-12-26,2024-12-26 12:17:00,721.4,721.4,721.31,721.31,-0.01,232.91,165157.28,-1
2024-12-26,2024-12-26 12:18:00,721.31,721.31,721.22,721.22,-0.01,232.91,165157.28,-1
2024-12-26,2024-12-26 12:19:00,721.22,721.22,721.13,721.13,-0.01,232.91,165157.28,-1
2024-12-26,2024-12-26 12:20:00,721.13,721.13,721.05,721.05,-0.01,232.91,165157.28,-1
2024-12-26,2024-12-26 12:21:00,721.05,721.05,720.96,720.96,-0.01,232.91,165157.28,-1
2024-12-26,2024-12-26 12:22:00,720.96,720.96,720.87,720.87,-0.01,232.91,165157.28,-1
2024-12-26,2024-12-26 12:23:00,720.87,720.87,720.78,720.78,-0.01,232.91,165157.28,-1
2024-12-26,2024-12-26 12:24:00,720.78,720.78,720.69,720.69,-0.01,232.91,165157.28,-1
2024-12-26,2024-12-26 12:25:00,720.69,720.69,720.6,720.6,-0.01,232.91,165157.28,-1
2024-12-26,2024-12-26 12:26:00,720.6,720.6,720.51,720.51,-0.01,232.91,165157.28,-1
2024-12-26,2024-12-26 12:27:00,720.51,720.51,720.43,720.43,-0.01,232.91,165157.28,-1
2024-12-26,2024-12-26 12:28:00,720.43,720.43,720.34,720.34,-0.01,232.91,165157.28,-1
2024-12-26,2024-12-26 12:29:00,720.34,720.34,720.25,720.25,-0.01,232.91,165157.28,-1
2024-12-26,2024-12-26 12:30:00,720.25,720.25,720.16,720.16,-0.01,232.91,165157.28,-1
2024-12-26,2024-12-26 12:31:00,720.16,720.16,720.07,720.07,-0.01,232.91,165157.28,-1
2024-12-26,2024-12-26 12:32:00,720.07,720.07,719.99,719.99,-0.01,232.91,165157.28,-1
2024-12-26,2024-12-26 12:33:00,719.99,719.99,719.9,719.9,-0.01,232.91,165157.28,-1
2024-12-26,2024-12-26 12:34:00,719.9,719.9,719.81,719.81,-0.01,232.91,165157.28,-1
2024-12-26,2024-12-26 12:35:00,719.81,719.81,719.72,719.72,-0.01,232.91,165157.28,-1
2024-12-26,2024-12-26 12:36:00,719.72,719.72,719.63,719.63,-0.01,232.91,165157.28,-1
2024-12-26,2024-12-26 12:37:00,719.63,719.63,719.54,719.54,-0.01,232.91,165157.28,-1
2024-12-26,2024-12-26 12:38:00,719.54,719.54,719.46,719.46,-0.01,232.91,165157.28,-1
2024-12-26,2024-12-26 12:39:00,719.46,719.46,719.37,719.37,-0.01,232.91,165157.28,-1
2024-12-26,2024-12-26 12:40:00,719.37,719.37,719.28,719.28,-0.01,232.91,165157.28,-1
2024-12-26,2024-12-26 12:41:00,719.28,719.28,719.19,719.19,-0.01,232.91,165157.28,-1
2024-12-26,2024-12-26 12:42:00,719.19,719.19,719.1,719.1,-0.01,232.91,165157.28,-1
2024-12-26,2024-12-26 12:43:00,719.1,719.1,719.01,719.01,-0.01,232.91,165157.28,-1
2024-12-26,2024-12-26 12:44:00,719.01,719.01,718.93,718.93,-0.01,232.91,165157.28,-1
2024-12-26,2024-12-26 12:45:00,718.93,718.93,718.84,718.84,-0.01,232.91,165157.28,-1
2024-12-26,2024-12-26 12:46:00,718.84,718.84,718.75,718.75,-0.01,232.91,165157.28,-1
2024-12-26,2024-12-26 12:47:00,718.75,718.75,718.66,718.66,-0.01,232.91,165157.28,-1
2024-12-26,2024-12-26 12:48:00,718.66,718.66,718.57,718.57,-0.01,232.91,165157.28,-1
2024-12-26,2024-12-26 12:49:00,718.57,718.57,718.48,718.48,-0.01,232.91,165157.28,-1
2024-12-26,2024-12-26 12:50:00,718.48,718.48,718.39,718.39,-0.01,232.91,165157.28,-1
2024-12-26,2024-12-26 12:51:00,718.39,718.39,718.31,718.31,-0.01,232.91,165157.28,-1
2024-12-26,2024-12-26 12:52:00,718.31,718.31,718.22,718.22,-0.01,232.91,165157.28,-1
2024-12-26,2024-12-26 12:53:00,718.22,718.22,718.13,718.13,-0.01,232.91,165157.28,-1
2024-12-26,2024-12-26 12:54:00,718.13,718.13,718.04,718.04,-0.01,232.91,165157.28,-1
2024-12-26,2024-12-26 12:55:00,718.04,718.04,717.95,717.95,-0.01,232.91,165157.28,-1
2024-12-26,2024-12-26 12:56:00,717.95,717.95,717.87,717.87,-0.01,232.91,165157.28,-1
2024-12-26,2024-12-26 12:57:00,717.87,717.87,717.78,717.78,-0.01,232.91,165157.28,-1
2024-12-26,2024-12-26 12:58:00,717.78,717.78,717.69,717.69,-0.01,232.91,165157.28,-1
2024-12-26,2024-12-26 12:59:00,717.69,717.69,717.6,717.6,-0.01,232.91,165157.28,-1
2024-12-26,2024-12-26 13:00:00,717.6,728.2,690.0,717.51,-0.01,232.91,165157.28,-1
2024-12-26,2024-12-26 13:01:00,717.51,717.51,717.42,717.42,-0.01,232.91,165157.28,-1
2024-12-26,2024-12-26 13:02:00,717.42,717.42,717.34,717.34,-0.01,232.91,165157.28,-1
2024-12-26,2024-12-26 13:03:00,717.34,717.34,717.25,717.25,-0.01,232.91,165157.28,-1
2024-12-26,2024-12-26 13:04:00,717.25,717.25,717.16,717.16,-0.01,232.91,165157.28,-1
2024-12-26,2024-12-26 13:05:00,717.16,717.16,717.07,717.07,-0.01,232.91,165157.28,-1
2024-12-26,2024-12-26 13:06:00,717.07,717.07,716.98,716.98,-0.01,232.91,165157.28,-1
2024-12-26,2024-12-26 13:07:00,716.98,716.98,716.89,716.89,-0.01,232.91,165157.28,-1
2024-12-26,2024-12-26 13:08:00,716.89,716.89,716.81,716.81,-0.01,232.91,165157.28,-1
2024-12-26,2024-12-26 13:09:00,716.81,716.81,716.72,716.72,-0.01,232.91,165157.28,-1
2024-12-26,2024-12-26 13:10:00,716.72,716.72,716.63,716.63,-0.01,232.91,165157.28,-1
2024-12-26,2024-12-26 13:11:00,716.63,716.63,716.54,716.54,-0.01,232.91,165157.28,-1
2024-12-26,2024-12-26 13:12:00,716.54,716.54,716.45,716.45,-0.01,232.91,165157.28,-1
2024-12-26,2024-12-26 13:13:00,716.45,716.45,716.36,716.36,-0.01,232.91,165157.28,-1
2024-12-26,2024-12-26 13:14:00,716.36,716.36,716.27,716.27,-0.01,232.91,165157.28,-1
2024-12-26,2024-12-26 13:15:00,716.27,716.27,716.19,716.19,-0.01,232.91,165157.28,-1
2024-12-26,2024-12-26 13:16:00,716.19,716.19,716.1,716.1,-0.01,232.91,165157.28,-1
2024-12-26,2024-12-26 13:17:00,716.1,716.1,716.01,716.01,-0.01,232.91,165157.28,-1
2024-12-26,2024-12-26 13:18:00,716.01,716.01,715.92,715.92,-0.01,232.91,165157.28,-1
2024-12-26,2024-12-26 13:19:00,715.92,715.92,715.83,715.83,-0.01,232.91,165157.28,-1
2024-12-26,2024-12-26 13:20:00,715.83,715.83,715.75,715.75,-0.01,232.91,165157.28,-1
2024-12-26,2024-12-26 13:21:00,715.75,715.75,715.66,715.66,-0.01,232.91,165157.28,-1
2024-12-26,2024-12-26 13:22:00,715.66,715.66,715.57,715.57,-0.01,232.91,165157.28,-1
2024-12-26,2024-12-26 13:23:00,715.57,715.57,715.48,715.48,-0.01,232.91,165157.28,-1
2024-12-26,2024-12-26 13:24:00,715.48,715.48,715.39,715.39,-0.01,232.91,165157.28,-1
2024-12-26,2024-12-26 13:25:00,715.39,715.39,715.3,715.3,-0.01,232.91,165157.28,-1
2024-12-26,2024-12-26 13:26:00,715.3,715.3,715.22,715.22,-0.01,232.91,165157.28,-1
2024-12-26,2024-12-26 13:27:00,715.22,715.22,715.13,715.13,-0.01,232.91,165157.28,-1
2024-12-26,2024-12-26 13:28:00,715.13,715.13,715.04,715.04,-0.01,232.91,165157.28,-1
2024-12-26,2024-12-26 13:29:00,715.04,715.04,714.95,714.95,-0.01,232.91,165157.28,-1
2024-12-26,2024-12-26 13:30:00,714.95,714.95,714.86,714.86,-0.01,232.91,165157.28,-1
2024-12-26,2024-12-26 13:31:00,714.86,714.86,714.77,714.77,-0.01,232.91,165157.28,-1
2024-12-26,2024-12-26 13:32:00,714.77,714.77,714.69,714.69,-0.01,232.91,165157.28,-1
2024-12-26,2024-12-26 13:33:00,714.69,714.69,714.6,714.6,-0.01,232.91,165157.28,-1
2024-12-26,2024-12-26 13:34:00,714.6,714.6,714.51,714.51,-0.01,232.91,165157.28,-1
2024-12-26,2024-12-26 13:35:00,714.51,714.51,714.42,714.42,-0.01,232.91,165157.28,-1
2024-12-26,2024-12-26 13:36:00,714.42,714.42,714.33,714.33,-0.01,232.91,165157.28,-1
2024-12-26,2024-12-26 13:37:00,714.33,714.33,714.24,714.24,-0.01,232.91,165157.28,-1
2024-12-26,2024-12-26 13:38:00,714.24,714.24,714.15,714.15,-0.01,232.91,165157.28,-1
2024-12-26,2024-12-26 13:39:00,714.15,714.15,714.07,714.07,-0.01,232.91,165157.28,-1
2024-12-26,2024-12-26 13:40:00,714.07,714.07,713.98,713.98,-0.01,232.91,165157.28,-1
2024-12-26,2024-12-26 13:41:00,713.98,713.98,713.89,713.89,-0.01,232.91,165157.28,-1
2024-12-26,2024-12-26 13:42:00,713.89,713.89,713.8,713.8,-0.01,232.91,165157.28,-1
2024-12-26,2024-12-26 13:43:00,713.8,713.8,713.71,713.71,-0.01,232.91,165157.28,-1
2024-12-26,2024-12-26 13:44:00,713.71,713.71,713.62,713.62,-0.01,232.91,165157.28,-1
2024-12-26,2024-12-26 13:45:00,713.62,713.62,713.54,713.54,-0.01,232.91,165157.28,-1
2024-12-26,2024-12-26 13:46:00,713.54,713.54,713.45,713.45,-0.01,232.91,165157.28,-1
2024-12-26,2024-12-26 13:47:00,713.45,713.45,713.36,713.36,-0.01,232.91,165157.28,-1
2024-12-26,2024-12-26 13:48:00,713.36,713.36,713.27,713.27,-0.01,232.91,165157.28,-1
2024-12-26,2024-12-26 13:49:00,713.27,713.27,713.18,713.18,-0.01,232.91,165157.28,-1
2024-12-26,2024-12-26 13:50:00,713.18,713.18,713.1,713.1,-0.01,232.91,165157.28,-1
2024-12-26,2024-12-26 13:51:00,713.1,713.1,713.01,713.01,-0.01,232.91,165157.28,-1
2024-12-26,2024-12-26 13:52:00,713.01,713.01,712.92,712.92,-0.01,232.91,165157.28,-1
2024-12-26,2024-12-26 13:53:00,712.92,712.92,712.83,712.83,-0.01,232.91,165157.28,-1
2024-12-26,2024-12-26 13:54:00,712.83,712.83,712.74,712.74,-0.01,232.91,165157.28,-1
2024-12-26,2024-12-26 13:55:00,712.74,712.74,712.65,712.65,-0.01,232.91,165157.28,-1
2024-12-26,2024-12-26 13:56:00,712.65,712.65,712.57,712.57,-0.01,232.91,165157.28,-1
2024-12-26,2024-12-26 13:57:00,712.57,712.57,712.48,712.48,-0.01,232.91,165157.28,-1
2024-12-26,2024-12-26 13:58:00,712.48,712.48,712.39,712.39,-0.01,232.91,165157.28,-1
2024-12-26,2024-12-26 13:59:00,712.39,712.39,712.3,712.3,-0.01,232.91,165157.28,-1
2024-12-26,2024-12-26 14:00:00,712.3,712.3,712.21,712.21,-0.01,232.91,165157.28,-1
2024-12-26,2024-12-26 14:01:00,712.21,712.21,712.12,712.12,-0.01,232.91,165157.28,-1
2024-12-26,2024-12-26 14:02:00,712.12,712.12,712.03,712.03,-0.01,232.91,165157.28,-1
2024-12-26,2024-12-26 14:03:00,712.03,712.03,711.95,711.95,-0.01,232.91,165157.28,-1
2024-12-26,2024-12-26 14:04:00,711.95,711.95,711.86,711.86,-0.01,232.91,165157.28,-1
2024-12-26,2024-12-26 14:05:00,711.86,711.86,711.77,711.77,-0.01,232.91,165157.28,-1
2024-12-26,2024-12-26 14:06:00,711.77,711.77,711.68,711.68,-0.01,232.91,165157.28,-1
2024-12-26,2024-12-26 14:07:00,711.68,711.68,711.59,711.59,-0.01,232.91,165157.28,-1
2024-12-26,2024-12-26 14:08:00,711.59,711.59,711.5,711.5,-0.01,232.91,165157.28,-1
2024-12-26,2024-12-26 14:09:00,711.5,711.5,711.42,711.42,-0.01,232.91,165157.28,-1
2024-12-26,2024-12-26 14:10:00,711.42,711.42,711.33,711.33,-0.01,232.91,165157.28,-1
2024-12-26,2024-12-26 14:11:00,711.33,711.33,711.24,711.24,-0.01,232.91,165157.28,-1
2024-12-26,2024-12-26 14:12:00,711.24,711.24,711.15,711.15,-0.01,232.91,165157.28,-1
2024-12-26,2024-12-26 14:13:00,711.15,711.15,711.06,711.06,-0.01,232.91,165157.28,-1
2024-12-26,2024-12-26 14:14:00,711.06,711.06,710.98,710.98,-0.01,232.91,165157.28,-1
2024-12-26,2024-12-26 14:15:00,710.98,710.98,710.89,710.89,-0.01,232.91,165157.28,-1
2024-12-26,2024-12-26 14:16:00,710.89,710.89,710.8,710.8,-0.01,232.91,165157.28,-1
2024-12-26,2024-12-26 14:17:00,710.8,710.8,710.71,710.71,-0.01,232.91,165157.28,-1
2024-12-26,2024-12-26 14:18:00,710.71,710.71,710.62,710.62,-0.01,232.91,165157.28,-1
2024-12-26,2024-12-26 14:19:00,710.62,710.62,710.53,710.53,-0.01,232.91,165157.28,-1
2024-12-26,2024-12-26 14:20:00,710.53,710.53,710.45,710.45,-0.01,232.91,165157.28,-1
2024-12-26,2024-12-26 14:21:00,710.45,710.45,710.36,710.36,-0.01,232.91,165157.28,-1
2024-12-26,2024-12-26 14:22:00,710.36,710.36,710.27,710.27,-0.01,232.91,165157.28,-1
2024-12-26,2024-12-26 14:23:00,710.27,710.27,710.18,710.18,-0.01,232.91,165157.28,-1
2024-12-26,2024-12-26 14:24:00,710.18,710.18,710.09,710.09,-0.01,232.91,165157.28,-1
2024-12-26,2024-12-26 14:25:00,710.09,710.09,710.0,710.0,-0.01,232.91,165157.28,-1
2024-12-26,2024-12-26 14:26:00,710.0,710.0,709.91,709.91,-0.01,232.91,165157.28,-1
2024-12-26,2024-12-26 14:27:00,709.91,709.91,709.83,709.83,-0.01,232.91,165157.28,-1
2024-12-26,2024-12-26 14:28:00,709.83,709.83,709.74,709.74,-0.01,232.91,165157.28,-1
2024-12-26,2024-12-26 14:29:00,709.74,709.74,709.65,709.65,-0.01,232.91,165157.28,-1
2024-12-26,2024-12-26 14:30:00,709.65,709.65,709.56,709.56,-0.01,232.91,165157.28,-1
2024-12-26,2024-12-26 14:31:00,709.56,709.56,709.47,709.47,-0.01,232.91,165157.28,-1
2024-12-26,2024-12-26 14:32:00,709.47,709.47,709.38,709.38,-0.01,232.91,165157.28,-1
2024-12-26,2024-12-26 14:33:00,709.38,709.38,709.3,709.3,-0.01,232.91,165157.28,-1
2024-12-26,2024-12-26 14:34:00,709.3,709.3,709.21,709.21,-0.01,232.91,165157.28,-1
2024-12-26,2024-12-26 14:35:00,709.21,709.21,709.12,709.12,-0.01,232.91,165157.28,-1
2024-12-26,2024-12-26 14:36:00,709.12,709.12,709.03,709.03,-0.01,232.91,165157.28,-1
2024-12-26,2024-12-26 14:37:00,709.03,709.03,708.94,708.94,-0.01,232.91,165157.28,-1
2024-12-26,2024-12-26 14:38:00,708.94,708.94,708.86,708.86,-0.01,232.91,165157.28,-1
2024-12-26,2024-12-26 14:39:00,708.86,708.86,708.77,708.77,-0.01,232.91,165157.28,-1
2024-12-26,2024-12-26 14:40:00,708.77,708.77,708.68,708.68,-0.01,232.91,165157.28,-1
2024-12-26,2024-12-26 14:41:00,708.68,708.68,708.59,708.59,-0.01,232.91,165157.28,-1
2024-12-26,2024-12-26 14:42:00,708.59,708.59,708.5,708.5,-0.01,232.91,165157.28,-1
2024-12-26,2024-12-26 14:43:00,708.5,708.5,708.41,708.41,-0.01,232.91,165157.28,-1
2024-12-26,2024-12-26 14:44:00,708.41,708.41,708.33,708.33,-0.01,232.91,165157.28,-1
2024-12-26,2024-12-26 14:45:00,708.33,708.33,708.24,708.24,-0.01,232.91,165157.28,-1
2024-12-26,2024-12-26 14:46:00,708.24,708.24,708.15,708.15,-0.01,232.91,165157.28,-1
2024-12-26,2024-12-26 14:47:00,708.15,708.15,708.06,708.06,-0.01,232.91,165157.28,-1
2024-12-26,2024-12-26 14:48:00,708.06,708.06,707.97,707.97,-0.01,232.91,165157.28,-1
2024-12-26,2024-12-26 14:49:00,707.97,707.97,707.88,707.88,-0.01,232.91,165157.28,-1
2024-12-26,2024-12-26 14:50:00,707.88,707.88,707.79,707.79,-0.01,232.91,165157.28,-1
2024-12-26,2024-12-26 14:51:00,707.79,707.79,707.71,707.71,-0.01,232.91,165157.28,-1
2024-12-26,2024-12-26 14:52:00,707.71,707.71,707.62,707.62,-0.01,232.91,165157.28,-1
2024-12-26,2024-12-26 14:53:00,707.62,707.62,707.53,707.53,-0.01,232.91,165157.28,-1
2024-12-26,2024-12-26 14:54:00,707.53,707.53,707.44,707.44,-0.01,232.91,165157.28,-1
2024-12-26,2024-12-26 14:55:00,707.44,707.44,707.35,707.35,-0.01,232.91,165157.28,-1
2024-12-26,2024-12-26 14:56:00,707.35,707.35,707.26,707.26,-0.01,232.91,165157.28,-1
2024-12-26,2024-12-26 14:57:00,707.26,707.26,707.18,707.18,-0.01,232.91,165157.28,-1
2024-12-26,2024-12-26 14:58:00,707.18,707.18,707.09,707.09,-0.01,232.91,165157.28,-1
2024-12-26,2024-12-26 14:59:00,707.09,707.09,707.0,707.0,-0.01,232.91,165157.28,-1
2024-12-26,2024-12-26 15:00:00,707.0,728.2,690.0,707.0,0.0,232.91,165157.28,0
2024-12-29,2024-12-29 11:00:00,692.9,704.03,692.03,692.93,0.0,201.4,141529.67,1
2024-12-29,2024-12-29 11:01:00,692.93,692.95,692.93,692.95,0.0,201.4,141529.67,1
2024-12-29,2024-12-29 11:02:00,692.95,692.98,692.95,692.98,0.0,201.4,141529.67,1
2024-12-29,2024-12-29 11:03:00,692.98,693.0,692.98,693.0,0.0,201.4,141529.67,1
2024-12-29,2024-12-29 11:04:00,693.0,693.03,693.0,693.03,0.0,201.4,141529.67,1
2024-12-29,2024-12-29 11:05:00,693.03,693.05,693.03,693.05,0.0,201.4,141529.67,1
2024-12-29,2024-12-29 11:06:00,693.05,693.08,693.05,693.08,0.0,201.4,141529.67,1
2024-12-29,2024-12-29 11:07:00,693.08,693.1,693.08,693.1,0.0,201.4,141529.67,1
2024-12-29,2024-12-29 11:08:00,693.1,693.13,693.1,693.13,0.0,201.4,141529.67,1
2024-12-29,2024-12-29 11:09:00,693.13,693.15,693.13,693.15,0.0,201.4,141529.67,1
2024-12-29,2024-12-29 11:10:00,693.15,693.18,693.15,693.18,0.0,201.4,141529.67,1
2024-12-29,2024-12-29 11:11:00,693.18,693.2,693.18,693.2,0.0,201.4,141529.67,1
2024-12-29,2024-12-29 11:12:00,693.2,693.23,693.2,693.23,0.0,201.4,141529.67,1
2024-12-29,2024-12-29 11:13:00,693.23,693.26,693.23,693.26,0.0,201.4,141529.67,1
2024-12-29,2024-12-29 11:14:00,693.26,693.28,693.26,693.28,0.0,201.4,141529.67,1
2024-12-29,2024-12-29 11:15:00,693.28,693.31,693.28,693.31,0.0,201.4,141529.67,1
2024-12-29,2024-12-29 11:16:00,693.31,693.33,693.31,693.33,0.0,201.4,141529.67,1
2024-12-29,2024-12-29 11:17:00,693.33,693.36,693.33,693.36,0.0,201.4,141529.67,1
2024-12-29,2024-12-29 11:18:00,693.36,693.38,693.36,693.38,0.0,201.4,141529.67,1
2024-12-29,2024-12-29 11:19:00,693.38,693.41,693.38,693.41,0.0,201.4,141529.67,1
2024-12-29,2024-12-29 11:20:00,693.41,693.43,693.41,693.43,0.0,201.4,141529.67,1
2024-12-29,2024-12-29 11:21:00,693.43,693.46,693.43,693.46,0.0,201.4,141529.67,1
2024-12-29,2024-12-29 11:22:00,693.46,693.48,693.46,693.48,0.0,201.4,141529.67,1
2024-12-29,2024-12-29 11:23:00,693.48,693.51,693.48,693.51,0.0,201.4,141529.67,1
2024-12-29,2024-12-29 11:24:00,693.51,693.54,693.51,693.54,0.0,201.4,141529.67,1
2024-12-29,2024-12-29 11:25:00,693.54,693.56,693.54,693.56,0.0,201.4,141529.67,1
2024-12-29,2024-12-29 11:26:00,693.56,693.59,693.56,693.59,0.0,201.4,141529.67,1
2024-12-29,2024-12-29 11:27:00,693.59,693.61,693.59,693.61,0.0,201.4,141529.67,1
2024-12-29,2024-12-29 11:28:00,693.61,693.64,693.61,693.64,0.0,201.4,141529.67,1
2024-12-29,2024-12-29 11:29:00,693.64,693.66,693.64,693.66,0.0,201.4,141529.67,1
2024-12-29,2024-12-29 11:30:00,693.66,693.69,693.66,693.69,0.0,201.4,141529.67,1
2024-12-29,2024-12-29 11:31:00,693.69,693.71,693.69,693.71,0.0,201.4,141529.67,1
2024-12-29,2024-12-29 11:32:00,693.71,693.74,693.71,693.74,0.0,201.4,141529.67,1
2024-12-29,2024-12-29 11:33:00,693.74,693.76,693.74,693.76,0.0,201.4,141529.67,1
2024-12-29,2024-12-29 11:34:00,693.76,693.79,693.76,693.79,0.0,201.4,141529.67,1
2024-12-29,2024-12-29 11:35:00,693.79,693.81,693.79,693.81,0.0,201.4,141529.67,1
2024-12-29,2024-12-29 11:36:00,693.81,693.84,693.81,693.84,0.0,201.4,141529.67,1
2024-12-29,2024-12-29 11:37:00,693.84,693.87,693.84,693.87,0.0,201.4,141529.67,1
2024-12-29,2024-12-29 11:38:00,693.87,693.89,693.87,693.89,0.0,201.4,141529.67,1
2024-12-29,2024-12-29 11:39:00,693.89,693.92,693.89,693.92,0.0,201.4,141529.67,1
2024-12-29,2024-12-29 11:40:00,693.92,693.94,693.92,693.94,0.0,201.4,141529.67,1
2024-12-29,2024-12-29 11:41:00,693.94,693.97,693.94,693.97,0.0,201.4,141529.67,1
2024-12-29,2024-12-29 11:42:00,693.97,693.99,693.97,693.99,0.0,201.4,141529.67,1
2024-12-29,2024-12-29 11:43:00,693.99,694.02,693.99,694.02,0.0,201.4,141529.67,1
2024-12-29,2024-12-29 11:44:00,694.02,694.04,694.02,694.04,0.0,201.4,141529.67,1
2024-12-29,2024-12-29 11:45:00,694.04,694.07,694.04,694.07,0.0,201.4,141529.67,1
2024-12-29,2024-12-29 11:46:00,694.07,694.09,694.07,694.09,0.0,201.4,141529.67,1
2024-12-29,2024-12-29 11:47:00,694.09,694.12,694.09,694.12,0.0,201.4,141529.67,1
2024-12-29,2024-12-29 11:48:00,694.12,694.15,694.12,694.15,0.0,201.4,141529.67,1
2024-12-29,2024-12-29 11:49:00,694.15,694.17,694.15,694.17,0.0,201.4,141529.67,1
2024-12-29,2024-12-29 11:50:00,694.17,694.2,694.17,694.2,0.0,201.4,141529.67,1
2024-12-29,2024-12-29 11:51:00,694.2,694.22,694.2,694.22,0.0,201.4,141529.67,1
2024-12-29,2024-12-29 11:52:00,694.22,694.25,694.22,694.25,0.0,201.4,141529.67,1
2024-12-29,2024-12-29 11:53:00,694.25,694.27,694.25,694.27,0.0,201.4,141529.67,1
2024-12-29,2024-12-29 11:54:00,694.27,694.3,694.27,694.3,0.0,201.4,141529.67,1
2024-12-29,2024-12-29 11:55:00,694.3,694.32,694.3,694.32,0.0,201.4,141529.67,1
2024-12-29,2024-12-29 11:56:00,694.32,694.35,694.32,694.35,0.0,201.4,141529.67,1
2024-12-29,2024-12-29 11:57:00,694.35,694.37,694.35,694.37,0.0,201.4,141529.67,1
2024-12-29,2024-12-29 11:58:00,694.37,694.4,694.37,694.4,0.0,201.4,141529.67,1
2024-12-29,2024-12-29 11:59:00,694.4,694.42,694.4,694.42,0.0,201.4,141529.67,1
2024-12-29,2024-12-29 12:00:00,694.42,694.45,694.42,694.45,0.0,201.4,141529.67,1
2024-12-29,2024-12-29 12:01:00,694.45,694.48,694.45,694.48,0.0,201.4,141529.67,1
2024-12-29,2024-12-29 12:02:00,694.48,694.5,694.48,694.5,0.0,201.4,141529.67,1
2024-12-29,2024-12-29 12:03:00,694.5,694.53,694.5,694.53,0.0,201.4,141529.67,1
2024-12-29,2024-12-29 12:04:00,694.53,694.55,694.53,694.55,0.0,201.4,141529.67,1
2024-12-29,2024-12-29 12:05:00,694.55,694.58,694.55,694.58,0.0,201.4,141529.67,1
2024-12-29,2024-12-29 12:06:00,694.58,694.6,694.58,694.6,0.0,201.4,141529.67,1
2024-12-29,2024-12-29 12:07:00,694.6,694.63,694.6,694.63,0.0,201.4,141529.67,1
2024-12-29,2024-12-29 12:08:00,694.63,694.65,694.63,694.65,0.0,201.4,141529.67,1
2024-12-29,2024-12-29 12:09:00,694.65,694.68,694.65,694.68,0.0,201.4,141529.67,1
2024-12-29,2024-12-29 12:10:00,694.68,694.7,694.68,694.7,0.0,201.4,141529.67,1
2024-12-29,2024-12-29 12:11:00,694.7,694.73,694.7,694.73,0.0,201.4,141529.67,1
2024-12-29,2024-12-29 12:12:00,694.73,694.76,694.73,694.76,0.0,201.4,141529.67,1
2024-12-29,2024-12-29 12:13:00,694.76,694.78,694.76,694.78,0.0,201.4,141529.67,1
2024-12-29,2024-12-29 12:14:00,694.78,694.81,694.78,694.81,0.0,201.4,141529.67,1
2024-12-29,2024-12-29 12:15:00,694.81,694.83,694.81,694.83,0.0,201.4,141529.67,1
2024-12-29,2024-12-29 12:16:00,694.83,694.86,694.83,694.86,0.0,201.4,141529.67,1
2024-12-29,2024-12-29 12:17:00,694.86,694.88,694.86,694.88,0.0,201.4,141529.67,1
2024-12-29,2024-12-29 12:18:00,694.88,694.91,694.88,694.91,0.0,201.4,141529.67,1
2024-12-29,2024-12-29 12:19:00,694.91,694.93,694.91,694.93,0.0,201.4,141529.67,1
2024-12-29,2024-12-29 12:20:00,694.93,694.96,694.93,694.96,0.0,201.4,141529.67,1
2024-12-29,2024-12-29 12:21:00,694.96,694.98,694.96,694.98,0.0,201.4,141529.67,1
2024-12-29,2024-12-29 12:22:00,694.98,695.01,694.98,695.01,0.0,201.4,141529.67,1
2024-12-29,2024-12-29 12:23:00,695.01,695.03,695.01,695.03,0.0,201.4,141529.67,1
2024-12-29,2024-12-29 12:24:00,695.03,695.06,695.03,695.06,0.0,201.4,141529.67,1
2024-12-29,2024-12-29 12:25:00,695.06,695.09,695.06,695.09,0.0,201.4,141529.67,1
2024-12-29,2024-12-29 12:26:00,695.09,695.11,695.09,695.11,0.0,201.4,141529.67,1
2024-12-29,2024-12-29 12:27:00,695.11,695.14,695.11,695.14,0.0,201.4,141529.67,1
2024-12-29,2024-12-29 12:28:00,695.14,695.16,695.14,695.16,0.0,201.4,141529.67,1
2024-12-29,2024-12-29 12:29:00,695.16,695.19,695.16,695.19,0.0,201.4,141529.67,1
2024-12-29,2024-12-29 12:30:00,695.19,695.21,695.19,695.21,0.0,201.4,141529.67,1
2024-12-29,2024-12-29 12:31:00,695.21,695.24,695.21,695.24,0.0,201.4,141529.67,1
2024-12-29,2024-12-29 12:32:00,695.24,695.26,695.24,695.26,0.0,201.4,141529.67,1
2024-12-29,2024-12-29 12:33:00,695.26,695.29,695.26,695.29,0.0,201.4,141529.67,1
2024-12-29,2024-12-29 12:34:00,695.29,695.31,695.29,695.31,0.0,201.4,141529.67,1
2024-12-29,2024-12-29 12:35:00,695.31,695.34,695.31,695.34,0.0,201.4,141529.67,1
2024-12-29,2024-12-29 12:36:00,695.34,695.37,695.34,695.37,0.0,201.4,141529.67,1
2024-12-29,2024-12-29 12:37:00,695.37,695.39,695.37,695.39,0.0,201.4,141529.67,1
2024-12-29,2024-12-29 12:38:00,695.39,695.42,695.39,695.42,0.0,201.4,141529.67,1
2024-12-29,2024-12-29 12:39:00,695.42,695.44,695.42,695.44,0.0,201.4,141529.67,1
2024-12-29,2024-12-29 12:40:00,695.44,695.47,695.44,695.47,0.0,201.4,141529.67,1
2024-12-29,2024-12-29 12:41:00,695.47,695.49,695.47,695.49,0.0,201.4,141529.67,1
2024-12-29,2024-12-29 12:42:00,695.49,695.52,695.49,695.52,0.0,201.4,141529.67,1
2024-12-29,2024-12-29 12:43:00,695.52,695.54,695.52,695.54,0.0,201.4,141529.67,1
2024-12-29,2024-12-29 12:44:00,695.54,695.57,695.54,695.57,0.0,201.4,141529.67,1
2024-12-29,2024-12-29 12:45:00,695.57,695.59,695.57,695.59,0.0,201.4,141529.67,1
2024-12-29,2024-12-29 12:46:00,695.59,695.62,695.59,695.62,0.0,201.4,141529.67,1
2024-12-29,2024-12-29 12:47:00,695.62,695.64,695.62,695.64,0.0,201.4,141529.67,1
2024-12-29,2024-12-29 12:48:00,695.64,695.67,695.64,695.67,0.0,201.4,141529.67,1
2024-12-29,2024-12-29 12:49:00,695.67,695.7,695.67,695.7,0.0,201.4,141529.67,1
2024-12-29,2024-12-29 12:50:00,695.7,695.72,695.7,695.72,0.0,201.4,141529.67,1
2024-12-29,2024-12-29 12:51:00,695.72,695.75,695.72,695.75,0.0,201.4,141529.67,1
2024-12-29,2024-12-29 12:52:00,695.75,695.77,695.75,695.77,0.0,201.4,141529.67,1
2024-12-29,2024-12-29 12:53:00,695.77,695.8,695.77,695.8,0.0,201.4,141529.67,1
2024-12-29,2024-12-29 12:54:00,695.8,695.82,695.8,695.82,0.0,201.4,141529.67,1
2024-12-29,2024-12-29 12:55:00,695.82,695.85,695.82,695.85,0.0,201.4,141529.67,1
2024-12-29,2024-12-29 12:56:00,695.85,695.87,695.85,695.87,0.0,201.4,141529.67,1
2024-12-29,2024-12-29 12:57:00,695.87,695.9,695.87,695.9,0.0,201.4,141529.67,1
2024-12-29,2024-12-29 12:58:00,695.9,695.92,695.9,695.92,0.0,201.4,141529.67,1
2024-12-29,2024-12-29 12:59:00,695.92,695.95,695.92,695.95,0.0,201.4,141529.67,1
2024-12-29,2024-12-29 13:00:00,695.95,730.0,690.0,695.98,0.0,201.4,141529.67,1
2024-12-29,2024-12-29 13:01:00,695.98,696.0,695.98,696.0,0.0,201.4,141529.67,1
2024-12-29,2024-12-29 13:02:00,696.0,696.03,696.0,696.03,0.0,201.4,141529.67,1
2024-12-29,2024-12-29 13:03:00,696.03,696.05,696.03,696.05,0.0,201.4,141529.67,1
2024-12-29,2024-12-29 13:04:00,696.05,696.08,696.05,696.08,0.0,201.4,141529.67,1
2024-12-29,2024-12-29 13:05:00,696.08,696.1,696.08,696.1,0.0,201.4,141529.67,1
2024-12-29,2024-12-29 13:06:00,696.1,696.13,696.1,696.13,0.0,201.4,141529.67,1
2024-12-29,2024-12-29 13:07:00,696.13,696.15,696.13,696.15,0.0,201.4,141529.67,1
2024-12-29,2024-12-29 13:08:00,696.15,696.18,696.15,696.18,0.0,201.4,141529.67,1
2024-12-29,2024-12-29 13:09:00,696.18,696.2,696.18,696.2,0.0,201.4,141529.67,1
2024-12-29,2024-12-29 13:10:00,696.2,696.23,696.2,696.23,0.0,201.4,141529.67,1
2024-12-29,2024-12-29 13:11:00,696.23,696.25,696.23,696.25,0.0,201.4,141529.67,1
2024-12-29,2024-12-29 13:12:00,696.25,696.28,696.25,696.28,0.0,201.4,141529.67,1
2024-12-29,2024-12-29 13:13:00,696.28,696.31,696.28,696.31,0.0,201.4,141529.67,1
2024-12-29,2024-12-29 13:14:00,696.31,696.33,696.31,696.33,0.0,201.4,141529.67,1
2024-12-29,2024-12-29 13:15:00,696.33,696.36,696.33,696.36,0.0,201.4,141529.67,1
2024-12-29,2024-12-29 13:16:00,696.36,696.38,696.36,696.38,0.0,201.4,141529.67,1
2024-12-29,2024-12-29 13:17:00,696.38,696.41,696.38,696.41,0.0,201.4,141529.67,1
2024-12-29,2024-12-29 13:18:00,696.41,696.43,696.41,696.43,0.0,201.4,141529.67,1
2024-12-29,2024-12-29 13:19:00,696.43,696.46,696.43,696.46,0.0,201.4,141529.67,1
2024-12-29,2024-12-29 13:20:00,696.46,696.48,696.46,696.48,0.0,201.4,141529.67,1
2024-12-29,2024-12-29 13:21:00,696.48,696.51,696.48,696.51,0.0,201.4,141529.67,1
2024-12-29,2024-12-29 13:22:00,696.51,696.53,696.51,696.53,0.0,201.4,141529.67,1
2024-12-29,2024-12-29 13:23:00,696.53,696.56,696.53,696.56,0.0,201.4,141529.67,1
2024-12-29,2024-12-29 13:24:00,696.56,696.59,696.56,696.59,0.0,201.4,141529.67,1
2024-12-29,2024-12-29 13:25:00,696.59,696.61,696.59,696.61,0.0,201.4,141529.67,1
2024-12-29,2024-12-29 13:26:00,696.61,696.64,696.61,696.64,0.0,201.4,141529.67,1
2024-12-29,2024-12-29 13:27:00,696.64,696.66,696.64,696.66,0.0,201.4,141529.67,1
2024-12-29,2024-12-29 13:28:00,696.66,696.69,696.66,696.69,0.0,201.4,141529.67,1
2024-12-29,2024-12-29 13:29:00,696.69,696.71,696.69,696.71,0.0,201.4,141529.67,1
2024-12-29,2024-12-29 13:30:00,696.71,696.74,696.71,696.74,0.0,201.4,141529.67,1
2024-12-29,2024-12-29 13:31:00,696.74,696.76,696.74,696.76,0.0,201.4,141529.67,1
2024-12-29,2024-12-29 13:32:00,696.76,696.79,696.76,696.79,0.0,201.4,141529.67,1
2024-12-29,2024-12-29 13:33:00,696.79,696.81,696.79,696.81,0.0,201.4,141529.67,1
2024-12-29,2024-12-29 13:34:00,696.81,696.84,696.81,696.84,0.0,201.4,141529.67,1
2024-12-29,2024-12-29 13:35:00,696.84,696.87,696.84,696.87,0.0,201.4,141529.67,1
2024-12-29,2024-12-29 13:36:00,696.87,696.89,696.87,696.89,0.0,201.4,141529.67,1
2024-12-29,2024-12-29 13:37:00,696.89,696.92,696.89,696.92,0.0,201.4,141529.67,1
2024-12-29,2024-12-29 13:38:00,696.92,696.94,696.92,696.94,0.0,201.4,141529.67,1
2024-12-29,2024-12-29 13:39:00,696.94,696.97,696.94,696.97,0.0,201.4,141529.67,1
2024-12-29,2024-12-29 13:40:00,696.97,696.99,696.97,696.99,0.0,201.4,141529.67,1
2024-12-29,2024-12-29 13:41:00,696.99,697.02,696.99,697.02,0.0,201.4,141529.67,1
2024-12-29,2024-12-29 13:42:00,697.02,697.04,697.02,697.04,0.0,201.4,141529.67,1
2024-12-29,2024-12-29 13:43:00,697.04,697.07,697.04,697.07,0.0,201.4,141529.67,1
2024-12-29,2024-12-29 13:44:00,697.07,697.09,697.07,697.09,0.0,201.4,141529.67,1
2024-12-29,2024-12-29 13:45:00,697.09,697.12,697.09,697.12,0.0,201.4,141529.67,1
2024-12-29,2024-12-29 13:46:00,697.12,697.14,697.12,697.14,0.0,201.4,141529.67,1
2024-12-29,2024-12-29 13:47:00,697.14,697.17,697.14,697.17,0.0,201.4,141529.67,1
2024-12-29,2024-12-29 13:48:00,697.17,697.2,697.17,697.2,0.0,201.4,141529.67,1
2024-12-29,2024-12-29 13:49:00,697.2,697.22,697.2,697.22,0.0,201.4,141529.67,1
2024-12-29,2024-12-29 13:50:00,697.22,697.25,697.22,697.25,0.0,201.4,141529.67,1
2024-12-29,2024-12-29 13:51:00,697.25,697.27,697.25,697.27,0.0,201.4,141529.67,1
2024-12-29,2024-12-29 13:52:00,697.27,697.3,697.27,697.3,0.0,201.4,141529.67,1
2024-12-29,2024-12-29 13:53:00,697.3,697.32,697.3,697.32,0.0,201.4,141529.67,1
2024-12-29,2024-12-29 13:54:00,697.32,697.35,697.32,697.35,0.0,201.4,141529.67,1
2024-12-29,2024-12-29 13:55:00,697.35,697.37,697.35,697.37,0.0,201.4,141529.67,1
2024-12-29,2024-12-29 13:56:00,697.37,697.4,697.37,697.4,0.0,201.4,141529.67,1
2024-12-29,2024-12-29 13:57:00,697.4,697.42,697.4,697.42,0.0,201.4,141529.67,1
2024-12-29,2024-12-29 13:58:00,697.42,697.45,697.42,697.45,0.0,201.4,141529.67,1
2024-12-29,2024-12-29 13:59:00,697.45,697.48,697.45,697.48,0.0,201.4,141529.67,1
2024-12-29,2024-12-29 14:00:00,697.48,697.5,697.48,697.5,0.0,201.4,141529.67,1
2024-12-29,2024-12-29 14:01:00,697.5,697.53,697.5,697.53,0.0,201.4,141529.67,1
2024-12-29,2024-12-29 14:02:00,697.53,697.55,697.53,697.55,0.0,201.4,141529.67,1
2024-12-29,2024-12-29 14:03:00,697.55,697.58,697.55,697.58,0.0,201.4,141529.67,1
2024-12-29,2024-12-29 14:04:00,697.58,697.6,697.58,697.6,0.0,201.4,141529.67,1
2024-12-29,2024-12-29 14:05:00,697.6,697.63,697.6,697.63,0.0,201.4,141529.67,1
2024-12-29,2024-12-29 14:06:00,697.63,697.65,697.63,697.65,0.0,201.4,141529.67,1
2024-12-29,2024-12-29 14:07:00,697.65,697.68,697.65,697.68,0.0,201.4,141529.67,1
2024-12-29,2024-12-29 14:08:00,697.68,697.7,697.68,697.7,0.0,201.4,141529.67,1
2024-12-29,2024-12-29 14:09:00,697.7,697.73,697.7,697.73,0.0,201.4,141529.67,1
2024-12-29,2024-12-29 14:10:00,697.73,697.75,697.73,697.75,0.0,201.4,141529.67,1
2024-12-29,2024-12-29 14:11:00,697.75,697.78,697.75,697.78,0.0,201.4,141529.67,1
2024-12-29,2024-12-29 14:12:00,697.78,697.81,697.78,697.81,0.0,201.4,141529.67,1
2024-12-29,2024-12-29 14:13:00,697.81,697.83,697.81,697.83,0.0,201.4,141529.67,1
2024-12-29,2024-12-29 14:14:00,697.83,697.86,697.83,697.86,0.0,201.4,141529.67,1
2024-12-29,2024-12-29 14:15:00,697.86,697.88,697.86,697.88,0.0,201.4,141529.67,1
2024-12-29,2024-12-29 14:16:00,697.88,697.91,697.88,697.91,0.0,201.4,141529.67,1
2024-12-29,2024-12-29 14:17:00,697.91,697.93,697.91,697.93,0.0,201.4,141529.67,1
2024-12-29,2024-12-29 14:18:00,697.93,697.96,697.93,697.96,0.0,201.4,141529.67,1
2024-12-29,2024-12-29 14:19:00,697.96,697.98,697.96,697.98,0.0,201.4,141529.67,1
2024-12-29,2024-12-29 14:20:00,697.98,698.01,697.98,698.01,0.0,201.4,141529.67,1
2024-12-29,2024-12-29 14:21:00,698.01,698.03,698.01,698.03,0.0,201.4,141529.67,1
2024-12-29,2024-12-29 14:22:00,698.03,698.06,698.03,698.06,0.0,201.4,141529.67,1
2024-12-29,2024-12-29 14:23:00,698.06,698.09,698.06,698.09,0.0,201.4,141529.67,1
2024-12-29,2024-12-29 14:24:00,698.09,698.11,698.09,698.11,0.0,201.4,141529.67,1
2024-12-29,2024-12-29 14:25:00,698.11,698.14,698.11,698.14,0.0,201.4,141529.67,1
2024-12-29,2024-12-29 14:26:00,698.14,698.16,698.14,698.16,0.0,201.4,141529.67,1
2024-12-29,2024-12-29 14:27:00,698.16,698.19,698.16,698.19,0.0,201.4,141529.67,1
2024-12-29,2024-12-29 14:28:00,698.19,698.21,698.19,698.21,0.0,201.4,141529.67,1
2024-12-29,2024-12-29 14:29:00,698.21,698.24,698.21,698.24,0.0,201.4,141529.67,1
2024-12-29,2024-12-29 14:30:00,698.24,698.26,698.24,698.26,0.0,201.4,141529.67,1
2024-12-29,2024-12-29 14:31:00,698.26,698.29,698.26,698.29,0.0,201.4,141529.67,1
2024-12-29,2024-12-29 14:32:00,698.29,698.31,698.29,698.31,0.0,201.4,141529.67,1
2024-12-29,2024-12-29 14:33:00,698.31,698.34,698.31,698.34,0.0,201.4,141529.67,1
2024-12-29,2024-12-29 14:34:00,698.34,698.36,698.34,698.36,0.0,201.4,141529.67,1
2024-12-29,2024-12-29 14:35:00,698.36,698.39,698.36,698.39,0.0,201.4,141529.67,1
2024-12-29,2024-12-29 14:36:00,698.39,698.42,698.39,698.42,0.0,201.4,141529.67,1
2024-12-29,2024-12-29 14:37:00,698.42,698.44,698.42,698.44,0.0,201.4,141529.67,1
2024-12-29,2024-12-29 14:38:00,698.44,698.47,698.44,698.47,0.0,201.4,141529.67,1
2024-12-29,2024-12-29 14:39:00,698.47,698.49,698.47,698.49,0.0,201.4,141529.67,1
2024-12-29,2024-12-29 14:40:00,698.49,698.52,698.49,698.52,0.0,201.4,141529.67,1
2024-12-29,2024-12-29 14:41:00,698.52,698.54,698.52,698.54,0.0,201.4,141529.67,1
2024-12-29,2024-12-29 14:42:00,698.54,698.57,698.54,698.57,0.0,201.4,141529.67,1
2024-12-29,2024-12-29 14:43:00,698.57,698.59,698.57,698.59,0.0,201.4,141529.67,1
2024-12-29,2024-12-29 14:44:00,698.59,698.62,698.59,698.62,0.0,201.4,141529.67,1
2024-12-29,2024-12-29 14:45:00,698.62,698.64,698.62,698.64,0.0,201.4,141529.67,1
2024-12-29,2024-12-29 14:46:00,698.64,698.67,698.64,698.67,0.0,201.4,141529.67,1
2024-12-29,2024-12-29 14:47:00,698.67,698.7,698.67,698.7,0.0,201.4,141529.67,1
2024-12-29,2024-12-29 14:48:00,698.7,698.72,698.7,698.72,0.0,201.4,141529.67,1
2024-12-29,2024-12-29 14:49:00,698.72,698.75,698.72,698.75,0.0,201.4,141529.67,1
2024-12-29,2024-12-29 14:50:00,698.75,698.77,698.75,698.77,0.0,201.4,141529.67,1
2024-12-29,2024-12-29 14:51:00,698.77,698.8,698.77,698.8,0.0,201.4,141529.67,1
2024-12-29,2024-12-29 14:52:00,698.8,698.82,698.8,698.82,0.0,201.4,141529.67,1
2024-12-29,2024-12-29 14:53:00,698.82,698.85,698.82,698.85,0.0,201.4,141529.67,1
2024-12-29,2024-12-29 14:54:00,698.85,698.87,698.85,698.87,0.0,201.4,141529.67,1
2024-12-29,2024-12-29 14:55:00,698.87,698.9,698.87,698.9,0.0,201.4,141529.67,1
2024-12-29,2024-12-29 14:56:00,698.9,698.92,698.9,698.92,0.0,201.4,141529.67,1
2024-12-29,2024-12-29 14:57:00,698.92,698.95,698.92,698.95,0.0,201.4,141529.67,1
2024-12-29,2024-12-29 14:58:00,698.95,698.97,698.95,698.97,0.0,201.4,141529.67,1
2024-12-29,2024-12-29 14:59:00,698.97,699.0,698.97,699.0,0.0,201.4,141529.67,1
2024-12-29,2024-12-29 15:00:00,699.0,730.0,690.0,699.0,0.0,201.4,141529.67,0
2024-12-31,2024-12-31 11:00:00,712.0,712.0,697.0,711.87,-0.02,206.38,141778.13,-1
2024-12-31,2024-12-31 11:01:00,711.87,711.87,711.73,711.73,-0.02,206.38,141778.13,-1
2024-12-31,2024-12-31 11:02:00,711.73,711.73,711.6,711.6,-0.02,206.38,141778.13,-1
2024-12-31,2024-12-31 11:03:00,711.6,711.6,711.47,711.47,-0.02,206.38,141778.13,-1
2024-12-31,2024-12-31 11:04:00,711.47,711.47,711.33,711.33,-0.02,206.38,141778.13,-1
2024-12-31,2024-12-31 11:05:00,711.33,711.33,711.2,711.2,-0.02,206.38,141778.13,-1
2024-12-31,2024-12-31 11:06:00,711.2,711.2,711.07,711.07,-0.02,206.38,141778.13,-1
2024-12-31,2024-12-31 11:07:00,711.07,711.07,710.93,710.93,-0.02,206.38,141778.13,-1
2024-12-31,2024-12-31 11:08:00,710.93,710.93,710.8,710.8,-0.02,206.38,141778.13,-1
2024-12-31,2024-12-31 11:09:00,710.8,710.8,710.67,710.67,-0.02,206.38,141778.13,-1
2024-12-31,2024-12-31 11:10:00,710.67,710.67,710.53,710.53,-0.02,206.38,141778.13,-1
2024-12-31,2024-12-31 11:11:00,710.53,710.53,710.4,710.4,-0.02,206.38,141778.13,-1
2024-12-31,2024-12-31 11:12:00,710.4,710.4,710.27,710.27,-0.02,206.38,141778.13,-1
2024-12-31,2024-12-31 11:13:00,710.27,710.27,710.13,710.13,-0.02,206.38,141778.13,-1
2024-12-31,2024-12-31 11:14:00,710.13,710.13,710.0,710.0,-0.02,206.38,141778.13,-1
2024-12-31,2024-12-31 11:15:00,710.0,710.0,709.87,709.87,-0.02,206.38,141778.13,-1
2024-12-31,2024-12-31 11:16:00,709.87,709.87,709.73,709.73,-0.02,206.38,141778.13,-1
2024-12-31,2024-12-31 11:17:00,709.73,709.73,709.6,709.6,-0.02,206.38,141778.13,-1
2024-12-31,2024-12-31 11:18:00,709.6,709.6,709.47,709.47,-0.02,206.38,141778.13,-1
2024-12-31,2024-12-31 11:19:00,709.47,709.47,709.33,709.33,-0.02,206.38,141778.13,-1
2024-12-31,2024-12-31 11:20:00,709.33,709.33,709.2,709.2,-0.02,206.38,141778.13,-1
2024-12-31,2024-12-31 11:21:00,709.2,709.2,709.07,709.07,-0.02,206.38,141778.13,-1
2024-12-31,2024-12-31 11:22:00,709.07,709.07,708.93,708.93,-0.02,206.38,141778.13,-1
2024-12-31,2024-12-31 11:23:00,708.93,708.93,708.8,708.8,-0.02,206.38,141778.13,-1
2024-12-31,2024-12-31 11:24:00,708.8,708.8,708.67,708.67,-0.02,206.38,141778.13,-1
2024-12-31,2024-12-31 11:25:00,708.67,708.67,708.53,708.53,-0.02,206.38,141778.13,-1
2024-12-31,2024-12-31 11:26:00,708.53,708.53,708.4,708.4,-0.02,206.38,141778.13,-1
2024-12-31,2024-12-31 11:27:00,708.4,708.4,708.27,708.27,-0.02,206.38,141778.13,-1
2024-12-31,2024-12-31 11:28:00,708.27,708.27,708.13,708.13,-0.02,206.38,141778.13,-1
2024-12-31,2024-12-31 11:29:00,708.13,708.13,708.0,708.0,-0.02,206.38,141778.13,-1
2024-12-31,2024-12-31 11:30:00,708.0,708.0,707.87,707.87,-0.02,206.38,141778.13,-1
2024-12-31,2024-12-31 11:31:00,707.87,707.87,707.73,707.73,-0.02,206.38,141778.13,-1
2024-12-31,2024-12-31 11:32:00,707.73,707.73,707.6,707.6,-0.02,206.38,141778.13,-1
2024-12-31,2024-12-31 11:33:00,707.6,707.6,707.47,707.47,-0.02,206.38,141778.13,-1
2024-12-31,2024-12-31 11:34:00,707.47,707.47,707.33,707.33,-0.02,206.38,141778.13,-1
2024-12-31,2024-12-31 11:35:00,707.33,707.33,707.2,707.2,-0.02,206.38,141778.13,-1
2024-12-31,2024-12-31 11:36:00,707.2,707.2,707.07,707.07,-0.02,206.38,141778.13,-1
2024-12-31,2024-12-31 11:37:00,707.07,707.07,706.93,706.93,-0.02,206.38,141778.13,-1
2024-12-31,2024-12-31 11:38:00,706.93,706.93,706.8,706.8,-0.02,206.38,141778.13,-1
2024-12-31,2024-12-31 11:39:00,706.8,706.8,706.67,706.67,-0.02,206.38,141778.13,-1
2024-12-31,2024-12-31 11:40:00,706.67,706.67,706.53,706.53,-0.02,206.38,141778.13,-1
2024-12-31,2024-12-31 11:41:00,706.53,706.53,706.4,706.4,-0.02,206.38,141778.13,-1
2024-12-31,2024-12-31 11:42:00,706.4,706.4,706.27,706.27,-0.02,206.38,141778.13,-1
2024-12-31,2024-12-31 11:43:00,706.27,706.27,706.13,706.13,-0.02,206.38,141778.13,-1
2024-12-31,2024-12-31 11:44:00,706.13,706.13,706.0,706.0,-0.02,206.38,141778.13,-1
2024-12-31,2024-12-31 11:45:00,706.0,706.0,705.87,705.87,-0.02,206.38,141778.13,-1
2024-12-31,2024-12-31 11:46:00,705.87,705.87,705.73,705.73,-0.02,206.38,141778.13,-1
2024-12-31,2024-12-31 11:47:00,705.73,705.73,705.6,705.6,-0.02,206.38,141778.13,-1
2024-12-31,2024-12-31 11:48:00,705.6,705.6,705.47,705.47,-0.02,206.38,141778.13,-1
2024-12-31,2024-12-31 11:49:00,705.47,705.47,705.33,705.33,-0.02,206.38,141778.13,-1
2024-12-31,2024-12-31 11:50:00,705.33,705.33,705.2,705.2,-0.02,206.38,141778.13,-1
2024-12-31,2024-12-31 11:51:00,705.2,705.2,705.07,705.07,-0.02,206.38,141778.13,-1
2024-12-31,2024-12-31 11:52:00,705.07,705.07,704.93,704.93,-0.02,206.38,141778.13,-1
2024-12-31,2024-12-31 11:53:00,704.93,704.93,704.8,704.8,-0.02,206.38,141778.13,-1
2024-12-31,2024-12-31 11:54:00,704.8,704.8,704.67,704.67,-0.02,206.38,141778.13,-1
2024-12-31,2024-12-31 11:55:00,704.67,704.67,704.53,704.53,-0.02,206.38,141778.13,-1
2024-12-31,2024-12-31 11:56:00,704.53,704.53,704.4,704.4,-0.02,206.38,141778.13,-1
2024-12-31,2024-12-31 11:57:00,704.4,704.4,704.27,704.27,-0.02,206.38,141778.13,-1
2024-12-31,2024-12-31 11:58:00,704.27,704.27,704.13,704.13,-0.02,206.38,141778.13,-1
2024-12-31,2024-12-31 11:59:00,704.13,704.13,704.0,704.0,-0.02,206.38,141778.13,-1
2024-12-31,2024-12-31 12:00:00,704.0,704.0,703.87,703.87,-0.02,206.38,141778.13,-1
2024-12-31,2024-12-31 12:01:00,703.87,703.87,703.73,703.73,-0.02,206.38,141778.13,-1
2024-12-31,2024-12-31 12:02:00,703.73,703.73,703.6,703.6,-0.02,206.38,141778.13,-1
2024-12-31,2024-12-31 12:03:00,703.6,703.6,703.47,703.47,-0.02,206.38,141778.13,-1
2024-12-31,2024-12-31 12:04:00,703.47,703.47,703.33,703.33,-0.02,206.38,141778.13,-1
2024-12-31,2024-12-31 12:05:00,703.33,703.33,703.2,703.2,-0.02,206.38,141778.13,-1
2024-12-31,2024-12-31 12:06:00,703.2,703.2,703.07,703.07,-0.02,206.38,141778.13,-1
2024-12-31,2024-12-31 12:07:00,703.07,703.07,702.93,702.93,-0.02,206.38,141778.13,-1
2024-12-31,2024-12-31 12:08:00,702.93,702.93,702.8,702.8,-0.02,206.38,141778.13,-1
2024-12-31,2024-12-31 12:09:00,702.8,702.8,702.67,702.67,-0.02,206.38,141778.13,-1
2024-12-31,2024-12-31 12:10:00,702.67,702.67,702.53,702.53,-0.02,206.38,141778.13,-1
2024-12-31,2024-12-31 12:11:00,702.53,702.53,702.4,702.4,-0.02,206.38,141778.13,-1
2024-12-31,2024-12-31 12:12:00,702.4,702.4,702.27,702.27,-0.02,206.38,141778.13,-1
2024-12-31,2024-12-31 12:13:00,702.27,702.27,702.13,702.13,-0.02,206.38,141778.13,-1
2024-12-31,2024-12-31 12:14:00,702.13,702.13,702.0,702.0,-0.02,206.38,141778.13,-1
2024-12-31,2024-12-31 12:15:00,702.0,702.0,701.87,701.87,-0.02,206.38,141778.13,-1
2024-12-31,2024-12-31 12:16:00,701.87,701.87,701.73,701.73,-0.02,206.38,141778.13,-1
2024-12-31,2024-12-31 12:17:00,701.73,701.73,701.6,701.6,-0.02,206.38,141778.13,-1
2024-12-31,2024-12-31 12:18:00,701.6,701.6,701.47,701.47,-0.02,206.38,141778.13,-1
2024-12-31,2024-12-31 12:19:00,701.47,701.47,701.33,701.33,-0.02,206.38,141778.13,-1
2024-12-31,2024-12-31 12:20:00,701.33,701.33,701.2,701.2,-0.02,206.38,141778.13,-1
2024-12-31,2024-12-31 12:21:00,701.2,701.2,701.07,701.07,-0.02,206.38,141778.13,-1
2024-12-31,2024-12-31 12:22:00,701.07,701.07,700.93,700.93,-0.02,206.38,141778.13,-1
2024-12-31,2024-12-31 12:23:00,700.93,700.93,700.8,700.8,-0.02,206.38,141778.13,-1
2024-12-31,2024-12-31 12:24:00,700.8,700.8,700.67,700.67,-0.02,206.38,141778.13,-1
2024-12-31,2024-12-31 12:25:00,700.67,700.67,700.53,700.53,-0.02,206.38,141778.13,-1
2024-12-31,2024-12-31 12:26:00,700.53,700.53,700.4,700.4,-0.02,206.38,141778.13,-1
2024-12-31,2024-12-31 12:27:00,700.4,700.4,700.27,700.27,-0.02,206.38,141778.13,-1
2024-12-31,2024-12-31 12:28:00,700.27,700.27,700.13,700.13,-0.02,206.38,141778.13,-1
2024-12-31,2024-12-31 12:29:00,700.13,700.13,700.0,700.0,-0.02,206.38,141778.13,-1
2024-12-31,2024-12-31 12:30:00,700.0,700.0,699.87,699.87,-0.02,206.38,141778.13,-1
2024-12-31,2024-12-31 12:31:00,699.87,699.87,699.73,699.73,-0.02,206.38,141778.13,-1
2024-12-31,2024-12-31 12:32:00,699.73,699.73,699.6,699.6,-0.02,206.38,141778.13,-1
2024-12-31,2024-12-31 12:33:00,699.6,699.6,699.47,699.47,-0.02,206.38,141778.13,-1
2024-12-31,2024-12-31 12:34:00,699.47,699.47,699.33,699.33,-0.02,206.38,141778.13,-1
2024-12-31,2024-12-31 12:35:00,699.33,699.33,699.2,699.2,-0.02,206.38,141778.13,-1
2024-12-31,2024-12-31 12:36:00,699.2,699.2,699.07,699.07,-0.02,206.38,141778.13,-1
2024-12-31,2024-12-31 12:37:00,699.07,699.07,698.93,698.93,-0.02,206.38,141778.13,-1
2024-12-31,2024-12-31 12:38:00,698.93,698.93,698.8,698.8,-0.02,206.38,141778.13,-1
2024-12-31,2024-12-31 12:39:00,698.8,698.8,698.67,698.67,-0.02,206.38,141778.13,-1
2024-12-31,2024-12-31 12:40:00,698.67,698.67,698.53,698.53,-0.02,206.38,141778.13,-1
2024-12-31,2024-12-31 12:41:00,698.53,698.53,698.4,698.4,-0.02,206.38,141778.13,-1
2024-12-31,2024-12-31 12:42:00,698.4,698.4,698.27,698.27,-0.02,206.38,141778.13,-1
2024-12-31,2024-12-31 12:43:00,698.27,698.27,698.13,698.13,-0.02,206.38,141778.13,-1
2024-12-31,2024-12-31 12:44:00,698.13,698.13,698.0,698.0,-0.02,206.38,141778.13,-1
2024-12-31,2024-12-31 12:45:00,698.0,698.0,697.87,697.87,-0.02,206.38,141778.13,-1
2024-12-31,2024-12-31 12:46:00,697.87,697.87,697.73,697.73,-0.02,206.38,141778.13,-1
2024-12-31,2024-12-31 12:47:00,697.73,697.73,697.6,697.6,-0.02,206.38,141778.13,-1
2024-12-31,2024-12-31 12:48:00,697.6,697.6,697.47,697.47,-0.02,206.38,141778.13,-1
2024-12-31,2024-12-31 12:49:00,697.47,697.47,697.33,697.33,-0.02,206.38,141778.13,-1
2024-12-31,2024-12-31 12:50:00,697.33,697.33,697.2,697.2,-0.02,206.38,141778.13,-1
2024-12-31,2024-12-31 12:51:00,697.2,697.2,697.07,697.07,-0.02,206.38,141778.13,-1
2024-12-31,2024-12-31 12:52:00,697.07,697.07,696.93,696.93,-0.02,206.38,141778.13,-1
2024-12-31,2024-12-31 12:53:00,696.93,696.93,696.8,696.8,-0.02,206.38,141778.13,-1
2024-12-31,2024-12-31 12:54:00,696.8,696.8,696.67,696.67,-0.02,206.38,141778.13,-1
2024-12-31,2024-12-31 12:55:00,696.67,696.67,696.53,696.53,-0.02,206.38,141778.13,-1
2024-12-31,2024-12-31 12:56:00,696.53,696.53,696.4,696.4,-0.02,206.38,141778.13,-1
2024-12-31,2024-12-31 12:57:00,696.4,696.4,696.27,696.27,-0.02,206.38,141778.13,-1
2024-12-31,2024-12-31 12:58:00,696.27,696.27,696.13,696.13,-0.02,206.38,141778.13,-1
2024-12-31,2024-12-31 12:59:00,696.13,696.13,696.0,696.0,-0.02,206.38,141778.13,-1
2024-12-31,2024-12-31 13:00:00,696.0,712.0,662.0,695.87,-0.02,206.38,141778.13,-1
2024-12-31,2024-12-31 13:01:00,695.87,695.87,695.73,695.73,-0.02,206.38,141778.13,-1
2024-12-31,2024-12-31 13:02:00,695.73,695.73,695.6,695.6,-0.02,206.38,141778.13,-1
2024-12-31,2024-12-31 13:03:00,695.6,695.6,695.47,695.47,-0.02,206.38,141778.13,-1
2024-12-31,2024-12-31 13:04:00,695.47,695.47,695.33,695.33,-0.02,206.38,141778.13,-1
2024-12-31,2024-12-31 13:05:00,695.33,695.33,695.2,695.2,-0.02,206.38,141778.13,-1
2024-12-31,2024-12-31 13:06:00,695.2,695.2,695.07,695.07,-0.02,206.38,141778.13,-1
2024-12-31,2024-12-31 13:07:00,695.07,695.07,694.93,694.93,-0.02,206.38,141778.13,-1
2024-12-31,2024-12-31 13:08:00,694.93,694.93,694.8,694.8,-0.02,206.38,141778.13,-1
2024-12-31,2024-12-31 13:09:00,694.8,694.8,694.67,694.67,-0.02,206.38,141778.13,-1
2024-12-31,2024-12-31 13:10:00,694.67,694.67,694.53,694.53,-0.02,206.38,141778.13,-1
2024-12-31,2024-12-31 13:11:00,694.53,694.53,694.4,694.4,-0.02,206.38,141778.13,-1
2024-12-31,2024-12-31 13:12:00,694.4,694.4,694.27,694.27,-0.02,206.38,141778.13,-1
2024-12-31,2024-12-31 13:13:00,694.27,694.27,694.13,694.13,-0.02,206.38,141778.13,-1
2024-12-31,2024-12-31 13:14:00,694.13,694.13,694.0,694.0,-0.02,206.38,141778.13,-1
2024-12-31,2024-12-31 13:15:00,694.0,694.0,693.87,693.87,-0.02,206.38,141778.13,-1
2024-12-31,2024-12-31 13:16:00,693.87,693.87,693.73,693.73,-0.02,206.38,141778.13,-1
2024-12-31,2024-12-31 13:17:00,693.73,693.73,693.6,693.6,-0.02,206.38,141778.13,-1
2024-12-31,2024-12-31 13:18:00,693.6,693.6,693.47,693.47,-0.02,206.38,141778.13,-1
2024-12-31,2024-12-31 13:19:00,693.47,693.47,693.33,693.33,-0.02,206.38,141778.13,-1
2024-12-31,2024-12-31 13:20:00,693.33,693.33,693.2,693.2,-0.02,206.38,141778.13,-1
2024-12-31,2024-12-31 13:21:00,693.2,693.2,693.07,693.07,-0.02,206.38,141778.13,-1
2024-12-31,2024-12-31 13:22:00,693.07,693.07,692.93,692.93,-0.02,206.38,141778.13,-1
2024-12-31,2024-12-31 13:23:00,692.93,692.93,692.8,692.8,-0.02,206.38,141778.13,-1
2024-12-31,2024-12-31 13:24:00,692.8,692.8,692.67,692.67,-0.02,206.38,141778.13,-1
2024-12-31,2024-12-31 13:25:00,692.67,692.67,692.53,692.53,-0.02,206.38,141778.13,-1
2024-12-31,2024-12-31 13:26:00,692.53,692.53,692.4,692.4,-0.02,206.38,141778.13,-1
2024-12-31,2024-12-31 13:27:00,692.4,692.4,692.27,692.27,-0.02,206.38,141778.13,-1
2024-12-31,2024-12-31 13:28:00,692.27,692.27,692.13,692.13,-0.02,206.38,141778.13,-1
2024-12-31,2024-12-31 13:29:00,692.13,692.13,692.0,692.0,-0.02,206.38,141778.13,-1
2024-12-31,2024-12-31 13:30:00,692.0,692.0,691.87,691.87,-0.02,206.38,141778.13,-1
2024-12-31,2024-12-31 13:31:00,691.87,691.87,691.73,691.73,-0.02,206.38,141778.13,-1
2024-12-31,2024-12-31 13:32:00,691.73,691.73,691.6,691.6,-0.02,206.38,141778.13,-1
2024-12-31,2024-12-31 13:33:00,691.6,691.6,691.47,691.47,-0.02,206.38,141778.13,-1
2024-12-31,2024-12-31 13:34:00,691.47,691.47,691.33,691.33,-0.02,206.38,141778.13,-1
2024-12-31,2024-12-31 13:35:00,691.33,691.33,691.2,691.2,-0.02,206.38,141778.13,-1
2024-12-31,2024-12-31 13:36:00,691.2,691.2,691.07,691.07,-0.02,206.38,141778.13,-1
2024-12-31,2024-12-31 13:37:00,691.07,691.07,690.93,690.93,-0.02,206.38,141778.13,-1
2024-12-31,2024-12-31 13:38:00,690.93,690.93,690.8,690.8,-0.02,206.38,141778.13,-1
2024-12-31,2024-12-31 13:39:00,690.8,690.8,690.67,690.67,-0.02,206.38,141778.13,-1
2024-12-31,2024-12-31 13:40:00,690.67,690.67,690.53,690.53,-0.02,206.38,141778.13,-1
2024-12-31,2024-12-31 13:41:00,690.53,690.53,690.4,690.4,-0.02,206.38,141778.13,-1
2024-12-31,2024-12-31 13:42:00,690.4,690.4,690.27,690.27,-0.02,206.38,141778.13,-1
2024-12-31,2024-12-31 13:43:00,690.27,690.27,690.13,690.13,-0.02,206.38,141778.13,-1
2024-12-31,2024-12-31 13:44:00,690.13,690.13,690.0,690.0,-0.02,206.38,141778.13,-1
2024-12-31,2024-12-31 13:45:00,690.0,690.0,689.87,689.87,-0.02,206.38,141778.13,-1
2024-12-31,2024-12-31 13:46:00,689.87,689.87,689.73,689.73,-0.02,206.38,141778.13,-1
2024-12-31,2024-12-31 13:47:00,689.73,689.73,689.6,689.6,-0.02,206.38,141778.13,-1
2024-12-31,2024-12-31 13:48:00,689.6,689.6,689.47,689.47,-0.02,206.38,141778.13,-1
2024-12-31,2024-12-31 13:49:00,689.47,689.47,689.33,689.33,-0.02,206.38,141778.13,-1
2024-12-31,2024-12-31 13:50:00,689.33,689.33,689.2,689.2,-0.02,206.38,141778.13,-1
2024-12-31,2024-12-31 13:51:00,689.2,689.2,689.07,689.07,-0.02,206.38,141778.13,-1
2024-12-31,2024-12-31 13:52:00,689.07,689.07,688.93,688.93,-0.02,206.38,141778.13,-1
2024-12-31,2024-12-31 13:53:00,688.93,688.93,688.8,688.8,-0.02,206.38,141778.13,-1
2024-12-31,2024-12-31 13:54:00,688.8,688.8,688.67,688.67,-0.02,206.38,141778.13,-1
2024-12-31,2024-12-31 13:55:00,688.67,688.67,688.53,688.53,-0.02,206.38,141778.13,-1
2024-12-31,2024-12-31 13:56:00,688.53,688.53,688.4,688.4,-0.02,206.38,141778.13,-1
2024-12-31,2024-12-31 13:57:00,688.4,688.4,688.27,688.27,-0.02,206.38,141778.13,-1
2024-12-31,2024-12-31 13:58:00,688.27,688.27,688.13,688.13,-0.02,206.38,141778.13,-1
2024-12-31,2024-12-31 13:59:00,688.13,688.13,688.0,688.0,-0.02,206.38,141778.13,-1
2024-12-31,2024-12-31 14:00:00,688.0,688.0,687.87,687.87,-0.02,206.38,141778.13,-1
2024-12-31,2024-12-31 14:01:00,687.87,687.87,687.73,687.73,-0.02,206.38,141778.13,-1
2024-12-31,2024-12-31 14:02:00,687.73,687.73,687.6,687.6,-0.02,206.38,141778.13,-1
2024-12-31,2024-12-31 14:03:00,687.6,687.6,687.47,687.47,-0.02,206.38,141778.13,-1
2024-12-31,2024-12-31 14:04:00,687.47,687.47,687.33,687.33,-0.02,206.38,141778.13,-1
2024-12-31,2024-12-31 14:05:00,687.33,687.33,687.2,687.2,-0.02,206.38,141778.13,-1
2024-12-31,2024-12-31 14:06:00,687.2,687.2,687.07,687.07,-0.02,206.38,141778.13,-1
2024-12-31,2024-12-31 14:07:00,687.07,687.07,686.93,686.93,-0.02,206.38,141778.13,-1
2024-12-31,2024-12-31 14:08:00,686.93,686.93,686.8,686.8,-0.02,206.38,141778.13,-1
2024-12-31,2024-12-31 14:09:00,686.8,686.8,686.67,686.67,-0.02,206.38,141778.13,-1
2024-12-31,2024-12-31 14:10:00,686.67,686.67,686.53,686.53,-0.02,206.38,141778.13,-1
2024-12-31,2024-12-31 14:11:00,686.53,686.53,686.4,686.4,-0.02,206.38,141778.13,-1
2024-12-31,2024-12-31 14:12:00,686.4,686.4,686.27,686.27,-0.02,206.38,141778.13,-1
2024-12-31,2024-12-31 14:13:00,686.27,686.27,686.13,686.13,-0.02,206.38,141778.13,-1
2024-12-31,2024-12-31 14:14:00,686.13,686.13,686.0,686.0,-0.02,206.38,141778.13,-1
2024-12-31,2024-12-31 14:15:00,686.0,686.0,685.87,685.87,-0.02,206.38,141778.13,-1
2024-12-31,2024-12-31 14:16:00,685.87,685.87,685.73,685.73,-0.02,206.38,141778.13,-1
2024-12-31,2024-12-31 14:17:00,685.73,685.73,685.6,685.6,-0.02,206.38,141778.13,-1
2024-12-31,2024-12-31 14:18:00,685.6,685.6,685.47,685.47,-0.02,206.38,141778.13,-1
2024-12-31,2024-12-31 14:19:00,685.47,685.47,685.33,685.33,-0.02,206.38,141778.13,-1
2024-12-31,2024-12-31 14:20:00,685.33,685.33,685.2,685.2,-0.02,206.38,141778.13,-1
2024-12-31,2024-12-31 14:21:00,685.2,685.2,685.07,685.07,-0.02,206.38,141778.13,-1
2024-12-31,2024-12-31 14:22:00,685.07,685.07,684.93,684.93,-0.02,206.38,141778.13,-1
2024-12-31,2024-12-31 14:23:00,684.93,684.93,684.8,684.8,-0.02,206.38,141778.13,-1
2024-12-31,2024-12-31 14:24:00,684.8,684.8,684.67,684.67,-0.02,206.38,141778.13,-1
2024-12-31,2024-12-31 14:25:00,684.67,684.67,684.53,684.53,-0.02,206.38,141778.13,-1
2024-12-31,2024-12-31 14:26:00,684.53,684.53,684.4,684.4,-0.02,206.38,141778.13,-1
2024-12-31,2024-12-31 14:27:00,684.4,684.4,684.27,684.27,-0.02,206.38,141778.13,-1
2024-12-31,2024-12-31 14:28:00,684.27,684.27,684.13,684.13,-0.02,206.38,141778.13,-1
2024-12-31,2024-12-31 14:29:00,684.13,684.13,684.0,684.0,-0.02,206.38,141778.13,-1
2024-12-31,2024-12-31 14:30:00,684.0,684.0,683.87,683.87,-0.02,206.38,141778.13,-1
2024-12-31,2024-12-31 14:31:00,683.87,683.87,683.73,683.73,-0.02,206.38,141778.13,-1
2024-12-31,2024-12-31 14:32:00,683.73,683.73,683.6,683.6,-0.02,206.38,141778.13,-1
2024-12-31,2024-12-31 14:33:00,683.6,683.6,683.47,683.47,-0.02,206.38,141778.13,-1
2024-12-31,2024-12-31 14:34:00,683.47,683.47,683.33,683.33,-0.02,206.38,141778.13,-1
2024-12-31,2024-12-31 14:35:00,683.33,683.33,683.2,683.2,-0.02,206.38,141778.13,-1
2024-12-31,2024-12-31 14:36:00,683.2,683.2,683.07,683.07,-0.02,206.38,141778.13,-1
2024-12-31,2024-12-31 14:37:00,683.07,683.07,682.93,682.93,-0.02,206.38,141778.13,-1
2024-12-31,2024-12-31 14:38:00,682.93,682.93,682.8,682.8,-0.02,206.38,141778.13,-1
2024-12-31,2024-12-31 14:39:00,682.8,682.8,682.67,682.67,-0.02,206.38,141778.13,-1
2024-12-31,2024-12-31 14:40:00,682.67,682.67,682.53,682.53,-0.02,206.38,141778.13,-1
2024-12-31,2024-12-31 14:41:00,682.53,682.53,682.4,682.4,-0.02,206.38,141778.13,-1
2024-12-31,2024-12-31 14:42:00,682.4,682.4,682.27,682.27,-0.02,206.38,141778.13,-1
2024-12-31,2024-12-31 14:43:00,682.27,682.27,682.13,682.13,-0.02,206.38,141778.13,-1
2024-12-31,2024-12-31 14:44:00,682.13,682.13,682.0,682.0,-0.02,206.38,141778.13,-1
2024-12-31,2024-12-31 14:45:00,682.0,682.0,681.87,681.87,-0.02,206.38,141778.13,-1
2024-12-31,2024-12-31 14:46:00,681.87,681.87,681.73,681.73,-0.02,206.38,141778.13,-1
2024-12-31,2024-12-31 14:47:00,681.73,681.73,681.6,681.6,-0.02,206.38,141778.13,-1
2024-12-31,2024-12-31 14:48:00,681.6,681.6,681.47,681.47,-0.02,206.38,141778.13,-1
2024-12-31,2024-12-31 14:49:00,681.47,681.47,681.33,681.33,-0.02,206.38,141778.13,-1
2024-12-31,2024-12-31 14:50:00,681.33,681.33,681.2,681.2,-0.02,206.38,141778.13,-1
2024-12-31,2024-12-31 14:51:00,681.2,681.2,681.07,681.07,-0.02,206.38,141778.13,-1
2024-12-31,2024-12-31 14:52:00,681.07,681.07,680.93,680.93,-0.02,206.38,141778.13,-1
2024-12-31,2024-12-31 14:53:00,680.93,680.93,680.8,680.8,-0.02,206.38,141778.13,-1
2024-12-31,2024-12-31 14:54:00,680.8,680.8,680.67,680.67,-0.02,206.38,141778.13,-1
2024-12-31,2024-12-31 14:55:00,680.67,680.67,680.53,680.53,-0.02,206.38,141778.13,-1
2024-12-31,2024-12-31 14:56:00,680.53,680.53,680.4,680.4,-0.02,206.38,141778.13,-1
2024-12-31,2024-12-31 14:57:00,680.4,680.4,680.27,680.27,-0.02,206.38,141778.13,-1
2024-12-31,2024-12-31 14:58:00,680.27,680.27,680.13,680.13,-0.02,206.38,141778.13,-1
2024-12-31,2024-12-31 14:59:00,680.13,680.13,680.0,680.0,-0.02,206.38,141778.13,-1
2024-12-31,2024-12-31 15:00:00,680.0,712.0,662.0,680.0,0.0,206.38,141778.13,0
2025-01-01,2025-01-01 11:00:00,690.5,699.35,687.35,690.6,0.01,127.28,89691.22,1
2025-01-01,2025-01-01 11:01:00,690.6,690.7,690.6,690.7,0.01,127.28,89691.22,1
2025-01-01,2025-01-01 11:02:00,690.7,690.79,690.7,690.79,0.01,127.28,89691.22,1
2025-01-01,2025-01-01 11:03:00,690.79,690.89,690.79,690.89,0.01,127.28,89691.22,1
2025-01-01,2025-01-01 11:04:00,690.89,690.99,690.89,690.99,0.01,127.28,89691.22,1
2025-01-01,2025-01-01 11:05:00,690.99,691.09,690.99,691.09,0.01,127.28,89691.22,1
2025-01-01,2025-01-01 11:06:00,691.09,691.19,691.09,691.19,0.01,127.28,89691.22,1
2025-01-01,2025-01-01 11:07:00,691.19,691.28,691.19,691.28,0.01,127.28,89691.22,1
2025-01-01,2025-01-01 11:08:00,691.28,691.38,691.28,691.38,0.01,127.28,89691.22,1
2025-01-01,2025-01-01 11:09:00,691.38,691.48,691.38,691.48,0.01,127.28,89691.22,1
2025-01-01,2025-01-01 11:10:00,691.48,691.58,691.48,691.58,0.01,127.28,89691.22,1
2025-01-01,2025-01-01 11:11:00,691.58,691.67,691.58,691.67,0.01,127.28,89691.22,1
2025-01-01,2025-01-01 11:12:00,691.67,691.77,691.67,691.77,0.01,127.28,89691.22,1
2025-01-01,2025-01-01 11:13:00,691.77,691.87,691.77,691.87,0.01,127.28,89691.22,1
2025-01-01,2025-01-01 11:14:00,691.87,691.97,691.87,691.97,0.01,127.28,89691.22,1
2025-01-01,2025-01-01 11:15:00,691.97,692.07,691.97,692.07,0.01,127.28,89691.22,1
2025-01-01,2025-01-01 11:16:00,692.07,692.16,692.07,692.16,0.01,127.28,89691.22,1
2025-01-01,2025-01-01 11:17:00,692.16,692.26,692.16,692.26,0.01,127.28,89691.22,1
2025-01-01,2025-01-01 11:18:00,692.26,692.36,692.26,692.36,0.01,127.28,89691.22,1
2025-01-01,2025-01-01 11:19:00,692.36,692.46,692.36,692.46,0.01,127.28,89691.22,1
2025-01-01,2025-01-01 11:20:00,692.46,692.56,692.46,692.56,0.01,127.28,89691.22,1
2025-01-01,2025-01-01 11:21:00,692.56,692.65,692.56,692.65,0.01,127.28,89691.22,1
2025-01-01,2025-01-01 11:22:00,692.65,692.75,692.65,692.75,0.01,127.28,89691.22,1
2025-01-01,2025-01-01 11:23:00,692.75,692.85,692.75,692.85,0.01,127.28,89691.22,1
2025-01-01,2025-01-01 11:24:00,692.85,692.95,692.85,692.95,0.01,127.28,89691.22,1
2025-01-01,2025-01-01 11:25:00,692.95,693.05,692.95,693.05,0.01,127.28,89691.22,1
2025-01-01,2025-01-01 11:26:00,693.05,693.14,693.05,693.14,0.01,127.28,89691.22,1
2025-01-01,2025-01-01 11:27:00,693.14,693.24,693.14,693.24,0.01,127.28,89691.22,1
2025-01-01,2025-01-01 11:28:00,693.24,693.34,693.24,693.34,0.01,127.28,89691.22,1
2025-01-01,2025-01-01 11:29:00,693.34,693.44,693.34,693.44,0.01,127.28,89691.22,1
2025-01-01,2025-01-01 11:30:00,693.44,693.54,693.44,693.54,0.01,127.28,89691.22,1
2025-01-01,2025-01-01 11:31:00,693.54,693.63,693.54,693.63,0.01,127.28,89691.22,1
2025-01-01,2025-01-01 11:32:00,693.63,693.73,693.63,693.73,0.01,127.28,89691.22,1
2025-01-01,2025-01-01 11:33:00,693.73,693.83,693.73,693.83,0.01,127.28,89691.22,1
2025-01-01,2025-01-01 11:34:00,693.83,693.93,693.83,693.93,0.01,127.28,89691.22,1
2025-01-01,2025-01-01 11:35:00,693.93,694.02,693.93,694.02,0.01,127.28,89691.22,1
2025-01-01,2025-01-01 11:36:00,694.02,694.12,694.02,694.12,0.01,127.28,89691.22,1
2025-01-01,2025-01-01 11:37:00,694.12,694.22,694.12,694.22,0.01,127.28,89691.22,1
2025-01-01,2025-01-01 11:38:00,694.22,694.32,694.22,694.32,0.01,127.28,89691.22,1
2025-01-01,2025-01-01 11:39:00,694.32,694.42,694.32,694.42,0.01,127.28,89691.22,1
2025-01-01,2025-01-01 11:40:00,694.42,694.51,694.42,694.51,0.01,127.28,89691.22,1
2025-01-01,2025-01-01 11:41:00,694.51,694.61,694.51,694.61,0.01,127.28,89691.22,1
2025-01-01,2025-01-01 11:42:00,694.61,694.71,694.61,694.71,0.01,127.28,89691.22,1
2025-01-01,2025-01-01 11:43:00,694.71,694.81,694.71,694.81,0.01,127.28,89691.22,1
2025-01-01,2025-01-01 11:44:00,694.81,694.91,694.81,694.91,0.01,127.28,89691.22,1
2025-01-01,2025-01-01 11:45:00,694.91,695.0,694.91,695.0,0.01,127.28,89691.22,1
2025-01-01,2025-01-01 11:46:00,695.0,695.1,695.0,695.1,0.01,127.28,89691.22,1
2025-01-01,2025-01-01 11:47:00,695.1,695.2,695.1,695.2,0.01,127.28,89691.22,1
2025-01-01,2025-01-01 11:48:00,695.2,695.3,695.2,695.3,0.01,127.28,89691.22,1
2025-01-01,2025-01-01 11:49:00,695.3,695.4,695.3,695.4,0.01,127.28,89691.22,1
2025-01-01,2025-01-01 11:50:00,695.4,695.49,695.4,695.49,0.01,127.28,89691.22,1
2025-01-01,2025-01-01 11:51:00,695.49,695.59,695.49,695.59,0.01,127.28,89691.22,1
2025-01-01,2025-01-01 11:52:00,695.59,695.69,695.59,695.69,0.01,127.28,89691.22,1
2025-01-01,2025-01-01 11:53:00,695.69,695.79,695.69,695.79,0.01,127.28,89691.22,1
2025-01-01,2025-01-01 11:54:00,695.79,695.89,695.79,695.89,0.01,127.28,89691.22,1
2025-01-01,2025-01-01 11:55:00,695.89,695.98,695.89,695.98,0.01,127.28,89691.22,1
2025-01-01,2025-01-01 11:56:00,695.98,696.08,695.98,696.08,0.01,127.28,89691.22,1
2025-01-01,2025-01-01 11:57:00,696.08,696.18,696.08,696.18,0.01,127.28,89691.22,1
2025-01-01,2025-01-01 11:58:00,696.18,696.28,696.18,696.28,0.01,127.28,89691.22,1
2025-01-01,2025-01-01 11:59:00,696.28,696.38,696.28,696.38,0.01,127.28,89691.22,1
2025-01-01,2025-01-01 12:00:00,696.38,696.47,696.38,696.47,0.01,127.28,89691.22,1
2025-01-01,2025-01-01 12:01:00,696.47,696.57,696.47,696.57,0.01,127.28,89691.22,1
2025-01-01,2025-01-01 12:02:00,696.57,696.67,696.57,696.67,0.01,127.28,89691.22,1
2025-01-01,2025-01-01 12:03:00,696.67,696.77,696.67,696.77,0.01,127.28,89691.22,1
2025-01-01,2025-01-01 12:04:00,696.77,696.86,696.77,696.86,0.01,127.28,89691.22,1
2025-01-01,2025-01-01 12:05:00,696.86,696.96,696.86,696.96,0.01,127.28,89691.22,1
2025-01-01,2025-01-01 12:06:00,696.96,697.06,696.96,697.06,0.01,127.28,89691.22,1
2025-01-01,2025-01-01 12:07:00,697.06,697.16,697.06,697.16,0.01,127.28,89691.22,1
2025-01-01,2025-01-01 12:08:00,697.16,697.26,697.16,697.26,0.01,127.28,89691.22,1
2025-01-01,2025-01-01 12:09:00,697.26,697.35,697.26,697.35,0.01,127.28,89691.22,1
2025-01-01,2025-01-01 12:10:00,697.35,697.45,697.35,697.45,0.01,127.28,89691.22,1
2025-01-01,2025-01-01 12:11:00,697.45,697.55,697.45,697.55,0.01,127.28,89691.22,1
2025-01-01,2025-01-01 12:12:00,697.55,697.65,697.55,697.65,0.01,127.28,89691.22,1
2025-01-01,2025-01-01 12:13:00,697.65,697.75,697.65,697.75,0.01,127.28,89691.22,1
2025-01-01,2025-01-01 12:14:00,697.75,697.84,697.75,697.84,0.01,127.28,89691.22,1
2025-01-01,2025-01-01 12:15:00,697.84,697.94,697.84,697.94,0.01,127.28,89691.22,1
2025-01-01,2025-01-01 12:16:00,697.94,698.04,697.94,698.04,0.01,127.28,89691.22,1
2025-01-01,2025-01-01 12:17:00,698.04,698.14,698.04,698.14,0.01,127.28,89691.22,1
2025-01-01,2025-01-01 12:18:00,698.14,698.24,698.14,698.24,0.01,127.28,89691.22,1
2025-01-01,2025-01-01 12:19:00,698.24,698.33,698.24,698.33,0.01,127.28,89691.22,1
2025-01-01,2025-01-01 12:20:00,698.33,698.43,698.33,698.43,0.01,127.28,89691.22,1
2025-01-01,2025-01-01 12:21:00,698.43,698.53,698.43,698.53,0.01,127.28,89691.22,1
2025-01-01,2025-01-01 12:22:00,698.53,698.63,698.53,698.63,0.01,127.28,89691.22,1
2025-01-01,2025-01-01 12:23:00,698.63,698.73,698.63,698.73,0.01,127.28,89691.22,1
2025-01-01,2025-01-01 12:24:00,698.73,698.82,698.73,698.82,0.01,127.28,89691.22,1
2025-01-01,2025-01-01 12:25:00,698.82,698.92,698.82,698.92,0.01,127.28,89691.22,1
2025-01-01,2025-01-01 12:26:00,698.92,699.02,698.92,699.02,0.01,127.28,89691.22,1
2025-01-01,2025-01-01 12:27:00,699.02,699.12,699.02,699.12,0.01,127.28,89691.22,1
2025-01-01,2025-01-01 12:28:00,699.12,699.21,699.12,699.21,0.01,127.28,89691.22,1
2025-01-01,2025-01-01 12:29:00,699.21,699.31,699.21,699.31,0.01,127.28,89691.22,1
2025-01-01,2025-01-01 12:30:00,699.31,699.41,699.31,699.41,0.01,127.28,89691.22,1
2025-01-01,2025-01-01 12:31:00,699.41,699.51,699.41,699.51,0.01,127.28,89691.22,1
2025-01-01,2025-01-01 12:32:00,699.51,699.61,699.51,699.61,0.01,127.28,89691.22,1
2025-01-01,2025-01-01 12:33:00,699.61,699.7,699.61,699.7,0.01,127.28,89691.22,1
2025-01-01,2025-01-01 12:34:00,699.7,699.8,699.7,699.8,0.01,127.28,89691.22,1
2025-01-01,2025-01-01 12:35:00,699.8,699.9,699.8,699.9,0.01,127.28,89691.22,1
2025-01-01,2025-01-01 12:36:00,699.9,700.0,699.9,700.0,0.01,127.28,89691.22,1
2025-01-01,2025-01-01 12:37:00,700.0,700.1,700.0,700.1,0.01,127.28,89691.22,1
2025-01-01,2025-01-01 12:38:00,700.1,700.19,700.1,700.19,0.01,127.28,89691.22,1
2025-01-01,2025-01-01 12:39:00,700.19,700.29,700.19,700.29,0.01,127.28,89691.22,1
2025-01-01,2025-01-01 12:40:00,700.29,700.39,700.29,700.39,0.01,127.28,89691.22,1
2025-01-01,2025-01-01 12:41:00,700.39,700.49,700.39,700.49,0.01,127.28,89691.22,1
2025-01-01,2025-01-01 12:42:00,700.49,700.59,700.49,700.59,0.01,127.28,89691.22,1
2025-01-01,2025-01-01 12:43:00,700.59,700.68,700.59,700.68,0.01,127.28,89691.22,1
2025-01-01,2025-01-01 12:44:00,700.68,700.78,700.68,700.78,0.01,127.28,89691.22,1
2025-01-01,2025-01-01 12:45:00,700.78,700.88,700.78,700.88,0.01,127.28,89691.22,1
2025-01-01,2025-01-01 12:46:00,700.88,700.98,700.88,700.98,0.01,127.28,89691.22,1
2025-01-01,2025-01-01 12:47:00,700.98,701.08,700.98,701.08,0.01,127.28,89691.22,1
2025-01-01,2025-01-01 12:48:00,701.08,701.17,701.08,701.17,0.01,127.28,89691.22,1
2025-01-01,2025-01-01 12:49:00,701.17,701.27,701.17,701.27,0.01,127.28,89691.22,1
2025-01-01,2025-01-01 12:50:00,701.27,701.37,701.27,701.37,0.01,127.28,89691.22,1
2025-01-01,2025-01-01 12:51:00,701.37,701.47,701.37,701.47,0.01,127.28,89691.22,1
2025-01-01,2025-01-01 12:52:00,701.47,701.56,701.47,701.56,0.01,127.28,89691.22,1
2025-01-01,2025-01-01 12:53:00,701.56,701.66,701.56,701.66,0.01,127.28,89691.22,1
2025-01-01,2025-01-01 12:54:00,701.66,701.76,701.66,701.76,0.01,127.28,89691.22,1
2025-01-01,2025-01-01 12:55:00,701.76,701.86,701.76,701.86,0.01,127.28,89691.22,1
2025-01-01,2025-01-01 12:56:00,701.86,701.96,701.86,701.96,0.01,127.28,89691.22,1
2025-01-01,2025-01-01 12:57:00,701.96,702.05,701.96,702.05,0.01,127.28,89691.22,1
2025-01-01,2025-01-01 12:58:00,702.05,702.15,702.05,702.15,0.01,127.28,89691.22,1
2025-01-01,2025-01-01 12:59:00,702.15,702.25,702.15,702.25,0.01,127.28,89691.22,1
2025-01-01,2025-01-01 13:00:00,702.25,720.0,680.0,702.35,0.01,127.28,89691.22,1
2025-01-01,2025-01-01 13:01:00,702.35,702.45,702.35,702.45,0.01,127.28,89691.22,1
2025-01-01,2025-01-01 13:02:00,702.45,702.54,702.45,702.54,0.01,127.28,89691.22,1
2025-01-01,2025-01-01 13:03:00,702.54,702.64,702.54,702.64,0.01,127.28,89691.22,1
2025-01-01,2025-01-01 13:04:00,702.64,702.74,702.64,702.74,0.01,127.28,89691.22,1
2025-01-01,2025-01-01 13:05:00,702.74,702.84,702.74,702.84,0.01,127.28,89691.22,1
2025-01-01,2025-01-01 13:06:00,702.84,702.94,702.84,702.94,0.01,127.28,89691.22,1
2025-01-01,2025-01-01 13:07:00,702.94,703.03,702.94,703.03,0.01,127.28,89691.22,1
2025-01-01,2025-01-01 13:08:00,703.03,703.13,703.03,703.13,0.01,127.28,89691.22,1
2025-01-01,2025-01-01 13:09:00,703.13,703.23,703.13,703.23,0.01,127.28,89691.22,1
2025-01-01,2025-01-01 13:10:00,703.23,703.33,703.23,703.33,0.01,127.28,89691.22,1
2025-01-01,2025-01-01 13:11:00,703.33,703.42,703.33,703.42,0.01,127.28,89691.22,1
2025-01-01,2025-01-01 13:12:00,703.42,703.52,703.42,703.52,0.01,127.28,89691.22,1
2025-01-01,2025-01-01 13:13:00,703.52,703.62,703.52,703.62,0.01,127.28,89691.22,1
2025-01-01,2025-01-01 13:14:00,703.62,703.72,703.62,703.72,0.01,127.28,89691.22,1
2025-01-01,2025-01-01 13:15:00,703.72,703.82,703.72,703.82,0.01,127.28,89691.22,1
2025-01-01,2025-01-01 13:16:00,703.82,703.91,703.82,703.91,0.01,127.28,89691.22,1
2025-01-01,2025-01-01 13:17:00,703.91,704.01,703.91,704.01,0.01,127.28,89691.22,1
2025-01-01,2025-01-01 13:18:00,704.01,704.11,704.01,704.11,0.01,127.28,89691.22,1
2025-01-01,2025-01-01 13:19:00,704.11,704.21,704.11,704.21,0.01,127.28,89691.22,1
2025-01-01,2025-01-01 13:20:00,704.21,704.31,704.21,704.31,0.01,127.28,89691.22,1
2025-01-01,2025-01-01 13:21:00,704.31,704.4,704.31,704.4,0.01,127.28,89691.22,1
2025-01-01,2025-01-01 13:22:00,704.4,704.5,704.4,704.5,0.01,127.28,89691.22,1
2025-01-01,2025-01-01 13:23:00,704.5,704.6,704.5,704.6,0.01,127.28,89691.22,1
2025-01-01,2025-01-01 13:24:00,704.6,704.7,704.6,704.7,0.01,127.28,89691.22,1
2025-01-01,2025-01-01 13:25:00,704.7,704.8,704.7,704.8,0.01,127.28,89691.22,1
2025-01-01,2025-01-01 13:26:00,704.8,704.89,704.8,704.89,0.01,127.28,89691.22,1
2025-01-01,2025-01-01 13:27:00,704.89,704.99,704.89,704.99,0.01,127.28,89691.22,1
2025-01-01,2025-01-01 13:28:00,704.99,705.09,704.99,705.09,0.01,127.28,89691.22,1
2025-01-01,2025-01-01 13:29:00,705.09,705.19,705.09,705.19,0.01,127.28,89691.22,1
2025-01-01,2025-01-01 13:30:00,705.19,705.29,705.19,705.29,0.01,127.28,89691.22,1
2025-01-01,2025-01-01 13:31:00,705.29,705.38,705.29,705.38,0.01,127.28,89691.22,1
2025-01-01,2025-01-01 13:32:00,705.38,705.48,705.38,705.48,0.01,127.28,89691.22,1
2025-01-01,2025-01-01 13:33:00,705.48,705.58,705.48,705.58,0.01,127.28,89691.22,1
2025-01-01,2025-01-01 13:34:00,705.58,705.68,705.58,705.68,0.01,127.28,89691.22,1
2025-01-01,2025-01-01 13:35:00,705.68,705.77,705.68,705.77,0.01,127.28,89691.22,1
2025-01-01,2025-01-01 13:36:00,705.77,705.87,705.77,705.87,0.01,127.28,89691.22,1
2025-01-01,2025-01-01 13:37:00,705.87,705.97,705.87,705.97,0.01,127.28,89691.22,1
2025-01-01,2025-01-01 13:38:00,705.97,706.07,705.97,706.07,0.01,127.28,89691.22,1
2025-01-01,2025-01-01 13:39:00,706.07,706.17,706.07,706.17,0.01,127.28,89691.22,1
2025-01-01,2025-01-01 13:40:00,706.17,706.26,706.17,706.26,0.01,127.28,89691.22,1
2025-01-01,2025-01-01 13:41:00,706.26,706.36,706.26,706.36,0.01,127.28,89691.22,1
2025-01-01,2025-01-01 13:42:00,706.36,706.46,706.36,706.46,0.01,127.28,89691.22,1
2025-01-01,2025-01-01 13:43:00,706.46,706.56,706.46,706.56,0.01,127.28,89691.22,1
2025-01-01,2025-01-01 13:44:00,706.56,706.66,706.56,706.66,0.01,127.28,89691.22,1
2025-01-01,2025-01-01 13:45:00,706.66,706.75,706.66,706.75,0.01,127.28,89691.22,1
2025-01-01,2025-01-01 13:46:00,706.75,706.85,706.75,706.85,0.01,127.28,89691.22,1
2025-01-01,2025-01-01 13:47:00,706.85,706.95,706.85,706.95,0.01,127.28,89691.22,1
2025-01-01,2025-01-01 13:48:00,706.95,707.05,706.95,707.05,0.01,127.28,89691.22,1
2025-01-01,2025-01-01 13:49:00,707.05,707.15,707.05,707.15,0.01,127.28,89691.22,1
2025-01-01,2025-01-01 13:50:00,707.15,707.24,707.15,707.24,0.01,127.28,89691.22,1
2025-01-01,2025-01-01 13:51:00,707.24,707.34,707.24,707.34,0.01,127.28,89691.22,1
2025-01-01,2025-01-01 13:52:00,707.34,707.44,707.34,707.44,0.01,127.28,89691.22,1
2025-01-01,2025-01-01 13:53:00,707.44,707.54,707.44,707.54,0.01,127.28,89691.22,1
2025-01-01,2025-01-01 13:54:00,707.54,707.64,707.54,707.64,0.01,127.28,89691.22,1
2025-01-01,2025-01-01 13:55:00,707.64,707.73,707.64,707.73,0.01,127.28,89691.22,1
2025-01-01,2025-01-01 13:56:00,707.73,707.83,707.73,707.83,0.01,127.28,89691.22,1
2025-01-01,2025-01-01 13:57:00,707.83,707.93,707.83,707.93,0.01,127.28,89691.22,1
2025-01-01,2025-01-01 13:58:00,707.93,708.03,707.93,708.03,0.01,127.28,89691.22,1
2025-01-01,2025-01-01 13:59:00,708.03,708.12,708.03,708.12,0.01,127.28,89691.22,1
2025-01-01,2025-01-01 14:00:00,708.12,708.22,708.12,708.22,0.01,127.28,89691.22,1
2025-01-01,2025-01-01 14:01:00,708.22,708.32,708.22,708.32,0.01,127.28,89691.22,1
2025-01-01,2025-01-01 14:02:00,708.32,708.42,708.32,708.42,0.01,127.28,89691.22,1
2025-01-01,2025-01-01 14:03:00,708.42,708.52,708.42,708.52,0.01,127.28,89691.22,1
2025-01-01,2025-01-01 14:04:00,708.52,708.61,708.52,708.61,0.01,127.28,89691.22,1
2025-01-01,2025-01-01 14:05:00,708.61,708.71,708.61,708.71,0.01,127.28,89691.22,1
2025-01-01,2025-01-01 14:06:00,708.71,708.81,708.71,708.81,0.01,127.28,89691.22,1
2025-01-01,2025-01-01 14:07:00,708.81,708.91,708.81,708.91,0.01,127.28,89691.22,1
2025-01-01,2025-01-01 14:08:00,708.91,709.01,708.91,709.01,0.01,127.28,89691.22,1
2025-01-01,2025-01-01 14:09:00,709.01,709.1,709.01,709.1,0.01,127.28,89691.22,1
2025-01-01,2025-01-01 14:10:00,709.1,709.2,709.1,709.2,0.01,127.28,89691.22,1
2025-01-01,2025-01-01 14:11:00,709.2,709.3,709.2,709.3,0.01,127.28,89691.22,1
2025-01-01,2025-01-01 14:12:00,709.3,709.4,709.3,709.4,0.01,127.28,89691.22,1
2025-01-01,2025-01-01 14:13:00,709.4,709.5,709.4,709.5,0.01,127.28,89691.22,1
2025-01-01,2025-01-01 14:14:00,709.5,709.59,709.5,709.59,0.01,127.28,89691.22,1
2025-01-01,2025-01-01 14:15:00,709.59,709.69,709.59,709.69,0.01,127.28,89691.22,1
2025-01-01,2025-01-01 14:16:00,709.69,709.79,709.69,709.79,0.01,127.28,89691.22,1
2025-01-01,2025-01-01 14:17:00,709.79,709.89,709.79,709.89,0.01,127.28,89691.22,1
2025-01-01,2025-01-01 14:18:00,709.89,709.99,709.89,709.99,0.01,127.28,89691.22,1
2025-01-01,2025-01-01 14:19:00,709.99,710.08,709.99,710.08,0.01,127.28,89691.22,1
2025-01-01,2025-01-01 14:20:00,710.08,710.18,710.08,710.18,0.01,127.28,89691.22,1
2025-01-01,2025-01-01 14:21:00,710.18,710.28,710.18,710.28,0.01,127.28,89691.22,1
2025-01-01,2025-01-01 14:22:00,710.28,710.38,710.28,710.38,0.01,127.28,89691.22,1
2025-01-01,2025-01-01 14:23:00,710.38,710.48,710.38,710.48,0.01,127.28,89691.22,1
2025-01-01,2025-01-01 14:24:00,710.48,710.57,710.48,710.57,0.01,127.28,89691.22,1
2025-01-01,2025-01-01 14:25:00,710.57,710.67,710.57,710.67,0.01,127.28,89691.22,1
2025-01-01,2025-01-01 14:26:00,710.67,710.77,710.67,710.77,0.01,127.28,89691.22,1
2025-01-01,2025-01-01 14:27:00,710.77,710.87,710.77,710.87,0.01,127.28,89691.22,1
2025-01-01,2025-01-01 14:28:00,710.87,710.96,710.87,710.96,0.01,127.28,89691.22,1
2025-01-01,2025-01-01 14:29:00,710.96,711.06,710.96,711.06,0.01,127.28,89691.22,1
2025-01-01,2025-01-01 14:30:00,711.06,711.16,711.06,711.16,0.01,127.28,89691.22,1
2025-01-01,2025-01-01 14:31:00,711.16,711.26,711.16,711.26,0.01,127.28,89691.22,1
2025-01-01,2025-01-01 14:32:00,711.26,711.36,711.26,711.36,0.01,127.28,89691.22,1
2025-01-01,2025-01-01 14:33:00,711.36,711.45,711.36,711.45,0.01,127.28,89691.22,1
2025-01-01,2025-01-01 14:34:00,711.45,711.55,711.45,711.55,0.01,127.28,89691.22,1
2025-01-01,2025-01-01 14:35:00,711.55,711.65,711.55,711.65,0.01,127.28,89691.22,1
2025-01-01,2025-01-01 14:36:00,711.65,711.75,711.65,711.75,0.01,127.28,89691.22,1
2025-01-01,2025-01-01 14:37:00,711.75,711.85,711.75,711.85,0.01,127.28,89691.22,1
2025-01-01,2025-01-01 14:38:00,711.85,711.94,711.85,711.94,0.01,127.28,89691.22,1
2025-01-01,2025-01-01 14:39:00,711.94,712.04,711.94,712.04,0.01,127.28,89691.22,1
2025-01-01,2025-01-01 14:40:00,712.04,712.14,712.04,712.14,0.01,127.28,89691.22,1
2025-01-01,2025-01-01 14:41:00,712.14,712.24,712.14,712.24,0.01,127.28,89691.22,1
2025-01-01,2025-01-01 14:42:00,712.24,712.34,712.24,712.34,0.01,127.28,89691.22,1
2025-01-01,2025-01-01 14:43:00,712.34,712.43,712.34,712.43,0.01,127.28,89691.22,1
2025-01-01,2025-01-01 14:44:00,712.43,712.53,712.43,712.53,0.01,127.28,89691.22,1
2025-01-01,2025-01-01 14:45:00,712.53,712.63,712.53,712.63,0.01,127.28,89691.22,1
2025-01-01,2025-01-01 14:46:00,712.63,712.73,712.63,712.73,0.01,127.28,89691.22,1
2025-01-01,2025-01-01 14:47:00,712.73,712.83,712.73,712.83,0.01,127.28,89691.22,1
2025-01-01,2025-01-01 14:48:00,712.83,712.92,712.83,712.92,0.01,127.28,89691.22,1
2025-01-01,2025-01-01 14:49:00,712.92,713.02,712.92,713.02,0.01,127.28,89691.22,1
2025-01-01,2025-01-01 14:50:00,713.02,713.12,713.02,713.12,0.01,127.28,89691.22,1
2025-01-01,2025-01-01 14:51:00,713.12,713.22,713.12,713.22,0.01,127.28,89691.22,1
2025-01-01,2025-01-01 14:52:00,713.22,713.31,713.22,713.31,0.01,127.28,89691.22,1
2025-01-01,2025-01-01 14:53:00,713.31,713.41,713.31,713.41,0.01,127.28,89691.22,1
2025-01-01,2025-01-01 14:54:00,713.41,713.51,713.41,713.51,0.01,127.28,89691.22,1
2025-01-01,2025-01-01 14:55:00,713.51,713.61,713.51,713.61,0.01,127.28,89691.22,1
2025-01-01,2025-01-01 14:56:00,713.61,713.71,713.61,713.71,0.01,127.28,89691.22,1
2025-01-01,2025-01-01 14:57:00,713.71,713.8,713.71,713.8,0.01,127.28,89691.22,1
2025-01-01,2025-01-01 14:58:00,713.8,713.9,713.8,713.9,0.01,127.28,89691.22,1
2025-01-01,2025-01-01 14:59:00,713.9,714.0,713.9,714.0,0.01,127.28,89691.22,1
2025-01-01,2025-01-01 15:00:00,714.0,720.0,680.0,714.0,0.0,127.28,89691.22,0
2025-01-02,2025-01-02 11:00:00,699.8,718.73,699.8,700.01,0.03,244.3,182696.89,1
2025-01-02,2025-01-02 11:01:00,700.01,700.22,700.01,700.22,0.03,244.3,182696.89,1
2025-01-02,2025-01-02 11:02:00,700.22,700.43,700.22,700.43,0.03,244.3,182696.89,1
2025-01-02,2025-01-02 11:03:00,700.43,700.64,700.43,700.64,0.03,244.3,182696.89,1
2025-01-02,2025-01-02 11:04:00,700.64,700.85,700.64,700.85,0.03,244.3,182696.89,1
2025-01-02,2025-01-02 11:05:00,700.85,701.05,700.85,701.05,0.03,244.3,182696.89,1
2025-01-02,2025-01-02 11:06:00,701.05,701.26,701.05,701.26,0.03,244.3,182696.89,1
2025-01-02,2025-01-02 11:07:00,701.26,701.47,701.26,701.47,0.03,244.3,182696.89,1
2025-01-02,2025-01-02 11:08:00,701.47,701.68,701.47,701.68,0.03,244.3,182696.89,1
2025-01-02,2025-01-02 11:09:00,701.68,701.89,701.68,701.89,0.03,244.3,182696.89,1
2025-01-02,2025-01-02 11:10:00,701.89,702.1,701.89,702.1,0.03,244.3,182696.89,1
2025-01-02,2025-01-02 11:11:00,702.1,702.31,702.1,702.31,0.03,244.3,182696.89,1
2025-01-02,2025-01-02 11:12:00,702.31,702.52,702.31,702.52,0.03,244.3,182696.89,1
2025-01-02,2025-01-02 11:13:00,702.52,702.73,702.52,702.73,0.03,244.3,182696.89,1
2025-01-02,2025-01-02 11:14:00,702.73,702.94,702.73,702.94,0.03,244.3,182696.89,1
2025-01-02,2025-01-02 11:15:00,702.94,703.15,702.94,703.15,0.03,244.3,182696.89,1
2025-01-02,2025-01-02 11:16:00,703.15,703.36,703.15,703.36,0.03,244.3,182696.89,1
2025-01-02,2025-01-02 11:17:00,703.36,703.56,703.36,703.56,0.03,244.3,182696.89,1
2025-01-02,2025-01-02 11:18:00,703.56,703.77,703.56,703.77,0.03,244.3,182696.89,1
2025-01-02,2025-01-02 11:19:00,703.77,703.98,703.77,703.98,0.03,244.3,182696.89,1
2025-01-02,2025-01-02 11:20:00,703.98,704.19,703.98,704.19,0.03,244.3,182696.89,1
2025-01-02,2025-01-02 11:21:00,704.19,704.4,704.19,704.4,0.03,244.3,182696.89,1
2025-01-02,2025-01-02 11:22:00,704.4,704.61,704.4,704.61,0.03,244.3,182696.89,1
2025-01-02,2025-01-02 11:23:00,704.61,704.82,704.61,704.82,0.03,244.3,182696.89,1
2025-01-02,2025-01-02 11:24:00,704.82,705.03,704.82,705.03,0.03,244.3,182696.89,1
2025-01-02,2025-01-02 11:25:00,705.03,705.24,705.03,705.24,0.03,244.3,182696.89,1
2025-01-02,2025-01-02 11:26:00,705.24,705.45,705.24,705.45,0.03,244.3,182696.89,1
2025-01-02,2025-01-02 11:27:00,705.45,705.66,705.45,705.66,0.03,244.3,182696.89,1
2025-01-02,2025-01-02 11:28:00,705.66,705.87,705.66,705.87,0.03,244.3,182696.89,1
2025-01-02,2025-01-02 11:29:00,705.87,706.07,705.87,706.07,0.03,244.3,182696.89,1
2025-01-02,2025-01-02 11:30:00,706.07,706.28,706.07,706.28,0.03,244.3,182696.89,1
2025-01-02,2025-01-02 11:31:00,706.28,706.49,706.28,706.49,0.03,244.3,182696.89,1
2025-01-02,2025-01-02 11:32:00,706.49,706.7,706.49,706.7,0.03,244.3,182696.89,1
2025-01-02,2025-01-02 11:33:00,706.7,706.91,706.7,706.91,0.03,244.3,182696.89,1
2025-01-02,2025-01-02 11:34:00,706.91,707.12,706.91,707.12,0.03,244.3,182696.89,1
2025-01-02,2025-01-02 11:35:00,707.12,707.33,707.12,707.33,0.03,244.3,182696.89,1
2025-01-02,2025-01-02 11:36:00,707.33,707.54,707.33,707.54,0.03,244.3,182696.89,1
2025-01-02,2025-01-02 11:37:00,707.54,707.75,707.54,707.75,0.03,244.3,182696.89,1
2025-01-02,2025-01-02 11:38:00,707.75,707.96,707.75,707.96,0.03,244.3,182696.89,1
2025-01-02,2025-01-02 11:39:00,707.96,708.17,707.96,708.17,0.03,244.3,182696.89,1
2025-01-02,2025-01-02 11:40:00,708.17,708.38,708.17,708.38,0.03,244.3,182696.89,1
2025-01-02,2025-01-02 11:41:00,708.38,708.58,708.38,708.58,0.03,244.3,182696.89,1
2025-01-02,2025-01-02 11:42:00,708.58,708.79,708.58,708.79,0.03,244.3,182696.89,1
2025-01-02,2025-01-02 11:43:00,708.79,709.0,708.79,709.0,0.03,244.3,182696.89,1
2025-01-02,2025-01-02 11:44:00,709.0,709.21,709.0,709.21,0.03,244.3,182696.89,1
2025-01-02,2025-01-02 11:45:00,709.21,709.42,709.21,709.42,0.03,244.3,182696.89,1
2025-01-02,2025-01-02 11:46:00,709.42,709.63,709.42,709.63,0.03,244.3,182696.89,1
2025-01-02,2025-01-02 11:47:00,709.63,709.84,709.63,709.84,0.03,244.3,182696.89,1
2025-01-02,2025-01-02 11:48:00,709.84,710.05,709.84,710.05,0.03,244.3,182696.89,1
2025-01-02,2025-01-02 11:49:00,710.05,710.26,710.05,710.26,0.03,244.3,182696.89,1
2025-01-02,2025-01-02 11:50:00,710.26,710.47,710.26,710.47,0.03,244.3,182696.89,1
2025-01-02,2025-01-02 11:51:00,710.47,710.68,710.47,710.68,0.03,244.3,182696.89,1
2025-01-02,2025-01-02 11:52:00,710.68,710.89,710.68,710.89,0.03,244.3,182696.89,1
2025-01-02,2025-01-02 11:53:00,710.89,711.09,710.89,711.09,0.03,244.3,182696.89,1
2025-01-02,2025-01-02 11:54:00,711.09,711.3,711.09,711.3,0.03,244.3,182696.89,1
2025-01-02,2025-01-02 11:55:00,711.3,711.51,711.3,711.51,0.03,244.3,182696.89,1
2025-01-02,2025-01-02 11:56:00,711.51,711.72,711.51,711.72,0.03,244.3,182696.89,1
2025-01-02,2025-01-02 11:57:00,711.72,711.93,711.72,711.93,0.03,244.3,182696.89,1
2025-01-02,2025-01-02 11:58:00,711.93,712.14,711.93,712.14,0.03,244.3,182696.89,1
2025-01-02,2025-01-02 11:59:00,712.14,712.35,712.14,712.35,0.03,244.3,182696.89,1
2025-01-02,2025-01-02 12:00:00,712.35,712.56,712.35,712.56,0.03,244.3,182696.89,1
2025-01-02,2025-01-02 12:01:00,712.56,712.77,712.56,712.77,0.03,244.3,182696.89,1
2025-01-02,2025-01-02 12:02:00,712.77,712.98,712.77,712.98,0.03,244.3,182696.89,1
2025-01-02,2025-01-02 12:03:00,712.98,713.19,712.98,713.19,0.03,244.3,182696.89,1
2025-01-02,2025-01-02 12:04:00,713.19,713.4,713.19,713.4,0.03,244.3,182696.89,1
2025-01-02,2025-01-02 12:05:00,713.4,713.61,713.4,713.61,0.03,244.3,182696.89,1
2025-01-02,2025-01-02 12:06:00,713.61,713.81,713.61,713.81,0.03,244.3,182696.89,1
2025-01-02,2025-01-02 12:07:00,713.81,714.02,713.81,714.02,0.03,244.3,182696.89,1
2025-01-02,2025-01-02 12:08:00,714.02,714.23,714.02,714.23,0.03,244.3,182696.89,1
2025-01-02,2025-01-02 12:09:00,714.23,714.44,714.23,714.44,0.03,244.3,182696.89,1
2025-01-02,2025-01-02 12:10:00,714.44,714.65,714.44,714.65,0.03,244.3,182696.89,1
2025-01-02,2025-01-02 12:11:00,714.65,714.86,714.65,714.86,0.03,244.3,182696.89,1
2025-01-02,2025-01-02 12:12:00,714.86,715.07,714.86,715.07,0.03,244.3,182696.89,1
2025-01-02,2025-01-02 12:13:00,715.07,715.28,715.07,715.28,0.03,244.3,182696.89,1
2025-01-02,2025-01-02 12:14:00,715.28,715.49,715.28,715.49,0.03,244.3,182696.89,1
2025-01-02,2025-01-02 12:15:00,715.49,715.7,715.49,715.7,0.03,244.3,182696.89,1
2025-01-02,2025-01-02 12:16:00,715.7,715.91,715.7,715.91,0.03,244.3,182696.89,1
2025-01-02,2025-01-02 12:17:00,715.91,716.12,715.91,716.12,0.03,244.3,182696.89,1
2025-01-02,2025-01-02 12:18:00,716.12,716.32,716.12,716.32,0.03,244.3,182696.89,1
2025-01-02,2025-01-02 12:19:00,716.32,716.53,716.32,716.53,0.03,244.3,182696.89,1
2025-01-02,2025-01-02 12:20:00,716.53,716.74,716.53,716.74,0.03,244.3,182696.89,1
2025-01-02,2025-01-02 12:21:00,716.74,716.95,716.74,716.95,0.03,244.3,182696.89,1
2025-01-02,2025-01-02 12:22:00,716.95,717.16,716.95,717.16,0.03,244.3,182696.89,1
2025-01-02,2025-01-02 12:23:00,717.16,717.37,717.16,717.37,0.03,244.3,182696.89,1
2025-01-02,2025-01-02 12:24:00,717.37,717.58,717.37,717.58,0.03,244.3,182696.89,1
2025-01-02,2025-01-02 12:25:00,717.58,717.79,717.58,717.79,0.03,244.3,182696.89,1
2025-01-02,2025-01-02 12:26:00,717.79,718.0,717.79,718.0,0.03,244.3,182696.89,1
2025-01-02,2025-01-02 12:27:00,718.0,718.21,718.0,718.21,0.03,244.3,182696.89,1
2025-01-02,2025-01-02 12:28:00,718.21,718.42,718.21,718.42,0.03,244.3,182696.89,1
2025-01-02,2025-01-02 12:29:00,718.42,718.62,718.42,718.62,0.03,244.3,182696.89,1
2025-01-02,2025-01-02 12:30:00,718.62,718.83,718.62,718.83,0.03,244.3,182696.89,1
2025-01-02,2025-01-02 12:31:00,718.83,719.04,718.83,719.04,0.03,244.3,182696.89,1
2025-01-02,2025-01-02 12:32:00,719.04,719.25,719.04,719.25,0.03,244.3,182696.89,1
2025-01-02,2025-01-02 12:33:00,719.25,719.46,719.25,719.46,0.03,244.3,182696.89,1
2025-01-02,2025-01-02 12:34:00,719.46,719.67,719.46,719.67,0.03,244.3,182696.89,1
2025-01-02,2025-01-02 12:35:00,719.67,719.88,719.67,719.88,0.03,244.3,182696.89,1
2025-01-02,2025-01-02 12:36:00,719.88,720.09,719.88,720.09,0.03,244.3,182696.89,1
2025-01-02,2025-01-02 12:37:00,720.09,720.3,720.09,720.3,0.03,244.3,182696.89,1
2025-01-02,2025-01-02 12:38:00,720.3,720.51,720.3,720.51,0.03,244.3,182696.89,1
2025-01-02,2025-01-02 12:39:00,720.51,720.72,720.51,720.72,0.03,244.3,182696.89,1
2025-01-02,2025-01-02 12:40:00,720.72,720.93,720.72,720.93,0.03,244.3,182696.89,1
2025-01-02,2025-01-02 12:41:00,720.93,721.13,720.93,721.13,0.03,244.3,182696.89,1
2025-01-02,2025-01-02 12:42:00,721.13,721.34,721.13,721.34,0.03,244.3,182696.89,1
2025-01-02,2025-01-02 12:43:00,721.34,721.55,721.34,721.55,0.03,244.3,182696.89,1
2025-01-02,2025-01-02 12:44:00,721.55,721.76,721.55,721.76,0.03,244.3,182696.89,1
2025-01-02,2025-01-02 12:45:00,721.76,721.97,721.76,721.97,0.03,244.3,182696.89,1
2025-01-02,2025-01-02 12:46:00,721.97,722.18,721.97,722.18,0.03,244.3,182696.89,1
2025-01-02,2025-01-02 12:47:00,722.18,722.39,722.18,722.39,0.03,244.3,182696.89,1
2025-01-02,2025-01-02 12:48:00,722.39,722.6,722.39,722.6,0.03,244.3,182696.89,1
2025-01-02,2025-01-02 12:49:00,722.6,722.81,722.6,722.81,0.03,244.3,182696.89,1
2025-01-02,2025-01-02 12:50:00,722.81,723.02,722.81,723.02,0.03,244.3,182696.89,1
2025-01-02,2025-01-02 12:51:00,723.02,723.23,723.02,723.23,0.03,244.3,182696.89,1
2025-01-02,2025-01-02 12:52:00,723.23,723.44,723.23,723.44,0.03,244.3,182696.89,1
2025-01-02,2025-01-02 12:53:00,723.44,723.64,723.44,723.64,0.03,244.3,182696.89,1
2025-01-02,2025-01-02 12:54:00,723.64,723.85,723.64,723.85,0.03,244.3,182696.89,1
2025-01-02,2025-01-02 12:55:00,723.85,724.06,723.85,724.06,0.03,244.3,182696.89,1
2025-01-02,2025-01-02 12:56:00,724.06,724.27,724.06,724.27,0.03,244.3,182696.89,1
2025-01-02,2025-01-02 12:57:00,724.27,724.48,724.27,724.48,0.03,244.3,182696.89,1
2025-01-02,2025-01-02 12:58:00,724.48,724.69,724.48,724.69,0.03,244.3,182696.89,1
2025-01-02,2025-01-02 12:59:00,724.69,724.9,724.69,724.9,0.03,244.3,182696.89,1
2025-01-02,2025-01-02 13:00:00,724.9,762.9,699.8,725.11,0.03,244.3,182696.89,1
2025-01-02,2025-01-02 13:01:00,725.11,725.32,725.11,725.32,0.03,244.3,182696.89,1
2025-01-02,2025-01-02 13:02:00,725.32,725.53,725.32,725.53,0.03,244.3,182696.89,1
2025-01-02,2025-01-02 13:03:00,725.53,725.74,725.53,725.74,0.03,244.3,182696.89,1
2025-01-02,2025-01-02 13:04:00,725.74,725.95,725.74,725.95,0.03,244.3,182696.89,1
2025-01-02,2025-01-02 13:05:00,725.95,726.15,725.95,726.15,0.03,244.3,182696.89,1
2025-01-02,2025-01-02 13:06:00,726.15,726.36,726.15,726.36,0.03,244.3,182696.89,1
2025-01-02,2025-01-02 13:07:00,726.36,726.57,726.36,726.57,0.03,244.3,182696.89,1
2025-01-02,2025-01-02 13:08:00,726.57,726.78,726.57,726.78,0.03,244.3,182696.89,1
2025-01-02,2025-01-02 13:09:00,726.78,726.99,726.78,726.99,0.03,244.3,182696.89,1
2025-01-02,2025-01-02 13:10:00,726.99,727.2,726.99,727.2,0.03,244.3,182696.89,1
2025-01-02,2025-01-02 13:11:00,727.2,727.41,727.2,727.41,0.03,244.3,182696.89,1
2025-01-02,2025-01-02 13:12:00,727.41,727.62,727.41,727.62,0.03,244.3,182696.89,1
2025-01-02,2025-01-02 13:13:00,727.62,727.83,727.62,727.83,0.03,244.3,182696.89,1
2025-01-02,2025-01-02 13:14:00,727.83,728.04,727.83,728.04,0.03,244.3,182696.89,1
2025-01-02,2025-01-02 13:15:00,728.04,728.25,728.04,728.25,0.03,244.3,182696.89,1
2025-01-02,2025-01-02 13:16:00,728.25,728.46,728.25,728.46,0.03,244.3,182696.89,1
2025-01-02,2025-01-02 13:17:00,728.46,728.66,728.46,728.66,0.03,244.3,182696.89,1
2025-01-02,2025-01-02 13:18:00,728.66,728.87,728.66,728.87,0.03,244.3,182696.89,1
2025-01-02,2025-01-02 13:19:00,728.87,729.08,728.87,729.08,0.03,244.3,182696.89,1
2025-01-02,2025-01-02 13:20:00,729.08,729.29,729.08,729.29,0.03,244.3,182696.89,1
2025-01-02,2025-01-02 13:21:00,729.29,729.5,729.29,729.5,0.03,244.3,182696.89,1
2025-01-02,2025-01-02 13:22:00,729.5,729.71,729.5,729.71,0.03,244.3,182696.89,1
2025-01-02,2025-01-02 13:23:00,729.71,729.92,729.71,729.92,0.03,244.3,182696.89,1
2025-01-02,2025-01-02 13:24:00,729.92,730.13,729.92,730.13,0.03,244.3,182696.89,1
2025-01-02,2025-01-02 13:25:00,730.13,730.34,730.13,730.34,0.03,244.3,182696.89,1
2025-01-02,2025-01-02 13:26:00,730.34,730.55,730.34,730.55,0.03,244.3,182696.89,1
2025-01-02,2025-01-02 13:27:00,730.55,730.76,730.55,730.76,0.03,244.3,182696.89,1
2025-01-02,2025-01-02 13:28:00,730.76,730.97,730.76,730.97,0.03,244.3,182696.89,1
2025-01-02,2025-01-02 13:29:00,730.97,731.17,730.97,731.17,0.03,244.3,182696.89,1
2025-01-02,2025-01-02 13:30:00,731.17,731.38,731.17,731.38,0.03,244.3,182696.89,1
2025-01-02,2025-01-02 13:31:00,731.38,731.59,731.38,731.59,0.03,244.3,182696.89,1
2025-01-02,2025-01-02 13:32:00,731.59,731.8,731.59,731.8,0.03,244.3,182696.89,1
2025-01-02,2025-01-02 13:33:00,731.8,732.01,731.8,732.01,0.03,244.3,182696.89,1
2025-01-02,2025-01-02 13:34:00,732.01,732.22,732.01,732.22,0.03,244.3,182696.89,1
2025-01-02,2025-01-02 13:35:00,732.22,732.43,732.22,732.43,0.03,244.3,182696.89,1
2025-01-02,2025-01-02 13:36:00,732.43,732.64,732.43,732.64,0.03,244.3,182696.89,1
2025-01-02,2025-01-02 13:37:00,732.64,732.85,732.64,732.85,0.03,244.3,182696.89,1
2025-01-02,2025-01-02 13:38:00,732.85,733.06,732.85,733.06,0.03,244.3,182696.89,1
2025-01-02,2025-01-02 13:39:00,733.06,733.27,733.06,733.27,0.03,244.3,182696.89,1
2025-01-02,2025-01-02 13:40:00,733.27,733.48,733.27,733.48,0.03,244.3,182696.89,1
2025-01-02,2025-01-02 13:41:00,733.48,733.68,733.48,733.68,0.03,244.3,182696.89,1
2025-01-02,2025-01-02 13:42:00,733.68,733.89,733.68,733.89,0.03,244.3,182696.89,1
2025-01-02,2025-01-02 13:43:00,733.89,734.1,733.89,734.1,0.03,244.3,182696.89,1
2025-01-02,2025-01-02 13:44:00,734.1,734.31,734.1,734.31,0.03,244.3,182696.89,1
2025-01-02,2025-01-02 13:45:00,734.31,734.52,734.31,734.52,0.03,244.3,182696.89,1
2025-01-02,2025-01-02 13:46:00,734.52,734.73,734.52,734.73,0.03,244.3,182696.89,1
2025-01-02,2025-01-02 13:47:00,734.73,734.94,734.73,734.94,0.03,244.3,182696.89,1
2025-01-02,2025-01-02 13:48:00,734.94,735.15,734.94,735.15,0.03,244.3,182696.89,1
2025-01-02,2025-01-02 13:49:00,735.15,735.36,735.15,735.36,0.03,244.3,182696.89,1
2025-01-02,2025-01-02 13:50:00,735.36,735.57,735.36,735.57,0.03,244.3,182696.89,1
2025-01-02,2025-01-02 13:51:00,735.57,735.78,735.57,735.78,0.03,244.3,182696.89,1
2025-01-02,2025-01-02 13:52:00,735.78,735.99,735.78,735.99,0.03,244.3,182696.89,1
2025-01-02,2025-01-02 13:53:00,735.99,736.19,735.99,736.19,0.03,244.3,182696.89,1
2025-01-02,2025-01-02 13:54:00,736.19,736.4,736.19,736.4,0.03,244.3,182696.89,1
2025-01-02,2025-01-02 13:55:00,736.4,736.61,736.4,736.61,0.03,244.3,182696.89,1
2025-01-02,2025-01-02 13:56:00,736.61,736.82,736.61,736.82,0.03,244.3,182696.89,1
2025-01-02,2025-01-02 13:57:00,736.82,737.03,736.82,737.03,0.03,244.3,182696.89,1
2025-01-02,2025-01-02 13:58:00,737.03,737.24,737.03,737.24,0.03,244.3,182696.89,1
2025-01-02,2025-01-02 13:59:00,737.24,737.45,737.24,737.45,0.03,244.3,182696.89,1
2025-01-02,2025-01-02 14:00:00,737.45,737.66,737.45,737.66,0.03,244.3,182696.89,1
2025-01-02,2025-01-02 14:01:00,737.66,737.87,737.66,737.87,0.03,244.3,182696.89,1
2025-01-02,2025-01-02 14:02:00,737.87,738.08,737.87,738.08,0.03,244.3,182696.89,1
2025-01-02,2025-01-02 14:03:00,738.08,738.29,738.08,738.29,0.03,244.3,182696.89,1
2025-01-02,2025-01-02 14:04:00,738.29,738.5,738.29,738.5,0.03,244.3,182696.89,1
2025-01-02,2025-01-02 14:05:00,738.5,738.71,738.5,738.71,0.03,244.3,182696.89,1
2025-01-02,2025-01-02 14:06:00,738.71,738.91,738.71,738.91,0.03,244.3,182696.89,1
2025-01-02,2025-01-02 14:07:00,738.91,739.12,738.91,739.12,0.03,244.3,182696.89,1
2025-01-02,2025-01-02 14:08:00,739.12,739.33,739.12,739.33,0.03,244.3,182696.89,1
2025-01-02,2025-01-02 14:09:00,739.33,739.54,739.33,739.54,0.03,244.3,182696.89,1
2025-01-02,2025-01-02 14:10:00,739.54,739.75,739.54,739.75,0.03,244.3,182696.89,1
2025-01-02,2025-01-02 14:11:00,739.75,739.96,739.75,739.96,0.03,244.3,182696.89,1
2025-01-02,2025-01-02 14:12:00,739.96,740.17,739.96,740.17,0.03,244.3,182696.89,1
2025-01-02,2025-01-02 14:13:00,740.17,740.38,740.17,740.38,0.03,244.3,182696.89,1
2025-01-02,2025-01-02 14:14:00,740.38,740.59,740.38,740.59,0.03,244.3,182696.89,1
2025-01-02,2025-01-02 14:15:00,740.59,740.8,740.59,740.8,0.03,244.3,182696.89,1
2025-01-02,2025-01-02 14:16:00,740.8,741.01,740.8,741.01,0.03,244.3,182696.89,1
2025-01-02,2025-01-02 14:17:00,741.01,741.22,741.01,741.22,0.03,244.3,182696.89,1
2025-01-02,2025-01-02 14:18:00,741.22,741.42,741.22,741.42,0.03,244.3,182696.89,1
2025-01-02,2025-01-02 14:19:00,741.42,741.63,741.42,741.63,0.03,244.3,182696.89,1
2025-01-02,2025-01-02 14:20:00,741.63,741.84,741.63,741.84,0.03,244.3,182696.89,1
2025-01-02,2025-01-02 14:21:00,741.84,742.05,741.84,742.05,0.03,244.3,182696.89,1
2025-01-02,2025-01-02 14:22:00,742.05,742.26,742.05,742.26,0.03,244.3,182696.89,1
2025-01-02,2025-01-02 14:23:00,742.26,742.47,742.26,742.47,0.03,244.3,182696.89,1
2025-01-02,2025-01-02 14:24:00,742.47,742.68,742.47,742.68,0.03,244.3,182696.89,1
2025-01-02,2025-01-02 14:25:00,742.68,742.89,742.68,742.89,0.03,244.3,182696.89,1
2025-01-02,2025-01-02 14:26:00,742.89,743.1,742.89,743.1,0.03,244.3,182696.89,1
2025-01-02,2025-01-02 14:27:00,743.1,743.31,743.1,743.31,0.03,244.3,182696.89,1
2025-01-02,2025-01-02 14:28:00,743.31,743.52,743.31,743.52,0.03,244.3,182696.89,1
2025-01-02,2025-01-02 14:29:00,743.52,743.73,743.52,743.73,0.03,244.3,182696.89,1
2025-01-02,2025-01-02 14:30:00,743.73,743.93,743.73,743.93,0.03,244.3,182696.89,1
2025-01-02,2025-01-02 14:31:00,743.93,744.14,743.93,744.14,0.03,244.3,182696.89,1
2025-01-02,2025-01-02 14:32:00,744.14,744.35,744.14,744.35,0.03,244.3,182696.89,1
2025-01-02,2025-01-02 14:33:00,744.35,744.56,744.35,744.56,0.03,244.3,182696.89,1
2025-01-02,2025-01-02 14:34:00,744.56,744.77,744.56,744.77,0.03,244.3,182696.89,1
2025-01-02,2025-01-02 14:35:00,744.77,744.98,744.77,744.98,0.03,244.3,182696.89,1
2025-01-02,2025-01-02 14:36:00,744.98,745.19,744.98,745.19,0.03,244.3,182696.89,1
2025-01-02,2025-01-02 14:37:00,745.19,745.4,745.19,745.4,0.03,244.3,182696.89,1
2025-01-02,2025-01-02 14:38:00,745.4,745.61,745.4,745.61,0.03,244.3,182696.89,1
2025-01-02,2025-01-02 14:39:00,745.61,745.82,745.61,745.82,0.03,244.3,182696.89,1
2025-01-02,2025-01-02 14:40:00,745.82,746.03,745.82,746.03,0.03,244.3,182696.89,1
2025-01-02,2025-01-02 14:41:00,746.03,746.24,746.03,746.24,0.03,244.3,182696.89,1
2025-01-02,2025-01-02 14:42:00,746.24,746.44,746.24,746.44,0.03,244.3,182696.89,1
2025-01-02,2025-01-02 14:43:00,746.44,746.65,746.44,746.65,0.03,244.3,182696.89,1
2025-01-02,2025-01-02 14:44:00,746.65,746.86,746.65,746.86,0.03,244.3,182696.89,1
2025-01-02,2025-01-02 14:45:00,746.86,747.07,746.86,747.07,0.03,244.3,182696.89,1
2025-01-02,2025-01-02 14:46:00,747.07,747.28,747.07,747.28,0.03,244.3,182696.89,1
2025-01-02,2025-01-02 14:47:00,747.28,747.49,747.28,747.49,0.03,244.3,182696.89,1
2025-01-02,2025-01-02 14:48:00,747.49,747.7,747.49,747.7,0.03,244.3,182696.89,1
2025-01-02,2025-01-02 14:49:00,747.7,747.91,747.7,747.91,0.03,244.3,182696.89,1
2025-01-02,2025-01-02 14:50:00,747.91,748.12,747.91,748.12,0.03,244.3,182696.89,1
2025-01-02,2025-01-02 14:51:00,748.12,748.33,748.12,748.33,0.03,244.3,182696.89,1
2025-01-02,2025-01-02 14:52:00,748.33,748.54,748.33,748.54,0.03,244.3,182696.89,1
2025-01-02,2025-01-02 14:53:00,748.54,748.75,748.54,748.75,0.03,244.3,182696.89,1
2025-01-02,2025-01-02 14:54:00,748.75,748.95,748.75,748.95,0.03,244.3,182696.89,1
2025-01-02,2025-01-02 14:55:00,748.95,749.16,748.95,749.16,0.03,244.3,182696.89,1
2025-01-02,2025-01-02 14:56:00,749.16,749.37,749.16,749.37,0.03,244.3,182696.89,1
2025-01-02,2025-01-02 14:57:00,749.37,749.58,749.37,749.58,0.03,244.3,182696.89,1
2025-01-02,2025-01-02 14:58:00,749.58,749.79,749.58,749.79,0.03,244.3,182696.89,1
2025-01-02,2025-01-02 14:59:00,749.79,750.0,749.79,750.0,0.03,244.3,182696.89,1
2025-01-02,2025-01-02 15:00:00,750.0,762.9,699.8,750.0,0.0,244.3,182696.89,0
2025-01-05,2025-01-05 11:00:00,765.0,774.18,756.3,765.1,0.01,243.98,190972.98,1
2025-01-05,2025-01-05 11:01:00,765.1,765.19,765.1,765.19,0.01,243.98,190972.98,1
2025-01-05,2025-01-05 11:02:00,765.19,765.29,765.19,765.29,0.01,243.98,190972.98,1
2025-01-05,2025-01-05 11:03:00,765.29,765.38,765.29,765.38,0.01,243.98,190972.98,1
2025-01-05,2025-01-05 11:04:00,765.38,765.48,765.38,765.48,0.01,243.98,190972.98,1
2025-01-05,2025-01-05 11:05:00,765.48,765.57,765.48,765.57,0.01,243.98,190972.98,1
2025-01-05,2025-01-05 11:06:00,765.57,765.67,765.57,765.67,0.01,243.98,190972.98,1
2025-01-05,2025-01-05 11:07:00,765.67,765.76,765.67,765.76,0.01,243.98,190972.98,1
2025-01-05,2025-01-05 11:08:00,765.76,765.86,765.76,765.86,0.01,243.98,190972.98,1
2025-01-05,2025-01-05 11:09:00,765.86,765.95,765.86,765.95,0.01,243.98,190972.98,1
2025-01-05,2025-01-05 11:10:00,765.95,766.05,765.95,766.05,0.01,243.98,190972.98,1
2025-01-05,2025-01-05 11:11:00,766.05,766.14,766.05,766.14,0.01,243.98,190972.98,1
2025-01-05,2025-01-05 11:12:00,766.14,766.24,766.14,766.24,0.01,243.98,190972.98,1
2025-01-05,2025-01-05 11:13:00,766.24,766.34,766.24,766.34,0.01,243.98,190972.98,1
2025-01-05,2025-01-05 11:14:00,766.34,766.43,766.34,766.43,0.01,243.98,190972.98,1
2025-01-05,2025-01-05 11:15:00,766.43,766.53,766.43,766.53,0.01,243.98,190972.98,1
2025-01-05,2025-01-05 11:16:00,766.53,766.62,766.53,766.62,0.01,243.98,190972.98,1
2025-01-05,2025-01-05 11:17:00,766.62,766.72,766.62,766.72,0.01,243.98,190972.98,1
2025-01-05,2025-01-05 11:18:00,766.72,766.81,766.72,766.81,0.01,243.98,190972.98,1
2025-01-05,2025-01-05 11:19:00,766.81,766.91,766.81,766.91,0.01,243.98,190972.98,1
2025-01-05,2025-01-05 11:20:00,766.91,767.0,766.91,767.0,0.01,243.98,190972.98,1
2025-01-05,2025-01-05 11:21:00,767.0,767.1,767.0,767.1,0.01,243.98,190972.98,1
2025-01-05,2025-01-05 11:22:00,767.1,767.19,767.1,767.19,0.01,243.98,190972.98,1
2025-01-05,2025-01-05 11:23:00,767.19,767.29,767.19,767.29,0.01,243.98,190972.98,1
2025-01-05,2025-01-05 11:24:00,767.29,767.39,767.29,767.39,0.01,243.98,190972.98,1
2025-01-05,2025-01-05 11:25:00,767.39,767.48,767.39,767.48,0.01,243.98,190972.98,1
2025-01-05,2025-01-05 11:26:00,767.48,767.58,767.48,767.58,0.01,243.98,190972.98,1
2025-01-05,2025-01-05 11:27:00,767.58,767.67,767.58,767.67,0.01,243.98,190972.98,1
2025-01-05,2025-01-05 11:28:00,767.67,767.77,767.67,767.77,0.01,243.98,190972.98,1
2025-01-05,2025-01-05 11:29:00,767.77,767.86,767.77,767.86,0.01,243.98,190972.98,1
2025-01-05,2025-01-05 11:30:00,767.86,767.96,767.86,767.96,0.01,243.98,190972.98,1
2025-01-05,2025-01-05 11:31:00,767.96,768.05,767.96,768.05,0.01,243.98,190972.98,1
2025-01-05,2025-01-05 11:32:00,768.05,768.15,768.05,768.15,0.01,243.98,190972.98,1
2025-01-05,2025-01-05 11:33:00,768.15,768.24,768.15,768.24,0.01,243.98,190972.98,1
2025-01-05,2025-01-05 11:34:00,768.24,768.34,768.24,768.34,0.01,243.98,190972.98,1
2025-01-05,2025-01-05 11:35:00,768.34,768.43,768.34,768.43,0.01,243.98,190972.98,1
2025-01-05,2025-01-05 11:36:00,768.43,768.53,768.43,768.53,0.01,243.98,190972.98,1
2025-01-05,2025-01-05 11:37:00,768.53,768.63,768.53,768.63,0.01,243.98,190972.98,1
2025-01-05,2025-01-05 11:38:00,768.63,768.72,768.63,768.72,0.01,243.98,190972.98,1
2025-01-05,2025-01-05 11:39:00,768.72,768.82,768.72,768.82,0.01,243.98,190972.98,1
2025-01-05,2025-01-05 11:40:00,768.82,768.91,768.82,768.91,0.01,243.98,190972.98,1
2025-01-05,2025-01-05 11:41:00,768.91,769.01,768.91,769.01,0.01,243.98,190972.98,1
2025-01-05,2025-01-05 11:42:00,769.01,769.1,769.01,769.1,0.01,243.98,190972.98,1
2025-01-05,2025-01-05 11:43:00,769.1,769.2,769.1,769.2,0.01,243.98,190972.98,1
2025-01-05,2025-01-05 11:44:00,769.2,769.29,769.2,769.29,0.01,243.98,190972.98,1
2025-01-05,2025-01-05 11:45:00,769.29,769.39,769.29,769.39,0.01,243.98,190972.98,1
2025-01-05,2025-01-05 11:46:00,769.39,769.48,769.39,769.48,0.01,243.98,190972.98,1
2025-01-05,2025-01-05 11:47:00,769.48,769.58,769.48,769.58,0.01,243.98,190972.98,1
2025-01-05,2025-01-05 11:48:00,769.58,769.68,769.58,769.68,0.01,243.98,190972.98,1
2025-01-05,2025-01-05 11:49:00,769.68,769.77,769.68,769.77,0.01,243.98,190972.98,1
2025-01-05,2025-01-05 11:50:00,769.77,769.87,769.77,769.87,0.01,243.98,190972.98,1
2025-01-05,2025-01-05 11:51:00,769.87,769.96,769.87,769.96,0.01,243.98,190972.98,1
2025-01-05,2025-01-05 11:52:00,769.96,770.06,769.96,770.06,0.01,243.98,190972.98,1
2025-01-05,2025-01-05 11:53:00,770.06,770.15,770.06,770.15,0.01,243.98,190972.98,1
2025-01-05,2025-01-05 11:54:00,770.15,770.25,770.15,770.25,0.01,243.98,190972.98,1
2025-01-05,2025-01-05 11:55:00,770.25,770.34,770.25,770.34,0.01,243.98,190972.98,1
2025-01-05,2025-01-05 11:56:00,770.34,770.44,770.34,770.44,0.01,243.98,190972.98,1
2025-01-05,2025-01-05 11:57:00,770.44,770.53,770.44,770.53,0.01,243.98,190972.98,1
2025-01-05,2025-01-05 11:58:00,770.53,770.63,770.53,770.63,0.01,243.98,190972.98,1
2025-01-05,2025-01-05 11:59:00,770.63,770.73,770.63,770.73,0.01,243.98,190972.98,1
2025-01-05,2025-01-05 12:00:00,770.73,770.82,770.73,770.82,0.01,243.98,190972.98,1
2025-01-05,2025-01-05 12:01:00,770.82,770.92,770.82,770.92,0.01,243.98,190972.98,1
2025-01-05,2025-01-05 12:02:00,770.92,771.01,770.92,771.01,0.01,243.98,190972.98,1
2025-01-05,2025-01-05 12:03:00,771.01,771.11,771.01,771.11,0.01,243.98,190972.98,1
2025-01-05,2025-01-05 12:04:00,771.11,771.2,771.11,771.2,0.01,243.98,190972.98,1
2025-01-05,2025-01-05 12:05:00,771.2,771.3,771.2,771.3,0.01,243.98,190972.98,1
2025-01-05,2025-01-05 12:06:00,771.3,771.39,771.3,771.39,0.01,243.98,190972.98,1
2025-01-05,2025-01-05 12:07:00,771.39,771.49,771.39,771.49,0.01,243.98,190972.98,1
2025-01-05,2025-01-05 12:08:00,771.49,771.58,771.49,771.58,0.01,243.98,190972.98,1
2025-01-05,2025-01-05 12:09:00,771.58,771.68,771.58,771.68,0.01,243.98,190972.98,1
2025-01-05,2025-01-05 12:10:00,771.68,771.77,771.68,771.77,0.01,243.98,190972.98,1
2025-01-05,2025-01-05 12:11:00,771.77,771.87,771.77,771.87,0.01,243.98,190972.98,1
2025-01-05,2025-01-05 12:12:00,771.87,771.97,771.87,771.97,0.01,243.98,190972.98,1
2025-01-05,2025-01-05 12:13:00,771.97,772.06,771.97,772.06,0.01,243.98,190972.98,1
2025-01-05,2025-01-05 12:14:00,772.06,772.16,772.06,772.16,0.01,243.98,190972.98,1
2025-01-05,2025-01-05 12:15:00,772.16,772.25,772.16,772.25,0.01,243.98,190972.98,1
2025-01-05,2025-01-05 12:16:00,772.25,772.35,772.25,772.35,0.01,243.98,190972.98,1
2025-01-05,2025-01-05 12:17:00,772.35,772.44,772.35,772.44,0.01,243.98,190972.98,1
2025-01-05,2025-01-05 12:18:00,772.44,772.54,772.44,772.54,0.01,243.98,190972.98,1
2025-01-05,2025-01-05 12:19:00,772.54,772.63,772.54,772.63,0.01,243.98,190972.98,1
2025-01-05,2025-01-05 12:20:00,772.63,772.73,772.63,772.73,0.01,243.98,190972.98,1
2025-01-05,2025-01-05 12:21:00,772.73,772.82,772.73,772.82,0.01,243.98,190972.98,1
2025-01-05,2025-01-05 12:22:00,772.82,772.92,772.82,772.92,0.01,243.98,190972.98,1
2025-01-05,2025-01-05 12:23:00,772.92,773.01,772.92,773.01,0.01,243.98,190972.98,1
2025-01-05,2025-01-05 12:24:00,773.01,773.11,773.01,773.11,0.01,243.98,190972.98,1
2025-01-05,2025-01-05 12:25:00,773.11,773.21,773.11,773.21,0.01,243.98,190972.98,1
2025-01-05,2025-01-05 12:26:00,773.21,773.3,773.21,773.3,0.01,243.98,190972.98,1
2025-01-05,2025-01-05 12:27:00,773.3,773.4,773.3,773.4,0.01,243.98,190972.98,1
2025-01-05,2025-01-05 12:28:00,773.4,773.49,773.4,773.49,0.01,243.98,190972.98,1
2025-01-05,2025-01-05 12:29:00,773.49,773.59,773.49,773.59,0.01,243.98,190972.98,1
2025-01-05,2025-01-05 12:30:00,773.59,773.68,773.59,773.68,0.01,243.98,190972.98,1
2025-01-05,2025-01-05 12:31:00,773.68,773.78,773.68,773.78,0.01,243.98,190972.98,1
2025-01-05,2025-01-05 12:32:00,773.78,773.87,773.78,773.87,0.01,243.98,190972.98,1
2025-01-05,2025-01-05 12:33:00,773.87,773.97,773.87,773.97,0.01,243.98,190972.98,1
2025-01-05,2025-01-05 12:34:00,773.97,774.06,773.97,774.06,0.01,243.98,190972.98,1
2025-01-05,2025-01-05 12:35:00,774.06,774.16,774.06,774.16,0.01,243.98,190972.98,1
2025-01-05,2025-01-05 12:36:00,774.16,774.26,774.16,774.26,0.01,243.98,190972.98,1
2025-01-05,2025-01-05 12:37:00,774.26,774.35,774.26,774.35,0.01,243.98,190972.98,1
2025-01-05,2025-01-05 12:38:00,774.35,774.45,774.35,774.45,0.01,243.98,190972.98,1
2025-01-05,2025-01-05 12:39:00,774.45,774.54,774.45,774.54,0.01,243.98,190972.98,1
2025-01-05,2025-01-05 12:40:00,774.54,774.64,774.54,774.64,0.01,243.98,190972.98,1
2025-01-05,2025-01-05 12:41:00,774.64,774.73,774.64,774.73,0.01,243.98,190972.98,1
2025-01-05,2025-01-05 12:42:00,774.73,774.83,774.73,774.83,0.01,243.98,190972.98,1
2025-01-05,2025-01-05 12:43:00,774.83,774.92,774.83,774.92,0.01,243.98,190972.98,1
2025-01-05,2025-01-05 12:44:00,774.92,775.02,774.92,775.02,0.01,243.98,190972.98,1
2025-01-05,2025-01-05 12:45:00,775.02,775.11,775.02,775.11,0.01,243.98,190972.98,1
2025-01-05,2025-01-05 12:46:00,775.11,775.21,775.11,775.21,0.01,243.98,190972.98,1
2025-01-05,2025-01-05 12:47:00,775.21,775.3,775.21,775.3,0.01,243.98,190972.98,1
2025-01-05,2025-01-05 12:48:00,775.3,775.4,775.3,775.4,0.01,243.98,190972.98,1
2025-01-05,2025-01-05 12:49:00,775.4,775.5,775.4,775.5,0.01,243.98,190972.98,1
2025-01-05,2025-01-05 12:50:00,775.5,775.59,775.5,775.59,0.01,243.98,190972.98,1
2025-01-05,2025-01-05 12:51:00,775.59,775.69,775.59,775.69,0.01,243.98,190972.98,1
2025-01-05,2025-01-05 12:52:00,775.69,775.78,775.69,775.78,0.01,243.98,190972.98,1
2025-01-05,2025-01-05 12:53:00,775.78,775.88,775.78,775.88,0.01,243.98,190972.98,1
2025-01-05,2025-01-05 12:54:00,775.88,775.97,775.88,775.97,0.01,243.98,190972.98,1
2025-01-05,2025-01-05 12:55:00,775.97,776.07,775.97,776.07,0.01,243.98,190972.98,1
2025-01-05,2025-01-05 12:56:00,776.07,776.16,776.07,776.16,0.01,243.98,190972.98,1
2025-01-05,2025-01-05 12:57:00,776.16,776.26,776.16,776.26,0.01,243.98,190972.98,1
2025-01-05,2025-01-05 12:58:00,776.26,776.35,776.26,776.35,0.01,243.98,190972.98,1
2025-01-05,2025-01-05 12:59:00,776.35,776.45,776.35,776.45,0.01,243.98,190972.98,1
2025-01-05,2025-01-05 13:00:00,776.45,795.6,736.0,776.55,0.01,243.98,190972.98,1
2025-01-05,2025-01-05 13:01:00,776.55,776.64,776.55,776.64,0.01,243.98,190972.98,1
2025-01-05,2025-01-05 13:02:00,776.64,776.74,776.64,776.74,0.01,243.98,190972.98,1
2025-01-05,2025-01-05 13:03:00,776.74,776.83,776.74,776.83,0.01,243.98,190972.98,1
2025-01-05,2025-01-05 13:04:00,776.83,776.93,776.83,776.93,0.01,243.98,190972.98,1
2025-01-05,2025-01-05 13:05:00,776.93,777.02,776.93,777.02,0.01,243.98,190972.98,1
2025-01-05,2025-01-05 13:06:00,777.02,777.12,777.02,777.12,0.01,243.98,190972.98,1
2025-01-05,2025-01-05 13:07:00,777.12,777.21,777.12,777.21,0.01,243.98,190972.98,1
2025-01-05,2025-01-05 13:08:00,777.21,777.31,777.21,777.31,0.01,243.98,190972.98,1
2025-01-05,2025-01-05 13:09:00,777.31,777.4,777.31,777.4,0.01,243.98,190972.98,1
2025-01-05,2025-01-05 13:10:00,777.4,777.5,777.4,777.5,0.01,243.98,190972.98,1
2025-01-05,2025-01-05 13:11:00,777.5,777.6,777.5,777.6,0.01,243.98,190972.98,1
2025-01-05,2025-01-05 13:12:00,777.6,777.69,777.6,777.69,0.01,243.98,190972.98,1
2025-01-05,2025-01-05 13:13:00,777.69,777.79,777.69,777.79,0.01,243.98,190972.98,1
2025-01-05,2025-01-05 13:14:00,777.79,777.88,777.79,777.88,0.01,243.98,190972.98,1
2025-01-05,2025-01-05 13:15:00,777.88,777.98,777.88,777.98,0.01,243.98,190972.98,1
2025-01-05,2025-01-05 13:16:00,777.98,778.07,777.98,778.07,0.01,243.98,190972.98,1
2025-01-05,2025-01-05 13:17:00,778.07,778.17,778.07,778.17,0.01,243.98,190972.98,1
2025-01-05,2025-01-05 13:18:00,778.17,778.26,778.17,778.26,0.01,243.98,190972.98,1
2025-01-05,2025-01-05 13:19:00,778.26,778.36,778.26,778.36,0.01,243.98,190972.98,1
2025-01-05,2025-01-05 13:20:00,778.36,778.45,778.36,778.45,0.01,243.98,190972.98,1
2025-01-05,2025-01-05 13:21:00,778.45,778.55,778.45,778.55,0.01,243.98,190972.98,1
2025-01-05,2025-01-05 13:22:00,778.55,778.64,778.55,778.64,0.01,243.98,190972.98,1
2025-01-05,2025-01-05 13:23:00,778.64,778.74,778.64,778.74,0.01,243.98,190972.98,1
2025-01-05,2025-01-05 13:24:00,778.74,778.84,778.74,778.84,0.01,243.98,190972.98,1
2025-01-05,2025-01-05 13:25:00,778.84,778.93,778.84,778.93,0.01,243.98,190972.98,1
2025-01-05,2025-01-05 13:26:00,778.93,779.03,778.93,779.03,0.01,243.98,190972.98,1
2025-01-05,2025-01-05 13:27:00,779.03,779.12,779.03,779.12,0.01,243.98,190972.98,1
2025-01-05,2025-01-05 13:28:00,779.12,779.22,779.12,779.22,0.01,243.98,190972.98,1
2025-01-05,2025-01-05 13:29:00,779.22,779.31,779.22,779.31,0.01,243.98,190972.98,1
2025-01-05,2025-01-05 13:30:00,779.31,779.41,779.31,779.41,0.01,243.98,190972.98,1
2025-01-05,2025-01-05 13:31:00,779.41,779.5,779.41,779.5,0.01,243.98,190972.98,1
2025-01-05,2025-01-05 13:32:00,779.5,779.6,779.5,779.6,0.01,243.98,190972.98,1
2025-01-05,2025-01-05 13:33:00,779.6,779.69,779.6,779.69,0.01,243.98,190972.98,1
2025-01-05,2025-01-05 13:34:00,779.69,779.79,779.69,779.79,0.01,243.98,190972.98,1
2025-01-05,2025-01-05 13:35:00,779.79,779.88,779.79,779.88,0.01,243.98,190972.98,1
2025-01-05,2025-01-05 13:36:00,779.88,779.98,779.88,779.98,0.01,243.98,190972.98,1
2025-01-05,2025-01-05 13:37:00,779.98,780.08,779.98,780.08,0.01,243.98,190972.98,1
2025-01-05,2025-01-05 13:38:00,780.08,780.17,780.08,780.17,0.01,243.98,190972.98,1
2025-01-05,2025-01-05 13:39:00,780.17,780.27,780.17,780.27,0.01,243.98,190972.98,1
2025-01-05,2025-01-05 13:40:00,780.27,780.36,780.27,780.36,0.01,243.98,190972.98,1
2025-01-05,2025-01-05 13:41:00,780.36,780.46,780.36,780.46,0.01,243.98,190972.98,1
2025-01-05,2025-01-05 13:42:00,780.46,780.55,780.46,780.55,0.01,243.98,190972.98,1
2025-01-05,2025-01-05 13:43:00,780.55,780.65,780.55,780.65,0.01,243.98,190972.98,1
2025-01-05,2025-01-05 13:44:00,780.65,780.74,780.65,780.74,0.01,243.98,190972.98,1
2025-01-05,2025-01-05 13:45:00,780.74,780.84,780.74,780.84,0.01,243.98,190972.98,1
2025-01-05,2025-01-05 13:46:00,780.84,780.93,780.84,780.93,0.01,243.98,190972.98,1
2025-01-05,2025-01-05 13:47:00,780.93,781.03,780.93,781.03,0.01,243.98,190972.98,1
2025-01-05,2025-01-05 13:48:00,781.03,781.13,781.03,781.13,0.01,243.98,190972.98,1
2025-01-05,2025-01-05 13:49:00,781.13,781.22,781.13,781.22,0.01,243.98,190972.98,1
2025-01-05,2025-01-05 13:50:00,781.22,781.32,781.22,781.32,0.01,243.98,190972.98,1
2025-01-05,2025-01-05 13:51:00,781.32,781.41,781.32,781.41,0.01,243.98,190972.98,1
2025-01-05,2025-01-05 13:52:00,781.41,781.51,781.41,781.51,0.01,243.98,190972.98,1
2025-01-05,2025-01-05 13:53:00,781.51,781.6,781.51,781.6,0.01,243.98,190972.98,1
2025-01-05,2025-01-05 13:54:00,781.6,781.7,781.6,781.7,0.01,243.98,190972.98,1
2025-01-05,2025-01-05 13:55:00,781.7,781.79,781.7,781.79,0.01,243.98,190972.98,1
2025-01-05,2025-01-05 13:56:00,781.79,781.89,781.79,781.89,0.01,243.98,190972.98,1
2025-01-05,2025-01-05 13:57:00,781.89,781.98,781.89,781.98,0.01,243.98,190972.98,1
2025-01-05,2025-01-05 13:58:00,781.98,782.08,781.98,782.08,0.01,243.98,190972.98,1
2025-01-05,2025-01-05 13:59:00,782.08,782.17,782.08,782.17,0.01,243.98,190972.98,1
2025-01-05,2025-01-05 14:00:00,782.17,782.27,782.17,782.27,0.01,243.98,190972.98,1
2025-01-05,2025-01-05 14:01:00,782.27,782.37,782.27,782.37,0.01,243.98,190972.98,1
2025-01-05,2025-01-05 14:02:00,782.37,782.46,782.37,782.46,0.01,243.98,190972.98,1
2025-01-05,2025-01-05 14:03:00,782.46,782.56,782.46,782.56,0.01,243.98,190972.98,1
2025-01-05,2025-01-05 14:04:00,782.56,782.65,782.56,782.65,0.01,243.98,190972.98,1
2025-01-05,2025-01-05 14:05:00,782.65,782.75,782.65,782.75,0.01,243.98,190972.98,1
2025-01-05,2025-01-05 14:06:00,782.75,782.84,782.75,782.84,0.01,243.98,190972.98,1
2025-01-05,2025-01-05 14:07:00,782.84,782.94,782.84,782.94,0.01,243.98,190972.98,1
2025-01-05,2025-01-05 14:08:00,782.94,783.03,782.94,783.03,0.01,243.98,190972.98,1
2025-01-05,2025-01-05 14:09:00,783.03,783.13,783.03,783.13,0.01,243.98,190972.98,1
2025-01-05,2025-01-05 14:10:00,783.13,783.22,783.13,783.22,0.01,243.98,190972.98,1
2025-01-05,2025-01-05 14:11:00,783.22,783.32,783.22,783.32,0.01,243.98,190972.98,1
2025-01-05,2025-01-05 14:12:00,783.32,783.42,783.32,783.42,0.01,243.98,190972.98,1
2025-01-05,2025-01-05 14:13:00,783.42,783.51,783.42,783.51,0.01,243.98,190972.98,1
2025-01-05,2025-01-05 14:14:00,783.51,783.61,783.51,783.61,0.01,243.98,190972.98,1
2025-01-05,2025-01-05 14:15:00,783.61,783.7,783.61,783.7,0.01,243.98,190972.98,1
2025-01-05,2025-01-05 14:16:00,783.7,783.8,783.7,783.8,0.01,243.98,190972.98,1
2025-01-05,2025-01-05 14:17:00,783.8,783.89,783.8,783.89,0.01,243.98,190972.98,1
2025-01-05,2025-01-05 14:18:00,783.89,783.99,783.89,783.99,0.01,243.98,190972.98,1
2025-01-05,2025-01-05 14:19:00,783.99,784.08,783.99,784.08,0.01,243.98,190972.98,1
2025-01-05,2025-01-05 14:20:00,784.08,784.18,784.08,784.18,0.01,243.98,190972.98,1
2025-01-05,2025-01-05 14:21:00,784.18,784.27,784.18,784.27,0.01,243.98,190972.98,1
2025-01-05,2025-01-05 14:22:00,784.27,784.37,784.27,784.37,0.01,243.98,190972.98,1
2025-01-05,2025-01-05 14:23:00,784.37,784.47,784.37,784.47,0.01,243.98,190972.98,1
2025-01-05,2025-01-05 14:24:00,784.47,784.56,784.47,784.56,0.01,243.98,190972.98,1
2025-01-05,2025-01-05 14:25:00,784.56,784.66,784.56,784.66,0.01,243.98,190972.98,1
2025-01-05,2025-01-05 14:26:00,784.66,784.75,784.66,784.75,0.01,243.98,190972.98,1
2025-01-05,2025-01-05 14:27:00,784.75,784.85,784.75,784.85,0.01,243.98,190972.98,1
2025-01-05,2025-01-05 14:28:00,784.85,784.94,784.85,784.94,0.01,243.98,190972.98,1
2025-01-05,2025-01-05 14:29:00,784.94,785.04,784.94,785.04,0.01,243.98,190972.98,1
2025-01-05,2025-01-05 14:30:00,785.04,785.13,785.04,785.13,0.01,243.98,190972.98,1
2025-01-05,2025-01-05 14:31:00,785.13,785.23,785.13,785.23,0.01,243.98,190972.98,1
2025-01-05,2025-01-05 14:32:00,785.23,785.32,785.23,785.32,0.01,243.98,190972.98,1
2025-01-05,2025-01-05 14:33:00,785.32,785.42,785.32,785.42,0.01,243.98,190972.98,1
2025-01-05,2025-01-05 14:34:00,785.42,785.51,785.42,785.51,0.01,243.98,190972.98,1
2025-01-05,2025-01-05 14:35:00,785.51,785.61,785.51,785.61,0.01,243.98,190972.98,1
2025-01-05,2025-01-05 14:36:00,785.61,785.71,785.61,785.71,0.01,243.98,190972.98,1
2025-01-05,2025-01-05 14:37:00,785.71,785.8,785.71,785.8,0.01,243.98,190972.98,1
2025-01-05,2025-01-05 14:38:00,785.8,785.9,785.8,785.9,0.01,243.98,190972.98,1
2025-01-05,2025-01-05 14:39:00,785.9,785.99,785.9,785.99,0.01,243.98,190972.98,1
2025-01-05,2025-01-05 14:40:00,785.99,786.09,785.99,786.09,0.01,243.98,190972.98,1
2025-01-05,2025-01-05 14:41:00,786.09,786.18,786.09,786.18,0.01,243.98,190972.98,1
2025-01-05,2025-01-05 14:42:00,786.18,786.28,786.18,786.28,0.01,243.98,190972.98,1
2025-01-05,2025-01-05 14:43:00,786.28,786.37,786.28,786.37,0.01,243.98,190972.98,1
2025-01-05,2025-01-05 14:44:00,786.37,786.47,786.37,786.47,0.01,243.98,190972.98,1
2025-01-05,2025-01-05 14:45:00,786.47,786.56,786.47,786.56,0.01,243.98,190972.98,1
2025-01-05,2025-01-05 14:46:00,786.56,786.66,786.56,786.66,0.01,243.98,190972.98,1
2025-01-05,2025-01-05 14:47:00,786.66,786.75,786.66,786.75,0.01,243.98,190972.98,1
2025-01-05,2025-01-05 14:48:00,786.75,786.85,786.75,786.85,0.01,243.98,190972.98,1
2025-01-05,2025-01-05 14:49:00,786.85,786.95,786.85,786.95,0.01,243.98,190972.98,1
2025-01-05,2025-01-05 14:50:00,786.95,787.04,786.95,787.04,0.01,243.98,190972.98,1
2025-01-05,2025-01-05 14:51:00,787.04,787.14,787.04,787.14,0.01,243.98,190972.98,1
2025-01-05,2025-01-05 14:52:00,787.14,787.23,787.14,787.23,0.01,243.98,190972.98,1
2025-01-05,2025-01-05 14:53:00,787.23,787.33,787.23,787.33,0.01,243.98,190972.98,1
2025-01-05,2025-01-05 14:54:00,787.33,787.42,787.33,787.42,0.01,243.98,190972.98,1
2025-01-05,2025-01-05 14:55:00,787.42,787.52,787.42,787.52,0.01,243.98,190972.98,1
2025-01-05,2025-01-05 14:56:00,787.52,787.61,787.52,787.61,0.01,243.98,190972.98,1
2025-01-05,2025-01-05 14:57:00,787.61,787.71,787.61,787.71,0.01,243.98,190972.98,1
2025-01-05,2025-01-05 14:58:00,787.71,787.8,787.71,787.8,0.01,243.98,190972.98,1
2025-01-05,2025-01-05 14:59:00,787.8,787.9,787.8,787.9,0.01,243.98,190972.98,1
2025-01-05,2025-01-05 15:00:00,787.9,795.6,736.0,787.9,0.0,243.98,190972.98,0
2025-01-06,2025-01-06 11:00:00,803.6,808.4,792.5,803.67,0.01,484.3,380447.65,1
2025-01-06,2025-01-06 11:01:00,803.67,803.73,803.67,803.73,0.01,484.3,380447.65,1
2025-01-06,2025-01-06 11:02:00,803.73,803.8,803.73,803.8,0.01,484.3,380447.65,1
2025-01-06,2025-01-06 11:03:00,803.8,803.87,803.8,803.87,0.01,484.3,380447.65,1
2025-01-06,2025-01-06 11:04:00,803.87,803.93,803.87,803.93,0.01,484.3,380447.65,1
2025-01-06,2025-01-06 11:05:00,803.93,804.0,803.93,804.0,0.01,484.3,380447.65,1
2025-01-06,2025-01-06 11:06:00,804.0,804.07,804.0,804.07,0.01,484.3,380447.65,1
2025-01-06,2025-01-06 11:07:00,804.07,804.13,804.07,804.13,0.01,484.3,380447.65,1
2025-01-06,2025-01-06 11:08:00,804.13,804.2,804.13,804.2,0.01,484.3,380447.65,1
2025-01-06,2025-01-06 11:09:00,804.2,804.27,804.2,804.27,0.01,484.3,380447.65,1
2025-01-06,2025-01-06 11:10:00,804.27,804.33,804.27,804.33,0.01,484.3,380447.65,1
2025-01-06,2025-01-06 11:11:00,804.33,804.4,804.33,804.4,0.01,484.3,380447.65,1
2025-01-06,2025-01-06 11:12:00,804.4,804.47,804.4,804.47,0.01,484.3,380447.65,1
2025-01-06,2025-01-06 11:13:00,804.47,804.53,804.47,804.53,0.01,484.3,380447.65,1
2025-01-06,2025-01-06 11:14:00,804.53,804.6,804.53,804.6,0.01,484.3,380447.65,1
2025-01-06,2025-01-06 11:15:00,804.6,804.67,804.6,804.67,0.01,484.3,380447.65,1
2025-01-06,2025-01-06 11:16:00,804.67,804.73,804.67,804.73,0.01,484.3,380447.65,1
2025-01-06,2025-01-06 11:17:00,804.73,804.8,804.73,804.8,0.01,484.3,380447.65,1
2025-01-06,2025-01-06 11:18:00,804.8,804.87,804.8,804.87,0.01,484.3,380447.65,1
2025-01-06,2025-01-06 11:19:00,804.87,804.93,804.87,804.93,0.01,484.3,380447.65,1
2025-01-06,2025-01-06 11:20:00,804.93,805.0,804.93,805.0,0.01,484.3,380447.65,1
2025-01-06,2025-01-06 11:21:00,805.0,805.07,805.0,805.07,0.01,484.3,380447.65,1
2025-01-06,2025-01-06 11:22:00,805.07,805.13,805.07,805.13,0.01,484.3,380447.65,1
2025-01-06,2025-01-06 11:23:00,805.13,805.2,805.13,805.2,0.01,484.3,380447.65,1
2025-01-06,2025-01-06 11:24:00,805.2,805.27,805.2,805.27,0.01,484.3,380447.65,1
2025-01-06,2025-01-06 11:25:00,805.27,805.33,805.27,805.33,0.01,484.3,380447.65,1
2025-01-06,2025-01-06 11:26:00,805.33,805.4,805.33,805.4,0.01,484.3,380447.65,1
2025-01-06,2025-01-06 11:27:00,805.4,805.47,805.4,805.47,0.01,484.3,380447.65,1
2025-01-06,2025-01-06 11:28:00,805.47,805.53,805.47,805.53,0.01,484.3,380447.65,1
2025-01-06,2025-01-06 11:29:00,805.53,805.6,805.53,805.6,0.01,484.3,380447.65,1
2025-01-06,2025-01-06 11:30:00,805.6,805.67,805.6,805.67,0.01,484.3,380447.65,1
2025-01-06,2025-01-06 11:31:00,805.67,805.73,805.67,805.73,0.01,484.3,380447.65,1
2025-01-06,2025-01-06 11:32:00,805.73,805.8,805.73,805.8,0.01,484.3,380447.65,1
2025-01-06,2025-01-06 11:33:00,805.8,805.87,805.8,805.87,0.01,484.3,380447.65,1
2025-01-06,2025-01-06 11:34:00,805.87,805.93,805.87,805.93,0.01,484.3,380447.65,1
2025-01-06,2025-01-06 11:35:00,805.93,806.0,805.93,806.0,0.01,484.3,380447.65,1
2025-01-06,2025-01-06 11:36:00,806.0,806.07,806.0,806.07,0.01,484.3,380447.65,1
2025-01-06,2025-01-06 11:37:00,806.07,806.13,806.07,806.13,0.01,484.3,380447.65,1
2025-01-06,2025-01-06 11:38:00,806.13,806.2,806.13,806.2,0.01,484.3,380447.65,1
2025-01-06,2025-01-06 11:39:00,806.2,806.27,806.2,806.27,0.01,484.3,380447.65,1
2025-01-06,2025-01-06 11:40:00,806.27,806.33,806.27,806.33,0.01,484.3,380447.65,1
2025-01-06,2025-01-06 11:41:00,806.33,806.4,806.33,806.4,0.01,484.3,380447.65,1
2025-01-06,2025-01-06 11:42:00,806.4,806.47,806.4,806.47,0.01,484.3,380447.65,1
2025-01-06,2025-01-06 11:43:00,806.47,806.53,806.47,806.53,0.01,484.3,380447.65,1
2025-01-06,2025-01-06 11:44:00,806.53,806.6,806.53,806.6,0.01,484.3,380447.65,1
2025-01-06,2025-01-06 11:45:00,806.6,806.67,806.6,806.67,0.01,484.3,380447.65,1
2025-01-06,2025-01-06 11:46:00,806.67,806.73,806.67,806.73,0.01,484.3,380447.65,1
2025-01-06,2025-01-06 11:47:00,806.73,806.8,806.73,806.8,0.01,484.3,380447.65,1
2025-01-06,2025-01-06 11:48:00,806.8,806.87,806.8,806.87,0.01,484.3,380447.65,1
2025-01-06,2025-01-06 11:49:00,806.87,806.93,806.87,806.93,0.01,484.3,380447.65,1
2025-01-06,2025-01-06 11:50:00,806.93,807.0,806.93,807.0,0.01,484.3,380447.65,1
2025-01-06,2025-01-06 11:51:00,807.0,807.07,807.0,807.07,0.01,484.3,380447.65,1
2025-01-06,2025-01-06 11:52:00,807.07,807.13,807.07,807.13,0.01,484.3,380447.65,1
2025-01-06,2025-01-06 11:53:00,807.13,807.2,807.13,807.2,0.01,484.3,380447.65,1
2025-01-06,2025-01-06 11:54:00,807.2,807.27,807.2,807.27,0.01,484.3,380447.65,1
2025-01-06,2025-01-06 11:55:00,807.27,807.33,807.27,807.33,0.01,484.3,380447.65,1
2025-01-06,2025-01-06 11:56:00,807.33,807.4,807.33,807.4,0.01,484.3,380447.65,1
2025-01-06,2025-01-06 11:57:00,807.4,807.47,807.4,807.47,0.01,484.3,380447.65,1
2025-01-06,2025-01-06 11:58:00,807.47,807.53,807.47,807.53,0.01,484.3,380447.65,1
2025-01-06,2025-01-06 11:59:00,807.53,807.6,807.53,807.6,0.01,484.3,380447.65,1
2025-01-06,2025-01-06 12:00:00,807.6,807.67,807.6,807.67,0.01,484.3,380447.65,1
2025-01-06,2025-01-06 12:01:00,807.67,807.73,807.67,807.73,0.01,484.3,380447.65,1
2025-01-06,2025-01-06 12:02:00,807.73,807.8,807.73,807.8,0.01,484.3,380447.65,1
2025-01-06,2025-01-06 12:03:00,807.8,807.87,807.8,807.87,0.01,484.3,380447.65,1
2025-01-06,2025-01-06 12:04:00,807.87,807.93,807.87,807.93,0.01,484.3,380447.65,1
2025-01-06,2025-01-06 12:05:00,807.93,808.0,807.93,808.0,0.01,484.3,380447.65,1
2025-01-06,2025-01-06 12:06:00,808.0,808.07,808.0,808.07,0.01,484.3,380447.65,1
2025-01-06,2025-01-06 12:07:00,808.07,808.13,808.07,808.13,0.01,484.3,380447.65,1
2025-01-06,2025-01-06 12:08:00,808.13,808.2,808.13,808.2,0.01,484.3,380447.65,1
2025-01-06,2025-01-06 12:09:00,808.2,808.27,808.2,808.27,0.01,484.3,380447.65,1
2025-01-06,2025-01-06 12:10:00,808.27,808.33,808.27,808.33,0.01,484.3,380447.65,1
2025-01-06,2025-01-06 12:11:00,808.33,808.4,808.33,808.4,0.01,484.3,380447.65,1
2025-01-06,2025-01-06 12:12:00,808.4,808.47,808.4,808.47,0.01,484.3,380447.65,1
2025-01-06,2025-01-06 12:13:00,808.47,808.53,808.47,808.53,0.01,484.3,380447.65,1
2025-01-06,2025-01-06 12:14:00,808.53,808.6,808.53,808.6,0.01,484.3,380447.65,1
2025-01-06,2025-01-06 12:15:00,808.6,808.67,808.6,808.67,0.01,484.3,380447.65,1
2025-01-06,2025-01-06 12:16:00,808.67,808.73,808.67,808.73,0.01,484.3,380447.65,1
2025-01-06,2025-01-06 12:17:00,808.73,808.8,808.73,808.8,0.01,484.3,380447.65,1
2025-01-06,2025-01-06 12:18:00,808.8,808.87,808.8,808.87,0.01,484.3,380447.65,1
2025-01-06,2025-01-06 12:19:00,808.87,808.93,808.87,808.93,0.01,484.3,380447.65,1
2025-01-06,2025-01-06 12:20:00,808.93,809.0,808.93,809.0,0.01,484.3,380447.65,1
2025-01-06,2025-01-06 12:21:00,809.0,809.07,809.0,809.07,0.01,484.3,380447.65,1
2025-01-06,2025-01-06 12:22:00,809.07,809.13,809.07,809.13,0.01,484.3,380447.65,1
2025-01-06,2025-01-06 12:23:00,809.13,809.2,809.13,809.2,0.01,484.3,380447.65,1
2025-01-06,2025-01-06 12:24:00,809.2,809.27,809.2,809.27,0.01,484.3,380447.65,1
2025-01-06,2025-01-06 12:25:00,809.27,809.33,809.27,809.33,0.01,484.3,380447.65,1
2025-01-06,2025-01-06 12:26:00,809.33,809.4,809.33,809.4,0.01,484.3,380447.65,1
2025-01-06,2025-01-06 12:27:00,809.4,809.47,809.4,809.47,0.01,484.3,380447.65,1
2025-01-06,2025-01-06 12:28:00,809.47,809.53,809.47,809.53,0.01,484.3,380447.65,1
2025-01-06,2025-01-06 12:29:00,809.53,809.6,809.53,809.6,0.01,484.3,380447.65,1
2025-01-06,2025-01-06 12:30:00,809.6,809.67,809.6,809.67,0.01,484.3,380447.65,1
2025-01-06,2025-01-06 12:31:00,809.67,809.73,809.67,809.73,0.01,484.3,380447.65,1
2025-01-06,2025-01-06 12:32:00,809.73,809.8,809.73,809.8,0.01,484.3,380447.65,1
2025-01-06,2025-01-06 12:33:00,809.8,809.87,809.8,809.87,0.01,484.3,380447.65,1
2025-01-06,2025-01-06 12:34:00,809.87,809.93,809.87,809.93,0.01,484.3,380447.65,1
2025-01-06,2025-01-06 12:35:00,809.93,810.0,809.93,810.0,0.01,484.3,380447.65,1
2025-01-06,2025-01-06 12:36:00,810.0,810.07,810.0,810.07,0.01,484.3,380447.65,1
2025-01-06,2025-01-06 12:37:00,810.07,810.13,810.07,810.13,0.01,484.3,380447.65,1
2025-01-06,2025-01-06 12:38:00,810.13,810.2,810.13,810.2,0.01,484.3,380447.65,1
2025-01-06,2025-01-06 12:39:00,810.2,810.27,810.2,810.27,0.01,484.3,380447.65,1
2025-01-06,2025-01-06 12:40:00,810.27,810.33,810.27,810.33,0.01,484.3,380447.65,1
2025-01-06,2025-01-06 12:41:00,810.33,810.4,810.33,810.4,0.01,484.3,380447.65,1
2025-01-06,2025-01-06 12:42:00,810.4,810.47,810.4,810.47,0.01,484.3,380447.65,1
2025-01-06,2025-01-06 12:43:00,810.47,810.53,810.47,810.53,0.01,484.3,380447.65,1
2025-01-06,2025-01-06 12:44:00,810.53,810.6,810.53,810.6,0.01,484.3,380447.65,1
2025-01-06,2025-01-06 12:45:00,810.6,810.67,810.6,810.67,0.01,484.3,380447.65,1
2025-01-06,2025-01-06 12:46:00,810.67,810.73,810.67,810.73,0.01,484.3,380447.65,1
2025-01-06,2025-01-06 12:47:00,810.73,810.8,810.73,810.8,0.01,484.3,380447.65,1
2025-01-06,2025-01-06 12:48:00,810.8,810.87,810.8,810.87,0.01,484.3,380447.65,1
2025-01-06,2025-01-06 12:49:00,810.87,810.93,810.87,810.93,0.01,484.3,380447.65,1
2025-01-06,2025-01-06 12:50:00,810.93,811.0,810.93,811.0,0.01,484.3,380447.65,1
2025-01-06,2025-01-06 12:51:00,811.0,811.07,811.0,811.07,0.01,484.3,380447.65,1
2025-01-06,2025-01-06 12:52:00,811.07,811.13,811.07,811.13,0.01,484.3,380447.65,1
2025-01-06,2025-01-06 12:53:00,811.13,811.2,811.13,811.2,0.01,484.3,380447.65,1
2025-01-06,2025-01-06 12:54:00,811.2,811.27,811.2,811.27,0.01,484.3,380447.65,1
2025-01-06,2025-01-06 12:55:00,811.27,811.33,811.27,811.33,0.01,484.3,380447.65,1
2025-01-06,2025-01-06 12:56:00,811.33,811.4,811.33,811.4,0.01,484.3,380447.65,1
2025-01-06,2025-01-06 12:57:00,811.4,811.47,811.4,811.47,0.01,484.3,380447.65,1
2025-01-06,2025-01-06 12:58:00,811.47,811.53,811.47,811.53,0.01,484.3,380447.65,1
2025-01-06,2025-01-06 12:59:00,811.53,811.6,811.53,811.6,0.01,484.3,380447.65,1
2025-01-06,2025-01-06 13:00:00,811.6,819.6,766.6,811.67,0.01,484.3,380447.65,1
2025-01-06,2025-01-06 13:01:00,811.67,811.73,811.67,811.73,0.01,484.3,380447.65,1
2025-01-06,2025-01-06 13:02:00,811.73,811.8,811.73,811.8,0.01,484.3,380447.65,1
2025-01-06,2025-01-06 13:03:00,811.8,811.87,811.8,811.87,0.01,484.3,380447.65,1
2025-01-06,2025-01-06 13:04:00,811.87,811.93,811.87,811.93,0.01,484.3,380447.65,1
2025-01-06,2025-01-06 13:05:00,811.93,812.0,811.93,812.0,0.01,484.3,380447.65,1
2025-01-06,2025-01-06 13:06:00,812.0,812.07,812.0,812.07,0.01,484.3,380447.65,1
2025-01-06,2025-01-06 13:07:00,812.07,812.13,812.07,812.13,0.01,484.3,380447.65,1
2025-01-06,2025-01-06 13:08:00,812.13,812.2,812.13,812.2,0.01,484.3,380447.65,1
2025-01-06,2025-01-06 13:09:00,812.2,812.27,812.2,812.27,0.01,484.3,380447.65,1
2025-01-06,2025-01-06 13:10:00,812.27,812.33,812.27,812.33,0.01,484.3,380447.65,1
2025-01-06,2025-01-06 13:11:00,812.33,812.4,812.33,812.4,0.01,484.3,380447.65,1
2025-01-06,2025-01-06 13:12:00,812.4,812.47,812.4,812.47,0.01,484.3,380447.65,1
2025-01-06,2025-01-06 13:13:00,812.47,812.53,812.47,812.53,0.01,484.3,380447.65,1
2025-01-06,2025-01-06 13:14:00,812.53,812.6,812.53,812.6,0.01,484.3,380447.65,1
2025-01-06,2025-01-06 13:15:00,812.6,812.67,812.6,812.67,0.01,484.3,380447.65,1
2025-01-06,2025-01-06 13:16:00,812.67,812.73,812.67,812.73,0.01,484.3,380447.65,1
2025-01-06,2025-01-06 13:17:00,812.73,812.8,812.73,812.8,0.01,484.3,380447.65,1
2025-01-06,2025-01-06 13:18:00,812.8,812.87,812.8,812.87,0.01,484.3,380447.65,1
2025-01-06,2025-01-06 13:19:00,812.87,812.93,812.87,812.93,0.01,484.3,380447.65,1
2025-01-06,2025-01-06 13:20:00,812.93,813.0,812.93,813.0,0.01,484.3,380447.65,1
2025-01-06,2025-01-06 13:21:00,813.0,813.07,813.0,813.07,0.01,484.3,380447.65,1
2025-01-06,2025-01-06 13:22:00,813.07,813.13,813.07,813.13,0.01,484.3,380447.65,1
2025-01-06,2025-01-06 13:23:00,813.13,813.2,813.13,813.2,0.01,484.3,380447.65,1
2025-01-06,2025-01-06 13:24:00,813.2,813.27,813.2,813.27,0.01,484.3,380447.65,1
2025-01-06,2025-01-06 13:25:00,813.27,813.33,813.27,813.33,0.01,484.3,380447.65,1
2025-01-06,2025-01-06 13:26:00,813.33,813.4,813.33,813.4,0.01,484.3,380447.65,1
2025-01-06,2025-01-06 13:27:00,813.4,813.47,813.4,813.47,0.01,484.3,380447.65,1
2025-01-06,2025-01-06 13:28:00,813.47,813.53,813.47,813.53,0.01,484.3,380447.65,1
2025-01-06,2025-01-06 13:29:00,813.53,813.6,813.53,813.6,0.01,484.3,380447.65,1
2025-01-06,2025-01-06 13:30:00,813.6,813.67,813.6,813.67,0.01,484.3,380447.65,1
2025-01-06,2025-01-06 13:31:00,813.67,813.73,813.67,813.73,0.01,484.3,380447.65,1
2025-01-06,2025-01-06 13:32:00,813.73,813.8,813.73,813.8,0.01,484.3,380447.65,1
2025-01-06,2025-01-06 13:33:00,813.8,813.87,813.8,813.87,0.01,484.3,380447.65,1
2025-01-06,2025-01-06 13:34:00,813.87,813.93,813.87,813.93,0.01,484.3,380447.65,1
2025-01-06,2025-01-06 13:35:00,813.93,814.0,813.93,814.0,0.01,484.3,380447.65,1
2025-01-06,2025-01-06 13:36:00,814.0,814.07,814.0,814.07,0.01,484.3,380447.65,1
2025-01-06,2025-01-06 13:37:00,814.07,814.13,814.07,814.13,0.01,484.3,380447.65,1
2025-01-06,2025-01-06 13:38:00,814.13,814.2,814.13,814.2,0.01,484.3,380447.65,1
2025-01-06,2025-01-06 13:39:00,814.2,814.27,814.2,814.27,0.01,484.3,380447.65,1
2025-01-06,2025-01-06 13:40:00,814.27,814.33,814.27,814.33,0.01,484.3,380447.65,1
2025-01-06,2025-01-06 13:41:00,814.33,814.4,814.33,814.4,0.01,484.3,380447.65,1
2025-01-06,2025-01-06 13:42:00,814.4,814.47,814.4,814.47,0.01,484.3,380447.65,1
2025-01-06,2025-01-06 13:43:00,814.47,814.53,814.47,814.53,0.01,484.3,380447.65,1
2025-01-06,2025-01-06 13:44:00,814.53,814.6,814.53,814.6,0.01,484.3,380447.65,1
2025-01-06,2025-01-06 13:45:00,814.6,814.67,814.6,814.67,0.01,484.3,380447.65,1
2025-01-06,2025-01-06 13:46:00,814.67,814.73,814.67,814.73,0.01,484.3,380447.65,1
2025-01-06,2025-01-06 13:47:00,814.73,814.8,814.73,814.8,0.01,484.3,380447.65,1
2025-01-06,2025-01-06 13:48:00,814.8,814.87,814.8,814.87,0.01,484.3,380447.65,1
2025-01-06,2025-01-06 13:49:00,814.87,814.93,814.87,814.93,0.01,484.3,380447.65,1
2025-01-06,2025-01-06 13:50:00,814.93,815.0,814.93,815.0,0.01,484.3,380447.65,1
2025-01-06,2025-01-06 13:51:00,815.0,815.07,815.0,815.07,0.01,484.3,380447.65,1
2025-01-06,2025-01-06 13:52:00,815.07,815.13,815.07,815.13,0.01,484.3,380447.65,1
2025-01-06,2025-01-06 13:53:00,815.13,815.2,815.13,815.2,0.01,484.3,380447.65,1
2025-01-06,2025-01-06 13:54:00,815.2,815.27,815.2,815.27,0.01,484.3,380447.65,1
2025-01-06,2025-01-06 13:55:00,815.27,815.33,815.27,815.33,0.01,484.3,380447.65,1
2025-01-06,2025-01-06 13:56:00,815.33,815.4,815.33,815.4,0.01,484.3,380447.65,1
2025-01-06,2025-01-06 13:57:00,815.4,815.47,815.4,815.47,0.01,484.3,380447.65,1
2025-01-06,2025-01-06 13:58:00,815.47,815.53,815.47,815.53,0.01,484.3,380447.65,1
2025-01-06,2025-01-06 13:59:00,815.53,815.6,815.53,815.6,0.01,484.3,380447.65,1
2025-01-06,2025-01-06 14:00:00,815.6,815.67,815.6,815.67,0.01,484.3,380447.65,1
2025-01-06,2025-01-06 14:01:00,815.67,815.73,815.67,815.73,0.01,484.3,380447.65,1
2025-01-06,2025-01-06 14:02:00,815.73,815.8,815.73,815.8,0.01,484.3,380447.65,1
2025-01-06,2025-01-06 14:03:00,815.8,815.87,815.8,815.87,0.01,484.3,380447.65,1
2025-01-06,2025-01-06 14:04:00,815.87,815.93,815.87,815.93,0.01,484.3,380447.65,1
2025-01-06,2025-01-06 14:05:00,815.93,816.0,815.93,816.0,0.01,484.3,380447.65,1
2025-01-06,2025-01-06 14:06:00,816.0,816.07,816.0,816.07,0.01,484.3,380447.65,1
2025-01-06,2025-01-06 14:07:00,816.07,816.13,816.07,816.13,0.01,484.3,380447.65,1
2025-01-06,2025-01-06 14:08:00,816.13,816.2,816.13,816.2,0.01,484.3,380447.65,1
2025-01-06,2025-01-06 14:09:00,816.2,816.27,816.2,816.27,0.01,484.3,380447.65,1
2025-01-06,2025-01-06 14:10:00,816.27,816.33,816.27,816.33,0.01,484.3,380447.65,1
2025-01-06,2025-01-06 14:11:00,816.33,816.4,816.33,816.4,0.01,484.3,380447.65,1
2025-01-06,2025-01-06 14:12:00,816.4,816.47,816.4,816.47,0.01,484.3,380447.65,1
2025-01-06,2025-01-06 14:13:00,816.47,816.53,816.47,816.53,0.01,484.3,380447.65,1
2025-01-06,2025-01-06 14:14:00,816.53,816.6,816.53,816.6,0.01,484.3,380447.65,1
2025-01-06,2025-01-06 14:15:00,816.6,816.67,816.6,816.67,0.01,484.3,380447.65,1
2025-01-06,2025-01-06 14:16:00,816.67,816.73,816.67,816.73,0.01,484.3,380447.65,1
2025-01-06,2025-01-06 14:17:00,816.73,816.8,816.73,816.8,0.01,484.3,380447.65,1
2025-01-06,2025-01-06 14:18:00,816.8,816.87,816.8,816.87,0.01,484.3,380447.65,1
2025-01-06,2025-01-06 14:19:00,816.87,816.93,816.87,816.93,0.01,484.3,380447.65,1
2025-01-06,2025-01-06 14:20:00,816.93,817.0,816.93,817.0,0.01,484.3,380447.65,1
2025-01-06,2025-01-06 14:21:00,817.0,817.07,817.0,817.07,0.01,484.3,380447.65,1
2025-01-06,2025-01-06 14:22:00,817.07,817.13,817.07,817.13,0.01,484.3,380447.65,1
2025-01-06,2025-01-06 14:23:00,817.13,817.2,817.13,817.2,0.01,484.3,380447.65,1
2025-01-06,2025-01-06 14:24:00,817.2,817.27,817.2,817.27,0.01,484.3,380447.65,1
2025-01-06,2025-01-06 14:25:00,817.27,817.33,817.27,817.33,0.01,484.3,380447.65,1
2025-01-06,2025-01-06 14:26:00,817.33,817.4,817.33,817.4,0.01,484.3,380447.65,1
2025-01-06,2025-01-06 14:27:00,817.4,817.47,817.4,817.47,0.01,484.3,380447.65,1
2025-01-06,2025-01-06 14:28:00,817.47,817.53,817.47,817.53,0.01,484.3,380447.65,1
2025-01-06,2025-01-06 14:29:00,817.53,817.6,817.53,817.6,0.01,484.3,380447.65,1
2025-01-06,2025-01-06 14:30:00,817.6,817.67,817.6,817.67,0.01,484.3,380447.65,1
2025-01-06,2025-01-06 14:31:00,817.67,817.73,817.67,817.73,0.01,484.3,380447.65,1
2025-01-06,2025-01-06 14:32:00,817.73,817.8,817.73,817.8,0.01,484.3,380447.65,1
2025-01-06,2025-01-06 14:33:00,817.8,817.87,817.8,817.87,0.01,484.3,380447.65,1
2025-01-06,2025-01-06 14:34:00,817.87,817.93,817.87,817.93,0.01,484.3,380447.65,1
2025-01-06,2025-01-06 14:35:00,817.93,818.0,817.93,818.0,0.01,484.3,380447.65,1
2025-01-06,2025-01-06 14:36:00,818.0,818.07,818.0,818.07,0.01,484.3,380447.65,1
2025-01-06,2025-01-06 14:37:00,818.07,818.13,818.07,818.13,0.01,484.3,380447.65,1
2025-01-06,2025-01-06 14:38:00,818.13,818.2,818.13,818.2,0.01,484.3,380447.65,1
2025-01-06,2025-01-06 14:39:00,818.2,818.27,818.2,818.27,0.01,484.3,380447.65,1
2025-01-06,2025-01-06 14:40:00,818.27,818.33,818.27,818.33,0.01,484.3,380447.65,1
2025-01-06,2025-01-06 14:41:00,818.33,818.4,818.33,818.4,0.01,484.3,380447.65,1
2025-01-06,2025-01-06 14:42:00,818.4,818.47,818.4,818.47,0.01,484.3,380447.65,1
2025-01-06,2025-01-06 14:43:00,818.47,818.53,818.47,818.53,0.01,484.3,380447.65,1
2025-01-06,2025-01-06 14:44:00,818.53,818.6,818.53,818.6,0.01,484.3,380447.65,1
2025-01-06,2025-01-06 14:45:00,818.6,818.67,818.6,818.67,0.01,484.3,380447.65,1
2025-01-06,2025-01-06 14:46:00,818.67,818.73,818.67,818.73,0.01,484.3,380447.65,1
2025-01-06,2025-01-06 14:47:00,818.73,818.8,818.73,818.8,0.01,484.3,380447.65,1
2025-01-06,2025-01-06 14:48:00,818.8,818.87,818.8,818.87,0.01,484.3,380447.65,1
2025-01-06,2025-01-06 14:49:00,818.87,818.93,818.87,818.93,0.01,484.3,380447.65,1
2025-01-06,2025-01-06 14:50:00,818.93,819.0,818.93,819.0,0.01,484.3,380447.65,1
2025-01-06,2025-01-06 14:51:00,819.0,819.07,819.0,819.07,0.01,484.3,380447.65,1
2025-01-06,2025-01-06 14:52:00,819.07,819.13,819.07,819.13,0.01,484.3,380447.65,1
2025-01-06,2025-01-06 14:53:00,819.13,819.2,819.13,819.2,0.01,484.3,380447.65,1
2025-01-06,2025-01-06 14:54:00,819.2,819.27,819.2,819.27,0.01,484.3,380447.65,1
2025-01-06,2025-01-06 14:55:00,819.27,819.33,819.27,819.33,0.01,484.3,380447.65,1
2025-01-06,2025-01-06 14:56:00,819.33,819.4,819.33,819.4,0.01,484.3,380447.65,1
2025-01-06,2025-01-06 14:57:00,819.4,819.47,819.4,819.47,0.01,484.3,380447.65,1
2025-01-06,2025-01-06 14:58:00,819.47,819.53,819.47,819.53,0.01,484.3,380447.65,1
2025-01-06,2025-01-06 14:59:00,819.53,819.6,819.53,819.6,0.01,484.3,380447.65,1
2025-01-06,2025-01-06 15:00:00,819.6,819.6,766.6,819.6,0.0,484.3,380447.65,0
2025-01-07,2025-01-07 11:00:00,803.3,803.3,783.71,803.08,-0.03,537.42,406509.72,-1
2025-01-07,2025-01-07 11:01:00,803.08,803.08,802.86,802.86,-0.03,537.42,406509.72,-1
2025-01-07,2025-01-07 11:02:00,802.86,802.86,802.63,802.63,-0.03,537.42,406509.72,-1
2025-01-07,2025-01-07 11:03:00,802.63,802.63,802.41,802.41,-0.03,537.42,406509.72,-1
2025-01-07,2025-01-07 11:04:00,802.41,802.41,802.19,802.19,-0.03,537.42,406509.72,-1
2025-01-07,2025-01-07 11:05:00,802.19,802.19,801.97,801.97,-0.03,537.42,406509.72,-1
2025-01-07,2025-01-07 11:06:00,801.97,801.97,801.75,801.75,-0.03,537.42,406509.72,-1
2025-01-07,2025-01-07 11:07:00,801.75,801.75,801.52,801.52,-0.03,537.42,406509.72,-1
2025-01-07,2025-01-07 11:08:00,801.52,801.52,801.3,801.3,-0.03,537.42,406509.72,-1
2025-01-07,2025-01-07 11:09:00,801.3,801.3,801.08,801.08,-0.03,537.42,406509.72,-1
2025-01-07,2025-01-07 11:10:00,801.08,801.08,800.86,800.86,-0.03,537.42,406509.72,-1
2025-01-07,2025-01-07 11:11:00,800.86,800.86,800.63,800.63,-0.03,537.42,406509.72,-1
2025-01-07,2025-01-07 11:12:00,800.63,800.63,800.41,800.41,-0.03,537.42,406509.72,-1
2025-01-07,2025-01-07 11:13:00,800.41,800.41,800.19,800.19,-0.03,537.42,406509.72,-1
2025-01-07,2025-01-07 11:14:00,800.19,800.19,799.97,799.97,-0.03,537.42,406509.72,-1
2025-01-07,2025-01-07 11:15:00,799.97,799.97,799.75,799.75,-0.03,537.42,406509.72,-1
2025-01-07,2025-01-07 11:16:00,799.75,799.75,799.52,799.52,-0.03,537.42,406509.72,-1
2025-01-07,2025-01-07 11:17:00,799.52,799.52,799.3,799.3,-0.03,537.42,406509.72,-1
2025-01-07,2025-01-07 11:18:00,799.3,799.3,799.08,799.08,-0.03,537.42,406509.72,-1
2025-01-07,2025-01-07 11:19:00,799.08,799.08,798.86,798.86,-0.03,537.42,406509.72,-1
2025-01-07,2025-01-07 11:20:00,798.86,798.86,798.64,798.64,-0.03,537.42,406509.72,-1
2025-01-07,2025-01-07 11:21:00,798.64,798.64,798.41,798.41,-0.03,537.42,406509.72,-1
2025-01-07,2025-01-07 11:22:00,798.41,798.41,798.19,798.19,-0.03,537.42,406509.72,-1
2025-01-07,2025-01-07 11:23:00,798.19,798.19,797.97,797.97,-0.03,537.42,406509.72,-1
2025-01-07,2025-01-07 11:24:00,797.97,797.97,797.75,797.75,-0.03,537.42,406509.72,-1
2025-01-07,2025-01-07 11:25:00,797.75,797.75,797.53,797.53,-0.03,537.42,406509.72,-1
2025-01-07,2025-01-07 11:26:00,797.53,797.53,797.3,797.3,-0.03,537.42,406509.72,-1
2025-01-07,2025-01-07 11:27:00,797.3,797.3,797.08,797.08,-0.03,537.42,406509.72,-1
2025-01-07,2025-01-07 11:28:00,797.08,797.08,796.86,796.86,-0.03,537.42,406509.72,-1
2025-01-07,2025-01-07 11:29:00,796.86,796.86,796.64,796.64,-0.03,537.42,406509.72,-1
2025-01-07,2025-01-07 11:30:00,796.64,796.64,796.42,796.42,-0.03,537.42,406509.72,-1
2025-01-07,2025-01-07 11:31:00,796.42,796.42,796.19,796.19,-0.03,537.42,406509.72,-1
2025-01-07,2025-01-07 11:32:00,796.19,796.19,795.97,795.97,-0.03,537.42,406509.72,-1
2025-01-07,2025-01-07 11:33:00,795.97,795.97,795.75,795.75,-0.03,537.42,406509.72,-1
2025-01-07,2025-01-07 11:34:00,795.75,795.75,795.53,795.53,-0.03,537.42,406509.72,-1
2025-01-07,2025-01-07 11:35:00,795.53,795.53,795.3,795.3,-0.03,537.42,406509.72,-1
2025-01-07,2025-01-07 11:36:00,795.3,795.3,795.08,795.08,-0.03,537.42,406509.72,-1
2025-01-07,2025-01-07 11:37:00,795.08,795.08,794.86,794.86,-0.03,537.42,406509.72,-1
2025-01-07,2025-01-07 11:38:00,794.86,794.86,794.64,794.64,-0.03,537.42,406509.72,-1
2025-01-07,2025-01-07 11:39:00,794.64,794.64,794.42,794.42,-0.03,537.42,406509.72,-1
2025-01-07,2025-01-07 11:40:00,794.42,794.42,794.19,794.19,-0.03,537.42,406509.72,-1
2025-01-07,2025-01-07 11:41:00,794.19,794.19,793.97,793.97,-0.03,537.42,406509.72,-1
2025-01-07,2025-01-07 11:42:00,793.97,793.97,793.75,793.75,-0.03,537.42,406509.72,-1
2025-01-07,2025-01-07 11:43:00,793.75,793.75,793.53,793.53,-0.03,537.42,406509.72,-1
2025-01-07,2025-01-07 11:44:00,793.53,793.53,793.31,793.31,-0.03,537.42,406509.72,-1
2025-01-07,2025-01-07 11:45:00,793.31,793.31,793.08,793.08,-0.03,537.42,406509.72,-1
2025-01-07,2025-01-07 11:46:00,793.08,793.08,792.86,792.86,-0.03,537.42,406509.72,-1
2025-01-07,2025-01-07 11:47:00,792.86,792.86,792.64,792.64,-0.03,537.42,406509.72,-1
2025-01-07,2025-01-07 11:48:00,792.64,792.64,792.42,792.42,-0.03,537.42,406509.72,-1
2025-01-07,2025-01-07 11:49:00,792.42,792.42,792.2,792.2,-0.03,537.42,406509.72,-1
2025-01-07,2025-01-07 11:50:00,792.2,792.2,791.97,791.97,-0.03,537.42,406509.72,-1
2025-01-07,2025-01-07 11:51:00,791.97,791.97,791.75,791.75,-0.03,537.42,406509.72,-1
2025-01-07,2025-01-07 11:52:00,791.75,791.75,791.53,791.53,-0.03,537.42,406509.72,-1
2025-01-07,2025-01-07 11:53:00,791.53,791.53,791.31,791.31,-0.03,537.42,406509.72,-1
2025-01-07,2025-01-07 11:54:00,791.31,791.31,791.09,791.09,-0.03,537.42,406509.72,-1
2025-01-07,2025-01-07 11:55:00,791.09,791.09,790.86,790.86,-0.03,537.42,406509.72,-1
2025-01-07,2025-01-07 11:56:00,790.86,790.86,790.64,790.64,-0.03,537.42,406509.72,-1
2025-01-07,2025-01-07 11:57:00,790.64,790.64,790.42,790.42,-0.03,537.42,406509.72,-1
2025-01-07,2025-01-07 11:58:00,790.42,790.42,790.2,790.2,-0.03,537.42,406509.72,-1
2025-01-07,2025-01-07 11:59:00,790.2,790.2,789.97,789.97,-0.03,537.42,406509.72,-1
2025-01-07,2025-01-07 12:00:00,789.97,789.97,789.75,789.75,-0.03,537.42,406509.72,-1
2025-01-07,2025-01-07 12:01:00,789.75,789.75,789.53,789.53,-0.03,537.42,406509.72,-1
2025-01-07,2025-01-07 12:02:00,789.53,789.53,789.31,789.31,-0.03,537.42,406509.72,-1
2025-01-07,2025-01-07 12:03:00,789.31,789.31,789.09,789.09,-0.03,537.42,406509.72,-1
2025-01-07,2025-01-07 12:04:00,789.09,789.09,788.86,788.86,-0.03,537.42,406509.72,-1
2025-01-07,2025-01-07 12:05:00,788.86,788.86,788.64,788.64,-0.03,537.42,406509.72,-1
2025-01-07,2025-01-07 12:06:00,788.64,788.64,788.42,788.42,-0.03,537.42,406509.72,-1
2025-01-07,2025-01-07 12:07:00,788.42,788.42,788.2,788.2,-0.03,537.42,406509.72,-1
2025-01-07,2025-01-07 12:08:00,788.2,788.2,787.98,787.98,-0.03,537.42,406509.72,-1
2025-01-07,2025-01-07 12:09:00,787.98,787.98,787.75,787.75,-0.03,537.42,406509.72,-1
2025-01-07,2025-01-07 12:10:00,787.75,787.75,787.53,787.53,-0.03,537.42,406509.72,-1
2025-01-07,2025-01-07 12:11:00,787.53,787.53,787.31,787.31,-0.03,537.42,406509.72,-1
2025-01-07,2025-01-07 12:12:00,787.31,787.31,787.09,787.09,-0.03,537.42,406509.72,-1
2025-01-07,2025-01-07 12:13:00,787.09,787.09,786.87,786.87,-0.03,537.42,406509.72,-1
2025-01-07,2025-01-07 12:14:00,786.87,786.87,786.64,786.64,-0.03,537.42,406509.72,-1
2025-01-07,2025-01-07 12:15:00,786.64,786.64,786.42,786.42,-0.03,537.42,406509.72,-1
2025-01-07,2025-01-07 12:16:00,786.42,786.42,786.2,786.2,-0.03,537.42,406509.72,-1
2025-01-07,2025-01-07 12:17:00,786.2,786.2,785.98,785.98,-0.03,537.42,406509.72,-1
2025-01-07,2025-01-07 12:18:00,785.98,785.98,785.76,785.76,-0.03,537.42,406509.72,-1
2025-01-07,2025-01-07 12:19:00,785.76,785.76,785.53,785.53,-0.03,537.42,406509.72,-1
2025-01-07,2025-01-07 12:20:00,785.53,785.53,785.31,785.31,-0.03,537.42,406509.72,-1
2025-01-07,2025-01-07 12:21:00,785.31,785.31,785.09,785.09,-0.03,537.42,406509.72,-1
2025-01-07,2025-01-07 12:22:00,785.09,785.09,784.87,784.87,-0.03,537.42,406509.72,-1
2025-01-07,2025-01-07 12:23:00,784.87,784.87,784.64,784.64,-0.03,537.42,406509.72,-1
2025-01-07,2025-01-07 12:24:00,784.64,784.64,784.42,784.42,-0.03,537.42,406509.72,-1
2025-01-07,2025-01-07 12:25:00,784.42,784.42,784.2,784.2,-0.03,537.42,406509.72,-1
2025-01-07,2025-01-07 12:26:00,784.2,784.2,783.98,783.98,-0.03,537.42,406509.72,-1
2025-01-07,2025-01-07 12:27:00,783.98,783.98,783.76,783.76,-0.03,537.42,406509.72,-1
2025-01-07,2025-01-07 12:28:00,783.76,783.76,783.53,783.53,-0.03,537.42,406509.72,-1
2025-01-07,2025-01-07 12:29:00,783.53,783.53,783.31,783.31,-0.03,537.42,406509.72,-1
2025-01-07,2025-01-07 12:30:00,783.31,783.31,783.09,783.09,-0.03,537.42,406509.72,-1
2025-01-07,2025-01-07 12:31:00,783.09,783.09,782.87,782.87,-0.03,537.42,406509.72,-1
2025-01-07,2025-01-07 12:32:00,782.87,782.87,782.65,782.65,-0.03,537.42,406509.72,-1
2025-01-07,2025-01-07 12:33:00,782.65,782.65,782.42,782.42,-0.03,537.42,406509.72,-1
2025-01-07,2025-01-07 12:34:00,782.42,782.42,782.2,782.2,-0.03,537.42,406509.72,-1
2025-01-07,2025-01-07 12:35:00,782.2,782.2,781.98,781.98,-0.03,537.42,406509.72,-1
2025-01-07,2025-01-07 12:36:00,781.98,781.98,781.76,781.76,-0.03,537.42,406509.72,-1
2025-01-07,2025-01-07 12:37:00,781.76,781.76,781.54,781.54,-0.03,537.42,406509.72,-1
2025-01-07,2025-01-07 12:38:00,781.54,781.54,781.31,781.31,-0.03,537.42,406509.72,-1
2025-01-07,2025-01-07 12:39:00,781.31,781.31,781.09,781.09,-0.03,537.42,406509.72,-1
2025-01-07,2025-01-07 12:40:00,781.09,781.09,780.87,780.87,-0.03,537.42,406509.72,-1
2025-01-07,2025-01-07 12:41:00,780.87,780.87,780.65,780.65,-0.03,537.42,406509.72,-1
2025-01-07,2025-01-07 12:42:00,780.65,780.65,780.43,780.43,-0.03,537.42,406509.72,-1
2025-01-07,2025-01-07 12:43:00,780.43,780.43,780.2,780.2,-0.03,537.42,406509.72,-1
2025-01-07,2025-01-07 12:44:00,780.2,780.2,779.98,779.98,-0.03,537.42,406509.72,-1
2025-01-07,2025-01-07 12:45:00,779.98,779.98,779.76,779.76,-0.03,537.42,406509.72,-1
2025-01-07,2025-01-07 12:46:00,779.76,779.76,779.54,779.54,-0.03,537.42,406509.72,-1
2025-01-07,2025-01-07 12:47:00,779.54,779.54,779.31,779.31,-0.03,537.42,406509.72,-1
2025-01-07,2025-01-07 12:48:00,779.31,779.31,779.09,779.09,-0.03,537.42,406509.72,-1
2025-01-07,2025-01-07 12:49:00,779.09,779.09,778.87,778.87,-0.03,537.42,406509.72,-1
2025-01-07,2025-01-07 12:50:00,778.87,778.87,778.65,778.65,-0.03,537.42,406509.72,-1
2025-01-07,2025-01-07 12:51:00,778.65,778.65,778.43,778.43,-0.03,537.42,406509.72,-1
2025-01-07,2025-01-07 12:52:00,778.43,778.43,778.2,778.2,-0.03,537.42,406509.72,-1
2025-01-07,2025-01-07 12:53:00,778.2,778.2,777.98,777.98,-0.03,537.42,406509.72,-1
2025-01-07,2025-01-07 12:54:00,777.98,777.98,777.76,777.76,-0.03,537.42,406509.72,-1
2025-01-07,2025-01-07 12:55:00,777.76,777.76,777.54,777.54,-0.03,537.42,406509.72,-1
2025-01-07,2025-01-07 12:56:00,777.54,777.54,777.32,777.32,-0.03,537.42,406509.72,-1
2025-01-07,2025-01-07 12:57:00,777.32,777.32,777.09,777.09,-0.03,537.42,406509.72,-1
2025-01-07,2025-01-07 12:58:00,777.09,777.09,776.87,776.87,-0.03,537.42,406509.72,-1
2025-01-07,2025-01-07 12:59:00,776.87,776.87,776.65,776.65,-0.03,537.42,406509.72,-1
2025-01-07,2025-01-07 13:00:00,776.65,803.3,738.0,776.43,-0.03,537.42,406509.72,-1
2025-01-07,2025-01-07 13:01:00,776.43,776.43,776.21,776.21,-0.03,537.42,406509.72,-1
2025-01-07,2025-01-07 13:02:00,776.21,776.21,775.98,775.98,-0.03,537.42,406509.72,-1
2025-01-07,2025-01-07 13:03:00,775.98,775.98,775.76,775.76,-0.03,537.42,406509.72,-1
2025-01-07,2025-01-07 13:04:00,775.76,775.76,775.54,775.54,-0.03,537.42,406509.72,-1
2025-01-07,2025-01-07 13:05:00,775.54,775.54,775.32,775.32,-0.03,537.42,406509.72,-1
2025-01-07,2025-01-07 13:06:00,775.32,775.32,775.1,775.1,-0.03,537.42,406509.72,-1
2025-01-07,2025-01-07 13:07:00,775.1,775.1,774.87,774.87,-0.03,537.42,406509.72,-1
2025-01-07,2025-01-07 13:08:00,774.87,774.87,774.65,774.65,-0.03,537.42,406509.72,-1
2025-01-07,2025-01-07 13:09:00,774.65,774.65,774.43,774.43,-0.03,537.42,406509.72,-1
2025-01-07,2025-01-07 13:10:00,774.43,774.43,774.21,774.21,-0.03,537.42,406509.72,-1
2025-01-07,2025-01-07 13:11:00,774.21,774.21,773.99,773.99,-0.03,537.42,406509.72,-1
2025-01-07,2025-01-07 13:12:00,773.99,773.99,773.76,773.76,-0.03,537.42,406509.72,-1
2025-01-07,2025-01-07 13:13:00,773.76,773.76,773.54,773.54,-0.03,537.42,406509.72,-1
2025-01-07,2025-01-07 13:14:00,773.54,773.54,773.32,773.32,-0.03,537.42,406509.72,-1
2025-01-07,2025-01-07 13:15:00,773.32,773.32,773.1,773.1,-0.03,537.42,406509.72,-1
2025-01-07,2025-01-07 13:16:00,773.1,773.1,772.87,772.87,-0.03,537.42,406509.72,-1
2025-01-07,2025-01-07 13:17:00,772.87,772.87,772.65,772.65,-0.03,537.42,406509.72,-1
2025-01-07,2025-01-07 13:18:00,772.65,772.65,772.43,772.43,-0.03,537.42,406509.72,-1
2025-01-07,2025-01-07 13:19:00,772.43,772.43,772.21,772.21,-0.03,537.42,406509.72,-1
2025-01-07,2025-01-07 13:20:00,772.21,772.21,771.99,771.99,-0.03,537.42,406509.72,-1
2025-01-07,2025-01-07 13:21:00,771.99,771.99,771.76,771.76,-0.03,537.42,406509.72,-1
2025-01-07,2025-01-07 13:22:00,771.76,771.76,771.54,771.54,-0.03,537.42,406509.72,-1
2025-01-07,2025-01-07 13:23:00,771.54,771.54,771.32,771.32,-0.03,537.42,406509.72,-1
2025-01-07,2025-01-07 13:24:00,771.32,771.32,771.1,771.1,-0.03,537.42,406509.72,-1
2025-01-07,2025-01-07 13:25:00,771.1,771.1,770.88,770.88,-0.03,537.42,406509.72,-1
2025-01-07,2025-01-07 13:26:00,770.88,770.88,770.65,770.65,-0.03,537.42,406509.72,-1
2025-01-07,2025-01-07 13:27:00,770.65,770.65,770.43,770.43,-0.03,537.42,406509.72,-1
2025-01-07,2025-01-07 13:28:00,770.43,770.43,770.21,770.21,-0.03,537.42,406509.72,-1
2025-01-07,2025-01-07 13:29:00,770.21,770.21,769.99,769.99,-0.03,537.42,406509.72,-1
2025-01-07,2025-01-07 13:30:00,769.99,769.99,769.77,769.77,-0.03,537.42,406509.72,-1
2025-01-07,2025-01-07 13:31:00,769.77,769.77,769.54,769.54,-0.03,537.42,406509.72,-1
2025-01-07,2025-01-07 13:32:00,769.54,769.54,769.32,769.32,-0.03,537.42,406509.72,-1
2025-01-07,2025-01-07 13:33:00,769.32,769.32,769.1,769.1,-0.03,537.42,406509.72,-1
2025-01-07,2025-01-07 13:34:00,769.1,769.1,768.88,768.88,-0.03,537.42,406509.72,-1
2025-01-07,2025-01-07 13:35:00,768.88,768.88,768.65,768.65,-0.03,537.42,406509.72,-1
2025-01-07,2025-01-07 13:36:00,768.65,768.65,768.43,768.43,-0.03,537.42,406509.72,-1
2025-01-07,2025-01-07 13:37:00,768.43,768.43,768.21,768.21,-0.03,537.42,406509.72,-1
2025-01-07,2025-01-07 13:38:00,768.21,768.21,767.99,767.99,-0.03,537.42,406509.72,-1
2025-01-07,2025-01-07 13:39:00,767.99,767.99,767.77,767.77,-0.03,537.42,406509.72,-1
2025-01-07,2025-01-07 13:40:00,767.77,767.77,767.54,767.54,-0.03,537.42,406509.72,-1
2025-01-07,2025-01-07 13:41:00,767.54,767.54,767.32,767.32,-0.03,537.42,406509.72,-1
2025-01-07,2025-01-07 13:42:00,767.32,767.32,767.1,767.1,-0.03,537.42,406509.72,-1
2025-01-07,2025-01-07 13:43:00,767.1,767.1,766.88,766.88,-0.03,537.42,406509.72,-1
2025-01-07,2025-01-07 13:44:00,766.88,766.88,766.66,766.66,-0.03,537.42,406509.72,-1
2025-01-07,2025-01-07 13:45:00,766.66,766.66,766.43,766.43,-0.03,537.42,406509.72,-1
2025-01-07,2025-01-07 13:46:00,766.43,766.43,766.21,766.21,-0.03,537.42,406509.72,-1
2025-01-07,2025-01-07 13:47:00,766.21,766.21,765.99,765.99,-0.03,537.42,406509.72,-1
2025-01-07,2025-01-07 13:48:00,765.99,765.99,765.77,765.77,-0.03,537.42,406509.72,-1
2025-01-07,2025-01-07 13:49:00,765.77,765.77,765.55,765.55,-0.03,537.42,406509.72,-1
2025-01-07,2025-01-07 13:50:00,765.55,765.55,765.32,765.32,-0.03,537.42,406509.72,-1
2025-01-07,2025-01-07 13:51:00,765.32,765.32,765.1,765.1,-0.03,537.42,406509.72,-1
2025-01-07,2025-01-07 13:52:00,765.1,765.1,764.88,764.88,-0.03,537.42,406509.72,-1
2025-01-07,2025-01-07 13:53:00,764.88,764.88,764.66,764.66,-0.03,537.42,406509.72,-1
2025-01-07,2025-01-07 13:54:00,764.66,764.66,764.44,764.44,-0.03,537.42,406509.72,-1
2025-01-07,2025-01-07 13:55:00,764.44,764.44,764.21,764.21,-0.03,537.42,406509.72,-1
2025-01-07,2025-01-07 13:56:00,764.21,764.21,763.99,763.99,-0.03,537.42,406509.72,-1
2025-01-07,2025-01-07 13:57:00,763.99,763.99,763.77,763.77,-0.03,537.42,406509.72,-1
2025-01-07,2025-01-07 13:58:00,763.77,763.77,763.55,763.55,-0.03,537.42,406509.72,-1
2025-01-07,2025-01-07 13:59:00,763.55,763.55,763.33,763.33,-0.03,537.42,406509.72,-1
2025-01-07,2025-01-07 14:00:00,763.33,763.33,763.1,763.1,-0.03,537.42,406509.72,-1
2025-01-07,2025-01-07 14:01:00,763.1,763.1,762.88,762.88,-0.03,537.42,406509.72,-1
2025-01-07,2025-01-07 14:02:00,762.88,762.88,762.66,762.66,-0.03,537.42,406509.72,-1
2025-01-07,2025-01-07 14:03:00,762.66,762.66,762.44,762.44,-0.03,537.42,406509.72,-1
2025-01-07,2025-01-07 14:04:00,762.44,762.44,762.21,762.21,-0.03,537.42,406509.72,-1
2025-01-07,2025-01-07 14:05:00,762.21,762.21,761.99,761.99,-0.03,537.42,406509.72,-1
2025-01-07,2025-01-07 14:06:00,761.99,761.99,761.77,761.77,-0.03,537.42,406509.72,-1
2025-01-07,2025-01-07 14:07:00,761.77,761.77,761.55,761.55,-0.03,537.42,406509.72,-1
2025-01-07,2025-01-07 14:08:00,761.55,761.55,761.33,761.33,-0.03,537.42,406509.72,-1
2025-01-07,2025-01-07 14:09:00,761.33,761.33,761.1,761.1,-0.03,537.42,406509.72,-1
2025-01-07,2025-01-07 14:10:00,761.1,761.1,760.88,760.88,-0.03,537.42,406509.72,-1
2025-01-07,2025-01-07 14:11:00,760.88,760.88,760.66,760.66,-0.03,537.42,406509.72,-1
2025-01-07,2025-01-07 14:12:00,760.66,760.66,760.44,760.44,-0.03,537.42,406509.72,-1
2025-01-07,2025-01-07 14:13:00,760.44,760.44,760.22,760.22,-0.03,537.42,406509.72,-1
2025-01-07,2025-01-07 14:14:00,760.22,760.22,759.99,759.99,-0.03,537.42,406509.72,-1
2025-01-07,2025-01-07 14:15:00,759.99,759.99,759.77,759.77,-0.03,537.42,406509.72,-1
2025-01-07,2025-01-07 14:16:00,759.77,759.77,759.55,759.55,-0.03,537.42,406509.72,-1
2025-01-07,2025-01-07 14:17:00,759.55,759.55,759.33,759.33,-0.03,537.42,406509.72,-1
2025-01-07,2025-01-07 14:18:00,759.33,759.33,759.11,759.11,-0.03,537.42,406509.72,-1
2025-01-07,2025-01-07 14:19:00,759.11,759.11,758.88,758.88,-0.03,537.42,406509.72,-1
2025-01-07,2025-01-07 14:20:00,758.88,758.88,758.66,758.66,-0.03,537.42,406509.72,-1
2025-01-07,2025-01-07 14:21:00,758.66,758.66,758.44,758.44,-0.03,537.42,406509.72,-1
2025-01-07,2025-01-07 14:22:00,758.44,758.44,758.22,758.22,-0.03,537.42,406509.72,-1
2025-01-07,2025-01-07 14:23:00,758.22,758.22,758.0,758.0,-0.03,537.42,406509.72,-1
2025-01-07,2025-01-07 14:24:00,758.0,758.0,757.77,757.77,-0.03,537.42,406509.72,-1
2025-01-07,2025-01-07 14:25:00,757.77,757.77,757.55,757.55,-0.03,537.42,406509.72,-1
2025-01-07,2025-01-07 14:26:00,757.55,757.55,757.33,757.33,-0.03,537.42,406509.72,-1
2025-01-07,2025-01-07 14:27:00,757.33,757.33,757.11,757.11,-0.03,537.42,406509.72,-1
2025-01-07,2025-01-07 14:28:00,757.11,757.11,756.88,756.88,-0.03,537.42,406509.72,-1
2025-01-07,2025-01-07 14:29:00,756.88,756.88,756.66,756.66,-0.03,537.42,406509.72,-1
2025-01-07,2025-01-07 14:30:00,756.66,756.66,756.44,756.44,-0.03,537.42,406509.72,-1
2025-01-07,2025-01-07 14:31:00,756.44,756.44,756.22,756.22,-0.03,537.42,406509.72,-1
2025-01-07,2025-01-07 14:32:00,756.22,756.22,756.0,756.0,-0.03,537.42,406509.72,-1
2025-01-07,2025-01-07 14:33:00,756.0,756.0,755.77,755.77,-0.03,537.42,406509.72,-1
2025-01-07,2025-01-07 14:34:00,755.77,755.77,755.55,755.55,-0.03,537.42,406509.72,-1
2025-01-07,2025-01-07 14:35:00,755.55,755.55,755.33,755.33,-0.03,537.42,406509.72,-1
2025-01-07,2025-01-07 14:36:00,755.33,755.33,755.11,755.11,-0.03,537.42,406509.72,-1
2025-01-07,2025-01-07 14:37:00,755.11,755.11,754.89,754.89,-0.03,537.42,406509.72,-1
2025-01-07,2025-01-07 14:38:00,754.89,754.89,754.66,754.66,-0.03,537.42,406509.72,-1
2025-01-07,2025-01-07 14:39:00,754.66,754.66,754.44,754.44,-0.03,537.42,406509.72,-1
2025-01-07,2025-01-07 14:40:00,754.44,754.44,754.22,754.22,-0.03,537.42,406509.72,-1
2025-01-07,2025-01-07 14:41:00,754.22,754.22,754.0,754.0,-0.03,537.42,406509.72,-1
2025-01-07,2025-01-07 14:42:00,754.0,754.0,753.78,753.78,-0.03,537.42,406509.72,-1
2025-01-07,2025-01-07 14:43:00,753.78,753.78,753.55,753.55,-0.03,537.42,406509.72,-1
2025-01-07,2025-01-07 14:44:00,753.55,753.55,753.33,753.33,-0.03,537.42,406509.72,-1
2025-01-07,2025-01-07 14:45:00,753.33,753.33,753.11,753.11,-0.03,537.42,406509.72,-1
2025-01-07,2025-01-07 14:46:00,753.11,753.11,752.89,752.89,-0.03,537.42,406509.72,-1
2025-01-07,2025-01-07 14:47:00,752.89,752.89,752.66,752.66,-0.03,537.42,406509.72,-1
2025-01-07,2025-01-07 14:48:00,752.66,752.66,752.44,752.44,-0.03,537.42,406509.72,-1
2025-01-07,2025-01-07 14:49:00,752.44,752.44,752.22,752.22,-0.03,537.42,406509.72,-1
2025-01-07,2025-01-07 14:50:00,752.22,752.22,752.0,752.0,-0.03,537.42,406509.72,-1
2025-01-07,2025-01-07 14:51:00,752.0,752.0,751.78,751.78,-0.03,537.42,406509.72,-1
2025-01-07,2025-01-07 14:52:00,751.78,751.78,751.55,751.55,-0.03,537.42,406509.72,-1
2025-01-07,2025-01-07 14:53:00,751.55,751.55,751.33,751.33,-0.03,537.42,406509.72,-1
2025-01-07,2025-01-07 14:54:00,751.33,751.33,751.11,751.11,-0.03,537.42,406509.72,-1
2025-01-07,2025-01-07 14:55:00,751.11,751.11,750.89,750.89,-0.03,537.42,406509.72,-1
2025-01-07,2025-01-07 14:56:00,750.89,750.89,750.67,750.67,-0.03,537.42,406509.72,-1
2025-01-07,2025-01-07 14:57:00,750.67,750.67,750.44,750.44,-0.03,537.42,406509.72,-1
2025-01-07,2025-01-07 14:58:00,750.44,750.44,750.22,750.22,-0.03,537.42,406509.72,-1
2025-01-07,2025-01-07 14:59:00,750.22,750.22,750.0,750.0,-0.03,537.42,406509.72,-1
2025-01-07,2025-01-07 15:00:00,750.0,803.3,738.0,750.0,0.0,537.42,406509.72,0
2025-01-08,2025-01-08 11:00:00,760.0,761.5,749.23,759.9,-0.01,184.34,135610.63,-1
2025-01-08,2025-01-08 11:01:00,759.9,759.9,759.81,759.81,-0.01,184.34,135610.63,-1
2025-01-08,2025-01-08 11:02:00,759.81,759.81,759.71,759.71,-0.01,184.34,135610.63,-1
2025-01-08,2025-01-08 11:03:00,759.71,759.71,759.62,759.62,-0.01,184.34,135610.63,-1
2025-01-08,2025-01-08 11:04:00,759.62,759.62,759.52,759.52,-0.01,184.34,135610.63,-1
2025-01-08,2025-01-08 11:05:00,759.52,759.52,759.42,759.42,-0.01,184.34,135610.63,-1
2025-01-08,2025-01-08 11:06:00,759.42,759.42,759.33,759.33,-0.01,184.34,135610.63,-1
2025-01-08,2025-01-08 11:07:00,759.33,759.33,759.23,759.23,-0.01,184.34,135610.63,-1
2025-01-08,2025-01-08 11:08:00,759.23,759.23,759.14,759.14,-0.01,184.34,135610.63,-1
2025-01-08,2025-01-08 11:09:00,759.14,759.14,759.04,759.04,-0.01,184.34,135610.63,-1
2025-01-08,2025-01-08 11:10:00,759.04,759.04,758.95,758.95,-0.01,184.34,135610.63,-1
2025-01-08,2025-01-08 11:11:00,758.95,758.95,758.85,758.85,-0.01,184.34,135610.63,-1
2025-01-08,2025-01-08 11:12:00,758.85,758.85,758.75,758.75,-0.01,184.34,135610.63,-1
2025-01-08,2025-01-08 11:13:00,758.75,758.75,758.66,758.66,-0.01,184.34,135610.63,-1
2025-01-08,2025-01-08 11:14:00,758.66,758.66,758.56,758.56,-0.01,184.34,135610.63,-1
2025-01-08,2025-01-08 11:15:00,758.56,758.56,758.47,758.47,-0.01,184.34,135610.63,-1
2025-01-08,2025-01-08 11:16:00,758.47,758.47,758.37,758.37,-0.01,184.34,135610.63,-1
2025-01-08,2025-01-08 11:17:00,758.37,758.37,758.27,758.27,-0.01,184.34,135610.63,-1
2025-01-08,2025-01-08 11:18:00,758.27,758.27,758.18,758.18,-0.01,184.34,135610.63,-1
2025-01-08,2025-01-08 11:19:00,758.18,758.18,758.08,758.08,-0.01,184.34,135610.63,-1
2025-01-08,2025-01-08 11:20:00,758.08,758.08,757.99,757.99,-0.01,184.34,135610.63,-1
2025-01-08,2025-01-08 11:21:00,757.99,757.99,757.89,757.89,-0.01,184.34,135610.63,-1
2025-01-08,2025-01-08 11:22:00,757.89,757.89,757.8,757.8,-0.01,184.34,135610.63,-1
2025-01-08,2025-01-08 11:23:00,757.8,757.8,757.7,757.7,-0.01,184.34,135610.63,-1
2025-01-08,2025-01-08 11:24:00,757.7,757.7,757.6,757.6,-0.01,184.34,135610.63,-1
2025-01-08,2025-01-08 11:25:00,757.6,757.6,757.51,757.51,-0.01,184.34,135610.63,-1
2025-01-08,2025-01-08 11:26:00,757.51,757.51,757.41,757.41,-0.01,184.34,135610.63,-1
2025-01-08,2025-01-08 11:27:00,757.41,757.41,757.32,757.32,-0.01,184.34,135610.63,-1
2025-01-08,2025-01-08 11:28:00,757.32,757.32,757.22,757.22,-0.01,184.34,135610.63,-1
2025-01-08,2025-01-08 11:29:00,757.22,757.22,757.12,757.12,-0.01,184.34,135610.63,-1
2025-01-08,2025-01-08 11:30:00,757.12,757.12,757.03,757.03,-0.01,184.34,135610.63,-1
2025-01-08,2025-01-08 11:31:00,757.03,757.03,756.93,756.93,-0.01,184.34,135610.63,-1
2025-01-08,2025-01-08 11:32:00,756.93,756.93,756.84,756.84,-0.01,184.34,135610.63,-1
2025-01-08,2025-01-08 11:33:00,756.84,756.84,756.74,756.74,-0.01,184.34,135610.63,-1
2025-01-08,2025-01-08 11:34:00,756.74,756.74,756.65,756.65,-0.01,184.34,135610.63,-1
2025-01-08,2025-01-08 11:35:00,756.65,756.65,756.55,756.55,-0.01,184.34,135610.63,-1
2025-01-08,2025-01-08 11:36:00,756.55,756.55,756.45,756.45,-0.01,184.34,135610.63,-1
2025-01-08,2025-01-08 11:37:00,756.45,756.45,756.36,756.36,-0.01,184.34,135610.63,-1
2025-01-08,2025-01-08 11:38:00,756.36,756.36,756.26,756.26,-0.01,184.34,135610.63,-1
2025-01-08,2025-01-08 11:39:00,756.26,756.26,756.17,756.17,-0.01,184.34,135610.63,-1
2025-01-08,2025-01-08 11:40:00,756.17,756.17,756.07,756.07,-0.01,184.34,135610.63,-1
2025-01-08,2025-01-08 11:41:00,756.07,756.07,755.98,755.98,-0.01,184.34,135610.63,-1
2025-01-08,2025-01-08 11:42:00,755.98,755.98,755.88,755.88,-0.01,184.34,135610.63,-1
2025-01-08,2025-01-08 11:43:00,755.88,755.88,755.78,755.78,-0.01,184.34,135610.63,-1
2025-01-08,2025-01-08 11:44:00,755.78,755.78,755.69,755.69,-0.01,184.34,135610.63,-1
2025-01-08,2025-01-08 11:45:00,755.69,755.69,755.59,755.59,-0.01,184.34,135610.63,-1
2025-01-08,2025-01-08 11:46:00,755.59,755.59,755.5,755.5,-0.01,184.34,135610.63,-1
2025-01-08,2025-01-08 11:47:00,755.5,755.5,755.4,755.4,-0.01,184.34,135610.63,-1
2025-01-08,2025-01-08 11:48:00,755.4,755.4,755.3,755.3,-0.01,184.34,135610.63,-1
2025-01-08,2025-01-08 11:49:00,755.3,755.3,755.21,755.21,-0.01,184.34,135610.63,-1
2025-01-08,2025-01-08 11:50:00,755.21,755.21,755.11,755.11,-0.01,184.34,135610.63,-1
2025-01-08,2025-01-08 11:51:00,755.11,755.11,755.02,755.02,-0.01,184.34,135610.63,-1
2025-01-08,2025-01-08 11:52:00,755.02,755.02,754.92,754.92,-0.01,184.34,135610.63,-1
2025-01-08,2025-01-08 11:53:00,754.92,754.92,754.83,754.83,-0.01,184.34,135610.63,-1
2025-01-08,2025-01-08 11:54:00,754.83,754.83,754.73,754.73,-0.01,184.34,135610.63,-1
2025-01-08,2025-01-08 11:55:00,754.73,754.73,754.63,754.63,-0.01,184.34,135610.63,-1
2025-01-08,2025-01-08 11:56:00,754.63,754.63,754.54,754.54,-0.01,184.34,135610.63,-1
2025-01-08,2025-01-08 11:57:00,754.54,754.54,754.44,754.44,-0.01,184.34,135610.63,-1
2025-01-08,2025-01-08 11:58:00,754.44,754.44,754.35,754.35,-0.01,184.34,135610.63,-1
2025-01-08,2025-01-08 11:59:00,754.35,754.35,754.25,754.25,-0.01,184.34,135610.63,-1
2025-01-08,2025-01-08 12:00:00,754.25,754.25,754.15,754.15,-0.01,184.34,135610.63,-1
2025-01-08,2025-01-08 12:01:00,754.15,754.15,754.06,754.06,-0.01,184.34,135610.63,-1
2025-01-08,2025-01-08 12:02:00,754.06,754.06,753.96,753.96,-0.01,184.34,135610.63,-1
2025-01-08,2025-01-08 12:03:00,753.96,753.96,753.87,753.87,-0.01,184.34,135610.63,-1
2025-01-08,2025-01-08 12:04:00,753.87,753.87,753.77,753.77,-0.01,184.34,135610.63,-1
2025-01-08,2025-01-08 12:05:00,753.77,753.77,753.67,753.67,-0.01,184.34,135610.63,-1
2025-01-08,2025-01-08 12:06:00,753.67,753.67,753.58,753.58,-0.01,184.34,135610.63,-1
2025-01-08,2025-01-08 12:07:00,753.58,753.58,753.48,753.48,-0.01,184.34,135610.63,-1
2025-01-08,2025-01-08 12:08:00,753.48,753.48,753.39,753.39,-0.01,184.34,135610.63,-1
2025-01-08,2025-01-08 12:09:00,753.39,753.39,753.29,753.29,-0.01,184.34,135610.63,-1
2025-01-08,2025-01-08 12:10:00,753.29,753.29,753.2,753.2,-0.01,184.34,135610.63,-1
2025-01-08,2025-01-08 12:11:00,753.2,753.2,753.1,753.1,-0.01,184.34,135610.63,-1
2025-01-08,2025-01-08 12:12:00,753.1,753.1,753.0,753.0,-0.01,184.34,135610.63,-1
2025-01-08,2025-01-08 12:13:00,753.0,753.0,752.91,752.91,-0.01,184.34,135610.63,-1
2025-01-08,2025-01-08 12:14:00,752.91,752.91,752.81,752.81,-0.01,184.34,135610.63,-1
2025-01-08,2025-01-08 12:15:00,752.81,752.81,752.72,752.72,-0.01,184.34,135610.63,-1
2025-01-08,2025-01-08 12:16:00,752.72,752.72,752.62,752.62,-0.01,184.34,135610.63,-1
2025-01-08,2025-01-08 12:17:00,752.62,752.62,752.52,752.52,-0.01,184.34,135610.63,-1
2025-01-08,2025-01-08 12:18:00,752.52,752.52,752.43,752.43,-0.01,184.34,135610.63,-1
2025-01-08,2025-01-08 12:19:00,752.43,752.43,752.33,752.33,-0.01,184.34,135610.63,-1
2025-01-08,2025-01-08 12:20:00,752.33,752.33,752.24,752.24,-0.01,184.34,135610.63,-1
2025-01-08,2025-01-08 12:21:00,752.24,752.24,752.14,752.14,-0.01,184.34,135610.63,-1
2025-01-08,2025-01-08 12:22:00,752.14,752.14,752.05,752.05,-0.01,184.34,135610.63,-1
2025-01-08,2025-01-08 12:23:00,752.05,752.05,751.95,751.95,-0.01,184.34,135610.63,-1
2025-01-08,2025-01-08 12:24:00,751.95,751.95,751.85,751.85,-0.01,184.34,135610.63,-1
2025-01-08,2025-01-08 12:25:00,751.85,751.85,751.76,751.76,-0.01,184.34,135610.63,-1
2025-01-08,2025-01-08 12:26:00,751.76,751.76,751.66,751.66,-0.01,184.34,135610.63,-1
2025-01-08,2025-01-08 12:27:00,751.66,751.66,751.57,751.57,-0.01,184.34,135610.63,-1
2025-01-08,2025-01-08 12:28:00,751.57,751.57,751.47,751.47,-0.01,184.34,135610.63,-1
2025-01-08,2025-01-08 12:29:00,751.47,751.47,751.38,751.38,-0.01,184.34,135610.63,-1
2025-01-08,2025-01-08 12:30:00,751.38,751.38,751.28,751.28,-0.01,184.34,135610.63,-1
2025-01-08,2025-01-08 12:31:00,751.28,751.28,751.18,751.18,-0.01,184.34,135610.63,-1
2025-01-08,2025-01-08 12:32:00,751.18,751.18,751.09,751.09,-0.01,184.34,135610.63,-1
2025-01-08,2025-01-08 12:33:00,751.09,751.09,750.99,750.99,-0.01,184.34,135610.63,-1
2025-01-08,2025-01-08 12:34:00,750.99,750.99,750.9,750.9,-0.01,184.34,135610.63,-1
2025-01-08,2025-01-08 12:35:00,750.9,750.9,750.8,750.8,-0.01,184.34,135610.63,-1
2025-01-08,2025-01-08 12:36:00,750.8,750.8,750.7,750.7,-0.01,184.34,135610.63,-1
2025-01-08,2025-01-08 12:37:00,750.7,750.7,750.61,750.61,-0.01,184.34,135610.63,-1
2025-01-08,2025-01-08 12:38:00,750.61,750.61,750.51,750.51,-0.01,184.34,135610.63,-1
2025-01-08,2025-01-08 12:39:00,750.51,750.51,750.42,750.42,-0.01,184.34,135610.63,-1
2025-01-08,2025-01-08 12:40:00,750.42,750.42,750.32,750.32,-0.01,184.34,135610.63,-1
2025-01-08,2025-01-08 12:41:00,750.32,750.32,750.23,750.23,-0.01,184.34,135610.63,-1
2025-01-08,2025-01-08 12:42:00,750.23,750.23,750.13,750.13,-0.01,184.34,135610.63,-1
2025-01-08,2025-01-08 12:43:00,750.13,750.13,750.03,750.03,-0.01,184.34,135610.63,-1
2025-01-08,2025-01-08 12:44:00,750.03,750.03,749.94,749.94,-0.01,184.34,135610.63,-1
2025-01-08,2025-01-08 12:45:00,749.94,749.94,749.84,749.84,-0.01,184.34,135610.63,-1
2025-01-08,2025-01-08 12:46:00,749.84,749.84,749.75,749.75,-0.01,184.34,135610.63,-1
2025-01-08,2025-01-08 12:47:00,749.75,749.75,749.65,749.65,-0.01,184.34,135610.63,-1
2025-01-08,2025-01-08 12:48:00,749.65,749.65,749.55,749.55,-0.01,184.34,135610.63,-1
2025-01-08,2025-01-08 12:49:00,749.55,749.55,749.46,749.46,-0.01,184.34,135610.63,-1
2025-01-08,2025-01-08 12:50:00,749.46,749.46,749.36,749.36,-0.01,184.34,135610.63,-1
2025-01-08,2025-01-08 12:51:00,749.36,749.36,749.27,749.27,-0.01,184.34,135610.63,-1
2025-01-08,2025-01-08 12:52:00,749.27,749.27,749.17,749.17,-0.01,184.34,135610.63,-1
2025-01-08,2025-01-08 12:53:00,749.17,749.17,749.08,749.08,-0.01,184.34,135610.63,-1
2025-01-08,2025-01-08 12:54:00,749.08,749.08,748.98,748.98,-0.01,184.34,135610.63,-1
2025-01-08,2025-01-08 12:55:00,748.98,748.98,748.88,748.88,-0.01,184.34,135610.63,-1
2025-01-08,2025-01-08 12:56:00,748.88,748.88,748.79,748.79,-0.01,184.34,135610.63,-1
2025-01-08,2025-01-08 12:57:00,748.79,748.79,748.69,748.69,-0.01,184.34,135610.63,-1
2025-01-08,2025-01-08 12:58:00,748.69,748.69,748.6,748.6,-0.01,184.34,135610.63,-1
2025-01-08,2025-01-08 12:59:00,748.6,748.6,748.5,748.5,-0.01,184.34,135610.63,-1
2025-01-08,2025-01-08 13:00:00,748.5,765.0,724.1,748.4,-0.01,184.34,135610.63,-1
2025-01-08,2025-01-08 13:01:00,748.4,748.4,748.31,748.31,-0.01,184.34,135610.63,-1
2025-01-08,2025-01-08 13:02:00,748.31,748.31,748.21,748.21,-0.01,184.34,135610.63,-1
2025-01-08,2025-01-08 13:03:00,748.21,748.21,748.12,748.12,-0.01,184.34,135610.63,-1
2025-01-08,2025-01-08 13:04:00,748.12,748.12,748.02,748.02,-0.01,184.34,135610.63,-1
2025-01-08,2025-01-08 13:05:00,748.02,748.02,747.92,747.92,-0.01,184.34,135610.63,-1
2025-01-08,2025-01-08 13:06:00,747.92,747.92,747.83,747.83,-0.01,184.34,135610.63,-1
2025-01-08,2025-01-08 13:07:00,747.83,747.83,747.73,747.73,-0.01,184.34,135610.63,-1
2025-01-08,2025-01-08 13:08:00,747.73,747.73,747.64,747.64,-0.01,184.34,135610.63,-1
2025-01-08,2025-01-08 13:09:00,747.64,747.64,747.54,747.54,-0.01,184.34,135610.63,-1
2025-01-08,2025-01-08 13:10:00,747.54,747.54,747.45,747.45,-0.01,184.34,135610.63,-1
2025-01-08,2025-01-08 13:11:00,747.45,747.45,747.35,747.35,-0.01,184.34,135610.63,-1
2025-01-08,2025-01-08 13:12:00,747.35,747.35,747.25,747.25,-0.01,184.34,135610.63,-1
2025-01-08,2025-01-08 13:13:00,747.25,747.25,747.16,747.16,-0.01,184.34,135610.63,-1
2025-01-08,2025-01-08 13:14:00,747.16,747.16,747.06,747.06,-0.01,184.34,135610.63,-1
2025-01-08,2025-01-08 13:15:00,747.06,747.06,746.97,746.97,-0.01,184.34,135610.63,-1
2025-01-08,2025-01-08 13:16:00,746.97,746.97,746.87,746.87,-0.01,184.34,135610.63,-1
2025-01-08,2025-01-08 13:17:00,746.87,746.87,746.77,746.77,-0.01,184.34,135610.63,-1
2025-01-08,2025-01-08 13:18:00,746.77,746.77,746.68,746.68,-0.01,184.34,135610.63,-1
2025-01-08,2025-01-08 13:19:00,746.68,746.68,746.58,746.58,-0.01,184.34,135610.63,-1
2025-01-08,2025-01-08 13:20:00,746.58,746.58,746.49,746.49,-0.01,184.34,135610.63,-1
2025-01-08,2025-01-08 13:21:00,746.49,746.49,746.39,746.39,-0.01,184.34,135610.63,-1
2025-01-08,2025-01-08 13:22:00,746.39,746.39,746.3,746.3,-0.01,184.34,135610.63,-1
2025-01-08,2025-01-08 13:23:00,746.3,746.3,746.2,746.2,-0.01,184.34,135610.63,-1
2025-01-08,2025-01-08 13:24:00,746.2,746.2,746.1,746.1,-0.01,184.34,135610.63,-1
2025-01-08,2025-01-08 13:25:00,746.1,746.1,746.01,746.01,-0.01,184.34,135610.63,-1
2025-01-08,2025-01-08 13:26:00,746.01,746.01,745.91,745.91,-0.01,184.34,135610.63,-1
2025-01-08,2025-01-08 13:27:00,745.91,745.91,745.82,745.82,-0.01,184.34,135610.63,-1
2025-01-08,2025-01-08 13:28:00,745.82,745.82,745.72,745.72,-0.01,184.34,135610.63,-1
2025-01-08,2025-01-08 13:29:00,745.72,745.72,745.62,745.62,-0.01,184.34,135610.63,-1
2025-01-08,2025-01-08 13:30:00,745.62,745.62,745.53,745.53,-0.01,184.34,135610.63,-1
2025-01-08,2025-01-08 13:31:00,745.53,745.53,745.43,745.43,-0.01,184.34,135610.63,-1
2025-01-08,2025-01-08 13:32:00,745.43,745.43,745.34,745.34,-0.01,184.34,135610.63,-1
2025-01-08,2025-01-08 13:33:00,745.34,745.34,745.24,745.24,-0.01,184.34,135610.63,-1
2025-01-08,2025-01-08 13:34:00,745.24,745.24,745.15,745.15,-0.01,184.34,135610.63,-1
2025-01-08,2025-01-08 13:35:00,745.15,745.15,745.05,745.05,-0.01,184.34,135610.63,-1
2025-01-08,2025-01-08 13:36:00,745.05,745.05,744.95,744.95,-0.01,184.34,135610.63,-1
2025-01-08,2025-01-08 13:37:00,744.95,744.95,744.86,744.86,-0.01,184.34,135610.63,-1
2025-01-08,2025-01-08 13:38:00,744.86,744.86,744.76,744.76,-0.01,184.34,135610.63,-1
2025-01-08,2025-01-08 13:39:00,744.76,744.76,744.67,744.67,-0.01,184.34,135610.63,-1
2025-01-08,2025-01-08 13:40:00,744.67,744.67,744.57,744.57,-0.01,184.34,135610.63,-1
2025-01-08,2025-01-08 13:41:00,744.57,744.57,744.48,744.48,-0.01,184.34,135610.63,-1
2025-01-08,2025-01-08 13:42:00,744.48,744.48,744.38,744.38,-0.01,184.34,135610.63,-1
2025-01-08,2025-01-08 13:43:00,744.38,744.38,744.28,744.28,-0.01,184.34,135610.63,-1
2025-01-08,2025-01-08 13:44:00,744.28,744.28,744.19,744.19,-0.01,184.34,135610.63,-1
2025-01-08,2025-01-08 13:45:00,744.19,744.19,744.09,744.09,-0.01,184.34,135610.63,-1
2025-01-08,2025-01-08 13:46:00,744.09,744.09,744.0,744.0,-0.01,184.34,135610.63,-1
2025-01-08,2025-01-08 13:47:00,744.0,744.0,743.9,743.9,-0.01,184.34,135610.63,-1
2025-01-08,2025-01-08 13:48:00,743.9,743.9,743.8,743.8,-0.01,184.34,135610.63,-1
2025-01-08,2025-01-08 13:49:00,743.8,743.8,743.71,743.71,-0.01,184.34,135610.63,-1
2025-01-08,2025-01-08 13:50:00,743.71,743.71,743.61,743.61,-0.01,184.34,135610.63,-1
2025-01-08,2025-01-08 13:51:00,743.61,743.61,743.52,743.52,-0.01,184.34,135610.63,-1
2025-01-08,2025-01-08 13:52:00,743.52,743.52,743.42,743.42,-0.01,184.34,135610.63,-1
2025-01-08,2025-01-08 13:53:00,743.42,743.42,743.33,743.33,-0.01,184.34,135610.63,-1
2025-01-08,2025-01-08 13:54:00,743.33,743.33,743.23,743.23,-0.01,184.34,135610.63,-1
2025-01-08,2025-01-08 13:55:00,743.23,743.23,743.13,743.13,-0.01,184.34,135610.63,-1
2025-01-08,2025-01-08 13:56:00,743.13,743.13,743.04,743.04,-0.01,184.34,135610.63,-1
2025-01-08,2025-01-08 13:57:00,743.04,743.04,742.94,742.94,-0.01,184.34,135610.63,-1
2025-01-08,2025-01-08 13:58:00,742.94,742.94,742.85,742.85,-0.01,184.34,135610.63,-1
2025-01-08,2025-01-08 13:59:00,742.85,742.85,742.75,742.75,-0.01,184.34,135610.63,-1
2025-01-08,2025-01-08 14:00:00,742.75,742.75,742.65,742.65,-0.01,184.34,135610.63,-1
2025-01-08,2025-01-08 14:01:00,742.65,742.65,742.56,742.56,-0.01,184.34,135610.63,-1
2025-01-08,2025-01-08 14:02:00,742.56,742.56,742.46,742.46,-0.01,184.34,135610.63,-1
2025-01-08,2025-01-08 14:03:00,742.46,742.46,742.37,742.37,-0.01,184.34,135610.63,-1
2025-01-08,2025-01-08 14:04:00,742.37,742.37,742.27,742.27,-0.01,184.34,135610.63,-1
2025-01-08,2025-01-08 14:05:00,742.27,742.27,742.17,742.17,-0.01,184.34,135610.63,-1
2025-01-08,2025-01-08 14:06:00,742.17,742.17,742.08,742.08,-0.01,184.34,135610.63,-1
2025-01-08,2025-01-08 14:07:00,742.08,742.08,741.98,741.98,-0.01,184.34,135610.63,-1
2025-01-08,2025-01-08 14:08:00,741.98,741.98,741.89,741.89,-0.01,184.34,135610.63,-1
2025-01-08,2025-01-08 14:09:00,741.89,741.89,741.79,741.79,-0.01,184.34,135610.63,-1
2025-01-08,2025-01-08 14:10:00,741.79,741.79,741.7,741.7,-0.01,184.34,135610.63,-1
2025-01-08,2025-01-08 14:11:00,741.7,741.7,741.6,741.6,-0.01,184.34,135610.63,-1
2025-01-08,2025-01-08 14:12:00,741.6,741.6,741.5,741.5,-0.01,184.34,135610.63,-1
2025-01-08,2025-01-08 14:13:00,741.5,741.5,741.41,741.41,-0.01,184.34,135610.63,-1
2025-01-08,2025-01-08 14:14:00,741.41,741.41,741.31,741.31,-0.01,184.34,135610.63,-1
2025-01-08,2025-01-08 14:15:00,741.31,741.31,741.22,741.22,-0.01,184.34,135610.63,-1
2025-01-08,2025-01-08 14:16:00,741.22,741.22,741.12,741.12,-0.01,184.34,135610.63,-1
2025-01-08,2025-01-08 14:17:00,741.12,741.12,741.02,741.02,-0.01,184.34,135610.63,-1
2025-01-08,2025-01-08 14:18:00,741.02,741.02,740.93,740.93,-0.01,184.34,135610.63,-1
2025-01-08,2025-01-08 14:19:00,740.93,740.93,740.83,740.83,-0.01,184.34,135610.63,-1
2025-01-08,2025-01-08 14:20:00,740.83,740.83,740.74,740.74,-0.01,184.34,135610.63,-1
2025-01-08,2025-01-08 14:21:00,740.74,740.74,740.64,740.64,-0.01,184.34,135610.63,-1
2025-01-08,2025-01-08 14:22:00,740.64,740.64,740.55,740.55,-0.01,184.34,135610.63,-1
2025-01-08,2025-01-08 14:23:00,740.55,740.55,740.45,740.45,-0.01,184.34,135610.63,-1
2025-01-08,2025-01-08 14:24:00,740.45,740.45,740.35,740.35,-0.01,184.34,135610.63,-1
2025-01-08,2025-01-08 14:25:00,740.35,740.35,740.26,740.26,-0.01,184.34,135610.63,-1
2025-01-08,2025-01-08 14:26:00,740.26,740.26,740.16,740.16,-0.01,184.34,135610.63,-1
2025-01-08,2025-01-08 14:27:00,740.16,740.16,740.07,740.07,-0.01,184.34,135610.63,-1
2025-01-08,2025-01-08 14:28:00,740.07,740.07,739.97,739.97,-0.01,184.34,135610.63,-1
2025-01-08,2025-01-08 14:29:00,739.97,739.97,739.88,739.88,-0.01,184.34,135610.63,-1
2025-01-08,2025-01-08 14:30:00,739.88,739.88,739.78,739.78,-0.01,184.34,135610.63,-1
2025-01-08,2025-01-08 14:31:00,739.78,739.78,739.68,739.68,-0.01,184.34,135610.63,-1
2025-01-08,2025-01-08 14:32:00,739.68,739.68,739.59,739.59,-0.01,184.34,135610.63,-1
2025-01-08,2025-01-08 14:33:00,739.59,739.59,739.49,739.49,-0.01,184.34,135610.63,-1
2025-01-08,2025-01-08 14:34:00,739.49,739.49,739.4,739.4,-0.01,184.34,135610.63,-1
2025-01-08,2025-01-08 14:35:00,739.4,739.4,739.3,739.3,-0.01,184.34,135610.63,-1
2025-01-08,2025-01-08 14:36:00,739.3,739.3,739.2,739.2,-0.01,184.34,135610.63,-1
2025-01-08,2025-01-08 14:37:00,739.2,739.2,739.11,739.11,-0.01,184.34,135610.63,-1
2025-01-08,2025-01-08 14:38:00,739.11,739.11,739.01,739.01,-0.01,184.34,135610.63,-1
2025-01-08,2025-01-08 14:39:00,739.01,739.01,738.92,738.92,-0.01,184.34,135610.63,-1
2025-01-08,2025-01-08 14:40:00,738.92,738.92,738.82,738.82,-0.01,184.34,135610.63,-1
2025-01-08,2025-01-08 14:41:00,738.82,738.82,738.73,738.73,-0.01,184.34,135610.63,-1
2025-01-08,2025-01-08 14:42:00,738.73,738.73,738.63,738.63,-0.01,184.34,135610.63,-1
2025-01-08,2025-01-08 14:43:00,738.63,738.63,738.53,738.53,-0.01,184.34,135610.63,-1
2025-01-08,2025-01-08 14:44:00,738.53,738.53,738.44,738.44,-0.01,184.34,135610.63,-1
2025-01-08,2025-01-08 14:45:00,738.44,738.44,738.34,738.34,-0.01,184.34,135610.63,-1
2025-01-08,2025-01-08 14:46:00,738.34,738.34,738.25,738.25,-0.01,184.34,135610.63,-1
2025-01-08,2025-01-08 14:47:00,738.25,738.25,738.15,738.15,-0.01,184.34,135610.63,-1
2025-01-08,2025-01-08 14:48:00,738.15,738.15,738.05,738.05,-0.01,184.34,135610.63,-1
2025-01-08,2025-01-08 14:49:00,738.05,738.05,737.96,737.96,-0.01,184.34,135610.63,-1
2025-01-08,2025-01-08 14:50:00,737.96,737.96,737.86,737.86,-0.01,184.34,135610.63,-1
2025-01-08,2025-01-08 14:51:00,737.86,737.86,737.77,737.77,-0.01,184.34,135610.63,-1
2025-01-08,2025-01-08 14:52:00,737.77,737.77,737.67,737.67,-0.01,184.34,135610.63,-1
2025-01-08,2025-01-08 14:53:00,737.67,737.67,737.58,737.58,-0.01,184.34,135610.63,-1
2025-01-08,2025-01-08 14:54:00,737.58,737.58,737.48,737.48,-0.01,184.34,135610.63,-1
2025-01-08,2025-01-08 14:55:00,737.48,737.48,737.38,737.38,-0.01,184.34,135610.63,-1
2025-01-08,2025-01-08 14:56:00,737.38,737.38,737.29,737.29,-0.01,184.34,135610.63,-1
2025-01-08,2025-01-08 14:57:00,737.29,737.29,737.19,737.19,-0.01,184.34,135610.63,-1
2025-01-08,2025-01-08 14:58:00,737.19,737.19,737.1,737.1,-0.01,184.34,135610.63,-1
2025-01-08,2025-01-08 14:59:00,737.1,737.1,737.0,737.0,-0.01,184.34,135610.63,-1
2025-01-08,2025-01-08 15:00:00,737.0,765.0,724.1,737.0,0.0,184.34,135610.63,0
2025-01-09,2025-01-09 11:00:00,747.0,747.9,729.3,746.96,-0.01,324.59,236592.9,-1
2025-01-09,2025-01-09 11:01:00,746.96,746.96,746.92,746.92,-0.01,324.59,236592.9,-1
2025-01-09,2025-01-09 11:02:00,746.92,746.92,746.88,746.88,-0.01,324.59,236592.9,-1
2025-01-09,2025-01-09 11:03:00,746.88,746.88,746.83,746.83,-0.01,324.59,236592.9,-1
2025-01-09,2025-01-09 11:04:00,746.83,746.83,746.79,746.79,-0.01,324.59,236592.9,-1
2025-01-09,2025-01-09 11:05:00,746.79,746.79,746.75,746.75,-0.01,324.59,236592.9,-1
2025-01-09,2025-01-09 11:06:00,746.75,746.75,746.71,746.71,-0.01,324.59,236592.9,-1
2025-01-09,2025-01-09 11:07:00,746.71,746.71,746.67,746.67,-0.01,324.59,236592.9,-1
2025-01-09,2025-01-09 11:08:00,746.67,746.67,746.62,746.62,-0.01,324.59,236592.9,-1
2025-01-09,2025-01-09 11:09:00,746.62,746.62,746.58,746.58,-0.01,324.59,236592.9,-1
2025-01-09,2025-01-09 11:10:00,746.58,746.58,746.54,746.54,-0.01,324.59,236592.9,-1
2025-01-09,2025-01-09 11:11:00,746.54,746.54,746.5,746.5,-0.01,324.59,236592.9,-1
2025-01-09,2025-01-09 11:12:00,746.5,746.5,746.46,746.46,-0.01,324.59,236592.9,-1
2025-01-09,2025-01-09 11:13:00,746.46,746.46,746.42,746.42,-0.01,324.59,236592.9,-1
2025-01-09,2025-01-09 11:14:00,746.42,746.42,746.38,746.38,-0.01,324.59,236592.9,-1
2025-01-09,2025-01-09 11:15:00,746.38,746.38,746.33,746.33,-0.01,324.59,236592.9,-1
2025-01-09,2025-01-09 11:16:00,746.33,746.33,746.29,746.29,-0.01,324.59,236592.9,-1
2025-01-09,2025-01-09 11:17:00,746.29,746.29,746.25,746.25,-0.01,324.59,236592.9,-1
2025-01-09,2025-01-09 11:18:00,746.25,746.25,746.21,746.21,-0.01,324.59,236592.9,-1
2025-01-09,2025-01-09 11:19:00,746.21,746.21,746.17,746.17,-0.01,324.59,236592.9,-1
2025-01-09,2025-01-09 11:20:00,746.17,746.17,746.12,746.12,-0.01,324.59,236592.9,-1
2025-01-09,2025-01-09 11:21:00,746.12,746.12,746.08,746.08,-0.01,324.59,236592.9,-1
2025-01-09,2025-01-09 11:22:00,746.08,746.08,746.04,746.04,-0.01,324.59,236592.9,-1
2025-01-09,2025-01-09 11:23:00,746.04,746.04,746.0,746.0,-0.01,324.59,236592.9,-1
2025-01-09,2025-01-09 11:24:00,746.0,746.0,745.96,745.96,-0.01,324.59,236592.9,-1
2025-01-09,2025-01-09 11:25:00,745.96,745.96,745.92,745.92,-0.01,324.59,236592.9,-1
2025-01-09,2025-01-09 11:26:00,745.92,745.92,745.88,745.88,-0.01,324.59,236592.9,-1
2025-01-09,2025-01-09 11:27:00,745.88,745.88,745.83,745.83,-0.01,324.59,236592.9,-1
2025-01-09,2025-01-09 11:28:00,745.83,745.83,745.79,745.79,-0.01,324.59,236592.9,-1
2025-01-09,2025-01-09 11:29:00,745.79,745.79,745.75,745.75,-0.01,324.59,236592.9,-1
2025-01-09,2025-01-09 11:30:00,745.75,745.75,745.71,745.71,-0.01,324.59,236592.9,-1
2025-01-09,2025-01-09 11:31:00,745.71,745.71,745.67,745.67,-0.01,324.59,236592.9,-1
2025-01-09,2025-01-09 11:32:00,745.67,745.67,745.62,745.62,-0.01,324.59,236592.9,-1
2025-01-09,2025-01-09 11:33:00,745.62,745.62,745.58,745.58,-0.01,324.59,236592.9,-1
2025-01-09,2025-01-09 11:34:00,745.58,745.58,745.54,745.54,-0.01,324.59,236592.9,-1
2025-01-09,2025-01-09 11:35:00,745.54,745.54,745.5,745.5,-0.01,324.59,236592.9,-1
2025-01-09,2025-01-09 11:36:00,745.5,745.5,745.46,745.46,-0.01,324.59,236592.9,-1
2025-01-09,2025-01-09 11:37:00,745.46,745.46,745.42,745.42,-0.01,324.59,236592.9,-1
2025-01-09,2025-01-09 11:38:00,745.42,745.42,745.38,745.38,-0.01,324.59,236592.9,-1
2025-01-09,2025-01-09 11:39:00,745.38,745.38,745.33,745.33,-0.01,324.59,236592.9,-1
2025-01-09,2025-01-09 11:40:00,745.33,745.33,745.29,745.29,-0.01,324.59,236592.9,-1
2025-01-09,2025-01-09 11:41:00,745.29,745.29,745.25,745.25,-0.01,324.59,236592.9,-1
2025-01-09,2025-01-09 11:42:00,745.25,745.25,745.21,745.21,-0.01,324.59,236592.9,-1
2025-01-09,2025-01-09 11:43:00,745.21,745.21,745.17,745.17,-0.01,324.59,236592.9,-1
2025-01-09,2025-01-09 11:44:00,745.17,745.17,745.12,745.12,-0.01,324.59,236592.9,-1
2025-01-09,2025-01-09 11:45:00,745.12,745.12,745.08,745.08,-0.01,324.59,236592.9,-1
2025-01-09,2025-01-09 11:46:00,745.08,745.08,745.04,745.04,-0.01,324.59,236592.9,-1
2025-01-09,2025-01-09 11:47:00,745.04,745.04,745.0,745.0,-0.01,324.59,236592.9,-1
2025-01-09,2025-01-09 11:48:00,745.0,745.0,744.96,744.96,-0.01,324.59,236592.9,-1
2025-01-09,2025-01-09 11:49:00,744.96,744.96,744.92,744.92,-0.01,324.59,236592.9,-1
2025-01-09,2025-01-09 11:50:00,744.92,744.92,744.88,744.88,-0.01,324.59,236592.9,-1
2025-01-09,2025-01-09 11:51:00,744.88,744.88,744.83,744.83,-0.01,324.59,236592.9,-1
2025-01-09,2025-01-09 11:52:00,744.83,744.83,744.79,744.79,-0.01,324.59,236592.9,-1
2025-01-09,2025-01-09 11:53:00,744.79,744.79,744.75,744.75,-0.01,324.59,236592.9,-1
2025-01-09,2025-01-09 11:54:00,744.75,744.75,744.71,744.71,-0.01,324.59,236592.9,-1
2025-01-09,2025-01-09 11:55:00,744.71,744.71,744.67,744.67,-0.01,324.59,236592.9,-1
2025-01-09,2025-01-09 11:56:00,744.67,744.67,744.62,744.62,-0.01,324.59,236592.9,-1
2025-01-09,2025-01-09 11:57:00,744.62,744.62,744.58,744.58,-0.01,324.59,236592.9,-1
2025-01-09,2025-01-09 11:58:00,744.58,744.58,744.54,744.54,-0.01,324.59,236592.9,-1
2025-01-09,2025-01-09 11:59:00,744.54,744.54,744.5,744.5,-0.01,324.59,236592.9,-1
2025-01-09,2025-01-09 12:00:00,744.5,744.5,744.46,744.46,-0.01,324.59,236592.9,-1
2025-01-09,2025-01-09 12:01:00,744.46,744.46,744.42,744.42,-0.01,324.59,236592.9,-1
2025-01-09,2025-01-09 12:02:00,744.42,744.42,744.38,744.38,-0.01,324.59,236592.9,-1
2025-01-09,2025-01-09 12:03:00,744.38,744.38,744.33,744.33,-0.01,324.59,236592.9,-1
2025-01-09,2025-01-09 12:04:00,744.33,744.33,744.29,744.29,-0.01,324.59,236592.9,-1
2025-01-09,2025-01-09 12:05:00,744.29,744.29,744.25,744.25,-0.01,324.59,236592.9,-1
2025-01-09,2025-01-09 12:06:00,744.25,744.25,744.21,744.21,-0.01,324.59,236592.9,-1
2025-01-09,2025-01-09 12:07:00,744.21,744.21,744.17,744.17,-0.01,324.59,236592.9,-1
2025-01-09,2025-01-09 12:08:00,744.17,744.17,744.12,744.12,-0.01,324.59,236592.9,-1
2025-01-09,2025-01-09 12:09:00,744.12,744.12,744.08,744.08,-0.01,324.59,236592.9,-1
2025-01-09,2025-01-09 12:10:00,744.08,744.08,744.04,744.04,-0.01,324.59,236592.9,-1
2025-01-09,2025-01-09 12:11:00,744.04,744.04,744.0,744.0,-0.01,324.59,236592.9,-1
2025-01-09,2025-01-09 12:12:00,744.0,744.0,743.96,743.96,-0.01,324.59,236592.9,-1
2025-01-09,2025-01-09 12:13:00,743.96,743.96,743.92,743.92,-0.01,324.59,236592.9,-1
2025-01-09,2025-01-09 12:14:00,743.92,743.92,743.88,743.88,-0.01,324.59,236592.9,-1
2025-01-09,2025-01-09 12:15:00,743.88,743.88,743.83,743.83,-0.01,324.59,236592.9,-1
2025-01-09,2025-01-09 12:16:00,743.83,743.83,743.79,743.79,-0.01,324.59,236592.9,-1
2025-01-09,2025-01-09 12:17:00,743.79,743.79,743.75,743.75,-0.01,324.59,236592.9,-1
2025-01-09,2025-01-09 12:18:00,743.75,743.75,743.71,743.71,-0.01,324.59,236592.9,-1
2025-01-09,2025-01-09 12:19:00,743.71,743.71,743.67,743.67,-0.01,324.59,236592.9,-1
2025-01-09,2025-01-09 12:20:00,743.67,743.67,743.62,743.62,-0.01,324.59,236592.9,-1
2025-01-09,2025-01-09 12:21:00,743.62,743.62,743.58,743.58,-0.01,324.59,236592.9,-1
2025-01-09,2025-01-09 12:22:00,743.58,743.58,743.54,743.54,-0.01,324.59,236592.9,-1
2025-01-09,2025-01-09 12:23:00,743.54,743.54,743.5,743.5,-0.01,324.59,236592.9,-1
2025-01-09,2025-01-09 12:24:00,743.5,743.5,743.46,743.46,-0.01,324.59,236592.9,-1
2025-01-09,2025-01-09 12:25:00,743.46,743.46,743.42,743.42,-0.01,324.59,236592.9,-1
2025-01-09,2025-01-09 12:26:00,743.42,743.42,743.38,743.38,-0.01,324.59,236592.9,-1
2025-01-09,2025-01-09 12:27:00,743.38,743.38,743.33,743.33,-0.01,324.59,236592.9,-1
2025-01-09,2025-01-09 12:28:00,743.33,743.33,743.29,743.29,-0.01,324.59,236592.9,-1
2025-01-09,2025-01-09 12:29:00,743.29,743.29,743.25,743.25,-0.01,324.59,236592.9,-1
2025-01-09,2025-01-09 12:30:00,743.25,743.25,743.21,743.21,-0.01,324.59,236592.9,-1
2025-01-09,2025-01-09 12:31:00,743.21,743.21,743.17,743.17,-0.01,324.59,236592.9,-1
2025-01-09,2025-01-09 12:32:00,743.17,743.17,743.12,743.12,-0.01,324.59,236592.9,-1
2025-01-09,2025-01-09 12:33:00,743.12,743.12,743.08,743.08,-0.01,324.59,236592.9,-1
2025-01-09,2025-01-09 12:34:00,743.08,743.08,743.04,743.04,-0.01,324.59,236592.9,-1
2025-01-09,2025-01-09 12:35:00,743.04,743.04,743.0,743.0,-0.01,324.59,236592.9,-1
2025-01-09,2025-01-09 12:36:00,743.0,743.0,742.96,742.96,-0.01,324.59,236592.9,-1
2025-01-09,2025-01-09 12:37:00,742.96,742.96,742.92,742.92,-0.01,324.59,236592.9,-1
2025-01-09,2025-01-09 12:38:00,742.92,742.92,742.88,742.88,-0.01,324.59,236592.9,-1
2025-01-09,2025-01-09 12:39:00,742.88,742.88,742.83,742.83,-0.01,324.59,236592.9,-1
2025-01-09,2025-01-09 12:40:00,742.83,742.83,742.79,742.79,-0.01,324.59,236592.9,-1
2025-01-09,2025-01-09 12:41:00,742.79,742.79,742.75,742.75,-0.01,324.59,236592.9,-1
2025-01-09,2025-01-09 12:42:00,742.75,742.75,742.71,742.71,-0.01,324.59,236592.9,-1
2025-01-09,2025-01-09 12:43:00,742.71,742.71,742.67,742.67,-0.01,324.59,236592.9,-1
2025-01-09,2025-01-09 12:44:00,742.67,742.67,742.62,742.62,-0.01,324.59,236592.9,-1
2025-01-09,2025-01-09 12:45:00,742.62,742.62,742.58,742.58,-0.01,324.59,236592.9,-1
2025-01-09,2025-01-09 12:46:00,742.58,742.58,742.54,742.54,-0.01,324.59,236592.9,-1
2025-01-09,2025-01-09 12:47:00,742.54,742.54,742.5,742.5,-0.01,324.59,236592.9,-1
2025-01-09,2025-01-09 12:48:00,742.5,742.5,742.46,742.46,-0.01,324.59,236592.9,-1
2025-01-09,2025-01-09 12:49:00,742.46,742.46,742.42,742.42,-0.01,324.59,236592.9,-1
2025-01-09,2025-01-09 12:50:00,742.42,742.42,742.38,742.38,-0.01,324.59,236592.9,-1
2025-01-09,2025-01-09 12:51:00,742.38,742.38,742.33,742.33,-0.01,324.59,236592.9,-1
2025-01-09,2025-01-09 12:52:00,742.33,742.33,742.29,742.29,-0.01,324.59,236592.9,-1
2025-01-09,2025-01-09 12:53:00,742.29,742.29,742.25,742.25,-0.01,324.59,236592.9,-1
2025-01-09,2025-01-09 12:54:00,742.25,742.25,742.21,742.21,-0.01,324.59,236592.9,-1
2025-01-09,2025-01-09 12:55:00,742.21,742.21,742.17,742.17,-0.01,324.59,236592.9,-1
2025-01-09,2025-01-09 12:56:00,742.17,742.17,742.12,742.12,-0.01,324.59,236592.9,-1
2025-01-09,2025-01-09 12:57:00,742.12,742.12,742.08,742.08,-0.01,324.59,236592.9,-1
2025-01-09,2025-01-09 12:58:00,742.08,742.08,742.04,742.04,-0.01,324.59,236592.9,-1
2025-01-09,2025-01-09 12:59:00,742.04,742.04,742.0,742.0,-0.01,324.59,236592.9,-1
2025-01-09,2025-01-09 13:00:00,742.0,750.0,688.0,741.96,-0.01,324.59,236592.9,-1
2025-01-09,2025-01-09 13:01:00,741.96,741.96,741.92,741.92,-0.01,324.59,236592.9,-1
2025-01-09,2025-01-09 13:02:00,741.92,741.92,741.88,741.88,-0.01,324.59,236592.9,-1
2025-01-09,2025-01-09 13:03:00,741.88,741.88,741.83,741.83,-0.01,324.59,236592.9,-1
2025-01-09,2025-01-09 13:04:00,741.83,741.83,741.79,741.79,-0.01,324.59,236592.9,-1
2025-01-09,2025-01-09 13:05:00,741.79,741.79,741.75,741.75,-0.01,324.59,236592.9,-1
2025-01-09,2025-01-09 13:06:00,741.75,741.75,741.71,741.71,-0.01,324.59,236592.9,-1
2025-01-09,2025-01-09 13:07:00,741.71,741.71,741.67,741.67,-0.01,324.59,236592.9,-1
2025-01-09,2025-01-09 13:08:00,741.67,741.67,741.62,741.62,-0.01,324.59,236592.9,-1
2025-01-09,2025-01-09 13:09:00,741.62,741.62,741.58,741.58,-0.01,324.59,236592.9,-1
2025-01-09,2025-01-09 13:10:00,741.58,741.58,741.54,741.54,-0.01,324.59,236592.9,-1
2025-01-09,2025-01-09 13:11:00,741.54,741.54,741.5,741.5,-0.01,324.59,236592.9,-1
2025-01-09,2025-01-09 13:12:00,741.5,741.5,741.46,741.46,-0.01,324.59,236592.9,-1
2025-01-09,2025-01-09 13:13:00,741.46,741.46,741.42,741.42,-0.01,324.59,236592.9,-1
2025-01-09,2025-01-09 13:14:00,741.42,741.42,741.38,741.38,-0.01,324.59,236592.9,-1
2025-01-09,2025-01-09 13:15:00,741.38,741.38,741.33,741.33,-0.01,324.59,236592.9,-1
2025-01-09,2025-01-09 13:16:00,741.33,741.33,741.29,741.29,-0.01,324.59,236592.9,-1
2025-01-09,2025-01-09 13:17:00,741.29,741.29,741.25,741.25,-0.01,324.59,236592.9,-1
2025-01-09,2025-01-09 13:18:00,741.25,741.25,741.21,741.21,-0.01,324.59,236592.9,-1
2025-01-09,2025-01-09 13:19:00,741.21,741.21,741.17,741.17,-0.01,324.59,236592.9,-1
2025-01-09,2025-01-09 13:20:00,741.17,741.17,741.12,741.12,-0.01,324.59,236592.9,-1
2025-01-09,2025-01-09 13:21:00,741.12,741.12,741.08,741.08,-0.01,324.59,236592.9,-1
2025-01-09,2025-01-09 13:22:00,741.08,741.08,741.04,741.04,-0.01,324.59,236592.9,-1
2025-01-09,2025-01-09 13:23:00,741.04,741.04,741.0,741.0,-0.01,324.59,236592.9,-1
2025-01-09,2025-01-09 13:24:00,741.0,741.0,740.96,740.96,-0.01,324.59,236592.9,-1
2025-01-09,2025-01-09 13:25:00,740.96,740.96,740.92,740.92,-0.01,324.59,236592.9,-1
2025-01-09,2025-01-09 13:26:00,740.92,740.92,740.88,740.88,-0.01,324.59,236592.9,-1
2025-01-09,2025-01-09 13:27:00,740.88,740.88,740.83,740.83,-0.01,324.59,236592.9,-1
2025-01-09,2025-01-09 13:28:00,740.83,740.83,740.79,740.79,-0.01,324.59,236592.9,-1
2025-01-09,2025-01-09 13:29:00,740.79,740.79,740.75,740.75,-0.01,324.59,236592.9,-1
2025-01-09,2025-01-09 13:30:00,740.75,740.75,740.71,740.71,-0.01,324.59,236592.9,-1
2025-01-09,2025-01-09 13:31:00,740.71,740.71,740.67,740.67,-0.01,324.59,236592.9,-1
2025-01-09,2025-01-09 13:32:00,740.67,740.67,740.62,740.62,-0.01,324.59,236592.9,-1
2025-01-09,2025-01-09 13:33:00,740.62,740.62,740.58,740.58,-0.01,324.59,236592.9,-1
2025-01-09,2025-01-09 13:34:00,740.58,740.58,740.54,740.54,-0.01,324.59,236592.9,-1
2025-01-09,2025-01-09 13:35:00,740.54,740.54,740.5,740.5,-0.01,324.59,236592.9,-1
2025-01-09,2025-01-09 13:36:00,740.5,740.5,740.46,740.46,-0.01,324.59,236592.9,-1
2025-01-09,2025-01-09 13:37:00,740.46,740.46,740.42,740.42,-0.01,324.59,236592.9,-1
2025-01-09,2025-01-09 13:38:00,740.42,740.42,740.38,740.38,-0.01,324.59,236592.9,-1
2025-01-09,2025-01-09 13:39:00,740.38,740.38,740.33,740.33,-0.01,324.59,236592.9,-1
2025-01-09,2025-01-09 13:40:00,740.33,740.33,740.29,740.29,-0.01,324.59,236592.9,-1
2025-01-09,2025-01-09 13:41:00,740.29,740.29,740.25,740.25,-0.01,324.59,236592.9,-1
2025-01-09,2025-01-09 13:42:00,740.25,740.25,740.21,740.21,-0.01,324.59,236592.9,-1
2025-01-09,2025-01-09 13:43:00,740.21,740.21,740.17,740.17,-0.01,324.59,236592.9,-1
2025-01-09,2025-01-09 13:44:00,740.17,740.17,740.12,740.12,-0.01,324.59,236592.9,-1
2025-01-09,2025-01-09 13:45:00,740.12,740.12,740.08,740.08,-0.01,324.59,236592.9,-1
2025-01-09,2025-01-09 13:46:00,740.08,740.08,740.04,740.04,-0.01,324.59,236592.9,-1
2025-01-09,2025-01-09 13:47:00,740.04,740.04,740.0,740.0,-0.01,324.59,236592.9,-1
2025-01-09,2025-01-09 13:48:00,740.0,740.0,739.96,739.96,-0.01,324.59,236592.9,-1
2025-01-09,2025-01-09 13:49:00,739.96,739.96,739.92,739.92,-0.01,324.59,236592.9,-1
2025-01-09,2025-01-09 13:50:00,739.92,739.92,739.88,739.88,-0.01,324.59,236592.9,-1
2025-01-09,2025-01-09 13:51:00,739.88,739.88,739.83,739.83,-0.01,324.59,236592.9,-1
2025-01-09,2025-01-09 13:52:00,739.83,739.83,739.79,739.79,-0.01,324.59,236592.9,-1
2025-01-09,2025-01-09 13:53:00,739.79,739.79,739.75,739.75,-0.01,324.59,236592.9,-1
2025-01-09,2025-01-09 13:54:00,739.75,739.75,739.71,739.71,-0.01,324.59,236592.9,-1
2025-01-09,2025-01-09 13:55:00,739.71,739.71,739.67,739.67,-0.01,324.59,236592.9,-1
2025-01-09,2025-01-09 13:56:00,739.67,739.67,739.62,739.62,-0.01,324.59,236592.9,-1
2025-01-09,2025-01-09 13:57:00,739.62,739.62,739.58,739.58,-0.01,324.59,236592.9,-1
2025-01-09,2025-01-09 13:58:00,739.58,739.58,739.54,739.54,-0.01,324.59,236592.9,-1
2025-01-09,2025-01-09 13:59:00,739.54,739.54,739.5,739.5,-0.01,324.59,236592.9,-1
2025-01-09,2025-01-09 14:00:00,739.5,739.5,739.46,739.46,-0.01,324.59,236592.9,-1
2025-01-09,2025-01-09 14:01:00,739.46,739.46,739.42,739.42,-0.01,324.59,236592.9,-1
2025-01-09,2025-01-09 14:02:00,739.42,739.42,739.38,739.38,-0.01,324.59,236592.9,-1
2025-01-09,2025-01-09 14:03:00,739.38,739.38,739.33,739.33,-0.01,324.59,236592.9,-1
2025-01-09,2025-01-09 14:04:00,739.33,739.33,739.29,739.29,-0.01,324.59,236592.9,-1
2025-01-09,2025-01-09 14:05:00,739.29,739.29,739.25,739.25,-0.01,324.59,236592.9,-1
2025-01-09,2025-01-09 14:06:00,739.25,739.25,739.21,739.21,-0.01,324.59,236592.9,-1
2025-01-09,2025-01-09 14:07:00,739.21,739.21,739.17,739.17,-0.01,324.59,236592.9,-1
2025-01-09,2025-01-09 14:08:00,739.17,739.17,739.12,739.12,-0.01,324.59,236592.9,-1
2025-01-09,2025-01-09 14:09:00,739.12,739.12,739.08,739.08,-0.01,324.59,236592.9,-1
2025-01-09,2025-01-09 14:10:00,739.08,739.08,739.04,739.04,-0.01,324.59,236592.9,-1
2025-01-09,2025-01-09 14:11:00,739.04,739.04,739.0,739.0,-0.01,324.59,236592.9,-1
2025-01-09,2025-01-09 14:12:00,739.0,739.0,738.96,738.96,-0.01,324.59,236592.9,-1
2025-01-09,2025-01-09 14:13:00,738.96,738.96,738.92,738.92,-0.01,324.59,236592.9,-1
2025-01-09,2025-01-09 14:14:00,738.92,738.92,738.88,738.88,-0.01,324.59,236592.9,-1
2025-01-09,2025-01-09 14:15:00,738.88,738.88,738.83,738.83,-0.01,324.59,236592.9,-1
2025-01-09,2025-01-09 14:16:00,738.83,738.83,738.79,738.79,-0.01,324.59,236592.9,-1
2025-01-09,2025-01-09 14:17:00,738.79,738.79,738.75,738.75,-0.01,324.59,236592.9,-1
2025-01-09,2025-01-09 14:18:00,738.75,738.75,738.71,738.71,-0.01,324.59,236592.9,-1
2025-01-09,2025-01-09 14:19:00,738.71,738.71,738.67,738.67,-0.01,324.59,236592.9,-1
2025-01-09,2025-01-09 14:20:00,738.67,738.67,738.62,738.62,-0.01,324.59,236592.9,-1
2025-01-09,2025-01-09 14:21:00,738.62,738.62,738.58,738.58,-0.01,324.59,236592.9,-1
2025-01-09,2025-01-09 14:22:00,738.58,738.58,738.54,738.54,-0.01,324.59,236592.9,-1
2025-01-09,2025-01-09 14:23:00,738.54,738.54,738.5,738.5,-0.01,324.59,236592.9,-1
2025-01-09,2025-01-09 14:24:00,738.5,738.5,738.46,738.46,-0.01,324.59,236592.9,-1
2025-01-09,2025-01-09 14:25:00,738.46,738.46,738.42,738.42,-0.01,324.59,236592.9,-1
2025-01-09,2025-01-09 14:26:00,738.42,738.42,738.38,738.38,-0.01,324.59,236592.9,-1
2025-01-09,2025-01-09 14:27:00,738.38,738.38,738.33,738.33,-0.01,324.59,236592.9,-1
2025-01-09,2025-01-09 14:28:00,738.33,738.33,738.29,738.29,-0.01,324.59,236592.9,-1
2025-01-09,2025-01-09 14:29:00,738.29,738.29,738.25,738.25,-0.01,324.59,236592.9,-1
2025-01-09,2025-01-09 14:30:00,738.25,738.25,738.21,738.21,-0.01,324.59,236592.9,-1
2025-01-09,2025-01-09 14:31:00,738.21,738.21,738.17,738.17,-0.01,324.59,236592.9,-1
2025-01-09,2025-01-09 14:32:00,738.17,738.17,738.12,738.12,-0.01,324.59,236592.9,-1
2025-01-09,2025-01-09 14:33:00,738.12,738.12,738.08,738.08,-0.01,324.59,236592.9,-1
2025-01-09,2025-01-09 14:34:00,738.08,738.08,738.04,738.04,-0.01,324.59,236592.9,-1
2025-01-09,2025-01-09 14:35:00,738.04,738.04,738.0,738.0,-0.01,324.59,236592.9,-1
2025-01-09,2025-01-09 14:36:00,738.0,738.0,737.96,737.96,-0.01,324.59,236592.9,-1
2025-01-09,2025-01-09 14:37:00,737.96,737.96,737.92,737.92,-0.01,324.59,236592.9,-1
2025-01-09,2025-01-09 14:38:00,737.92,737.92,737.88,737.88,-0.01,324.59,236592.9,-1
2025-01-09,2025-01-09 14:39:00,737.88,737.88,737.83,737.83,-0.01,324.59,236592.9,-1
2025-01-09,2025-01-09 14:40:00,737.83,737.83,737.79,737.79,-0.01,324.59,236592.9,-1
2025-01-09,2025-01-09 14:41:00,737.79,737.79,737.75,737.75,-0.01,324.59,236592.9,-1
2025-01-09,2025-01-09 14:42:00,737.75,737.75,737.71,737.71,-0.01,324.59,236592.9,-1
2025-01-09,2025-01-09 14:43:00,737.71,737.71,737.67,737.67,-0.01,324.59,236592.9,-1
2025-01-09,2025-01-09 14:44:00,737.67,737.67,737.62,737.62,-0.01,324.59,236592.9,-1
2025-01-09,2025-01-09 14:45:00,737.62,737.62,737.58,737.58,-0.01,324.59,236592.9,-1
2025-01-09,2025-01-09 14:46:00,737.58,737.58,737.54,737.54,-0.01,324.59,236592.9,-1
2025-01-09,2025-01-09 14:47:00,737.54,737.54,737.5,737.5,-0.01,324.59,236592.9,-1
2025-01-09,2025-01-09 14:48:00,737.5,737.5,737.46,737.46,-0.01,324.59,236592.9,-1
2025-01-09,2025-01-09 14:49:00,737.46,737.46,737.42,737.42,-0.01,324.59,236592.9,-1
2025-01-09,2025-01-09 14:50:00,737.42,737.42,737.38,737.38,-0.01,324.59,236592.9,-1
2025-01-09,2025-01-09 14:51:00,737.38,737.38,737.33,737.33,-0.01,324.59,236592.9,-1
2025-01-09,2025-01-09 14:52:00,737.33,737.33,737.29,737.29,-0.01,324.59,236592.9,-1
2025-01-09,2025-01-09 14:53:00,737.29,737.29,737.25,737.25,-0.01,324.59,236592.9,-1
2025-01-09,2025-01-09 14:54:00,737.25,737.25,737.21,737.21,-0.01,324.59,236592.9,-1
2025-01-09,2025-01-09 14:55:00,737.21,737.21,737.17,737.17,-0.01,324.59,236592.9,-1
2025-01-09,2025-01-09 14:56:00,737.17,737.17,737.12,737.12,-0.01,324.59,236592.9,-1
2025-01-09,2025-01-09 14:57:00,737.12,737.12,737.08,737.08,-0.01,324.59,236592.9,-1
2025-01-09,2025-01-09 14:58:00,737.08,737.08,737.04,737.04,-0.01,324.59,236592.9,-1
2025-01-09,2025-01-09 14:59:00,737.04,737.04,737.0,737.0,-0.01,324.59,236592.9,-1
2025-01-09,2025-01-09 15:00:00,737.0,750.0,688.0,737.0,0.0,324.59,236592.9,0
2025-01-12,2025-01-12 11:00:00,722.3,730.31,722.3,722.37,0.01,72.98,53674.76,1
2025-01-12,2025-01-12 11:01:00,722.37,722.43,722.37,722.43,0.01,72.98,53674.76,1
2025-01-12,2025-01-12 11:02:00,722.43,722.5,722.43,722.5,0.01,72.98,53674.76,1
2025-01-12,2025-01-12 11:03:00,722.5,722.56,722.5,722.56,0.01,72.98,53674.76,1
2025-01-12,2025-01-12 11:04:00,722.56,722.63,722.56,722.63,0.01,72.98,53674.76,1
2025-01-12,2025-01-12 11:05:00,722.63,722.7,722.63,722.7,0.01,72.98,53674.76,1
2025-01-12,2025-01-12 11:06:00,722.7,722.76,722.7,722.76,0.01,72.98,53674.76,1
2025-01-12,2025-01-12 11:07:00,722.76,722.83,722.76,722.83,0.01,72.98,53674.76,1
2025-01-12,2025-01-12 11:08:00,722.83,722.9,722.83,722.9,0.01,72.98,53674.76,1
2025-01-12,2025-01-12 11:09:00,722.9,722.96,722.9,722.96,0.01,72.98,53674.76,1
2025-01-12,2025-01-12 11:10:00,722.96,723.03,722.96,723.03,0.01,72.98,53674.76,1
2025-01-12,2025-01-12 11:11:00,723.03,723.09,723.03,723.09,0.01,72.98,53674.76,1
2025-01-12,2025-01-12 11:12:00,723.09,723.16,723.09,723.16,0.01,72.98,53674.76,1
2025-01-12,2025-01-12 11:13:00,723.16,723.23,723.16,723.23,0.01,72.98,53674.76,1
2025-01-12,2025-01-12 11:14:00,723.23,723.29,723.23,723.29,0.01,72.98,53674.76,1
2025-01-12,2025-01-12 11:15:00,723.29,723.36,723.29,723.36,0.01,72.98,53674.76,1
2025-01-12,2025-01-12 11:16:00,723.36,723.43,723.36,723.43,0.01,72.98,53674.76,1
2025-01-12,2025-01-12 11:17:00,723.43,723.49,723.43,723.49,0.01,72.98,53674.76,1
2025-01-12,2025-01-12 11:18:00,723.49,723.56,723.49,723.56,0.01,72.98,53674.76,1
2025-01-12,2025-01-12 11:19:00,723.56,723.62,723.56,723.62,0.01,72.98,53674.76,1
2025-01-12,2025-01-12 11:20:00,723.62,723.69,723.62,723.69,0.01,72.98,53674.76,1
2025-01-12,2025-01-12 11:21:00,723.69,723.76,723.69,723.76,0.01,72.98,53674.76,1
2025-01-12,2025-01-12 11:22:00,723.76,723.82,723.76,723.82,0.01,72.98,53674.76,1
2025-01-12,2025-01-12 11:23:00,723.82,723.89,723.82,723.89,0.01,72.98,53674.76,1
2025-01-12,2025-01-12 11:24:00,723.89,723.96,723.89,723.96,0.01,72.98,53674.76,1
2025-01-12,2025-01-12 11:25:00,723.96,724.02,723.96,724.02,0.01,72.98,53674.76,1
2025-01-12,2025-01-12 11:26:00,724.02,724.09,724.02,724.09,0.01,72.98,53674.76,1
2025-01-12,2025-01-12 11:27:00,724.09,724.15,724.09,724.15,0.01,72.98,53674.76,1
2025-01-12,2025-01-12 11:28:00,724.15,724.22,724.15,724.22,0.01,72.98,53674.76,1
2025-01-12,2025-01-12 11:29:00,724.22,724.29,724.22,724.29,0.01,72.98,53674.76,1
2025-01-12,2025-01-12 11:30:00,724.29,724.35,724.29,724.35,0.01,72.98,53674.76,1
2025-01-12,2025-01-12 11:31:00,724.35,724.42,724.35,724.42,0.01,72.98,53674.76,1
2025-01-12,2025-01-12 11:32:00,724.42,724.49,724.42,724.49,0.01,72.98,53674.76,1
2025-01-12,2025-01-12 11:33:00,724.49,724.55,724.49,724.55,0.01,72.98,53674.76,1
2025-01-12,2025-01-12 11:34:00,724.55,724.62,724.55,724.62,0.01,72.98,53674.76,1
2025-01-12,2025-01-12 11:35:00,724.62,724.68,724.62,724.68,0.01,72.98,53674.76,1
2025-01-12,2025-01-12 11:36:00,724.68,724.75,724.68,724.75,0.01,72.98,53674.76,1
2025-01-12,2025-01-12 11:37:00,724.75,724.82,724.75,724.82,0.01,72.98,53674.76,1
2025-01-12,2025-01-12 11:38:00,724.82,724.88,724.82,724.88,0.01,72.98,53674.76,1
2025-01-12,2025-01-12 11:39:00,724.88,724.95,724.88,724.95,0.01,72.98,53674.76,1
2025-01-12,2025-01-12 11:40:00,724.95,725.02,724.95,725.02,0.01,72.98,53674.76,1
2025-01-12,2025-01-12 11:41:00,725.02,725.08,725.02,725.08,0.01,72.98,53674.76,1
2025-01-12,2025-01-12 11:42:00,725.08,725.15,725.08,725.15,0.01,72.98,53674.76,1
2025-01-12,2025-01-12 11:43:00,725.15,725.21,725.15,725.21,0.01,72.98,53674.76,1
2025-01-12,2025-01-12 11:44:00,725.21,725.28,725.21,725.28,0.01,72.98,53674.76,1
2025-01-12,2025-01-12 11:45:00,725.28,725.35,725.28,725.35,0.01,72.98,53674.76,1
2025-01-12,2025-01-12 11:46:00,725.35,725.41,725.35,725.41,0.01,72.98,53674.76,1
2025-01-12,2025-01-12 11:47:00,725.41,725.48,725.41,725.48,0.01,72.98,53674.76,1
2025-01-12,2025-01-12 11:48:00,725.48,725.55,725.48,725.55,0.01,72.98,53674.76,1
2025-01-12,2025-01-12 11:49:00,725.55,725.61,725.55,725.61,0.01,72.98,53674.76,1
2025-01-12,2025-01-12 11:50:00,725.61,725.68,725.61,725.68,0.01,72.98,53674.76,1
2025-01-12,2025-01-12 11:51:00,725.68,725.75,725.68,725.75,0.01,72.98,53674.76,1
2025-01-12,2025-01-12 11:52:00,725.75,725.81,725.75,725.81,0.01,72.98,53674.76,1
2025-01-12,2025-01-12 11:53:00,725.81,725.88,725.81,725.88,0.01,72.98,53674.76,1
2025-01-12,2025-01-12 11:54:00,725.88,725.94,725.88,725.94,0.01,72.98,53674.76,1
2025-01-12,2025-01-12 11:55:00,725.94,726.01,725.94,726.01,0.01,72.98,53674.76,1
2025-01-12,2025-01-12 11:56:00,726.01,726.08,726.01,726.08,0.01,72.98,53674.76,1
2025-01-12,2025-01-12 11:57:00,726.08,726.14,726.08,726.14,0.01,72.98,53674.76,1
2025-01-12,2025-01-12 11:58:00,726.14,726.21,726.14,726.21,0.01,72.98,53674.76,1
2025-01-12,2025-01-12 11:59:00,726.21,726.27,726.21,726.27,0.01,72.98,53674.76,1
2025-01-12,2025-01-12 12:00:00,726.27,726.34,726.27,726.34,0.01,72.98,53674.76,1
2025-01-12,2025-01-12 12:01:00,726.34,726.41,726.34,726.41,0.01,72.98,53674.76,1
2025-01-12,2025-01-12 12:02:00,726.41,726.47,726.41,726.47,0.01,72.98,53674.76,1
2025-01-12,2025-01-12 12:03:00,726.47,726.54,726.47,726.54,0.01,72.98,53674.76,1
2025-01-12,2025-01-12 12:04:00,726.54,726.61,726.54,726.61,0.01,72.98,53674.76,1
2025-01-12,2025-01-12 12:05:00,726.61,726.67,726.61,726.67,0.01,72.98,53674.76,1
2025-01-12,2025-01-12 12:06:00,726.67,726.74,726.67,726.74,0.01,72.98,53674.76,1
2025-01-12,2025-01-12 12:07:00,726.74,726.8,726.74,726.8,0.01,72.98,53674.76,1
2025-01-12,2025-01-12 12:08:00,726.8,726.87,726.8,726.87,0.01,72.98,53674.76,1
2025-01-12,2025-01-12 12:09:00,726.87,726.94,726.87,726.94,0.01,72.98,53674.76,1
2025-01-12,2025-01-12 12:10:00,726.94,727.0,726.94,727.0,0.01,72.98,53674.76,1
2025-01-12,2025-01-12 12:11:00,727.0,727.07,727.0,727.07,0.01,72.98,53674.76,1
2025-01-12,2025-01-12 12:12:00,727.07,727.14,727.07,727.14,0.01,72.98,53674.76,1
2025-01-12,2025-01-12 12:13:00,727.14,727.2,727.14,727.2,0.01,72.98,53674.76,1
2025-01-12,2025-01-12 12:14:00,727.2,727.27,727.2,727.27,0.01,72.98,53674.76,1
2025-01-12,2025-01-12 12:15:00,727.27,727.34,727.27,727.34,0.01,72.98,53674.76,1
2025-01-12,2025-01-12 12:16:00,727.34,727.4,727.34,727.4,0.01,72.98,53674.76,1
2025-01-12,2025-01-12 12:17:00,727.4,727.47,727.4,727.47,0.01,72.98,53674.76,1
2025-01-12,2025-01-12 12:18:00,727.47,727.53,727.47,727.53,0.01,72.98,53674.76,1
2025-01-12,2025-01-12 12:19:00,727.53,727.6,727.53,727.6,0.01,72.98,53674.76,1
2025-01-12,2025-01-12 12:20:00,727.6,727.67,727.6,727.67,0.01,72.98,53674.76,1
2025-01-12,2025-01-12 12:21:00,727.67,727.73,727.67,727.73,0.01,72.98,53674.76,1
2025-01-12,2025-01-12 12:22:00,727.73,727.8,727.73,727.8,0.01,72.98,53674.76,1
2025-01-12,2025-01-12 12:23:00,727.8,727.87,727.8,727.87,0.01,72.98,53674.76,1
2025-01-12,2025-01-12 12:24:00,727.87,727.93,727.87,727.93,0.01,72.98,53674.76,1
2025-01-12,2025-01-12 12:25:00,727.93,728.0,727.93,728.0,0.01,72.98,53674.76,1
2025-01-12,2025-01-12 12:26:00,728.0,728.06,728.0,728.06,0.01,72.98,53674.76,1
2025-01-12,2025-01-12 12:27:00,728.06,728.13,728.06,728.13,0.01,72.98,53674.76,1
2025-01-12,2025-01-12 12:28:00,728.13,728.2,728.13,728.2,0.01,72.98,53674.76,1
2025-01-12,2025-01-12 12:29:00,728.2,728.26,728.2,728.26,0.01,72.98,53674.76,1
2025-01-12,2025-01-12 12:30:00,728.26,728.33,728.26,728.33,0.01,72.98,53674.76,1
2025-01-12,2025-01-12 12:31:00,728.33,728.39,728.33,728.39,0.01,72.98,53674.76,1
2025-01-12,2025-01-12 12:32:00,728.39,728.46,728.39,728.46,0.01,72.98,53674.76,1
2025-01-12,2025-01-12 12:33:00,728.46,728.53,728.46,728.53,0.01,72.98,53674.76,1
2025-01-12,2025-01-12 12:34:00,728.53,728.59,728.53,728.59,0.01,72.98,53674.76,1
2025-01-12,2025-01-12 12:35:00,728.59,728.66,728.59,728.66,0.01,72.98,53674.76,1
2025-01-12,2025-01-12 12:36:00,728.66,728.73,728.66,728.73,0.01,72.98,53674.76,1
2025-01-12,2025-01-12 12:37:00,728.73,728.79,728.73,728.79,0.01,72.98,53674.76,1
2025-01-12,2025-01-12 12:38:00,728.79,728.86,728.79,728.86,0.01,72.98,53674.76,1
2025-01-12,2025-01-12 12:39:00,728.86,728.92,728.86,728.92,0.01,72.98,53674.76,1
2025-01-12,2025-01-12 12:40:00,728.92,728.99,728.92,728.99,0.01,72.98,53674.76,1
2025-01-12,2025-01-12 12:41:00,728.99,729.06,728.99,729.06,0.01,72.98,53674.76,1
2025-01-12,2025-01-12 12:42:00,729.06,729.12,729.06,729.12,0.01,72.98,53674.76,1
2025-01-12,2025-01-12 12:43:00,729.12,729.19,729.12,729.19,0.01,72.98,53674.76,1
2025-01-12,2025-01-12 12:44:00,729.19,729.26,729.19,729.26,0.01,72.98,53674.76,1
2025-01-12,2025-01-12 12:45:00,729.26,729.32,729.26,729.32,0.01,72.98,53674.76,1
2025-01-12,2025-01-12 12:46:00,729.32,729.39,729.32,729.39,0.01,72.98,53674.76,1
2025-01-12,2025-01-12 12:47:00,729.39,729.46,729.39,729.46,0.01,72.98,53674.76,1
2025-01-12,2025-01-12 12:48:00,729.46,729.52,729.46,729.52,0.01,72.98,53674.76,1
2025-01-12,2025-01-12 12:49:00,729.52,729.59,729.52,729.59,0.01,72.98,53674.76,1
2025-01-12,2025-01-12 12:50:00,729.59,729.65,729.59,729.65,0.01,72.98,53674.76,1
2025-01-12,2025-01-12 12:51:00,729.65,729.72,729.65,729.72,0.01,72.98,53674.76,1
2025-01-12,2025-01-12 12:52:00,729.72,729.79,729.72,729.79,0.01,72.98,53674.76,1
2025-01-12,2025-01-12 12:53:00,729.79,729.85,729.79,729.85,0.01,72.98,53674.76,1
2025-01-12,2025-01-12 12:54:00,729.85,729.92,729.85,729.92,0.01,72.98,53674.76,1
2025-01-12,2025-01-12 12:55:00,729.92,729.99,729.92,729.99,0.01,72.98,53674.76,1
2025-01-12,2025-01-12 12:56:00,729.99,730.05,729.99,730.05,0.01,72.98,53674.76,1
2025-01-12,2025-01-12 12:57:00,730.05,730.12,730.05,730.12,0.01,72.98,53674.76,1
2025-01-12,2025-01-12 12:58:00,730.12,730.18,730.12,730.18,0.01,72.98,53674.76,1
2025-01-12,2025-01-12 12:59:00,730.18,730.25,730.18,730.25,0.01,72.98,53674.76,1
2025-01-12,2025-01-12 13:00:00,730.25,749.0,722.3,730.32,0.01,72.98,53674.76,1
2025-01-12,2025-01-12 13:01:00,730.32,730.38,730.32,730.38,0.01,72.98,53674.76,1
2025-01-12,2025-01-12 13:02:00,730.38,730.45,730.38,730.45,0.01,72.98,53674.76,1
2025-01-12,2025-01-12 13:03:00,730.45,730.51,730.45,730.51,0.01,72.98,53674.76,1
2025-01-12,2025-01-12 13:04:00,730.51,730.58,730.51,730.58,0.01,72.98,53674.76,1
2025-01-12,2025-01-12 13:05:00,730.58,730.65,730.58,730.65,0.01,72.98,53674.76,1
2025-01-12,2025-01-12 13:06:00,730.65,730.71,730.65,730.71,0.01,72.98,53674.76,1
2025-01-12,2025-01-12 13:07:00,730.71,730.78,730.71,730.78,0.01,72.98,53674.76,1
2025-01-12,2025-01-12 13:08:00,730.78,730.85,730.78,730.85,0.01,72.98,53674.76,1
2025-01-12,2025-01-12 13:09:00,730.85,730.91,730.85,730.91,0.01,72.98,53674.76,1
2025-01-12,2025-01-12 13:10:00,730.91,730.98,730.91,730.98,0.01,72.98,53674.76,1
2025-01-12,2025-01-12 13:11:00,730.98,731.04,730.98,731.04,0.01,72.98,53674.76,1
2025-01-12,2025-01-12 13:12:00,731.04,731.11,731.04,731.11,0.01,72.98,53674.76,1
2025-01-12,2025-01-12 13:13:00,731.11,731.18,731.11,731.18,0.01,72.98,53674.76,1
2025-01-12,2025-01-12 13:14:00,731.18,731.24,731.18,731.24,0.01,72.98,53674.76,1
2025-01-12,2025-01-12 13:15:00,731.24,731.31,731.24,731.31,0.01,72.98,53674.76,1
2025-01-12,2025-01-12 13:16:00,731.31,731.38,731.31,731.38,0.01,72.98,53674.76,1
2025-01-12,2025-01-12 13:17:00,731.38,731.44,731.38,731.44,0.01,72.98,53674.76,1
2025-01-12,2025-01-12 13:18:00,731.44,731.51,731.44,731.51,0.01,72.98,53674.76,1
2025-01-12,2025-01-12 13:19:00,731.51,731.58,731.51,731.58,0.01,72.98,53674.76,1
2025-01-12,2025-01-12 13:20:00,731.58,731.64,731.58,731.64,0.01,72.98,53674.76,1
2025-01-12,2025-01-12 13:21:00,731.64,731.71,731.64,731.71,0.01,72.98,53674.76,1
2025-01-12,2025-01-12 13:22:00,731.71,731.77,731.71,731.77,0.01,72.98,53674.76,1
2025-01-12,2025-01-12 13:23:00,731.77,731.84,731.77,731.84,0.01,72.98,53674.76,1
2025-01-12,2025-01-12 13:24:00,731.84,731.91,731.84,731.91,0.01,72.98,53674.76,1
2025-01-12,2025-01-12 13:25:00,731.91,731.97,731.91,731.97,0.01,72.98,53674.76,1
2025-01-12,2025-01-12 13:26:00,731.97,732.04,731.97,732.04,0.01,72.98,53674.76,1
2025-01-12,2025-01-12 13:27:00,732.04,732.11,732.04,732.11,0.01,72.98,53674.76,1
2025-01-12,2025-01-12 13:28:00,732.11,732.17,732.11,732.17,0.01,72.98,53674.76,1
2025-01-12,2025-01-12 13:29:00,732.17,732.24,732.17,732.24,0.01,72.98,53674.76,1
2025-01-12,2025-01-12 13:30:00,732.24,732.3,732.24,732.3,0.01,72.98,53674.76,1
2025-01-12,2025-01-12 13:31:00,732.3,732.37,732.3,732.37,0.01,72.98,53674.76,1
2025-01-12,2025-01-12 13:32:00,732.37,732.44,732.37,732.44,0.01,72.98,53674.76,1
2025-01-12,2025-01-12 13:33:00,732.44,732.5,732.44,732.5,0.01,72.98,53674.76,1
2025-01-12,2025-01-12 13:34:00,732.5,732.57,732.5,732.57,0.01,72.98,53674.76,1
2025-01-12,2025-01-12 13:35:00,732.57,732.63,732.57,732.63,0.01,72.98,53674.76,1
2025-01-12,2025-01-12 13:36:00,732.63,732.7,732.63,732.7,0.01,72.98,53674.76,1
2025-01-12,2025-01-12 13:37:00,732.7,732.77,732.7,732.77,0.01,72.98,53674.76,1
2025-01-12,2025-01-12 13:38:00,732.77,732.83,732.77,732.83,0.01,72.98,53674.76,1
2025-01-12,2025-01-12 13:39:00,732.83,732.9,732.83,732.9,0.01,72.98,53674.76,1
2025-01-12,2025-01-12 13:40:00,732.9,732.97,732.9,732.97,0.01,72.98,53674.76,1
2025-01-12,2025-01-12 13:41:00,732.97,733.03,732.97,733.03,0.01,72.98,53674.76,1
2025-01-12,2025-01-12 13:42:00,733.03,733.1,733.03,733.1,0.01,72.98,53674.76,1
2025-01-12,2025-01-12 13:43:00,733.1,733.16,733.1,733.16,0.01,72.98,53674.76,1
2025-01-12,2025-01-12 13:44:00,733.16,733.23,733.16,733.23,0.01,72.98,53674.76,1
2025-01-12,2025-01-12 13:45:00,733.23,733.3,733.23,733.3,0.01,72.98,53674.76,1
2025-01-12,2025-01-12 13:46:00,733.3,733.36,733.3,733.36,0.01,72.98,53674.76,1
2025-01-12,2025-01-12 13:47:00,733.36,733.43,733.36,733.43,0.01,72.98,53674.76,1
2025-01-12,2025-01-12 13:48:00,733.43,733.5,733.43,733.5,0.01,72.98,53674.76,1
2025-01-12,2025-01-12 13:49:00,733.5,733.56,733.5,733.56,0.01,72.98,53674.76,1
2025-01-12,2025-01-12 13:50:00,733.56,733.63,733.56,733.63,0.01,72.98,53674.76,1
2025-01-12,2025-01-12 13:51:00,733.63,733.7,733.63,733.7,0.01,72.98,53674.76,1
2025-01-12,2025-01-12 13:52:00,733.7,733.76,733.7,733.76,0.01,72.98,53674.76,1
2025-01-12,2025-01-12 13:53:00,733.76,733.83,733.76,733.83,0.01,72.98,53674.76,1
2025-01-12,2025-01-12 13:54:00,733.83,733.89,733.83,733.89,0.01,72.98,53674.76,1
2025-01-12,2025-01-12 13:55:00,733.89,733.96,733.89,733.96,0.01,72.98,53674.76,1
2025-01-12,2025-01-12 13:56:00,733.96,734.03,733.96,734.03,0.01,72.98,53674.76,1
2025-01-12,2025-01-12 13:57:00,734.03,734.09,734.03,734.09,0.01,72.98,53674.76,1
2025-01-12,2025-01-12 13:58:00,734.09,734.16,734.09,734.16,0.01,72.98,53674.76,1
2025-01-12,2025-01-12 13:59:00,734.16,734.23,734.16,734.23,0.01,72.98,53674.76,1
2025-01-12,2025-01-12 14:00:00,734.23,734.29,734.23,734.29,0.01,72.98,53674.76,1
2025-01-12,2025-01-12 14:01:00,734.29,734.36,734.29,734.36,0.01,72.98,53674.76,1
2025-01-12,2025-01-12 14:02:00,734.36,734.42,734.36,734.42,0.01,72.98,53674.76,1
2025-01-12,2025-01-12 14:03:00,734.42,734.49,734.42,734.49,0.01,72.98,53674.76,1
2025-01-12,2025-01-12 14:04:00,734.49,734.56,734.49,734.56,0.01,72.98,53674.76,1
2025-01-12,2025-01-12 14:05:00,734.56,734.62,734.56,734.62,0.01,72.98,53674.76,1
2025-01-12,2025-01-12 14:06:00,734.62,734.69,734.62,734.69,0.01,72.98,53674.76,1
2025-01-12,2025-01-12 14:07:00,734.69,734.75,734.69,734.75,0.01,72.98,53674.76,1
2025-01-12,2025-01-12 14:08:00,734.75,734.82,734.75,734.82,0.01,72.98,53674.76,1
2025-01-12,2025-01-12 14:09:00,734.82,734.89,734.82,734.89,0.01,72.98,53674.76,1
2025-01-12,2025-01-12 14:10:00,734.89,734.95,734.89,734.95,0.01,72.98,53674.76,1
2025-01-12,2025-01-12 14:11:00,734.95,735.02,734.95,735.02,0.01,72.98,53674.76,1
2025-01-12,2025-01-12 14:12:00,735.02,735.09,735.02,735.09,0.01,72.98,53674.76,1
2025-01-12,2025-01-12 14:13:00,735.09,735.15,735.09,735.15,0.01,72.98,53674.76,1
2025-01-12,2025-01-12 14:14:00,735.15,735.22,735.15,735.22,0.01,72.98,53674.76,1
2025-01-12,2025-01-12 14:15:00,735.22,735.29,735.22,735.29,0.01,72.98,53674.76,1
2025-01-12,2025-01-12 14:16:00,735.29,735.35,735.29,735.35,0.01,72.98,53674.76,1
2025-01-12,2025-01-12 14:17:00,735.35,735.42,735.35,735.42,0.01,72.98,53674.76,1
2025-01-12,2025-01-12 14:18:00,735.42,735.48,735.42,735.48,0.01,72.98,53674.76,1
2025-01-12,2025-01-12 14:19:00,735.48,735.55,735.48,735.55,0.01,72.98,53674.76,1
2025-01-12,2025-01-12 14:20:00,735.55,735.62,735.55,735.62,0.01,72.98,53674.76,1
2025-01-12,2025-01-12 14:21:00,735.62,735.68,735.62,735.68,0.01,72.98,53674.76,1
2025-01-12,2025-01-12 14:22:00,735.68,735.75,735.68,735.75,0.01,72.98,53674.76,1
2025-01-12,2025-01-12 14:23:00,735.75,735.82,735.75,735.82,0.01,72.98,53674.76,1
2025-01-12,2025-01-12 14:24:00,735.82,735.88,735.82,735.88,0.01,72.98,53674.76,1
2025-01-12,2025-01-12 14:25:00,735.88,735.95,735.88,735.95,0.01,72.98,53674.76,1
2025-01-12,2025-01-12 14:26:00,735.95,736.01,735.95,736.01,0.01,72.98,53674.76,1
2025-01-12,2025-01-12 14:27:00,736.01,736.08,736.01,736.08,0.01,72.98,53674.76,1
2025-01-12,2025-01-12 14:28:00,736.08,736.15,736.08,736.15,0.01,72.98,53674.76,1
2025-01-12,2025-01-12 14:29:00,736.15,736.21,736.15,736.21,0.01,72.98,53674.76,1
2025-01-12,2025-01-12 14:30:00,736.21,736.28,736.21,736.28,0.01,72.98,53674.76,1
2025-01-12,2025-01-12 14:31:00,736.28,736.35,736.28,736.35,0.01,72.98,53674.76,1
2025-01-12,2025-01-12 14:32:00,736.35,736.41,736.35,736.41,0.01,72.98,53674.76,1
2025-01-12,2025-01-12 14:33:00,736.41,736.48,736.41,736.48,0.01,72.98,53674.76,1
2025-01-12,2025-01-12 14:34:00,736.48,736.54,736.48,736.54,0.01,72.98,53674.76,1
2025-01-12,2025-01-12 14:35:00,736.54,736.61,736.54,736.61,0.01,72.98,53674.76,1
2025-01-12,2025-01-12 14:36:00,736.61,736.68,736.61,736.68,0.01,72.98,53674.76,1
2025-01-12,2025-01-12 14:37:00,736.68,736.74,736.68,736.74,0.01,72.98,53674.76,1
2025-01-12,2025-01-12 14:38:00,736.74,736.81,736.74,736.81,0.01,72.98,53674.76,1
2025-01-12,2025-01-12 14:39:00,736.81,736.88,736.81,736.88,0.01,72.98,53674.76,1
2025-01-12,2025-01-12 14:40:00,736.88,736.94,736.88,736.94,0.01,72.98,53674.76,1
2025-01-12,2025-01-12 14:41:00,736.94,737.01,736.94,737.01,0.01,72.98,53674.76,1
2025-01-12,2025-01-12 14:42:00,737.01,737.07,737.01,737.07,0.01,72.98,53674.76,1
2025-01-12,2025-01-12 14:43:00,737.07,737.14,737.07,737.14,0.01,72.98,53674.76,1
2025-01-12,2025-01-12 14:44:00,737.14,737.21,737.14,737.21,0.01,72.98,53674.76,1
2025-01-12,2025-01-12 14:45:00,737.21,737.27,737.21,737.27,0.01,72.98,53674.76,1
2025-01-12,2025-01-12 14:46:00,737.27,737.34,737.27,737.34,0.01,72.98,53674.76,1
2025-01-12,2025-01-12 14:47:00,737.34,737.41,737.34,737.41,0.01,72.98,53674.76,1
2025-01-12,2025-01-12 14:48:00,737.41,737.47,737.41,737.47,0.01,72.98,53674.76,1
2025-01-12,2025-01-12 14:49:00,737.47,737.54,737.47,737.54,0.01,72.98,53674.76,1
2025-01-12,2025-01-12 14:50:00,737.54,737.6,737.54,737.6,0.01,72.98,53674.76,1
2025-01-12,2025-01-12 14:51:00,737.6,737.67,737.6,737.67,0.01,72.98,53674.76,1
2025-01-12,2025-01-12 14:52:00,737.67,737.74,737.67,737.74,0.01,72.98,53674.76,1
2025-01-12,2025-01-12 14:53:00,737.74,737.8,737.74,737.8,0.01,72.98,53674.76,1
2025-01-12,2025-01-12 14:54:00,737.8,737.87,737.8,737.87,0.01,72.98,53674.76,1
2025-01-12,2025-01-12 14:55:00,737.87,737.94,737.87,737.94,0.01,72.98,53674.76,1
2025-01-12,2025-01-12 14:56:00,737.94,738.0,737.94,738.0,0.01,72.98,53674.76,1
2025-01-12,2025-01-12 14:57:00,738.0,738.07,738.0,738.07,0.01,72.98,53674.76,1
2025-01-12,2025-01-12 14:58:00,738.07,738.13,738.07,738.13,0.01,72.98,53674.76,1
2025-01-12,2025-01-12 14:59:00,738.13,738.2,738.13,738.2,0.01,72.98,53674.76,1
2025-01-12,2025-01-12 15:00:00,738.2,749.0,722.3,738.2,0.0,72.98,53674.76,0
2025-01-13,2025-01-13 11:00:00,723.5,731.45,718.13,723.58,0.01,214.12,155384.65,1
2025-01-13,2025-01-13 11:01:00,723.58,723.66,723.58,723.66,0.01,214.12,155384.65,1
2025-01-13,2025-01-13 11:02:00,723.66,723.74,723.66,723.74,0.01,214.12,155384.65,1
2025-01-13,2025-01-13 11:03:00,723.74,723.82,723.74,723.82,0.01,214.12,155384.65,1
2025-01-13,2025-01-13 11:04:00,723.82,723.9,723.82,723.9,0.01,214.12,155384.65,1
2025-01-13,2025-01-13 11:05:00,723.9,723.98,723.9,723.98,0.01,214.12,155384.65,1
2025-01-13,2025-01-13 11:06:00,723.98,724.05,723.98,724.05,0.01,214.12,155384.65,1
2025-01-13,2025-01-13 11:07:00,724.05,724.13,724.05,724.13,0.01,214.12,155384.65,1
2025-01-13,2025-01-13 11:08:00,724.13,724.21,724.13,724.21,0.01,214.12,155384.65,1
2025-01-13,2025-01-13 11:09:00,724.21,724.29,724.21,724.29,0.01,214.12,155384.65,1
2025-01-13,2025-01-13 11:10:00,724.29,724.37,724.29,724.37,0.01,214.12,155384.65,1
2025-01-13,2025-01-13 11:11:00,724.37,724.45,724.37,724.45,0.01,214.12,155384.65,1
2025-01-13,2025-01-13 11:12:00,724.45,724.53,724.45,724.53,0.01,214.12,155384.65,1
2025-01-13,2025-01-13 11:13:00,724.53,724.61,724.53,724.61,0.01,214.12,155384.65,1
2025-01-13,2025-01-13 11:14:00,724.61,724.69,724.61,724.69,0.01,214.12,155384.65,1
2025-01-13,2025-01-13 11:15:00,724.69,724.77,724.69,724.77,0.01,214.12,155384.65,1
2025-01-13,2025-01-13 11:16:00,724.77,724.85,724.77,724.85,0.01,214.12,155384.65,1
2025-01-13,2025-01-13 11:17:00,724.85,724.92,724.85,724.92,0.01,214.12,155384.65,1
2025-01-13,2025-01-13 11:18:00,724.92,725.0,724.92,725.0,0.01,214.12,155384.65,1
2025-01-13,2025-01-13 11:19:00,725.0,725.08,725.0,725.08,0.01,214.12,155384.65,1
2025-01-13,2025-01-13 11:20:00,725.08,725.16,725.08,725.16,0.01,214.12,155384.65,1
2025-01-13,2025-01-13 11:21:00,725.16,725.24,725.16,725.24,0.01,214.12,155384.65,1
2025-01-13,2025-01-13 11:22:00,725.24,725.32,725.24,725.32,0.01,214.12,155384.65,1
2025-01-13,2025-01-13 11:23:00,725.32,725.4,725.32,725.4,0.01,214.12,155384.65,1
2025-01-13,2025-01-13 11:24:00,725.4,725.48,725.4,725.48,0.01,214.12,155384.65,1
2025-01-13,2025-01-13 11:25:00,725.48,725.56,725.48,725.56,0.01,214.12,155384.65,1
2025-01-13,2025-01-13 11:26:00,725.56,725.64,725.56,725.64,0.01,214.12,155384.65,1
2025-01-13,2025-01-13 11:27:00,725.64,725.72,725.64,725.72,0.01,214.12,155384.65,1
2025-01-13,2025-01-13 11:28:00,725.72,725.8,725.72,725.8,0.01,214.12,155384.65,1
2025-01-13,2025-01-13 11:29:00,725.8,725.88,725.8,725.88,0.01,214.12,155384.65,1
2025-01-13,2025-01-13 11:30:00,725.88,725.95,725.88,725.95,0.01,214.12,155384.65,1
2025-01-13,2025-01-13 11:31:00,725.95,726.03,725.95,726.03,0.01,214.12,155384.65,1
2025-01-13,2025-01-13 11:32:00,726.03,726.11,726.03,726.11,0.01,214.12,155384.65,1
2025-01-13,2025-01-13 11:33:00,726.11,726.19,726.11,726.19,0.01,214.12,155384.65,1
2025-01-13,2025-01-13 11:34:00,726.19,726.27,726.19,726.27,0.01,214.12,155384.65,1
2025-01-13,2025-01-13 11:35:00,726.27,726.35,726.27,726.35,0.01,214.12,155384.65,1
2025-01-13,2025-01-13 11:36:00,726.35,726.43,726.35,726.43,0.01,214.12,155384.65,1
2025-01-13,2025-01-13 11:37:00,726.43,726.51,726.43,726.51,0.01,214.12,155384.65,1
2025-01-13,2025-01-13 11:38:00,726.51,726.59,726.51,726.59,0.01,214.12,155384.65,1
2025-01-13,2025-01-13 11:39:00,726.59,726.67,726.59,726.67,0.01,214.12,155384.65,1
2025-01-13,2025-01-13 11:40:00,726.67,726.75,726.67,726.75,0.01,214.12,155384.65,1
2025-01-13,2025-01-13 11:41:00,726.75,726.83,726.75,726.83,0.01,214.12,155384.65,1
2025-01-13,2025-01-13 11:42:00,726.83,726.9,726.83,726.9,0.01,214.12,155384.65,1
2025-01-13,2025-01-13 11:43:00,726.9,726.98,726.9,726.98,0.01,214.12,155384.65,1
2025-01-13,2025-01-13 11:44:00,726.98,727.06,726.98,727.06,0.01,214.12,155384.65,1
2025-01-13,2025-01-13 11:45:00,727.06,727.14,727.06,727.14,0.01,214.12,155384.65,1
2025-01-13,2025-01-13 11:46:00,727.14,727.22,727.14,727.22,0.01,214.12,155384.65,1
2025-01-13,2025-01-13 11:47:00,727.22,727.3,727.22,727.3,0.01,214.12,155384.65,1
2025-01-13,2025-01-13 11:48:00,727.3,727.38,727.3,727.38,0.01,214.12,155384.65,1
2025-01-13,2025-01-13 11:49:00,727.38,727.46,727.38,727.46,0.01,214.12,155384.65,1
2025-01-13,2025-01-13 11:50:00,727.46,727.54,727.46,727.54,0.01,214.12,155384.65,1
2025-01-13,2025-01-13 11:51:00,727.54,727.62,727.54,727.62,0.01,214.12,155384.65,1
2025-01-13,2025-01-13 11:52:00,727.62,727.7,727.62,727.7,0.01,214.12,155384.65,1
2025-01-13,2025-01-13 11:53:00,727.7,727.77,727.7,727.77,0.01,214.12,155384.65,1
2025-01-13,2025-01-13 11:54:00,727.77,727.85,727.77,727.85,0.01,214.12,155384.65,1
2025-01-13,2025-01-13 11:55:00,727.85,727.93,727.85,727.93,0.01,214.12,155384.65,1
2025-01-13,2025-01-13 11:56:00,727.93,728.01,727.93,728.01,0.01,214.12,155384.65,1
2025-01-13,2025-01-13 11:57:00,728.01,728.09,728.01,728.09,0.01,214.12,155384.65,1
2025-01-13,2025-01-13 11:58:00,728.09,728.17,728.09,728.17,0.01,214.12,155384.65,1
2025-01-13,2025-01-13 11:59:00,728.17,728.25,728.17,728.25,0.01,214.12,155384.65,1
2025-01-13,2025-01-13 12:00:00,728.25,728.33,728.25,728.33,0.01,214.12,155384.65,1
2025-01-13,2025-01-13 12:01:00,728.33,728.41,728.33,728.41,0.01,214.12,155384.65,1
2025-01-13,2025-01-13 12:02:00,728.41,728.49,728.41,728.49,0.01,214.12,155384.65,1
2025-01-13,2025-01-13 12:03:00,728.49,728.57,728.49,728.57,0.01,214.12,155384.65,1
2025-01-13,2025-01-13 12:04:00,728.57,728.65,728.57,728.65,0.01,214.12,155384.65,1
2025-01-13,2025-01-13 12:05:00,728.65,728.73,728.65,728.73,0.01,214.12,155384.65,1
2025-01-13,2025-01-13 12:06:00,728.73,728.8,728.73,728.8,0.01,214.12,155384.65,1
2025-01-13,2025-01-13 12:07:00,728.8,728.88,728.8,728.88,0.01,214.12,155384.65,1
2025-01-13,2025-01-13 12:08:00,728.88,728.96,728.88,728.96,0.01,214.12,155384.65,1
2025-01-13,2025-01-13 12:09:00,728.96,729.04,728.96,729.04,0.01,214.12,155384.65,1
2025-01-13,2025-01-13 12:10:00,729.04,729.12,729.04,729.12,0.01,214.12,155384.65,1
2025-01-13,2025-01-13 12:11:00,729.12,729.2,729.12,729.2,0.01,214.12,155384.65,1
2025-01-13,2025-01-13 12:12:00,729.2,729.28,729.2,729.28,0.01,214.12,155384.65,1
2025-01-13,2025-01-13 12:13:00,729.28,729.36,729.28,729.36,0.01,214.12,155384.65,1
2025-01-13,2025-01-13 12:14:00,729.36,729.44,729.36,729.44,0.01,214.12,155384.65,1
2025-01-13,2025-01-13 12:15:00,729.44,729.52,729.44,729.52,0.01,214.12,155384.65,1
2025-01-13,2025-01-13 12:16:00,729.52,729.6,729.52,729.6,0.01,214.12,155384.65,1
2025-01-13,2025-01-13 12:17:00,729.6,729.67,729.6,729.67,0.01,214.12,155384.65,1
2025-01-13,2025-01-13 12:18:00,729.67,729.75,729.67,729.75,0.01,214.12,155384.65,1
2025-01-13,2025-01-13 12:19:00,729.75,729.83,729.75,729.83,0.01,214.12,155384.65,1
2025-01-13,2025-01-13 12:20:00,729.83,729.91,729.83,729.91,0.01,214.12,155384.65,1
2025-01-13,2025-01-13 12:21:00,729.91,729.99,729.91,729.99,0.01,214.12,155384.65,1
2025-01-13,2025-01-13 12:22:00,729.99,730.07,729.99,730.07,0.01,214.12,155384.65,1
2025-01-13,2025-01-13 12:23:00,730.07,730.15,730.07,730.15,0.01,214.12,155384.65,1
2025-01-13,2025-01-13 12:24:00,730.15,730.23,730.15,730.23,0.01,214.12,155384.65,1
2025-01-13,2025-01-13 12:25:00,730.23,730.31,730.23,730.31,0.01,214.12,155384.65,1
2025-01-13,2025-01-13 12:26:00,730.31,730.39,730.31,730.39,0.01,214.12,155384.65,1
2025-01-13,2025-01-13 12:27:00,730.39,730.47,730.39,730.47,0.01,214.12,155384.65,1
2025-01-13,2025-01-13 12:28:00,730.47,730.55,730.47,730.55,0.01,214.12,155384.65,1
2025-01-13,2025-01-13 12:29:00,730.55,730.62,730.55,730.62,0.01,214.12,155384.65,1
2025-01-13,2025-01-13 12:30:00,730.62,730.7,730.62,730.7,0.01,214.12,155384.65,1
2025-01-13,2025-01-13 12:31:00,730.7,730.78,730.7,730.78,0.01,214.12,155384.65,1
2025-01-13,2025-01-13 12:32:00,730.78,730.86,730.78,730.86,0.01,214.12,155384.65,1
2025-01-13,2025-01-13 12:33:00,730.86,730.94,730.86,730.94,0.01,214.12,155384.65,1
2025-01-13,2025-01-13 12:34:00,730.94,731.02,730.94,731.02,0.01,214.12,155384.65,1
2025-01-13,2025-01-13 12:35:00,731.02,731.1,731.02,731.1,0.01,214.12,155384.65,1
2025-01-13,2025-01-13 12:36:00,731.1,731.18,731.1,731.18,0.01,214.12,155384.65,1
2025-01-13,2025-01-13 12:37:00,731.18,731.26,731.18,731.26,0.01,214.12,155384.65,1
2025-01-13,2025-01-13 12:38:00,731.26,731.34,731.26,731.34,0.01,214.12,155384.65,1
2025-01-13,2025-01-13 12:39:00,731.34,731.42,731.34,731.42,0.01,214.12,155384.65,1
2025-01-13,2025-01-13 12:40:00,731.42,731.5,731.42,731.5,0.01,214.12,155384.65,1
2025-01-13,2025-01-13 12:41:00,731.5,731.58,731.5,731.58,0.01,214.12,155384.65,1
2025-01-13,2025-01-13 12:42:00,731.58,731.65,731.58,731.65,0.01,214.12,155384.65,1
2025-01-13,2025-01-13 12:43:00,731.65,731.73,731.65,731.73,0.01,214.12,155384.65,1
2025-01-13,2025-01-13 12:44:00,731.73,731.81,731.73,731.81,0.01,214.12,155384.65,1
2025-01-13,2025-01-13 12:45:00,731.81,731.89,731.81,731.89,0.01,214.12,155384.65,1
2025-01-13,2025-01-13 12:46:00,731.89,731.97,731.89,731.97,0.01,214.12,155384.65,1
2025-01-13,2025-01-13 12:47:00,731.97,732.05,731.97,732.05,0.01,214.12,155384.65,1
2025-01-13,2025-01-13 12:48:00,732.05,732.13,732.05,732.13,0.01,214.12,155384.65,1
2025-01-13,2025-01-13 12:49:00,732.13,732.21,732.13,732.21,0.01,214.12,155384.65,1
2025-01-13,2025-01-13 12:50:00,732.21,732.29,732.21,732.29,0.01,214.12,155384.65,1
2025-01-13,2025-01-13 12:51:00,732.29,732.37,732.29,732.37,0.01,214.12,155384.65,1
2025-01-13,2025-01-13 12:52:00,732.37,732.45,732.37,732.45,0.01,214.12,155384.65,1
2025-01-13,2025-01-13 12:53:00,732.45,732.52,732.45,732.52,0.01,214.12,155384.65,1
2025-01-13,2025-01-13 12:54:00,732.52,732.6,732.52,732.6,0.01,214.12,155384.65,1
2025-01-13,2025-01-13 12:55:00,732.6,732.68,732.6,732.68,0.01,214.12,155384.65,1
2025-01-13,2025-01-13 12:56:00,732.68,732.76,732.68,732.76,0.01,214.12,155384.65,1
2025-01-13,2025-01-13 12:57:00,732.76,732.84,732.76,732.84,0.01,214.12,155384.65,1
2025-01-13,2025-01-13 12:58:00,732.84,732.92,732.84,732.92,0.01,214.12,155384.65,1
2025-01-13,2025-01-13 12:59:00,732.92,733.0,732.92,733.0,0.01,214.12,155384.65,1
2025-01-13,2025-01-13 13:00:00,733.0,750.0,705.6,733.08,0.01,214.12,155384.65,1
2025-01-13,2025-01-13 13:01:00,733.08,733.16,733.08,733.16,0.01,214.12,155384.65,1
2025-01-13,2025-01-13 13:02:00,733.16,733.24,733.16,733.24,0.01,214.12,155384.65,1
2025-01-13,2025-01-13 13:03:00,733.24,733.32,733.24,733.32,0.01,214.12,155384.65,1
2025-01-13,2025-01-13 13:04:00,733.32,733.4,733.32,733.4,0.01,214.12,155384.65,1
2025-01-13,2025-01-13 13:05:00,733.4,733.48,733.4,733.48,0.01,214.12,155384.65,1
2025-01-13,2025-01-13 13:06:00,733.48,733.55,733.48,733.55,0.01,214.12,155384.65,1
2025-01-13,2025-01-13 13:07:00,733.55,733.63,733.55,733.63,0.01,214.12,155384.65,1
2025-01-13,2025-01-13 13:08:00,733.63,733.71,733.63,733.71,0.01,214.12,155384.65,1
2025-01-13,2025-01-13 13:09:00,733.71,733.79,733.71,733.79,0.01,214.12,155384.65,1
2025-01-13,2025-01-13 13:10:00,733.79,733.87,733.79,733.87,0.01,214.12,155384.65,1
2025-01-13,2025-01-13 13:11:00,733.87,733.95,733.87,733.95,0.01,214.12,155384.65,1
2025-01-13,2025-01-13 13:12:00,733.95,734.03,733.95,734.03,0.01,214.12,155384.65,1
2025-01-13,2025-01-13 13:13:00,734.03,734.11,734.03,734.11,0.01,214.12,155384.65,1
2025-01-13,2025-01-13 13:14:00,734.11,734.19,734.11,734.19,0.01,214.12,155384.65,1
2025-01-13,2025-01-13 13:15:00,734.19,734.27,734.19,734.27,0.01,214.12,155384.65,1
2025-01-13,2025-01-13 13:16:00,734.27,734.35,734.27,734.35,0.01,214.12,155384.65,1
2025-01-13,2025-01-13 13:17:00,734.35,734.42,734.35,734.42,0.01,214.12,155384.65,1
2025-01-13,2025-01-13 13:18:00,734.42,734.5,734.42,734.5,0.01,214.12,155384.65,1
2025-01-13,2025-01-13 13:19:00,734.5,734.58,734.5,734.58,0.01,214.12,155384.65,1
2025-01-13,2025-01-13 13:20:00,734.58,734.66,734.58,734.66,0.01,214.12,155384.65,1
2025-01-13,2025-01-13 13:21:00,734.66,734.74,734.66,734.74,0.01,214.12,155384.65,1
2025-01-13,2025-01-13 13:22:00,734.74,734.82,734.74,734.82,0.01,214.12,155384.65,1
2025-01-13,2025-01-13 13:23:00,734.82,734.9,734.82,734.9,0.01,214.12,155384.65,1
2025-01-13,2025-01-13 13:24:00,734.9,734.98,734.9,734.98,0.01,214.12,155384.65,1
2025-01-13,2025-01-13 13:25:00,734.98,735.06,734.98,735.06,0.01,214.12,155384.65,1
2025-01-13,2025-01-13 13:26:00,735.06,735.14,735.06,735.14,0.01,214.12,155384.65,1
2025-01-13,2025-01-13 13:27:00,735.14,735.22,735.14,735.22,0.01,214.12,155384.65,1
2025-01-13,2025-01-13 13:28:00,735.22,735.3,735.22,735.3,0.01,214.12,155384.65,1
2025-01-13,2025-01-13 13:29:00,735.3,735.38,735.3,735.38,0.01,214.12,155384.65,1
2025-01-13,2025-01-13 13:30:00,735.38,735.45,735.38,735.45,0.01,214.12,155384.65,1
2025-01-13,2025-01-13 13:31:00,735.45,735.53,735.45,735.53,0.01,214.12,155384.65,1
2025-01-13,2025-01-13 13:32:00,735.53,735.61,735.53,735.61,0.01,214.12,155384.65,1
2025-01-13,2025-01-13 13:33:00,735.61,735.69,735.61,735.69,0.01,214.12,155384.65,1
2025-01-13,2025-01-13 13:34:00,735.69,735.77,735.69,735.77,0.01,214.12,155384.65,1
2025-01-13,2025-01-13 13:35:00,735.77,735.85,735.77,735.85,0.01,214.12,155384.65,1
2025-01-13,2025-01-13 13:36:00,735.85,735.93,735.85,735.93,0.01,214.12,155384.65,1
2025-01-13,2025-01-13 13:37:00,735.93,736.01,735.93,736.01,0.01,214.12,155384.65,1
2025-01-13,2025-01-13 13:38:00,736.01,736.09,736.01,736.09,0.01,214.12,155384.65,1
2025-01-13,2025-01-13 13:39:00,736.09,736.17,736.09,736.17,0.01,214.12,155384.65,1
2025-01-13,2025-01-13 13:40:00,736.17,736.25,736.17,736.25,0.01,214.12,155384.65,1
2025-01-13,2025-01-13 13:41:00,736.25,736.33,736.25,736.33,0.01,214.12,155384.65,1
2025-01-13,2025-01-13 13:42:00,736.33,736.4,736.33,736.4,0.01,214.12,155384.65,1
2025-01-13,2025-01-13 13:43:00,736.4,736.48,736.4,736.48,0.01,214.12,155384.65,1
2025-01-13,2025-01-13 13:44:00,736.48,736.56,736.48,736.56,0.01,214.12,155384.65,1
2025-01-13,2025-01-13 13:45:00,736.56,736.64,736.56,736.64,0.01,214.12,155384.65,1
2025-01-13,2025-01-13 13:46:00,736.64,736.72,736.64,736.72,0.01,214.12,155384.65,1
2025-01-13,2025-01-13 13:47:00,736.72,736.8,736.72,736.8,0.01,214.12,155384.65,1
2025-01-13,2025-01-13 13:48:00,736.8,736.88,736.8,736.88,0.01,214.12,155384.65,1
2025-01-13,2025-01-13 13:49:00,736.88,736.96,736.88,736.96,0.01,214.12,155384.65,1
2025-01-13,2025-01-13 13:50:00,736.96,737.04,736.96,737.04,0.01,214.12,155384.65,1
2025-01-13,2025-01-13 13:51:00,737.04,737.12,737.04,737.12,0.01,214.12,155384.65,1
2025-01-13,2025-01-13 13:52:00,737.12,737.2,737.12,737.2,0.01,214.12,155384.65,1
2025-01-13,2025-01-13 13:53:00,737.2,737.27,737.2,737.27,0.01,214.12,155384.65,1
2025-01-13,2025-01-13 13:54:00,737.27,737.35,737.27,737.35,0.01,214.12,155384.65,1
2025-01-13,2025-01-13 13:55:00,737.35,737.43,737.35,737.43,0.01,214.12,155384.65,1
2025-01-13,2025-01-13 13:56:00,737.43,737.51,737.43,737.51,0.01,214.12,155384.65,1
2025-01-13,2025-01-13 13:57:00,737.51,737.59,737.51,737.59,0.01,214.12,155384.65,1
2025-01-13,2025-01-13 13:58:00,737.59,737.67,737.59,737.67,0.01,214.12,155384.65,1
2025-01-13,2025-01-13 13:59:00,737.67,737.75,737.67,737.75,0.01,214.12,155384.65,1
2025-01-13,2025-01-13 14:00:00,737.75,737.83,737.75,737.83,0.01,214.12,155384.65,1
2025-01-13,2025-01-13 14:01:00,737.83,737.91,737.83,737.91,0.01,214.12,155384.65,1
2025-01-13,2025-01-13 14:02:00,737.91,737.99,737.91,737.99,0.01,214.12,155384.65,1
2025-01-13,2025-01-13 14:03:00,737.99,738.07,737.99,738.07,0.01,214.12,155384.65,1
2025-01-13,2025-01-13 14:04:00,738.07,738.15,738.07,738.15,0.01,214.12,155384.65,1
2025-01-13,2025-01-13 14:05:00,738.15,738.23,738.15,738.23,0.01,214.12,155384.65,1
2025-01-13,2025-01-13 14:06:00,738.23,738.3,738.23,738.3,0.01,214.12,155384.65,1
2025-01-13,2025-01-13 14:07:00,738.3,738.38,738.3,738.38,0.01,214.12,155384.65,1
2025-01-13,2025-01-13 14:08:00,738.38,738.46,738.38,738.46,0.01,214.12,155384.65,1
2025-01-13,2025-01-13 14:09:00,738.46,738.54,738.46,738.54,0.01,214.12,155384.65,1
2025-01-13,2025-01-13 14:10:00,738.54,738.62,738.54,738.62,0.01,214.12,155384.65,1
2025-01-13,2025-01-13 14:11:00,738.62,738.7,738.62,738.7,0.01,214.12,155384.65,1
2025-01-13,2025-01-13 14:12:00,738.7,738.78,738.7,738.78,0.01,214.12,155384.65,1
2025-01-13,2025-01-13 14:13:00,738.78,738.86,738.78,738.86,0.01,214.12,155384.65,1
2025-01-13,2025-01-13 14:14:00,738.86,738.94,738.86,738.94,0.01,214.12,155384.65,1
2025-01-13,2025-01-13 14:15:00,738.94,739.02,738.94,739.02,0.01,214.12,155384.65,1
2025-01-13,2025-01-13 14:16:00,739.02,739.1,739.02,739.1,0.01,214.12,155384.65,1
2025-01-13,2025-01-13 14:17:00,739.1,739.17,739.1,739.17,0.01,214.12,155384.65,1
2025-01-13,2025-01-13 14:18:00,739.17,739.25,739.17,739.25,0.01,214.12,155384.65,1
2025-01-13,2025-01-13 14:19:00,739.25,739.33,739.25,739.33,0.01,214.12,155384.65,1
2025-01-13,2025-01-13 14:20:00,739.33,739.41,739.33,739.41,0.01,214.12,155384.65,1
2025-01-13,2025-01-13 14:21:00,739.41,739.49,739.41,739.49,0.01,214.12,155384.65,1
2025-01-13,2025-01-13 14:22:00,739.49,739.57,739.49,739.57,0.01,214.12,155384.65,1
2025-01-13,2025-01-13 14:23:00,739.57,739.65,739.57,739.65,0.01,214.12,155384.65,1
2025-01-13,2025-01-13 14:24:00,739.65,739.73,739.65,739.73,0.01,214.12,155384.65,1
2025-01-13,2025-01-13 14:25:00,739.73,739.81,739.73,739.81,0.01,214.12,155384.65,1
2025-01-13,2025-01-13 14:26:00,739.81,739.89,739.81,739.89,0.01,214.12,155384.65,1
2025-01-13,2025-01-13 14:27:00,739.89,739.97,739.89,739.97,0.01,214.12,155384.65,1
2025-01-13,2025-01-13 14:28:00,739.97,740.05,739.97,740.05,0.01,214.12,155384.65,1
2025-01-13,2025-01-13 14:29:00,740.05,740.12,740.05,740.12,0.01,214.12,155384.65,1
2025-01-13,2025-01-13 14:30:00,740.12,740.2,740.12,740.2,0.01,214.12,155384.65,1
2025-01-13,2025-01-13 14:31:00,740.2,740.28,740.2,740.28,0.01,214.12,155384.65,1
2025-01-13,2025-01-13 14:32:00,740.28,740.36,740.28,740.36,0.01,214.12,155384.65,1
2025-01-13,2025-01-13 14:33:00,740.36,740.44,740.36,740.44,0.01,214.12,155384.65,1
2025-01-13,2025-01-13 14:34:00,740.44,740.52,740.44,740.52,0.01,214.12,155384.65,1
2025-01-13,2025-01-13 14:35:00,740.52,740.6,740.52,740.6,0.01,214.12,155384.65,1
2025-01-13,2025-01-13 14:36:00,740.6,740.68,740.6,740.68,0.01,214.12,155384.65,1
2025-01-13,2025-01-13 14:37:00,740.68,740.76,740.68,740.76,0.01,214.12,155384.65,1
2025-01-13,2025-01-13 14:38:00,740.76,740.84,740.76,740.84,0.01,214.12,155384.65,1
2025-01-13,2025-01-13 14:39:00,740.84,740.92,740.84,740.92,0.01,214.12,155384.65,1
2025-01-13,2025-01-13 14:40:00,740.92,741.0,740.92,741.0,0.01,214.12,155384.65,1
2025-01-13,2025-01-13 14:41:00,741.0,741.08,741.0,741.08,0.01,214.12,155384.65,1
2025-01-13,2025-01-13 14:42:00,741.08,741.15,741.08,741.15,0.01,214.12,155384.65,1
2025-01-13,2025-01-13 14:43:00,741.15,741.23,741.15,741.23,0.01,214.12,155384.65,1
2025-01-13,2025-01-13 14:44:00,741.23,741.31,741.23,741.31,0.01,214.12,155384.65,1
2025-01-13,2025-01-13 14:45:00,741.31,741.39,741.31,741.39,0.01,214.12,155384.65,1
2025-01-13,2025-01-13 14:46:00,741.39,741.47,741.39,741.47,0.01,214.12,155384.65,1
2025-01-13,2025-01-13 14:47:00,741.47,741.55,741.47,741.55,0.01,214.12,155384.65,1
2025-01-13,2025-01-13 14:48:00,741.55,741.63,741.55,741.63,0.01,214.12,155384.65,1
2025-01-13,2025-01-13 14:49:00,741.63,741.71,741.63,741.71,0.01,214.12,155384.65,1
2025-01-13,2025-01-13 14:50:00,741.71,741.79,741.71,741.79,0.01,214.12,155384.65,1
2025-01-13,2025-01-13 14:51:00,741.79,741.87,741.79,741.87,0.01,214.12,155384.65,1
2025-01-13,2025-01-13 14:52:00,741.87,741.95,741.87,741.95,0.01,214.12,155384.65,1
2025-01-13,2025-01-13 14:53:00,741.95,742.02,741.95,742.02,0.01,214.12,155384.65,1
2025-01-13,2025-01-13 14:54:00,742.02,742.1,742.02,742.1,0.01,214.12,155384.65,1
2025-01-13,2025-01-13 14:55:00,742.1,742.18,742.1,742.18,0.01,214.12,155384.65,1
2025-01-13,2025-01-13 14:56:00,742.18,742.26,742.18,742.26,0.01,214.12,155384.65,1
2025-01-13,2025-01-13 14:57:00,742.26,742.34,742.26,742.34,0.01,214.12,155384.65,1
2025-01-13,2025-01-13 14:58:00,742.34,742.42,742.34,742.42,0.01,214.12,155384.65,1
2025-01-13,2025-01-13 14:59:00,742.42,742.5,742.42,742.5,0.01,214.12,155384.65,1
2025-01-13,2025-01-13 15:00:00,742.5,750.0,705.6,742.5,0.0,214.12,155384.65,0
2025-01-15,2025-01-15 11:00:00,741.0,758.7,737.7,741.25,0.03,443.46,336418.35,1
2025-01-15,2025-01-15 11:01:00,741.25,741.49,741.25,741.49,0.03,443.46,336418.35,1
2025-01-15,2025-01-15 11:02:00,741.49,741.74,741.49,741.74,0.03,443.46,336418.35,1
2025-01-15,2025-01-15 11:03:00,741.74,741.98,741.74,741.98,0.03,443.46,336418.35,1
2025-01-15,2025-01-15 11:04:00,741.98,742.23,741.98,742.23,0.03,443.46,336418.35,1
2025-01-15,2025-01-15 11:05:00,742.23,742.48,742.23,742.48,0.03,443.46,336418.35,1
2025-01-15,2025-01-15 11:06:00,742.48,742.72,742.48,742.72,0.03,443.46,336418.35,1
2025-01-15,2025-01-15 11:07:00,742.72,742.97,742.72,742.97,0.03,443.46,336418.35,1
2025-01-15,2025-01-15 11:08:00,742.97,743.21,742.97,743.21,0.03,443.46,336418.35,1
2025-01-15,2025-01-15 11:09:00,743.21,743.46,743.21,743.46,0.03,443.46,336418.35,1
2025-01-15,2025-01-15 11:10:00,743.46,743.7,743.46,743.7,0.03,443.46,336418.35,1
2025-01-15,2025-01-15 11:11:00,743.7,743.95,743.7,743.95,0.03,443.46,336418.35,1
2025-01-15,2025-01-15 11:12:00,743.95,744.2,743.95,744.2,0.03,443.46,336418.35,1
2025-01-15,2025-01-15 11:13:00,744.2,744.44,744.2,744.44,0.03,443.46,336418.35,1
2025-01-15,2025-01-15 11:14:00,744.44,744.69,744.44,744.69,0.03,443.46,336418.35,1
2025-01-15,2025-01-15 11:15:00,744.69,744.93,744.69,744.93,0.03,443.46,336418.35,1
2025-01-15,2025-01-15 11:16:00,744.93,745.18,744.93,745.18,0.03,443.46,336418.35,1
2025-01-15,2025-01-15 11:17:00,745.18,745.42,745.18,745.42,0.03,443.46,336418.35,1
2025-01-15,2025-01-15 11:18:00,745.42,745.67,745.42,745.67,0.03,443.46,336418.35,1
2025-01-15,2025-01-15 11:19:00,745.67,745.92,745.67,745.92,0.03,443.46,336418.35,1
2025-01-15,2025-01-15 11:20:00,745.92,746.16,745.92,746.16,0.03,443.46,336418.35,1
2025-01-15,2025-01-15 11:21:00,746.16,746.41,746.16,746.41,0.03,443.46,336418.35,1
2025-01-15,2025-01-15 11:22:00,746.41,746.65,746.41,746.65,0.03,443.46,336418.35,1
2025-01-15,2025-01-15 11:23:00,746.65,746.9,746.65,746.9,0.03,443.46,336418.35,1
2025-01-15,2025-01-15 11:24:00,746.9,747.15,746.9,747.15,0.03,443.46,336418.35,1
2025-01-15,2025-01-15 11:25:00,747.15,747.39,747.15,747.39,0.03,443.46,336418.35,1
2025-01-15,2025-01-15 11:26:00,747.39,747.64,747.39,747.64,0.03,443.46,336418.35,1
2025-01-15,2025-01-15 11:27:00,747.64,747.88,747.64,747.88,0.03,443.46,336418.35,1
2025-01-15,2025-01-15 11:28:00,747.88,748.13,747.88,748.13,0.03,443.46,336418.35,1
2025-01-15,2025-01-15 11:29:00,748.13,748.38,748.13,748.38,0.03,443.46,336418.35,1
2025-01-15,2025-01-15 11:30:00,748.38,748.62,748.38,748.62,0.03,443.46,336418.35,1
2025-01-15,2025-01-15 11:31:00,748.62,748.87,748.62,748.87,0.03,443.46,336418.35,1
2025-01-15,2025-01-15 11:32:00,748.87,749.11,748.87,749.11,0.03,443.46,336418.35,1
2025-01-15,2025-01-15 11:33:00,749.11,749.36,749.11,749.36,0.03,443.46,336418.35,1
2025-01-15,2025-01-15 11:34:00,749.36,749.6,749.36,749.6,0.03,443.46,336418.35,1
2025-01-15,2025-01-15 11:35:00,749.6,749.85,749.6,749.85,0.03,443.46,336418.35,1
2025-01-15,2025-01-15 11:36:00,749.85,750.1,749.85,750.1,0.03,443.46,336418.35,1
2025-01-15,2025-01-15 11:37:00,750.1,750.34,750.1,750.34,0.03,443.46,336418.35,1
2025-01-15,2025-01-15 11:38:00,750.34,750.59,750.34,750.59,0.03,443.46,336418.35,1
2025-01-15,2025-01-15 11:39:00,750.59,750.83,750.59,750.83,0.03,443.46,336418.35,1
2025-01-15,2025-01-15 11:40:00,750.83,751.08,750.83,751.08,0.03,443.46,336418.35,1
2025-01-15,2025-01-15 11:41:00,751.08,751.33,751.08,751.33,0.03,443.46,336418.35,1
2025-01-15,2025-01-15 11:42:00,751.33,751.57,751.33,751.57,0.03,443.46,336418.35,1
2025-01-15,2025-01-15 11:43:00,751.57,751.82,751.57,751.82,0.03,443.46,336418.35,1
2025-01-15,2025-01-15 11:44:00,751.82,752.06,751.82,752.06,0.03,443.46,336418.35,1
2025-01-15,2025-01-15 11:45:00,752.06,752.31,752.06,752.31,0.03,443.46,336418.35,1
2025-01-15,2025-01-15 11:46:00,752.31,752.55,752.31,752.55,0.03,443.46,336418.35,1
2025-01-15,2025-01-15 11:47:00,752.55,752.8,752.55,752.8,0.03,443.46,336418.35,1
2025-01-15,2025-01-15 11:48:00,752.8,753.05,752.8,753.05,0.03,443.46,336418.35,1
2025-01-15,2025-01-15 11:49:00,753.05,753.29,753.05,753.29,0.03,443.46,336418.35,1
2025-01-15,2025-01-15 11:50:00,753.29,753.54,753.29,753.54,0.03,443.46,336418.35,1
2025-01-15,2025-01-15 11:51:00,753.54,753.78,753.54,753.78,0.03,443.46,336418.35,1
2025-01-15,2025-01-15 11:52:00,753.78,754.03,753.78,754.03,0.03,443.46,336418.35,1
2025-01-15,2025-01-15 11:53:00,754.03,754.27,754.03,754.27,0.03,443.46,336418.35,1
2025-01-15,2025-01-15 11:54:00,754.27,754.52,754.27,754.52,0.03,443.46,336418.35,1
2025-01-15,2025-01-15 11:55:00,754.52,754.77,754.52,754.77,0.03,443.46,336418.35,1
2025-01-15,2025-01-15 11:56:00,754.77,755.01,754.77,755.01,0.03,443.46,336418.35,1
2025-01-15,2025-01-15 11:57:00,755.01,755.26,755.01,755.26,0.03,443.46,336418.35,1
2025-01-15,2025-01-15 11:58:00,755.26,755.5,755.26,755.5,0.03,443.46,336418.35,1
2025-01-15,2025-01-15 11:59:00,755.5,755.75,755.5,755.75,0.03,443.46,336418.35,1
2025-01-15,2025-01-15 12:00:00,755.75,756.0,755.75,756.0,0.03,443.46,336418.35,1
2025-01-15,2025-01-15 12:01:00,756.0,756.24,756.0,756.24,0.03,443.46,336418.35,1
2025-01-15,2025-01-15 12:02:00,756.24,756.49,756.24,756.49,0.03,443.46,336418.35,1
2025-01-15,2025-01-15 12:03:00,756.49,756.73,756.49,756.73,0.03,443.46,336418.35,1
2025-01-15,2025-01-15 12:04:00,756.73,756.98,756.73,756.98,0.03,443.46,336418.35,1
2025-01-15,2025-01-15 12:05:00,756.98,757.23,756.98,757.23,0.03,443.46,336418.35,1
2025-01-15,2025-01-15 12:06:00,757.23,757.47,757.23,757.47,0.03,443.46,336418.35,1
2025-01-15,2025-01-15 12:07:00,757.47,757.72,757.47,757.72,0.03,443.46,336418.35,1
2025-01-15,2025-01-15 12:08:00,757.72,757.96,757.72,757.96,0.03,443.46,336418.35,1
2025-01-15,2025-01-15 12:09:00,757.96,758.21,757.96,758.21,0.03,443.46,336418.35,1
2025-01-15,2025-01-15 12:10:00,758.21,758.45,758.21,758.45,0.03,443.46,336418.35,1
2025-01-15,2025-01-15 12:11:00,758.45,758.7,758.45,758.7,0.03,443.46,336418.35,1
2025-01-15,2025-01-15 12:12:00,758.7,758.95,758.7,758.95,0.03,443.46,336418.35,1
2025-01-15,2025-01-15 12:13:00,758.95,759.19,758.95,759.19,0.03,443.46,336418.35,1
2025-01-15,2025-01-15 12:14:00,759.19,759.44,759.19,759.44,0.03,443.46,336418.35,1
2025-01-15,2025-01-15 12:15:00,759.44,759.68,759.44,759.68,0.03,443.46,336418.35,1
2025-01-15,2025-01-15 12:16:00,759.68,759.93,759.68,759.93,0.03,443.46,336418.35,1
2025-01-15,2025-01-15 12:17:00,759.93,760.17,759.93,760.17,0.03,443.46,336418.35,1
2025-01-15,2025-01-15 12:18:00,760.17,760.42,760.17,760.42,0.03,443.46,336418.35,1
2025-01-15,2025-01-15 12:19:00,760.42,760.67,760.42,760.67,0.03,443.46,336418.35,1
2025-01-15,2025-01-15 12:20:00,760.67,760.91,760.67,760.91,0.03,443.46,336418.35,1
2025-01-15,2025-01-15 12:21:00,760.91,761.16,760.91,761.16,0.03,443.46,336418.35,1
2025-01-15,2025-01-15 12:22:00,761.16,761.4,761.16,761.4,0.03,443.46,336418.35,1
2025-01-15,2025-01-15 12:23:00,761.4,761.65,761.4,761.65,0.03,443.46,336418.35,1
2025-01-15,2025-01-15 12:24:00,761.65,761.9,761.65,761.9,0.03,443.46,336418.35,1
2025-01-15,2025-01-15 12:25:00,761.9,762.14,761.9,762.14,0.03,443.46,336418.35,1
2025-01-15,2025-01-15 12:26:00,762.14,762.39,762.14,762.39,0.03,443.46,336418.35,1
2025-01-15,2025-01-15 12:27:00,762.39,762.63,762.39,762.63,0.03,443.46,336418.35,1
2025-01-15,2025-01-15 12:28:00,762.63,762.88,762.63,762.88,0.03,443.46,336418.35,1
2025-01-15,2025-01-15 12:29:00,762.88,763.12,762.88,763.12,0.03,443.46,336418.35,1
2025-01-15,2025-01-15 12:30:00,763.12,763.37,763.12,763.37,0.03,443.46,336418.35,1
2025-01-15,2025-01-15 12:31:00,763.37,763.62,763.37,763.62,0.03,443.46,336418.35,1
2025-01-15,2025-01-15 12:32:00,763.62,763.86,763.62,763.86,0.03,443.46,336418.35,1
2025-01-15,2025-01-15 12:33:00,763.86,764.11,763.86,764.11,0.03,443.46,336418.35,1
2025-01-15,2025-01-15 12:34:00,764.11,764.35,764.11,764.35,0.03,443.46,336418.35,1
2025-01-15,2025-01-15 12:35:00,764.35,764.6,764.35,764.6,0.03,443.46,336418.35,1
2025-01-15,2025-01-15 12:36:00,764.6,764.85,764.6,764.85,0.03,443.46,336418.35,1
2025-01-15,2025-01-15 12:37:00,764.85,765.09,764.85,765.09,0.03,443.46,336418.35,1
2025-01-15,2025-01-15 12:38:00,765.09,765.34,765.09,765.34,0.03,443.46,336418.35,1
2025-01-15,2025-01-15 12:39:00,765.34,765.58,765.34,765.58,0.03,443.46,336418.35,1
2025-01-15,2025-01-15 12:40:00,765.58,765.83,765.58,765.83,0.03,443.46,336418.35,1
2025-01-15,2025-01-15 12:41:00,765.83,766.08,765.83,766.08,0.03,443.46,336418.35,1
2025-01-15,2025-01-15 12:42:00,766.08,766.32,766.08,766.32,0.03,443.46,336418.35,1
2025-01-15,2025-01-15 12:43:00,766.32,766.57,766.32,766.57,0.03,443.46,336418.35,1
2025-01-15,2025-01-15 12:44:00,766.57,766.81,766.57,766.81,0.03,443.46,336418.35,1
2025-01-15,2025-01-15 12:45:00,766.81,767.06,766.81,767.06,0.03,443.46,336418.35,1
2025-01-15,2025-01-15 12:46:00,767.06,767.3,767.06,767.3,0.03,443.46,336418.35,1
2025-01-15,2025-01-15 12:47:00,767.3,767.55,767.3,767.55,0.03,443.46,336418.35,1
2025-01-15,2025-01-15 12:48:00,767.55,767.8,767.55,767.8,0.03,443.46,336418.35,1
2025-01-15,2025-01-15 12:49:00,767.8,768.04,767.8,768.04,0.03,443.46,336418.35,1
2025-01-15,2025-01-15 12:50:00,768.04,768.29,768.04,768.29,0.03,443.46,336418.35,1
2025-01-15,2025-01-15 12:51:00,768.29,768.53,768.29,768.53,0.03,443.46,336418.35,1
2025-01-15,2025-01-15 12:52:00,768.53,768.78,768.53,768.78,0.03,443.46,336418.35,1
2025-01-15,2025-01-15 12:53:00,768.78,769.02,768.78,769.02,0.03,443.46,336418.35,1
2025-01-15,2025-01-15 12:54:00,769.02,769.27,769.02,769.27,0.03,443.46,336418.35,1
2025-01-15,2025-01-15 12:55:00,769.27,769.52,769.27,769.52,0.03,443.46,336418.35,1
2025-01-15,2025-01-15 12:56:00,769.52,769.76,769.52,769.76,0.03,443.46,336418.35,1
2025-01-15,2025-01-15 12:57:00,769.76,770.01,769.76,770.01,0.03,443.46,336418.35,1
2025-01-15,2025-01-15 12:58:00,770.01,770.25,770.01,770.25,0.03,443.46,336418.35,1
2025-01-15,2025-01-15 12:59:00,770.25,770.5,770.25,770.5,0.03,443.46,336418.35,1
2025-01-15,2025-01-15 13:00:00,770.5,800.0,730.0,770.75,0.03,443.46,336418.35,1
2025-01-15,2025-01-15 13:01:00,770.75,770.99,770.75,770.99,0.03,443.46,336418.35,1
2025-01-15,2025-01-15 13:02:00,770.99,771.24,770.99,771.24,0.03,443.46,336418.35,1
2025-01-15,2025-01-15 13:03:00,771.24,771.48,771.24,771.48,0.03,443.46,336418.35,1
2025-01-15,2025-01-15 13:04:00,771.48,771.73,771.48,771.73,0.03,443.46,336418.35,1
2025-01-15,2025-01-15 13:05:00,771.73,771.98,771.73,771.98,0.03,443.46,336418.35,1
2025-01-15,2025-01-15 13:06:00,771.98,772.22,771.98,772.22,0.03,443.46,336418.35,1
2025-01-15,2025-01-15 13:07:00,772.22,772.47,772.22,772.47,0.03,443.46,336418.35,1
2025-01-15,2025-01-15 13:08:00,772.47,772.71,772.47,772.71,0.03,443.46,336418.35,1
2025-01-15,2025-01-15 13:09:00,772.71,772.96,772.71,772.96,0.03,443.46,336418.35,1
2025-01-15,2025-01-15 13:10:00,772.96,773.2,772.96,773.2,0.03,443.46,336418.35,1
2025-01-15,2025-01-15 13:11:00,773.2,773.45,773.2,773.45,0.03,443.46,336418.35,1
2025-01-15,2025-01-15 13:12:00,773.45,773.7,773.45,773.7,0.03,443.46,336418.35,1
2025-01-15,2025-01-15 13:13:00,773.7,773.94,773.7,773.94,0.03,443.46,336418.35,1
2025-01-15,2025-01-15 13:14:00,773.94,774.19,773.94,774.19,0.03,443.46,336418.35,1
2025-01-15,2025-01-15 13:15:00,774.19,774.43,774.19,774.43,0.03,443.46,336418.35,1
2025-01-15,2025-01-15 13:16:00,774.43,774.68,774.43,774.68,0.03,443.46,336418.35,1
2025-01-15,2025-01-15 13:17:00,774.68,774.92,774.68,774.92,0.03,443.46,336418.35,1
2025-01-15,2025-01-15 13:18:00,774.92,775.17,774.92,775.17,0.03,443.46,336418.35,1
2025-01-15,2025-01-15 13:19:00,775.17,775.42,775.17,775.42,0.03,443.46,336418.35,1
2025-01-15,2025-01-15 13:20:00,775.42,775.66,775.42,775.66,0.03,443.46,336418.35,1
2025-01-15,2025-01-15 13:21:00,775.66,775.91,775.66,775.91,0.03,443.46,336418.35,1
2025-01-15,2025-01-15 13:22:00,775.91,776.15,775.91,776.15,0.03,443.46,336418.35,1
2025-01-15,2025-01-15 13:23:00,776.15,776.4,776.15,776.4,0.03,443.46,336418.35,1
2025-01-15,2025-01-15 13:24:00,776.4,776.65,776.4,776.65,0.03,443.46,336418.35,1
2025-01-15,2025-01-15 13:25:00,776.65,776.89,776.65,776.89,0.03,443.46,336418.35,1
2025-01-15,2025-01-15 13:26:00,776.89,777.14,776.89,777.14,0.03,443.46,336418.35,1
2025-01-15,2025-01-15 13:27:00,777.14,777.38,777.14,777.38,0.03,443.46,336418.35,1
2025-01-15,2025-01-15 13:28:00,777.38,777.63,777.38,777.63,0.03,443.46,336418.35,1
2025-01-15,2025-01-15 13:29:00,777.63,777.88,777.63,777.88,0.03,443.46,336418.35,1
2025-01-15,2025-01-15 13:30:00,777.88,778.12,777.88,778.12,0.03,443.46,336418.35,1
2025-01-15,2025-01-15 13:31:00,778.12,778.37,778.12,778.37,0.03,443.46,336418.35,1
2025-01-15,2025-01-15 13:32:00,778.37,778.61,778.37,778.61,0.03,443.46,336418.35,1
2025-01-15,2025-01-15 13:33:00,778.61,778.86,778.61,778.86,0.03,443.46,336418.35,1
2025-01-15,2025-01-15 13:34:00,778.86,779.1,778.86,779.1,0.03,443.46,336418.35,1
2025-01-15,2025-01-15 13:35:00,779.1,779.35,779.1,779.35,0.03,443.46,336418.35,1
2025-01-15,2025-01-15 13:36:00,779.35,779.6,779.35,779.6,0.03,443.46,336418.35,1
2025-01-15,2025-01-15 13:37:00,779.6,779.84,779.6,779.84,0.03,443.46,336418.35,1
2025-01-15,2025-01-15 13:38:00,779.84,780.09,779.84,780.09,0.03,443.46,336418.35,1
2025-01-15,2025-01-15 13:39:00,780.09,780.33,780.09,780.33,0.03,443.46,336418.35,1
2025-01-15,2025-01-15 13:40:00,780.33,780.58,780.33,780.58,0.03,443.46,336418.35,1
2025-01-15,2025-01-15 13:41:00,780.58,780.83,780.58,780.83,0.03,443.46,336418.35,1
2025-01-15,2025-01-15 13:42:00,780.83,781.07,780.83,781.07,0.03,443.46,336418.35,1
2025-01-15,2025-01-15 13:43:00,781.07,781.32,781.07,781.32,0.03,443.46,336418.35,1
2025-01-15,2025-01-15 13:44:00,781.32,781.56,781.32,781.56,0.03,443.46,336418.35,1
2025-01-15,2025-01-15 13:45:00,781.56,781.81,781.56,781.81,0.03,443.46,336418.35,1
2025-01-15,2025-01-15 13:46:00,781.81,782.05,781.81,782.05,0.03,443.46,336418.35,1
2025-01-15,2025-01-15 13:47:00,782.05,782.3,782.05,782.3,0.03,443.46,336418.35,1
2025-01-15,2025-01-15 13:48:00,782.3,782.55,782.3,782.55,0.03,443.46,336418.35,1
2025-01-15,2025-01-15 13:49:00,782.55,782.79,782.55,782.79,0.03,443.46,336418.35,1
2025-01-15,2025-01-15 13:50:00,782.79,783.04,782.79,783.04,0.03,443.46,336418.35,1
2025-01-15,2025-01-15 13:51:00,783.04,783.28,783.04,783.28,0.03,443.46,336418.35,1
2025-01-15,2025-01-15 13:52:00,783.28,783.53,783.28,783.53,0.03,443.46,336418.35,1
2025-01-15,2025-01-15 13:53:00,783.53,783.77,783.53,783.77,0.03,443.46,336418.35,1
2025-01-15,2025-01-15 13:54:00,783.77,784.02,783.77,784.02,0.03,443.46,336418.35,1
2025-01-15,2025-01-15 13:55:00,784.02,784.27,784.02,784.27,0.03,443.46,336418.35,1
2025-01-15,2025-01-15 13:56:00,784.27,784.51,784.27,784.51,0.03,443.46,336418.35,1
2025-01-15,2025-01-15 13:57:00,784.51,784.76,784.51,784.76,0.03,443.46,336418.35,1
2025-01-15,2025-01-15 13:58:00,784.76,785.0,784.76,785.0,0.03,443.46,336418.35,1
2025-01-15,2025-01-15 13:59:00,785.0,785.25,785.0,785.25,0.03,443.46,336418.35,1
2025-01-15,2025-01-15 14:00:00,785.25,785.5,785.25,785.5,0.03,443.46,336418.35,1
2025-01-15,2025-01-15 14:01:00,785.5,785.74,785.5,785.74,0.03,443.46,336418.35,1
2025-01-15,2025-01-15 14:02:00,785.74,785.99,785.74,785.99,0.03,443.46,336418.35,1
2025-01-15,2025-01-15 14:03:00,785.99,786.23,785.99,786.23,0.03,443.46,336418.35,1
2025-01-15,2025-01-15 14:04:00,786.23,786.48,786.23,786.48,0.03,443.46,336418.35,1
2025-01-15,2025-01-15 14:05:00,786.48,786.73,786.48,786.73,0.03,443.46,336418.35,1
2025-01-15,2025-01-15 14:06:00,786.73,786.97,786.73,786.97,0.03,443.46,336418.35,1
2025-01-15,2025-01-15 14:07:00,786.97,787.22,786.97,787.22,0.03,443.46,336418.35,1
2025-01-15,2025-01-15 14:08:00,787.22,787.46,787.22,787.46,0.03,443.46,336418.35,1
2025-01-15,2025-01-15 14:09:00,787.46,787.71,787.46,787.71,0.03,443.46,336418.35,1
2025-01-15,2025-01-15 14:10:00,787.71,787.95,787.71,787.95,0.03,443.46,336418.35,1
2025-01-15,2025-01-15 14:11:00,787.95,788.2,787.95,788.2,0.03,443.46,336418.35,1
2025-01-15,2025-01-15 14:12:00,788.2,788.45,788.2,788.45,0.03,443.46,336418.35,1
2025-01-15,2025-01-15 14:13:00,788.45,788.69,788.45,788.69,0.03,443.46,336418.35,1
2025-01-15,2025-01-15 14:14:00,788.69,788.94,788.69,788.94,0.03,443.46,336418.35,1
2025-01-15,2025-01-15 14:15:00,788.94,789.18,788.94,789.18,0.03,443.46,336418.35,1
2025-01-15,2025-01-15 14:16:00,789.18,789.43,789.18,789.43,0.03,443.46,336418.35,1
2025-01-15,2025-01-15 14:17:00,789.43,789.67,789.43,789.67,0.03,443.46,336418.35,1
2025-01-15,2025-01-15 14:18:00,789.67,789.92,789.67,789.92,0.03,443.46,336418.35,1
2025-01-15,2025-01-15 14:19:00,789.92,790.17,789.92,790.17,0.03,443.46,336418.35,1
2025-01-15,2025-01-15 14:20:00,790.17,790.41,790.17,790.41,0.03,443.46,336418.35,1
2025-01-15,2025-01-15 14:21:00,790.41,790.66,790.41,790.66,0.03,443.46,336418.35,1
2025-01-15,2025-01-15 14:22:00,790.66,790.9,790.66,790.9,0.03,443.46,336418.35,1
2025-01-15,2025-01-15 14:23:00,790.9,791.15,790.9,791.15,0.03,443.46,336418.35,1
2025-01-15,2025-01-15 14:24:00,791.15,791.4,791.15,791.4,0.03,443.46,336418.35,1
2025-01-15,2025-01-15 14:25:00,791.4,791.64,791.4,791.64,0.03,443.46,336418.35,1
2025-01-15,2025-01-15 14:26:00,791.64,791.89,791.64,791.89,0.03,443.46,336418.35,1
2025-01-15,2025-01-15 14:27:00,791.89,792.13,791.89,792.13,0.03,443.46,336418.35,1
2025-01-15,2025-01-15 14:28:00,792.13,792.38,792.13,792.38,0.03,443.46,336418.35,1
2025-01-15,2025-01-15 14:29:00,792.38,792.62,792.38,792.62,0.03,443.46,336418.35,1
2025-01-15,2025-01-15 14:30:00,792.62,792.87,792.62,792.87,0.03,443.46,336418.35,1
2025-01-15,2025-01-15 14:31:00,792.87,793.12,792.87,793.12,0.03,443.46,336418.35,1
2025-01-15,2025-01-15 14:32:00,793.12,793.36,793.12,793.36,0.03,443.46,336418.35,1
2025-01-15,2025-01-15 14:33:00,793.36,793.61,793.36,793.61,0.03,443.46,336418.35,1
2025-01-15,2025-01-15 14:34:00,793.61,793.85,793.61,793.85,0.03,443.46,336418.35,1
2025-01-15,2025-01-15 14:35:00,793.85,794.1,793.85,794.1,0.03,443.46,336418.35,1
2025-01-15,2025-01-15 14:36:00,794.1,794.35,794.1,794.35,0.03,443.46,336418.35,1
2025-01-15,2025-01-15 14:37:00,794.35,794.59,794.35,794.59,0.03,443.46,336418.35,1
2025-01-15,2025-01-15 14:38:00,794.59,794.84,794.59,794.84,0.03,443.46,336418.35,1
2025-01-15,2025-01-15 14:39:00,794.84,795.08,794.84,795.08,0.03,443.46,336418.35,1
2025-01-15,2025-01-15 14:40:00,795.08,795.33,795.08,795.33,0.03,443.46,336418.35,1
2025-01-15,2025-01-15 14:41:00,795.33,795.58,795.33,795.58,0.03,443.46,336418.35,1
2025-01-15,2025-01-15 14:42:00,795.58,795.82,795.58,795.82,0.03,443.46,336418.35,1
2025-01-15,2025-01-15 14:43:00,795.82,796.07,795.82,796.07,0.03,443.46,336418.35,1
2025-01-15,2025-01-15 14:44:00,796.07,796.31,796.07,796.31,0.03,443.46,336418.35,1
2025-01-15,2025-01-15 14:45:00,796.31,796.56,796.31,796.56,0.03,443.46,336418.35,1
2025-01-15,2025-01-15 14:46:00,796.56,796.8,796.56,796.8,0.03,443.46,336418.35,1
2025-01-15,2025-01-15 14:47:00,796.8,797.05,796.8,797.05,0.03,443.46,336418.35,1
2025-01-15,2025-01-15 14:48:00,797.05,797.3,797.05,797.3,0.03,443.46,336418.35,1
2025-01-15,2025-01-15 14:49:00,797.3,797.54,797.3,797.54,0.03,443.46,336418.35,1
2025-01-15,2025-01-15 14:50:00,797.54,797.79,797.54,797.79,0.03,443.46,336418.35,1
2025-01-15,2025-01-15 14:51:00,797.79,798.03,797.79,798.03,0.03,443.46,336418.35,1
2025-01-15,2025-01-15 14:52:00,798.03,798.28,798.03,798.28,0.03,443.46,336418.35,1
2025-01-15,2025-01-15 14:53:00,798.28,798.52,798.28,798.52,0.03,443.46,336418.35,1
2025-01-15,2025-01-15 14:54:00,798.52,798.77,798.52,798.77,0.03,443.46,336418.35,1
2025-01-15,2025-01-15 14:55:00,798.77,799.02,798.77,799.02,0.03,443.46,336418.35,1
2025-01-15,2025-01-15 14:56:00,799.02,799.26,799.02,799.26,0.03,443.46,336418.35,1
2025-01-15,2025-01-15 14:57:00,799.26,799.51,799.26,799.51,0.03,443.46,336418.35,1
2025-01-15,2025-01-15 14:58:00,799.51,799.75,799.51,799.75,0.03,443.46,336418.35,1
2025-01-15,2025-01-15 14:59:00,799.75,800.0,799.75,800.0,0.03,443.46,336418.35,1
2025-01-15,2025-01-15 15:00:00,800.0,800.0,730.0,800.0,0.0,443.46,336418.35,0
2025-01-16,2025-01-16 11:00:00,784.0,803.8,778.33,784.26,0.03,383.08,301885.98,1
2025-01-16,2025-01-16 11:01:00,784.26,784.52,784.26,784.52,0.03,383.08,301885.98,1
2025-01-16,2025-01-16 11:02:00,784.52,784.79,784.52,784.79,0.03,383.08,301885.98,1
2025-01-16,2025-01-16 11:03:00,784.79,785.05,784.79,785.05,0.03,383.08,301885.98,1
2025-01-16,2025-01-16 11:04:00,785.05,785.31,785.05,785.31,0.03,383.08,301885.98,1
2025-01-16,2025-01-16 11:05:00,785.31,785.58,785.31,785.58,0.03,383.08,301885.98,1
2025-01-16,2025-01-16 11:06:00,785.58,785.84,785.58,785.84,0.03,383.08,301885.98,1
2025-01-16,2025-01-16 11:07:00,785.84,786.1,785.84,786.1,0.03,383.08,301885.98,1
2025-01-16,2025-01-16 11:08:00,786.1,786.36,786.1,786.36,0.03,383.08,301885.98,1
2025-01-16,2025-01-16 11:09:00,786.36,786.62,786.36,786.62,0.03,383.08,301885.98,1
2025-01-16,2025-01-16 11:10:00,786.62,786.89,786.62,786.89,0.03,383.08,301885.98,1
2025-01-16,2025-01-16 11:11:00,786.89,787.15,786.89,787.15,0.03,383.08,301885.98,1
2025-01-16,2025-01-16 11:12:00,787.15,787.41,787.15,787.41,0.03,383.08,301885.98,1
2025-01-16,2025-01-16 11:13:00,787.41,787.67,787.41,787.67,0.03,383.08,301885.98,1
2025-01-16,2025-01-16 11:14:00,787.67,787.94,787.67,787.94,0.03,383.08,301885.98,1
2025-01-16,2025-01-16 11:15:00,787.94,788.2,787.94,788.2,0.03,383.08,301885.98,1
2025-01-16,2025-01-16 11:16:00,788.2,788.46,788.2,788.46,0.03,383.08,301885.98,1
2025-01-16,2025-01-16 11:17:00,788.46,788.73,788.46,788.73,0.03,383.08,301885.98,1
2025-01-16,2025-01-16 11:18:00,788.73,788.99,788.73,788.99,0.03,383.08,301885.98,1
2025-01-16,2025-01-16 11:19:00,788.99,789.25,788.99,789.25,0.03,383.08,301885.98,1
2025-01-16,2025-01-16 11:20:00,789.25,789.51,789.25,789.51,0.03,383.08,301885.98,1
2025-01-16,2025-01-16 11:21:00,789.51,789.77,789.51,789.77,0.03,383.08,301885.98,1
2025-01-16,2025-01-16 11:22:00,789.77,790.04,789.77,790.04,0.03,383.08,301885.98,1
2025-01-16,2025-01-16 11:23:00,790.04,790.3,790.04,790.3,0.03,383.08,301885.98,1
2025-01-16,2025-01-16 11:24:00,790.3,790.56,790.3,790.56,0.03,383.08,301885.98,1
2025-01-16,2025-01-16 11:25:00,790.56,790.83,790.56,790.83,0.03,383.08,301885.98,1
2025-01-16,2025-01-16 11:26:00,790.83,791.09,790.83,791.09,0.03,383.08,301885.98,1
2025-01-16,2025-01-16 11:27:00,791.09,791.35,791.09,791.35,0.03,383.08,301885.98,1
2025-01-16,2025-01-16 11:28:00,791.35,791.61,791.35,791.61,0.03,383.08,301885.98,1
2025-01-16,2025-01-16 11:29:00,791.61,791.88,791.61,791.88,0.03,383.08,301885.98,1
2025-01-16,2025-01-16 11:30:00,791.88,792.14,791.88,792.14,0.03,383.08,301885.98,1
2025-01-16,2025-01-16 11:31:00,792.14,792.4,792.14,792.4,0.03,383.08,301885.98,1
2025-01-16,2025-01-16 11:32:00,792.4,792.66,792.4,792.66,0.03,383.08,301885.98,1
2025-01-16,2025-01-16 11:33:00,792.66,792.92,792.66,792.92,0.03,383.08,301885.98,1
2025-01-16,2025-01-16 11:34:00,792.92,793.19,792.92,793.19,0.03,383.08,301885.98,1
2025-01-16,2025-01-16 11:35:00,793.19,793.45,793.19,793.45,0.03,383.08,301885.98,1
2025-01-16,2025-01-16 11:36:00,793.45,793.71,793.45,793.71,0.03,383.08,301885.98,1
2025-01-16,2025-01-16 11:37:00,793.71,793.98,793.71,793.98,0.03,383.08,301885.98,1
2025-01-16,2025-01-16 11:38:00,793.98,794.24,793.98,794.24,0.03,383.08,301885.98,1
2025-01-16,2025-01-16 11:39:00,794.24,794.5,794.24,794.5,0.03,383.08,301885.98,1
2025-01-16,2025-01-16 11:40:00,794.5,794.76,794.5,794.76,0.03,383.08,301885.98,1
2025-01-16,2025-01-16 11:41:00,794.76,795.02,794.76,795.02,0.03,383.08,301885.98,1
2025-01-16,2025-01-16 11:42:00,795.02,795.29,795.02,795.29,0.03,383.08,301885.98,1
2025-01-16,2025-01-16 11:43:00,795.29,795.55,795.29,795.55,0.03,383.08,301885.98,1
2025-01-16,2025-01-16 11:44:00,795.55,795.81,795.55,795.81,0.03,383.08,301885.98,1
2025-01-16,2025-01-16 11:45:00,795.81,796.08,795.81,796.08,0.03,383.08,301885.98,1
2025-01-16,2025-01-16 11:46:00,796.08,796.34,796.08,796.34,0.03,383.08,301885.98,1
2025-01-16,2025-01-16 11:47:00,796.34,796.6,796.34,796.6,0.03,383.08,301885.98,1
2025-01-16,2025-01-16 11:48:00,796.6,796.86,796.6,796.86,0.03,383.08,301885.98,1
2025-01-16,2025-01-16 11:49:00,796.86,797.12,796.86,797.12,0.03,383.08,301885.98,1
2025-01-16,2025-01-16 11:50:00,797.12,797.39,797.12,797.39,0.03,383.08,301885.98,1
2025-01-16,2025-01-16 11:51:00,797.39,797.65,797.39,797.65,0.03,383.08,301885.98,1
2025-01-16,2025-01-16 11:52:00,797.65,797.91,797.65,797.91,0.03,383.08,301885.98,1
2025-01-16,2025-01-16 11:53:00,797.91,798.17,797.91,798.17,0.03,383.08,301885.98,1
2025-01-16,2025-01-16 11:54:00,798.17,798.44,798.17,798.44,0.03,383.08,301885.98,1
2025-01-16,2025-01-16 11:55:00,798.44,798.7,798.44,798.7,0.03,383.08,301885.98,1
2025-01-16,2025-01-16 11:56:00,798.7,798.96,798.7,798.96,0.03,383.08,301885.98,1
2025-01-16,2025-01-16 11:57:00,798.96,799.23,798.96,799.23,0.03,383.08,301885.98,1
2025-01-16,2025-01-16 11:58:00,799.23,799.49,799.23,799.49,0.03,383.08,301885.98,1
2025-01-16,2025-01-16 11:59:00,799.49,799.75,799.49,799.75,0.03,383.08,301885.98,1
2025-01-16,2025-01-16 12:00:00,799.75,800.01,799.75,800.01,0.03,383.08,301885.98,1
2025-01-16,2025-01-16 12:01:00,800.01,800.27,800.01,800.27,0.03,383.08,301885.98,1
2025-01-16,2025-01-16 12:02:00,800.27,800.54,800.27,800.54,0.03,383.08,301885.98,1
2025-01-16,2025-01-16 12:03:00,800.54,800.8,800.54,800.8,0.03,383.08,301885.98,1
2025-01-16,2025-01-16 12:04:00,800.8,801.06,800.8,801.06,0.03,383.08,301885.98,1
2025-01-16,2025-01-16 12:05:00,801.06,801.33,801.06,801.33,0.03,383.08,301885.98,1
2025-01-16,2025-01-16 12:06:00,801.33,801.59,801.33,801.59,0.03,383.08,301885.98,1
2025-01-16,2025-01-16 12:07:00,801.59,801.85,801.59,801.85,0.03,383.08,301885.98,1
2025-01-16,2025-01-16 12:08:00,801.85,802.11,801.85,802.11,0.03,383.08,301885.98,1
2025-01-16,2025-01-16 12:09:00,802.11,802.38,802.11,802.38,0.03,383.08,301885.98,1
2025-01-16,2025-01-16 12:10:00,802.38,802.64,802.38,802.64,0.03,383.08,301885.98,1
2025-01-16,2025-01-16 12:11:00,802.64,802.9,802.64,802.9,0.03,383.08,301885.98,1
2025-01-16,2025-01-16 12:12:00,802.9,803.16,802.9,803.16,0.03,383.08,301885.98,1
2025-01-16,2025-01-16 12:13:00,803.16,803.42,803.16,803.42,0.03,383.08,301885.98,1
2025-01-16,2025-01-16 12:14:00,803.42,803.69,803.42,803.69,0.03,383.08,301885.98,1
2025-01-16,2025-01-16 12:15:00,803.69,803.95,803.69,803.95,0.03,383.08,301885.98,1
2025-01-16,2025-01-16 12:16:00,803.95,804.21,803.95,804.21,0.03,383.08,301885.98,1
2025-01-16,2025-01-16 12:17:00,804.21,804.48,804.21,804.48,0.03,383.08,301885.98,1
2025-01-16,2025-01-16 12:18:00,804.48,804.74,804.48,804.74,0.03,383.08,301885.98,1
2025-01-16,2025-01-16 12:19:00,804.74,805.0,804.74,805.0,0.03,383.08,301885.98,1
2025-01-16,2025-01-16 12:20:00,805.0,805.26,805.0,805.26,0.03,383.08,301885.98,1
2025-01-16,2025-01-16 12:21:00,805.26,805.52,805.26,805.52,0.03,383.08,301885.98,1
2025-01-16,2025-01-16 12:22:00,805.52,805.79,805.52,805.79,0.03,383.08,301885.98,1
2025-01-16,2025-01-16 12:23:00,805.79,806.05,805.79,806.05,0.03,383.08,301885.98,1
2025-01-16,2025-01-16 12:24:00,806.05,806.31,806.05,806.31,0.03,383.08,301885.98,1
2025-01-16,2025-01-16 12:25:00,806.31,806.58,806.31,806.58,0.03,383.08,301885.98,1
2025-01-16,2025-01-16 12:26:00,806.58,806.84,806.58,806.84,0.03,383.08,301885.98,1
2025-01-16,2025-01-16 12:27:00,806.84,807.1,806.84,807.1,0.03,383.08,301885.98,1
2025-01-16,2025-01-16 12:28:00,807.1,807.36,807.1,807.36,0.03,383.08,301885.98,1
2025-01-16,2025-01-16 12:29:00,807.36,807.62,807.36,807.62,0.03,383.08,301885.98,1
2025-01-16,2025-01-16 12:30:00,807.62,807.89,807.62,807.89,0.03,383.08,301885.98,1
2025-01-16,2025-01-16 12:31:00,807.89,808.15,807.89,808.15,0.03,383.08,301885.98,1
2025-01-16,2025-01-16 12:32:00,808.15,808.41,808.15,808.41,0.03,383.08,301885.98,1
2025-01-16,2025-01-16 12:33:00,808.41,808.67,808.41,808.67,0.03,383.08,301885.98,1
2025-01-16,2025-01-16 12:34:00,808.67,808.94,808.67,808.94,0.03,383.08,301885.98,1
2025-01-16,2025-01-16 12:35:00,808.94,809.2,808.94,809.2,0.03,383.08,301885.98,1
2025-01-16,2025-01-16 12:36:00,809.2,809.46,809.2,809.46,0.03,383.08,301885.98,1
2025-01-16,2025-01-16 12:37:00,809.46,809.73,809.46,809.73,0.03,383.08,301885.98,1
2025-01-16,2025-01-16 12:38:00,809.73,809.99,809.73,809.99,0.03,383.08,301885.98,1
2025-01-16,2025-01-16 12:39:00,809.99,810.25,809.99,810.25,0.03,383.08,301885.98,1
2025-01-16,2025-01-16 12:40:00,810.25,810.51,810.25,810.51,0.03,383.08,301885.98,1
2025-01-16,2025-01-16 12:41:00,810.51,810.77,810.51,810.77,0.03,383.08,301885.98,1
2025-01-16,2025-01-16 12:42:00,810.77,811.04,810.77,811.04,0.03,383.08,301885.98,1
2025-01-16,2025-01-16 12:43:00,811.04,811.3,811.04,811.3,0.03,383.08,301885.98,1
2025-01-16,2025-01-16 12:44:00,811.3,811.56,811.3,811.56,0.03,383.08,301885.98,1
2025-01-16,2025-01-16 12:45:00,811.56,811.83,811.56,811.83,0.03,383.08,301885.98,1
2025-01-16,2025-01-16 12:46:00,811.83,812.09,811.83,812.09,0.03,383.08,301885.98,1
2025-01-16,2025-01-16 12:47:00,812.09,812.35,812.09,812.35,0.03,383.08,301885.98,1
2025-01-16,2025-01-16 12:48:00,812.35,812.61,812.35,812.61,0.03,383.08,301885.98,1
2025-01-16,2025-01-16 12:49:00,812.61,812.88,812.61,812.88,0.03,383.08,301885.98,1
2025-01-16,2025-01-16 12:50:00,812.88,813.14,812.88,813.14,0.03,383.08,301885.98,1
2025-01-16,2025-01-16 12:51:00,813.14,813.4,813.14,813.4,0.03,383.08,301885.98,1
2025-01-16,2025-01-16 12:52:00,813.4,813.66,813.4,813.66,0.03,383.08,301885.98,1
2025-01-16,2025-01-16 12:53:00,813.66,813.92,813.66,813.92,0.03,383.08,301885.98,1
2025-01-16,2025-01-16 12:54:00,813.92,814.19,813.92,814.19,0.03,383.08,301885.98,1
2025-01-16,2025-01-16 12:55:00,814.19,814.45,814.19,814.45,0.03,383.08,301885.98,1
2025-01-16,2025-01-16 12:56:00,814.45,814.71,814.45,814.71,0.03,383.08,301885.98,1
2025-01-16,2025-01-16 12:57:00,814.71,814.98,814.71,814.98,0.03,383.08,301885.98,1
2025-01-16,2025-01-16 12:58:00,814.98,815.24,814.98,815.24,0.03,383.08,301885.98,1
2025-01-16,2025-01-16 12:59:00,815.24,815.5,815.24,815.5,0.03,383.08,301885.98,1
2025-01-16,2025-01-16 13:00:00,815.5,850.0,765.1,815.76,0.03,383.08,301885.98,1
2025-01-16,2025-01-16 13:01:00,815.76,816.02,815.76,816.02,0.03,383.08,301885.98,1
2025-01-16,2025-01-16 13:02:00,816.02,816.29,816.02,816.29,0.03,383.08,301885.98,1
2025-01-16,2025-01-16 13:03:00,816.29,816.55,816.29,816.55,0.03,383.08,301885.98,1
2025-01-16,2025-01-16 13:04:00,816.55,816.81,816.55,816.81,0.03,383.08,301885.98,1
2025-01-16,2025-01-16 13:05:00,816.81,817.08,816.81,817.08,0.03,383.08,301885.98,1
2025-01-16,2025-01-16 13:06:00,817.08,817.34,817.08,817.34,0.03,383.08,301885.98,1
2025-01-16,2025-01-16 13:07:00,817.34,817.6,817.34,817.6,0.03,383.08,301885.98,1
2025-01-16,2025-01-16 13:08:00,817.6,817.86,817.6,817.86,0.03,383.08,301885.98,1
2025-01-16,2025-01-16 13:09:00,817.86,818.12,817.86,818.12,0.03,383.08,301885.98,1
2025-01-16,2025-01-16 13:10:00,818.12,818.39,818.12,818.39,0.03,383.08,301885.98,1
2025-01-16,2025-01-16 13:11:00,818.39,818.65,818.39,818.65,0.03,383.08,301885.98,1
2025-01-16,2025-01-16 13:12:00,818.65,818.91,818.65,818.91,0.03,383.08,301885.98,1
2025-01-16,2025-01-16 13:13:00,818.91,819.17,818.91,819.17,0.03,383.08,301885.98,1
2025-01-16,2025-01-16 13:14:00,819.17,819.44,819.17,819.44,0.03,383.08,301885.98,1
2025-01-16,2025-01-16 13:15:00,819.44,819.7,819.44,819.7,0.03,383.08,301885.98,1
2025-01-16,2025-01-16 13:16:00,819.7,819.96,819.7,819.96,0.03,383.08,301885.98,1
2025-01-16,2025-01-16 13:17:00,819.96,820.23,819.96,820.23,0.03,383.08,301885.98,1
2025-01-16,2025-01-16 13:18:00,820.23,820.49,820.23,820.49,0.03,383.08,301885.98,1
2025-01-16,2025-01-16 13:19:00,820.49,820.75,820.49,820.75,0.03,383.08,301885.98,1
2025-01-16,2025-01-16 13:20:00,820.75,821.01,820.75,821.01,0.03,383.08,301885.98,1
2025-01-16,2025-01-16 13:21:00,821.01,821.27,821.01,821.27,0.03,383.08,301885.98,1
2025-01-16,2025-01-16 13:22:00,821.27,821.54,821.27,821.54,0.03,383.08,301885.98,1
2025-01-16,2025-01-16 13:23:00,821.54,821.8,821.54,821.8,0.03,383.08,301885.98,1
2025-01-16,2025-01-16 13:24:00,821.8,822.06,821.8,822.06,0.03,383.08,301885.98,1
2025-01-16,2025-01-16 13:25:00,822.06,822.33,822.06,822.33,0.03,383.08,301885.98,1
2025-01-16,2025-01-16 13:26:00,822.33,822.59,822.33,822.59,0.03,383.08,301885.98,1
2025-01-16,2025-01-16 13:27:00,822.59,822.85,822.59,822.85,0.03,383.08,301885.98,1
2025-01-16,2025-01-16 13:28:00,822.85,823.11,822.85,823.11,0.03,383.08,301885.98,1
2025-01-16,2025-01-16 13:29:00,823.11,823.38,823.11,823.38,0.03,383.08,301885.98,1
2025-01-16,2025-01-16 13:30:00,823.38,823.64,823.38,823.64,0.03,383.08,301885.98,1
2025-01-16,2025-01-16 13:31:00,823.64,823.9,823.64,823.9,0.03,383.08,301885.98,1
2025-01-16,2025-01-16 13:32:00,823.9,824.16,823.9,824.16,0.03,383.08,301885.98,1
2025-01-16,2025-01-16 13:33:00,824.16,824.42,824.16,824.42,0.03,383.08,301885.98,1
2025-01-16,2025-01-16 13:34:00,824.42,824.69,824.42,824.69,0.03,383.08,301885.98,1
2025-01-16,2025-01-16 13:35:00,824.69,824.95,824.69,824.95,0.03,383.08,301885.98,1
2025-01-16,2025-01-16 13:36:00,824.95,825.21,824.95,825.21,0.03,383.08,301885.98,1
2025-01-16,2025-01-16 13:37:00,825.21,825.48,825.21,825.48,0.03,383.08,301885.98,1
2025-01-16,2025-01-16 13:38:00,825.48,825.74,825.48,825.74,0.03,383.08,301885.98,1
2025-01-16,2025-01-16 13:39:00,825.74,826.0,825.74,826.0,0.03,383.08,301885.98,1
2025-01-16,2025-01-16 13:40:00,826.0,826.26,826.0,826.26,0.03,383.08,301885.98,1
2025-01-16,2025-01-16 13:41:00,826.26,826.52,826.26,826.52,0.03,383.08,301885.98,1
2025-01-16,2025-01-16 13:42:00,826.52,826.79,826.52,826.79,0.03,383.08,301885.98,1
2025-01-16,2025-01-16 13:43:00,826.79,827.05,826.79,827.05,0.03,383.08,301885.98,1
2025-01-16,2025-01-16 13:44:00,827.05,827.31,827.05,827.31,0.03,383.08,301885.98,1
2025-01-16,2025-01-16 13:45:00,827.31,827.58,827.31,827.58,0.03,383.08,301885.98,1
2025-01-16,2025-01-16 13:46:00,827.58,827.84,827.58,827.84,0.03,383.08,301885.98,1
2025-01-16,2025-01-16 13:47:00,827.84,828.1,827.84,828.1,0.03,383.08,301885.98,1
2025-01-16,2025-01-16 13:48:00,828.1,828.36,828.1,828.36,0.03,383.08,301885.98,1
2025-01-16,2025-01-16 13:49:00,828.36,828.62,828.36,828.62,0.03,383.08,301885.98,1
2025-01-16,2025-01-16 13:50:00,828.62,828.89,828.62,828.89,0.03,383.08,301885.98,1
2025-01-16,2025-01-16 13:51:00,828.89,829.15,828.89,829.15,0.03,383.08,301885.98,1
2025-01-16,2025-01-16 13:52:00,829.15,829.41,829.15,829.41,0.03,383.08,301885.98,1
2025-01-16,2025-01-16 13:53:00,829.41,829.67,829.41,829.67,0.03,383.08,301885.98,1
2025-01-16,2025-01-16 13:54:00,829.67,829.94,829.67,829.94,0.03,383.08,301885.98,1
2025-01-16,2025-01-16 13:55:00,829.94,830.2,829.94,830.2,0.03,383.08,301885.98,1
2025-01-16,2025-01-16 13:56:00,830.2,830.46,830.2,830.46,0.03,383.08,301885.98,1
2025-01-16,2025-01-16 13:57:00,830.46,830.73,830.46,830.73,0.03,383.08,301885.98,1
2025-01-16,2025-01-16 13:58:00,830.73,830.99,830.73,830.99,0.03,383.08,301885.98,1
2025-01-16,2025-01-16 13:59:00,830.99,831.25,830.99,831.25,0.03,383.08,301885.98,1
2025-01-16,2025-01-16 14:00:00,831.25,831.51,831.25,831.51,0.03,383.08,301885.98,1
2025-01-16,2025-01-16 14:01:00,831.51,831.77,831.51,831.77,0.03,383.08,301885.98,1
2025-01-16,2025-01-16 14:02:00,831.77,832.04,831.77,832.04,0.03,383.08,301885.98,1
2025-01-16,2025-01-16 14:03:00,832.04,832.3,832.04,832.3,0.03,383.08,301885.98,1
2025-01-16,2025-01-16 14:04:00,832.3,832.56,832.3,832.56,0.03,383.08,301885.98,1
2025-01-16,2025-01-16 14:05:00,832.56,832.83,832.56,832.83,0.03,383.08,301885.98,1
2025-01-16,2025-01-16 14:06:00,832.83,833.09,832.83,833.09,0.03,383.08,301885.98,1
2025-01-16,2025-01-16 14:07:00,833.09,833.35,833.09,833.35,0.03,383.08,301885.98,1
2025-01-16,2025-01-16 14:08:00,833.35,833.61,833.35,833.61,0.03,383.08,301885.98,1
2025-01-16,2025-01-16 14:09:00,833.61,833.88,833.61,833.88,0.03,383.08,301885.98,1
2025-01-16,2025-01-16 14:10:00,833.88,834.14,833.88,834.14,0.03,383.08,301885.98,1
2025-01-16,2025-01-16 14:11:00,834.14,834.4,834.14,834.4,0.03,383.08,301885.98,1
2025-01-16,2025-01-16 14:12:00,834.4,834.66,834.4,834.66,0.03,383.08,301885.98,1
2025-01-16,2025-01-16 14:13:00,834.66,834.92,834.66,834.92,0.03,383.08,301885.98,1
2025-01-16,2025-01-16 14:14:00,834.92,835.19,834.92,835.19,0.03,383.08,301885.98,1
2025-01-16,2025-01-16 14:15:00,835.19,835.45,835.19,835.45,0.03,383.08,301885.98,1
2025-01-16,2025-01-16 14:16:00,835.45,835.71,835.45,835.71,0.03,383.08,301885.98,1
2025-01-16,2025-01-16 14:17:00,835.71,835.98,835.71,835.98,0.03,383.08,301885.98,1
2025-01-16,2025-01-16 14:18:00,835.98,836.24,835.98,836.24,0.03,383.08,301885.98,1
2025-01-16,2025-01-16 14:19:00,836.24,836.5,836.24,836.5,0.03,383.08,301885.98,1
2025-01-16,2025-01-16 14:20:00,836.5,836.76,836.5,836.76,0.03,383.08,301885.98,1
2025-01-16,2025-01-16 14:21:00,836.76,837.02,836.76,837.02,0.03,383.08,301885.98,1
2025-01-16,2025-01-16 14:22:00,837.02,837.29,837.02,837.29,0.03,383.08,301885.98,1
2025-01-16,2025-01-16 14:23:00,837.29,837.55,837.29,837.55,0.03,383.08,301885.98,1
2025-01-16,2025-01-16 14:24:00,837.55,837.81,837.55,837.81,0.03,383.08,301885.98,1
2025-01-16,2025-01-16 14:25:00,837.81,838.08,837.81,838.08,0.03,383.08,301885.98,1
2025-01-16,2025-01-16 14:26:00,838.08,838.34,838.08,838.34,0.03,383.08,301885.98,1
2025-01-16,2025-01-16 14:27:00,838.34,838.6,838.34,838.6,0.03,383.08,301885.98,1
2025-01-16,2025-01-16 14:28:00,838.6,838.86,838.6,838.86,0.03,383.08,301885.98,1
2025-01-16,2025-01-16 14:29:00,838.86,839.12,838.86,839.12,0.03,383.08,301885.98,1
2025-01-16,2025-01-16 14:30:00,839.12,839.39,839.12,839.39,0.03,383.08,301885.98,1
2025-01-16,2025-01-16 14:31:00,839.39,839.65,839.39,839.65,0.03,383.08,301885.98,1
2025-01-16,2025-01-16 14:32:00,839.65,839.91,839.65,839.91,0.03,383.08,301885.98,1
2025-01-16,2025-01-16 14:33:00,839.91,840.17,839.91,840.17,0.03,383.08,301885.98,1
2025-01-16,2025-01-16 14:34:00,840.17,840.44,840.17,840.44,0.03,383.08,301885.98,1
2025-01-16,2025-01-16 14:35:00,840.44,840.7,840.44,840.7,0.03,383.08,301885.98,1
2025-01-16,2025-01-16 14:36:00,840.7,840.96,840.7,840.96,0.03,383.08,301885.98,1
2025-01-16,2025-01-16 14:37:00,840.96,841.23,840.96,841.23,0.03,383.08,301885.98,1
2025-01-16,2025-01-16 14:38:00,841.23,841.49,841.23,841.49,0.03,383.08,301885.98,1
2025-01-16,2025-01-16 14:39:00,841.49,841.75,841.49,841.75,0.03,383.08,301885.98,1
2025-01-16,2025-01-16 14:40:00,841.75,842.01,841.75,842.01,0.03,383.08,301885.98,1
2025-01-16,2025-01-16 14:41:00,842.01,842.27,842.01,842.27,0.03,383.08,301885.98,1
2025-01-16,2025-01-16 14:42:00,842.27,842.54,842.27,842.54,0.03,383.08,301885.98,1
2025-01-16,2025-01-16 14:43:00,842.54,842.8,842.54,842.8,0.03,383.08,301885.98,1
2025-01-16,2025-01-16 14:44:00,842.8,843.06,842.8,843.06,0.03,383.08,301885.98,1
2025-01-16,2025-01-16 14:45:00,843.06,843.33,843.06,843.33,0.03,383.08,301885.98,1
2025-01-16,2025-01-16 14:46:00,843.33,843.59,843.33,843.59,0.03,383.08,301885.98,1
2025-01-16,2025-01-16 14:47:00,843.59,843.85,843.59,843.85,0.03,383.08,301885.98,1
2025-01-16,2025-01-16 14:48:00,843.85,844.11,843.85,844.11,0.03,383.08,301885.98,1
2025-01-16,2025-01-16 14:49:00,844.11,844.38,844.11,844.38,0.03,383.08,301885.98,1
2025-01-16,2025-01-16 14:50:00,844.38,844.64,844.38,844.64,0.03,383.08,301885.98,1
2025-01-16,2025-01-16 14:51:00,844.64,844.9,844.64,844.9,0.03,383.08,301885.98,1
2025-01-16,2025-01-16 14:52:00,844.9,845.16,844.9,845.16,0.03,383.08,301885.98,1
2025-01-16,2025-01-16 14:53:00,845.16,845.42,845.16,845.42,0.03,383.08,301885.98,1
2025-01-16,2025-01-16 14:54:00,845.42,845.69,845.42,845.69,0.03,383.08,301885.98,1
2025-01-16,2025-01-16 14:55:00,845.69,845.95,845.69,845.95,0.03,383.08,301885.98,1
2025-01-16,2025-01-16 14:56:00,845.95,846.21,845.95,846.21,0.03,383.08,301885.98,1
2025-01-16,2025-01-16 14:57:00,846.21,846.48,846.21,846.48,0.03,383.08,301885.98,1
2025-01-16,2025-01-16 14:58:00,846.48,846.74,846.48,846.74,0.03,383.08,301885.98,1
2025-01-16,2025-01-16 14:59:00,846.74,847.0,846.74,847.0,0.03,383.08,301885.98,1
2025-01-16,2025-01-16 15:00:00,847.0,850.0,765.1,847.0,0.0,383.08,301885.98,0
2025-01-19,2025-01-19 11:00:00,845.0,850.07,820.19,845.07,0.01,539.63,427204.88,1
2025-01-19,2025-01-19 11:01:00,845.07,845.14,845.07,845.14,0.01,539.63,427204.88,1
2025-01-19,2025-01-19 11:02:00,845.14,845.21,845.14,845.21,0.01,539.63,427204.88,1
2025-01-19,2025-01-19 11:03:00,845.21,845.28,845.21,845.28,0.01,539.63,427204.88,1
2025-01-19,2025-01-19 11:04:00,845.28,845.35,845.28,845.35,0.01,539.63,427204.88,1
2025-01-19,2025-01-19 11:05:00,845.35,845.42,845.35,845.42,0.01,539.63,427204.88,1
2025-01-19,2025-01-19 11:06:00,845.42,845.49,845.42,845.49,0.01,539.63,427204.88,1
2025-01-19,2025-01-19 11:07:00,845.49,845.56,845.49,845.56,0.01,539.63,427204.88,1
2025-01-19,2025-01-19 11:08:00,845.56,845.63,845.56,845.63,0.01,539.63,427204.88,1
2025-01-19,2025-01-19 11:09:00,845.63,845.7,845.63,845.7,0.01,539.63,427204.88,1
2025-01-19,2025-01-19 11:10:00,845.7,845.77,845.7,845.77,0.01,539.63,427204.88,1
2025-01-19,2025-01-19 11:11:00,845.77,845.85,845.77,845.85,0.01,539.63,427204.88,1
2025-01-19,2025-01-19 11:12:00,845.85,845.92,845.85,845.92,0.01,539.63,427204.88,1
2025-01-19,2025-01-19 11:13:00,845.92,845.99,845.92,845.99,0.01,539.63,427204.88,1
2025-01-19,2025-01-19 11:14:00,845.99,846.06,845.99,846.06,0.01,539.63,427204.88,1
2025-01-19,2025-01-19 11:15:00,846.06,846.13,846.06,846.13,0.01,539.63,427204.88,1
2025-01-19,2025-01-19 11:16:00,846.13,846.2,846.13,846.2,0.01,539.63,427204.88,1
2025-01-19,2025-01-19 11:17:00,846.2,846.27,846.2,846.27,0.01,539.63,427204.88,1
2025-01-19,2025-01-19 11:18:00,846.27,846.34,846.27,846.34,0.01,539.63,427204.88,1
2025-01-19,2025-01-19 11:19:00,846.34,846.41,846.34,846.41,0.01,539.63,427204.88,1
2025-01-19,2025-01-19 11:20:00,846.41,846.48,846.41,846.48,0.01,539.63,427204.88,1
2025-01-19,2025-01-19 11:21:00,846.48,846.55,846.48,846.55,0.01,539.63,427204.88,1
2025-01-19,2025-01-19 11:22:00,846.55,846.62,846.55,846.62,0.01,539.63,427204.88,1
2025-01-19,2025-01-19 11:23:00,846.62,846.69,846.62,846.69,0.01,539.63,427204.88,1
2025-01-19,2025-01-19 11:24:00,846.69,846.76,846.69,846.76,0.01,539.63,427204.88,1
2025-01-19,2025-01-19 11:25:00,846.76,846.83,846.76,846.83,0.01,539.63,427204.88,1
2025-01-19,2025-01-19 11:26:00,846.83,846.9,846.83,846.9,0.01,539.63,427204.88,1
2025-01-19,2025-01-19 11:27:00,846.9,846.97,846.9,846.97,0.01,539.63,427204.88,1
2025-01-19,2025-01-19 11:28:00,846.97,847.04,846.97,847.04,0.01,539.63,427204.88,1
2025-01-19,2025-01-19 11:29:00,847.04,847.11,847.04,847.11,0.01,539.63,427204.88,1
2025-01-19,2025-01-19 11:30:00,847.11,847.18,847.11,847.18,0.01,539.63,427204.88,1
2025-01-19,2025-01-19 11:31:00,847.18,847.25,847.18,847.25,0.01,539.63,427204.88,1
2025-01-19,2025-01-19 11:32:00,847.25,847.32,847.25,847.32,0.01,539.63,427204.88,1
2025-01-19,2025-01-19 11:33:00,847.32,847.39,847.32,847.39,0.01,539.63,427204.88,1
2025-01-19,2025-01-19 11:34:00,847.39,847.46,847.39,847.46,0.01,539.63,427204.88,1
2025-01-19,2025-01-19 11:35:00,847.46,847.53,847.46,847.53,0.01,539.63,427204.88,1
2025-01-19,2025-01-19 11:36:00,847.53,847.61,847.53,847.61,0.01,539.63,427204.88,1
2025-01-19,2025-01-19 11:37:00,847.61,847.68,847.61,847.68,0.01,539.63,427204.88,1
2025-01-19,2025-01-19 11:38:00,847.68,847.75,847.68,847.75,0.01,539.63,427204.88,1
2025-01-19,2025-01-19 11:39:00,847.75,847.82,847.75,847.82,0.01,539.63,427204.88,1
2025-01-19,2025-01-19 11:40:00,847.82,847.89,847.82,847.89,0.01,539.63,427204.88,1
2025-01-19,2025-01-19 11:41:00,847.89,847.96,847.89,847.96,0.01,539.63,427204.88,1
2025-01-19,2025-01-19 11:42:00,847.96,848.03,847.96,848.03,0.01,539.63,427204.88,1
2025-01-19,2025-01-19 11:43:00,848.03,848.1,848.03,848.1,0.01,539.63,427204.88,1
2025-01-19,2025-01-19 11:44:00,848.1,848.17,848.1,848.17,0.01,539.63,427204.88,1
2025-01-19,2025-01-19 11:45:00,848.17,848.24,848.17,848.24,0.01,539.63,427204.88,1
2025-01-19,2025-01-19 11:46:00,848.24,848.31,848.24,848.31,0.01,539.63,427204.88,1
2025-01-19,2025-01-19 11:47:00,848.31,848.38,848.31,848.38,0.01,539.63,427204.88,1
2025-01-19,2025-01-19 11:48:00,848.38,848.45,848.38,848.45,0.01,539.63,427204.88,1
2025-01-19,2025-01-19 11:49:00,848.45,848.52,848.45,848.52,0.01,539.63,427204.88,1
2025-01-19,2025-01-19 11:50:00,848.52,848.59,848.52,848.59,0.01,539.63,427204.88,1
2025-01-19,2025-01-19 11:51:00,848.59,848.66,848.59,848.66,0.01,539.63,427204.88,1
2025-01-19,2025-01-19 11:52:00,848.66,848.73,848.66,848.73,0.01,539.63,427204.88,1
2025-01-19,2025-01-19 11:53:00,848.73,848.8,848.73,848.8,0.01,539.63,427204.88,1
2025-01-19,2025-01-19 11:54:00,848.8,848.87,848.8,848.87,0.01,539.63,427204.88,1
2025-01-19,2025-01-19 11:55:00,848.87,848.94,848.87,848.94,0.01,539.63,427204.88,1
2025-01-19,2025-01-19 11:56:00,848.94,849.01,848.94,849.01,0.01,539.63,427204.88,1
2025-01-19,2025-01-19 11:57:00,849.01,849.08,849.01,849.08,0.01,539.63,427204.88,1
2025-01-19,2025-01-19 11:58:00,849.08,849.15,849.08,849.15,0.01,539.63,427204.88,1
2025-01-19,2025-01-19 11:59:00,849.15,849.23,849.15,849.23,0.01,539.63,427204.88,1
2025-01-19,2025-01-19 12:00:00,849.23,849.3,849.23,849.3,0.01,539.63,427204.88,1
2025-01-19,2025-01-19 12:01:00,849.3,849.37,849.3,849.37,0.01,539.63,427204.88,1
2025-01-19,2025-01-19 12:02:00,849.37,849.44,849.37,849.44,0.01,539.63,427204.88,1
2025-01-19,2025-01-19 12:03:00,849.44,849.51,849.44,849.51,0.01,539.63,427204.88,1
2025-01-19,2025-01-19 12:04:00,849.51,849.58,849.51,849.58,0.01,539.63,427204.88,1
2025-01-19,2025-01-19 12:05:00,849.58,849.65,849.58,849.65,0.01,539.63,427204.88,1
2025-01-19,2025-01-19 12:06:00,849.65,849.72,849.65,849.72,0.01,539.63,427204.88,1
2025-01-19,2025-01-19 12:07:00,849.72,849.79,849.72,849.79,0.01,539.63,427204.88,1
2025-01-19,2025-01-19 12:08:00,849.79,849.86,849.79,849.86,0.01,539.63,427204.88,1
2025-01-19,2025-01-19 12:09:00,849.86,849.93,849.86,849.93,0.01,539.63,427204.88,1
2025-01-19,2025-01-19 12:10:00,849.93,850.0,849.93,850.0,0.01,539.63,427204.88,1
2025-01-19,2025-01-19 12:11:00,850.0,850.07,850.0,850.07,0.01,539.63,427204.88,1
2025-01-19,2025-01-19 12:12:00,850.07,850.14,850.07,850.14,0.01,539.63,427204.88,1
2025-01-19,2025-01-19 12:13:00,850.14,850.21,850.14,850.21,0.01,539.63,427204.88,1
2025-01-19,2025-01-19 12:14:00,850.21,850.28,850.21,850.28,0.01,539.63,427204.88,1
2025-01-19,2025-01-19 12:15:00,850.28,850.35,850.28,850.35,0.01,539.63,427204.88,1
2025-01-19,2025-01-19 12:16:00,850.35,850.42,850.35,850.42,0.01,539.63,427204.88,1
2025-01-19,2025-01-19 12:17:00,850.42,850.49,850.42,850.49,0.01,539.63,427204.88,1
2025-01-19,2025-01-19 12:18:00,850.49,850.56,850.49,850.56,0.01,539.63,427204.88,1
2025-01-19,2025-01-19 12:19:00,850.56,850.63,850.56,850.63,0.01,539.63,427204.88,1
2025-01-19,2025-01-19 12:20:00,850.63,850.7,850.63,850.7,0.01,539.63,427204.88,1
2025-01-19,2025-01-19 12:21:00,850.7,850.77,850.7,850.77,0.01,539.63,427204.88,1
2025-01-19,2025-01-19 12:22:00,850.77,850.84,850.77,850.84,0.01,539.63,427204.88,1
2025-01-19,2025-01-19 12:23:00,850.84,850.91,850.84,850.91,0.01,539.63,427204.88,1
2025-01-19,2025-01-19 12:24:00,850.91,850.99,850.91,850.99,0.01,539.63,427204.88,1
2025-01-19,2025-01-19 12:25:00,850.99,851.06,850.99,851.06,0.01,539.63,427204.88,1
2025-01-19,2025-01-19 12:26:00,851.06,851.13,851.06,851.13,0.01,539.63,427204.88,1
2025-01-19,2025-01-19 12:27:00,851.13,851.2,851.13,851.2,0.01,539.63,427204.88,1
2025-01-19,2025-01-19 12:28:00,851.2,851.27,851.2,851.27,0.01,539.63,427204.88,1
2025-01-19,2025-01-19 12:29:00,851.27,851.34,851.27,851.34,0.01,539.63,427204.88,1
2025-01-19,2025-01-19 12:30:00,851.34,851.41,851.34,851.41,0.01,539.63,427204.88,1
2025-01-19,2025-01-19 12:31:00,851.41,851.48,851.41,851.48,0.01,539.63,427204.88,1
2025-01-19,2025-01-19 12:32:00,851.48,851.55,851.48,851.55,0.01,539.63,427204.88,1
2025-01-19,2025-01-19 12:33:00,851.55,851.62,851.55,851.62,0.01,539.63,427204.88,1
2025-01-19,2025-01-19 12:34:00,851.62,851.69,851.62,851.69,0.01,539.63,427204.88,1
2025-01-19,2025-01-19 12:35:00,851.69,851.76,851.69,851.76,0.01,539.63,427204.88,1
2025-01-19,2025-01-19 12:36:00,851.76,851.83,851.76,851.83,0.01,539.63,427204.88,1
2025-01-19,2025-01-19 12:37:00,851.83,851.9,851.83,851.9,0.01,539.63,427204.88,1
2025-01-19,2025-01-19 12:38:00,851.9,851.97,851.9,851.97,0.01,539.63,427204.88,1
2025-01-19,2025-01-19 12:39:00,851.97,852.04,851.97,852.04,0.01,539.63,427204.88,1
2025-01-19,2025-01-19 12:40:00,852.04,852.11,852.04,852.11,0.01,539.63,427204.88,1
2025-01-19,2025-01-19 12:41:00,852.11,852.18,852.11,852.18,0.01,539.63,427204.88,1
2025-01-19,2025-01-19 12:42:00,852.18,852.25,852.18,852.25,0.01,539.63,427204.88,1
2025-01-19,2025-01-19 12:43:00,852.25,852.32,852.25,852.32,0.01,539.63,427204.88,1
2025-01-19,2025-01-19 12:44:00,852.32,852.39,852.32,852.39,0.01,539.63,427204.88,1
2025-01-19,2025-01-19 12:45:00,852.39,852.46,852.39,852.46,0.01,539.63,427204.88,1
2025-01-19,2025-01-19 12:46:00,852.46,852.53,852.46,852.53,0.01,539.63,427204.88,1
2025-01-19,2025-01-19 12:47:00,852.53,852.61,852.53,852.61,0.01,539.63,427204.88,1
2025-01-19,2025-01-19 12:48:00,852.61,852.68,852.61,852.68,0.01,539.63,427204.88,1
2025-01-19,2025-01-19 12:49:00,852.68,852.75,852.68,852.75,0.01,539.63,427204.88,1
2025-01-19,2025-01-19 12:50:00,852.75,852.82,852.75,852.82,0.01,539.63,427204.88,1
2025-01-19,2025-01-19 12:51:00,852.82,852.89,852.82,852.89,0.01,539.63,427204.88,1
2025-01-19,2025-01-19 12:52:00,852.89,852.96,852.89,852.96,0.01,539.63,427204.88,1
2025-01-19,2025-01-19 12:53:00,852.96,853.03,852.96,853.03,0.01,539.63,427204.88,1
2025-01-19,2025-01-19 12:54:00,853.03,853.1,853.03,853.1,0.01,539.63,427204.88,1
2025-01-19,2025-01-19 12:55:00,853.1,853.17,853.1,853.17,0.01,539.63,427204.88,1
2025-01-19,2025-01-19 12:56:00,853.17,853.24,853.17,853.24,0.01,539.63,427204.88,1
2025-01-19,2025-01-19 12:57:00,853.24,853.31,853.24,853.31,0.01,539.63,427204.88,1
2025-01-19,2025-01-19 12:58:00,853.31,853.38,853.31,853.38,0.01,539.63,427204.88,1
2025-01-19,2025-01-19 12:59:00,853.38,853.45,853.38,853.45,0.01,539.63,427204.88,1
2025-01-19,2025-01-19 13:00:00,853.45,861.9,762.3,853.52,0.01,539.63,427204.88,1
2025-01-19,2025-01-19 13:01:00,853.52,853.59,853.52,853.59,0.01,539.63,427204.88,1
2025-01-19,2025-01-19 13:02:00,853.59,853.66,853.59,853.66,0.01,539.63,427204.88,1
2025-01-19,2025-01-19 13:03:00,853.66,853.73,853.66,853.73,0.01,539.63,427204.88,1
2025-01-19,2025-01-19 13:04:00,853.73,853.8,853.73,853.8,0.01,539.63,427204.88,1
2025-01-19,2025-01-19 13:05:00,853.8,853.87,853.8,853.87,0.01,539.63,427204.88,1
2025-01-19,2025-01-19 13:06:00,853.87,853.94,853.87,853.94,0.01,539.63,427204.88,1
2025-01-19,2025-01-19 13:07:00,853.94,854.01,853.94,854.01,0.01,539.63,427204.88,1
2025-01-19,2025-01-19 13:08:00,854.01,854.08,854.01,854.08,0.01,539.63,427204.88,1
2025-01-19,2025-01-19 13:09:00,854.08,854.15,854.08,854.15,0.01,539.63,427204.88,1
2025-01-19,2025-01-19 13:10:00,854.15,854.22,854.15,854.22,0.01,539.63,427204.88,1
2025-01-19,2025-01-19 13:11:00,854.22,854.29,854.22,854.29,0.01,539.63,427204.88,1
2025-01-19,2025-01-19 13:12:00,854.29,854.37,854.29,854.37,0.01,539.63,427204.88,1
2025-01-19,2025-01-19 13:13:00,854.37,854.44,854.37,854.44,0.01,539.63,427204.88,1
2025-01-19,2025-01-19 13:14:00,854.44,854.51,854.44,854.51,0.01,539.63,427204.88,1
2025-01-19,2025-01-19 13:15:00,854.51,854.58,854.51,854.58,0.01,539.63,427204.88,1
2025-01-19,2025-01-19 13:16:00,854.58,854.65,854.58,854.65,0.01,539.63,427204.88,1
2025-01-19,2025-01-19 13:17:00,854.65,854.72,854.65,854.72,0.01,539.63,427204.88,1
2025-01-19,2025-01-19 13:18:00,854.72,854.79,854.72,854.79,0.01,539.63,427204.88,1
2025-01-19,2025-01-19 13:19:00,854.79,854.86,854.79,854.86,0.01,539.63,427204.88,1
2025-01-19,2025-01-19 13:20:00,854.86,854.93,854.86,854.93,0.01,539.63,427204.88,1
2025-01-19,2025-01-19 13:21:00,854.93,855.0,854.93,855.0,0.01,539.63,427204.88,1
2025-01-19,2025-01-19 13:22:00,855.0,855.07,855.0,855.07,0.01,539.63,427204.88,1
2025-01-19,2025-01-19 13:23:00,855.07,855.14,855.07,855.14,0.01,539.63,427204.88,1
2025-01-19,2025-01-19 13:24:00,855.14,855.21,855.14,855.21,0.01,539.63,427204.88,1
2025-01-19,2025-01-19 13:25:00,855.21,855.28,855.21,855.28,0.01,539.63,427204.88,1
2025-01-19,2025-01-19 13:26:00,855.28,855.35,855.28,855.35,0.01,539.63,427204.88,1
2025-01-19,2025-01-19 13:27:00,855.35,855.42,855.35,855.42,0.01,539.63,427204.88,1
2025-01-19,2025-01-19 13:28:00,855.42,855.49,855.42,855.49,0.01,539.63,427204.88,1
2025-01-19,2025-01-19 13:29:00,855.49,855.56,855.49,855.56,0.01,539.63,427204.88,1
2025-01-19,2025-01-19 13:30:00,855.56,855.63,855.56,855.63,0.01,539.63,427204.88,1
2025-01-19,2025-01-19 13:31:00,855.63,855.7,855.63,855.7,0.01,539.63,427204.88,1
2025-01-19,2025-01-19 13:32:00,855.7,855.77,855.7,855.77,0.01,539.63,427204.88,1
2025-01-19,2025-01-19 13:33:00,855.77,855.84,855.77,855.84,0.01,539.63,427204.88,1
2025-01-19,2025-01-19 13:34:00,855.84,855.91,855.84,855.91,0.01,539.63,427204.88,1
2025-01-19,2025-01-19 13:35:00,855.91,855.99,855.91,855.99,0.01,539.63,427204.88,1
2025-01-19,2025-01-19 13:36:00,855.99,856.06,855.99,856.06,0.01,539.63,427204.88,1
2025-01-19,2025-01-19 13:37:00,856.06,856.13,856.06,856.13,0.01,539.63,427204.88,1
2025-01-19,2025-01-19 13:38:00,856.13,856.2,856.13,856.2,0.01,539.63,427204.88,1
2025-01-19,2025-01-19 13:39:00,856.2,856.27,856.2,856.27,0.01,539.63,427204.88,1
2025-01-19,2025-01-19 13:40:00,856.27,856.34,856.27,856.34,0.01,539.63,427204.88,1
2025-01-19,2025-01-19 13:41:00,856.34,856.41,856.34,856.41,0.01,539.63,427204.88,1
2025-01-19,2025-01-19 13:42:00,856.41,856.48,856.41,856.48,0.01,539.63,427204.88,1
2025-01-19,2025-01-19 13:43:00,856.48,856.55,856.48,856.55,0.01,539.63,427204.88,1
2025-01-19,2025-01-19 13:44:00,856.55,856.62,856.55,856.62,0.01,539.63,427204.88,1
2025-01-19,2025-01-19 13:45:00,856.62,856.69,856.62,856.69,0.01,539.63,427204.88,1
2025-01-19,2025-01-19 13:46:00,856.69,856.76,856.69,856.76,0.01,539.63,427204.88,1
2025-01-19,2025-01-19 13:47:00,856.76,856.83,856.76,856.83,0.01,539.63,427204.88,1
2025-01-19,2025-01-19 13:48:00,856.83,856.9,856.83,856.9,0.01,539.63,427204.88,1
2025-01-19,2025-01-19 13:49:00,856.9,856.97,856.9,856.97,0.01,539.63,427204.88,1
2025-01-19,2025-01-19 13:50:00,856.97,857.04,856.97,857.04,0.01,539.63,427204.88,1
2025-01-19,2025-01-19 13:51:00,857.04,857.11,857.04,857.11,0.01,539.63,427204.88,1
2025-01-19,2025-01-19 13:52:00,857.11,857.18,857.11,857.18,0.01,539.63,427204.88,1
2025-01-19,2025-01-19 13:53:00,857.18,857.25,857.18,857.25,0.01,539.63,427204.88,1
2025-01-19,2025-01-19 13:54:00,857.25,857.32,857.25,857.32,0.01,539.63,427204.88,1
2025-01-19,2025-01-19 13:55:00,857.32,857.39,857.32,857.39,0.01,539.63,427204.88,1
2025-01-19,2025-01-19 13:56:00,857.39,857.46,857.39,857.46,0.01,539.63,427204.88,1
2025-01-19,2025-01-19 13:57:00,857.46,857.53,857.46,857.53,0.01,539.63,427204.88,1
2025-01-19,2025-01-19 13:58:00,857.53,857.6,857.53,857.6,0.01,539.63,427204.88,1
2025-01-19,2025-01-19 13:59:00,857.6,857.67,857.6,857.67,0.01,539.63,427204.88,1
2025-01-19,2025-01-19 14:00:00,857.67,857.75,857.67,857.75,0.01,539.63,427204.88,1
2025-01-19,2025-01-19 14:01:00,857.75,857.82,857.75,857.82,0.01,539.63,427204.88,1
2025-01-19,2025-01-19 14:02:00,857.82,857.89,857.82,857.89,0.01,539.63,427204.88,1
2025-01-19,2025-01-19 14:03:00,857.89,857.96,857.89,857.96,0.01,539.63,427204.88,1
2025-01-19,2025-01-19 14:04:00,857.96,858.03,857.96,858.03,0.01,539.63,427204.88,1
2025-01-19,2025-01-19 14:05:00,858.03,858.1,858.03,858.1,0.01,539.63,427204.88,1
2025-01-19,2025-01-19 14:06:00,858.1,858.17,858.1,858.17,0.01,539.63,427204.88,1
2025-01-19,2025-01-19 14:07:00,858.17,858.24,858.17,858.24,0.01,539.63,427204.88,1
2025-01-19,2025-01-19 14:08:00,858.24,858.31,858.24,858.31,0.01,539.63,427204.88,1
2025-01-19,2025-01-19 14:09:00,858.31,858.38,858.31,858.38,0.01,539.63,427204.88,1
2025-01-19,2025-01-19 14:10:00,858.38,858.45,858.38,858.45,0.01,539.63,427204.88,1
2025-01-19,2025-01-19 14:11:00,858.45,858.52,858.45,858.52,0.01,539.63,427204.88,1
2025-01-19,2025-01-19 14:12:00,858.52,858.59,858.52,858.59,0.01,539.63,427204.88,1
2025-01-19,2025-01-19 14:13:00,858.59,858.66,858.59,858.66,0.01,539.63,427204.88,1
2025-01-19,2025-01-19 14:14:00,858.66,858.73,858.66,858.73,0.01,539.63,427204.88,1
2025-01-19,2025-01-19 14:15:00,858.73,858.8,858.73,858.8,0.01,539.63,427204.88,1
2025-01-19,2025-01-19 14:16:00,858.8,858.87,858.8,858.87,0.01,539.63,427204.88,1
2025-01-19,2025-01-19 14:17:00,858.87,858.94,858.87,858.94,0.01,539.63,427204.88,1
2025-01-19,2025-01-19 14:18:00,858.94,859.01,858.94,859.01,0.01,539.63,427204.88,1
2025-01-19,2025-01-19 14:19:00,859.01,859.08,859.01,859.08,0.01,539.63,427204.88,1
2025-01-19,2025-01-19 14:20:00,859.08,859.15,859.08,859.15,0.01,539.63,427204.88,1
2025-01-19,2025-01-19 14:21:00,859.15,859.22,859.15,859.22,0.01,539.63,427204.88,1
2025-01-19,2025-01-19 14:22:00,859.22,859.29,859.22,859.29,0.01,539.63,427204.88,1
2025-01-19,2025-01-19 14:23:00,859.29,859.37,859.29,859.37,0.01,539.63,427204.88,1
2025-01-19,2025-01-19 14:24:00,859.37,859.44,859.37,859.44,0.01,539.63,427204.88,1
2025-01-19,2025-01-19 14:25:00,859.44,859.51,859.44,859.51,0.01,539.63,427204.88,1
2025-01-19,2025-01-19 14:26:00,859.51,859.58,859.51,859.58,0.01,539.63,427204.88,1
2025-01-19,2025-01-19 14:27:00,859.58,859.65,859.58,859.65,0.01,539.63,427204.88,1
2025-01-19,2025-01-19 14:28:00,859.65,859.72,859.65,859.72,0.01,539.63,427204.88,1
2025-01-19,2025-01-19 14:29:00,859.72,859.79,859.72,859.79,0.01,539.63,427204.88,1
2025-01-19,2025-01-19 14:30:00,859.79,859.86,859.79,859.86,0.01,539.63,427204.88,1
2025-01-19,2025-01-19 14:31:00,859.86,859.93,859.86,859.93,0.01,539.63,427204.88,1
2025-01-19,2025-01-19 14:32:00,859.93,860.0,859.93,860.0,0.01,539.63,427204.88,1
2025-01-19,2025-01-19 14:33:00,860.0,860.07,860.0,860.07,0.01,539.63,427204.88,1
2025-01-19,2025-01-19 14:34:00,860.07,860.14,860.07,860.14,0.01,539.63,427204.88,1
2025-01-19,2025-01-19 14:35:00,860.14,860.21,860.14,860.21,0.01,539.63,427204.88,1
2025-01-19,2025-01-19 14:36:00,860.21,860.28,860.21,860.28,0.01,539.63,427204.88,1
2025-01-19,2025-01-19 14:37:00,860.28,860.35,860.28,860.35,0.01,539.63,427204.88,1
2025-01-19,2025-01-19 14:38:00,860.35,860.42,860.35,860.42,0.01,539.63,427204.88,1
2025-01-19,2025-01-19 14:39:00,860.42,860.49,860.42,860.49,0.01,539.63,427204.88,1
2025-01-19,2025-01-19 14:40:00,860.49,860.56,860.49,860.56,0.01,539.63,427204.88,1
2025-01-19,2025-01-19 14:41:00,860.56,860.63,860.56,860.63,0.01,539.63,427204.88,1
2025-01-19,2025-01-19 14:42:00,860.63,860.7,860.63,860.7,0.01,539.63,427204.88,1
2025-01-19,2025-01-19 14:43:00,860.7,860.77,860.7,860.77,0.01,539.63,427204.88,1
2025-01-19,2025-01-19 14:44:00,860.77,860.84,860.77,860.84,0.01,539.63,427204.88,1
2025-01-19,2025-01-19 14:45:00,860.84,860.91,860.84,860.91,0.01,539.63,427204.88,1
2025-01-19,2025-01-19 14:46:00,860.91,860.98,860.91,860.98,0.01,539.63,427204.88,1
2025-01-19,2025-01-19 14:47:00,860.98,861.05,860.98,861.05,0.01,539.63,427204.88,1
2025-01-19,2025-01-19 14:48:00,861.05,861.13,861.05,861.13,0.01,539.63,427204.88,1
2025-01-19,2025-01-19 14:49:00,861.13,861.2,861.13,861.2,0.01,539.63,427204.88,1
2025-01-19,2025-01-19 14:50:00,861.2,861.27,861.2,861.27,0.01,539.63,427204.88,1
2025-01-19,2025-01-19 14:51:00,861.27,861.34,861.27,861.34,0.01,539.63,427204.88,1
2025-01-19,2025-01-19 14:52:00,861.34,861.41,861.34,861.41,0.01,539.63,427204.88,1
2025-01-19,2025-01-19 14:53:00,861.41,861.48,861.41,861.48,0.01,539.63,427204.88,1
2025-01-19,2025-01-19 14:54:00,861.48,861.55,861.48,861.55,0.01,539.63,427204.88,1
2025-01-19,2025-01-19 14:55:00,861.55,861.62,861.55,861.62,0.01,539.63,427204.88,1
2025-01-19,2025-01-19 14:56:00,861.62,861.69,861.62,861.69,0.01,539.63,427204.88,1
2025-01-19,2025-01-19 14:57:00,861.69,861.76,861.69,861.76,0.01,539.63,427204.88,1
2025-01-19,2025-01-19 14:58:00,861.76,861.83,861.76,861.83,0.01,539.63,427204.88,1
2025-01-19,2025-01-19 14:59:00,861.83,861.9,861.83,861.9,0.01,539.63,427204.88,1
2025-01-19,2025-01-19 15:00:00,861.9,861.9,762.3,861.9,0.0,539.63,427204.88,0
2025-01-20,2025-01-20 11:00:00,859.0,859.0,834.04,858.65,-0.04,264.65,206443.51,-1
2025-01-20,2025-01-20 11:01:00,858.65,858.65,858.31,858.31,-0.04,264.65,206443.51,-1
2025-01-20,2025-01-20 11:02:00,858.31,858.31,857.96,857.96,-0.04,264.65,206443.51,-1
2025-01-20,2025-01-20 11:03:00,857.96,857.96,857.61,857.61,-0.04,264.65,206443.51,-1
2025-01-20,2025-01-20 11:04:00,857.61,857.61,857.27,857.27,-0.04,264.65,206443.51,-1
2025-01-20,2025-01-20 11:05:00,857.27,857.27,856.92,856.92,-0.04,264.65,206443.51,-1
2025-01-20,2025-01-20 11:06:00,856.92,856.92,856.57,856.57,-0.04,264.65,206443.51,-1
2025-01-20,2025-01-20 11:07:00,856.57,856.57,856.23,856.23,-0.04,264.65,206443.51,-1
2025-01-20,2025-01-20 11:08:00,856.23,856.23,855.88,855.88,-0.04,264.65,206443.51,-1
2025-01-20,2025-01-20 11:09:00,855.88,855.88,855.53,855.53,-0.04,264.65,206443.51,-1
2025-01-20,2025-01-20 11:10:00,855.53,855.53,855.19,855.19,-0.04,264.65,206443.51,-1
2025-01-20,2025-01-20 11:11:00,855.19,855.19,854.84,854.84,-0.04,264.65,206443.51,-1
2025-01-20,2025-01-20 11:12:00,854.84,854.84,854.49,854.49,-0.04,264.65,206443.51,-1
2025-01-20,2025-01-20 11:13:00,854.49,854.49,854.15,854.15,-0.04,264.65,206443.51,-1
2025-01-20,2025-01-20 11:14:00,854.15,854.15,853.8,853.8,-0.04,264.65,206443.51,-1
2025-01-20,2025-01-20 11:15:00,853.8,853.8,853.45,853.45,-0.04,264.65,206443.51,-1
2025-01-20,2025-01-20 11:16:00,853.45,853.45,853.11,853.11,-0.04,264.65,206443.51,-1
2025-01-20,2025-01-20 11:17:00,853.11,853.11,852.76,852.76,-0.04,264.65,206443.51,-1
2025-01-20,2025-01-20 11:18:00,852.76,852.76,852.41,852.41,-0.04,264.65,206443.51,-1
2025-01-20,2025-01-20 11:19:00,852.41,852.41,852.07,852.07,-0.04,264.65,206443.51,-1
2025-01-20,2025-01-20 11:20:00,852.07,852.07,851.72,851.72,-0.04,264.65,206443.51,-1
2025-01-20,2025-01-20 11:21:00,851.72,851.72,851.37,851.37,-0.04,264.65,206443.51,-1
2025-01-20,2025-01-20 11:22:00,851.37,851.37,851.03,851.03,-0.04,264.65,206443.51,-1
2025-01-20,2025-01-20 11:23:00,851.03,851.03,850.68,850.68,-0.04,264.65,206443.51,-1
2025-01-20,2025-01-20 11:24:00,850.68,850.68,850.33,850.33,-0.04,264.65,206443.51,-1
2025-01-20,2025-01-20 11:25:00,850.33,850.33,849.99,849.99,-0.04,264.65,206443.51,-1
2025-01-20,2025-01-20 11:26:00,849.99,849.99,849.64,849.64,-0.04,264.65,206443.51,-1
2025-01-20,2025-01-20 11:27:00,849.64,849.64,849.29,849.29,-0.04,264.65,206443.51,-1
2025-01-20,2025-01-20 11:28:00,849.29,849.29,848.95,848.95,-0.04,264.65,206443.51,-1
2025-01-20,2025-01-20 11:29:00,848.95,848.95,848.6,848.6,-0.04,264.65,206443.51,-1
2025-01-20,2025-01-20 11:30:00,848.6,848.6,848.25,848.25,-0.04,264.65,206443.51,-1
2025-01-20,2025-01-20 11:31:00,848.25,848.25,847.91,847.91,-0.04,264.65,206443.51,-1
2025-01-20,2025-01-20 11:32:00,847.91,847.91,847.56,847.56,-0.04,264.65,206443.51,-1
2025-01-20,2025-01-20 11:33:00,847.56,847.56,847.21,847.21,-0.04,264.65,206443.51,-1
2025-01-20,2025-01-20 11:34:00,847.21,847.21,846.87,846.87,-0.04,264.65,206443.51,-1
2025-01-20,2025-01-20 11:35:00,846.87,846.87,846.52,846.52,-0.04,264.65,206443.51,-1
2025-01-20,2025-01-20 11:36:00,846.52,846.52,846.17,846.17,-0.04,264.65,206443.51,-1
2025-01-20,2025-01-20 11:37:00,846.17,846.17,845.83,845.83,-0.04,264.65,206443.51,-1
2025-01-20,2025-01-20 11:38:00,845.83,845.83,845.48,845.48,-0.04,264.65,206443.51,-1
2025-01-20,2025-01-20 11:39:00,845.48,845.48,845.13,845.13,-0.04,264.65,206443.51,-1
2025-01-20,2025-01-20 11:40:00,845.13,845.13,844.79,844.79,-0.04,264.65,206443.51,-1
2025-01-20,2025-01-20 11:41:00,844.79,844.79,844.44,844.44,-0.04,264.65,206443.51,-1
2025-01-20,2025-01-20 11:42:00,844.44,844.44,844.09,844.09,-0.04,264.65,206443.51,-1
2025-01-20,2025-01-20 11:43:00,844.09,844.09,843.75,843.75,-0.04,264.65,206443.51,-1
2025-01-20,2025-01-20 11:44:00,843.75,843.75,843.4,843.4,-0.04,264.65,206443.51,-1
2025-01-20,2025-01-20 11:45:00,843.4,843.4,843.05,843.05,-0.04,264.65,206443.51,-1
2025-01-20,2025-01-20 11:46:00,843.05,843.05,842.71,842.71,-0.04,264.65,206443.51,-1
2025-01-20,2025-01-20 11:47:00,842.71,842.71,842.36,842.36,-0.04,264.65,206443.51,-1
2025-01-20,2025-01-20 11:48:00,842.36,842.36,842.01,842.01,-0.04,264.65,206443.51,-1
2025-01-20,2025-01-20 11:49:00,842.01,842.01,841.67,841.67,-0.04,264.65,206443.51,-1
2025-01-20,2025-01-20 11:50:00,841.67,841.67,841.32,841.32,-0.04,264.65,206443.51,-1
2025-01-20,2025-01-20 11:51:00,841.32,841.32,840.97,840.97,-0.04,264.65,206443.51,-1
2025-01-20,2025-01-20 11:52:00,840.97,840.97,840.63,840.63,-0.04,264.65,206443.51,-1
2025-01-20,2025-01-20 11:53:00,840.63,840.63,840.28,840.28,-0.04,264.65,206443.51,-1
2025-01-20,2025-01-20 11:54:00,840.28,840.28,839.93,839.93,-0.04,264.65,206443.51,-1
2025-01-20,2025-01-20 11:55:00,839.93,839.93,839.59,839.59,-0.04,264.65,206443.51,-1
2025-01-20,2025-01-20 11:56:00,839.59,839.59,839.24,839.24,-0.04,264.65,206443.51,-1
2025-01-20,2025-01-20 11:57:00,839.24,839.24,838.89,838.89,-0.04,264.65,206443.51,-1
2025-01-20,2025-01-20 11:58:00,838.89,838.89,838.55,838.55,-0.04,264.65,206443.51,-1
2025-01-20,2025-01-20 11:59:00,838.55,838.55,838.2,838.2,-0.04,264.65,206443.51,-1
2025-01-20,2025-01-20 12:00:00,838.2,838.2,837.85,837.85,-0.04,264.65,206443.51,-1
2025-01-20,2025-01-20 12:01:00,837.85,837.85,837.51,837.51,-0.04,264.65,206443.51,-1
2025-01-20,2025-01-20 12:02:00,837.51,837.51,837.16,837.16,-0.04,264.65,206443.51,-1
2025-01-20,2025-01-20 12:03:00,837.16,837.16,836.81,836.81,-0.04,264.65,206443.51,-1
2025-01-20,2025-01-20 12:04:00,836.81,836.81,836.47,836.47,-0.04,264.65,206443.51,-1
2025-01-20,2025-01-20 12:05:00,836.47,836.47,836.12,836.12,-0.04,264.65,206443.51,-1
2025-01-20,2025-01-20 12:06:00,836.12,836.12,835.77,835.77,-0.04,264.65,206443.51,-1
2025-01-20,2025-01-20 12:07:00,835.77,835.77,835.43,835.43,-0.04,264.65,206443.51,-1
2025-01-20,2025-01-20 12:08:00,835.43,835.43,835.08,835.08,-0.04,264.65,206443.51,-1
2025-01-20,2025-01-20 12:09:00,835.08,835.08,834.73,834.73,-0.04,264.65,206443.51,-1
2025-01-20,2025-01-20 12:10:00,834.73,834.73,834.39,834.39,-0.04,264.65,206443.51,-1
2025-01-20,2025-01-20 12:11:00,834.39,834.39,834.04,834.04,-0.04,264.65,206443.51,-1
2025-01-20,2025-01-20 12:12:00,834.04,834.04,833.69,833.69,-0.04,264.65,206443.51,-1
2025-01-20,2025-01-20 12:13:00,833.69,833.69,833.35,833.35,-0.04,264.65,206443.51,-1
2025-01-20,2025-01-20 12:14:00,833.35,833.35,833.0,833.0,-0.04,264.65,206443.51,-1
2025-01-20,2025-01-20 12:15:00,833.0,833.0,832.65,832.65,-0.04,264.65,206443.51,-1
2025-01-20,2025-01-20 12:16:00,832.65,832.65,832.31,832.31,-0.04,264.65,206443.51,-1
2025-01-20,2025-01-20 12:17:00,832.31,832.31,831.96,831.96,-0.04,264.65,206443.51,-1
2025-01-20,2025-01-20 12:18:00,831.96,831.96,831.61,831.61,-0.04,264.65,206443.51,-1
2025-01-20,2025-01-20 12:19:00,831.61,831.61,831.27,831.27,-0.04,264.65,206443.51,-1
2025-01-20,2025-01-20 12:20:00,831.27,831.27,830.92,830.92,-0.04,264.65,206443.51,-1
2025-01-20,2025-01-20 12:21:00,830.92,830.92,830.57,830.57,-0.04,264.65,206443.51,-1
2025-01-20,2025-01-20 12:22:00,830.57,830.57,830.23,830.23,-0.04,264.65,206443.51,-1
2025-01-20,2025-01-20 12:23:00,830.23,830.23,829.88,829.88,-0.04,264.65,206443.51,-1
2025-01-20,2025-01-20 12:24:00,829.88,829.88,829.53,829.53,-0.04,264.65,206443.51,-1
2025-01-20,2025-01-20 12:25:00,829.53,829.53,829.19,829.19,-0.04,264.65,206443.51,-1
2025-01-20,2025-01-20 12:26:00,829.19,829.19,828.84,828.84,-0.04,264.65,206443.51,-1
2025-01-20,2025-01-20 12:27:00,828.84,828.84,828.49,828.49,-0.04,264.65,206443.51,-1
2025-01-20,2025-01-20 12:28:00,828.49,828.49,828.15,828.15,-0.04,264.65,206443.51,-1
2025-01-20,2025-01-20 12:29:00,828.15,828.15,827.8,827.8,-0.04,264.65,206443.51,-1
2025-01-20,2025-01-20 12:30:00,827.8,827.8,827.45,827.45,-0.04,264.65,206443.51,-1
2025-01-20,2025-01-20 12:31:00,827.45,827.45,827.11,827.11,-0.04,264.65,206443.51,-1
2025-01-20,2025-01-20 12:32:00,827.11,827.11,826.76,826.76,-0.04,264.65,206443.51,-1
2025-01-20,2025-01-20 12:33:00,826.76,826.76,826.41,826.41,-0.04,264.65,206443.51,-1
2025-01-20,2025-01-20 12:34:00,826.41,826.41,826.07,826.07,-0.04,264.65,206443.51,-1
2025-01-20,2025-01-20 12:35:00,826.07,826.07,825.72,825.72,-0.04,264.65,206443.51,-1
2025-01-20,2025-01-20 12:36:00,825.72,825.72,825.37,825.37,-0.04,264.65,206443.51,-1
2025-01-20,2025-01-20 12:37:00,825.37,825.37,825.03,825.03,-0.04,264.65,206443.51,-1
2025-01-20,2025-01-20 12:38:00,825.03,825.03,824.68,824.68,-0.04,264.65,206443.51,-1
2025-01-20,2025-01-20 12:39:00,824.68,824.68,824.33,824.33,-0.04,264.65,206443.51,-1
2025-01-20,2025-01-20 12:40:00,824.33,824.33,823.99,823.99,-0.04,264.65,206443.51,-1
2025-01-20,2025-01-20 12:41:00,823.99,823.99,823.64,823.64,-0.04,264.65,206443.51,-1
2025-01-20,2025-01-20 12:42:00,823.64,823.64,823.29,823.29,-0.04,264.65,206443.51,-1
2025-01-20,2025-01-20 12:43:00,823.29,823.29,822.95,822.95,-0.04,264.65,206443.51,-1
2025-01-20,2025-01-20 12:44:00,822.95,822.95,822.6,822.6,-0.04,264.65,206443.51,-1
2025-01-20,2025-01-20 12:45:00,822.6,822.6,822.25,822.25,-0.04,264.65,206443.51,-1
2025-01-20,2025-01-20 12:46:00,822.25,822.25,821.91,821.91,-0.04,264.65,206443.51,-1
2025-01-20,2025-01-20 12:47:00,821.91,821.91,821.56,821.56,-0.04,264.65,206443.51,-1
2025-01-20,2025-01-20 12:48:00,821.56,821.56,821.21,821.21,-0.04,264.65,206443.51,-1
2025-01-20,2025-01-20 12:49:00,821.21,821.21,820.87,820.87,-0.04,264.65,206443.51,-1
2025-01-20,2025-01-20 12:50:00,820.87,820.87,820.52,820.52,-0.04,264.65,206443.51,-1
2025-01-20,2025-01-20 12:51:00,820.52,820.52,820.17,820.17,-0.04,264.65,206443.51,-1
2025-01-20,2025-01-20 12:52:00,820.17,820.17,819.83,819.83,-0.04,264.65,206443.51,-1
2025-01-20,2025-01-20 12:53:00,819.83,819.83,819.48,819.48,-0.04,264.65,206443.51,-1
2025-01-20,2025-01-20 12:54:00,819.48,819.48,819.13,819.13,-0.04,264.65,206443.51,-1
2025-01-20,2025-01-20 12:55:00,819.13,819.13,818.79,818.79,-0.04,264.65,206443.51,-1
2025-01-20,2025-01-20 12:56:00,818.79,818.79,818.44,818.44,-0.04,264.65,206443.51,-1
2025-01-20,2025-01-20 12:57:00,818.44,818.44,818.09,818.09,-0.04,264.65,206443.51,-1
2025-01-20,2025-01-20 12:58:00,818.09,818.09,817.75,817.75,-0.04,264.65,206443.51,-1
2025-01-20,2025-01-20 12:59:00,817.75,817.75,817.4,817.4,-0.04,264.65,206443.51,-1
2025-01-20,2025-01-20 13:00:00,817.4,859.0,775.8,817.05,-0.04,264.65,206443.51,-1
2025-01-20,2025-01-20 13:01:00,817.05,817.05,816.71,816.71,-0.04,264.65,206443.51,-1
2025-01-20,2025-01-20 13:02:00,816.71,816.71,816.36,816.36,-0.04,264.65,206443.51,-1
2025-01-20,2025-01-20 13:03:00,816.36,816.36,816.01,816.01,-0.04,264.65,206443.51,-1
2025-01-20,2025-01-20 13:04:00,816.01,816.01,815.67,815.67,-0.04,264.65,206443.51,-1
2025-01-20,2025-01-20 13:05:00,815.67,815.67,815.32,815.32,-0.04,264.65,206443.51,-1
2025-01-20,2025-01-20 13:06:00,815.32,815.32,814.97,814.97,-0.04,264.65,206443.51,-1
2025-01-20,2025-01-20 13:07:00,814.97,814.97,814.63,814.63,-0.04,264.65,206443.51,-1
2025-01-20,2025-01-20 13:08:00,814.63,814.63,814.28,814.28,-0.04,264.65,206443.51,-1
2025-01-20,2025-01-20 13:09:00,814.28,814.28,813.93,813.93,-0.04,264.65,206443.51,-1
2025-01-20,2025-01-20 13:10:00,813.93,813.93,813.59,813.59,-0.04,264.65,206443.51,-1
2025-01-20,2025-01-20 13:11:00,813.59,813.59,813.24,813.24,-0.04,264.65,206443.51,-1
2025-01-20,2025-01-20 13:12:00,813.24,813.24,812.89,812.89,-0.04,264.65,206443.51,-1
2025-01-20,2025-01-20 13:13:00,812.89,812.89,812.55,812.55,-0.04,264.65,206443.51,-1
2025-01-20,2025-01-20 13:14:00,812.55,812.55,812.2,812.2,-0.04,264.65,206443.51,-1
2025-01-20,2025-01-20 13:15:00,812.2,812.2,811.85,811.85,-0.04,264.65,206443.51,-1
2025-01-20,2025-01-20 13:16:00,811.85,811.85,811.51,811.51,-0.04,264.65,206443.51,-1
2025-01-20,2025-01-20 13:17:00,811.51,811.51,811.16,811.16,-0.04,264.65,206443.51,-1
2025-01-20,2025-01-20 13:18:00,811.16,811.16,810.81,810.81,-0.04,264.65,206443.51,-1
2025-01-20,2025-01-20 13:19:00,810.81,810.81,810.47,810.47,-0.04,264.65,206443.51,-1
2025-01-20,2025-01-20 13:20:00,810.47,810.47,810.12,810.12,-0.04,264.65,206443.51,-1
2025-01-20,2025-01-20 13:21:00,810.12,810.12,809.77,809.77,-0.04,264.65,206443.51,-1
2025-01-20,2025-01-20 13:22:00,809.77,809.77,809.43,809.43,-0.04,264.65,206443.51,-1
2025-01-20,2025-01-20 13:23:00,809.43,809.43,809.08,809.08,-0.04,264.65,206443.51,-1
2025-01-20,2025-01-20 13:24:00,809.08,809.08,808.73,808.73,-0.04,264.65,206443.51,-1
2025-01-20,2025-01-20 13:25:00,808.73,808.73,808.39,808.39,-0.04,264.65,206443.51,-1
2025-01-20,2025-01-20 13:26:00,808.39,808.39,808.04,808.04,-0.04,264.65,206443.51,-1
2025-01-20,2025-01-20 13:27:00,808.04,808.04,807.69,807.69,-0.04,264.65,206443.51,-1
2025-01-20,2025-01-20 13:28:00,807.69,807.69,807.35,807.35,-0.04,264.65,206443.51,-1
2025-01-20,2025-01-20 13:29:00,807.35,807.35,807.0,807.0,-0.04,264.65,206443.51,-1
2025-01-20,2025-01-20 13:30:00,807.0,807.0,806.65,806.65,-0.04,264.65,206443.51,-1
2025-01-20,2025-01-20 13:31:00,806.65,806.65,806.31,806.31,-0.04,264.65,206443.51,-1
2025-01-20,2025-01-20 13:32:00,806.31,806.31,805.96,805.96,-0.04,264.65,206443.51,-1
2025-01-20,2025-01-20 13:33:00,805.96,805.96,805.61,805.61,-0.04,264.65,206443.51,-1
2025-01-20,2025-01-20 13:34:00,805.61,805.61,805.27,805.27,-0.04,264.65,206443.51,-1
2025-01-20,2025-01-20 13:35:00,805.27,805.27,804.92,804.92,-0.04,264.65,206443.51,-1
2025-01-20,2025-01-20 13:36:00,804.92,804.92,804.57,804.57,-0.04,264.65,206443.51,-1
2025-01-20,2025-01-20 13:37:00,804.57,804.57,804.23,804.23,-0.04,264.65,206443.51,-1
2025-01-20,2025-01-20 13:38:00,804.23,804.23,803.88,803.88,-0.04,264.65,206443.51,-1
2025-01-20,2025-01-20 13:39:00,803.88,803.88,803.53,803.53,-0.04,264.65,206443.51,-1
2025-01-20,2025-01-20 13:40:00,803.53,803.53,803.19,803.19,-0.04,264.65,206443.51,-1
2025-01-20,2025-01-20 13:41:00,803.19,803.19,802.84,802.84,-0.04,264.65,206443.51,-1
2025-01-20,2025-01-20 13:42:00,802.84,802.84,802.49,802.49,-0.04,264.65,206443.51,-1
2025-01-20,2025-01-20 13:43:00,802.49,802.49,802.15,802.15,-0.04,264.65,206443.51,-1
2025-01-20,2025-01-20 13:44:00,802.15,802.15,801.8,801.8,-0.04,264.65,206443.51,-1
2025-01-20,2025-01-20 13:45:00,801.8,801.8,801.45,801.45,-0.04,264.65,206443.51,-1
2025-01-20,2025-01-20 13:46:00,801.45,801.45,801.11,801.11,-0.04,264.65,206443.51,-1
2025-01-20,2025-01-20 13:47:00,801.11,801.11,800.76,800.76,-0.04,264.65,206443.51,-1
2025-01-20,2025-01-20 13:48:00,800.76,800.76,800.41,800.41,-0.04,264.65,206443.51,-1
2025-01-20,2025-01-20 13:49:00,800.41,800.41,800.07,800.07,-0.04,264.65,206443.51,-1
2025-01-20,2025-01-20 13:50:00,800.07,800.07,799.72,799.72,-0.04,264.65,206443.51,-1
2025-01-20,2025-01-20 13:51:00,799.72,799.72,799.37,799.37,-0.04,264.65,206443.51,-1
2025-01-20,2025-01-20 13:52:00,799.37,799.37,799.03,799.03,-0.04,264.65,206443.51,-1
2025-01-20,2025-01-20 13:53:00,799.03,799.03,798.68,798.68,-0.04,264.65,206443.51,-1
2025-01-20,2025-01-20 13:54:00,798.68,798.68,798.33,798.33,-0.04,264.65,206443.51,-1
2025-01-20,2025-01-20 13:55:00,798.33,798.33,797.99,797.99,-0.04,264.65,206443.51,-1
2025-01-20,2025-01-20 13:56:00,797.99,797.99,797.64,797.64,-0.04,264.65,206443.51,-1
2025-01-20,2025-01-20 13:57:00,797.64,797.64,797.29,797.29,-0.04,264.65,206443.51,-1
2025-01-20,2025-01-20 13:58:00,797.29,797.29,796.95,796.95,-0.04,264.65,206443.51,-1
2025-01-20,2025-01-20 13:59:00,796.95,796.95,796.6,796.6,-0.04,264.65,206443.51,-1
2025-01-20,2025-01-20 14:00:00,796.6,796.6,796.25,796.25,-0.04,264.65,206443.51,-1
2025-01-20,2025-01-20 14:01:00,796.25,796.25,795.91,795.91,-0.04,264.65,206443.51,-1
2025-01-20,2025-01-20 14:02:00,795.91,795.91,795.56,795.56,-0.04,264.65,206443.51,-1
2025-01-20,2025-01-20 14:03:00,795.56,795.56,795.21,795.21,-0.04,264.65,206443.51,-1
2025-01-20,2025-01-20 14:04:00,795.21,795.21,794.87,794.87,-0.04,264.65,206443.51,-1
2025-01-20,2025-01-20 14:05:00,794.87,794.87,794.52,794.52,-0.04,264.65,206443.51,-1
2025-01-20,2025-01-20 14:06:00,794.52,794.52,794.17,794.17,-0.04,264.65,206443.51,-1
2025-01-20,2025-01-20 14:07:00,794.17,794.17,793.83,793.83,-0.04,264.65,206443.51,-1
2025-01-20,2025-01-20 14:08:00,793.83,793.83,793.48,793.48,-0.04,264.65,206443.51,-1
2025-01-20,2025-01-20 14:09:00,793.48,793.48,793.13,793.13,-0.04,264.65,206443.51,-1
2025-01-20,2025-01-20 14:10:00,793.13,793.13,792.79,792.79,-0.04,264.65,206443.51,-1
2025-01-20,2025-01-20 14:11:00,792.79,792.79,792.44,792.44,-0.04,264.65,206443.51,-1
2025-01-20,2025-01-20 14:12:00,792.44,792.44,792.09,792.09,-0.04,264.65,206443.51,-1
2025-01-20,2025-01-20 14:13:00,792.09,792.09,791.75,791.75,-0.04,264.65,206443.51,-1
2025-01-20,2025-01-20 14:14:00,791.75,791.75,791.4,791.4,-0.04,264.65,206443.51,-1
2025-01-20,2025-01-20 14:15:00,791.4,791.4,791.05,791.05,-0.04,264.65,206443.51,-1
2025-01-20,2025-01-20 14:16:00,791.05,791.05,790.71,790.71,-0.04,264.65,206443.51,-1
2025-01-20,2025-01-20 14:17:00,790.71,790.71,790.36,790.36,-0.04,264.65,206443.51,-1
2025-01-20,2025-01-20 14:18:00,790.36,790.36,790.01,790.01,-0.04,264.65,206443.51,-1
2025-01-20,2025-01-20 14:19:00,790.01,790.01,789.67,789.67,-0.04,264.65,206443.51,-1
2025-01-20,2025-01-20 14:20:00,789.67,789.67,789.32,789.32,-0.04,264.65,206443.51,-1
2025-01-20,2025-01-20 14:21:00,789.32,789.32,788.97,788.97,-0.04,264.65,206443.51,-1
2025-01-20,2025-01-20 14:22:00,788.97,788.97,788.63,788.63,-0.04,264.65,206443.51,-1
2025-01-20,2025-01-20 14:23:00,788.63,788.63,788.28,788.28,-0.04,264.65,206443.51,-1
2025-01-20,2025-01-20 14:24:00,788.28,788.28,787.93,787.93,-0.04,264.65,206443.51,-1
2025-01-20,2025-01-20 14:25:00,787.93,787.93,787.59,787.59,-0.04,264.65,206443.51,-1
2025-01-20,2025-01-20 14:26:00,787.59,787.59,787.24,787.24,-0.04,264.65,206443.51,-1
2025-01-20,2025-01-20 14:27:00,787.24,787.24,786.89,786.89,-0.04,264.65,206443.51,-1
2025-01-20,2025-01-20 14:28:00,786.89,786.89,786.55,786.55,-0.04,264.65,206443.51,-1
2025-01-20,2025-01-20 14:29:00,786.55,786.55,786.2,786.2,-0.04,264.65,206443.51,-1
2025-01-20,2025-01-20 14:30:00,786.2,786.2,785.85,785.85,-0.04,264.65,206443.51,-1
2025-01-20,2025-01-20 14:31:00,785.85,785.85,785.51,785.51,-0.04,264.65,206443.51,-1
2025-01-20,2025-01-20 14:32:00,785.51,785.51,785.16,785.16,-0.04,264.65,206443.51,-1
2025-01-20,2025-01-20 14:33:00,785.16,785.16,784.81,784.81,-0.04,264.65,206443.51,-1
2025-01-20,2025-01-20 14:34:00,784.81,784.81,784.47,784.47,-0.04,264.65,206443.51,-1
2025-01-20,2025-01-20 14:35:00,784.47,784.47,784.12,784.12,-0.04,264.65,206443.51,-1
2025-01-20,2025-01-20 14:36:00,784.12,784.12,783.77,783.77,-0.04,264.65,206443.51,-1
2025-01-20,2025-01-20 14:37:00,783.77,783.77,783.43,783.43,-0.04,264.65,206443.51,-1
2025-01-20,2025-01-20 14:38:00,783.43,783.43,783.08,783.08,-0.04,264.65,206443.51,-1
2025-01-20,2025-01-20 14:39:00,783.08,783.08,782.73,782.73,-0.04,264.65,206443.51,-1
2025-01-20,2025-01-20 14:40:00,782.73,782.73,782.39,782.39,-0.04,264.65,206443.51,-1
2025-01-20,2025-01-20 14:41:00,782.39,782.39,782.04,782.04,-0.04,264.65,206443.51,-1
2025-01-20,2025-01-20 14:42:00,782.04,782.04,781.69,781.69,-0.04,264.65,206443.51,-1
2025-01-20,2025-01-20 14:43:00,781.69,781.69,781.35,781.35,-0.04,264.65,206443.51,-1
2025-01-20,2025-01-20 14:44:00,781.35,781.35,781.0,781.0,-0.04,264.65,206443.51,-1
2025-01-20,2025-01-20 14:45:00,781.0,781.0,780.65,780.65,-0.04,264.65,206443.51,-1
2025-01-20,2025-01-20 14:46:00,780.65,780.65,780.31,780.31,-0.04,264.65,206443.51,-1
2025-01-20,2025-01-20 14:47:00,780.31,780.31,779.96,779.96,-0.04,264.65,206443.51,-1
2025-01-20,2025-01-20 14:48:00,779.96,779.96,779.61,779.61,-0.04,264.65,206443.51,-1
2025-01-20,2025-01-20 14:49:00,779.61,779.61,779.27,779.27,-0.04,264.65,206443.51,-1
2025-01-20,2025-01-20 14:50:00,779.27,779.27,778.92,778.92,-0.04,264.65,206443.51,-1
2025-01-20,2025-01-20 14:51:00,778.92,778.92,778.57,778.57,-0.04,264.65,206443.51,-1
2025-01-20,2025-01-20 14:52:00,778.57,778.57,778.23,778.23,-0.04,264.65,206443.51,-1
2025-01-20,2025-01-20 14:53:00,778.23,778.23,777.88,777.88,-0.04,264.65,206443.51,-1
2025-01-20,2025-01-20 14:54:00,777.88,777.88,777.53,777.53,-0.04,264.65,206443.51,-1
2025-01-20,2025-01-20 14:55:00,777.53,777.53,777.19,777.19,-0.04,264.65,206443.51,-1
2025-01-20,2025-01-20 14:56:00,777.19,777.19,776.84,776.84,-0.05,264.65,206443.51,-1
2025-01-20,2025-01-20 14:57:00,776.84,776.84,776.49,776.49,-0.05,264.65,206443.51,-1
2025-01-20,2025-01-20 14:58:00,776.49,776.49,776.15,776.15,-0.04,264.65,206443.51,-1
2025-01-20,2025-01-20 14:59:00,776.15,776.15,775.8,775.8,-0.05,264.65,206443.51,-1
2025-01-20,2025-01-20 15:00:00,775.8,859.0,775.8,775.8,0.0,264.65,206443.51,0
2025-01-21,2025-01-21 11:00:00,791.3,791.3,775.91,791.09,-0.03,262.49,197947.44,-1
2025-01-21,2025-01-21 11:01:00,791.09,791.09,790.87,790.87,-0.03,262.49,197947.44,-1
2025-01-21,2025-01-21 11:02:00,790.87,790.87,790.66,790.66,-0.03,262.49,197947.44,-1
2025-01-21,2025-01-21 11:03:00,790.66,790.66,790.44,790.44,-0.03,262.49,197947.44,-1
2025-01-21,2025-01-21 11:04:00,790.44,790.44,790.23,790.23,-0.03,262.49,197947.44,-1
2025-01-21,2025-01-21 11:05:00,790.23,790.23,790.02,790.02,-0.03,262.49,197947.44,-1
2025-01-21,2025-01-21 11:06:00,790.02,790.02,789.8,789.8,-0.03,262.49,197947.44,-1
2025-01-21,2025-01-21 11:07:00,789.8,789.8,789.59,789.59,-0.03,262.49,197947.44,-1
2025-01-21,2025-01-21 11:08:00,789.59,789.59,789.38,789.38,-0.03,262.49,197947.44,-1
2025-01-21,2025-01-21 11:09:00,789.38,789.38,789.16,789.16,-0.03,262.49,197947.44,-1
2025-01-21,2025-01-21 11:10:00,789.16,789.16,788.95,788.95,-0.03,262.49,197947.44,-1
2025-01-21,2025-01-21 11:11:00,788.95,788.95,788.73,788.73,-0.03,262.49,197947.44,-1
2025-01-21,2025-01-21 11:12:00,788.73,788.73,788.52,788.52,-0.03,262.49,197947.44,-1
2025-01-21,2025-01-21 11:13:00,788.52,788.52,788.31,788.31,-0.03,262.49,197947.44,-1
2025-01-21,2025-01-21 11:14:00,788.31,788.31,788.09,788.09,-0.03,262.49,197947.44,-1
2025-01-21,2025-01-21 11:15:00,788.09,788.09,787.88,787.88,-0.03,262.49,197947.44,-1
2025-01-21,2025-01-21 11:16:00,787.88,787.88,787.67,787.67,-0.03,262.49,197947.44,-1
2025-01-21,2025-01-21 11:17:00,787.67,787.67,787.45,787.45,-0.03,262.49,197947.44,-1
2025-01-21,2025-01-21 11:18:00,787.45,787.45,787.24,787.24,-0.03,262.49,197947.44,-1
2025-01-21,2025-01-21 11:19:00,787.24,787.24,787.02,787.02,-0.03,262.49,197947.44,-1
2025-01-21,2025-01-21 11:20:00,787.02,787.02,786.81,786.81,-0.03,262.49,197947.44,-1
2025-01-21,2025-01-21 11:21:00,786.81,786.81,786.6,786.6,-0.03,262.49,197947.44,-1
2025-01-21,2025-01-21 11:22:00,786.6,786.6,786.38,786.38,-0.03,262.49,197947.44,-1
2025-01-21,2025-01-21 11:23:00,786.38,786.38,786.17,786.17,-0.03,262.49,197947.44,-1
2025-01-21,2025-01-21 11:24:00,786.17,786.17,785.96,785.96,-0.03,262.49,197947.44,-1
2025-01-21,2025-01-21 11:25:00,785.96,785.96,785.74,785.74,-0.03,262.49,197947.44,-1
2025-01-21,2025-01-21 11:26:00,785.74,785.74,785.53,785.53,-0.03,262.49,197947.44,-1
2025-01-21,2025-01-21 11:27:00,785.53,785.53,785.31,785.31,-0.03,262.49,197947.44,-1
2025-01-21,2025-01-21 11:28:00,785.31,785.31,785.1,785.1,-0.03,262.49,197947.44,-1
2025-01-21,2025-01-21 11:29:00,785.1,785.1,784.89,784.89,-0.03,262.49,197947.44,-1
2025-01-21,2025-01-21 11:30:00,784.89,784.89,784.67,784.67,-0.03,262.49,197947.44,-1
2025-01-21,2025-01-21 11:31:00,784.67,784.67,784.46,784.46,-0.03,262.49,197947.44,-1
2025-01-21,2025-01-21 11:32:00,784.46,784.46,784.25,784.25,-0.03,262.49,197947.44,-1
2025-01-21,2025-01-21 11:33:00,784.25,784.25,784.03,784.03,-0.03,262.49,197947.44,-1
2025-01-21,2025-01-21 11:34:00,784.03,784.03,783.82,783.82,-0.03,262.49,197947.44,-1
2025-01-21,2025-01-21 11:35:00,783.82,783.82,783.61,783.61,-0.03,262.49,197947.44,-1
2025-01-21,2025-01-21 11:36:00,783.61,783.61,783.39,783.39,-0.03,262.49,197947.44,-1
2025-01-21,2025-01-21 11:37:00,783.39,783.39,783.18,783.18,-0.03,262.49,197947.44,-1
2025-01-21,2025-01-21 11:38:00,783.18,783.18,782.96,782.96,-0.03,262.49,197947.44,-1
2025-01-21,2025-01-21 11:39:00,782.96,782.96,782.75,782.75,-0.03,262.49,197947.44,-1
2025-01-21,2025-01-21 11:40:00,782.75,782.75,782.54,782.54,-0.03,262.49,197947.44,-1
2025-01-21,2025-01-21 11:41:00,782.54,782.54,782.32,782.32,-0.03,262.49,197947.44,-1
2025-01-21,2025-01-21 11:42:00,782.32,782.32,782.11,782.11,-0.03,262.49,197947.44,-1
2025-01-21,2025-01-21 11:43:00,782.11,782.11,781.89,781.89,-0.03,262.49,197947.44,-1
2025-01-21,2025-01-21 11:44:00,781.89,781.89,781.68,781.68,-0.03,262.49,197947.44,-1
2025-01-21,2025-01-21 11:45:00,781.68,781.68,781.47,781.47,-0.03,262.49,197947.44,-1
2025-01-21,2025-01-21 11:46:00,781.47,781.47,781.25,781.25,-0.03,262.49,197947.44,-1
2025-01-21,2025-01-21 11:47:00,781.25,781.25,781.04,781.04,-0.03,262.49,197947.44,-1
2025-01-21,2025-01-21 11:48:00,781.04,781.04,780.83,780.83,-0.03,262.49,197947.44,-1
2025-01-21,2025-01-21 11:49:00,780.83,780.83,780.61,780.61,-0.03,262.49,197947.44,-1
2025-01-21,2025-01-21 11:50:00,780.61,780.61,780.4,780.4,-0.03,262.49,197947.44,-1
2025-01-21,2025-01-21 11:51:00,780.4,780.4,780.18,780.18,-0.03,262.49,197947.44,-1
2025-01-21,2025-01-21 11:52:00,780.18,780.18,779.97,779.97,-0.03,262.49,197947.44,-1
2025-01-21,2025-01-21 11:53:00,779.97,779.97,779.76,779.76,-0.03,262.49,197947.44,-1
2025-01-21,2025-01-21 11:54:00,779.76,779.76,779.54,779.54,-0.03,262.49,197947.44,-1
2025-01-21,2025-01-21 11:55:00,779.54,779.54,779.33,779.33,-0.03,262.49,197947.44,-1
2025-01-21,2025-01-21 11:56:00,779.33,779.33,779.12,779.12,-0.03,262.49,197947.44,-1
2025-01-21,2025-01-21 11:57:00,779.12,779.12,778.9,778.9,-0.03,262.49,197947.44,-1
2025-01-21,2025-01-21 11:58:00,778.9,778.9,778.69,778.69,-0.03,262.49,197947.44,-1
2025-01-21,2025-01-21 11:59:00,778.69,778.69,778.47,778.47,-0.03,262.49,197947.44,-1
2025-01-21,2025-01-21 12:00:00,778.47,778.47,778.26,778.26,-0.03,262.49,197947.44,-1
2025-01-21,2025-01-21 12:01:00,778.26,778.26,778.05,778.05,-0.03,262.49,197947.44,-1
2025-01-21,2025-01-21 12:02:00,778.05,778.05,777.83,777.83,-0.03,262.49,197947.44,-1
2025-01-21,2025-01-21 12:03:00,777.83,777.83,777.62,777.62,-0.03,262.49,197947.44,-1
2025-01-21,2025-01-21 12:04:00,777.62,777.62,777.41,777.41,-0.03,262.49,197947.44,-1
2025-01-21,2025-01-21 12:05:00,777.41,777.41,777.19,777.19,-0.03,262.49,197947.44,-1
2025-01-21,2025-01-21 12:06:00,777.19,777.19,776.98,776.98,-0.03,262.49,197947.44,-1
2025-01-21,2025-01-21 12:07:00,776.98,776.98,776.76,776.76,-0.03,262.49,197947.44,-1
2025-01-21,2025-01-21 12:08:00,776.76,776.76,776.55,776.55,-0.03,262.49,197947.44,-1
2025-01-21,2025-01-21 12:09:00,776.55,776.55,776.34,776.34,-0.03,262.49,197947.44,-1
2025-01-21,2025-01-21 12:10:00,776.34,776.34,776.12,776.12,-0.03,262.49,197947.44,-1
2025-01-21,2025-01-21 12:11:00,776.12,776.12,775.91,775.91,-0.03,262.49,197947.44,-1
2025-01-21,2025-01-21 12:12:00,775.91,775.91,775.7,775.7,-0.03,262.49,197947.44,-1
2025-01-21,2025-01-21 12:13:00,775.7,775.7,775.48,775.48,-0.03,262.49,197947.44,-1
2025-01-21,2025-01-21 12:14:00,775.48,775.48,775.27,775.27,-0.03,262.49,197947.44,-1
2025-01-21,2025-01-21 12:15:00,775.27,775.27,775.05,775.05,-0.03,262.49,197947.44,-1
2025-01-21,2025-01-21 12:16:00,775.05,775.05,774.84,774.84,-0.03,262.49,197947.44,-1
2025-01-21,2025-01-21 12:17:00,774.84,774.84,774.63,774.63,-0.03,262.49,197947.44,-1
2025-01-21,2025-01-21 12:18:00,774.63,774.63,774.41,774.41,-0.03,262.49,197947.44,-1
2025-01-21,2025-01-21 12:19:00,774.41,774.41,774.2,774.2,-0.03,262.49,197947.44,-1
2025-01-21,2025-01-21 12:20:00,774.2,774.2,773.99,773.99,-0.03,262.49,197947.44,-1
2025-01-21,2025-01-21 12:21:00,773.99,773.99,773.77,773.77,-0.03,262.49,197947.44,-1
2025-01-21,2025-01-21 12:22:00,773.77,773.77,773.56,773.56,-0.03,262.49,197947.44,-1
2025-01-21,2025-01-21 12:23:00,773.56,773.56,773.35,773.35,-0.03,262.49,197947.44,-1
2025-01-21,2025-01-21 12:24:00,773.35,773.35,773.13,773.13,-0.03,262.49,197947.44,-1
2025-01-21,2025-01-21 12:25:00,773.13,773.13,772.92,772.92,-0.03,262.49,197947.44,-1
2025-01-21,2025-01-21 12:26:00,772.92,772.92,772.7,772.7,-0.03,262.49,197947.44,-1
2025-01-21,2025-01-21 12:27:00,772.7,772.7,772.49,772.49,-0.03,262.49,197947.44,-1
2025-01-21,2025-01-21 12:28:00,772.49,772.49,772.28,772.28,-0.03,262.49,197947.44,-1
2025-01-21,2025-01-21 12:29:00,772.28,772.28,772.06,772.06,-0.03,262.49,197947.44,-1
2025-01-21,2025-01-21 12:30:00,772.06,772.06,771.85,771.85,-0.03,262.49,197947.44,-1
2025-01-21,2025-01-21 12:31:00,771.85,771.85,771.63,771.63,-0.03,262.49,197947.44,-1
2025-01-21,2025-01-21 12:32:00,771.63,771.63,771.42,771.42,-0.03,262.49,197947.44,-1
2025-01-21,2025-01-21 12:33:00,771.42,771.42,771.21,771.21,-0.03,262.49,197947.44,-1
2025-01-21,2025-01-21 12:34:00,771.21,771.21,770.99,770.99,-0.03,262.49,197947.44,-1
2025-01-21,2025-01-21 12:35:00,770.99,770.99,770.78,770.78,-0.03,262.49,197947.44,-1
2025-01-21,2025-01-21 12:36:00,770.78,770.78,770.57,770.57,-0.03,262.49,197947.44,-1
2025-01-21,2025-01-21 12:37:00,770.57,770.57,770.35,770.35,-0.03,262.49,197947.44,-1
2025-01-21,2025-01-21 12:38:00,770.35,770.35,770.14,770.14,-0.03,262.49,197947.44,-1
2025-01-21,2025-01-21 12:39:00,770.14,770.14,769.92,769.92,-0.03,262.49,197947.44,-1
2025-01-21,2025-01-21 12:40:00,769.92,769.92,769.71,769.71,-0.03,262.49,197947.44,-1
2025-01-21,2025-01-21 12:41:00,769.71,769.71,769.5,769.5,-0.03,262.49,197947.44,-1
2025-01-21,2025-01-21 12:42:00,769.5,769.5,769.28,769.28,-0.03,262.49,197947.44,-1
2025-01-21,2025-01-21 12:43:00,769.28,769.28,769.07,769.07,-0.03,262.49,197947.44,-1
2025-01-21,2025-01-21 12:44:00,769.07,769.07,768.86,768.86,-0.03,262.49,197947.44,-1
2025-01-21,2025-01-21 12:45:00,768.86,768.86,768.64,768.64,-0.03,262.49,197947.44,-1
2025-01-21,2025-01-21 12:46:00,768.64,768.64,768.43,768.43,-0.03,262.49,197947.44,-1
2025-01-21,2025-01-21 12:47:00,768.43,768.43,768.21,768.21,-0.03,262.49,197947.44,-1
2025-01-21,2025-01-21 12:48:00,768.21,768.21,768.0,768.0,-0.03,262.49,197947.44,-1
2025-01-21,2025-01-21 12:49:00,768.0,768.0,767.79,767.79,-0.03,262.49,197947.44,-1
2025-01-21,2025-01-21 12:50:00,767.79,767.79,767.57,767.57,-0.03,262.49,197947.44,-1
2025-01-21,2025-01-21 12:51:00,767.57,767.57,767.36,767.36,-0.03,262.49,197947.44,-1
2025-01-21,2025-01-21 12:52:00,767.36,767.36,767.15,767.15,-0.03,262.49,197947.44,-1
2025-01-21,2025-01-21 12:53:00,767.15,767.15,766.93,766.93,-0.03,262.49,197947.44,-1
2025-01-21,2025-01-21 12:54:00,766.93,766.93,766.72,766.72,-0.03,262.49,197947.44,-1
2025-01-21,2025-01-21 12:55:00,766.72,766.72,766.5,766.5,-0.03,262.49,197947.44,-1
2025-01-21,2025-01-21 12:56:00,766.5,766.5,766.29,766.29,-0.03,262.49,197947.44,-1
2025-01-21,2025-01-21 12:57:00,766.29,766.29,766.08,766.08,-0.03,262.49,197947.44,-1
2025-01-21,2025-01-21 12:58:00,766.08,766.08,765.86,765.86,-0.03,262.49,197947.44,-1
2025-01-21,2025-01-21 12:59:00,765.86,765.86,765.65,765.65,-0.03,262.49,197947.44,-1
2025-01-21,2025-01-21 13:00:00,765.65,791.3,740.0,765.44,-0.03,262.49,197947.44,-1
2025-01-21,2025-01-21 13:01:00,765.44,765.44,765.22,765.22,-0.03,262.49,197947.44,-1
2025-01-21,2025-01-21 13:02:00,765.22,765.22,765.01,765.01,-0.03,262.49,197947.44,-1
2025-01-21,2025-01-21 13:03:00,765.01,765.01,764.79,764.79,-0.03,262.49,197947.44,-1
2025-01-21,2025-01-21 13:04:00,764.79,764.79,764.58,764.58,-0.03,262.49,197947.44,-1
2025-01-21,2025-01-21 13:05:00,764.58,764.58,764.37,764.37,-0.03,262.49,197947.44,-1
2025-01-21,2025-01-21 13:06:00,764.37,764.37,764.15,764.15,-0.03,262.49,197947.44,-1
2025-01-21,2025-01-21 13:07:00,764.15,764.15,763.94,763.94,-0.03,262.49,197947.44,-1
2025-01-21,2025-01-21 13:08:00,763.94,763.94,763.73,763.73,-0.03,262.49,197947.44,-1
2025-01-21,2025-01-21 13:09:00,763.73,763.73,763.51,763.51,-0.03,262.49,197947.44,-1
2025-01-21,2025-01-21 13:10:00,763.51,763.51,763.3,763.3,-0.03,262.49,197947.44,-1
2025-01-21,2025-01-21 13:11:00,763.3,763.3,763.08,763.08,-0.03,262.49,197947.44,-1
2025-01-21,2025-01-21 13:12:00,763.08,763.08,762.87,762.87,-0.03,262.49,197947.44,-1
2025-01-21,2025-01-21 13:13:00,762.87,762.87,762.66,762.66,-0.03,262.49,197947.44,-1
2025-01-21,2025-01-21 13:14:00,762.66,762.66,762.44,762.44,-0.03,262.49,197947.44,-1
2025-01-21,2025-01-21 13:15:00,762.44,762.44,762.23,762.23,-0.03,262.49,197947.44,-1
2025-01-21,2025-01-21 13:16:00,762.23,762.23,762.02,762.02,-0.03,262.49,197947.44,-1
2025-01-21,2025-01-21 13:17:00,762.02,762.02,761.8,761.8,-0.03,262.49,197947.44,-1
2025-01-21,2025-01-21 13:18:00,761.8,761.8,761.59,761.59,-0.03,262.49,197947.44,-1
2025-01-21,2025-01-21 13:19:00,761.59,761.59,761.38,761.38,-0.03,262.49,197947.44,-1
2025-01-21,2025-01-21 13:20:00,761.38,761.38,761.16,761.16,-0.03,262.49,197947.44,-1
2025-01-21,2025-01-21 13:21:00,761.16,761.16,760.95,760.95,-0.03,262.49,197947.44,-1
2025-01-21,2025-01-21 13:22:00,760.95,760.95,760.73,760.73,-0.03,262.49,197947.44,-1
2025-01-21,2025-01-21 13:23:00,760.73,760.73,760.52,760.52,-0.03,262.49,197947.44,-1
2025-01-21,2025-01-21 13:24:00,760.52,760.52,760.31,760.31,-0.03,262.49,197947.44,-1
2025-01-21,2025-01-21 13:25:00,760.31,760.31,760.09,760.09,-0.03,262.49,197947.44,-1
2025-01-21,2025-01-21 13:26:00,760.09,760.09,759.88,759.88,-0.03,262.49,197947.44,-1
2025-01-21,2025-01-21 13:27:00,759.88,759.88,759.66,759.66,-0.03,262.49,197947.44,-1
2025-01-21,2025-01-21 13:28:00,759.66,759.66,759.45,759.45,-0.03,262.49,197947.44,-1
2025-01-21,2025-01-21 13:29:00,759.45,759.45,759.24,759.24,-0.03,262.49,197947.44,-1
2025-01-21,2025-01-21 13:30:00,759.24,759.24,759.02,759.02,-0.03,262.49,197947.44,-1
2025-01-21,2025-01-21 13:31:00,759.02,759.02,758.81,758.81,-0.03,262.49,197947.44,-1
2025-01-21,2025-01-21 13:32:00,758.81,758.81,758.6,758.6,-0.03,262.49,197947.44,-1
2025-01-21,2025-01-21 13:33:00,758.6,758.6,758.38,758.38,-0.03,262.49,197947.44,-1
2025-01-21,2025-01-21 13:34:00,758.38,758.38,758.17,758.17,-0.03,262.49,197947.44,-1
2025-01-21,2025-01-21 13:35:00,758.17,758.17,757.95,757.95,-0.03,262.49,197947.44,-1
2025-01-21,2025-01-21 13:36:00,757.95,757.95,757.74,757.74,-0.03,262.49,197947.44,-1
2025-01-21,2025-01-21 13:37:00,757.74,757.74,757.53,757.53,-0.03,262.49,197947.44,-1
2025-01-21,2025-01-21 13:38:00,757.53,757.53,757.31,757.31,-0.03,262.49,197947.44,-1
2025-01-21,2025-01-21 13:39:00,757.31,757.31,757.1,757.1,-0.03,262.49,197947.44,-1
2025-01-21,2025-01-21 13:40:00,757.1,757.1,756.89,756.89,-0.03,262.49,197947.44,-1
2025-01-21,2025-01-21 13:41:00,756.89,756.89,756.67,756.67,-0.03,262.49,197947.44,-1
2025-01-21,2025-01-21 13:42:00,756.67,756.67,756.46,756.46,-0.03,262.49,197947.44,-1
2025-01-21,2025-01-21 13:43:00,756.46,756.46,756.25,756.25,-0.03,262.49,197947.44,-1
2025-01-21,2025-01-21 13:44:00,756.25,756.25,756.03,756.03,-0.03,262.49,197947.44,-1
2025-01-21,2025-01-21 13:45:00,756.03,756.03,755.82,755.82,-0.03,262.49,197947.44,-1
2025-01-21,2025-01-21 13:46:00,755.82,755.82,755.6,755.6,-0.03,262.49,197947.44,-1
2025-01-21,2025-01-21 13:47:00,755.6,755.6,755.39,755.39,-0.03,262.49,197947.44,-1
2025-01-21,2025-01-21 13:48:00,755.39,755.39,755.18,755.18,-0.03,262.49,197947.44,-1
2025-01-21,2025-01-21 13:49:00,755.18,755.18,754.96,754.96,-0.03,262.49,197947.44,-1
2025-01-21,2025-01-21 13:50:00,754.96,754.96,754.75,754.75,-0.03,262.49,197947.44,-1
2025-01-21,2025-01-21 13:51:00,754.75,754.75,754.53,754.53,-0.03,262.49,197947.44,-1
2025-01-21,2025-01-21 13:52:00,754.53,754.53,754.32,754.32,-0.03,262.49,197947.44,-1
2025-01-21,2025-01-21 13:53:00,754.32,754.32,754.11,754.11,-0.03,262.49,197947.44,-1
2025-01-21,2025-01-21 13:54:00,754.11,754.11,753.89,753.89,-0.03,262.49,197947.44,-1
2025-01-21,2025-01-21 13:55:00,753.89,753.89,753.68,753.68,-0.03,262.49,197947.44,-1
2025-01-21,2025-01-21 13:56:00,753.68,753.68,753.47,753.47,-0.03,262.49,197947.44,-1
2025-01-21,2025-01-21 13:57:00,753.47,753.47,753.25,753.25,-0.03,262.49,197947.44,-1
2025-01-21,2025-01-21 13:58:00,753.25,753.25,753.04,753.04,-0.03,262.49,197947.44,-1
2025-01-21,2025-01-21 13:59:00,753.04,753.04,752.83,752.83,-0.03,262.49,197947.44,-1
2025-01-21,2025-01-21 14:00:00,752.83,752.83,752.61,752.61,-0.03,262.49,197947.44,-1
2025-01-21,2025-01-21 14:01:00,752.61,752.61,752.4,752.4,-0.03,262.49,197947.44,-1
2025-01-21,2025-01-21 14:02:00,752.4,752.4,752.18,752.18,-0.03,262.49,197947.44,-1
2025-01-21,2025-01-21 14:03:00,752.18,752.18,751.97,751.97,-0.03,262.49,197947.44,-1
2025-01-21,2025-01-21 14:04:00,751.97,751.97,751.76,751.76,-0.03,262.49,197947.44,-1
2025-01-21,2025-01-21 14:05:00,751.76,751.76,751.54,751.54,-0.03,262.49,197947.44,-1
2025-01-21,2025-01-21 14:06:00,751.54,751.54,751.33,751.33,-0.03,262.49,197947.44,-1
2025-01-21,2025-01-21 14:07:00,751.33,751.33,751.12,751.12,-0.03,262.49,197947.44,-1
2025-01-21,2025-01-21 14:08:00,751.12,751.12,750.9,750.9,-0.03,262.49,197947.44,-1
2025-01-21,2025-01-21 14:09:00,750.9,750.9,750.69,750.69,-0.03,262.49,197947.44,-1
2025-01-21,2025-01-21 14:10:00,750.69,750.69,750.47,750.47,-0.03,262.49,197947.44,-1
2025-01-21,2025-01-21 14:11:00,750.47,750.47,750.26,750.26,-0.03,262.49,197947.44,-1
2025-01-21,2025-01-21 14:12:00,750.26,750.26,750.05,750.05,-0.03,262.49,197947.44,-1
2025-01-21,2025-01-21 14:13:00,750.05,750.05,749.83,749.83,-0.03,262.49,197947.44,-1
2025-01-21,2025-01-21 14:14:00,749.83,749.83,749.62,749.62,-0.03,262.49,197947.44,-1
2025-01-21,2025-01-21 14:15:00,749.62,749.62,749.4,749.4,-0.03,262.49,197947.44,-1
2025-01-21,2025-01-21 14:16:00,749.4,749.4,749.19,749.19,-0.03,262.49,197947.44,-1
2025-01-21,2025-01-21 14:17:00,749.19,749.19,748.98,748.98,-0.03,262.49,197947.44,-1
2025-01-21,2025-01-21 14:18:00,748.98,748.98,748.76,748.76,-0.03,262.49,197947.44,-1
2025-01-21,2025-01-21 14:19:00,748.76,748.76,748.55,748.55,-0.03,262.49,197947.44,-1
2025-01-21,2025-01-21 14:20:00,748.55,748.55,748.34,748.34,-0.03,262.49,197947.44,-1
2025-01-21,2025-01-21 14:21:00,748.34,748.34,748.12,748.12,-0.03,262.49,197947.44,-1
2025-01-21,2025-01-21 14:22:00,748.12,748.12,747.91,747.91,-0.03,262.49,197947.44,-1
2025-01-21,2025-01-21 14:23:00,747.91,747.91,747.69,747.69,-0.03,262.49,197947.44,-1
2025-01-21,2025-01-21 14:24:00,747.69,747.69,747.48,747.48,-0.03,262.49,197947.44,-1
2025-01-21,2025-01-21 14:25:00,747.48,747.48,747.27,747.27,-0.03,262.49,197947.44,-1
2025-01-21,2025-01-21 14:26:00,747.27,747.27,747.05,747.05,-0.03,262.49,197947.44,-1
2025-01-21,2025-01-21 14:27:00,747.05,747.05,746.84,746.84,-0.03,262.49,197947.44,-1
2025-01-21,2025-01-21 14:28:00,746.84,746.84,746.63,746.63,-0.03,262.49,197947.44,-1
2025-01-21,2025-01-21 14:29:00,746.63,746.63,746.41,746.41,-0.03,262.49,197947.44,-1
2025-01-21,2025-01-21 14:30:00,746.41,746.41,746.2,746.2,-0.03,262.49,197947.44,-1
2025-01-21,2025-01-21 14:31:00,746.2,746.2,745.99,745.99,-0.03,262.49,197947.44,-1
2025-01-21,2025-01-21 14:32:00,745.99,745.99,745.77,745.77,-0.03,262.49,197947.44,-1
2025-01-21,2025-01-21 14:33:00,745.77,745.77,745.56,745.56,-0.03,262.49,197947.44,-1
2025-01-21,2025-01-21 14:34:00,745.56,745.56,745.34,745.34,-0.03,262.49,197947.44,-1
2025-01-21,2025-01-21 14:35:00,745.34,745.34,745.13,745.13,-0.03,262.49,197947.44,-1
2025-01-21,2025-01-21 14:36:00,745.13,745.13,744.92,744.92,-0.03,262.49,197947.44,-1
2025-01-21,2025-01-21 14:37:00,744.92,744.92,744.7,744.7,-0.03,262.49,197947.44,-1
2025-01-21,2025-01-21 14:38:00,744.7,744.7,744.49,744.49,-0.03,262.49,197947.44,-1
2025-01-21,2025-01-21 14:39:00,744.49,744.49,744.27,744.27,-0.03,262.49,197947.44,-1
2025-01-21,2025-01-21 14:40:00,744.27,744.27,744.06,744.06,-0.03,262.49,197947.44,-1
2025-01-21,2025-01-21 14:41:00,744.06,744.06,743.85,743.85,-0.03,262.49,197947.44,-1
2025-01-21,2025-01-21 14:42:00,743.85,743.85,743.63,743.63,-0.03,262.49,197947.44,-1
2025-01-21,2025-01-21 14:43:00,743.63,743.63,743.42,743.42,-0.03,262.49,197947.44,-1
2025-01-21,2025-01-21 14:44:00,743.42,743.42,743.21,743.21,-0.03,262.49,197947.44,-1
2025-01-21,2025-01-21 14:45:00,743.21,743.21,742.99,742.99,-0.03,262.49,197947.44,-1
2025-01-21,2025-01-21 14:46:00,742.99,742.99,742.78,742.78,-0.03,262.49,197947.44,-1
2025-01-21,2025-01-21 14:47:00,742.78,742.78,742.57,742.57,-0.03,262.49,197947.44,-1
2025-01-21,2025-01-21 14:48:00,742.57,742.57,742.35,742.35,-0.03,262.49,197947.44,-1
2025-01-21,2025-01-21 14:49:00,742.35,742.35,742.14,742.14,-0.03,262.49,197947.44,-1
2025-01-21,2025-01-21 14:50:00,742.14,742.14,741.92,741.92,-0.03,262.49,197947.44,-1
2025-01-21,2025-01-21 14:51:00,741.92,741.92,741.71,741.71,-0.03,262.49,197947.44,-1
2025-01-21,2025-01-21 14:52:00,741.71,741.71,741.5,741.5,-0.03,262.49,197947.44,-1
2025-01-21,2025-01-21 14:53:00,741.5,741.5,741.28,741.28,-0.03,262.49,197947.44,-1
2025-01-21,2025-01-21 14:54:00,741.28,741.28,741.07,741.07,-0.03,262.49,197947.44,-1
2025-01-21,2025-01-21 14:55:00,741.07,741.07,740.86,740.86,-0.03,262.49,197947.44,-1
2025-01-21,2025-01-21 14:56:00,740.86,740.86,740.64,740.64,-0.03,262.49,197947.44,-1
2025-01-21,2025-01-21 14:57:00,740.64,740.64,740.43,740.43,-0.03,262.49,197947.44,-1
2025-01-21,2025-01-21 14:58:00,740.43,740.43,740.21,740.21,-0.03,262.49,197947.44,-1
2025-01-21,2025-01-21 14:59:00,740.21,740.21,740.0,740.0,-0.03,262.49,197947.44,-1
2025-01-21,2025-01-21 15:00:00,740.0,791.3,740.0,740.0,0.0,262.49,197947.44,0
2025-01-22,2025-01-22 11:00:00,740.0,754.4,738.86,740.06,0.01,172.83,131769.96,1
2025-01-22,2025-01-22 11:01:00,740.06,740.11,740.06,740.11,0.01,172.83,131769.96,1
2025-01-22,2025-01-22 11:02:00,740.11,740.17,740.11,740.17,0.01,172.83,131769.96,1
2025-01-22,2025-01-22 11:03:00,740.17,740.23,740.17,740.23,0.01,172.83,131769.96,1
2025-01-22,2025-01-22 11:04:00,740.23,740.28,740.23,740.28,0.01,172.83,131769.96,1
2025-01-22,2025-01-22 11:05:00,740.28,740.34,740.28,740.34,0.01,172.83,131769.96,1
2025-01-22,2025-01-22 11:06:00,740.34,740.39,740.34,740.39,0.01,172.83,131769.96,1
2025-01-22,2025-01-22 11:07:00,740.39,740.45,740.39,740.45,0.01,172.83,131769.96,1
2025-01-22,2025-01-22 11:08:00,740.45,740.51,740.45,740.51,0.01,172.83,131769.96,1
2025-01-22,2025-01-22 11:09:00,740.51,740.56,740.51,740.56,0.01,172.83,131769.96,1
2025-01-22,2025-01-22 11:10:00,740.56,740.62,740.56,740.62,0.01,172.83,131769.96,1
2025-01-22,2025-01-22 11:11:00,740.62,740.67,740.62,740.67,0.01,172.83,131769.96,1
2025-01-22,2025-01-22 11:12:00,740.67,740.73,740.67,740.73,0.01,172.83,131769.96,1
2025-01-22,2025-01-22 11:13:00,740.73,740.79,740.73,740.79,0.01,172.83,131769.96,1
2025-01-22,2025-01-22 11:14:00,740.79,740.84,740.79,740.84,0.01,172.83,131769.96,1
2025-01-22,2025-01-22 11:15:00,740.84,740.9,740.84,740.9,0.01,172.83,131769.96,1
2025-01-22,2025-01-22 11:16:00,740.9,740.96,740.9,740.96,0.01,172.83,131769.96,1
2025-01-22,2025-01-22 11:17:00,740.96,741.01,740.96,741.01,0.01,172.83,131769.96,1
2025-01-22,2025-01-22 11:18:00,741.01,741.07,741.01,741.07,0.01,172.83,131769.96,1
2025-01-22,2025-01-22 11:19:00,741.07,741.12,741.07,741.12,0.01,172.83,131769.96,1
2025-01-22,2025-01-22 11:20:00,741.12,741.18,741.12,741.18,0.01,172.83,131769.96,1
2025-01-22,2025-01-22 11:21:00,741.18,741.24,741.18,741.24,0.01,172.83,131769.96,1
2025-01-22,2025-01-22 11:22:00,741.24,741.29,741.24,741.29,0.01,172.83,131769.96,1
2025-01-22,2025-01-22 11:23:00,741.29,741.35,741.29,741.35,0.01,172.83,131769.96,1
2025-01-22,2025-01-22 11:24:00,741.35,741.41,741.35,741.41,0.01,172.83,131769.96,1
2025-01-22,2025-01-22 11:25:00,741.41,741.46,741.41,741.46,0.01,172.83,131769.96,1
2025-01-22,2025-01-22 11:26:00,741.46,741.52,741.46,741.52,0.01,172.83,131769.96,1
2025-01-22,2025-01-22 11:27:00,741.52,741.58,741.52,741.58,0.01,172.83,131769.96,1
2025-01-22,2025-01-22 11:28:00,741.58,741.63,741.58,741.63,0.01,172.83,131769.96,1
2025-01-22,2025-01-22 11:29:00,741.63,741.69,741.63,741.69,0.01,172.83,131769.96,1
2025-01-22,2025-01-22 11:30:00,741.69,741.74,741.69,741.74,0.01,172.83,131769.96,1
2025-01-22,2025-01-22 11:31:00,741.74,741.8,741.74,741.8,0.01,172.83,131769.96,1
2025-01-22,2025-01-22 11:32:00,741.8,741.86,741.8,741.86,0.01,172.83,131769.96,1
2025-01-22,2025-01-22 11:33:00,741.86,741.91,741.86,741.91,0.01,172.83,131769.96,1
2025-01-22,2025-01-22 11:34:00,741.91,741.97,741.91,741.97,0.01,172.83,131769.96,1
2025-01-22,2025-01-22 11:35:00,741.97,742.02,741.97,742.02,0.01,172.83,131769.96,1
2025-01-22,2025-01-22 11:36:00,742.02,742.08,742.02,742.08,0.01,172.83,131769.96,1
2025-01-22,2025-01-22 11:37:00,742.08,742.14,742.08,742.14,0.01,172.83,131769.96,1
2025-01-22,2025-01-22 11:38:00,742.14,742.19,742.14,742.19,0.01,172.83,131769.96,1
2025-01-22,2025-01-22 11:39:00,742.19,742.25,742.19,742.25,0.01,172.83,131769.96,1
2025-01-22,2025-01-22 11:40:00,742.25,742.31,742.25,742.31,0.01,172.83,131769.96,1
2025-01-22,2025-01-22 11:41:00,742.31,742.36,742.31,742.36,0.01,172.83,131769.96,1
2025-01-22,2025-01-22 11:42:00,742.36,742.42,742.36,742.42,0.01,172.83,131769.96,1
2025-01-22,2025-01-22 11:43:00,742.42,742.48,742.42,742.48,0.01,172.83,131769.96,1
2025-01-22,2025-01-22 11:44:00,742.48,742.53,742.48,742.53,0.01,172.83,131769.96,1
2025-01-22,2025-01-22 11:45:00,742.53,742.59,742.53,742.59,0.01,172.83,131769.96,1
2025-01-22,2025-01-22 11:46:00,742.59,742.64,742.59,742.64,0.01,172.83,131769.96,1
2025-01-22,2025-01-22 11:47:00,742.64,742.7,742.64,742.7,0.01,172.83,131769.96,1
2025-01-22,2025-01-22 11:48:00,742.7,742.76,742.7,742.76,0.01,172.83,131769.96,1
2025-01-22,2025-01-22 11:49:00,742.76,742.81,742.76,742.81,0.01,172.83,131769.96,1
2025-01-22,2025-01-22 11:50:00,742.81,742.87,742.81,742.87,0.01,172.83,131769.96,1
2025-01-22,2025-01-22 11:51:00,742.87,742.92,742.87,742.92,0.01,172.83,131769.96,1
2025-01-22,2025-01-22 11:52:00,742.92,742.98,742.92,742.98,0.01,172.83,131769.96,1
2025-01-22,2025-01-22 11:53:00,742.98,743.04,742.98,743.04,0.01,172.83,131769.96,1
2025-01-22,2025-01-22 11:54:00,743.04,743.09,743.04,743.09,0.01,172.83,131769.96,1
2025-01-22,2025-01-22 11:55:00,743.09,743.15,743.09,743.15,0.01,172.83,131769.96,1
2025-01-22,2025-01-22 11:56:00,743.15,743.21,743.15,743.21,0.01,172.83,131769.96,1
2025-01-22,2025-01-22 11:57:00,743.21,743.26,743.21,743.26,0.01,172.83,131769.96,1
2025-01-22,2025-01-22 11:58:00,743.26,743.32,743.26,743.32,0.01,172.83,131769.96,1
2025-01-22,2025-01-22 11:59:00,743.32,743.38,743.32,743.38,0.01,172.83,131769.96,1
2025-01-22,2025-01-22 12:00:00,743.38,743.43,743.38,743.43,0.01,172.83,131769.96,1
2025-01-22,2025-01-22 12:01:00,743.43,743.49,743.43,743.49,0.01,172.83,131769.96,1
2025-01-22,2025-01-22 12:02:00,743.49,743.54,743.49,743.54,0.01,172.83,131769.96,1
2025-01-22,2025-01-22 12:03:00,743.54,743.6,743.54,743.6,0.01,172.83,131769.96,1
2025-01-22,2025-01-22 12:04:00,743.6,743.66,743.6,743.66,0.01,172.83,131769.96,1
2025-01-22,2025-01-22 12:05:00,743.66,743.71,743.66,743.71,0.01,172.83,131769.96,1
2025-01-22,2025-01-22 12:06:00,743.71,743.77,743.71,743.77,0.01,172.83,131769.96,1
2025-01-22,2025-01-22 12:07:00,743.77,743.83,743.77,743.83,0.01,172.83,131769.96,1
2025-01-22,2025-01-22 12:08:00,743.83,743.88,743.83,743.88,0.01,172.83,131769.96,1
2025-01-22,2025-01-22 12:09:00,743.88,743.94,743.88,743.94,0.01,172.83,131769.96,1
2025-01-22,2025-01-22 12:10:00,743.94,743.99,743.94,743.99,0.01,172.83,131769.96,1
2025-01-22,2025-01-22 12:11:00,743.99,744.05,743.99,744.05,0.01,172.83,131769.96,1
2025-01-22,2025-01-22 12:12:00,744.05,744.11,744.05,744.11,0.01,172.83,131769.96,1
2025-01-22,2025-01-22 12:13:00,744.11,744.16,744.11,744.16,0.01,172.83,131769.96,1
2025-01-22,2025-01-22 12:14:00,744.16,744.22,744.16,744.22,0.01,172.83,131769.96,1
2025-01-22,2025-01-22 12:15:00,744.22,744.27,744.22,744.27,0.01,172.83,131769.96,1
2025-01-22,2025-01-22 12:16:00,744.27,744.33,744.27,744.33,0.01,172.83,131769.96,1
2025-01-22,2025-01-22 12:17:00,744.33,744.39,744.33,744.39,0.01,172.83,131769.96,1
2025-01-22,2025-01-22 12:18:00,744.39,744.44,744.39,744.44,0.01,172.83,131769.96,1
2025-01-22,2025-01-22 12:19:00,744.44,744.5,744.44,744.5,0.01,172.83,131769.96,1
2025-01-22,2025-01-22 12:20:00,744.5,744.56,744.5,744.56,0.01,172.83,131769.96,1
2025-01-22,2025-01-22 12:21:00,744.56,744.61,744.56,744.61,0.01,172.83,131769.96,1
2025-01-22,2025-01-22 12:22:00,744.61,744.67,744.61,744.67,0.01,172.83,131769.96,1
2025-01-22,2025-01-22 12:23:00,744.67,744.73,744.67,744.73,0.01,172.83,131769.96,1
2025-01-22,2025-01-22 12:24:00,744.73,744.78,744.73,744.78,0.01,172.83,131769.96,1
2025-01-22,2025-01-22 12:25:00,744.78,744.84,744.78,744.84,0.01,172.83,131769.96,1
2025-01-22,2025-01-22 12:26:00,744.84,744.89,744.84,744.89,0.01,172.83,131769.96,1
2025-01-22,2025-01-22 12:27:00,744.89,744.95,744.89,744.95,0.01,172.83,131769.96,1
2025-01-22,2025-01-22 12:28:00,744.95,745.01,744.95,745.01,0.01,172.83,131769.96,1
2025-01-22,2025-01-22 12:29:00,745.01,745.06,745.01,745.06,0.01,172.83,131769.96,1
2025-01-22,2025-01-22 12:30:00,745.06,745.12,745.06,745.12,0.01,172.83,131769.96,1
2025-01-22,2025-01-22 12:31:00,745.12,745.17,745.12,745.17,0.01,172.83,131769.96,1
2025-01-22,2025-01-22 12:32:00,745.17,745.23,745.17,745.23,0.01,172.83,131769.96,1
2025-01-22,2025-01-22 12:33:00,745.23,745.29,745.23,745.29,0.01,172.83,131769.96,1
2025-01-22,2025-01-22 12:34:00,745.29,745.34,745.29,745.34,0.01,172.83,131769.96,1
2025-01-22,2025-01-22 12:35:00,745.34,745.4,745.34,745.4,0.01,172.83,131769.96,1
2025-01-22,2025-01-22 12:36:00,745.4,745.46,745.4,745.46,0.01,172.83,131769.96,1
2025-01-22,2025-01-22 12:37:00,745.46,745.51,745.46,745.51,0.01,172.83,131769.96,1
2025-01-22,2025-01-22 12:38:00,745.51,745.57,745.51,745.57,0.01,172.83,131769.96,1
2025-01-22,2025-01-22 12:39:00,745.57,745.62,745.57,745.62,0.01,172.83,131769.96,1
2025-01-22,2025-01-22 12:40:00,745.62,745.68,745.62,745.68,0.01,172.83,131769.96,1
2025-01-22,2025-01-22 12:41:00,745.68,745.74,745.68,745.74,0.01,172.83,131769.96,1
2025-01-22,2025-01-22 12:42:00,745.74,745.79,745.74,745.79,0.01,172.83,131769.96,1
2025-01-22,2025-01-22 12:43:00,745.79,745.85,745.79,745.85,0.01,172.83,131769.96,1
2025-01-22,2025-01-22 12:44:00,745.85,745.91,745.85,745.91,0.01,172.83,131769.96,1
2025-01-22,2025-01-22 12:45:00,745.91,745.96,745.91,745.96,0.01,172.83,131769.96,1
2025-01-22,2025-01-22 12:46:00,745.96,746.02,745.96,746.02,0.01,172.83,131769.96,1
2025-01-22,2025-01-22 12:47:00,746.02,746.08,746.02,746.08,0.01,172.83,131769.96,1
2025-01-22,2025-01-22 12:48:00,746.08,746.13,746.08,746.13,0.01,172.83,131769.96,1
2025-01-22,2025-01-22 12:49:00,746.13,746.19,746.13,746.19,0.01,172.83,131769.96,1
2025-01-22,2025-01-22 12:50:00,746.19,746.24,746.19,746.24,0.01,172.83,131769.96,1
2025-01-22,2025-01-22 12:51:00,746.24,746.3,746.24,746.3,0.01,172.83,131769.96,1
2025-01-22,2025-01-22 12:52:00,746.3,746.36,746.3,746.36,0.01,172.83,131769.96,1
2025-01-22,2025-01-22 12:53:00,746.36,746.41,746.36,746.41,0.01,172.83,131769.96,1
2025-01-22,2025-01-22 12:54:00,746.41,746.47,746.41,746.47,0.01,172.83,131769.96,1
2025-01-22,2025-01-22 12:55:00,746.47,746.52,746.47,746.52,0.01,172.83,131769.96,1
2025-01-22,2025-01-22 12:56:00,746.52,746.58,746.52,746.58,0.01,172.83,131769.96,1
2025-01-22,2025-01-22 12:57:00,746.58,746.64,746.58,746.64,0.01,172.83,131769.96,1
2025-01-22,2025-01-22 12:58:00,746.64,746.69,746.64,746.69,0.01,172.83,131769.96,1
2025-01-22,2025-01-22 12:59:00,746.69,746.75,746.69,746.75,0.01,172.83,131769.96,1
2025-01-22,2025-01-22 13:00:00,746.75,788.0,736.2,746.81,0.01,172.83,131769.96,1
2025-01-22,2025-01-22 13:01:00,746.81,746.86,746.81,746.86,0.01,172.83,131769.96,1
2025-01-22,2025-01-22 13:02:00,746.86,746.92,746.86,746.92,0.01,172.83,131769.96,1
2025-01-22,2025-01-22 13:03:00,746.92,746.98,746.92,746.98,0.01,172.83,131769.96,1
2025-01-22,2025-01-22 13:04:00,746.98,747.03,746.98,747.03,0.01,172.83,131769.96,1
2025-01-22,2025-01-22 13:05:00,747.03,747.09,747.03,747.09,0.01,172.83,131769.96,1
2025-01-22,2025-01-22 13:06:00,747.09,747.14,747.09,747.14,0.01,172.83,131769.96,1
2025-01-22,2025-01-22 13:07:00,747.14,747.2,747.14,747.2,0.01,172.83,131769.96,1
2025-01-22,2025-01-22 13:08:00,747.2,747.26,747.2,747.26,0.01,172.83,131769.96,1
2025-01-22,2025-01-22 13:09:00,747.26,747.31,747.26,747.31,0.01,172.83,131769.96,1
2025-01-22,2025-01-22 13:10:00,747.31,747.37,747.31,747.37,0.01,172.83,131769.96,1
2025-01-22,2025-01-22 13:11:00,747.37,747.42,747.37,747.42,0.01,172.83,131769.96,1
2025-01-22,2025-01-22 13:12:00,747.42,747.48,747.42,747.48,0.01,172.83,131769.96,1
2025-01-22,2025-01-22 13:13:00,747.48,747.54,747.48,747.54,0.01,172.83,131769.96,1
2025-01-22,2025-01-22 13:14:00,747.54,747.59,747.54,747.59,0.01,172.83,131769.96,1
2025-01-22,2025-01-22 13:15:00,747.59,747.65,747.59,747.65,0.01,172.83,131769.96,1
2025-01-22,2025-01-22 13:16:00,747.65,747.71,747.65,747.71,0.01,172.83,131769.96,1
2025-01-22,2025-01-22 13:17:00,747.71,747.76,747.71,747.76,0.01,172.83,131769.96,1
2025-01-22,2025-01-22 13:18:00,747.76,747.82,747.76,747.82,0.01,172.83,131769.96,1
2025-01-22,2025-01-22 13:19:00,747.82,747.88,747.82,747.88,0.01,172.83,131769.96,1
2025-01-22,2025-01-22 13:20:00,747.88,747.93,747.88,747.93,0.01,172.83,131769.96,1
2025-01-22,2025-01-22 13:21:00,747.93,747.99,747.93,747.99,0.01,172.83,131769.96,1
2025-01-22,2025-01-22 13:22:00,747.99,748.04,747.99,748.04,0.01,172.83,131769.96,1
2025-01-22,2025-01-22 13:23:00,748.04,748.1,748.04,748.1,0.01,172.83,131769.96,1
2025-01-22,2025-01-22 13:24:00,748.1,748.16,748.1,748.16,0.01,172.83,131769.96,1
2025-01-22,2025-01-22 13:25:00,748.16,748.21,748.16,748.21,0.01,172.83,131769.96,1
2025-01-22,2025-01-22 13:26:00,748.21,748.27,748.21,748.27,0.01,172.83,131769.96,1
2025-01-22,2025-01-22 13:27:00,748.27,748.33,748.27,748.33,0.01,172.83,131769.96,1
2025-01-22,2025-01-22 13:28:00,748.33,748.38,748.33,748.38,0.01,172.83,131769.96,1
2025-01-22,2025-01-22 13:29:00,748.38,748.44,748.38,748.44,0.01,172.83,131769.96,1
2025-01-22,2025-01-22 13:30:00,748.44,748.49,748.44,748.49,0.01,172.83,131769.96,1
2025-01-22,2025-01-22 13:31:00,748.49,748.55,748.49,748.55,0.01,172.83,131769.96,1
2025-01-22,2025-01-22 13:32:00,748.55,748.61,748.55,748.61,0.01,172.83,131769.96,1
2025-01-22,2025-01-22 13:33:00,748.61,748.66,748.61,748.66,0.01,172.83,131769.96,1
2025-01-22,2025-01-22 13:34:00,748.66,748.72,748.66,748.72,0.01,172.83,131769.96,1
2025-01-22,2025-01-22 13:35:00,748.72,748.77,748.72,748.77,0.01,172.83,131769.96,1
2025-01-22,2025-01-22 13:36:00,748.77,748.83,748.77,748.83,0.01,172.83,131769.96,1
2025-01-22,2025-01-22 13:37:00,748.83,748.89,748.83,748.89,0.01,172.83,131769.96,1
2025-01-22,2025-01-22 13:38:00,748.89,748.94,748.89,748.94,0.01,172.83,131769.96,1
2025-01-22,2025-01-22 13:39:00,748.94,749.0,748.94,749.0,0.01,172.83,131769.96,1
2025-01-22,2025-01-22 13:40:00,749.0,749.06,749.0,749.06,0.01,172.83,131769.96,1
2025-01-22,2025-01-22 13:41:00,749.06,749.11,749.06,749.11,0.01,172.83,131769.96,1
2025-01-22,2025-01-22 13:42:00,749.11,749.17,749.11,749.17,0.01,172.83,131769.96,1
2025-01-22,2025-01-22 13:43:00,749.17,749.23,749.17,749.23,0.01,172.83,131769.96,1
2025-01-22,2025-01-22 13:44:00,749.23,749.28,749.23,749.28,0.01,172.83,131769.96,1
2025-01-22,2025-01-22 13:45:00,749.28,749.34,749.28,749.34,0.01,172.83,131769.96,1
2025-01-22,2025-01-22 13:46:00,749.34,749.39,749.34,749.39,0.01,172.83,131769.96,1
2025-01-22,2025-01-22 13:47:00,749.39,749.45,749.39,749.45,0.01,172.83,131769.96,1
2025-01-22,2025-01-22 13:48:00,749.45,749.51,749.45,749.51,0.01,172.83,131769.96,1
2025-01-22,2025-01-22 13:49:00,749.51,749.56,749.51,749.56,0.01,172.83,131769.96,1
2025-01-22,2025-01-22 13:50:00,749.56,749.62,749.56,749.62,0.01,172.83,131769.96,1
2025-01-22,2025-01-22 13:51:00,749.62,749.67,749.62,749.67,0.01,172.83,131769.96,1
2025-01-22,2025-01-22 13:52:00,749.67,749.73,749.67,749.73,0.01,172.83,131769.96,1
2025-01-22,2025-01-22 13:53:00,749.73,749.79,749.73,749.79,0.01,172.83,131769.96,1
2025-01-22,2025-01-22 13:54:00,749.79,749.84,749.79,749.84,0.01,172.83,131769.96,1
2025-01-22,2025-01-22 13:55:00,749.84,749.9,749.84,749.9,0.01,172.83,131769.96,1
2025-01-22,2025-01-22 13:56:00,749.9,749.96,749.9,749.96,0.01,172.83,131769.96,1
2025-01-22,2025-01-22 13:57:00,749.96,750.01,749.96,750.01,0.01,172.83,131769.96,1
2025-01-22,2025-01-22 13:58:00,750.01,750.07,750.01,750.07,0.01,172.83,131769.96,1
2025-01-22,2025-01-22 13:59:00,750.07,750.12,750.07,750.12,0.01,172.83,131769.96,1
2025-01-22,2025-01-22 14:00:00,750.12,750.18,750.12,750.18,0.01,172.83,131769.96,1
2025-01-22,2025-01-22 14:01:00,750.18,750.24,750.18,750.24,0.01,172.83,131769.96,1
2025-01-22,2025-01-22 14:02:00,750.24,750.29,750.24,750.29,0.01,172.83,131769.96,1
2025-01-22,2025-01-22 14:03:00,750.29,750.35,750.29,750.35,0.01,172.83,131769.96,1
2025-01-22,2025-01-22 14:04:00,750.35,750.41,750.35,750.41,0.01,172.83,131769.96,1
2025-01-22,2025-01-22 14:05:00,750.41,750.46,750.41,750.46,0.01,172.83,131769.96,1
2025-01-22,2025-01-22 14:06:00,750.46,750.52,750.46,750.52,0.01,172.83,131769.96,1
2025-01-22,2025-01-22 14:07:00,750.52,750.58,750.52,750.58,0.01,172.83,131769.96,1
2025-01-22,2025-01-22 14:08:00,750.58,750.63,750.58,750.63,0.01,172.83,131769.96,1
2025-01-22,2025-01-22 14:09:00,750.63,750.69,750.63,750.69,0.01,172.83,131769.96,1
2025-01-22,2025-01-22 14:10:00,750.69,750.74,750.69,750.74,0.01,172.83,131769.96,1
2025-01-22,2025-01-22 14:11:00,750.74,750.8,750.74,750.8,0.01,172.83,131769.96,1
2025-01-22,2025-01-22 14:12:00,750.8,750.86,750.8,750.86,0.01,172.83,131769.96,1
2025-01-22,2025-01-22 14:13:00,750.86,750.91,750.86,750.91,0.01,172.83,131769.96,1
2025-01-22,2025-01-22 14:14:00,750.91,750.97,750.91,750.97,0.01,172.83,131769.96,1
2025-01-22,2025-01-22 14:15:00,750.97,751.02,750.97,751.02,0.01,172.83,131769.96,1
2025-01-22,2025-01-22 14:16:00,751.02,751.08,751.02,751.08,0.01,172.83,131769.96,1
2025-01-22,2025-01-22 14:17:00,751.08,751.14,751.08,751.14,0.01,172.83,131769.96,1
2025-01-22,2025-01-22 14:18:00,751.14,751.19,751.14,751.19,0.01,172.83,131769.96,1
2025-01-22,2025-01-22 14:19:00,751.19,751.25,751.19,751.25,0.01,172.83,131769.96,1
2025-01-22,2025-01-22 14:20:00,751.25,751.31,751.25,751.31,0.01,172.83,131769.96,1
2025-01-22,2025-01-22 14:21:00,751.31,751.36,751.31,751.36,0.01,172.83,131769.96,1
2025-01-22,2025-01-22 14:22:00,751.36,751.42,751.36,751.42,0.01,172.83,131769.96,1
2025-01-22,2025-01-22 14:23:00,751.42,751.48,751.42,751.48,0.01,172.83,131769.96,1
2025-01-22,2025-01-22 14:24:00,751.48,751.53,751.48,751.53,0.01,172.83,131769.96,1
2025-01-22,2025-01-22 14:25:00,751.53,751.59,751.53,751.59,0.01,172.83,131769.96,1
2025-01-22,2025-01-22 14:26:00,751.59,751.64,751.59,751.64,0.01,172.83,131769.96,1
2025-01-22,2025-01-22 14:27:00,751.64,751.7,751.64,751.7,0.01,172.83,131769.96,1
2025-01-22,2025-01-22 14:28:00,751.7,751.76,751.7,751.76,0.01,172.83,131769.96,1
2025-01-22,2025-01-22 14:29:00,751.76,751.81,751.76,751.81,0.01,172.83,131769.96,1
2025-01-22,2025-01-22 14:30:00,751.81,751.87,751.81,751.87,0.01,172.83,131769.96,1
2025-01-22,2025-01-22 14:31:00,751.87,751.92,751.87,751.92,0.01,172.83,131769.96,1
2025-01-22,2025-01-22 14:32:00,751.92,751.98,751.92,751.98,0.01,172.83,131769.96,1
2025-01-22,2025-01-22 14:33:00,751.98,752.04,751.98,752.04,0.01,172.83,131769.96,1
2025-01-22,2025-01-22 14:34:00,752.04,752.09,752.04,752.09,0.01,172.83,131769.96,1
2025-01-22,2025-01-22 14:35:00,752.09,752.15,752.09,752.15,0.01,172.83,131769.96,1
2025-01-22,2025-01-22 14:36:00,752.15,752.21,752.15,752.21,0.01,172.83,131769.96,1
2025-01-22,2025-01-22 14:37:00,752.21,752.26,752.21,752.26,0.01,172.83,131769.96,1
2025-01-22,2025-01-22 14:38:00,752.26,752.32,752.26,752.32,0.01,172.83,131769.96,1
2025-01-22,2025-01-22 14:39:00,752.32,752.38,752.32,752.38,0.01,172.83,131769.96,1
2025-01-22,2025-01-22 14:40:00,752.38,752.43,752.38,752.43,0.01,172.83,131769.96,1
2025-01-22,2025-01-22 14:41:00,752.43,752.49,752.43,752.49,0.01,172.83,131769.96,1
2025-01-22,2025-01-22 14:42:00,752.49,752.54,752.49,752.54,0.01,172.83,131769.96,1
2025-01-22,2025-01-22 14:43:00,752.54,752.6,752.54,752.6,0.01,172.83,131769.96,1
2025-01-22,2025-01-22 14:44:00,752.6,752.66,752.6,752.66,0.01,172.83,131769.96,1
2025-01-22,2025-01-22 14:45:00,752.66,752.71,752.66,752.71,0.01,172.83,131769.96,1
2025-01-22,2025-01-22 14:46:00,752.71,752.77,752.71,752.77,0.01,172.83,131769.96,1
2025-01-22,2025-01-22 14:47:00,752.77,752.83,752.77,752.83,0.01,172.83,131769.96,1
2025-01-22,2025-01-22 14:48:00,752.83,752.88,752.83,752.88,0.01,172.83,131769.96,1
2025-01-22,2025-01-22 14:49:00,752.88,752.94,752.88,752.94,0.01,172.83,131769.96,1
2025-01-22,2025-01-22 14:50:00,752.94,752.99,752.94,752.99,0.01,172.83,131769.96,1
2025-01-22,2025-01-22 14:51:00,752.99,753.05,752.99,753.05,0.01,172.83,131769.96,1
2025-01-22,2025-01-22 14:52:00,753.05,753.11,753.05,753.11,0.01,172.83,131769.96,1
2025-01-22,2025-01-22 14:53:00,753.11,753.16,753.11,753.16,0.01,172.83,131769.96,1
2025-01-22,2025-01-22 14:54:00,753.16,753.22,753.16,753.22,0.01,172.83,131769.96,1
2025-01-22,2025-01-22 14:55:00,753.22,753.27,753.22,753.27,0.01,172.83,131769.96,1
2025-01-22,2025-01-22 14:56:00,753.27,753.33,753.27,753.33,0.01,172.83,131769.96,1
2025-01-22,2025-01-22 14:57:00,753.33,753.39,753.33,753.39,0.01,172.83,131769.96,1
2025-01-22,2025-01-22 14:58:00,753.39,753.44,753.39,753.44,0.01,172.83,131769.96,1
2025-01-22,2025-01-22 14:59:00,753.44,753.5,753.44,753.5,0.01,172.83,131769.96,1
2025-01-22,2025-01-22 15:00:00,753.5,788.0,736.2,753.5,0.0,172.83,131769.96,0
2025-01-23,2025-01-23 11:00:00,768.5,771.95,765.98,768.5,0.0,288.62,222603.08,0
2025-01-23,2025-01-23 11:01:00,768.5,768.5,768.5,768.5,0.0,288.62,222603.08,0
2025-01-23,2025-01-23 11:02:00,768.5,768.5,768.49,768.49,-0.0,288.62,222603.08,-1
2025-01-23,2025-01-23 11:03:00,768.49,768.49,768.49,768.49,0.0,288.62,222603.08,0
2025-01-23,2025-01-23 11:04:00,768.49,768.49,768.49,768.49,0.0,288.62,222603.08,0
2025-01-23,2025-01-23 11:05:00,768.49,768.49,768.49,768.49,0.0,288.62,222603.08,0
2025-01-23,2025-01-23 11:06:00,768.49,768.49,768.49,768.49,0.0,288.62,222603.08,0
2025-01-23,2025-01-23 11:07:00,768.49,768.49,768.48,768.48,-0.0,288.62,222603.08,-1
2025-01-23,2025-01-23 11:08:00,768.48,768.48,768.48,768.48,0.0,288.62,222603.08,0
2025-01-23,2025-01-23 11:09:00,768.48,768.48,768.48,768.48,0.0,288.62,222603.08,0
2025-01-23,2025-01-23 11:10:00,768.48,768.48,768.48,768.48,0.0,288.62,222603.08,0
2025-01-23,2025-01-23 11:11:00,768.48,768.48,768.48,768.48,0.0,288.62,222603.08,0
2025-01-23,2025-01-23 11:12:00,768.48,768.48,768.47,768.47,-0.0,288.62,222603.08,-1
2025-01-23,2025-01-23 11:13:00,768.47,768.47,768.47,768.47,0.0,288.62,222603.08,0
2025-01-23,2025-01-23 11:14:00,768.47,768.47,768.47,768.47,0.0,288.62,222603.08,0
2025-01-23,2025-01-23 11:15:00,768.47,768.47,768.47,768.47,0.0,288.62,222603.08,0
2025-01-23,2025-01-23 11:16:00,768.47,768.47,768.46,768.46,-0.0,288.62,222603.08,-1
2025-01-23,2025-01-23 11:17:00,768.46,768.46,768.46,768.46,0.0,288.62,222603.08,0
2025-01-23,2025-01-23 11:18:00,768.46,768.46,768.46,768.46,0.0,288.62,222603.08,0
2025-01-23,2025-01-23 11:19:00,768.46,768.46,768.46,768.46,0.0,288.62,222603.08,0
2025-01-23,2025-01-23 11:20:00,768.46,768.46,768.46,768.46,0.0,288.62,222603.08,0
2025-01-23,2025-01-23 11:21:00,768.46,768.46,768.45,768.45,-0.0,288.62,222603.08,-1
2025-01-23,2025-01-23 11:22:00,768.45,768.45,768.45,768.45,0.0,288.62,222603.08,0
2025-01-23,2025-01-23 11:23:00,768.45,768.45,768.45,768.45,0.0,288.62,222603.08,0
2025-01-23,2025-01-23 11:24:00,768.45,768.45,768.45,768.45,0.0,288.62,222603.08,0
2025-01-23,2025-01-23 11:25:00,768.45,768.45,768.45,768.45,0.0,288.62,222603.08,0
2025-01-23,2025-01-23 11:26:00,768.45,768.45,768.44,768.44,-0.0,288.62,222603.08,-1
2025-01-23,2025-01-23 11:27:00,768.44,768.44,768.44,768.44,0.0,288.62,222603.08,0
2025-01-23,2025-01-23 11:28:00,768.44,768.44,768.44,768.44,0.0,288.62,222603.08,0
2025-01-23,2025-01-23 11:29:00,768.44,768.44,768.44,768.44,0.0,288.62,222603.08,0
2025-01-23,2025-01-23 11:30:00,768.44,768.44,768.44,768.44,0.0,288.62,222603.08,0
2025-01-23,2025-01-23 11:31:00,768.44,768.44,768.43,768.43,-0.0,288.62,222603.08,-1
2025-01-23,2025-01-23 11:32:00,768.43,768.43,768.43,768.43,0.0,288.62,222603.08,0
2025-01-23,2025-01-23 11:33:00,768.43,768.43,768.43,768.43,0.0,288.62,222603.08,0
2025-01-23,2025-01-23 11:34:00,768.43,768.43,768.43,768.43,0.0,288.62,222603.08,0
2025-01-23,2025-01-23 11:35:00,768.43,768.43,768.42,768.42,-0.0,288.62,222603.08,-1
2025-01-23,2025-01-23 11:36:00,768.42,768.42,768.42,768.42,0.0,288.62,222603.08,0
2025-01-23,2025-01-23 11:37:00,768.42,768.42,768.42,768.42,0.0,288.62,222603.08,0
2025-01-23,2025-01-23 11:38:00,768.42,768.42,768.42,768.42,0.0,288.62,222603.08,0
2025-01-23,2025-01-23 11:39:00,768.42,768.42,768.42,768.42,0.0,288.62,222603.08,0
2025-01-23,2025-01-23 11:40:00,768.42,768.42,768.41,768.41,-0.0,288.62,222603.08,-1
2025-01-23,2025-01-23 11:41:00,768.41,768.41,768.41,768.41,0.0,288.62,222603.08,0
2025-01-23,2025-01-23 11:42:00,768.41,768.41,768.41,768.41,0.0,288.62,222603.08,0
2025-01-23,2025-01-23 11:43:00,768.41,768.41,768.41,768.41,0.0,288.62,222603.08,0
2025-01-23,2025-01-23 11:44:00,768.41,768.41,768.41,768.41,0.0,288.62,222603.08,0
2025-01-23,2025-01-23 11:45:00,768.41,768.41,768.4,768.4,-0.0,288.62,222603.08,-1
2025-01-23,2025-01-23 11:46:00,768.4,768.4,768.4,768.4,0.0,288.62,222603.08,0
2025-01-23,2025-01-23 11:47:00,768.4,768.4,768.4,768.4,0.0,288.62,222603.08,0
2025-01-23,2025-01-23 11:48:00,768.4,768.4,768.4,768.4,0.0,288.62,222603.08,0
2025-01-23,2025-01-23 11:49:00,768.4,768.4,768.4,768.4,0.0,288.62,222603.08,0
2025-01-23,2025-01-23 11:50:00,768.4,768.4,768.39,768.39,-0.0,288.62,222603.08,-1
2025-01-23,2025-01-23 11:51:00,768.39,768.39,768.39,768.39,0.0,288.62,222603.08,0
2025-01-23,2025-01-23 11:52:00,768.39,768.39,768.39,768.39,0.0,288.62,222603.08,0
2025-01-23,2025-01-23 11:53:00,768.39,768.39,768.39,768.39,0.0,288.62,222603.08,0
2025-01-23,2025-01-23 11:54:00,768.39,768.39,768.39,768.39,0.0,288.62,222603.08,0
2025-01-23,2025-01-23 11:55:00,768.39,768.39,768.38,768.38,-0.0,288.62,222603.08,-1
2025-01-23,2025-01-23 11:56:00,768.38,768.38,768.38,768.38,0.0,288.62,222603.08,0
2025-01-23,2025-01-23 11:57:00,768.38,768.38,768.38,768.38,0.0,288.62,222603.08,0
2025-01-23,2025-01-23 11:58:00,768.38,768.38,768.38,768.38,0.0,288.62,222603.08,0
2025-01-23,2025-01-23 11:59:00,768.38,768.38,768.38,768.38,0.0,288.62,222603.08,0
2025-01-23,2025-01-23 12:00:00,768.38,768.38,768.37,768.37,-0.0,288.62,222603.08,-1
2025-01-23,2025-01-23 12:01:00,768.37,768.37,768.37,768.37,0.0,288.62,222603.08,0
2025-01-23,2025-01-23 12:02:00,768.37,768.37,768.37,768.37,0.0,288.62,222603.08,0
2025-01-23,2025-01-23 12:03:00,768.37,768.37,768.37,768.37,0.0,288.62,222603.08,0
2025-01-23,2025-01-23 12:04:00,768.37,768.37,768.36,768.36,-0.0,288.62,222603.08,-1
2025-01-23,2025-01-23 12:05:00,768.36,768.36,768.36,768.36,0.0,288.62,222603.08,0
2025-01-23,2025-01-23 12:06:00,768.36,768.36,768.36,768.36,0.0,288.62,222603.08,0
2025-01-23,2025-01-23 12:07:00,768.36,768.36,768.36,768.36,0.0,288.62,222603.08,0
2025-01-23,2025-01-23 12:08:00,768.36,768.36,768.36,768.36,0.0,288.62,222603.08,0
2025-01-23,2025-01-23 12:09:00,768.36,768.36,768.35,768.35,-0.0,288.62,222603.08,-1
2025-01-23,2025-01-23 12:10:00,768.35,768.35,768.35,768.35,0.0,288.62,222603.08,0
2025-01-23,2025-01-23 12:11:00,768.35,768.35,768.35,768.35,0.0,288.62,222603.08,0
2025-01-23,2025-01-23 12:12:00,768.35,768.35,768.35,768.35,0.0,288.62,222603.08,0
2025-01-23,2025-01-23 12:13:00,768.35,768.35,768.35,768.35,0.0,288.62,222603.08,0
2025-01-23,2025-01-23 12:14:00,768.35,768.35,768.34,768.34,-0.0,288.62,222603.08,-1
2025-01-23,2025-01-23 12:15:00,768.34,768.34,768.34,768.34,0.0,288.62,222603.08,0
2025-01-23,2025-01-23 12:16:00,768.34,768.34,768.34,768.34,0.0,288.62,222603.08,0
2025-01-23,2025-01-23 12:17:00,768.34,768.34,768.34,768.34,0.0,288.62,222603.08,0
2025-01-23,2025-01-23 12:18:00,768.34,768.34,768.34,768.34,0.0,288.62,222603.08,0
2025-01-23,2025-01-23 12:19:00,768.34,768.34,768.33,768.33,-0.0,288.62,222603.08,-1
2025-01-23,2025-01-23 12:20:00,768.33,768.33,768.33,768.33,0.0,288.62,222603.08,0
2025-01-23,2025-01-23 12:21:00,768.33,768.33,768.33,768.33,0.0,288.62,222603.08,0
2025-01-23,2025-01-23 12:22:00,768.33,768.33,768.33,768.33,0.0,288.62,222603.08,0
2025-01-23,2025-01-23 12:23:00,768.33,768.33,768.33,768.33,0.0,288.62,222603.08,0
2025-01-23,2025-01-23 12:24:00,768.33,768.33,768.32,768.32,-0.0,288.62,222603.08,-1
2025-01-23,2025-01-23 12:25:00,768.32,768.32,768.32,768.32,0.0,288.62,222603.08,0
2025-01-23,2025-01-23 12:26:00,768.32,768.32,768.32,768.32,0.0,288.62,222603.08,0
2025-01-23,2025-01-23 12:27:00,768.32,768.32,768.32,768.32,0.0,288.62,222603.08,0
2025-01-23,2025-01-23 12:28:00,768.32,768.32,768.31,768.31,-0.0,288.62,222603.08,-1
2025-01-23,2025-01-23 12:29:00,768.31,768.31,768.31,768.31,0.0,288.62,222603.08,0
2025-01-23,2025-01-23 12:30:00,768.31,768.31,768.31,768.31,0.0,288.62,222603.08,0
2025-01-23,2025-01-23 12:31:00,768.31,768.31,768.31,768.31,0.0,288.62,222603.08,0
2025-01-23,2025-01-23 12:32:00,768.31,768.31,768.31,768.31,0.0,288.62,222603.08,0
2025-01-23,2025-01-23 12:33:00,768.31,768.31,768.3,768.3,-0.0,288.62,222603.08,-1
2025-01-23,2025-01-23 12:34:00,768.3,768.3,768.3,768.3,0.0,288.62,222603.08,0
2025-01-23,2025-01-23 12:35:00,768.3,768.3,768.3,768.3,0.0,288.62,222603.08,0
2025-01-23,2025-01-23 12:36:00,768.3,768.3,768.3,768.3,0.0,288.62,222603.08,0
2025-01-23,2025-01-23 12:37:00,768.3,768.3,768.3,768.3,0.0,288.62,222603.08,0
2025-01-23,2025-01-23 12:38:00,768.3,768.3,768.29,768.29,-0.0,288.62,222603.08,-1
2025-01-23,2025-01-23 12:39:00,768.29,768.29,768.29,768.29,0.0,288.62,222603.08,0
2025-01-23,2025-01-23 12:40:00,768.29,768.29,768.29,768.29,0.0,288.62,222603.08,0
2025-01-23,2025-01-23 12:41:00,768.29,768.29,768.29,768.29,0.0,288.62,222603.08,0
2025-01-23,2025-01-23 12:42:00,768.29,768.29,768.29,768.29,0.0,288.62,222603.08,0
2025-01-23,2025-01-23 12:43:00,768.29,768.29,768.28,768.28,-0.0,288.62,222603.08,-1
2025-01-23,2025-01-23 12:44:00,768.28,768.28,768.28,768.28,0.0,288.62,222603.08,0
2025-01-23,2025-01-23 12:45:00,768.28,768.28,768.28,768.28,0.0,288.62,222603.08,0
2025-01-23,2025-01-23 12:46:00,768.28,768.28,768.28,768.28,0.0,288.62,222603.08,0
2025-01-23,2025-01-23 12:47:00,768.28,768.28,768.27,768.27,-0.0,288.62,222603.08,-1
2025-01-23,2025-01-23 12:48:00,768.27,768.27,768.27,768.27,0.0,288.62,222603.08,0
2025-01-23,2025-01-23 12:49:00,768.27,768.27,768.27,768.27,0.0,288.62,222603.08,0
2025-01-23,2025-01-23 12:50:00,768.27,768.27,768.27,768.27,0.0,288.62,222603.08,0
2025-01-23,2025-01-23 12:51:00,768.27,768.27,768.27,768.27,0.0,288.62,222603.08,0
2025-01-23,2025-01-23 12:52:00,768.27,768.27,768.26,768.26,-0.0,288.62,222603.08,-1
2025-01-23,2025-01-23 12:53:00,768.26,768.26,768.26,768.26,0.0,288.62,222603.08,0
2025-01-23,2025-01-23 12:54:00,768.26,768.26,768.26,768.26,0.0,288.62,222603.08,0
2025-01-23,2025-01-23 12:55:00,768.26,768.26,768.26,768.26,0.0,288.62,222603.08,0
2025-01-23,2025-01-23 12:56:00,768.26,768.26,768.26,768.26,0.0,288.62,222603.08,0
2025-01-23,2025-01-23 12:57:00,768.26,768.26,768.25,768.25,-0.0,288.62,222603.08,-1
2025-01-23,2025-01-23 12:58:00,768.25,768.25,768.25,768.25,0.0,288.62,222603.08,0
2025-01-23,2025-01-23 12:59:00,768.25,768.25,768.25,768.25,0.0,288.62,222603.08,0
2025-01-23,2025-01-23 13:00:00,768.25,780.0,760.1,768.25,0.0,288.62,222603.08,0
2025-01-23,2025-01-23 13:01:00,768.25,768.25,768.25,768.25,0.0,288.62,222603.08,0
2025-01-23,2025-01-23 13:02:00,768.25,768.25,768.24,768.24,-0.0,288.62,222603.08,-1
2025-01-23,2025-01-23 13:03:00,768.24,768.24,768.24,768.24,0.0,288.62,222603.08,0
2025-01-23,2025-01-23 13:04:00,768.24,768.24,768.24,768.24,0.0,288.62,222603.08,0
2025-01-23,2025-01-23 13:05:00,768.24,768.24,768.24,768.24,0.0,288.62,222603.08,0
2025-01-23,2025-01-23 13:06:00,768.24,768.24,768.24,768.24,0.0,288.62,222603.08,0
2025-01-23,2025-01-23 13:07:00,768.24,768.24,768.23,768.23,-0.0,288.62,222603.08,-1
2025-01-23,2025-01-23 13:08:00,768.23,768.23,768.23,768.23,0.0,288.62,222603.08,0
2025-01-23,2025-01-23 13:09:00,768.23,768.23,768.23,768.23,0.0,288.62,222603.08,0
2025-01-23,2025-01-23 13:10:00,768.23,768.23,768.23,768.23,0.0,288.62,222603.08,0
2025-01-23,2025-01-23 13:11:00,768.23,768.23,768.23,768.23,0.0,288.62,222603.08,0
2025-01-23,2025-01-23 13:12:00,768.23,768.23,768.22,768.22,-0.0,288.62,222603.08,-1
2025-01-23,2025-01-23 13:13:00,768.22,768.22,768.22,768.22,0.0,288.62,222603.08,0
2025-01-23,2025-01-23 13:14:00,768.22,768.22,768.22,768.22,0.0,288.62,222603.08,0
2025-01-23,2025-01-23 13:15:00,768.22,768.22,768.22,768.22,0.0,288.62,222603.08,0
2025-01-23,2025-01-23 13:16:00,768.22,768.22,768.21,768.21,-0.0,288.62,222603.08,-1
2025-01-23,2025-01-23 13:17:00,768.21,768.21,768.21,768.21,0.0,288.62,222603.08,0
2025-01-23,2025-01-23 13:18:00,768.21,768.21,768.21,768.21,0.0,288.62,222603.08,0
2025-01-23,2025-01-23 13:19:00,768.21,768.21,768.21,768.21,0.0,288.62,222603.08,0
2025-01-23,2025-01-23 13:20:00,768.21,768.21,768.21,768.21,0.0,288.62,222603.08,0
2025-01-23,2025-01-23 13:21:00,768.21,768.21,768.2,768.2,-0.0,288.62,222603.08,-1
2025-01-23,2025-01-23 13:22:00,768.2,768.2,768.2,768.2,0.0,288.62,222603.08,0
2025-01-23,2025-01-23 13:23:00,768.2,768.2,768.2,768.2,0.0,288.62,222603.08,0
2025-01-23,2025-01-23 13:24:00,768.2,768.2,768.2,768.2,0.0,288.62,222603.08,0
2025-01-23,2025-01-23 13:25:00,768.2,768.2,768.2,768.2,0.0,288.62,222603.08,0
2025-01-23,2025-01-23 13:26:00,768.2,768.2,768.19,768.19,-0.0,288.62,222603.08,-1
2025-01-23,2025-01-23 13:27:00,768.19,768.19,768.19,768.19,0.0,288.62,222603.08,0
2025-01-23,2025-01-23 13:28:00,768.19,768.19,768.19,768.19,0.0,288.62,222603.08,0
2025-01-23,2025-01-23 13:29:00,768.19,768.19,768.19,768.19,0.0,288.62,222603.08,0
2025-01-23,2025-01-23 13:30:00,768.19,768.19,768.19,768.19,0.0,288.62,222603.08,0
2025-01-23,2025-01-23 13:31:00,768.19,768.19,768.18,768.18,-0.0,288.62,222603.08,-1
2025-01-23,2025-01-23 13:32:00,768.18,768.18,768.18,768.18,0.0,288.62,222603.08,0
2025-01-23,2025-01-23 13:33:00,768.18,768.18,768.18,768.18,0.0,288.62,222603.08,0
2025-01-23,2025-01-23 13:34:00,768.18,768.18,768.18,768.18,0.0,288.62,222603.08,0
2025-01-23,2025-01-23 13:35:00,768.18,768.18,768.17,768.17,-0.0,288.62,222603.08,-1
2025-01-23,2025-01-23 13:36:00,768.17,768.17,768.17,768.17,0.0,288.62,222603.08,0
2025-01-23,2025-01-23 13:37:00,768.17,768.17,768.17,768.17,0.0,288.62,222603.08,0
2025-01-23,2025-01-23 13:38:00,768.17,768.17,768.17,768.17,0.0,288.62,222603.08,0
2025-01-23,2025-01-23 13:39:00,768.17,768.17,768.17,768.17,0.0,288.62,222603.08,0
2025-01-23,2025-01-23 13:40:00,768.17,768.17,768.16,768.16,-0.0,288.62,222603.08,-1
2025-01-23,2025-01-23 13:41:00,768.16,768.16,768.16,768.16,0.0,288.62,222603.08,0
2025-01-23,2025-01-23 13:42:00,768.16,768.16,768.16,768.16,0.0,288.62,222603.08,0
2025-01-23,2025-01-23 13:43:00,768.16,768.16,768.16,768.16,0.0,288.62,222603.08,0
2025-01-23,2025-01-23 13:44:00,768.16,768.16,768.16,768.16,0.0,288.62,222603.08,0
2025-01-23,2025-01-23 13:45:00,768.16,768.16,768.15,768.15,-0.0,288.62,222603.08,-1
2025-01-23,2025-01-23 13:46:00,768.15,768.15,768.15,768.15,0.0,288.62,222603.08,0
2025-01-23,2025-01-23 13:47:00,768.15,768.15,768.15,768.15,0.0,288.62,222603.08,0
2025-01-23,2025-01-23 13:48:00,768.15,768.15,768.15,768.15,0.0,288.62,222603.08,0
2025-01-23,2025-01-23 13:49:00,768.15,768.15,768.15,768.15,0.0,288.62,222603.08,0
2025-01-23,2025-01-23 13:50:00,768.15,768.15,768.14,768.14,-0.0,288.62,222603.08,-1
2025-01-23,2025-01-23 13:51:00,768.14,768.14,768.14,768.14,0.0,288.62,222603.08,0
2025-01-23,2025-01-23 13:52:00,768.14,768.14,768.14,768.14,0.0,288.62,222603.08,0
2025-01-23,2025-01-23 13:53:00,768.14,768.14,768.14,768.14,0.0,288.62,222603.08,0
2025-01-23,2025-01-23 13:54:00,768.14,768.14,768.14,768.14,0.0,288.62,222603.08,0
2025-01-23,2025-01-23 13:55:00,768.14,768.14,768.13,768.13,-0.0,288.62,222603.08,-1
2025-01-23,2025-01-23 13:56:00,768.13,768.13,768.13,768.13,0.0,288.62,222603.08,0
2025-01-23,2025-01-23 13:57:00,768.13,768.13,768.13,768.13,0.0,288.62,222603.08,0
2025-01-23,2025-01-23 13:58:00,768.13,768.13,768.13,768.13,0.0,288.62,222603.08,0
2025-01-23,2025-01-23 13:59:00,768.13,768.13,768.12,768.12,-0.0,288.62,222603.08,-1
2025-01-23,2025-01-23 14:00:00,768.12,768.12,768.12,768.12,0.0,288.62,222603.08,0
2025-01-23,2025-01-23 14:01:00,768.12,768.12,768.12,768.12,0.0,288.62,222603.08,0
2025-01-23,2025-01-23 14:02:00,768.12,768.12,768.12,768.12,0.0,288.62,222603.08,0
2025-01-23,2025-01-23 14:03:00,768.12,768.12,768.12,768.12,0.0,288.62,222603.08,0
2025-01-23,2025-01-23 14:04:00,768.12,768.12,768.11,768.11,-0.0,288.62,222603.08,-1
2025-01-23,2025-01-23 14:05:00,768.11,768.11,768.11,768.11,0.0,288.62,222603.08,0
2025-01-23,2025-01-23 14:06:00,768.11,768.11,768.11,768.11,0.0,288.62,222603.08,0
2025-01-23,2025-01-23 14:07:00,768.11,768.11,768.11,768.11,0.0,288.62,222603.08,0
2025-01-23,2025-01-23 14:08:00,768.11,768.11,768.11,768.11,0.0,288.62,222603.08,0
2025-01-23,2025-01-23 14:09:00,768.11,768.11,768.1,768.1,-0.0,288.62,222603.08,-1
2025-01-23,2025-01-23 14:10:00,768.1,768.1,768.1,768.1,0.0,288.62,222603.08,0
2025-01-23,2025-01-23 14:11:00,768.1,768.1,768.1,768.1,0.0,288.62,222603.08,0
2025-01-23,2025-01-23 14:12:00,768.1,768.1,768.1,768.1,0.0,288.62,222603.08,0
2025-01-23,2025-01-23 14:13:00,768.1,768.1,768.1,768.1,0.0,288.62,222603.08,0
2025-01-23,2025-01-23 14:14:00,768.1,768.1,768.09,768.09,-0.0,288.62,222603.08,-1
2025-01-23,2025-01-23 14:15:00,768.09,768.09,768.09,768.09,0.0,288.62,222603.08,0
2025-01-23,2025-01-23 14:16:00,768.09,768.09,768.09,768.09,0.0,288.62,222603.08,0
2025-01-23,2025-01-23 14:17:00,768.09,768.09,768.09,768.09,0.0,288.62,222603.08,0
2025-01-23,2025-01-23 14:18:00,768.09,768.09,768.09,768.09,0.0,288.62,222603.08,0
2025-01-23,2025-01-23 14:19:00,768.09,768.09,768.08,768.08,-0.0,288.62,222603.08,-1
2025-01-23,2025-01-23 14:20:00,768.08,768.08,768.08,768.08,0.0,288.62,222603.08,0
2025-01-23,2025-01-23 14:21:00,768.08,768.08,768.08,768.08,0.0,288.62,222603.08,0
2025-01-23,2025-01-23 14:22:00,768.08,768.08,768.08,768.08,0.0,288.62,222603.08,0
2025-01-23,2025-01-23 14:23:00,768.08,768.08,768.08,768.08,0.0,288.62,222603.08,0
2025-01-23,2025-01-23 14:24:00,768.08,768.08,768.07,768.07,-0.0,288.62,222603.08,-1
2025-01-23,2025-01-23 14:25:00,768.07,768.07,768.07,768.07,0.0,288.62,222603.08,0
2025-01-23,2025-01-23 14:26:00,768.07,768.07,768.07,768.07,0.0,288.62,222603.08,0
2025-01-23,2025-01-23 14:27:00,768.07,768.07,768.07,768.07,0.0,288.62,222603.08,0
2025-01-23,2025-01-23 14:28:00,768.07,768.07,768.06,768.06,-0.0,288.62,222603.08,-1
2025-01-23,2025-01-23 14:29:00,768.06,768.06,768.06,768.06,0.0,288.62,222603.08,0
2025-01-23,2025-01-23 14:30:00,768.06,768.06,768.06,768.06,0.0,288.62,222603.08,0
2025-01-23,2025-01-23 14:31:00,768.06,768.06,768.06,768.06,0.0,288.62,222603.08,0
2025-01-23,2025-01-23 14:32:00,768.06,768.06,768.06,768.06,0.0,288.62,222603.08,0
2025-01-23,2025-01-23 14:33:00,768.06,768.06,768.05,768.05,-0.0,288.62,222603.08,-1
2025-01-23,2025-01-23 14:34:00,768.05,768.05,768.05,768.05,0.0,288.62,222603.08,0
2025-01-23,2025-01-23 14:35:00,768.05,768.05,768.05,768.05,0.0,288.62,222603.08,0
2025-01-23,2025-01-23 14:36:00,768.05,768.05,768.05,768.05,0.0,288.62,222603.08,0
2025-01-23,2025-01-23 14:37:00,768.05,768.05,768.05,768.05,0.0,288.62,222603.08,0
2025-01-23,2025-01-23 14:38:00,768.05,768.05,768.04,768.04,-0.0,288.62,222603.08,-1
2025-01-23,2025-01-23 14:39:00,768.04,768.04,768.04,768.04,0.0,288.62,222603.08,0
2025-01-23,2025-01-23 14:40:00,768.04,768.04,768.04,768.04,0.0,288.62,222603.08,0
2025-01-23,2025-01-23 14:41:00,768.04,768.04,768.04,768.04,0.0,288.62,222603.08,0
2025-01-23,2025-01-23 14:42:00,768.04,768.04,768.04,768.04,0.0,288.62,222603.08,0
2025-01-23,2025-01-23 14:43:00,768.04,768.04,768.03,768.03,-0.0,288.62,222603.08,-1
2025-01-23,2025-01-23 14:44:00,768.03,768.03,768.03,768.03,0.0,288.62,222603.08,0
2025-01-23,2025-01-23 14:45:00,768.03,768.03,768.03,768.03,0.0,288.62,222603.08,0
2025-01-23,2025-01-23 14:46:00,768.03,768.03,768.03,768.03,0.0,288.62,222603.08,0
2025-01-23,2025-01-23 14:47:00,768.03,768.03,768.02,768.02,-0.0,288.62,222603.08,-1
2025-01-23,2025-01-23 14:48:00,768.02,768.02,768.02,768.02,0.0,288.62,222603.08,0
2025-01-23,2025-01-23 14:49:00,768.02,768.02,768.02,768.02,0.0,288.62,222603.08,0
2025-01-23,2025-01-23 14:50:00,768.02,768.02,768.02,768.02,0.0,288.62,222603.08,0
2025-01-23,2025-01-23 14:51:00,768.02,768.02,768.02,768.02,0.0,288.62,222603.08,0
2025-01-23,2025-01-23 14:52:00,768.02,768.02,768.01,768.01,-0.0,288.62,222603.08,-1
2025-01-23,2025-01-23 14:53:00,768.01,768.01,768.01,768.01,0.0,288.62,222603.08,0
2025-01-23,2025-01-23 14:54:00,768.01,768.01,768.01,768.01,0.0,288.62,222603.08,0
2025-01-23,2025-01-23 14:55:00,768.01,768.01,768.01,768.01,0.0,288.62,222603.08,0
2025-01-23,2025-01-23 14:56:00,768.01,768.01,768.01,768.01,0.0,288.62,222603.08,0
2025-01-23,2025-01-23 14:57:00,768.01,768.01,768.0,768.0,-0.0,288.62,222603.08,-1
2025-01-23,2025-01-23 14:58:00,768.0,768.0,768.0,768.0,0.0,288.62,222603.08,0
2025-01-23,2025-01-23 14:59:00,768.0,768.0,768.0,768.0,0.0,288.62,222603.08,0
2025-01-23,2025-01-23 15:00:00,768.0,780.0,760.1,768.0,0.0,288.62,222603.08,0
2025-01-26,2025-01-26 11:00:00,779.0,789.05,767.6,779.03,0.0,382.99,300384.87,1
2025-01-26,2025-01-26 11:01:00,779.03,779.07,779.03,779.07,0.01,382.99,300384.87,1
2025-01-26,2025-01-26 11:02:00,779.07,779.1,779.07,779.1,0.0,382.99,300384.87,1
2025-01-26,2025-01-26 11:03:00,779.1,779.13,779.1,779.13,0.0,382.99,300384.87,1
2025-01-26,2025-01-26 11:04:00,779.13,779.17,779.13,779.17,0.01,382.99,300384.87,1
2025-01-26,2025-01-26 11:05:00,779.17,779.2,779.17,779.2,0.0,382.99,300384.87,1
2025-01-26,2025-01-26 11:06:00,779.2,779.23,779.2,779.23,0.0,382.99,300384.87,1
2025-01-26,2025-01-26 11:07:00,779.23,779.27,779.23,779.27,0.01,382.99,300384.87,1
2025-01-26,2025-01-26 11:08:00,779.27,779.3,779.27,779.3,0.0,382.99,300384.87,1
2025-01-26,2025-01-26 11:09:00,779.3,779.33,779.3,779.33,0.0,382.99,300384.87,1
2025-01-26,2025-01-26 11:10:00,779.33,779.37,779.33,779.37,0.01,382.99,300384.87,1
2025-01-26,2025-01-26 11:11:00,779.37,779.4,779.37,779.4,0.0,382.99,300384.87,1
2025-01-26,2025-01-26 11:12:00,779.4,779.43,779.4,779.43,0.0,382.99,300384.87,1
2025-01-26,2025-01-26 11:13:00,779.43,779.47,779.43,779.47,0.01,382.99,300384.87,1
2025-01-26,2025-01-26 11:14:00,779.47,779.5,779.47,779.5,0.0,382.99,300384.87,1
2025-01-26,2025-01-26 11:15:00,779.5,779.53,779.5,779.53,0.0,382.99,300384.87,1
2025-01-26,2025-01-26 11:16:00,779.53,779.57,779.53,779.57,0.01,382.99,300384.87,1
2025-01-26,2025-01-26 11:17:00,779.57,779.6,779.57,779.6,0.0,382.99,300384.87,1
2025-01-26,2025-01-26 11:18:00,779.6,779.63,779.6,779.63,0.0,382.99,300384.87,1
2025-01-26,2025-01-26 11:19:00,779.63,779.67,779.63,779.67,0.01,382.99,300384.87,1
2025-01-26,2025-01-26 11:20:00,779.67,779.7,779.67,779.7,0.0,382.99,300384.87,1
2025-01-26,2025-01-26 11:21:00,779.7,779.73,779.7,779.73,0.0,382.99,300384.87,1
2025-01-26,2025-01-26 11:22:00,779.73,779.77,779.73,779.77,0.01,382.99,300384.87,1
2025-01-26,2025-01-26 11:23:00,779.77,779.8,779.77,779.8,0.0,382.99,300384.87,1
2025-01-26,2025-01-26 11:24:00,779.8,779.83,779.8,779.83,0.0,382.99,300384.87,1
2025-01-26,2025-01-26 11:25:00,779.83,779.87,779.83,779.87,0.01,382.99,300384.87,1
2025-01-26,2025-01-26 11:26:00,779.87,779.9,779.87,779.9,0.0,382.99,300384.87,1
2025-01-26,2025-01-26 11:27:00,779.9,779.93,779.9,779.93,0.0,382.99,300384.87,1
2025-01-26,2025-01-26 11:28:00,779.93,779.97,779.93,779.97,0.01,382.99,300384.87,1
2025-01-26,2025-01-26 11:29:00,779.97,780.0,779.97,780.0,0.0,382.99,300384.87,1
2025-01-26,2025-01-26 11:30:00,780.0,780.03,780.0,780.03,0.0,382.99,300384.87,1
2025-01-26,2025-01-26 11:31:00,780.03,780.07,780.03,780.07,0.01,382.99,300384.87,1
2025-01-26,2025-01-26 11:32:00,780.07,780.1,780.07,780.1,0.0,382.99,300384.87,1
2025-01-26,2025-01-26 11:33:00,780.1,780.13,780.1,780.13,0.0,382.99,300384.87,1
2025-01-26,2025-01-26 11:34:00,780.13,780.17,780.13,780.17,0.01,382.99,300384.87,1
2025-01-26,2025-01-26 11:35:00,780.17,780.2,780.17,780.2,0.0,382.99,300384.87,1
2025-01-26,2025-01-26 11:36:00,780.2,780.23,780.2,780.23,0.0,382.99,300384.87,1
2025-01-26,2025-01-26 11:37:00,780.23,780.27,780.23,780.27,0.01,382.99,300384.87,1
2025-01-26,2025-01-26 11:38:00,780.27,780.3,780.27,780.3,0.0,382.99,300384.87,1
2025-01-26,2025-01-26 11:39:00,780.3,780.33,780.3,780.33,0.0,382.99,300384.87,1
2025-01-26,2025-01-26 11:40:00,780.33,780.37,780.33,780.37,0.01,382.99,300384.87,1
2025-01-26,2025-01-26 11:41:00,780.37,780.4,780.37,780.4,0.0,382.99,300384.87,1
2025-01-26,2025-01-26 11:42:00,780.4,780.43,780.4,780.43,0.0,382.99,300384.87,1
2025-01-26,2025-01-26 11:43:00,780.43,780.47,780.43,780.47,0.01,382.99,300384.87,1
2025-01-26,2025-01-26 11:44:00,780.47,780.5,780.47,780.5,0.0,382.99,300384.87,1
2025-01-26,2025-01-26 11:45:00,780.5,780.53,780.5,780.53,0.0,382.99,300384.87,1
2025-01-26,2025-01-26 11:46:00,780.53,780.57,780.53,780.57,0.01,382.99,300384.87,1
2025-01-26,2025-01-26 11:47:00,780.57,780.6,780.57,780.6,0.0,382.99,300384.87,1
2025-01-26,2025-01-26 11:48:00,780.6,780.63,780.6,780.63,0.0,382.99,300384.87,1
2025-01-26,2025-01-26 11:49:00,780.63,780.67,780.63,780.67,0.01,382.99,300384.87,1
2025-01-26,2025-01-26 11:50:00,780.67,780.7,780.67,780.7,0.0,382.99,300384.87,1
2025-01-26,2025-01-26 11:51:00,780.7,780.73,780.7,780.73,0.0,382.99,300384.87,1
2025-01-26,2025-01-26 11:52:00,780.73,780.77,780.73,780.77,0.01,382.99,300384.87,1
2025-01-26,2025-01-26 11:53:00,780.77,780.8,780.77,780.8,0.0,382.99,300384.87,1
2025-01-26,2025-01-26 11:54:00,780.8,780.83,780.8,780.83,0.0,382.99,300384.87,1
2025-01-26,2025-01-26 11:55:00,780.83,780.87,780.83,780.87,0.01,382.99,300384.87,1
2025-01-26,2025-01-26 11:56:00,780.87,780.9,780.87,780.9,0.0,382.99,300384.87,1
2025-01-26,2025-01-26 11:57:00,780.9,780.93,780.9,780.93,0.0,382.99,300384.87,1
2025-01-26,2025-01-26 11:58:00,780.93,780.97,780.93,780.97,0.01,382.99,300384.87,1
2025-01-26,2025-01-26 11:59:00,780.97,781.0,780.97,781.0,0.0,382.99,300384.87,1
2025-01-26,2025-01-26 12:00:00,781.0,781.03,781.0,781.03,0.0,382.99,300384.87,1
2025-01-26,2025-01-26 12:01:00,781.03,781.07,781.03,781.07,0.01,382.99,300384.87,1
2025-01-26,2025-01-26 12:02:00,781.07,781.1,781.07,781.1,0.0,382.99,300384.87,1
2025-01-26,2025-01-26 12:03:00,781.1,781.13,781.1,781.13,0.0,382.99,300384.87,1
2025-01-26,2025-01-26 12:04:00,781.13,781.17,781.13,781.17,0.01,382.99,300384.87,1
2025-01-26,2025-01-26 12:05:00,781.17,781.2,781.17,781.2,0.0,382.99,300384.87,1
2025-01-26,2025-01-26 12:06:00,781.2,781.23,781.2,781.23,0.0,382.99,300384.87,1
2025-01-26,2025-01-26 12:07:00,781.23,781.27,781.23,781.27,0.01,382.99,300384.87,1
2025-01-26,2025-01-26 12:08:00,781.27,781.3,781.27,781.3,0.0,382.99,300384.87,1
2025-01-26,2025-01-26 12:09:00,781.3,781.33,781.3,781.33,0.0,382.99,300384.87,1
2025-01-26,2025-01-26 12:10:00,781.33,781.37,781.33,781.37,0.01,382.99,300384.87,1
2025-01-26,2025-01-26 12:11:00,781.37,781.4,781.37,781.4,0.0,382.99,300384.87,1
2025-01-26,2025-01-26 12:12:00,781.4,781.43,781.4,781.43,0.0,382.99,300384.87,1
2025-01-26,2025-01-26 12:13:00,781.43,781.47,781.43,781.47,0.01,382.99,300384.87,1
2025-01-26,2025-01-26 12:14:00,781.47,781.5,781.47,781.5,0.0,382.99,300384.87,1
2025-01-26,2025-01-26 12:15:00,781.5,781.53,781.5,781.53,0.0,382.99,300384.87,1
2025-01-26,2025-01-26 12:16:00,781.53,781.57,781.53,781.57,0.01,382.99,300384.87,1
2025-01-26,2025-01-26 12:17:00,781.57,781.6,781.57,781.6,0.0,382.99,300384.87,1
2025-01-26,2025-01-26 12:18:00,781.6,781.63,781.6,781.63,0.0,382.99,300384.87,1
2025-01-26,2025-01-26 12:19:00,781.63,781.67,781.63,781.67,0.01,382.99,300384.87,1
2025-01-26,2025-01-26 12:20:00,781.67,781.7,781.67,781.7,0.0,382.99,300384.87,1
2025-01-26,2025-01-26 12:21:00,781.7,781.73,781.7,781.73,0.0,382.99,300384.87,1
2025-01-26,2025-01-26 12:22:00,781.73,781.77,781.73,781.77,0.01,382.99,300384.87,1
2025-01-26,2025-01-26 12:23:00,781.77,781.8,781.77,781.8,0.0,382.99,300384.87,1
2025-01-26,2025-01-26 12:24:00,781.8,781.83,781.8,781.83,0.0,382.99,300384.87,1
2025-01-26,2025-01-26 12:25:00,781.83,781.87,781.83,781.87,0.01,382.99,300384.87,1
2025-01-26,2025-01-26 12:26:00,781.87,781.9,781.87,781.9,0.0,382.99,300384.87,1
2025-01-26,2025-01-26 12:27:00,781.9,781.93,781.9,781.93,0.0,382.99,300384.87,1
2025-01-26,2025-01-26 12:28:00,781.93,781.97,781.93,781.97,0.01,382.99,300384.87,1
2025-01-26,2025-01-26 12:29:00,781.97,782.0,781.97,782.0,0.0,382.99,300384.87,1
2025-01-26,2025-01-26 12:30:00,782.0,782.03,782.0,782.03,0.0,382.99,300384.87,1
2025-01-26,2025-01-26 12:31:00,782.03,782.07,782.03,782.07,0.01,382.99,300384.87,1
2025-01-26,2025-01-26 12:32:00,782.07,782.1,782.07,782.1,0.0,382.99,300384.87,1
2025-01-26,2025-01-26 12:33:00,782.1,782.13,782.1,782.13,0.0,382.99,300384.87,1
2025-01-26,2025-01-26 12:34:00,782.13,782.17,782.13,782.17,0.01,382.99,300384.87,1
2025-01-26,2025-01-26 12:35:00,782.17,782.2,782.17,782.2,0.0,382.99,300384.87,1
2025-01-26,2025-01-26 12:36:00,782.2,782.23,782.2,782.23,0.0,382.99,300384.87,1
2025-01-26,2025-01-26 12:37:00,782.23,782.27,782.23,782.27,0.01,382.99,300384.87,1
2025-01-26,2025-01-26 12:38:00,782.27,782.3,782.27,782.3,0.0,382.99,300384.87,1
2025-01-26,2025-01-26 12:39:00,782.3,782.33,782.3,782.33,0.0,382.99,300384.87,1
2025-01-26,2025-01-26 12:40:00,782.33,782.37,782.33,782.37,0.01,382.99,300384.87,1
2025-01-26,2025-01-26 12:41:00,782.37,782.4,782.37,782.4,0.0,382.99,300384.87,1
2025-01-26,2025-01-26 12:42:00,782.4,782.43,782.4,782.43,0.0,382.99,300384.87,1
2025-01-26,2025-01-26 12:43:00,782.43,782.47,782.43,782.47,0.01,382.99,300384.87,1
2025-01-26,2025-01-26 12:44:00,782.47,782.5,782.47,782.5,0.0,382.99,300384.87,1
2025-01-26,2025-01-26 12:45:00,782.5,782.53,782.5,782.53,0.0,382.99,300384.87,1
2025-01-26,2025-01-26 12:46:00,782.53,782.57,782.53,782.57,0.01,382.99,300384.87,1
2025-01-26,2025-01-26 12:47:00,782.57,782.6,782.57,782.6,0.0,382.99,300384.87,1
2025-01-26,2025-01-26 12:48:00,782.6,782.63,782.6,782.63,0.0,382.99,300384.87,1
2025-01-26,2025-01-26 12:49:00,782.63,782.67,782.63,782.67,0.01,382.99,300384.87,1
2025-01-26,2025-01-26 12:50:00,782.67,782.7,782.67,782.7,0.0,382.99,300384.87,1
2025-01-26,2025-01-26 12:51:00,782.7,782.73,782.7,782.73,0.0,382.99,300384.87,1
2025-01-26,2025-01-26 12:52:00,782.73,782.77,782.73,782.77,0.01,382.99,300384.87,1
2025-01-26,2025-01-26 12:53:00,782.77,782.8,782.77,782.8,0.0,382.99,300384.87,1
2025-01-26,2025-01-26 12:54:00,782.8,782.83,782.8,782.83,0.0,382.99,300384.87,1
2025-01-26,2025-01-26 12:55:00,782.83,782.87,782.83,782.87,0.01,382.99,300384.87,1
2025-01-26,2025-01-26 12:56:00,782.87,782.9,782.87,782.9,0.0,382.99,300384.87,1
2025-01-26,2025-01-26 12:57:00,782.9,782.93,782.9,782.93,0.0,382.99,300384.87,1
2025-01-26,2025-01-26 12:58:00,782.93,782.97,782.93,782.97,0.01,382.99,300384.87,1
2025-01-26,2025-01-26 12:59:00,782.97,783.0,782.97,783.0,0.0,382.99,300384.87,1
2025-01-26,2025-01-26 13:00:00,783.0,812.5,741.0,783.03,0.0,382.99,300384.87,1
2025-01-26,2025-01-26 13:01:00,783.03,783.07,783.03,783.07,0.01,382.99,300384.87,1
2025-01-26,2025-01-26 13:02:00,783.07,783.1,783.07,783.1,0.0,382.99,300384.87,1
2025-01-26,2025-01-26 13:03:00,783.1,783.13,783.1,783.13,0.0,382.99,300384.87,1
2025-01-26,2025-01-26 13:04:00,783.13,783.17,783.13,783.17,0.01,382.99,300384.87,1
2025-01-26,2025-01-26 13:05:00,783.17,783.2,783.17,783.2,0.0,382.99,300384.87,1
2025-01-26,2025-01-26 13:06:00,783.2,783.23,783.2,783.23,0.0,382.99,300384.87,1
2025-01-26,2025-01-26 13:07:00,783.23,783.27,783.23,783.27,0.01,382.99,300384.87,1
2025-01-26,2025-01-26 13:08:00,783.27,783.3,783.27,783.3,0.0,382.99,300384.87,1
2025-01-26,2025-01-26 13:09:00,783.3,783.33,783.3,783.33,0.0,382.99,300384.87,1
2025-01-26,2025-01-26 13:10:00,783.33,783.37,783.33,783.37,0.01,382.99,300384.87,1
2025-01-26,2025-01-26 13:11:00,783.37,783.4,783.37,783.4,0.0,382.99,300384.87,1
2025-01-26,2025-01-26 13:12:00,783.4,783.43,783.4,783.43,0.0,382.99,300384.87,1
2025-01-26,2025-01-26 13:13:00,783.43,783.47,783.43,783.47,0.01,382.99,300384.87,1
2025-01-26,2025-01-26 13:14:00,783.47,783.5,783.47,783.5,0.0,382.99,300384.87,1
2025-01-26,2025-01-26 13:15:00,783.5,783.53,783.5,783.53,0.0,382.99,300384.87,1
2025-01-26,2025-01-26 13:16:00,783.53,783.57,783.53,783.57,0.01,382.99,300384.87,1
2025-01-26,2025-01-26 13:17:00,783.57,783.6,783.57,783.6,0.0,382.99,300384.87,1
2025-01-26,2025-01-26 13:18:00,783.6,783.63,783.6,783.63,0.0,382.99,300384.87,1
2025-01-26,2025-01-26 13:19:00,783.63,783.67,783.63,783.67,0.01,382.99,300384.87,1
2025-01-26,2025-01-26 13:20:00,783.67,783.7,783.67,783.7,0.0,382.99,300384.87,1
2025-01-26,2025-01-26 13:21:00,783.7,783.73,783.7,783.73,0.0,382.99,300384.87,1
2025-01-26,2025-01-26 13:22:00,783.73,783.77,783.73,783.77,0.01,382.99,300384.87,1
2025-01-26,2025-01-26 13:23:00,783.77,783.8,783.77,783.8,0.0,382.99,300384.87,1
2025-01-26,2025-01-26 13:24:00,783.8,783.83,783.8,783.83,0.0,382.99,300384.87,1
2025-01-26,2025-01-26 13:25:00,783.83,783.87,783.83,783.87,0.01,382.99,300384.87,1
2025-01-26,2025-01-26 13:26:00,783.87,783.9,783.87,783.9,0.0,382.99,300384.87,1
2025-01-26,2025-01-26 13:27:00,783.9,783.93,783.9,783.93,0.0,382.99,300384.87,1
2025-01-26,2025-01-26 13:28:00,783.93,783.97,783.93,783.97,0.01,382.99,300384.87,1
2025-01-26,2025-01-26 13:29:00,783.97,784.0,783.97,784.0,0.0,382.99,300384.87,1
2025-01-26,2025-01-26 13:30:00,784.0,784.03,784.0,784.03,0.0,382.99,300384.87,1
2025-01-26,2025-01-26 13:31:00,784.03,784.07,784.03,784.07,0.01,382.99,300384.87,1
2025-01-26,2025-01-26 13:32:00,784.07,784.1,784.07,784.1,0.0,382.99,300384.87,1
2025-01-26,2025-01-26 13:33:00,784.1,784.13,784.1,784.13,0.0,382.99,300384.87,1
2025-01-26,2025-01-26 13:34:00,784.13,784.17,784.13,784.17,0.01,382.99,300384.87,1
2025-01-26,2025-01-26 13:35:00,784.17,784.2,784.17,784.2,0.0,382.99,300384.87,1
2025-01-26,2025-01-26 13:36:00,784.2,784.23,784.2,784.23,0.0,382.99,300384.87,1
2025-01-26,2025-01-26 13:37:00,784.23,784.27,784.23,784.27,0.01,382.99,300384.87,1
2025-01-26,2025-01-26 13:38:00,784.27,784.3,784.27,784.3,0.0,382.99,300384.87,1
2025-01-26,2025-01-26 13:39:00,784.3,784.33,784.3,784.33,0.0,382.99,300384.87,1
2025-01-26,2025-01-26 13:40:00,784.33,784.37,784.33,784.37,0.01,382.99,300384.87,1
2025-01-26,2025-01-26 13:41:00,784.37,784.4,784.37,784.4,0.0,382.99,300384.87,1
2025-01-26,2025-01-26 13:42:00,784.4,784.43,784.4,784.43,0.0,382.99,300384.87,1
2025-01-26,2025-01-26 13:43:00,784.43,784.47,784.43,784.47,0.01,382.99,300384.87,1
2025-01-26,2025-01-26 13:44:00,784.47,784.5,784.47,784.5,0.0,382.99,300384.87,1
2025-01-26,2025-01-26 13:45:00,784.5,784.53,784.5,784.53,0.0,382.99,300384.87,1
2025-01-26,2025-01-26 13:46:00,784.53,784.57,784.53,784.57,0.01,382.99,300384.87,1
2025-01-26,2025-01-26 13:47:00,784.57,784.6,784.57,784.6,0.0,382.99,300384.87,1
2025-01-26,2025-01-26 13:48:00,784.6,784.63,784.6,784.63,0.0,382.99,300384.87,1
2025-01-26,2025-01-26 13:49:00,784.63,784.67,784.63,784.67,0.01,382.99,300384.87,1
2025-01-26,2025-01-26 13:50:00,784.67,784.7,784.67,784.7,0.0,382.99,300384.87,1
2025-01-26,2025-01-26 13:51:00,784.7,784.73,784.7,784.73,0.0,382.99,300384.87,1
2025-01-26,2025-01-26 13:52:00,784.73,784.77,784.73,784.77,0.01,382.99,300384.87,1
2025-01-26,2025-01-26 13:53:00,784.77,784.8,784.77,784.8,0.0,382.99,300384.87,1
2025-01-26,2025-01-26 13:54:00,784.8,784.83,784.8,784.83,0.0,382.99,300384.87,1
2025-01-26,2025-01-26 13:55:00,784.83,784.87,784.83,784.87,0.01,382.99,300384.87,1
2025-01-26,2025-01-26 13:56:00,784.87,784.9,784.87,784.9,0.0,382.99,300384.87,1
2025-01-26,2025-01-26 13:57:00,784.9,784.93,784.9,784.93,0.0,382.99,300384.87,1
2025-01-26,2025-01-26 13:58:00,784.93,784.97,784.93,784.97,0.01,382.99,300384.87,1
2025-01-26,2025-01-26 13:59:00,784.97,785.0,784.97,785.0,0.0,382.99,300384.87,1
2025-01-26,2025-01-26 14:00:00,785.0,785.03,785.0,785.03,0.0,382.99,300384.87,1
2025-01-26,2025-01-26 14:01:00,785.03,785.07,785.03,785.07,0.01,382.99,300384.87,1
2025-01-26,2025-01-26 14:02:00,785.07,785.1,785.07,785.1,0.0,382.99,300384.87,1
2025-01-26,2025-01-26 14:03:00,785.1,785.13,785.1,785.13,0.0,382.99,300384.87,1
2025-01-26,2025-01-26 14:04:00,785.13,785.17,785.13,785.17,0.01,382.99,300384.87,1
2025-01-26,2025-01-26 14:05:00,785.17,785.2,785.17,785.2,0.0,382.99,300384.87,1
2025-01-26,2025-01-26 14:06:00,785.2,785.23,785.2,785.23,0.0,382.99,300384.87,1
2025-01-26,2025-01-26 14:07:00,785.23,785.27,785.23,785.27,0.01,382.99,300384.87,1
2025-01-26,2025-01-26 14:08:00,785.27,785.3,785.27,785.3,0.0,382.99,300384.87,1
2025-01-26,2025-01-26 14:09:00,785.3,785.33,785.3,785.33,0.0,382.99,300384.87,1
2025-01-26,2025-01-26 14:10:00,785.33,785.37,785.33,785.37,0.01,382.99,300384.87,1
2025-01-26,2025-01-26 14:11:00,785.37,785.4,785.37,785.4,0.0,382.99,300384.87,1
2025-01-26,2025-01-26 14:12:00,785.4,785.43,785.4,785.43,0.0,382.99,300384.87,1
2025-01-26,2025-01-26 14:13:00,785.43,785.47,785.43,785.47,0.01,382.99,300384.87,1
2025-01-26,2025-01-26 14:14:00,785.47,785.5,785.47,785.5,0.0,382.99,300384.87,1
2025-01-26,2025-01-26 14:15:00,785.5,785.53,785.5,785.53,0.0,382.99,300384.87,1
2025-01-26,2025-01-26 14:16:00,785.53,785.57,785.53,785.57,0.01,382.99,300384.87,1
2025-01-26,2025-01-26 14:17:00,785.57,785.6,785.57,785.6,0.0,382.99,300384.87,1
2025-01-26,2025-01-26 14:18:00,785.6,785.63,785.6,785.63,0.0,382.99,300384.87,1
2025-01-26,2025-01-26 14:19:00,785.63,785.67,785.63,785.67,0.01,382.99,300384.87,1
2025-01-26,2025-01-26 14:20:00,785.67,785.7,785.67,785.7,0.0,382.99,300384.87,1
2025-01-26,2025-01-26 14:21:00,785.7,785.73,785.7,785.73,0.0,382.99,300384.87,1
2025-01-26,2025-01-26 14:22:00,785.73,785.77,785.73,785.77,0.01,382.99,300384.87,1
2025-01-26,2025-01-26 14:23:00,785.77,785.8,785.77,785.8,0.0,382.99,300384.87,1
2025-01-26,2025-01-26 14:24:00,785.8,785.83,785.8,785.83,0.0,382.99,300384.87,1
2025-01-26,2025-01-26 14:25:00,785.83,785.87,785.83,785.87,0.01,382.99,300384.87,1
2025-01-26,2025-01-26 14:26:00,785.87,785.9,785.87,785.9,0.0,382.99,300384.87,1
2025-01-26,2025-01-26 14:27:00,785.9,785.93,785.9,785.93,0.0,382.99,300384.87,1
2025-01-26,2025-01-26 14:28:00,785.93,785.97,785.93,785.97,0.01,382.99,300384.87,1
2025-01-26,2025-01-26 14:29:00,785.97,786.0,785.97,786.0,0.0,382.99,300384.87,1
2025-01-26,2025-01-26 14:30:00,786.0,786.03,786.0,786.03,0.0,382.99,300384.87,1
2025-01-26,2025-01-26 14:31:00,786.03,786.07,786.03,786.07,0.01,382.99,300384.87,1
2025-01-26,2025-01-26 14:32:00,786.07,786.1,786.07,786.1,0.0,382.99,300384.87,1
2025-01-26,2025-01-26 14:33:00,786.1,786.13,786.1,786.13,0.0,382.99,300384.87,1
2025-01-26,2025-01-26 14:34:00,786.13,786.17,786.13,786.17,0.01,382.99,300384.87,1
2025-01-26,2025-01-26 14:35:00,786.17,786.2,786.17,786.2,0.0,382.99,300384.87,1
2025-01-26,2025-01-26 14:36:00,786.2,786.23,786.2,786.23,0.0,382.99,300384.87,1
2025-01-26,2025-01-26 14:37:00,786.23,786.27,786.23,786.27,0.01,382.99,300384.87,1
2025-01-26,2025-01-26 14:38:00,786.27,786.3,786.27,786.3,0.0,382.99,300384.87,1
2025-01-26,2025-01-26 14:39:00,786.3,786.33,786.3,786.33,0.0,382.99,300384.87,1
2025-01-26,2025-01-26 14:40:00,786.33,786.37,786.33,786.37,0.01,382.99,300384.87,1
2025-01-26,2025-01-26 14:41:00,786.37,786.4,786.37,786.4,0.0,382.99,300384.87,1
2025-01-26,2025-01-26 14:42:00,786.4,786.43,786.4,786.43,0.0,382.99,300384.87,1
2025-01-26,2025-01-26 14:43:00,786.43,786.47,786.43,786.47,0.01,382.99,300384.87,1
2025-01-26,2025-01-26 14:44:00,786.47,786.5,786.47,786.5,0.0,382.99,300384.87,1
2025-01-26,2025-01-26 14:45:00,786.5,786.53,786.5,786.53,0.0,382.99,300384.87,1
2025-01-26,2025-01-26 14:46:00,786.53,786.57,786.53,786.57,0.01,382.99,300384.87,1
2025-01-26,2025-01-26 14:47:00,786.57,786.6,786.57,786.6,0.0,382.99,300384.87,1
2025-01-26,2025-01-26 14:48:00,786.6,786.63,786.6,786.63,0.0,382.99,300384.87,1
2025-01-26,2025-01-26 14:49:00,786.63,786.67,786.63,786.67,0.01,382.99,300384.87,1
2025-01-26,2025-01-26 14:50:00,786.67,786.7,786.67,786.7,0.0,382.99,300384.87,1
2025-01-26,2025-01-26 14:51:00,786.7,786.73,786.7,786.73,0.0,382.99,300384.87,1
2025-01-26,2025-01-26 14:52:00,786.73,786.77,786.73,786.77,0.01,382.99,300384.87,1
2025-01-26,2025-01-26 14:53:00,786.77,786.8,786.77,786.8,0.0,382.99,300384.87,1
2025-01-26,2025-01-26 14:54:00,786.8,786.83,786.8,786.83,0.0,382.99,300384.87,1
2025-01-26,2025-01-26 14:55:00,786.83,786.87,786.83,786.87,0.01,382.99,300384.87,1
2025-01-26,2025-01-26 14:56:00,786.87,786.9,786.87,786.9,0.0,382.99,300384.87,1
2025-01-26,2025-01-26 14:57:00,786.9,786.93,786.9,786.93,0.0,382.99,300384.87,1
2025-01-26,2025-01-26 14:58:00,786.93,786.97,786.93,786.97,0.01,382.99,300384.87,1
2025-01-26,2025-01-26 14:59:00,786.97,787.0,786.97,787.0,0.0,382.99,300384.87,1
2025-01-26,2025-01-26 15:00:00,787.0,812.5,741.0,787.0,0.0,382.99,300384.87,0
2025-01-27,2025-01-27 11:00:00,771.3,790.71,771.3,771.57,0.04,477.54,390937.1,1
2025-01-27,2025-01-27 11:01:00,771.57,771.84,771.57,771.84,0.03,477.54,390937.1,1
2025-01-27,2025-01-27 11:02:00,771.84,772.11,771.84,772.11,0.03,477.54,390937.1,1
2025-01-27,2025-01-27 11:03:00,772.11,772.38,772.11,772.38,0.03,477.54,390937.1,1
2025-01-27,2025-01-27 11:04:00,772.38,772.65,772.38,772.65,0.03,477.54,390937.1,1
2025-01-27,2025-01-27 11:05:00,772.65,772.92,772.65,772.92,0.03,477.54,390937.1,1
2025-01-27,2025-01-27 11:06:00,772.92,773.19,772.92,773.19,0.03,477.54,390937.1,1
2025-01-27,2025-01-27 11:07:00,773.19,773.46,773.19,773.46,0.03,477.54,390937.1,1
2025-01-27,2025-01-27 11:08:00,773.46,773.73,773.46,773.73,0.03,477.54,390937.1,1
2025-01-27,2025-01-27 11:09:00,773.73,774.0,773.73,774.0,0.03,477.54,390937.1,1
2025-01-27,2025-01-27 11:10:00,774.0,774.27,774.0,774.27,0.03,477.54,390937.1,1
2025-01-27,2025-01-27 11:11:00,774.27,774.53,774.27,774.53,0.03,477.54,390937.1,1
2025-01-27,2025-01-27 11:12:00,774.53,774.8,774.53,774.8,0.03,477.54,390937.1,1
2025-01-27,2025-01-27 11:13:00,774.8,775.07,774.8,775.07,0.03,477.54,390937.1,1
2025-01-27,2025-01-27 11:14:00,775.07,775.34,775.07,775.34,0.03,477.54,390937.1,1
2025-01-27,2025-01-27 11:15:00,775.34,775.61,775.34,775.61,0.03,477.54,390937.1,1
2025-01-27,2025-01-27 11:16:00,775.61,775.88,775.61,775.88,0.03,477.54,390937.1,1
2025-01-27,2025-01-27 11:17:00,775.88,776.15,775.88,776.15,0.03,477.54,390937.1,1
2025-01-27,2025-01-27 11:18:00,776.15,776.42,776.15,776.42,0.03,477.54,390937.1,1
2025-01-27,2025-01-27 11:19:00,776.42,776.69,776.42,776.69,0.03,477.54,390937.1,1
2025-01-27,2025-01-27 11:20:00,776.69,776.96,776.69,776.96,0.03,477.54,390937.1,1
2025-01-27,2025-01-27 11:21:00,776.96,777.23,776.96,777.23,0.03,477.54,390937.1,1
2025-01-27,2025-01-27 11:22:00,777.23,777.5,777.23,777.5,0.03,477.54,390937.1,1
2025-01-27,2025-01-27 11:23:00,777.5,777.77,777.5,777.77,0.03,477.54,390937.1,1
2025-01-27,2025-01-27 11:24:00,777.77,778.04,777.77,778.04,0.03,477.54,390937.1,1
2025-01-27,2025-01-27 11:25:00,778.04,778.31,778.04,778.31,0.03,477.54,390937.1,1
2025-01-27,2025-01-27 11:26:00,778.31,778.58,778.31,778.58,0.03,477.54,390937.1,1
2025-01-27,2025-01-27 11:27:00,778.58,778.85,778.58,778.85,0.03,477.54,390937.1,1
2025-01-27,2025-01-27 11:28:00,778.85,779.12,778.85,779.12,0.03,477.54,390937.1,1
2025-01-27,2025-01-27 11:29:00,779.12,779.39,779.12,779.39,0.03,477.54,390937.1,1
2025-01-27,2025-01-27 11:30:00,779.39,779.66,779.39,779.66,0.03,477.54,390937.1,1
2025-01-27,2025-01-27 11:31:00,779.66,779.93,779.66,779.93,0.03,477.54,390937.1,1
2025-01-27,2025-01-27 11:32:00,779.93,780.2,779.93,780.2,0.03,477.54,390937.1,1
2025-01-27,2025-01-27 11:33:00,780.2,780.47,780.2,780.47,0.03,477.54,390937.1,1
2025-01-27,2025-01-27 11:34:00,780.47,780.74,780.47,780.74,0.03,477.54,390937.1,1
2025-01-27,2025-01-27 11:35:00,780.74,781.0,780.74,781.0,0.03,477.54,390937.1,1
2025-01-27,2025-01-27 11:36:00,781.0,781.27,781.0,781.27,0.03,477.54,390937.1,1
2025-01-27,2025-01-27 11:37:00,781.27,781.54,781.27,781.54,0.03,477.54,390937.1,1
2025-01-27,2025-01-27 11:38:00,781.54,781.81,781.54,781.81,0.03,477.54,390937.1,1
2025-01-27,2025-01-27 11:39:00,781.81,782.08,781.81,782.08,0.03,477.54,390937.1,1
2025-01-27,2025-01-27 11:40:00,782.08,782.35,782.08,782.35,0.03,477.54,390937.1,1
2025-01-27,2025-01-27 11:41:00,782.35,782.62,782.35,782.62,0.03,477.54,390937.1,1
2025-01-27,2025-01-27 11:42:00,782.62,782.89,782.62,782.89,0.03,477.54,390937.1,1
2025-01-27,2025-01-27 11:43:00,782.89,783.16,782.89,783.16,0.03,477.54,390937.1,1
2025-01-27,2025-01-27 11:44:00,783.16,783.43,783.16,783.43,0.03,477.54,390937.1,1
2025-01-27,2025-01-27 11:45:00,783.43,783.7,783.43,783.7,0.03,477.54,390937.1,1
2025-01-27,2025-01-27 11:46:00,783.7,783.97,783.7,783.97,0.03,477.54,390937.1,1
2025-01-27,2025-01-27 11:47:00,783.97,784.24,783.97,784.24,0.03,477.54,390937.1,1
2025-01-27,2025-01-27 11:48:00,784.24,784.51,784.24,784.51,0.03,477.54,390937.1,1
2025-01-27,2025-01-27 11:49:00,784.51,784.78,784.51,784.78,0.03,477.54,390937.1,1
2025-01-27,2025-01-27 11:50:00,784.78,785.05,784.78,785.05,0.03,477.54,390937.1,1
2025-01-27,2025-01-27 11:51:00,785.05,785.32,785.05,785.32,0.03,477.54,390937.1,1
2025-01-27,2025-01-27 11:52:00,785.32,785.59,785.32,785.59,0.03,477.54,390937.1,1
2025-01-27,2025-01-27 11:53:00,785.59,785.86,785.59,785.86,0.03,477.54,390937.1,1
2025-01-27,2025-01-27 11:54:00,785.86,786.13,785.86,786.13,0.03,477.54,390937.1,1
2025-01-27,2025-01-27 11:55:00,786.13,786.4,786.13,786.4,0.03,477.54,390937.1,1
2025-01-27,2025-01-27 11:56:00,786.4,786.67,786.4,786.67,0.03,477.54,390937.1,1
2025-01-27,2025-01-27 11:57:00,786.67,786.94,786.67,786.94,0.03,477.54,390937.1,1
2025-01-27,2025-01-27 11:58:00,786.94,787.21,786.94,787.21,0.03,477.54,390937.1,1
2025-01-27,2025-01-27 11:59:00,787.21,787.47,787.21,787.47,0.03,477.54,390937.1,1
2025-01-27,2025-01-27 12:00:00,787.47,787.74,787.47,787.74,0.03,477.54,390937.1,1
2025-01-27,2025-01-27 12:01:00,787.74,788.01,787.74,788.01,0.03,477.54,390937.1,1
2025-01-27,2025-01-27 12:02:00,788.01,788.28,788.01,788.28,0.03,477.54,390937.1,1
2025-01-27,2025-01-27 12:03:00,788.28,788.55,788.28,788.55,0.03,477.54,390937.1,1
2025-01-27,2025-01-27 12:04:00,788.55,788.82,788.55,788.82,0.03,477.54,390937.1,1
2025-01-27,2025-01-27 12:05:00,788.82,789.09,788.82,789.09,0.03,477.54,390937.1,1
2025-01-27,2025-01-27 12:06:00,789.09,789.36,789.09,789.36,0.03,477.54,390937.1,1
2025-01-27,2025-01-27 12:07:00,789.36,789.63,789.36,789.63,0.03,477.54,390937.1,1
2025-01-27,2025-01-27 12:08:00,789.63,789.9,789.63,789.9,0.03,477.54,390937.1,1
2025-01-27,2025-01-27 12:09:00,789.9,790.17,789.9,790.17,0.03,477.54,390937.1,1
2025-01-27,2025-01-27 12:10:00,790.17,790.44,790.17,790.44,0.03,477.54,390937.1,1
2025-01-27,2025-01-27 12:11:00,790.44,790.71,790.44,790.71,0.03,477.54,390937.1,1
2025-01-27,2025-01-27 12:12:00,790.71,790.98,790.71,790.98,0.03,477.54,390937.1,1
2025-01-27,2025-01-27 12:13:00,790.98,791.25,790.98,791.25,0.03,477.54,390937.1,1
2025-01-27,2025-01-27 12:14:00,791.25,791.52,791.25,791.52,0.03,477.54,390937.1,1
2025-01-27,2025-01-27 12:15:00,791.52,791.79,791.52,791.79,0.03,477.54,390937.1,1
2025-01-27,2025-01-27 12:16:00,791.79,792.06,791.79,792.06,0.03,477.54,390937.1,1
2025-01-27,2025-01-27 12:17:00,792.06,792.33,792.06,792.33,0.03,477.54,390937.1,1
2025-01-27,2025-01-27 12:18:00,792.33,792.6,792.33,792.6,0.03,477.54,390937.1,1
2025-01-27,2025-01-27 12:19:00,792.6,792.87,792.6,792.87,0.03,477.54,390937.1,1
2025-01-27,2025-01-27 12:20:00,792.87,793.14,792.87,793.14,0.03,477.54,390937.1,1
2025-01-27,2025-01-27 12:21:00,793.14,793.41,793.14,793.41,0.03,477.54,390937.1,1
2025-01-27,2025-01-27 12:22:00,793.41,793.68,793.41,793.68,0.03,477.54,390937.1,1
2025-01-27,2025-01-27 12:23:00,793.68,793.94,793.68,793.94,0.03,477.54,390937.1,1
2025-01-27,2025-01-27 12:24:00,793.94,794.21,793.94,794.21,0.03,477.54,390937.1,1
2025-01-27,2025-01-27 12:25:00,794.21,794.48,794.21,794.48,0.03,477.54,390937.1,1
2025-01-27,2025-01-27 12:26:00,794.48,794.75,794.48,794.75,0.03,477.54,390937.1,1
2025-01-27,2025-01-27 12:27:00,794.75,795.02,794.75,795.02,0.03,477.54,390937.1,1
2025-01-27,2025-01-27 12:28:00,795.02,795.29,795.02,795.29,0.03,477.54,390937.1,1
2025-01-27,2025-01-27 12:29:00,795.29,795.56,795.29,795.56,0.03,477.54,390937.1,1
2025-01-27,2025-01-27 12:30:00,795.56,795.83,795.56,795.83,0.03,477.54,390937.1,1
2025-01-27,2025-01-27 12:31:00,795.83,796.1,795.83,796.1,0.03,477.54,390937.1,1
2025-01-27,2025-01-27 12:32:00,796.1,796.37,796.1,796.37,0.03,477.54,390937.1,1
2025-01-27,2025-01-27 12:33:00,796.37,796.64,796.37,796.64,0.03,477.54,390937.1,1
2025-01-27,2025-01-27 12:34:00,796.64,796.91,796.64,796.91,0.03,477.54,390937.1,1
2025-01-27,2025-01-27 12:35:00,796.91,797.18,796.91,797.18,0.03,477.54,390937.1,1
2025-01-27,2025-01-27 12:36:00,797.18,797.45,797.18,797.45,0.03,477.54,390937.1,1
2025-01-27,2025-01-27 12:37:00,797.45,797.72,797.45,797.72,0.03,477.54,390937.1,1
2025-01-27,2025-01-27 12:38:00,797.72,797.99,797.72,797.99,0.03,477.54,390937.1,1
2025-01-27,2025-01-27 12:39:00,797.99,798.26,797.99,798.26,0.03,477.54,390937.1,1
2025-01-27,2025-01-27 12:40:00,798.26,798.53,798.26,798.53,0.03,477.54,390937.1,1
2025-01-27,2025-01-27 12:41:00,798.53,798.8,798.53,798.8,0.03,477.54,390937.1,1
2025-01-27,2025-01-27 12:42:00,798.8,799.07,798.8,799.07,0.03,477.54,390937.1,1
2025-01-27,2025-01-27 12:43:00,799.07,799.34,799.07,799.34,0.03,477.54,390937.1,1
2025-01-27,2025-01-27 12:44:00,799.34,799.61,799.34,799.61,0.03,477.54,390937.1,1
2025-01-27,2025-01-27 12:45:00,799.61,799.88,799.61,799.88,0.03,477.54,390937.1,1
2025-01-27,2025-01-27 12:46:00,799.88,800.15,799.88,800.15,0.03,477.54,390937.1,1
2025-01-27,2025-01-27 12:47:00,800.15,800.41,800.15,800.41,0.03,477.54,390937.1,1
2025-01-27,2025-01-27 12:48:00,800.41,800.68,800.41,800.68,0.03,477.54,390937.1,1
2025-01-27,2025-01-27 12:49:00,800.68,800.95,800.68,800.95,0.03,477.54,390937.1,1
2025-01-27,2025-01-27 12:50:00,800.95,801.22,800.95,801.22,0.03,477.54,390937.1,1
2025-01-27,2025-01-27 12:51:00,801.22,801.49,801.22,801.49,0.03,477.54,390937.1,1
2025-01-27,2025-01-27 12:52:00,801.49,801.76,801.49,801.76,0.03,477.54,390937.1,1
2025-01-27,2025-01-27 12:53:00,801.76,802.03,801.76,802.03,0.03,477.54,390937.1,1
2025-01-27,2025-01-27 12:54:00,802.03,802.3,802.03,802.3,0.03,477.54,390937.1,1
2025-01-27,2025-01-27 12:55:00,802.3,802.57,802.3,802.57,0.03,477.54,390937.1,1
2025-01-27,2025-01-27 12:56:00,802.57,802.84,802.57,802.84,0.03,477.54,390937.1,1
2025-01-27,2025-01-27 12:57:00,802.84,803.11,802.84,803.11,0.03,477.54,390937.1,1
2025-01-27,2025-01-27 12:58:00,803.11,803.38,803.11,803.38,0.03,477.54,390937.1,1
2025-01-27,2025-01-27 12:59:00,803.38,803.65,803.38,803.65,0.03,477.54,390937.1,1
2025-01-27,2025-01-27 13:00:00,803.65,836.0,771.3,803.92,0.03,477.54,390937.1,1
2025-01-27,2025-01-27 13:01:00,803.92,804.19,803.92,804.19,0.03,477.54,390937.1,1
2025-01-27,2025-01-27 13:02:00,804.19,804.46,804.19,804.46,0.03,477.54,390937.1,1
2025-01-27,2025-01-27 13:03:00,804.46,804.73,804.46,804.73,0.03,477.54,390937.1,1
2025-01-27,2025-01-27 13:04:00,804.73,805.0,804.73,805.0,0.03,477.54,390937.1,1
2025-01-27,2025-01-27 13:05:00,805.0,805.27,805.0,805.27,0.03,477.54,390937.1,1
2025-01-27,2025-01-27 13:06:00,805.27,805.54,805.27,805.54,0.03,477.54,390937.1,1
2025-01-27,2025-01-27 13:07:00,805.54,805.81,805.54,805.81,0.03,477.54,390937.1,1
2025-01-27,2025-01-27 13:08:00,805.81,806.08,805.81,806.08,0.03,477.54,390937.1,1
2025-01-27,2025-01-27 13:09:00,806.08,806.35,806.08,806.35,0.03,477.54,390937.1,1
2025-01-27,2025-01-27 13:10:00,806.35,806.62,806.35,806.62,0.03,477.54,390937.1,1
2025-01-27,2025-01-27 13:11:00,806.62,806.88,806.62,806.88,0.03,477.54,390937.1,1
2025-01-27,2025-01-27 13:12:00,806.88,807.15,806.88,807.15,0.03,477.54,390937.1,1
2025-01-27,2025-01-27 13:13:00,807.15,807.42,807.15,807.42,0.03,477.54,390937.1,1
2025-01-27,2025-01-27 13:14:00,807.42,807.69,807.42,807.69,0.03,477.54,390937.1,1
2025-01-27,2025-01-27 13:15:00,807.69,807.96,807.69,807.96,0.03,477.54,390937.1,1
2025-01-27,2025-01-27 13:16:00,807.96,808.23,807.96,808.23,0.03,477.54,390937.1,1
2025-01-27,2025-01-27 13:17:00,808.23,808.5,808.23,808.5,0.03,477.54,390937.1,1
2025-01-27,2025-01-27 13:18:00,808.5,808.77,808.5,808.77,0.03,477.54,390937.1,1
2025-01-27,2025-01-27 13:19:00,808.77,809.04,808.77,809.04,0.03,477.54,390937.1,1
2025-01-27,2025-01-27 13:20:00,809.04,809.31,809.04,809.31,0.03,477.54,390937.1,1
2025-01-27,2025-01-27 13:21:00,809.31,809.58,809.31,809.58,0.03,477.54,390937.1,1
2025-01-27,2025-01-27 13:22:00,809.58,809.85,809.58,809.85,0.03,477.54,390937.1,1
2025-01-27,2025-01-27 13:23:00,809.85,810.12,809.85,810.12,0.03,477.54,390937.1,1
2025-01-27,2025-01-27 13:24:00,810.12,810.39,810.12,810.39,0.03,477.54,390937.1,1
2025-01-27,2025-01-27 13:25:00,810.39,810.66,810.39,810.66,0.03,477.54,390937.1,1
2025-01-27,2025-01-27 13:26:00,810.66,810.93,810.66,810.93,0.03,477.54,390937.1,1
2025-01-27,2025-01-27 13:27:00,810.93,811.2,810.93,811.2,0.03,477.54,390937.1,1
2025-01-27,2025-01-27 13:28:00,811.2,811.47,811.2,811.47,0.03,477.54,390937.1,1
2025-01-27,2025-01-27 13:29:00,811.47,811.74,811.47,811.74,0.03,477.54,390937.1,1
2025-01-27,2025-01-27 13:30:00,811.74,812.01,811.74,812.01,0.03,477.54,390937.1,1
2025-01-27,2025-01-27 13:31:00,812.01,812.28,812.01,812.28,0.03,477.54,390937.1,1
2025-01-27,2025-01-27 13:32:00,812.28,812.55,812.28,812.55,0.03,477.54,390937.1,1
2025-01-27,2025-01-27 13:33:00,812.55,812.82,812.55,812.82,0.03,477.54,390937.1,1
2025-01-27,2025-01-27 13:34:00,812.82,813.09,812.82,813.09,0.03,477.54,390937.1,1
2025-01-27,2025-01-27 13:35:00,813.09,813.36,813.09,813.36,0.03,477.54,390937.1,1
2025-01-27,2025-01-27 13:36:00,813.36,813.62,813.36,813.62,0.03,477.54,390937.1,1
2025-01-27,2025-01-27 13:37:00,813.62,813.89,813.62,813.89,0.03,477.54,390937.1,1
2025-01-27,2025-01-27 13:38:00,813.89,814.16,813.89,814.16,0.03,477.54,390937.1,1
2025-01-27,2025-01-27 13:39:00,814.16,814.43,814.16,814.43,0.03,477.54,390937.1,1
2025-01-27,2025-01-27 13:40:00,814.43,814.7,814.43,814.7,0.03,477.54,390937.1,1
2025-01-27,2025-01-27 13:41:00,814.7,814.97,814.7,814.97,0.03,477.54,390937.1,1
2025-01-27,2025-01-27 13:42:00,814.97,815.24,814.97,815.24,0.03,477.54,390937.1,1
2025-01-27,2025-01-27 13:43:00,815.24,815.51,815.24,815.51,0.03,477.54,390937.1,1
2025-01-27,2025-01-27 13:44:00,815.51,815.78,815.51,815.78,0.03,477.54,390937.1,1
2025-01-27,2025-01-27 13:45:00,815.78,816.05,815.78,816.05,0.03,477.54,390937.1,1
2025-01-27,2025-01-27 13:46:00,816.05,816.32,816.05,816.32,0.03,477.54,390937.1,1
2025-01-27,2025-01-27 13:47:00,816.32,816.59,816.32,816.59,0.03,477.54,390937.1,1
2025-01-27,2025-01-27 13:48:00,816.59,816.86,816.59,816.86,0.03,477.54,390937.1,1
2025-01-27,2025-01-27 13:49:00,816.86,817.13,816.86,817.13,0.03,477.54,390937.1,1
2025-01-27,2025-01-27 13:50:00,817.13,817.4,817.13,817.4,0.03,477.54,390937.1,1
2025-01-27,2025-01-27 13:51:00,817.4,817.67,817.4,817.67,0.03,477.54,390937.1,1
2025-01-27,2025-01-27 13:52:00,817.67,817.94,817.67,817.94,0.03,477.54,390937.1,1
2025-01-27,2025-01-27 13:53:00,817.94,818.21,817.94,818.21,0.03,477.54,390937.1,1
2025-01-27,2025-01-27 13:54:00,818.21,818.48,818.21,818.48,0.03,477.54,390937.1,1
2025-01-27,2025-01-27 13:55:00,818.48,818.75,818.48,818.75,0.03,477.54,390937.1,1
2025-01-27,2025-01-27 13:56:00,818.75,819.02,818.75,819.02,0.03,477.54,390937.1,1
2025-01-27,2025-01-27 13:57:00,819.02,819.29,819.02,819.29,0.03,477.54,390937.1,1
2025-01-27,2025-01-27 13:58:00,819.29,819.56,819.29,819.56,0.03,477.54,390937.1,1
2025-01-27,2025-01-27 13:59:00,819.56,819.83,819.56,819.83,0.03,477.54,390937.1,1
2025-01-27,2025-01-27 14:00:00,819.83,820.09,819.83,820.09,0.03,477.54,390937.1,1
2025-01-27,2025-01-27 14:01:00,820.09,820.36,820.09,820.36,0.03,477.54,390937.1,1
2025-01-27,2025-01-27 14:02:00,820.36,820.63,820.36,820.63,0.03,477.54,390937.1,1
2025-01-27,2025-01-27 14:03:00,820.63,820.9,820.63,820.9,0.03,477.54,390937.1,1
2025-01-27,2025-01-27 14:04:00,820.9,821.17,820.9,821.17,0.03,477.54,390937.1,1
2025-01-27,2025-01-27 14:05:00,821.17,821.44,821.17,821.44,0.03,477.54,390937.1,1
2025-01-27,2025-01-27 14:06:00,821.44,821.71,821.44,821.71,0.03,477.54,390937.1,1
2025-01-27,2025-01-27 14:07:00,821.71,821.98,821.71,821.98,0.03,477.54,390937.1,1
2025-01-27,2025-01-27 14:08:00,821.98,822.25,821.98,822.25,0.03,477.54,390937.1,1
2025-01-27,2025-01-27 14:09:00,822.25,822.52,822.25,822.52,0.03,477.54,390937.1,1
2025-01-27,2025-01-27 14:10:00,822.52,822.79,822.52,822.79,0.03,477.54,390937.1,1
2025-01-27,2025-01-27 14:11:00,822.79,823.06,822.79,823.06,0.03,477.54,390937.1,1
2025-01-27,2025-01-27 14:12:00,823.06,823.33,823.06,823.33,0.03,477.54,390937.1,1
2025-01-27,2025-01-27 14:13:00,823.33,823.6,823.33,823.6,0.03,477.54,390937.1,1
2025-01-27,2025-01-27 14:14:00,823.6,823.87,823.6,823.87,0.03,477.54,390937.1,1
2025-01-27,2025-01-27 14:15:00,823.87,824.14,823.87,824.14,0.03,477.54,390937.1,1
2025-01-27,2025-01-27 14:16:00,824.14,824.41,824.14,824.41,0.03,477.54,390937.1,1
2025-01-27,2025-01-27 14:17:00,824.41,824.68,824.41,824.68,0.03,477.54,390937.1,1
2025-01-27,2025-01-27 14:18:00,824.68,824.95,824.68,824.95,0.03,477.54,390937.1,1
2025-01-27,2025-01-27 14:19:00,824.95,825.22,824.95,825.22,0.03,477.54,390937.1,1
2025-01-27,2025-01-27 14:20:00,825.22,825.49,825.22,825.49,0.03,477.54,390937.1,1
2025-01-27,2025-01-27 14:21:00,825.49,825.76,825.49,825.76,0.03,477.54,390937.1,1
2025-01-27,2025-01-27 14:22:00,825.76,826.03,825.76,826.03,0.03,477.54,390937.1,1
2025-01-27,2025-01-27 14:23:00,826.03,826.29,826.03,826.29,0.03,477.54,390937.1,1
2025-01-27,2025-01-27 14:24:00,826.29,826.56,826.29,826.56,0.03,477.54,390937.1,1
2025-01-27,2025-01-27 14:25:00,826.56,826.83,826.56,826.83,0.03,477.54,390937.1,1
2025-01-27,2025-01-27 14:26:00,826.83,827.1,826.83,827.1,0.03,477.54,390937.1,1
2025-01-27,2025-01-27 14:27:00,827.1,827.37,827.1,827.37,0.03,477.54,390937.1,1
2025-01-27,2025-01-27 14:28:00,827.37,827.64,827.37,827.64,0.03,477.54,390937.1,1
2025-01-27,2025-01-27 14:29:00,827.64,827.91,827.64,827.91,0.03,477.54,390937.1,1
2025-01-27,2025-01-27 14:30:00,827.91,828.18,827.91,828.18,0.03,477.54,390937.1,1
2025-01-27,2025-01-27 14:31:00,828.18,828.45,828.18,828.45,0.03,477.54,390937.1,1
2025-01-27,2025-01-27 14:32:00,828.45,828.72,828.45,828.72,0.03,477.54,390937.1,1
2025-01-27,2025-01-27 14:33:00,828.72,828.99,828.72,828.99,0.03,477.54,390937.1,1
2025-01-27,2025-01-27 14:34:00,828.99,829.26,828.99,829.26,0.03,477.54,390937.1,1
2025-01-27,2025-01-27 14:35:00,829.26,829.53,829.26,829.53,0.03,477.54,390937.1,1
2025-01-27,2025-01-27 14:36:00,829.53,829.8,829.53,829.8,0.03,477.54,390937.1,1
2025-01-27,2025-01-27 14:37:00,829.8,830.07,829.8,830.07,0.03,477.54,390937.1,1
2025-01-27,2025-01-27 14:38:00,830.07,830.34,830.07,830.34,0.03,477.54,390937.1,1
2025-01-27,2025-01-27 14:39:00,830.34,830.61,830.34,830.61,0.03,477.54,390937.1,1
2025-01-27,2025-01-27 14:40:00,830.61,830.88,830.61,830.88,0.03,477.54,390937.1,1
2025-01-27,2025-01-27 14:41:00,830.88,831.15,830.88,831.15,0.03,477.54,390937.1,1
2025-01-27,2025-01-27 14:42:00,831.15,831.42,831.15,831.42,0.03,477.54,390937.1,1
2025-01-27,2025-01-27 14:43:00,831.42,831.69,831.42,831.69,0.03,477.54,390937.1,1
2025-01-27,2025-01-27 14:44:00,831.69,831.96,831.69,831.96,0.03,477.54,390937.1,1
2025-01-27,2025-01-27 14:45:00,831.96,832.23,831.96,832.23,0.03,477.54,390937.1,1
2025-01-27,2025-01-27 14:46:00,832.23,832.5,832.23,832.5,0.03,477.54,390937.1,1
2025-01-27,2025-01-27 14:47:00,832.5,832.76,832.5,832.76,0.03,477.54,390937.1,1
2025-01-27,2025-01-27 14:48:00,832.76,833.03,832.76,833.03,0.03,477.54,390937.1,1
2025-01-27,2025-01-27 14:49:00,833.03,833.3,833.03,833.3,0.03,477.54,390937.1,1
2025-01-27,2025-01-27 14:50:00,833.3,833.57,833.3,833.57,0.03,477.54,390937.1,1
2025-01-27,2025-01-27 14:51:00,833.57,833.84,833.57,833.84,0.03,477.54,390937.1,1
2025-01-27,2025-01-27 14:52:00,833.84,834.11,833.84,834.11,0.03,477.54,390937.1,1
2025-01-27,2025-01-27 14:53:00,834.11,834.38,834.11,834.38,0.03,477.54,390937.1,1
2025-01-27,2025-01-27 14:54:00,834.38,834.65,834.38,834.65,0.03,477.54,390937.1,1
2025-01-27,2025-01-27 14:55:00,834.65,834.92,834.65,834.92,0.03,477.54,390937.1,1
2025-01-27,2025-01-27 14:56:00,834.92,835.19,834.92,835.19,0.03,477.54,390937.1,1
2025-01-27,2025-01-27 14:57:00,835.19,835.46,835.19,835.46,0.03,477.54,390937.1,1
2025-01-27,2025-01-27 14:58:00,835.46,835.73,835.46,835.73,0.03,477.54,390937.1,1
2025-01-27,2025-01-27 14:59:00,835.73,836.0,835.73,836.0,0.03,477.54,390937.1,1
2025-01-27,2025-01-27 15:00:00,836.0,836.0,771.3,836.0,0.0,477.54,390937.1,0
2025-01-28,2025-01-28 11:00:00,850.0,850.0,833.14,849.84,-0.02,407.23,335813.06,-1
2025-01-28,2025-01-28 11:01:00,849.84,849.84,849.68,849.68,-0.02,407.23,335813.06,-1
2025-01-28,2025-01-28 11:02:00,849.68,849.68,849.52,849.52,-0.02,407.23,335813.06,-1
2025-01-28,2025-01-28 11:03:00,849.52,849.52,849.37,849.37,-0.02,407.23,335813.06,-1
2025-01-28,2025-01-28 11:04:00,849.37,849.37,849.21,849.21,-0.02,407.23,335813.06,-1
2025-01-28,2025-01-28 11:05:00,849.21,849.21,849.05,849.05,-0.02,407.23,335813.06,-1
2025-01-28,2025-01-28 11:06:00,849.05,849.05,848.89,848.89,-0.02,407.23,335813.06,-1
2025-01-28,2025-01-28 11:07:00,848.89,848.89,848.73,848.73,-0.02,407.23,335813.06,-1
2025-01-28,2025-01-28 11:08:00,848.73,848.73,848.58,848.58,-0.02,407.23,335813.06,-1
2025-01-28,2025-01-28 11:09:00,848.58,848.58,848.42,848.42,-0.02,407.23,335813.06,-1
2025-01-28,2025-01-28 11:10:00,848.42,848.42,848.26,848.26,-0.02,407.23,335813.06,-1
2025-01-28,2025-01-28 11:11:00,848.26,848.26,848.1,848.1,-0.02,407.23,335813.06,-1
2025-01-28,2025-01-28 11:12:00,848.1,848.1,847.94,847.94,-0.02,407.23,335813.06,-1
2025-01-28,2025-01-28 11:13:00,847.94,847.94,847.78,847.78,-0.02,407.23,335813.06,-1
2025-01-28,2025-01-28 11:14:00,847.78,847.78,847.62,847.62,-0.02,407.23,335813.06,-1
2025-01-28,2025-01-28 11:15:00,847.62,847.62,847.47,847.47,-0.02,407.23,335813.06,-1
2025-01-28,2025-01-28 11:16:00,847.47,847.47,847.31,847.31,-0.02,407.23,335813.06,-1
2025-01-28,2025-01-28 11:17:00,847.31,847.31,847.15,847.15,-0.02,407.23,335813.06,-1
2025-01-28,2025-01-28 11:18:00,847.15,847.15,846.99,846.99,-0.02,407.23,335813.06,-1
2025-01-28,2025-01-28 11:19:00,846.99,846.99,846.83,846.83,-0.02,407.23,335813.06,-1
2025-01-28,2025-01-28 11:20:00,846.83,846.83,846.67,846.67,-0.02,407.23,335813.06,-1
2025-01-28,2025-01-28 11:21:00,846.67,846.67,846.52,846.52,-0.02,407.23,335813.06,-1
2025-01-28,2025-01-28 11:22:00,846.52,846.52,846.36,846.36,-0.02,407.23,335813.06,-1
2025-01-28,2025-01-28 11:23:00,846.36,846.36,846.2,846.2,-0.02,407.23,335813.06,-1
2025-01-28,2025-01-28 11:24:00,846.2,846.2,846.04,846.04,-0.02,407.23,335813.06,-1
2025-01-28,2025-01-28 11:25:00,846.04,846.04,845.88,845.88,-0.02,407.23,335813.06,-1
2025-01-28,2025-01-28 11:26:00,845.88,845.88,845.73,845.73,-0.02,407.23,335813.06,-1
2025-01-28,2025-01-28 11:27:00,845.73,845.73,845.57,845.57,-0.02,407.23,335813.06,-1
2025-01-28,2025-01-28 11:28:00,845.57,845.57,845.41,845.41,-0.02,407.23,335813.06,-1
2025-01-28,2025-01-28 11:29:00,845.41,845.41,845.25,845.25,-0.02,407.23,335813.06,-1
2025-01-28,2025-01-28 11:30:00,845.25,845.25,845.09,845.09,-0.02,407.23,335813.06,-1
2025-01-28,2025-01-28 11:31:00,845.09,845.09,844.93,844.93,-0.02,407.23,335813.06,-1
2025-01-28,2025-01-28 11:32:00,844.93,844.93,844.77,844.77,-0.02,407.23,335813.06,-1
2025-01-28,2025-01-28 11:33:00,844.77,844.77,844.62,844.62,-0.02,407.23,335813.06,-1
2025-01-28,2025-01-28 11:34:00,844.62,844.62,844.46,844.46,-0.02,407.23,335813.06,-1
2025-01-28,2025-01-28 11:35:00,844.46,844.46,844.3,844.3,-0.02,407.23,335813.06,-1
2025-01-28,2025-01-28 11:36:00,844.3,844.3,844.14,844.14,-0.02,407.23,335813.06,-1
2025-01-28,2025-01-28 11:37:00,844.14,844.14,843.98,843.98,-0.02,407.23,335813.06,-1
2025-01-28,2025-01-28 11:38:00,843.98,843.98,843.83,843.83,-0.02,407.23,335813.06,-1
2025-01-28,2025-01-28 11:39:00,843.83,843.83,843.67,843.67,-0.02,407.23,335813.06,-1
2025-01-28,2025-01-28 11:40:00,843.67,843.67,843.51,843.51,-0.02,407.23,335813.06,-1
2025-01-28,2025-01-28 11:41:00,843.51,843.51,843.35,843.35,-0.02,407.23,335813.06,-1
2025-01-28,2025-01-28 11:42:00,843.35,843.35,843.19,843.19,-0.02,407.23,335813.06,-1
2025-01-28,2025-01-28 11:43:00,843.19,843.19,843.03,843.03,-0.02,407.23,335813.06,-1
2025-01-28,2025-01-28 11:44:00,843.03,843.03,842.88,842.88,-0.02,407.23,335813.06,-1
2025-01-28,2025-01-28 11:45:00,842.88,842.88,842.72,842.72,-0.02,407.23,335813.06,-1
2025-01-28,2025-01-28 11:46:00,842.72,842.72,842.56,842.56,-0.02,407.23,335813.06,-1
2025-01-28,2025-01-28 11:47:00,842.56,842.56,842.4,842.4,-0.02,407.23,335813.06,-1
2025-01-28,2025-01-28 11:48:00,842.4,842.4,842.24,842.24,-0.02,407.23,335813.06,-1
2025-01-28,2025-01-28 11:49:00,842.24,842.24,842.08,842.08,-0.02,407.23,335813.06,-1
2025-01-28,2025-01-28 11:50:00,842.08,842.08,841.92,841.92,-0.02,407.23,335813.06,-1
2025-01-28,2025-01-28 11:51:00,841.92,841.92,841.77,841.77,-0.02,407.23,335813.06,-1
2025-01-28,2025-01-28 11:52:00,841.77,841.77,841.61,841.61,-0.02,407.23,335813.06,-1
2025-01-28,2025-01-28 11:53:00,841.61,841.61,841.45,841.45,-0.02,407.23,335813.06,-1
2025-01-28,2025-01-28 11:54:00,841.45,841.45,841.29,841.29,-0.02,407.23,335813.06,-1
2025-01-28,2025-01-28 11:55:00,841.29,841.29,841.13,841.13,-0.02,407.23,335813.06,-1
2025-01-28,2025-01-28 11:56:00,841.13,841.13,840.98,840.98,-0.02,407.23,335813.06,-1
2025-01-28,2025-01-28 11:57:00,840.98,840.98,840.82,840.82,-0.02,407.23,335813.06,-1
2025-01-28,2025-01-28 11:58:00,840.82,840.82,840.66,840.66,-0.02,407.23,335813.06,-1
2025-01-28,2025-01-28 11:59:00,840.66,840.66,840.5,840.5,-0.02,407.23,335813.06,-1
2025-01-28,2025-01-28 12:00:00,840.5,840.5,840.34,840.34,-0.02,407.23,335813.06,-1
2025-01-28,2025-01-28 12:01:00,840.34,840.34,840.18,840.18,-0.02,407.23,335813.06,-1
2025-01-28,2025-01-28 12:02:00,840.18,840.18,840.02,840.02,-0.02,407.23,335813.06,-1
2025-01-28,2025-01-28 12:03:00,840.02,840.02,839.87,839.87,-0.02,407.23,335813.06,-1
2025-01-28,2025-01-28 12:04:00,839.87,839.87,839.71,839.71,-0.02,407.23,335813.06,-1
2025-01-28,2025-01-28 12:05:00,839.71,839.71,839.55,839.55,-0.02,407.23,335813.06,-1
2025-01-28,2025-01-28 12:06:00,839.55,839.55,839.39,839.39,-0.02,407.23,335813.06,-1
2025-01-28,2025-01-28 12:07:00,839.39,839.39,839.23,839.23,-0.02,407.23,335813.06,-1
2025-01-28,2025-01-28 12:08:00,839.23,839.23,839.08,839.08,-0.02,407.23,335813.06,-1
2025-01-28,2025-01-28 12:09:00,839.08,839.08,838.92,838.92,-0.02,407.23,335813.06,-1
2025-01-28,2025-01-28 12:10:00,838.92,838.92,838.76,838.76,-0.02,407.23,335813.06,-1
2025-01-28,2025-01-28 12:11:00,838.76,838.76,838.6,838.6,-0.02,407.23,335813.06,-1
2025-01-28,2025-01-28 12:12:00,838.6,838.6,838.44,838.44,-0.02,407.23,335813.06,-1
2025-01-28,2025-01-28 12:13:00,838.44,838.44,838.28,838.28,-0.02,407.23,335813.06,-1
2025-01-28,2025-01-28 12:14:00,838.28,838.28,838.12,838.12,-0.02,407.23,335813.06,-1
2025-01-28,2025-01-28 12:15:00,838.12,838.12,837.97,837.97,-0.02,407.23,335813.06,-1
2025-01-28,2025-01-28 12:16:00,837.97,837.97,837.81,837.81,-0.02,407.23,335813.06,-1
2025-01-28,2025-01-28 12:17:00,837.81,837.81,837.65,837.65,-0.02,407.23,335813.06,-1
2025-01-28,2025-01-28 12:18:00,837.65,837.65,837.49,837.49,-0.02,407.23,335813.06,-1
2025-01-28,2025-01-28 12:19:00,837.49,837.49,837.33,837.33,-0.02,407.23,335813.06,-1
2025-01-28,2025-01-28 12:20:00,837.33,837.33,837.17,837.17,-0.02,407.23,335813.06,-1
2025-01-28,2025-01-28 12:21:00,837.17,837.17,837.02,837.02,-0.02,407.23,335813.06,-1
2025-01-28,2025-01-28 12:22:00,837.02,837.02,836.86,836.86,-0.02,407.23,335813.06,-1
2025-01-28,2025-01-28 12:23:00,836.86,836.86,836.7,836.7,-0.02,407.23,335813.06,-1
2025-01-28,2025-01-28 12:24:00,836.7,836.7,836.54,836.54,-0.02,407.23,335813.06,-1
2025-01-28,2025-01-28 12:25:00,836.54,836.54,836.38,836.38,-0.02,407.23,335813.06,-1
2025-01-28,2025-01-28 12:26:00,836.38,836.38,836.23,836.23,-0.02,407.23,335813.06,-1
2025-01-28,2025-01-28 12:27:00,836.23,836.23,836.07,836.07,-0.02,407.23,335813.06,-1
2025-01-28,2025-01-28 12:28:00,836.07,836.07,835.91,835.91,-0.02,407.23,335813.06,-1
2025-01-28,2025-01-28 12:29:00,835.91,835.91,835.75,835.75,-0.02,407.23,335813.06,-1
2025-01-28,2025-01-28 12:30:00,835.75,835.75,835.59,835.59,-0.02,407.23,335813.06,-1
2025-01-28,2025-01-28 12:31:00,835.59,835.59,835.43,835.43,-0.02,407.23,335813.06,-1
2025-01-28,2025-01-28 12:32:00,835.43,835.43,835.27,835.27,-0.02,407.23,335813.06,-1
2025-01-28,2025-01-28 12:33:00,835.27,835.27,835.12,835.12,-0.02,407.23,335813.06,-1
2025-01-28,2025-01-28 12:34:00,835.12,835.12,834.96,834.96,-0.02,407.23,335813.06,-1
2025-01-28,2025-01-28 12:35:00,834.96,834.96,834.8,834.8,-0.02,407.23,335813.06,-1
2025-01-28,2025-01-28 12:36:00,834.8,834.8,834.64,834.64,-0.02,407.23,335813.06,-1
2025-01-28,2025-01-28 12:37:00,834.64,834.64,834.48,834.48,-0.02,407.23,335813.06,-1
2025-01-28,2025-01-28 12:38:00,834.48,834.48,834.33,834.33,-0.02,407.23,335813.06,-1
2025-01-28,2025-01-28 12:39:00,834.33,834.33,834.17,834.17,-0.02,407.23,335813.06,-1
2025-01-28,2025-01-28 12:40:00,834.17,834.17,834.01,834.01,-0.02,407.23,335813.06,-1
2025-01-28,2025-01-28 12:41:00,834.01,834.01,833.85,833.85,-0.02,407.23,335813.06,-1
2025-01-28,2025-01-28 12:42:00,833.85,833.85,833.69,833.69,-0.02,407.23,335813.06,-1
2025-01-28,2025-01-28 12:43:00,833.69,833.69,833.53,833.53,-0.02,407.23,335813.06,-1
2025-01-28,2025-01-28 12:44:00,833.53,833.53,833.38,833.38,-0.02,407.23,335813.06,-1
2025-01-28,2025-01-28 12:45:00,833.38,833.38,833.22,833.22,-0.02,407.23,335813.06,-1
2025-01-28,2025-01-28 12:46:00,833.22,833.22,833.06,833.06,-0.02,407.23,335813.06,-1
2025-01-28,2025-01-28 12:47:00,833.06,833.06,832.9,832.9,-0.02,407.23,335813.06,-1
2025-01-28,2025-01-28 12:48:00,832.9,832.9,832.74,832.74,-0.02,407.23,335813.06,-1
2025-01-28,2025-01-28 12:49:00,832.74,832.74,832.58,832.58,-0.02,407.23,335813.06,-1
2025-01-28,2025-01-28 12:50:00,832.58,832.58,832.42,832.42,-0.02,407.23,335813.06,-1
2025-01-28,2025-01-28 12:51:00,832.42,832.42,832.27,832.27,-0.02,407.23,335813.06,-1
2025-01-28,2025-01-28 12:52:00,832.27,832.27,832.11,832.11,-0.02,407.23,335813.06,-1
2025-01-28,2025-01-28 12:53:00,832.11,832.11,831.95,831.95,-0.02,407.23,335813.06,-1
2025-01-28,2025-01-28 12:54:00,831.95,831.95,831.79,831.79,-0.02,407.23,335813.06,-1
2025-01-28,2025-01-28 12:55:00,831.79,831.79,831.63,831.63,-0.02,407.23,335813.06,-1
2025-01-28,2025-01-28 12:56:00,831.63,831.63,831.48,831.48,-0.02,407.23,335813.06,-1
2025-01-28,2025-01-28 12:57:00,831.48,831.48,831.32,831.32,-0.02,407.23,335813.06,-1
2025-01-28,2025-01-28 12:58:00,831.32,831.32,831.16,831.16,-0.02,407.23,335813.06,-1
2025-01-28,2025-01-28 12:59:00,831.16,831.16,831.0,831.0,-0.02,407.23,335813.06,-1
2025-01-28,2025-01-28 13:00:00,831.0,850.0,793.8,830.84,-0.02,407.23,335813.06,-1
2025-01-28,2025-01-28 13:01:00,830.84,830.84,830.68,830.68,-0.02,407.23,335813.06,-1
2025-01-28,2025-01-28 13:02:00,830.68,830.68,830.52,830.52,-0.02,407.23,335813.06,-1
2025-01-28,2025-01-28 13:03:00,830.52,830.52,830.37,830.37,-0.02,407.23,335813.06,-1
2025-01-28,2025-01-28 13:04:00,830.37,830.37,830.21,830.21,-0.02,407.23,335813.06,-1
2025-01-28,2025-01-28 13:05:00,830.21,830.21,830.05,830.05,-0.02,407.23,335813.06,-1
2025-01-28,2025-01-28 13:06:00,830.05,830.05,829.89,829.89,-0.02,407.23,335813.06,-1
2025-01-28,2025-01-28 13:07:00,829.89,829.89,829.73,829.73,-0.02,407.23,335813.06,-1
2025-01-28,2025-01-28 13:08:00,829.73,829.73,829.58,829.58,-0.02,407.23,335813.06,-1
2025-01-28,2025-01-28 13:09:00,829.58,829.58,829.42,829.42,-0.02,407.23,335813.06,-1
2025-01-28,2025-01-28 13:10:00,829.42,829.42,829.26,829.26,-0.02,407.23,335813.06,-1
2025-01-28,2025-01-28 13:11:00,829.26,829.26,829.1,829.1,-0.02,407.23,335813.06,-1
2025-01-28,2025-01-28 13:12:00,829.1,829.1,828.94,828.94,-0.02,407.23,335813.06,-1
2025-01-28,2025-01-28 13:13:00,828.94,828.94,828.78,828.78,-0.02,407.23,335813.06,-1
2025-01-28,2025-01-28 13:14:00,828.78,828.78,828.62,828.62,-0.02,407.23,335813.06,-1
2025-01-28,2025-01-28 13:15:00,828.62,828.62,828.47,828.47,-0.02,407.23,335813.06,-1
2025-01-28,2025-01-28 13:16:00,828.47,828.47,828.31,828.31,-0.02,407.23,335813.06,-1
2025-01-28,2025-01-28 13:17:00,828.31,828.31,828.15,828.15,-0.02,407.23,335813.06,-1
2025-01-28,2025-01-28 13:18:00,828.15,828.15,827.99,827.99,-0.02,407.23,335813.06,-1
2025-01-28,2025-01-28 13:19:00,827.99,827.99,827.83,827.83,-0.02,407.23,335813.06,-1
2025-01-28,2025-01-28 13:20:00,827.83,827.83,827.67,827.67,-0.02,407.23,335813.06,-1
2025-01-28,2025-01-28 13:21:00,827.67,827.67,827.52,827.52,-0.02,407.23,335813.06,-1
2025-01-28,2025-01-28 13:22:00,827.52,827.52,827.36,827.36,-0.02,407.23,335813.06,-1
2025-01-28,2025-01-28 13:23:00,827.36,827.36,827.2,827.2,-0.02,407.23,335813.06,-1
2025-01-28,2025-01-28 13:24:00,827.2,827.2,827.04,827.04,-0.02,407.23,335813.06,-1
2025-01-28,2025-01-28 13:25:00,827.04,827.04,826.88,826.88,-0.02,407.23,335813.06,-1
2025-01-28,2025-01-28 13:26:00,826.88,826.88,826.73,826.73,-0.02,407.23,335813.06,-1
2025-01-28,2025-01-28 13:27:00,826.73,826.73,826.57,826.57,-0.02,407.23,335813.06,-1
2025-01-28,2025-01-28 13:28:00,826.57,826.57,826.41,826.41,-0.02,407.23,335813.06,-1
2025-01-28,2025-01-28 13:29:00,826.41,826.41,826.25,826.25,-0.02,407.23,335813.06,-1
2025-01-28,2025-01-28 13:30:00,826.25,826.25,826.09,826.09,-0.02,407.23,335813.06,-1
2025-01-28,2025-01-28 13:31:00,826.09,826.09,825.93,825.93,-0.02,407.23,335813.06,-1
2025-01-28,2025-01-28 13:32:00,825.93,825.93,825.77,825.77,-0.02,407.23,335813.06,-1
2025-01-28,2025-01-28 13:33:00,825.77,825.77,825.62,825.62,-0.02,407.23,335813.06,-1
2025-01-28,2025-01-28 13:34:00,825.62,825.62,825.46,825.46,-0.02,407.23,335813.06,-1
2025-01-28,2025-01-28 13:35:00,825.46,825.46,825.3,825.3,-0.02,407.23,335813.06,-1
2025-01-28,2025-01-28 13:36:00,825.3,825.3,825.14,825.14,-0.02,407.23,335813.06,-1
2025-01-28,2025-01-28 13:37:00,825.14,825.14,824.98,824.98,-0.02,407.23,335813.06,-1
2025-01-28,2025-01-28 13:38:00,824.98,824.98,824.83,824.83,-0.02,407.23,335813.06,-1
2025-01-28,2025-01-28 13:39:00,824.83,824.83,824.67,824.67,-0.02,407.23,335813.06,-1
2025-01-28,2025-01-28 13:40:00,824.67,824.67,824.51,824.51,-0.02,407.23,335813.06,-1
2025-01-28,2025-01-28 13:41:00,824.51,824.51,824.35,824.35,-0.02,407.23,335813.06,-1
2025-01-28,2025-01-28 13:42:00,824.35,824.35,824.19,824.19,-0.02,407.23,335813.06,-1
2025-01-28,2025-01-28 13:43:00,824.19,824.19,824.03,824.03,-0.02,407.23,335813.06,-1
2025-01-28,2025-01-28 13:44:00,824.03,824.03,823.88,823.88,-0.02,407.23,335813.06,-1
2025-01-28,2025-01-28 13:45:00,823.88,823.88,823.72,823.72,-0.02,407.23,335813.06,-1
2025-01-28,2025-01-28 13:46:00,823.72,823.72,823.56,823.56,-0.02,407.23,335813.06,-1
2025-01-28,2025-01-28 13:47:00,823.56,823.56,823.4,823.4,-0.02,407.23,335813.06,-1
2025-01-28,2025-01-28 13:48:00,823.4,823.4,823.24,823.24,-0.02,407.23,335813.06,-1
2025-01-28,2025-01-28 13:49:00,823.24,823.24,823.08,823.08,-0.02,407.23,335813.06,-1
2025-01-28,2025-01-28 13:50:00,823.08,823.08,822.92,822.92,-0.02,407.23,335813.06,-1
2025-01-28,2025-01-28 13:51:00,822.92,822.92,822.77,822.77,-0.02,407.23,335813.06,-1
2025-01-28,2025-01-28 13:52:00,822.77,822.77,822.61,822.61,-0.02,407.23,335813.06,-1
2025-01-28,2025-01-28 13:53:00,822.61,822.61,822.45,822.45,-0.02,407.23,335813.06,-1
2025-01-28,2025-01-28 13:54:00,822.45,822.45,822.29,822.29,-0.02,407.23,335813.06,-1
2025-01-28,2025-01-28 13:55:00,822.29,822.29,822.13,822.13,-0.02,407.23,335813.06,-1
2025-01-28,2025-01-28 13:56:00,822.13,822.13,821.98,821.98,-0.02,407.23,335813.06,-1
2025-01-28,2025-01-28 13:57:00,821.98,821.98,821.82,821.82,-0.02,407.23,335813.06,-1
2025-01-28,2025-01-28 13:58:00,821.82,821.82,821.66,821.66,-0.02,407.23,335813.06,-1
2025-01-28,2025-01-28 13:59:00,821.66,821.66,821.5,821.5,-0.02,407.23,335813.06,-1
2025-01-28,2025-01-28 14:00:00,821.5,821.5,821.34,821.34,-0.02,407.23,335813.06,-1
2025-01-28,2025-01-28 14:01:00,821.34,821.34,821.18,821.18,-0.02,407.23,335813.06,-1
2025-01-28,2025-01-28 14:02:00,821.18,821.18,821.02,821.02,-0.02,407.23,335813.06,-1
2025-01-28,2025-01-28 14:03:00,821.02,821.02,820.87,820.87,-0.02,407.23,335813.06,-1
2025-01-28,2025-01-28 14:04:00,820.87,820.87,820.71,820.71,-0.02,407.23,335813.06,-1
2025-01-28,2025-01-28 14:05:00,820.71,820.71,820.55,820.55,-0.02,407.23,335813.06,-1
2025-01-28,2025-01-28 14:06:00,820.55,820.55,820.39,820.39,-0.02,407.23,335813.06,-1
2025-01-28,2025-01-28 14:07:00,820.39,820.39,820.23,820.23,-0.02,407.23,335813.06,-1
2025-01-28,2025-01-28 14:08:00,820.23,820.23,820.08,820.08,-0.02,407.23,335813.06,-1
2025-01-28,2025-01-28 14:09:00,820.08,820.08,819.92,819.92,-0.02,407.23,335813.06,-1
2025-01-28,2025-01-28 14:10:00,819.92,819.92,819.76,819.76,-0.02,407.23,335813.06,-1
2025-01-28,2025-01-28 14:11:00,819.76,819.76,819.6,819.6,-0.02,407.23,335813.06,-1
2025-01-28,2025-01-28 14:12:00,819.6,819.6,819.44,819.44,-0.02,407.23,335813.06,-1
2025-01-28,2025-01-28 14:13:00,819.44,819.44,819.28,819.28,-0.02,407.23,335813.06,-1
2025-01-28,2025-01-28 14:14:00,819.28,819.28,819.12,819.12,-0.02,407.23,335813.06,-1
2025-01-28,2025-01-28 14:15:00,819.12,819.12,818.97,818.97,-0.02,407.23,335813.06,-1
2025-01-28,2025-01-28 14:16:00,818.97,818.97,818.81,818.81,-0.02,407.23,335813.06,-1
2025-01-28,2025-01-28 14:17:00,818.81,818.81,818.65,818.65,-0.02,407.23,335813.06,-1
2025-01-28,2025-01-28 14:18:00,818.65,818.65,818.49,818.49,-0.02,407.23,335813.06,-1
2025-01-28,2025-01-28 14:19:00,818.49,818.49,818.33,818.33,-0.02,407.23,335813.06,-1
2025-01-28,2025-01-28 14:20:00,818.33,818.33,818.17,818.17,-0.02,407.23,335813.06,-1
2025-01-28,2025-01-28 14:21:00,818.17,818.17,818.02,818.02,-0.02,407.23,335813.06,-1
2025-01-28,2025-01-28 14:22:00,818.02,818.02,817.86,817.86,-0.02,407.23,335813.06,-1
2025-01-28,2025-01-28 14:23:00,817.86,817.86,817.7,817.7,-0.02,407.23,335813.06,-1
2025-01-28,2025-01-28 14:24:00,817.7,817.7,817.54,817.54,-0.02,407.23,335813.06,-1
2025-01-28,2025-01-28 14:25:00,817.54,817.54,817.38,817.38,-0.02,407.23,335813.06,-1
2025-01-28,2025-01-28 14:26:00,817.38,817.38,817.23,817.23,-0.02,407.23,335813.06,-1
2025-01-28,2025-01-28 14:27:00,817.23,817.23,817.07,817.07,-0.02,407.23,335813.06,-1
2025-01-28,2025-01-28 14:28:00,817.07,817.07,816.91,816.91,-0.02,407.23,335813.06,-1
2025-01-28,2025-01-28 14:29:00,816.91,816.91,816.75,816.75,-0.02,407.23,335813.06,-1
2025-01-28,2025-01-28 14:30:00,816.75,816.75,816.59,816.59,-0.02,407.23,335813.06,-1
2025-01-28,2025-01-28 14:31:00,816.59,816.59,816.43,816.43,-0.02,407.23,335813.06,-1
2025-01-28,2025-01-28 14:32:00,816.43,816.43,816.27,816.27,-0.02,407.23,335813.06,-1
2025-01-28,2025-01-28 14:33:00,816.27,816.27,816.12,816.12,-0.02,407.23,335813.06,-1
2025-01-28,2025-01-28 14:34:00,816.12,816.12,815.96,815.96,-0.02,407.23,335813.06,-1
2025-01-28,2025-01-28 14:35:00,815.96,815.96,815.8,815.8,-0.02,407.23,335813.06,-1
2025-01-28,2025-01-28 14:36:00,815.8,815.8,815.64,815.64,-0.02,407.23,335813.06,-1
2025-01-28,2025-01-28 14:37:00,815.64,815.64,815.48,815.48,-0.02,407.23,335813.06,-1
2025-01-28,2025-01-28 14:38:00,815.48,815.48,815.33,815.33,-0.02,407.23,335813.06,-1
2025-01-28,2025-01-28 14:39:00,815.33,815.33,815.17,815.17,-0.02,407.23,335813.06,-1
2025-01-28,2025-01-28 14:40:00,815.17,815.17,815.01,815.01,-0.02,407.23,335813.06,-1
2025-01-28,2025-01-28 14:41:00,815.01,815.01,814.85,814.85,-0.02,407.23,335813.06,-1
2025-01-28,2025-01-28 14:42:00,814.85,814.85,814.69,814.69,-0.02,407.23,335813.06,-1
2025-01-28,2025-01-28 14:43:00,814.69,814.69,814.53,814.53,-0.02,407.23,335813.06,-1
2025-01-28,2025-01-28 14:44:00,814.53,814.53,814.38,814.38,-0.02,407.23,335813.06,-1
2025-01-28,2025-01-28 14:45:00,814.38,814.38,814.22,814.22,-0.02,407.23,335813.06,-1
2025-01-28,2025-01-28 14:46:00,814.22,814.22,814.06,814.06,-0.02,407.23,335813.06,-1
2025-01-28,2025-01-28 14:47:00,814.06,814.06,813.9,813.9,-0.02,407.23,335813.06,-1
2025-01-28,2025-01-28 14:48:00,813.9,813.9,813.74,813.74,-0.02,407.23,335813.06,-1
2025-01-28,2025-01-28 14:49:00,813.74,813.74,813.58,813.58,-0.02,407.23,335813.06,-1
2025-01-28,2025-01-28 14:50:00,813.58,813.58,813.42,813.42,-0.02,407.23,335813.06,-1
2025-01-28,2025-01-28 14:51:00,813.42,813.42,813.27,813.27,-0.02,407.23,335813.06,-1
2025-01-28,2025-01-28 14:52:00,813.27,813.27,813.11,813.11,-0.02,407.23,335813.06,-1
2025-01-28,2025-01-28 14:53:00,813.11,813.11,812.95,812.95,-0.02,407.23,335813.06,-1
2025-01-28,2025-01-28 14:54:00,812.95,812.95,812.79,812.79,-0.02,407.23,335813.06,-1
2025-01-28,2025-01-28 14:55:00,812.79,812.79,812.63,812.63,-0.02,407.23,335813.06,-1
2025-01-28,2025-01-28 14:56:00,812.63,812.63,812.48,812.48,-0.02,407.23,335813.06,-1
2025-01-28,2025-01-28 14:57:00,812.48,812.48,812.32,812.32,-0.02,407.23,335813.06,-1
2025-01-28,2025-01-28 14:58:00,812.32,812.32,812.16,812.16,-0.02,407.23,335813.06,-1
2025-01-28,2025-01-28 14:59:00,812.16,812.16,812.0,812.0,-0.02,407.23,335813.06,-1
2025-01-28,2025-01-28 15:00:00,812.0,850.0,793.8,812.0,0.0,407.23,335813.06,0
2025-02-02,2025-02-02 11:00:00,795.8,825.02,795.8,796.21,0.05,839.88,723066.71,1
2025-02-02,2025-02-02 11:01:00,796.21,796.61,796.21,796.61,0.05,839.88,723066.71,1
2025-02-02,2025-02-02 11:02:00,796.61,797.02,796.61,797.02,0.05,839.88,723066.71,1
2025-02-02,2025-02-02 11:03:00,797.02,797.42,797.02,797.42,0.05,839.88,723066.71,1
2025-02-02,2025-02-02 11:04:00,797.42,797.83,797.42,797.83,0.05,839.88,723066.71,1
2025-02-02,2025-02-02 11:05:00,797.83,798.23,797.83,798.23,0.05,839.88,723066.71,1
2025-02-02,2025-02-02 11:06:00,798.23,798.64,798.23,798.64,0.05,839.88,723066.71,1
2025-02-02,2025-02-02 11:07:00,798.64,799.05,798.64,799.05,0.05,839.88,723066.71,1
2025-02-02,2025-02-02 11:08:00,799.05,799.45,799.05,799.45,0.05,839.88,723066.71,1
2025-02-02,2025-02-02 11:09:00,799.45,799.86,799.45,799.86,0.05,839.88,723066.71,1
2025-02-02,2025-02-02 11:10:00,799.86,800.26,799.86,800.26,0.05,839.88,723066.71,1
2025-02-02,2025-02-02 11:11:00,800.26,800.67,800.26,800.67,0.05,839.88,723066.71,1
2025-02-02,2025-02-02 11:12:00,800.67,801.08,800.67,801.08,0.05,839.88,723066.71,1
2025-02-02,2025-02-02 11:13:00,801.08,801.48,801.08,801.48,0.05,839.88,723066.71,1
2025-02-02,2025-02-02 11:14:00,801.48,801.89,801.48,801.89,0.05,839.88,723066.71,1
2025-02-02,2025-02-02 11:15:00,801.89,802.29,801.89,802.29,0.05,839.88,723066.71,1
2025-02-02,2025-02-02 11:16:00,802.29,802.7,802.29,802.7,0.05,839.88,723066.71,1
2025-02-02,2025-02-02 11:17:00,802.7,803.11,802.7,803.11,0.05,839.88,723066.71,1
2025-02-02,2025-02-02 11:18:00,803.11,803.51,803.11,803.51,0.05,839.88,723066.71,1
2025-02-02,2025-02-02 11:19:00,803.51,803.92,803.51,803.92,0.05,839.88,723066.71,1
2025-02-02,2025-02-02 11:20:00,803.92,804.32,803.92,804.32,0.05,839.88,723066.71,1
2025-02-02,2025-02-02 11:21:00,804.32,804.73,804.32,804.73,0.05,839.88,723066.71,1
2025-02-02,2025-02-02 11:22:00,804.73,805.13,804.73,805.13,0.05,839.88,723066.71,1
2025-02-02,2025-02-02 11:23:00,805.13,805.54,805.13,805.54,0.05,839.88,723066.71,1
2025-02-02,2025-02-02 11:24:00,805.54,805.95,805.54,805.95,0.05,839.88,723066.71,1
2025-02-02,2025-02-02 11:25:00,805.95,806.35,805.95,806.35,0.05,839.88,723066.71,1
2025-02-02,2025-02-02 11:26:00,806.35,806.76,806.35,806.76,0.05,839.88,723066.71,1
2025-02-02,2025-02-02 11:27:00,806.76,807.16,806.76,807.16,0.05,839.88,723066.71,1
2025-02-02,2025-02-02 11:28:00,807.16,807.57,807.16,807.57,0.05,839.88,723066.71,1
2025-02-02,2025-02-02 11:29:00,807.57,807.97,807.57,807.97,0.05,839.88,723066.71,1
2025-02-02,2025-02-02 11:30:00,807.97,808.38,807.97,808.38,0.05,839.88,723066.71,1
2025-02-02,2025-02-02 11:31:00,808.38,808.79,808.38,808.79,0.05,839.88,723066.71,1
2025-02-02,2025-02-02 11:32:00,808.79,809.19,808.79,809.19,0.05,839.88,723066.71,1
2025-02-02,2025-02-02 11:33:00,809.19,809.6,809.19,809.6,0.05,839.88,723066.71,1
2025-02-02,2025-02-02 11:34:00,809.6,810.0,809.6,810.0,0.05,839.88,723066.71,1
2025-02-02,2025-02-02 11:35:00,810.0,810.41,810.0,810.41,0.05,839.88,723066.71,1
2025-02-02,2025-02-02 11:36:00,810.41,810.82,810.41,810.82,0.05,839.88,723066.71,1
2025-02-02,2025-02-02 11:37:00,810.82,811.22,810.82,811.22,0.05,839.88,723066.71,1
2025-02-02,2025-02-02 11:38:00,811.22,811.63,811.22,811.63,0.05,839.88,723066.71,1
2025-02-02,2025-02-02 11:39:00,811.63,812.03,811.63,812.03,0.05,839.88,723066.71,1
2025-02-02,2025-02-02 11:40:00,812.03,812.44,812.03,812.44,0.05,839.88,723066.71,1
2025-02-02,2025-02-02 11:41:00,812.44,812.85,812.44,812.85,0.05,839.88,723066.71,1
2025-02-02,2025-02-02 11:42:00,812.85,813.25,812.85,813.25,0.05,839.88,723066.71,1
2025-02-02,2025-02-02 11:43:00,813.25,813.66,813.25,813.66,0.05,839.88,723066.71,1
2025-02-02,2025-02-02 11:44:00,813.66,814.06,813.66,814.06,0.05,839.88,723066.71,1
2025-02-02,2025-02-02 11:45:00,814.06,814.47,814.06,814.47,0.05,839.88,723066.71,1
2025-02-02,2025-02-02 11:46:00,814.47,814.87,814.47,814.87,0.05,839.88,723066.71,1
2025-02-02,2025-02-02 11:47:00,814.87,815.28,814.87,815.28,0.05,839.88,723066.71,1
2025-02-02,2025-02-02 11:48:00,815.28,815.69,815.28,815.69,0.05,839.88,723066.71,1
2025-02-02,2025-02-02 11:49:00,815.69,816.09,815.69,816.09,0.05,839.88,723066.71,1
2025-02-02,2025-02-02 11:50:00,816.09,816.5,816.09,816.5,0.05,839.88,723066.71,1
2025-02-02,2025-02-02 11:51:00,816.5,816.9,816.5,816.9,0.05,839.88,723066.71,1
2025-02-02,2025-02-02 11:52:00,816.9,817.31,816.9,817.31,0.05,839.88,723066.71,1
2025-02-02,2025-02-02 11:53:00,817.31,817.71,817.31,817.71,0.05,839.88,723066.71,1
2025-02-02,2025-02-02 11:54:00,817.71,818.12,817.71,818.12,0.05,839.88,723066.71,1
2025-02-02,2025-02-02 11:55:00,818.12,818.53,818.12,818.53,0.05,839.88,723066.71,1
2025-02-02,2025-02-02 11:56:00,818.53,818.93,818.53,818.93,0.05,839.88,723066.71,1
2025-02-02,2025-02-02 11:57:00,818.93,819.34,818.93,819.34,0.05,839.88,723066.71,1
2025-02-02,2025-02-02 11:58:00,819.34,819.74,819.34,819.74,0.05,839.88,723066.71,1
2025-02-02,2025-02-02 11:59:00,819.74,820.15,819.74,820.15,0.05,839.88,723066.71,1
2025-02-02,2025-02-02 12:00:00,820.15,820.56,820.15,820.56,0.05,839.88,723066.71,1
2025-02-02,2025-02-02 12:01:00,820.56,820.96,820.56,820.96,0.05,839.88,723066.71,1
2025-02-02,2025-02-02 12:02:00,820.96,821.37,820.96,821.37,0.05,839.88,723066.71,1
2025-02-02,2025-02-02 12:03:00,821.37,821.77,821.37,821.77,0.05,839.88,723066.71,1
2025-02-02,2025-02-02 12:04:00,821.77,822.18,821.77,822.18,0.05,839.88,723066.71,1
2025-02-02,2025-02-02 12:05:00,822.18,822.59,822.18,822.59,0.05,839.88,723066.71,1
2025-02-02,2025-02-02 12:06:00,822.59,822.99,822.59,822.99,0.05,839.88,723066.71,1
2025-02-02,2025-02-02 12:07:00,822.99,823.4,822.99,823.4,0.05,839.88,723066.71,1
2025-02-02,2025-02-02 12:08:00,823.4,823.8,823.4,823.8,0.05,839.88,723066.71,1
2025-02-02,2025-02-02 12:09:00,823.8,824.21,823.8,824.21,0.05,839.88,723066.71,1
2025-02-02,2025-02-02 12:10:00,824.21,824.61,824.21,824.61,0.05,839.88,723066.71,1
2025-02-02,2025-02-02 12:11:00,824.61,825.02,824.61,825.02,0.05,839.88,723066.71,1
2025-02-02,2025-02-02 12:12:00,825.02,825.43,825.02,825.43,0.05,839.88,723066.71,1
2025-02-02,2025-02-02 12:13:00,825.43,825.83,825.43,825.83,0.05,839.88,723066.71,1
2025-02-02,2025-02-02 12:14:00,825.83,826.24,825.83,826.24,0.05,839.88,723066.71,1
2025-02-02,2025-02-02 12:15:00,826.24,826.64,826.24,826.64,0.05,839.88,723066.71,1
2025-02-02,2025-02-02 12:16:00,826.64,827.05,826.64,827.05,0.05,839.88,723066.71,1
2025-02-02,2025-02-02 12:17:00,827.05,827.45,827.05,827.45,0.05,839.88,723066.71,1
2025-02-02,2025-02-02 12:18:00,827.45,827.86,827.45,827.86,0.05,839.88,723066.71,1
2025-02-02,2025-02-02 12:19:00,827.86,828.27,827.86,828.27,0.05,839.88,723066.71,1
2025-02-02,2025-02-02 12:20:00,828.27,828.67,828.27,828.67,0.05,839.88,723066.71,1
2025-02-02,2025-02-02 12:21:00,828.67,829.08,828.67,829.08,0.05,839.88,723066.71,1
2025-02-02,2025-02-02 12:22:00,829.08,829.48,829.08,829.48,0.05,839.88,723066.71,1
2025-02-02,2025-02-02 12:23:00,829.48,829.89,829.48,829.89,0.05,839.88,723066.71,1
2025-02-02,2025-02-02 12:24:00,829.89,830.3,829.89,830.3,0.05,839.88,723066.71,1
2025-02-02,2025-02-02 12:25:00,830.3,830.7,830.3,830.7,0.05,839.88,723066.71,1
2025-02-02,2025-02-02 12:26:00,830.7,831.11,830.7,831.11,0.05,839.88,723066.71,1
2025-02-02,2025-02-02 12:27:00,831.11,831.51,831.11,831.51,0.05,839.88,723066.71,1
2025-02-02,2025-02-02 12:28:00,831.51,831.92,831.51,831.92,0.05,839.88,723066.71,1
2025-02-02,2025-02-02 12:29:00,831.92,832.33,831.92,832.33,0.05,839.88,723066.71,1
2025-02-02,2025-02-02 12:30:00,832.33,832.73,832.33,832.73,0.05,839.88,723066.71,1
2025-02-02,2025-02-02 12:31:00,832.73,833.14,832.73,833.14,0.05,839.88,723066.71,1
2025-02-02,2025-02-02 12:32:00,833.14,833.54,833.14,833.54,0.05,839.88,723066.71,1
2025-02-02,2025-02-02 12:33:00,833.54,833.95,833.54,833.95,0.05,839.88,723066.71,1
2025-02-02,2025-02-02 12:34:00,833.95,834.35,833.95,834.35,0.05,839.88,723066.71,1
2025-02-02,2025-02-02 12:35:00,834.35,834.76,834.35,834.76,0.05,839.88,723066.71,1
2025-02-02,2025-02-02 12:36:00,834.76,835.17,834.76,835.17,0.05,839.88,723066.71,1
2025-02-02,2025-02-02 12:37:00,835.17,835.57,835.17,835.57,0.05,839.88,723066.71,1
2025-02-02,2025-02-02 12:38:00,835.57,835.98,835.57,835.98,0.05,839.88,723066.71,1
2025-02-02,2025-02-02 12:39:00,835.98,836.38,835.98,836.38,0.05,839.88,723066.71,1
2025-02-02,2025-02-02 12:40:00,836.38,836.79,836.38,836.79,0.05,839.88,723066.71,1
2025-02-02,2025-02-02 12:41:00,836.79,837.19,836.79,837.19,0.05,839.88,723066.71,1
2025-02-02,2025-02-02 12:42:00,837.19,837.6,837.19,837.6,0.05,839.88,723066.71,1
2025-02-02,2025-02-02 12:43:00,837.6,838.01,837.6,838.01,0.05,839.88,723066.71,1
2025-02-02,2025-02-02 12:44:00,838.01,838.41,838.01,838.41,0.05,839.88,723066.71,1
2025-02-02,2025-02-02 12:45:00,838.41,838.82,838.41,838.82,0.05,839.88,723066.71,1
2025-02-02,2025-02-02 12:46:00,838.82,839.22,838.82,839.22,0.05,839.88,723066.71,1
2025-02-02,2025-02-02 12:47:00,839.22,839.63,839.22,839.63,0.05,839.88,723066.71,1
2025-02-02,2025-02-02 12:48:00,839.63,840.04,839.63,840.04,0.05,839.88,723066.71,1
2025-02-02,2025-02-02 12:49:00,840.04,840.44,840.04,840.44,0.05,839.88,723066.71,1
2025-02-02,2025-02-02 12:50:00,840.44,840.85,840.44,840.85,0.05,839.88,723066.71,1
2025-02-02,2025-02-02 12:51:00,840.85,841.25,840.85,841.25,0.05,839.88,723066.71,1
2025-02-02,2025-02-02 12:52:00,841.25,841.66,841.25,841.66,0.05,839.88,723066.71,1
2025-02-02,2025-02-02 12:53:00,841.66,842.07,841.66,842.07,0.05,839.88,723066.71,1
2025-02-02,2025-02-02 12:54:00,842.07,842.47,842.07,842.47,0.05,839.88,723066.71,1
2025-02-02,2025-02-02 12:55:00,842.47,842.88,842.47,842.88,0.05,839.88,723066.71,1
2025-02-02,2025-02-02 12:56:00,842.88,843.28,842.88,843.28,0.05,839.88,723066.71,1
2025-02-02,2025-02-02 12:57:00,843.28,843.69,843.28,843.69,0.05,839.88,723066.71,1
2025-02-02,2025-02-02 12:58:00,843.69,844.09,843.69,844.09,0.05,839.88,723066.71,1
2025-02-02,2025-02-02 12:59:00,844.09,844.5,844.09,844.5,0.05,839.88,723066.71,1
2025-02-02,2025-02-02 13:00:00,844.5,893.2,795.8,844.91,0.05,839.88,723066.71,1
2025-02-02,2025-02-02 13:01:00,844.91,845.31,844.91,845.31,0.05,839.88,723066.71,1
2025-02-02,2025-02-02 13:02:00,845.31,845.72,845.31,845.72,0.05,839.88,723066.71,1
2025-02-02,2025-02-02 13:03:00,845.72,846.12,845.72,846.12,0.05,839.88,723066.71,1
2025-02-02,2025-02-02 13:04:00,846.12,846.53,846.12,846.53,0.05,839.88,723066.71,1
2025-02-02,2025-02-02 13:05:00,846.53,846.93,846.53,846.93,0.05,839.88,723066.71,1
2025-02-02,2025-02-02 13:06:00,846.93,847.34,846.93,847.34,0.05,839.88,723066.71,1
2025-02-02,2025-02-02 13:07:00,847.34,847.75,847.34,847.75,0.05,839.88,723066.71,1
2025-02-02,2025-02-02 13:08:00,847.75,848.15,847.75,848.15,0.05,839.88,723066.71,1
2025-02-02,2025-02-02 13:09:00,848.15,848.56,848.15,848.56,0.05,839.88,723066.71,1
2025-02-02,2025-02-02 13:10:00,848.56,848.96,848.56,848.96,0.05,839.88,723066.71,1
2025-02-02,2025-02-02 13:11:00,848.96,849.37,848.96,849.37,0.05,839.88,723066.71,1
2025-02-02,2025-02-02 13:12:00,849.37,849.78,849.37,849.78,0.05,839.88,723066.71,1
2025-02-02,2025-02-02 13:13:00,849.78,850.18,849.78,850.18,0.05,839.88,723066.71,1
2025-02-02,2025-02-02 13:14:00,850.18,850.59,850.18,850.59,0.05,839.88,723066.71,1
2025-02-02,2025-02-02 13:15:00,850.59,850.99,850.59,850.99,0.05,839.88,723066.71,1
2025-02-02,2025-02-02 13:16:00,850.99,851.4,850.99,851.4,0.05,839.88,723066.71,1
2025-02-02,2025-02-02 13:17:00,851.4,851.8,851.4,851.8,0.05,839.88,723066.71,1
2025-02-02,2025-02-02 13:18:00,851.8,852.21,851.8,852.21,0.05,839.88,723066.71,1
2025-02-02,2025-02-02 13:19:00,852.21,852.62,852.21,852.62,0.05,839.88,723066.71,1
2025-02-02,2025-02-02 13:20:00,852.62,853.02,852.62,853.02,0.05,839.88,723066.71,1
2025-02-02,2025-02-02 13:21:00,853.02,853.43,853.02,853.43,0.05,839.88,723066.71,1
2025-02-02,2025-02-02 13:22:00,853.43,853.83,853.43,853.83,0.05,839.88,723066.71,1
2025-02-02,2025-02-02 13:23:00,853.83,854.24,853.83,854.24,0.05,839.88,723066.71,1
2025-02-02,2025-02-02 13:24:00,854.24,854.65,854.24,854.65,0.05,839.88,723066.71,1
2025-02-02,2025-02-02 13:25:00,854.65,855.05,854.65,855.05,0.05,839.88,723066.71,1
2025-02-02,2025-02-02 13:26:00,855.05,855.46,855.05,855.46,0.05,839.88,723066.71,1
2025-02-02,2025-02-02 13:27:00,855.46,855.86,855.46,855.86,0.05,839.88,723066.71,1
2025-02-02,2025-02-02 13:28:00,855.86,856.27,855.86,856.27,0.05,839.88,723066.71,1
2025-02-02,2025-02-02 13:29:00,856.27,856.67,856.27,856.67,0.05,839.88,723066.71,1
2025-02-02,2025-02-02 13:30:00,856.67,857.08,856.67,857.08,0.05,839.88,723066.71,1
2025-02-02,2025-02-02 13:31:00,857.08,857.49,857.08,857.49,0.05,839.88,723066.71,1
2025-02-02,2025-02-02 13:32:00,857.49,857.89,857.49,857.89,0.05,839.88,723066.71,1
2025-02-02,2025-02-02 13:33:00,857.89,858.3,857.89,858.3,0.05,839.88,723066.71,1
2025-02-02,2025-02-02 13:34:00,858.3,858.7,858.3,858.7,0.05,839.88,723066.71,1
2025-02-02,2025-02-02 13:35:00,858.7,859.11,858.7,859.11,0.05,839.88,723066.71,1
2025-02-02,2025-02-02 13:36:00,859.11,859.52,859.11,859.52,0.05,839.88,723066.71,1
2025-02-02,2025-02-02 13:37:00,859.52,859.92,859.52,859.92,0.05,839.88,723066.71,1
2025-02-02,2025-02-02 13:38:00,859.92,860.33,859.92,860.33,0.05,839.88,723066.71,1
2025-02-02,2025-02-02 13:39:00,860.33,860.73,860.33,860.73,0.05,839.88,723066.71,1
2025-02-02,2025-02-02 13:40:00,860.73,861.14,860.73,861.14,0.05,839.88,723066.71,1
2025-02-02,2025-02-02 13:41:00,861.14,861.55,861.14,861.55,0.05,839.88,723066.71,1
2025-02-02,2025-02-02 13:42:00,861.55,861.95,861.55,861.95,0.05,839.88,723066.71,1
2025-02-02,2025-02-02 13:43:00,861.95,862.36,861.95,862.36,0.05,839.88,723066.71,1
2025-02-02,2025-02-02 13:44:00,862.36,862.76,862.36,862.76,0.05,839.88,723066.71,1
2025-02-02,2025-02-02 13:45:00,862.76,863.17,862.76,863.17,0.05,839.88,723066.71,1
2025-02-02,2025-02-02 13:46:00,863.17,863.57,863.17,863.57,0.05,839.88,723066.71,1
2025-02-02,2025-02-02 13:47:00,863.57,863.98,863.57,863.98,0.05,839.88,723066.71,1
2025-02-02,2025-02-02 13:48:00,863.98,864.39,863.98,864.39,0.05,839.88,723066.71,1
2025-02-02,2025-02-02 13:49:00,864.39,864.79,864.39,864.79,0.05,839.88,723066.71,1
2025-02-02,2025-02-02 13:50:00,864.79,865.2,864.79,865.2,0.05,839.88,723066.71,1
2025-02-02,2025-02-02 13:51:00,865.2,865.6,865.2,865.6,0.05,839.88,723066.71,1
2025-02-02,2025-02-02 13:52:00,865.6,866.01,865.6,866.01,0.05,839.88,723066.71,1
2025-02-02,2025-02-02 13:53:00,866.01,866.41,866.01,866.41,0.05,839.88,723066.71,1
2025-02-02,2025-02-02 13:54:00,866.41,866.82,866.41,866.82,0.05,839.88,723066.71,1
2025-02-02,2025-02-02 13:55:00,866.82,867.23,866.82,867.23,0.05,839.88,723066.71,1
2025-02-02,2025-02-02 13:56:00,867.23,867.63,867.23,867.63,0.05,839.88,723066.71,1
2025-02-02,2025-02-02 13:57:00,867.63,868.04,867.63,868.04,0.05,839.88,723066.71,1
2025-02-02,2025-02-02 13:58:00,868.04,868.44,868.04,868.44,0.05,839.88,723066.71,1
2025-02-02,2025-02-02 13:59:00,868.44,868.85,868.44,868.85,0.05,839.88,723066.71,1
2025-02-02,2025-02-02 14:00:00,868.85,869.26,868.85,869.26,0.05,839.88,723066.71,1
2025-02-02,2025-02-02 14:01:00,869.26,869.66,869.26,869.66,0.05,839.88,723066.71,1
2025-02-02,2025-02-02 14:02:00,869.66,870.07,869.66,870.07,0.05,839.88,723066.71,1
2025-02-02,2025-02-02 14:03:00,870.07,870.47,870.07,870.47,0.05,839.88,723066.71,1
2025-02-02,2025-02-02 14:04:00,870.47,870.88,870.47,870.88,0.05,839.88,723066.71,1
2025-02-02,2025-02-02 14:05:00,870.88,871.29,870.88,871.29,0.05,839.88,723066.71,1
2025-02-02,2025-02-02 14:06:00,871.29,871.69,871.29,871.69,0.05,839.88,723066.71,1
2025-02-02,2025-02-02 14:07:00,871.69,872.1,871.69,872.1,0.05,839.88,723066.71,1
2025-02-02,2025-02-02 14:08:00,872.1,872.5,872.1,872.5,0.05,839.88,723066.71,1
2025-02-02,2025-02-02 14:09:00,872.5,872.91,872.5,872.91,0.05,839.88,723066.71,1
2025-02-02,2025-02-02 14:10:00,872.91,873.31,872.91,873.31,0.05,839.88,723066.71,1
2025-02-02,2025-02-02 14:11:00,873.31,873.72,873.31,873.72,0.05,839.88,723066.71,1
2025-02-02,2025-02-02 14:12:00,873.72,874.13,873.72,874.13,0.05,839.88,723066.71,1
2025-02-02,2025-02-02 14:13:00,874.13,874.53,874.13,874.53,0.05,839.88,723066.71,1
2025-02-02,2025-02-02 14:14:00,874.53,874.94,874.53,874.94,0.05,839.88,723066.71,1
2025-02-02,2025-02-02 14:15:00,874.94,875.34,874.94,875.34,0.05,839.88,723066.71,1
2025-02-02,2025-02-02 14:16:00,875.34,875.75,875.34,875.75,0.05,839.88,723066.71,1
2025-02-02,2025-02-02 14:17:00,875.75,876.15,875.75,876.15,0.05,839.88,723066.71,1
2025-02-02,2025-02-02 14:18:00,876.15,876.56,876.15,876.56,0.05,839.88,723066.71,1
2025-02-02,2025-02-02 14:19:00,876.56,876.97,876.56,876.97,0.05,839.88,723066.71,1
2025-02-02,2025-02-02 14:20:00,876.97,877.37,876.97,877.37,0.05,839.88,723066.71,1
2025-02-02,2025-02-02 14:21:00,877.37,877.78,877.37,877.78,0.05,839.88,723066.71,1
2025-02-02,2025-02-02 14:22:00,877.78,878.18,877.78,878.18,0.05,839.88,723066.71,1
2025-02-02,2025-02-02 14:23:00,878.18,878.59,878.18,878.59,0.05,839.88,723066.71,1
2025-02-02,2025-02-02 14:24:00,878.59,879.0,878.59,879.0,0.05,839.88,723066.71,1
2025-02-02,2025-02-02 14:25:00,879.0,879.4,879.0,879.4,0.05,839.88,723066.71,1
2025-02-02,2025-02-02 14:26:00,879.4,879.81,879.4,879.81,0.05,839.88,723066.71,1
2025-02-02,2025-02-02 14:27:00,879.81,880.21,879.81,880.21,0.05,839.88,723066.71,1
2025-02-02,2025-02-02 14:28:00,880.21,880.62,880.21,880.62,0.05,839.88,723066.71,1
2025-02-02,2025-02-02 14:29:00,880.62,881.03,880.62,881.03,0.05,839.88,723066.71,1
2025-02-02,2025-02-02 14:30:00,881.03,881.43,881.03,881.43,0.05,839.88,723066.71,1
2025-02-02,2025-02-02 14:31:00,881.43,881.84,881.43,881.84,0.05,839.88,723066.71,1
2025-02-02,2025-02-02 14:32:00,881.84,882.24,881.84,882.24,0.05,839.88,723066.71,1
2025-02-02,2025-02-02 14:33:00,882.24,882.65,882.24,882.65,0.05,839.88,723066.71,1
2025-02-02,2025-02-02 14:34:00,882.65,883.05,882.65,883.05,0.05,839.88,723066.71,1
2025-02-02,2025-02-02 14:35:00,883.05,883.46,883.05,883.46,0.05,839.88,723066.71,1
2025-02-02,2025-02-02 14:36:00,883.46,883.87,883.46,883.87,0.05,839.88,723066.71,1
2025-02-02,2025-02-02 14:37:00,883.87,884.27,883.87,884.27,0.05,839.88,723066.71,1
2025-02-02,2025-02-02 14:38:00,884.27,884.68,884.27,884.68,0.05,839.88,723066.71,1
2025-02-02,2025-02-02 14:39:00,884.68,885.08,884.68,885.08,0.05,839.88,723066.71,1
2025-02-02,2025-02-02 14:40:00,885.08,885.49,885.08,885.49,0.05,839.88,723066.71,1
2025-02-02,2025-02-02 14:41:00,885.49,885.89,885.49,885.89,0.05,839.88,723066.71,1
2025-02-02,2025-02-02 14:42:00,885.89,886.3,885.89,886.3,0.05,839.88,723066.71,1
2025-02-02,2025-02-02 14:43:00,886.3,886.71,886.3,886.71,0.05,839.88,723066.71,1
2025-02-02,2025-02-02 14:44:00,886.71,887.11,886.71,887.11,0.05,839.88,723066.71,1
2025-02-02,2025-02-02 14:45:00,887.11,887.52,887.11,887.52,0.05,839.88,723066.71,1
2025-02-02,2025-02-02 14:46:00,887.52,887.92,887.52,887.92,0.05,839.88,723066.71,1
2025-02-02,2025-02-02 14:47:00,887.92,888.33,887.92,888.33,0.05,839.88,723066.71,1
2025-02-02,2025-02-02 14:48:00,888.33,888.74,888.33,888.74,0.05,839.88,723066.71,1
2025-02-02,2025-02-02 14:49:00,888.74,889.14,888.74,889.14,0.05,839.88,723066.71,1
2025-02-02,2025-02-02 14:50:00,889.14,889.55,889.14,889.55,0.05,839.88,723066.71,1
2025-02-02,2025-02-02 14:51:00,889.55,889.95,889.55,889.95,0.04,839.88,723066.71,1
2025-02-02,2025-02-02 14:52:00,889.95,890.36,889.95,890.36,0.05,839.88,723066.71,1
2025-02-02,2025-02-02 14:53:00,890.36,890.77,890.36,890.77,0.05,839.88,723066.71,1
2025-02-02,2025-02-02 14:54:00,890.77,891.17,890.77,891.17,0.04,839.88,723066.71,1
2025-02-02,2025-02-02 14:55:00,891.17,891.58,891.17,891.58,0.05,839.88,723066.71,1
2025-02-02,2025-02-02 14:56:00,891.58,891.98,891.58,891.98,0.04,839.88,723066.71,1
2025-02-02,2025-02-02 14:57:00,891.98,892.39,891.98,892.39,0.05,839.88,723066.71,1
2025-02-02,2025-02-02 14:58:00,892.39,892.79,892.39,892.79,0.04,839.88,723066.71,1
2025-02-02,2025-02-02 14:59:00,892.79,893.2,892.79,893.2,0.05,839.88,723066.71,1
2025-02-02,2025-02-02 15:00:00,893.2,893.2,795.8,893.2,0.0,839.88,723066.71,0
2025-02-03,2025-02-03 11:00:00,911.0,932.45,911.0,911.3,0.03,755.9,721611.21,1
2025-02-03,2025-02-03 11:01:00,911.3,911.6,911.3,911.6,0.03,755.9,721611.21,1
2025-02-03,2025-02-03 11:02:00,911.6,911.89,911.6,911.89,0.03,755.9,721611.21,1
2025-02-03,2025-02-03 11:03:00,911.89,912.19,911.89,912.19,0.03,755.9,721611.21,1
2025-02-03,2025-02-03 11:04:00,912.19,912.49,912.19,912.49,0.03,755.9,721611.21,1
2025-02-03,2025-02-03 11:05:00,912.49,912.79,912.49,912.79,0.03,755.9,721611.21,1
2025-02-03,2025-02-03 11:06:00,912.79,913.09,912.79,913.09,0.03,755.9,721611.21,1
2025-02-03,2025-02-03 11:07:00,913.09,913.38,913.09,913.38,0.03,755.9,721611.21,1
2025-02-03,2025-02-03 11:08:00,913.38,913.68,913.38,913.68,0.03,755.9,721611.21,1
2025-02-03,2025-02-03 11:09:00,913.68,913.98,913.68,913.98,0.03,755.9,721611.21,1
2025-02-03,2025-02-03 11:10:00,913.98,914.28,913.98,914.28,0.03,755.9,721611.21,1
2025-02-03,2025-02-03 11:11:00,914.28,914.58,914.28,914.58,0.03,755.9,721611.21,1
2025-02-03,2025-02-03 11:12:00,914.58,914.87,914.58,914.87,0.03,755.9,721611.21,1
2025-02-03,2025-02-03 11:13:00,914.87,915.17,914.87,915.17,0.03,755.9,721611.21,1
2025-02-03,2025-02-03 11:14:00,915.17,915.47,915.17,915.47,0.03,755.9,721611.21,1
2025-02-03,2025-02-03 11:15:00,915.47,915.77,915.47,915.77,0.03,755.9,721611.21,1
2025-02-03,2025-02-03 11:16:00,915.77,916.06,915.77,916.06,0.03,755.9,721611.21,1
2025-02-03,2025-02-03 11:17:00,916.06,916.36,916.06,916.36,0.03,755.9,721611.21,1
2025-02-03,2025-02-03 11:18:00,916.36,916.66,916.36,916.66,0.03,755.9,721611.21,1
2025-02-03,2025-02-03 11:19:00,916.66,916.96,916.66,916.96,0.03,755.9,721611.21,1
2025-02-03,2025-02-03 11:20:00,916.96,917.26,916.96,917.26,0.03,755.9,721611.21,1
2025-02-03,2025-02-03 11:21:00,917.26,917.55,917.26,917.55,0.03,755.9,721611.21,1
2025-02-03,2025-02-03 11:22:00,917.55,917.85,917.55,917.85,0.03,755.9,721611.21,1
2025-02-03,2025-02-03 11:23:00,917.85,918.15,917.85,918.15,0.03,755.9,721611.21,1
2025-02-03,2025-02-03 11:24:00,918.15,918.45,918.15,918.45,0.03,755.9,721611.21,1
2025-02-03,2025-02-03 11:25:00,918.45,918.75,918.45,918.75,0.03,755.9,721611.21,1
2025-02-03,2025-02-03 11:26:00,918.75,919.04,918.75,919.04,0.03,755.9,721611.21,1
2025-02-03,2025-02-03 11:27:00,919.04,919.34,919.04,919.34,0.03,755.9,721611.21,1
2025-02-03,2025-02-03 11:28:00,919.34,919.64,919.34,919.64,0.03,755.9,721611.21,1
2025-02-03,2025-02-03 11:29:00,919.64,919.94,919.64,919.94,0.03,755.9,721611.21,1
2025-02-03,2025-02-03 11:30:00,919.94,920.24,919.94,920.24,0.03,755.9,721611.21,1
2025-02-03,2025-02-03 11:31:00,920.24,920.53,920.24,920.53,0.03,755.9,721611.21,1
2025-02-03,2025-02-03 11:32:00,920.53,920.83,920.53,920.83,0.03,755.9,721611.21,1
2025-02-03,2025-02-03 11:33:00,920.83,921.13,920.83,921.13,0.03,755.9,721611.21,1
2025-02-03,2025-02-03 11:34:00,921.13,921.43,921.13,921.43,0.03,755.9,721611.21,1
2025-02-03,2025-02-03 11:35:00,921.43,921.73,921.43,921.73,0.03,755.9,721611.21,1
2025-02-03,2025-02-03 11:36:00,921.73,922.02,921.73,922.02,0.03,755.9,721611.21,1
2025-02-03,2025-02-03 11:37:00,922.02,922.32,922.02,922.32,0.03,755.9,721611.21,1
2025-02-03,2025-02-03 11:38:00,922.32,922.62,922.32,922.62,0.03,755.9,721611.21,1
2025-02-03,2025-02-03 11:39:00,922.62,922.92,922.62,922.92,0.03,755.9,721611.21,1
2025-02-03,2025-02-03 11:40:00,922.92,923.21,922.92,923.21,0.03,755.9,721611.21,1
2025-02-03,2025-02-03 11:41:00,923.21,923.51,923.21,923.51,0.03,755.9,721611.21,1
2025-02-03,2025-02-03 11:42:00,923.51,923.81,923.51,923.81,0.03,755.9,721611.21,1
2025-02-03,2025-02-03 11:43:00,923.81,924.11,923.81,924.11,0.03,755.9,721611.21,1
2025-02-03,2025-02-03 11:44:00,924.11,924.41,924.11,924.41,0.03,755.9,721611.21,1
2025-02-03,2025-02-03 11:45:00,924.41,924.7,924.41,924.7,0.03,755.9,721611.21,1
2025-02-03,2025-02-03 11:46:00,924.7,925.0,924.7,925.0,0.03,755.9,721611.21,1
2025-02-03,2025-02-03 11:47:00,925.0,925.3,925.0,925.3,0.03,755.9,721611.21,1
2025-02-03,2025-02-03 11:48:00,925.3,925.6,925.3,925.6,0.03,755.9,721611.21,1
2025-02-03,2025-02-03 11:49:00,925.6,925.9,925.6,925.9,0.03,755.9,721611.21,1
2025-02-03,2025-02-03 11:50:00,925.9,926.19,925.9,926.19,0.03,755.9,721611.21,1
2025-02-03,2025-02-03 11:51:00,926.19,926.49,926.19,926.49,0.03,755.9,721611.21,1
2025-02-03,2025-02-03 11:52:00,926.49,926.79,926.49,926.79,0.03,755.9,721611.21,1
2025-02-03,2025-02-03 11:53:00,926.79,927.09,926.79,927.09,0.03,755.9,721611.21,1
2025-02-03,2025-02-03 11:54:00,927.09,927.39,927.09,927.39,0.03,755.9,721611.21,1
2025-02-03,2025-02-03 11:55:00,927.39,927.68,927.39,927.68,0.03,755.9,721611.21,1
2025-02-03,2025-02-03 11:56:00,927.68,927.98,927.68,927.98,0.03,755.9,721611.21,1
2025-02-03,2025-02-03 11:57:00,927.98,928.28,927.98,928.28,0.03,755.9,721611.21,1
2025-02-03,2025-02-03 11:58:00,928.28,928.58,928.28,928.58,0.03,755.9,721611.21,1
2025-02-03,2025-02-03 11:59:00,928.58,928.88,928.58,928.88,0.03,755.9,721611.21,1
2025-02-03,2025-02-03 12:00:00,928.88,929.17,928.88,929.17,0.03,755.9,721611.21,1
2025-02-03,2025-02-03 12:01:00,929.17,929.47,929.17,929.47,0.03,755.9,721611.21,1
2025-02-03,2025-02-03 12:02:00,929.47,929.77,929.47,929.77,0.03,755.9,721611.21,1
2025-02-03,2025-02-03 12:03:00,929.77,930.07,929.77,930.07,0.03,755.9,721611.21,1
2025-02-03,2025-02-03 12:04:00,930.07,930.36,930.07,930.36,0.03,755.9,721611.21,1
2025-02-03,2025-02-03 12:05:00,930.36,930.66,930.36,930.66,0.03,755.9,721611.21,1
2025-02-03,2025-02-03 12:06:00,930.66,930.96,930.66,930.96,0.03,755.9,721611.21,1
2025-02-03,2025-02-03 12:07:00,930.96,931.26,930.96,931.26,0.03,755.9,721611.21,1
2025-02-03,2025-02-03 12:08:00,931.26,931.56,931.26,931.56,0.03,755.9,721611.21,1
2025-02-03,2025-02-03 12:09:00,931.56,931.85,931.56,931.85,0.03,755.9,721611.21,1
2025-02-03,2025-02-03 12:10:00,931.85,932.15,931.85,932.15,0.03,755.9,721611.21,1
2025-02-03,2025-02-03 12:11:00,932.15,932.45,932.15,932.45,0.03,755.9,721611.21,1
2025-02-03,2025-02-03 12:12:00,932.45,932.75,932.45,932.75,0.03,755.9,721611.21,1
2025-02-03,2025-02-03 12:13:00,932.75,933.05,932.75,933.05,0.03,755.9,721611.21,1
2025-02-03,2025-02-03 12:14:00,933.05,933.34,933.05,933.34,0.03,755.9,721611.21,1
2025-02-03,2025-02-03 12:15:00,933.34,933.64,933.34,933.64,0.03,755.9,721611.21,1
2025-02-03,2025-02-03 12:16:00,933.64,933.94,933.64,933.94,0.03,755.9,721611.21,1
2025-02-03,2025-02-03 12:17:00,933.94,934.24,933.94,934.24,0.03,755.9,721611.21,1
2025-02-03,2025-02-03 12:18:00,934.24,934.54,934.24,934.54,0.03,755.9,721611.21,1
2025-02-03,2025-02-03 12:19:00,934.54,934.83,934.54,934.83,0.03,755.9,721611.21,1
2025-02-03,2025-02-03 12:20:00,934.83,935.13,934.83,935.13,0.03,755.9,721611.21,1
2025-02-03,2025-02-03 12:21:00,935.13,935.43,935.13,935.43,0.03,755.9,721611.21,1
2025-02-03,2025-02-03 12:22:00,935.43,935.73,935.43,935.73,0.03,755.9,721611.21,1
2025-02-03,2025-02-03 12:23:00,935.73,936.02,935.73,936.02,0.03,755.9,721611.21,1
2025-02-03,2025-02-03 12:24:00,936.02,936.32,936.02,936.32,0.03,755.9,721611.21,1
2025-02-03,2025-02-03 12:25:00,936.32,936.62,936.32,936.62,0.03,755.9,721611.21,1
2025-02-03,2025-02-03 12:26:00,936.62,936.92,936.62,936.92,0.03,755.9,721611.21,1
2025-02-03,2025-02-03 12:27:00,936.92,937.22,936.92,937.22,0.03,755.9,721611.21,1
2025-02-03,2025-02-03 12:28:00,937.22,937.51,937.22,937.51,0.03,755.9,721611.21,1
2025-02-03,2025-02-03 12:29:00,937.51,937.81,937.51,937.81,0.03,755.9,721611.21,1
2025-02-03,2025-02-03 12:30:00,937.81,938.11,937.81,938.11,0.03,755.9,721611.21,1
2025-02-03,2025-02-03 12:31:00,938.11,938.41,938.11,938.41,0.03,755.9,721611.21,1
2025-02-03,2025-02-03 12:32:00,938.41,938.71,938.41,938.71,0.03,755.9,721611.21,1
2025-02-03,2025-02-03 12:33:00,938.71,939.0,938.71,939.0,0.03,755.9,721611.21,1
2025-02-03,2025-02-03 12:34:00,939.0,939.3,939.0,939.3,0.03,755.9,721611.21,1
2025-02-03,2025-02-03 12:35:00,939.3,939.6,939.3,939.6,0.03,755.9,721611.21,1
2025-02-03,2025-02-03 12:36:00,939.6,939.9,939.6,939.9,0.03,755.9,721611.21,1
2025-02-03,2025-02-03 12:37:00,939.9,940.2,939.9,940.2,0.03,755.9,721611.21,1
2025-02-03,2025-02-03 12:38:00,940.2,940.49,940.2,940.49,0.03,755.9,721611.21,1
2025-02-03,2025-02-03 12:39:00,940.49,940.79,940.49,940.79,0.03,755.9,721611.21,1
2025-02-03,2025-02-03 12:40:00,940.79,941.09,940.79,941.09,0.03,755.9,721611.21,1
2025-02-03,2025-02-03 12:41:00,941.09,941.39,941.09,941.39,0.03,755.9,721611.21,1
2025-02-03,2025-02-03 12:42:00,941.39,941.69,941.39,941.69,0.03,755.9,721611.21,1
2025-02-03,2025-02-03 12:43:00,941.69,941.98,941.69,941.98,0.03,755.9,721611.21,1
2025-02-03,2025-02-03 12:44:00,941.98,942.28,941.98,942.28,0.03,755.9,721611.21,1
2025-02-03,2025-02-03 12:45:00,942.28,942.58,942.28,942.58,0.03,755.9,721611.21,1
2025-02-03,2025-02-03 12:46:00,942.58,942.88,942.58,942.88,0.03,755.9,721611.21,1
2025-02-03,2025-02-03 12:47:00,942.88,943.17,942.88,943.17,0.03,755.9,721611.21,1
2025-02-03,2025-02-03 12:48:00,943.17,943.47,943.17,943.47,0.03,755.9,721611.21,1
2025-02-03,2025-02-03 12:49:00,943.47,943.77,943.47,943.77,0.03,755.9,721611.21,1
2025-02-03,2025-02-03 12:50:00,943.77,944.07,943.77,944.07,0.03,755.9,721611.21,1
2025-02-03,2025-02-03 12:51:00,944.07,944.37,944.07,944.37,0.03,755.9,721611.21,1
2025-02-03,2025-02-03 12:52:00,944.37,944.66,944.37,944.66,0.03,755.9,721611.21,1
2025-02-03,2025-02-03 12:53:00,944.66,944.96,944.66,944.96,0.03,755.9,721611.21,1
2025-02-03,2025-02-03 12:54:00,944.96,945.26,944.96,945.26,0.03,755.9,721611.21,1
2025-02-03,2025-02-03 12:55:00,945.26,945.56,945.26,945.56,0.03,755.9,721611.21,1
2025-02-03,2025-02-03 12:56:00,945.56,945.86,945.56,945.86,0.03,755.9,721611.21,1
2025-02-03,2025-02-03 12:57:00,945.86,946.15,945.86,946.15,0.03,755.9,721611.21,1
2025-02-03,2025-02-03 12:58:00,946.15,946.45,946.15,946.45,0.03,755.9,721611.21,1
2025-02-03,2025-02-03 12:59:00,946.45,946.75,946.45,946.75,0.03,755.9,721611.21,1
2025-02-03,2025-02-03 13:00:00,946.75,982.5,911.0,947.05,0.03,755.9,721611.21,1
2025-02-03,2025-02-03 13:01:00,947.05,947.35,947.05,947.35,0.03,755.9,721611.21,1
2025-02-03,2025-02-03 13:02:00,947.35,947.64,947.35,947.64,0.03,755.9,721611.21,1
2025-02-03,2025-02-03 13:03:00,947.64,947.94,947.64,947.94,0.03,755.9,721611.21,1
2025-02-03,2025-02-03 13:04:00,947.94,948.24,947.94,948.24,0.03,755.9,721611.21,1
2025-02-03,2025-02-03 13:05:00,948.24,948.54,948.24,948.54,0.03,755.9,721611.21,1
2025-02-03,2025-02-03 13:06:00,948.54,948.84,948.54,948.84,0.03,755.9,721611.21,1
2025-02-03,2025-02-03 13:07:00,948.84,949.13,948.84,949.13,0.03,755.9,721611.21,1
2025-02-03,2025-02-03 13:08:00,949.13,949.43,949.13,949.43,0.03,755.9,721611.21,1
2025-02-03,2025-02-03 13:09:00,949.43,949.73,949.43,949.73,0.03,755.9,721611.21,1
2025-02-03,2025-02-03 13:10:00,949.73,950.03,949.73,950.03,0.03,755.9,721611.21,1
2025-02-03,2025-02-03 13:11:00,950.03,950.33,950.03,950.33,0.03,755.9,721611.21,1
2025-02-03,2025-02-03 13:12:00,950.33,950.62,950.33,950.62,0.03,755.9,721611.21,1
2025-02-03,2025-02-03 13:13:00,950.62,950.92,950.62,950.92,0.03,755.9,721611.21,1
2025-02-03,2025-02-03 13:14:00,950.92,951.22,950.92,951.22,0.03,755.9,721611.21,1
2025-02-03,2025-02-03 13:15:00,951.22,951.52,951.22,951.52,0.03,755.9,721611.21,1
2025-02-03,2025-02-03 13:16:00,951.52,951.81,951.52,951.81,0.03,755.9,721611.21,1
2025-02-03,2025-02-03 13:17:00,951.81,952.11,951.81,952.11,0.03,755.9,721611.21,1
2025-02-03,2025-02-03 13:18:00,952.11,952.41,952.11,952.41,0.03,755.9,721611.21,1
2025-02-03,2025-02-03 13:19:00,952.41,952.71,952.41,952.71,0.03,755.9,721611.21,1
2025-02-03,2025-02-03 13:20:00,952.71,953.01,952.71,953.01,0.03,755.9,721611.21,1
2025-02-03,2025-02-03 13:21:00,953.01,953.3,953.01,953.3,0.03,755.9,721611.21,1
2025-02-03,2025-02-03 13:22:00,953.3,953.6,953.3,953.6,0.03,755.9,721611.21,1
2025-02-03,2025-02-03 13:23:00,953.6,953.9,953.6,953.9,0.03,755.9,721611.21,1
2025-02-03,2025-02-03 13:24:00,953.9,954.2,953.9,954.2,0.03,755.9,721611.21,1
2025-02-03,2025-02-03 13:25:00,954.2,954.5,954.2,954.5,0.03,755.9,721611.21,1
2025-02-03,2025-02-03 13:26:00,954.5,954.79,954.5,954.79,0.03,755.9,721611.21,1
2025-02-03,2025-02-03 13:27:00,954.79,955.09,954.79,955.09,0.03,755.9,721611.21,1
2025-02-03,2025-02-03 13:28:00,955.09,955.39,955.09,955.39,0.03,755.9,721611.21,1
2025-02-03,2025-02-03 13:29:00,955.39,955.69,955.39,955.69,0.03,755.9,721611.21,1
2025-02-03,2025-02-03 13:30:00,955.69,955.99,955.69,955.99,0.03,755.9,721611.21,1
2025-02-03,2025-02-03 13:31:00,955.99,956.28,955.99,956.28,0.03,755.9,721611.21,1
2025-02-03,2025-02-03 13:32:00,956.28,956.58,956.28,956.58,0.03,755.9,721611.21,1
2025-02-03,2025-02-03 13:33:00,956.58,956.88,956.58,956.88,0.03,755.9,721611.21,1
2025-02-03,2025-02-03 13:34:00,956.88,957.18,956.88,957.18,0.03,755.9,721611.21,1
2025-02-03,2025-02-03 13:35:00,957.18,957.48,957.18,957.48,0.03,755.9,721611.21,1
2025-02-03,2025-02-03 13:36:00,957.48,957.77,957.48,957.77,0.03,755.9,721611.21,1
2025-02-03,2025-02-03 13:37:00,957.77,958.07,957.77,958.07,0.03,755.9,721611.21,1
2025-02-03,2025-02-03 13:38:00,958.07,958.37,958.07,958.37,0.03,755.9,721611.21,1
2025-02-03,2025-02-03 13:39:00,958.37,958.67,958.37,958.67,0.03,755.9,721611.21,1
2025-02-03,2025-02-03 13:40:00,958.67,958.96,958.67,958.96,0.03,755.9,721611.21,1
2025-02-03,2025-02-03 13:41:00,958.96,959.26,958.96,959.26,0.03,755.9,721611.21,1
2025-02-03,2025-02-03 13:42:00,959.26,959.56,959.26,959.56,0.03,755.9,721611.21,1
2025-02-03,2025-02-03 13:43:00,959.56,959.86,959.56,959.86,0.03,755.9,721611.21,1
2025-02-03,2025-02-03 13:44:00,959.86,960.16,959.86,960.16,0.03,755.9,721611.21,1
2025-02-03,2025-02-03 13:45:00,960.16,960.45,960.16,960.45,0.03,755.9,721611.21,1
2025-02-03,2025-02-03 13:46:00,960.45,960.75,960.45,960.75,0.03,755.9,721611.21,1
2025-02-03,2025-02-03 13:47:00,960.75,961.05,960.75,961.05,0.03,755.9,721611.21,1
2025-02-03,2025-02-03 13:48:00,961.05,961.35,961.05,961.35,0.03,755.9,721611.21,1
2025-02-03,2025-02-03 13:49:00,961.35,961.65,961.35,961.65,0.03,755.9,721611.21,1
2025-02-03,2025-02-03 13:50:00,961.65,961.94,961.65,961.94,0.03,755.9,721611.21,1
2025-02-03,2025-02-03 13:51:00,961.94,962.24,961.94,962.24,0.03,755.9,721611.21,1
2025-02-03,2025-02-03 13:52:00,962.24,962.54,962.24,962.54,0.03,755.9,721611.21,1
2025-02-03,2025-02-03 13:53:00,962.54,962.84,962.54,962.84,0.03,755.9,721611.21,1
2025-02-03,2025-02-03 13:54:00,962.84,963.14,962.84,963.14,0.03,755.9,721611.21,1
2025-02-03,2025-02-03 13:55:00,963.14,963.43,963.14,963.43,0.03,755.9,721611.21,1
2025-02-03,2025-02-03 13:56:00,963.43,963.73,963.43,963.73,0.03,755.9,721611.21,1
2025-02-03,2025-02-03 13:57:00,963.73,964.03,963.73,964.03,0.03,755.9,721611.21,1
2025-02-03,2025-02-03 13:58:00,964.03,964.33,964.03,964.33,0.03,755.9,721611.21,1
2025-02-03,2025-02-03 13:59:00,964.33,964.62,964.33,964.62,0.03,755.9,721611.21,1
2025-02-03,2025-02-03 14:00:00,964.62,964.92,964.62,964.92,0.03,755.9,721611.21,1
2025-02-03,2025-02-03 14:01:00,964.92,965.22,964.92,965.22,0.03,755.9,721611.21,1
2025-02-03,2025-02-03 14:02:00,965.22,965.52,965.22,965.52,0.03,755.9,721611.21,1
2025-02-03,2025-02-03 14:03:00,965.52,965.82,965.52,965.82,0.03,755.9,721611.21,1
2025-02-03,2025-02-03 14:04:00,965.82,966.11,965.82,966.11,0.03,755.9,721611.21,1
2025-02-03,2025-02-03 14:05:00,966.11,966.41,966.11,966.41,0.03,755.9,721611.21,1
2025-02-03,2025-02-03 14:06:00,966.41,966.71,966.41,966.71,0.03,755.9,721611.21,1
2025-02-03,2025-02-03 14:07:00,966.71,967.01,966.71,967.01,0.03,755.9,721611.21,1
2025-02-03,2025-02-03 14:08:00,967.01,967.31,967.01,967.31,0.03,755.9,721611.21,1
2025-02-03,2025-02-03 14:09:00,967.31,967.6,967.31,967.6,0.03,755.9,721611.21,1
2025-02-03,2025-02-03 14:10:00,967.6,967.9,967.6,967.9,0.03,755.9,721611.21,1
2025-02-03,2025-02-03 14:11:00,967.9,968.2,967.9,968.2,0.03,755.9,721611.21,1
2025-02-03,2025-02-03 14:12:00,968.2,968.5,968.2,968.5,0.03,755.9,721611.21,1
2025-02-03,2025-02-03 14:13:00,968.5,968.8,968.5,968.8,0.03,755.9,721611.21,1
2025-02-03,2025-02-03 14:14:00,968.8,969.09,968.8,969.09,0.03,755.9,721611.21,1
2025-02-03,2025-02-03 14:15:00,969.09,969.39,969.09,969.39,0.03,755.9,721611.21,1
2025-02-03,2025-02-03 14:16:00,969.39,969.69,969.39,969.69,0.03,755.9,721611.21,1
2025-02-03,2025-02-03 14:17:00,969.69,969.99,969.69,969.99,0.03,755.9,721611.21,1
2025-02-03,2025-02-03 14:18:00,969.99,970.29,969.99,970.29,0.03,755.9,721611.21,1
2025-02-03,2025-02-03 14:19:00,970.29,970.58,970.29,970.58,0.03,755.9,721611.21,1
2025-02-03,2025-02-03 14:20:00,970.58,970.88,970.58,970.88,0.03,755.9,721611.21,1
2025-02-03,2025-02-03 14:21:00,970.88,971.18,970.88,971.18,0.03,755.9,721611.21,1
2025-02-03,2025-02-03 14:22:00,971.18,971.48,971.18,971.48,0.03,755.9,721611.21,1
2025-02-03,2025-02-03 14:23:00,971.48,971.77,971.48,971.77,0.03,755.9,721611.21,1
2025-02-03,2025-02-03 14:24:00,971.77,972.07,971.77,972.07,0.03,755.9,721611.21,1
2025-02-03,2025-02-03 14:25:00,972.07,972.37,972.07,972.37,0.03,755.9,721611.21,1
2025-02-03,2025-02-03 14:26:00,972.37,972.67,972.37,972.67,0.03,755.9,721611.21,1
2025-02-03,2025-02-03 14:27:00,972.67,972.97,972.67,972.97,0.03,755.9,721611.21,1
2025-02-03,2025-02-03 14:28:00,972.97,973.26,972.97,973.26,0.03,755.9,721611.21,1
2025-02-03,2025-02-03 14:29:00,973.26,973.56,973.26,973.56,0.03,755.9,721611.21,1
2025-02-03,2025-02-03 14:30:00,973.56,973.86,973.56,973.86,0.03,755.9,721611.21,1
2025-02-03,2025-02-03 14:31:00,973.86,974.16,973.86,974.16,0.03,755.9,721611.21,1
2025-02-03,2025-02-03 14:32:00,974.16,974.46,974.16,974.46,0.03,755.9,721611.21,1
2025-02-03,2025-02-03 14:33:00,974.46,974.75,974.46,974.75,0.03,755.9,721611.21,1
2025-02-03,2025-02-03 14:34:00,974.75,975.05,974.75,975.05,0.03,755.9,721611.21,1
2025-02-03,2025-02-03 14:35:00,975.05,975.35,975.05,975.35,0.03,755.9,721611.21,1
2025-02-03,2025-02-03 14:36:00,975.35,975.65,975.35,975.65,0.03,755.9,721611.21,1
2025-02-03,2025-02-03 14:37:00,975.65,975.95,975.65,975.95,0.03,755.9,721611.21,1
2025-02-03,2025-02-03 14:38:00,975.95,976.24,975.95,976.24,0.03,755.9,721611.21,1
2025-02-03,2025-02-03 14:39:00,976.24,976.54,976.24,976.54,0.03,755.9,721611.21,1
2025-02-03,2025-02-03 14:40:00,976.54,976.84,976.54,976.84,0.03,755.9,721611.21,1
2025-02-03,2025-02-03 14:41:00,976.84,977.14,976.84,977.14,0.03,755.9,721611.21,1
2025-02-03,2025-02-03 14:42:00,977.14,977.44,977.14,977.44,0.03,755.9,721611.21,1
2025-02-03,2025-02-03 14:43:00,977.44,977.73,977.44,977.73,0.03,755.9,721611.21,1
2025-02-03,2025-02-03 14:44:00,977.73,978.03,977.73,978.03,0.03,755.9,721611.21,1
2025-02-03,2025-02-03 14:45:00,978.03,978.33,978.03,978.33,0.03,755.9,721611.21,1
2025-02-03,2025-02-03 14:46:00,978.33,978.63,978.33,978.63,0.03,755.9,721611.21,1
2025-02-03,2025-02-03 14:47:00,978.63,978.92,978.63,978.92,0.03,755.9,721611.21,1
2025-02-03,2025-02-03 14:48:00,978.92,979.22,978.92,979.22,0.03,755.9,721611.21,1
2025-02-03,2025-02-03 14:49:00,979.22,979.52,979.22,979.52,0.03,755.9,721611.21,1
2025-02-03,2025-02-03 14:50:00,979.52,979.82,979.52,979.82,0.03,755.9,721611.21,1
2025-02-03,2025-02-03 14:51:00,979.82,980.12,979.82,980.12,0.03,755.9,721611.21,1
2025-02-03,2025-02-03 14:52:00,980.12,980.41,980.12,980.41,0.03,755.9,721611.21,1
2025-02-03,2025-02-03 14:53:00,980.41,980.71,980.41,980.71,0.03,755.9,721611.21,1
2025-02-03,2025-02-03 14:54:00,980.71,981.01,980.71,981.01,0.03,755.9,721611.21,1
2025-02-03,2025-02-03 14:55:00,981.01,981.31,981.01,981.31,0.03,755.9,721611.21,1
2025-02-03,2025-02-03 14:56:00,981.31,981.61,981.31,981.61,0.03,755.9,721611.21,1
2025-02-03,2025-02-03 14:57:00,981.61,981.9,981.61,981.9,0.03,755.9,721611.21,1
2025-02-03,2025-02-03 14:58:00,981.9,982.2,981.9,982.2,0.03,755.9,721611.21,1
2025-02-03,2025-02-03 14:59:00,982.2,982.5,982.2,982.5,0.03,755.9,721611.21,1
2025-02-03,2025-02-03 15:00:00,982.5,982.5,911.0,982.5,0.0,755.9,721611.21,0
2025-02-04,2025-02-04 11:00:00,962.9,998.03,956.03,962.82,-0.01,433.86,425539.0,-1
2025-02-04,2025-02-04 11:01:00,962.82,962.82,962.73,962.73,-0.01,433.86,425539.0,-1
2025-02-04,2025-02-04 11:02:00,962.73,962.73,962.65,962.65,-0.01,433.86,425539.0,-1
2025-02-04,2025-02-04 11:03:00,962.65,962.65,962.57,962.57,-0.01,433.86,425539.0,-1
2025-02-04,2025-02-04 11:04:00,962.57,962.57,962.49,962.49,-0.01,433.86,425539.0,-1
2025-02-04,2025-02-04 11:05:00,962.49,962.49,962.4,962.4,-0.01,433.86,425539.0,-1
2025-02-04,2025-02-04 11:06:00,962.4,962.4,962.32,962.32,-0.01,433.86,425539.0,-1
2025-02-04,2025-02-04 11:07:00,962.32,962.32,962.24,962.24,-0.01,433.86,425539.0,-1
2025-02-04,2025-02-04 11:08:00,962.24,962.24,962.15,962.15,-0.01,433.86,425539.0,-1
2025-02-04,2025-02-04 11:09:00,962.15,962.15,962.07,962.07,-0.01,433.86,425539.0,-1
2025-02-04,2025-02-04 11:10:00,962.07,962.07,961.99,961.99,-0.01,433.86,425539.0,-1
2025-02-04,2025-02-04 11:11:00,961.99,961.99,961.9,961.9,-0.01,433.86,425539.0,-1
2025-02-04,2025-02-04 11:12:00,961.9,961.9,961.82,961.82,-0.01,433.86,425539.0,-1
2025-02-04,2025-02-04 11:13:00,961.82,961.82,961.74,961.74,-0.01,433.86,425539.0,-1
2025-02-04,2025-02-04 11:14:00,961.74,961.74,961.66,961.66,-0.01,433.86,425539.0,-1
2025-02-04,2025-02-04 11:15:00,961.66,961.66,961.57,961.57,-0.01,433.86,425539.0,-1
2025-02-04,2025-02-04 11:16:00,961.57,961.57,961.49,961.49,-0.01,433.86,425539.0,-1
2025-02-04,2025-02-04 11:17:00,961.49,961.49,961.41,961.41,-0.01,433.86,425539.0,-1
2025-02-04,2025-02-04 11:18:00,961.41,961.41,961.32,961.32,-0.01,433.86,425539.0,-1
2025-02-04,2025-02-04 11:19:00,961.32,961.32,961.24,961.24,-0.01,433.86,425539.0,-1
2025-02-04,2025-02-04 11:20:00,961.24,961.24,961.16,961.16,-0.01,433.86,425539.0,-1
2025-02-04,2025-02-04 11:21:00,961.16,961.16,961.08,961.08,-0.01,433.86,425539.0,-1
2025-02-04,2025-02-04 11:22:00,961.08,961.08,960.99,960.99,-0.01,433.86,425539.0,-1
2025-02-04,2025-02-04 11:23:00,960.99,960.99,960.91,960.91,-0.01,433.86,425539.0,-1
2025-02-04,2025-02-04 11:24:00,960.91,960.91,960.83,960.83,-0.01,433.86,425539.0,-1
2025-02-04,2025-02-04 11:25:00,960.83,960.83,960.74,960.74,-0.01,433.86,425539.0,-1
2025-02-04,2025-02-04 11:26:00,960.74,960.74,960.66,960.66,-0.01,433.86,425539.0,-1
2025-02-04,2025-02-04 11:27:00,960.66,960.66,960.58,960.58,-0.01,433.86,425539.0,-1
2025-02-04,2025-02-04 11:28:00,960.58,960.58,960.5,960.5,-0.01,433.86,425539.0,-1
2025-02-04,2025-02-04 11:29:00,960.5,960.5,960.41,960.41,-0.01,433.86,425539.0,-1
2025-02-04,2025-02-04 11:30:00,960.41,960.41,960.33,960.33,-0.01,433.86,425539.0,-1
2025-02-04,2025-02-04 11:31:00,960.33,960.33,960.25,960.25,-0.01,433.86,425539.0,-1
2025-02-04,2025-02-04 11:32:00,960.25,960.25,960.16,960.16,-0.01,433.86,425539.0,-1
2025-02-04,2025-02-04 11:33:00,960.16,960.16,960.08,960.08,-0.01,433.86,425539.0,-1
2025-02-04,2025-02-04 11:34:00,960.08,960.08,960.0,960.0,-0.01,433.86,425539.0,-1
2025-02-04,2025-02-04 11:35:00,960.0,960.0,959.91,959.91,-0.01,433.86,425539.0,-1
2025-02-04,2025-02-04 11:36:00,959.91,959.91,959.83,959.83,-0.01,433.86,425539.0,-1
2025-02-04,2025-02-04 11:37:00,959.83,959.83,959.75,959.75,-0.01,433.86,425539.0,-1
2025-02-04,2025-02-04 11:38:00,959.75,959.75,959.67,959.67,-0.01,433.86,425539.0,-1
2025-02-04,2025-02-04 11:39:00,959.67,959.67,959.58,959.58,-0.01,433.86,425539.0,-1
2025-02-04,2025-02-04 11:40:00,959.58,959.58,959.5,959.5,-0.01,433.86,425539.0,-1
2025-02-04,2025-02-04 11:41:00,959.5,959.5,959.42,959.42,-0.01,433.86,425539.0,-1
2025-02-04,2025-02-04 11:42:00,959.42,959.42,959.33,959.33,-0.01,433.86,425539.0,-1
2025-02-04,2025-02-04 11:43:00,959.33,959.33,959.25,959.25,-0.01,433.86,425539.0,-1
2025-02-04,2025-02-04 11:44:00,959.25,959.25,959.17,959.17,-0.01,433.86,425539.0,-1
2025-02-04,2025-02-04 11:45:00,959.17,959.17,959.09,959.09,-0.01,433.86,425539.0,-1
2025-02-04,2025-02-04 11:46:00,959.09,959.09,959.0,959.0,-0.01,433.86,425539.0,-1
2025-02-04,2025-02-04 11:47:00,959.0,959.0,958.92,958.92,-0.01,433.86,425539.0,-1
2025-02-04,2025-02-04 11:48:00,958.92,958.92,958.84,958.84,-0.01,433.86,425539.0,-1
2025-02-04,2025-02-04 11:49:00,958.84,958.84,958.75,958.75,-0.01,433.86,425539.0,-1
2025-02-04,2025-02-04 11:50:00,958.75,958.75,958.67,958.67,-0.01,433.86,425539.0,-1
2025-02-04,2025-02-04 11:51:00,958.67,958.67,958.59,958.59,-0.01,433.86,425539.0,-1
2025-02-04,2025-02-04 11:52:00,958.59,958.59,958.51,958.51,-0.01,433.86,425539.0,-1
2025-02-04,2025-02-04 11:53:00,958.51,958.51,958.42,958.42,-0.01,433.86,425539.0,-1
2025-02-04,2025-02-04 11:54:00,958.42,958.42,958.34,958.34,-0.01,433.86,425539.0,-1
2025-02-04,2025-02-04 11:55:00,958.34,958.34,958.26,958.26,-0.01,433.86,425539.0,-1
2025-02-04,2025-02-04 11:56:00,958.26,958.26,958.17,958.17,-0.01,433.86,425539.0,-1
2025-02-04,2025-02-04 11:57:00,958.17,958.17,958.09,958.09,-0.01,433.86,425539.0,-1
2025-02-04,2025-02-04 11:58:00,958.09,958.09,958.01,958.01,-0.01,433.86,425539.0,-1
2025-02-04,2025-02-04 11:59:00,958.01,958.01,957.92,957.92,-0.01,433.86,425539.0,-1
2025-02-04,2025-02-04 12:00:00,957.92,957.92,957.84,957.84,-0.01,433.86,425539.0,-1
2025-02-04,2025-02-04 12:01:00,957.84,957.84,957.76,957.76,-0.01,433.86,425539.0,-1
2025-02-04,2025-02-04 12:02:00,957.76,957.76,957.68,957.68,-0.01,433.86,425539.0,-1
2025-02-04,2025-02-04 12:03:00,957.68,957.68,957.59,957.59,-0.01,433.86,425539.0,-1
2025-02-04,2025-02-04 12:04:00,957.59,957.59,957.51,957.51,-0.01,433.86,425539.0,-1
2025-02-04,2025-02-04 12:05:00,957.51,957.51,957.43,957.43,-0.01,433.86,425539.0,-1
2025-02-04,2025-02-04 12:06:00,957.43,957.43,957.34,957.34,-0.01,433.86,425539.0,-1
2025-02-04,2025-02-04 12:07:00,957.34,957.34,957.26,957.26,-0.01,433.86,425539.0,-1
2025-02-04,2025-02-04 12:08:00,957.26,957.26,957.18,957.18,-0.01,433.86,425539.0,-1
2025-02-04,2025-02-04 12:09:00,957.18,957.18,957.1,957.1,-0.01,433.86,425539.0,-1
2025-02-04,2025-02-04 12:10:00,957.1,957.1,957.01,957.01,-0.01,433.86,425539.0,-1
2025-02-04,2025-02-04 12:11:00,957.01,957.01,956.93,956.93,-0.01,433.86,425539.0,-1
2025-02-04,2025-02-04 12:12:00,956.93,956.93,956.85,956.85,-0.01,433.86,425539.0,-1
2025-02-04,2025-02-04 12:13:00,956.85,956.85,956.76,956.76,-0.01,433.86,425539.0,-1
2025-02-04,2025-02-04 12:14:00,956.76,956.76,956.68,956.68,-0.01,433.86,425539.0,-1
2025-02-04,2025-02-04 12:15:00,956.68,956.68,956.6,956.6,-0.01,433.86,425539.0,-1
2025-02-04,2025-02-04 12:16:00,956.6,956.6,956.52,956.52,-0.01,433.86,425539.0,-1
2025-02-04,2025-02-04 12:17:00,956.52,956.52,956.43,956.43,-0.01,433.86,425539.0,-1
2025-02-04,2025-02-04 12:18:00,956.43,956.43,956.35,956.35,-0.01,433.86,425539.0,-1
2025-02-04,2025-02-04 12:19:00,956.35,956.35,956.27,956.27,-0.01,433.86,425539.0,-1
2025-02-04,2025-02-04 12:20:00,956.27,956.27,956.18,956.18,-0.01,433.86,425539.0,-1
2025-02-04,2025-02-04 12:21:00,956.18,956.18,956.1,956.1,-0.01,433.86,425539.0,-1
2025-02-04,2025-02-04 12:22:00,956.1,956.1,956.02,956.02,-0.01,433.86,425539.0,-1
2025-02-04,2025-02-04 12:23:00,956.02,956.02,955.93,955.93,-0.01,433.86,425539.0,-1
2025-02-04,2025-02-04 12:24:00,955.93,955.93,955.85,955.85,-0.01,433.86,425539.0,-1
2025-02-04,2025-02-04 12:25:00,955.85,955.85,955.77,955.77,-0.01,433.86,425539.0,-1
2025-02-04,2025-02-04 12:26:00,955.77,955.77,955.69,955.69,-0.01,433.86,425539.0,-1
2025-02-04,2025-02-04 12:27:00,955.69,955.69,955.6,955.6,-0.01,433.86,425539.0,-1
2025-02-04,2025-02-04 12:28:00,955.6,955.6,955.52,955.52,-0.01,433.86,425539.0,-1
2025-02-04,2025-02-04 12:29:00,955.52,955.52,955.44,955.44,-0.01,433.86,425539.0,-1
2025-02-04,2025-02-04 12:30:00,955.44,955.44,955.35,955.35,-0.01,433.86,425539.0,-1
2025-02-04,2025-02-04 12:31:00,955.35,955.35,955.27,955.27,-0.01,433.86,425539.0,-1
2025-02-04,2025-02-04 12:32:00,955.27,955.27,955.19,955.19,-0.01,433.86,425539.0,-1
2025-02-04,2025-02-04 12:33:00,955.19,955.19,955.11,955.11,-0.01,433.86,425539.0,-1
2025-02-04,2025-02-04 12:34:00,955.11,955.11,955.02,955.02,-0.01,433.86,425539.0,-1
2025-02-04,2025-02-04 12:35:00,955.02,955.02,954.94,954.94,-0.01,433.86,425539.0,-1
2025-02-04,2025-02-04 12:36:00,954.94,954.94,954.86,954.86,-0.01,433.86,425539.0,-1
2025-02-04,2025-02-04 12:37:00,954.86,954.86,954.77,954.77,-0.01,433.86,425539.0,-1
2025-02-04,2025-02-04 12:38:00,954.77,954.77,954.69,954.69,-0.01,433.86,425539.0,-1
2025-02-04,2025-02-04 12:39:00,954.69,954.69,954.61,954.61,-0.01,433.86,425539.0,-1
2025-02-04,2025-02-04 12:40:00,954.61,954.61,954.53,954.53,-0.01,433.86,425539.0,-1
2025-02-04,2025-02-04 12:41:00,954.53,954.53,954.44,954.44,-0.01,433.86,425539.0,-1
2025-02-04,2025-02-04 12:42:00,954.44,954.44,954.36,954.36,-0.01,433.86,425539.0,-1
2025-02-04,2025-02-04 12:43:00,954.36,954.36,954.28,954.28,-0.01,433.86,425539.0,-1
2025-02-04,2025-02-04 12:44:00,954.28,954.28,954.19,954.19,-0.01,433.86,425539.0,-1
2025-02-04,2025-02-04 12:45:00,954.19,954.19,954.11,954.11,-0.01,433.86,425539.0,-1
2025-02-04,2025-02-04 12:46:00,954.11,954.11,954.03,954.03,-0.01,433.86,425539.0,-1
2025-02-04,2025-02-04 12:47:00,954.03,954.03,953.94,953.94,-0.01,433.86,425539.0,-1
2025-02-04,2025-02-04 12:48:00,953.94,953.94,953.86,953.86,-0.01,433.86,425539.0,-1
2025-02-04,2025-02-04 12:49:00,953.86,953.86,953.78,953.78,-0.01,433.86,425539.0,-1
2025-02-04,2025-02-04 12:50:00,953.78,953.78,953.7,953.7,-0.01,433.86,425539.0,-1
2025-02-04,2025-02-04 12:51:00,953.7,953.7,953.61,953.61,-0.01,433.86,425539.0,-1
2025-02-04,2025-02-04 12:52:00,953.61,953.61,953.53,953.53,-0.01,433.86,425539.0,-1
2025-02-04,2025-02-04 12:53:00,953.53,953.53,953.45,953.45,-0.01,433.86,425539.0,-1
2025-02-04,2025-02-04 12:54:00,953.45,953.45,953.36,953.36,-0.01,433.86,425539.0,-1
2025-02-04,2025-02-04 12:55:00,953.36,953.36,953.28,953.28,-0.01,433.86,425539.0,-1
2025-02-04,2025-02-04 12:56:00,953.28,953.28,953.2,953.2,-0.01,433.86,425539.0,-1
2025-02-04,2025-02-04 12:57:00,953.2,953.2,953.12,953.12,-0.01,433.86,425539.0,-1
2025-02-04,2025-02-04 12:58:00,953.12,953.12,953.03,953.03,-0.01,433.86,425539.0,-1
2025-02-04,2025-02-04 12:59:00,953.03,953.03,952.95,952.95,-0.01,433.86,425539.0,-1
2025-02-04,2025-02-04 13:00:00,952.95,1080.0,940.0,952.87,-0.01,433.86,425539.0,-1
2025-02-04,2025-02-04 13:01:00,952.87,952.87,952.78,952.78,-0.01,433.86,425539.0,-1
2025-02-04,2025-02-04 13:02:00,952.78,952.78,952.7,952.7,-0.01,433.86,425539.0,-1
2025-02-04,2025-02-04 13:03:00,952.7,952.7,952.62,952.62,-0.01,433.86,425539.0,-1
2025-02-04,2025-02-04 13:04:00,952.62,952.62,952.54,952.54,-0.01,433.86,425539.0,-1
2025-02-04,2025-02-04 13:05:00,952.54,952.54,952.45,952.45,-0.01,433.86,425539.0,-1
2025-02-04,2025-02-04 13:06:00,952.45,952.45,952.37,952.37,-0.01,433.86,425539.0,-1
2025-02-04,2025-02-04 13:07:00,952.37,952.37,952.29,952.29,-0.01,433.86,425539.0,-1
2025-02-04,2025-02-04 13:08:00,952.29,952.29,952.2,952.2,-0.01,433.86,425539.0,-1
2025-02-04,2025-02-04 13:09:00,952.2,952.2,952.12,952.12,-0.01,433.86,425539.0,-1
2025-02-04,2025-02-04 13:10:00,952.12,952.12,952.04,952.04,-0.01,433.86,425539.0,-1
2025-02-04,2025-02-04 13:11:00,952.04,952.04,951.96,951.96,-0.01,433.86,425539.0,-1
2025-02-04,2025-02-04 13:12:00,951.96,951.96,951.87,951.87,-0.01,433.86,425539.0,-1
2025-02-04,2025-02-04 13:13:00,951.87,951.87,951.79,951.79,-0.01,433.86,425539.0,-1
2025-02-04,2025-02-04 13:14:00,951.79,951.79,951.71,951.71,-0.01,433.86,425539.0,-1
2025-02-04,2025-02-04 13:15:00,951.71,951.71,951.62,951.62,-0.01,433.86,425539.0,-1
2025-02-04,2025-02-04 13:16:00,951.62,951.62,951.54,951.54,-0.01,433.86,425539.0,-1
2025-02-04,2025-02-04 13:17:00,951.54,951.54,951.46,951.46,-0.01,433.86,425539.0,-1
2025-02-04,2025-02-04 13:18:00,951.46,951.46,951.37,951.37,-0.01,433.86,425539.0,-1
2025-02-04,2025-02-04 13:19:00,951.37,951.37,951.29,951.29,-0.01,433.86,425539.0,-1
2025-02-04,2025-02-04 13:20:00,951.29,951.29,951.21,951.21,-0.01,433.86,425539.0,-1
2025-02-04,2025-02-04 13:21:00,951.21,951.21,951.13,951.13,-0.01,433.86,425539.0,-1
2025-02-04,2025-02-04 13:22:00,951.13,951.13,951.04,951.04,-0.01,433.86,425539.0,-1
2025-02-04,2025-02-04 13:23:00,951.04,951.04,950.96,950.96,-0.01,433.86,425539.0,-1
2025-02-04,2025-02-04 13:24:00,950.96,950.96,950.88,950.88,-0.01,433.86,425539.0,-1
2025-02-04,2025-02-04 13:25:00,950.88,950.88,950.79,950.79,-0.01,433.86,425539.0,-1
2025-02-04,2025-02-04 13:26:00,950.79,950.79,950.71,950.71,-0.01,433.86,425539.0,-1
2025-02-04,2025-02-04 13:27:00,950.71,950.71,950.63,950.63,-0.01,433.86,425539.0,-1
2025-02-04,2025-02-04 13:28:00,950.63,950.63,950.55,950.55,-0.01,433.86,425539.0,-1
2025-02-04,2025-02-04 13:29:00,950.55,950.55,950.46,950.46,-0.01,433.86,425539.0,-1
2025-02-04,2025-02-04 13:30:00,950.46,950.46,950.38,950.38,-0.01,433.86,425539.0,-1
2025-02-04,2025-02-04 13:31:00,950.38,950.38,950.3,950.3,-0.01,433.86,425539.0,-1
2025-02-04,2025-02-04 13:32:00,950.3,950.3,950.21,950.21,-0.01,433.86,425539.0,-1
2025-02-04,2025-02-04 13:33:00,950.21,950.21,950.13,950.13,-0.01,433.86,425539.0,-1
2025-02-04,2025-02-04 13:34:00,950.13,950.13,950.05,950.05,-0.01,433.86,425539.0,-1
2025-02-04,2025-02-04 13:35:00,950.05,950.05,949.97,949.97,-0.01,433.86,425539.0,-1
2025-02-04,2025-02-04 13:36:00,949.97,949.97,949.88,949.88,-0.01,433.86,425539.0,-1
2025-02-04,2025-02-04 13:37:00,949.88,949.88,949.8,949.8,-0.01,433.86,425539.0,-1
2025-02-04,2025-02-04 13:38:00,949.8,949.8,949.72,949.72,-0.01,433.86,425539.0,-1
2025-02-04,2025-02-04 13:39:00,949.72,949.72,949.63,949.63,-0.01,433.86,425539.0,-1
2025-02-04,2025-02-04 13:40:00,949.63,949.63,949.55,949.55,-0.01,433.86,425539.0,-1
2025-02-04,2025-02-04 13:41:00,949.55,949.55,949.47,949.47,-0.01,433.86,425539.0,-1
2025-02-04,2025-02-04 13:42:00,949.47,949.47,949.38,949.38,-0.01,433.86,425539.0,-1
2025-02-04,2025-02-04 13:43:00,949.38,949.38,949.3,949.3,-0.01,433.86,425539.0,-1
2025-02-04,2025-02-04 13:44:00,949.3,949.3,949.22,949.22,-0.01,433.86,425539.0,-1
2025-02-04,2025-02-04 13:45:00,949.22,949.22,949.14,949.14,-0.01,433.86,425539.0,-1
2025-02-04,2025-02-04 13:46:00,949.14,949.14,949.05,949.05,-0.01,433.86,425539.0,-1
2025-02-04,2025-02-04 13:47:00,949.05,949.05,948.97,948.97,-0.01,433.86,425539.0,-1
2025-02-04,2025-02-04 13:48:00,948.97,948.97,948.89,948.89,-0.01,433.86,425539.0,-1
2025-02-04,2025-02-04 13:49:00,948.89,948.89,948.8,948.8,-0.01,433.86,425539.0,-1
2025-02-04,2025-02-04 13:50:00,948.8,948.8,948.72,948.72,-0.01,433.86,425539.0,-1
2025-02-04,2025-02-04 13:51:00,948.72,948.72,948.64,948.64,-0.01,433.86,425539.0,-1
2025-02-04,2025-02-04 13:52:00,948.64,948.64,948.56,948.56,-0.01,433.86,425539.0,-1
2025-02-04,2025-02-04 13:53:00,948.56,948.56,948.47,948.47,-0.01,433.86,425539.0,-1
2025-02-04,2025-02-04 13:54:00,948.47,948.47,948.39,948.39,-0.01,433.86,425539.0,-1
2025-02-04,2025-02-04 13:55:00,948.39,948.39,948.31,948.31,-0.01,433.86,425539.0,-1
2025-02-04,2025-02-04 13:56:00,948.31,948.31,948.22,948.22,-0.01,433.86,425539.0,-1
2025-02-04,2025-02-04 13:57:00,948.22,948.22,948.14,948.14,-0.01,433.86,425539.0,-1
2025-02-04,2025-02-04 13:58:00,948.14,948.14,948.06,948.06,-0.01,433.86,425539.0,-1
2025-02-04,2025-02-04 13:59:00,948.06,948.06,947.98,947.98,-0.01,433.86,425539.0,-1
2025-02-04,2025-02-04 14:00:00,947.98,947.98,947.89,947.89,-0.01,433.86,425539.0,-1
2025-02-04,2025-02-04 14:01:00,947.89,947.89,947.81,947.81,-0.01,433.86,425539.0,-1
2025-02-04,2025-02-04 14:02:00,947.81,947.81,947.73,947.73,-0.01,433.86,425539.0,-1
2025-02-04,2025-02-04 14:03:00,947.73,947.73,947.64,947.64,-0.01,433.86,425539.0,-1
2025-02-04,2025-02-04 14:04:00,947.64,947.64,947.56,947.56,-0.01,433.86,425539.0,-1
2025-02-04,2025-02-04 14:05:00,947.56,947.56,947.48,947.48,-0.01,433.86,425539.0,-1
2025-02-04,2025-02-04 14:06:00,947.48,947.48,947.39,947.39,-0.01,433.86,425539.0,-1
2025-02-04,2025-02-04 14:07:00,947.39,947.39,947.31,947.31,-0.01,433.86,425539.0,-1
2025-02-04,2025-02-04 14:08:00,947.31,947.31,947.23,947.23,-0.01,433.86,425539.0,-1
2025-02-04,2025-02-04 14:09:00,947.23,947.23,947.15,947.15,-0.01,433.86,425539.0,-1
2025-02-04,2025-02-04 14:10:00,947.15,947.15,947.06,947.06,-0.01,433.86,425539.0,-1
2025-02-04,2025-02-04 14:11:00,947.06,947.06,946.98,946.98,-0.01,433.86,425539.0,-1
2025-02-04,2025-02-04 14:12:00,946.98,946.98,946.9,946.9,-0.01,433.86,425539.0,-1
2025-02-04,2025-02-04 14:13:00,946.9,946.9,946.81,946.81,-0.01,433.86,425539.0,-1
2025-02-04,2025-02-04 14:14:00,946.81,946.81,946.73,946.73,-0.01,433.86,425539.0,-1
2025-02-04,2025-02-04 14:15:00,946.73,946.73,946.65,946.65,-0.01,433.86,425539.0,-1
2025-02-04,2025-02-04 14:16:00,946.65,946.65,946.57,946.57,-0.01,433.86,425539.0,-1
2025-02-04,2025-02-04 14:17:00,946.57,946.57,946.48,946.48,-0.01,433.86,425539.0,-1
2025-02-04,2025-02-04 14:18:00,946.48,946.48,946.4,946.4,-0.01,433.86,425539.0,-1
2025-02-04,2025-02-04 14:19:00,946.4,946.4,946.32,946.32,-0.01,433.86,425539.0,-1
2025-02-04,2025-02-04 14:20:00,946.32,946.32,946.23,946.23,-0.01,433.86,425539.0,-1
2025-02-04,2025-02-04 14:21:00,946.23,946.23,946.15,946.15,-0.01,433.86,425539.0,-1
2025-02-04,2025-02-04 14:22:00,946.15,946.15,946.07,946.07,-0.01,433.86,425539.0,-1
2025-02-04,2025-02-04 14:23:00,946.07,946.07,945.99,945.99,-0.01,433.86,425539.0,-1
2025-02-04,2025-02-04 14:24:00,945.99,945.99,945.9,945.9,-0.01,433.86,425539.0,-1
2025-02-04,2025-02-04 14:25:00,945.9,945.9,945.82,945.82,-0.01,433.86,425539.0,-1
2025-02-04,2025-02-04 14:26:00,945.82,945.82,945.74,945.74,-0.01,433.86,425539.0,-1
2025-02-04,2025-02-04 14:27:00,945.74,945.74,945.65,945.65,-0.01,433.86,425539.0,-1
2025-02-04,2025-02-04 14:28:00,945.65,945.65,945.57,945.57,-0.01,433.86,425539.0,-1
2025-02-04,2025-02-04 14:29:00,945.57,945.57,945.49,945.49,-0.01,433.86,425539.0,-1
2025-02-04,2025-02-04 14:30:00,945.49,945.49,945.4,945.4,-0.01,433.86,425539.0,-1
2025-02-04,2025-02-04 14:31:00,945.4,945.4,945.32,945.32,-0.01,433.86,425539.0,-1
2025-02-04,2025-02-04 14:32:00,945.32,945.32,945.24,945.24,-0.01,433.86,425539.0,-1
2025-02-04,2025-02-04 14:33:00,945.24,945.24,945.16,945.16,-0.01,433.86,425539.0,-1
2025-02-04,2025-02-04 14:34:00,945.16,945.16,945.07,945.07,-0.01,433.86,425539.0,-1
2025-02-04,2025-02-04 14:35:00,945.07,945.07,944.99,944.99,-0.01,433.86,425539.0,-1
2025-02-04,2025-02-04 14:36:00,944.99,944.99,944.91,944.91,-0.01,433.86,425539.0,-1
2025-02-04,2025-02-04 14:37:00,944.91,944.91,944.82,944.82,-0.01,433.86,425539.0,-1
2025-02-04,2025-02-04 14:38:00,944.82,944.82,944.74,944.74,-0.01,433.86,425539.0,-1
2025-02-04,2025-02-04 14:39:00,944.74,944.74,944.66,944.66,-0.01,433.86,425539.0,-1
2025-02-04,2025-02-04 14:40:00,944.66,944.66,944.58,944.58,-0.01,433.86,425539.0,-1
2025-02-04,2025-02-04 14:41:00,944.58,944.58,944.49,944.49,-0.01,433.86,425539.0,-1
2025-02-04,2025-02-04 14:42:00,944.49,944.49,944.41,944.41,-0.01,433.86,425539.0,-1
2025-02-04,2025-02-04 14:43:00,944.41,944.41,944.33,944.33,-0.01,433.86,425539.0,-1
2025-02-04,2025-02-04 14:44:00,944.33,944.33,944.24,944.24,-0.01,433.86,425539.0,-1
2025-02-04,2025-02-04 14:45:00,944.24,944.24,944.16,944.16,-0.01,433.86,425539.0,-1
2025-02-04,2025-02-04 14:46:00,944.16,944.16,944.08,944.08,-0.01,433.86,425539.0,-1
2025-02-04,2025-02-04 14:47:00,944.08,944.08,944.0,944.0,-0.01,433.86,425539.0,-1
2025-02-04,2025-02-04 14:48:00,944.0,944.0,943.91,943.91,-0.01,433.86,425539.0,-1
2025-02-04,2025-02-04 14:49:00,943.91,943.91,943.83,943.83,-0.01,433.86,425539.0,-1
2025-02-04,2025-02-04 14:50:00,943.83,943.83,943.75,943.75,-0.01,433.86,425539.0,-1
2025-02-04,2025-02-04 14:51:00,943.75,943.75,943.66,943.66,-0.01,433.86,425539.0,-1
2025-02-04,2025-02-04 14:52:00,943.66,943.66,943.58,943.58,-0.01,433.86,425539.0,-1
2025-02-04,2025-02-04 14:53:00,943.58,943.58,943.5,943.5,-0.01,433.86,425539.0,-1
2025-02-04,2025-02-04 14:54:00,943.5,943.5,943.41,943.41,-0.01,433.86,425539.0,-1
2025-02-04,2025-02-04 14:55:00,943.41,943.41,943.33,943.33,-0.01,433.86,425539.0,-1
2025-02-04,2025-02-04 14:56:00,943.33,943.33,943.25,943.25,-0.01,433.86,425539.0,-1
2025-02-04,2025-02-04 14:57:00,943.25,943.25,943.17,943.17,-0.01,433.86,425539.0,-1
2025-02-04,2025-02-04 14:58:00,943.17,943.17,943.08,943.08,-0.01,433.86,425539.0,-1
2025-02-04,2025-02-04 14:59:00,943.08,943.08,943.0,943.0,-0.01,433.86,425539.0,-1
2025-02-04,2025-02-04 15:00:00,943.0,1080.0,940.0,943.0,0.0,433.86,425539.0,0
2025-02-05,2025-02-05 11:00:00,955.0,976.9,940.18,955.3,0.03,420.38,402038.06,1
2025-02-05,2025-02-05 11:01:00,955.3,955.61,955.3,955.61,0.03,420.38,402038.06,1
2025-02-05,2025-02-05 11:02:00,955.61,955.91,955.61,955.91,0.03,420.38,402038.06,1
2025-02-05,2025-02-05 11:03:00,955.91,956.22,955.91,956.22,0.03,420.38,402038.06,1
2025-02-05,2025-02-05 11:04:00,956.22,956.52,956.22,956.52,0.03,420.38,402038.06,1
2025-02-05,2025-02-05 11:05:00,956.52,956.83,956.52,956.83,0.03,420.38,402038.06,1
2025-02-05,2025-02-05 11:06:00,956.83,957.13,956.83,957.13,0.03,420.38,402038.06,1
2025-02-05,2025-02-05 11:07:00,957.13,957.43,957.13,957.43,0.03,420.38,402038.06,1
2025-02-05,2025-02-05 11:08:00,957.43,957.74,957.43,957.74,0.03,420.38,402038.06,1
2025-02-05,2025-02-05 11:09:00,957.74,958.04,957.74,958.04,0.03,420.38,402038.06,1
2025-02-05,2025-02-05 11:10:00,958.04,958.35,958.04,958.35,0.03,420.38,402038.06,1
2025-02-05,2025-02-05 11:11:00,958.35,958.65,958.35,958.65,0.03,420.38,402038.06,1
2025-02-05,2025-02-05 11:12:00,958.65,958.95,958.65,958.95,0.03,420.38,402038.06,1
2025-02-05,2025-02-05 11:13:00,958.95,959.26,958.95,959.26,0.03,420.38,402038.06,1
2025-02-05,2025-02-05 11:14:00,959.26,959.56,959.26,959.56,0.03,420.38,402038.06,1
2025-02-05,2025-02-05 11:15:00,959.56,959.87,959.56,959.87,0.03,420.38,402038.06,1
2025-02-05,2025-02-05 11:16:00,959.87,960.17,959.87,960.17,0.03,420.38,402038.06,1
2025-02-05,2025-02-05 11:17:00,960.17,960.48,960.17,960.48,0.03,420.38,402038.06,1
2025-02-05,2025-02-05 11:18:00,960.48,960.78,960.48,960.78,0.03,420.38,402038.06,1
2025-02-05,2025-02-05 11:19:00,960.78,961.08,960.78,961.08,0.03,420.38,402038.06,1
2025-02-05,2025-02-05 11:20:00,961.08,961.39,961.08,961.39,0.03,420.38,402038.06,1
2025-02-05,2025-02-05 11:21:00,961.39,961.69,961.39,961.69,0.03,420.38,402038.06,1
2025-02-05,2025-02-05 11:22:00,961.69,962.0,961.69,962.0,0.03,420.38,402038.06,1
2025-02-05,2025-02-05 11:23:00,962.0,962.3,962.0,962.3,0.03,420.38,402038.06,1
2025-02-05,2025-02-05 11:24:00,962.3,962.6,962.3,962.6,0.03,420.38,402038.06,1
2025-02-05,2025-02-05 11:25:00,962.6,962.91,962.6,962.91,0.03,420.38,402038.06,1
2025-02-05,2025-02-05 11:26:00,962.91,963.21,962.91,963.21,0.03,420.38,402038.06,1
2025-02-05,2025-02-05 11:27:00,963.21,963.52,963.21,963.52,0.03,420.38,402038.06,1
2025-02-05,2025-02-05 11:28:00,963.52,963.82,963.52,963.82,0.03,420.38,402038.06,1
2025-02-05,2025-02-05 11:29:00,963.82,964.12,963.82,964.12,0.03,420.38,402038.06,1
2025-02-05,2025-02-05 11:30:00,964.12,964.43,964.12,964.43,0.03,420.38,402038.06,1
2025-02-05,2025-02-05 11:31:00,964.43,964.73,964.43,964.73,0.03,420.38,402038.06,1
2025-02-05,2025-02-05 11:32:00,964.73,965.04,964.73,965.04,0.03,420.38,402038.06,1
2025-02-05,2025-02-05 11:33:00,965.04,965.34,965.04,965.34,0.03,420.38,402038.06,1
2025-02-05,2025-02-05 11:34:00,965.34,965.65,965.34,965.65,0.03,420.38,402038.06,1
2025-02-05,2025-02-05 11:35:00,965.65,965.95,965.65,965.95,0.03,420.38,402038.06,1
2025-02-05,2025-02-05 11:36:00,965.95,966.25,965.95,966.25,0.03,420.38,402038.06,1
2025-02-05,2025-02-05 11:37:00,966.25,966.56,966.25,966.56,0.03,420.38,402038.06,1
2025-02-05,2025-02-05 11:38:00,966.56,966.86,966.56,966.86,0.03,420.38,402038.06,1
2025-02-05,2025-02-05 11:39:00,966.86,967.17,966.86,967.17,0.03,420.38,402038.06,1
2025-02-05,2025-02-05 11:40:00,967.17,967.47,967.17,967.47,0.03,420.38,402038.06,1
2025-02-05,2025-02-05 11:41:00,967.47,967.77,967.47,967.77,0.03,420.38,402038.06,1
2025-02-05,2025-02-05 11:42:00,967.77,968.08,967.77,968.08,0.03,420.38,402038.06,1
2025-02-05,2025-02-05 11:43:00,968.08,968.38,968.08,968.38,0.03,420.38,402038.06,1
2025-02-05,2025-02-05 11:44:00,968.38,968.69,968.38,968.69,0.03,420.38,402038.06,1
2025-02-05,2025-02-05 11:45:00,968.69,968.99,968.69,968.99,0.03,420.38,402038.06,1
2025-02-05,2025-02-05 11:46:00,968.99,969.3,968.99,969.3,0.03,420.38,402038.06,1
2025-02-05,2025-02-05 11:47:00,969.3,969.6,969.3,969.6,0.03,420.38,402038.06,1
2025-02-05,2025-02-05 11:48:00,969.6,969.9,969.6,969.9,0.03,420.38,402038.06,1
2025-02-05,2025-02-05 11:49:00,969.9,970.21,969.9,970.21,0.03,420.38,402038.06,1
2025-02-05,2025-02-05 11:50:00,970.21,970.51,970.21,970.51,0.03,420.38,402038.06,1
2025-02-05,2025-02-05 11:51:00,970.51,970.82,970.51,970.82,0.03,420.38,402038.06,1
2025-02-05,2025-02-05 11:52:00,970.82,971.12,970.82,971.12,0.03,420.38,402038.06,1
2025-02-05,2025-02-05 11:53:00,971.12,971.42,971.12,971.42,0.03,420.38,402038.06,1
2025-02-05,2025-02-05 11:54:00,971.42,971.73,971.42,971.73,0.03,420.38,402038.06,1
2025-02-05,2025-02-05 11:55:00,971.73,972.03,971.73,972.03,0.03,420.38,402038.06,1
2025-02-05,2025-02-05 11:56:00,972.03,972.34,972.03,972.34,0.03,420.38,402038.06,1
2025-02-05,2025-02-05 11:57:00,972.34,972.64,972.34,972.64,0.03,420.38,402038.06,1
2025-02-05,2025-02-05 11:58:00,972.64,972.95,972.64,972.95,0.03,420.38,402038.06,1
2025-02-05,2025-02-05 11:59:00,972.95,973.25,972.95,973.25,0.03,420.38,402038.06,1
2025-02-05,2025-02-05 12:00:00,973.25,973.55,973.25,973.55,0.03,420.38,402038.06,1
2025-02-05,2025-02-05 12:01:00,973.55,973.86,973.55,973.86,0.03,420.38,402038.06,1
2025-02-05,2025-02-05 12:02:00,973.86,974.16,973.86,974.16,0.03,420.38,402038.06,1
2025-02-05,2025-02-05 12:03:00,974.16,974.47,974.16,974.47,0.03,420.38,402038.06,1
2025-02-05,2025-02-05 12:04:00,974.47,974.77,974.47,974.77,0.03,420.38,402038.06,1
2025-02-05,2025-02-05 12:05:00,974.77,975.08,974.77,975.08,0.03,420.38,402038.06,1
2025-02-05,2025-02-05 12:06:00,975.08,975.38,975.08,975.38,0.03,420.38,402038.06,1
2025-02-05,2025-02-05 12:07:00,975.38,975.68,975.38,975.68,0.03,420.38,402038.06,1
2025-02-05,2025-02-05 12:08:00,975.68,975.99,975.68,975.99,0.03,420.38,402038.06,1
2025-02-05,2025-02-05 12:09:00,975.99,976.29,975.99,976.29,0.03,420.38,402038.06,1
2025-02-05,2025-02-05 12:10:00,976.29,976.6,976.29,976.6,0.03,420.38,402038.06,1
2025-02-05,2025-02-05 12:11:00,976.6,976.9,976.6,976.9,0.03,420.38,402038.06,1
2025-02-05,2025-02-05 12:12:00,976.9,977.2,976.9,977.2,0.03,420.38,402038.06,1
2025-02-05,2025-02-05 12:13:00,977.2,977.51,977.2,977.51,0.03,420.38,402038.06,1
2025-02-05,2025-02-05 12:14:00,977.51,977.81,977.51,977.81,0.03,420.38,402038.06,1
2025-02-05,2025-02-05 12:15:00,977.81,978.12,977.81,978.12,0.03,420.38,402038.06,1
2025-02-05,2025-02-05 12:16:00,978.12,978.42,978.12,978.42,0.03,420.38,402038.06,1
2025-02-05,2025-02-05 12:17:00,978.42,978.73,978.42,978.73,0.03,420.38,402038.06,1
2025-02-05,2025-02-05 12:18:00,978.73,979.03,978.73,979.03,0.03,420.38,402038.06,1
2025-02-05,2025-02-05 12:19:00,979.03,979.33,979.03,979.33,0.03,420.38,402038.06,1
2025-02-05,2025-02-05 12:20:00,979.33,979.64,979.33,979.64,0.03,420.38,402038.06,1
2025-02-05,2025-02-05 12:21:00,979.64,979.94,979.64,979.94,0.03,420.38,402038.06,1
2025-02-05,2025-02-05 12:22:00,979.94,980.25,979.94,980.25,0.03,420.38,402038.06,1
2025-02-05,2025-02-05 12:23:00,980.25,980.55,980.25,980.55,0.03,420.38,402038.06,1
2025-02-05,2025-02-05 12:24:00,980.55,980.85,980.55,980.85,0.03,420.38,402038.06,1
2025-02-05,2025-02-05 12:25:00,980.85,981.16,980.85,981.16,0.03,420.38,402038.06,1
2025-02-05,2025-02-05 12:26:00,981.16,981.46,981.16,981.46,0.03,420.38,402038.06,1
2025-02-05,2025-02-05 12:27:00,981.46,981.77,981.46,981.77,0.03,420.38,402038.06,1
2025-02-05,2025-02-05 12:28:00,981.77,982.07,981.77,982.07,0.03,420.38,402038.06,1
2025-02-05,2025-02-05 12:29:00,982.07,982.38,982.07,982.38,0.03,420.38,402038.06,1
2025-02-05,2025-02-05 12:30:00,982.38,982.68,982.38,982.68,0.03,420.38,402038.06,1
2025-02-05,2025-02-05 12:31:00,982.68,982.98,982.68,982.98,0.03,420.38,402038.06,1
2025-02-05,2025-02-05 12:32:00,982.98,983.29,982.98,983.29,0.03,420.38,402038.06,1
2025-02-05,2025-02-05 12:33:00,983.29,983.59,983.29,983.59,0.03,420.38,402038.06,1
2025-02-05,2025-02-05 12:34:00,983.59,983.9,983.59,983.9,0.03,420.38,402038.06,1
2025-02-05,2025-02-05 12:35:00,983.9,984.2,983.9,984.2,0.03,420.38,402038.06,1
2025-02-05,2025-02-05 12:36:00,984.2,984.5,984.2,984.5,0.03,420.38,402038.06,1
2025-02-05,2025-02-05 12:37:00,984.5,984.81,984.5,984.81,0.03,420.38,402038.06,1
2025-02-05,2025-02-05 12:38:00,984.81,985.11,984.81,985.11,0.03,420.38,402038.06,1
2025-02-05,2025-02-05 12:39:00,985.11,985.42,985.11,985.42,0.03,420.38,402038.06,1
2025-02-05,2025-02-05 12:40:00,985.42,985.72,985.42,985.72,0.03,420.38,402038.06,1
2025-02-05,2025-02-05 12:41:00,985.72,986.02,985.72,986.02,0.03,420.38,402038.06,1
2025-02-05,2025-02-05 12:42:00,986.02,986.33,986.02,986.33,0.03,420.38,402038.06,1
2025-02-05,2025-02-05 12:43:00,986.33,986.63,986.33,986.63,0.03,420.38,402038.06,1
2025-02-05,2025-02-05 12:44:00,986.63,986.94,986.63,986.94,0.03,420.38,402038.06,1
2025-02-05,2025-02-05 12:45:00,986.94,987.24,986.94,987.24,0.03,420.38,402038.06,1
2025-02-05,2025-02-05 12:46:00,987.24,987.55,987.24,987.55,0.03,420.38,402038.06,1
2025-02-05,2025-02-05 12:47:00,987.55,987.85,987.55,987.85,0.03,420.38,402038.06,1
2025-02-05,2025-02-05 12:48:00,987.85,988.15,987.85,988.15,0.03,420.38,402038.06,1
2025-02-05,2025-02-05 12:49:00,988.15,988.46,988.15,988.46,0.03,420.38,402038.06,1
2025-02-05,2025-02-05 12:50:00,988.46,988.76,988.46,988.76,0.03,420.38,402038.06,1
2025-02-05,2025-02-05 12:51:00,988.76,989.07,988.76,989.07,0.03,420.38,402038.06,1
2025-02-05,2025-02-05 12:52:00,989.07,989.37,989.07,989.37,0.03,420.38,402038.06,1
2025-02-05,2025-02-05 12:53:00,989.37,989.67,989.37,989.67,0.03,420.38,402038.06,1
2025-02-05,2025-02-05 12:54:00,989.67,989.98,989.67,989.98,0.03,420.38,402038.06,1
2025-02-05,2025-02-05 12:55:00,989.98,990.28,989.98,990.28,0.03,420.38,402038.06,1
2025-02-05,2025-02-05 12:56:00,990.28,990.59,990.28,990.59,0.03,420.38,402038.06,1
2025-02-05,2025-02-05 12:57:00,990.59,990.89,990.59,990.89,0.03,420.38,402038.06,1
2025-02-05,2025-02-05 12:58:00,990.89,991.2,990.89,991.2,0.03,420.38,402038.06,1
2025-02-05,2025-02-05 12:59:00,991.2,991.5,991.2,991.5,0.03,420.38,402038.06,1
2025-02-05,2025-02-05 13:00:00,991.5,1028.0,905.6,991.8,0.03,420.38,402038.06,1
2025-02-05,2025-02-05 13:01:00,991.8,992.11,991.8,992.11,0.03,420.38,402038.06,1
2025-02-05,2025-02-05 13:02:00,992.11,992.41,992.11,992.41,0.03,420.38,402038.06,1
2025-02-05,2025-02-05 13:03:00,992.41,992.72,992.41,992.72,0.03,420.38,402038.06,1
2025-02-05,2025-02-05 13:04:00,992.72,993.02,992.72,993.02,0.03,420.38,402038.06,1
2025-02-05,2025-02-05 13:05:00,993.02,993.33,993.02,993.33,0.03,420.38,402038.06,1
2025-02-05,2025-02-05 13:06:00,993.33,993.63,993.33,993.63,0.03,420.38,402038.06,1
2025-02-05,2025-02-05 13:07:00,993.63,993.93,993.63,993.93,0.03,420.38,402038.06,1
2025-02-05,2025-02-05 13:08:00,993.93,994.24,993.93,994.24,0.03,420.38,402038.06,1
2025-02-05,2025-02-05 13:09:00,994.24,994.54,994.24,994.54,0.03,420.38,402038.06,1
2025-02-05,2025-02-05 13:10:00,994.54,994.85,994.54,994.85,0.03,420.38,402038.06,1
2025-02-05,2025-02-05 13:11:00,994.85,995.15,994.85,995.15,0.03,420.38,402038.06,1
2025-02-05,2025-02-05 13:12:00,995.15,995.45,995.15,995.45,0.03,420.38,402038.06,1
2025-02-05,2025-02-05 13:13:00,995.45,995.76,995.45,995.76,0.03,420.38,402038.06,1
2025-02-05,2025-02-05 13:14:00,995.76,996.06,995.76,996.06,0.03,420.38,402038.06,1
2025-02-05,2025-02-05 13:15:00,996.06,996.37,996.06,996.37,0.03,420.38,402038.06,1
2025-02-05,2025-02-05 13:16:00,996.37,996.67,996.37,996.67,0.03,420.38,402038.06,1
2025-02-05,2025-02-05 13:17:00,996.67,996.98,996.67,996.98,0.03,420.38,402038.06,1
2025-02-05,2025-02-05 13:18:00,996.98,997.28,996.98,997.28,0.03,420.38,402038.06,1
2025-02-05,2025-02-05 13:19:00,997.28,997.58,997.28,997.58,0.03,420.38,402038.06,1
2025-02-05,2025-02-05 13:20:00,997.58,997.89,997.58,997.89,0.03,420.38,402038.06,1
2025-02-05,2025-02-05 13:21:00,997.89,998.19,997.89,998.19,0.03,420.38,402038.06,1
2025-02-05,2025-02-05 13:22:00,998.19,998.5,998.19,998.5,0.03,420.38,402038.06,1
2025-02-05,2025-02-05 13:23:00,998.5,998.8,998.5,998.8,0.03,420.38,402038.06,1
2025-02-05,2025-02-05 13:24:00,998.8,999.1,998.8,999.1,0.03,420.38,402038.06,1
2025-02-05,2025-02-05 13:25:00,999.1,999.41,999.1,999.41,0.03,420.38,402038.06,1
2025-02-05,2025-02-05 13:26:00,999.41,999.71,999.41,999.71,0.03,420.38,402038.06,1
2025-02-05,2025-02-05 13:27:00,999.71,1000.02,999.71,1000.02,0.03,420.38,402038.06,1
2025-02-05,2025-02-05 13:28:00,1000.02,1000.32,1000.02,1000.32,0.03,420.38,402038.06,1
2025-02-05,2025-02-05 13:29:00,1000.32,1000.62,1000.32,1000.62,0.03,420.38,402038.06,1
2025-02-05,2025-02-05 13:30:00,1000.62,1000.93,1000.62,1000.93,0.03,420.38,402038.06,1
2025-02-05,2025-02-05 13:31:00,1000.93,1001.23,1000.93,1001.23,0.03,420.38,402038.06,1
2025-02-05,2025-02-05 13:32:00,1001.23,1001.54,1001.23,1001.54,0.03,420.38,402038.06,1
2025-02-05,2025-02-05 13:33:00,1001.54,1001.84,1001.54,1001.84,0.03,420.38,402038.06,1
2025-02-05,2025-02-05 13:34:00,1001.84,1002.15,1001.84,1002.15,0.03,420.38,402038.06,1
2025-02-05,2025-02-05 13:35:00,1002.15,1002.45,1002.15,1002.45,0.03,420.38,402038.06,1
2025-02-05,2025-02-05 13:36:00,1002.45,1002.75,1002.45,1002.75,0.03,420.38,402038.06,1
2025-02-05,2025-02-05 13:37:00,1002.75,1003.06,1002.75,1003.06,0.03,420.38,402038.06,1
2025-02-05,2025-02-05 13:38:00,1003.06,1003.36,1003.06,1003.36,0.03,420.38,402038.06,1
2025-02-05,2025-02-05 13:39:00,1003.36,1003.67,1003.36,1003.67,0.03,420.38,402038.06,1
2025-02-05,2025-02-05 13:40:00,1003.67,1003.97,1003.67,1003.97,0.03,420.38,402038.06,1
2025-02-05,2025-02-05 13:41:00,1003.97,1004.27,1003.97,1004.27,0.03,420.38,402038.06,1
2025-02-05,2025-02-05 13:42:00,1004.27,1004.58,1004.27,1004.58,0.03,420.38,402038.06,1
2025-02-05,2025-02-05 13:43:00,1004.58,1004.88,1004.58,1004.88,0.03,420.38,402038.06,1
2025-02-05,2025-02-05 13:44:00,1004.88,1005.19,1004.88,1005.19,0.03,420.38,402038.06,1
2025-02-05,2025-02-05 13:45:00,1005.19,1005.49,1005.19,1005.49,0.03,420.38,402038.06,1
2025-02-05,2025-02-05 13:46:00,1005.49,1005.8,1005.49,1005.8,0.03,420.38,402038.06,1
2025-02-05,2025-02-05 13:47:00,1005.8,1006.1,1005.8,1006.1,0.03,420.38,402038.06,1
2025-02-05,2025-02-05 13:48:00,1006.1,1006.4,1006.1,1006.4,0.03,420.38,402038.06,1
2025-02-05,2025-02-05 13:49:00,1006.4,1006.71,1006.4,1006.71,0.03,420.38,402038.06,1
2025-02-05,2025-02-05 13:50:00,1006.71,1007.01,1006.71,1007.01,0.03,420.38,402038.06,1
2025-02-05,2025-02-05 13:51:00,1007.01,1007.32,1007.01,1007.32,0.03,420.38,402038.06,1
2025-02-05,2025-02-05 13:52:00,1007.32,1007.62,1007.32,1007.62,0.03,420.38,402038.06,1
2025-02-05,2025-02-05 13:53:00,1007.62,1007.92,1007.62,1007.92,0.03,420.38,402038.06,1
2025-02-05,2025-02-05 13:54:00,1007.92,1008.23,1007.92,1008.23,0.03,420.38,402038.06,1
2025-02-05,2025-02-05 13:55:00,1008.23,1008.53,1008.23,1008.53,0.03,420.38,402038.06,1
2025-02-05,2025-02-05 13:56:00,1008.53,1008.84,1008.53,1008.84,0.03,420.38,402038.06,1
2025-02-05,2025-02-05 13:57:00,1008.84,1009.14,1008.84,1009.14,0.03,420.38,402038.06,1
2025-02-05,2025-02-05 13:58:00,1009.14,1009.45,1009.14,1009.45,0.03,420.38,402038.06,1
2025-02-05,2025-02-05 13:59:00,1009.45,1009.75,1009.45,1009.75,0.03,420.38,402038.06,1
2025-02-05,2025-02-05 14:00:00,1009.75,1010.05,1009.75,1010.05,0.03,420.38,402038.06,1
2025-02-05,2025-02-05 14:01:00,1010.05,1010.36,1010.05,1010.36,0.03,420.38,402038.06,1
2025-02-05,2025-02-05 14:02:00,1010.36,1010.66,1010.36,1010.66,0.03,420.38,402038.06,1
2025-02-05,2025-02-05 14:03:00,1010.66,1010.97,1010.66,1010.97,0.03,420.38,402038.06,1
2025-02-05,2025-02-05 14:04:00,1010.97,1011.27,1010.97,1011.27,0.03,420.38,402038.06,1
2025-02-05,2025-02-05 14:05:00,1011.27,1011.58,1011.27,1011.58,0.03,420.38,402038.06,1
2025-02-05,2025-02-05 14:06:00,1011.58,1011.88,1011.58,1011.88,0.03,420.38,402038.06,1
2025-02-05,2025-02-05 14:07:00,1011.88,1012.18,1011.88,1012.18,0.03,420.38,402038.06,1
2025-02-05,2025-02-05 14:08:00,1012.18,1012.49,1012.18,1012.49,0.03,420.38,402038.06,1
2025-02-05,2025-02-05 14:09:00,1012.49,1012.79,1012.49,1012.79,0.03,420.38,402038.06,1
2025-02-05,2025-02-05 14:10:00,1012.79,1013.1,1012.79,1013.1,0.03,420.38,402038.06,1
2025-02-05,2025-02-05 14:11:00,1013.1,1013.4,1013.1,1013.4,0.03,420.38,402038.06,1
2025-02-05,2025-02-05 14:12:00,1013.4,1013.7,1013.4,1013.7,0.03,420.38,402038.06,1
2025-02-05,2025-02-05 14:13:00,1013.7,1014.01,1013.7,1014.01,0.03,420.38,402038.06,1
2025-02-05,2025-02-05 14:14:00,1014.01,1014.31,1014.01,1014.31,0.03,420.38,402038.06,1
2025-02-05,2025-02-05 14:15:00,1014.31,1014.62,1014.31,1014.62,0.03,420.38,402038.06,1
2025-02-05,2025-02-05 14:16:00,1014.62,1014.92,1014.62,1014.92,0.03,420.38,402038.06,1
2025-02-05,2025-02-05 14:17:00,1014.92,1015.23,1014.92,1015.23,0.03,420.38,402038.06,1
2025-02-05,2025-02-05 14:18:00,1015.23,1015.53,1015.23,1015.53,0.03,420.38,402038.06,1
2025-02-05,2025-02-05 14:19:00,1015.53,1015.83,1015.53,1015.83,0.03,420.38,402038.06,1
2025-02-05,2025-02-05 14:20:00,1015.83,1016.14,1015.83,1016.14,0.03,420.38,402038.06,1
2025-02-05,2025-02-05 14:21:00,1016.14,1016.44,1016.14,1016.44,0.03,420.38,402038.06,1
2025-02-05,2025-02-05 14:22:00,1016.44,1016.75,1016.44,1016.75,0.03,420.38,402038.06,1
2025-02-05,2025-02-05 14:23:00,1016.75,1017.05,1016.75,1017.05,0.03,420.38,402038.06,1
2025-02-05,2025-02-05 14:24:00,1017.05,1017.35,1017.05,1017.35,0.03,420.38,402038.06,1
2025-02-05,2025-02-05 14:25:00,1017.35,1017.66,1017.35,1017.66,0.03,420.38,402038.06,1
2025-02-05,2025-02-05 14:26:00,1017.66,1017.96,1017.66,1017.96,0.03,420.38,402038.06,1
2025-02-05,2025-02-05 14:27:00,1017.96,1018.27,1017.96,1018.27,0.03,420.38,402038.06,1
2025-02-05,2025-02-05 14:28:00,1018.27,1018.57,1018.27,1018.57,0.03,420.38,402038.06,1
2025-02-05,2025-02-05 14:29:00,1018.57,1018.88,1018.57,1018.88,0.03,420.38,402038.06,1
2025-02-05,2025-02-05 14:30:00,1018.88,1019.18,1018.88,1019.18,0.03,420.38,402038.06,1
2025-02-05,2025-02-05 14:31:00,1019.18,1019.48,1019.18,1019.48,0.03,420.38,402038.06,1
2025-02-05,2025-02-05 14:32:00,1019.48,1019.79,1019.48,1019.79,0.03,420.38,402038.06,1
2025-02-05,2025-02-05 14:33:00,1019.79,1020.09,1019.79,1020.09,0.03,420.38,402038.06,1
2025-02-05,2025-02-05 14:34:00,1020.09,1020.4,1020.09,1020.4,0.03,420.38,402038.06,1
2025-02-05,2025-02-05 14:35:00,1020.4,1020.7,1020.4,1020.7,0.03,420.38,402038.06,1
2025-02-05,2025-02-05 14:36:00,1020.7,1021.0,1020.7,1021.0,0.03,420.38,402038.06,1
2025-02-05,2025-02-05 14:37:00,1021.0,1021.31,1021.0,1021.31,0.03,420.38,402038.06,1
2025-02-05,2025-02-05 14:38:00,1021.31,1021.61,1021.31,1021.61,0.03,420.38,402038.06,1
2025-02-05,2025-02-05 14:39:00,1021.61,1021.92,1021.61,1021.92,0.03,420.38,402038.06,1
2025-02-05,2025-02-05 14:40:00,1021.92,1022.22,1021.92,1022.22,0.03,420.38,402038.06,1
2025-02-05,2025-02-05 14:41:00,1022.22,1022.52,1022.22,1022.52,0.03,420.38,402038.06,1
2025-02-05,2025-02-05 14:42:00,1022.52,1022.83,1022.52,1022.83,0.03,420.38,402038.06,1
2025-02-05,2025-02-05 14:43:00,1022.83,1023.13,1022.83,1023.13,0.03,420.38,402038.06,1
2025-02-05,2025-02-05 14:44:00,1023.13,1023.44,1023.13,1023.44,0.03,420.38,402038.06,1
2025-02-05,2025-02-05 14:45:00,1023.44,1023.74,1023.44,1023.74,0.03,420.38,402038.06,1
2025-02-05,2025-02-05 14:46:00,1023.74,1024.05,1023.74,1024.05,0.03,420.38,402038.06,1
2025-02-05,2025-02-05 14:47:00,1024.05,1024.35,1024.05,1024.35,0.03,420.38,402038.06,1
2025-02-05,2025-02-05 14:48:00,1024.35,1024.65,1024.35,1024.65,0.03,420.38,402038.06,1
2025-02-05,2025-02-05 14:49:00,1024.65,1024.96,1024.65,1024.96,0.03,420.38,402038.06,1
2025-02-05,2025-02-05 14:50:00,1024.96,1025.26,1024.96,1025.26,0.03,420.38,402038.06,1
2025-02-05,2025-02-05 14:51:00,1025.26,1025.57,1025.26,1025.57,0.03,420.38,402038.06,1
2025-02-05,2025-02-05 14:52:00,1025.57,1025.87,1025.57,1025.87,0.03,420.38,402038.06,1
2025-02-05,2025-02-05 14:53:00,1025.87,1026.17,1025.87,1026.17,0.03,420.38,402038.06,1
2025-02-05,2025-02-05 14:54:00,1026.17,1026.48,1026.17,1026.48,0.03,420.38,402038.06,1
2025-02-05,2025-02-05 14:55:00,1026.48,1026.78,1026.48,1026.78,0.03,420.38,402038.06,1
2025-02-05,2025-02-05 14:56:00,1026.78,1027.09,1026.78,1027.09,0.03,420.38,402038.06,1
2025-02-05,2025-02-05 14:57:00,1027.09,1027.39,1027.09,1027.39,0.03,420.38,402038.06,1
2025-02-05,2025-02-05 14:58:00,1027.39,1027.7,1027.39,1027.7,0.03,420.38,402038.06,1
2025-02-05,2025-02-05 14:59:00,1027.7,1028.0,1027.7,1028.0,0.03,420.38,402038.06,1
2025-02-05,2025-02-05 15:00:00,1028.0,1028.0,905.6,1028.0,0.0,420.38,402038.06,0
2025-02-06,2025-02-06 11:00:00,1007.5,1007.5,982.81,1007.25,-0.02,287.68,271431.69,-1
2025-02-06,2025-02-06 11:01:00,1007.25,1007.25,1007.0,1007.0,-0.02,287.68,271431.69,-1
2025-02-06,2025-02-06 11:02:00,1007.0,1007.0,1006.74,1006.74,-0.03,287.68,271431.69,-1
2025-02-06,2025-02-06 11:03:00,1006.74,1006.74,1006.49,1006.49,-0.02,287.68,271431.69,-1
2025-02-06,2025-02-06 11:04:00,1006.49,1006.49,1006.24,1006.24,-0.02,287.68,271431.69,-1
2025-02-06,2025-02-06 11:05:00,1006.24,1006.24,1005.99,1005.99,-0.02,287.68,271431.69,-1
2025-02-06,2025-02-06 11:06:00,1005.99,1005.99,1005.73,1005.73,-0.03,287.68,271431.69,-1
2025-02-06,2025-02-06 11:07:00,1005.73,1005.73,1005.48,1005.48,-0.02,287.68,271431.69,-1
2025-02-06,2025-02-06 11:08:00,1005.48,1005.48,1005.23,1005.23,-0.02,287.68,271431.69,-1
2025-02-06,2025-02-06 11:09:00,1005.23,1005.23,1004.98,1004.98,-0.02,287.68,271431.69,-1
2025-02-06,2025-02-06 11:10:00,1004.98,1004.98,1004.72,1004.72,-0.03,287.68,271431.69,-1
2025-02-06,2025-02-06 11:11:00,1004.72,1004.72,1004.47,1004.47,-0.02,287.68,271431.69,-1
2025-02-06,2025-02-06 11:12:00,1004.47,1004.47,1004.22,1004.22,-0.02,287.68,271431.69,-1
2025-02-06,2025-02-06 11:13:00,1004.22,1004.22,1003.97,1003.97,-0.02,287.68,271431.69,-1
2025-02-06,2025-02-06 11:14:00,1003.97,1003.97,1003.71,1003.71,-0.03,287.68,271431.69,-1
2025-02-06,2025-02-06 11:15:00,1003.71,1003.71,1003.46,1003.46,-0.02,287.68,271431.69,-1
2025-02-06,2025-02-06 11:16:00,1003.46,1003.46,1003.21,1003.21,-0.02,287.68,271431.69,-1
2025-02-06,2025-02-06 11:17:00,1003.21,1003.21,1002.96,1002.96,-0.02,287.68,271431.69,-1
2025-02-06,2025-02-06 11:18:00,1002.96,1002.96,1002.7,1002.7,-0.03,287.68,271431.69,-1
2025-02-06,2025-02-06 11:19:00,1002.7,1002.7,1002.45,1002.45,-0.02,287.68,271431.69,-1
2025-02-06,2025-02-06 11:20:00,1002.45,1002.45,1002.2,1002.2,-0.02,287.68,271431.69,-1
2025-02-06,2025-02-06 11:21:00,1002.2,1002.2,1001.95,1001.95,-0.02,287.68,271431.69,-1
2025-02-06,2025-02-06 11:22:00,1001.95,1001.95,1001.69,1001.69,-0.03,287.68,271431.69,-1
2025-02-06,2025-02-06 11:23:00,1001.69,1001.69,1001.44,1001.44,-0.02,287.68,271431.69,-1
2025-02-06,2025-02-06 11:24:00,1001.44,1001.44,1001.19,1001.19,-0.02,287.68,271431.69,-1
2025-02-06,2025-02-06 11:25:00,1001.19,1001.19,1000.93,1000.93,-0.03,287.68,271431.69,-1
2025-02-06,2025-02-06 11:26:00,1000.93,1000.93,1000.68,1000.68,-0.02,287.68,271431.69,-1
2025-02-06,2025-02-06 11:27:00,1000.68,1000.68,1000.43,1000.43,-0.02,287.68,271431.69,-1
2025-02-06,2025-02-06 11:28:00,1000.43,1000.43,1000.18,1000.18,-0.02,287.68,271431.69,-1
2025-02-06,2025-02-06 11:29:00,1000.18,1000.18,999.92,999.92,-0.03,287.68,271431.69,-1
2025-02-06,2025-02-06 11:30:00,999.92,999.92,999.67,999.67,-0.03,287.68,271431.69,-1
2025-02-06,2025-02-06 11:31:00,999.67,999.67,999.42,999.42,-0.03,287.68,271431.69,-1
2025-02-06,2025-02-06 11:32:00,999.42,999.42,999.17,999.17,-0.03,287.68,271431.69,-1
2025-02-06,2025-02-06 11:33:00,999.17,999.17,998.91,998.91,-0.03,287.68,271431.69,-1
2025-02-06,2025-02-06 11:34:00,998.91,998.91,998.66,998.66,-0.03,287.68,271431.69,-1
2025-02-06,2025-02-06 11:35:00,998.66,998.66,998.41,998.41,-0.03,287.68,271431.69,-1
2025-02-06,2025-02-06 11:36:00,998.41,998.41,998.16,998.16,-0.03,287.68,271431.69,-1
2025-02-06,2025-02-06 11:37:00,998.16,998.16,997.9,997.9,-0.03,287.68,271431.69,-1
2025-02-06,2025-02-06 11:38:00,997.9,997.9,997.65,997.65,-0.03,287.68,271431.69,-1
2025-02-06,2025-02-06 11:39:00,997.65,997.65,997.4,997.4,-0.03,287.68,271431.69,-1
2025-02-06,2025-02-06 11:40:00,997.4,997.4,997.15,997.15,-0.03,287.68,271431.69,-1
2025-02-06,2025-02-06 11:41:00,997.15,997.15,996.89,996.89,-0.03,287.68,271431.69,-1
2025-02-06,2025-02-06 11:42:00,996.89,996.89,996.64,996.64,-0.03,287.68,271431.69,-1
2025-02-06,2025-02-06 11:43:00,996.64,996.64,996.39,996.39,-0.03,287.68,271431.69,-1
2025-02-06,2025-02-06 11:44:00,996.39,996.39,996.14,996.14,-0.03,287.68,271431.69,-1
2025-02-06,2025-02-06 11:45:00,996.14,996.14,995.88,995.88,-0.03,287.68,271431.69,-1
2025-02-06,2025-02-06 11:46:00,995.88,995.88,995.63,995.63,-0.03,287.68,271431.69,-1
2025-02-06,2025-02-06 11:47:00,995.63,995.63,995.38,995.38,-0.03,287.68,271431.69,-1
2025-02-06,2025-02-06 11:48:00,995.38,995.38,995.13,995.13,-0.03,287.68,271431.69,-1
2025-02-06,2025-02-06 11:49:00,995.13,995.13,994.88,994.88,-0.03,287.68,271431.69,-1
2025-02-06,2025-02-06 11:50:00,994.88,994.88,994.62,994.62,-0.03,287.68,271431.69,-1
2025-02-06,2025-02-06 11:51:00,994.62,994.62,994.37,994.37,-0.03,287.68,271431.69,-1
2025-02-06,2025-02-06 11:52:00,994.37,994.37,994.12,994.12,-0.03,287.68,271431.69,-1
2025-02-06,2025-02-06 11:53:00,994.12,994.12,993.87,993.87,-0.03,287.68,271431.69,-1
2025-02-06,2025-02-06 11:54:00,993.87,993.87,993.61,993.61,-0.03,287.68,271431.69,-1
2025-02-06,2025-02-06 11:55:00,993.61,993.61,993.36,993.36,-0.03,287.68,271431.69,-1
2025-02-06,2025-02-06 11:56:00,993.36,993.36,993.11,993.11,-0.03,287.68,271431.69,-1
2025-02-06,2025-02-06 11:57:00,993.11,993.11,992.86,992.86,-0.03,287.68,271431.69,-1
2025-02-06,2025-02-06 11:58:00,992.86,992.86,992.6,992.6,-0.03,287.68,271431.69,-1
2025-02-06,2025-02-06 11:59:00,992.6,992.6,992.35,992.35,-0.03,287.68,271431.69,-1
2025-02-06,2025-02-06 12:00:00,992.35,992.35,992.1,992.1,-0.03,287.68,271431.69,-1
2025-02-06,2025-02-06 12:01:00,992.1,992.1,991.85,991.85,-0.03,287.68,271431.69,-1
2025-02-06,2025-02-06 12:02:00,991.85,991.85,991.59,991.59,-0.03,287.68,271431.69,-1
2025-02-06,2025-02-06 12:03:00,991.59,991.59,991.34,991.34,-0.03,287.68,271431.69,-1
2025-02-06,2025-02-06 12:04:00,991.34,991.34,991.09,991.09,-0.03,287.68,271431.69,-1
2025-02-06,2025-02-06 12:05:00,991.09,991.09,990.84,990.84,-0.03,287.68,271431.69,-1
2025-02-06,2025-02-06 12:06:00,990.84,990.84,990.58,990.58,-0.03,287.68,271431.69,-1
2025-02-06,2025-02-06 12:07:00,990.58,990.58,990.33,990.33,-0.03,287.68,271431.69,-1
2025-02-06,2025-02-06 12:08:00,990.33,990.33,990.08,990.08,-0.03,287.68,271431.69,-1
2025-02-06,2025-02-06 12:09:00,990.08,990.08,989.83,989.83,-0.03,287.68,271431.69,-1
2025-02-06,2025-02-06 12:10:00,989.83,989.83,989.57,989.57,-0.03,287.68,271431.69,-1
2025-02-06,2025-02-06 12:11:00,989.57,989.57,989.32,989.32,-0.03,287.68,271431.69,-1
2025-02-06,2025-02-06 12:12:00,989.32,989.32,989.07,989.07,-0.03,287.68,271431.69,-1
2025-02-06,2025-02-06 12:13:00,989.07,989.07,988.81,988.81,-0.03,287.68,271431.69,-1
2025-02-06,2025-02-06 12:14:00,988.81,988.81,988.56,988.56,-0.03,287.68,271431.69,-1
2025-02-06,2025-02-06 12:15:00,988.56,988.56,988.31,988.31,-0.03,287.68,271431.69,-1
2025-02-06,2025-02-06 12:16:00,988.31,988.31,988.06,988.06,-0.03,287.68,271431.69,-1
2025-02-06,2025-02-06 12:17:00,988.06,988.06,987.8,987.8,-0.03,287.68,271431.69,-1
2025-02-06,2025-02-06 12:18:00,987.8,987.8,987.55,987.55,-0.03,287.68,271431.69,-1
2025-02-06,2025-02-06 12:19:00,987.55,987.55,987.3,987.3,-0.03,287.68,271431.69,-1
2025-02-06,2025-02-06 12:20:00,987.3,987.3,987.05,987.05,-0.03,287.68,271431.69,-1
2025-02-06,2025-02-06 12:21:00,987.05,987.05,986.79,986.79,-0.03,287.68,271431.69,-1
2025-02-06,2025-02-06 12:22:00,986.79,986.79,986.54,986.54,-0.03,287.68,271431.69,-1
2025-02-06,2025-02-06 12:23:00,986.54,986.54,986.29,986.29,-0.03,287.68,271431.69,-1
2025-02-06,2025-02-06 12:24:00,986.29,986.29,986.04,986.04,-0.03,287.68,271431.69,-1
2025-02-06,2025-02-06 12:25:00,986.04,986.04,985.78,985.78,-0.03,287.68,271431.69,-1
2025-02-06,2025-02-06 12:26:00,985.78,985.78,985.53,985.53,-0.03,287.68,271431.69,-1
2025-02-06,2025-02-06 12:27:00,985.53,985.53,985.28,985.28,-0.03,287.68,271431.69,-1
2025-02-06,2025-02-06 12:28:00,985.28,985.28,985.03,985.03,-0.03,287.68,271431.69,-1
2025-02-06,2025-02-06 12:29:00,985.03,985.03,984.77,984.77,-0.03,287.68,271431.69,-1
2025-02-06,2025-02-06 12:30:00,984.77,984.77,984.52,984.52,-0.03,287.68,271431.69,-1
2025-02-06,2025-02-06 12:31:00,984.52,984.52,984.27,984.27,-0.03,287.68,271431.69,-1
2025-02-06,2025-02-06 12:32:00,984.27,984.27,984.02,984.02,-0.03,287.68,271431.69,-1
2025-02-06,2025-02-06 12:33:00,984.02,984.02,983.76,983.76,-0.03,287.68,271431.69,-1
2025-02-06,2025-02-06 12:34:00,983.76,983.76,983.51,983.51,-0.03,287.68,271431.69,-1
2025-02-06,2025-02-06 12:35:00,983.51,983.51,983.26,983.26,-0.03,287.68,271431.69,-1
2025-02-06,2025-02-06 12:36:00,983.26,983.26,983.01,983.01,-0.03,287.68,271431.69,-1
2025-02-06,2025-02-06 12:37:00,983.01,983.01,982.75,982.75,-0.03,287.68,271431.69,-1
2025-02-06,2025-02-06 12:38:00,982.75,982.75,982.5,982.5,-0.03,287.68,271431.69,-1
2025-02-06,2025-02-06 12:39:00,982.5,982.5,982.25,982.25,-0.03,287.68,271431.69,-1
2025-02-06,2025-02-06 12:40:00,982.25,982.25,982.0,982.0,-0.03,287.68,271431.69,-1
2025-02-06,2025-02-06 12:41:00,982.0,982.0,981.75,981.75,-0.03,287.68,271431.69,-1
2025-02-06,2025-02-06 12:42:00,981.75,981.75,981.49,981.49,-0.03,287.68,271431.69,-1
2025-02-06,2025-02-06 12:43:00,981.49,981.49,981.24,981.24,-0.03,287.68,271431.69,-1
2025-02-06,2025-02-06 12:44:00,981.24,981.24,980.99,980.99,-0.03,287.68,271431.69,-1
2025-02-06,2025-02-06 12:45:00,980.99,980.99,980.74,980.74,-0.03,287.68,271431.69,-1
2025-02-06,2025-02-06 12:46:00,980.74,980.74,980.48,980.48,-0.03,287.68,271431.69,-1
2025-02-06,2025-02-06 12:47:00,980.48,980.48,980.23,980.23,-0.03,287.68,271431.69,-1
2025-02-06,2025-02-06 12:48:00,980.23,980.23,979.98,979.98,-0.03,287.68,271431.69,-1
2025-02-06,2025-02-06 12:49:00,979.98,979.98,979.73,979.73,-0.03,287.68,271431.69,-1
2025-02-06,2025-02-06 12:50:00,979.73,979.73,979.47,979.47,-0.03,287.68,271431.69,-1
2025-02-06,2025-02-06 12:51:00,979.47,979.47,979.22,979.22,-0.03,287.68,271431.69,-1
2025-02-06,2025-02-06 12:52:00,979.22,979.22,978.97,978.97,-0.03,287.68,271431.69,-1
2025-02-06,2025-02-06 12:53:00,978.97,978.97,978.72,978.72,-0.03,287.68,271431.69,-1
2025-02-06,2025-02-06 12:54:00,978.72,978.72,978.46,978.46,-0.03,287.68,271431.69,-1
2025-02-06,2025-02-06 12:55:00,978.46,978.46,978.21,978.21,-0.03,287.68,271431.69,-1
2025-02-06,2025-02-06 12:56:00,978.21,978.21,977.96,977.96,-0.03,287.68,271431.69,-1
2025-02-06,2025-02-06 12:57:00,977.96,977.96,977.71,977.71,-0.03,287.68,271431.69,-1
2025-02-06,2025-02-06 12:58:00,977.71,977.71,977.45,977.45,-0.03,287.68,271431.69,-1
2025-02-06,2025-02-06 12:59:00,977.45,977.45,977.2,977.2,-0.03,287.68,271431.69,-1
2025-02-06,2025-02-06 13:00:00,977.2,1007.5,925.2,976.95,-0.03,287.68,271431.69,-1
2025-02-06,2025-02-06 13:01:00,976.95,976.95,976.69,976.69,-0.03,287.68,271431.69,-1
2025-02-06,2025-02-06 13:02:00,976.69,976.69,976.44,976.44,-0.03,287.68,271431.69,-1
2025-02-06,2025-02-06 13:03:00,976.44,976.44,976.19,976.19,-0.03,287.68,271431.69,-1
2025-02-06,2025-02-06 13:04:00,976.19,976.19,975.94,975.94,-0.03,287.68,271431.69,-1
2025-02-06,2025-02-06 13:05:00,975.94,975.94,975.68,975.68,-0.03,287.68,271431.69,-1
2025-02-06,2025-02-06 13:06:00,975.68,975.68,975.43,975.43,-0.03,287.68,271431.69,-1
2025-02-06,2025-02-06 13:07:00,975.43,975.43,975.18,975.18,-0.03,287.68,271431.69,-1
2025-02-06,2025-02-06 13:08:00,975.18,975.18,974.93,974.93,-0.03,287.68,271431.69,-1
2025-02-06,2025-02-06 13:09:00,974.93,974.93,974.67,974.67,-0.03,287.68,271431.69,-1
2025-02-06,2025-02-06 13:10:00,974.67,974.67,974.42,974.42,-0.03,287.68,271431.69,-1
2025-02-06,2025-02-06 13:11:00,974.42,974.42,974.17,974.17,-0.03,287.68,271431.69,-1
2025-02-06,2025-02-06 13:12:00,974.17,974.17,973.92,973.92,-0.03,287.68,271431.69,-1
2025-02-06,2025-02-06 13:13:00,973.92,973.92,973.66,973.66,-0.03,287.68,271431.69,-1
2025-02-06,2025-02-06 13:14:00,973.66,973.66,973.41,973.41,-0.03,287.68,271431.69,-1
2025-02-06,2025-02-06 13:15:00,973.41,973.41,973.16,973.16,-0.03,287.68,271431.69,-1
2025-02-06,2025-02-06 13:16:00,973.16,973.16,972.91,972.91,-0.03,287.68,271431.69,-1
2025-02-06,2025-02-06 13:17:00,972.91,972.91,972.65,972.65,-0.03,287.68,271431.69,-1
2025-02-06,2025-02-06 13:18:00,972.65,972.65,972.4,972.4,-0.03,287.68,271431.69,-1
2025-02-06,2025-02-06 13:19:00,972.4,972.4,972.15,972.15,-0.03,287.68,271431.69,-1
2025-02-06,2025-02-06 13:20:00,972.15,972.15,971.9,971.9,-0.03,287.68,271431.69,-1
2025-02-06,2025-02-06 13:21:00,971.9,971.9,971.64,971.64,-0.03,287.68,271431.69,-1
2025-02-06,2025-02-06 13:22:00,971.64,971.64,971.39,971.39,-0.03,287.68,271431.69,-1
2025-02-06,2025-02-06 13:23:00,971.39,971.39,971.14,971.14,-0.03,287.68,271431.69,-1
2025-02-06,2025-02-06 13:24:00,971.14,971.14,970.89,970.89,-0.03,287.68,271431.69,-1
2025-02-06,2025-02-06 13:25:00,970.89,970.89,970.63,970.63,-0.03,287.68,271431.69,-1
2025-02-06,2025-02-06 13:26:00,970.63,970.63,970.38,970.38,-0.03,287.68,271431.69,-1
2025-02-06,2025-02-06 13:27:00,970.38,970.38,970.13,970.13,-0.03,287.68,271431.69,-1
2025-02-06,2025-02-06 13:28:00,970.13,970.13,969.88,969.88,-0.03,287.68,271431.69,-1
2025-02-06,2025-02-06 13:29:00,969.88,969.88,969.62,969.62,-0.03,287.68,271431.69,-1
2025-02-06,2025-02-06 13:30:00,969.62,969.62,969.37,969.37,-0.03,287.68,271431.69,-1
2025-02-06,2025-02-06 13:31:00,969.37,969.37,969.12,969.12,-0.03,287.68,271431.69,-1
2025-02-06,2025-02-06 13:32:00,969.12,969.12,968.87,968.87,-0.03,287.68,271431.69,-1
2025-02-06,2025-02-06 13:33:00,968.87,968.87,968.62,968.62,-0.03,287.68,271431.69,-1
2025-02-06,2025-02-06 13:34:00,968.62,968.62,968.36,968.36,-0.03,287.68,271431.69,-1
2025-02-06,2025-02-06 13:35:00,968.36,968.36,968.11,968.11,-0.03,287.68,271431.69,-1
2025-02-06,2025-02-06 13:36:00,968.11,968.11,967.86,967.86,-0.03,287.68,271431.69,-1
2025-02-06,2025-02-06 13:37:00,967.86,967.86,967.61,967.61,-0.03,287.68,271431.69,-1
2025-02-06,2025-02-06 13:38:00,967.61,967.61,967.35,967.35,-0.03,287.68,271431.69,-1
2025-02-06,2025-02-06 13:39:00,967.35,967.35,967.1,967.1,-0.03,287.68,271431.69,-1
2025-02-06,2025-02-06 13:40:00,967.1,967.1,966.85,966.85,-0.03,287.68,271431.69,-1
2025-02-06,2025-02-06 13:41:00,966.85,966.85,966.6,966.6,-0.03,287.68,271431.69,-1
2025-02-06,2025-02-06 13:42:00,966.6,966.6,966.34,966.34,-0.03,287.68,271431.69,-1
2025-02-06,2025-02-06 13:43:00,966.34,966.34,966.09,966.09,-0.03,287.68,271431.69,-1
2025-02-06,2025-02-06 13:44:00,966.09,966.09,965.84,965.84,-0.03,287.68,271431.69,-1
2025-02-06,2025-02-06 13:45:00,965.84,965.84,965.59,965.59,-0.03,287.68,271431.69,-1
2025-02-06,2025-02-06 13:46:00,965.59,965.59,965.33,965.33,-0.03,287.68,271431.69,-1
2025-02-06,2025-02-06 13:47:00,965.33,965.33,965.08,965.08,-0.03,287.68,271431.69,-1
2025-02-06,2025-02-06 13:48:00,965.08,965.08,964.83,964.83,-0.03,287.68,271431.69,-1
2025-02-06,2025-02-06 13:49:00,964.83,964.83,964.57,964.57,-0.03,287.68,271431.69,-1
2025-02-06,2025-02-06 13:50:00,964.57,964.57,964.32,964.32,-0.03,287.68,271431.69,-1
2025-02-06,2025-02-06 13:51:00,964.32,964.32,964.07,964.07,-0.03,287.68,271431.69,-1
2025-02-06,2025-02-06 13:52:00,964.07,964.07,963.82,963.82,-0.03,287.68,271431.69,-1
2025-02-06,2025-02-06 13:53:00,963.82,963.82,963.56,963.56,-0.03,287.68,271431.69,-1
2025-02-06,2025-02-06 13:54:00,963.56,963.56,963.31,963.31,-0.03,287.68,271431.69,-1
2025-02-06,2025-02-06 13:55:00,963.31,963.31,963.06,963.06,-0.03,287.68,271431.69,-1
2025-02-06,2025-02-06 13:56:00,963.06,963.06,962.81,962.81,-0.03,287.68,271431.69,-1
2025-02-06,2025-02-06 13:57:00,962.81,962.81,962.55,962.55,-0.03,287.68,271431.69,-1
2025-02-06,2025-02-06 13:58:00,962.55,962.55,962.3,962.3,-0.03,287.68,271431.69,-1
2025-02-06,2025-02-06 13:59:00,962.3,962.3,962.05,962.05,-0.03,287.68,271431.69,-1
2025-02-06,2025-02-06 14:00:00,962.05,962.05,961.8,961.8,-0.03,287.68,271431.69,-1
2025-02-06,2025-02-06 14:01:00,961.8,961.8,961.54,961.54,-0.03,287.68,271431.69,-1
2025-02-06,2025-02-06 14:02:00,961.54,961.54,961.29,961.29,-0.03,287.68,271431.69,-1
2025-02-06,2025-02-06 14:03:00,961.29,961.29,961.04,961.04,-0.03,287.68,271431.69,-1
2025-02-06,2025-02-06 14:04:00,961.04,961.04,960.79,960.79,-0.03,287.68,271431.69,-1
2025-02-06,2025-02-06 14:05:00,960.79,960.79,960.53,960.53,-0.03,287.68,271431.69,-1
2025-02-06,2025-02-06 14:06:00,960.53,960.53,960.28,960.28,-0.03,287.68,271431.69,-1
2025-02-06,2025-02-06 14:07:00,960.28,960.28,960.03,960.03,-0.03,287.68,271431.69,-1
2025-02-06,2025-02-06 14:08:00,960.03,960.03,959.78,959.78,-0.03,287.68,271431.69,-1
2025-02-06,2025-02-06 14:09:00,959.78,959.78,959.52,959.52,-0.03,287.68,271431.69,-1
2025-02-06,2025-02-06 14:10:00,959.52,959.52,959.27,959.27,-0.03,287.68,271431.69,-1
2025-02-06,2025-02-06 14:11:00,959.27,959.27,959.02,959.02,-0.03,287.68,271431.69,-1
2025-02-06,2025-02-06 14:12:00,959.02,959.02,958.77,958.77,-0.03,287.68,271431.69,-1
2025-02-06,2025-02-06 14:13:00,958.77,958.77,958.51,958.51,-0.03,287.68,271431.69,-1
2025-02-06,2025-02-06 14:14:00,958.51,958.51,958.26,958.26,-0.03,287.68,271431.69,-1
2025-02-06,2025-02-06 14:15:00,958.26,958.26,958.01,958.01,-0.03,287.68,271431.69,-1
2025-02-06,2025-02-06 14:16:00,958.01,958.01,957.76,957.76,-0.03,287.68,271431.69,-1
2025-02-06,2025-02-06 14:17:00,957.76,957.76,957.5,957.5,-0.03,287.68,271431.69,-1
2025-02-06,2025-02-06 14:18:00,957.5,957.5,957.25,957.25,-0.03,287.68,271431.69,-1
2025-02-06,2025-02-06 14:19:00,957.25,957.25,957.0,957.0,-0.03,287.68,271431.69,-1
2025-02-06,2025-02-06 14:20:00,957.0,957.0,956.75,956.75,-0.03,287.68,271431.69,-1
2025-02-06,2025-02-06 14:21:00,956.75,956.75,956.5,956.5,-0.03,287.68,271431.69,-1
2025-02-06,2025-02-06 14:22:00,956.5,956.5,956.24,956.24,-0.03,287.68,271431.69,-1
2025-02-06,2025-02-06 14:23:00,956.24,956.24,955.99,955.99,-0.03,287.68,271431.69,-1
2025-02-06,2025-02-06 14:24:00,955.99,955.99,955.74,955.74,-0.03,287.68,271431.69,-1
2025-02-06,2025-02-06 14:25:00,955.74,955.74,955.49,955.49,-0.03,287.68,271431.69,-1
2025-02-06,2025-02-06 14:26:00,955.49,955.49,955.23,955.23,-0.03,287.68,271431.69,-1
2025-02-06,2025-02-06 14:27:00,955.23,955.23,954.98,954.98,-0.03,287.68,271431.69,-1
2025-02-06,2025-02-06 14:28:00,954.98,954.98,954.73,954.73,-0.03,287.68,271431.69,-1
2025-02-06,2025-02-06 14:29:00,954.73,954.73,954.48,954.48,-0.03,287.68,271431.69,-1
2025-02-06,2025-02-06 14:30:00,954.48,954.48,954.22,954.22,-0.03,287.68,271431.69,-1
2025-02-06,2025-02-06 14:31:00,954.22,954.22,953.97,953.97,-0.03,287.68,271431.69,-1
2025-02-06,2025-02-06 14:32:00,953.97,953.97,953.72,953.72,-0.03,287.68,271431.69,-1
2025-02-06,2025-02-06 14:33:00,953.72,953.72,953.46,953.46,-0.03,287.68,271431.69,-1
2025-02-06,2025-02-06 14:34:00,953.46,953.46,953.21,953.21,-0.03,287.68,271431.69,-1
2025-02-06,2025-02-06 14:35:00,953.21,953.21,952.96,952.96,-0.03,287.68,271431.69,-1
2025-02-06,2025-02-06 14:36:00,952.96,952.96,952.71,952.71,-0.03,287.68,271431.69,-1
2025-02-06,2025-02-06 14:37:00,952.71,952.71,952.45,952.45,-0.03,287.68,271431.69,-1
2025-02-06,2025-02-06 14:38:00,952.45,952.45,952.2,952.2,-0.03,287.68,271431.69,-1
2025-02-06,2025-02-06 14:39:00,952.2,952.2,951.95,951.95,-0.03,287.68,271431.69,-1
2025-02-06,2025-02-06 14:40:00,951.95,951.95,951.7,951.7,-0.03,287.68,271431.69,-1
2025-02-06,2025-02-06 14:41:00,951.7,951.7,951.44,951.44,-0.03,287.68,271431.69,-1
2025-02-06,2025-02-06 14:42:00,951.44,951.44,951.19,951.19,-0.03,287.68,271431.69,-1
2025-02-06,2025-02-06 14:43:00,951.19,951.19,950.94,950.94,-0.03,287.68,271431.69,-1
2025-02-06,2025-02-06 14:44:00,950.94,950.94,950.69,950.69,-0.03,287.68,271431.69,-1
2025-02-06,2025-02-06 14:45:00,950.69,950.69,950.43,950.43,-0.03,287.68,271431.69,-1
2025-02-06,2025-02-06 14:46:00,950.43,950.43,950.18,950.18,-0.03,287.68,271431.69,-1
2025-02-06,2025-02-06 14:47:00,950.18,950.18,949.93,949.93,-0.03,287.68,271431.69,-1
2025-02-06,2025-02-06 14:48:00,949.93,949.93,949.68,949.68,-0.03,287.68,271431.69,-1
2025-02-06,2025-02-06 14:49:00,949.68,949.68,949.42,949.42,-0.03,287.68,271431.69,-1
2025-02-06,2025-02-06 14:50:00,949.42,949.42,949.17,949.17,-0.03,287.68,271431.69,-1
2025-02-06,2025-02-06 14:51:00,949.17,949.17,948.92,948.92,-0.03,287.68,271431.69,-1
2025-02-06,2025-02-06 14:52:00,948.92,948.92,948.67,948.67,-0.03,287.68,271431.69,-1
2025-02-06,2025-02-06 14:53:00,948.67,948.67,948.41,948.41,-0.03,287.68,271431.69,-1
2025-02-06,2025-02-06 14:54:00,948.41,948.41,948.16,948.16,-0.03,287.68,271431.69,-1
2025-02-06,2025-02-06 14:55:00,948.16,948.16,947.91,947.91,-0.03,287.68,271431.69,-1
2025-02-06,2025-02-06 14:56:00,947.91,947.91,947.66,947.66,-0.03,287.68,271431.69,-1
2025-02-06,2025-02-06 14:57:00,947.66,947.66,947.4,947.4,-0.03,287.68,271431.69,-1
2025-02-06,2025-02-06 14:58:00,947.4,947.4,947.15,947.15,-0.03,287.68,271431.69,-1
2025-02-06,2025-02-06 14:59:00,947.15,947.15,946.9,946.9,-0.03,287.68,271431.69,-1
2025-02-06,2025-02-06 15:00:00,946.9,1007.5,925.2,946.9,0.0,287.68,271431.69,0
2025-02-09,2025-02-09 11:00:00,928.0,928.0,914.2,927.9,-0.01,192.82,173349.45,-1
2025-02-09,2025-02-09 11:01:00,927.9,927.9,927.79,927.79,-0.01,192.82,173349.45,-1
2025-02-09,2025-02-09 11:02:00,927.79,927.79,927.69,927.69,-0.01,192.82,173349.45,-1
2025-02-09,2025-02-09 11:03:00,927.69,927.69,927.58,927.58,-0.01,192.82,173349.45,-1
2025-02-09,2025-02-09 11:04:00,927.58,927.58,927.48,927.48,-0.01,192.82,173349.45,-1
2025-02-09,2025-02-09 11:05:00,927.48,927.48,927.38,927.38,-0.01,192.82,173349.45,-1
2025-02-09,2025-02-09 11:06:00,927.38,927.38,927.27,927.27,-0.01,192.82,173349.45,-1
2025-02-09,2025-02-09 11:07:00,927.27,927.27,927.17,927.17,-0.01,192.82,173349.45,-1
2025-02-09,2025-02-09 11:08:00,927.17,927.17,927.06,927.06,-0.01,192.82,173349.45,-1
2025-02-09,2025-02-09 11:09:00,927.06,927.06,926.96,926.96,-0.01,192.82,173349.45,-1
2025-02-09,2025-02-09 11:10:00,926.96,926.96,926.85,926.85,-0.01,192.82,173349.45,-1
2025-02-09,2025-02-09 11:11:00,926.85,926.85,926.75,926.75,-0.01,192.82,173349.45,-1
2025-02-09,2025-02-09 11:12:00,926.75,926.75,926.65,926.65,-0.01,192.82,173349.45,-1
2025-02-09,2025-02-09 11:13:00,926.65,926.65,926.54,926.54,-0.01,192.82,173349.45,-1
2025-02-09,2025-02-09 11:14:00,926.54,926.54,926.44,926.44,-0.01,192.82,173349.45,-1
2025-02-09,2025-02-09 11:15:00,926.44,926.44,926.33,926.33,-0.01,192.82,173349.45,-1
2025-02-09,2025-02-09 11:16:00,926.33,926.33,926.23,926.23,-0.01,192.82,173349.45,-1
2025-02-09,2025-02-09 11:17:00,926.23,926.23,926.12,926.12,-0.01,192.82,173349.45,-1
2025-02-09,2025-02-09 11:18:00,926.12,926.12,926.02,926.02,-0.01,192.82,173349.45,-1
2025-02-09,2025-02-09 11:19:00,926.02,926.02,925.92,925.92,-0.01,192.82,173349.45,-1
2025-02-09,2025-02-09 11:20:00,925.92,925.92,925.81,925.81,-0.01,192.82,173349.45,-1
2025-02-09,2025-02-09 11:21:00,925.81,925.81,925.71,925.71,-0.01,192.82,173349.45,-1
2025-02-09,2025-02-09 11:22:00,925.71,925.71,925.6,925.6,-0.01,192.82,173349.45,-1
2025-02-09,2025-02-09 11:23:00,925.6,925.6,925.5,925.5,-0.01,192.82,173349.45,-1
2025-02-09,2025-02-09 11:24:00,925.5,925.5,925.4,925.4,-0.01,192.82,173349.45,-1
2025-02-09,2025-02-09 11:25:00,925.4,925.4,925.29,925.29,-0.01,192.82,173349.45,-1
2025-02-09,2025-02-09 11:26:00,925.29,925.29,925.19,925.19,-0.01,192.82,173349.45,-1
2025-02-09,2025-02-09 11:27:00,925.19,925.19,925.08,925.08,-0.01,192.82,173349.45,-1
2025-02-09,2025-02-09 11:28:00,925.08,925.08,924.98,924.98,-0.01,192.82,173349.45,-1
2025-02-09,2025-02-09 11:29:00,924.98,924.98,924.88,924.88,-0.01,192.82,173349.45,-1
2025-02-09,2025-02-09 11:30:00,924.88,924.88,924.77,924.77,-0.01,192.82,173349.45,-1
2025-02-09,2025-02-09 11:31:00,924.77,924.77,924.67,924.67,-0.01,192.82,173349.45,-1
2025-02-09,2025-02-09 11:32:00,924.67,924.67,924.56,924.56,-0.01,192.82,173349.45,-1
2025-02-09,2025-02-09 11:33:00,924.56,924.56,924.46,924.46,-0.01,192.82,173349.45,-1
2025-02-09,2025-02-09 11:34:00,924.46,924.46,924.35,924.35,-0.01,192.82,173349.45,-1
2025-02-09,2025-02-09 11:35:00,924.35,924.35,924.25,924.25,-0.01,192.82,173349.45,-1
2025-02-09,2025-02-09 11:36:00,924.25,924.25,924.15,924.15,-0.01,192.82,173349.45,-1
2025-02-09,2025-02-09 11:37:00,924.15,924.15,924.04,924.04,-0.01,192.82,173349.45,-1
2025-02-09,2025-02-09 11:38:00,924.04,924.04,923.94,923.94,-0.01,192.82,173349.45,-1
2025-02-09,2025-02-09 11:39:00,923.94,923.94,923.83,923.83,-0.01,192.82,173349.45,-1
2025-02-09,2025-02-09 11:40:00,923.83,923.83,923.73,923.73,-0.01,192.82,173349.45,-1
2025-02-09,2025-02-09 11:41:00,923.73,923.73,923.62,923.62,-0.01,192.82,173349.45,-1
2025-02-09,2025-02-09 11:42:00,923.62,923.62,923.52,923.52,-0.01,192.82,173349.45,-1
2025-02-09,2025-02-09 11:43:00,923.52,923.52,923.42,923.42,-0.01,192.82,173349.45,-1
2025-02-09,2025-02-09 11:44:00,923.42,923.42,923.31,923.31,-0.01,192.82,173349.45,-1
2025-02-09,2025-02-09 11:45:00,923.31,923.31,923.21,923.21,-0.01,192.82,173349.45,-1
2025-02-09,2025-02-09 11:46:00,923.21,923.21,923.1,923.1,-0.01,192.82,173349.45,-1
2025-02-09,2025-02-09 11:47:00,923.1,923.1,923.0,923.0,-0.01,192.82,173349.45,-1
2025-02-09,2025-02-09 11:48:00,923.0,923.0,922.9,922.9,-0.01,192.82,173349.45,-1
2025-02-09,2025-02-09 11:49:00,922.9,922.9,922.79,922.79,-0.01,192.82,173349.45,-1
2025-02-09,2025-02-09 11:50:00,922.79,922.79,922.69,922.69,-0.01,192.82,173349.45,-1
2025-02-09,2025-02-09 11:51:00,922.69,922.69,922.58,922.58,-0.01,192.82,173349.45,-1
2025-02-09,2025-02-09 11:52:00,922.58,922.58,922.48,922.48,-0.01,192.82,173349.45,-1
2025-02-09,2025-02-09 11:53:00,922.48,922.48,922.38,922.38,-0.01,192.82,173349.45,-1
2025-02-09,2025-02-09 11:54:00,922.38,922.38,922.27,922.27,-0.01,192.82,173349.45,-1
2025-02-09,2025-02-09 11:55:00,922.27,922.27,922.17,922.17,-0.01,192.82,173349.45,-1
2025-02-09,2025-02-09 11:56:00,922.17,922.17,922.06,922.06,-0.01,192.82,173349.45,-1
2025-02-09,2025-02-09 11:57:00,922.06,922.06,921.96,921.96,-0.01,192.82,173349.45,-1
2025-02-09,2025-02-09 11:58:00,921.96,921.96,921.85,921.85,-0.01,192.82,173349.45,-1
2025-02-09,2025-02-09 11:59:00,921.85,921.85,921.75,921.75,-0.01,192.82,173349.45,-1
2025-02-09,2025-02-09 12:00:00,921.75,921.75,921.65,921.65,-0.01,192.82,173349.45,-1
2025-02-09,2025-02-09 12:01:00,921.65,921.65,921.54,921.54,-0.01,192.82,173349.45,-1
2025-02-09,2025-02-09 12:02:00,921.54,921.54,921.44,921.44,-0.01,192.82,173349.45,-1
2025-02-09,2025-02-09 12:03:00,921.44,921.44,921.33,921.33,-0.01,192.82,173349.45,-1
2025-02-09,2025-02-09 12:04:00,921.33,921.33,921.23,921.23,-0.01,192.82,173349.45,-1
2025-02-09,2025-02-09 12:05:00,921.23,921.23,921.12,921.12,-0.01,192.82,173349.45,-1
2025-02-09,2025-02-09 12:06:00,921.12,921.12,921.02,921.02,-0.01,192.82,173349.45,-1
2025-02-09,2025-02-09 12:07:00,921.02,921.02,920.92,920.92,-0.01,192.82,173349.45,-1
2025-02-09,2025-02-09 12:08:00,920.92,920.92,920.81,920.81,-0.01,192.82,173349.45,-1
2025-02-09,2025-02-09 12:09:00,920.81,920.81,920.71,920.71,-0.01,192.82,173349.45,-1
2025-02-09,2025-02-09 12:10:00,920.71,920.71,920.6,920.6,-0.01,192.82,173349.45,-1
2025-02-09,2025-02-09 12:11:00,920.6,920.6,920.5,920.5,-0.01,192.82,173349.45,-1
2025-02-09,2025-02-09 12:12:00,920.5,920.5,920.4,920.4,-0.01,192.82,173349.45,-1
2025-02-09,2025-02-09 12:13:00,920.4,920.4,920.29,920.29,-0.01,192.82,173349.45,-1
2025-02-09,2025-02-09 12:14:00,920.29,920.29,920.19,920.19,-0.01,192.82,173349.45,-1
2025-02-09,2025-02-09 12:15:00,920.19,920.19,920.08,920.08,-0.01,192.82,173349.45,-1
2025-02-09,2025-02-09 12:16:00,920.08,920.08,919.98,919.98,-0.01,192.82,173349.45,-1
2025-02-09,2025-02-09 12:17:00,919.98,919.98,919.88,919.88,-0.01,192.82,173349.45,-1
2025-02-09,2025-02-09 12:18:00,919.88,919.88,919.77,919.77,-0.01,192.82,173349.45,-1
2025-02-09,2025-02-09 12:19:00,919.77,919.77,919.67,919.67,-0.01,192.82,173349.45,-1
2025-02-09,2025-02-09 12:20:00,919.67,919.67,919.56,919.56,-0.01,192.82,173349.45,-1
2025-02-09,2025-02-09 12:21:00,919.56,919.56,919.46,919.46,-0.01,192.82,173349.45,-1
2025-02-09,2025-02-09 12:22:00,919.46,919.46,919.35,919.35,-0.01,192.82,173349.45,-1
2025-02-09,2025-02-09 12:23:00,919.35,919.35,919.25,919.25,-0.01,192.82,173349.45,-1
2025-02-09,2025-02-09 12:24:00,919.25,919.25,919.15,919.15,-0.01,192.82,173349.45,-1
2025-02-09,2025-02-09 12:25:00,919.15,919.15,919.04,919.04,-0.01,192.82,173349.45,-1
2025-02-09,2025-02-09 12:26:00,919.04,919.04,918.94,918.94,-0.01,192.82,173349.45,-1
2025-02-09,2025-02-09 12:27:00,918.94,918.94,918.83,918.83,-0.01,192.82,173349.45,-1
2025-02-09,2025-02-09 12:28:00,918.83,918.83,918.73,918.73,-0.01,192.82,173349.45,-1
2025-02-09,2025-02-09 12:29:00,918.73,918.73,918.62,918.62,-0.01,192.82,173349.45,-1
2025-02-09,2025-02-09 12:30:00,918.62,918.62,918.52,918.52,-0.01,192.82,173349.45,-1
2025-02-09,2025-02-09 12:31:00,918.52,918.52,918.42,918.42,-0.01,192.82,173349.45,-1
2025-02-09,2025-02-09 12:32:00,918.42,918.42,918.31,918.31,-0.01,192.82,173349.45,-1
2025-02-09,2025-02-09 12:33:00,918.31,918.31,918.21,918.21,-0.01,192.82,173349.45,-1
2025-02-09,2025-02-09 12:34:00,918.21,918.21,918.1,918.1,-0.01,192.82,173349.45,-1
2025-02-09,2025-02-09 12:35:00,918.1,918.1,918.0,918.0,-0.01,192.82,173349.45,-1
2025-02-09,2025-02-09 12:36:00,918.0,918.0,917.9,917.9,-0.01,192.82,173349.45,-1
2025-02-09,2025-02-09 12:37:00,917.9,917.9,917.79,917.79,-0.01,192.82,173349.45,-1
2025-02-09,2025-02-09 12:38:00,917.79,917.79,917.69,917.69,-0.01,192.82,173349.45,-1
2025-02-09,2025-02-09 12:39:00,917.69,917.69,917.58,917.58,-0.01,192.82,173349.45,-1
2025-02-09,2025-02-09 12:40:00,917.58,917.58,917.48,917.48,-0.01,192.82,173349.45,-1
2025-02-09,2025-02-09 12:41:00,917.48,917.48,917.38,917.38,-0.01,192.82,173349.45,-1
2025-02-09,2025-02-09 12:42:00,917.38,917.38,917.27,917.27,-0.01,192.82,173349.45,-1
2025-02-09,2025-02-09 12:43:00,917.27,917.27,917.17,917.17,-0.01,192.82,173349.45,-1
2025-02-09,2025-02-09 12:44:00,917.17,917.17,917.06,917.06,-0.01,192.82,173349.45,-1
2025-02-09,2025-02-09 12:45:00,917.06,917.06,916.96,916.96,-0.01,192.82,173349.45,-1
2025-02-09,2025-02-09 12:46:00,916.96,916.96,916.85,916.85,-0.01,192.82,173349.45,-1
2025-02-09,2025-02-09 12:47:00,916.85,916.85,916.75,916.75,-0.01,192.82,173349.45,-1
2025-02-09,2025-02-09 12:48:00,916.75,916.75,916.65,916.65,-0.01,192.82,173349.45,-1
2025-02-09,2025-02-09 12:49:00,916.65,916.65,916.54,916.54,-0.01,192.82,173349.45,-1
2025-02-09,2025-02-09 12:50:00,916.54,916.54,916.44,916.44,-0.01,192.82,173349.45,-1
2025-02-09,2025-02-09 12:51:00,916.44,916.44,916.33,916.33,-0.01,192.82,173349.45,-1
2025-02-09,2025-02-09 12:52:00,916.33,916.33,916.23,916.23,-0.01,192.82,173349.45,-1
2025-02-09,2025-02-09 12:53:00,916.23,916.23,916.12,916.12,-0.01,192.82,173349.45,-1
2025-02-09,2025-02-09 12:54:00,916.12,916.12,916.02,916.02,-0.01,192.82,173349.45,-1
2025-02-09,2025-02-09 12:55:00,916.02,916.02,915.92,915.92,-0.01,192.82,173349.45,-1
2025-02-09,2025-02-09 12:56:00,915.92,915.92,915.81,915.81,-0.01,192.82,173349.45,-1
2025-02-09,2025-02-09 12:57:00,915.81,915.81,915.71,915.71,-0.01,192.82,173349.45,-1
2025-02-09,2025-02-09 12:58:00,915.71,915.71,915.6,915.6,-0.01,192.82,173349.45,-1
2025-02-09,2025-02-09 12:59:00,915.6,915.6,915.5,915.5,-0.01,192.82,173349.45,-1
2025-02-09,2025-02-09 13:00:00,915.5,928.0,882.0,915.4,-0.01,192.82,173349.45,-1
2025-02-09,2025-02-09 13:01:00,915.4,915.4,915.29,915.29,-0.01,192.82,173349.45,-1
2025-02-09,2025-02-09 13:02:00,915.29,915.29,915.19,915.19,-0.01,192.82,173349.45,-1
2025-02-09,2025-02-09 13:03:00,915.19,915.19,915.08,915.08,-0.01,192.82,173349.45,-1
2025-02-09,2025-02-09 13:04:00,915.08,915.08,914.98,914.98,-0.01,192.82,173349.45,-1
2025-02-09,2025-02-09 13:05:00,914.98,914.98,914.88,914.88,-0.01,192.82,173349.45,-1
2025-02-09,2025-02-09 13:06:00,914.88,914.88,914.77,914.77,-0.01,192.82,173349.45,-1
2025-02-09,2025-02-09 13:07:00,914.77,914.77,914.67,914.67,-0.01,192.82,173349.45,-1
2025-02-09,2025-02-09 13:08:00,914.67,914.67,914.56,914.56,-0.01,192.82,173349.45,-1
2025-02-09,2025-02-09 13:09:00,914.56,914.56,914.46,914.46,-0.01,192.82,173349.45,-1
2025-02-09,2025-02-09 13:10:00,914.46,914.46,914.35,914.35,-0.01,192.82,173349.45,-1
2025-02-09,2025-02-09 13:11:00,914.35,914.35,914.25,914.25,-0.01,192.82,173349.45,-1
2025-02-09,2025-02-09 13:12:00,914.25,914.25,914.15,914.15,-0.01,192.82,173349.45,-1
2025-02-09,2025-02-09 13:13:00,914.15,914.15,914.04,914.04,-0.01,192.82,173349.45,-1
2025-02-09,2025-02-09 13:14:00,914.04,914.04,913.94,913.94,-0.01,192.82,173349.45,-1
2025-02-09,2025-02-09 13:15:00,913.94,913.94,913.83,913.83,-0.01,192.82,173349.45,-1
2025-02-09,2025-02-09 13:16:00,913.83,913.83,913.73,913.73,-0.01,192.82,173349.45,-1
2025-02-09,2025-02-09 13:17:00,913.73,913.73,913.62,913.62,-0.01,192.82,173349.45,-1
2025-02-09,2025-02-09 13:18:00,913.62,913.62,913.52,913.52,-0.01,192.82,173349.45,-1
2025-02-09,2025-02-09 13:19:00,913.52,913.52,913.42,913.42,-0.01,192.82,173349.45,-1
2025-02-09,2025-02-09 13:20:00,913.42,913.42,913.31,913.31,-0.01,192.82,173349.45,-1
2025-02-09,2025-02-09 13:21:00,913.31,913.31,913.21,913.21,-0.01,192.82,173349.45,-1
2025-02-09,2025-02-09 13:22:00,913.21,913.21,913.1,913.1,-0.01,192.82,173349.45,-1
2025-02-09,2025-02-09 13:23:00,913.1,913.1,913.0,913.0,-0.01,192.82,173349.45,-1
2025-02-09,2025-02-09 13:24:00,913.0,913.0,912.9,912.9,-0.01,192.82,173349.45,-1
2025-02-09,2025-02-09 13:25:00,912.9,912.9,912.79,912.79,-0.01,192.82,173349.45,-1
2025-02-09,2025-02-09 13:26:00,912.79,912.79,912.69,912.69,-0.01,192.82,173349.45,-1
2025-02-09,2025-02-09 13:27:00,912.69,912.69,912.58,912.58,-0.01,192.82,173349.45,-1
2025-02-09,2025-02-09 13:28:00,912.58,912.58,912.48,912.48,-0.01,192.82,173349.45,-1
2025-02-09,2025-02-09 13:29:00,912.48,912.48,912.38,912.38,-0.01,192.82,173349.45,-1
2025-02-09,2025-02-09 13:30:00,912.38,912.38,912.27,912.27,-0.01,192.82,173349.45,-1
2025-02-09,2025-02-09 13:31:00,912.27,912.27,912.17,912.17,-0.01,192.82,173349.45,-1
2025-02-09,2025-02-09 13:32:00,912.17,912.17,912.06,912.06,-0.01,192.82,173349.45,-1
2025-02-09,2025-02-09 13:33:00,912.06,912.06,911.96,911.96,-0.01,192.82,173349.45,-1
2025-02-09,2025-02-09 13:34:00,911.96,911.96,911.85,911.85,-0.01,192.82,173349.45,-1
2025-02-09,2025-02-09 13:35:00,911.85,911.85,911.75,911.75,-0.01,192.82,173349.45,-1
2025-02-09,2025-02-09 13:36:00,911.75,911.75,911.65,911.65,-0.01,192.82,173349.45,-1
2025-02-09,2025-02-09 13:37:00,911.65,911.65,911.54,911.54,-0.01,192.82,173349.45,-1
2025-02-09,2025-02-09 13:38:00,911.54,911.54,911.44,911.44,-0.01,192.82,173349.45,-1
2025-02-09,2025-02-09 13:39:00,911.44,911.44,911.33,911.33,-0.01,192.82,173349.45,-1
2025-02-09,2025-02-09 13:40:00,911.33,911.33,911.23,911.23,-0.01,192.82,173349.45,-1
2025-02-09,2025-02-09 13:41:00,911.23,911.23,911.12,911.12,-0.01,192.82,173349.45,-1
2025-02-09,2025-02-09 13:42:00,911.12,911.12,911.02,911.02,-0.01,192.82,173349.45,-1
2025-02-09,2025-02-09 13:43:00,911.02,911.02,910.92,910.92,-0.01,192.82,173349.45,-1
2025-02-09,2025-02-09 13:44:00,910.92,910.92,910.81,910.81,-0.01,192.82,173349.45,-1
2025-02-09,2025-02-09 13:45:00,910.81,910.81,910.71,910.71,-0.01,192.82,173349.45,-1
2025-02-09,2025-02-09 13:46:00,910.71,910.71,910.6,910.6,-0.01,192.82,173349.45,-1
2025-02-09,2025-02-09 13:47:00,910.6,910.6,910.5,910.5,-0.01,192.82,173349.45,-1
2025-02-09,2025-02-09 13:48:00,910.5,910.5,910.4,910.4,-0.01,192.82,173349.45,-1
2025-02-09,2025-02-09 13:49:00,910.4,910.4,910.29,910.29,-0.01,192.82,173349.45,-1
2025-02-09,2025-02-09 13:50:00,910.29,910.29,910.19,910.19,-0.01,192.82,173349.45,-1
2025-02-09,2025-02-09 13:51:00,910.19,910.19,910.08,910.08,-0.01,192.82,173349.45,-1
2025-02-09,2025-02-09 13:52:00,910.08,910.08,909.98,909.98,-0.01,192.82,173349.45,-1
2025-02-09,2025-02-09 13:53:00,909.98,909.98,909.88,909.88,-0.01,192.82,173349.45,-1
2025-02-09,2025-02-09 13:54:00,909.88,909.88,909.77,909.77,-0.01,192.82,173349.45,-1
2025-02-09,2025-02-09 13:55:00,909.77,909.77,909.67,909.67,-0.01,192.82,173349.45,-1
2025-02-09,2025-02-09 13:56:00,909.67,909.67,909.56,909.56,-0.01,192.82,173349.45,-1
2025-02-09,2025-02-09 13:57:00,909.56,909.56,909.46,909.46,-0.01,192.82,173349.45,-1
2025-02-09,2025-02-09 13:58:00,909.46,909.46,909.35,909.35,-0.01,192.82,173349.45,-1
2025-02-09,2025-02-09 13:59:00,909.35,909.35,909.25,909.25,-0.01,192.82,173349.45,-1
2025-02-09,2025-02-09 14:00:00,909.25,909.25,909.15,909.15,-0.01,192.82,173349.45,-1
2025-02-09,2025-02-09 14:01:00,909.15,909.15,909.04,909.04,-0.01,192.82,173349.45,-1
2025-02-09,2025-02-09 14:02:00,909.04,909.04,908.94,908.94,-0.01,192.82,173349.45,-1
2025-02-09,2025-02-09 14:03:00,908.94,908.94,908.83,908.83,-0.01,192.82,173349.45,-1
2025-02-09,2025-02-09 14:04:00,908.83,908.83,908.73,908.73,-0.01,192.82,173349.45,-1
2025-02-09,2025-02-09 14:05:00,908.73,908.73,908.62,908.62,-0.01,192.82,173349.45,-1
2025-02-09,2025-02-09 14:06:00,908.62,908.62,908.52,908.52,-0.01,192.82,173349.45,-1
2025-02-09,2025-02-09 14:07:00,908.52,908.52,908.42,908.42,-0.01,192.82,173349.45,-1
2025-02-09,2025-02-09 14:08:00,908.42,908.42,908.31,908.31,-0.01,192.82,173349.45,-1
2025-02-09,2025-02-09 14:09:00,908.31,908.31,908.21,908.21,-0.01,192.82,173349.45,-1
2025-02-09,2025-02-09 14:10:00,908.21,908.21,908.1,908.1,-0.01,192.82,173349.45,-1
2025-02-09,2025-02-09 14:11:00,908.1,908.1,908.0,908.0,-0.01,192.82,173349.45,-1
2025-02-09,2025-02-09 14:12:00,908.0,908.0,907.9,907.9,-0.01,192.82,173349.45,-1
2025-02-09,2025-02-09 14:13:00,907.9,907.9,907.79,907.79,-0.01,192.82,173349.45,-1
2025-02-09,2025-02-09 14:14:00,907.79,907.79,907.69,907.69,-0.01,192.82,173349.45,-1
2025-02-09,2025-02-09 14:15:00,907.69,907.69,907.58,907.58,-0.01,192.82,173349.45,-1
2025-02-09,2025-02-09 14:16:00,907.58,907.58,907.48,907.48,-0.01,192.82,173349.45,-1
2025-02-09,2025-02-09 14:17:00,907.48,907.48,907.38,907.38,-0.01,192.82,173349.45,-1
2025-02-09,2025-02-09 14:18:00,907.38,907.38,907.27,907.27,-0.01,192.82,173349.45,-1
2025-02-09,2025-02-09 14:19:00,907.27,907.27,907.17,907.17,-0.01,192.82,173349.45,-1
2025-02-09,2025-02-09 14:20:00,907.17,907.17,907.06,907.06,-0.01,192.82,173349.45,-1
2025-02-09,2025-02-09 14:21:00,907.06,907.06,906.96,906.96,-0.01,192.82,173349.45,-1
2025-02-09,2025-02-09 14:22:00,906.96,906.96,906.85,906.85,-0.01,192.82,173349.45,-1
2025-02-09,2025-02-09 14:23:00,906.85,906.85,906.75,906.75,-0.01,192.82,173349.45,-1
2025-02-09,2025-02-09 14:24:00,906.75,906.75,906.65,906.65,-0.01,192.82,173349.45,-1
2025-02-09,2025-02-09 14:25:00,906.65,906.65,906.54,906.54,-0.01,192.82,173349.45,-1
2025-02-09,2025-02-09 14:26:00,906.54,906.54,906.44,906.44,-0.01,192.82,173349.45,-1
2025-02-09,2025-02-09 14:27:00,906.44,906.44,906.33,906.33,-0.01,192.82,173349.45,-1
2025-02-09,2025-02-09 14:28:00,906.33,906.33,906.23,906.23,-0.01,192.82,173349.45,-1
2025-02-09,2025-02-09 14:29:00,906.23,906.23,906.12,906.12,-0.01,192.82,173349.45,-1
2025-02-09,2025-02-09 14:30:00,906.12,906.12,906.02,906.02,-0.01,192.82,173349.45,-1
2025-02-09,2025-02-09 14:31:00,906.02,906.02,905.92,905.92,-0.01,192.82,173349.45,-1
2025-02-09,2025-02-09 14:32:00,905.92,905.92,905.81,905.81,-0.01,192.82,173349.45,-1
2025-02-09,2025-02-09 14:33:00,905.81,905.81,905.71,905.71,-0.01,192.82,173349.45,-1
2025-02-09,2025-02-09 14:34:00,905.71,905.71,905.6,905.6,-0.01,192.82,173349.45,-1
2025-02-09,2025-02-09 14:35:00,905.6,905.6,905.5,905.5,-0.01,192.82,173349.45,-1
2025-02-09,2025-02-09 14:36:00,905.5,905.5,905.4,905.4,-0.01,192.82,173349.45,-1
2025-02-09,2025-02-09 14:37:00,905.4,905.4,905.29,905.29,-0.01,192.82,173349.45,-1
2025-02-09,2025-02-09 14:38:00,905.29,905.29,905.19,905.19,-0.01,192.82,173349.45,-1
2025-02-09,2025-02-09 14:39:00,905.19,905.19,905.08,905.08,-0.01,192.82,173349.45,-1
2025-02-09,2025-02-09 14:40:00,905.08,905.08,904.98,904.98,-0.01,192.82,173349.45,-1
2025-02-09,2025-02-09 14:41:00,904.98,904.98,904.88,904.88,-0.01,192.82,173349.45,-1
2025-02-09,2025-02-09 14:42:00,904.88,904.88,904.77,904.77,-0.01,192.82,173349.45,-1
2025-02-09,2025-02-09 14:43:00,904.77,904.77,904.67,904.67,-0.01,192.82,173349.45,-1
2025-02-09,2025-02-09 14:44:00,904.67,904.67,904.56,904.56,-0.01,192.82,173349.45,-1
2025-02-09,2025-02-09 14:45:00,904.56,904.56,904.46,904.46,-0.01,192.82,173349.45,-1
2025-02-09,2025-02-09 14:46:00,904.46,904.46,904.35,904.35,-0.01,192.82,173349.45,-1
2025-02-09,2025-02-09 14:47:00,904.35,904.35,904.25,904.25,-0.01,192.82,173349.45,-1
2025-02-09,2025-02-09 14:48:00,904.25,904.25,904.15,904.15,-0.01,192.82,173349.45,-1
2025-02-09,2025-02-09 14:49:00,904.15,904.15,904.04,904.04,-0.01,192.82,173349.45,-1
2025-02-09,2025-02-09 14:50:00,904.04,904.04,903.94,903.94,-0.01,192.82,173349.45,-1
2025-02-09,2025-02-09 14:51:00,903.94,903.94,903.83,903.83,-0.01,192.82,173349.45,-1
2025-02-09,2025-02-09 14:52:00,903.83,903.83,903.73,903.73,-0.01,192.82,173349.45,-1
2025-02-09,2025-02-09 14:53:00,903.73,903.73,903.62,903.62,-0.01,192.82,173349.45,-1
2025-02-09,2025-02-09 14:54:00,903.62,903.62,903.52,903.52,-0.01,192.82,173349.45,-1
2025-02-09,2025-02-09 14:55:00,903.52,903.52,903.42,903.42,-0.01,192.82,173349.45,-1
2025-02-09,2025-02-09 14:56:00,903.42,903.42,903.31,903.31,-0.01,192.82,173349.45,-1
2025-02-09,2025-02-09 14:57:00,903.31,903.31,903.21,903.21,-0.01,192.82,173349.45,-1
2025-02-09,2025-02-09 14:58:00,903.21,903.21,903.1,903.1,-0.01,192.82,173349.45,-1
2025-02-09,2025-02-09 14:59:00,903.1,903.1,903.0,903.0,-0.01,192.82,173349.45,-1
2025-02-09,2025-02-09 15:00:00,903.0,928.0,882.0,903.0,0.0,192.82,173349.45,0
2025-02-10,2025-02-10 11:00:00,921.0,929.7,908.07,921.09,0.01,463.69,424463.01,1
2025-02-10,2025-02-10 11:01:00,921.09,921.19,921.09,921.19,0.01,463.69,424463.01,1
2025-02-10,2025-02-10 11:02:00,921.19,921.28,921.19,921.28,0.01,463.69,424463.01,1
2025-02-10,2025-02-10 11:03:00,921.28,921.37,921.28,921.37,0.01,463.69,424463.01,1
2025-02-10,2025-02-10 11:04:00,921.37,921.46,921.37,921.46,0.01,463.69,424463.01,1
2025-02-10,2025-02-10 11:05:00,921.46,921.56,921.46,921.56,0.01,463.69,424463.01,1
2025-02-10,2025-02-10 11:06:00,921.56,921.65,921.56,921.65,0.01,463.69,424463.01,1
2025-02-10,2025-02-10 11:07:00,921.65,921.74,921.65,921.74,0.01,463.69,424463.01,1
2025-02-10,2025-02-10 11:08:00,921.74,921.84,921.74,921.84,0.01,463.69,424463.01,1
2025-02-10,2025-02-10 11:09:00,921.84,921.93,921.84,921.93,0.01,463.69,424463.01,1
2025-02-10,2025-02-10 11:10:00,921.93,922.02,921.93,922.02,0.01,463.69,424463.01,1
2025-02-10,2025-02-10 11:11:00,922.02,922.12,922.02,922.12,0.01,463.69,424463.01,1
2025-02-10,2025-02-10 11:12:00,922.12,922.21,922.12,922.21,0.01,463.69,424463.01,1
2025-02-10,2025-02-10 11:13:00,922.21,922.3,922.21,922.3,0.01,463.69,424463.01,1
2025-02-10,2025-02-10 11:14:00,922.3,922.39,922.3,922.39,0.01,463.69,424463.01,1
2025-02-10,2025-02-10 11:15:00,922.39,922.49,922.39,922.49,0.01,463.69,424463.01,1
2025-02-10,2025-02-10 11:16:00,922.49,922.58,922.49,922.58,0.01,463.69,424463.01,1
2025-02-10,2025-02-10 11:17:00,922.58,922.67,922.58,922.67,0.01,463.69,424463.01,1
2025-02-10,2025-02-10 11:18:00,922.67,922.77,922.67,922.77,0.01,463.69,424463.01,1
2025-02-10,2025-02-10 11:19:00,922.77,922.86,922.77,922.86,0.01,463.69,424463.01,1
2025-02-10,2025-02-10 11:20:00,922.86,922.95,922.86,922.95,0.01,463.69,424463.01,1
2025-02-10,2025-02-10 11:21:00,922.95,923.04,922.95,923.04,0.01,463.69,424463.01,1
2025-02-10,2025-02-10 11:22:00,923.04,923.14,923.04,923.14,0.01,463.69,424463.01,1
2025-02-10,2025-02-10 11:23:00,923.14,923.23,923.14,923.23,0.01,463.69,424463.01,1
2025-02-10,2025-02-10 11:24:00,923.23,923.32,923.23,923.32,0.01,463.69,424463.01,1
2025-02-10,2025-02-10 11:25:00,923.32,923.42,923.32,923.42,0.01,463.69,424463.01,1
2025-02-10,2025-02-10 11:26:00,923.42,923.51,923.42,923.51,0.01,463.69,424463.01,1
2025-02-10,2025-02-10 11:27:00,923.51,923.6,923.51,923.6,0.01,463.69,424463.01,1
2025-02-10,2025-02-10 11:28:00,923.6,923.69,923.6,923.69,0.01,463.69,424463.01,1
2025-02-10,2025-02-10 11:29:00,923.69,923.79,923.69,923.79,0.01,463.69,424463.01,1
2025-02-10,2025-02-10 11:30:00,923.79,923.88,923.79,923.88,0.01,463.69,424463.01,1
2025-02-10,2025-02-10 11:31:00,923.88,923.97,923.88,923.97,0.01,463.69,424463.01,1
2025-02-10,2025-02-10 11:32:00,923.97,924.07,923.97,924.07,0.01,463.69,424463.01,1
2025-02-10,2025-02-10 11:33:00,924.07,924.16,924.07,924.16,0.01,463.69,424463.01,1
2025-02-10,2025-02-10 11:34:00,924.16,924.25,924.16,924.25,0.01,463.69,424463.01,1
2025-02-10,2025-02-10 11:35:00,924.25,924.35,924.25,924.35,0.01,463.69,424463.01,1
2025-02-10,2025-02-10 11:36:00,924.35,924.44,924.35,924.44,0.01,463.69,424463.01,1
2025-02-10,2025-02-10 11:37:00,924.44,924.53,924.44,924.53,0.01,463.69,424463.01,1
2025-02-10,2025-02-10 11:38:00,924.53,924.62,924.53,924.62,0.01,463.69,424463.01,1
2025-02-10,2025-02-10 11:39:00,924.62,924.72,924.62,924.72,0.01,463.69,424463.01,1
2025-02-10,2025-02-10 11:40:00,924.72,924.81,924.72,924.81,0.01,463.69,424463.01,1
2025-02-10,2025-02-10 11:41:00,924.81,924.9,924.81,924.9,0.01,463.69,424463.01,1
2025-02-10,2025-02-10 11:42:00,924.9,925.0,924.9,925.0,0.01,463.69,424463.01,1
2025-02-10,2025-02-10 11:43:00,925.0,925.09,925.0,925.09,0.01,463.69,424463.01,1
2025-02-10,2025-02-10 11:44:00,925.09,925.18,925.09,925.18,0.01,463.69,424463.01,1
2025-02-10,2025-02-10 11:45:00,925.18,925.27,925.18,925.27,0.01,463.69,424463.01,1
2025-02-10,2025-02-10 11:46:00,925.27,925.37,925.27,925.37,0.01,463.69,424463.01,1
2025-02-10,2025-02-10 11:47:00,925.37,925.46,925.37,925.46,0.01,463.69,424463.01,1
2025-02-10,2025-02-10 11:48:00,925.46,925.55,925.46,925.55,0.01,463.69,424463.01,1
2025-02-10,2025-02-10 11:49:00,925.55,925.65,925.55,925.65,0.01,463.69,424463.01,1
2025-02-10,2025-02-10 11:50:00,925.65,925.74,925.65,925.74,0.01,463.69,424463.01,1
2025-02-10,2025-02-10 11:51:00,925.74,925.83,925.74,925.83,0.01,463.69,424463.01,1
2025-02-10,2025-02-10 11:52:00,925.83,925.92,925.83,925.92,0.01,463.69,424463.01,1
2025-02-10,2025-02-10 11:53:00,925.92,926.02,925.92,926.02,0.01,463.69,424463.01,1
2025-02-10,2025-02-10 11:54:00,926.02,926.11,926.02,926.11,0.01,463.69,424463.01,1
2025-02-10,2025-02-10 11:55:00,926.11,926.2,926.11,926.2,0.01,463.69,424463.01,1
2025-02-10,2025-02-10 11:56:00,926.2,926.3,926.2,926.3,0.01,463.69,424463.01,1
2025-02-10,2025-02-10 11:57:00,926.3,926.39,926.3,926.39,0.01,463.69,424463.01,1
2025-02-10,2025-02-10 11:58:00,926.39,926.48,926.39,926.48,0.01,463.69,424463.01,1
2025-02-10,2025-02-10 11:59:00,926.48,926.58,926.48,926.58,0.01,463.69,424463.01,1
2025-02-10,2025-02-10 12:00:00,926.58,926.67,926.58,926.67,0.01,463.69,424463.01,1
2025-02-10,2025-02-10 12:01:00,926.67,926.76,926.67,926.76,0.01,463.69,424463.01,1
2025-02-10,2025-02-10 12:02:00,926.76,926.85,926.76,926.85,0.01,463.69,424463.01,1
2025-02-10,2025-02-10 12:03:00,926.85,926.95,926.85,926.95,0.01,463.69,424463.01,1
2025-02-10,2025-02-10 12:04:00,926.95,927.04,926.95,927.04,0.01,463.69,424463.01,1
2025-02-10,2025-02-10 12:05:00,927.04,927.13,927.04,927.13,0.01,463.69,424463.01,1
2025-02-10,2025-02-10 12:06:00,927.13,927.23,927.13,927.23,0.01,463.69,424463.01,1
2025-02-10,2025-02-10 12:07:00,927.23,927.32,927.23,927.32,0.01,463.69,424463.01,1
2025-02-10,2025-02-10 12:08:00,927.32,927.41,927.32,927.41,0.01,463.69,424463.01,1
2025-02-10,2025-02-10 12:09:00,927.41,927.5,927.41,927.5,0.01,463.69,424463.01,1
2025-02-10,2025-02-10 12:10:00,927.5,927.6,927.5,927.6,0.01,463.69,424463.01,1
2025-02-10,2025-02-10 12:11:00,927.6,927.69,927.6,927.69,0.01,463.69,424463.01,1
2025-02-10,2025-02-10 12:12:00,927.69,927.78,927.69,927.78,0.01,463.69,424463.01,1
2025-02-10,2025-02-10 12:13:00,927.78,927.88,927.78,927.88,0.01,463.69,424463.01,1
2025-02-10,2025-02-10 12:14:00,927.88,927.97,927.88,927.97,0.01,463.69,424463.01,1
2025-02-10,2025-02-10 12:15:00,927.97,928.06,927.97,928.06,0.01,463.69,424463.01,1
2025-02-10,2025-02-10 12:16:00,928.06,928.15,928.06,928.15,0.01,463.69,424463.01,1
2025-02-10,2025-02-10 12:17:00,928.15,928.25,928.15,928.25,0.01,463.69,424463.01,1
2025-02-10,2025-02-10 12:18:00,928.25,928.34,928.25,928.34,0.01,463.69,424463.01,1
2025-02-10,2025-02-10 12:19:00,928.34,928.43,928.34,928.43,0.01,463.69,424463.01,1
2025-02-10,2025-02-10 12:20:00,928.43,928.53,928.43,928.53,0.01,463.69,424463.01,1
2025-02-10,2025-02-10 12:21:00,928.53,928.62,928.53,928.62,0.01,463.69,424463.01,1
2025-02-10,2025-02-10 12:22:00,928.62,928.71,928.62,928.71,0.01,463.69,424463.01,1
2025-02-10,2025-02-10 12:23:00,928.71,928.8,928.71,928.8,0.01,463.69,424463.01,1
2025-02-10,2025-02-10 12:24:00,928.8,928.9,928.8,928.9,0.01,463.69,424463.01,1
2025-02-10,2025-02-10 12:25:00,928.9,928.99,928.9,928.99,0.01,463.69,424463.01,1
2025-02-10,2025-02-10 12:26:00,928.99,929.08,928.99,929.08,0.01,463.69,424463.01,1
2025-02-10,2025-02-10 12:27:00,929.08,929.18,929.08,929.18,0.01,463.69,424463.01,1
2025-02-10,2025-02-10 12:28:00,929.18,929.27,929.18,929.27,0.01,463.69,424463.01,1
2025-02-10,2025-02-10 12:29:00,929.27,929.36,929.27,929.36,0.01,463.69,424463.01,1
2025-02-10,2025-02-10 12:30:00,929.36,929.46,929.36,929.46,0.01,463.69,424463.01,1
2025-02-10,2025-02-10 12:31:00,929.46,929.55,929.46,929.55,0.01,463.69,424463.01,1
2025-02-10,2025-02-10 12:32:00,929.55,929.64,929.55,929.64,0.01,463.69,424463.01,1
2025-02-10,2025-02-10 12:33:00,929.64,929.73,929.64,929.73,0.01,463.69,424463.01,1
2025-02-10,2025-02-10 12:34:00,929.73,929.83,929.73,929.83,0.01,463.69,424463.01,1
2025-02-10,2025-02-10 12:35:00,929.83,929.92,929.83,929.92,0.01,463.69,424463.01,1
2025-02-10,2025-02-10 12:36:00,929.92,930.01,929.92,930.01,0.01,463.69,424463.01,1
2025-02-10,2025-02-10 12:37:00,930.01,930.11,930.01,930.11,0.01,463.69,424463.01,1
2025-02-10,2025-02-10 12:38:00,930.11,930.2,930.11,930.2,0.01,463.69,424463.01,1
2025-02-10,2025-02-10 12:39:00,930.2,930.29,930.2,930.29,0.01,463.69,424463.01,1
2025-02-10,2025-02-10 12:40:00,930.29,930.38,930.29,930.38,0.01,463.69,424463.01,1
2025-02-10,2025-02-10 12:41:00,930.38,930.48,930.38,930.48,0.01,463.69,424463.01,1
2025-02-10,2025-02-10 12:42:00,930.48,930.57,930.48,930.57,0.01,463.69,424463.01,1
2025-02-10,2025-02-10 12:43:00,930.57,930.66,930.57,930.66,0.01,463.69,424463.01,1
2025-02-10,2025-02-10 12:44:00,930.66,930.76,930.66,930.76,0.01,463.69,424463.01,1
2025-02-10,2025-02-10 12:45:00,930.76,930.85,930.76,930.85,0.01,463.69,424463.01,1
2025-02-10,2025-02-10 12:46:00,930.85,930.94,930.85,930.94,0.01,463.69,424463.01,1
2025-02-10,2025-02-10 12:47:00,930.94,931.03,930.94,931.03,0.01,463.69,424463.01,1
2025-02-10,2025-02-10 12:48:00,931.03,931.13,931.03,931.13,0.01,463.69,424463.01,1
2025-02-10,2025-02-10 12:49:00,931.13,931.22,931.13,931.22,0.01,463.69,424463.01,1
2025-02-10,2025-02-10 12:50:00,931.22,931.31,931.22,931.31,0.01,463.69,424463.01,1
2025-02-10,2025-02-10 12:51:00,931.31,931.41,931.31,931.41,0.01,463.69,424463.01,1
2025-02-10,2025-02-10 12:52:00,931.41,931.5,931.41,931.5,0.01,463.69,424463.01,1
2025-02-10,2025-02-10 12:53:00,931.5,931.59,931.5,931.59,0.01,463.69,424463.01,1
2025-02-10,2025-02-10 12:54:00,931.59,931.69,931.59,931.69,0.01,463.69,424463.01,1
2025-02-10,2025-02-10 12:55:00,931.69,931.78,931.69,931.78,0.01,463.69,424463.01,1
2025-02-10,2025-02-10 12:56:00,931.78,931.87,931.78,931.87,0.01,463.69,424463.01,1
2025-02-10,2025-02-10 12:57:00,931.87,931.96,931.87,931.96,0.01,463.69,424463.01,1
2025-02-10,2025-02-10 12:58:00,931.96,932.06,931.96,932.06,0.01,463.69,424463.01,1
2025-02-10,2025-02-10 12:59:00,932.06,932.15,932.06,932.15,0.01,463.69,424463.01,1
2025-02-10,2025-02-10 13:00:00,932.15,950.0,877.9,932.24,0.01,463.69,424463.01,1
2025-02-10,2025-02-10 13:01:00,932.24,932.34,932.24,932.34,0.01,463.69,424463.01,1
2025-02-10,2025-02-10 13:02:00,932.34,932.43,932.34,932.43,0.01,463.69,424463.01,1
2025-02-10,2025-02-10 13:03:00,932.43,932.52,932.43,932.52,0.01,463.69,424463.01,1
2025-02-10,2025-02-10 13:04:00,932.52,932.61,932.52,932.61,0.01,463.69,424463.01,1
2025-02-10,2025-02-10 13:05:00,932.61,932.71,932.61,932.71,0.01,463.69,424463.01,1
2025-02-10,2025-02-10 13:06:00,932.71,932.8,932.71,932.8,0.01,463.69,424463.01,1
2025-02-10,2025-02-10 13:07:00,932.8,932.89,932.8,932.89,0.01,463.69,424463.01,1
2025-02-10,2025-02-10 13:08:00,932.89,932.99,932.89,932.99,0.01,463.69,424463.01,1
2025-02-10,2025-02-10 13:09:00,932.99,933.08,932.99,933.08,0.01,463.69,424463.01,1
2025-02-10,2025-02-10 13:10:00,933.08,933.17,933.08,933.17,0.01,463.69,424463.01,1
2025-02-10,2025-02-10 13:11:00,933.17,933.26,933.17,933.26,0.01,463.69,424463.01,1
2025-02-10,2025-02-10 13:12:00,933.26,933.36,933.26,933.36,0.01,463.69,424463.01,1
2025-02-10,2025-02-10 13:13:00,933.36,933.45,933.36,933.45,0.01,463.69,424463.01,1
2025-02-10,2025-02-10 13:14:00,933.45,933.54,933.45,933.54,0.01,463.69,424463.01,1
2025-02-10,2025-02-10 13:15:00,933.54,933.64,933.54,933.64,0.01,463.69,424463.01,1
2025-02-10,2025-02-10 13:16:00,933.64,933.73,933.64,933.73,0.01,463.69,424463.01,1
2025-02-10,2025-02-10 13:17:00,933.73,933.82,933.73,933.82,0.01,463.69,424463.01,1
2025-02-10,2025-02-10 13:18:00,933.82,933.92,933.82,933.92,0.01,463.69,424463.01,1
2025-02-10,2025-02-10 13:19:00,933.92,934.01,933.92,934.01,0.01,463.69,424463.01,1
2025-02-10,2025-02-10 13:20:00,934.01,934.1,934.01,934.1,0.01,463.69,424463.01,1
2025-02-10,2025-02-10 13:21:00,934.1,934.19,934.1,934.19,0.01,463.69,424463.01,1
2025-02-10,2025-02-10 13:22:00,934.19,934.29,934.19,934.29,0.01,463.69,424463.01,1
2025-02-10,2025-02-10 13:23:00,934.29,934.38,934.29,934.38,0.01,463.69,424463.01,1
2025-02-10,2025-02-10 13:24:00,934.38,934.47,934.38,934.47,0.01,463.69,424463.01,1
2025-02-10,2025-02-10 13:25:00,934.47,934.57,934.47,934.57,0.01,463.69,424463.01,1
2025-02-10,2025-02-10 13:26:00,934.57,934.66,934.57,934.66,0.01,463.69,424463.01,1
2025-02-10,2025-02-10 13:27:00,934.66,934.75,934.66,934.75,0.01,463.69,424463.01,1
2025-02-10,2025-02-10 13:28:00,934.75,934.84,934.75,934.84,0.01,463.69,424463.01,1
2025-02-10,2025-02-10 13:29:00,934.84,934.94,934.84,934.94,0.01,463.69,424463.01,1
2025-02-10,2025-02-10 13:30:00,934.94,935.03,934.94,935.03,0.01,463.69,424463.01,1
2025-02-10,2025-02-10 13:31:00,935.03,935.12,935.03,935.12,0.01,463.69,424463.01,1
2025-02-10,2025-02-10 13:32:00,935.12,935.22,935.12,935.22,0.01,463.69,424463.01,1
2025-02-10,2025-02-10 13:33:00,935.22,935.31,935.22,935.31,0.01,463.69,424463.01,1
2025-02-10,2025-02-10 13:34:00,935.31,935.4,935.31,935.4,0.01,463.69,424463.01,1
2025-02-10,2025-02-10 13:35:00,935.4,935.5,935.4,935.5,0.01,463.69,424463.01,1
2025-02-10,2025-02-10 13:36:00,935.5,935.59,935.5,935.59,0.01,463.69,424463.01,1
2025-02-10,2025-02-10 13:37:00,935.59,935.68,935.59,935.68,0.01,463.69,424463.01,1
2025-02-10,2025-02-10 13:38:00,935.68,935.77,935.68,935.77,0.01,463.69,424463.01,1
2025-02-10,2025-02-10 13:39:00,935.77,935.87,935.77,935.87,0.01,463.69,424463.01,1
2025-02-10,2025-02-10 13:40:00,935.87,935.96,935.87,935.96,0.01,463.69,424463.01,1
2025-02-10,2025-02-10 13:41:00,935.96,936.05,935.96,936.05,0.01,463.69,424463.01,1
2025-02-10,2025-02-10 13:42:00,936.05,936.15,936.05,936.15,0.01,463.69,424463.01,1
2025-02-10,2025-02-10 13:43:00,936.15,936.24,936.15,936.24,0.01,463.69,424463.01,1
2025-02-10,2025-02-10 13:44:00,936.24,936.33,936.24,936.33,0.01,463.69,424463.01,1
2025-02-10,2025-02-10 13:45:00,936.33,936.42,936.33,936.42,0.01,463.69,424463.01,1
2025-02-10,2025-02-10 13:46:00,936.42,936.52,936.42,936.52,0.01,463.69,424463.01,1
2025-02-10,2025-02-10 13:47:00,936.52,936.61,936.52,936.61,0.01,463.69,424463.01,1
2025-02-10,2025-02-10 13:48:00,936.61,936.7,936.61,936.7,0.01,463.69,424463.01,1
2025-02-10,2025-02-10 13:49:00,936.7,936.8,936.7,936.8,0.01,463.69,424463.01,1
2025-02-10,2025-02-10 13:50:00,936.8,936.89,936.8,936.89,0.01,463.69,424463.01,1
2025-02-10,2025-02-10 13:51:00,936.89,936.98,936.89,936.98,0.01,463.69,424463.01,1
2025-02-10,2025-02-10 13:52:00,936.98,937.07,936.98,937.07,0.01,463.69,424463.01,1
2025-02-10,2025-02-10 13:53:00,937.07,937.17,937.07,937.17,0.01,463.69,424463.01,1
2025-02-10,2025-02-10 13:54:00,937.17,937.26,937.17,937.26,0.01,463.69,424463.01,1
2025-02-10,2025-02-10 13:55:00,937.26,937.35,937.26,937.35,0.01,463.69,424463.01,1
2025-02-10,2025-02-10 13:56:00,937.35,937.45,937.35,937.45,0.01,463.69,424463.01,1
2025-02-10,2025-02-10 13:57:00,937.45,937.54,937.45,937.54,0.01,463.69,424463.01,1
2025-02-10,2025-02-10 13:58:00,937.54,937.63,937.54,937.63,0.01,463.69,424463.01,1
2025-02-10,2025-02-10 13:59:00,937.63,937.72,937.63,937.72,0.01,463.69,424463.01,1
2025-02-10,2025-02-10 14:00:00,937.72,937.82,937.72,937.82,0.01,463.69,424463.01,1
2025-02-10,2025-02-10 14:01:00,937.82,937.91,937.82,937.91,0.01,463.69,424463.01,1
2025-02-10,2025-02-10 14:02:00,937.91,938.0,937.91,938.0,0.01,463.69,424463.01,1
2025-02-10,2025-02-10 14:03:00,938.0,938.1,938.0,938.1,0.01,463.69,424463.01,1
2025-02-10,2025-02-10 14:04:00,938.1,938.19,938.1,938.19,0.01,463.69,424463.01,1
2025-02-10,2025-02-10 14:05:00,938.19,938.28,938.19,938.28,0.01,463.69,424463.01,1
2025-02-10,2025-02-10 14:06:00,938.28,938.38,938.28,938.38,0.01,463.69,424463.01,1
2025-02-10,2025-02-10 14:07:00,938.38,938.47,938.38,938.47,0.01,463.69,424463.01,1
2025-02-10,2025-02-10 14:08:00,938.47,938.56,938.47,938.56,0.01,463.69,424463.01,1
2025-02-10,2025-02-10 14:09:00,938.56,938.65,938.56,938.65,0.01,463.69,424463.01,1
2025-02-10,2025-02-10 14:10:00,938.65,938.75,938.65,938.75,0.01,463.69,424463.01,1
2025-02-10,2025-02-10 14:11:00,938.75,938.84,938.75,938.84,0.01,463.69,424463.01,1
2025-02-10,2025-02-10 14:12:00,938.84,938.93,938.84,938.93,0.01,463.69,424463.01,1
2025-02-10,2025-02-10 14:13:00,938.93,939.03,938.93,939.03,0.01,463.69,424463.01,1
2025-02-10,2025-02-10 14:14:00,939.03,939.12,939.03,939.12,0.01,463.69,424463.01,1
2025-02-10,2025-02-10 14:15:00,939.12,939.21,939.12,939.21,0.01,463.69,424463.01,1
2025-02-10,2025-02-10 14:16:00,939.21,939.3,939.21,939.3,0.01,463.69,424463.01,1
2025-02-10,2025-02-10 14:17:00,939.3,939.4,939.3,939.4,0.01,463.69,424463.01,1
2025-02-10,2025-02-10 14:18:00,939.4,939.49,939.4,939.49,0.01,463.69,424463.01,1
2025-02-10,2025-02-10 14:19:00,939.49,939.58,939.49,939.58,0.01,463.69,424463.01,1
2025-02-10,2025-02-10 14:20:00,939.58,939.68,939.58,939.68,0.01,463.69,424463.01,1
2025-02-10,2025-02-10 14:21:00,939.68,939.77,939.68,939.77,0.01,463.69,424463.01,1
2025-02-10,2025-02-10 14:22:00,939.77,939.86,939.77,939.86,0.01,463.69,424463.01,1
2025-02-10,2025-02-10 14:23:00,939.86,939.95,939.86,939.95,0.01,463.69,424463.01,1
2025-02-10,2025-02-10 14:24:00,939.95,940.05,939.95,940.05,0.01,463.69,424463.01,1
2025-02-10,2025-02-10 14:25:00,940.05,940.14,940.05,940.14,0.01,463.69,424463.01,1
2025-02-10,2025-02-10 14:26:00,940.14,940.23,940.14,940.23,0.01,463.69,424463.01,1
2025-02-10,2025-02-10 14:27:00,940.23,940.33,940.23,940.33,0.01,463.69,424463.01,1
2025-02-10,2025-02-10 14:28:00,940.33,940.42,940.33,940.42,0.01,463.69,424463.01,1
2025-02-10,2025-02-10 14:29:00,940.42,940.51,940.42,940.51,0.01,463.69,424463.01,1
2025-02-10,2025-02-10 14:30:00,940.51,940.61,940.51,940.61,0.01,463.69,424463.01,1
2025-02-10,2025-02-10 14:31:00,940.61,940.7,940.61,940.7,0.01,463.69,424463.01,1
2025-02-10,2025-02-10 14:32:00,940.7,940.79,940.7,940.79,0.01,463.69,424463.01,1
2025-02-10,2025-02-10 14:33:00,940.79,940.88,940.79,940.88,0.01,463.69,424463.01,1
2025-02-10,2025-02-10 14:34:00,940.88,940.98,940.88,940.98,0.01,463.69,424463.01,1
2025-02-10,2025-02-10 14:35:00,940.98,941.07,940.98,941.07,0.01,463.69,424463.01,1
2025-02-10,2025-02-10 14:36:00,941.07,941.16,941.07,941.16,0.01,463.69,424463.01,1
2025-02-10,2025-02-10 14:37:00,941.16,941.26,941.16,941.26,0.01,463.69,424463.01,1
2025-02-10,2025-02-10 14:38:00,941.26,941.35,941.26,941.35,0.01,463.69,424463.01,1
2025-02-10,2025-02-10 14:39:00,941.35,941.44,941.35,941.44,0.01,463.69,424463.01,1
2025-02-10,2025-02-10 14:40:00,941.44,941.53,941.44,941.53,0.01,463.69,424463.01,1
2025-02-10,2025-02-10 14:41:00,941.53,941.63,941.53,941.63,0.01,463.69,424463.01,1
2025-02-10,2025-02-10 14:42:00,941.63,941.72,941.63,941.72,0.01,463.69,424463.01,1
2025-02-10,2025-02-10 14:43:00,941.72,941.81,941.72,941.81,0.01,463.69,424463.01,1
2025-02-10,2025-02-10 14:44:00,941.81,941.91,941.81,941.91,0.01,463.69,424463.01,1
2025-02-10,2025-02-10 14:45:00,941.91,942.0,941.91,942.0,0.01,463.69,424463.01,1
2025-02-10,2025-02-10 14:46:00,942.0,942.09,942.0,942.09,0.01,463.69,424463.01,1
2025-02-10,2025-02-10 14:47:00,942.09,942.18,942.09,942.18,0.01,463.69,424463.01,1
2025-02-10,2025-02-10 14:48:00,942.18,942.28,942.18,942.28,0.01,463.69,424463.01,1
2025-02-10,2025-02-10 14:49:00,942.28,942.37,942.28,942.37,0.01,463.69,424463.01,1
2025-02-10,2025-02-10 14:50:00,942.37,942.46,942.37,942.46,0.01,463.69,424463.01,1
2025-02-10,2025-02-10 14:51:00,942.46,942.56,942.46,942.56,0.01,463.69,424463.01,1
2025-02-10,2025-02-10 14:52:00,942.56,942.65,942.56,942.65,0.01,463.69,424463.01,1
2025-02-10,2025-02-10 14:53:00,942.65,942.74,942.65,942.74,0.01,463.69,424463.01,1
2025-02-10,2025-02-10 14:54:00,942.74,942.84,942.74,942.84,0.01,463.69,424463.01,1
2025-02-10,2025-02-10 14:55:00,942.84,942.93,942.84,942.93,0.01,463.69,424463.01,1
2025-02-10,2025-02-10 14:56:00,942.93,943.02,942.93,943.02,0.01,463.69,424463.01,1
2025-02-10,2025-02-10 14:57:00,943.02,943.11,943.02,943.11,0.01,463.69,424463.01,1
2025-02-10,2025-02-10 14:58:00,943.11,943.21,943.11,943.21,0.01,463.69,424463.01,1
2025-02-10,2025-02-10 14:59:00,943.21,943.3,943.21,943.3,0.01,463.69,424463.01,1
2025-02-10,2025-02-10 15:00:00,943.3,950.0,877.9,943.3,0.0,463.69,424463.01,0
2025-02-11,2025-02-11 11:00:00,924.5,950.39,901.85,924.19,-0.03,469.46,430991.55,-1
2025-02-11,2025-02-11 11:01:00,924.19,924.19,923.87,923.87,-0.03,469.46,430991.55,-1
2025-02-11,2025-02-11 11:02:00,923.87,923.87,923.56,923.56,-0.03,469.46,430991.55,-1
2025-02-11,2025-02-11 11:03:00,923.56,923.56,923.24,923.24,-0.03,469.46,430991.55,-1
2025-02-11,2025-02-11 11:04:00,923.24,923.24,922.93,922.93,-0.03,469.46,430991.55,-1
2025-02-11,2025-02-11 11:05:00,922.93,922.93,922.61,922.61,-0.03,469.46,430991.55,-1
2025-02-11,2025-02-11 11:06:00,922.61,922.61,922.3,922.3,-0.03,469.46,430991.55,-1
2025-02-11,2025-02-11 11:07:00,922.3,922.3,921.98,921.98,-0.03,469.46,430991.55,-1
2025-02-11,2025-02-11 11:08:00,921.98,921.98,921.67,921.67,-0.03,469.46,430991.55,-1
2025-02-11,2025-02-11 11:09:00,921.67,921.67,921.35,921.35,-0.03,469.46,430991.55,-1
2025-02-11,2025-02-11 11:10:00,921.35,921.35,921.04,921.04,-0.03,469.46,430991.55,-1
2025-02-11,2025-02-11 11:11:00,921.04,921.04,920.73,920.73,-0.03,469.46,430991.55,-1
2025-02-11,2025-02-11 11:12:00,920.73,920.73,920.41,920.41,-0.03,469.46,430991.55,-1
2025-02-11,2025-02-11 11:13:00,920.41,920.41,920.1,920.1,-0.03,469.46,430991.55,-1
2025-02-11,2025-02-11 11:14:00,920.1,920.1,919.78,919.78,-0.03,469.46,430991.55,-1
2025-02-11,2025-02-11 11:15:00,919.78,919.78,919.47,919.47,-0.03,469.46,430991.55,-1
2025-02-11,2025-02-11 11:16:00,919.47,919.47,919.15,919.15,-0.03,469.46,430991.55,-1
2025-02-11,2025-02-11 11:17:00,919.15,919.15,918.84,918.84,-0.03,469.46,430991.55,-1
2025-02-11,2025-02-11 11:18:00,918.84,918.84,918.52,918.52,-0.03,469.46,430991.55,-1
2025-02-11,2025-02-11 11:19:00,918.52,918.52,918.21,918.21,-0.03,469.46,430991.55,-1
2025-02-11,2025-02-11 11:20:00,918.21,918.21,917.89,917.89,-0.03,469.46,430991.55,-1
2025-02-11,2025-02-11 11:21:00,917.89,917.89,917.58,917.58,-0.03,469.46,430991.55,-1
2025-02-11,2025-02-11 11:22:00,917.58,917.58,917.26,917.26,-0.03,469.46,430991.55,-1
2025-02-11,2025-02-11 11:23:00,917.26,917.26,916.95,916.95,-0.03,469.46,430991.55,-1
2025-02-11,2025-02-11 11:24:00,916.95,916.95,916.64,916.64,-0.03,469.46,430991.55,-1
2025-02-11,2025-02-11 11:25:00,916.64,916.64,916.32,916.32,-0.03,469.46,430991.55,-1
2025-02-11,2025-02-11 11:26:00,916.32,916.32,916.01,916.01,-0.03,469.46,430991.55,-1
2025-02-11,2025-02-11 11:27:00,916.01,916.01,915.69,915.69,-0.03,469.46,430991.55,-1
2025-02-11,2025-02-11 11:28:00,915.69,915.69,915.38,915.38,-0.03,469.46,430991.55,-1
2025-02-11,2025-02-11 11:29:00,915.38,915.38,915.06,915.06,-0.03,469.46,430991.55,-1
2025-02-11,2025-02-11 11:30:00,915.06,915.06,914.75,914.75,-0.03,469.46,430991.55,-1
2025-02-11,2025-02-11 11:31:00,914.75,914.75,914.43,914.43,-0.03,469.46,430991.55,-1
2025-02-11,2025-02-11 11:32:00,914.43,914.43,914.12,914.12,-0.03,469.46,430991.55,-1
2025-02-11,2025-02-11 11:33:00,914.12,914.12,913.8,913.8,-0.04,469.46,430991.55,-1
2025-02-11,2025-02-11 11:34:00,913.8,913.8,913.49,913.49,-0.03,469.46,430991.55,-1
2025-02-11,2025-02-11 11:35:00,913.49,913.49,913.17,913.17,-0.04,469.46,430991.55,-1
2025-02-11,2025-02-11 11:36:00,913.17,913.17,912.86,912.86,-0.03,469.46,430991.55,-1
2025-02-11,2025-02-11 11:37:00,912.86,912.86,912.55,912.55,-0.03,469.46,430991.55,-1
2025-02-11,2025-02-11 11:38:00,912.55,912.55,912.23,912.23,-0.04,469.46,430991.55,-1
2025-02-11,2025-02-11 11:39:00,912.23,912.23,911.92,911.92,-0.03,469.46,430991.55,-1
2025-02-11,2025-02-11 11:40:00,911.92,911.92,911.6,911.6,-0.04,469.46,430991.55,-1
2025-02-11,2025-02-11 11:41:00,911.6,911.6,911.29,911.29,-0.03,469.46,430991.55,-1
2025-02-11,2025-02-11 11:42:00,911.29,911.29,910.97,910.97,-0.04,469.46,430991.55,-1
2025-02-11,2025-02-11 11:43:00,910.97,910.97,910.66,910.66,-0.03,469.46,430991.55,-1
2025-02-11,2025-02-11 11:44:00,910.66,910.66,910.34,910.34,-0.04,469.46,430991.55,-1
2025-02-11,2025-02-11 11:45:00,910.34,910.34,910.03,910.03,-0.03,469.46,430991.55,-1
2025-02-11,2025-02-11 11:46:00,910.03,910.03,909.71,909.71,-0.04,469.46,430991.55,-1
2025-02-11,2025-02-11 11:47:00,909.71,909.71,909.4,909.4,-0.03,469.46,430991.55,-1
2025-02-11,2025-02-11 11:48:00,909.4,909.4,909.09,909.09,-0.03,469.46,430991.55,-1
2025-02-11,2025-02-11 11:49:00,909.09,909.09,908.77,908.77,-0.04,469.46,430991.55,-1
2025-02-11,2025-02-11 11:50:00,908.77,908.77,908.46,908.46,-0.03,469.46,430991.55,-1
2025-02-11,2025-02-11 11:51:00,908.46,908.46,908.14,908.14,-0.04,469.46,430991.55,-1
2025-02-11,2025-02-11 11:52:00,908.14,908.14,907.83,907.83,-0.03,469.46,430991.55,-1
2025-02-11,2025-02-11 11:53:00,907.83,907.83,907.51,907.51,-0.04,469.46,430991.55,-1
2025-02-11,2025-02-11 11:54:00,907.51,907.51,907.2,907.2,-0.03,469.46,430991.55,-1
2025-02-11,2025-02-11 11:55:00,907.2,907.2,906.88,906.88,-0.04,469.46,430991.55,-1
2025-02-11,2025-02-11 11:56:00,906.88,906.88,906.57,906.57,-0.03,469.46,430991.55,-1
2025-02-11,2025-02-11 11:57:00,906.57,906.57,906.25,906.25,-0.04,469.46,430991.55,-1
2025-02-11,2025-02-11 11:58:00,906.25,906.25,905.94,905.94,-0.03,469.46,430991.55,-1
2025-02-11,2025-02-11 11:59:00,905.94,905.94,905.62,905.62,-0.04,469.46,430991.55,-1
2025-02-11,2025-02-11 12:00:00,905.62,905.62,905.31,905.31,-0.03,469.46,430991.55,-1
2025-02-11,2025-02-11 12:01:00,905.31,905.31,905.0,905.0,-0.03,469.46,430991.55,-1
2025-02-11,2025-02-11 12:02:00,905.0,905.0,904.68,904.68,-0.04,469.46,430991.55,-1
2025-02-11,2025-02-11 12:03:00,904.68,904.68,904.37,904.37,-0.03,469.46,430991.55,-1
2025-02-11,2025-02-11 12:04:00,904.37,904.37,904.05,904.05,-0.04,469.46,430991.55,-1
2025-02-11,2025-02-11 12:05:00,904.05,904.05,903.74,903.74,-0.03,469.46,430991.55,-1
2025-02-11,2025-02-11 12:06:00,903.74,903.74,903.42,903.42,-0.04,469.46,430991.55,-1
2025-02-11,2025-02-11 12:07:00,903.42,903.42,903.11,903.11,-0.03,469.46,430991.55,-1
2025-02-11,2025-02-11 12:08:00,903.11,903.11,902.79,902.79,-0.04,469.46,430991.55,-1
2025-02-11,2025-02-11 12:09:00,902.79,902.79,902.48,902.48,-0.03,469.46,430991.55,-1
2025-02-11,2025-02-11 12:10:00,902.48,902.48,902.16,902.16,-0.04,469.46,430991.55,-1
2025-02-11,2025-02-11 12:11:00,902.16,902.16,901.85,901.85,-0.03,469.46,430991.55,-1
2025-02-11,2025-02-11 12:12:00,901.85,901.85,901.54,901.54,-0.03,469.46,430991.55,-1
2025-02-11,2025-02-11 12:13:00,901.54,901.54,901.22,901.22,-0.04,469.46,430991.55,-1
2025-02-11,2025-02-11 12:14:00,901.22,901.22,900.91,900.91,-0.03,469.46,430991.55,-1
2025-02-11,2025-02-11 12:15:00,900.91,900.91,900.59,900.59,-0.04,469.46,430991.55,-1
2025-02-11,2025-02-11 12:16:00,900.59,900.59,900.28,900.28,-0.03,469.46,430991.55,-1
2025-02-11,2025-02-11 12:17:00,900.28,900.28,899.96,899.96,-0.04,469.46,430991.55,-1
2025-02-11,2025-02-11 12:18:00,899.96,899.96,899.65,899.65,-0.03,469.46,430991.55,-1
2025-02-11,2025-02-11 12:19:00,899.65,899.65,899.33,899.33,-0.04,469.46,430991.55,-1
2025-02-11,2025-02-11 12:20:00,899.33,899.33,899.02,899.02,-0.03,469.46,430991.55,-1
2025-02-11,2025-02-11 12:21:00,899.02,899.02,898.7,898.7,-0.04,469.46,430991.55,-1
2025-02-11,2025-02-11 12:22:00,898.7,898.7,898.39,898.39,-0.03,469.46,430991.55,-1
2025-02-11,2025-02-11 12:23:00,898.39,898.39,898.08,898.08,-0.03,469.46,430991.55,-1
2025-02-11,2025-02-11 12:24:00,898.08,898.08,897.76,897.76,-0.04,469.46,430991.55,-1
2025-02-11,2025-02-11 12:25:00,897.76,897.76,897.45,897.45,-0.03,469.46,430991.55,-1
2025-02-11,2025-02-11 12:26:00,897.45,897.45,897.13,897.13,-0.04,469.46,430991.55,-1
2025-02-11,2025-02-11 12:27:00,897.13,897.13,896.82,896.82,-0.03,469.46,430991.55,-1
2025-02-11,2025-02-11 12:28:00,896.82,896.82,896.5,896.5,-0.04,469.46,430991.55,-1
2025-02-11,2025-02-11 12:29:00,896.5,896.5,896.19,896.19,-0.03,469.46,430991.55,-1
2025-02-11,2025-02-11 12:30:00,896.19,896.19,895.87,895.87,-0.04,469.46,430991.55,-1
2025-02-11,2025-02-11 12:31:00,895.87,895.87,895.56,895.56,-0.03,469.46,430991.55,-1
2025-02-11,2025-02-11 12:32:00,895.56,895.56,895.24,895.24,-0.04,469.46,430991.55,-1
2025-02-11,2025-02-11 12:33:00,895.24,895.24,894.93,894.93,-0.03,469.46,430991.55,-1
2025-02-11,2025-02-11 12:34:00,894.93,894.93,894.61,894.61,-0.04,469.46,430991.55,-1
2025-02-11,2025-02-11 12:35:00,894.61,894.61,894.3,894.3,-0.03,469.46,430991.55,-1
2025-02-11,2025-02-11 12:36:00,894.3,894.3,893.99,893.99,-0.03,469.46,430991.55,-1
2025-02-11,2025-02-11 12:37:00,893.99,893.99,893.67,893.67,-0.04,469.46,430991.55,-1
2025-02-11,2025-02-11 12:38:00,893.67,893.67,893.36,893.36,-0.03,469.46,430991.55,-1
2025-02-11,2025-02-11 12:39:00,893.36,893.36,893.04,893.04,-0.04,469.46,430991.55,-1
2025-02-11,2025-02-11 12:40:00,893.04,893.04,892.73,892.73,-0.03,469.46,430991.55,-1
2025-02-11,2025-02-11 12:41:00,892.73,892.73,892.41,892.41,-0.04,469.46,430991.55,-1
2025-02-11,2025-02-11 12:42:00,892.41,892.41,892.1,892.1,-0.03,469.46,430991.55,-1
2025-02-11,2025-02-11 12:43:00,892.1,892.1,891.78,891.78,-0.04,469.46,430991.55,-1
2025-02-11,2025-02-11 12:44:00,891.78,891.78,891.47,891.47,-0.03,469.46,430991.55,-1
2025-02-11,2025-02-11 12:45:00,891.47,891.47,891.15,891.15,-0.04,469.46,430991.55,-1
2025-02-11,2025-02-11 12:46:00,891.15,891.15,890.84,890.84,-0.03,469.46,430991.55,-1
2025-02-11,2025-02-11 12:47:00,890.84,890.84,890.52,890.52,-0.04,469.46,430991.55,-1
2025-02-11,2025-02-11 12:48:00,890.52,890.52,890.21,890.21,-0.03,469.46,430991.55,-1
2025-02-11,2025-02-11 12:49:00,890.21,890.21,889.9,889.9,-0.03,469.46,430991.55,-1
2025-02-11,2025-02-11 12:50:00,889.9,889.9,889.58,889.58,-0.04,469.46,430991.55,-1
2025-02-11,2025-02-11 12:51:00,889.58,889.58,889.27,889.27,-0.03,469.46,430991.55,-1
2025-02-11,2025-02-11 12:52:00,889.27,889.27,888.95,888.95,-0.04,469.46,430991.55,-1
2025-02-11,2025-02-11 12:53:00,888.95,888.95,888.64,888.64,-0.03,469.46,430991.55,-1
2025-02-11,2025-02-11 12:54:00,888.64,888.64,888.32,888.32,-0.04,469.46,430991.55,-1
2025-02-11,2025-02-11 12:55:00,888.32,888.32,888.01,888.01,-0.03,469.46,430991.55,-1
2025-02-11,2025-02-11 12:56:00,888.01,888.01,887.69,887.69,-0.04,469.46,430991.55,-1
2025-02-11,2025-02-11 12:57:00,887.69,887.69,887.38,887.38,-0.03,469.46,430991.55,-1
2025-02-11,2025-02-11 12:58:00,887.38,887.38,887.06,887.06,-0.04,469.46,430991.55,-1
2025-02-11,2025-02-11 12:59:00,887.06,887.06,886.75,886.75,-0.03,469.46,430991.55,-1
2025-02-11,2025-02-11 13:00:00,886.75,1010.8,849.0,886.44,-0.03,469.46,430991.55,-1
2025-02-11,2025-02-11 13:01:00,886.44,886.44,886.12,886.12,-0.04,469.46,430991.55,-1
2025-02-11,2025-02-11 13:02:00,886.12,886.12,885.81,885.81,-0.03,469.46,430991.55,-1
2025-02-11,2025-02-11 13:03:00,885.81,885.81,885.49,885.49,-0.04,469.46,430991.55,-1
2025-02-11,2025-02-11 13:04:00,885.49,885.49,885.18,885.18,-0.04,469.46,430991.55,-1
2025-02-11,2025-02-11 13:05:00,885.18,885.18,884.86,884.86,-0.04,469.46,430991.55,-1
2025-02-11,2025-02-11 13:06:00,884.86,884.86,884.55,884.55,-0.04,469.46,430991.55,-1
2025-02-11,2025-02-11 13:07:00,884.55,884.55,884.23,884.23,-0.04,469.46,430991.55,-1
2025-02-11,2025-02-11 13:08:00,884.23,884.23,883.92,883.92,-0.04,469.46,430991.55,-1
2025-02-11,2025-02-11 13:09:00,883.92,883.92,883.6,883.6,-0.04,469.46,430991.55,-1
2025-02-11,2025-02-11 13:10:00,883.6,883.6,883.29,883.29,-0.04,469.46,430991.55,-1
2025-02-11,2025-02-11 13:11:00,883.29,883.29,882.98,882.98,-0.04,469.46,430991.55,-1
2025-02-11,2025-02-11 13:12:00,882.98,882.98,882.66,882.66,-0.04,469.46,430991.55,-1
2025-02-11,2025-02-11 13:13:00,882.66,882.66,882.35,882.35,-0.04,469.46,430991.55,-1
2025-02-11,2025-02-11 13:14:00,882.35,882.35,882.03,882.03,-0.04,469.46,430991.55,-1
2025-02-11,2025-02-11 13:15:00,882.03,882.03,881.72,881.72,-0.04,469.46,430991.55,-1
2025-02-11,2025-02-11 13:16:00,881.72,881.72,881.4,881.4,-0.04,469.46,430991.55,-1
2025-02-11,2025-02-11 13:17:00,881.4,881.4,881.09,881.09,-0.04,469.46,430991.55,-1
2025-02-11,2025-02-11 13:18:00,881.09,881.09,880.77,880.77,-0.04,469.46,430991.55,-1
2025-02-11,2025-02-11 13:19:00,880.77,880.77,880.46,880.46,-0.04,469.46,430991.55,-1
2025-02-11,2025-02-11 13:20:00,880.46,880.46,880.14,880.14,-0.04,469.46,430991.55,-1
2025-02-11,2025-02-11 13:21:00,880.14,880.14,879.83,879.83,-0.04,469.46,430991.55,-1
2025-02-11,2025-02-11 13:22:00,879.83,879.83,879.51,879.51,-0.04,469.46,430991.55,-1
2025-02-11,2025-02-11 13:23:00,879.51,879.51,879.2,879.2,-0.04,469.46,430991.55,-1
2025-02-11,2025-02-11 13:24:00,879.2,879.2,878.89,878.89,-0.04,469.46,430991.55,-1
2025-02-11,2025-02-11 13:25:00,878.89,878.89,878.57,878.57,-0.04,469.46,430991.55,-1
2025-02-11,2025-02-11 13:26:00,878.57,878.57,878.26,878.26,-0.04,469.46,430991.55,-1
2025-02-11,2025-02-11 13:27:00,878.26,878.26,877.94,877.94,-0.04,469.46,430991.55,-1
2025-02-11,2025-02-11 13:28:00,877.94,877.94,877.63,877.63,-0.04,469.46,430991.55,-1
2025-02-11,2025-02-11 13:29:00,877.63,877.63,877.31,877.31,-0.04,469.46,430991.55,-1
2025-02-11,2025-02-11 13:30:00,877.31,877.31,877.0,877.0,-0.04,469.46,430991.55,-1
2025-02-11,2025-02-11 13:31:00,877.0,877.0,876.68,876.68,-0.04,469.46,430991.55,-1
2025-02-11,2025-02-11 13:32:00,876.68,876.68,876.37,876.37,-0.04,469.46,430991.55,-1
2025-02-11,2025-02-11 13:33:00,876.37,876.37,876.05,876.05,-0.04,469.46,430991.55,-1
2025-02-11,2025-02-11 13:34:00,876.05,876.05,875.74,875.74,-0.04,469.46,430991.55,-1
2025-02-11,2025-02-11 13:35:00,875.74,875.74,875.42,875.42,-0.04,469.46,430991.55,-1
2025-02-11,2025-02-11 13:36:00,875.42,875.42,875.11,875.11,-0.04,469.46,430991.55,-1
2025-02-11,2025-02-11 13:37:00,875.11,875.11,874.8,874.8,-0.04,469.46,430991.55,-1
2025-02-11,2025-02-11 13:38:00,874.8,874.8,874.48,874.48,-0.04,469.46,430991.55,-1
2025-02-11,2025-02-11 13:39:00,874.48,874.48,874.17,874.17,-0.04,469.46,430991.55,-1
2025-02-11,2025-02-11 13:40:00,874.17,874.17,873.85,873.85,-0.04,469.46,430991.55,-1
2025-02-11,2025-02-11 13:41:00,873.85,873.85,873.54,873.54,-0.04,469.46,430991.55,-1
2025-02-11,2025-02-11 13:42:00,873.54,873.54,873.22,873.22,-0.04,469.46,430991.55,-1
2025-02-11,2025-02-11 13:43:00,873.22,873.22,872.91,872.91,-0.04,469.46,430991.55,-1
2025-02-11,2025-02-11 13:44:00,872.91,872.91,872.59,872.59,-0.04,469.46,430991.55,-1
2025-02-11,2025-02-11 13:45:00,872.59,872.59,872.28,872.28,-0.04,469.46,430991.55,-1
2025-02-11,2025-02-11 13:46:00,872.28,872.28,871.96,871.96,-0.04,469.46,430991.55,-1
2025-02-11,2025-02-11 13:47:00,871.96,871.96,871.65,871.65,-0.04,469.46,430991.55,-1
2025-02-11,2025-02-11 13:48:00,871.65,871.65,871.34,871.34,-0.04,469.46,430991.55,-1
2025-02-11,2025-02-11 13:49:00,871.34,871.34,871.02,871.02,-0.04,469.46,430991.55,-1
2025-02-11,2025-02-11 13:50:00,871.02,871.02,870.71,870.71,-0.04,469.46,430991.55,-1
2025-02-11,2025-02-11 13:51:00,870.71,870.71,870.39,870.39,-0.04,469.46,430991.55,-1
2025-02-11,2025-02-11 13:52:00,870.39,870.39,870.08,870.08,-0.04,469.46,430991.55,-1
2025-02-11,2025-02-11 13:53:00,870.08,870.08,869.76,869.76,-0.04,469.46,430991.55,-1
2025-02-11,2025-02-11 13:54:00,869.76,869.76,869.45,869.45,-0.04,469.46,430991.55,-1
2025-02-11,2025-02-11 13:55:00,869.45,869.45,869.13,869.13,-0.04,469.46,430991.55,-1
2025-02-11,2025-02-11 13:56:00,869.13,869.13,868.82,868.82,-0.04,469.46,430991.55,-1
2025-02-11,2025-02-11 13:57:00,868.82,868.82,868.5,868.5,-0.04,469.46,430991.55,-1
2025-02-11,2025-02-11 13:58:00,868.5,868.5,868.19,868.19,-0.04,469.46,430991.55,-1
2025-02-11,2025-02-11 13:59:00,868.19,868.19,867.88,867.88,-0.04,469.46,430991.55,-1
2025-02-11,2025-02-11 14:00:00,867.88,867.88,867.56,867.56,-0.04,469.46,430991.55,-1
2025-02-11,2025-02-11 14:01:00,867.56,867.56,867.25,867.25,-0.04,469.46,430991.55,-1
2025-02-11,2025-02-11 14:02:00,867.25,867.25,866.93,866.93,-0.04,469.46,430991.55,-1
2025-02-11,2025-02-11 14:03:00,866.93,866.93,866.62,866.62,-0.04,469.46,430991.55,-1
2025-02-11,2025-02-11 14:04:00,866.62,866.62,866.3,866.3,-0.04,469.46,430991.55,-1
2025-02-11,2025-02-11 14:05:00,866.3,866.3,865.99,865.99,-0.04,469.46,430991.55,-1
2025-02-11,2025-02-11 14:06:00,865.99,865.99,865.67,865.67,-0.04,469.46,430991.55,-1
2025-02-11,2025-02-11 14:07:00,865.67,865.67,865.36,865.36,-0.04,469.46,430991.55,-1
2025-02-11,2025-02-11 14:08:00,865.36,865.36,865.04,865.04,-0.04,469.46,430991.55,-1
2025-02-11,2025-02-11 14:09:00,865.04,865.04,864.73,864.73,-0.04,469.46,430991.55,-1
2025-02-11,2025-02-11 14:10:00,864.73,864.73,864.41,864.41,-0.04,469.46,430991.55,-1
2025-02-11,2025-02-11 14:11:00,864.41,864.41,864.1,864.1,-0.04,469.46,430991.55,-1
2025-02-11,2025-02-11 14:12:00,864.1,864.1,863.79,863.79,-0.04,469.46,430991.55,-1
2025-02-11,2025-02-11 14:13:00,863.79,863.79,863.47,863.47,-0.04,469.46,430991.55,-1
2025-02-11,2025-02-11 14:14:00,863.47,863.47,863.16,863.16,-0.04,469.46,430991.55,-1
2025-02-11,2025-02-11 14:15:00,863.16,863.16,862.84,862.84,-0.04,469.46,430991.55,-1
2025-02-11,2025-02-11 14:16:00,862.84,862.84,862.53,862.53,-0.04,469.46,430991.55,-1
2025-02-11,2025-02-11 14:17:00,862.53,862.53,862.21,862.21,-0.04,469.46,430991.55,-1
2025-02-11,2025-02-11 14:18:00,862.21,862.21,861.9,861.9,-0.04,469.46,430991.55,-1
2025-02-11,2025-02-11 14:19:00,861.9,861.9,861.58,861.58,-0.04,469.46,430991.55,-1
2025-02-11,2025-02-11 14:20:00,861.58,861.58,861.27,861.27,-0.04,469.46,430991.55,-1
2025-02-11,2025-02-11 14:21:00,861.27,861.27,860.95,860.95,-0.04,469.46,430991.55,-1
2025-02-11,2025-02-11 14:22:00,860.95,860.95,860.64,860.64,-0.04,469.46,430991.55,-1
2025-02-11,2025-02-11 14:23:00,860.64,860.64,860.33,860.33,-0.04,469.46,430991.55,-1
2025-02-11,2025-02-11 14:24:00,860.33,860.33,860.01,860.01,-0.04,469.46,430991.55,-1
2025-02-11,2025-02-11 14:25:00,860.01,860.01,859.7,859.7,-0.04,469.46,430991.55,-1
2025-02-11,2025-02-11 14:26:00,859.7,859.7,859.38,859.38,-0.04,469.46,430991.55,-1
2025-02-11,2025-02-11 14:27:00,859.38,859.38,859.07,859.07,-0.04,469.46,430991.55,-1
2025-02-11,2025-02-11 14:28:00,859.07,859.07,858.75,858.75,-0.04,469.46,430991.55,-1
2025-02-11,2025-02-11 14:29:00,858.75,858.75,858.44,858.44,-0.04,469.46,430991.55,-1
2025-02-11,2025-02-11 14:30:00,858.44,858.44,858.12,858.12,-0.04,469.46,430991.55,-1
2025-02-11,2025-02-11 14:31:00,858.12,858.12,857.81,857.81,-0.04,469.46,430991.55,-1
2025-02-11,2025-02-11 14:32:00,857.81,857.81,857.49,857.49,-0.04,469.46,430991.55,-1
2025-02-11,2025-02-11 14:33:00,857.49,857.49,857.18,857.18,-0.04,469.46,430991.55,-1
2025-02-11,2025-02-11 14:34:00,857.18,857.18,856.86,856.86,-0.04,469.46,430991.55,-1
2025-02-11,2025-02-11 14:35:00,856.86,856.86,856.55,856.55,-0.04,469.46,430991.55,-1
2025-02-11,2025-02-11 14:36:00,856.55,856.55,856.24,856.24,-0.04,469.46,430991.55,-1
2025-02-11,2025-02-11 14:37:00,856.24,856.24,855.92,855.92,-0.04,469.46,430991.55,-1
2025-02-11,2025-02-11 14:38:00,855.92,855.92,855.61,855.61,-0.04,469.46,430991.55,-1
2025-02-11,2025-02-11 14:39:00,855.61,855.61,855.29,855.29,-0.04,469.46,430991.55,-1
2025-02-11,2025-02-11 14:40:00,855.29,855.29,854.98,854.98,-0.04,469.46,430991.55,-1
2025-02-11,2025-02-11 14:41:00,854.98,854.98,854.66,854.66,-0.04,469.46,430991.55,-1
2025-02-11,2025-02-11 14:42:00,854.66,854.66,854.35,854.35,-0.04,469.46,430991.55,-1
2025-02-11,2025-02-11 14:43:00,854.35,854.35,854.03,854.03,-0.04,469.46,430991.55,-1
2025-02-11,2025-02-11 14:44:00,854.03,854.03,853.72,853.72,-0.04,469.46,430991.55,-1
2025-02-11,2025-02-11 14:45:00,853.72,853.72,853.4,853.4,-0.04,469.46,430991.55,-1
2025-02-11,2025-02-11 14:46:00,853.4,853.4,853.09,853.09,-0.04,469.46,430991.55,-1
2025-02-11,2025-02-11 14:47:00,853.09,853.09,852.77,852.77,-0.04,469.46,430991.55,-1
2025-02-11,2025-02-11 14:48:00,852.77,852.77,852.46,852.46,-0.04,469.46,430991.55,-1
2025-02-11,2025-02-11 14:49:00,852.46,852.46,852.15,852.15,-0.04,469.46,430991.55,-1
2025-02-11,2025-02-11 14:50:00,852.15,852.15,851.83,851.83,-0.04,469.46,430991.55,-1
2025-02-11,2025-02-11 14:51:00,851.83,851.83,851.52,851.52,-0.04,469.46,430991.55,-1
2025-02-11,2025-02-11 14:52:00,851.52,851.52,851.2,851.2,-0.04,469.46,430991.55,-1
2025-02-11,2025-02-11 14:53:00,851.2,851.2,850.89,850.89,-0.04,469.46,430991.55,-1
2025-02-11,2025-02-11 14:54:00,850.89,850.89,850.57,850.57,-0.04,469.46,430991.55,-1
2025-02-11,2025-02-11 14:55:00,850.57,850.57,850.26,850.26,-0.04,469.46,430991.55,-1
2025-02-11,2025-02-11 14:56:00,850.26,850.26,849.94,849.94,-0.04,469.46,430991.55,-1
2025-02-11,2025-02-11 14:57:00,849.94,849.94,849.63,849.63,-0.04,469.46,430991.55,-1
2025-02-11,2025-02-11 14:58:00,849.63,849.63,849.31,849.31,-0.04,469.46,430991.55,-1
2025-02-11,2025-02-11 14:59:00,849.31,849.31,849.0,849.0,-0.04,469.46,430991.55,-1
2025-02-11,2025-02-11 15:00:00,849.0,1010.8,849.0,849.0,0.0,469.46,430991.55,0
2025-02-12,2025-02-12 11:00:00,865.9,883.9,865.9,866.08,0.02,122.21,110668.76,1
2025-02-12,2025-02-12 11:01:00,866.08,866.27,866.08,866.27,0.02,122.21,110668.76,1
2025-02-12,2025-02-12 11:02:00,866.27,866.45,866.27,866.45,0.02,122.21,110668.76,1
2025-02-12,2025-02-12 11:03:00,866.45,866.63,866.45,866.63,0.02,122.21,110668.76,1
2025-02-12,2025-02-12 11:04:00,866.63,866.82,866.63,866.82,0.02,122.21,110668.76,1
2025-02-12,2025-02-12 11:05:00,866.82,867.0,866.82,867.0,0.02,122.21,110668.76,1
2025-02-12,2025-02-12 11:06:00,867.0,867.19,867.0,867.19,0.02,122.21,110668.76,1
2025-02-12,2025-02-12 11:07:00,867.19,867.37,867.19,867.37,0.02,122.21,110668.76,1
2025-02-12,2025-02-12 11:08:00,867.37,867.55,867.37,867.55,0.02,122.21,110668.76,1
2025-02-12,2025-02-12 11:09:00,867.55,867.74,867.55,867.74,0.02,122.21,110668.76,1
2025-02-12,2025-02-12 11:10:00,867.74,867.92,867.74,867.92,0.02,122.21,110668.76,1
2025-02-12,2025-02-12 11:11:00,867.92,868.11,867.92,868.11,0.02,122.21,110668.76,1
2025-02-12,2025-02-12 11:12:00,868.11,868.29,868.11,868.29,0.02,122.21,110668.76,1
2025-02-12,2025-02-12 11:13:00,868.29,868.47,868.29,868.47,0.02,122.21,110668.76,1
2025-02-12,2025-02-12 11:14:00,868.47,868.66,868.47,868.66,0.02,122.21,110668.76,1
2025-02-12,2025-02-12 11:15:00,868.66,868.84,868.66,868.84,0.02,122.21,110668.76,1
2025-02-12,2025-02-12 11:16:00,868.84,869.02,868.84,869.02,0.02,122.21,110668.76,1
2025-02-12,2025-02-12 11:17:00,869.02,869.21,869.02,869.21,0.02,122.21,110668.76,1
2025-02-12,2025-02-12 11:18:00,869.21,869.39,869.21,869.39,0.02,122.21,110668.76,1
2025-02-12,2025-02-12 11:19:00,869.39,869.57,869.39,869.57,0.02,122.21,110668.76,1
2025-02-12,2025-02-12 11:20:00,869.57,869.76,869.57,869.76,0.02,122.21,110668.76,1
2025-02-12,2025-02-12 11:21:00,869.76,869.94,869.76,869.94,0.02,122.21,110668.76,1
2025-02-12,2025-02-12 11:22:00,869.94,870.13,869.94,870.13,0.02,122.21,110668.76,1
2025-02-12,2025-02-12 11:23:00,870.13,870.31,870.13,870.31,0.02,122.21,110668.76,1
2025-02-12,2025-02-12 11:24:00,870.31,870.49,870.31,870.49,0.02,122.21,110668.76,1
2025-02-12,2025-02-12 11:25:00,870.49,870.68,870.49,870.68,0.02,122.21,110668.76,1
2025-02-12,2025-02-12 11:26:00,870.68,870.86,870.68,870.86,0.02,122.21,110668.76,1
2025-02-12,2025-02-12 11:27:00,870.86,871.04,870.86,871.04,0.02,122.21,110668.76,1
2025-02-12,2025-02-12 11:28:00,871.04,871.23,871.04,871.23,0.02,122.21,110668.76,1
2025-02-12,2025-02-12 11:29:00,871.23,871.41,871.23,871.41,0.02,122.21,110668.76,1
2025-02-12,2025-02-12 11:30:00,871.41,871.6,871.41,871.6,0.02,122.21,110668.76,1
2025-02-12,2025-02-12 11:31:00,871.6,871.78,871.6,871.78,0.02,122.21,110668.76,1
2025-02-12,2025-02-12 11:32:00,871.78,871.96,871.78,871.96,0.02,122.21,110668.76,1
2025-02-12,2025-02-12 11:33:00,871.96,872.15,871.96,872.15,0.02,122.21,110668.76,1
2025-02-12,2025-02-12 11:34:00,872.15,872.33,872.15,872.33,0.02,122.21,110668.76,1
2025-02-12,2025-02-12 11:35:00,872.33,872.51,872.33,872.51,0.02,122.21,110668.76,1
2025-02-12,2025-02-12 11:36:00,872.51,872.7,872.51,872.7,0.02,122.21,110668.76,1
2025-02-12,2025-02-12 11:37:00,872.7,872.88,872.7,872.88,0.02,122.21,110668.76,1
2025-02-12,2025-02-12 11:38:00,872.88,873.07,872.88,873.07,0.02,122.21,110668.76,1
2025-02-12,2025-02-12 11:39:00,873.07,873.25,873.07,873.25,0.02,122.21,110668.76,1
2025-02-12,2025-02-12 11:40:00,873.25,873.43,873.25,873.43,0.02,122.21,110668.76,1
2025-02-12,2025-02-12 11:41:00,873.43,873.62,873.43,873.62,0.02,122.21,110668.76,1
2025-02-12,2025-02-12 11:42:00,873.62,873.8,873.62,873.8,0.02,122.21,110668.76,1
2025-02-12,2025-02-12 11:43:00,873.8,873.99,873.8,873.99,0.02,122.21,110668.76,1
2025-02-12,2025-02-12 11:44:00,873.99,874.17,873.99,874.17,0.02,122.21,110668.76,1
2025-02-12,2025-02-12 11:45:00,874.17,874.35,874.17,874.35,0.02,122.21,110668.76,1
2025-02-12,2025-02-12 11:46:00,874.35,874.54,874.35,874.54,0.02,122.21,110668.76,1
2025-02-12,2025-02-12 11:47:00,874.54,874.72,874.54,874.72,0.02,122.21,110668.76,1
2025-02-12,2025-02-12 11:48:00,874.72,874.9,874.72,874.9,0.02,122.21,110668.76,1
2025-02-12,2025-02-12 11:49:00,874.9,875.09,874.9,875.09,0.02,122.21,110668.76,1
2025-02-12,2025-02-12 11:50:00,875.09,875.27,875.09,875.27,0.02,122.21,110668.76,1
2025-02-12,2025-02-12 11:51:00,875.27,875.45,875.27,875.45,0.02,122.21,110668.76,1
2025-02-12,2025-02-12 11:52:00,875.45,875.64,875.45,875.64,0.02,122.21,110668.76,1
2025-02-12,2025-02-12 11:53:00,875.64,875.82,875.64,875.82,0.02,122.21,110668.76,1
2025-02-12,2025-02-12 11:54:00,875.82,876.01,875.82,876.01,0.02,122.21,110668.76,1
2025-02-12,2025-02-12 11:55:00,876.01,876.19,876.01,876.19,0.02,122.21,110668.76,1
2025-02-12,2025-02-12 11:56:00,876.19,876.37,876.19,876.37,0.02,122.21,110668.76,1
2025-02-12,2025-02-12 11:57:00,876.37,876.56,876.37,876.56,0.02,122.21,110668.76,1
2025-02-12,2025-02-12 11:58:00,876.56,876.74,876.56,876.74,0.02,122.21,110668.76,1
2025-02-12,2025-02-12 11:59:00,876.74,876.92,876.74,876.92,0.02,122.21,110668.76,1
2025-02-12,2025-02-12 12:00:00,876.92,877.11,876.92,877.11,0.02,122.21,110668.76,1
2025-02-12,2025-02-12 12:01:00,877.11,877.29,877.11,877.29,0.02,122.21,110668.76,1
2025-02-12,2025-02-12 12:02:00,877.29,877.48,877.29,877.48,0.02,122.21,110668.76,1
2025-02-12,2025-02-12 12:03:00,877.48,877.66,877.48,877.66,0.02,122.21,110668.76,1
2025-02-12,2025-02-12 12:04:00,877.66,877.84,877.66,877.84,0.02,122.21,110668.76,1
2025-02-12,2025-02-12 12:05:00,877.84,878.03,877.84,878.03,0.02,122.21,110668.76,1
2025-02-12,2025-02-12 12:06:00,878.03,878.21,878.03,878.21,0.02,122.21,110668.76,1
2025-02-12,2025-02-12 12:07:00,878.21,878.39,878.21,878.39,0.02,122.21,110668.76,1
2025-02-12,2025-02-12 12:08:00,878.39,878.58,878.39,878.58,0.02,122.21,110668.76,1
2025-02-12,2025-02-12 12:09:00,878.58,878.76,878.58,878.76,0.02,122.21,110668.76,1
2025-02-12,2025-02-12 12:10:00,878.76,878.95,878.76,878.95,0.02,122.21,110668.76,1
2025-02-12,2025-02-12 12:11:00,878.95,879.13,878.95,879.13,0.02,122.21,110668.76,1
2025-02-12,2025-02-12 12:12:00,879.13,879.31,879.13,879.31,0.02,122.21,110668.76,1
2025-02-12,2025-02-12 12:13:00,879.31,879.5,879.31,879.5,0.02,122.21,110668.76,1
2025-02-12,2025-02-12 12:14:00,879.5,879.68,879.5,879.68,0.02,122.21,110668.76,1
2025-02-12,2025-02-12 12:15:00,879.68,879.87,879.68,879.87,0.02,122.21,110668.76,1
2025-02-12,2025-02-12 12:16:00,879.87,880.05,879.87,880.05,0.02,122.21,110668.76,1
2025-02-12,2025-02-12 12:17:00,880.05,880.23,880.05,880.23,0.02,122.21,110668.76,1
2025-02-12,2025-02-12 12:18:00,880.23,880.42,880.23,880.42,0.02,122.21,110668.76,1
2025-02-12,2025-02-12 12:19:00,880.42,880.6,880.42,880.6,0.02,122.21,110668.76,1
2025-02-12,2025-02-12 12:20:00,880.6,880.78,880.6,880.78,0.02,122.21,110668.76,1
2025-02-12,2025-02-12 12:21:00,880.78,880.97,880.78,880.97,0.02,122.21,110668.76,1
2025-02-12,2025-02-12 12:22:00,880.97,881.15,880.97,881.15,0.02,122.21,110668.76,1
2025-02-12,2025-02-12 12:23:00,881.15,881.34,881.15,881.34,0.02,122.21,110668.76,1
2025-02-12,2025-02-12 12:24:00,881.34,881.52,881.34,881.52,0.02,122.21,110668.76,1
2025-02-12,2025-02-12 12:25:00,881.52,881.7,881.52,881.7,0.02,122.21,110668.76,1
2025-02-12,2025-02-12 12:26:00,881.7,881.89,881.7,881.89,0.02,122.21,110668.76,1
2025-02-12,2025-02-12 12:27:00,881.89,882.07,881.89,882.07,0.02,122.21,110668.76,1
2025-02-12,2025-02-12 12:28:00,882.07,882.25,882.07,882.25,0.02,122.21,110668.76,1
2025-02-12,2025-02-12 12:29:00,882.25,882.44,882.25,882.44,0.02,122.21,110668.76,1
2025-02-12,2025-02-12 12:30:00,882.44,882.62,882.44,882.62,0.02,122.21,110668.76,1
2025-02-12,2025-02-12 12:31:00,882.62,882.8,882.62,882.8,0.02,122.21,110668.76,1
2025-02-12,2025-02-12 12:32:00,882.8,882.99,882.8,882.99,0.02,122.21,110668.76,1
2025-02-12,2025-02-12 12:33:00,882.99,883.17,882.99,883.17,0.02,122.21,110668.76,1
2025-02-12,2025-02-12 12:34:00,883.17,883.36,883.17,883.36,0.02,122.21,110668.76,1
2025-02-12,2025-02-12 12:35:00,883.36,883.54,883.36,883.54,0.02,122.21,110668.76,1
2025-02-12,2025-02-12 12:36:00,883.54,883.72,883.54,883.72,0.02,122.21,110668.76,1
2025-02-12,2025-02-12 12:37:00,883.72,883.91,883.72,883.91,0.02,122.21,110668.76,1
2025-02-12,2025-02-12 12:38:00,883.91,884.09,883.91,884.09,0.02,122.21,110668.76,1
2025-02-12,2025-02-12 12:39:00,884.09,884.27,884.09,884.27,0.02,122.21,110668.76,1
2025-02-12,2025-02-12 12:40:00,884.27,884.46,884.27,884.46,0.02,122.21,110668.76,1
2025-02-12,2025-02-12 12:41:00,884.46,884.64,884.46,884.64,0.02,122.21,110668.76,1
2025-02-12,2025-02-12 12:42:00,884.64,884.83,884.64,884.83,0.02,122.21,110668.76,1
2025-02-12,2025-02-12 12:43:00,884.83,885.01,884.83,885.01,0.02,122.21,110668.76,1
2025-02-12,2025-02-12 12:44:00,885.01,885.19,885.01,885.19,0.02,122.21,110668.76,1
2025-02-12,2025-02-12 12:45:00,885.19,885.38,885.19,885.38,0.02,122.21,110668.76,1
2025-02-12,2025-02-12 12:46:00,885.38,885.56,885.38,885.56,0.02,122.21,110668.76,1
2025-02-12,2025-02-12 12:47:00,885.56,885.75,885.56,885.75,0.02,122.21,110668.76,1
2025-02-12,2025-02-12 12:48:00,885.75,885.93,885.75,885.93,0.02,122.21,110668.76,1
2025-02-12,2025-02-12 12:49:00,885.93,886.11,885.93,886.11,0.02,122.21,110668.76,1
2025-02-12,2025-02-12 12:50:00,886.11,886.3,886.11,886.3,0.02,122.21,110668.76,1
2025-02-12,2025-02-12 12:51:00,886.3,886.48,886.3,886.48,0.02,122.21,110668.76,1
2025-02-12,2025-02-12 12:52:00,886.48,886.66,886.48,886.66,0.02,122.21,110668.76,1
2025-02-12,2025-02-12 12:53:00,886.66,886.85,886.66,886.85,0.02,122.21,110668.76,1
2025-02-12,2025-02-12 12:54:00,886.85,887.03,886.85,887.03,0.02,122.21,110668.76,1
2025-02-12,2025-02-12 12:55:00,887.03,887.22,887.03,887.22,0.02,122.21,110668.76,1
2025-02-12,2025-02-12 12:56:00,887.22,887.4,887.22,887.4,0.02,122.21,110668.76,1
2025-02-12,2025-02-12 12:57:00,887.4,887.58,887.4,887.58,0.02,122.21,110668.76,1
2025-02-12,2025-02-12 12:58:00,887.58,887.77,887.58,887.77,0.02,122.21,110668.76,1
2025-02-12,2025-02-12 12:59:00,887.77,887.95,887.77,887.95,0.02,122.21,110668.76,1
2025-02-12,2025-02-12 13:00:00,887.95,925.9,865.9,888.13,0.02,122.21,110668.76,1
2025-02-12,2025-02-12 13:01:00,888.13,888.32,888.13,888.32,0.02,122.21,110668.76,1
2025-02-12,2025-02-12 13:02:00,888.32,888.5,888.32,888.5,0.02,122.21,110668.76,1
2025-02-12,2025-02-12 13:03:00,888.5,888.68,888.5,888.68,0.02,122.21,110668.76,1
2025-02-12,2025-02-12 13:04:00,888.68,888.87,888.68,888.87,0.02,122.21,110668.76,1
2025-02-12,2025-02-12 13:05:00,888.87,889.05,888.87,889.05,0.02,122.21,110668.76,1
2025-02-12,2025-02-12 13:06:00,889.05,889.24,889.05,889.24,0.02,122.21,110668.76,1
2025-02-12,2025-02-12 13:07:00,889.24,889.42,889.24,889.42,0.02,122.21,110668.76,1
2025-02-12,2025-02-12 13:08:00,889.42,889.6,889.42,889.6,0.02,122.21,110668.76,1
2025-02-12,2025-02-12 13:09:00,889.6,889.79,889.6,889.79,0.02,122.21,110668.76,1
2025-02-12,2025-02-12 13:10:00,889.79,889.97,889.79,889.97,0.02,122.21,110668.76,1
2025-02-12,2025-02-12 13:11:00,889.97,890.15,889.97,890.15,0.02,122.21,110668.76,1
2025-02-12,2025-02-12 13:12:00,890.15,890.34,890.15,890.34,0.02,122.21,110668.76,1
2025-02-12,2025-02-12 13:13:00,890.34,890.52,890.34,890.52,0.02,122.21,110668.76,1
2025-02-12,2025-02-12 13:14:00,890.52,890.71,890.52,890.71,0.02,122.21,110668.76,1
2025-02-12,2025-02-12 13:15:00,890.71,890.89,890.71,890.89,0.02,122.21,110668.76,1
2025-02-12,2025-02-12 13:16:00,890.89,891.07,890.89,891.07,0.02,122.21,110668.76,1
2025-02-12,2025-02-12 13:17:00,891.07,891.26,891.07,891.26,0.02,122.21,110668.76,1
2025-02-12,2025-02-12 13:18:00,891.26,891.44,891.26,891.44,0.02,122.21,110668.76,1
2025-02-12,2025-02-12 13:19:00,891.44,891.62,891.44,891.62,0.02,122.21,110668.76,1
2025-02-12,2025-02-12 13:20:00,891.62,891.81,891.62,891.81,0.02,122.21,110668.76,1
2025-02-12,2025-02-12 13:21:00,891.81,891.99,891.81,891.99,0.02,122.21,110668.76,1
2025-02-12,2025-02-12 13:22:00,891.99,892.18,891.99,892.18,0.02,122.21,110668.76,1
2025-02-12,2025-02-12 13:23:00,892.18,892.36,892.18,892.36,0.02,122.21,110668.76,1
2025-02-12,2025-02-12 13:24:00,892.36,892.54,892.36,892.54,0.02,122.21,110668.76,1
2025-02-12,2025-02-12 13:25:00,892.54,892.73,892.54,892.73,0.02,122.21,110668.76,1
2025-02-12,2025-02-12 13:26:00,892.73,892.91,892.73,892.91,0.02,122.21,110668.76,1
2025-02-12,2025-02-12 13:27:00,892.91,893.1,892.91,893.1,0.02,122.21,110668.76,1
2025-02-12,2025-02-12 13:28:00,893.1,893.28,893.1,893.28,0.02,122.21,110668.76,1
2025-02-12,2025-02-12 13:29:00,893.28,893.46,893.28,893.46,0.02,122.21,110668.76,1
2025-02-12,2025-02-12 13:30:00,893.46,893.65,893.46,893.65,0.02,122.21,110668.76,1
2025-02-12,2025-02-12 13:31:00,893.65,893.83,893.65,893.83,0.02,122.21,110668.76,1
2025-02-12,2025-02-12 13:32:00,893.83,894.01,893.83,894.01,0.02,122.21,110668.76,1
2025-02-12,2025-02-12 13:33:00,894.01,894.2,894.01,894.2,0.02,122.21,110668.76,1
2025-02-12,2025-02-12 13:34:00,894.2,894.38,894.2,894.38,0.02,122.21,110668.76,1
2025-02-12,2025-02-12 13:35:00,894.38,894.56,894.38,894.56,0.02,122.21,110668.76,1
2025-02-12,2025-02-12 13:36:00,894.56,894.75,894.56,894.75,0.02,122.21,110668.76,1
2025-02-12,2025-02-12 13:37:00,894.75,894.93,894.75,894.93,0.02,122.21,110668.76,1
2025-02-12,2025-02-12 13:38:00,894.93,895.12,894.93,895.12,0.02,122.21,110668.76,1
2025-02-12,2025-02-12 13:39:00,895.12,895.3,895.12,895.3,0.02,122.21,110668.76,1
2025-02-12,2025-02-12 13:40:00,895.3,895.48,895.3,895.48,0.02,122.21,110668.76,1
2025-02-12,2025-02-12 13:41:00,895.48,895.67,895.48,895.67,0.02,122.21,110668.76,1
2025-02-12,2025-02-12 13:42:00,895.67,895.85,895.67,895.85,0.02,122.21,110668.76,1
2025-02-12,2025-02-12 13:43:00,895.85,896.03,895.85,896.03,0.02,122.21,110668.76,1
2025-02-12,2025-02-12 13:44:00,896.03,896.22,896.03,896.22,0.02,122.21,110668.76,1
2025-02-12,2025-02-12 13:45:00,896.22,896.4,896.22,896.4,0.02,122.21,110668.76,1
2025-02-12,2025-02-12 13:46:00,896.4,896.59,896.4,896.59,0.02,122.21,110668.76,1
2025-02-12,2025-02-12 13:47:00,896.59,896.77,896.59,896.77,0.02,122.21,110668.76,1
2025-02-12,2025-02-12 13:48:00,896.77,896.95,896.77,896.95,0.02,122.21,110668.76,1
2025-02-12,2025-02-12 13:49:00,896.95,897.14,896.95,897.14,0.02,122.21,110668.76,1
2025-02-12,2025-02-12 13:50:00,897.14,897.32,897.14,897.32,0.02,122.21,110668.76,1
2025-02-12,2025-02-12 13:51:00,897.32,897.5,897.32,897.5,0.02,122.21,110668.76,1
2025-02-12,2025-02-12 13:52:00,897.5,897.69,897.5,897.69,0.02,122.21,110668.76,1
2025-02-12,2025-02-12 13:53:00,897.69,897.87,897.69,897.87,0.02,122.21,110668.76,1
2025-02-12,2025-02-12 13:54:00,897.87,898.06,897.87,898.06,0.02,122.21,110668.76,1
2025-02-12,2025-02-12 13:55:00,898.06,898.24,898.06,898.24,0.02,122.21,110668.76,1
2025-02-12,2025-02-12 13:56:00,898.24,898.42,898.24,898.42,0.02,122.21,110668.76,1
2025-02-12,2025-02-12 13:57:00,898.42,898.61,898.42,898.61,0.02,122.21,110668.76,1
2025-02-12,2025-02-12 13:58:00,898.61,898.79,898.61,898.79,0.02,122.21,110668.76,1
2025-02-12,2025-02-12 13:59:00,898.79,898.98,898.79,898.98,0.02,122.21,110668.76,1
2025-02-12,2025-02-12 14:00:00,898.98,899.16,898.98,899.16,0.02,122.21,110668.76,1
2025-02-12,2025-02-12 14:01:00,899.16,899.34,899.16,899.34,0.02,122.21,110668.76,1
2025-02-12,2025-02-12 14:02:00,899.34,899.53,899.34,899.53,0.02,122.21,110668.76,1
2025-02-12,2025-02-12 14:03:00,899.53,899.71,899.53,899.71,0.02,122.21,110668.76,1
2025-02-12,2025-02-12 14:04:00,899.71,899.89,899.71,899.89,0.02,122.21,110668.76,1
2025-02-12,2025-02-12 14:05:00,899.89,900.08,899.89,900.08,0.02,122.21,110668.76,1
2025-02-12,2025-02-12 14:06:00,900.08,900.26,900.08,900.26,0.02,122.21,110668.76,1
2025-02-12,2025-02-12 14:07:00,900.26,900.44,900.26,900.44,0.02,122.21,110668.76,1
2025-02-12,2025-02-12 14:08:00,900.44,900.63,900.44,900.63,0.02,122.21,110668.76,1
2025-02-12,2025-02-12 14:09:00,900.63,900.81,900.63,900.81,0.02,122.21,110668.76,1
2025-02-12,2025-02-12 14:10:00,900.81,901.0,900.81,901.0,0.02,122.21,110668.76,1
2025-02-12,2025-02-12 14:11:00,901.0,901.18,901.0,901.18,0.02,122.21,110668.76,1
2025-02-12,2025-02-12 14:12:00,901.18,901.36,901.18,901.36,0.02,122.21,110668.76,1
2025-02-12,2025-02-12 14:13:00,901.36,901.55,901.36,901.55,0.02,122.21,110668.76,1
2025-02-12,2025-02-12 14:14:00,901.55,901.73,901.55,901.73,0.02,122.21,110668.76,1
2025-02-12,2025-02-12 14:15:00,901.73,901.91,901.73,901.91,0.02,122.21,110668.76,1
2025-02-12,2025-02-12 14:16:00,901.91,902.1,901.91,902.1,0.02,122.21,110668.76,1
2025-02-12,2025-02-12 14:17:00,902.1,902.28,902.1,902.28,0.02,122.21,110668.76,1
2025-02-12,2025-02-12 14:18:00,902.28,902.47,902.28,902.47,0.02,122.21,110668.76,1
2025-02-12,2025-02-12 14:19:00,902.47,902.65,902.47,902.65,0.02,122.21,110668.76,1
2025-02-12,2025-02-12 14:20:00,902.65,902.83,902.65,902.83,0.02,122.21,110668.76,1
2025-02-12,2025-02-12 14:21:00,902.83,903.02,902.83,903.02,0.02,122.21,110668.76,1
2025-02-12,2025-02-12 14:22:00,903.02,903.2,903.02,903.2,0.02,122.21,110668.76,1
2025-02-12,2025-02-12 14:23:00,903.2,903.38,903.2,903.38,0.02,122.21,110668.76,1
2025-02-12,2025-02-12 14:24:00,903.38,903.57,903.38,903.57,0.02,122.21,110668.76,1
2025-02-12,2025-02-12 14:25:00,903.57,903.75,903.57,903.75,0.02,122.21,110668.76,1
2025-02-12,2025-02-12 14:26:00,903.75,903.94,903.75,903.94,0.02,122.21,110668.76,1
2025-02-12,2025-02-12 14:27:00,903.94,904.12,903.94,904.12,0.02,122.21,110668.76,1
2025-02-12,2025-02-12 14:28:00,904.12,904.3,904.12,904.3,0.02,122.21,110668.76,1
2025-02-12,2025-02-12 14:29:00,904.3,904.49,904.3,904.49,0.02,122.21,110668.76,1
2025-02-12,2025-02-12 14:30:00,904.49,904.67,904.49,904.67,0.02,122.21,110668.76,1
2025-02-12,2025-02-12 14:31:00,904.67,904.86,904.67,904.86,0.02,122.21,110668.76,1
2025-02-12,2025-02-12 14:32:00,904.86,905.04,904.86,905.04,0.02,122.21,110668.76,1
2025-02-12,2025-02-12 14:33:00,905.04,905.22,905.04,905.22,0.02,122.21,110668.76,1
2025-02-12,2025-02-12 14:34:00,905.22,905.41,905.22,905.41,0.02,122.21,110668.76,1
2025-02-12,2025-02-12 14:35:00,905.41,905.59,905.41,905.59,0.02,122.21,110668.76,1
2025-02-12,2025-02-12 14:36:00,905.59,905.77,905.59,905.77,0.02,122.21,110668.76,1
2025-02-12,2025-02-12 14:37:00,905.77,905.96,905.77,905.96,0.02,122.21,110668.76,1
2025-02-12,2025-02-12 14:38:00,905.96,906.14,905.96,906.14,0.02,122.21,110668.76,1
2025-02-12,2025-02-12 14:39:00,906.14,906.33,906.14,906.33,0.02,122.21,110668.76,1
2025-02-12,2025-02-12 14:40:00,906.33,906.51,906.33,906.51,0.02,122.21,110668.76,1
2025-02-12,2025-02-12 14:41:00,906.51,906.69,906.51,906.69,0.02,122.21,110668.76,1
2025-02-12,2025-02-12 14:42:00,906.69,906.88,906.69,906.88,0.02,122.21,110668.76,1
2025-02-12,2025-02-12 14:43:00,906.88,907.06,906.88,907.06,0.02,122.21,110668.76,1
2025-02-12,2025-02-12 14:44:00,907.06,907.24,907.06,907.24,0.02,122.21,110668.76,1
2025-02-12,2025-02-12 14:45:00,907.24,907.43,907.24,907.43,0.02,122.21,110668.76,1
2025-02-12,2025-02-12 14:46:00,907.43,907.61,907.43,907.61,0.02,122.21,110668.76,1
2025-02-12,2025-02-12 14:47:00,907.61,907.79,907.61,907.79,0.02,122.21,110668.76,1
2025-02-12,2025-02-12 14:48:00,907.79,907.98,907.79,907.98,0.02,122.21,110668.76,1
2025-02-12,2025-02-12 14:49:00,907.98,908.16,907.98,908.16,0.02,122.21,110668.76,1
2025-02-12,2025-02-12 14:50:00,908.16,908.35,908.16,908.35,0.02,122.21,110668.76,1
2025-02-12,2025-02-12 14:51:00,908.35,908.53,908.35,908.53,0.02,122.21,110668.76,1
2025-02-12,2025-02-12 14:52:00,908.53,908.71,908.53,908.71,0.02,122.21,110668.76,1
2025-02-12,2025-02-12 14:53:00,908.71,908.9,908.71,908.9,0.02,122.21,110668.76,1
2025-02-12,2025-02-12 14:54:00,908.9,909.08,908.9,909.08,0.02,122.21,110668.76,1
2025-02-12,2025-02-12 14:55:00,909.08,909.26,909.08,909.26,0.02,122.21,110668.76,1
2025-02-12,2025-02-12 14:56:00,909.26,909.45,909.26,909.45,0.02,122.21,110668.76,1
2025-02-12,2025-02-12 14:57:00,909.45,909.63,909.45,909.63,0.02,122.21,110668.76,1
2025-02-12,2025-02-12 14:58:00,909.63,909.82,909.63,909.82,0.02,122.21,110668.76,1
2025-02-12,2025-02-12 14:59:00,909.82,910.0,909.82,910.0,0.02,122.21,110668.76,1
2025-02-12,2025-02-12 15:00:00,910.0,925.9,865.9,910.0,0.0,122.21,110668.76,0
2025-02-13,2025-02-13 11:00:00,891.8,903.23,880.34,891.78,-0.0,243.5,215326.06,-1
2025-02-13,2025-02-13 11:01:00,891.78,891.78,891.77,891.77,-0.0,243.5,215326.06,-1
2025-02-13,2025-02-13 11:02:00,891.77,891.77,891.75,891.75,-0.0,243.5,215326.06,-1
2025-02-13,2025-02-13 11:03:00,891.75,891.75,891.73,891.73,-0.0,243.5,215326.06,-1
2025-02-13,2025-02-13 11:04:00,891.73,891.73,891.72,891.72,-0.0,243.5,215326.06,-1
2025-02-13,2025-02-13 11:05:00,891.72,891.72,891.7,891.7,-0.0,243.5,215326.06,-1
2025-02-13,2025-02-13 11:06:00,891.7,891.7,891.69,891.69,-0.0,243.5,215326.06,-1
2025-02-13,2025-02-13 11:07:00,891.69,891.69,891.67,891.67,-0.0,243.5,215326.06,-1
2025-02-13,2025-02-13 11:08:00,891.67,891.67,891.65,891.65,-0.0,243.5,215326.06,-1
2025-02-13,2025-02-13 11:09:00,891.65,891.65,891.64,891.64,-0.0,243.5,215326.06,-1
2025-02-13,2025-02-13 11:10:00,891.64,891.64,891.62,891.62,-0.0,243.5,215326.06,-1
2025-02-13,2025-02-13 11:11:00,891.62,891.62,891.6,891.6,-0.0,243.5,215326.06,-1
2025-02-13,2025-02-13 11:12:00,891.6,891.6,891.59,891.59,-0.0,243.5,215326.06,-1
2025-02-13,2025-02-13 11:13:00,891.59,891.59,891.57,891.57,-0.0,243.5,215326.06,-1
2025-02-13,2025-02-13 11:14:00,891.57,891.57,891.56,891.56,-0.0,243.5,215326.06,-1
2025-02-13,2025-02-13 11:15:00,891.56,891.56,891.54,891.54,-0.0,243.5,215326.06,-1
2025-02-13,2025-02-13 11:16:00,891.54,891.54,891.52,891.52,-0.0,243.5,215326.06,-1
2025-02-13,2025-02-13 11:17:00,891.52,891.52,891.51,891.51,-0.0,243.5,215326.06,-1
2025-02-13,2025-02-13 11:18:00,891.51,891.51,891.49,891.49,-0.0,243.5,215326.06,-1
2025-02-13,2025-02-13 11:19:00,891.49,891.49,891.47,891.47,-0.0,243.5,215326.06,-1
2025-02-13,2025-02-13 11:20:00,891.47,891.47,891.46,891.46,-0.0,243.5,215326.06,-1
2025-02-13,2025-02-13 11:21:00,891.46,891.46,891.44,891.44,-0.0,243.5,215326.06,-1
2025-02-13,2025-02-13 11:22:00,891.44,891.44,891.43,891.43,-0.0,243.5,215326.06,-1
2025-02-13,2025-02-13 11:23:00,891.43,891.43,891.41,891.41,-0.0,243.5,215326.06,-1
2025-02-13,2025-02-13 11:24:00,891.41,891.41,891.39,891.39,-0.0,243.5,215326.06,-1
2025-02-13,2025-02-13 11:25:00,891.39,891.39,891.38,891.38,-0.0,243.5,215326.06,-1
2025-02-13,2025-02-13 11:26:00,891.38,891.38,891.36,891.36,-0.0,243.5,215326.06,-1
2025-02-13,2025-02-13 11:27:00,891.36,891.36,891.34,891.34,-0.0,243.5,215326.06,-1
2025-02-13,2025-02-13 11:28:00,891.34,891.34,891.33,891.33,-0.0,243.5,215326.06,-1
2025-02-13,2025-02-13 11:29:00,891.33,891.33,891.31,891.31,-0.0,243.5,215326.06,-1
2025-02-13,2025-02-13 11:30:00,891.31,891.31,891.3,891.3,-0.0,243.5,215326.06,-1
2025-02-13,2025-02-13 11:31:00,891.3,891.3,891.28,891.28,-0.0,243.5,215326.06,-1
2025-02-13,2025-02-13 11:32:00,891.28,891.28,891.26,891.26,-0.0,243.5,215326.06,-1
2025-02-13,2025-02-13 11:33:00,891.26,891.26,891.25,891.25,-0.0,243.5,215326.06,-1
2025-02-13,2025-02-13 11:34:00,891.25,891.25,891.23,891.23,-0.0,243.5,215326.06,-1
2025-02-13,2025-02-13 11:35:00,891.23,891.23,891.21,891.21,-0.0,243.5,215326.06,-1
2025-02-13,2025-02-13 11:36:00,891.21,891.21,891.2,891.2,-0.0,243.5,215326.06,-1
2025-02-13,2025-02-13 11:37:00,891.2,891.2,891.18,891.18,-0.0,243.5,215326.06,-1
2025-02-13,2025-02-13 11:38:00,891.18,891.18,891.17,891.17,-0.0,243.5,215326.06,-1
2025-02-13,2025-02-13 11:39:00,891.17,891.17,891.15,891.15,-0.0,243.5,215326.06,-1
2025-02-13,2025-02-13 11:40:00,891.15,891.15,891.13,891.13,-0.0,243.5,215326.06,-1
2025-02-13,2025-02-13 11:41:00,891.13,891.13,891.12,891.12,-0.0,243.5,215326.06,-1
2025-02-13,2025-02-13 11:42:00,891.12,891.12,891.1,891.1,-0.0,243.5,215326.06,-1
2025-02-13,2025-02-13 11:43:00,891.1,891.1,891.08,891.08,-0.0,243.5,215326.06,-1
2025-02-13,2025-02-13 11:44:00,891.08,891.08,891.07,891.07,-0.0,243.5,215326.06,-1
2025-02-13,2025-02-13 11:45:00,891.07,891.07,891.05,891.05,-0.0,243.5,215326.06,-1
2025-02-13,2025-02-13 11:46:00,891.05,891.05,891.04,891.04,-0.0,243.5,215326.06,-1
2025-02-13,2025-02-13 11:47:00,891.04,891.04,891.02,891.02,-0.0,243.5,215326.06,-1
2025-02-13,2025-02-13 11:48:00,891.02,891.02,891.0,891.0,-0.0,243.5,215326.06,-1
2025-02-13,2025-02-13 11:49:00,891.0,891.0,890.99,890.99,-0.0,243.5,215326.06,-1
2025-02-13,2025-02-13 11:50:00,890.99,890.99,890.97,890.97,-0.0,243.5,215326.06,-1
2025-02-13,2025-02-13 11:51:00,890.97,890.97,890.95,890.95,-0.0,243.5,215326.06,-1
2025-02-13,2025-02-13 11:52:00,890.95,890.95,890.94,890.94,-0.0,243.5,215326.06,-1
2025-02-13,2025-02-13 11:53:00,890.94,890.94,890.92,890.92,-0.0,243.5,215326.06,-1
2025-02-13,2025-02-13 11:54:00,890.92,890.92,890.91,890.91,-0.0,243.5,215326.06,-1
2025-02-13,2025-02-13 11:55:00,890.91,890.91,890.89,890.89,-0.0,243.5,215326.06,-1
2025-02-13,2025-02-13 11:56:00,890.89,890.89,890.87,890.87,-0.0,243.5,215326.06,-1
2025-02-13,2025-02-13 11:57:00,890.87,890.87,890.86,890.86,-0.0,243.5,215326.06,-1
2025-02-13,2025-02-13 11:58:00,890.86,890.86,890.84,890.84,-0.0,243.5,215326.06,-1
2025-02-13,2025-02-13 11:59:00,890.84,890.84,890.82,890.82,-0.0,243.5,215326.06,-1
2025-02-13,2025-02-13 12:00:00,890.82,890.82,890.81,890.81,-0.0,243.5,215326.06,-1
2025-02-13,2025-02-13 12:01:00,890.81,890.81,890.79,890.79,-0.0,243.5,215326.06,-1
2025-02-13,2025-02-13 12:02:00,890.79,890.79,890.78,890.78,-0.0,243.5,215326.06,-1
2025-02-13,2025-02-13 12:03:00,890.78,890.78,890.76,890.76,-0.0,243.5,215326.06,-1
2025-02-13,2025-02-13 12:04:00,890.76,890.76,890.74,890.74,-0.0,243.5,215326.06,-1
2025-02-13,2025-02-13 12:05:00,890.74,890.74,890.73,890.73,-0.0,243.5,215326.06,-1
2025-02-13,2025-02-13 12:06:00,890.73,890.73,890.71,890.71,-0.0,243.5,215326.06,-1
2025-02-13,2025-02-13 12:07:00,890.71,890.71,890.69,890.69,-0.0,243.5,215326.06,-1
2025-02-13,2025-02-13 12:08:00,890.69,890.69,890.68,890.68,-0.0,243.5,215326.06,-1
2025-02-13,2025-02-13 12:09:00,890.68,890.68,890.66,890.66,-0.0,243.5,215326.06,-1
2025-02-13,2025-02-13 12:10:00,890.66,890.66,890.65,890.65,-0.0,243.5,215326.06,-1
2025-02-13,2025-02-13 12:11:00,890.65,890.65,890.63,890.63,-0.0,243.5,215326.06,-1
2025-02-13,2025-02-13 12:12:00,890.63,890.63,890.61,890.61,-0.0,243.5,215326.06,-1
2025-02-13,2025-02-13 12:13:00,890.61,890.61,890.6,890.6,-0.0,243.5,215326.06,-1
2025-02-13,2025-02-13 12:14:00,890.6,890.6,890.58,890.58,-0.0,243.5,215326.06,-1
2025-02-13,2025-02-13 12:15:00,890.58,890.58,890.56,890.56,-0.0,243.5,215326.06,-1
2025-02-13,2025-02-13 12:16:00,890.56,890.56,890.55,890.55,-0.0,243.5,215326.06,-1
2025-02-13,2025-02-13 12:17:00,890.55,890.55,890.53,890.53,-0.0,243.5,215326.06,-1
2025-02-13,2025-02-13 12:18:00,890.53,890.53,890.52,890.52,-0.0,243.5,215326.06,-1
2025-02-13,2025-02-13 12:19:00,890.52,890.52,890.5,890.5,-0.0,243.5,215326.06,-1
2025-02-13,2025-02-13 12:20:00,890.5,890.5,890.48,890.48,-0.0,243.5,215326.06,-1
2025-02-13,2025-02-13 12:21:00,890.48,890.48,890.47,890.47,-0.0,243.5,215326.06,-1
2025-02-13,2025-02-13 12:22:00,890.47,890.47,890.45,890.45,-0.0,243.5,215326.06,-1
2025-02-13,2025-02-13 12:23:00,890.45,890.45,890.43,890.43,-0.0,243.5,215326.06,-1
2025-02-13,2025-02-13 12:24:00,890.43,890.43,890.42,890.42,-0.0,243.5,215326.06,-1
2025-02-13,2025-02-13 12:25:00,890.42,890.42,890.4,890.4,-0.0,243.5,215326.06,-1
2025-02-13,2025-02-13 12:26:00,890.4,890.4,890.39,890.39,-0.0,243.5,215326.06,-1
2025-02-13,2025-02-13 12:27:00,890.39,890.39,890.37,890.37,-0.0,243.5,215326.06,-1
2025-02-13,2025-02-13 12:28:00,890.37,890.37,890.35,890.35,-0.0,243.5,215326.06,-1
2025-02-13,2025-02-13 12:29:00,890.35,890.35,890.34,890.34,-0.0,243.5,215326.06,-1
2025-02-13,2025-02-13 12:30:00,890.34,890.34,890.32,890.32,-0.0,243.5,215326.06,-1
2025-02-13,2025-02-13 12:31:00,890.32,890.32,890.3,890.3,-0.0,243.5,215326.06,-1
2025-02-13,2025-02-13 12:32:00,890.3,890.3,890.29,890.29,-0.0,243.5,215326.06,-1
2025-02-13,2025-02-13 12:33:00,890.29,890.29,890.27,890.27,-0.0,243.5,215326.06,-1
2025-02-13,2025-02-13 12:34:00,890.27,890.27,890.26,890.26,-0.0,243.5,215326.06,-1
2025-02-13,2025-02-13 12:35:00,890.26,890.26,890.24,890.24,-0.0,243.5,215326.06,-1
2025-02-13,2025-02-13 12:36:00,890.24,890.24,890.22,890.22,-0.0,243.5,215326.06,-1
2025-02-13,2025-02-13 12:37:00,890.22,890.22,890.21,890.21,-0.0,243.5,215326.06,-1
2025-02-13,2025-02-13 12:38:00,890.21,890.21,890.19,890.19,-0.0,243.5,215326.06,-1
2025-02-13,2025-02-13 12:39:00,890.19,890.19,890.17,890.17,-0.0,243.5,215326.06,-1
2025-02-13,2025-02-13 12:40:00,890.17,890.17,890.16,890.16,-0.0,243.5,215326.06,-1
2025-02-13,2025-02-13 12:41:00,890.16,890.16,890.14,890.14,-0.0,243.5,215326.06,-1
2025-02-13,2025-02-13 12:42:00,890.14,890.14,890.13,890.13,-0.0,243.5,215326.06,-1
2025-02-13,2025-02-13 12:43:00,890.13,890.13,890.11,890.11,-0.0,243.5,215326.06,-1
2025-02-13,2025-02-13 12:44:00,890.11,890.11,890.09,890.09,-0.0,243.5,215326.06,-1
2025-02-13,2025-02-13 12:45:00,890.09,890.09,890.08,890.08,-0.0,243.5,215326.06,-1
2025-02-13,2025-02-13 12:46:00,890.08,890.08,890.06,890.06,-0.0,243.5,215326.06,-1
2025-02-13,2025-02-13 12:47:00,890.06,890.06,890.04,890.04,-0.0,243.5,215326.06,-1
2025-02-13,2025-02-13 12:48:00,890.04,890.04,890.03,890.03,-0.0,243.5,215326.06,-1
2025-02-13,2025-02-13 12:49:00,890.03,890.03,890.01,890.01,-0.0,243.5,215326.06,-1
2025-02-13,2025-02-13 12:50:00,890.01,890.01,890.0,890.0,-0.0,243.5,215326.06,-1
2025-02-13,2025-02-13 12:51:00,890.0,890.0,889.98,889.98,-0.0,243.5,215326.06,-1
2025-02-13,2025-02-13 12:52:00,889.98,889.98,889.96,889.96,-0.0,243.5,215326.06,-1
2025-02-13,2025-02-13 12:53:00,889.96,889.96,889.95,889.95,-0.0,243.5,215326.06,-1
2025-02-13,2025-02-13 12:54:00,889.95,889.95,889.93,889.93,-0.0,243.5,215326.06,-1
2025-02-13,2025-02-13 12:55:00,889.93,889.93,889.91,889.91,-0.0,243.5,215326.06,-1
2025-02-13,2025-02-13 12:56:00,889.91,889.91,889.9,889.9,-0.0,243.5,215326.06,-1
2025-02-13,2025-02-13 12:57:00,889.9,889.9,889.88,889.88,-0.0,243.5,215326.06,-1
2025-02-13,2025-02-13 12:58:00,889.88,889.88,889.87,889.87,-0.0,243.5,215326.06,-1
2025-02-13,2025-02-13 12:59:00,889.87,889.87,889.85,889.85,-0.0,243.5,215326.06,-1
2025-02-13,2025-02-13 13:00:00,889.85,929.9,853.6,889.83,-0.0,243.5,215326.06,-1
2025-02-13,2025-02-13 13:01:00,889.83,889.83,889.82,889.82,-0.0,243.5,215326.06,-1
2025-02-13,2025-02-13 13:02:00,889.82,889.82,889.8,889.8,-0.0,243.5,215326.06,-1
2025-02-13,2025-02-13 13:03:00,889.8,889.8,889.78,889.78,-0.0,243.5,215326.06,-1
2025-02-13,2025-02-13 13:04:00,889.78,889.78,889.77,889.77,-0.0,243.5,215326.06,-1
2025-02-13,2025-02-13 13:05:00,889.77,889.77,889.75,889.75,-0.0,243.5,215326.06,-1
2025-02-13,2025-02-13 13:06:00,889.75,889.75,889.74,889.74,-0.0,243.5,215326.06,-1
2025-02-13,2025-02-13 13:07:00,889.74,889.74,889.72,889.72,-0.0,243.5,215326.06,-1
2025-02-13,2025-02-13 13:08:00,889.72,889.72,889.7,889.7,-0.0,243.5,215326.06,-1
2025-02-13,2025-02-13 13:09:00,889.7,889.7,889.69,889.69,-0.0,243.5,215326.06,-1
2025-02-13,2025-02-13 13:10:00,889.69,889.69,889.67,889.67,-0.0,243.5,215326.06,-1
2025-02-13,2025-02-13 13:11:00,889.67,889.67,889.65,889.65,-0.0,243.5,215326.06,-1
2025-02-13,2025-02-13 13:12:00,889.65,889.65,889.64,889.64,-0.0,243.5,215326.06,-1
2025-02-13,2025-02-13 13:13:00,889.64,889.64,889.62,889.62,-0.0,243.5,215326.06,-1
2025-02-13,2025-02-13 13:14:00,889.62,889.62,889.61,889.61,-0.0,243.5,215326.06,-1
2025-02-13,2025-02-13 13:15:00,889.61,889.61,889.59,889.59,-0.0,243.5,215326.06,-1
2025-02-13,2025-02-13 13:16:00,889.59,889.59,889.57,889.57,-0.0,243.5,215326.06,-1
2025-02-13,2025-02-13 13:17:00,889.57,889.57,889.56,889.56,-0.0,243.5,215326.06,-1
2025-02-13,2025-02-13 13:18:00,889.56,889.56,889.54,889.54,-0.0,243.5,215326.06,-1
2025-02-13,2025-02-13 13:19:00,889.54,889.54,889.52,889.52,-0.0,243.5,215326.06,-1
2025-02-13,2025-02-13 13:20:00,889.52,889.52,889.51,889.51,-0.0,243.5,215326.06,-1
2025-02-13,2025-02-13 13:21:00,889.51,889.51,889.49,889.49,-0.0,243.5,215326.06,-1
2025-02-13,2025-02-13 13:22:00,889.49,889.49,889.48,889.48,-0.0,243.5,215326.06,-1
2025-02-13,2025-02-13 13:23:00,889.48,889.48,889.46,889.46,-0.0,243.5,215326.06,-1
2025-02-13,2025-02-13 13:24:00,889.46,889.46,889.44,889.44,-0.0,243.5,215326.06,-1
2025-02-13,2025-02-13 13:25:00,889.44,889.44,889.43,889.43,-0.0,243.5,215326.06,-1
2025-02-13,2025-02-13 13:26:00,889.43,889.43,889.41,889.41,-0.0,243.5,215326.06,-1
2025-02-13,2025-02-13 13:27:00,889.41,889.41,889.39,889.39,-0.0,243.5,215326.06,-1
2025-02-13,2025-02-13 13:28:00,889.39,889.39,889.38,889.38,-0.0,243.5,215326.06,-1
2025-02-13,2025-02-13 13:29:00,889.38,889.38,889.36,889.36,-0.0,243.5,215326.06,-1
2025-02-13,2025-02-13 13:30:00,889.36,889.36,889.35,889.35,-0.0,243.5,215326.06,-1
2025-02-13,2025-02-13 13:31:00,889.35,889.35,889.33,889.33,-0.0,243.5,215326.06,-1
2025-02-13,2025-02-13 13:32:00,889.33,889.33,889.31,889.31,-0.0,243.5,215326.06,-1
2025-02-13,2025-02-13 13:33:00,889.31,889.31,889.3,889.3,-0.0,243.5,215326.06,-1
2025-02-13,2025-02-13 13:34:00,889.3,889.3,889.28,889.28,-0.0,243.5,215326.06,-1
2025-02-13,2025-02-13 13:35:00,889.28,889.28,889.26,889.26,-0.0,243.5,215326.06,-1
2025-02-13,2025-02-13 13:36:00,889.26,889.26,889.25,889.25,-0.0,243.5,215326.06,-1
2025-02-13,2025-02-13 13:37:00,889.25,889.25,889.23,889.23,-0.0,243.5,215326.06,-1
2025-02-13,2025-02-13 13:38:00,889.23,889.23,889.22,889.22,-0.0,243.5,215326.06,-1
2025-02-13,2025-02-13 13:39:00,889.22,889.22,889.2,889.2,-0.0,243.5,215326.06,-1
2025-02-13,2025-02-13 13:40:00,889.2,889.2,889.18,889.18,-0.0,243.5,215326.06,-1
2025-02-13,2025-02-13 13:41:00,889.18,889.18,889.17,889.17,-0.0,243.5,215326.06,-1
2025-02-13,2025-02-13 13:42:00,889.17,889.17,889.15,889.15,-0.0,243.5,215326.06,-1
2025-02-13,2025-02-13 13:43:00,889.15,889.15,889.13,889.13,-0.0,243.5,215326.06,-1
2025-02-13,2025-02-13 13:44:00,889.13,889.13,889.12,889.12,-0.0,243.5,215326.06,-1
2025-02-13,2025-02-13 13:45:00,889.12,889.12,889.1,889.1,-0.0,243.5,215326.06,-1
2025-02-13,2025-02-13 13:46:00,889.1,889.1,889.09,889.09,-0.0,243.5,215326.06,-1
2025-02-13,2025-02-13 13:47:00,889.09,889.09,889.07,889.07,-0.0,243.5,215326.06,-1
2025-02-13,2025-02-13 13:48:00,889.07,889.07,889.05,889.05,-0.0,243.5,215326.06,-1
2025-02-13,2025-02-13 13:49:00,889.05,889.05,889.04,889.04,-0.0,243.5,215326.06,-1
2025-02-13,2025-02-13 13:50:00,889.04,889.04,889.02,889.02,-0.0,243.5,215326.06,-1
2025-02-13,2025-02-13 13:51:00,889.02,889.02,889.0,889.0,-0.0,243.5,215326.06,-1
2025-02-13,2025-02-13 13:52:00,889.0,889.0,888.99,888.99,-0.0,243.5,215326.06,-1
2025-02-13,2025-02-13 13:53:00,888.99,888.99,888.97,888.97,-0.0,243.5,215326.06,-1
2025-02-13,2025-02-13 13:54:00,888.97,888.97,888.96,888.96,-0.0,243.5,215326.06,-1
2025-02-13,2025-02-13 13:55:00,888.96,888.96,888.94,888.94,-0.0,243.5,215326.06,-1
2025-02-13,2025-02-13 13:56:00,888.94,888.94,888.92,888.92,-0.0,243.5,215326.06,-1
2025-02-13,2025-02-13 13:57:00,888.92,888.92,888.91,888.91,-0.0,243.5,215326.06,-1
2025-02-13,2025-02-13 13:58:00,888.91,888.91,888.89,888.89,-0.0,243.5,215326.06,-1
2025-02-13,2025-02-13 13:59:00,888.89,888.89,888.88,888.88,-0.0,243.5,215326.06,-1
2025-02-13,2025-02-13 14:00:00,888.88,888.88,888.86,888.86,-0.0,243.5,215326.06,-1
2025-02-13,2025-02-13 14:01:00,888.86,888.86,888.84,888.84,-0.0,243.5,215326.06,-1
2025-02-13,2025-02-13 14:02:00,888.84,888.84,888.83,888.83,-0.0,243.5,215326.06,-1
2025-02-13,2025-02-13 14:03:00,888.83,888.83,888.81,888.81,-0.0,243.5,215326.06,-1
2025-02-13,2025-02-13 14:04:00,888.81,888.81,888.79,888.79,-0.0,243.5,215326.06,-1
2025-02-13,2025-02-13 14:05:00,888.79,888.79,888.78,888.78,-0.0,243.5,215326.06,-1
2025-02-13,2025-02-13 14:06:00,888.78,888.78,888.76,888.76,-0.0,243.5,215326.06,-1
2025-02-13,2025-02-13 14:07:00,888.76,888.76,888.75,888.75,-0.0,243.5,215326.06,-1
2025-02-13,2025-02-13 14:08:00,888.75,888.75,888.73,888.73,-0.0,243.5,215326.06,-1
2025-02-13,2025-02-13 14:09:00,888.73,888.73,888.71,888.71,-0.0,243.5,215326.06,-1
2025-02-13,2025-02-13 14:10:00,888.71,888.71,888.7,888.7,-0.0,243.5,215326.06,-1
2025-02-13,2025-02-13 14:11:00,888.7,888.7,888.68,888.68,-0.0,243.5,215326.06,-1
2025-02-13,2025-02-13 14:12:00,888.68,888.68,888.66,888.66,-0.0,243.5,215326.06,-1
2025-02-13,2025-02-13 14:13:00,888.66,888.66,888.65,888.65,-0.0,243.5,215326.06,-1
2025-02-13,2025-02-13 14:14:00,888.65,888.65,888.63,888.63,-0.0,243.5,215326.06,-1
2025-02-13,2025-02-13 14:15:00,888.63,888.63,888.62,888.62,-0.0,243.5,215326.06,-1
2025-02-13,2025-02-13 14:16:00,888.62,888.62,888.6,888.6,-0.0,243.5,215326.06,-1
2025-02-13,2025-02-13 14:17:00,888.6,888.6,888.58,888.58,-0.0,243.5,215326.06,-1
2025-02-13,2025-02-13 14:18:00,888.58,888.58,888.57,888.57,-0.0,243.5,215326.06,-1
2025-02-13,2025-02-13 14:19:00,888.57,888.57,888.55,888.55,-0.0,243.5,215326.06,-1
2025-02-13,2025-02-13 14:20:00,888.55,888.55,888.53,888.53,-0.0,243.5,215326.06,-1
2025-02-13,2025-02-13 14:21:00,888.53,888.53,888.52,888.52,-0.0,243.5,215326.06,-1
2025-02-13,2025-02-13 14:22:00,888.52,888.52,888.5,888.5,-0.0,243.5,215326.06,-1
2025-02-13,2025-02-13 14:23:00,888.5,888.5,888.49,888.49,-0.0,243.5,215326.06,-1
2025-02-13,2025-02-13 14:24:00,888.49,888.49,888.47,888.47,-0.0,243.5,215326.06,-1
2025-02-13,2025-02-13 14:25:00,888.47,888.47,888.45,888.45,-0.0,243.5,215326.06,-1
2025-02-13,2025-02-13 14:26:00,888.45,888.45,888.44,888.44,-0.0,243.5,215326.06,-1
2025-02-13,2025-02-13 14:27:00,888.44,888.44,888.42,888.42,-0.0,243.5,215326.06,-1
2025-02-13,2025-02-13 14:28:00,888.42,888.42,888.4,888.4,-0.0,243.5,215326.06,-1
2025-02-13,2025-02-13 14:29:00,888.4,888.4,888.39,888.39,-0.0,243.5,215326.06,-1
2025-02-13,2025-02-13 14:30:00,888.39,888.39,888.37,888.37,-0.0,243.5,215326.06,-1
2025-02-13,2025-02-13 14:31:00,888.37,888.37,888.36,888.36,-0.0,243.5,215326.06,-1
2025-02-13,2025-02-13 14:32:00,888.36,888.36,888.34,888.34,-0.0,243.5,215326.06,-1
2025-02-13,2025-02-13 14:33:00,888.34,888.34,888.32,888.32,-0.0,243.5,215326.06,-1
2025-02-13,2025-02-13 14:34:00,888.32,888.32,888.31,888.31,-0.0,243.5,215326.06,-1
2025-02-13,2025-02-13 14:35:00,888.31,888.31,888.29,888.29,-0.0,243.5,215326.06,-1
2025-02-13,2025-02-13 14:36:00,888.29,888.29,888.27,888.27,-0.0,243.5,215326.06,-1
2025-02-13,2025-02-13 14:37:00,888.27,888.27,888.26,888.26,-0.0,243.5,215326.06,-1
2025-02-13,2025-02-13 14:38:00,888.26,888.26,888.24,888.24,-0.0,243.5,215326.06,-1
2025-02-13,2025-02-13 14:39:00,888.24,888.24,888.23,888.23,-0.0,243.5,215326.06,-1
2025-02-13,2025-02-13 14:40:00,888.23,888.23,888.21,888.21,-0.0,243.5,215326.06,-1
2025-02-13,2025-02-13 14:41:00,888.21,888.21,888.19,888.19,-0.0,243.5,215326.06,-1
2025-02-13,2025-02-13 14:42:00,888.19,888.19,888.18,888.18,-0.0,243.5,215326.06,-1
2025-02-13,2025-02-13 14:43:00,888.18,888.18,888.16,888.16,-0.0,243.5,215326.06,-1
2025-02-13,2025-02-13 14:44:00,888.16,888.16,888.14,888.14,-0.0,243.5,215326.06,-1
2025-02-13,2025-02-13 14:45:00,888.14,888.14,888.13,888.13,-0.0,243.5,215326.06,-1
2025-02-13,2025-02-13 14:46:00,888.13,888.13,888.11,888.11,-0.0,243.5,215326.06,-1
2025-02-13,2025-02-13 14:47:00,888.11,888.11,888.1,888.1,-0.0,243.5,215326.06,-1
2025-02-13,2025-02-13 14:48:00,888.1,888.1,888.08,888.08,-0.0,243.5,215326.06,-1
2025-02-13,2025-02-13 14:49:00,888.08,888.08,888.06,888.06,-0.0,243.5,215326.06,-1
2025-02-13,2025-02-13 14:50:00,888.06,888.06,888.05,888.05,-0.0,243.5,215326.06,-1
2025-02-13,2025-02-13 14:51:00,888.05,888.05,888.03,888.03,-0.0,243.5,215326.06,-1
2025-02-13,2025-02-13 14:52:00,888.03,888.03,888.01,888.01,-0.0,243.5,215326.06,-1
2025-02-13,2025-02-13 14:53:00,888.01,888.01,888.0,888.0,-0.0,243.5,215326.06,-1
2025-02-13,2025-02-13 14:54:00,888.0,888.0,887.98,887.98,-0.0,243.5,215326.06,-1
2025-02-13,2025-02-13 14:55:00,887.98,887.98,887.97,887.97,-0.0,243.5,215326.06,-1
2025-02-13,2025-02-13 14:56:00,887.97,887.97,887.95,887.95,-0.0,243.5,215326.06,-1
2025-02-13,2025-02-13 14:57:00,887.95,887.95,887.93,887.93,-0.0,243.5,215326.06,-1
2025-02-13,2025-02-13 14:58:00,887.93,887.93,887.92,887.92,-0.0,243.5,215326.06,-1
2025-02-13,2025-02-13 14:59:00,887.92,887.92,887.9,887.9,-0.0,243.5,215326.06,-1
2025-02-13,2025-02-13 15:00:00,887.9,929.9,853.6,887.9,0.0,243.5,215326.06,0
2025-02-16,2025-02-16 11:00:00,887.0,891.5,872.9,886.92,-0.01,148.48,127337.68,-1
2025-02-16,2025-02-16 11:01:00,886.92,886.92,886.84,886.84,-0.01,148.48,127337.68,-1
2025-02-16,2025-02-16 11:02:00,886.84,886.84,886.76,886.76,-0.01,148.48,127337.68,-1
2025-02-16,2025-02-16 11:03:00,886.76,886.76,886.68,886.68,-0.01,148.48,127337.68,-1
2025-02-16,2025-02-16 11:04:00,886.68,886.68,886.6,886.6,-0.01,148.48,127337.68,-1
2025-02-16,2025-02-16 11:05:00,886.6,886.6,886.52,886.52,-0.01,148.48,127337.68,-1
2025-02-16,2025-02-16 11:06:00,886.52,886.52,886.45,886.45,-0.01,148.48,127337.68,-1
2025-02-16,2025-02-16 11:07:00,886.45,886.45,886.37,886.37,-0.01,148.48,127337.68,-1
2025-02-16,2025-02-16 11:08:00,886.37,886.37,886.29,886.29,-0.01,148.48,127337.68,-1
2025-02-16,2025-02-16 11:09:00,886.29,886.29,886.21,886.21,-0.01,148.48,127337.68,-1
2025-02-16,2025-02-16 11:10:00,886.21,886.21,886.13,886.13,-0.01,148.48,127337.68,-1
2025-02-16,2025-02-16 11:11:00,886.13,886.13,886.05,886.05,-0.01,148.48,127337.68,-1
2025-02-16,2025-02-16 11:12:00,886.05,886.05,885.97,885.97,-0.01,148.48,127337.68,-1
2025-02-16,2025-02-16 11:13:00,885.97,885.97,885.89,885.89,-0.01,148.48,127337.68,-1
2025-02-16,2025-02-16 11:14:00,885.89,885.89,885.81,885.81,-0.01,148.48,127337.68,-1
2025-02-16,2025-02-16 11:15:00,885.81,885.81,885.73,885.73,-0.01,148.48,127337.68,-1
2025-02-16,2025-02-16 11:16:00,885.73,885.73,885.65,885.65,-0.01,148.48,127337.68,-1
2025-02-16,2025-02-16 11:17:00,885.65,885.65,885.58,885.58,-0.01,148.48,127337.68,-1
2025-02-16,2025-02-16 11:18:00,885.58,885.58,885.5,885.5,-0.01,148.48,127337.68,-1
2025-02-16,2025-02-16 11:19:00,885.5,885.5,885.42,885.42,-0.01,148.48,127337.68,-1
2025-02-16,2025-02-16 11:20:00,885.42,885.42,885.34,885.34,-0.01,148.48,127337.68,-1
2025-02-16,2025-02-16 11:21:00,885.34,885.34,885.26,885.26,-0.01,148.48,127337.68,-1
2025-02-16,2025-02-16 11:22:00,885.26,885.26,885.18,885.18,-0.01,148.48,127337.68,-1
2025-02-16,2025-02-16 11:23:00,885.18,885.18,885.1,885.1,-0.01,148.48,127337.68,-1
2025-02-16,2025-02-16 11:24:00,885.1,885.1,885.02,885.02,-0.01,148.48,127337.68,-1
2025-02-16,2025-02-16 11:25:00,885.02,885.02,884.94,884.94,-0.01,148.48,127337.68,-1
2025-02-16,2025-02-16 11:26:00,884.94,884.94,884.86,884.86,-0.01,148.48,127337.68,-1
2025-02-16,2025-02-16 11:27:00,884.86,884.86,884.78,884.78,-0.01,148.48,127337.68,-1
2025-02-16,2025-02-16 11:28:00,884.78,884.78,884.7,884.7,-0.01,148.48,127337.68,-1
2025-02-16,2025-02-16 11:29:00,884.7,884.7,884.62,884.62,-0.01,148.48,127337.68,-1
2025-02-16,2025-02-16 11:30:00,884.62,884.62,884.55,884.55,-0.01,148.48,127337.68,-1
2025-02-16,2025-02-16 11:31:00,884.55,884.55,884.47,884.47,-0.01,148.48,127337.68,-1
2025-02-16,2025-02-16 11:32:00,884.47,884.47,884.39,884.39,-0.01,148.48,127337.68,-1
2025-02-16,2025-02-16 11:33:00,884.39,884.39,884.31,884.31,-0.01,148.48,127337.68,-1
2025-02-16,2025-02-16 11:34:00,884.31,884.31,884.23,884.23,-0.01,148.48,127337.68,-1
2025-02-16,2025-02-16 11:35:00,884.23,884.23,884.15,884.15,-0.01,148.48,127337.68,-1
2025-02-16,2025-02-16 11:36:00,884.15,884.15,884.07,884.07,-0.01,148.48,127337.68,-1
2025-02-16,2025-02-16 11:37:00,884.07,884.07,883.99,883.99,-0.01,148.48,127337.68,-1
2025-02-16,2025-02-16 11:38:00,883.99,883.99,883.91,883.91,-0.01,148.48,127337.68,-1
2025-02-16,2025-02-16 11:39:00,883.91,883.91,883.83,883.83,-0.01,148.48,127337.68,-1
2025-02-16,2025-02-16 11:40:00,883.83,883.83,883.75,883.75,-0.01,148.48,127337.68,-1
2025-02-16,2025-02-16 11:41:00,883.75,883.75,883.67,883.67,-0.01,148.48,127337.68,-1
2025-02-16,2025-02-16 11:42:00,883.67,883.67,883.6,883.6,-0.01,148.48,127337.68,-1
2025-02-16,2025-02-16 11:43:00,883.6,883.6,883.52,883.52,-0.01,148.48,127337.68,-1
2025-02-16,2025-02-16 11:44:00,883.52,883.52,883.44,883.44,-0.01,148.48,127337.68,-1
2025-02-16,2025-02-16 11:45:00,883.44,883.44,883.36,883.36,-0.01,148.48,127337.68,-1
2025-02-16,2025-02-16 11:46:00,883.36,883.36,883.28,883.28,-0.01,148.48,127337.68,-1
2025-02-16,2025-02-16 11:47:00,883.28,883.28,883.2,883.2,-0.01,148.48,127337.68,-1
2025-02-16,2025-02-16 11:48:00,883.2,883.2,883.12,883.12,-0.01,148.48,127337.68,-1
2025-02-16,2025-02-16 11:49:00,883.12,883.12,883.04,883.04,-0.01,148.48,127337.68,-1
2025-02-16,2025-02-16 11:50:00,883.04,883.04,882.96,882.96,-0.01,148.48,127337.68,-1
2025-02-16,2025-02-16 11:51:00,882.96,882.96,882.88,882.88,-0.01,148.48,127337.68,-1
2025-02-16,2025-02-16 11:52:00,882.88,882.88,882.8,882.8,-0.01,148.48,127337.68,-1
2025-02-16,2025-02-16 11:53:00,882.8,882.8,882.73,882.73,-0.01,148.48,127337.68,-1
2025-02-16,2025-02-16 11:54:00,882.73,882.73,882.65,882.65,-0.01,148.48,127337.68,-1
2025-02-16,2025-02-16 11:55:00,882.65,882.65,882.57,882.57,-0.01,148.48,127337.68,-1
2025-02-16,2025-02-16 11:56:00,882.57,882.57,882.49,882.49,-0.01,148.48,127337.68,-1
2025-02-16,2025-02-16 11:57:00,882.49,882.49,882.41,882.41,-0.01,148.48,127337.68,-1
2025-02-16,2025-02-16 11:58:00,882.41,882.41,882.33,882.33,-0.01,148.48,127337.68,-1
2025-02-16,2025-02-16 11:59:00,882.33,882.33,882.25,882.25,-0.01,148.48,127337.68,-1
2025-02-16,2025-02-16 12:00:00,882.25,882.25,882.17,882.17,-0.01,148.48,127337.68,-1
2025-02-16,2025-02-16 12:01:00,882.17,882.17,882.09,882.09,-0.01,148.48,127337.68,-1
2025-02-16,2025-02-16 12:02:00,882.09,882.09,882.01,882.01,-0.01,148.48,127337.68,-1
2025-02-16,2025-02-16 12:03:00,882.01,882.01,881.93,881.93,-0.01,148.48,127337.68,-1
2025-02-16,2025-02-16 12:04:00,881.93,881.93,881.85,881.85,-0.01,148.48,127337.68,-1
2025-02-16,2025-02-16 12:05:00,881.85,881.85,881.77,881.77,-0.01,148.48,127337.68,-1
2025-02-16,2025-02-16 12:06:00,881.77,881.77,881.7,881.7,-0.01,148.48,127337.68,-1
2025-02-16,2025-02-16 12:07:00,881.7,881.7,881.62,881.62,-0.01,148.48,127337.68,-1
2025-02-16,2025-02-16 12:08:00,881.62,881.62,881.54,881.54,-0.01,148.48,127337.68,-1
2025-02-16,2025-02-16 12:09:00,881.54,881.54,881.46,881.46,-0.01,148.48,127337.68,-1
2025-02-16,2025-02-16 12:10:00,881.46,881.46,881.38,881.38,-0.01,148.48,127337.68,-1
2025-02-16,2025-02-16 12:11:00,881.38,881.38,881.3,881.3,-0.01,148.48,127337.68,-1
2025-02-16,2025-02-16 12:12:00,881.3,881.3,881.22,881.22,-0.01,148.48,127337.68,-1
2025-02-16,2025-02-16 12:13:00,881.22,881.22,881.14,881.14,-0.01,148.48,127337.68,-1
2025-02-16,2025-02-16 12:14:00,881.14,881.14,881.06,881.06,-0.01,148.48,127337.68,-1
2025-02-16,2025-02-16 12:15:00,881.06,881.06,880.98,880.98,-0.01,148.48,127337.68,-1
2025-02-16,2025-02-16 12:16:00,880.98,880.98,880.9,880.9,-0.01,148.48,127337.68,-1
2025-02-16,2025-02-16 12:17:00,880.9,880.9,880.83,880.83,-0.01,148.48,127337.68,-1
2025-02-16,2025-02-16 12:18:00,880.83,880.83,880.75,880.75,-0.01,148.48,127337.68,-1
2025-02-16,2025-02-16 12:19:00,880.75,880.75,880.67,880.67,-0.01,148.48,127337.68,-1
2025-02-16,2025-02-16 12:20:00,880.67,880.67,880.59,880.59,-0.01,148.48,127337.68,-1
2025-02-16,2025-02-16 12:21:00,880.59,880.59,880.51,880.51,-0.01,148.48,127337.68,-1
2025-02-16,2025-02-16 12:22:00,880.51,880.51,880.43,880.43,-0.01,148.48,127337.68,-1
2025-02-16,2025-02-16 12:23:00,880.43,880.43,880.35,880.35,-0.01,148.48,127337.68,-1
2025-02-16,2025-02-16 12:24:00,880.35,880.35,880.27,880.27,-0.01,148.48,127337.68,-1
2025-02-16,2025-02-16 12:25:00,880.27,880.27,880.19,880.19,-0.01,148.48,127337.68,-1
2025-02-16,2025-02-16 12:26:00,880.19,880.19,880.11,880.11,-0.01,148.48,127337.68,-1
2025-02-16,2025-02-16 12:27:00,880.11,880.11,880.03,880.03,-0.01,148.48,127337.68,-1
2025-02-16,2025-02-16 12:28:00,880.03,880.03,879.95,879.95,-0.01,148.48,127337.68,-1
2025-02-16,2025-02-16 12:29:00,879.95,879.95,879.88,879.88,-0.01,148.48,127337.68,-1
2025-02-16,2025-02-16 12:30:00,879.88,879.88,879.8,879.8,-0.01,148.48,127337.68,-1
2025-02-16,2025-02-16 12:31:00,879.8,879.8,879.72,879.72,-0.01,148.48,127337.68,-1
2025-02-16,2025-02-16 12:32:00,879.72,879.72,879.64,879.64,-0.01,148.48,127337.68,-1
2025-02-16,2025-02-16 12:33:00,879.64,879.64,879.56,879.56,-0.01,148.48,127337.68,-1
2025-02-16,2025-02-16 12:34:00,879.56,879.56,879.48,879.48,-0.01,148.48,127337.68,-1
2025-02-16,2025-02-16 12:35:00,879.48,879.48,879.4,879.4,-0.01,148.48,127337.68,-1
2025-02-16,2025-02-16 12:36:00,879.4,879.4,879.32,879.32,-0.01,148.48,127337.68,-1
2025-02-16,2025-02-16 12:37:00,879.32,879.32,879.24,879.24,-0.01,148.48,127337.68,-1
2025-02-16,2025-02-16 12:38:00,879.24,879.24,879.16,879.16,-0.01,148.48,127337.68,-1
2025-02-16,2025-02-16 12:39:00,879.16,879.16,879.08,879.08,-0.01,148.48,127337.68,-1
2025-02-16,2025-02-16 12:40:00,879.08,879.08,879.0,879.0,-0.01,148.48,127337.68,-1
2025-02-16,2025-02-16 12:41:00,879.0,879.0,878.92,878.92,-0.01,148.48,127337.68,-1
2025-02-16,2025-02-16 12:42:00,878.92,878.92,878.85,878.85,-0.01,148.48,127337.68,-1
2025-02-16,2025-02-16 12:43:00,878.85,878.85,878.77,878.77,-0.01,148.48,127337.68,-1
2025-02-16,2025-02-16 12:44:00,878.77,878.77,878.69,878.69,-0.01,148.48,127337.68,-1
2025-02-16,2025-02-16 12:45:00,878.69,878.69,878.61,878.61,-0.01,148.48,127337.68,-1
2025-02-16,2025-02-16 12:46:00,878.61,878.61,878.53,878.53,-0.01,148.48,127337.68,-1
2025-02-16,2025-02-16 12:47:00,878.53,878.53,878.45,878.45,-0.01,148.48,127337.68,-1
2025-02-16,2025-02-16 12:48:00,878.45,878.45,878.37,878.37,-0.01,148.48,127337.68,-1
2025-02-16,2025-02-16 12:49:00,878.37,878.37,878.29,878.29,-0.01,148.48,127337.68,-1
2025-02-16,2025-02-16 12:50:00,878.29,878.29,878.21,878.21,-0.01,148.48,127337.68,-1
2025-02-16,2025-02-16 12:51:00,878.21,878.21,878.13,878.13,-0.01,148.48,127337.68,-1
2025-02-16,2025-02-16 12:52:00,878.13,878.13,878.05,878.05,-0.01,148.48,127337.68,-1
2025-02-16,2025-02-16 12:53:00,878.05,878.05,877.98,877.98,-0.01,148.48,127337.68,-1
2025-02-16,2025-02-16 12:54:00,877.98,877.98,877.9,877.9,-0.01,148.48,127337.68,-1
2025-02-16,2025-02-16 12:55:00,877.9,877.9,877.82,877.82,-0.01,148.48,127337.68,-1
2025-02-16,2025-02-16 12:56:00,877.82,877.82,877.74,877.74,-0.01,148.48,127337.68,-1
2025-02-16,2025-02-16 12:57:00,877.74,877.74,877.66,877.66,-0.01,148.48,127337.68,-1
2025-02-16,2025-02-16 12:58:00,877.66,877.66,877.58,877.58,-0.01,148.48,127337.68,-1
2025-02-16,2025-02-16 12:59:00,877.58,877.58,877.5,877.5,-0.01,148.48,127337.68,-1
2025-02-16,2025-02-16 13:00:00,877.5,902.0,840.0,877.42,-0.01,148.48,127337.68,-1
2025-02-16,2025-02-16 13:01:00,877.42,877.42,877.34,877.34,-0.01,148.48,127337.68,-1
2025-02-16,2025-02-16 13:02:00,877.34,877.34,877.26,877.26,-0.01,148.48,127337.68,-1
2025-02-16,2025-02-16 13:03:00,877.26,877.26,877.18,877.18,-0.01,148.48,127337.68,-1
2025-02-16,2025-02-16 13:04:00,877.18,877.18,877.1,877.1,-0.01,148.48,127337.68,-1
2025-02-16,2025-02-16 13:05:00,877.1,877.1,877.02,877.02,-0.01,148.48,127337.68,-1
2025-02-16,2025-02-16 13:06:00,877.02,877.02,876.95,876.95,-0.01,148.48,127337.68,-1
2025-02-16,2025-02-16 13:07:00,876.95,876.95,876.87,876.87,-0.01,148.48,127337.68,-1
2025-02-16,2025-02-16 13:08:00,876.87,876.87,876.79,876.79,-0.01,148.48,127337.68,-1
2025-02-16,2025-02-16 13:09:00,876.79,876.79,876.71,876.71,-0.01,148.48,127337.68,-1
2025-02-16,2025-02-16 13:10:00,876.71,876.71,876.63,876.63,-0.01,148.48,127337.68,-1
2025-02-16,2025-02-16 13:11:00,876.63,876.63,876.55,876.55,-0.01,148.48,127337.68,-1
2025-02-16,2025-02-16 13:12:00,876.55,876.55,876.47,876.47,-0.01,148.48,127337.68,-1
2025-02-16,2025-02-16 13:13:00,876.47,876.47,876.39,876.39,-0.01,148.48,127337.68,-1
2025-02-16,2025-02-16 13:14:00,876.39,876.39,876.31,876.31,-0.01,148.48,127337.68,-1
2025-02-16,2025-02-16 13:15:00,876.31,876.31,876.23,876.23,-0.01,148.48,127337.68,-1
2025-02-16,2025-02-16 13:16:00,876.23,876.23,876.15,876.15,-0.01,148.48,127337.68,-1
2025-02-16,2025-02-16 13:17:00,876.15,876.15,876.08,876.08,-0.01,148.48,127337.68,-1
2025-02-16,2025-02-16 13:18:00,876.08,876.08,876.0,876.0,-0.01,148.48,127337.68,-1
2025-02-16,2025-02-16 13:19:00,876.0,876.0,875.92,875.92,-0.01,148.48,127337.68,-1
2025-02-16,2025-02-16 13:20:00,875.92,875.92,875.84,875.84,-0.01,148.48,127337.68,-1
2025-02-16,2025-02-16 13:21:00,875.84,875.84,875.76,875.76,-0.01,148.48,127337.68,-1
2025-02-16,2025-02-16 13:22:00,875.76,875.76,875.68,875.68,-0.01,148.48,127337.68,-1
2025-02-16,2025-02-16 13:23:00,875.68,875.68,875.6,875.6,-0.01,148.48,127337.68,-1
2025-02-16,2025-02-16 13:24:00,875.6,875.6,875.52,875.52,-0.01,148.48,127337.68,-1
2025-02-16,2025-02-16 13:25:00,875.52,875.52,875.44,875.44,-0.01,148.48,127337.68,-1
2025-02-16,2025-02-16 13:26:00,875.44,875.44,875.36,875.36,-0.01,148.48,127337.68,-1
2025-02-16,2025-02-16 13:27:00,875.36,875.36,875.28,875.28,-0.01,148.48,127337.68,-1
2025-02-16,2025-02-16 13:28:00,875.28,875.28,875.2,875.2,-0.01,148.48,127337.68,-1
2025-02-16,2025-02-16 13:29:00,875.2,875.2,875.12,875.12,-0.01,148.48,127337.68,-1
2025-02-16,2025-02-16 13:30:00,875.12,875.12,875.05,875.05,-0.01,148.48,127337.68,-1
2025-02-16,2025-02-16 13:31:00,875.05,875.05,874.97,874.97,-0.01,148.48,127337.68,-1
2025-02-16,2025-02-16 13:32:00,874.97,874.97,874.89,874.89,-0.01,148.48,127337.68,-1
2025-02-16,2025-02-16 13:33:00,874.89,874.89,874.81,874.81,-0.01,148.48,127337.68,-1
2025-02-16,2025-02-16 13:34:00,874.81,874.81,874.73,874.73,-0.01,148.48,127337.68,-1
2025-02-16,2025-02-16 13:35:00,874.73,874.73,874.65,874.65,-0.01,148.48,127337.68,-1
2025-02-16,2025-02-16 13:36:00,874.65,874.65,874.57,874.57,-0.01,148.48,127337.68,-1
2025-02-16,2025-02-16 13:37:00,874.57,874.57,874.49,874.49,-0.01,148.48,127337.68,-1
2025-02-16,2025-02-16 13:38:00,874.49,874.49,874.41,874.41,-0.01,148.48,127337.68,-1
2025-02-16,2025-02-16 13:39:00,874.41,874.41,874.33,874.33,-0.01,148.48,127337.68,-1
2025-02-16,2025-02-16 13:40:00,874.33,874.33,874.25,874.25,-0.01,148.48,127337.68,-1
2025-02-16,2025-02-16 13:41:00,874.25,874.25,874.17,874.17,-0.01,148.48,127337.68,-1
2025-02-16,2025-02-16 13:42:00,874.17,874.17,874.1,874.1,-0.01,148.48,127337.68,-1
2025-02-16,2025-02-16 13:43:00,874.1,874.1,874.02,874.02,-0.01,148.48,127337.68,-1
2025-02-16,2025-02-16 13:44:00,874.02,874.02,873.94,873.94,-0.01,148.48,127337.68,-1
2025-02-16,2025-02-16 13:45:00,873.94,873.94,873.86,873.86,-0.01,148.48,127337.68,-1
2025-02-16,2025-02-16 13:46:00,873.86,873.86,873.78,873.78,-0.01,148.48,127337.68,-1
2025-02-16,2025-02-16 13:47:00,873.78,873.78,873.7,873.7,-0.01,148.48,127337.68,-1
2025-02-16,2025-02-16 13:48:00,873.7,873.7,873.62,873.62,-0.01,148.48,127337.68,-1
2025-02-16,2025-02-16 13:49:00,873.62,873.62,873.54,873.54,-0.01,148.48,127337.68,-1
2025-02-16,2025-02-16 13:50:00,873.54,873.54,873.46,873.46,-0.01,148.48,127337.68,-1
2025-02-16,2025-02-16 13:51:00,873.46,873.46,873.38,873.38,-0.01,148.48,127337.68,-1
2025-02-16,2025-02-16 13:52:00,873.38,873.38,873.3,873.3,-0.01,148.48,127337.68,-1
2025-02-16,2025-02-16 13:53:00,873.3,873.3,873.23,873.23,-0.01,148.48,127337.68,-1
2025-02-16,2025-02-16 13:54:00,873.23,873.23,873.15,873.15,-0.01,148.48,127337.68,-1
2025-02-16,2025-02-16 13:55:00,873.15,873.15,873.07,873.07,-0.01,148.48,127337.68,-1
2025-02-16,2025-02-16 13:56:00,873.07,873.07,872.99,872.99,-0.01,148.48,127337.68,-1
2025-02-16,2025-02-16 13:57:00,872.99,872.99,872.91,872.91,-0.01,148.48,127337.68,-1
2025-02-16,2025-02-16 13:58:00,872.91,872.91,872.83,872.83,-0.01,148.48,127337.68,-1
2025-02-16,2025-02-16 13:59:00,872.83,872.83,872.75,872.75,-0.01,148.48,127337.68,-1
2025-02-16,2025-02-16 14:00:00,872.75,872.75,872.67,872.67,-0.01,148.48,127337.68,-1
2025-02-16,2025-02-16 14:01:00,872.67,872.67,872.59,872.59,-0.01,148.48,127337.68,-1
2025-02-16,2025-02-16 14:02:00,872.59,872.59,872.51,872.51,-0.01,148.48,127337.68,-1
2025-02-16,2025-02-16 14:03:00,872.51,872.51,872.43,872.43,-0.01,148.48,127337.68,-1
2025-02-16,2025-02-16 14:04:00,872.43,872.43,872.35,872.35,-0.01,148.48,127337.68,-1
2025-02-16,2025-02-16 14:05:00,872.35,872.35,872.27,872.27,-0.01,148.48,127337.68,-1
2025-02-16,2025-02-16 14:06:00,872.27,872.27,872.2,872.2,-0.01,148.48,127337.68,-1
2025-02-16,2025-02-16 14:07:00,872.2,872.2,872.12,872.12,-0.01,148.48,127337.68,-1
2025-02-16,2025-02-16 14:08:00,872.12,872.12,872.04,872.04,-0.01,148.48,127337.68,-1
2025-02-16,2025-02-16 14:09:00,872.04,872.04,871.96,871.96,-0.01,148.48,127337.68,-1
2025-02-16,2025-02-16 14:10:00,871.96,871.96,871.88,871.88,-0.01,148.48,127337.68,-1
2025-02-16,2025-02-16 14:11:00,871.88,871.88,871.8,871.8,-0.01,148.48,127337.68,-1
2025-02-16,2025-02-16 14:12:00,871.8,871.8,871.72,871.72,-0.01,148.48,127337.68,-1
2025-02-16,2025-02-16 14:13:00,871.72,871.72,871.64,871.64,-0.01,148.48,127337.68,-1
2025-02-16,2025-02-16 14:14:00,871.64,871.64,871.56,871.56,-0.01,148.48,127337.68,-1
2025-02-16,2025-02-16 14:15:00,871.56,871.56,871.48,871.48,-0.01,148.48,127337.68,-1
2025-02-16,2025-02-16 14:16:00,871.48,871.48,871.4,871.4,-0.01,148.48,127337.68,-1
2025-02-16,2025-02-16 14:17:00,871.4,871.4,871.33,871.33,-0.01,148.48,127337.68,-1
2025-02-16,2025-02-16 14:18:00,871.33,871.33,871.25,871.25,-0.01,148.48,127337.68,-1
2025-02-16,2025-02-16 14:19:00,871.25,871.25,871.17,871.17,-0.01,148.48,127337.68,-1
2025-02-16,2025-02-16 14:20:00,871.17,871.17,871.09,871.09,-0.01,148.48,127337.68,-1
2025-02-16,2025-02-16 14:21:00,871.09,871.09,871.01,871.01,-0.01,148.48,127337.68,-1
2025-02-16,2025-02-16 14:22:00,871.01,871.01,870.93,870.93,-0.01,148.48,127337.68,-1
2025-02-16,2025-02-16 14:23:00,870.93,870.93,870.85,870.85,-0.01,148.48,127337.68,-1
2025-02-16,2025-02-16 14:24:00,870.85,870.85,870.77,870.77,-0.01,148.48,127337.68,-1
2025-02-16,2025-02-16 14:25:00,870.77,870.77,870.69,870.69,-0.01,148.48,127337.68,-1
2025-02-16,2025-02-16 14:26:00,870.69,870.69,870.61,870.61,-0.01,148.48,127337.68,-1
2025-02-16,2025-02-16 14:27:00,870.61,870.61,870.53,870.53,-0.01,148.48,127337.68,-1
2025-02-16,2025-02-16 14:28:00,870.53,870.53,870.45,870.45,-0.01,148.48,127337.68,-1
2025-02-16,2025-02-16 14:29:00,870.45,870.45,870.38,870.38,-0.01,148.48,127337.68,-1
2025-02-16,2025-02-16 14:30:00,870.38,870.38,870.3,870.3,-0.01,148.48,127337.68,-1
2025-02-16,2025-02-16 14:31:00,870.3,870.3,870.22,870.22,-0.01,148.48,127337.68,-1
2025-02-16,2025-02-16 14:32:00,870.22,870.22,870.14,870.14,-0.01,148.48,127337.68,-1
2025-02-16,2025-02-16 14:33:00,870.14,870.14,870.06,870.06,-0.01,148.48,127337.68,-1
2025-02-16,2025-02-16 14:34:00,870.06,870.06,869.98,869.98,-0.01,148.48,127337.68,-1
2025-02-16,2025-02-16 14:35:00,869.98,869.98,869.9,869.9,-0.01,148.48,127337.68,-1
2025-02-16,2025-02-16 14:36:00,869.9,869.9,869.82,869.82,-0.01,148.48,127337.68,-1
2025-02-16,2025-02-16 14:37:00,869.82,869.82,869.74,869.74,-0.01,148.48,127337.68,-1
2025-02-16,2025-02-16 14:38:00,869.74,869.74,869.66,869.66,-0.01,148.48,127337.68,-1
2025-02-16,2025-02-16 14:39:00,869.66,869.66,869.58,869.58,-0.01,148.48,127337.68,-1
2025-02-16,2025-02-16 14:40:00,869.58,869.58,869.5,869.5,-0.01,148.48,127337.68,-1
2025-02-16,2025-02-16 14:41:00,869.5,869.5,869.42,869.42,-0.01,148.48,127337.68,-1
2025-02-16,2025-02-16 14:42:00,869.42,869.42,869.35,869.35,-0.01,148.48,127337.68,-1
2025-02-16,2025-02-16 14:43:00,869.35,869.35,869.27,869.27,-0.01,148.48,127337.68,-1
2025-02-16,2025-02-16 14:44:00,869.27,869.27,869.19,869.19,-0.01,148.48,127337.68,-1
2025-02-16,2025-02-16 14:45:00,869.19,869.19,869.11,869.11,-0.01,148.48,127337.68,-1
2025-02-16,2025-02-16 14:46:00,869.11,869.11,869.03,869.03,-0.01,148.48,127337.68,-1
2025-02-16,2025-02-16 14:47:00,869.03,869.03,868.95,868.95,-0.01,148.48,127337.68,-1
2025-02-16,2025-02-16 14:48:00,868.95,868.95,868.87,868.87,-0.01,148.48,127337.68,-1
2025-02-16,2025-02-16 14:49:00,868.87,868.87,868.79,868.79,-0.01,148.48,127337.68,-1
2025-02-16,2025-02-16 14:50:00,868.79,868.79,868.71,868.71,-0.01,148.48,127337.68,-1
2025-02-16,2025-02-16 14:51:00,868.71,868.71,868.63,868.63,-0.01,148.48,127337.68,-1
2025-02-16,2025-02-16 14:52:00,868.63,868.63,868.55,868.55,-0.01,148.48,127337.68,-1
2025-02-16,2025-02-16 14:53:00,868.55,868.55,868.48,868.48,-0.01,148.48,127337.68,-1
2025-02-16,2025-02-16 14:54:00,868.48,868.48,868.4,868.4,-0.01,148.48,127337.68,-1
2025-02-16,2025-02-16 14:55:00,868.4,868.4,868.32,868.32,-0.01,148.48,127337.68,-1
2025-02-16,2025-02-16 14:56:00,868.32,868.32,868.24,868.24,-0.01,148.48,127337.68,-1
2025-02-16,2025-02-16 14:57:00,868.24,868.24,868.16,868.16,-0.01,148.48,127337.68,-1
2025-02-16,2025-02-16 14:58:00,868.16,868.16,868.08,868.08,-0.01,148.48,127337.68,-1
2025-02-16,2025-02-16 14:59:00,868.08,868.08,868.0,868.0,-0.01,148.48,127337.68,-1
2025-02-16,2025-02-16 15:00:00,868.0,902.0,840.0,868.0,0.0,148.48,127337.68,0
2025-02-17,2025-02-17 11:00:00,885.3,904.71,871.08,885.57,0.03,332.39,289503.16,1
2025-02-17,2025-02-17 11:01:00,885.57,885.84,885.57,885.84,0.03,332.39,289503.16,1
2025-02-17,2025-02-17 11:02:00,885.84,886.11,885.84,886.11,0.03,332.39,289503.16,1
2025-02-17,2025-02-17 11:03:00,886.11,886.38,886.11,886.38,0.03,332.39,289503.16,1
2025-02-17,2025-02-17 11:04:00,886.38,886.65,886.38,886.65,0.03,332.39,289503.16,1
2025-02-17,2025-02-17 11:05:00,886.65,886.92,886.65,886.92,0.03,332.39,289503.16,1
2025-02-17,2025-02-17 11:06:00,886.92,887.19,886.92,887.19,0.03,332.39,289503.16,1
2025-02-17,2025-02-17 11:07:00,887.19,887.46,887.19,887.46,0.03,332.39,289503.16,1
2025-02-17,2025-02-17 11:08:00,887.46,887.73,887.46,887.73,0.03,332.39,289503.16,1
2025-02-17,2025-02-17 11:09:00,887.73,888.0,887.73,888.0,0.03,332.39,289503.16,1
2025-02-17,2025-02-17 11:10:00,888.0,888.27,888.0,888.27,0.03,332.39,289503.16,1
2025-02-17,2025-02-17 11:11:00,888.27,888.53,888.27,888.53,0.03,332.39,289503.16,1
2025-02-17,2025-02-17 11:12:00,888.53,888.8,888.53,888.8,0.03,332.39,289503.16,1
2025-02-17,2025-02-17 11:13:00,888.8,889.07,888.8,889.07,0.03,332.39,289503.16,1
2025-02-17,2025-02-17 11:14:00,889.07,889.34,889.07,889.34,0.03,332.39,289503.16,1
2025-02-17,2025-02-17 11:15:00,889.34,889.61,889.34,889.61,0.03,332.39,289503.16,1
2025-02-17,2025-02-17 11:16:00,889.61,889.88,889.61,889.88,0.03,332.39,289503.16,1
2025-02-17,2025-02-17 11:17:00,889.88,890.15,889.88,890.15,0.03,332.39,289503.16,1
2025-02-17,2025-02-17 11:18:00,890.15,890.42,890.15,890.42,0.03,332.39,289503.16,1
2025-02-17,2025-02-17 11:19:00,890.42,890.69,890.42,890.69,0.03,332.39,289503.16,1
2025-02-17,2025-02-17 11:20:00,890.69,890.96,890.69,890.96,0.03,332.39,289503.16,1
2025-02-17,2025-02-17 11:21:00,890.96,891.23,890.96,891.23,0.03,332.39,289503.16,1
2025-02-17,2025-02-17 11:22:00,891.23,891.5,891.23,891.5,0.03,332.39,289503.16,1
2025-02-17,2025-02-17 11:23:00,891.5,891.77,891.5,891.77,0.03,332.39,289503.16,1
2025-02-17,2025-02-17 11:24:00,891.77,892.04,891.77,892.04,0.03,332.39,289503.16,1
2025-02-17,2025-02-17 11:25:00,892.04,892.31,892.04,892.31,0.03,332.39,289503.16,1
2025-02-17,2025-02-17 11:26:00,892.31,892.58,892.31,892.58,0.03,332.39,289503.16,1
2025-02-17,2025-02-17 11:27:00,892.58,892.85,892.58,892.85,0.03,332.39,289503.16,1
2025-02-17,2025-02-17 11:28:00,892.85,893.12,892.85,893.12,0.03,332.39,289503.16,1
2025-02-17,2025-02-17 11:29:00,893.12,893.39,893.12,893.39,0.03,332.39,289503.16,1
2025-02-17,2025-02-17 11:30:00,893.39,893.66,893.39,893.66,0.03,332.39,289503.16,1
2025-02-17,2025-02-17 11:31:00,893.66,893.93,893.66,893.93,0.03,332.39,289503.16,1
2025-02-17,2025-02-17 11:32:00,893.93,894.2,893.93,894.2,0.03,332.39,289503.16,1
2025-02-17,2025-02-17 11:33:00,894.2,894.47,894.2,894.47,0.03,332.39,289503.16,1
2025-02-17,2025-02-17 11:34:00,894.47,894.74,894.47,894.74,0.03,332.39,289503.16,1
2025-02-17,2025-02-17 11:35:00,894.74,895.0,894.74,895.0,0.03,332.39,289503.16,1
2025-02-17,2025-02-17 11:36:00,895.0,895.27,895.0,895.27,0.03,332.39,289503.16,1
2025-02-17,2025-02-17 11:37:00,895.27,895.54,895.27,895.54,0.03,332.39,289503.16,1
2025-02-17,2025-02-17 11:38:00,895.54,895.81,895.54,895.81,0.03,332.39,289503.16,1
2025-02-17,2025-02-17 11:39:00,895.81,896.08,895.81,896.08,0.03,332.39,289503.16,1
2025-02-17,2025-02-17 11:40:00,896.08,896.35,896.08,896.35,0.03,332.39,289503.16,1
2025-02-17,2025-02-17 11:41:00,896.35,896.62,896.35,896.62,0.03,332.39,289503.16,1
2025-02-17,2025-02-17 11:42:00,896.62,896.89,896.62,896.89,0.03,332.39,289503.16,1
2025-02-17,2025-02-17 11:43:00,896.89,897.16,896.89,897.16,0.03,332.39,289503.16,1
2025-02-17,2025-02-17 11:44:00,897.16,897.43,897.16,897.43,0.03,332.39,289503.16,1
2025-02-17,2025-02-17 11:45:00,897.43,897.7,897.43,897.7,0.03,332.39,289503.16,1
2025-02-17,2025-02-17 11:46:00,897.7,897.97,897.7,897.97,0.03,332.39,289503.16,1
2025-02-17,2025-02-17 11:47:00,897.97,898.24,897.97,898.24,0.03,332.39,289503.16,1
2025-02-17,2025-02-17 11:48:00,898.24,898.51,898.24,898.51,0.03,332.39,289503.16,1
2025-02-17,2025-02-17 11:49:00,898.51,898.78,898.51,898.78,0.03,332.39,289503.16,1
2025-02-17,2025-02-17 11:50:00,898.78,899.05,898.78,899.05,0.03,332.39,289503.16,1
2025-02-17,2025-02-17 11:51:00,899.05,899.32,899.05,899.32,0.03,332.39,289503.16,1
2025-02-17,2025-02-17 11:52:00,899.32,899.59,899.32,899.59,0.03,332.39,289503.16,1
2025-02-17,2025-02-17 11:53:00,899.59,899.86,899.59,899.86,0.03,332.39,289503.16,1
2025-02-17,2025-02-17 11:54:00,899.86,900.13,899.86,900.13,0.03,332.39,289503.16,1
2025-02-17,2025-02-17 11:55:00,900.13,900.4,900.13,900.4,0.03,332.39,289503.16,1
2025-02-17,2025-02-17 11:56:00,900.4,900.67,900.4,900.67,0.03,332.39,289503.16,1
2025-02-17,2025-02-17 11:57:00,900.67,900.94,900.67,900.94,0.03,332.39,289503.16,1
2025-02-17,2025-02-17 11:58:00,900.94,901.21,900.94,901.21,0.03,332.39,289503.16,1
2025-02-17,2025-02-17 11:59:00,901.21,901.47,901.21,901.47,0.03,332.39,289503.16,1
2025-02-17,2025-02-17 12:00:00,901.47,901.74,901.47,901.74,0.03,332.39,289503.16,1
2025-02-17,2025-02-17 12:01:00,901.74,902.01,901.74,902.01,0.03,332.39,289503.16,1
2025-02-17,2025-02-17 12:02:00,902.01,902.28,902.01,902.28,0.03,332.39,289503.16,1
2025-02-17,2025-02-17 12:03:00,902.28,902.55,902.28,902.55,0.03,332.39,289503.16,1
2025-02-17,2025-02-17 12:04:00,902.55,902.82,902.55,902.82,0.03,332.39,289503.16,1
2025-02-17,2025-02-17 12:05:00,902.82,903.09,902.82,903.09,0.03,332.39,289503.16,1
2025-02-17,2025-02-17 12:06:00,903.09,903.36,903.09,903.36,0.03,332.39,289503.16,1
2025-02-17,2025-02-17 12:07:00,903.36,903.63,903.36,903.63,0.03,332.39,289503.16,1
2025-02-17,2025-02-17 12:08:00,903.63,903.9,903.63,903.9,0.03,332.39,289503.16,1
2025-02-17,2025-02-17 12:09:00,903.9,904.17,903.9,904.17,0.03,332.39,289503.16,1
2025-02-17,2025-02-17 12:10:00,904.17,904.44,904.17,904.44,0.03,332.39,289503.16,1
2025-02-17,2025-02-17 12:11:00,904.44,904.71,904.44,904.71,0.03,332.39,289503.16,1
2025-02-17,2025-02-17 12:12:00,904.71,904.98,904.71,904.98,0.03,332.39,289503.16,1
2025-02-17,2025-02-17 12:13:00,904.98,905.25,904.98,905.25,0.03,332.39,289503.16,1
2025-02-17,2025-02-17 12:14:00,905.25,905.52,905.25,905.52,0.03,332.39,289503.16,1
2025-02-17,2025-02-17 12:15:00,905.52,905.79,905.52,905.79,0.03,332.39,289503.16,1
2025-02-17,2025-02-17 12:16:00,905.79,906.06,905.79,906.06,0.03,332.39,289503.16,1
2025-02-17,2025-02-17 12:17:00,906.06,906.33,906.06,906.33,0.03,332.39,289503.16,1
2025-02-17,2025-02-17 12:18:00,906.33,906.6,906.33,906.6,0.03,332.39,289503.16,1
2025-02-17,2025-02-17 12:19:00,906.6,906.87,906.6,906.87,0.03,332.39,289503.16,1
2025-02-17,2025-02-17 12:20:00,906.87,907.14,906.87,907.14,0.03,332.39,289503.16,1
2025-02-17,2025-02-17 12:21:00,907.14,907.41,907.14,907.41,0.03,332.39,289503.16,1
2025-02-17,2025-02-17 12:22:00,907.41,907.68,907.41,907.68,0.03,332.39,289503.16,1
2025-02-17,2025-02-17 12:23:00,907.68,907.94,907.68,907.94,0.03,332.39,289503.16,1
2025-02-17,2025-02-17 12:24:00,907.94,908.21,907.94,908.21,0.03,332.39,289503.16,1
2025-02-17,2025-02-17 12:25:00,908.21,908.48,908.21,908.48,0.03,332.39,289503.16,1
2025-02-17,2025-02-17 12:26:00,908.48,908.75,908.48,908.75,0.03,332.39,289503.16,1
2025-02-17,2025-02-17 12:27:00,908.75,909.02,908.75,909.02,0.03,332.39,289503.16,1
2025-02-17,2025-02-17 12:28:00,909.02,909.29,909.02,909.29,0.03,332.39,289503.16,1
2025-02-17,2025-02-17 12:29:00,909.29,909.56,909.29,909.56,0.03,332.39,289503.16,1
2025-02-17,2025-02-17 12:30:00,909.56,909.83,909.56,909.83,0.03,332.39,289503.16,1
2025-02-17,2025-02-17 12:31:00,909.83,910.1,909.83,910.1,0.03,332.39,289503.16,1
2025-02-17,2025-02-17 12:32:00,910.1,910.37,910.1,910.37,0.03,332.39,289503.16,1
2025-02-17,2025-02-17 12:33:00,910.37,910.64,910.37,910.64,0.03,332.39,289503.16,1
2025-02-17,2025-02-17 12:34:00,910.64,910.91,910.64,910.91,0.03,332.39,289503.16,1
2025-02-17,2025-02-17 12:35:00,910.91,911.18,910.91,911.18,0.03,332.39,289503.16,1
2025-02-17,2025-02-17 12:36:00,911.18,911.45,911.18,911.45,0.03,332.39,289503.16,1
2025-02-17,2025-02-17 12:37:00,911.45,911.72,911.45,911.72,0.03,332.39,289503.16,1
2025-02-17,2025-02-17 12:38:00,911.72,911.99,911.72,911.99,0.03,332.39,289503.16,1
2025-02-17,2025-02-17 12:39:00,911.99,912.26,911.99,912.26,0.03,332.39,289503.16,1
2025-02-17,2025-02-17 12:40:00,912.26,912.53,912.26,912.53,0.03,332.39,289503.16,1
2025-02-17,2025-02-17 12:41:00,912.53,912.8,912.53,912.8,0.03,332.39,289503.16,1
2025-02-17,2025-02-17 12:42:00,912.8,913.07,912.8,913.07,0.03,332.39,289503.16,1
2025-02-17,2025-02-17 12:43:00,913.07,913.34,913.07,913.34,0.03,332.39,289503.16,1
2025-02-17,2025-02-17 12:44:00,913.34,913.61,913.34,913.61,0.03,332.39,289503.16,1
2025-02-17,2025-02-17 12:45:00,913.61,913.88,913.61,913.88,0.03,332.39,289503.16,1
2025-02-17,2025-02-17 12:46:00,913.88,914.15,913.88,914.15,0.03,332.39,289503.16,1
2025-02-17,2025-02-17 12:47:00,914.15,914.41,914.15,914.41,0.03,332.39,289503.16,1
2025-02-17,2025-02-17 12:48:00,914.41,914.68,914.41,914.68,0.03,332.39,289503.16,1
2025-02-17,2025-02-17 12:49:00,914.68,914.95,914.68,914.95,0.03,332.39,289503.16,1
2025-02-17,2025-02-17 12:50:00,914.95,915.22,914.95,915.22,0.03,332.39,289503.16,1
2025-02-17,2025-02-17 12:51:00,915.22,915.49,915.22,915.49,0.03,332.39,289503.16,1
2025-02-17,2025-02-17 12:52:00,915.49,915.76,915.49,915.76,0.03,332.39,289503.16,1
2025-02-17,2025-02-17 12:53:00,915.76,916.03,915.76,916.03,0.03,332.39,289503.16,1
2025-02-17,2025-02-17 12:54:00,916.03,916.3,916.03,916.3,0.03,332.39,289503.16,1
2025-02-17,2025-02-17 12:55:00,916.3,916.57,916.3,916.57,0.03,332.39,289503.16,1
2025-02-17,2025-02-17 12:56:00,916.57,916.84,916.57,916.84,0.03,332.39,289503.16,1
2025-02-17,2025-02-17 12:57:00,916.84,917.11,916.84,917.11,0.03,332.39,289503.16,1
2025-02-17,2025-02-17 12:58:00,917.11,917.38,917.11,917.38,0.03,332.39,289503.16,1
2025-02-17,2025-02-17 12:59:00,917.38,917.65,917.38,917.65,0.03,332.39,289503.16,1
2025-02-17,2025-02-17 13:00:00,917.65,950.0,837.9,917.92,0.03,332.39,289503.16,1
2025-02-17,2025-02-17 13:01:00,917.92,918.19,917.92,918.19,0.03,332.39,289503.16,1
2025-02-17,2025-02-17 13:02:00,918.19,918.46,918.19,918.46,0.03,332.39,289503.16,1
2025-02-17,2025-02-17 13:03:00,918.46,918.73,918.46,918.73,0.03,332.39,289503.16,1
2025-02-17,2025-02-17 13:04:00,918.73,919.0,918.73,919.0,0.03,332.39,289503.16,1
2025-02-17,2025-02-17 13:05:00,919.0,919.27,919.0,919.27,0.03,332.39,289503.16,1
2025-02-17,2025-02-17 13:06:00,919.27,919.54,919.27,919.54,0.03,332.39,289503.16,1
2025-02-17,2025-02-17 13:07:00,919.54,919.81,919.54,919.81,0.03,332.39,289503.16,1
2025-02-17,2025-02-17 13:08:00,919.81,920.08,919.81,920.08,0.03,332.39,289503.16,1
2025-02-17,2025-02-17 13:09:00,920.08,920.35,920.08,920.35,0.03,332.39,289503.16,1
2025-02-17,2025-02-17 13:10:00,920.35,920.62,920.35,920.62,0.03,332.39,289503.16,1
2025-02-17,2025-02-17 13:11:00,920.62,920.88,920.62,920.88,0.03,332.39,289503.16,1
2025-02-17,2025-02-17 13:12:00,920.88,921.15,920.88,921.15,0.03,332.39,289503.16,1
2025-02-17,2025-02-17 13:13:00,921.15,921.42,921.15,921.42,0.03,332.39,289503.16,1
2025-02-17,2025-02-17 13:14:00,921.42,921.69,921.42,921.69,0.03,332.39,289503.16,1
2025-02-17,2025-02-17 13:15:00,921.69,921.96,921.69,921.96,0.03,332.39,289503.16,1
2025-02-17,2025-02-17 13:16:00,921.96,922.23,921.96,922.23,0.03,332.39,289503.16,1
2025-02-17,2025-02-17 13:17:00,922.23,922.5,922.23,922.5,0.03,332.39,289503.16,1
2025-02-17,2025-02-17 13:18:00,922.5,922.77,922.5,922.77,0.03,332.39,289503.16,1
2025-02-17,2025-02-17 13:19:00,922.77,923.04,922.77,923.04,0.03,332.39,289503.16,1
2025-02-17,2025-02-17 13:20:00,923.04,923.31,923.04,923.31,0.03,332.39,289503.16,1
2025-02-17,2025-02-17 13:21:00,923.31,923.58,923.31,923.58,0.03,332.39,289503.16,1
2025-02-17,2025-02-17 13:22:00,923.58,923.85,923.58,923.85,0.03,332.39,289503.16,1
2025-02-17,2025-02-17 13:23:00,923.85,924.12,923.85,924.12,0.03,332.39,289503.16,1
2025-02-17,2025-02-17 13:24:00,924.12,924.39,924.12,924.39,0.03,332.39,289503.16,1
2025-02-17,2025-02-17 13:25:00,924.39,924.66,924.39,924.66,0.03,332.39,289503.16,1
2025-02-17,2025-02-17 13:26:00,924.66,924.93,924.66,924.93,0.03,332.39,289503.16,1
2025-02-17,2025-02-17 13:27:00,924.93,925.2,924.93,925.2,0.03,332.39,289503.16,1
2025-02-17,2025-02-17 13:28:00,925.2,925.47,925.2,925.47,0.03,332.39,289503.16,1
2025-02-17,2025-02-17 13:29:00,925.47,925.74,925.47,925.74,0.03,332.39,289503.16,1
2025-02-17,2025-02-17 13:30:00,925.74,926.01,925.74,926.01,0.03,332.39,289503.16,1
2025-02-17,2025-02-17 13:31:00,926.01,926.28,926.01,926.28,0.03,332.39,289503.16,1
2025-02-17,2025-02-17 13:32:00,926.28,926.55,926.28,926.55,0.03,332.39,289503.16,1
2025-02-17,2025-02-17 13:33:00,926.55,926.82,926.55,926.82,0.03,332.39,289503.16,1
2025-02-17,2025-02-17 13:34:00,926.82,927.09,926.82,927.09,0.03,332.39,289503.16,1
2025-02-17,2025-02-17 13:35:00,927.09,927.36,927.09,927.36,0.03,332.39,289503.16,1
2025-02-17,2025-02-17 13:36:00,927.36,927.62,927.36,927.62,0.03,332.39,289503.16,1
2025-02-17,2025-02-17 13:37:00,927.62,927.89,927.62,927.89,0.03,332.39,289503.16,1
2025-02-17,2025-02-17 13:38:00,927.89,928.16,927.89,928.16,0.03,332.39,289503.16,1
2025-02-17,2025-02-17 13:39:00,928.16,928.43,928.16,928.43,0.03,332.39,289503.16,1
2025-02-17,2025-02-17 13:40:00,928.43,928.7,928.43,928.7,0.03,332.39,289503.16,1
2025-02-17,2025-02-17 13:41:00,928.7,928.97,928.7,928.97,0.03,332.39,289503.16,1
2025-02-17,2025-02-17 13:42:00,928.97,929.24,928.97,929.24,0.03,332.39,289503.16,1
2025-02-17,2025-02-17 13:43:00,929.24,929.51,929.24,929.51,0.03,332.39,289503.16,1
2025-02-17,2025-02-17 13:44:00,929.51,929.78,929.51,929.78,0.03,332.39,289503.16,1
2025-02-17,2025-02-17 13:45:00,929.78,930.05,929.78,930.05,0.03,332.39,289503.16,1
2025-02-17,2025-02-17 13:46:00,930.05,930.32,930.05,930.32,0.03,332.39,289503.16,1
2025-02-17,2025-02-17 13:47:00,930.32,930.59,930.32,930.59,0.03,332.39,289503.16,1
2025-02-17,2025-02-17 13:48:00,930.59,930.86,930.59,930.86,0.03,332.39,289503.16,1
2025-02-17,2025-02-17 13:49:00,930.86,931.13,930.86,931.13,0.03,332.39,289503.16,1
2025-02-17,2025-02-17 13:50:00,931.13,931.4,931.13,931.4,0.03,332.39,289503.16,1
2025-02-17,2025-02-17 13:51:00,931.4,931.67,931.4,931.67,0.03,332.39,289503.16,1
2025-02-17,2025-02-17 13:52:00,931.67,931.94,931.67,931.94,0.03,332.39,289503.16,1
2025-02-17,2025-02-17 13:53:00,931.94,932.21,931.94,932.21,0.03,332.39,289503.16,1
2025-02-17,2025-02-17 13:54:00,932.21,932.48,932.21,932.48,0.03,332.39,289503.16,1
2025-02-17,2025-02-17 13:55:00,932.48,932.75,932.48,932.75,0.03,332.39,289503.16,1
2025-02-17,2025-02-17 13:56:00,932.75,933.02,932.75,933.02,0.03,332.39,289503.16,1
2025-02-17,2025-02-17 13:57:00,933.02,933.29,933.02,933.29,0.03,332.39,289503.16,1
2025-02-17,2025-02-17 13:58:00,933.29,933.56,933.29,933.56,0.03,332.39,289503.16,1
2025-02-17,2025-02-17 13:59:00,933.56,933.83,933.56,933.83,0.03,332.39,289503.16,1
2025-02-17,2025-02-17 14:00:00,933.83,934.09,933.83,934.09,0.03,332.39,289503.16,1
2025-02-17,2025-02-17 14:01:00,934.09,934.36,934.09,934.36,0.03,332.39,289503.16,1
2025-02-17,2025-02-17 14:02:00,934.36,934.63,934.36,934.63,0.03,332.39,289503.16,1
2025-02-17,2025-02-17 14:03:00,934.63,934.9,934.63,934.9,0.03,332.39,289503.16,1
2025-02-17,2025-02-17 14:04:00,934.9,935.17,934.9,935.17,0.03,332.39,289503.16,1
2025-02-17,2025-02-17 14:05:00,935.17,935.44,935.17,935.44,0.03,332.39,289503.16,1
2025-02-17,2025-02-17 14:06:00,935.44,935.71,935.44,935.71,0.03,332.39,289503.16,1
2025-02-17,2025-02-17 14:07:00,935.71,935.98,935.71,935.98,0.03,332.39,289503.16,1
2025-02-17,2025-02-17 14:08:00,935.98,936.25,935.98,936.25,0.03,332.39,289503.16,1
2025-02-17,2025-02-17 14:09:00,936.25,936.52,936.25,936.52,0.03,332.39,289503.16,1
2025-02-17,2025-02-17 14:10:00,936.52,936.79,936.52,936.79,0.03,332.39,289503.16,1
2025-02-17,2025-02-17 14:11:00,936.79,937.06,936.79,937.06,0.03,332.39,289503.16,1
2025-02-17,2025-02-17 14:12:00,937.06,937.33,937.06,937.33,0.03,332.39,289503.16,1
2025-02-17,2025-02-17 14:13:00,937.33,937.6,937.33,937.6,0.03,332.39,289503.16,1
2025-02-17,2025-02-17 14:14:00,937.6,937.87,937.6,937.87,0.03,332.39,289503.16,1
2025-02-17,2025-02-17 14:15:00,937.87,938.14,937.87,938.14,0.03,332.39,289503.16,1
2025-02-17,2025-02-17 14:16:00,938.14,938.41,938.14,938.41,0.03,332.39,289503.16,1
2025-02-17,2025-02-17 14:17:00,938.41,938.68,938.41,938.68,0.03,332.39,289503.16,1
2025-02-17,2025-02-17 14:18:00,938.68,938.95,938.68,938.95,0.03,332.39,289503.16,1
2025-02-17,2025-02-17 14:19:00,938.95,939.22,938.95,939.22,0.03,332.39,289503.16,1
2025-02-17,2025-02-17 14:20:00,939.22,939.49,939.22,939.49,0.03,332.39,289503.16,1
2025-02-17,2025-02-17 14:21:00,939.49,939.76,939.49,939.76,0.03,332.39,289503.16,1
2025-02-17,2025-02-17 14:22:00,939.76,940.03,939.76,940.03,0.03,332.39,289503.16,1
2025-02-17,2025-02-17 14:23:00,940.03,940.29,940.03,940.29,0.03,332.39,289503.16,1
2025-02-17,2025-02-17 14:24:00,940.29,940.56,940.29,940.56,0.03,332.39,289503.16,1
2025-02-17,2025-02-17 14:25:00,940.56,940.83,940.56,940.83,0.03,332.39,289503.16,1
2025-02-17,2025-02-17 14:26:00,940.83,941.1,940.83,941.1,0.03,332.39,289503.16,1
2025-02-17,2025-02-17 14:27:00,941.1,941.37,941.1,941.37,0.03,332.39,289503.16,1
2025-02-17,2025-02-17 14:28:00,941.37,941.64,941.37,941.64,0.03,332.39,289503.16,1
2025-02-17,2025-02-17 14:29:00,941.64,941.91,941.64,941.91,0.03,332.39,289503.16,1
2025-02-17,2025-02-17 14:30:00,941.91,942.18,941.91,942.18,0.03,332.39,289503.16,1
2025-02-17,2025-02-17 14:31:00,942.18,942.45,942.18,942.45,0.03,332.39,289503.16,1
2025-02-17,2025-02-17 14:32:00,942.45,942.72,942.45,942.72,0.03,332.39,289503.16,1
2025-02-17,2025-02-17 14:33:00,942.72,942.99,942.72,942.99,0.03,332.39,289503.16,1
2025-02-17,2025-02-17 14:34:00,942.99,943.26,942.99,943.26,0.03,332.39,289503.16,1
2025-02-17,2025-02-17 14:35:00,943.26,943.53,943.26,943.53,0.03,332.39,289503.16,1
2025-02-17,2025-02-17 14:36:00,943.53,943.8,943.53,943.8,0.03,332.39,289503.16,1
2025-02-17,2025-02-17 14:37:00,943.8,944.07,943.8,944.07,0.03,332.39,289503.16,1
2025-02-17,2025-02-17 14:38:00,944.07,944.34,944.07,944.34,0.03,332.39,289503.16,1
2025-02-17,2025-02-17 14:39:00,944.34,944.61,944.34,944.61,0.03,332.39,289503.16,1
2025-02-17,2025-02-17 14:40:00,944.61,944.88,944.61,944.88,0.03,332.39,289503.16,1
2025-02-17,2025-02-17 14:41:00,944.88,945.15,944.88,945.15,0.03,332.39,289503.16,1
2025-02-17,2025-02-17 14:42:00,945.15,945.42,945.15,945.42,0.03,332.39,289503.16,1
2025-02-17,2025-02-17 14:43:00,945.42,945.69,945.42,945.69,0.03,332.39,289503.16,1
2025-02-17,2025-02-17 14:44:00,945.69,945.96,945.69,945.96,0.03,332.39,289503.16,1
2025-02-17,2025-02-17 14:45:00,945.96,946.23,945.96,946.23,0.03,332.39,289503.16,1
2025-02-17,2025-02-17 14:46:00,946.23,946.5,946.23,946.5,0.03,332.39,289503.16,1
2025-02-17,2025-02-17 14:47:00,946.5,946.76,946.5,946.76,0.03,332.39,289503.16,1
2025-02-17,2025-02-17 14:48:00,946.76,947.03,946.76,947.03,0.03,332.39,289503.16,1
2025-02-17,2025-02-17 14:49:00,947.03,947.3,947.03,947.3,0.03,332.39,289503.16,1
2025-02-17,2025-02-17 14:50:00,947.3,947.57,947.3,947.57,0.03,332.39,289503.16,1
2025-02-17,2025-02-17 14:51:00,947.57,947.84,947.57,947.84,0.03,332.39,289503.16,1
2025-02-17,2025-02-17 14:52:00,947.84,948.11,947.84,948.11,0.03,332.39,289503.16,1
2025-02-17,2025-02-17 14:53:00,948.11,948.38,948.11,948.38,0.03,332.39,289503.16,1
2025-02-17,2025-02-17 14:54:00,948.38,948.65,948.38,948.65,0.03,332.39,289503.16,1
2025-02-17,2025-02-17 14:55:00,948.65,948.92,948.65,948.92,0.03,332.39,289503.16,1
2025-02-17,2025-02-17 14:56:00,948.92,949.19,948.92,949.19,0.03,332.39,289503.16,1
2025-02-17,2025-02-17 14:57:00,949.19,949.46,949.19,949.46,0.03,332.39,289503.16,1
2025-02-17,2025-02-17 14:58:00,949.46,949.73,949.46,949.73,0.03,332.39,289503.16,1
2025-02-17,2025-02-17 14:59:00,949.73,950.0,949.73,950.0,0.03,332.39,289503.16,1
2025-02-17,2025-02-17 15:00:00,950.0,950.0,837.9,950.0,0.0,332.39,289503.16,0
2025-02-18,2025-02-18 11:00:00,931.0,931.0,908.2,930.73,-0.03,188.29,162438.97,-1
2025-02-18,2025-02-18 11:01:00,930.73,930.73,930.45,930.45,-0.03,188.29,162438.97,-1
2025-02-18,2025-02-18 11:02:00,930.45,930.45,930.17,930.17,-0.03,188.29,162438.97,-1
2025-02-18,2025-02-18 11:03:00,930.17,930.17,929.9,929.9,-0.03,188.29,162438.97,-1
2025-02-18,2025-02-18 11:04:00,929.9,929.9,929.62,929.62,-0.03,188.29,162438.97,-1
2025-02-18,2025-02-18 11:05:00,929.62,929.62,929.35,929.35,-0.03,188.29,162438.97,-1
2025-02-18,2025-02-18 11:06:00,929.35,929.35,929.08,929.08,-0.03,188.29,162438.97,-1
2025-02-18,2025-02-18 11:07:00,929.08,929.08,928.8,928.8,-0.03,188.29,162438.97,-1
2025-02-18,2025-02-18 11:08:00,928.8,928.8,928.52,928.52,-0.03,188.29,162438.97,-1
2025-02-18,2025-02-18 11:09:00,928.52,928.52,928.25,928.25,-0.03,188.29,162438.97,-1
2025-02-18,2025-02-18 11:10:00,928.25,928.25,927.98,927.98,-0.03,188.29,162438.97,-1
2025-02-18,2025-02-18 11:11:00,927.98,927.98,927.7,927.7,-0.03,188.29,162438.97,-1
2025-02-18,2025-02-18 11:12:00,927.7,927.7,927.42,927.42,-0.03,188.29,162438.97,-1
2025-02-18,2025-02-18 11:13:00,927.42,927.42,927.15,927.15,-0.03,188.29,162438.97,-1
2025-02-18,2025-02-18 11:14:00,927.15,927.15,926.88,926.88,-0.03,188.29,162438.97,-1
2025-02-18,2025-02-18 11:15:00,926.88,926.88,926.6,926.6,-0.03,188.29,162438.97,-1
2025-02-18,2025-02-18 11:16:00,926.6,926.6,926.33,926.33,-0.03,188.29,162438.97,-1
2025-02-18,2025-02-18 11:17:00,926.33,926.33,926.05,926.05,-0.03,188.29,162438.97,-1
2025-02-18,2025-02-18 11:18:00,926.05,926.05,925.77,925.77,-0.03,188.29,162438.97,-1
2025-02-18,2025-02-18 11:19:00,925.77,925.77,925.5,925.5,-0.03,188.29,162438.97,-1
2025-02-18,2025-02-18 11:20:00,925.5,925.5,925.23,925.23,-0.03,188.29,162438.97,-1
2025-02-18,2025-02-18 11:21:00,925.23,925.23,924.95,924.95,-0.03,188.29,162438.97,-1
2025-02-18,2025-02-18 11:22:00,924.95,924.95,924.67,924.67,-0.03,188.29,162438.97,-1
2025-02-18,2025-02-18 11:23:00,924.67,924.67,924.4,924.4,-0.03,188.29,162438.97,-1
2025-02-18,2025-02-18 11:24:00,924.4,924.4,924.12,924.12,-0.03,188.29,162438.97,-1
2025-02-18,2025-02-18 11:25:00,924.12,924.12,923.85,923.85,-0.03,188.29,162438.97,-1
2025-02-18,2025-02-18 11:26:00,923.85,923.85,923.58,923.58,-0.03,188.29,162438.97,-1
2025-02-18,2025-02-18 11:27:00,923.58,923.58,923.3,923.3,-0.03,188.29,162438.97,-1
2025-02-18,2025-02-18 11:28:00,923.3,923.3,923.02,923.02,-0.03,188.29,162438.97,-1
2025-02-18,2025-02-18 11:29:00,923.02,923.02,922.75,922.75,-0.03,188.29,162438.97,-1
2025-02-18,2025-02-18 11:30:00,922.75,922.75,922.48,922.48,-0.03,188.29,162438.97,-1
2025-02-18,2025-02-18 11:31:00,922.48,922.48,922.2,922.2,-0.03,188.29,162438.97,-1
2025-02-18,2025-02-18 11:32:00,922.2,922.2,921.92,921.92,-0.03,188.29,162438.97,-1
2025-02-18,2025-02-18 11:33:00,921.92,921.92,921.65,921.65,-0.03,188.29,162438.97,-1
2025-02-18,2025-02-18 11:34:00,921.65,921.65,921.38,921.38,-0.03,188.29,162438.97,-1
2025-02-18,2025-02-18 11:35:00,921.38,921.38,921.1,921.1,-0.03,188.29,162438.97,-1
2025-02-18,2025-02-18 11:36:00,921.1,921.1,920.83,920.83,-0.03,188.29,162438.97,-1
2025-02-18,2025-02-18 11:37:00,920.83,920.83,920.55,920.55,-0.03,188.29,162438.97,-1
2025-02-18,2025-02-18 11:38:00,920.55,920.55,920.27,920.27,-0.03,188.29,162438.97,-1
2025-02-18,2025-02-18 11:39:00,920.27,920.27,920.0,920.0,-0.03,188.29,162438.97,-1
2025-02-18,2025-02-18 11:40:00,920.0,920.0,919.73,919.73,-0.03,188.29,162438.97,-1
2025-02-18,2025-02-18 11:41:00,919.73,919.73,919.45,919.45,-0.03,188.29,162438.97,-1
2025-02-18,2025-02-18 11:42:00,919.45,919.45,919.17,919.17,-0.03,188.29,162438.97,-1
2025-02-18,2025-02-18 11:43:00,919.17,919.17,918.9,918.9,-0.03,188.29,162438.97,-1
2025-02-18,2025-02-18 11:44:00,918.9,918.9,918.62,918.62,-0.03,188.29,162438.97,-1
2025-02-18,2025-02-18 11:45:00,918.62,918.62,918.35,918.35,-0.03,188.29,162438.97,-1
2025-02-18,2025-02-18 11:46:00,918.35,918.35,918.08,918.08,-0.03,188.29,162438.97,-1
2025-02-18,2025-02-18 11:47:00,918.08,918.08,917.8,917.8,-0.03,188.29,162438.97,-1
2025-02-18,2025-02-18 11:48:00,917.8,917.8,917.52,917.52,-0.03,188.29,162438.97,-1
2025-02-18,2025-02-18 11:49:00,917.52,917.52,917.25,917.25,-0.03,188.29,162438.97,-1
2025-02-18,2025-02-18 11:50:00,917.25,917.25,916.98,916.98,-0.03,188.29,162438.97,-1
2025-02-18,2025-02-18 11:51:00,916.98,916.98,916.7,916.7,-0.03,188.29,162438.97,-1
2025-02-18,2025-02-18 11:52:00,916.7,916.7,916.42,916.42,-0.03,188.29,162438.97,-1
2025-02-18,2025-02-18 11:53:00,916.42,916.42,916.15,916.15,-0.03,188.29,162438.97,-1
2025-02-18,2025-02-18 11:54:00,916.15,916.15,915.88,915.88,-0.03,188.29,162438.97,-1
2025-02-18,2025-02-18 11:55:00,915.88,915.88,915.6,915.6,-0.03,188.29,162438.97,-1
2025-02-18,2025-02-18 11:56:00,915.6,915.6,915.33,915.33,-0.03,188.29,162438.97,-1
2025-02-18,2025-02-18 11:57:00,915.33,915.33,915.05,915.05,-0.03,188.29,162438.97,-1
2025-02-18,2025-02-18 11:58:00,915.05,915.05,914.77,914.77,-0.03,188.29,162438.97,-1
2025-02-18,2025-02-18 11:59:00,914.77,914.77,914.5,914.5,-0.03,188.29,162438.97,-1
2025-02-18,2025-02-18 12:00:00,914.5,914.5,914.23,914.23,-0.03,188.29,162438.97,-1
2025-02-18,2025-02-18 12:01:00,914.23,914.23,913.95,913.95,-0.03,188.29,162438.97,-1
2025-02-18,2025-02-18 12:02:00,913.95,913.95,913.67,913.67,-0.03,188.29,162438.97,-1
2025-02-18,2025-02-18 12:03:00,913.67,913.67,913.4,913.4,-0.03,188.29,162438.97,-1
2025-02-18,2025-02-18 12:04:00,913.4,913.4,913.12,913.12,-0.03,188.29,162438.97,-1
2025-02-18,2025-02-18 12:05:00,913.12,913.12,912.85,912.85,-0.03,188.29,162438.97,-1
2025-02-18,2025-02-18 12:06:00,912.85,912.85,912.58,912.58,-0.03,188.29,162438.97,-1
2025-02-18,2025-02-18 12:07:00,912.58,912.58,912.3,912.3,-0.03,188.29,162438.97,-1
2025-02-18,2025-02-18 12:08:00,912.3,912.3,912.02,912.02,-0.03,188.29,162438.97,-1
2025-02-18,2025-02-18 12:09:00,912.02,912.02,911.75,911.75,-0.03,188.29,162438.97,-1
2025-02-18,2025-02-18 12:10:00,911.75,911.75,911.48,911.48,-0.03,188.29,162438.97,-1
2025-02-18,2025-02-18 12:11:00,911.48,911.48,911.2,911.2,-0.03,188.29,162438.97,-1
2025-02-18,2025-02-18 12:12:00,911.2,911.2,910.92,910.92,-0.03,188.29,162438.97,-1
2025-02-18,2025-02-18 12:13:00,910.92,910.92,910.65,910.65,-0.03,188.29,162438.97,-1
2025-02-18,2025-02-18 12:14:00,910.65,910.65,910.38,910.38,-0.03,188.29,162438.97,-1
2025-02-18,2025-02-18 12:15:00,910.38,910.38,910.1,910.1,-0.03,188.29,162438.97,-1
2025-02-18,2025-02-18 12:16:00,910.1,910.1,909.83,909.83,-0.03,188.29,162438.97,-1
2025-02-18,2025-02-18 12:17:00,909.83,909.83,909.55,909.55,-0.03,188.29,162438.97,-1
2025-02-18,2025-02-18 12:18:00,909.55,909.55,909.27,909.27,-0.03,188.29,162438.97,-1
2025-02-18,2025-02-18 12:19:00,909.27,909.27,909.0,909.0,-0.03,188.29,162438.97,-1
2025-02-18,2025-02-18 12:20:00,909.0,909.0,908.73,908.73,-0.03,188.29,162438.97,-1
2025-02-18,2025-02-18 12:21:00,908.73,908.73,908.45,908.45,-0.03,188.29,162438.97,-1
2025-02-18,2025-02-18 12:22:00,908.45,908.45,908.17,908.17,-0.03,188.29,162438.97,-1
2025-02-18,2025-02-18 12:23:00,908.17,908.17,907.9,907.9,-0.03,188.29,162438.97,-1
2025-02-18,2025-02-18 12:24:00,907.9,907.9,907.62,907.62,-0.03,188.29,162438.97,-1
2025-02-18,2025-02-18 12:25:00,907.62,907.62,907.35,907.35,-0.03,188.29,162438.97,-1
2025-02-18,2025-02-18 12:26:00,907.35,907.35,907.08,907.08,-0.03,188.29,162438.97,-1
2025-02-18,2025-02-18 12:27:00,907.08,907.08,906.8,906.8,-0.03,188.29,162438.97,-1
2025-02-18,2025-02-18 12:28:00,906.8,906.8,906.52,906.52,-0.03,188.29,162438.97,-1
2025-02-18,2025-02-18 12:29:00,906.52,906.52,906.25,906.25,-0.03,188.29,162438.97,-1
2025-02-18,2025-02-18 12:30:00,906.25,906.25,905.98,905.98,-0.03,188.29,162438.97,-1
2025-02-18,2025-02-18 12:31:00,905.98,905.98,905.7,905.7,-0.03,188.29,162438.97,-1
2025-02-18,2025-02-18 12:32:00,905.7,905.7,905.42,905.42,-0.03,188.29,162438.97,-1
2025-02-18,2025-02-18 12:33:00,905.42,905.42,905.15,905.15,-0.03,188.29,162438.97,-1
2025-02-18,2025-02-18 12:34:00,905.15,905.15,904.88,904.88,-0.03,188.29,162438.97,-1
2025-02-18,2025-02-18 12:35:00,904.88,904.88,904.6,904.6,-0.03,188.29,162438.97,-1
2025-02-18,2025-02-18 12:36:00,904.6,904.6,904.33,904.33,-0.03,188.29,162438.97,-1
2025-02-18,2025-02-18 12:37:00,904.33,904.33,904.05,904.05,-0.03,188.29,162438.97,-1
2025-02-18,2025-02-18 12:38:00,904.05,904.05,903.77,903.77,-0.03,188.29,162438.97,-1
2025-02-18,2025-02-18 12:39:00,903.77,903.77,903.5,903.5,-0.03,188.29,162438.97,-1
2025-02-18,2025-02-18 12:40:00,903.5,903.5,903.23,903.23,-0.03,188.29,162438.97,-1
2025-02-18,2025-02-18 12:41:00,903.23,903.23,902.95,902.95,-0.03,188.29,162438.97,-1
2025-02-18,2025-02-18 12:42:00,902.95,902.95,902.67,902.67,-0.03,188.29,162438.97,-1
2025-02-18,2025-02-18 12:43:00,902.67,902.67,902.4,902.4,-0.03,188.29,162438.97,-1
2025-02-18,2025-02-18 12:44:00,902.4,902.4,902.12,902.12,-0.03,188.29,162438.97,-1
2025-02-18,2025-02-18 12:45:00,902.12,902.12,901.85,901.85,-0.03,188.29,162438.97,-1
2025-02-18,2025-02-18 12:46:00,901.85,901.85,901.58,901.58,-0.03,188.29,162438.97,-1
2025-02-18,2025-02-18 12:47:00,901.58,901.58,901.3,901.3,-0.03,188.29,162438.97,-1
2025-02-18,2025-02-18 12:48:00,901.3,901.3,901.02,901.02,-0.03,188.29,162438.97,-1
2025-02-18,2025-02-18 12:49:00,901.02,901.02,900.75,900.75,-0.03,188.29,162438.97,-1
2025-02-18,2025-02-18 12:50:00,900.75,900.75,900.48,900.48,-0.03,188.29,162438.97,-1
2025-02-18,2025-02-18 12:51:00,900.48,900.48,900.2,900.2,-0.03,188.29,162438.97,-1
2025-02-18,2025-02-18 12:52:00,900.2,900.2,899.92,899.92,-0.03,188.29,162438.97,-1
2025-02-18,2025-02-18 12:53:00,899.92,899.92,899.65,899.65,-0.03,188.29,162438.97,-1
2025-02-18,2025-02-18 12:54:00,899.65,899.65,899.38,899.38,-0.03,188.29,162438.97,-1
2025-02-18,2025-02-18 12:55:00,899.38,899.38,899.1,899.1,-0.03,188.29,162438.97,-1
2025-02-18,2025-02-18 12:56:00,899.1,899.1,898.83,898.83,-0.03,188.29,162438.97,-1
2025-02-18,2025-02-18 12:57:00,898.83,898.83,898.55,898.55,-0.03,188.29,162438.97,-1
2025-02-18,2025-02-18 12:58:00,898.55,898.55,898.27,898.27,-0.03,188.29,162438.97,-1
2025-02-18,2025-02-18 12:59:00,898.27,898.27,898.0,898.0,-0.03,188.29,162438.97,-1
2025-02-18,2025-02-18 13:00:00,898.0,931.0,855.0,897.73,-0.03,188.29,162438.97,-1
2025-02-18,2025-02-18 13:01:00,897.73,897.73,897.45,897.45,-0.03,188.29,162438.97,-1
2025-02-18,2025-02-18 13:02:00,897.45,897.45,897.17,897.17,-0.03,188.29,162438.97,-1
2025-02-18,2025-02-18 13:03:00,897.17,897.17,896.9,896.9,-0.03,188.29,162438.97,-1
2025-02-18,2025-02-18 13:04:00,896.9,896.9,896.62,896.62,-0.03,188.29,162438.97,-1
2025-02-18,2025-02-18 13:05:00,896.62,896.62,896.35,896.35,-0.03,188.29,162438.97,-1
2025-02-18,2025-02-18 13:06:00,896.35,896.35,896.08,896.08,-0.03,188.29,162438.97,-1
2025-02-18,2025-02-18 13:07:00,896.08,896.08,895.8,895.8,-0.03,188.29,162438.97,-1
2025-02-18,2025-02-18 13:08:00,895.8,895.8,895.52,895.52,-0.03,188.29,162438.97,-1
2025-02-18,2025-02-18 13:09:00,895.52,895.52,895.25,895.25,-0.03,188.29,162438.97,-1
2025-02-18,2025-02-18 13:10:00,895.25,895.25,894.98,894.98,-0.03,188.29,162438.97,-1
2025-02-18,2025-02-18 13:11:00,894.98,894.98,894.7,894.7,-0.03,188.29,162438.97,-1
2025-02-18,2025-02-18 13:12:00,894.7,894.7,894.42,894.42,-0.03,188.29,162438.97,-1
2025-02-18,2025-02-18 13:13:00,894.42,894.42,894.15,894.15,-0.03,188.29,162438.97,-1
2025-02-18,2025-02-18 13:14:00,894.15,894.15,893.88,893.88,-0.03,188.29,162438.97,-1
2025-02-18,2025-02-18 13:15:00,893.88,893.88,893.6,893.6,-0.03,188.29,162438.97,-1
2025-02-18,2025-02-18 13:16:00,893.6,893.6,893.33,893.33,-0.03,188.29,162438.97,-1
2025-02-18,2025-02-18 13:17:00,893.33,893.33,893.05,893.05,-0.03,188.29,162438.97,-1
2025-02-18,2025-02-18 13:18:00,893.05,893.05,892.77,892.77,-0.03,188.29,162438.97,-1
2025-02-18,2025-02-18 13:19:00,892.77,892.77,892.5,892.5,-0.03,188.29,162438.97,-1
2025-02-18,2025-02-18 13:20:00,892.5,892.5,892.23,892.23,-0.03,188.29,162438.97,-1
2025-02-18,2025-02-18 13:21:00,892.23,892.23,891.95,891.95,-0.03,188.29,162438.97,-1
2025-02-18,2025-02-18 13:22:00,891.95,891.95,891.67,891.67,-0.03,188.29,162438.97,-1
2025-02-18,2025-02-18 13:23:00,891.67,891.67,891.4,891.4,-0.03,188.29,162438.97,-1
2025-02-18,2025-02-18 13:24:00,891.4,891.4,891.12,891.12,-0.03,188.29,162438.97,-1
2025-02-18,2025-02-18 13:25:00,891.12,891.12,890.85,890.85,-0.03,188.29,162438.97,-1
2025-02-18,2025-02-18 13:26:00,890.85,890.85,890.58,890.58,-0.03,188.29,162438.97,-1
2025-02-18,2025-02-18 13:27:00,890.58,890.58,890.3,890.3,-0.03,188.29,162438.97,-1
2025-02-18,2025-02-18 13:28:00,890.3,890.3,890.02,890.02,-0.03,188.29,162438.97,-1
2025-02-18,2025-02-18 13:29:00,890.02,890.02,889.75,889.75,-0.03,188.29,162438.97,-1
2025-02-18,2025-02-18 13:30:00,889.75,889.75,889.48,889.48,-0.03,188.29,162438.97,-1
2025-02-18,2025-02-18 13:31:00,889.48,889.48,889.2,889.2,-0.03,188.29,162438.97,-1
2025-02-18,2025-02-18 13:32:00,889.2,889.2,888.92,888.92,-0.03,188.29,162438.97,-1
2025-02-18,2025-02-18 13:33:00,888.92,888.92,888.65,888.65,-0.03,188.29,162438.97,-1
2025-02-18,2025-02-18 13:34:00,888.65,888.65,888.38,888.38,-0.03,188.29,162438.97,-1
2025-02-18,2025-02-18 13:35:00,888.38,888.38,888.1,888.1,-0.03,188.29,162438.97,-1
2025-02-18,2025-02-18 13:36:00,888.1,888.1,887.83,887.83,-0.03,188.29,162438.97,-1
2025-02-18,2025-02-18 13:37:00,887.83,887.83,887.55,887.55,-0.03,188.29,162438.97,-1
2025-02-18,2025-02-18 13:38:00,887.55,887.55,887.27,887.27,-0.03,188.29,162438.97,-1
2025-02-18,2025-02-18 13:39:00,887.27,887.27,887.0,887.0,-0.03,188.29,162438.97,-1
2025-02-18,2025-02-18 13:40:00,887.0,887.0,886.73,886.73,-0.03,188.29,162438.97,-1
2025-02-18,2025-02-18 13:41:00,886.73,886.73,886.45,886.45,-0.03,188.29,162438.97,-1
2025-02-18,2025-02-18 13:42:00,886.45,886.45,886.17,886.17,-0.03,188.29,162438.97,-1
2025-02-18,2025-02-18 13:43:00,886.17,886.17,885.9,885.9,-0.03,188.29,162438.97,-1
2025-02-18,2025-02-18 13:44:00,885.9,885.9,885.62,885.62,-0.03,188.29,162438.97,-1
2025-02-18,2025-02-18 13:45:00,885.62,885.62,885.35,885.35,-0.03,188.29,162438.97,-1
2025-02-18,2025-02-18 13:46:00,885.35,885.35,885.08,885.08,-0.03,188.29,162438.97,-1
2025-02-18,2025-02-18 13:47:00,885.08,885.08,884.8,884.8,-0.03,188.29,162438.97,-1
2025-02-18,2025-02-18 13:48:00,884.8,884.8,884.52,884.52,-0.03,188.29,162438.97,-1
2025-02-18,2025-02-18 13:49:00,884.52,884.52,884.25,884.25,-0.03,188.29,162438.97,-1
2025-02-18,2025-02-18 13:50:00,884.25,884.25,883.98,883.98,-0.03,188.29,162438.97,-1
2025-02-18,2025-02-18 13:51:00,883.98,883.98,883.7,883.7,-0.03,188.29,162438.97,-1
2025-02-18,2025-02-18 13:52:00,883.7,883.7,883.42,883.42,-0.03,188.29,162438.97,-1
2025-02-18,2025-02-18 13:53:00,883.42,883.42,883.15,883.15,-0.03,188.29,162438.97,-1
2025-02-18,2025-02-18 13:54:00,883.15,883.15,882.88,882.88,-0.03,188.29,162438.97,-1
2025-02-18,2025-02-18 13:55:00,882.88,882.88,882.6,882.6,-0.03,188.29,162438.97,-1
2025-02-18,2025-02-18 13:56:00,882.6,882.6,882.33,882.33,-0.03,188.29,162438.97,-1
2025-02-18,2025-02-18 13:57:00,882.33,882.33,882.05,882.05,-0.03,188.29,162438.97,-1
2025-02-18,2025-02-18 13:58:00,882.05,882.05,881.77,881.77,-0.03,188.29,162438.97,-1
2025-02-18,2025-02-18 13:59:00,881.77,881.77,881.5,881.5,-0.03,188.29,162438.97,-1
2025-02-18,2025-02-18 14:00:00,881.5,881.5,881.23,881.23,-0.03,188.29,162438.97,-1
2025-02-18,2025-02-18 14:01:00,881.23,881.23,880.95,880.95,-0.03,188.29,162438.97,-1
2025-02-18,2025-02-18 14:02:00,880.95,880.95,880.67,880.67,-0.03,188.29,162438.97,-1
2025-02-18,2025-02-18 14:03:00,880.67,880.67,880.4,880.4,-0.03,188.29,162438.97,-1
2025-02-18,2025-02-18 14:04:00,880.4,880.4,880.12,880.12,-0.03,188.29,162438.97,-1
2025-02-18,2025-02-18 14:05:00,880.12,880.12,879.85,879.85,-0.03,188.29,162438.97,-1
2025-02-18,2025-02-18 14:06:00,879.85,879.85,879.58,879.58,-0.03,188.29,162438.97,-1
2025-02-18,2025-02-18 14:07:00,879.58,879.58,879.3,879.3,-0.03,188.29,162438.97,-1
2025-02-18,2025-02-18 14:08:00,879.3,879.3,879.02,879.02,-0.03,188.29,162438.97,-1
2025-02-18,2025-02-18 14:09:00,879.02,879.02,878.75,878.75,-0.03,188.29,162438.97,-1
2025-02-18,2025-02-18 14:10:00,878.75,878.75,878.48,878.48,-0.03,188.29,162438.97,-1
2025-02-18,2025-02-18 14:11:00,878.48,878.48,878.2,878.2,-0.03,188.29,162438.97,-1
2025-02-18,2025-02-18 14:12:00,878.2,878.2,877.92,877.92,-0.03,188.29,162438.97,-1
2025-02-18,2025-02-18 14:13:00,877.92,877.92,877.65,877.65,-0.03,188.29,162438.97,-1
2025-02-18,2025-02-18 14:14:00,877.65,877.65,877.38,877.38,-0.03,188.29,162438.97,-1
2025-02-18,2025-02-18 14:15:00,877.38,877.38,877.1,877.1,-0.03,188.29,162438.97,-1
2025-02-18,2025-02-18 14:16:00,877.1,877.1,876.83,876.83,-0.03,188.29,162438.97,-1
2025-02-18,2025-02-18 14:17:00,876.83,876.83,876.55,876.55,-0.03,188.29,162438.97,-1
2025-02-18,2025-02-18 14:18:00,876.55,876.55,876.27,876.27,-0.03,188.29,162438.97,-1
2025-02-18,2025-02-18 14:19:00,876.27,876.27,876.0,876.0,-0.03,188.29,162438.97,-1
2025-02-18,2025-02-18 14:20:00,876.0,876.0,875.73,875.73,-0.03,188.29,162438.97,-1
2025-02-18,2025-02-18 14:21:00,875.73,875.73,875.45,875.45,-0.03,188.29,162438.97,-1
2025-02-18,2025-02-18 14:22:00,875.45,875.45,875.17,875.17,-0.03,188.29,162438.97,-1
2025-02-18,2025-02-18 14:23:00,875.17,875.17,874.9,874.9,-0.03,188.29,162438.97,-1
2025-02-18,2025-02-18 14:24:00,874.9,874.9,874.62,874.62,-0.03,188.29,162438.97,-1
2025-02-18,2025-02-18 14:25:00,874.62,874.62,874.35,874.35,-0.03,188.29,162438.97,-1
2025-02-18,2025-02-18 14:26:00,874.35,874.35,874.08,874.08,-0.03,188.29,162438.97,-1
2025-02-18,2025-02-18 14:27:00,874.08,874.08,873.8,873.8,-0.03,188.29,162438.97,-1
2025-02-18,2025-02-18 14:28:00,873.8,873.8,873.52,873.52,-0.03,188.29,162438.97,-1
2025-02-18,2025-02-18 14:29:00,873.52,873.52,873.25,873.25,-0.03,188.29,162438.97,-1
2025-02-18,2025-02-18 14:30:00,873.25,873.25,872.98,872.98,-0.03,188.29,162438.97,-1
2025-02-18,2025-02-18 14:31:00,872.98,872.98,872.7,872.7,-0.03,188.29,162438.97,-1
2025-02-18,2025-02-18 14:32:00,872.7,872.7,872.42,872.42,-0.03,188.29,162438.97,-1
2025-02-18,2025-02-18 14:33:00,872.42,872.42,872.15,872.15,-0.03,188.29,162438.97,-1
2025-02-18,2025-02-18 14:34:00,872.15,872.15,871.88,871.88,-0.03,188.29,162438.97,-1
2025-02-18,2025-02-18 14:35:00,871.88,871.88,871.6,871.6,-0.03,188.29,162438.97,-1
2025-02-18,2025-02-18 14:36:00,871.6,871.6,871.33,871.33,-0.03,188.29,162438.97,-1
2025-02-18,2025-02-18 14:37:00,871.33,871.33,871.05,871.05,-0.03,188.29,162438.97,-1
2025-02-18,2025-02-18 14:38:00,871.05,871.05,870.77,870.77,-0.03,188.29,162438.97,-1
2025-02-18,2025-02-18 14:39:00,870.77,870.77,870.5,870.5,-0.03,188.29,162438.97,-1
2025-02-18,2025-02-18 14:40:00,870.5,870.5,870.23,870.23,-0.03,188.29,162438.97,-1
2025-02-18,2025-02-18 14:41:00,870.23,870.23,869.95,869.95,-0.03,188.29,162438.97,-1
2025-02-18,2025-02-18 14:42:00,869.95,869.95,869.67,869.67,-0.03,188.29,162438.97,-1
2025-02-18,2025-02-18 14:43:00,869.67,869.67,869.4,869.4,-0.03,188.29,162438.97,-1
2025-02-18,2025-02-18 14:44:00,869.4,869.4,869.12,869.12,-0.03,188.29,162438.97,-1
2025-02-18,2025-02-18 14:45:00,869.12,869.12,868.85,868.85,-0.03,188.29,162438.97,-1
2025-02-18,2025-02-18 14:46:00,868.85,868.85,868.58,868.58,-0.03,188.29,162438.97,-1
2025-02-18,2025-02-18 14:47:00,868.58,868.58,868.3,868.3,-0.03,188.29,162438.97,-1
2025-02-18,2025-02-18 14:48:00,868.3,868.3,868.02,868.02,-0.03,188.29,162438.97,-1
2025-02-18,2025-02-18 14:49:00,868.02,868.02,867.75,867.75,-0.03,188.29,162438.97,-1
2025-02-18,2025-02-18 14:50:00,867.75,867.75,867.48,867.48,-0.03,188.29,162438.97,-1
2025-02-18,2025-02-18 14:51:00,867.48,867.48,867.2,867.2,-0.03,188.29,162438.97,-1
2025-02-18,2025-02-18 14:52:00,867.2,867.2,866.92,866.92,-0.03,188.29,162438.97,-1
2025-02-18,2025-02-18 14:53:00,866.92,866.92,866.65,866.65,-0.03,188.29,162438.97,-1
2025-02-18,2025-02-18 14:54:00,866.65,866.65,866.38,866.38,-0.03,188.29,162438.97,-1
2025-02-18,2025-02-18 14:55:00,866.38,866.38,866.1,866.1,-0.03,188.29,162438.97,-1
2025-02-18,2025-02-18 14:56:00,866.1,866.1,865.83,865.83,-0.03,188.29,162438.97,-1
2025-02-18,2025-02-18 14:57:00,865.83,865.83,865.55,865.55,-0.03,188.29,162438.97,-1
2025-02-18,2025-02-18 14:58:00,865.55,865.55,865.27,865.27,-0.03,188.29,162438.97,-1
2025-02-18,2025-02-18 14:59:00,865.27,865.27,865.0,865.0,-0.03,188.29,162438.97,-1
2025-02-18,2025-02-18 15:00:00,865.0,931.0,855.0,865.0,0.0,188.29,162438.97,0
2025-02-20,2025-02-20 11:00:00,865.0,865.0,850.0,864.79,-0.02,117.46,97055.21,-1
2025-02-20,2025-02-20 11:01:00,864.79,864.79,864.58,864.58,-0.02,117.46,97055.21,-1
2025-02-20,2025-02-20 11:02:00,864.58,864.58,864.38,864.38,-0.02,117.46,97055.21,-1
2025-02-20,2025-02-20 11:03:00,864.38,864.38,864.17,864.17,-0.02,117.46,97055.21,-1
2025-02-20,2025-02-20 11:04:00,864.17,864.17,863.96,863.96,-0.02,117.46,97055.21,-1
2025-02-20,2025-02-20 11:05:00,863.96,863.96,863.75,863.75,-0.02,117.46,97055.21,-1
2025-02-20,2025-02-20 11:06:00,863.75,863.75,863.54,863.54,-0.02,117.46,97055.21,-1
2025-02-20,2025-02-20 11:07:00,863.54,863.54,863.33,863.33,-0.02,117.46,97055.21,-1
2025-02-20,2025-02-20 11:08:00,863.33,863.33,863.12,863.12,-0.02,117.46,97055.21,-1
2025-02-20,2025-02-20 11:09:00,863.12,863.12,862.92,862.92,-0.02,117.46,97055.21,-1
2025-02-20,2025-02-20 11:10:00,862.92,862.92,862.71,862.71,-0.02,117.46,97055.21,-1
2025-02-20,2025-02-20 11:11:00,862.71,862.71,862.5,862.5,-0.02,117.46,97055.21,-1
2025-02-20,2025-02-20 11:12:00,862.5,862.5,862.29,862.29,-0.02,117.46,97055.21,-1
2025-02-20,2025-02-20 11:13:00,862.29,862.29,862.08,862.08,-0.02,117.46,97055.21,-1
2025-02-20,2025-02-20 11:14:00,862.08,862.08,861.88,861.88,-0.02,117.46,97055.21,-1
2025-02-20,2025-02-20 11:15:00,861.88,861.88,861.67,861.67,-0.02,117.46,97055.21,-1
2025-02-20,2025-02-20 11:16:00,861.67,861.67,861.46,861.46,-0.02,117.46,97055.21,-1
2025-02-20,2025-02-20 11:17:00,861.46,861.46,861.25,861.25,-0.02,117.46,97055.21,-1
2025-02-20,2025-02-20 11:18:00,861.25,861.25,861.04,861.04,-0.02,117.46,97055.21,-1
2025-02-20,2025-02-20 11:19:00,861.04,861.04,860.83,860.83,-0.02,117.46,97055.21,-1
2025-02-20,2025-02-20 11:20:00,860.83,860.83,860.62,860.62,-0.02,117.46,97055.21,-1
2025-02-20,2025-02-20 11:21:00,860.62,860.62,860.42,860.42,-0.02,117.46,97055.21,-1
2025-02-20,2025-02-20 11:22:00,860.42,860.42,860.21,860.21,-0.02,117.46,97055.21,-1
2025-02-20,2025-02-20 11:23:00,860.21,860.21,860.0,860.0,-0.02,117.46,97055.21,-1
2025-02-20,2025-02-20 11:24:00,860.0,860.0,859.79,859.79,-0.02,117.46,97055.21,-1
2025-02-20,2025-02-20 11:25:00,859.79,859.79,859.58,859.58,-0.02,117.46,97055.21,-1
2025-02-20,2025-02-20 11:26:00,859.58,859.58,859.38,859.38,-0.02,117.46,97055.21,-1
2025-02-20,2025-02-20 11:27:00,859.38,859.38,859.17,859.17,-0.02,117.46,97055.21,-1
2025-02-20,2025-02-20 11:28:00,859.17,859.17,858.96,858.96,-0.02,117.46,97055.21,-1
2025-02-20,2025-02-20 11:29:00,858.96,858.96,858.75,858.75,-0.02,117.46,97055.21,-1
2025-02-20,2025-02-20 11:30:00,858.75,858.75,858.54,858.54,-0.02,117.46,97055.21,-1
2025-02-20,2025-02-20 11:31:00,858.54,858.54,858.33,858.33,-0.02,117.46,97055.21,-1
2025-02-20,2025-02-20 11:32:00,858.33,858.33,858.12,858.12,-0.02,117.46,97055.21,-1
2025-02-20,2025-02-20 11:33:00,858.12,858.12,857.92,857.92,-0.02,117.46,97055.21,-1
2025-02-20,2025-02-20 11:34:00,857.92,857.92,857.71,857.71,-0.02,117.46,97055.21,-1
2025-02-20,2025-02-20 11:35:00,857.71,857.71,857.5,857.5,-0.02,117.46,97055.21,-1
2025-02-20,2025-02-20 11:36:00,857.5,857.5,857.29,857.29,-0.02,117.46,97055.21,-1
2025-02-20,2025-02-20 11:37:00,857.29,857.29,857.08,857.08,-0.02,117.46,97055.21,-1
2025-02-20,2025-02-20 11:38:00,857.08,857.08,856.88,856.88,-0.02,117.46,97055.21,-1
2025-02-20,2025-02-20 11:39:00,856.88,856.88,856.67,856.67,-0.02,117.46,97055.21,-1
2025-02-20,2025-02-20 11:40:00,856.67,856.67,856.46,856.46,-0.02,117.46,97055.21,-1
2025-02-20,2025-02-20 11:41:00,856.46,856.46,856.25,856.25,-0.02,117.46,97055.21,-1
2025-02-20,2025-02-20 11:42:00,856.25,856.25,856.04,856.04,-0.02,117.46,97055.21,-1
2025-02-20,2025-02-20 11:43:00,856.04,856.04,855.83,855.83,-0.02,117.46,97055.21,-1
2025-02-20,2025-02-20 11:44:00,855.83,855.83,855.62,855.62,-0.02,117.46,97055.21,-1
2025-02-20,2025-02-20 11:45:00,855.62,855.62,855.42,855.42,-0.02,117.46,97055.21,-1
2025-02-20,2025-02-20 11:46:00,855.42,855.42,855.21,855.21,-0.02,117.46,97055.21,-1
2025-02-20,2025-02-20 11:47:00,855.21,855.21,855.0,855.0,-0.02,117.46,97055.21,-1
2025-02-20,2025-02-20 11:48:00,855.0,855.0,854.79,854.79,-0.02,117.46,97055.21,-1
2025-02-20,2025-02-20 11:49:00,854.79,854.79,854.58,854.58,-0.02,117.46,97055.21,-1
2025-02-20,2025-02-20 11:50:00,854.58,854.58,854.38,854.38,-0.02,117.46,97055.21,-1
2025-02-20,2025-02-20 11:51:00,854.38,854.38,854.17,854.17,-0.02,117.46,97055.21,-1
2025-02-20,2025-02-20 11:52:00,854.17,854.17,853.96,853.96,-0.02,117.46,97055.21,-1
2025-02-20,2025-02-20 11:53:00,853.96,853.96,853.75,853.75,-0.02,117.46,97055.21,-1
2025-02-20,2025-02-20 11:54:00,853.75,853.75,853.54,853.54,-0.02,117.46,97055.21,-1
2025-02-20,2025-02-20 11:55:00,853.54,853.54,853.33,853.33,-0.02,117.46,97055.21,-1
2025-02-20,2025-02-20 11:56:00,853.33,853.33,853.12,853.12,-0.02,117.46,97055.21,-1
2025-02-20,2025-02-20 11:57:00,853.12,853.12,852.92,852.92,-0.02,117.46,97055.21,-1
2025-02-20,2025-02-20 11:58:00,852.92,852.92,852.71,852.71,-0.02,117.46,97055.21,-1
2025-02-20,2025-02-20 11:59:00,852.71,852.71,852.5,852.5,-0.02,117.46,97055.21,-1
2025-02-20,2025-02-20 12:00:00,852.5,852.5,852.29,852.29,-0.02,117.46,97055.21,-1
2025-02-20,2025-02-20 12:01:00,852.29,852.29,852.08,852.08,-0.02,117.46,97055.21,-1
2025-02-20,2025-02-20 12:02:00,852.08,852.08,851.88,851.88,-0.02,117.46,97055.21,-1
2025-02-20,2025-02-20 12:03:00,851.88,851.88,851.67,851.67,-0.02,117.46,97055.21,-1
2025-02-20,2025-02-20 12:04:00,851.67,851.67,851.46,851.46,-0.02,117.46,97055.21,-1
2025-02-20,2025-02-20 12:05:00,851.46,851.46,851.25,851.25,-0.02,117.46,97055.21,-1
2025-02-20,2025-02-20 12:06:00,851.25,851.25,851.04,851.04,-0.02,117.46,97055.21,-1
2025-02-20,2025-02-20 12:07:00,851.04,851.04,850.83,850.83,-0.02,117.46,97055.21,-1
2025-02-20,2025-02-20 12:08:00,850.83,850.83,850.62,850.62,-0.02,117.46,97055.21,-1
2025-02-20,2025-02-20 12:09:00,850.62,850.62,850.42,850.42,-0.02,117.46,97055.21,-1
2025-02-20,2025-02-20 12:10:00,850.42,850.42,850.21,850.21,-0.02,117.46,97055.21,-1
2025-02-20,2025-02-20 12:11:00,850.21,850.21,850.0,850.0,-0.02,117.46,97055.21,-1
2025-02-20,2025-02-20 12:12:00,850.0,850.0,849.79,849.79,-0.02,117.46,97055.21,-1
2025-02-20,2025-02-20 12:13:00,849.79,849.79,849.58,849.58,-0.02,117.46,97055.21,-1
2025-02-20,2025-02-20 12:14:00,849.58,849.58,849.38,849.38,-0.02,117.46,97055.21,-1
2025-02-20,2025-02-20 12:15:00,849.38,849.38,849.17,849.17,-0.02,117.46,97055.21,-1
2025-02-20,2025-02-20 12:16:00,849.17,849.17,848.96,848.96,-0.02,117.46,97055.21,-1
2025-02-20,2025-02-20 12:17:00,848.96,848.96,848.75,848.75,-0.02,117.46,97055.21,-1
2025-02-20,2025-02-20 12:18:00,848.75,848.75,848.54,848.54,-0.02,117.46,97055.21,-1
2025-02-20,2025-02-20 12:19:00,848.54,848.54,848.33,848.33,-0.02,117.46,97055.21,-1
2025-02-20,2025-02-20 12:20:00,848.33,848.33,848.12,848.12,-0.02,117.46,97055.21,-1
2025-02-20,2025-02-20 12:21:00,848.12,848.12,847.92,847.92,-0.02,117.46,97055.21,-1
2025-02-20,2025-02-20 12:22:00,847.92,847.92,847.71,847.71,-0.02,117.46,97055.21,-1
2025-02-20,2025-02-20 12:23:00,847.71,847.71,847.5,847.5,-0.02,117.46,97055.21,-1
2025-02-20,2025-02-20 12:24:00,847.5,847.5,847.29,847.29,-0.02,117.46,97055.21,-1
2025-02-20,2025-02-20 12:25:00,847.29,847.29,847.08,847.08,-0.02,117.46,97055.21,-1
2025-02-20,2025-02-20 12:26:00,847.08,847.08,846.88,846.88,-0.02,117.46,97055.21,-1
2025-02-20,2025-02-20 12:27:00,846.88,846.88,846.67,846.67,-0.02,117.46,97055.21,-1
2025-02-20,2025-02-20 12:28:00,846.67,846.67,846.46,846.46,-0.02,117.46,97055.21,-1
2025-02-20,2025-02-20 12:29:00,846.46,846.46,846.25,846.25,-0.02,117.46,97055.21,-1
2025-02-20,2025-02-20 12:30:00,846.25,846.25,846.04,846.04,-0.02,117.46,97055.21,-1
2025-02-20,2025-02-20 12:31:00,846.04,846.04,845.83,845.83,-0.02,117.46,97055.21,-1
2025-02-20,2025-02-20 12:32:00,845.83,845.83,845.62,845.62,-0.02,117.46,97055.21,-1
2025-02-20,2025-02-20 12:33:00,845.62,845.62,845.42,845.42,-0.02,117.46,97055.21,-1
2025-02-20,2025-02-20 12:34:00,845.42,845.42,845.21,845.21,-0.02,117.46,97055.21,-1
2025-02-20,2025-02-20 12:35:00,845.21,845.21,845.0,845.0,-0.02,117.46,97055.21,-1
2025-02-20,2025-02-20 12:36:00,845.0,845.0,844.79,844.79,-0.02,117.46,97055.21,-1
2025-02-20,2025-02-20 12:37:00,844.79,844.79,844.58,844.58,-0.02,117.46,97055.21,-1
2025-02-20,2025-02-20 12:38:00,844.58,844.58,844.38,844.38,-0.02,117.46,97055.21,-1
2025-02-20,2025-02-20 12:39:00,844.38,844.38,844.17,844.17,-0.02,117.46,97055.21,-1
2025-02-20,2025-02-20 12:40:00,844.17,844.17,843.96,843.96,-0.02,117.46,97055.21,-1
2025-02-20,2025-02-20 12:41:00,843.96,843.96,843.75,843.75,-0.02,117.46,97055.21,-1
2025-02-20,2025-02-20 12:42:00,843.75,843.75,843.54,843.54,-0.02,117.46,97055.21,-1
2025-02-20,2025-02-20 12:43:00,843.54,843.54,843.33,843.33,-0.02,117.46,97055.21,-1
2025-02-20,2025-02-20 12:44:00,843.33,843.33,843.12,843.12,-0.02,117.46,97055.21,-1
2025-02-20,2025-02-20 12:45:00,843.12,843.12,842.92,842.92,-0.02,117.46,97055.21,-1
2025-02-20,2025-02-20 12:46:00,842.92,842.92,842.71,842.71,-0.02,117.46,97055.21,-1
2025-02-20,2025-02-20 12:47:00,842.71,842.71,842.5,842.5,-0.02,117.46,97055.21,-1
2025-02-20,2025-02-20 12:48:00,842.5,842.5,842.29,842.29,-0.02,117.46,97055.21,-1
2025-02-20,2025-02-20 12:49:00,842.29,842.29,842.08,842.08,-0.02,117.46,97055.21,-1
2025-02-20,2025-02-20 12:50:00,842.08,842.08,841.88,841.88,-0.02,117.46,97055.21,-1
2025-02-20,2025-02-20 12:51:00,841.88,841.88,841.67,841.67,-0.02,117.46,97055.21,-1
2025-02-20,2025-02-20 12:52:00,841.67,841.67,841.46,841.46,-0.02,117.46,97055.21,-1
2025-02-20,2025-02-20 12:53:00,841.46,841.46,841.25,841.25,-0.02,117.46,97055.21,-1
2025-02-20,2025-02-20 12:54:00,841.25,841.25,841.04,841.04,-0.02,117.46,97055.21,-1
2025-02-20,2025-02-20 12:55:00,841.04,841.04,840.83,840.83,-0.02,117.46,97055.21,-1
2025-02-20,2025-02-20 12:56:00,840.83,840.83,840.62,840.62,-0.02,117.46,97055.21,-1
2025-02-20,2025-02-20 12:57:00,840.62,840.62,840.42,840.42,-0.02,117.46,97055.21,-1
2025-02-20,2025-02-20 12:58:00,840.42,840.42,840.21,840.21,-0.02,117.46,97055.21,-1
2025-02-20,2025-02-20 12:59:00,840.21,840.21,840.0,840.0,-0.02,117.46,97055.21,-1
2025-02-20,2025-02-20 13:00:00,840.0,865.0,815.0,839.79,-0.03,117.46,97055.21,-1
2025-02-20,2025-02-20 13:01:00,839.79,839.79,839.58,839.58,-0.03,117.46,97055.21,-1
2025-02-20,2025-02-20 13:02:00,839.58,839.58,839.38,839.38,-0.02,117.46,97055.21,-1
2025-02-20,2025-02-20 13:03:00,839.38,839.38,839.17,839.17,-0.03,117.46,97055.21,-1
2025-02-20,2025-02-20 13:04:00,839.17,839.17,838.96,838.96,-0.03,117.46,97055.21,-1
2025-02-20,2025-02-20 13:05:00,838.96,838.96,838.75,838.75,-0.03,117.46,97055.21,-1
2025-02-20,2025-02-20 13:06:00,838.75,838.75,838.54,838.54,-0.03,117.46,97055.21,-1
2025-02-20,2025-02-20 13:07:00,838.54,838.54,838.33,838.33,-0.03,117.46,97055.21,-1
2025-02-20,2025-02-20 13:08:00,838.33,838.33,838.12,838.12,-0.03,117.46,97055.21,-1
2025-02-20,2025-02-20 13:09:00,838.12,838.12,837.92,837.92,-0.02,117.46,97055.21,-1
2025-02-20,2025-02-20 13:10:00,837.92,837.92,837.71,837.71,-0.03,117.46,97055.21,-1
2025-02-20,2025-02-20 13:11:00,837.71,837.71,837.5,837.5,-0.03,117.46,97055.21,-1
2025-02-20,2025-02-20 13:12:00,837.5,837.5,837.29,837.29,-0.03,117.46,97055.21,-1
2025-02-20,2025-02-20 13:13:00,837.29,837.29,837.08,837.08,-0.03,117.46,97055.21,-1
2025-02-20,2025-02-20 13:14:00,837.08,837.08,836.88,836.88,-0.02,117.46,97055.21,-1
2025-02-20,2025-02-20 13:15:00,836.88,836.88,836.67,836.67,-0.03,117.46,97055.21,-1
2025-02-20,2025-02-20 13:16:00,836.67,836.67,836.46,836.46,-0.03,117.46,97055.21,-1
2025-02-20,2025-02-20 13:17:00,836.46,836.46,836.25,836.25,-0.03,117.46,97055.21,-1
2025-02-20,2025-02-20 13:18:00,836.25,836.25,836.04,836.04,-0.03,117.46,97055.21,-1
2025-02-20,2025-02-20 13:19:00,836.04,836.04,835.83,835.83,-0.03,117.46,97055.21,-1
2025-02-20,2025-02-20 13:20:00,835.83,835.83,835.62,835.62,-0.03,117.46,97055.21,-1
2025-02-20,2025-02-20 13:21:00,835.62,835.62,835.42,835.42,-0.02,117.46,97055.21,-1
2025-02-20,2025-02-20 13:22:00,835.42,835.42,835.21,835.21,-0.03,117.46,97055.21,-1
2025-02-20,2025-02-20 13:23:00,835.21,835.21,835.0,835.0,-0.03,117.46,97055.21,-1
2025-02-20,2025-02-20 13:24:00,835.0,835.0,834.79,834.79,-0.03,117.46,97055.21,-1
2025-02-20,2025-02-20 13:25:00,834.79,834.79,834.58,834.58,-0.03,117.46,97055.21,-1
2025-02-20,2025-02-20 13:26:00,834.58,834.58,834.38,834.38,-0.02,117.46,97055.21,-1
2025-02-20,2025-02-20 13:27:00,834.38,834.38,834.17,834.17,-0.03,117.46,97055.21,-1
2025-02-20,2025-02-20 13:28:00,834.17,834.17,833.96,833.96,-0.03,117.46,97055.21,-1
2025-02-20,2025-02-20 13:29:00,833.96,833.96,833.75,833.75,-0.03,117.46,97055.21,-1
2025-02-20,2025-02-20 13:30:00,833.75,833.75,833.54,833.54,-0.03,117.46,97055.21,-1
2025-02-20,2025-02-20 13:31:00,833.54,833.54,833.33,833.33,-0.03,117.46,97055.21,-1
2025-02-20,2025-02-20 13:32:00,833.33,833.33,833.12,833.12,-0.03,117.46,97055.21,-1
2025-02-20,2025-02-20 13:33:00,833.12,833.12,832.92,832.92,-0.02,117.46,97055.21,-1
2025-02-20,2025-02-20 13:34:00,832.92,832.92,832.71,832.71,-0.03,117.46,97055.21,-1
2025-02-20,2025-02-20 13:35:00,832.71,832.71,832.5,832.5,-0.03,117.46,97055.21,-1
2025-02-20,2025-02-20 13:36:00,832.5,832.5,832.29,832.29,-0.03,117.46,97055.21,-1
2025-02-20,2025-02-20 13:37:00,832.29,832.29,832.08,832.08,-0.03,117.46,97055.21,-1
2025-02-20,2025-02-20 13:38:00,832.08,832.08,831.88,831.88,-0.02,117.46,97055.21,-1
2025-02-20,2025-02-20 13:39:00,831.88,831.88,831.67,831.67,-0.03,117.46,97055.21,-1
2025-02-20,2025-02-20 13:40:00,831.67,831.67,831.46,831.46,-0.03,117.46,97055.21,-1
2025-02-20,2025-02-20 13:41:00,831.46,831.46,831.25,831.25,-0.03,117.46,97055.21,-1
2025-02-20,2025-02-20 13:42:00,831.25,831.25,831.04,831.04,-0.03,117.46,97055.21,-1
2025-02-20,2025-02-20 13:43:00,831.04,831.04,830.83,830.83,-0.03,117.46,97055.21,-1
2025-02-20,2025-02-20 13:44:00,830.83,830.83,830.62,830.62,-0.03,117.46,97055.21,-1
2025-02-20,2025-02-20 13:45:00,830.62,830.62,830.42,830.42,-0.02,117.46,97055.21,-1
2025-02-20,2025-02-20 13:46:00,830.42,830.42,830.21,830.21,-0.03,117.46,97055.21,-1
2025-02-20,2025-02-20 13:47:00,830.21,830.21,830.0,830.0,-0.03,117.46,97055.21,-1
2025-02-20,2025-02-20 13:48:00,830.0,830.0,829.79,829.79,-0.03,117.46,97055.21,-1
2025-02-20,2025-02-20 13:49:00,829.79,829.79,829.58,829.58,-0.03,117.46,97055.21,-1
2025-02-20,2025-02-20 13:50:00,829.58,829.58,829.38,829.38,-0.02,117.46,97055.21,-1
2025-02-20,2025-02-20 13:51:00,829.38,829.38,829.17,829.17,-0.03,117.46,97055.21,-1
2025-02-20,2025-02-20 13:52:00,829.17,829.17,828.96,828.96,-0.03,117.46,97055.21,-1
2025-02-20,2025-02-20 13:53:00,828.96,828.96,828.75,828.75,-0.03,117.46,97055.21,-1
2025-02-20,2025-02-20 13:54:00,828.75,828.75,828.54,828.54,-0.03,117.46,97055.21,-1
2025-02-20,2025-02-20 13:55:00,828.54,828.54,828.33,828.33,-0.03,117.46,97055.21,-1
2025-02-20,2025-02-20 13:56:00,828.33,828.33,828.12,828.12,-0.03,117.46,97055.21,-1
2025-02-20,2025-02-20 13:57:00,828.12,828.12,827.92,827.92,-0.02,117.46,97055.21,-1
2025-02-20,2025-02-20 13:58:00,827.92,827.92,827.71,827.71,-0.03,117.46,97055.21,-1
2025-02-20,2025-02-20 13:59:00,827.71,827.71,827.5,827.5,-0.03,117.46,97055.21,-1
2025-02-20,2025-02-20 14:00:00,827.5,827.5,827.29,827.29,-0.03,117.46,97055.21,-1
2025-02-20,2025-02-20 14:01:00,827.29,827.29,827.08,827.08,-0.03,117.46,97055.21,-1
2025-02-20,2025-02-20 14:02:00,827.08,827.08,826.88,826.88,-0.02,117.46,97055.21,-1
2025-02-20,2025-02-20 14:03:00,826.88,826.88,826.67,826.67,-0.03,117.46,97055.21,-1
2025-02-20,2025-02-20 14:04:00,826.67,826.67,826.46,826.46,-0.03,117.46,97055.21,-1
2025-02-20,2025-02-20 14:05:00,826.46,826.46,826.25,826.25,-0.03,117.46,97055.21,-1
2025-02-20,2025-02-20 14:06:00,826.25,826.25,826.04,826.04,-0.03,117.46,97055.21,-1
2025-02-20,2025-02-20 14:07:00,826.04,826.04,825.83,825.83,-0.03,117.46,97055.21,-1
2025-02-20,2025-02-20 14:08:00,825.83,825.83,825.62,825.62,-0.03,117.46,97055.21,-1
2025-02-20,2025-02-20 14:09:00,825.62,825.62,825.42,825.42,-0.02,117.46,97055.21,-1
2025-02-20,2025-02-20 14:10:00,825.42,825.42,825.21,825.21,-0.03,117.46,97055.21,-1
2025-02-20,2025-02-20 14:11:00,825.21,825.21,825.0,825.0,-0.03,117.46,97055.21,-1
2025-02-20,2025-02-20 14:12:00,825.0,825.0,824.79,824.79,-0.03,117.46,97055.21,-1
2025-02-20,2025-02-20 14:13:00,824.79,824.79,824.58,824.58,-0.03,117.46,97055.21,-1
2025-02-20,2025-02-20 14:14:00,824.58,824.58,824.38,824.38,-0.02,117.46,97055.21,-1
2025-02-20,2025-02-20 14:15:00,824.38,824.38,824.17,824.17,-0.03,117.46,97055.21,-1
2025-02-20,2025-02-20 14:16:00,824.17,824.17,823.96,823.96,-0.03,117.46,97055.21,-1
2025-02-20,2025-02-20 14:17:00,823.96,823.96,823.75,823.75,-0.03,117.46,97055.21,-1
2025-02-20,2025-02-20 14:18:00,823.75,823.75,823.54,823.54,-0.03,117.46,97055.21,-1
2025-02-20,2025-02-20 14:19:00,823.54,823.54,823.33,823.33,-0.03,117.46,97055.21,-1
2025-02-20,2025-02-20 14:20:00,823.33,823.33,823.12,823.12,-0.03,117.46,97055.21,-1
2025-02-20,2025-02-20 14:21:00,823.12,823.12,822.92,822.92,-0.02,117.46,97055.21,-1
2025-02-20,2025-02-20 14:22:00,822.92,822.92,822.71,822.71,-0.03,117.46,97055.21,-1
2025-02-20,2025-02-20 14:23:00,822.71,822.71,822.5,822.5,-0.03,117.46,97055.21,-1
2025-02-20,2025-02-20 14:24:00,822.5,822.5,822.29,822.29,-0.03,117.46,97055.21,-1
2025-02-20,2025-02-20 14:25:00,822.29,822.29,822.08,822.08,-0.03,117.46,97055.21,-1
2025-02-20,2025-02-20 14:26:00,822.08,822.08,821.88,821.88,-0.02,117.46,97055.21,-1
2025-02-20,2025-02-20 14:27:00,821.88,821.88,821.67,821.67,-0.03,117.46,97055.21,-1
2025-02-20,2025-02-20 14:28:00,821.67,821.67,821.46,821.46,-0.03,117.46,97055.21,-1
2025-02-20,2025-02-20 14:29:00,821.46,821.46,821.25,821.25,-0.03,117.46,97055.21,-1
2025-02-20,2025-02-20 14:30:00,821.25,821.25,821.04,821.04,-0.03,117.46,97055.21,-1
2025-02-20,2025-02-20 14:31:00,821.04,821.04,820.83,820.83,-0.03,117.46,97055.21,-1
2025-02-20,2025-02-20 14:32:00,820.83,820.83,820.62,820.62,-0.03,117.46,97055.21,-1
2025-02-20,2025-02-20 14:33:00,820.62,820.62,820.42,820.42,-0.02,117.46,97055.21,-1
2025-02-20,2025-02-20 14:34:00,820.42,820.42,820.21,820.21,-0.03,117.46,97055.21,-1
2025-02-20,2025-02-20 14:35:00,820.21,820.21,820.0,820.0,-0.03,117.46,97055.21,-1
2025-02-20,2025-02-20 14:36:00,820.0,820.0,819.79,819.79,-0.03,117.46,97055.21,-1
2025-02-20,2025-02-20 14:37:00,819.79,819.79,819.58,819.58,-0.03,117.46,97055.21,-1
2025-02-20,2025-02-20 14:38:00,819.58,819.58,819.38,819.38,-0.02,117.46,97055.21,-1
2025-02-20,2025-02-20 14:39:00,819.38,819.38,819.17,819.17,-0.03,117.46,97055.21,-1
2025-02-20,2025-02-20 14:40:00,819.17,819.17,818.96,818.96,-0.03,117.46,97055.21,-1
2025-02-20,2025-02-20 14:41:00,818.96,818.96,818.75,818.75,-0.03,117.46,97055.21,-1
2025-02-20,2025-02-20 14:42:00,818.75,818.75,818.54,818.54,-0.03,117.46,97055.21,-1
2025-02-20,2025-02-20 14:43:00,818.54,818.54,818.33,818.33,-0.03,117.46,97055.21,-1
2025-02-20,2025-02-20 14:44:00,818.33,818.33,818.12,818.12,-0.03,117.46,97055.21,-1
2025-02-20,2025-02-20 14:45:00,818.12,818.12,817.92,817.92,-0.02,117.46,97055.21,-1
2025-02-20,2025-02-20 14:46:00,817.92,817.92,817.71,817.71,-0.03,117.46,97055.21,-1
2025-02-20,2025-02-20 14:47:00,817.71,817.71,817.5,817.5,-0.03,117.46,97055.21,-1
2025-02-20,2025-02-20 14:48:00,817.5,817.5,817.29,817.29,-0.03,117.46,97055.21,-1
2025-02-20,2025-02-20 14:49:00,817.29,817.29,817.08,817.08,-0.03,117.46,97055.21,-1
2025-02-20,2025-02-20 14:50:00,817.08,817.08,816.88,816.88,-0.02,117.46,97055.21,-1
2025-02-20,2025-02-20 14:51:00,816.88,816.88,816.67,816.67,-0.03,117.46,97055.21,-1
2025-02-20,2025-02-20 14:52:00,816.67,816.67,816.46,816.46,-0.03,117.46,97055.21,-1
2025-02-20,2025-02-20 14:53:00,816.46,816.46,816.25,816.25,-0.03,117.46,97055.21,-1
2025-02-20,2025-02-20 14:54:00,816.25,816.25,816.04,816.04,-0.03,117.46,97055.21,-1
2025-02-20,2025-02-20 14:55:00,816.04,816.04,815.83,815.83,-0.03,117.46,97055.21,-1
2025-02-20,2025-02-20 14:56:00,815.83,815.83,815.62,815.62,-0.03,117.46,97055.21,-1
2025-02-20,2025-02-20 14:57:00,815.62,815.62,815.42,815.42,-0.02,117.46,97055.21,-1
2025-02-20,2025-02-20 14:58:00,815.42,815.42,815.21,815.21,-0.03,117.46,97055.21,-1
2025-02-20,2025-02-20 14:59:00,815.21,815.21,815.0,815.0,-0.03,117.46,97055.21,-1
2025-02-20,2025-02-20 15:00:00,815.0,865.0,815.0,815.0,0.0,117.46,97055.21,0
2025-02-23,2025-02-23 11:00:00,801.0,817.2,800.1,801.12,0.01,168.47,139892.74,1
2025-02-23,2025-02-23 11:01:00,801.12,801.24,801.12,801.24,0.01,168.47,139892.74,1
2025-02-23,2025-02-23 11:02:00,801.24,801.36,801.24,801.36,0.01,168.47,139892.74,1
2025-02-23,2025-02-23 11:03:00,801.36,801.48,801.36,801.48,0.01,168.47,139892.74,1
2025-02-23,2025-02-23 11:04:00,801.48,801.6,801.48,801.6,0.01,168.47,139892.74,1
2025-02-23,2025-02-23 11:05:00,801.6,801.73,801.6,801.73,0.02,168.47,139892.74,1
2025-02-23,2025-02-23 11:06:00,801.73,801.85,801.73,801.85,0.01,168.47,139892.74,1
2025-02-23,2025-02-23 11:07:00,801.85,801.97,801.85,801.97,0.01,168.47,139892.74,1
2025-02-23,2025-02-23 11:08:00,801.97,802.09,801.97,802.09,0.01,168.47,139892.74,1
2025-02-23,2025-02-23 11:09:00,802.09,802.21,802.09,802.21,0.01,168.47,139892.74,1
2025-02-23,2025-02-23 11:10:00,802.21,802.33,802.21,802.33,0.01,168.47,139892.74,1
2025-02-23,2025-02-23 11:11:00,802.33,802.45,802.33,802.45,0.01,168.47,139892.74,1
2025-02-23,2025-02-23 11:12:00,802.45,802.57,802.45,802.57,0.01,168.47,139892.74,1
2025-02-23,2025-02-23 11:13:00,802.57,802.69,802.57,802.69,0.01,168.47,139892.74,1
2025-02-23,2025-02-23 11:14:00,802.69,802.81,802.69,802.81,0.01,168.47,139892.74,1
2025-02-23,2025-02-23 11:15:00,802.81,802.93,802.81,802.93,0.01,168.47,139892.74,1
2025-02-23,2025-02-23 11:16:00,802.93,803.05,802.93,803.05,0.01,168.47,139892.74,1
2025-02-23,2025-02-23 11:17:00,803.05,803.17,803.05,803.17,0.01,168.47,139892.74,1
2025-02-23,2025-02-23 11:18:00,803.17,803.3,803.17,803.3,0.02,168.47,139892.74,1
2025-02-23,2025-02-23 11:19:00,803.3,803.42,803.3,803.42,0.01,168.47,139892.74,1
2025-02-23,2025-02-23 11:20:00,803.42,803.54,803.42,803.54,0.01,168.47,139892.74,1
2025-02-23,2025-02-23 11:21:00,803.54,803.66,803.54,803.66,0.01,168.47,139892.74,1
2025-02-23,2025-02-23 11:22:00,803.66,803.78,803.66,803.78,0.01,168.47,139892.74,1
2025-02-23,2025-02-23 11:23:00,803.78,803.9,803.78,803.9,0.01,168.47,139892.74,1
2025-02-23,2025-02-23 11:24:00,803.9,804.02,803.9,804.02,0.01,168.47,139892.74,1
2025-02-23,2025-02-23 11:25:00,804.02,804.14,804.02,804.14,0.01,168.47,139892.74,1
2025-02-23,2025-02-23 11:26:00,804.14,804.26,804.14,804.26,0.01,168.47,139892.74,1
2025-02-23,2025-02-23 11:27:00,804.26,804.38,804.26,804.38,0.01,168.47,139892.74,1
2025-02-23,2025-02-23 11:28:00,804.38,804.5,804.38,804.5,0.01,168.47,139892.74,1
2025-02-23,2025-02-23 11:29:00,804.5,804.62,804.5,804.62,0.01,168.47,139892.74,1
2025-02-23,2025-02-23 11:30:00,804.62,804.75,804.62,804.75,0.02,168.47,139892.74,1
2025-02-23,2025-02-23 11:31:00,804.75,804.87,804.75,804.87,0.01,168.47,139892.74,1
2025-02-23,2025-02-23 11:32:00,804.87,804.99,804.87,804.99,0.01,168.47,139892.74,1
2025-02-23,2025-02-23 11:33:00,804.99,805.11,804.99,805.11,0.01,168.47,139892.74,1
2025-02-23,2025-02-23 11:34:00,805.11,805.23,805.11,805.23,0.01,168.47,139892.74,1
2025-02-23,2025-02-23 11:35:00,805.23,805.35,805.23,805.35,0.01,168.47,139892.74,1
2025-02-23,2025-02-23 11:36:00,805.35,805.47,805.35,805.47,0.01,168.47,139892.74,1
2025-02-23,2025-02-23 11:37:00,805.47,805.59,805.47,805.59,0.01,168.47,139892.74,1
2025-02-23,2025-02-23 11:38:00,805.59,805.71,805.59,805.71,0.01,168.47,139892.74,1
2025-02-23,2025-02-23 11:39:00,805.71,805.83,805.71,805.83,0.01,168.47,139892.74,1
2025-02-23,2025-02-23 11:40:00,805.83,805.95,805.83,805.95,0.01,168.47,139892.74,1
2025-02-23,2025-02-23 11:41:00,805.95,806.08,805.95,806.08,0.02,168.47,139892.74,1
2025-02-23,2025-02-23 11:42:00,806.08,806.2,806.08,806.2,0.01,168.47,139892.74,1
2025-02-23,2025-02-23 11:43:00,806.2,806.32,806.2,806.32,0.01,168.47,139892.74,1
2025-02-23,2025-02-23 11:44:00,806.32,806.44,806.32,806.44,0.01,168.47,139892.74,1
2025-02-23,2025-02-23 11:45:00,806.44,806.56,806.44,806.56,0.01,168.47,139892.74,1
2025-02-23,2025-02-23 11:46:00,806.56,806.68,806.56,806.68,0.01,168.47,139892.74,1
2025-02-23,2025-02-23 11:47:00,806.68,806.8,806.68,806.8,0.01,168.47,139892.74,1
2025-02-23,2025-02-23 11:48:00,806.8,806.92,806.8,806.92,0.01,168.47,139892.74,1
2025-02-23,2025-02-23 11:49:00,806.92,807.04,806.92,807.04,0.01,168.47,139892.74,1
2025-02-23,2025-02-23 11:50:00,807.04,807.16,807.04,807.16,0.01,168.47,139892.74,1
2025-02-23,2025-02-23 11:51:00,807.16,807.28,807.16,807.28,0.01,168.47,139892.74,1
2025-02-23,2025-02-23 11:52:00,807.28,807.4,807.28,807.4,0.01,168.47,139892.74,1
2025-02-23,2025-02-23 11:53:00,807.4,807.52,807.4,807.52,0.01,168.47,139892.74,1
2025-02-23,2025-02-23 11:54:00,807.52,807.65,807.52,807.65,0.02,168.47,139892.74,1
2025-02-23,2025-02-23 11:55:00,807.65,807.77,807.65,807.77,0.01,168.47,139892.74,1
2025-02-23,2025-02-23 11:56:00,807.77,807.89,807.77,807.89,0.01,168.47,139892.74,1
2025-02-23,2025-02-23 11:57:00,807.89,808.01,807.89,808.01,0.01,168.47,139892.74,1
2025-02-23,2025-02-23 11:58:00,808.01,808.13,808.01,808.13,0.01,168.47,139892.74,1
2025-02-23,2025-02-23 11:59:00,808.13,808.25,808.13,808.25,0.01,168.47,139892.74,1
2025-02-23,2025-02-23 12:00:00,808.25,808.37,808.25,808.37,0.01,168.47,139892.74,1
2025-02-23,2025-02-23 12:01:00,808.37,808.49,808.37,808.49,0.01,168.47,139892.74,1
2025-02-23,2025-02-23 12:02:00,808.49,808.61,808.49,808.61,0.01,168.47,139892.74,1
2025-02-23,2025-02-23 12:03:00,808.61,808.73,808.61,808.73,0.01,168.47,139892.74,1
2025-02-23,2025-02-23 12:04:00,808.73,808.85,808.73,808.85,0.01,168.47,139892.74,1
2025-02-23,2025-02-23 12:05:00,808.85,808.98,808.85,808.98,0.02,168.47,139892.74,1
2025-02-23,2025-02-23 12:06:00,808.98,809.1,808.98,809.1,0.01,168.47,139892.74,1
2025-02-23,2025-02-23 12:07:00,809.1,809.22,809.1,809.22,0.01,168.47,139892.74,1
2025-02-23,2025-02-23 12:08:00,809.22,809.34,809.22,809.34,0.01,168.47,139892.74,1
2025-02-23,2025-02-23 12:09:00,809.34,809.46,809.34,809.46,0.01,168.47,139892.74,1
2025-02-23,2025-02-23 12:10:00,809.46,809.58,809.46,809.58,0.01,168.47,139892.74,1
2025-02-23,2025-02-23 12:11:00,809.58,809.7,809.58,809.7,0.01,168.47,139892.74,1
2025-02-23,2025-02-23 12:12:00,809.7,809.82,809.7,809.82,0.01,168.47,139892.74,1
2025-02-23,2025-02-23 12:13:00,809.82,809.94,809.82,809.94,0.01,168.47,139892.74,1
2025-02-23,2025-02-23 12:14:00,809.94,810.06,809.94,810.06,0.01,168.47,139892.74,1
2025-02-23,2025-02-23 12:15:00,810.06,810.18,810.06,810.18,0.01,168.47,139892.74,1
2025-02-23,2025-02-23 12:16:00,810.18,810.3,810.18,810.3,0.01,168.47,139892.74,1
2025-02-23,2025-02-23 12:17:00,810.3,810.42,810.3,810.42,0.01,168.47,139892.74,1
2025-02-23,2025-02-23 12:18:00,810.42,810.55,810.42,810.55,0.02,168.47,139892.74,1
2025-02-23,2025-02-23 12:19:00,810.55,810.67,810.55,810.67,0.01,168.47,139892.74,1
2025-02-23,2025-02-23 12:20:00,810.67,810.79,810.67,810.79,0.01,168.47,139892.74,1
2025-02-23,2025-02-23 12:21:00,810.79,810.91,810.79,810.91,0.01,168.47,139892.74,1
2025-02-23,2025-02-23 12:22:00,810.91,811.03,810.91,811.03,0.01,168.47,139892.74,1
2025-02-23,2025-02-23 12:23:00,811.03,811.15,811.03,811.15,0.01,168.47,139892.74,1
2025-02-23,2025-02-23 12:24:00,811.15,811.27,811.15,811.27,0.01,168.47,139892.74,1
2025-02-23,2025-02-23 12:25:00,811.27,811.39,811.27,811.39,0.01,168.47,139892.74,1
2025-02-23,2025-02-23 12:26:00,811.39,811.51,811.39,811.51,0.01,168.47,139892.74,1
2025-02-23,2025-02-23 12:27:00,811.51,811.63,811.51,811.63,0.01,168.47,139892.74,1
2025-02-23,2025-02-23 12:28:00,811.63,811.75,811.63,811.75,0.01,168.47,139892.74,1
2025-02-23,2025-02-23 12:29:00,811.75,811.88,811.75,811.88,0.02,168.47,139892.74,1
2025-02-23,2025-02-23 12:30:00,811.88,812.0,811.88,812.0,0.01,168.47,139892.74,1
2025-02-23,2025-02-23 12:31:00,812.0,812.12,812.0,812.12,0.01,168.47,139892.74,1
2025-02-23,2025-02-23 12:32:00,812.12,812.24,812.12,812.24,0.01,168.47,139892.74,1
2025-02-23,2025-02-23 12:33:00,812.24,812.36,812.24,812.36,0.01,168.47,139892.74,1
2025-02-23,2025-02-23 12:34:00,812.36,812.48,812.36,812.48,0.01,168.47,139892.74,1
2025-02-23,2025-02-23 12:35:00,812.48,812.6,812.48,812.6,0.01,168.47,139892.74,1
2025-02-23,2025-02-23 12:36:00,812.6,812.72,812.6,812.72,0.01,168.47,139892.74,1
2025-02-23,2025-02-23 12:37:00,812.72,812.84,812.72,812.84,0.01,168.47,139892.74,1
2025-02-23,2025-02-23 12:38:00,812.84,812.96,812.84,812.96,0.01,168.47,139892.74,1
2025-02-23,2025-02-23 12:39:00,812.96,813.08,812.96,813.08,0.01,168.47,139892.74,1
2025-02-23,2025-02-23 12:40:00,813.08,813.2,813.08,813.2,0.01,168.47,139892.74,1
2025-02-23,2025-02-23 12:41:00,813.2,813.33,813.2,813.33,0.02,168.47,139892.74,1
2025-02-23,2025-02-23 12:42:00,813.33,813.45,813.33,813.45,0.01,168.47,139892.74,1
2025-02-23,2025-02-23 12:43:00,813.45,813.57,813.45,813.57,0.01,168.47,139892.74,1
2025-02-23,2025-02-23 12:44:00,813.57,813.69,813.57,813.69,0.01,168.47,139892.74,1
2025-02-23,2025-02-23 12:45:00,813.69,813.81,813.69,813.81,0.01,168.47,139892.74,1
2025-02-23,2025-02-23 12:46:00,813.81,813.93,813.81,813.93,0.01,168.47,139892.74,1
2025-02-23,2025-02-23 12:47:00,813.93,814.05,813.93,814.05,0.01,168.47,139892.74,1
2025-02-23,2025-02-23 12:48:00,814.05,814.17,814.05,814.17,0.01,168.47,139892.74,1
2025-02-23,2025-02-23 12:49:00,814.17,814.29,814.17,814.29,0.01,168.47,139892.74,1
2025-02-23,2025-02-23 12:50:00,814.29,814.41,814.29,814.41,0.01,168.47,139892.74,1
2025-02-23,2025-02-23 12:51:00,814.41,814.53,814.41,814.53,0.01,168.47,139892.74,1
2025-02-23,2025-02-23 12:52:00,814.53,814.65,814.53,814.65,0.01,168.47,139892.74,1
2025-02-23,2025-02-23 12:53:00,814.65,814.77,814.65,814.77,0.01,168.47,139892.74,1
2025-02-23,2025-02-23 12:54:00,814.77,814.9,814.77,814.9,0.02,168.47,139892.74,1
2025-02-23,2025-02-23 12:55:00,814.9,815.02,814.9,815.02,0.01,168.47,139892.74,1
2025-02-23,2025-02-23 12:56:00,815.02,815.14,815.02,815.14,0.01,168.47,139892.74,1
2025-02-23,2025-02-23 12:57:00,815.14,815.26,815.14,815.26,0.01,168.47,139892.74,1
2025-02-23,2025-02-23 12:58:00,815.26,815.38,815.26,815.38,0.01,168.47,139892.74,1
2025-02-23,2025-02-23 12:59:00,815.38,815.5,815.38,815.5,0.01,168.47,139892.74,1
2025-02-23,2025-02-23 13:00:00,815.5,855.0,798.0,815.62,0.01,168.47,139892.74,1
2025-02-23,2025-02-23 13:01:00,815.62,815.74,815.62,815.74,0.01,168.47,139892.74,1
2025-02-23,2025-02-23 13:02:00,815.74,815.86,815.74,815.86,0.01,168.47,139892.74,1
2025-02-23,2025-02-23 13:03:00,815.86,815.98,815.86,815.98,0.01,168.47,139892.74,1
2025-02-23,2025-02-23 13:04:00,815.98,816.1,815.98,816.1,0.01,168.47,139892.74,1
2025-02-23,2025-02-23 13:05:00,816.1,816.23,816.1,816.23,0.02,168.47,139892.74,1
2025-02-23,2025-02-23 13:06:00,816.23,816.35,816.23,816.35,0.01,168.47,139892.74,1
2025-02-23,2025-02-23 13:07:00,816.35,816.47,816.35,816.47,0.01,168.47,139892.74,1
2025-02-23,2025-02-23 13:08:00,816.47,816.59,816.47,816.59,0.01,168.47,139892.74,1
2025-02-23,2025-02-23 13:09:00,816.59,816.71,816.59,816.71,0.01,168.47,139892.74,1
2025-02-23,2025-02-23 13:10:00,816.71,816.83,816.71,816.83,0.01,168.47,139892.74,1
2025-02-23,2025-02-23 13:11:00,816.83,816.95,816.83,816.95,0.01,168.47,139892.74,1
2025-02-23,2025-02-23 13:12:00,816.95,817.07,816.95,817.07,0.01,168.47,139892.74,1
2025-02-23,2025-02-23 13:13:00,817.07,817.19,817.07,817.19,0.01,168.47,139892.74,1
2025-02-23,2025-02-23 13:14:00,817.19,817.31,817.19,817.31,0.01,168.47,139892.74,1
2025-02-23,2025-02-23 13:15:00,817.31,817.43,817.31,817.43,0.01,168.47,139892.74,1
2025-02-23,2025-02-23 13:16:00,817.43,817.55,817.43,817.55,0.01,168.47,139892.74,1
2025-02-23,2025-02-23 13:17:00,817.55,817.67,817.55,817.67,0.01,168.47,139892.74,1
2025-02-23,2025-02-23 13:18:00,817.67,817.8,817.67,817.8,0.02,168.47,139892.74,1
2025-02-23,2025-02-23 13:19:00,817.8,817.92,817.8,817.92,0.01,168.47,139892.74,1
2025-02-23,2025-02-23 13:20:00,817.92,818.04,817.92,818.04,0.01,168.47,139892.74,1
2025-02-23,2025-02-23 13:21:00,818.04,818.16,818.04,818.16,0.01,168.47,139892.74,1
2025-02-23,2025-02-23 13:22:00,818.16,818.28,818.16,818.28,0.01,168.47,139892.74,1
2025-02-23,2025-02-23 13:23:00,818.28,818.4,818.28,818.4,0.01,168.47,139892.74,1
2025-02-23,2025-02-23 13:24:00,818.4,818.52,818.4,818.52,0.01,168.47,139892.74,1
2025-02-23,2025-02-23 13:25:00,818.52,818.64,818.52,818.64,0.01,168.47,139892.74,1
2025-02-23,2025-02-23 13:26:00,818.64,818.76,818.64,818.76,0.01,168.47,139892.74,1
2025-02-23,2025-02-23 13:27:00,818.76,818.88,818.76,818.88,0.01,168.47,139892.74,1
2025-02-23,2025-02-23 13:28:00,818.88,819.0,818.88,819.0,0.01,168.47,139892.74,1
2025-02-23,2025-02-23 13:29:00,819.0,819.12,819.0,819.12,0.01,168.47,139892.74,1
2025-02-23,2025-02-23 13:30:00,819.12,819.25,819.12,819.25,0.02,168.47,139892.74,1
2025-02-23,2025-02-23 13:31:00,819.25,819.37,819.25,819.37,0.01,168.47,139892.74,1
2025-02-23,2025-02-23 13:32:00,819.37,819.49,819.37,819.49,0.01,168.47,139892.74,1
2025-02-23,2025-02-23 13:33:00,819.49,819.61,819.49,819.61,0.01,168.47,139892.74,1
2025-02-23,2025-02-23 13:34:00,819.61,819.73,819.61,819.73,0.01,168.47,139892.74,1
2025-02-23,2025-02-23 13:35:00,819.73,819.85,819.73,819.85,0.01,168.47,139892.74,1
2025-02-23,2025-02-23 13:36:00,819.85,819.97,819.85,819.97,0.01,168.47,139892.74,1
2025-02-23,2025-02-23 13:37:00,819.97,820.09,819.97,820.09,0.01,168.47,139892.74,1
2025-02-23,2025-02-23 13:38:00,820.09,820.21,820.09,820.21,0.01,168.47,139892.74,1
2025-02-23,2025-02-23 13:39:00,820.21,820.33,820.21,820.33,0.01,168.47,139892.74,1
2025-02-23,2025-02-23 13:40:00,820.33,820.45,820.33,820.45,0.01,168.47,139892.74,1
2025-02-23,2025-02-23 13:41:00,820.45,820.58,820.45,820.58,0.02,168.47,139892.74,1
2025-02-23,2025-02-23 13:42:00,820.58,820.7,820.58,820.7,0.01,168.47,139892.74,1
2025-02-23,2025-02-23 13:43:00,820.7,820.82,820.7,820.82,0.01,168.47,139892.74,1
2025-02-23,2025-02-23 13:44:00,820.82,820.94,820.82,820.94,0.01,168.47,139892.74,1
2025-02-23,2025-02-23 13:45:00,820.94,821.06,820.94,821.06,0.01,168.47,139892.74,1
2025-02-23,2025-02-23 13:46:00,821.06,821.18,821.06,821.18,0.01,168.47,139892.74,1
2025-02-23,2025-02-23 13:47:00,821.18,821.3,821.18,821.3,0.01,168.47,139892.74,1
2025-02-23,2025-02-23 13:48:00,821.3,821.42,821.3,821.42,0.01,168.47,139892.74,1
2025-02-23,2025-02-23 13:49:00,821.42,821.54,821.42,821.54,0.01,168.47,139892.74,1
2025-02-23,2025-02-23 13:50:00,821.54,821.66,821.54,821.66,0.01,168.47,139892.74,1
2025-02-23,2025-02-23 13:51:00,821.66,821.78,821.66,821.78,0.01,168.47,139892.74,1
2025-02-23,2025-02-23 13:52:00,821.78,821.9,821.78,821.9,0.01,168.47,139892.74,1
2025-02-23,2025-02-23 13:53:00,821.9,822.02,821.9,822.02,0.01,168.47,139892.74,1
2025-02-23,2025-02-23 13:54:00,822.02,822.15,822.02,822.15,0.02,168.47,139892.74,1
2025-02-23,2025-02-23 13:55:00,822.15,822.27,822.15,822.27,0.01,168.47,139892.74,1
2025-02-23,2025-02-23 13:56:00,822.27,822.39,822.27,822.39,0.01,168.47,139892.74,1
2025-02-23,2025-02-23 13:57:00,822.39,822.51,822.39,822.51,0.01,168.47,139892.74,1
2025-02-23,2025-02-23 13:58:00,822.51,822.63,822.51,822.63,0.01,168.47,139892.74,1
2025-02-23,2025-02-23 13:59:00,822.63,822.75,822.63,822.75,0.01,168.47,139892.74,1
2025-02-23,2025-02-23 14:00:00,822.75,822.87,822.75,822.87,0.01,168.47,139892.74,1
2025-02-23,2025-02-23 14:01:00,822.87,822.99,822.87,822.99,0.01,168.47,139892.74,1
2025-02-23,2025-02-23 14:02:00,822.99,823.11,822.99,823.11,0.01,168.47,139892.74,1
2025-02-23,2025-02-23 14:03:00,823.11,823.23,823.11,823.23,0.01,168.47,139892.74,1
2025-02-23,2025-02-23 14:04:00,823.23,823.35,823.23,823.35,0.01,168.47,139892.74,1
2025-02-23,2025-02-23 14:05:00,823.35,823.48,823.35,823.48,0.02,168.47,139892.74,1
2025-02-23,2025-02-23 14:06:00,823.48,823.6,823.48,823.6,0.01,168.47,139892.74,1
2025-02-23,2025-02-23 14:07:00,823.6,823.72,823.6,823.72,0.01,168.47,139892.74,1
2025-02-23,2025-02-23 14:08:00,823.72,823.84,823.72,823.84,0.01,168.47,139892.74,1
2025-02-23,2025-02-23 14:09:00,823.84,823.96,823.84,823.96,0.01,168.47,139892.74,1
2025-02-23,2025-02-23 14:10:00,823.96,824.08,823.96,824.08,0.01,168.47,139892.74,1
2025-02-23,2025-02-23 14:11:00,824.08,824.2,824.08,824.2,0.01,168.47,139892.74,1
2025-02-23,2025-02-23 14:12:00,824.2,824.32,824.2,824.32,0.01,168.47,139892.74,1
2025-02-23,2025-02-23 14:13:00,824.32,824.44,824.32,824.44,0.01,168.47,139892.74,1
2025-02-23,2025-02-23 14:14:00,824.44,824.56,824.44,824.56,0.01,168.47,139892.74,1
2025-02-23,2025-02-23 14:15:00,824.56,824.68,824.56,824.68,0.01,168.47,139892.74,1
2025-02-23,2025-02-23 14:16:00,824.68,824.8,824.68,824.8,0.01,168.47,139892.74,1
2025-02-23,2025-02-23 14:17:00,824.8,824.92,824.8,824.92,0.01,168.47,139892.74,1
2025-02-23,2025-02-23 14:18:00,824.92,825.05,824.92,825.05,0.02,168.47,139892.74,1
2025-02-23,2025-02-23 14:19:00,825.05,825.17,825.05,825.17,0.01,168.47,139892.74,1
2025-02-23,2025-02-23 14:20:00,825.17,825.29,825.17,825.29,0.01,168.47,139892.74,1
2025-02-23,2025-02-23 14:21:00,825.29,825.41,825.29,825.41,0.01,168.47,139892.74,1
2025-02-23,2025-02-23 14:22:00,825.41,825.53,825.41,825.53,0.01,168.47,139892.74,1
2025-02-23,2025-02-23 14:23:00,825.53,825.65,825.53,825.65,0.01,168.47,139892.74,1
2025-02-23,2025-02-23 14:24:00,825.65,825.77,825.65,825.77,0.01,168.47,139892.74,1
2025-02-23,2025-02-23 14:25:00,825.77,825.89,825.77,825.89,0.01,168.47,139892.74,1
2025-02-23,2025-02-23 14:26:00,825.89,826.01,825.89,826.01,0.01,168.47,139892.74,1
2025-02-23,2025-02-23 14:27:00,826.01,826.13,826.01,826.13,0.01,168.47,139892.74,1
2025-02-23,2025-02-23 14:28:00,826.13,826.25,826.13,826.25,0.01,168.47,139892.74,1
2025-02-23,2025-02-23 14:29:00,826.25,826.38,826.25,826.38,0.02,168.47,139892.74,1
2025-02-23,2025-02-23 14:30:00,826.38,826.5,826.38,826.5,0.01,168.47,139892.74,1
2025-02-23,2025-02-23 14:31:00,826.5,826.62,826.5,826.62,0.01,168.47,139892.74,1
2025-02-23,2025-02-23 14:32:00,826.62,826.74,826.62,826.74,0.01,168.47,139892.74,1
2025-02-23,2025-02-23 14:33:00,826.74,826.86,826.74,826.86,0.01,168.47,139892.74,1
2025-02-23,2025-02-23 14:34:00,826.86,826.98,826.86,826.98,0.01,168.47,139892.74,1
2025-02-23,2025-02-23 14:35:00,826.98,827.1,826.98,827.1,0.01,168.47,139892.74,1
2025-02-23,2025-02-23 14:36:00,827.1,827.22,827.1,827.22,0.01,168.47,139892.74,1
2025-02-23,2025-02-23 14:37:00,827.22,827.34,827.22,827.34,0.01,168.47,139892.74,1
2025-02-23,2025-02-23 14:38:00,827.34,827.46,827.34,827.46,0.01,168.47,139892.74,1
2025-02-23,2025-02-23 14:39:00,827.46,827.58,827.46,827.58,0.01,168.47,139892.74,1
2025-02-23,2025-02-23 14:40:00,827.58,827.7,827.58,827.7,0.01,168.47,139892.74,1
2025-02-23,2025-02-23 14:41:00,827.7,827.83,827.7,827.83,0.02,168.47,139892.74,1
2025-02-23,2025-02-23 14:42:00,827.83,827.95,827.83,827.95,0.01,168.47,139892.74,1
2025-02-23,2025-02-23 14:43:00,827.95,828.07,827.95,828.07,0.01,168.47,139892.74,1
2025-02-23,2025-02-23 14:44:00,828.07,828.19,828.07,828.19,0.01,168.47,139892.74,1
2025-02-23,2025-02-23 14:45:00,828.19,828.31,828.19,828.31,0.01,168.47,139892.74,1
2025-02-23,2025-02-23 14:46:00,828.31,828.43,828.31,828.43,0.01,168.47,139892.74,1
2025-02-23,2025-02-23 14:47:00,828.43,828.55,828.43,828.55,0.01,168.47,139892.74,1
2025-02-23,2025-02-23 14:48:00,828.55,828.67,828.55,828.67,0.01,168.47,139892.74,1
2025-02-23,2025-02-23 14:49:00,828.67,828.79,828.67,828.79,0.01,168.47,139892.74,1
2025-02-23,2025-02-23 14:50:00,828.79,828.91,828.79,828.91,0.01,168.47,139892.74,1
2025-02-23,2025-02-23 14:51:00,828.91,829.03,828.91,829.03,0.01,168.47,139892.74,1
2025-02-23,2025-02-23 14:52:00,829.03,829.15,829.03,829.15,0.01,168.47,139892.74,1
2025-02-23,2025-02-23 14:53:00,829.15,829.27,829.15,829.27,0.01,168.47,139892.74,1
2025-02-23,2025-02-23 14:54:00,829.27,829.4,829.27,829.4,0.02,168.47,139892.74,1
2025-02-23,2025-02-23 14:55:00,829.4,829.52,829.4,829.52,0.01,168.47,139892.74,1
2025-02-23,2025-02-23 14:56:00,829.52,829.64,829.52,829.64,0.01,168.47,139892.74,1
2025-02-23,2025-02-23 14:57:00,829.64,829.76,829.64,829.76,0.01,168.47,139892.74,1
2025-02-23,2025-02-23 14:58:00,829.76,829.88,829.76,829.88,0.01,168.47,139892.74,1
2025-02-23,2025-02-23 14:59:00,829.88,830.0,829.88,830.0,0.01,168.47,139892.74,1
2025-02-23,2025-02-23 15:00:00,830.0,855.0,798.0,830.0,0.0,168.47,139892.74,0
2025-02-24,2025-02-24 11:00:00,814.0,827.8,799.36,813.88,-0.01,328.9,263971.95,-1
2025-02-24,2025-02-24 11:01:00,813.88,813.88,813.76,813.76,-0.01,328.9,263971.95,-1
2025-02-24,2025-02-24 11:02:00,813.76,813.76,813.64,813.64,-0.01,328.9,263971.95,-1
2025-02-24,2025-02-24 11:03:00,813.64,813.64,813.52,813.52,-0.01,328.9,263971.95,-1
2025-02-24,2025-02-24 11:04:00,813.52,813.52,813.4,813.4,-0.01,328.9,263971.95,-1
2025-02-24,2025-02-24 11:05:00,813.4,813.4,813.27,813.27,-0.02,328.9,263971.95,-1
2025-02-24,2025-02-24 11:06:00,813.27,813.27,813.15,813.15,-0.01,328.9,263971.95,-1
2025-02-24,2025-02-24 11:07:00,813.15,813.15,813.03,813.03,-0.01,328.9,263971.95,-1
2025-02-24,2025-02-24 11:08:00,813.03,813.03,812.91,812.91,-0.01,328.9,263971.95,-1
2025-02-24,2025-02-24 11:09:00,812.91,812.91,812.79,812.79,-0.01,328.9,263971.95,-1
2025-02-24,2025-02-24 11:10:00,812.79,812.79,812.67,812.67,-0.01,328.9,263971.95,-1
2025-02-24,2025-02-24 11:11:00,812.67,812.67,812.55,812.55,-0.01,328.9,263971.95,-1
2025-02-24,2025-02-24 11:12:00,812.55,812.55,812.43,812.43,-0.01,328.9,263971.95,-1
2025-02-24,2025-02-24 11:13:00,812.43,812.43,812.31,812.31,-0.01,328.9,263971.95,-1
2025-02-24,2025-02-24 11:14:00,812.31,812.31,812.19,812.19,-0.01,328.9,263971.95,-1
2025-02-24,2025-02-24 11:15:00,812.19,812.19,812.07,812.07,-0.01,328.9,263971.95,-1
2025-02-24,2025-02-24 11:16:00,812.07,812.07,811.95,811.95,-0.01,328.9,263971.95,-1
2025-02-24,2025-02-24 11:17:00,811.95,811.95,811.83,811.83,-0.01,328.9,263971.95,-1
2025-02-24,2025-02-24 11:18:00,811.83,811.83,811.7,811.7,-0.02,328.9,263971.95,-1
2025-02-24,2025-02-24 11:19:00,811.7,811.7,811.58,811.58,-0.01,328.9,263971.95,-1
2025-02-24,2025-02-24 11:20:00,811.58,811.58,811.46,811.46,-0.01,328.9,263971.95,-1
2025-02-24,2025-02-24 11:21:00,811.46,811.46,811.34,811.34,-0.01,328.9,263971.95,-1
2025-02-24,2025-02-24 11:22:00,811.34,811.34,811.22,811.22,-0.01,328.9,263971.95,-1
2025-02-24,2025-02-24 11:23:00,811.22,811.22,811.1,811.1,-0.01,328.9,263971.95,-1
2025-02-24,2025-02-24 11:24:00,811.1,811.1,810.98,810.98,-0.01,328.9,263971.95,-1
2025-02-24,2025-02-24 11:25:00,810.98,810.98,810.86,810.86,-0.01,328.9,263971.95,-1
2025-02-24,2025-02-24 11:26:00,810.86,810.86,810.74,810.74,-0.01,328.9,263971.95,-1
2025-02-24,2025-02-24 11:27:00,810.74,810.74,810.62,810.62,-0.01,328.9,263971.95,-1
2025-02-24,2025-02-24 11:28:00,810.62,810.62,810.5,810.5,-0.01,328.9,263971.95,-1
2025-02-24,2025-02-24 11:29:00,810.5,810.5,810.38,810.38,-0.01,328.9,263971.95,-1
2025-02-24,2025-02-24 11:30:00,810.38,810.38,810.25,810.25,-0.02,328.9,263971.95,-1
2025-02-24,2025-02-24 11:31:00,810.25,810.25,810.13,810.13,-0.01,328.9,263971.95,-1
2025-02-24,2025-02-24 11:32:00,810.13,810.13,810.01,810.01,-0.01,328.9,263971.95,-1
2025-02-24,2025-02-24 11:33:00,810.01,810.01,809.89,809.89,-0.01,328.9,263971.95,-1
2025-02-24,2025-02-24 11:34:00,809.89,809.89,809.77,809.77,-0.01,328.9,263971.95,-1
2025-02-24,2025-02-24 11:35:00,809.77,809.77,809.65,809.65,-0.01,328.9,263971.95,-1
2025-02-24,2025-02-24 11:36:00,809.65,809.65,809.53,809.53,-0.01,328.9,263971.95,-1
2025-02-24,2025-02-24 11:37:00,809.53,809.53,809.41,809.41,-0.01,328.9,263971.95,-1
2025-02-24,2025-02-24 11:38:00,809.41,809.41,809.29,809.29,-0.01,328.9,263971.95,-1
2025-02-24,2025-02-24 11:39:00,809.29,809.29,809.17,809.17,-0.01,328.9,263971.95,-1
2025-02-24,2025-02-24 11:40:00,809.17,809.17,809.05,809.05,-0.01,328.9,263971.95,-1
2025-02-24,2025-02-24 11:41:00,809.05,809.05,808.92,808.92,-0.02,328.9,263971.95,-1
2025-02-24,2025-02-24 11:42:00,808.92,808.92,808.8,808.8,-0.01,328.9,263971.95,-1
2025-02-24,2025-02-24 11:43:00,808.8,808.8,808.68,808.68,-0.01,328.9,263971.95,-1
2025-02-24,2025-02-24 11:44:00,808.68,808.68,808.56,808.56,-0.01,328.9,263971.95,-1
2025-02-24,2025-02-24 11:45:00,808.56,808.56,808.44,808.44,-0.01,328.9,263971.95,-1
2025-02-24,2025-02-24 11:46:00,808.44,808.44,808.32,808.32,-0.01,328.9,263971.95,-1
2025-02-24,2025-02-24 11:47:00,808.32,808.32,808.2,808.2,-0.01,328.9,263971.95,-1
2025-02-24,2025-02-24 11:48:00,808.2,808.2,808.08,808.08,-0.01,328.9,263971.95,-1
2025-02-24,2025-02-24 11:49:00,808.08,808.08,807.96,807.96,-0.01,328.9,263971.95,-1
2025-02-24,2025-02-24 11:50:00,807.96,807.96,807.84,807.84,-0.01,328.9,263971.95,-1
2025-02-24,2025-02-24 11:51:00,807.84,807.84,807.72,807.72,-0.01,328.9,263971.95,-1
2025-02-24,2025-02-24 11:52:00,807.72,807.72,807.6,807.6,-0.01,328.9,263971.95,-1
2025-02-24,2025-02-24 11:53:00,807.6,807.6,807.48,807.48,-0.01,328.9,263971.95,-1
2025-02-24,2025-02-24 11:54:00,807.48,807.48,807.35,807.35,-0.02,328.9,263971.95,-1
2025-02-24,2025-02-24 11:55:00,807.35,807.35,807.23,807.23,-0.01,328.9,263971.95,-1
2025-02-24,2025-02-24 11:56:00,807.23,807.23,807.11,807.11,-0.01,328.9,263971.95,-1
2025-02-24,2025-02-24 11:57:00,807.11,807.11,806.99,806.99,-0.01,328.9,263971.95,-1
2025-02-24,2025-02-24 11:58:00,806.99,806.99,806.87,806.87,-0.01,328.9,263971.95,-1
2025-02-24,2025-02-24 11:59:00,806.87,806.87,806.75,806.75,-0.01,328.9,263971.95,-1
2025-02-24,2025-02-24 12:00:00,806.75,806.75,806.63,806.63,-0.01,328.9,263971.95,-1
2025-02-24,2025-02-24 12:01:00,806.63,806.63,806.51,806.51,-0.01,328.9,263971.95,-1
2025-02-24,2025-02-24 12:02:00,806.51,806.51,806.39,806.39,-0.01,328.9,263971.95,-1
2025-02-24,2025-02-24 12:03:00,806.39,806.39,806.27,806.27,-0.01,328.9,263971.95,-1
2025-02-24,2025-02-24 12:04:00,806.27,806.27,806.15,806.15,-0.01,328.9,263971.95,-1
2025-02-24,2025-02-24 12:05:00,806.15,806.15,806.02,806.02,-0.02,328.9,263971.95,-1
2025-02-24,2025-02-24 12:06:00,806.02,806.02,805.9,805.9,-0.01,328.9,263971.95,-1
2025-02-24,2025-02-24 12:07:00,805.9,805.9,805.78,805.78,-0.01,328.9,263971.95,-1
2025-02-24,2025-02-24 12:08:00,805.78,805.78,805.66,805.66,-0.01,328.9,263971.95,-1
2025-02-24,2025-02-24 12:09:00,805.66,805.66,805.54,805.54,-0.01,328.9,263971.95,-1
2025-02-24,2025-02-24 12:10:00,805.54,805.54,805.42,805.42,-0.01,328.9,263971.95,-1
2025-02-24,2025-02-24 12:11:00,805.42,805.42,805.3,805.3,-0.01,328.9,263971.95,-1
2025-02-24,2025-02-24 12:12:00,805.3,805.3,805.18,805.18,-0.01,328.9,263971.95,-1
2025-02-24,2025-02-24 12:13:00,805.18,805.18,805.06,805.06,-0.01,328.9,263971.95,-1
2025-02-24,2025-02-24 12:14:00,805.06,805.06,804.94,804.94,-0.01,328.9,263971.95,-1
2025-02-24,2025-02-24 12:15:00,804.94,804.94,804.82,804.82,-0.01,328.9,263971.95,-1
2025-02-24,2025-02-24 12:16:00,804.82,804.82,804.7,804.7,-0.01,328.9,263971.95,-1
2025-02-24,2025-02-24 12:17:00,804.7,804.7,804.58,804.58,-0.01,328.9,263971.95,-1
2025-02-24,2025-02-24 12:18:00,804.58,804.58,804.45,804.45,-0.02,328.9,263971.95,-1
2025-02-24,2025-02-24 12:19:00,804.45,804.45,804.33,804.33,-0.01,328.9,263971.95,-1
2025-02-24,2025-02-24 12:20:00,804.33,804.33,804.21,804.21,-0.01,328.9,263971.95,-1
2025-02-24,2025-02-24 12:21:00,804.21,804.21,804.09,804.09,-0.01,328.9,263971.95,-1
2025-02-24,2025-02-24 12:22:00,804.09,804.09,803.97,803.97,-0.01,328.9,263971.95,-1
2025-02-24,2025-02-24 12:23:00,803.97,803.97,803.85,803.85,-0.01,328.9,263971.95,-1
2025-02-24,2025-02-24 12:24:00,803.85,803.85,803.73,803.73,-0.01,328.9,263971.95,-1
2025-02-24,2025-02-24 12:25:00,803.73,803.73,803.61,803.61,-0.01,328.9,263971.95,-1
2025-02-24,2025-02-24 12:26:00,803.61,803.61,803.49,803.49,-0.01,328.9,263971.95,-1
2025-02-24,2025-02-24 12:27:00,803.49,803.49,803.37,803.37,-0.01,328.9,263971.95,-1
2025-02-24,2025-02-24 12:28:00,803.37,803.37,803.25,803.25,-0.01,328.9,263971.95,-1
2025-02-24,2025-02-24 12:29:00,803.25,803.25,803.12,803.12,-0.02,328.9,263971.95,-1
2025-02-24,2025-02-24 12:30:00,803.12,803.12,803.0,803.0,-0.01,328.9,263971.95,-1
2025-02-24,2025-02-24 12:31:00,803.0,803.0,802.88,802.88,-0.01,328.9,263971.95,-1
2025-02-24,2025-02-24 12:32:00,802.88,802.88,802.76,802.76,-0.01,328.9,263971.95,-1
2025-02-24,2025-02-24 12:33:00,802.76,802.76,802.64,802.64,-0.01,328.9,263971.95,-1
2025-02-24,2025-02-24 12:34:00,802.64,802.64,802.52,802.52,-0.01,328.9,263971.95,-1
2025-02-24,2025-02-24 12:35:00,802.52,802.52,802.4,802.4,-0.01,328.9,263971.95,-1
2025-02-24,2025-02-24 12:36:00,802.4,802.4,802.28,802.28,-0.01,328.9,263971.95,-1
2025-02-24,2025-02-24 12:37:00,802.28,802.28,802.16,802.16,-0.01,328.9,263971.95,-1
2025-02-24,2025-02-24 12:38:00,802.16,802.16,802.04,802.04,-0.01,328.9,263971.95,-1
2025-02-24,2025-02-24 12:39:00,802.04,802.04,801.92,801.92,-0.01,328.9,263971.95,-1
2025-02-24,2025-02-24 12:40:00,801.92,801.92,801.8,801.8,-0.01,328.9,263971.95,-1
2025-02-24,2025-02-24 12:41:00,801.8,801.8,801.67,801.67,-0.02,328.9,263971.95,-1
2025-02-24,2025-02-24 12:42:00,801.67,801.67,801.55,801.55,-0.01,328.9,263971.95,-1
2025-02-24,2025-02-24 12:43:00,801.55,801.55,801.43,801.43,-0.01,328.9,263971.95,-1
2025-02-24,2025-02-24 12:44:00,801.43,801.43,801.31,801.31,-0.01,328.9,263971.95,-1
2025-02-24,2025-02-24 12:45:00,801.31,801.31,801.19,801.19,-0.01,328.9,263971.95,-1
2025-02-24,2025-02-24 12:46:00,801.19,801.19,801.07,801.07,-0.01,328.9,263971.95,-1
2025-02-24,2025-02-24 12:47:00,801.07,801.07,800.95,800.95,-0.01,328.9,263971.95,-1
2025-02-24,2025-02-24 12:48:00,800.95,800.95,800.83,800.83,-0.01,328.9,263971.95,-1
2025-02-24,2025-02-24 12:49:00,800.83,800.83,800.71,800.71,-0.01,328.9,263971.95,-1
2025-02-24,2025-02-24 12:50:00,800.71,800.71,800.59,800.59,-0.01,328.9,263971.95,-1
2025-02-24,2025-02-24 12:51:00,800.59,800.59,800.47,800.47,-0.01,328.9,263971.95,-1
2025-02-24,2025-02-24 12:52:00,800.47,800.47,800.35,800.35,-0.01,328.9,263971.95,-1
2025-02-24,2025-02-24 12:53:00,800.35,800.35,800.23,800.23,-0.01,328.9,263971.95,-1
2025-02-24,2025-02-24 12:54:00,800.23,800.23,800.1,800.1,-0.02,328.9,263971.95,-1
2025-02-24,2025-02-24 12:55:00,800.1,800.1,799.98,799.98,-0.01,328.9,263971.95,-1
2025-02-24,2025-02-24 12:56:00,799.98,799.98,799.86,799.86,-0.02,328.9,263971.95,-1
2025-02-24,2025-02-24 12:57:00,799.86,799.86,799.74,799.74,-0.02,328.9,263971.95,-1
2025-02-24,2025-02-24 12:58:00,799.74,799.74,799.62,799.62,-0.02,328.9,263971.95,-1
2025-02-24,2025-02-24 12:59:00,799.62,799.62,799.5,799.5,-0.02,328.9,263971.95,-1
2025-02-24,2025-02-24 13:00:00,799.5,860.0,765.2,799.38,-0.02,328.9,263971.95,-1
2025-02-24,2025-02-24 13:01:00,799.38,799.38,799.26,799.26,-0.02,328.9,263971.95,-1
2025-02-24,2025-02-24 13:02:00,799.26,799.26,799.14,799.14,-0.02,328.9,263971.95,-1
2025-02-24,2025-02-24 13:03:00,799.14,799.14,799.02,799.02,-0.02,328.9,263971.95,-1
2025-02-24,2025-02-24 13:04:00,799.02,799.02,798.9,798.9,-0.02,328.9,263971.95,-1
2025-02-24,2025-02-24 13:05:00,798.9,798.9,798.77,798.77,-0.02,328.9,263971.95,-1
2025-02-24,2025-02-24 13:06:00,798.77,798.77,798.65,798.65,-0.02,328.9,263971.95,-1
2025-02-24,2025-02-24 13:07:00,798.65,798.65,798.53,798.53,-0.02,328.9,263971.95,-1
2025-02-24,2025-02-24 13:08:00,798.53,798.53,798.41,798.41,-0.02,328.9,263971.95,-1
2025-02-24,2025-02-24 13:09:00,798.41,798.41,798.29,798.29,-0.02,328.9,263971.95,-1
2025-02-24,2025-02-24 13:10:00,798.29,798.29,798.17,798.17,-0.02,328.9,263971.95,-1
2025-02-24,2025-02-24 13:11:00,798.17,798.17,798.05,798.05,-0.02,328.9,263971.95,-1
2025-02-24,2025-02-24 13:12:00,798.05,798.05,797.93,797.93,-0.02,328.9,263971.95,-1
2025-02-24,2025-02-24 13:13:00,797.93,797.93,797.81,797.81,-0.02,328.9,263971.95,-1
2025-02-24,2025-02-24 13:14:00,797.81,797.81,797.69,797.69,-0.02,328.9,263971.95,-1
2025-02-24,2025-02-24 13:15:00,797.69,797.69,797.57,797.57,-0.02,328.9,263971.95,-1
2025-02-24,2025-02-24 13:16:00,797.57,797.57,797.45,797.45,-0.02,328.9,263971.95,-1
2025-02-24,2025-02-24 13:17:00,797.45,797.45,797.33,797.33,-0.02,328.9,263971.95,-1
2025-02-24,2025-02-24 13:18:00,797.33,797.33,797.2,797.2,-0.02,328.9,263971.95,-1
2025-02-24,2025-02-24 13:19:00,797.2,797.2,797.08,797.08,-0.02,328.9,263971.95,-1
2025-02-24,2025-02-24 13:20:00,797.08,797.08,796.96,796.96,-0.02,328.9,263971.95,-1
2025-02-24,2025-02-24 13:21:00,796.96,796.96,796.84,796.84,-0.02,328.9,263971.95,-1
2025-02-24,2025-02-24 13:22:00,796.84,796.84,796.72,796.72,-0.02,328.9,263971.95,-1
2025-02-24,2025-02-24 13:23:00,796.72,796.72,796.6,796.6,-0.02,328.9,263971.95,-1
2025-02-24,2025-02-24 13:24:00,796.6,796.6,796.48,796.48,-0.02,328.9,263971.95,-1
2025-02-24,2025-02-24 13:25:00,796.48,796.48,796.36,796.36,-0.02,328.9,263971.95,-1
2025-02-24,2025-02-24 13:26:00,796.36,796.36,796.24,796.24,-0.02,328.9,263971.95,-1
2025-02-24,2025-02-24 13:27:00,796.24,796.24,796.12,796.12,-0.02,328.9,263971.95,-1
2025-02-24,2025-02-24 13:28:00,796.12,796.12,796.0,796.0,-0.02,328.9,263971.95,-1
2025-02-24,2025-02-24 13:29:00,796.0,796.0,795.88,795.88,-0.02,328.9,263971.95,-1
2025-02-24,2025-02-24 13:30:00,795.88,795.88,795.75,795.75,-0.02,328.9,263971.95,-1
2025-02-24,2025-02-24 13:31:00,795.75,795.75,795.63,795.63,-0.02,328.9,263971.95,-1
2025-02-24,2025-02-24 13:32:00,795.63,795.63,795.51,795.51,-0.02,328.9,263971.95,-1
2025-02-24,2025-02-24 13:33:00,795.51,795.51,795.39,795.39,-0.02,328.9,263971.95,-1
2025-02-24,2025-02-24 13:34:00,795.39,795.39,795.27,795.27,-0.02,328.9,263971.95,-1
2025-02-24,2025-02-24 13:35:00,795.27,795.27,795.15,795.15,-0.02,328.9,263971.95,-1
2025-02-24,2025-02-24 13:36:00,795.15,795.15,795.03,795.03,-0.02,328.9,263971.95,-1
2025-02-24,2025-02-24 13:37:00,795.03,795.03,794.91,794.91,-0.02,328.9,263971.95,-1
2025-02-24,2025-02-24 13:38:00,794.91,794.91,794.79,794.79,-0.02,328.9,263971.95,-1
2025-02-24,2025-02-24 13:39:00,794.79,794.79,794.67,794.67,-0.02,328.9,263971.95,-1
2025-02-24,2025-02-24 13:40:00,794.67,794.67,794.55,794.55,-0.02,328.9,263971.95,-1
2025-02-24,2025-02-24 13:41:00,794.55,794.55,794.42,794.42,-0.02,328.9,263971.95,-1
2025-02-24,2025-02-24 13:42:00,794.42,794.42,794.3,794.3,-0.02,328.9,263971.95,-1
2025-02-24,2025-02-24 13:43:00,794.3,794.3,794.18,794.18,-0.02,328.9,263971.95,-1
2025-02-24,2025-02-24 13:44:00,794.18,794.18,794.06,794.06,-0.02,328.9,263971.95,-1
2025-02-24,2025-02-24 13:45:00,794.06,794.06,793.94,793.94,-0.02,328.9,263971.95,-1
2025-02-24,2025-02-24 13:46:00,793.94,793.94,793.82,793.82,-0.02,328.9,263971.95,-1
2025-02-24,2025-02-24 13:47:00,793.82,793.82,793.7,793.7,-0.02,328.9,263971.95,-1
2025-02-24,2025-02-24 13:48:00,793.7,793.7,793.58,793.58,-0.02,328.9,263971.95,-1
2025-02-24,2025-02-24 13:49:00,793.58,793.58,793.46,793.46,-0.02,328.9,263971.95,-1
2025-02-24,2025-02-24 13:50:00,793.46,793.46,793.34,793.34,-0.02,328.9,263971.95,-1
2025-02-24,2025-02-24 13:51:00,793.34,793.34,793.22,793.22,-0.02,328.9,263971.95,-1
2025-02-24,2025-02-24 13:52:00,793.22,793.22,793.1,793.1,-0.02,328.9,263971.95,-1
2025-02-24,2025-02-24 13:53:00,793.1,793.1,792.98,792.98,-0.02,328.9,263971.95,-1
2025-02-24,2025-02-24 13:54:00,792.98,792.98,792.85,792.85,-0.02,328.9,263971.95,-1
2025-02-24,2025-02-24 13:55:00,792.85,792.85,792.73,792.73,-0.02,328.9,263971.95,-1
2025-02-24,2025-02-24 13:56:00,792.73,792.73,792.61,792.61,-0.02,328.9,263971.95,-1
2025-02-24,2025-02-24 13:57:00,792.61,792.61,792.49,792.49,-0.02,328.9,263971.95,-1
2025-02-24,2025-02-24 13:58:00,792.49,792.49,792.37,792.37,-0.02,328.9,263971.95,-1
2025-02-24,2025-02-24 13:59:00,792.37,792.37,792.25,792.25,-0.02,328.9,263971.95,-1
2025-02-24,2025-02-24 14:00:00,792.25,792.25,792.13,792.13,-0.02,328.9,263971.95,-1
2025-02-24,2025-02-24 14:01:00,792.13,792.13,792.01,792.01,-0.02,328.9,263971.95,-1
2025-02-24,2025-02-24 14:02:00,792.01,792.01,791.89,791.89,-0.02,328.9,263971.95,-1
2025-02-24,2025-02-24 14:03:00,791.89,791.89,791.77,791.77,-0.02,328.9,263971.95,-1
2025-02-24,2025-02-24 14:04:00,791.77,791.77,791.65,791.65,-0.02,328.9,263971.95,-1
2025-02-24,2025-02-24 14:05:00,791.65,791.65,791.52,791.52,-0.02,328.9,263971.95,-1
2025-02-24,2025-02-24 14:06:00,791.52,791.52,791.4,791.4,-0.02,328.9,263971.95,-1
2025-02-24,2025-02-24 14:07:00,791.4,791.4,791.28,791.28,-0.02,328.9,263971.95,-1
2025-02-24,2025-02-24 14:08:00,791.28,791.28,791.16,791.16,-0.02,328.9,263971.95,-1
2025-02-24,2025-02-24 14:09:00,791.16,791.16,791.04,791.04,-0.02,328.9,263971.95,-1
2025-02-24,2025-02-24 14:10:00,791.04,791.04,790.92,790.92,-0.02,328.9,263971.95,-1
2025-02-24,2025-02-24 14:11:00,790.92,790.92,790.8,790.8,-0.02,328.9,263971.95,-1
2025-02-24,2025-02-24 14:12:00,790.8,790.8,790.68,790.68,-0.02,328.9,263971.95,-1
2025-02-24,2025-02-24 14:13:00,790.68,790.68,790.56,790.56,-0.02,328.9,263971.95,-1
2025-02-24,2025-02-24 14:14:00,790.56,790.56,790.44,790.44,-0.02,328.9,263971.95,-1
2025-02-24,2025-02-24 14:15:00,790.44,790.44,790.32,790.32,-0.02,328.9,263971.95,-1
2025-02-24,2025-02-24 14:16:00,790.32,790.32,790.2,790.2,-0.02,328.9,263971.95,-1
2025-02-24,2025-02-24 14:17:00,790.2,790.2,790.08,790.08,-0.02,328.9,263971.95,-1
2025-02-24,2025-02-24 14:18:00,790.08,790.08,789.95,789.95,-0.02,328.9,263971.95,-1
2025-02-24,2025-02-24 14:19:00,789.95,789.95,789.83,789.83,-0.02,328.9,263971.95,-1
2025-02-24,2025-02-24 14:20:00,789.83,789.83,789.71,789.71,-0.02,328.9,263971.95,-1
2025-02-24,2025-02-24 14:21:00,789.71,789.71,789.59,789.59,-0.02,328.9,263971.95,-1
2025-02-24,2025-02-24 14:22:00,789.59,789.59,789.47,789.47,-0.02,328.9,263971.95,-1
2025-02-24,2025-02-24 14:23:00,789.47,789.47,789.35,789.35,-0.02,328.9,263971.95,-1
2025-02-24,2025-02-24 14:24:00,789.35,789.35,789.23,789.23,-0.02,328.9,263971.95,-1
2025-02-24,2025-02-24 14:25:00,789.23,789.23,789.11,789.11,-0.02,328.9,263971.95,-1
2025-02-24,2025-02-24 14:26:00,789.11,789.11,788.99,788.99,-0.02,328.9,263971.95,-1
2025-02-24,2025-02-24 14:27:00,788.99,788.99,788.87,788.87,-0.02,328.9,263971.95,-1
2025-02-24,2025-02-24 14:28:00,788.87,788.87,788.75,788.75,-0.02,328.9,263971.95,-1
2025-02-24,2025-02-24 14:29:00,788.75,788.75,788.62,788.62,-0.02,328.9,263971.95,-1
2025-02-24,2025-02-24 14:30:00,788.62,788.62,788.5,788.5,-0.02,328.9,263971.95,-1
2025-02-24,2025-02-24 14:31:00,788.5,788.5,788.38,788.38,-0.02,328.9,263971.95,-1
2025-02-24,2025-02-24 14:32:00,788.38,788.38,788.26,788.26,-0.02,328.9,263971.95,-1
2025-02-24,2025-02-24 14:33:00,788.26,788.26,788.14,788.14,-0.02,328.9,263971.95,-1
2025-02-24,2025-02-24 14:34:00,788.14,788.14,788.02,788.02,-0.02,328.9,263971.95,-1
2025-02-24,2025-02-24 14:35:00,788.02,788.02,787.9,787.9,-0.02,328.9,263971.95,-1
2025-02-24,2025-02-24 14:36:00,787.9,787.9,787.78,787.78,-0.02,328.9,263971.95,-1
2025-02-24,2025-02-24 14:37:00,787.78,787.78,787.66,787.66,-0.02,328.9,263971.95,-1
2025-02-24,2025-02-24 14:38:00,787.66,787.66,787.54,787.54,-0.02,328.9,263971.95,-1
2025-02-24,2025-02-24 14:39:00,787.54,787.54,787.42,787.42,-0.02,328.9,263971.95,-1
2025-02-24,2025-02-24 14:40:00,787.42,787.42,787.3,787.3,-0.02,328.9,263971.95,-1
2025-02-24,2025-02-24 14:41:00,787.3,787.3,787.17,787.17,-0.02,328.9,263971.95,-1
2025-02-24,2025-02-24 14:42:00,787.17,787.17,787.05,787.05,-0.02,328.9,263971.95,-1
2025-02-24,2025-02-24 14:43:00,787.05,787.05,786.93,786.93,-0.02,328.9,263971.95,-1
2025-02-24,2025-02-24 14:44:00,786.93,786.93,786.81,786.81,-0.02,328.9,263971.95,-1
2025-02-24,2025-02-24 14:45:00,786.81,786.81,786.69,786.69,-0.02,328.9,263971.95,-1
2025-02-24,2025-02-24 14:46:00,786.69,786.69,786.57,786.57,-0.02,328.9,263971.95,-1
2025-02-24,2025-02-24 14:47:00,786.57,786.57,786.45,786.45,-0.02,328.9,263971.95,-1
2025-02-24,2025-02-24 14:48:00,786.45,786.45,786.33,786.33,-0.02,328.9,263971.95,-1
2025-02-24,2025-02-24 14:49:00,786.33,786.33,786.21,786.21,-0.02,328.9,263971.95,-1
2025-02-24,2025-02-24 14:50:00,786.21,786.21,786.09,786.09,-0.02,328.9,263971.95,-1
2025-02-24,2025-02-24 14:51:00,786.09,786.09,785.97,785.97,-0.02,328.9,263971.95,-1
2025-02-24,2025-02-24 14:52:00,785.97,785.97,785.85,785.85,-0.02,328.9,263971.95,-1
2025-02-24,2025-02-24 14:53:00,785.85,785.85,785.73,785.73,-0.02,328.9,263971.95,-1
2025-02-24,2025-02-24 14:54:00,785.73,785.73,785.6,785.6,-0.02,328.9,263971.95,-1
2025-02-24,2025-02-24 14:55:00,785.6,785.6,785.48,785.48,-0.02,328.9,263971.95,-1
2025-02-24,2025-02-24 14:56:00,785.48,785.48,785.36,785.36,-0.02,328.9,263971.95,-1
2025-02-24,2025-02-24 14:57:00,785.36,785.36,785.24,785.24,-0.02,328.9,263971.95,-1
2025-02-24,2025-02-24 14:58:00,785.24,785.24,785.12,785.12,-0.02,328.9,263971.95,-1
2025-02-24,2025-02-24 14:59:00,785.12,785.12,785.0,785.0,-0.02,328.9,263971.95,-1
2025-02-24,2025-02-24 15:00:00,785.0,860.0,765.2,785.0,0.0,328.9,263971.95,0
2025-02-25,2025-02-25 11:00:00,769.3,793.81,769.3,769.64,0.04,205.23,165244.93,1
2025-02-25,2025-02-25 11:01:00,769.64,769.98,769.64,769.98,0.04,205.23,165244.93,1
2025-02-25,2025-02-25 11:02:00,769.98,770.32,769.98,770.32,0.04,205.23,165244.93,1
2025-02-25,2025-02-25 11:03:00,770.32,770.66,770.32,770.66,0.04,205.23,165244.93,1
2025-02-25,2025-02-25 11:04:00,770.66,771.0,770.66,771.0,0.04,205.23,165244.93,1
2025-02-25,2025-02-25 11:05:00,771.0,771.34,771.0,771.34,0.04,205.23,165244.93,1
2025-02-25,2025-02-25 11:06:00,771.34,771.68,771.34,771.68,0.04,205.23,165244.93,1
2025-02-25,2025-02-25 11:07:00,771.68,772.02,771.68,772.02,0.04,205.23,165244.93,1
2025-02-25,2025-02-25 11:08:00,772.02,772.36,772.02,772.36,0.04,205.23,165244.93,1
2025-02-25,2025-02-25 11:09:00,772.36,772.7,772.36,772.7,0.04,205.23,165244.93,1
2025-02-25,2025-02-25 11:10:00,772.7,773.04,772.7,773.04,0.04,205.23,165244.93,1
2025-02-25,2025-02-25 11:11:00,773.04,773.38,773.04,773.38,0.04,205.23,165244.93,1
2025-02-25,2025-02-25 11:12:00,773.38,773.73,773.38,773.73,0.05,205.23,165244.93,1
2025-02-25,2025-02-25 11:13:00,773.73,774.07,773.73,774.07,0.04,205.23,165244.93,1
2025-02-25,2025-02-25 11:14:00,774.07,774.41,774.07,774.41,0.04,205.23,165244.93,1
2025-02-25,2025-02-25 11:15:00,774.41,774.75,774.41,774.75,0.04,205.23,165244.93,1
2025-02-25,2025-02-25 11:16:00,774.75,775.09,774.75,775.09,0.04,205.23,165244.93,1
2025-02-25,2025-02-25 11:17:00,775.09,775.43,775.09,775.43,0.04,205.23,165244.93,1
2025-02-25,2025-02-25 11:18:00,775.43,775.77,775.43,775.77,0.04,205.23,165244.93,1
2025-02-25,2025-02-25 11:19:00,775.77,776.11,775.77,776.11,0.04,205.23,165244.93,1
2025-02-25,2025-02-25 11:20:00,776.11,776.45,776.11,776.45,0.04,205.23,165244.93,1
2025-02-25,2025-02-25 11:21:00,776.45,776.79,776.45,776.79,0.04,205.23,165244.93,1
2025-02-25,2025-02-25 11:22:00,776.79,777.13,776.79,777.13,0.04,205.23,165244.93,1
2025-02-25,2025-02-25 11:23:00,777.13,777.47,777.13,777.47,0.04,205.23,165244.93,1
2025-02-25,2025-02-25 11:24:00,777.47,777.81,777.47,777.81,0.04,205.23,165244.93,1
2025-02-25,2025-02-25 11:25:00,777.81,778.15,777.81,778.15,0.04,205.23,165244.93,1
2025-02-25,2025-02-25 11:26:00,778.15,778.49,778.15,778.49,0.04,205.23,165244.93,1
2025-02-25,2025-02-25 11:27:00,778.49,778.83,778.49,778.83,0.04,205.23,165244.93,1
2025-02-25,2025-02-25 11:28:00,778.83,779.17,778.83,779.17,0.04,205.23,165244.93,1
2025-02-25,2025-02-25 11:29:00,779.17,779.51,779.17,779.51,0.04,205.23,165244.93,1
2025-02-25,2025-02-25 11:30:00,779.51,779.85,779.51,779.85,0.04,205.23,165244.93,1
2025-02-25,2025-02-25 11:31:00,779.85,780.19,779.85,780.19,0.04,205.23,165244.93,1
2025-02-25,2025-02-25 11:32:00,780.19,780.53,780.19,780.53,0.04,205.23,165244.93,1
2025-02-25,2025-02-25 11:33:00,780.53,780.87,780.53,780.87,0.04,205.23,165244.93,1
2025-02-25,2025-02-25 11:34:00,780.87,781.21,780.87,781.21,0.04,205.23,165244.93,1
2025-02-25,2025-02-25 11:35:00,781.21,781.55,781.21,781.55,0.04,205.23,165244.93,1
2025-02-25,2025-02-25 11:36:00,781.55,781.9,781.55,781.9,0.04,205.23,165244.93,1
2025-02-25,2025-02-25 11:37:00,781.9,782.24,781.9,782.24,0.04,205.23,165244.93,1
2025-02-25,2025-02-25 11:38:00,782.24,782.58,782.24,782.58,0.04,205.23,165244.93,1
2025-02-25,2025-02-25 11:39:00,782.58,782.92,782.58,782.92,0.04,205.23,165244.93,1
2025-02-25,2025-02-25 11:40:00,782.92,783.26,782.92,783.26,0.04,205.23,165244.93,1
2025-02-25,2025-02-25 11:41:00,783.26,783.6,783.26,783.6,0.04,205.23,165244.93,1
2025-02-25,2025-02-25 11:42:00,783.6,783.94,783.6,783.94,0.04,205.23,165244.93,1
2025-02-25,2025-02-25 11:43:00,783.94,784.28,783.94,784.28,0.04,205.23,165244.93,1
2025-02-25,2025-02-25 11:44:00,784.28,784.62,784.28,784.62,0.04,205.23,165244.93,1
2025-02-25,2025-02-25 11:45:00,784.62,784.96,784.62,784.96,0.04,205.23,165244.93,1
2025-02-25,2025-02-25 11:46:00,784.96,785.3,784.96,785.3,0.04,205.23,165244.93,1
2025-02-25,2025-02-25 11:47:00,785.3,785.64,785.3,785.64,0.04,205.23,165244.93,1
2025-02-25,2025-02-25 11:48:00,785.64,785.98,785.64,785.98,0.04,205.23,165244.93,1
2025-02-25,2025-02-25 11:49:00,785.98,786.32,785.98,786.32,0.04,205.23,165244.93,1
2025-02-25,2025-02-25 11:50:00,786.32,786.66,786.32,786.66,0.04,205.23,165244.93,1
2025-02-25,2025-02-25 11:51:00,786.66,787.0,786.66,787.0,0.04,205.23,165244.93,1
2025-02-25,2025-02-25 11:52:00,787.0,787.34,787.0,787.34,0.04,205.23,165244.93,1
2025-02-25,2025-02-25 11:53:00,787.34,787.68,787.34,787.68,0.04,205.23,165244.93,1
2025-02-25,2025-02-25 11:54:00,787.68,788.02,787.68,788.02,0.04,205.23,165244.93,1
2025-02-25,2025-02-25 11:55:00,788.02,788.36,788.02,788.36,0.04,205.23,165244.93,1
2025-02-25,2025-02-25 11:56:00,788.36,788.7,788.36,788.7,0.04,205.23,165244.93,1
2025-02-25,2025-02-25 11:57:00,788.7,789.04,788.7,789.04,0.04,205.23,165244.93,1
2025-02-25,2025-02-25 11:58:00,789.04,789.38,789.04,789.38,0.04,205.23,165244.93,1
2025-02-25,2025-02-25 11:59:00,789.38,789.72,789.38,789.72,0.04,205.23,165244.93,1
2025-02-25,2025-02-25 12:00:00,789.72,790.07,789.72,790.07,0.04,205.23,165244.93,1
2025-02-25,2025-02-25 12:01:00,790.07,790.41,790.07,790.41,0.04,205.23,165244.93,1
2025-02-25,2025-02-25 12:02:00,790.41,790.75,790.41,790.75,0.04,205.23,165244.93,1
2025-02-25,2025-02-25 12:03:00,790.75,791.09,790.75,791.09,0.04,205.23,165244.93,1
2025-02-25,2025-02-25 12:04:00,791.09,791.43,791.09,791.43,0.04,205.23,165244.93,1
2025-02-25,2025-02-25 12:05:00,791.43,791.77,791.43,791.77,0.04,205.23,165244.93,1
2025-02-25,2025-02-25 12:06:00,791.77,792.11,791.77,792.11,0.04,205.23,165244.93,1
2025-02-25,2025-02-25 12:07:00,792.11,792.45,792.11,792.45,0.04,205.23,165244.93,1
2025-02-25,2025-02-25 12:08:00,792.45,792.79,792.45,792.79,0.04,205.23,165244.93,1
2025-02-25,2025-02-25 12:09:00,792.79,793.13,792.79,793.13,0.04,205.23,165244.93,1
2025-02-25,2025-02-25 12:10:00,793.13,793.47,793.13,793.47,0.04,205.23,165244.93,1
2025-02-25,2025-02-25 12:11:00,793.47,793.81,793.47,793.81,0.04,205.23,165244.93,1
2025-02-25,2025-02-25 12:12:00,793.81,794.15,793.81,794.15,0.04,205.23,165244.93,1
2025-02-25,2025-02-25 12:13:00,794.15,794.49,794.15,794.49,0.04,205.23,165244.93,1
2025-02-25,2025-02-25 12:14:00,794.49,794.83,794.49,794.83,0.04,205.23,165244.93,1
2025-02-25,2025-02-25 12:15:00,794.83,795.17,794.83,795.17,0.04,205.23,165244.93,1
2025-02-25,2025-02-25 12:16:00,795.17,795.51,795.17,795.51,0.04,205.23,165244.93,1
2025-02-25,2025-02-25 12:17:00,795.51,795.85,795.51,795.85,0.04,205.23,165244.93,1
2025-02-25,2025-02-25 12:18:00,795.85,796.19,795.85,796.19,0.04,205.23,165244.93,1
2025-02-25,2025-02-25 12:19:00,796.19,796.53,796.19,796.53,0.04,205.23,165244.93,1
2025-02-25,2025-02-25 12:20:00,796.53,796.87,796.53,796.87,0.04,205.23,165244.93,1
2025-02-25,2025-02-25 12:21:00,796.87,797.21,796.87,797.21,0.04,205.23,165244.93,1
2025-02-25,2025-02-25 12:22:00,797.21,797.55,797.21,797.55,0.04,205.23,165244.93,1
2025-02-25,2025-02-25 12:23:00,797.55,797.89,797.55,797.89,0.04,205.23,165244.93,1
2025-02-25,2025-02-25 12:24:00,797.89,798.24,797.89,798.24,0.04,205.23,165244.93,1
2025-02-25,2025-02-25 12:25:00,798.24,798.58,798.24,798.58,0.04,205.23,165244.93,1
2025-02-25,2025-02-25 12:26:00,798.58,798.92,798.58,798.92,0.04,205.23,165244.93,1
2025-02-25,2025-02-25 12:27:00,798.92,799.26,798.92,799.26,0.04,205.23,165244.93,1
2025-02-25,2025-02-25 12:28:00,799.26,799.6,799.26,799.6,0.04,205.23,165244.93,1
2025-02-25,2025-02-25 12:29:00,799.6,799.94,799.6,799.94,0.04,205.23,165244.93,1
2025-02-25,2025-02-25 12:30:00,799.94,800.28,799.94,800.28,0.04,205.23,165244.93,1
2025-02-25,2025-02-25 12:31:00,800.28,800.62,800.28,800.62,0.04,205.23,165244.93,1
2025-02-25,2025-02-25 12:32:00,800.62,800.96,800.62,800.96,0.04,205.23,165244.93,1
2025-02-25,2025-02-25 12:33:00,800.96,801.3,800.96,801.3,0.04,205.23,165244.93,1
2025-02-25,2025-02-25 12:34:00,801.3,801.64,801.3,801.64,0.04,205.23,165244.93,1
2025-02-25,2025-02-25 12:35:00,801.64,801.98,801.64,801.98,0.04,205.23,165244.93,1
2025-02-25,2025-02-25 12:36:00,801.98,802.32,801.98,802.32,0.04,205.23,165244.93,1
2025-02-25,2025-02-25 12:37:00,802.32,802.66,802.32,802.66,0.04,205.23,165244.93,1
2025-02-25,2025-02-25 12:38:00,802.66,803.0,802.66,803.0,0.04,205.23,165244.93,1
2025-02-25,2025-02-25 12:39:00,803.0,803.34,803.0,803.34,0.04,205.23,165244.93,1
2025-02-25,2025-02-25 12:40:00,803.34,803.68,803.34,803.68,0.04,205.23,165244.93,1
2025-02-25,2025-02-25 12:41:00,803.68,804.02,803.68,804.02,0.04,205.23,165244.93,1
2025-02-25,2025-02-25 12:42:00,804.02,804.36,804.02,804.36,0.04,205.23,165244.93,1
2025-02-25,2025-02-25 12:43:00,804.36,804.7,804.36,804.7,0.04,205.23,165244.93,1
2025-02-25,2025-02-25 12:44:00,804.7,805.04,804.7,805.04,0.04,205.23,165244.93,1
2025-02-25,2025-02-25 12:45:00,805.04,805.38,805.04,805.38,0.04,205.23,165244.93,1
2025-02-25,2025-02-25 12:46:00,805.38,805.72,805.38,805.72,0.04,205.23,165244.93,1
2025-02-25,2025-02-25 12:47:00,805.72,806.06,805.72,806.06,0.04,205.23,165244.93,1
2025-02-25,2025-02-25 12:48:00,806.06,806.41,806.06,806.41,0.04,205.23,165244.93,1
2025-02-25,2025-02-25 12:49:00,806.41,806.75,806.41,806.75,0.04,205.23,165244.93,1
2025-02-25,2025-02-25 12:50:00,806.75,807.09,806.75,807.09,0.04,205.23,165244.93,1
2025-02-25,2025-02-25 12:51:00,807.09,807.43,807.09,807.43,0.04,205.23,165244.93,1
2025-02-25,2025-02-25 12:52:00,807.43,807.77,807.43,807.77,0.04,205.23,165244.93,1
2025-02-25,2025-02-25 12:53:00,807.77,808.11,807.77,808.11,0.04,205.23,165244.93,1
2025-02-25,2025-02-25 12:54:00,808.11,808.45,808.11,808.45,0.04,205.23,165244.93,1
2025-02-25,2025-02-25 12:55:00,808.45,808.79,808.45,808.79,0.04,205.23,165244.93,1
2025-02-25,2025-02-25 12:56:00,808.79,809.13,808.79,809.13,0.04,205.23,165244.93,1
2025-02-25,2025-02-25 12:57:00,809.13,809.47,809.13,809.47,0.04,205.23,165244.93,1
2025-02-25,2025-02-25 12:58:00,809.47,809.81,809.47,809.81,0.04,205.23,165244.93,1
2025-02-25,2025-02-25 12:59:00,809.81,810.15,809.81,810.15,0.04,205.23,165244.93,1
2025-02-25,2025-02-25 13:00:00,810.15,851.0,769.3,810.49,0.04,205.23,165244.93,1
2025-02-25,2025-02-25 13:01:00,810.49,810.83,810.49,810.83,0.04,205.23,165244.93,1
2025-02-25,2025-02-25 13:02:00,810.83,811.17,810.83,811.17,0.04,205.23,165244.93,1
2025-02-25,2025-02-25 13:03:00,811.17,811.51,811.17,811.51,0.04,205.23,165244.93,1
2025-02-25,2025-02-25 13:04:00,811.51,811.85,811.51,811.85,0.04,205.23,165244.93,1
2025-02-25,2025-02-25 13:05:00,811.85,812.19,811.85,812.19,0.04,205.23,165244.93,1
2025-02-25,2025-02-25 13:06:00,812.19,812.53,812.19,812.53,0.04,205.23,165244.93,1
2025-02-25,2025-02-25 13:07:00,812.53,812.87,812.53,812.87,0.04,205.23,165244.93,1
2025-02-25,2025-02-25 13:08:00,812.87,813.21,812.87,813.21,0.04,205.23,165244.93,1
2025-02-25,2025-02-25 13:09:00,813.21,813.55,813.21,813.55,0.04,205.23,165244.93,1
2025-02-25,2025-02-25 13:10:00,813.55,813.89,813.55,813.89,0.04,205.23,165244.93,1
2025-02-25,2025-02-25 13:11:00,813.89,814.24,813.89,814.24,0.04,205.23,165244.93,1
2025-02-25,2025-02-25 13:12:00,814.24,814.58,814.24,814.58,0.04,205.23,165244.93,1
2025-02-25,2025-02-25 13:13:00,814.58,814.92,814.58,814.92,0.04,205.23,165244.93,1
2025-02-25,2025-02-25 13:14:00,814.92,815.26,814.92,815.26,0.04,205.23,165244.93,1
2025-02-25,2025-02-25 13:15:00,815.26,815.6,815.26,815.6,0.04,205.23,165244.93,1
2025-02-25,2025-02-25 13:16:00,815.6,815.94,815.6,815.94,0.04,205.23,165244.93,1
2025-02-25,2025-02-25 13:17:00,815.94,816.28,815.94,816.28,0.04,205.23,165244.93,1
2025-02-25,2025-02-25 13:18:00,816.28,816.62,816.28,816.62,0.04,205.23,165244.93,1
2025-02-25,2025-02-25 13:19:00,816.62,816.96,816.62,816.96,0.04,205.23,165244.93,1
2025-02-25,2025-02-25 13:20:00,816.96,817.3,816.96,817.3,0.04,205.23,165244.93,1
2025-02-25,2025-02-25 13:21:00,817.3,817.64,817.3,817.64,0.04,205.23,165244.93,1
2025-02-25,2025-02-25 13:22:00,817.64,817.98,817.64,817.98,0.04,205.23,165244.93,1
2025-02-25,2025-02-25 13:23:00,817.98,818.32,817.98,818.32,0.04,205.23,165244.93,1
2025-02-25,2025-02-25 13:24:00,818.32,818.66,818.32,818.66,0.04,205.23,165244.93,1
2025-02-25,2025-02-25 13:25:00,818.66,819.0,818.66,819.0,0.04,205.23,165244.93,1
2025-02-25,2025-02-25 13:26:00,819.0,819.34,819.0,819.34,0.04,205.23,165244.93,1
2025-02-25,2025-02-25 13:27:00,819.34,819.68,819.34,819.68,0.04,205.23,165244.93,1
2025-02-25,2025-02-25 13:28:00,819.68,820.02,819.68,820.02,0.04,205.23,165244.93,1
2025-02-25,2025-02-25 13:29:00,820.02,820.36,820.02,820.36,0.04,205.23,165244.93,1
2025-02-25,2025-02-25 13:30:00,820.36,820.7,820.36,820.7,0.04,205.23,165244.93,1
2025-02-25,2025-02-25 13:31:00,820.7,821.04,820.7,821.04,0.04,205.23,165244.93,1
2025-02-25,2025-02-25 13:32:00,821.04,821.38,821.04,821.38,0.04,205.23,165244.93,1
2025-02-25,2025-02-25 13:33:00,821.38,821.72,821.38,821.72,0.04,205.23,165244.93,1
2025-02-25,2025-02-25 13:34:00,821.72,822.06,821.72,822.06,0.04,205.23,165244.93,1
2025-02-25,2025-02-25 13:35:00,822.06,822.4,822.06,822.4,0.04,205.23,165244.93,1
2025-02-25,2025-02-25 13:36:00,822.4,822.75,822.4,822.75,0.04,205.23,165244.93,1
2025-02-25,2025-02-25 13:37:00,822.75,823.09,822.75,823.09,0.04,205.23,165244.93,1
2025-02-25,2025-02-25 13:38:00,823.09,823.43,823.09,823.43,0.04,205.23,165244.93,1
2025-02-25,2025-02-25 13:39:00,823.43,823.77,823.43,823.77,0.04,205.23,165244.93,1
2025-02-25,2025-02-25 13:40:00,823.77,824.11,823.77,824.11,0.04,205.23,165244.93,1
2025-02-25,2025-02-25 13:41:00,824.11,824.45,824.11,824.45,0.04,205.23,165244.93,1
2025-02-25,2025-02-25 13:42:00,824.45,824.79,824.45,824.79,0.04,205.23,165244.93,1
2025-02-25,2025-02-25 13:43:00,824.79,825.13,824.79,825.13,0.04,205.23,165244.93,1
2025-02-25,2025-02-25 13:44:00,825.13,825.47,825.13,825.47,0.04,205.23,165244.93,1
2025-02-25,2025-02-25 13:45:00,825.47,825.81,825.47,825.81,0.04,205.23,165244.93,1
2025-02-25,2025-02-25 13:46:00,825.81,826.15,825.81,826.15,0.04,205.23,165244.93,1
2025-02-25,2025-02-25 13:47:00,826.15,826.49,826.15,826.49,0.04,205.23,165244.93,1
2025-02-25,2025-02-25 13:48:00,826.49,826.83,826.49,826.83,0.04,205.23,165244.93,1
2025-02-25,2025-02-25 13:49:00,826.83,827.17,826.83,827.17,0.04,205.23,165244.93,1
2025-02-25,2025-02-25 13:50:00,827.17,827.51,827.17,827.51,0.04,205.23,165244.93,1
2025-02-25,2025-02-25 13:51:00,827.51,827.85,827.51,827.85,0.04,205.23,165244.93,1
2025-02-25,2025-02-25 13:52:00,827.85,828.19,827.85,828.19,0.04,205.23,165244.93,1
2025-02-25,2025-02-25 13:53:00,828.19,828.53,828.19,828.53,0.04,205.23,165244.93,1
2025-02-25,2025-02-25 13:54:00,828.53,828.87,828.53,828.87,0.04,205.23,165244.93,1
2025-02-25,2025-02-25 13:55:00,828.87,829.21,828.87,829.21,0.04,205.23,165244.93,1
2025-02-25,2025-02-25 13:56:00,829.21,829.55,829.21,829.55,0.04,205.23,165244.93,1
2025-02-25,2025-02-25 13:57:00,829.55,829.89,829.55,829.89,0.04,205.23,165244.93,1
2025-02-25,2025-02-25 13:58:00,829.89,830.23,829.89,830.23,0.04,205.23,165244.93,1
2025-02-25,2025-02-25 13:59:00,830.23,830.58,830.23,830.58,0.04,205.23,165244.93,1
2025-02-25,2025-02-25 14:00:00,830.58,830.92,830.58,830.92,0.04,205.23,165244.93,1
2025-02-25,2025-02-25 14:01:00,830.92,831.26,830.92,831.26,0.04,205.23,165244.93,1
2025-02-25,2025-02-25 14:02:00,831.26,831.6,831.26,831.6,0.04,205.23,165244.93,1
2025-02-25,2025-02-25 14:03:00,831.6,831.94,831.6,831.94,0.04,205.23,165244.93,1
2025-02-25,2025-02-25 14:04:00,831.94,832.28,831.94,832.28,0.04,205.23,165244.93,1
2025-02-25,2025-02-25 14:05:00,832.28,832.62,832.28,832.62,0.04,205.23,165244.93,1
2025-02-25,2025-02-25 14:06:00,832.62,832.96,832.62,832.96,0.04,205.23,165244.93,1
2025-02-25,2025-02-25 14:07:00,832.96,833.3,832.96,833.3,0.04,205.23,165244.93,1
2025-02-25,2025-02-25 14:08:00,833.3,833.64,833.3,833.64,0.04,205.23,165244.93,1
2025-02-25,2025-02-25 14:09:00,833.64,833.98,833.64,833.98,0.04,205.23,165244.93,1
2025-02-25,2025-02-25 14:10:00,833.98,834.32,833.98,834.32,0.04,205.23,165244.93,1
2025-02-25,2025-02-25 14:11:00,834.32,834.66,834.32,834.66,0.04,205.23,165244.93,1
2025-02-25,2025-02-25 14:12:00,834.66,835.0,834.66,835.0,0.04,205.23,165244.93,1
2025-02-25,2025-02-25 14:13:00,835.0,835.34,835.0,835.34,0.04,205.23,165244.93,1
2025-02-25,2025-02-25 14:14:00,835.34,835.68,835.34,835.68,0.04,205.23,165244.93,1
2025-02-25,2025-02-25 14:15:00,835.68,836.02,835.68,836.02,0.04,205.23,165244.93,1
2025-02-25,2025-02-25 14:16:00,836.02,836.36,836.02,836.36,0.04,205.23,165244.93,1
2025-02-25,2025-02-25 14:17:00,836.36,836.7,836.36,836.7,0.04,205.23,165244.93,1
2025-02-25,2025-02-25 14:18:00,836.7,837.04,836.7,837.04,0.04,205.23,165244.93,1
2025-02-25,2025-02-25 14:19:00,837.04,837.38,837.04,837.38,0.04,205.23,165244.93,1
2025-02-25,2025-02-25 14:20:00,837.38,837.72,837.38,837.72,0.04,205.23,165244.93,1
2025-02-25,2025-02-25 14:21:00,837.72,838.06,837.72,838.06,0.04,205.23,165244.93,1
2025-02-25,2025-02-25 14:22:00,838.06,838.4,838.06,838.4,0.04,205.23,165244.93,1
2025-02-25,2025-02-25 14:23:00,838.4,838.75,838.4,838.75,0.04,205.23,165244.93,1
2025-02-25,2025-02-25 14:24:00,838.75,839.09,838.75,839.09,0.04,205.23,165244.93,1
2025-02-25,2025-02-25 14:25:00,839.09,839.43,839.09,839.43,0.04,205.23,165244.93,1
2025-02-25,2025-02-25 14:26:00,839.43,839.77,839.43,839.77,0.04,205.23,165244.93,1
2025-02-25,2025-02-25 14:27:00,839.77,840.11,839.77,840.11,0.04,205.23,165244.93,1
2025-02-25,2025-02-25 14:28:00,840.11,840.45,840.11,840.45,0.04,205.23,165244.93,1
2025-02-25,2025-02-25 14:29:00,840.45,840.79,840.45,840.79,0.04,205.23,165244.93,1
2025-02-25,2025-02-25 14:30:00,840.79,841.13,840.79,841.13,0.04,205.23,165244.93,1
2025-02-25,2025-02-25 14:31:00,841.13,841.47,841.13,841.47,0.04,205.23,165244.93,1
2025-02-25,2025-02-25 14:32:00,841.47,841.81,841.47,841.81,0.04,205.23,165244.93,1
2025-02-25,2025-02-25 14:33:00,841.81,842.15,841.81,842.15,0.04,205.23,165244.93,1
2025-02-25,2025-02-25 14:34:00,842.15,842.49,842.15,842.49,0.04,205.23,165244.93,1
2025-02-25,2025-02-25 14:35:00,842.49,842.83,842.49,842.83,0.04,205.23,165244.93,1
2025-02-25,2025-02-25 14:36:00,842.83,843.17,842.83,843.17,0.04,205.23,165244.93,1
2025-02-25,2025-02-25 14:37:00,843.17,843.51,843.17,843.51,0.04,205.23,165244.93,1
2025-02-25,2025-02-25 14:38:00,843.51,843.85,843.51,843.85,0.04,205.23,165244.93,1
2025-02-25,2025-02-25 14:39:00,843.85,844.19,843.85,844.19,0.04,205.23,165244.93,1
2025-02-25,2025-02-25 14:40:00,844.19,844.53,844.19,844.53,0.04,205.23,165244.93,1
2025-02-25,2025-02-25 14:41:00,844.53,844.87,844.53,844.87,0.04,205.23,165244.93,1
2025-02-25,2025-02-25 14:42:00,844.87,845.21,844.87,845.21,0.04,205.23,165244.93,1
2025-02-25,2025-02-25 14:43:00,845.21,845.55,845.21,845.55,0.04,205.23,165244.93,1
2025-02-25,2025-02-25 14:44:00,845.55,845.89,845.55,845.89,0.04,205.23,165244.93,1
2025-02-25,2025-02-25 14:45:00,845.89,846.23,845.89,846.23,0.04,205.23,165244.93,1
2025-02-25,2025-02-25 14:46:00,846.23,846.57,846.23,846.57,0.04,205.23,165244.93,1
2025-02-25,2025-02-25 14:47:00,846.57,846.91,846.57,846.91,0.04,205.23,165244.93,1
2025-02-25,2025-02-25 14:48:00,846.91,847.26,846.91,847.26,0.04,205.23,165244.93,1
2025-02-25,2025-02-25 14:49:00,847.26,847.6,847.26,847.6,0.04,205.23,165244.93,1
2025-02-25,2025-02-25 14:50:00,847.6,847.94,847.6,847.94,0.04,205.23,165244.93,1
2025-02-25,2025-02-25 14:51:00,847.94,848.28,847.94,848.28,0.04,205.23,165244.93,1
2025-02-25,2025-02-25 14:52:00,848.28,848.62,848.28,848.62,0.04,205.23,165244.93,1
2025-02-25,2025-02-25 14:53:00,848.62,848.96,848.62,848.96,0.04,205.23,165244.93,1
2025-02-25,2025-02-25 14:54:00,848.96,849.3,848.96,849.3,0.04,205.23,165244.93,1
2025-02-25,2025-02-25 14:55:00,849.3,849.64,849.3,849.64,0.04,205.23,165244.93,1
2025-02-25,2025-02-25 14:56:00,849.64,849.98,849.64,849.98,0.04,205.23,165244.93,1
2025-02-25,2025-02-25 14:57:00,849.98,850.32,849.98,850.32,0.04,205.23,165244.93,1
2025-02-25,2025-02-25 14:58:00,850.32,850.66,850.32,850.66,0.04,205.23,165244.93,1
2025-02-25,2025-02-25 14:59:00,850.66,851.0,850.66,851.0,0.04,205.23,165244.93,1
2025-02-25,2025-02-25 15:00:00,851.0,851.0,769.3,851.0,0.0,205.23,165244.93,0
2025-02-27,2025-02-27 11:00:00,852.0,852.0,826.17,851.74,-0.03,337.02,267443.48,-1
2025-02-27,2025-02-27 11:01:00,851.74,851.74,851.48,851.48,-0.03,337.02,267443.48,-1
2025-02-27,2025-02-27 11:02:00,851.48,851.48,851.23,851.23,-0.03,337.02,267443.48,-1
2025-02-27,2025-02-27 11:03:00,851.23,851.23,850.97,850.97,-0.03,337.02,267443.48,-1
2025-02-27,2025-02-27 11:04:00,850.97,850.97,850.71,850.71,-0.03,337.02,267443.48,-1
2025-02-27,2025-02-27 11:05:00,850.71,850.71,850.45,850.45,-0.03,337.02,267443.48,-1
2025-02-27,2025-02-27 11:06:00,850.45,850.45,850.19,850.19,-0.03,337.02,267443.48,-1
2025-02-27,2025-02-27 11:07:00,850.19,850.19,849.93,849.93,-0.03,337.02,267443.48,-1
2025-02-27,2025-02-27 11:08:00,849.93,849.93,849.67,849.67,-0.03,337.02,267443.48,-1
2025-02-27,2025-02-27 11:09:00,849.67,849.67,849.42,849.42,-0.03,337.02,267443.48,-1
2025-02-27,2025-02-27 11:10:00,849.42,849.42,849.16,849.16,-0.03,337.02,267443.48,-1
2025-02-27,2025-02-27 11:11:00,849.16,849.16,848.9,848.9,-0.03,337.02,267443.48,-1
2025-02-27,2025-02-27 11:12:00,848.9,848.9,848.64,848.64,-0.03,337.02,267443.48,-1
2025-02-27,2025-02-27 11:13:00,848.64,848.64,848.38,848.38,-0.03,337.02,267443.48,-1
2025-02-27,2025-02-27 11:14:00,848.38,848.38,848.12,848.12,-0.03,337.02,267443.48,-1
2025-02-27,2025-02-27 11:15:00,848.12,848.12,847.87,847.87,-0.03,337.02,267443.48,-1
2025-02-27,2025-02-27 11:16:00,847.87,847.87,847.61,847.61,-0.03,337.02,267443.48,-1
2025-02-27,2025-02-27 11:17:00,847.61,847.61,847.35,847.35,-0.03,337.02,267443.48,-1
2025-02-27,2025-02-27 11:18:00,847.35,847.35,847.09,847.09,-0.03,337.02,267443.48,-1
2025-02-27,2025-02-27 11:19:00,847.09,847.09,846.83,846.83,-0.03,337.02,267443.48,-1
2025-02-27,2025-02-27 11:20:00,846.83,846.83,846.58,846.58,-0.03,337.02,267443.48,-1
2025-02-27,2025-02-27 11:21:00,846.58,846.58,846.32,846.32,-0.03,337.02,267443.48,-1
2025-02-27,2025-02-27 11:22:00,846.32,846.32,846.06,846.06,-0.03,337.02,267443.48,-1
2025-02-27,2025-02-27 11:23:00,846.06,846.06,845.8,845.8,-0.03,337.02,267443.48,-1
2025-02-27,2025-02-27 11:24:00,845.8,845.8,845.54,845.54,-0.03,337.02,267443.48,-1
2025-02-27,2025-02-27 11:25:00,845.54,845.54,845.28,845.28,-0.03,337.02,267443.48,-1
2025-02-27,2025-02-27 11:26:00,845.28,845.28,845.02,845.02,-0.03,337.02,267443.48,-1
2025-02-27,2025-02-27 11:27:00,845.02,845.02,844.77,844.77,-0.03,337.02,267443.48,-1
2025-02-27,2025-02-27 11:28:00,844.77,844.77,844.51,844.51,-0.03,337.02,267443.48,-1
2025-02-27,2025-02-27 11:29:00,844.51,844.51,844.25,844.25,-0.03,337.02,267443.48,-1
2025-02-27,2025-02-27 11:30:00,844.25,844.25,843.99,843.99,-0.03,337.02,267443.48,-1
2025-02-27,2025-02-27 11:31:00,843.99,843.99,843.73,843.73,-0.03,337.02,267443.48,-1
2025-02-27,2025-02-27 11:32:00,843.73,843.73,843.48,843.48,-0.03,337.02,267443.48,-1
2025-02-27,2025-02-27 11:33:00,843.48,843.48,843.22,843.22,-0.03,337.02,267443.48,-1
2025-02-27,2025-02-27 11:34:00,843.22,843.22,842.96,842.96,-0.03,337.02,267443.48,-1
2025-02-27,2025-02-27 11:35:00,842.96,842.96,842.7,842.7,-0.03,337.02,267443.48,-1
2025-02-27,2025-02-27 11:36:00,842.7,842.7,842.44,842.44,-0.03,337.02,267443.48,-1
2025-02-27,2025-02-27 11:37:00,842.44,842.44,842.18,842.18,-0.03,337.02,267443.48,-1
2025-02-27,2025-02-27 11:38:00,842.18,842.18,841.92,841.92,-0.03,337.02,267443.48,-1
2025-02-27,2025-02-27 11:39:00,841.92,841.92,841.67,841.67,-0.03,337.02,267443.48,-1
2025-02-27,2025-02-27 11:40:00,841.67,841.67,841.41,841.41,-0.03,337.02,267443.48,-1
2025-02-27,2025-02-27 11:41:00,841.41,841.41,841.15,841.15,-0.03,337.02,267443.48,-1
2025-02-27,2025-02-27 11:42:00,841.15,841.15,840.89,840.89,-0.03,337.02,267443.48,-1
2025-02-27,2025-02-27 11:43:00,840.89,840.89,840.63,840.63,-0.03,337.02,267443.48,-1
2025-02-27,2025-02-27 11:44:00,840.63,840.63,840.38,840.38,-0.03,337.02,267443.48,-1
2025-02-27,2025-02-27 11:45:00,840.38,840.38,840.12,840.12,-0.03,337.02,267443.48,-1
2025-02-27,2025-02-27 11:46:00,840.12,840.12,839.86,839.86,-0.03,337.02,267443.48,-1
2025-02-27,2025-02-27 11:47:00,839.86,839.86,839.6,839.6,-0.03,337.02,267443.48,-1
2025-02-27,2025-02-27 11:48:00,839.6,839.6,839.34,839.34,-0.03,337.02,267443.48,-1
2025-02-27,2025-02-27 11:49:00,839.34,839.34,839.08,839.08,-0.03,337.02,267443.48,-1
2025-02-27,2025-02-27 11:50:00,839.08,839.08,838.83,838.83,-0.03,337.02,267443.48,-1
2025-02-27,2025-02-27 11:51:00,838.83,838.83,838.57,838.57,-0.03,337.02,267443.48,-1
2025-02-27,2025-02-27 11:52:00,838.57,838.57,838.31,838.31,-0.03,337.02,267443.48,-1
2025-02-27,2025-02-27 11:53:00,838.31,838.31,838.05,838.05,-0.03,337.02,267443.48,-1
2025-02-27,2025-02-27 11:54:00,838.05,838.05,837.79,837.79,-0.03,337.02,267443.48,-1
2025-02-27,2025-02-27 11:55:00,837.79,837.79,837.53,837.53,-0.03,337.02,267443.48,-1
2025-02-27,2025-02-27 11:56:00,837.53,837.53,837.27,837.27,-0.03,337.02,267443.48,-1
2025-02-27,2025-02-27 11:57:00,837.27,837.27,837.02,837.02,-0.03,337.02,267443.48,-1
2025-02-27,2025-02-27 11:58:00,837.02,837.02,836.76,836.76,-0.03,337.02,267443.48,-1
2025-02-27,2025-02-27 11:59:00,836.76,836.76,836.5,836.5,-0.03,337.02,267443.48,-1
2025-02-27,2025-02-27 12:00:00,836.5,836.5,836.24,836.24,-0.03,337.02,267443.48,-1
2025-02-27,2025-02-27 12:01:00,836.24,836.24,835.98,835.98,-0.03,337.02,267443.48,-1
2025-02-27,2025-02-27 12:02:00,835.98,835.98,835.73,835.73,-0.03,337.02,267443.48,-1
2025-02-27,2025-02-27 12:03:00,835.73,835.73,835.47,835.47,-0.03,337.02,267443.48,-1
2025-02-27,2025-02-27 12:04:00,835.47,835.47,835.21,835.21,-0.03,337.02,267443.48,-1
2025-02-27,2025-02-27 12:05:00,835.21,835.21,834.95,834.95,-0.03,337.02,267443.48,-1
2025-02-27,2025-02-27 12:06:00,834.95,834.95,834.69,834.69,-0.03,337.02,267443.48,-1
2025-02-27,2025-02-27 12:07:00,834.69,834.69,834.43,834.43,-0.03,337.02,267443.48,-1
2025-02-27,2025-02-27 12:08:00,834.43,834.43,834.17,834.17,-0.03,337.02,267443.48,-1
2025-02-27,2025-02-27 12:09:00,834.17,834.17,833.92,833.92,-0.03,337.02,267443.48,-1
2025-02-27,2025-02-27 12:10:00,833.92,833.92,833.66,833.66,-0.03,337.02,267443.48,-1
2025-02-27,2025-02-27 12:11:00,833.66,833.66,833.4,833.4,-0.03,337.02,267443.48,-1
2025-02-27,2025-02-27 12:12:00,833.4,833.4,833.14,833.14,-0.03,337.02,267443.48,-1
2025-02-27,2025-02-27 12:13:00,833.14,833.14,832.88,832.88,-0.03,337.02,267443.48,-1
2025-02-27,2025-02-27 12:14:00,832.88,832.88,832.62,832.62,-0.03,337.02,267443.48,-1
2025-02-27,2025-02-27 12:15:00,832.62,832.62,832.37,832.37,-0.03,337.02,267443.48,-1
2025-02-27,2025-02-27 12:16:00,832.37,832.37,832.11,832.11,-0.03,337.02,267443.48,-1
2025-02-27,2025-02-27 12:17:00,832.11,832.11,831.85,831.85,-0.03,337.02,267443.48,-1
2025-02-27,2025-02-27 12:18:00,831.85,831.85,831.59,831.59,-0.03,337.02,267443.48,-1
2025-02-27,2025-02-27 12:19:00,831.59,831.59,831.33,831.33,-0.03,337.02,267443.48,-1
2025-02-27,2025-02-27 12:20:00,831.33,831.33,831.08,831.08,-0.03,337.02,267443.48,-1
2025-02-27,2025-02-27 12:21:00,831.08,831.08,830.82,830.82,-0.03,337.02,267443.48,-1
2025-02-27,2025-02-27 12:22:00,830.82,830.82,830.56,830.56,-0.03,337.02,267443.48,-1
2025-02-27,2025-02-27 12:23:00,830.56,830.56,830.3,830.3,-0.03,337.02,267443.48,-1
2025-02-27,2025-02-27 12:24:00,830.3,830.3,830.04,830.04,-0.03,337.02,267443.48,-1
2025-02-27,2025-02-27 12:25:00,830.04,830.04,829.78,829.78,-0.03,337.02,267443.48,-1
2025-02-27,2025-02-27 12:26:00,829.78,829.78,829.52,829.52,-0.03,337.02,267443.48,-1
2025-02-27,2025-02-27 12:27:00,829.52,829.52,829.27,829.27,-0.03,337.02,267443.48,-1
2025-02-27,2025-02-27 12:28:00,829.27,829.27,829.01,829.01,-0.03,337.02,267443.48,-1
2025-02-27,2025-02-27 12:29:00,829.01,829.01,828.75,828.75,-0.03,337.02,267443.48,-1
2025-02-27,2025-02-27 12:30:00,828.75,828.75,828.49,828.49,-0.03,337.02,267443.48,-1
2025-02-27,2025-02-27 12:31:00,828.49,828.49,828.23,828.23,-0.03,337.02,267443.48,-1
2025-02-27,2025-02-27 12:32:00,828.23,828.23,827.98,827.98,-0.03,337.02,267443.48,-1
2025-02-27,2025-02-27 12:33:00,827.98,827.98,827.72,827.72,-0.03,337.02,267443.48,-1
2025-02-27,2025-02-27 12:34:00,827.72,827.72,827.46,827.46,-0.03,337.02,267443.48,-1
2025-02-27,2025-02-27 12:35:00,827.46,827.46,827.2,827.2,-0.03,337.02,267443.48,-1
2025-02-27,2025-02-27 12:36:00,827.2,827.2,826.94,826.94,-0.03,337.02,267443.48,-1
2025-02-27,2025-02-27 12:37:00,826.94,826.94,826.68,826.68,-0.03,337.02,267443.48,-1
2025-02-27,2025-02-27 12:38:00,826.68,826.68,826.42,826.42,-0.03,337.02,267443.48,-1
2025-02-27,2025-02-27 12:39:00,826.42,826.42,826.17,826.17,-0.03,337.02,267443.48,-1
2025-02-27,2025-02-27 12:40:00,826.17,826.17,825.91,825.91,-0.03,337.02,267443.48,-1
2025-02-27,2025-02-27 12:41:00,825.91,825.91,825.65,825.65,-0.03,337.02,267443.48,-1
2025-02-27,2025-02-27 12:42:00,825.65,825.65,825.39,825.39,-0.03,337.02,267443.48,-1
2025-02-27,2025-02-27 12:43:00,825.39,825.39,825.13,825.13,-0.03,337.02,267443.48,-1
2025-02-27,2025-02-27 12:44:00,825.13,825.13,824.88,824.88,-0.03,337.02,267443.48,-1
2025-02-27,2025-02-27 12:45:00,824.88,824.88,824.62,824.62,-0.03,337.02,267443.48,-1
2025-02-27,2025-02-27 12:46:00,824.62,824.62,824.36,824.36,-0.03,337.02,267443.48,-1
2025-02-27,2025-02-27 12:47:00,824.36,824.36,824.1,824.1,-0.03,337.02,267443.48,-1
2025-02-27,2025-02-27 12:48:00,824.1,824.1,823.84,823.84,-0.03,337.02,267443.48,-1
2025-02-27,2025-02-27 12:49:00,823.84,823.84,823.58,823.58,-0.03,337.02,267443.48,-1
2025-02-27,2025-02-27 12:50:00,823.58,823.58,823.33,823.33,-0.03,337.02,267443.48,-1
2025-02-27,2025-02-27 12:51:00,823.33,823.33,823.07,823.07,-0.03,337.02,267443.48,-1
2025-02-27,2025-02-27 12:52:00,823.07,823.07,822.81,822.81,-0.03,337.02,267443.48,-1
2025-02-27,2025-02-27 12:53:00,822.81,822.81,822.55,822.55,-0.03,337.02,267443.48,-1
2025-02-27,2025-02-27 12:54:00,822.55,822.55,822.29,822.29,-0.03,337.02,267443.48,-1
2025-02-27,2025-02-27 12:55:00,822.29,822.29,822.03,822.03,-0.03,337.02,267443.48,-1
2025-02-27,2025-02-27 12:56:00,822.03,822.03,821.77,821.77,-0.03,337.02,267443.48,-1
2025-02-27,2025-02-27 12:57:00,821.77,821.77,821.52,821.52,-0.03,337.02,267443.48,-1
2025-02-27,2025-02-27 12:58:00,821.52,821.52,821.26,821.26,-0.03,337.02,267443.48,-1
2025-02-27,2025-02-27 12:59:00,821.26,821.26,821.0,821.0,-0.03,337.02,267443.48,-1
2025-02-27,2025-02-27 13:00:00,821.0,852.0,765.9,820.74,-0.03,337.02,267443.48,-1
2025-02-27,2025-02-27 13:01:00,820.74,820.74,820.48,820.48,-0.03,337.02,267443.48,-1
2025-02-27,2025-02-27 13:02:00,820.48,820.48,820.23,820.23,-0.03,337.02,267443.48,-1
2025-02-27,2025-02-27 13:03:00,820.23,820.23,819.97,819.97,-0.03,337.02,267443.48,-1
2025-02-27,2025-02-27 13:04:00,819.97,819.97,819.71,819.71,-0.03,337.02,267443.48,-1
2025-02-27,2025-02-27 13:05:00,819.71,819.71,819.45,819.45,-0.03,337.02,267443.48,-1
2025-02-27,2025-02-27 13:06:00,819.45,819.45,819.19,819.19,-0.03,337.02,267443.48,-1
2025-02-27,2025-02-27 13:07:00,819.19,819.19,818.93,818.93,-0.03,337.02,267443.48,-1
2025-02-27,2025-02-27 13:08:00,818.93,818.93,818.67,818.67,-0.03,337.02,267443.48,-1
2025-02-27,2025-02-27 13:09:00,818.67,818.67,818.42,818.42,-0.03,337.02,267443.48,-1
2025-02-27,2025-02-27 13:10:00,818.42,818.42,818.16,818.16,-0.03,337.02,267443.48,-1
2025-02-27,2025-02-27 13:11:00,818.16,818.16,817.9,817.9,-0.03,337.02,267443.48,-1
2025-02-27,2025-02-27 13:12:00,817.9,817.9,817.64,817.64,-0.03,337.02,267443.48,-1
2025-02-27,2025-02-27 13:13:00,817.64,817.64,817.38,817.38,-0.03,337.02,267443.48,-1
2025-02-27,2025-02-27 13:14:00,817.38,817.38,817.12,817.12,-0.03,337.02,267443.48,-1
2025-02-27,2025-02-27 13:15:00,817.12,817.12,816.87,816.87,-0.03,337.02,267443.48,-1
2025-02-27,2025-02-27 13:16:00,816.87,816.87,816.61,816.61,-0.03,337.02,267443.48,-1
2025-02-27,2025-02-27 13:17:00,816.61,816.61,816.35,816.35,-0.03,337.02,267443.48,-1
2025-02-27,2025-02-27 13:18:00,816.35,816.35,816.09,816.09,-0.03,337.02,267443.48,-1
2025-02-27,2025-02-27 13:19:00,816.09,816.09,815.83,815.83,-0.03,337.02,267443.48,-1
2025-02-27,2025-02-27 13:20:00,815.83,815.83,815.58,815.58,-0.03,337.02,267443.48,-1
2025-02-27,2025-02-27 13:21:00,815.58,815.58,815.32,815.32,-0.03,337.02,267443.48,-1
2025-02-27,2025-02-27 13:22:00,815.32,815.32,815.06,815.06,-0.03,337.02,267443.48,-1
2025-02-27,2025-02-27 13:23:00,815.06,815.06,814.8,814.8,-0.03,337.02,267443.48,-1
2025-02-27,2025-02-27 13:24:00,814.8,814.8,814.54,814.54,-0.03,337.02,267443.48,-1
2025-02-27,2025-02-27 13:25:00,814.54,814.54,814.28,814.28,-0.03,337.02,267443.48,-1
2025-02-27,2025-02-27 13:26:00,814.28,814.28,814.02,814.02,-0.03,337.02,267443.48,-1
2025-02-27,2025-02-27 13:27:00,814.02,814.02,813.77,813.77,-0.03,337.02,267443.48,-1
2025-02-27,2025-02-27 13:28:00,813.77,813.77,813.51,813.51,-0.03,337.02,267443.48,-1
2025-02-27,2025-02-27 13:29:00,813.51,813.51,813.25,813.25,-0.03,337.02,267443.48,-1
2025-02-27,2025-02-27 13:30:00,813.25,813.25,812.99,812.99,-0.03,337.02,267443.48,-1
2025-02-27,2025-02-27 13:31:00,812.99,812.99,812.73,812.73,-0.03,337.02,267443.48,-1
2025-02-27,2025-02-27 13:32:00,812.73,812.73,812.48,812.48,-0.03,337.02,267443.48,-1
2025-02-27,2025-02-27 13:33:00,812.48,812.48,812.22,812.22,-0.03,337.02,267443.48,-1
2025-02-27,2025-02-27 13:34:00,812.22,812.22,811.96,811.96,-0.03,337.02,267443.48,-1
2025-02-27,2025-02-27 13:35:00,811.96,811.96,811.7,811.7,-0.03,337.02,267443.48,-1
2025-02-27,2025-02-27 13:36:00,811.7,811.7,811.44,811.44,-0.03,337.02,267443.48,-1
2025-02-27,2025-02-27 13:37:00,811.44,811.44,811.18,811.18,-0.03,337.02,267443.48,-1
2025-02-27,2025-02-27 13:38:00,811.18,811.18,810.92,810.92,-0.03,337.02,267443.48,-1
2025-02-27,2025-02-27 13:39:00,810.92,810.92,810.67,810.67,-0.03,337.02,267443.48,-1
2025-02-27,2025-02-27 13:40:00,810.67,810.67,810.41,810.41,-0.03,337.02,267443.48,-1
2025-02-27,2025-02-27 13:41:00,810.41,810.41,810.15,810.15,-0.03,337.02,267443.48,-1
2025-02-27,2025-02-27 13:42:00,810.15,810.15,809.89,809.89,-0.03,337.02,267443.48,-1
2025-02-27,2025-02-27 13:43:00,809.89,809.89,809.63,809.63,-0.03,337.02,267443.48,-1
2025-02-27,2025-02-27 13:44:00,809.63,809.63,809.38,809.38,-0.03,337.02,267443.48,-1
2025-02-27,2025-02-27 13:45:00,809.38,809.38,809.12,809.12,-0.03,337.02,267443.48,-1
2025-02-27,2025-02-27 13:46:00,809.12,809.12,808.86,808.86,-0.03,337.02,267443.48,-1
2025-02-27,2025-02-27 13:47:00,808.86,808.86,808.6,808.6,-0.03,337.02,267443.48,-1
2025-02-27,2025-02-27 13:48:00,808.6,808.6,808.34,808.34,-0.03,337.02,267443.48,-1
2025-02-27,2025-02-27 13:49:00,808.34,808.34,808.08,808.08,-0.03,337.02,267443.48,-1
2025-02-27,2025-02-27 13:50:00,808.08,808.08,807.83,807.83,-0.03,337.02,267443.48,-1
2025-02-27,2025-02-27 13:51:00,807.83,807.83,807.57,807.57,-0.03,337.02,267443.48,-1
2025-02-27,2025-02-27 13:52:00,807.57,807.57,807.31,807.31,-0.03,337.02,267443.48,-1
2025-02-27,2025-02-27 13:53:00,807.31,807.31,807.05,807.05,-0.03,337.02,267443.48,-1
2025-02-27,2025-02-27 13:54:00,807.05,807.05,806.79,806.79,-0.03,337.02,267443.48,-1
2025-02-27,2025-02-27 13:55:00,806.79,806.79,806.53,806.53,-0.03,337.02,267443.48,-1
2025-02-27,2025-02-27 13:56:00,806.53,806.53,806.27,806.27,-0.03,337.02,267443.48,-1
2025-02-27,2025-02-27 13:57:00,806.27,806.27,806.02,806.02,-0.03,337.02,267443.48,-1
2025-02-27,2025-02-27 13:58:00,806.02,806.02,805.76,805.76,-0.03,337.02,267443.48,-1
2025-02-27,2025-02-27 13:59:00,805.76,805.76,805.5,805.5,-0.03,337.02,267443.48,-1
2025-02-27,2025-02-27 14:00:00,805.5,805.5,805.24,805.24,-0.03,337.02,267443.48,-1
2025-02-27,2025-02-27 14:01:00,805.24,805.24,804.98,804.98,-0.03,337.02,267443.48,-1
2025-02-27,2025-02-27 14:02:00,804.98,804.98,804.73,804.73,-0.03,337.02,267443.48,-1
2025-02-27,2025-02-27 14:03:00,804.73,804.73,804.47,804.47,-0.03,337.02,267443.48,-1
2025-02-27,2025-02-27 14:04:00,804.47,804.47,804.21,804.21,-0.03,337.02,267443.48,-1
2025-02-27,2025-02-27 14:05:00,804.21,804.21,803.95,803.95,-0.03,337.02,267443.48,-1
2025-02-27,2025-02-27 14:06:00,803.95,803.95,803.69,803.69,-0.03,337.02,267443.48,-1
2025-02-27,2025-02-27 14:07:00,803.69,803.69,803.43,803.43,-0.03,337.02,267443.48,-1
2025-02-27,2025-02-27 14:08:00,803.43,803.43,803.17,803.17,-0.03,337.02,267443.48,-1
2025-02-27,2025-02-27 14:09:00,803.17,803.17,802.92,802.92,-0.03,337.02,267443.48,-1
2025-02-27,2025-02-27 14:10:00,802.92,802.92,802.66,802.66,-0.03,337.02,267443.48,-1
2025-02-27,2025-02-27 14:11:00,802.66,802.66,802.4,802.4,-0.03,337.02,267443.48,-1
2025-02-27,2025-02-27 14:12:00,802.4,802.4,802.14,802.14,-0.03,337.02,267443.48,-1
2025-02-27,2025-02-27 14:13:00,802.14,802.14,801.88,801.88,-0.03,337.02,267443.48,-1
2025-02-27,2025-02-27 14:14:00,801.88,801.88,801.62,801.62,-0.03,337.02,267443.48,-1
2025-02-27,2025-02-27 14:15:00,801.62,801.62,801.37,801.37,-0.03,337.02,267443.48,-1
2025-02-27,2025-02-27 14:16:00,801.37,801.37,801.11,801.11,-0.03,337.02,267443.48,-1
2025-02-27,2025-02-27 14:17:00,801.11,801.11,800.85,800.85,-0.03,337.02,267443.48,-1
2025-02-27,2025-02-27 14:18:00,800.85,800.85,800.59,800.59,-0.03,337.02,267443.48,-1
2025-02-27,2025-02-27 14:19:00,800.59,800.59,800.33,800.33,-0.03,337.02,267443.48,-1
2025-02-27,2025-02-27 14:20:00,800.33,800.33,800.08,800.08,-0.03,337.02,267443.48,-1
2025-02-27,2025-02-27 14:21:00,800.08,800.08,799.82,799.82,-0.03,337.02,267443.48,-1
2025-02-27,2025-02-27 14:22:00,799.82,799.82,799.56,799.56,-0.03,337.02,267443.48,-1
2025-02-27,2025-02-27 14:23:00,799.56,799.56,799.3,799.3,-0.03,337.02,267443.48,-1
2025-02-27,2025-02-27 14:24:00,799.3,799.3,799.04,799.04,-0.03,337.02,267443.48,-1
2025-02-27,2025-02-27 14:25:00,799.04,799.04,798.78,798.78,-0.03,337.02,267443.48,-1
2025-02-27,2025-02-27 14:26:00,798.78,798.78,798.52,798.52,-0.03,337.02,267443.48,-1
2025-02-27,2025-02-27 14:27:00,798.52,798.52,798.27,798.27,-0.03,337.02,267443.48,-1
2025-02-27,2025-02-27 14:28:00,798.27,798.27,798.01,798.01,-0.03,337.02,267443.48,-1
2025-02-27,2025-02-27 14:29:00,798.01,798.01,797.75,797.75,-0.03,337.02,267443.48,-1
2025-02-27,2025-02-27 14:30:00,797.75,797.75,797.49,797.49,-0.03,337.02,267443.48,-1
2025-02-27,2025-02-27 14:31:00,797.49,797.49,797.23,797.23,-0.03,337.02,267443.48,-1
2025-02-27,2025-02-27 14:32:00,797.23,797.23,796.98,796.98,-0.03,337.02,267443.48,-1
2025-02-27,2025-02-27 14:33:00,796.98,796.98,796.72,796.72,-0.03,337.02,267443.48,-1
2025-02-27,2025-02-27 14:34:00,796.72,796.72,796.46,796.46,-0.03,337.02,267443.48,-1
2025-02-27,2025-02-27 14:35:00,796.46,796.46,796.2,796.2,-0.03,337.02,267443.48,-1
2025-02-27,2025-02-27 14:36:00,796.2,796.2,795.94,795.94,-0.03,337.02,267443.48,-1
2025-02-27,2025-02-27 14:37:00,795.94,795.94,795.68,795.68,-0.03,337.02,267443.48,-1
2025-02-27,2025-02-27 14:38:00,795.68,795.68,795.42,795.42,-0.03,337.02,267443.48,-1
2025-02-27,2025-02-27 14:39:00,795.42,795.42,795.17,795.17,-0.03,337.02,267443.48,-1
2025-02-27,2025-02-27 14:40:00,795.17,795.17,794.91,794.91,-0.03,337.02,267443.48,-1
2025-02-27,2025-02-27 14:41:00,794.91,794.91,794.65,794.65,-0.03,337.02,267443.48,-1
2025-02-27,2025-02-27 14:42:00,794.65,794.65,794.39,794.39,-0.03,337.02,267443.48,-1
2025-02-27,2025-02-27 14:43:00,794.39,794.39,794.13,794.13,-0.03,337.02,267443.48,-1
2025-02-27,2025-02-27 14:44:00,794.13,794.13,793.88,793.88,-0.03,337.02,267443.48,-1
2025-02-27,2025-02-27 14:45:00,793.88,793.88,793.62,793.62,-0.03,337.02,267443.48,-1
2025-02-27,2025-02-27 14:46:00,793.62,793.62,793.36,793.36,-0.03,337.02,267443.48,-1
2025-02-27,2025-02-27 14:47:00,793.36,793.36,793.1,793.1,-0.03,337.02,267443.48,-1
2025-02-27,2025-02-27 14:48:00,793.1,793.1,792.84,792.84,-0.03,337.02,267443.48,-1
2025-02-27,2025-02-27 14:49:00,792.84,792.84,792.58,792.58,-0.03,337.02,267443.48,-1
2025-02-27,2025-02-27 14:50:00,792.58,792.58,792.33,792.33,-0.03,337.02,267443.48,-1
2025-02-27,2025-02-27 14:51:00,792.33,792.33,792.07,792.07,-0.03,337.02,267443.48,-1
2025-02-27,2025-02-27 14:52:00,792.07,792.07,791.81,791.81,-0.03,337.02,267443.48,-1
2025-02-27,2025-02-27 14:53:00,791.81,791.81,791.55,791.55,-0.03,337.02,267443.48,-1
2025-02-27,2025-02-27 14:54:00,791.55,791.55,791.29,791.29,-0.03,337.02,267443.48,-1
2025-02-27,2025-02-27 14:55:00,791.29,791.29,791.03,791.03,-0.03,337.02,267443.48,-1
2025-02-27,2025-02-27 14:56:00,791.03,791.03,790.77,790.77,-0.03,337.02,267443.48,-1
2025-02-27,2025-02-27 14:57:00,790.77,790.77,790.52,790.52,-0.03,337.02,267443.48,-1
2025-02-27,2025-02-27 14:58:00,790.52,790.52,790.26,790.26,-0.03,337.02,267443.48,-1
2025-02-27,2025-02-27 14:59:00,790.26,790.26,790.0,790.0,-0.03,337.02,267443.48,-1
2025-02-27,2025-02-27 15:00:00,790.0,852.0,765.9,790.0,0.0,337.02,267443.48,0
2025-03-02,2025-03-02 11:00:00,805.8,805.8,792.06,805.62,-0.02,92.9,71754.06,-1
2025-03-02,2025-03-02 11:01:00,805.62,805.62,805.44,805.44,-0.02,92.9,71754.06,-1
2025-03-02,2025-03-02 11:02:00,805.44,805.44,805.26,805.26,-0.02,92.9,71754.06,-1
2025-03-02,2025-03-02 11:03:00,805.26,805.26,805.09,805.09,-0.02,92.9,71754.06,-1
2025-03-02,2025-03-02 11:04:00,805.09,805.09,804.91,804.91,-0.02,92.9,71754.06,-1
2025-03-02,2025-03-02 11:05:00,804.91,804.91,804.73,804.73,-0.02,92.9,71754.06,-1
2025-03-02,2025-03-02 11:06:00,804.73,804.73,804.55,804.55,-0.02,92.9,71754.06,-1
2025-03-02,2025-03-02 11:07:00,804.55,804.55,804.37,804.37,-0.02,92.9,71754.06,-1
2025-03-02,2025-03-02 11:08:00,804.37,804.37,804.19,804.19,-0.02,92.9,71754.06,-1
2025-03-02,2025-03-02 11:09:00,804.19,804.19,804.02,804.02,-0.02,92.9,71754.06,-1
2025-03-02,2025-03-02 11:10:00,804.02,804.02,803.84,803.84,-0.02,92.9,71754.06,-1
2025-03-02,2025-03-02 11:11:00,803.84,803.84,803.66,803.66,-0.02,92.9,71754.06,-1
2025-03-02,2025-03-02 11:12:00,803.66,803.66,803.48,803.48,-0.02,92.9,71754.06,-1
2025-03-02,2025-03-02 11:13:00,803.48,803.48,803.3,803.3,-0.02,92.9,71754.06,-1
2025-03-02,2025-03-02 11:14:00,803.3,803.3,803.12,803.12,-0.02,92.9,71754.06,-1
2025-03-02,2025-03-02 11:15:00,803.12,803.12,802.95,802.95,-0.02,92.9,71754.06,-1
2025-03-02,2025-03-02 11:16:00,802.95,802.95,802.77,802.77,-0.02,92.9,71754.06,-1
2025-03-02,2025-03-02 11:17:00,802.77,802.77,802.59,802.59,-0.02,92.9,71754.06,-1
2025-03-02,2025-03-02 11:18:00,802.59,802.59,802.41,802.41,-0.02,92.9,71754.06,-1
2025-03-02,2025-03-02 11:19:00,802.41,802.41,802.23,802.23,-0.02,92.9,71754.06,-1
2025-03-02,2025-03-02 11:20:00,802.23,802.23,802.05,802.05,-0.02,92.9,71754.06,-1
2025-03-02,2025-03-02 11:21:00,802.05,802.05,801.88,801.88,-0.02,92.9,71754.06,-1
2025-03-02,2025-03-02 11:22:00,801.88,801.88,801.7,801.7,-0.02,92.9,71754.06,-1
2025-03-02,2025-03-02 11:23:00,801.7,801.7,801.52,801.52,-0.02,92.9,71754.06,-1
2025-03-02,2025-03-02 11:24:00,801.52,801.52,801.34,801.34,-0.02,92.9,71754.06,-1
2025-03-02,2025-03-02 11:25:00,801.34,801.34,801.16,801.16,-0.02,92.9,71754.06,-1
2025-03-02,2025-03-02 11:26:00,801.16,801.16,800.99,800.99,-0.02,92.9,71754.06,-1
2025-03-02,2025-03-02 11:27:00,800.99,800.99,800.81,800.81,-0.02,92.9,71754.06,-1
2025-03-02,2025-03-02 11:28:00,800.81,800.81,800.63,800.63,-0.02,92.9,71754.06,-1
2025-03-02,2025-03-02 11:29:00,800.63,800.63,800.45,800.45,-0.02,92.9,71754.06,-1
2025-03-02,2025-03-02 11:30:00,800.45,800.45,800.27,800.27,-0.02,92.9,71754.06,-1
2025-03-02,2025-03-02 11:31:00,800.27,800.27,800.09,800.09,-0.02,92.9,71754.06,-1
2025-03-02,2025-03-02 11:32:00,800.09,800.09,799.91,799.91,-0.02,92.9,71754.06,-1
2025-03-02,2025-03-02 11:33:00,799.91,799.91,799.74,799.74,-0.02,92.9,71754.06,-1
2025-03-02,2025-03-02 11:34:00,799.74,799.74,799.56,799.56,-0.02,92.9,71754.06,-1
2025-03-02,2025-03-02 11:35:00,799.56,799.56,799.38,799.38,-0.02,92.9,71754.06,-1
2025-03-02,2025-03-02 11:36:00,799.38,799.38,799.2,799.2,-0.02,92.9,71754.06,-1
2025-03-02,2025-03-02 11:37:00,799.2,799.2,799.02,799.02,-0.02,92.9,71754.06,-1
2025-03-02,2025-03-02 11:38:00,799.02,799.02,798.84,798.84,-0.02,92.9,71754.06,-1
2025-03-02,2025-03-02 11:39:00,798.84,798.84,798.67,798.67,-0.02,92.9,71754.06,-1
2025-03-02,2025-03-02 11:40:00,798.67,798.67,798.49,798.49,-0.02,92.9,71754.06,-1
2025-03-02,2025-03-02 11:41:00,798.49,798.49,798.31,798.31,-0.02,92.9,71754.06,-1
2025-03-02,2025-03-02 11:42:00,798.31,798.31,798.13,798.13,-0.02,92.9,71754.06,-1
2025-03-02,2025-03-02 11:43:00,798.13,798.13,797.95,797.95,-0.02,92.9,71754.06,-1
2025-03-02,2025-03-02 11:44:00,797.95,797.95,797.77,797.77,-0.02,92.9,71754.06,-1
2025-03-02,2025-03-02 11:45:00,797.77,797.77,797.6,797.6,-0.02,92.9,71754.06,-1
2025-03-02,2025-03-02 11:46:00,797.6,797.6,797.42,797.42,-0.02,92.9,71754.06,-1
2025-03-02,2025-03-02 11:47:00,797.42,797.42,797.24,797.24,-0.02,92.9,71754.06,-1
2025-03-02,2025-03-02 11:48:00,797.24,797.24,797.06,797.06,-0.02,92.9,71754.06,-1
2025-03-02,2025-03-02 11:49:00,797.06,797.06,796.88,796.88,-0.02,92.9,71754.06,-1
2025-03-02,2025-03-02 11:50:00,796.88,796.88,796.7,796.7,-0.02,92.9,71754.06,-1
2025-03-02,2025-03-02 11:51:00,796.7,796.7,796.53,796.53,-0.02,92.9,71754.06,-1
2025-03-02,2025-03-02 11:52:00,796.53,796.53,796.35,796.35,-0.02,92.9,71754.06,-1
2025-03-02,2025-03-02 11:53:00,796.35,796.35,796.17,796.17,-0.02,92.9,71754.06,-1
2025-03-02,2025-03-02 11:54:00,796.17,796.17,795.99,795.99,-0.02,92.9,71754.06,-1
2025-03-02,2025-03-02 11:55:00,795.99,795.99,795.81,795.81,-0.02,92.9,71754.06,-1
2025-03-02,2025-03-02 11:56:00,795.81,795.81,795.63,795.63,-0.02,92.9,71754.06,-1
2025-03-02,2025-03-02 11:57:00,795.63,795.63,795.46,795.46,-0.02,92.9,71754.06,-1
2025-03-02,2025-03-02 11:58:00,795.46,795.46,795.28,795.28,-0.02,92.9,71754.06,-1
2025-03-02,2025-03-02 11:59:00,795.28,795.28,795.1,795.1,-0.02,92.9,71754.06,-1
2025-03-02,2025-03-02 12:00:00,795.1,795.1,794.92,794.92,-0.02,92.9,71754.06,-1
2025-03-02,2025-03-02 12:01:00,794.92,794.92,794.74,794.74,-0.02,92.9,71754.06,-1
2025-03-02,2025-03-02 12:02:00,794.74,794.74,794.56,794.56,-0.02,92.9,71754.06,-1
2025-03-02,2025-03-02 12:03:00,794.56,794.56,794.39,794.39,-0.02,92.9,71754.06,-1
2025-03-02,2025-03-02 12:04:00,794.39,794.39,794.21,794.21,-0.02,92.9,71754.06,-1
2025-03-02,2025-03-02 12:05:00,794.21,794.21,794.03,794.03,-0.02,92.9,71754.06,-1
2025-03-02,2025-03-02 12:06:00,794.03,794.03,793.85,793.85,-0.02,92.9,71754.06,-1
2025-03-02,2025-03-02 12:07:00,793.85,793.85,793.67,793.67,-0.02,92.9,71754.06,-1
2025-03-02,2025-03-02 12:08:00,793.67,793.67,793.5,793.5,-0.02,92.9,71754.06,-1
2025-03-02,2025-03-02 12:09:00,793.5,793.5,793.32,793.32,-0.02,92.9,71754.06,-1
2025-03-02,2025-03-02 12:10:00,793.32,793.32,793.14,793.14,-0.02,92.9,71754.06,-1
2025-03-02,2025-03-02 12:11:00,793.14,793.14,792.96,792.96,-0.02,92.9,71754.06,-1
2025-03-02,2025-03-02 12:12:00,792.96,792.96,792.78,792.78,-0.02,92.9,71754.06,-1
2025-03-02,2025-03-02 12:13:00,792.78,792.78,792.6,792.6,-0.02,92.9,71754.06,-1
2025-03-02,2025-03-02 12:14:00,792.6,792.6,792.42,792.42,-0.02,92.9,71754.06,-1
2025-03-02,2025-03-02 12:15:00,792.42,792.42,792.25,792.25,-0.02,92.9,71754.06,-1
2025-03-02,2025-03-02 12:16:00,792.25,792.25,792.07,792.07,-0.02,92.9,71754.06,-1
2025-03-02,2025-03-02 12:17:00,792.07,792.07,791.89,791.89,-0.02,92.9,71754.06,-1
2025-03-02,2025-03-02 12:18:00,791.89,791.89,791.71,791.71,-0.02,92.9,71754.06,-1
2025-03-02,2025-03-02 12:19:00,791.71,791.71,791.53,791.53,-0.02,92.9,71754.06,-1
2025-03-02,2025-03-02 12:20:00,791.53,791.53,791.36,791.36,-0.02,92.9,71754.06,-1
2025-03-02,2025-03-02 12:21:00,791.36,791.36,791.18,791.18,-0.02,92.9,71754.06,-1
2025-03-02,2025-03-02 12:22:00,791.18,791.18,791.0,791.0,-0.02,92.9,71754.06,-1
2025-03-02,2025-03-02 12:23:00,791.0,791.0,790.82,790.82,-0.02,92.9,71754.06,-1
2025-03-02,2025-03-02 12:24:00,790.82,790.82,790.64,790.64,-0.02,92.9,71754.06,-1
2025-03-02,2025-03-02 12:25:00,790.64,790.64,790.46,790.46,-0.02,92.9,71754.06,-1
2025-03-02,2025-03-02 12:26:00,790.46,790.46,790.28,790.28,-0.02,92.9,71754.06,-1
2025-03-02,2025-03-02 12:27:00,790.28,790.28,790.11,790.11,-0.02,92.9,71754.06,-1
2025-03-02,2025-03-02 12:28:00,790.11,790.11,789.93,789.93,-0.02,92.9,71754.06,-1
2025-03-02,2025-03-02 12:29:00,789.93,789.93,789.75,789.75,-0.02,92.9,71754.06,-1
2025-03-02,2025-03-02 12:30:00,789.75,789.75,789.57,789.57,-0.02,92.9,71754.06,-1
2025-03-02,2025-03-02 12:31:00,789.57,789.57,789.39,789.39,-0.02,92.9,71754.06,-1
2025-03-02,2025-03-02 12:32:00,789.39,789.39,789.21,789.21,-0.02,92.9,71754.06,-1
2025-03-02,2025-03-02 12:33:00,789.21,789.21,789.04,789.04,-0.02,92.9,71754.06,-1
2025-03-02,2025-03-02 12:34:00,789.04,789.04,788.86,788.86,-0.02,92.9,71754.06,-1
2025-03-02,2025-03-02 12:35:00,788.86,788.86,788.68,788.68,-0.02,92.9,71754.06,-1
2025-03-02,2025-03-02 12:36:00,788.68,788.68,788.5,788.5,-0.02,92.9,71754.06,-1
2025-03-02,2025-03-02 12:37:00,788.5,788.5,788.32,788.32,-0.02,92.9,71754.06,-1
2025-03-02,2025-03-02 12:38:00,788.32,788.32,788.14,788.14,-0.02,92.9,71754.06,-1
2025-03-02,2025-03-02 12:39:00,788.14,788.14,787.97,787.97,-0.02,92.9,71754.06,-1
2025-03-02,2025-03-02 12:40:00,787.97,787.97,787.79,787.79,-0.02,92.9,71754.06,-1
2025-03-02,2025-03-02 12:41:00,787.79,787.79,787.61,787.61,-0.02,92.9,71754.06,-1
2025-03-02,2025-03-02 12:42:00,787.61,787.61,787.43,787.43,-0.02,92.9,71754.06,-1
2025-03-02,2025-03-02 12:43:00,787.43,787.43,787.25,787.25,-0.02,92.9,71754.06,-1
2025-03-02,2025-03-02 12:44:00,787.25,787.25,787.07,787.07,-0.02,92.9,71754.06,-1
2025-03-02,2025-03-02 12:45:00,787.07,787.07,786.9,786.9,-0.02,92.9,71754.06,-1
2025-03-02,2025-03-02 12:46:00,786.9,786.9,786.72,786.72,-0.02,92.9,71754.06,-1
2025-03-02,2025-03-02 12:47:00,786.72,786.72,786.54,786.54,-0.02,92.9,71754.06,-1
2025-03-02,2025-03-02 12:48:00,786.54,786.54,786.36,786.36,-0.02,92.9,71754.06,-1
2025-03-02,2025-03-02 12:49:00,786.36,786.36,786.18,786.18,-0.02,92.9,71754.06,-1
2025-03-02,2025-03-02 12:50:00,786.18,786.18,786.0,786.0,-0.02,92.9,71754.06,-1
2025-03-02,2025-03-02 12:51:00,786.0,786.0,785.83,785.83,-0.02,92.9,71754.06,-1
2025-03-02,2025-03-02 12:52:00,785.83,785.83,785.65,785.65,-0.02,92.9,71754.06,-1
2025-03-02,2025-03-02 12:53:00,785.65,785.65,785.47,785.47,-0.02,92.9,71754.06,-1
2025-03-02,2025-03-02 12:54:00,785.47,785.47,785.29,785.29,-0.02,92.9,71754.06,-1
2025-03-02,2025-03-02 12:55:00,785.29,785.29,785.11,785.11,-0.02,92.9,71754.06,-1
2025-03-02,2025-03-02 12:56:00,785.11,785.11,784.93,784.93,-0.02,92.9,71754.06,-1
2025-03-02,2025-03-02 12:57:00,784.93,784.93,784.76,784.76,-0.02,92.9,71754.06,-1
2025-03-02,2025-03-02 12:58:00,784.76,784.76,784.58,784.58,-0.02,92.9,71754.06,-1
2025-03-02,2025-03-02 12:59:00,784.58,784.58,784.4,784.4,-0.02,92.9,71754.06,-1
2025-03-02,2025-03-02 13:00:00,784.4,805.8,760.0,784.22,-0.02,92.9,71754.06,-1
2025-03-02,2025-03-02 13:01:00,784.22,784.22,784.04,784.04,-0.02,92.9,71754.06,-1
2025-03-02,2025-03-02 13:02:00,784.04,784.04,783.87,783.87,-0.02,92.9,71754.06,-1
2025-03-02,2025-03-02 13:03:00,783.87,783.87,783.69,783.69,-0.02,92.9,71754.06,-1
2025-03-02,2025-03-02 13:04:00,783.69,783.69,783.51,783.51,-0.02,92.9,71754.06,-1
2025-03-02,2025-03-02 13:05:00,783.51,783.51,783.33,783.33,-0.02,92.9,71754.06,-1
2025-03-02,2025-03-02 13:06:00,783.33,783.33,783.15,783.15,-0.02,92.9,71754.06,-1
2025-03-02,2025-03-02 13:07:00,783.15,783.15,782.97,782.97,-0.02,92.9,71754.06,-1
2025-03-02,2025-03-02 13:08:00,782.97,782.97,782.79,782.79,-0.02,92.9,71754.06,-1
2025-03-02,2025-03-02 13:09:00,782.79,782.79,782.62,782.62,-0.02,92.9,71754.06,-1
2025-03-02,2025-03-02 13:10:00,782.62,782.62,782.44,782.44,-0.02,92.9,71754.06,-1
2025-03-02,2025-03-02 13:11:00,782.44,782.44,782.26,782.26,-0.02,92.9,71754.06,-1
2025-03-02,2025-03-02 13:12:00,782.26,782.26,782.08,782.08,-0.02,92.9,71754.06,-1
2025-03-02,2025-03-02 13:13:00,782.08,782.08,781.9,781.9,-0.02,92.9,71754.06,-1
2025-03-02,2025-03-02 13:14:00,781.9,781.9,781.73,781.73,-0.02,92.9,71754.06,-1
2025-03-02,2025-03-02 13:15:00,781.73,781.73,781.55,781.55,-0.02,92.9,71754.06,-1
2025-03-02,2025-03-02 13:16:00,781.55,781.55,781.37,781.37,-0.02,92.9,71754.06,-1
2025-03-02,2025-03-02 13:17:00,781.37,781.37,781.19,781.19,-0.02,92.9,71754.06,-1
2025-03-02,2025-03-02 13:18:00,781.19,781.19,781.01,781.01,-0.02,92.9,71754.06,-1
2025-03-02,2025-03-02 13:19:00,781.01,781.01,780.83,780.83,-0.02,92.9,71754.06,-1
2025-03-02,2025-03-02 13:20:00,780.83,780.83,780.65,780.65,-0.02,92.9,71754.06,-1
2025-03-02,2025-03-02 13:21:00,780.65,780.65,780.48,780.48,-0.02,92.9,71754.06,-1
2025-03-02,2025-03-02 13:22:00,780.48,780.48,780.3,780.3,-0.02,92.9,71754.06,-1
2025-03-02,2025-03-02 13:23:00,780.3,780.3,780.12,780.12,-0.02,92.9,71754.06,-1
2025-03-02,2025-03-02 13:24:00,780.12,780.12,779.94,779.94,-0.02,92.9,71754.06,-1
2025-03-02,2025-03-02 13:25:00,779.94,779.94,779.76,779.76,-0.02,92.9,71754.06,-1
2025-03-02,2025-03-02 13:26:00,779.76,779.76,779.59,779.59,-0.02,92.9,71754.06,-1
2025-03-02,2025-03-02 13:27:00,779.59,779.59,779.41,779.41,-0.02,92.9,71754.06,-1
2025-03-02,2025-03-02 13:28:00,779.41,779.41,779.23,779.23,-0.02,92.9,71754.06,-1
2025-03-02,2025-03-02 13:29:00,779.23,779.23,779.05,779.05,-0.02,92.9,71754.06,-1
2025-03-02,2025-03-02 13:30:00,779.05,779.05,778.87,778.87,-0.02,92.9,71754.06,-1
2025-03-02,2025-03-02 13:31:00,778.87,778.87,778.69,778.69,-0.02,92.9,71754.06,-1
2025-03-02,2025-03-02 13:32:00,778.69,778.69,778.51,778.51,-0.02,92.9,71754.06,-1
2025-03-02,2025-03-02 13:33:00,778.51,778.51,778.34,778.34,-0.02,92.9,71754.06,-1
2025-03-02,2025-03-02 13:34:00,778.34,778.34,778.16,778.16,-0.02,92.9,71754.06,-1
2025-03-02,2025-03-02 13:35:00,778.16,778.16,777.98,777.98,-0.02,92.9,71754.06,-1
2025-03-02,2025-03-02 13:36:00,777.98,777.98,777.8,777.8,-0.02,92.9,71754.06,-1
2025-03-02,2025-03-02 13:37:00,777.8,777.8,777.62,777.62,-0.02,92.9,71754.06,-1
2025-03-02,2025-03-02 13:38:00,777.62,777.62,777.44,777.44,-0.02,92.9,71754.06,-1
2025-03-02,2025-03-02 13:39:00,777.44,777.44,777.27,777.27,-0.02,92.9,71754.06,-1
2025-03-02,2025-03-02 13:40:00,777.27,777.27,777.09,777.09,-0.02,92.9,71754.06,-1
2025-03-02,2025-03-02 13:41:00,777.09,777.09,776.91,776.91,-0.02,92.9,71754.06,-1
2025-03-02,2025-03-02 13:42:00,776.91,776.91,776.73,776.73,-0.02,92.9,71754.06,-1
2025-03-02,2025-03-02 13:43:00,776.73,776.73,776.55,776.55,-0.02,92.9,71754.06,-1
2025-03-02,2025-03-02 13:44:00,776.55,776.55,776.38,776.38,-0.02,92.9,71754.06,-1
2025-03-02,2025-03-02 13:45:00,776.38,776.38,776.2,776.2,-0.02,92.9,71754.06,-1
2025-03-02,2025-03-02 13:46:00,776.2,776.2,776.02,776.02,-0.02,92.9,71754.06,-1
2025-03-02,2025-03-02 13:47:00,776.02,776.02,775.84,775.84,-0.02,92.9,71754.06,-1
2025-03-02,2025-03-02 13:48:00,775.84,775.84,775.66,775.66,-0.02,92.9,71754.06,-1
2025-03-02,2025-03-02 13:49:00,775.66,775.66,775.48,775.48,-0.02,92.9,71754.06,-1
2025-03-02,2025-03-02 13:50:00,775.48,775.48,775.3,775.3,-0.02,92.9,71754.06,-1
2025-03-02,2025-03-02 13:51:00,775.3,775.3,775.13,775.13,-0.02,92.9,71754.06,-1
2025-03-02,2025-03-02 13:52:00,775.13,775.13,774.95,774.95,-0.02,92.9,71754.06,-1
2025-03-02,2025-03-02 13:53:00,774.95,774.95,774.77,774.77,-0.02,92.9,71754.06,-1
2025-03-02,2025-03-02 13:54:00,774.77,774.77,774.59,774.59,-0.02,92.9,71754.06,-1
2025-03-02,2025-03-02 13:55:00,774.59,774.59,774.41,774.41,-0.02,92.9,71754.06,-1
2025-03-02,2025-03-02 13:56:00,774.41,774.41,774.24,774.24,-0.02,92.9,71754.06,-1
2025-03-02,2025-03-02 13:57:00,774.24,774.24,774.06,774.06,-0.02,92.9,71754.06,-1
2025-03-02,2025-03-02 13:58:00,774.06,774.06,773.88,773.88,-0.02,92.9,71754.06,-1
2025-03-02,2025-03-02 13:59:00,773.88,773.88,773.7,773.7,-0.02,92.9,71754.06,-1
2025-03-02,2025-03-02 14:00:00,773.7,773.7,773.52,773.52,-0.02,92.9,71754.06,-1
2025-03-02,2025-03-02 14:01:00,773.52,773.52,773.34,773.34,-0.02,92.9,71754.06,-1
2025-03-02,2025-03-02 14:02:00,773.34,773.34,773.16,773.16,-0.02,92.9,71754.06,-1
2025-03-02,2025-03-02 14:03:00,773.16,773.16,772.99,772.99,-0.02,92.9,71754.06,-1
2025-03-02,2025-03-02 14:04:00,772.99,772.99,772.81,772.81,-0.02,92.9,71754.06,-1
2025-03-02,2025-03-02 14:05:00,772.81,772.81,772.63,772.63,-0.02,92.9,71754.06,-1
2025-03-02,2025-03-02 14:06:00,772.63,772.63,772.45,772.45,-0.02,92.9,71754.06,-1
2025-03-02,2025-03-02 14:07:00,772.45,772.45,772.27,772.27,-0.02,92.9,71754.06,-1
2025-03-02,2025-03-02 14:08:00,772.27,772.27,772.1,772.1,-0.02,92.9,71754.06,-1
2025-03-02,2025-03-02 14:09:00,772.1,772.1,771.92,771.92,-0.02,92.9,71754.06,-1
2025-03-02,2025-03-02 14:10:00,771.92,771.92,771.74,771.74,-0.02,92.9,71754.06,-1
2025-03-02,2025-03-02 14:11:00,771.74,771.74,771.56,771.56,-0.02,92.9,71754.06,-1
2025-03-02,2025-03-02 14:12:00,771.56,771.56,771.38,771.38,-0.02,92.9,71754.06,-1
2025-03-02,2025-03-02 14:13:00,771.38,771.38,771.2,771.2,-0.02,92.9,71754.06,-1
2025-03-02,2025-03-02 14:14:00,771.2,771.2,771.02,771.02,-0.02,92.9,71754.06,-1
2025-03-02,2025-03-02 14:15:00,771.02,771.02,770.85,770.85,-0.02,92.9,71754.06,-1
2025-03-02,2025-03-02 14:16:00,770.85,770.85,770.67,770.67,-0.02,92.9,71754.06,-1
2025-03-02,2025-03-02 14:17:00,770.67,770.67,770.49,770.49,-0.02,92.9,71754.06,-1
2025-03-02,2025-03-02 14:18:00,770.49,770.49,770.31,770.31,-0.02,92.9,71754.06,-1
2025-03-02,2025-03-02 14:19:00,770.31,770.31,770.13,770.13,-0.02,92.9,71754.06,-1
2025-03-02,2025-03-02 14:20:00,770.13,770.13,769.96,769.96,-0.02,92.9,71754.06,-1
2025-03-02,2025-03-02 14:21:00,769.96,769.96,769.78,769.78,-0.02,92.9,71754.06,-1
2025-03-02,2025-03-02 14:22:00,769.78,769.78,769.6,769.6,-0.02,92.9,71754.06,-1
2025-03-02,2025-03-02 14:23:00,769.6,769.6,769.42,769.42,-0.02,92.9,71754.06,-1
2025-03-02,2025-03-02 14:24:00,769.42,769.42,769.24,769.24,-0.02,92.9,71754.06,-1
2025-03-02,2025-03-02 14:25:00,769.24,769.24,769.06,769.06,-0.02,92.9,71754.06,-1
2025-03-02,2025-03-02 14:26:00,769.06,769.06,768.88,768.88,-0.02,92.9,71754.06,-1
2025-03-02,2025-03-02 14:27:00,768.88,768.88,768.71,768.71,-0.02,92.9,71754.06,-1
2025-03-02,2025-03-02 14:28:00,768.71,768.71,768.53,768.53,-0.02,92.9,71754.06,-1
2025-03-02,2025-03-02 14:29:00,768.53,768.53,768.35,768.35,-0.02,92.9,71754.06,-1
2025-03-02,2025-03-02 14:30:00,768.35,768.35,768.17,768.17,-0.02,92.9,71754.06,-1
2025-03-02,2025-03-02 14:31:00,768.17,768.17,767.99,767.99,-0.02,92.9,71754.06,-1
2025-03-02,2025-03-02 14:32:00,767.99,767.99,767.82,767.82,-0.02,92.9,71754.06,-1
2025-03-02,2025-03-02 14:33:00,767.82,767.82,767.64,767.64,-0.02,92.9,71754.06,-1
2025-03-02,2025-03-02 14:34:00,767.64,767.64,767.46,767.46,-0.02,92.9,71754.06,-1
2025-03-02,2025-03-02 14:35:00,767.46,767.46,767.28,767.28,-0.02,92.9,71754.06,-1
2025-03-02,2025-03-02 14:36:00,767.28,767.28,767.1,767.1,-0.02,92.9,71754.06,-1
2025-03-02,2025-03-02 14:37:00,767.1,767.1,766.92,766.92,-0.02,92.9,71754.06,-1
2025-03-02,2025-03-02 14:38:00,766.92,766.92,766.75,766.75,-0.02,92.9,71754.06,-1
2025-03-02,2025-03-02 14:39:00,766.75,766.75,766.57,766.57,-0.02,92.9,71754.06,-1
2025-03-02,2025-03-02 14:40:00,766.57,766.57,766.39,766.39,-0.02,92.9,71754.06,-1
2025-03-02,2025-03-02 14:41:00,766.39,766.39,766.21,766.21,-0.02,92.9,71754.06,-1
2025-03-02,2025-03-02 14:42:00,766.21,766.21,766.03,766.03,-0.02,92.9,71754.06,-1
2025-03-02,2025-03-02 14:43:00,766.03,766.03,765.85,765.85,-0.02,92.9,71754.06,-1
2025-03-02,2025-03-02 14:44:00,765.85,765.85,765.67,765.67,-0.02,92.9,71754.06,-1
2025-03-02,2025-03-02 14:45:00,765.67,765.67,765.5,765.5,-0.02,92.9,71754.06,-1
2025-03-02,2025-03-02 14:46:00,765.5,765.5,765.32,765.32,-0.02,92.9,71754.06,-1
2025-03-02,2025-03-02 14:47:00,765.32,765.32,765.14,765.14,-0.02,92.9,71754.06,-1
2025-03-02,2025-03-02 14:48:00,765.14,765.14,764.96,764.96,-0.02,92.9,71754.06,-1
2025-03-02,2025-03-02 14:49:00,764.96,764.96,764.78,764.78,-0.02,92.9,71754.06,-1
2025-03-02,2025-03-02 14:50:00,764.78,764.78,764.61,764.61,-0.02,92.9,71754.06,-1
2025-03-02,2025-03-02 14:51:00,764.61,764.61,764.43,764.43,-0.02,92.9,71754.06,-1
2025-03-02,2025-03-02 14:52:00,764.43,764.43,764.25,764.25,-0.02,92.9,71754.06,-1
2025-03-02,2025-03-02 14:53:00,764.25,764.25,764.07,764.07,-0.02,92.9,71754.06,-1
2025-03-02,2025-03-02 14:54:00,764.07,764.07,763.89,763.89,-0.02,92.9,71754.06,-1
2025-03-02,2025-03-02 14:55:00,763.89,763.89,763.71,763.71,-0.02,92.9,71754.06,-1
2025-03-02,2025-03-02 14:56:00,763.71,763.71,763.53,763.53,-0.02,92.9,71754.06,-1
2025-03-02,2025-03-02 14:57:00,763.53,763.53,763.36,763.36,-0.02,92.9,71754.06,-1
2025-03-02,2025-03-02 14:58:00,763.36,763.36,763.18,763.18,-0.02,92.9,71754.06,-1
2025-03-02,2025-03-02 14:59:00,763.18,763.18,763.0,763.0,-0.02,92.9,71754.06,-1
2025-03-02,2025-03-02 15:00:00,763.0,805.8,760.0,763.0,0.0,92.9,71754.06,0
2025-03-03,2025-03-03 11:00:00,765.0,772.5,741.51,764.79,-0.03,401.74,290370.22,-1
2025-03-03,2025-03-03 11:01:00,764.79,764.79,764.58,764.58,-0.03,401.74,290370.22,-1
2025-03-03,2025-03-03 11:02:00,764.58,764.58,764.36,764.36,-0.03,401.74,290370.22,-1
2025-03-03,2025-03-03 11:03:00,764.36,764.36,764.15,764.15,-0.03,401.74,290370.22,-1
2025-03-03,2025-03-03 11:04:00,764.15,764.15,763.94,763.94,-0.03,401.74,290370.22,-1
2025-03-03,2025-03-03 11:05:00,763.94,763.94,763.73,763.73,-0.03,401.74,290370.22,-1
2025-03-03,2025-03-03 11:06:00,763.73,763.73,763.51,763.51,-0.03,401.74,290370.22,-1
2025-03-03,2025-03-03 11:07:00,763.51,763.51,763.3,763.3,-0.03,401.74,290370.22,-1
2025-03-03,2025-03-03 11:08:00,763.3,763.3,763.09,763.09,-0.03,401.74,290370.22,-1
2025-03-03,2025-03-03 11:09:00,763.09,763.09,762.88,762.88,-0.03,401.74,290370.22,-1
2025-03-03,2025-03-03 11:10:00,762.88,762.88,762.66,762.66,-0.03,401.74,290370.22,-1
2025-03-03,2025-03-03 11:11:00,762.66,762.66,762.45,762.45,-0.03,401.74,290370.22,-1
2025-03-03,2025-03-03 11:12:00,762.45,762.45,762.24,762.24,-0.03,401.74,290370.22,-1
2025-03-03,2025-03-03 11:13:00,762.24,762.24,762.02,762.02,-0.03,401.74,290370.22,-1
2025-03-03,2025-03-03 11:14:00,762.02,762.02,761.81,761.81,-0.03,401.74,290370.22,-1
2025-03-03,2025-03-03 11:15:00,761.81,761.81,761.6,761.6,-0.03,401.74,290370.22,-1
2025-03-03,2025-03-03 11:16:00,761.6,761.6,761.39,761.39,-0.03,401.74,290370.22,-1
2025-03-03,2025-03-03 11:17:00,761.39,761.39,761.17,761.17,-0.03,401.74,290370.22,-1
2025-03-03,2025-03-03 11:18:00,761.17,761.17,760.96,760.96,-0.03,401.74,290370.22,-1
2025-03-03,2025-03-03 11:19:00,760.96,760.96,760.75,760.75,-0.03,401.74,290370.22,-1
2025-03-03,2025-03-03 11:20:00,760.75,760.75,760.54,760.54,-0.03,401.74,290370.22,-1
2025-03-03,2025-03-03 11:21:00,760.54,760.54,760.33,760.33,-0.03,401.74,290370.22,-1
2025-03-03,2025-03-03 11:22:00,760.33,760.33,760.11,760.11,-0.03,401.74,290370.22,-1
2025-03-03,2025-03-03 11:23:00,760.11,760.11,759.9,759.9,-0.03,401.74,290370.22,-1
2025-03-03,2025-03-03 11:24:00,759.9,759.9,759.69,759.69,-0.03,401.74,290370.22,-1
2025-03-03,2025-03-03 11:25:00,759.69,759.69,759.48,759.48,-0.03,401.74,290370.22,-1
2025-03-03,2025-03-03 11:26:00,759.48,759.48,759.26,759.26,-0.03,401.74,290370.22,-1
2025-03-03,2025-03-03 11:27:00,759.26,759.26,759.05,759.05,-0.03,401.74,290370.22,-1
2025-03-03,2025-03-03 11:28:00,759.05,759.05,758.84,758.84,-0.03,401.74,290370.22,-1
2025-03-03,2025-03-03 11:29:00,758.84,758.84,758.62,758.62,-0.03,401.74,290370.22,-1
2025-03-03,2025-03-03 11:30:00,758.62,758.62,758.41,758.41,-0.03,401.74,290370.22,-1
2025-03-03,2025-03-03 11:31:00,758.41,758.41,758.2,758.2,-0.03,401.74,290370.22,-1
2025-03-03,2025-03-03 11:32:00,758.2,758.2,757.99,757.99,-0.03,401.74,290370.22,-1
2025-03-03,2025-03-03 11:33:00,757.99,757.99,757.77,757.77,-0.03,401.74,290370.22,-1
2025-03-03,2025-03-03 11:34:00,757.77,757.77,757.56,757.56,-0.03,401.74,290370.22,-1
2025-03-03,2025-03-03 11:35:00,757.56,757.56,757.35,757.35,-0.03,401.74,290370.22,-1
2025-03-03,2025-03-03 11:36:00,757.35,757.35,757.14,757.14,-0.03,401.74,290370.22,-1
2025-03-03,2025-03-03 11:37:00,757.14,757.14,756.92,756.92,-0.03,401.74,290370.22,-1
2025-03-03,2025-03-03 11:38:00,756.92,756.92,756.71,756.71,-0.03,401.74,290370.22,-1
2025-03-03,2025-03-03 11:39:00,756.71,756.71,756.5,756.5,-0.03,401.74,290370.22,-1
2025-03-03,2025-03-03 11:40:00,756.5,756.5,756.29,756.29,-0.03,401.74,290370.22,-1
2025-03-03,2025-03-03 11:41:00,756.29,756.29,756.08,756.08,-0.03,401.74,290370.22,-1
2025-03-03,2025-03-03 11:42:00,756.08,756.08,755.86,755.86,-0.03,401.74,290370.22,-1
2025-03-03,2025-03-03 11:43:00,755.86,755.86,755.65,755.65,-0.03,401.74,290370.22,-1
2025-03-03,2025-03-03 11:44:00,755.65,755.65,755.44,755.44,-0.03,401.74,290370.22,-1
2025-03-03,2025-03-03 11:45:00,755.44,755.44,755.23,755.23,-0.03,401.74,290370.22,-1
2025-03-03,2025-03-03 11:46:00,755.23,755.23,755.01,755.01,-0.03,401.74,290370.22,-1
2025-03-03,2025-03-03 11:47:00,755.01,755.01,754.8,754.8,-0.03,401.74,290370.22,-1
2025-03-03,2025-03-03 11:48:00,754.8,754.8,754.59,754.59,-0.03,401.74,290370.22,-1
2025-03-03,2025-03-03 11:49:00,754.59,754.59,754.38,754.38,-0.03,401.74,290370.22,-1
2025-03-03,2025-03-03 11:50:00,754.38,754.38,754.16,754.16,-0.03,401.74,290370.22,-1
2025-03-03,2025-03-03 11:51:00,754.16,754.16,753.95,753.95,-0.03,401.74,290370.22,-1
2025-03-03,2025-03-03 11:52:00,753.95,753.95,753.74,753.74,-0.03,401.74,290370.22,-1
2025-03-03,2025-03-03 11:53:00,753.74,753.74,753.52,753.52,-0.03,401.74,290370.22,-1
2025-03-03,2025-03-03 11:54:00,753.52,753.52,753.31,753.31,-0.03,401.74,290370.22,-1
2025-03-03,2025-03-03 11:55:00,753.31,753.31,753.1,753.1,-0.03,401.74,290370.22,-1
2025-03-03,2025-03-03 11:56:00,753.1,753.1,752.89,752.89,-0.03,401.74,290370.22,-1
2025-03-03,2025-03-03 11:57:00,752.89,752.89,752.67,752.67,-0.03,401.74,290370.22,-1
2025-03-03,2025-03-03 11:58:00,752.67,752.67,752.46,752.46,-0.03,401.74,290370.22,-1
2025-03-03,2025-03-03 11:59:00,752.46,752.46,752.25,752.25,-0.03,401.74,290370.22,-1
2025-03-03,2025-03-03 12:00:00,752.25,752.25,752.04,752.04,-0.03,401.74,290370.22,-1
2025-03-03,2025-03-03 12:01:00,752.04,752.04,751.83,751.83,-0.03,401.74,290370.22,-1
2025-03-03,2025-03-03 12:02:00,751.83,751.83,751.61,751.61,-0.03,401.74,290370.22,-1
2025-03-03,2025-03-03 12:03:00,751.61,751.61,751.4,751.4,-0.03,401.74,290370.22,-1
2025-03-03,2025-03-03 12:04:00,751.4,751.4,751.19,751.19,-0.03,401.74,290370.22,-1
2025-03-03,2025-03-03 12:05:00,751.19,751.19,750.98,750.98,-0.03,401.74,290370.22,-1
2025-03-03,2025-03-03 12:06:00,750.98,750.98,750.76,750.76,-0.03,401.74,290370.22,-1
2025-03-03,2025-03-03 12:07:00,750.76,750.76,750.55,750.55,-0.03,401.74,290370.22,-1
2025-03-03,2025-03-03 12:08:00,750.55,750.55,750.34,750.34,-0.03,401.74,290370.22,-1
2025-03-03,2025-03-03 12:09:00,750.34,750.34,750.12,750.12,-0.03,401.74,290370.22,-1
2025-03-03,2025-03-03 12:10:00,750.12,750.12,749.91,749.91,-0.03,401.74,290370.22,-1
2025-03-03,2025-03-03 12:11:00,749.91,749.91,749.7,749.7,-0.03,401.74,290370.22,-1
2025-03-03,2025-03-03 12:12:00,749.7,749.7,749.49,749.49,-0.03,401.74,290370.22,-1
2025-03-03,2025-03-03 12:13:00,749.49,749.49,749.27,749.27,-0.03,401.74,290370.22,-1
2025-03-03,2025-03-03 12:14:00,749.27,749.27,749.06,749.06,-0.03,401.74,290370.22,-1
2025-03-03,2025-03-03 12:15:00,749.06,749.06,748.85,748.85,-0.03,401.74,290370.22,-1
2025-03-03,2025-03-03 12:16:00,748.85,748.85,748.64,748.64,-0.03,401.74,290370.22,-1
2025-03-03,2025-03-03 12:17:00,748.64,748.64,748.42,748.42,-0.03,401.74,290370.22,-1
2025-03-03,2025-03-03 12:18:00,748.42,748.42,748.21,748.21,-0.03,401.74,290370.22,-1
2025-03-03,2025-03-03 12:19:00,748.21,748.21,748.0,748.0,-0.03,401.74,290370.22,-1
2025-03-03,2025-03-03 12:20:00,748.0,748.0,747.79,747.79,-0.03,401.74,290370.22,-1
2025-03-03,2025-03-03 12:21:00,747.79,747.79,747.58,747.58,-0.03,401.74,290370.22,-1
2025-03-03,2025-03-03 12:22:00,747.58,747.58,747.36,747.36,-0.03,401.74,290370.22,-1
2025-03-03,2025-03-03 12:23:00,747.36,747.36,747.15,747.15,-0.03,401.74,290370.22,-1
2025-03-03,2025-03-03 12:24:00,747.15,747.15,746.94,746.94,-0.03,401.74,290370.22,-1
2025-03-03,2025-03-03 12:25:00,746.94,746.94,746.73,746.73,-0.03,401.74,290370.22,-1
2025-03-03,2025-03-03 12:26:00,746.73,746.73,746.51,746.51,-0.03,401.74,290370.22,-1
2025-03-03,2025-03-03 12:27:00,746.51,746.51,746.3,746.3,-0.03,401.74,290370.22,-1
2025-03-03,2025-03-03 12:28:00,746.3,746.3,746.09,746.09,-0.03,401.74,290370.22,-1
2025-03-03,2025-03-03 12:29:00,746.09,746.09,745.88,745.88,-0.03,401.74,290370.22,-1
2025-03-03,2025-03-03 12:30:00,745.88,745.88,745.66,745.66,-0.03,401.74,290370.22,-1
2025-03-03,2025-03-03 12:31:00,745.66,745.66,745.45,745.45,-0.03,401.74,290370.22,-1
2025-03-03,2025-03-03 12:32:00,745.45,745.45,745.24,745.24,-0.03,401.74,290370.22,-1
2025-03-03,2025-03-03 12:33:00,745.24,745.24,745.02,745.02,-0.03,401.74,290370.22,-1
2025-03-03,2025-03-03 12:34:00,745.02,745.02,744.81,744.81,-0.03,401.74,290370.22,-1
2025-03-03,2025-03-03 12:35:00,744.81,744.81,744.6,744.6,-0.03,401.74,290370.22,-1
2025-03-03,2025-03-03 12:36:00,744.6,744.6,744.39,744.39,-0.03,401.74,290370.22,-1
2025-03-03,2025-03-03 12:37:00,744.39,744.39,744.17,744.17,-0.03,401.74,290370.22,-1
2025-03-03,2025-03-03 12:38:00,744.17,744.17,743.96,743.96,-0.03,401.74,290370.22,-1
2025-03-03,2025-03-03 12:39:00,743.96,743.96,743.75,743.75,-0.03,401.74,290370.22,-1
2025-03-03,2025-03-03 12:40:00,743.75,743.75,743.54,743.54,-0.03,401.74,290370.22,-1
2025-03-03,2025-03-03 12:41:00,743.54,743.54,743.33,743.33,-0.03,401.74,290370.22,-1
2025-03-03,2025-03-03 12:42:00,743.33,743.33,743.11,743.11,-0.03,401.74,290370.22,-1
2025-03-03,2025-03-03 12:43:00,743.11,743.11,742.9,742.9,-0.03,401.74,290370.22,-1
2025-03-03,2025-03-03 12:44:00,742.9,742.9,742.69,742.69,-0.03,401.74,290370.22,-1
2025-03-03,2025-03-03 12:45:00,742.69,742.69,742.48,742.48,-0.03,401.74,290370.22,-1
2025-03-03,2025-03-03 12:46:00,742.48,742.48,742.26,742.26,-0.03,401.74,290370.22,-1
2025-03-03,2025-03-03 12:47:00,742.26,742.26,742.05,742.05,-0.03,401.74,290370.22,-1
2025-03-03,2025-03-03 12:48:00,742.05,742.05,741.84,741.84,-0.03,401.74,290370.22,-1
2025-03-03,2025-03-03 12:49:00,741.84,741.84,741.62,741.62,-0.03,401.74,290370.22,-1
2025-03-03,2025-03-03 12:50:00,741.62,741.62,741.41,741.41,-0.03,401.74,290370.22,-1
2025-03-03,2025-03-03 12:51:00,741.41,741.41,741.2,741.2,-0.03,401.74,290370.22,-1
2025-03-03,2025-03-03 12:52:00,741.2,741.2,740.99,740.99,-0.03,401.74,290370.22,-1
2025-03-03,2025-03-03 12:53:00,740.99,740.99,740.77,740.77,-0.03,401.74,290370.22,-1
2025-03-03,2025-03-03 12:54:00,740.77,740.77,740.56,740.56,-0.03,401.74,290370.22,-1
2025-03-03,2025-03-03 12:55:00,740.56,740.56,740.35,740.35,-0.03,401.74,290370.22,-1
2025-03-03,2025-03-03 12:56:00,740.35,740.35,740.14,740.14,-0.03,401.74,290370.22,-1
2025-03-03,2025-03-03 12:57:00,740.14,740.14,739.92,739.92,-0.03,401.74,290370.22,-1
2025-03-03,2025-03-03 12:58:00,739.92,739.92,739.71,739.71,-0.03,401.74,290370.22,-1
2025-03-03,2025-03-03 12:59:00,739.71,739.71,739.5,739.5,-0.03,401.74,290370.22,-1
2025-03-03,2025-03-03 13:00:00,739.5,790.0,686.7,739.29,-0.03,401.74,290370.22,-1
2025-03-03,2025-03-03 13:01:00,739.29,739.29,739.08,739.08,-0.03,401.74,290370.22,-1
2025-03-03,2025-03-03 13:02:00,739.08,739.08,738.86,738.86,-0.03,401.74,290370.22,-1
2025-03-03,2025-03-03 13:03:00,738.86,738.86,738.65,738.65,-0.03,401.74,290370.22,-1
2025-03-03,2025-03-03 13:04:00,738.65,738.65,738.44,738.44,-0.03,401.74,290370.22,-1
2025-03-03,2025-03-03 13:05:00,738.44,738.44,738.23,738.23,-0.03,401.74,290370.22,-1
2025-03-03,2025-03-03 13:06:00,738.23,738.23,738.01,738.01,-0.03,401.74,290370.22,-1
2025-03-03,2025-03-03 13:07:00,738.01,738.01,737.8,737.8,-0.03,401.74,290370.22,-1
2025-03-03,2025-03-03 13:08:00,737.8,737.8,737.59,737.59,-0.03,401.74,290370.22,-1
2025-03-03,2025-03-03 13:09:00,737.59,737.59,737.38,737.38,-0.03,401.74,290370.22,-1
2025-03-03,2025-03-03 13:10:00,737.38,737.38,737.16,737.16,-0.03,401.74,290370.22,-1
2025-03-03,2025-03-03 13:11:00,737.16,737.16,736.95,736.95,-0.03,401.74,290370.22,-1
2025-03-03,2025-03-03 13:12:00,736.95,736.95,736.74,736.74,-0.03,401.74,290370.22,-1
2025-03-03,2025-03-03 13:13:00,736.74,736.74,736.52,736.52,-0.03,401.74,290370.22,-1
2025-03-03,2025-03-03 13:14:00,736.52,736.52,736.31,736.31,-0.03,401.74,290370.22,-1
2025-03-03,2025-03-03 13:15:00,736.31,736.31,736.1,736.1,-0.03,401.74,290370.22,-1
2025-03-03,2025-03-03 13:16:00,736.1,736.1,735.89,735.89,-0.03,401.74,290370.22,-1
2025-03-03,2025-03-03 13:17:00,735.89,735.89,735.67,735.67,-0.03,401.74,290370.22,-1
2025-03-03,2025-03-03 13:18:00,735.67,735.67,735.46,735.46,-0.03,401.74,290370.22,-1
2025-03-03,2025-03-03 13:19:00,735.46,735.46,735.25,735.25,-0.03,401.74,290370.22,-1
2025-03-03,2025-03-03 13:20:00,735.25,735.25,735.04,735.04,-0.03,401.74,290370.22,-1
2025-03-03,2025-03-03 13:21:00,735.04,735.04,734.83,734.83,-0.03,401.74,290370.22,-1
2025-03-03,2025-03-03 13:22:00,734.83,734.83,734.61,734.61,-0.03,401.74,290370.22,-1
2025-03-03,2025-03-03 13:23:00,734.61,734.61,734.4,734.4,-0.03,401.74,290370.22,-1
2025-03-03,2025-03-03 13:24:00,734.4,734.4,734.19,734.19,-0.03,401.74,290370.22,-1
2025-03-03,2025-03-03 13:25:00,734.19,734.19,733.98,733.98,-0.03,401.74,290370.22,-1
2025-03-03,2025-03-03 13:26:00,733.98,733.98,733.76,733.76,-0.03,401.74,290370.22,-1
2025-03-03,2025-03-03 13:27:00,733.76,733.76,733.55,733.55,-0.03,401.74,290370.22,-1
2025-03-03,2025-03-03 13:28:00,733.55,733.55,733.34,733.34,-0.03,401.74,290370.22,-1
2025-03-03,2025-03-03 13:29:00,733.34,733.34,733.12,733.12,-0.03,401.74,290370.22,-1
2025-03-03,2025-03-03 13:30:00,733.12,733.12,732.91,732.91,-0.03,401.74,290370.22,-1
2025-03-03,2025-03-03 13:31:00,732.91,732.91,732.7,732.7,-0.03,401.74,290370.22,-1
2025-03-03,2025-03-03 13:32:00,732.7,732.7,732.49,732.49,-0.03,401.74,290370.22,-1
2025-03-03,2025-03-03 13:33:00,732.49,732.49,732.27,732.27,-0.03,401.74,290370.22,-1
2025-03-03,2025-03-03 13:34:00,732.27,732.27,732.06,732.06,-0.03,401.74,290370.22,-1
2025-03-03,2025-03-03 13:35:00,732.06,732.06,731.85,731.85,-0.03,401.74,290370.22,-1
2025-03-03,2025-03-03 13:36:00,731.85,731.85,731.64,731.64,-0.03,401.74,290370.22,-1
2025-03-03,2025-03-03 13:37:00,731.64,731.64,731.42,731.42,-0.03,401.74,290370.22,-1
2025-03-03,2025-03-03 13:38:00,731.42,731.42,731.21,731.21,-0.03,401.74,290370.22,-1
2025-03-03,2025-03-03 13:39:00,731.21,731.21,731.0,731.0,-0.03,401.74,290370.22,-1
2025-03-03,2025-03-03 13:40:00,731.0,731.0,730.79,730.79,-0.03,401.74,290370.22,-1
2025-03-03,2025-03-03 13:41:00,730.79,730.79,730.58,730.58,-0.03,401.74,290370.22,-1
2025-03-03,2025-03-03 13:42:00,730.58,730.58,730.36,730.36,-0.03,401.74,290370.22,-1
2025-03-03,2025-03-03 13:43:00,730.36,730.36,730.15,730.15,-0.03,401.74,290370.22,-1
2025-03-03,2025-03-03 13:44:00,730.15,730.15,729.94,729.94,-0.03,401.74,290370.22,-1
2025-03-03,2025-03-03 13:45:00,729.94,729.94,729.73,729.73,-0.03,401.74,290370.22,-1
2025-03-03,2025-03-03 13:46:00,729.73,729.73,729.51,729.51,-0.03,401.74,290370.22,-1
2025-03-03,2025-03-03 13:47:00,729.51,729.51,729.3,729.3,-0.03,401.74,290370.22,-1
2025-03-03,2025-03-03 13:48:00,729.3,729.3,729.09,729.09,-0.03,401.74,290370.22,-1
2025-03-03,2025-03-03 13:49:00,729.09,729.09,728.88,728.88,-0.03,401.74,290370.22,-1
2025-03-03,2025-03-03 13:50:00,728.88,728.88,728.66,728.66,-0.03,401.74,290370.22,-1
2025-03-03,2025-03-03 13:51:00,728.66,728.66,728.45,728.45,-0.03,401.74,290370.22,-1
2025-03-03,2025-03-03 13:52:00,728.45,728.45,728.24,728.24,-0.03,401.74,290370.22,-1
2025-03-03,2025-03-03 13:53:00,728.24,728.24,728.02,728.02,-0.03,401.74,290370.22,-1
2025-03-03,2025-03-03 13:54:00,728.02,728.02,727.81,727.81,-0.03,401.74,290370.22,-1
2025-03-03,2025-03-03 13:55:00,727.81,727.81,727.6,727.6,-0.03,401.74,290370.22,-1
2025-03-03,2025-03-03 13:56:00,727.6,727.6,727.39,727.39,-0.03,401.74,290370.22,-1
2025-03-03,2025-03-03 13:57:00,727.39,727.39,727.17,727.17,-0.03,401.74,290370.22,-1
2025-03-03,2025-03-03 13:58:00,727.17,727.17,726.96,726.96,-0.03,401.74,290370.22,-1
2025-03-03,2025-03-03 13:59:00,726.96,726.96,726.75,726.75,-0.03,401.74,290370.22,-1
2025-03-03,2025-03-03 14:00:00,726.75,726.75,726.54,726.54,-0.03,401.74,290370.22,-1
2025-03-03,2025-03-03 14:01:00,726.54,726.54,726.33,726.33,-0.03,401.74,290370.22,-1
2025-03-03,2025-03-03 14:02:00,726.33,726.33,726.11,726.11,-0.03,401.74,290370.22,-1
2025-03-03,2025-03-03 14:03:00,726.11,726.11,725.9,725.9,-0.03,401.74,290370.22,-1
2025-03-03,2025-03-03 14:04:00,725.9,725.9,725.69,725.69,-0.03,401.74,290370.22,-1
2025-03-03,2025-03-03 14:05:00,725.69,725.69,725.48,725.48,-0.03,401.74,290370.22,-1
2025-03-03,2025-03-03 14:06:00,725.48,725.48,725.26,725.26,-0.03,401.74,290370.22,-1
2025-03-03,2025-03-03 14:07:00,725.26,725.26,725.05,725.05,-0.03,401.74,290370.22,-1
2025-03-03,2025-03-03 14:08:00,725.05,725.05,724.84,724.84,-0.03,401.74,290370.22,-1
2025-03-03,2025-03-03 14:09:00,724.84,724.84,724.62,724.62,-0.03,401.74,290370.22,-1
2025-03-03,2025-03-03 14:10:00,724.62,724.62,724.41,724.41,-0.03,401.74,290370.22,-1
2025-03-03,2025-03-03 14:11:00,724.41,724.41,724.2,724.2,-0.03,401.74,290370.22,-1
2025-03-03,2025-03-03 14:12:00,724.2,724.2,723.99,723.99,-0.03,401.74,290370.22,-1
2025-03-03,2025-03-03 14:13:00,723.99,723.99,723.77,723.77,-0.03,401.74,290370.22,-1
2025-03-03,2025-03-03 14:14:00,723.77,723.77,723.56,723.56,-0.03,401.74,290370.22,-1
2025-03-03,2025-03-03 14:15:00,723.56,723.56,723.35,723.35,-0.03,401.74,290370.22,-1
2025-03-03,2025-03-03 14:16:00,723.35,723.35,723.14,723.14,-0.03,401.74,290370.22,-1
2025-03-03,2025-03-03 14:17:00,723.14,723.14,722.92,722.92,-0.03,401.74,290370.22,-1
2025-03-03,2025-03-03 14:18:00,722.92,722.92,722.71,722.71,-0.03,401.74,290370.22,-1
2025-03-03,2025-03-03 14:19:00,722.71,722.71,722.5,722.5,-0.03,401.74,290370.22,-1
2025-03-03,2025-03-03 14:20:00,722.5,722.5,722.29,722.29,-0.03,401.74,290370.22,-1
2025-03-03,2025-03-03 14:21:00,722.29,722.29,722.08,722.08,-0.03,401.74,290370.22,-1
2025-03-03,2025-03-03 14:22:00,722.08,722.08,721.86,721.86,-0.03,401.74,290370.22,-1
2025-03-03,2025-03-03 14:23:00,721.86,721.86,721.65,721.65,-0.03,401.74,290370.22,-1
2025-03-03,2025-03-03 14:24:00,721.65,721.65,721.44,721.44,-0.03,401.74,290370.22,-1
2025-03-03,2025-03-03 14:25:00,721.44,721.44,721.23,721.23,-0.03,401.74,290370.22,-1
2025-03-03,2025-03-03 14:26:00,721.23,721.23,721.01,721.01,-0.03,401.74,290370.22,-1
2025-03-03,2025-03-03 14:27:00,721.01,721.01,720.8,720.8,-0.03,401.74,290370.22,-1
2025-03-03,2025-03-03 14:28:00,720.8,720.8,720.59,720.59,-0.03,401.74,290370.22,-1
2025-03-03,2025-03-03 14:29:00,720.59,720.59,720.38,720.38,-0.03,401.74,290370.22,-1
2025-03-03,2025-03-03 14:30:00,720.38,720.38,720.16,720.16,-0.03,401.74,290370.22,-1
2025-03-03,2025-03-03 14:31:00,720.16,720.16,719.95,719.95,-0.03,401.74,290370.22,-1
2025-03-03,2025-03-03 14:32:00,719.95,719.95,719.74,719.74,-0.03,401.74,290370.22,-1
2025-03-03,2025-03-03 14:33:00,719.74,719.74,719.52,719.52,-0.03,401.74,290370.22,-1
2025-03-03,2025-03-03 14:34:00,719.52,719.52,719.31,719.31,-0.03,401.74,290370.22,-1
2025-03-03,2025-03-03 14:35:00,719.31,719.31,719.1,719.1,-0.03,401.74,290370.22,-1
2025-03-03,2025-03-03 14:36:00,719.1,719.1,718.89,718.89,-0.03,401.74,290370.22,-1
2025-03-03,2025-03-03 14:37:00,718.89,718.89,718.67,718.67,-0.03,401.74,290370.22,-1
2025-03-03,2025-03-03 14:38:00,718.67,718.67,718.46,718.46,-0.03,401.74,290370.22,-1
2025-03-03,2025-03-03 14:39:00,718.46,718.46,718.25,718.25,-0.03,401.74,290370.22,-1
2025-03-03,2025-03-03 14:40:00,718.25,718.25,718.04,718.04,-0.03,401.74,290370.22,-1
2025-03-03,2025-03-03 14:41:00,718.04,718.04,717.83,717.83,-0.03,401.74,290370.22,-1
2025-03-03,2025-03-03 14:42:00,717.83,717.83,717.61,717.61,-0.03,401.74,290370.22,-1
2025-03-03,2025-03-03 14:43:00,717.61,717.61,717.4,717.4,-0.03,401.74,290370.22,-1
2025-03-03,2025-03-03 14:44:00,717.4,717.4,717.19,717.19,-0.03,401.74,290370.22,-1
2025-03-03,2025-03-03 14:45:00,717.19,717.19,716.98,716.98,-0.03,401.74,290370.22,-1
2025-03-03,2025-03-03 14:46:00,716.98,716.98,716.76,716.76,-0.03,401.74,290370.22,-1
2025-03-03,2025-03-03 14:47:00,716.76,716.76,716.55,716.55,-0.03,401.74,290370.22,-1
2025-03-03,2025-03-03 14:48:00,716.55,716.55,716.34,716.34,-0.03,401.74,290370.22,-1
2025-03-03,2025-03-03 14:49:00,716.34,716.34,716.12,716.12,-0.03,401.74,290370.22,-1
2025-03-03,2025-03-03 14:50:00,716.12,716.12,715.91,715.91,-0.03,401.74,290370.22,-1
2025-03-03,2025-03-03 14:51:00,715.91,715.91,715.7,715.7,-0.03,401.74,290370.22,-1
2025-03-03,2025-03-03 14:52:00,715.7,715.7,715.49,715.49,-0.03,401.74,290370.22,-1
2025-03-03,2025-03-03 14:53:00,715.49,715.49,715.27,715.27,-0.03,401.74,290370.22,-1
2025-03-03,2025-03-03 14:54:00,715.27,715.27,715.06,715.06,-0.03,401.74,290370.22,-1
2025-03-03,2025-03-03 14:55:00,715.06,715.06,714.85,714.85,-0.03,401.74,290370.22,-1
2025-03-03,2025-03-03 14:56:00,714.85,714.85,714.64,714.64,-0.03,401.74,290370.22,-1
2025-03-03,2025-03-03 14:57:00,714.64,714.64,714.42,714.42,-0.03,401.74,290370.22,-1
2025-03-03,2025-03-03 14:58:00,714.42,714.42,714.21,714.21,-0.03,401.74,290370.22,-1
2025-03-03,2025-03-03 14:59:00,714.21,714.21,714.0,714.0,-0.03,401.74,290370.22,-1
2025-03-03,2025-03-03 15:00:00,714.0,790.0,686.7,714.0,0.0,401.74,290370.22,0
2025-03-04,2025-03-04 11:00:00,715.0,720.1,707.53,714.95,-0.01,171.68,121503.08,-1
2025-03-04,2025-03-04 11:01:00,714.95,714.95,714.89,714.89,-0.01,171.68,121503.08,-1
2025-03-04,2025-03-04 11:02:00,714.89,714.89,714.84,714.84,-0.01,171.68,121503.08,-1
2025-03-04,2025-03-04 11:03:00,714.84,714.84,714.79,714.79,-0.01,171.68,121503.08,-1
2025-03-04,2025-03-04 11:04:00,714.79,714.79,714.74,714.74,-0.01,171.68,121503.08,-1
2025-03-04,2025-03-04 11:05:00,714.74,714.74,714.68,714.68,-0.01,171.68,121503.08,-1
2025-03-04,2025-03-04 11:06:00,714.68,714.68,714.63,714.63,-0.01,171.68,121503.08,-1
2025-03-04,2025-03-04 11:07:00,714.63,714.63,714.58,714.58,-0.01,171.68,121503.08,-1
2025-03-04,2025-03-04 11:08:00,714.58,714.58,714.52,714.52,-0.01,171.68,121503.08,-1
2025-03-04,2025-03-04 11:09:00,714.52,714.52,714.47,714.47,-0.01,171.68,121503.08,-1
2025-03-04,2025-03-04 11:10:00,714.47,714.47,714.42,714.42,-0.01,171.68,121503.08,-1
2025-03-04,2025-03-04 11:11:00,714.42,714.42,714.37,714.37,-0.01,171.68,121503.08,-1
2025-03-04,2025-03-04 11:12:00,714.37,714.37,714.31,714.31,-0.01,171.68,121503.08,-1
2025-03-04,2025-03-04 11:13:00,714.31,714.31,714.26,714.26,-0.01,171.68,121503.08,-1
2025-03-04,2025-03-04 11:14:00,714.26,714.26,714.21,714.21,-0.01,171.68,121503.08,-1
2025-03-04,2025-03-04 11:15:00,714.21,714.21,714.15,714.15,-0.01,171.68,121503.08,-1
2025-03-04,2025-03-04 11:16:00,714.15,714.15,714.1,714.1,-0.01,171.68,121503.08,-1
2025-03-04,2025-03-04 11:17:00,714.1,714.1,714.05,714.05,-0.01,171.68,121503.08,-1
2025-03-04,2025-03-04 11:18:00,714.05,714.05,713.99,713.99,-0.01,171.68,121503.08,-1
2025-03-04,2025-03-04 11:19:00,713.99,713.99,713.94,713.94,-0.01,171.68,121503.08,-1
2025-03-04,2025-03-04 11:20:00,713.94,713.94,713.89,713.89,-0.01,171.68,121503.08,-1
2025-03-04,2025-03-04 11:21:00,713.89,713.89,713.84,713.84,-0.01,171.68,121503.08,-1
2025-03-04,2025-03-04 11:22:00,713.84,713.84,713.78,713.78,-0.01,171.68,121503.08,-1
2025-03-04,2025-03-04 11:23:00,713.78,713.78,713.73,713.73,-0.01,171.68,121503.08,-1
2025-03-04,2025-03-04 11:24:00,713.73,713.73,713.68,713.68,-0.01,171.68,121503.08,-1
2025-03-04,2025-03-04 11:25:00,713.68,713.68,713.62,713.62,-0.01,171.68,121503.08,-1
2025-03-04,2025-03-04 11:26:00,713.62,713.62,713.57,713.57,-0.01,171.68,121503.08,-1
2025-03-04,2025-03-04 11:27:00,713.57,713.57,713.52,713.52,-0.01,171.68,121503.08,-1
2025-03-04,2025-03-04 11:28:00,713.52,713.52,713.47,713.47,-0.01,171.68,121503.08,-1
2025-03-04,2025-03-04 11:29:00,713.47,713.47,713.41,713.41,-0.01,171.68,121503.08,-1
2025-03-04,2025-03-04 11:30:00,713.41,713.41,713.36,713.36,-0.01,171.68,121503.08,-1
2025-03-04,2025-03-04 11:31:00,713.36,713.36,713.31,713.31,-0.01,171.68,121503.08,-1
2025-03-04,2025-03-04 11:32:00,713.31,713.31,713.25,713.25,-0.01,171.68,121503.08,-1
2025-03-04,2025-03-04 11:33:00,713.25,713.25,713.2,713.2,-0.01,171.68,121503.08,-1
2025-03-04,2025-03-04 11:34:00,713.2,713.2,713.15,713.15,-0.01,171.68,121503.08,-1
2025-03-04,2025-03-04 11:35:00,713.15,713.15,713.1,713.1,-0.01,171.68,121503.08,-1
2025-03-04,2025-03-04 11:36:00,713.1,713.1,713.04,713.04,-0.01,171.68,121503.08,-1
2025-03-04,2025-03-04 11:37:00,713.04,713.04,712.99,712.99,-0.01,171.68,121503.08,-1
2025-03-04,2025-03-04 11:38:00,712.99,712.99,712.94,712.94,-0.01,171.68,121503.08,-1
2025-03-04,2025-03-04 11:39:00,712.94,712.94,712.88,712.88,-0.01,171.68,121503.08,-1
2025-03-04,2025-03-04 11:40:00,712.88,712.88,712.83,712.83,-0.01,171.68,121503.08,-1
2025-03-04,2025-03-04 11:41:00,712.83,712.83,712.78,712.78,-0.01,171.68,121503.08,-1
2025-03-04,2025-03-04 11:42:00,712.78,712.78,712.72,712.72,-0.01,171.68,121503.08,-1
2025-03-04,2025-03-04 11:43:00,712.72,712.72,712.67,712.67,-0.01,171.68,121503.08,-1
2025-03-04,2025-03-04 11:44:00,712.67,712.67,712.62,712.62,-0.01,171.68,121503.08,-1
2025-03-04,2025-03-04 11:45:00,712.62,712.62,712.57,712.57,-0.01,171.68,121503.08,-1
2025-03-04,2025-03-04 11:46:00,712.57,712.57,712.51,712.51,-0.01,171.68,121503.08,-1
2025-03-04,2025-03-04 11:47:00,712.51,712.51,712.46,712.46,-0.01,171.68,121503.08,-1
2025-03-04,2025-03-04 11:48:00,712.46,712.46,712.41,712.41,-0.01,171.68,121503.08,-1
2025-03-04,2025-03-04 11:49:00,712.41,712.41,712.35,712.35,-0.01,171.68,121503.08,-1
2025-03-04,2025-03-04 11:50:00,712.35,712.35,712.3,712.3,-0.01,171.68,121503.08,-1
2025-03-04,2025-03-04 11:51:00,712.3,712.3,712.25,712.25,-0.01,171.68,121503.08,-1
2025-03-04,2025-03-04 11:52:00,712.25,712.25,712.2,712.2,-0.01,171.68,121503.08,-1
2025-03-04,2025-03-04 11:53:00,712.2,712.2,712.14,712.14,-0.01,171.68,121503.08,-1
2025-03-04,2025-03-04 11:54:00,712.14,712.14,712.09,712.09,-0.01,171.68,121503.08,-1
2025-03-04,2025-03-04 11:55:00,712.09,712.09,712.04,712.04,-0.01,171.68,121503.08,-1
2025-03-04,2025-03-04 11:56:00,712.04,712.04,711.98,711.98,-0.01,171.68,121503.08,-1
2025-03-04,2025-03-04 11:57:00,711.98,711.98,711.93,711.93,-0.01,171.68,121503.08,-1
2025-03-04,2025-03-04 11:58:00,711.93,711.93,711.88,711.88,-0.01,171.68,121503.08,-1
2025-03-04,2025-03-04 11:59:00,711.88,711.88,711.83,711.83,-0.01,171.68,121503.08,-1
2025-03-04,2025-03-04 12:00:00,711.83,711.83,711.77,711.77,-0.01,171.68,121503.08,-1
2025-03-04,2025-03-04 12:01:00,711.77,711.77,711.72,711.72,-0.01,171.68,121503.08,-1
2025-03-04,2025-03-04 12:02:00,711.72,711.72,711.67,711.67,-0.01,171.68,121503.08,-1
2025-03-04,2025-03-04 12:03:00,711.67,711.67,711.61,711.61,-0.01,171.68,121503.08,-1
2025-03-04,2025-03-04 12:04:00,711.61,711.61,711.56,711.56,-0.01,171.68,121503.08,-1
2025-03-04,2025-03-04 12:05:00,711.56,711.56,711.51,711.51,-0.01,171.68,121503.08,-1
2025-03-04,2025-03-04 12:06:00,711.51,711.51,711.45,711.45,-0.01,171.68,121503.08,-1
2025-03-04,2025-03-04 12:07:00,711.45,711.45,711.4,711.4,-0.01,171.68,121503.08,-1
2025-03-04,2025-03-04 12:08:00,711.4,711.4,711.35,711.35,-0.01,171.68,121503.08,-1
2025-03-04,2025-03-04 12:09:00,711.35,711.35,711.3,711.3,-0.01,171.68,121503.08,-1
2025-03-04,2025-03-04 12:10:00,711.3,711.3,711.24,711.24,-0.01,171.68,121503.08,-1
2025-03-04,2025-03-04 12:11:00,711.24,711.24,711.19,711.19,-0.01,171.68,121503.08,-1
2025-03-04,2025-03-04 12:12:00,711.19,711.19,711.14,711.14,-0.01,171.68,121503.08,-1
2025-03-04,2025-03-04 12:13:00,711.14,711.14,711.08,711.08,-0.01,171.68,121503.08,-1
2025-03-04,2025-03-04 12:14:00,711.08,711.08,711.03,711.03,-0.01,171.68,121503.08,-1
2025-03-04,2025-03-04 12:15:00,711.03,711.03,710.98,710.98,-0.01,171.68,121503.08,-1
2025-03-04,2025-03-04 12:16:00,710.98,710.98,710.93,710.93,-0.01,171.68,121503.08,-1
2025-03-04,2025-03-04 12:17:00,710.93,710.93,710.87,710.87,-0.01,171.68,121503.08,-1
2025-03-04,2025-03-04 12:18:00,710.87,710.87,710.82,710.82,-0.01,171.68,121503.08,-1
2025-03-04,2025-03-04 12:19:00,710.82,710.82,710.77,710.77,-0.01,171.68,121503.08,-1
2025-03-04,2025-03-04 12:20:00,710.77,710.77,710.71,710.71,-0.01,171.68,121503.08,-1
2025-03-04,2025-03-04 12:21:00,710.71,710.71,710.66,710.66,-0.01,171.68,121503.08,-1
2025-03-04,2025-03-04 12:22:00,710.66,710.66,710.61,710.61,-0.01,171.68,121503.08,-1
2025-03-04,2025-03-04 12:23:00,710.61,710.61,710.55,710.55,-0.01,171.68,121503.08,-1
2025-03-04,2025-03-04 12:24:00,710.55,710.55,710.5,710.5,-0.01,171.68,121503.08,-1
2025-03-04,2025-03-04 12:25:00,710.5,710.5,710.45,710.45,-0.01,171.68,121503.08,-1
2025-03-04,2025-03-04 12:26:00,710.45,710.45,710.4,710.4,-0.01,171.68,121503.08,-1
2025-03-04,2025-03-04 12:27:00,710.4,710.4,710.34,710.34,-0.01,171.68,121503.08,-1
2025-03-04,2025-03-04 12:28:00,710.34,710.34,710.29,710.29,-0.01,171.68,121503.08,-1
2025-03-04,2025-03-04 12:29:00,710.29,710.29,710.24,710.24,-0.01,171.68,121503.08,-1
2025-03-04,2025-03-04 12:30:00,710.24,710.24,710.18,710.18,-0.01,171.68,121503.08,-1
2025-03-04,2025-03-04 12:31:00,710.18,710.18,710.13,710.13,-0.01,171.68,121503.08,-1
2025-03-04,2025-03-04 12:32:00,710.13,710.13,710.08,710.08,-0.01,171.68,121503.08,-1
2025-03-04,2025-03-04 12:33:00,710.08,710.08,710.03,710.03,-0.01,171.68,121503.08,-1
2025-03-04,2025-03-04 12:34:00,710.03,710.03,709.97,709.97,-0.01,171.68,121503.08,-1
2025-03-04,2025-03-04 12:35:00,709.97,709.97,709.92,709.92,-0.01,171.68,121503.08,-1
2025-03-04,2025-03-04 12:36:00,709.92,709.92,709.87,709.87,-0.01,171.68,121503.08,-1
2025-03-04,2025-03-04 12:37:00,709.87,709.87,709.81,709.81,-0.01,171.68,121503.08,-1
2025-03-04,2025-03-04 12:38:00,709.81,709.81,709.76,709.76,-0.01,171.68,121503.08,-1
2025-03-04,2025-03-04 12:39:00,709.76,709.76,709.71,709.71,-0.01,171.68,121503.08,-1
2025-03-04,2025-03-04 12:40:00,709.71,709.71,709.66,709.66,-0.01,171.68,121503.08,-1
2025-03-04,2025-03-04 12:41:00,709.66,709.66,709.6,709.6,-0.01,171.68,121503.08,-1
2025-03-04,2025-03-04 12:42:00,709.6,709.6,709.55,709.55,-0.01,171.68,121503.08,-1
2025-03-04,2025-03-04 12:43:00,709.55,709.55,709.5,709.5,-0.01,171.68,121503.08,-1
2025-03-04,2025-03-04 12:44:00,709.5,709.5,709.44,709.44,-0.01,171.68,121503.08,-1
2025-03-04,2025-03-04 12:45:00,709.44,709.44,709.39,709.39,-0.01,171.68,121503.08,-1
2025-03-04,2025-03-04 12:46:00,709.39,709.39,709.34,709.34,-0.01,171.68,121503.08,-1
2025-03-04,2025-03-04 12:47:00,709.34,709.34,709.28,709.28,-0.01,171.68,121503.08,-1
2025-03-04,2025-03-04 12:48:00,709.28,709.28,709.23,709.23,-0.01,171.68,121503.08,-1
2025-03-04,2025-03-04 12:49:00,709.23,709.23,709.18,709.18,-0.01,171.68,121503.08,-1
2025-03-04,2025-03-04 12:50:00,709.18,709.18,709.13,709.13,-0.01,171.68,121503.08,-1
2025-03-04,2025-03-04 12:51:00,709.13,709.13,709.07,709.07,-0.01,171.68,121503.08,-1
2025-03-04,2025-03-04 12:52:00,709.07,709.07,709.02,709.02,-0.01,171.68,121503.08,-1
2025-03-04,2025-03-04 12:53:00,709.02,709.02,708.97,708.97,-0.01,171.68,121503.08,-1
2025-03-04,2025-03-04 12:54:00,708.97,708.97,708.91,708.91,-0.01,171.68,121503.08,-1
2025-03-04,2025-03-04 12:55:00,708.91,708.91,708.86,708.86,-0.01,171.68,121503.08,-1
2025-03-04,2025-03-04 12:56:00,708.86,708.86,708.81,708.81,-0.01,171.68,121503.08,-1
2025-03-04,2025-03-04 12:57:00,708.81,708.81,708.76,708.76,-0.01,171.68,121503.08,-1
2025-03-04,2025-03-04 12:58:00,708.76,708.76,708.7,708.7,-0.01,171.68,121503.08,-1
2025-03-04,2025-03-04 12:59:00,708.7,708.7,708.65,708.65,-0.01,171.68,121503.08,-1
2025-03-04,2025-03-04 13:00:00,708.65,732.0,690.1,708.6,-0.01,171.68,121503.08,-1
2025-03-04,2025-03-04 13:01:00,708.6,708.6,708.54,708.54,-0.01,171.68,121503.08,-1
2025-03-04,2025-03-04 13:02:00,708.54,708.54,708.49,708.49,-0.01,171.68,121503.08,-1
2025-03-04,2025-03-04 13:03:00,708.49,708.49,708.44,708.44,-0.01,171.68,121503.08,-1
2025-03-04,2025-03-04 13:04:00,708.44,708.44,708.39,708.39,-0.01,171.68,121503.08,-1
2025-03-04,2025-03-04 13:05:00,708.39,708.39,708.33,708.33,-0.01,171.68,121503.08,-1
2025-03-04,2025-03-04 13:06:00,708.33,708.33,708.28,708.28,-0.01,171.68,121503.08,-1
2025-03-04,2025-03-04 13:07:00,708.28,708.28,708.23,708.23,-0.01,171.68,121503.08,-1
2025-03-04,2025-03-04 13:08:00,708.23,708.23,708.17,708.17,-0.01,171.68,121503.08,-1
2025-03-04,2025-03-04 13:09:00,708.17,708.17,708.12,708.12,-0.01,171.68,121503.08,-1
2025-03-04,2025-03-04 13:10:00,708.12,708.12,708.07,708.07,-0.01,171.68,121503.08,-1
2025-03-04,2025-03-04 13:11:00,708.07,708.07,708.01,708.01,-0.01,171.68,121503.08,-1
2025-03-04,2025-03-04 13:12:00,708.01,708.01,707.96,707.96,-0.01,171.68,121503.08,-1
2025-03-04,2025-03-04 13:13:00,707.96,707.96,707.91,707.91,-0.01,171.68,121503.08,-1
2025-03-04,2025-03-04 13:14:00,707.91,707.91,707.86,707.86,-0.01,171.68,121503.08,-1
2025-03-04,2025-03-04 13:15:00,707.86,707.86,707.8,707.8,-0.01,171.68,121503.08,-1
2025-03-04,2025-03-04 13:16:00,707.8,707.8,707.75,707.75,-0.01,171.68,121503.08,-1
2025-03-04,2025-03-04 13:17:00,707.75,707.75,707.7,707.7,-0.01,171.68,121503.08,-1
2025-03-04,2025-03-04 13:18:00,707.7,707.7,707.64,707.64,-0.01,171.68,121503.08,-1
2025-03-04,2025-03-04 13:19:00,707.64,707.64,707.59,707.59,-0.01,171.68,121503.08,-1
2025-03-04,2025-03-04 13:20:00,707.59,707.59,707.54,707.54,-0.01,171.68,121503.08,-1
2025-03-04,2025-03-04 13:21:00,707.54,707.54,707.49,707.49,-0.01,171.68,121503.08,-1
2025-03-04,2025-03-04 13:22:00,707.49,707.49,707.43,707.43,-0.01,171.68,121503.08,-1
2025-03-04,2025-03-04 13:23:00,707.43,707.43,707.38,707.38,-0.01,171.68,121503.08,-1
2025-03-04,2025-03-04 13:24:00,707.38,707.38,707.33,707.33,-0.01,171.68,121503.08,-1
2025-03-04,2025-03-04 13:25:00,707.33,707.33,707.27,707.27,-0.01,171.68,121503.08,-1
2025-03-04,2025-03-04 13:26:00,707.27,707.27,707.22,707.22,-0.01,171.68,121503.08,-1
2025-03-04,2025-03-04 13:27:00,707.22,707.22,707.17,707.17,-0.01,171.68,121503.08,-1
2025-03-04,2025-03-04 13:28:00,707.17,707.17,707.12,707.12,-0.01,171.68,121503.08,-1
2025-03-04,2025-03-04 13:29:00,707.12,707.12,707.06,707.06,-0.01,171.68,121503.08,-1
2025-03-04,2025-03-04 13:30:00,707.06,707.06,707.01,707.01,-0.01,171.68,121503.08,-1
2025-03-04,2025-03-04 13:31:00,707.01,707.01,706.96,706.96,-0.01,171.68,121503.08,-1
2025-03-04,2025-03-04 13:32:00,706.96,706.96,706.9,706.9,-0.01,171.68,121503.08,-1
2025-03-04,2025-03-04 13:33:00,706.9,706.9,706.85,706.85,-0.01,171.68,121503.08,-1
2025-03-04,2025-03-04 13:34:00,706.85,706.85,706.8,706.8,-0.01,171.68,121503.08,-1
2025-03-04,2025-03-04 13:35:00,706.8,706.8,706.75,706.75,-0.01,171.68,121503.08,-1
2025-03-04,2025-03-04 13:36:00,706.75,706.75,706.69,706.69,-0.01,171.68,121503.08,-1
2025-03-04,2025-03-04 13:37:00,706.69,706.69,706.64,706.64,-0.01,171.68,121503.08,-1
2025-03-04,2025-03-04 13:38:00,706.64,706.64,706.59,706.59,-0.01,171.68,121503.08,-1
2025-03-04,2025-03-04 13:39:00,706.59,706.59,706.53,706.53,-0.01,171.68,121503.08,-1
2025-03-04,2025-03-04 13:40:00,706.53,706.53,706.48,706.48,-0.01,171.68,121503.08,-1
2025-03-04,2025-03-04 13:41:00,706.48,706.48,706.43,706.43,-0.01,171.68,121503.08,-1
2025-03-04,2025-03-04 13:42:00,706.43,706.43,706.37,706.37,-0.01,171.68,121503.08,-1
2025-03-04,2025-03-04 13:43:00,706.37,706.37,706.32,706.32,-0.01,171.68,121503.08,-1
2025-03-04,2025-03-04 13:44:00,706.32,706.32,706.27,706.27,-0.01,171.68,121503.08,-1
2025-03-04,2025-03-04 13:45:00,706.27,706.27,706.22,706.22,-0.01,171.68,121503.08,-1
2025-03-04,2025-03-04 13:46:00,706.22,706.22,706.16,706.16,-0.01,171.68,121503.08,-1
2025-03-04,2025-03-04 13:47:00,706.16,706.16,706.11,706.11,-0.01,171.68,121503.08,-1
2025-03-04,2025-03-04 13:48:00,706.11,706.11,706.06,706.06,-0.01,171.68,121503.08,-1
2025-03-04,2025-03-04 13:49:00,706.06,706.06,706.0,706.0,-0.01,171.68,121503.08,-1
2025-03-04,2025-03-04 13:50:00,706.0,706.0,705.95,705.95,-0.01,171.68,121503.08,-1
2025-03-04,2025-03-04 13:51:00,705.95,705.95,705.9,705.9,-0.01,171.68,121503.08,-1
2025-03-04,2025-03-04 13:52:00,705.9,705.9,705.85,705.85,-0.01,171.68,121503.08,-1
2025-03-04,2025-03-04 13:53:00,705.85,705.85,705.79,705.79,-0.01,171.68,121503.08,-1
2025-03-04,2025-03-04 13:54:00,705.79,705.79,705.74,705.74,-0.01,171.68,121503.08,-1
2025-03-04,2025-03-04 13:55:00,705.74,705.74,705.69,705.69,-0.01,171.68,121503.08,-1
2025-03-04,2025-03-04 13:56:00,705.69,705.69,705.63,705.63,-0.01,171.68,121503.08,-1
2025-03-04,2025-03-04 13:57:00,705.63,705.63,705.58,705.58,-0.01,171.68,121503.08,-1
2025-03-04,2025-03-04 13:58:00,705.58,705.58,705.53,705.53,-0.01,171.68,121503.08,-1
2025-03-04,2025-03-04 13:59:00,705.53,705.53,705.47,705.47,-0.01,171.68,121503.08,-1
2025-03-04,2025-03-04 14:00:00,705.47,705.47,705.42,705.42,-0.01,171.68,121503.08,-1
2025-03-04,2025-03-04 14:01:00,705.42,705.42,705.37,705.37,-0.01,171.68,121503.08,-1
2025-03-04,2025-03-04 14:02:00,705.37,705.37,705.32,705.32,-0.01,171.68,121503.08,-1
2025-03-04,2025-03-04 14:03:00,705.32,705.32,705.26,705.26,-0.01,171.68,121503.08,-1
2025-03-04,2025-03-04 14:04:00,705.26,705.26,705.21,705.21,-0.01,171.68,121503.08,-1
2025-03-04,2025-03-04 14:05:00,705.21,705.21,705.16,705.16,-0.01,171.68,121503.08,-1
2025-03-04,2025-03-04 14:06:00,705.16,705.16,705.1,705.1,-0.01,171.68,121503.08,-1
2025-03-04,2025-03-04 14:07:00,705.1,705.1,705.05,705.05,-0.01,171.68,121503.08,-1
2025-03-04,2025-03-04 14:08:00,705.05,705.05,705.0,705.0,-0.01,171.68,121503.08,-1
2025-03-04,2025-03-04 14:09:00,705.0,705.0,704.95,704.95,-0.01,171.68,121503.08,-1
2025-03-04,2025-03-04 14:10:00,704.95,704.95,704.89,704.89,-0.01,171.68,121503.08,-1
2025-03-04,2025-03-04 14:11:00,704.89,704.89,704.84,704.84,-0.01,171.68,121503.08,-1
2025-03-04,2025-03-04 14:12:00,704.84,704.84,704.79,704.79,-0.01,171.68,121503.08,-1
2025-03-04,2025-03-04 14:13:00,704.79,704.79,704.73,704.73,-0.01,171.68,121503.08,-1
2025-03-04,2025-03-04 14:14:00,704.73,704.73,704.68,704.68,-0.01,171.68,121503.08,-1
2025-03-04,2025-03-04 14:15:00,704.68,704.68,704.63,704.63,-0.01,171.68,121503.08,-1
2025-03-04,2025-03-04 14:16:00,704.63,704.63,704.58,704.58,-0.01,171.68,121503.08,-1
2025-03-04,2025-03-04 14:17:00,704.58,704.58,704.52,704.52,-0.01,171.68,121503.08,-1
2025-03-04,2025-03-04 14:18:00,704.52,704.52,704.47,704.47,-0.01,171.68,121503.08,-1
2025-03-04,2025-03-04 14:19:00,704.47,704.47,704.42,704.42,-0.01,171.68,121503.08,-1
2025-03-04,2025-03-04 14:20:00,704.42,704.42,704.36,704.36,-0.01,171.68,121503.08,-1
2025-03-04,2025-03-04 14:21:00,704.36,704.36,704.31,704.31,-0.01,171.68,121503.08,-1
2025-03-04,2025-03-04 14:22:00,704.31,704.31,704.26,704.26,-0.01,171.68,121503.08,-1
2025-03-04,2025-03-04 14:23:00,704.26,704.26,704.2,704.2,-0.01,171.68,121503.08,-1
2025-03-04,2025-03-04 14:24:00,704.2,704.2,704.15,704.15,-0.01,171.68,121503.08,-1
2025-03-04,2025-03-04 14:25:00,704.15,704.15,704.1,704.1,-0.01,171.68,121503.08,-1
2025-03-04,2025-03-04 14:26:00,704.1,704.1,704.05,704.05,-0.01,171.68,121503.08,-1
2025-03-04,2025-03-04 14:27:00,704.05,704.05,703.99,703.99,-0.01,171.68,121503.08,-1
2025-03-04,2025-03-04 14:28:00,703.99,703.99,703.94,703.94,-0.01,171.68,121503.08,-1
2025-03-04,2025-03-04 14:29:00,703.94,703.94,703.89,703.89,-0.01,171.68,121503.08,-1
2025-03-04,2025-03-04 14:30:00,703.89,703.89,703.83,703.83,-0.01,171.68,121503.08,-1
2025-03-04,2025-03-04 14:31:00,703.83,703.83,703.78,703.78,-0.01,171.68,121503.08,-1
2025-03-04,2025-03-04 14:32:00,703.78,703.78,703.73,703.73,-0.01,171.68,121503.08,-1
2025-03-04,2025-03-04 14:33:00,703.73,703.73,703.68,703.68,-0.01,171.68,121503.08,-1
2025-03-04,2025-03-04 14:34:00,703.68,703.68,703.62,703.62,-0.01,171.68,121503.08,-1
2025-03-04,2025-03-04 14:35:00,703.62,703.62,703.57,703.57,-0.01,171.68,121503.08,-1
2025-03-04,2025-03-04 14:36:00,703.57,703.57,703.52,703.52,-0.01,171.68,121503.08,-1
2025-03-04,2025-03-04 14:37:00,703.52,703.52,703.46,703.46,-0.01,171.68,121503.08,-1
2025-03-04,2025-03-04 14:38:00,703.46,703.46,703.41,703.41,-0.01,171.68,121503.08,-1
2025-03-04,2025-03-04 14:39:00,703.41,703.41,703.36,703.36,-0.01,171.68,121503.08,-1
2025-03-04,2025-03-04 14:40:00,703.36,703.36,703.31,703.31,-0.01,171.68,121503.08,-1
2025-03-04,2025-03-04 14:41:00,703.31,703.31,703.25,703.25,-0.01,171.68,121503.08,-1
2025-03-04,2025-03-04 14:42:00,703.25,703.25,703.2,703.2,-0.01,171.68,121503.08,-1
2025-03-04,2025-03-04 14:43:00,703.2,703.2,703.15,703.15,-0.01,171.68,121503.08,-1
2025-03-04,2025-03-04 14:44:00,703.15,703.15,703.09,703.09,-0.01,171.68,121503.08,-1
2025-03-04,2025-03-04 14:45:00,703.09,703.09,703.04,703.04,-0.01,171.68,121503.08,-1
2025-03-04,2025-03-04 14:46:00,703.04,703.04,702.99,702.99,-0.01,171.68,121503.08,-1
2025-03-04,2025-03-04 14:47:00,702.99,702.99,702.93,702.93,-0.01,171.68,121503.08,-1
2025-03-04,2025-03-04 14:48:00,702.93,702.93,702.88,702.88,-0.01,171.68,121503.08,-1
2025-03-04,2025-03-04 14:49:00,702.88,702.88,702.83,702.83,-0.01,171.68,121503.08,-1
2025-03-04,2025-03-04 14:50:00,702.83,702.83,702.78,702.78,-0.01,171.68,121503.08,-1
2025-03-04,2025-03-04 14:51:00,702.78,702.78,702.72,702.72,-0.01,171.68,121503.08,-1
2025-03-04,2025-03-04 14:52:00,702.72,702.72,702.67,702.67,-0.01,171.68,121503.08,-1
2025-03-04,2025-03-04 14:53:00,702.67,702.67,702.62,702.62,-0.01,171.68,121503.08,-1
2025-03-04,2025-03-04 14:54:00,702.62,702.62,702.56,702.56,-0.01,171.68,121503.08,-1
2025-03-04,2025-03-04 14:55:00,702.56,702.56,702.51,702.51,-0.01,171.68,121503.08,-1
2025-03-04,2025-03-04 14:56:00,702.51,702.51,702.46,702.46,-0.01,171.68,121503.08,-1
2025-03-04,2025-03-04 14:57:00,702.46,702.46,702.41,702.41,-0.01,171.68,121503.08,-1
2025-03-04,2025-03-04 14:58:00,702.41,702.41,702.35,702.35,-0.01,171.68,121503.08,-1
2025-03-04,2025-03-04 14:59:00,702.35,702.35,702.3,702.3,-0.01,171.68,121503.08,-1
2025-03-04,2025-03-04 15:00:00,702.3,732.0,690.1,702.3,0.0,171.68,121503.08,0
2025-03-05,2025-03-05 11:00:00,715.0,719.29,701.05,714.84,-0.02,197.66,136294.23,-1
2025-03-05,2025-03-05 11:01:00,714.84,714.84,714.67,714.67,-0.02,197.66,136294.23,-1
2025-03-05,2025-03-05 11:02:00,714.67,714.67,714.51,714.51,-0.02,197.66,136294.23,-1
2025-03-05,2025-03-05 11:03:00,714.51,714.51,714.35,714.35,-0.02,197.66,136294.23,-1
2025-03-05,2025-03-05 11:04:00,714.35,714.35,714.19,714.19,-0.02,197.66,136294.23,-1
2025-03-05,2025-03-05 11:05:00,714.19,714.19,714.02,714.02,-0.02,197.66,136294.23,-1
2025-03-05,2025-03-05 11:06:00,714.02,714.02,713.86,713.86,-0.02,197.66,136294.23,-1
2025-03-05,2025-03-05 11:07:00,713.86,713.86,713.7,713.7,-0.02,197.66,136294.23,-1
2025-03-05,2025-03-05 11:08:00,713.7,713.7,713.54,713.54,-0.02,197.66,136294.23,-1
2025-03-05,2025-03-05 11:09:00,713.54,713.54,713.38,713.38,-0.02,197.66,136294.23,-1
2025-03-05,2025-03-05 11:10:00,713.38,713.38,713.21,713.21,-0.02,197.66,136294.23,-1
2025-03-05,2025-03-05 11:11:00,713.21,713.21,713.05,713.05,-0.02,197.66,136294.23,-1
2025-03-05,2025-03-05 11:12:00,713.05,713.05,712.89,712.89,-0.02,197.66,136294.23,-1
2025-03-05,2025-03-05 11:13:00,712.89,712.89,712.73,712.73,-0.02,197.66,136294.23,-1
2025-03-05,2025-03-05 11:14:00,712.73,712.73,712.56,712.56,-0.02,197.66,136294.23,-1
2025-03-05,2025-03-05 11:15:00,712.56,712.56,712.4,712.4,-0.02,197.66,136294.23,-1
2025-03-05,2025-03-05 11:16:00,712.4,712.4,712.24,712.24,-0.02,197.66,136294.23,-1
2025-03-05,2025-03-05 11:17:00,712.24,712.24,712.08,712.08,-0.02,197.66,136294.23,-1
2025-03-05,2025-03-05 11:18:00,712.08,712.08,711.91,711.91,-0.02,197.66,136294.23,-1
2025-03-05,2025-03-05 11:19:00,711.91,711.91,711.75,711.75,-0.02,197.66,136294.23,-1
2025-03-05,2025-03-05 11:20:00,711.75,711.75,711.59,711.59,-0.02,197.66,136294.23,-1
2025-03-05,2025-03-05 11:21:00,711.59,711.59,711.42,711.42,-0.02,197.66,136294.23,-1
2025-03-05,2025-03-05 11:22:00,711.42,711.42,711.26,711.26,-0.02,197.66,136294.23,-1
2025-03-05,2025-03-05 11:23:00,711.26,711.26,711.1,711.1,-0.02,197.66,136294.23,-1
2025-03-05,2025-03-05 11:24:00,711.1,711.1,710.94,710.94,-0.02,197.66,136294.23,-1
2025-03-05,2025-03-05 11:25:00,710.94,710.94,710.77,710.77,-0.02,197.66,136294.23,-1
2025-03-05,2025-03-05 11:26:00,710.77,710.77,710.61,710.61,-0.02,197.66,136294.23,-1
2025-03-05,2025-03-05 11:27:00,710.61,710.61,710.45,710.45,-0.02,197.66,136294.23,-1
2025-03-05,2025-03-05 11:28:00,710.45,710.45,710.29,710.29,-0.02,197.66,136294.23,-1
2025-03-05,2025-03-05 11:29:00,710.29,710.29,710.12,710.12,-0.02,197.66,136294.23,-1
2025-03-05,2025-03-05 11:30:00,710.12,710.12,709.96,709.96,-0.02,197.66,136294.23,-1
2025-03-05,2025-03-05 11:31:00,709.96,709.96,709.8,709.8,-0.02,197.66,136294.23,-1
2025-03-05,2025-03-05 11:32:00,709.8,709.8,709.64,709.64,-0.02,197.66,136294.23,-1
2025-03-05,2025-03-05 11:33:00,709.64,709.64,709.48,709.48,-0.02,197.66,136294.23,-1
2025-03-05,2025-03-05 11:34:00,709.48,709.48,709.31,709.31,-0.02,197.66,136294.23,-1
2025-03-05,2025-03-05 11:35:00,709.31,709.31,709.15,709.15,-0.02,197.66,136294.23,-1
2025-03-05,2025-03-05 11:36:00,709.15,709.15,708.99,708.99,-0.02,197.66,136294.23,-1
2025-03-05,2025-03-05 11:37:00,708.99,708.99,708.83,708.83,-0.02,197.66,136294.23,-1
2025-03-05,2025-03-05 11:38:00,708.83,708.83,708.66,708.66,-0.02,197.66,136294.23,-1
2025-03-05,2025-03-05 11:39:00,708.66,708.66,708.5,708.5,-0.02,197.66,136294.23,-1
2025-03-05,2025-03-05 11:40:00,708.5,708.5,708.34,708.34,-0.02,197.66,136294.23,-1
2025-03-05,2025-03-05 11:41:00,708.34,708.34,708.17,708.17,-0.02,197.66,136294.23,-1
2025-03-05,2025-03-05 11:42:00,708.17,708.17,708.01,708.01,-0.02,197.66,136294.23,-1
2025-03-05,2025-03-05 11:43:00,708.01,708.01,707.85,707.85,-0.02,197.66,136294.23,-1
2025-03-05,2025-03-05 11:44:00,707.85,707.85,707.69,707.69,-0.02,197.66,136294.23,-1
2025-03-05,2025-03-05 11:45:00,707.69,707.69,707.52,707.52,-0.02,197.66,136294.23,-1
2025-03-05,2025-03-05 11:46:00,707.52,707.52,707.36,707.36,-0.02,197.66,136294.23,-1
2025-03-05,2025-03-05 11:47:00,707.36,707.36,707.2,707.2,-0.02,197.66,136294.23,-1
2025-03-05,2025-03-05 11:48:00,707.2,707.2,707.04,707.04,-0.02,197.66,136294.23,-1
2025-03-05,2025-03-05 11:49:00,707.04,707.04,706.88,706.88,-0.02,197.66,136294.23,-1
2025-03-05,2025-03-05 11:50:00,706.88,706.88,706.71,706.71,-0.02,197.66,136294.23,-1
2025-03-05,2025-03-05 11:51:00,706.71,706.71,706.55,706.55,-0.02,197.66,136294.23,-1
2025-03-05,2025-03-05 11:52:00,706.55,706.55,706.39,706.39,-0.02,197.66,136294.23,-1
2025-03-05,2025-03-05 11:53:00,706.39,706.39,706.23,706.23,-0.02,197.66,136294.23,-1
2025-03-05,2025-03-05 11:54:00,706.23,706.23,706.06,706.06,-0.02,197.66,136294.23,-1
2025-03-05,2025-03-05 11:55:00,706.06,706.06,705.9,705.9,-0.02,197.66,136294.23,-1
2025-03-05,2025-03-05 11:56:00,705.9,705.9,705.74,705.74,-0.02,197.66,136294.23,-1
2025-03-05,2025-03-05 11:57:00,705.74,705.74,705.58,705.58,-0.02,197.66,136294.23,-1
2025-03-05,2025-03-05 11:58:00,705.58,705.58,705.41,705.41,-0.02,197.66,136294.23,-1
2025-03-05,2025-03-05 11:59:00,705.41,705.41,705.25,705.25,-0.02,197.66,136294.23,-1
2025-03-05,2025-03-05 12:00:00,705.25,705.25,705.09,705.09,-0.02,197.66,136294.23,-1
2025-03-05,2025-03-05 12:01:00,705.09,705.09,704.92,704.92,-0.02,197.66,136294.23,-1
2025-03-05,2025-03-05 12:02:00,704.92,704.92,704.76,704.76,-0.02,197.66,136294.23,-1
2025-03-05,2025-03-05 12:03:00,704.76,704.76,704.6,704.6,-0.02,197.66,136294.23,-1
2025-03-05,2025-03-05 12:04:00,704.6,704.6,704.44,704.44,-0.02,197.66,136294.23,-1
2025-03-05,2025-03-05 12:05:00,704.44,704.44,704.27,704.27,-0.02,197.66,136294.23,-1
2025-03-05,2025-03-05 12:06:00,704.27,704.27,704.11,704.11,-0.02,197.66,136294.23,-1
2025-03-05,2025-03-05 12:07:00,704.11,704.11,703.95,703.95,-0.02,197.66,136294.23,-1
2025-03-05,2025-03-05 12:08:00,703.95,703.95,703.79,703.79,-0.02,197.66,136294.23,-1
2025-03-05,2025-03-05 12:09:00,703.79,703.79,703.62,703.62,-0.02,197.66,136294.23,-1
2025-03-05,2025-03-05 12:10:00,703.62,703.62,703.46,703.46,-0.02,197.66,136294.23,-1
2025-03-05,2025-03-05 12:11:00,703.46,703.46,703.3,703.3,-0.02,197.66,136294.23,-1
2025-03-05,2025-03-05 12:12:00,703.3,703.3,703.14,703.14,-0.02,197.66,136294.23,-1
2025-03-05,2025-03-05 12:13:00,703.14,703.14,702.98,702.98,-0.02,197.66,136294.23,-1
2025-03-05,2025-03-05 12:14:00,702.98,702.98,702.81,702.81,-0.02,197.66,136294.23,-1
2025-03-05,2025-03-05 12:15:00,702.81,702.81,702.65,702.65,-0.02,197.66,136294.23,-1
2025-03-05,2025-03-05 12:16:00,702.65,702.65,702.49,702.49,-0.02,197.66,136294.23,-1
2025-03-05,2025-03-05 12:17:00,702.49,702.49,702.33,702.33,-0.02,197.66,136294.23,-1
2025-03-05,2025-03-05 12:18:00,702.33,702.33,702.16,702.16,-0.02,197.66,136294.23,-1
2025-03-05,2025-03-05 12:19:00,702.16,702.16,702.0,702.0,-0.02,197.66,136294.23,-1
2025-03-05,2025-03-05 12:20:00,702.0,702.0,701.84,701.84,-0.02,197.66,136294.23,-1
2025-03-05,2025-03-05 12:21:00,701.84,701.84,701.67,701.67,-0.02,197.66,136294.23,-1
2025-03-05,2025-03-05 12:22:00,701.67,701.67,701.51,701.51,-0.02,197.66,136294.23,-1
2025-03-05,2025-03-05 12:23:00,701.51,701.51,701.35,701.35,-0.02,197.66,136294.23,-1
2025-03-05,2025-03-05 12:24:00,701.35,701.35,701.19,701.19,-0.02,197.66,136294.23,-1
2025-03-05,2025-03-05 12:25:00,701.19,701.19,701.02,701.02,-0.02,197.66,136294.23,-1
2025-03-05,2025-03-05 12:26:00,701.02,701.02,700.86,700.86,-0.02,197.66,136294.23,-1
2025-03-05,2025-03-05 12:27:00,700.86,700.86,700.7,700.7,-0.02,197.66,136294.23,-1
2025-03-05,2025-03-05 12:28:00,700.7,700.7,700.54,700.54,-0.02,197.66,136294.23,-1
2025-03-05,2025-03-05 12:29:00,700.54,700.54,700.38,700.38,-0.02,197.66,136294.23,-1
2025-03-05,2025-03-05 12:30:00,700.38,700.38,700.21,700.21,-0.02,197.66,136294.23,-1
2025-03-05,2025-03-05 12:31:00,700.21,700.21,700.05,700.05,-0.02,197.66,136294.23,-1
2025-03-05,2025-03-05 12:32:00,700.05,700.05,699.89,699.89,-0.02,197.66,136294.23,-1
2025-03-05,2025-03-05 12:33:00,699.89,699.89,699.73,699.73,-0.02,197.66,136294.23,-1
2025-03-05,2025-03-05 12:34:00,699.73,699.73,699.56,699.56,-0.02,197.66,136294.23,-1
2025-03-05,2025-03-05 12:35:00,699.56,699.56,699.4,699.4,-0.02,197.66,136294.23,-1
2025-03-05,2025-03-05 12:36:00,699.4,699.4,699.24,699.24,-0.02,197.66,136294.23,-1
2025-03-05,2025-03-05 12:37:00,699.24,699.24,699.08,699.08,-0.02,197.66,136294.23,-1
2025-03-05,2025-03-05 12:38:00,699.08,699.08,698.91,698.91,-0.02,197.66,136294.23,-1
2025-03-05,2025-03-05 12:39:00,698.91,698.91,698.75,698.75,-0.02,197.66,136294.23,-1
2025-03-05,2025-03-05 12:40:00,698.75,698.75,698.59,698.59,-0.02,197.66,136294.23,-1
2025-03-05,2025-03-05 12:41:00,698.59,698.59,698.42,698.42,-0.02,197.66,136294.23,-1
2025-03-05,2025-03-05 12:42:00,698.42,698.42,698.26,698.26,-0.02,197.66,136294.23,-1
2025-03-05,2025-03-05 12:43:00,698.26,698.26,698.1,698.1,-0.02,197.66,136294.23,-1
2025-03-05,2025-03-05 12:44:00,698.1,698.1,697.94,697.94,-0.02,197.66,136294.23,-1
2025-03-05,2025-03-05 12:45:00,697.94,697.94,697.77,697.77,-0.02,197.66,136294.23,-1
2025-03-05,2025-03-05 12:46:00,697.77,697.77,697.61,697.61,-0.02,197.66,136294.23,-1
2025-03-05,2025-03-05 12:47:00,697.61,697.61,697.45,697.45,-0.02,197.66,136294.23,-1
2025-03-05,2025-03-05 12:48:00,697.45,697.45,697.29,697.29,-0.02,197.66,136294.23,-1
2025-03-05,2025-03-05 12:49:00,697.29,697.29,697.12,697.12,-0.02,197.66,136294.23,-1
2025-03-05,2025-03-05 12:50:00,697.12,697.12,696.96,696.96,-0.02,197.66,136294.23,-1
2025-03-05,2025-03-05 12:51:00,696.96,696.96,696.8,696.8,-0.02,197.66,136294.23,-1
2025-03-05,2025-03-05 12:52:00,696.8,696.8,696.64,696.64,-0.02,197.66,136294.23,-1
2025-03-05,2025-03-05 12:53:00,696.64,696.64,696.48,696.48,-0.02,197.66,136294.23,-1
2025-03-05,2025-03-05 12:54:00,696.48,696.48,696.31,696.31,-0.02,197.66,136294.23,-1
2025-03-05,2025-03-05 12:55:00,696.31,696.31,696.15,696.15,-0.02,197.66,136294.23,-1
2025-03-05,2025-03-05 12:56:00,696.15,696.15,695.99,695.99,-0.02,197.66,136294.23,-1
2025-03-05,2025-03-05 12:57:00,695.99,695.99,695.83,695.83,-0.02,197.66,136294.23,-1
2025-03-05,2025-03-05 12:58:00,695.83,695.83,695.66,695.66,-0.02,197.66,136294.23,-1
2025-03-05,2025-03-05 12:59:00,695.66,695.66,695.5,695.5,-0.02,197.66,136294.23,-1
2025-03-05,2025-03-05 13:00:00,695.5,729.3,668.5,695.34,-0.02,197.66,136294.23,-1
2025-03-05,2025-03-05 13:01:00,695.34,695.34,695.17,695.17,-0.02,197.66,136294.23,-1
2025-03-05,2025-03-05 13:02:00,695.17,695.17,695.01,695.01,-0.02,197.66,136294.23,-1
2025-03-05,2025-03-05 13:03:00,695.01,695.01,694.85,694.85,-0.02,197.66,136294.23,-1
2025-03-05,2025-03-05 13:04:00,694.85,694.85,694.69,694.69,-0.02,197.66,136294.23,-1
2025-03-05,2025-03-05 13:05:00,694.69,694.69,694.52,694.52,-0.02,197.66,136294.23,-1
2025-03-05,2025-03-05 13:06:00,694.52,694.52,694.36,694.36,-0.02,197.66,136294.23,-1
2025-03-05,2025-03-05 13:07:00,694.36,694.36,694.2,694.2,-0.02,197.66,136294.23,-1
2025-03-05,2025-03-05 13:08:00,694.2,694.2,694.04,694.04,-0.02,197.66,136294.23,-1
2025-03-05,2025-03-05 13:09:00,694.04,694.04,693.88,693.88,-0.02,197.66,136294.23,-1
2025-03-05,2025-03-05 13:10:00,693.88,693.88,693.71,693.71,-0.02,197.66,136294.23,-1
2025-03-05,2025-03-05 13:11:00,693.71,693.71,693.55,693.55,-0.02,197.66,136294.23,-1
2025-03-05,2025-03-05 13:12:00,693.55,693.55,693.39,693.39,-0.02,197.66,136294.23,-1
2025-03-05,2025-03-05 13:13:00,693.39,693.39,693.23,693.23,-0.02,197.66,136294.23,-1
2025-03-05,2025-03-05 13:14:00,693.23,693.23,693.06,693.06,-0.02,197.66,136294.23,-1
2025-03-05,2025-03-05 13:15:00,693.06,693.06,692.9,692.9,-0.02,197.66,136294.23,-1
2025-03-05,2025-03-05 13:16:00,692.9,692.9,692.74,692.74,-0.02,197.66,136294.23,-1
2025-03-05,2025-03-05 13:17:00,692.74,692.74,692.58,692.58,-0.02,197.66,136294.23,-1
2025-03-05,2025-03-05 13:18:00,692.58,692.58,692.41,692.41,-0.02,197.66,136294.23,-1
2025-03-05,2025-03-05 13:19:00,692.41,692.41,692.25,692.25,-0.02,197.66,136294.23,-1
2025-03-05,2025-03-05 13:20:00,692.25,692.25,692.09,692.09,-0.02,197.66,136294.23,-1
2025-03-05,2025-03-05 13:21:00,692.09,692.09,691.92,691.92,-0.02,197.66,136294.23,-1
2025-03-05,2025-03-05 13:22:00,691.92,691.92,691.76,691.76,-0.02,197.66,136294.23,-1
2025-03-05,2025-03-05 13:23:00,691.76,691.76,691.6,691.6,-0.02,197.66,136294.23,-1
2025-03-05,2025-03-05 13:24:00,691.6,691.6,691.44,691.44,-0.02,197.66,136294.23,-1
2025-03-05,2025-03-05 13:25:00,691.44,691.44,691.27,691.27,-0.02,197.66,136294.23,-1
2025-03-05,2025-03-05 13:26:00,691.27,691.27,691.11,691.11,-0.02,197.66,136294.23,-1
2025-03-05,2025-03-05 13:27:00,691.11,691.11,690.95,690.95,-0.02,197.66,136294.23,-1
2025-03-05,2025-03-05 13:28:00,690.95,690.95,690.79,690.79,-0.02,197.66,136294.23,-1
2025-03-05,2025-03-05 13:29:00,690.79,690.79,690.62,690.62,-0.02,197.66,136294.23,-1
2025-03-05,2025-03-05 13:30:00,690.62,690.62,690.46,690.46,-0.02,197.66,136294.23,-1
2025-03-05,2025-03-05 13:31:00,690.46,690.46,690.3,690.3,-0.02,197.66,136294.23,-1
2025-03-05,2025-03-05 13:32:00,690.3,690.3,690.14,690.14,-0.02,197.66,136294.23,-1
2025-03-05,2025-03-05 13:33:00,690.14,690.14,689.98,689.98,-0.02,197.66,136294.23,-1
2025-03-05,2025-03-05 13:34:00,689.98,689.98,689.81,689.81,-0.02,197.66,136294.23,-1
2025-03-05,2025-03-05 13:35:00,689.81,689.81,689.65,689.65,-0.02,197.66,136294.23,-1
2025-03-05,2025-03-05 13:36:00,689.65,689.65,689.49,689.49,-0.02,197.66,136294.23,-1
2025-03-05,2025-03-05 13:37:00,689.49,689.49,689.33,689.33,-0.02,197.66,136294.23,-1
2025-03-05,2025-03-05 13:38:00,689.33,689.33,689.16,689.16,-0.02,197.66,136294.23,-1
2025-03-05,2025-03-05 13:39:00,689.16,689.16,689.0,689.0,-0.02,197.66,136294.23,-1
2025-03-05,2025-03-05 13:40:00,689.0,689.0,688.84,688.84,-0.02,197.66,136294.23,-1
2025-03-05,2025-03-05 13:41:00,688.84,688.84,688.67,688.67,-0.02,197.66,136294.23,-1
2025-03-05,2025-03-05 13:42:00,688.67,688.67,688.51,688.51,-0.02,197.66,136294.23,-1
2025-03-05,2025-03-05 13:43:00,688.51,688.51,688.35,688.35,-0.02,197.66,136294.23,-1
2025-03-05,2025-03-05 13:44:00,688.35,688.35,688.19,688.19,-0.02,197.66,136294.23,-1
2025-03-05,2025-03-05 13:45:00,688.19,688.19,688.02,688.02,-0.02,197.66,136294.23,-1
2025-03-05,2025-03-05 13:46:00,688.02,688.02,687.86,687.86,-0.02,197.66,136294.23,-1
2025-03-05,2025-03-05 13:47:00,687.86,687.86,687.7,687.7,-0.02,197.66,136294.23,-1
2025-03-05,2025-03-05 13:48:00,687.7,687.7,687.54,687.54,-0.02,197.66,136294.23,-1
2025-03-05,2025-03-05 13:49:00,687.54,687.54,687.38,687.38,-0.02,197.66,136294.23,-1
2025-03-05,2025-03-05 13:50:00,687.38,687.38,687.21,687.21,-0.02,197.66,136294.23,-1
2025-03-05,2025-03-05 13:51:00,687.21,687.21,687.05,687.05,-0.02,197.66,136294.23,-1
2025-03-05,2025-03-05 13:52:00,687.05,687.05,686.89,686.89,-0.02,197.66,136294.23,-1
2025-03-05,2025-03-05 13:53:00,686.89,686.89,686.73,686.73,-0.02,197.66,136294.23,-1
2025-03-05,2025-03-05 13:54:00,686.73,686.73,686.56,686.56,-0.02,197.66,136294.23,-1
2025-03-05,2025-03-05 13:55:00,686.56,686.56,686.4,686.4,-0.02,197.66,136294.23,-1
2025-03-05,2025-03-05 13:56:00,686.4,686.4,686.24,686.24,-0.02,197.66,136294.23,-1
2025-03-05,2025-03-05 13:57:00,686.24,686.24,686.08,686.08,-0.02,197.66,136294.23,-1
2025-03-05,2025-03-05 13:58:00,686.08,686.08,685.91,685.91,-0.02,197.66,136294.23,-1
2025-03-05,2025-03-05 13:59:00,685.91,685.91,685.75,685.75,-0.02,197.66,136294.23,-1
2025-03-05,2025-03-05 14:00:00,685.75,685.75,685.59,685.59,-0.02,197.66,136294.23,-1
2025-03-05,2025-03-05 14:01:00,685.59,685.59,685.42,685.42,-0.02,197.66,136294.23,-1
2025-03-05,2025-03-05 14:02:00,685.42,685.42,685.26,685.26,-0.02,197.66,136294.23,-1
2025-03-05,2025-03-05 14:03:00,685.26,685.26,685.1,685.1,-0.02,197.66,136294.23,-1
2025-03-05,2025-03-05 14:04:00,685.1,685.1,684.94,684.94,-0.02,197.66,136294.23,-1
2025-03-05,2025-03-05 14:05:00,684.94,684.94,684.77,684.77,-0.02,197.66,136294.23,-1
2025-03-05,2025-03-05 14:06:00,684.77,684.77,684.61,684.61,-0.02,197.66,136294.23,-1
2025-03-05,2025-03-05 14:07:00,684.61,684.61,684.45,684.45,-0.02,197.66,136294.23,-1
2025-03-05,2025-03-05 14:08:00,684.45,684.45,684.29,684.29,-0.02,197.66,136294.23,-1
2025-03-05,2025-03-05 14:09:00,684.29,684.29,684.12,684.12,-0.02,197.66,136294.23,-1
2025-03-05,2025-03-05 14:10:00,684.12,684.12,683.96,683.96,-0.02,197.66,136294.23,-1
2025-03-05,2025-03-05 14:11:00,683.96,683.96,683.8,683.8,-0.02,197.66,136294.23,-1
2025-03-05,2025-03-05 14:12:00,683.8,683.8,683.64,683.64,-0.02,197.66,136294.23,-1
2025-03-05,2025-03-05 14:13:00,683.64,683.64,683.48,683.48,-0.02,197.66,136294.23,-1
2025-03-05,2025-03-05 14:14:00,683.48,683.48,683.31,683.31,-0.02,197.66,136294.23,-1
2025-03-05,2025-03-05 14:15:00,683.31,683.31,683.15,683.15,-0.02,197.66,136294.23,-1
2025-03-05,2025-03-05 14:16:00,683.15,683.15,682.99,682.99,-0.02,197.66,136294.23,-1
2025-03-05,2025-03-05 14:17:00,682.99,682.99,682.83,682.83,-0.02,197.66,136294.23,-1
2025-03-05,2025-03-05 14:18:00,682.83,682.83,682.66,682.66,-0.02,197.66,136294.23,-1
2025-03-05,2025-03-05 14:19:00,682.66,682.66,682.5,682.5,-0.02,197.66,136294.23,-1
2025-03-05,2025-03-05 14:20:00,682.5,682.5,682.34,682.34,-0.02,197.66,136294.23,-1
2025-03-05,2025-03-05 14:21:00,682.34,682.34,682.17,682.17,-0.02,197.66,136294.23,-1
2025-03-05,2025-03-05 14:22:00,682.17,682.17,682.01,682.01,-0.02,197.66,136294.23,-1
2025-03-05,2025-03-05 14:23:00,682.01,682.01,681.85,681.85,-0.02,197.66,136294.23,-1
2025-03-05,2025-03-05 14:24:00,681.85,681.85,681.69,681.69,-0.02,197.66,136294.23,-1
2025-03-05,2025-03-05 14:25:00,681.69,681.69,681.52,681.52,-0.02,197.66,136294.23,-1
2025-03-05,2025-03-05 14:26:00,681.52,681.52,681.36,681.36,-0.02,197.66,136294.23,-1
2025-03-05,2025-03-05 14:27:00,681.36,681.36,681.2,681.2,-0.02,197.66,136294.23,-1
2025-03-05,2025-03-05 14:28:00,681.2,681.2,681.04,681.04,-0.02,197.66,136294.23,-1
2025-03-05,2025-03-05 14:29:00,681.04,681.04,680.88,680.88,-0.02,197.66,136294.23,-1
2025-03-05,2025-03-05 14:30:00,680.88,680.88,680.71,680.71,-0.02,197.66,136294.23,-1
2025-03-05,2025-03-05 14:31:00,680.71,680.71,680.55,680.55,-0.02,197.66,136294.23,-1
2025-03-05,2025-03-05 14:32:00,680.55,680.55,680.39,680.39,-0.02,197.66,136294.23,-1
2025-03-05,2025-03-05 14:33:00,680.39,680.39,680.23,680.23,-0.02,197.66,136294.23,-1
2025-03-05,2025-03-05 14:34:00,680.23,680.23,680.06,680.06,-0.02,197.66,136294.23,-1
2025-03-05,2025-03-05 14:35:00,680.06,680.06,679.9,679.9,-0.02,197.66,136294.23,-1
2025-03-05,2025-03-05 14:36:00,679.9,679.9,679.74,679.74,-0.02,197.66,136294.23,-1
2025-03-05,2025-03-05 14:37:00,679.74,679.74,679.58,679.58,-0.02,197.66,136294.23,-1
2025-03-05,2025-03-05 14:38:00,679.58,679.58,679.41,679.41,-0.03,197.66,136294.23,-1
2025-03-05,2025-03-05 14:39:00,679.41,679.41,679.25,679.25,-0.02,197.66,136294.23,-1
2025-03-05,2025-03-05 14:40:00,679.25,679.25,679.09,679.09,-0.02,197.66,136294.23,-1
2025-03-05,2025-03-05 14:41:00,679.09,679.09,678.92,678.92,-0.03,197.66,136294.23,-1
2025-03-05,2025-03-05 14:42:00,678.92,678.92,678.76,678.76,-0.02,197.66,136294.23,-1
2025-03-05,2025-03-05 14:43:00,678.76,678.76,678.6,678.6,-0.02,197.66,136294.23,-1
2025-03-05,2025-03-05 14:44:00,678.6,678.6,678.44,678.44,-0.02,197.66,136294.23,-1
2025-03-05,2025-03-05 14:45:00,678.44,678.44,678.27,678.27,-0.03,197.66,136294.23,-1
2025-03-05,2025-03-05 14:46:00,678.27,678.27,678.11,678.11,-0.02,197.66,136294.23,-1
2025-03-05,2025-03-05 14:47:00,678.11,678.11,677.95,677.95,-0.02,197.66,136294.23,-1
2025-03-05,2025-03-05 14:48:00,677.95,677.95,677.79,677.79,-0.02,197.66,136294.23,-1
2025-03-05,2025-03-05 14:49:00,677.79,677.79,677.62,677.62,-0.03,197.66,136294.23,-1
2025-03-05,2025-03-05 14:50:00,677.62,677.62,677.46,677.46,-0.02,197.66,136294.23,-1
2025-03-05,2025-03-05 14:51:00,677.46,677.46,677.3,677.3,-0.02,197.66,136294.23,-1
2025-03-05,2025-03-05 14:52:00,677.3,677.3,677.14,677.14,-0.02,197.66,136294.23,-1
2025-03-05,2025-03-05 14:53:00,677.14,677.14,676.98,676.98,-0.02,197.66,136294.23,-1
2025-03-05,2025-03-05 14:54:00,676.98,676.98,676.81,676.81,-0.03,197.66,136294.23,-1
2025-03-05,2025-03-05 14:55:00,676.81,676.81,676.65,676.65,-0.02,197.66,136294.23,-1
2025-03-05,2025-03-05 14:56:00,676.65,676.65,676.49,676.49,-0.02,197.66,136294.23,-1
2025-03-05,2025-03-05 14:57:00,676.49,676.49,676.33,676.33,-0.02,197.66,136294.23,-1
2025-03-05,2025-03-05 14:58:00,676.33,676.33,676.16,676.16,-0.03,197.66,136294.23,-1
2025-03-05,2025-03-05 14:59:00,676.16,676.16,676.0,676.0,-0.02,197.66,136294.23,-1
2025-03-05,2025-03-05 15:00:00,676.0,729.3,668.5,676.0,0.0,197.66,136294.23,0
2025-03-06,2025-03-06 11:00:00,682.0,700.48,681.1,682.26,0.04,273.0,197146.87,1
2025-03-06,2025-03-06 11:01:00,682.26,682.51,682.26,682.51,0.04,273.0,197146.87,1
2025-03-06,2025-03-06 11:02:00,682.51,682.77,682.51,682.77,0.04,273.0,197146.87,1
2025-03-06,2025-03-06 11:03:00,682.77,683.03,682.77,683.03,0.04,273.0,197146.87,1
2025-03-06,2025-03-06 11:04:00,683.03,683.28,683.03,683.28,0.04,273.0,197146.87,1
2025-03-06,2025-03-06 11:05:00,683.28,683.54,683.28,683.54,0.04,273.0,197146.87,1
2025-03-06,2025-03-06 11:06:00,683.54,683.8,683.54,683.8,0.04,273.0,197146.87,1
2025-03-06,2025-03-06 11:07:00,683.8,684.05,683.8,684.05,0.04,273.0,197146.87,1
2025-03-06,2025-03-06 11:08:00,684.05,684.31,684.05,684.31,0.04,273.0,197146.87,1
2025-03-06,2025-03-06 11:09:00,684.31,684.57,684.31,684.57,0.04,273.0,197146.87,1
2025-03-06,2025-03-06 11:10:00,684.57,684.82,684.57,684.82,0.04,273.0,197146.87,1
2025-03-06,2025-03-06 11:11:00,684.82,685.08,684.82,685.08,0.04,273.0,197146.87,1
2025-03-06,2025-03-06 11:12:00,685.08,685.34,685.08,685.34,0.04,273.0,197146.87,1
2025-03-06,2025-03-06 11:13:00,685.34,685.59,685.34,685.59,0.04,273.0,197146.87,1
2025-03-06,2025-03-06 11:14:00,685.59,685.85,685.59,685.85,0.04,273.0,197146.87,1
2025-03-06,2025-03-06 11:15:00,685.85,686.11,685.85,686.11,0.04,273.0,197146.87,1
2025-03-06,2025-03-06 11:16:00,686.11,686.36,686.11,686.36,0.04,273.0,197146.87,1
2025-03-06,2025-03-06 11:17:00,686.36,686.62,686.36,686.62,0.04,273.0,197146.87,1
2025-03-06,2025-03-06 11:18:00,686.62,686.88,686.62,686.88,0.04,273.0,197146.87,1
2025-03-06,2025-03-06 11:19:00,686.88,687.13,686.88,687.13,0.04,273.0,197146.87,1
2025-03-06,2025-03-06 11:20:00,687.13,687.39,687.13,687.39,0.04,273.0,197146.87,1
2025-03-06,2025-03-06 11:21:00,687.39,687.65,687.39,687.65,0.04,273.0,197146.87,1
2025-03-06,2025-03-06 11:22:00,687.65,687.9,687.65,687.9,0.04,273.0,197146.87,1
2025-03-06,2025-03-06 11:23:00,687.9,688.16,687.9,688.16,0.04,273.0,197146.87,1
2025-03-06,2025-03-06 11:24:00,688.16,688.42,688.16,688.42,0.04,273.0,197146.87,1
2025-03-06,2025-03-06 11:25:00,688.42,688.67,688.42,688.67,0.04,273.0,197146.87,1
2025-03-06,2025-03-06 11:26:00,688.67,688.93,688.67,688.93,0.04,273.0,197146.87,1
2025-03-06,2025-03-06 11:27:00,688.93,689.19,688.93,689.19,0.04,273.0,197146.87,1
2025-03-06,2025-03-06 11:28:00,689.19,689.44,689.19,689.44,0.04,273.0,197146.87,1
2025-03-06,2025-03-06 11:29:00,689.44,689.7,689.44,689.7,0.04,273.0,197146.87,1
2025-03-06,2025-03-06 11:30:00,689.7,689.96,689.7,689.96,0.04,273.0,197146.87,1
2025-03-06,2025-03-06 11:31:00,689.96,690.21,689.96,690.21,0.04,273.0,197146.87,1
2025-03-06,2025-03-06 11:32:00,690.21,690.47,690.21,690.47,0.04,273.0,197146.87,1
2025-03-06,2025-03-06 11:33:00,690.47,690.73,690.47,690.73,0.04,273.0,197146.87,1
2025-03-06,2025-03-06 11:34:00,690.73,690.98,690.73,690.98,0.04,273.0,197146.87,1
2025-03-06,2025-03-06 11:35:00,690.98,691.24,690.98,691.24,0.04,273.0,197146.87,1
2025-03-06,2025-03-06 11:36:00,691.24,691.5,691.24,691.5,0.04,273.0,197146.87,1
2025-03-06,2025-03-06 11:37:00,691.5,691.75,691.5,691.75,0.04,273.0,197146.87,1
2025-03-06,2025-03-06 11:38:00,691.75,692.01,691.75,692.01,0.04,273.0,197146.87,1
2025-03-06,2025-03-06 11:39:00,692.01,692.27,692.01,692.27,0.04,273.0,197146.87,1
2025-03-06,2025-03-06 11:40:00,692.27,692.52,692.27,692.52,0.04,273.0,197146.87,1
2025-03-06,2025-03-06 11:41:00,692.52,692.78,692.52,692.78,0.04,273.0,197146.87,1
2025-03-06,2025-03-06 11:42:00,692.78,693.04,692.78,693.04,0.04,273.0,197146.87,1
2025-03-06,2025-03-06 11:43:00,693.04,693.29,693.04,693.29,0.04,273.0,197146.87,1
2025-03-06,2025-03-06 11:44:00,693.29,693.55,693.29,693.55,0.04,273.0,197146.87,1
2025-03-06,2025-03-06 11:45:00,693.55,693.81,693.55,693.81,0.04,273.0,197146.87,1
2025-03-06,2025-03-06 11:46:00,693.81,694.06,693.81,694.06,0.04,273.0,197146.87,1
2025-03-06,2025-03-06 11:47:00,694.06,694.32,694.06,694.32,0.04,273.0,197146.87,1
2025-03-06,2025-03-06 11:48:00,694.32,694.58,694.32,694.58,0.04,273.0,197146.87,1
2025-03-06,2025-03-06 11:49:00,694.58,694.83,694.58,694.83,0.04,273.0,197146.87,1
2025-03-06,2025-03-06 11:50:00,694.83,695.09,694.83,695.09,0.04,273.0,197146.87,1
2025-03-06,2025-03-06 11:51:00,695.09,695.35,695.09,695.35,0.04,273.0,197146.87,1
2025-03-06,2025-03-06 11:52:00,695.35,695.6,695.35,695.6,0.04,273.0,197146.87,1
2025-03-06,2025-03-06 11:53:00,695.6,695.86,695.6,695.86,0.04,273.0,197146.87,1
2025-03-06,2025-03-06 11:54:00,695.86,696.12,695.86,696.12,0.04,273.0,197146.87,1
2025-03-06,2025-03-06 11:55:00,696.12,696.37,696.12,696.37,0.04,273.0,197146.87,1
2025-03-06,2025-03-06 11:56:00,696.37,696.63,696.37,696.63,0.04,273.0,197146.87,1
2025-03-06,2025-03-06 11:57:00,696.63,696.89,696.63,696.89,0.04,273.0,197146.87,1
2025-03-06,2025-03-06 11:58:00,696.89,697.14,696.89,697.14,0.04,273.0,197146.87,1
2025-03-06,2025-03-06 11:59:00,697.14,697.4,697.14,697.4,0.04,273.0,197146.87,1
2025-03-06,2025-03-06 12:00:00,697.4,697.66,697.4,697.66,0.04,273.0,197146.87,1
2025-03-06,2025-03-06 12:01:00,697.66,697.91,697.66,697.91,0.04,273.0,197146.87,1
2025-03-06,2025-03-06 12:02:00,697.91,698.17,697.91,698.17,0.04,273.0,197146.87,1
2025-03-06,2025-03-06 12:03:00,698.17,698.43,698.17,698.43,0.04,273.0,197146.87,1
2025-03-06,2025-03-06 12:04:00,698.43,698.68,698.43,698.68,0.04,273.0,197146.87,1
2025-03-06,2025-03-06 12:05:00,698.68,698.94,698.68,698.94,0.04,273.0,197146.87,1
2025-03-06,2025-03-06 12:06:00,698.94,699.2,698.94,699.2,0.04,273.0,197146.87,1
2025-03-06,2025-03-06 12:07:00,699.2,699.45,699.2,699.45,0.04,273.0,197146.87,1
2025-03-06,2025-03-06 12:08:00,699.45,699.71,699.45,699.71,0.04,273.0,197146.87,1
2025-03-06,2025-03-06 12:09:00,699.71,699.97,699.71,699.97,0.04,273.0,197146.87,1
2025-03-06,2025-03-06 12:10:00,699.97,700.22,699.97,700.22,0.04,273.0,197146.87,1
2025-03-06,2025-03-06 12:11:00,700.22,700.48,700.22,700.48,0.04,273.0,197146.87,1
2025-03-06,2025-03-06 12:12:00,700.48,700.74,700.48,700.74,0.04,273.0,197146.87,1
2025-03-06,2025-03-06 12:13:00,700.74,700.99,700.74,700.99,0.04,273.0,197146.87,1
2025-03-06,2025-03-06 12:14:00,700.99,701.25,700.99,701.25,0.04,273.0,197146.87,1
2025-03-06,2025-03-06 12:15:00,701.25,701.51,701.25,701.51,0.04,273.0,197146.87,1
2025-03-06,2025-03-06 12:16:00,701.51,701.76,701.51,701.76,0.04,273.0,197146.87,1
2025-03-06,2025-03-06 12:17:00,701.76,702.02,701.76,702.02,0.04,273.0,197146.87,1
2025-03-06,2025-03-06 12:18:00,702.02,702.28,702.02,702.28,0.04,273.0,197146.87,1
2025-03-06,2025-03-06 12:19:00,702.28,702.53,702.28,702.53,0.04,273.0,197146.87,1
2025-03-06,2025-03-06 12:20:00,702.53,702.79,702.53,702.79,0.04,273.0,197146.87,1
2025-03-06,2025-03-06 12:21:00,702.79,703.05,702.79,703.05,0.04,273.0,197146.87,1
2025-03-06,2025-03-06 12:22:00,703.05,703.3,703.05,703.3,0.04,273.0,197146.87,1
2025-03-06,2025-03-06 12:23:00,703.3,703.56,703.3,703.56,0.04,273.0,197146.87,1
2025-03-06,2025-03-06 12:24:00,703.56,703.82,703.56,703.82,0.04,273.0,197146.87,1
2025-03-06,2025-03-06 12:25:00,703.82,704.07,703.82,704.07,0.04,273.0,197146.87,1
2025-03-06,2025-03-06 12:26:00,704.07,704.33,704.07,704.33,0.04,273.0,197146.87,1
2025-03-06,2025-03-06 12:27:00,704.33,704.59,704.33,704.59,0.04,273.0,197146.87,1
2025-03-06,2025-03-06 12:28:00,704.59,704.84,704.59,704.84,0.04,273.0,197146.87,1
2025-03-06,2025-03-06 12:29:00,704.84,705.1,704.84,705.1,0.04,273.0,197146.87,1
2025-03-06,2025-03-06 12:30:00,705.1,705.36,705.1,705.36,0.04,273.0,197146.87,1
2025-03-06,2025-03-06 12:31:00,705.36,705.61,705.36,705.61,0.04,273.0,197146.87,1
2025-03-06,2025-03-06 12:32:00,705.61,705.87,705.61,705.87,0.04,273.0,197146.87,1
2025-03-06,2025-03-06 12:33:00,705.87,706.13,705.87,706.13,0.04,273.0,197146.87,1
2025-03-06,2025-03-06 12:34:00,706.13,706.38,706.13,706.38,0.04,273.0,197146.87,1
2025-03-06,2025-03-06 12:35:00,706.38,706.64,706.38,706.64,0.04,273.0,197146.87,1
2025-03-06,2025-03-06 12:36:00,706.64,706.9,706.64,706.9,0.04,273.0,197146.87,1
2025-03-06,2025-03-06 12:37:00,706.9,707.15,706.9,707.15,0.04,273.0,197146.87,1
2025-03-06,2025-03-06 12:38:00,707.15,707.41,707.15,707.41,0.04,273.0,197146.87,1
2025-03-06,2025-03-06 12:39:00,707.41,707.67,707.41,707.67,0.04,273.0,197146.87,1
2025-03-06,2025-03-06 12:40:00,707.67,707.92,707.67,707.92,0.04,273.0,197146.87,1
2025-03-06,2025-03-06 12:41:00,707.92,708.18,707.92,708.18,0.04,273.0,197146.87,1
2025-03-06,2025-03-06 12:42:00,708.18,708.44,708.18,708.44,0.04,273.0,197146.87,1
2025-03-06,2025-03-06 12:43:00,708.44,708.69,708.44,708.69,0.04,273.0,197146.87,1
2025-03-06,2025-03-06 12:44:00,708.69,708.95,708.69,708.95,0.04,273.0,197146.87,1
2025-03-06,2025-03-06 12:45:00,708.95,709.21,708.95,709.21,0.04,273.0,197146.87,1
2025-03-06,2025-03-06 12:46:00,709.21,709.46,709.21,709.46,0.04,273.0,197146.87,1
2025-03-06,2025-03-06 12:47:00,709.46,709.72,709.46,709.72,0.04,273.0,197146.87,1
2025-03-06,2025-03-06 12:48:00,709.72,709.98,709.72,709.98,0.04,273.0,197146.87,1
2025-03-06,2025-03-06 12:49:00,709.98,710.23,709.98,710.23,0.04,273.0,197146.87,1
2025-03-06,2025-03-06 12:50:00,710.23,710.49,710.23,710.49,0.04,273.0,197146.87,1
2025-03-06,2025-03-06 12:51:00,710.49,710.75,710.49,710.75,0.04,273.0,197146.87,1
2025-03-06,2025-03-06 12:52:00,710.75,711.0,710.75,711.0,0.04,273.0,197146.87,1
2025-03-06,2025-03-06 12:53:00,711.0,711.26,711.0,711.26,0.04,273.0,197146.87,1
2025-03-06,2025-03-06 12:54:00,711.26,711.52,711.26,711.52,0.04,273.0,197146.87,1
2025-03-06,2025-03-06 12:55:00,711.52,711.77,711.52,711.77,0.04,273.0,197146.87,1
2025-03-06,2025-03-06 12:56:00,711.77,712.03,711.77,712.03,0.04,273.0,197146.87,1
2025-03-06,2025-03-06 12:57:00,712.03,712.29,712.03,712.29,0.04,273.0,197146.87,1
2025-03-06,2025-03-06 12:58:00,712.29,712.54,712.29,712.54,0.04,273.0,197146.87,1
2025-03-06,2025-03-06 12:59:00,712.54,712.8,712.54,712.8,0.04,273.0,197146.87,1
2025-03-06,2025-03-06 13:00:00,712.8,743.6,679.0,713.06,0.04,273.0,197146.87,1
2025-03-06,2025-03-06 13:01:00,713.06,713.31,713.06,713.31,0.04,273.0,197146.87,1
2025-03-06,2025-03-06 13:02:00,713.31,713.57,713.31,713.57,0.04,273.0,197146.87,1
2025-03-06,2025-03-06 13:03:00,713.57,713.83,713.57,713.83,0.04,273.0,197146.87,1
2025-03-06,2025-03-06 13:04:00,713.83,714.08,713.83,714.08,0.04,273.0,197146.87,1
2025-03-06,2025-03-06 13:05:00,714.08,714.34,714.08,714.34,0.04,273.0,197146.87,1
2025-03-06,2025-03-06 13:06:00,714.34,714.6,714.34,714.6,0.04,273.0,197146.87,1
2025-03-06,2025-03-06 13:07:00,714.6,714.85,714.6,714.85,0.03,273.0,197146.87,1
2025-03-06,2025-03-06 13:08:00,714.85,715.11,714.85,715.11,0.04,273.0,197146.87,1
2025-03-06,2025-03-06 13:09:00,715.11,715.37,715.11,715.37,0.04,273.0,197146.87,1
2025-03-06,2025-03-06 13:10:00,715.37,715.62,715.37,715.62,0.03,273.0,197146.87,1
2025-03-06,2025-03-06 13:11:00,715.62,715.88,715.62,715.88,0.04,273.0,197146.87,1
2025-03-06,2025-03-06 13:12:00,715.88,716.14,715.88,716.14,0.04,273.0,197146.87,1
2025-03-06,2025-03-06 13:13:00,716.14,716.39,716.14,716.39,0.03,273.0,197146.87,1
2025-03-06,2025-03-06 13:14:00,716.39,716.65,716.39,716.65,0.04,273.0,197146.87,1
2025-03-06,2025-03-06 13:15:00,716.65,716.91,716.65,716.91,0.04,273.0,197146.87,1
2025-03-06,2025-03-06 13:16:00,716.91,717.16,716.91,717.16,0.03,273.0,197146.87,1
2025-03-06,2025-03-06 13:17:00,717.16,717.42,717.16,717.42,0.04,273.0,197146.87,1
2025-03-06,2025-03-06 13:18:00,717.42,717.68,717.42,717.68,0.04,273.0,197146.87,1
2025-03-06,2025-03-06 13:19:00,717.68,717.93,717.68,717.93,0.03,273.0,197146.87,1
2025-03-06,2025-03-06 13:20:00,717.93,718.19,717.93,718.19,0.04,273.0,197146.87,1
2025-03-06,2025-03-06 13:21:00,718.19,718.45,718.19,718.45,0.04,273.0,197146.87,1
2025-03-06,2025-03-06 13:22:00,718.45,718.7,718.45,718.7,0.03,273.0,197146.87,1
2025-03-06,2025-03-06 13:23:00,718.7,718.96,718.7,718.96,0.04,273.0,197146.87,1
2025-03-06,2025-03-06 13:24:00,718.96,719.22,718.96,719.22,0.04,273.0,197146.87,1
2025-03-06,2025-03-06 13:25:00,719.22,719.47,719.22,719.47,0.03,273.0,197146.87,1
2025-03-06,2025-03-06 13:26:00,719.47,719.73,719.47,719.73,0.04,273.0,197146.87,1
2025-03-06,2025-03-06 13:27:00,719.73,719.99,719.73,719.99,0.04,273.0,197146.87,1
2025-03-06,2025-03-06 13:28:00,719.99,720.24,719.99,720.24,0.03,273.0,197146.87,1
2025-03-06,2025-03-06 13:29:00,720.24,720.5,720.24,720.5,0.04,273.0,197146.87,1
2025-03-06,2025-03-06 13:30:00,720.5,720.76,720.5,720.76,0.04,273.0,197146.87,1
2025-03-06,2025-03-06 13:31:00,720.76,721.01,720.76,721.01,0.03,273.0,197146.87,1
2025-03-06,2025-03-06 13:32:00,721.01,721.27,721.01,721.27,0.04,273.0,197146.87,1
2025-03-06,2025-03-06 13:33:00,721.27,721.53,721.27,721.53,0.04,273.0,197146.87,1
2025-03-06,2025-03-06 13:34:00,721.53,721.78,721.53,721.78,0.03,273.0,197146.87,1
2025-03-06,2025-03-06 13:35:00,721.78,722.04,721.78,722.04,0.04,273.0,197146.87,1
2025-03-06,2025-03-06 13:36:00,722.04,722.3,722.04,722.3,0.04,273.0,197146.87,1
2025-03-06,2025-03-06 13:37:00,722.3,722.55,722.3,722.55,0.03,273.0,197146.87,1
2025-03-06,2025-03-06 13:38:00,722.55,722.81,722.55,722.81,0.04,273.0,197146.87,1
2025-03-06,2025-03-06 13:39:00,722.81,723.07,722.81,723.07,0.04,273.0,197146.87,1
2025-03-06,2025-03-06 13:40:00,723.07,723.32,723.07,723.32,0.03,273.0,197146.87,1
2025-03-06,2025-03-06 13:41:00,723.32,723.58,723.32,723.58,0.04,273.0,197146.87,1
2025-03-06,2025-03-06 13:42:00,723.58,723.84,723.58,723.84,0.04,273.0,197146.87,1
2025-03-06,2025-03-06 13:43:00,723.84,724.09,723.84,724.09,0.03,273.0,197146.87,1
2025-03-06,2025-03-06 13:44:00,724.09,724.35,724.09,724.35,0.04,273.0,197146.87,1
2025-03-06,2025-03-06 13:45:00,724.35,724.61,724.35,724.61,0.04,273.0,197146.87,1
2025-03-06,2025-03-06 13:46:00,724.61,724.86,724.61,724.86,0.03,273.0,197146.87,1
2025-03-06,2025-03-06 13:47:00,724.86,725.12,724.86,725.12,0.04,273.0,197146.87,1
2025-03-06,2025-03-06 13:48:00,725.12,725.38,725.12,725.38,0.04,273.0,197146.87,1
2025-03-06,2025-03-06 13:49:00,725.38,725.63,725.38,725.63,0.03,273.0,197146.87,1
2025-03-06,2025-03-06 13:50:00,725.63,725.89,725.63,725.89,0.04,273.0,197146.87,1
2025-03-06,2025-03-06 13:51:00,725.89,726.15,725.89,726.15,0.04,273.0,197146.87,1
2025-03-06,2025-03-06 13:52:00,726.15,726.4,726.15,726.4,0.03,273.0,197146.87,1
2025-03-06,2025-03-06 13:53:00,726.4,726.66,726.4,726.66,0.04,273.0,197146.87,1
2025-03-06,2025-03-06 13:54:00,726.66,726.92,726.66,726.92,0.04,273.0,197146.87,1
2025-03-06,2025-03-06 13:55:00,726.92,727.17,726.92,727.17,0.03,273.0,197146.87,1
2025-03-06,2025-03-06 13:56:00,727.17,727.43,727.17,727.43,0.04,273.0,197146.87,1
2025-03-06,2025-03-06 13:57:00,727.43,727.69,727.43,727.69,0.04,273.0,197146.87,1
2025-03-06,2025-03-06 13:58:00,727.69,727.94,727.69,727.94,0.03,273.0,197146.87,1
2025-03-06,2025-03-06 13:59:00,727.94,728.2,727.94,728.2,0.04,273.0,197146.87,1
2025-03-06,2025-03-06 14:00:00,728.2,728.46,728.2,728.46,0.04,273.0,197146.87,1
2025-03-06,2025-03-06 14:01:00,728.46,728.71,728.46,728.71,0.03,273.0,197146.87,1
2025-03-06,2025-03-06 14:02:00,728.71,728.97,728.71,728.97,0.04,273.0,197146.87,1
2025-03-06,2025-03-06 14:03:00,728.97,729.23,728.97,729.23,0.04,273.0,197146.87,1
2025-03-06,2025-03-06 14:04:00,729.23,729.48,729.23,729.48,0.03,273.0,197146.87,1
2025-03-06,2025-03-06 14:05:00,729.48,729.74,729.48,729.74,0.04,273.0,197146.87,1
2025-03-06,2025-03-06 14:06:00,729.74,730.0,729.74,730.0,0.04,273.0,197146.87,1
2025-03-06,2025-03-06 14:07:00,730.0,730.25,730.0,730.25,0.03,273.0,197146.87,1
2025-03-06,2025-03-06 14:08:00,730.25,730.51,730.25,730.51,0.04,273.0,197146.87,1
2025-03-06,2025-03-06 14:09:00,730.51,730.77,730.51,730.77,0.04,273.0,197146.87,1
2025-03-06,2025-03-06 14:10:00,730.77,731.02,730.77,731.02,0.03,273.0,197146.87,1
2025-03-06,2025-03-06 14:11:00,731.02,731.28,731.02,731.28,0.04,273.0,197146.87,1
2025-03-06,2025-03-06 14:12:00,731.28,731.54,731.28,731.54,0.04,273.0,197146.87,1
2025-03-06,2025-03-06 14:13:00,731.54,731.79,731.54,731.79,0.03,273.0,197146.87,1
2025-03-06,2025-03-06 14:14:00,731.79,732.05,731.79,732.05,0.04,273.0,197146.87,1
2025-03-06,2025-03-06 14:15:00,732.05,732.31,732.05,732.31,0.04,273.0,197146.87,1
2025-03-06,2025-03-06 14:16:00,732.31,732.56,732.31,732.56,0.03,273.0,197146.87,1
2025-03-06,2025-03-06 14:17:00,732.56,732.82,732.56,732.82,0.04,273.0,197146.87,1
2025-03-06,2025-03-06 14:18:00,732.82,733.08,732.82,733.08,0.04,273.0,197146.87,1
2025-03-06,2025-03-06 14:19:00,733.08,733.33,733.08,733.33,0.03,273.0,197146.87,1
2025-03-06,2025-03-06 14:20:00,733.33,733.59,733.33,733.59,0.04,273.0,197146.87,1
2025-03-06,2025-03-06 14:21:00,733.59,733.85,733.59,733.85,0.04,273.0,197146.87,1
2025-03-06,2025-03-06 14:22:00,733.85,734.1,733.85,734.1,0.03,273.0,197146.87,1
2025-03-06,2025-03-06 14:23:00,734.1,734.36,734.1,734.36,0.04,273.0,197146.87,1
2025-03-06,2025-03-06 14:24:00,734.36,734.62,734.36,734.62,0.04,273.0,197146.87,1
2025-03-06,2025-03-06 14:25:00,734.62,734.87,734.62,734.87,0.03,273.0,197146.87,1
2025-03-06,2025-03-06 14:26:00,734.87,735.13,734.87,735.13,0.04,273.0,197146.87,1
2025-03-06,2025-03-06 14:27:00,735.13,735.39,735.13,735.39,0.04,273.0,197146.87,1
2025-03-06,2025-03-06 14:28:00,735.39,735.64,735.39,735.64,0.03,273.0,197146.87,1
2025-03-06,2025-03-06 14:29:00,735.64,735.9,735.64,735.9,0.04,273.0,197146.87,1
2025-03-06,2025-03-06 14:30:00,735.9,736.16,735.9,736.16,0.04,273.0,197146.87,1
2025-03-06,2025-03-06 14:31:00,736.16,736.41,736.16,736.41,0.03,273.0,197146.87,1
2025-03-06,2025-03-06 14:32:00,736.41,736.67,736.41,736.67,0.04,273.0,197146.87,1
2025-03-06,2025-03-06 14:33:00,736.67,736.93,736.67,736.93,0.04,273.0,197146.87,1
2025-03-06,2025-03-06 14:34:00,736.93,737.18,736.93,737.18,0.03,273.0,197146.87,1
2025-03-06,2025-03-06 14:35:00,737.18,737.44,737.18,737.44,0.04,273.0,197146.87,1
2025-03-06,2025-03-06 14:36:00,737.44,737.7,737.44,737.7,0.04,273.0,197146.87,1
2025-03-06,2025-03-06 14:37:00,737.7,737.95,737.7,737.95,0.03,273.0,197146.87,1
2025-03-06,2025-03-06 14:38:00,737.95,738.21,737.95,738.21,0.04,273.0,197146.87,1
2025-03-06,2025-03-06 14:39:00,738.21,738.47,738.21,738.47,0.04,273.0,197146.87,1
2025-03-06,2025-03-06 14:40:00,738.47,738.72,738.47,738.72,0.03,273.0,197146.87,1
2025-03-06,2025-03-06 14:41:00,738.72,738.98,738.72,738.98,0.04,273.0,197146.87,1
2025-03-06,2025-03-06 14:42:00,738.98,739.24,738.98,739.24,0.04,273.0,197146.87,1
2025-03-06,2025-03-06 14:43:00,739.24,739.49,739.24,739.49,0.03,273.0,197146.87,1
2025-03-06,2025-03-06 14:44:00,739.49,739.75,739.49,739.75,0.04,273.0,197146.87,1
2025-03-06,2025-03-06 14:45:00,739.75,740.01,739.75,740.01,0.04,273.0,197146.87,1
2025-03-06,2025-03-06 14:46:00,740.01,740.26,740.01,740.26,0.03,273.0,197146.87,1
2025-03-06,2025-03-06 14:47:00,740.26,740.52,740.26,740.52,0.04,273.0,197146.87,1
2025-03-06,2025-03-06 14:48:00,740.52,740.78,740.52,740.78,0.04,273.0,197146.87,1
2025-03-06,2025-03-06 14:49:00,740.78,741.03,740.78,741.03,0.03,273.0,197146.87,1
2025-03-06,2025-03-06 14:50:00,741.03,741.29,741.03,741.29,0.04,273.0,197146.87,1
2025-03-06,2025-03-06 14:51:00,741.29,741.55,741.29,741.55,0.04,273.0,197146.87,1
2025-03-06,2025-03-06 14:52:00,741.55,741.8,741.55,741.8,0.03,273.0,197146.87,1
2025-03-06,2025-03-06 14:53:00,741.8,742.06,741.8,742.06,0.04,273.0,197146.87,1
2025-03-06,2025-03-06 14:54:00,742.06,742.32,742.06,742.32,0.04,273.0,197146.87,1
2025-03-06,2025-03-06 14:55:00,742.32,742.57,742.32,742.57,0.03,273.0,197146.87,1
2025-03-06,2025-03-06 14:56:00,742.57,742.83,742.57,742.83,0.04,273.0,197146.87,1
2025-03-06,2025-03-06 14:57:00,742.83,743.09,742.83,743.09,0.04,273.0,197146.87,1
2025-03-06,2025-03-06 14:58:00,743.09,743.34,743.09,743.34,0.03,273.0,197146.87,1
2025-03-06,2025-03-06 14:59:00,743.34,743.6,743.34,743.6,0.03,273.0,197146.87,1
2025-03-06,2025-03-06 15:00:00,743.6,743.6,679.0,743.6,0.0,273.0,197146.87,0
2025-03-09,2025-03-09 11:00:00,758.4,776.25,758.4,758.65,0.03,225.36,184134.61,1
2025-03-09,2025-03-09 11:01:00,758.65,758.9,758.65,758.9,0.03,225.36,184134.61,1
2025-03-09,2025-03-09 11:02:00,758.9,759.14,758.9,759.14,0.03,225.36,184134.61,1
2025-03-09,2025-03-09 11:03:00,759.14,759.39,759.14,759.39,0.03,225.36,184134.61,1
2025-03-09,2025-03-09 11:04:00,759.39,759.64,759.39,759.64,0.03,225.36,184134.61,1
2025-03-09,2025-03-09 11:05:00,759.64,759.89,759.64,759.89,0.03,225.36,184134.61,1
2025-03-09,2025-03-09 11:06:00,759.89,760.14,759.89,760.14,0.03,225.36,184134.61,1
2025-03-09,2025-03-09 11:07:00,760.14,760.38,760.14,760.38,0.03,225.36,184134.61,1
2025-03-09,2025-03-09 11:08:00,760.38,760.63,760.38,760.63,0.03,225.36,184134.61,1
2025-03-09,2025-03-09 11:09:00,760.63,760.88,760.63,760.88,0.03,225.36,184134.61,1
2025-03-09,2025-03-09 11:10:00,760.88,761.13,760.88,761.13,0.03,225.36,184134.61,1
2025-03-09,2025-03-09 11:11:00,761.13,761.38,761.13,761.38,0.03,225.36,184134.61,1
2025-03-09,2025-03-09 11:12:00,761.38,761.62,761.38,761.62,0.03,225.36,184134.61,1
2025-03-09,2025-03-09 11:13:00,761.62,761.87,761.62,761.87,0.03,225.36,184134.61,1
2025-03-09,2025-03-09 11:14:00,761.87,762.12,761.87,762.12,0.03,225.36,184134.61,1
2025-03-09,2025-03-09 11:15:00,762.12,762.37,762.12,762.37,0.03,225.36,184134.61,1
2025-03-09,2025-03-09 11:16:00,762.37,762.61,762.37,762.61,0.03,225.36,184134.61,1
2025-03-09,2025-03-09 11:17:00,762.61,762.86,762.61,762.86,0.03,225.36,184134.61,1
2025-03-09,2025-03-09 11:18:00,762.86,763.11,762.86,763.11,0.03,225.36,184134.61,1
2025-03-09,2025-03-09 11:19:00,763.11,763.36,763.11,763.36,0.03,225.36,184134.61,1
2025-03-09,2025-03-09 11:20:00,763.36,763.61,763.36,763.61,0.03,225.36,184134.61,1
2025-03-09,2025-03-09 11:21:00,763.61,763.85,763.61,763.85,0.03,225.36,184134.61,1
2025-03-09,2025-03-09 11:22:00,763.85,764.1,763.85,764.1,0.03,225.36,184134.61,1
2025-03-09,2025-03-09 11:23:00,764.1,764.35,764.1,764.35,0.03,225.36,184134.61,1
2025-03-09,2025-03-09 11:24:00,764.35,764.6,764.35,764.6,0.03,225.36,184134.61,1
2025-03-09,2025-03-09 11:25:00,764.6,764.85,764.6,764.85,0.03,225.36,184134.61,1
2025-03-09,2025-03-09 11:26:00,764.85,765.09,764.85,765.09,0.03,225.36,184134.61,1
2025-03-09,2025-03-09 11:27:00,765.09,765.34,765.09,765.34,0.03,225.36,184134.61,1
2025-03-09,2025-03-09 11:28:00,765.34,765.59,765.34,765.59,0.03,225.36,184134.61,1
2025-03-09,2025-03-09 11:29:00,765.59,765.84,765.59,765.84,0.03,225.36,184134.61,1
2025-03-09,2025-03-09 11:30:00,765.84,766.09,765.84,766.09,0.03,225.36,184134.61,1
2025-03-09,2025-03-09 11:31:00,766.09,766.33,766.09,766.33,0.03,225.36,184134.61,1
2025-03-09,2025-03-09 11:32:00,766.33,766.58,766.33,766.58,0.03,225.36,184134.61,1
2025-03-09,2025-03-09 11:33:00,766.58,766.83,766.58,766.83,0.03,225.36,184134.61,1
2025-03-09,2025-03-09 11:34:00,766.83,767.08,766.83,767.08,0.03,225.36,184134.61,1
2025-03-09,2025-03-09 11:35:00,767.08,767.32,767.08,767.32,0.03,225.36,184134.61,1
2025-03-09,2025-03-09 11:36:00,767.32,767.57,767.32,767.57,0.03,225.36,184134.61,1
2025-03-09,2025-03-09 11:37:00,767.57,767.82,767.57,767.82,0.03,225.36,184134.61,1
2025-03-09,2025-03-09 11:38:00,767.82,768.07,767.82,768.07,0.03,225.36,184134.61,1
2025-03-09,2025-03-09 11:39:00,768.07,768.32,768.07,768.32,0.03,225.36,184134.61,1
2025-03-09,2025-03-09 11:40:00,768.32,768.56,768.32,768.56,0.03,225.36,184134.61,1
2025-03-09,2025-03-09 11:41:00,768.56,768.81,768.56,768.81,0.03,225.36,184134.61,1
2025-03-09,2025-03-09 11:42:00,768.81,769.06,768.81,769.06,0.03,225.36,184134.61,1
2025-03-09,2025-03-09 11:43:00,769.06,769.31,769.06,769.31,0.03,225.36,184134.61,1
2025-03-09,2025-03-09 11:44:00,769.31,769.56,769.31,769.56,0.03,225.36,184134.61,1
2025-03-09,2025-03-09 11:45:00,769.56,769.8,769.56,769.8,0.03,225.36,184134.61,1
2025-03-09,2025-03-09 11:46:00,769.8,770.05,769.8,770.05,0.03,225.36,184134.61,1
2025-03-09,2025-03-09 11:47:00,770.05,770.3,770.05,770.3,0.03,225.36,184134.61,1
2025-03-09,2025-03-09 11:48:00,770.3,770.55,770.3,770.55,0.03,225.36,184134.61,1
2025-03-09,2025-03-09 11:49:00,770.55,770.8,770.55,770.8,0.03,225.36,184134.61,1
2025-03-09,2025-03-09 11:50:00,770.8,771.04,770.8,771.04,0.03,225.36,184134.61,1
2025-03-09,2025-03-09 11:51:00,771.04,771.29,771.04,771.29,0.03,225.36,184134.61,1
2025-03-09,2025-03-09 11:52:00,771.29,771.54,771.29,771.54,0.03,225.36,184134.61,1
2025-03-09,2025-03-09 11:53:00,771.54,771.79,771.54,771.79,0.03,225.36,184134.61,1
2025-03-09,2025-03-09 11:54:00,771.79,772.04,771.79,772.04,0.03,225.36,184134.61,1
2025-03-09,2025-03-09 11:55:00,772.04,772.28,772.04,772.28,0.03,225.36,184134.61,1
2025-03-09,2025-03-09 11:56:00,772.28,772.53,772.28,772.53,0.03,225.36,184134.61,1
2025-03-09,2025-03-09 11:57:00,772.53,772.78,772.53,772.78,0.03,225.36,184134.61,1
2025-03-09,2025-03-09 11:58:00,772.78,773.03,772.78,773.03,0.03,225.36,184134.61,1
2025-03-09,2025-03-09 11:59:00,773.03,773.27,773.03,773.27,0.03,225.36,184134.61,1
2025-03-09,2025-03-09 12:00:00,773.27,773.52,773.27,773.52,0.03,225.36,184134.61,1
2025-03-09,2025-03-09 12:01:00,773.52,773.77,773.52,773.77,0.03,225.36,184134.61,1
2025-03-09,2025-03-09 12:02:00,773.77,774.02,773.77,774.02,0.03,225.36,184134.61,1
2025-03-09,2025-03-09 12:03:00,774.02,774.27,774.02,774.27,0.03,225.36,184134.61,1
2025-03-09,2025-03-09 12:04:00,774.27,774.51,774.27,774.51,0.03,225.36,184134.61,1
2025-03-09,2025-03-09 12:05:00,774.51,774.76,774.51,774.76,0.03,225.36,184134.61,1
2025-03-09,2025-03-09 12:06:00,774.76,775.01,774.76,775.01,0.03,225.36,184134.61,1
2025-03-09,2025-03-09 12:07:00,775.01,775.26,775.01,775.26,0.03,225.36,184134.61,1
2025-03-09,2025-03-09 12:08:00,775.26,775.51,775.26,775.51,0.03,225.36,184134.61,1
2025-03-09,2025-03-09 12:09:00,775.51,775.75,775.51,775.75,0.03,225.36,184134.61,1
2025-03-09,2025-03-09 12:10:00,775.75,776.0,775.75,776.0,0.03,225.36,184134.61,1
2025-03-09,2025-03-09 12:11:00,776.0,776.25,776.0,776.25,0.03,225.36,184134.61,1
2025-03-09,2025-03-09 12:12:00,776.25,776.5,776.25,776.5,0.03,225.36,184134.61,1
2025-03-09,2025-03-09 12:13:00,776.5,776.75,776.5,776.75,0.03,225.36,184134.61,1
2025-03-09,2025-03-09 12:14:00,776.75,776.99,776.75,776.99,0.03,225.36,184134.61,1
2025-03-09,2025-03-09 12:15:00,776.99,777.24,776.99,777.24,0.03,225.36,184134.61,1
2025-03-09,2025-03-09 12:16:00,777.24,777.49,777.24,777.49,0.03,225.36,184134.61,1
2025-03-09,2025-03-09 12:17:00,777.49,777.74,777.49,777.74,0.03,225.36,184134.61,1
2025-03-09,2025-03-09 12:18:00,777.74,777.99,777.74,777.99,0.03,225.36,184134.61,1
2025-03-09,2025-03-09 12:19:00,777.99,778.23,777.99,778.23,0.03,225.36,184134.61,1
2025-03-09,2025-03-09 12:20:00,778.23,778.48,778.23,778.48,0.03,225.36,184134.61,1
2025-03-09,2025-03-09 12:21:00,778.48,778.73,778.48,778.73,0.03,225.36,184134.61,1
2025-03-09,2025-03-09 12:22:00,778.73,778.98,778.73,778.98,0.03,225.36,184134.61,1
2025-03-09,2025-03-09 12:23:00,778.98,779.23,778.98,779.23,0.03,225.36,184134.61,1
2025-03-09,2025-03-09 12:24:00,779.23,779.47,779.23,779.47,0.03,225.36,184134.61,1
2025-03-09,2025-03-09 12:25:00,779.47,779.72,779.47,779.72,0.03,225.36,184134.61,1
2025-03-09,2025-03-09 12:26:00,779.72,779.97,779.72,779.97,0.03,225.36,184134.61,1
2025-03-09,2025-03-09 12:27:00,779.97,780.22,779.97,780.22,0.03,225.36,184134.61,1
2025-03-09,2025-03-09 12:28:00,780.22,780.46,780.22,780.46,0.03,225.36,184134.61,1
2025-03-09,2025-03-09 12:29:00,780.46,780.71,780.46,780.71,0.03,225.36,184134.61,1
2025-03-09,2025-03-09 12:30:00,780.71,780.96,780.71,780.96,0.03,225.36,184134.61,1
2025-03-09,2025-03-09 12:31:00,780.96,781.21,780.96,781.21,0.03,225.36,184134.61,1
2025-03-09,2025-03-09 12:32:00,781.21,781.46,781.21,781.46,0.03,225.36,184134.61,1
2025-03-09,2025-03-09 12:33:00,781.46,781.7,781.46,781.7,0.03,225.36,184134.61,1
2025-03-09,2025-03-09 12:34:00,781.7,781.95,781.7,781.95,0.03,225.36,184134.61,1
2025-03-09,2025-03-09 12:35:00,781.95,782.2,781.95,782.2,0.03,225.36,184134.61,1
2025-03-09,2025-03-09 12:36:00,782.2,782.45,782.2,782.45,0.03,225.36,184134.61,1
2025-03-09,2025-03-09 12:37:00,782.45,782.7,782.45,782.7,0.03,225.36,184134.61,1
2025-03-09,2025-03-09 12:38:00,782.7,782.94,782.7,782.94,0.03,225.36,184134.61,1
2025-03-09,2025-03-09 12:39:00,782.94,783.19,782.94,783.19,0.03,225.36,184134.61,1
2025-03-09,2025-03-09 12:40:00,783.19,783.44,783.19,783.44,0.03,225.36,184134.61,1
2025-03-09,2025-03-09 12:41:00,783.44,783.69,783.44,783.69,0.03,225.36,184134.61,1
2025-03-09,2025-03-09 12:42:00,783.69,783.94,783.69,783.94,0.03,225.36,184134.61,1
2025-03-09,2025-03-09 12:43:00,783.94,784.18,783.94,784.18,0.03,225.36,184134.61,1
2025-03-09,2025-03-09 12:44:00,784.18,784.43,784.18,784.43,0.03,225.36,184134.61,1
2025-03-09,2025-03-09 12:45:00,784.43,784.68,784.43,784.68,0.03,225.36,184134.61,1
2025-03-09,2025-03-09 12:46:00,784.68,784.93,784.68,784.93,0.03,225.36,184134.61,1
2025-03-09,2025-03-09 12:47:00,784.93,785.17,784.93,785.17,0.03,225.36,184134.61,1
2025-03-09,2025-03-09 12:48:00,785.17,785.42,785.17,785.42,0.03,225.36,184134.61,1
2025-03-09,2025-03-09 12:49:00,785.42,785.67,785.42,785.67,0.03,225.36,184134.61,1
2025-03-09,2025-03-09 12:50:00,785.67,785.92,785.67,785.92,0.03,225.36,184134.61,1
2025-03-09,2025-03-09 12:51:00,785.92,786.17,785.92,786.17,0.03,225.36,184134.61,1
2025-03-09,2025-03-09 12:52:00,786.17,786.41,786.17,786.41,0.03,225.36,184134.61,1
2025-03-09,2025-03-09 12:53:00,786.41,786.66,786.41,786.66,0.03,225.36,184134.61,1
2025-03-09,2025-03-09 12:54:00,786.66,786.91,786.66,786.91,0.03,225.36,184134.61,1
2025-03-09,2025-03-09 12:55:00,786.91,787.16,786.91,787.16,0.03,225.36,184134.61,1
2025-03-09,2025-03-09 12:56:00,787.16,787.41,787.16,787.41,0.03,225.36,184134.61,1
2025-03-09,2025-03-09 12:57:00,787.41,787.65,787.41,787.65,0.03,225.36,184134.61,1
2025-03-09,2025-03-09 12:58:00,787.65,787.9,787.65,787.9,0.03,225.36,184134.61,1
2025-03-09,2025-03-09 12:59:00,787.9,788.15,787.9,788.15,0.03,225.36,184134.61,1
2025-03-09,2025-03-09 13:00:00,788.15,817.9,758.4,788.4,0.03,225.36,184134.61,1
2025-03-09,2025-03-09 13:01:00,788.4,788.65,788.4,788.65,0.03,225.36,184134.61,1
2025-03-09,2025-03-09 13:02:00,788.65,788.89,788.65,788.89,0.03,225.36,184134.61,1
2025-03-09,2025-03-09 13:03:00,788.89,789.14,788.89,789.14,0.03,225.36,184134.61,1
2025-03-09,2025-03-09 13:04:00,789.14,789.39,789.14,789.39,0.03,225.36,184134.61,1
2025-03-09,2025-03-09 13:05:00,789.39,789.64,789.39,789.64,0.03,225.36,184134.61,1
2025-03-09,2025-03-09 13:06:00,789.64,789.89,789.64,789.89,0.03,225.36,184134.61,1
2025-03-09,2025-03-09 13:07:00,789.89,790.13,789.89,790.13,0.03,225.36,184134.61,1
2025-03-09,2025-03-09 13:08:00,790.13,790.38,790.13,790.38,0.03,225.36,184134.61,1
2025-03-09,2025-03-09 13:09:00,790.38,790.63,790.38,790.63,0.03,225.36,184134.61,1
2025-03-09,2025-03-09 13:10:00,790.63,790.88,790.63,790.88,0.03,225.36,184134.61,1
2025-03-09,2025-03-09 13:11:00,790.88,791.12,790.88,791.12,0.03,225.36,184134.61,1
2025-03-09,2025-03-09 13:12:00,791.12,791.37,791.12,791.37,0.03,225.36,184134.61,1
2025-03-09,2025-03-09 13:13:00,791.37,791.62,791.37,791.62,0.03,225.36,184134.61,1
2025-03-09,2025-03-09 13:14:00,791.62,791.87,791.62,791.87,0.03,225.36,184134.61,1
2025-03-09,2025-03-09 13:15:00,791.87,792.12,791.87,792.12,0.03,225.36,184134.61,1
2025-03-09,2025-03-09 13:16:00,792.12,792.36,792.12,792.36,0.03,225.36,184134.61,1
2025-03-09,2025-03-09 13:17:00,792.36,792.61,792.36,792.61,0.03,225.36,184134.61,1
2025-03-09,2025-03-09 13:18:00,792.61,792.86,792.61,792.86,0.03,225.36,184134.61,1
2025-03-09,2025-03-09 13:19:00,792.86,793.11,792.86,793.11,0.03,225.36,184134.61,1
2025-03-09,2025-03-09 13:20:00,793.11,793.36,793.11,793.36,0.03,225.36,184134.61,1
2025-03-09,2025-03-09 13:21:00,793.36,793.6,793.36,793.6,0.03,225.36,184134.61,1
2025-03-09,2025-03-09 13:22:00,793.6,793.85,793.6,793.85,0.03,225.36,184134.61,1
2025-03-09,2025-03-09 13:23:00,793.85,794.1,793.85,794.1,0.03,225.36,184134.61,1
2025-03-09,2025-03-09 13:24:00,794.1,794.35,794.1,794.35,0.03,225.36,184134.61,1
2025-03-09,2025-03-09 13:25:00,794.35,794.6,794.35,794.6,0.03,225.36,184134.61,1
2025-03-09,2025-03-09 13:26:00,794.6,794.84,794.6,794.84,0.03,225.36,184134.61,1
2025-03-09,2025-03-09 13:27:00,794.84,795.09,794.84,795.09,0.03,225.36,184134.61,1
2025-03-09,2025-03-09 13:28:00,795.09,795.34,795.09,795.34,0.03,225.36,184134.61,1
2025-03-09,2025-03-09 13:29:00,795.34,795.59,795.34,795.59,0.03,225.36,184134.61,1
2025-03-09,2025-03-09 13:30:00,795.59,795.84,795.59,795.84,0.03,225.36,184134.61,1
2025-03-09,2025-03-09 13:31:00,795.84,796.08,795.84,796.08,0.03,225.36,184134.61,1
2025-03-09,2025-03-09 13:32:00,796.08,796.33,796.08,796.33,0.03,225.36,184134.61,1
2025-03-09,2025-03-09 13:33:00,796.33,796.58,796.33,796.58,0.03,225.36,184134.61,1
2025-03-09,2025-03-09 13:34:00,796.58,796.83,796.58,796.83,0.03,225.36,184134.61,1
2025-03-09,2025-03-09 13:35:00,796.83,797.07,796.83,797.07,0.03,225.36,184134.61,1
2025-03-09,2025-03-09 13:36:00,797.07,797.32,797.07,797.32,0.03,225.36,184134.61,1
2025-03-09,2025-03-09 13:37:00,797.32,797.57,797.32,797.57,0.03,225.36,184134.61,1
2025-03-09,2025-03-09 13:38:00,797.57,797.82,797.57,797.82,0.03,225.36,184134.61,1
2025-03-09,2025-03-09 13:39:00,797.82,798.07,797.82,798.07,0.03,225.36,184134.61,1
2025-03-09,2025-03-09 13:40:00,798.07,798.31,798.07,798.31,0.03,225.36,184134.61,1
2025-03-09,2025-03-09 13:41:00,798.31,798.56,798.31,798.56,0.03,225.36,184134.61,1
2025-03-09,2025-03-09 13:42:00,798.56,798.81,798.56,798.81,0.03,225.36,184134.61,1
2025-03-09,2025-03-09 13:43:00,798.81,799.06,798.81,799.06,0.03,225.36,184134.61,1
2025-03-09,2025-03-09 13:44:00,799.06,799.31,799.06,799.31,0.03,225.36,184134.61,1
2025-03-09,2025-03-09 13:45:00,799.31,799.55,799.31,799.55,0.03,225.36,184134.61,1
2025-03-09,2025-03-09 13:46:00,799.55,799.8,799.55,799.8,0.03,225.36,184134.61,1
2025-03-09,2025-03-09 13:47:00,799.8,800.05,799.8,800.05,0.03,225.36,184134.61,1
2025-03-09,2025-03-09 13:48:00,800.05,800.3,800.05,800.3,0.03,225.36,184134.61,1
2025-03-09,2025-03-09 13:49:00,800.3,800.55,800.3,800.55,0.03,225.36,184134.61,1
2025-03-09,2025-03-09 13:50:00,800.55,800.79,800.55,800.79,0.03,225.36,184134.61,1
2025-03-09,2025-03-09 13:51:00,800.79,801.04,800.79,801.04,0.03,225.36,184134.61,1
2025-03-09,2025-03-09 13:52:00,801.04,801.29,801.04,801.29,0.03,225.36,184134.61,1
2025-03-09,2025-03-09 13:53:00,801.29,801.54,801.29,801.54,0.03,225.36,184134.61,1
2025-03-09,2025-03-09 13:54:00,801.54,801.79,801.54,801.79,0.03,225.36,184134.61,1
2025-03-09,2025-03-09 13:55:00,801.79,802.03,801.79,802.03,0.03,225.36,184134.61,1
2025-03-09,2025-03-09 13:56:00,802.03,802.28,802.03,802.28,0.03,225.36,184134.61,1
2025-03-09,2025-03-09 13:57:00,802.28,802.53,802.28,802.53,0.03,225.36,184134.61,1
2025-03-09,2025-03-09 13:58:00,802.53,802.78,802.53,802.78,0.03,225.36,184134.61,1
2025-03-09,2025-03-09 13:59:00,802.78,803.02,802.78,803.02,0.03,225.36,184134.61,1
2025-03-09,2025-03-09 14:00:00,803.02,803.27,803.02,803.27,0.03,225.36,184134.61,1
2025-03-09,2025-03-09 14:01:00,803.27,803.52,803.27,803.52,0.03,225.36,184134.61,1
2025-03-09,2025-03-09 14:02:00,803.52,803.77,803.52,803.77,0.03,225.36,184134.61,1
2025-03-09,2025-03-09 14:03:00,803.77,804.02,803.77,804.02,0.03,225.36,184134.61,1
2025-03-09,2025-03-09 14:04:00,804.02,804.26,804.02,804.26,0.03,225.36,184134.61,1
2025-03-09,2025-03-09 14:05:00,804.26,804.51,804.26,804.51,0.03,225.36,184134.61,1
2025-03-09,2025-03-09 14:06:00,804.51,804.76,804.51,804.76,0.03,225.36,184134.61,1
2025-03-09,2025-03-09 14:07:00,804.76,805.01,804.76,805.01,0.03,225.36,184134.61,1
2025-03-09,2025-03-09 14:08:00,805.01,805.26,805.01,805.26,0.03,225.36,184134.61,1
2025-03-09,2025-03-09 14:09:00,805.26,805.5,805.26,805.5,0.03,225.36,184134.61,1
2025-03-09,2025-03-09 14:10:00,805.5,805.75,805.5,805.75,0.03,225.36,184134.61,1
2025-03-09,2025-03-09 14:11:00,805.75,806.0,805.75,806.0,0.03,225.36,184134.61,1
2025-03-09,2025-03-09 14:12:00,806.0,806.25,806.0,806.25,0.03,225.36,184134.61,1
2025-03-09,2025-03-09 14:13:00,806.25,806.5,806.25,806.5,0.03,225.36,184134.61,1
2025-03-09,2025-03-09 14:14:00,806.5,806.74,806.5,806.74,0.03,225.36,184134.61,1
2025-03-09,2025-03-09 14:15:00,806.74,806.99,806.74,806.99,0.03,225.36,184134.61,1
2025-03-09,2025-03-09 14:16:00,806.99,807.24,806.99,807.24,0.03,225.36,184134.61,1
2025-03-09,2025-03-09 14:17:00,807.24,807.49,807.24,807.49,0.03,225.36,184134.61,1
2025-03-09,2025-03-09 14:18:00,807.49,807.74,807.49,807.74,0.03,225.36,184134.61,1
2025-03-09,2025-03-09 14:19:00,807.74,807.98,807.74,807.98,0.03,225.36,184134.61,1
2025-03-09,2025-03-09 14:20:00,807.98,808.23,807.98,808.23,0.03,225.36,184134.61,1
2025-03-09,2025-03-09 14:21:00,808.23,808.48,808.23,808.48,0.03,225.36,184134.61,1
2025-03-09,2025-03-09 14:22:00,808.48,808.73,808.48,808.73,0.03,225.36,184134.61,1
2025-03-09,2025-03-09 14:23:00,808.73,808.98,808.73,808.98,0.03,225.36,184134.61,1
2025-03-09,2025-03-09 14:24:00,808.98,809.22,808.98,809.22,0.03,225.36,184134.61,1
2025-03-09,2025-03-09 14:25:00,809.22,809.47,809.22,809.47,0.03,225.36,184134.61,1
2025-03-09,2025-03-09 14:26:00,809.47,809.72,809.47,809.72,0.03,225.36,184134.61,1
2025-03-09,2025-03-09 14:27:00,809.72,809.97,809.72,809.97,0.03,225.36,184134.61,1
2025-03-09,2025-03-09 14:28:00,809.97,810.21,809.97,810.21,0.03,225.36,184134.61,1
2025-03-09,2025-03-09 14:29:00,810.21,810.46,810.21,810.46,0.03,225.36,184134.61,1
2025-03-09,2025-03-09 14:30:00,810.46,810.71,810.46,810.71,0.03,225.36,184134.61,1
2025-03-09,2025-03-09 14:31:00,810.71,810.96,810.71,810.96,0.03,225.36,184134.61,1
2025-03-09,2025-03-09 14:32:00,810.96,811.21,810.96,811.21,0.03,225.36,184134.61,1
2025-03-09,2025-03-09 14:33:00,811.21,811.45,811.21,811.45,0.03,225.36,184134.61,1
2025-03-09,2025-03-09 14:34:00,811.45,811.7,811.45,811.7,0.03,225.36,184134.61,1
2025-03-09,2025-03-09 14:35:00,811.7,811.95,811.7,811.95,0.03,225.36,184134.61,1
2025-03-09,2025-03-09 14:36:00,811.95,812.2,811.95,812.2,0.03,225.36,184134.61,1
2025-03-09,2025-03-09 14:37:00,812.2,812.45,812.2,812.45,0.03,225.36,184134.61,1
2025-03-09,2025-03-09 14:38:00,812.45,812.69,812.45,812.69,0.03,225.36,184134.61,1
2025-03-09,2025-03-09 14:39:00,812.69,812.94,812.69,812.94,0.03,225.36,184134.61,1
2025-03-09,2025-03-09 14:40:00,812.94,813.19,812.94,813.19,0.03,225.36,184134.61,1
2025-03-09,2025-03-09 14:41:00,813.19,813.44,813.19,813.44,0.03,225.36,184134.61,1
2025-03-09,2025-03-09 14:42:00,813.44,813.69,813.44,813.69,0.03,225.36,184134.61,1
2025-03-09,2025-03-09 14:43:00,813.69,813.93,813.69,813.93,0.03,225.36,184134.61,1
2025-03-09,2025-03-09 14:44:00,813.93,814.18,813.93,814.18,0.03,225.36,184134.61,1
2025-03-09,2025-03-09 14:45:00,814.18,814.43,814.18,814.43,0.03,225.36,184134.61,1
2025-03-09,2025-03-09 14:46:00,814.43,814.68,814.43,814.68,0.03,225.36,184134.61,1
2025-03-09,2025-03-09 14:47:00,814.68,814.92,814.68,814.92,0.03,225.36,184134.61,1
2025-03-09,2025-03-09 14:48:00,814.92,815.17,814.92,815.17,0.03,225.36,184134.61,1
2025-03-09,2025-03-09 14:49:00,815.17,815.42,815.17,815.42,0.03,225.36,184134.61,1
2025-03-09,2025-03-09 14:50:00,815.42,815.67,815.42,815.67,0.03,225.36,184134.61,1
2025-03-09,2025-03-09 14:51:00,815.67,815.92,815.67,815.92,0.03,225.36,184134.61,1
2025-03-09,2025-03-09 14:52:00,815.92,816.16,815.92,816.16,0.03,225.36,184134.61,1
2025-03-09,2025-03-09 14:53:00,816.16,816.41,816.16,816.41,0.03,225.36,184134.61,1
2025-03-09,2025-03-09 14:54:00,816.41,816.66,816.41,816.66,0.03,225.36,184134.61,1
2025-03-09,2025-03-09 14:55:00,816.66,816.91,816.66,816.91,0.03,225.36,184134.61,1
2025-03-09,2025-03-09 14:56:00,816.91,817.16,816.91,817.16,0.03,225.36,184134.61,1
2025-03-09,2025-03-09 14:57:00,817.16,817.4,817.16,817.4,0.03,225.36,184134.61,1
2025-03-09,2025-03-09 14:58:00,817.4,817.65,817.4,817.65,0.03,225.36,184134.61,1
2025-03-09,2025-03-09 14:59:00,817.65,817.9,817.65,817.9,0.03,225.36,184134.61,1
2025-03-09,2025-03-09 15:00:00,817.9,817.9,758.4,817.9,0.0,225.36,184134.61,0
2025-03-10,2025-03-10 11:00:00,834.2,844.04,825.14,834.14,-0.01,354.94,293111.48,-1
2025-03-10,2025-03-10 11:01:00,834.14,834.14,834.08,834.08,-0.01,354.94,293111.48,-1
2025-03-10,2025-03-10 11:02:00,834.08,834.08,834.02,834.02,-0.01,354.94,293111.48,-1
2025-03-10,2025-03-10 11:03:00,834.02,834.02,833.96,833.96,-0.01,354.94,293111.48,-1
2025-03-10,2025-03-10 11:04:00,833.96,833.96,833.9,833.9,-0.01,354.94,293111.48,-1
2025-03-10,2025-03-10 11:05:00,833.9,833.9,833.85,833.85,-0.01,354.94,293111.48,-1
2025-03-10,2025-03-10 11:06:00,833.85,833.85,833.79,833.79,-0.01,354.94,293111.48,-1
2025-03-10,2025-03-10 11:07:00,833.79,833.79,833.73,833.73,-0.01,354.94,293111.48,-1
2025-03-10,2025-03-10 11:08:00,833.73,833.73,833.67,833.67,-0.01,354.94,293111.48,-1
2025-03-10,2025-03-10 11:09:00,833.67,833.67,833.61,833.61,-0.01,354.94,293111.48,-1
2025-03-10,2025-03-10 11:10:00,833.61,833.61,833.55,833.55,-0.01,354.94,293111.48,-1
2025-03-10,2025-03-10 11:11:00,833.55,833.55,833.49,833.49,-0.01,354.94,293111.48,-1
2025-03-10,2025-03-10 11:12:00,833.49,833.49,833.43,833.43,-0.01,354.94,293111.48,-1
2025-03-10,2025-03-10 11:13:00,833.43,833.43,833.37,833.37,-0.01,354.94,293111.48,-1
2025-03-10,2025-03-10 11:14:00,833.37,833.37,833.31,833.31,-0.01,354.94,293111.48,-1
2025-03-10,2025-03-10 11:15:00,833.31,833.31,833.25,833.25,-0.01,354.94,293111.48,-1
2025-03-10,2025-03-10 11:16:00,833.25,833.25,833.19,833.19,-0.01,354.94,293111.48,-1
2025-03-10,2025-03-10 11:17:00,833.19,833.19,833.13,833.13,-0.01,354.94,293111.48,-1
2025-03-10,2025-03-10 11:18:00,833.13,833.13,833.08,833.08,-0.01,354.94,293111.48,-1
2025-03-10,2025-03-10 11:19:00,833.08,833.08,833.02,833.02,-0.01,354.94,293111.48,-1
2025-03-10,2025-03-10 11:20:00,833.02,833.02,832.96,832.96,-0.01,354.94,293111.48,-1
2025-03-10,2025-03-10 11:21:00,832.96,832.96,832.9,832.9,-0.01,354.94,293111.48,-1
2025-03-10,2025-03-10 11:22:00,832.9,832.9,832.84,832.84,-0.01,354.94,293111.48,-1
2025-03-10,2025-03-10 11:23:00,832.84,832.84,832.78,832.78,-0.01,354.94,293111.48,-1
2025-03-10,2025-03-10 11:24:00,832.78,832.78,832.72,832.72,-0.01,354.94,293111.48,-1
2025-03-10,2025-03-10 11:25:00,832.72,832.72,832.66,832.66,-0.01,354.94,293111.48,-1
2025-03-10,2025-03-10 11:26:00,832.66,832.66,832.6,832.6,-0.01,354.94,293111.48,-1
2025-03-10,2025-03-10 11:27:00,832.6,832.6,832.54,832.54,-0.01,354.94,293111.48,-1
2025-03-10,2025-03-10 11:28:00,832.54,832.54,832.48,832.48,-0.01,354.94,293111.48,-1
2025-03-10,2025-03-10 11:29:00,832.48,832.48,832.43,832.43,-0.01,354.94,293111.48,-1
2025-03-10,2025-03-10 11:30:00,832.43,832.43,832.37,832.37,-0.01,354.94,293111.48,-1
2025-03-10,2025-03-10 11:31:00,832.37,832.37,832.31,832.31,-0.01,354.94,293111.48,-1
2025-03-10,2025-03-10 11:32:00,832.31,832.31,832.25,832.25,-0.01,354.94,293111.48,-1
2025-03-10,2025-03-10 11:33:00,832.25,832.25,832.19,832.19,-0.01,354.94,293111.48,-1
2025-03-10,2025-03-10 11:34:00,832.19,832.19,832.13,832.13,-0.01,354.94,293111.48,-1
2025-03-10,2025-03-10 11:35:00,832.13,832.13,832.07,832.07,-0.01,354.94,293111.48,-1
2025-03-10,2025-03-10 11:36:00,832.07,832.07,832.01,832.01,-0.01,354.94,293111.48,-1
2025-03-10,2025-03-10 11:37:00,832.01,832.01,831.95,831.95,-0.01,354.94,293111.48,-1
2025-03-10,2025-03-10 11:38:00,831.95,831.95,831.89,831.89,-0.01,354.94,293111.48,-1
2025-03-10,2025-03-10 11:39:00,831.89,831.89,831.83,831.83,-0.01,354.94,293111.48,-1
2025-03-10,2025-03-10 11:40:00,831.83,831.83,831.77,831.77,-0.01,354.94,293111.48,-1
2025-03-10,2025-03-10 11:41:00,831.77,831.77,831.72,831.72,-0.01,354.94,293111.48,-1
2025-03-10,2025-03-10 11:42:00,831.72,831.72,831.66,831.66,-0.01,354.94,293111.48,-1
2025-03-10,2025-03-10 11:43:00,831.66,831.66,831.6,831.6,-0.01,354.94,293111.48,-1
2025-03-10,2025-03-10 11:44:00,831.6,831.6,831.54,831.54,-0.01,354.94,293111.48,-1
2025-03-10,2025-03-10 11:45:00,831.54,831.54,831.48,831.48,-0.01,354.94,293111.48,-1
2025-03-10,2025-03-10 11:46:00,831.48,831.48,831.42,831.42,-0.01,354.94,293111.48,-1
2025-03-10,2025-03-10 11:47:00,831.42,831.42,831.36,831.36,-0.01,354.94,293111.48,-1
2025-03-10,2025-03-10 11:48:00,831.36,831.36,831.3,831.3,-0.01,354.94,293111.48,-1
2025-03-10,2025-03-10 11:49:00,831.3,831.3,831.24,831.24,-0.01,354.94,293111.48,-1
2025-03-10,2025-03-10 11:50:00,831.24,831.24,831.18,831.18,-0.01,354.94,293111.48,-1
2025-03-10,2025-03-10 11:51:00,831.18,831.18,831.12,831.12,-0.01,354.94,293111.48,-1
2025-03-10,2025-03-10 11:52:00,831.12,831.12,831.06,831.06,-0.01,354.94,293111.48,-1
2025-03-10,2025-03-10 11:53:00,831.06,831.06,831.0,831.0,-0.01,354.94,293111.48,-1
2025-03-10,2025-03-10 11:54:00,831.0,831.0,830.95,830.95,-0.01,354.94,293111.48,-1
2025-03-10,2025-03-10 11:55:00,830.95,830.95,830.89,830.89,-0.01,354.94,293111.48,-1
2025-03-10,2025-03-10 11:56:00,830.89,830.89,830.83,830.83,-0.01,354.94,293111.48,-1
2025-03-10,2025-03-10 11:57:00,830.83,830.83,830.77,830.77,-0.01,354.94,293111.48,-1
2025-03-10,2025-03-10 11:58:00,830.77,830.77,830.71,830.71,-0.01,354.94,293111.48,-1
2025-03-10,2025-03-10 11:59:00,830.71,830.71,830.65,830.65,-0.01,354.94,293111.48,-1
2025-03-10,2025-03-10 12:00:00,830.65,830.65,830.59,830.59,-0.01,354.94,293111.48,-1
2025-03-10,2025-03-10 12:01:00,830.59,830.59,830.53,830.53,-0.01,354.94,293111.48,-1
2025-03-10,2025-03-10 12:02:00,830.53,830.53,830.47,830.47,-0.01,354.94,293111.48,-1
2025-03-10,2025-03-10 12:03:00,830.47,830.47,830.41,830.41,-0.01,354.94,293111.48,-1
2025-03-10,2025-03-10 12:04:00,830.41,830.41,830.35,830.35,-0.01,354.94,293111.48,-1
2025-03-10,2025-03-10 12:05:00,830.35,830.35,830.3,830.3,-0.01,354.94,293111.48,-1
2025-03-10,2025-03-10 12:06:00,830.3,830.3,830.24,830.24,-0.01,354.94,293111.48,-1
2025-03-10,2025-03-10 12:07:00,830.24,830.24,830.18,830.18,-0.01,354.94,293111.48,-1
2025-03-10,2025-03-10 12:08:00,830.18,830.18,830.12,830.12,-0.01,354.94,293111.48,-1
2025-03-10,2025-03-10 12:09:00,830.12,830.12,830.06,830.06,-0.01,354.94,293111.48,-1
2025-03-10,2025-03-10 12:10:00,830.06,830.06,830.0,830.0,-0.01,354.94,293111.48,-1
2025-03-10,2025-03-10 12:11:00,830.0,830.0,829.94,829.94,-0.01,354.94,293111.48,-1
2025-03-10,2025-03-10 12:12:00,829.94,829.94,829.88,829.88,-0.01,354.94,293111.48,-1
2025-03-10,2025-03-10 12:13:00,829.88,829.88,829.82,829.82,-0.01,354.94,293111.48,-1
2025-03-10,2025-03-10 12:14:00,829.82,829.82,829.76,829.76,-0.01,354.94,293111.48,-1
2025-03-10,2025-03-10 12:15:00,829.76,829.76,829.7,829.7,-0.01,354.94,293111.48,-1
2025-03-10,2025-03-10 12:16:00,829.7,829.7,829.64,829.64,-0.01,354.94,293111.48,-1
2025-03-10,2025-03-10 12:17:00,829.64,829.64,829.59,829.59,-0.01,354.94,293111.48,-1
2025-03-10,2025-03-10 12:18:00,829.59,829.59,829.53,829.53,-0.01,354.94,293111.48,-1
2025-03-10,2025-03-10 12:19:00,829.53,829.53,829.47,829.47,-0.01,354.94,293111.48,-1
2025-03-10,2025-03-10 12:20:00,829.47,829.47,829.41,829.41,-0.01,354.94,293111.48,-1
2025-03-10,2025-03-10 12:21:00,829.41,829.41,829.35,829.35,-0.01,354.94,293111.48,-1
2025-03-10,2025-03-10 12:22:00,829.35,829.35,829.29,829.29,-0.01,354.94,293111.48,-1
2025-03-10,2025-03-10 12:23:00,829.29,829.29,829.23,829.23,-0.01,354.94,293111.48,-1
2025-03-10,2025-03-10 12:24:00,829.23,829.23,829.17,829.17,-0.01,354.94,293111.48,-1
2025-03-10,2025-03-10 12:25:00,829.17,829.17,829.11,829.11,-0.01,354.94,293111.48,-1
2025-03-10,2025-03-10 12:26:00,829.11,829.11,829.05,829.05,-0.01,354.94,293111.48,-1
2025-03-10,2025-03-10 12:27:00,829.05,829.05,828.99,828.99,-0.01,354.94,293111.48,-1
2025-03-10,2025-03-10 12:28:00,828.99,828.99,828.93,828.93,-0.01,354.94,293111.48,-1
2025-03-10,2025-03-10 12:29:00,828.93,828.93,828.88,828.88,-0.01,354.94,293111.48,-1
2025-03-10,2025-03-10 12:30:00,828.88,828.88,828.82,828.82,-0.01,354.94,293111.48,-1
2025-03-10,2025-03-10 12:31:00,828.82,828.82,828.76,828.76,-0.01,354.94,293111.48,-1
2025-03-10,2025-03-10 12:32:00,828.76,828.76,828.7,828.7,-0.01,354.94,293111.48,-1
2025-03-10,2025-03-10 12:33:00,828.7,828.7,828.64,828.64,-0.01,354.94,293111.48,-1
2025-03-10,2025-03-10 12:34:00,828.64,828.64,828.58,828.58,-0.01,354.94,293111.48,-1
2025-03-10,2025-03-10 12:35:00,828.58,828.58,828.52,828.52,-0.01,354.94,293111.48,-1
2025-03-10,2025-03-10 12:36:00,828.52,828.52,828.46,828.46,-0.01,354.94,293111.48,-1
2025-03-10,2025-03-10 12:37:00,828.46,828.46,828.4,828.4,-0.01,354.94,293111.48,-1
2025-03-10,2025-03-10 12:38:00,828.4,828.4,828.34,828.34,-0.01,354.94,293111.48,-1
2025-03-10,2025-03-10 12:39:00,828.34,828.34,828.28,828.28,-0.01,354.94,293111.48,-1
2025-03-10,2025-03-10 12:40:00,828.28,828.28,828.22,828.22,-0.01,354.94,293111.48,-1
2025-03-10,2025-03-10 12:41:00,828.22,828.22,828.17,828.17,-0.01,354.94,293111.48,-1
2025-03-10,2025-03-10 12:42:00,828.17,828.17,828.11,828.11,-0.01,354.94,293111.48,-1
2025-03-10,2025-03-10 12:43:00,828.11,828.11,828.05,828.05,-0.01,354.94,293111.48,-1
2025-03-10,2025-03-10 12:44:00,828.05,828.05,827.99,827.99,-0.01,354.94,293111.48,-1
2025-03-10,2025-03-10 12:45:00,827.99,827.99,827.93,827.93,-0.01,354.94,293111.48,-1
2025-03-10,2025-03-10 12:46:00,827.93,827.93,827.87,827.87,-0.01,354.94,293111.48,-1
2025-03-10,2025-03-10 12:47:00,827.87,827.87,827.81,827.81,-0.01,354.94,293111.48,-1
2025-03-10,2025-03-10 12:48:00,827.81,827.81,827.75,827.75,-0.01,354.94,293111.48,-1
2025-03-10,2025-03-10 12:49:00,827.75,827.75,827.69,827.69,-0.01,354.94,293111.48,-1
2025-03-10,2025-03-10 12:50:00,827.69,827.69,827.63,827.63,-0.01,354.94,293111.48,-1
2025-03-10,2025-03-10 12:51:00,827.63,827.63,827.57,827.57,-0.01,354.94,293111.48,-1
2025-03-10,2025-03-10 12:52:00,827.57,827.57,827.51,827.51,-0.01,354.94,293111.48,-1
2025-03-10,2025-03-10 12:53:00,827.51,827.51,827.46,827.46,-0.01,354.94,293111.48,-1
2025-03-10,2025-03-10 12:54:00,827.46,827.46,827.4,827.4,-0.01,354.94,293111.48,-1
2025-03-10,2025-03-10 12:55:00,827.4,827.4,827.34,827.34,-0.01,354.94,293111.48,-1
2025-03-10,2025-03-10 12:56:00,827.34,827.34,827.28,827.28,-0.01,354.94,293111.48,-1
2025-03-10,2025-03-10 12:57:00,827.28,827.28,827.22,827.22,-0.01,354.94,293111.48,-1
2025-03-10,2025-03-10 12:58:00,827.22,827.22,827.16,827.16,-0.01,354.94,293111.48,-1
2025-03-10,2025-03-10 12:59:00,827.16,827.16,827.1,827.1,-0.01,354.94,293111.48,-1
2025-03-10,2025-03-10 13:00:00,827.1,867.0,804.0,827.04,-0.01,354.94,293111.48,-1
2025-03-10,2025-03-10 13:01:00,827.04,827.04,826.98,826.98,-0.01,354.94,293111.48,-1
2025-03-10,2025-03-10 13:02:00,826.98,826.98,826.92,826.92,-0.01,354.94,293111.48,-1
2025-03-10,2025-03-10 13:03:00,826.92,826.92,826.86,826.86,-0.01,354.94,293111.48,-1
2025-03-10,2025-03-10 13:04:00,826.86,826.86,826.8,826.8,-0.01,354.94,293111.48,-1
2025-03-10,2025-03-10 13:05:00,826.8,826.8,826.75,826.75,-0.01,354.94,293111.48,-1
2025-03-10,2025-03-10 13:06:00,826.75,826.75,826.69,826.69,-0.01,354.94,293111.48,-1
2025-03-10,2025-03-10 13:07:00,826.69,826.69,826.63,826.63,-0.01,354.94,293111.48,-1
2025-03-10,2025-03-10 13:08:00,826.63,826.63,826.57,826.57,-0.01,354.94,293111.48,-1
2025-03-10,2025-03-10 13:09:00,826.57,826.57,826.51,826.51,-0.01,354.94,293111.48,-1
2025-03-10,2025-03-10 13:10:00,826.51,826.51,826.45,826.45,-0.01,354.94,293111.48,-1
2025-03-10,2025-03-10 13:11:00,826.45,826.45,826.39,826.39,-0.01,354.94,293111.48,-1
2025-03-10,2025-03-10 13:12:00,826.39,826.39,826.33,826.33,-0.01,354.94,293111.48,-1
2025-03-10,2025-03-10 13:13:00,826.33,826.33,826.27,826.27,-0.01,354.94,293111.48,-1
2025-03-10,2025-03-10 13:14:00,826.27,826.27,826.21,826.21,-0.01,354.94,293111.48,-1
2025-03-10,2025-03-10 13:15:00,826.21,826.21,826.15,826.15,-0.01,354.94,293111.48,-1
2025-03-10,2025-03-10 13:16:00,826.15,826.15,826.09,826.09,-0.01,354.94,293111.48,-1
2025-03-10,2025-03-10 13:17:00,826.09,826.09,826.03,826.03,-0.01,354.94,293111.48,-1
2025-03-10,2025-03-10 13:18:00,826.03,826.03,825.98,825.98,-0.01,354.94,293111.48,-1
2025-03-10,2025-03-10 13:19:00,825.98,825.98,825.92,825.92,-0.01,354.94,293111.48,-1
2025-03-10,2025-03-10 13:20:00,825.92,825.92,825.86,825.86,-0.01,354.94,293111.48,-1
2025-03-10,2025-03-10 13:21:00,825.86,825.86,825.8,825.8,-0.01,354.94,293111.48,-1
2025-03-10,2025-03-10 13:22:00,825.8,825.8,825.74,825.74,-0.01,354.94,293111.48,-1
2025-03-10,2025-03-10 13:23:00,825.74,825.74,825.68,825.68,-0.01,354.94,293111.48,-1
2025-03-10,2025-03-10 13:24:00,825.68,825.68,825.62,825.62,-0.01,354.94,293111.48,-1
2025-03-10,2025-03-10 13:25:00,825.62,825.62,825.56,825.56,-0.01,354.94,293111.48,-1
2025-03-10,2025-03-10 13:26:00,825.56,825.56,825.5,825.5,-0.01,354.94,293111.48,-1
2025-03-10,2025-03-10 13:27:00,825.5,825.5,825.44,825.44,-0.01,354.94,293111.48,-1
2025-03-10,2025-03-10 13:28:00,825.44,825.44,825.38,825.38,-0.01,354.94,293111.48,-1
2025-03-10,2025-03-10 13:29:00,825.38,825.38,825.33,825.33,-0.01,354.94,293111.48,-1
2025-03-10,2025-03-10 13:30:00,825.33,825.33,825.27,825.27,-0.01,354.94,293111.48,-1
2025-03-10,2025-03-10 13:31:00,825.27,825.27,825.21,825.21,-0.01,354.94,293111.48,-1
2025-03-10,2025-03-10 13:32:00,825.21,825.21,825.15,825.15,-0.01,354.94,293111.48,-1
2025-03-10,2025-03-10 13:33:00,825.15,825.15,825.09,825.09,-0.01,354.94,293111.48,-1
2025-03-10,2025-03-10 13:34:00,825.09,825.09,825.03,825.03,-0.01,354.94,293111.48,-1
2025-03-10,2025-03-10 13:35:00,825.03,825.03,824.97,824.97,-0.01,354.94,293111.48,-1
2025-03-10,2025-03-10 13:36:00,824.97,824.97,824.91,824.91,-0.01,354.94,293111.48,-1
2025-03-10,2025-03-10 13:37:00,824.91,824.91,824.85,824.85,-0.01,354.94,293111.48,-1
2025-03-10,2025-03-10 13:38:00,824.85,824.85,824.79,824.79,-0.01,354.94,293111.48,-1
2025-03-10,2025-03-10 13:39:00,824.79,824.79,824.73,824.73,-0.01,354.94,293111.48,-1
2025-03-10,2025-03-10 13:40:00,824.73,824.73,824.67,824.67,-0.01,354.94,293111.48,-1
2025-03-10,2025-03-10 13:41:00,824.67,824.67,824.62,824.62,-0.01,354.94,293111.48,-1
2025-03-10,2025-03-10 13:42:00,824.62,824.62,824.56,824.56,-0.01,354.94,293111.48,-1
2025-03-10,2025-03-10 13:43:00,824.56,824.56,824.5,824.5,-0.01,354.94,293111.48,-1
2025-03-10,2025-03-10 13:44:00,824.5,824.5,824.44,824.44,-0.01,354.94,293111.48,-1
2025-03-10,2025-03-10 13:45:00,824.44,824.44,824.38,824.38,-0.01,354.94,293111.48,-1
2025-03-10,2025-03-10 13:46:00,824.38,824.38,824.32,824.32,-0.01,354.94,293111.48,-1
2025-03-10,2025-03-10 13:47:00,824.32,824.32,824.26,824.26,-0.01,354.94,293111.48,-1
2025-03-10,2025-03-10 13:48:00,824.26,824.26,824.2,824.2,-0.01,354.94,293111.48,-1
2025-03-10,2025-03-10 13:49:00,824.2,824.2,824.14,824.14,-0.01,354.94,293111.48,-1
2025-03-10,2025-03-10 13:50:00,824.14,824.14,824.08,824.08,-0.01,354.94,293111.48,-1
2025-03-10,2025-03-10 13:51:00,824.08,824.08,824.02,824.02,-0.01,354.94,293111.48,-1
2025-03-10,2025-03-10 13:52:00,824.02,824.02,823.96,823.96,-0.01,354.94,293111.48,-1
2025-03-10,2025-03-10 13:53:00,823.96,823.96,823.9,823.9,-0.01,354.94,293111.48,-1
2025-03-10,2025-03-10 13:54:00,823.9,823.9,823.85,823.85,-0.01,354.94,293111.48,-1
2025-03-10,2025-03-10 13:55:00,823.85,823.85,823.79,823.79,-0.01,354.94,293111.48,-1
2025-03-10,2025-03-10 13:56:00,823.79,823.79,823.73,823.73,-0.01,354.94,293111.48,-1
2025-03-10,2025-03-10 13:57:00,823.73,823.73,823.67,823.67,-0.01,354.94,293111.48,-1
2025-03-10,2025-03-10 13:58:00,823.67,823.67,823.61,823.61,-0.01,354.94,293111.48,-1
2025-03-10,2025-03-10 13:59:00,823.61,823.61,823.55,823.55,-0.01,354.94,293111.48,-1
2025-03-10,2025-03-10 14:00:00,823.55,823.55,823.49,823.49,-0.01,354.94,293111.48,-1
2025-03-10,2025-03-10 14:01:00,823.49,823.49,823.43,823.43,-0.01,354.94,293111.48,-1
2025-03-10,2025-03-10 14:02:00,823.43,823.43,823.37,823.37,-0.01,354.94,293111.48,-1
2025-03-10,2025-03-10 14:03:00,823.37,823.37,823.31,823.31,-0.01,354.94,293111.48,-1
2025-03-10,2025-03-10 14:04:00,823.31,823.31,823.25,823.25,-0.01,354.94,293111.48,-1
2025-03-10,2025-03-10 14:05:00,823.25,823.25,823.2,823.2,-0.01,354.94,293111.48,-1
2025-03-10,2025-03-10 14:06:00,823.2,823.2,823.14,823.14,-0.01,354.94,293111.48,-1
2025-03-10,2025-03-10 14:07:00,823.14,823.14,823.08,823.08,-0.01,354.94,293111.48,-1
2025-03-10,2025-03-10 14:08:00,823.08,823.08,823.02,823.02,-0.01,354.94,293111.48,-1
2025-03-10,2025-03-10 14:09:00,823.02,823.02,822.96,822.96,-0.01,354.94,293111.48,-1
2025-03-10,2025-03-10 14:10:00,822.96,822.96,822.9,822.9,-0.01,354.94,293111.48,-1
2025-03-10,2025-03-10 14:11:00,822.9,822.9,822.84,822.84,-0.01,354.94,293111.48,-1
2025-03-10,2025-03-10 14:12:00,822.84,822.84,822.78,822.78,-0.01,354.94,293111.48,-1
2025-03-10,2025-03-10 14:13:00,822.78,822.78,822.72,822.72,-0.01,354.94,293111.48,-1
2025-03-10,2025-03-10 14:14:00,822.72,822.72,822.66,822.66,-0.01,354.94,293111.48,-1
2025-03-10,2025-03-10 14:15:00,822.66,822.66,822.6,822.6,-0.01,354.94,293111.48,-1
2025-03-10,2025-03-10 14:16:00,822.6,822.6,822.54,822.54,-0.01,354.94,293111.48,-1
2025-03-10,2025-03-10 14:17:00,822.54,822.54,822.49,822.49,-0.01,354.94,293111.48,-1
2025-03-10,2025-03-10 14:18:00,822.49,822.49,822.43,822.43,-0.01,354.94,293111.48,-1
2025-03-10,2025-03-10 14:19:00,822.43,822.43,822.37,822.37,-0.01,354.94,293111.48,-1
2025-03-10,2025-03-10 14:20:00,822.37,822.37,822.31,822.31,-0.01,354.94,293111.48,-1
2025-03-10,2025-03-10 14:21:00,822.31,822.31,822.25,822.25,-0.01,354.94,293111.48,-1
2025-03-10,2025-03-10 14:22:00,822.25,822.25,822.19,822.19,-0.01,354.94,293111.48,-1
2025-03-10,2025-03-10 14:23:00,822.19,822.19,822.13,822.13,-0.01,354.94,293111.48,-1
2025-03-10,2025-03-10 14:24:00,822.13,822.13,822.07,822.07,-0.01,354.94,293111.48,-1
2025-03-10,2025-03-10 14:25:00,822.07,822.07,822.01,822.01,-0.01,354.94,293111.48,-1
2025-03-10,2025-03-10 14:26:00,822.01,822.01,821.95,821.95,-0.01,354.94,293111.48,-1
2025-03-10,2025-03-10 14:27:00,821.95,821.95,821.89,821.89,-0.01,354.94,293111.48,-1
2025-03-10,2025-03-10 14:28:00,821.89,821.89,821.83,821.83,-0.01,354.94,293111.48,-1
2025-03-10,2025-03-10 14:29:00,821.83,821.83,821.77,821.77,-0.01,354.94,293111.48,-1
2025-03-10,2025-03-10 14:30:00,821.77,821.77,821.72,821.72,-0.01,354.94,293111.48,-1
2025-03-10,2025-03-10 14:31:00,821.72,821.72,821.66,821.66,-0.01,354.94,293111.48,-1
2025-03-10,2025-03-10 14:32:00,821.66,821.66,821.6,821.6,-0.01,354.94,293111.48,-1
2025-03-10,2025-03-10 14:33:00,821.6,821.6,821.54,821.54,-0.01,354.94,293111.48,-1
2025-03-10,2025-03-10 14:34:00,821.54,821.54,821.48,821.48,-0.01,354.94,293111.48,-1
2025-03-10,2025-03-10 14:35:00,821.48,821.48,821.42,821.42,-0.01,354.94,293111.48,-1
2025-03-10,2025-03-10 14:36:00,821.42,821.42,821.36,821.36,-0.01,354.94,293111.48,-1
2025-03-10,2025-03-10 14:37:00,821.36,821.36,821.3,821.3,-0.01,354.94,293111.48,-1
2025-03-10,2025-03-10 14:38:00,821.3,821.3,821.24,821.24,-0.01,354.94,293111.48,-1
2025-03-10,2025-03-10 14:39:00,821.24,821.24,821.18,821.18,-0.01,354.94,293111.48,-1
2025-03-10,2025-03-10 14:40:00,821.18,821.18,821.12,821.12,-0.01,354.94,293111.48,-1
2025-03-10,2025-03-10 14:41:00,821.12,821.12,821.07,821.07,-0.01,354.94,293111.48,-1
2025-03-10,2025-03-10 14:42:00,821.07,821.07,821.01,821.01,-0.01,354.94,293111.48,-1
2025-03-10,2025-03-10 14:43:00,821.01,821.01,820.95,820.95,-0.01,354.94,293111.48,-1
2025-03-10,2025-03-10 14:44:00,820.95,820.95,820.89,820.89,-0.01,354.94,293111.48,-1
2025-03-10,2025-03-10 14:45:00,820.89,820.89,820.83,820.83,-0.01,354.94,293111.48,-1
2025-03-10,2025-03-10 14:46:00,820.83,820.83,820.77,820.77,-0.01,354.94,293111.48,-1
2025-03-10,2025-03-10 14:47:00,820.77,820.77,820.71,820.71,-0.01,354.94,293111.48,-1
2025-03-10,2025-03-10 14:48:00,820.71,820.71,820.65,820.65,-0.01,354.94,293111.48,-1
2025-03-10,2025-03-10 14:49:00,820.65,820.65,820.59,820.59,-0.01,354.94,293111.48,-1
2025-03-10,2025-03-10 14:50:00,820.59,820.59,820.53,820.53,-0.01,354.94,293111.48,-1
2025-03-10,2025-03-10 14:51:00,820.53,820.53,820.47,820.47,-0.01,354.94,293111.48,-1
2025-03-10,2025-03-10 14:52:00,820.47,820.47,820.41,820.41,-0.01,354.94,293111.48,-1
2025-03-10,2025-03-10 14:53:00,820.41,820.41,820.36,820.36,-0.01,354.94,293111.48,-1
2025-03-10,2025-03-10 14:54:00,820.36,820.36,820.3,820.3,-0.01,354.94,293111.48,-1
2025-03-10,2025-03-10 14:55:00,820.3,820.3,820.24,820.24,-0.01,354.94,293111.48,-1
2025-03-10,2025-03-10 14:56:00,820.24,820.24,820.18,820.18,-0.01,354.94,293111.48,-1
2025-03-10,2025-03-10 14:57:00,820.18,820.18,820.12,820.12,-0.01,354.94,293111.48,-1
2025-03-10,2025-03-10 14:58:00,820.12,820.12,820.06,820.06,-0.01,354.94,293111.48,-1
2025-03-10,2025-03-10 14:59:00,820.06,820.06,820.0,820.0,-0.01,354.94,293111.48,-1
2025-03-10,2025-03-10 15:00:00,820.0,867.0,804.0,820.0,0.0,354.94,293111.48,0
2025-03-11,2025-03-11 11:00:00,804.0,811.8,799.56,803.98,-0.0,147.71,120121.97,-1
2025-03-11,2025-03-11 11:01:00,803.98,803.98,803.96,803.96,-0.0,147.71,120121.97,-1
2025-03-11,2025-03-11 11:02:00,803.96,803.96,803.94,803.94,-0.0,147.71,120121.97,-1
2025-03-11,2025-03-11 11:03:00,803.94,803.94,803.92,803.92,-0.0,147.71,120121.97,-1
2025-03-11,2025-03-11 11:04:00,803.92,803.92,803.9,803.9,-0.0,147.71,120121.97,-1
2025-03-11,2025-03-11 11:05:00,803.9,803.9,803.88,803.88,-0.0,147.71,120121.97,-1
2025-03-11,2025-03-11 11:06:00,803.88,803.88,803.85,803.85,-0.0,147.71,120121.97,-1
2025-03-11,2025-03-11 11:07:00,803.85,803.85,803.83,803.83,-0.0,147.71,120121.97,-1
2025-03-11,2025-03-11 11:08:00,803.83,803.83,803.81,803.81,-0.0,147.71,120121.97,-1
2025-03-11,2025-03-11 11:09:00,803.81,803.81,803.79,803.79,-0.0,147.71,120121.97,-1
2025-03-11,2025-03-11 11:10:00,803.79,803.79,803.77,803.77,-0.0,147.71,120121.97,-1
2025-03-11,2025-03-11 11:11:00,803.77,803.77,803.75,803.75,-0.0,147.71,120121.97,-1
2025-03-11,2025-03-11 11:12:00,803.75,803.75,803.73,803.73,-0.0,147.71,120121.97,-1
2025-03-11,2025-03-11 11:13:00,803.73,803.73,803.71,803.71,-0.0,147.71,120121.97,-1
2025-03-11,2025-03-11 11:14:00,803.71,803.71,803.69,803.69,-0.0,147.71,120121.97,-1
2025-03-11,2025-03-11 11:15:00,803.69,803.69,803.67,803.67,-0.0,147.71,120121.97,-1
2025-03-11,2025-03-11 11:16:00,803.67,803.67,803.65,803.65,-0.0,147.71,120121.97,-1
2025-03-11,2025-03-11 11:17:00,803.65,803.65,803.62,803.62,-0.0,147.71,120121.97,-1
2025-03-11,2025-03-11 11:18:00,803.62,803.62,803.6,803.6,-0.0,147.71,120121.97,-1
2025-03-11,2025-03-11 11:19:00,803.6,803.6,803.58,803.58,-0.0,147.71,120121.97,-1
2025-03-11,2025-03-11 11:20:00,803.58,803.58,803.56,803.56,-0.0,147.71,120121.97,-1
2025-03-11,2025-03-11 11:21:00,803.56,803.56,803.54,803.54,-0.0,147.71,120121.97,-1
2025-03-11,2025-03-11 11:22:00,803.54,803.54,803.52,803.52,-0.0,147.71,120121.97,-1
2025-03-11,2025-03-11 11:23:00,803.52,803.52,803.5,803.5,-0.0,147.71,120121.97,-1
2025-03-11,2025-03-11 11:24:00,803.5,803.5,803.48,803.48,-0.0,147.71,120121.97,-1
2025-03-11,2025-03-11 11:25:00,803.48,803.48,803.46,803.46,-0.0,147.71,120121.97,-1
2025-03-11,2025-03-11 11:26:00,803.46,803.46,803.44,803.44,-0.0,147.71,120121.97,-1
2025-03-11,2025-03-11 11:27:00,803.44,803.44,803.42,803.42,-0.0,147.71,120121.97,-1
2025-03-11,2025-03-11 11:28:00,803.42,803.42,803.4,803.4,-0.0,147.71,120121.97,-1
2025-03-11,2025-03-11 11:29:00,803.4,803.4,803.38,803.38,-0.0,147.71,120121.97,-1
2025-03-11,2025-03-11 11:30:00,803.38,803.38,803.35,803.35,-0.0,147.71,120121.97,-1
2025-03-11,2025-03-11 11:31:00,803.35,803.35,803.33,803.33,-0.0,147.71,120121.97,-1
2025-03-11,2025-03-11 11:32:00,803.33,803.33,803.31,803.31,-0.0,147.71,120121.97,-1
2025-03-11,2025-03-11 11:33:00,803.31,803.31,803.29,803.29,-0.0,147.71,120121.97,-1
2025-03-11,2025-03-11 11:34:00,803.29,803.29,803.27,803.27,-0.0,147.71,120121.97,-1
2025-03-11,2025-03-11 11:35:00,803.27,803.27,803.25,803.25,-0.0,147.71,120121.97,-1
2025-03-11,2025-03-11 11:36:00,803.25,803.25,803.23,803.23,-0.0,147.71,120121.97,-1
2025-03-11,2025-03-11 11:37:00,803.23,803.23,803.21,803.21,-0.0,147.71,120121.97,-1
2025-03-11,2025-03-11 11:38:00,803.21,803.21,803.19,803.19,-0.0,147.71,120121.97,-1
2025-03-11,2025-03-11 11:39:00,803.19,803.19,803.17,803.17,-0.0,147.71,120121.97,-1
2025-03-11,2025-03-11 11:40:00,803.17,803.17,803.15,803.15,-0.0,147.71,120121.97,-1
2025-03-11,2025-03-11 11:41:00,803.15,803.15,803.12,803.12,-0.0,147.71,120121.97,-1
2025-03-11,2025-03-11 11:42:00,803.12,803.12,803.1,803.1,-0.0,147.71,120121.97,-1
2025-03-11,2025-03-11 11:43:00,803.1,803.1,803.08,803.08,-0.0,147.71,120121.97,-1
2025-03-11,2025-03-11 11:44:00,803.08,803.08,803.06,803.06,-0.0,147.71,120121.97,-1
2025-03-11,2025-03-11 11:45:00,803.06,803.06,803.04,803.04,-0.0,147.71,120121.97,-1
2025-03-11,2025-03-11 11:46:00,803.04,803.04,803.02,803.02,-0.0,147.71,120121.97,-1
2025-03-11,2025-03-11 11:47:00,803.02,803.02,803.0,803.0,-0.0,147.71,120121.97,-1
2025-03-11,2025-03-11 11:48:00,803.0,803.0,802.98,802.98,-0.0,147.71,120121.97,-1
2025-03-11,2025-03-11 11:49:00,802.98,802.98,802.96,802.96,-0.0,147.71,120121.97,-1
2025-03-11,2025-03-11 11:50:00,802.96,802.96,802.94,802.94,-0.0,147.71,120121.97,-1
2025-03-11,2025-03-11 11:51:00,802.94,802.94,802.92,802.92,-0.0,147.71,120121.97,-1
2025-03-11,2025-03-11 11:52:00,802.92,802.92,802.9,802.9,-0.0,147.71,120121.97,-1
2025-03-11,2025-03-11 11:53:00,802.9,802.9,802.88,802.88,-0.0,147.71,120121.97,-1
2025-03-11,2025-03-11 11:54:00,802.88,802.88,802.85,802.85,-0.0,147.71,120121.97,-1
2025-03-11,2025-03-11 11:55:00,802.85,802.85,802.83,802.83,-0.0,147.71,120121.97,-1
2025-03-11,2025-03-11 11:56:00,802.83,802.83,802.81,802.81,-0.0,147.71,120121.97,-1
2025-03-11,2025-03-11 11:57:00,802.81,802.81,802.79,802.79,-0.0,147.71,120121.97,-1
2025-03-11,2025-03-11 11:58:00,802.79,802.79,802.77,802.77,-0.0,147.71,120121.97,-1
2025-03-11,2025-03-11 11:59:00,802.77,802.77,802.75,802.75,-0.0,147.71,120121.97,-1
2025-03-11,2025-03-11 12:00:00,802.75,802.75,802.73,802.73,-0.0,147.71,120121.97,-1
2025-03-11,2025-03-11 12:01:00,802.73,802.73,802.71,802.71,-0.0,147.71,120121.97,-1
2025-03-11,2025-03-11 12:02:00,802.71,802.71,802.69,802.69,-0.0,147.71,120121.97,-1
2025-03-11,2025-03-11 12:03:00,802.69,802.69,802.67,802.67,-0.0,147.71,120121.97,-1
2025-03-11,2025-03-11 12:04:00,802.67,802.67,802.65,802.65,-0.0,147.71,120121.97,-1
2025-03-11,2025-03-11 12:05:00,802.65,802.65,802.62,802.62,-0.0,147.71,120121.97,-1
2025-03-11,2025-03-11 12:06:00,802.62,802.62,802.6,802.6,-0.0,147.71,120121.97,-1
2025-03-11,2025-03-11 12:07:00,802.6,802.6,802.58,802.58,-0.0,147.71,120121.97,-1
2025-03-11,2025-03-11 12:08:00,802.58,802.58,802.56,802.56,-0.0,147.71,120121.97,-1
2025-03-11,2025-03-11 12:09:00,802.56,802.56,802.54,802.54,-0.0,147.71,120121.97,-1
2025-03-11,2025-03-11 12:10:00,802.54,802.54,802.52,802.52,-0.0,147.71,120121.97,-1
2025-03-11,2025-03-11 12:11:00,802.52,802.52,802.5,802.5,-0.0,147.71,120121.97,-1
2025-03-11,2025-03-11 12:12:00,802.5,802.5,802.48,802.48,-0.0,147.71,120121.97,-1
2025-03-11,2025-03-11 12:13:00,802.48,802.48,802.46,802.46,-0.0,147.71,120121.97,-1
2025-03-11,2025-03-11 12:14:00,802.46,802.46,802.44,802.44,-0.0,147.71,120121.97,-1
2025-03-11,2025-03-11 12:15:00,802.44,802.44,802.42,802.42,-0.0,147.71,120121.97,-1
2025-03-11,2025-03-11 12:16:00,802.42,802.42,802.4,802.4,-0.0,147.71,120121.97,-1
2025-03-11,2025-03-11 12:17:00,802.4,802.4,802.38,802.38,-0.0,147.71,120121.97,-1
2025-03-11,2025-03-11 12:18:00,802.38,802.38,802.35,802.35,-0.0,147.71,120121.97,-1
2025-03-11,2025-03-11 12:19:00,802.35,802.35,802.33,802.33,-0.0,147.71,120121.97,-1
2025-03-11,2025-03-11 12:20:00,802.33,802.33,802.31,802.31,-0.0,147.71,120121.97,-1
2025-03-11,2025-03-11 12:21:00,802.31,802.31,802.29,802.29,-0.0,147.71,120121.97,-1
2025-03-11,2025-03-11 12:22:00,802.29,802.29,802.27,802.27,-0.0,147.71,120121.97,-1
2025-03-11,2025-03-11 12:23:00,802.27,802.27,802.25,802.25,-0.0,147.71,120121.97,-1
2025-03-11,2025-03-11 12:24:00,802.25,802.25,802.23,802.23,-0.0,147.71,120121.97,-1
2025-03-11,2025-03-11 12:25:00,802.23,802.23,802.21,802.21,-0.0,147.71,120121.97,-1
2025-03-11,2025-03-11 12:26:00,802.21,802.21,802.19,802.19,-0.0,147.71,120121.97,-1
2025-03-11,2025-03-11 12:27:00,802.19,802.19,802.17,802.17,-0.0,147.71,120121.97,-1
2025-03-11,2025-03-11 12:28:00,802.17,802.17,802.15,802.15,-0.0,147.71,120121.97,-1
2025-03-11,2025-03-11 12:29:00,802.15,802.15,802.12,802.12,-0.0,147.71,120121.97,-1
2025-03-11,2025-03-11 12:30:00,802.12,802.12,802.1,802.1,-0.0,147.71,120121.97,-1
2025-03-11,2025-03-11 12:31:00,802.1,802.1,802.08,802.08,-0.0,147.71,120121.97,-1
2025-03-11,2025-03-11 12:32:00,802.08,802.08,802.06,802.06,-0.0,147.71,120121.97,-1
2025-03-11,2025-03-11 12:33:00,802.06,802.06,802.04,802.04,-0.0,147.71,120121.97,-1
2025-03-11,2025-03-11 12:34:00,802.04,802.04,802.02,802.02,-0.0,147.71,120121.97,-1
2025-03-11,2025-03-11 12:35:00,802.02,802.02,802.0,802.0,-0.0,147.71,120121.97,-1
2025-03-11,2025-03-11 12:36:00,802.0,802.0,801.98,801.98,-0.0,147.71,120121.97,-1
2025-03-11,2025-03-11 12:37:00,801.98,801.98,801.96,801.96,-0.0,147.71,120121.97,-1
2025-03-11,2025-03-11 12:38:00,801.96,801.96,801.94,801.94,-0.0,147.71,120121.97,-1
2025-03-11,2025-03-11 12:39:00,801.94,801.94,801.92,801.92,-0.0,147.71,120121.97,-1
2025-03-11,2025-03-11 12:40:00,801.92,801.92,801.9,801.9,-0.0,147.71,120121.97,-1
2025-03-11,2025-03-11 12:41:00,801.9,801.9,801.88,801.88,-0.0,147.71,120121.97,-1
2025-03-11,2025-03-11 12:42:00,801.88,801.88,801.85,801.85,-0.0,147.71,120121.97,-1
2025-03-11,2025-03-11 12:43:00,801.85,801.85,801.83,801.83,-0.0,147.71,120121.97,-1
2025-03-11,2025-03-11 12:44:00,801.83,801.83,801.81,801.81,-0.0,147.71,120121.97,-1
2025-03-11,2025-03-11 12:45:00,801.81,801.81,801.79,801.79,-0.0,147.71,120121.97,-1
2025-03-11,2025-03-11 12:46:00,801.79,801.79,801.77,801.77,-0.0,147.71,120121.97,-1
2025-03-11,2025-03-11 12:47:00,801.77,801.77,801.75,801.75,-0.0,147.71,120121.97,-1
2025-03-11,2025-03-11 12:48:00,801.75,801.75,801.73,801.73,-0.0,147.71,120121.97,-1
2025-03-11,2025-03-11 12:49:00,801.73,801.73,801.71,801.71,-0.0,147.71,120121.97,-1
2025-03-11,2025-03-11 12:50:00,801.71,801.71,801.69,801.69,-0.0,147.71,120121.97,-1
2025-03-11,2025-03-11 12:51:00,801.69,801.69,801.67,801.67,-0.0,147.71,120121.97,-1
2025-03-11,2025-03-11 12:52:00,801.67,801.67,801.65,801.65,-0.0,147.71,120121.97,-1
2025-03-11,2025-03-11 12:53:00,801.65,801.65,801.62,801.62,-0.0,147.71,120121.97,-1
2025-03-11,2025-03-11 12:54:00,801.62,801.62,801.6,801.6,-0.0,147.71,120121.97,-1
2025-03-11,2025-03-11 12:55:00,801.6,801.6,801.58,801.58,-0.0,147.71,120121.97,-1
2025-03-11,2025-03-11 12:56:00,801.58,801.58,801.56,801.56,-0.0,147.71,120121.97,-1
2025-03-11,2025-03-11 12:57:00,801.56,801.56,801.54,801.54,-0.0,147.71,120121.97,-1
2025-03-11,2025-03-11 12:58:00,801.54,801.54,801.52,801.52,-0.0,147.71,120121.97,-1
2025-03-11,2025-03-11 12:59:00,801.52,801.52,801.5,801.5,-0.0,147.71,120121.97,-1
2025-03-11,2025-03-11 13:00:00,801.5,830.0,789.2,801.48,-0.0,147.71,120121.97,-1
2025-03-11,2025-03-11 13:01:00,801.48,801.48,801.46,801.46,-0.0,147.71,120121.97,-1
2025-03-11,2025-03-11 13:02:00,801.46,801.46,801.44,801.44,-0.0,147.71,120121.97,-1
2025-03-11,2025-03-11 13:03:00,801.44,801.44,801.42,801.42,-0.0,147.71,120121.97,-1
2025-03-11,2025-03-11 13:04:00,801.42,801.42,801.4,801.4,-0.0,147.71,120121.97,-1
2025-03-11,2025-03-11 13:05:00,801.4,801.4,801.38,801.38,-0.0,147.71,120121.97,-1
2025-03-11,2025-03-11 13:06:00,801.38,801.38,801.35,801.35,-0.0,147.71,120121.97,-1
2025-03-11,2025-03-11 13:07:00,801.35,801.35,801.33,801.33,-0.0,147.71,120121.97,-1
2025-03-11,2025-03-11 13:08:00,801.33,801.33,801.31,801.31,-0.0,147.71,120121.97,-1
2025-03-11,2025-03-11 13:09:00,801.31,801.31,801.29,801.29,-0.0,147.71,120121.97,-1
2025-03-11,2025-03-11 13:10:00,801.29,801.29,801.27,801.27,-0.0,147.71,120121.97,-1
2025-03-11,2025-03-11 13:11:00,801.27,801.27,801.25,801.25,-0.0,147.71,120121.97,-1
2025-03-11,2025-03-11 13:12:00,801.25,801.25,801.23,801.23,-0.0,147.71,120121.97,-1
2025-03-11,2025-03-11 13:13:00,801.23,801.23,801.21,801.21,-0.0,147.71,120121.97,-1
2025-03-11,2025-03-11 13:14:00,801.21,801.21,801.19,801.19,-0.0,147.71,120121.97,-1
2025-03-11,2025-03-11 13:15:00,801.19,801.19,801.17,801.17,-0.0,147.71,120121.97,-1
2025-03-11,2025-03-11 13:16:00,801.17,801.17,801.15,801.15,-0.0,147.71,120121.97,-1
2025-03-11,2025-03-11 13:17:00,801.15,801.15,801.12,801.12,-0.0,147.71,120121.97,-1
2025-03-11,2025-03-11 13:18:00,801.12,801.12,801.1,801.1,-0.0,147.71,120121.97,-1
2025-03-11,2025-03-11 13:19:00,801.1,801.1,801.08,801.08,-0.0,147.71,120121.97,-1
2025-03-11,2025-03-11 13:20:00,801.08,801.08,801.06,801.06,-0.0,147.71,120121.97,-1
2025-03-11,2025-03-11 13:21:00,801.06,801.06,801.04,801.04,-0.0,147.71,120121.97,-1
2025-03-11,2025-03-11 13:22:00,801.04,801.04,801.02,801.02,-0.0,147.71,120121.97,-1
2025-03-11,2025-03-11 13:23:00,801.02,801.02,801.0,801.0,-0.0,147.71,120121.97,-1
2025-03-11,2025-03-11 13:24:00,801.0,801.0,800.98,800.98,-0.0,147.71,120121.97,-1
2025-03-11,2025-03-11 13:25:00,800.98,800.98,800.96,800.96,-0.0,147.71,120121.97,-1
2025-03-11,2025-03-11 13:26:00,800.96,800.96,800.94,800.94,-0.0,147.71,120121.97,-1
2025-03-11,2025-03-11 13:27:00,800.94,800.94,800.92,800.92,-0.0,147.71,120121.97,-1
2025-03-11,2025-03-11 13:28:00,800.92,800.92,800.9,800.9,-0.0,147.71,120121.97,-1
2025-03-11,2025-03-11 13:29:00,800.9,800.9,800.88,800.88,-0.0,147.71,120121.97,-1
2025-03-11,2025-03-11 13:30:00,800.88,800.88,800.85,800.85,-0.0,147.71,120121.97,-1
2025-03-11,2025-03-11 13:31:00,800.85,800.85,800.83,800.83,-0.0,147.71,120121.97,-1
2025-03-11,2025-03-11 13:32:00,800.83,800.83,800.81,800.81,-0.0,147.71,120121.97,-1
2025-03-11,2025-03-11 13:33:00,800.81,800.81,800.79,800.79,-0.0,147.71,120121.97,-1
2025-03-11,2025-03-11 13:34:00,800.79,800.79,800.77,800.77,-0.0,147.71,120121.97,-1
2025-03-11,2025-03-11 13:35:00,800.77,800.77,800.75,800.75,-0.0,147.71,120121.97,-1
2025-03-11,2025-03-11 13:36:00,800.75,800.75,800.73,800.73,-0.0,147.71,120121.97,-1
2025-03-11,2025-03-11 13:37:00,800.73,800.73,800.71,800.71,-0.0,147.71,120121.97,-1
2025-03-11,2025-03-11 13:38:00,800.71,800.71,800.69,800.69,-0.0,147.71,120121.97,-1
2025-03-11,2025-03-11 13:39:00,800.69,800.69,800.67,800.67,-0.0,147.71,120121.97,-1
2025-03-11,2025-03-11 13:40:00,800.67,800.67,800.65,800.65,-0.0,147.71,120121.97,-1
2025-03-11,2025-03-11 13:41:00,800.65,800.65,800.62,800.62,-0.0,147.71,120121.97,-1
2025-03-11,2025-03-11 13:42:00,800.62,800.62,800.6,800.6,-0.0,147.71,120121.97,-1
2025-03-11,2025-03-11 13:43:00,800.6,800.6,800.58,800.58,-0.0,147.71,120121.97,-1
2025-03-11,2025-03-11 13:44:00,800.58,800.58,800.56,800.56,-0.0,147.71,120121.97,-1
2025-03-11,2025-03-11 13:45:00,800.56,800.56,800.54,800.54,-0.0,147.71,120121.97,-1
2025-03-11,2025-03-11 13:46:00,800.54,800.54,800.52,800.52,-0.0,147.71,120121.97,-1
2025-03-11,2025-03-11 13:47:00,800.52,800.52,800.5,800.5,-0.0,147.71,120121.97,-1
2025-03-11,2025-03-11 13:48:00,800.5,800.5,800.48,800.48,-0.0,147.71,120121.97,-1
2025-03-11,2025-03-11 13:49:00,800.48,800.48,800.46,800.46,-0.0,147.71,120121.97,-1
2025-03-11,2025-03-11 13:50:00,800.46,800.46,800.44,800.44,-0.0,147.71,120121.97,-1
2025-03-11,2025-03-11 13:51:00,800.44,800.44,800.42,800.42,-0.0,147.71,120121.97,-1
2025-03-11,2025-03-11 13:52:00,800.42,800.42,800.4,800.4,-0.0,147.71,120121.97,-1
2025-03-11,2025-03-11 13:53:00,800.4,800.4,800.38,800.38,-0.0,147.71,120121.97,-1
2025-03-11,2025-03-11 13:54:00,800.38,800.38,800.35,800.35,-0.0,147.71,120121.97,-1
2025-03-11,2025-03-11 13:55:00,800.35,800.35,800.33,800.33,-0.0,147.71,120121.97,-1
2025-03-11,2025-03-11 13:56:00,800.33,800.33,800.31,800.31,-0.0,147.71,120121.97,-1
2025-03-11,2025-03-11 13:57:00,800.31,800.31,800.29,800.29,-0.0,147.71,120121.97,-1
2025-03-11,2025-03-11 13:58:00,800.29,800.29,800.27,800.27,-0.0,147.71,120121.97,-1
2025-03-11,2025-03-11 13:59:00,800.27,800.27,800.25,800.25,-0.0,147.71,120121.97,-1
2025-03-11,2025-03-11 14:00:00,800.25,800.25,800.23,800.23,-0.0,147.71,120121.97,-1
2025-03-11,2025-03-11 14:01:00,800.23,800.23,800.21,800.21,-0.0,147.71,120121.97,-1
2025-03-11,2025-03-11 14:02:00,800.21,800.21,800.19,800.19,-0.0,147.71,120121.97,-1
2025-03-11,2025-03-11 14:03:00,800.19,800.19,800.17,800.17,-0.0,147.71,120121.97,-1
2025-03-11,2025-03-11 14:04:00,800.17,800.17,800.15,800.15,-0.0,147.71,120121.97,-1
2025-03-11,2025-03-11 14:05:00,800.15,800.15,800.12,800.12,-0.0,147.71,120121.97,-1
2025-03-11,2025-03-11 14:06:00,800.12,800.12,800.1,800.1,-0.0,147.71,120121.97,-1
2025-03-11,2025-03-11 14:07:00,800.1,800.1,800.08,800.08,-0.0,147.71,120121.97,-1
2025-03-11,2025-03-11 14:08:00,800.08,800.08,800.06,800.06,-0.0,147.71,120121.97,-1
2025-03-11,2025-03-11 14:09:00,800.06,800.06,800.04,800.04,-0.0,147.71,120121.97,-1
2025-03-11,2025-03-11 14:10:00,800.04,800.04,800.02,800.02,-0.0,147.71,120121.97,-1
2025-03-11,2025-03-11 14:11:00,800.02,800.02,800.0,800.0,-0.0,147.71,120121.97,-1
2025-03-11,2025-03-11 14:12:00,800.0,800.0,799.98,799.98,-0.0,147.71,120121.97,-1
2025-03-11,2025-03-11 14:13:00,799.98,799.98,799.96,799.96,-0.0,147.71,120121.97,-1
2025-03-11,2025-03-11 14:14:00,799.96,799.96,799.94,799.94,-0.0,147.71,120121.97,-1
2025-03-11,2025-03-11 14:15:00,799.94,799.94,799.92,799.92,-0.0,147.71,120121.97,-1
2025-03-11,2025-03-11 14:16:00,799.92,799.92,799.9,799.9,-0.0,147.71,120121.97,-1
2025-03-11,2025-03-11 14:17:00,799.9,799.9,799.88,799.88,-0.0,147.71,120121.97,-1
2025-03-11,2025-03-11 14:18:00,799.88,799.88,799.85,799.85,-0.0,147.71,120121.97,-1
2025-03-11,2025-03-11 14:19:00,799.85,799.85,799.83,799.83,-0.0,147.71,120121.97,-1
2025-03-11,2025-03-11 14:20:00,799.83,799.83,799.81,799.81,-0.0,147.71,120121.97,-1
2025-03-11,2025-03-11 14:21:00,799.81,799.81,799.79,799.79,-0.0,147.71,120121.97,-1
2025-03-11,2025-03-11 14:22:00,799.79,799.79,799.77,799.77,-0.0,147.71,120121.97,-1
2025-03-11,2025-03-11 14:23:00,799.77,799.77,799.75,799.75,-0.0,147.71,120121.97,-1
2025-03-11,2025-03-11 14:24:00,799.75,799.75,799.73,799.73,-0.0,147.71,120121.97,-1
2025-03-11,2025-03-11 14:25:00,799.73,799.73,799.71,799.71,-0.0,147.71,120121.97,-1
2025-03-11,2025-03-11 14:26:00,799.71,799.71,799.69,799.69,-0.0,147.71,120121.97,-1
2025-03-11,2025-03-11 14:27:00,799.69,799.69,799.67,799.67,-0.0,147.71,120121.97,-1
2025-03-11,2025-03-11 14:28:00,799.67,799.67,799.65,799.65,-0.0,147.71,120121.97,-1
2025-03-11,2025-03-11 14:29:00,799.65,799.65,799.62,799.62,-0.0,147.71,120121.97,-1
2025-03-11,2025-03-11 14:30:00,799.62,799.62,799.6,799.6,-0.0,147.71,120121.97,-1
2025-03-11,2025-03-11 14:31:00,799.6,799.6,799.58,799.58,-0.0,147.71,120121.97,-1
2025-03-11,2025-03-11 14:32:00,799.58,799.58,799.56,799.56,-0.0,147.71,120121.97,-1
2025-03-11,2025-03-11 14:33:00,799.56,799.56,799.54,799.54,-0.0,147.71,120121.97,-1
2025-03-11,2025-03-11 14:34:00,799.54,799.54,799.52,799.52,-0.0,147.71,120121.97,-1
2025-03-11,2025-03-11 14:35:00,799.52,799.52,799.5,799.5,-0.0,147.71,120121.97,-1
2025-03-11,2025-03-11 14:36:00,799.5,799.5,799.48,799.48,-0.0,147.71,120121.97,-1
2025-03-11,2025-03-11 14:37:00,799.48,799.48,799.46,799.46,-0.0,147.71,120121.97,-1
2025-03-11,2025-03-11 14:38:00,799.46,799.46,799.44,799.44,-0.0,147.71,120121.97,-1
2025-03-11,2025-03-11 14:39:00,799.44,799.44,799.42,799.42,-0.0,147.71,120121.97,-1
2025-03-11,2025-03-11 14:40:00,799.42,799.42,799.4,799.4,-0.0,147.71,120121.97,-1
2025-03-11,2025-03-11 14:41:00,799.4,799.4,799.38,799.38,-0.0,147.71,120121.97,-1
2025-03-11,2025-03-11 14:42:00,799.38,799.38,799.35,799.35,-0.0,147.71,120121.97,-1
2025-03-11,2025-03-11 14:43:00,799.35,799.35,799.33,799.33,-0.0,147.71,120121.97,-1
2025-03-11,2025-03-11 14:44:00,799.33,799.33,799.31,799.31,-0.0,147.71,120121.97,-1
2025-03-11,2025-03-11 14:45:00,799.31,799.31,799.29,799.29,-0.0,147.71,120121.97,-1
2025-03-11,2025-03-11 14:46:00,799.29,799.29,799.27,799.27,-0.0,147.71,120121.97,-1
2025-03-11,2025-03-11 14:47:00,799.27,799.27,799.25,799.25,-0.0,147.71,120121.97,-1
2025-03-11,2025-03-11 14:48:00,799.25,799.25,799.23,799.23,-0.0,147.71,120121.97,-1
2025-03-11,2025-03-11 14:49:00,799.23,799.23,799.21,799.21,-0.0,147.71,120121.97,-1
2025-03-11,2025-03-11 14:50:00,799.21,799.21,799.19,799.19,-0.0,147.71,120121.97,-1
2025-03-11,2025-03-11 14:51:00,799.19,799.19,799.17,799.17,-0.0,147.71,120121.97,-1
2025-03-11,2025-03-11 14:52:00,799.17,799.17,799.15,799.15,-0.0,147.71,120121.97,-1
2025-03-11,2025-03-11 14:53:00,799.15,799.15,799.12,799.12,-0.0,147.71,120121.97,-1
2025-03-11,2025-03-11 14:54:00,799.12,799.12,799.1,799.1,-0.0,147.71,120121.97,-1
2025-03-11,2025-03-11 14:55:00,799.1,799.1,799.08,799.08,-0.0,147.71,120121.97,-1
2025-03-11,2025-03-11 14:56:00,799.08,799.08,799.06,799.06,-0.0,147.71,120121.97,-1
2025-03-11,2025-03-11 14:57:00,799.06,799.06,799.04,799.04,-0.0,147.71,120121.97,-1
2025-03-11,2025-03-11 14:58:00,799.04,799.04,799.02,799.02,-0.0,147.71,120121.97,-1
2025-03-11,2025-03-11 14:59:00,799.02,799.02,799.0,799.0,-0.0,147.71,120121.97,-1
2025-03-11,2025-03-11 15:00:00,799.0,830.0,789.2,799.0,0.0,147.71,120121.97,0
2025-03-12,2025-03-12 11:00:00,784.0,794.8,783.73,784.11,0.01,136.12,109540.43,1
2025-03-12,2025-03-12 11:01:00,784.11,784.22,784.11,784.22,0.01,136.12,109540.43,1
2025-03-12,2025-03-12 11:02:00,784.22,784.33,784.22,784.33,0.01,136.12,109540.43,1
2025-03-12,2025-03-12 11:03:00,784.33,784.43,784.33,784.43,0.01,136.12,109540.43,1
2025-03-12,2025-03-12 11:04:00,784.43,784.54,784.43,784.54,0.01,136.12,109540.43,1
2025-03-12,2025-03-12 11:05:00,784.54,784.65,784.54,784.65,0.01,136.12,109540.43,1
2025-03-12,2025-03-12 11:06:00,784.65,784.76,784.65,784.76,0.01,136.12,109540.43,1
2025-03-12,2025-03-12 11:07:00,784.76,784.87,784.76,784.87,0.01,136.12,109540.43,1
2025-03-12,2025-03-12 11:08:00,784.87,784.98,784.87,784.98,0.01,136.12,109540.43,1
2025-03-12,2025-03-12 11:09:00,784.98,785.08,784.98,785.08,0.01,136.12,109540.43,1
2025-03-12,2025-03-12 11:10:00,785.08,785.19,785.08,785.19,0.01,136.12,109540.43,1
2025-03-12,2025-03-12 11:11:00,785.19,785.3,785.19,785.3,0.01,136.12,109540.43,1
2025-03-12,2025-03-12 11:12:00,785.3,785.41,785.3,785.41,0.01,136.12,109540.43,1
2025-03-12,2025-03-12 11:13:00,785.41,785.52,785.41,785.52,0.01,136.12,109540.43,1
2025-03-12,2025-03-12 11:14:00,785.52,785.62,785.52,785.62,0.01,136.12,109540.43,1
2025-03-12,2025-03-12 11:15:00,785.62,785.73,785.62,785.73,0.01,136.12,109540.43,1
2025-03-12,2025-03-12 11:16:00,785.73,785.84,785.73,785.84,0.01,136.12,109540.43,1
2025-03-12,2025-03-12 11:17:00,785.84,785.95,785.84,785.95,0.01,136.12,109540.43,1
2025-03-12,2025-03-12 11:18:00,785.95,786.06,785.95,786.06,0.01,136.12,109540.43,1
2025-03-12,2025-03-12 11:19:00,786.06,786.17,786.06,786.17,0.01,136.12,109540.43,1
2025-03-12,2025-03-12 11:20:00,786.17,786.27,786.17,786.27,0.01,136.12,109540.43,1
2025-03-12,2025-03-12 11:21:00,786.27,786.38,786.27,786.38,0.01,136.12,109540.43,1
2025-03-12,2025-03-12 11:22:00,786.38,786.49,786.38,786.49,0.01,136.12,109540.43,1
2025-03-12,2025-03-12 11:23:00,786.49,786.6,786.49,786.6,0.01,136.12,109540.43,1
2025-03-12,2025-03-12 11:24:00,786.6,786.71,786.6,786.71,0.01,136.12,109540.43,1
2025-03-12,2025-03-12 11:25:00,786.71,786.82,786.71,786.82,0.01,136.12,109540.43,1
2025-03-12,2025-03-12 11:26:00,786.82,786.92,786.82,786.92,0.01,136.12,109540.43,1
2025-03-12,2025-03-12 11:27:00,786.92,787.03,786.92,787.03,0.01,136.12,109540.43,1
2025-03-12,2025-03-12 11:28:00,787.03,787.14,787.03,787.14,0.01,136.12,109540.43,1
2025-03-12,2025-03-12 11:29:00,787.14,787.25,787.14,787.25,0.01,136.12,109540.43,1
2025-03-12,2025-03-12 11:30:00,787.25,787.36,787.25,787.36,0.01,136.12,109540.43,1
2025-03-12,2025-03-12 11:31:00,787.36,787.47,787.36,787.47,0.01,136.12,109540.43,1
2025-03-12,2025-03-12 11:32:00,787.47,787.58,787.47,787.58,0.01,136.12,109540.43,1
2025-03-12,2025-03-12 11:33:00,787.58,787.68,787.58,787.68,0.01,136.12,109540.43,1
2025-03-12,2025-03-12 11:34:00,787.68,787.79,787.68,787.79,0.01,136.12,109540.43,1
2025-03-12,2025-03-12 11:35:00,787.79,787.9,787.79,787.9,0.01,136.12,109540.43,1
2025-03-12,2025-03-12 11:36:00,787.9,788.01,787.9,788.01,0.01,136.12,109540.43,1
2025-03-12,2025-03-12 11:37:00,788.01,788.12,788.01,788.12,0.01,136.12,109540.43,1
2025-03-12,2025-03-12 11:38:00,788.12,788.23,788.12,788.23,0.01,136.12,109540.43,1
2025-03-12,2025-03-12 11:39:00,788.23,788.33,788.23,788.33,0.01,136.12,109540.43,1
2025-03-12,2025-03-12 11:40:00,788.33,788.44,788.33,788.44,0.01,136.12,109540.43,1
2025-03-12,2025-03-12 11:41:00,788.44,788.55,788.44,788.55,0.01,136.12,109540.43,1
2025-03-12,2025-03-12 11:42:00,788.55,788.66,788.55,788.66,0.01,136.12,109540.43,1
2025-03-12,2025-03-12 11:43:00,788.66,788.77,788.66,788.77,0.01,136.12,109540.43,1
2025-03-12,2025-03-12 11:44:00,788.77,788.88,788.77,788.88,0.01,136.12,109540.43,1
2025-03-12,2025-03-12 11:45:00,788.88,788.98,788.88,788.98,0.01,136.12,109540.43,1
2025-03-12,2025-03-12 11:46:00,788.98,789.09,788.98,789.09,0.01,136.12,109540.43,1
2025-03-12,2025-03-12 11:47:00,789.09,789.2,789.09,789.2,0.01,136.12,109540.43,1
2025-03-12,2025-03-12 11:48:00,789.2,789.31,789.2,789.31,0.01,136.12,109540.43,1
2025-03-12,2025-03-12 11:49:00,789.31,789.42,789.31,789.42,0.01,136.12,109540.43,1
2025-03-12,2025-03-12 11:50:00,789.42,789.52,789.42,789.52,0.01,136.12,109540.43,1
2025-03-12,2025-03-12 11:51:00,789.52,789.63,789.52,789.63,0.01,136.12,109540.43,1
2025-03-12,2025-03-12 11:52:00,789.63,789.74,789.63,789.74,0.01,136.12,109540.43,1
2025-03-12,2025-03-12 11:53:00,789.74,789.85,789.74,789.85,0.01,136.12,109540.43,1
2025-03-12,2025-03-12 11:54:00,789.85,789.96,789.85,789.96,0.01,136.12,109540.43,1
2025-03-12,2025-03-12 11:55:00,789.96,790.07,789.96,790.07,0.01,136.12,109540.43,1
2025-03-12,2025-03-12 11:56:00,790.07,790.17,790.07,790.17,0.01,136.12,109540.43,1
2025-03-12,2025-03-12 11:57:00,790.17,790.28,790.17,790.28,0.01,136.12,109540.43,1
2025-03-12,2025-03-12 11:58:00,790.28,790.39,790.28,790.39,0.01,136.12,109540.43,1
2025-03-12,2025-03-12 11:59:00,790.39,790.5,790.39,790.5,0.01,136.12,109540.43,1
2025-03-12,2025-03-12 12:00:00,790.5,790.61,790.5,790.61,0.01,136.12,109540.43,1
2025-03-12,2025-03-12 12:01:00,790.61,790.72,790.61,790.72,0.01,136.12,109540.43,1
2025-03-12,2025-03-12 12:02:00,790.72,790.83,790.72,790.83,0.01,136.12,109540.43,1
2025-03-12,2025-03-12 12:03:00,790.83,790.93,790.83,790.93,0.01,136.12,109540.43,1
2025-03-12,2025-03-12 12:04:00,790.93,791.04,790.93,791.04,0.01,136.12,109540.43,1
2025-03-12,2025-03-12 12:05:00,791.04,791.15,791.04,791.15,0.01,136.12,109540.43,1
2025-03-12,2025-03-12 12:06:00,791.15,791.26,791.15,791.26,0.01,136.12,109540.43,1
2025-03-12,2025-03-12 12:07:00,791.26,791.37,791.26,791.37,0.01,136.12,109540.43,1
2025-03-12,2025-03-12 12:08:00,791.37,791.48,791.37,791.48,0.01,136.12,109540.43,1
2025-03-12,2025-03-12 12:09:00,791.48,791.58,791.48,791.58,0.01,136.12,109540.43,1
2025-03-12,2025-03-12 12:10:00,791.58,791.69,791.58,791.69,0.01,136.12,109540.43,1
2025-03-12,2025-03-12 12:11:00,791.69,791.8,791.69,791.8,0.01,136.12,109540.43,1
2025-03-12,2025-03-12 12:12:00,791.8,791.91,791.8,791.91,0.01,136.12,109540.43,1
2025-03-12,2025-03-12 12:13:00,791.91,792.02,791.91,792.02,0.01,136.12,109540.43,1
2025-03-12,2025-03-12 12:14:00,792.02,792.12,792.02,792.12,0.01,136.12,109540.43,1
2025-03-12,2025-03-12 12:15:00,792.12,792.23,792.12,792.23,0.01,136.12,109540.43,1
2025-03-12,2025-03-12 12:16:00,792.23,792.34,792.23,792.34,0.01,136.12,109540.43,1
2025-03-12,2025-03-12 12:17:00,792.34,792.45,792.34,792.45,0.01,136.12,109540.43,1
2025-03-12,2025-03-12 12:18:00,792.45,792.56,792.45,792.56,0.01,136.12,109540.43,1
2025-03-12,2025-03-12 12:19:00,792.56,792.67,792.56,792.67,0.01,136.12,109540.43,1
2025-03-12,2025-03-12 12:20:00,792.67,792.77,792.67,792.77,0.01,136.12,109540.43,1
2025-03-12,2025-03-12 12:21:00,792.77,792.88,792.77,792.88,0.01,136.12,109540.43,1
2025-03-12,2025-03-12 12:22:00,792.88,792.99,792.88,792.99,0.01,136.12,109540.43,1
2025-03-12,2025-03-12 12:23:00,792.99,793.1,792.99,793.1,0.01,136.12,109540.43,1
2025-03-12,2025-03-12 12:24:00,793.1,793.21,793.1,793.21,0.01,136.12,109540.43,1
2025-03-12,2025-03-12 12:25:00,793.21,793.32,793.21,793.32,0.01,136.12,109540.43,1
2025-03-12,2025-03-12 12:26:00,793.32,793.42,793.32,793.42,0.01,136.12,109540.43,1
2025-03-12,2025-03-12 12:27:00,793.42,793.53,793.42,793.53,0.01,136.12,109540.43,1
2025-03-12,2025-03-12 12:28:00,793.53,793.64,793.53,793.64,0.01,136.12,109540.43,1
2025-03-12,2025-03-12 12:29:00,793.64,793.75,793.64,793.75,0.01,136.12,109540.43,1
2025-03-12,2025-03-12 12:30:00,793.75,793.86,793.75,793.86,0.01,136.12,109540.43,1
2025-03-12,2025-03-12 12:31:00,793.86,793.97,793.86,793.97,0.01,136.12,109540.43,1
2025-03-12,2025-03-12 12:32:00,793.97,794.08,793.97,794.08,0.01,136.12,109540.43,1
2025-03-12,2025-03-12 12:33:00,794.08,794.18,794.08,794.18,0.01,136.12,109540.43,1
2025-03-12,2025-03-12 12:34:00,794.18,794.29,794.18,794.29,0.01,136.12,109540.43,1
2025-03-12,2025-03-12 12:35:00,794.29,794.4,794.29,794.4,0.01,136.12,109540.43,1
2025-03-12,2025-03-12 12:36:00,794.4,794.51,794.4,794.51,0.01,136.12,109540.43,1
2025-03-12,2025-03-12 12:37:00,794.51,794.62,794.51,794.62,0.01,136.12,109540.43,1
2025-03-12,2025-03-12 12:38:00,794.62,794.73,794.62,794.73,0.01,136.12,109540.43,1
2025-03-12,2025-03-12 12:39:00,794.73,794.83,794.73,794.83,0.01,136.12,109540.43,1
2025-03-12,2025-03-12 12:40:00,794.83,794.94,794.83,794.94,0.01,136.12,109540.43,1
2025-03-12,2025-03-12 12:41:00,794.94,795.05,794.94,795.05,0.01,136.12,109540.43,1
2025-03-12,2025-03-12 12:42:00,795.05,795.16,795.05,795.16,0.01,136.12,109540.43,1
2025-03-12,2025-03-12 12:43:00,795.16,795.27,795.16,795.27,0.01,136.12,109540.43,1
2025-03-12,2025-03-12 12:44:00,795.27,795.38,795.27,795.38,0.01,136.12,109540.43,1
2025-03-12,2025-03-12 12:45:00,795.38,795.48,795.38,795.48,0.01,136.12,109540.43,1
2025-03-12,2025-03-12 12:46:00,795.48,795.59,795.48,795.59,0.01,136.12,109540.43,1
2025-03-12,2025-03-12 12:47:00,795.59,795.7,795.59,795.7,0.01,136.12,109540.43,1
2025-03-12,2025-03-12 12:48:00,795.7,795.81,795.7,795.81,0.01,136.12,109540.43,1
2025-03-12,2025-03-12 12:49:00,795.81,795.92,795.81,795.92,0.01,136.12,109540.43,1
2025-03-12,2025-03-12 12:50:00,795.92,796.02,795.92,796.02,0.01,136.12,109540.43,1
2025-03-12,2025-03-12 12:51:00,796.02,796.13,796.02,796.13,0.01,136.12,109540.43,1
2025-03-12,2025-03-12 12:52:00,796.13,796.24,796.13,796.24,0.01,136.12,109540.43,1
2025-03-12,2025-03-12 12:53:00,796.24,796.35,796.24,796.35,0.01,136.12,109540.43,1
2025-03-12,2025-03-12 12:54:00,796.35,796.46,796.35,796.46,0.01,136.12,109540.43,1
2025-03-12,2025-03-12 12:55:00,796.46,796.57,796.46,796.57,0.01,136.12,109540.43,1
2025-03-12,2025-03-12 12:56:00,796.57,796.67,796.57,796.67,0.01,136.12,109540.43,1
2025-03-12,2025-03-12 12:57:00,796.67,796.78,796.67,796.78,0.01,136.12,109540.43,1
2025-03-12,2025-03-12 12:58:00,796.78,796.89,796.78,796.89,0.01,136.12,109540.43,1
2025-03-12,2025-03-12 12:59:00,796.89,797.0,796.89,797.0,0.01,136.12,109540.43,1
2025-03-12,2025-03-12 13:00:00,797.0,820.0,783.1,797.11,0.01,136.12,109540.43,1
2025-03-12,2025-03-12 13:01:00,797.11,797.22,797.11,797.22,0.01,136.12,109540.43,1
2025-03-12,2025-03-12 13:02:00,797.22,797.33,797.22,797.33,0.01,136.12,109540.43,1
2025-03-12,2025-03-12 13:03:00,797.33,797.43,797.33,797.43,0.01,136.12,109540.43,1
2025-03-12,2025-03-12 13:04:00,797.43,797.54,797.43,797.54,0.01,136.12,109540.43,1
2025-03-12,2025-03-12 13:05:00,797.54,797.65,797.54,797.65,0.01,136.12,109540.43,1
2025-03-12,2025-03-12 13:06:00,797.65,797.76,797.65,797.76,0.01,136.12,109540.43,1
2025-03-12,2025-03-12 13:07:00,797.76,797.87,797.76,797.87,0.01,136.12,109540.43,1
2025-03-12,2025-03-12 13:08:00,797.87,797.98,797.87,797.98,0.01,136.12,109540.43,1
2025-03-12,2025-03-12 13:09:00,797.98,798.08,797.98,798.08,0.01,136.12,109540.43,1
2025-03-12,2025-03-12 13:10:00,798.08,798.19,798.08,798.19,0.01,136.12,109540.43,1
2025-03-12,2025-03-12 13:11:00,798.19,798.3,798.19,798.3,0.01,136.12,109540.43,1
2025-03-12,2025-03-12 13:12:00,798.3,798.41,798.3,798.41,0.01,136.12,109540.43,1
2025-03-12,2025-03-12 13:13:00,798.41,798.52,798.41,798.52,0.01,136.12,109540.43,1
2025-03-12,2025-03-12 13:14:00,798.52,798.62,798.52,798.62,0.01,136.12,109540.43,1
2025-03-12,2025-03-12 13:15:00,798.62,798.73,798.62,798.73,0.01,136.12,109540.43,1
2025-03-12,2025-03-12 13:16:00,798.73,798.84,798.73,798.84,0.01,136.12,109540.43,1
2025-03-12,2025-03-12 13:17:00,798.84,798.95,798.84,798.95,0.01,136.12,109540.43,1
2025-03-12,2025-03-12 13:18:00,798.95,799.06,798.95,799.06,0.01,136.12,109540.43,1
2025-03-12,2025-03-12 13:19:00,799.06,799.17,799.06,799.17,0.01,136.12,109540.43,1
2025-03-12,2025-03-12 13:20:00,799.17,799.27,799.17,799.27,0.01,136.12,109540.43,1
2025-03-12,2025-03-12 13:21:00,799.27,799.38,799.27,799.38,0.01,136.12,109540.43,1
2025-03-12,2025-03-12 13:22:00,799.38,799.49,799.38,799.49,0.01,136.12,109540.43,1
2025-03-12,2025-03-12 13:23:00,799.49,799.6,799.49,799.6,0.01,136.12,109540.43,1
2025-03-12,2025-03-12 13:24:00,799.6,799.71,799.6,799.71,0.01,136.12,109540.43,1
2025-03-12,2025-03-12 13:25:00,799.71,799.82,799.71,799.82,0.01,136.12,109540.43,1
2025-03-12,2025-03-12 13:26:00,799.82,799.92,799.82,799.92,0.01,136.12,109540.43,1
2025-03-12,2025-03-12 13:27:00,799.92,800.03,799.92,800.03,0.01,136.12,109540.43,1
2025-03-12,2025-03-12 13:28:00,800.03,800.14,800.03,800.14,0.01,136.12,109540.43,1
2025-03-12,2025-03-12 13:29:00,800.14,800.25,800.14,800.25,0.01,136.12,109540.43,1
2025-03-12,2025-03-12 13:30:00,800.25,800.36,800.25,800.36,0.01,136.12,109540.43,1
2025-03-12,2025-03-12 13:31:00,800.36,800.47,800.36,800.47,0.01,136.12,109540.43,1
2025-03-12,2025-03-12 13:32:00,800.47,800.58,800.47,800.58,0.01,136.12,109540.43,1
2025-03-12,2025-03-12 13:33:00,800.58,800.68,800.58,800.68,0.01,136.12,109540.43,1
2025-03-12,2025-03-12 13:34:00,800.68,800.79,800.68,800.79,0.01,136.12,109540.43,1
2025-03-12,2025-03-12 13:35:00,800.79,800.9,800.79,800.9,0.01,136.12,109540.43,1
2025-03-12,2025-03-12 13:36:00,800.9,801.01,800.9,801.01,0.01,136.12,109540.43,1
2025-03-12,2025-03-12 13:37:00,801.01,801.12,801.01,801.12,0.01,136.12,109540.43,1
2025-03-12,2025-03-12 13:38:00,801.12,801.23,801.12,801.23,0.01,136.12,109540.43,1
2025-03-12,2025-03-12 13:39:00,801.23,801.33,801.23,801.33,0.01,136.12,109540.43,1
2025-03-12,2025-03-12 13:40:00,801.33,801.44,801.33,801.44,0.01,136.12,109540.43,1
2025-03-12,2025-03-12 13:41:00,801.44,801.55,801.44,801.55,0.01,136.12,109540.43,1
2025-03-12,2025-03-12 13:42:00,801.55,801.66,801.55,801.66,0.01,136.12,109540.43,1
2025-03-12,2025-03-12 13:43:00,801.66,801.77,801.66,801.77,0.01,136.12,109540.43,1
2025-03-12,2025-03-12 13:44:00,801.77,801.88,801.77,801.88,0.01,136.12,109540.43,1
2025-03-12,2025-03-12 13:45:00,801.88,801.98,801.88,801.98,0.01,136.12,109540.43,1
2025-03-12,2025-03-12 13:46:00,801.98,802.09,801.98,802.09,0.01,136.12,109540.43,1
2025-03-12,2025-03-12 13:47:00,802.09,802.2,802.09,802.2,0.01,136.12,109540.43,1
2025-03-12,2025-03-12 13:48:00,802.2,802.31,802.2,802.31,0.01,136.12,109540.43,1
2025-03-12,2025-03-12 13:49:00,802.31,802.42,802.31,802.42,0.01,136.12,109540.43,1
2025-03-12,2025-03-12 13:50:00,802.42,802.52,802.42,802.52,0.01,136.12,109540.43,1
2025-03-12,2025-03-12 13:51:00,802.52,802.63,802.52,802.63,0.01,136.12,109540.43,1
2025-03-12,2025-03-12 13:52:00,802.63,802.74,802.63,802.74,0.01,136.12,109540.43,1
2025-03-12,2025-03-12 13:53:00,802.74,802.85,802.74,802.85,0.01,136.12,109540.43,1
2025-03-12,2025-03-12 13:54:00,802.85,802.96,802.85,802.96,0.01,136.12,109540.43,1
2025-03-12,2025-03-12 13:55:00,802.96,803.07,802.96,803.07,0.01,136.12,109540.43,1
2025-03-12,2025-03-12 13:56:00,803.07,803.17,803.07,803.17,0.01,136.12,109540.43,1
2025-03-12,2025-03-12 13:57:00,803.17,803.28,803.17,803.28,0.01,136.12,109540.43,1
2025-03-12,2025-03-12 13:58:00,803.28,803.39,803.28,803.39,0.01,136.12,109540.43,1
2025-03-12,2025-03-12 13:59:00,803.39,803.5,803.39,803.5,0.01,136.12,109540.43,1
2025-03-12,2025-03-12 14:00:00,803.5,803.61,803.5,803.61,0.01,136.12,109540.43,1
2025-03-12,2025-03-12 14:01:00,803.61,803.72,803.61,803.72,0.01,136.12,109540.43,1
2025-03-12,2025-03-12 14:02:00,803.72,803.83,803.72,803.83,0.01,136.12,109540.43,1
2025-03-12,2025-03-12 14:03:00,803.83,803.93,803.83,803.93,0.01,136.12,109540.43,1
2025-03-12,2025-03-12 14:04:00,803.93,804.04,803.93,804.04,0.01,136.12,109540.43,1
2025-03-12,2025-03-12 14:05:00,804.04,804.15,804.04,804.15,0.01,136.12,109540.43,1
2025-03-12,2025-03-12 14:06:00,804.15,804.26,804.15,804.26,0.01,136.12,109540.43,1
2025-03-12,2025-03-12 14:07:00,804.26,804.37,804.26,804.37,0.01,136.12,109540.43,1
2025-03-12,2025-03-12 14:08:00,804.37,804.48,804.37,804.48,0.01,136.12,109540.43,1
2025-03-12,2025-03-12 14:09:00,804.48,804.58,804.48,804.58,0.01,136.12,109540.43,1
2025-03-12,2025-03-12 14:10:00,804.58,804.69,804.58,804.69,0.01,136.12,109540.43,1
2025-03-12,2025-03-12 14:11:00,804.69,804.8,804.69,804.8,0.01,136.12,109540.43,1
2025-03-12,2025-03-12 14:12:00,804.8,804.91,804.8,804.91,0.01,136.12,109540.43,1
2025-03-12,2025-03-12 14:13:00,804.91,805.02,804.91,805.02,0.01,136.12,109540.43,1
2025-03-12,2025-03-12 14:14:00,805.02,805.12,805.02,805.12,0.01,136.12,109540.43,1
2025-03-12,2025-03-12 14:15:00,805.12,805.23,805.12,805.23,0.01,136.12,109540.43,1
2025-03-12,2025-03-12 14:16:00,805.23,805.34,805.23,805.34,0.01,136.12,109540.43,1
2025-03-12,2025-03-12 14:17:00,805.34,805.45,805.34,805.45,0.01,136.12,109540.43,1
2025-03-12,2025-03-12 14:18:00,805.45,805.56,805.45,805.56,0.01,136.12,109540.43,1
2025-03-12,2025-03-12 14:19:00,805.56,805.67,805.56,805.67,0.01,136.12,109540.43,1
2025-03-12,2025-03-12 14:20:00,805.67,805.77,805.67,805.77,0.01,136.12,109540.43,1
2025-03-12,2025-03-12 14:21:00,805.77,805.88,805.77,805.88,0.01,136.12,109540.43,1
2025-03-12,2025-03-12 14:22:00,805.88,805.99,805.88,805.99,0.01,136.12,109540.43,1
2025-03-12,2025-03-12 14:23:00,805.99,806.1,805.99,806.1,0.01,136.12,109540.43,1
2025-03-12,2025-03-12 14:24:00,806.1,806.21,806.1,806.21,0.01,136.12,109540.43,1
2025-03-12,2025-03-12 14:25:00,806.21,806.32,806.21,806.32,0.01,136.12,109540.43,1
2025-03-12,2025-03-12 14:26:00,806.32,806.42,806.32,806.42,0.01,136.12,109540.43,1
2025-03-12,2025-03-12 14:27:00,806.42,806.53,806.42,806.53,0.01,136.12,109540.43,1
2025-03-12,2025-03-12 14:28:00,806.53,806.64,806.53,806.64,0.01,136.12,109540.43,1
2025-03-12,2025-03-12 14:29:00,806.64,806.75,806.64,806.75,0.01,136.12,109540.43,1
2025-03-12,2025-03-12 14:30:00,806.75,806.86,806.75,806.86,0.01,136.12,109540.43,1
2025-03-12,2025-03-12 14:31:00,806.86,806.97,806.86,806.97,0.01,136.12,109540.43,1
2025-03-12,2025-03-12 14:32:00,806.97,807.08,806.97,807.08,0.01,136.12,109540.43,1
2025-03-12,2025-03-12 14:33:00,807.08,807.18,807.08,807.18,0.01,136.12,109540.43,1
2025-03-12,2025-03-12 14:34:00,807.18,807.29,807.18,807.29,0.01,136.12,109540.43,1
2025-03-12,2025-03-12 14:35:00,807.29,807.4,807.29,807.4,0.01,136.12,109540.43,1
2025-03-12,2025-03-12 14:36:00,807.4,807.51,807.4,807.51,0.01,136.12,109540.43,1
2025-03-12,2025-03-12 14:37:00,807.51,807.62,807.51,807.62,0.01,136.12,109540.43,1
2025-03-12,2025-03-12 14:38:00,807.62,807.73,807.62,807.73,0.01,136.12,109540.43,1
2025-03-12,2025-03-12 14:39:00,807.73,807.83,807.73,807.83,0.01,136.12,109540.43,1
2025-03-12,2025-03-12 14:40:00,807.83,807.94,807.83,807.94,0.01,136.12,109540.43,1
2025-03-12,2025-03-12 14:41:00,807.94,808.05,807.94,808.05,0.01,136.12,109540.43,1
2025-03-12,2025-03-12 14:42:00,808.05,808.16,808.05,808.16,0.01,136.12,109540.43,1
2025-03-12,2025-03-12 14:43:00,808.16,808.27,808.16,808.27,0.01,136.12,109540.43,1
2025-03-12,2025-03-12 14:44:00,808.27,808.38,808.27,808.38,0.01,136.12,109540.43,1
2025-03-12,2025-03-12 14:45:00,808.38,808.48,808.38,808.48,0.01,136.12,109540.43,1
2025-03-12,2025-03-12 14:46:00,808.48,808.59,808.48,808.59,0.01,136.12,109540.43,1
2025-03-12,2025-03-12 14:47:00,808.59,808.7,808.59,808.7,0.01,136.12,109540.43,1
2025-03-12,2025-03-12 14:48:00,808.7,808.81,808.7,808.81,0.01,136.12,109540.43,1
2025-03-12,2025-03-12 14:49:00,808.81,808.92,808.81,808.92,0.01,136.12,109540.43,1
2025-03-12,2025-03-12 14:50:00,808.92,809.02,808.92,809.02,0.01,136.12,109540.43,1
2025-03-12,2025-03-12 14:51:00,809.02,809.13,809.02,809.13,0.01,136.12,109540.43,1
2025-03-12,2025-03-12 14:52:00,809.13,809.24,809.13,809.24,0.01,136.12,109540.43,1
2025-03-12,2025-03-12 14:53:00,809.24,809.35,809.24,809.35,0.01,136.12,109540.43,1
2025-03-12,2025-03-12 14:54:00,809.35,809.46,809.35,809.46,0.01,136.12,109540.43,1
2025-03-12,2025-03-12 14:55:00,809.46,809.57,809.46,809.57,0.01,136.12,109540.43,1
2025-03-12,2025-03-12 14:56:00,809.57,809.67,809.57,809.67,0.01,136.12,109540.43,1
2025-03-12,2025-03-12 14:57:00,809.67,809.78,809.67,809.78,0.01,136.12,109540.43,1
2025-03-12,2025-03-12 14:58:00,809.78,809.89,809.78,809.89,0.01,136.12,109540.43,1
2025-03-12,2025-03-12 14:59:00,809.89,810.0,809.89,810.0,0.01,136.12,109540.43,1
2025-03-12,2025-03-12 15:00:00,810.0,820.0,783.1,810.0,0.0,136.12,109540.43,0
2025-03-16,2025-03-16 11:00:00,824.0,824.0,816.8,823.9,-0.01,82.69,67067.95,-1
2025-03-16,2025-03-16 11:01:00,823.9,823.9,823.81,823.81,-0.01,82.69,67067.95,-1
2025-03-16,2025-03-16 11:02:00,823.81,823.81,823.71,823.71,-0.01,82.69,67067.95,-1
2025-03-16,2025-03-16 11:03:00,823.71,823.71,823.62,823.62,-0.01,82.69,67067.95,-1
2025-03-16,2025-03-16 11:04:00,823.62,823.62,823.52,823.52,-0.01,82.69,67067.95,-1
2025-03-16,2025-03-16 11:05:00,823.52,823.52,823.42,823.42,-0.01,82.69,67067.95,-1
2025-03-16,2025-03-16 11:06:00,823.42,823.42,823.33,823.33,-0.01,82.69,67067.95,-1
2025-03-16,2025-03-16 11:07:00,823.33,823.33,823.23,823.23,-0.01,82.69,67067.95,-1
2025-03-16,2025-03-16 11:08:00,823.23,823.23,823.14,823.14,-0.01,82.69,67067.95,-1
2025-03-16,2025-03-16 11:09:00,823.14,823.14,823.04,823.04,-0.01,82.69,67067.95,-1
2025-03-16,2025-03-16 11:10:00,823.04,823.04,822.95,822.95,-0.01,82.69,67067.95,-1
2025-03-16,2025-03-16 11:11:00,822.95,822.95,822.85,822.85,-0.01,82.69,67067.95,-1
2025-03-16,2025-03-16 11:12:00,822.85,822.85,822.75,822.75,-0.01,82.69,67067.95,-1
2025-03-16,2025-03-16 11:13:00,822.75,822.75,822.66,822.66,-0.01,82.69,67067.95,-1
2025-03-16,2025-03-16 11:14:00,822.66,822.66,822.56,822.56,-0.01,82.69,67067.95,-1
2025-03-16,2025-03-16 11:15:00,822.56,822.56,822.47,822.47,-0.01,82.69,67067.95,-1
2025-03-16,2025-03-16 11:16:00,822.47,822.47,822.37,822.37,-0.01,82.69,67067.95,-1
2025-03-16,2025-03-16 11:17:00,822.37,822.37,822.27,822.27,-0.01,82.69,67067.95,-1
2025-03-16,2025-03-16 11:18:00,822.27,822.27,822.18,822.18,-0.01,82.69,67067.95,-1
2025-03-16,2025-03-16 11:19:00,822.18,822.18,822.08,822.08,-0.01,82.69,67067.95,-1
2025-03-16,2025-03-16 11:20:00,822.08,822.08,821.99,821.99,-0.01,82.69,67067.95,-1
2025-03-16,2025-03-16 11:21:00,821.99,821.99,821.89,821.89,-0.01,82.69,67067.95,-1
2025-03-16,2025-03-16 11:22:00,821.89,821.89,821.8,821.8,-0.01,82.69,67067.95,-1
2025-03-16,2025-03-16 11:23:00,821.8,821.8,821.7,821.7,-0.01,82.69,67067.95,-1
2025-03-16,2025-03-16 11:24:00,821.7,821.7,821.6,821.6,-0.01,82.69,67067.95,-1
2025-03-16,2025-03-16 11:25:00,821.6,821.6,821.51,821.51,-0.01,82.69,67067.95,-1
2025-03-16,2025-03-16 11:26:00,821.51,821.51,821.41,821.41,-0.01,82.69,67067.95,-1
2025-03-16,2025-03-16 11:27:00,821.41,821.41,821.32,821.32,-0.01,82.69,67067.95,-1
2025-03-16,2025-03-16 11:28:00,821.32,821.32,821.22,821.22,-0.01,82.69,67067.95,-1
2025-03-16,2025-03-16 11:29:00,821.22,821.22,821.12,821.12,-0.01,82.69,67067.95,-1
2025-03-16,2025-03-16 11:30:00,821.12,821.12,821.03,821.03,-0.01,82.69,67067.95,-1
2025-03-16,2025-03-16 11:31:00,821.03,821.03,820.93,820.93,-0.01,82.69,67067.95,-1
2025-03-16,2025-03-16 11:32:00,820.93,820.93,820.84,820.84,-0.01,82.69,67067.95,-1
2025-03-16,2025-03-16 11:33:00,820.84,820.84,820.74,820.74,-0.01,82.69,67067.95,-1
2025-03-16,2025-03-16 11:34:00,820.74,820.74,820.65,820.65,-0.01,82.69,67067.95,-1
2025-03-16,2025-03-16 11:35:00,820.65,820.65,820.55,820.55,-0.01,82.69,67067.95,-1
2025-03-16,2025-03-16 11:36:00,820.55,820.55,820.45,820.45,-0.01,82.69,67067.95,-1
2025-03-16,2025-03-16 11:37:00,820.45,820.45,820.36,820.36,-0.01,82.69,67067.95,-1
2025-03-16,2025-03-16 11:38:00,820.36,820.36,820.26,820.26,-0.01,82.69,67067.95,-1
2025-03-16,2025-03-16 11:39:00,820.26,820.26,820.17,820.17,-0.01,82.69,67067.95,-1
2025-03-16,2025-03-16 11:40:00,820.17,820.17,820.07,820.07,-0.01,82.69,67067.95,-1
2025-03-16,2025-03-16 11:41:00,820.07,820.07,819.98,819.98,-0.01,82.69,67067.95,-1
2025-03-16,2025-03-16 11:42:00,819.98,819.98,819.88,819.88,-0.01,82.69,67067.95,-1
2025-03-16,2025-03-16 11:43:00,819.88,819.88,819.78,819.78,-0.01,82.69,67067.95,-1
2025-03-16,2025-03-16 11:44:00,819.78,819.78,819.69,819.69,-0.01,82.69,67067.95,-1
2025-03-16,2025-03-16 11:45:00,819.69,819.69,819.59,819.59,-0.01,82.69,67067.95,-1
2025-03-16,2025-03-16 11:46:00,819.59,819.59,819.5,819.5,-0.01,82.69,67067.95,-1
2025-03-16,2025-03-16 11:47:00,819.5,819.5,819.4,819.4,-0.01,82.69,67067.95,-1
2025-03-16,2025-03-16 11:48:00,819.4,819.4,819.3,819.3,-0.01,82.69,67067.95,-1
2025-03-16,2025-03-16 11:49:00,819.3,819.3,819.21,819.21,-0.01,82.69,67067.95,-1
2025-03-16,2025-03-16 11:50:00,819.21,819.21,819.11,819.11,-0.01,82.69,67067.95,-1
2025-03-16,2025-03-16 11:51:00,819.11,819.11,819.02,819.02,-0.01,82.69,67067.95,-1
2025-03-16,2025-03-16 11:52:00,819.02,819.02,818.92,818.92,-0.01,82.69,67067.95,-1
2025-03-16,2025-03-16 11:53:00,818.92,818.92,818.83,818.83,-0.01,82.69,67067.95,-1
2025-03-16,2025-03-16 11:54:00,818.83,818.83,818.73,818.73,-0.01,82.69,67067.95,-1
2025-03-16,2025-03-16 11:55:00,818.73,818.73,818.63,818.63,-0.01,82.69,67067.95,-1
2025-03-16,2025-03-16 11:56:00,818.63,818.63,818.54,818.54,-0.01,82.69,67067.95,-1
2025-03-16,2025-03-16 11:57:00,818.54,818.54,818.44,818.44,-0.01,82.69,67067.95,-1
2025-03-16,2025-03-16 11:58:00,818.44,818.44,818.35,818.35,-0.01,82.69,67067.95,-1
2025-03-16,2025-03-16 11:59:00,818.35,818.35,818.25,818.25,-0.01,82.69,67067.95,-1
2025-03-16,2025-03-16 12:00:00,818.25,818.25,818.15,818.15,-0.01,82.69,67067.95,-1
2025-03-16,2025-03-16 12:01:00,818.15,818.15,818.06,818.06,-0.01,82.69,67067.95,-1
2025-03-16,2025-03-16 12:02:00,818.06,818.06,817.96,817.96,-0.01,82.69,67067.95,-1
2025-03-16,2025-03-16 12:03:00,817.96,817.96,817.87,817.87,-0.01,82.69,67067.95,-1
2025-03-16,2025-03-16 12:04:00,817.87,817.87,817.77,817.77,-0.01,82.69,67067.95,-1
2025-03-16,2025-03-16 12:05:00,817.77,817.77,817.67,817.67,-0.01,82.69,67067.95,-1
2025-03-16,2025-03-16 12:06:00,817.67,817.67,817.58,817.58,-0.01,82.69,67067.95,-1
2025-03-16,2025-03-16 12:07:00,817.58,817.58,817.48,817.48,-0.01,82.69,67067.95,-1
2025-03-16,2025-03-16 12:08:00,817.48,817.48,817.39,817.39,-0.01,82.69,67067.95,-1
2025-03-16,2025-03-16 12:09:00,817.39,817.39,817.29,817.29,-0.01,82.69,67067.95,-1
2025-03-16,2025-03-16 12:10:00,817.29,817.29,817.2,817.2,-0.01,82.69,67067.95,-1
2025-03-16,2025-03-16 12:11:00,817.2,817.2,817.1,817.1,-0.01,82.69,67067.95,-1
2025-03-16,2025-03-16 12:12:00,817.1,817.1,817.0,817.0,-0.01,82.69,67067.95,-1
2025-03-16,2025-03-16 12:13:00,817.0,817.0,816.91,816.91,-0.01,82.69,67067.95,-1
2025-03-16,2025-03-16 12:14:00,816.91,816.91,816.81,816.81,-0.01,82.69,67067.95,-1
2025-03-16,2025-03-16 12:15:00,816.81,816.81,816.72,816.72,-0.01,82.69,67067.95,-1
2025-03-16,2025-03-16 12:16:00,816.72,816.72,816.62,816.62,-0.01,82.69,67067.95,-1
2025-03-16,2025-03-16 12:17:00,816.62,816.62,816.52,816.52,-0.01,82.69,67067.95,-1
2025-03-16,2025-03-16 12:18:00,816.52,816.52,816.43,816.43,-0.01,82.69,67067.95,-1
2025-03-16,2025-03-16 12:19:00,816.43,816.43,816.33,816.33,-0.01,82.69,67067.95,-1
2025-03-16,2025-03-16 12:20:00,816.33,816.33,816.24,816.24,-0.01,82.69,67067.95,-1
2025-03-16,2025-03-16 12:21:00,816.24,816.24,816.14,816.14,-0.01,82.69,67067.95,-1
2025-03-16,2025-03-16 12:22:00,816.14,816.14,816.05,816.05,-0.01,82.69,67067.95,-1
2025-03-16,2025-03-16 12:23:00,816.05,816.05,815.95,815.95,-0.01,82.69,67067.95,-1
2025-03-16,2025-03-16 12:24:00,815.95,815.95,815.85,815.85,-0.01,82.69,67067.95,-1
2025-03-16,2025-03-16 12:25:00,815.85,815.85,815.76,815.76,-0.01,82.69,67067.95,-1
2025-03-16,2025-03-16 12:26:00,815.76,815.76,815.66,815.66,-0.01,82.69,67067.95,-1
2025-03-16,2025-03-16 12:27:00,815.66,815.66,815.57,815.57,-0.01,82.69,67067.95,-1
2025-03-16,2025-03-16 12:28:00,815.57,815.57,815.47,815.47,-0.01,82.69,67067.95,-1
2025-03-16,2025-03-16 12:29:00,815.47,815.47,815.38,815.38,-0.01,82.69,67067.95,-1
2025-03-16,2025-03-16 12:30:00,815.38,815.38,815.28,815.28,-0.01,82.69,67067.95,-1
2025-03-16,2025-03-16 12:31:00,815.28,815.28,815.18,815.18,-0.01,82.69,67067.95,-1
2025-03-16,2025-03-16 12:32:00,815.18,815.18,815.09,815.09,-0.01,82.69,67067.95,-1
2025-03-16,2025-03-16 12:33:00,815.09,815.09,814.99,814.99,-0.01,82.69,67067.95,-1
2025-03-16,2025-03-16 12:34:00,814.99,814.99,814.9,814.9,-0.01,82.69,67067.95,-1
2025-03-16,2025-03-16 12:35:00,814.9,814.9,814.8,814.8,-0.01,82.69,67067.95,-1
2025-03-16,2025-03-16 12:36:00,814.8,814.8,814.7,814.7,-0.01,82.69,67067.95,-1
2025-03-16,2025-03-16 12:37:00,814.7,814.7,814.61,814.61,-0.01,82.69,67067.95,-1
2025-03-16,2025-03-16 12:38:00,814.61,814.61,814.51,814.51,-0.01,82.69,67067.95,-1
2025-03-16,2025-03-16 12:39:00,814.51,814.51,814.42,814.42,-0.01,82.69,67067.95,-1
2025-03-16,2025-03-16 12:40:00,814.42,814.42,814.32,814.32,-0.01,82.69,67067.95,-1
2025-03-16,2025-03-16 12:41:00,814.32,814.32,814.23,814.23,-0.01,82.69,67067.95,-1
2025-03-16,2025-03-16 12:42:00,814.23,814.23,814.13,814.13,-0.01,82.69,67067.95,-1
2025-03-16,2025-03-16 12:43:00,814.13,814.13,814.03,814.03,-0.01,82.69,67067.95,-1
2025-03-16,2025-03-16 12:44:00,814.03,814.03,813.94,813.94,-0.01,82.69,67067.95,-1
2025-03-16,2025-03-16 12:45:00,813.94,813.94,813.84,813.84,-0.01,82.69,67067.95,-1
2025-03-16,2025-03-16 12:46:00,813.84,813.84,813.75,813.75,-0.01,82.69,67067.95,-1
2025-03-16,2025-03-16 12:47:00,813.75,813.75,813.65,813.65,-0.01,82.69,67067.95,-1
2025-03-16,2025-03-16 12:48:00,813.65,813.65,813.55,813.55,-0.01,82.69,67067.95,-1
2025-03-16,2025-03-16 12:49:00,813.55,813.55,813.46,813.46,-0.01,82.69,67067.95,-1
2025-03-16,2025-03-16 12:50:00,813.46,813.46,813.36,813.36,-0.01,82.69,67067.95,-1
2025-03-16,2025-03-16 12:51:00,813.36,813.36,813.27,813.27,-0.01,82.69,67067.95,-1
2025-03-16,2025-03-16 12:52:00,813.27,813.27,813.17,813.17,-0.01,82.69,67067.95,-1
2025-03-16,2025-03-16 12:53:00,813.17,813.17,813.08,813.08,-0.01,82.69,67067.95,-1
2025-03-16,2025-03-16 12:54:00,813.08,813.08,812.98,812.98,-0.01,82.69,67067.95,-1
2025-03-16,2025-03-16 12:55:00,812.98,812.98,812.88,812.88,-0.01,82.69,67067.95,-1
2025-03-16,2025-03-16 12:56:00,812.88,812.88,812.79,812.79,-0.01,82.69,67067.95,-1
2025-03-16,2025-03-16 12:57:00,812.79,812.79,812.69,812.69,-0.01,82.69,67067.95,-1
2025-03-16,2025-03-16 12:58:00,812.69,812.69,812.6,812.6,-0.01,82.69,67067.95,-1
2025-03-16,2025-03-16 12:59:00,812.6,812.6,812.5,812.5,-0.01,82.69,67067.95,-1
2025-03-16,2025-03-16 13:00:00,812.5,824.0,800.0,812.4,-0.01,82.69,67067.95,-1
2025-03-16,2025-03-16 13:01:00,812.4,812.4,812.31,812.31,-0.01,82.69,67067.95,-1
2025-03-16,2025-03-16 13:02:00,812.31,812.31,812.21,812.21,-0.01,82.69,67067.95,-1
2025-03-16,2025-03-16 13:03:00,812.21,812.21,812.12,812.12,-0.01,82.69,67067.95,-1
2025-03-16,2025-03-16 13:04:00,812.12,812.12,812.02,812.02,-0.01,82.69,67067.95,-1
2025-03-16,2025-03-16 13:05:00,812.02,812.02,811.92,811.92,-0.01,82.69,67067.95,-1
2025-03-16,2025-03-16 13:06:00,811.92,811.92,811.83,811.83,-0.01,82.69,67067.95,-1
2025-03-16,2025-03-16 13:07:00,811.83,811.83,811.73,811.73,-0.01,82.69,67067.95,-1
2025-03-16,2025-03-16 13:08:00,811.73,811.73,811.64,811.64,-0.01,82.69,67067.95,-1
2025-03-16,2025-03-16 13:09:00,811.64,811.64,811.54,811.54,-0.01,82.69,67067.95,-1
2025-03-16,2025-03-16 13:10:00,811.54,811.54,811.45,811.45,-0.01,82.69,67067.95,-1
2025-03-16,2025-03-16 13:11:00,811.45,811.45,811.35,811.35,-0.01,82.69,67067.95,-1
2025-03-16,2025-03-16 13:12:00,811.35,811.35,811.25,811.25,-0.01,82.69,67067.95,-1
2025-03-16,2025-03-16 13:13:00,811.25,811.25,811.16,811.16,-0.01,82.69,67067.95,-1
2025-03-16,2025-03-16 13:14:00,811.16,811.16,811.06,811.06,-0.01,82.69,67067.95,-1
2025-03-16,2025-03-16 13:15:00,811.06,811.06,810.97,810.97,-0.01,82.69,67067.95,-1
2025-03-16,2025-03-16 13:16:00,810.97,810.97,810.87,810.87,-0.01,82.69,67067.95,-1
2025-03-16,2025-03-16 13:17:00,810.87,810.87,810.77,810.77,-0.01,82.69,67067.95,-1
2025-03-16,2025-03-16 13:18:00,810.77,810.77,810.68,810.68,-0.01,82.69,67067.95,-1
2025-03-16,2025-03-16 13:19:00,810.68,810.68,810.58,810.58,-0.01,82.69,67067.95,-1
2025-03-16,2025-03-16 13:20:00,810.58,810.58,810.49,810.49,-0.01,82.69,67067.95,-1
2025-03-16,2025-03-16 13:21:00,810.49,810.49,810.39,810.39,-0.01,82.69,67067.95,-1
2025-03-16,2025-03-16 13:22:00,810.39,810.39,810.3,810.3,-0.01,82.69,67067.95,-1
2025-03-16,2025-03-16 13:23:00,810.3,810.3,810.2,810.2,-0.01,82.69,67067.95,-1
2025-03-16,2025-03-16 13:24:00,810.2,810.2,810.1,810.1,-0.01,82.69,67067.95,-1
2025-03-16,2025-03-16 13:25:00,810.1,810.1,810.01,810.01,-0.01,82.69,67067.95,-1
2025-03-16,2025-03-16 13:26:00,810.01,810.01,809.91,809.91,-0.01,82.69,67067.95,-1
2025-03-16,2025-03-16 13:27:00,809.91,809.91,809.82,809.82,-0.01,82.69,67067.95,-1
2025-03-16,2025-03-16 13:28:00,809.82,809.82,809.72,809.72,-0.01,82.69,67067.95,-1
2025-03-16,2025-03-16 13:29:00,809.72,809.72,809.62,809.62,-0.01,82.69,67067.95,-1
2025-03-16,2025-03-16 13:30:00,809.62,809.62,809.53,809.53,-0.01,82.69,67067.95,-1
2025-03-16,2025-03-16 13:31:00,809.53,809.53,809.43,809.43,-0.01,82.69,67067.95,-1
2025-03-16,2025-03-16 13:32:00,809.43,809.43,809.34,809.34,-0.01,82.69,67067.95,-1
2025-03-16,2025-03-16 13:33:00,809.34,809.34,809.24,809.24,-0.01,82.69,67067.95,-1
2025-03-16,2025-03-16 13:34:00,809.24,809.24,809.15,809.15,-0.01,82.69,67067.95,-1
2025-03-16,2025-03-16 13:35:00,809.15,809.15,809.05,809.05,-0.01,82.69,67067.95,-1
2025-03-16,2025-03-16 13:36:00,809.05,809.05,808.95,808.95,-0.01,82.69,67067.95,-1
2025-03-16,2025-03-16 13:37:00,808.95,808.95,808.86,808.86,-0.01,82.69,67067.95,-1
2025-03-16,2025-03-16 13:38:00,808.86,808.86,808.76,808.76,-0.01,82.69,67067.95,-1
2025-03-16,2025-03-16 13:39:00,808.76,808.76,808.67,808.67,-0.01,82.69,67067.95,-1
2025-03-16,2025-03-16 13:40:00,808.67,808.67,808.57,808.57,-0.01,82.69,67067.95,-1
2025-03-16,2025-03-16 13:41:00,808.57,808.57,808.48,808.48,-0.01,82.69,67067.95,-1
2025-03-16,2025-03-16 13:42:00,808.48,808.48,808.38,808.38,-0.01,82.69,67067.95,-1
2025-03-16,2025-03-16 13:43:00,808.38,808.38,808.28,808.28,-0.01,82.69,67067.95,-1
2025-03-16,2025-03-16 13:44:00,808.28,808.28,808.19,808.19,-0.01,82.69,67067.95,-1
2025-03-16,2025-03-16 13:45:00,808.19,808.19,808.09,808.09,-0.01,82.69,67067.95,-1
2025-03-16,2025-03-16 13:46:00,808.09,808.09,808.0,808.0,-0.01,82.69,67067.95,-1
2025-03-16,2025-03-16 13:47:00,808.0,808.0,807.9,807.9,-0.01,82.69,67067.95,-1
2025-03-16,2025-03-16 13:48:00,807.9,807.9,807.8,807.8,-0.01,82.69,67067.95,-1
2025-03-16,2025-03-16 13:49:00,807.8,807.8,807.71,807.71,-0.01,82.69,67067.95,-1
2025-03-16,2025-03-16 13:50:00,807.71,807.71,807.61,807.61,-0.01,82.69,67067.95,-1
2025-03-16,2025-03-16 13:51:00,807.61,807.61,807.52,807.52,-0.01,82.69,67067.95,-1
2025-03-16,2025-03-16 13:52:00,807.52,807.52,807.42,807.42,-0.01,82.69,67067.95,-1
2025-03-16,2025-03-16 13:53:00,807.42,807.42,807.33,807.33,-0.01,82.69,67067.95,-1
2025-03-16,2025-03-16 13:54:00,807.33,807.33,807.23,807.23,-0.01,82.69,67067.95,-1
2025-03-16,2025-03-16 13:55:00,807.23,807.23,807.13,807.13,-0.01,82.69,67067.95,-1
2025-03-16,2025-03-16 13:56:00,807.13,807.13,807.04,807.04,-0.01,82.69,67067.95,-1
2025-03-16,2025-03-16 13:57:00,807.04,807.04,806.94,806.94,-0.01,82.69,67067.95,-1
2025-03-16,2025-03-16 13:58:00,806.94,806.94,806.85,806.85,-0.01,82.69,67067.95,-1
2025-03-16,2025-03-16 13:59:00,806.85,806.85,806.75,806.75,-0.01,82.69,67067.95,-1
2025-03-16,2025-03-16 14:00:00,806.75,806.75,806.65,806.65,-0.01,82.69,67067.95,-1
2025-03-16,2025-03-16 14:01:00,806.65,806.65,806.56,806.56,-0.01,82.69,67067.95,-1
2025-03-16,2025-03-16 14:02:00,806.56,806.56,806.46,806.46,-0.01,82.69,67067.95,-1
2025-03-16,2025-03-16 14:03:00,806.46,806.46,806.37,806.37,-0.01,82.69,67067.95,-1
2025-03-16,2025-03-16 14:04:00,806.37,806.37,806.27,806.27,-0.01,82.69,67067.95,-1
2025-03-16,2025-03-16 14:05:00,806.27,806.27,806.17,806.17,-0.01,82.69,67067.95,-1
2025-03-16,2025-03-16 14:06:00,806.17,806.17,806.08,806.08,-0.01,82.69,67067.95,-1
2025-03-16,2025-03-16 14:07:00,806.08,806.08,805.98,805.98,-0.01,82.69,67067.95,-1
2025-03-16,2025-03-16 14:08:00,805.98,805.98,805.89,805.89,-0.01,82.69,67067.95,-1
2025-03-16,2025-03-16 14:09:00,805.89,805.89,805.79,805.79,-0.01,82.69,67067.95,-1
2025-03-16,2025-03-16 14:10:00,805.79,805.79,805.7,805.7,-0.01,82.69,67067.95,-1
2025-03-16,2025-03-16 14:11:00,805.7,805.7,805.6,805.6,-0.01,82.69,67067.95,-1
2025-03-16,2025-03-16 14:12:00,805.6,805.6,805.5,805.5,-0.01,82.69,67067.95,-1
2025-03-16,2025-03-16 14:13:00,805.5,805.5,805.41,805.41,-0.01,82.69,67067.95,-1
2025-03-16,2025-03-16 14:14:00,805.41,805.41,805.31,805.31,-0.01,82.69,67067.95,-1
2025-03-16,2025-03-16 14:15:00,805.31,805.31,805.22,805.22,-0.01,82.69,67067.95,-1
2025-03-16,2025-03-16 14:16:00,805.22,805.22,805.12,805.12,-0.01,82.69,67067.95,-1
2025-03-16,2025-03-16 14:17:00,805.12,805.12,805.02,805.02,-0.01,82.69,67067.95,-1
2025-03-16,2025-03-16 14:18:00,805.02,805.02,804.93,804.93,-0.01,82.69,67067.95,-1
2025-03-16,2025-03-16 14:19:00,804.93,804.93,804.83,804.83,-0.01,82.69,67067.95,-1
2025-03-16,2025-03-16 14:20:00,804.83,804.83,804.74,804.74,-0.01,82.69,67067.95,-1
2025-03-16,2025-03-16 14:21:00,804.74,804.74,804.64,804.64,-0.01,82.69,67067.95,-1
2025-03-16,2025-03-16 14:22:00,804.64,804.64,804.55,804.55,-0.01,82.69,67067.95,-1
2025-03-16,2025-03-16 14:23:00,804.55,804.55,804.45,804.45,-0.01,82.69,67067.95,-1
2025-03-16,2025-03-16 14:24:00,804.45,804.45,804.35,804.35,-0.01,82.69,67067.95,-1
2025-03-16,2025-03-16 14:25:00,804.35,804.35,804.26,804.26,-0.01,82.69,67067.95,-1
2025-03-16,2025-03-16 14:26:00,804.26,804.26,804.16,804.16,-0.01,82.69,67067.95,-1
2025-03-16,2025-03-16 14:27:00,804.16,804.16,804.07,804.07,-0.01,82.69,67067.95,-1
2025-03-16,2025-03-16 14:28:00,804.07,804.07,803.97,803.97,-0.01,82.69,67067.95,-1
2025-03-16,2025-03-16 14:29:00,803.97,803.97,803.88,803.88,-0.01,82.69,67067.95,-1
2025-03-16,2025-03-16 14:30:00,803.88,803.88,803.78,803.78,-0.01,82.69,67067.95,-1
2025-03-16,2025-03-16 14:31:00,803.78,803.78,803.68,803.68,-0.01,82.69,67067.95,-1
2025-03-16,2025-03-16 14:32:00,803.68,803.68,803.59,803.59,-0.01,82.69,67067.95,-1
2025-03-16,2025-03-16 14:33:00,803.59,803.59,803.49,803.49,-0.01,82.69,67067.95,-1
2025-03-16,2025-03-16 14:34:00,803.49,803.49,803.4,803.4,-0.01,82.69,67067.95,-1
2025-03-16,2025-03-16 14:35:00,803.4,803.4,803.3,803.3,-0.01,82.69,67067.95,-1
2025-03-16,2025-03-16 14:36:00,803.3,803.3,803.2,803.2,-0.01,82.69,67067.95,-1
2025-03-16,2025-03-16 14:37:00,803.2,803.2,803.11,803.11,-0.01,82.69,67067.95,-1
2025-03-16,2025-03-16 14:38:00,803.11,803.11,803.01,803.01,-0.01,82.69,67067.95,-1
2025-03-16,2025-03-16 14:39:00,803.01,803.01,802.92,802.92,-0.01,82.69,67067.95,-1
2025-03-16,2025-03-16 14:40:00,802.92,802.92,802.82,802.82,-0.01,82.69,67067.95,-1
2025-03-16,2025-03-16 14:41:00,802.82,802.82,802.73,802.73,-0.01,82.69,67067.95,-1
2025-03-16,2025-03-16 14:42:00,802.73,802.73,802.63,802.63,-0.01,82.69,67067.95,-1
2025-03-16,2025-03-16 14:43:00,802.63,802.63,802.53,802.53,-0.01,82.69,67067.95,-1
2025-03-16,2025-03-16 14:44:00,802.53,802.53,802.44,802.44,-0.01,82.69,67067.95,-1
2025-03-16,2025-03-16 14:45:00,802.44,802.44,802.34,802.34,-0.01,82.69,67067.95,-1
2025-03-16,2025-03-16 14:46:00,802.34,802.34,802.25,802.25,-0.01,82.69,67067.95,-1
2025-03-16,2025-03-16 14:47:00,802.25,802.25,802.15,802.15,-0.01,82.69,67067.95,-1
2025-03-16,2025-03-16 14:48:00,802.15,802.15,802.05,802.05,-0.01,82.69,67067.95,-1
2025-03-16,2025-03-16 14:49:00,802.05,802.05,801.96,801.96,-0.01,82.69,67067.95,-1
2025-03-16,2025-03-16 14:50:00,801.96,801.96,801.86,801.86,-0.01,82.69,67067.95,-1
2025-03-16,2025-03-16 14:51:00,801.86,801.86,801.77,801.77,-0.01,82.69,67067.95,-1
2025-03-16,2025-03-16 14:52:00,801.77,801.77,801.67,801.67,-0.01,82.69,67067.95,-1
2025-03-16,2025-03-16 14:53:00,801.67,801.67,801.58,801.58,-0.01,82.69,67067.95,-1
2025-03-16,2025-03-16 14:54:00,801.58,801.58,801.48,801.48,-0.01,82.69,67067.95,-1
2025-03-16,2025-03-16 14:55:00,801.48,801.48,801.38,801.38,-0.01,82.69,67067.95,-1
2025-03-16,2025-03-16 14:56:00,801.38,801.38,801.29,801.29,-0.01,82.69,67067.95,-1
2025-03-16,2025-03-16 14:57:00,801.29,801.29,801.19,801.19,-0.01,82.69,67067.95,-1
2025-03-16,2025-03-16 14:58:00,801.19,801.19,801.1,801.1,-0.01,82.69,67067.95,-1
2025-03-16,2025-03-16 14:59:00,801.1,801.1,801.0,801.0,-0.01,82.69,67067.95,-1
2025-03-16,2025-03-16 15:00:00,801.0,824.0,800.0,801.0,0.0,82.69,67067.95,0
2025-03-17,2025-03-17 11:00:00,795.0,806.91,795.0,795.12,0.02,161.31,132258.04,1
2025-03-17,2025-03-17 11:01:00,795.12,795.24,795.12,795.24,0.02,161.31,132258.04,1
2025-03-17,2025-03-17 11:02:00,795.24,795.36,795.24,795.36,0.02,161.31,132258.04,1
2025-03-17,2025-03-17 11:03:00,795.36,795.48,795.36,795.48,0.02,161.31,132258.04,1
2025-03-17,2025-03-17 11:04:00,795.48,795.6,795.48,795.6,0.02,161.31,132258.04,1
2025-03-17,2025-03-17 11:05:00,795.6,795.73,795.6,795.73,0.02,161.31,132258.04,1
2025-03-17,2025-03-17 11:06:00,795.73,795.85,795.73,795.85,0.02,161.31,132258.04,1
2025-03-17,2025-03-17 11:07:00,795.85,795.97,795.85,795.97,0.02,161.31,132258.04,1
2025-03-17,2025-03-17 11:08:00,795.97,796.09,795.97,796.09,0.02,161.31,132258.04,1
2025-03-17,2025-03-17 11:09:00,796.09,796.21,796.09,796.21,0.02,161.31,132258.04,1
2025-03-17,2025-03-17 11:10:00,796.21,796.33,796.21,796.33,0.02,161.31,132258.04,1
2025-03-17,2025-03-17 11:11:00,796.33,796.45,796.33,796.45,0.02,161.31,132258.04,1
2025-03-17,2025-03-17 11:12:00,796.45,796.57,796.45,796.57,0.02,161.31,132258.04,1
2025-03-17,2025-03-17 11:13:00,796.57,796.69,796.57,796.69,0.02,161.31,132258.04,1
2025-03-17,2025-03-17 11:14:00,796.69,796.81,796.69,796.81,0.02,161.31,132258.04,1
2025-03-17,2025-03-17 11:15:00,796.81,796.93,796.81,796.93,0.02,161.31,132258.04,1
2025-03-17,2025-03-17 11:16:00,796.93,797.05,796.93,797.05,0.02,161.31,132258.04,1
2025-03-17,2025-03-17 11:17:00,797.05,797.17,797.05,797.17,0.02,161.31,132258.04,1
2025-03-17,2025-03-17 11:18:00,797.17,797.3,797.17,797.3,0.02,161.31,132258.04,1
2025-03-17,2025-03-17 11:19:00,797.3,797.42,797.3,797.42,0.02,161.31,132258.04,1
2025-03-17,2025-03-17 11:20:00,797.42,797.54,797.42,797.54,0.02,161.31,132258.04,1
2025-03-17,2025-03-17 11:21:00,797.54,797.66,797.54,797.66,0.02,161.31,132258.04,1
2025-03-17,2025-03-17 11:22:00,797.66,797.78,797.66,797.78,0.02,161.31,132258.04,1
2025-03-17,2025-03-17 11:23:00,797.78,797.9,797.78,797.9,0.02,161.31,132258.04,1
2025-03-17,2025-03-17 11:24:00,797.9,798.02,797.9,798.02,0.02,161.31,132258.04,1
2025-03-17,2025-03-17 11:25:00,798.02,798.14,798.02,798.14,0.02,161.31,132258.04,1
2025-03-17,2025-03-17 11:26:00,798.14,798.26,798.14,798.26,0.02,161.31,132258.04,1
2025-03-17,2025-03-17 11:27:00,798.26,798.38,798.26,798.38,0.02,161.31,132258.04,1
2025-03-17,2025-03-17 11:28:00,798.38,798.5,798.38,798.5,0.02,161.31,132258.04,1
2025-03-17,2025-03-17 11:29:00,798.5,798.62,798.5,798.62,0.02,161.31,132258.04,1
2025-03-17,2025-03-17 11:30:00,798.62,798.75,798.62,798.75,0.02,161.31,132258.04,1
2025-03-17,2025-03-17 11:31:00,798.75,798.87,798.75,798.87,0.02,161.31,132258.04,1
2025-03-17,2025-03-17 11:32:00,798.87,798.99,798.87,798.99,0.02,161.31,132258.04,1
2025-03-17,2025-03-17 11:33:00,798.99,799.11,798.99,799.11,0.02,161.31,132258.04,1
2025-03-17,2025-03-17 11:34:00,799.11,799.23,799.11,799.23,0.02,161.31,132258.04,1
2025-03-17,2025-03-17 11:35:00,799.23,799.35,799.23,799.35,0.02,161.31,132258.04,1
2025-03-17,2025-03-17 11:36:00,799.35,799.47,799.35,799.47,0.02,161.31,132258.04,1
2025-03-17,2025-03-17 11:37:00,799.47,799.59,799.47,799.59,0.02,161.31,132258.04,1
2025-03-17,2025-03-17 11:38:00,799.59,799.71,799.59,799.71,0.02,161.31,132258.04,1
2025-03-17,2025-03-17 11:39:00,799.71,799.83,799.71,799.83,0.02,161.31,132258.04,1
2025-03-17,2025-03-17 11:40:00,799.83,799.95,799.83,799.95,0.02,161.31,132258.04,1
2025-03-17,2025-03-17 11:41:00,799.95,800.08,799.95,800.08,0.02,161.31,132258.04,1
2025-03-17,2025-03-17 11:42:00,800.08,800.2,800.08,800.2,0.01,161.31,132258.04,1
2025-03-17,2025-03-17 11:43:00,800.2,800.32,800.2,800.32,0.01,161.31,132258.04,1
2025-03-17,2025-03-17 11:44:00,800.32,800.44,800.32,800.44,0.01,161.31,132258.04,1
2025-03-17,2025-03-17 11:45:00,800.44,800.56,800.44,800.56,0.01,161.31,132258.04,1
2025-03-17,2025-03-17 11:46:00,800.56,800.68,800.56,800.68,0.01,161.31,132258.04,1
2025-03-17,2025-03-17 11:47:00,800.68,800.8,800.68,800.8,0.01,161.31,132258.04,1
2025-03-17,2025-03-17 11:48:00,800.8,800.92,800.8,800.92,0.01,161.31,132258.04,1
2025-03-17,2025-03-17 11:49:00,800.92,801.04,800.92,801.04,0.01,161.31,132258.04,1
2025-03-17,2025-03-17 11:50:00,801.04,801.16,801.04,801.16,0.01,161.31,132258.04,1
2025-03-17,2025-03-17 11:51:00,801.16,801.28,801.16,801.28,0.01,161.31,132258.04,1
2025-03-17,2025-03-17 11:52:00,801.28,801.4,801.28,801.4,0.01,161.31,132258.04,1
2025-03-17,2025-03-17 11:53:00,801.4,801.52,801.4,801.52,0.01,161.31,132258.04,1
2025-03-17,2025-03-17 11:54:00,801.52,801.65,801.52,801.65,0.02,161.31,132258.04,1
2025-03-17,2025-03-17 11:55:00,801.65,801.77,801.65,801.77,0.01,161.31,132258.04,1
2025-03-17,2025-03-17 11:56:00,801.77,801.89,801.77,801.89,0.01,161.31,132258.04,1
2025-03-17,2025-03-17 11:57:00,801.89,802.01,801.89,802.01,0.01,161.31,132258.04,1
2025-03-17,2025-03-17 11:58:00,802.01,802.13,802.01,802.13,0.01,161.31,132258.04,1
2025-03-17,2025-03-17 11:59:00,802.13,802.25,802.13,802.25,0.01,161.31,132258.04,1
2025-03-17,2025-03-17 12:00:00,802.25,802.37,802.25,802.37,0.01,161.31,132258.04,1
2025-03-17,2025-03-17 12:01:00,802.37,802.49,802.37,802.49,0.01,161.31,132258.04,1
2025-03-17,2025-03-17 12:02:00,802.49,802.61,802.49,802.61,0.01,161.31,132258.04,1
2025-03-17,2025-03-17 12:03:00,802.61,802.73,802.61,802.73,0.01,161.31,132258.04,1
2025-03-17,2025-03-17 12:04:00,802.73,802.85,802.73,802.85,0.01,161.31,132258.04,1
2025-03-17,2025-03-17 12:05:00,802.85,802.98,802.85,802.98,0.02,161.31,132258.04,1
2025-03-17,2025-03-17 12:06:00,802.98,803.1,802.98,803.1,0.01,161.31,132258.04,1
2025-03-17,2025-03-17 12:07:00,803.1,803.22,803.1,803.22,0.01,161.31,132258.04,1
2025-03-17,2025-03-17 12:08:00,803.22,803.34,803.22,803.34,0.01,161.31,132258.04,1
2025-03-17,2025-03-17 12:09:00,803.34,803.46,803.34,803.46,0.01,161.31,132258.04,1
2025-03-17,2025-03-17 12:10:00,803.46,803.58,803.46,803.58,0.01,161.31,132258.04,1
2025-03-17,2025-03-17 12:11:00,803.58,803.7,803.58,803.7,0.01,161.31,132258.04,1
2025-03-17,2025-03-17 12:12:00,803.7,803.82,803.7,803.82,0.01,161.31,132258.04,1
2025-03-17,2025-03-17 12:13:00,803.82,803.94,803.82,803.94,0.01,161.31,132258.04,1
2025-03-17,2025-03-17 12:14:00,803.94,804.06,803.94,804.06,0.01,161.31,132258.04,1
2025-03-17,2025-03-17 12:15:00,804.06,804.18,804.06,804.18,0.01,161.31,132258.04,1
2025-03-17,2025-03-17 12:16:00,804.18,804.3,804.18,804.3,0.01,161.31,132258.04,1
2025-03-17,2025-03-17 12:17:00,804.3,804.42,804.3,804.42,0.01,161.31,132258.04,1
2025-03-17,2025-03-17 12:18:00,804.42,804.55,804.42,804.55,0.02,161.31,132258.04,1
2025-03-17,2025-03-17 12:19:00,804.55,804.67,804.55,804.67,0.01,161.31,132258.04,1
2025-03-17,2025-03-17 12:20:00,804.67,804.79,804.67,804.79,0.01,161.31,132258.04,1
2025-03-17,2025-03-17 12:21:00,804.79,804.91,804.79,804.91,0.01,161.31,132258.04,1
2025-03-17,2025-03-17 12:22:00,804.91,805.03,804.91,805.03,0.01,161.31,132258.04,1
2025-03-17,2025-03-17 12:23:00,805.03,805.15,805.03,805.15,0.01,161.31,132258.04,1
2025-03-17,2025-03-17 12:24:00,805.15,805.27,805.15,805.27,0.01,161.31,132258.04,1
2025-03-17,2025-03-17 12:25:00,805.27,805.39,805.27,805.39,0.01,161.31,132258.04,1
2025-03-17,2025-03-17 12:26:00,805.39,805.51,805.39,805.51,0.01,161.31,132258.04,1
2025-03-17,2025-03-17 12:27:00,805.51,805.63,805.51,805.63,0.01,161.31,132258.04,1
2025-03-17,2025-03-17 12:28:00,805.63,805.75,805.63,805.75,0.01,161.31,132258.04,1
2025-03-17,2025-03-17 12:29:00,805.75,805.88,805.75,805.88,0.02,161.31,132258.04,1
2025-03-17,2025-03-17 12:30:00,805.88,806.0,805.88,806.0,0.01,161.31,132258.04,1
2025-03-17,2025-03-17 12:31:00,806.0,806.12,806.0,806.12,0.01,161.31,132258.04,1
2025-03-17,2025-03-17 12:32:00,806.12,806.24,806.12,806.24,0.01,161.31,132258.04,1
2025-03-17,2025-03-17 12:33:00,806.24,806.36,806.24,806.36,0.01,161.31,132258.04,1
2025-03-17,2025-03-17 12:34:00,806.36,806.48,806.36,806.48,0.01,161.31,132258.04,1
2025-03-17,2025-03-17 12:35:00,806.48,806.6,806.48,806.6,0.01,161.31,132258.04,1
2025-03-17,2025-03-17 12:36:00,806.6,806.72,806.6,806.72,0.01,161.31,132258.04,1
2025-03-17,2025-03-17 12:37:00,806.72,806.84,806.72,806.84,0.01,161.31,132258.04,1
2025-03-17,2025-03-17 12:38:00,806.84,806.96,806.84,806.96,0.01,161.31,132258.04,1
2025-03-17,2025-03-17 12:39:00,806.96,807.08,806.96,807.08,0.01,161.31,132258.04,1
2025-03-17,2025-03-17 12:40:00,807.08,807.2,807.08,807.2,0.01,161.31,132258.04,1
2025-03-17,2025-03-17 12:41:00,807.2,807.33,807.2,807.33,0.02,161.31,132258.04,1
2025-03-17,2025-03-17 12:42:00,807.33,807.45,807.33,807.45,0.01,161.31,132258.04,1
2025-03-17,2025-03-17 12:43:00,807.45,807.57,807.45,807.57,0.01,161.31,132258.04,1
2025-03-17,2025-03-17 12:44:00,807.57,807.69,807.57,807.69,0.01,161.31,132258.04,1
2025-03-17,2025-03-17 12:45:00,807.69,807.81,807.69,807.81,0.01,161.31,132258.04,1
2025-03-17,2025-03-17 12:46:00,807.81,807.93,807.81,807.93,0.01,161.31,132258.04,1
2025-03-17,2025-03-17 12:47:00,807.93,808.05,807.93,808.05,0.01,161.31,132258.04,1
2025-03-17,2025-03-17 12:48:00,808.05,808.17,808.05,808.17,0.01,161.31,132258.04,1
2025-03-17,2025-03-17 12:49:00,808.17,808.29,808.17,808.29,0.01,161.31,132258.04,1
2025-03-17,2025-03-17 12:50:00,808.29,808.41,808.29,808.41,0.01,161.31,132258.04,1
2025-03-17,2025-03-17 12:51:00,808.41,808.53,808.41,808.53,0.01,161.31,132258.04,1
2025-03-17,2025-03-17 12:52:00,808.53,808.65,808.53,808.65,0.01,161.31,132258.04,1
2025-03-17,2025-03-17 12:53:00,808.65,808.77,808.65,808.77,0.01,161.31,132258.04,1
2025-03-17,2025-03-17 12:54:00,808.77,808.9,808.77,808.9,0.02,161.31,132258.04,1
2025-03-17,2025-03-17 12:55:00,808.9,809.02,808.9,809.02,0.01,161.31,132258.04,1
2025-03-17,2025-03-17 12:56:00,809.02,809.14,809.02,809.14,0.01,161.31,132258.04,1
2025-03-17,2025-03-17 12:57:00,809.14,809.26,809.14,809.26,0.01,161.31,132258.04,1
2025-03-17,2025-03-17 12:58:00,809.26,809.38,809.26,809.38,0.01,161.31,132258.04,1
2025-03-17,2025-03-17 12:59:00,809.38,809.5,809.38,809.5,0.01,161.31,132258.04,1
2025-03-17,2025-03-17 13:00:00,809.5,834.7,795.0,809.62,0.01,161.31,132258.04,1
2025-03-17,2025-03-17 13:01:00,809.62,809.74,809.62,809.74,0.01,161.31,132258.04,1
2025-03-17,2025-03-17 13:02:00,809.74,809.86,809.74,809.86,0.01,161.31,132258.04,1
2025-03-17,2025-03-17 13:03:00,809.86,809.98,809.86,809.98,0.01,161.31,132258.04,1
2025-03-17,2025-03-17 13:04:00,809.98,810.1,809.98,810.1,0.01,161.31,132258.04,1
2025-03-17,2025-03-17 13:05:00,810.1,810.23,810.1,810.23,0.02,161.31,132258.04,1
2025-03-17,2025-03-17 13:06:00,810.23,810.35,810.23,810.35,0.01,161.31,132258.04,1
2025-03-17,2025-03-17 13:07:00,810.35,810.47,810.35,810.47,0.01,161.31,132258.04,1
2025-03-17,2025-03-17 13:08:00,810.47,810.59,810.47,810.59,0.01,161.31,132258.04,1
2025-03-17,2025-03-17 13:09:00,810.59,810.71,810.59,810.71,0.01,161.31,132258.04,1
2025-03-17,2025-03-17 13:10:00,810.71,810.83,810.71,810.83,0.01,161.31,132258.04,1
2025-03-17,2025-03-17 13:11:00,810.83,810.95,810.83,810.95,0.01,161.31,132258.04,1
2025-03-17,2025-03-17 13:12:00,810.95,811.07,810.95,811.07,0.01,161.31,132258.04,1
2025-03-17,2025-03-17 13:13:00,811.07,811.19,811.07,811.19,0.01,161.31,132258.04,1
2025-03-17,2025-03-17 13:14:00,811.19,811.31,811.19,811.31,0.01,161.31,132258.04,1
2025-03-17,2025-03-17 13:15:00,811.31,811.43,811.31,811.43,0.01,161.31,132258.04,1
2025-03-17,2025-03-17 13:16:00,811.43,811.55,811.43,811.55,0.01,161.31,132258.04,1
2025-03-17,2025-03-17 13:17:00,811.55,811.67,811.55,811.67,0.01,161.31,132258.04,1
2025-03-17,2025-03-17 13:18:00,811.67,811.8,811.67,811.8,0.02,161.31,132258.04,1
2025-03-17,2025-03-17 13:19:00,811.8,811.92,811.8,811.92,0.01,161.31,132258.04,1
2025-03-17,2025-03-17 13:20:00,811.92,812.04,811.92,812.04,0.01,161.31,132258.04,1
2025-03-17,2025-03-17 13:21:00,812.04,812.16,812.04,812.16,0.01,161.31,132258.04,1
2025-03-17,2025-03-17 13:22:00,812.16,812.28,812.16,812.28,0.01,161.31,132258.04,1
2025-03-17,2025-03-17 13:23:00,812.28,812.4,812.28,812.4,0.01,161.31,132258.04,1
2025-03-17,2025-03-17 13:24:00,812.4,812.52,812.4,812.52,0.01,161.31,132258.04,1
2025-03-17,2025-03-17 13:25:00,812.52,812.64,812.52,812.64,0.01,161.31,132258.04,1
2025-03-17,2025-03-17 13:26:00,812.64,812.76,812.64,812.76,0.01,161.31,132258.04,1
2025-03-17,2025-03-17 13:27:00,812.76,812.88,812.76,812.88,0.01,161.31,132258.04,1
2025-03-17,2025-03-17 13:28:00,812.88,813.0,812.88,813.0,0.01,161.31,132258.04,1
2025-03-17,2025-03-17 13:29:00,813.0,813.12,813.0,813.12,0.01,161.31,132258.04,1
2025-03-17,2025-03-17 13:30:00,813.12,813.25,813.12,813.25,0.02,161.31,132258.04,1
2025-03-17,2025-03-17 13:31:00,813.25,813.37,813.25,813.37,0.01,161.31,132258.04,1
2025-03-17,2025-03-17 13:32:00,813.37,813.49,813.37,813.49,0.01,161.31,132258.04,1
2025-03-17,2025-03-17 13:33:00,813.49,813.61,813.49,813.61,0.01,161.31,132258.04,1
2025-03-17,2025-03-17 13:34:00,813.61,813.73,813.61,813.73,0.01,161.31,132258.04,1
2025-03-17,2025-03-17 13:35:00,813.73,813.85,813.73,813.85,0.01,161.31,132258.04,1
2025-03-17,2025-03-17 13:36:00,813.85,813.97,813.85,813.97,0.01,161.31,132258.04,1
2025-03-17,2025-03-17 13:37:00,813.97,814.09,813.97,814.09,0.01,161.31,132258.04,1
2025-03-17,2025-03-17 13:38:00,814.09,814.21,814.09,814.21,0.01,161.31,132258.04,1
2025-03-17,2025-03-17 13:39:00,814.21,814.33,814.21,814.33,0.01,161.31,132258.04,1
2025-03-17,2025-03-17 13:40:00,814.33,814.45,814.33,814.45,0.01,161.31,132258.04,1
2025-03-17,2025-03-17 13:41:00,814.45,814.58,814.45,814.58,0.02,161.31,132258.04,1
2025-03-17,2025-03-17 13:42:00,814.58,814.7,814.58,814.7,0.01,161.31,132258.04,1
2025-03-17,2025-03-17 13:43:00,814.7,814.82,814.7,814.82,0.01,161.31,132258.04,1
2025-03-17,2025-03-17 13:44:00,814.82,814.94,814.82,814.94,0.01,161.31,132258.04,1
2025-03-17,2025-03-17 13:45:00,814.94,815.06,814.94,815.06,0.01,161.31,132258.04,1
2025-03-17,2025-03-17 13:46:00,815.06,815.18,815.06,815.18,0.01,161.31,132258.04,1
2025-03-17,2025-03-17 13:47:00,815.18,815.3,815.18,815.3,0.01,161.31,132258.04,1
2025-03-17,2025-03-17 13:48:00,815.3,815.42,815.3,815.42,0.01,161.31,132258.04,1
2025-03-17,2025-03-17 13:49:00,815.42,815.54,815.42,815.54,0.01,161.31,132258.04,1
2025-03-17,2025-03-17 13:50:00,815.54,815.66,815.54,815.66,0.01,161.31,132258.04,1
2025-03-17,2025-03-17 13:51:00,815.66,815.78,815.66,815.78,0.01,161.31,132258.04,1
2025-03-17,2025-03-17 13:52:00,815.78,815.9,815.78,815.9,0.01,161.31,132258.04,1
2025-03-17,2025-03-17 13:53:00,815.9,816.02,815.9,816.02,0.01,161.31,132258.04,1
2025-03-17,2025-03-17 13:54:00,816.02,816.15,816.02,816.15,0.02,161.31,132258.04,1
2025-03-17,2025-03-17 13:55:00,816.15,816.27,816.15,816.27,0.01,161.31,132258.04,1
2025-03-17,2025-03-17 13:56:00,816.27,816.39,816.27,816.39,0.01,161.31,132258.04,1
2025-03-17,2025-03-17 13:57:00,816.39,816.51,816.39,816.51,0.01,161.31,132258.04,1
2025-03-17,2025-03-17 13:58:00,816.51,816.63,816.51,816.63,0.01,161.31,132258.04,1
2025-03-17,2025-03-17 13:59:00,816.63,816.75,816.63,816.75,0.01,161.31,132258.04,1
2025-03-17,2025-03-17 14:00:00,816.75,816.87,816.75,816.87,0.01,161.31,132258.04,1
2025-03-17,2025-03-17 14:01:00,816.87,816.99,816.87,816.99,0.01,161.31,132258.04,1
2025-03-17,2025-03-17 14:02:00,816.99,817.11,816.99,817.11,0.01,161.31,132258.04,1
2025-03-17,2025-03-17 14:03:00,817.11,817.23,817.11,817.23,0.01,161.31,132258.04,1
2025-03-17,2025-03-17 14:04:00,817.23,817.35,817.23,817.35,0.01,161.31,132258.04,1
2025-03-17,2025-03-17 14:05:00,817.35,817.48,817.35,817.48,0.02,161.31,132258.04,1
2025-03-17,2025-03-17 14:06:00,817.48,817.6,817.48,817.6,0.01,161.31,132258.04,1
2025-03-17,2025-03-17 14:07:00,817.6,817.72,817.6,817.72,0.01,161.31,132258.04,1
2025-03-17,2025-03-17 14:08:00,817.72,817.84,817.72,817.84,0.01,161.31,132258.04,1
2025-03-17,2025-03-17 14:09:00,817.84,817.96,817.84,817.96,0.01,161.31,132258.04,1
2025-03-17,2025-03-17 14:10:00,817.96,818.08,817.96,818.08,0.01,161.31,132258.04,1
2025-03-17,2025-03-17 14:11:00,818.08,818.2,818.08,818.2,0.01,161.31,132258.04,1
2025-03-17,2025-03-17 14:12:00,818.2,818.32,818.2,818.32,0.01,161.31,132258.04,1
2025-03-17,2025-03-17 14:13:00,818.32,818.44,818.32,818.44,0.01,161.31,132258.04,1
2025-03-17,2025-03-17 14:14:00,818.44,818.56,818.44,818.56,0.01,161.31,132258.04,1
2025-03-17,2025-03-17 14:15:00,818.56,818.68,818.56,818.68,0.01,161.31,132258.04,1
2025-03-17,2025-03-17 14:16:00,818.68,818.8,818.68,818.8,0.01,161.31,132258.04,1
2025-03-17,2025-03-17 14:17:00,818.8,818.92,818.8,818.92,0.01,161.31,132258.04,1
2025-03-17,2025-03-17 14:18:00,818.92,819.05,818.92,819.05,0.02,161.31,132258.04,1
2025-03-17,2025-03-17 14:19:00,819.05,819.17,819.05,819.17,0.01,161.31,132258.04,1
2025-03-17,2025-03-17 14:20:00,819.17,819.29,819.17,819.29,0.01,161.31,132258.04,1
2025-03-17,2025-03-17 14:21:00,819.29,819.41,819.29,819.41,0.01,161.31,132258.04,1
2025-03-17,2025-03-17 14:22:00,819.41,819.53,819.41,819.53,0.01,161.31,132258.04,1
2025-03-17,2025-03-17 14:23:00,819.53,819.65,819.53,819.65,0.01,161.31,132258.04,1
2025-03-17,2025-03-17 14:24:00,819.65,819.77,819.65,819.77,0.01,161.31,132258.04,1
2025-03-17,2025-03-17 14:25:00,819.77,819.89,819.77,819.89,0.01,161.31,132258.04,1
2025-03-17,2025-03-17 14:26:00,819.89,820.01,819.89,820.01,0.01,161.31,132258.04,1
2025-03-17,2025-03-17 14:27:00,820.01,820.13,820.01,820.13,0.01,161.31,132258.04,1
2025-03-17,2025-03-17 14:28:00,820.13,820.25,820.13,820.25,0.01,161.31,132258.04,1
2025-03-17,2025-03-17 14:29:00,820.25,820.38,820.25,820.38,0.02,161.31,132258.04,1
2025-03-17,2025-03-17 14:30:00,820.38,820.5,820.38,820.5,0.01,161.31,132258.04,1
2025-03-17,2025-03-17 14:31:00,820.5,820.62,820.5,820.62,0.01,161.31,132258.04,1
2025-03-17,2025-03-17 14:32:00,820.62,820.74,820.62,820.74,0.01,161.31,132258.04,1
2025-03-17,2025-03-17 14:33:00,820.74,820.86,820.74,820.86,0.01,161.31,132258.04,1
2025-03-17,2025-03-17 14:34:00,820.86,820.98,820.86,820.98,0.01,161.31,132258.04,1
2025-03-17,2025-03-17 14:35:00,820.98,821.1,820.98,821.1,0.01,161.31,132258.04,1
2025-03-17,2025-03-17 14:36:00,821.1,821.22,821.1,821.22,0.01,161.31,132258.04,1
2025-03-17,2025-03-17 14:37:00,821.22,821.34,821.22,821.34,0.01,161.31,132258.04,1
2025-03-17,2025-03-17 14:38:00,821.34,821.46,821.34,821.46,0.01,161.31,132258.04,1
2025-03-17,2025-03-17 14:39:00,821.46,821.58,821.46,821.58,0.01,161.31,132258.04,1
2025-03-17,2025-03-17 14:40:00,821.58,821.7,821.58,821.7,0.01,161.31,132258.04,1
2025-03-17,2025-03-17 14:41:00,821.7,821.83,821.7,821.83,0.02,161.31,132258.04,1
2025-03-17,2025-03-17 14:42:00,821.83,821.95,821.83,821.95,0.01,161.31,132258.04,1
2025-03-17,2025-03-17 14:43:00,821.95,822.07,821.95,822.07,0.01,161.31,132258.04,1
2025-03-17,2025-03-17 14:44:00,822.07,822.19,822.07,822.19,0.01,161.31,132258.04,1
2025-03-17,2025-03-17 14:45:00,822.19,822.31,822.19,822.31,0.01,161.31,132258.04,1
2025-03-17,2025-03-17 14:46:00,822.31,822.43,822.31,822.43,0.01,161.31,132258.04,1
2025-03-17,2025-03-17 14:47:00,822.43,822.55,822.43,822.55,0.01,161.31,132258.04,1
2025-03-17,2025-03-17 14:48:00,822.55,822.67,822.55,822.67,0.01,161.31,132258.04,1
2025-03-17,2025-03-17 14:49:00,822.67,822.79,822.67,822.79,0.01,161.31,132258.04,1
2025-03-17,2025-03-17 14:50:00,822.79,822.91,822.79,822.91,0.01,161.31,132258.04,1
2025-03-17,2025-03-17 14:51:00,822.91,823.03,822.91,823.03,0.01,161.31,132258.04,1
2025-03-17,2025-03-17 14:52:00,823.03,823.15,823.03,823.15,0.01,161.31,132258.04,1
2025-03-17,2025-03-17 14:53:00,823.15,823.27,823.15,823.27,0.01,161.31,132258.04,1
2025-03-17,2025-03-17 14:54:00,823.27,823.4,823.27,823.4,0.02,161.31,132258.04,1
2025-03-17,2025-03-17 14:55:00,823.4,823.52,823.4,823.52,0.01,161.31,132258.04,1
2025-03-17,2025-03-17 14:56:00,823.52,823.64,823.52,823.64,0.01,161.31,132258.04,1
2025-03-17,2025-03-17 14:57:00,823.64,823.76,823.64,823.76,0.01,161.31,132258.04,1
2025-03-17,2025-03-17 14:58:00,823.76,823.88,823.76,823.88,0.01,161.31,132258.04,1
2025-03-17,2025-03-17 14:59:00,823.88,824.0,823.88,824.0,0.01,161.31,132258.04,1
2025-03-17,2025-03-17 15:00:00,824.0,834.7,795.0,824.0,0.0,161.31,132258.04,0
2025-03-18,2025-03-18 11:00:00,835.0,854.8,825.61,835.2,0.02,494.56,416859.94,1
2025-03-18,2025-03-18 11:01:00,835.2,835.41,835.2,835.41,0.03,494.56,416859.94,1
2025-03-18,2025-03-18 11:02:00,835.41,835.61,835.41,835.61,0.02,494.56,416859.94,1
2025-03-18,2025-03-18 11:03:00,835.61,835.82,835.61,835.82,0.03,494.56,416859.94,1
2025-03-18,2025-03-18 11:04:00,835.82,836.02,835.82,836.02,0.02,494.56,416859.94,1
2025-03-18,2025-03-18 11:05:00,836.02,836.23,836.02,836.23,0.03,494.56,416859.94,1
2025-03-18,2025-03-18 11:06:00,836.23,836.43,836.23,836.43,0.02,494.56,416859.94,1
2025-03-18,2025-03-18 11:07:00,836.43,836.63,836.43,836.63,0.02,494.56,416859.94,1
2025-03-18,2025-03-18 11:08:00,836.63,836.84,836.63,836.84,0.03,494.56,416859.94,1
2025-03-18,2025-03-18 11:09:00,836.84,837.04,836.84,837.04,0.02,494.56,416859.94,1
2025-03-18,2025-03-18 11:10:00,837.04,837.25,837.04,837.25,0.03,494.56,416859.94,1
2025-03-18,2025-03-18 11:11:00,837.25,837.45,837.25,837.45,0.02,494.56,416859.94,1
2025-03-18,2025-03-18 11:12:00,837.45,837.65,837.45,837.65,0.02,494.56,416859.94,1
2025-03-18,2025-03-18 11:13:00,837.65,837.86,837.65,837.86,0.03,494.56,416859.94,1
2025-03-18,2025-03-18 11:14:00,837.86,838.06,837.86,838.06,0.02,494.56,416859.94,1
2025-03-18,2025-03-18 11:15:00,838.06,838.27,838.06,838.27,0.03,494.56,416859.94,1
2025-03-18,2025-03-18 11:16:00,838.27,838.47,838.27,838.47,0.02,494.56,416859.94,1
2025-03-18,2025-03-18 11:17:00,838.47,838.67,838.47,838.67,0.02,494.56,416859.94,1
2025-03-18,2025-03-18 11:18:00,838.67,838.88,838.67,838.88,0.03,494.56,416859.94,1
2025-03-18,2025-03-18 11:19:00,838.88,839.08,838.88,839.08,0.02,494.56,416859.94,1
2025-03-18,2025-03-18 11:20:00,839.08,839.29,839.08,839.29,0.03,494.56,416859.94,1
2025-03-18,2025-03-18 11:21:00,839.29,839.49,839.29,839.49,0.02,494.56,416859.94,1
2025-03-18,2025-03-18 11:22:00,839.49,839.7,839.49,839.7,0.03,494.56,416859.94,1
2025-03-18,2025-03-18 11:23:00,839.7,839.9,839.7,839.9,0.02,494.56,416859.94,1
2025-03-18,2025-03-18 11:24:00,839.9,840.1,839.9,840.1,0.02,494.56,416859.94,1
2025-03-18,2025-03-18 11:25:00,840.1,840.31,840.1,840.31,0.02,494.56,416859.94,1
2025-03-18,2025-03-18 11:26:00,840.31,840.51,840.31,840.51,0.02,494.56,416859.94,1
2025-03-18,2025-03-18 11:27:00,840.51,840.72,840.51,840.72,0.02,494.56,416859.94,1
2025-03-18,2025-03-18 11:28:00,840.72,840.92,840.72,840.92,0.02,494.56,416859.94,1
2025-03-18,2025-03-18 11:29:00,840.92,841.12,840.92,841.12,0.02,494.56,416859.94,1
2025-03-18,2025-03-18 11:30:00,841.12,841.33,841.12,841.33,0.02,494.56,416859.94,1
2025-03-18,2025-03-18 11:31:00,841.33,841.53,841.33,841.53,0.02,494.56,416859.94,1
2025-03-18,2025-03-18 11:32:00,841.53,841.74,841.53,841.74,0.02,494.56,416859.94,1
2025-03-18,2025-03-18 11:33:00,841.74,841.94,841.74,841.94,0.02,494.56,416859.94,1
2025-03-18,2025-03-18 11:34:00,841.94,842.15,841.94,842.15,0.02,494.56,416859.94,1
2025-03-18,2025-03-18 11:35:00,842.15,842.35,842.15,842.35,0.02,494.56,416859.94,1
2025-03-18,2025-03-18 11:36:00,842.35,842.55,842.35,842.55,0.02,494.56,416859.94,1
2025-03-18,2025-03-18 11:37:00,842.55,842.76,842.55,842.76,0.02,494.56,416859.94,1
2025-03-18,2025-03-18 11:38:00,842.76,842.96,842.76,842.96,0.02,494.56,416859.94,1
2025-03-18,2025-03-18 11:39:00,842.96,843.17,842.96,843.17,0.02,494.56,416859.94,1
2025-03-18,2025-03-18 11:40:00,843.17,843.37,843.17,843.37,0.02,494.56,416859.94,1
2025-03-18,2025-03-18 11:41:00,843.37,843.58,843.37,843.58,0.02,494.56,416859.94,1
2025-03-18,2025-03-18 11:42:00,843.58,843.78,843.58,843.78,0.02,494.56,416859.94,1
2025-03-18,2025-03-18 11:43:00,843.78,843.98,843.78,843.98,0.02,494.56,416859.94,1
2025-03-18,2025-03-18 11:44:00,843.98,844.19,843.98,844.19,0.02,494.56,416859.94,1
2025-03-18,2025-03-18 11:45:00,844.19,844.39,844.19,844.39,0.02,494.56,416859.94,1
2025-03-18,2025-03-18 11:46:00,844.39,844.6,844.39,844.6,0.02,494.56,416859.94,1
2025-03-18,2025-03-18 11:47:00,844.6,844.8,844.6,844.8,0.02,494.56,416859.94,1
2025-03-18,2025-03-18 11:48:00,844.8,845.0,844.8,845.0,0.02,494.56,416859.94,1
2025-03-18,2025-03-18 11:49:00,845.0,845.21,845.0,845.21,0.02,494.56,416859.94,1
2025-03-18,2025-03-18 11:50:00,845.21,845.41,845.21,845.41,0.02,494.56,416859.94,1
2025-03-18,2025-03-18 11:51:00,845.41,845.62,845.41,845.62,0.02,494.56,416859.94,1
2025-03-18,2025-03-18 11:52:00,845.62,845.82,845.62,845.82,0.02,494.56,416859.94,1
2025-03-18,2025-03-18 11:53:00,845.82,846.02,845.82,846.02,0.02,494.56,416859.94,1
2025-03-18,2025-03-18 11:54:00,846.02,846.23,846.02,846.23,0.02,494.56,416859.94,1
2025-03-18,2025-03-18 11:55:00,846.23,846.43,846.23,846.43,0.02,494.56,416859.94,1
2025-03-18,2025-03-18 11:56:00,846.43,846.64,846.43,846.64,0.02,494.56,416859.94,1
2025-03-18,2025-03-18 11:57:00,846.64,846.84,846.64,846.84,0.02,494.56,416859.94,1
2025-03-18,2025-03-18 11:58:00,846.84,847.05,846.84,847.05,0.02,494.56,416859.94,1
2025-03-18,2025-03-18 11:59:00,847.05,847.25,847.05,847.25,0.02,494.56,416859.94,1
2025-03-18,2025-03-18 12:00:00,847.25,847.45,847.25,847.45,0.02,494.56,416859.94,1
2025-03-18,2025-03-18 12:01:00,847.45,847.66,847.45,847.66,0.02,494.56,416859.94,1
2025-03-18,2025-03-18 12:02:00,847.66,847.86,847.66,847.86,0.02,494.56,416859.94,1
2025-03-18,2025-03-18 12:03:00,847.86,848.07,847.86,848.07,0.02,494.56,416859.94,1
2025-03-18,2025-03-18 12:04:00,848.07,848.27,848.07,848.27,0.02,494.56,416859.94,1
2025-03-18,2025-03-18 12:05:00,848.27,848.48,848.27,848.48,0.02,494.56,416859.94,1
2025-03-18,2025-03-18 12:06:00,848.48,848.68,848.48,848.68,0.02,494.56,416859.94,1
2025-03-18,2025-03-18 12:07:00,848.68,848.88,848.68,848.88,0.02,494.56,416859.94,1
2025-03-18,2025-03-18 12:08:00,848.88,849.09,848.88,849.09,0.02,494.56,416859.94,1
2025-03-18,2025-03-18 12:09:00,849.09,849.29,849.09,849.29,0.02,494.56,416859.94,1
2025-03-18,2025-03-18 12:10:00,849.29,849.5,849.29,849.5,0.02,494.56,416859.94,1
2025-03-18,2025-03-18 12:11:00,849.5,849.7,849.5,849.7,0.02,494.56,416859.94,1
2025-03-18,2025-03-18 12:12:00,849.7,849.9,849.7,849.9,0.02,494.56,416859.94,1
2025-03-18,2025-03-18 12:13:00,849.9,850.11,849.9,850.11,0.02,494.56,416859.94,1
2025-03-18,2025-03-18 12:14:00,850.11,850.31,850.11,850.31,0.02,494.56,416859.94,1
2025-03-18,2025-03-18 12:15:00,850.31,850.52,850.31,850.52,0.02,494.56,416859.94,1
2025-03-18,2025-03-18 12:16:00,850.52,850.72,850.52,850.72,0.02,494.56,416859.94,1
2025-03-18,2025-03-18 12:17:00,850.72,850.92,850.72,850.92,0.02,494.56,416859.94,1
2025-03-18,2025-03-18 12:18:00,850.92,851.13,850.92,851.13,0.02,494.56,416859.94,1
2025-03-18,2025-03-18 12:19:00,851.13,851.33,851.13,851.33,0.02,494.56,416859.94,1
2025-03-18,2025-03-18 12:20:00,851.33,851.54,851.33,851.54,0.02,494.56,416859.94,1
2025-03-18,2025-03-18 12:21:00,851.54,851.74,851.54,851.74,0.02,494.56,416859.94,1
2025-03-18,2025-03-18 12:22:00,851.74,851.95,851.74,851.95,0.02,494.56,416859.94,1
2025-03-18,2025-03-18 12:23:00,851.95,852.15,851.95,852.15,0.02,494.56,416859.94,1
2025-03-18,2025-03-18 12:24:00,852.15,852.35,852.15,852.35,0.02,494.56,416859.94,1
2025-03-18,2025-03-18 12:25:00,852.35,852.56,852.35,852.56,0.02,494.56,416859.94,1
2025-03-18,2025-03-18 12:26:00,852.56,852.76,852.56,852.76,0.02,494.56,416859.94,1
2025-03-18,2025-03-18 12:27:00,852.76,852.97,852.76,852.97,0.02,494.56,416859.94,1
2025-03-18,2025-03-18 12:28:00,852.97,853.17,852.97,853.17,0.02,494.56,416859.94,1
2025-03-18,2025-03-18 12:29:00,853.17,853.38,853.17,853.38,0.02,494.56,416859.94,1
2025-03-18,2025-03-18 12:30:00,853.38,853.58,853.38,853.58,0.02,494.56,416859.94,1
2025-03-18,2025-03-18 12:31:00,853.58,853.78,853.58,853.78,0.02,494.56,416859.94,1
2025-03-18,2025-03-18 12:32:00,853.78,853.99,853.78,853.99,0.02,494.56,416859.94,1
2025-03-18,2025-03-18 12:33:00,853.99,854.19,853.99,854.19,0.02,494.56,416859.94,1
2025-03-18,2025-03-18 12:34:00,854.19,854.4,854.19,854.4,0.02,494.56,416859.94,1
2025-03-18,2025-03-18 12:35:00,854.4,854.6,854.4,854.6,0.02,494.56,416859.94,1
2025-03-18,2025-03-18 12:36:00,854.6,854.8,854.6,854.8,0.02,494.56,416859.94,1
2025-03-18,2025-03-18 12:37:00,854.8,855.01,854.8,855.01,0.02,494.56,416859.94,1
2025-03-18,2025-03-18 12:38:00,855.01,855.21,855.01,855.21,0.02,494.56,416859.94,1
2025-03-18,2025-03-18 12:39:00,855.21,855.42,855.21,855.42,0.02,494.56,416859.94,1
2025-03-18,2025-03-18 12:40:00,855.42,855.62,855.42,855.62,0.02,494.56,416859.94,1
2025-03-18,2025-03-18 12:41:00,855.62,855.83,855.62,855.83,0.02,494.56,416859.94,1
2025-03-18,2025-03-18 12:42:00,855.83,856.03,855.83,856.03,0.02,494.56,416859.94,1
2025-03-18,2025-03-18 12:43:00,856.03,856.23,856.03,856.23,0.02,494.56,416859.94,1
2025-03-18,2025-03-18 12:44:00,856.23,856.44,856.23,856.44,0.02,494.56,416859.94,1
2025-03-18,2025-03-18 12:45:00,856.44,856.64,856.44,856.64,0.02,494.56,416859.94,1
2025-03-18,2025-03-18 12:46:00,856.64,856.85,856.64,856.85,0.02,494.56,416859.94,1
2025-03-18,2025-03-18 12:47:00,856.85,857.05,856.85,857.05,0.02,494.56,416859.94,1
2025-03-18,2025-03-18 12:48:00,857.05,857.25,857.05,857.25,0.02,494.56,416859.94,1
2025-03-18,2025-03-18 12:49:00,857.25,857.46,857.25,857.46,0.02,494.56,416859.94,1
2025-03-18,2025-03-18 12:50:00,857.46,857.66,857.46,857.66,0.02,494.56,416859.94,1
2025-03-18,2025-03-18 12:51:00,857.66,857.87,857.66,857.87,0.02,494.56,416859.94,1
2025-03-18,2025-03-18 12:52:00,857.87,858.07,857.87,858.07,0.02,494.56,416859.94,1
2025-03-18,2025-03-18 12:53:00,858.07,858.27,858.07,858.27,0.02,494.56,416859.94,1
2025-03-18,2025-03-18 12:54:00,858.27,858.48,858.27,858.48,0.02,494.56,416859.94,1
2025-03-18,2025-03-18 12:55:00,858.48,858.68,858.48,858.68,0.02,494.56,416859.94,1
2025-03-18,2025-03-18 12:56:00,858.68,858.89,858.68,858.89,0.02,494.56,416859.94,1
2025-03-18,2025-03-18 12:57:00,858.89,859.09,858.89,859.09,0.02,494.56,416859.94,1
2025-03-18,2025-03-18 12:58:00,859.09,859.3,859.09,859.3,0.02,494.56,416859.94,1
2025-03-18,2025-03-18 12:59:00,859.3,859.5,859.3,859.5,0.02,494.56,416859.94,1
2025-03-18,2025-03-18 13:00:00,859.5,901.0,803.7,859.7,0.02,494.56,416859.94,1
2025-03-18,2025-03-18 13:01:00,859.7,859.91,859.7,859.91,0.02,494.56,416859.94,1
2025-03-18,2025-03-18 13:02:00,859.91,860.11,859.91,860.11,0.02,494.56,416859.94,1
2025-03-18,2025-03-18 13:03:00,860.11,860.32,860.11,860.32,0.02,494.56,416859.94,1
2025-03-18,2025-03-18 13:04:00,860.32,860.52,860.32,860.52,0.02,494.56,416859.94,1
2025-03-18,2025-03-18 13:05:00,860.52,860.73,860.52,860.73,0.02,494.56,416859.94,1
2025-03-18,2025-03-18 13:06:00,860.73,860.93,860.73,860.93,0.02,494.56,416859.94,1
2025-03-18,2025-03-18 13:07:00,860.93,861.13,860.93,861.13,0.02,494.56,416859.94,1
2025-03-18,2025-03-18 13:08:00,861.13,861.34,861.13,861.34,0.02,494.56,416859.94,1
2025-03-18,2025-03-18 13:09:00,861.34,861.54,861.34,861.54,0.02,494.56,416859.94,1
2025-03-18,2025-03-18 13:10:00,861.54,861.75,861.54,861.75,0.02,494.56,416859.94,1
2025-03-18,2025-03-18 13:11:00,861.75,861.95,861.75,861.95,0.02,494.56,416859.94,1
2025-03-18,2025-03-18 13:12:00,861.95,862.15,861.95,862.15,0.02,494.56,416859.94,1
2025-03-18,2025-03-18 13:13:00,862.15,862.36,862.15,862.36,0.02,494.56,416859.94,1
2025-03-18,2025-03-18 13:14:00,862.36,862.56,862.36,862.56,0.02,494.56,416859.94,1
2025-03-18,2025-03-18 13:15:00,862.56,862.77,862.56,862.77,0.02,494.56,416859.94,1
2025-03-18,2025-03-18 13:16:00,862.77,862.97,862.77,862.97,0.02,494.56,416859.94,1
2025-03-18,2025-03-18 13:17:00,862.97,863.17,862.97,863.17,0.02,494.56,416859.94,1
2025-03-18,2025-03-18 13:18:00,863.17,863.38,863.17,863.38,0.02,494.56,416859.94,1
2025-03-18,2025-03-18 13:19:00,863.38,863.58,863.38,863.58,0.02,494.56,416859.94,1
2025-03-18,2025-03-18 13:20:00,863.58,863.79,863.58,863.79,0.02,494.56,416859.94,1
2025-03-18,2025-03-18 13:21:00,863.79,863.99,863.79,863.99,0.02,494.56,416859.94,1
2025-03-18,2025-03-18 13:22:00,863.99,864.2,863.99,864.2,0.02,494.56,416859.94,1
2025-03-18,2025-03-18 13:23:00,864.2,864.4,864.2,864.4,0.02,494.56,416859.94,1
2025-03-18,2025-03-18 13:24:00,864.4,864.6,864.4,864.6,0.02,494.56,416859.94,1
2025-03-18,2025-03-18 13:25:00,864.6,864.81,864.6,864.81,0.02,494.56,416859.94,1
2025-03-18,2025-03-18 13:26:00,864.81,865.01,864.81,865.01,0.02,494.56,416859.94,1
2025-03-18,2025-03-18 13:27:00,865.01,865.22,865.01,865.22,0.02,494.56,416859.94,1
2025-03-18,2025-03-18 13:28:00,865.22,865.42,865.22,865.42,0.02,494.56,416859.94,1
2025-03-18,2025-03-18 13:29:00,865.42,865.62,865.42,865.62,0.02,494.56,416859.94,1
2025-03-18,2025-03-18 13:30:00,865.62,865.83,865.62,865.83,0.02,494.56,416859.94,1
2025-03-18,2025-03-18 13:31:00,865.83,866.03,865.83,866.03,0.02,494.56,416859.94,1
2025-03-18,2025-03-18 13:32:00,866.03,866.24,866.03,866.24,0.02,494.56,416859.94,1
2025-03-18,2025-03-18 13:33:00,866.24,866.44,866.24,866.44,0.02,494.56,416859.94,1
2025-03-18,2025-03-18 13:34:00,866.44,866.65,866.44,866.65,0.02,494.56,416859.94,1
2025-03-18,2025-03-18 13:35:00,866.65,866.85,866.65,866.85,0.02,494.56,416859.94,1
2025-03-18,2025-03-18 13:36:00,866.85,867.05,866.85,867.05,0.02,494.56,416859.94,1
2025-03-18,2025-03-18 13:37:00,867.05,867.26,867.05,867.26,0.02,494.56,416859.94,1
2025-03-18,2025-03-18 13:38:00,867.26,867.46,867.26,867.46,0.02,494.56,416859.94,1
2025-03-18,2025-03-18 13:39:00,867.46,867.67,867.46,867.67,0.02,494.56,416859.94,1
2025-03-18,2025-03-18 13:40:00,867.67,867.87,867.67,867.87,0.02,494.56,416859.94,1
2025-03-18,2025-03-18 13:41:00,867.87,868.08,867.87,868.08,0.02,494.56,416859.94,1
2025-03-18,2025-03-18 13:42:00,868.08,868.28,868.08,868.28,0.02,494.56,416859.94,1
2025-03-18,2025-03-18 13:43:00,868.28,868.48,868.28,868.48,0.02,494.56,416859.94,1
2025-03-18,2025-03-18 13:44:00,868.48,868.69,868.48,868.69,0.02,494.56,416859.94,1
2025-03-18,2025-03-18 13:45:00,868.69,868.89,868.69,868.89,0.02,494.56,416859.94,1
2025-03-18,2025-03-18 13:46:00,868.89,869.1,868.89,869.1,0.02,494.56,416859.94,1
2025-03-18,2025-03-18 13:47:00,869.1,869.3,869.1,869.3,0.02,494.56,416859.94,1
2025-03-18,2025-03-18 13:48:00,869.3,869.5,869.3,869.5,0.02,494.56,416859.94,1
2025-03-18,2025-03-18 13:49:00,869.5,869.71,869.5,869.71,0.02,494.56,416859.94,1
2025-03-18,2025-03-18 13:50:00,869.71,869.91,869.71,869.91,0.02,494.56,416859.94,1
2025-03-18,2025-03-18 13:51:00,869.91,870.12,869.91,870.12,0.02,494.56,416859.94,1
2025-03-18,2025-03-18 13:52:00,870.12,870.32,870.12,870.32,0.02,494.56,416859.94,1
2025-03-18,2025-03-18 13:53:00,870.32,870.52,870.32,870.52,0.02,494.56,416859.94,1
2025-03-18,2025-03-18 13:54:00,870.52,870.73,870.52,870.73,0.02,494.56,416859.94,1
2025-03-18,2025-03-18 13:55:00,870.73,870.93,870.73,870.93,0.02,494.56,416859.94,1
2025-03-18,2025-03-18 13:56:00,870.93,871.14,870.93,871.14,0.02,494.56,416859.94,1
2025-03-18,2025-03-18 13:57:00,871.14,871.34,871.14,871.34,0.02,494.56,416859.94,1
2025-03-18,2025-03-18 13:58:00,871.34,871.55,871.34,871.55,0.02,494.56,416859.94,1
2025-03-18,2025-03-18 13:59:00,871.55,871.75,871.55,871.75,0.02,494.56,416859.94,1
2025-03-18,2025-03-18 14:00:00,871.75,871.95,871.75,871.95,0.02,494.56,416859.94,1
2025-03-18,2025-03-18 14:01:00,871.95,872.16,871.95,872.16,0.02,494.56,416859.94,1
2025-03-18,2025-03-18 14:02:00,872.16,872.36,872.16,872.36,0.02,494.56,416859.94,1
2025-03-18,2025-03-18 14:03:00,872.36,872.57,872.36,872.57,0.02,494.56,416859.94,1
2025-03-18,2025-03-18 14:04:00,872.57,872.77,872.57,872.77,0.02,494.56,416859.94,1
2025-03-18,2025-03-18 14:05:00,872.77,872.98,872.77,872.98,0.02,494.56,416859.94,1
2025-03-18,2025-03-18 14:06:00,872.98,873.18,872.98,873.18,0.02,494.56,416859.94,1
2025-03-18,2025-03-18 14:07:00,873.18,873.38,873.18,873.38,0.02,494.56,416859.94,1
2025-03-18,2025-03-18 14:08:00,873.38,873.59,873.38,873.59,0.02,494.56,416859.94,1
2025-03-18,2025-03-18 14:09:00,873.59,873.79,873.59,873.79,0.02,494.56,416859.94,1
2025-03-18,2025-03-18 14:10:00,873.79,874.0,873.79,874.0,0.02,494.56,416859.94,1
2025-03-18,2025-03-18 14:11:00,874.0,874.2,874.0,874.2,0.02,494.56,416859.94,1
2025-03-18,2025-03-18 14:12:00,874.2,874.4,874.2,874.4,0.02,494.56,416859.94,1
2025-03-18,2025-03-18 14:13:00,874.4,874.61,874.4,874.61,0.02,494.56,416859.94,1
2025-03-18,2025-03-18 14:14:00,874.61,874.81,874.61,874.81,0.02,494.56,416859.94,1
2025-03-18,2025-03-18 14:15:00,874.81,875.02,874.81,875.02,0.02,494.56,416859.94,1
2025-03-18,2025-03-18 14:16:00,875.02,875.22,875.02,875.22,0.02,494.56,416859.94,1
2025-03-18,2025-03-18 14:17:00,875.22,875.42,875.22,875.42,0.02,494.56,416859.94,1
2025-03-18,2025-03-18 14:18:00,875.42,875.63,875.42,875.63,0.02,494.56,416859.94,1
2025-03-18,2025-03-18 14:19:00,875.63,875.83,875.63,875.83,0.02,494.56,416859.94,1
2025-03-18,2025-03-18 14:20:00,875.83,876.04,875.83,876.04,0.02,494.56,416859.94,1
2025-03-18,2025-03-18 14:21:00,876.04,876.24,876.04,876.24,0.02,494.56,416859.94,1
2025-03-18,2025-03-18 14:22:00,876.24,876.45,876.24,876.45,0.02,494.56,416859.94,1
2025-03-18,2025-03-18 14:23:00,876.45,876.65,876.45,876.65,0.02,494.56,416859.94,1
2025-03-18,2025-03-18 14:24:00,876.65,876.85,876.65,876.85,0.02,494.56,416859.94,1
2025-03-18,2025-03-18 14:25:00,876.85,877.06,876.85,877.06,0.02,494.56,416859.94,1
2025-03-18,2025-03-18 14:26:00,877.06,877.26,877.06,877.26,0.02,494.56,416859.94,1
2025-03-18,2025-03-18 14:27:00,877.26,877.47,877.26,877.47,0.02,494.56,416859.94,1
2025-03-18,2025-03-18 14:28:00,877.47,877.67,877.47,877.67,0.02,494.56,416859.94,1
2025-03-18,2025-03-18 14:29:00,877.67,877.88,877.67,877.88,0.02,494.56,416859.94,1
2025-03-18,2025-03-18 14:30:00,877.88,878.08,877.88,878.08,0.02,494.56,416859.94,1
2025-03-18,2025-03-18 14:31:00,878.08,878.28,878.08,878.28,0.02,494.56,416859.94,1
2025-03-18,2025-03-18 14:32:00,878.28,878.49,878.28,878.49,0.02,494.56,416859.94,1
2025-03-18,2025-03-18 14:33:00,878.49,878.69,878.49,878.69,0.02,494.56,416859.94,1
2025-03-18,2025-03-18 14:34:00,878.69,878.9,878.69,878.9,0.02,494.56,416859.94,1
2025-03-18,2025-03-18 14:35:00,878.9,879.1,878.9,879.1,0.02,494.56,416859.94,1
2025-03-18,2025-03-18 14:36:00,879.1,879.3,879.1,879.3,0.02,494.56,416859.94,1
2025-03-18,2025-03-18 14:37:00,879.3,879.51,879.3,879.51,0.02,494.56,416859.94,1
2025-03-18,2025-03-18 14:38:00,879.51,879.71,879.51,879.71,0.02,494.56,416859.94,1
2025-03-18,2025-03-18 14:39:00,879.71,879.92,879.71,879.92,0.02,494.56,416859.94,1
2025-03-18,2025-03-18 14:40:00,879.92,880.12,879.92,880.12,0.02,494.56,416859.94,1
2025-03-18,2025-03-18 14:41:00,880.12,880.33,880.12,880.33,0.02,494.56,416859.94,1
2025-03-18,2025-03-18 14:42:00,880.33,880.53,880.33,880.53,0.02,494.56,416859.94,1
2025-03-18,2025-03-18 14:43:00,880.53,880.73,880.53,880.73,0.02,494.56,416859.94,1
2025-03-18,2025-03-18 14:44:00,880.73,880.94,880.73,880.94,0.02,494.56,416859.94,1
2025-03-18,2025-03-18 14:45:00,880.94,881.14,880.94,881.14,0.02,494.56,416859.94,1
2025-03-18,2025-03-18 14:46:00,881.14,881.35,881.14,881.35,0.02,494.56,416859.94,1
2025-03-18,2025-03-18 14:47:00,881.35,881.55,881.35,881.55,0.02,494.56,416859.94,1
2025-03-18,2025-03-18 14:48:00,881.55,881.75,881.55,881.75,0.02,494.56,416859.94,1
2025-03-18,2025-03-18 14:49:00,881.75,881.96,881.75,881.96,0.02,494.56,416859.94,1
2025-03-18,2025-03-18 14:50:00,881.96,882.16,881.96,882.16,0.02,494.56,416859.94,1
2025-03-18,2025-03-18 14:51:00,882.16,882.37,882.16,882.37,0.02,494.56,416859.94,1
2025-03-18,2025-03-18 14:52:00,882.37,882.57,882.37,882.57,0.02,494.56,416859.94,1
2025-03-18,2025-03-18 14:53:00,882.57,882.77,882.57,882.77,0.02,494.56,416859.94,1
2025-03-18,2025-03-18 14:54:00,882.77,882.98,882.77,882.98,0.02,494.56,416859.94,1
2025-03-18,2025-03-18 14:55:00,882.98,883.18,882.98,883.18,0.02,494.56,416859.94,1
2025-03-18,2025-03-18 14:56:00,883.18,883.39,883.18,883.39,0.02,494.56,416859.94,1
2025-03-18,2025-03-18 14:57:00,883.39,883.59,883.39,883.59,0.02,494.56,416859.94,1
2025-03-18,2025-03-18 14:58:00,883.59,883.8,883.59,883.8,0.02,494.56,416859.94,1
2025-03-18,2025-03-18 14:59:00,883.8,884.0,883.8,884.0,0.02,494.56,416859.94,1
2025-03-18,2025-03-18 15:00:00,884.0,901.0,803.7,884.0,0.0,494.56,416859.94,0
2025-03-19,2025-03-19 11:00:00,866.4,894.48,845.88,866.74,0.04,499.07,425828.13,1
2025-03-19,2025-03-19 11:01:00,866.74,867.08,866.74,867.08,0.04,499.07,425828.13,1
2025-03-19,2025-03-19 11:02:00,867.08,867.42,867.08,867.42,0.04,499.07,425828.13,1
2025-03-19,2025-03-19 11:03:00,867.42,867.76,867.42,867.76,0.04,499.07,425828.13,1
2025-03-19,2025-03-19 11:04:00,867.76,868.1,867.76,868.1,0.04,499.07,425828.13,1
2025-03-19,2025-03-19 11:05:00,868.1,868.44,868.1,868.44,0.04,499.07,425828.13,1
2025-03-19,2025-03-19 11:06:00,868.44,868.78,868.44,868.78,0.04,499.07,425828.13,1
2025-03-19,2025-03-19 11:07:00,868.78,869.12,868.78,869.12,0.04,499.07,425828.13,1
2025-03-19,2025-03-19 11:08:00,869.12,869.46,869.12,869.46,0.04,499.07,425828.13,1
2025-03-19,2025-03-19 11:09:00,869.46,869.8,869.46,869.8,0.04,499.07,425828.13,1
2025-03-19,2025-03-19 11:10:00,869.8,870.14,869.8,870.14,0.04,499.07,425828.13,1
2025-03-19,2025-03-19 11:11:00,870.14,870.48,870.14,870.48,0.04,499.07,425828.13,1
2025-03-19,2025-03-19 11:12:00,870.48,870.82,870.48,870.82,0.04,499.07,425828.13,1
2025-03-19,2025-03-19 11:13:00,870.82,871.16,870.82,871.16,0.04,499.07,425828.13,1
2025-03-19,2025-03-19 11:14:00,871.16,871.5,871.16,871.5,0.04,499.07,425828.13,1
2025-03-19,2025-03-19 11:15:00,871.5,871.84,871.5,871.84,0.04,499.07,425828.13,1
2025-03-19,2025-03-19 11:16:00,871.84,872.18,871.84,872.18,0.04,499.07,425828.13,1
2025-03-19,2025-03-19 11:17:00,872.18,872.52,872.18,872.52,0.04,499.07,425828.13,1
2025-03-19,2025-03-19 11:18:00,872.52,872.86,872.52,872.86,0.04,499.07,425828.13,1
2025-03-19,2025-03-19 11:19:00,872.86,873.2,872.86,873.2,0.04,499.07,425828.13,1
2025-03-19,2025-03-19 11:20:00,873.2,873.54,873.2,873.54,0.04,499.07,425828.13,1
2025-03-19,2025-03-19 11:21:00,873.54,873.88,873.54,873.88,0.04,499.07,425828.13,1
2025-03-19,2025-03-19 11:22:00,873.88,874.22,873.88,874.22,0.04,499.07,425828.13,1
2025-03-19,2025-03-19 11:23:00,874.22,874.56,874.22,874.56,0.04,499.07,425828.13,1
2025-03-19,2025-03-19 11:24:00,874.56,874.9,874.56,874.9,0.04,499.07,425828.13,1
2025-03-19,2025-03-19 11:25:00,874.9,875.24,874.9,875.24,0.04,499.07,425828.13,1
2025-03-19,2025-03-19 11:26:00,875.24,875.58,875.24,875.58,0.04,499.07,425828.13,1
2025-03-19,2025-03-19 11:27:00,875.58,875.92,875.58,875.92,0.04,499.07,425828.13,1
2025-03-19,2025-03-19 11:28:00,875.92,876.26,875.92,876.26,0.04,499.07,425828.13,1
2025-03-19,2025-03-19 11:29:00,876.26,876.6,876.26,876.6,0.04,499.07,425828.13,1
2025-03-19,2025-03-19 11:30:00,876.6,876.94,876.6,876.94,0.04,499.07,425828.13,1
2025-03-19,2025-03-19 11:31:00,876.94,877.28,876.94,877.28,0.04,499.07,425828.13,1
2025-03-19,2025-03-19 11:32:00,877.28,877.62,877.28,877.62,0.04,499.07,425828.13,1
2025-03-19,2025-03-19 11:33:00,877.62,877.96,877.62,877.96,0.04,499.07,425828.13,1
2025-03-19,2025-03-19 11:34:00,877.96,878.3,877.96,878.3,0.04,499.07,425828.13,1
2025-03-19,2025-03-19 11:35:00,878.3,878.64,878.3,878.64,0.04,499.07,425828.13,1
2025-03-19,2025-03-19 11:36:00,878.64,878.98,878.64,878.98,0.04,499.07,425828.13,1
2025-03-19,2025-03-19 11:37:00,878.98,879.32,878.98,879.32,0.04,499.07,425828.13,1
2025-03-19,2025-03-19 11:38:00,879.32,879.66,879.32,879.66,0.04,499.07,425828.13,1
2025-03-19,2025-03-19 11:39:00,879.66,880.0,879.66,880.0,0.04,499.07,425828.13,1
2025-03-19,2025-03-19 11:40:00,880.0,880.34,880.0,880.34,0.04,499.07,425828.13,1
2025-03-19,2025-03-19 11:41:00,880.34,880.68,880.34,880.68,0.04,499.07,425828.13,1
2025-03-19,2025-03-19 11:42:00,880.68,881.02,880.68,881.02,0.04,499.07,425828.13,1
2025-03-19,2025-03-19 11:43:00,881.02,881.36,881.02,881.36,0.04,499.07,425828.13,1
2025-03-19,2025-03-19 11:44:00,881.36,881.7,881.36,881.7,0.04,499.07,425828.13,1
2025-03-19,2025-03-19 11:45:00,881.7,882.04,881.7,882.04,0.04,499.07,425828.13,1
2025-03-19,2025-03-19 11:46:00,882.04,882.38,882.04,882.38,0.04,499.07,425828.13,1
2025-03-19,2025-03-19 11:47:00,882.38,882.72,882.38,882.72,0.04,499.07,425828.13,1
2025-03-19,2025-03-19 11:48:00,882.72,883.06,882.72,883.06,0.04,499.07,425828.13,1
2025-03-19,2025-03-19 11:49:00,883.06,883.4,883.06,883.4,0.04,499.07,425828.13,1
2025-03-19,2025-03-19 11:50:00,883.4,883.74,883.4,883.74,0.04,499.07,425828.13,1
2025-03-19,2025-03-19 11:51:00,883.74,884.08,883.74,884.08,0.04,499.07,425828.13,1
2025-03-19,2025-03-19 11:52:00,884.08,884.42,884.08,884.42,0.04,499.07,425828.13,1
2025-03-19,2025-03-19 11:53:00,884.42,884.76,884.42,884.76,0.04,499.07,425828.13,1
2025-03-19,2025-03-19 11:54:00,884.76,885.1,884.76,885.1,0.04,499.07,425828.13,1
2025-03-19,2025-03-19 11:55:00,885.1,885.44,885.1,885.44,0.04,499.07,425828.13,1
2025-03-19,2025-03-19 11:56:00,885.44,885.78,885.44,885.78,0.04,499.07,425828.13,1
2025-03-19,2025-03-19 11:57:00,885.78,886.12,885.78,886.12,0.04,499.07,425828.13,1
2025-03-19,2025-03-19 11:58:00,886.12,886.46,886.12,886.46,0.04,499.07,425828.13,1
2025-03-19,2025-03-19 11:59:00,886.46,886.8,886.46,886.8,0.04,499.07,425828.13,1
2025-03-19,2025-03-19 12:00:00,886.8,887.14,886.8,887.14,0.04,499.07,425828.13,1
2025-03-19,2025-03-19 12:01:00,887.14,887.48,887.14,887.48,0.04,499.07,425828.13,1
2025-03-19,2025-03-19 12:02:00,887.48,887.82,887.48,887.82,0.04,499.07,425828.13,1
2025-03-19,2025-03-19 12:03:00,887.82,888.16,887.82,888.16,0.04,499.07,425828.13,1
2025-03-19,2025-03-19 12:04:00,888.16,888.5,888.16,888.5,0.04,499.07,425828.13,1
2025-03-19,2025-03-19 12:05:00,888.5,888.84,888.5,888.84,0.04,499.07,425828.13,1
2025-03-19,2025-03-19 12:06:00,888.84,889.18,888.84,889.18,0.04,499.07,425828.13,1
2025-03-19,2025-03-19 12:07:00,889.18,889.52,889.18,889.52,0.04,499.07,425828.13,1
2025-03-19,2025-03-19 12:08:00,889.52,889.86,889.52,889.86,0.04,499.07,425828.13,1
2025-03-19,2025-03-19 12:09:00,889.86,890.2,889.86,890.2,0.04,499.07,425828.13,1
2025-03-19,2025-03-19 12:10:00,890.2,890.54,890.2,890.54,0.04,499.07,425828.13,1
2025-03-19,2025-03-19 12:11:00,890.54,890.88,890.54,890.88,0.04,499.07,425828.13,1
2025-03-19,2025-03-19 12:12:00,890.88,891.22,890.88,891.22,0.04,499.07,425828.13,1
2025-03-19,2025-03-19 12:13:00,891.22,891.56,891.22,891.56,0.04,499.07,425828.13,1
2025-03-19,2025-03-19 12:14:00,891.56,891.9,891.56,891.9,0.04,499.07,425828.13,1
2025-03-19,2025-03-19 12:15:00,891.9,892.24,891.9,892.24,0.04,499.07,425828.13,1
2025-03-19,2025-03-19 12:16:00,892.24,892.58,892.24,892.58,0.04,499.07,425828.13,1
2025-03-19,2025-03-19 12:17:00,892.58,892.92,892.58,892.92,0.04,499.07,425828.13,1
2025-03-19,2025-03-19 12:18:00,892.92,893.26,892.92,893.26,0.04,499.07,425828.13,1
2025-03-19,2025-03-19 12:19:00,893.26,893.6,893.26,893.6,0.04,499.07,425828.13,1
2025-03-19,2025-03-19 12:20:00,893.6,893.94,893.6,893.94,0.04,499.07,425828.13,1
2025-03-19,2025-03-19 12:21:00,893.94,894.28,893.94,894.28,0.04,499.07,425828.13,1
2025-03-19,2025-03-19 12:22:00,894.28,894.62,894.28,894.62,0.04,499.07,425828.13,1
2025-03-19,2025-03-19 12:23:00,894.62,894.96,894.62,894.96,0.04,499.07,425828.13,1
2025-03-19,2025-03-19 12:24:00,894.96,895.3,894.96,895.3,0.04,499.07,425828.13,1
2025-03-19,2025-03-19 12:25:00,895.3,895.64,895.3,895.64,0.04,499.07,425828.13,1
2025-03-19,2025-03-19 12:26:00,895.64,895.98,895.64,895.98,0.04,499.07,425828.13,1
2025-03-19,2025-03-19 12:27:00,895.98,896.32,895.98,896.32,0.04,499.07,425828.13,1
2025-03-19,2025-03-19 12:28:00,896.32,896.66,896.32,896.66,0.04,499.07,425828.13,1
2025-03-19,2025-03-19 12:29:00,896.66,897.0,896.66,897.0,0.04,499.07,425828.13,1
2025-03-19,2025-03-19 12:30:00,897.0,897.34,897.0,897.34,0.04,499.07,425828.13,1
2025-03-19,2025-03-19 12:31:00,897.34,897.68,897.34,897.68,0.04,499.07,425828.13,1
2025-03-19,2025-03-19 12:32:00,897.68,898.02,897.68,898.02,0.04,499.07,425828.13,1
2025-03-19,2025-03-19 12:33:00,898.02,898.36,898.02,898.36,0.04,499.07,425828.13,1
2025-03-19,2025-03-19 12:34:00,898.36,898.7,898.36,898.7,0.04,499.07,425828.13,1
2025-03-19,2025-03-19 12:35:00,898.7,899.04,898.7,899.04,0.04,499.07,425828.13,1
2025-03-19,2025-03-19 12:36:00,899.04,899.38,899.04,899.38,0.04,499.07,425828.13,1
2025-03-19,2025-03-19 12:37:00,899.38,899.72,899.38,899.72,0.04,499.07,425828.13,1
2025-03-19,2025-03-19 12:38:00,899.72,900.06,899.72,900.06,0.04,499.07,425828.13,1
2025-03-19,2025-03-19 12:39:00,900.06,900.4,900.06,900.4,0.04,499.07,425828.13,1
2025-03-19,2025-03-19 12:40:00,900.4,900.74,900.4,900.74,0.04,499.07,425828.13,1
2025-03-19,2025-03-19 12:41:00,900.74,901.08,900.74,901.08,0.04,499.07,425828.13,1
2025-03-19,2025-03-19 12:42:00,901.08,901.42,901.08,901.42,0.04,499.07,425828.13,1
2025-03-19,2025-03-19 12:43:00,901.42,901.76,901.42,901.76,0.04,499.07,425828.13,1
2025-03-19,2025-03-19 12:44:00,901.76,902.1,901.76,902.1,0.04,499.07,425828.13,1
2025-03-19,2025-03-19 12:45:00,902.1,902.44,902.1,902.44,0.04,499.07,425828.13,1
2025-03-19,2025-03-19 12:46:00,902.44,902.78,902.44,902.78,0.04,499.07,425828.13,1
2025-03-19,2025-03-19 12:47:00,902.78,903.12,902.78,903.12,0.04,499.07,425828.13,1
2025-03-19,2025-03-19 12:48:00,903.12,903.46,903.12,903.46,0.04,499.07,425828.13,1
2025-03-19,2025-03-19 12:49:00,903.46,903.8,903.46,903.8,0.04,499.07,425828.13,1
2025-03-19,2025-03-19 12:50:00,903.8,904.14,903.8,904.14,0.04,499.07,425828.13,1
2025-03-19,2025-03-19 12:51:00,904.14,904.48,904.14,904.48,0.04,499.07,425828.13,1
2025-03-19,2025-03-19 12:52:00,904.48,904.82,904.48,904.82,0.04,499.07,425828.13,1
2025-03-19,2025-03-19 12:53:00,904.82,905.16,904.82,905.16,0.04,499.07,425828.13,1
2025-03-19,2025-03-19 12:54:00,905.16,905.5,905.16,905.5,0.04,499.07,425828.13,1
2025-03-19,2025-03-19 12:55:00,905.5,905.84,905.5,905.84,0.04,499.07,425828.13,1
2025-03-19,2025-03-19 12:56:00,905.84,906.18,905.84,906.18,0.04,499.07,425828.13,1
2025-03-19,2025-03-19 12:57:00,906.18,906.52,906.18,906.52,0.04,499.07,425828.13,1
2025-03-19,2025-03-19 12:58:00,906.52,906.86,906.52,906.86,0.04,499.07,425828.13,1
2025-03-19,2025-03-19 12:59:00,906.86,907.2,906.86,907.2,0.04,499.07,425828.13,1
2025-03-19,2025-03-19 13:00:00,907.2,960.0,798.0,907.54,0.04,499.07,425828.13,1
2025-03-19,2025-03-19 13:01:00,907.54,907.88,907.54,907.88,0.04,499.07,425828.13,1
2025-03-19,2025-03-19 13:02:00,907.88,908.22,907.88,908.22,0.04,499.07,425828.13,1
2025-03-19,2025-03-19 13:03:00,908.22,908.56,908.22,908.56,0.04,499.07,425828.13,1
2025-03-19,2025-03-19 13:04:00,908.56,908.9,908.56,908.9,0.04,499.07,425828.13,1
2025-03-19,2025-03-19 13:05:00,908.9,909.24,908.9,909.24,0.04,499.07,425828.13,1
2025-03-19,2025-03-19 13:06:00,909.24,909.58,909.24,909.58,0.04,499.07,425828.13,1
2025-03-19,2025-03-19 13:07:00,909.58,909.92,909.58,909.92,0.04,499.07,425828.13,1
2025-03-19,2025-03-19 13:08:00,909.92,910.26,909.92,910.26,0.04,499.07,425828.13,1
2025-03-19,2025-03-19 13:09:00,910.26,910.6,910.26,910.6,0.04,499.07,425828.13,1
2025-03-19,2025-03-19 13:10:00,910.6,910.94,910.6,910.94,0.04,499.07,425828.13,1
2025-03-19,2025-03-19 13:11:00,910.94,911.28,910.94,911.28,0.04,499.07,425828.13,1
2025-03-19,2025-03-19 13:12:00,911.28,911.62,911.28,911.62,0.04,499.07,425828.13,1
2025-03-19,2025-03-19 13:13:00,911.62,911.96,911.62,911.96,0.04,499.07,425828.13,1
2025-03-19,2025-03-19 13:14:00,911.96,912.3,911.96,912.3,0.04,499.07,425828.13,1
2025-03-19,2025-03-19 13:15:00,912.3,912.64,912.3,912.64,0.04,499.07,425828.13,1
2025-03-19,2025-03-19 13:16:00,912.64,912.98,912.64,912.98,0.04,499.07,425828.13,1
2025-03-19,2025-03-19 13:17:00,912.98,913.32,912.98,913.32,0.04,499.07,425828.13,1
2025-03-19,2025-03-19 13:18:00,913.32,913.66,913.32,913.66,0.04,499.07,425828.13,1
2025-03-19,2025-03-19 13:19:00,913.66,914.0,913.66,914.0,0.04,499.07,425828.13,1
2025-03-19,2025-03-19 13:20:00,914.0,914.34,914.0,914.34,0.04,499.07,425828.13,1
2025-03-19,2025-03-19 13:21:00,914.34,914.68,914.34,914.68,0.04,499.07,425828.13,1
2025-03-19,2025-03-19 13:22:00,914.68,915.02,914.68,915.02,0.04,499.07,425828.13,1
2025-03-19,2025-03-19 13:23:00,915.02,915.36,915.02,915.36,0.04,499.07,425828.13,1
2025-03-19,2025-03-19 13:24:00,915.36,915.7,915.36,915.7,0.04,499.07,425828.13,1
2025-03-19,2025-03-19 13:25:00,915.7,916.04,915.7,916.04,0.04,499.07,425828.13,1
2025-03-19,2025-03-19 13:26:00,916.04,916.38,916.04,916.38,0.04,499.07,425828.13,1
2025-03-19,2025-03-19 13:27:00,916.38,916.72,916.38,916.72,0.04,499.07,425828.13,1
2025-03-19,2025-03-19 13:28:00,916.72,917.06,916.72,917.06,0.04,499.07,425828.13,1
2025-03-19,2025-03-19 13:29:00,917.06,917.4,917.06,917.4,0.04,499.07,425828.13,1
2025-03-19,2025-03-19 13:30:00,917.4,917.74,917.4,917.74,0.04,499.07,425828.13,1
2025-03-19,2025-03-19 13:31:00,917.74,918.08,917.74,918.08,0.04,499.07,425828.13,1
2025-03-19,2025-03-19 13:32:00,918.08,918.42,918.08,918.42,0.04,499.07,425828.13,1
2025-03-19,2025-03-19 13:33:00,918.42,918.76,918.42,918.76,0.04,499.07,425828.13,1
2025-03-19,2025-03-19 13:34:00,918.76,919.1,918.76,919.1,0.04,499.07,425828.13,1
2025-03-19,2025-03-19 13:35:00,919.1,919.44,919.1,919.44,0.04,499.07,425828.13,1
2025-03-19,2025-03-19 13:36:00,919.44,919.78,919.44,919.78,0.04,499.07,425828.13,1
2025-03-19,2025-03-19 13:37:00,919.78,920.12,919.78,920.12,0.04,499.07,425828.13,1
2025-03-19,2025-03-19 13:38:00,920.12,920.46,920.12,920.46,0.04,499.07,425828.13,1
2025-03-19,2025-03-19 13:39:00,920.46,920.8,920.46,920.8,0.04,499.07,425828.13,1
2025-03-19,2025-03-19 13:40:00,920.8,921.14,920.8,921.14,0.04,499.07,425828.13,1
2025-03-19,2025-03-19 13:41:00,921.14,921.48,921.14,921.48,0.04,499.07,425828.13,1
2025-03-19,2025-03-19 13:42:00,921.48,921.82,921.48,921.82,0.04,499.07,425828.13,1
2025-03-19,2025-03-19 13:43:00,921.82,922.16,921.82,922.16,0.04,499.07,425828.13,1
2025-03-19,2025-03-19 13:44:00,922.16,922.5,922.16,922.5,0.04,499.07,425828.13,1
2025-03-19,2025-03-19 13:45:00,922.5,922.84,922.5,922.84,0.04,499.07,425828.13,1
2025-03-19,2025-03-19 13:46:00,922.84,923.18,922.84,923.18,0.04,499.07,425828.13,1
2025-03-19,2025-03-19 13:47:00,923.18,923.52,923.18,923.52,0.04,499.07,425828.13,1
2025-03-19,2025-03-19 13:48:00,923.52,923.86,923.52,923.86,0.04,499.07,425828.13,1
2025-03-19,2025-03-19 13:49:00,923.86,924.2,923.86,924.2,0.04,499.07,425828.13,1
2025-03-19,2025-03-19 13:50:00,924.2,924.54,924.2,924.54,0.04,499.07,425828.13,1
2025-03-19,2025-03-19 13:51:00,924.54,924.88,924.54,924.88,0.04,499.07,425828.13,1
2025-03-19,2025-03-19 13:52:00,924.88,925.22,924.88,925.22,0.04,499.07,425828.13,1
2025-03-19,2025-03-19 13:53:00,925.22,925.56,925.22,925.56,0.04,499.07,425828.13,1
2025-03-19,2025-03-19 13:54:00,925.56,925.9,925.56,925.9,0.04,499.07,425828.13,1
2025-03-19,2025-03-19 13:55:00,925.9,926.24,925.9,926.24,0.04,499.07,425828.13,1
2025-03-19,2025-03-19 13:56:00,926.24,926.58,926.24,926.58,0.04,499.07,425828.13,1
2025-03-19,2025-03-19 13:57:00,926.58,926.92,926.58,926.92,0.04,499.07,425828.13,1
2025-03-19,2025-03-19 13:58:00,926.92,927.26,926.92,927.26,0.04,499.07,425828.13,1
2025-03-19,2025-03-19 13:59:00,927.26,927.6,927.26,927.6,0.04,499.07,425828.13,1
2025-03-19,2025-03-19 14:00:00,927.6,927.94,927.6,927.94,0.04,499.07,425828.13,1
2025-03-19,2025-03-19 14:01:00,927.94,928.28,927.94,928.28,0.04,499.07,425828.13,1
2025-03-19,2025-03-19 14:02:00,928.28,928.62,928.28,928.62,0.04,499.07,425828.13,1
2025-03-19,2025-03-19 14:03:00,928.62,928.96,928.62,928.96,0.04,499.07,425828.13,1
2025-03-19,2025-03-19 14:04:00,928.96,929.3,928.96,929.3,0.04,499.07,425828.13,1
2025-03-19,2025-03-19 14:05:00,929.3,929.64,929.3,929.64,0.04,499.07,425828.13,1
2025-03-19,2025-03-19 14:06:00,929.64,929.98,929.64,929.98,0.04,499.07,425828.13,1
2025-03-19,2025-03-19 14:07:00,929.98,930.32,929.98,930.32,0.04,499.07,425828.13,1
2025-03-19,2025-03-19 14:08:00,930.32,930.66,930.32,930.66,0.04,499.07,425828.13,1
2025-03-19,2025-03-19 14:09:00,930.66,931.0,930.66,931.0,0.04,499.07,425828.13,1
2025-03-19,2025-03-19 14:10:00,931.0,931.34,931.0,931.34,0.04,499.07,425828.13,1
2025-03-19,2025-03-19 14:11:00,931.34,931.68,931.34,931.68,0.04,499.07,425828.13,1
2025-03-19,2025-03-19 14:12:00,931.68,932.02,931.68,932.02,0.04,499.07,425828.13,1
2025-03-19,2025-03-19 14:13:00,932.02,932.36,932.02,932.36,0.04,499.07,425828.13,1
2025-03-19,2025-03-19 14:14:00,932.36,932.7,932.36,932.7,0.04,499.07,425828.13,1
2025-03-19,2025-03-19 14:15:00,932.7,933.04,932.7,933.04,0.04,499.07,425828.13,1
2025-03-19,2025-03-19 14:16:00,933.04,933.38,933.04,933.38,0.04,499.07,425828.13,1
2025-03-19,2025-03-19 14:17:00,933.38,933.72,933.38,933.72,0.04,499.07,425828.13,1
2025-03-19,2025-03-19 14:18:00,933.72,934.06,933.72,934.06,0.04,499.07,425828.13,1
2025-03-19,2025-03-19 14:19:00,934.06,934.4,934.06,934.4,0.04,499.07,425828.13,1
2025-03-19,2025-03-19 14:20:00,934.4,934.74,934.4,934.74,0.04,499.07,425828.13,1
2025-03-19,2025-03-19 14:21:00,934.74,935.08,934.74,935.08,0.04,499.07,425828.13,1
2025-03-19,2025-03-19 14:22:00,935.08,935.42,935.08,935.42,0.04,499.07,425828.13,1
2025-03-19,2025-03-19 14:23:00,935.42,935.76,935.42,935.76,0.04,499.07,425828.13,1
2025-03-19,2025-03-19 14:24:00,935.76,936.1,935.76,936.1,0.04,499.07,425828.13,1
2025-03-19,2025-03-19 14:25:00,936.1,936.44,936.1,936.44,0.04,499.07,425828.13,1
2025-03-19,2025-03-19 14:26:00,936.44,936.78,936.44,936.78,0.04,499.07,425828.13,1
2025-03-19,2025-03-19 14:27:00,936.78,937.12,936.78,937.12,0.04,499.07,425828.13,1
2025-03-19,2025-03-19 14:28:00,937.12,937.46,937.12,937.46,0.04,499.07,425828.13,1
2025-03-19,2025-03-19 14:29:00,937.46,937.8,937.46,937.8,0.04,499.07,425828.13,1
2025-03-19,2025-03-19 14:30:00,937.8,938.14,937.8,938.14,0.04,499.07,425828.13,1
2025-03-19,2025-03-19 14:31:00,938.14,938.48,938.14,938.48,0.04,499.07,425828.13,1
2025-03-19,2025-03-19 14:32:00,938.48,938.82,938.48,938.82,0.04,499.07,425828.13,1
2025-03-19,2025-03-19 14:33:00,938.82,939.16,938.82,939.16,0.04,499.07,425828.13,1
2025-03-19,2025-03-19 14:34:00,939.16,939.5,939.16,939.5,0.04,499.07,425828.13,1
2025-03-19,2025-03-19 14:35:00,939.5,939.84,939.5,939.84,0.04,499.07,425828.13,1
2025-03-19,2025-03-19 14:36:00,939.84,940.18,939.84,940.18,0.04,499.07,425828.13,1
2025-03-19,2025-03-19 14:37:00,940.18,940.52,940.18,940.52,0.04,499.07,425828.13,1
2025-03-19,2025-03-19 14:38:00,940.52,940.86,940.52,940.86,0.04,499.07,425828.13,1
2025-03-19,2025-03-19 14:39:00,940.86,941.2,940.86,941.2,0.04,499.07,425828.13,1
2025-03-19,2025-03-19 14:40:00,941.2,941.54,941.2,941.54,0.04,499.07,425828.13,1
2025-03-19,2025-03-19 14:41:00,941.54,941.88,941.54,941.88,0.04,499.07,425828.13,1
2025-03-19,2025-03-19 14:42:00,941.88,942.22,941.88,942.22,0.04,499.07,425828.13,1
2025-03-19,2025-03-19 14:43:00,942.22,942.56,942.22,942.56,0.04,499.07,425828.13,1
2025-03-19,2025-03-19 14:44:00,942.56,942.9,942.56,942.9,0.04,499.07,425828.13,1
2025-03-19,2025-03-19 14:45:00,942.9,943.24,942.9,943.24,0.04,499.07,425828.13,1
2025-03-19,2025-03-19 14:46:00,943.24,943.58,943.24,943.58,0.04,499.07,425828.13,1
2025-03-19,2025-03-19 14:47:00,943.58,943.92,943.58,943.92,0.04,499.07,425828.13,1
2025-03-19,2025-03-19 14:48:00,943.92,944.26,943.92,944.26,0.04,499.07,425828.13,1
2025-03-19,2025-03-19 14:49:00,944.26,944.6,944.26,944.6,0.04,499.07,425828.13,1
2025-03-19,2025-03-19 14:50:00,944.6,944.94,944.6,944.94,0.04,499.07,425828.13,1
2025-03-19,2025-03-19 14:51:00,944.94,945.28,944.94,945.28,0.04,499.07,425828.13,1
2025-03-19,2025-03-19 14:52:00,945.28,945.62,945.28,945.62,0.04,499.07,425828.13,1
2025-03-19,2025-03-19 14:53:00,945.62,945.96,945.62,945.96,0.04,499.07,425828.13,1
2025-03-19,2025-03-19 14:54:00,945.96,946.3,945.96,946.3,0.04,499.07,425828.13,1
2025-03-19,2025-03-19 14:55:00,946.3,946.64,946.3,946.64,0.04,499.07,425828.13,1
2025-03-19,2025-03-19 14:56:00,946.64,946.98,946.64,946.98,0.04,499.07,425828.13,1
2025-03-19,2025-03-19 14:57:00,946.98,947.32,946.98,947.32,0.04,499.07,425828.13,1
2025-03-19,2025-03-19 14:58:00,947.32,947.66,947.32,947.66,0.04,499.07,425828.13,1
2025-03-19,2025-03-19 14:59:00,947.66,948.0,947.66,948.0,0.04,499.07,425828.13,1
2025-03-19,2025-03-19 15:00:00,948.0,960.0,798.0,948.0,0.0,499.07,425828.13,0
2025-03-20,2025-03-20 11:00:00,929.1,929.1,906.33,928.78,-0.03,71.17,60776.21,-1
2025-03-20,2025-03-20 11:01:00,928.78,928.78,928.47,928.47,-0.03,71.17,60776.21,-1
2025-03-20,2025-03-20 11:02:00,928.47,928.47,928.15,928.15,-0.03,71.17,60776.21,-1
2025-03-20,2025-03-20 11:03:00,928.15,928.15,927.84,927.84,-0.03,71.17,60776.21,-1
2025-03-20,2025-03-20 11:04:00,927.84,927.84,927.52,927.52,-0.03,71.17,60776.21,-1
2025-03-20,2025-03-20 11:05:00,927.52,927.52,927.2,927.2,-0.03,71.17,60776.21,-1
2025-03-20,2025-03-20 11:06:00,927.2,927.2,926.89,926.89,-0.03,71.17,60776.21,-1
2025-03-20,2025-03-20 11:07:00,926.89,926.89,926.57,926.57,-0.03,71.17,60776.21,-1
2025-03-20,2025-03-20 11:08:00,926.57,926.57,926.25,926.25,-0.03,71.17,60776.21,-1
2025-03-20,2025-03-20 11:09:00,926.25,926.25,925.94,925.94,-0.03,71.17,60776.21,-1
2025-03-20,2025-03-20 11:10:00,925.94,925.94,925.62,925.62,-0.03,71.17,60776.21,-1
2025-03-20,2025-03-20 11:11:00,925.62,925.62,925.31,925.31,-0.03,71.17,60776.21,-1
2025-03-20,2025-03-20 11:12:00,925.31,925.31,924.99,924.99,-0.03,71.17,60776.21,-1
2025-03-20,2025-03-20 11:13:00,924.99,924.99,924.67,924.67,-0.03,71.17,60776.21,-1
2025-03-20,2025-03-20 11:14:00,924.67,924.67,924.36,924.36,-0.03,71.17,60776.21,-1
2025-03-20,2025-03-20 11:15:00,924.36,924.36,924.04,924.04,-0.03,71.17,60776.21,-1
2025-03-20,2025-03-20 11:16:00,924.04,924.04,923.72,923.72,-0.03,71.17,60776.21,-1
2025-03-20,2025-03-20 11:17:00,923.72,923.72,923.41,923.41,-0.03,71.17,60776.21,-1
2025-03-20,2025-03-20 11:18:00,923.41,923.41,923.09,923.09,-0.03,71.17,60776.21,-1
2025-03-20,2025-03-20 11:19:00,923.09,923.09,922.77,922.77,-0.03,71.17,60776.21,-1
2025-03-20,2025-03-20 11:20:00,922.77,922.77,922.46,922.46,-0.03,71.17,60776.21,-1
2025-03-20,2025-03-20 11:21:00,922.46,922.46,922.14,922.14,-0.03,71.17,60776.21,-1
2025-03-20,2025-03-20 11:22:00,922.14,922.14,921.83,921.83,-0.03,71.17,60776.21,-1
2025-03-20,2025-03-20 11:23:00,921.83,921.83,921.51,921.51,-0.03,71.17,60776.21,-1
2025-03-20,2025-03-20 11:24:00,921.51,921.51,921.19,921.19,-0.03,71.17,60776.21,-1
2025-03-20,2025-03-20 11:25:00,921.19,921.19,920.88,920.88,-0.03,71.17,60776.21,-1
2025-03-20,2025-03-20 11:26:00,920.88,920.88,920.56,920.56,-0.03,71.17,60776.21,-1
2025-03-20,2025-03-20 11:27:00,920.56,920.56,920.25,920.25,-0.03,71.17,60776.21,-1
2025-03-20,2025-03-20 11:28:00,920.25,920.25,919.93,919.93,-0.03,71.17,60776.21,-1
2025-03-20,2025-03-20 11:29:00,919.93,919.93,919.61,919.61,-0.03,71.17,60776.21,-1
2025-03-20,2025-03-20 11:30:00,919.61,919.61,919.3,919.3,-0.03,71.17,60776.21,-1
2025-03-20,2025-03-20 11:31:00,919.3,919.3,918.98,918.98,-0.03,71.17,60776.21,-1
2025-03-20,2025-03-20 11:32:00,918.98,918.98,918.66,918.66,-0.03,71.17,60776.21,-1
2025-03-20,2025-03-20 11:33:00,918.66,918.66,918.35,918.35,-0.03,71.17,60776.21,-1
2025-03-20,2025-03-20 11:34:00,918.35,918.35,918.03,918.03,-0.03,71.17,60776.21,-1
2025-03-20,2025-03-20 11:35:00,918.03,918.03,917.72,917.72,-0.03,71.17,60776.21,-1
2025-03-20,2025-03-20 11:36:00,917.72,917.72,917.4,917.4,-0.03,71.17,60776.21,-1
2025-03-20,2025-03-20 11:37:00,917.4,917.4,917.08,917.08,-0.03,71.17,60776.21,-1
2025-03-20,2025-03-20 11:38:00,917.08,917.08,916.77,916.77,-0.03,71.17,60776.21,-1
2025-03-20,2025-03-20 11:39:00,916.77,916.77,916.45,916.45,-0.03,71.17,60776.21,-1
2025-03-20,2025-03-20 11:40:00,916.45,916.45,916.13,916.13,-0.03,71.17,60776.21,-1
2025-03-20,2025-03-20 11:41:00,916.13,916.13,915.82,915.82,-0.03,71.17,60776.21,-1
2025-03-20,2025-03-20 11:42:00,915.82,915.82,915.5,915.5,-0.03,71.17,60776.21,-1
2025-03-20,2025-03-20 11:43:00,915.5,915.5,915.19,915.19,-0.03,71.17,60776.21,-1
2025-03-20,2025-03-20 11:44:00,915.19,915.19,914.87,914.87,-0.03,71.17,60776.21,-1
2025-03-20,2025-03-20 11:45:00,914.87,914.87,914.55,914.55,-0.03,71.17,60776.21,-1
2025-03-20,2025-03-20 11:46:00,914.55,914.55,914.24,914.24,-0.03,71.17,60776.21,-1
2025-03-20,2025-03-20 11:47:00,914.24,914.24,913.92,913.92,-0.04,71.17,60776.21,-1
2025-03-20,2025-03-20 11:48:00,913.92,913.92,913.6,913.6,-0.04,71.17,60776.21,-1
2025-03-20,2025-03-20 11:49:00,913.6,913.6,913.29,913.29,-0.03,71.17,60776.21,-1
2025-03-20,2025-03-20 11:50:00,913.29,913.29,912.97,912.97,-0.04,71.17,60776.21,-1
2025-03-20,2025-03-20 11:51:00,912.97,912.97,912.65,912.65,-0.04,71.17,60776.21,-1
2025-03-20,2025-03-20 11:52:00,912.65,912.65,912.34,912.34,-0.03,71.17,60776.21,-1
2025-03-20,2025-03-20 11:53:00,912.34,912.34,912.02,912.02,-0.04,71.17,60776.21,-1
2025-03-20,2025-03-20 11:54:00,912.02,912.02,911.71,911.71,-0.03,71.17,60776.21,-1
2025-03-20,2025-03-20 11:55:00,911.71,911.71,911.39,911.39,-0.04,71.17,60776.21,-1
2025-03-20,2025-03-20 11:56:00,911.39,911.39,911.07,911.07,-0.04,71.17,60776.21,-1
2025-03-20,2025-03-20 11:57:00,911.07,911.07,910.76,910.76,-0.03,71.17,60776.21,-1
2025-03-20,2025-03-20 11:58:00,910.76,910.76,910.44,910.44,-0.04,71.17,60776.21,-1
2025-03-20,2025-03-20 11:59:00,910.44,910.44,910.12,910.12,-0.04,71.17,60776.21,-1
2025-03-20,2025-03-20 12:00:00,910.12,910.12,909.81,909.81,-0.03,71.17,60776.21,-1
2025-03-20,2025-03-20 12:01:00,909.81,909.81,909.49,909.49,-0.04,71.17,60776.21,-1
2025-03-20,2025-03-20 12:02:00,909.49,909.49,909.18,909.18,-0.03,71.17,60776.21,-1
2025-03-20,2025-03-20 12:03:00,909.18,909.18,908.86,908.86,-0.04,71.17,60776.21,-1
2025-03-20,2025-03-20 12:04:00,908.86,908.86,908.54,908.54,-0.04,71.17,60776.21,-1
2025-03-20,2025-03-20 12:05:00,908.54,908.54,908.23,908.23,-0.03,71.17,60776.21,-1
2025-03-20,2025-03-20 12:06:00,908.23,908.23,907.91,907.91,-0.04,71.17,60776.21,-1
2025-03-20,2025-03-20 12:07:00,907.91,907.91,907.6,907.6,-0.03,71.17,60776.21,-1
2025-03-20,2025-03-20 12:08:00,907.6,907.6,907.28,907.28,-0.04,71.17,60776.21,-1
2025-03-20,2025-03-20 12:09:00,907.28,907.28,906.96,906.96,-0.04,71.17,60776.21,-1
2025-03-20,2025-03-20 12:10:00,906.96,906.96,906.65,906.65,-0.03,71.17,60776.21,-1
2025-03-20,2025-03-20 12:11:00,906.65,906.65,906.33,906.33,-0.04,71.17,60776.21,-1
2025-03-20,2025-03-20 12:12:00,906.33,906.33,906.01,906.01,-0.04,71.17,60776.21,-1
2025-03-20,2025-03-20 12:13:00,906.01,906.01,905.7,905.7,-0.03,71.17,60776.21,-1
2025-03-20,2025-03-20 12:14:00,905.7,905.7,905.38,905.38,-0.04,71.17,60776.21,-1
2025-03-20,2025-03-20 12:15:00,905.38,905.38,905.07,905.07,-0.03,71.17,60776.21,-1
2025-03-20,2025-03-20 12:16:00,905.07,905.07,904.75,904.75,-0.04,71.17,60776.21,-1
2025-03-20,2025-03-20 12:17:00,904.75,904.75,904.43,904.43,-0.04,71.17,60776.21,-1
2025-03-20,2025-03-20 12:18:00,904.43,904.43,904.12,904.12,-0.03,71.17,60776.21,-1
2025-03-20,2025-03-20 12:19:00,904.12,904.12,903.8,903.8,-0.04,71.17,60776.21,-1
2025-03-20,2025-03-20 12:20:00,903.8,903.8,903.48,903.48,-0.04,71.17,60776.21,-1
2025-03-20,2025-03-20 12:21:00,903.48,903.48,903.17,903.17,-0.03,71.17,60776.21,-1
2025-03-20,2025-03-20 12:22:00,903.17,903.17,902.85,902.85,-0.04,71.17,60776.21,-1
2025-03-20,2025-03-20 12:23:00,902.85,902.85,902.54,902.54,-0.03,71.17,60776.21,-1
2025-03-20,2025-03-20 12:24:00,902.54,902.54,902.22,902.22,-0.04,71.17,60776.21,-1
2025-03-20,2025-03-20 12:25:00,902.22,902.22,901.9,901.9,-0.04,71.17,60776.21,-1
2025-03-20,2025-03-20 12:26:00,901.9,901.9,901.59,901.59,-0.03,71.17,60776.21,-1
2025-03-20,2025-03-20 12:27:00,901.59,901.59,901.27,901.27,-0.04,71.17,60776.21,-1
2025-03-20,2025-03-20 12:28:00,901.27,901.27,900.95,900.95,-0.04,71.17,60776.21,-1
2025-03-20,2025-03-20 12:29:00,900.95,900.95,900.64,900.64,-0.03,71.17,60776.21,-1
2025-03-20,2025-03-20 12:30:00,900.64,900.64,900.32,900.32,-0.04,71.17,60776.21,-1
2025-03-20,2025-03-20 12:31:00,900.32,900.32,900.0,900.0,-0.04,71.17,60776.21,-1
2025-03-20,2025-03-20 12:32:00,900.0,900.0,899.69,899.69,-0.03,71.17,60776.21,-1
2025-03-20,2025-03-20 12:33:00,899.69,899.69,899.37,899.37,-0.04,71.17,60776.21,-1
2025-03-20,2025-03-20 12:34:00,899.37,899.37,899.06,899.06,-0.03,71.17,60776.21,-1
2025-03-20,2025-03-20 12:35:00,899.06,899.06,898.74,898.74,-0.04,71.17,60776.21,-1
2025-03-20,2025-03-20 12:36:00,898.74,898.74,898.42,898.42,-0.04,71.17,60776.21,-1
2025-03-20,2025-03-20 12:37:00,898.42,898.42,898.11,898.11,-0.03,71.17,60776.21,-1
2025-03-20,2025-03-20 12:38:00,898.11,898.11,897.79,897.79,-0.04,71.17,60776.21,-1
2025-03-20,2025-03-20 12:39:00,897.79,897.79,897.48,897.48,-0.03,71.17,60776.21,-1
2025-03-20,2025-03-20 12:40:00,897.48,897.48,897.16,897.16,-0.04,71.17,60776.21,-1
2025-03-20,2025-03-20 12:41:00,897.16,897.16,896.84,896.84,-0.04,71.17,60776.21,-1
2025-03-20,2025-03-20 12:42:00,896.84,896.84,896.53,896.53,-0.03,71.17,60776.21,-1
2025-03-20,2025-03-20 12:43:00,896.53,896.53,896.21,896.21,-0.04,71.17,60776.21,-1
2025-03-20,2025-03-20 12:44:00,896.21,896.21,895.89,895.89,-0.04,71.17,60776.21,-1
2025-03-20,2025-03-20 12:45:00,895.89,895.89,895.58,895.58,-0.03,71.17,60776.21,-1
2025-03-20,2025-03-20 12:46:00,895.58,895.58,895.26,895.26,-0.04,71.17,60776.21,-1
2025-03-20,2025-03-20 12:47:00,895.26,895.26,894.95,894.95,-0.03,71.17,60776.21,-1
2025-03-20,2025-03-20 12:48:00,894.95,894.95,894.63,894.63,-0.04,71.17,60776.21,-1
2025-03-20,2025-03-20 12:49:00,894.63,894.63,894.31,894.31,-0.04,71.17,60776.21,-1
2025-03-20,2025-03-20 12:50:00,894.31,894.31,894.0,894.0,-0.03,71.17,60776.21,-1
2025-03-20,2025-03-20 12:51:00,894.0,894.0,893.68,893.68,-0.04,71.17,60776.21,-1
2025-03-20,2025-03-20 12:52:00,893.68,893.68,893.36,893.36,-0.04,71.17,60776.21,-1
2025-03-20,2025-03-20 12:53:00,893.36,893.36,893.05,893.05,-0.03,71.17,60776.21,-1
2025-03-20,2025-03-20 12:54:00,893.05,893.05,892.73,892.73,-0.04,71.17,60776.21,-1
2025-03-20,2025-03-20 12:55:00,892.73,892.73,892.42,892.42,-0.03,71.17,60776.21,-1
2025-03-20,2025-03-20 12:56:00,892.42,892.42,892.1,892.1,-0.04,71.17,60776.21,-1
2025-03-20,2025-03-20 12:57:00,892.1,892.1,891.78,891.78,-0.04,71.17,60776.21,-1
2025-03-20,2025-03-20 12:58:00,891.78,891.78,891.47,891.47,-0.03,71.17,60776.21,-1
2025-03-20,2025-03-20 12:59:00,891.47,891.47,891.15,891.15,-0.04,71.17,60776.21,-1
2025-03-20,2025-03-20 13:00:00,891.15,929.1,853.2,890.83,-0.04,71.17,60776.21,-1
2025-03-20,2025-03-20 13:01:00,890.83,890.83,890.52,890.52,-0.03,71.17,60776.21,-1
2025-03-20,2025-03-20 13:02:00,890.52,890.52,890.2,890.2,-0.04,71.17,60776.21,-1
2025-03-20,2025-03-20 13:03:00,890.2,890.2,889.88,889.88,-0.04,71.17,60776.21,-1
2025-03-20,2025-03-20 13:04:00,889.88,889.88,889.57,889.57,-0.03,71.17,60776.21,-1
2025-03-20,2025-03-20 13:05:00,889.57,889.57,889.25,889.25,-0.04,71.17,60776.21,-1
2025-03-20,2025-03-20 13:06:00,889.25,889.25,888.94,888.94,-0.03,71.17,60776.21,-1
2025-03-20,2025-03-20 13:07:00,888.94,888.94,888.62,888.62,-0.04,71.17,60776.21,-1
2025-03-20,2025-03-20 13:08:00,888.62,888.62,888.3,888.3,-0.04,71.17,60776.21,-1
2025-03-20,2025-03-20 13:09:00,888.3,888.3,887.99,887.99,-0.03,71.17,60776.21,-1
2025-03-20,2025-03-20 13:10:00,887.99,887.99,887.67,887.67,-0.04,71.17,60776.21,-1
2025-03-20,2025-03-20 13:11:00,887.67,887.67,887.36,887.36,-0.03,71.17,60776.21,-1
2025-03-20,2025-03-20 13:12:00,887.36,887.36,887.04,887.04,-0.04,71.17,60776.21,-1
2025-03-20,2025-03-20 13:13:00,887.04,887.04,886.72,886.72,-0.04,71.17,60776.21,-1
2025-03-20,2025-03-20 13:14:00,886.72,886.72,886.41,886.41,-0.03,71.17,60776.21,-1
2025-03-20,2025-03-20 13:15:00,886.41,886.41,886.09,886.09,-0.04,71.17,60776.21,-1
2025-03-20,2025-03-20 13:16:00,886.09,886.09,885.77,885.77,-0.04,71.17,60776.21,-1
2025-03-20,2025-03-20 13:17:00,885.77,885.77,885.46,885.46,-0.03,71.17,60776.21,-1
2025-03-20,2025-03-20 13:18:00,885.46,885.46,885.14,885.14,-0.04,71.17,60776.21,-1
2025-03-20,2025-03-20 13:19:00,885.14,885.14,884.83,884.83,-0.04,71.17,60776.21,-1
2025-03-20,2025-03-20 13:20:00,884.83,884.83,884.51,884.51,-0.04,71.17,60776.21,-1
2025-03-20,2025-03-20 13:21:00,884.51,884.51,884.19,884.19,-0.04,71.17,60776.21,-1
2025-03-20,2025-03-20 13:22:00,884.19,884.19,883.88,883.88,-0.04,71.17,60776.21,-1
2025-03-20,2025-03-20 13:23:00,883.88,883.88,883.56,883.56,-0.04,71.17,60776.21,-1
2025-03-20,2025-03-20 13:24:00,883.56,883.56,883.24,883.24,-0.04,71.17,60776.21,-1
2025-03-20,2025-03-20 13:25:00,883.24,883.24,882.93,882.93,-0.04,71.17,60776.21,-1
2025-03-20,2025-03-20 13:26:00,882.93,882.93,882.61,882.61,-0.04,71.17,60776.21,-1
2025-03-20,2025-03-20 13:27:00,882.61,882.61,882.3,882.3,-0.04,71.17,60776.21,-1
2025-03-20,2025-03-20 13:28:00,882.3,882.3,881.98,881.98,-0.04,71.17,60776.21,-1
2025-03-20,2025-03-20 13:29:00,881.98,881.98,881.66,881.66,-0.04,71.17,60776.21,-1
2025-03-20,2025-03-20 13:30:00,881.66,881.66,881.35,881.35,-0.04,71.17,60776.21,-1
2025-03-20,2025-03-20 13:31:00,881.35,881.35,881.03,881.03,-0.04,71.17,60776.21,-1
2025-03-20,2025-03-20 13:32:00,881.03,881.03,880.71,880.71,-0.04,71.17,60776.21,-1
2025-03-20,2025-03-20 13:33:00,880.71,880.71,880.4,880.4,-0.04,71.17,60776.21,-1
2025-03-20,2025-03-20 13:34:00,880.4,880.4,880.08,880.08,-0.04,71.17,60776.21,-1
2025-03-20,2025-03-20 13:35:00,880.08,880.08,879.76,879.76,-0.04,71.17,60776.21,-1
2025-03-20,2025-03-20 13:36:00,879.76,879.76,879.45,879.45,-0.04,71.17,60776.21,-1
2025-03-20,2025-03-20 13:37:00,879.45,879.45,879.13,879.13,-0.04,71.17,60776.21,-1
2025-03-20,2025-03-20 13:38:00,879.13,879.13,878.82,878.82,-0.04,71.17,60776.21,-1
2025-03-20,2025-03-20 13:39:00,878.82,878.82,878.5,878.5,-0.04,71.17,60776.21,-1
2025-03-20,2025-03-20 13:40:00,878.5,878.5,878.18,878.18,-0.04,71.17,60776.21,-1
2025-03-20,2025-03-20 13:41:00,878.18,878.18,877.87,877.87,-0.04,71.17,60776.21,-1
2025-03-20,2025-03-20 13:42:00,877.87,877.87,877.55,877.55,-0.04,71.17,60776.21,-1
2025-03-20,2025-03-20 13:43:00,877.55,877.55,877.24,877.24,-0.04,71.17,60776.21,-1
2025-03-20,2025-03-20 13:44:00,877.24,877.24,876.92,876.92,-0.04,71.17,60776.21,-1
2025-03-20,2025-03-20 13:45:00,876.92,876.92,876.6,876.6,-0.04,71.17,60776.21,-1
2025-03-20,2025-03-20 13:46:00,876.6,876.6,876.29,876.29,-0.04,71.17,60776.21,-1
2025-03-20,2025-03-20 13:47:00,876.29,876.29,875.97,875.97,-0.04,71.17,60776.21,-1
2025-03-20,2025-03-20 13:48:00,875.97,875.97,875.65,875.65,-0.04,71.17,60776.21,-1
2025-03-20,2025-03-20 13:49:00,875.65,875.65,875.34,875.34,-0.04,71.17,60776.21,-1
2025-03-20,2025-03-20 13:50:00,875.34,875.34,875.02,875.02,-0.04,71.17,60776.21,-1
2025-03-20,2025-03-20 13:51:00,875.02,875.02,874.71,874.71,-0.04,71.17,60776.21,-1
2025-03-20,2025-03-20 13:52:00,874.71,874.71,874.39,874.39,-0.04,71.17,60776.21,-1
2025-03-20,2025-03-20 13:53:00,874.39,874.39,874.07,874.07,-0.04,71.17,60776.21,-1
2025-03-20,2025-03-20 13:54:00,874.07,874.07,873.76,873.76,-0.04,71.17,60776.21,-1
2025-03-20,2025-03-20 13:55:00,873.76,873.76,873.44,873.44,-0.04,71.17,60776.21,-1
2025-03-20,2025-03-20 13:56:00,873.44,873.44,873.12,873.12,-0.04,71.17,60776.21,-1
2025-03-20,2025-03-20 13:57:00,873.12,873.12,872.81,872.81,-0.04,71.17,60776.21,-1
2025-03-20,2025-03-20 13:58:00,872.81,872.81,872.49,872.49,-0.04,71.17,60776.21,-1
2025-03-20,2025-03-20 13:59:00,872.49,872.49,872.18,872.18,-0.04,71.17,60776.21,-1
2025-03-20,2025-03-20 14:00:00,872.18,872.18,871.86,871.86,-0.04,71.17,60776.21,-1
2025-03-20,2025-03-20 14:01:00,871.86,871.86,871.54,871.54,-0.04,71.17,60776.21,-1
2025-03-20,2025-03-20 14:02:00,871.54,871.54,871.23,871.23,-0.04,71.17,60776.21,-1
2025-03-20,2025-03-20 14:03:00,871.23,871.23,870.91,870.91,-0.04,71.17,60776.21,-1
2025-03-20,2025-03-20 14:04:00,870.91,870.91,870.59,870.59,-0.04,71.17,60776.21,-1
2025-03-20,2025-03-20 14:05:00,870.59,870.59,870.28,870.28,-0.04,71.17,60776.21,-1
2025-03-20,2025-03-20 14:06:00,870.28,870.28,869.96,869.96,-0.04,71.17,60776.21,-1
2025-03-20,2025-03-20 14:07:00,869.96,869.96,869.64,869.64,-0.04,71.17,60776.21,-1
2025-03-20,2025-03-20 14:08:00,869.64,869.64,869.33,869.33,-0.04,71.17,60776.21,-1
2025-03-20,2025-03-20 14:09:00,869.33,869.33,869.01,869.01,-0.04,71.17,60776.21,-1
2025-03-20,2025-03-20 14:10:00,869.01,869.01,868.7,868.7,-0.04,71.17,60776.21,-1
2025-03-20,2025-03-20 14:11:00,868.7,868.7,868.38,868.38,-0.04,71.17,60776.21,-1
2025-03-20,2025-03-20 14:12:00,868.38,868.38,868.06,868.06,-0.04,71.17,60776.21,-1
2025-03-20,2025-03-20 14:13:00,868.06,868.06,867.75,867.75,-0.04,71.17,60776.21,-1
2025-03-20,2025-03-20 14:14:00,867.75,867.75,867.43,867.43,-0.04,71.17,60776.21,-1
2025-03-20,2025-03-20 14:15:00,867.43,867.43,867.12,867.12,-0.04,71.17,60776.21,-1
2025-03-20,2025-03-20 14:16:00,867.12,867.12,866.8,866.8,-0.04,71.17,60776.21,-1
2025-03-20,2025-03-20 14:17:00,866.8,866.8,866.48,866.48,-0.04,71.17,60776.21,-1
2025-03-20,2025-03-20 14:18:00,866.48,866.48,866.17,866.17,-0.04,71.17,60776.21,-1
2025-03-20,2025-03-20 14:19:00,866.17,866.17,865.85,865.85,-0.04,71.17,60776.21,-1
2025-03-20,2025-03-20 14:20:00,865.85,865.85,865.53,865.53,-0.04,71.17,60776.21,-1
2025-03-20,2025-03-20 14:21:00,865.53,865.53,865.22,865.22,-0.04,71.17,60776.21,-1
2025-03-20,2025-03-20 14:22:00,865.22,865.22,864.9,864.9,-0.04,71.17,60776.21,-1
2025-03-20,2025-03-20 14:23:00,864.9,864.9,864.59,864.59,-0.04,71.17,60776.21,-1
2025-03-20,2025-03-20 14:24:00,864.59,864.59,864.27,864.27,-0.04,71.17,60776.21,-1
2025-03-20,2025-03-20 14:25:00,864.27,864.27,863.95,863.95,-0.04,71.17,60776.21,-1
2025-03-20,2025-03-20 14:26:00,863.95,863.95,863.64,863.64,-0.04,71.17,60776.21,-1
2025-03-20,2025-03-20 14:27:00,863.64,863.64,863.32,863.32,-0.04,71.17,60776.21,-1
2025-03-20,2025-03-20 14:28:00,863.32,863.32,863.0,863.0,-0.04,71.17,60776.21,-1
2025-03-20,2025-03-20 14:29:00,863.0,863.0,862.69,862.69,-0.04,71.17,60776.21,-1
2025-03-20,2025-03-20 14:30:00,862.69,862.69,862.37,862.37,-0.04,71.17,60776.21,-1
2025-03-20,2025-03-20 14:31:00,862.37,862.37,862.06,862.06,-0.04,71.17,60776.21,-1
2025-03-20,2025-03-20 14:32:00,862.06,862.06,861.74,861.74,-0.04,71.17,60776.21,-1
2025-03-20,2025-03-20 14:33:00,861.74,861.74,861.42,861.42,-0.04,71.17,60776.21,-1
2025-03-20,2025-03-20 14:34:00,861.42,861.42,861.11,861.11,-0.04,71.17,60776.21,-1
2025-03-20,2025-03-20 14:35:00,861.11,861.11,860.79,860.79,-0.04,71.17,60776.21,-1
2025-03-20,2025-03-20 14:36:00,860.79,860.79,860.47,860.47,-0.04,71.17,60776.21,-1
2025-03-20,2025-03-20 14:37:00,860.47,860.47,860.16,860.16,-0.04,71.17,60776.21,-1
2025-03-20,2025-03-20 14:38:00,860.16,860.16,859.84,859.84,-0.04,71.17,60776.21,-1
2025-03-20,2025-03-20 14:39:00,859.84,859.84,859.53,859.53,-0.04,71.17,60776.21,-1
2025-03-20,2025-03-20 14:40:00,859.53,859.53,859.21,859.21,-0.04,71.17,60776.21,-1
2025-03-20,2025-03-20 14:41:00,859.21,859.21,858.89,858.89,-0.04,71.17,60776.21,-1
2025-03-20,2025-03-20 14:42:00,858.89,858.89,858.58,858.58,-0.04,71.17,60776.21,-1
2025-03-20,2025-03-20 14:43:00,858.58,858.58,858.26,858.26,-0.04,71.17,60776.21,-1
2025-03-20,2025-03-20 14:44:00,858.26,858.26,857.94,857.94,-0.04,71.17,60776.21,-1
2025-03-20,2025-03-20 14:45:00,857.94,857.94,857.63,857.63,-0.04,71.17,60776.21,-1
2025-03-20,2025-03-20 14:46:00,857.63,857.63,857.31,857.31,-0.04,71.17,60776.21,-1
2025-03-20,2025-03-20 14:47:00,857.31,857.31,857.0,857.0,-0.04,71.17,60776.21,-1
2025-03-20,2025-03-20 14:48:00,857.0,857.0,856.68,856.68,-0.04,71.17,60776.21,-1
2025-03-20,2025-03-20 14:49:00,856.68,856.68,856.36,856.36,-0.04,71.17,60776.21,-1
2025-03-20,2025-03-20 14:50:00,856.36,856.36,856.05,856.05,-0.04,71.17,60776.21,-1
2025-03-20,2025-03-20 14:51:00,856.05,856.05,855.73,855.73,-0.04,71.17,60776.21,-1
2025-03-20,2025-03-20 14:52:00,855.73,855.73,855.41,855.41,-0.04,71.17,60776.21,-1
2025-03-20,2025-03-20 14:53:00,855.41,855.41,855.1,855.1,-0.04,71.17,60776.21,-1
2025-03-20,2025-03-20 14:54:00,855.1,855.1,854.78,854.78,-0.04,71.17,60776.21,-1
2025-03-20,2025-03-20 14:55:00,854.78,854.78,854.47,854.47,-0.04,71.17,60776.21,-1
2025-03-20,2025-03-20 14:56:00,854.47,854.47,854.15,854.15,-0.04,71.17,60776.21,-1
2025-03-20,2025-03-20 14:57:00,854.15,854.15,853.83,853.83,-0.04,71.17,60776.21,-1
2025-03-20,2025-03-20 14:58:00,853.83,853.83,853.52,853.52,-0.04,71.17,60776.21,-1
2025-03-20,2025-03-20 14:59:00,853.52,853.52,853.2,853.2,-0.04,71.17,60776.21,-1
2025-03-20,2025-03-20 15:00:00,853.2,929.1,853.2,853.2,0.0,71.17,60776.21,0
2025-03-23,2025-03-23 11:00:00,854.0,854.0,831.8,853.74,-0.03,171.35,137543.46,-1
2025-03-23,2025-03-23 11:01:00,853.74,853.74,853.48,853.48,-0.03,171.35,137543.46,-1
2025-03-23,2025-03-23 11:02:00,853.48,853.48,853.22,853.22,-0.03,171.35,137543.46,-1
2025-03-23,2025-03-23 11:03:00,853.22,853.22,852.95,852.95,-0.03,171.35,137543.46,-1
2025-03-23,2025-03-23 11:04:00,852.95,852.95,852.69,852.69,-0.03,171.35,137543.46,-1
2025-03-23,2025-03-23 11:05:00,852.69,852.69,852.43,852.43,-0.03,171.35,137543.46,-1
2025-03-23,2025-03-23 11:06:00,852.43,852.43,852.17,852.17,-0.03,171.35,137543.46,-1
2025-03-23,2025-03-23 11:07:00,852.17,852.17,851.91,851.91,-0.03,171.35,137543.46,-1
2025-03-23,2025-03-23 11:08:00,851.91,851.91,851.65,851.65,-0.03,171.35,137543.46,-1
2025-03-23,2025-03-23 11:09:00,851.65,851.65,851.38,851.38,-0.03,171.35,137543.46,-1
2025-03-23,2025-03-23 11:10:00,851.38,851.38,851.12,851.12,-0.03,171.35,137543.46,-1
2025-03-23,2025-03-23 11:11:00,851.12,851.12,850.86,850.86,-0.03,171.35,137543.46,-1
2025-03-23,2025-03-23 11:12:00,850.86,850.86,850.6,850.6,-0.03,171.35,137543.46,-1
2025-03-23,2025-03-23 11:13:00,850.6,850.6,850.34,850.34,-0.03,171.35,137543.46,-1
2025-03-23,2025-03-23 11:14:00,850.34,850.34,850.08,850.08,-0.03,171.35,137543.46,-1
2025-03-23,2025-03-23 11:15:00,850.08,850.08,849.81,849.81,-0.03,171.35,137543.46,-1
2025-03-23,2025-03-23 11:16:00,849.81,849.81,849.55,849.55,-0.03,171.35,137543.46,-1
2025-03-23,2025-03-23 11:17:00,849.55,849.55,849.29,849.29,-0.03,171.35,137543.46,-1
2025-03-23,2025-03-23 11:18:00,849.29,849.29,849.03,849.03,-0.03,171.35,137543.46,-1
2025-03-23,2025-03-23 11:19:00,849.03,849.03,848.77,848.77,-0.03,171.35,137543.46,-1
2025-03-23,2025-03-23 11:20:00,848.77,848.77,848.51,848.51,-0.03,171.35,137543.46,-1
2025-03-23,2025-03-23 11:21:00,848.51,848.51,848.24,848.24,-0.03,171.35,137543.46,-1
2025-03-23,2025-03-23 11:22:00,848.24,848.24,847.98,847.98,-0.03,171.35,137543.46,-1
2025-03-23,2025-03-23 11:23:00,847.98,847.98,847.72,847.72,-0.03,171.35,137543.46,-1
2025-03-23,2025-03-23 11:24:00,847.72,847.72,847.46,847.46,-0.03,171.35,137543.46,-1
2025-03-23,2025-03-23 11:25:00,847.46,847.46,847.2,847.2,-0.03,171.35,137543.46,-1
2025-03-23,2025-03-23 11:26:00,847.2,847.2,846.94,846.94,-0.03,171.35,137543.46,-1
2025-03-23,2025-03-23 11:27:00,846.94,846.94,846.67,846.67,-0.03,171.35,137543.46,-1
2025-03-23,2025-03-23 11:28:00,846.67,846.67,846.41,846.41,-0.03,171.35,137543.46,-1
2025-03-23,2025-03-23 11:29:00,846.41,846.41,846.15,846.15,-0.03,171.35,137543.46,-1
2025-03-23,2025-03-23 11:30:00,846.15,846.15,845.89,845.89,-0.03,171.35,137543.46,-1
2025-03-23,2025-03-23 11:31:00,845.89,845.89,845.63,845.63,-0.03,171.35,137543.46,-1
2025-03-23,2025-03-23 11:32:00,845.63,845.63,845.37,845.37,-0.03,171.35,137543.46,-1
2025-03-23,2025-03-23 11:33:00,845.37,845.37,845.1,845.1,-0.03,171.35,137543.46,-1
2025-03-23,2025-03-23 11:34:00,845.1,845.1,844.84,844.84,-0.03,171.35,137543.46,-1
2025-03-23,2025-03-23 11:35:00,844.84,844.84,844.58,844.58,-0.03,171.35,137543.46,-1
2025-03-23,2025-03-23 11:36:00,844.58,844.58,844.32,844.32,-0.03,171.35,137543.46,-1
2025-03-23,2025-03-23 11:37:00,844.32,844.32,844.06,844.06,-0.03,171.35,137543.46,-1
2025-03-23,2025-03-23 11:38:00,844.06,844.06,843.8,843.8,-0.03,171.35,137543.46,-1
2025-03-23,2025-03-23 11:39:00,843.8,843.8,843.53,843.53,-0.03,171.35,137543.46,-1
2025-03-23,2025-03-23 11:40:00,843.53,843.53,843.27,843.27,-0.03,171.35,137543.46,-1
2025-03-23,2025-03-23 11:41:00,843.27,843.27,843.01,843.01,-0.03,171.35,137543.46,-1
2025-03-23,2025-03-23 11:42:00,843.01,843.01,842.75,842.75,-0.03,171.35,137543.46,-1
2025-03-23,2025-03-23 11:43:00,842.75,842.75,842.49,842.49,-0.03,171.35,137543.46,-1
2025-03-23,2025-03-23 11:44:00,842.49,842.49,842.23,842.23,-0.03,171.35,137543.46,-1
2025-03-23,2025-03-23 11:45:00,842.23,842.23,841.97,841.97,-0.03,171.35,137543.46,-1
2025-03-23,2025-03-23 11:46:00,841.97,841.97,841.7,841.7,-0.03,171.35,137543.46,-1
2025-03-23,2025-03-23 11:47:00,841.7,841.7,841.44,841.44,-0.03,171.35,137543.46,-1
2025-03-23,2025-03-23 11:48:00,841.44,841.44,841.18,841.18,-0.03,171.35,137543.46,-1
2025-03-23,2025-03-23 11:49:00,841.18,841.18,840.92,840.92,-0.03,171.35,137543.46,-1
2025-03-23,2025-03-23 11:50:00,840.92,840.92,840.66,840.66,-0.03,171.35,137543.46,-1
2025-03-23,2025-03-23 11:51:00,840.66,840.66,840.4,840.4,-0.03,171.35,137543.46,-1
2025-03-23,2025-03-23 11:52:00,840.4,840.4,840.13,840.13,-0.03,171.35,137543.46,-1
2025-03-23,2025-03-23 11:53:00,840.13,840.13,839.87,839.87,-0.03,171.35,137543.46,-1
2025-03-23,2025-03-23 11:54:00,839.87,839.87,839.61,839.61,-0.03,171.35,137543.46,-1
2025-03-23,2025-03-23 11:55:00,839.61,839.61,839.35,839.35,-0.03,171.35,137543.46,-1
2025-03-23,2025-03-23 11:56:00,839.35,839.35,839.09,839.09,-0.03,171.35,137543.46,-1
2025-03-23,2025-03-23 11:57:00,839.09,839.09,838.83,838.83,-0.03,171.35,137543.46,-1
2025-03-23,2025-03-23 11:58:00,838.83,838.83,838.56,838.56,-0.03,171.35,137543.46,-1
2025-03-23,2025-03-23 11:59:00,838.56,838.56,838.3,838.3,-0.03,171.35,137543.46,-1
2025-03-23,2025-03-23 12:00:00,838.3,838.3,838.04,838.04,-0.03,171.35,137543.46,-1
2025-03-23,2025-03-23 12:01:00,838.04,838.04,837.78,837.78,-0.03,171.35,137543.46,-1
2025-03-23,2025-03-23 12:02:00,837.78,837.78,837.52,837.52,-0.03,171.35,137543.46,-1
2025-03-23,2025-03-23 12:03:00,837.52,837.52,837.26,837.26,-0.03,171.35,137543.46,-1
2025-03-23,2025-03-23 12:04:00,837.26,837.26,836.99,836.99,-0.03,171.35,137543.46,-1
2025-03-23,2025-03-23 12:05:00,836.99,836.99,836.73,836.73,-0.03,171.35,137543.46,-1
2025-03-23,2025-03-23 12:06:00,836.73,836.73,836.47,836.47,-0.03,171.35,137543.46,-1
2025-03-23,2025-03-23 12:07:00,836.47,836.47,836.21,836.21,-0.03,171.35,137543.46,-1
2025-03-23,2025-03-23 12:08:00,836.21,836.21,835.95,835.95,-0.03,171.35,137543.46,-1
2025-03-23,2025-03-23 12:09:00,835.95,835.95,835.69,835.69,-0.03,171.35,137543.46,-1
2025-03-23,2025-03-23 12:10:00,835.69,835.69,835.42,835.42,-0.03,171.35,137543.46,-1
2025-03-23,2025-03-23 12:11:00,835.42,835.42,835.16,835.16,-0.03,171.35,137543.46,-1
2025-03-23,2025-03-23 12:12:00,835.16,835.16,834.9,834.9,-0.03,171.35,137543.46,-1
2025-03-23,2025-03-23 12:13:00,834.9,834.9,834.64,834.64,-0.03,171.35,137543.46,-1
2025-03-23,2025-03-23 12:14:00,834.64,834.64,834.38,834.38,-0.03,171.35,137543.46,-1
2025-03-23,2025-03-23 12:15:00,834.38,834.38,834.12,834.12,-0.03,171.35,137543.46,-1
2025-03-23,2025-03-23 12:16:00,834.12,834.12,833.85,833.85,-0.03,171.35,137543.46,-1
2025-03-23,2025-03-23 12:17:00,833.85,833.85,833.59,833.59,-0.03,171.35,137543.46,-1
2025-03-23,2025-03-23 12:18:00,833.59,833.59,833.33,833.33,-0.03,171.35,137543.46,-1
2025-03-23,2025-03-23 12:19:00,833.33,833.33,833.07,833.07,-0.03,171.35,137543.46,-1
2025-03-23,2025-03-23 12:20:00,833.07,833.07,832.81,832.81,-0.03,171.35,137543.46,-1
2025-03-23,2025-03-23 12:21:00,832.81,832.81,832.55,832.55,-0.03,171.35,137543.46,-1
2025-03-23,2025-03-23 12:22:00,832.55,832.55,832.29,832.29,-0.03,171.35,137543.46,-1
2025-03-23,2025-03-23 12:23:00,832.29,832.29,832.02,832.02,-0.03,171.35,137543.46,-1
2025-03-23,2025-03-23 12:24:00,832.02,832.02,831.76,831.76,-0.03,171.35,137543.46,-1
2025-03-23,2025-03-23 12:25:00,831.76,831.76,831.5,831.5,-0.03,171.35,137543.46,-1
2025-03-23,2025-03-23 12:26:00,831.5,831.5,831.24,831.24,-0.03,171.35,137543.46,-1
2025-03-23,2025-03-23 12:27:00,831.24,831.24,830.98,830.98,-0.03,171.35,137543.46,-1
2025-03-23,2025-03-23 12:28:00,830.98,830.98,830.72,830.72,-0.03,171.35,137543.46,-1
2025-03-23,2025-03-23 12:29:00,830.72,830.72,830.45,830.45,-0.03,171.35,137543.46,-1
2025-03-23,2025-03-23 12:30:00,830.45,830.45,830.19,830.19,-0.03,171.35,137543.46,-1
2025-03-23,2025-03-23 12:31:00,830.19,830.19,829.93,829.93,-0.03,171.35,137543.46,-1
2025-03-23,2025-03-23 12:32:00,829.93,829.93,829.67,829.67,-0.03,171.35,137543.46,-1
2025-03-23,2025-03-23 12:33:00,829.67,829.67,829.41,829.41,-0.03,171.35,137543.46,-1
2025-03-23,2025-03-23 12:34:00,829.41,829.41,829.15,829.15,-0.03,171.35,137543.46,-1
2025-03-23,2025-03-23 12:35:00,829.15,829.15,828.88,828.88,-0.03,171.35,137543.46,-1
2025-03-23,2025-03-23 12:36:00,828.88,828.88,828.62,828.62,-0.03,171.35,137543.46,-1
2025-03-23,2025-03-23 12:37:00,828.62,828.62,828.36,828.36,-0.03,171.35,137543.46,-1
2025-03-23,2025-03-23 12:38:00,828.36,828.36,828.1,828.1,-0.03,171.35,137543.46,-1
2025-03-23,2025-03-23 12:39:00,828.1,828.1,827.84,827.84,-0.03,171.35,137543.46,-1
2025-03-23,2025-03-23 12:40:00,827.84,827.84,827.58,827.58,-0.03,171.35,137543.46,-1
2025-03-23,2025-03-23 12:41:00,827.58,827.58,827.31,827.31,-0.03,171.35,137543.46,-1
2025-03-23,2025-03-23 12:42:00,827.31,827.31,827.05,827.05,-0.03,171.35,137543.46,-1
2025-03-23,2025-03-23 12:43:00,827.05,827.05,826.79,826.79,-0.03,171.35,137543.46,-1
2025-03-23,2025-03-23 12:44:00,826.79,826.79,826.53,826.53,-0.03,171.35,137543.46,-1
2025-03-23,2025-03-23 12:45:00,826.53,826.53,826.27,826.27,-0.03,171.35,137543.46,-1
2025-03-23,2025-03-23 12:46:00,826.27,826.27,826.01,826.01,-0.03,171.35,137543.46,-1
2025-03-23,2025-03-23 12:47:00,826.01,826.01,825.74,825.74,-0.03,171.35,137543.46,-1
2025-03-23,2025-03-23 12:48:00,825.74,825.74,825.48,825.48,-0.03,171.35,137543.46,-1
2025-03-23,2025-03-23 12:49:00,825.48,825.48,825.22,825.22,-0.03,171.35,137543.46,-1
2025-03-23,2025-03-23 12:50:00,825.22,825.22,824.96,824.96,-0.03,171.35,137543.46,-1
2025-03-23,2025-03-23 12:51:00,824.96,824.96,824.7,824.7,-0.03,171.35,137543.46,-1
2025-03-23,2025-03-23 12:52:00,824.7,824.7,824.44,824.44,-0.03,171.35,137543.46,-1
2025-03-23,2025-03-23 12:53:00,824.44,824.44,824.17,824.17,-0.03,171.35,137543.46,-1
2025-03-23,2025-03-23 12:54:00,824.17,824.17,823.91,823.91,-0.03,171.35,137543.46,-1
2025-03-23,2025-03-23 12:55:00,823.91,823.91,823.65,823.65,-0.03,171.35,137543.46,-1
2025-03-23,2025-03-23 12:56:00,823.65,823.65,823.39,823.39,-0.03,171.35,137543.46,-1
2025-03-23,2025-03-23 12:57:00,823.39,823.39,823.13,823.13,-0.03,171.35,137543.46,-1
2025-03-23,2025-03-23 12:58:00,823.13,823.13,822.87,822.87,-0.03,171.35,137543.46,-1
2025-03-23,2025-03-23 12:59:00,822.87,822.87,822.61,822.61,-0.03,171.35,137543.46,-1
2025-03-23,2025-03-23 13:00:00,822.61,854.0,780.0,822.34,-0.03,171.35,137543.46,-1
2025-03-23,2025-03-23 13:01:00,822.34,822.34,822.08,822.08,-0.03,171.35,137543.46,-1
2025-03-23,2025-03-23 13:02:00,822.08,822.08,821.82,821.82,-0.03,171.35,137543.46,-1
2025-03-23,2025-03-23 13:03:00,821.82,821.82,821.56,821.56,-0.03,171.35,137543.46,-1
2025-03-23,2025-03-23 13:04:00,821.56,821.56,821.3,821.3,-0.03,171.35,137543.46,-1
2025-03-23,2025-03-23 13:05:00,821.3,821.3,821.04,821.04,-0.03,171.35,137543.46,-1
2025-03-23,2025-03-23 13:06:00,821.04,821.04,820.77,820.77,-0.03,171.35,137543.46,-1
2025-03-23,2025-03-23 13:07:00,820.77,820.77,820.51,820.51,-0.03,171.35,137543.46,-1
2025-03-23,2025-03-23 13:08:00,820.51,820.51,820.25,820.25,-0.03,171.35,137543.46,-1
2025-03-23,2025-03-23 13:09:00,820.25,820.25,819.99,819.99,-0.03,171.35,137543.46,-1
2025-03-23,2025-03-23 13:10:00,819.99,819.99,819.73,819.73,-0.03,171.35,137543.46,-1
2025-03-23,2025-03-23 13:11:00,819.73,819.73,819.47,819.47,-0.03,171.35,137543.46,-1
2025-03-23,2025-03-23 13:12:00,819.47,819.47,819.2,819.2,-0.03,171.35,137543.46,-1
2025-03-23,2025-03-23 13:13:00,819.2,819.2,818.94,818.94,-0.03,171.35,137543.46,-1
2025-03-23,2025-03-23 13:14:00,818.94,818.94,818.68,818.68,-0.03,171.35,137543.46,-1
2025-03-23,2025-03-23 13:15:00,818.68,818.68,818.42,818.42,-0.03,171.35,137543.46,-1
2025-03-23,2025-03-23 13:16:00,818.42,818.42,818.16,818.16,-0.03,171.35,137543.46,-1
2025-03-23,2025-03-23 13:17:00,818.16,818.16,817.9,817.9,-0.03,171.35,137543.46,-1
2025-03-23,2025-03-23 13:18:00,817.9,817.9,817.63,817.63,-0.03,171.35,137543.46,-1
2025-03-23,2025-03-23 13:19:00,817.63,817.63,817.37,817.37,-0.03,171.35,137543.46,-1
2025-03-23,2025-03-23 13:20:00,817.37,817.37,817.11,817.11,-0.03,171.35,137543.46,-1
2025-03-23,2025-03-23 13:21:00,817.11,817.11,816.85,816.85,-0.03,171.35,137543.46,-1
2025-03-23,2025-03-23 13:22:00,816.85,816.85,816.59,816.59,-0.03,171.35,137543.46,-1
2025-03-23,2025-03-23 13:23:00,816.59,816.59,816.33,816.33,-0.03,171.35,137543.46,-1
2025-03-23,2025-03-23 13:24:00,816.33,816.33,816.06,816.06,-0.03,171.35,137543.46,-1
2025-03-23,2025-03-23 13:25:00,816.06,816.06,815.8,815.8,-0.03,171.35,137543.46,-1
2025-03-23,2025-03-23 13:26:00,815.8,815.8,815.54,815.54,-0.03,171.35,137543.46,-1
2025-03-23,2025-03-23 13:27:00,815.54,815.54,815.28,815.28,-0.03,171.35,137543.46,-1
2025-03-23,2025-03-23 13:28:00,815.28,815.28,815.02,815.02,-0.03,171.35,137543.46,-1
2025-03-23,2025-03-23 13:29:00,815.02,815.02,814.76,814.76,-0.03,171.35,137543.46,-1
2025-03-23,2025-03-23 13:30:00,814.76,814.76,814.49,814.49,-0.03,171.35,137543.46,-1
2025-03-23,2025-03-23 13:31:00,814.49,814.49,814.23,814.23,-0.03,171.35,137543.46,-1
2025-03-23,2025-03-23 13:32:00,814.23,814.23,813.97,813.97,-0.03,171.35,137543.46,-1
2025-03-23,2025-03-23 13:33:00,813.97,813.97,813.71,813.71,-0.03,171.35,137543.46,-1
2025-03-23,2025-03-23 13:34:00,813.71,813.71,813.45,813.45,-0.03,171.35,137543.46,-1
2025-03-23,2025-03-23 13:35:00,813.45,813.45,813.19,813.19,-0.03,171.35,137543.46,-1
2025-03-23,2025-03-23 13:36:00,813.19,813.19,812.92,812.92,-0.03,171.35,137543.46,-1
2025-03-23,2025-03-23 13:37:00,812.92,812.92,812.66,812.66,-0.03,171.35,137543.46,-1
2025-03-23,2025-03-23 13:38:00,812.66,812.66,812.4,812.4,-0.03,171.35,137543.46,-1
2025-03-23,2025-03-23 13:39:00,812.4,812.4,812.14,812.14,-0.03,171.35,137543.46,-1
2025-03-23,2025-03-23 13:40:00,812.14,812.14,811.88,811.88,-0.03,171.35,137543.46,-1
2025-03-23,2025-03-23 13:41:00,811.88,811.88,811.62,811.62,-0.03,171.35,137543.46,-1
2025-03-23,2025-03-23 13:42:00,811.62,811.62,811.36,811.36,-0.03,171.35,137543.46,-1
2025-03-23,2025-03-23 13:43:00,811.36,811.36,811.09,811.09,-0.03,171.35,137543.46,-1
2025-03-23,2025-03-23 13:44:00,811.09,811.09,810.83,810.83,-0.03,171.35,137543.46,-1
2025-03-23,2025-03-23 13:45:00,810.83,810.83,810.57,810.57,-0.03,171.35,137543.46,-1
2025-03-23,2025-03-23 13:46:00,810.57,810.57,810.31,810.31,-0.03,171.35,137543.46,-1
2025-03-23,2025-03-23 13:47:00,810.31,810.31,810.05,810.05,-0.03,171.35,137543.46,-1
2025-03-23,2025-03-23 13:48:00,810.05,810.05,809.79,809.79,-0.03,171.35,137543.46,-1
2025-03-23,2025-03-23 13:49:00,809.79,809.79,809.52,809.52,-0.03,171.35,137543.46,-1
2025-03-23,2025-03-23 13:50:00,809.52,809.52,809.26,809.26,-0.03,171.35,137543.46,-1
2025-03-23,2025-03-23 13:51:00,809.26,809.26,809.0,809.0,-0.03,171.35,137543.46,-1
2025-03-23,2025-03-23 13:52:00,809.0,809.0,808.74,808.74,-0.03,171.35,137543.46,-1
2025-03-23,2025-03-23 13:53:00,808.74,808.74,808.48,808.48,-0.03,171.35,137543.46,-1
2025-03-23,2025-03-23 13:54:00,808.48,808.48,808.22,808.22,-0.03,171.35,137543.46,-1
2025-03-23,2025-03-23 13:55:00,808.22,808.22,807.95,807.95,-0.03,171.35,137543.46,-1
2025-03-23,2025-03-23 13:56:00,807.95,807.95,807.69,807.69,-0.03,171.35,137543.46,-1
2025-03-23,2025-03-23 13:57:00,807.69,807.69,807.43,807.43,-0.03,171.35,137543.46,-1
2025-03-23,2025-03-23 13:58:00,807.43,807.43,807.17,807.17,-0.03,171.35,137543.46,-1
2025-03-23,2025-03-23 13:59:00,807.17,807.17,806.91,806.91,-0.03,171.35,137543.46,-1
2025-03-23,2025-03-23 14:00:00,806.91,806.91,806.65,806.65,-0.03,171.35,137543.46,-1
2025-03-23,2025-03-23 14:01:00,806.65,806.65,806.38,806.38,-0.03,171.35,137543.46,-1
2025-03-23,2025-03-23 14:02:00,806.38,806.38,806.12,806.12,-0.03,171.35,137543.46,-1
2025-03-23,2025-03-23 14:03:00,806.12,806.12,805.86,805.86,-0.03,171.35,137543.46,-1
2025-03-23,2025-03-23 14:04:00,805.86,805.86,805.6,805.6,-0.03,171.35,137543.46,-1
2025-03-23,2025-03-23 14:05:00,805.6,805.6,805.34,805.34,-0.03,171.35,137543.46,-1
2025-03-23,2025-03-23 14:06:00,805.34,805.34,805.08,805.08,-0.03,171.35,137543.46,-1
2025-03-23,2025-03-23 14:07:00,805.08,805.08,804.81,804.81,-0.03,171.35,137543.46,-1
2025-03-23,2025-03-23 14:08:00,804.81,804.81,804.55,804.55,-0.03,171.35,137543.46,-1
2025-03-23,2025-03-23 14:09:00,804.55,804.55,804.29,804.29,-0.03,171.35,137543.46,-1
2025-03-23,2025-03-23 14:10:00,804.29,804.29,804.03,804.03,-0.03,171.35,137543.46,-1
2025-03-23,2025-03-23 14:11:00,804.03,804.03,803.77,803.77,-0.03,171.35,137543.46,-1
2025-03-23,2025-03-23 14:12:00,803.77,803.77,803.51,803.51,-0.03,171.35,137543.46,-1
2025-03-23,2025-03-23 14:13:00,803.51,803.51,803.24,803.24,-0.03,171.35,137543.46,-1
2025-03-23,2025-03-23 14:14:00,803.24,803.24,802.98,802.98,-0.03,171.35,137543.46,-1
2025-03-23,2025-03-23 14:15:00,802.98,802.98,802.72,802.72,-0.03,171.35,137543.46,-1
2025-03-23,2025-03-23 14:16:00,802.72,802.72,802.46,802.46,-0.03,171.35,137543.46,-1
2025-03-23,2025-03-23 14:17:00,802.46,802.46,802.2,802.2,-0.03,171.35,137543.46,-1
2025-03-23,2025-03-23 14:18:00,802.2,802.2,801.94,801.94,-0.03,171.35,137543.46,-1
2025-03-23,2025-03-23 14:19:00,801.94,801.94,801.68,801.68,-0.03,171.35,137543.46,-1
2025-03-23,2025-03-23 14:20:00,801.68,801.68,801.41,801.41,-0.03,171.35,137543.46,-1
2025-03-23,2025-03-23 14:21:00,801.41,801.41,801.15,801.15,-0.03,171.35,137543.46,-1
2025-03-23,2025-03-23 14:22:00,801.15,801.15,800.89,800.89,-0.03,171.35,137543.46,-1
2025-03-23,2025-03-23 14:23:00,800.89,800.89,800.63,800.63,-0.03,171.35,137543.46,-1
2025-03-23,2025-03-23 14:24:00,800.63,800.63,800.37,800.37,-0.03,171.35,137543.46,-1
2025-03-23,2025-03-23 14:25:00,800.37,800.37,800.11,800.11,-0.03,171.35,137543.46,-1
2025-03-23,2025-03-23 14:26:00,800.11,800.11,799.84,799.84,-0.03,171.35,137543.46,-1
2025-03-23,2025-03-23 14:27:00,799.84,799.84,799.58,799.58,-0.03,171.35,137543.46,-1
2025-03-23,2025-03-23 14:28:00,799.58,799.58,799.32,799.32,-0.03,171.35,137543.46,-1
2025-03-23,2025-03-23 14:29:00,799.32,799.32,799.06,799.06,-0.03,171.35,137543.46,-1
2025-03-23,2025-03-23 14:30:00,799.06,799.06,798.8,798.8,-0.03,171.35,137543.46,-1
2025-03-23,2025-03-23 14:31:00,798.8,798.8,798.54,798.54,-0.03,171.35,137543.46,-1
2025-03-23,2025-03-23 14:32:00,798.54,798.54,798.27,798.27,-0.03,171.35,137543.46,-1
2025-03-23,2025-03-23 14:33:00,798.27,798.27,798.01,798.01,-0.03,171.35,137543.46,-1
2025-03-23,2025-03-23 14:34:00,798.01,798.01,797.75,797.75,-0.03,171.35,137543.46,-1
2025-03-23,2025-03-23 14:35:00,797.75,797.75,797.49,797.49,-0.03,171.35,137543.46,-1
2025-03-23,2025-03-23 14:36:00,797.49,797.49,797.23,797.23,-0.03,171.35,137543.46,-1
2025-03-23,2025-03-23 14:37:00,797.23,797.23,796.97,796.97,-0.03,171.35,137543.46,-1
2025-03-23,2025-03-23 14:38:00,796.97,796.97,796.7,796.7,-0.03,171.35,137543.46,-1
2025-03-23,2025-03-23 14:39:00,796.7,796.7,796.44,796.44,-0.03,171.35,137543.46,-1
2025-03-23,2025-03-23 14:40:00,796.44,796.44,796.18,796.18,-0.03,171.35,137543.46,-1
2025-03-23,2025-03-23 14:41:00,796.18,796.18,795.92,795.92,-0.03,171.35,137543.46,-1
2025-03-23,2025-03-23 14:42:00,795.92,795.92,795.66,795.66,-0.03,171.35,137543.46,-1
2025-03-23,2025-03-23 14:43:00,795.66,795.66,795.4,795.4,-0.03,171.35,137543.46,-1
2025-03-23,2025-03-23 14:44:00,795.4,795.4,795.13,795.13,-0.03,171.35,137543.46,-1
2025-03-23,2025-03-23 14:45:00,795.13,795.13,794.87,794.87,-0.03,171.35,137543.46,-1
2025-03-23,2025-03-23 14:46:00,794.87,794.87,794.61,794.61,-0.03,171.35,137543.46,-1
2025-03-23,2025-03-23 14:47:00,794.61,794.61,794.35,794.35,-0.03,171.35,137543.46,-1
2025-03-23,2025-03-23 14:48:00,794.35,794.35,794.09,794.09,-0.03,171.35,137543.46,-1
2025-03-23,2025-03-23 14:49:00,794.09,794.09,793.83,793.83,-0.03,171.35,137543.46,-1
2025-03-23,2025-03-23 14:50:00,793.83,793.83,793.56,793.56,-0.03,171.35,137543.46,-1
2025-03-23,2025-03-23 14:51:00,793.56,793.56,793.3,793.3,-0.03,171.35,137543.46,-1
2025-03-23,2025-03-23 14:52:00,793.3,793.3,793.04,793.04,-0.03,171.35,137543.46,-1
2025-03-23,2025-03-23 14:53:00,793.04,793.04,792.78,792.78,-0.03,171.35,137543.46,-1
2025-03-23,2025-03-23 14:54:00,792.78,792.78,792.52,792.52,-0.03,171.35,137543.46,-1
2025-03-23,2025-03-23 14:55:00,792.52,792.52,792.26,792.26,-0.03,171.35,137543.46,-1
2025-03-23,2025-03-23 14:56:00,792.26,792.26,791.99,791.99,-0.03,171.35,137543.46,-1
2025-03-23,2025-03-23 14:57:00,791.99,791.99,791.73,791.73,-0.03,171.35,137543.46,-1
2025-03-23,2025-03-23 14:58:00,791.73,791.73,791.47,791.47,-0.03,171.35,137543.46,-1
2025-03-23,2025-03-23 14:59:00,791.47,791.47,791.21,791.21,-0.03,171.35,137543.46,-1
2025-03-23,2025-03-23 15:00:00,791.21,854.0,780.0,791.21,0.0,171.35,137543.46,0
2025-03-24,2025-03-24 11:00:00,800.0,804.5,795.2,800.02,0.0,72.58,58234.77,1
2025-03-24,2025-03-24 11:01:00,800.02,800.04,800.02,800.04,0.0,72.58,58234.77,1
2025-03-24,2025-03-24 11:02:00,800.04,800.06,800.04,800.06,0.0,72.58,58234.77,1
2025-03-24,2025-03-24 11:03:00,800.06,800.09,800.06,800.09,0.0,72.58,58234.77,1
2025-03-24,2025-03-24 11:04:00,800.09,800.11,800.09,800.11,0.0,72.58,58234.77,1
2025-03-24,2025-03-24 11:05:00,800.11,800.13,800.11,800.13,0.0,72.58,58234.77,1
2025-03-24,2025-03-24 11:06:00,800.13,800.15,800.13,800.15,0.0,72.58,58234.77,1
2025-03-24,2025-03-24 11:07:00,800.15,800.17,800.15,800.17,0.0,72.58,58234.77,1
2025-03-24,2025-03-24 11:08:00,800.17,800.19,800.17,800.19,0.0,72.58,58234.77,1
2025-03-24,2025-03-24 11:09:00,800.19,800.21,800.19,800.21,0.0,72.58,58234.77,1
2025-03-24,2025-03-24 11:10:00,800.21,800.24,800.21,800.24,0.0,72.58,58234.77,1
2025-03-24,2025-03-24 11:11:00,800.24,800.26,800.24,800.26,0.0,72.58,58234.77,1
2025-03-24,2025-03-24 11:12:00,800.26,800.28,800.26,800.28,0.0,72.58,58234.77,1
2025-03-24,2025-03-24 11:13:00,800.28,800.3,800.28,800.3,0.0,72.58,58234.77,1
2025-03-24,2025-03-24 11:14:00,800.3,800.32,800.3,800.32,0.0,72.58,58234.77,1
2025-03-24,2025-03-24 11:15:00,800.32,800.34,800.32,800.34,0.0,72.58,58234.77,1
2025-03-24,2025-03-24 11:16:00,800.34,800.36,800.34,800.36,0.0,72.58,58234.77,1
2025-03-24,2025-03-24 11:17:00,800.36,800.38,800.36,800.38,0.0,72.58,58234.77,1
2025-03-24,2025-03-24 11:18:00,800.38,800.41,800.38,800.41,0.0,72.58,58234.77,1
2025-03-24,2025-03-24 11:19:00,800.41,800.43,800.41,800.43,0.0,72.58,58234.77,1
2025-03-24,2025-03-24 11:20:00,800.43,800.45,800.43,800.45,0.0,72.58,58234.77,1
2025-03-24,2025-03-24 11:21:00,800.45,800.47,800.45,800.47,0.0,72.58,58234.77,1
2025-03-24,2025-03-24 11:22:00,800.47,800.49,800.47,800.49,0.0,72.58,58234.77,1
2025-03-24,2025-03-24 11:23:00,800.49,800.51,800.49,800.51,0.0,72.58,58234.77,1
2025-03-24,2025-03-24 11:24:00,800.51,800.53,800.51,800.53,0.0,72.58,58234.77,1
2025-03-24,2025-03-24 11:25:00,800.53,800.56,800.53,800.56,0.0,72.58,58234.77,1
2025-03-24,2025-03-24 11:26:00,800.56,800.58,800.56,800.58,0.0,72.58,58234.77,1
2025-03-24,2025-03-24 11:27:00,800.58,800.6,800.58,800.6,0.0,72.58,58234.77,1
2025-03-24,2025-03-24 11:28:00,800.6,800.62,800.6,800.62,0.0,72.58,58234.77,1
2025-03-24,2025-03-24 11:29:00,800.62,800.64,800.62,800.64,0.0,72.58,58234.77,1
2025-03-24,2025-03-24 11:30:00,800.64,800.66,800.64,800.66,0.0,72.58,58234.77,1
2025-03-24,2025-03-24 11:31:00,800.66,800.68,800.66,800.68,0.0,72.58,58234.77,1
2025-03-24,2025-03-24 11:32:00,800.68,800.71,800.68,800.71,0.0,72.58,58234.77,1
2025-03-24,2025-03-24 11:33:00,800.71,800.73,800.71,800.73,0.0,72.58,58234.77,1
2025-03-24,2025-03-24 11:34:00,800.73,800.75,800.73,800.75,0.0,72.58,58234.77,1
2025-03-24,2025-03-24 11:35:00,800.75,800.77,800.75,800.77,0.0,72.58,58234.77,1
2025-03-24,2025-03-24 11:36:00,800.77,800.79,800.77,800.79,0.0,72.58,58234.77,1
2025-03-24,2025-03-24 11:37:00,800.79,800.81,800.79,800.81,0.0,72.58,58234.77,1
2025-03-24,2025-03-24 11:38:00,800.81,800.83,800.81,800.83,0.0,72.58,58234.77,1
2025-03-24,2025-03-24 11:39:00,800.83,800.86,800.83,800.86,0.0,72.58,58234.77,1
2025-03-24,2025-03-24 11:40:00,800.86,800.88,800.86,800.88,0.0,72.58,58234.77,1
2025-03-24,2025-03-24 11:41:00,800.88,800.9,800.88,800.9,0.0,72.58,58234.77,1
2025-03-24,2025-03-24 11:42:00,800.9,800.92,800.9,800.92,0.0,72.58,58234.77,1
2025-03-24,2025-03-24 11:43:00,800.92,800.94,800.92,800.94,0.0,72.58,58234.77,1
2025-03-24,2025-03-24 11:44:00,800.94,800.96,800.94,800.96,0.0,72.58,58234.77,1
2025-03-24,2025-03-24 11:45:00,800.96,800.98,800.96,800.98,0.0,72.58,58234.77,1
2025-03-24,2025-03-24 11:46:00,800.98,801.0,800.98,801.0,0.0,72.58,58234.77,1
2025-03-24,2025-03-24 11:47:00,801.0,801.03,801.0,801.03,0.0,72.58,58234.77,1
2025-03-24,2025-03-24 11:48:00,801.03,801.05,801.03,801.05,0.0,72.58,58234.77,1
2025-03-24,2025-03-24 11:49:00,801.05,801.07,801.05,801.07,0.0,72.58,58234.77,1
2025-03-24,2025-03-24 11:50:00,801.07,801.09,801.07,801.09,0.0,72.58,58234.77,1
2025-03-24,2025-03-24 11:51:00,801.09,801.11,801.09,801.11,0.0,72.58,58234.77,1
2025-03-24,2025-03-24 11:52:00,801.11,801.13,801.11,801.13,0.0,72.58,58234.77,1
2025-03-24,2025-03-24 11:53:00,801.13,801.15,801.13,801.15,0.0,72.58,58234.77,1
2025-03-24,2025-03-24 11:54:00,801.15,801.18,801.15,801.18,0.0,72.58,58234.77,1
2025-03-24,2025-03-24 11:55:00,801.18,801.2,801.18,801.2,0.0,72.58,58234.77,1
2025-03-24,2025-03-24 11:56:00,801.2,801.22,801.2,801.22,0.0,72.58,58234.77,1
2025-03-24,2025-03-24 11:57:00,801.22,801.24,801.22,801.24,0.0,72.58,58234.77,1
2025-03-24,2025-03-24 11:58:00,801.24,801.26,801.24,801.26,0.0,72.58,58234.77,1
2025-03-24,2025-03-24 11:59:00,801.26,801.28,801.26,801.28,0.0,72.58,58234.77,1
2025-03-24,2025-03-24 12:00:00,801.28,801.3,801.28,801.3,0.0,72.58,58234.77,1
2025-03-24,2025-03-24 12:01:00,801.3,801.33,801.3,801.33,0.0,72.58,58234.77,1
2025-03-24,2025-03-24 12:02:00,801.33,801.35,801.33,801.35,0.0,72.58,58234.77,1
2025-03-24,2025-03-24 12:03:00,801.35,801.37,801.35,801.37,0.0,72.58,58234.77,1
2025-03-24,2025-03-24 12:04:00,801.37,801.39,801.37,801.39,0.0,72.58,58234.77,1
2025-03-24,2025-03-24 12:05:00,801.39,801.41,801.39,801.41,0.0,72.58,58234.77,1
2025-03-24,2025-03-24 12:06:00,801.41,801.43,801.41,801.43,0.0,72.58,58234.77,1
2025-03-24,2025-03-24 12:07:00,801.43,801.45,801.43,801.45,0.0,72.58,58234.77,1
2025-03-24,2025-03-24 12:08:00,801.45,801.47,801.45,801.47,0.0,72.58,58234.77,1
2025-03-24,2025-03-24 12:09:00,801.47,801.5,801.47,801.5,0.0,72.58,58234.77,1
2025-03-24,2025-03-24 12:10:00,801.5,801.52,801.5,801.52,0.0,72.58,58234.77,1
2025-03-24,2025-03-24 12:11:00,801.52,801.54,801.52,801.54,0.0,72.58,58234.77,1
2025-03-24,2025-03-24 12:12:00,801.54,801.56,801.54,801.56,0.0,72.58,58234.77,1
2025-03-24,2025-03-24 12:13:00,801.56,801.58,801.56,801.58,0.0,72.58,58234.77,1
2025-03-24,2025-03-24 12:14:00,801.58,801.6,801.58,801.6,0.0,72.58,58234.77,1
2025-03-24,2025-03-24 12:15:00,801.6,801.62,801.6,801.62,0.0,72.58,58234.77,1
2025-03-24,2025-03-24 12:16:00,801.62,801.65,801.62,801.65,0.0,72.58,58234.77,1
2025-03-24,2025-03-24 12:17:00,801.65,801.67,801.65,801.67,0.0,72.58,58234.77,1
2025-03-24,2025-03-24 12:18:00,801.67,801.69,801.67,801.69,0.0,72.58,58234.77,1
2025-03-24,2025-03-24 12:19:00,801.69,801.71,801.69,801.71,0.0,72.58,58234.77,1
2025-03-24,2025-03-24 12:20:00,801.71,801.73,801.71,801.73,0.0,72.58,58234.77,1
2025-03-24,2025-03-24 12:21:00,801.73,801.75,801.73,801.75,0.0,72.58,58234.77,1
2025-03-24,2025-03-24 12:22:00,801.75,801.77,801.75,801.77,0.0,72.58,58234.77,1
2025-03-24,2025-03-24 12:23:00,801.77,801.8,801.77,801.8,0.0,72.58,58234.77,1
2025-03-24,2025-03-24 12:24:00,801.8,801.82,801.8,801.82,0.0,72.58,58234.77,1
2025-03-24,2025-03-24 12:25:00,801.82,801.84,801.82,801.84,0.0,72.58,58234.77,1
2025-03-24,2025-03-24 12:26:00,801.84,801.86,801.84,801.86,0.0,72.58,58234.77,1
2025-03-24,2025-03-24 12:27:00,801.86,801.88,801.86,801.88,0.0,72.58,58234.77,1
2025-03-24,2025-03-24 12:28:00,801.88,801.9,801.88,801.9,0.0,72.58,58234.77,1
2025-03-24,2025-03-24 12:29:00,801.9,801.92,801.9,801.92,0.0,72.58,58234.77,1
2025-03-24,2025-03-24 12:30:00,801.92,801.95,801.92,801.95,0.0,72.58,58234.77,1
2025-03-24,2025-03-24 12:31:00,801.95,801.97,801.95,801.97,0.0,72.58,58234.77,1
2025-03-24,2025-03-24 12:32:00,801.97,801.99,801.97,801.99,0.0,72.58,58234.77,1
2025-03-24,2025-03-24 12:33:00,801.99,802.01,801.99,802.01,0.0,72.58,58234.77,1
2025-03-24,2025-03-24 12:34:00,802.01,802.03,802.01,802.03,0.0,72.58,58234.77,1
2025-03-24,2025-03-24 12:35:00,802.03,802.05,802.03,802.05,0.0,72.58,58234.77,1
2025-03-24,2025-03-24 12:36:00,802.05,802.07,802.05,802.07,0.0,72.58,58234.77,1
2025-03-24,2025-03-24 12:37:00,802.07,802.09,802.07,802.09,0.0,72.58,58234.77,1
2025-03-24,2025-03-24 12:38:00,802.09,802.12,802.09,802.12,0.0,72.58,58234.77,1
2025-03-24,2025-03-24 12:39:00,802.12,802.14,802.12,802.14,0.0,72.58,58234.77,1
2025-03-24,2025-03-24 12:40:00,802.14,802.16,802.14,802.16,0.0,72.58,58234.77,1
2025-03-24,2025-03-24 12:41:00,802.16,802.18,802.16,802.18,0.0,72.58,58234.77,1
2025-03-24,2025-03-24 12:42:00,802.18,802.2,802.18,802.2,0.0,72.58,58234.77,1
2025-03-24,2025-03-24 12:43:00,802.2,802.22,802.2,802.22,0.0,72.58,58234.77,1
2025-03-24,2025-03-24 12:44:00,802.22,802.24,802.22,802.24,0.0,72.58,58234.77,1
2025-03-24,2025-03-24 12:45:00,802.24,802.27,802.24,802.27,0.0,72.58,58234.77,1
2025-03-24,2025-03-24 12:46:00,802.27,802.29,802.27,802.29,0.0,72.58,58234.77,1
2025-03-24,2025-03-24 12:47:00,802.29,802.31,802.29,802.31,0.0,72.58,58234.77,1
2025-03-24,2025-03-24 12:48:00,802.31,802.33,802.31,802.33,0.0,72.58,58234.77,1
2025-03-24,2025-03-24 12:49:00,802.33,802.35,802.33,802.35,0.0,72.58,58234.77,1
2025-03-24,2025-03-24 12:50:00,802.35,802.37,802.35,802.37,0.0,72.58,58234.77,1
2025-03-24,2025-03-24 12:51:00,802.37,802.39,802.37,802.39,0.0,72.58,58234.77,1
2025-03-24,2025-03-24 12:52:00,802.39,802.42,802.39,802.42,0.0,72.58,58234.77,1
2025-03-24,2025-03-24 12:53:00,802.42,802.44,802.42,802.44,0.0,72.58,58234.77,1
2025-03-24,2025-03-24 12:54:00,802.44,802.46,802.44,802.46,0.0,72.58,58234.77,1
2025-03-24,2025-03-24 12:55:00,802.46,802.48,802.46,802.48,0.0,72.58,58234.77,1
2025-03-24,2025-03-24 12:56:00,802.48,802.5,802.48,802.5,0.0,72.58,58234.77,1
2025-03-24,2025-03-24 12:57:00,802.5,802.52,802.5,802.52,0.0,72.58,58234.77,1
2025-03-24,2025-03-24 12:58:00,802.52,802.54,802.52,802.54,0.0,72.58,58234.77,1
2025-03-24,2025-03-24 12:59:00,802.54,802.57,802.54,802.57,0.0,72.58,58234.77,1
2025-03-24,2025-03-24 13:00:00,802.57,815.0,784.0,802.59,0.0,72.58,58234.77,1
2025-03-24,2025-03-24 13:01:00,802.59,802.61,802.59,802.61,0.0,72.58,58234.77,1
2025-03-24,2025-03-24 13:02:00,802.61,802.63,802.61,802.63,0.0,72.58,58234.77,1
2025-03-24,2025-03-24 13:03:00,802.63,802.65,802.63,802.65,0.0,72.58,58234.77,1
2025-03-24,2025-03-24 13:04:00,802.65,802.67,802.65,802.67,0.0,72.58,58234.77,1
2025-03-24,2025-03-24 13:05:00,802.67,802.69,802.67,802.69,0.0,72.58,58234.77,1
2025-03-24,2025-03-24 13:06:00,802.69,802.71,802.69,802.71,0.0,72.58,58234.77,1
2025-03-24,2025-03-24 13:07:00,802.71,802.74,802.71,802.74,0.0,72.58,58234.77,1
2025-03-24,2025-03-24 13:08:00,802.74,802.76,802.74,802.76,0.0,72.58,58234.77,1
2025-03-24,2025-03-24 13:09:00,802.76,802.78,802.76,802.78,0.0,72.58,58234.77,1
2025-03-24,2025-03-24 13:10:00,802.78,802.8,802.78,802.8,0.0,72.58,58234.77,1
2025-03-24,2025-03-24 13:11:00,802.8,802.82,802.8,802.82,0.0,72.58,58234.77,1
2025-03-24,2025-03-24 13:12:00,802.82,802.84,802.82,802.84,0.0,72.58,58234.77,1
2025-03-24,2025-03-24 13:13:00,802.84,802.86,802.84,802.86,0.0,72.58,58234.77,1
2025-03-24,2025-03-24 13:14:00,802.86,802.89,802.86,802.89,0.0,72.58,58234.77,1
2025-03-24,2025-03-24 13:15:00,802.89,802.91,802.89,802.91,0.0,72.58,58234.77,1
2025-03-24,2025-03-24 13:16:00,802.91,802.93,802.91,802.93,0.0,72.58,58234.77,1
2025-03-24,2025-03-24 13:17:00,802.93,802.95,802.93,802.95,0.0,72.58,58234.77,1
2025-03-24,2025-03-24 13:18:00,802.95,802.97,802.95,802.97,0.0,72.58,58234.77,1
2025-03-24,2025-03-24 13:19:00,802.97,802.99,802.97,802.99,0.0,72.58,58234.77,1
2025-03-24,2025-03-24 13:20:00,802.99,803.01,802.99,803.01,0.0,72.58,58234.77,1
2025-03-24,2025-03-24 13:21:00,803.01,803.04,803.01,803.04,0.0,72.58,58234.77,1
2025-03-24,2025-03-24 13:22:00,803.04,803.06,803.04,803.06,0.0,72.58,58234.77,1
2025-03-24,2025-03-24 13:23:00,803.06,803.08,803.06,803.08,0.0,72.58,58234.77,1
2025-03-24,2025-03-24 13:24:00,803.08,803.1,803.08,803.1,0.0,72.58,58234.77,1
2025-03-24,2025-03-24 13:25:00,803.1,803.12,803.1,803.12,0.0,72.58,58234.77,1
2025-03-24,2025-03-24 13:26:00,803.12,803.14,803.12,803.14,0.0,72.58,58234.77,1
2025-03-24,2025-03-24 13:27:00,803.14,803.16,803.14,803.16,0.0,72.58,58234.77,1
2025-03-24,2025-03-24 13:28:00,803.16,803.18,803.16,803.18,0.0,72.58,58234.77,1
2025-03-24,2025-03-24 13:29:00,803.18,803.21,803.18,803.21,0.0,72.58,58234.77,1
2025-03-24,2025-03-24 13:30:00,803.21,803.23,803.21,803.23,0.0,72.58,58234.77,1
2025-03-24,2025-03-24 13:31:00,803.23,803.25,803.23,803.25,0.0,72.58,58234.77,1
2025-03-24,2025-03-24 13:32:00,803.25,803.27,803.25,803.27,0.0,72.58,58234.77,1
2025-03-24,2025-03-24 13:33:00,803.27,803.29,803.27,803.29,0.0,72.58,58234.77,1
2025-03-24,2025-03-24 13:34:00,803.29,803.31,803.29,803.31,0.0,72.58,58234.77,1
2025-03-24,2025-03-24 13:35:00,803.31,803.33,803.31,803.33,0.0,72.58,58234.77,1
2025-03-24,2025-03-24 13:36:00,803.33,803.36,803.33,803.36,0.0,72.58,58234.77,1
2025-03-24,2025-03-24 13:37:00,803.36,803.38,803.36,803.38,0.0,72.58,58234.77,1
2025-03-24,2025-03-24 13:38:00,803.38,803.4,803.38,803.4,0.0,72.58,58234.77,1
2025-03-24,2025-03-24 13:39:00,803.4,803.42,803.4,803.42,0.0,72.58,58234.77,1
2025-03-24,2025-03-24 13:40:00,803.42,803.44,803.42,803.44,0.0,72.58,58234.77,1
2025-03-24,2025-03-24 13:41:00,803.44,803.46,803.44,803.46,0.0,72.58,58234.77,1
2025-03-24,2025-03-24 13:42:00,803.46,803.48,803.46,803.48,0.0,72.58,58234.77,1
2025-03-24,2025-03-24 13:43:00,803.48,803.51,803.48,803.51,0.0,72.58,58234.77,1
2025-03-24,2025-03-24 13:44:00,803.51,803.53,803.51,803.53,0.0,72.58,58234.77,1
2025-03-24,2025-03-24 13:45:00,803.53,803.55,803.53,803.55,0.0,72.58,58234.77,1
2025-03-24,2025-03-24 13:46:00,803.55,803.57,803.55,803.57,0.0,72.58,58234.77,1
2025-03-24,2025-03-24 13:47:00,803.57,803.59,803.57,803.59,0.0,72.58,58234.77,1
2025-03-24,2025-03-24 13:48:00,803.59,803.61,803.59,803.61,0.0,72.58,58234.77,1
2025-03-24,2025-03-24 13:49:00,803.61,803.63,803.61,803.63,0.0,72.58,58234.77,1
2025-03-24,2025-03-24 13:50:00,803.63,803.66,803.63,803.66,0.0,72.58,58234.77,1
2025-03-24,2025-03-24 13:51:00,803.66,803.68,803.66,803.68,0.0,72.58,58234.77,1
2025-03-24,2025-03-24 13:52:00,803.68,803.7,803.68,803.7,0.0,72.58,58234.77,1
2025-03-24,2025-03-24 13:53:00,803.7,803.72,803.7,803.72,0.0,72.58,58234.77,1
2025-03-24,2025-03-24 13:54:00,803.72,803.74,803.72,803.74,0.0,72.58,58234.77,1
2025-03-24,2025-03-24 13:55:00,803.74,803.76,803.74,803.76,0.0,72.58,58234.77,1
2025-03-24,2025-03-24 13:56:00,803.76,803.78,803.76,803.78,0.0,72.58,58234.77,1
2025-03-24,2025-03-24 13:57:00,803.78,803.8,803.78,803.8,0.0,72.58,58234.77,1
2025-03-24,2025-03-24 13:58:00,803.8,803.83,803.8,803.83,0.0,72.58,58234.77,1
2025-03-24,2025-03-24 13:59:00,803.83,803.85,803.83,803.85,0.0,72.58,58234.77,1
2025-03-24,2025-03-24 14:00:00,803.85,803.87,803.85,803.87,0.0,72.58,58234.77,1
2025-03-24,2025-03-24 14:01:00,803.87,803.89,803.87,803.89,0.0,72.58,58234.77,1
2025-03-24,2025-03-24 14:02:00,803.89,803.91,803.89,803.91,0.0,72.58,58234.77,1
2025-03-24,2025-03-24 14:03:00,803.91,803.93,803.91,803.93,0.0,72.58,58234.77,1
2025-03-24,2025-03-24 14:04:00,803.93,803.95,803.93,803.95,0.0,72.58,58234.77,1
2025-03-24,2025-03-24 14:05:00,803.95,803.98,803.95,803.98,0.0,72.58,58234.77,1
2025-03-24,2025-03-24 14:06:00,803.98,804.0,803.98,804.0,0.0,72.58,58234.77,1
2025-03-24,2025-03-24 14:07:00,804.0,804.02,804.0,804.02,0.0,72.58,58234.77,1
2025-03-24,2025-03-24 14:08:00,804.02,804.04,804.02,804.04,0.0,72.58,58234.77,1
2025-03-24,2025-03-24 14:09:00,804.04,804.06,804.04,804.06,0.0,72.58,58234.77,1
2025-03-24,2025-03-24 14:10:00,804.06,804.08,804.06,804.08,0.0,72.58,58234.77,1
2025-03-24,2025-03-24 14:11:00,804.08,804.1,804.08,804.1,0.0,72.58,58234.77,1
2025-03-24,2025-03-24 14:12:00,804.1,804.13,804.1,804.13,0.0,72.58,58234.77,1
2025-03-24,2025-03-24 14:13:00,804.13,804.15,804.13,804.15,0.0,72.58,58234.77,1
2025-03-24,2025-03-24 14:14:00,804.15,804.17,804.15,804.17,0.0,72.58,58234.77,1
2025-03-24,2025-03-24 14:15:00,804.17,804.19,804.17,804.19,0.0,72.58,58234.77,1
2025-03-24,2025-03-24 14:16:00,804.19,804.21,804.19,804.21,0.0,72.58,58234.77,1
2025-03-24,2025-03-24 14:17:00,804.21,804.23,804.21,804.23,0.0,72.58,58234.77,1
2025-03-24,2025-03-24 14:18:00,804.23,804.25,804.23,804.25,0.0,72.58,58234.77,1
2025-03-24,2025-03-24 14:19:00,804.25,804.27,804.25,804.27,0.0,72.58,58234.77,1
2025-03-24,2025-03-24 14:20:00,804.27,804.3,804.27,804.3,0.0,72.58,58234.77,1
2025-03-24,2025-03-24 14:21:00,804.3,804.32,804.3,804.32,0.0,72.58,58234.77,1
2025-03-24,2025-03-24 14:22:00,804.32,804.34,804.32,804.34,0.0,72.58,58234.77,1
2025-03-24,2025-03-24 14:23:00,804.34,804.36,804.34,804.36,0.0,72.58,58234.77,1
2025-03-24,2025-03-24 14:24:00,804.36,804.38,804.36,804.38,0.0,72.58,58234.77,1
2025-03-24,2025-03-24 14:25:00,804.38,804.4,804.38,804.4,0.0,72.58,58234.77,1
2025-03-24,2025-03-24 14:26:00,804.4,804.42,804.4,804.42,0.0,72.58,58234.77,1
2025-03-24,2025-03-24 14:27:00,804.42,804.45,804.42,804.45,0.0,72.58,58234.77,1
2025-03-24,2025-03-24 14:28:00,804.45,804.47,804.45,804.47,0.0,72.58,58234.77,1
2025-03-24,2025-03-24 14:29:00,804.47,804.49,804.47,804.49,0.0,72.58,58234.77,1
2025-03-24,2025-03-24 14:30:00,804.49,804.51,804.49,804.51,0.0,72.58,58234.77,1
2025-03-24,2025-03-24 14:31:00,804.51,804.53,804.51,804.53,0.0,72.58,58234.77,1
2025-03-24,2025-03-24 14:32:00,804.53,804.55,804.53,804.55,0.0,72.58,58234.77,1
2025-03-24,2025-03-24 14:33:00,804.55,804.57,804.55,804.57,0.0,72.58,58234.77,1
2025-03-24,2025-03-24 14:34:00,804.57,804.6,804.57,804.6,0.0,72.58,58234.77,1
2025-03-24,2025-03-24 14:35:00,804.6,804.62,804.6,804.62,0.0,72.58,58234.77,1
2025-03-24,2025-03-24 14:36:00,804.62,804.64,804.62,804.64,0.0,72.58,58234.77,1
2025-03-24,2025-03-24 14:37:00,804.64,804.66,804.64,804.66,0.0,72.58,58234.77,1
2025-03-24,2025-03-24 14:38:00,804.66,804.68,804.66,804.68,0.0,72.58,58234.77,1
2025-03-24,2025-03-24 14:39:00,804.68,804.7,804.68,804.7,0.0,72.58,58234.77,1
2025-03-24,2025-03-24 14:40:00,804.7,804.72,804.7,804.72,0.0,72.58,58234.77,1
2025-03-24,2025-03-24 14:41:00,804.72,804.75,804.72,804.75,0.0,72.58,58234.77,1
2025-03-24,2025-03-24 14:42:00,804.75,804.77,804.75,804.77,0.0,72.58,58234.77,1
2025-03-24,2025-03-24 14:43:00,804.77,804.79,804.77,804.79,0.0,72.58,58234.77,1
2025-03-24,2025-03-24 14:44:00,804.79,804.81,804.79,804.81,0.0,72.58,58234.77,1
2025-03-24,2025-03-24 14:45:00,804.81,804.83,804.81,804.83,0.0,72.58,58234.77,1
2025-03-24,2025-03-24 14:46:00,804.83,804.85,804.83,804.85,0.0,72.58,58234.77,1
2025-03-24,2025-03-24 14:47:00,804.85,804.87,804.85,804.87,0.0,72.58,58234.77,1
2025-03-24,2025-03-24 14:48:00,804.87,804.89,804.87,804.89,0.0,72.58,58234.77,1
2025-03-24,2025-03-24 14:49:00,804.89,804.92,804.89,804.92,0.0,72.58,58234.77,1
2025-03-24,2025-03-24 14:50:00,804.92,804.94,804.92,804.94,0.0,72.58,58234.77,1
2025-03-24,2025-03-24 14:51:00,804.94,804.96,804.94,804.96,0.0,72.58,58234.77,1
2025-03-24,2025-03-24 14:52:00,804.96,804.98,804.96,804.98,0.0,72.58,58234.77,1
2025-03-24,2025-03-24 14:53:00,804.98,805.0,804.98,805.0,0.0,72.58,58234.77,1
2025-03-24,2025-03-24 14:54:00,805.0,805.02,805.0,805.02,0.0,72.58,58234.77,1
2025-03-24,2025-03-24 14:55:00,805.02,805.04,805.02,805.04,0.0,72.58,58234.77,1
2025-03-24,2025-03-24 14:56:00,805.04,805.07,805.04,805.07,0.0,72.58,58234.77,1
2025-03-24,2025-03-24 14:57:00,805.07,805.09,805.07,805.09,0.0,72.58,58234.77,1
2025-03-24,2025-03-24 14:58:00,805.09,805.11,805.09,805.11,0.0,72.58,58234.77,1
2025-03-24,2025-03-24 14:59:00,805.11,805.13,805.11,805.13,0.0,72.58,58234.77,1
2025-03-24,2025-03-24 15:00:00,805.13,815.0,784.0,805.13,0.0,72.58,58234.77,0
2025-03-25,2025-03-25 11:00:00,790.0,790.9,782.2,789.91,-0.01,84.62,65784.36,-1
2025-03-25,2025-03-25 11:01:00,789.91,789.91,789.82,789.82,-0.01,84.62,65784.36,-1
2025-03-25,2025-03-25 11:02:00,789.82,789.82,789.73,789.73,-0.01,84.62,65784.36,-1
2025-03-25,2025-03-25 11:03:00,789.73,789.73,789.64,789.64,-0.01,84.62,65784.36,-1
2025-03-25,2025-03-25 11:04:00,789.64,789.64,789.56,789.56,-0.01,84.62,65784.36,-1
2025-03-25,2025-03-25 11:05:00,789.56,789.56,789.47,789.47,-0.01,84.62,65784.36,-1
2025-03-25,2025-03-25 11:06:00,789.47,789.47,789.38,789.38,-0.01,84.62,65784.36,-1
2025-03-25,2025-03-25 11:07:00,789.38,789.38,789.29,789.29,-0.01,84.62,65784.36,-1
2025-03-25,2025-03-25 11:08:00,789.29,789.29,789.2,789.2,-0.01,84.62,65784.36,-1
2025-03-25,2025-03-25 11:09:00,789.2,789.2,789.11,789.11,-0.01,84.62,65784.36,-1
2025-03-25,2025-03-25 11:10:00,789.11,789.11,789.02,789.02,-0.01,84.62,65784.36,-1
2025-03-25,2025-03-25 11:11:00,789.02,789.02,788.93,788.93,-0.01,84.62,65784.36,-1
2025-03-25,2025-03-25 11:12:00,788.93,788.93,788.85,788.85,-0.01,84.62,65784.36,-1
2025-03-25,2025-03-25 11:13:00,788.85,788.85,788.76,788.76,-0.01,84.62,65784.36,-1
2025-03-25,2025-03-25 11:14:00,788.76,788.76,788.67,788.67,-0.01,84.62,65784.36,-1
2025-03-25,2025-03-25 11:15:00,788.67,788.67,788.58,788.58,-0.01,84.62,65784.36,-1
2025-03-25,2025-03-25 11:16:00,788.58,788.58,788.49,788.49,-0.01,84.62,65784.36,-1
2025-03-25,2025-03-25 11:17:00,788.49,788.49,788.4,788.4,-0.01,84.62,65784.36,-1
2025-03-25,2025-03-25 11:18:00,788.4,788.4,788.31,788.31,-0.01,84.62,65784.36,-1
2025-03-25,2025-03-25 11:19:00,788.31,788.31,788.22,788.22,-0.01,84.62,65784.36,-1
2025-03-25,2025-03-25 11:20:00,788.22,788.22,788.13,788.13,-0.01,84.62,65784.36,-1
2025-03-25,2025-03-25 11:21:00,788.13,788.13,788.05,788.05,-0.01,84.62,65784.36,-1
2025-03-25,2025-03-25 11:22:00,788.05,788.05,787.96,787.96,-0.01,84.62,65784.36,-1
2025-03-25,2025-03-25 11:23:00,787.96,787.96,787.87,787.87,-0.01,84.62,65784.36,-1
2025-03-25,2025-03-25 11:24:00,787.87,787.87,787.78,787.78,-0.01,84.62,65784.36,-1
2025-03-25,2025-03-25 11:25:00,787.78,787.78,787.69,787.69,-0.01,84.62,65784.36,-1
2025-03-25,2025-03-25 11:26:00,787.69,787.69,787.6,787.6,-0.01,84.62,65784.36,-1
2025-03-25,2025-03-25 11:27:00,787.6,787.6,787.51,787.51,-0.01,84.62,65784.36,-1
2025-03-25,2025-03-25 11:28:00,787.51,787.51,787.42,787.42,-0.01,84.62,65784.36,-1
2025-03-25,2025-03-25 11:29:00,787.42,787.42,787.34,787.34,-0.01,84.62,65784.36,-1
2025-03-25,2025-03-25 11:30:00,787.34,787.34,787.25,787.25,-0.01,84.62,65784.36,-1
2025-03-25,2025-03-25 11:31:00,787.25,787.25,787.16,787.16,-0.01,84.62,65784.36,-1
2025-03-25,2025-03-25 11:32:00,787.16,787.16,787.07,787.07,-0.01,84.62,65784.36,-1
2025-03-25,2025-03-25 11:33:00,787.07,787.07,786.98,786.98,-0.01,84.62,65784.36,-1
2025-03-25,2025-03-25 11:34:00,786.98,786.98,786.89,786.89,-0.01,84.62,65784.36,-1
2025-03-25,2025-03-25 11:35:00,786.89,786.89,786.8,786.8,-0.01,84.62,65784.36,-1
2025-03-25,2025-03-25 11:36:00,786.8,786.8,786.71,786.71,-0.01,84.62,65784.36,-1
2025-03-25,2025-03-25 11:37:00,786.71,786.71,786.62,786.62,-0.01,84.62,65784.36,-1
2025-03-25,2025-03-25 11:38:00,786.62,786.62,786.54,786.54,-0.01,84.62,65784.36,-1
2025-03-25,2025-03-25 11:39:00,786.54,786.54,786.45,786.45,-0.01,84.62,65784.36,-1
2025-03-25,2025-03-25 11:40:00,786.45,786.45,786.36,786.36,-0.01,84.62,65784.36,-1
2025-03-25,2025-03-25 11:41:00,786.36,786.36,786.27,786.27,-0.01,84.62,65784.36,-1
2025-03-25,2025-03-25 11:42:00,786.27,786.27,786.18,786.18,-0.01,84.62,65784.36,-1
2025-03-25,2025-03-25 11:43:00,786.18,786.18,786.09,786.09,-0.01,84.62,65784.36,-1
2025-03-25,2025-03-25 11:44:00,786.09,786.09,786.0,786.0,-0.01,84.62,65784.36,-1
2025-03-25,2025-03-25 11:45:00,786.0,786.0,785.91,785.91,-0.01,84.62,65784.36,-1
2025-03-25,2025-03-25 11:46:00,785.91,785.91,785.82,785.82,-0.01,84.62,65784.36,-1
2025-03-25,2025-03-25 11:47:00,785.82,785.82,785.74,785.74,-0.01,84.62,65784.36,-1
2025-03-25,2025-03-25 11:48:00,785.74,785.74,785.65,785.65,-0.01,84.62,65784.36,-1
2025-03-25,2025-03-25 11:49:00,785.65,785.65,785.56,785.56,-0.01,84.62,65784.36,-1
2025-03-25,2025-03-25 11:50:00,785.56,785.56,785.47,785.47,-0.01,84.62,65784.36,-1
2025-03-25,2025-03-25 11:51:00,785.47,785.47,785.38,785.38,-0.01,84.62,65784.36,-1
2025-03-25,2025-03-25 11:52:00,785.38,785.38,785.29,785.29,-0.01,84.62,65784.36,-1
2025-03-25,2025-03-25 11:53:00,785.29,785.29,785.2,785.2,-0.01,84.62,65784.36,-1
2025-03-25,2025-03-25 11:54:00,785.2,785.2,785.11,785.11,-0.01,84.62,65784.36,-1
2025-03-25,2025-03-25 11:55:00,785.11,785.11,785.03,785.03,-0.01,84.62,65784.36,-1
2025-03-25,2025-03-25 11:56:00,785.03,785.03,784.94,784.94,-0.01,84.62,65784.36,-1
2025-03-25,2025-03-25 11:57:00,784.94,784.94,784.85,784.85,-0.01,84.62,65784.36,-1
2025-03-25,2025-03-25 11:58:00,784.85,784.85,784.76,784.76,-0.01,84.62,65784.36,-1
2025-03-25,2025-03-25 11:59:00,784.76,784.76,784.67,784.67,-0.01,84.62,65784.36,-1
2025-03-25,2025-03-25 12:00:00,784.67,784.67,784.58,784.58,-0.01,84.62,65784.36,-1
2025-03-25,2025-03-25 12:01:00,784.58,784.58,784.49,784.49,-0.01,84.62,65784.36,-1
2025-03-25,2025-03-25 12:02:00,784.49,784.49,784.4,784.4,-0.01,84.62,65784.36,-1
2025-03-25,2025-03-25 12:03:00,784.4,784.4,784.31,784.31,-0.01,84.62,65784.36,-1
2025-03-25,2025-03-25 12:04:00,784.31,784.31,784.23,784.23,-0.01,84.62,65784.36,-1
2025-03-25,2025-03-25 12:05:00,784.23,784.23,784.14,784.14,-0.01,84.62,65784.36,-1
2025-03-25,2025-03-25 12:06:00,784.14,784.14,784.05,784.05,-0.01,84.62,65784.36,-1
2025-03-25,2025-03-25 12:07:00,784.05,784.05,783.96,783.96,-0.01,84.62,65784.36,-1
2025-03-25,2025-03-25 12:08:00,783.96,783.96,783.87,783.87,-0.01,84.62,65784.36,-1
2025-03-25,2025-03-25 12:09:00,783.87,783.87,783.78,783.78,-0.01,84.62,65784.36,-1
2025-03-25,2025-03-25 12:10:00,783.78,783.78,783.69,783.69,-0.01,84.62,65784.36,-1
2025-03-25,2025-03-25 12:11:00,783.69,783.69,783.6,783.6,-0.01,84.62,65784.36,-1
2025-03-25,2025-03-25 12:12:00,783.6,783.6,783.52,783.52,-0.01,84.62,65784.36,-1
2025-03-25,2025-03-25 12:13:00,783.52,783.52,783.43,783.43,-0.01,84.62,65784.36,-1
2025-03-25,2025-03-25 12:14:00,783.43,783.43,783.34,783.34,-0.01,84.62,65784.36,-1
2025-03-25,2025-03-25 12:15:00,783.34,783.34,783.25,783.25,-0.01,84.62,65784.36,-1
2025-03-25,2025-03-25 12:16:00,783.25,783.25,783.16,783.16,-0.01,84.62,65784.36,-1
2025-03-25,2025-03-25 12:17:00,783.16,783.16,783.07,783.07,-0.01,84.62,65784.36,-1
2025-03-25,2025-03-25 12:18:00,783.07,783.07,782.98,782.98,-0.01,84.62,65784.36,-1
2025-03-25,2025-03-25 12:19:00,782.98,782.98,782.89,782.89,-0.01,84.62,65784.36,-1
2025-03-25,2025-03-25 12:20:00,782.89,782.89,782.8,782.8,-0.01,84.62,65784.36,-1
2025-03-25,2025-03-25 12:21:00,782.8,782.8,782.72,782.72,-0.01,84.62,65784.36,-1
2025-03-25,2025-03-25 12:22:00,782.72,782.72,782.63,782.63,-0.01,84.62,65784.36,-1
2025-03-25,2025-03-25 12:23:00,782.63,782.63,782.54,782.54,-0.01,84.62,65784.36,-1
2025-03-25,2025-03-25 12:24:00,782.54,782.54,782.45,782.45,-0.01,84.62,65784.36,-1
2025-03-25,2025-03-25 12:25:00,782.45,782.45,782.36,782.36,-0.01,84.62,65784.36,-1
2025-03-25,2025-03-25 12:26:00,782.36,782.36,782.27,782.27,-0.01,84.62,65784.36,-1
2025-03-25,2025-03-25 12:27:00,782.27,782.27,782.18,782.18,-0.01,84.62,65784.36,-1
2025-03-25,2025-03-25 12:28:00,782.18,782.18,782.09,782.09,-0.01,84.62,65784.36,-1
2025-03-25,2025-03-25 12:29:00,782.09,782.09,782.0,782.0,-0.01,84.62,65784.36,-1
2025-03-25,2025-03-25 12:30:00,782.0,782.0,781.92,781.92,-0.01,84.62,65784.36,-1
2025-03-25,2025-03-25 12:31:00,781.92,781.92,781.83,781.83,-0.01,84.62,65784.36,-1
2025-03-25,2025-03-25 12:32:00,781.83,781.83,781.74,781.74,-0.01,84.62,65784.36,-1
2025-03-25,2025-03-25 12:33:00,781.74,781.74,781.65,781.65,-0.01,84.62,65784.36,-1
2025-03-25,2025-03-25 12:34:00,781.65,781.65,781.56,781.56,-0.01,84.62,65784.36,-1
2025-03-25,2025-03-25 12:35:00,781.56,781.56,781.47,781.47,-0.01,84.62,65784.36,-1
2025-03-25,2025-03-25 12:36:00,781.47,781.47,781.38,781.38,-0.01,84.62,65784.36,-1
2025-03-25,2025-03-25 12:37:00,781.38,781.38,781.29,781.29,-0.01,84.62,65784.36,-1
2025-03-25,2025-03-25 12:38:00,781.29,781.29,781.21,781.21,-0.01,84.62,65784.36,-1
2025-03-25,2025-03-25 12:39:00,781.21,781.21,781.12,781.12,-0.01,84.62,65784.36,-1
2025-03-25,2025-03-25 12:40:00,781.12,781.12,781.03,781.03,-0.01,84.62,65784.36,-1
2025-03-25,2025-03-25 12:41:00,781.03,781.03,780.94,780.94,-0.01,84.62,65784.36,-1
2025-03-25,2025-03-25 12:42:00,780.94,780.94,780.85,780.85,-0.01,84.62,65784.36,-1
2025-03-25,2025-03-25 12:43:00,780.85,780.85,780.76,780.76,-0.01,84.62,65784.36,-1
2025-03-25,2025-03-25 12:44:00,780.76,780.76,780.67,780.67,-0.01,84.62,65784.36,-1
2025-03-25,2025-03-25 12:45:00,780.67,780.67,780.58,780.58,-0.01,84.62,65784.36,-1
2025-03-25,2025-03-25 12:46:00,780.58,780.58,780.49,780.49,-0.01,84.62,65784.36,-1
2025-03-25,2025-03-25 12:47:00,780.49,780.49,780.41,780.41,-0.01,84.62,65784.36,-1
2025-03-25,2025-03-25 12:48:00,780.41,780.41,780.32,780.32,-0.01,84.62,65784.36,-1
2025-03-25,2025-03-25 12:49:00,780.32,780.32,780.23,780.23,-0.01,84.62,65784.36,-1
2025-03-25,2025-03-25 12:50:00,780.23,780.23,780.14,780.14,-0.01,84.62,65784.36,-1
2025-03-25,2025-03-25 12:51:00,780.14,780.14,780.05,780.05,-0.01,84.62,65784.36,-1
2025-03-25,2025-03-25 12:52:00,780.05,780.05,779.96,779.96,-0.01,84.62,65784.36,-1
2025-03-25,2025-03-25 12:53:00,779.96,779.96,779.87,779.87,-0.01,84.62,65784.36,-1
2025-03-25,2025-03-25 12:54:00,779.87,779.87,779.78,779.78,-0.01,84.62,65784.36,-1
2025-03-25,2025-03-25 12:55:00,779.78,779.78,779.7,779.7,-0.01,84.62,65784.36,-1
2025-03-25,2025-03-25 12:56:00,779.7,779.7,779.61,779.61,-0.01,84.62,65784.36,-1
2025-03-25,2025-03-25 12:57:00,779.61,779.61,779.52,779.52,-0.01,84.62,65784.36,-1
2025-03-25,2025-03-25 12:58:00,779.52,779.52,779.43,779.43,-0.01,84.62,65784.36,-1
2025-03-25,2025-03-25 12:59:00,779.43,779.43,779.34,779.34,-0.01,84.62,65784.36,-1
2025-03-25,2025-03-25 13:00:00,779.34,793.0,764.0,779.25,-0.01,84.62,65784.36,-1
2025-03-25,2025-03-25 13:01:00,779.25,779.25,779.16,779.16,-0.01,84.62,65784.36,-1
2025-03-25,2025-03-25 13:02:00,779.16,779.16,779.07,779.07,-0.01,84.62,65784.36,-1
2025-03-25,2025-03-25 13:03:00,779.07,779.07,778.98,778.98,-0.01,84.62,65784.36,-1
2025-03-25,2025-03-25 13:04:00,778.98,778.98,778.9,778.9,-0.01,84.62,65784.36,-1
2025-03-25,2025-03-25 13:05:00,778.9,778.9,778.81,778.81,-0.01,84.62,65784.36,-1
2025-03-25,2025-03-25 13:06:00,778.81,778.81,778.72,778.72,-0.01,84.62,65784.36,-1
2025-03-25,2025-03-25 13:07:00,778.72,778.72,778.63,778.63,-0.01,84.62,65784.36,-1
2025-03-25,2025-03-25 13:08:00,778.63,778.63,778.54,778.54,-0.01,84.62,65784.36,-1
2025-03-25,2025-03-25 13:09:00,778.54,778.54,778.45,778.45,-0.01,84.62,65784.36,-1
2025-03-25,2025-03-25 13:10:00,778.45,778.45,778.36,778.36,-0.01,84.62,65784.36,-1
2025-03-25,2025-03-25 13:11:00,778.36,778.36,778.27,778.27,-0.01,84.62,65784.36,-1
2025-03-25,2025-03-25 13:12:00,778.27,778.27,778.19,778.19,-0.01,84.62,65784.36,-1
2025-03-25,2025-03-25 13:13:00,778.19,778.19,778.1,778.1,-0.01,84.62,65784.36,-1
2025-03-25,2025-03-25 13:14:00,778.1,778.1,778.01,778.01,-0.01,84.62,65784.36,-1
2025-03-25,2025-03-25 13:15:00,778.01,778.01,777.92,777.92,-0.01,84.62,65784.36,-1
2025-03-25,2025-03-25 13:16:00,777.92,777.92,777.83,777.83,-0.01,84.62,65784.36,-1
2025-03-25,2025-03-25 13:17:00,777.83,777.83,777.74,777.74,-0.01,84.62,65784.36,-1
2025-03-25,2025-03-25 13:18:00,777.74,777.74,777.65,777.65,-0.01,84.62,65784.36,-1
2025-03-25,2025-03-25 13:19:00,777.65,777.65,777.56,777.56,-0.01,84.62,65784.36,-1
2025-03-25,2025-03-25 13:20:00,777.56,777.56,777.47,777.47,-0.01,84.62,65784.36,-1
2025-03-25,2025-03-25 13:21:00,777.47,777.47,777.39,777.39,-0.01,84.62,65784.36,-1
2025-03-25,2025-03-25 13:22:00,777.39,777.39,777.3,777.3,-0.01,84.62,65784.36,-1
2025-03-25,2025-03-25 13:23:00,777.3,777.3,777.21,777.21,-0.01,84.62,65784.36,-1
2025-03-25,2025-03-25 13:24:00,777.21,777.21,777.12,777.12,-0.01,84.62,65784.36,-1
2025-03-25,2025-03-25 13:25:00,777.12,777.12,777.03,777.03,-0.01,84.62,65784.36,-1
2025-03-25,2025-03-25 13:26:00,777.03,777.03,776.94,776.94,-0.01,84.62,65784.36,-1
2025-03-25,2025-03-25 13:27:00,776.94,776.94,776.85,776.85,-0.01,84.62,65784.36,-1
2025-03-25,2025-03-25 13:28:00,776.85,776.85,776.76,776.76,-0.01,84.62,65784.36,-1
2025-03-25,2025-03-25 13:29:00,776.76,776.76,776.67,776.67,-0.01,84.62,65784.36,-1
2025-03-25,2025-03-25 13:30:00,776.67,776.67,776.59,776.59,-0.01,84.62,65784.36,-1
2025-03-25,2025-03-25 13:31:00,776.59,776.59,776.5,776.5,-0.01,84.62,65784.36,-1
2025-03-25,2025-03-25 13:32:00,776.5,776.5,776.41,776.41,-0.01,84.62,65784.36,-1
2025-03-25,2025-03-25 13:33:00,776.41,776.41,776.32,776.32,-0.01,84.62,65784.36,-1
2025-03-25,2025-03-25 13:34:00,776.32,776.32,776.23,776.23,-0.01,84.62,65784.36,-1
2025-03-25,2025-03-25 13:35:00,776.23,776.23,776.14,776.14,-0.01,84.62,65784.36,-1
2025-03-25,2025-03-25 13:36:00,776.14,776.14,776.05,776.05,-0.01,84.62,65784.36,-1
2025-03-25,2025-03-25 13:37:00,776.05,776.05,775.96,775.96,-0.01,84.62,65784.36,-1
2025-03-25,2025-03-25 13:38:00,775.96,775.96,775.88,775.88,-0.01,84.62,65784.36,-1
2025-03-25,2025-03-25 13:39:00,775.88,775.88,775.79,775.79,-0.01,84.62,65784.36,-1
2025-03-25,2025-03-25 13:40:00,775.79,775.79,775.7,775.7,-0.01,84.62,65784.36,-1
2025-03-25,2025-03-25 13:41:00,775.7,775.7,775.61,775.61,-0.01,84.62,65784.36,-1
2025-03-25,2025-03-25 13:42:00,775.61,775.61,775.52,775.52,-0.01,84.62,65784.36,-1
2025-03-25,2025-03-25 13:43:00,775.52,775.52,775.43,775.43,-0.01,84.62,65784.36,-1
2025-03-25,2025-03-25 13:44:00,775.43,775.43,775.34,775.34,-0.01,84.62,65784.36,-1
2025-03-25,2025-03-25 13:45:00,775.34,775.34,775.25,775.25,-0.01,84.62,65784.36,-1
2025-03-25,2025-03-25 13:46:00,775.25,775.25,775.16,775.16,-0.01,84.62,65784.36,-1
2025-03-25,2025-03-25 13:47:00,775.16,775.16,775.08,775.08,-0.01,84.62,65784.36,-1
2025-03-25,2025-03-25 13:48:00,775.08,775.08,774.99,774.99,-0.01,84.62,65784.36,-1
2025-03-25,2025-03-25 13:49:00,774.99,774.99,774.9,774.9,-0.01,84.62,65784.36,-1
2025-03-25,2025-03-25 13:50:00,774.9,774.9,774.81,774.81,-0.01,84.62,65784.36,-1
2025-03-25,2025-03-25 13:51:00,774.81,774.81,774.72,774.72,-0.01,84.62,65784.36,-1
2025-03-25,2025-03-25 13:52:00,774.72,774.72,774.63,774.63,-0.01,84.62,65784.36,-1
2025-03-25,2025-03-25 13:53:00,774.63,774.63,774.54,774.54,-0.01,84.62,65784.36,-1
2025-03-25,2025-03-25 13:54:00,774.54,774.54,774.45,774.45,-0.01,84.62,65784.36,-1
2025-03-25,2025-03-25 13:55:00,774.45,774.45,774.37,774.37,-0.01,84.62,65784.36,-1
2025-03-25,2025-03-25 13:56:00,774.37,774.37,774.28,774.28,-0.01,84.62,65784.36,-1
2025-03-25,2025-03-25 13:57:00,774.28,774.28,774.19,774.19,-0.01,84.62,65784.36,-1
2025-03-25,2025-03-25 13:58:00,774.19,774.19,774.1,774.1,-0.01,84.62,65784.36,-1
2025-03-25,2025-03-25 13:59:00,774.1,774.1,774.01,774.01,-0.01,84.62,65784.36,-1
2025-03-25,2025-03-25 14:00:00,774.01,774.01,773.92,773.92,-0.01,84.62,65784.36,-1
2025-03-25,2025-03-25 14:01:00,773.92,773.92,773.83,773.83,-0.01,84.62,65784.36,-1
2025-03-25,2025-03-25 14:02:00,773.83,773.83,773.74,773.74,-0.01,84.62,65784.36,-1
2025-03-25,2025-03-25 14:03:00,773.74,773.74,773.65,773.65,-0.01,84.62,65784.36,-1
2025-03-25,2025-03-25 14:04:00,773.65,773.65,773.57,773.57,-0.01,84.62,65784.36,-1
2025-03-25,2025-03-25 14:05:00,773.57,773.57,773.48,773.48,-0.01,84.62,65784.36,-1
2025-03-25,2025-03-25 14:06:00,773.48,773.48,773.39,773.39,-0.01,84.62,65784.36,-1
2025-03-25,2025-03-25 14:07:00,773.39,773.39,773.3,773.3,-0.01,84.62,65784.36,-1
2025-03-25,2025-03-25 14:08:00,773.3,773.3,773.21,773.21,-0.01,84.62,65784.36,-1
2025-03-25,2025-03-25 14:09:00,773.21,773.21,773.12,773.12,-0.01,84.62,65784.36,-1
2025-03-25,2025-03-25 14:10:00,773.12,773.12,773.03,773.03,-0.01,84.62,65784.36,-1
2025-03-25,2025-03-25 14:11:00,773.03,773.03,772.94,772.94,-0.01,84.62,65784.36,-1
2025-03-25,2025-03-25 14:12:00,772.94,772.94,772.86,772.86,-0.01,84.62,65784.36,-1
2025-03-25,2025-03-25 14:13:00,772.86,772.86,772.77,772.77,-0.01,84.62,65784.36,-1
2025-03-25,2025-03-25 14:14:00,772.77,772.77,772.68,772.68,-0.01,84.62,65784.36,-1
2025-03-25,2025-03-25 14:15:00,772.68,772.68,772.59,772.59,-0.01,84.62,65784.36,-1
2025-03-25,2025-03-25 14:16:00,772.59,772.59,772.5,772.5,-0.01,84.62,65784.36,-1
2025-03-25,2025-03-25 14:17:00,772.5,772.5,772.41,772.41,-0.01,84.62,65784.36,-1
2025-03-25,2025-03-25 14:18:00,772.41,772.41,772.32,772.32,-0.01,84.62,65784.36,-1
2025-03-25,2025-03-25 14:19:00,772.32,772.32,772.23,772.23,-0.01,84.62,65784.36,-1
2025-03-25,2025-03-25 14:20:00,772.23,772.23,772.14,772.14,-0.01,84.62,65784.36,-1
2025-03-25,2025-03-25 14:21:00,772.14,772.14,772.06,772.06,-0.01,84.62,65784.36,-1
2025-03-25,2025-03-25 14:22:00,772.06,772.06,771.97,771.97,-0.01,84.62,65784.36,-1
2025-03-25,2025-03-25 14:23:00,771.97,771.97,771.88,771.88,-0.01,84.62,65784.36,-1
2025-03-25,2025-03-25 14:24:00,771.88,771.88,771.79,771.79,-0.01,84.62,65784.36,-1
2025-03-25,2025-03-25 14:25:00,771.79,771.79,771.7,771.7,-0.01,84.62,65784.36,-1
2025-03-25,2025-03-25 14:26:00,771.7,771.7,771.61,771.61,-0.01,84.62,65784.36,-1
2025-03-25,2025-03-25 14:27:00,771.61,771.61,771.52,771.52,-0.01,84.62,65784.36,-1
2025-03-25,2025-03-25 14:28:00,771.52,771.52,771.43,771.43,-0.01,84.62,65784.36,-1
2025-03-25,2025-03-25 14:29:00,771.43,771.43,771.34,771.34,-0.01,84.62,65784.36,-1
2025-03-25,2025-03-25 14:30:00,771.34,771.34,771.26,771.26,-0.01,84.62,65784.36,-1
2025-03-25,2025-03-25 14:31:00,771.26,771.26,771.17,771.17,-0.01,84.62,65784.36,-1
2025-03-25,2025-03-25 14:32:00,771.17,771.17,771.08,771.08,-0.01,84.62,65784.36,-1
2025-03-25,2025-03-25 14:33:00,771.08,771.08,770.99,770.99,-0.01,84.62,65784.36,-1
2025-03-25,2025-03-25 14:34:00,770.99,770.99,770.9,770.9,-0.01,84.62,65784.36,-1
2025-03-25,2025-03-25 14:35:00,770.9,770.9,770.81,770.81,-0.01,84.62,65784.36,-1
2025-03-25,2025-03-25 14:36:00,770.81,770.81,770.72,770.72,-0.01,84.62,65784.36,-1
2025-03-25,2025-03-25 14:37:00,770.72,770.72,770.63,770.63,-0.01,84.62,65784.36,-1
2025-03-25,2025-03-25 14:38:00,770.63,770.63,770.55,770.55,-0.01,84.62,65784.36,-1
2025-03-25,2025-03-25 14:39:00,770.55,770.55,770.46,770.46,-0.01,84.62,65784.36,-1
2025-03-25,2025-03-25 14:40:00,770.46,770.46,770.37,770.37,-0.01,84.62,65784.36,-1
2025-03-25,2025-03-25 14:41:00,770.37,770.37,770.28,770.28,-0.01,84.62,65784.36,-1
2025-03-25,2025-03-25 14:42:00,770.28,770.28,770.19,770.19,-0.01,84.62,65784.36,-1
2025-03-25,2025-03-25 14:43:00,770.19,770.19,770.1,770.1,-0.01,84.62,65784.36,-1
2025-03-25,2025-03-25 14:44:00,770.1,770.1,770.01,770.01,-0.01,84.62,65784.36,-1
2025-03-25,2025-03-25 14:45:00,770.01,770.01,769.92,769.92,-0.01,84.62,65784.36,-1
2025-03-25,2025-03-25 14:46:00,769.92,769.92,769.83,769.83,-0.01,84.62,65784.36,-1
2025-03-25,2025-03-25 14:47:00,769.83,769.83,769.75,769.75,-0.01,84.62,65784.36,-1
2025-03-25,2025-03-25 14:48:00,769.75,769.75,769.66,769.66,-0.01,84.62,65784.36,-1
2025-03-25,2025-03-25 14:49:00,769.66,769.66,769.57,769.57,-0.01,84.62,65784.36,-1
2025-03-25,2025-03-25 14:50:00,769.57,769.57,769.48,769.48,-0.01,84.62,65784.36,-1
2025-03-25,2025-03-25 14:51:00,769.48,769.48,769.39,769.39,-0.01,84.62,65784.36,-1
2025-03-25,2025-03-25 14:52:00,769.39,769.39,769.3,769.3,-0.01,84.62,65784.36,-1
2025-03-25,2025-03-25 14:53:00,769.3,769.3,769.21,769.21,-0.01,84.62,65784.36,-1
2025-03-25,2025-03-25 14:54:00,769.21,769.21,769.12,769.12,-0.01,84.62,65784.36,-1
2025-03-25,2025-03-25 14:55:00,769.12,769.12,769.04,769.04,-0.01,84.62,65784.36,-1
2025-03-25,2025-03-25 14:56:00,769.04,769.04,768.95,768.95,-0.01,84.62,65784.36,-1
2025-03-25,2025-03-25 14:57:00,768.95,768.95,768.86,768.86,-0.01,84.62,65784.36,-1
2025-03-25,2025-03-25 14:58:00,768.86,768.86,768.77,768.77,-0.01,84.62,65784.36,-1
2025-03-25,2025-03-25 14:59:00,768.77,768.77,768.68,768.68,-0.01,84.62,65784.36,-1
2025-03-25,2025-03-25 15:00:00,768.68,793.0,764.0,768.68,0.0,84.62,65784.36,0
2025-03-26,2025-03-26 11:00:00,780.0,784.5,772.38,779.97,-0.0,57.28,44433.39,-1
2025-03-26,2025-03-26 11:01:00,779.97,779.97,779.93,779.93,-0.01,57.28,44433.39,-1
2025-03-26,2025-03-26 11:02:00,779.93,779.93,779.9,779.9,-0.0,57.28,44433.39,-1
2025-03-26,2025-03-26 11:03:00,779.9,779.9,779.86,779.86,-0.01,57.28,44433.39,-1
2025-03-26,2025-03-26 11:04:00,779.86,779.86,779.83,779.83,-0.0,57.28,44433.39,-1
2025-03-26,2025-03-26 11:05:00,779.83,779.83,779.8,779.8,-0.0,57.28,44433.39,-1
2025-03-26,2025-03-26 11:06:00,779.8,779.8,779.76,779.76,-0.01,57.28,44433.39,-1
2025-03-26,2025-03-26 11:07:00,779.76,779.76,779.73,779.73,-0.0,57.28,44433.39,-1
2025-03-26,2025-03-26 11:08:00,779.73,779.73,779.7,779.7,-0.0,57.28,44433.39,-1
2025-03-26,2025-03-26 11:09:00,779.7,779.7,779.66,779.66,-0.01,57.28,44433.39,-1
2025-03-26,2025-03-26 11:10:00,779.66,779.66,779.63,779.63,-0.0,57.28,44433.39,-1
2025-03-26,2025-03-26 11:11:00,779.63,779.63,779.59,779.59,-0.01,57.28,44433.39,-1
2025-03-26,2025-03-26 11:12:00,779.59,779.59,779.56,779.56,-0.0,57.28,44433.39,-1
2025-03-26,2025-03-26 11:13:00,779.56,779.56,779.53,779.53,-0.0,57.28,44433.39,-1
2025-03-26,2025-03-26 11:14:00,779.53,779.53,779.49,779.49,-0.01,57.28,44433.39,-1
2025-03-26,2025-03-26 11:15:00,779.49,779.49,779.46,779.46,-0.0,57.28,44433.39,-1
2025-03-26,2025-03-26 11:16:00,779.46,779.46,779.42,779.42,-0.01,57.28,44433.39,-1
2025-03-26,2025-03-26 11:17:00,779.42,779.42,779.39,779.39,-0.0,57.28,44433.39,-1
2025-03-26,2025-03-26 11:18:00,779.39,779.39,779.36,779.36,-0.0,57.28,44433.39,-1
2025-03-26,2025-03-26 11:19:00,779.36,779.36,779.32,779.32,-0.01,57.28,44433.39,-1
2025-03-26,2025-03-26 11:20:00,779.32,779.32,779.29,779.29,-0.0,57.28,44433.39,-1
2025-03-26,2025-03-26 11:21:00,779.29,779.29,779.26,779.26,-0.0,57.28,44433.39,-1
2025-03-26,2025-03-26 11:22:00,779.26,779.26,779.22,779.22,-0.01,57.28,44433.39,-1
2025-03-26,2025-03-26 11:23:00,779.22,779.22,779.19,779.19,-0.0,57.28,44433.39,-1
2025-03-26,2025-03-26 11:24:00,779.19,779.19,779.15,779.15,-0.01,57.28,44433.39,-1
2025-03-26,2025-03-26 11:25:00,779.15,779.15,779.12,779.12,-0.0,57.28,44433.39,-1
2025-03-26,2025-03-26 11:26:00,779.12,779.12,779.09,779.09,-0.0,57.28,44433.39,-1
2025-03-26,2025-03-26 11:27:00,779.09,779.09,779.05,779.05,-0.01,57.28,44433.39,-1
2025-03-26,2025-03-26 11:28:00,779.05,779.05,779.02,779.02,-0.0,57.28,44433.39,-1
2025-03-26,2025-03-26 11:29:00,779.02,779.02,778.99,778.99,-0.0,57.28,44433.39,-1
2025-03-26,2025-03-26 11:30:00,778.99,778.99,778.95,778.95,-0.01,57.28,44433.39,-1
2025-03-26,2025-03-26 11:31:00,778.95,778.95,778.92,778.92,-0.0,57.28,44433.39,-1
2025-03-26,2025-03-26 11:32:00,778.92,778.92,778.88,778.88,-0.01,57.28,44433.39,-1
2025-03-26,2025-03-26 11:33:00,778.88,778.88,778.85,778.85,-0.0,57.28,44433.39,-1
2025-03-26,2025-03-26 11:34:00,778.85,778.85,778.82,778.82,-0.0,57.28,44433.39,-1
2025-03-26,2025-03-26 11:35:00,778.82,778.82,778.78,778.78,-0.01,57.28,44433.39,-1
2025-03-26,2025-03-26 11:36:00,778.78,778.78,778.75,778.75,-0.0,57.28,44433.39,-1
2025-03-26,2025-03-26 11:37:00,778.75,778.75,778.71,778.71,-0.01,57.28,44433.39,-1
2025-03-26,2025-03-26 11:38:00,778.71,778.71,778.68,778.68,-0.0,57.28,44433.39,-1
2025-03-26,2025-03-26 11:39:00,778.68,778.68,778.65,778.65,-0.0,57.28,44433.39,-1
2025-03-26,2025-03-26 11:40:00,778.65,778.65,778.61,778.61,-0.01,57.28,44433.39,-1
2025-03-26,2025-03-26 11:41:00,778.61,778.61,778.58,778.58,-0.0,57.28,44433.39,-1
2025-03-26,2025-03-26 11:42:00,778.58,778.58,778.55,778.55,-0.0,57.28,44433.39,-1
2025-03-26,2025-03-26 11:43:00,778.55,778.55,778.51,778.51,-0.01,57.28,44433.39,-1
2025-03-26,2025-03-26 11:44:00,778.51,778.51,778.48,778.48,-0.0,57.28,44433.39,-1
2025-03-26,2025-03-26 11:45:00,778.48,778.48,778.44,778.44,-0.01,57.28,44433.39,-1
2025-03-26,2025-03-26 11:46:00,778.44,778.44,778.41,778.41,-0.0,57.28,44433.39,-1
2025-03-26,2025-03-26 11:47:00,778.41,778.41,778.38,778.38,-0.0,57.28,44433.39,-1
2025-03-26,2025-03-26 11:48:00,778.38,778.38,778.34,778.34,-0.01,57.28,44433.39,-1
2025-03-26,2025-03-26 11:49:00,778.34,778.34,778.31,778.31,-0.0,57.28,44433.39,-1
2025-03-26,2025-03-26 11:50:00,778.31,778.31,778.27,778.27,-0.01,57.28,44433.39,-1
2025-03-26,2025-03-26 11:51:00,778.27,778.27,778.24,778.24,-0.0,57.28,44433.39,-1
2025-03-26,2025-03-26 11:52:00,778.24,778.24,778.21,778.21,-0.0,57.28,44433.39,-1
2025-03-26,2025-03-26 11:53:00,778.21,778.21,778.17,778.17,-0.01,57.28,44433.39,-1
2025-03-26,2025-03-26 11:54:00,778.17,778.17,778.14,778.14,-0.0,57.28,44433.39,-1
2025-03-26,2025-03-26 11:55:00,778.14,778.14,778.11,778.11,-0.0,57.28,44433.39,-1
2025-03-26,2025-03-26 11:56:00,778.11,778.11,778.07,778.07,-0.01,57.28,44433.39,-1
2025-03-26,2025-03-26 11:57:00,778.07,778.07,778.04,778.04,-0.0,57.28,44433.39,-1
2025-03-26,2025-03-26 11:58:00,778.04,778.04,778.0,778.0,-0.01,57.28,44433.39,-1
2025-03-26,2025-03-26 11:59:00,778.0,778.0,777.97,777.97,-0.0,57.28,44433.39,-1
2025-03-26,2025-03-26 12:00:00,777.97,777.97,777.94,777.94,-0.0,57.28,44433.39,-1
2025-03-26,2025-03-26 12:01:00,777.94,777.94,777.9,777.9,-0.01,57.28,44433.39,-1
2025-03-26,2025-03-26 12:02:00,777.9,777.9,777.87,777.87,-0.0,57.28,44433.39,-1
2025-03-26,2025-03-26 12:03:00,777.87,777.87,777.83,777.83,-0.01,57.28,44433.39,-1
2025-03-26,2025-03-26 12:04:00,777.83,777.83,777.8,777.8,-0.0,57.28,44433.39,-1
2025-03-26,2025-03-26 12:05:00,777.8,777.8,777.77,777.77,-0.0,57.28,44433.39,-1
2025-03-26,2025-03-26 12:06:00,777.77,777.77,777.73,777.73,-0.01,57.28,44433.39,-1
2025-03-26,2025-03-26 12:07:00,777.73,777.73,777.7,777.7,-0.0,57.28,44433.39,-1
2025-03-26,2025-03-26 12:08:00,777.7,777.7,777.67,777.67,-0.0,57.28,44433.39,-1
2025-03-26,2025-03-26 12:09:00,777.67,777.67,777.63,777.63,-0.01,57.28,44433.39,-1
2025-03-26,2025-03-26 12:10:00,777.63,777.63,777.6,777.6,-0.0,57.28,44433.39,-1
2025-03-26,2025-03-26 12:11:00,777.6,777.6,777.56,777.56,-0.01,57.28,44433.39,-1
2025-03-26,2025-03-26 12:12:00,777.56,777.56,777.53,777.53,-0.0,57.28,44433.39,-1
2025-03-26,2025-03-26 12:13:00,777.53,777.53,777.5,777.5,-0.0,57.28,44433.39,-1
2025-03-26,2025-03-26 12:14:00,777.5,777.5,777.46,777.46,-0.01,57.28,44433.39,-1
2025-03-26,2025-03-26 12:15:00,777.46,777.46,777.43,777.43,-0.0,57.28,44433.39,-1
2025-03-26,2025-03-26 12:16:00,777.43,777.43,777.39,777.39,-0.01,57.28,44433.39,-1
2025-03-26,2025-03-26 12:17:00,777.39,777.39,777.36,777.36,-0.0,57.28,44433.39,-1
2025-03-26,2025-03-26 12:18:00,777.36,777.36,777.33,777.33,-0.0,57.28,44433.39,-1
2025-03-26,2025-03-26 12:19:00,777.33,777.33,777.29,777.29,-0.01,57.28,44433.39,-1
2025-03-26,2025-03-26 12:20:00,777.29,777.29,777.26,777.26,-0.0,57.28,44433.39,-1
2025-03-26,2025-03-26 12:21:00,777.26,777.26,777.23,777.23,-0.0,57.28,44433.39,-1
2025-03-26,2025-03-26 12:22:00,777.23,777.23,777.19,777.19,-0.01,57.28,44433.39,-1
2025-03-26,2025-03-26 12:23:00,777.19,777.19,777.16,777.16,-0.0,57.28,44433.39,-1
2025-03-26,2025-03-26 12:24:00,777.16,777.16,777.12,777.12,-0.01,57.28,44433.39,-1
2025-03-26,2025-03-26 12:25:00,777.12,777.12,777.09,777.09,-0.0,57.28,44433.39,-1
2025-03-26,2025-03-26 12:26:00,777.09,777.09,777.06,777.06,-0.0,57.28,44433.39,-1
2025-03-26,2025-03-26 12:27:00,777.06,777.06,777.02,777.02,-0.01,57.28,44433.39,-1
2025-03-26,2025-03-26 12:28:00,777.02,777.02,776.99,776.99,-0.0,57.28,44433.39,-1
2025-03-26,2025-03-26 12:29:00,776.99,776.99,776.96,776.96,-0.0,57.28,44433.39,-1
2025-03-26,2025-03-26 12:30:00,776.96,776.96,776.92,776.92,-0.01,57.28,44433.39,-1
2025-03-26,2025-03-26 12:31:00,776.92,776.92,776.89,776.89,-0.0,57.28,44433.39,-1
2025-03-26,2025-03-26 12:32:00,776.89,776.89,776.85,776.85,-0.01,57.28,44433.39,-1
2025-03-26,2025-03-26 12:33:00,776.85,776.85,776.82,776.82,-0.0,57.28,44433.39,-1
2025-03-26,2025-03-26 12:34:00,776.82,776.82,776.79,776.79,-0.0,57.28,44433.39,-1
2025-03-26,2025-03-26 12:35:00,776.79,776.79,776.75,776.75,-0.01,57.28,44433.39,-1
2025-03-26,2025-03-26 12:36:00,776.75,776.75,776.72,776.72,-0.0,57.28,44433.39,-1
2025-03-26,2025-03-26 12:37:00,776.72,776.72,776.68,776.68,-0.01,57.28,44433.39,-1
2025-03-26,2025-03-26 12:38:00,776.68,776.68,776.65,776.65,-0.0,57.28,44433.39,-1
2025-03-26,2025-03-26 12:39:00,776.65,776.65,776.62,776.62,-0.0,57.28,44433.39,-1
2025-03-26,2025-03-26 12:40:00,776.62,776.62,776.58,776.58,-0.01,57.28,44433.39,-1
2025-03-26,2025-03-26 12:41:00,776.58,776.58,776.55,776.55,-0.0,57.28,44433.39,-1
2025-03-26,2025-03-26 12:42:00,776.55,776.55,776.52,776.52,-0.0,57.28,44433.39,-1
2025-03-26,2025-03-26 12:43:00,776.52,776.52,776.48,776.48,-0.01,57.28,44433.39,-1
2025-03-26,2025-03-26 12:44:00,776.48,776.48,776.45,776.45,-0.0,57.28,44433.39,-1
2025-03-26,2025-03-26 12:45:00,776.45,776.45,776.41,776.41,-0.01,57.28,44433.39,-1
2025-03-26,2025-03-26 12:46:00,776.41,776.41,776.38,776.38,-0.0,57.28,44433.39,-1
2025-03-26,2025-03-26 12:47:00,776.38,776.38,776.35,776.35,-0.0,57.28,44433.39,-1
2025-03-26,2025-03-26 12:48:00,776.35,776.35,776.31,776.31,-0.01,57.28,44433.39,-1
2025-03-26,2025-03-26 12:49:00,776.31,776.31,776.28,776.28,-0.0,57.28,44433.39,-1
2025-03-26,2025-03-26 12:50:00,776.28,776.28,776.24,776.24,-0.01,57.28,44433.39,-1
2025-03-26,2025-03-26 12:51:00,776.24,776.24,776.21,776.21,-0.0,57.28,44433.39,-1
2025-03-26,2025-03-26 12:52:00,776.21,776.21,776.18,776.18,-0.0,57.28,44433.39,-1
2025-03-26,2025-03-26 12:53:00,776.18,776.18,776.14,776.14,-0.01,57.28,44433.39,-1
2025-03-26,2025-03-26 12:54:00,776.14,776.14,776.11,776.11,-0.0,57.28,44433.39,-1
2025-03-26,2025-03-26 12:55:00,776.11,776.11,776.08,776.08,-0.0,57.28,44433.39,-1
2025-03-26,2025-03-26 12:56:00,776.08,776.08,776.04,776.04,-0.01,57.28,44433.39,-1
2025-03-26,2025-03-26 12:57:00,776.04,776.04,776.01,776.01,-0.0,57.28,44433.39,-1
2025-03-26,2025-03-26 12:58:00,776.01,776.01,775.97,775.97,-0.01,57.28,44433.39,-1
2025-03-26,2025-03-26 12:59:00,775.97,775.97,775.94,775.94,-0.0,57.28,44433.39,-1
2025-03-26,2025-03-26 13:00:00,775.94,795.0,754.6,775.91,-0.0,57.28,44433.39,-1
2025-03-26,2025-03-26 13:01:00,775.91,775.91,775.87,775.87,-0.01,57.28,44433.39,-1
2025-03-26,2025-03-26 13:02:00,775.87,775.87,775.84,775.84,-0.0,57.28,44433.39,-1
2025-03-26,2025-03-26 13:03:00,775.84,775.84,775.8,775.8,-0.01,57.28,44433.39,-1
2025-03-26,2025-03-26 13:04:00,775.8,775.8,775.77,775.77,-0.0,57.28,44433.39,-1
2025-03-26,2025-03-26 13:05:00,775.77,775.77,775.74,775.74,-0.0,57.28,44433.39,-1
2025-03-26,2025-03-26 13:06:00,775.74,775.74,775.7,775.7,-0.01,57.28,44433.39,-1
2025-03-26,2025-03-26 13:07:00,775.7,775.7,775.67,775.67,-0.0,57.28,44433.39,-1
2025-03-26,2025-03-26 13:08:00,775.67,775.67,775.64,775.64,-0.0,57.28,44433.39,-1
2025-03-26,2025-03-26 13:09:00,775.64,775.64,775.6,775.6,-0.01,57.28,44433.39,-1
2025-03-26,2025-03-26 13:10:00,775.6,775.6,775.57,775.57,-0.0,57.28,44433.39,-1
2025-03-26,2025-03-26 13:11:00,775.57,775.57,775.53,775.53,-0.01,57.28,44433.39,-1
2025-03-26,2025-03-26 13:12:00,775.53,775.53,775.5,775.5,-0.0,57.28,44433.39,-1
2025-03-26,2025-03-26 13:13:00,775.5,775.5,775.47,775.47,-0.0,57.28,44433.39,-1
2025-03-26,2025-03-26 13:14:00,775.47,775.47,775.43,775.43,-0.01,57.28,44433.39,-1
2025-03-26,2025-03-26 13:15:00,775.43,775.43,775.4,775.4,-0.0,57.28,44433.39,-1
2025-03-26,2025-03-26 13:16:00,775.4,775.4,775.36,775.36,-0.01,57.28,44433.39,-1
2025-03-26,2025-03-26 13:17:00,775.36,775.36,775.33,775.33,-0.0,57.28,44433.39,-1
2025-03-26,2025-03-26 13:18:00,775.33,775.33,775.3,775.3,-0.0,57.28,44433.39,-1
2025-03-26,2025-03-26 13:19:00,775.3,775.3,775.26,775.26,-0.01,57.28,44433.39,-1
2025-03-26,2025-03-26 13:20:00,775.26,775.26,775.23,775.23,-0.0,57.28,44433.39,-1
2025-03-26,2025-03-26 13:21:00,775.23,775.23,775.2,775.2,-0.0,57.28,44433.39,-1
2025-03-26,2025-03-26 13:22:00,775.2,775.2,775.16,775.16,-0.01,57.28,44433.39,-1
2025-03-26,2025-03-26 13:23:00,775.16,775.16,775.13,775.13,-0.0,57.28,44433.39,-1
2025-03-26,2025-03-26 13:24:00,775.13,775.13,775.09,775.09,-0.01,57.28,44433.39,-1
2025-03-26,2025-03-26 13:25:00,775.09,775.09,775.06,775.06,-0.0,57.28,44433.39,-1
2025-03-26,2025-03-26 13:26:00,775.06,775.06,775.03,775.03,-0.0,57.28,44433.39,-1
2025-03-26,2025-03-26 13:27:00,775.03,775.03,774.99,774.99,-0.01,57.28,44433.39,-1
2025-03-26,2025-03-26 13:28:00,774.99,774.99,774.96,774.96,-0.0,57.28,44433.39,-1
2025-03-26,2025-03-26 13:29:00,774.96,774.96,774.92,774.92,-0.01,57.28,44433.39,-1
2025-03-26,2025-03-26 13:30:00,774.92,774.92,774.89,774.89,-0.0,57.28,44433.39,-1
2025-03-26,2025-03-26 13:31:00,774.89,774.89,774.86,774.86,-0.0,57.28,44433.39,-1
2025-03-26,2025-03-26 13:32:00,774.86,774.86,774.82,774.82,-0.01,57.28,44433.39,-1
2025-03-26,2025-03-26 13:33:00,774.82,774.82,774.79,774.79,-0.0,57.28,44433.39,-1
2025-03-26,2025-03-26 13:34:00,774.79,774.79,774.76,774.76,-0.0,57.28,44433.39,-1
2025-03-26,2025-03-26 13:35:00,774.76,774.76,774.72,774.72,-0.01,57.28,44433.39,-1
2025-03-26,2025-03-26 13:36:00,774.72,774.72,774.69,774.69,-0.0,57.28,44433.39,-1
2025-03-26,2025-03-26 13:37:00,774.69,774.69,774.65,774.65,-0.01,57.28,44433.39,-1
2025-03-26,2025-03-26 13:38:00,774.65,774.65,774.62,774.62,-0.0,57.28,44433.39,-1
2025-03-26,2025-03-26 13:39:00,774.62,774.62,774.59,774.59,-0.0,57.28,44433.39,-1
2025-03-26,2025-03-26 13:40:00,774.59,774.59,774.55,774.55,-0.01,57.28,44433.39,-1
2025-03-26,2025-03-26 13:41:00,774.55,774.55,774.52,774.52,-0.0,57.28,44433.39,-1
2025-03-26,2025-03-26 13:42:00,774.52,774.52,774.49,774.49,-0.0,57.28,44433.39,-1
2025-03-26,2025-03-26 13:43:00,774.49,774.49,774.45,774.45,-0.01,57.28,44433.39,-1
2025-03-26,2025-03-26 13:44:00,774.45,774.45,774.42,774.42,-0.0,57.28,44433.39,-1
2025-03-26,2025-03-26 13:45:00,774.42,774.42,774.38,774.38,-0.01,57.28,44433.39,-1
2025-03-26,2025-03-26 13:46:00,774.38,774.38,774.35,774.35,-0.0,57.28,44433.39,-1
2025-03-26,2025-03-26 13:47:00,774.35,774.35,774.32,774.32,-0.0,57.28,44433.39,-1
2025-03-26,2025-03-26 13:48:00,774.32,774.32,774.28,774.28,-0.01,57.28,44433.39,-1
2025-03-26,2025-03-26 13:49:00,774.28,774.28,774.25,774.25,-0.0,57.28,44433.39,-1
2025-03-26,2025-03-26 13:50:00,774.25,774.25,774.21,774.21,-0.01,57.28,44433.39,-1
2025-03-26,2025-03-26 13:51:00,774.21,774.21,774.18,774.18,-0.0,57.28,44433.39,-1
2025-03-26,2025-03-26 13:52:00,774.18,774.18,774.15,774.15,-0.0,57.28,44433.39,-1
2025-03-26,2025-03-26 13:53:00,774.15,774.15,774.11,774.11,-0.01,57.28,44433.39,-1
2025-03-26,2025-03-26 13:54:00,774.11,774.11,774.08,774.08,-0.0,57.28,44433.39,-1
2025-03-26,2025-03-26 13:55:00,774.08,774.08,774.05,774.05,-0.0,57.28,44433.39,-1
2025-03-26,2025-03-26 13:56:00,774.05,774.05,774.01,774.01,-0.01,57.28,44433.39,-1
2025-03-26,2025-03-26 13:57:00,774.01,774.01,773.98,773.98,-0.0,57.28,44433.39,-1
2025-03-26,2025-03-26 13:58:00,773.98,773.98,773.94,773.94,-0.01,57.28,44433.39,-1
2025-03-26,2025-03-26 13:59:00,773.94,773.94,773.91,773.91,-0.0,57.28,44433.39,-1
2025-03-26,2025-03-26 14:00:00,773.91,773.91,773.88,773.88,-0.0,57.28,44433.39,-1
2025-03-26,2025-03-26 14:01:00,773.88,773.88,773.84,773.84,-0.01,57.28,44433.39,-1
2025-03-26,2025-03-26 14:02:00,773.84,773.84,773.81,773.81,-0.0,57.28,44433.39,-1
2025-03-26,2025-03-26 14:03:00,773.81,773.81,773.77,773.77,-0.01,57.28,44433.39,-1
2025-03-26,2025-03-26 14:04:00,773.77,773.77,773.74,773.74,-0.0,57.28,44433.39,-1
2025-03-26,2025-03-26 14:05:00,773.74,773.74,773.71,773.71,-0.0,57.28,44433.39,-1
2025-03-26,2025-03-26 14:06:00,773.71,773.71,773.67,773.67,-0.01,57.28,44433.39,-1
2025-03-26,2025-03-26 14:07:00,773.67,773.67,773.64,773.64,-0.0,57.28,44433.39,-1
2025-03-26,2025-03-26 14:08:00,773.64,773.64,773.61,773.61,-0.0,57.28,44433.39,-1
2025-03-26,2025-03-26 14:09:00,773.61,773.61,773.57,773.57,-0.01,57.28,44433.39,-1
2025-03-26,2025-03-26 14:10:00,773.57,773.57,773.54,773.54,-0.0,57.28,44433.39,-1
2025-03-26,2025-03-26 14:11:00,773.54,773.54,773.5,773.5,-0.01,57.28,44433.39,-1
2025-03-26,2025-03-26 14:12:00,773.5,773.5,773.47,773.47,-0.0,57.28,44433.39,-1
2025-03-26,2025-03-26 14:13:00,773.47,773.47,773.44,773.44,-0.0,57.28,44433.39,-1
2025-03-26,2025-03-26 14:14:00,773.44,773.44,773.4,773.4,-0.01,57.28,44433.39,-1
2025-03-26,2025-03-26 14:15:00,773.4,773.4,773.37,773.37,-0.0,57.28,44433.39,-1
2025-03-26,2025-03-26 14:16:00,773.37,773.37,773.33,773.33,-0.01,57.28,44433.39,-1
2025-03-26,2025-03-26 14:17:00,773.33,773.33,773.3,773.3,-0.0,57.28,44433.39,-1
2025-03-26,2025-03-26 14:18:00,773.3,773.3,773.27,773.27,-0.0,57.28,44433.39,-1
2025-03-26,2025-03-26 14:19:00,773.27,773.27,773.23,773.23,-0.01,57.28,44433.39,-1
2025-03-26,2025-03-26 14:20:00,773.23,773.23,773.2,773.2,-0.0,57.28,44433.39,-1
2025-03-26,2025-03-26 14:21:00,773.2,773.2,773.17,773.17,-0.0,57.28,44433.39,-1
2025-03-26,2025-03-26 14:22:00,773.17,773.17,773.13,773.13,-0.01,57.28,44433.39,-1
2025-03-26,2025-03-26 14:23:00,773.13,773.13,773.1,773.1,-0.0,57.28,44433.39,-1
2025-03-26,2025-03-26 14:24:00,773.1,773.1,773.06,773.06,-0.01,57.28,44433.39,-1
2025-03-26,2025-03-26 14:25:00,773.06,773.06,773.03,773.03,-0.0,57.28,44433.39,-1
2025-03-26,2025-03-26 14:26:00,773.03,773.03,773.0,773.0,-0.0,57.28,44433.39,-1
2025-03-26,2025-03-26 14:27:00,773.0,773.0,772.96,772.96,-0.01,57.28,44433.39,-1
2025-03-26,2025-03-26 14:28:00,772.96,772.96,772.93,772.93,-0.0,57.28,44433.39,-1
2025-03-26,2025-03-26 14:29:00,772.93,772.93,772.89,772.89,-0.01,57.28,44433.39,-1
2025-03-26,2025-03-26 14:30:00,772.89,772.89,772.86,772.86,-0.0,57.28,44433.39,-1
2025-03-26,2025-03-26 14:31:00,772.86,772.86,772.83,772.83,-0.0,57.28,44433.39,-1
2025-03-26,2025-03-26 14:32:00,772.83,772.83,772.79,772.79,-0.01,57.28,44433.39,-1
2025-03-26,2025-03-26 14:33:00,772.79,772.79,772.76,772.76,-0.0,57.28,44433.39,-1
2025-03-26,2025-03-26 14:34:00,772.76,772.76,772.73,772.73,-0.0,57.28,44433.39,-1
2025-03-26,2025-03-26 14:35:00,772.73,772.73,772.69,772.69,-0.01,57.28,44433.39,-1
2025-03-26,2025-03-26 14:36:00,772.69,772.69,772.66,772.66,-0.0,57.28,44433.39,-1
2025-03-26,2025-03-26 14:37:00,772.66,772.66,772.62,772.62,-0.01,57.28,44433.39,-1
2025-03-26,2025-03-26 14:38:00,772.62,772.62,772.59,772.59,-0.0,57.28,44433.39,-1
2025-03-26,2025-03-26 14:39:00,772.59,772.59,772.56,772.56,-0.0,57.28,44433.39,-1
2025-03-26,2025-03-26 14:40:00,772.56,772.56,772.52,772.52,-0.01,57.28,44433.39,-1
2025-03-26,2025-03-26 14:41:00,772.52,772.52,772.49,772.49,-0.0,57.28,44433.39,-1
2025-03-26,2025-03-26 14:42:00,772.49,772.49,772.46,772.46,-0.0,57.28,44433.39,-1
2025-03-26,2025-03-26 14:43:00,772.46,772.46,772.42,772.42,-0.01,57.28,44433.39,-1
2025-03-26,2025-03-26 14:44:00,772.42,772.42,772.39,772.39,-0.0,57.28,44433.39,-1
2025-03-26,2025-03-26 14:45:00,772.39,772.39,772.35,772.35,-0.01,57.28,44433.39,-1
2025-03-26,2025-03-26 14:46:00,772.35,772.35,772.32,772.32,-0.0,57.28,44433.39,-1
2025-03-26,2025-03-26 14:47:00,772.32,772.32,772.29,772.29,-0.0,57.28,44433.39,-1
2025-03-26,2025-03-26 14:48:00,772.29,772.29,772.25,772.25,-0.01,57.28,44433.39,-1
2025-03-26,2025-03-26 14:49:00,772.25,772.25,772.22,772.22,-0.0,57.28,44433.39,-1
2025-03-26,2025-03-26 14:50:00,772.22,772.22,772.18,772.18,-0.01,57.28,44433.39,-1
2025-03-26,2025-03-26 14:51:00,772.18,772.18,772.15,772.15,-0.0,57.28,44433.39,-1
2025-03-26,2025-03-26 14:52:00,772.15,772.15,772.12,772.12,-0.0,57.28,44433.39,-1
2025-03-26,2025-03-26 14:53:00,772.12,772.12,772.08,772.08,-0.01,57.28,44433.39,-1
2025-03-26,2025-03-26 14:54:00,772.08,772.08,772.05,772.05,-0.0,57.28,44433.39,-1
2025-03-26,2025-03-26 14:55:00,772.05,772.05,772.02,772.02,-0.0,57.28,44433.39,-1
2025-03-26,2025-03-26 14:56:00,772.02,772.02,771.98,771.98,-0.01,57.28,44433.39,-1
2025-03-26,2025-03-26 14:57:00,771.98,771.98,771.95,771.95,-0.0,57.28,44433.39,-1
2025-03-26,2025-03-26 14:58:00,771.95,771.95,771.91,771.91,-0.01,57.28,44433.39,-1
2025-03-26,2025-03-26 14:59:00,771.91,771.91,771.88,771.88,-0.0,57.28,44433.39,-1
2025-03-26,2025-03-26 15:00:00,771.88,795.0,754.6,771.88,0.0,57.28,44433.39,0
2025-03-27,2025-03-27 11:00:00,757.1,769.97,757.1,757.2,0.01,63.21,49449.24,1
2025-03-27,2025-03-27 11:01:00,757.2,757.31,757.2,757.31,0.01,63.21,49449.24,1
2025-03-27,2025-03-27 11:02:00,757.31,757.41,757.31,757.41,0.01,63.21,49449.24,1
2025-03-27,2025-03-27 11:03:00,757.41,757.51,757.41,757.51,0.01,63.21,49449.24,1
2025-03-27,2025-03-27 11:04:00,757.51,757.61,757.51,757.61,0.01,63.21,49449.24,1
2025-03-27,2025-03-27 11:05:00,757.61,757.72,757.61,757.72,0.01,63.21,49449.24,1
2025-03-27,2025-03-27 11:06:00,757.72,757.82,757.72,757.82,0.01,63.21,49449.24,1
2025-03-27,2025-03-27 11:07:00,757.82,757.92,757.82,757.92,0.01,63.21,49449.24,1
2025-03-27,2025-03-27 11:08:00,757.92,758.02,757.92,758.02,0.01,63.21,49449.24,1
2025-03-27,2025-03-27 11:09:00,758.02,758.13,758.02,758.13,0.01,63.21,49449.24,1
2025-03-27,2025-03-27 11:10:00,758.13,758.23,758.13,758.23,0.01,63.21,49449.24,1
2025-03-27,2025-03-27 11:11:00,758.23,758.33,758.23,758.33,0.01,63.21,49449.24,1
2025-03-27,2025-03-27 11:12:00,758.33,758.44,758.33,758.44,0.01,63.21,49449.24,1
2025-03-27,2025-03-27 11:13:00,758.44,758.54,758.44,758.54,0.01,63.21,49449.24,1
2025-03-27,2025-03-27 11:14:00,758.54,758.64,758.54,758.64,0.01,63.21,49449.24,1
2025-03-27,2025-03-27 11:15:00,758.64,758.74,758.64,758.74,0.01,63.21,49449.24,1
2025-03-27,2025-03-27 11:16:00,758.74,758.85,758.74,758.85,0.01,63.21,49449.24,1
2025-03-27,2025-03-27 11:17:00,758.85,758.95,758.85,758.95,0.01,63.21,49449.24,1
2025-03-27,2025-03-27 11:18:00,758.95,759.05,758.95,759.05,0.01,63.21,49449.24,1
2025-03-27,2025-03-27 11:19:00,759.05,759.15,759.05,759.15,0.01,63.21,49449.24,1
2025-03-27,2025-03-27 11:20:00,759.15,759.26,759.15,759.26,0.01,63.21,49449.24,1
2025-03-27,2025-03-27 11:21:00,759.26,759.36,759.26,759.36,0.01,63.21,49449.24,1
2025-03-27,2025-03-27 11:22:00,759.36,759.46,759.36,759.46,0.01,63.21,49449.24,1
2025-03-27,2025-03-27 11:23:00,759.46,759.57,759.46,759.57,0.01,63.21,49449.24,1
2025-03-27,2025-03-27 11:24:00,759.57,759.67,759.57,759.67,0.01,63.21,49449.24,1
2025-03-27,2025-03-27 11:25:00,759.67,759.77,759.67,759.77,0.01,63.21,49449.24,1
2025-03-27,2025-03-27 11:26:00,759.77,759.87,759.77,759.87,0.01,63.21,49449.24,1
2025-03-27,2025-03-27 11:27:00,759.87,759.98,759.87,759.98,0.01,63.21,49449.24,1
2025-03-27,2025-03-27 11:28:00,759.98,760.08,759.98,760.08,0.01,63.21,49449.24,1
2025-03-27,2025-03-27 11:29:00,760.08,760.18,760.08,760.18,0.01,63.21,49449.24,1
2025-03-27,2025-03-27 11:30:00,760.18,760.29,760.18,760.29,0.01,63.21,49449.24,1
2025-03-27,2025-03-27 11:31:00,760.29,760.39,760.29,760.39,0.01,63.21,49449.24,1
2025-03-27,2025-03-27 11:32:00,760.39,760.49,760.39,760.49,0.01,63.21,49449.24,1
2025-03-27,2025-03-27 11:33:00,760.49,760.59,760.49,760.59,0.01,63.21,49449.24,1
2025-03-27,2025-03-27 11:34:00,760.59,760.7,760.59,760.7,0.01,63.21,49449.24,1
2025-03-27,2025-03-27 11:35:00,760.7,760.8,760.7,760.8,0.01,63.21,49449.24,1
2025-03-27,2025-03-27 11:36:00,760.8,760.9,760.8,760.9,0.01,63.21,49449.24,1
2025-03-27,2025-03-27 11:37:00,760.9,761.0,760.9,761.0,0.01,63.21,49449.24,1
2025-03-27,2025-03-27 11:38:00,761.0,761.11,761.0,761.11,0.01,63.21,49449.24,1
2025-03-27,2025-03-27 11:39:00,761.11,761.21,761.11,761.21,0.01,63.21,49449.24,1
2025-03-27,2025-03-27 11:40:00,761.21,761.31,761.21,761.31,0.01,63.21,49449.24,1
2025-03-27,2025-03-27 11:41:00,761.31,761.42,761.31,761.42,0.01,63.21,49449.24,1
2025-03-27,2025-03-27 11:42:00,761.42,761.52,761.42,761.52,0.01,63.21,49449.24,1
2025-03-27,2025-03-27 11:43:00,761.52,761.62,761.52,761.62,0.01,63.21,49449.24,1
2025-03-27,2025-03-27 11:44:00,761.62,761.72,761.62,761.72,0.01,63.21,49449.24,1
2025-03-27,2025-03-27 11:45:00,761.72,761.83,761.72,761.83,0.01,63.21,49449.24,1
2025-03-27,2025-03-27 11:46:00,761.83,761.93,761.83,761.93,0.01,63.21,49449.24,1
2025-03-27,2025-03-27 11:47:00,761.93,762.03,761.93,762.03,0.01,63.21,49449.24,1
2025-03-27,2025-03-27 11:48:00,762.03,762.13,762.03,762.13,0.01,63.21,49449.24,1
2025-03-27,2025-03-27 11:49:00,762.13,762.24,762.13,762.24,0.01,63.21,49449.24,1
2025-03-27,2025-03-27 11:50:00,762.24,762.34,762.24,762.34,0.01,63.21,49449.24,1
2025-03-27,2025-03-27 11:51:00,762.34,762.44,762.34,762.44,0.01,63.21,49449.24,1
2025-03-27,2025-03-27 11:52:00,762.44,762.55,762.44,762.55,0.01,63.21,49449.24,1
2025-03-27,2025-03-27 11:53:00,762.55,762.65,762.55,762.65,0.01,63.21,49449.24,1
2025-03-27,2025-03-27 11:54:00,762.65,762.75,762.65,762.75,0.01,63.21,49449.24,1
2025-03-27,2025-03-27 11:55:00,762.75,762.85,762.75,762.85,0.01,63.21,49449.24,1
2025-03-27,2025-03-27 11:56:00,762.85,762.96,762.85,762.96,0.01,63.21,49449.24,1
2025-03-27,2025-03-27 11:57:00,762.96,763.06,762.96,763.06,0.01,63.21,49449.24,1
2025-03-27,2025-03-27 11:58:00,763.06,763.16,763.06,763.16,0.01,63.21,49449.24,1
2025-03-27,2025-03-27 11:59:00,763.16,763.26,763.16,763.26,0.01,63.21,49449.24,1
2025-03-27,2025-03-27 12:00:00,763.26,763.37,763.26,763.37,0.01,63.21,49449.24,1
2025-03-27,2025-03-27 12:01:00,763.37,763.47,763.37,763.47,0.01,63.21,49449.24,1
2025-03-27,2025-03-27 12:02:00,763.47,763.57,763.47,763.57,0.01,63.21,49449.24,1
2025-03-27,2025-03-27 12:03:00,763.57,763.68,763.57,763.68,0.01,63.21,49449.24,1
2025-03-27,2025-03-27 12:04:00,763.68,763.78,763.68,763.78,0.01,63.21,49449.24,1
2025-03-27,2025-03-27 12:05:00,763.78,763.88,763.78,763.88,0.01,63.21,49449.24,1
2025-03-27,2025-03-27 12:06:00,763.88,763.98,763.88,763.98,0.01,63.21,49449.24,1
2025-03-27,2025-03-27 12:07:00,763.98,764.09,763.98,764.09,0.01,63.21,49449.24,1
2025-03-27,2025-03-27 12:08:00,764.09,764.19,764.09,764.19,0.01,63.21,49449.24,1
2025-03-27,2025-03-27 12:09:00,764.19,764.29,764.19,764.29,0.01,63.21,49449.24,1
2025-03-27,2025-03-27 12:10:00,764.29,764.4,764.29,764.4,0.01,63.21,49449.24,1
2025-03-27,2025-03-27 12:11:00,764.4,764.5,764.4,764.5,0.01,63.21,49449.24,1
2025-03-27,2025-03-27 12:12:00,764.5,764.6,764.5,764.6,0.01,63.21,49449.24,1
2025-03-27,2025-03-27 12:13:00,764.6,764.7,764.6,764.7,0.01,63.21,49449.24,1
2025-03-27,2025-03-27 12:14:00,764.7,764.81,764.7,764.81,0.01,63.21,49449.24,1
2025-03-27,2025-03-27 12:15:00,764.81,764.91,764.81,764.91,0.01,63.21,49449.24,1
2025-03-27,2025-03-27 12:16:00,764.91,765.01,764.91,765.01,0.01,63.21,49449.24,1
2025-03-27,2025-03-27 12:17:00,765.01,765.11,765.01,765.11,0.01,63.21,49449.24,1
2025-03-27,2025-03-27 12:18:00,765.11,765.22,765.11,765.22,0.01,63.21,49449.24,1
2025-03-27,2025-03-27 12:19:00,765.22,765.32,765.22,765.32,0.01,63.21,49449.24,1
2025-03-27,2025-03-27 12:20:00,765.32,765.42,765.32,765.42,0.01,63.21,49449.24,1
2025-03-27,2025-03-27 12:21:00,765.42,765.53,765.42,765.53,0.01,63.21,49449.24,1
2025-03-27,2025-03-27 12:22:00,765.53,765.63,765.53,765.63,0.01,63.21,49449.24,1
2025-03-27,2025-03-27 12:23:00,765.63,765.73,765.63,765.73,0.01,63.21,49449.24,1
2025-03-27,2025-03-27 12:24:00,765.73,765.83,765.73,765.83,0.01,63.21,49449.24,1
2025-03-27,2025-03-27 12:25:00,765.83,765.94,765.83,765.94,0.01,63.21,49449.24,1
2025-03-27,2025-03-27 12:26:00,765.94,766.04,765.94,766.04,0.01,63.21,49449.24,1
2025-03-27,2025-03-27 12:27:00,766.04,766.14,766.04,766.14,0.01,63.21,49449.24,1
2025-03-27,2025-03-27 12:28:00,766.14,766.24,766.14,766.24,0.01,63.21,49449.24,1
2025-03-27,2025-03-27 12:29:00,766.24,766.35,766.24,766.35,0.01,63.21,49449.24,1
2025-03-27,2025-03-27 12:30:00,766.35,766.45,766.35,766.45,0.01,63.21,49449.24,1
2025-03-27,2025-03-27 12:31:00,766.45,766.55,766.45,766.55,0.01,63.21,49449.24,1
2025-03-27,2025-03-27 12:32:00,766.55,766.66,766.55,766.66,0.01,63.21,49449.24,1
2025-03-27,2025-03-27 12:33:00,766.66,766.76,766.66,766.76,0.01,63.21,49449.24,1
2025-03-27,2025-03-27 12:34:00,766.76,766.86,766.76,766.86,0.01,63.21,49449.24,1
2025-03-27,2025-03-27 12:35:00,766.86,766.96,766.86,766.96,0.01,63.21,49449.24,1
2025-03-27,2025-03-27 12:36:00,766.96,767.07,766.96,767.07,0.01,63.21,49449.24,1
2025-03-27,2025-03-27 12:37:00,767.07,767.17,767.07,767.17,0.01,63.21,49449.24,1
2025-03-27,2025-03-27 12:38:00,767.17,767.27,767.17,767.27,0.01,63.21,49449.24,1
2025-03-27,2025-03-27 12:39:00,767.27,767.38,767.27,767.38,0.01,63.21,49449.24,1
2025-03-27,2025-03-27 12:40:00,767.38,767.48,767.38,767.48,0.01,63.21,49449.24,1
2025-03-27,2025-03-27 12:41:00,767.48,767.58,767.48,767.58,0.01,63.21,49449.24,1
2025-03-27,2025-03-27 12:42:00,767.58,767.68,767.58,767.68,0.01,63.21,49449.24,1
2025-03-27,2025-03-27 12:43:00,767.68,767.79,767.68,767.79,0.01,63.21,49449.24,1
2025-03-27,2025-03-27 12:44:00,767.79,767.89,767.79,767.89,0.01,63.21,49449.24,1
2025-03-27,2025-03-27 12:45:00,767.89,767.99,767.89,767.99,0.01,63.21,49449.24,1
2025-03-27,2025-03-27 12:46:00,767.99,768.09,767.99,768.09,0.01,63.21,49449.24,1
2025-03-27,2025-03-27 12:47:00,768.09,768.2,768.09,768.2,0.01,63.21,49449.24,1
2025-03-27,2025-03-27 12:48:00,768.2,768.3,768.2,768.3,0.01,63.21,49449.24,1
2025-03-27,2025-03-27 12:49:00,768.3,768.4,768.3,768.4,0.01,63.21,49449.24,1
2025-03-27,2025-03-27 12:50:00,768.4,768.51,768.4,768.51,0.01,63.21,49449.24,1
2025-03-27,2025-03-27 12:51:00,768.51,768.61,768.51,768.61,0.01,63.21,49449.24,1
2025-03-27,2025-03-27 12:52:00,768.61,768.71,768.61,768.71,0.01,63.21,49449.24,1
2025-03-27,2025-03-27 12:53:00,768.71,768.81,768.71,768.81,0.01,63.21,49449.24,1
2025-03-27,2025-03-27 12:54:00,768.81,768.92,768.81,768.92,0.01,63.21,49449.24,1
2025-03-27,2025-03-27 12:55:00,768.92,769.02,768.92,769.02,0.01,63.21,49449.24,1
2025-03-27,2025-03-27 12:56:00,769.02,769.12,769.02,769.12,0.01,63.21,49449.24,1
2025-03-27,2025-03-27 12:57:00,769.12,769.22,769.12,769.22,0.01,63.21,49449.24,1
2025-03-27,2025-03-27 12:58:00,769.22,769.33,769.22,769.33,0.01,63.21,49449.24,1
2025-03-27,2025-03-27 12:59:00,769.33,769.43,769.33,769.43,0.01,63.21,49449.24,1
2025-03-27,2025-03-27 13:00:00,769.43,800.0,757.1,769.53,0.01,63.21,49449.24,1
2025-03-27,2025-03-27 13:01:00,769.53,769.64,769.53,769.64,0.01,63.21,49449.24,1
2025-03-27,2025-03-27 13:02:00,769.64,769.74,769.64,769.74,0.01,63.21,49449.24,1
2025-03-27,2025-03-27 13:03:00,769.74,769.84,769.74,769.84,0.01,63.21,49449.24,1
2025-03-27,2025-03-27 13:04:00,769.84,769.94,769.84,769.94,0.01,63.21,49449.24,1
2025-03-27,2025-03-27 13:05:00,769.94,770.05,769.94,770.05,0.01,63.21,49449.24,1
2025-03-27,2025-03-27 13:06:00,770.05,770.15,770.05,770.15,0.01,63.21,49449.24,1
2025-03-27,2025-03-27 13:07:00,770.15,770.25,770.15,770.25,0.01,63.21,49449.24,1
2025-03-27,2025-03-27 13:08:00,770.25,770.35,770.25,770.35,0.01,63.21,49449.24,1
2025-03-27,2025-03-27 13:09:00,770.35,770.46,770.35,770.46,0.01,63.21,49449.24,1
2025-03-27,2025-03-27 13:10:00,770.46,770.56,770.46,770.56,0.01,63.21,49449.24,1
2025-03-27,2025-03-27 13:11:00,770.56,770.66,770.56,770.66,0.01,63.21,49449.24,1
2025-03-27,2025-03-27 13:12:00,770.66,770.77,770.66,770.77,0.01,63.21,49449.24,1
2025-03-27,2025-03-27 13:13:00,770.77,770.87,770.77,770.87,0.01,63.21,49449.24,1
2025-03-27,2025-03-27 13:14:00,770.87,770.97,770.87,770.97,0.01,63.21,49449.24,1
2025-03-27,2025-03-27 13:15:00,770.97,771.07,770.97,771.07,0.01,63.21,49449.24,1
2025-03-27,2025-03-27 13:16:00,771.07,771.18,771.07,771.18,0.01,63.21,49449.24,1
2025-03-27,2025-03-27 13:17:00,771.18,771.28,771.18,771.28,0.01,63.21,49449.24,1
2025-03-27,2025-03-27 13:18:00,771.28,771.38,771.28,771.38,0.01,63.21,49449.24,1
2025-03-27,2025-03-27 13:19:00,771.38,771.49,771.38,771.49,0.01,63.21,49449.24,1
2025-03-27,2025-03-27 13:20:00,771.49,771.59,771.49,771.59,0.01,63.21,49449.24,1
2025-03-27,2025-03-27 13:21:00,771.59,771.69,771.59,771.69,0.01,63.21,49449.24,1
2025-03-27,2025-03-27 13:22:00,771.69,771.79,771.69,771.79,0.01,63.21,49449.24,1
2025-03-27,2025-03-27 13:23:00,771.79,771.9,771.79,771.9,0.01,63.21,49449.24,1
2025-03-27,2025-03-27 13:24:00,771.9,772.0,771.9,772.0,0.01,63.21,49449.24,1
2025-03-27,2025-03-27 13:25:00,772.0,772.1,772.0,772.1,0.01,63.21,49449.24,1
2025-03-27,2025-03-27 13:26:00,772.1,772.2,772.1,772.2,0.01,63.21,49449.24,1
2025-03-27,2025-03-27 13:27:00,772.2,772.31,772.2,772.31,0.01,63.21,49449.24,1
2025-03-27,2025-03-27 13:28:00,772.31,772.41,772.31,772.41,0.01,63.21,49449.24,1
2025-03-27,2025-03-27 13:29:00,772.41,772.51,772.41,772.51,0.01,63.21,49449.24,1
2025-03-27,2025-03-27 13:30:00,772.51,772.62,772.51,772.62,0.01,63.21,49449.24,1
2025-03-27,2025-03-27 13:31:00,772.62,772.72,772.62,772.72,0.01,63.21,49449.24,1
2025-03-27,2025-03-27 13:32:00,772.72,772.82,772.72,772.82,0.01,63.21,49449.24,1
2025-03-27,2025-03-27 13:33:00,772.82,772.92,772.82,772.92,0.01,63.21,49449.24,1
2025-03-27,2025-03-27 13:34:00,772.92,773.03,772.92,773.03,0.01,63.21,49449.24,1
2025-03-27,2025-03-27 13:35:00,773.03,773.13,773.03,773.13,0.01,63.21,49449.24,1
2025-03-27,2025-03-27 13:36:00,773.13,773.23,773.13,773.23,0.01,63.21,49449.24,1
2025-03-27,2025-03-27 13:37:00,773.23,773.33,773.23,773.33,0.01,63.21,49449.24,1
2025-03-27,2025-03-27 13:38:00,773.33,773.44,773.33,773.44,0.01,63.21,49449.24,1
2025-03-27,2025-03-27 13:39:00,773.44,773.54,773.44,773.54,0.01,63.21,49449.24,1
2025-03-27,2025-03-27 13:40:00,773.54,773.64,773.54,773.64,0.01,63.21,49449.24,1
2025-03-27,2025-03-27 13:41:00,773.64,773.75,773.64,773.75,0.01,63.21,49449.24,1
2025-03-27,2025-03-27 13:42:00,773.75,773.85,773.75,773.85,0.01,63.21,49449.24,1
2025-03-27,2025-03-27 13:43:00,773.85,773.95,773.85,773.95,0.01,63.21,49449.24,1
2025-03-27,2025-03-27 13:44:00,773.95,774.05,773.95,774.05,0.01,63.21,49449.24,1
2025-03-27,2025-03-27 13:45:00,774.05,774.16,774.05,774.16,0.01,63.21,49449.24,1
2025-03-27,2025-03-27 13:46:00,774.16,774.26,774.16,774.26,0.01,63.21,49449.24,1
2025-03-27,2025-03-27 13:47:00,774.26,774.36,774.26,774.36,0.01,63.21,49449.24,1
2025-03-27,2025-03-27 13:48:00,774.36,774.46,774.36,774.46,0.01,63.21,49449.24,1
2025-03-27,2025-03-27 13:49:00,774.46,774.57,774.46,774.57,0.01,63.21,49449.24,1
2025-03-27,2025-03-27 13:50:00,774.57,774.67,774.57,774.67,0.01,63.21,49449.24,1
2025-03-27,2025-03-27 13:51:00,774.67,774.77,774.67,774.77,0.01,63.21,49449.24,1
2025-03-27,2025-03-27 13:52:00,774.77,774.88,774.77,774.88,0.01,63.21,49449.24,1
2025-03-27,2025-03-27 13:53:00,774.88,774.98,774.88,774.98,0.01,63.21,49449.24,1
2025-03-27,2025-03-27 13:54:00,774.98,775.08,774.98,775.08,0.01,63.21,49449.24,1
2025-03-27,2025-03-27 13:55:00,775.08,775.18,775.08,775.18,0.01,63.21,49449.24,1
2025-03-27,2025-03-27 13:56:00,775.18,775.29,775.18,775.29,0.01,63.21,49449.24,1
2025-03-27,2025-03-27 13:57:00,775.29,775.39,775.29,775.39,0.01,63.21,49449.24,1
2025-03-27,2025-03-27 13:58:00,775.39,775.49,775.39,775.49,0.01,63.21,49449.24,1
2025-03-27,2025-03-27 13:59:00,775.49,775.6,775.49,775.6,0.01,63.21,49449.24,1
2025-03-27,2025-03-27 14:00:00,775.6,775.7,775.6,775.7,0.01,63.21,49449.24,1
2025-03-27,2025-03-27 14:01:00,775.7,775.8,775.7,775.8,0.01,63.21,49449.24,1
2025-03-27,2025-03-27 14:02:00,775.8,775.9,775.8,775.9,0.01,63.21,49449.24,1
2025-03-27,2025-03-27 14:03:00,775.9,776.01,775.9,776.01,0.01,63.21,49449.24,1
2025-03-27,2025-03-27 14:04:00,776.01,776.11,776.01,776.11,0.01,63.21,49449.24,1
2025-03-27,2025-03-27 14:05:00,776.11,776.21,776.11,776.21,0.01,63.21,49449.24,1
2025-03-27,2025-03-27 14:06:00,776.21,776.31,776.21,776.31,0.01,63.21,49449.24,1
2025-03-27,2025-03-27 14:07:00,776.31,776.42,776.31,776.42,0.01,63.21,49449.24,1
2025-03-27,2025-03-27 14:08:00,776.42,776.52,776.42,776.52,0.01,63.21,49449.24,1
2025-03-27,2025-03-27 14:09:00,776.52,776.62,776.52,776.62,0.01,63.21,49449.24,1
2025-03-27,2025-03-27 14:10:00,776.62,776.73,776.62,776.73,0.01,63.21,49449.24,1
2025-03-27,2025-03-27 14:11:00,776.73,776.83,776.73,776.83,0.01,63.21,49449.24,1
2025-03-27,2025-03-27 14:12:00,776.83,776.93,776.83,776.93,0.01,63.21,49449.24,1
2025-03-27,2025-03-27 14:13:00,776.93,777.03,776.93,777.03,0.01,63.21,49449.24,1
2025-03-27,2025-03-27 14:14:00,777.03,777.14,777.03,777.14,0.01,63.21,49449.24,1
2025-03-27,2025-03-27 14:15:00,777.14,777.24,777.14,777.24,0.01,63.21,49449.24,1
2025-03-27,2025-03-27 14:16:00,777.24,777.34,777.24,777.34,0.01,63.21,49449.24,1
2025-03-27,2025-03-27 14:17:00,777.34,777.44,777.34,777.44,0.01,63.21,49449.24,1
2025-03-27,2025-03-27 14:18:00,777.44,777.55,777.44,777.55,0.01,63.21,49449.24,1
2025-03-27,2025-03-27 14:19:00,777.55,777.65,777.55,777.65,0.01,63.21,49449.24,1
2025-03-27,2025-03-27 14:20:00,777.65,777.75,777.65,777.75,0.01,63.21,49449.24,1
2025-03-27,2025-03-27 14:21:00,777.75,777.86,777.75,777.86,0.01,63.21,49449.24,1
2025-03-27,2025-03-27 14:22:00,777.86,777.96,777.86,777.96,0.01,63.21,49449.24,1
2025-03-27,2025-03-27 14:23:00,777.96,778.06,777.96,778.06,0.01,63.21,49449.24,1
2025-03-27,2025-03-27 14:24:00,778.06,778.16,778.06,778.16,0.01,63.21,49449.24,1
2025-03-27,2025-03-27 14:25:00,778.16,778.27,778.16,778.27,0.01,63.21,49449.24,1
2025-03-27,2025-03-27 14:26:00,778.27,778.37,778.27,778.37,0.01,63.21,49449.24,1
2025-03-27,2025-03-27 14:27:00,778.37,778.47,778.37,778.47,0.01,63.21,49449.24,1
2025-03-27,2025-03-27 14:28:00,778.47,778.57,778.47,778.57,0.01,63.21,49449.24,1
2025-03-27,2025-03-27 14:29:00,778.57,778.68,778.57,778.68,0.01,63.21,49449.24,1
2025-03-27,2025-03-27 14:30:00,778.68,778.78,778.68,778.78,0.01,63.21,49449.24,1
2025-03-27,2025-03-27 14:31:00,778.78,778.88,778.78,778.88,0.01,63.21,49449.24,1
2025-03-27,2025-03-27 14:32:00,778.88,778.99,778.88,778.99,0.01,63.21,49449.24,1
2025-03-27,2025-03-27 14:33:00,778.99,779.09,778.99,779.09,0.01,63.21,49449.24,1
2025-03-27,2025-03-27 14:34:00,779.09,779.19,779.09,779.19,0.01,63.21,49449.24,1
2025-03-27,2025-03-27 14:35:00,779.19,779.29,779.19,779.29,0.01,63.21,49449.24,1
2025-03-27,2025-03-27 14:36:00,779.29,779.4,779.29,779.4,0.01,63.21,49449.24,1
2025-03-27,2025-03-27 14:37:00,779.4,779.5,779.4,779.5,0.01,63.21,49449.24,1
2025-03-27,2025-03-27 14:38:00,779.5,779.6,779.5,779.6,0.01,63.21,49449.24,1
2025-03-27,2025-03-27 14:39:00,779.6,779.71,779.6,779.71,0.01,63.21,49449.24,1
2025-03-27,2025-03-27 14:40:00,779.71,779.81,779.71,779.81,0.01,63.21,49449.24,1
2025-03-27,2025-03-27 14:41:00,779.81,779.91,779.81,779.91,0.01,63.21,49449.24,1
2025-03-27,2025-03-27 14:42:00,779.91,780.01,779.91,780.01,0.01,63.21,49449.24,1
2025-03-27,2025-03-27 14:43:00,780.01,780.12,780.01,780.12,0.01,63.21,49449.24,1
2025-03-27,2025-03-27 14:44:00,780.12,780.22,780.12,780.22,0.01,63.21,49449.24,1
2025-03-27,2025-03-27 14:45:00,780.22,780.32,780.22,780.32,0.01,63.21,49449.24,1
2025-03-27,2025-03-27 14:46:00,780.32,780.42,780.32,780.42,0.01,63.21,49449.24,1
2025-03-27,2025-03-27 14:47:00,780.42,780.53,780.42,780.53,0.01,63.21,49449.24,1
2025-03-27,2025-03-27 14:48:00,780.53,780.63,780.53,780.63,0.01,63.21,49449.24,1
2025-03-27,2025-03-27 14:49:00,780.63,780.73,780.63,780.73,0.01,63.21,49449.24,1
2025-03-27,2025-03-27 14:50:00,780.73,780.84,780.73,780.84,0.01,63.21,49449.24,1
2025-03-27,2025-03-27 14:51:00,780.84,780.94,780.84,780.94,0.01,63.21,49449.24,1
2025-03-27,2025-03-27 14:52:00,780.94,781.04,780.94,781.04,0.01,63.21,49449.24,1
2025-03-27,2025-03-27 14:53:00,781.04,781.14,781.04,781.14,0.01,63.21,49449.24,1
2025-03-27,2025-03-27 14:54:00,781.14,781.25,781.14,781.25,0.01,63.21,49449.24,1
2025-03-27,2025-03-27 14:55:00,781.25,781.35,781.25,781.35,0.01,63.21,49449.24,1
2025-03-27,2025-03-27 14:56:00,781.35,781.45,781.35,781.45,0.01,63.21,49449.24,1
2025-03-27,2025-03-27 14:57:00,781.45,781.55,781.45,781.55,0.01,63.21,49449.24,1
2025-03-27,2025-03-27 14:58:00,781.55,781.66,781.55,781.66,0.01,63.21,49449.24,1
2025-03-27,2025-03-27 14:59:00,781.66,781.76,781.66,781.76,0.01,63.21,49449.24,1
2025-03-27,2025-03-27 15:00:00,781.76,800.0,757.1,781.76,0.0,63.21,49449.24,0
2025-03-30,2025-03-30 11:00:00,797.3,801.11,788.84,797.31,0.0,100.92,80504.4,1
2025-03-30,2025-03-30 11:01:00,797.31,797.33,797.31,797.33,0.0,100.92,80504.4,1
2025-03-30,2025-03-30 11:02:00,797.33,797.34,797.33,797.34,0.0,100.92,80504.4,1
2025-03-30,2025-03-30 11:03:00,797.34,797.36,797.34,797.36,0.0,100.92,80504.4,1
2025-03-30,2025-03-30 11:04:00,797.36,797.37,797.36,797.37,0.0,100.92,80504.4,1
2025-03-30,2025-03-30 11:05:00,797.37,797.38,797.37,797.38,0.0,100.92,80504.4,1
2025-03-30,2025-03-30 11:06:00,797.38,797.4,797.38,797.4,0.0,100.92,80504.4,1
2025-03-30,2025-03-30 11:07:00,797.4,797.41,797.4,797.41,0.0,100.92,80504.4,1
2025-03-30,2025-03-30 11:08:00,797.41,797.43,797.41,797.43,0.0,100.92,80504.4,1
2025-03-30,2025-03-30 11:09:00,797.43,797.44,797.43,797.44,0.0,100.92,80504.4,1
2025-03-30,2025-03-30 11:10:00,797.44,797.46,797.44,797.46,0.0,100.92,80504.4,1
2025-03-30,2025-03-30 11:11:00,797.46,797.47,797.46,797.47,0.0,100.92,80504.4,1
2025-03-30,2025-03-30 11:12:00,797.47,797.48,797.47,797.48,0.0,100.92,80504.4,1
2025-03-30,2025-03-30 11:13:00,797.48,797.5,797.48,797.5,0.0,100.92,80504.4,1
2025-03-30,2025-03-30 11:14:00,797.5,797.51,797.5,797.51,0.0,100.92,80504.4,1
2025-03-30,2025-03-30 11:15:00,797.51,797.53,797.51,797.53,0.0,100.92,80504.4,1
2025-03-30,2025-03-30 11:16:00,797.53,797.54,797.53,797.54,0.0,100.92,80504.4,1
2025-03-30,2025-03-30 11:17:00,797.54,797.55,797.54,797.55,0.0,100.92,80504.4,1
2025-03-30,2025-03-30 11:18:00,797.55,797.57,797.55,797.57,0.0,100.92,80504.4,1
2025-03-30,2025-03-30 11:19:00,797.57,797.58,797.57,797.58,0.0,100.92,80504.4,1
2025-03-30,2025-03-30 11:20:00,797.58,797.6,797.58,797.6,0.0,100.92,80504.4,1
2025-03-30,2025-03-30 11:21:00,797.6,797.61,797.6,797.61,0.0,100.92,80504.4,1
2025-03-30,2025-03-30 11:22:00,797.61,797.63,797.61,797.63,0.0,100.92,80504.4,1
2025-03-30,2025-03-30 11:23:00,797.63,797.64,797.63,797.64,0.0,100.92,80504.4,1
2025-03-30,2025-03-30 11:24:00,797.64,797.65,797.64,797.65,0.0,100.92,80504.4,1
2025-03-30,2025-03-30 11:25:00,797.65,797.67,797.65,797.67,0.0,100.92,80504.4,1
2025-03-30,2025-03-30 11:26:00,797.67,797.68,797.67,797.68,0.0,100.92,80504.4,1
2025-03-30,2025-03-30 11:27:00,797.68,797.7,797.68,797.7,0.0,100.92,80504.4,1
2025-03-30,2025-03-30 11:28:00,797.7,797.71,797.7,797.71,0.0,100.92,80504.4,1
2025-03-30,2025-03-30 11:29:00,797.71,797.72,797.71,797.72,0.0,100.92,80504.4,1
2025-03-30,2025-03-30 11:30:00,797.72,797.74,797.72,797.74,0.0,100.92,80504.4,1
2025-03-30,2025-03-30 11:31:00,797.74,797.75,797.74,797.75,0.0,100.92,80504.4,1
2025-03-30,2025-03-30 11:32:00,797.75,797.77,797.75,797.77,0.0,100.92,80504.4,1
2025-03-30,2025-03-30 11:33:00,797.77,797.78,797.77,797.78,0.0,100.92,80504.4,1
2025-03-30,2025-03-30 11:34:00,797.78,797.8,797.78,797.8,0.0,100.92,80504.4,1
2025-03-30,2025-03-30 11:35:00,797.8,797.81,797.8,797.81,0.0,100.92,80504.4,1
2025-03-30,2025-03-30 11:36:00,797.81,797.82,797.81,797.82,0.0,100.92,80504.4,1
2025-03-30,2025-03-30 11:37:00,797.82,797.84,797.82,797.84,0.0,100.92,80504.4,1
2025-03-30,2025-03-30 11:38:00,797.84,797.85,797.84,797.85,0.0,100.92,80504.4,1
2025-03-30,2025-03-30 11:39:00,797.85,797.87,797.85,797.87,0.0,100.92,80504.4,1
2025-03-30,2025-03-30 11:40:00,797.87,797.88,797.87,797.88,0.0,100.92,80504.4,1
2025-03-30,2025-03-30 11:41:00,797.88,797.89,797.88,797.89,0.0,100.92,80504.4,1
2025-03-30,2025-03-30 11:42:00,797.89,797.91,797.89,797.91,0.0,100.92,80504.4,1
2025-03-30,2025-03-30 11:43:00,797.91,797.92,797.91,797.92,0.0,100.92,80504.4,1
2025-03-30,2025-03-30 11:44:00,797.92,797.94,797.92,797.94,0.0,100.92,80504.4,1
2025-03-30,2025-03-30 11:45:00,797.94,797.95,797.94,797.95,0.0,100.92,80504.4,1
2025-03-30,2025-03-30 11:46:00,797.95,797.97,797.95,797.97,0.0,100.92,80504.4,1
2025-03-30,2025-03-30 11:47:00,797.97,797.98,797.97,797.98,0.0,100.92,80504.4,1
2025-03-30,2025-03-30 11:48:00,797.98,797.99,797.98,797.99,0.0,100.92,80504.4,1
2025-03-30,2025-03-30 11:49:00,797.99,798.01,797.99,798.01,0.0,100.92,80504.4,1
2025-03-30,2025-03-30 11:50:00,798.01,798.02,798.01,798.02,0.0,100.92,80504.4,1
2025-03-30,2025-03-30 11:51:00,798.02,798.04,798.02,798.04,0.0,100.92,80504.4,1
2025-03-30,2025-03-30 11:52:00,798.04,798.05,798.04,798.05,0.0,100.92,80504.4,1
2025-03-30,2025-03-30 11:53:00,798.05,798.06,798.05,798.06,0.0,100.92,80504.4,1
2025-03-30,2025-03-30 11:54:00,798.06,798.08,798.06,798.08,0.0,100.92,80504.4,1
2025-03-30,2025-03-30 11:55:00,798.08,798.09,798.08,798.09,0.0,100.92,80504.4,1
2025-03-30,2025-03-30 11:56:00,798.09,798.11,798.09,798.11,0.0,100.92,80504.4,1
2025-03-30,2025-03-30 11:57:00,798.11,798.12,798.11,798.12,0.0,100.92,80504.4,1
2025-03-30,2025-03-30 11:58:00,798.12,798.14,798.12,798.14,0.0,100.92,80504.4,1
2025-03-30,2025-03-30 11:59:00,798.14,798.15,798.14,798.15,0.0,100.92,80504.4,1
2025-03-30,2025-03-30 12:00:00,798.15,798.16,798.15,798.16,0.0,100.92,80504.4,1
2025-03-30,2025-03-30 12:01:00,798.16,798.18,798.16,798.18,0.0,100.92,80504.4,1
2025-03-30,2025-03-30 12:02:00,798.18,798.19,798.18,798.19,0.0,100.92,80504.4,1
2025-03-30,2025-03-30 12:03:00,798.19,798.21,798.19,798.21,0.0,100.92,80504.4,1
2025-03-30,2025-03-30 12:04:00,798.21,798.22,798.21,798.22,0.0,100.92,80504.4,1
2025-03-30,2025-03-30 12:05:00,798.22,798.24,798.22,798.24,0.0,100.92,80504.4,1
2025-03-30,2025-03-30 12:06:00,798.24,798.25,798.24,798.25,0.0,100.92,80504.4,1
2025-03-30,2025-03-30 12:07:00,798.25,798.26,798.25,798.26,0.0,100.92,80504.4,1
2025-03-30,2025-03-30 12:08:00,798.26,798.28,798.26,798.28,0.0,100.92,80504.4,1
2025-03-30,2025-03-30 12:09:00,798.28,798.29,798.28,798.29,0.0,100.92,80504.4,1
2025-03-30,2025-03-30 12:10:00,798.29,798.31,798.29,798.31,0.0,100.92,80504.4,1
2025-03-30,2025-03-30 12:11:00,798.31,798.32,798.31,798.32,0.0,100.92,80504.4,1
2025-03-30,2025-03-30 12:12:00,798.32,798.33,798.32,798.33,0.0,100.92,80504.4,1
2025-03-30,2025-03-30 12:13:00,798.33,798.35,798.33,798.35,0.0,100.92,80504.4,1
2025-03-30,2025-03-30 12:14:00,798.35,798.36,798.35,798.36,0.0,100.92,80504.4,1
2025-03-30,2025-03-30 12:15:00,798.36,798.38,798.36,798.38,0.0,100.92,80504.4,1
2025-03-30,2025-03-30 12:16:00,798.38,798.39,798.38,798.39,0.0,100.92,80504.4,1
2025-03-30,2025-03-30 12:17:00,798.39,798.4,798.39,798.4,0.0,100.92,80504.4,1
2025-03-30,2025-03-30 12:18:00,798.4,798.42,798.4,798.42,0.0,100.92,80504.4,1
2025-03-30,2025-03-30 12:19:00,798.42,798.43,798.42,798.43,0.0,100.92,80504.4,1
2025-03-30,2025-03-30 12:20:00,798.43,798.45,798.43,798.45,0.0,100.92,80504.4,1
2025-03-30,2025-03-30 12:21:00,798.45,798.46,798.45,798.46,0.0,100.92,80504.4,1
2025-03-30,2025-03-30 12:22:00,798.46,798.48,798.46,798.48,0.0,100.92,80504.4,1
2025-03-30,2025-03-30 12:23:00,798.48,798.49,798.48,798.49,0.0,100.92,80504.4,1
2025-03-30,2025-03-30 12:24:00,798.49,798.5,798.49,798.5,0.0,100.92,80504.4,1
2025-03-30,2025-03-30 12:25:00,798.5,798.52,798.5,798.52,0.0,100.92,80504.4,1
2025-03-30,2025-03-30 12:26:00,798.52,798.53,798.52,798.53,0.0,100.92,80504.4,1
2025-03-30,2025-03-30 12:27:00,798.53,798.55,798.53,798.55,0.0,100.92,80504.4,1
2025-03-30,2025-03-30 12:28:00,798.55,798.56,798.55,798.56,0.0,100.92,80504.4,1
2025-03-30,2025-03-30 12:29:00,798.56,798.58,798.56,798.58,0.0,100.92,80504.4,1
2025-03-30,2025-03-30 12:30:00,798.58,798.59,798.58,798.59,0.0,100.92,80504.4,1
2025-03-30,2025-03-30 12:31:00,798.59,798.6,798.59,798.6,0.0,100.92,80504.4,1
2025-03-30,2025-03-30 12:32:00,798.6,798.62,798.6,798.62,0.0,100.92,80504.4,1
2025-03-30,2025-03-30 12:33:00,798.62,798.63,798.62,798.63,0.0,100.92,80504.4,1
2025-03-30,2025-03-30 12:34:00,798.63,798.65,798.63,798.65,0.0,100.92,80504.4,1
2025-03-30,2025-03-30 12:35:00,798.65,798.66,798.65,798.66,0.0,100.92,80504.4,1
2025-03-30,2025-03-30 12:36:00,798.66,798.67,798.66,798.67,0.0,100.92,80504.4,1
2025-03-30,2025-03-30 12:37:00,798.67,798.69,798.67,798.69,0.0,100.92,80504.4,1
2025-03-30,2025-03-30 12:38:00,798.69,798.7,798.69,798.7,0.0,100.92,80504.4,1
2025-03-30,2025-03-30 12:39:00,798.7,798.72,798.7,798.72,0.0,100.92,80504.4,1
2025-03-30,2025-03-30 12:40:00,798.72,798.73,798.72,798.73,0.0,100.92,80504.4,1
2025-03-30,2025-03-30 12:41:00,798.73,798.75,798.73,798.75,0.0,100.92,80504.4,1
2025-03-30,2025-03-30 12:42:00,798.75,798.76,798.75,798.76,0.0,100.92,80504.4,1
2025-03-30,2025-03-30 12:43:00,798.76,798.77,798.76,798.77,0.0,100.92,80504.4,1
2025-03-30,2025-03-30 12:44:00,798.77,798.79,798.77,798.79,0.0,100.92,80504.4,1
2025-03-30,2025-03-30 12:45:00,798.79,798.8,798.79,798.8,0.0,100.92,80504.4,1
2025-03-30,2025-03-30 12:46:00,798.8,798.82,798.8,798.82,0.0,100.92,80504.4,1
2025-03-30,2025-03-30 12:47:00,798.82,798.83,798.82,798.83,0.0,100.92,80504.4,1
2025-03-30,2025-03-30 12:48:00,798.83,798.84,798.83,798.84,0.0,100.92,80504.4,1
2025-03-30,2025-03-30 12:49:00,798.84,798.86,798.84,798.86,0.0,100.92,80504.4,1
2025-03-30,2025-03-30 12:50:00,798.86,798.87,798.86,798.87,0.0,100.92,80504.4,1
2025-03-30,2025-03-30 12:51:00,798.87,798.89,798.87,798.89,0.0,100.92,80504.4,1
2025-03-30,2025-03-30 12:52:00,798.89,798.9,798.89,798.9,0.0,100.92,80504.4,1
2025-03-30,2025-03-30 12:53:00,798.9,798.91,798.9,798.91,0.0,100.92,80504.4,1
2025-03-30,2025-03-30 12:54:00,798.91,798.93,798.91,798.93,0.0,100.92,80504.4,1
2025-03-30,2025-03-30 12:55:00,798.93,798.94,798.93,798.94,0.0,100.92,80504.4,1
2025-03-30,2025-03-30 12:56:00,798.94,798.96,798.94,798.96,0.0,100.92,80504.4,1
2025-03-30,2025-03-30 12:57:00,798.96,798.97,798.96,798.97,0.0,100.92,80504.4,1
2025-03-30,2025-03-30 12:58:00,798.97,798.99,798.97,798.99,0.0,100.92,80504.4,1
2025-03-30,2025-03-30 12:59:00,798.99,799.0,798.99,799.0,0.0,100.92,80504.4,1
2025-03-30,2025-03-30 13:00:00,799.0,810.0,769.1,799.01,0.0,100.92,80504.4,1
2025-03-30,2025-03-30 13:01:00,799.01,799.03,799.01,799.03,0.0,100.92,80504.4,1
2025-03-30,2025-03-30 13:02:00,799.03,799.04,799.03,799.04,0.0,100.92,80504.4,1
2025-03-30,2025-03-30 13:03:00,799.04,799.06,799.04,799.06,0.0,100.92,80504.4,1
2025-03-30,2025-03-30 13:04:00,799.06,799.07,799.06,799.07,0.0,100.92,80504.4,1
2025-03-30,2025-03-30 13:05:00,799.07,799.09,799.07,799.09,0.0,100.92,80504.4,1
2025-03-30,2025-03-30 13:06:00,799.09,799.1,799.09,799.1,0.0,100.92,80504.4,1
2025-03-30,2025-03-30 13:07:00,799.1,799.11,799.1,799.11,0.0,100.92,80504.4,1
2025-03-30,2025-03-30 13:08:00,799.11,799.13,799.11,799.13,0.0,100.92,80504.4,1
2025-03-30,2025-03-30 13:09:00,799.13,799.14,799.13,799.14,0.0,100.92,80504.4,1
2025-03-30,2025-03-30 13:10:00,799.14,799.16,799.14,799.16,0.0,100.92,80504.4,1
2025-03-30,2025-03-30 13:11:00,799.16,799.17,799.16,799.17,0.0,100.92,80504.4,1
2025-03-30,2025-03-30 13:12:00,799.17,799.18,799.17,799.18,0.0,100.92,80504.4,1
2025-03-30,2025-03-30 13:13:00,799.18,799.2,799.18,799.2,0.0,100.92,80504.4,1
2025-03-30,2025-03-30 13:14:00,799.2,799.21,799.2,799.21,0.0,100.92,80504.4,1
2025-03-30,2025-03-30 13:15:00,799.21,799.23,799.21,799.23,0.0,100.92,80504.4,1
2025-03-30,2025-03-30 13:16:00,799.23,799.24,799.23,799.24,0.0,100.92,80504.4,1
2025-03-30,2025-03-30 13:17:00,799.24,799.25,799.24,799.25,0.0,100.92,80504.4,1
2025-03-30,2025-03-30 13:18:00,799.25,799.27,799.25,799.27,0.0,100.92,80504.4,1
2025-03-30,2025-03-30 13:19:00,799.27,799.28,799.27,799.28,0.0,100.92,80504.4,1
2025-03-30,2025-03-30 13:20:00,799.28,799.3,799.28,799.3,0.0,100.92,80504.4,1
2025-03-30,2025-03-30 13:21:00,799.3,799.31,799.3,799.31,0.0,100.92,80504.4,1
2025-03-30,2025-03-30 13:22:00,799.31,799.33,799.31,799.33,0.0,100.92,80504.4,1
2025-03-30,2025-03-30 13:23:00,799.33,799.34,799.33,799.34,0.0,100.92,80504.4,1
2025-03-30,2025-03-30 13:24:00,799.34,799.35,799.34,799.35,0.0,100.92,80504.4,1
2025-03-30,2025-03-30 13:25:00,799.35,799.37,799.35,799.37,0.0,100.92,80504.4,1
2025-03-30,2025-03-30 13:26:00,799.37,799.38,799.37,799.38,0.0,100.92,80504.4,1
2025-03-30,2025-03-30 13:27:00,799.38,799.4,799.38,799.4,0.0,100.92,80504.4,1
2025-03-30,2025-03-30 13:28:00,799.4,799.41,799.4,799.41,0.0,100.92,80504.4,1
2025-03-30,2025-03-30 13:29:00,799.41,799.42,799.41,799.42,0.0,100.92,80504.4,1
2025-03-30,2025-03-30 13:30:00,799.42,799.44,799.42,799.44,0.0,100.92,80504.4,1
2025-03-30,2025-03-30 13:31:00,799.44,799.45,799.44,799.45,0.0,100.92,80504.4,1
2025-03-30,2025-03-30 13:32:00,799.45,799.47,799.45,799.47,0.0,100.92,80504.4,1
2025-03-30,2025-03-30 13:33:00,799.47,799.48,799.47,799.48,0.0,100.92,80504.4,1
2025-03-30,2025-03-30 13:34:00,799.48,799.5,799.48,799.5,0.0,100.92,80504.4,1
2025-03-30,2025-03-30 13:35:00,799.5,799.51,799.5,799.51,0.0,100.92,80504.4,1
2025-03-30,2025-03-30 13:36:00,799.51,799.52,799.51,799.52,0.0,100.92,80504.4,1
2025-03-30,2025-03-30 13:37:00,799.52,799.54,799.52,799.54,0.0,100.92,80504.4,1
2025-03-30,2025-03-30 13:38:00,799.54,799.55,799.54,799.55,0.0,100.92,80504.4,1
2025-03-30,2025-03-30 13:39:00,799.55,799.57,799.55,799.57,0.0,100.92,80504.4,1
2025-03-30,2025-03-30 13:40:00,799.57,799.58,799.57,799.58,0.0,100.92,80504.4,1
2025-03-30,2025-03-30 13:41:00,799.58,799.6,799.58,799.6,0.0,100.92,80504.4,1
2025-03-30,2025-03-30 13:42:00,799.6,799.61,799.6,799.61,0.0,100.92,80504.4,1
2025-03-30,2025-03-30 13:43:00,799.61,799.62,799.61,799.62,0.0,100.92,80504.4,1
2025-03-30,2025-03-30 13:44:00,799.62,799.64,799.62,799.64,0.0,100.92,80504.4,1
2025-03-30,2025-03-30 13:45:00,799.64,799.65,799.64,799.65,0.0,100.92,80504.4,1
2025-03-30,2025-03-30 13:46:00,799.65,799.67,799.65,799.67,0.0,100.92,80504.4,1
2025-03-30,2025-03-30 13:47:00,799.67,799.68,799.67,799.68,0.0,100.92,80504.4,1
2025-03-30,2025-03-30 13:48:00,799.68,799.69,799.68,799.69,0.0,100.92,80504.4,1
2025-03-30,2025-03-30 13:49:00,799.69,799.71,799.69,799.71,0.0,100.92,80504.4,1
2025-03-30,2025-03-30 13:50:00,799.71,799.72,799.71,799.72,0.0,100.92,80504.4,1
2025-03-30,2025-03-30 13:51:00,799.72,799.74,799.72,799.74,0.0,100.92,80504.4,1
2025-03-30,2025-03-30 13:52:00,799.74,799.75,799.74,799.75,0.0,100.92,80504.4,1
2025-03-30,2025-03-30 13:53:00,799.75,799.76,799.75,799.76,0.0,100.92,80504.4,1
2025-03-30,2025-03-30 13:54:00,799.76,799.78,799.76,799.78,0.0,100.92,80504.4,1
2025-03-30,2025-03-30 13:55:00,799.78,799.79,799.78,799.79,0.0,100.92,80504.4,1
2025-03-30,2025-03-30 13:56:00,799.79,799.81,799.79,799.81,0.0,100.92,80504.4,1
2025-03-30,2025-03-30 13:57:00,799.81,799.82,799.81,799.82,0.0,100.92,80504.4,1
2025-03-30,2025-03-30 13:58:00,799.82,799.84,799.82,799.84,0.0,100.92,80504.4,1
2025-03-30,2025-03-30 13:59:00,799.84,799.85,799.84,799.85,0.0,100.92,80504.4,1
2025-03-30,2025-03-30 14:00:00,799.85,799.86,799.85,799.86,0.0,100.92,80504.4,1
2025-03-30,2025-03-30 14:01:00,799.86,799.88,799.86,799.88,0.0,100.92,80504.4,1
2025-03-30,2025-03-30 14:02:00,799.88,799.89,799.88,799.89,0.0,100.92,80504.4,1
2025-03-30,2025-03-30 14:03:00,799.89,799.91,799.89,799.91,0.0,100.92,80504.4,1
2025-03-30,2025-03-30 14:04:00,799.91,799.92,799.91,799.92,0.0,100.92,80504.4,1
2025-03-30,2025-03-30 14:05:00,799.92,799.94,799.92,799.94,0.0,100.92,80504.4,1
2025-03-30,2025-03-30 14:06:00,799.94,799.95,799.94,799.95,0.0,100.92,80504.4,1
2025-03-30,2025-03-30 14:07:00,799.95,799.96,799.95,799.96,0.0,100.92,80504.4,1
2025-03-30,2025-03-30 14:08:00,799.96,799.98,799.96,799.98,0.0,100.92,80504.4,1
2025-03-30,2025-03-30 14:09:00,799.98,799.99,799.98,799.99,0.0,100.92,80504.4,1
2025-03-30,2025-03-30 14:10:00,799.99,800.01,799.99,800.01,0.0,100.92,80504.4,1
2025-03-30,2025-03-30 14:11:00,800.01,800.02,800.01,800.02,0.0,100.92,80504.4,1
2025-03-30,2025-03-30 14:12:00,800.02,800.03,800.02,800.03,0.0,100.92,80504.4,1
2025-03-30,2025-03-30 14:13:00,800.03,800.05,800.03,800.05,0.0,100.92,80504.4,1
2025-03-30,2025-03-30 14:14:00,800.05,800.06,800.05,800.06,0.0,100.92,80504.4,1
2025-03-30,2025-03-30 14:15:00,800.06,800.08,800.06,800.08,0.0,100.92,80504.4,1
2025-03-30,2025-03-30 14:16:00,800.08,800.09,800.08,800.09,0.0,100.92,80504.4,1
2025-03-30,2025-03-30 14:17:00,800.09,800.11,800.09,800.11,0.0,100.92,80504.4,1
2025-03-30,2025-03-30 14:18:00,800.11,800.12,800.11,800.12,0.0,100.92,80504.4,1
2025-03-30,2025-03-30 14:19:00,800.12,800.13,800.12,800.13,0.0,100.92,80504.4,1
2025-03-30,2025-03-30 14:20:00,800.13,800.15,800.13,800.15,0.0,100.92,80504.4,1
2025-03-30,2025-03-30 14:21:00,800.15,800.16,800.15,800.16,0.0,100.92,80504.4,1
2025-03-30,2025-03-30 14:22:00,800.16,800.18,800.16,800.18,0.0,100.92,80504.4,1
2025-03-30,2025-03-30 14:23:00,800.18,800.19,800.18,800.19,0.0,100.92,80504.4,1
2025-03-30,2025-03-30 14:24:00,800.19,800.2,800.19,800.2,0.0,100.92,80504.4,1
2025-03-30,2025-03-30 14:25:00,800.2,800.22,800.2,800.22,0.0,100.92,80504.4,1
2025-03-30,2025-03-30 14:26:00,800.22,800.23,800.22,800.23,0.0,100.92,80504.4,1
2025-03-30,2025-03-30 14:27:00,800.23,800.25,800.23,800.25,0.0,100.92,80504.4,1
2025-03-30,2025-03-30 14:28:00,800.25,800.26,800.25,800.26,0.0,100.92,80504.4,1
2025-03-30,2025-03-30 14:29:00,800.26,800.28,800.26,800.28,0.0,100.92,80504.4,1
2025-03-30,2025-03-30 14:30:00,800.28,800.29,800.28,800.29,0.0,100.92,80504.4,1
2025-03-30,2025-03-30 14:31:00,800.29,800.3,800.29,800.3,0.0,100.92,80504.4,1
2025-03-30,2025-03-30 14:32:00,800.3,800.32,800.3,800.32,0.0,100.92,80504.4,1
2025-03-30,2025-03-30 14:33:00,800.32,800.33,800.32,800.33,0.0,100.92,80504.4,1
2025-03-30,2025-03-30 14:34:00,800.33,800.35,800.33,800.35,0.0,100.92,80504.4,1
2025-03-30,2025-03-30 14:35:00,800.35,800.36,800.35,800.36,0.0,100.92,80504.4,1
2025-03-30,2025-03-30 14:36:00,800.36,800.37,800.36,800.37,0.0,100.92,80504.4,1
2025-03-30,2025-03-30 14:37:00,800.37,800.39,800.37,800.39,0.0,100.92,80504.4,1
2025-03-30,2025-03-30 14:38:00,800.39,800.4,800.39,800.4,0.0,100.92,80504.4,1
2025-03-30,2025-03-30 14:39:00,800.4,800.42,800.4,800.42,0.0,100.92,80504.4,1
2025-03-30,2025-03-30 14:40:00,800.42,800.43,800.42,800.43,0.0,100.92,80504.4,1
2025-03-30,2025-03-30 14:41:00,800.43,800.45,800.43,800.45,0.0,100.92,80504.4,1
2025-03-30,2025-03-30 14:42:00,800.45,800.46,800.45,800.46,0.0,100.92,80504.4,1
2025-03-30,2025-03-30 14:43:00,800.46,800.47,800.46,800.47,0.0,100.92,80504.4,1
2025-03-30,2025-03-30 14:44:00,800.47,800.49,800.47,800.49,0.0,100.92,80504.4,1
2025-03-30,2025-03-30 14:45:00,800.49,800.5,800.49,800.5,0.0,100.92,80504.4,1
2025-03-30,2025-03-30 14:46:00,800.5,800.52,800.5,800.52,0.0,100.92,80504.4,1
2025-03-30,2025-03-30 14:47:00,800.52,800.53,800.52,800.53,0.0,100.92,80504.4,1
2025-03-30,2025-03-30 14:48:00,800.53,800.54,800.53,800.54,0.0,100.92,80504.4,1
2025-03-30,2025-03-30 14:49:00,800.54,800.56,800.54,800.56,0.0,100.92,80504.4,1
2025-03-30,2025-03-30 14:50:00,800.56,800.57,800.56,800.57,0.0,100.92,80504.4,1
2025-03-30,2025-03-30 14:51:00,800.57,800.59,800.57,800.59,0.0,100.92,80504.4,1
2025-03-30,2025-03-30 14:52:00,800.59,800.6,800.59,800.6,0.0,100.92,80504.4,1
2025-03-30,2025-03-30 14:53:00,800.6,800.62,800.6,800.62,0.0,100.92,80504.4,1
2025-03-30,2025-03-30 14:54:00,800.62,800.63,800.62,800.63,0.0,100.92,80504.4,1
2025-03-30,2025-03-30 14:55:00,800.63,800.64,800.63,800.64,0.0,100.92,80504.4,1
2025-03-30,2025-03-30 14:56:00,800.64,800.66,800.64,800.66,0.0,100.92,80504.4,1
2025-03-30,2025-03-30 14:57:00,800.66,800.67,800.66,800.67,0.0,100.92,80504.4,1
2025-03-30,2025-03-30 14:58:00,800.67,800.69,800.67,800.69,0.0,100.92,80504.4,1
2025-03-30,2025-03-30 14:59:00,800.69,800.7,800.69,800.7,0.0,100.92,80504.4,1
2025-03-30,2025-03-30 15:00:00,800.7,810.0,769.1,800.7,0.0,100.92,80504.4,0
2025-04-01,2025-04-01 11:00:00,816.7,816.7,806.59,816.59,-0.01,68.34,54347.26,-1
2025-04-01,2025-04-01 11:01:00,816.59,816.59,816.49,816.49,-0.01,68.34,54347.26,-1
2025-04-01,2025-04-01 11:02:00,816.49,816.49,816.38,816.38,-0.01,68.34,54347.26,-1
2025-04-01,2025-04-01 11:03:00,816.38,816.38,816.27,816.27,-0.01,68.34,54347.26,-1
2025-04-01,2025-04-01 11:04:00,816.27,816.27,816.17,816.17,-0.01,68.34,54347.26,-1
2025-04-01,2025-04-01 11:05:00,816.17,816.17,816.06,816.06,-0.01,68.34,54347.26,-1
2025-04-01,2025-04-01 11:06:00,816.06,816.06,815.96,815.96,-0.01,68.34,54347.26,-1
2025-04-01,2025-04-01 11:07:00,815.96,815.96,815.85,815.85,-0.01,68.34,54347.26,-1
2025-04-01,2025-04-01 11:08:00,815.85,815.85,815.74,815.74,-0.01,68.34,54347.26,-1
2025-04-01,2025-04-01 11:09:00,815.74,815.74,815.64,815.64,-0.01,68.34,54347.26,-1
2025-04-01,2025-04-01 11:10:00,815.64,815.64,815.53,815.53,-0.01,68.34,54347.26,-1
2025-04-01,2025-04-01 11:11:00,815.53,815.53,815.42,815.42,-0.01,68.34,54347.26,-1
2025-04-01,2025-04-01 11:12:00,815.42,815.42,815.32,815.32,-0.01,68.34,54347.26,-1
2025-04-01,2025-04-01 11:13:00,815.32,815.32,815.21,815.21,-0.01,68.34,54347.26,-1
2025-04-01,2025-04-01 11:14:00,815.21,815.21,815.11,815.11,-0.01,68.34,54347.26,-1
2025-04-01,2025-04-01 11:15:00,815.11,815.11,815.0,815.0,-0.01,68.34,54347.26,-1
2025-04-01,2025-04-01 11:16:00,815.0,815.0,814.89,814.89,-0.01,68.34,54347.26,-1
2025-04-01,2025-04-01 11:17:00,814.89,814.89,814.79,814.79,-0.01,68.34,54347.26,-1
2025-04-01,2025-04-01 11:18:00,814.79,814.79,814.68,814.68,-0.01,68.34,54347.26,-1
2025-04-01,2025-04-01 11:19:00,814.68,814.68,814.57,814.57,-0.01,68.34,54347.26,-1
2025-04-01,2025-04-01 11:20:00,814.57,814.57,814.47,814.47,-0.01,68.34,54347.26,-1
2025-04-01,2025-04-01 11:21:00,814.47,814.47,814.36,814.36,-0.01,68.34,54347.26,-1
2025-04-01,2025-04-01 11:22:00,814.36,814.36,814.26,814.26,-0.01,68.34,54347.26,-1
2025-04-01,2025-04-01 11:23:00,814.26,814.26,814.15,814.15,-0.01,68.34,54347.26,-1
2025-04-01,2025-04-01 11:24:00,814.15,814.15,814.04,814.04,-0.01,68.34,54347.26,-1
2025-04-01,2025-04-01 11:25:00,814.04,814.04,813.94,813.94,-0.01,68.34,54347.26,-1
2025-04-01,2025-04-01 11:26:00,813.94,813.94,813.83,813.83,-0.01,68.34,54347.26,-1
2025-04-01,2025-04-01 11:27:00,813.83,813.83,813.72,813.72,-0.01,68.34,54347.26,-1
2025-04-01,2025-04-01 11:28:00,813.72,813.72,813.62,813.62,-0.01,68.34,54347.26,-1
2025-04-01,2025-04-01 11:29:00,813.62,813.62,813.51,813.51,-0.01,68.34,54347.26,-1
2025-04-01,2025-04-01 11:30:00,813.51,813.51,813.4,813.4,-0.01,68.34,54347.26,-1
2025-04-01,2025-04-01 11:31:00,813.4,813.4,813.3,813.3,-0.01,68.34,54347.26,-1
2025-04-01,2025-04-01 11:32:00,813.3,813.3,813.19,813.19,-0.01,68.34,54347.26,-1
2025-04-01,2025-04-01 11:33:00,813.19,813.19,813.09,813.09,-0.01,68.34,54347.26,-1
2025-04-01,2025-04-01 11:34:00,813.09,813.09,812.98,812.98,-0.01,68.34,54347.26,-1
2025-04-01,2025-04-01 11:35:00,812.98,812.98,812.87,812.87,-0.01,68.34,54347.26,-1
2025-04-01,2025-04-01 11:36:00,812.87,812.87,812.77,812.77,-0.01,68.34,54347.26,-1
2025-04-01,2025-04-01 11:37:00,812.77,812.77,812.66,812.66,-0.01,68.34,54347.26,-1
2025-04-01,2025-04-01 11:38:00,812.66,812.66,812.55,812.55,-0.01,68.34,54347.26,-1
2025-04-01,2025-04-01 11:39:00,812.55,812.55,812.45,812.45,-0.01,68.34,54347.26,-1
2025-04-01,2025-04-01 11:40:00,812.45,812.45,812.34,812.34,-0.01,68.34,54347.26,-1
2025-04-01,2025-04-01 11:41:00,812.34,812.34,812.24,812.24,-0.01,68.34,54347.26,-1
2025-04-01,2025-04-01 11:42:00,812.24,812.24,812.13,812.13,-0.01,68.34,54347.26,-1
2025-04-01,2025-04-01 11:43:00,812.13,812.13,812.02,812.02,-0.01,68.34,54347.26,-1
2025-04-01,2025-04-01 11:44:00,812.02,812.02,811.92,811.92,-0.01,68.34,54347.26,-1
2025-04-01,2025-04-01 11:45:00,811.92,811.92,811.81,811.81,-0.01,68.34,54347.26,-1
2025-04-01,2025-04-01 11:46:00,811.81,811.81,811.7,811.7,-0.01,68.34,54347.26,-1
2025-04-01,2025-04-01 11:47:00,811.7,811.7,811.6,811.6,-0.01,68.34,54347.26,-1
2025-04-01,2025-04-01 11:48:00,811.6,811.6,811.49,811.49,-0.01,68.34,54347.26,-1
2025-04-01,2025-04-01 11:49:00,811.49,811.49,811.39,811.39,-0.01,68.34,54347.26,-1
2025-04-01,2025-04-01 11:50:00,811.39,811.39,811.28,811.28,-0.01,68.34,54347.26,-1
2025-04-01,2025-04-01 11:51:00,811.28,811.28,811.17,811.17,-0.01,68.34,54347.26,-1
2025-04-01,2025-04-01 11:52:00,811.17,811.17,811.07,811.07,-0.01,68.34,54347.26,-1
2025-04-01,2025-04-01 11:53:00,811.07,811.07,810.96,810.96,-0.01,68.34,54347.26,-1
2025-04-01,2025-04-01 11:54:00,810.96,810.96,810.85,810.85,-0.01,68.34,54347.26,-1
2025-04-01,2025-04-01 11:55:00,810.85,810.85,810.75,810.75,-0.01,68.34,54347.26,-1
2025-04-01,2025-04-01 11:56:00,810.75,810.75,810.64,810.64,-0.01,68.34,54347.26,-1
2025-04-01,2025-04-01 11:57:00,810.64,810.64,810.54,810.54,-0.01,68.34,54347.26,-1
2025-04-01,2025-04-01 11:58:00,810.54,810.54,810.43,810.43,-0.01,68.34,54347.26,-1
2025-04-01,2025-04-01 11:59:00,810.43,810.43,810.32,810.32,-0.01,68.34,54347.26,-1
2025-04-01,2025-04-01 12:00:00,810.32,810.32,810.22,810.22,-0.01,68.34,54347.26,-1
2025-04-01,2025-04-01 12:01:00,810.22,810.22,810.11,810.11,-0.01,68.34,54347.26,-1
2025-04-01,2025-04-01 12:02:00,810.11,810.11,810.0,810.0,-0.01,68.34,54347.26,-1
2025-04-01,2025-04-01 12:03:00,810.0,810.0,809.9,809.9,-0.01,68.34,54347.26,-1
2025-04-01,2025-04-01 12:04:00,809.9,809.9,809.79,809.79,-0.01,68.34,54347.26,-1
2025-04-01,2025-04-01 12:05:00,809.79,809.79,809.68,809.68,-0.01,68.34,54347.26,-1
2025-04-01,2025-04-01 12:06:00,809.68,809.68,809.58,809.58,-0.01,68.34,54347.26,-1
2025-04-01,2025-04-01 12:07:00,809.58,809.58,809.47,809.47,-0.01,68.34,54347.26,-1
2025-04-01,2025-04-01 12:08:00,809.47,809.47,809.37,809.37,-0.01,68.34,54347.26,-1
2025-04-01,2025-04-01 12:09:00,809.37,809.37,809.26,809.26,-0.01,68.34,54347.26,-1
2025-04-01,2025-04-01 12:10:00,809.26,809.26,809.15,809.15,-0.01,68.34,54347.26,-1
2025-04-01,2025-04-01 12:11:00,809.15,809.15,809.05,809.05,-0.01,68.34,54347.26,-1
2025-04-01,2025-04-01 12:12:00,809.05,809.05,808.94,808.94,-0.01,68.34,54347.26,-1
2025-04-01,2025-04-01 12:13:00,808.94,808.94,808.83,808.83,-0.01,68.34,54347.26,-1
2025-04-01,2025-04-01 12:14:00,808.83,808.83,808.73,808.73,-0.01,68.34,54347.26,-1
2025-04-01,2025-04-01 12:15:00,808.73,808.73,808.62,808.62,-0.01,68.34,54347.26,-1
2025-04-01,2025-04-01 12:16:00,808.62,808.62,808.52,808.52,-0.01,68.34,54347.26,-1
2025-04-01,2025-04-01 12:17:00,808.52,808.52,808.41,808.41,-0.01,68.34,54347.26,-1
2025-04-01,2025-04-01 12:18:00,808.41,808.41,808.3,808.3,-0.01,68.34,54347.26,-1
2025-04-01,2025-04-01 12:19:00,808.3,808.3,808.2,808.2,-0.01,68.34,54347.26,-1
2025-04-01,2025-04-01 12:20:00,808.2,808.2,808.09,808.09,-0.01,68.34,54347.26,-1
2025-04-01,2025-04-01 12:21:00,808.09,808.09,807.98,807.98,-0.01,68.34,54347.26,-1
2025-04-01,2025-04-01 12:22:00,807.98,807.98,807.88,807.88,-0.01,68.34,54347.26,-1
2025-04-01,2025-04-01 12:23:00,807.88,807.88,807.77,807.77,-0.01,68.34,54347.26,-1
2025-04-01,2025-04-01 12:24:00,807.77,807.77,807.67,807.67,-0.01,68.34,54347.26,-1
2025-04-01,2025-04-01 12:25:00,807.67,807.67,807.56,807.56,-0.01,68.34,54347.26,-1
2025-04-01,2025-04-01 12:26:00,807.56,807.56,807.45,807.45,-0.01,68.34,54347.26,-1
2025-04-01,2025-04-01 12:27:00,807.45,807.45,807.35,807.35,-0.01,68.34,54347.26,-1
2025-04-01,2025-04-01 12:28:00,807.35,807.35,807.24,807.24,-0.01,68.34,54347.26,-1
2025-04-01,2025-04-01 12:29:00,807.24,807.24,807.13,807.13,-0.01,68.34,54347.26,-1
2025-04-01,2025-04-01 12:30:00,807.13,807.13,807.03,807.03,-0.01,68.34,54347.26,-1
2025-04-01,2025-04-01 12:31:00,807.03,807.03,806.92,806.92,-0.01,68.34,54347.26,-1
2025-04-01,2025-04-01 12:32:00,806.92,806.92,806.81,806.81,-0.01,68.34,54347.26,-1
2025-04-01,2025-04-01 12:33:00,806.81,806.81,806.71,806.71,-0.01,68.34,54347.26,-1
2025-04-01,2025-04-01 12:34:00,806.71,806.71,806.6,806.6,-0.01,68.34,54347.26,-1
2025-04-01,2025-04-01 12:35:00,806.6,806.6,806.5,806.5,-0.01,68.34,54347.26,-1
2025-04-01,2025-04-01 12:36:00,806.5,806.5,806.39,806.39,-0.01,68.34,54347.26,-1
2025-04-01,2025-04-01 12:37:00,806.39,806.39,806.28,806.28,-0.01,68.34,54347.26,-1
2025-04-01,2025-04-01 12:38:00,806.28,806.28,806.18,806.18,-0.01,68.34,54347.26,-1
2025-04-01,2025-04-01 12:39:00,806.18,806.18,806.07,806.07,-0.01,68.34,54347.26,-1
2025-04-01,2025-04-01 12:40:00,806.07,806.07,805.96,805.96,-0.01,68.34,54347.26,-1
2025-04-01,2025-04-01 12:41:00,805.96,805.96,805.86,805.86,-0.01,68.34,54347.26,-1
2025-04-01,2025-04-01 12:42:00,805.86,805.86,805.75,805.75,-0.01,68.34,54347.26,-1
2025-04-01,2025-04-01 12:43:00,805.75,805.75,805.65,805.65,-0.01,68.34,54347.26,-1
2025-04-01,2025-04-01 12:44:00,805.65,805.65,805.54,805.54,-0.01,68.34,54347.26,-1
2025-04-01,2025-04-01 12:45:00,805.54,805.54,805.43,805.43,-0.01,68.34,54347.26,-1
2025-04-01,2025-04-01 12:46:00,805.43,805.43,805.33,805.33,-0.01,68.34,54347.26,-1
2025-04-01,2025-04-01 12:47:00,805.33,805.33,805.22,805.22,-0.01,68.34,54347.26,-1
2025-04-01,2025-04-01 12:48:00,805.22,805.22,805.11,805.11,-0.01,68.34,54347.26,-1
2025-04-01,2025-04-01 12:49:00,805.11,805.11,805.01,805.01,-0.01,68.34,54347.26,-1
2025-04-01,2025-04-01 12:50:00,805.01,805.01,804.9,804.9,-0.01,68.34,54347.26,-1
2025-04-01,2025-04-01 12:51:00,804.9,804.9,804.8,804.8,-0.01,68.34,54347.26,-1
2025-04-01,2025-04-01 12:52:00,804.8,804.8,804.69,804.69,-0.01,68.34,54347.26,-1
2025-04-01,2025-04-01 12:53:00,804.69,804.69,804.58,804.58,-0.01,68.34,54347.26,-1
2025-04-01,2025-04-01 12:54:00,804.58,804.58,804.48,804.48,-0.01,68.34,54347.26,-1
2025-04-01,2025-04-01 12:55:00,804.48,804.48,804.37,804.37,-0.01,68.34,54347.26,-1
2025-04-01,2025-04-01 12:56:00,804.37,804.37,804.26,804.26,-0.01,68.34,54347.26,-1
2025-04-01,2025-04-01 12:57:00,804.26,804.26,804.16,804.16,-0.01,68.34,54347.26,-1
2025-04-01,2025-04-01 12:58:00,804.16,804.16,804.05,804.05,-0.01,68.34,54347.26,-1
2025-04-01,2025-04-01 12:59:00,804.05,804.05,803.95,803.95,-0.01,68.34,54347.26,-1
2025-04-01,2025-04-01 13:00:00,803.95,816.7,783.0,803.84,-0.01,68.34,54347.26,-1
2025-04-01,2025-04-01 13:01:00,803.84,803.84,803.73,803.73,-0.01,68.34,54347.26,-1
2025-04-01,2025-04-01 13:02:00,803.73,803.73,803.63,803.63,-0.01,68.34,54347.26,-1
2025-04-01,2025-04-01 13:03:00,803.63,803.63,803.52,803.52,-0.01,68.34,54347.26,-1
2025-04-01,2025-04-01 13:04:00,803.52,803.52,803.41,803.41,-0.01,68.34,54347.26,-1
2025-04-01,2025-04-01 13:05:00,803.41,803.41,803.31,803.31,-0.01,68.34,54347.26,-1
2025-04-01,2025-04-01 13:06:00,803.31,803.31,803.2,803.2,-0.01,68.34,54347.26,-1
2025-04-01,2025-04-01 13:07:00,803.2,803.2,803.09,803.09,-0.01,68.34,54347.26,-1
2025-04-01,2025-04-01 13:08:00,803.09,803.09,802.99,802.99,-0.01,68.34,54347.26,-1
2025-04-01,2025-04-01 13:09:00,802.99,802.99,802.88,802.88,-0.01,68.34,54347.26,-1
2025-04-01,2025-04-01 13:10:00,802.88,802.88,802.78,802.78,-0.01,68.34,54347.26,-1
2025-04-01,2025-04-01 13:11:00,802.78,802.78,802.67,802.67,-0.01,68.34,54347.26,-1
2025-04-01,2025-04-01 13:12:00,802.67,802.67,802.56,802.56,-0.01,68.34,54347.26,-1
2025-04-01,2025-04-01 13:13:00,802.56,802.56,802.46,802.46,-0.01,68.34,54347.26,-1
2025-04-01,2025-04-01 13:14:00,802.46,802.46,802.35,802.35,-0.01,68.34,54347.26,-1
2025-04-01,2025-04-01 13:15:00,802.35,802.35,802.24,802.24,-0.01,68.34,54347.26,-1
2025-04-01,2025-04-01 13:16:00,802.24,802.24,802.14,802.14,-0.01,68.34,54347.26,-1
2025-04-01,2025-04-01 13:17:00,802.14,802.14,802.03,802.03,-0.01,68.34,54347.26,-1
2025-04-01,2025-04-01 13:18:00,802.03,802.03,801.93,801.93,-0.01,68.34,54347.26,-1
2025-04-01,2025-04-01 13:19:00,801.93,801.93,801.82,801.82,-0.01,68.34,54347.26,-1
2025-04-01,2025-04-01 13:20:00,801.82,801.82,801.71,801.71,-0.01,68.34,54347.26,-1
2025-04-01,2025-04-01 13:21:00,801.71,801.71,801.61,801.61,-0.01,68.34,54347.26,-1
2025-04-01,2025-04-01 13:22:00,801.61,801.61,801.5,801.5,-0.01,68.34,54347.26,-1
2025-04-01,2025-04-01 13:23:00,801.5,801.5,801.39,801.39,-0.01,68.34,54347.26,-1
2025-04-01,2025-04-01 13:24:00,801.39,801.39,801.29,801.29,-0.01,68.34,54347.26,-1
2025-04-01,2025-04-01 13:25:00,801.29,801.29,801.18,801.18,-0.01,68.34,54347.26,-1
2025-04-01,2025-04-01 13:26:00,801.18,801.18,801.08,801.08,-0.01,68.34,54347.26,-1
2025-04-01,2025-04-01 13:27:00,801.08,801.08,800.97,800.97,-0.01,68.34,54347.26,-1
2025-04-01,2025-04-01 13:28:00,800.97,800.97,800.86,800.86,-0.01,68.34,54347.26,-1
2025-04-01,2025-04-01 13:29:00,800.86,800.86,800.76,800.76,-0.01,68.34,54347.26,-1
2025-04-01,2025-04-01 13:30:00,800.76,800.76,800.65,800.65,-0.01,68.34,54347.26,-1
2025-04-01,2025-04-01 13:31:00,800.65,800.65,800.54,800.54,-0.01,68.34,54347.26,-1
2025-04-01,2025-04-01 13:32:00,800.54,800.54,800.44,800.44,-0.01,68.34,54347.26,-1
2025-04-01,2025-04-01 13:33:00,800.44,800.44,800.33,800.33,-0.01,68.34,54347.26,-1
2025-04-01,2025-04-01 13:34:00,800.33,800.33,800.22,800.22,-0.01,68.34,54347.26,-1
2025-04-01,2025-04-01 13:35:00,800.22,800.22,800.12,800.12,-0.01,68.34,54347.26,-1
2025-04-01,2025-04-01 13:36:00,800.12,800.12,800.01,800.01,-0.01,68.34,54347.26,-1
2025-04-01,2025-04-01 13:37:00,800.01,800.01,799.91,799.91,-0.01,68.34,54347.26,-1
2025-04-01,2025-04-01 13:38:00,799.91,799.91,799.8,799.8,-0.01,68.34,54347.26,-1
2025-04-01,2025-04-01 13:39:00,799.8,799.8,799.69,799.69,-0.01,68.34,54347.26,-1
2025-04-01,2025-04-01 13:40:00,799.69,799.69,799.59,799.59,-0.01,68.34,54347.26,-1
2025-04-01,2025-04-01 13:41:00,799.59,799.59,799.48,799.48,-0.01,68.34,54347.26,-1
2025-04-01,2025-04-01 13:42:00,799.48,799.48,799.37,799.37,-0.01,68.34,54347.26,-1
2025-04-01,2025-04-01 13:43:00,799.37,799.37,799.27,799.27,-0.01,68.34,54347.26,-1
2025-04-01,2025-04-01 13:44:00,799.27,799.27,799.16,799.16,-0.01,68.34,54347.26,-1
2025-04-01,2025-04-01 13:45:00,799.16,799.16,799.06,799.06,-0.01,68.34,54347.26,-1
2025-04-01,2025-04-01 13:46:00,799.06,799.06,798.95,798.95,-0.01,68.34,54347.26,-1
2025-04-01,2025-04-01 13:47:00,798.95,798.95,798.84,798.84,-0.01,68.34,54347.26,-1
2025-04-01,2025-04-01 13:48:00,798.84,798.84,798.74,798.74,-0.01,68.34,54347.26,-1
2025-04-01,2025-04-01 13:49:00,798.74,798.74,798.63,798.63,-0.01,68.34,54347.26,-1
2025-04-01,2025-04-01 13:50:00,798.63,798.63,798.52,798.52,-0.01,68.34,54347.26,-1
2025-04-01,2025-04-01 13:51:00,798.52,798.52,798.42,798.42,-0.01,68.34,54347.26,-1
2025-04-01,2025-04-01 13:52:00,798.42,798.42,798.31,798.31,-0.01,68.34,54347.26,-1
2025-04-01,2025-04-01 13:53:00,798.31,798.31,798.21,798.21,-0.01,68.34,54347.26,-1
2025-04-01,2025-04-01 13:54:00,798.21,798.21,798.1,798.1,-0.01,68.34,54347.26,-1
2025-04-01,2025-04-01 13:55:00,798.1,798.1,797.99,797.99,-0.01,68.34,54347.26,-1
2025-04-01,2025-04-01 13:56:00,797.99,797.99,797.89,797.89,-0.01,68.34,54347.26,-1
2025-04-01,2025-04-01 13:57:00,797.89,797.89,797.78,797.78,-0.01,68.34,54347.26,-1
2025-04-01,2025-04-01 13:58:00,797.78,797.78,797.67,797.67,-0.01,68.34,54347.26,-1
2025-04-01,2025-04-01 13:59:00,797.67,797.67,797.57,797.57,-0.01,68.34,54347.26,-1
2025-04-01,2025-04-01 14:00:00,797.57,797.57,797.46,797.46,-0.01,68.34,54347.26,-1
2025-04-01,2025-04-01 14:01:00,797.46,797.46,797.35,797.35,-0.01,68.34,54347.26,-1
2025-04-01,2025-04-01 14:02:00,797.35,797.35,797.25,797.25,-0.01,68.34,54347.26,-1
2025-04-01,2025-04-01 14:03:00,797.25,797.25,797.14,797.14,-0.01,68.34,54347.26,-1
2025-04-01,2025-04-01 14:04:00,797.14,797.14,797.04,797.04,-0.01,68.34,54347.26,-1
2025-04-01,2025-04-01 14:05:00,797.04,797.04,796.93,796.93,-0.01,68.34,54347.26,-1
2025-04-01,2025-04-01 14:06:00,796.93,796.93,796.82,796.82,-0.01,68.34,54347.26,-1
2025-04-01,2025-04-01 14:07:00,796.82,796.82,796.72,796.72,-0.01,68.34,54347.26,-1
2025-04-01,2025-04-01 14:08:00,796.72,796.72,796.61,796.61,-0.01,68.34,54347.26,-1
2025-04-01,2025-04-01 14:09:00,796.61,796.61,796.5,796.5,-0.01,68.34,54347.26,-1
2025-04-01,2025-04-01 14:10:00,796.5,796.5,796.4,796.4,-0.01,68.34,54347.26,-1
2025-04-01,2025-04-01 14:11:00,796.4,796.4,796.29,796.29,-0.01,68.34,54347.26,-1
2025-04-01,2025-04-01 14:12:00,796.29,796.29,796.19,796.19,-0.01,68.34,54347.26,-1
2025-04-01,2025-04-01 14:13:00,796.19,796.19,796.08,796.08,-0.01,68.34,54347.26,-1
2025-04-01,2025-04-01 14:14:00,796.08,796.08,795.97,795.97,-0.01,68.34,54347.26,-1
2025-04-01,2025-04-01 14:15:00,795.97,795.97,795.87,795.87,-0.01,68.34,54347.26,-1
2025-04-01,2025-04-01 14:16:00,795.87,795.87,795.76,795.76,-0.01,68.34,54347.26,-1
2025-04-01,2025-04-01 14:17:00,795.76,795.76,795.65,795.65,-0.01,68.34,54347.26,-1
2025-04-01,2025-04-01 14:18:00,795.65,795.65,795.55,795.55,-0.01,68.34,54347.26,-1
2025-04-01,2025-04-01 14:19:00,795.55,795.55,795.44,795.44,-0.01,68.34,54347.26,-1
2025-04-01,2025-04-01 14:20:00,795.44,795.44,795.34,795.34,-0.01,68.34,54347.26,-1
2025-04-01,2025-04-01 14:21:00,795.34,795.34,795.23,795.23,-0.01,68.34,54347.26,-1
2025-04-01,2025-04-01 14:22:00,795.23,795.23,795.12,795.12,-0.01,68.34,54347.26,-1
2025-04-01,2025-04-01 14:23:00,795.12,795.12,795.02,795.02,-0.01,68.34,54347.26,-1
2025-04-01,2025-04-01 14:24:00,795.02,795.02,794.91,794.91,-0.01,68.34,54347.26,-1
2025-04-01,2025-04-01 14:25:00,794.91,794.91,794.8,794.8,-0.01,68.34,54347.26,-1
2025-04-01,2025-04-01 14:26:00,794.8,794.8,794.7,794.7,-0.01,68.34,54347.26,-1
2025-04-01,2025-04-01 14:27:00,794.7,794.7,794.59,794.59,-0.01,68.34,54347.26,-1
2025-04-01,2025-04-01 14:28:00,794.59,794.59,794.49,794.49,-0.01,68.34,54347.26,-1
2025-04-01,2025-04-01 14:29:00,794.49,794.49,794.38,794.38,-0.01,68.34,54347.26,-1
2025-04-01,2025-04-01 14:30:00,794.38,794.38,794.27,794.27,-0.01,68.34,54347.26,-1
2025-04-01,2025-04-01 14:31:00,794.27,794.27,794.17,794.17,-0.01,68.34,54347.26,-1
2025-04-01,2025-04-01 14:32:00,794.17,794.17,794.06,794.06,-0.01,68.34,54347.26,-1
2025-04-01,2025-04-01 14:33:00,794.06,794.06,793.95,793.95,-0.01,68.34,54347.26,-1
2025-04-01,2025-04-01 14:34:00,793.95,793.95,793.85,793.85,-0.01,68.34,54347.26,-1
2025-04-01,2025-04-01 14:35:00,793.85,793.85,793.74,793.74,-0.01,68.34,54347.26,-1
2025-04-01,2025-04-01 14:36:00,793.74,793.74,793.63,793.63,-0.01,68.34,54347.26,-1
2025-04-01,2025-04-01 14:37:00,793.63,793.63,793.53,793.53,-0.01,68.34,54347.26,-1
2025-04-01,2025-04-01 14:38:00,793.53,793.53,793.42,793.42,-0.01,68.34,54347.26,-1
2025-04-01,2025-04-01 14:39:00,793.42,793.42,793.32,793.32,-0.01,68.34,54347.26,-1
2025-04-01,2025-04-01 14:40:00,793.32,793.32,793.21,793.21,-0.01,68.34,54347.26,-1
2025-04-01,2025-04-01 14:41:00,793.21,793.21,793.1,793.1,-0.01,68.34,54347.26,-1
2025-04-01,2025-04-01 14:42:00,793.1,793.1,793.0,793.0,-0.01,68.34,54347.26,-1
2025-04-01,2025-04-01 14:43:00,793.0,793.0,792.89,792.89,-0.01,68.34,54347.26,-1
2025-04-01,2025-04-01 14:44:00,792.89,792.89,792.78,792.78,-0.01,68.34,54347.26,-1
2025-04-01,2025-04-01 14:45:00,792.78,792.78,792.68,792.68,-0.01,68.34,54347.26,-1
2025-04-01,2025-04-01 14:46:00,792.68,792.68,792.57,792.57,-0.01,68.34,54347.26,-1
2025-04-01,2025-04-01 14:47:00,792.57,792.57,792.47,792.47,-0.01,68.34,54347.26,-1
2025-04-01,2025-04-01 14:48:00,792.47,792.47,792.36,792.36,-0.01,68.34,54347.26,-1
2025-04-01,2025-04-01 14:49:00,792.36,792.36,792.25,792.25,-0.01,68.34,54347.26,-1
2025-04-01,2025-04-01 14:50:00,792.25,792.25,792.15,792.15,-0.01,68.34,54347.26,-1
2025-04-01,2025-04-01 14:51:00,792.15,792.15,792.04,792.04,-0.01,68.34,54347.26,-1
2025-04-01,2025-04-01 14:52:00,792.04,792.04,791.93,791.93,-0.01,68.34,54347.26,-1
2025-04-01,2025-04-01 14:53:00,791.93,791.93,791.83,791.83,-0.01,68.34,54347.26,-1
2025-04-01,2025-04-01 14:54:00,791.83,791.83,791.72,791.72,-0.01,68.34,54347.26,-1
2025-04-01,2025-04-01 14:55:00,791.72,791.72,791.62,791.62,-0.01,68.34,54347.26,-1
2025-04-01,2025-04-01 14:56:00,791.62,791.62,791.51,791.51,-0.01,68.34,54347.26,-1
2025-04-01,2025-04-01 14:57:00,791.51,791.51,791.4,791.4,-0.01,68.34,54347.26,-1
2025-04-01,2025-04-01 14:58:00,791.4,791.4,791.3,791.3,-0.01,68.34,54347.26,-1
2025-04-01,2025-04-01 14:59:00,791.3,791.3,791.19,791.19,-0.01,68.34,54347.26,-1
2025-04-01,2025-04-01 15:00:00,791.19,816.7,783.0,791.19,0.0,68.34,54347.26,0
2025-04-02,2025-04-02 11:00:00,775.4,788.48,775.4,775.53,0.02,106.84,86111.12,1
2025-04-02,2025-04-02 11:01:00,775.53,775.66,775.53,775.66,0.02,106.84,86111.12,1
2025-04-02,2025-04-02 11:02:00,775.66,775.79,775.66,775.79,0.02,106.84,86111.12,1
2025-04-02,2025-04-02 11:03:00,775.79,775.92,775.79,775.92,0.02,106.84,86111.12,1
2025-04-02,2025-04-02 11:04:00,775.92,776.05,775.92,776.05,0.02,106.84,86111.12,1
2025-04-02,2025-04-02 11:05:00,776.05,776.18,776.05,776.18,0.02,106.84,86111.12,1
2025-04-02,2025-04-02 11:06:00,776.18,776.31,776.18,776.31,0.02,106.84,86111.12,1
2025-04-02,2025-04-02 11:07:00,776.31,776.44,776.31,776.44,0.02,106.84,86111.12,1
2025-04-02,2025-04-02 11:08:00,776.44,776.58,776.44,776.58,0.02,106.84,86111.12,1
2025-04-02,2025-04-02 11:09:00,776.58,776.71,776.58,776.71,0.02,106.84,86111.12,1
2025-04-02,2025-04-02 11:10:00,776.71,776.84,776.71,776.84,0.02,106.84,86111.12,1
2025-04-02,2025-04-02 11:11:00,776.84,776.97,776.84,776.97,0.02,106.84,86111.12,1
2025-04-02,2025-04-02 11:12:00,776.97,777.1,776.97,777.1,0.02,106.84,86111.12,1
2025-04-02,2025-04-02 11:13:00,777.1,777.23,777.1,777.23,0.02,106.84,86111.12,1
2025-04-02,2025-04-02 11:14:00,777.23,777.36,777.23,777.36,0.02,106.84,86111.12,1
2025-04-02,2025-04-02 11:15:00,777.36,777.49,777.36,777.49,0.02,106.84,86111.12,1
2025-04-02,2025-04-02 11:16:00,777.49,777.62,777.49,777.62,0.02,106.84,86111.12,1
2025-04-02,2025-04-02 11:17:00,777.62,777.75,777.62,777.75,0.02,106.84,86111.12,1
2025-04-02,2025-04-02 11:18:00,777.75,777.88,777.75,777.88,0.02,106.84,86111.12,1
2025-04-02,2025-04-02 11:19:00,777.88,778.01,777.88,778.01,0.02,106.84,86111.12,1
2025-04-02,2025-04-02 11:20:00,778.01,778.14,778.01,778.14,0.02,106.84,86111.12,1
2025-04-02,2025-04-02 11:21:00,778.14,778.27,778.14,778.27,0.02,106.84,86111.12,1
2025-04-02,2025-04-02 11:22:00,778.27,778.4,778.27,778.4,0.02,106.84,86111.12,1
2025-04-02,2025-04-02 11:23:00,778.4,778.53,778.4,778.53,0.02,106.84,86111.12,1
2025-04-02,2025-04-02 11:24:00,778.53,778.67,778.53,778.67,0.02,106.84,86111.12,1
2025-04-02,2025-04-02 11:25:00,778.67,778.8,778.67,778.8,0.02,106.84,86111.12,1
2025-04-02,2025-04-02 11:26:00,778.8,778.93,778.8,778.93,0.02,106.84,86111.12,1
2025-04-02,2025-04-02 11:27:00,778.93,779.06,778.93,779.06,0.02,106.84,86111.12,1
2025-04-02,2025-04-02 11:28:00,779.06,779.19,779.06,779.19,0.02,106.84,86111.12,1
2025-04-02,2025-04-02 11:29:00,779.19,779.32,779.19,779.32,0.02,106.84,86111.12,1
2025-04-02,2025-04-02 11:30:00,779.32,779.45,779.32,779.45,0.02,106.84,86111.12,1
2025-04-02,2025-04-02 11:31:00,779.45,779.58,779.45,779.58,0.02,106.84,86111.12,1
2025-04-02,2025-04-02 11:32:00,779.58,779.71,779.58,779.71,0.02,106.84,86111.12,1
2025-04-02,2025-04-02 11:33:00,779.71,779.84,779.71,779.84,0.02,106.84,86111.12,1
2025-04-02,2025-04-02 11:34:00,779.84,779.97,779.84,779.97,0.02,106.84,86111.12,1
2025-04-02,2025-04-02 11:35:00,779.97,780.1,779.97,780.1,0.02,106.84,86111.12,1
2025-04-02,2025-04-02 11:36:00,780.1,780.23,780.1,780.23,0.02,106.84,86111.12,1
2025-04-02,2025-04-02 11:37:00,780.23,780.36,780.23,780.36,0.02,106.84,86111.12,1
2025-04-02,2025-04-02 11:38:00,780.36,780.49,780.36,780.49,0.02,106.84,86111.12,1
2025-04-02,2025-04-02 11:39:00,780.49,780.62,780.49,780.62,0.02,106.84,86111.12,1
2025-04-02,2025-04-02 11:40:00,780.62,780.76,780.62,780.76,0.02,106.84,86111.12,1
2025-04-02,2025-04-02 11:41:00,780.76,780.89,780.76,780.89,0.02,106.84,86111.12,1
2025-04-02,2025-04-02 11:42:00,780.89,781.02,780.89,781.02,0.02,106.84,86111.12,1
2025-04-02,2025-04-02 11:43:00,781.02,781.15,781.02,781.15,0.02,106.84,86111.12,1
2025-04-02,2025-04-02 11:44:00,781.15,781.28,781.15,781.28,0.02,106.84,86111.12,1
2025-04-02,2025-04-02 11:45:00,781.28,781.41,781.28,781.41,0.02,106.84,86111.12,1
2025-04-02,2025-04-02 11:46:00,781.41,781.54,781.41,781.54,0.02,106.84,86111.12,1
2025-04-02,2025-04-02 11:47:00,781.54,781.67,781.54,781.67,0.02,106.84,86111.12,1
2025-04-02,2025-04-02 11:48:00,781.67,781.8,781.67,781.8,0.02,106.84,86111.12,1
2025-04-02,2025-04-02 11:49:00,781.8,781.93,781.8,781.93,0.02,106.84,86111.12,1
2025-04-02,2025-04-02 11:50:00,781.93,782.06,781.93,782.06,0.02,106.84,86111.12,1
2025-04-02,2025-04-02 11:51:00,782.06,782.19,782.06,782.19,0.02,106.84,86111.12,1
2025-04-02,2025-04-02 11:52:00,782.19,782.32,782.19,782.32,0.02,106.84,86111.12,1
2025-04-02,2025-04-02 11:53:00,782.32,782.45,782.32,782.45,0.02,106.84,86111.12,1
2025-04-02,2025-04-02 11:54:00,782.45,782.58,782.45,782.58,0.02,106.84,86111.12,1
2025-04-02,2025-04-02 11:55:00,782.58,782.72,782.58,782.72,0.02,106.84,86111.12,1
2025-04-02,2025-04-02 11:56:00,782.72,782.85,782.72,782.85,0.02,106.84,86111.12,1
2025-04-02,2025-04-02 11:57:00,782.85,782.98,782.85,782.98,0.02,106.84,86111.12,1
2025-04-02,2025-04-02 11:58:00,782.98,783.11,782.98,783.11,0.02,106.84,86111.12,1
2025-04-02,2025-04-02 11:59:00,783.11,783.24,783.11,783.24,0.02,106.84,86111.12,1
2025-04-02,2025-04-02 12:00:00,783.24,783.37,783.24,783.37,0.02,106.84,86111.12,1
2025-04-02,2025-04-02 12:01:00,783.37,783.5,783.37,783.5,0.02,106.84,86111.12,1
2025-04-02,2025-04-02 12:02:00,783.5,783.63,783.5,783.63,0.02,106.84,86111.12,1
2025-04-02,2025-04-02 12:03:00,783.63,783.76,783.63,783.76,0.02,106.84,86111.12,1
2025-04-02,2025-04-02 12:04:00,783.76,783.89,783.76,783.89,0.02,106.84,86111.12,1
2025-04-02,2025-04-02 12:05:00,783.89,784.02,783.89,784.02,0.02,106.84,86111.12,1
2025-04-02,2025-04-02 12:06:00,784.02,784.15,784.02,784.15,0.02,106.84,86111.12,1
2025-04-02,2025-04-02 12:07:00,784.15,784.28,784.15,784.28,0.02,106.84,86111.12,1
2025-04-02,2025-04-02 12:08:00,784.28,784.41,784.28,784.41,0.02,106.84,86111.12,1
2025-04-02,2025-04-02 12:09:00,784.41,784.54,784.41,784.54,0.02,106.84,86111.12,1
2025-04-02,2025-04-02 12:10:00,784.54,784.67,784.54,784.67,0.02,106.84,86111.12,1
2025-04-02,2025-04-02 12:11:00,784.67,784.8,784.67,784.8,0.02,106.84,86111.12,1
2025-04-02,2025-04-02 12:12:00,784.8,784.94,784.8,784.94,0.02,106.84,86111.12,1
2025-04-02,2025-04-02 12:13:00,784.94,785.07,784.94,785.07,0.02,106.84,86111.12,1
2025-04-02,2025-04-02 12:14:00,785.07,785.2,785.07,785.2,0.02,106.84,86111.12,1
2025-04-02,2025-04-02 12:15:00,785.2,785.33,785.2,785.33,0.02,106.84,86111.12,1
2025-04-02,2025-04-02 12:16:00,785.33,785.46,785.33,785.46,0.02,106.84,86111.12,1
2025-04-02,2025-04-02 12:17:00,785.46,785.59,785.46,785.59,0.02,106.84,86111.12,1
2025-04-02,2025-04-02 12:18:00,785.59,785.72,785.59,785.72,0.02,106.84,86111.12,1
2025-04-02,2025-04-02 12:19:00,785.72,785.85,785.72,785.85,0.02,106.84,86111.12,1
2025-04-02,2025-04-02 12:20:00,785.85,785.98,785.85,785.98,0.02,106.84,86111.12,1
2025-04-02,2025-04-02 12:21:00,785.98,786.11,785.98,786.11,0.02,106.84,86111.12,1
2025-04-02,2025-04-02 12:22:00,786.11,786.24,786.11,786.24,0.02,106.84,86111.12,1
2025-04-02,2025-04-02 12:23:00,786.24,786.37,786.24,786.37,0.02,106.84,86111.12,1
2025-04-02,2025-04-02 12:24:00,786.37,786.5,786.37,786.5,0.02,106.84,86111.12,1
2025-04-02,2025-04-02 12:25:00,786.5,786.63,786.5,786.63,0.02,106.84,86111.12,1
2025-04-02,2025-04-02 12:26:00,786.63,786.76,786.63,786.76,0.02,106.84,86111.12,1
2025-04-02,2025-04-02 12:27:00,786.76,786.89,786.76,786.89,0.02,106.84,86111.12,1
2025-04-02,2025-04-02 12:28:00,786.89,787.03,786.89,787.03,0.02,106.84,86111.12,1
2025-04-02,2025-04-02 12:29:00,787.03,787.16,787.03,787.16,0.02,106.84,86111.12,1
2025-04-02,2025-04-02 12:30:00,787.16,787.29,787.16,787.29,0.02,106.84,86111.12,1
2025-04-02,2025-04-02 12:31:00,787.29,787.42,787.29,787.42,0.02,106.84,86111.12,1
2025-04-02,2025-04-02 12:32:00,787.42,787.55,787.42,787.55,0.02,106.84,86111.12,1
2025-04-02,2025-04-02 12:33:00,787.55,787.68,787.55,787.68,0.02,106.84,86111.12,1
2025-04-02,2025-04-02 12:34:00,787.68,787.81,787.68,787.81,0.02,106.84,86111.12,1
2025-04-02,2025-04-02 12:35:00,787.81,787.94,787.81,787.94,0.02,106.84,86111.12,1
2025-04-02,2025-04-02 12:36:00,787.94,788.07,787.94,788.07,0.02,106.84,86111.12,1
2025-04-02,2025-04-02 12:37:00,788.07,788.2,788.07,788.2,0.02,106.84,86111.12,1
2025-04-02,2025-04-02 12:38:00,788.2,788.33,788.2,788.33,0.02,106.84,86111.12,1
2025-04-02,2025-04-02 12:39:00,788.33,788.46,788.33,788.46,0.02,106.84,86111.12,1
2025-04-02,2025-04-02 12:40:00,788.46,788.59,788.46,788.59,0.02,106.84,86111.12,1
2025-04-02,2025-04-02 12:41:00,788.59,788.72,788.59,788.72,0.02,106.84,86111.12,1
2025-04-02,2025-04-02 12:42:00,788.72,788.85,788.72,788.85,0.02,106.84,86111.12,1
2025-04-02,2025-04-02 12:43:00,788.85,788.99,788.85,788.99,0.02,106.84,86111.12,1
2025-04-02,2025-04-02 12:44:00,788.99,789.12,788.99,789.12,0.02,106.84,86111.12,1
2025-04-02,2025-04-02 12:45:00,789.12,789.25,789.12,789.25,0.02,106.84,86111.12,1
2025-04-02,2025-04-02 12:46:00,789.25,789.38,789.25,789.38,0.02,106.84,86111.12,1
2025-04-02,2025-04-02 12:47:00,789.38,789.51,789.38,789.51,0.02,106.84,86111.12,1
2025-04-02,2025-04-02 12:48:00,789.51,789.64,789.51,789.64,0.02,106.84,86111.12,1
2025-04-02,2025-04-02 12:49:00,789.64,789.77,789.64,789.77,0.02,106.84,86111.12,1
2025-04-02,2025-04-02 12:50:00,789.77,789.9,789.77,789.9,0.02,106.84,86111.12,1
2025-04-02,2025-04-02 12:51:00,789.9,790.03,789.9,790.03,0.02,106.84,86111.12,1
2025-04-02,2025-04-02 12:52:00,790.03,790.16,790.03,790.16,0.02,106.84,86111.12,1
2025-04-02,2025-04-02 12:53:00,790.16,790.29,790.16,790.29,0.02,106.84,86111.12,1
2025-04-02,2025-04-02 12:54:00,790.29,790.42,790.29,790.42,0.02,106.84,86111.12,1
2025-04-02,2025-04-02 12:55:00,790.42,790.55,790.42,790.55,0.02,106.84,86111.12,1
2025-04-02,2025-04-02 12:56:00,790.55,790.68,790.55,790.68,0.02,106.84,86111.12,1
2025-04-02,2025-04-02 12:57:00,790.68,790.81,790.68,790.81,0.02,106.84,86111.12,1
2025-04-02,2025-04-02 12:58:00,790.81,790.94,790.81,790.94,0.02,106.84,86111.12,1
2025-04-02,2025-04-02 12:59:00,790.94,791.08,790.94,791.08,0.02,106.84,86111.12,1
2025-04-02,2025-04-02 13:00:00,791.08,819.0,775.4,791.21,0.02,106.84,86111.12,1
2025-04-02,2025-04-02 13:01:00,791.21,791.34,791.21,791.34,0.02,106.84,86111.12,1
2025-04-02,2025-04-02 13:02:00,791.34,791.47,791.34,791.47,0.02,106.84,86111.12,1
2025-04-02,2025-04-02 13:03:00,791.47,791.6,791.47,791.6,0.02,106.84,86111.12,1
2025-04-02,2025-04-02 13:04:00,791.6,791.73,791.6,791.73,0.02,106.84,86111.12,1
2025-04-02,2025-04-02 13:05:00,791.73,791.86,791.73,791.86,0.02,106.84,86111.12,1
2025-04-02,2025-04-02 13:06:00,791.86,791.99,791.86,791.99,0.02,106.84,86111.12,1
2025-04-02,2025-04-02 13:07:00,791.99,792.12,791.99,792.12,0.02,106.84,86111.12,1
2025-04-02,2025-04-02 13:08:00,792.12,792.25,792.12,792.25,0.02,106.84,86111.12,1
2025-04-02,2025-04-02 13:09:00,792.25,792.38,792.25,792.38,0.02,106.84,86111.12,1
2025-04-02,2025-04-02 13:10:00,792.38,792.51,792.38,792.51,0.02,106.84,86111.12,1
2025-04-02,2025-04-02 13:11:00,792.51,792.64,792.51,792.64,0.02,106.84,86111.12,1
2025-04-02,2025-04-02 13:12:00,792.64,792.77,792.64,792.77,0.02,106.84,86111.12,1
2025-04-02,2025-04-02 13:13:00,792.77,792.9,792.77,792.9,0.02,106.84,86111.12,1
2025-04-02,2025-04-02 13:14:00,792.9,793.03,792.9,793.03,0.02,106.84,86111.12,1
2025-04-02,2025-04-02 13:15:00,793.03,793.16,793.03,793.16,0.02,106.84,86111.12,1
2025-04-02,2025-04-02 13:16:00,793.16,793.3,793.16,793.3,0.02,106.84,86111.12,1
2025-04-02,2025-04-02 13:17:00,793.3,793.43,793.3,793.43,0.02,106.84,86111.12,1
2025-04-02,2025-04-02 13:18:00,793.43,793.56,793.43,793.56,0.02,106.84,86111.12,1
2025-04-02,2025-04-02 13:19:00,793.56,793.69,793.56,793.69,0.02,106.84,86111.12,1
2025-04-02,2025-04-02 13:20:00,793.69,793.82,793.69,793.82,0.02,106.84,86111.12,1
2025-04-02,2025-04-02 13:21:00,793.82,793.95,793.82,793.95,0.02,106.84,86111.12,1
2025-04-02,2025-04-02 13:22:00,793.95,794.08,793.95,794.08,0.02,106.84,86111.12,1
2025-04-02,2025-04-02 13:23:00,794.08,794.21,794.08,794.21,0.02,106.84,86111.12,1
2025-04-02,2025-04-02 13:24:00,794.21,794.34,794.21,794.34,0.02,106.84,86111.12,1
2025-04-02,2025-04-02 13:25:00,794.34,794.47,794.34,794.47,0.02,106.84,86111.12,1
2025-04-02,2025-04-02 13:26:00,794.47,794.6,794.47,794.6,0.02,106.84,86111.12,1
2025-04-02,2025-04-02 13:27:00,794.6,794.73,794.6,794.73,0.02,106.84,86111.12,1
2025-04-02,2025-04-02 13:28:00,794.73,794.86,794.73,794.86,0.02,106.84,86111.12,1
2025-04-02,2025-04-02 13:29:00,794.86,794.99,794.86,794.99,0.02,106.84,86111.12,1
2025-04-02,2025-04-02 13:30:00,794.99,795.12,794.99,795.12,0.02,106.84,86111.12,1
2025-04-02,2025-04-02 13:31:00,795.12,795.25,795.12,795.25,0.02,106.84,86111.12,1
2025-04-02,2025-04-02 13:32:00,795.25,795.39,795.25,795.39,0.02,106.84,86111.12,1
2025-04-02,2025-04-02 13:33:00,795.39,795.52,795.39,795.52,0.02,106.84,86111.12,1
2025-04-02,2025-04-02 13:34:00,795.52,795.65,795.52,795.65,0.02,106.84,86111.12,1
2025-04-02,2025-04-02 13:35:00,795.65,795.78,795.65,795.78,0.02,106.84,86111.12,1
2025-04-02,2025-04-02 13:36:00,795.78,795.91,795.78,795.91,0.02,106.84,86111.12,1
2025-04-02,2025-04-02 13:37:00,795.91,796.04,795.91,796.04,0.02,106.84,86111.12,1
2025-04-02,2025-04-02 13:38:00,796.04,796.17,796.04,796.17,0.02,106.84,86111.12,1
2025-04-02,2025-04-02 13:39:00,796.17,796.3,796.17,796.3,0.02,106.84,86111.12,1
2025-04-02,2025-04-02 13:40:00,796.3,796.43,796.3,796.43,0.02,106.84,86111.12,1
2025-04-02,2025-04-02 13:41:00,796.43,796.56,796.43,796.56,0.02,106.84,86111.12,1
2025-04-02,2025-04-02 13:42:00,796.56,796.69,796.56,796.69,0.02,106.84,86111.12,1
2025-04-02,2025-04-02 13:43:00,796.69,796.82,796.69,796.82,0.02,106.84,86111.12,1
2025-04-02,2025-04-02 13:44:00,796.82,796.95,796.82,796.95,0.02,106.84,86111.12,1
2025-04-02,2025-04-02 13:45:00,796.95,797.08,796.95,797.08,0.02,106.84,86111.12,1
2025-04-02,2025-04-02 13:46:00,797.08,797.21,797.08,797.21,0.02,106.84,86111.12,1
2025-04-02,2025-04-02 13:47:00,797.21,797.35,797.21,797.35,0.02,106.84,86111.12,1
2025-04-02,2025-04-02 13:48:00,797.35,797.48,797.35,797.48,0.02,106.84,86111.12,1
2025-04-02,2025-04-02 13:49:00,797.48,797.61,797.48,797.61,0.02,106.84,86111.12,1
2025-04-02,2025-04-02 13:50:00,797.61,797.74,797.61,797.74,0.02,106.84,86111.12,1
2025-04-02,2025-04-02 13:51:00,797.74,797.87,797.74,797.87,0.02,106.84,86111.12,1
2025-04-02,2025-04-02 13:52:00,797.87,798.0,797.87,798.0,0.02,106.84,86111.12,1
2025-04-02,2025-04-02 13:53:00,798.0,798.13,798.0,798.13,0.02,106.84,86111.12,1
2025-04-02,2025-04-02 13:54:00,798.13,798.26,798.13,798.26,0.02,106.84,86111.12,1
2025-04-02,2025-04-02 13:55:00,798.26,798.39,798.26,798.39,0.02,106.84,86111.12,1
2025-04-02,2025-04-02 13:56:00,798.39,798.52,798.39,798.52,0.02,106.84,86111.12,1
2025-04-02,2025-04-02 13:57:00,798.52,798.65,798.52,798.65,0.02,106.84,86111.12,1
2025-04-02,2025-04-02 13:58:00,798.65,798.78,798.65,798.78,0.02,106.84,86111.12,1
2025-04-02,2025-04-02 13:59:00,798.78,798.91,798.78,798.91,0.02,106.84,86111.12,1
2025-04-02,2025-04-02 14:00:00,798.91,799.04,798.91,799.04,0.02,106.84,86111.12,1
2025-04-02,2025-04-02 14:01:00,799.04,799.17,799.04,799.17,0.02,106.84,86111.12,1
2025-04-02,2025-04-02 14:02:00,799.17,799.3,799.17,799.3,0.02,106.84,86111.12,1
2025-04-02,2025-04-02 14:03:00,799.3,799.43,799.3,799.43,0.02,106.84,86111.12,1
2025-04-02,2025-04-02 14:04:00,799.43,799.57,799.43,799.57,0.02,106.84,86111.12,1
2025-04-02,2025-04-02 14:05:00,799.57,799.7,799.57,799.7,0.02,106.84,86111.12,1
2025-04-02,2025-04-02 14:06:00,799.7,799.83,799.7,799.83,0.02,106.84,86111.12,1
2025-04-02,2025-04-02 14:07:00,799.83,799.96,799.83,799.96,0.02,106.84,86111.12,1
2025-04-02,2025-04-02 14:08:00,799.96,800.09,799.96,800.09,0.02,106.84,86111.12,1
2025-04-02,2025-04-02 14:09:00,800.09,800.22,800.09,800.22,0.02,106.84,86111.12,1
2025-04-02,2025-04-02 14:10:00,800.22,800.35,800.22,800.35,0.02,106.84,86111.12,1
2025-04-02,2025-04-02 14:11:00,800.35,800.48,800.35,800.48,0.02,106.84,86111.12,1
2025-04-02,2025-04-02 14:12:00,800.48,800.61,800.48,800.61,0.02,106.84,86111.12,1
2025-04-02,2025-04-02 14:13:00,800.61,800.74,800.61,800.74,0.02,106.84,86111.12,1
2025-04-02,2025-04-02 14:14:00,800.74,800.87,800.74,800.87,0.02,106.84,86111.12,1
2025-04-02,2025-04-02 14:15:00,800.87,801.0,800.87,801.0,0.02,106.84,86111.12,1
2025-04-02,2025-04-02 14:16:00,801.0,801.13,801.0,801.13,0.02,106.84,86111.12,1
2025-04-02,2025-04-02 14:17:00,801.13,801.26,801.13,801.26,0.02,106.84,86111.12,1
2025-04-02,2025-04-02 14:18:00,801.26,801.39,801.26,801.39,0.02,106.84,86111.12,1
2025-04-02,2025-04-02 14:19:00,801.39,801.52,801.39,801.52,0.02,106.84,86111.12,1
2025-04-02,2025-04-02 14:20:00,801.52,801.66,801.52,801.66,0.02,106.84,86111.12,1
2025-04-02,2025-04-02 14:21:00,801.66,801.79,801.66,801.79,0.02,106.84,86111.12,1
2025-04-02,2025-04-02 14:22:00,801.79,801.92,801.79,801.92,0.02,106.84,86111.12,1
2025-04-02,2025-04-02 14:23:00,801.92,802.05,801.92,802.05,0.02,106.84,86111.12,1
2025-04-02,2025-04-02 14:24:00,802.05,802.18,802.05,802.18,0.02,106.84,86111.12,1
2025-04-02,2025-04-02 14:25:00,802.18,802.31,802.18,802.31,0.02,106.84,86111.12,1
2025-04-02,2025-04-02 14:26:00,802.31,802.44,802.31,802.44,0.02,106.84,86111.12,1
2025-04-02,2025-04-02 14:27:00,802.44,802.57,802.44,802.57,0.02,106.84,86111.12,1
2025-04-02,2025-04-02 14:28:00,802.57,802.7,802.57,802.7,0.02,106.84,86111.12,1
2025-04-02,2025-04-02 14:29:00,802.7,802.83,802.7,802.83,0.02,106.84,86111.12,1
2025-04-02,2025-04-02 14:30:00,802.83,802.96,802.83,802.96,0.02,106.84,86111.12,1
2025-04-02,2025-04-02 14:31:00,802.96,803.09,802.96,803.09,0.02,106.84,86111.12,1
2025-04-02,2025-04-02 14:32:00,803.09,803.22,803.09,803.22,0.02,106.84,86111.12,1
2025-04-02,2025-04-02 14:33:00,803.22,803.35,803.22,803.35,0.02,106.84,86111.12,1
2025-04-02,2025-04-02 14:34:00,803.35,803.48,803.35,803.48,0.02,106.84,86111.12,1
2025-04-02,2025-04-02 14:35:00,803.48,803.62,803.48,803.62,0.02,106.84,86111.12,1
2025-04-02,2025-04-02 14:36:00,803.62,803.75,803.62,803.75,0.02,106.84,86111.12,1
2025-04-02,2025-04-02 14:37:00,803.75,803.88,803.75,803.88,0.02,106.84,86111.12,1
2025-04-02,2025-04-02 14:38:00,803.88,804.01,803.88,804.01,0.02,106.84,86111.12,1
2025-04-02,2025-04-02 14:39:00,804.01,804.14,804.01,804.14,0.02,106.84,86111.12,1
2025-04-02,2025-04-02 14:40:00,804.14,804.27,804.14,804.27,0.02,106.84,86111.12,1
2025-04-02,2025-04-02 14:41:00,804.27,804.4,804.27,804.4,0.02,106.84,86111.12,1
2025-04-02,2025-04-02 14:42:00,804.4,804.53,804.4,804.53,0.02,106.84,86111.12,1
2025-04-02,2025-04-02 14:43:00,804.53,804.66,804.53,804.66,0.02,106.84,86111.12,1
2025-04-02,2025-04-02 14:44:00,804.66,804.79,804.66,804.79,0.02,106.84,86111.12,1
2025-04-02,2025-04-02 14:45:00,804.79,804.92,804.79,804.92,0.02,106.84,86111.12,1
2025-04-02,2025-04-02 14:46:00,804.92,805.05,804.92,805.05,0.02,106.84,86111.12,1
2025-04-02,2025-04-02 14:47:00,805.05,805.18,805.05,805.18,0.02,106.84,86111.12,1
2025-04-02,2025-04-02 14:48:00,805.18,805.31,805.18,805.31,0.02,106.84,86111.12,1
2025-04-02,2025-04-02 14:49:00,805.31,805.44,805.31,805.44,0.02,106.84,86111.12,1
2025-04-02,2025-04-02 14:50:00,805.44,805.57,805.44,805.57,0.02,106.84,86111.12,1
2025-04-02,2025-04-02 14:51:00,805.57,805.71,805.57,805.71,0.02,106.84,86111.12,1
2025-04-02,2025-04-02 14:52:00,805.71,805.84,805.71,805.84,0.02,106.84,86111.12,1
2025-04-02,2025-04-02 14:53:00,805.84,805.97,805.84,805.97,0.02,106.84,86111.12,1
2025-04-02,2025-04-02 14:54:00,805.97,806.1,805.97,806.1,0.02,106.84,86111.12,1
2025-04-02,2025-04-02 14:55:00,806.1,806.23,806.1,806.23,0.02,106.84,86111.12,1
2025-04-02,2025-04-02 14:56:00,806.23,806.36,806.23,806.36,0.02,106.84,86111.12,1
2025-04-02,2025-04-02 14:57:00,806.36,806.49,806.36,806.49,0.02,106.84,86111.12,1
2025-04-02,2025-04-02 14:58:00,806.49,806.62,806.49,806.62,0.02,106.84,86111.12,1
2025-04-02,2025-04-02 14:59:00,806.62,806.75,806.62,806.75,0.02,106.84,86111.12,1
2025-04-02,2025-04-02 15:00:00,806.75,819.0,775.4,806.75,0.0,106.84,86111.12,0
2025-04-03,2025-04-03 11:00:00,790.7,800.09,789.89,790.71,0.0,114.9,91928.18,1
2025-04-03,2025-04-03 11:01:00,790.71,790.72,790.71,790.72,0.0,114.9,91928.18,1
2025-04-03,2025-04-03 11:02:00,790.72,790.72,790.72,790.72,0.0,114.9,91928.18,0
2025-04-03,2025-04-03 11:03:00,790.72,790.73,790.72,790.73,0.0,114.9,91928.18,1
2025-04-03,2025-04-03 11:04:00,790.73,790.74,790.73,790.74,0.0,114.9,91928.18,1
2025-04-03,2025-04-03 11:05:00,790.74,790.75,790.74,790.75,0.0,114.9,91928.18,1
2025-04-03,2025-04-03 11:06:00,790.75,790.75,790.75,790.75,0.0,114.9,91928.18,0
2025-04-03,2025-04-03 11:07:00,790.75,790.76,790.75,790.76,0.0,114.9,91928.18,1
2025-04-03,2025-04-03 11:08:00,790.76,790.77,790.76,790.77,0.0,114.9,91928.18,1
2025-04-03,2025-04-03 11:09:00,790.77,790.78,790.77,790.78,0.0,114.9,91928.18,1
2025-04-03,2025-04-03 11:10:00,790.78,790.78,790.78,790.78,0.0,114.9,91928.18,0
2025-04-03,2025-04-03 11:11:00,790.78,790.79,790.78,790.79,0.0,114.9,91928.18,1
2025-04-03,2025-04-03 11:12:00,790.79,790.8,790.79,790.8,0.0,114.9,91928.18,1
2025-04-03,2025-04-03 11:13:00,790.8,790.81,790.8,790.81,0.0,114.9,91928.18,1
2025-04-03,2025-04-03 11:14:00,790.81,790.82,790.81,790.82,0.0,114.9,91928.18,1
2025-04-03,2025-04-03 11:15:00,790.82,790.82,790.82,790.82,0.0,114.9,91928.18,0
2025-04-03,2025-04-03 11:16:00,790.82,790.83,790.82,790.83,0.0,114.9,91928.18,1
2025-04-03,2025-04-03 11:17:00,790.83,790.84,790.83,790.84,0.0,114.9,91928.18,1
2025-04-03,2025-04-03 11:18:00,790.84,790.85,790.84,790.85,0.0,114.9,91928.18,1
2025-04-03,2025-04-03 11:19:00,790.85,790.85,790.85,790.85,0.0,114.9,91928.18,0
2025-04-03,2025-04-03 11:20:00,790.85,790.86,790.85,790.86,0.0,114.9,91928.18,1
2025-04-03,2025-04-03 11:21:00,790.86,790.87,790.86,790.87,0.0,114.9,91928.18,1
2025-04-03,2025-04-03 11:22:00,790.87,790.88,790.87,790.88,0.0,114.9,91928.18,1
2025-04-03,2025-04-03 11:23:00,790.88,790.88,790.88,790.88,0.0,114.9,91928.18,0
2025-04-03,2025-04-03 11:24:00,790.88,790.89,790.88,790.89,0.0,114.9,91928.18,1
2025-04-03,2025-04-03 11:25:00,790.89,790.9,790.89,790.9,0.0,114.9,91928.18,1
2025-04-03,2025-04-03 11:26:00,790.9,790.91,790.9,790.91,0.0,114.9,91928.18,1
2025-04-03,2025-04-03 11:27:00,790.91,790.92,790.91,790.92,0.0,114.9,91928.18,1
2025-04-03,2025-04-03 11:28:00,790.92,790.92,790.92,790.92,0.0,114.9,91928.18,0
2025-04-03,2025-04-03 11:29:00,790.92,790.93,790.92,790.93,0.0,114.9,91928.18,1
2025-04-03,2025-04-03 11:30:00,790.93,790.94,790.93,790.94,0.0,114.9,91928.18,1
2025-04-03,2025-04-03 11:31:00,790.94,790.95,790.94,790.95,0.0,114.9,91928.18,1
2025-04-03,2025-04-03 11:32:00,790.95,790.95,790.95,790.95,0.0,114.9,91928.18,0
2025-04-03,2025-04-03 11:33:00,790.95,790.96,790.95,790.96,0.0,114.9,91928.18,1
2025-04-03,2025-04-03 11:34:00,790.96,790.97,790.96,790.97,0.0,114.9,91928.18,1
2025-04-03,2025-04-03 11:35:00,790.97,790.98,790.97,790.98,0.0,114.9,91928.18,1
2025-04-03,2025-04-03 11:36:00,790.98,790.99,790.98,790.99,0.0,114.9,91928.18,1
2025-04-03,2025-04-03 11:37:00,790.99,790.99,790.99,790.99,0.0,114.9,91928.18,0
2025-04-03,2025-04-03 11:38:00,790.99,791.0,790.99,791.0,0.0,114.9,91928.18,1
2025-04-03,2025-04-03 11:39:00,791.0,791.01,791.0,791.01,0.0,114.9,91928.18,1
2025-04-03,2025-04-03 11:40:00,791.01,791.02,791.01,791.02,0.0,114.9,91928.18,1
2025-04-03,2025-04-03 11:41:00,791.02,791.02,791.02,791.02,0.0,114.9,91928.18,0
2025-04-03,2025-04-03 11:42:00,791.02,791.03,791.02,791.03,0.0,114.9,91928.18,1
2025-04-03,2025-04-03 11:43:00,791.03,791.04,791.03,791.04,0.0,114.9,91928.18,1
2025-04-03,2025-04-03 11:44:00,791.04,791.05,791.04,791.05,0.0,114.9,91928.18,1
2025-04-03,2025-04-03 11:45:00,791.05,791.05,791.05,791.05,0.0,114.9,91928.18,0
2025-04-03,2025-04-03 11:46:00,791.05,791.06,791.05,791.06,0.0,114.9,91928.18,1
2025-04-03,2025-04-03 11:47:00,791.06,791.07,791.06,791.07,0.0,114.9,91928.18,1
2025-04-03,2025-04-03 11:48:00,791.07,791.08,791.07,791.08,0.0,114.9,91928.18,1
2025-04-03,2025-04-03 11:49:00,791.08,791.09,791.08,791.09,0.0,114.9,91928.18,1
2025-04-03,2025-04-03 11:50:00,791.09,791.09,791.09,791.09,0.0,114.9,91928.18,0
2025-04-03,2025-04-03 11:51:00,791.09,791.1,791.09,791.1,0.0,114.9,91928.18,1
2025-04-03,2025-04-03 11:52:00,791.1,791.11,791.1,791.11,0.0,114.9,91928.18,1
2025-04-03,2025-04-03 11:53:00,791.11,791.12,791.11,791.12,0.0,114.9,91928.18,1
2025-04-03,2025-04-03 11:54:00,791.12,791.12,791.12,791.12,0.0,114.9,91928.18,0
2025-04-03,2025-04-03 11:55:00,791.12,791.13,791.12,791.13,0.0,114.9,91928.18,1
2025-04-03,2025-04-03 11:56:00,791.13,791.14,791.13,791.14,0.0,114.9,91928.18,1
2025-04-03,2025-04-03 11:57:00,791.14,791.15,791.14,791.15,0.0,114.9,91928.18,1
2025-04-03,2025-04-03 11:58:00,791.15,791.15,791.15,791.15,0.0,114.9,91928.18,0
2025-04-03,2025-04-03 11:59:00,791.15,791.16,791.15,791.16,0.0,114.9,91928.18,1
2025-04-03,2025-04-03 12:00:00,791.16,791.17,791.16,791.17,0.0,114.9,91928.18,1
2025-04-03,2025-04-03 12:01:00,791.17,791.18,791.17,791.18,0.0,114.9,91928.18,1
2025-04-03,2025-04-03 12:02:00,791.18,791.19,791.18,791.19,0.0,114.9,91928.18,1
2025-04-03,2025-04-03 12:03:00,791.19,791.19,791.19,791.19,0.0,114.9,91928.18,0
2025-04-03,2025-04-03 12:04:00,791.19,791.2,791.19,791.2,0.0,114.9,91928.18,1
2025-04-03,2025-04-03 12:05:00,791.2,791.21,791.2,791.21,0.0,114.9,91928.18,1
2025-04-03,2025-04-03 12:06:00,791.21,791.22,791.21,791.22,0.0,114.9,91928.18,1
2025-04-03,2025-04-03 12:07:00,791.22,791.22,791.22,791.22,0.0,114.9,91928.18,0
2025-04-03,2025-04-03 12:08:00,791.22,791.23,791.22,791.23,0.0,114.9,91928.18,1
2025-04-03,2025-04-03 12:09:00,791.23,791.24,791.23,791.24,0.0,114.9,91928.18,1
2025-04-03,2025-04-03 12:10:00,791.24,791.25,791.24,791.25,0.0,114.9,91928.18,1
2025-04-03,2025-04-03 12:11:00,791.25,791.25,791.25,791.25,0.0,114.9,91928.18,0
2025-04-03,2025-04-03 12:12:00,791.25,791.26,791.25,791.26,0.0,114.9,91928.18,1
2025-04-03,2025-04-03 12:13:00,791.26,791.27,791.26,791.27,0.0,114.9,91928.18,1
2025-04-03,2025-04-03 12:14:00,791.27,791.28,791.27,791.28,0.0,114.9,91928.18,1
2025-04-03,2025-04-03 12:15:00,791.28,791.29,791.28,791.29,0.0,114.9,91928.18,1
2025-04-03,2025-04-03 12:16:00,791.29,791.29,791.29,791.29,0.0,114.9,91928.18,0
2025-04-03,2025-04-03 12:17:00,791.29,791.3,791.29,791.3,0.0,114.9,91928.18,1
2025-04-03,2025-04-03 12:18:00,791.3,791.31,791.3,791.31,0.0,114.9,91928.18,1
2025-04-03,2025-04-03 12:19:00,791.31,791.32,791.31,791.32,0.0,114.9,91928.18,1
2025-04-03,2025-04-03 12:20:00,791.32,791.32,791.32,791.32,0.0,114.9,91928.18,0
2025-04-03,2025-04-03 12:21:00,791.32,791.33,791.32,791.33,0.0,114.9,91928.18,1
2025-04-03,2025-04-03 12:22:00,791.33,791.34,791.33,791.34,0.0,114.9,91928.18,1
2025-04-03,2025-04-03 12:23:00,791.34,791.35,791.34,791.35,0.0,114.9,91928.18,1
2025-04-03,2025-04-03 12:24:00,791.35,791.36,791.35,791.36,0.0,114.9,91928.18,1
2025-04-03,2025-04-03 12:25:00,791.36,791.36,791.36,791.36,0.0,114.9,91928.18,0
2025-04-03,2025-04-03 12:26:00,791.36,791.37,791.36,791.37,0.0,114.9,91928.18,1
2025-04-03,2025-04-03 12:27:00,791.37,791.38,791.37,791.38,0.0,114.9,91928.18,1
2025-04-03,2025-04-03 12:28:00,791.38,791.39,791.38,791.39,0.0,114.9,91928.18,1
2025-04-03,2025-04-03 12:29:00,791.39,791.39,791.39,791.39,0.0,114.9,91928.18,0
2025-04-03,2025-04-03 12:30:00,791.39,791.4,791.39,791.4,0.0,114.9,91928.18,1
2025-04-03,2025-04-03 12:31:00,791.4,791.41,791.4,791.41,0.0,114.9,91928.18,1
2025-04-03,2025-04-03 12:32:00,791.41,791.42,791.41,791.42,0.0,114.9,91928.18,1
2025-04-03,2025-04-03 12:33:00,791.42,791.42,791.42,791.42,0.0,114.9,91928.18,0
2025-04-03,2025-04-03 12:34:00,791.42,791.43,791.42,791.43,0.0,114.9,91928.18,1
2025-04-03,2025-04-03 12:35:00,791.43,791.44,791.43,791.44,0.0,114.9,91928.18,1
2025-04-03,2025-04-03 12:36:00,791.44,791.45,791.44,791.45,0.0,114.9,91928.18,1
2025-04-03,2025-04-03 12:37:00,791.45,791.46,791.45,791.46,0.0,114.9,91928.18,1
2025-04-03,2025-04-03 12:38:00,791.46,791.46,791.46,791.46,0.0,114.9,91928.18,0
2025-04-03,2025-04-03 12:39:00,791.46,791.47,791.46,791.47,0.0,114.9,91928.18,1
2025-04-03,2025-04-03 12:40:00,791.47,791.48,791.47,791.48,0.0,114.9,91928.18,1
2025-04-03,2025-04-03 12:41:00,791.48,791.49,791.48,791.49,0.0,114.9,91928.18,1
2025-04-03,2025-04-03 12:42:00,791.49,791.49,791.49,791.49,0.0,114.9,91928.18,0
2025-04-03,2025-04-03 12:43:00,791.49,791.5,791.49,791.5,0.0,114.9,91928.18,1
2025-04-03,2025-04-03 12:44:00,791.5,791.51,791.5,791.51,0.0,114.9,91928.18,1
2025-04-03,2025-04-03 12:45:00,791.51,791.52,791.51,791.52,0.0,114.9,91928.18,1
2025-04-03,2025-04-03 12:46:00,791.52,791.52,791.52,791.52,0.0,114.9,91928.18,0
2025-04-03,2025-04-03 12:47:00,791.52,791.53,791.52,791.53,0.0,114.9,91928.18,1
2025-04-03,2025-04-03 12:48:00,791.53,791.54,791.53,791.54,0.0,114.9,91928.18,1
2025-04-03,2025-04-03 12:49:00,791.54,791.55,791.54,791.55,0.0,114.9,91928.18,1
2025-04-03,2025-04-03 12:50:00,791.55,791.56,791.55,791.56,0.0,114.9,91928.18,1
2025-04-03,2025-04-03 12:51:00,791.56,791.56,791.56,791.56,0.0,114.9,91928.18,0
2025-04-03,2025-04-03 12:52:00,791.56,791.57,791.56,791.57,0.0,114.9,91928.18,1
2025-04-03,2025-04-03 12:53:00,791.57,791.58,791.57,791.58,0.0,114.9,91928.18,1
2025-04-03,2025-04-03 12:54:00,791.58,791.59,791.58,791.59,0.0,114.9,91928.18,1
2025-04-03,2025-04-03 12:55:00,791.59,791.59,791.59,791.59,0.0,114.9,91928.18,0
2025-04-03,2025-04-03 12:56:00,791.59,791.6,791.59,791.6,0.0,114.9,91928.18,1
2025-04-03,2025-04-03 12:57:00,791.6,791.61,791.6,791.61,0.0,114.9,91928.18,1
2025-04-03,2025-04-03 12:58:00,791.61,791.62,791.61,791.62,0.0,114.9,91928.18,1
2025-04-03,2025-04-03 12:59:00,791.62,791.62,791.62,791.62,0.0,114.9,91928.18,0
2025-04-03,2025-04-03 13:00:00,791.62,822.0,788.0,791.63,0.0,114.9,91928.18,1
2025-04-03,2025-04-03 13:01:00,791.63,791.64,791.63,791.64,0.0,114.9,91928.18,1
2025-04-03,2025-04-03 13:02:00,791.64,791.65,791.64,791.65,0.0,114.9,91928.18,1
2025-04-03,2025-04-03 13:03:00,791.65,791.66,791.65,791.66,0.0,114.9,91928.18,1
2025-04-03,2025-04-03 13:04:00,791.66,791.66,791.66,791.66,0.0,114.9,91928.18,0
2025-04-03,2025-04-03 13:05:00,791.66,791.67,791.66,791.67,0.0,114.9,91928.18,1
2025-04-03,2025-04-03 13:06:00,791.67,791.68,791.67,791.68,0.0,114.9,91928.18,1
2025-04-03,2025-04-03 13:07:00,791.68,791.69,791.68,791.69,0.0,114.9,91928.18,1
2025-04-03,2025-04-03 13:08:00,791.69,791.69,791.69,791.69,0.0,114.9,91928.18,0
2025-04-03,2025-04-03 13:09:00,791.69,791.7,791.69,791.7,0.0,114.9,91928.18,1
2025-04-03,2025-04-03 13:10:00,791.7,791.71,791.7,791.71,0.0,114.9,91928.18,1
2025-04-03,2025-04-03 13:11:00,791.71,791.72,791.71,791.72,0.0,114.9,91928.18,1
2025-04-03,2025-04-03 13:12:00,791.72,791.73,791.72,791.73,0.0,114.9,91928.18,1
2025-04-03,2025-04-03 13:13:00,791.73,791.73,791.73,791.73,0.0,114.9,91928.18,0
2025-04-03,2025-04-03 13:14:00,791.73,791.74,791.73,791.74,0.0,114.9,91928.18,1
2025-04-03,2025-04-03 13:15:00,791.74,791.75,791.74,791.75,0.0,114.9,91928.18,1
2025-04-03,2025-04-03 13:16:00,791.75,791.76,791.75,791.76,0.0,114.9,91928.18,1
2025-04-03,2025-04-03 13:17:00,791.76,791.76,791.76,791.76,0.0,114.9,91928.18,0
2025-04-03,2025-04-03 13:18:00,791.76,791.77,791.76,791.77,0.0,114.9,91928.18,1
2025-04-03,2025-04-03 13:19:00,791.77,791.78,791.77,791.78,0.0,114.9,91928.18,1
2025-04-03,2025-04-03 13:20:00,791.78,791.79,791.78,791.79,0.0,114.9,91928.18,1
2025-04-03,2025-04-03 13:21:00,791.79,791.79,791.79,791.79,0.0,114.9,91928.18,0
2025-04-03,2025-04-03 13:22:00,791.79,791.8,791.79,791.8,0.0,114.9,91928.18,1
2025-04-03,2025-04-03 13:23:00,791.8,791.81,791.8,791.81,0.0,114.9,91928.18,1
2025-04-03,2025-04-03 13:24:00,791.81,791.82,791.81,791.82,0.0,114.9,91928.18,1
2025-04-03,2025-04-03 13:25:00,791.82,791.83,791.82,791.83,0.0,114.9,91928.18,1
2025-04-03,2025-04-03 13:26:00,791.83,791.83,791.83,791.83,0.0,114.9,91928.18,0
2025-04-03,2025-04-03 13:27:00,791.83,791.84,791.83,791.84,0.0,114.9,91928.18,1
2025-04-03,2025-04-03 13:28:00,791.84,791.85,791.84,791.85,0.0,114.9,91928.18,1
2025-04-03,2025-04-03 13:29:00,791.85,791.86,791.85,791.86,0.0,114.9,91928.18,1
2025-04-03,2025-04-03 13:30:00,791.86,791.86,791.86,791.86,0.0,114.9,91928.18,0
2025-04-03,2025-04-03 13:31:00,791.86,791.87,791.86,791.87,0.0,114.9,91928.18,1
2025-04-03,2025-04-03 13:32:00,791.87,791.88,791.87,791.88,0.0,114.9,91928.18,1
2025-04-03,2025-04-03 13:33:00,791.88,791.89,791.88,791.89,0.0,114.9,91928.18,1
2025-04-03,2025-04-03 13:34:00,791.89,791.89,791.89,791.89,0.0,114.9,91928.18,0
2025-04-03,2025-04-03 13:35:00,791.89,791.9,791.89,791.9,0.0,114.9,91928.18,1
2025-04-03,2025-04-03 13:36:00,791.9,791.91,791.9,791.91,0.0,114.9,91928.18,1
2025-04-03,2025-04-03 13:37:00,791.91,791.92,791.91,791.92,0.0,114.9,91928.18,1
2025-04-03,2025-04-03 13:38:00,791.92,791.93,791.92,791.93,0.0,114.9,91928.18,1
2025-04-03,2025-04-03 13:39:00,791.93,791.93,791.93,791.93,0.0,114.9,91928.18,0
2025-04-03,2025-04-03 13:40:00,791.93,791.94,791.93,791.94,0.0,114.9,91928.18,1
2025-04-03,2025-04-03 13:41:00,791.94,791.95,791.94,791.95,0.0,114.9,91928.18,1
2025-04-03,2025-04-03 13:42:00,791.95,791.96,791.95,791.96,0.0,114.9,91928.18,1
2025-04-03,2025-04-03 13:43:00,791.96,791.96,791.96,791.96,0.0,114.9,91928.18,0
2025-04-03,2025-04-03 13:44:00,791.96,791.97,791.96,791.97,0.0,114.9,91928.18,1
2025-04-03,2025-04-03 13:45:00,791.97,791.98,791.97,791.98,0.0,114.9,91928.18,1
2025-04-03,2025-04-03 13:46:00,791.98,791.99,791.98,791.99,0.0,114.9,91928.18,1
2025-04-03,2025-04-03 13:47:00,791.99,792.0,791.99,792.0,0.0,114.9,91928.18,1
2025-04-03,2025-04-03 13:48:00,792.0,792.0,792.0,792.0,0.0,114.9,91928.18,0
2025-04-03,2025-04-03 13:49:00,792.0,792.01,792.0,792.01,0.0,114.9,91928.18,1
2025-04-03,2025-04-03 13:50:00,792.01,792.02,792.01,792.02,0.0,114.9,91928.18,1
2025-04-03,2025-04-03 13:51:00,792.02,792.03,792.02,792.03,0.0,114.9,91928.18,1
2025-04-03,2025-04-03 13:52:00,792.03,792.03,792.03,792.03,0.0,114.9,91928.18,0
2025-04-03,2025-04-03 13:53:00,792.03,792.04,792.03,792.04,0.0,114.9,91928.18,1
2025-04-03,2025-04-03 13:54:00,792.04,792.05,792.04,792.05,0.0,114.9,91928.18,1
2025-04-03,2025-04-03 13:55:00,792.05,792.06,792.05,792.06,0.0,114.9,91928.18,1
2025-04-03,2025-04-03 13:56:00,792.06,792.06,792.06,792.06,0.0,114.9,91928.18,0
2025-04-03,2025-04-03 13:57:00,792.06,792.07,792.06,792.07,0.0,114.9,91928.18,1
2025-04-03,2025-04-03 13:58:00,792.07,792.08,792.07,792.08,0.0,114.9,91928.18,1
2025-04-03,2025-04-03 13:59:00,792.08,792.09,792.08,792.09,0.0,114.9,91928.18,1
2025-04-03,2025-04-03 14:00:00,792.09,792.1,792.09,792.1,0.0,114.9,91928.18,1
2025-04-03,2025-04-03 14:01:00,792.1,792.1,792.1,792.1,0.0,114.9,91928.18,0
2025-04-03,2025-04-03 14:02:00,792.1,792.11,792.1,792.11,0.0,114.9,91928.18,1
2025-04-03,2025-04-03 14:03:00,792.11,792.12,792.11,792.12,0.0,114.9,91928.18,1
2025-04-03,2025-04-03 14:04:00,792.12,792.13,792.12,792.13,0.0,114.9,91928.18,1
2025-04-03,2025-04-03 14:05:00,792.13,792.13,792.13,792.13,0.0,114.9,91928.18,0
2025-04-03,2025-04-03 14:06:00,792.13,792.14,792.13,792.14,0.0,114.9,91928.18,1
2025-04-03,2025-04-03 14:07:00,792.14,792.15,792.14,792.15,0.0,114.9,91928.18,1
2025-04-03,2025-04-03 14:08:00,792.15,792.16,792.15,792.16,0.0,114.9,91928.18,1
2025-04-03,2025-04-03 14:09:00,792.16,792.16,792.16,792.16,0.0,114.9,91928.18,0
2025-04-03,2025-04-03 14:10:00,792.16,792.17,792.16,792.17,0.0,114.9,91928.18,1
2025-04-03,2025-04-03 14:11:00,792.17,792.18,792.17,792.18,0.0,114.9,91928.18,1
2025-04-03,2025-04-03 14:12:00,792.18,792.19,792.18,792.19,0.0,114.9,91928.18,1
2025-04-03,2025-04-03 14:13:00,792.19,792.2,792.19,792.2,0.0,114.9,91928.18,1
2025-04-03,2025-04-03 14:14:00,792.2,792.2,792.2,792.2,0.0,114.9,91928.18,0
2025-04-03,2025-04-03 14:15:00,792.2,792.21,792.2,792.21,0.0,114.9,91928.18,1
2025-04-03,2025-04-03 14:16:00,792.21,792.22,792.21,792.22,0.0,114.9,91928.18,1
2025-04-03,2025-04-03 14:17:00,792.22,792.23,792.22,792.23,0.0,114.9,91928.18,1
2025-04-03,2025-04-03 14:18:00,792.23,792.23,792.23,792.23,0.0,114.9,91928.18,0
2025-04-03,2025-04-03 14:19:00,792.23,792.24,792.23,792.24,0.0,114.9,91928.18,1
2025-04-03,2025-04-03 14:20:00,792.24,792.25,792.24,792.25,0.0,114.9,91928.18,1
2025-04-03,2025-04-03 14:21:00,792.25,792.26,792.25,792.26,0.0,114.9,91928.18,1
2025-04-03,2025-04-03 14:22:00,792.26,792.26,792.26,792.26,0.0,114.9,91928.18,0
2025-04-03,2025-04-03 14:23:00,792.26,792.27,792.26,792.27,0.0,114.9,91928.18,1
2025-04-03,2025-04-03 14:24:00,792.27,792.28,792.27,792.28,0.0,114.9,91928.18,1
2025-04-03,2025-04-03 14:25:00,792.28,792.29,792.28,792.29,0.0,114.9,91928.18,1
2025-04-03,2025-04-03 14:26:00,792.29,792.3,792.29,792.3,0.0,114.9,91928.18,1
2025-04-03,2025-04-03 14:27:00,792.3,792.3,792.3,792.3,0.0,114.9,91928.18,0
2025-04-03,2025-04-03 14:28:00,792.3,792.31,792.3,792.31,0.0,114.9,91928.18,1
2025-04-03,2025-04-03 14:29:00,792.31,792.32,792.31,792.32,0.0,114.9,91928.18,1
2025-04-03,2025-04-03 14:30:00,792.32,792.33,792.32,792.33,0.0,114.9,91928.18,1
2025-04-03,2025-04-03 14:31:00,792.33,792.33,792.33,792.33,0.0,114.9,91928.18,0
2025-04-03,2025-04-03 14:32:00,792.33,792.34,792.33,792.34,0.0,114.9,91928.18,1
2025-04-03,2025-04-03 14:33:00,792.34,792.35,792.34,792.35,0.0,114.9,91928.18,1
2025-04-03,2025-04-03 14:34:00,792.35,792.36,792.35,792.36,0.0,114.9,91928.18,1
2025-04-03,2025-04-03 14:35:00,792.36,792.37,792.36,792.37,0.0,114.9,91928.18,1
2025-04-03,2025-04-03 14:36:00,792.37,792.37,792.37,792.37,0.0,114.9,91928.18,0
2025-04-03,2025-04-03 14:37:00,792.37,792.38,792.37,792.38,0.0,114.9,91928.18,1
2025-04-03,2025-04-03 14:38:00,792.38,792.39,792.38,792.39,0.0,114.9,91928.18,1
2025-04-03,2025-04-03 14:39:00,792.39,792.4,792.39,792.4,0.0,114.9,91928.18,1
2025-04-03,2025-04-03 14:40:00,792.4,792.4,792.4,792.4,0.0,114.9,91928.18,0
2025-04-03,2025-04-03 14:41:00,792.4,792.41,792.4,792.41,0.0,114.9,91928.18,1
2025-04-03,2025-04-03 14:42:00,792.41,792.42,792.41,792.42,0.0,114.9,91928.18,1
2025-04-03,2025-04-03 14:43:00,792.42,792.43,792.42,792.43,0.0,114.9,91928.18,1
2025-04-03,2025-04-03 14:44:00,792.43,792.43,792.43,792.43,0.0,114.9,91928.18,0
2025-04-03,2025-04-03 14:45:00,792.43,792.44,792.43,792.44,0.0,114.9,91928.18,1
2025-04-03,2025-04-03 14:46:00,792.44,792.45,792.44,792.45,0.0,114.9,91928.18,1
2025-04-03,2025-04-03 14:47:00,792.45,792.46,792.45,792.46,0.0,114.9,91928.18,1
2025-04-03,2025-04-03 14:48:00,792.46,792.47,792.46,792.47,0.0,114.9,91928.18,1
2025-04-03,2025-04-03 14:49:00,792.47,792.47,792.47,792.47,0.0,114.9,91928.18,0
2025-04-03,2025-04-03 14:50:00,792.47,792.48,792.47,792.48,0.0,114.9,91928.18,1
2025-04-03,2025-04-03 14:51:00,792.48,792.49,792.48,792.49,0.0,114.9,91928.18,1
2025-04-03,2025-04-03 14:52:00,792.49,792.5,792.49,792.5,0.0,114.9,91928.18,1
2025-04-03,2025-04-03 14:53:00,792.5,792.5,792.5,792.5,0.0,114.9,91928.18,0
2025-04-03,2025-04-03 14:54:00,792.5,792.51,792.5,792.51,0.0,114.9,91928.18,1
2025-04-03,2025-04-03 14:55:00,792.51,792.52,792.51,792.52,0.0,114.9,91928.18,1
2025-04-03,2025-04-03 14:56:00,792.52,792.53,792.52,792.53,0.0,114.9,91928.18,1
2025-04-03,2025-04-03 14:57:00,792.53,792.53,792.53,792.53,0.0,114.9,91928.18,0
2025-04-03,2025-04-03 14:58:00,792.53,792.54,792.53,792.54,0.0,114.9,91928.18,1
2025-04-03,2025-04-03 14:59:00,792.54,792.55,792.54,792.55,0.0,114.9,91928.18,1
2025-04-03,2025-04-03 15:00:00,792.55,822.0,788.0,792.55,0.0,114.9,91928.18,0
2025-04-07,2025-04-07 11:00:00,800.0,800.0,792.86,799.91,-0.01,46.48,36337.55,-1
2025-04-07,2025-04-07 11:01:00,799.91,799.91,799.81,799.81,-0.01,46.48,36337.55,-1
2025-04-07,2025-04-07 11:02:00,799.81,799.81,799.72,799.72,-0.01,46.48,36337.55,-1
2025-04-07,2025-04-07 11:03:00,799.72,799.72,799.63,799.63,-0.01,46.48,36337.55,-1
2025-04-07,2025-04-07 11:04:00,799.63,799.63,799.53,799.53,-0.01,46.48,36337.55,-1
2025-04-07,2025-04-07 11:05:00,799.53,799.53,799.44,799.44,-0.01,46.48,36337.55,-1
2025-04-07,2025-04-07 11:06:00,799.44,799.44,799.35,799.35,-0.01,46.48,36337.55,-1
2025-04-07,2025-04-07 11:07:00,799.35,799.35,799.25,799.25,-0.01,46.48,36337.55,-1
2025-04-07,2025-04-07 11:08:00,799.25,799.25,799.16,799.16,-0.01,46.48,36337.55,-1
2025-04-07,2025-04-07 11:09:00,799.16,799.16,799.07,799.07,-0.01,46.48,36337.55,-1
2025-04-07,2025-04-07 11:10:00,799.07,799.07,798.98,798.98,-0.01,46.48,36337.55,-1
2025-04-07,2025-04-07 11:11:00,798.98,798.98,798.88,798.88,-0.01,46.48,36337.55,-1
2025-04-07,2025-04-07 11:12:00,798.88,798.88,798.79,798.79,-0.01,46.48,36337.55,-1
2025-04-07,2025-04-07 11:13:00,798.79,798.79,798.7,798.7,-0.01,46.48,36337.55,-1
2025-04-07,2025-04-07 11:14:00,798.7,798.7,798.6,798.6,-0.01,46.48,36337.55,-1
2025-04-07,2025-04-07 11:15:00,798.6,798.6,798.51,798.51,-0.01,46.48,36337.55,-1
2025-04-07,2025-04-07 11:16:00,798.51,798.51,798.42,798.42,-0.01,46.48,36337.55,-1
2025-04-07,2025-04-07 11:17:00,798.42,798.42,798.32,798.32,-0.01,46.48,36337.55,-1
2025-04-07,2025-04-07 11:18:00,798.32,798.32,798.23,798.23,-0.01,46.48,36337.55,-1
2025-04-07,2025-04-07 11:19:00,798.23,798.23,798.14,798.14,-0.01,46.48,36337.55,-1
2025-04-07,2025-04-07 11:20:00,798.14,798.14,798.04,798.04,-0.01,46.48,36337.55,-1
2025-04-07,2025-04-07 11:21:00,798.04,798.04,797.95,797.95,-0.01,46.48,36337.55,-1
2025-04-07,2025-04-07 11:22:00,797.95,797.95,797.86,797.86,-0.01,46.48,36337.55,-1
2025-04-07,2025-04-07 11:23:00,797.86,797.86,797.76,797.76,-0.01,46.48,36337.55,-1
2025-04-07,2025-04-07 11:24:00,797.76,797.76,797.67,797.67,-0.01,46.48,36337.55,-1
2025-04-07,2025-04-07 11:25:00,797.67,797.67,797.58,797.58,-0.01,46.48,36337.55,-1
2025-04-07,2025-04-07 11:26:00,797.58,797.58,797.48,797.48,-0.01,46.48,36337.55,-1
2025-04-07,2025-04-07 11:27:00,797.48,797.48,797.39,797.39,-0.01,46.48,36337.55,-1
2025-04-07,2025-04-07 11:28:00,797.39,797.39,797.3,797.3,-0.01,46.48,36337.55,-1
2025-04-07,2025-04-07 11:29:00,797.3,797.3,797.21,797.21,-0.01,46.48,36337.55,-1
2025-04-07,2025-04-07 11:30:00,797.21,797.21,797.11,797.11,-0.01,46.48,36337.55,-1
2025-04-07,2025-04-07 11:31:00,797.11,797.11,797.02,797.02,-0.01,46.48,36337.55,-1
2025-04-07,2025-04-07 11:32:00,797.02,797.02,796.93,796.93,-0.01,46.48,36337.55,-1
2025-04-07,2025-04-07 11:33:00,796.93,796.93,796.83,796.83,-0.01,46.48,36337.55,-1
2025-04-07,2025-04-07 11:34:00,796.83,796.83,796.74,796.74,-0.01,46.48,36337.55,-1
2025-04-07,2025-04-07 11:35:00,796.74,796.74,796.65,796.65,-0.01,46.48,36337.55,-1
2025-04-07,2025-04-07 11:36:00,796.65,796.65,796.55,796.55,-0.01,46.48,36337.55,-1
2025-04-07,2025-04-07 11:37:00,796.55,796.55,796.46,796.46,-0.01,46.48,36337.55,-1
2025-04-07,2025-04-07 11:38:00,796.46,796.46,796.37,796.37,-0.01,46.48,36337.55,-1
2025-04-07,2025-04-07 11:39:00,796.37,796.37,796.27,796.27,-0.01,46.48,36337.55,-1
2025-04-07,2025-04-07 11:40:00,796.27,796.27,796.18,796.18,-0.01,46.48,36337.55,-1
2025-04-07,2025-04-07 11:41:00,796.18,796.18,796.09,796.09,-0.01,46.48,36337.55,-1
2025-04-07,2025-04-07 11:42:00,796.09,796.09,795.99,795.99,-0.01,46.48,36337.55,-1
2025-04-07,2025-04-07 11:43:00,795.99,795.99,795.9,795.9,-0.01,46.48,36337.55,-1
2025-04-07,2025-04-07 11:44:00,795.9,795.9,795.81,795.81,-0.01,46.48,36337.55,-1
2025-04-07,2025-04-07 11:45:00,795.81,795.81,795.71,795.71,-0.01,46.48,36337.55,-1
2025-04-07,2025-04-07 11:46:00,795.71,795.71,795.62,795.62,-0.01,46.48,36337.55,-1
2025-04-07,2025-04-07 11:47:00,795.62,795.62,795.53,795.53,-0.01,46.48,36337.55,-1
2025-04-07,2025-04-07 11:48:00,795.53,795.53,795.43,795.43,-0.01,46.48,36337.55,-1
2025-04-07,2025-04-07 11:49:00,795.43,795.43,795.34,795.34,-0.01,46.48,36337.55,-1
2025-04-07,2025-04-07 11:50:00,795.34,795.34,795.25,795.25,-0.01,46.48,36337.55,-1
2025-04-07,2025-04-07 11:51:00,795.25,795.25,795.16,795.16,-0.01,46.48,36337.55,-1
2025-04-07,2025-04-07 11:52:00,795.16,795.16,795.06,795.06,-0.01,46.48,36337.55,-1
2025-04-07,2025-04-07 11:53:00,795.06,795.06,794.97,794.97,-0.01,46.48,36337.55,-1
2025-04-07,2025-04-07 11:54:00,794.97,794.97,794.88,794.88,-0.01,46.48,36337.55,-1
2025-04-07,2025-04-07 11:55:00,794.88,794.88,794.78,794.78,-0.01,46.48,36337.55,-1
2025-04-07,2025-04-07 11:56:00,794.78,794.78,794.69,794.69,-0.01,46.48,36337.55,-1
2025-04-07,2025-04-07 11:57:00,794.69,794.69,794.6,794.6,-0.01,46.48,36337.55,-1
2025-04-07,2025-04-07 11:58:00,794.6,794.6,794.5,794.5,-0.01,46.48,36337.55,-1
2025-04-07,2025-04-07 11:59:00,794.5,794.5,794.41,794.41,-0.01,46.48,36337.55,-1
2025-04-07,2025-04-07 12:00:00,794.41,794.41,794.32,794.32,-0.01,46.48,36337.55,-1
2025-04-07,2025-04-07 12:01:00,794.32,794.32,794.22,794.22,-0.01,46.48,36337.55,-1
2025-04-07,2025-04-07 12:02:00,794.22,794.22,794.13,794.13,-0.01,46.48,36337.55,-1
2025-04-07,2025-04-07 12:03:00,794.13,794.13,794.04,794.04,-0.01,46.48,36337.55,-1
2025-04-07,2025-04-07 12:04:00,794.04,794.04,793.94,793.94,-0.01,46.48,36337.55,-1
2025-04-07,2025-04-07 12:05:00,793.94,793.94,793.85,793.85,-0.01,46.48,36337.55,-1
2025-04-07,2025-04-07 12:06:00,793.85,793.85,793.76,793.76,-0.01,46.48,36337.55,-1
2025-04-07,2025-04-07 12:07:00,793.76,793.76,793.66,793.66,-0.01,46.48,36337.55,-1
2025-04-07,2025-04-07 12:08:00,793.66,793.66,793.57,793.57,-0.01,46.48,36337.55,-1
2025-04-07,2025-04-07 12:09:00,793.57,793.57,793.48,793.48,-0.01,46.48,36337.55,-1
2025-04-07,2025-04-07 12:10:00,793.48,793.48,793.39,793.39,-0.01,46.48,36337.55,-1
2025-04-07,2025-04-07 12:11:00,793.39,793.39,793.29,793.29,-0.01,46.48,36337.55,-1
2025-04-07,2025-04-07 12:12:00,793.29,793.29,793.2,793.2,-0.01,46.48,36337.55,-1
2025-04-07,2025-04-07 12:13:00,793.2,793.2,793.11,793.11,-0.01,46.48,36337.55,-1
2025-04-07,2025-04-07 12:14:00,793.11,793.11,793.01,793.01,-0.01,46.48,36337.55,-1
2025-04-07,2025-04-07 12:15:00,793.01,793.01,792.92,792.92,-0.01,46.48,36337.55,-1
2025-04-07,2025-04-07 12:16:00,792.92,792.92,792.83,792.83,-0.01,46.48,36337.55,-1
2025-04-07,2025-04-07 12:17:00,792.83,792.83,792.73,792.73,-0.01,46.48,36337.55,-1
2025-04-07,2025-04-07 12:18:00,792.73,792.73,792.64,792.64,-0.01,46.48,36337.55,-1
2025-04-07,2025-04-07 12:19:00,792.64,792.64,792.55,792.55,-0.01,46.48,36337.55,-1
2025-04-07,2025-04-07 12:20:00,792.55,792.55,792.45,792.45,-0.01,46.48,36337.55,-1
2025-04-07,2025-04-07 12:21:00,792.45,792.45,792.36,792.36,-0.01,46.48,36337.55,-1
2025-04-07,2025-04-07 12:22:00,792.36,792.36,792.27,792.27,-0.01,46.48,36337.55,-1
2025-04-07,2025-04-07 12:23:00,792.27,792.27,792.17,792.17,-0.01,46.48,36337.55,-1
2025-04-07,2025-04-07 12:24:00,792.17,792.17,792.08,792.08,-0.01,46.48,36337.55,-1
2025-04-07,2025-04-07 12:25:00,792.08,792.08,791.99,791.99,-0.01,46.48,36337.55,-1
2025-04-07,2025-04-07 12:26:00,791.99,791.99,791.89,791.89,-0.01,46.48,36337.55,-1
2025-04-07,2025-04-07 12:27:00,791.89,791.89,791.8,791.8,-0.01,46.48,36337.55,-1
2025-04-07,2025-04-07 12:28:00,791.8,791.8,791.71,791.71,-0.01,46.48,36337.55,-1
2025-04-07,2025-04-07 12:29:00,791.71,791.71,791.62,791.62,-0.01,46.48,36337.55,-1
2025-04-07,2025-04-07 12:30:00,791.62,791.62,791.52,791.52,-0.01,46.48,36337.55,-1
2025-04-07,2025-04-07 12:31:00,791.52,791.52,791.43,791.43,-0.01,46.48,36337.55,-1
2025-04-07,2025-04-07 12:32:00,791.43,791.43,791.34,791.34,-0.01,46.48,36337.55,-1
2025-04-07,2025-04-07 12:33:00,791.34,791.34,791.24,791.24,-0.01,46.48,36337.55,-1
2025-04-07,2025-04-07 12:34:00,791.24,791.24,791.15,791.15,-0.01,46.48,36337.55,-1
2025-04-07,2025-04-07 12:35:00,791.15,791.15,791.06,791.06,-0.01,46.48,36337.55,-1
2025-04-07,2025-04-07 12:36:00,791.06,791.06,790.96,790.96,-0.01,46.48,36337.55,-1
2025-04-07,2025-04-07 12:37:00,790.96,790.96,790.87,790.87,-0.01,46.48,36337.55,-1
2025-04-07,2025-04-07 12:38:00,790.87,790.87,790.78,790.78,-0.01,46.48,36337.55,-1
2025-04-07,2025-04-07 12:39:00,790.78,790.78,790.68,790.68,-0.01,46.48,36337.55,-1
2025-04-07,2025-04-07 12:40:00,790.68,790.68,790.59,790.59,-0.01,46.48,36337.55,-1
2025-04-07,2025-04-07 12:41:00,790.59,790.59,790.5,790.5,-0.01,46.48,36337.55,-1
2025-04-07,2025-04-07 12:42:00,790.5,790.5,790.4,790.4,-0.01,46.48,36337.55,-1
2025-04-07,2025-04-07 12:43:00,790.4,790.4,790.31,790.31,-0.01,46.48,36337.55,-1
2025-04-07,2025-04-07 12:44:00,790.31,790.31,790.22,790.22,-0.01,46.48,36337.55,-1
2025-04-07,2025-04-07 12:45:00,790.22,790.22,790.12,790.12,-0.01,46.48,36337.55,-1
2025-04-07,2025-04-07 12:46:00,790.12,790.12,790.03,790.03,-0.01,46.48,36337.55,-1
2025-04-07,2025-04-07 12:47:00,790.03,790.03,789.94,789.94,-0.01,46.48,36337.55,-1
2025-04-07,2025-04-07 12:48:00,789.94,789.94,789.84,789.84,-0.01,46.48,36337.55,-1
2025-04-07,2025-04-07 12:49:00,789.84,789.84,789.75,789.75,-0.01,46.48,36337.55,-1
2025-04-07,2025-04-07 12:50:00,789.75,789.75,789.66,789.66,-0.01,46.48,36337.55,-1
2025-04-07,2025-04-07 12:51:00,789.66,789.66,789.57,789.57,-0.01,46.48,36337.55,-1
2025-04-07,2025-04-07 12:52:00,789.57,789.57,789.47,789.47,-0.01,46.48,36337.55,-1
2025-04-07,2025-04-07 12:53:00,789.47,789.47,789.38,789.38,-0.01,46.48,36337.55,-1
2025-04-07,2025-04-07 12:54:00,789.38,789.38,789.29,789.29,-0.01,46.48,36337.55,-1
2025-04-07,2025-04-07 12:55:00,789.29,789.29,789.19,789.19,-0.01,46.48,36337.55,-1
2025-04-07,2025-04-07 12:56:00,789.19,789.19,789.1,789.1,-0.01,46.48,36337.55,-1
2025-04-07,2025-04-07 12:57:00,789.1,789.1,789.01,789.01,-0.01,46.48,36337.55,-1
2025-04-07,2025-04-07 12:58:00,789.01,789.01,788.91,788.91,-0.01,46.48,36337.55,-1
2025-04-07,2025-04-07 12:59:00,788.91,788.91,788.82,788.82,-0.01,46.48,36337.55,-1
2025-04-07,2025-04-07 13:00:00,788.82,800.0,776.2,788.73,-0.01,46.48,36337.55,-1
2025-04-07,2025-04-07 13:01:00,788.73,788.73,788.63,788.63,-0.01,46.48,36337.55,-1
2025-04-07,2025-04-07 13:02:00,788.63,788.63,788.54,788.54,-0.01,46.48,36337.55,-1
2025-04-07,2025-04-07 13:03:00,788.54,788.54,788.45,788.45,-0.01,46.48,36337.55,-1
2025-04-07,2025-04-07 13:04:00,788.45,788.45,788.35,788.35,-0.01,46.48,36337.55,-1
2025-04-07,2025-04-07 13:05:00,788.35,788.35,788.26,788.26,-0.01,46.48,36337.55,-1
2025-04-07,2025-04-07 13:06:00,788.26,788.26,788.17,788.17,-0.01,46.48,36337.55,-1
2025-04-07,2025-04-07 13:07:00,788.17,788.17,788.07,788.07,-0.01,46.48,36337.55,-1
2025-04-07,2025-04-07 13:08:00,788.07,788.07,787.98,787.98,-0.01,46.48,36337.55,-1
2025-04-07,2025-04-07 13:09:00,787.98,787.98,787.89,787.89,-0.01,46.48,36337.55,-1
2025-04-07,2025-04-07 13:10:00,787.89,787.89,787.8,787.8,-0.01,46.48,36337.55,-1
2025-04-07,2025-04-07 13:11:00,787.8,787.8,787.7,787.7,-0.01,46.48,36337.55,-1
2025-04-07,2025-04-07 13:12:00,787.7,787.7,787.61,787.61,-0.01,46.48,36337.55,-1
2025-04-07,2025-04-07 13:13:00,787.61,787.61,787.52,787.52,-0.01,46.48,36337.55,-1
2025-04-07,2025-04-07 13:14:00,787.52,787.52,787.42,787.42,-0.01,46.48,36337.55,-1
2025-04-07,2025-04-07 13:15:00,787.42,787.42,787.33,787.33,-0.01,46.48,36337.55,-1
2025-04-07,2025-04-07 13:16:00,787.33,787.33,787.24,787.24,-0.01,46.48,36337.55,-1
2025-04-07,2025-04-07 13:17:00,787.24,787.24,787.14,787.14,-0.01,46.48,36337.55,-1
2025-04-07,2025-04-07 13:18:00,787.14,787.14,787.05,787.05,-0.01,46.48,36337.55,-1
2025-04-07,2025-04-07 13:19:00,787.05,787.05,786.96,786.96,-0.01,46.48,36337.55,-1
2025-04-07,2025-04-07 13:20:00,786.96,786.96,786.86,786.86,-0.01,46.48,36337.55,-1
2025-04-07,2025-04-07 13:21:00,786.86,786.86,786.77,786.77,-0.01,46.48,36337.55,-1
2025-04-07,2025-04-07 13:22:00,786.77,786.77,786.68,786.68,-0.01,46.48,36337.55,-1
2025-04-07,2025-04-07 13:23:00,786.68,786.68,786.58,786.58,-0.01,46.48,36337.55,-1
2025-04-07,2025-04-07 13:24:00,786.58,786.58,786.49,786.49,-0.01,46.48,36337.55,-1
2025-04-07,2025-04-07 13:25:00,786.49,786.49,786.4,786.4,-0.01,46.48,36337.55,-1
2025-04-07,2025-04-07 13:26:00,786.4,786.4,786.3,786.3,-0.01,46.48,36337.55,-1
2025-04-07,2025-04-07 13:27:00,786.3,786.3,786.21,786.21,-0.01,46.48,36337.55,-1
2025-04-07,2025-04-07 13:28:00,786.21,786.21,786.12,786.12,-0.01,46.48,36337.55,-1
2025-04-07,2025-04-07 13:29:00,786.12,786.12,786.02,786.02,-0.01,46.48,36337.55,-1
2025-04-07,2025-04-07 13:30:00,786.02,786.02,785.93,785.93,-0.01,46.48,36337.55,-1
2025-04-07,2025-04-07 13:31:00,785.93,785.93,785.84,785.84,-0.01,46.48,36337.55,-1
2025-04-07,2025-04-07 13:32:00,785.84,785.84,785.75,785.75,-0.01,46.48,36337.55,-1
2025-04-07,2025-04-07 13:33:00,785.75,785.75,785.65,785.65,-0.01,46.48,36337.55,-1
2025-04-07,2025-04-07 13:34:00,785.65,785.65,785.56,785.56,-0.01,46.48,36337.55,-1
2025-04-07,2025-04-07 13:35:00,785.56,785.56,785.47,785.47,-0.01,46.48,36337.55,-1
2025-04-07,2025-04-07 13:36:00,785.47,785.47,785.37,785.37,-0.01,46.48,36337.55,-1
2025-04-07,2025-04-07 13:37:00,785.37,785.37,785.28,785.28,-0.01,46.48,36337.55,-1
2025-04-07,2025-04-07 13:38:00,785.28,785.28,785.19,785.19,-0.01,46.48,36337.55,-1
2025-04-07,2025-04-07 13:39:00,785.19,785.19,785.09,785.09,-0.01,46.48,36337.55,-1
2025-04-07,2025-04-07 13:40:00,785.09,785.09,785.0,785.0,-0.01,46.48,36337.55,-1
2025-04-07,2025-04-07 13:41:00,785.0,785.0,784.91,784.91,-0.01,46.48,36337.55,-1
2025-04-07,2025-04-07 13:42:00,784.91,784.91,784.81,784.81,-0.01,46.48,36337.55,-1
2025-04-07,2025-04-07 13:43:00,784.81,784.81,784.72,784.72,-0.01,46.48,36337.55,-1
2025-04-07,2025-04-07 13:44:00,784.72,784.72,784.63,784.63,-0.01,46.48,36337.55,-1
2025-04-07,2025-04-07 13:45:00,784.63,784.63,784.53,784.53,-0.01,46.48,36337.55,-1
2025-04-07,2025-04-07 13:46:00,784.53,784.53,784.44,784.44,-0.01,46.48,36337.55,-1
2025-04-07,2025-04-07 13:47:00,784.44,784.44,784.35,784.35,-0.01,46.48,36337.55,-1
2025-04-07,2025-04-07 13:48:00,784.35,784.35,784.25,784.25,-0.01,46.48,36337.55,-1
2025-04-07,2025-04-07 13:49:00,784.25,784.25,784.16,784.16,-0.01,46.48,36337.55,-1
2025-04-07,2025-04-07 13:50:00,784.16,784.16,784.07,784.07,-0.01,46.48,36337.55,-1
2025-04-07,2025-04-07 13:51:00,784.07,784.07,783.98,783.98,-0.01,46.48,36337.55,-1
2025-04-07,2025-04-07 13:52:00,783.98,783.98,783.88,783.88,-0.01,46.48,36337.55,-1
2025-04-07,2025-04-07 13:53:00,783.88,783.88,783.79,783.79,-0.01,46.48,36337.55,-1
2025-04-07,2025-04-07 13:54:00,783.79,783.79,783.7,783.7,-0.01,46.48,36337.55,-1
2025-04-07,2025-04-07 13:55:00,783.7,783.7,783.6,783.6,-0.01,46.48,36337.55,-1
2025-04-07,2025-04-07 13:56:00,783.6,783.6,783.51,783.51,-0.01,46.48,36337.55,-1
2025-04-07,2025-04-07 13:57:00,783.51,783.51,783.42,783.42,-0.01,46.48,36337.55,-1
2025-04-07,2025-04-07 13:58:00,783.42,783.42,783.32,783.32,-0.01,46.48,36337.55,-1
2025-04-07,2025-04-07 13:59:00,783.32,783.32,783.23,783.23,-0.01,46.48,36337.55,-1
2025-04-07,2025-04-07 14:00:00,783.23,783.23,783.14,783.14,-0.01,46.48,36337.55,-1
2025-04-07,2025-04-07 14:01:00,783.14,783.14,783.04,783.04,-0.01,46.48,36337.55,-1
2025-04-07,2025-04-07 14:02:00,783.04,783.04,782.95,782.95,-0.01,46.48,36337.55,-1
2025-04-07,2025-04-07 14:03:00,782.95,782.95,782.86,782.86,-0.01,46.48,36337.55,-1
2025-04-07,2025-04-07 14:04:00,782.86,782.86,782.76,782.76,-0.01,46.48,36337.55,-1
2025-04-07,2025-04-07 14:05:00,782.76,782.76,782.67,782.67,-0.01,46.48,36337.55,-1
2025-04-07,2025-04-07 14:06:00,782.67,782.67,782.58,782.58,-0.01,46.48,36337.55,-1
2025-04-07,2025-04-07 14:07:00,782.58,782.58,782.48,782.48,-0.01,46.48,36337.55,-1
2025-04-07,2025-04-07 14:08:00,782.48,782.48,782.39,782.39,-0.01,46.48,36337.55,-1
2025-04-07,2025-04-07 14:09:00,782.39,782.39,782.3,782.3,-0.01,46.48,36337.55,-1
2025-04-07,2025-04-07 14:10:00,782.3,782.3,782.21,782.21,-0.01,46.48,36337.55,-1
2025-04-07,2025-04-07 14:11:00,782.21,782.21,782.11,782.11,-0.01,46.48,36337.55,-1
2025-04-07,2025-04-07 14:12:00,782.11,782.11,782.02,782.02,-0.01,46.48,36337.55,-1
2025-04-07,2025-04-07 14:13:00,782.02,782.02,781.93,781.93,-0.01,46.48,36337.55,-1
2025-04-07,2025-04-07 14:14:00,781.93,781.93,781.83,781.83,-0.01,46.48,36337.55,-1
2025-04-07,2025-04-07 14:15:00,781.83,781.83,781.74,781.74,-0.01,46.48,36337.55,-1
2025-04-07,2025-04-07 14:16:00,781.74,781.74,781.65,781.65,-0.01,46.48,36337.55,-1
2025-04-07,2025-04-07 14:17:00,781.65,781.65,781.55,781.55,-0.01,46.48,36337.55,-1
2025-04-07,2025-04-07 14:18:00,781.55,781.55,781.46,781.46,-0.01,46.48,36337.55,-1
2025-04-07,2025-04-07 14:19:00,781.46,781.46,781.37,781.37,-0.01,46.48,36337.55,-1
2025-04-07,2025-04-07 14:20:00,781.37,781.37,781.27,781.27,-0.01,46.48,36337.55,-1
2025-04-07,2025-04-07 14:21:00,781.27,781.27,781.18,781.18,-0.01,46.48,36337.55,-1
2025-04-07,2025-04-07 14:22:00,781.18,781.18,781.09,781.09,-0.01,46.48,36337.55,-1
2025-04-07,2025-04-07 14:23:00,781.09,781.09,780.99,780.99,-0.01,46.48,36337.55,-1
2025-04-07,2025-04-07 14:24:00,780.99,780.99,780.9,780.9,-0.01,46.48,36337.55,-1
2025-04-07,2025-04-07 14:25:00,780.9,780.9,780.81,780.81,-0.01,46.48,36337.55,-1
2025-04-07,2025-04-07 14:26:00,780.81,780.81,780.71,780.71,-0.01,46.48,36337.55,-1
2025-04-07,2025-04-07 14:27:00,780.71,780.71,780.62,780.62,-0.01,46.48,36337.55,-1
2025-04-07,2025-04-07 14:28:00,780.62,780.62,780.53,780.53,-0.01,46.48,36337.55,-1
2025-04-07,2025-04-07 14:29:00,780.53,780.53,780.43,780.43,-0.01,46.48,36337.55,-1
2025-04-07,2025-04-07 14:30:00,780.43,780.43,780.34,780.34,-0.01,46.48,36337.55,-1
2025-04-07,2025-04-07 14:31:00,780.34,780.34,780.25,780.25,-0.01,46.48,36337.55,-1
2025-04-07,2025-04-07 14:32:00,780.25,780.25,780.16,780.16,-0.01,46.48,36337.55,-1
2025-04-07,2025-04-07 14:33:00,780.16,780.16,780.06,780.06,-0.01,46.48,36337.55,-1
2025-04-07,2025-04-07 14:34:00,780.06,780.06,779.97,779.97,-0.01,46.48,36337.55,-1
2025-04-07,2025-04-07 14:35:00,779.97,779.97,779.88,779.88,-0.01,46.48,36337.55,-1
2025-04-07,2025-04-07 14:36:00,779.88,779.88,779.78,779.78,-0.01,46.48,36337.55,-1
2025-04-07,2025-04-07 14:37:00,779.78,779.78,779.69,779.69,-0.01,46.48,36337.55,-1
2025-04-07,2025-04-07 14:38:00,779.69,779.69,779.6,779.6,-0.01,46.48,36337.55,-1
2025-04-07,2025-04-07 14:39:00,779.6,779.6,779.5,779.5,-0.01,46.48,36337.55,-1
2025-04-07,2025-04-07 14:40:00,779.5,779.5,779.41,779.41,-0.01,46.48,36337.55,-1
2025-04-07,2025-04-07 14:41:00,779.41,779.41,779.32,779.32,-0.01,46.48,36337.55,-1
2025-04-07,2025-04-07 14:42:00,779.32,779.32,779.22,779.22,-0.01,46.48,36337.55,-1
2025-04-07,2025-04-07 14:43:00,779.22,779.22,779.13,779.13,-0.01,46.48,36337.55,-1
2025-04-07,2025-04-07 14:44:00,779.13,779.13,779.04,779.04,-0.01,46.48,36337.55,-1
2025-04-07,2025-04-07 14:45:00,779.04,779.04,778.94,778.94,-0.01,46.48,36337.55,-1
2025-04-07,2025-04-07 14:46:00,778.94,778.94,778.85,778.85,-0.01,46.48,36337.55,-1
2025-04-07,2025-04-07 14:47:00,778.85,778.85,778.76,778.76,-0.01,46.48,36337.55,-1
2025-04-07,2025-04-07 14:48:00,778.76,778.76,778.66,778.66,-0.01,46.48,36337.55,-1
2025-04-07,2025-04-07 14:49:00,778.66,778.66,778.57,778.57,-0.01,46.48,36337.55,-1
2025-04-07,2025-04-07 14:50:00,778.57,778.57,778.48,778.48,-0.01,46.48,36337.55,-1
2025-04-07,2025-04-07 14:51:00,778.48,778.48,778.39,778.39,-0.01,46.48,36337.55,-1
2025-04-07,2025-04-07 14:52:00,778.39,778.39,778.29,778.29,-0.01,46.48,36337.55,-1
2025-04-07,2025-04-07 14:53:00,778.29,778.29,778.2,778.2,-0.01,46.48,36337.55,-1
2025-04-07,2025-04-07 14:54:00,778.2,778.2,778.11,778.11,-0.01,46.48,36337.55,-1
2025-04-07,2025-04-07 14:55:00,778.11,778.11,778.01,778.01,-0.01,46.48,36337.55,-1
2025-04-07,2025-04-07 14:56:00,778.01,778.01,777.92,777.92,-0.01,46.48,36337.55,-1
2025-04-07,2025-04-07 14:57:00,777.92,777.92,777.83,777.83,-0.01,46.48,36337.55,-1
2025-04-07,2025-04-07 14:58:00,777.83,777.83,777.73,777.73,-0.01,46.48,36337.55,-1
2025-04-07,2025-04-07 14:59:00,777.73,777.73,777.64,777.64,-0.01,46.48,36337.55,-1
2025-04-07,2025-04-07 15:00:00,777.64,800.0,776.2,777.64,0.0,46.48,36337.55,0
2025-04-08,2025-04-08 11:00:00,779.0,779.3,774.5,778.99,-0.0,48.41,37265.4,-1
2025-04-08,2025-04-08 11:01:00,778.99,778.99,778.99,778.99,0.0,48.41,37265.4,0
2025-04-08,2025-04-08 11:02:00,778.99,778.99,778.98,778.98,-0.0,48.41,37265.4,-1
2025-04-08,2025-04-08 11:03:00,778.98,778.98,778.98,778.98,0.0,48.41,37265.4,0
2025-04-08,2025-04-08 11:04:00,778.98,778.98,778.97,778.97,-0.0,48.41,37265.4,-1
2025-04-08,2025-04-08 11:05:00,778.97,778.97,778.97,778.97,0.0,48.41,37265.4,0
2025-04-08,2025-04-08 11:06:00,778.97,778.97,778.96,778.96,-0.0,48.41,37265.4,-1
2025-04-08,2025-04-08 11:07:00,778.96,778.96,778.96,778.96,0.0,48.41,37265.4,0
2025-04-08,2025-04-08 11:08:00,778.96,778.96,778.95,778.95,-0.0,48.41,37265.4,-1
2025-04-08,2025-04-08 11:09:00,778.95,778.95,778.95,778.95,0.0,48.41,37265.4,0
2025-04-08,2025-04-08 11:10:00,778.95,778.95,778.94,778.94,-0.0,48.41,37265.4,-1
2025-04-08,2025-04-08 11:11:00,778.94,778.94,778.93,778.93,-0.0,48.41,37265.4,-1
2025-04-08,2025-04-08 11:12:00,778.93,778.93,778.93,778.93,0.0,48.41,37265.4,0
2025-04-08,2025-04-08 11:13:00,778.93,778.93,778.92,778.92,-0.0,48.41,37265.4,-1
2025-04-08,2025-04-08 11:14:00,778.92,778.92,778.92,778.92,0.0,48.41,37265.4,0
2025-04-08,2025-04-08 11:15:00,778.92,778.92,778.91,778.91,-0.0,48.41,37265.4,-1
2025-04-08,2025-04-08 11:16:00,778.91,778.91,778.91,778.91,0.0,48.41,37265.4,0
2025-04-08,2025-04-08 11:17:00,778.91,778.91,778.9,778.9,-0.0,48.41,37265.4,-1
2025-04-08,2025-04-08 11:18:00,778.9,778.9,778.9,778.9,0.0,48.41,37265.4,0
2025-04-08,2025-04-08 11:19:00,778.9,778.9,778.89,778.89,-0.0,48.41,37265.4,-1
2025-04-08,2025-04-08 11:20:00,778.89,778.89,778.89,778.89,0.0,48.41,37265.4,0
2025-04-08,2025-04-08 11:21:00,778.89,778.89,778.88,778.88,-0.0,48.41,37265.4,-1
2025-04-08,2025-04-08 11:22:00,778.88,778.88,778.88,778.88,0.0,48.41,37265.4,0
2025-04-08,2025-04-08 11:23:00,778.88,778.88,778.87,778.87,-0.0,48.41,37265.4,-1
2025-04-08,2025-04-08 11:24:00,778.87,778.87,778.86,778.86,-0.0,48.41,37265.4,-1
2025-04-08,2025-04-08 11:25:00,778.86,778.86,778.86,778.86,0.0,48.41,37265.4,0
2025-04-08,2025-04-08 11:26:00,778.86,778.86,778.85,778.85,-0.0,48.41,37265.4,-1
2025-04-08,2025-04-08 11:27:00,778.85,778.85,778.85,778.85,0.0,48.41,37265.4,0
2025-04-08,2025-04-08 11:28:00,778.85,778.85,778.84,778.84,-0.0,48.41,37265.4,-1
2025-04-08,2025-04-08 11:29:00,778.84,778.84,778.84,778.84,0.0,48.41,37265.4,0
2025-04-08,2025-04-08 11:30:00,778.84,778.84,778.83,778.83,-0.0,48.41,37265.4,-1
2025-04-08,2025-04-08 11:31:00,778.83,778.83,778.83,778.83,0.0,48.41,37265.4,0
2025-04-08,2025-04-08 11:32:00,778.83,778.83,778.82,778.82,-0.0,48.41,37265.4,-1
2025-04-08,2025-04-08 11:33:00,778.82,778.82,778.82,778.82,0.0,48.41,37265.4,0
2025-04-08,2025-04-08 11:34:00,778.82,778.82,778.81,778.81,-0.0,48.41,37265.4,-1
2025-04-08,2025-04-08 11:35:00,778.81,778.81,778.81,778.81,0.0,48.41,37265.4,0
2025-04-08,2025-04-08 11:36:00,778.81,778.81,778.8,778.8,-0.0,48.41,37265.4,-1
2025-04-08,2025-04-08 11:37:00,778.8,778.8,778.79,778.79,-0.0,48.41,37265.4,-1
2025-04-08,2025-04-08 11:38:00,778.79,778.79,778.79,778.79,0.0,48.41,37265.4,0
2025-04-08,2025-04-08 11:39:00,778.79,778.79,778.78,778.78,-0.0,48.41,37265.4,-1
2025-04-08,2025-04-08 11:40:00,778.78,778.78,778.78,778.78,0.0,48.41,37265.4,0
2025-04-08,2025-04-08 11:41:00,778.78,778.78,778.77,778.77,-0.0,48.41,37265.4,-1
2025-04-08,2025-04-08 11:42:00,778.77,778.77,778.77,778.77,0.0,48.41,37265.4,0
2025-04-08,2025-04-08 11:43:00,778.77,778.77,778.76,778.76,-0.0,48.41,37265.4,-1
2025-04-08,2025-04-08 11:44:00,778.76,778.76,778.76,778.76,0.0,48.41,37265.4,0
2025-04-08,2025-04-08 11:45:00,778.76,778.76,778.75,778.75,-0.0,48.41,37265.4,-1
2025-04-08,2025-04-08 11:46:00,778.75,778.75,778.75,778.75,0.0,48.41,37265.4,0
2025-04-08,2025-04-08 11:47:00,778.75,778.75,778.74,778.74,-0.0,48.41,37265.4,-1
2025-04-08,2025-04-08 11:48:00,778.74,778.74,778.73,778.73,-0.0,48.41,37265.4,-1
2025-04-08,2025-04-08 11:49:00,778.73,778.73,778.73,778.73,0.0,48.41,37265.4,0
2025-04-08,2025-04-08 11:50:00,778.73,778.73,778.72,778.72,-0.0,48.41,37265.4,-1
2025-04-08,2025-04-08 11:51:00,778.72,778.72,778.72,778.72,0.0,48.41,37265.4,0
2025-04-08,2025-04-08 11:52:00,778.72,778.72,778.71,778.71,-0.0,48.41,37265.4,-1
2025-04-08,2025-04-08 11:53:00,778.71,778.71,778.71,778.71,0.0,48.41,37265.4,0
2025-04-08,2025-04-08 11:54:00,778.71,778.71,778.7,778.7,-0.0,48.41,37265.4,-1
2025-04-08,2025-04-08 11:55:00,778.7,778.7,778.7,778.7,0.0,48.41,37265.4,0
2025-04-08,2025-04-08 11:56:00,778.7,778.7,778.69,778.69,-0.0,48.41,37265.4,-1
2025-04-08,2025-04-08 11:57:00,778.69,778.69,778.69,778.69,0.0,48.41,37265.4,0
2025-04-08,2025-04-08 11:58:00,778.69,778.69,778.68,778.68,-0.0,48.41,37265.4,-1
2025-04-08,2025-04-08 11:59:00,778.68,778.68,778.67,778.67,-0.0,48.41,37265.4,-1
2025-04-08,2025-04-08 12:00:00,778.67,778.67,778.67,778.67,0.0,48.41,37265.4,0
2025-04-08,2025-04-08 12:01:00,778.67,778.67,778.66,778.66,-0.0,48.41,37265.4,-1
2025-04-08,2025-04-08 12:02:00,778.66,778.66,778.66,778.66,0.0,48.41,37265.4,0
2025-04-08,2025-04-08 12:03:00,778.66,778.66,778.65,778.65,-0.0,48.41,37265.4,-1
2025-04-08,2025-04-08 12:04:00,778.65,778.65,778.65,778.65,0.0,48.41,37265.4,0
2025-04-08,2025-04-08 12:05:00,778.65,778.65,778.64,778.64,-0.0,48.41,37265.4,-1
2025-04-08,2025-04-08 12:06:00,778.64,778.64,778.64,778.64,0.0,48.41,37265.4,0
2025-04-08,2025-04-08 12:07:00,778.64,778.64,778.63,778.63,-0.0,48.41,37265.4,-1
2025-04-08,2025-04-08 12:08:00,778.63,778.63,778.63,778.63,0.0,48.41,37265.4,0
2025-04-08,2025-04-08 12:09:00,778.63,778.63,778.62,778.62,-0.0,48.41,37265.4,-1
2025-04-08,2025-04-08 12:10:00,778.62,778.62,778.62,778.62,0.0,48.41,37265.4,0
2025-04-08,2025-04-08 12:11:00,778.62,778.62,778.61,778.61,-0.0,48.41,37265.4,-1
2025-04-08,2025-04-08 12:12:00,778.61,778.61,778.6,778.6,-0.0,48.41,37265.4,-1
2025-04-08,2025-04-08 12:13:00,778.6,778.6,778.6,778.6,0.0,48.41,37265.4,0
2025-04-08,2025-04-08 12:14:00,778.6,778.6,778.59,778.59,-0.0,48.41,37265.4,-1
2025-04-08,2025-04-08 12:15:00,778.59,778.59,778.59,778.59,0.0,48.41,37265.4,0
2025-04-08,2025-04-08 12:16:00,778.59,778.59,778.58,778.58,-0.0,48.41,37265.4,-1
2025-04-08,2025-04-08 12:17:00,778.58,778.58,778.58,778.58,0.0,48.41,37265.4,0
2025-04-08,2025-04-08 12:18:00,778.58,778.58,778.57,778.57,-0.0,48.41,37265.4,-1
2025-04-08,2025-04-08 12:19:00,778.57,778.57,778.57,778.57,0.0,48.41,37265.4,0
2025-04-08,2025-04-08 12:20:00,778.57,778.57,778.56,778.56,-0.0,48.41,37265.4,-1
2025-04-08,2025-04-08 12:21:00,778.56,778.56,778.56,778.56,0.0,48.41,37265.4,0
2025-04-08,2025-04-08 12:22:00,778.56,778.56,778.55,778.55,-0.0,48.41,37265.4,-1
2025-04-08,2025-04-08 12:23:00,778.55,778.55,778.55,778.55,0.0,48.41,37265.4,0
2025-04-08,2025-04-08 12:24:00,778.55,778.55,778.54,778.54,-0.0,48.41,37265.4,-1
2025-04-08,2025-04-08 12:25:00,778.54,778.54,778.53,778.53,-0.0,48.41,37265.4,-1
2025-04-08,2025-04-08 12:26:00,778.53,778.53,778.53,778.53,0.0,48.41,37265.4,0
2025-04-08,2025-04-08 12:27:00,778.53,778.53,778.52,778.52,-0.0,48.41,37265.4,-1
2025-04-08,2025-04-08 12:28:00,778.52,778.52,778.52,778.52,0.0,48.41,37265.4,0
2025-04-08,2025-04-08 12:29:00,778.52,778.52,778.51,778.51,-0.0,48.41,37265.4,-1
2025-04-08,2025-04-08 12:30:00,778.51,778.51,778.51,778.51,0.0,48.41,37265.4,0
2025-04-08,2025-04-08 12:31:00,778.51,778.51,778.5,778.5,-0.0,48.41,37265.4,-1
2025-04-08,2025-04-08 12:32:00,778.5,778.5,778.5,778.5,0.0,48.41,37265.4,0
2025-04-08,2025-04-08 12:33:00,778.5,778.5,778.49,778.49,-0.0,48.41,37265.4,-1
2025-04-08,2025-04-08 12:34:00,778.49,778.49,778.49,778.49,0.0,48.41,37265.4,0
2025-04-08,2025-04-08 12:35:00,778.49,778.49,778.48,778.48,-0.0,48.41,37265.4,-1
2025-04-08,2025-04-08 12:36:00,778.48,778.48,778.47,778.47,-0.0,48.41,37265.4,-1
2025-04-08,2025-04-08 12:37:00,778.47,778.47,778.47,778.47,0.0,48.41,37265.4,0
2025-04-08,2025-04-08 12:38:00,778.47,778.47,778.46,778.46,-0.0,48.41,37265.4,-1
2025-04-08,2025-04-08 12:39:00,778.46,778.46,778.46,778.46,0.0,48.41,37265.4,0
2025-04-08,2025-04-08 12:40:00,778.46,778.46,778.45,778.45,-0.0,48.41,37265.4,-1
2025-04-08,2025-04-08 12:41:00,778.45,778.45,778.45,778.45,0.0,48.41,37265.4,0
2025-04-08,2025-04-08 12:42:00,778.45,778.45,778.44,778.44,-0.0,48.41,37265.4,-1
2025-04-08,2025-04-08 12:43:00,778.44,778.44,778.44,778.44,0.0,48.41,37265.4,0
2025-04-08,2025-04-08 12:44:00,778.44,778.44,778.43,778.43,-0.0,48.41,37265.4,-1
2025-04-08,2025-04-08 12:45:00,778.43,778.43,778.43,778.43,0.0,48.41,37265.4,0
2025-04-08,2025-04-08 12:46:00,778.43,778.43,778.42,778.42,-0.0,48.41,37265.4,-1
2025-04-08,2025-04-08 12:47:00,778.42,778.42,778.41,778.41,-0.0,48.41,37265.4,-1
2025-04-08,2025-04-08 12:48:00,778.41,778.41,778.41,778.41,0.0,48.41,37265.4,0
2025-04-08,2025-04-08 12:49:00,778.41,778.41,778.4,778.4,-0.0,48.41,37265.4,-1
2025-04-08,2025-04-08 12:50:00,778.4,778.4,778.4,778.4,0.0,48.41,37265.4,0
2025-04-08,2025-04-08 12:51:00,778.4,778.4,778.39,778.39,-0.0,48.41,37265.4,-1
2025-04-08,2025-04-08 12:52:00,778.39,778.39,778.39,778.39,0.0,48.41,37265.4,0
2025-04-08,2025-04-08 12:53:00,778.39,778.39,778.38,778.38,-0.0,48.41,37265.4,-1
2025-04-08,2025-04-08 12:54:00,778.38,778.38,778.38,778.38,0.0,48.41,37265.4,0
2025-04-08,2025-04-08 12:55:00,778.38,778.38,778.37,778.37,-0.0,48.41,37265.4,-1
2025-04-08,2025-04-08 12:56:00,778.37,778.37,778.37,778.37,0.0,48.41,37265.4,0
2025-04-08,2025-04-08 12:57:00,778.37,778.37,778.36,778.36,-0.0,48.41,37265.4,-1
2025-04-08,2025-04-08 12:58:00,778.36,778.36,778.36,778.36,0.0,48.41,37265.4,0
2025-04-08,2025-04-08 12:59:00,778.36,778.36,778.35,778.35,-0.0,48.41,37265.4,-1
2025-04-08,2025-04-08 13:00:00,778.35,780.0,764.0,778.34,-0.0,48.41,37265.4,-1
2025-04-08,2025-04-08 13:01:00,778.34,778.34,778.34,778.34,0.0,48.41,37265.4,0
2025-04-08,2025-04-08 13:02:00,778.34,778.34,778.33,778.33,-0.0,48.41,37265.4,-1
2025-04-08,2025-04-08 13:03:00,778.33,778.33,778.33,778.33,0.0,48.41,37265.4,0
2025-04-08,2025-04-08 13:04:00,778.33,778.33,778.32,778.32,-0.0,48.41,37265.4,-1
2025-04-08,2025-04-08 13:05:00,778.32,778.32,778.32,778.32,0.0,48.41,37265.4,0
2025-04-08,2025-04-08 13:06:00,778.32,778.32,778.31,778.31,-0.0,48.41,37265.4,-1
2025-04-08,2025-04-08 13:07:00,778.31,778.31,778.31,778.31,0.0,48.41,37265.4,0
2025-04-08,2025-04-08 13:08:00,778.31,778.31,778.3,778.3,-0.0,48.41,37265.4,-1
2025-04-08,2025-04-08 13:09:00,778.3,778.3,778.3,778.3,0.0,48.41,37265.4,0
2025-04-08,2025-04-08 13:10:00,778.3,778.3,778.29,778.29,-0.0,48.41,37265.4,-1
2025-04-08,2025-04-08 13:11:00,778.29,778.29,778.28,778.28,-0.0,48.41,37265.4,-1
2025-04-08,2025-04-08 13:12:00,778.28,778.28,778.28,778.28,0.0,48.41,37265.4,0
2025-04-08,2025-04-08 13:13:00,778.28,778.28,778.27,778.27,-0.0,48.41,37265.4,-1
2025-04-08,2025-04-08 13:14:00,778.27,778.27,778.27,778.27,0.0,48.41,37265.4,0
2025-04-08,2025-04-08 13:15:00,778.27,778.27,778.26,778.26,-0.0,48.41,37265.4,-1
2025-04-08,2025-04-08 13:16:00,778.26,778.26,778.26,778.26,0.0,48.41,37265.4,0
2025-04-08,2025-04-08 13:17:00,778.26,778.26,778.25,778.25,-0.0,48.41,37265.4,-1
2025-04-08,2025-04-08 13:18:00,778.25,778.25,778.25,778.25,0.0,48.41,37265.4,0
2025-04-08,2025-04-08 13:19:00,778.25,778.25,778.24,778.24,-0.0,48.41,37265.4,-1
2025-04-08,2025-04-08 13:20:00,778.24,778.24,778.24,778.24,0.0,48.41,37265.4,0
2025-04-08,2025-04-08 13:21:00,778.24,778.24,778.23,778.23,-0.0,48.41,37265.4,-1
2025-04-08,2025-04-08 13:22:00,778.23,778.23,778.23,778.23,0.0,48.41,37265.4,0
2025-04-08,2025-04-08 13:23:00,778.23,778.23,778.22,778.22,-0.0,48.41,37265.4,-1
2025-04-08,2025-04-08 13:24:00,778.22,778.22,778.21,778.21,-0.0,48.41,37265.4,-1
2025-04-08,2025-04-08 13:25:00,778.21,778.21,778.21,778.21,0.0,48.41,37265.4,0
2025-04-08,2025-04-08 13:26:00,778.21,778.21,778.2,778.2,-0.0,48.41,37265.4,-1
2025-04-08,2025-04-08 13:27:00,778.2,778.2,778.2,778.2,0.0,48.41,37265.4,0
2025-04-08,2025-04-08 13:28:00,778.2,778.2,778.19,778.19,-0.0,48.41,37265.4,-1
2025-04-08,2025-04-08 13:29:00,778.19,778.19,778.19,778.19,0.0,48.41,37265.4,0
2025-04-08,2025-04-08 13:30:00,778.19,778.19,778.18,778.18,-0.0,48.41,37265.4,-1
2025-04-08,2025-04-08 13:31:00,778.18,778.18,778.18,778.18,0.0,48.41,37265.4,0
2025-04-08,2025-04-08 13:32:00,778.18,778.18,778.17,778.17,-0.0,48.41,37265.4,-1
2025-04-08,2025-04-08 13:33:00,778.17,778.17,778.17,778.17,0.0,48.41,37265.4,0
2025-04-08,2025-04-08 13:34:00,778.17,778.17,778.16,778.16,-0.0,48.41,37265.4,-1
2025-04-08,2025-04-08 13:35:00,778.16,778.16,778.15,778.15,-0.0,48.41,37265.4,-1
2025-04-08,2025-04-08 13:36:00,778.15,778.15,778.15,778.15,0.0,48.41,37265.4,0
2025-04-08,2025-04-08 13:37:00,778.15,778.15,778.14,778.14,-0.0,48.41,37265.4,-1
2025-04-08,2025-04-08 13:38:00,778.14,778.14,778.14,778.14,0.0,48.41,37265.4,0
2025-04-08,2025-04-08 13:39:00,778.14,778.14,778.13,778.13,-0.0,48.41,37265.4,-1
2025-04-08,2025-04-08 13:40:00,778.13,778.13,778.13,778.13,0.0,48.41,37265.4,0
2025-04-08,2025-04-08 13:41:00,778.13,778.13,778.12,778.12,-0.0,48.41,37265.4,-1
2025-04-08,2025-04-08 13:42:00,778.12,778.12,778.12,778.12,0.0,48.41,37265.4,0
2025-04-08,2025-04-08 13:43:00,778.12,778.12,778.11,778.11,-0.0,48.41,37265.4,-1
2025-04-08,2025-04-08 13:44:00,778.11,778.11,778.11,778.11,0.0,48.41,37265.4,0
2025-04-08,2025-04-08 13:45:00,778.11,778.11,778.1,778.1,-0.0,48.41,37265.4,-1
2025-04-08,2025-04-08 13:46:00,778.1,778.1,778.1,778.1,0.0,48.41,37265.4,0
2025-04-08,2025-04-08 13:47:00,778.1,778.1,778.09,778.09,-0.0,48.41,37265.4,-1
2025-04-08,2025-04-08 13:48:00,778.09,778.09,778.08,778.08,-0.0,48.41,37265.4,-1
2025-04-08,2025-04-08 13:49:00,778.08,778.08,778.08,778.08,0.0,48.41,37265.4,0
2025-04-08,2025-04-08 13:50:00,778.08,778.08,778.07,778.07,-0.0,48.41,37265.4,-1
2025-04-08,2025-04-08 13:51:00,778.07,778.07,778.07,778.07,0.0,48.41,37265.4,0
2025-04-08,2025-04-08 13:52:00,778.07,778.07,778.06,778.06,-0.0,48.41,37265.4,-1
2025-04-08,2025-04-08 13:53:00,778.06,778.06,778.06,778.06,0.0,48.41,37265.4,0
2025-04-08,2025-04-08 13:54:00,778.06,778.06,778.05,778.05,-0.0,48.41,37265.4,-1
2025-04-08,2025-04-08 13:55:00,778.05,778.05,778.05,778.05,0.0,48.41,37265.4,0
2025-04-08,2025-04-08 13:56:00,778.05,778.05,778.04,778.04,-0.0,48.41,37265.4,-1
2025-04-08,2025-04-08 13:57:00,778.04,778.04,778.04,778.04,0.0,48.41,37265.4,0
2025-04-08,2025-04-08 13:58:00,778.04,778.04,778.03,778.03,-0.0,48.41,37265.4,-1
2025-04-08,2025-04-08 13:59:00,778.03,778.03,778.03,778.03,0.0,48.41,37265.4,0
2025-04-08,2025-04-08 14:00:00,778.03,778.03,778.02,778.02,-0.0,48.41,37265.4,-1
2025-04-08,2025-04-08 14:01:00,778.02,778.02,778.01,778.01,-0.0,48.41,37265.4,-1
2025-04-08,2025-04-08 14:02:00,778.01,778.01,778.01,778.01,0.0,48.41,37265.4,0
2025-04-08,2025-04-08 14:03:00,778.01,778.01,778.0,778.0,-0.0,48.41,37265.4,-1
2025-04-08,2025-04-08 14:04:00,778.0,778.0,778.0,778.0,0.0,48.41,37265.4,0
2025-04-08,2025-04-08 14:05:00,778.0,778.0,777.99,777.99,-0.0,48.41,37265.4,-1
2025-04-08,2025-04-08 14:06:00,777.99,777.99,777.99,777.99,0.0,48.41,37265.4,0
2025-04-08,2025-04-08 14:07:00,777.99,777.99,777.98,777.98,-0.0,48.41,37265.4,-1
2025-04-08,2025-04-08 14:08:00,777.98,777.98,777.98,777.98,0.0,48.41,37265.4,0
2025-04-08,2025-04-08 14:09:00,777.98,777.98,777.97,777.97,-0.0,48.41,37265.4,-1
2025-04-08,2025-04-08 14:10:00,777.97,777.97,777.97,777.97,0.0,48.41,37265.4,0
2025-04-08,2025-04-08 14:11:00,777.97,777.97,777.96,777.96,-0.0,48.41,37265.4,-1
2025-04-08,2025-04-08 14:12:00,777.96,777.96,777.95,777.95,-0.0,48.41,37265.4,-1
2025-04-08,2025-04-08 14:13:00,777.95,777.95,777.95,777.95,0.0,48.41,37265.4,0
2025-04-08,2025-04-08 14:14:00,777.95,777.95,777.94,777.94,-0.0,48.41,37265.4,-1
2025-04-08,2025-04-08 14:15:00,777.94,777.94,777.94,777.94,0.0,48.41,37265.4,0
2025-04-08,2025-04-08 14:16:00,777.94,777.94,777.93,777.93,-0.0,48.41,37265.4,-1
2025-04-08,2025-04-08 14:17:00,777.93,777.93,777.93,777.93,0.0,48.41,37265.4,0
2025-04-08,2025-04-08 14:18:00,777.93,777.93,777.92,777.92,-0.0,48.41,37265.4,-1
2025-04-08,2025-04-08 14:19:00,777.92,777.92,777.92,777.92,0.0,48.41,37265.4,0
2025-04-08,2025-04-08 14:20:00,777.92,777.92,777.91,777.91,-0.0,48.41,37265.4,-1
2025-04-08,2025-04-08 14:21:00,777.91,777.91,777.91,777.91,0.0,48.41,37265.4,0
2025-04-08,2025-04-08 14:22:00,777.91,777.91,777.9,777.9,-0.0,48.41,37265.4,-1
2025-04-08,2025-04-08 14:23:00,777.9,777.9,777.89,777.89,-0.0,48.41,37265.4,-1
2025-04-08,2025-04-08 14:24:00,777.89,777.89,777.89,777.89,0.0,48.41,37265.4,0
2025-04-08,2025-04-08 14:25:00,777.89,777.89,777.88,777.88,-0.0,48.41,37265.4,-1
2025-04-08,2025-04-08 14:26:00,777.88,777.88,777.88,777.88,0.0,48.41,37265.4,0
2025-04-08,2025-04-08 14:27:00,777.88,777.88,777.87,777.87,-0.0,48.41,37265.4,-1
2025-04-08,2025-04-08 14:28:00,777.87,777.87,777.87,777.87,0.0,48.41,37265.4,0
2025-04-08,2025-04-08 14:29:00,777.87,777.87,777.86,777.86,-0.0,48.41,37265.4,-1
2025-04-08,2025-04-08 14:30:00,777.86,777.86,777.86,777.86,0.0,48.41,37265.4,0
2025-04-08,2025-04-08 14:31:00,777.86,777.86,777.85,777.85,-0.0,48.41,37265.4,-1
2025-04-08,2025-04-08 14:32:00,777.85,777.85,777.85,777.85,0.0,48.41,37265.4,0
2025-04-08,2025-04-08 14:33:00,777.85,777.85,777.84,777.84,-0.0,48.41,37265.4,-1
2025-04-08,2025-04-08 14:34:00,777.84,777.84,777.84,777.84,0.0,48.41,37265.4,0
2025-04-08,2025-04-08 14:35:00,777.84,777.84,777.83,777.83,-0.0,48.41,37265.4,-1
2025-04-08,2025-04-08 14:36:00,777.83,777.83,777.82,777.82,-0.0,48.41,37265.4,-1
2025-04-08,2025-04-08 14:37:00,777.82,777.82,777.82,777.82,0.0,48.41,37265.4,0
2025-04-08,2025-04-08 14:38:00,777.82,777.82,777.81,777.81,-0.0,48.41,37265.4,-1
2025-04-08,2025-04-08 14:39:00,777.81,777.81,777.81,777.81,0.0,48.41,37265.4,0
2025-04-08,2025-04-08 14:40:00,777.81,777.81,777.8,777.8,-0.0,48.41,37265.4,-1
2025-04-08,2025-04-08 14:41:00,777.8,777.8,777.8,777.8,0.0,48.41,37265.4,0
2025-04-08,2025-04-08 14:42:00,777.8,777.8,777.79,777.79,-0.0,48.41,37265.4,-1
2025-04-08,2025-04-08 14:43:00,777.79,777.79,777.79,777.79,0.0,48.41,37265.4,0
2025-04-08,2025-04-08 14:44:00,777.79,777.79,777.78,777.78,-0.0,48.41,37265.4,-1
2025-04-08,2025-04-08 14:45:00,777.78,777.78,777.78,777.78,0.0,48.41,37265.4,0
2025-04-08,2025-04-08 14:46:00,777.78,777.78,777.77,777.77,-0.0,48.41,37265.4,-1
2025-04-08,2025-04-08 14:47:00,777.77,777.77,777.77,777.77,0.0,48.41,37265.4,0
2025-04-08,2025-04-08 14:48:00,777.77,777.77,777.76,777.76,-0.0,48.41,37265.4,-1
2025-04-08,2025-04-08 14:49:00,777.76,777.76,777.75,777.75,-0.0,48.41,37265.4,-1
2025-04-08,2025-04-08 14:50:00,777.75,777.75,777.75,777.75,0.0,48.41,37265.4,0
2025-04-08,2025-04-08 14:51:00,777.75,777.75,777.74,777.74,-0.0,48.41,37265.4,-1
2025-04-08,2025-04-08 14:52:00,777.74,777.74,777.74,777.74,0.0,48.41,37265.4,0
2025-04-08,2025-04-08 14:53:00,777.74,777.74,777.73,777.73,-0.0,48.41,37265.4,-1
2025-04-08,2025-04-08 14:54:00,777.73,777.73,777.73,777.73,0.0,48.41,37265.4,0
2025-04-08,2025-04-08 14:55:00,777.73,777.73,777.72,777.72,-0.0,48.41,37265.4,-1
2025-04-08,2025-04-08 14:56:00,777.72,777.72,777.72,777.72,0.0,48.41,37265.4,0
2025-04-08,2025-04-08 14:57:00,777.72,777.72,777.71,777.71,-0.0,48.41,37265.4,-1
2025-04-08,2025-04-08 14:58:00,777.71,777.71,777.71,777.71,0.0,48.41,37265.4,0
2025-04-08,2025-04-08 14:59:00,777.71,777.71,777.7,777.7,-0.0,48.41,37265.4,-1
2025-04-08,2025-04-08 15:00:00,777.7,780.0,764.0,777.7,0.0,48.41,37265.4,0
2025-04-09,2025-04-09 11:00:00,762.2,773.54,762.2,762.24,0.01,15.52,12043.97,1
2025-04-09,2025-04-09 11:01:00,762.24,762.29,762.24,762.29,0.01,15.52,12043.97,1
2025-04-09,2025-04-09 11:02:00,762.29,762.33,762.29,762.33,0.01,15.52,12043.97,1
2025-04-09,2025-04-09 11:03:00,762.33,762.37,762.33,762.37,0.01,15.52,12043.97,1
2025-04-09,2025-04-09 11:04:00,762.37,762.42,762.37,762.42,0.01,15.52,12043.97,1
2025-04-09,2025-04-09 11:05:00,762.42,762.46,762.42,762.46,0.01,15.52,12043.97,1
2025-04-09,2025-04-09 11:06:00,762.46,762.5,762.46,762.5,0.01,15.52,12043.97,1
2025-04-09,2025-04-09 11:07:00,762.5,762.55,762.5,762.55,0.01,15.52,12043.97,1
2025-04-09,2025-04-09 11:08:00,762.55,762.59,762.55,762.59,0.01,15.52,12043.97,1
2025-04-09,2025-04-09 11:09:00,762.59,762.63,762.59,762.63,0.01,15.52,12043.97,1
2025-04-09,2025-04-09 11:10:00,762.63,762.68,762.63,762.68,0.01,15.52,12043.97,1
2025-04-09,2025-04-09 11:11:00,762.68,762.72,762.68,762.72,0.01,15.52,12043.97,1
2025-04-09,2025-04-09 11:12:00,762.72,762.76,762.72,762.76,0.01,15.52,12043.97,1
2025-04-09,2025-04-09 11:13:00,762.76,762.81,762.76,762.81,0.01,15.52,12043.97,1
2025-04-09,2025-04-09 11:14:00,762.81,762.85,762.81,762.85,0.01,15.52,12043.97,1
2025-04-09,2025-04-09 11:15:00,762.85,762.89,762.85,762.89,0.01,15.52,12043.97,1
2025-04-09,2025-04-09 11:16:00,762.89,762.94,762.89,762.94,0.01,15.52,12043.97,1
2025-04-09,2025-04-09 11:17:00,762.94,762.98,762.94,762.98,0.01,15.52,12043.97,1
2025-04-09,2025-04-09 11:18:00,762.98,763.02,762.98,763.02,0.01,15.52,12043.97,1
2025-04-09,2025-04-09 11:19:00,763.02,763.07,763.02,763.07,0.01,15.52,12043.97,1
2025-04-09,2025-04-09 11:20:00,763.07,763.11,763.07,763.11,0.01,15.52,12043.97,1
2025-04-09,2025-04-09 11:21:00,763.11,763.15,763.11,763.15,0.01,15.52,12043.97,1
2025-04-09,2025-04-09 11:22:00,763.15,763.2,763.15,763.2,0.01,15.52,12043.97,1
2025-04-09,2025-04-09 11:23:00,763.2,763.24,763.2,763.24,0.01,15.52,12043.97,1
2025-04-09,2025-04-09 11:24:00,763.24,763.28,763.24,763.28,0.01,15.52,12043.97,1
2025-04-09,2025-04-09 11:25:00,763.28,763.33,763.28,763.33,0.01,15.52,12043.97,1
2025-04-09,2025-04-09 11:26:00,763.33,763.37,763.33,763.37,0.01,15.52,12043.97,1
2025-04-09,2025-04-09 11:27:00,763.37,763.41,763.37,763.41,0.01,15.52,12043.97,1
2025-04-09,2025-04-09 11:28:00,763.41,763.46,763.41,763.46,0.01,15.52,12043.97,1
2025-04-09,2025-04-09 11:29:00,763.46,763.5,763.46,763.5,0.01,15.52,12043.97,1
2025-04-09,2025-04-09 11:30:00,763.5,763.54,763.5,763.54,0.01,15.52,12043.97,1
2025-04-09,2025-04-09 11:31:00,763.54,763.59,763.54,763.59,0.01,15.52,12043.97,1
2025-04-09,2025-04-09 11:32:00,763.59,763.63,763.59,763.63,0.01,15.52,12043.97,1
2025-04-09,2025-04-09 11:33:00,763.63,763.67,763.63,763.67,0.01,15.52,12043.97,1
2025-04-09,2025-04-09 11:34:00,763.67,763.72,763.67,763.72,0.01,15.52,12043.97,1
2025-04-09,2025-04-09 11:35:00,763.72,763.76,763.72,763.76,0.01,15.52,12043.97,1
2025-04-09,2025-04-09 11:36:00,763.76,763.8,763.76,763.8,0.01,15.52,12043.97,1
2025-04-09,2025-04-09 11:37:00,763.8,763.85,763.8,763.85,0.01,15.52,12043.97,1
2025-04-09,2025-04-09 11:38:00,763.85,763.89,763.85,763.89,0.01,15.52,12043.97,1
2025-04-09,2025-04-09 11:39:00,763.89,763.94,763.89,763.94,0.01,15.52,12043.97,1
2025-04-09,2025-04-09 11:40:00,763.94,763.98,763.94,763.98,0.01,15.52,12043.97,1
2025-04-09,2025-04-09 11:41:00,763.98,764.02,763.98,764.02,0.01,15.52,12043.97,1
2025-04-09,2025-04-09 11:42:00,764.02,764.07,764.02,764.07,0.01,15.52,12043.97,1
2025-04-09,2025-04-09 11:43:00,764.07,764.11,764.07,764.11,0.01,15.52,12043.97,1
2025-04-09,2025-04-09 11:44:00,764.11,764.15,764.11,764.15,0.01,15.52,12043.97,1
2025-04-09,2025-04-09 11:45:00,764.15,764.2,764.15,764.2,0.01,15.52,12043.97,1
2025-04-09,2025-04-09 11:46:00,764.2,764.24,764.2,764.24,0.01,15.52,12043.97,1
2025-04-09,2025-04-09 11:47:00,764.24,764.28,764.24,764.28,0.01,15.52,12043.97,1
2025-04-09,2025-04-09 11:48:00,764.28,764.33,764.28,764.33,0.01,15.52,12043.97,1
2025-04-09,2025-04-09 11:49:00,764.33,764.37,764.33,764.37,0.01,15.52,12043.97,1
2025-04-09,2025-04-09 11:50:00,764.37,764.41,764.37,764.41,0.01,15.52,12043.97,1
2025-04-09,2025-04-09 11:51:00,764.41,764.46,764.41,764.46,0.01,15.52,12043.97,1
2025-04-09,2025-04-09 11:52:00,764.46,764.5,764.46,764.5,0.01,15.52,12043.97,1
2025-04-09,2025-04-09 11:53:00,764.5,764.54,764.5,764.54,0.01,15.52,12043.97,1
2025-04-09,2025-04-09 11:54:00,764.54,764.59,764.54,764.59,0.01,15.52,12043.97,1
2025-04-09,2025-04-09 11:55:00,764.59,764.63,764.59,764.63,0.01,15.52,12043.97,1
2025-04-09,2025-04-09 11:56:00,764.63,764.67,764.63,764.67,0.01,15.52,12043.97,1
2025-04-09,2025-04-09 11:57:00,764.67,764.72,764.67,764.72,0.01,15.52,12043.97,1
2025-04-09,2025-04-09 11:58:00,764.72,764.76,764.72,764.76,0.01,15.52,12043.97,1
2025-04-09,2025-04-09 11:59:00,764.76,764.8,764.76,764.8,0.01,15.52,12043.97,1
2025-04-09,2025-04-09 12:00:00,764.8,764.85,764.8,764.85,0.01,15.52,12043.97,1
2025-04-09,2025-04-09 12:01:00,764.85,764.89,764.85,764.89,0.01,15.52,12043.97,1
2025-04-09,2025-04-09 12:02:00,764.89,764.93,764.89,764.93,0.01,15.52,12043.97,1
2025-04-09,2025-04-09 12:03:00,764.93,764.98,764.93,764.98,0.01,15.52,12043.97,1
2025-04-09,2025-04-09 12:04:00,764.98,765.02,764.98,765.02,0.01,15.52,12043.97,1
2025-04-09,2025-04-09 12:05:00,765.02,765.06,765.02,765.06,0.01,15.52,12043.97,1
2025-04-09,2025-04-09 12:06:00,765.06,765.11,765.06,765.11,0.01,15.52,12043.97,1
2025-04-09,2025-04-09 12:07:00,765.11,765.15,765.11,765.15,0.01,15.52,12043.97,1
2025-04-09,2025-04-09 12:08:00,765.15,765.19,765.15,765.19,0.01,15.52,12043.97,1
2025-04-09,2025-04-09 12:09:00,765.19,765.24,765.19,765.24,0.01,15.52,12043.97,1
2025-04-09,2025-04-09 12:10:00,765.24,765.28,765.24,765.28,0.01,15.52,12043.97,1
2025-04-09,2025-04-09 12:11:00,765.28,765.32,765.28,765.32,0.01,15.52,12043.97,1
2025-04-09,2025-04-09 12:12:00,765.32,765.37,765.32,765.37,0.01,15.52,12043.97,1
2025-04-09,2025-04-09 12:13:00,765.37,765.41,765.37,765.41,0.01,15.52,12043.97,1
2025-04-09,2025-04-09 12:14:00,765.41,765.45,765.41,765.45,0.01,15.52,12043.97,1
2025-04-09,2025-04-09 12:15:00,765.45,765.5,765.45,765.5,0.01,15.52,12043.97,1
2025-04-09,2025-04-09 12:16:00,765.5,765.54,765.5,765.54,0.01,15.52,12043.97,1
2025-04-09,2025-04-09 12:17:00,765.54,765.58,765.54,765.58,0.01,15.52,12043.97,1
2025-04-09,2025-04-09 12:18:00,765.58,765.63,765.58,765.63,0.01,15.52,12043.97,1
2025-04-09,2025-04-09 12:19:00,765.63,765.67,765.63,765.67,0.01,15.52,12043.97,1
2025-04-09,2025-04-09 12:20:00,765.67,765.71,765.67,765.71,0.01,15.52,12043.97,1
2025-04-09,2025-04-09 12:21:00,765.71,765.76,765.71,765.76,0.01,15.52,12043.97,1
2025-04-09,2025-04-09 12:22:00,765.76,765.8,765.76,765.8,0.01,15.52,12043.97,1
2025-04-09,2025-04-09 12:23:00,765.8,765.84,765.8,765.84,0.01,15.52,12043.97,1
2025-04-09,2025-04-09 12:24:00,765.84,765.89,765.84,765.89,0.01,15.52,12043.97,1
2025-04-09,2025-04-09 12:25:00,765.89,765.93,765.89,765.93,0.01,15.52,12043.97,1
2025-04-09,2025-04-09 12:26:00,765.93,765.97,765.93,765.97,0.01,15.52,12043.97,1
2025-04-09,2025-04-09 12:27:00,765.97,766.02,765.97,766.02,0.01,15.52,12043.97,1
2025-04-09,2025-04-09 12:28:00,766.02,766.06,766.02,766.06,0.01,15.52,12043.97,1
2025-04-09,2025-04-09 12:29:00,766.06,766.1,766.06,766.1,0.01,15.52,12043.97,1
2025-04-09,2025-04-09 12:30:00,766.1,766.15,766.1,766.15,0.01,15.52,12043.97,1
2025-04-09,2025-04-09 12:31:00,766.15,766.19,766.15,766.19,0.01,15.52,12043.97,1
2025-04-09,2025-04-09 12:32:00,766.19,766.23,766.19,766.23,0.01,15.52,12043.97,1
2025-04-09,2025-04-09 12:33:00,766.23,766.28,766.23,766.28,0.01,15.52,12043.97,1
2025-04-09,2025-04-09 12:34:00,766.28,766.32,766.28,766.32,0.01,15.52,12043.97,1
2025-04-09,2025-04-09 12:35:00,766.32,766.36,766.32,766.36,0.01,15.52,12043.97,1
2025-04-09,2025-04-09 12:36:00,766.36,766.41,766.36,766.41,0.01,15.52,12043.97,1
2025-04-09,2025-04-09 12:37:00,766.41,766.45,766.41,766.45,0.01,15.52,12043.97,1
2025-04-09,2025-04-09 12:38:00,766.45,766.49,766.45,766.49,0.01,15.52,12043.97,1
2025-04-09,2025-04-09 12:39:00,766.49,766.54,766.49,766.54,0.01,15.52,12043.97,1
2025-04-09,2025-04-09 12:40:00,766.54,766.58,766.54,766.58,0.01,15.52,12043.97,1
2025-04-09,2025-04-09 12:41:00,766.58,766.62,766.58,766.62,0.01,15.52,12043.97,1
2025-04-09,2025-04-09 12:42:00,766.62,766.67,766.62,766.67,0.01,15.52,12043.97,1
2025-04-09,2025-04-09 12:43:00,766.67,766.71,766.67,766.71,0.01,15.52,12043.97,1
2025-04-09,2025-04-09 12:44:00,766.71,766.75,766.71,766.75,0.01,15.52,12043.97,1
2025-04-09,2025-04-09 12:45:00,766.75,766.8,766.75,766.8,0.01,15.52,12043.97,1
2025-04-09,2025-04-09 12:46:00,766.8,766.84,766.8,766.84,0.01,15.52,12043.97,1
2025-04-09,2025-04-09 12:47:00,766.84,766.88,766.84,766.88,0.01,15.52,12043.97,1
2025-04-09,2025-04-09 12:48:00,766.88,766.93,766.88,766.93,0.01,15.52,12043.97,1
2025-04-09,2025-04-09 12:49:00,766.93,766.97,766.93,766.97,0.01,15.52,12043.97,1
2025-04-09,2025-04-09 12:50:00,766.97,767.01,766.97,767.01,0.01,15.52,12043.97,1
2025-04-09,2025-04-09 12:51:00,767.01,767.06,767.01,767.06,0.01,15.52,12043.97,1
2025-04-09,2025-04-09 12:52:00,767.06,767.1,767.06,767.1,0.01,15.52,12043.97,1
2025-04-09,2025-04-09 12:53:00,767.1,767.14,767.1,767.14,0.01,15.52,12043.97,1
2025-04-09,2025-04-09 12:54:00,767.14,767.19,767.14,767.19,0.01,15.52,12043.97,1
2025-04-09,2025-04-09 12:55:00,767.19,767.23,767.19,767.23,0.01,15.52,12043.97,1
2025-04-09,2025-04-09 12:56:00,767.23,767.27,767.23,767.27,0.01,15.52,12043.97,1
2025-04-09,2025-04-09 12:57:00,767.27,767.32,767.27,767.32,0.01,15.52,12043.97,1
2025-04-09,2025-04-09 12:58:00,767.32,767.36,767.32,767.36,0.01,15.52,12043.97,1
2025-04-09,2025-04-09 12:59:00,767.36,767.4,767.36,767.4,0.01,15.52,12043.97,1
2025-04-09,2025-04-09 13:00:00,767.4,800.0,762.2,767.45,0.01,15.52,12043.97,1
2025-04-09,2025-04-09 13:01:00,767.45,767.49,767.45,767.49,0.01,15.52,12043.97,1
2025-04-09,2025-04-09 13:02:00,767.49,767.54,767.49,767.54,0.01,15.52,12043.97,1
2025-04-09,2025-04-09 13:03:00,767.54,767.58,767.54,767.58,0.01,15.52,12043.97,1
2025-04-09,2025-04-09 13:04:00,767.58,767.62,767.58,767.62,0.01,15.52,12043.97,1
2025-04-09,2025-04-09 13:05:00,767.62,767.67,767.62,767.67,0.01,15.52,12043.97,1
2025-04-09,2025-04-09 13:06:00,767.67,767.71,767.67,767.71,0.01,15.52,12043.97,1
2025-04-09,2025-04-09 13:07:00,767.71,767.75,767.71,767.75,0.01,15.52,12043.97,1
2025-04-09,2025-04-09 13:08:00,767.75,767.8,767.75,767.8,0.01,15.52,12043.97,1
2025-04-09,2025-04-09 13:09:00,767.8,767.84,767.8,767.84,0.01,15.52,12043.97,1
2025-04-09,2025-04-09 13:10:00,767.84,767.88,767.84,767.88,0.01,15.52,12043.97,1
2025-04-09,2025-04-09 13:11:00,767.88,767.93,767.88,767.93,0.01,15.52,12043.97,1
2025-04-09,2025-04-09 13:12:00,767.93,767.97,767.93,767.97,0.01,15.52,12043.97,1
2025-04-09,2025-04-09 13:13:00,767.97,768.01,767.97,768.01,0.01,15.52,12043.97,1
2025-04-09,2025-04-09 13:14:00,768.01,768.06,768.01,768.06,0.01,15.52,12043.97,1
2025-04-09,2025-04-09 13:15:00,768.06,768.1,768.06,768.1,0.01,15.52,12043.97,1
2025-04-09,2025-04-09 13:16:00,768.1,768.14,768.1,768.14,0.01,15.52,12043.97,1
2025-04-09,2025-04-09 13:17:00,768.14,768.19,768.14,768.19,0.01,15.52,12043.97,1
2025-04-09,2025-04-09 13:18:00,768.19,768.23,768.19,768.23,0.01,15.52,12043.97,1
2025-04-09,2025-04-09 13:19:00,768.23,768.27,768.23,768.27,0.01,15.52,12043.97,1
2025-04-09,2025-04-09 13:20:00,768.27,768.32,768.27,768.32,0.01,15.52,12043.97,1
2025-04-09,2025-04-09 13:21:00,768.32,768.36,768.32,768.36,0.01,15.52,12043.97,1
2025-04-09,2025-04-09 13:22:00,768.36,768.4,768.36,768.4,0.01,15.52,12043.97,1
2025-04-09,2025-04-09 13:23:00,768.4,768.45,768.4,768.45,0.01,15.52,12043.97,1
2025-04-09,2025-04-09 13:24:00,768.45,768.49,768.45,768.49,0.01,15.52,12043.97,1
2025-04-09,2025-04-09 13:25:00,768.49,768.53,768.49,768.53,0.01,15.52,12043.97,1
2025-04-09,2025-04-09 13:26:00,768.53,768.58,768.53,768.58,0.01,15.52,12043.97,1
2025-04-09,2025-04-09 13:27:00,768.58,768.62,768.58,768.62,0.01,15.52,12043.97,1
2025-04-09,2025-04-09 13:28:00,768.62,768.66,768.62,768.66,0.01,15.52,12043.97,1
2025-04-09,2025-04-09 13:29:00,768.66,768.71,768.66,768.71,0.01,15.52,12043.97,1
2025-04-09,2025-04-09 13:30:00,768.71,768.75,768.71,768.75,0.01,15.52,12043.97,1
2025-04-09,2025-04-09 13:31:00,768.75,768.79,768.75,768.79,0.01,15.52,12043.97,1
2025-04-09,2025-04-09 13:32:00,768.79,768.84,768.79,768.84,0.01,15.52,12043.97,1
2025-04-09,2025-04-09 13:33:00,768.84,768.88,768.84,768.88,0.01,15.52,12043.97,1
2025-04-09,2025-04-09 13:34:00,768.88,768.92,768.88,768.92,0.01,15.52,12043.97,1
2025-04-09,2025-04-09 13:35:00,768.92,768.97,768.92,768.97,0.01,15.52,12043.97,1
2025-04-09,2025-04-09 13:36:00,768.97,769.01,768.97,769.01,0.01,15.52,12043.97,1
2025-04-09,2025-04-09 13:37:00,769.01,769.05,769.01,769.05,0.01,15.52,12043.97,1
2025-04-09,2025-04-09 13:38:00,769.05,769.1,769.05,769.1,0.01,15.52,12043.97,1
2025-04-09,2025-04-09 13:39:00,769.1,769.14,769.1,769.14,0.01,15.52,12043.97,1
2025-04-09,2025-04-09 13:40:00,769.14,769.18,769.14,769.18,0.01,15.52,12043.97,1
2025-04-09,2025-04-09 13:41:00,769.18,769.23,769.18,769.23,0.01,15.52,12043.97,1
2025-04-09,2025-04-09 13:42:00,769.23,769.27,769.23,769.27,0.01,15.52,12043.97,1
2025-04-09,2025-04-09 13:43:00,769.27,769.31,769.27,769.31,0.01,15.52,12043.97,1
2025-04-09,2025-04-09 13:44:00,769.31,769.36,769.31,769.36,0.01,15.52,12043.97,1
2025-04-09,2025-04-09 13:45:00,769.36,769.4,769.36,769.4,0.01,15.52,12043.97,1
2025-04-09,2025-04-09 13:46:00,769.4,769.44,769.4,769.44,0.01,15.52,12043.97,1
2025-04-09,2025-04-09 13:47:00,769.44,769.49,769.44,769.49,0.01,15.52,12043.97,1
2025-04-09,2025-04-09 13:48:00,769.49,769.53,769.49,769.53,0.01,15.52,12043.97,1
2025-04-09,2025-04-09 13:49:00,769.53,769.57,769.53,769.57,0.01,15.52,12043.97,1
2025-04-09,2025-04-09 13:50:00,769.57,769.62,769.57,769.62,0.01,15.52,12043.97,1
2025-04-09,2025-04-09 13:51:00,769.62,769.66,769.62,769.66,0.01,15.52,12043.97,1
2025-04-09,2025-04-09 13:52:00,769.66,769.7,769.66,769.7,0.01,15.52,12043.97,1
2025-04-09,2025-04-09 13:53:00,769.7,769.75,769.7,769.75,0.01,15.52,12043.97,1
2025-04-09,2025-04-09 13:54:00,769.75,769.79,769.75,769.79,0.01,15.52,12043.97,1
2025-04-09,2025-04-09 13:55:00,769.79,769.83,769.79,769.83,0.01,15.52,12043.97,1
2025-04-09,2025-04-09 13:56:00,769.83,769.88,769.83,769.88,0.01,15.52,12043.97,1
2025-04-09,2025-04-09 13:57:00,769.88,769.92,769.88,769.92,0.01,15.52,12043.97,1
2025-04-09,2025-04-09 13:58:00,769.92,769.96,769.92,769.96,0.01,15.52,12043.97,1
2025-04-09,2025-04-09 13:59:00,769.96,770.01,769.96,770.01,0.01,15.52,12043.97,1
2025-04-09,2025-04-09 14:00:00,770.01,770.05,770.01,770.05,0.01,15.52,12043.97,1
2025-04-09,2025-04-09 14:01:00,770.05,770.09,770.05,770.09,0.01,15.52,12043.97,1
2025-04-09,2025-04-09 14:02:00,770.09,770.14,770.09,770.14,0.01,15.52,12043.97,1
2025-04-09,2025-04-09 14:03:00,770.14,770.18,770.14,770.18,0.01,15.52,12043.97,1
2025-04-09,2025-04-09 14:04:00,770.18,770.22,770.18,770.22,0.01,15.52,12043.97,1
2025-04-09,2025-04-09 14:05:00,770.22,770.27,770.22,770.27,0.01,15.52,12043.97,1
2025-04-09,2025-04-09 14:06:00,770.27,770.31,770.27,770.31,0.01,15.52,12043.97,1
2025-04-09,2025-04-09 14:07:00,770.31,770.35,770.31,770.35,0.01,15.52,12043.97,1
2025-04-09,2025-04-09 14:08:00,770.35,770.4,770.35,770.4,0.01,15.52,12043.97,1
2025-04-09,2025-04-09 14:09:00,770.4,770.44,770.4,770.44,0.01,15.52,12043.97,1
2025-04-09,2025-04-09 14:10:00,770.44,770.48,770.44,770.48,0.01,15.52,12043.97,1
2025-04-09,2025-04-09 14:11:00,770.48,770.53,770.48,770.53,0.01,15.52,12043.97,1
2025-04-09,2025-04-09 14:12:00,770.53,770.57,770.53,770.57,0.01,15.52,12043.97,1
2025-04-09,2025-04-09 14:13:00,770.57,770.61,770.57,770.61,0.01,15.52,12043.97,1
2025-04-09,2025-04-09 14:14:00,770.61,770.66,770.61,770.66,0.01,15.52,12043.97,1
2025-04-09,2025-04-09 14:15:00,770.66,770.7,770.66,770.7,0.01,15.52,12043.97,1
2025-04-09,2025-04-09 14:16:00,770.7,770.74,770.7,770.74,0.01,15.52,12043.97,1
2025-04-09,2025-04-09 14:17:00,770.74,770.79,770.74,770.79,0.01,15.52,12043.97,1
2025-04-09,2025-04-09 14:18:00,770.79,770.83,770.79,770.83,0.01,15.52,12043.97,1
2025-04-09,2025-04-09 14:19:00,770.83,770.88,770.83,770.88,0.01,15.52,12043.97,1
2025-04-09,2025-04-09 14:20:00,770.88,770.92,770.88,770.92,0.01,15.52,12043.97,1
2025-04-09,2025-04-09 14:21:00,770.92,770.96,770.92,770.96,0.01,15.52,12043.97,1
2025-04-09,2025-04-09 14:22:00,770.96,771.01,770.96,771.01,0.01,15.52,12043.97,1
2025-04-09,2025-04-09 14:23:00,771.01,771.05,771.01,771.05,0.01,15.52,12043.97,1
2025-04-09,2025-04-09 14:24:00,771.05,771.09,771.05,771.09,0.01,15.52,12043.97,1
2025-04-09,2025-04-09 14:25:00,771.09,771.14,771.09,771.14,0.01,15.52,12043.97,1
2025-04-09,2025-04-09 14:26:00,771.14,771.18,771.14,771.18,0.01,15.52,12043.97,1
2025-04-09,2025-04-09 14:27:00,771.18,771.22,771.18,771.22,0.01,15.52,12043.97,1
2025-04-09,2025-04-09 14:28:00,771.22,771.27,771.22,771.27,0.01,15.52,12043.97,1
2025-04-09,2025-04-09 14:29:00,771.27,771.31,771.27,771.31,0.01,15.52,12043.97,1
2025-04-09,2025-04-09 14:30:00,771.31,771.35,771.31,771.35,0.01,15.52,12043.97,1
2025-04-09,2025-04-09 14:31:00,771.35,771.4,771.35,771.4,0.01,15.52,12043.97,1
2025-04-09,2025-04-09 14:32:00,771.4,771.44,771.4,771.44,0.01,15.52,12043.97,1
2025-04-09,2025-04-09 14:33:00,771.44,771.48,771.44,771.48,0.01,15.52,12043.97,1
2025-04-09,2025-04-09 14:34:00,771.48,771.53,771.48,771.53,0.01,15.52,12043.97,1
2025-04-09,2025-04-09 14:35:00,771.53,771.57,771.53,771.57,0.01,15.52,12043.97,1
2025-04-09,2025-04-09 14:36:00,771.57,771.61,771.57,771.61,0.01,15.52,12043.97,1
2025-04-09,2025-04-09 14:37:00,771.61,771.66,771.61,771.66,0.01,15.52,12043.97,1
2025-04-09,2025-04-09 14:38:00,771.66,771.7,771.66,771.7,0.01,15.52,12043.97,1
2025-04-09,2025-04-09 14:39:00,771.7,771.74,771.7,771.74,0.01,15.52,12043.97,1
2025-04-09,2025-04-09 14:40:00,771.74,771.79,771.74,771.79,0.01,15.52,12043.97,1
2025-04-09,2025-04-09 14:41:00,771.79,771.83,771.79,771.83,0.01,15.52,12043.97,1
2025-04-09,2025-04-09 14:42:00,771.83,771.87,771.83,771.87,0.01,15.52,12043.97,1
2025-04-09,2025-04-09 14:43:00,771.87,771.92,771.87,771.92,0.01,15.52,12043.97,1
2025-04-09,2025-04-09 14:44:00,771.92,771.96,771.92,771.96,0.01,15.52,12043.97,1
2025-04-09,2025-04-09 14:45:00,771.96,772.0,771.96,772.0,0.01,15.52,12043.97,1
2025-04-09,2025-04-09 14:46:00,772.0,772.05,772.0,772.05,0.01,15.52,12043.97,1
2025-04-09,2025-04-09 14:47:00,772.05,772.09,772.05,772.09,0.01,15.52,12043.97,1
2025-04-09,2025-04-09 14:48:00,772.09,772.13,772.09,772.13,0.01,15.52,12043.97,1
2025-04-09,2025-04-09 14:49:00,772.13,772.18,772.13,772.18,0.01,15.52,12043.97,1
2025-04-09,2025-04-09 14:50:00,772.18,772.22,772.18,772.22,0.01,15.52,12043.97,1
2025-04-09,2025-04-09 14:51:00,772.22,772.26,772.22,772.26,0.01,15.52,12043.97,1
2025-04-09,2025-04-09 14:52:00,772.26,772.31,772.26,772.31,0.01,15.52,12043.97,1
2025-04-09,2025-04-09 14:53:00,772.31,772.35,772.31,772.35,0.01,15.52,12043.97,1
2025-04-09,2025-04-09 14:54:00,772.35,772.39,772.35,772.39,0.01,15.52,12043.97,1
2025-04-09,2025-04-09 14:55:00,772.39,772.44,772.39,772.44,0.01,15.52,12043.97,1
2025-04-09,2025-04-09 14:56:00,772.44,772.48,772.44,772.48,0.01,15.52,12043.97,1
2025-04-09,2025-04-09 14:57:00,772.48,772.52,772.48,772.52,0.01,15.52,12043.97,1
2025-04-09,2025-04-09 14:58:00,772.52,772.57,772.52,772.57,0.01,15.52,12043.97,1
2025-04-09,2025-04-09 14:59:00,772.57,772.61,772.57,772.61,0.01,15.52,12043.97,1
2025-04-09,2025-04-09 15:00:00,772.61,800.0,762.2,772.61,0.0,15.52,12043.97,0
2025-04-10,2025-04-10 11:00:00,775.0,778.9,767.5,774.92,-0.01,125.56,96438.15,-1
2025-04-10,2025-04-10 11:01:00,774.92,774.92,774.84,774.84,-0.01,125.56,96438.15,-1
2025-04-10,2025-04-10 11:02:00,774.84,774.84,774.76,774.76,-0.01,125.56,96438.15,-1
2025-04-10,2025-04-10 11:03:00,774.76,774.76,774.68,774.68,-0.01,125.56,96438.15,-1
2025-04-10,2025-04-10 11:04:00,774.68,774.68,774.61,774.61,-0.01,125.56,96438.15,-1
2025-04-10,2025-04-10 11:05:00,774.61,774.61,774.53,774.53,-0.01,125.56,96438.15,-1
2025-04-10,2025-04-10 11:06:00,774.53,774.53,774.45,774.45,-0.01,125.56,96438.15,-1
2025-04-10,2025-04-10 11:07:00,774.45,774.45,774.37,774.37,-0.01,125.56,96438.15,-1
2025-04-10,2025-04-10 11:08:00,774.37,774.37,774.29,774.29,-0.01,125.56,96438.15,-1
2025-04-10,2025-04-10 11:09:00,774.29,774.29,774.21,774.21,-0.01,125.56,96438.15,-1
2025-04-10,2025-04-10 11:10:00,774.21,774.21,774.13,774.13,-0.01,125.56,96438.15,-1
2025-04-10,2025-04-10 11:11:00,774.13,774.13,774.05,774.05,-0.01,125.56,96438.15,-1
2025-04-10,2025-04-10 11:12:00,774.05,774.05,773.97,773.97,-0.01,125.56,96438.15,-1
2025-04-10,2025-04-10 11:13:00,773.97,773.97,773.89,773.89,-0.01,125.56,96438.15,-1
2025-04-10,2025-04-10 11:14:00,773.89,773.89,773.82,773.82,-0.01,125.56,96438.15,-1
2025-04-10,2025-04-10 11:15:00,773.82,773.82,773.74,773.74,-0.01,125.56,96438.15,-1
2025-04-10,2025-04-10 11:16:00,773.74,773.74,773.66,773.66,-0.01,125.56,96438.15,-1
2025-04-10,2025-04-10 11:17:00,773.66,773.66,773.58,773.58,-0.01,125.56,96438.15,-1
2025-04-10,2025-04-10 11:18:00,773.58,773.58,773.5,773.5,-0.01,125.56,96438.15,-1
2025-04-10,2025-04-10 11:19:00,773.5,773.5,773.42,773.42,-0.01,125.56,96438.15,-1
2025-04-10,2025-04-10 11:20:00,773.42,773.42,773.34,773.34,-0.01,125.56,96438.15,-1
2025-04-10,2025-04-10 11:21:00,773.34,773.34,773.26,773.26,-0.01,125.56,96438.15,-1
2025-04-10,2025-04-10 11:22:00,773.26,773.26,773.18,773.18,-0.01,125.56,96438.15,-1
2025-04-10,2025-04-10 11:23:00,773.18,773.18,773.11,773.11,-0.01,125.56,96438.15,-1
2025-04-10,2025-04-10 11:24:00,773.11,773.11,773.03,773.03,-0.01,125.56,96438.15,-1
2025-04-10,2025-04-10 11:25:00,773.03,773.03,772.95,772.95,-0.01,125.56,96438.15,-1
2025-04-10,2025-04-10 11:26:00,772.95,772.95,772.87,772.87,-0.01,125.56,96438.15,-1
2025-04-10,2025-04-10 11:27:00,772.87,772.87,772.79,772.79,-0.01,125.56,96438.15,-1
2025-04-10,2025-04-10 11:28:00,772.79,772.79,772.71,772.71,-0.01,125.56,96438.15,-1
2025-04-10,2025-04-10 11:29:00,772.71,772.71,772.63,772.63,-0.01,125.56,96438.15,-1
2025-04-10,2025-04-10 11:30:00,772.63,772.63,772.55,772.55,-0.01,125.56,96438.15,-1
2025-04-10,2025-04-10 11:31:00,772.55,772.55,772.47,772.47,-0.01,125.56,96438.15,-1
2025-04-10,2025-04-10 11:32:00,772.47,772.47,772.39,772.39,-0.01,125.56,96438.15,-1
2025-04-10,2025-04-10 11:33:00,772.39,772.39,772.32,772.32,-0.01,125.56,96438.15,-1
2025-04-10,2025-04-10 11:34:00,772.32,772.32,772.24,772.24,-0.01,125.56,96438.15,-1
2025-04-10,2025-04-10 11:35:00,772.24,772.24,772.16,772.16,-0.01,125.56,96438.15,-1
2025-04-10,2025-04-10 11:36:00,772.16,772.16,772.08,772.08,-0.01,125.56,96438.15,-1
2025-04-10,2025-04-10 11:37:00,772.08,772.08,772.0,772.0,-0.01,125.56,96438.15,-1
2025-04-10,2025-04-10 11:38:00,772.0,772.0,771.92,771.92,-0.01,125.56,96438.15,-1
2025-04-10,2025-04-10 11:39:00,771.92,771.92,771.84,771.84,-0.01,125.56,96438.15,-1
2025-04-10,2025-04-10 11:40:00,771.84,771.84,771.76,771.76,-0.01,125.56,96438.15,-1
2025-04-10,2025-04-10 11:41:00,771.76,771.76,771.68,771.68,-0.01,125.56,96438.15,-1
2025-04-10,2025-04-10 11:42:00,771.68,771.68,771.6,771.6,-0.01,125.56,96438.15,-1
2025-04-10,2025-04-10 11:43:00,771.6,771.6,771.53,771.53,-0.01,125.56,96438.15,-1
2025-04-10,2025-04-10 11:44:00,771.53,771.53,771.45,771.45,-0.01,125.56,96438.15,-1
2025-04-10,2025-04-10 11:45:00,771.45,771.45,771.37,771.37,-0.01,125.56,96438.15,-1
2025-04-10,2025-04-10 11:46:00,771.37,771.37,771.29,771.29,-0.01,125.56,96438.15,-1
2025-04-10,2025-04-10 11:47:00,771.29,771.29,771.21,771.21,-0.01,125.56,96438.15,-1
2025-04-10,2025-04-10 11:48:00,771.21,771.21,771.13,771.13,-0.01,125.56,96438.15,-1
2025-04-10,2025-04-10 11:49:00,771.13,771.13,771.05,771.05,-0.01,125.56,96438.15,-1
2025-04-10,2025-04-10 11:50:00,771.05,771.05,770.97,770.97,-0.01,125.56,96438.15,-1
2025-04-10,2025-04-10 11:51:00,770.97,770.97,770.89,770.89,-0.01,125.56,96438.15,-1
2025-04-10,2025-04-10 11:52:00,770.89,770.89,770.82,770.82,-0.01,125.56,96438.15,-1
2025-04-10,2025-04-10 11:53:00,770.82,770.82,770.74,770.74,-0.01,125.56,96438.15,-1
2025-04-10,2025-04-10 11:54:00,770.74,770.74,770.66,770.66,-0.01,125.56,96438.15,-1
2025-04-10,2025-04-10 11:55:00,770.66,770.66,770.58,770.58,-0.01,125.56,96438.15,-1
2025-04-10,2025-04-10 11:56:00,770.58,770.58,770.5,770.5,-0.01,125.56,96438.15,-1
2025-04-10,2025-04-10 11:57:00,770.5,770.5,770.42,770.42,-0.01,125.56,96438.15,-1
2025-04-10,2025-04-10 11:58:00,770.42,770.42,770.34,770.34,-0.01,125.56,96438.15,-1
2025-04-10,2025-04-10 11:59:00,770.34,770.34,770.26,770.26,-0.01,125.56,96438.15,-1
2025-04-10,2025-04-10 12:00:00,770.26,770.26,770.18,770.18,-0.01,125.56,96438.15,-1
2025-04-10,2025-04-10 12:01:00,770.18,770.18,770.1,770.1,-0.01,125.56,96438.15,-1
2025-04-10,2025-04-10 12:02:00,770.1,770.1,770.03,770.03,-0.01,125.56,96438.15,-1
2025-04-10,2025-04-10 12:03:00,770.03,770.03,769.95,769.95,-0.01,125.56,96438.15,-1
2025-04-10,2025-04-10 12:04:00,769.95,769.95,769.87,769.87,-0.01,125.56,96438.15,-1
2025-04-10,2025-04-10 12:05:00,769.87,769.87,769.79,769.79,-0.01,125.56,96438.15,-1
2025-04-10,2025-04-10 12:06:00,769.79,769.79,769.71,769.71,-0.01,125.56,96438.15,-1
2025-04-10,2025-04-10 12:07:00,769.71,769.71,769.63,769.63,-0.01,125.56,96438.15,-1
2025-04-10,2025-04-10 12:08:00,769.63,769.63,769.55,769.55,-0.01,125.56,96438.15,-1
2025-04-10,2025-04-10 12:09:00,769.55,769.55,769.47,769.47,-0.01,125.56,96438.15,-1
2025-04-10,2025-04-10 12:10:00,769.47,769.47,769.39,769.39,-0.01,125.56,96438.15,-1
2025-04-10,2025-04-10 12:11:00,769.39,769.39,769.31,769.31,-0.01,125.56,96438.15,-1
2025-04-10,2025-04-10 12:12:00,769.31,769.31,769.24,769.24,-0.01,125.56,96438.15,-1
2025-04-10,2025-04-10 12:13:00,769.24,769.24,769.16,769.16,-0.01,125.56,96438.15,-1
2025-04-10,2025-04-10 12:14:00,769.16,769.16,769.08,769.08,-0.01,125.56,96438.15,-1
2025-04-10,2025-04-10 12:15:00,769.08,769.08,769.0,769.0,-0.01,125.56,96438.15,-1
2025-04-10,2025-04-10 12:16:00,769.0,769.0,768.92,768.92,-0.01,125.56,96438.15,-1
2025-04-10,2025-04-10 12:17:00,768.92,768.92,768.84,768.84,-0.01,125.56,96438.15,-1
2025-04-10,2025-04-10 12:18:00,768.84,768.84,768.76,768.76,-0.01,125.56,96438.15,-1
2025-04-10,2025-04-10 12:19:00,768.76,768.76,768.68,768.68,-0.01,125.56,96438.15,-1
2025-04-10,2025-04-10 12:20:00,768.68,768.68,768.6,768.6,-0.01,125.56,96438.15,-1
2025-04-10,2025-04-10 12:21:00,768.6,768.6,768.53,768.53,-0.01,125.56,96438.15,-1
2025-04-10,2025-04-10 12:22:00,768.53,768.53,768.45,768.45,-0.01,125.56,96438.15,-1
2025-04-10,2025-04-10 12:23:00,768.45,768.45,768.37,768.37,-0.01,125.56,96438.15,-1
2025-04-10,2025-04-10 12:24:00,768.37,768.37,768.29,768.29,-0.01,125.56,96438.15,-1
2025-04-10,2025-04-10 12:25:00,768.29,768.29,768.21,768.21,-0.01,125.56,96438.15,-1
2025-04-10,2025-04-10 12:26:00,768.21,768.21,768.13,768.13,-0.01,125.56,96438.15,-1
2025-04-10,2025-04-10 12:27:00,768.13,768.13,768.05,768.05,-0.01,125.56,96438.15,-1
2025-04-10,2025-04-10 12:28:00,768.05,768.05,767.97,767.97,-0.01,125.56,96438.15,-1
2025-04-10,2025-04-10 12:29:00,767.97,767.97,767.89,767.89,-0.01,125.56,96438.15,-1
2025-04-10,2025-04-10 12:30:00,767.89,767.89,767.81,767.81,-0.01,125.56,96438.15,-1
2025-04-10,2025-04-10 12:31:00,767.81,767.81,767.74,767.74,-0.01,125.56,96438.15,-1
2025-04-10,2025-04-10 12:32:00,767.74,767.74,767.66,767.66,-0.01,125.56,96438.15,-1
2025-04-10,2025-04-10 12:33:00,767.66,767.66,767.58,767.58,-0.01,125.56,96438.15,-1
2025-04-10,2025-04-10 12:34:00,767.58,767.58,767.5,767.5,-0.01,125.56,96438.15,-1
2025-04-10,2025-04-10 12:35:00,767.5,767.5,767.42,767.42,-0.01,125.56,96438.15,-1
2025-04-10,2025-04-10 12:36:00,767.42,767.42,767.34,767.34,-0.01,125.56,96438.15,-1
2025-04-10,2025-04-10 12:37:00,767.34,767.34,767.26,767.26,-0.01,125.56,96438.15,-1
2025-04-10,2025-04-10 12:38:00,767.26,767.26,767.18,767.18,-0.01,125.56,96438.15,-1
2025-04-10,2025-04-10 12:39:00,767.18,767.18,767.1,767.1,-0.01,125.56,96438.15,-1
2025-04-10,2025-04-10 12:40:00,767.1,767.1,767.03,767.03,-0.01,125.56,96438.15,-1
2025-04-10,2025-04-10 12:41:00,767.03,767.03,766.95,766.95,-0.01,125.56,96438.15,-1
2025-04-10,2025-04-10 12:42:00,766.95,766.95,766.87,766.87,-0.01,125.56,96438.15,-1
2025-04-10,2025-04-10 12:43:00,766.87,766.87,766.79,766.79,-0.01,125.56,96438.15,-1
2025-04-10,2025-04-10 12:44:00,766.79,766.79,766.71,766.71,-0.01,125.56,96438.15,-1
2025-04-10,2025-04-10 12:45:00,766.71,766.71,766.63,766.63,-0.01,125.56,96438.15,-1
2025-04-10,2025-04-10 12:46:00,766.63,766.63,766.55,766.55,-0.01,125.56,96438.15,-1
2025-04-10,2025-04-10 12:47:00,766.55,766.55,766.47,766.47,-0.01,125.56,96438.15,-1
2025-04-10,2025-04-10 12:48:00,766.47,766.47,766.39,766.39,-0.01,125.56,96438.15,-1
2025-04-10,2025-04-10 12:49:00,766.39,766.39,766.31,766.31,-0.01,125.56,96438.15,-1
2025-04-10,2025-04-10 12:50:00,766.31,766.31,766.24,766.24,-0.01,125.56,96438.15,-1
2025-04-10,2025-04-10 12:51:00,766.24,766.24,766.16,766.16,-0.01,125.56,96438.15,-1
2025-04-10,2025-04-10 12:52:00,766.16,766.16,766.08,766.08,-0.01,125.56,96438.15,-1
2025-04-10,2025-04-10 12:53:00,766.08,766.08,766.0,766.0,-0.01,125.56,96438.15,-1
2025-04-10,2025-04-10 12:54:00,766.0,766.0,765.92,765.92,-0.01,125.56,96438.15,-1
2025-04-10,2025-04-10 12:55:00,765.92,765.92,765.84,765.84,-0.01,125.56,96438.15,-1
2025-04-10,2025-04-10 12:56:00,765.84,765.84,765.76,765.76,-0.01,125.56,96438.15,-1
2025-04-10,2025-04-10 12:57:00,765.76,765.76,765.68,765.68,-0.01,125.56,96438.15,-1
2025-04-10,2025-04-10 12:58:00,765.68,765.68,765.6,765.6,-0.01,125.56,96438.15,-1
2025-04-10,2025-04-10 12:59:00,765.6,765.6,765.52,765.52,-0.01,125.56,96438.15,-1
2025-04-10,2025-04-10 13:00:00,765.52,788.0,750.0,765.45,-0.01,125.56,96438.15,-1
2025-04-10,2025-04-10 13:01:00,765.45,765.45,765.37,765.37,-0.01,125.56,96438.15,-1
2025-04-10,2025-04-10 13:02:00,765.37,765.37,765.29,765.29,-0.01,125.56,96438.15,-1
2025-04-10,2025-04-10 13:03:00,765.29,765.29,765.21,765.21,-0.01,125.56,96438.15,-1
2025-04-10,2025-04-10 13:04:00,765.21,765.21,765.13,765.13,-0.01,125.56,96438.15,-1
2025-04-10,2025-04-10 13:05:00,765.13,765.13,765.05,765.05,-0.01,125.56,96438.15,-1
2025-04-10,2025-04-10 13:06:00,765.05,765.05,764.97,764.97,-0.01,125.56,96438.15,-1
2025-04-10,2025-04-10 13:07:00,764.97,764.97,764.89,764.89,-0.01,125.56,96438.15,-1
2025-04-10,2025-04-10 13:08:00,764.89,764.89,764.81,764.81,-0.01,125.56,96438.15,-1
2025-04-10,2025-04-10 13:09:00,764.81,764.81,764.74,764.74,-0.01,125.56,96438.15,-1
2025-04-10,2025-04-10 13:10:00,764.74,764.74,764.66,764.66,-0.01,125.56,96438.15,-1
2025-04-10,2025-04-10 13:11:00,764.66,764.66,764.58,764.58,-0.01,125.56,96438.15,-1
2025-04-10,2025-04-10 13:12:00,764.58,764.58,764.5,764.5,-0.01,125.56,96438.15,-1
2025-04-10,2025-04-10 13:13:00,764.5,764.5,764.42,764.42,-0.01,125.56,96438.15,-1
2025-04-10,2025-04-10 13:14:00,764.42,764.42,764.34,764.34,-0.01,125.56,96438.15,-1
2025-04-10,2025-04-10 13:15:00,764.34,764.34,764.26,764.26,-0.01,125.56,96438.15,-1
2025-04-10,2025-04-10 13:16:00,764.26,764.26,764.18,764.18,-0.01,125.56,96438.15,-1
2025-04-10,2025-04-10 13:17:00,764.18,764.18,764.1,764.1,-0.01,125.56,96438.15,-1
2025-04-10,2025-04-10 13:18:00,764.1,764.1,764.02,764.02,-0.01,125.56,96438.15,-1
2025-04-10,2025-04-10 13:19:00,764.02,764.02,763.95,763.95,-0.01,125.56,96438.15,-1
2025-04-10,2025-04-10 13:20:00,763.95,763.95,763.87,763.87,-0.01,125.56,96438.15,-1
2025-04-10,2025-04-10 13:21:00,763.87,763.87,763.79,763.79,-0.01,125.56,96438.15,-1
2025-04-10,2025-04-10 13:22:00,763.79,763.79,763.71,763.71,-0.01,125.56,96438.15,-1
2025-04-10,2025-04-10 13:23:00,763.71,763.71,763.63,763.63,-0.01,125.56,96438.15,-1
2025-04-10,2025-04-10 13:24:00,763.63,763.63,763.55,763.55,-0.01,125.56,96438.15,-1
2025-04-10,2025-04-10 13:25:00,763.55,763.55,763.47,763.47,-0.01,125.56,96438.15,-1
2025-04-10,2025-04-10 13:26:00,763.47,763.47,763.39,763.39,-0.01,125.56,96438.15,-1
2025-04-10,2025-04-10 13:27:00,763.39,763.39,763.31,763.31,-0.01,125.56,96438.15,-1
2025-04-10,2025-04-10 13:28:00,763.31,763.31,763.24,763.24,-0.01,125.56,96438.15,-1
2025-04-10,2025-04-10 13:29:00,763.24,763.24,763.16,763.16,-0.01,125.56,96438.15,-1
2025-04-10,2025-04-10 13:30:00,763.16,763.16,763.08,763.08,-0.01,125.56,96438.15,-1
2025-04-10,2025-04-10 13:31:00,763.08,763.08,763.0,763.0,-0.01,125.56,96438.15,-1
2025-04-10,2025-04-10 13:32:00,763.0,763.0,762.92,762.92,-0.01,125.56,96438.15,-1
2025-04-10,2025-04-10 13:33:00,762.92,762.92,762.84,762.84,-0.01,125.56,96438.15,-1
2025-04-10,2025-04-10 13:34:00,762.84,762.84,762.76,762.76,-0.01,125.56,96438.15,-1
2025-04-10,2025-04-10 13:35:00,762.76,762.76,762.68,762.68,-0.01,125.56,96438.15,-1
2025-04-10,2025-04-10 13:36:00,762.68,762.68,762.6,762.6,-0.01,125.56,96438.15,-1
2025-04-10,2025-04-10 13:37:00,762.6,762.6,762.52,762.52,-0.01,125.56,96438.15,-1
2025-04-10,2025-04-10 13:38:00,762.52,762.52,762.45,762.45,-0.01,125.56,96438.15,-1
2025-04-10,2025-04-10 13:39:00,762.45,762.45,762.37,762.37,-0.01,125.56,96438.15,-1
2025-04-10,2025-04-10 13:40:00,762.37,762.37,762.29,762.29,-0.01,125.56,96438.15,-1
2025-04-10,2025-04-10 13:41:00,762.29,762.29,762.21,762.21,-0.01,125.56,96438.15,-1
2025-04-10,2025-04-10 13:42:00,762.21,762.21,762.13,762.13,-0.01,125.56,96438.15,-1
2025-04-10,2025-04-10 13:43:00,762.13,762.13,762.05,762.05,-0.01,125.56,96438.15,-1
2025-04-10,2025-04-10 13:44:00,762.05,762.05,761.97,761.97,-0.01,125.56,96438.15,-1
2025-04-10,2025-04-10 13:45:00,761.97,761.97,761.89,761.89,-0.01,125.56,96438.15,-1
2025-04-10,2025-04-10 13:46:00,761.89,761.89,761.81,761.81,-0.01,125.56,96438.15,-1
2025-04-10,2025-04-10 13:47:00,761.81,761.81,761.74,761.74,-0.01,125.56,96438.15,-1
2025-04-10,2025-04-10 13:48:00,761.74,761.74,761.66,761.66,-0.01,125.56,96438.15,-1
2025-04-10,2025-04-10 13:49:00,761.66,761.66,761.58,761.58,-0.01,125.56,96438.15,-1
2025-04-10,2025-04-10 13:50:00,761.58,761.58,761.5,761.5,-0.01,125.56,96438.15,-1
2025-04-10,2025-04-10 13:51:00,761.5,761.5,761.42,761.42,-0.01,125.56,96438.15,-1
2025-04-10,2025-04-10 13:52:00,761.42,761.42,761.34,761.34,-0.01,125.56,96438.15,-1
2025-04-10,2025-04-10 13:53:00,761.34,761.34,761.26,761.26,-0.01,125.56,96438.15,-1
2025-04-10,2025-04-10 13:54:00,761.26,761.26,761.18,761.18,-0.01,125.56,96438.15,-1
2025-04-10,2025-04-10 13:55:00,761.18,761.18,761.1,761.1,-0.01,125.56,96438.15,-1
2025-04-10,2025-04-10 13:56:00,761.1,761.1,761.02,761.02,-0.01,125.56,96438.15,-1
2025-04-10,2025-04-10 13:57:00,761.02,761.02,760.95,760.95,-0.01,125.56,96438.15,-1
2025-04-10,2025-04-10 13:58:00,760.95,760.95,760.87,760.87,-0.01,125.56,96438.15,-1
2025-04-10,2025-04-10 13:59:00,760.87,760.87,760.79,760.79,-0.01,125.56,96438.15,-1
2025-04-10,2025-04-10 14:00:00,760.79,760.79,760.71,760.71,-0.01,125.56,96438.15,-1
2025-04-10,2025-04-10 14:01:00,760.71,760.71,760.63,760.63,-0.01,125.56,96438.15,-1
2025-04-10,2025-04-10 14:02:00,760.63,760.63,760.55,760.55,-0.01,125.56,96438.15,-1
2025-04-10,2025-04-10 14:03:00,760.55,760.55,760.47,760.47,-0.01,125.56,96438.15,-1
2025-04-10,2025-04-10 14:04:00,760.47,760.47,760.39,760.39,-0.01,125.56,96438.15,-1
2025-04-10,2025-04-10 14:05:00,760.39,760.39,760.31,760.31,-0.01,125.56,96438.15,-1
2025-04-10,2025-04-10 14:06:00,760.31,760.31,760.23,760.23,-0.01,125.56,96438.15,-1
2025-04-10,2025-04-10 14:07:00,760.23,760.23,760.16,760.16,-0.01,125.56,96438.15,-1
2025-04-10,2025-04-10 14:08:00,760.16,760.16,760.08,760.08,-0.01,125.56,96438.15,-1
2025-04-10,2025-04-10 14:09:00,760.08,760.08,760.0,760.0,-0.01,125.56,96438.15,-1
2025-04-10,2025-04-10 14:10:00,760.0,760.0,759.92,759.92,-0.01,125.56,96438.15,-1
2025-04-10,2025-04-10 14:11:00,759.92,759.92,759.84,759.84,-0.01,125.56,96438.15,-1
2025-04-10,2025-04-10 14:12:00,759.84,759.84,759.76,759.76,-0.01,125.56,96438.15,-1
2025-04-10,2025-04-10 14:13:00,759.76,759.76,759.68,759.68,-0.01,125.56,96438.15,-1
2025-04-10,2025-04-10 14:14:00,759.68,759.68,759.6,759.6,-0.01,125.56,96438.15,-1
2025-04-10,2025-04-10 14:15:00,759.6,759.6,759.52,759.52,-0.01,125.56,96438.15,-1
2025-04-10,2025-04-10 14:16:00,759.52,759.52,759.45,759.45,-0.01,125.56,96438.15,-1
2025-04-10,2025-04-10 14:17:00,759.45,759.45,759.37,759.37,-0.01,125.56,96438.15,-1
2025-04-10,2025-04-10 14:18:00,759.37,759.37,759.29,759.29,-0.01,125.56,96438.15,-1
2025-04-10,2025-04-10 14:19:00,759.29,759.29,759.21,759.21,-0.01,125.56,96438.15,-1
2025-04-10,2025-04-10 14:20:00,759.21,759.21,759.13,759.13,-0.01,125.56,96438.15,-1
2025-04-10,2025-04-10 14:21:00,759.13,759.13,759.05,759.05,-0.01,125.56,96438.15,-1
2025-04-10,2025-04-10 14:22:00,759.05,759.05,758.97,758.97,-0.01,125.56,96438.15,-1
2025-04-10,2025-04-10 14:23:00,758.97,758.97,758.89,758.89,-0.01,125.56,96438.15,-1
2025-04-10,2025-04-10 14:24:00,758.89,758.89,758.81,758.81,-0.01,125.56,96438.15,-1
2025-04-10,2025-04-10 14:25:00,758.81,758.81,758.73,758.73,-0.01,125.56,96438.15,-1
2025-04-10,2025-04-10 14:26:00,758.73,758.73,758.66,758.66,-0.01,125.56,96438.15,-1
2025-04-10,2025-04-10 14:27:00,758.66,758.66,758.58,758.58,-0.01,125.56,96438.15,-1
2025-04-10,2025-04-10 14:28:00,758.58,758.58,758.5,758.5,-0.01,125.56,96438.15,-1
2025-04-10,2025-04-10 14:29:00,758.5,758.5,758.42,758.42,-0.01,125.56,96438.15,-1
2025-04-10,2025-04-10 14:30:00,758.42,758.42,758.34,758.34,-0.01,125.56,96438.15,-1
2025-04-10,2025-04-10 14:31:00,758.34,758.34,758.26,758.26,-0.01,125.56,96438.15,-1
2025-04-10,2025-04-10 14:32:00,758.26,758.26,758.18,758.18,-0.01,125.56,96438.15,-1
2025-04-10,2025-04-10 14:33:00,758.18,758.18,758.1,758.1,-0.01,125.56,96438.15,-1
2025-04-10,2025-04-10 14:34:00,758.1,758.1,758.02,758.02,-0.01,125.56,96438.15,-1
2025-04-10,2025-04-10 14:35:00,758.02,758.02,757.94,757.94,-0.01,125.56,96438.15,-1
2025-04-10,2025-04-10 14:36:00,757.94,757.94,757.87,757.87,-0.01,125.56,96438.15,-1
2025-04-10,2025-04-10 14:37:00,757.87,757.87,757.79,757.79,-0.01,125.56,96438.15,-1
2025-04-10,2025-04-10 14:38:00,757.79,757.79,757.71,757.71,-0.01,125.56,96438.15,-1
2025-04-10,2025-04-10 14:39:00,757.71,757.71,757.63,757.63,-0.01,125.56,96438.15,-1
2025-04-10,2025-04-10 14:40:00,757.63,757.63,757.55,757.55,-0.01,125.56,96438.15,-1
2025-04-10,2025-04-10 14:41:00,757.55,757.55,757.47,757.47,-0.01,125.56,96438.15,-1
2025-04-10,2025-04-10 14:42:00,757.47,757.47,757.39,757.39,-0.01,125.56,96438.15,-1
2025-04-10,2025-04-10 14:43:00,757.39,757.39,757.31,757.31,-0.01,125.56,96438.15,-1
2025-04-10,2025-04-10 14:44:00,757.31,757.31,757.23,757.23,-0.01,125.56,96438.15,-1
2025-04-10,2025-04-10 14:45:00,757.23,757.23,757.16,757.16,-0.01,125.56,96438.15,-1
2025-04-10,2025-04-10 14:46:00,757.16,757.16,757.08,757.08,-0.01,125.56,96438.15,-1
2025-04-10,2025-04-10 14:47:00,757.08,757.08,757.0,757.0,-0.01,125.56,96438.15,-1
2025-04-10,2025-04-10 14:48:00,757.0,757.0,756.92,756.92,-0.01,125.56,96438.15,-1
2025-04-10,2025-04-10 14:49:00,756.92,756.92,756.84,756.84,-0.01,125.56,96438.15,-1
2025-04-10,2025-04-10 14:50:00,756.84,756.84,756.76,756.76,-0.01,125.56,96438.15,-1
2025-04-10,2025-04-10 14:51:00,756.76,756.76,756.68,756.68,-0.01,125.56,96438.15,-1
2025-04-10,2025-04-10 14:52:00,756.68,756.68,756.6,756.6,-0.01,125.56,96438.15,-1
2025-04-10,2025-04-10 14:53:00,756.6,756.6,756.52,756.52,-0.01,125.56,96438.15,-1
2025-04-10,2025-04-10 14:54:00,756.52,756.52,756.44,756.44,-0.01,125.56,96438.15,-1
2025-04-10,2025-04-10 14:55:00,756.44,756.44,756.37,756.37,-0.01,125.56,96438.15,-1
2025-04-10,2025-04-10 14:56:00,756.37,756.37,756.29,756.29,-0.01,125.56,96438.15,-1
2025-04-10,2025-04-10 14:57:00,756.29,756.29,756.21,756.21,-0.01,125.56,96438.15,-1
2025-04-10,2025-04-10 14:58:00,756.21,756.21,756.13,756.13,-0.01,125.56,96438.15,-1
2025-04-10,2025-04-10 14:59:00,756.13,756.13,756.05,756.05,-0.01,125.56,96438.15,-1
2025-04-10,2025-04-10 15:00:00,756.05,788.0,750.0,756.05,0.0,125.56,96438.15,0
2025-04-13,2025-04-13 11:00:00,771.0,771.33,763.53,770.95,-0.01,58.59,44437.9,-1
2025-04-13,2025-04-13 11:01:00,770.95,770.95,770.89,770.89,-0.01,58.59,44437.9,-1
2025-04-13,2025-04-13 11:02:00,770.89,770.89,770.84,770.84,-0.01,58.59,44437.9,-1
2025-04-13,2025-04-13 11:03:00,770.84,770.84,770.78,770.78,-0.01,58.59,44437.9,-1
2025-04-13,2025-04-13 11:04:00,770.78,770.78,770.73,770.73,-0.01,58.59,44437.9,-1
2025-04-13,2025-04-13 11:05:00,770.73,770.73,770.67,770.67,-0.01,58.59,44437.9,-1
2025-04-13,2025-04-13 11:06:00,770.67,770.67,770.62,770.62,-0.01,58.59,44437.9,-1
2025-04-13,2025-04-13 11:07:00,770.62,770.62,770.56,770.56,-0.01,58.59,44437.9,-1
2025-04-13,2025-04-13 11:08:00,770.56,770.56,770.51,770.51,-0.01,58.59,44437.9,-1
2025-04-13,2025-04-13 11:09:00,770.51,770.51,770.46,770.46,-0.01,58.59,44437.9,-1
2025-04-13,2025-04-13 11:10:00,770.46,770.46,770.4,770.4,-0.01,58.59,44437.9,-1
2025-04-13,2025-04-13 11:11:00,770.4,770.4,770.35,770.35,-0.01,58.59,44437.9,-1
2025-04-13,2025-04-13 11:12:00,770.35,770.35,770.29,770.29,-0.01,58.59,44437.9,-1
2025-04-13,2025-04-13 11:13:00,770.29,770.29,770.24,770.24,-0.01,58.59,44437.9,-1
2025-04-13,2025-04-13 11:14:00,770.24,770.24,770.18,770.18,-0.01,58.59,44437.9,-1
2025-04-13,2025-04-13 11:15:00,770.18,770.18,770.13,770.13,-0.01,58.59,44437.9,-1
2025-04-13,2025-04-13 11:16:00,770.13,770.13,770.07,770.07,-0.01,58.59,44437.9,-1
2025-04-13,2025-04-13 11:17:00,770.07,770.07,770.02,770.02,-0.01,58.59,44437.9,-1
2025-04-13,2025-04-13 11:18:00,770.02,770.02,769.97,769.97,-0.01,58.59,44437.9,-1
2025-04-13,2025-04-13 11:19:00,769.97,769.97,769.91,769.91,-0.01,58.59,44437.9,-1
2025-04-13,2025-04-13 11:20:00,769.91,769.91,769.86,769.86,-0.01,58.59,44437.9,-1
2025-04-13,2025-04-13 11:21:00,769.86,769.86,769.8,769.8,-0.01,58.59,44437.9,-1
2025-04-13,2025-04-13 11:22:00,769.8,769.8,769.75,769.75,-0.01,58.59,44437.9,-1
2025-04-13,2025-04-13 11:23:00,769.75,769.75,769.69,769.69,-0.01,58.59,44437.9,-1
2025-04-13,2025-04-13 11:24:00,769.69,769.69,769.64,769.64,-0.01,58.59,44437.9,-1
2025-04-13,2025-04-13 11:25:00,769.64,769.64,769.58,769.58,-0.01,58.59,44437.9,-1
2025-04-13,2025-04-13 11:26:00,769.58,769.58,769.53,769.53,-0.01,58.59,44437.9,-1
2025-04-13,2025-04-13 11:27:00,769.53,769.53,769.48,769.48,-0.01,58.59,44437.9,-1
2025-04-13,2025-04-13 11:28:00,769.48,769.48,769.42,769.42,-0.01,58.59,44437.9,-1
2025-04-13,2025-04-13 11:29:00,769.42,769.42,769.37,769.37,-0.01,58.59,44437.9,-1
2025-04-13,2025-04-13 11:30:00,769.37,769.37,769.31,769.31,-0.01,58.59,44437.9,-1
2025-04-13,2025-04-13 11:31:00,769.31,769.31,769.26,769.26,-0.01,58.59,44437.9,-1
2025-04-13,2025-04-13 11:32:00,769.26,769.26,769.2,769.2,-0.01,58.59,44437.9,-1
2025-04-13,2025-04-13 11:33:00,769.2,769.2,769.15,769.15,-0.01,58.59,44437.9,-1
2025-04-13,2025-04-13 11:34:00,769.15,769.15,769.09,769.09,-0.01,58.59,44437.9,-1
2025-04-13,2025-04-13 11:35:00,769.09,769.09,769.04,769.04,-0.01,58.59,44437.9,-1
2025-04-13,2025-04-13 11:36:00,769.04,769.04,768.99,768.99,-0.01,58.59,44437.9,-1
2025-04-13,2025-04-13 11:37:00,768.99,768.99,768.93,768.93,-0.01,58.59,44437.9,-1
2025-04-13,2025-04-13 11:38:00,768.93,768.93,768.88,768.88,-0.01,58.59,44437.9,-1
2025-04-13,2025-04-13 11:39:00,768.88,768.88,768.82,768.82,-0.01,58.59,44437.9,-1
2025-04-13,2025-04-13 11:40:00,768.82,768.82,768.77,768.77,-0.01,58.59,44437.9,-1
2025-04-13,2025-04-13 11:41:00,768.77,768.77,768.71,768.71,-0.01,58.59,44437.9,-1
2025-04-13,2025-04-13 11:42:00,768.71,768.71,768.66,768.66,-0.01,58.59,44437.9,-1
2025-04-13,2025-04-13 11:43:00,768.66,768.66,768.6,768.6,-0.01,58.59,44437.9,-1
2025-04-13,2025-04-13 11:44:00,768.6,768.6,768.55,768.55,-0.01,58.59,44437.9,-1
2025-04-13,2025-04-13 11:45:00,768.55,768.55,768.49,768.49,-0.01,58.59,44437.9,-1
2025-04-13,2025-04-13 11:46:00,768.49,768.49,768.44,768.44,-0.01,58.59,44437.9,-1
2025-04-13,2025-04-13 11:47:00,768.44,768.44,768.39,768.39,-0.01,58.59,44437.9,-1
2025-04-13,2025-04-13 11:48:00,768.39,768.39,768.33,768.33,-0.01,58.59,44437.9,-1
2025-04-13,2025-04-13 11:49:00,768.33,768.33,768.28,768.28,-0.01,58.59,44437.9,-1
2025-04-13,2025-04-13 11:50:00,768.28,768.28,768.22,768.22,-0.01,58.59,44437.9,-1
2025-04-13,2025-04-13 11:51:00,768.22,768.22,768.17,768.17,-0.01,58.59,44437.9,-1
2025-04-13,2025-04-13 11:52:00,768.17,768.17,768.11,768.11,-0.01,58.59,44437.9,-1
2025-04-13,2025-04-13 11:53:00,768.11,768.11,768.06,768.06,-0.01,58.59,44437.9,-1
2025-04-13,2025-04-13 11:54:00,768.06,768.06,768.0,768.0,-0.01,58.59,44437.9,-1
2025-04-13,2025-04-13 11:55:00,768.0,768.0,767.95,767.95,-0.01,58.59,44437.9,-1
2025-04-13,2025-04-13 11:56:00,767.95,767.95,767.9,767.9,-0.01,58.59,44437.9,-1
2025-04-13,2025-04-13 11:57:00,767.9,767.9,767.84,767.84,-0.01,58.59,44437.9,-1
2025-04-13,2025-04-13 11:58:00,767.84,767.84,767.79,767.79,-0.01,58.59,44437.9,-1
2025-04-13,2025-04-13 11:59:00,767.79,767.79,767.73,767.73,-0.01,58.59,44437.9,-1
2025-04-13,2025-04-13 12:00:00,767.73,767.73,767.68,767.68,-0.01,58.59,44437.9,-1
2025-04-13,2025-04-13 12:01:00,767.68,767.68,767.62,767.62,-0.01,58.59,44437.9,-1
2025-04-13,2025-04-13 12:02:00,767.62,767.62,767.57,767.57,-0.01,58.59,44437.9,-1
2025-04-13,2025-04-13 12:03:00,767.57,767.57,767.51,767.51,-0.01,58.59,44437.9,-1
2025-04-13,2025-04-13 12:04:00,767.51,767.51,767.46,767.46,-0.01,58.59,44437.9,-1
2025-04-13,2025-04-13 12:05:00,767.46,767.46,767.41,767.41,-0.01,58.59,44437.9,-1
2025-04-13,2025-04-13 12:06:00,767.41,767.41,767.35,767.35,-0.01,58.59,44437.9,-1
2025-04-13,2025-04-13 12:07:00,767.35,767.35,767.3,767.3,-0.01,58.59,44437.9,-1
2025-04-13,2025-04-13 12:08:00,767.3,767.3,767.24,767.24,-0.01,58.59,44437.9,-1
2025-04-13,2025-04-13 12:09:00,767.24,767.24,767.19,767.19,-0.01,58.59,44437.9,-1
2025-04-13,2025-04-13 12:10:00,767.19,767.19,767.13,767.13,-0.01,58.59,44437.9,-1
2025-04-13,2025-04-13 12:11:00,767.13,767.13,767.08,767.08,-0.01,58.59,44437.9,-1
2025-04-13,2025-04-13 12:12:00,767.08,767.08,767.02,767.02,-0.01,58.59,44437.9,-1
2025-04-13,2025-04-13 12:13:00,767.02,767.02,766.97,766.97,-0.01,58.59,44437.9,-1
2025-04-13,2025-04-13 12:14:00,766.97,766.97,766.92,766.92,-0.01,58.59,44437.9,-1
2025-04-13,2025-04-13 12:15:00,766.92,766.92,766.86,766.86,-0.01,58.59,44437.9,-1
2025-04-13,2025-04-13 12:16:00,766.86,766.86,766.81,766.81,-0.01,58.59,44437.9,-1
2025-04-13,2025-04-13 12:17:00,766.81,766.81,766.75,766.75,-0.01,58.59,44437.9,-1
2025-04-13,2025-04-13 12:18:00,766.75,766.75,766.7,766.7,-0.01,58.59,44437.9,-1
2025-04-13,2025-04-13 12:19:00,766.7,766.7,766.64,766.64,-0.01,58.59,44437.9,-1
2025-04-13,2025-04-13 12:20:00,766.64,766.64,766.59,766.59,-0.01,58.59,44437.9,-1
2025-04-13,2025-04-13 12:21:00,766.59,766.59,766.53,766.53,-0.01,58.59,44437.9,-1
2025-04-13,2025-04-13 12:22:00,766.53,766.53,766.48,766.48,-0.01,58.59,44437.9,-1
2025-04-13,2025-04-13 12:23:00,766.48,766.48,766.43,766.43,-0.01,58.59,44437.9,-1
2025-04-13,2025-04-13 12:24:00,766.43,766.43,766.37,766.37,-0.01,58.59,44437.9,-1
2025-04-13,2025-04-13 12:25:00,766.37,766.37,766.32,766.32,-0.01,58.59,44437.9,-1
2025-04-13,2025-04-13 12:26:00,766.32,766.32,766.26,766.26,-0.01,58.59,44437.9,-1
2025-04-13,2025-04-13 12:27:00,766.26,766.26,766.21,766.21,-0.01,58.59,44437.9,-1
2025-04-13,2025-04-13 12:28:00,766.21,766.21,766.15,766.15,-0.01,58.59,44437.9,-1
2025-04-13,2025-04-13 12:29:00,766.15,766.15,766.1,766.1,-0.01,58.59,44437.9,-1
2025-04-13,2025-04-13 12:30:00,766.1,766.1,766.04,766.04,-0.01,58.59,44437.9,-1
2025-04-13,2025-04-13 12:31:00,766.04,766.04,765.99,765.99,-0.01,58.59,44437.9,-1
2025-04-13,2025-04-13 12:32:00,765.99,765.99,765.94,765.94,-0.01,58.59,44437.9,-1
2025-04-13,2025-04-13 12:33:00,765.94,765.94,765.88,765.88,-0.01,58.59,44437.9,-1
2025-04-13,2025-04-13 12:34:00,765.88,765.88,765.83,765.83,-0.01,58.59,44437.9,-1
2025-04-13,2025-04-13 12:35:00,765.83,765.83,765.77,765.77,-0.01,58.59,44437.9,-1
2025-04-13,2025-04-13 12:36:00,765.77,765.77,765.72,765.72,-0.01,58.59,44437.9,-1
2025-04-13,2025-04-13 12:37:00,765.72,765.72,765.66,765.66,-0.01,58.59,44437.9,-1
2025-04-13,2025-04-13 12:38:00,765.66,765.66,765.61,765.61,-0.01,58.59,44437.9,-1
2025-04-13,2025-04-13 12:39:00,765.61,765.61,765.55,765.55,-0.01,58.59,44437.9,-1
2025-04-13,2025-04-13 12:40:00,765.55,765.55,765.5,765.5,-0.01,58.59,44437.9,-1
2025-04-13,2025-04-13 12:41:00,765.5,765.5,765.45,765.45,-0.01,58.59,44437.9,-1
2025-04-13,2025-04-13 12:42:00,765.45,765.45,765.39,765.39,-0.01,58.59,44437.9,-1
2025-04-13,2025-04-13 12:43:00,765.39,765.39,765.34,765.34,-0.01,58.59,44437.9,-1
2025-04-13,2025-04-13 12:44:00,765.34,765.34,765.28,765.28,-0.01,58.59,44437.9,-1
2025-04-13,2025-04-13 12:45:00,765.28,765.28,765.23,765.23,-0.01,58.59,44437.9,-1
2025-04-13,2025-04-13 12:46:00,765.23,765.23,765.17,765.17,-0.01,58.59,44437.9,-1
2025-04-13,2025-04-13 12:47:00,765.17,765.17,765.12,765.12,-0.01,58.59,44437.9,-1
2025-04-13,2025-04-13 12:48:00,765.12,765.12,765.06,765.06,-0.01,58.59,44437.9,-1
2025-04-13,2025-04-13 12:49:00,765.06,765.06,765.01,765.01,-0.01,58.59,44437.9,-1
2025-04-13,2025-04-13 12:50:00,765.01,765.01,764.96,764.96,-0.01,58.59,44437.9,-1
2025-04-13,2025-04-13 12:51:00,764.96,764.96,764.9,764.9,-0.01,58.59,44437.9,-1
2025-04-13,2025-04-13 12:52:00,764.9,764.9,764.85,764.85,-0.01,58.59,44437.9,-1
2025-04-13,2025-04-13 12:53:00,764.85,764.85,764.79,764.79,-0.01,58.59,44437.9,-1
2025-04-13,2025-04-13 12:54:00,764.79,764.79,764.74,764.74,-0.01,58.59,44437.9,-1
2025-04-13,2025-04-13 12:55:00,764.74,764.74,764.68,764.68,-0.01,58.59,44437.9,-1
2025-04-13,2025-04-13 12:56:00,764.68,764.68,764.63,764.63,-0.01,58.59,44437.9,-1
2025-04-13,2025-04-13 12:57:00,764.63,764.63,764.57,764.57,-0.01,58.59,44437.9,-1
2025-04-13,2025-04-13 12:58:00,764.57,764.57,764.52,764.52,-0.01,58.59,44437.9,-1
2025-04-13,2025-04-13 12:59:00,764.52,764.52,764.46,764.46,-0.01,58.59,44437.9,-1
2025-04-13,2025-04-13 13:00:00,764.46,772.1,746.1,764.41,-0.01,58.59,44437.9,-1
2025-04-13,2025-04-13 13:01:00,764.41,764.41,764.36,764.36,-0.01,58.59,44437.9,-1
2025-04-13,2025-04-13 13:02:00,764.36,764.36,764.3,764.3,-0.01,58.59,44437.9,-1
2025-04-13,2025-04-13 13:03:00,764.3,764.3,764.25,764.25,-0.01,58.59,44437.9,-1
2025-04-13,2025-04-13 13:04:00,764.25,764.25,764.19,764.19,-0.01,58.59,44437.9,-1
2025-04-13,2025-04-13 13:05:00,764.19,764.19,764.14,764.14,-0.01,58.59,44437.9,-1
2025-04-13,2025-04-13 13:06:00,764.14,764.14,764.08,764.08,-0.01,58.59,44437.9,-1
2025-04-13,2025-04-13 13:07:00,764.08,764.08,764.03,764.03,-0.01,58.59,44437.9,-1
2025-04-13,2025-04-13 13:08:00,764.03,764.03,763.97,763.97,-0.01,58.59,44437.9,-1
2025-04-13,2025-04-13 13:09:00,763.97,763.97,763.92,763.92,-0.01,58.59,44437.9,-1
2025-04-13,2025-04-13 13:10:00,763.92,763.92,763.87,763.87,-0.01,58.59,44437.9,-1
2025-04-13,2025-04-13 13:11:00,763.87,763.87,763.81,763.81,-0.01,58.59,44437.9,-1
2025-04-13,2025-04-13 13:12:00,763.81,763.81,763.76,763.76,-0.01,58.59,44437.9,-1
2025-04-13,2025-04-13 13:13:00,763.76,763.76,763.7,763.7,-0.01,58.59,44437.9,-1
2025-04-13,2025-04-13 13:14:00,763.7,763.7,763.65,763.65,-0.01,58.59,44437.9,-1
2025-04-13,2025-04-13 13:15:00,763.65,763.65,763.59,763.59,-0.01,58.59,44437.9,-1
2025-04-13,2025-04-13 13:16:00,763.59,763.59,763.54,763.54,-0.01,58.59,44437.9,-1
2025-04-13,2025-04-13 13:17:00,763.54,763.54,763.48,763.48,-0.01,58.59,44437.9,-1
2025-04-13,2025-04-13 13:18:00,763.48,763.48,763.43,763.43,-0.01,58.59,44437.9,-1
2025-04-13,2025-04-13 13:19:00,763.43,763.43,763.38,763.38,-0.01,58.59,44437.9,-1
2025-04-13,2025-04-13 13:20:00,763.38,763.38,763.32,763.32,-0.01,58.59,44437.9,-1
2025-04-13,2025-04-13 13:21:00,763.32,763.32,763.27,763.27,-0.01,58.59,44437.9,-1
2025-04-13,2025-04-13 13:22:00,763.27,763.27,763.21,763.21,-0.01,58.59,44437.9,-1
2025-04-13,2025-04-13 13:23:00,763.21,763.21,763.16,763.16,-0.01,58.59,44437.9,-1
2025-04-13,2025-04-13 13:24:00,763.16,763.16,763.1,763.1,-0.01,58.59,44437.9,-1
2025-04-13,2025-04-13 13:25:00,763.1,763.1,763.05,763.05,-0.01,58.59,44437.9,-1
2025-04-13,2025-04-13 13:26:00,763.05,763.05,762.99,762.99,-0.01,58.59,44437.9,-1
2025-04-13,2025-04-13 13:27:00,762.99,762.99,762.94,762.94,-0.01,58.59,44437.9,-1
2025-04-13,2025-04-13 13:28:00,762.94,762.94,762.89,762.89,-0.01,58.59,44437.9,-1
2025-04-13,2025-04-13 13:29:00,762.89,762.89,762.83,762.83,-0.01,58.59,44437.9,-1
2025-04-13,2025-04-13 13:30:00,762.83,762.83,762.78,762.78,-0.01,58.59,44437.9,-1
2025-04-13,2025-04-13 13:31:00,762.78,762.78,762.72,762.72,-0.01,58.59,44437.9,-1
2025-04-13,2025-04-13 13:32:00,762.72,762.72,762.67,762.67,-0.01,58.59,44437.9,-1
2025-04-13,2025-04-13 13:33:00,762.67,762.67,762.61,762.61,-0.01,58.59,44437.9,-1
2025-04-13,2025-04-13 13:34:00,762.61,762.61,762.56,762.56,-0.01,58.59,44437.9,-1
2025-04-13,2025-04-13 13:35:00,762.56,762.56,762.5,762.5,-0.01,58.59,44437.9,-1
2025-04-13,2025-04-13 13:36:00,762.5,762.5,762.45,762.45,-0.01,58.59,44437.9,-1
2025-04-13,2025-04-13 13:37:00,762.45,762.45,762.4,762.4,-0.01,58.59,44437.9,-1
2025-04-13,2025-04-13 13:38:00,762.4,762.4,762.34,762.34,-0.01,58.59,44437.9,-1
2025-04-13,2025-04-13 13:39:00,762.34,762.34,762.29,762.29,-0.01,58.59,44437.9,-1
2025-04-13,2025-04-13 13:40:00,762.29,762.29,762.23,762.23,-0.01,58.59,44437.9,-1
2025-04-13,2025-04-13 13:41:00,762.23,762.23,762.18,762.18,-0.01,58.59,44437.9,-1
2025-04-13,2025-04-13 13:42:00,762.18,762.18,762.12,762.12,-0.01,58.59,44437.9,-1
2025-04-13,2025-04-13 13:43:00,762.12,762.12,762.07,762.07,-0.01,58.59,44437.9,-1
2025-04-13,2025-04-13 13:44:00,762.07,762.07,762.01,762.01,-0.01,58.59,44437.9,-1
2025-04-13,2025-04-13 13:45:00,762.01,762.01,761.96,761.96,-0.01,58.59,44437.9,-1
2025-04-13,2025-04-13 13:46:00,761.96,761.96,761.91,761.91,-0.01,58.59,44437.9,-1
2025-04-13,2025-04-13 13:47:00,761.91,761.91,761.85,761.85,-0.01,58.59,44437.9,-1
2025-04-13,2025-04-13 13:48:00,761.85,761.85,761.8,761.8,-0.01,58.59,44437.9,-1
2025-04-13,2025-04-13 13:49:00,761.8,761.8,761.74,761.74,-0.01,58.59,44437.9,-1
2025-04-13,2025-04-13 13:50:00,761.74,761.74,761.69,761.69,-0.01,58.59,44437.9,-1
2025-04-13,2025-04-13 13:51:00,761.69,761.69,761.63,761.63,-0.01,58.59,44437.9,-1
2025-04-13,2025-04-13 13:52:00,761.63,761.63,761.58,761.58,-0.01,58.59,44437.9,-1
2025-04-13,2025-04-13 13:53:00,761.58,761.58,761.52,761.52,-0.01,58.59,44437.9,-1
2025-04-13,2025-04-13 13:54:00,761.52,761.52,761.47,761.47,-0.01,58.59,44437.9,-1
2025-04-13,2025-04-13 13:55:00,761.47,761.47,761.42,761.42,-0.01,58.59,44437.9,-1
2025-04-13,2025-04-13 13:56:00,761.42,761.42,761.36,761.36,-0.01,58.59,44437.9,-1
2025-04-13,2025-04-13 13:57:00,761.36,761.36,761.31,761.31,-0.01,58.59,44437.9,-1
2025-04-13,2025-04-13 13:58:00,761.31,761.31,761.25,761.25,-0.01,58.59,44437.9,-1
2025-04-13,2025-04-13 13:59:00,761.25,761.25,761.2,761.2,-0.01,58.59,44437.9,-1
2025-04-13,2025-04-13 14:00:00,761.2,761.2,761.14,761.14,-0.01,58.59,44437.9,-1
2025-04-13,2025-04-13 14:01:00,761.14,761.14,761.09,761.09,-0.01,58.59,44437.9,-1
2025-04-13,2025-04-13 14:02:00,761.09,761.09,761.03,761.03,-0.01,58.59,44437.9,-1
2025-04-13,2025-04-13 14:03:00,761.03,761.03,760.98,760.98,-0.01,58.59,44437.9,-1
2025-04-13,2025-04-13 14:04:00,760.98,760.98,760.93,760.93,-0.01,58.59,44437.9,-1
2025-04-13,2025-04-13 14:05:00,760.93,760.93,760.87,760.87,-0.01,58.59,44437.9,-1
2025-04-13,2025-04-13 14:06:00,760.87,760.87,760.82,760.82,-0.01,58.59,44437.9,-1
2025-04-13,2025-04-13 14:07:00,760.82,760.82,760.76,760.76,-0.01,58.59,44437.9,-1
2025-04-13,2025-04-13 14:08:00,760.76,760.76,760.71,760.71,-0.01,58.59,44437.9,-1
2025-04-13,2025-04-13 14:09:00,760.71,760.71,760.65,760.65,-0.01,58.59,44437.9,-1
2025-04-13,2025-04-13 14:10:00,760.65,760.65,760.6,760.6,-0.01,58.59,44437.9,-1
2025-04-13,2025-04-13 14:11:00,760.6,760.6,760.54,760.54,-0.01,58.59,44437.9,-1
2025-04-13,2025-04-13 14:12:00,760.54,760.54,760.49,760.49,-0.01,58.59,44437.9,-1
2025-04-13,2025-04-13 14:13:00,760.49,760.49,760.44,760.44,-0.01,58.59,44437.9,-1
2025-04-13,2025-04-13 14:14:00,760.44,760.44,760.38,760.38,-0.01,58.59,44437.9,-1
2025-04-13,2025-04-13 14:15:00,760.38,760.38,760.33,760.33,-0.01,58.59,44437.9,-1
2025-04-13,2025-04-13 14:16:00,760.33,760.33,760.27,760.27,-0.01,58.59,44437.9,-1
2025-04-13,2025-04-13 14:17:00,760.27,760.27,760.22,760.22,-0.01,58.59,44437.9,-1
2025-04-13,2025-04-13 14:18:00,760.22,760.22,760.16,760.16,-0.01,58.59,44437.9,-1
2025-04-13,2025-04-13 14:19:00,760.16,760.16,760.11,760.11,-0.01,58.59,44437.9,-1
2025-04-13,2025-04-13 14:20:00,760.11,760.11,760.05,760.05,-0.01,58.59,44437.9,-1
2025-04-13,2025-04-13 14:21:00,760.05,760.05,760.0,760.0,-0.01,58.59,44437.9,-1
2025-04-13,2025-04-13 14:22:00,760.0,760.0,759.94,759.94,-0.01,58.59,44437.9,-1
2025-04-13,2025-04-13 14:23:00,759.94,759.94,759.89,759.89,-0.01,58.59,44437.9,-1
2025-04-13,2025-04-13 14:24:00,759.89,759.89,759.84,759.84,-0.01,58.59,44437.9,-1
2025-04-13,2025-04-13 14:25:00,759.84,759.84,759.78,759.78,-0.01,58.59,44437.9,-1
2025-04-13,2025-04-13 14:26:00,759.78,759.78,759.73,759.73,-0.01,58.59,44437.9,-1
2025-04-13,2025-04-13 14:27:00,759.73,759.73,759.67,759.67,-0.01,58.59,44437.9,-1
2025-04-13,2025-04-13 14:28:00,759.67,759.67,759.62,759.62,-0.01,58.59,44437.9,-1
2025-04-13,2025-04-13 14:29:00,759.62,759.62,759.56,759.56,-0.01,58.59,44437.9,-1
2025-04-13,2025-04-13 14:30:00,759.56,759.56,759.51,759.51,-0.01,58.59,44437.9,-1
2025-04-13,2025-04-13 14:31:00,759.51,759.51,759.45,759.45,-0.01,58.59,44437.9,-1
2025-04-13,2025-04-13 14:32:00,759.45,759.45,759.4,759.4,-0.01,58.59,44437.9,-1
2025-04-13,2025-04-13 14:33:00,759.4,759.4,759.35,759.35,-0.01,58.59,44437.9,-1
2025-04-13,2025-04-13 14:34:00,759.35,759.35,759.29,759.29,-0.01,58.59,44437.9,-1
2025-04-13,2025-04-13 14:35:00,759.29,759.29,759.24,759.24,-0.01,58.59,44437.9,-1
2025-04-13,2025-04-13 14:36:00,759.24,759.24,759.18,759.18,-0.01,58.59,44437.9,-1
2025-04-13,2025-04-13 14:37:00,759.18,759.18,759.13,759.13,-0.01,58.59,44437.9,-1
2025-04-13,2025-04-13 14:38:00,759.13,759.13,759.07,759.07,-0.01,58.59,44437.9,-1
2025-04-13,2025-04-13 14:39:00,759.07,759.07,759.02,759.02,-0.01,58.59,44437.9,-1
2025-04-13,2025-04-13 14:40:00,759.02,759.02,758.96,758.96,-0.01,58.59,44437.9,-1
2025-04-13,2025-04-13 14:41:00,758.96,758.96,758.91,758.91,-0.01,58.59,44437.9,-1
2025-04-13,2025-04-13 14:42:00,758.91,758.91,758.86,758.86,-0.01,58.59,44437.9,-1
2025-04-13,2025-04-13 14:43:00,758.86,758.86,758.8,758.8,-0.01,58.59,44437.9,-1
2025-04-13,2025-04-13 14:44:00,758.8,758.8,758.75,758.75,-0.01,58.59,44437.9,-1
2025-04-13,2025-04-13 14:45:00,758.75,758.75,758.69,758.69,-0.01,58.59,44437.9,-1
2025-04-13,2025-04-13 14:46:00,758.69,758.69,758.64,758.64,-0.01,58.59,44437.9,-1
2025-04-13,2025-04-13 14:47:00,758.64,758.64,758.58,758.58,-0.01,58.59,44437.9,-1
2025-04-13,2025-04-13 14:48:00,758.58,758.58,758.53,758.53,-0.01,58.59,44437.9,-1
2025-04-13,2025-04-13 14:49:00,758.53,758.53,758.47,758.47,-0.01,58.59,44437.9,-1
2025-04-13,2025-04-13 14:50:00,758.47,758.47,758.42,758.42,-0.01,58.59,44437.9,-1
2025-04-13,2025-04-13 14:51:00,758.42,758.42,758.37,758.37,-0.01,58.59,44437.9,-1
2025-04-13,2025-04-13 14:52:00,758.37,758.37,758.31,758.31,-0.01,58.59,44437.9,-1
2025-04-13,2025-04-13 14:53:00,758.31,758.31,758.26,758.26,-0.01,58.59,44437.9,-1
2025-04-13,2025-04-13 14:54:00,758.26,758.26,758.2,758.2,-0.01,58.59,44437.9,-1
2025-04-13,2025-04-13 14:55:00,758.2,758.2,758.15,758.15,-0.01,58.59,44437.9,-1
2025-04-13,2025-04-13 14:56:00,758.15,758.15,758.09,758.09,-0.01,58.59,44437.9,-1
2025-04-13,2025-04-13 14:57:00,758.09,758.09,758.04,758.04,-0.01,58.59,44437.9,-1
2025-04-13,2025-04-13 14:58:00,758.04,758.04,757.98,757.98,-0.01,58.59,44437.9,-1
2025-04-13,2025-04-13 14:59:00,757.98,757.98,757.93,757.93,-0.01,58.59,44437.9,-1
2025-04-13,2025-04-13 15:00:00,757.93,772.1,746.1,757.93,0.0,58.59,44437.9,0
2025-04-15,2025-04-15 11:00:00,770.0,776.0,765.5,769.99,-0.0,110.5,85428.0,-1
2025-04-15,2025-04-15 11:01:00,769.99,769.99,769.99,769.99,0.0,110.5,85428.0,0
2025-04-15,2025-04-15 11:02:00,769.99,769.99,769.98,769.98,-0.0,110.5,85428.0,-1
2025-04-15,2025-04-15 11:03:00,769.98,769.98,769.98,769.98,0.0,110.5,85428.0,0
2025-04-15,2025-04-15 11:04:00,769.98,769.98,769.97,769.97,-0.0,110.5,85428.0,-1
2025-04-15,2025-04-15 11:05:00,769.97,769.97,769.96,769.96,-0.0,110.5,85428.0,-1
2025-04-15,2025-04-15 11:06:00,769.96,769.96,769.96,769.96,0.0,110.5,85428.0,0
2025-04-15,2025-04-15 11:07:00,769.96,769.96,769.95,769.95,-0.0,110.5,85428.0,-1
2025-04-15,2025-04-15 11:08:00,769.95,769.95,769.95,769.95,0.0,110.5,85428.0,0
2025-04-15,2025-04-15 11:09:00,769.95,769.95,769.94,769.94,-0.0,110.5,85428.0,-1
2025-04-15,2025-04-15 11:10:00,769.94,769.94,769.93,769.93,-0.0,110.5,85428.0,-1
2025-04-15,2025-04-15 11:11:00,769.93,769.93,769.93,769.93,0.0,110.5,85428.0,0
2025-04-15,2025-04-15 11:12:00,769.93,769.93,769.92,769.92,-0.0,110.5,85428.0,-1
2025-04-15,2025-04-15 11:13:00,769.92,769.92,769.91,769.91,-0.0,110.5,85428.0,-1
2025-04-15,2025-04-15 11:14:00,769.91,769.91,769.91,769.91,0.0,110.5,85428.0,0
2025-04-15,2025-04-15 11:15:00,769.91,769.91,769.9,769.9,-0.0,110.5,85428.0,-1
2025-04-15,2025-04-15 11:16:00,769.9,769.9,769.9,769.9,0.0,110.5,85428.0,0
2025-04-15,2025-04-15 11:17:00,769.9,769.9,769.89,769.89,-0.0,110.5,85428.0,-1
2025-04-15,2025-04-15 11:18:00,769.89,769.89,769.88,769.88,-0.0,110.5,85428.0,-1
2025-04-15,2025-04-15 11:19:00,769.88,769.88,769.88,769.88,0.0,110.5,85428.0,0
2025-04-15,2025-04-15 11:20:00,769.88,769.88,769.87,769.87,-0.0,110.5,85428.0,-1
2025-04-15,2025-04-15 11:21:00,769.87,769.87,769.87,769.87,0.0,110.5,85428.0,0
2025-04-15,2025-04-15 11:22:00,769.87,769.87,769.86,769.86,-0.0,110.5,85428.0,-1
2025-04-15,2025-04-15 11:23:00,769.86,769.86,769.85,769.85,-0.0,110.5,85428.0,-1
2025-04-15,2025-04-15 11:24:00,769.85,769.85,769.85,769.85,0.0,110.5,85428.0,0
2025-04-15,2025-04-15 11:25:00,769.85,769.85,769.84,769.84,-0.0,110.5,85428.0,-1
2025-04-15,2025-04-15 11:26:00,769.84,769.84,769.84,769.84,0.0,110.5,85428.0,0
2025-04-15,2025-04-15 11:27:00,769.84,769.84,769.83,769.83,-0.0,110.5,85428.0,-1
2025-04-15,2025-04-15 11:28:00,769.83,769.83,769.82,769.82,-0.0,110.5,85428.0,-1
2025-04-15,2025-04-15 11:29:00,769.82,769.82,769.82,769.82,0.0,110.5,85428.0,0
2025-04-15,2025-04-15 11:30:00,769.82,769.82,769.81,769.81,-0.0,110.5,85428.0,-1
2025-04-15,2025-04-15 11:31:00,769.81,769.81,769.81,769.81,0.0,110.5,85428.0,0
2025-04-15,2025-04-15 11:32:00,769.81,769.81,769.8,769.8,-0.0,110.5,85428.0,-1
2025-04-15,2025-04-15 11:33:00,769.8,769.8,769.79,769.79,-0.0,110.5,85428.0,-1
2025-04-15,2025-04-15 11:34:00,769.79,769.79,769.79,769.79,0.0,110.5,85428.0,0
2025-04-15,2025-04-15 11:35:00,769.79,769.79,769.78,769.78,-0.0,110.5,85428.0,-1
2025-04-15,2025-04-15 11:36:00,769.78,769.78,769.77,769.77,-0.0,110.5,85428.0,-1
2025-04-15,2025-04-15 11:37:00,769.77,769.77,769.77,769.77,0.0,110.5,85428.0,0
2025-04-15,2025-04-15 11:38:00,769.77,769.77,769.76,769.76,-0.0,110.5,85428.0,-1
2025-04-15,2025-04-15 11:39:00,769.76,769.76,769.76,769.76,0.0,110.5,85428.0,0
2025-04-15,2025-04-15 11:40:00,769.76,769.76,769.75,769.75,-0.0,110.5,85428.0,-1
2025-04-15,2025-04-15 11:41:00,769.75,769.75,769.74,769.74,-0.0,110.5,85428.0,-1
2025-04-15,2025-04-15 11:42:00,769.74,769.74,769.74,769.74,0.0,110.5,85428.0,0
2025-04-15,2025-04-15 11:43:00,769.74,769.74,769.73,769.73,-0.0,110.5,85428.0,-1
2025-04-15,2025-04-15 11:44:00,769.73,769.73,769.73,769.73,0.0,110.5,85428.0,0
2025-04-15,2025-04-15 11:45:00,769.73,769.73,769.72,769.72,-0.0,110.5,85428.0,-1
2025-04-15,2025-04-15 11:46:00,769.72,769.72,769.71,769.71,-0.0,110.5,85428.0,-1
2025-04-15,2025-04-15 11:47:00,769.71,769.71,769.71,769.71,0.0,110.5,85428.0,0
2025-04-15,2025-04-15 11:48:00,769.71,769.71,769.7,769.7,-0.0,110.5,85428.0,-1
2025-04-15,2025-04-15 11:49:00,769.7,769.7,769.7,769.7,0.0,110.5,85428.0,0
2025-04-15,2025-04-15 11:50:00,769.7,769.7,769.69,769.69,-0.0,110.5,85428.0,-1
2025-04-15,2025-04-15 11:51:00,769.69,769.69,769.68,769.68,-0.0,110.5,85428.0,-1
2025-04-15,2025-04-15 11:52:00,769.68,769.68,769.68,769.68,0.0,110.5,85428.0,0
2025-04-15,2025-04-15 11:53:00,769.68,769.68,769.67,769.67,-0.0,110.5,85428.0,-1
2025-04-15,2025-04-15 11:54:00,769.67,769.67,769.67,769.67,0.0,110.5,85428.0,0
2025-04-15,2025-04-15 11:55:00,769.67,769.67,769.66,769.66,-0.0,110.5,85428.0,-1
2025-04-15,2025-04-15 11:56:00,769.66,769.66,769.65,769.65,-0.0,110.5,85428.0,-1
2025-04-15,2025-04-15 11:57:00,769.65,769.65,769.65,769.65,0.0,110.5,85428.0,0
2025-04-15,2025-04-15 11:58:00,769.65,769.65,769.64,769.64,-0.0,110.5,85428.0,-1
2025-04-15,2025-04-15 11:59:00,769.64,769.64,769.63,769.63,-0.0,110.5,85428.0,-1
2025-04-15,2025-04-15 12:00:00,769.63,769.63,769.63,769.63,0.0,110.5,85428.0,0
2025-04-15,2025-04-15 12:01:00,769.63,769.63,769.62,769.62,-0.0,110.5,85428.0,-1
2025-04-15,2025-04-15 12:02:00,769.62,769.62,769.62,769.62,0.0,110.5,85428.0,0
2025-04-15,2025-04-15 12:03:00,769.62,769.62,769.61,769.61,-0.0,110.5,85428.0,-1
2025-04-15,2025-04-15 12:04:00,769.61,769.61,769.6,769.6,-0.0,110.5,85428.0,-1
2025-04-15,2025-04-15 12:05:00,769.6,769.6,769.6,769.6,0.0,110.5,85428.0,0
2025-04-15,2025-04-15 12:06:00,769.6,769.6,769.59,769.59,-0.0,110.5,85428.0,-1
2025-04-15,2025-04-15 12:07:00,769.59,769.59,769.59,769.59,0.0,110.5,85428.0,0
2025-04-15,2025-04-15 12:08:00,769.59,769.59,769.58,769.58,-0.0,110.5,85428.0,-1
2025-04-15,2025-04-15 12:09:00,769.58,769.58,769.57,769.57,-0.0,110.5,85428.0,-1
2025-04-15,2025-04-15 12:10:00,769.57,769.57,769.57,769.57,0.0,110.5,85428.0,0
2025-04-15,2025-04-15 12:11:00,769.57,769.57,769.56,769.56,-0.0,110.5,85428.0,-1
2025-04-15,2025-04-15 12:12:00,769.56,769.56,769.56,769.56,0.0,110.5,85428.0,0
2025-04-15,2025-04-15 12:13:00,769.56,769.56,769.55,769.55,-0.0,110.5,85428.0,-1
2025-04-15,2025-04-15 12:14:00,769.55,769.55,769.54,769.54,-0.0,110.5,85428.0,-1
2025-04-15,2025-04-15 12:15:00,769.54,769.54,769.54,769.54,0.0,110.5,85428.0,0
2025-04-15,2025-04-15 12:16:00,769.54,769.54,769.53,769.53,-0.0,110.5,85428.0,-1
2025-04-15,2025-04-15 12:17:00,769.53,769.53,769.53,769.53,0.0,110.5,85428.0,0
2025-04-15,2025-04-15 12:18:00,769.53,769.53,769.52,769.52,-0.0,110.5,85428.0,-1
2025-04-15,2025-04-15 12:19:00,769.52,769.52,769.51,769.51,-0.0,110.5,85428.0,-1
2025-04-15,2025-04-15 12:20:00,769.51,769.51,769.51,769.51,0.0,110.5,85428.0,0
2025-04-15,2025-04-15 12:21:00,769.51,769.51,769.5,769.5,-0.0,110.5,85428.0,-1
2025-04-15,2025-04-15 12:22:00,769.5,769.5,769.5,769.5,0.0,110.5,85428.0,0
2025-04-15,2025-04-15 12:23:00,769.5,769.5,769.49,769.49,-0.0,110.5,85428.0,-1
2025-04-15,2025-04-15 12:24:00,769.49,769.49,769.48,769.48,-0.0,110.5,85428.0,-1
2025-04-15,2025-04-15 12:25:00,769.48,769.48,769.48,769.48,0.0,110.5,85428.0,0
2025-04-15,2025-04-15 12:26:00,769.48,769.48,769.47,769.47,-0.0,110.5,85428.0,-1
2025-04-15,2025-04-15 12:27:00,769.47,769.47,769.46,769.46,-0.0,110.5,85428.0,-1
2025-04-15,2025-04-15 12:28:00,769.46,769.46,769.46,769.46,0.0,110.5,85428.0,0
2025-04-15,2025-04-15 12:29:00,769.46,769.46,769.45,769.45,-0.0,110.5,85428.0,-1
2025-04-15,2025-04-15 12:30:00,769.45,769.45,769.45,769.45,0.0,110.5,85428.0,0
2025-04-15,2025-04-15 12:31:00,769.45,769.45,769.44,769.44,-0.0,110.5,85428.0,-1
2025-04-15,2025-04-15 12:32:00,769.44,769.44,769.43,769.43,-0.0,110.5,85428.0,-1
2025-04-15,2025-04-15 12:33:00,769.43,769.43,769.43,769.43,0.0,110.5,85428.0,0
2025-04-15,2025-04-15 12:34:00,769.43,769.43,769.42,769.42,-0.0,110.5,85428.0,-1
2025-04-15,2025-04-15 12:35:00,769.42,769.42,769.42,769.42,0.0,110.5,85428.0,0
2025-04-15,2025-04-15 12:36:00,769.42,769.42,769.41,769.41,-0.0,110.5,85428.0,-1
2025-04-15,2025-04-15 12:37:00,769.41,769.41,769.4,769.4,-0.0,110.5,85428.0,-1
2025-04-15,2025-04-15 12:38:00,769.4,769.4,769.4,769.4,0.0,110.5,85428.0,0
2025-04-15,2025-04-15 12:39:00,769.4,769.4,769.39,769.39,-0.0,110.5,85428.0,-1
2025-04-15,2025-04-15 12:40:00,769.39,769.39,769.39,769.39,0.0,110.5,85428.0,0
2025-04-15,2025-04-15 12:41:00,769.39,769.39,769.38,769.38,-0.0,110.5,85428.0,-1
2025-04-15,2025-04-15 12:42:00,769.38,769.38,769.37,769.37,-0.0,110.5,85428.0,-1
2025-04-15,2025-04-15 12:43:00,769.37,769.37,769.37,769.37,0.0,110.5,85428.0,0
2025-04-15,2025-04-15 12:44:00,769.37,769.37,769.36,769.36,-0.0,110.5,85428.0,-1
2025-04-15,2025-04-15 12:45:00,769.36,769.36,769.36,769.36,0.0,110.5,85428.0,0
2025-04-15,2025-04-15 12:46:00,769.36,769.36,769.35,769.35,-0.0,110.5,85428.0,-1
2025-04-15,2025-04-15 12:47:00,769.35,769.35,769.34,769.34,-0.0,110.5,85428.0,-1
2025-04-15,2025-04-15 12:48:00,769.34,769.34,769.34,769.34,0.0,110.5,85428.0,0
2025-04-15,2025-04-15 12:49:00,769.34,769.34,769.33,769.33,-0.0,110.5,85428.0,-1
2025-04-15,2025-04-15 12:50:00,769.33,769.33,769.32,769.32,-0.0,110.5,85428.0,-1
2025-04-15,2025-04-15 12:51:00,769.32,769.32,769.32,769.32,0.0,110.5,85428.0,0
2025-04-15,2025-04-15 12:52:00,769.32,769.32,769.31,769.31,-0.0,110.5,85428.0,-1
2025-04-15,2025-04-15 12:53:00,769.31,769.31,769.31,769.31,0.0,110.5,85428.0,0
2025-04-15,2025-04-15 12:54:00,769.31,769.31,769.3,769.3,-0.0,110.5,85428.0,-1
2025-04-15,2025-04-15 12:55:00,769.3,769.3,769.29,769.29,-0.0,110.5,85428.0,-1
2025-04-15,2025-04-15 12:56:00,769.29,769.29,769.29,769.29,0.0,110.5,85428.0,0
2025-04-15,2025-04-15 12:57:00,769.29,769.29,769.28,769.28,-0.0,110.5,85428.0,-1
2025-04-15,2025-04-15 12:58:00,769.28,769.28,769.28,769.28,0.0,110.5,85428.0,0
2025-04-15,2025-04-15 12:59:00,769.28,769.28,769.27,769.27,-0.0,110.5,85428.0,-1
2025-04-15,2025-04-15 13:00:00,769.27,790.0,755.0,769.26,-0.0,110.5,85428.0,-1
2025-04-15,2025-04-15 13:01:00,769.26,769.26,769.26,769.26,0.0,110.5,85428.0,0
2025-04-15,2025-04-15 13:02:00,769.26,769.26,769.25,769.25,-0.0,110.5,85428.0,-1
2025-04-15,2025-04-15 13:03:00,769.25,769.25,769.25,769.25,0.0,110.5,85428.0,0
2025-04-15,2025-04-15 13:04:00,769.25,769.25,769.24,769.24,-0.0,110.5,85428.0,-1
2025-04-15,2025-04-15 13:05:00,769.24,769.24,769.23,769.23,-0.0,110.5,85428.0,-1
2025-04-15,2025-04-15 13:06:00,769.23,769.23,769.23,769.23,0.0,110.5,85428.0,0
2025-04-15,2025-04-15 13:07:00,769.23,769.23,769.22,769.22,-0.0,110.5,85428.0,-1
2025-04-15,2025-04-15 13:08:00,769.22,769.22,769.22,769.22,0.0,110.5,85428.0,0
2025-04-15,2025-04-15 13:09:00,769.22,769.22,769.21,769.21,-0.0,110.5,85428.0,-1
2025-04-15,2025-04-15 13:10:00,769.21,769.21,769.2,769.2,-0.0,110.5,85428.0,-1
2025-04-15,2025-04-15 13:11:00,769.2,769.2,769.2,769.2,0.0,110.5,85428.0,0
2025-04-15,2025-04-15 13:12:00,769.2,769.2,769.19,769.19,-0.0,110.5,85428.0,-1
2025-04-15,2025-04-15 13:13:00,769.19,769.19,769.18,769.18,-0.0,110.5,85428.0,-1
2025-04-15,2025-04-15 13:14:00,769.18,769.18,769.18,769.18,0.0,110.5,85428.0,0
2025-04-15,2025-04-15 13:15:00,769.18,769.18,769.17,769.17,-0.0,110.5,85428.0,-1
2025-04-15,2025-04-15 13:16:00,769.17,769.17,769.17,769.17,0.0,110.5,85428.0,0
2025-04-15,2025-04-15 13:17:00,769.17,769.17,769.16,769.16,-0.0,110.5,85428.0,-1
2025-04-15,2025-04-15 13:18:00,769.16,769.16,769.15,769.15,-0.0,110.5,85428.0,-1
2025-04-15,2025-04-15 13:19:00,769.15,769.15,769.15,769.15,0.0,110.5,85428.0,0
2025-04-15,2025-04-15 13:20:00,769.15,769.15,769.14,769.14,-0.0,110.5,85428.0,-1
2025-04-15,2025-04-15 13:21:00,769.14,769.14,769.14,769.14,0.0,110.5,85428.0,0
2025-04-15,2025-04-15 13:22:00,769.14,769.14,769.13,769.13,-0.0,110.5,85428.0,-1
2025-04-15,2025-04-15 13:23:00,769.13,769.13,769.12,769.12,-0.0,110.5,85428.0,-1
2025-04-15,2025-04-15 13:24:00,769.12,769.12,769.12,769.12,0.0,110.5,85428.0,0
2025-04-15,2025-04-15 13:25:00,769.12,769.12,769.11,769.11,-0.0,110.5,85428.0,-1
2025-04-15,2025-04-15 13:26:00,769.11,769.11,769.11,769.11,0.0,110.5,85428.0,0
2025-04-15,2025-04-15 13:27:00,769.11,769.11,769.1,769.1,-0.0,110.5,85428.0,-1
2025-04-15,2025-04-15 13:28:00,769.1,769.1,769.09,769.09,-0.0,110.5,85428.0,-1
2025-04-15,2025-04-15 13:29:00,769.09,769.09,769.09,769.09,0.0,110.5,85428.0,0
2025-04-15,2025-04-15 13:30:00,769.09,769.09,769.08,769.08,-0.0,110.5,85428.0,-1
2025-04-15,2025-04-15 13:31:00,769.08,769.08,769.08,769.08,0.0,110.5,85428.0,0
2025-04-15,2025-04-15 13:32:00,769.08,769.08,769.07,769.07,-0.0,110.5,85428.0,-1
2025-04-15,2025-04-15 13:33:00,769.07,769.07,769.06,769.06,-0.0,110.5,85428.0,-1
2025-04-15,2025-04-15 13:34:00,769.06,769.06,769.06,769.06,0.0,110.5,85428.0,0
2025-04-15,2025-04-15 13:35:00,769.06,769.06,769.05,769.05,-0.0,110.5,85428.0,-1
2025-04-15,2025-04-15 13:36:00,769.05,769.05,769.04,769.04,-0.0,110.5,85428.0,-1
2025-04-15,2025-04-15 13:37:00,769.04,769.04,769.04,769.04,0.0,110.5,85428.0,0
2025-04-15,2025-04-15 13:38:00,769.04,769.04,769.03,769.03,-0.0,110.5,85428.0,-1
2025-04-15,2025-04-15 13:39:00,769.03,769.03,769.03,769.03,0.0,110.5,85428.0,0
2025-04-15,2025-04-15 13:40:00,769.03,769.03,769.02,769.02,-0.0,110.5,85428.0,-1
2025-04-15,2025-04-15 13:41:00,769.02,769.02,769.01,769.01,-0.0,110.5,85428.0,-1
2025-04-15,2025-04-15 13:42:00,769.01,769.01,769.01,769.01,0.0,110.5,85428.0,0
2025-04-15,2025-04-15 13:43:00,769.01,769.01,769.0,769.0,-0.0,110.5,85428.0,-1
2025-04-15,2025-04-15 13:44:00,769.0,769.0,769.0,769.0,0.0,110.5,85428.0,0
2025-04-15,2025-04-15 13:45:00,769.0,769.0,768.99,768.99,-0.0,110.5,85428.0,-1
2025-04-15,2025-04-15 13:46:00,768.99,768.99,768.98,768.98,-0.0,110.5,85428.0,-1
2025-04-15,2025-04-15 13:47:00,768.98,768.98,768.98,768.98,0.0,110.5,85428.0,0
2025-04-15,2025-04-15 13:48:00,768.98,768.98,768.97,768.97,-0.0,110.5,85428.0,-1
2025-04-15,2025-04-15 13:49:00,768.97,768.97,768.97,768.97,0.0,110.5,85428.0,0
2025-04-15,2025-04-15 13:50:00,768.97,768.97,768.96,768.96,-0.0,110.5,85428.0,-1
2025-04-15,2025-04-15 13:51:00,768.96,768.96,768.95,768.95,-0.0,110.5,85428.0,-1
2025-04-15,2025-04-15 13:52:00,768.95,768.95,768.95,768.95,0.0,110.5,85428.0,0
2025-04-15,2025-04-15 13:53:00,768.95,768.95,768.94,768.94,-0.0,110.5,85428.0,-1
2025-04-15,2025-04-15 13:54:00,768.94,768.94,768.94,768.94,0.0,110.5,85428.0,0
2025-04-15,2025-04-15 13:55:00,768.94,768.94,768.93,768.93,-0.0,110.5,85428.0,-1
2025-04-15,2025-04-15 13:56:00,768.93,768.93,768.92,768.92,-0.0,110.5,85428.0,-1
2025-04-15,2025-04-15 13:57:00,768.92,768.92,768.92,768.92,0.0,110.5,85428.0,0
2025-04-15,2025-04-15 13:58:00,768.92,768.92,768.91,768.91,-0.0,110.5,85428.0,-1
2025-04-15,2025-04-15 13:59:00,768.91,768.91,768.9,768.9,-0.0,110.5,85428.0,-1
2025-04-15,2025-04-15 14:00:00,768.9,768.9,768.9,768.9,0.0,110.5,85428.0,0
2025-04-15,2025-04-15 14:01:00,768.9,768.9,768.89,768.89,-0.0,110.5,85428.0,-1
2025-04-15,2025-04-15 14:02:00,768.89,768.89,768.89,768.89,0.0,110.5,85428.0,0
2025-04-15,2025-04-15 14:03:00,768.89,768.89,768.88,768.88,-0.0,110.5,85428.0,-1
2025-04-15,2025-04-15 14:04:00,768.88,768.88,768.87,768.87,-0.0,110.5,85428.0,-1
2025-04-15,2025-04-15 14:05:00,768.87,768.87,768.87,768.87,0.0,110.5,85428.0,0
2025-04-15,2025-04-15 14:06:00,768.87,768.87,768.86,768.86,-0.0,110.5,85428.0,-1
2025-04-15,2025-04-15 14:07:00,768.86,768.86,768.86,768.86,0.0,110.5,85428.0,0
2025-04-15,2025-04-15 14:08:00,768.86,768.86,768.85,768.85,-0.0,110.5,85428.0,-1
2025-04-15,2025-04-15 14:09:00,768.85,768.85,768.84,768.84,-0.0,110.5,85428.0,-1
2025-04-15,2025-04-15 14:10:00,768.84,768.84,768.84,768.84,0.0,110.5,85428.0,0
2025-04-15,2025-04-15 14:11:00,768.84,768.84,768.83,768.83,-0.0,110.5,85428.0,-1
2025-04-15,2025-04-15 14:12:00,768.83,768.83,768.83,768.83,0.0,110.5,85428.0,0
2025-04-15,2025-04-15 14:13:00,768.83,768.83,768.82,768.82,-0.0,110.5,85428.0,-1
2025-04-15,2025-04-15 14:14:00,768.82,768.82,768.81,768.81,-0.0,110.5,85428.0,-1
2025-04-15,2025-04-15 14:15:00,768.81,768.81,768.81,768.81,0.0,110.5,85428.0,0
2025-04-15,2025-04-15 14:16:00,768.81,768.81,768.8,768.8,-0.0,110.5,85428.0,-1
2025-04-15,2025-04-15 14:17:00,768.8,768.8,768.8,768.8,0.0,110.5,85428.0,0
2025-04-15,2025-04-15 14:18:00,768.8,768.8,768.79,768.79,-0.0,110.5,85428.0,-1
2025-04-15,2025-04-15 14:19:00,768.79,768.79,768.78,768.78,-0.0,110.5,85428.0,-1
2025-04-15,2025-04-15 14:20:00,768.78,768.78,768.78,768.78,0.0,110.5,85428.0,0
2025-04-15,2025-04-15 14:21:00,768.78,768.78,768.77,768.77,-0.0,110.5,85428.0,-1
2025-04-15,2025-04-15 14:22:00,768.77,768.77,768.77,768.77,0.0,110.5,85428.0,0
2025-04-15,2025-04-15 14:23:00,768.77,768.77,768.76,768.76,-0.0,110.5,85428.0,-1
2025-04-15,2025-04-15 14:24:00,768.76,768.76,768.75,768.75,-0.0,110.5,85428.0,-1
2025-04-15,2025-04-15 14:25:00,768.75,768.75,768.75,768.75,0.0,110.5,85428.0,0
2025-04-15,2025-04-15 14:26:00,768.75,768.75,768.74,768.74,-0.0,110.5,85428.0,-1
2025-04-15,2025-04-15 14:27:00,768.74,768.74,768.73,768.73,-0.0,110.5,85428.0,-1
2025-04-15,2025-04-15 14:28:00,768.73,768.73,768.73,768.73,0.0,110.5,85428.0,0
2025-04-15,2025-04-15 14:29:00,768.73,768.73,768.72,768.72,-0.0,110.5,85428.0,-1
2025-04-15,2025-04-15 14:30:00,768.72,768.72,768.72,768.72,0.0,110.5,85428.0,0
2025-04-15,2025-04-15 14:31:00,768.72,768.72,768.71,768.71,-0.0,110.5,85428.0,-1
2025-04-15,2025-04-15 14:32:00,768.71,768.71,768.7,768.7,-0.0,110.5,85428.0,-1
2025-04-15,2025-04-15 14:33:00,768.7,768.7,768.7,768.7,0.0,110.5,85428.0,0
2025-04-15,2025-04-15 14:34:00,768.7,768.7,768.69,768.69,-0.0,110.5,85428.0,-1
2025-04-15,2025-04-15 14:35:00,768.69,768.69,768.69,768.69,0.0,110.5,85428.0,0
2025-04-15,2025-04-15 14:36:00,768.69,768.69,768.68,768.68,-0.0,110.5,85428.0,-1
2025-04-15,2025-04-15 14:37:00,768.68,768.68,768.67,768.67,-0.0,110.5,85428.0,-1
2025-04-15,2025-04-15 14:38:00,768.67,768.67,768.67,768.67,0.0,110.5,85428.0,0
2025-04-15,2025-04-15 14:39:00,768.67,768.67,768.66,768.66,-0.0,110.5,85428.0,-1
2025-04-15,2025-04-15 14:40:00,768.66,768.66,768.66,768.66,0.0,110.5,85428.0,0
2025-04-15,2025-04-15 14:41:00,768.66,768.66,768.65,768.65,-0.0,110.5,85428.0,-1
2025-04-15,2025-04-15 14:42:00,768.65,768.65,768.64,768.64,-0.0,110.5,85428.0,-1
2025-04-15,2025-04-15 14:43:00,768.64,768.64,768.64,768.64,0.0,110.5,85428.0,0
2025-04-15,2025-04-15 14:44:00,768.64,768.64,768.63,768.63,-0.0,110.5,85428.0,-1
2025-04-15,2025-04-15 14:45:00,768.63,768.63,768.63,768.63,0.0,110.5,85428.0,0
2025-04-15,2025-04-15 14:46:00,768.63,768.63,768.62,768.62,-0.0,110.5,85428.0,-1
2025-04-15,2025-04-15 14:47:00,768.62,768.62,768.61,768.61,-0.0,110.5,85428.0,-1
2025-04-15,2025-04-15 14:48:00,768.61,768.61,768.61,768.61,0.0,110.5,85428.0,0
2025-04-15,2025-04-15 14:49:00,768.61,768.61,768.6,768.6,-0.0,110.5,85428.0,-1
2025-04-15,2025-04-15 14:50:00,768.6,768.6,768.59,768.59,-0.0,110.5,85428.0,-1
2025-04-15,2025-04-15 14:51:00,768.59,768.59,768.59,768.59,0.0,110.5,85428.0,0
2025-04-15,2025-04-15 14:52:00,768.59,768.59,768.58,768.58,-0.0,110.5,85428.0,-1
2025-04-15,2025-04-15 14:53:00,768.58,768.58,768.58,768.58,0.0,110.5,85428.0,0
2025-04-15,2025-04-15 14:54:00,768.58,768.58,768.57,768.57,-0.0,110.5,85428.0,-1
2025-04-15,2025-04-15 14:55:00,768.57,768.57,768.56,768.56,-0.0,110.5,85428.0,-1
2025-04-15,2025-04-15 14:56:00,768.56,768.56,768.56,768.56,0.0,110.5,85428.0,0
2025-04-15,2025-04-15 14:57:00,768.56,768.56,768.55,768.55,-0.0,110.5,85428.0,-1
2025-04-15,2025-04-15 14:58:00,768.55,768.55,768.55,768.55,0.0,110.5,85428.0,0
2025-04-15,2025-04-15 14:59:00,768.55,768.55,768.54,768.54,-0.0,110.5,85428.0,-1
2025-04-15,2025-04-15 15:00:00,768.54,790.0,755.0,768.54,0.0,110.5,85428.0,0
2025-04-16,2025-04-16 11:00:00,783.0,787.68,775.5,782.9,-0.01,63.9,48934.27,-1
2025-04-16,2025-04-16 11:01:00,782.9,782.9,782.8,782.8,-0.01,63.9,48934.27,-1
2025-04-16,2025-04-16 11:02:00,782.8,782.8,782.7,782.7,-0.01,63.9,48934.27,-1
2025-04-16,2025-04-16 11:03:00,782.7,782.7,782.61,782.61,-0.01,63.9,48934.27,-1
2025-04-16,2025-04-16 11:04:00,782.61,782.61,782.51,782.51,-0.01,63.9,48934.27,-1
2025-04-16,2025-04-16 11:05:00,782.51,782.51,782.41,782.41,-0.01,63.9,48934.27,-1
2025-04-16,2025-04-16 11:06:00,782.41,782.41,782.31,782.31,-0.01,63.9,48934.27,-1
2025-04-16,2025-04-16 11:07:00,782.31,782.31,782.21,782.21,-0.01,63.9,48934.27,-1
2025-04-16,2025-04-16 11:08:00,782.21,782.21,782.11,782.11,-0.01,63.9,48934.27,-1
2025-04-16,2025-04-16 11:09:00,782.11,782.11,782.01,782.01,-0.01,63.9,48934.27,-1
2025-04-16,2025-04-16 11:10:00,782.01,782.01,781.92,781.92,-0.01,63.9,48934.27,-1
2025-04-16,2025-04-16 11:11:00,781.92,781.92,781.82,781.82,-0.01,63.9,48934.27,-1
2025-04-16,2025-04-16 11:12:00,781.82,781.82,781.72,781.72,-0.01,63.9,48934.27,-1
2025-04-16,2025-04-16 11:13:00,781.72,781.72,781.62,781.62,-0.01,63.9,48934.27,-1
2025-04-16,2025-04-16 11:14:00,781.62,781.62,781.52,781.52,-0.01,63.9,48934.27,-1
2025-04-16,2025-04-16 11:15:00,781.52,781.52,781.42,781.42,-0.01,63.9,48934.27,-1
2025-04-16,2025-04-16 11:16:00,781.42,781.42,781.33,781.33,-0.01,63.9,48934.27,-1
2025-04-16,2025-04-16 11:17:00,781.33,781.33,781.23,781.23,-0.01,63.9,48934.27,-1
2025-04-16,2025-04-16 11:18:00,781.23,781.23,781.13,781.13,-0.01,63.9,48934.27,-1
2025-04-16,2025-04-16 11:19:00,781.13,781.13,781.03,781.03,-0.01,63.9,48934.27,-1
2025-04-16,2025-04-16 11:20:00,781.03,781.03,780.93,780.93,-0.01,63.9,48934.27,-1
2025-04-16,2025-04-16 11:21:00,780.93,780.93,780.83,780.83,-0.01,63.9,48934.27,-1
2025-04-16,2025-04-16 11:22:00,780.83,780.83,780.73,780.73,-0.01,63.9,48934.27,-1
2025-04-16,2025-04-16 11:23:00,780.73,780.73,780.64,780.64,-0.01,63.9,48934.27,-1
2025-04-16,2025-04-16 11:24:00,780.64,780.64,780.54,780.54,-0.01,63.9,48934.27,-1
2025-04-16,2025-04-16 11:25:00,780.54,780.54,780.44,780.44,-0.01,63.9,48934.27,-1
2025-04-16,2025-04-16 11:26:00,780.44,780.44,780.34,780.34,-0.01,63.9,48934.27,-1
2025-04-16,2025-04-16 11:27:00,780.34,780.34,780.24,780.24,-0.01,63.9,48934.27,-1
2025-04-16,2025-04-16 11:28:00,780.24,780.24,780.14,780.14,-0.01,63.9,48934.27,-1
2025-04-16,2025-04-16 11:29:00,780.14,780.14,780.04,780.04,-0.01,63.9,48934.27,-1
2025-04-16,2025-04-16 11:30:00,780.04,780.04,779.95,779.95,-0.01,63.9,48934.27,-1
2025-04-16,2025-04-16 11:31:00,779.95,779.95,779.85,779.85,-0.01,63.9,48934.27,-1
2025-04-16,2025-04-16 11:32:00,779.85,779.85,779.75,779.75,-0.01,63.9,48934.27,-1
2025-04-16,2025-04-16 11:33:00,779.75,779.75,779.65,779.65,-0.01,63.9,48934.27,-1
2025-04-16,2025-04-16 11:34:00,779.65,779.65,779.55,779.55,-0.01,63.9,48934.27,-1
2025-04-16,2025-04-16 11:35:00,779.55,779.55,779.45,779.45,-0.01,63.9,48934.27,-1
2025-04-16,2025-04-16 11:36:00,779.45,779.45,779.36,779.36,-0.01,63.9,48934.27,-1
2025-04-16,2025-04-16 11:37:00,779.36,779.36,779.26,779.26,-0.01,63.9,48934.27,-1
2025-04-16,2025-04-16 11:38:00,779.26,779.26,779.16,779.16,-0.01,63.9,48934.27,-1
2025-04-16,2025-04-16 11:39:00,779.16,779.16,779.06,779.06,-0.01,63.9,48934.27,-1
2025-04-16,2025-04-16 11:40:00,779.06,779.06,778.96,778.96,-0.01,63.9,48934.27,-1
2025-04-16,2025-04-16 11:41:00,778.96,778.96,778.86,778.86,-0.01,63.9,48934.27,-1
2025-04-16,2025-04-16 11:42:00,778.86,778.86,778.76,778.76,-0.01,63.9,48934.27,-1
2025-04-16,2025-04-16 11:43:00,778.76,778.76,778.67,778.67,-0.01,63.9,48934.27,-1
2025-04-16,2025-04-16 11:44:00,778.67,778.67,778.57,778.57,-0.01,63.9,48934.27,-1
2025-04-16,2025-04-16 11:45:00,778.57,778.57,778.47,778.47,-0.01,63.9,48934.27,-1
2025-04-16,2025-04-16 11:46:00,778.47,778.47,778.37,778.37,-0.01,63.9,48934.27,-1
2025-04-16,2025-04-16 11:47:00,778.37,778.37,778.27,778.27,-0.01,63.9,48934.27,-1
2025-04-16,2025-04-16 11:48:00,778.27,778.27,778.17,778.17,-0.01,63.9,48934.27,-1
2025-04-16,2025-04-16 11:49:00,778.17,778.17,778.08,778.08,-0.01,63.9,48934.27,-1
2025-04-16,2025-04-16 11:50:00,778.08,778.08,777.98,777.98,-0.01,63.9,48934.27,-1
2025-04-16,2025-04-16 11:51:00,777.98,777.98,777.88,777.88,-0.01,63.9,48934.27,-1
2025-04-16,2025-04-16 11:52:00,777.88,777.88,777.78,777.78,-0.01,63.9,48934.27,-1
2025-04-16,2025-04-16 11:53:00,777.78,777.78,777.68,777.68,-0.01,63.9,48934.27,-1
2025-04-16,2025-04-16 11:54:00,777.68,777.68,777.58,777.58,-0.01,63.9,48934.27,-1
2025-04-16,2025-04-16 11:55:00,777.58,777.58,777.48,777.48,-0.01,63.9,48934.27,-1
2025-04-16,2025-04-16 11:56:00,777.48,777.48,777.39,777.39,-0.01,63.9,48934.27,-1
2025-04-16,2025-04-16 11:57:00,777.39,777.39,777.29,777.29,-0.01,63.9,48934.27,-1
2025-04-16,2025-04-16 11:58:00,777.29,777.29,777.19,777.19,-0.01,63.9,48934.27,-1
2025-04-16,2025-04-16 11:59:00,777.19,777.19,777.09,777.09,-0.01,63.9,48934.27,-1
2025-04-16,2025-04-16 12:00:00,777.09,777.09,776.99,776.99,-0.01,63.9,48934.27,-1
2025-04-16,2025-04-16 12:01:00,776.99,776.99,776.89,776.89,-0.01,63.9,48934.27,-1
2025-04-16,2025-04-16 12:02:00,776.89,776.89,776.79,776.79,-0.01,63.9,48934.27,-1
2025-04-16,2025-04-16 12:03:00,776.79,776.79,776.7,776.7,-0.01,63.9,48934.27,-1
2025-04-16,2025-04-16 12:04:00,776.7,776.7,776.6,776.6,-0.01,63.9,48934.27,-1
2025-04-16,2025-04-16 12:05:00,776.6,776.6,776.5,776.5,-0.01,63.9,48934.27,-1
2025-04-16,2025-04-16 12:06:00,776.5,776.5,776.4,776.4,-0.01,63.9,48934.27,-1
2025-04-16,2025-04-16 12:07:00,776.4,776.4,776.3,776.3,-0.01,63.9,48934.27,-1
2025-04-16,2025-04-16 12:08:00,776.3,776.3,776.2,776.2,-0.01,63.9,48934.27,-1
2025-04-16,2025-04-16 12:09:00,776.2,776.2,776.11,776.11,-0.01,63.9,48934.27,-1
2025-04-16,2025-04-16 12:10:00,776.11,776.11,776.01,776.01,-0.01,63.9,48934.27,-1
2025-04-16,2025-04-16 12:11:00,776.01,776.01,775.91,775.91,-0.01,63.9,48934.27,-1
2025-04-16,2025-04-16 12:12:00,775.91,775.91,775.81,775.81,-0.01,63.9,48934.27,-1
2025-04-16,2025-04-16 12:13:00,775.81,775.81,775.71,775.71,-0.01,63.9,48934.27,-1
2025-04-16,2025-04-16 12:14:00,775.71,775.71,775.61,775.61,-0.01,63.9,48934.27,-1
2025-04-16,2025-04-16 12:15:00,775.61,775.61,775.51,775.51,-0.01,63.9,48934.27,-1
2025-04-16,2025-04-16 12:16:00,775.51,775.51,775.42,775.42,-0.01,63.9,48934.27,-1
2025-04-16,2025-04-16 12:17:00,775.42,775.42,775.32,775.32,-0.01,63.9,48934.27,-1
2025-04-16,2025-04-16 12:18:00,775.32,775.32,775.22,775.22,-0.01,63.9,48934.27,-1
2025-04-16,2025-04-16 12:19:00,775.22,775.22,775.12,775.12,-0.01,63.9,48934.27,-1
2025-04-16,2025-04-16 12:20:00,775.12,775.12,775.02,775.02,-0.01,63.9,48934.27,-1
2025-04-16,2025-04-16 12:21:00,775.02,775.02,774.92,774.92,-0.01,63.9,48934.27,-1
2025-04-16,2025-04-16 12:22:00,774.92,774.92,774.82,774.82,-0.01,63.9,48934.27,-1
2025-04-16,2025-04-16 12:23:00,774.82,774.82,774.73,774.73,-0.01,63.9,48934.27,-1
2025-04-16,2025-04-16 12:24:00,774.73,774.73,774.63,774.63,-0.01,63.9,48934.27,-1
2025-04-16,2025-04-16 12:25:00,774.63,774.63,774.53,774.53,-0.01,63.9,48934.27,-1
2025-04-16,2025-04-16 12:26:00,774.53,774.53,774.43,774.43,-0.01,63.9,48934.27,-1
2025-04-16,2025-04-16 12:27:00,774.43,774.43,774.33,774.33,-0.01,63.9,48934.27,-1
2025-04-16,2025-04-16 12:28:00,774.33,774.33,774.23,774.23,-0.01,63.9,48934.27,-1
2025-04-16,2025-04-16 12:29:00,774.23,774.23,774.13,774.13,-0.01,63.9,48934.27,-1
2025-04-16,2025-04-16 12:30:00,774.13,774.13,774.04,774.04,-0.01,63.9,48934.27,-1
2025-04-16,2025-04-16 12:31:00,774.04,774.04,773.94,773.94,-0.01,63.9,48934.27,-1
2025-04-16,2025-04-16 12:32:00,773.94,773.94,773.84,773.84,-0.01,63.9,48934.27,-1
2025-04-16,2025-04-16 12:33:00,773.84,773.84,773.74,773.74,-0.01,63.9,48934.27,-1
2025-04-16,2025-04-16 12:34:00,773.74,773.74,773.64,773.64,-0.01,63.9,48934.27,-1
2025-04-16,2025-04-16 12:35:00,773.64,773.64,773.54,773.54,-0.01,63.9,48934.27,-1
2025-04-16,2025-04-16 12:36:00,773.54,773.54,773.45,773.45,-0.01,63.9,48934.27,-1
2025-04-16,2025-04-16 12:37:00,773.45,773.45,773.35,773.35,-0.01,63.9,48934.27,-1
2025-04-16,2025-04-16 12:38:00,773.35,773.35,773.25,773.25,-0.01,63.9,48934.27,-1
2025-04-16,2025-04-16 12:39:00,773.25,773.25,773.15,773.15,-0.01,63.9,48934.27,-1
2025-04-16,2025-04-16 12:40:00,773.15,773.15,773.05,773.05,-0.01,63.9,48934.27,-1
2025-04-16,2025-04-16 12:41:00,773.05,773.05,772.95,772.95,-0.01,63.9,48934.27,-1
2025-04-16,2025-04-16 12:42:00,772.95,772.95,772.85,772.85,-0.01,63.9,48934.27,-1
2025-04-16,2025-04-16 12:43:00,772.85,772.85,772.76,772.76,-0.01,63.9,48934.27,-1
2025-04-16,2025-04-16 12:44:00,772.76,772.76,772.66,772.66,-0.01,63.9,48934.27,-1
2025-04-16,2025-04-16 12:45:00,772.66,772.66,772.56,772.56,-0.01,63.9,48934.27,-1
2025-04-16,2025-04-16 12:46:00,772.56,772.56,772.46,772.46,-0.01,63.9,48934.27,-1
2025-04-16,2025-04-16 12:47:00,772.46,772.46,772.36,772.36,-0.01,63.9,48934.27,-1
2025-04-16,2025-04-16 12:48:00,772.36,772.36,772.26,772.26,-0.01,63.9,48934.27,-1
2025-04-16,2025-04-16 12:49:00,772.26,772.26,772.16,772.16,-0.01,63.9,48934.27,-1
2025-04-16,2025-04-16 12:50:00,772.16,772.16,772.07,772.07,-0.01,63.9,48934.27,-1
2025-04-16,2025-04-16 12:51:00,772.07,772.07,771.97,771.97,-0.01,63.9,48934.27,-1
2025-04-16,2025-04-16 12:52:00,771.97,771.97,771.87,771.87,-0.01,63.9,48934.27,-1
2025-04-16,2025-04-16 12:53:00,771.87,771.87,771.77,771.77,-0.01,63.9,48934.27,-1
2025-04-16,2025-04-16 12:54:00,771.77,771.77,771.67,771.67,-0.01,63.9,48934.27,-1
2025-04-16,2025-04-16 12:55:00,771.67,771.67,771.57,771.57,-0.01,63.9,48934.27,-1
2025-04-16,2025-04-16 12:56:00,771.57,771.57,771.48,771.48,-0.01,63.9,48934.27,-1
2025-04-16,2025-04-16 12:57:00,771.48,771.48,771.38,771.38,-0.01,63.9,48934.27,-1
2025-04-16,2025-04-16 12:58:00,771.38,771.38,771.28,771.28,-0.01,63.9,48934.27,-1
2025-04-16,2025-04-16 12:59:00,771.28,771.28,771.18,771.18,-0.01,63.9,48934.27,-1
2025-04-16,2025-04-16 13:00:00,771.18,798.6,758.0,771.08,-0.01,63.9,48934.27,-1
2025-04-16,2025-04-16 13:01:00,771.08,771.08,770.98,770.98,-0.01,63.9,48934.27,-1
2025-04-16,2025-04-16 13:02:00,770.98,770.98,770.88,770.88,-0.01,63.9,48934.27,-1
2025-04-16,2025-04-16 13:03:00,770.88,770.88,770.79,770.79,-0.01,63.9,48934.27,-1
2025-04-16,2025-04-16 13:04:00,770.79,770.79,770.69,770.69,-0.01,63.9,48934.27,-1
2025-04-16,2025-04-16 13:05:00,770.69,770.69,770.59,770.59,-0.01,63.9,48934.27,-1
2025-04-16,2025-04-16 13:06:00,770.59,770.59,770.49,770.49,-0.01,63.9,48934.27,-1
2025-04-16,2025-04-16 13:07:00,770.49,770.49,770.39,770.39,-0.01,63.9,48934.27,-1
2025-04-16,2025-04-16 13:08:00,770.39,770.39,770.29,770.29,-0.01,63.9,48934.27,-1
2025-04-16,2025-04-16 13:09:00,770.29,770.29,770.2,770.2,-0.01,63.9,48934.27,-1
2025-04-16,2025-04-16 13:10:00,770.2,770.2,770.1,770.1,-0.01,63.9,48934.27,-1
2025-04-16,2025-04-16 13:11:00,770.1,770.1,770.0,770.0,-0.01,63.9,48934.27,-1
2025-04-16,2025-04-16 13:12:00,770.0,770.0,769.9,769.9,-0.01,63.9,48934.27,-1
2025-04-16,2025-04-16 13:13:00,769.9,769.9,769.8,769.8,-0.01,63.9,48934.27,-1
2025-04-16,2025-04-16 13:14:00,769.8,769.8,769.7,769.7,-0.01,63.9,48934.27,-1
2025-04-16,2025-04-16 13:15:00,769.7,769.7,769.6,769.6,-0.01,63.9,48934.27,-1
2025-04-16,2025-04-16 13:16:00,769.6,769.6,769.51,769.51,-0.01,63.9,48934.27,-1
2025-04-16,2025-04-16 13:17:00,769.51,769.51,769.41,769.41,-0.01,63.9,48934.27,-1
2025-04-16,2025-04-16 13:18:00,769.41,769.41,769.31,769.31,-0.01,63.9,48934.27,-1
2025-04-16,2025-04-16 13:19:00,769.31,769.31,769.21,769.21,-0.01,63.9,48934.27,-1
2025-04-16,2025-04-16 13:20:00,769.21,769.21,769.11,769.11,-0.01,63.9,48934.27,-1
2025-04-16,2025-04-16 13:21:00,769.11,769.11,769.01,769.01,-0.01,63.9,48934.27,-1
2025-04-16,2025-04-16 13:22:00,769.01,769.01,768.91,768.91,-0.01,63.9,48934.27,-1
2025-04-16,2025-04-16 13:23:00,768.91,768.91,768.82,768.82,-0.01,63.9,48934.27,-1
2025-04-16,2025-04-16 13:24:00,768.82,768.82,768.72,768.72,-0.01,63.9,48934.27,-1
2025-04-16,2025-04-16 13:25:00,768.72,768.72,768.62,768.62,-0.01,63.9,48934.27,-1
2025-04-16,2025-04-16 13:26:00,768.62,768.62,768.52,768.52,-0.01,63.9,48934.27,-1
2025-04-16,2025-04-16 13:27:00,768.52,768.52,768.42,768.42,-0.01,63.9,48934.27,-1
2025-04-16,2025-04-16 13:28:00,768.42,768.42,768.32,768.32,-0.01,63.9,48934.27,-1
2025-04-16,2025-04-16 13:29:00,768.32,768.32,768.23,768.23,-0.01,63.9,48934.27,-1
2025-04-16,2025-04-16 13:30:00,768.23,768.23,768.13,768.13,-0.01,63.9,48934.27,-1
2025-04-16,2025-04-16 13:31:00,768.13,768.13,768.03,768.03,-0.01,63.9,48934.27,-1
2025-04-16,2025-04-16 13:32:00,768.03,768.03,767.93,767.93,-0.01,63.9,48934.27,-1
2025-04-16,2025-04-16 13:33:00,767.93,767.93,767.83,767.83,-0.01,63.9,48934.27,-1
2025-04-16,2025-04-16 13:34:00,767.83,767.83,767.73,767.73,-0.01,63.9,48934.27,-1
2025-04-16,2025-04-16 13:35:00,767.73,767.73,767.63,767.63,-0.01,63.9,48934.27,-1
2025-04-16,2025-04-16 13:36:00,767.63,767.63,767.54,767.54,-0.01,63.9,48934.27,-1
2025-04-16,2025-04-16 13:37:00,767.54,767.54,767.44,767.44,-0.01,63.9,48934.27,-1
2025-04-16,2025-04-16 13:38:00,767.44,767.44,767.34,767.34,-0.01,63.9,48934.27,-1
2025-04-16,2025-04-16 13:39:00,767.34,767.34,767.24,767.24,-0.01,63.9,48934.27,-1
2025-04-16,2025-04-16 13:40:00,767.24,767.24,767.14,767.14,-0.01,63.9,48934.27,-1
2025-04-16,2025-04-16 13:41:00,767.14,767.14,767.04,767.04,-0.01,63.9,48934.27,-1
2025-04-16,2025-04-16 13:42:00,767.04,767.04,766.94,766.94,-0.01,63.9,48934.27,-1
2025-04-16,2025-04-16 13:43:00,766.94,766.94,766.85,766.85,-0.01,63.9,48934.27,-1
2025-04-16,2025-04-16 13:44:00,766.85,766.85,766.75,766.75,-0.01,63.9,48934.27,-1
2025-04-16,2025-04-16 13:45:00,766.75,766.75,766.65,766.65,-0.01,63.9,48934.27,-1
2025-04-16,2025-04-16 13:46:00,766.65,766.65,766.55,766.55,-0.01,63.9,48934.27,-1
2025-04-16,2025-04-16 13:47:00,766.55,766.55,766.45,766.45,-0.01,63.9,48934.27,-1
2025-04-16,2025-04-16 13:48:00,766.45,766.45,766.35,766.35,-0.01,63.9,48934.27,-1
2025-04-16,2025-04-16 13:49:00,766.35,766.35,766.25,766.25,-0.01,63.9,48934.27,-1
2025-04-16,2025-04-16 13:50:00,766.25,766.25,766.16,766.16,-0.01,63.9,48934.27,-1
2025-04-16,2025-04-16 13:51:00,766.16,766.16,766.06,766.06,-0.01,63.9,48934.27,-1
2025-04-16,2025-04-16 13:52:00,766.06,766.06,765.96,765.96,-0.01,63.9,48934.27,-1
2025-04-16,2025-04-16 13:53:00,765.96,765.96,765.86,765.86,-0.01,63.9,48934.27,-1
2025-04-16,2025-04-16 13:54:00,765.86,765.86,765.76,765.76,-0.01,63.9,48934.27,-1
2025-04-16,2025-04-16 13:55:00,765.76,765.76,765.66,765.66,-0.01,63.9,48934.27,-1
2025-04-16,2025-04-16 13:56:00,765.66,765.66,765.57,765.57,-0.01,63.9,48934.27,-1
2025-04-16,2025-04-16 13:57:00,765.57,765.57,765.47,765.47,-0.01,63.9,48934.27,-1
2025-04-16,2025-04-16 13:58:00,765.47,765.47,765.37,765.37,-0.01,63.9,48934.27,-1
2025-04-16,2025-04-16 13:59:00,765.37,765.37,765.27,765.27,-0.01,63.9,48934.27,-1
2025-04-16,2025-04-16 14:00:00,765.27,765.27,765.17,765.17,-0.01,63.9,48934.27,-1
2025-04-16,2025-04-16 14:01:00,765.17,765.17,765.07,765.07,-0.01,63.9,48934.27,-1
2025-04-16,2025-04-16 14:02:00,765.07,765.07,764.97,764.97,-0.01,63.9,48934.27,-1
2025-04-16,2025-04-16 14:03:00,764.97,764.97,764.88,764.88,-0.01,63.9,48934.27,-1
2025-04-16,2025-04-16 14:04:00,764.88,764.88,764.78,764.78,-0.01,63.9,48934.27,-1
2025-04-16,2025-04-16 14:05:00,764.78,764.78,764.68,764.68,-0.01,63.9,48934.27,-1
2025-04-16,2025-04-16 14:06:00,764.68,764.68,764.58,764.58,-0.01,63.9,48934.27,-1
2025-04-16,2025-04-16 14:07:00,764.58,764.58,764.48,764.48,-0.01,63.9,48934.27,-1
2025-04-16,2025-04-16 14:08:00,764.48,764.48,764.38,764.38,-0.01,63.9,48934.27,-1
2025-04-16,2025-04-16 14:09:00,764.38,764.38,764.28,764.28,-0.01,63.9,48934.27,-1
2025-04-16,2025-04-16 14:10:00,764.28,764.28,764.19,764.19,-0.01,63.9,48934.27,-1
2025-04-16,2025-04-16 14:11:00,764.19,764.19,764.09,764.09,-0.01,63.9,48934.27,-1
2025-04-16,2025-04-16 14:12:00,764.09,764.09,763.99,763.99,-0.01,63.9,48934.27,-1
2025-04-16,2025-04-16 14:13:00,763.99,763.99,763.89,763.89,-0.01,63.9,48934.27,-1
2025-04-16,2025-04-16 14:14:00,763.89,763.89,763.79,763.79,-0.01,63.9,48934.27,-1
2025-04-16,2025-04-16 14:15:00,763.79,763.79,763.69,763.69,-0.01,63.9,48934.27,-1
2025-04-16,2025-04-16 14:16:00,763.69,763.69,763.6,763.6,-0.01,63.9,48934.27,-1
2025-04-16,2025-04-16 14:17:00,763.6,763.6,763.5,763.5,-0.01,63.9,48934.27,-1
2025-04-16,2025-04-16 14:18:00,763.5,763.5,763.4,763.4,-0.01,63.9,48934.27,-1
2025-04-16,2025-04-16 14:19:00,763.4,763.4,763.3,763.3,-0.01,63.9,48934.27,-1
2025-04-16,2025-04-16 14:20:00,763.3,763.3,763.2,763.2,-0.01,63.9,48934.27,-1
2025-04-16,2025-04-16 14:21:00,763.2,763.2,763.1,763.1,-0.01,63.9,48934.27,-1
2025-04-16,2025-04-16 14:22:00,763.1,763.1,763.0,763.0,-0.01,63.9,48934.27,-1
2025-04-16,2025-04-16 14:23:00,763.0,763.0,762.91,762.91,-0.01,63.9,48934.27,-1
2025-04-16,2025-04-16 14:24:00,762.91,762.91,762.81,762.81,-0.01,63.9,48934.27,-1
2025-04-16,2025-04-16 14:25:00,762.81,762.81,762.71,762.71,-0.01,63.9,48934.27,-1
2025-04-16,2025-04-16 14:26:00,762.71,762.71,762.61,762.61,-0.01,63.9,48934.27,-1
2025-04-16,2025-04-16 14:27:00,762.61,762.61,762.51,762.51,-0.01,63.9,48934.27,-1
2025-04-16,2025-04-16 14:28:00,762.51,762.51,762.41,762.41,-0.01,63.9,48934.27,-1
2025-04-16,2025-04-16 14:29:00,762.41,762.41,762.32,762.32,-0.01,63.9,48934.27,-1
2025-04-16,2025-04-16 14:30:00,762.32,762.32,762.22,762.22,-0.01,63.9,48934.27,-1
2025-04-16,2025-04-16 14:31:00,762.22,762.22,762.12,762.12,-0.01,63.9,48934.27,-1
2025-04-16,2025-04-16 14:32:00,762.12,762.12,762.02,762.02,-0.01,63.9,48934.27,-1
2025-04-16,2025-04-16 14:33:00,762.02,762.02,761.92,761.92,-0.01,63.9,48934.27,-1
2025-04-16,2025-04-16 14:34:00,761.92,761.92,761.82,761.82,-0.01,63.9,48934.27,-1
2025-04-16,2025-04-16 14:35:00,761.82,761.82,761.72,761.72,-0.01,63.9,48934.27,-1
2025-04-16,2025-04-16 14:36:00,761.72,761.72,761.63,761.63,-0.01,63.9,48934.27,-1
2025-04-16,2025-04-16 14:37:00,761.63,761.63,761.53,761.53,-0.01,63.9,48934.27,-1
2025-04-16,2025-04-16 14:38:00,761.53,761.53,761.43,761.43,-0.01,63.9,48934.27,-1
2025-04-16,2025-04-16 14:39:00,761.43,761.43,761.33,761.33,-0.01,63.9,48934.27,-1
2025-04-16,2025-04-16 14:40:00,761.33,761.33,761.23,761.23,-0.01,63.9,48934.27,-1
2025-04-16,2025-04-16 14:41:00,761.23,761.23,761.13,761.13,-0.01,63.9,48934.27,-1
2025-04-16,2025-04-16 14:42:00,761.13,761.13,761.03,761.03,-0.01,63.9,48934.27,-1
2025-04-16,2025-04-16 14:43:00,761.03,761.03,760.94,760.94,-0.01,63.9,48934.27,-1
2025-04-16,2025-04-16 14:44:00,760.94,760.94,760.84,760.84,-0.01,63.9,48934.27,-1
2025-04-16,2025-04-16 14:45:00,760.84,760.84,760.74,760.74,-0.01,63.9,48934.27,-1
2025-04-16,2025-04-16 14:46:00,760.74,760.74,760.64,760.64,-0.01,63.9,48934.27,-1
2025-04-16,2025-04-16 14:47:00,760.64,760.64,760.54,760.54,-0.01,63.9,48934.27,-1
2025-04-16,2025-04-16 14:48:00,760.54,760.54,760.44,760.44,-0.01,63.9,48934.27,-1
2025-04-16,2025-04-16 14:49:00,760.44,760.44,760.35,760.35,-0.01,63.9,48934.27,-1
2025-04-16,2025-04-16 14:50:00,760.35,760.35,760.25,760.25,-0.01,63.9,48934.27,-1
2025-04-16,2025-04-16 14:51:00,760.25,760.25,760.15,760.15,-0.01,63.9,48934.27,-1
2025-04-16,2025-04-16 14:52:00,760.15,760.15,760.05,760.05,-0.01,63.9,48934.27,-1
2025-04-16,2025-04-16 14:53:00,760.05,760.05,759.95,759.95,-0.01,63.9,48934.27,-1
2025-04-16,2025-04-16 14:54:00,759.95,759.95,759.85,759.85,-0.01,63.9,48934.27,-1
2025-04-16,2025-04-16 14:55:00,759.85,759.85,759.75,759.75,-0.01,63.9,48934.27,-1
2025-04-16,2025-04-16 14:56:00,759.75,759.75,759.66,759.66,-0.01,63.9,48934.27,-1
2025-04-16,2025-04-16 14:57:00,759.66,759.66,759.56,759.56,-0.01,63.9,48934.27,-1
2025-04-16,2025-04-16 14:58:00,759.56,759.56,759.46,759.46,-0.01,63.9,48934.27,-1
2025-04-16,2025-04-16 14:59:00,759.46,759.46,759.36,759.36,-0.01,63.9,48934.27,-1
2025-04-16,2025-04-16 15:00:00,759.36,798.6,758.0,759.36,0.0,63.9,48934.27,0
2025-04-17,2025-04-17 11:00:00,773.0,773.0,759.5,772.89,-0.01,107.92,81324.66,-1
2025-04-17,2025-04-17 11:01:00,772.89,772.89,772.78,772.78,-0.01,107.92,81324.66,-1
2025-04-17,2025-04-17 11:02:00,772.78,772.78,772.67,772.67,-0.01,107.92,81324.66,-1
2025-04-17,2025-04-17 11:03:00,772.67,772.67,772.56,772.56,-0.01,107.92,81324.66,-1
2025-04-17,2025-04-17 11:04:00,772.56,772.56,772.45,772.45,-0.01,107.92,81324.66,-1
2025-04-17,2025-04-17 11:05:00,772.45,772.45,772.34,772.34,-0.01,107.92,81324.66,-1
2025-04-17,2025-04-17 11:06:00,772.34,772.34,772.22,772.22,-0.02,107.92,81324.66,-1
2025-04-17,2025-04-17 11:07:00,772.22,772.22,772.11,772.11,-0.01,107.92,81324.66,-1
2025-04-17,2025-04-17 11:08:00,772.11,772.11,772.0,772.0,-0.01,107.92,81324.66,-1
2025-04-17,2025-04-17 11:09:00,772.0,772.0,771.89,771.89,-0.01,107.92,81324.66,-1
2025-04-17,2025-04-17 11:10:00,771.89,771.89,771.78,771.78,-0.01,107.92,81324.66,-1
2025-04-17,2025-04-17 11:11:00,771.78,771.78,771.67,771.67,-0.01,107.92,81324.66,-1
2025-04-17,2025-04-17 11:12:00,771.67,771.67,771.56,771.56,-0.01,107.92,81324.66,-1
2025-04-17,2025-04-17 11:13:00,771.56,771.56,771.45,771.45,-0.01,107.92,81324.66,-1
2025-04-17,2025-04-17 11:14:00,771.45,771.45,771.34,771.34,-0.01,107.92,81324.66,-1
2025-04-17,2025-04-17 11:15:00,771.34,771.34,771.23,771.23,-0.01,107.92,81324.66,-1
2025-04-17,2025-04-17 11:16:00,771.23,771.23,771.12,771.12,-0.01,107.92,81324.66,-1
2025-04-17,2025-04-17 11:17:00,771.12,771.12,771.0,771.0,-0.02,107.92,81324.66,-1
2025-04-17,2025-04-17 11:18:00,771.0,771.0,770.89,770.89,-0.01,107.92,81324.66,-1
2025-04-17,2025-04-17 11:19:00,770.89,770.89,770.78,770.78,-0.01,107.92,81324.66,-1
2025-04-17,2025-04-17 11:20:00,770.78,770.78,770.67,770.67,-0.01,107.92,81324.66,-1
2025-04-17,2025-04-17 11:21:00,770.67,770.67,770.56,770.56,-0.01,107.92,81324.66,-1
2025-04-17,2025-04-17 11:22:00,770.56,770.56,770.45,770.45,-0.01,107.92,81324.66,-1
2025-04-17,2025-04-17 11:23:00,770.45,770.45,770.34,770.34,-0.01,107.92,81324.66,-1
2025-04-17,2025-04-17 11:24:00,770.34,770.34,770.23,770.23,-0.01,107.92,81324.66,-1
2025-04-17,2025-04-17 11:25:00,770.23,770.23,770.12,770.12,-0.01,107.92,81324.66,-1
2025-04-17,2025-04-17 11:26:00,770.12,770.12,770.01,770.01,-0.01,107.92,81324.66,-1
2025-04-17,2025-04-17 11:27:00,770.01,770.01,769.9,769.9,-0.01,107.92,81324.66,-1
2025-04-17,2025-04-17 11:28:00,769.9,769.9,769.79,769.79,-0.01,107.92,81324.66,-1
2025-04-17,2025-04-17 11:29:00,769.79,769.79,769.67,769.67,-0.02,107.92,81324.66,-1
2025-04-17,2025-04-17 11:30:00,769.67,769.67,769.56,769.56,-0.01,107.92,81324.66,-1
2025-04-17,2025-04-17 11:31:00,769.56,769.56,769.45,769.45,-0.01,107.92,81324.66,-1
2025-04-17,2025-04-17 11:32:00,769.45,769.45,769.34,769.34,-0.01,107.92,81324.66,-1
2025-04-17,2025-04-17 11:33:00,769.34,769.34,769.23,769.23,-0.01,107.92,81324.66,-1
2025-04-17,2025-04-17 11:34:00,769.23,769.23,769.12,769.12,-0.01,107.92,81324.66,-1
2025-04-17,2025-04-17 11:35:00,769.12,769.12,769.01,769.01,-0.01,107.92,81324.66,-1
2025-04-17,2025-04-17 11:36:00,769.01,769.01,768.9,768.9,-0.01,107.92,81324.66,-1
2025-04-17,2025-04-17 11:37:00,768.9,768.9,768.79,768.79,-0.01,107.92,81324.66,-1
2025-04-17,2025-04-17 11:38:00,768.79,768.79,768.68,768.68,-0.01,107.92,81324.66,-1
2025-04-17,2025-04-17 11:39:00,768.68,768.68,768.57,768.57,-0.01,107.92,81324.66,-1
2025-04-17,2025-04-17 11:40:00,768.57,768.57,768.46,768.46,-0.01,107.92,81324.66,-1
2025-04-17,2025-04-17 11:41:00,768.46,768.46,768.35,768.35,-0.01,107.92,81324.66,-1
2025-04-17,2025-04-17 11:42:00,768.35,768.35,768.23,768.23,-0.02,107.92,81324.66,-1
2025-04-17,2025-04-17 11:43:00,768.23,768.23,768.12,768.12,-0.01,107.92,81324.66,-1
2025-04-17,2025-04-17 11:44:00,768.12,768.12,768.01,768.01,-0.01,107.92,81324.66,-1
2025-04-17,2025-04-17 11:45:00,768.01,768.01,767.9,767.9,-0.01,107.92,81324.66,-1
2025-04-17,2025-04-17 11:46:00,767.9,767.9,767.79,767.79,-0.01,107.92,81324.66,-1
2025-04-17,2025-04-17 11:47:00,767.79,767.79,767.68,767.68,-0.01,107.92,81324.66,-1
2025-04-17,2025-04-17 11:48:00,767.68,767.68,767.57,767.57,-0.01,107.92,81324.66,-1
2025-04-17,2025-04-17 11:49:00,767.57,767.57,767.46,767.46,-0.01,107.92,81324.66,-1
2025-04-17,2025-04-17 11:50:00,767.46,767.46,767.35,767.35,-0.01,107.92,81324.66,-1
2025-04-17,2025-04-17 11:51:00,767.35,767.35,767.24,767.24,-0.01,107.92,81324.66,-1
2025-04-17,2025-04-17 11:52:00,767.24,767.24,767.13,767.13,-0.01,107.92,81324.66,-1
2025-04-17,2025-04-17 11:53:00,767.13,767.13,767.01,767.01,-0.02,107.92,81324.66,-1
2025-04-17,2025-04-17 11:54:00,767.01,767.01,766.9,766.9,-0.01,107.92,81324.66,-1
2025-04-17,2025-04-17 11:55:00,766.9,766.9,766.79,766.79,-0.01,107.92,81324.66,-1
2025-04-17,2025-04-17 11:56:00,766.79,766.79,766.68,766.68,-0.01,107.92,81324.66,-1
2025-04-17,2025-04-17 11:57:00,766.68,766.68,766.57,766.57,-0.01,107.92,81324.66,-1
2025-04-17,2025-04-17 11:58:00,766.57,766.57,766.46,766.46,-0.01,107.92,81324.66,-1
2025-04-17,2025-04-17 11:59:00,766.46,766.46,766.35,766.35,-0.01,107.92,81324.66,-1
2025-04-17,2025-04-17 12:00:00,766.35,766.35,766.24,766.24,-0.01,107.92,81324.66,-1
2025-04-17,2025-04-17 12:01:00,766.24,766.24,766.13,766.13,-0.01,107.92,81324.66,-1
2025-04-17,2025-04-17 12:02:00,766.13,766.13,766.02,766.02,-0.01,107.92,81324.66,-1
2025-04-17,2025-04-17 12:03:00,766.02,766.02,765.91,765.91,-0.01,107.92,81324.66,-1
2025-04-17,2025-04-17 12:04:00,765.91,765.91,765.8,765.8,-0.01,107.92,81324.66,-1
2025-04-17,2025-04-17 12:05:00,765.8,765.8,765.68,765.68,-0.02,107.92,81324.66,-1
2025-04-17,2025-04-17 12:06:00,765.68,765.68,765.57,765.57,-0.01,107.92,81324.66,-1
2025-04-17,2025-04-17 12:07:00,765.57,765.57,765.46,765.46,-0.01,107.92,81324.66,-1
2025-04-17,2025-04-17 12:08:00,765.46,765.46,765.35,765.35,-0.01,107.92,81324.66,-1
2025-04-17,2025-04-17 12:09:00,765.35,765.35,765.24,765.24,-0.01,107.92,81324.66,-1
2025-04-17,2025-04-17 12:10:00,765.24,765.24,765.13,765.13,-0.01,107.92,81324.66,-1
2025-04-17,2025-04-17 12:11:00,765.13,765.13,765.02,765.02,-0.01,107.92,81324.66,-1
2025-04-17,2025-04-17 12:12:00,765.02,765.02,764.91,764.91,-0.01,107.92,81324.66,-1
2025-04-17,2025-04-17 12:13:00,764.91,764.91,764.8,764.8,-0.01,107.92,81324.66,-1
2025-04-17,2025-04-17 12:14:00,764.8,764.8,764.69,764.69,-0.01,107.92,81324.66,-1
2025-04-17,2025-04-17 12:15:00,764.69,764.69,764.58,764.58,-0.01,107.92,81324.66,-1
2025-04-17,2025-04-17 12:16:00,764.58,764.58,764.47,764.47,-0.01,107.92,81324.66,-1
2025-04-17,2025-04-17 12:17:00,764.47,764.47,764.36,764.36,-0.01,107.92,81324.66,-1
2025-04-17,2025-04-17 12:18:00,764.36,764.36,764.24,764.24,-0.02,107.92,81324.66,-1
2025-04-17,2025-04-17 12:19:00,764.24,764.24,764.13,764.13,-0.01,107.92,81324.66,-1
2025-04-17,2025-04-17 12:20:00,764.13,764.13,764.02,764.02,-0.01,107.92,81324.66,-1
2025-04-17,2025-04-17 12:21:00,764.02,764.02,763.91,763.91,-0.01,107.92,81324.66,-1
2025-04-17,2025-04-17 12:22:00,763.91,763.91,763.8,763.8,-0.01,107.92,81324.66,-1
2025-04-17,2025-04-17 12:23:00,763.8,763.8,763.69,763.69,-0.01,107.92,81324.66,-1
2025-04-17,2025-04-17 12:24:00,763.69,763.69,763.58,763.58,-0.01,107.92,81324.66,-1
2025-04-17,2025-04-17 12:25:00,763.58,763.58,763.47,763.47,-0.01,107.92,81324.66,-1
2025-04-17,2025-04-17 12:26:00,763.47,763.47,763.36,763.36,-0.01,107.92,81324.66,-1
2025-04-17,2025-04-17 12:27:00,763.36,763.36,763.25,763.25,-0.01,107.92,81324.66,-1
2025-04-17,2025-04-17 12:28:00,763.25,763.25,763.14,763.14,-0.01,107.92,81324.66,-1
2025-04-17,2025-04-17 12:29:00,763.14,763.14,763.02,763.02,-0.02,107.92,81324.66,-1
2025-04-17,2025-04-17 12:30:00,763.02,763.02,762.91,762.91,-0.01,107.92,81324.66,-1
2025-04-17,2025-04-17 12:31:00,762.91,762.91,762.8,762.8,-0.01,107.92,81324.66,-1
2025-04-17,2025-04-17 12:32:00,762.8,762.8,762.69,762.69,-0.01,107.92,81324.66,-1
2025-04-17,2025-04-17 12:33:00,762.69,762.69,762.58,762.58,-0.01,107.92,81324.66,-1
2025-04-17,2025-04-17 12:34:00,762.58,762.58,762.47,762.47,-0.01,107.92,81324.66,-1
2025-04-17,2025-04-17 12:35:00,762.47,762.47,762.36,762.36,-0.01,107.92,81324.66,-1
2025-04-17,2025-04-17 12:36:00,762.36,762.36,762.25,762.25,-0.01,107.92,81324.66,-1
2025-04-17,2025-04-17 12:37:00,762.25,762.25,762.14,762.14,-0.01,107.92,81324.66,-1
2025-04-17,2025-04-17 12:38:00,762.14,762.14,762.03,762.03,-0.01,107.92,81324.66,-1
2025-04-17,2025-04-17 12:39:00,762.03,762.03,761.92,761.92,-0.01,107.92,81324.66,-1
2025-04-17,2025-04-17 12:40:00,761.92,761.92,761.81,761.81,-0.01,107.92,81324.66,-1
2025-04-17,2025-04-17 12:41:00,761.81,761.81,761.69,761.69,-0.02,107.92,81324.66,-1
2025-04-17,2025-04-17 12:42:00,761.69,761.69,761.58,761.58,-0.01,107.92,81324.66,-1
2025-04-17,2025-04-17 12:43:00,761.58,761.58,761.47,761.47,-0.01,107.92,81324.66,-1
2025-04-17,2025-04-17 12:44:00,761.47,761.47,761.36,761.36,-0.01,107.92,81324.66,-1
2025-04-17,2025-04-17 12:45:00,761.36,761.36,761.25,761.25,-0.01,107.92,81324.66,-1
2025-04-17,2025-04-17 12:46:00,761.25,761.25,761.14,761.14,-0.01,107.92,81324.66,-1
2025-04-17,2025-04-17 12:47:00,761.14,761.14,761.03,761.03,-0.01,107.92,81324.66,-1
2025-04-17,2025-04-17 12:48:00,761.03,761.03,760.92,760.92,-0.01,107.92,81324.66,-1
2025-04-17,2025-04-17 12:49:00,760.92,760.92,760.81,760.81,-0.01,107.92,81324.66,-1
2025-04-17,2025-04-17 12:50:00,760.81,760.81,760.7,760.7,-0.01,107.92,81324.66,-1
2025-04-17,2025-04-17 12:51:00,760.7,760.7,760.59,760.59,-0.01,107.92,81324.66,-1
2025-04-17,2025-04-17 12:52:00,760.59,760.59,760.48,760.48,-0.01,107.92,81324.66,-1
2025-04-17,2025-04-17 12:53:00,760.48,760.48,760.37,760.37,-0.01,107.92,81324.66,-1
2025-04-17,2025-04-17 12:54:00,760.37,760.37,760.25,760.25,-0.02,107.92,81324.66,-1
2025-04-17,2025-04-17 12:55:00,760.25,760.25,760.14,760.14,-0.01,107.92,81324.66,-1
2025-04-17,2025-04-17 12:56:00,760.14,760.14,760.03,760.03,-0.01,107.92,81324.66,-1
2025-04-17,2025-04-17 12:57:00,760.03,760.03,759.92,759.92,-0.01,107.92,81324.66,-1
2025-04-17,2025-04-17 12:58:00,759.92,759.92,759.81,759.81,-0.01,107.92,81324.66,-1
2025-04-17,2025-04-17 12:59:00,759.81,759.81,759.7,759.7,-0.01,107.92,81324.66,-1
2025-04-17,2025-04-17 13:00:00,759.7,773.0,728.0,759.59,-0.01,107.92,81324.66,-1
2025-04-17,2025-04-17 13:01:00,759.59,759.59,759.48,759.48,-0.01,107.92,81324.66,-1
2025-04-17,2025-04-17 13:02:00,759.48,759.48,759.37,759.37,-0.01,107.92,81324.66,-1
2025-04-17,2025-04-17 13:03:00,759.37,759.37,759.26,759.26,-0.01,107.92,81324.66,-1
2025-04-17,2025-04-17 13:04:00,759.26,759.26,759.15,759.15,-0.01,107.92,81324.66,-1
2025-04-17,2025-04-17 13:05:00,759.15,759.15,759.03,759.03,-0.02,107.92,81324.66,-1
2025-04-17,2025-04-17 13:06:00,759.03,759.03,758.92,758.92,-0.01,107.92,81324.66,-1
2025-04-17,2025-04-17 13:07:00,758.92,758.92,758.81,758.81,-0.01,107.92,81324.66,-1
2025-04-17,2025-04-17 13:08:00,758.81,758.81,758.7,758.7,-0.01,107.92,81324.66,-1
2025-04-17,2025-04-17 13:09:00,758.7,758.7,758.59,758.59,-0.01,107.92,81324.66,-1
2025-04-17,2025-04-17 13:10:00,758.59,758.59,758.48,758.48,-0.01,107.92,81324.66,-1
2025-04-17,2025-04-17 13:11:00,758.48,758.48,758.37,758.37,-0.01,107.92,81324.66,-1
2025-04-17,2025-04-17 13:12:00,758.37,758.37,758.26,758.26,-0.01,107.92,81324.66,-1
2025-04-17,2025-04-17 13:13:00,758.26,758.26,758.15,758.15,-0.01,107.92,81324.66,-1
2025-04-17,2025-04-17 13:14:00,758.15,758.15,758.04,758.04,-0.01,107.92,81324.66,-1
2025-04-17,2025-04-17 13:15:00,758.04,758.04,757.93,757.93,-0.01,107.92,81324.66,-1
2025-04-17,2025-04-17 13:16:00,757.93,757.93,757.82,757.82,-0.01,107.92,81324.66,-1
2025-04-17,2025-04-17 13:17:00,757.82,757.82,757.71,757.71,-0.01,107.92,81324.66,-1
2025-04-17,2025-04-17 13:18:00,757.71,757.71,757.59,757.59,-0.02,107.92,81324.66,-1
2025-04-17,2025-04-17 13:19:00,757.59,757.59,757.48,757.48,-0.01,107.92,81324.66,-1
2025-04-17,2025-04-17 13:20:00,757.48,757.48,757.37,757.37,-0.01,107.92,81324.66,-1
2025-04-17,2025-04-17 13:21:00,757.37,757.37,757.26,757.26,-0.01,107.92,81324.66,-1
2025-04-17,2025-04-17 13:22:00,757.26,757.26,757.15,757.15,-0.01,107.92,81324.66,-1
2025-04-17,2025-04-17 13:23:00,757.15,757.15,757.04,757.04,-0.01,107.92,81324.66,-1
2025-04-17,2025-04-17 13:24:00,757.04,757.04,756.93,756.93,-0.01,107.92,81324.66,-1
2025-04-17,2025-04-17 13:25:00,756.93,756.93,756.82,756.82,-0.01,107.92,81324.66,-1
2025-04-17,2025-04-17 13:26:00,756.82,756.82,756.71,756.71,-0.01,107.92,81324.66,-1
2025-04-17,2025-04-17 13:27:00,756.71,756.71,756.6,756.6,-0.01,107.92,81324.66,-1
2025-04-17,2025-04-17 13:28:00,756.6,756.6,756.49,756.49,-0.01,107.92,81324.66,-1
2025-04-17,2025-04-17 13:29:00,756.49,756.49,756.38,756.38,-0.01,107.92,81324.66,-1
2025-04-17,2025-04-17 13:30:00,756.38,756.38,756.26,756.26,-0.02,107.92,81324.66,-1
2025-04-17,2025-04-17 13:31:00,756.26,756.26,756.15,756.15,-0.01,107.92,81324.66,-1
2025-04-17,2025-04-17 13:32:00,756.15,756.15,756.04,756.04,-0.01,107.92,81324.66,-1
2025-04-17,2025-04-17 13:33:00,756.04,756.04,755.93,755.93,-0.01,107.92,81324.66,-1
2025-04-17,2025-04-17 13:34:00,755.93,755.93,755.82,755.82,-0.01,107.92,81324.66,-1
2025-04-17,2025-04-17 13:35:00,755.82,755.82,755.71,755.71,-0.01,107.92,81324.66,-1
2025-04-17,2025-04-17 13:36:00,755.71,755.71,755.6,755.6,-0.01,107.92,81324.66,-1
2025-04-17,2025-04-17 13:37:00,755.6,755.6,755.49,755.49,-0.01,107.92,81324.66,-1
2025-04-17,2025-04-17 13:38:00,755.49,755.49,755.38,755.38,-0.01,107.92,81324.66,-1
2025-04-17,2025-04-17 13:39:00,755.38,755.38,755.27,755.27,-0.01,107.92,81324.66,-1
2025-04-17,2025-04-17 13:40:00,755.27,755.27,755.16,755.16,-0.01,107.92,81324.66,-1
2025-04-17,2025-04-17 13:41:00,755.16,755.16,755.04,755.04,-0.02,107.92,81324.66,-1
2025-04-17,2025-04-17 13:42:00,755.04,755.04,754.93,754.93,-0.01,107.92,81324.66,-1
2025-04-17,2025-04-17 13:43:00,754.93,754.93,754.82,754.82,-0.01,107.92,81324.66,-1
2025-04-17,2025-04-17 13:44:00,754.82,754.82,754.71,754.71,-0.01,107.92,81324.66,-1
2025-04-17,2025-04-17 13:45:00,754.71,754.71,754.6,754.6,-0.01,107.92,81324.66,-1
2025-04-17,2025-04-17 13:46:00,754.6,754.6,754.49,754.49,-0.01,107.92,81324.66,-1
2025-04-17,2025-04-17 13:47:00,754.49,754.49,754.38,754.38,-0.01,107.92,81324.66,-1
2025-04-17,2025-04-17 13:48:00,754.38,754.38,754.27,754.27,-0.01,107.92,81324.66,-1
2025-04-17,2025-04-17 13:49:00,754.27,754.27,754.16,754.16,-0.01,107.92,81324.66,-1
2025-04-17,2025-04-17 13:50:00,754.16,754.16,754.05,754.05,-0.01,107.92,81324.66,-1
2025-04-17,2025-04-17 13:51:00,754.05,754.05,753.94,753.94,-0.01,107.92,81324.66,-1
2025-04-17,2025-04-17 13:52:00,753.94,753.94,753.83,753.83,-0.01,107.92,81324.66,-1
2025-04-17,2025-04-17 13:53:00,753.83,753.83,753.72,753.72,-0.01,107.92,81324.66,-1
2025-04-17,2025-04-17 13:54:00,753.72,753.72,753.6,753.6,-0.02,107.92,81324.66,-1
2025-04-17,2025-04-17 13:55:00,753.6,753.6,753.49,753.49,-0.01,107.92,81324.66,-1
2025-04-17,2025-04-17 13:56:00,753.49,753.49,753.38,753.38,-0.01,107.92,81324.66,-1
2025-04-17,2025-04-17 13:57:00,753.38,753.38,753.27,753.27,-0.01,107.92,81324.66,-1
2025-04-17,2025-04-17 13:58:00,753.27,753.27,753.16,753.16,-0.01,107.92,81324.66,-1
2025-04-17,2025-04-17 13:59:00,753.16,753.16,753.05,753.05,-0.01,107.92,81324.66,-1
2025-04-17,2025-04-17 14:00:00,753.05,753.05,752.94,752.94,-0.01,107.92,81324.66,-1
2025-04-17,2025-04-17 14:01:00,752.94,752.94,752.83,752.83,-0.01,107.92,81324.66,-1
2025-04-17,2025-04-17 14:02:00,752.83,752.83,752.72,752.72,-0.01,107.92,81324.66,-1
2025-04-17,2025-04-17 14:03:00,752.72,752.72,752.61,752.61,-0.01,107.92,81324.66,-1
2025-04-17,2025-04-17 14:04:00,752.61,752.61,752.5,752.5,-0.01,107.92,81324.66,-1
2025-04-17,2025-04-17 14:05:00,752.5,752.5,752.38,752.38,-0.02,107.92,81324.66,-1
2025-04-17,2025-04-17 14:06:00,752.38,752.38,752.27,752.27,-0.01,107.92,81324.66,-1
2025-04-17,2025-04-17 14:07:00,752.27,752.27,752.16,752.16,-0.01,107.92,81324.66,-1
2025-04-17,2025-04-17 14:08:00,752.16,752.16,752.05,752.05,-0.01,107.92,81324.66,-1
2025-04-17,2025-04-17 14:09:00,752.05,752.05,751.94,751.94,-0.01,107.92,81324.66,-1
2025-04-17,2025-04-17 14:10:00,751.94,751.94,751.83,751.83,-0.01,107.92,81324.66,-1
2025-04-17,2025-04-17 14:11:00,751.83,751.83,751.72,751.72,-0.01,107.92,81324.66,-1
2025-04-17,2025-04-17 14:12:00,751.72,751.72,751.61,751.61,-0.01,107.92,81324.66,-1
2025-04-17,2025-04-17 14:13:00,751.61,751.61,751.5,751.5,-0.01,107.92,81324.66,-1
2025-04-17,2025-04-17 14:14:00,751.5,751.5,751.39,751.39,-0.01,107.92,81324.66,-1
2025-04-17,2025-04-17 14:15:00,751.39,751.39,751.28,751.28,-0.01,107.92,81324.66,-1
2025-04-17,2025-04-17 14:16:00,751.28,751.28,751.17,751.17,-0.01,107.92,81324.66,-1
2025-04-17,2025-04-17 14:17:00,751.17,751.17,751.05,751.05,-0.02,107.92,81324.66,-1
2025-04-17,2025-04-17 14:18:00,751.05,751.05,750.94,750.94,-0.01,107.92,81324.66,-1
2025-04-17,2025-04-17 14:19:00,750.94,750.94,750.83,750.83,-0.01,107.92,81324.66,-1
2025-04-17,2025-04-17 14:20:00,750.83,750.83,750.72,750.72,-0.01,107.92,81324.66,-1
2025-04-17,2025-04-17 14:21:00,750.72,750.72,750.61,750.61,-0.01,107.92,81324.66,-1
2025-04-17,2025-04-17 14:22:00,750.61,750.61,750.5,750.5,-0.01,107.92,81324.66,-1
2025-04-17,2025-04-17 14:23:00,750.5,750.5,750.39,750.39,-0.01,107.92,81324.66,-1
2025-04-17,2025-04-17 14:24:00,750.39,750.39,750.28,750.28,-0.01,107.92,81324.66,-1
2025-04-17,2025-04-17 14:25:00,750.28,750.28,750.17,750.17,-0.01,107.92,81324.66,-1
2025-04-17,2025-04-17 14:26:00,750.17,750.17,750.06,750.06,-0.01,107.92,81324.66,-1
2025-04-17,2025-04-17 14:27:00,750.06,750.06,749.95,749.95,-0.01,107.92,81324.66,-1
2025-04-17,2025-04-17 14:28:00,749.95,749.95,749.84,749.84,-0.01,107.92,81324.66,-1
2025-04-17,2025-04-17 14:29:00,749.84,749.84,749.73,749.73,-0.01,107.92,81324.66,-1
2025-04-17,2025-04-17 14:30:00,749.73,749.73,749.61,749.61,-0.02,107.92,81324.66,-1
2025-04-17,2025-04-17 14:31:00,749.61,749.61,749.5,749.5,-0.01,107.92,81324.66,-1
2025-04-17,2025-04-17 14:32:00,749.5,749.5,749.39,749.39,-0.01,107.92,81324.66,-1
2025-04-17,2025-04-17 14:33:00,749.39,749.39,749.28,749.28,-0.01,107.92,81324.66,-1
2025-04-17,2025-04-17 14:34:00,749.28,749.28,749.17,749.17,-0.01,107.92,81324.66,-1
2025-04-17,2025-04-17 14:35:00,749.17,749.17,749.06,749.06,-0.01,107.92,81324.66,-1
2025-04-17,2025-04-17 14:36:00,749.06,749.06,748.95,748.95,-0.01,107.92,81324.66,-1
2025-04-17,2025-04-17 14:37:00,748.95,748.95,748.84,748.84,-0.01,107.92,81324.66,-1
2025-04-17,2025-04-17 14:38:00,748.84,748.84,748.73,748.73,-0.01,107.92,81324.66,-1
2025-04-17,2025-04-17 14:39:00,748.73,748.73,748.62,748.62,-0.01,107.92,81324.66,-1
2025-04-17,2025-04-17 14:40:00,748.62,748.62,748.51,748.51,-0.01,107.92,81324.66,-1
2025-04-17,2025-04-17 14:41:00,748.51,748.51,748.39,748.39,-0.02,107.92,81324.66,-1
2025-04-17,2025-04-17 14:42:00,748.39,748.39,748.28,748.28,-0.01,107.92,81324.66,-1
2025-04-17,2025-04-17 14:43:00,748.28,748.28,748.17,748.17,-0.01,107.92,81324.66,-1
2025-04-17,2025-04-17 14:44:00,748.17,748.17,748.06,748.06,-0.01,107.92,81324.66,-1
2025-04-17,2025-04-17 14:45:00,748.06,748.06,747.95,747.95,-0.01,107.92,81324.66,-1
2025-04-17,2025-04-17 14:46:00,747.95,747.95,747.84,747.84,-0.01,107.92,81324.66,-1
2025-04-17,2025-04-17 14:47:00,747.84,747.84,747.73,747.73,-0.01,107.92,81324.66,-1
2025-04-17,2025-04-17 14:48:00,747.73,747.73,747.62,747.62,-0.01,107.92,81324.66,-1
2025-04-17,2025-04-17 14:49:00,747.62,747.62,747.51,747.51,-0.01,107.92,81324.66,-1
2025-04-17,2025-04-17 14:50:00,747.51,747.51,747.4,747.4,-0.01,107.92,81324.66,-1
2025-04-17,2025-04-17 14:51:00,747.4,747.4,747.29,747.29,-0.01,107.92,81324.66,-1
2025-04-17,2025-04-17 14:52:00,747.29,747.29,747.18,747.18,-0.01,107.92,81324.66,-1
2025-04-17,2025-04-17 14:53:00,747.18,747.18,747.06,747.06,-0.02,107.92,81324.66,-1
2025-04-17,2025-04-17 14:54:00,747.06,747.06,746.95,746.95,-0.01,107.92,81324.66,-1
2025-04-17,2025-04-17 14:55:00,746.95,746.95,746.84,746.84,-0.01,107.92,81324.66,-1
2025-04-17,2025-04-17 14:56:00,746.84,746.84,746.73,746.73,-0.01,107.92,81324.66,-1
2025-04-17,2025-04-17 14:57:00,746.73,746.73,746.62,746.62,-0.01,107.92,81324.66,-1
2025-04-17,2025-04-17 14:58:00,746.62,746.62,746.51,746.51,-0.01,107.92,81324.66,-1
2025-04-17,2025-04-17 14:59:00,746.51,746.51,746.4,746.4,-0.01,107.92,81324.66,-1
2025-04-17,2025-04-17 15:00:00,746.4,773.0,728.0,746.4,0.0,107.92,81324.66,0
2025-04-20,2025-04-20 11:00:00,735.0,736.5,729.9,734.97,-0.0,86.22,62712.79,-1
2025-04-20,2025-04-20 11:01:00,734.97,734.97,734.94,734.94,-0.0,86.22,62712.79,-1
2025-04-20,2025-04-20 11:02:00,734.94,734.94,734.91,734.91,-0.0,86.22,62712.79,-1
2025-04-20,2025-04-20 11:03:00,734.91,734.91,734.89,734.89,-0.0,86.22,62712.79,-1
2025-04-20,2025-04-20 11:04:00,734.89,734.89,734.86,734.86,-0.0,86.22,62712.79,-1
2025-04-20,2025-04-20 11:05:00,734.86,734.86,734.83,734.83,-0.0,86.22,62712.79,-1
2025-04-20,2025-04-20 11:06:00,734.83,734.83,734.8,734.8,-0.0,86.22,62712.79,-1
2025-04-20,2025-04-20 11:07:00,734.8,734.8,734.77,734.77,-0.0,86.22,62712.79,-1
2025-04-20,2025-04-20 11:08:00,734.77,734.77,734.74,734.74,-0.0,86.22,62712.79,-1
2025-04-20,2025-04-20 11:09:00,734.74,734.74,734.72,734.72,-0.0,86.22,62712.79,-1
2025-04-20,2025-04-20 11:10:00,734.72,734.72,734.69,734.69,-0.0,86.22,62712.79,-1
2025-04-20,2025-04-20 11:11:00,734.69,734.69,734.66,734.66,-0.0,86.22,62712.79,-1
2025-04-20,2025-04-20 11:12:00,734.66,734.66,734.63,734.63,-0.0,86.22,62712.79,-1
2025-04-20,2025-04-20 11:13:00,734.63,734.63,734.6,734.6,-0.0,86.22,62712.79,-1
2025-04-20,2025-04-20 11:14:00,734.6,734.6,734.57,734.57,-0.0,86.22,62712.79,-1
2025-04-20,2025-04-20 11:15:00,734.57,734.57,734.55,734.55,-0.0,86.22,62712.79,-1
2025-04-20,2025-04-20 11:16:00,734.55,734.55,734.52,734.52,-0.0,86.22,62712.79,-1
2025-04-20,2025-04-20 11:17:00,734.52,734.52,734.49,734.49,-0.0,86.22,62712.79,-1
2025-04-20,2025-04-20 11:18:00,734.49,734.49,734.46,734.46,-0.0,86.22,62712.79,-1
2025-04-20,2025-04-20 11:19:00,734.46,734.46,734.43,734.43,-0.0,86.22,62712.79,-1
2025-04-20,2025-04-20 11:20:00,734.43,734.43,734.4,734.4,-0.0,86.22,62712.79,-1
2025-04-20,2025-04-20 11:21:00,734.4,734.4,734.37,734.37,-0.0,86.22,62712.79,-1
2025-04-20,2025-04-20 11:22:00,734.37,734.37,734.35,734.35,-0.0,86.22,62712.79,-1
2025-04-20,2025-04-20 11:23:00,734.35,734.35,734.32,734.32,-0.0,86.22,62712.79,-1
2025-04-20,2025-04-20 11:24:00,734.32,734.32,734.29,734.29,-0.0,86.22,62712.79,-1
2025-04-20,2025-04-20 11:25:00,734.29,734.29,734.26,734.26,-0.0,86.22,62712.79,-1
2025-04-20,2025-04-20 11:26:00,734.26,734.26,734.23,734.23,-0.0,86.22,62712.79,-1
2025-04-20,2025-04-20 11:27:00,734.23,734.23,734.2,734.2,-0.0,86.22,62712.79,-1
2025-04-20,2025-04-20 11:28:00,734.2,734.2,734.18,734.18,-0.0,86.22,62712.79,-1
2025-04-20,2025-04-20 11:29:00,734.18,734.18,734.15,734.15,-0.0,86.22,62712.79,-1
2025-04-20,2025-04-20 11:30:00,734.15,734.15,734.12,734.12,-0.0,86.22,62712.79,-1
2025-04-20,2025-04-20 11:31:00,734.12,734.12,734.09,734.09,-0.0,86.22,62712.79,-1
2025-04-20,2025-04-20 11:32:00,734.09,734.09,734.06,734.06,-0.0,86.22,62712.79,-1
2025-04-20,2025-04-20 11:33:00,734.06,734.06,734.03,734.03,-0.0,86.22,62712.79,-1
2025-04-20,2025-04-20 11:34:00,734.03,734.03,734.01,734.01,-0.0,86.22,62712.79,-1
2025-04-20,2025-04-20 11:35:00,734.01,734.01,733.98,733.98,-0.0,86.22,62712.79,-1
2025-04-20,2025-04-20 11:36:00,733.98,733.98,733.95,733.95,-0.0,86.22,62712.79,-1
2025-04-20,2025-04-20 11:37:00,733.95,733.95,733.92,733.92,-0.0,86.22,62712.79,-1
2025-04-20,2025-04-20 11:38:00,733.92,733.92,733.89,733.89,-0.0,86.22,62712.79,-1
2025-04-20,2025-04-20 11:39:00,733.89,733.89,733.86,733.86,-0.0,86.22,62712.79,-1
2025-04-20,2025-04-20 11:40:00,733.86,733.86,733.83,733.83,-0.0,86.22,62712.79,-1
2025-04-20,2025-04-20 11:41:00,733.83,733.83,733.81,733.81,-0.0,86.22,62712.79,-1
2025-04-20,2025-04-20 11:42:00,733.81,733.81,733.78,733.78,-0.0,86.22,62712.79,-1
2025-04-20,2025-04-20 11:43:00,733.78,733.78,733.75,733.75,-0.0,86.22,62712.79,-1
2025-04-20,2025-04-20 11:44:00,733.75,733.75,733.72,733.72,-0.0,86.22,62712.79,-1
2025-04-20,2025-04-20 11:45:00,733.72,733.72,733.69,733.69,-0.0,86.22,62712.79,-1
2025-04-20,2025-04-20 11:46:00,733.69,733.69,733.66,733.66,-0.0,86.22,62712.79,-1
2025-04-20,2025-04-20 11:47:00,733.66,733.66,733.64,733.64,-0.0,86.22,62712.79,-1
2025-04-20,2025-04-20 11:48:00,733.64,733.64,733.61,733.61,-0.0,86.22,62712.79,-1
2025-04-20,2025-04-20 11:49:00,733.61,733.61,733.58,733.58,-0.0,86.22,62712.79,-1
2025-04-20,2025-04-20 11:50:00,733.58,733.58,733.55,733.55,-0.0,86.22,62712.79,-1
2025-04-20,2025-04-20 11:51:00,733.55,733.55,733.52,733.52,-0.0,86.22,62712.79,-1
2025-04-20,2025-04-20 11:52:00,733.52,733.52,733.49,733.49,-0.0,86.22,62712.79,-1
2025-04-20,2025-04-20 11:53:00,733.49,733.49,733.47,733.47,-0.0,86.22,62712.79,-1
2025-04-20,2025-04-20 11:54:00,733.47,733.47,733.44,733.44,-0.0,86.22,62712.79,-1
2025-04-20,2025-04-20 11:55:00,733.44,733.44,733.41,733.41,-0.0,86.22,62712.79,-1
2025-04-20,2025-04-20 11:56:00,733.41,733.41,733.38,733.38,-0.0,86.22,62712.79,-1
2025-04-20,2025-04-20 11:57:00,733.38,733.38,733.35,733.35,-0.0,86.22,62712.79,-1
2025-04-20,2025-04-20 11:58:00,733.35,733.35,733.32,733.32,-0.0,86.22,62712.79,-1
2025-04-20,2025-04-20 11:59:00,733.32,733.32,733.29,733.29,-0.0,86.22,62712.79,-1
2025-04-20,2025-04-20 12:00:00,733.29,733.29,733.27,733.27,-0.0,86.22,62712.79,-1
2025-04-20,2025-04-20 12:01:00,733.27,733.27,733.24,733.24,-0.0,86.22,62712.79,-1
2025-04-20,2025-04-20 12:02:00,733.24,733.24,733.21,733.21,-0.0,86.22,62712.79,-1
2025-04-20,2025-04-20 12:03:00,733.21,733.21,733.18,733.18,-0.0,86.22,62712.79,-1
2025-04-20,2025-04-20 12:04:00,733.18,733.18,733.15,733.15,-0.0,86.22,62712.79,-1
2025-04-20,2025-04-20 12:05:00,733.15,733.15,733.12,733.12,-0.0,86.22,62712.79,-1
2025-04-20,2025-04-20 12:06:00,733.12,733.12,733.1,733.1,-0.0,86.22,62712.79,-1
2025-04-20,2025-04-20 12:07:00,733.1,733.1,733.07,733.07,-0.0,86.22,62712.79,-1
2025-04-20,2025-04-20 12:08:00,733.07,733.07,733.04,733.04,-0.0,86.22,62712.79,-1
2025-04-20,2025-04-20 12:09:00,733.04,733.04,733.01,733.01,-0.0,86.22,62712.79,-1
2025-04-20,2025-04-20 12:10:00,733.01,733.01,732.98,732.98,-0.0,86.22,62712.79,-1
2025-04-20,2025-04-20 12:11:00,732.98,732.98,732.95,732.95,-0.0,86.22,62712.79,-1
2025-04-20,2025-04-20 12:12:00,732.95,732.95,732.93,732.93,-0.0,86.22,62712.79,-1
2025-04-20,2025-04-20 12:13:00,732.93,732.93,732.9,732.9,-0.0,86.22,62712.79,-1
2025-04-20,2025-04-20 12:14:00,732.9,732.9,732.87,732.87,-0.0,86.22,62712.79,-1
2025-04-20,2025-04-20 12:15:00,732.87,732.87,732.84,732.84,-0.0,86.22,62712.79,-1
2025-04-20,2025-04-20 12:16:00,732.84,732.84,732.81,732.81,-0.0,86.22,62712.79,-1
2025-04-20,2025-04-20 12:17:00,732.81,732.81,732.78,732.78,-0.0,86.22,62712.79,-1
2025-04-20,2025-04-20 12:18:00,732.78,732.78,732.76,732.76,-0.0,86.22,62712.79,-1
2025-04-20,2025-04-20 12:19:00,732.76,732.76,732.73,732.73,-0.0,86.22,62712.79,-1
2025-04-20,2025-04-20 12:20:00,732.73,732.73,732.7,732.7,-0.0,86.22,62712.79,-1
2025-04-20,2025-04-20 12:21:00,732.7,732.7,732.67,732.67,-0.0,86.22,62712.79,-1
2025-04-20,2025-04-20 12:22:00,732.67,732.67,732.64,732.64,-0.0,86.22,62712.79,-1
2025-04-20,2025-04-20 12:23:00,732.64,732.64,732.61,732.61,-0.0,86.22,62712.79,-1
2025-04-20,2025-04-20 12:24:00,732.61,732.61,732.58,732.58,-0.0,86.22,62712.79,-1
2025-04-20,2025-04-20 12:25:00,732.58,732.58,732.56,732.56,-0.0,86.22,62712.79,-1
2025-04-20,2025-04-20 12:26:00,732.56,732.56,732.53,732.53,-0.0,86.22,62712.79,-1
2025-04-20,2025-04-20 12:27:00,732.53,732.53,732.5,732.5,-0.0,86.22,62712.79,-1
2025-04-20,2025-04-20 12:28:00,732.5,732.5,732.47,732.47,-0.0,86.22,62712.79,-1
2025-04-20,2025-04-20 12:29:00,732.47,732.47,732.44,732.44,-0.0,86.22,62712.79,-1
2025-04-20,2025-04-20 12:30:00,732.44,732.44,732.41,732.41,-0.0,86.22,62712.79,-1
2025-04-20,2025-04-20 12:31:00,732.41,732.41,732.39,732.39,-0.0,86.22,62712.79,-1
2025-04-20,2025-04-20 12:32:00,732.39,732.39,732.36,732.36,-0.0,86.22,62712.79,-1
2025-04-20,2025-04-20 12:33:00,732.36,732.36,732.33,732.33,-0.0,86.22,62712.79,-1
2025-04-20,2025-04-20 12:34:00,732.33,732.33,732.3,732.3,-0.0,86.22,62712.79,-1
2025-04-20,2025-04-20 12:35:00,732.3,732.3,732.27,732.27,-0.0,86.22,62712.79,-1
2025-04-20,2025-04-20 12:36:00,732.27,732.27,732.24,732.24,-0.0,86.22,62712.79,-1
2025-04-20,2025-04-20 12:37:00,732.24,732.24,732.22,732.22,-0.0,86.22,62712.79,-1
2025-04-20,2025-04-20 12:38:00,732.22,732.22,732.19,732.19,-0.0,86.22,62712.79,-1
2025-04-20,2025-04-20 12:39:00,732.19,732.19,732.16,732.16,-0.0,86.22,62712.79,-1
2025-04-20,2025-04-20 12:40:00,732.16,732.16,732.13,732.13,-0.0,86.22,62712.79,-1
2025-04-20,2025-04-20 12:41:00,732.13,732.13,732.1,732.1,-0.0,86.22,62712.79,-1
2025-04-20,2025-04-20 12:42:00,732.1,732.1,732.07,732.07,-0.0,86.22,62712.79,-1
2025-04-20,2025-04-20 12:43:00,732.07,732.07,732.04,732.04,-0.0,86.22,62712.79,-1
2025-04-20,2025-04-20 12:44:00,732.04,732.04,732.02,732.02,-0.0,86.22,62712.79,-1
2025-04-20,2025-04-20 12:45:00,732.02,732.02,731.99,731.99,-0.0,86.22,62712.79,-1
2025-04-20,2025-04-20 12:46:00,731.99,731.99,731.96,731.96,-0.0,86.22,62712.79,-1
2025-04-20,2025-04-20 12:47:00,731.96,731.96,731.93,731.93,-0.0,86.22,62712.79,-1
2025-04-20,2025-04-20 12:48:00,731.93,731.93,731.9,731.9,-0.0,86.22,62712.79,-1
2025-04-20,2025-04-20 12:49:00,731.9,731.9,731.87,731.87,-0.0,86.22,62712.79,-1
2025-04-20,2025-04-20 12:50:00,731.87,731.87,731.85,731.85,-0.0,86.22,62712.79,-1
2025-04-20,2025-04-20 12:51:00,731.85,731.85,731.82,731.82,-0.0,86.22,62712.79,-1
2025-04-20,2025-04-20 12:52:00,731.82,731.82,731.79,731.79,-0.0,86.22,62712.79,-1
2025-04-20,2025-04-20 12:53:00,731.79,731.79,731.76,731.76,-0.0,86.22,62712.79,-1
2025-04-20,2025-04-20 12:54:00,731.76,731.76,731.73,731.73,-0.0,86.22,62712.79,-1
2025-04-20,2025-04-20 12:55:00,731.73,731.73,731.7,731.7,-0.0,86.22,62712.79,-1
2025-04-20,2025-04-20 12:56:00,731.7,731.7,731.68,731.68,-0.0,86.22,62712.79,-1
2025-04-20,2025-04-20 12:57:00,731.68,731.68,731.65,731.65,-0.0,86.22,62712.79,-1
2025-04-20,2025-04-20 12:58:00,731.65,731.65,731.62,731.62,-0.0,86.22,62712.79,-1
2025-04-20,2025-04-20 12:59:00,731.62,731.62,731.59,731.59,-0.0,86.22,62712.79,-1
2025-04-20,2025-04-20 13:00:00,731.59,740.0,718.0,731.56,-0.0,86.22,62712.79,-1
2025-04-20,2025-04-20 13:01:00,731.56,731.56,731.53,731.53,-0.0,86.22,62712.79,-1
2025-04-20,2025-04-20 13:02:00,731.53,731.53,731.5,731.5,-0.0,86.22,62712.79,-1
2025-04-20,2025-04-20 13:03:00,731.5,731.5,731.48,731.48,-0.0,86.22,62712.79,-1
2025-04-20,2025-04-20 13:04:00,731.48,731.48,731.45,731.45,-0.0,86.22,62712.79,-1
2025-04-20,2025-04-20 13:05:00,731.45,731.45,731.42,731.42,-0.0,86.22,62712.79,-1
2025-04-20,2025-04-20 13:06:00,731.42,731.42,731.39,731.39,-0.0,86.22,62712.79,-1
2025-04-20,2025-04-20 13:07:00,731.39,731.39,731.36,731.36,-0.0,86.22,62712.79,-1
2025-04-20,2025-04-20 13:08:00,731.36,731.36,731.33,731.33,-0.0,86.22,62712.79,-1
2025-04-20,2025-04-20 13:09:00,731.33,731.33,731.31,731.31,-0.0,86.22,62712.79,-1
2025-04-20,2025-04-20 13:10:00,731.31,731.31,731.28,731.28,-0.0,86.22,62712.79,-1
2025-04-20,2025-04-20 13:11:00,731.28,731.28,731.25,731.25,-0.0,86.22,62712.79,-1
2025-04-20,2025-04-20 13:12:00,731.25,731.25,731.22,731.22,-0.0,86.22,62712.79,-1
2025-04-20,2025-04-20 13:13:00,731.22,731.22,731.19,731.19,-0.0,86.22,62712.79,-1
2025-04-20,2025-04-20 13:14:00,731.19,731.19,731.16,731.16,-0.0,86.22,62712.79,-1
2025-04-20,2025-04-20 13:15:00,731.16,731.16,731.14,731.14,-0.0,86.22,62712.79,-1
2025-04-20,2025-04-20 13:16:00,731.14,731.14,731.11,731.11,-0.0,86.22,62712.79,-1
2025-04-20,2025-04-20 13:17:00,731.11,731.11,731.08,731.08,-0.0,86.22,62712.79,-1
2025-04-20,2025-04-20 13:18:00,731.08,731.08,731.05,731.05,-0.0,86.22,62712.79,-1
2025-04-20,2025-04-20 13:19:00,731.05,731.05,731.02,731.02,-0.0,86.22,62712.79,-1
2025-04-20,2025-04-20 13:20:00,731.02,731.02,730.99,730.99,-0.0,86.22,62712.79,-1
2025-04-20,2025-04-20 13:21:00,730.99,730.99,730.96,730.96,-0.0,86.22,62712.79,-1
2025-04-20,2025-04-20 13:22:00,730.96,730.96,730.94,730.94,-0.0,86.22,62712.79,-1
2025-04-20,2025-04-20 13:23:00,730.94,730.94,730.91,730.91,-0.0,86.22,62712.79,-1
2025-04-20,2025-04-20 13:24:00,730.91,730.91,730.88,730.88,-0.0,86.22,62712.79,-1
2025-04-20,2025-04-20 13:25:00,730.88,730.88,730.85,730.85,-0.0,86.22,62712.79,-1
2025-04-20,2025-04-20 13:26:00,730.85,730.85,730.82,730.82,-0.0,86.22,62712.79,-1
2025-04-20,2025-04-20 13:27:00,730.82,730.82,730.79,730.79,-0.0,86.22,62712.79,-1
2025-04-20,2025-04-20 13:28:00,730.79,730.79,730.77,730.77,-0.0,86.22,62712.79,-1
2025-04-20,2025-04-20 13:29:00,730.77,730.77,730.74,730.74,-0.0,86.22,62712.79,-1
2025-04-20,2025-04-20 13:30:00,730.74,730.74,730.71,730.71,-0.0,86.22,62712.79,-1
2025-04-20,2025-04-20 13:31:00,730.71,730.71,730.68,730.68,-0.0,86.22,62712.79,-1
2025-04-20,2025-04-20 13:32:00,730.68,730.68,730.65,730.65,-0.0,86.22,62712.79,-1
2025-04-20,2025-04-20 13:33:00,730.65,730.65,730.62,730.62,-0.0,86.22,62712.79,-1
2025-04-20,2025-04-20 13:34:00,730.62,730.62,730.6,730.6,-0.0,86.22,62712.79,-1
2025-04-20,2025-04-20 13:35:00,730.6,730.6,730.57,730.57,-0.0,86.22,62712.79,-1
2025-04-20,2025-04-20 13:36:00,730.57,730.57,730.54,730.54,-0.0,86.22,62712.79,-1
2025-04-20,2025-04-20 13:37:00,730.54,730.54,730.51,730.51,-0.0,86.22,62712.79,-1
2025-04-20,2025-04-20 13:38:00,730.51,730.51,730.48,730.48,-0.0,86.22,62712.79,-1
2025-04-20,2025-04-20 13:39:00,730.48,730.48,730.45,730.45,-0.0,86.22,62712.79,-1
2025-04-20,2025-04-20 13:40:00,730.45,730.45,730.42,730.42,-0.0,86.22,62712.79,-1
2025-04-20,2025-04-20 13:41:00,730.42,730.42,730.4,730.4,-0.0,86.22,62712.79,-1
2025-04-20,2025-04-20 13:42:00,730.4,730.4,730.37,730.37,-0.0,86.22,62712.79,-1
2025-04-20,2025-04-20 13:43:00,730.37,730.37,730.34,730.34,-0.0,86.22,62712.79,-1
2025-04-20,2025-04-20 13:44:00,730.34,730.34,730.31,730.31,-0.0,86.22,62712.79,-1
2025-04-20,2025-04-20 13:45:00,730.31,730.31,730.28,730.28,-0.0,86.22,62712.79,-1
2025-04-20,2025-04-20 13:46:00,730.28,730.28,730.25,730.25,-0.0,86.22,62712.79,-1
2025-04-20,2025-04-20 13:47:00,730.25,730.25,730.23,730.23,-0.0,86.22,62712.79,-1
2025-04-20,2025-04-20 13:48:00,730.23,730.23,730.2,730.2,-0.0,86.22,62712.79,-1
2025-04-20,2025-04-20 13:49:00,730.2,730.2,730.17,730.17,-0.0,86.22,62712.79,-1
2025-04-20,2025-04-20 13:50:00,730.17,730.17,730.14,730.14,-0.0,86.22,62712.79,-1
2025-04-20,2025-04-20 13:51:00,730.14,730.14,730.11,730.11,-0.0,86.22,62712.79,-1
2025-04-20,2025-04-20 13:52:00,730.11,730.11,730.08,730.08,-0.0,86.22,62712.79,-1
2025-04-20,2025-04-20 13:53:00,730.08,730.08,730.06,730.06,-0.0,86.22,62712.79,-1
2025-04-20,2025-04-20 13:54:00,730.06,730.06,730.03,730.03,-0.0,86.22,62712.79,-1
2025-04-20,2025-04-20 13:55:00,730.03,730.03,730.0,730.0,-0.0,86.22,62712.79,-1
2025-04-20,2025-04-20 13:56:00,730.0,730.0,729.97,729.97,-0.0,86.22,62712.79,-1
2025-04-20,2025-04-20 13:57:00,729.97,729.97,729.94,729.94,-0.0,86.22,62712.79,-1
2025-04-20,2025-04-20 13:58:00,729.94,729.94,729.91,729.91,-0.0,86.22,62712.79,-1
2025-04-20,2025-04-20 13:59:00,729.91,729.91,729.88,729.88,-0.0,86.22,62712.79,-1
2025-04-20,2025-04-20 14:00:00,729.88,729.88,729.86,729.86,-0.0,86.22,62712.79,-1
2025-04-20,2025-04-20 14:01:00,729.86,729.86,729.83,729.83,-0.0,86.22,62712.79,-1
2025-04-20,2025-04-20 14:02:00,729.83,729.83,729.8,729.8,-0.0,86.22,62712.79,-1
2025-04-20,2025-04-20 14:03:00,729.8,729.8,729.77,729.77,-0.0,86.22,62712.79,-1
2025-04-20,2025-04-20 14:04:00,729.77,729.77,729.74,729.74,-0.0,86.22,62712.79,-1
2025-04-20,2025-04-20 14:05:00,729.74,729.74,729.71,729.71,-0.0,86.22,62712.79,-1
2025-04-20,2025-04-20 14:06:00,729.71,729.71,729.69,729.69,-0.0,86.22,62712.79,-1
2025-04-20,2025-04-20 14:07:00,729.69,729.69,729.66,729.66,-0.0,86.22,62712.79,-1
2025-04-20,2025-04-20 14:08:00,729.66,729.66,729.63,729.63,-0.0,86.22,62712.79,-1
2025-04-20,2025-04-20 14:09:00,729.63,729.63,729.6,729.6,-0.0,86.22,62712.79,-1
2025-04-20,2025-04-20 14:10:00,729.6,729.6,729.57,729.57,-0.0,86.22,62712.79,-1
2025-04-20,2025-04-20 14:11:00,729.57,729.57,729.54,729.54,-0.0,86.22,62712.79,-1
2025-04-20,2025-04-20 14:12:00,729.54,729.54,729.52,729.52,-0.0,86.22,62712.79,-1
2025-04-20,2025-04-20 14:13:00,729.52,729.52,729.49,729.49,-0.0,86.22,62712.79,-1
2025-04-20,2025-04-20 14:14:00,729.49,729.49,729.46,729.46,-0.0,86.22,62712.79,-1
2025-04-20,2025-04-20 14:15:00,729.46,729.46,729.43,729.43,-0.0,86.22,62712.79,-1
2025-04-20,2025-04-20 14:16:00,729.43,729.43,729.4,729.4,-0.0,86.22,62712.79,-1
2025-04-20,2025-04-20 14:17:00,729.4,729.4,729.37,729.37,-0.0,86.22,62712.79,-1
2025-04-20,2025-04-20 14:18:00,729.37,729.37,729.35,729.35,-0.0,86.22,62712.79,-1
2025-04-20,2025-04-20 14:19:00,729.35,729.35,729.32,729.32,-0.0,86.22,62712.79,-1
2025-04-20,2025-04-20 14:20:00,729.32,729.32,729.29,729.29,-0.0,86.22,62712.79,-1
2025-04-20,2025-04-20 14:21:00,729.29,729.29,729.26,729.26,-0.0,86.22,62712.79,-1
2025-04-20,2025-04-20 14:22:00,729.26,729.26,729.23,729.23,-0.0,86.22,62712.79,-1
2025-04-20,2025-04-20 14:23:00,729.23,729.23,729.2,729.2,-0.0,86.22,62712.79,-1
2025-04-20,2025-04-20 14:24:00,729.2,729.2,729.17,729.17,-0.0,86.22,62712.79,-1
2025-04-20,2025-04-20 14:25:00,729.17,729.17,729.15,729.15,-0.0,86.22,62712.79,-1
2025-04-20,2025-04-20 14:26:00,729.15,729.15,729.12,729.12,-0.0,86.22,62712.79,-1
2025-04-20,2025-04-20 14:27:00,729.12,729.12,729.09,729.09,-0.0,86.22,62712.79,-1
2025-04-20,2025-04-20 14:28:00,729.09,729.09,729.06,729.06,-0.0,86.22,62712.79,-1
2025-04-20,2025-04-20 14:29:00,729.06,729.06,729.03,729.03,-0.0,86.22,62712.79,-1
2025-04-20,2025-04-20 14:30:00,729.03,729.03,729.0,729.0,-0.0,86.22,62712.79,-1
2025-04-20,2025-04-20 14:31:00,729.0,729.0,728.98,728.98,-0.0,86.22,62712.79,-1
2025-04-20,2025-04-20 14:32:00,728.98,728.98,728.95,728.95,-0.0,86.22,62712.79,-1
2025-04-20,2025-04-20 14:33:00,728.95,728.95,728.92,728.92,-0.0,86.22,62712.79,-1
2025-04-20,2025-04-20 14:34:00,728.92,728.92,728.89,728.89,-0.0,86.22,62712.79,-1
2025-04-20,2025-04-20 14:35:00,728.89,728.89,728.86,728.86,-0.0,86.22,62712.79,-1
2025-04-20,2025-04-20 14:36:00,728.86,728.86,728.83,728.83,-0.0,86.22,62712.79,-1
2025-04-20,2025-04-20 14:37:00,728.83,728.83,728.81,728.81,-0.0,86.22,62712.79,-1
2025-04-20,2025-04-20 14:38:00,728.81,728.81,728.78,728.78,-0.0,86.22,62712.79,-1
2025-04-20,2025-04-20 14:39:00,728.78,728.78,728.75,728.75,-0.0,86.22,62712.79,-1
2025-04-20,2025-04-20 14:40:00,728.75,728.75,728.72,728.72,-0.0,86.22,62712.79,-1
2025-04-20,2025-04-20 14:41:00,728.72,728.72,728.69,728.69,-0.0,86.22,62712.79,-1
2025-04-20,2025-04-20 14:42:00,728.69,728.69,728.66,728.66,-0.0,86.22,62712.79,-1
2025-04-20,2025-04-20 14:43:00,728.66,728.66,728.63,728.63,-0.0,86.22,62712.79,-1
2025-04-20,2025-04-20 14:44:00,728.63,728.63,728.61,728.61,-0.0,86.22,62712.79,-1
2025-04-20,2025-04-20 14:45:00,728.61,728.61,728.58,728.58,-0.0,86.22,62712.79,-1
2025-04-20,2025-04-20 14:46:00,728.58,728.58,728.55,728.55,-0.0,86.22,62712.79,-1
2025-04-20,2025-04-20 14:47:00,728.55,728.55,728.52,728.52,-0.0,86.22,62712.79,-1
2025-04-20,2025-04-20 14:48:00,728.52,728.52,728.49,728.49,-0.0,86.22,62712.79,-1
2025-04-20,2025-04-20 14:49:00,728.49,728.49,728.46,728.46,-0.0,86.22,62712.79,-1
2025-04-20,2025-04-20 14:50:00,728.46,728.46,728.44,728.44,-0.0,86.22,62712.79,-1
2025-04-20,2025-04-20 14:51:00,728.44,728.44,728.41,728.41,-0.0,86.22,62712.79,-1
2025-04-20,2025-04-20 14:52:00,728.41,728.41,728.38,728.38,-0.0,86.22,62712.79,-1
2025-04-20,2025-04-20 14:53:00,728.38,728.38,728.35,728.35,-0.0,86.22,62712.79,-1
2025-04-20,2025-04-20 14:54:00,728.35,728.35,728.32,728.32,-0.0,86.22,62712.79,-1
2025-04-20,2025-04-20 14:55:00,728.32,728.32,728.29,728.29,-0.0,86.22,62712.79,-1
2025-04-20,2025-04-20 14:56:00,728.29,728.29,728.27,728.27,-0.0,86.22,62712.79,-1
2025-04-20,2025-04-20 14:57:00,728.27,728.27,728.24,728.24,-0.0,86.22,62712.79,-1
2025-04-20,2025-04-20 14:58:00,728.24,728.24,728.21,728.21,-0.0,86.22,62712.79,-1
2025-04-20,2025-04-20 14:59:00,728.21,728.21,728.18,728.18,-0.0,86.22,62712.79,-1
2025-04-20,2025-04-20 15:00:00,728.18,740.0,718.0,728.18,0.0,86.22,62712.79,0
2025-04-21,2025-04-21 11:00:00,742.7,759.89,738.59,742.83,0.02,170.44,129417.84,1
2025-04-21,2025-04-21 11:01:00,742.83,742.95,742.83,742.95,0.02,170.44,129417.84,1
2025-04-21,2025-04-21 11:02:00,742.95,743.08,742.95,743.08,0.02,170.44,129417.84,1
2025-04-21,2025-04-21 11:03:00,743.08,743.21,743.08,743.21,0.02,170.44,129417.84,1
2025-04-21,2025-04-21 11:04:00,743.21,743.34,743.21,743.34,0.02,170.44,129417.84,1
2025-04-21,2025-04-21 11:05:00,743.34,743.46,743.34,743.46,0.02,170.44,129417.84,1
2025-04-21,2025-04-21 11:06:00,743.46,743.59,743.46,743.59,0.02,170.44,129417.84,1
2025-04-21,2025-04-21 11:07:00,743.59,743.72,743.59,743.72,0.02,170.44,129417.84,1
2025-04-21,2025-04-21 11:08:00,743.72,743.84,743.72,743.84,0.02,170.44,129417.84,1
2025-04-21,2025-04-21 11:09:00,743.84,743.97,743.84,743.97,0.02,170.44,129417.84,1
2025-04-21,2025-04-21 11:10:00,743.97,744.1,743.97,744.1,0.02,170.44,129417.84,1
2025-04-21,2025-04-21 11:11:00,744.1,744.23,744.1,744.23,0.02,170.44,129417.84,1
2025-04-21,2025-04-21 11:12:00,744.23,744.35,744.23,744.35,0.02,170.44,129417.84,1
2025-04-21,2025-04-21 11:13:00,744.35,744.48,744.35,744.48,0.02,170.44,129417.84,1
2025-04-21,2025-04-21 11:14:00,744.48,744.61,744.48,744.61,0.02,170.44,129417.84,1
2025-04-21,2025-04-21 11:15:00,744.61,744.74,744.61,744.74,0.02,170.44,129417.84,1
2025-04-21,2025-04-21 11:16:00,744.74,744.86,744.74,744.86,0.02,170.44,129417.84,1
2025-04-21,2025-04-21 11:17:00,744.86,744.99,744.86,744.99,0.02,170.44,129417.84,1
2025-04-21,2025-04-21 11:18:00,744.99,745.12,744.99,745.12,0.02,170.44,129417.84,1
2025-04-21,2025-04-21 11:19:00,745.12,745.24,745.12,745.24,0.02,170.44,129417.84,1
2025-04-21,2025-04-21 11:20:00,745.24,745.37,745.24,745.37,0.02,170.44,129417.84,1
2025-04-21,2025-04-21 11:21:00,745.37,745.5,745.37,745.5,0.02,170.44,129417.84,1
2025-04-21,2025-04-21 11:22:00,745.5,745.63,745.5,745.63,0.02,170.44,129417.84,1
2025-04-21,2025-04-21 11:23:00,745.63,745.75,745.63,745.75,0.02,170.44,129417.84,1
2025-04-21,2025-04-21 11:24:00,745.75,745.88,745.75,745.88,0.02,170.44,129417.84,1
2025-04-21,2025-04-21 11:25:00,745.88,746.01,745.88,746.01,0.02,170.44,129417.84,1
2025-04-21,2025-04-21 11:26:00,746.01,746.13,746.01,746.13,0.02,170.44,129417.84,1
2025-04-21,2025-04-21 11:27:00,746.13,746.26,746.13,746.26,0.02,170.44,129417.84,1
2025-04-21,2025-04-21 11:28:00,746.26,746.39,746.26,746.39,0.02,170.44,129417.84,1
2025-04-21,2025-04-21 11:29:00,746.39,746.52,746.39,746.52,0.02,170.44,129417.84,1
2025-04-21,2025-04-21 11:30:00,746.52,746.64,746.52,746.64,0.02,170.44,129417.84,1
2025-04-21,2025-04-21 11:31:00,746.64,746.77,746.64,746.77,0.02,170.44,129417.84,1
2025-04-21,2025-04-21 11:32:00,746.77,746.9,746.77,746.9,0.02,170.44,129417.84,1
2025-04-21,2025-04-21 11:33:00,746.9,747.03,746.9,747.03,0.02,170.44,129417.84,1
2025-04-21,2025-04-21 11:34:00,747.03,747.15,747.03,747.15,0.02,170.44,129417.84,1
2025-04-21,2025-04-21 11:35:00,747.15,747.28,747.15,747.28,0.02,170.44,129417.84,1
2025-04-21,2025-04-21 11:36:00,747.28,747.41,747.28,747.41,0.02,170.44,129417.84,1
2025-04-21,2025-04-21 11:37:00,747.41,747.53,747.41,747.53,0.02,170.44,129417.84,1
2025-04-21,2025-04-21 11:38:00,747.53,747.66,747.53,747.66,0.02,170.44,129417.84,1
2025-04-21,2025-04-21 11:39:00,747.66,747.79,747.66,747.79,0.02,170.44,129417.84,1
2025-04-21,2025-04-21 11:40:00,747.79,747.92,747.79,747.92,0.02,170.44,129417.84,1
2025-04-21,2025-04-21 11:41:00,747.92,748.04,747.92,748.04,0.02,170.44,129417.84,1
2025-04-21,2025-04-21 11:42:00,748.04,748.17,748.04,748.17,0.02,170.44,129417.84,1
2025-04-21,2025-04-21 11:43:00,748.17,748.3,748.17,748.3,0.02,170.44,129417.84,1
2025-04-21,2025-04-21 11:44:00,748.3,748.42,748.3,748.42,0.02,170.44,129417.84,1
2025-04-21,2025-04-21 11:45:00,748.42,748.55,748.42,748.55,0.02,170.44,129417.84,1
2025-04-21,2025-04-21 11:46:00,748.55,748.68,748.55,748.68,0.02,170.44,129417.84,1
2025-04-21,2025-04-21 11:47:00,748.68,748.81,748.68,748.81,0.02,170.44,129417.84,1
2025-04-21,2025-04-21 11:48:00,748.81,748.93,748.81,748.93,0.02,170.44,129417.84,1
2025-04-21,2025-04-21 11:49:00,748.93,749.06,748.93,749.06,0.02,170.44,129417.84,1
2025-04-21,2025-04-21 11:50:00,749.06,749.19,749.06,749.19,0.02,170.44,129417.84,1
2025-04-21,2025-04-21 11:51:00,749.19,749.31,749.19,749.31,0.02,170.44,129417.84,1
2025-04-21,2025-04-21 11:52:00,749.31,749.44,749.31,749.44,0.02,170.44,129417.84,1
2025-04-21,2025-04-21 11:53:00,749.44,749.57,749.44,749.57,0.02,170.44,129417.84,1
2025-04-21,2025-04-21 11:54:00,749.57,749.7,749.57,749.7,0.02,170.44,129417.84,1
2025-04-21,2025-04-21 11:55:00,749.7,749.82,749.7,749.82,0.02,170.44,129417.84,1
2025-04-21,2025-04-21 11:56:00,749.82,749.95,749.82,749.95,0.02,170.44,129417.84,1
2025-04-21,2025-04-21 11:57:00,749.95,750.08,749.95,750.08,0.02,170.44,129417.84,1
2025-04-21,2025-04-21 11:58:00,750.08,750.21,750.08,750.21,0.02,170.44,129417.84,1
2025-04-21,2025-04-21 11:59:00,750.21,750.33,750.21,750.33,0.02,170.44,129417.84,1
2025-04-21,2025-04-21 12:00:00,750.33,750.46,750.33,750.46,0.02,170.44,129417.84,1
2025-04-21,2025-04-21 12:01:00,750.46,750.59,750.46,750.59,0.02,170.44,129417.84,1
2025-04-21,2025-04-21 12:02:00,750.59,750.71,750.59,750.71,0.02,170.44,129417.84,1
2025-04-21,2025-04-21 12:03:00,750.71,750.84,750.71,750.84,0.02,170.44,129417.84,1
2025-04-21,2025-04-21 12:04:00,750.84,750.97,750.84,750.97,0.02,170.44,129417.84,1
2025-04-21,2025-04-21 12:05:00,750.97,751.1,750.97,751.1,0.02,170.44,129417.84,1
2025-04-21,2025-04-21 12:06:00,751.1,751.22,751.1,751.22,0.02,170.44,129417.84,1
2025-04-21,2025-04-21 12:07:00,751.22,751.35,751.22,751.35,0.02,170.44,129417.84,1
2025-04-21,2025-04-21 12:08:00,751.35,751.48,751.35,751.48,0.02,170.44,129417.84,1
2025-04-21,2025-04-21 12:09:00,751.48,751.6,751.48,751.6,0.02,170.44,129417.84,1
2025-04-21,2025-04-21 12:10:00,751.6,751.73,751.6,751.73,0.02,170.44,129417.84,1
2025-04-21,2025-04-21 12:11:00,751.73,751.86,751.73,751.86,0.02,170.44,129417.84,1
2025-04-21,2025-04-21 12:12:00,751.86,751.99,751.86,751.99,0.02,170.44,129417.84,1
2025-04-21,2025-04-21 12:13:00,751.99,752.11,751.99,752.11,0.02,170.44,129417.84,1
2025-04-21,2025-04-21 12:14:00,752.11,752.24,752.11,752.24,0.02,170.44,129417.84,1
2025-04-21,2025-04-21 12:15:00,752.24,752.37,752.24,752.37,0.02,170.44,129417.84,1
2025-04-21,2025-04-21 12:16:00,752.37,752.5,752.37,752.5,0.02,170.44,129417.84,1
2025-04-21,2025-04-21 12:17:00,752.5,752.62,752.5,752.62,0.02,170.44,129417.84,1
2025-04-21,2025-04-21 12:18:00,752.62,752.75,752.62,752.75,0.02,170.44,129417.84,1
2025-04-21,2025-04-21 12:19:00,752.75,752.88,752.75,752.88,0.02,170.44,129417.84,1
2025-04-21,2025-04-21 12:20:00,752.88,753.0,752.88,753.0,0.02,170.44,129417.84,1
2025-04-21,2025-04-21 12:21:00,753.0,753.13,753.0,753.13,0.02,170.44,129417.84,1
2025-04-21,2025-04-21 12:22:00,753.13,753.26,753.13,753.26,0.02,170.44,129417.84,1
2025-04-21,2025-04-21 12:23:00,753.26,753.39,753.26,753.39,0.02,170.44,129417.84,1
2025-04-21,2025-04-21 12:24:00,753.39,753.51,753.39,753.51,0.02,170.44,129417.84,1
2025-04-21,2025-04-21 12:25:00,753.51,753.64,753.51,753.64,0.02,170.44,129417.84,1
2025-04-21,2025-04-21 12:26:00,753.64,753.77,753.64,753.77,0.02,170.44,129417.84,1
2025-04-21,2025-04-21 12:27:00,753.77,753.89,753.77,753.89,0.02,170.44,129417.84,1
2025-04-21,2025-04-21 12:28:00,753.89,754.02,753.89,754.02,0.02,170.44,129417.84,1
2025-04-21,2025-04-21 12:29:00,754.02,754.15,754.02,754.15,0.02,170.44,129417.84,1
2025-04-21,2025-04-21 12:30:00,754.15,754.28,754.15,754.28,0.02,170.44,129417.84,1
2025-04-21,2025-04-21 12:31:00,754.28,754.4,754.28,754.4,0.02,170.44,129417.84,1
2025-04-21,2025-04-21 12:32:00,754.4,754.53,754.4,754.53,0.02,170.44,129417.84,1
2025-04-21,2025-04-21 12:33:00,754.53,754.66,754.53,754.66,0.02,170.44,129417.84,1
2025-04-21,2025-04-21 12:34:00,754.66,754.78,754.66,754.78,0.02,170.44,129417.84,1
2025-04-21,2025-04-21 12:35:00,754.78,754.91,754.78,754.91,0.02,170.44,129417.84,1
2025-04-21,2025-04-21 12:36:00,754.91,755.04,754.91,755.04,0.02,170.44,129417.84,1
2025-04-21,2025-04-21 12:37:00,755.04,755.17,755.04,755.17,0.02,170.44,129417.84,1
2025-04-21,2025-04-21 12:38:00,755.17,755.29,755.17,755.29,0.02,170.44,129417.84,1
2025-04-21,2025-04-21 12:39:00,755.29,755.42,755.29,755.42,0.02,170.44,129417.84,1
2025-04-21,2025-04-21 12:40:00,755.42,755.55,755.42,755.55,0.02,170.44,129417.84,1
2025-04-21,2025-04-21 12:41:00,755.55,755.68,755.55,755.68,0.02,170.44,129417.84,1
2025-04-21,2025-04-21 12:42:00,755.68,755.8,755.68,755.8,0.02,170.44,129417.84,1
2025-04-21,2025-04-21 12:43:00,755.8,755.93,755.8,755.93,0.02,170.44,129417.84,1
2025-04-21,2025-04-21 12:44:00,755.93,756.06,755.93,756.06,0.02,170.44,129417.84,1
2025-04-21,2025-04-21 12:45:00,756.06,756.18,756.06,756.18,0.02,170.44,129417.84,1
2025-04-21,2025-04-21 12:46:00,756.18,756.31,756.18,756.31,0.02,170.44,129417.84,1
2025-04-21,2025-04-21 12:47:00,756.31,756.44,756.31,756.44,0.02,170.44,129417.84,1
2025-04-21,2025-04-21 12:48:00,756.44,756.57,756.44,756.57,0.02,170.44,129417.84,1
2025-04-21,2025-04-21 12:49:00,756.57,756.69,756.57,756.69,0.02,170.44,129417.84,1
2025-04-21,2025-04-21 12:50:00,756.69,756.82,756.69,756.82,0.02,170.44,129417.84,1
2025-04-21,2025-04-21 12:51:00,756.82,756.95,756.82,756.95,0.02,170.44,129417.84,1
2025-04-21,2025-04-21 12:52:00,756.95,757.07,756.95,757.07,0.02,170.44,129417.84,1
2025-04-21,2025-04-21 12:53:00,757.07,757.2,757.07,757.2,0.02,170.44,129417.84,1
2025-04-21,2025-04-21 12:54:00,757.2,757.33,757.2,757.33,0.02,170.44,129417.84,1
2025-04-21,2025-04-21 12:55:00,757.33,757.46,757.33,757.46,0.02,170.44,129417.84,1
2025-04-21,2025-04-21 12:56:00,757.46,757.58,757.46,757.58,0.02,170.44,129417.84,1
2025-04-21,2025-04-21 12:57:00,757.58,757.71,757.58,757.71,0.02,170.44,129417.84,1
2025-04-21,2025-04-21 12:58:00,757.71,757.84,757.71,757.84,0.02,170.44,129417.84,1
2025-04-21,2025-04-21 12:59:00,757.84,757.97,757.84,757.97,0.02,170.44,129417.84,1
2025-04-21,2025-04-21 13:00:00,757.97,800.0,729.0,758.09,0.02,170.44,129417.84,1
2025-04-21,2025-04-21 13:01:00,758.09,758.22,758.09,758.22,0.02,170.44,129417.84,1
2025-04-21,2025-04-21 13:02:00,758.22,758.35,758.22,758.35,0.02,170.44,129417.84,1
2025-04-21,2025-04-21 13:03:00,758.35,758.47,758.35,758.47,0.02,170.44,129417.84,1
2025-04-21,2025-04-21 13:04:00,758.47,758.6,758.47,758.6,0.02,170.44,129417.84,1
2025-04-21,2025-04-21 13:05:00,758.6,758.73,758.6,758.73,0.02,170.44,129417.84,1
2025-04-21,2025-04-21 13:06:00,758.73,758.86,758.73,758.86,0.02,170.44,129417.84,1
2025-04-21,2025-04-21 13:07:00,758.86,758.98,758.86,758.98,0.02,170.44,129417.84,1
2025-04-21,2025-04-21 13:08:00,758.98,759.11,758.98,759.11,0.02,170.44,129417.84,1
2025-04-21,2025-04-21 13:09:00,759.11,759.24,759.11,759.24,0.02,170.44,129417.84,1
2025-04-21,2025-04-21 13:10:00,759.24,759.36,759.24,759.36,0.02,170.44,129417.84,1
2025-04-21,2025-04-21 13:11:00,759.36,759.49,759.36,759.49,0.02,170.44,129417.84,1
2025-04-21,2025-04-21 13:12:00,759.49,759.62,759.49,759.62,0.02,170.44,129417.84,1
2025-04-21,2025-04-21 13:13:00,759.62,759.75,759.62,759.75,0.02,170.44,129417.84,1
2025-04-21,2025-04-21 13:14:00,759.75,759.87,759.75,759.87,0.02,170.44,129417.84,1
2025-04-21,2025-04-21 13:15:00,759.87,760.0,759.87,760.0,0.02,170.44,129417.84,1
2025-04-21,2025-04-21 13:16:00,760.0,760.13,760.0,760.13,0.02,170.44,129417.84,1
2025-04-21,2025-04-21 13:17:00,760.13,760.25,760.13,760.25,0.02,170.44,129417.84,1
2025-04-21,2025-04-21 13:18:00,760.25,760.38,760.25,760.38,0.02,170.44,129417.84,1
2025-04-21,2025-04-21 13:19:00,760.38,760.51,760.38,760.51,0.02,170.44,129417.84,1
2025-04-21,2025-04-21 13:20:00,760.51,760.64,760.51,760.64,0.02,170.44,129417.84,1
2025-04-21,2025-04-21 13:21:00,760.64,760.76,760.64,760.76,0.02,170.44,129417.84,1
2025-04-21,2025-04-21 13:22:00,760.76,760.89,760.76,760.89,0.02,170.44,129417.84,1
2025-04-21,2025-04-21 13:23:00,760.89,761.02,760.89,761.02,0.02,170.44,129417.84,1
2025-04-21,2025-04-21 13:24:00,761.02,761.15,761.02,761.15,0.02,170.44,129417.84,1
2025-04-21,2025-04-21 13:25:00,761.15,761.27,761.15,761.27,0.02,170.44,129417.84,1
2025-04-21,2025-04-21 13:26:00,761.27,761.4,761.27,761.4,0.02,170.44,129417.84,1
2025-04-21,2025-04-21 13:27:00,761.4,761.53,761.4,761.53,0.02,170.44,129417.84,1
2025-04-21,2025-04-21 13:28:00,761.53,761.65,761.53,761.65,0.02,170.44,129417.84,1
2025-04-21,2025-04-21 13:29:00,761.65,761.78,761.65,761.78,0.02,170.44,129417.84,1
2025-04-21,2025-04-21 13:30:00,761.78,761.91,761.78,761.91,0.02,170.44,129417.84,1
2025-04-21,2025-04-21 13:31:00,761.91,762.04,761.91,762.04,0.02,170.44,129417.84,1
2025-04-21,2025-04-21 13:32:00,762.04,762.16,762.04,762.16,0.02,170.44,129417.84,1
2025-04-21,2025-04-21 13:33:00,762.16,762.29,762.16,762.29,0.02,170.44,129417.84,1
2025-04-21,2025-04-21 13:34:00,762.29,762.42,762.29,762.42,0.02,170.44,129417.84,1
2025-04-21,2025-04-21 13:35:00,762.42,762.54,762.42,762.54,0.02,170.44,129417.84,1
2025-04-21,2025-04-21 13:36:00,762.54,762.67,762.54,762.67,0.02,170.44,129417.84,1
2025-04-21,2025-04-21 13:37:00,762.67,762.8,762.67,762.8,0.02,170.44,129417.84,1
2025-04-21,2025-04-21 13:38:00,762.8,762.93,762.8,762.93,0.02,170.44,129417.84,1
2025-04-21,2025-04-21 13:39:00,762.93,763.05,762.93,763.05,0.02,170.44,129417.84,1
2025-04-21,2025-04-21 13:40:00,763.05,763.18,763.05,763.18,0.02,170.44,129417.84,1
2025-04-21,2025-04-21 13:41:00,763.18,763.31,763.18,763.31,0.02,170.44,129417.84,1
2025-04-21,2025-04-21 13:42:00,763.31,763.43,763.31,763.43,0.02,170.44,129417.84,1
2025-04-21,2025-04-21 13:43:00,763.43,763.56,763.43,763.56,0.02,170.44,129417.84,1
2025-04-21,2025-04-21 13:44:00,763.56,763.69,763.56,763.69,0.02,170.44,129417.84,1
2025-04-21,2025-04-21 13:45:00,763.69,763.82,763.69,763.82,0.02,170.44,129417.84,1
2025-04-21,2025-04-21 13:46:00,763.82,763.94,763.82,763.94,0.02,170.44,129417.84,1
2025-04-21,2025-04-21 13:47:00,763.94,764.07,763.94,764.07,0.02,170.44,129417.84,1
2025-04-21,2025-04-21 13:48:00,764.07,764.2,764.07,764.2,0.02,170.44,129417.84,1
2025-04-21,2025-04-21 13:49:00,764.2,764.33,764.2,764.33,0.02,170.44,129417.84,1
2025-04-21,2025-04-21 13:50:00,764.33,764.45,764.33,764.45,0.02,170.44,129417.84,1
2025-04-21,2025-04-21 13:51:00,764.45,764.58,764.45,764.58,0.02,170.44,129417.84,1
2025-04-21,2025-04-21 13:52:00,764.58,764.71,764.58,764.71,0.02,170.44,129417.84,1
2025-04-21,2025-04-21 13:53:00,764.71,764.83,764.71,764.83,0.02,170.44,129417.84,1
2025-04-21,2025-04-21 13:54:00,764.83,764.96,764.83,764.96,0.02,170.44,129417.84,1
2025-04-21,2025-04-21 13:55:00,764.96,765.09,764.96,765.09,0.02,170.44,129417.84,1
2025-04-21,2025-04-21 13:56:00,765.09,765.22,765.09,765.22,0.02,170.44,129417.84,1
2025-04-21,2025-04-21 13:57:00,765.22,765.34,765.22,765.34,0.02,170.44,129417.84,1
2025-04-21,2025-04-21 13:58:00,765.34,765.47,765.34,765.47,0.02,170.44,129417.84,1
2025-04-21,2025-04-21 13:59:00,765.47,765.6,765.47,765.6,0.02,170.44,129417.84,1
2025-04-21,2025-04-21 14:00:00,765.6,765.72,765.6,765.72,0.02,170.44,129417.84,1
2025-04-21,2025-04-21 14:01:00,765.72,765.85,765.72,765.85,0.02,170.44,129417.84,1
2025-04-21,2025-04-21 14:02:00,765.85,765.98,765.85,765.98,0.02,170.44,129417.84,1
2025-04-21,2025-04-21 14:03:00,765.98,766.11,765.98,766.11,0.02,170.44,129417.84,1
2025-04-21,2025-04-21 14:04:00,766.11,766.23,766.11,766.23,0.02,170.44,129417.84,1
2025-04-21,2025-04-21 14:05:00,766.23,766.36,766.23,766.36,0.02,170.44,129417.84,1
2025-04-21,2025-04-21 14:06:00,766.36,766.49,766.36,766.49,0.02,170.44,129417.84,1
2025-04-21,2025-04-21 14:07:00,766.49,766.62,766.49,766.62,0.02,170.44,129417.84,1
2025-04-21,2025-04-21 14:08:00,766.62,766.74,766.62,766.74,0.02,170.44,129417.84,1
2025-04-21,2025-04-21 14:09:00,766.74,766.87,766.74,766.87,0.02,170.44,129417.84,1
2025-04-21,2025-04-21 14:10:00,766.87,767.0,766.87,767.0,0.02,170.44,129417.84,1
2025-04-21,2025-04-21 14:11:00,767.0,767.12,767.0,767.12,0.02,170.44,129417.84,1
2025-04-21,2025-04-21 14:12:00,767.12,767.25,767.12,767.25,0.02,170.44,129417.84,1
2025-04-21,2025-04-21 14:13:00,767.25,767.38,767.25,767.38,0.02,170.44,129417.84,1
2025-04-21,2025-04-21 14:14:00,767.38,767.51,767.38,767.51,0.02,170.44,129417.84,1
2025-04-21,2025-04-21 14:15:00,767.51,767.63,767.51,767.63,0.02,170.44,129417.84,1
2025-04-21,2025-04-21 14:16:00,767.63,767.76,767.63,767.76,0.02,170.44,129417.84,1
2025-04-21,2025-04-21 14:17:00,767.76,767.89,767.76,767.89,0.02,170.44,129417.84,1
2025-04-21,2025-04-21 14:18:00,767.89,768.01,767.89,768.01,0.02,170.44,129417.84,1
2025-04-21,2025-04-21 14:19:00,768.01,768.14,768.01,768.14,0.02,170.44,129417.84,1
2025-04-21,2025-04-21 14:20:00,768.14,768.27,768.14,768.27,0.02,170.44,129417.84,1
2025-04-21,2025-04-21 14:21:00,768.27,768.4,768.27,768.4,0.02,170.44,129417.84,1
2025-04-21,2025-04-21 14:22:00,768.4,768.52,768.4,768.52,0.02,170.44,129417.84,1
2025-04-21,2025-04-21 14:23:00,768.52,768.65,768.52,768.65,0.02,170.44,129417.84,1
2025-04-21,2025-04-21 14:24:00,768.65,768.78,768.65,768.78,0.02,170.44,129417.84,1
2025-04-21,2025-04-21 14:25:00,768.78,768.9,768.78,768.9,0.02,170.44,129417.84,1
2025-04-21,2025-04-21 14:26:00,768.9,769.03,768.9,769.03,0.02,170.44,129417.84,1
2025-04-21,2025-04-21 14:27:00,769.03,769.16,769.03,769.16,0.02,170.44,129417.84,1
2025-04-21,2025-04-21 14:28:00,769.16,769.29,769.16,769.29,0.02,170.44,129417.84,1
2025-04-21,2025-04-21 14:29:00,769.29,769.41,769.29,769.41,0.02,170.44,129417.84,1
2025-04-21,2025-04-21 14:30:00,769.41,769.54,769.41,769.54,0.02,170.44,129417.84,1
2025-04-21,2025-04-21 14:31:00,769.54,769.67,769.54,769.67,0.02,170.44,129417.84,1
2025-04-21,2025-04-21 14:32:00,769.67,769.8,769.67,769.8,0.02,170.44,129417.84,1
2025-04-21,2025-04-21 14:33:00,769.8,769.92,769.8,769.92,0.02,170.44,129417.84,1
2025-04-21,2025-04-21 14:34:00,769.92,770.05,769.92,770.05,0.02,170.44,129417.84,1
2025-04-21,2025-04-21 14:35:00,770.05,770.18,770.05,770.18,0.02,170.44,129417.84,1
2025-04-21,2025-04-21 14:36:00,770.18,770.3,770.18,770.3,0.02,170.44,129417.84,1
2025-04-21,2025-04-21 14:37:00,770.3,770.43,770.3,770.43,0.02,170.44,129417.84,1
2025-04-21,2025-04-21 14:38:00,770.43,770.56,770.43,770.56,0.02,170.44,129417.84,1
2025-04-21,2025-04-21 14:39:00,770.56,770.69,770.56,770.69,0.02,170.44,129417.84,1
2025-04-21,2025-04-21 14:40:00,770.69,770.81,770.69,770.81,0.02,170.44,129417.84,1
2025-04-21,2025-04-21 14:41:00,770.81,770.94,770.81,770.94,0.02,170.44,129417.84,1
2025-04-21,2025-04-21 14:42:00,770.94,771.07,770.94,771.07,0.02,170.44,129417.84,1
2025-04-21,2025-04-21 14:43:00,771.07,771.19,771.07,771.19,0.02,170.44,129417.84,1
2025-04-21,2025-04-21 14:44:00,771.19,771.32,771.19,771.32,0.02,170.44,129417.84,1
2025-04-21,2025-04-21 14:45:00,771.32,771.45,771.32,771.45,0.02,170.44,129417.84,1
2025-04-21,2025-04-21 14:46:00,771.45,771.58,771.45,771.58,0.02,170.44,129417.84,1
2025-04-21,2025-04-21 14:47:00,771.58,771.7,771.58,771.7,0.02,170.44,129417.84,1
2025-04-21,2025-04-21 14:48:00,771.7,771.83,771.7,771.83,0.02,170.44,129417.84,1
2025-04-21,2025-04-21 14:49:00,771.83,771.96,771.83,771.96,0.02,170.44,129417.84,1
2025-04-21,2025-04-21 14:50:00,771.96,772.09,771.96,772.09,0.02,170.44,129417.84,1
2025-04-21,2025-04-21 14:51:00,772.09,772.21,772.09,772.21,0.02,170.44,129417.84,1
2025-04-21,2025-04-21 14:52:00,772.21,772.34,772.21,772.34,0.02,170.44,129417.84,1
2025-04-21,2025-04-21 14:53:00,772.34,772.47,772.34,772.47,0.02,170.44,129417.84,1
2025-04-21,2025-04-21 14:54:00,772.47,772.59,772.47,772.59,0.02,170.44,129417.84,1
2025-04-21,2025-04-21 14:55:00,772.59,772.72,772.59,772.72,0.02,170.44,129417.84,1
2025-04-21,2025-04-21 14:56:00,772.72,772.85,772.72,772.85,0.02,170.44,129417.84,1
2025-04-21,2025-04-21 14:57:00,772.85,772.98,772.85,772.98,0.02,170.44,129417.84,1
2025-04-21,2025-04-21 14:58:00,772.98,773.1,772.98,773.1,0.02,170.44,129417.84,1
2025-04-21,2025-04-21 14:59:00,773.1,773.23,773.1,773.23,0.02,170.44,129417.84,1
2025-04-21,2025-04-21 15:00:00,773.23,800.0,729.0,773.23,0.0,170.44,129417.84,0
2025-04-22,2025-04-22 11:00:00,757.8,767.46,757.8,757.86,0.01,53.45,41496.81,1
2025-04-22,2025-04-22 11:01:00,757.86,757.91,757.86,757.91,0.01,53.45,41496.81,1
2025-04-22,2025-04-22 11:02:00,757.91,757.97,757.91,757.97,0.01,53.45,41496.81,1
2025-04-22,2025-04-22 11:03:00,757.97,758.02,757.97,758.02,0.01,53.45,41496.81,1
2025-04-22,2025-04-22 11:04:00,758.02,758.08,758.02,758.08,0.01,53.45,41496.81,1
2025-04-22,2025-04-22 11:05:00,758.08,758.13,758.08,758.13,0.01,53.45,41496.81,1
2025-04-22,2025-04-22 11:06:00,758.13,758.19,758.13,758.19,0.01,53.45,41496.81,1
2025-04-22,2025-04-22 11:07:00,758.19,758.24,758.19,758.24,0.01,53.45,41496.81,1
2025-04-22,2025-04-22 11:08:00,758.24,758.3,758.24,758.3,0.01,53.45,41496.81,1
2025-04-22,2025-04-22 11:09:00,758.3,758.35,758.3,758.35,0.01,53.45,41496.81,1
2025-04-22,2025-04-22 11:10:00,758.35,758.41,758.35,758.41,0.01,53.45,41496.81,1
2025-04-22,2025-04-22 11:11:00,758.41,758.46,758.41,758.46,0.01,53.45,41496.81,1
2025-04-22,2025-04-22 11:12:00,758.46,758.52,758.46,758.52,0.01,53.45,41496.81,1
2025-04-22,2025-04-22 11:13:00,758.52,758.58,758.52,758.58,0.01,53.45,41496.81,1
2025-04-22,2025-04-22 11:14:00,758.58,758.63,758.58,758.63,0.01,53.45,41496.81,1
2025-04-22,2025-04-22 11:15:00,758.63,758.69,758.63,758.69,0.01,53.45,41496.81,1
2025-04-22,2025-04-22 11:16:00,758.69,758.74,758.69,758.74,0.01,53.45,41496.81,1
2025-04-22,2025-04-22 11:17:00,758.74,758.8,758.74,758.8,0.01,53.45,41496.81,1
2025-04-22,2025-04-22 11:18:00,758.8,758.85,758.8,758.85,0.01,53.45,41496.81,1
2025-04-22,2025-04-22 11:19:00,758.85,758.91,758.85,758.91,0.01,53.45,41496.81,1
2025-04-22,2025-04-22 11:20:00,758.91,758.96,758.91,758.96,0.01,53.45,41496.81,1
2025-04-22,2025-04-22 11:21:00,758.96,759.02,758.96,759.02,0.01,53.45,41496.81,1
2025-04-22,2025-04-22 11:22:00,759.02,759.07,759.02,759.07,0.01,53.45,41496.81,1
2025-04-22,2025-04-22 11:23:00,759.07,759.13,759.07,759.13,0.01,53.45,41496.81,1
2025-04-22,2025-04-22 11:24:00,759.13,759.18,759.13,759.18,0.01,53.45,41496.81,1
2025-04-22,2025-04-22 11:25:00,759.18,759.24,759.18,759.24,0.01,53.45,41496.81,1
2025-04-22,2025-04-22 11:26:00,759.24,759.3,759.24,759.3,0.01,53.45,41496.81,1
2025-04-22,2025-04-22 11:27:00,759.3,759.35,759.3,759.35,0.01,53.45,41496.81,1
2025-04-22,2025-04-22 11:28:00,759.35,759.41,759.35,759.41,0.01,53.45,41496.81,1
2025-04-22,2025-04-22 11:29:00,759.41,759.46,759.41,759.46,0.01,53.45,41496.81,1
2025-04-22,2025-04-22 11:30:00,759.46,759.52,759.46,759.52,0.01,53.45,41496.81,1
2025-04-22,2025-04-22 11:31:00,759.52,759.57,759.52,759.57,0.01,53.45,41496.81,1
2025-04-22,2025-04-22 11:32:00,759.57,759.63,759.57,759.63,0.01,53.45,41496.81,1
2025-04-22,2025-04-22 11:33:00,759.63,759.68,759.63,759.68,0.01,53.45,41496.81,1
2025-04-22,2025-04-22 11:34:00,759.68,759.74,759.68,759.74,0.01,53.45,41496.81,1
2025-04-22,2025-04-22 11:35:00,759.74,759.79,759.74,759.79,0.01,53.45,41496.81,1
2025-04-22,2025-04-22 11:36:00,759.79,759.85,759.79,759.85,0.01,53.45,41496.81,1
2025-04-22,2025-04-22 11:37:00,759.85,759.9,759.85,759.9,0.01,53.45,41496.81,1
2025-04-22,2025-04-22 11:38:00,759.9,759.96,759.9,759.96,0.01,53.45,41496.81,1
2025-04-22,2025-04-22 11:39:00,759.96,760.01,759.96,760.01,0.01,53.45,41496.81,1
2025-04-22,2025-04-22 11:40:00,760.01,760.07,760.01,760.07,0.01,53.45,41496.81,1
2025-04-22,2025-04-22 11:41:00,760.07,760.13,760.07,760.13,0.01,53.45,41496.81,1
2025-04-22,2025-04-22 11:42:00,760.13,760.18,760.13,760.18,0.01,53.45,41496.81,1
2025-04-22,2025-04-22 11:43:00,760.18,760.24,760.18,760.24,0.01,53.45,41496.81,1
2025-04-22,2025-04-22 11:44:00,760.24,760.29,760.24,760.29,0.01,53.45,41496.81,1
2025-04-22,2025-04-22 11:45:00,760.29,760.35,760.29,760.35,0.01,53.45,41496.81,1
2025-04-22,2025-04-22 11:46:00,760.35,760.4,760.35,760.4,0.01,53.45,41496.81,1
2025-04-22,2025-04-22 11:47:00,760.4,760.46,760.4,760.46,0.01,53.45,41496.81,1
2025-04-22,2025-04-22 11:48:00,760.46,760.51,760.46,760.51,0.01,53.45,41496.81,1
2025-04-22,2025-04-22 11:49:00,760.51,760.57,760.51,760.57,0.01,53.45,41496.81,1
2025-04-22,2025-04-22 11:50:00,760.57,760.62,760.57,760.62,0.01,53.45,41496.81,1
2025-04-22,2025-04-22 11:51:00,760.62,760.68,760.62,760.68,0.01,53.45,41496.81,1
2025-04-22,2025-04-22 11:52:00,760.68,760.73,760.68,760.73,0.01,53.45,41496.81,1
2025-04-22,2025-04-22 11:53:00,760.73,760.79,760.73,760.79,0.01,53.45,41496.81,1
2025-04-22,2025-04-22 11:54:00,760.79,760.85,760.79,760.85,0.01,53.45,41496.81,1
2025-04-22,2025-04-22 11:55:00,760.85,760.9,760.85,760.9,0.01,53.45,41496.81,1
2025-04-22,2025-04-22 11:56:00,760.9,760.96,760.9,760.96,0.01,53.45,41496.81,1
2025-04-22,2025-04-22 11:57:00,760.96,761.01,760.96,761.01,0.01,53.45,41496.81,1
2025-04-22,2025-04-22 11:58:00,761.01,761.07,761.01,761.07,0.01,53.45,41496.81,1
2025-04-22,2025-04-22 11:59:00,761.07,761.12,761.07,761.12,0.01,53.45,41496.81,1
2025-04-22,2025-04-22 12:00:00,761.12,761.18,761.12,761.18,0.01,53.45,41496.81,1
2025-04-22,2025-04-22 12:01:00,761.18,761.23,761.18,761.23,0.01,53.45,41496.81,1
2025-04-22,2025-04-22 12:02:00,761.23,761.29,761.23,761.29,0.01,53.45,41496.81,1
2025-04-22,2025-04-22 12:03:00,761.29,761.34,761.29,761.34,0.01,53.45,41496.81,1
2025-04-22,2025-04-22 12:04:00,761.34,761.4,761.34,761.4,0.01,53.45,41496.81,1
2025-04-22,2025-04-22 12:05:00,761.4,761.45,761.4,761.45,0.01,53.45,41496.81,1
2025-04-22,2025-04-22 12:06:00,761.45,761.51,761.45,761.51,0.01,53.45,41496.81,1
2025-04-22,2025-04-22 12:07:00,761.51,761.57,761.51,761.57,0.01,53.45,41496.81,1
2025-04-22,2025-04-22 12:08:00,761.57,761.62,761.57,761.62,0.01,53.45,41496.81,1
2025-04-22,2025-04-22 12:09:00,761.62,761.68,761.62,761.68,0.01,53.45,41496.81,1
2025-04-22,2025-04-22 12:10:00,761.68,761.73,761.68,761.73,0.01,53.45,41496.81,1
2025-04-22,2025-04-22 12:11:00,761.73,761.79,761.73,761.79,0.01,53.45,41496.81,1
2025-04-22,2025-04-22 12:12:00,761.79,761.84,761.79,761.84,0.01,53.45,41496.81,1
2025-04-22,2025-04-22 12:13:00,761.84,761.9,761.84,761.9,0.01,53.45,41496.81,1
2025-04-22,2025-04-22 12:14:00,761.9,761.95,761.9,761.95,0.01,53.45,41496.81,1
2025-04-22,2025-04-22 12:15:00,761.95,762.01,761.95,762.01,0.01,53.45,41496.81,1
2025-04-22,2025-04-22 12:16:00,762.01,762.06,762.01,762.06,0.01,53.45,41496.81,1
2025-04-22,2025-04-22 12:17:00,762.06,762.12,762.06,762.12,0.01,53.45,41496.81,1
2025-04-22,2025-04-22 12:18:00,762.12,762.17,762.12,762.17,0.01,53.45,41496.81,1
2025-04-22,2025-04-22 12:19:00,762.17,762.23,762.17,762.23,0.01,53.45,41496.81,1
2025-04-22,2025-04-22 12:20:00,762.23,762.29,762.23,762.29,0.01,53.45,41496.81,1
2025-04-22,2025-04-22 12:21:00,762.29,762.34,762.29,762.34,0.01,53.45,41496.81,1
2025-04-22,2025-04-22 12:22:00,762.34,762.4,762.34,762.4,0.01,53.45,41496.81,1
2025-04-22,2025-04-22 12:23:00,762.4,762.45,762.4,762.45,0.01,53.45,41496.81,1
2025-04-22,2025-04-22 12:24:00,762.45,762.51,762.45,762.51,0.01,53.45,41496.81,1
2025-04-22,2025-04-22 12:25:00,762.51,762.56,762.51,762.56,0.01,53.45,41496.81,1
2025-04-22,2025-04-22 12:26:00,762.56,762.62,762.56,762.62,0.01,53.45,41496.81,1
2025-04-22,2025-04-22 12:27:00,762.62,762.67,762.62,762.67,0.01,53.45,41496.81,1
2025-04-22,2025-04-22 12:28:00,762.67,762.73,762.67,762.73,0.01,53.45,41496.81,1
2025-04-22,2025-04-22 12:29:00,762.73,762.78,762.73,762.78,0.01,53.45,41496.81,1
2025-04-22,2025-04-22 12:30:00,762.78,762.84,762.78,762.84,0.01,53.45,41496.81,1
2025-04-22,2025-04-22 12:31:00,762.84,762.89,762.84,762.89,0.01,53.45,41496.81,1
2025-04-22,2025-04-22 12:32:00,762.89,762.95,762.89,762.95,0.01,53.45,41496.81,1
2025-04-22,2025-04-22 12:33:00,762.95,763.01,762.95,763.01,0.01,53.45,41496.81,1
2025-04-22,2025-04-22 12:34:00,763.01,763.06,763.01,763.06,0.01,53.45,41496.81,1
2025-04-22,2025-04-22 12:35:00,763.06,763.12,763.06,763.12,0.01,53.45,41496.81,1
2025-04-22,2025-04-22 12:36:00,763.12,763.17,763.12,763.17,0.01,53.45,41496.81,1
2025-04-22,2025-04-22 12:37:00,763.17,763.23,763.17,763.23,0.01,53.45,41496.81,1
2025-04-22,2025-04-22 12:38:00,763.23,763.28,763.23,763.28,0.01,53.45,41496.81,1
2025-04-22,2025-04-22 12:39:00,763.28,763.34,763.28,763.34,0.01,53.45,41496.81,1
2025-04-22,2025-04-22 12:40:00,763.34,763.39,763.34,763.39,0.01,53.45,41496.81,1
2025-04-22,2025-04-22 12:41:00,763.39,763.45,763.39,763.45,0.01,53.45,41496.81,1
2025-04-22,2025-04-22 12:42:00,763.45,763.5,763.45,763.5,0.01,53.45,41496.81,1
2025-04-22,2025-04-22 12:43:00,763.5,763.56,763.5,763.56,0.01,53.45,41496.81,1
2025-04-22,2025-04-22 12:44:00,763.56,763.61,763.56,763.61,0.01,53.45,41496.81,1
2025-04-22,2025-04-22 12:45:00,763.61,763.67,763.61,763.67,0.01,53.45,41496.81,1
2025-04-22,2025-04-22 12:46:00,763.67,763.73,763.67,763.73,0.01,53.45,41496.81,1
2025-04-22,2025-04-22 12:47:00,763.73,763.78,763.73,763.78,0.01,53.45,41496.81,1
2025-04-22,2025-04-22 12:48:00,763.78,763.84,763.78,763.84,0.01,53.45,41496.81,1
2025-04-22,2025-04-22 12:49:00,763.84,763.89,763.84,763.89,0.01,53.45,41496.81,1
2025-04-22,2025-04-22 12:50:00,763.89,763.95,763.89,763.95,0.01,53.45,41496.81,1
2025-04-22,2025-04-22 12:51:00,763.95,764.0,763.95,764.0,0.01,53.45,41496.81,1
2025-04-22,2025-04-22 12:52:00,764.0,764.06,764.0,764.06,0.01,53.45,41496.81,1
2025-04-22,2025-04-22 12:53:00,764.06,764.11,764.06,764.11,0.01,53.45,41496.81,1
2025-04-22,2025-04-22 12:54:00,764.11,764.17,764.11,764.17,0.01,53.45,41496.81,1
2025-04-22,2025-04-22 12:55:00,764.17,764.22,764.17,764.22,0.01,53.45,41496.81,1
2025-04-22,2025-04-22 12:56:00,764.22,764.28,764.22,764.28,0.01,53.45,41496.81,1
2025-04-22,2025-04-22 12:57:00,764.28,764.33,764.28,764.33,0.01,53.45,41496.81,1
2025-04-22,2025-04-22 12:58:00,764.33,764.39,764.33,764.39,0.01,53.45,41496.81,1
2025-04-22,2025-04-22 12:59:00,764.39,764.44,764.39,764.44,0.01,53.45,41496.81,1
2025-04-22,2025-04-22 13:00:00,764.44,790.0,757.8,764.5,0.01,53.45,41496.81,1
2025-04-22,2025-04-22 13:01:00,764.5,764.56,764.5,764.56,0.01,53.45,41496.81,1
2025-04-22,2025-04-22 13:02:00,764.56,764.61,764.56,764.61,0.01,53.45,41496.81,1
2025-04-22,2025-04-22 13:03:00,764.61,764.67,764.61,764.67,0.01,53.45,41496.81,1
2025-04-22,2025-04-22 13:04:00,764.67,764.72,764.67,764.72,0.01,53.45,41496.81,1
2025-04-22,2025-04-22 13:05:00,764.72,764.78,764.72,764.78,0.01,53.45,41496.81,1
2025-04-22,2025-04-22 13:06:00,764.78,764.83,764.78,764.83,0.01,53.45,41496.81,1
2025-04-22,2025-04-22 13:07:00,764.83,764.89,764.83,764.89,0.01,53.45,41496.81,1
2025-04-22,2025-04-22 13:08:00,764.89,764.94,764.89,764.94,0.01,53.45,41496.81,1
2025-04-22,2025-04-22 13:09:00,764.94,765.0,764.94,765.0,0.01,53.45,41496.81,1
2025-04-22,2025-04-22 13:10:00,765.0,765.05,765.0,765.05,0.01,53.45,41496.81,1
2025-04-22,2025-04-22 13:11:00,765.05,765.11,765.05,765.11,0.01,53.45,41496.81,1
2025-04-22,2025-04-22 13:12:00,765.11,765.16,765.11,765.16,0.01,53.45,41496.81,1
2025-04-22,2025-04-22 13:13:00,765.16,765.22,765.16,765.22,0.01,53.45,41496.81,1
2025-04-22,2025-04-22 13:14:00,765.22,765.28,765.22,765.28,0.01,53.45,41496.81,1
2025-04-22,2025-04-22 13:15:00,765.28,765.33,765.28,765.33,0.01,53.45,41496.81,1
2025-04-22,2025-04-22 13:16:00,765.33,765.39,765.33,765.39,0.01,53.45,41496.81,1
2025-04-22,2025-04-22 13:17:00,765.39,765.44,765.39,765.44,0.01,53.45,41496.81,1
2025-04-22,2025-04-22 13:18:00,765.44,765.5,765.44,765.5,0.01,53.45,41496.81,1
2025-04-22,2025-04-22 13:19:00,765.5,765.55,765.5,765.55,0.01,53.45,41496.81,1
2025-04-22,2025-04-22 13:20:00,765.55,765.61,765.55,765.61,0.01,53.45,41496.81,1
2025-04-22,2025-04-22 13:21:00,765.61,765.66,765.61,765.66,0.01,53.45,41496.81,1
2025-04-22,2025-04-22 13:22:00,765.66,765.72,765.66,765.72,0.01,53.45,41496.81,1
2025-04-22,2025-04-22 13:23:00,765.72,765.77,765.72,765.77,0.01,53.45,41496.81,1
2025-04-22,2025-04-22 13:24:00,765.77,765.83,765.77,765.83,0.01,53.45,41496.81,1
2025-04-22,2025-04-22 13:25:00,765.83,765.88,765.83,765.88,0.01,53.45,41496.81,1
2025-04-22,2025-04-22 13:26:00,765.88,765.94,765.88,765.94,0.01,53.45,41496.81,1
2025-04-22,2025-04-22 13:27:00,765.94,766.0,765.94,766.0,0.01,53.45,41496.81,1
2025-04-22,2025-04-22 13:28:00,766.0,766.05,766.0,766.05,0.01,53.45,41496.81,1
2025-04-22,2025-04-22 13:29:00,766.05,766.11,766.05,766.11,0.01,53.45,41496.81,1
2025-04-22,2025-04-22 13:30:00,766.11,766.16,766.11,766.16,0.01,53.45,41496.81,1
2025-04-22,2025-04-22 13:31:00,766.16,766.22,766.16,766.22,0.01,53.45,41496.81,1
2025-04-22,2025-04-22 13:32:00,766.22,766.27,766.22,766.27,0.01,53.45,41496.81,1
2025-04-22,2025-04-22 13:33:00,766.27,766.33,766.27,766.33,0.01,53.45,41496.81,1
2025-04-22,2025-04-22 13:34:00,766.33,766.38,766.33,766.38,0.01,53.45,41496.81,1
2025-04-22,2025-04-22 13:35:00,766.38,766.44,766.38,766.44,0.01,53.45,41496.81,1
2025-04-22,2025-04-22 13:36:00,766.44,766.49,766.44,766.49,0.01,53.45,41496.81,1
2025-04-22,2025-04-22 13:37:00,766.49,766.55,766.49,766.55,0.01,53.45,41496.81,1
2025-04-22,2025-04-22 13:38:00,766.55,766.6,766.55,766.6,0.01,53.45,41496.81,1
2025-04-22,2025-04-22 13:39:00,766.6,766.66,766.6,766.66,0.01,53.45,41496.81,1
2025-04-22,2025-04-22 13:40:00,766.66,766.72,766.66,766.72,0.01,53.45,41496.81,1
2025-04-22,2025-04-22 13:41:00,766.72,766.77,766.72,766.77,0.01,53.45,41496.81,1
2025-04-22,2025-04-22 13:42:00,766.77,766.83,766.77,766.83,0.01,53.45,41496.81,1
2025-04-22,2025-04-22 13:43:00,766.83,766.88,766.83,766.88,0.01,53.45,41496.81,1
2025-04-22,2025-04-22 13:44:00,766.88,766.94,766.88,766.94,0.01,53.45,41496.81,1
2025-04-22,2025-04-22 13:45:00,766.94,766.99,766.94,766.99,0.01,53.45,41496.81,1
2025-04-22,2025-04-22 13:46:00,766.99,767.05,766.99,767.05,0.01,53.45,41496.81,1
2025-04-22,2025-04-22 13:47:00,767.05,767.1,767.05,767.1,0.01,53.45,41496.81,1
2025-04-22,2025-04-22 13:48:00,767.1,767.16,767.1,767.16,0.01,53.45,41496.81,1
2025-04-22,2025-04-22 13:49:00,767.16,767.21,767.16,767.21,0.01,53.45,41496.81,1
2025-04-22,2025-04-22 13:50:00,767.21,767.27,767.21,767.27,0.01,53.45,41496.81,1
2025-04-22,2025-04-22 13:51:00,767.27,767.32,767.27,767.32,0.01,53.45,41496.81,1
2025-04-22,2025-04-22 13:52:00,767.32,767.38,767.32,767.38,0.01,53.45,41496.81,1
2025-04-22,2025-04-22 13:53:00,767.38,767.44,767.38,767.44,0.01,53.45,41496.81,1
2025-04-22,2025-04-22 13:54:00,767.44,767.49,767.44,767.49,0.01,53.45,41496.81,1
2025-04-22,2025-04-22 13:55:00,767.49,767.55,767.49,767.55,0.01,53.45,41496.81,1
2025-04-22,2025-04-22 13:56:00,767.55,767.6,767.55,767.6,0.01,53.45,41496.81,1
2025-04-22,2025-04-22 13:57:00,767.6,767.66,767.6,767.66,0.01,53.45,41496.81,1
2025-04-22,2025-04-22 13:58:00,767.66,767.71,767.66,767.71,0.01,53.45,41496.81,1
2025-04-22,2025-04-22 13:59:00,767.71,767.77,767.71,767.77,0.01,53.45,41496.81,1
2025-04-22,2025-04-22 14:00:00,767.77,767.82,767.77,767.82,0.01,53.45,41496.81,1
2025-04-22,2025-04-22 14:01:00,767.82,767.88,767.82,767.88,0.01,53.45,41496.81,1
2025-04-22,2025-04-22 14:02:00,767.88,767.93,767.88,767.93,0.01,53.45,41496.81,1
2025-04-22,2025-04-22 14:03:00,767.93,767.99,767.93,767.99,0.01,53.45,41496.81,1
2025-04-22,2025-04-22 14:04:00,767.99,768.04,767.99,768.04,0.01,53.45,41496.81,1
2025-04-22,2025-04-22 14:05:00,768.04,768.1,768.04,768.1,0.01,53.45,41496.81,1
2025-04-22,2025-04-22 14:06:00,768.1,768.16,768.1,768.16,0.01,53.45,41496.81,1
2025-04-22,2025-04-22 14:07:00,768.16,768.21,768.16,768.21,0.01,53.45,41496.81,1
2025-04-22,2025-04-22 14:08:00,768.21,768.27,768.21,768.27,0.01,53.45,41496.81,1
2025-04-22,2025-04-22 14:09:00,768.27,768.32,768.27,768.32,0.01,53.45,41496.81,1
2025-04-22,2025-04-22 14:10:00,768.32,768.38,768.32,768.38,0.01,53.45,41496.81,1
2025-04-22,2025-04-22 14:11:00,768.38,768.43,768.38,768.43,0.01,53.45,41496.81,1
2025-04-22,2025-04-22 14:12:00,768.43,768.49,768.43,768.49,0.01,53.45,41496.81,1
2025-04-22,2025-04-22 14:13:00,768.49,768.54,768.49,768.54,0.01,53.45,41496.81,1
2025-04-22,2025-04-22 14:14:00,768.54,768.6,768.54,768.6,0.01,53.45,41496.81,1
2025-04-22,2025-04-22 14:15:00,768.6,768.65,768.6,768.65,0.01,53.45,41496.81,1
2025-04-22,2025-04-22 14:16:00,768.65,768.71,768.65,768.71,0.01,53.45,41496.81,1
2025-04-22,2025-04-22 14:17:00,768.71,768.76,768.71,768.76,0.01,53.45,41496.81,1
2025-04-22,2025-04-22 14:18:00,768.76,768.82,768.76,768.82,0.01,53.45,41496.81,1
2025-04-22,2025-04-22 14:19:00,768.82,768.88,768.82,768.88,0.01,53.45,41496.81,1
2025-04-22,2025-04-22 14:20:00,768.88,768.93,768.88,768.93,0.01,53.45,41496.81,1
2025-04-22,2025-04-22 14:21:00,768.93,768.99,768.93,768.99,0.01,53.45,41496.81,1
2025-04-22,2025-04-22 14:22:00,768.99,769.04,768.99,769.04,0.01,53.45,41496.81,1
2025-04-22,2025-04-22 14:23:00,769.04,769.1,769.04,769.1,0.01,53.45,41496.81,1
2025-04-22,2025-04-22 14:24:00,769.1,769.15,769.1,769.15,0.01,53.45,41496.81,1
2025-04-22,2025-04-22 14:25:00,769.15,769.21,769.15,769.21,0.01,53.45,41496.81,1
2025-04-22,2025-04-22 14:26:00,769.21,769.26,769.21,769.26,0.01,53.45,41496.81,1
2025-04-22,2025-04-22 14:27:00,769.26,769.32,769.26,769.32,0.01,53.45,41496.81,1
2025-04-22,2025-04-22 14:28:00,769.32,769.37,769.32,769.37,0.01,53.45,41496.81,1
2025-04-22,2025-04-22 14:29:00,769.37,769.43,769.37,769.43,0.01,53.45,41496.81,1
2025-04-22,2025-04-22 14:30:00,769.43,769.48,769.43,769.48,0.01,53.45,41496.81,1
2025-04-22,2025-04-22 14:31:00,769.48,769.54,769.48,769.54,0.01,53.45,41496.81,1
2025-04-22,2025-04-22 14:32:00,769.54,769.59,769.54,769.59,0.01,53.45,41496.81,1
2025-04-22,2025-04-22 14:33:00,769.59,769.65,769.59,769.65,0.01,53.45,41496.81,1
2025-04-22,2025-04-22 14:34:00,769.65,769.71,769.65,769.71,0.01,53.45,41496.81,1
2025-04-22,2025-04-22 14:35:00,769.71,769.76,769.71,769.76,0.01,53.45,41496.81,1
2025-04-22,2025-04-22 14:36:00,769.76,769.82,769.76,769.82,0.01,53.45,41496.81,1
2025-04-22,2025-04-22 14:37:00,769.82,769.87,769.82,769.87,0.01,53.45,41496.81,1
2025-04-22,2025-04-22 14:38:00,769.87,769.93,769.87,769.93,0.01,53.45,41496.81,1
2025-04-22,2025-04-22 14:39:00,769.93,769.98,769.93,769.98,0.01,53.45,41496.81,1
2025-04-22,2025-04-22 14:40:00,769.98,770.04,769.98,770.04,0.01,53.45,41496.81,1
2025-04-22,2025-04-22 14:41:00,770.04,770.09,770.04,770.09,0.01,53.45,41496.81,1
2025-04-22,2025-04-22 14:42:00,770.09,770.15,770.09,770.15,0.01,53.45,41496.81,1
2025-04-22,2025-04-22 14:43:00,770.15,770.2,770.15,770.2,0.01,53.45,41496.81,1
2025-04-22,2025-04-22 14:44:00,770.2,770.26,770.2,770.26,0.01,53.45,41496.81,1
2025-04-22,2025-04-22 14:45:00,770.26,770.31,770.26,770.31,0.01,53.45,41496.81,1
2025-04-22,2025-04-22 14:46:00,770.31,770.37,770.31,770.37,0.01,53.45,41496.81,1
2025-04-22,2025-04-22 14:47:00,770.37,770.43,770.37,770.43,0.01,53.45,41496.81,1
2025-04-22,2025-04-22 14:48:00,770.43,770.48,770.43,770.48,0.01,53.45,41496.81,1
2025-04-22,2025-04-22 14:49:00,770.48,770.54,770.48,770.54,0.01,53.45,41496.81,1
2025-04-22,2025-04-22 14:50:00,770.54,770.59,770.54,770.59,0.01,53.45,41496.81,1
2025-04-22,2025-04-22 14:51:00,770.59,770.65,770.59,770.65,0.01,53.45,41496.81,1
2025-04-22,2025-04-22 14:52:00,770.65,770.7,770.65,770.7,0.01,53.45,41496.81,1
2025-04-22,2025-04-22 14:53:00,770.7,770.76,770.7,770.76,0.01,53.45,41496.81,1
2025-04-22,2025-04-22 14:54:00,770.76,770.81,770.76,770.81,0.01,53.45,41496.81,1
2025-04-22,2025-04-22 14:55:00,770.81,770.87,770.81,770.87,0.01,53.45,41496.81,1
2025-04-22,2025-04-22 14:56:00,770.87,770.92,770.87,770.92,0.01,53.45,41496.81,1
2025-04-22,2025-04-22 14:57:00,770.92,770.98,770.92,770.98,0.01,53.45,41496.81,1
2025-04-22,2025-04-22 14:58:00,770.98,771.03,770.98,771.03,0.01,53.45,41496.81,1
2025-04-22,2025-04-22 14:59:00,771.03,771.09,771.03,771.09,0.01,53.45,41496.81,1
2025-04-22,2025-04-22 15:00:00,771.09,790.0,757.8,771.09,0.0,53.45,41496.81,0
2025-04-23,2025-04-23 11:00:00,781.0,781.0,774.7,780.91,-0.01,75.97,58308.83,-1
2025-04-23,2025-04-23 11:01:00,780.91,780.91,780.83,780.83,-0.01,75.97,58308.83,-1
2025-04-23,2025-04-23 11:02:00,780.83,780.83,780.74,780.74,-0.01,75.97,58308.83,-1
2025-04-23,2025-04-23 11:03:00,780.74,780.74,780.65,780.65,-0.01,75.97,58308.83,-1
2025-04-23,2025-04-23 11:04:00,780.65,780.65,780.57,780.57,-0.01,75.97,58308.83,-1
2025-04-23,2025-04-23 11:05:00,780.57,780.57,780.48,780.48,-0.01,75.97,58308.83,-1
2025-04-23,2025-04-23 11:06:00,780.48,780.48,780.39,780.39,-0.01,75.97,58308.83,-1
2025-04-23,2025-04-23 11:07:00,780.39,780.39,780.31,780.31,-0.01,75.97,58308.83,-1
2025-04-23,2025-04-23 11:08:00,780.31,780.31,780.22,780.22,-0.01,75.97,58308.83,-1
2025-04-23,2025-04-23 11:09:00,780.22,780.22,780.13,780.13,-0.01,75.97,58308.83,-1
2025-04-23,2025-04-23 11:10:00,780.13,780.13,780.05,780.05,-0.01,75.97,58308.83,-1
2025-04-23,2025-04-23 11:11:00,780.05,780.05,779.96,779.96,-0.01,75.97,58308.83,-1
2025-04-23,2025-04-23 11:12:00,779.96,779.96,779.87,779.87,-0.01,75.97,58308.83,-1
2025-04-23,2025-04-23 11:13:00,779.87,779.87,779.79,779.79,-0.01,75.97,58308.83,-1
2025-04-23,2025-04-23 11:14:00,779.79,779.79,779.7,779.7,-0.01,75.97,58308.83,-1
2025-04-23,2025-04-23 11:15:00,779.7,779.7,779.61,779.61,-0.01,75.97,58308.83,-1
2025-04-23,2025-04-23 11:16:00,779.61,779.61,779.53,779.53,-0.01,75.97,58308.83,-1
2025-04-23,2025-04-23 11:17:00,779.53,779.53,779.44,779.44,-0.01,75.97,58308.83,-1
2025-04-23,2025-04-23 11:18:00,779.44,779.44,779.35,779.35,-0.01,75.97,58308.83,-1
2025-04-23,2025-04-23 11:19:00,779.35,779.35,779.27,779.27,-0.01,75.97,58308.83,-1
2025-04-23,2025-04-23 11:20:00,779.27,779.27,779.18,779.18,-0.01,75.97,58308.83,-1
2025-04-23,2025-04-23 11:21:00,779.18,779.18,779.1,779.1,-0.01,75.97,58308.83,-1
2025-04-23,2025-04-23 11:22:00,779.1,779.1,779.01,779.01,-0.01,75.97,58308.83,-1
2025-04-23,2025-04-23 11:23:00,779.01,779.01,778.92,778.92,-0.01,75.97,58308.83,-1
2025-04-23,2025-04-23 11:24:00,778.92,778.92,778.84,778.84,-0.01,75.97,58308.83,-1
2025-04-23,2025-04-23 11:25:00,778.84,778.84,778.75,778.75,-0.01,75.97,58308.83,-1
2025-04-23,2025-04-23 11:26:00,778.75,778.75,778.66,778.66,-0.01,75.97,58308.83,-1
2025-04-23,2025-04-23 11:27:00,778.66,778.66,778.58,778.58,-0.01,75.97,58308.83,-1
2025-04-23,2025-04-23 11:28:00,778.58,778.58,778.49,778.49,-0.01,75.97,58308.83,-1
2025-04-23,2025-04-23 11:29:00,778.49,778.49,778.4,778.4,-0.01,75.97,58308.83,-1
2025-04-23,2025-04-23 11:30:00,778.4,778.4,778.32,778.32,-0.01,75.97,58308.83,-1
2025-04-23,2025-04-23 11:31:00,778.32,778.32,778.23,778.23,-0.01,75.97,58308.83,-1
2025-04-23,2025-04-23 11:32:00,778.23,778.23,778.14,778.14,-0.01,75.97,58308.83,-1
2025-04-23,2025-04-23 11:33:00,778.14,778.14,778.06,778.06,-0.01,75.97,58308.83,-1
2025-04-23,2025-04-23 11:34:00,778.06,778.06,777.97,777.97,-0.01,75.97,58308.83,-1
2025-04-23,2025-04-23 11:35:00,777.97,777.97,777.88,777.88,-0.01,75.97,58308.83,-1
2025-04-23,2025-04-23 11:36:00,777.88,777.88,777.8,777.8,-0.01,75.97,58308.83,-1
2025-04-23,2025-04-23 11:37:00,777.8,777.8,777.71,777.71,-0.01,75.97,58308.83,-1
2025-04-23,2025-04-23 11:38:00,777.71,777.71,777.62,777.62,-0.01,75.97,58308.83,-1
2025-04-23,2025-04-23 11:39:00,777.62,777.62,777.54,777.54,-0.01,75.97,58308.83,-1
2025-04-23,2025-04-23 11:40:00,777.54,777.54,777.45,777.45,-0.01,75.97,58308.83,-1
2025-04-23,2025-04-23 11:41:00,777.45,777.45,777.36,777.36,-0.01,75.97,58308.83,-1
2025-04-23,2025-04-23 11:42:00,777.36,777.36,777.28,777.28,-0.01,75.97,58308.83,-1
2025-04-23,2025-04-23 11:43:00,777.28,777.28,777.19,777.19,-0.01,75.97,58308.83,-1
2025-04-23,2025-04-23 11:44:00,777.19,777.19,777.1,777.1,-0.01,75.97,58308.83,-1
2025-04-23,2025-04-23 11:45:00,777.1,777.1,777.02,777.02,-0.01,75.97,58308.83,-1
2025-04-23,2025-04-23 11:46:00,777.02,777.02,776.93,776.93,-0.01,75.97,58308.83,-1
2025-04-23,2025-04-23 11:47:00,776.93,776.93,776.84,776.84,-0.01,75.97,58308.83,-1
2025-04-23,2025-04-23 11:48:00,776.84,776.84,776.76,776.76,-0.01,75.97,58308.83,-1
2025-04-23,2025-04-23 11:49:00,776.76,776.76,776.67,776.67,-0.01,75.97,58308.83,-1
2025-04-23,2025-04-23 11:50:00,776.67,776.67,776.58,776.58,-0.01,75.97,58308.83,-1
2025-04-23,2025-04-23 11:51:00,776.58,776.58,776.5,776.5,-0.01,75.97,58308.83,-1
2025-04-23,2025-04-23 11:52:00,776.5,776.5,776.41,776.41,-0.01,75.97,58308.83,-1
2025-04-23,2025-04-23 11:53:00,776.41,776.41,776.32,776.32,-0.01,75.97,58308.83,-1
2025-04-23,2025-04-23 11:54:00,776.32,776.32,776.24,776.24,-0.01,75.97,58308.83,-1
2025-04-23,2025-04-23 11:55:00,776.24,776.24,776.15,776.15,-0.01,75.97,58308.83,-1
2025-04-23,2025-04-23 11:56:00,776.15,776.15,776.06,776.06,-0.01,75.97,58308.83,-1
2025-04-23,2025-04-23 11:57:00,776.06,776.06,775.98,775.98,-0.01,75.97,58308.83,-1
2025-04-23,2025-04-23 11:58:00,775.98,775.98,775.89,775.89,-0.01,75.97,58308.83,-1
2025-04-23,2025-04-23 11:59:00,775.89,775.89,775.81,775.81,-0.01,75.97,58308.83,-1
2025-04-23,2025-04-23 12:00:00,775.81,775.81,775.72,775.72,-0.01,75.97,58308.83,-1
2025-04-23,2025-04-23 12:01:00,775.72,775.72,775.63,775.63,-0.01,75.97,58308.83,-1
2025-04-23,2025-04-23 12:02:00,775.63,775.63,775.55,775.55,-0.01,75.97,58308.83,-1
2025-04-23,2025-04-23 12:03:00,775.55,775.55,775.46,775.46,-0.01,75.97,58308.83,-1
2025-04-23,2025-04-23 12:04:00,775.46,775.46,775.37,775.37,-0.01,75.97,58308.83,-1
2025-04-23,2025-04-23 12:05:00,775.37,775.37,775.29,775.29,-0.01,75.97,58308.83,-1
2025-04-23,2025-04-23 12:06:00,775.29,775.29,775.2,775.2,-0.01,75.97,58308.83,-1
2025-04-23,2025-04-23 12:07:00,775.2,775.2,775.11,775.11,-0.01,75.97,58308.83,-1
2025-04-23,2025-04-23 12:08:00,775.11,775.11,775.03,775.03,-0.01,75.97,58308.83,-1
2025-04-23,2025-04-23 12:09:00,775.03,775.03,774.94,774.94,-0.01,75.97,58308.83,-1
2025-04-23,2025-04-23 12:10:00,774.94,774.94,774.85,774.85,-0.01,75.97,58308.83,-1
2025-04-23,2025-04-23 12:11:00,774.85,774.85,774.77,774.77,-0.01,75.97,58308.83,-1
2025-04-23,2025-04-23 12:12:00,774.77,774.77,774.68,774.68,-0.01,75.97,58308.83,-1
2025-04-23,2025-04-23 12:13:00,774.68,774.68,774.59,774.59,-0.01,75.97,58308.83,-1
2025-04-23,2025-04-23 12:14:00,774.59,774.59,774.51,774.51,-0.01,75.97,58308.83,-1
2025-04-23,2025-04-23 12:15:00,774.51,774.51,774.42,774.42,-0.01,75.97,58308.83,-1
2025-04-23,2025-04-23 12:16:00,774.42,774.42,774.33,774.33,-0.01,75.97,58308.83,-1
2025-04-23,2025-04-23 12:17:00,774.33,774.33,774.25,774.25,-0.01,75.97,58308.83,-1
2025-04-23,2025-04-23 12:18:00,774.25,774.25,774.16,774.16,-0.01,75.97,58308.83,-1
2025-04-23,2025-04-23 12:19:00,774.16,774.16,774.07,774.07,-0.01,75.97,58308.83,-1
2025-04-23,2025-04-23 12:20:00,774.07,774.07,773.99,773.99,-0.01,75.97,58308.83,-1
2025-04-23,2025-04-23 12:21:00,773.99,773.99,773.9,773.9,-0.01,75.97,58308.83,-1
2025-04-23,2025-04-23 12:22:00,773.9,773.9,773.81,773.81,-0.01,75.97,58308.83,-1
2025-04-23,2025-04-23 12:23:00,773.81,773.81,773.73,773.73,-0.01,75.97,58308.83,-1
2025-04-23,2025-04-23 12:24:00,773.73,773.73,773.64,773.64,-0.01,75.97,58308.83,-1
2025-04-23,2025-04-23 12:25:00,773.64,773.64,773.55,773.55,-0.01,75.97,58308.83,-1
2025-04-23,2025-04-23 12:26:00,773.55,773.55,773.47,773.47,-0.01,75.97,58308.83,-1
2025-04-23,2025-04-23 12:27:00,773.47,773.47,773.38,773.38,-0.01,75.97,58308.83,-1
2025-04-23,2025-04-23 12:28:00,773.38,773.38,773.29,773.29,-0.01,75.97,58308.83,-1
2025-04-23,2025-04-23 12:29:00,773.29,773.29,773.21,773.21,-0.01,75.97,58308.83,-1
2025-04-23,2025-04-23 12:30:00,773.21,773.21,773.12,773.12,-0.01,75.97,58308.83,-1
2025-04-23,2025-04-23 12:31:00,773.12,773.12,773.03,773.03,-0.01,75.97,58308.83,-1
2025-04-23,2025-04-23 12:32:00,773.03,773.03,772.95,772.95,-0.01,75.97,58308.83,-1
2025-04-23,2025-04-23 12:33:00,772.95,772.95,772.86,772.86,-0.01,75.97,58308.83,-1
2025-04-23,2025-04-23 12:34:00,772.86,772.86,772.77,772.77,-0.01,75.97,58308.83,-1
2025-04-23,2025-04-23 12:35:00,772.77,772.77,772.69,772.69,-0.01,75.97,58308.83,-1
2025-04-23,2025-04-23 12:36:00,772.69,772.69,772.6,772.6,-0.01,75.97,58308.83,-1
2025-04-23,2025-04-23 12:37:00,772.6,772.6,772.51,772.51,-0.01,75.97,58308.83,-1
2025-04-23,2025-04-23 12:38:00,772.51,772.51,772.43,772.43,-0.01,75.97,58308.83,-1
2025-04-23,2025-04-23 12:39:00,772.43,772.43,772.34,772.34,-0.01,75.97,58308.83,-1
2025-04-23,2025-04-23 12:40:00,772.34,772.34,772.26,772.26,-0.01,75.97,58308.83,-1
2025-04-23,2025-04-23 12:41:00,772.26,772.26,772.17,772.17,-0.01,75.97,58308.83,-1
2025-04-23,2025-04-23 12:42:00,772.17,772.17,772.08,772.08,-0.01,75.97,58308.83,-1
2025-04-23,2025-04-23 12:43:00,772.08,772.08,772.0,772.0,-0.01,75.97,58308.83,-1
2025-04-23,2025-04-23 12:44:00,772.0,772.0,771.91,771.91,-0.01,75.97,58308.83,-1
2025-04-23,2025-04-23 12:45:00,771.91,771.91,771.82,771.82,-0.01,75.97,58308.83,-1
2025-04-23,2025-04-23 12:46:00,771.82,771.82,771.74,771.74,-0.01,75.97,58308.83,-1
2025-04-23,2025-04-23 12:47:00,771.74,771.74,771.65,771.65,-0.01,75.97,58308.83,-1
2025-04-23,2025-04-23 12:48:00,771.65,771.65,771.56,771.56,-0.01,75.97,58308.83,-1
2025-04-23,2025-04-23 12:49:00,771.56,771.56,771.48,771.48,-0.01,75.97,58308.83,-1
2025-04-23,2025-04-23 12:50:00,771.48,771.48,771.39,771.39,-0.01,75.97,58308.83,-1
2025-04-23,2025-04-23 12:51:00,771.39,771.39,771.3,771.3,-0.01,75.97,58308.83,-1
2025-04-23,2025-04-23 12:52:00,771.3,771.3,771.22,771.22,-0.01,75.97,58308.83,-1
2025-04-23,2025-04-23 12:53:00,771.22,771.22,771.13,771.13,-0.01,75.97,58308.83,-1
2025-04-23,2025-04-23 12:54:00,771.13,771.13,771.04,771.04,-0.01,75.97,58308.83,-1
2025-04-23,2025-04-23 12:55:00,771.04,771.04,770.96,770.96,-0.01,75.97,58308.83,-1
2025-04-23,2025-04-23 12:56:00,770.96,770.96,770.87,770.87,-0.01,75.97,58308.83,-1
2025-04-23,2025-04-23 12:57:00,770.87,770.87,770.78,770.78,-0.01,75.97,58308.83,-1
2025-04-23,2025-04-23 12:58:00,770.78,770.78,770.7,770.7,-0.01,75.97,58308.83,-1
2025-04-23,2025-04-23 12:59:00,770.7,770.7,770.61,770.61,-0.01,75.97,58308.83,-1
2025-04-23,2025-04-23 13:00:00,770.61,781.0,760.0,770.52,-0.01,75.97,58308.83,-1
2025-04-23,2025-04-23 13:01:00,770.52,770.52,770.44,770.44,-0.01,75.97,58308.83,-1
2025-04-23,2025-04-23 13:02:00,770.44,770.44,770.35,770.35,-0.01,75.97,58308.83,-1
2025-04-23,2025-04-23 13:03:00,770.35,770.35,770.26,770.26,-0.01,75.97,58308.83,-1
2025-04-23,2025-04-23 13:04:00,770.26,770.26,770.18,770.18,-0.01,75.97,58308.83,-1
2025-04-23,2025-04-23 13:05:00,770.18,770.18,770.09,770.09,-0.01,75.97,58308.83,-1
2025-04-23,2025-04-23 13:06:00,770.09,770.09,770.0,770.0,-0.01,75.97,58308.83,-1
2025-04-23,2025-04-23 13:07:00,770.0,770.0,769.92,769.92,-0.01,75.97,58308.83,-1
2025-04-23,2025-04-23 13:08:00,769.92,769.92,769.83,769.83,-0.01,75.97,58308.83,-1
2025-04-23,2025-04-23 13:09:00,769.83,769.83,769.74,769.74,-0.01,75.97,58308.83,-1
2025-04-23,2025-04-23 13:10:00,769.74,769.74,769.66,769.66,-0.01,75.97,58308.83,-1
2025-04-23,2025-04-23 13:11:00,769.66,769.66,769.57,769.57,-0.01,75.97,58308.83,-1
2025-04-23,2025-04-23 13:12:00,769.57,769.57,769.48,769.48,-0.01,75.97,58308.83,-1
2025-04-23,2025-04-23 13:13:00,769.48,769.48,769.4,769.4,-0.01,75.97,58308.83,-1
2025-04-23,2025-04-23 13:14:00,769.4,769.4,769.31,769.31,-0.01,75.97,58308.83,-1
2025-04-23,2025-04-23 13:15:00,769.31,769.31,769.22,769.22,-0.01,75.97,58308.83,-1
2025-04-23,2025-04-23 13:16:00,769.22,769.22,769.14,769.14,-0.01,75.97,58308.83,-1
2025-04-23,2025-04-23 13:17:00,769.14,769.14,769.05,769.05,-0.01,75.97,58308.83,-1
2025-04-23,2025-04-23 13:18:00,769.05,769.05,768.96,768.96,-0.01,75.97,58308.83,-1
2025-04-23,2025-04-23 13:19:00,768.96,768.96,768.88,768.88,-0.01,75.97,58308.83,-1
2025-04-23,2025-04-23 13:20:00,768.88,768.88,768.79,768.79,-0.01,75.97,58308.83,-1
2025-04-23,2025-04-23 13:21:00,768.79,768.79,768.71,768.71,-0.01,75.97,58308.83,-1
2025-04-23,2025-04-23 13:22:00,768.71,768.71,768.62,768.62,-0.01,75.97,58308.83,-1
2025-04-23,2025-04-23 13:23:00,768.62,768.62,768.53,768.53,-0.01,75.97,58308.83,-1
2025-04-23,2025-04-23 13:24:00,768.53,768.53,768.45,768.45,-0.01,75.97,58308.83,-1
2025-04-23,2025-04-23 13:25:00,768.45,768.45,768.36,768.36,-0.01,75.97,58308.83,-1
2025-04-23,2025-04-23 13:26:00,768.36,768.36,768.27,768.27,-0.01,75.97,58308.83,-1
2025-04-23,2025-04-23 13:27:00,768.27,768.27,768.19,768.19,-0.01,75.97,58308.83,-1
2025-04-23,2025-04-23 13:28:00,768.19,768.19,768.1,768.1,-0.01,75.97,58308.83,-1
2025-04-23,2025-04-23 13:29:00,768.1,768.1,768.01,768.01,-0.01,75.97,58308.83,-1
2025-04-23,2025-04-23 13:30:00,768.01,768.01,767.93,767.93,-0.01,75.97,58308.83,-1
2025-04-23,2025-04-23 13:31:00,767.93,767.93,767.84,767.84,-0.01,75.97,58308.83,-1
2025-04-23,2025-04-23 13:32:00,767.84,767.84,767.75,767.75,-0.01,75.97,58308.83,-1
2025-04-23,2025-04-23 13:33:00,767.75,767.75,767.67,767.67,-0.01,75.97,58308.83,-1
2025-04-23,2025-04-23 13:34:00,767.67,767.67,767.58,767.58,-0.01,75.97,58308.83,-1
2025-04-23,2025-04-23 13:35:00,767.58,767.58,767.49,767.49,-0.01,75.97,58308.83,-1
2025-04-23,2025-04-23 13:36:00,767.49,767.49,767.41,767.41,-0.01,75.97,58308.83,-1
2025-04-23,2025-04-23 13:37:00,767.41,767.41,767.32,767.32,-0.01,75.97,58308.83,-1
2025-04-23,2025-04-23 13:38:00,767.32,767.32,767.23,767.23,-0.01,75.97,58308.83,-1
2025-04-23,2025-04-23 13:39:00,767.23,767.23,767.15,767.15,-0.01,75.97,58308.83,-1
2025-04-23,2025-04-23 13:40:00,767.15,767.15,767.06,767.06,-0.01,75.97,58308.83,-1
2025-04-23,2025-04-23 13:41:00,767.06,767.06,766.97,766.97,-0.01,75.97,58308.83,-1
2025-04-23,2025-04-23 13:42:00,766.97,766.97,766.89,766.89,-0.01,75.97,58308.83,-1
2025-04-23,2025-04-23 13:43:00,766.89,766.89,766.8,766.8,-0.01,75.97,58308.83,-1
2025-04-23,2025-04-23 13:44:00,766.8,766.8,766.71,766.71,-0.01,75.97,58308.83,-1
2025-04-23,2025-04-23 13:45:00,766.71,766.71,766.63,766.63,-0.01,75.97,58308.83,-1
2025-04-23,2025-04-23 13:46:00,766.63,766.63,766.54,766.54,-0.01,75.97,58308.83,-1
2025-04-23,2025-04-23 13:47:00,766.54,766.54,766.45,766.45,-0.01,75.97,58308.83,-1
2025-04-23,2025-04-23 13:48:00,766.45,766.45,766.37,766.37,-0.01,75.97,58308.83,-1
2025-04-23,2025-04-23 13:49:00,766.37,766.37,766.28,766.28,-0.01,75.97,58308.83,-1
2025-04-23,2025-04-23 13:50:00,766.28,766.28,766.19,766.19,-0.01,75.97,58308.83,-1
2025-04-23,2025-04-23 13:51:00,766.19,766.19,766.11,766.11,-0.01,75.97,58308.83,-1
2025-04-23,2025-04-23 13:52:00,766.11,766.11,766.02,766.02,-0.01,75.97,58308.83,-1
2025-04-23,2025-04-23 13:53:00,766.02,766.02,765.93,765.93,-0.01,75.97,58308.83,-1
2025-04-23,2025-04-23 13:54:00,765.93,765.93,765.85,765.85,-0.01,75.97,58308.83,-1
2025-04-23,2025-04-23 13:55:00,765.85,765.85,765.76,765.76,-0.01,75.97,58308.83,-1
2025-04-23,2025-04-23 13:56:00,765.76,765.76,765.67,765.67,-0.01,75.97,58308.83,-1
2025-04-23,2025-04-23 13:57:00,765.67,765.67,765.59,765.59,-0.01,75.97,58308.83,-1
2025-04-23,2025-04-23 13:58:00,765.59,765.59,765.5,765.5,-0.01,75.97,58308.83,-1
2025-04-23,2025-04-23 13:59:00,765.5,765.5,765.41,765.41,-0.01,75.97,58308.83,-1
2025-04-23,2025-04-23 14:00:00,765.41,765.41,765.33,765.33,-0.01,75.97,58308.83,-1
2025-04-23,2025-04-23 14:01:00,765.33,765.33,765.24,765.24,-0.01,75.97,58308.83,-1
2025-04-23,2025-04-23 14:02:00,765.24,765.24,765.16,765.16,-0.01,75.97,58308.83,-1
2025-04-23,2025-04-23 14:03:00,765.16,765.16,765.07,765.07,-0.01,75.97,58308.83,-1
2025-04-23,2025-04-23 14:04:00,765.07,765.07,764.98,764.98,-0.01,75.97,58308.83,-1
2025-04-23,2025-04-23 14:05:00,764.98,764.98,764.9,764.9,-0.01,75.97,58308.83,-1
2025-04-23,2025-04-23 14:06:00,764.9,764.9,764.81,764.81,-0.01,75.97,58308.83,-1
2025-04-23,2025-04-23 14:07:00,764.81,764.81,764.72,764.72,-0.01,75.97,58308.83,-1
2025-04-23,2025-04-23 14:08:00,764.72,764.72,764.64,764.64,-0.01,75.97,58308.83,-1
2025-04-23,2025-04-23 14:09:00,764.64,764.64,764.55,764.55,-0.01,75.97,58308.83,-1
2025-04-23,2025-04-23 14:10:00,764.55,764.55,764.46,764.46,-0.01,75.97,58308.83,-1
2025-04-23,2025-04-23 14:11:00,764.46,764.46,764.38,764.38,-0.01,75.97,58308.83,-1
2025-04-23,2025-04-23 14:12:00,764.38,764.38,764.29,764.29,-0.01,75.97,58308.83,-1
2025-04-23,2025-04-23 14:13:00,764.29,764.29,764.2,764.2,-0.01,75.97,58308.83,-1
2025-04-23,2025-04-23 14:14:00,764.2,764.2,764.12,764.12,-0.01,75.97,58308.83,-1
2025-04-23,2025-04-23 14:15:00,764.12,764.12,764.03,764.03,-0.01,75.97,58308.83,-1
2025-04-23,2025-04-23 14:16:00,764.03,764.03,763.94,763.94,-0.01,75.97,58308.83,-1
2025-04-23,2025-04-23 14:17:00,763.94,763.94,763.86,763.86,-0.01,75.97,58308.83,-1
2025-04-23,2025-04-23 14:18:00,763.86,763.86,763.77,763.77,-0.01,75.97,58308.83,-1
2025-04-23,2025-04-23 14:19:00,763.77,763.77,763.68,763.68,-0.01,75.97,58308.83,-1
2025-04-23,2025-04-23 14:20:00,763.68,763.68,763.6,763.6,-0.01,75.97,58308.83,-1
2025-04-23,2025-04-23 14:21:00,763.6,763.6,763.51,763.51,-0.01,75.97,58308.83,-1
2025-04-23,2025-04-23 14:22:00,763.51,763.51,763.42,763.42,-0.01,75.97,58308.83,-1
2025-04-23,2025-04-23 14:23:00,763.42,763.42,763.34,763.34,-0.01,75.97,58308.83,-1
2025-04-23,2025-04-23 14:24:00,763.34,763.34,763.25,763.25,-0.01,75.97,58308.83,-1
2025-04-23,2025-04-23 14:25:00,763.25,763.25,763.16,763.16,-0.01,75.97,58308.83,-1
2025-04-23,2025-04-23 14:26:00,763.16,763.16,763.08,763.08,-0.01,75.97,58308.83,-1
2025-04-23,2025-04-23 14:27:00,763.08,763.08,762.99,762.99,-0.01,75.97,58308.83,-1
2025-04-23,2025-04-23 14:28:00,762.99,762.99,762.9,762.9,-0.01,75.97,58308.83,-1
2025-04-23,2025-04-23 14:29:00,762.9,762.9,762.82,762.82,-0.01,75.97,58308.83,-1
2025-04-23,2025-04-23 14:30:00,762.82,762.82,762.73,762.73,-0.01,75.97,58308.83,-1
2025-04-23,2025-04-23 14:31:00,762.73,762.73,762.64,762.64,-0.01,75.97,58308.83,-1
2025-04-23,2025-04-23 14:32:00,762.64,762.64,762.56,762.56,-0.01,75.97,58308.83,-1
2025-04-23,2025-04-23 14:33:00,762.56,762.56,762.47,762.47,-0.01,75.97,58308.83,-1
2025-04-23,2025-04-23 14:34:00,762.47,762.47,762.38,762.38,-0.01,75.97,58308.83,-1
2025-04-23,2025-04-23 14:35:00,762.38,762.38,762.3,762.3,-0.01,75.97,58308.83,-1
2025-04-23,2025-04-23 14:36:00,762.3,762.3,762.21,762.21,-0.01,75.97,58308.83,-1
2025-04-23,2025-04-23 14:37:00,762.21,762.21,762.12,762.12,-0.01,75.97,58308.83,-1
2025-04-23,2025-04-23 14:38:00,762.12,762.12,762.04,762.04,-0.01,75.97,58308.83,-1
2025-04-23,2025-04-23 14:39:00,762.04,762.04,761.95,761.95,-0.01,75.97,58308.83,-1
2025-04-23,2025-04-23 14:40:00,761.95,761.95,761.87,761.87,-0.01,75.97,58308.83,-1
2025-04-23,2025-04-23 14:41:00,761.87,761.87,761.78,761.78,-0.01,75.97,58308.83,-1
2025-04-23,2025-04-23 14:42:00,761.78,761.78,761.69,761.69,-0.01,75.97,58308.83,-1
2025-04-23,2025-04-23 14:43:00,761.69,761.69,761.61,761.61,-0.01,75.97,58308.83,-1
2025-04-23,2025-04-23 14:44:00,761.61,761.61,761.52,761.52,-0.01,75.97,58308.83,-1
2025-04-23,2025-04-23 14:45:00,761.52,761.52,761.43,761.43,-0.01,75.97,58308.83,-1
2025-04-23,2025-04-23 14:46:00,761.43,761.43,761.35,761.35,-0.01,75.97,58308.83,-1
2025-04-23,2025-04-23 14:47:00,761.35,761.35,761.26,761.26,-0.01,75.97,58308.83,-1
2025-04-23,2025-04-23 14:48:00,761.26,761.26,761.17,761.17,-0.01,75.97,58308.83,-1
2025-04-23,2025-04-23 14:49:00,761.17,761.17,761.09,761.09,-0.01,75.97,58308.83,-1
2025-04-23,2025-04-23 14:50:00,761.09,761.09,761.0,761.0,-0.01,75.97,58308.83,-1
2025-04-23,2025-04-23 14:51:00,761.0,761.0,760.91,760.91,-0.01,75.97,58308.83,-1
2025-04-23,2025-04-23 14:52:00,760.91,760.91,760.83,760.83,-0.01,75.97,58308.83,-1
2025-04-23,2025-04-23 14:53:00,760.83,760.83,760.74,760.74,-0.01,75.97,58308.83,-1
2025-04-23,2025-04-23 14:54:00,760.74,760.74,760.65,760.65,-0.01,75.97,58308.83,-1
2025-04-23,2025-04-23 14:55:00,760.65,760.65,760.57,760.57,-0.01,75.97,58308.83,-1
2025-04-23,2025-04-23 14:56:00,760.57,760.57,760.48,760.48,-0.01,75.97,58308.83,-1
2025-04-23,2025-04-23 14:57:00,760.48,760.48,760.39,760.39,-0.01,75.97,58308.83,-1
2025-04-23,2025-04-23 14:58:00,760.39,760.39,760.31,760.31,-0.01,75.97,58308.83,-1
2025-04-23,2025-04-23 14:59:00,760.31,760.31,760.22,760.22,-0.01,75.97,58308.83,-1
2025-04-23,2025-04-23 15:00:00,760.22,781.0,760.0,760.22,0.0,75.97,58308.83,0
2025-04-24,2025-04-24 11:00:00,750.0,758.97,750.0,750.06,0.01,71.88,54738.48,1
2025-04-24,2025-04-24 11:01:00,750.06,750.13,750.06,750.13,0.01,71.88,54738.48,1
2025-04-24,2025-04-24 11:02:00,750.13,750.19,750.13,750.19,0.01,71.88,54738.48,1
2025-04-24,2025-04-24 11:03:00,750.19,750.26,750.19,750.26,0.01,71.88,54738.48,1
2025-04-24,2025-04-24 11:04:00,750.26,750.32,750.26,750.32,0.01,71.88,54738.48,1
2025-04-24,2025-04-24 11:05:00,750.32,750.39,750.32,750.39,0.01,71.88,54738.48,1
2025-04-24,2025-04-24 11:06:00,750.39,750.45,750.39,750.45,0.01,71.88,54738.48,1
2025-04-24,2025-04-24 11:07:00,750.45,750.52,750.45,750.52,0.01,71.88,54738.48,1
2025-04-24,2025-04-24 11:08:00,750.52,750.58,750.52,750.58,0.01,71.88,54738.48,1
2025-04-24,2025-04-24 11:09:00,750.58,750.64,750.58,750.64,0.01,71.88,54738.48,1
2025-04-24,2025-04-24 11:10:00,750.64,750.71,750.64,750.71,0.01,71.88,54738.48,1
2025-04-24,2025-04-24 11:11:00,750.71,750.77,750.71,750.77,0.01,71.88,54738.48,1
2025-04-24,2025-04-24 11:12:00,750.77,750.84,750.77,750.84,0.01,71.88,54738.48,1
2025-04-24,2025-04-24 11:13:00,750.84,750.9,750.84,750.9,0.01,71.88,54738.48,1
2025-04-24,2025-04-24 11:14:00,750.9,750.97,750.9,750.97,0.01,71.88,54738.48,1
2025-04-24,2025-04-24 11:15:00,750.97,751.03,750.97,751.03,0.01,71.88,54738.48,1
2025-04-24,2025-04-24 11:16:00,751.03,751.1,751.03,751.1,0.01,71.88,54738.48,1
2025-04-24,2025-04-24 11:17:00,751.1,751.16,751.1,751.16,0.01,71.88,54738.48,1
2025-04-24,2025-04-24 11:18:00,751.16,751.22,751.16,751.22,0.01,71.88,54738.48,1
2025-04-24,2025-04-24 11:19:00,751.22,751.29,751.22,751.29,0.01,71.88,54738.48,1
2025-04-24,2025-04-24 11:20:00,751.29,751.35,751.29,751.35,0.01,71.88,54738.48,1
2025-04-24,2025-04-24 11:21:00,751.35,751.42,751.35,751.42,0.01,71.88,54738.48,1
2025-04-24,2025-04-24 11:22:00,751.42,751.48,751.42,751.48,0.01,71.88,54738.48,1
2025-04-24,2025-04-24 11:23:00,751.48,751.55,751.48,751.55,0.01,71.88,54738.48,1
2025-04-24,2025-04-24 11:24:00,751.55,751.61,751.55,751.61,0.01,71.88,54738.48,1
2025-04-24,2025-04-24 11:25:00,751.61,751.67,751.61,751.67,0.01,71.88,54738.48,1
2025-04-24,2025-04-24 11:26:00,751.67,751.74,751.67,751.74,0.01,71.88,54738.48,1
2025-04-24,2025-04-24 11:27:00,751.74,751.8,751.74,751.8,0.01,71.88,54738.48,1
2025-04-24,2025-04-24 11:28:00,751.8,751.87,751.8,751.87,0.01,71.88,54738.48,1
2025-04-24,2025-04-24 11:29:00,751.87,751.93,751.87,751.93,0.01,71.88,54738.48,1
2025-04-24,2025-04-24 11:30:00,751.93,752.0,751.93,752.0,0.01,71.88,54738.48,1
2025-04-24,2025-04-24 11:31:00,752.0,752.06,752.0,752.06,0.01,71.88,54738.48,1
2025-04-24,2025-04-24 11:32:00,752.06,752.13,752.06,752.13,0.01,71.88,54738.48,1
2025-04-24,2025-04-24 11:33:00,752.13,752.19,752.13,752.19,0.01,71.88,54738.48,1
2025-04-24,2025-04-24 11:34:00,752.19,752.25,752.19,752.25,0.01,71.88,54738.48,1
2025-04-24,2025-04-24 11:35:00,752.25,752.32,752.25,752.32,0.01,71.88,54738.48,1
2025-04-24,2025-04-24 11:36:00,752.32,752.38,752.32,752.38,0.01,71.88,54738.48,1
2025-04-24,2025-04-24 11:37:00,752.38,752.45,752.38,752.45,0.01,71.88,54738.48,1
2025-04-24,2025-04-24 11:38:00,752.45,752.51,752.45,752.51,0.01,71.88,54738.48,1
2025-04-24,2025-04-24 11:39:00,752.51,752.58,752.51,752.58,0.01,71.88,54738.48,1
2025-04-24,2025-04-24 11:40:00,752.58,752.64,752.58,752.64,0.01,71.88,54738.48,1
2025-04-24,2025-04-24 11:41:00,752.64,752.71,752.64,752.71,0.01,71.88,54738.48,1
2025-04-24,2025-04-24 11:42:00,752.71,752.77,752.71,752.77,0.01,71.88,54738.48,1
2025-04-24,2025-04-24 11:43:00,752.77,752.83,752.77,752.83,0.01,71.88,54738.48,1
2025-04-24,2025-04-24 11:44:00,752.83,752.9,752.83,752.9,0.01,71.88,54738.48,1
2025-04-24,2025-04-24 11:45:00,752.9,752.96,752.9,752.96,0.01,71.88,54738.48,1
2025-04-24,2025-04-24 11:46:00,752.96,753.03,752.96,753.03,0.01,71.88,54738.48,1
2025-04-24,2025-04-24 11:47:00,753.03,753.09,753.03,753.09,0.01,71.88,54738.48,1
2025-04-24,2025-04-24 11:48:00,753.09,753.16,753.09,753.16,0.01,71.88,54738.48,1
2025-04-24,2025-04-24 11:49:00,753.16,753.22,753.16,753.22,0.01,71.88,54738.48,1
2025-04-24,2025-04-24 11:50:00,753.22,753.29,753.22,753.29,0.01,71.88,54738.48,1
2025-04-24,2025-04-24 11:51:00,753.29,753.35,753.29,753.35,0.01,71.88,54738.48,1
2025-04-24,2025-04-24 11:52:00,753.35,753.41,753.35,753.41,0.01,71.88,54738.48,1
2025-04-24,2025-04-24 11:53:00,753.41,753.48,753.41,753.48,0.01,71.88,54738.48,1
2025-04-24,2025-04-24 11:54:00,753.48,753.54,753.48,753.54,0.01,71.88,54738.48,1
2025-04-24,2025-04-24 11:55:00,753.54,753.61,753.54,753.61,0.01,71.88,54738.48,1
2025-04-24,2025-04-24 11:56:00,753.61,753.67,753.61,753.67,0.01,71.88,54738.48,1
2025-04-24,2025-04-24 11:57:00,753.67,753.74,753.67,753.74,0.01,71.88,54738.48,1
2025-04-24,2025-04-24 11:58:00,753.74,753.8,753.74,753.8,0.01,71.88,54738.48,1
2025-04-24,2025-04-24 11:59:00,753.8,753.87,753.8,753.87,0.01,71.88,54738.48,1
2025-04-24,2025-04-24 12:00:00,753.87,753.93,753.87,753.93,0.01,71.88,54738.48,1
2025-04-24,2025-04-24 12:01:00,753.93,753.99,753.93,753.99,0.01,71.88,54738.48,1
2025-04-24,2025-04-24 12:02:00,753.99,754.06,753.99,754.06,0.01,71.88,54738.48,1
2025-04-24,2025-04-24 12:03:00,754.06,754.12,754.06,754.12,0.01,71.88,54738.48,1
2025-04-24,2025-04-24 12:04:00,754.12,754.19,754.12,754.19,0.01,71.88,54738.48,1
2025-04-24,2025-04-24 12:05:00,754.19,754.25,754.19,754.25,0.01,71.88,54738.48,1
2025-04-24,2025-04-24 12:06:00,754.25,754.32,754.25,754.32,0.01,71.88,54738.48,1
2025-04-24,2025-04-24 12:07:00,754.32,754.38,754.32,754.38,0.01,71.88,54738.48,1
2025-04-24,2025-04-24 12:08:00,754.38,754.44,754.38,754.44,0.01,71.88,54738.48,1
2025-04-24,2025-04-24 12:09:00,754.44,754.51,754.44,754.51,0.01,71.88,54738.48,1
2025-04-24,2025-04-24 12:10:00,754.51,754.57,754.51,754.57,0.01,71.88,54738.48,1
2025-04-24,2025-04-24 12:11:00,754.57,754.64,754.57,754.64,0.01,71.88,54738.48,1
2025-04-24,2025-04-24 12:12:00,754.64,754.7,754.64,754.7,0.01,71.88,54738.48,1
2025-04-24,2025-04-24 12:13:00,754.7,754.77,754.7,754.77,0.01,71.88,54738.48,1
2025-04-24,2025-04-24 12:14:00,754.77,754.83,754.77,754.83,0.01,71.88,54738.48,1
2025-04-24,2025-04-24 12:15:00,754.83,754.9,754.83,754.9,0.01,71.88,54738.48,1
2025-04-24,2025-04-24 12:16:00,754.9,754.96,754.9,754.96,0.01,71.88,54738.48,1
2025-04-24,2025-04-24 12:17:00,754.96,755.02,754.96,755.02,0.01,71.88,54738.48,1
2025-04-24,2025-04-24 12:18:00,755.02,755.09,755.02,755.09,0.01,71.88,54738.48,1
2025-04-24,2025-04-24 12:19:00,755.09,755.15,755.09,755.15,0.01,71.88,54738.48,1
2025-04-24,2025-04-24 12:20:00,755.15,755.22,755.15,755.22,0.01,71.88,54738.48,1
2025-04-24,2025-04-24 12:21:00,755.22,755.28,755.22,755.28,0.01,71.88,54738.48,1
2025-04-24,2025-04-24 12:22:00,755.28,755.35,755.28,755.35,0.01,71.88,54738.48,1
2025-04-24,2025-04-24 12:23:00,755.35,755.41,755.35,755.41,0.01,71.88,54738.48,1
2025-04-24,2025-04-24 12:24:00,755.41,755.48,755.41,755.48,0.01,71.88,54738.48,1
2025-04-24,2025-04-24 12:25:00,755.48,755.54,755.48,755.54,0.01,71.88,54738.48,1
2025-04-24,2025-04-24 12:26:00,755.54,755.6,755.54,755.6,0.01,71.88,54738.48,1
2025-04-24,2025-04-24 12:27:00,755.6,755.67,755.6,755.67,0.01,71.88,54738.48,1
2025-04-24,2025-04-24 12:28:00,755.67,755.73,755.67,755.73,0.01,71.88,54738.48,1
2025-04-24,2025-04-24 12:29:00,755.73,755.8,755.73,755.8,0.01,71.88,54738.48,1
2025-04-24,2025-04-24 12:30:00,755.8,755.86,755.8,755.86,0.01,71.88,54738.48,1
2025-04-24,2025-04-24 12:31:00,755.86,755.93,755.86,755.93,0.01,71.88,54738.48,1
2025-04-24,2025-04-24 12:32:00,755.93,755.99,755.93,755.99,0.01,71.88,54738.48,1
2025-04-24,2025-04-24 12:33:00,755.99,756.06,755.99,756.06,0.01,71.88,54738.48,1
2025-04-24,2025-04-24 12:34:00,756.06,756.12,756.06,756.12,0.01,71.88,54738.48,1
2025-04-24,2025-04-24 12:35:00,756.12,756.18,756.12,756.18,0.01,71.88,54738.48,1
2025-04-24,2025-04-24 12:36:00,756.18,756.25,756.18,756.25,0.01,71.88,54738.48,1
2025-04-24,2025-04-24 12:37:00,756.25,756.31,756.25,756.31,0.01,71.88,54738.48,1
2025-04-24,2025-04-24 12:38:00,756.31,756.38,756.31,756.38,0.01,71.88,54738.48,1
2025-04-24,2025-04-24 12:39:00,756.38,756.44,756.38,756.44,0.01,71.88,54738.48,1
2025-04-24,2025-04-24 12:40:00,756.44,756.51,756.44,756.51,0.01,71.88,54738.48,1
2025-04-24,2025-04-24 12:41:00,756.51,756.57,756.51,756.57,0.01,71.88,54738.48,1
2025-04-24,2025-04-24 12:42:00,756.57,756.63,756.57,756.63,0.01,71.88,54738.48,1
2025-04-24,2025-04-24 12:43:00,756.63,756.7,756.63,756.7,0.01,71.88,54738.48,1
2025-04-24,2025-04-24 12:44:00,756.7,756.76,756.7,756.76,0.01,71.88,54738.48,1
2025-04-24,2025-04-24 12:45:00,756.76,756.83,756.76,756.83,0.01,71.88,54738.48,1
2025-04-24,2025-04-24 12:46:00,756.83,756.89,756.83,756.89,0.01,71.88,54738.48,1
2025-04-24,2025-04-24 12:47:00,756.89,756.96,756.89,756.96,0.01,71.88,54738.48,1
2025-04-24,2025-04-24 12:48:00,756.96,757.02,756.96,757.02,0.01,71.88,54738.48,1
2025-04-24,2025-04-24 12:49:00,757.02,757.09,757.02,757.09,0.01,71.88,54738.48,1
2025-04-24,2025-04-24 12:50:00,757.09,757.15,757.09,757.15,0.01,71.88,54738.48,1
2025-04-24,2025-04-24 12:51:00,757.15,757.21,757.15,757.21,0.01,71.88,54738.48,1
2025-04-24,2025-04-24 12:52:00,757.21,757.28,757.21,757.28,0.01,71.88,54738.48,1
2025-04-24,2025-04-24 12:53:00,757.28,757.34,757.28,757.34,0.01,71.88,54738.48,1
2025-04-24,2025-04-24 12:54:00,757.34,757.41,757.34,757.41,0.01,71.88,54738.48,1
2025-04-24,2025-04-24 12:55:00,757.41,757.47,757.41,757.47,0.01,71.88,54738.48,1
2025-04-24,2025-04-24 12:56:00,757.47,757.54,757.47,757.54,0.01,71.88,54738.48,1
2025-04-24,2025-04-24 12:57:00,757.54,757.6,757.54,757.6,0.01,71.88,54738.48,1
2025-04-24,2025-04-24 12:58:00,757.6,757.67,757.6,757.67,0.01,71.88,54738.48,1
2025-04-24,2025-04-24 12:59:00,757.67,757.73,757.67,757.73,0.01,71.88,54738.48,1
2025-04-24,2025-04-24 13:00:00,757.73,779.9,750.0,757.79,0.01,71.88,54738.48,1
2025-04-24,2025-04-24 13:01:00,757.79,757.86,757.79,757.86,0.01,71.88,54738.48,1
2025-04-24,2025-04-24 13:02:00,757.86,757.92,757.86,757.92,0.01,71.88,54738.48,1
2025-04-24,2025-04-24 13:03:00,757.92,757.99,757.92,757.99,0.01,71.88,54738.48,1
2025-04-24,2025-04-24 13:04:00,757.99,758.05,757.99,758.05,0.01,71.88,54738.48,1
2025-04-24,2025-04-24 13:05:00,758.05,758.12,758.05,758.12,0.01,71.88,54738.48,1
2025-04-24,2025-04-24 13:06:00,758.12,758.18,758.12,758.18,0.01,71.88,54738.48,1
2025-04-24,2025-04-24 13:07:00,758.18,758.25,758.18,758.25,0.01,71.88,54738.48,1
2025-04-24,2025-04-24 13:08:00,758.25,758.31,758.25,758.31,0.01,71.88,54738.48,1
2025-04-24,2025-04-24 13:09:00,758.31,758.37,758.31,758.37,0.01,71.88,54738.48,1
2025-04-24,2025-04-24 13:10:00,758.37,758.44,758.37,758.44,0.01,71.88,54738.48,1
2025-04-24,2025-04-24 13:11:00,758.44,758.5,758.44,758.5,0.01,71.88,54738.48,1
2025-04-24,2025-04-24 13:12:00,758.5,758.57,758.5,758.57,0.01,71.88,54738.48,1
2025-04-24,2025-04-24 13:13:00,758.57,758.63,758.57,758.63,0.01,71.88,54738.48,1
2025-04-24,2025-04-24 13:14:00,758.63,758.7,758.63,758.7,0.01,71.88,54738.48,1
2025-04-24,2025-04-24 13:15:00,758.7,758.76,758.7,758.76,0.01,71.88,54738.48,1
2025-04-24,2025-04-24 13:16:00,758.76,758.83,758.76,758.83,0.01,71.88,54738.48,1
2025-04-24,2025-04-24 13:17:00,758.83,758.89,758.83,758.89,0.01,71.88,54738.48,1
2025-04-24,2025-04-24 13:18:00,758.89,758.95,758.89,758.95,0.01,71.88,54738.48,1
2025-04-24,2025-04-24 13:19:00,758.95,759.02,758.95,759.02,0.01,71.88,54738.48,1
2025-04-24,2025-04-24 13:20:00,759.02,759.08,759.02,759.08,0.01,71.88,54738.48,1
2025-04-24,2025-04-24 13:21:00,759.08,759.15,759.08,759.15,0.01,71.88,54738.48,1
2025-04-24,2025-04-24 13:22:00,759.15,759.21,759.15,759.21,0.01,71.88,54738.48,1
2025-04-24,2025-04-24 13:23:00,759.21,759.28,759.21,759.28,0.01,71.88,54738.48,1
2025-04-24,2025-04-24 13:24:00,759.28,759.34,759.28,759.34,0.01,71.88,54738.48,1
2025-04-24,2025-04-24 13:25:00,759.34,759.4,759.34,759.4,0.01,71.88,54738.48,1
2025-04-24,2025-04-24 13:26:00,759.4,759.47,759.4,759.47,0.01,71.88,54738.48,1
2025-04-24,2025-04-24 13:27:00,759.47,759.53,759.47,759.53,0.01,71.88,54738.48,1
2025-04-24,2025-04-24 13:28:00,759.53,759.6,759.53,759.6,0.01,71.88,54738.48,1
2025-04-24,2025-04-24 13:29:00,759.6,759.66,759.6,759.66,0.01,71.88,54738.48,1
2025-04-24,2025-04-24 13:30:00,759.66,759.73,759.66,759.73,0.01,71.88,54738.48,1
2025-04-24,2025-04-24 13:31:00,759.73,759.79,759.73,759.79,0.01,71.88,54738.48,1
2025-04-24,2025-04-24 13:32:00,759.79,759.86,759.79,759.86,0.01,71.88,54738.48,1
2025-04-24,2025-04-24 13:33:00,759.86,759.92,759.86,759.92,0.01,71.88,54738.48,1
2025-04-24,2025-04-24 13:34:00,759.92,759.98,759.92,759.98,0.01,71.88,54738.48,1
2025-04-24,2025-04-24 13:35:00,759.98,760.05,759.98,760.05,0.01,71.88,54738.48,1
2025-04-24,2025-04-24 13:36:00,760.05,760.11,760.05,760.11,0.01,71.88,54738.48,1
2025-04-24,2025-04-24 13:37:00,760.11,760.18,760.11,760.18,0.01,71.88,54738.48,1
2025-04-24,2025-04-24 13:38:00,760.18,760.24,760.18,760.24,0.01,71.88,54738.48,1
2025-04-24,2025-04-24 13:39:00,760.24,760.31,760.24,760.31,0.01,71.88,54738.48,1
2025-04-24,2025-04-24 13:40:00,760.31,760.37,760.31,760.37,0.01,71.88,54738.48,1
2025-04-24,2025-04-24 13:41:00,760.37,760.44,760.37,760.44,0.01,71.88,54738.48,1
2025-04-24,2025-04-24 13:42:00,760.44,760.5,760.44,760.5,0.01,71.88,54738.48,1
2025-04-24,2025-04-24 13:43:00,760.5,760.56,760.5,760.56,0.01,71.88,54738.48,1
2025-04-24,2025-04-24 13:44:00,760.56,760.63,760.56,760.63,0.01,71.88,54738.48,1
2025-04-24,2025-04-24 13:45:00,760.63,760.69,760.63,760.69,0.01,71.88,54738.48,1
2025-04-24,2025-04-24 13:46:00,760.69,760.76,760.69,760.76,0.01,71.88,54738.48,1
2025-04-24,2025-04-24 13:47:00,760.76,760.82,760.76,760.82,0.01,71.88,54738.48,1
2025-04-24,2025-04-24 13:48:00,760.82,760.89,760.82,760.89,0.01,71.88,54738.48,1
2025-04-24,2025-04-24 13:49:00,760.89,760.95,760.89,760.95,0.01,71.88,54738.48,1
2025-04-24,2025-04-24 13:50:00,760.95,761.02,760.95,761.02,0.01,71.88,54738.48,1
2025-04-24,2025-04-24 13:51:00,761.02,761.08,761.02,761.08,0.01,71.88,54738.48,1
2025-04-24,2025-04-24 13:52:00,761.08,761.14,761.08,761.14,0.01,71.88,54738.48,1
2025-04-24,2025-04-24 13:53:00,761.14,761.21,761.14,761.21,0.01,71.88,54738.48,1
2025-04-24,2025-04-24 13:54:00,761.21,761.27,761.21,761.27,0.01,71.88,54738.48,1
2025-04-24,2025-04-24 13:55:00,761.27,761.34,761.27,761.34,0.01,71.88,54738.48,1
2025-04-24,2025-04-24 13:56:00,761.34,761.4,761.34,761.4,0.01,71.88,54738.48,1
2025-04-24,2025-04-24 13:57:00,761.4,761.47,761.4,761.47,0.01,71.88,54738.48,1
2025-04-24,2025-04-24 13:58:00,761.47,761.53,761.47,761.53,0.01,71.88,54738.48,1
2025-04-24,2025-04-24 13:59:00,761.53,761.6,761.53,761.6,0.01,71.88,54738.48,1
2025-04-24,2025-04-24 14:00:00,761.6,761.66,761.6,761.66,0.01,71.88,54738.48,1
2025-04-24,2025-04-24 14:01:00,761.66,761.72,761.66,761.72,0.01,71.88,54738.48,1
2025-04-24,2025-04-24 14:02:00,761.72,761.79,761.72,761.79,0.01,71.88,54738.48,1
2025-04-24,2025-04-24 14:03:00,761.79,761.85,761.79,761.85,0.01,71.88,54738.48,1
2025-04-24,2025-04-24 14:04:00,761.85,761.92,761.85,761.92,0.01,71.88,54738.48,1
2025-04-24,2025-04-24 14:05:00,761.92,761.98,761.92,761.98,0.01,71.88,54738.48,1
2025-04-24,2025-04-24 14:06:00,761.98,762.05,761.98,762.05,0.01,71.88,54738.48,1
2025-04-24,2025-04-24 14:07:00,762.05,762.11,762.05,762.11,0.01,71.88,54738.48,1
2025-04-24,2025-04-24 14:08:00,762.11,762.17,762.11,762.17,0.01,71.88,54738.48,1
2025-04-24,2025-04-24 14:09:00,762.17,762.24,762.17,762.24,0.01,71.88,54738.48,1
2025-04-24,2025-04-24 14:10:00,762.24,762.3,762.24,762.3,0.01,71.88,54738.48,1
2025-04-24,2025-04-24 14:11:00,762.3,762.37,762.3,762.37,0.01,71.88,54738.48,1
2025-04-24,2025-04-24 14:12:00,762.37,762.43,762.37,762.43,0.01,71.88,54738.48,1
2025-04-24,2025-04-24 14:13:00,762.43,762.5,762.43,762.5,0.01,71.88,54738.48,1
2025-04-24,2025-04-24 14:14:00,762.5,762.56,762.5,762.56,0.01,71.88,54738.48,1
2025-04-24,2025-04-24 14:15:00,762.56,762.63,762.56,762.63,0.01,71.88,54738.48,1
2025-04-24,2025-04-24 14:16:00,762.63,762.69,762.63,762.69,0.01,71.88,54738.48,1
2025-04-24,2025-04-24 14:17:00,762.69,762.75,762.69,762.75,0.01,71.88,54738.48,1
2025-04-24,2025-04-24 14:18:00,762.75,762.82,762.75,762.82,0.01,71.88,54738.48,1
2025-04-24,2025-04-24 14:19:00,762.82,762.88,762.82,762.88,0.01,71.88,54738.48,1
2025-04-24,2025-04-24 14:20:00,762.88,762.95,762.88,762.95,0.01,71.88,54738.48,1
2025-04-24,2025-04-24 14:21:00,762.95,763.01,762.95,763.01,0.01,71.88,54738.48,1
2025-04-24,2025-04-24 14:22:00,763.01,763.08,763.01,763.08,0.01,71.88,54738.48,1
2025-04-24,2025-04-24 14:23:00,763.08,763.14,763.08,763.14,0.01,71.88,54738.48,1
2025-04-24,2025-04-24 14:24:00,763.14,763.21,763.14,763.21,0.01,71.88,54738.48,1
2025-04-24,2025-04-24 14:25:00,763.21,763.27,763.21,763.27,0.01,71.88,54738.48,1
2025-04-24,2025-04-24 14:26:00,763.27,763.33,763.27,763.33,0.01,71.88,54738.48,1
2025-04-24,2025-04-24 14:27:00,763.33,763.4,763.33,763.4,0.01,71.88,54738.48,1
2025-04-24,2025-04-24 14:28:00,763.4,763.46,763.4,763.46,0.01,71.88,54738.48,1
2025-04-24,2025-04-24 14:29:00,763.46,763.53,763.46,763.53,0.01,71.88,54738.48,1
2025-04-24,2025-04-24 14:30:00,763.53,763.59,763.53,763.59,0.01,71.88,54738.48,1
2025-04-24,2025-04-24 14:31:00,763.59,763.66,763.59,763.66,0.01,71.88,54738.48,1
2025-04-24,2025-04-24 14:32:00,763.66,763.72,763.66,763.72,0.01,71.88,54738.48,1
2025-04-24,2025-04-24 14:33:00,763.72,763.79,763.72,763.79,0.01,71.88,54738.48,1
2025-04-24,2025-04-24 14:34:00,763.79,763.85,763.79,763.85,0.01,71.88,54738.48,1
2025-04-24,2025-04-24 14:35:00,763.85,763.91,763.85,763.91,0.01,71.88,54738.48,1
2025-04-24,2025-04-24 14:36:00,763.91,763.98,763.91,763.98,0.01,71.88,54738.48,1
2025-04-24,2025-04-24 14:37:00,763.98,764.04,763.98,764.04,0.01,71.88,54738.48,1
2025-04-24,2025-04-24 14:38:00,764.04,764.11,764.04,764.11,0.01,71.88,54738.48,1
2025-04-24,2025-04-24 14:39:00,764.11,764.17,764.11,764.17,0.01,71.88,54738.48,1
2025-04-24,2025-04-24 14:40:00,764.17,764.24,764.17,764.24,0.01,71.88,54738.48,1
2025-04-24,2025-04-24 14:41:00,764.24,764.3,764.24,764.3,0.01,71.88,54738.48,1
2025-04-24,2025-04-24 14:42:00,764.3,764.36,764.3,764.36,0.01,71.88,54738.48,1
2025-04-24,2025-04-24 14:43:00,764.36,764.43,764.36,764.43,0.01,71.88,54738.48,1
2025-04-24,2025-04-24 14:44:00,764.43,764.49,764.43,764.49,0.01,71.88,54738.48,1
2025-04-24,2025-04-24 14:45:00,764.49,764.56,764.49,764.56,0.01,71.88,54738.48,1
2025-04-24,2025-04-24 14:46:00,764.56,764.62,764.56,764.62,0.01,71.88,54738.48,1
2025-04-24,2025-04-24 14:47:00,764.62,764.69,764.62,764.69,0.01,71.88,54738.48,1
2025-04-24,2025-04-24 14:48:00,764.69,764.75,764.69,764.75,0.01,71.88,54738.48,1
2025-04-24,2025-04-24 14:49:00,764.75,764.82,764.75,764.82,0.01,71.88,54738.48,1
2025-04-24,2025-04-24 14:50:00,764.82,764.88,764.82,764.88,0.01,71.88,54738.48,1
2025-04-24,2025-04-24 14:51:00,764.88,764.94,764.88,764.94,0.01,71.88,54738.48,1
2025-04-24,2025-04-24 14:52:00,764.94,765.01,764.94,765.01,0.01,71.88,54738.48,1
2025-04-24,2025-04-24 14:53:00,765.01,765.07,765.01,765.07,0.01,71.88,54738.48,1
2025-04-24,2025-04-24 14:54:00,765.07,765.14,765.07,765.14,0.01,71.88,54738.48,1
2025-04-24,2025-04-24 14:55:00,765.14,765.2,765.14,765.2,0.01,71.88,54738.48,1
2025-04-24,2025-04-24 14:56:00,765.2,765.27,765.2,765.27,0.01,71.88,54738.48,1
2025-04-24,2025-04-24 14:57:00,765.27,765.33,765.27,765.33,0.01,71.88,54738.48,1
2025-04-24,2025-04-24 14:58:00,765.33,765.4,765.33,765.4,0.01,71.88,54738.48,1
2025-04-24,2025-04-24 14:59:00,765.4,765.46,765.4,765.46,0.01,71.88,54738.48,1
2025-04-24,2025-04-24 15:00:00,765.46,779.9,750.0,765.46,0.0,71.88,54738.48,0
2025-04-27,2025-04-27 11:00:00,750.2,772.94,750.2,750.51,0.04,355.03,279387.22,1
2025-04-27,2025-04-27 11:01:00,750.51,750.81,750.51,750.81,0.04,355.03,279387.22,1
2025-04-27,2025-04-27 11:02:00,750.81,751.12,750.81,751.12,0.04,355.03,279387.22,1
2025-04-27,2025-04-27 11:03:00,751.12,751.43,751.12,751.43,0.04,355.03,279387.22,1
2025-04-27,2025-04-27 11:04:00,751.43,751.74,751.43,751.74,0.04,355.03,279387.22,1
2025-04-27,2025-04-27 11:05:00,751.74,752.04,751.74,752.04,0.04,355.03,279387.22,1
2025-04-27,2025-04-27 11:06:00,752.04,752.35,752.04,752.35,0.04,355.03,279387.22,1
2025-04-27,2025-04-27 11:07:00,752.35,752.66,752.35,752.66,0.04,355.03,279387.22,1
2025-04-27,2025-04-27 11:08:00,752.66,752.96,752.66,752.96,0.04,355.03,279387.22,1
2025-04-27,2025-04-27 11:09:00,752.96,753.27,752.96,753.27,0.04,355.03,279387.22,1
2025-04-27,2025-04-27 11:10:00,753.27,753.58,753.27,753.58,0.04,355.03,279387.22,1
2025-04-27,2025-04-27 11:11:00,753.58,753.88,753.58,753.88,0.04,355.03,279387.22,1
2025-04-27,2025-04-27 11:12:00,753.88,754.19,753.88,754.19,0.04,355.03,279387.22,1
2025-04-27,2025-04-27 11:13:00,754.19,754.5,754.19,754.5,0.04,355.03,279387.22,1
2025-04-27,2025-04-27 11:14:00,754.5,754.81,754.5,754.81,0.04,355.03,279387.22,1
2025-04-27,2025-04-27 11:15:00,754.81,755.11,754.81,755.11,0.04,355.03,279387.22,1
2025-04-27,2025-04-27 11:16:00,755.11,755.42,755.11,755.42,0.04,355.03,279387.22,1
2025-04-27,2025-04-27 11:17:00,755.42,755.73,755.42,755.73,0.04,355.03,279387.22,1
2025-04-27,2025-04-27 11:18:00,755.73,756.03,755.73,756.03,0.04,355.03,279387.22,1
2025-04-27,2025-04-27 11:19:00,756.03,756.34,756.03,756.34,0.04,355.03,279387.22,1
2025-04-27,2025-04-27 11:20:00,756.34,756.65,756.34,756.65,0.04,355.03,279387.22,1
2025-04-27,2025-04-27 11:21:00,756.65,756.95,756.65,756.95,0.04,355.03,279387.22,1
2025-04-27,2025-04-27 11:22:00,756.95,757.26,756.95,757.26,0.04,355.03,279387.22,1
2025-04-27,2025-04-27 11:23:00,757.26,757.57,757.26,757.57,0.04,355.03,279387.22,1
2025-04-27,2025-04-27 11:24:00,757.57,757.88,757.57,757.88,0.04,355.03,279387.22,1
2025-04-27,2025-04-27 11:25:00,757.88,758.18,757.88,758.18,0.04,355.03,279387.22,1
2025-04-27,2025-04-27 11:26:00,758.18,758.49,758.18,758.49,0.04,355.03,279387.22,1
2025-04-27,2025-04-27 11:27:00,758.49,758.8,758.49,758.8,0.04,355.03,279387.22,1
2025-04-27,2025-04-27 11:28:00,758.8,759.1,758.8,759.1,0.04,355.03,279387.22,1
2025-04-27,2025-04-27 11:29:00,759.1,759.41,759.1,759.41,0.04,355.03,279387.22,1
2025-04-27,2025-04-27 11:30:00,759.41,759.72,759.41,759.72,0.04,355.03,279387.22,1
2025-04-27,2025-04-27 11:31:00,759.72,760.03,759.72,760.03,0.04,355.03,279387.22,1
2025-04-27,2025-04-27 11:32:00,760.03,760.33,760.03,760.33,0.04,355.03,279387.22,1
2025-04-27,2025-04-27 11:33:00,760.33,760.64,760.33,760.64,0.04,355.03,279387.22,1
2025-04-27,2025-04-27 11:34:00,760.64,760.95,760.64,760.95,0.04,355.03,279387.22,1
2025-04-27,2025-04-27 11:35:00,760.95,761.25,760.95,761.25,0.04,355.03,279387.22,1
2025-04-27,2025-04-27 11:36:00,761.25,761.56,761.25,761.56,0.04,355.03,279387.22,1
2025-04-27,2025-04-27 11:37:00,761.56,761.87,761.56,761.87,0.04,355.03,279387.22,1
2025-04-27,2025-04-27 11:38:00,761.87,762.17,761.87,762.17,0.04,355.03,279387.22,1
2025-04-27,2025-04-27 11:39:00,762.17,762.48,762.17,762.48,0.04,355.03,279387.22,1
2025-04-27,2025-04-27 11:40:00,762.48,762.79,762.48,762.79,0.04,355.03,279387.22,1
2025-04-27,2025-04-27 11:41:00,762.79,763.1,762.79,763.1,0.04,355.03,279387.22,1
2025-04-27,2025-04-27 11:42:00,763.1,763.4,763.1,763.4,0.04,355.03,279387.22,1
2025-04-27,2025-04-27 11:43:00,763.4,763.71,763.4,763.71,0.04,355.03,279387.22,1
2025-04-27,2025-04-27 11:44:00,763.71,764.02,763.71,764.02,0.04,355.03,279387.22,1
2025-04-27,2025-04-27 11:45:00,764.02,764.32,764.02,764.32,0.04,355.03,279387.22,1
2025-04-27,2025-04-27 11:46:00,764.32,764.63,764.32,764.63,0.04,355.03,279387.22,1
2025-04-27,2025-04-27 11:47:00,764.63,764.94,764.63,764.94,0.04,355.03,279387.22,1
2025-04-27,2025-04-27 11:48:00,764.94,765.25,764.94,765.25,0.04,355.03,279387.22,1
2025-04-27,2025-04-27 11:49:00,765.25,765.55,765.25,765.55,0.04,355.03,279387.22,1
2025-04-27,2025-04-27 11:50:00,765.55,765.86,765.55,765.86,0.04,355.03,279387.22,1
2025-04-27,2025-04-27 11:51:00,765.86,766.17,765.86,766.17,0.04,355.03,279387.22,1
2025-04-27,2025-04-27 11:52:00,766.17,766.47,766.17,766.47,0.04,355.03,279387.22,1
2025-04-27,2025-04-27 11:53:00,766.47,766.78,766.47,766.78,0.04,355.03,279387.22,1
2025-04-27,2025-04-27 11:54:00,766.78,767.09,766.78,767.09,0.04,355.03,279387.22,1
2025-04-27,2025-04-27 11:55:00,767.09,767.39,767.09,767.39,0.04,355.03,279387.22,1
2025-04-27,2025-04-27 11:56:00,767.39,767.7,767.39,767.7,0.04,355.03,279387.22,1
2025-04-27,2025-04-27 11:57:00,767.7,768.01,767.7,768.01,0.04,355.03,279387.22,1
2025-04-27,2025-04-27 11:58:00,768.01,768.32,768.01,768.32,0.04,355.03,279387.22,1
2025-04-27,2025-04-27 11:59:00,768.32,768.62,768.32,768.62,0.04,355.03,279387.22,1
2025-04-27,2025-04-27 12:00:00,768.62,768.93,768.62,768.93,0.04,355.03,279387.22,1
2025-04-27,2025-04-27 12:01:00,768.93,769.24,768.93,769.24,0.04,355.03,279387.22,1
2025-04-27,2025-04-27 12:02:00,769.24,769.54,769.24,769.54,0.04,355.03,279387.22,1
2025-04-27,2025-04-27 12:03:00,769.54,769.85,769.54,769.85,0.04,355.03,279387.22,1
2025-04-27,2025-04-27 12:04:00,769.85,770.16,769.85,770.16,0.04,355.03,279387.22,1
2025-04-27,2025-04-27 12:05:00,770.16,770.46,770.16,770.46,0.04,355.03,279387.22,1
2025-04-27,2025-04-27 12:06:00,770.46,770.77,770.46,770.77,0.04,355.03,279387.22,1
2025-04-27,2025-04-27 12:07:00,770.77,771.08,770.77,771.08,0.04,355.03,279387.22,1
2025-04-27,2025-04-27 12:08:00,771.08,771.39,771.08,771.39,0.04,355.03,279387.22,1
2025-04-27,2025-04-27 12:09:00,771.39,771.69,771.39,771.69,0.04,355.03,279387.22,1
2025-04-27,2025-04-27 12:10:00,771.69,772.0,771.69,772.0,0.04,355.03,279387.22,1
2025-04-27,2025-04-27 12:11:00,772.0,772.31,772.0,772.31,0.04,355.03,279387.22,1
2025-04-27,2025-04-27 12:12:00,772.31,772.61,772.31,772.61,0.04,355.03,279387.22,1
2025-04-27,2025-04-27 12:13:00,772.61,772.92,772.61,772.92,0.04,355.03,279387.22,1
2025-04-27,2025-04-27 12:14:00,772.92,773.23,772.92,773.23,0.04,355.03,279387.22,1
2025-04-27,2025-04-27 12:15:00,773.23,773.54,773.23,773.54,0.04,355.03,279387.22,1
2025-04-27,2025-04-27 12:16:00,773.54,773.84,773.54,773.84,0.04,355.03,279387.22,1
2025-04-27,2025-04-27 12:17:00,773.84,774.15,773.84,774.15,0.04,355.03,279387.22,1
2025-04-27,2025-04-27 12:18:00,774.15,774.46,774.15,774.46,0.04,355.03,279387.22,1
2025-04-27,2025-04-27 12:19:00,774.46,774.76,774.46,774.76,0.04,355.03,279387.22,1
2025-04-27,2025-04-27 12:20:00,774.76,775.07,774.76,775.07,0.04,355.03,279387.22,1
2025-04-27,2025-04-27 12:21:00,775.07,775.38,775.07,775.38,0.04,355.03,279387.22,1
2025-04-27,2025-04-27 12:22:00,775.38,775.68,775.38,775.68,0.04,355.03,279387.22,1
2025-04-27,2025-04-27 12:23:00,775.68,775.99,775.68,775.99,0.04,355.03,279387.22,1
2025-04-27,2025-04-27 12:24:00,775.99,776.3,775.99,776.3,0.04,355.03,279387.22,1
2025-04-27,2025-04-27 12:25:00,776.3,776.61,776.3,776.61,0.04,355.03,279387.22,1
2025-04-27,2025-04-27 12:26:00,776.61,776.91,776.61,776.91,0.04,355.03,279387.22,1
2025-04-27,2025-04-27 12:27:00,776.91,777.22,776.91,777.22,0.04,355.03,279387.22,1
2025-04-27,2025-04-27 12:28:00,777.22,777.53,777.22,777.53,0.04,355.03,279387.22,1
2025-04-27,2025-04-27 12:29:00,777.53,777.83,777.53,777.83,0.04,355.03,279387.22,1
2025-04-27,2025-04-27 12:30:00,777.83,778.14,777.83,778.14,0.04,355.03,279387.22,1
2025-04-27,2025-04-27 12:31:00,778.14,778.45,778.14,778.45,0.04,355.03,279387.22,1
2025-04-27,2025-04-27 12:32:00,778.45,778.75,778.45,778.75,0.04,355.03,279387.22,1
2025-04-27,2025-04-27 12:33:00,778.75,779.06,778.75,779.06,0.04,355.03,279387.22,1
2025-04-27,2025-04-27 12:34:00,779.06,779.37,779.06,779.37,0.04,355.03,279387.22,1
2025-04-27,2025-04-27 12:35:00,779.37,779.68,779.37,779.68,0.04,355.03,279387.22,1
2025-04-27,2025-04-27 12:36:00,779.68,779.98,779.68,779.98,0.04,355.03,279387.22,1
2025-04-27,2025-04-27 12:37:00,779.98,780.29,779.98,780.29,0.04,355.03,279387.22,1
2025-04-27,2025-04-27 12:38:00,780.29,780.6,780.29,780.6,0.04,355.03,279387.22,1
2025-04-27,2025-04-27 12:39:00,780.6,780.9,780.6,780.9,0.04,355.03,279387.22,1
2025-04-27,2025-04-27 12:40:00,780.9,781.21,780.9,781.21,0.04,355.03,279387.22,1
2025-04-27,2025-04-27 12:41:00,781.21,781.52,781.21,781.52,0.04,355.03,279387.22,1
2025-04-27,2025-04-27 12:42:00,781.52,781.83,781.52,781.83,0.04,355.03,279387.22,1
2025-04-27,2025-04-27 12:43:00,781.83,782.13,781.83,782.13,0.04,355.03,279387.22,1
2025-04-27,2025-04-27 12:44:00,782.13,782.44,782.13,782.44,0.04,355.03,279387.22,1
2025-04-27,2025-04-27 12:45:00,782.44,782.75,782.44,782.75,0.04,355.03,279387.22,1
2025-04-27,2025-04-27 12:46:00,782.75,783.05,782.75,783.05,0.04,355.03,279387.22,1
2025-04-27,2025-04-27 12:47:00,783.05,783.36,783.05,783.36,0.04,355.03,279387.22,1
2025-04-27,2025-04-27 12:48:00,783.36,783.67,783.36,783.67,0.04,355.03,279387.22,1
2025-04-27,2025-04-27 12:49:00,783.67,783.97,783.67,783.97,0.04,355.03,279387.22,1
2025-04-27,2025-04-27 12:50:00,783.97,784.28,783.97,784.28,0.04,355.03,279387.22,1
2025-04-27,2025-04-27 12:51:00,784.28,784.59,784.28,784.59,0.04,355.03,279387.22,1
2025-04-27,2025-04-27 12:52:00,784.59,784.9,784.59,784.9,0.04,355.03,279387.22,1
2025-04-27,2025-04-27 12:53:00,784.9,785.2,784.9,785.2,0.04,355.03,279387.22,1
2025-04-27,2025-04-27 12:54:00,785.2,785.51,785.2,785.51,0.04,355.03,279387.22,1
2025-04-27,2025-04-27 12:55:00,785.51,785.82,785.51,785.82,0.04,355.03,279387.22,1
2025-04-27,2025-04-27 12:56:00,785.82,786.12,785.82,786.12,0.04,355.03,279387.22,1
2025-04-27,2025-04-27 12:57:00,786.12,786.43,786.12,786.43,0.04,355.03,279387.22,1
2025-04-27,2025-04-27 12:58:00,786.43,786.74,786.43,786.74,0.04,355.03,279387.22,1
2025-04-27,2025-04-27 12:59:00,786.74,787.05,786.74,787.05,0.04,355.03,279387.22,1
2025-04-27,2025-04-27 13:00:00,787.05,826.0,750.2,787.35,0.04,355.03,279387.22,1
2025-04-27,2025-04-27 13:01:00,787.35,787.66,787.35,787.66,0.04,355.03,279387.22,1
2025-04-27,2025-04-27 13:02:00,787.66,787.97,787.66,787.97,0.04,355.03,279387.22,1
2025-04-27,2025-04-27 13:03:00,787.97,788.27,787.97,788.27,0.04,355.03,279387.22,1
2025-04-27,2025-04-27 13:04:00,788.27,788.58,788.27,788.58,0.04,355.03,279387.22,1
2025-04-27,2025-04-27 13:05:00,788.58,788.89,788.58,788.89,0.04,355.03,279387.22,1
2025-04-27,2025-04-27 13:06:00,788.89,789.19,788.89,789.19,0.04,355.03,279387.22,1
2025-04-27,2025-04-27 13:07:00,789.19,789.5,789.19,789.5,0.04,355.03,279387.22,1
2025-04-27,2025-04-27 13:08:00,789.5,789.81,789.5,789.81,0.04,355.03,279387.22,1
2025-04-27,2025-04-27 13:09:00,789.81,790.12,789.81,790.12,0.04,355.03,279387.22,1
2025-04-27,2025-04-27 13:10:00,790.12,790.42,790.12,790.42,0.04,355.03,279387.22,1
2025-04-27,2025-04-27 13:11:00,790.42,790.73,790.42,790.73,0.04,355.03,279387.22,1
2025-04-27,2025-04-27 13:12:00,790.73,791.04,790.73,791.04,0.04,355.03,279387.22,1
2025-04-27,2025-04-27 13:13:00,791.04,791.34,791.04,791.34,0.04,355.03,279387.22,1
2025-04-27,2025-04-27 13:14:00,791.34,791.65,791.34,791.65,0.04,355.03,279387.22,1
2025-04-27,2025-04-27 13:15:00,791.65,791.96,791.65,791.96,0.04,355.03,279387.22,1
2025-04-27,2025-04-27 13:16:00,791.96,792.26,791.96,792.26,0.04,355.03,279387.22,1
2025-04-27,2025-04-27 13:17:00,792.26,792.57,792.26,792.57,0.04,355.03,279387.22,1
2025-04-27,2025-04-27 13:18:00,792.57,792.88,792.57,792.88,0.04,355.03,279387.22,1
2025-04-27,2025-04-27 13:19:00,792.88,793.19,792.88,793.19,0.04,355.03,279387.22,1
2025-04-27,2025-04-27 13:20:00,793.19,793.49,793.19,793.49,0.04,355.03,279387.22,1
2025-04-27,2025-04-27 13:21:00,793.49,793.8,793.49,793.8,0.04,355.03,279387.22,1
2025-04-27,2025-04-27 13:22:00,793.8,794.11,793.8,794.11,0.04,355.03,279387.22,1
2025-04-27,2025-04-27 13:23:00,794.11,794.41,794.11,794.41,0.04,355.03,279387.22,1
2025-04-27,2025-04-27 13:24:00,794.41,794.72,794.41,794.72,0.04,355.03,279387.22,1
2025-04-27,2025-04-27 13:25:00,794.72,795.03,794.72,795.03,0.04,355.03,279387.22,1
2025-04-27,2025-04-27 13:26:00,795.03,795.34,795.03,795.34,0.04,355.03,279387.22,1
2025-04-27,2025-04-27 13:27:00,795.34,795.64,795.34,795.64,0.04,355.03,279387.22,1
2025-04-27,2025-04-27 13:28:00,795.64,795.95,795.64,795.95,0.04,355.03,279387.22,1
2025-04-27,2025-04-27 13:29:00,795.95,796.26,795.95,796.26,0.04,355.03,279387.22,1
2025-04-27,2025-04-27 13:30:00,796.26,796.56,796.26,796.56,0.04,355.03,279387.22,1
2025-04-27,2025-04-27 13:31:00,796.56,796.87,796.56,796.87,0.04,355.03,279387.22,1
2025-04-27,2025-04-27 13:32:00,796.87,797.18,796.87,797.18,0.04,355.03,279387.22,1
2025-04-27,2025-04-27 13:33:00,797.18,797.48,797.18,797.48,0.04,355.03,279387.22,1
2025-04-27,2025-04-27 13:34:00,797.48,797.79,797.48,797.79,0.04,355.03,279387.22,1
2025-04-27,2025-04-27 13:35:00,797.79,798.1,797.79,798.1,0.04,355.03,279387.22,1
2025-04-27,2025-04-27 13:36:00,798.1,798.41,798.1,798.41,0.04,355.03,279387.22,1
2025-04-27,2025-04-27 13:37:00,798.41,798.71,798.41,798.71,0.04,355.03,279387.22,1
2025-04-27,2025-04-27 13:38:00,798.71,799.02,798.71,799.02,0.04,355.03,279387.22,1
2025-04-27,2025-04-27 13:39:00,799.02,799.33,799.02,799.33,0.04,355.03,279387.22,1
2025-04-27,2025-04-27 13:40:00,799.33,799.63,799.33,799.63,0.04,355.03,279387.22,1
2025-04-27,2025-04-27 13:41:00,799.63,799.94,799.63,799.94,0.04,355.03,279387.22,1
2025-04-27,2025-04-27 13:42:00,799.94,800.25,799.94,800.25,0.04,355.03,279387.22,1
2025-04-27,2025-04-27 13:43:00,800.25,800.55,800.25,800.55,0.04,355.03,279387.22,1
2025-04-27,2025-04-27 13:44:00,800.55,800.86,800.55,800.86,0.04,355.03,279387.22,1
2025-04-27,2025-04-27 13:45:00,800.86,801.17,800.86,801.17,0.04,355.03,279387.22,1
2025-04-27,2025-04-27 13:46:00,801.17,801.48,801.17,801.48,0.04,355.03,279387.22,1
2025-04-27,2025-04-27 13:47:00,801.48,801.78,801.48,801.78,0.04,355.03,279387.22,1
2025-04-27,2025-04-27 13:48:00,801.78,802.09,801.78,802.09,0.04,355.03,279387.22,1
2025-04-27,2025-04-27 13:49:00,802.09,802.4,802.09,802.4,0.04,355.03,279387.22,1
2025-04-27,2025-04-27 13:50:00,802.4,802.7,802.4,802.7,0.04,355.03,279387.22,1
2025-04-27,2025-04-27 13:51:00,802.7,803.01,802.7,803.01,0.04,355.03,279387.22,1
2025-04-27,2025-04-27 13:52:00,803.01,803.32,803.01,803.32,0.04,355.03,279387.22,1
2025-04-27,2025-04-27 13:53:00,803.32,803.63,803.32,803.63,0.04,355.03,279387.22,1
2025-04-27,2025-04-27 13:54:00,803.63,803.93,803.63,803.93,0.04,355.03,279387.22,1
2025-04-27,2025-04-27 13:55:00,803.93,804.24,803.93,804.24,0.04,355.03,279387.22,1
2025-04-27,2025-04-27 13:56:00,804.24,804.55,804.24,804.55,0.04,355.03,279387.22,1
2025-04-27,2025-04-27 13:57:00,804.55,804.85,804.55,804.85,0.04,355.03,279387.22,1
2025-04-27,2025-04-27 13:58:00,804.85,805.16,804.85,805.16,0.04,355.03,279387.22,1
2025-04-27,2025-04-27 13:59:00,805.16,805.47,805.16,805.47,0.04,355.03,279387.22,1
2025-04-27,2025-04-27 14:00:00,805.47,805.77,805.47,805.77,0.04,355.03,279387.22,1
2025-04-27,2025-04-27 14:01:00,805.77,806.08,805.77,806.08,0.04,355.03,279387.22,1
2025-04-27,2025-04-27 14:02:00,806.08,806.39,806.08,806.39,0.04,355.03,279387.22,1
2025-04-27,2025-04-27 14:03:00,806.39,806.7,806.39,806.7,0.04,355.03,279387.22,1
2025-04-27,2025-04-27 14:04:00,806.7,807.0,806.7,807.0,0.04,355.03,279387.22,1
2025-04-27,2025-04-27 14:05:00,807.0,807.31,807.0,807.31,0.04,355.03,279387.22,1
2025-04-27,2025-04-27 14:06:00,807.31,807.62,807.31,807.62,0.04,355.03,279387.22,1
2025-04-27,2025-04-27 14:07:00,807.62,807.92,807.62,807.92,0.04,355.03,279387.22,1
2025-04-27,2025-04-27 14:08:00,807.92,808.23,807.92,808.23,0.04,355.03,279387.22,1
2025-04-27,2025-04-27 14:09:00,808.23,808.54,808.23,808.54,0.04,355.03,279387.22,1
2025-04-27,2025-04-27 14:10:00,808.54,808.84,808.54,808.84,0.04,355.03,279387.22,1
2025-04-27,2025-04-27 14:11:00,808.84,809.15,808.84,809.15,0.04,355.03,279387.22,1
2025-04-27,2025-04-27 14:12:00,809.15,809.46,809.15,809.46,0.04,355.03,279387.22,1
2025-04-27,2025-04-27 14:13:00,809.46,809.77,809.46,809.77,0.04,355.03,279387.22,1
2025-04-27,2025-04-27 14:14:00,809.77,810.07,809.77,810.07,0.04,355.03,279387.22,1
2025-04-27,2025-04-27 14:15:00,810.07,810.38,810.07,810.38,0.04,355.03,279387.22,1
2025-04-27,2025-04-27 14:16:00,810.38,810.69,810.38,810.69,0.04,355.03,279387.22,1
2025-04-27,2025-04-27 14:17:00,810.69,810.99,810.69,810.99,0.04,355.03,279387.22,1
2025-04-27,2025-04-27 14:18:00,810.99,811.3,810.99,811.3,0.04,355.03,279387.22,1
2025-04-27,2025-04-27 14:19:00,811.3,811.61,811.3,811.61,0.04,355.03,279387.22,1
2025-04-27,2025-04-27 14:20:00,811.61,811.92,811.61,811.92,0.04,355.03,279387.22,1
2025-04-27,2025-04-27 14:21:00,811.92,812.22,811.92,812.22,0.04,355.03,279387.22,1
2025-04-27,2025-04-27 14:22:00,812.22,812.53,812.22,812.53,0.04,355.03,279387.22,1
2025-04-27,2025-04-27 14:23:00,812.53,812.84,812.53,812.84,0.04,355.03,279387.22,1
2025-04-27,2025-04-27 14:24:00,812.84,813.14,812.84,813.14,0.04,355.03,279387.22,1
2025-04-27,2025-04-27 14:25:00,813.14,813.45,813.14,813.45,0.04,355.03,279387.22,1
2025-04-27,2025-04-27 14:26:00,813.45,813.76,813.45,813.76,0.04,355.03,279387.22,1
2025-04-27,2025-04-27 14:27:00,813.76,814.06,813.76,814.06,0.04,355.03,279387.22,1
2025-04-27,2025-04-27 14:28:00,814.06,814.37,814.06,814.37,0.04,355.03,279387.22,1
2025-04-27,2025-04-27 14:29:00,814.37,814.68,814.37,814.68,0.04,355.03,279387.22,1
2025-04-27,2025-04-27 14:30:00,814.68,814.99,814.68,814.99,0.04,355.03,279387.22,1
2025-04-27,2025-04-27 14:31:00,814.99,815.29,814.99,815.29,0.04,355.03,279387.22,1
2025-04-27,2025-04-27 14:32:00,815.29,815.6,815.29,815.6,0.04,355.03,279387.22,1
2025-04-27,2025-04-27 14:33:00,815.6,815.91,815.6,815.91,0.04,355.03,279387.22,1
2025-04-27,2025-04-27 14:34:00,815.91,816.21,815.91,816.21,0.04,355.03,279387.22,1
2025-04-27,2025-04-27 14:35:00,816.21,816.52,816.21,816.52,0.04,355.03,279387.22,1
2025-04-27,2025-04-27 14:36:00,816.52,816.83,816.52,816.83,0.04,355.03,279387.22,1
2025-04-27,2025-04-27 14:37:00,816.83,817.14,816.83,817.14,0.04,355.03,279387.22,1
2025-04-27,2025-04-27 14:38:00,817.14,817.44,817.14,817.44,0.04,355.03,279387.22,1
2025-04-27,2025-04-27 14:39:00,817.44,817.75,817.44,817.75,0.04,355.03,279387.22,1
2025-04-27,2025-04-27 14:40:00,817.75,818.06,817.75,818.06,0.04,355.03,279387.22,1
2025-04-27,2025-04-27 14:41:00,818.06,818.36,818.06,818.36,0.04,355.03,279387.22,1
2025-04-27,2025-04-27 14:42:00,818.36,818.67,818.36,818.67,0.04,355.03,279387.22,1
2025-04-27,2025-04-27 14:43:00,818.67,818.98,818.67,818.98,0.04,355.03,279387.22,1
2025-04-27,2025-04-27 14:44:00,818.98,819.28,818.98,819.28,0.04,355.03,279387.22,1
2025-04-27,2025-04-27 14:45:00,819.28,819.59,819.28,819.59,0.04,355.03,279387.22,1
2025-04-27,2025-04-27 14:46:00,819.59,819.9,819.59,819.9,0.04,355.03,279387.22,1
2025-04-27,2025-04-27 14:47:00,819.9,820.21,819.9,820.21,0.04,355.03,279387.22,1
2025-04-27,2025-04-27 14:48:00,820.21,820.51,820.21,820.51,0.04,355.03,279387.22,1
2025-04-27,2025-04-27 14:49:00,820.51,820.82,820.51,820.82,0.04,355.03,279387.22,1
2025-04-27,2025-04-27 14:50:00,820.82,821.13,820.82,821.13,0.04,355.03,279387.22,1
2025-04-27,2025-04-27 14:51:00,821.13,821.43,821.13,821.43,0.04,355.03,279387.22,1
2025-04-27,2025-04-27 14:52:00,821.43,821.74,821.43,821.74,0.04,355.03,279387.22,1
2025-04-27,2025-04-27 14:53:00,821.74,822.05,821.74,822.05,0.04,355.03,279387.22,1
2025-04-27,2025-04-27 14:54:00,822.05,822.35,822.05,822.35,0.04,355.03,279387.22,1
2025-04-27,2025-04-27 14:55:00,822.35,822.66,822.35,822.66,0.04,355.03,279387.22,1
2025-04-27,2025-04-27 14:56:00,822.66,822.97,822.66,822.97,0.04,355.03,279387.22,1
2025-04-27,2025-04-27 14:57:00,822.97,823.28,822.97,823.28,0.04,355.03,279387.22,1
2025-04-27,2025-04-27 14:58:00,823.28,823.58,823.28,823.58,0.04,355.03,279387.22,1
2025-04-27,2025-04-27 14:59:00,823.58,823.89,823.58,823.89,0.04,355.03,279387.22,1
2025-04-27,2025-04-27 15:00:00,823.89,826.0,750.2,823.89,0.0,355.03,279387.22,0
2025-04-28,2025-04-28 11:00:00,807.5,807.5,789.35,807.43,-0.01,120.98,95818.27,-1
2025-04-28,2025-04-28 11:01:00,807.43,807.43,807.37,807.37,-0.01,120.98,95818.27,-1
2025-04-28,2025-04-28 11:02:00,807.37,807.37,807.3,807.3,-0.01,120.98,95818.27,-1
2025-04-28,2025-04-28 11:03:00,807.3,807.3,807.23,807.23,-0.01,120.98,95818.27,-1
2025-04-28,2025-04-28 11:04:00,807.23,807.23,807.16,807.16,-0.01,120.98,95818.27,-1
2025-04-28,2025-04-28 11:05:00,807.16,807.16,807.1,807.1,-0.01,120.98,95818.27,-1
2025-04-28,2025-04-28 11:06:00,807.1,807.1,807.03,807.03,-0.01,120.98,95818.27,-1
2025-04-28,2025-04-28 11:07:00,807.03,807.03,806.96,806.96,-0.01,120.98,95818.27,-1
2025-04-28,2025-04-28 11:08:00,806.96,806.96,806.89,806.89,-0.01,120.98,95818.27,-1
2025-04-28,2025-04-28 11:09:00,806.89,806.89,806.83,806.83,-0.01,120.98,95818.27,-1
2025-04-28,2025-04-28 11:10:00,806.83,806.83,806.76,806.76,-0.01,120.98,95818.27,-1
2025-04-28,2025-04-28 11:11:00,806.76,806.76,806.69,806.69,-0.01,120.98,95818.27,-1
2025-04-28,2025-04-28 11:12:00,806.69,806.69,806.62,806.62,-0.01,120.98,95818.27,-1
2025-04-28,2025-04-28 11:13:00,806.62,806.62,806.55,806.55,-0.01,120.98,95818.27,-1
2025-04-28,2025-04-28 11:14:00,806.55,806.55,806.49,806.49,-0.01,120.98,95818.27,-1
2025-04-28,2025-04-28 11:15:00,806.49,806.49,806.42,806.42,-0.01,120.98,95818.27,-1
2025-04-28,2025-04-28 11:16:00,806.42,806.42,806.35,806.35,-0.01,120.98,95818.27,-1
2025-04-28,2025-04-28 11:17:00,806.35,806.35,806.28,806.28,-0.01,120.98,95818.27,-1
2025-04-28,2025-04-28 11:18:00,806.28,806.28,806.22,806.22,-0.01,120.98,95818.27,-1
2025-04-28,2025-04-28 11:19:00,806.22,806.22,806.15,806.15,-0.01,120.98,95818.27,-1
2025-04-28,2025-04-28 11:20:00,806.15,806.15,806.08,806.08,-0.01,120.98,95818.27,-1
2025-04-28,2025-04-28 11:21:00,806.08,806.08,806.01,806.01,-0.01,120.98,95818.27,-1
2025-04-28,2025-04-28 11:22:00,806.01,806.01,805.95,805.95,-0.01,120.98,95818.27,-1
2025-04-28,2025-04-28 11:23:00,805.95,805.95,805.88,805.88,-0.01,120.98,95818.27,-1
2025-04-28,2025-04-28 11:24:00,805.88,805.88,805.81,805.81,-0.01,120.98,95818.27,-1
2025-04-28,2025-04-28 11:25:00,805.81,805.81,805.75,805.75,-0.01,120.98,95818.27,-1
2025-04-28,2025-04-28 11:26:00,805.75,805.75,805.68,805.68,-0.01,120.98,95818.27,-1
2025-04-28,2025-04-28 11:27:00,805.68,805.68,805.61,805.61,-0.01,120.98,95818.27,-1
2025-04-28,2025-04-28 11:28:00,805.61,805.61,805.54,805.54,-0.01,120.98,95818.27,-1
2025-04-28,2025-04-28 11:29:00,805.54,805.54,805.48,805.48,-0.01,120.98,95818.27,-1
2025-04-28,2025-04-28 11:30:00,805.48,805.48,805.41,805.41,-0.01,120.98,95818.27,-1
2025-04-28,2025-04-28 11:31:00,805.41,805.41,805.34,805.34,-0.01,120.98,95818.27,-1
2025-04-28,2025-04-28 11:32:00,805.34,805.34,805.27,805.27,-0.01,120.98,95818.27,-1
2025-04-28,2025-04-28 11:33:00,805.27,805.27,805.21,805.21,-0.01,120.98,95818.27,-1
2025-04-28,2025-04-28 11:34:00,805.21,805.21,805.14,805.14,-0.01,120.98,95818.27,-1
2025-04-28,2025-04-28 11:35:00,805.14,805.14,805.07,805.07,-0.01,120.98,95818.27,-1
2025-04-28,2025-04-28 11:36:00,805.07,805.07,805.0,805.0,-0.01,120.98,95818.27,-1
2025-04-28,2025-04-28 11:37:00,805.0,805.0,804.93,804.93,-0.01,120.98,95818.27,-1
2025-04-28,2025-04-28 11:38:00,804.93,804.93,804.87,804.87,-0.01,120.98,95818.27,-1
2025-04-28,2025-04-28 11:39:00,804.87,804.87,804.8,804.8,-0.01,120.98,95818.27,-1
2025-04-28,2025-04-28 11:40:00,804.8,804.8,804.73,804.73,-0.01,120.98,95818.27,-1
2025-04-28,2025-04-28 11:41:00,804.73,804.73,804.66,804.66,-0.01,120.98,95818.27,-1
2025-04-28,2025-04-28 11:42:00,804.66,804.66,804.6,804.6,-0.01,120.98,95818.27,-1
2025-04-28,2025-04-28 11:43:00,804.6,804.6,804.53,804.53,-0.01,120.98,95818.27,-1
2025-04-28,2025-04-28 11:44:00,804.53,804.53,804.46,804.46,-0.01,120.98,95818.27,-1
2025-04-28,2025-04-28 11:45:00,804.46,804.46,804.39,804.39,-0.01,120.98,95818.27,-1
2025-04-28,2025-04-28 11:46:00,804.39,804.39,804.33,804.33,-0.01,120.98,95818.27,-1
2025-04-28,2025-04-28 11:47:00,804.33,804.33,804.26,804.26,-0.01,120.98,95818.27,-1
2025-04-28,2025-04-28 11:48:00,804.26,804.26,804.19,804.19,-0.01,120.98,95818.27,-1
2025-04-28,2025-04-28 11:49:00,804.19,804.19,804.12,804.12,-0.01,120.98,95818.27,-1
2025-04-28,2025-04-28 11:50:00,804.12,804.12,804.06,804.06,-0.01,120.98,95818.27,-1
2025-04-28,2025-04-28 11:51:00,804.06,804.06,803.99,803.99,-0.01,120.98,95818.27,-1
2025-04-28,2025-04-28 11:52:00,803.99,803.99,803.92,803.92,-0.01,120.98,95818.27,-1
2025-04-28,2025-04-28 11:53:00,803.92,803.92,803.86,803.86,-0.01,120.98,95818.27,-1
2025-04-28,2025-04-28 11:54:00,803.86,803.86,803.79,803.79,-0.01,120.98,95818.27,-1
2025-04-28,2025-04-28 11:55:00,803.79,803.79,803.72,803.72,-0.01,120.98,95818.27,-1
2025-04-28,2025-04-28 11:56:00,803.72,803.72,803.65,803.65,-0.01,120.98,95818.27,-1
2025-04-28,2025-04-28 11:57:00,803.65,803.65,803.59,803.59,-0.01,120.98,95818.27,-1
2025-04-28,2025-04-28 11:58:00,803.59,803.59,803.52,803.52,-0.01,120.98,95818.27,-1
2025-04-28,2025-04-28 11:59:00,803.52,803.52,803.45,803.45,-0.01,120.98,95818.27,-1
2025-04-28,2025-04-28 12:00:00,803.45,803.45,803.38,803.38,-0.01,120.98,95818.27,-1
2025-04-28,2025-04-28 12:01:00,803.38,803.38,803.31,803.31,-0.01,120.98,95818.27,-1
2025-04-28,2025-04-28 12:02:00,803.31,803.31,803.25,803.25,-0.01,120.98,95818.27,-1
2025-04-28,2025-04-28 12:03:00,803.25,803.25,803.18,803.18,-0.01,120.98,95818.27,-1
2025-04-28,2025-04-28 12:04:00,803.18,803.18,803.11,803.11,-0.01,120.98,95818.27,-1
2025-04-28,2025-04-28 12:05:00,803.11,803.11,803.04,803.04,-0.01,120.98,95818.27,-1
2025-04-28,2025-04-28 12:06:00,803.04,803.04,802.98,802.98,-0.01,120.98,95818.27,-1
2025-04-28,2025-04-28 12:07:00,802.98,802.98,802.91,802.91,-0.01,120.98,95818.27,-1
2025-04-28,2025-04-28 12:08:00,802.91,802.91,802.84,802.84,-0.01,120.98,95818.27,-1
2025-04-28,2025-04-28 12:09:00,802.84,802.84,802.77,802.77,-0.01,120.98,95818.27,-1
2025-04-28,2025-04-28 12:10:00,802.77,802.77,802.71,802.71,-0.01,120.98,95818.27,-1
2025-04-28,2025-04-28 12:11:00,802.71,802.71,802.64,802.64,-0.01,120.98,95818.27,-1
2025-04-28,2025-04-28 12:12:00,802.64,802.64,802.57,802.57,-0.01,120.98,95818.27,-1
2025-04-28,2025-04-28 12:13:00,802.57,802.57,802.5,802.5,-0.01,120.98,95818.27,-1
2025-04-28,2025-04-28 12:14:00,802.5,802.5,802.44,802.44,-0.01,120.98,95818.27,-1
2025-04-28,2025-04-28 12:15:00,802.44,802.44,802.37,802.37,-0.01,120.98,95818.27,-1
2025-04-28,2025-04-28 12:16:00,802.37,802.37,802.3,802.3,-0.01,120.98,95818.27,-1
2025-04-28,2025-04-28 12:17:00,802.3,802.3,802.24,802.24,-0.01,120.98,95818.27,-1
2025-04-28,2025-04-28 12:18:00,802.24,802.24,802.17,802.17,-0.01,120.98,95818.27,-1
2025-04-28,2025-04-28 12:19:00,802.17,802.17,802.1,802.1,-0.01,120.98,95818.27,-1
2025-04-28,2025-04-28 12:20:00,802.1,802.1,802.03,802.03,-0.01,120.98,95818.27,-1
2025-04-28,2025-04-28 12:21:00,802.03,802.03,801.97,801.97,-0.01,120.98,95818.27,-1
2025-04-28,2025-04-28 12:22:00,801.97,801.97,801.9,801.9,-0.01,120.98,95818.27,-1
2025-04-28,2025-04-28 12:23:00,801.9,801.9,801.83,801.83,-0.01,120.98,95818.27,-1
2025-04-28,2025-04-28 12:24:00,801.83,801.83,801.76,801.76,-0.01,120.98,95818.27,-1
2025-04-28,2025-04-28 12:25:00,801.76,801.76,801.69,801.69,-0.01,120.98,95818.27,-1
2025-04-28,2025-04-28 12:26:00,801.69,801.69,801.63,801.63,-0.01,120.98,95818.27,-1
2025-04-28,2025-04-28 12:27:00,801.63,801.63,801.56,801.56,-0.01,120.98,95818.27,-1
2025-04-28,2025-04-28 12:28:00,801.56,801.56,801.49,801.49,-0.01,120.98,95818.27,-1
2025-04-28,2025-04-28 12:29:00,801.49,801.49,801.42,801.42,-0.01,120.98,95818.27,-1
2025-04-28,2025-04-28 12:30:00,801.42,801.42,801.36,801.36,-0.01,120.98,95818.27,-1
2025-04-28,2025-04-28 12:31:00,801.36,801.36,801.29,801.29,-0.01,120.98,95818.27,-1
2025-04-28,2025-04-28 12:32:00,801.29,801.29,801.22,801.22,-0.01,120.98,95818.27,-1
2025-04-28,2025-04-28 12:33:00,801.22,801.22,801.15,801.15,-0.01,120.98,95818.27,-1
2025-04-28,2025-04-28 12:34:00,801.15,801.15,801.09,801.09,-0.01,120.98,95818.27,-1
2025-04-28,2025-04-28 12:35:00,801.09,801.09,801.02,801.02,-0.01,120.98,95818.27,-1
2025-04-28,2025-04-28 12:36:00,801.02,801.02,800.95,800.95,-0.01,120.98,95818.27,-1
2025-04-28,2025-04-28 12:37:00,800.95,800.95,800.88,800.88,-0.01,120.98,95818.27,-1
2025-04-28,2025-04-28 12:38:00,800.88,800.88,800.82,800.82,-0.01,120.98,95818.27,-1
2025-04-28,2025-04-28 12:39:00,800.82,800.82,800.75,800.75,-0.01,120.98,95818.27,-1
2025-04-28,2025-04-28 12:40:00,800.75,800.75,800.68,800.68,-0.01,120.98,95818.27,-1
2025-04-28,2025-04-28 12:41:00,800.68,800.68,800.62,800.62,-0.01,120.98,95818.27,-1
2025-04-28,2025-04-28 12:42:00,800.62,800.62,800.55,800.55,-0.01,120.98,95818.27,-1
2025-04-28,2025-04-28 12:43:00,800.55,800.55,800.48,800.48,-0.01,120.98,95818.27,-1
2025-04-28,2025-04-28 12:44:00,800.48,800.48,800.41,800.41,-0.01,120.98,95818.27,-1
2025-04-28,2025-04-28 12:45:00,800.41,800.41,800.35,800.35,-0.01,120.98,95818.27,-1
2025-04-28,2025-04-28 12:46:00,800.35,800.35,800.28,800.28,-0.01,120.98,95818.27,-1
2025-04-28,2025-04-28 12:47:00,800.28,800.28,800.21,800.21,-0.01,120.98,95818.27,-1
2025-04-28,2025-04-28 12:48:00,800.21,800.21,800.14,800.14,-0.01,120.98,95818.27,-1
2025-04-28,2025-04-28 12:49:00,800.14,800.14,800.07,800.07,-0.01,120.98,95818.27,-1
2025-04-28,2025-04-28 12:50:00,800.07,800.07,800.01,800.01,-0.01,120.98,95818.27,-1
2025-04-28,2025-04-28 12:51:00,800.01,800.01,799.94,799.94,-0.01,120.98,95818.27,-1
2025-04-28,2025-04-28 12:52:00,799.94,799.94,799.87,799.87,-0.01,120.98,95818.27,-1
2025-04-28,2025-04-28 12:53:00,799.87,799.87,799.8,799.8,-0.01,120.98,95818.27,-1
2025-04-28,2025-04-28 12:54:00,799.8,799.8,799.74,799.74,-0.01,120.98,95818.27,-1
2025-04-28,2025-04-28 12:55:00,799.74,799.74,799.67,799.67,-0.01,120.98,95818.27,-1
2025-04-28,2025-04-28 12:56:00,799.67,799.67,799.6,799.6,-0.01,120.98,95818.27,-1
2025-04-28,2025-04-28 12:57:00,799.6,799.6,799.53,799.53,-0.01,120.98,95818.27,-1
2025-04-28,2025-04-28 12:58:00,799.53,799.53,799.47,799.47,-0.01,120.98,95818.27,-1
2025-04-28,2025-04-28 12:59:00,799.47,799.47,799.4,799.4,-0.01,120.98,95818.27,-1
2025-04-28,2025-04-28 13:00:00,799.4,807.5,747.0,799.33,-0.01,120.98,95818.27,-1
2025-04-28,2025-04-28 13:01:00,799.33,799.33,799.26,799.26,-0.01,120.98,95818.27,-1
2025-04-28,2025-04-28 13:02:00,799.26,799.26,799.2,799.2,-0.01,120.98,95818.27,-1
2025-04-28,2025-04-28 13:03:00,799.2,799.2,799.13,799.13,-0.01,120.98,95818.27,-1
2025-04-28,2025-04-28 13:04:00,799.13,799.13,799.06,799.06,-0.01,120.98,95818.27,-1
2025-04-28,2025-04-28 13:05:00,799.06,799.06,799.0,799.0,-0.01,120.98,95818.27,-1
2025-04-28,2025-04-28 13:06:00,799.0,799.0,798.93,798.93,-0.01,120.98,95818.27,-1
2025-04-28,2025-04-28 13:07:00,798.93,798.93,798.86,798.86,-0.01,120.98,95818.27,-1
2025-04-28,2025-04-28 13:08:00,798.86,798.86,798.79,798.79,-0.01,120.98,95818.27,-1
2025-04-28,2025-04-28 13:09:00,798.79,798.79,798.73,798.73,-0.01,120.98,95818.27,-1
2025-04-28,2025-04-28 13:10:00,798.73,798.73,798.66,798.66,-0.01,120.98,95818.27,-1
2025-04-28,2025-04-28 13:11:00,798.66,798.66,798.59,798.59,-0.01,120.98,95818.27,-1
2025-04-28,2025-04-28 13:12:00,798.59,798.59,798.52,798.52,-0.01,120.98,95818.27,-1
2025-04-28,2025-04-28 13:13:00,798.52,798.52,798.45,798.45,-0.01,120.98,95818.27,-1
2025-04-28,2025-04-28 13:14:00,798.45,798.45,798.39,798.39,-0.01,120.98,95818.27,-1
2025-04-28,2025-04-28 13:15:00,798.39,798.39,798.32,798.32,-0.01,120.98,95818.27,-1
2025-04-28,2025-04-28 13:16:00,798.32,798.32,798.25,798.25,-0.01,120.98,95818.27,-1
2025-04-28,2025-04-28 13:17:00,798.25,798.25,798.18,798.18,-0.01,120.98,95818.27,-1
2025-04-28,2025-04-28 13:18:00,798.18,798.18,798.12,798.12,-0.01,120.98,95818.27,-1
2025-04-28,2025-04-28 13:19:00,798.12,798.12,798.05,798.05,-0.01,120.98,95818.27,-1
2025-04-28,2025-04-28 13:20:00,798.05,798.05,797.98,797.98,-0.01,120.98,95818.27,-1
2025-04-28,2025-04-28 13:21:00,797.98,797.98,797.91,797.91,-0.01,120.98,95818.27,-1
2025-04-28,2025-04-28 13:22:00,797.91,797.91,797.85,797.85,-0.01,120.98,95818.27,-1
2025-04-28,2025-04-28 13:23:00,797.85,797.85,797.78,797.78,-0.01,120.98,95818.27,-1
2025-04-28,2025-04-28 13:24:00,797.78,797.78,797.71,797.71,-0.01,120.98,95818.27,-1
2025-04-28,2025-04-28 13:25:00,797.71,797.71,797.64,797.64,-0.01,120.98,95818.27,-1
2025-04-28,2025-04-28 13:26:00,797.64,797.64,797.58,797.58,-0.01,120.98,95818.27,-1
2025-04-28,2025-04-28 13:27:00,797.58,797.58,797.51,797.51,-0.01,120.98,95818.27,-1
2025-04-28,2025-04-28 13:28:00,797.51,797.51,797.44,797.44,-0.01,120.98,95818.27,-1
2025-04-28,2025-04-28 13:29:00,797.44,797.44,797.38,797.38,-0.01,120.98,95818.27,-1
2025-04-28,2025-04-28 13:30:00,797.38,797.38,797.31,797.31,-0.01,120.98,95818.27,-1
2025-04-28,2025-04-28 13:31:00,797.31,797.31,797.24,797.24,-0.01,120.98,95818.27,-1
2025-04-28,2025-04-28 13:32:00,797.24,797.24,797.17,797.17,-0.01,120.98,95818.27,-1
2025-04-28,2025-04-28 13:33:00,797.17,797.17,797.11,797.11,-0.01,120.98,95818.27,-1
2025-04-28,2025-04-28 13:34:00,797.11,797.11,797.04,797.04,-0.01,120.98,95818.27,-1
2025-04-28,2025-04-28 13:35:00,797.04,797.04,796.97,796.97,-0.01,120.98,95818.27,-1
2025-04-28,2025-04-28 13:36:00,796.97,796.97,796.9,796.9,-0.01,120.98,95818.27,-1
2025-04-28,2025-04-28 13:37:00,796.9,796.9,796.83,796.83,-0.01,120.98,95818.27,-1
2025-04-28,2025-04-28 13:38:00,796.83,796.83,796.77,796.77,-0.01,120.98,95818.27,-1
2025-04-28,2025-04-28 13:39:00,796.77,796.77,796.7,796.7,-0.01,120.98,95818.27,-1
2025-04-28,2025-04-28 13:40:00,796.7,796.7,796.63,796.63,-0.01,120.98,95818.27,-1
2025-04-28,2025-04-28 13:41:00,796.63,796.63,796.56,796.56,-0.01,120.98,95818.27,-1
2025-04-28,2025-04-28 13:42:00,796.56,796.56,796.5,796.5,-0.01,120.98,95818.27,-1
2025-04-28,2025-04-28 13:43:00,796.5,796.5,796.43,796.43,-0.01,120.98,95818.27,-1
2025-04-28,2025-04-28 13:44:00,796.43,796.43,796.36,796.36,-0.01,120.98,95818.27,-1
2025-04-28,2025-04-28 13:45:00,796.36,796.36,796.29,796.29,-0.01,120.98,95818.27,-1
2025-04-28,2025-04-28 13:46:00,796.29,796.29,796.23,796.23,-0.01,120.98,95818.27,-1
2025-04-28,2025-04-28 13:47:00,796.23,796.23,796.16,796.16,-0.01,120.98,95818.27,-1
2025-04-28,2025-04-28 13:48:00,796.16,796.16,796.09,796.09,-0.01,120.98,95818.27,-1
2025-04-28,2025-04-28 13:49:00,796.09,796.09,796.02,796.02,-0.01,120.98,95818.27,-1
2025-04-28,2025-04-28 13:50:00,796.02,796.02,795.96,795.96,-0.01,120.98,95818.27,-1
2025-04-28,2025-04-28 13:51:00,795.96,795.96,795.89,795.89,-0.01,120.98,95818.27,-1
2025-04-28,2025-04-28 13:52:00,795.89,795.89,795.82,795.82,-0.01,120.98,95818.27,-1
2025-04-28,2025-04-28 13:53:00,795.82,795.82,795.75,795.75,-0.01,120.98,95818.27,-1
2025-04-28,2025-04-28 13:54:00,795.75,795.75,795.69,795.69,-0.01,120.98,95818.27,-1
2025-04-28,2025-04-28 13:55:00,795.69,795.69,795.62,795.62,-0.01,120.98,95818.27,-1
2025-04-28,2025-04-28 13:56:00,795.62,795.62,795.55,795.55,-0.01,120.98,95818.27,-1
2025-04-28,2025-04-28 13:57:00,795.55,795.55,795.49,795.49,-0.01,120.98,95818.27,-1
2025-04-28,2025-04-28 13:58:00,795.49,795.49,795.42,795.42,-0.01,120.98,95818.27,-1
2025-04-28,2025-04-28 13:59:00,795.42,795.42,795.35,795.35,-0.01,120.98,95818.27,-1
2025-04-28,2025-04-28 14:00:00,795.35,795.35,795.28,795.28,-0.01,120.98,95818.27,-1
2025-04-28,2025-04-28 14:01:00,795.28,795.28,795.21,795.21,-0.01,120.98,95818.27,-1
2025-04-28,2025-04-28 14:02:00,795.21,795.21,795.15,795.15,-0.01,120.98,95818.27,-1
2025-04-28,2025-04-28 14:03:00,795.15,795.15,795.08,795.08,-0.01,120.98,95818.27,-1
2025-04-28,2025-04-28 14:04:00,795.08,795.08,795.01,795.01,-0.01,120.98,95818.27,-1
2025-04-28,2025-04-28 14:05:00,795.01,795.01,794.94,794.94,-0.01,120.98,95818.27,-1
2025-04-28,2025-04-28 14:06:00,794.94,794.94,794.88,794.88,-0.01,120.98,95818.27,-1
2025-04-28,2025-04-28 14:07:00,794.88,794.88,794.81,794.81,-0.01,120.98,95818.27,-1
2025-04-28,2025-04-28 14:08:00,794.81,794.81,794.74,794.74,-0.01,120.98,95818.27,-1
2025-04-28,2025-04-28 14:09:00,794.74,794.74,794.67,794.67,-0.01,120.98,95818.27,-1
2025-04-28,2025-04-28 14:10:00,794.67,794.67,794.61,794.61,-0.01,120.98,95818.27,-1
2025-04-28,2025-04-28 14:11:00,794.61,794.61,794.54,794.54,-0.01,120.98,95818.27,-1
2025-04-28,2025-04-28 14:12:00,794.54,794.54,794.47,794.47,-0.01,120.98,95818.27,-1
2025-04-28,2025-04-28 14:13:00,794.47,794.47,794.4,794.4,-0.01,120.98,95818.27,-1
2025-04-28,2025-04-28 14:14:00,794.4,794.4,794.34,794.34,-0.01,120.98,95818.27,-1
2025-04-28,2025-04-28 14:15:00,794.34,794.34,794.27,794.27,-0.01,120.98,95818.27,-1
2025-04-28,2025-04-28 14:16:00,794.27,794.27,794.2,794.2,-0.01,120.98,95818.27,-1
2025-04-28,2025-04-28 14:17:00,794.2,794.2,794.13,794.13,-0.01,120.98,95818.27,-1
2025-04-28,2025-04-28 14:18:00,794.13,794.13,794.07,794.07,-0.01,120.98,95818.27,-1
2025-04-28,2025-04-28 14:19:00,794.07,794.07,794.0,794.0,-0.01,120.98,95818.27,-1
2025-04-28,2025-04-28 14:20:00,794.0,794.0,793.93,793.93,-0.01,120.98,95818.27,-1
2025-04-28,2025-04-28 14:21:00,793.93,793.93,793.87,793.87,-0.01,120.98,95818.27,-1
2025-04-28,2025-04-28 14:22:00,793.87,793.87,793.8,793.8,-0.01,120.98,95818.27,-1
2025-04-28,2025-04-28 14:23:00,793.8,793.8,793.73,793.73,-0.01,120.98,95818.27,-1
2025-04-28,2025-04-28 14:24:00,793.73,793.73,793.66,793.66,-0.01,120.98,95818.27,-1
2025-04-28,2025-04-28 14:25:00,793.66,793.66,793.59,793.59,-0.01,120.98,95818.27,-1
2025-04-28,2025-04-28 14:26:00,793.59,793.59,793.53,793.53,-0.01,120.98,95818.27,-1
2025-04-28,2025-04-28 14:27:00,793.53,793.53,793.46,793.46,-0.01,120.98,95818.27,-1
2025-04-28,2025-04-28 14:28:00,793.46,793.46,793.39,793.39,-0.01,120.98,95818.27,-1
2025-04-28,2025-04-28 14:29:00,793.39,793.39,793.32,793.32,-0.01,120.98,95818.27,-1
2025-04-28,2025-04-28 14:30:00,793.32,793.32,793.26,793.26,-0.01,120.98,95818.27,-1
2025-04-28,2025-04-28 14:31:00,793.26,793.26,793.19,793.19,-0.01,120.98,95818.27,-1
2025-04-28,2025-04-28 14:32:00,793.19,793.19,793.12,793.12,-0.01,120.98,95818.27,-1
2025-04-28,2025-04-28 14:33:00,793.12,793.12,793.05,793.05,-0.01,120.98,95818.27,-1
2025-04-28,2025-04-28 14:34:00,793.05,793.05,792.99,792.99,-0.01,120.98,95818.27,-1
2025-04-28,2025-04-28 14:35:00,792.99,792.99,792.92,792.92,-0.01,120.98,95818.27,-1
2025-04-28,2025-04-28 14:36:00,792.92,792.92,792.85,792.85,-0.01,120.98,95818.27,-1
2025-04-28,2025-04-28 14:37:00,792.85,792.85,792.78,792.78,-0.01,120.98,95818.27,-1
2025-04-28,2025-04-28 14:38:00,792.78,792.78,792.72,792.72,-0.01,120.98,95818.27,-1
2025-04-28,2025-04-28 14:39:00,792.72,792.72,792.65,792.65,-0.01,120.98,95818.27,-1
2025-04-28,2025-04-28 14:40:00,792.65,792.65,792.58,792.58,-0.01,120.98,95818.27,-1
2025-04-28,2025-04-28 14:41:00,792.58,792.58,792.51,792.51,-0.01,120.98,95818.27,-1
2025-04-28,2025-04-28 14:42:00,792.51,792.51,792.45,792.45,-0.01,120.98,95818.27,-1
2025-04-28,2025-04-28 14:43:00,792.45,792.45,792.38,792.38,-0.01,120.98,95818.27,-1
2025-04-28,2025-04-28 14:44:00,792.38,792.38,792.31,792.31,-0.01,120.98,95818.27,-1
2025-04-28,2025-04-28 14:45:00,792.31,792.31,792.25,792.25,-0.01,120.98,95818.27,-1
2025-04-28,2025-04-28 14:46:00,792.25,792.25,792.18,792.18,-0.01,120.98,95818.27,-1
2025-04-28,2025-04-28 14:47:00,792.18,792.18,792.11,792.11,-0.01,120.98,95818.27,-1
2025-04-28,2025-04-28 14:48:00,792.11,792.11,792.04,792.04,-0.01,120.98,95818.27,-1
2025-04-28,2025-04-28 14:49:00,792.04,792.04,791.97,791.97,-0.01,120.98,95818.27,-1
2025-04-28,2025-04-28 14:50:00,791.97,791.97,791.91,791.91,-0.01,120.98,95818.27,-1
2025-04-28,2025-04-28 14:51:00,791.91,791.91,791.84,791.84,-0.01,120.98,95818.27,-1
2025-04-28,2025-04-28 14:52:00,791.84,791.84,791.77,791.77,-0.01,120.98,95818.27,-1
2025-04-28,2025-04-28 14:53:00,791.77,791.77,791.7,791.7,-0.01,120.98,95818.27,-1
2025-04-28,2025-04-28 14:54:00,791.7,791.7,791.64,791.64,-0.01,120.98,95818.27,-1
2025-04-28,2025-04-28 14:55:00,791.64,791.64,791.57,791.57,-0.01,120.98,95818.27,-1
2025-04-28,2025-04-28 14:56:00,791.57,791.57,791.5,791.5,-0.01,120.98,95818.27,-1
2025-04-28,2025-04-28 14:57:00,791.5,791.5,791.43,791.43,-0.01,120.98,95818.27,-1
2025-04-28,2025-04-28 14:58:00,791.43,791.43,791.37,791.37,-0.01,120.98,95818.27,-1
2025-04-28,2025-04-28 14:59:00,791.37,791.37,791.3,791.3,-0.01,120.98,95818.27,-1
2025-04-28,2025-04-28 15:00:00,791.3,807.5,747.0,791.3,0.0,120.98,95818.27,0
2025-04-29,2025-04-29 11:00:00,775.5,803.85,769.35,775.86,0.05,404.74,325307.16,1
2025-04-29,2025-04-29 11:01:00,775.86,776.23,775.86,776.23,0.05,404.74,325307.16,1
2025-04-29,2025-04-29 11:02:00,776.23,776.59,776.23,776.59,0.05,404.74,325307.16,1
2025-04-29,2025-04-29 11:03:00,776.59,776.95,776.59,776.95,0.05,404.74,325307.16,1
2025-04-29,2025-04-29 11:04:00,776.95,777.32,776.95,777.32,0.05,404.74,325307.16,1
2025-04-29,2025-04-29 11:05:00,777.32,777.68,777.32,777.68,0.05,404.74,325307.16,1
2025-04-29,2025-04-29 11:06:00,777.68,778.04,777.68,778.04,0.05,404.74,325307.16,1
2025-04-29,2025-04-29 11:07:00,778.04,778.4,778.04,778.4,0.05,404.74,325307.16,1
2025-04-29,2025-04-29 11:08:00,778.4,778.77,778.4,778.77,0.05,404.74,325307.16,1
2025-04-29,2025-04-29 11:09:00,778.77,779.13,778.77,779.13,0.05,404.74,325307.16,1
2025-04-29,2025-04-29 11:10:00,779.13,779.49,779.13,779.49,0.05,404.74,325307.16,1
2025-04-29,2025-04-29 11:11:00,779.49,779.86,779.49,779.86,0.05,404.74,325307.16,1
2025-04-29,2025-04-29 11:12:00,779.86,780.22,779.86,780.22,0.05,404.74,325307.16,1
2025-04-29,2025-04-29 11:13:00,780.22,780.58,780.22,780.58,0.05,404.74,325307.16,1
2025-04-29,2025-04-29 11:14:00,780.58,780.95,780.58,780.95,0.05,404.74,325307.16,1
2025-04-29,2025-04-29 11:15:00,780.95,781.31,780.95,781.31,0.05,404.74,325307.16,1
2025-04-29,2025-04-29 11:16:00,781.31,781.67,781.31,781.67,0.05,404.74,325307.16,1
2025-04-29,2025-04-29 11:17:00,781.67,782.03,781.67,782.03,0.05,404.74,325307.16,1
2025-04-29,2025-04-29 11:18:00,782.03,782.4,782.03,782.4,0.05,404.74,325307.16,1
2025-04-29,2025-04-29 11:19:00,782.4,782.76,782.4,782.76,0.05,404.74,325307.16,1
2025-04-29,2025-04-29 11:20:00,782.76,783.12,782.76,783.12,0.05,404.74,325307.16,1
2025-04-29,2025-04-29 11:21:00,783.12,783.49,783.12,783.49,0.05,404.74,325307.16,1
2025-04-29,2025-04-29 11:22:00,783.49,783.85,783.49,783.85,0.05,404.74,325307.16,1
2025-04-29,2025-04-29 11:23:00,783.85,784.21,783.85,784.21,0.05,404.74,325307.16,1
2025-04-29,2025-04-29 11:24:00,784.21,784.58,784.21,784.58,0.05,404.74,325307.16,1
2025-04-29,2025-04-29 11:25:00,784.58,784.94,784.58,784.94,0.05,404.74,325307.16,1
2025-04-29,2025-04-29 11:26:00,784.94,785.3,784.94,785.3,0.05,404.74,325307.16,1
2025-04-29,2025-04-29 11:27:00,785.3,785.66,785.3,785.66,0.05,404.74,325307.16,1
2025-04-29,2025-04-29 11:28:00,785.66,786.03,785.66,786.03,0.05,404.74,325307.16,1
2025-04-29,2025-04-29 11:29:00,786.03,786.39,786.03,786.39,0.05,404.74,325307.16,1
2025-04-29,2025-04-29 11:30:00,786.39,786.75,786.39,786.75,0.05,404.74,325307.16,1
2025-04-29,2025-04-29 11:31:00,786.75,787.12,786.75,787.12,0.05,404.74,325307.16,1
2025-04-29,2025-04-29 11:32:00,787.12,787.48,787.12,787.48,0.05,404.74,325307.16,1
2025-04-29,2025-04-29 11:33:00,787.48,787.84,787.48,787.84,0.05,404.74,325307.16,1
2025-04-29,2025-04-29 11:34:00,787.84,788.21,787.84,788.21,0.05,404.74,325307.16,1
2025-04-29,2025-04-29 11:35:00,788.21,788.57,788.21,788.57,0.05,404.74,325307.16,1
2025-04-29,2025-04-29 11:36:00,788.57,788.93,788.57,788.93,0.05,404.74,325307.16,1
2025-04-29,2025-04-29 11:37:00,788.93,789.29,788.93,789.29,0.05,404.74,325307.16,1
2025-04-29,2025-04-29 11:38:00,789.29,789.66,789.29,789.66,0.05,404.74,325307.16,1
2025-04-29,2025-04-29 11:39:00,789.66,790.02,789.66,790.02,0.05,404.74,325307.16,1
2025-04-29,2025-04-29 11:40:00,790.02,790.38,790.02,790.38,0.05,404.74,325307.16,1
2025-04-29,2025-04-29 11:41:00,790.38,790.75,790.38,790.75,0.05,404.74,325307.16,1
2025-04-29,2025-04-29 11:42:00,790.75,791.11,790.75,791.11,0.05,404.74,325307.16,1
2025-04-29,2025-04-29 11:43:00,791.11,791.47,791.11,791.47,0.05,404.74,325307.16,1
2025-04-29,2025-04-29 11:44:00,791.47,791.84,791.47,791.84,0.05,404.74,325307.16,1
2025-04-29,2025-04-29 11:45:00,791.84,792.2,791.84,792.2,0.05,404.74,325307.16,1
2025-04-29,2025-04-29 11:46:00,792.2,792.56,792.2,792.56,0.05,404.74,325307.16,1
2025-04-29,2025-04-29 11:47:00,792.56,792.92,792.56,792.92,0.05,404.74,325307.16,1
2025-04-29,2025-04-29 11:48:00,792.92,793.29,792.92,793.29,0.05,404.74,325307.16,1
2025-04-29,2025-04-29 11:49:00,793.29,793.65,793.29,793.65,0.05,404.74,325307.16,1
2025-04-29,2025-04-29 11:50:00,793.65,794.01,793.65,794.01,0.05,404.74,325307.16,1
2025-04-29,2025-04-29 11:51:00,794.01,794.38,794.01,794.38,0.05,404.74,325307.16,1
2025-04-29,2025-04-29 11:52:00,794.38,794.74,794.38,794.74,0.05,404.74,325307.16,1
2025-04-29,2025-04-29 11:53:00,794.74,795.1,794.74,795.1,0.05,404.74,325307.16,1
2025-04-29,2025-04-29 11:54:00,795.1,795.47,795.1,795.47,0.05,404.74,325307.16,1
2025-04-29,2025-04-29 11:55:00,795.47,795.83,795.47,795.83,0.05,404.74,325307.16,1
2025-04-29,2025-04-29 11:56:00,795.83,796.19,795.83,796.19,0.05,404.74,325307.16,1
2025-04-29,2025-04-29 11:57:00,796.19,796.55,796.19,796.55,0.05,404.74,325307.16,1
2025-04-29,2025-04-29 11:58:00,796.55,796.92,796.55,796.92,0.05,404.74,325307.16,1
2025-04-29,2025-04-29 11:59:00,796.92,797.28,796.92,797.28,0.05,404.74,325307.16,1
2025-04-29,2025-04-29 12:00:00,797.28,797.64,797.28,797.64,0.05,404.74,325307.16,1
2025-04-29,2025-04-29 12:01:00,797.64,798.01,797.64,798.01,0.05,404.74,325307.16,1
2025-04-29,2025-04-29 12:02:00,798.01,798.37,798.01,798.37,0.05,404.74,325307.16,1
2025-04-29,2025-04-29 12:03:00,798.37,798.73,798.37,798.73,0.05,404.74,325307.16,1
2025-04-29,2025-04-29 12:04:00,798.73,799.1,798.73,799.1,0.05,404.74,325307.16,1
2025-04-29,2025-04-29 12:05:00,799.1,799.46,799.1,799.46,0.05,404.74,325307.16,1
2025-04-29,2025-04-29 12:06:00,799.46,799.82,799.46,799.82,0.05,404.74,325307.16,1
2025-04-29,2025-04-29 12:07:00,799.82,800.18,799.82,800.18,0.05,404.74,325307.16,1
2025-04-29,2025-04-29 12:08:00,800.18,800.55,800.18,800.55,0.05,404.74,325307.16,1
2025-04-29,2025-04-29 12:09:00,800.55,800.91,800.55,800.91,0.04,404.74,325307.16,1
2025-04-29,2025-04-29 12:10:00,800.91,801.27,800.91,801.27,0.04,404.74,325307.16,1
2025-04-29,2025-04-29 12:11:00,801.27,801.64,801.27,801.64,0.05,404.74,325307.16,1
2025-04-29,2025-04-29 12:12:00,801.64,802.0,801.64,802.0,0.04,404.74,325307.16,1
2025-04-29,2025-04-29 12:13:00,802.0,802.36,802.0,802.36,0.04,404.74,325307.16,1
2025-04-29,2025-04-29 12:14:00,802.36,802.73,802.36,802.73,0.05,404.74,325307.16,1
2025-04-29,2025-04-29 12:15:00,802.73,803.09,802.73,803.09,0.04,404.74,325307.16,1
2025-04-29,2025-04-29 12:16:00,803.09,803.45,803.09,803.45,0.04,404.74,325307.16,1
2025-04-29,2025-04-29 12:17:00,803.45,803.81,803.45,803.81,0.04,404.74,325307.16,1
2025-04-29,2025-04-29 12:18:00,803.81,804.18,803.81,804.18,0.05,404.74,325307.16,1
2025-04-29,2025-04-29 12:19:00,804.18,804.54,804.18,804.54,0.04,404.74,325307.16,1
2025-04-29,2025-04-29 12:20:00,804.54,804.9,804.54,804.9,0.04,404.74,325307.16,1
2025-04-29,2025-04-29 12:21:00,804.9,805.27,804.9,805.27,0.05,404.74,325307.16,1
2025-04-29,2025-04-29 12:22:00,805.27,805.63,805.27,805.63,0.04,404.74,325307.16,1
2025-04-29,2025-04-29 12:23:00,805.63,805.99,805.63,805.99,0.04,404.74,325307.16,1
2025-04-29,2025-04-29 12:24:00,805.99,806.36,805.99,806.36,0.05,404.74,325307.16,1
2025-04-29,2025-04-29 12:25:00,806.36,806.72,806.36,806.72,0.04,404.74,325307.16,1
2025-04-29,2025-04-29 12:26:00,806.72,807.08,806.72,807.08,0.04,404.74,325307.16,1
2025-04-29,2025-04-29 12:27:00,807.08,807.44,807.08,807.44,0.04,404.74,325307.16,1
2025-04-29,2025-04-29 12:28:00,807.44,807.81,807.44,807.81,0.05,404.74,325307.16,1
2025-04-29,2025-04-29 12:29:00,807.81,808.17,807.81,808.17,0.04,404.74,325307.16,1
2025-04-29,2025-04-29 12:30:00,808.17,808.53,808.17,808.53,0.04,404.74,325307.16,1
2025-04-29,2025-04-29 12:31:00,808.53,808.9,808.53,808.9,0.05,404.74,325307.16,1
2025-04-29,2025-04-29 12:32:00,808.9,809.26,808.9,809.26,0.04,404.74,325307.16,1
2025-04-29,2025-04-29 12:33:00,809.26,809.62,809.26,809.62,0.04,404.74,325307.16,1
2025-04-29,2025-04-29 12:34:00,809.62,809.99,809.62,809.99,0.05,404.74,325307.16,1
2025-04-29,2025-04-29 12:35:00,809.99,810.35,809.99,810.35,0.04,404.74,325307.16,1
2025-04-29,2025-04-29 12:36:00,810.35,810.71,810.35,810.71,0.04,404.74,325307.16,1
2025-04-29,2025-04-29 12:37:00,810.71,811.07,810.71,811.07,0.04,404.74,325307.16,1
2025-04-29,2025-04-29 12:38:00,811.07,811.44,811.07,811.44,0.05,404.74,325307.16,1
2025-04-29,2025-04-29 12:39:00,811.44,811.8,811.44,811.8,0.04,404.74,325307.16,1
2025-04-29,2025-04-29 12:40:00,811.8,812.16,811.8,812.16,0.04,404.74,325307.16,1
2025-04-29,2025-04-29 12:41:00,812.16,812.53,812.16,812.53,0.05,404.74,325307.16,1
2025-04-29,2025-04-29 12:42:00,812.53,812.89,812.53,812.89,0.04,404.74,325307.16,1
2025-04-29,2025-04-29 12:43:00,812.89,813.25,812.89,813.25,0.04,404.74,325307.16,1
2025-04-29,2025-04-29 12:44:00,813.25,813.62,813.25,813.62,0.05,404.74,325307.16,1
2025-04-29,2025-04-29 12:45:00,813.62,813.98,813.62,813.98,0.04,404.74,325307.16,1
2025-04-29,2025-04-29 12:46:00,813.98,814.34,813.98,814.34,0.04,404.74,325307.16,1
2025-04-29,2025-04-29 12:47:00,814.34,814.7,814.34,814.7,0.04,404.74,325307.16,1
2025-04-29,2025-04-29 12:48:00,814.7,815.07,814.7,815.07,0.05,404.74,325307.16,1
2025-04-29,2025-04-29 12:49:00,815.07,815.43,815.07,815.43,0.04,404.74,325307.16,1
2025-04-29,2025-04-29 12:50:00,815.43,815.79,815.43,815.79,0.04,404.74,325307.16,1
2025-04-29,2025-04-29 12:51:00,815.79,816.16,815.79,816.16,0.05,404.74,325307.16,1
2025-04-29,2025-04-29 12:52:00,816.16,816.52,816.16,816.52,0.04,404.74,325307.16,1
2025-04-29,2025-04-29 12:53:00,816.52,816.88,816.52,816.88,0.04,404.74,325307.16,1
2025-04-29,2025-04-29 12:54:00,816.88,817.25,816.88,817.25,0.05,404.74,325307.16,1
2025-04-29,2025-04-29 12:55:00,817.25,817.61,817.25,817.61,0.04,404.74,325307.16,1
2025-04-29,2025-04-29 12:56:00,817.61,817.97,817.61,817.97,0.04,404.74,325307.16,1
2025-04-29,2025-04-29 12:57:00,817.97,818.33,817.97,818.33,0.04,404.74,325307.16,1
2025-04-29,2025-04-29 12:58:00,818.33,818.7,818.33,818.7,0.05,404.74,325307.16,1
2025-04-29,2025-04-29 12:59:00,818.7,819.06,818.7,819.06,0.04,404.74,325307.16,1
2025-04-29,2025-04-29 13:00:00,819.06,870.0,755.0,819.42,0.04,404.74,325307.16,1
2025-04-29,2025-04-29 13:01:00,819.42,819.79,819.42,819.79,0.05,404.74,325307.16,1
2025-04-29,2025-04-29 13:02:00,819.79,820.15,819.79,820.15,0.04,404.74,325307.16,1
2025-04-29,2025-04-29 13:03:00,820.15,820.51,820.15,820.51,0.04,404.74,325307.16,1
2025-04-29,2025-04-29 13:04:00,820.51,820.88,820.51,820.88,0.05,404.74,325307.16,1
2025-04-29,2025-04-29 13:05:00,820.88,821.24,820.88,821.24,0.04,404.74,325307.16,1
2025-04-29,2025-04-29 13:06:00,821.24,821.6,821.24,821.6,0.04,404.74,325307.16,1
2025-04-29,2025-04-29 13:07:00,821.6,821.96,821.6,821.96,0.04,404.74,325307.16,1
2025-04-29,2025-04-29 13:08:00,821.96,822.33,821.96,822.33,0.05,404.74,325307.16,1
2025-04-29,2025-04-29 13:09:00,822.33,822.69,822.33,822.69,0.04,404.74,325307.16,1
2025-04-29,2025-04-29 13:10:00,822.69,823.05,822.69,823.05,0.04,404.74,325307.16,1
2025-04-29,2025-04-29 13:11:00,823.05,823.42,823.05,823.42,0.04,404.74,325307.16,1
2025-04-29,2025-04-29 13:12:00,823.42,823.78,823.42,823.78,0.04,404.74,325307.16,1
2025-04-29,2025-04-29 13:13:00,823.78,824.14,823.78,824.14,0.04,404.74,325307.16,1
2025-04-29,2025-04-29 13:14:00,824.14,824.5,824.14,824.5,0.04,404.74,325307.16,1
2025-04-29,2025-04-29 13:15:00,824.5,824.87,824.5,824.87,0.04,404.74,325307.16,1
2025-04-29,2025-04-29 13:16:00,824.87,825.23,824.87,825.23,0.04,404.74,325307.16,1
2025-04-29,2025-04-29 13:17:00,825.23,825.59,825.23,825.59,0.04,404.74,325307.16,1
2025-04-29,2025-04-29 13:18:00,825.59,825.96,825.59,825.96,0.04,404.74,325307.16,1
2025-04-29,2025-04-29 13:19:00,825.96,826.32,825.96,826.32,0.04,404.74,325307.16,1
2025-04-29,2025-04-29 13:20:00,826.32,826.68,826.32,826.68,0.04,404.74,325307.16,1
2025-04-29,2025-04-29 13:21:00,826.68,827.05,826.68,827.05,0.04,404.74,325307.16,1
2025-04-29,2025-04-29 13:22:00,827.05,827.41,827.05,827.41,0.04,404.74,325307.16,1
2025-04-29,2025-04-29 13:23:00,827.41,827.77,827.41,827.77,0.04,404.74,325307.16,1
2025-04-29,2025-04-29 13:24:00,827.77,828.13,827.77,828.13,0.04,404.74,325307.16,1
2025-04-29,2025-04-29 13:25:00,828.13,828.5,828.13,828.5,0.04,404.74,325307.16,1
2025-04-29,2025-04-29 13:26:00,828.5,828.86,828.5,828.86,0.04,404.74,325307.16,1
2025-04-29,2025-04-29 13:27:00,828.86,829.22,828.86,829.22,0.04,404.74,325307.16,1
2025-04-29,2025-04-29 13:28:00,829.22,829.59,829.22,829.59,0.04,404.74,325307.16,1
2025-04-29,2025-04-29 13:29:00,829.59,829.95,829.59,829.95,0.04,404.74,325307.16,1
2025-04-29,2025-04-29 13:30:00,829.95,830.31,829.95,830.31,0.04,404.74,325307.16,1
2025-04-29,2025-04-29 13:31:00,830.31,830.68,830.31,830.68,0.04,404.74,325307.16,1
2025-04-29,2025-04-29 13:32:00,830.68,831.04,830.68,831.04,0.04,404.74,325307.16,1
2025-04-29,2025-04-29 13:33:00,831.04,831.4,831.04,831.4,0.04,404.74,325307.16,1
2025-04-29,2025-04-29 13:34:00,831.4,831.76,831.4,831.76,0.04,404.74,325307.16,1
2025-04-29,2025-04-29 13:35:00,831.76,832.13,831.76,832.13,0.04,404.74,325307.16,1
2025-04-29,2025-04-29 13:36:00,832.13,832.49,832.13,832.49,0.04,404.74,325307.16,1
2025-04-29,2025-04-29 13:37:00,832.49,832.85,832.49,832.85,0.04,404.74,325307.16,1
2025-04-29,2025-04-29 13:38:00,832.85,833.22,832.85,833.22,0.04,404.74,325307.16,1
2025-04-29,2025-04-29 13:39:00,833.22,833.58,833.22,833.58,0.04,404.74,325307.16,1
2025-04-29,2025-04-29 13:40:00,833.58,833.94,833.58,833.94,0.04,404.74,325307.16,1
2025-04-29,2025-04-29 13:41:00,833.94,834.31,833.94,834.31,0.04,404.74,325307.16,1
2025-04-29,2025-04-29 13:42:00,834.31,834.67,834.31,834.67,0.04,404.74,325307.16,1
2025-04-29,2025-04-29 13:43:00,834.67,835.03,834.67,835.03,0.04,404.74,325307.16,1
2025-04-29,2025-04-29 13:44:00,835.03,835.39,835.03,835.39,0.04,404.74,325307.16,1
2025-04-29,2025-04-29 13:45:00,835.39,835.76,835.39,835.76,0.04,404.74,325307.16,1
2025-04-29,2025-04-29 13:46:00,835.76,836.12,835.76,836.12,0.04,404.74,325307.16,1
2025-04-29,2025-04-29 13:47:00,836.12,836.48,836.12,836.48,0.04,404.74,325307.16,1
2025-04-29,2025-04-29 13:48:00,836.48,836.85,836.48,836.85,0.04,404.74,325307.16,1
2025-04-29,2025-04-29 13:49:00,836.85,837.21,836.85,837.21,0.04,404.74,325307.16,1
2025-04-29,2025-04-29 13:50:00,837.21,837.57,837.21,837.57,0.04,404.74,325307.16,1
2025-04-29,2025-04-29 13:51:00,837.57,837.94,837.57,837.94,0.04,404.74,325307.16,1
2025-04-29,2025-04-29 13:52:00,837.94,838.3,837.94,838.3,0.04,404.74,325307.16,1
2025-04-29,2025-04-29 13:53:00,838.3,838.66,838.3,838.66,0.04,404.74,325307.16,1
2025-04-29,2025-04-29 13:54:00,838.66,839.02,838.66,839.02,0.04,404.74,325307.16,1
2025-04-29,2025-04-29 13:55:00,839.02,839.39,839.02,839.39,0.04,404.74,325307.16,1
2025-04-29,2025-04-29 13:56:00,839.39,839.75,839.39,839.75,0.04,404.74,325307.16,1
2025-04-29,2025-04-29 13:57:00,839.75,840.11,839.75,840.11,0.04,404.74,325307.16,1
2025-04-29,2025-04-29 13:58:00,840.11,840.48,840.11,840.48,0.04,404.74,325307.16,1
2025-04-29,2025-04-29 13:59:00,840.48,840.84,840.48,840.84,0.04,404.74,325307.16,1
2025-04-29,2025-04-29 14:00:00,840.84,841.2,840.84,841.2,0.04,404.74,325307.16,1
2025-04-29,2025-04-29 14:01:00,841.2,841.57,841.2,841.57,0.04,404.74,325307.16,1
2025-04-29,2025-04-29 14:02:00,841.57,841.93,841.57,841.93,0.04,404.74,325307.16,1
2025-04-29,2025-04-29 14:03:00,841.93,842.29,841.93,842.29,0.04,404.74,325307.16,1
2025-04-29,2025-04-29 14:04:00,842.29,842.65,842.29,842.65,0.04,404.74,325307.16,1
2025-04-29,2025-04-29 14:05:00,842.65,843.02,842.65,843.02,0.04,404.74,325307.16,1
2025-04-29,2025-04-29 14:06:00,843.02,843.38,843.02,843.38,0.04,404.74,325307.16,1
2025-04-29,2025-04-29 14:07:00,843.38,843.74,843.38,843.74,0.04,404.74,325307.16,1
2025-04-29,2025-04-29 14:08:00,843.74,844.11,843.74,844.11,0.04,404.74,325307.16,1
2025-04-29,2025-04-29 14:09:00,844.11,844.47,844.11,844.47,0.04,404.74,325307.16,1
2025-04-29,2025-04-29 14:10:00,844.47,844.83,844.47,844.83,0.04,404.74,325307.16,1
2025-04-29,2025-04-29 14:11:00,844.83,845.2,844.83,845.2,0.04,404.74,325307.16,1
2025-04-29,2025-04-29 14:12:00,845.2,845.56,845.2,845.56,0.04,404.74,325307.16,1
2025-04-29,2025-04-29 14:13:00,845.56,845.92,845.56,845.92,0.04,404.74,325307.16,1
2025-04-29,2025-04-29 14:14:00,845.92,846.28,845.92,846.28,0.04,404.74,325307.16,1
2025-04-29,2025-04-29 14:15:00,846.28,846.65,846.28,846.65,0.04,404.74,325307.16,1
2025-04-29,2025-04-29 14:16:00,846.65,847.01,846.65,847.01,0.04,404.74,325307.16,1
2025-04-29,2025-04-29 14:17:00,847.01,847.37,847.01,847.37,0.04,404.74,325307.16,1
2025-04-29,2025-04-29 14:18:00,847.37,847.74,847.37,847.74,0.04,404.74,325307.16,1
2025-04-29,2025-04-29 14:19:00,847.74,848.1,847.74,848.1,0.04,404.74,325307.16,1
2025-04-29,2025-04-29 14:20:00,848.1,848.46,848.1,848.46,0.04,404.74,325307.16,1
2025-04-29,2025-04-29 14:21:00,848.46,848.83,848.46,848.83,0.04,404.74,325307.16,1
2025-04-29,2025-04-29 14:22:00,848.83,849.19,848.83,849.19,0.04,404.74,325307.16,1
2025-04-29,2025-04-29 14:23:00,849.19,849.55,849.19,849.55,0.04,404.74,325307.16,1
2025-04-29,2025-04-29 14:24:00,849.55,849.91,849.55,849.91,0.04,404.74,325307.16,1
2025-04-29,2025-04-29 14:25:00,849.91,850.28,849.91,850.28,0.04,404.74,325307.16,1
2025-04-29,2025-04-29 14:26:00,850.28,850.64,850.28,850.64,0.04,404.74,325307.16,1
2025-04-29,2025-04-29 14:27:00,850.64,851.0,850.64,851.0,0.04,404.74,325307.16,1
2025-04-29,2025-04-29 14:28:00,851.0,851.37,851.0,851.37,0.04,404.74,325307.16,1
2025-04-29,2025-04-29 14:29:00,851.37,851.73,851.37,851.73,0.04,404.74,325307.16,1
2025-04-29,2025-04-29 14:30:00,851.73,852.09,851.73,852.09,0.04,404.74,325307.16,1
2025-04-29,2025-04-29 14:31:00,852.09,852.46,852.09,852.46,0.04,404.74,325307.16,1
2025-04-29,2025-04-29 14:32:00,852.46,852.82,852.46,852.82,0.04,404.74,325307.16,1
2025-04-29,2025-04-29 14:33:00,852.82,853.18,852.82,853.18,0.04,404.74,325307.16,1
2025-04-29,2025-04-29 14:34:00,853.18,853.54,853.18,853.54,0.04,404.74,325307.16,1
2025-04-29,2025-04-29 14:35:00,853.54,853.91,853.54,853.91,0.04,404.74,325307.16,1
2025-04-29,2025-04-29 14:36:00,853.91,854.27,853.91,854.27,0.04,404.74,325307.16,1
2025-04-29,2025-04-29 14:37:00,854.27,854.63,854.27,854.63,0.04,404.74,325307.16,1
2025-04-29,2025-04-29 14:38:00,854.63,855.0,854.63,855.0,0.04,404.74,325307.16,1
2025-04-29,2025-04-29 14:39:00,855.0,855.36,855.0,855.36,0.04,404.74,325307.16,1
2025-04-29,2025-04-29 14:40:00,855.36,855.72,855.36,855.72,0.04,404.74,325307.16,1
2025-04-29,2025-04-29 14:41:00,855.72,856.09,855.72,856.09,0.04,404.74,325307.16,1
2025-04-29,2025-04-29 14:42:00,856.09,856.45,856.09,856.45,0.04,404.74,325307.16,1
2025-04-29,2025-04-29 14:43:00,856.45,856.81,856.45,856.81,0.04,404.74,325307.16,1
2025-04-29,2025-04-29 14:44:00,856.81,857.17,856.81,857.17,0.04,404.74,325307.16,1
2025-04-29,2025-04-29 14:45:00,857.17,857.54,857.17,857.54,0.04,404.74,325307.16,1
2025-04-29,2025-04-29 14:46:00,857.54,857.9,857.54,857.9,0.04,404.74,325307.16,1
2025-04-29,2025-04-29 14:47:00,857.9,858.26,857.9,858.26,0.04,404.74,325307.16,1
2025-04-29,2025-04-29 14:48:00,858.26,858.63,858.26,858.63,0.04,404.74,325307.16,1
2025-04-29,2025-04-29 14:49:00,858.63,858.99,858.63,858.99,0.04,404.74,325307.16,1
2025-04-29,2025-04-29 14:50:00,858.99,859.35,858.99,859.35,0.04,404.74,325307.16,1
2025-04-29,2025-04-29 14:51:00,859.35,859.72,859.35,859.72,0.04,404.74,325307.16,1
2025-04-29,2025-04-29 14:52:00,859.72,860.08,859.72,860.08,0.04,404.74,325307.16,1
2025-04-29,2025-04-29 14:53:00,860.08,860.44,860.08,860.44,0.04,404.74,325307.16,1
2025-04-29,2025-04-29 14:54:00,860.44,860.81,860.44,860.81,0.04,404.74,325307.16,1
2025-04-29,2025-04-29 14:55:00,860.81,861.17,860.81,861.17,0.04,404.74,325307.16,1
2025-04-29,2025-04-29 14:56:00,861.17,861.53,861.17,861.53,0.04,404.74,325307.16,1
2025-04-29,2025-04-29 14:57:00,861.53,861.89,861.53,861.89,0.04,404.74,325307.16,1
2025-04-29,2025-04-29 14:58:00,861.89,862.26,861.89,862.26,0.04,404.74,325307.16,1
2025-04-29,2025-04-29 14:59:00,862.26,862.62,862.26,862.62,0.04,404.74,325307.16,1
2025-04-29,2025-04-29 15:00:00,862.62,870.0,755.0,862.62,0.0,404.74,325307.16,0
2025-04-30,2025-04-30 11:00:00,845.4,845.4,824.7,845.11,-0.03,162.5,126802.31,-1
2025-04-30,2025-04-30 11:01:00,845.11,845.11,844.82,844.82,-0.03,162.5,126802.31,-1
2025-04-30,2025-04-30 11:02:00,844.82,844.82,844.54,844.54,-0.03,162.5,126802.31,-1
2025-04-30,2025-04-30 11:03:00,844.54,844.54,844.25,844.25,-0.03,162.5,126802.31,-1
2025-04-30,2025-04-30 11:04:00,844.25,844.25,843.96,843.96,-0.03,162.5,126802.31,-1
2025-04-30,2025-04-30 11:05:00,843.96,843.96,843.67,843.67,-0.03,162.5,126802.31,-1
2025-04-30,2025-04-30 11:06:00,843.67,843.67,843.39,843.39,-0.03,162.5,126802.31,-1
2025-04-30,2025-04-30 11:07:00,843.39,843.39,843.1,843.1,-0.03,162.5,126802.31,-1
2025-04-30,2025-04-30 11:08:00,843.1,843.1,842.81,842.81,-0.03,162.5,126802.31,-1
2025-04-30,2025-04-30 11:09:00,842.81,842.81,842.52,842.52,-0.03,162.5,126802.31,-1
2025-04-30,2025-04-30 11:10:00,842.52,842.52,842.24,842.24,-0.03,162.5,126802.31,-1
2025-04-30,2025-04-30 11:11:00,842.24,842.24,841.95,841.95,-0.03,162.5,126802.31,-1
2025-04-30,2025-04-30 11:12:00,841.95,841.95,841.66,841.66,-0.03,162.5,126802.31,-1
2025-04-30,2025-04-30 11:13:00,841.66,841.66,841.38,841.38,-0.03,162.5,126802.31,-1
2025-04-30,2025-04-30 11:14:00,841.38,841.38,841.09,841.09,-0.03,162.5,126802.31,-1
2025-04-30,2025-04-30 11:15:00,841.09,841.09,840.8,840.8,-0.03,162.5,126802.31,-1
2025-04-30,2025-04-30 11:16:00,840.8,840.8,840.51,840.51,-0.03,162.5,126802.31,-1
2025-04-30,2025-04-30 11:17:00,840.51,840.51,840.23,840.23,-0.03,162.5,126802.31,-1
2025-04-30,2025-04-30 11:18:00,840.23,840.23,839.94,839.94,-0.03,162.5,126802.31,-1
2025-04-30,2025-04-30 11:19:00,839.94,839.94,839.65,839.65,-0.03,162.5,126802.31,-1
2025-04-30,2025-04-30 11:20:00,839.65,839.65,839.36,839.36,-0.03,162.5,126802.31,-1
2025-04-30,2025-04-30 11:21:00,839.36,839.36,839.07,839.07,-0.03,162.5,126802.31,-1
2025-04-30,2025-04-30 11:22:00,839.07,839.07,838.79,838.79,-0.03,162.5,126802.31,-1
2025-04-30,2025-04-30 11:23:00,838.79,838.79,838.5,838.5,-0.03,162.5,126802.31,-1
2025-04-30,2025-04-30 11:24:00,838.5,838.5,838.21,838.21,-0.03,162.5,126802.31,-1
2025-04-30,2025-04-30 11:25:00,838.21,838.21,837.92,837.92,-0.03,162.5,126802.31,-1
2025-04-30,2025-04-30 11:26:00,837.92,837.92,837.64,837.64,-0.03,162.5,126802.31,-1
2025-04-30,2025-04-30 11:27:00,837.64,837.64,837.35,837.35,-0.03,162.5,126802.31,-1
2025-04-30,2025-04-30 11:28:00,837.35,837.35,837.06,837.06,-0.03,162.5,126802.31,-1
2025-04-30,2025-04-30 11:29:00,837.06,837.06,836.77,836.77,-0.03,162.5,126802.31,-1
2025-04-30,2025-04-30 11:30:00,836.77,836.77,836.49,836.49,-0.03,162.5,126802.31,-1
2025-04-30,2025-04-30 11:31:00,836.49,836.49,836.2,836.2,-0.03,162.5,126802.31,-1
2025-04-30,2025-04-30 11:32:00,836.2,836.2,835.91,835.91,-0.03,162.5,126802.31,-1
2025-04-30,2025-04-30 11:33:00,835.91,835.91,835.62,835.62,-0.03,162.5,126802.31,-1
2025-04-30,2025-04-30 11:34:00,835.62,835.62,835.34,835.34,-0.03,162.5,126802.31,-1
2025-04-30,2025-04-30 11:35:00,835.34,835.34,835.05,835.05,-0.03,162.5,126802.31,-1
2025-04-30,2025-04-30 11:36:00,835.05,835.05,834.76,834.76,-0.03,162.5,126802.31,-1
2025-04-30,2025-04-30 11:37:00,834.76,834.76,834.48,834.48,-0.03,162.5,126802.31,-1
2025-04-30,2025-04-30 11:38:00,834.48,834.48,834.19,834.19,-0.03,162.5,126802.31,-1
2025-04-30,2025-04-30 11:39:00,834.19,834.19,833.9,833.9,-0.03,162.5,126802.31,-1
2025-04-30,2025-04-30 11:40:00,833.9,833.9,833.61,833.61,-0.03,162.5,126802.31,-1
2025-04-30,2025-04-30 11:41:00,833.61,833.61,833.32,833.32,-0.03,162.5,126802.31,-1
2025-04-30,2025-04-30 11:42:00,833.32,833.32,833.04,833.04,-0.03,162.5,126802.31,-1
2025-04-30,2025-04-30 11:43:00,833.04,833.04,832.75,832.75,-0.03,162.5,126802.31,-1
2025-04-30,2025-04-30 11:44:00,832.75,832.75,832.46,832.46,-0.03,162.5,126802.31,-1
2025-04-30,2025-04-30 11:45:00,832.46,832.46,832.17,832.17,-0.03,162.5,126802.31,-1
2025-04-30,2025-04-30 11:46:00,832.17,832.17,831.89,831.89,-0.03,162.5,126802.31,-1
2025-04-30,2025-04-30 11:47:00,831.89,831.89,831.6,831.6,-0.03,162.5,126802.31,-1
2025-04-30,2025-04-30 11:48:00,831.6,831.6,831.31,831.31,-0.03,162.5,126802.31,-1
2025-04-30,2025-04-30 11:49:00,831.31,831.31,831.02,831.02,-0.03,162.5,126802.31,-1
2025-04-30,2025-04-30 11:50:00,831.02,831.02,830.74,830.74,-0.03,162.5,126802.31,-1
2025-04-30,2025-04-30 11:51:00,830.74,830.74,830.45,830.45,-0.03,162.5,126802.31,-1
2025-04-30,2025-04-30 11:52:00,830.45,830.45,830.16,830.16,-0.03,162.5,126802.31,-1
2025-04-30,2025-04-30 11:53:00,830.16,830.16,829.88,829.88,-0.03,162.5,126802.31,-1
2025-04-30,2025-04-30 11:54:00,829.88,829.88,829.59,829.59,-0.03,162.5,126802.31,-1
2025-04-30,2025-04-30 11:55:00,829.59,829.59,829.3,829.3,-0.03,162.5,126802.31,-1
2025-04-30,2025-04-30 11:56:00,829.3,829.3,829.01,829.01,-0.03,162.5,126802.31,-1
2025-04-30,2025-04-30 11:57:00,829.01,829.01,828.73,828.73,-0.03,162.5,126802.31,-1
2025-04-30,2025-04-30 11:58:00,828.73,828.73,828.44,828.44,-0.03,162.5,126802.31,-1
2025-04-30,2025-04-30 11:59:00,828.44,828.44,828.15,828.15,-0.04,162.5,126802.31,-1
2025-04-30,2025-04-30 12:00:00,828.15,828.15,827.86,827.86,-0.04,162.5,126802.31,-1
2025-04-30,2025-04-30 12:01:00,827.86,827.86,827.57,827.57,-0.04,162.5,126802.31,-1
2025-04-30,2025-04-30 12:02:00,827.57,827.57,827.29,827.29,-0.03,162.5,126802.31,-1
2025-04-30,2025-04-30 12:03:00,827.29,827.29,827.0,827.0,-0.04,162.5,126802.31,-1
2025-04-30,2025-04-30 12:04:00,827.0,827.0,826.71,826.71,-0.04,162.5,126802.31,-1
2025-04-30,2025-04-30 12:05:00,826.71,826.71,826.42,826.42,-0.04,162.5,126802.31,-1
2025-04-30,2025-04-30 12:06:00,826.42,826.42,826.14,826.14,-0.03,162.5,126802.31,-1
2025-04-30,2025-04-30 12:07:00,826.14,826.14,825.85,825.85,-0.04,162.5,126802.31,-1
2025-04-30,2025-04-30 12:08:00,825.85,825.85,825.56,825.56,-0.04,162.5,126802.31,-1
2025-04-30,2025-04-30 12:09:00,825.56,825.56,825.27,825.27,-0.04,162.5,126802.31,-1
2025-04-30,2025-04-30 12:10:00,825.27,825.27,824.99,824.99,-0.03,162.5,126802.31,-1
2025-04-30,2025-04-30 12:11:00,824.99,824.99,824.7,824.7,-0.04,162.5,126802.31,-1
2025-04-30,2025-04-30 12:12:00,824.7,824.7,824.41,824.41,-0.04,162.5,126802.31,-1
2025-04-30,2025-04-30 12:13:00,824.41,824.41,824.12,824.12,-0.04,162.5,126802.31,-1
2025-04-30,2025-04-30 12:14:00,824.12,824.12,823.84,823.84,-0.03,162.5,126802.31,-1
2025-04-30,2025-04-30 12:15:00,823.84,823.84,823.55,823.55,-0.04,162.5,126802.31,-1
2025-04-30,2025-04-30 12:16:00,823.55,823.55,823.26,823.26,-0.04,162.5,126802.31,-1
2025-04-30,2025-04-30 12:17:00,823.26,823.26,822.98,822.98,-0.03,162.5,126802.31,-1
2025-04-30,2025-04-30 12:18:00,822.98,822.98,822.69,822.69,-0.04,162.5,126802.31,-1
2025-04-30,2025-04-30 12:19:00,822.69,822.69,822.4,822.4,-0.04,162.5,126802.31,-1
2025-04-30,2025-04-30 12:20:00,822.4,822.4,822.11,822.11,-0.04,162.5,126802.31,-1
2025-04-30,2025-04-30 12:21:00,822.11,822.11,821.82,821.82,-0.04,162.5,126802.31,-1
2025-04-30,2025-04-30 12:22:00,821.82,821.82,821.54,821.54,-0.03,162.5,126802.31,-1
2025-04-30,2025-04-30 12:23:00,821.54,821.54,821.25,821.25,-0.04,162.5,126802.31,-1
2025-04-30,2025-04-30 12:24:00,821.25,821.25,820.96,820.96,-0.04,162.5,126802.31,-1
2025-04-30,2025-04-30 12:25:00,820.96,820.96,820.67,820.67,-0.04,162.5,126802.31,-1
2025-04-30,2025-04-30 12:26:00,820.67,820.67,820.39,820.39,-0.03,162.5,126802.31,-1
2025-04-30,2025-04-30 12:27:00,820.39,820.39,820.1,820.1,-0.04,162.5,126802.31,-1
2025-04-30,2025-04-30 12:28:00,820.1,820.1,819.81,819.81,-0.04,162.5,126802.31,-1
2025-04-30,2025-04-30 12:29:00,819.81,819.81,819.52,819.52,-0.04,162.5,126802.31,-1
2025-04-30,2025-04-30 12:30:00,819.52,819.52,819.24,819.24,-0.03,162.5,126802.31,-1
2025-04-30,2025-04-30 12:31:00,819.24,819.24,818.95,818.95,-0.04,162.5,126802.31,-1
2025-04-30,2025-04-30 12:32:00,818.95,818.95,818.66,818.66,-0.04,162.5,126802.31,-1
2025-04-30,2025-04-30 12:33:00,818.66,818.66,818.38,818.38,-0.03,162.5,126802.31,-1
2025-04-30,2025-04-30 12:34:00,818.38,818.38,818.09,818.09,-0.04,162.5,126802.31,-1
2025-04-30,2025-04-30 12:35:00,818.09,818.09,817.8,817.8,-0.04,162.5,126802.31,-1
2025-04-30,2025-04-30 12:36:00,817.8,817.8,817.51,817.51,-0.04,162.5,126802.31,-1
2025-04-30,2025-04-30 12:37:00,817.51,817.51,817.23,817.23,-0.03,162.5,126802.31,-1
2025-04-30,2025-04-30 12:38:00,817.23,817.23,816.94,816.94,-0.04,162.5,126802.31,-1
2025-04-30,2025-04-30 12:39:00,816.94,816.94,816.65,816.65,-0.04,162.5,126802.31,-1
2025-04-30,2025-04-30 12:40:00,816.65,816.65,816.36,816.36,-0.04,162.5,126802.31,-1
2025-04-30,2025-04-30 12:41:00,816.36,816.36,816.07,816.07,-0.04,162.5,126802.31,-1
2025-04-30,2025-04-30 12:42:00,816.07,816.07,815.79,815.79,-0.03,162.5,126802.31,-1
2025-04-30,2025-04-30 12:43:00,815.79,815.79,815.5,815.5,-0.04,162.5,126802.31,-1
2025-04-30,2025-04-30 12:44:00,815.5,815.5,815.21,815.21,-0.04,162.5,126802.31,-1
2025-04-30,2025-04-30 12:45:00,815.21,815.21,814.92,814.92,-0.04,162.5,126802.31,-1
2025-04-30,2025-04-30 12:46:00,814.92,814.92,814.64,814.64,-0.03,162.5,126802.31,-1
2025-04-30,2025-04-30 12:47:00,814.64,814.64,814.35,814.35,-0.04,162.5,126802.31,-1
2025-04-30,2025-04-30 12:48:00,814.35,814.35,814.06,814.06,-0.04,162.5,126802.31,-1
2025-04-30,2025-04-30 12:49:00,814.06,814.06,813.77,813.77,-0.04,162.5,126802.31,-1
2025-04-30,2025-04-30 12:50:00,813.77,813.77,813.49,813.49,-0.03,162.5,126802.31,-1
2025-04-30,2025-04-30 12:51:00,813.49,813.49,813.2,813.2,-0.04,162.5,126802.31,-1
2025-04-30,2025-04-30 12:52:00,813.2,813.2,812.91,812.91,-0.04,162.5,126802.31,-1
2025-04-30,2025-04-30 12:53:00,812.91,812.91,812.62,812.62,-0.04,162.5,126802.31,-1
2025-04-30,2025-04-30 12:54:00,812.62,812.62,812.34,812.34,-0.03,162.5,126802.31,-1
2025-04-30,2025-04-30 12:55:00,812.34,812.34,812.05,812.05,-0.04,162.5,126802.31,-1
2025-04-30,2025-04-30 12:56:00,812.05,812.05,811.76,811.76,-0.04,162.5,126802.31,-1
2025-04-30,2025-04-30 12:57:00,811.76,811.76,811.48,811.48,-0.03,162.5,126802.31,-1
2025-04-30,2025-04-30 12:58:00,811.48,811.48,811.19,811.19,-0.04,162.5,126802.31,-1
2025-04-30,2025-04-30 12:59:00,811.19,811.19,810.9,810.9,-0.04,162.5,126802.31,-1
2025-04-30,2025-04-30 13:00:00,810.9,845.4,776.4,810.61,-0.04,162.5,126802.31,-1
2025-04-30,2025-04-30 13:01:00,810.61,810.61,810.32,810.32,-0.04,162.5,126802.31,-1
2025-04-30,2025-04-30 13:02:00,810.32,810.32,810.04,810.04,-0.03,162.5,126802.31,-1
2025-04-30,2025-04-30 13:03:00,810.04,810.04,809.75,809.75,-0.04,162.5,126802.31,-1
2025-04-30,2025-04-30 13:04:00,809.75,809.75,809.46,809.46,-0.04,162.5,126802.31,-1
2025-04-30,2025-04-30 13:05:00,809.46,809.46,809.17,809.17,-0.04,162.5,126802.31,-1
2025-04-30,2025-04-30 13:06:00,809.17,809.17,808.89,808.89,-0.03,162.5,126802.31,-1
2025-04-30,2025-04-30 13:07:00,808.89,808.89,808.6,808.6,-0.04,162.5,126802.31,-1
2025-04-30,2025-04-30 13:08:00,808.6,808.6,808.31,808.31,-0.04,162.5,126802.31,-1
2025-04-30,2025-04-30 13:09:00,808.31,808.31,808.02,808.02,-0.04,162.5,126802.31,-1
2025-04-30,2025-04-30 13:10:00,808.02,808.02,807.74,807.74,-0.03,162.5,126802.31,-1
2025-04-30,2025-04-30 13:11:00,807.74,807.74,807.45,807.45,-0.04,162.5,126802.31,-1
2025-04-30,2025-04-30 13:12:00,807.45,807.45,807.16,807.16,-0.04,162.5,126802.31,-1
2025-04-30,2025-04-30 13:13:00,807.16,807.16,806.88,806.88,-0.03,162.5,126802.31,-1
2025-04-30,2025-04-30 13:14:00,806.88,806.88,806.59,806.59,-0.04,162.5,126802.31,-1
2025-04-30,2025-04-30 13:15:00,806.59,806.59,806.3,806.3,-0.04,162.5,126802.31,-1
2025-04-30,2025-04-30 13:16:00,806.3,806.3,806.01,806.01,-0.04,162.5,126802.31,-1
2025-04-30,2025-04-30 13:17:00,806.01,806.01,805.73,805.73,-0.03,162.5,126802.31,-1
2025-04-30,2025-04-30 13:18:00,805.73,805.73,805.44,805.44,-0.04,162.5,126802.31,-1
2025-04-30,2025-04-30 13:19:00,805.44,805.44,805.15,805.15,-0.04,162.5,126802.31,-1
2025-04-30,2025-04-30 13:20:00,805.15,805.15,804.86,804.86,-0.04,162.5,126802.31,-1
2025-04-30,2025-04-30 13:21:00,804.86,804.86,804.57,804.57,-0.04,162.5,126802.31,-1
2025-04-30,2025-04-30 13:22:00,804.57,804.57,804.29,804.29,-0.03,162.5,126802.31,-1
2025-04-30,2025-04-30 13:23:00,804.29,804.29,804.0,804.0,-0.04,162.5,126802.31,-1
2025-04-30,2025-04-30 13:24:00,804.0,804.0,803.71,803.71,-0.04,162.5,126802.31,-1
2025-04-30,2025-04-30 13:25:00,803.71,803.71,803.42,803.42,-0.04,162.5,126802.31,-1
2025-04-30,2025-04-30 13:26:00,803.42,803.42,803.14,803.14,-0.03,162.5,126802.31,-1
2025-04-30,2025-04-30 13:27:00,803.14,803.14,802.85,802.85,-0.04,162.5,126802.31,-1
2025-04-30,2025-04-30 13:28:00,802.85,802.85,802.56,802.56,-0.04,162.5,126802.31,-1
2025-04-30,2025-04-30 13:29:00,802.56,802.56,802.27,802.27,-0.04,162.5,126802.31,-1
2025-04-30,2025-04-30 13:30:00,802.27,802.27,801.99,801.99,-0.03,162.5,126802.31,-1
2025-04-30,2025-04-30 13:31:00,801.99,801.99,801.7,801.7,-0.04,162.5,126802.31,-1
2025-04-30,2025-04-30 13:32:00,801.7,801.7,801.41,801.41,-0.04,162.5,126802.31,-1
2025-04-30,2025-04-30 13:33:00,801.41,801.41,801.12,801.12,-0.04,162.5,126802.31,-1
2025-04-30,2025-04-30 13:34:00,801.12,801.12,800.84,800.84,-0.03,162.5,126802.31,-1
2025-04-30,2025-04-30 13:35:00,800.84,800.84,800.55,800.55,-0.04,162.5,126802.31,-1
2025-04-30,2025-04-30 13:36:00,800.55,800.55,800.26,800.26,-0.04,162.5,126802.31,-1
2025-04-30,2025-04-30 13:37:00,800.26,800.26,799.98,799.98,-0.03,162.5,126802.31,-1
2025-04-30,2025-04-30 13:38:00,799.98,799.98,799.69,799.69,-0.04,162.5,126802.31,-1
2025-04-30,2025-04-30 13:39:00,799.69,799.69,799.4,799.4,-0.04,162.5,126802.31,-1
2025-04-30,2025-04-30 13:40:00,799.4,799.4,799.11,799.11,-0.04,162.5,126802.31,-1
2025-04-30,2025-04-30 13:41:00,799.11,799.11,798.82,798.82,-0.04,162.5,126802.31,-1
2025-04-30,2025-04-30 13:42:00,798.82,798.82,798.54,798.54,-0.04,162.5,126802.31,-1
2025-04-30,2025-04-30 13:43:00,798.54,798.54,798.25,798.25,-0.04,162.5,126802.31,-1
2025-04-30,2025-04-30 13:44:00,798.25,798.25,797.96,797.96,-0.04,162.5,126802.31,-1
2025-04-30,2025-04-30 13:45:00,797.96,797.96,797.67,797.67,-0.04,162.5,126802.31,-1
2025-04-30,2025-04-30 13:46:00,797.67,797.67,797.39,797.39,-0.04,162.5,126802.31,-1
2025-04-30,2025-04-30 13:47:00,797.39,797.39,797.1,797.1,-0.04,162.5,126802.31,-1
2025-04-30,2025-04-30 13:48:00,797.1,797.1,796.81,796.81,-0.04,162.5,126802.31,-1
2025-04-30,2025-04-30 13:49:00,796.81,796.81,796.52,796.52,-0.04,162.5,126802.31,-1
2025-04-30,2025-04-30 13:50:00,796.52,796.52,796.24,796.24,-0.04,162.5,126802.31,-1
2025-04-30,2025-04-30 13:51:00,796.24,796.24,795.95,795.95,-0.04,162.5,126802.31,-1
2025-04-30,2025-04-30 13:52:00,795.95,795.95,795.66,795.66,-0.04,162.5,126802.31,-1
2025-04-30,2025-04-30 13:53:00,795.66,795.66,795.38,795.38,-0.04,162.5,126802.31,-1
2025-04-30,2025-04-30 13:54:00,795.38,795.38,795.09,795.09,-0.04,162.5,126802.31,-1
2025-04-30,2025-04-30 13:55:00,795.09,795.09,794.8,794.8,-0.04,162.5,126802.31,-1
2025-04-30,2025-04-30 13:56:00,794.8,794.8,794.51,794.51,-0.04,162.5,126802.31,-1
2025-04-30,2025-04-30 13:57:00,794.51,794.51,794.23,794.23,-0.04,162.5,126802.31,-1
2025-04-30,2025-04-30 13:58:00,794.23,794.23,793.94,793.94,-0.04,162.5,126802.31,-1
2025-04-30,2025-04-30 13:59:00,793.94,793.94,793.65,793.65,-0.04,162.5,126802.31,-1
2025-04-30,2025-04-30 14:00:00,793.65,793.65,793.36,793.36,-0.04,162.5,126802.31,-1
2025-04-30,2025-04-30 14:01:00,793.36,793.36,793.07,793.07,-0.04,162.5,126802.31,-1
2025-04-30,2025-04-30 14:02:00,793.07,793.07,792.79,792.79,-0.04,162.5,126802.31,-1
2025-04-30,2025-04-30 14:03:00,792.79,792.79,792.5,792.5,-0.04,162.5,126802.31,-1
2025-04-30,2025-04-30 14:04:00,792.5,792.5,792.21,792.21,-0.04,162.5,126802.31,-1
2025-04-30,2025-04-30 14:05:00,792.21,792.21,791.92,791.92,-0.04,162.5,126802.31,-1
2025-04-30,2025-04-30 14:06:00,791.92,791.92,791.64,791.64,-0.04,162.5,126802.31,-1
2025-04-30,2025-04-30 14:07:00,791.64,791.64,791.35,791.35,-0.04,162.5,126802.31,-1
2025-04-30,2025-04-30 14:08:00,791.35,791.35,791.06,791.06,-0.04,162.5,126802.31,-1
2025-04-30,2025-04-30 14:09:00,791.06,791.06,790.77,790.77,-0.04,162.5,126802.31,-1
2025-04-30,2025-04-30 14:10:00,790.77,790.77,790.49,790.49,-0.04,162.5,126802.31,-1
2025-04-30,2025-04-30 14:11:00,790.49,790.49,790.2,790.2,-0.04,162.5,126802.31,-1
2025-04-30,2025-04-30 14:12:00,790.2,790.2,789.91,789.91,-0.04,162.5,126802.31,-1
2025-04-30,2025-04-30 14:13:00,789.91,789.91,789.62,789.62,-0.04,162.5,126802.31,-1
2025-04-30,2025-04-30 14:14:00,789.62,789.62,789.34,789.34,-0.04,162.5,126802.31,-1
2025-04-30,2025-04-30 14:15:00,789.34,789.34,789.05,789.05,-0.04,162.5,126802.31,-1
2025-04-30,2025-04-30 14:16:00,789.05,789.05,788.76,788.76,-0.04,162.5,126802.31,-1
2025-04-30,2025-04-30 14:17:00,788.76,788.76,788.48,788.48,-0.04,162.5,126802.31,-1
2025-04-30,2025-04-30 14:18:00,788.48,788.48,788.19,788.19,-0.04,162.5,126802.31,-1
2025-04-30,2025-04-30 14:19:00,788.19,788.19,787.9,787.9,-0.04,162.5,126802.31,-1
2025-04-30,2025-04-30 14:20:00,787.9,787.9,787.61,787.61,-0.04,162.5,126802.31,-1
2025-04-30,2025-04-30 14:21:00,787.61,787.61,787.32,787.32,-0.04,162.5,126802.31,-1
2025-04-30,2025-04-30 14:22:00,787.32,787.32,787.04,787.04,-0.04,162.5,126802.31,-1
2025-04-30,2025-04-30 14:23:00,787.04,787.04,786.75,786.75,-0.04,162.5,126802.31,-1
2025-04-30,2025-04-30 14:24:00,786.75,786.75,786.46,786.46,-0.04,162.5,126802.31,-1
2025-04-30,2025-04-30 14:25:00,786.46,786.46,786.17,786.17,-0.04,162.5,126802.31,-1
2025-04-30,2025-04-30 14:26:00,786.17,786.17,785.89,785.89,-0.04,162.5,126802.31,-1
2025-04-30,2025-04-30 14:27:00,785.89,785.89,785.6,785.6,-0.04,162.5,126802.31,-1
2025-04-30,2025-04-30 14:28:00,785.6,785.6,785.31,785.31,-0.04,162.5,126802.31,-1
2025-04-30,2025-04-30 14:29:00,785.31,785.31,785.02,785.02,-0.04,162.5,126802.31,-1
2025-04-30,2025-04-30 14:30:00,785.02,785.02,784.74,784.74,-0.04,162.5,126802.31,-1
2025-04-30,2025-04-30 14:31:00,784.74,784.74,784.45,784.45,-0.04,162.5,126802.31,-1
2025-04-30,2025-04-30 14:32:00,784.45,784.45,784.16,784.16,-0.04,162.5,126802.31,-1
2025-04-30,2025-04-30 14:33:00,784.16,784.16,783.88,783.88,-0.04,162.5,126802.31,-1
2025-04-30,2025-04-30 14:34:00,783.88,783.88,783.59,783.59,-0.04,162.5,126802.31,-1
2025-04-30,2025-04-30 14:35:00,783.59,783.59,783.3,783.3,-0.04,162.5,126802.31,-1
2025-04-30,2025-04-30 14:36:00,783.3,783.3,783.01,783.01,-0.04,162.5,126802.31,-1
2025-04-30,2025-04-30 14:37:00,783.01,783.01,782.73,782.73,-0.04,162.5,126802.31,-1
2025-04-30,2025-04-30 14:38:00,782.73,782.73,782.44,782.44,-0.04,162.5,126802.31,-1
2025-04-30,2025-04-30 14:39:00,782.44,782.44,782.15,782.15,-0.04,162.5,126802.31,-1
2025-04-30,2025-04-30 14:40:00,782.15,782.15,781.86,781.86,-0.04,162.5,126802.31,-1
2025-04-30,2025-04-30 14:41:00,781.86,781.86,781.57,781.57,-0.04,162.5,126802.31,-1
2025-04-30,2025-04-30 14:42:00,781.57,781.57,781.29,781.29,-0.04,162.5,126802.31,-1
2025-04-30,2025-04-30 14:43:00,781.29,781.29,781.0,781.0,-0.04,162.5,126802.31,-1
2025-04-30,2025-04-30 14:44:00,781.0,781.0,780.71,780.71,-0.04,162.5,126802.31,-1
2025-04-30,2025-04-30 14:45:00,780.71,780.71,780.42,780.42,-0.04,162.5,126802.31,-1
2025-04-30,2025-04-30 14:46:00,780.42,780.42,780.14,780.14,-0.04,162.5,126802.31,-1
2025-04-30,2025-04-30 14:47:00,780.14,780.14,779.85,779.85,-0.04,162.5,126802.31,-1
2025-04-30,2025-04-30 14:48:00,779.85,779.85,779.56,779.56,-0.04,162.5,126802.31,-1
2025-04-30,2025-04-30 14:49:00,779.56,779.56,779.27,779.27,-0.04,162.5,126802.31,-1
2025-04-30,2025-04-30 14:50:00,779.27,779.27,778.99,778.99,-0.04,162.5,126802.31,-1
2025-04-30,2025-04-30 14:51:00,778.99,778.99,778.7,778.7,-0.04,162.5,126802.31,-1
2025-04-30,2025-04-30 14:52:00,778.7,778.7,778.41,778.41,-0.04,162.5,126802.31,-1
2025-04-30,2025-04-30 14:53:00,778.41,778.41,778.12,778.12,-0.04,162.5,126802.31,-1
2025-04-30,2025-04-30 14:54:00,778.12,778.12,777.84,777.84,-0.04,162.5,126802.31,-1
2025-04-30,2025-04-30 14:55:00,777.84,777.84,777.55,777.55,-0.04,162.5,126802.31,-1
2025-04-30,2025-04-30 14:56:00,777.55,777.55,777.26,777.26,-0.04,162.5,126802.31,-1
2025-04-30,2025-04-30 14:57:00,777.26,777.26,776.98,776.98,-0.04,162.5,126802.31,-1
2025-04-30,2025-04-30 14:58:00,776.98,776.98,776.69,776.69,-0.04,162.5,126802.31,-1
2025-04-30,2025-04-30 14:59:00,776.69,776.69,776.4,776.4,-0.04,162.5,126802.31,-1
2025-04-30,2025-04-30 15:00:00,776.4,845.4,776.4,776.4,0.0,162.5,126802.31,0
2025-05-04,2025-05-04 11:00:00,790.0,790.0,770.5,789.74,-0.03,83.42,61463.61,-1
2025-05-04,2025-05-04 11:01:00,789.74,789.74,789.49,789.49,-0.03,83.42,61463.61,-1
2025-05-04,2025-05-04 11:02:00,789.49,789.49,789.23,789.23,-0.03,83.42,61463.61,-1
2025-05-04,2025-05-04 11:03:00,789.23,789.23,788.98,788.98,-0.03,83.42,61463.61,-1
2025-05-04,2025-05-04 11:04:00,788.98,788.98,788.72,788.72,-0.03,83.42,61463.61,-1
2025-05-04,2025-05-04 11:05:00,788.72,788.72,788.47,788.47,-0.03,83.42,61463.61,-1
2025-05-04,2025-05-04 11:06:00,788.47,788.47,788.21,788.21,-0.03,83.42,61463.61,-1
2025-05-04,2025-05-04 11:07:00,788.21,788.21,787.95,787.95,-0.03,83.42,61463.61,-1
2025-05-04,2025-05-04 11:08:00,787.95,787.95,787.7,787.7,-0.03,83.42,61463.61,-1
2025-05-04,2025-05-04 11:09:00,787.7,787.7,787.44,787.44,-0.03,83.42,61463.61,-1
2025-05-04,2025-05-04 11:10:00,787.44,787.44,787.19,787.19,-0.03,83.42,61463.61,-1
2025-05-04,2025-05-04 11:11:00,787.19,787.19,786.93,786.93,-0.03,83.42,61463.61,-1
2025-05-04,2025-05-04 11:12:00,786.93,786.93,786.68,786.68,-0.03,83.42,61463.61,-1
2025-05-04,2025-05-04 11:13:00,786.68,786.68,786.42,786.42,-0.03,83.42,61463.61,-1
2025-05-04,2025-05-04 11:14:00,786.42,786.42,786.16,786.16,-0.03,83.42,61463.61,-1
2025-05-04,2025-05-04 11:15:00,786.16,786.16,785.91,785.91,-0.03,83.42,61463.61,-1
2025-05-04,2025-05-04 11:16:00,785.91,785.91,785.65,785.65,-0.03,83.42,61463.61,-1
2025-05-04,2025-05-04 11:17:00,785.65,785.65,785.4,785.4,-0.03,83.42,61463.61,-1
2025-05-04,2025-05-04 11:18:00,785.4,785.4,785.14,785.14,-0.03,83.42,61463.61,-1
2025-05-04,2025-05-04 11:19:00,785.14,785.14,784.88,784.88,-0.03,83.42,61463.61,-1
2025-05-04,2025-05-04 11:20:00,784.88,784.88,784.63,784.63,-0.03,83.42,61463.61,-1
2025-05-04,2025-05-04 11:21:00,784.63,784.63,784.37,784.37,-0.03,83.42,61463.61,-1
2025-05-04,2025-05-04 11:22:00,784.37,784.37,784.12,784.12,-0.03,83.42,61463.61,-1
2025-05-04,2025-05-04 11:23:00,784.12,784.12,783.86,783.86,-0.03,83.42,61463.61,-1
2025-05-04,2025-05-04 11:24:00,783.86,783.86,783.61,783.61,-0.03,83.42,61463.61,-1
2025-05-04,2025-05-04 11:25:00,783.61,783.61,783.35,783.35,-0.03,83.42,61463.61,-1
2025-05-04,2025-05-04 11:26:00,783.35,783.35,783.09,783.09,-0.03,83.42,61463.61,-1
2025-05-04,2025-05-04 11:27:00,783.09,783.09,782.84,782.84,-0.03,83.42,61463.61,-1
2025-05-04,2025-05-04 11:28:00,782.84,782.84,782.58,782.58,-0.03,83.42,61463.61,-1
2025-05-04,2025-05-04 11:29:00,782.58,782.58,782.33,782.33,-0.03,83.42,61463.61,-1
2025-05-04,2025-05-04 11:30:00,782.33,782.33,782.07,782.07,-0.03,83.42,61463.61,-1
2025-05-04,2025-05-04 11:31:00,782.07,782.07,781.82,781.82,-0.03,83.42,61463.61,-1
2025-05-04,2025-05-04 11:32:00,781.82,781.82,781.56,781.56,-0.03,83.42,61463.61,-1
2025-05-04,2025-05-04 11:33:00,781.56,781.56,781.3,781.3,-0.03,83.42,61463.61,-1
2025-05-04,2025-05-04 11:34:00,781.3,781.3,781.05,781.05,-0.03,83.42,61463.61,-1
2025-05-04,2025-05-04 11:35:00,781.05,781.05,780.79,780.79,-0.03,83.42,61463.61,-1
2025-05-04,2025-05-04 11:36:00,780.79,780.79,780.54,780.54,-0.03,83.42,61463.61,-1
2025-05-04,2025-05-04 11:37:00,780.54,780.54,780.28,780.28,-0.03,83.42,61463.61,-1
2025-05-04,2025-05-04 11:38:00,780.28,780.28,780.03,780.03,-0.03,83.42,61463.61,-1
2025-05-04,2025-05-04 11:39:00,780.03,780.03,779.77,779.77,-0.03,83.42,61463.61,-1
2025-05-04,2025-05-04 11:40:00,779.77,779.77,779.51,779.51,-0.03,83.42,61463.61,-1
2025-05-04,2025-05-04 11:41:00,779.51,779.51,779.26,779.26,-0.03,83.42,61463.61,-1
2025-05-04,2025-05-04 11:42:00,779.26,779.26,779.0,779.0,-0.03,83.42,61463.61,-1
2025-05-04,2025-05-04 11:43:00,779.0,779.0,778.75,778.75,-0.03,83.42,61463.61,-1
2025-05-04,2025-05-04 11:44:00,778.75,778.75,778.49,778.49,-0.03,83.42,61463.61,-1
2025-05-04,2025-05-04 11:45:00,778.49,778.49,778.24,778.24,-0.03,83.42,61463.61,-1
2025-05-04,2025-05-04 11:46:00,778.24,778.24,777.98,777.98,-0.03,83.42,61463.61,-1
2025-05-04,2025-05-04 11:47:00,777.98,777.98,777.72,777.72,-0.03,83.42,61463.61,-1
2025-05-04,2025-05-04 11:48:00,777.72,777.72,777.47,777.47,-0.03,83.42,61463.61,-1
2025-05-04,2025-05-04 11:49:00,777.47,777.47,777.21,777.21,-0.03,83.42,61463.61,-1
2025-05-04,2025-05-04 11:50:00,777.21,777.21,776.96,776.96,-0.03,83.42,61463.61,-1
2025-05-04,2025-05-04 11:51:00,776.96,776.96,776.7,776.7,-0.03,83.42,61463.61,-1
2025-05-04,2025-05-04 11:52:00,776.7,776.7,776.45,776.45,-0.03,83.42,61463.61,-1
2025-05-04,2025-05-04 11:53:00,776.45,776.45,776.19,776.19,-0.03,83.42,61463.61,-1
2025-05-04,2025-05-04 11:54:00,776.19,776.19,775.93,775.93,-0.03,83.42,61463.61,-1
2025-05-04,2025-05-04 11:55:00,775.93,775.93,775.68,775.68,-0.03,83.42,61463.61,-1
2025-05-04,2025-05-04 11:56:00,775.68,775.68,775.42,775.42,-0.03,83.42,61463.61,-1
2025-05-04,2025-05-04 11:57:00,775.42,775.42,775.17,775.17,-0.03,83.42,61463.61,-1
2025-05-04,2025-05-04 11:58:00,775.17,775.17,774.91,774.91,-0.03,83.42,61463.61,-1
2025-05-04,2025-05-04 11:59:00,774.91,774.91,774.65,774.65,-0.03,83.42,61463.61,-1
2025-05-04,2025-05-04 12:00:00,774.65,774.65,774.4,774.4,-0.03,83.42,61463.61,-1
2025-05-04,2025-05-04 12:01:00,774.4,774.4,774.14,774.14,-0.03,83.42,61463.61,-1
2025-05-04,2025-05-04 12:02:00,774.14,774.14,773.89,773.89,-0.03,83.42,61463.61,-1
2025-05-04,2025-05-04 12:03:00,773.89,773.89,773.63,773.63,-0.03,83.42,61463.61,-1
2025-05-04,2025-05-04 12:04:00,773.63,773.63,773.38,773.38,-0.03,83.42,61463.61,-1
2025-05-04,2025-05-04 12:05:00,773.38,773.38,773.12,773.12,-0.03,83.42,61463.61,-1
2025-05-04,2025-05-04 12:06:00,773.12,773.12,772.86,772.86,-0.03,83.42,61463.61,-1
2025-05-04,2025-05-04 12:07:00,772.86,772.86,772.61,772.61,-0.03,83.42,61463.61,-1
2025-05-04,2025-05-04 12:08:00,772.61,772.61,772.35,772.35,-0.03,83.42,61463.61,-1
2025-05-04,2025-05-04 12:09:00,772.35,772.35,772.1,772.1,-0.03,83.42,61463.61,-1
2025-05-04,2025-05-04 12:10:00,772.1,772.1,771.84,771.84,-0.03,83.42,61463.61,-1
2025-05-04,2025-05-04 12:11:00,771.84,771.84,771.59,771.59,-0.03,83.42,61463.61,-1
2025-05-04,2025-05-04 12:12:00,771.59,771.59,771.33,771.33,-0.03,83.42,61463.61,-1
2025-05-04,2025-05-04 12:13:00,771.33,771.33,771.07,771.07,-0.03,83.42,61463.61,-1
2025-05-04,2025-05-04 12:14:00,771.07,771.07,770.82,770.82,-0.03,83.42,61463.61,-1
2025-05-04,2025-05-04 12:15:00,770.82,770.82,770.56,770.56,-0.03,83.42,61463.61,-1
2025-05-04,2025-05-04 12:16:00,770.56,770.56,770.31,770.31,-0.03,83.42,61463.61,-1
2025-05-04,2025-05-04 12:17:00,770.31,770.31,770.05,770.05,-0.03,83.42,61463.61,-1
2025-05-04,2025-05-04 12:18:00,770.05,770.05,769.8,769.8,-0.03,83.42,61463.61,-1
2025-05-04,2025-05-04 12:19:00,769.8,769.8,769.54,769.54,-0.03,83.42,61463.61,-1
2025-05-04,2025-05-04 12:20:00,769.54,769.54,769.28,769.28,-0.03,83.42,61463.61,-1
2025-05-04,2025-05-04 12:21:00,769.28,769.28,769.03,769.03,-0.03,83.42,61463.61,-1
2025-05-04,2025-05-04 12:22:00,769.03,769.03,768.77,768.77,-0.03,83.42,61463.61,-1
2025-05-04,2025-05-04 12:23:00,768.77,768.77,768.52,768.52,-0.03,83.42,61463.61,-1
2025-05-04,2025-05-04 12:24:00,768.52,768.52,768.26,768.26,-0.03,83.42,61463.61,-1
2025-05-04,2025-05-04 12:25:00,768.26,768.26,768.01,768.01,-0.03,83.42,61463.61,-1
2025-05-04,2025-05-04 12:26:00,768.01,768.01,767.75,767.75,-0.03,83.42,61463.61,-1
2025-05-04,2025-05-04 12:27:00,767.75,767.75,767.49,767.49,-0.03,83.42,61463.61,-1
2025-05-04,2025-05-04 12:28:00,767.49,767.49,767.24,767.24,-0.03,83.42,61463.61,-1
2025-05-04,2025-05-04 12:29:00,767.24,767.24,766.98,766.98,-0.03,83.42,61463.61,-1
2025-05-04,2025-05-04 12:30:00,766.98,766.98,766.73,766.73,-0.03,83.42,61463.61,-1
2025-05-04,2025-05-04 12:31:00,766.73,766.73,766.47,766.47,-0.03,83.42,61463.61,-1
2025-05-04,2025-05-04 12:32:00,766.47,766.47,766.22,766.22,-0.03,83.42,61463.61,-1
2025-05-04,2025-05-04 12:33:00,766.22,766.22,765.96,765.96,-0.03,83.42,61463.61,-1
2025-05-04,2025-05-04 12:34:00,765.96,765.96,765.7,765.7,-0.03,83.42,61463.61,-1
2025-05-04,2025-05-04 12:35:00,765.7,765.7,765.45,765.45,-0.03,83.42,61463.61,-1
2025-05-04,2025-05-04 12:36:00,765.45,765.45,765.19,765.19,-0.03,83.42,61463.61,-1
2025-05-04,2025-05-04 12:37:00,765.19,765.19,764.94,764.94,-0.03,83.42,61463.61,-1
2025-05-04,2025-05-04 12:38:00,764.94,764.94,764.68,764.68,-0.03,83.42,61463.61,-1
2025-05-04,2025-05-04 12:39:00,764.68,764.68,764.42,764.42,-0.03,83.42,61463.61,-1
2025-05-04,2025-05-04 12:40:00,764.42,764.42,764.17,764.17,-0.03,83.42,61463.61,-1
2025-05-04,2025-05-04 12:41:00,764.17,764.17,763.91,763.91,-0.03,83.42,61463.61,-1
2025-05-04,2025-05-04 12:42:00,763.91,763.91,763.66,763.66,-0.03,83.42,61463.61,-1
2025-05-04,2025-05-04 12:43:00,763.66,763.66,763.4,763.4,-0.03,83.42,61463.61,-1
2025-05-04,2025-05-04 12:44:00,763.4,763.4,763.15,763.15,-0.03,83.42,61463.61,-1
2025-05-04,2025-05-04 12:45:00,763.15,763.15,762.89,762.89,-0.03,83.42,61463.61,-1
2025-05-04,2025-05-04 12:46:00,762.89,762.89,762.63,762.63,-0.03,83.42,61463.61,-1
2025-05-04,2025-05-04 12:47:00,762.63,762.63,762.38,762.38,-0.03,83.42,61463.61,-1
2025-05-04,2025-05-04 12:48:00,762.38,762.38,762.12,762.12,-0.03,83.42,61463.61,-1
2025-05-04,2025-05-04 12:49:00,762.12,762.12,761.87,761.87,-0.03,83.42,61463.61,-1
2025-05-04,2025-05-04 12:50:00,761.87,761.87,761.61,761.61,-0.03,83.42,61463.61,-1
2025-05-04,2025-05-04 12:51:00,761.61,761.61,761.36,761.36,-0.03,83.42,61463.61,-1
2025-05-04,2025-05-04 12:52:00,761.36,761.36,761.1,761.1,-0.03,83.42,61463.61,-1
2025-05-04,2025-05-04 12:53:00,761.1,761.1,760.84,760.84,-0.03,83.42,61463.61,-1
2025-05-04,2025-05-04 12:54:00,760.84,760.84,760.59,760.59,-0.03,83.42,61463.61,-1
2025-05-04,2025-05-04 12:55:00,760.59,760.59,760.33,760.33,-0.03,83.42,61463.61,-1
2025-05-04,2025-05-04 12:56:00,760.33,760.33,760.08,760.08,-0.03,83.42,61463.61,-1
2025-05-04,2025-05-04 12:57:00,760.08,760.08,759.82,759.82,-0.03,83.42,61463.61,-1
2025-05-04,2025-05-04 12:58:00,759.82,759.82,759.57,759.57,-0.03,83.42,61463.61,-1
2025-05-04,2025-05-04 12:59:00,759.57,759.57,759.31,759.31,-0.03,83.42,61463.61,-1
2025-05-04,2025-05-04 13:00:00,759.31,790.0,725.0,759.05,-0.03,83.42,61463.61,-1
2025-05-04,2025-05-04 13:01:00,759.05,759.05,758.8,758.8,-0.03,83.42,61463.61,-1
2025-05-04,2025-05-04 13:02:00,758.8,758.8,758.54,758.54,-0.03,83.42,61463.61,-1
2025-05-04,2025-05-04 13:03:00,758.54,758.54,758.29,758.29,-0.03,83.42,61463.61,-1
2025-05-04,2025-05-04 13:04:00,758.29,758.29,758.03,758.03,-0.03,83.42,61463.61,-1
2025-05-04,2025-05-04 13:05:00,758.03,758.03,757.78,757.78,-0.03,83.42,61463.61,-1
2025-05-04,2025-05-04 13:06:00,757.78,757.78,757.52,757.52,-0.03,83.42,61463.61,-1
2025-05-04,2025-05-04 13:07:00,757.52,757.52,757.26,757.26,-0.03,83.42,61463.61,-1
2025-05-04,2025-05-04 13:08:00,757.26,757.26,757.01,757.01,-0.03,83.42,61463.61,-1
2025-05-04,2025-05-04 13:09:00,757.01,757.01,756.75,756.75,-0.03,83.42,61463.61,-1
2025-05-04,2025-05-04 13:10:00,756.75,756.75,756.5,756.5,-0.03,83.42,61463.61,-1
2025-05-04,2025-05-04 13:11:00,756.5,756.5,756.24,756.24,-0.03,83.42,61463.61,-1
2025-05-04,2025-05-04 13:12:00,756.24,756.24,755.99,755.99,-0.03,83.42,61463.61,-1
2025-05-04,2025-05-04 13:13:00,755.99,755.99,755.73,755.73,-0.03,83.42,61463.61,-1
2025-05-04,2025-05-04 13:14:00,755.73,755.73,755.47,755.47,-0.03,83.42,61463.61,-1
2025-05-04,2025-05-04 13:15:00,755.47,755.47,755.22,755.22,-0.03,83.42,61463.61,-1
2025-05-04,2025-05-04 13:16:00,755.22,755.22,754.96,754.96,-0.03,83.42,61463.61,-1
2025-05-04,2025-05-04 13:17:00,754.96,754.96,754.71,754.71,-0.03,83.42,61463.61,-1
2025-05-04,2025-05-04 13:18:00,754.71,754.71,754.45,754.45,-0.03,83.42,61463.61,-1
2025-05-04,2025-05-04 13:19:00,754.45,754.45,754.2,754.2,-0.03,83.42,61463.61,-1
2025-05-04,2025-05-04 13:20:00,754.2,754.2,753.94,753.94,-0.03,83.42,61463.61,-1
2025-05-04,2025-05-04 13:21:00,753.94,753.94,753.68,753.68,-0.03,83.42,61463.61,-1
2025-05-04,2025-05-04 13:22:00,753.68,753.68,753.43,753.43,-0.03,83.42,61463.61,-1
2025-05-04,2025-05-04 13:23:00,753.43,753.43,753.17,753.17,-0.03,83.42,61463.61,-1
2025-05-04,2025-05-04 13:24:00,753.17,753.17,752.92,752.92,-0.03,83.42,61463.61,-1
2025-05-04,2025-05-04 13:25:00,752.92,752.92,752.66,752.66,-0.03,83.42,61463.61,-1
2025-05-04,2025-05-04 13:26:00,752.66,752.66,752.4,752.4,-0.03,83.42,61463.61,-1
2025-05-04,2025-05-04 13:27:00,752.4,752.4,752.15,752.15,-0.03,83.42,61463.61,-1
2025-05-04,2025-05-04 13:28:00,752.15,752.15,751.89,751.89,-0.03,83.42,61463.61,-1
2025-05-04,2025-05-04 13:29:00,751.89,751.89,751.64,751.64,-0.03,83.42,61463.61,-1
2025-05-04,2025-05-04 13:30:00,751.64,751.64,751.38,751.38,-0.03,83.42,61463.61,-1
2025-05-04,2025-05-04 13:31:00,751.38,751.38,751.13,751.13,-0.03,83.42,61463.61,-1
2025-05-04,2025-05-04 13:32:00,751.13,751.13,750.87,750.87,-0.03,83.42,61463.61,-1
2025-05-04,2025-05-04 13:33:00,750.87,750.87,750.61,750.61,-0.03,83.42,61463.61,-1
2025-05-04,2025-05-04 13:34:00,750.61,750.61,750.36,750.36,-0.03,83.42,61463.61,-1
2025-05-04,2025-05-04 13:35:00,750.36,750.36,750.1,750.1,-0.03,83.42,61463.61,-1
2025-05-04,2025-05-04 13:36:00,750.1,750.1,749.85,749.85,-0.03,83.42,61463.61,-1
2025-05-04,2025-05-04 13:37:00,749.85,749.85,749.59,749.59,-0.03,83.42,61463.61,-1
2025-05-04,2025-05-04 13:38:00,749.59,749.59,749.34,749.34,-0.03,83.42,61463.61,-1
2025-05-04,2025-05-04 13:39:00,749.34,749.34,749.08,749.08,-0.03,83.42,61463.61,-1
2025-05-04,2025-05-04 13:40:00,749.08,749.08,748.82,748.82,-0.03,83.42,61463.61,-1
2025-05-04,2025-05-04 13:41:00,748.82,748.82,748.57,748.57,-0.03,83.42,61463.61,-1
2025-05-04,2025-05-04 13:42:00,748.57,748.57,748.31,748.31,-0.03,83.42,61463.61,-1
2025-05-04,2025-05-04 13:43:00,748.31,748.31,748.06,748.06,-0.03,83.42,61463.61,-1
2025-05-04,2025-05-04 13:44:00,748.06,748.06,747.8,747.8,-0.03,83.42,61463.61,-1
2025-05-04,2025-05-04 13:45:00,747.8,747.8,747.55,747.55,-0.03,83.42,61463.61,-1
2025-05-04,2025-05-04 13:46:00,747.55,747.55,747.29,747.29,-0.03,83.42,61463.61,-1
2025-05-04,2025-05-04 13:47:00,747.29,747.29,747.03,747.03,-0.03,83.42,61463.61,-1
2025-05-04,2025-05-04 13:48:00,747.03,747.03,746.78,746.78,-0.03,83.42,61463.61,-1
2025-05-04,2025-05-04 13:49:00,746.78,746.78,746.52,746.52,-0.03,83.42,61463.61,-1
2025-05-04,2025-05-04 13:50:00,746.52,746.52,746.27,746.27,-0.03,83.42,61463.61,-1
2025-05-04,2025-05-04 13:51:00,746.27,746.27,746.01,746.01,-0.03,83.42,61463.61,-1
2025-05-04,2025-05-04 13:52:00,746.01,746.01,745.76,745.76,-0.03,83.42,61463.61,-1
2025-05-04,2025-05-04 13:53:00,745.76,745.76,745.5,745.5,-0.03,83.42,61463.61,-1
2025-05-04,2025-05-04 13:54:00,745.5,745.5,745.24,745.24,-0.03,83.42,61463.61,-1
2025-05-04,2025-05-04 13:55:00,745.24,745.24,744.99,744.99,-0.03,83.42,61463.61,-1
2025-05-04,2025-05-04 13:56:00,744.99,744.99,744.73,744.73,-0.03,83.42,61463.61,-1
2025-05-04,2025-05-04 13:57:00,744.73,744.73,744.48,744.48,-0.03,83.42,61463.61,-1
2025-05-04,2025-05-04 13:58:00,744.48,744.48,744.22,744.22,-0.03,83.42,61463.61,-1
2025-05-04,2025-05-04 13:59:00,744.22,744.22,743.97,743.97,-0.03,83.42,61463.61,-1
2025-05-04,2025-05-04 14:00:00,743.97,743.97,743.71,743.71,-0.03,83.42,61463.61,-1
2025-05-04,2025-05-04 14:01:00,743.71,743.71,743.45,743.45,-0.03,83.42,61463.61,-1
2025-05-04,2025-05-04 14:02:00,743.45,743.45,743.2,743.2,-0.03,83.42,61463.61,-1
2025-05-04,2025-05-04 14:03:00,743.2,743.2,742.94,742.94,-0.03,83.42,61463.61,-1
2025-05-04,2025-05-04 14:04:00,742.94,742.94,742.69,742.69,-0.03,83.42,61463.61,-1
2025-05-04,2025-05-04 14:05:00,742.69,742.69,742.43,742.43,-0.04,83.42,61463.61,-1
2025-05-04,2025-05-04 14:06:00,742.43,742.43,742.17,742.17,-0.04,83.42,61463.61,-1
2025-05-04,2025-05-04 14:07:00,742.17,742.17,741.92,741.92,-0.03,83.42,61463.61,-1
2025-05-04,2025-05-04 14:08:00,741.92,741.92,741.66,741.66,-0.04,83.42,61463.61,-1
2025-05-04,2025-05-04 14:09:00,741.66,741.66,741.41,741.41,-0.03,83.42,61463.61,-1
2025-05-04,2025-05-04 14:10:00,741.41,741.41,741.15,741.15,-0.04,83.42,61463.61,-1
2025-05-04,2025-05-04 14:11:00,741.15,741.15,740.9,740.9,-0.03,83.42,61463.61,-1
2025-05-04,2025-05-04 14:12:00,740.9,740.9,740.64,740.64,-0.04,83.42,61463.61,-1
2025-05-04,2025-05-04 14:13:00,740.64,740.64,740.38,740.38,-0.04,83.42,61463.61,-1
2025-05-04,2025-05-04 14:14:00,740.38,740.38,740.13,740.13,-0.03,83.42,61463.61,-1
2025-05-04,2025-05-04 14:15:00,740.13,740.13,739.87,739.87,-0.04,83.42,61463.61,-1
2025-05-04,2025-05-04 14:16:00,739.87,739.87,739.62,739.62,-0.03,83.42,61463.61,-1
2025-05-04,2025-05-04 14:17:00,739.62,739.62,739.36,739.36,-0.04,83.42,61463.61,-1
2025-05-04,2025-05-04 14:18:00,739.36,739.36,739.11,739.11,-0.03,83.42,61463.61,-1
2025-05-04,2025-05-04 14:19:00,739.11,739.11,738.85,738.85,-0.04,83.42,61463.61,-1
2025-05-04,2025-05-04 14:20:00,738.85,738.85,738.59,738.59,-0.04,83.42,61463.61,-1
2025-05-04,2025-05-04 14:21:00,738.59,738.59,738.34,738.34,-0.03,83.42,61463.61,-1
2025-05-04,2025-05-04 14:22:00,738.34,738.34,738.08,738.08,-0.04,83.42,61463.61,-1
2025-05-04,2025-05-04 14:23:00,738.08,738.08,737.83,737.83,-0.03,83.42,61463.61,-1
2025-05-04,2025-05-04 14:24:00,737.83,737.83,737.57,737.57,-0.04,83.42,61463.61,-1
2025-05-04,2025-05-04 14:25:00,737.57,737.57,737.32,737.32,-0.03,83.42,61463.61,-1
2025-05-04,2025-05-04 14:26:00,737.32,737.32,737.06,737.06,-0.04,83.42,61463.61,-1
2025-05-04,2025-05-04 14:27:00,737.06,737.06,736.8,736.8,-0.04,83.42,61463.61,-1
2025-05-04,2025-05-04 14:28:00,736.8,736.8,736.55,736.55,-0.03,83.42,61463.61,-1
2025-05-04,2025-05-04 14:29:00,736.55,736.55,736.29,736.29,-0.04,83.42,61463.61,-1
2025-05-04,2025-05-04 14:30:00,736.29,736.29,736.04,736.04,-0.03,83.42,61463.61,-1
2025-05-04,2025-05-04 14:31:00,736.04,736.04,735.78,735.78,-0.04,83.42,61463.61,-1
2025-05-04,2025-05-04 14:32:00,735.78,735.78,735.53,735.53,-0.03,83.42,61463.61,-1
2025-05-04,2025-05-04 14:33:00,735.53,735.53,735.27,735.27,-0.04,83.42,61463.61,-1
2025-05-04,2025-05-04 14:34:00,735.27,735.27,735.01,735.01,-0.04,83.42,61463.61,-1
2025-05-04,2025-05-04 14:35:00,735.01,735.01,734.76,734.76,-0.03,83.42,61463.61,-1
2025-05-04,2025-05-04 14:36:00,734.76,734.76,734.5,734.5,-0.04,83.42,61463.61,-1
2025-05-04,2025-05-04 14:37:00,734.5,734.5,734.25,734.25,-0.03,83.42,61463.61,-1
2025-05-04,2025-05-04 14:38:00,734.25,734.25,733.99,733.99,-0.04,83.42,61463.61,-1
2025-05-04,2025-05-04 14:39:00,733.99,733.99,733.74,733.74,-0.03,83.42,61463.61,-1
2025-05-04,2025-05-04 14:40:00,733.74,733.74,733.48,733.48,-0.04,83.42,61463.61,-1
2025-05-04,2025-05-04 14:41:00,733.48,733.48,733.22,733.22,-0.04,83.42,61463.61,-1
2025-05-04,2025-05-04 14:42:00,733.22,733.22,732.97,732.97,-0.03,83.42,61463.61,-1
2025-05-04,2025-05-04 14:43:00,732.97,732.97,732.71,732.71,-0.04,83.42,61463.61,-1
2025-05-04,2025-05-04 14:44:00,732.71,732.71,732.46,732.46,-0.03,83.42,61463.61,-1
2025-05-04,2025-05-04 14:45:00,732.46,732.46,732.2,732.2,-0.04,83.42,61463.61,-1
2025-05-04,2025-05-04 14:46:00,732.2,732.2,731.94,731.94,-0.04,83.42,61463.61,-1
2025-05-04,2025-05-04 14:47:00,731.94,731.94,731.69,731.69,-0.03,83.42,61463.61,-1
2025-05-04,2025-05-04 14:48:00,731.69,731.69,731.43,731.43,-0.04,83.42,61463.61,-1
2025-05-04,2025-05-04 14:49:00,731.43,731.43,731.18,731.18,-0.03,83.42,61463.61,-1
2025-05-04,2025-05-04 14:50:00,731.18,731.18,730.92,730.92,-0.04,83.42,61463.61,-1
2025-05-04,2025-05-04 14:51:00,730.92,730.92,730.67,730.67,-0.03,83.42,61463.61,-1
2025-05-04,2025-05-04 14:52:00,730.67,730.67,730.41,730.41,-0.04,83.42,61463.61,-1
2025-05-04,2025-05-04 14:53:00,730.41,730.41,730.15,730.15,-0.04,83.42,61463.61,-1
2025-05-04,2025-05-04 14:54:00,730.15,730.15,729.9,729.9,-0.03,83.42,61463.61,-1
2025-05-04,2025-05-04 14:55:00,729.9,729.9,729.64,729.64,-0.04,83.42,61463.61,-1
2025-05-04,2025-05-04 14:56:00,729.64,729.64,729.39,729.39,-0.03,83.42,61463.61,-1
2025-05-04,2025-05-04 14:57:00,729.39,729.39,729.13,729.13,-0.04,83.42,61463.61,-1
2025-05-04,2025-05-04 14:58:00,729.13,729.13,728.88,728.88,-0.03,83.42,61463.61,-1
2025-05-04,2025-05-04 14:59:00,728.88,728.88,728.62,728.62,-0.04,83.42,61463.61,-1
2025-05-04,2025-05-04 15:00:00,728.62,790.0,725.0,728.62,0.0,83.42,61463.61,0
2025-05-05,2025-05-05 11:00:00,726.0,733.11,718.2,725.93,-0.01,59.94,43217.33,-1
2025-05-05,2025-05-05 11:01:00,725.93,725.93,725.87,725.87,-0.01,59.94,43217.33,-1
2025-05-05,2025-05-05 11:02:00,725.87,725.87,725.8,725.8,-0.01,59.94,43217.33,-1
2025-05-05,2025-05-05 11:03:00,725.8,725.8,725.74,725.74,-0.01,59.94,43217.33,-1
2025-05-05,2025-05-05 11:04:00,725.74,725.74,725.67,725.67,-0.01,59.94,43217.33,-1
2025-05-05,2025-05-05 11:05:00,725.67,725.67,725.6,725.6,-0.01,59.94,43217.33,-1
2025-05-05,2025-05-05 11:06:00,725.6,725.6,725.54,725.54,-0.01,59.94,43217.33,-1
2025-05-05,2025-05-05 11:07:00,725.54,725.54,725.47,725.47,-0.01,59.94,43217.33,-1
2025-05-05,2025-05-05 11:08:00,725.47,725.47,725.41,725.41,-0.01,59.94,43217.33,-1
2025-05-05,2025-05-05 11:09:00,725.41,725.41,725.34,725.34,-0.01,59.94,43217.33,-1
2025-05-05,2025-05-05 11:10:00,725.34,725.34,725.27,725.27,-0.01,59.94,43217.33,-1
2025-05-05,2025-05-05 11:11:00,725.27,725.27,725.21,725.21,-0.01,59.94,43217.33,-1
2025-05-05,2025-05-05 11:12:00,725.21,725.21,725.14,725.14,-0.01,59.94,43217.33,-1
2025-05-05,2025-05-05 11:13:00,725.14,725.14,725.08,725.08,-0.01,59.94,43217.33,-1
2025-05-05,2025-05-05 11:14:00,725.08,725.08,725.01,725.01,-0.01,59.94,43217.33,-1
2025-05-05,2025-05-05 11:15:00,725.01,725.01,724.95,724.95,-0.01,59.94,43217.33,-1
2025-05-05,2025-05-05 11:16:00,724.95,724.95,724.88,724.88,-0.01,59.94,43217.33,-1
2025-05-05,2025-05-05 11:17:00,724.88,724.88,724.81,724.81,-0.01,59.94,43217.33,-1
2025-05-05,2025-05-05 11:18:00,724.81,724.81,724.75,724.75,-0.01,59.94,43217.33,-1
2025-05-05,2025-05-05 11:19:00,724.75,724.75,724.68,724.68,-0.01,59.94,43217.33,-1
2025-05-05,2025-05-05 11:20:00,724.68,724.68,724.62,724.62,-0.01,59.94,43217.33,-1
2025-05-05,2025-05-05 11:21:00,724.62,724.62,724.55,724.55,-0.01,59.94,43217.33,-1
2025-05-05,2025-05-05 11:22:00,724.55,724.55,724.48,724.48,-0.01,59.94,43217.33,-1
2025-05-05,2025-05-05 11:23:00,724.48,724.48,724.42,724.42,-0.01,59.94,43217.33,-1
2025-05-05,2025-05-05 11:24:00,724.42,724.42,724.35,724.35,-0.01,59.94,43217.33,-1
2025-05-05,2025-05-05 11:25:00,724.35,724.35,724.29,724.29,-0.01,59.94,43217.33,-1
2025-05-05,2025-05-05 11:26:00,724.29,724.29,724.22,724.22,-0.01,59.94,43217.33,-1
2025-05-05,2025-05-05 11:27:00,724.22,724.22,724.15,724.15,-0.01,59.94,43217.33,-1
2025-05-05,2025-05-05 11:28:00,724.15,724.15,724.09,724.09,-0.01,59.94,43217.33,-1
2025-05-05,2025-05-05 11:29:00,724.09,724.09,724.02,724.02,-0.01,59.94,43217.33,-1
2025-05-05,2025-05-05 11:30:00,724.02,724.02,723.96,723.96,-0.01,59.94,43217.33,-1
2025-05-05,2025-05-05 11:31:00,723.96,723.96,723.89,723.89,-0.01,59.94,43217.33,-1
2025-05-05,2025-05-05 11:32:00,723.89,723.89,723.82,723.82,-0.01,59.94,43217.33,-1
2025-05-05,2025-05-05 11:33:00,723.82,723.82,723.76,723.76,-0.01,59.94,43217.33,-1
2025-05-05,2025-05-05 11:34:00,723.76,723.76,723.69,723.69,-0.01,59.94,43217.33,-1
2025-05-05,2025-05-05 11:35:00,723.69,723.69,723.63,723.63,-0.01,59.94,43217.33,-1
2025-05-05,2025-05-05 11:36:00,723.63,723.63,723.56,723.56,-0.01,59.94,43217.33,-1
2025-05-05,2025-05-05 11:37:00,723.56,723.56,723.5,723.5,-0.01,59.94,43217.33,-1
2025-05-05,2025-05-05 11:38:00,723.5,723.5,723.43,723.43,-0.01,59.94,43217.33,-1
2025-05-05,2025-05-05 11:39:00,723.43,723.43,723.36,723.36,-0.01,59.94,43217.33,-1
2025-05-05,2025-05-05 11:40:00,723.36,723.36,723.3,723.3,-0.01,59.94,43217.33,-1
2025-05-05,2025-05-05 11:41:00,723.3,723.3,723.23,723.23,-0.01,59.94,43217.33,-1
2025-05-05,2025-05-05 11:42:00,723.23,723.23,723.17,723.17,-0.01,59.94,43217.33,-1
2025-05-05,2025-05-05 11:43:00,723.17,723.17,723.1,723.1,-0.01,59.94,43217.33,-1
2025-05-05,2025-05-05 11:44:00,723.1,723.1,723.03,723.03,-0.01,59.94,43217.33,-1
2025-05-05,2025-05-05 11:45:00,723.03,723.03,722.97,722.97,-0.01,59.94,43217.33,-1
2025-05-05,2025-05-05 11:46:00,722.97,722.97,722.9,722.9,-0.01,59.94,43217.33,-1
2025-05-05,2025-05-05 11:47:00,722.9,722.9,722.84,722.84,-0.01,59.94,43217.33,-1
2025-05-05,2025-05-05 11:48:00,722.84,722.84,722.77,722.77,-0.01,59.94,43217.33,-1
2025-05-05,2025-05-05 11:49:00,722.77,722.77,722.7,722.7,-0.01,59.94,43217.33,-1
2025-05-05,2025-05-05 11:50:00,722.7,722.7,722.64,722.64,-0.01,59.94,43217.33,-1
2025-05-05,2025-05-05 11:51:00,722.64,722.64,722.57,722.57,-0.01,59.94,43217.33,-1
2025-05-05,2025-05-05 11:52:00,722.57,722.57,722.51,722.51,-0.01,59.94,43217.33,-1
2025-05-05,2025-05-05 11:53:00,722.51,722.51,722.44,722.44,-0.01,59.94,43217.33,-1
2025-05-05,2025-05-05 11:54:00,722.44,722.44,722.37,722.37,-0.01,59.94,43217.33,-1
2025-05-05,2025-05-05 11:55:00,722.37,722.37,722.31,722.31,-0.01,59.94,43217.33,-1
2025-05-05,2025-05-05 11:56:00,722.31,722.31,722.24,722.24,-0.01,59.94,43217.33,-1
2025-05-05,2025-05-05 11:57:00,722.24,722.24,722.18,722.18,-0.01,59.94,43217.33,-1
2025-05-05,2025-05-05 11:58:00,722.18,722.18,722.11,722.11,-0.01,59.94,43217.33,-1
2025-05-05,2025-05-05 11:59:00,722.11,722.11,722.04,722.04,-0.01,59.94,43217.33,-1
2025-05-05,2025-05-05 12:00:00,722.04,722.04,721.98,721.98,-0.01,59.94,43217.33,-1
2025-05-05,2025-05-05 12:01:00,721.98,721.98,721.91,721.91,-0.01,59.94,43217.33,-1
2025-05-05,2025-05-05 12:02:00,721.91,721.91,721.85,721.85,-0.01,59.94,43217.33,-1
2025-05-05,2025-05-05 12:03:00,721.85,721.85,721.78,721.78,-0.01,59.94,43217.33,-1
2025-05-05,2025-05-05 12:04:00,721.78,721.78,721.72,721.72,-0.01,59.94,43217.33,-1
2025-05-05,2025-05-05 12:05:00,721.72,721.72,721.65,721.65,-0.01,59.94,43217.33,-1
2025-05-05,2025-05-05 12:06:00,721.65,721.65,721.58,721.58,-0.01,59.94,43217.33,-1
2025-05-05,2025-05-05 12:07:00,721.58,721.58,721.52,721.52,-0.01,59.94,43217.33,-1
2025-05-05,2025-05-05 12:08:00,721.52,721.52,721.45,721.45,-0.01,59.94,43217.33,-1
2025-05-05,2025-05-05 12:09:00,721.45,721.45,721.39,721.39,-0.01,59.94,43217.33,-1
2025-05-05,2025-05-05 12:10:00,721.39,721.39,721.32,721.32,-0.01,59.94,43217.33,-1
2025-05-05,2025-05-05 12:11:00,721.32,721.32,721.25,721.25,-0.01,59.94,43217.33,-1
2025-05-05,2025-05-05 12:12:00,721.25,721.25,721.19,721.19,-0.01,59.94,43217.33,-1
2025-05-05,2025-05-05 12:13:00,721.19,721.19,721.12,721.12,-0.01,59.94,43217.33,-1
2025-05-05,2025-05-05 12:14:00,721.12,721.12,721.06,721.06,-0.01,59.94,43217.33,-1
2025-05-05,2025-05-05 12:15:00,721.06,721.06,720.99,720.99,-0.01,59.94,43217.33,-1
2025-05-05,2025-05-05 12:16:00,720.99,720.99,720.92,720.92,-0.01,59.94,43217.33,-1
2025-05-05,2025-05-05 12:17:00,720.92,720.92,720.86,720.86,-0.01,59.94,43217.33,-1
2025-05-05,2025-05-05 12:18:00,720.86,720.86,720.79,720.79,-0.01,59.94,43217.33,-1
2025-05-05,2025-05-05 12:19:00,720.79,720.79,720.73,720.73,-0.01,59.94,43217.33,-1
2025-05-05,2025-05-05 12:20:00,720.73,720.73,720.66,720.66,-0.01,59.94,43217.33,-1
2025-05-05,2025-05-05 12:21:00,720.66,720.66,720.59,720.59,-0.01,59.94,43217.33,-1
2025-05-05,2025-05-05 12:22:00,720.59,720.59,720.53,720.53,-0.01,59.94,43217.33,-1
2025-05-05,2025-05-05 12:23:00,720.53,720.53,720.46,720.46,-0.01,59.94,43217.33,-1
2025-05-05,2025-05-05 12:24:00,720.46,720.46,720.4,720.4,-0.01,59.94,43217.33,-1
2025-05-05,2025-05-05 12:25:00,720.4,720.4,720.33,720.33,-0.01,59.94,43217.33,-1
2025-05-05,2025-05-05 12:26:00,720.33,720.33,720.27,720.27,-0.01,59.94,43217.33,-1
2025-05-05,2025-05-05 12:27:00,720.27,720.27,720.2,720.2,-0.01,59.94,43217.33,-1
2025-05-05,2025-05-05 12:28:00,720.2,720.2,720.13,720.13,-0.01,59.94,43217.33,-1
2025-05-05,2025-05-05 12:29:00,720.13,720.13,720.07,720.07,-0.01,59.94,43217.33,-1
2025-05-05,2025-05-05 12:30:00,720.07,720.07,720.0,720.0,-0.01,59.94,43217.33,-1
2025-05-05,2025-05-05 12:31:00,720.0,720.0,719.94,719.94,-0.01,59.94,43217.33,-1
2025-05-05,2025-05-05 12:32:00,719.94,719.94,719.87,719.87,-0.01,59.94,43217.33,-1
2025-05-05,2025-05-05 12:33:00,719.87,719.87,719.8,719.8,-0.01,59.94,43217.33,-1
2025-05-05,2025-05-05 12:34:00,719.8,719.8,719.74,719.74,-0.01,59.94,43217.33,-1
2025-05-05,2025-05-05 12:35:00,719.74,719.74,719.67,719.67,-0.01,59.94,43217.33,-1
2025-05-05,2025-05-05 12:36:00,719.67,719.67,719.61,719.61,-0.01,59.94,43217.33,-1
2025-05-05,2025-05-05 12:37:00,719.61,719.61,719.54,719.54,-0.01,59.94,43217.33,-1
2025-05-05,2025-05-05 12:38:00,719.54,719.54,719.47,719.47,-0.01,59.94,43217.33,-1
2025-05-05,2025-05-05 12:39:00,719.47,719.47,719.41,719.41,-0.01,59.94,43217.33,-1
2025-05-05,2025-05-05 12:40:00,719.41,719.41,719.34,719.34,-0.01,59.94,43217.33,-1
2025-05-05,2025-05-05 12:41:00,719.34,719.34,719.28,719.28,-0.01,59.94,43217.33,-1
2025-05-05,2025-05-05 12:42:00,719.28,719.28,719.21,719.21,-0.01,59.94,43217.33,-1
2025-05-05,2025-05-05 12:43:00,719.21,719.21,719.14,719.14,-0.01,59.94,43217.33,-1
2025-05-05,2025-05-05 12:44:00,719.14,719.14,719.08,719.08,-0.01,59.94,43217.33,-1
2025-05-05,2025-05-05 12:45:00,719.08,719.08,719.01,719.01,-0.01,59.94,43217.33,-1
2025-05-05,2025-05-05 12:46:00,719.01,719.01,718.95,718.95,-0.01,59.94,43217.33,-1
2025-05-05,2025-05-05 12:47:00,718.95,718.95,718.88,718.88,-0.01,59.94,43217.33,-1
2025-05-05,2025-05-05 12:48:00,718.88,718.88,718.82,718.82,-0.01,59.94,43217.33,-1
2025-05-05,2025-05-05 12:49:00,718.82,718.82,718.75,718.75,-0.01,59.94,43217.33,-1
2025-05-05,2025-05-05 12:50:00,718.75,718.75,718.68,718.68,-0.01,59.94,43217.33,-1
2025-05-05,2025-05-05 12:51:00,718.68,718.68,718.62,718.62,-0.01,59.94,43217.33,-1
2025-05-05,2025-05-05 12:52:00,718.62,718.62,718.55,718.55,-0.01,59.94,43217.33,-1
2025-05-05,2025-05-05 12:53:00,718.55,718.55,718.49,718.49,-0.01,59.94,43217.33,-1
2025-05-05,2025-05-05 12:54:00,718.49,718.49,718.42,718.42,-0.01,59.94,43217.33,-1
2025-05-05,2025-05-05 12:55:00,718.42,718.42,718.35,718.35,-0.01,59.94,43217.33,-1
2025-05-05,2025-05-05 12:56:00,718.35,718.35,718.29,718.29,-0.01,59.94,43217.33,-1
2025-05-05,2025-05-05 12:57:00,718.29,718.29,718.22,718.22,-0.01,59.94,43217.33,-1
2025-05-05,2025-05-05 12:58:00,718.22,718.22,718.16,718.16,-0.01,59.94,43217.33,-1
2025-05-05,2025-05-05 12:59:00,718.16,718.16,718.09,718.09,-0.01,59.94,43217.33,-1
2025-05-05,2025-05-05 13:00:00,718.09,749.7,700.0,718.02,-0.01,59.94,43217.33,-1
2025-05-05,2025-05-05 13:01:00,718.02,718.02,717.96,717.96,-0.01,59.94,43217.33,-1
2025-05-05,2025-05-05 13:02:00,717.96,717.96,717.89,717.89,-0.01,59.94,43217.33,-1
2025-05-05,2025-05-05 13:03:00,717.89,717.89,717.83,717.83,-0.01,59.94,43217.33,-1
2025-05-05,2025-05-05 13:04:00,717.83,717.83,717.76,717.76,-0.01,59.94,43217.33,-1
2025-05-05,2025-05-05 13:05:00,717.76,717.76,717.69,717.69,-0.01,59.94,43217.33,-1
2025-05-05,2025-05-05 13:06:00,717.69,717.69,717.63,717.63,-0.01,59.94,43217.33,-1
2025-05-05,2025-05-05 13:07:00,717.63,717.63,717.56,717.56,-0.01,59.94,43217.33,-1
2025-05-05,2025-05-05 13:08:00,717.56,717.56,717.5,717.5,-0.01,59.94,43217.33,-1
2025-05-05,2025-05-05 13:09:00,717.5,717.5,717.43,717.43,-0.01,59.94,43217.33,-1
2025-05-05,2025-05-05 13:10:00,717.43,717.43,717.36,717.36,-0.01,59.94,43217.33,-1
2025-05-05,2025-05-05 13:11:00,717.36,717.36,717.3,717.3,-0.01,59.94,43217.33,-1
2025-05-05,2025-05-05 13:12:00,717.3,717.3,717.23,717.23,-0.01,59.94,43217.33,-1
2025-05-05,2025-05-05 13:13:00,717.23,717.23,717.17,717.17,-0.01,59.94,43217.33,-1
2025-05-05,2025-05-05 13:14:00,717.17,717.17,717.1,717.1,-0.01,59.94,43217.33,-1
2025-05-05,2025-05-05 13:15:00,717.1,717.1,717.04,717.04,-0.01,59.94,43217.33,-1
2025-05-05,2025-05-05 13:16:00,717.04,717.04,716.97,716.97,-0.01,59.94,43217.33,-1
2025-05-05,2025-05-05 13:17:00,716.97,716.97,716.9,716.9,-0.01,59.94,43217.33,-1
2025-05-05,2025-05-05 13:18:00,716.9,716.9,716.84,716.84,-0.01,59.94,43217.33,-1
2025-05-05,2025-05-05 13:19:00,716.84,716.84,716.77,716.77,-0.01,59.94,43217.33,-1
2025-05-05,2025-05-05 13:20:00,716.77,716.77,716.71,716.71,-0.01,59.94,43217.33,-1
2025-05-05,2025-05-05 13:21:00,716.71,716.71,716.64,716.64,-0.01,59.94,43217.33,-1
2025-05-05,2025-05-05 13:22:00,716.64,716.64,716.57,716.57,-0.01,59.94,43217.33,-1
2025-05-05,2025-05-05 13:23:00,716.57,716.57,716.51,716.51,-0.01,59.94,43217.33,-1
2025-05-05,2025-05-05 13:24:00,716.51,716.51,716.44,716.44,-0.01,59.94,43217.33,-1
2025-05-05,2025-05-05 13:25:00,716.44,716.44,716.38,716.38,-0.01,59.94,43217.33,-1
2025-05-05,2025-05-05 13:26:00,716.38,716.38,716.31,716.31,-0.01,59.94,43217.33,-1
2025-05-05,2025-05-05 13:27:00,716.31,716.31,716.24,716.24,-0.01,59.94,43217.33,-1
2025-05-05,2025-05-05 13:28:00,716.24,716.24,716.18,716.18,-0.01,59.94,43217.33,-1
2025-05-05,2025-05-05 13:29:00,716.18,716.18,716.11,716.11,-0.01,59.94,43217.33,-1
2025-05-05,2025-05-05 13:30:00,716.11,716.11,716.05,716.05,-0.01,59.94,43217.33,-1
2025-05-05,2025-05-05 13:31:00,716.05,716.05,715.98,715.98,-0.01,59.94,43217.33,-1
2025-05-05,2025-05-05 13:32:00,715.98,715.98,715.91,715.91,-0.01,59.94,43217.33,-1
2025-05-05,2025-05-05 13:33:00,715.91,715.91,715.85,715.85,-0.01,59.94,43217.33,-1
2025-05-05,2025-05-05 13:34:00,715.85,715.85,715.78,715.78,-0.01,59.94,43217.33,-1
2025-05-05,2025-05-05 13:35:00,715.78,715.78,715.72,715.72,-0.01,59.94,43217.33,-1
2025-05-05,2025-05-05 13:36:00,715.72,715.72,715.65,715.65,-0.01,59.94,43217.33,-1
2025-05-05,2025-05-05 13:37:00,715.65,715.65,715.59,715.59,-0.01,59.94,43217.33,-1
2025-05-05,2025-05-05 13:38:00,715.59,715.59,715.52,715.52,-0.01,59.94,43217.33,-1
2025-05-05,2025-05-05 13:39:00,715.52,715.52,715.45,715.45,-0.01,59.94,43217.33,-1
2025-05-05,2025-05-05 13:40:00,715.45,715.45,715.39,715.39,-0.01,59.94,43217.33,-1
2025-05-05,2025-05-05 13:41:00,715.39,715.39,715.32,715.32,-0.01,59.94,43217.33,-1
2025-05-05,2025-05-05 13:42:00,715.32,715.32,715.26,715.26,-0.01,59.94,43217.33,-1
2025-05-05,2025-05-05 13:43:00,715.26,715.26,715.19,715.19,-0.01,59.94,43217.33,-1
2025-05-05,2025-05-05 13:44:00,715.19,715.19,715.12,715.12,-0.01,59.94,43217.33,-1
2025-05-05,2025-05-05 13:45:00,715.12,715.12,715.06,715.06,-0.01,59.94,43217.33,-1
2025-05-05,2025-05-05 13:46:00,715.06,715.06,714.99,714.99,-0.01,59.94,43217.33,-1
2025-05-05,2025-05-05 13:47:00,714.99,714.99,714.93,714.93,-0.01,59.94,43217.33,-1
2025-05-05,2025-05-05 13:48:00,714.93,714.93,714.86,714.86,-0.01,59.94,43217.33,-1
2025-05-05,2025-05-05 13:49:00,714.86,714.86,714.79,714.79,-0.01,59.94,43217.33,-1
2025-05-05,2025-05-05 13:50:00,714.79,714.79,714.73,714.73,-0.01,59.94,43217.33,-1
2025-05-05,2025-05-05 13:51:00,714.73,714.73,714.66,714.66,-0.01,59.94,43217.33,-1
2025-05-05,2025-05-05 13:52:00,714.66,714.66,714.6,714.6,-0.01,59.94,43217.33,-1
2025-05-05,2025-05-05 13:53:00,714.6,714.6,714.53,714.53,-0.01,59.94,43217.33,-1
2025-05-05,2025-05-05 13:54:00,714.53,714.53,714.46,714.46,-0.01,59.94,43217.33,-1
2025-05-05,2025-05-05 13:55:00,714.46,714.46,714.4,714.4,-0.01,59.94,43217.33,-1
2025-05-05,2025-05-05 13:56:00,714.4,714.4,714.33,714.33,-0.01,59.94,43217.33,-1
2025-05-05,2025-05-05 13:57:00,714.33,714.33,714.27,714.27,-0.01,59.94,43217.33,-1
2025-05-05,2025-05-05 13:58:00,714.27,714.27,714.2,714.2,-0.01,59.94,43217.33,-1
2025-05-05,2025-05-05 13:59:00,714.2,714.2,714.13,714.13,-0.01,59.94,43217.33,-1
2025-05-05,2025-05-05 14:00:00,714.13,714.13,714.07,714.07,-0.01,59.94,43217.33,-1
2025-05-05,2025-05-05 14:01:00,714.07,714.07,714.0,714.0,-0.01,59.94,43217.33,-1
2025-05-05,2025-05-05 14:02:00,714.0,714.0,713.94,713.94,-0.01,59.94,43217.33,-1
2025-05-05,2025-05-05 14:03:00,713.94,713.94,713.87,713.87,-0.01,59.94,43217.33,-1
2025-05-05,2025-05-05 14:04:00,713.87,713.87,713.81,713.81,-0.01,59.94,43217.33,-1
2025-05-05,2025-05-05 14:05:00,713.81,713.81,713.74,713.74,-0.01,59.94,43217.33,-1
2025-05-05,2025-05-05 14:06:00,713.74,713.74,713.67,713.67,-0.01,59.94,43217.33,-1
2025-05-05,2025-05-05 14:07:00,713.67,713.67,713.61,713.61,-0.01,59.94,43217.33,-1
2025-05-05,2025-05-05 14:08:00,713.61,713.61,713.54,713.54,-0.01,59.94,43217.33,-1
2025-05-05,2025-05-05 14:09:00,713.54,713.54,713.48,713.48,-0.01,59.94,43217.33,-1
2025-05-05,2025-05-05 14:10:00,713.48,713.48,713.41,713.41,-0.01,59.94,43217.33,-1
2025-05-05,2025-05-05 14:11:00,713.41,713.41,713.34,713.34,-0.01,59.94,43217.33,-1
2025-05-05,2025-05-05 14:12:00,713.34,713.34,713.28,713.28,-0.01,59.94,43217.33,-1
2025-05-05,2025-05-05 14:13:00,713.28,713.28,713.21,713.21,-0.01,59.94,43217.33,-1
2025-05-05,2025-05-05 14:14:00,713.21,713.21,713.15,713.15,-0.01,59.94,43217.33,-1
2025-05-05,2025-05-05 14:15:00,713.15,713.15,713.08,713.08,-0.01,59.94,43217.33,-1
2025-05-05,2025-05-05 14:16:00,713.08,713.08,713.01,713.01,-0.01,59.94,43217.33,-1
2025-05-05,2025-05-05 14:17:00,713.01,713.01,712.95,712.95,-0.01,59.94,43217.33,-1
2025-05-05,2025-05-05 14:18:00,712.95,712.95,712.88,712.88,-0.01,59.94,43217.33,-1
2025-05-05,2025-05-05 14:19:00,712.88,712.88,712.82,712.82,-0.01,59.94,43217.33,-1
2025-05-05,2025-05-05 14:20:00,712.82,712.82,712.75,712.75,-0.01,59.94,43217.33,-1
2025-05-05,2025-05-05 14:21:00,712.75,712.75,712.68,712.68,-0.01,59.94,43217.33,-1
2025-05-05,2025-05-05 14:22:00,712.68,712.68,712.62,712.62,-0.01,59.94,43217.33,-1
2025-05-05,2025-05-05 14:23:00,712.62,712.62,712.55,712.55,-0.01,59.94,43217.33,-1
2025-05-05,2025-05-05 14:24:00,712.55,712.55,712.49,712.49,-0.01,59.94,43217.33,-1
2025-05-05,2025-05-05 14:25:00,712.49,712.49,712.42,712.42,-0.01,59.94,43217.33,-1
2025-05-05,2025-05-05 14:26:00,712.42,712.42,712.36,712.36,-0.01,59.94,43217.33,-1
2025-05-05,2025-05-05 14:27:00,712.36,712.36,712.29,712.29,-0.01,59.94,43217.33,-1
2025-05-05,2025-05-05 14:28:00,712.29,712.29,712.22,712.22,-0.01,59.94,43217.33,-1
2025-05-05,2025-05-05 14:29:00,712.22,712.22,712.16,712.16,-0.01,59.94,43217.33,-1
2025-05-05,2025-05-05 14:30:00,712.16,712.16,712.09,712.09,-0.01,59.94,43217.33,-1
2025-05-05,2025-05-05 14:31:00,712.09,712.09,712.03,712.03,-0.01,59.94,43217.33,-1
2025-05-05,2025-05-05 14:32:00,712.03,712.03,711.96,711.96,-0.01,59.94,43217.33,-1
2025-05-05,2025-05-05 14:33:00,711.96,711.96,711.89,711.89,-0.01,59.94,43217.33,-1
2025-05-05,2025-05-05 14:34:00,711.89,711.89,711.83,711.83,-0.01,59.94,43217.33,-1
2025-05-05,2025-05-05 14:35:00,711.83,711.83,711.76,711.76,-0.01,59.94,43217.33,-1
2025-05-05,2025-05-05 14:36:00,711.76,711.76,711.7,711.7,-0.01,59.94,43217.33,-1
2025-05-05,2025-05-05 14:37:00,711.7,711.7,711.63,711.63,-0.01,59.94,43217.33,-1
2025-05-05,2025-05-05 14:38:00,711.63,711.63,711.56,711.56,-0.01,59.94,43217.33,-1
2025-05-05,2025-05-05 14:39:00,711.56,711.56,711.5,711.5,-0.01,59.94,43217.33,-1
2025-05-05,2025-05-05 14:40:00,711.5,711.5,711.43,711.43,-0.01,59.94,43217.33,-1
2025-05-05,2025-05-05 14:41:00,711.43,711.43,711.37,711.37,-0.01,59.94,43217.33,-1
2025-05-05,2025-05-05 14:42:00,711.37,711.37,711.3,711.3,-0.01,59.94,43217.33,-1
2025-05-05,2025-05-05 14:43:00,711.3,711.3,711.23,711.23,-0.01,59.94,43217.33,-1
2025-05-05,2025-05-05 14:44:00,711.23,711.23,711.17,711.17,-0.01,59.94,43217.33,-1
2025-05-05,2025-05-05 14:45:00,711.17,711.17,711.1,711.1,-0.01,59.94,43217.33,-1
2025-05-05,2025-05-05 14:46:00,711.1,711.1,711.04,711.04,-0.01,59.94,43217.33,-1
2025-05-05,2025-05-05 14:47:00,711.04,711.04,710.97,710.97,-0.01,59.94,43217.33,-1
2025-05-05,2025-05-05 14:48:00,710.97,710.97,710.91,710.91,-0.01,59.94,43217.33,-1
2025-05-05,2025-05-05 14:49:00,710.91,710.91,710.84,710.84,-0.01,59.94,43217.33,-1
2025-05-05,2025-05-05 14:50:00,710.84,710.84,710.77,710.77,-0.01,59.94,43217.33,-1
2025-05-05,2025-05-05 14:51:00,710.77,710.77,710.71,710.71,-0.01,59.94,43217.33,-1
2025-05-05,2025-05-05 14:52:00,710.71,710.71,710.64,710.64,-0.01,59.94,43217.33,-1
2025-05-05,2025-05-05 14:53:00,710.64,710.64,710.58,710.58,-0.01,59.94,43217.33,-1
2025-05-05,2025-05-05 14:54:00,710.58,710.58,710.51,710.51,-0.01,59.94,43217.33,-1
2025-05-05,2025-05-05 14:55:00,710.51,710.51,710.44,710.44,-0.01,59.94,43217.33,-1
2025-05-05,2025-05-05 14:56:00,710.44,710.44,710.38,710.38,-0.01,59.94,43217.33,-1
2025-05-05,2025-05-05 14:57:00,710.38,710.38,710.31,710.31,-0.01,59.94,43217.33,-1
2025-05-05,2025-05-05 14:58:00,710.31,710.31,710.25,710.25,-0.01,59.94,43217.33,-1
2025-05-05,2025-05-05 14:59:00,710.25,710.25,710.18,710.18,-0.01,59.94,43217.33,-1
2025-05-05,2025-05-05 15:00:00,710.18,749.7,700.0,710.18,0.0,59.94,43217.33,0
2025-05-06,2025-05-06 11:00:00,707.5,709.45,702.61,707.5,0.0,81.0,56869.26,0
2025-05-06,2025-05-06 11:01:00,707.5,707.5,707.49,707.49,-0.0,81.0,56869.26,-1
2025-05-06,2025-05-06 11:02:00,707.49,707.49,707.49,707.49,0.0,81.0,56869.26,0
2025-05-06,2025-05-06 11:03:00,707.49,707.49,707.48,707.48,-0.0,81.0,56869.26,-1
2025-05-06,2025-05-06 11:04:00,707.48,707.48,707.48,707.48,0.0,81.0,56869.26,0
2025-05-06,2025-05-06 11:05:00,707.48,707.48,707.47,707.47,-0.0,81.0,56869.26,-1
2025-05-06,2025-05-06 11:06:00,707.47,707.47,707.47,707.47,0.0,81.0,56869.26,0
2025-05-06,2025-05-06 11:07:00,707.47,707.47,707.46,707.46,-0.0,81.0,56869.26,-1
2025-05-06,2025-05-06 11:08:00,707.46,707.46,707.46,707.46,0.0,81.0,56869.26,0
2025-05-06,2025-05-06 11:09:00,707.46,707.46,707.46,707.46,0.0,81.0,56869.26,0
2025-05-06,2025-05-06 11:10:00,707.46,707.46,707.45,707.45,-0.0,81.0,56869.26,-1
2025-05-06,2025-05-06 11:11:00,707.45,707.45,707.45,707.45,0.0,81.0,56869.26,0
2025-05-06,2025-05-06 11:12:00,707.45,707.45,707.44,707.44,-0.0,81.0,56869.26,-1
2025-05-06,2025-05-06 11:13:00,707.44,707.44,707.44,707.44,0.0,81.0,56869.26,0
2025-05-06,2025-05-06 11:14:00,707.44,707.44,707.43,707.43,-0.0,81.0,56869.26,-1
2025-05-06,2025-05-06 11:15:00,707.43,707.43,707.43,707.43,0.0,81.0,56869.26,0
2025-05-06,2025-05-06 11:16:00,707.43,707.43,707.42,707.42,-0.0,81.0,56869.26,-1
2025-05-06,2025-05-06 11:17:00,707.42,707.42,707.42,707.42,0.0,81.0,56869.26,0
2025-05-06,2025-05-06 11:18:00,707.42,707.42,707.42,707.42,0.0,81.0,56869.26,0
2025-05-06,2025-05-06 11:19:00,707.42,707.42,707.41,707.41,-0.0,81.0,56869.26,-1
2025-05-06,2025-05-06 11:20:00,707.41,707.41,707.41,707.41,0.0,81.0,56869.26,0
2025-05-06,2025-05-06 11:21:00,707.41,707.41,707.4,707.4,-0.0,81.0,56869.26,-1
2025-05-06,2025-05-06 11:22:00,707.4,707.4,707.4,707.4,0.0,81.0,56869.26,0
2025-05-06,2025-05-06 11:23:00,707.4,707.4,707.39,707.39,-0.0,81.0,56869.26,-1
2025-05-06,2025-05-06 11:24:00,707.39,707.39,707.39,707.39,0.0,81.0,56869.26,0
2025-05-06,2025-05-06 11:25:00,707.39,707.39,707.38,707.38,-0.0,81.0,56869.26,-1
2025-05-06,2025-05-06 11:26:00,707.38,707.38,707.38,707.38,0.0,81.0,56869.26,0
2025-05-06,2025-05-06 11:27:00,707.38,707.38,707.38,707.38,0.0,81.0,56869.26,0
2025-05-06,2025-05-06 11:28:00,707.38,707.38,707.37,707.37,-0.0,81.0,56869.26,-1
2025-05-06,2025-05-06 11:29:00,707.37,707.37,707.37,707.37,0.0,81.0,56869.26,0
2025-05-06,2025-05-06 11:30:00,707.37,707.37,707.36,707.36,-0.0,81.0,56869.26,-1
2025-05-06,2025-05-06 11:31:00,707.36,707.36,707.36,707.36,0.0,81.0,56869.26,0
2025-05-06,2025-05-06 11:32:00,707.36,707.36,707.35,707.35,-0.0,81.0,56869.26,-1
2025-05-06,2025-05-06 11:33:00,707.35,707.35,707.35,707.35,0.0,81.0,56869.26,0
2025-05-06,2025-05-06 11:34:00,707.35,707.35,707.34,707.34,-0.0,81.0,56869.26,-1
2025-05-06,2025-05-06 11:35:00,707.34,707.34,707.34,707.34,0.0,81.0,56869.26,0
2025-05-06,2025-05-06 11:36:00,707.34,707.34,707.34,707.34,0.0,81.0,56869.26,0
2025-05-06,2025-05-06 11:37:00,707.34,707.34,707.33,707.33,-0.0,81.0,56869.26,-1
2025-05-06,2025-05-06 11:38:00,707.33,707.33,707.33,707.33,0.0,81.0,56869.26,0
2025-05-06,2025-05-06 11:39:00,707.33,707.33,707.32,707.32,-0.0,81.0,56869.26,-1
2025-05-06,2025-05-06 11:40:00,707.32,707.32,707.32,707.32,0.0,81.0,56869.26,0
2025-05-06,2025-05-06 11:41:00,707.32,707.32,707.31,707.31,-0.0,81.0,56869.26,-1
2025-05-06,2025-05-06 11:42:00,707.31,707.31,707.31,707.31,0.0,81.0,56869.26,0
2025-05-06,2025-05-06 11:43:00,707.31,707.31,707.3,707.3,-0.0,81.0,56869.26,-1
2025-05-06,2025-05-06 11:44:00,707.3,707.3,707.3,707.3,0.0,81.0,56869.26,0
2025-05-06,2025-05-06 11:45:00,707.3,707.3,707.29,707.29,-0.0,81.0,56869.26,-1
2025-05-06,2025-05-06 11:46:00,707.29,707.29,707.29,707.29,0.0,81.0,56869.26,0
2025-05-06,2025-05-06 11:47:00,707.29,707.29,707.29,707.29,0.0,81.0,56869.26,0
2025-05-06,2025-05-06 11:48:00,707.29,707.29,707.28,707.28,-0.0,81.0,56869.26,-1
2025-05-06,2025-05-06 11:49:00,707.28,707.28,707.28,707.28,0.0,81.0,56869.26,0
2025-05-06,2025-05-06 11:50:00,707.28,707.28,707.27,707.27,-0.0,81.0,56869.26,-1
2025-05-06,2025-05-06 11:51:00,707.27,707.27,707.27,707.27,0.0,81.0,56869.26,0
2025-05-06,2025-05-06 11:52:00,707.27,707.27,707.26,707.26,-0.0,81.0,56869.26,-1
2025-05-06,2025-05-06 11:53:00,707.26,707.26,707.26,707.26,0.0,81.0,56869.26,0
2025-05-06,2025-05-06 11:54:00,707.26,707.26,707.25,707.25,-0.0,81.0,56869.26,-1
2025-05-06,2025-05-06 11:55:00,707.25,707.25,707.25,707.25,0.0,81.0,56869.26,0
2025-05-06,2025-05-06 11:56:00,707.25,707.25,707.25,707.25,0.0,81.0,56869.26,0
2025-05-06,2025-05-06 11:57:00,707.25,707.25,707.24,707.24,-0.0,81.0,56869.26,-1
2025-05-06,2025-05-06 11:58:00,707.24,707.24,707.24,707.24,0.0,81.0,56869.26,0
2025-05-06,2025-05-06 11:59:00,707.24,707.24,707.23,707.23,-0.0,81.0,56869.26,-1
2025-05-06,2025-05-06 12:00:00,707.23,707.23,707.23,707.23,0.0,81.0,56869.26,0
2025-05-06,2025-05-06 12:01:00,707.23,707.23,707.22,707.22,-0.0,81.0,56869.26,-1
2025-05-06,2025-05-06 12:02:00,707.22,707.22,707.22,707.22,0.0,81.0,56869.26,0
2025-05-06,2025-05-06 12:03:00,707.22,707.22,707.21,707.21,-0.0,81.0,56869.26,-1
2025-05-06,2025-05-06 12:04:00,707.21,707.21,707.21,707.21,0.0,81.0,56869.26,0
2025-05-06,2025-05-06 12:05:00,707.21,707.21,707.21,707.21,0.0,81.0,56869.26,0
2025-05-06,2025-05-06 12:06:00,707.21,707.21,707.2,707.2,-0.0,81.0,56869.26,-1
2025-05-06,2025-05-06 12:07:00,707.2,707.2,707.2,707.2,0.0,81.0,56869.26,0
2025-05-06,2025-05-06 12:08:00,707.2,707.2,707.19,707.19,-0.0,81.0,56869.26,-1
2025-05-06,2025-05-06 12:09:00,707.19,707.19,707.19,707.19,0.0,81.0,56869.26,0
2025-05-06,2025-05-06 12:10:00,707.19,707.19,707.18,707.18,-0.0,81.0,56869.26,-1
2025-05-06,2025-05-06 12:11:00,707.18,707.18,707.18,707.18,0.0,81.0,56869.26,0
2025-05-06,2025-05-06 12:12:00,707.18,707.18,707.17,707.17,-0.0,81.0,56869.26,-1
2025-05-06,2025-05-06 12:13:00,707.17,707.17,707.17,707.17,0.0,81.0,56869.26,0
2025-05-06,2025-05-06 12:14:00,707.17,707.17,707.17,707.17,0.0,81.0,56869.26,0
2025-05-06,2025-05-06 12:15:00,707.17,707.17,707.16,707.16,-0.0,81.0,56869.26,-1
2025-05-06,2025-05-06 12:16:00,707.16,707.16,707.16,707.16,0.0,81.0,56869.26,0
2025-05-06,2025-05-06 12:17:00,707.16,707.16,707.15,707.15,-0.0,81.0,56869.26,-1
2025-05-06,2025-05-06 12:18:00,707.15,707.15,707.15,707.15,0.0,81.0,56869.26,0
2025-05-06,2025-05-06 12:19:00,707.15,707.15,707.14,707.14,-0.0,81.0,56869.26,-1
2025-05-06,2025-05-06 12:20:00,707.14,707.14,707.14,707.14,0.0,81.0,56869.26,0
2025-05-06,2025-05-06 12:21:00,707.14,707.14,707.13,707.13,-0.0,81.0,56869.26,-1
2025-05-06,2025-05-06 12:22:00,707.13,707.13,707.13,707.13,0.0,81.0,56869.26,0
2025-05-06,2025-05-06 12:23:00,707.13,707.13,707.13,707.13,0.0,81.0,56869.26,0
2025-05-06,2025-05-06 12:24:00,707.13,707.13,707.12,707.12,-0.0,81.0,56869.26,-1
2025-05-06,2025-05-06 12:25:00,707.12,707.12,707.12,707.12,0.0,81.0,56869.26,0
2025-05-06,2025-05-06 12:26:00,707.12,707.12,707.11,707.11,-0.0,81.0,56869.26,-1
2025-05-06,2025-05-06 12:27:00,707.11,707.11,707.11,707.11,0.0,81.0,56869.26,0
2025-05-06,2025-05-06 12:28:00,707.11,707.11,707.1,707.1,-0.0,81.0,56869.26,-1
2025-05-06,2025-05-06 12:29:00,707.1,707.1,707.1,707.1,0.0,81.0,56869.26,0
2025-05-06,2025-05-06 12:30:00,707.1,707.1,707.09,707.09,-0.0,81.0,56869.26,-1
2025-05-06,2025-05-06 12:31:00,707.09,707.09,707.09,707.09,0.0,81.0,56869.26,0
2025-05-06,2025-05-06 12:32:00,707.09,707.09,707.09,707.09,0.0,81.0,56869.26,0
2025-05-06,2025-05-06 12:33:00,707.09,707.09,707.08,707.08,-0.0,81.0,56869.26,-1
2025-05-06,2025-05-06 12:34:00,707.08,707.08,707.08,707.08,0.0,81.0,56869.26,0
2025-05-06,2025-05-06 12:35:00,707.08,707.08,707.07,707.07,-0.0,81.0,56869.26,-1
2025-05-06,2025-05-06 12:36:00,707.07,707.07,707.07,707.07,0.0,81.0,56869.26,0
2025-05-06,2025-05-06 12:37:00,707.07,707.07,707.06,707.06,-0.0,81.0,56869.26,-1
2025-05-06,2025-05-06 12:38:00,707.06,707.06,707.06,707.06,0.0,81.0,56869.26,0
2025-05-06,2025-05-06 12:39:00,707.06,707.06,707.05,707.05,-0.0,81.0,56869.26,-1
2025-05-06,2025-05-06 12:40:00,707.05,707.05,707.05,707.05,0.0,81.0,56869.26,0
2025-05-06,2025-05-06 12:41:00,707.05,707.05,707.05,707.05,0.0,81.0,56869.26,0
2025-05-06,2025-05-06 12:42:00,707.05,707.05,707.04,707.04,-0.0,81.0,56869.26,-1
2025-05-06,2025-05-06 12:43:00,707.04,707.04,707.04,707.04,0.0,81.0,56869.26,0
2025-05-06,2025-05-06 12:44:00,707.04,707.04,707.03,707.03,-0.0,81.0,56869.26,-1
2025-05-06,2025-05-06 12:45:00,707.03,707.03,707.03,707.03,0.0,81.0,56869.26,0
2025-05-06,2025-05-06 12:46:00,707.03,707.03,707.02,707.02,-0.0,81.0,56869.26,-1
2025-05-06,2025-05-06 12:47:00,707.02,707.02,707.02,707.02,0.0,81.0,56869.26,0
2025-05-06,2025-05-06 12:48:00,707.02,707.02,707.01,707.01,-0.0,81.0,56869.26,-1
2025-05-06,2025-05-06 12:49:00,707.01,707.01,707.01,707.01,0.0,81.0,56869.26,0
2025-05-06,2025-05-06 12:50:00,707.01,707.01,707.01,707.01,0.0,81.0,56869.26,0
2025-05-06,2025-05-06 12:51:00,707.01,707.01,707.0,707.0,-0.0,81.0,56869.26,-1
2025-05-06,2025-05-06 12:52:00,707.0,707.0,707.0,707.0,0.0,81.0,56869.26,0
2025-05-06,2025-05-06 12:53:00,707.0,707.0,706.99,706.99,-0.0,81.0,56869.26,-1
2025-05-06,2025-05-06 12:54:00,706.99,706.99,706.99,706.99,0.0,81.0,56869.26,0
2025-05-06,2025-05-06 12:55:00,706.99,706.99,706.98,706.98,-0.0,81.0,56869.26,-1
2025-05-06,2025-05-06 12:56:00,706.98,706.98,706.98,706.98,0.0,81.0,56869.26,0
2025-05-06,2025-05-06 12:57:00,706.98,706.98,706.97,706.97,-0.0,81.0,56869.26,-1
2025-05-06,2025-05-06 12:58:00,706.97,706.97,706.97,706.97,0.0,81.0,56869.26,0
2025-05-06,2025-05-06 12:59:00,706.97,706.97,706.96,706.96,-0.0,81.0,56869.26,-1
2025-05-06,2025-05-06 13:00:00,706.96,714.0,691.2,706.96,0.0,81.0,56869.26,0
2025-05-06,2025-05-06 13:01:00,706.96,706.96,706.96,706.96,0.0,81.0,56869.26,0
2025-05-06,2025-05-06 13:02:00,706.96,706.96,706.95,706.95,-0.0,81.0,56869.26,-1
2025-05-06,2025-05-06 13:03:00,706.95,706.95,706.95,706.95,0.0,81.0,56869.26,0
2025-05-06,2025-05-06 13:04:00,706.95,706.95,706.94,706.94,-0.0,81.0,56869.26,-1
2025-05-06,2025-05-06 13:05:00,706.94,706.94,706.94,706.94,0.0,81.0,56869.26,0
2025-05-06,2025-05-06 13:06:00,706.94,706.94,706.93,706.93,-0.0,81.0,56869.26,-1
2025-05-06,2025-05-06 13:07:00,706.93,706.93,706.93,706.93,0.0,81.0,56869.26,0
2025-05-06,2025-05-06 13:08:00,706.93,706.93,706.92,706.92,-0.0,81.0,56869.26,-1
2025-05-06,2025-05-06 13:09:00,706.92,706.92,706.92,706.92,0.0,81.0,56869.26,0
2025-05-06,2025-05-06 13:10:00,706.92,706.92,706.92,706.92,0.0,81.0,56869.26,0
2025-05-06,2025-05-06 13:11:00,706.92,706.92,706.91,706.91,-0.0,81.0,56869.26,-1
2025-05-06,2025-05-06 13:12:00,706.91,706.91,706.91,706.91,0.0,81.0,56869.26,0
2025-05-06,2025-05-06 13:13:00,706.91,706.91,706.9,706.9,-0.0,81.0,56869.26,-1
2025-05-06,2025-05-06 13:14:00,706.9,706.9,706.9,706.9,0.0,81.0,56869.26,0
2025-05-06,2025-05-06 13:15:00,706.9,706.9,706.89,706.89,-0.0,81.0,56869.26,-1
2025-05-06,2025-05-06 13:16:00,706.89,706.89,706.89,706.89,0.0,81.0,56869.26,0
2025-05-06,2025-05-06 13:17:00,706.89,706.89,706.88,706.88,-0.0,81.0,56869.26,-1
2025-05-06,2025-05-06 13:18:00,706.88,706.88,706.88,706.88,0.0,81.0,56869.26,0
2025-05-06,2025-05-06 13:19:00,706.88,706.88,706.88,706.88,0.0,81.0,56869.26,0
2025-05-06,2025-05-06 13:20:00,706.88,706.88,706.87,706.87,-0.0,81.0,56869.26,-1
2025-05-06,2025-05-06 13:21:00,706.87,706.87,706.87,706.87,0.0,81.0,56869.26,0
2025-05-06,2025-05-06 13:22:00,706.87,706.87,706.86,706.86,-0.0,81.0,56869.26,-1
2025-05-06,2025-05-06 13:23:00,706.86,706.86,706.86,706.86,0.0,81.0,56869.26,0
2025-05-06,2025-05-06 13:24:00,706.86,706.86,706.85,706.85,-0.0,81.0,56869.26,-1
2025-05-06,2025-05-06 13:25:00,706.85,706.85,706.85,706.85,0.0,81.0,56869.26,0
2025-05-06,2025-05-06 13:26:00,706.85,706.85,706.84,706.84,-0.0,81.0,56869.26,-1
2025-05-06,2025-05-06 13:27:00,706.84,706.84,706.84,706.84,0.0,81.0,56869.26,0
2025-05-06,2025-05-06 13:28:00,706.84,706.84,706.84,706.84,0.0,81.0,56869.26,0
2025-05-06,2025-05-06 13:29:00,706.84,706.84,706.83,706.83,-0.0,81.0,56869.26,-1
2025-05-06,2025-05-06 13:30:00,706.83,706.83,706.83,706.83,0.0,81.0,56869.26,0
2025-05-06,2025-05-06 13:31:00,706.83,706.83,706.82,706.82,-0.0,81.0,56869.26,-1
2025-05-06,2025-05-06 13:32:00,706.82,706.82,706.82,706.82,0.0,81.0,56869.26,0
2025-05-06,2025-05-06 13:33:00,706.82,706.82,706.81,706.81,-0.0,81.0,56869.26,-1
2025-05-06,2025-05-06 13:34:00,706.81,706.81,706.81,706.81,0.0,81.0,56869.26,0
2025-05-06,2025-05-06 13:35:00,706.81,706.81,706.8,706.8,-0.0,81.0,56869.26,-1
2025-05-06,2025-05-06 13:36:00,706.8,706.8,706.8,706.8,0.0,81.0,56869.26,0
2025-05-06,2025-05-06 13:37:00,706.8,706.8,706.8,706.8,0.0,81.0,56869.26,0
2025-05-06,2025-05-06 13:38:00,706.8,706.8,706.79,706.79,-0.0,81.0,56869.26,-1
2025-05-06,2025-05-06 13:39:00,706.79,706.79,706.79,706.79,0.0,81.0,56869.26,0
2025-05-06,2025-05-06 13:40:00,706.79,706.79,706.78,706.78,-0.0,81.0,56869.26,-1
2025-05-06,2025-05-06 13:41:00,706.78,706.78,706.78,706.78,0.0,81.0,56869.26,0
2025-05-06,2025-05-06 13:42:00,706.78,706.78,706.77,706.77,-0.0,81.0,56869.26,-1
2025-05-06,2025-05-06 13:43:00,706.77,706.77,706.77,706.77,0.0,81.0,56869.26,0
2025-05-06,2025-05-06 13:44:00,706.77,706.77,706.76,706.76,-0.0,81.0,56869.26,-1
2025-05-06,2025-05-06 13:45:00,706.76,706.76,706.76,706.76,0.0,81.0,56869.26,0
2025-05-06,2025-05-06 13:46:00,706.76,706.76,706.76,706.76,0.0,81.0,56869.26,0
2025-05-06,2025-05-06 13:47:00,706.76,706.76,706.75,706.75,-0.0,81.0,56869.26,-1
2025-05-06,2025-05-06 13:48:00,706.75,706.75,706.75,706.75,0.0,81.0,56869.26,0
2025-05-06,2025-05-06 13:49:00,706.75,706.75,706.74,706.74,-0.0,81.0,56869.26,-1
2025-05-06,2025-05-06 13:50:00,706.74,706.74,706.74,706.74,0.0,81.0,56869.26,0
2025-05-06,2025-05-06 13:51:00,706.74,706.74,706.73,706.73,-0.0,81.0,56869.26,-1
2025-05-06,2025-05-06 13:52:00,706.73,706.73,706.73,706.73,0.0,81.0,56869.26,0
2025-05-06,2025-05-06 13:53:00,706.73,706.73,706.72,706.72,-0.0,81.0,56869.26,-1
2025-05-06,2025-05-06 13:54:00,706.72,706.72,706.72,706.72,0.0,81.0,56869.26,0
2025-05-06,2025-05-06 13:55:00,706.72,706.72,706.72,706.72,0.0,81.0,56869.26,0
2025-05-06,2025-05-06 13:56:00,706.72,706.72,706.71,706.71,-0.0,81.0,56869.26,-1
2025-05-06,2025-05-06 13:57:00,706.71,706.71,706.71,706.71,0.0,81.0,56869.26,0
2025-05-06,2025-05-06 13:58:00,706.71,706.71,706.7,706.7,-0.0,81.0,56869.26,-1
2025-05-06,2025-05-06 13:59:00,706.7,706.7,706.7,706.7,0.0,81.0,56869.26,0
2025-05-06,2025-05-06 14:00:00,706.7,706.7,706.69,706.69,-0.0,81.0,56869.26,-1
2025-05-06,2025-05-06 14:01:00,706.69,706.69,706.69,706.69,0.0,81.0,56869.26,0
2025-05-06,2025-05-06 14:02:00,706.69,706.69,706.68,706.68,-0.0,81.0,56869.26,-1
2025-05-06,2025-05-06 14:03:00,706.68,706.68,706.68,706.68,0.0,81.0,56869.26,0
2025-05-06,2025-05-06 14:04:00,706.68,706.68,706.68,706.68,0.0,81.0,56869.26,0
2025-05-06,2025-05-06 14:05:00,706.68,706.68,706.67,706.67,-0.0,81.0,56869.26,-1
2025-05-06,2025-05-06 14:06:00,706.67,706.67,706.67,706.67,0.0,81.0,56869.26,0
2025-05-06,2025-05-06 14:07:00,706.67,706.67,706.66,706.66,-0.0,81.0,56869.26,-1
2025-05-06,2025-05-06 14:08:00,706.66,706.66,706.66,706.66,0.0,81.0,56869.26,0
2025-05-06,2025-05-06 14:09:00,706.66,706.66,706.65,706.65,-0.0,81.0,56869.26,-1
2025-05-06,2025-05-06 14:10:00,706.65,706.65,706.65,706.65,0.0,81.0,56869.26,0
2025-05-06,2025-05-06 14:11:00,706.65,706.65,706.64,706.64,-0.0,81.0,56869.26,-1
2025-05-06,2025-05-06 14:12:00,706.64,706.64,706.64,706.64,0.0,81.0,56869.26,0
2025-05-06,2025-05-06 14:13:00,706.64,706.64,706.64,706.64,0.0,81.0,56869.26,0
2025-05-06,2025-05-06 14:14:00,706.64,706.64,706.63,706.63,-0.0,81.0,56869.26,-1
2025-05-06,2025-05-06 14:15:00,706.63,706.63,706.63,706.63,0.0,81.0,56869.26,0
2025-05-06,2025-05-06 14:16:00,706.63,706.63,706.62,706.62,-0.0,81.0,56869.26,-1
2025-05-06,2025-05-06 14:17:00,706.62,706.62,706.62,706.62,0.0,81.0,56869.26,0
2025-05-06,2025-05-06 14:18:00,706.62,706.62,706.61,706.61,-0.0,81.0,56869.26,-1
2025-05-06,2025-05-06 14:19:00,706.61,706.61,706.61,706.61,0.0,81.0,56869.26,0
2025-05-06,2025-05-06 14:20:00,706.61,706.61,706.6,706.6,-0.0,81.0,56869.26,-1
2025-05-06,2025-05-06 14:21:00,706.6,706.6,706.6,706.6,0.0,81.0,56869.26,0
2025-05-06,2025-05-06 14:22:00,706.6,706.6,706.59,706.59,-0.0,81.0,56869.26,-1
2025-05-06,2025-05-06 14:23:00,706.59,706.59,706.59,706.59,0.0,81.0,56869.26,0
2025-05-06,2025-05-06 14:24:00,706.59,706.59,706.59,706.59,0.0,81.0,56869.26,0
2025-05-06,2025-05-06 14:25:00,706.59,706.59,706.58,706.58,-0.0,81.0,56869.26,-1
2025-05-06,2025-05-06 14:26:00,706.58,706.58,706.58,706.58,0.0,81.0,56869.26,0
2025-05-06,2025-05-06 14:27:00,706.58,706.58,706.57,706.57,-0.0,81.0,56869.26,-1
2025-05-06,2025-05-06 14:28:00,706.57,706.57,706.57,706.57,0.0,81.0,56869.26,0
2025-05-06,2025-05-06 14:29:00,706.57,706.57,706.56,706.56,-0.0,81.0,56869.26,-1
2025-05-06,2025-05-06 14:30:00,706.56,706.56,706.56,706.56,0.0,81.0,56869.26,0
2025-05-06,2025-05-06 14:31:00,706.56,706.56,706.55,706.55,-0.0,81.0,56869.26,-1
2025-05-06,2025-05-06 14:32:00,706.55,706.55,706.55,706.55,0.0,81.0,56869.26,0
2025-05-06,2025-05-06 14:33:00,706.55,706.55,706.55,706.55,0.0,81.0,56869.26,0
2025-05-06,2025-05-06 14:34:00,706.55,706.55,706.54,706.54,-0.0,81.0,56869.26,-1
2025-05-06,2025-05-06 14:35:00,706.54,706.54,706.54,706.54,0.0,81.0,56869.26,0
2025-05-06,2025-05-06 14:36:00,706.54,706.54,706.53,706.53,-0.0,81.0,56869.26,-1
2025-05-06,2025-05-06 14:37:00,706.53,706.53,706.53,706.53,0.0,81.0,56869.26,0
2025-05-06,2025-05-06 14:38:00,706.53,706.53,706.52,706.52,-0.0,81.0,56869.26,-1
2025-05-06,2025-05-06 14:39:00,706.52,706.52,706.52,706.52,0.0,81.0,56869.26,0
2025-05-06,2025-05-06 14:40:00,706.52,706.52,706.51,706.51,-0.0,81.0,56869.26,-1
2025-05-06,2025-05-06 14:41:00,706.51,706.51,706.51,706.51,0.0,81.0,56869.26,0
2025-05-06,2025-05-06 14:42:00,706.51,706.51,706.51,706.51,0.0,81.0,56869.26,0
2025-05-06,2025-05-06 14:43:00,706.51,706.51,706.5,706.5,-0.0,81.0,56869.26,-1
2025-05-06,2025-05-06 14:44:00,706.5,706.5,706.5,706.5,0.0,81.0,56869.26,0
2025-05-06,2025-05-06 14:45:00,706.5,706.5,706.49,706.49,-0.0,81.0,56869.26,-1
2025-05-06,2025-05-06 14:46:00,706.49,706.49,706.49,706.49,0.0,81.0,56869.26,0
2025-05-06,2025-05-06 14:47:00,706.49,706.49,706.48,706.48,-0.0,81.0,56869.26,-1
2025-05-06,2025-05-06 14:48:00,706.48,706.48,706.48,706.48,0.0,81.0,56869.26,0
2025-05-06,2025-05-06 14:49:00,706.48,706.48,706.47,706.47,-0.0,81.0,56869.26,-1
2025-05-06,2025-05-06 14:50:00,706.47,706.47,706.47,706.47,0.0,81.0,56869.26,0
2025-05-06,2025-05-06 14:51:00,706.47,706.47,706.47,706.47,0.0,81.0,56869.26,0
2025-05-06,2025-05-06 14:52:00,706.47,706.47,706.46,706.46,-0.0,81.0,56869.26,-1
2025-05-06,2025-05-06 14:53:00,706.46,706.46,706.46,706.46,0.0,81.0,56869.26,0
2025-05-06,2025-05-06 14:54:00,706.46,706.46,706.45,706.45,-0.0,81.0,56869.26,-1
2025-05-06,2025-05-06 14:55:00,706.45,706.45,706.45,706.45,0.0,81.0,56869.26,0
2025-05-06,2025-05-06 14:56:00,706.45,706.45,706.44,706.44,-0.0,81.0,56869.26,-1
2025-05-06,2025-05-06 14:57:00,706.44,706.44,706.44,706.44,0.0,81.0,56869.26,0
2025-05-06,2025-05-06 14:58:00,706.44,706.44,706.43,706.43,-0.0,81.0,56869.26,-1
2025-05-06,2025-05-06 14:59:00,706.43,706.43,706.43,706.43,0.0,81.0,56869.26,0
2025-05-06,2025-05-06 15:00:00,706.43,714.0,691.2,706.43,0.0,81.0,56869.26,0
2025-05-07,2025-05-07 11:00:00,715.0,718.0,710.53,715.0,0.0,44.41,31487.14,0
2025-05-07,2025-05-07 11:01:00,715.0,715.0,715.0,715.0,0.0,44.41,31487.14,0
2025-05-07,2025-05-07 11:02:00,715.0,715.0,715.0,715.0,0.0,44.41,31487.14,0
2025-05-07,2025-05-07 11:03:00,715.0,715.0,715.0,715.0,0.0,44.41,31487.14,0
2025-05-07,2025-05-07 11:04:00,715.0,715.01,715.0,715.01,0.0,44.41,31487.14,1
2025-05-07,2025-05-07 11:05:00,715.01,715.01,715.01,715.01,0.0,44.41,31487.14,0
2025-05-07,2025-05-07 11:06:00,715.01,715.01,715.01,715.01,0.0,44.41,31487.14,0
2025-05-07,2025-05-07 11:07:00,715.01,715.01,715.01,715.01,0.0,44.41,31487.14,0
2025-05-07,2025-05-07 11:08:00,715.01,715.01,715.01,715.01,0.0,44.41,31487.14,0
2025-05-07,2025-05-07 11:09:00,715.01,715.01,715.01,715.01,0.0,44.41,31487.14,0
2025-05-07,2025-05-07 11:10:00,715.01,715.01,715.01,715.01,0.0,44.41,31487.14,0
2025-05-07,2025-05-07 11:11:00,715.01,715.01,715.01,715.01,0.0,44.41,31487.14,0
2025-05-07,2025-05-07 11:12:00,715.01,715.01,715.01,715.01,0.0,44.41,31487.14,0
2025-05-07,2025-05-07 11:13:00,715.01,715.02,715.01,715.02,0.0,44.41,31487.14,1
2025-05-07,2025-05-07 11:14:00,715.02,715.02,715.02,715.02,0.0,44.41,31487.14,0
2025-05-07,2025-05-07 11:15:00,715.02,715.02,715.02,715.02,0.0,44.41,31487.14,0
2025-05-07,2025-05-07 11:16:00,715.02,715.02,715.02,715.02,0.0,44.41,31487.14,0
2025-05-07,2025-05-07 11:17:00,715.02,715.02,715.02,715.02,0.0,44.41,31487.14,0
2025-05-07,2025-05-07 11:18:00,715.02,715.02,715.02,715.02,0.0,44.41,31487.14,0
2025-05-07,2025-05-07 11:19:00,715.02,715.02,715.02,715.02,0.0,44.41,31487.14,0
2025-05-07,2025-05-07 11:20:00,715.02,715.02,715.02,715.02,0.0,44.41,31487.14,0
2025-05-07,2025-05-07 11:21:00,715.02,715.02,715.02,715.02,0.0,44.41,31487.14,0
2025-05-07,2025-05-07 11:22:00,715.02,715.02,715.02,715.02,0.0,44.41,31487.14,0
2025-05-07,2025-05-07 11:23:00,715.02,715.03,715.02,715.03,0.0,44.41,31487.14,1
2025-05-07,2025-05-07 11:24:00,715.03,715.03,715.03,715.03,0.0,44.41,31487.14,0
2025-05-07,2025-05-07 11:25:00,715.03,715.03,715.03,715.03,0.0,44.41,31487.14,0
2025-05-07,2025-05-07 11:26:00,715.03,715.03,715.03,715.03,0.0,44.41,31487.14,0
2025-05-07,2025-05-07 11:27:00,715.03,715.03,715.03,715.03,0.0,44.41,31487.14,0
2025-05-07,2025-05-07 11:28:00,715.03,715.03,715.03,715.03,0.0,44.41,31487.14,0
2025-05-07,2025-05-07 11:29:00,715.03,715.03,715.03,715.03,0.0,44.41,31487.14,0
2025-05-07,2025-05-07 11:30:00,715.03,715.03,715.03,715.03,0.0,44.41,31487.14,0
2025-05-07,2025-05-07 11:31:00,715.03,715.03,715.03,715.03,0.0,44.41,31487.14,0
2025-05-07,2025-05-07 11:32:00,715.03,715.04,715.03,715.04,0.0,44.41,31487.14,1
2025-05-07,2025-05-07 11:33:00,715.04,715.04,715.04,715.04,0.0,44.41,31487.14,0
2025-05-07,2025-05-07 11:34:00,715.04,715.04,715.04,715.04,0.0,44.41,31487.14,0
2025-05-07,2025-05-07 11:35:00,715.04,715.04,715.04,715.04,0.0,44.41,31487.14,0
2025-05-07,2025-05-07 11:36:00,715.04,715.04,715.04,715.04,0.0,44.41,31487.14,0
2025-05-07,2025-05-07 11:37:00,715.04,715.04,715.04,715.04,0.0,44.41,31487.14,0
2025-05-07,2025-05-07 11:38:00,715.04,715.04,715.04,715.04,0.0,44.41,31487.14,0
2025-05-07,2025-05-07 11:39:00,715.04,715.04,715.04,715.04,0.0,44.41,31487.14,0
2025-05-07,2025-05-07 11:40:00,715.04,715.04,715.04,715.04,0.0,44.41,31487.14,0
2025-05-07,2025-05-07 11:41:00,715.04,715.05,715.04,715.05,0.0,44.41,31487.14,1
2025-05-07,2025-05-07 11:42:00,715.05,715.05,715.05,715.05,0.0,44.41,31487.14,0
2025-05-07,2025-05-07 11:43:00,715.05,715.05,715.05,715.05,0.0,44.41,31487.14,0
2025-05-07,2025-05-07 11:44:00,715.05,715.05,715.05,715.05,0.0,44.41,31487.14,0
2025-05-07,2025-05-07 11:45:00,715.05,715.05,715.05,715.05,0.0,44.41,31487.14,0
2025-05-07,2025-05-07 11:46:00,715.05,715.05,715.05,715.05,0.0,44.41,31487.14,0
2025-05-07,2025-05-07 11:47:00,715.05,715.05,715.05,715.05,0.0,44.41,31487.14,0
2025-05-07,2025-05-07 11:48:00,715.05,715.05,715.05,715.05,0.0,44.41,31487.14,0
2025-05-07,2025-05-07 11:49:00,715.05,715.05,715.05,715.05,0.0,44.41,31487.14,0
2025-05-07,2025-05-07 11:50:00,715.05,715.06,715.05,715.06,0.0,44.41,31487.14,1
2025-05-07,2025-05-07 11:51:00,715.06,715.06,715.06,715.06,0.0,44.41,31487.14,0
2025-05-07,2025-05-07 11:52:00,715.06,715.06,715.06,715.06,0.0,44.41,31487.14,0
2025-05-07,2025-05-07 11:53:00,715.06,715.06,715.06,715.06,0.0,44.41,31487.14,0
2025-05-07,2025-05-07 11:54:00,715.06,715.06,715.06,715.06,0.0,44.41,31487.14,0
2025-05-07,2025-05-07 11:55:00,715.06,715.06,715.06,715.06,0.0,44.41,31487.14,0
2025-05-07,2025-05-07 11:56:00,715.06,715.06,715.06,715.06,0.0,44.41,31487.14,0
2025-05-07,2025-05-07 11:57:00,715.06,715.06,715.06,715.06,0.0,44.41,31487.14,0
2025-05-07,2025-05-07 11:58:00,715.06,715.06,715.06,715.06,0.0,44.41,31487.14,0
2025-05-07,2025-05-07 11:59:00,715.06,715.07,715.06,715.07,0.0,44.41,31487.14,1
2025-05-07,2025-05-07 12:00:00,715.07,715.07,715.07,715.07,0.0,44.41,31487.14,0
2025-05-07,2025-05-07 12:01:00,715.07,715.07,715.07,715.07,0.0,44.41,31487.14,0
2025-05-07,2025-05-07 12:02:00,715.07,715.07,715.07,715.07,0.0,44.41,31487.14,0
2025-05-07,2025-05-07 12:03:00,715.07,715.07,715.07,715.07,0.0,44.41,31487.14,0
2025-05-07,2025-05-07 12:04:00,715.07,715.07,715.07,715.07,0.0,44.41,31487.14,0
2025-05-07,2025-05-07 12:05:00,715.07,715.07,715.07,715.07,0.0,44.41,31487.14,0
2025-05-07,2025-05-07 12:06:00,715.07,715.07,715.07,715.07,0.0,44.41,31487.14,0
2025-05-07,2025-05-07 12:07:00,715.07,715.07,715.07,715.07,0.0,44.41,31487.14,0
2025-05-07,2025-05-07 12:08:00,715.07,715.07,715.07,715.07,0.0,44.41,31487.14,0
2025-05-07,2025-05-07 12:09:00,715.07,715.08,715.07,715.08,0.0,44.41,31487.14,1
2025-05-07,2025-05-07 12:10:00,715.08,715.08,715.08,715.08,0.0,44.41,31487.14,0
2025-05-07,2025-05-07 12:11:00,715.08,715.08,715.08,715.08,0.0,44.41,31487.14,0
2025-05-07,2025-05-07 12:12:00,715.08,715.08,715.08,715.08,0.0,44.41,31487.14,0
2025-05-07,2025-05-07 12:13:00,715.08,715.08,715.08,715.08,0.0,44.41,31487.14,0
2025-05-07,2025-05-07 12:14:00,715.08,715.08,715.08,715.08,0.0,44.41,31487.14,0
2025-05-07,2025-05-07 12:15:00,715.08,715.08,715.08,715.08,0.0,44.41,31487.14,0
2025-05-07,2025-05-07 12:16:00,715.08,715.08,715.08,715.08,0.0,44.41,31487.14,0
2025-05-07,2025-05-07 12:17:00,715.08,715.08,715.08,715.08,0.0,44.41,31487.14,0
2025-05-07,2025-05-07 12:18:00,715.08,715.09,715.08,715.09,0.0,44.41,31487.14,1
2025-05-07,2025-05-07 12:19:00,715.09,715.09,715.09,715.09,0.0,44.41,31487.14,0
2025-05-07,2025-05-07 12:20:00,715.09,715.09,715.09,715.09,0.0,44.41,31487.14,0
2025-05-07,2025-05-07 12:21:00,715.09,715.09,715.09,715.09,0.0,44.41,31487.14,0
2025-05-07,2025-05-07 12:22:00,715.09,715.09,715.09,715.09,0.0,44.41,31487.14,0
2025-05-07,2025-05-07 12:23:00,715.09,715.09,715.09,715.09,0.0,44.41,31487.14,0
2025-05-07,2025-05-07 12:24:00,715.09,715.09,715.09,715.09,0.0,44.41,31487.14,0
2025-05-07,2025-05-07 12:25:00,715.09,715.09,715.09,715.09,0.0,44.41,31487.14,0
2025-05-07,2025-05-07 12:26:00,715.09,715.09,715.09,715.09,0.0,44.41,31487.14,0
2025-05-07,2025-05-07 12:27:00,715.09,715.1,715.09,715.1,0.0,44.41,31487.14,1
2025-05-07,2025-05-07 12:28:00,715.1,715.1,715.1,715.1,0.0,44.41,31487.14,0
2025-05-07,2025-05-07 12:29:00,715.1,715.1,715.1,715.1,0.0,44.41,31487.14,0
2025-05-07,2025-05-07 12:30:00,715.1,715.1,715.1,715.1,0.0,44.41,31487.14,0
2025-05-07,2025-05-07 12:31:00,715.1,715.1,715.1,715.1,0.0,44.41,31487.14,0
2025-05-07,2025-05-07 12:32:00,715.1,715.1,715.1,715.1,0.0,44.41,31487.14,0
2025-05-07,2025-05-07 12:33:00,715.1,715.1,715.1,715.1,0.0,44.41,31487.14,0
2025-05-07,2025-05-07 12:34:00,715.1,715.1,715.1,715.1,0.0,44.41,31487.14,0
2025-05-07,2025-05-07 12:35:00,715.1,715.1,715.1,715.1,0.0,44.41,31487.14,0
2025-05-07,2025-05-07 12:36:00,715.1,715.11,715.1,715.11,0.0,44.41,31487.14,1
2025-05-07,2025-05-07 12:37:00,715.11,715.11,715.11,715.11,0.0,44.41,31487.14,0
2025-05-07,2025-05-07 12:38:00,715.11,715.11,715.11,715.11,0.0,44.41,31487.14,0
2025-05-07,2025-05-07 12:39:00,715.11,715.11,715.11,715.11,0.0,44.41,31487.14,0
2025-05-07,2025-05-07 12:40:00,715.11,715.11,715.11,715.11,0.0,44.41,31487.14,0
2025-05-07,2025-05-07 12:41:00,715.11,715.11,715.11,715.11,0.0,44.41,31487.14,0
2025-05-07,2025-05-07 12:42:00,715.11,715.11,715.11,715.11,0.0,44.41,31487.14,0
2025-05-07,2025-05-07 12:43:00,715.11,715.11,715.11,715.11,0.0,44.41,31487.14,0
2025-05-07,2025-05-07 12:44:00,715.11,715.11,715.11,715.11,0.0,44.41,31487.14,0
2025-05-07,2025-05-07 12:45:00,715.11,715.11,715.11,715.11,0.0,44.41,31487.14,0
2025-05-07,2025-05-07 12:46:00,715.11,715.12,715.11,715.12,0.0,44.41,31487.14,1
2025-05-07,2025-05-07 12:47:00,715.12,715.12,715.12,715.12,0.0,44.41,31487.14,0
2025-05-07,2025-05-07 12:48:00,715.12,715.12,715.12,715.12,0.0,44.41,31487.14,0
2025-05-07,2025-05-07 12:49:00,715.12,715.12,715.12,715.12,0.0,44.41,31487.14,0
2025-05-07,2025-05-07 12:50:00,715.12,715.12,715.12,715.12,0.0,44.41,31487.14,0
2025-05-07,2025-05-07 12:51:00,715.12,715.12,715.12,715.12,0.0,44.41,31487.14,0
2025-05-07,2025-05-07 12:52:00,715.12,715.12,715.12,715.12,0.0,44.41,31487.14,0
2025-05-07,2025-05-07 12:53:00,715.12,715.12,715.12,715.12,0.0,44.41,31487.14,0
2025-05-07,2025-05-07 12:54:00,715.12,715.12,715.12,715.12,0.0,44.41,31487.14,0
2025-05-07,2025-05-07 12:55:00,715.12,715.13,715.12,715.13,0.0,44.41,31487.14,1
2025-05-07,2025-05-07 12:56:00,715.13,715.13,715.13,715.13,0.0,44.41,31487.14,0
2025-05-07,2025-05-07 12:57:00,715.13,715.13,715.13,715.13,0.0,44.41,31487.14,0
2025-05-07,2025-05-07 12:58:00,715.13,715.13,715.13,715.13,0.0,44.41,31487.14,0
2025-05-07,2025-05-07 12:59:00,715.13,715.13,715.13,715.13,0.0,44.41,31487.14,0
2025-05-07,2025-05-07 13:00:00,715.13,725.0,700.1,715.13,0.0,44.41,31487.14,0
2025-05-07,2025-05-07 13:01:00,715.13,715.13,715.13,715.13,0.0,44.41,31487.14,0
2025-05-07,2025-05-07 13:02:00,715.13,715.13,715.13,715.13,0.0,44.41,31487.14,0
2025-05-07,2025-05-07 13:03:00,715.13,715.13,715.13,715.13,0.0,44.41,31487.14,0
2025-05-07,2025-05-07 13:04:00,715.13,715.14,715.13,715.14,0.0,44.41,31487.14,1
2025-05-07,2025-05-07 13:05:00,715.14,715.14,715.14,715.14,0.0,44.41,31487.14,0
2025-05-07,2025-05-07 13:06:00,715.14,715.14,715.14,715.14,0.0,44.41,31487.14,0
2025-05-07,2025-05-07 13:07:00,715.14,715.14,715.14,715.14,0.0,44.41,31487.14,0
2025-05-07,2025-05-07 13:08:00,715.14,715.14,715.14,715.14,0.0,44.41,31487.14,0
2025-05-07,2025-05-07 13:09:00,715.14,715.14,715.14,715.14,0.0,44.41,31487.14,0
2025-05-07,2025-05-07 13:10:00,715.14,715.14,715.14,715.14,0.0,44.41,31487.14,0
2025-05-07,2025-05-07 13:11:00,715.14,715.14,715.14,715.14,0.0,44.41,31487.14,0
2025-05-07,2025-05-07 13:12:00,715.14,715.14,715.14,715.14,0.0,44.41,31487.14,0
2025-05-07,2025-05-07 13:13:00,715.14,715.15,715.14,715.15,0.0,44.41,31487.14,1
2025-05-07,2025-05-07 13:14:00,715.15,715.15,715.15,715.15,0.0,44.41,31487.14,0
2025-05-07,2025-05-07 13:15:00,715.15,715.15,715.15,715.15,0.0,44.41,31487.14,0
2025-05-07,2025-05-07 13:16:00,715.15,715.15,715.15,715.15,0.0,44.41,31487.14,0
2025-05-07,2025-05-07 13:17:00,715.15,715.15,715.15,715.15,0.0,44.41,31487.14,0
2025-05-07,2025-05-07 13:18:00,715.15,715.15,715.15,715.15,0.0,44.41,31487.14,0
2025-05-07,2025-05-07 13:19:00,715.15,715.15,715.15,715.15,0.0,44.41,31487.14,0
2025-05-07,2025-05-07 13:20:00,715.15,715.15,715.15,715.15,0.0,44.41,31487.14,0
2025-05-07,2025-05-07 13:21:00,715.15,715.15,715.15,715.15,0.0,44.41,31487.14,0
2025-05-07,2025-05-07 13:22:00,715.15,715.15,715.15,715.15,0.0,44.41,31487.14,0
2025-05-07,2025-05-07 13:23:00,715.15,715.16,715.15,715.16,0.0,44.41,31487.14,1
2025-05-07,2025-05-07 13:24:00,715.16,715.16,715.16,715.16,0.0,44.41,31487.14,0
2025-05-07,2025-05-07 13:25:00,715.16,715.16,715.16,715.16,0.0,44.41,31487.14,0
2025-05-07,2025-05-07 13:26:00,715.16,715.16,715.16,715.16,0.0,44.41,31487.14,0
2025-05-07,2025-05-07 13:27:00,715.16,715.16,715.16,715.16,0.0,44.41,31487.14,0
2025-05-07,2025-05-07 13:28:00,715.16,715.16,715.16,715.16,0.0,44.41,31487.14,0
2025-05-07,2025-05-07 13:29:00,715.16,715.16,715.16,715.16,0.0,44.41,31487.14,0
2025-05-07,2025-05-07 13:30:00,715.16,715.16,715.16,715.16,0.0,44.41,31487.14,0
2025-05-07,2025-05-07 13:31:00,715.16,715.16,715.16,715.16,0.0,44.41,31487.14,0
2025-05-07,2025-05-07 13:32:00,715.16,715.17,715.16,715.17,0.0,44.41,31487.14,1
2025-05-07,2025-05-07 13:33:00,715.17,715.17,715.17,715.17,0.0,44.41,31487.14,0
2025-05-07,2025-05-07 13:34:00,715.17,715.17,715.17,715.17,0.0,44.41,31487.14,0
2025-05-07,2025-05-07 13:35:00,715.17,715.17,715.17,715.17,0.0,44.41,31487.14,0
2025-05-07,2025-05-07 13:36:00,715.17,715.17,715.17,715.17,0.0,44.41,31487.14,0
2025-05-07,2025-05-07 13:37:00,715.17,715.17,715.17,715.17,0.0,44.41,31487.14,0
2025-05-07,2025-05-07 13:38:00,715.17,715.17,715.17,715.17,0.0,44.41,31487.14,0
2025-05-07,2025-05-07 13:39:00,715.17,715.17,715.17,715.17,0.0,44.41,31487.14,0
2025-05-07,2025-05-07 13:40:00,715.17,715.17,715.17,715.17,0.0,44.41,31487.14,0
2025-05-07,2025-05-07 13:41:00,715.17,715.18,715.17,715.18,0.0,44.41,31487.14,1
2025-05-07,2025-05-07 13:42:00,715.18,715.18,715.18,715.18,0.0,44.41,31487.14,0
2025-05-07,2025-05-07 13:43:00,715.18,715.18,715.18,715.18,0.0,44.41,31487.14,0
2025-05-07,2025-05-07 13:44:00,715.18,715.18,715.18,715.18,0.0,44.41,31487.14,0
2025-05-07,2025-05-07 13:45:00,715.18,715.18,715.18,715.18,0.0,44.41,31487.14,0
2025-05-07,2025-05-07 13:46:00,715.18,715.18,715.18,715.18,0.0,44.41,31487.14,0
2025-05-07,2025-05-07 13:47:00,715.18,715.18,715.18,715.18,0.0,44.41,31487.14,0
2025-05-07,2025-05-07 13:48:00,715.18,715.18,715.18,715.18,0.0,44.41,31487.14,0
2025-05-07,2025-05-07 13:49:00,715.18,715.18,715.18,715.18,0.0,44.41,31487.14,0
2025-05-07,2025-05-07 13:50:00,715.18,715.19,715.18,715.19,0.0,44.41,31487.14,1
2025-05-07,2025-05-07 13:51:00,715.19,715.19,715.19,715.19,0.0,44.41,31487.14,0
2025-05-07,2025-05-07 13:52:00,715.19,715.19,715.19,715.19,0.0,44.41,31487.14,0
2025-05-07,2025-05-07 13:53:00,715.19,715.19,715.19,715.19,0.0,44.41,31487.14,0
2025-05-07,2025-05-07 13:54:00,715.19,715.19,715.19,715.19,0.0,44.41,31487.14,0
2025-05-07,2025-05-07 13:55:00,715.19,715.19,715.19,715.19,0.0,44.41,31487.14,0
2025-05-07,2025-05-07 13:56:00,715.19,715.19,715.19,715.19,0.0,44.41,31487.14,0
2025-05-07,2025-05-07 13:57:00,715.19,715.19,715.19,715.19,0.0,44.41,31487.14,0
2025-05-07,2025-05-07 13:58:00,715.19,715.19,715.19,715.19,0.0,44.41,31487.14,0
2025-05-07,2025-05-07 13:59:00,715.19,715.19,715.19,715.19,0.0,44.41,31487.14,0
2025-05-07,2025-05-07 14:00:00,715.19,715.2,715.19,715.2,0.0,44.41,31487.14,1
2025-05-07,2025-05-07 14:01:00,715.2,715.2,715.2,715.2,0.0,44.41,31487.14,0
2025-05-07,2025-05-07 14:02:00,715.2,715.2,715.2,715.2,0.0,44.41,31487.14,0
2025-05-07,2025-05-07 14:03:00,715.2,715.2,715.2,715.2,0.0,44.41,31487.14,0
2025-05-07,2025-05-07 14:04:00,715.2,715.2,715.2,715.2,0.0,44.41,31487.14,0
2025-05-07,2025-05-07 14:05:00,715.2,715.2,715.2,715.2,0.0,44.41,31487.14,0
2025-05-07,2025-05-07 14:06:00,715.2,715.2,715.2,715.2,0.0,44.41,31487.14,0
2025-05-07,2025-05-07 14:07:00,715.2,715.2,715.2,715.2,0.0,44.41,31487.14,0
2025-05-07,2025-05-07 14:08:00,715.2,715.2,715.2,715.2,0.0,44.41,31487.14,0
2025-05-07,2025-05-07 14:09:00,715.2,715.21,715.2,715.21,0.0,44.41,31487.14,1
2025-05-07,2025-05-07 14:10:00,715.21,715.21,715.21,715.21,0.0,44.41,31487.14,0
2025-05-07,2025-05-07 14:11:00,715.21,715.21,715.21,715.21,0.0,44.41,31487.14,0
2025-05-07,2025-05-07 14:12:00,715.21,715.21,715.21,715.21,0.0,44.41,31487.14,0
2025-05-07,2025-05-07 14:13:00,715.21,715.21,715.21,715.21,0.0,44.41,31487.14,0
2025-05-07,2025-05-07 14:14:00,715.21,715.21,715.21,715.21,0.0,44.41,31487.14,0
2025-05-07,2025-05-07 14:15:00,715.21,715.21,715.21,715.21,0.0,44.41,31487.14,0
2025-05-07,2025-05-07 14:16:00,715.21,715.21,715.21,715.21,0.0,44.41,31487.14,0
2025-05-07,2025-05-07 14:17:00,715.21,715.21,715.21,715.21,0.0,44.41,31487.14,0
2025-05-07,2025-05-07 14:18:00,715.21,715.22,715.21,715.22,0.0,44.41,31487.14,1
2025-05-07,2025-05-07 14:19:00,715.22,715.22,715.22,715.22,0.0,44.41,31487.14,0
2025-05-07,2025-05-07 14:20:00,715.22,715.22,715.22,715.22,0.0,44.41,31487.14,0
2025-05-07,2025-05-07 14:21:00,715.22,715.22,715.22,715.22,0.0,44.41,31487.14,0
2025-05-07,2025-05-07 14:22:00,715.22,715.22,715.22,715.22,0.0,44.41,31487.14,0
2025-05-07,2025-05-07 14:23:00,715.22,715.22,715.22,715.22,0.0,44.41,31487.14,0
2025-05-07,2025-05-07 14:24:00,715.22,715.22,715.22,715.22,0.0,44.41,31487.14,0
2025-05-07,2025-05-07 14:25:00,715.22,715.22,715.22,715.22,0.0,44.41,31487.14,0
2025-05-07,2025-05-07 14:26:00,715.22,715.22,715.22,715.22,0.0,44.41,31487.14,0
2025-05-07,2025-05-07 14:27:00,715.22,715.23,715.22,715.23,0.0,44.41,31487.14,1
2025-05-07,2025-05-07 14:28:00,715.23,715.23,715.23,715.23,0.0,44.41,31487.14,0
2025-05-07,2025-05-07 14:29:00,715.23,715.23,715.23,715.23,0.0,44.41,31487.14,0
2025-05-07,2025-05-07 14:30:00,715.23,715.23,715.23,715.23,0.0,44.41,31487.14,0
2025-05-07,2025-05-07 14:31:00,715.23,715.23,715.23,715.23,0.0,44.41,31487.14,0
2025-05-07,2025-05-07 14:32:00,715.23,715.23,715.23,715.23,0.0,44.41,31487.14,0
2025-05-07,2025-05-07 14:33:00,715.23,715.23,715.23,715.23,0.0,44.41,31487.14,0
2025-05-07,2025-05-07 14:34:00,715.23,715.23,715.23,715.23,0.0,44.41,31487.14,0
2025-05-07,2025-05-07 14:35:00,715.23,715.23,715.23,715.23,0.0,44.41,31487.14,0
2025-05-07,2025-05-07 14:36:00,715.23,715.24,715.23,715.24,0.0,44.41,31487.14,1
2025-05-07,2025-05-07 14:37:00,715.24,715.24,715.24,715.24,0.0,44.41,31487.14,0
2025-05-07,2025-05-07 14:38:00,715.24,715.24,715.24,715.24,0.0,44.41,31487.14,0
2025-05-07,2025-05-07 14:39:00,715.24,715.24,715.24,715.24,0.0,44.41,31487.14,0
2025-05-07,2025-05-07 14:40:00,715.24,715.24,715.24,715.24,0.0,44.41,31487.14,0
2025-05-07,2025-05-07 14:41:00,715.24,715.24,715.24,715.24,0.0,44.41,31487.14,0
2025-05-07,2025-05-07 14:42:00,715.24,715.24,715.24,715.24,0.0,44.41,31487.14,0
2025-05-07,2025-05-07 14:43:00,715.24,715.24,715.24,715.24,0.0,44.41,31487.14,0
2025-05-07,2025-05-07 14:44:00,715.24,715.24,715.24,715.24,0.0,44.41,31487.14,0
2025-05-07,2025-05-07 14:45:00,715.24,715.24,715.24,715.24,0.0,44.41,31487.14,0
2025-05-07,2025-05-07 14:46:00,715.24,715.25,715.24,715.25,0.0,44.41,31487.14,1
2025-05-07,2025-05-07 14:47:00,715.25,715.25,715.25,715.25,0.0,44.41,31487.14,0
2025-05-07,2025-05-07 14:48:00,715.25,715.25,715.25,715.25,0.0,44.41,31487.14,0
2025-05-07,2025-05-07 14:49:00,715.25,715.25,715.25,715.25,0.0,44.41,31487.14,0
2025-05-07,2025-05-07 14:50:00,715.25,715.25,715.25,715.25,0.0,44.41,31487.14,0
2025-05-07,2025-05-07 14:51:00,715.25,715.25,715.25,715.25,0.0,44.41,31487.14,0
2025-05-07,2025-05-07 14:52:00,715.25,715.25,715.25,715.25,0.0,44.41,31487.14,0
2025-05-07,2025-05-07 14:53:00,715.25,715.25,715.25,715.25,0.0,44.41,31487.14,0
2025-05-07,2025-05-07 14:54:00,715.25,715.25,715.25,715.25,0.0,44.41,31487.14,0
2025-05-07,2025-05-07 14:55:00,715.25,715.26,715.25,715.26,0.0,44.41,31487.14,1
2025-05-07,2025-05-07 14:56:00,715.26,715.26,715.26,715.26,0.0,44.41,31487.14,0
2025-05-07,2025-05-07 14:57:00,715.26,715.26,715.26,715.26,0.0,44.41,31487.14,0
2025-05-07,2025-05-07 14:58:00,715.26,715.26,715.26,715.26,0.0,44.41,31487.14,0
2025-05-07,2025-05-07 14:59:00,715.26,715.26,715.26,715.26,0.0,44.41,31487.14,0
2025-05-07,2025-05-07 15:00:00,715.26,725.0,700.1,715.26,0.0,44.41,31487.14,0
2025-05-08,2025-05-08 11:00:00,706.1,717.47,706.1,706.15,0.01,47.8,34502.45,1
2025-05-08,2025-05-08 11:01:00,706.15,706.2,706.15,706.2,0.01,47.8,34502.45,1
2025-05-08,2025-05-08 11:02:00,706.2,706.25,706.2,706.25,0.01,47.8,34502.45,1
2025-05-08,2025-05-08 11:03:00,706.25,706.29,706.25,706.29,0.01,47.8,34502.45,1
2025-05-08,2025-05-08 11:04:00,706.29,706.34,706.29,706.34,0.01,47.8,34502.45,1
2025-05-08,2025-05-08 11:05:00,706.34,706.39,706.34,706.39,0.01,47.8,34502.45,1
2025-05-08,2025-05-08 11:06:00,706.39,706.44,706.39,706.44,0.01,47.8,34502.45,1
2025-05-08,2025-05-08 11:07:00,706.44,706.49,706.44,706.49,0.01,47.8,34502.45,1
2025-05-08,2025-05-08 11:08:00,706.49,706.54,706.49,706.54,0.01,47.8,34502.45,1
2025-05-08,2025-05-08 11:09:00,706.54,706.59,706.54,706.59,0.01,47.8,34502.45,1
2025-05-08,2025-05-08 11:10:00,706.59,706.64,706.59,706.64,0.01,47.8,34502.45,1
2025-05-08,2025-05-08 11:11:00,706.64,706.68,706.64,706.68,0.01,47.8,34502.45,1
2025-05-08,2025-05-08 11:12:00,706.68,706.73,706.68,706.73,0.01,47.8,34502.45,1
2025-05-08,2025-05-08 11:13:00,706.73,706.78,706.73,706.78,0.01,47.8,34502.45,1
2025-05-08,2025-05-08 11:14:00,706.78,706.83,706.78,706.83,0.01,47.8,34502.45,1
2025-05-08,2025-05-08 11:15:00,706.83,706.88,706.83,706.88,0.01,47.8,34502.45,1
2025-05-08,2025-05-08 11:16:00,706.88,706.93,706.88,706.93,0.01,47.8,34502.45,1
2025-05-08,2025-05-08 11:17:00,706.93,706.98,706.93,706.98,0.01,47.8,34502.45,1
2025-05-08,2025-05-08 11:18:00,706.98,707.02,706.98,707.02,0.01,47.8,34502.45,1
2025-05-08,2025-05-08 11:19:00,707.02,707.07,707.02,707.07,0.01,47.8,34502.45,1
2025-05-08,2025-05-08 11:20:00,707.07,707.12,707.07,707.12,0.01,47.8,34502.45,1
2025-05-08,2025-05-08 11:21:00,707.12,707.17,707.12,707.17,0.01,47.8,34502.45,1
2025-05-08,2025-05-08 11:22:00,707.17,707.22,707.17,707.22,0.01,47.8,34502.45,1
2025-05-08,2025-05-08 11:23:00,707.22,707.27,707.22,707.27,0.01,47.8,34502.45,1
2025-05-08,2025-05-08 11:24:00,707.27,707.32,707.27,707.32,0.01,47.8,34502.45,1
2025-05-08,2025-05-08 11:25:00,707.32,707.37,707.32,707.37,0.01,47.8,34502.45,1
2025-05-08,2025-05-08 11:26:00,707.37,707.41,707.37,707.41,0.01,47.8,34502.45,1
2025-05-08,2025-05-08 11:27:00,707.41,707.46,707.41,707.46,0.01,47.8,34502.45,1
2025-05-08,2025-05-08 11:28:00,707.46,707.51,707.46,707.51,0.01,47.8,34502.45,1
2025-05-08,2025-05-08 11:29:00,707.51,707.56,707.51,707.56,0.01,47.8,34502.45,1
2025-05-08,2025-05-08 11:30:00,707.56,707.61,707.56,707.61,0.01,47.8,34502.45,1
2025-05-08,2025-05-08 11:31:00,707.61,707.66,707.61,707.66,0.01,47.8,34502.45,1
2025-05-08,2025-05-08 11:32:00,707.66,707.71,707.66,707.71,0.01,47.8,34502.45,1
2025-05-08,2025-05-08 11:33:00,707.71,707.75,707.71,707.75,0.01,47.8,34502.45,1
2025-05-08,2025-05-08 11:34:00,707.75,707.8,707.75,707.8,0.01,47.8,34502.45,1
2025-05-08,2025-05-08 11:35:00,707.8,707.85,707.8,707.85,0.01,47.8,34502.45,1
2025-05-08,2025-05-08 11:36:00,707.85,707.9,707.85,707.9,0.01,47.8,34502.45,1
2025-05-08,2025-05-08 11:37:00,707.9,707.95,707.9,707.95,0.01,47.8,34502.45,1
2025-05-08,2025-05-08 11:38:00,707.95,708.0,707.95,708.0,0.01,47.8,34502.45,1
2025-05-08,2025-05-08 11:39:00,708.0,708.05,708.0,708.05,0.01,47.8,34502.45,1
2025-05-08,2025-05-08 11:40:00,708.05,708.1,708.05,708.1,0.01,47.8,34502.45,1
2025-05-08,2025-05-08 11:41:00,708.1,708.14,708.1,708.14,0.01,47.8,34502.45,1
2025-05-08,2025-05-08 11:42:00,708.14,708.19,708.14,708.19,0.01,47.8,34502.45,1
2025-05-08,2025-05-08 11:43:00,708.19,708.24,708.19,708.24,0.01,47.8,34502.45,1
2025-05-08,2025-05-08 11:44:00,708.24,708.29,708.24,708.29,0.01,47.8,34502.45,1
2025-05-08,2025-05-08 11:45:00,708.29,708.34,708.29,708.34,0.01,47.8,34502.45,1
2025-05-08,2025-05-08 11:46:00,708.34,708.39,708.34,708.39,0.01,47.8,34502.45,1
2025-05-08,2025-05-08 11:47:00,708.39,708.44,708.39,708.44,0.01,47.8,34502.45,1
2025-05-08,2025-05-08 11:48:00,708.44,708.48,708.44,708.48,0.01,47.8,34502.45,1
2025-05-08,2025-05-08 11:49:00,708.48,708.53,708.48,708.53,0.01,47.8,34502.45,1
2025-05-08,2025-05-08 11:50:00,708.53,708.58,708.53,708.58,0.01,47.8,34502.45,1
2025-05-08,2025-05-08 11:51:00,708.58,708.63,708.58,708.63,0.01,47.8,34502.45,1
2025-05-08,2025-05-08 11:52:00,708.63,708.68,708.63,708.68,0.01,47.8,34502.45,1
2025-05-08,2025-05-08 11:53:00,708.68,708.73,708.68,708.73,0.01,47.8,34502.45,1
2025-05-08,2025-05-08 11:54:00,708.73,708.78,708.73,708.78,0.01,47.8,34502.45,1
2025-05-08,2025-05-08 11:55:00,708.78,708.83,708.78,708.83,0.01,47.8,34502.45,1
2025-05-08,2025-05-08 11:56:00,708.83,708.87,708.83,708.87,0.01,47.8,34502.45,1
2025-05-08,2025-05-08 11:57:00,708.87,708.92,708.87,708.92,0.01,47.8,34502.45,1
2025-05-08,2025-05-08 11:58:00,708.92,708.97,708.92,708.97,0.01,47.8,34502.45,1
2025-05-08,2025-05-08 11:59:00,708.97,709.02,708.97,709.02,0.01,47.8,34502.45,1
2025-05-08,2025-05-08 12:00:00,709.02,709.07,709.02,709.07,0.01,47.8,34502.45,1
2025-05-08,2025-05-08 12:01:00,709.07,709.12,709.07,709.12,0.01,47.8,34502.45,1
2025-05-08,2025-05-08 12:02:00,709.12,709.17,709.12,709.17,0.01,47.8,34502.45,1
2025-05-08,2025-05-08 12:03:00,709.17,709.21,709.17,709.21,0.01,47.8,34502.45,1
2025-05-08,2025-05-08 12:04:00,709.21,709.26,709.21,709.26,0.01,47.8,34502.45,1
2025-05-08,2025-05-08 12:05:00,709.26,709.31,709.26,709.31,0.01,47.8,34502.45,1
2025-05-08,2025-05-08 12:06:00,709.31,709.36,709.31,709.36,0.01,47.8,34502.45,1
2025-05-08,2025-05-08 12:07:00,709.36,709.41,709.36,709.41,0.01,47.8,34502.45,1
2025-05-08,2025-05-08 12:08:00,709.41,709.46,709.41,709.46,0.01,47.8,34502.45,1
2025-05-08,2025-05-08 12:09:00,709.46,709.51,709.46,709.51,0.01,47.8,34502.45,1
2025-05-08,2025-05-08 12:10:00,709.51,709.56,709.51,709.56,0.01,47.8,34502.45,1
2025-05-08,2025-05-08 12:11:00,709.56,709.6,709.56,709.6,0.01,47.8,34502.45,1
2025-05-08,2025-05-08 12:12:00,709.6,709.65,709.6,709.65,0.01,47.8,34502.45,1
2025-05-08,2025-05-08 12:13:00,709.65,709.7,709.65,709.7,0.01,47.8,34502.45,1
2025-05-08,2025-05-08 12:14:00,709.7,709.75,709.7,709.75,0.01,47.8,34502.45,1
2025-05-08,2025-05-08 12:15:00,709.75,709.8,709.75,709.8,0.01,47.8,34502.45,1
2025-05-08,2025-05-08 12:16:00,709.8,709.85,709.8,709.85,0.01,47.8,34502.45,1
2025-05-08,2025-05-08 12:17:00,709.85,709.9,709.85,709.9,0.01,47.8,34502.45,1
2025-05-08,2025-05-08 12:18:00,709.9,709.94,709.9,709.94,0.01,47.8,34502.45,1
2025-05-08,2025-05-08 12:19:00,709.94,709.99,709.94,709.99,0.01,47.8,34502.45,1
2025-05-08,2025-05-08 12:20:00,709.99,710.04,709.99,710.04,0.01,47.8,34502.45,1
2025-05-08,2025-05-08 12:21:00,710.04,710.09,710.04,710.09,0.01,47.8,34502.45,1
2025-05-08,2025-05-08 12:22:00,710.09,710.14,710.09,710.14,0.01,47.8,34502.45,1
2025-05-08,2025-05-08 12:23:00,710.14,710.19,710.14,710.19,0.01,47.8,34502.45,1
2025-05-08,2025-05-08 12:24:00,710.19,710.24,710.19,710.24,0.01,47.8,34502.45,1
2025-05-08,2025-05-08 12:25:00,710.24,710.29,710.24,710.29,0.01,47.8,34502.45,1
2025-05-08,2025-05-08 12:26:00,710.29,710.33,710.29,710.33,0.01,47.8,34502.45,1
2025-05-08,2025-05-08 12:27:00,710.33,710.38,710.33,710.38,0.01,47.8,34502.45,1
2025-05-08,2025-05-08 12:28:00,710.38,710.43,710.38,710.43,0.01,47.8,34502.45,1
2025-05-08,2025-05-08 12:29:00,710.43,710.48,710.43,710.48,0.01,47.8,34502.45,1
2025-05-08,2025-05-08 12:30:00,710.48,710.53,710.48,710.53,0.01,47.8,34502.45,1
2025-05-08,2025-05-08 12:31:00,710.53,710.58,710.53,710.58,0.01,47.8,34502.45,1
2025-05-08,2025-05-08 12:32:00,710.58,710.63,710.58,710.63,0.01,47.8,34502.45,1
2025-05-08,2025-05-08 12:33:00,710.63,710.67,710.63,710.67,0.01,47.8,34502.45,1
2025-05-08,2025-05-08 12:34:00,710.67,710.72,710.67,710.72,0.01,47.8,34502.45,1
2025-05-08,2025-05-08 12:35:00,710.72,710.77,710.72,710.77,0.01,47.8,34502.45,1
2025-05-08,2025-05-08 12:36:00,710.77,710.82,710.77,710.82,0.01,47.8,34502.45,1
2025-05-08,2025-05-08 12:37:00,710.82,710.87,710.82,710.87,0.01,47.8,34502.45,1
2025-05-08,2025-05-08 12:38:00,710.87,710.92,710.87,710.92,0.01,47.8,34502.45,1
2025-05-08,2025-05-08 12:39:00,710.92,710.97,710.92,710.97,0.01,47.8,34502.45,1
2025-05-08,2025-05-08 12:40:00,710.97,711.02,710.97,711.02,0.01,47.8,34502.45,1
2025-05-08,2025-05-08 12:41:00,711.02,711.06,711.02,711.06,0.01,47.8,34502.45,1
2025-05-08,2025-05-08 12:42:00,711.06,711.11,711.06,711.11,0.01,47.8,34502.45,1
2025-05-08,2025-05-08 12:43:00,711.11,711.16,711.11,711.16,0.01,47.8,34502.45,1
2025-05-08,2025-05-08 12:44:00,711.16,711.21,711.16,711.21,0.01,47.8,34502.45,1
2025-05-08,2025-05-08 12:45:00,711.21,711.26,711.21,711.26,0.01,47.8,34502.45,1
2025-05-08,2025-05-08 12:46:00,711.26,711.31,711.26,711.31,0.01,47.8,34502.45,1
2025-05-08,2025-05-08 12:47:00,711.31,711.36,711.31,711.36,0.01,47.8,34502.45,1
2025-05-08,2025-05-08 12:48:00,711.36,711.4,711.36,711.4,0.01,47.8,34502.45,1
2025-05-08,2025-05-08 12:49:00,711.4,711.45,711.4,711.45,0.01,47.8,34502.45,1
2025-05-08,2025-05-08 12:50:00,711.45,711.5,711.45,711.5,0.01,47.8,34502.45,1
2025-05-08,2025-05-08 12:51:00,711.5,711.55,711.5,711.55,0.01,47.8,34502.45,1
2025-05-08,2025-05-08 12:52:00,711.55,711.6,711.55,711.6,0.01,47.8,34502.45,1
2025-05-08,2025-05-08 12:53:00,711.6,711.65,711.6,711.65,0.01,47.8,34502.45,1
2025-05-08,2025-05-08 12:54:00,711.65,711.7,711.65,711.7,0.01,47.8,34502.45,1
2025-05-08,2025-05-08 12:55:00,711.7,711.75,711.7,711.75,0.01,47.8,34502.45,1
2025-05-08,2025-05-08 12:56:00,711.75,711.79,711.75,711.79,0.01,47.8,34502.45,1
2025-05-08,2025-05-08 12:57:00,711.79,711.84,711.79,711.84,0.01,47.8,34502.45,1
2025-05-08,2025-05-08 12:58:00,711.84,711.89,711.84,711.89,0.01,47.8,34502.45,1
2025-05-08,2025-05-08 12:59:00,711.89,711.94,711.89,711.94,0.01,47.8,34502.45,1
2025-05-08,2025-05-08 13:00:00,711.94,744.0,706.1,711.99,0.01,47.8,34502.45,1
2025-05-08,2025-05-08 13:01:00,711.99,712.04,711.99,712.04,0.01,47.8,34502.45,1
2025-05-08,2025-05-08 13:02:00,712.04,712.09,712.04,712.09,0.01,47.8,34502.45,1
2025-05-08,2025-05-08 13:03:00,712.09,712.13,712.09,712.13,0.01,47.8,34502.45,1
2025-05-08,2025-05-08 13:04:00,712.13,712.18,712.13,712.18,0.01,47.8,34502.45,1
2025-05-08,2025-05-08 13:05:00,712.18,712.23,712.18,712.23,0.01,47.8,34502.45,1
2025-05-08,2025-05-08 13:06:00,712.23,712.28,712.23,712.28,0.01,47.8,34502.45,1
2025-05-08,2025-05-08 13:07:00,712.28,712.33,712.28,712.33,0.01,47.8,34502.45,1
2025-05-08,2025-05-08 13:08:00,712.33,712.38,712.33,712.38,0.01,47.8,34502.45,1
2025-05-08,2025-05-08 13:09:00,712.38,712.43,712.38,712.43,0.01,47.8,34502.45,1
2025-05-08,2025-05-08 13:10:00,712.43,712.48,712.43,712.48,0.01,47.8,34502.45,1
2025-05-08,2025-05-08 13:11:00,712.48,712.52,712.48,712.52,0.01,47.8,34502.45,1
2025-05-08,2025-05-08 13:12:00,712.52,712.57,712.52,712.57,0.01,47.8,34502.45,1
2025-05-08,2025-05-08 13:13:00,712.57,712.62,712.57,712.62,0.01,47.8,34502.45,1
2025-05-08,2025-05-08 13:14:00,712.62,712.67,712.62,712.67,0.01,47.8,34502.45,1
2025-05-08,2025-05-08 13:15:00,712.67,712.72,712.67,712.72,0.01,47.8,34502.45,1
2025-05-08,2025-05-08 13:16:00,712.72,712.77,712.72,712.77,0.01,47.8,34502.45,1
2025-05-08,2025-05-08 13:17:00,712.77,712.82,712.77,712.82,0.01,47.8,34502.45,1
2025-05-08,2025-05-08 13:18:00,712.82,712.86,712.82,712.86,0.01,47.8,34502.45,1
2025-05-08,2025-05-08 13:19:00,712.86,712.91,712.86,712.91,0.01,47.8,34502.45,1
2025-05-08,2025-05-08 13:20:00,712.91,712.96,712.91,712.96,0.01,47.8,34502.45,1
2025-05-08,2025-05-08 13:21:00,712.96,713.01,712.96,713.01,0.01,47.8,34502.45,1
2025-05-08,2025-05-08 13:22:00,713.01,713.06,713.01,713.06,0.01,47.8,34502.45,1
2025-05-08,2025-05-08 13:23:00,713.06,713.11,713.06,713.11,0.01,47.8,34502.45,1
2025-05-08,2025-05-08 13:24:00,713.11,713.16,713.11,713.16,0.01,47.8,34502.45,1
2025-05-08,2025-05-08 13:25:00,713.16,713.21,713.16,713.21,0.01,47.8,34502.45,1
2025-05-08,2025-05-08 13:26:00,713.21,713.25,713.21,713.25,0.01,47.8,34502.45,1
2025-05-08,2025-05-08 13:27:00,713.25,713.3,713.25,713.3,0.01,47.8,34502.45,1
2025-05-08,2025-05-08 13:28:00,713.3,713.35,713.3,713.35,0.01,47.8,34502.45,1
2025-05-08,2025-05-08 13:29:00,713.35,713.4,713.35,713.4,0.01,47.8,34502.45,1
2025-05-08,2025-05-08 13:30:00,713.4,713.45,713.4,713.45,0.01,47.8,34502.45,1
2025-05-08,2025-05-08 13:31:00,713.45,713.5,713.45,713.5,0.01,47.8,34502.45,1
2025-05-08,2025-05-08 13:32:00,713.5,713.55,713.5,713.55,0.01,47.8,34502.45,1
2025-05-08,2025-05-08 13:33:00,713.55,713.59,713.55,713.59,0.01,47.8,34502.45,1
2025-05-08,2025-05-08 13:34:00,713.59,713.64,713.59,713.64,0.01,47.8,34502.45,1
2025-05-08,2025-05-08 13:35:00,713.64,713.69,713.64,713.69,0.01,47.8,34502.45,1
2025-05-08,2025-05-08 13:36:00,713.69,713.74,713.69,713.74,0.01,47.8,34502.45,1
2025-05-08,2025-05-08 13:37:00,713.74,713.79,713.74,713.79,0.01,47.8,34502.45,1
2025-05-08,2025-05-08 13:38:00,713.79,713.84,713.79,713.84,0.01,47.8,34502.45,1
2025-05-08,2025-05-08 13:39:00,713.84,713.89,713.84,713.89,0.01,47.8,34502.45,1
2025-05-08,2025-05-08 13:40:00,713.89,713.94,713.89,713.94,0.01,47.8,34502.45,1
2025-05-08,2025-05-08 13:41:00,713.94,713.98,713.94,713.98,0.01,47.8,34502.45,1
2025-05-08,2025-05-08 13:42:00,713.98,714.03,713.98,714.03,0.01,47.8,34502.45,1
2025-05-08,2025-05-08 13:43:00,714.03,714.08,714.03,714.08,0.01,47.8,34502.45,1
2025-05-08,2025-05-08 13:44:00,714.08,714.13,714.08,714.13,0.01,47.8,34502.45,1
2025-05-08,2025-05-08 13:45:00,714.13,714.18,714.13,714.18,0.01,47.8,34502.45,1
2025-05-08,2025-05-08 13:46:00,714.18,714.23,714.18,714.23,0.01,47.8,34502.45,1
2025-05-08,2025-05-08 13:47:00,714.23,714.28,714.23,714.28,0.01,47.8,34502.45,1
2025-05-08,2025-05-08 13:48:00,714.28,714.32,714.28,714.32,0.01,47.8,34502.45,1
2025-05-08,2025-05-08 13:49:00,714.32,714.37,714.32,714.37,0.01,47.8,34502.45,1
2025-05-08,2025-05-08 13:50:00,714.37,714.42,714.37,714.42,0.01,47.8,34502.45,1
2025-05-08,2025-05-08 13:51:00,714.42,714.47,714.42,714.47,0.01,47.8,34502.45,1
2025-05-08,2025-05-08 13:52:00,714.47,714.52,714.47,714.52,0.01,47.8,34502.45,1
2025-05-08,2025-05-08 13:53:00,714.52,714.57,714.52,714.57,0.01,47.8,34502.45,1
2025-05-08,2025-05-08 13:54:00,714.57,714.62,714.57,714.62,0.01,47.8,34502.45,1
2025-05-08,2025-05-08 13:55:00,714.62,714.67,714.62,714.67,0.01,47.8,34502.45,1
2025-05-08,2025-05-08 13:56:00,714.67,714.71,714.67,714.71,0.01,47.8,34502.45,1
2025-05-08,2025-05-08 13:57:00,714.71,714.76,714.71,714.76,0.01,47.8,34502.45,1
2025-05-08,2025-05-08 13:58:00,714.76,714.81,714.76,714.81,0.01,47.8,34502.45,1
2025-05-08,2025-05-08 13:59:00,714.81,714.86,714.81,714.86,0.01,47.8,34502.45,1
2025-05-08,2025-05-08 14:00:00,714.86,714.91,714.86,714.91,0.01,47.8,34502.45,1
2025-05-08,2025-05-08 14:01:00,714.91,714.96,714.91,714.96,0.01,47.8,34502.45,1
2025-05-08,2025-05-08 14:02:00,714.96,715.01,714.96,715.01,0.01,47.8,34502.45,1
2025-05-08,2025-05-08 14:03:00,715.01,715.05,715.01,715.05,0.01,47.8,34502.45,1
2025-05-08,2025-05-08 14:04:00,715.05,715.1,715.05,715.1,0.01,47.8,34502.45,1
2025-05-08,2025-05-08 14:05:00,715.1,715.15,715.1,715.15,0.01,47.8,34502.45,1
2025-05-08,2025-05-08 14:06:00,715.15,715.2,715.15,715.2,0.01,47.8,34502.45,1
2025-05-08,2025-05-08 14:07:00,715.2,715.25,715.2,715.25,0.01,47.8,34502.45,1
2025-05-08,2025-05-08 14:08:00,715.25,715.3,715.25,715.3,0.01,47.8,34502.45,1
2025-05-08,2025-05-08 14:09:00,715.3,715.35,715.3,715.35,0.01,47.8,34502.45,1
2025-05-08,2025-05-08 14:10:00,715.35,715.4,715.35,715.4,0.01,47.8,34502.45,1
2025-05-08,2025-05-08 14:11:00,715.4,715.44,715.4,715.44,0.01,47.8,34502.45,1
2025-05-08,2025-05-08 14:12:00,715.44,715.49,715.44,715.49,0.01,47.8,34502.45,1
2025-05-08,2025-05-08 14:13:00,715.49,715.54,715.49,715.54,0.01,47.8,34502.45,1
2025-05-08,2025-05-08 14:14:00,715.54,715.59,715.54,715.59,0.01,47.8,34502.45,1
2025-05-08,2025-05-08 14:15:00,715.59,715.64,715.59,715.64,0.01,47.8,34502.45,1
2025-05-08,2025-05-08 14:16:00,715.64,715.69,715.64,715.69,0.01,47.8,34502.45,1
2025-05-08,2025-05-08 14:17:00,715.69,715.74,715.69,715.74,0.01,47.8,34502.45,1
2025-05-08,2025-05-08 14:18:00,715.74,715.78,715.74,715.78,0.01,47.8,34502.45,1
2025-05-08,2025-05-08 14:19:00,715.78,715.83,715.78,715.83,0.01,47.8,34502.45,1
2025-05-08,2025-05-08 14:20:00,715.83,715.88,715.83,715.88,0.01,47.8,34502.45,1
2025-05-08,2025-05-08 14:21:00,715.88,715.93,715.88,715.93,0.01,47.8,34502.45,1
2025-05-08,2025-05-08 14:22:00,715.93,715.98,715.93,715.98,0.01,47.8,34502.45,1
2025-05-08,2025-05-08 14:23:00,715.98,716.03,715.98,716.03,0.01,47.8,34502.45,1
2025-05-08,2025-05-08 14:24:00,716.03,716.08,716.03,716.08,0.01,47.8,34502.45,1
2025-05-08,2025-05-08 14:25:00,716.08,716.13,716.08,716.13,0.01,47.8,34502.45,1
2025-05-08,2025-05-08 14:26:00,716.13,716.17,716.13,716.17,0.01,47.8,34502.45,1
2025-05-08,2025-05-08 14:27:00,716.17,716.22,716.17,716.22,0.01,47.8,34502.45,1
2025-05-08,2025-05-08 14:28:00,716.22,716.27,716.22,716.27,0.01,47.8,34502.45,1
2025-05-08,2025-05-08 14:29:00,716.27,716.32,716.27,716.32,0.01,47.8,34502.45,1
2025-05-08,2025-05-08 14:30:00,716.32,716.37,716.32,716.37,0.01,47.8,34502.45,1
2025-05-08,2025-05-08 14:31:00,716.37,716.42,716.37,716.42,0.01,47.8,34502.45,1
2025-05-08,2025-05-08 14:32:00,716.42,716.47,716.42,716.47,0.01,47.8,34502.45,1
2025-05-08,2025-05-08 14:33:00,716.47,716.51,716.47,716.51,0.01,47.8,34502.45,1
2025-05-08,2025-05-08 14:34:00,716.51,716.56,716.51,716.56,0.01,47.8,34502.45,1
2025-05-08,2025-05-08 14:35:00,716.56,716.61,716.56,716.61,0.01,47.8,34502.45,1
2025-05-08,2025-05-08 14:36:00,716.61,716.66,716.61,716.66,0.01,47.8,34502.45,1
2025-05-08,2025-05-08 14:37:00,716.66,716.71,716.66,716.71,0.01,47.8,34502.45,1
2025-05-08,2025-05-08 14:38:00,716.71,716.76,716.71,716.76,0.01,47.8,34502.45,1
2025-05-08,2025-05-08 14:39:00,716.76,716.81,716.76,716.81,0.01,47.8,34502.45,1
2025-05-08,2025-05-08 14:40:00,716.81,716.86,716.81,716.86,0.01,47.8,34502.45,1
2025-05-08,2025-05-08 14:41:00,716.86,716.9,716.86,716.9,0.01,47.8,34502.45,1
2025-05-08,2025-05-08 14:42:00,716.9,716.95,716.9,716.95,0.01,47.8,34502.45,1
2025-05-08,2025-05-08 14:43:00,716.95,717.0,716.95,717.0,0.01,47.8,34502.45,1
2025-05-08,2025-05-08 14:44:00,717.0,717.05,717.0,717.05,0.01,47.8,34502.45,1
2025-05-08,2025-05-08 14:45:00,717.05,717.1,717.05,717.1,0.01,47.8,34502.45,1
2025-05-08,2025-05-08 14:46:00,717.1,717.15,717.1,717.15,0.01,47.8,34502.45,1
2025-05-08,2025-05-08 14:47:00,717.15,717.2,717.15,717.2,0.01,47.8,34502.45,1
2025-05-08,2025-05-08 14:48:00,717.2,717.24,717.2,717.24,0.01,47.8,34502.45,1
2025-05-08,2025-05-08 14:49:00,717.24,717.29,717.24,717.29,0.01,47.8,34502.45,1
2025-05-08,2025-05-08 14:50:00,717.29,717.34,717.29,717.34,0.01,47.8,34502.45,1
2025-05-08,2025-05-08 14:51:00,717.34,717.39,717.34,717.39,0.01,47.8,34502.45,1
2025-05-08,2025-05-08 14:52:00,717.39,717.44,717.39,717.44,0.01,47.8,34502.45,1
2025-05-08,2025-05-08 14:53:00,717.44,717.49,717.44,717.49,0.01,47.8,34502.45,1
2025-05-08,2025-05-08 14:54:00,717.49,717.54,717.49,717.54,0.01,47.8,34502.45,1
2025-05-08,2025-05-08 14:55:00,717.54,717.59,717.54,717.59,0.01,47.8,34502.45,1
2025-05-08,2025-05-08 14:56:00,717.59,717.63,717.59,717.63,0.01,47.8,34502.45,1
2025-05-08,2025-05-08 14:57:00,717.63,717.68,717.63,717.68,0.01,47.8,34502.45,1
2025-05-08,2025-05-08 14:58:00,717.68,717.73,717.68,717.73,0.01,47.8,34502.45,1
2025-05-08,2025-05-08 14:59:00,717.73,717.78,717.73,717.78,0.01,47.8,34502.45,1
2025-05-08,2025-05-08 15:00:00,717.78,744.0,706.1,717.78,0.0,47.8,34502.45,0
2025-05-11,2025-05-11 11:00:00,720.0,722.7,712.5,719.92,-0.01,205.79,145720.99,-1
2025-05-11,2025-05-11 11:01:00,719.92,719.92,719.84,719.84,-0.01,205.79,145720.99,-1
2025-05-11,2025-05-11 11:02:00,719.84,719.84,719.76,719.76,-0.01,205.79,145720.99,-1
2025-05-11,2025-05-11 11:03:00,719.76,719.76,719.68,719.68,-0.01,205.79,145720.99,-1
2025-05-11,2025-05-11 11:04:00,719.68,719.68,719.61,719.61,-0.01,205.79,145720.99,-1
2025-05-11,2025-05-11 11:05:00,719.61,719.61,719.53,719.53,-0.01,205.79,145720.99,-1
2025-05-11,2025-05-11 11:06:00,719.53,719.53,719.45,719.45,-0.01,205.79,145720.99,-1
2025-05-11,2025-05-11 11:07:00,719.45,719.45,719.37,719.37,-0.01,205.79,145720.99,-1
2025-05-11,2025-05-11 11:08:00,719.37,719.37,719.29,719.29,-0.01,205.79,145720.99,-1
2025-05-11,2025-05-11 11:09:00,719.29,719.29,719.21,719.21,-0.01,205.79,145720.99,-1
2025-05-11,2025-05-11 11:10:00,719.21,719.21,719.13,719.13,-0.01,205.79,145720.99,-1
2025-05-11,2025-05-11 11:11:00,719.13,719.13,719.05,719.05,-0.01,205.79,145720.99,-1
2025-05-11,2025-05-11 11:12:00,719.05,719.05,718.97,718.97,-0.01,205.79,145720.99,-1
2025-05-11,2025-05-11 11:13:00,718.97,718.97,718.89,718.89,-0.01,205.79,145720.99,-1
2025-05-11,2025-05-11 11:14:00,718.89,718.89,718.82,718.82,-0.01,205.79,145720.99,-1
2025-05-11,2025-05-11 11:15:00,718.82,718.82,718.74,718.74,-0.01,205.79,145720.99,-1
2025-05-11,2025-05-11 11:16:00,718.74,718.74,718.66,718.66,-0.01,205.79,145720.99,-1
2025-05-11,2025-05-11 11:17:00,718.66,718.66,718.58,718.58,-0.01,205.79,145720.99,-1
2025-05-11,2025-05-11 11:18:00,718.58,718.58,718.5,718.5,-0.01,205.79,145720.99,-1
2025-05-11,2025-05-11 11:19:00,718.5,718.5,718.42,718.42,-0.01,205.79,145720.99,-1
2025-05-11,2025-05-11 11:20:00,718.42,718.42,718.34,718.34,-0.01,205.79,145720.99,-1
2025-05-11,2025-05-11 11:21:00,718.34,718.34,718.26,718.26,-0.01,205.79,145720.99,-1
2025-05-11,2025-05-11 11:22:00,718.26,718.26,718.18,718.18,-0.01,205.79,145720.99,-1
2025-05-11,2025-05-11 11:23:00,718.18,718.18,718.11,718.11,-0.01,205.79,145720.99,-1
2025-05-11,2025-05-11 11:24:00,718.11,718.11,718.03,718.03,-0.01,205.79,145720.99,-1
2025-05-11,2025-05-11 11:25:00,718.03,718.03,717.95,717.95,-0.01,205.79,145720.99,-1
2025-05-11,2025-05-11 11:26:00,717.95,717.95,717.87,717.87,-0.01,205.79,145720.99,-1
2025-05-11,2025-05-11 11:27:00,717.87,717.87,717.79,717.79,-0.01,205.79,145720.99,-1
2025-05-11,2025-05-11 11:28:00,717.79,717.79,717.71,717.71,-0.01,205.79,145720.99,-1
2025-05-11,2025-05-11 11:29:00,717.71,717.71,717.63,717.63,-0.01,205.79,145720.99,-1
2025-05-11,2025-05-11 11:30:00,717.63,717.63,717.55,717.55,-0.01,205.79,145720.99,-1
2025-05-11,2025-05-11 11:31:00,717.55,717.55,717.47,717.47,-0.01,205.79,145720.99,-1
2025-05-11,2025-05-11 11:32:00,717.47,717.47,717.39,717.39,-0.01,205.79,145720.99,-1
2025-05-11,2025-05-11 11:33:00,717.39,717.39,717.32,717.32,-0.01,205.79,145720.99,-1
2025-05-11,2025-05-11 11:34:00,717.32,717.32,717.24,717.24,-0.01,205.79,145720.99,-1
2025-05-11,2025-05-11 11:35:00,717.24,717.24,717.16,717.16,-0.01,205.79,145720.99,-1
2025-05-11,2025-05-11 11:36:00,717.16,717.16,717.08,717.08,-0.01,205.79,145720.99,-1
2025-05-11,2025-05-11 11:37:00,717.08,717.08,717.0,717.0,-0.01,205.79,145720.99,-1
2025-05-11,2025-05-11 11:38:00,717.0,717.0,716.92,716.92,-0.01,205.79,145720.99,-1
2025-05-11,2025-05-11 11:39:00,716.92,716.92,716.84,716.84,-0.01,205.79,145720.99,-1
2025-05-11,2025-05-11 11:40:00,716.84,716.84,716.76,716.76,-0.01,205.79,145720.99,-1
2025-05-11,2025-05-11 11:41:00,716.76,716.76,716.68,716.68,-0.01,205.79,145720.99,-1
2025-05-11,2025-05-11 11:42:00,716.68,716.68,716.6,716.6,-0.01,205.79,145720.99,-1
2025-05-11,2025-05-11 11:43:00,716.6,716.6,716.53,716.53,-0.01,205.79,145720.99,-1
2025-05-11,2025-05-11 11:44:00,716.53,716.53,716.45,716.45,-0.01,205.79,145720.99,-1
2025-05-11,2025-05-11 11:45:00,716.45,716.45,716.37,716.37,-0.01,205.79,145720.99,-1
2025-05-11,2025-05-11 11:46:00,716.37,716.37,716.29,716.29,-0.01,205.79,145720.99,-1
2025-05-11,2025-05-11 11:47:00,716.29,716.29,716.21,716.21,-0.01,205.79,145720.99,-1
2025-05-11,2025-05-11 11:48:00,716.21,716.21,716.13,716.13,-0.01,205.79,145720.99,-1
2025-05-11,2025-05-11 11:49:00,716.13,716.13,716.05,716.05,-0.01,205.79,145720.99,-1
2025-05-11,2025-05-11 11:50:00,716.05,716.05,715.97,715.97,-0.01,205.79,145720.99,-1
2025-05-11,2025-05-11 11:51:00,715.97,715.97,715.89,715.89,-0.01,205.79,145720.99,-1
2025-05-11,2025-05-11 11:52:00,715.89,715.89,715.82,715.82,-0.01,205.79,145720.99,-1
2025-05-11,2025-05-11 11:53:00,715.82,715.82,715.74,715.74,-0.01,205.79,145720.99,-1
2025-05-11,2025-05-11 11:54:00,715.74,715.74,715.66,715.66,-0.01,205.79,145720.99,-1
2025-05-11,2025-05-11 11:55:00,715.66,715.66,715.58,715.58,-0.01,205.79,145720.99,-1
2025-05-11,2025-05-11 11:56:00,715.58,715.58,715.5,715.5,-0.01,205.79,145720.99,-1
2025-05-11,2025-05-11 11:57:00,715.5,715.5,715.42,715.42,-0.01,205.79,145720.99,-1
2025-05-11,2025-05-11 11:58:00,715.42,715.42,715.34,715.34,-0.01,205.79,145720.99,-1
2025-05-11,2025-05-11 11:59:00,715.34,715.34,715.26,715.26,-0.01,205.79,145720.99,-1
2025-05-11,2025-05-11 12:00:00,715.26,715.26,715.18,715.18,-0.01,205.79,145720.99,-1
2025-05-11,2025-05-11 12:01:00,715.18,715.18,715.1,715.1,-0.01,205.79,145720.99,-1
2025-05-11,2025-05-11 12:02:00,715.1,715.1,715.03,715.03,-0.01,205.79,145720.99,-1
2025-05-11,2025-05-11 12:03:00,715.03,715.03,714.95,714.95,-0.01,205.79,145720.99,-1
2025-05-11,2025-05-11 12:04:00,714.95,714.95,714.87,714.87,-0.01,205.79,145720.99,-1
2025-05-11,2025-05-11 12:05:00,714.87,714.87,714.79,714.79,-0.01,205.79,145720.99,-1
2025-05-11,2025-05-11 12:06:00,714.79,714.79,714.71,714.71,-0.01,205.79,145720.99,-1
2025-05-11,2025-05-11 12:07:00,714.71,714.71,714.63,714.63,-0.01,205.79,145720.99,-1
2025-05-11,2025-05-11 12:08:00,714.63,714.63,714.55,714.55,-0.01,205.79,145720.99,-1
2025-05-11,2025-05-11 12:09:00,714.55,714.55,714.47,714.47,-0.01,205.79,145720.99,-1
2025-05-11,2025-05-11 12:10:00,714.47,714.47,714.39,714.39,-0.01,205.79,145720.99,-1
2025-05-11,2025-05-11 12:11:00,714.39,714.39,714.31,714.31,-0.01,205.79,145720.99,-1
2025-05-11,2025-05-11 12:12:00,714.31,714.31,714.24,714.24,-0.01,205.79,145720.99,-1
2025-05-11,2025-05-11 12:13:00,714.24,714.24,714.16,714.16,-0.01,205.79,145720.99,-1
2025-05-11,2025-05-11 12:14:00,714.16,714.16,714.08,714.08,-0.01,205.79,145720.99,-1
2025-05-11,2025-05-11 12:15:00,714.08,714.08,714.0,714.0,-0.01,205.79,145720.99,-1
2025-05-11,2025-05-11 12:16:00,714.0,714.0,713.92,713.92,-0.01,205.79,145720.99,-1
2025-05-11,2025-05-11 12:17:00,713.92,713.92,713.84,713.84,-0.01,205.79,145720.99,-1
2025-05-11,2025-05-11 12:18:00,713.84,713.84,713.76,713.76,-0.01,205.79,145720.99,-1
2025-05-11,2025-05-11 12:19:00,713.76,713.76,713.68,713.68,-0.01,205.79,145720.99,-1
2025-05-11,2025-05-11 12:20:00,713.68,713.68,713.6,713.6,-0.01,205.79,145720.99,-1
2025-05-11,2025-05-11 12:21:00,713.6,713.6,713.53,713.53,-0.01,205.79,145720.99,-1
2025-05-11,2025-05-11 12:22:00,713.53,713.53,713.45,713.45,-0.01,205.79,145720.99,-1
2025-05-11,2025-05-11 12:23:00,713.45,713.45,713.37,713.37,-0.01,205.79,145720.99,-1
2025-05-11,2025-05-11 12:24:00,713.37,713.37,713.29,713.29,-0.01,205.79,145720.99,-1
2025-05-11,2025-05-11 12:25:00,713.29,713.29,713.21,713.21,-0.01,205.79,145720.99,-1
2025-05-11,2025-05-11 12:26:00,713.21,713.21,713.13,713.13,-0.01,205.79,145720.99,-1
2025-05-11,2025-05-11 12:27:00,713.13,713.13,713.05,713.05,-0.01,205.79,145720.99,-1
2025-05-11,2025-05-11 12:28:00,713.05,713.05,712.97,712.97,-0.01,205.79,145720.99,-1
2025-05-11,2025-05-11 12:29:00,712.97,712.97,712.89,712.89,-0.01,205.79,145720.99,-1
2025-05-11,2025-05-11 12:30:00,712.89,712.89,712.81,712.81,-0.01,205.79,145720.99,-1
2025-05-11,2025-05-11 12:31:00,712.81,712.81,712.74,712.74,-0.01,205.79,145720.99,-1
2025-05-11,2025-05-11 12:32:00,712.74,712.74,712.66,712.66,-0.01,205.79,145720.99,-1
2025-05-11,2025-05-11 12:33:00,712.66,712.66,712.58,712.58,-0.01,205.79,145720.99,-1
2025-05-11,2025-05-11 12:34:00,712.58,712.58,712.5,712.5,-0.01,205.79,145720.99,-1
2025-05-11,2025-05-11 12:35:00,712.5,712.5,712.42,712.42,-0.01,205.79,145720.99,-1
2025-05-11,2025-05-11 12:36:00,712.42,712.42,712.34,712.34,-0.01,205.79,145720.99,-1
2025-05-11,2025-05-11 12:37:00,712.34,712.34,712.26,712.26,-0.01,205.79,145720.99,-1
2025-05-11,2025-05-11 12:38:00,712.26,712.26,712.18,712.18,-0.01,205.79,145720.99,-1
2025-05-11,2025-05-11 12:39:00,712.18,712.18,712.1,712.1,-0.01,205.79,145720.99,-1
2025-05-11,2025-05-11 12:40:00,712.1,712.1,712.03,712.03,-0.01,205.79,145720.99,-1
2025-05-11,2025-05-11 12:41:00,712.03,712.03,711.95,711.95,-0.01,205.79,145720.99,-1
2025-05-11,2025-05-11 12:42:00,711.95,711.95,711.87,711.87,-0.01,205.79,145720.99,-1
2025-05-11,2025-05-11 12:43:00,711.87,711.87,711.79,711.79,-0.01,205.79,145720.99,-1
2025-05-11,2025-05-11 12:44:00,711.79,711.79,711.71,711.71,-0.01,205.79,145720.99,-1
2025-05-11,2025-05-11 12:45:00,711.71,711.71,711.63,711.63,-0.01,205.79,145720.99,-1
2025-05-11,2025-05-11 12:46:00,711.63,711.63,711.55,711.55,-0.01,205.79,145720.99,-1
2025-05-11,2025-05-11 12:47:00,711.55,711.55,711.47,711.47,-0.01,205.79,145720.99,-1
2025-05-11,2025-05-11 12:48:00,711.47,711.47,711.39,711.39,-0.01,205.79,145720.99,-1
2025-05-11,2025-05-11 12:49:00,711.39,711.39,711.31,711.31,-0.01,205.79,145720.99,-1
2025-05-11,2025-05-11 12:50:00,711.31,711.31,711.24,711.24,-0.01,205.79,145720.99,-1
2025-05-11,2025-05-11 12:51:00,711.24,711.24,711.16,711.16,-0.01,205.79,145720.99,-1
2025-05-11,2025-05-11 12:52:00,711.16,711.16,711.08,711.08,-0.01,205.79,145720.99,-1
2025-05-11,2025-05-11 12:53:00,711.08,711.08,711.0,711.0,-0.01,205.79,145720.99,-1
2025-05-11,2025-05-11 12:54:00,711.0,711.0,710.92,710.92,-0.01,205.79,145720.99,-1
2025-05-11,2025-05-11 12:55:00,710.92,710.92,710.84,710.84,-0.01,205.79,145720.99,-1
2025-05-11,2025-05-11 12:56:00,710.84,710.84,710.76,710.76,-0.01,205.79,145720.99,-1
2025-05-11,2025-05-11 12:57:00,710.76,710.76,710.68,710.68,-0.01,205.79,145720.99,-1
2025-05-11,2025-05-11 12:58:00,710.68,710.68,710.6,710.6,-0.01,205.79,145720.99,-1
2025-05-11,2025-05-11 12:59:00,710.6,710.6,710.52,710.52,-0.01,205.79,145720.99,-1
2025-05-11,2025-05-11 13:00:00,710.52,729.0,695.0,710.45,-0.01,205.79,145720.99,-1
2025-05-11,2025-05-11 13:01:00,710.45,710.45,710.37,710.37,-0.01,205.79,145720.99,-1
2025-05-11,2025-05-11 13:02:00,710.37,710.37,710.29,710.29,-0.01,205.79,145720.99,-1
2025-05-11,2025-05-11 13:03:00,710.29,710.29,710.21,710.21,-0.01,205.79,145720.99,-1
2025-05-11,2025-05-11 13:04:00,710.21,710.21,710.13,710.13,-0.01,205.79,145720.99,-1
2025-05-11,2025-05-11 13:05:00,710.13,710.13,710.05,710.05,-0.01,205.79,145720.99,-1
2025-05-11,2025-05-11 13:06:00,710.05,710.05,709.97,709.97,-0.01,205.79,145720.99,-1
2025-05-11,2025-05-11 13:07:00,709.97,709.97,709.89,709.89,-0.01,205.79,145720.99,-1
2025-05-11,2025-05-11 13:08:00,709.89,709.89,709.81,709.81,-0.01,205.79,145720.99,-1
2025-05-11,2025-05-11 13:09:00,709.81,709.81,709.74,709.74,-0.01,205.79,145720.99,-1
2025-05-11,2025-05-11 13:10:00,709.74,709.74,709.66,709.66,-0.01,205.79,145720.99,-1
2025-05-11,2025-05-11 13:11:00,709.66,709.66,709.58,709.58,-0.01,205.79,145720.99,-1
2025-05-11,2025-05-11 13:12:00,709.58,709.58,709.5,709.5,-0.01,205.79,145720.99,-1
2025-05-11,2025-05-11 13:13:00,709.5,709.5,709.42,709.42,-0.01,205.79,145720.99,-1
2025-05-11,2025-05-11 13:14:00,709.42,709.42,709.34,709.34,-0.01,205.79,145720.99,-1
2025-05-11,2025-05-11 13:15:00,709.34,709.34,709.26,709.26,-0.01,205.79,145720.99,-1
2025-05-11,2025-05-11 13:16:00,709.26,709.26,709.18,709.18,-0.01,205.79,145720.99,-1
2025-05-11,2025-05-11 13:17:00,709.18,709.18,709.1,709.1,-0.01,205.79,145720.99,-1
2025-05-11,2025-05-11 13:18:00,709.1,709.1,709.02,709.02,-0.01,205.79,145720.99,-1
2025-05-11,2025-05-11 13:19:00,709.02,709.02,708.95,708.95,-0.01,205.79,145720.99,-1
2025-05-11,2025-05-11 13:20:00,708.95,708.95,708.87,708.87,-0.01,205.79,145720.99,-1
2025-05-11,2025-05-11 13:21:00,708.87,708.87,708.79,708.79,-0.01,205.79,145720.99,-1
2025-05-11,2025-05-11 13:22:00,708.79,708.79,708.71,708.71,-0.01,205.79,145720.99,-1
2025-05-11,2025-05-11 13:23:00,708.71,708.71,708.63,708.63,-0.01,205.79,145720.99,-1
2025-05-11,2025-05-11 13:24:00,708.63,708.63,708.55,708.55,-0.01,205.79,145720.99,-1
2025-05-11,2025-05-11 13:25:00,708.55,708.55,708.47,708.47,-0.01,205.79,145720.99,-1
2025-05-11,2025-05-11 13:26:00,708.47,708.47,708.39,708.39,-0.01,205.79,145720.99,-1
2025-05-11,2025-05-11 13:27:00,708.39,708.39,708.31,708.31,-0.01,205.79,145720.99,-1
2025-05-11,2025-05-11 13:28:00,708.31,708.31,708.24,708.24,-0.01,205.79,145720.99,-1
2025-05-11,2025-05-11 13:29:00,708.24,708.24,708.16,708.16,-0.01,205.79,145720.99,-1
2025-05-11,2025-05-11 13:30:00,708.16,708.16,708.08,708.08,-0.01,205.79,145720.99,-1
2025-05-11,2025-05-11 13:31:00,708.08,708.08,708.0,708.0,-0.01,205.79,145720.99,-1
2025-05-11,2025-05-11 13:32:00,708.0,708.0,707.92,707.92,-0.01,205.79,145720.99,-1
2025-05-11,2025-05-11 13:33:00,707.92,707.92,707.84,707.84,-0.01,205.79,145720.99,-1
2025-05-11,2025-05-11 13:34:00,707.84,707.84,707.76,707.76,-0.01,205.79,145720.99,-1
2025-05-11,2025-05-11 13:35:00,707.76,707.76,707.68,707.68,-0.01,205.79,145720.99,-1
2025-05-11,2025-05-11 13:36:00,707.68,707.68,707.6,707.6,-0.01,205.79,145720.99,-1
2025-05-11,2025-05-11 13:37:00,707.6,707.6,707.52,707.52,-0.01,205.79,145720.99,-1
2025-05-11,2025-05-11 13:38:00,707.52,707.52,707.45,707.45,-0.01,205.79,145720.99,-1
2025-05-11,2025-05-11 13:39:00,707.45,707.45,707.37,707.37,-0.01,205.79,145720.99,-1
2025-05-11,2025-05-11 13:40:00,707.37,707.37,707.29,707.29,-0.01,205.79,145720.99,-1
2025-05-11,2025-05-11 13:41:00,707.29,707.29,707.21,707.21,-0.01,205.79,145720.99,-1
2025-05-11,2025-05-11 13:42:00,707.21,707.21,707.13,707.13,-0.01,205.79,145720.99,-1
2025-05-11,2025-05-11 13:43:00,707.13,707.13,707.05,707.05,-0.01,205.79,145720.99,-1
2025-05-11,2025-05-11 13:44:00,707.05,707.05,706.97,706.97,-0.01,205.79,145720.99,-1
2025-05-11,2025-05-11 13:45:00,706.97,706.97,706.89,706.89,-0.01,205.79,145720.99,-1
2025-05-11,2025-05-11 13:46:00,706.89,706.89,706.81,706.81,-0.01,205.79,145720.99,-1
2025-05-11,2025-05-11 13:47:00,706.81,706.81,706.74,706.74,-0.01,205.79,145720.99,-1
2025-05-11,2025-05-11 13:48:00,706.74,706.74,706.66,706.66,-0.01,205.79,145720.99,-1
2025-05-11,2025-05-11 13:49:00,706.66,706.66,706.58,706.58,-0.01,205.79,145720.99,-1
2025-05-11,2025-05-11 13:50:00,706.58,706.58,706.5,706.5,-0.01,205.79,145720.99,-1
2025-05-11,2025-05-11 13:51:00,706.5,706.5,706.42,706.42,-0.01,205.79,145720.99,-1
2025-05-11,2025-05-11 13:52:00,706.42,706.42,706.34,706.34,-0.01,205.79,145720.99,-1
2025-05-11,2025-05-11 13:53:00,706.34,706.34,706.26,706.26,-0.01,205.79,145720.99,-1
2025-05-11,2025-05-11 13:54:00,706.26,706.26,706.18,706.18,-0.01,205.79,145720.99,-1
2025-05-11,2025-05-11 13:55:00,706.18,706.18,706.1,706.1,-0.01,205.79,145720.99,-1
2025-05-11,2025-05-11 13:56:00,706.1,706.1,706.02,706.02,-0.01,205.79,145720.99,-1
2025-05-11,2025-05-11 13:57:00,706.02,706.02,705.95,705.95,-0.01,205.79,145720.99,-1
2025-05-11,2025-05-11 13:58:00,705.95,705.95,705.87,705.87,-0.01,205.79,145720.99,-1
2025-05-11,2025-05-11 13:59:00,705.87,705.87,705.79,705.79,-0.01,205.79,145720.99,-1
2025-05-11,2025-05-11 14:00:00,705.79,705.79,705.71,705.71,-0.01,205.79,145720.99,-1
2025-05-11,2025-05-11 14:01:00,705.71,705.71,705.63,705.63,-0.01,205.79,145720.99,-1
2025-05-11,2025-05-11 14:02:00,705.63,705.63,705.55,705.55,-0.01,205.79,145720.99,-1
2025-05-11,2025-05-11 14:03:00,705.55,705.55,705.47,705.47,-0.01,205.79,145720.99,-1
2025-05-11,2025-05-11 14:04:00,705.47,705.47,705.39,705.39,-0.01,205.79,145720.99,-1
2025-05-11,2025-05-11 14:05:00,705.39,705.39,705.31,705.31,-0.01,205.79,145720.99,-1
2025-05-11,2025-05-11 14:06:00,705.31,705.31,705.23,705.23,-0.01,205.79,145720.99,-1
2025-05-11,2025-05-11 14:07:00,705.23,705.23,705.16,705.16,-0.01,205.79,145720.99,-1
2025-05-11,2025-05-11 14:08:00,705.16,705.16,705.08,705.08,-0.01,205.79,145720.99,-1
2025-05-11,2025-05-11 14:09:00,705.08,705.08,705.0,705.0,-0.01,205.79,145720.99,-1
2025-05-11,2025-05-11 14:10:00,705.0,705.0,704.92,704.92,-0.01,205.79,145720.99,-1
2025-05-11,2025-05-11 14:11:00,704.92,704.92,704.84,704.84,-0.01,205.79,145720.99,-1
2025-05-11,2025-05-11 14:12:00,704.84,704.84,704.76,704.76,-0.01,205.79,145720.99,-1
2025-05-11,2025-05-11 14:13:00,704.76,704.76,704.68,704.68,-0.01,205.79,145720.99,-1
2025-05-11,2025-05-11 14:14:00,704.68,704.68,704.6,704.6,-0.01,205.79,145720.99,-1
2025-05-11,2025-05-11 14:15:00,704.6,704.6,704.52,704.52,-0.01,205.79,145720.99,-1
2025-05-11,2025-05-11 14:16:00,704.52,704.52,704.45,704.45,-0.01,205.79,145720.99,-1
2025-05-11,2025-05-11 14:17:00,704.45,704.45,704.37,704.37,-0.01,205.79,145720.99,-1
2025-05-11,2025-05-11 14:18:00,704.37,704.37,704.29,704.29,-0.01,205.79,145720.99,-1
2025-05-11,2025-05-11 14:19:00,704.29,704.29,704.21,704.21,-0.01,205.79,145720.99,-1
2025-05-11,2025-05-11 14:20:00,704.21,704.21,704.13,704.13,-0.01,205.79,145720.99,-1
2025-05-11,2025-05-11 14:21:00,704.13,704.13,704.05,704.05,-0.01,205.79,145720.99,-1
2025-05-11,2025-05-11 14:22:00,704.05,704.05,703.97,703.97,-0.01,205.79,145720.99,-1
2025-05-11,2025-05-11 14:23:00,703.97,703.97,703.89,703.89,-0.01,205.79,145720.99,-1
2025-05-11,2025-05-11 14:24:00,703.89,703.89,703.81,703.81,-0.01,205.79,145720.99,-1
2025-05-11,2025-05-11 14:25:00,703.81,703.81,703.73,703.73,-0.01,205.79,145720.99,-1
2025-05-11,2025-05-11 14:26:00,703.73,703.73,703.66,703.66,-0.01,205.79,145720.99,-1
2025-05-11,2025-05-11 14:27:00,703.66,703.66,703.58,703.58,-0.01,205.79,145720.99,-1
2025-05-11,2025-05-11 14:28:00,703.58,703.58,703.5,703.5,-0.01,205.79,145720.99,-1
2025-05-11,2025-05-11 14:29:00,703.5,703.5,703.42,703.42,-0.01,205.79,145720.99,-1
2025-05-11,2025-05-11 14:30:00,703.42,703.42,703.34,703.34,-0.01,205.79,145720.99,-1
2025-05-11,2025-05-11 14:31:00,703.34,703.34,703.26,703.26,-0.01,205.79,145720.99,-1
2025-05-11,2025-05-11 14:32:00,703.26,703.26,703.18,703.18,-0.01,205.79,145720.99,-1
2025-05-11,2025-05-11 14:33:00,703.18,703.18,703.1,703.1,-0.01,205.79,145720.99,-1
2025-05-11,2025-05-11 14:34:00,703.1,703.1,703.02,703.02,-0.01,205.79,145720.99,-1
2025-05-11,2025-05-11 14:35:00,703.02,703.02,702.94,702.94,-0.01,205.79,145720.99,-1
2025-05-11,2025-05-11 14:36:00,702.94,702.94,702.87,702.87,-0.01,205.79,145720.99,-1
2025-05-11,2025-05-11 14:37:00,702.87,702.87,702.79,702.79,-0.01,205.79,145720.99,-1
2025-05-11,2025-05-11 14:38:00,702.79,702.79,702.71,702.71,-0.01,205.79,145720.99,-1
2025-05-11,2025-05-11 14:39:00,702.71,702.71,702.63,702.63,-0.01,205.79,145720.99,-1
2025-05-11,2025-05-11 14:40:00,702.63,702.63,702.55,702.55,-0.01,205.79,145720.99,-1
2025-05-11,2025-05-11 14:41:00,702.55,702.55,702.47,702.47,-0.01,205.79,145720.99,-1
2025-05-11,2025-05-11 14:42:00,702.47,702.47,702.39,702.39,-0.01,205.79,145720.99,-1
2025-05-11,2025-05-11 14:43:00,702.39,702.39,702.31,702.31,-0.01,205.79,145720.99,-1
2025-05-11,2025-05-11 14:44:00,702.31,702.31,702.23,702.23,-0.01,205.79,145720.99,-1
2025-05-11,2025-05-11 14:45:00,702.23,702.23,702.16,702.16,-0.01,205.79,145720.99,-1
2025-05-11,2025-05-11 14:46:00,702.16,702.16,702.08,702.08,-0.01,205.79,145720.99,-1
2025-05-11,2025-05-11 14:47:00,702.08,702.08,702.0,702.0,-0.01,205.79,145720.99,-1
2025-05-11,2025-05-11 14:48:00,702.0,702.0,701.92,701.92,-0.01,205.79,145720.99,-1
2025-05-11,2025-05-11 14:49:00,701.92,701.92,701.84,701.84,-0.01,205.79,145720.99,-1
2025-05-11,2025-05-11 14:50:00,701.84,701.84,701.76,701.76,-0.01,205.79,145720.99,-1
2025-05-11,2025-05-11 14:51:00,701.76,701.76,701.68,701.68,-0.01,205.79,145720.99,-1
2025-05-11,2025-05-11 14:52:00,701.68,701.68,701.6,701.6,-0.01,205.79,145720.99,-1
2025-05-11,2025-05-11 14:53:00,701.6,701.6,701.52,701.52,-0.01,205.79,145720.99,-1
2025-05-11,2025-05-11 14:54:00,701.52,701.52,701.44,701.44,-0.01,205.79,145720.99,-1
2025-05-11,2025-05-11 14:55:00,701.44,701.44,701.37,701.37,-0.01,205.79,145720.99,-1
2025-05-11,2025-05-11 14:56:00,701.37,701.37,701.29,701.29,-0.01,205.79,145720.99,-1
2025-05-11,2025-05-11 14:57:00,701.29,701.29,701.21,701.21,-0.01,205.79,145720.99,-1
2025-05-11,2025-05-11 14:58:00,701.21,701.21,701.13,701.13,-0.01,205.79,145720.99,-1
2025-05-11,2025-05-11 14:59:00,701.13,701.13,701.05,701.05,-0.01,205.79,145720.99,-1
2025-05-11,2025-05-11 15:00:00,701.05,729.0,695.0,701.05,0.0,205.79,145720.99,0
2025-05-13,2025-05-13 11:00:00,715.0,716.44,707.5,714.91,-0.01,41.54,28978.74,-1
2025-05-13,2025-05-13 11:01:00,714.91,714.91,714.83,714.83,-0.01,41.54,28978.74,-1
2025-05-13,2025-05-13 11:02:00,714.83,714.83,714.74,714.74,-0.01,41.54,28978.74,-1
2025-05-13,2025-05-13 11:03:00,714.74,714.74,714.66,714.66,-0.01,41.54,28978.74,-1
2025-05-13,2025-05-13 11:04:00,714.66,714.66,714.57,714.57,-0.01,41.54,28978.74,-1
2025-05-13,2025-05-13 11:05:00,714.57,714.57,714.48,714.48,-0.01,41.54,28978.74,-1
2025-05-13,2025-05-13 11:06:00,714.48,714.48,714.4,714.4,-0.01,41.54,28978.74,-1
2025-05-13,2025-05-13 11:07:00,714.4,714.4,714.31,714.31,-0.01,41.54,28978.74,-1
2025-05-13,2025-05-13 11:08:00,714.31,714.31,714.23,714.23,-0.01,41.54,28978.74,-1
2025-05-13,2025-05-13 11:09:00,714.23,714.23,714.14,714.14,-0.01,41.54,28978.74,-1
2025-05-13,2025-05-13 11:10:00,714.14,714.14,714.05,714.05,-0.01,41.54,28978.74,-1
2025-05-13,2025-05-13 11:11:00,714.05,714.05,713.97,713.97,-0.01,41.54,28978.74,-1
2025-05-13,2025-05-13 11:12:00,713.97,713.97,713.88,713.88,-0.01,41.54,28978.74,-1
2025-05-13,2025-05-13 11:13:00,713.88,713.88,713.79,713.79,-0.01,41.54,28978.74,-1
2025-05-13,2025-05-13 11:14:00,713.79,713.79,713.71,713.71,-0.01,41.54,28978.74,-1
2025-05-13,2025-05-13 11:15:00,713.71,713.71,713.62,713.62,-0.01,41.54,28978.74,-1
2025-05-13,2025-05-13 11:16:00,713.62,713.62,713.54,713.54,-0.01,41.54,28978.74,-1
2025-05-13,2025-05-13 11:17:00,713.54,713.54,713.45,713.45,-0.01,41.54,28978.74,-1
2025-05-13,2025-05-13 11:18:00,713.45,713.45,713.36,713.36,-0.01,41.54,28978.74,-1
2025-05-13,2025-05-13 11:19:00,713.36,713.36,713.28,713.28,-0.01,41.54,28978.74,-1
2025-05-13,2025-05-13 11:20:00,713.28,713.28,713.19,713.19,-0.01,41.54,28978.74,-1
2025-05-13,2025-05-13 11:21:00,713.19,713.19,713.11,713.11,-0.01,41.54,28978.74,-1
2025-05-13,2025-05-13 11:22:00,713.11,713.11,713.02,713.02,-0.01,41.54,28978.74,-1
2025-05-13,2025-05-13 11:23:00,713.02,713.02,712.93,712.93,-0.01,41.54,28978.74,-1
2025-05-13,2025-05-13 11:24:00,712.93,712.93,712.85,712.85,-0.01,41.54,28978.74,-1
2025-05-13,2025-05-13 11:25:00,712.85,712.85,712.76,712.76,-0.01,41.54,28978.74,-1
2025-05-13,2025-05-13 11:26:00,712.76,712.76,712.68,712.68,-0.01,41.54,28978.74,-1
2025-05-13,2025-05-13 11:27:00,712.68,712.68,712.59,712.59,-0.01,41.54,28978.74,-1
2025-05-13,2025-05-13 11:28:00,712.59,712.59,712.5,712.5,-0.01,41.54,28978.74,-1
2025-05-13,2025-05-13 11:29:00,712.5,712.5,712.42,712.42,-0.01,41.54,28978.74,-1
2025-05-13,2025-05-13 11:30:00,712.42,712.42,712.33,712.33,-0.01,41.54,28978.74,-1
2025-05-13,2025-05-13 11:31:00,712.33,712.33,712.25,712.25,-0.01,41.54,28978.74,-1
2025-05-13,2025-05-13 11:32:00,712.25,712.25,712.16,712.16,-0.01,41.54,28978.74,-1
2025-05-13,2025-05-13 11:33:00,712.16,712.16,712.07,712.07,-0.01,41.54,28978.74,-1
2025-05-13,2025-05-13 11:34:00,712.07,712.07,711.99,711.99,-0.01,41.54,28978.74,-1
2025-05-13,2025-05-13 11:35:00,711.99,711.99,711.9,711.9,-0.01,41.54,28978.74,-1
2025-05-13,2025-05-13 11:36:00,711.9,711.9,711.81,711.81,-0.01,41.54,28978.74,-1
2025-05-13,2025-05-13 11:37:00,711.81,711.81,711.73,711.73,-0.01,41.54,28978.74,-1
2025-05-13,2025-05-13 11:38:00,711.73,711.73,711.64,711.64,-0.01,41.54,28978.74,-1
2025-05-13,2025-05-13 11:39:00,711.64,711.64,711.56,711.56,-0.01,41.54,28978.74,-1
2025-05-13,2025-05-13 11:40:00,711.56,711.56,711.47,711.47,-0.01,41.54,28978.74,-1
2025-05-13,2025-05-13 11:41:00,711.47,711.47,711.38,711.38,-0.01,41.54,28978.74,-1
2025-05-13,2025-05-13 11:42:00,711.38,711.38,711.3,711.3,-0.01,41.54,28978.74,-1
2025-05-13,2025-05-13 11:43:00,711.3,711.3,711.21,711.21,-0.01,41.54,28978.74,-1
2025-05-13,2025-05-13 11:44:00,711.21,711.21,711.13,711.13,-0.01,41.54,28978.74,-1
2025-05-13,2025-05-13 11:45:00,711.13,711.13,711.04,711.04,-0.01,41.54,28978.74,-1
2025-05-13,2025-05-13 11:46:00,711.04,711.04,710.95,710.95,-0.01,41.54,28978.74,-1
2025-05-13,2025-05-13 11:47:00,710.95,710.95,710.87,710.87,-0.01,41.54,28978.74,-1
2025-05-13,2025-05-13 11:48:00,710.87,710.87,710.78,710.78,-0.01,41.54,28978.74,-1
2025-05-13,2025-05-13 11:49:00,710.78,710.78,710.7,710.7,-0.01,41.54,28978.74,-1
2025-05-13,2025-05-13 11:50:00,710.7,710.7,710.61,710.61,-0.01,41.54,28978.74,-1
2025-05-13,2025-05-13 11:51:00,710.61,710.61,710.52,710.52,-0.01,41.54,28978.74,-1
2025-05-13,2025-05-13 11:52:00,710.52,710.52,710.44,710.44,-0.01,41.54,28978.74,-1
2025-05-13,2025-05-13 11:53:00,710.44,710.44,710.35,710.35,-0.01,41.54,28978.74,-1
2025-05-13,2025-05-13 11:54:00,710.35,710.35,710.27,710.27,-0.01,41.54,28978.74,-1
2025-05-13,2025-05-13 11:55:00,710.27,710.27,710.18,710.18,-0.01,41.54,28978.74,-1
2025-05-13,2025-05-13 11:56:00,710.18,710.18,710.09,710.09,-0.01,41.54,28978.74,-1
2025-05-13,2025-05-13 11:57:00,710.09,710.09,710.01,710.01,-0.01,41.54,28978.74,-1
2025-05-13,2025-05-13 11:58:00,710.01,710.01,709.92,709.92,-0.01,41.54,28978.74,-1
2025-05-13,2025-05-13 11:59:00,709.92,709.92,709.84,709.84,-0.01,41.54,28978.74,-1
2025-05-13,2025-05-13 12:00:00,709.84,709.84,709.75,709.75,-0.01,41.54,28978.74,-1
2025-05-13,2025-05-13 12:01:00,709.75,709.75,709.66,709.66,-0.01,41.54,28978.74,-1
2025-05-13,2025-05-13 12:02:00,709.66,709.66,709.58,709.58,-0.01,41.54,28978.74,-1
2025-05-13,2025-05-13 12:03:00,709.58,709.58,709.49,709.49,-0.01,41.54,28978.74,-1
2025-05-13,2025-05-13 12:04:00,709.49,709.49,709.4,709.4,-0.01,41.54,28978.74,-1
2025-05-13,2025-05-13 12:05:00,709.4,709.4,709.32,709.32,-0.01,41.54,28978.74,-1
2025-05-13,2025-05-13 12:06:00,709.32,709.32,709.23,709.23,-0.01,41.54,28978.74,-1
2025-05-13,2025-05-13 12:07:00,709.23,709.23,709.15,709.15,-0.01,41.54,28978.74,-1
2025-05-13,2025-05-13 12:08:00,709.15,709.15,709.06,709.06,-0.01,41.54,28978.74,-1
2025-05-13,2025-05-13 12:09:00,709.06,709.06,708.97,708.97,-0.01,41.54,28978.74,-1
2025-05-13,2025-05-13 12:10:00,708.97,708.97,708.89,708.89,-0.01,41.54,28978.74,-1
2025-05-13,2025-05-13 12:11:00,708.89,708.89,708.8,708.8,-0.01,41.54,28978.74,-1
2025-05-13,2025-05-13 12:12:00,708.8,708.8,708.72,708.72,-0.01,41.54,28978.74,-1
2025-05-13,2025-05-13 12:13:00,708.72,708.72,708.63,708.63,-0.01,41.54,28978.74,-1
2025-05-13,2025-05-13 12:14:00,708.63,708.63,708.54,708.54,-0.01,41.54,28978.74,-1
2025-05-13,2025-05-13 12:15:00,708.54,708.54,708.46,708.46,-0.01,41.54,28978.74,-1
2025-05-13,2025-05-13 12:16:00,708.46,708.46,708.37,708.37,-0.01,41.54,28978.74,-1
2025-05-13,2025-05-13 12:17:00,708.37,708.37,708.29,708.29,-0.01,41.54,28978.74,-1
2025-05-13,2025-05-13 12:18:00,708.29,708.29,708.2,708.2,-0.01,41.54,28978.74,-1
2025-05-13,2025-05-13 12:19:00,708.2,708.2,708.11,708.11,-0.01,41.54,28978.74,-1
2025-05-13,2025-05-13 12:20:00,708.11,708.11,708.03,708.03,-0.01,41.54,28978.74,-1
2025-05-13,2025-05-13 12:21:00,708.03,708.03,707.94,707.94,-0.01,41.54,28978.74,-1
2025-05-13,2025-05-13 12:22:00,707.94,707.94,707.86,707.86,-0.01,41.54,28978.74,-1
2025-05-13,2025-05-13 12:23:00,707.86,707.86,707.77,707.77,-0.01,41.54,28978.74,-1
2025-05-13,2025-05-13 12:24:00,707.77,707.77,707.68,707.68,-0.01,41.54,28978.74,-1
2025-05-13,2025-05-13 12:25:00,707.68,707.68,707.6,707.6,-0.01,41.54,28978.74,-1
2025-05-13,2025-05-13 12:26:00,707.6,707.6,707.51,707.51,-0.01,41.54,28978.74,-1
2025-05-13,2025-05-13 12:27:00,707.51,707.51,707.42,707.42,-0.01,41.54,28978.74,-1
2025-05-13,2025-05-13 12:28:00,707.42,707.42,707.34,707.34,-0.01,41.54,28978.74,-1
2025-05-13,2025-05-13 12:29:00,707.34,707.34,707.25,707.25,-0.01,41.54,28978.74,-1
2025-05-13,2025-05-13 12:30:00,707.25,707.25,707.17,707.17,-0.01,41.54,28978.74,-1
2025-05-13,2025-05-13 12:31:00,707.17,707.17,707.08,707.08,-0.01,41.54,28978.74,-1
2025-05-13,2025-05-13 12:32:00,707.08,707.08,706.99,706.99,-0.01,41.54,28978.74,-1
2025-05-13,2025-05-13 12:33:00,706.99,706.99,706.91,706.91,-0.01,41.54,28978.74,-1
2025-05-13,2025-05-13 12:34:00,706.91,706.91,706.82,706.82,-0.01,41.54,28978.74,-1
2025-05-13,2025-05-13 12:35:00,706.82,706.82,706.74,706.74,-0.01,41.54,28978.74,-1
2025-05-13,2025-05-13 12:36:00,706.74,706.74,706.65,706.65,-0.01,41.54,28978.74,-1
2025-05-13,2025-05-13 12:37:00,706.65,706.65,706.56,706.56,-0.01,41.54,28978.74,-1
2025-05-13,2025-05-13 12:38:00,706.56,706.56,706.48,706.48,-0.01,41.54,28978.74,-1
2025-05-13,2025-05-13 12:39:00,706.48,706.48,706.39,706.39,-0.01,41.54,28978.74,-1
2025-05-13,2025-05-13 12:40:00,706.39,706.39,706.31,706.31,-0.01,41.54,28978.74,-1
2025-05-13,2025-05-13 12:41:00,706.31,706.31,706.22,706.22,-0.01,41.54,28978.74,-1
2025-05-13,2025-05-13 12:42:00,706.22,706.22,706.13,706.13,-0.01,41.54,28978.74,-1
2025-05-13,2025-05-13 12:43:00,706.13,706.13,706.05,706.05,-0.01,41.54,28978.74,-1
2025-05-13,2025-05-13 12:44:00,706.05,706.05,705.96,705.96,-0.01,41.54,28978.74,-1
2025-05-13,2025-05-13 12:45:00,705.96,705.96,705.88,705.88,-0.01,41.54,28978.74,-1
2025-05-13,2025-05-13 12:46:00,705.88,705.88,705.79,705.79,-0.01,41.54,28978.74,-1
2025-05-13,2025-05-13 12:47:00,705.79,705.79,705.7,705.7,-0.01,41.54,28978.74,-1
2025-05-13,2025-05-13 12:48:00,705.7,705.7,705.62,705.62,-0.01,41.54,28978.74,-1
2025-05-13,2025-05-13 12:49:00,705.62,705.62,705.53,705.53,-0.01,41.54,28978.74,-1
2025-05-13,2025-05-13 12:50:00,705.53,705.53,705.44,705.44,-0.01,41.54,28978.74,-1
2025-05-13,2025-05-13 12:51:00,705.44,705.44,705.36,705.36,-0.01,41.54,28978.74,-1
2025-05-13,2025-05-13 12:52:00,705.36,705.36,705.27,705.27,-0.01,41.54,28978.74,-1
2025-05-13,2025-05-13 12:53:00,705.27,705.27,705.19,705.19,-0.01,41.54,28978.74,-1
2025-05-13,2025-05-13 12:54:00,705.19,705.19,705.1,705.1,-0.01,41.54,28978.74,-1
2025-05-13,2025-05-13 12:55:00,705.1,705.1,705.01,705.01,-0.01,41.54,28978.74,-1
2025-05-13,2025-05-13 12:56:00,705.01,705.01,704.93,704.93,-0.01,41.54,28978.74,-1
2025-05-13,2025-05-13 12:57:00,704.93,704.93,704.84,704.84,-0.01,41.54,28978.74,-1
2025-05-13,2025-05-13 12:58:00,704.84,704.84,704.76,704.76,-0.01,41.54,28978.74,-1
2025-05-13,2025-05-13 12:59:00,704.76,704.76,704.67,704.67,-0.01,41.54,28978.74,-1
2025-05-13,2025-05-13 13:00:00,704.67,719.8,690.0,704.58,-0.01,41.54,28978.74,-1
2025-05-13,2025-05-13 13:01:00,704.58,704.58,704.5,704.5,-0.01,41.54,28978.74,-1
2025-05-13,2025-05-13 13:02:00,704.5,704.5,704.41,704.41,-0.01,41.54,28978.74,-1
2025-05-13,2025-05-13 13:03:00,704.41,704.41,704.33,704.33,-0.01,41.54,28978.74,-1
2025-05-13,2025-05-13 13:04:00,704.33,704.33,704.24,704.24,-0.01,41.54,28978.74,-1
2025-05-13,2025-05-13 13:05:00,704.24,704.24,704.15,704.15,-0.01,41.54,28978.74,-1
2025-05-13,2025-05-13 13:06:00,704.15,704.15,704.07,704.07,-0.01,41.54,28978.74,-1
2025-05-13,2025-05-13 13:07:00,704.07,704.07,703.98,703.98,-0.01,41.54,28978.74,-1
2025-05-13,2025-05-13 13:08:00,703.98,703.98,703.9,703.9,-0.01,41.54,28978.74,-1
2025-05-13,2025-05-13 13:09:00,703.9,703.9,703.81,703.81,-0.01,41.54,28978.74,-1
2025-05-13,2025-05-13 13:10:00,703.81,703.81,703.72,703.72,-0.01,41.54,28978.74,-1
2025-05-13,2025-05-13 13:11:00,703.72,703.72,703.64,703.64,-0.01,41.54,28978.74,-1
2025-05-13,2025-05-13 13:12:00,703.64,703.64,703.55,703.55,-0.01,41.54,28978.74,-1
2025-05-13,2025-05-13 13:13:00,703.55,703.55,703.46,703.46,-0.01,41.54,28978.74,-1
2025-05-13,2025-05-13 13:14:00,703.46,703.46,703.38,703.38,-0.01,41.54,28978.74,-1
2025-05-13,2025-05-13 13:15:00,703.38,703.38,703.29,703.29,-0.01,41.54,28978.74,-1
2025-05-13,2025-05-13 13:16:00,703.29,703.29,703.21,703.21,-0.01,41.54,28978.74,-1
2025-05-13,2025-05-13 13:17:00,703.21,703.21,703.12,703.12,-0.01,41.54,28978.74,-1
2025-05-13,2025-05-13 13:18:00,703.12,703.12,703.03,703.03,-0.01,41.54,28978.74,-1
2025-05-13,2025-05-13 13:19:00,703.03,703.03,702.95,702.95,-0.01,41.54,28978.74,-1
2025-05-13,2025-05-13 13:20:00,702.95,702.95,702.86,702.86,-0.01,41.54,28978.74,-1
2025-05-13,2025-05-13 13:21:00,702.86,702.86,702.78,702.78,-0.01,41.54,28978.74,-1
2025-05-13,2025-05-13 13:22:00,702.78,702.78,702.69,702.69,-0.01,41.54,28978.74,-1
2025-05-13,2025-05-13 13:23:00,702.69,702.69,702.6,702.6,-0.01,41.54,28978.74,-1
2025-05-13,2025-05-13 13:24:00,702.6,702.6,702.52,702.52,-0.01,41.54,28978.74,-1
2025-05-13,2025-05-13 13:25:00,702.52,702.52,702.43,702.43,-0.01,41.54,28978.74,-1
2025-05-13,2025-05-13 13:26:00,702.43,702.43,702.35,702.35,-0.01,41.54,28978.74,-1
2025-05-13,2025-05-13 13:27:00,702.35,702.35,702.26,702.26,-0.01,41.54,28978.74,-1
2025-05-13,2025-05-13 13:28:00,702.26,702.26,702.17,702.17,-0.01,41.54,28978.74,-1
2025-05-13,2025-05-13 13:29:00,702.17,702.17,702.09,702.09,-0.01,41.54,28978.74,-1
2025-05-13,2025-05-13 13:30:00,702.09,702.09,702.0,702.0,-0.01,41.54,28978.74,-1
2025-05-13,2025-05-13 13:31:00,702.0,702.0,701.92,701.92,-0.01,41.54,28978.74,-1
2025-05-13,2025-05-13 13:32:00,701.92,701.92,701.83,701.83,-0.01,41.54,28978.74,-1
2025-05-13,2025-05-13 13:33:00,701.83,701.83,701.74,701.74,-0.01,41.54,28978.74,-1
2025-05-13,2025-05-13 13:34:00,701.74,701.74,701.66,701.66,-0.01,41.54,28978.74,-1
2025-05-13,2025-05-13 13:35:00,701.66,701.66,701.57,701.57,-0.01,41.54,28978.74,-1
2025-05-13,2025-05-13 13:36:00,701.57,701.57,701.48,701.48,-0.01,41.54,28978.74,-1
2025-05-13,2025-05-13 13:37:00,701.48,701.48,701.4,701.4,-0.01,41.54,28978.74,-1
2025-05-13,2025-05-13 13:38:00,701.4,701.4,701.31,701.31,-0.01,41.54,28978.74,-1
2025-05-13,2025-05-13 13:39:00,701.31,701.31,701.23,701.23,-0.01,41.54,28978.74,-1
2025-05-13,2025-05-13 13:40:00,701.23,701.23,701.14,701.14,-0.01,41.54,28978.74,-1
2025-05-13,2025-05-13 13:41:00,701.14,701.14,701.05,701.05,-0.01,41.54,28978.74,-1
2025-05-13,2025-05-13 13:42:00,701.05,701.05,700.97,700.97,-0.01,41.54,28978.74,-1
2025-05-13,2025-05-13 13:43:00,700.97,700.97,700.88,700.88,-0.01,41.54,28978.74,-1
2025-05-13,2025-05-13 13:44:00,700.88,700.88,700.8,700.8,-0.01,41.54,28978.74,-1
2025-05-13,2025-05-13 13:45:00,700.8,700.8,700.71,700.71,-0.01,41.54,28978.74,-1
2025-05-13,2025-05-13 13:46:00,700.71,700.71,700.62,700.62,-0.01,41.54,28978.74,-1
2025-05-13,2025-05-13 13:47:00,700.62,700.62,700.54,700.54,-0.01,41.54,28978.74,-1
2025-05-13,2025-05-13 13:48:00,700.54,700.54,700.45,700.45,-0.01,41.54,28978.74,-1
2025-05-13,2025-05-13 13:49:00,700.45,700.45,700.37,700.37,-0.01,41.54,28978.74,-1
2025-05-13,2025-05-13 13:50:00,700.37,700.37,700.28,700.28,-0.01,41.54,28978.74,-1
2025-05-13,2025-05-13 13:51:00,700.28,700.28,700.19,700.19,-0.01,41.54,28978.74,-1
2025-05-13,2025-05-13 13:52:00,700.19,700.19,700.11,700.11,-0.01,41.54,28978.74,-1
2025-05-13,2025-05-13 13:53:00,700.11,700.11,700.02,700.02,-0.01,41.54,28978.74,-1
2025-05-13,2025-05-13 13:54:00,700.02,700.02,699.94,699.94,-0.01,41.54,28978.74,-1
2025-05-13,2025-05-13 13:55:00,699.94,699.94,699.85,699.85,-0.01,41.54,28978.74,-1
2025-05-13,2025-05-13 13:56:00,699.85,699.85,699.76,699.76,-0.01,41.54,28978.74,-1
2025-05-13,2025-05-13 13:57:00,699.76,699.76,699.68,699.68,-0.01,41.54,28978.74,-1
2025-05-13,2025-05-13 13:58:00,699.68,699.68,699.59,699.59,-0.01,41.54,28978.74,-1
2025-05-13,2025-05-13 13:59:00,699.59,699.59,699.5,699.5,-0.01,41.54,28978.74,-1
2025-05-13,2025-05-13 14:00:00,699.5,699.5,699.42,699.42,-0.01,41.54,28978.74,-1
2025-05-13,2025-05-13 14:01:00,699.42,699.42,699.33,699.33,-0.01,41.54,28978.74,-1
2025-05-13,2025-05-13 14:02:00,699.33,699.33,699.25,699.25,-0.01,41.54,28978.74,-1
2025-05-13,2025-05-13 14:03:00,699.25,699.25,699.16,699.16,-0.01,41.54,28978.74,-1
2025-05-13,2025-05-13 14:04:00,699.16,699.16,699.07,699.07,-0.01,41.54,28978.74,-1
2025-05-13,2025-05-13 14:05:00,699.07,699.07,698.99,698.99,-0.01,41.54,28978.74,-1
2025-05-13,2025-05-13 14:06:00,698.99,698.99,698.9,698.9,-0.01,41.54,28978.74,-1
2025-05-13,2025-05-13 14:07:00,698.9,698.9,698.82,698.82,-0.01,41.54,28978.74,-1
2025-05-13,2025-05-13 14:08:00,698.82,698.82,698.73,698.73,-0.01,41.54,28978.74,-1
2025-05-13,2025-05-13 14:09:00,698.73,698.73,698.64,698.64,-0.01,41.54,28978.74,-1
2025-05-13,2025-05-13 14:10:00,698.64,698.64,698.56,698.56,-0.01,41.54,28978.74,-1
2025-05-13,2025-05-13 14:11:00,698.56,698.56,698.47,698.47,-0.01,41.54,28978.74,-1
2025-05-13,2025-05-13 14:12:00,698.47,698.47,698.39,698.39,-0.01,41.54,28978.74,-1
2025-05-13,2025-05-13 14:13:00,698.39,698.39,698.3,698.3,-0.01,41.54,28978.74,-1
2025-05-13,2025-05-13 14:14:00,698.3,698.3,698.21,698.21,-0.01,41.54,28978.74,-1
2025-05-13,2025-05-13 14:15:00,698.21,698.21,698.13,698.13,-0.01,41.54,28978.74,-1
2025-05-13,2025-05-13 14:16:00,698.13,698.13,698.04,698.04,-0.01,41.54,28978.74,-1
2025-05-13,2025-05-13 14:17:00,698.04,698.04,697.96,697.96,-0.01,41.54,28978.74,-1
2025-05-13,2025-05-13 14:18:00,697.96,697.96,697.87,697.87,-0.01,41.54,28978.74,-1
2025-05-13,2025-05-13 14:19:00,697.87,697.87,697.78,697.78,-0.01,41.54,28978.74,-1
2025-05-13,2025-05-13 14:20:00,697.78,697.78,697.7,697.7,-0.01,41.54,28978.74,-1
2025-05-13,2025-05-13 14:21:00,697.7,697.7,697.61,697.61,-0.01,41.54,28978.74,-1
2025-05-13,2025-05-13 14:22:00,697.61,697.61,697.53,697.53,-0.01,41.54,28978.74,-1
2025-05-13,2025-05-13 14:23:00,697.53,697.53,697.44,697.44,-0.01,41.54,28978.74,-1
2025-05-13,2025-05-13 14:24:00,697.44,697.44,697.35,697.35,-0.01,41.54,28978.74,-1
2025-05-13,2025-05-13 14:25:00,697.35,697.35,697.27,697.27,-0.01,41.54,28978.74,-1
2025-05-13,2025-05-13 14:26:00,697.27,697.27,697.18,697.18,-0.01,41.54,28978.74,-1
2025-05-13,2025-05-13 14:27:00,697.18,697.18,697.09,697.09,-0.01,41.54,28978.74,-1
2025-05-13,2025-05-13 14:28:00,697.09,697.09,697.01,697.01,-0.01,41.54,28978.74,-1
2025-05-13,2025-05-13 14:29:00,697.01,697.01,696.92,696.92,-0.01,41.54,28978.74,-1
2025-05-13,2025-05-13 14:30:00,696.92,696.92,696.84,696.84,-0.01,41.54,28978.74,-1
2025-05-13,2025-05-13 14:31:00,696.84,696.84,696.75,696.75,-0.01,41.54,28978.74,-1
2025-05-13,2025-05-13 14:32:00,696.75,696.75,696.66,696.66,-0.01,41.54,28978.74,-1
2025-05-13,2025-05-13 14:33:00,696.66,696.66,696.58,696.58,-0.01,41.54,28978.74,-1
2025-05-13,2025-05-13 14:34:00,696.58,696.58,696.49,696.49,-0.01,41.54,28978.74,-1
2025-05-13,2025-05-13 14:35:00,696.49,696.49,696.41,696.41,-0.01,41.54,28978.74,-1
2025-05-13,2025-05-13 14:36:00,696.41,696.41,696.32,696.32,-0.01,41.54,28978.74,-1
2025-05-13,2025-05-13 14:37:00,696.32,696.32,696.23,696.23,-0.01,41.54,28978.74,-1
2025-05-13,2025-05-13 14:38:00,696.23,696.23,696.15,696.15,-0.01,41.54,28978.74,-1
2025-05-13,2025-05-13 14:39:00,696.15,696.15,696.06,696.06,-0.01,41.54,28978.74,-1
2025-05-13,2025-05-13 14:40:00,696.06,696.06,695.98,695.98,-0.01,41.54,28978.74,-1
2025-05-13,2025-05-13 14:41:00,695.98,695.98,695.89,695.89,-0.01,41.54,28978.74,-1
2025-05-13,2025-05-13 14:42:00,695.89,695.89,695.8,695.8,-0.01,41.54,28978.74,-1
2025-05-13,2025-05-13 14:43:00,695.8,695.8,695.72,695.72,-0.01,41.54,28978.74,-1
2025-05-13,2025-05-13 14:44:00,695.72,695.72,695.63,695.63,-0.01,41.54,28978.74,-1
2025-05-13,2025-05-13 14:45:00,695.63,695.63,695.55,695.55,-0.01,41.54,28978.74,-1
2025-05-13,2025-05-13 14:46:00,695.55,695.55,695.46,695.46,-0.01,41.54,28978.74,-1
2025-05-13,2025-05-13 14:47:00,695.46,695.46,695.37,695.37,-0.01,41.54,28978.74,-1
2025-05-13,2025-05-13 14:48:00,695.37,695.37,695.29,695.29,-0.01,41.54,28978.74,-1
2025-05-13,2025-05-13 14:49:00,695.29,695.29,695.2,695.2,-0.01,41.54,28978.74,-1
2025-05-13,2025-05-13 14:50:00,695.2,695.2,695.11,695.11,-0.01,41.54,28978.74,-1
2025-05-13,2025-05-13 14:51:00,695.11,695.11,695.03,695.03,-0.01,41.54,28978.74,-1
2025-05-13,2025-05-13 14:52:00,695.03,695.03,694.94,694.94,-0.01,41.54,28978.74,-1
2025-05-13,2025-05-13 14:53:00,694.94,694.94,694.86,694.86,-0.01,41.54,28978.74,-1
2025-05-13,2025-05-13 14:54:00,694.86,694.86,694.77,694.77,-0.01,41.54,28978.74,-1
2025-05-13,2025-05-13 14:55:00,694.77,694.77,694.68,694.68,-0.01,41.54,28978.74,-1
2025-05-13,2025-05-13 14:56:00,694.68,694.68,694.6,694.6,-0.01,41.54,28978.74,-1
2025-05-13,2025-05-13 14:57:00,694.6,694.6,694.51,694.51,-0.01,41.54,28978.74,-1
2025-05-13,2025-05-13 14:58:00,694.51,694.51,694.43,694.43,-0.01,41.54,28978.74,-1
2025-05-13,2025-05-13 14:59:00,694.43,694.43,694.34,694.34,-0.01,41.54,28978.74,-1
2025-05-13,2025-05-13 15:00:00,694.34,719.8,690.0,694.34,0.0,41.54,28978.74,0
2025-05-14,2025-05-14 11:00:00,681.1,692.77,679.27,681.09,-0.0,54.28,37174.79,-1
2025-05-14,2025-05-14 11:01:00,681.09,681.09,681.08,681.08,-0.0,54.28,37174.79,-1
2025-05-14,2025-05-14 11:02:00,681.08,681.08,681.07,681.07,-0.0,54.28,37174.79,-1
2025-05-14,2025-05-14 11:03:00,681.07,681.07,681.06,681.06,-0.0,54.28,37174.79,-1
2025-05-14,2025-05-14 11:04:00,681.06,681.06,681.05,681.05,-0.0,54.28,37174.79,-1
2025-05-14,2025-05-14 11:05:00,681.05,681.05,681.04,681.04,-0.0,54.28,37174.79,-1
2025-05-14,2025-05-14 11:06:00,681.04,681.04,681.03,681.03,-0.0,54.28,37174.79,-1
2025-05-14,2025-05-14 11:07:00,681.03,681.03,681.02,681.02,-0.0,54.28,37174.79,-1
2025-05-14,2025-05-14 11:08:00,681.02,681.02,681.01,681.01,-0.0,54.28,37174.79,-1
2025-05-14,2025-05-14 11:09:00,681.01,681.01,681.0,681.0,-0.0,54.28,37174.79,-1
2025-05-14,2025-05-14 11:10:00,681.0,681.0,680.99,680.99,-0.0,54.28,37174.79,-1
2025-05-14,2025-05-14 11:11:00,680.99,680.99,680.98,680.98,-0.0,54.28,37174.79,-1
2025-05-14,2025-05-14 11:12:00,680.98,680.98,680.97,680.97,-0.0,54.28,37174.79,-1
2025-05-14,2025-05-14 11:13:00,680.97,680.97,680.96,680.96,-0.0,54.28,37174.79,-1
2025-05-14,2025-05-14 11:14:00,680.96,680.96,680.95,680.95,-0.0,54.28,37174.79,-1
2025-05-14,2025-05-14 11:15:00,680.95,680.95,680.94,680.94,-0.0,54.28,37174.79,-1
2025-05-14,2025-05-14 11:16:00,680.94,680.94,680.93,680.93,-0.0,54.28,37174.79,-1
2025-05-14,2025-05-14 11:17:00,680.93,680.93,680.92,680.92,-0.0,54.28,37174.79,-1
2025-05-14,2025-05-14 11:18:00,680.92,680.92,680.91,680.91,-0.0,54.28,37174.79,-1
2025-05-14,2025-05-14 11:19:00,680.91,680.91,680.9,680.9,-0.0,54.28,37174.79,-1
2025-05-14,2025-05-14 11:20:00,680.9,680.9,680.89,680.89,-0.0,54.28,37174.79,-1
2025-05-14,2025-05-14 11:21:00,680.89,680.89,680.88,680.88,-0.0,54.28,37174.79,-1
2025-05-14,2025-05-14 11:22:00,680.88,680.88,680.87,680.87,-0.0,54.28,37174.79,-1
2025-05-14,2025-05-14 11:23:00,680.87,680.87,680.86,680.86,-0.0,54.28,37174.79,-1
2025-05-14,2025-05-14 11:24:00,680.86,680.86,680.85,680.85,-0.0,54.28,37174.79,-1
2025-05-14,2025-05-14 11:25:00,680.85,680.85,680.84,680.84,-0.0,54.28,37174.79,-1
2025-05-14,2025-05-14 11:26:00,680.84,680.84,680.83,680.83,-0.0,54.28,37174.79,-1
2025-05-14,2025-05-14 11:27:00,680.83,680.83,680.82,680.82,-0.0,54.28,37174.79,-1
2025-05-14,2025-05-14 11:28:00,680.82,680.82,680.81,680.81,-0.0,54.28,37174.79,-1
2025-05-14,2025-05-14 11:29:00,680.81,680.81,680.81,680.81,0.0,54.28,37174.79,0
2025-05-14,2025-05-14 11:30:00,680.81,680.81,680.8,680.8,-0.0,54.28,37174.79,-1
2025-05-14,2025-05-14 11:31:00,680.8,680.8,680.79,680.79,-0.0,54.28,37174.79,-1
2025-05-14,2025-05-14 11:32:00,680.79,680.79,680.78,680.78,-0.0,54.28,37174.79,-1
2025-05-14,2025-05-14 11:33:00,680.78,680.78,680.77,680.77,-0.0,54.28,37174.79,-1
2025-05-14,2025-05-14 11:34:00,680.77,680.77,680.76,680.76,-0.0,54.28,37174.79,-1
2025-05-14,2025-05-14 11:35:00,680.76,680.76,680.75,680.75,-0.0,54.28,37174.79,-1
2025-05-14,2025-05-14 11:36:00,680.75,680.75,680.74,680.74,-0.0,54.28,37174.79,-1
2025-05-14,2025-05-14 11:37:00,680.74,680.74,680.73,680.73,-0.0,54.28,37174.79,-1
2025-05-14,2025-05-14 11:38:00,680.73,680.73,680.72,680.72,-0.0,54.28,37174.79,-1
2025-05-14,2025-05-14 11:39:00,680.72,680.72,680.71,680.71,-0.0,54.28,37174.79,-1
2025-05-14,2025-05-14 11:40:00,680.71,680.71,680.7,680.7,-0.0,54.28,37174.79,-1
2025-05-14,2025-05-14 11:41:00,680.7,680.7,680.69,680.69,-0.0,54.28,37174.79,-1
2025-05-14,2025-05-14 11:42:00,680.69,680.69,680.68,680.68,-0.0,54.28,37174.79,-1
2025-05-14,2025-05-14 11:43:00,680.68,680.68,680.67,680.67,-0.0,54.28,37174.79,-1
2025-05-14,2025-05-14 11:44:00,680.67,680.67,680.66,680.66,-0.0,54.28,37174.79,-1
2025-05-14,2025-05-14 11:45:00,680.66,680.66,680.65,680.65,-0.0,54.28,37174.79,-1
2025-05-14,2025-05-14 11:46:00,680.65,680.65,680.64,680.64,-0.0,54.28,37174.79,-1
2025-05-14,2025-05-14 11:47:00,680.64,680.64,680.63,680.63,-0.0,54.28,37174.79,-1
2025-05-14,2025-05-14 11:48:00,680.63,680.63,680.62,680.62,-0.0,54.28,37174.79,-1
2025-05-14,2025-05-14 11:49:00,680.62,680.62,680.61,680.61,-0.0,54.28,37174.79,-1
2025-05-14,2025-05-14 11:50:00,680.61,680.61,680.6,680.6,-0.0,54.28,37174.79,-1
2025-05-14,2025-05-14 11:51:00,680.6,680.6,680.59,680.59,-0.0,54.28,37174.79,-1
2025-05-14,2025-05-14 11:52:00,680.59,680.59,680.58,680.58,-0.0,54.28,37174.79,-1
2025-05-14,2025-05-14 11:53:00,680.58,680.58,680.57,680.57,-0.0,54.28,37174.79,-1
2025-05-14,2025-05-14 11:54:00,680.57,680.57,680.56,680.56,-0.0,54.28,37174.79,-1
2025-05-14,2025-05-14 11:55:00,680.56,680.56,680.55,680.55,-0.0,54.28,37174.79,-1
2025-05-14,2025-05-14 11:56:00,680.55,680.55,680.54,680.54,-0.0,54.28,37174.79,-1
2025-05-14,2025-05-14 11:57:00,680.54,680.54,680.53,680.53,-0.0,54.28,37174.79,-1
2025-05-14,2025-05-14 11:58:00,680.53,680.53,680.52,680.52,-0.0,54.28,37174.79,-1
2025-05-14,2025-05-14 11:59:00,680.52,680.52,680.51,680.51,-0.0,54.28,37174.79,-1
2025-05-14,2025-05-14 12:00:00,680.51,680.51,680.5,680.5,-0.0,54.28,37174.79,-1
2025-05-14,2025-05-14 12:01:00,680.5,680.5,680.49,680.49,-0.0,54.28,37174.79,-1
2025-05-14,2025-05-14 12:02:00,680.49,680.49,680.48,680.48,-0.0,54.28,37174.79,-1
2025-05-14,2025-05-14 12:03:00,680.48,680.48,680.47,680.47,-0.0,54.28,37174.79,-1
2025-05-14,2025-05-14 12:04:00,680.47,680.47,680.46,680.46,-0.0,54.28,37174.79,-1
2025-05-14,2025-05-14 12:05:00,680.46,680.46,680.45,680.45,-0.0,54.28,37174.79,-1
2025-05-14,2025-05-14 12:06:00,680.45,680.45,680.44,680.44,-0.0,54.28,37174.79,-1
2025-05-14,2025-05-14 12:07:00,680.44,680.44,680.43,680.43,-0.0,54.28,37174.79,-1
2025-05-14,2025-05-14 12:08:00,680.43,680.43,680.42,680.42,-0.0,54.28,37174.79,-1
2025-05-14,2025-05-14 12:09:00,680.42,680.42,680.41,680.41,-0.0,54.28,37174.79,-1
2025-05-14,2025-05-14 12:10:00,680.41,680.41,680.4,680.4,-0.0,54.28,37174.79,-1
2025-05-14,2025-05-14 12:11:00,680.4,680.4,680.39,680.39,-0.0,54.28,37174.79,-1
2025-05-14,2025-05-14 12:12:00,680.39,680.39,680.38,680.38,-0.0,54.28,37174.79,-1
2025-05-14,2025-05-14 12:13:00,680.38,680.38,680.37,680.37,-0.0,54.28,37174.79,-1
2025-05-14,2025-05-14 12:14:00,680.37,680.37,680.36,680.36,-0.0,54.28,37174.79,-1
2025-05-14,2025-05-14 12:15:00,680.36,680.36,680.35,680.35,-0.0,54.28,37174.79,-1
2025-05-14,2025-05-14 12:16:00,680.35,680.35,680.34,680.34,-0.0,54.28,37174.79,-1
2025-05-14,2025-05-14 12:17:00,680.34,680.34,680.33,680.33,-0.0,54.28,37174.79,-1
2025-05-14,2025-05-14 12:18:00,680.33,680.33,680.32,680.32,-0.0,54.28,37174.79,-1
2025-05-14,2025-05-14 12:19:00,680.32,680.32,680.31,680.31,-0.0,54.28,37174.79,-1
2025-05-14,2025-05-14 12:20:00,680.31,680.31,680.3,680.3,-0.0,54.28,37174.79,-1
2025-05-14,2025-05-14 12:21:00,680.3,680.3,680.29,680.29,-0.0,54.28,37174.79,-1
2025-05-14,2025-05-14 12:22:00,680.29,680.29,680.28,680.28,-0.0,54.28,37174.79,-1
2025-05-14,2025-05-14 12:23:00,680.28,680.28,680.27,680.27,-0.0,54.28,37174.79,-1
2025-05-14,2025-05-14 12:24:00,680.27,680.27,680.26,680.26,-0.0,54.28,37174.79,-1
2025-05-14,2025-05-14 12:25:00,680.26,680.26,680.25,680.25,-0.0,54.28,37174.79,-1
2025-05-14,2025-05-14 12:26:00,680.25,680.25,680.24,680.24,-0.0,54.28,37174.79,-1
2025-05-14,2025-05-14 12:27:00,680.24,680.24,680.23,680.23,-0.0,54.28,37174.79,-1
2025-05-14,2025-05-14 12:28:00,680.23,680.23,680.22,680.22,-0.0,54.28,37174.79,-1
2025-05-14,2025-05-14 12:29:00,680.22,680.22,680.22,680.22,0.0,54.28,37174.79,0
2025-05-14,2025-05-14 12:30:00,680.22,680.22,680.21,680.21,-0.0,54.28,37174.79,-1
2025-05-14,2025-05-14 12:31:00,680.21,680.21,680.2,680.2,-0.0,54.28,37174.79,-1
2025-05-14,2025-05-14 12:32:00,680.2,680.2,680.19,680.19,-0.0,54.28,37174.79,-1
2025-05-14,2025-05-14 12:33:00,680.19,680.19,680.18,680.18,-0.0,54.28,37174.79,-1
2025-05-14,2025-05-14 12:34:00,680.18,680.18,680.17,680.17,-0.0,54.28,37174.79,-1
2025-05-14,2025-05-14 12:35:00,680.17,680.17,680.16,680.16,-0.0,54.28,37174.79,-1
2025-05-14,2025-05-14 12:36:00,680.16,680.16,680.15,680.15,-0.0,54.28,37174.79,-1
2025-05-14,2025-05-14 12:37:00,680.15,680.15,680.14,680.14,-0.0,54.28,37174.79,-1
2025-05-14,2025-05-14 12:38:00,680.14,680.14,680.13,680.13,-0.0,54.28,37174.79,-1
2025-05-14,2025-05-14 12:39:00,680.13,680.13,680.12,680.12,-0.0,54.28,37174.79,-1
2025-05-14,2025-05-14 12:40:00,680.12,680.12,680.11,680.11,-0.0,54.28,37174.79,-1
2025-05-14,2025-05-14 12:41:00,680.11,680.11,680.1,680.1,-0.0,54.28,37174.79,-1
2025-05-14,2025-05-14 12:42:00,680.1,680.1,680.09,680.09,-0.0,54.28,37174.79,-1
2025-05-14,2025-05-14 12:43:00,680.09,680.09,680.08,680.08,-0.0,54.28,37174.79,-1
2025-05-14,2025-05-14 12:44:00,680.08,680.08,680.07,680.07,-0.0,54.28,37174.79,-1
2025-05-14,2025-05-14 12:45:00,680.07,680.07,680.06,680.06,-0.0,54.28,37174.79,-1
2025-05-14,2025-05-14 12:46:00,680.06,680.06,680.05,680.05,-0.0,54.28,37174.79,-1
2025-05-14,2025-05-14 12:47:00,680.05,680.05,680.04,680.04,-0.0,54.28,37174.79,-1
2025-05-14,2025-05-14 12:48:00,680.04,680.04,680.03,680.03,-0.0,54.28,37174.79,-1
2025-05-14,2025-05-14 12:49:00,680.03,680.03,680.02,680.02,-0.0,54.28,37174.79,-1
2025-05-14,2025-05-14 12:50:00,680.02,680.02,680.01,680.01,-0.0,54.28,37174.79,-1
2025-05-14,2025-05-14 12:51:00,680.01,680.01,680.0,680.0,-0.0,54.28,37174.79,-1
2025-05-14,2025-05-14 12:52:00,680.0,680.0,679.99,679.99,-0.0,54.28,37174.79,-1
2025-05-14,2025-05-14 12:53:00,679.99,679.99,679.98,679.98,-0.0,54.28,37174.79,-1
2025-05-14,2025-05-14 12:54:00,679.98,679.98,679.97,679.97,-0.0,54.28,37174.79,-1
2025-05-14,2025-05-14 12:55:00,679.97,679.97,679.96,679.96,-0.0,54.28,37174.79,-1
2025-05-14,2025-05-14 12:56:00,679.96,679.96,679.95,679.95,-0.0,54.28,37174.79,-1
2025-05-14,2025-05-14 12:57:00,679.95,679.95,679.94,679.94,-0.0,54.28,37174.79,-1
2025-05-14,2025-05-14 12:58:00,679.94,679.94,679.93,679.93,-0.0,54.28,37174.79,-1
2025-05-14,2025-05-14 12:59:00,679.93,679.93,679.92,679.92,-0.0,54.28,37174.79,-1
2025-05-14,2025-05-14 13:00:00,679.92,720.0,675.0,679.91,-0.0,54.28,37174.79,-1
2025-05-14,2025-05-14 13:01:00,679.91,679.91,679.9,679.9,-0.0,54.28,37174.79,-1
2025-05-14,2025-05-14 13:02:00,679.9,679.9,679.89,679.89,-0.0,54.28,37174.79,-1
2025-05-14,2025-05-14 13:03:00,679.89,679.89,679.88,679.88,-0.0,54.28,37174.79,-1
2025-05-14,2025-05-14 13:04:00,679.88,679.88,679.87,679.87,-0.0,54.28,37174.79,-1
2025-05-14,2025-05-14 13:05:00,679.87,679.87,679.86,679.86,-0.0,54.28,37174.79,-1
2025-05-14,2025-05-14 13:06:00,679.86,679.86,679.85,679.85,-0.0,54.28,37174.79,-1
2025-05-14,2025-05-14 13:07:00,679.85,679.85,679.84,679.84,-0.0,54.28,37174.79,-1
2025-05-14,2025-05-14 13:08:00,679.84,679.84,679.83,679.83,-0.0,54.28,37174.79,-1
2025-05-14,2025-05-14 13:09:00,679.83,679.83,679.82,679.82,-0.0,54.28,37174.79,-1
2025-05-14,2025-05-14 13:10:00,679.82,679.82,679.81,679.81,-0.0,54.28,37174.79,-1
2025-05-14,2025-05-14 13:11:00,679.81,679.81,679.8,679.8,-0.0,54.28,37174.79,-1
2025-05-14,2025-05-14 13:12:00,679.8,679.8,679.79,679.79,-0.0,54.28,37174.79,-1
2025-05-14,2025-05-14 13:13:00,679.79,679.79,679.78,679.78,-0.0,54.28,37174.79,-1
2025-05-14,2025-05-14 13:14:00,679.78,679.78,679.77,679.77,-0.0,54.28,37174.79,-1
2025-05-14,2025-05-14 13:15:00,679.77,679.77,679.76,679.76,-0.0,54.28,37174.79,-1
2025-05-14,2025-05-14 13:16:00,679.76,679.76,679.75,679.75,-0.0,54.28,37174.79,-1
2025-05-14,2025-05-14 13:17:00,679.75,679.75,679.74,679.74,-0.0,54.28,37174.79,-1
2025-05-14,2025-05-14 13:18:00,679.74,679.74,679.73,679.73,-0.0,54.28,37174.79,-1
2025-05-14,2025-05-14 13:19:00,679.73,679.73,679.72,679.72,-0.0,54.28,37174.79,-1
2025-05-14,2025-05-14 13:20:00,679.72,679.72,679.71,679.71,-0.0,54.28,37174.79,-1
2025-05-14,2025-05-14 13:21:00,679.71,679.71,679.7,679.7,-0.0,54.28,37174.79,-1
2025-05-14,2025-05-14 13:22:00,679.7,679.7,679.69,679.69,-0.0,54.28,37174.79,-1
2025-05-14,2025-05-14 13:23:00,679.69,679.69,679.68,679.68,-0.0,54.28,37174.79,-1
2025-05-14,2025-05-14 13:24:00,679.68,679.68,679.67,679.67,-0.0,54.28,37174.79,-1
2025-05-14,2025-05-14 13:25:00,679.67,679.67,679.66,679.66,-0.0,54.28,37174.79,-1
2025-05-14,2025-05-14 13:26:00,679.66,679.66,679.65,679.65,-0.0,54.28,37174.79,-1
2025-05-14,2025-05-14 13:27:00,679.65,679.65,679.64,679.64,-0.0,54.28,37174.79,-1
2025-05-14,2025-05-14 13:28:00,679.64,679.64,679.63,679.63,-0.0,54.28,37174.79,-1
2025-05-14,2025-05-14 13:29:00,679.63,679.63,679.62,679.62,-0.0,54.28,37174.79,-1
2025-05-14,2025-05-14 13:30:00,679.62,679.62,679.62,679.62,0.0,54.28,37174.79,0
2025-05-14,2025-05-14 13:31:00,679.62,679.62,679.61,679.61,-0.0,54.28,37174.79,-1
2025-05-14,2025-05-14 13:32:00,679.61,679.61,679.6,679.6,-0.0,54.28,37174.79,-1
2025-05-14,2025-05-14 13:33:00,679.6,679.6,679.59,679.59,-0.0,54.28,37174.79,-1
2025-05-14,2025-05-14 13:34:00,679.59,679.59,679.58,679.58,-0.0,54.28,37174.79,-1
2025-05-14,2025-05-14 13:35:00,679.58,679.58,679.57,679.57,-0.0,54.28,37174.79,-1
2025-05-14,2025-05-14 13:36:00,679.57,679.57,679.56,679.56,-0.0,54.28,37174.79,-1
2025-05-14,2025-05-14 13:37:00,679.56,679.56,679.55,679.55,-0.0,54.28,37174.79,-1
2025-05-14,2025-05-14 13:38:00,679.55,679.55,679.54,679.54,-0.0,54.28,37174.79,-1
2025-05-14,2025-05-14 13:39:00,679.54,679.54,679.53,679.53,-0.0,54.28,37174.79,-1
2025-05-14,2025-05-14 13:40:00,679.53,679.53,679.52,679.52,-0.0,54.28,37174.79,-1
2025-05-14,2025-05-14 13:41:00,679.52,679.52,679.51,679.51,-0.0,54.28,37174.79,-1
2025-05-14,2025-05-14 13:42:00,679.51,679.51,679.5,679.5,-0.0,54.28,37174.79,-1
2025-05-14,2025-05-14 13:43:00,679.5,679.5,679.49,679.49,-0.0,54.28,37174.79,-1
2025-05-14,2025-05-14 13:44:00,679.49,679.49,679.48,679.48,-0.0,54.28,37174.79,-1
2025-05-14,2025-05-14 13:45:00,679.48,679.48,679.47,679.47,-0.0,54.28,37174.79,-1
2025-05-14,2025-05-14 13:46:00,679.47,679.47,679.46,679.46,-0.0,54.28,37174.79,-1
2025-05-14,2025-05-14 13:47:00,679.46,679.46,679.45,679.45,-0.0,54.28,37174.79,-1
2025-05-14,2025-05-14 13:48:00,679.45,679.45,679.44,679.44,-0.0,54.28,37174.79,-1
2025-05-14,2025-05-14 13:49:00,679.44,679.44,679.43,679.43,-0.0,54.28,37174.79,-1
2025-05-14,2025-05-14 13:50:00,679.43,679.43,679.42,679.42,-0.0,54.28,37174.79,-1
2025-05-14,2025-05-14 13:51:00,679.42,679.42,679.41,679.41,-0.0,54.28,37174.79,-1
2025-05-14,2025-05-14 13:52:00,679.41,679.41,679.4,679.4,-0.0,54.28,37174.79,-1
2025-05-14,2025-05-14 13:53:00,679.4,679.4,679.39,679.39,-0.0,54.28,37174.79,-1
2025-05-14,2025-05-14 13:54:00,679.39,679.39,679.38,679.38,-0.0,54.28,37174.79,-1
2025-05-14,2025-05-14 13:55:00,679.38,679.38,679.37,679.37,-0.0,54.28,37174.79,-1
2025-05-14,2025-05-14 13:56:00,679.37,679.37,679.36,679.36,-0.0,54.28,37174.79,-1
2025-05-14,2025-05-14 13:57:00,679.36,679.36,679.35,679.35,-0.0,54.28,37174.79,-1
2025-05-14,2025-05-14 13:58:00,679.35,679.35,679.34,679.34,-0.0,54.28,37174.79,-1
2025-05-14,2025-05-14 13:59:00,679.34,679.34,679.33,679.33,-0.0,54.28,37174.79,-1
2025-05-14,2025-05-14 14:00:00,679.33,679.33,679.32,679.32,-0.0,54.28,37174.79,-1
2025-05-14,2025-05-14 14:01:00,679.32,679.32,679.31,679.31,-0.0,54.28,37174.79,-1
2025-05-14,2025-05-14 14:02:00,679.31,679.31,679.3,679.3,-0.0,54.28,37174.79,-1
2025-05-14,2025-05-14 14:03:00,679.3,679.3,679.29,679.29,-0.0,54.28,37174.79,-1
2025-05-14,2025-05-14 14:04:00,679.29,679.29,679.28,679.28,-0.0,54.28,37174.79,-1
2025-05-14,2025-05-14 14:05:00,679.28,679.28,679.27,679.27,-0.0,54.28,37174.79,-1
2025-05-14,2025-05-14 14:06:00,679.27,679.27,679.26,679.26,-0.0,54.28,37174.79,-1
2025-05-14,2025-05-14 14:07:00,679.26,679.26,679.25,679.25,-0.0,54.28,37174.79,-1
2025-05-14,2025-05-14 14:08:00,679.25,679.25,679.24,679.24,-0.0,54.28,37174.79,-1
2025-05-14,2025-05-14 14:09:00,679.24,679.24,679.23,679.23,-0.0,54.28,37174.79,-1
2025-05-14,2025-05-14 14:10:00,679.23,679.23,679.22,679.22,-0.0,54.28,37174.79,-1
2025-05-14,2025-05-14 14:11:00,679.22,679.22,679.21,679.21,-0.0,54.28,37174.79,-1
2025-05-14,2025-05-14 14:12:00,679.21,679.21,679.2,679.2,-0.0,54.28,37174.79,-1
2025-05-14,2025-05-14 14:13:00,679.2,679.2,679.19,679.19,-0.0,54.28,37174.79,-1
2025-05-14,2025-05-14 14:14:00,679.19,679.19,679.18,679.18,-0.0,54.28,37174.79,-1
2025-05-14,2025-05-14 14:15:00,679.18,679.18,679.17,679.17,-0.0,54.28,37174.79,-1
2025-05-14,2025-05-14 14:16:00,679.17,679.17,679.16,679.16,-0.0,54.28,37174.79,-1
2025-05-14,2025-05-14 14:17:00,679.16,679.16,679.15,679.15,-0.0,54.28,37174.79,-1
2025-05-14,2025-05-14 14:18:00,679.15,679.15,679.14,679.14,-0.0,54.28,37174.79,-1
2025-05-14,2025-05-14 14:19:00,679.14,679.14,679.13,679.13,-0.0,54.28,37174.79,-1
2025-05-14,2025-05-14 14:20:00,679.13,679.13,679.12,679.12,-0.0,54.28,37174.79,-1
2025-05-14,2025-05-14 14:21:00,679.12,679.12,679.11,679.11,-0.0,54.28,37174.79,-1
2025-05-14,2025-05-14 14:22:00,679.11,679.11,679.1,679.1,-0.0,54.28,37174.79,-1
2025-05-14,2025-05-14 14:23:00,679.1,679.1,679.09,679.09,-0.0,54.28,37174.79,-1
2025-05-14,2025-05-14 14:24:00,679.09,679.09,679.08,679.08,-0.0,54.28,37174.79,-1
2025-05-14,2025-05-14 14:25:00,679.08,679.08,679.07,679.07,-0.0,54.28,37174.79,-1
2025-05-14,2025-05-14 14:26:00,679.07,679.07,679.06,679.06,-0.0,54.28,37174.79,-1
2025-05-14,2025-05-14 14:27:00,679.06,679.06,679.05,679.05,-0.0,54.28,37174.79,-1
2025-05-14,2025-05-14 14:28:00,679.05,679.05,679.04,679.04,-0.0,54.28,37174.79,-1
2025-05-14,2025-05-14 14:29:00,679.04,679.04,679.03,679.03,-0.0,54.28,37174.79,-1
2025-05-14,2025-05-14 14:30:00,679.03,679.03,679.03,679.03,0.0,54.28,37174.79,0
2025-05-14,2025-05-14 14:31:00,679.03,679.03,679.02,679.02,-0.0,54.28,37174.79,-1
2025-05-14,2025-05-14 14:32:00,679.02,679.02,679.01,679.01,-0.0,54.28,37174.79,-1
2025-05-14,2025-05-14 14:33:00,679.01,679.01,679.0,679.0,-0.0,54.28,37174.79,-1
2025-05-14,2025-05-14 14:34:00,679.0,679.0,678.99,678.99,-0.0,54.28,37174.79,-1
2025-05-14,2025-05-14 14:35:00,678.99,678.99,678.98,678.98,-0.0,54.28,37174.79,-1
2025-05-14,2025-05-14 14:36:00,678.98,678.98,678.97,678.97,-0.0,54.28,37174.79,-1
2025-05-14,2025-05-14 14:37:00,678.97,678.97,678.96,678.96,-0.0,54.28,37174.79,-1
2025-05-14,2025-05-14 14:38:00,678.96,678.96,678.95,678.95,-0.0,54.28,37174.79,-1
2025-05-14,2025-05-14 14:39:00,678.95,678.95,678.94,678.94,-0.0,54.28,37174.79,-1
2025-05-14,2025-05-14 14:40:00,678.94,678.94,678.93,678.93,-0.0,54.28,37174.79,-1
2025-05-14,2025-05-14 14:41:00,678.93,678.93,678.92,678.92,-0.0,54.28,37174.79,-1
2025-05-14,2025-05-14 14:42:00,678.92,678.92,678.91,678.91,-0.0,54.28,37174.79,-1
2025-05-14,2025-05-14 14:43:00,678.91,678.91,678.9,678.9,-0.0,54.28,37174.79,-1
2025-05-14,2025-05-14 14:44:00,678.9,678.9,678.89,678.89,-0.0,54.28,37174.79,-1
2025-05-14,2025-05-14 14:45:00,678.89,678.89,678.88,678.88,-0.0,54.28,37174.79,-1
2025-05-14,2025-05-14 14:46:00,678.88,678.88,678.87,678.87,-0.0,54.28,37174.79,-1
2025-05-14,2025-05-14 14:47:00,678.87,678.87,678.86,678.86,-0.0,54.28,37174.79,-1
2025-05-14,2025-05-14 14:48:00,678.86,678.86,678.85,678.85,-0.0,54.28,37174.79,-1
2025-05-14,2025-05-14 14:49:00,678.85,678.85,678.84,678.84,-0.0,54.28,37174.79,-1
2025-05-14,2025-05-14 14:50:00,678.84,678.84,678.83,678.83,-0.0,54.28,37174.79,-1
2025-05-14,2025-05-14 14:51:00,678.83,678.83,678.82,678.82,-0.0,54.28,37174.79,-1
2025-05-14,2025-05-14 14:52:00,678.82,678.82,678.81,678.81,-0.0,54.28,37174.79,-1
2025-05-14,2025-05-14 14:53:00,678.81,678.81,678.8,678.8,-0.0,54.28,37174.79,-1
2025-05-14,2025-05-14 14:54:00,678.8,678.8,678.79,678.79,-0.0,54.28,37174.79,-1
2025-05-14,2025-05-14 14:55:00,678.79,678.79,678.78,678.78,-0.0,54.28,37174.79,-1
2025-05-14,2025-05-14 14:56:00,678.78,678.78,678.77,678.77,-0.0,54.28,37174.79,-1
2025-05-14,2025-05-14 14:57:00,678.77,678.77,678.76,678.76,-0.0,54.28,37174.79,-1
2025-05-14,2025-05-14 14:58:00,678.76,678.76,678.75,678.75,-0.0,54.28,37174.79,-1
2025-05-14,2025-05-14 14:59:00,678.75,678.75,678.74,678.74,-0.0,54.28,37174.79,-1
2025-05-14,2025-05-14 15:00:00,678.74,720.0,675.0,678.74,0.0,54.28,37174.79,0
2025-05-15,2025-05-15 11:00:00,692.3,692.3,687.2,692.24,-0.01,63.9,43453.23,-1
2025-05-15,2025-05-15 11:01:00,692.24,692.24,692.18,692.18,-0.01,63.9,43453.23,-1
2025-05-15,2025-05-15 11:02:00,692.18,692.18,692.12,692.12,-0.01,63.9,43453.23,-1
2025-05-15,2025-05-15 11:03:00,692.12,692.12,692.06,692.06,-0.01,63.9,43453.23,-1
2025-05-15,2025-05-15 11:04:00,692.06,692.06,692.0,692.0,-0.01,63.9,43453.23,-1
2025-05-15,2025-05-15 11:05:00,692.0,692.0,691.93,691.93,-0.01,63.9,43453.23,-1
2025-05-15,2025-05-15 11:06:00,691.93,691.93,691.87,691.87,-0.01,63.9,43453.23,-1
2025-05-15,2025-05-15 11:07:00,691.87,691.87,691.81,691.81,-0.01,63.9,43453.23,-1
2025-05-15,2025-05-15 11:08:00,691.81,691.81,691.75,691.75,-0.01,63.9,43453.23,-1
2025-05-15,2025-05-15 11:09:00,691.75,691.75,691.69,691.69,-0.01,63.9,43453.23,-1
2025-05-15,2025-05-15 11:10:00,691.69,691.69,691.63,691.63,-0.01,63.9,43453.23,-1
2025-05-15,2025-05-15 11:11:00,691.63,691.63,691.57,691.57,-0.01,63.9,43453.23,-1
2025-05-15,2025-05-15 11:12:00,691.57,691.57,691.51,691.51,-0.01,63.9,43453.23,-1
2025-05-15,2025-05-15 11:13:00,691.51,691.51,691.45,691.45,-0.01,63.9,43453.23,-1
2025-05-15,2025-05-15 11:14:00,691.45,691.45,691.39,691.39,-0.01,63.9,43453.23,-1
2025-05-15,2025-05-15 11:15:00,691.39,691.39,691.33,691.33,-0.01,63.9,43453.23,-1
2025-05-15,2025-05-15 11:16:00,691.33,691.33,691.26,691.26,-0.01,63.9,43453.23,-1
2025-05-15,2025-05-15 11:17:00,691.26,691.26,691.2,691.2,-0.01,63.9,43453.23,-1
2025-05-15,2025-05-15 11:18:00,691.2,691.2,691.14,691.14,-0.01,63.9,43453.23,-1
2025-05-15,2025-05-15 11:19:00,691.14,691.14,691.08,691.08,-0.01,63.9,43453.23,-1
2025-05-15,2025-05-15 11:20:00,691.08,691.08,691.02,691.02,-0.01,63.9,43453.23,-1
2025-05-15,2025-05-15 11:21:00,691.02,691.02,690.96,690.96,-0.01,63.9,43453.23,-1
2025-05-15,2025-05-15 11:22:00,690.96,690.96,690.9,690.9,-0.01,63.9,43453.23,-1
2025-05-15,2025-05-15 11:23:00,690.9,690.9,690.84,690.84,-0.01,63.9,43453.23,-1
2025-05-15,2025-05-15 11:24:00,690.84,690.84,690.78,690.78,-0.01,63.9,43453.23,-1
2025-05-15,2025-05-15 11:25:00,690.78,690.78,690.72,690.72,-0.01,63.9,43453.23,-1
2025-05-15,2025-05-15 11:26:00,690.72,690.72,690.66,690.66,-0.01,63.9,43453.23,-1
2025-05-15,2025-05-15 11:27:00,690.66,690.66,690.59,690.59,-0.01,63.9,43453.23,-1
2025-05-15,2025-05-15 11:28:00,690.59,690.59,690.53,690.53,-0.01,63.9,43453.23,-1
2025-05-15,2025-05-15 11:29:00,690.53,690.53,690.47,690.47,-0.01,63.9,43453.23,-1
2025-05-15,2025-05-15 11:30:00,690.47,690.47,690.41,690.41,-0.01,63.9,43453.23,-1
2025-05-15,2025-05-15 11:31:00,690.41,690.41,690.35,690.35,-0.01,63.9,43453.23,-1
2025-05-15,2025-05-15 11:32:00,690.35,690.35,690.29,690.29,-0.01,63.9,43453.23,-1
2025-05-15,2025-05-15 11:33:00,690.29,690.29,690.23,690.23,-0.01,63.9,43453.23,-1
2025-05-15,2025-05-15 11:34:00,690.23,690.23,690.17,690.17,-0.01,63.9,43453.23,-1
2025-05-15,2025-05-15 11:35:00,690.17,690.17,690.11,690.11,-0.01,63.9,43453.23,-1
2025-05-15,2025-05-15 11:36:00,690.11,690.11,690.05,690.05,-0.01,63.9,43453.23,-1
2025-05-15,2025-05-15 11:37:00,690.05,690.05,689.99,689.99,-0.01,63.9,43453.23,-1
2025-05-15,2025-05-15 11:38:00,689.99,689.99,689.92,689.92,-0.01,63.9,43453.23,-1
2025-05-15,2025-05-15 11:39:00,689.92,689.92,689.86,689.86,-0.01,63.9,43453.23,-1
2025-05-15,2025-05-15 11:40:00,689.86,689.86,689.8,689.8,-0.01,63.9,43453.23,-1
2025-05-15,2025-05-15 11:41:00,689.8,689.8,689.74,689.74,-0.01,63.9,43453.23,-1
2025-05-15,2025-05-15 11:42:00,689.74,689.74,689.68,689.68,-0.01,63.9,43453.23,-1
2025-05-15,2025-05-15 11:43:00,689.68,689.68,689.62,689.62,-0.01,63.9,43453.23,-1
2025-05-15,2025-05-15 11:44:00,689.62,689.62,689.56,689.56,-0.01,63.9,43453.23,-1
2025-05-15,2025-05-15 11:45:00,689.56,689.56,689.5,689.5,-0.01,63.9,43453.23,-1
2025-05-15,2025-05-15 11:46:00,689.5,689.5,689.44,689.44,-0.01,63.9,43453.23,-1
2025-05-15,2025-05-15 11:47:00,689.44,689.44,689.38,689.38,-0.01,63.9,43453.23,-1
2025-05-15,2025-05-15 11:48:00,689.38,689.38,689.32,689.32,-0.01,63.9,43453.23,-1
2025-05-15,2025-05-15 11:49:00,689.32,689.32,689.25,689.25,-0.01,63.9,43453.23,-1
2025-05-15,2025-05-15 11:50:00,689.25,689.25,689.19,689.19,-0.01,63.9,43453.23,-1
2025-05-15,2025-05-15 11:51:00,689.19,689.19,689.13,689.13,-0.01,63.9,43453.23,-1
2025-05-15,2025-05-15 11:52:00,689.13,689.13,689.07,689.07,-0.01,63.9,43453.23,-1
2025-05-15,2025-05-15 11:53:00,689.07,689.07,689.01,689.01,-0.01,63.9,43453.23,-1
2025-05-15,2025-05-15 11:54:00,689.01,689.01,688.95,688.95,-0.01,63.9,43453.23,-1
2025-05-15,2025-05-15 11:55:00,688.95,688.95,688.89,688.89,-0.01,63.9,43453.23,-1
2025-05-15,2025-05-15 11:56:00,688.89,688.89,688.83,688.83,-0.01,63.9,43453.23,-1
2025-05-15,2025-05-15 11:57:00,688.83,688.83,688.77,688.77,-0.01,63.9,43453.23,-1
2025-05-15,2025-05-15 11:58:00,688.77,688.77,688.71,688.71,-0.01,63.9,43453.23,-1
2025-05-15,2025-05-15 11:59:00,688.71,688.71,688.64,688.64,-0.01,63.9,43453.23,-1
2025-05-15,2025-05-15 12:00:00,688.64,688.64,688.58,688.58,-0.01,63.9,43453.23,-1
2025-05-15,2025-05-15 12:01:00,688.58,688.58,688.52,688.52,-0.01,63.9,43453.23,-1
2025-05-15,2025-05-15 12:02:00,688.52,688.52,688.46,688.46,-0.01,63.9,43453.23,-1
2025-05-15,2025-05-15 12:03:00,688.46,688.46,688.4,688.4,-0.01,63.9,43453.23,-1
2025-05-15,2025-05-15 12:04:00,688.4,688.4,688.34,688.34,-0.01,63.9,43453.23,-1
2025-05-15,2025-05-15 12:05:00,688.34,688.34,688.28,688.28,-0.01,63.9,43453.23,-1
2025-05-15,2025-05-15 12:06:00,688.28,688.28,688.22,688.22,-0.01,63.9,43453.23,-1
2025-05-15,2025-05-15 12:07:00,688.22,688.22,688.16,688.16,-0.01,63.9,43453.23,-1
2025-05-15,2025-05-15 12:08:00,688.16,688.16,688.1,688.1,-0.01,63.9,43453.23,-1
2025-05-15,2025-05-15 12:09:00,688.1,688.1,688.04,688.04,-0.01,63.9,43453.23,-1
2025-05-15,2025-05-15 12:10:00,688.04,688.04,687.97,687.97,-0.01,63.9,43453.23,-1
2025-05-15,2025-05-15 12:11:00,687.97,687.97,687.91,687.91,-0.01,63.9,43453.23,-1
2025-05-15,2025-05-15 12:12:00,687.91,687.91,687.85,687.85,-0.01,63.9,43453.23,-1
2025-05-15,2025-05-15 12:13:00,687.85,687.85,687.79,687.79,-0.01,63.9,43453.23,-1
2025-05-15,2025-05-15 12:14:00,687.79,687.79,687.73,687.73,-0.01,63.9,43453.23,-1
2025-05-15,2025-05-15 12:15:00,687.73,687.73,687.67,687.67,-0.01,63.9,43453.23,-1
2025-05-15,2025-05-15 12:16:00,687.67,687.67,687.61,687.61,-0.01,63.9,43453.23,-1
2025-05-15,2025-05-15 12:17:00,687.61,687.61,687.55,687.55,-0.01,63.9,43453.23,-1
2025-05-15,2025-05-15 12:18:00,687.55,687.55,687.49,687.49,-0.01,63.9,43453.23,-1
2025-05-15,2025-05-15 12:19:00,687.49,687.49,687.43,687.43,-0.01,63.9,43453.23,-1
2025-05-15,2025-05-15 12:20:00,687.43,687.43,687.37,687.37,-0.01,63.9,43453.23,-1
2025-05-15,2025-05-15 12:21:00,687.37,687.37,687.3,687.3,-0.01,63.9,43453.23,-1
2025-05-15,2025-05-15 12:22:00,687.3,687.3,687.24,687.24,-0.01,63.9,43453.23,-1
2025-05-15,2025-05-15 12:23:00,687.24,687.24,687.18,687.18,-0.01,63.9,43453.23,-1
2025-05-15,2025-05-15 12:24:00,687.18,687.18,687.12,687.12,-0.01,63.9,43453.23,-1
2025-05-15,2025-05-15 12:25:00,687.12,687.12,687.06,687.06,-0.01,63.9,43453.23,-1
2025-05-15,2025-05-15 12:26:00,687.06,687.06,687.0,687.0,-0.01,63.9,43453.23,-1
2025-05-15,2025-05-15 12:27:00,687.0,687.0,686.94,686.94,-0.01,63.9,43453.23,-1
2025-05-15,2025-05-15 12:28:00,686.94,686.94,686.88,686.88,-0.01,63.9,43453.23,-1
2025-05-15,2025-05-15 12:29:00,686.88,686.88,686.82,686.82,-0.01,63.9,43453.23,-1
2025-05-15,2025-05-15 12:30:00,686.82,686.82,686.76,686.76,-0.01,63.9,43453.23,-1
2025-05-15,2025-05-15 12:31:00,686.76,686.76,686.7,686.7,-0.01,63.9,43453.23,-1
2025-05-15,2025-05-15 12:32:00,686.7,686.7,686.63,686.63,-0.01,63.9,43453.23,-1
2025-05-15,2025-05-15 12:33:00,686.63,686.63,686.57,686.57,-0.01,63.9,43453.23,-1
2025-05-15,2025-05-15 12:34:00,686.57,686.57,686.51,686.51,-0.01,63.9,43453.23,-1
2025-05-15,2025-05-15 12:35:00,686.51,686.51,686.45,686.45,-0.01,63.9,43453.23,-1
2025-05-15,2025-05-15 12:36:00,686.45,686.45,686.39,686.39,-0.01,63.9,43453.23,-1
2025-05-15,2025-05-15 12:37:00,686.39,686.39,686.33,686.33,-0.01,63.9,43453.23,-1
2025-05-15,2025-05-15 12:38:00,686.33,686.33,686.27,686.27,-0.01,63.9,43453.23,-1
2025-05-15,2025-05-15 12:39:00,686.27,686.27,686.21,686.21,-0.01,63.9,43453.23,-1
2025-05-15,2025-05-15 12:40:00,686.21,686.21,686.15,686.15,-0.01,63.9,43453.23,-1
2025-05-15,2025-05-15 12:41:00,686.15,686.15,686.09,686.09,-0.01,63.9,43453.23,-1
2025-05-15,2025-05-15 12:42:00,686.09,686.09,686.03,686.03,-0.01,63.9,43453.23,-1
2025-05-15,2025-05-15 12:43:00,686.03,686.03,685.96,685.96,-0.01,63.9,43453.23,-1
2025-05-15,2025-05-15 12:44:00,685.96,685.96,685.9,685.9,-0.01,63.9,43453.23,-1
2025-05-15,2025-05-15 12:45:00,685.9,685.9,685.84,685.84,-0.01,63.9,43453.23,-1
2025-05-15,2025-05-15 12:46:00,685.84,685.84,685.78,685.78,-0.01,63.9,43453.23,-1
2025-05-15,2025-05-15 12:47:00,685.78,685.78,685.72,685.72,-0.01,63.9,43453.23,-1
2025-05-15,2025-05-15 12:48:00,685.72,685.72,685.66,685.66,-0.01,63.9,43453.23,-1
2025-05-15,2025-05-15 12:49:00,685.66,685.66,685.6,685.6,-0.01,63.9,43453.23,-1
2025-05-15,2025-05-15 12:50:00,685.6,685.6,685.54,685.54,-0.01,63.9,43453.23,-1
2025-05-15,2025-05-15 12:51:00,685.54,685.54,685.48,685.48,-0.01,63.9,43453.23,-1
2025-05-15,2025-05-15 12:52:00,685.48,685.48,685.42,685.42,-0.01,63.9,43453.23,-1
2025-05-15,2025-05-15 12:53:00,685.42,685.42,685.36,685.36,-0.01,63.9,43453.23,-1
2025-05-15,2025-05-15 12:54:00,685.36,685.36,685.29,685.29,-0.01,63.9,43453.23,-1
2025-05-15,2025-05-15 12:55:00,685.29,685.29,685.23,685.23,-0.01,63.9,43453.23,-1
2025-05-15,2025-05-15 12:56:00,685.23,685.23,685.17,685.17,-0.01,63.9,43453.23,-1
2025-05-15,2025-05-15 12:57:00,685.17,685.17,685.11,685.11,-0.01,63.9,43453.23,-1
2025-05-15,2025-05-15 12:58:00,685.11,685.11,685.05,685.05,-0.01,63.9,43453.23,-1
2025-05-15,2025-05-15 12:59:00,685.05,685.05,684.99,684.99,-0.01,63.9,43453.23,-1
2025-05-15,2025-05-15 13:00:00,684.99,692.3,675.3,684.93,-0.01,63.9,43453.23,-1
2025-05-15,2025-05-15 13:01:00,684.93,684.93,684.87,684.87,-0.01,63.9,43453.23,-1
2025-05-15,2025-05-15 13:02:00,684.87,684.87,684.81,684.81,-0.01,63.9,43453.23,-1
2025-05-15,2025-05-15 13:03:00,684.81,684.81,684.75,684.75,-0.01,63.9,43453.23,-1
2025-05-15,2025-05-15 13:04:00,684.75,684.75,684.69,684.69,-0.01,63.9,43453.23,-1
2025-05-15,2025-05-15 13:05:00,684.69,684.69,684.62,684.62,-0.01,63.9,43453.23,-1
2025-05-15,2025-05-15 13:06:00,684.62,684.62,684.56,684.56,-0.01,63.9,43453.23,-1
2025-05-15,2025-05-15 13:07:00,684.56,684.56,684.5,684.5,-0.01,63.9,43453.23,-1
2025-05-15,2025-05-15 13:08:00,684.5,684.5,684.44,684.44,-0.01,63.9,43453.23,-1
2025-05-15,2025-05-15 13:09:00,684.44,684.44,684.38,684.38,-0.01,63.9,43453.23,-1
2025-05-15,2025-05-15 13:10:00,684.38,684.38,684.32,684.32,-0.01,63.9,43453.23,-1
2025-05-15,2025-05-15 13:11:00,684.32,684.32,684.26,684.26,-0.01,63.9,43453.23,-1
2025-05-15,2025-05-15 13:12:00,684.26,684.26,684.2,684.2,-0.01,63.9,43453.23,-1
2025-05-15,2025-05-15 13:13:00,684.2,684.2,684.14,684.14,-0.01,63.9,43453.23,-1
2025-05-15,2025-05-15 13:14:00,684.14,684.14,684.08,684.08,-0.01,63.9,43453.23,-1
2025-05-15,2025-05-15 13:15:00,684.08,684.08,684.02,684.02,-0.01,63.9,43453.23,-1
2025-05-15,2025-05-15 13:16:00,684.02,684.02,683.95,683.95,-0.01,63.9,43453.23,-1
2025-05-15,2025-05-15 13:17:00,683.95,683.95,683.89,683.89,-0.01,63.9,43453.23,-1
2025-05-15,2025-05-15 13:18:00,683.89,683.89,683.83,683.83,-0.01,63.9,43453.23,-1
2025-05-15,2025-05-15 13:19:00,683.83,683.83,683.77,683.77,-0.01,63.9,43453.23,-1
2025-05-15,2025-05-15 13:20:00,683.77,683.77,683.71,683.71,-0.01,63.9,43453.23,-1
2025-05-15,2025-05-15 13:21:00,683.71,683.71,683.65,683.65,-0.01,63.9,43453.23,-1
2025-05-15,2025-05-15 13:22:00,683.65,683.65,683.59,683.59,-0.01,63.9,43453.23,-1
2025-05-15,2025-05-15 13:23:00,683.59,683.59,683.53,683.53,-0.01,63.9,43453.23,-1
2025-05-15,2025-05-15 13:24:00,683.53,683.53,683.47,683.47,-0.01,63.9,43453.23,-1
2025-05-15,2025-05-15 13:25:00,683.47,683.47,683.41,683.41,-0.01,63.9,43453.23,-1
2025-05-15,2025-05-15 13:26:00,683.41,683.41,683.35,683.35,-0.01,63.9,43453.23,-1
2025-05-15,2025-05-15 13:27:00,683.35,683.35,683.28,683.28,-0.01,63.9,43453.23,-1
2025-05-15,2025-05-15 13:28:00,683.28,683.28,683.22,683.22,-0.01,63.9,43453.23,-1
2025-05-15,2025-05-15 13:29:00,683.22,683.22,683.16,683.16,-0.01,63.9,43453.23,-1
2025-05-15,2025-05-15 13:30:00,683.16,683.16,683.1,683.1,-0.01,63.9,43453.23,-1
2025-05-15,2025-05-15 13:31:00,683.1,683.1,683.04,683.04,-0.01,63.9,43453.23,-1
2025-05-15,2025-05-15 13:32:00,683.04,683.04,682.98,682.98,-0.01,63.9,43453.23,-1
2025-05-15,2025-05-15 13:33:00,682.98,682.98,682.92,682.92,-0.01,63.9,43453.23,-1
2025-05-15,2025-05-15 13:34:00,682.92,682.92,682.86,682.86,-0.01,63.9,43453.23,-1
2025-05-15,2025-05-15 13:35:00,682.86,682.86,682.8,682.8,-0.01,63.9,43453.23,-1
2025-05-15,2025-05-15 13:36:00,682.8,682.8,682.74,682.74,-0.01,63.9,43453.23,-1
2025-05-15,2025-05-15 13:37:00,682.74,682.74,682.68,682.68,-0.01,63.9,43453.23,-1
2025-05-15,2025-05-15 13:38:00,682.68,682.68,682.61,682.61,-0.01,63.9,43453.23,-1
2025-05-15,2025-05-15 13:39:00,682.61,682.61,682.55,682.55,-0.01,63.9,43453.23,-1
2025-05-15,2025-05-15 13:40:00,682.55,682.55,682.49,682.49,-0.01,63.9,43453.23,-1
2025-05-15,2025-05-15 13:41:00,682.49,682.49,682.43,682.43,-0.01,63.9,43453.23,-1
2025-05-15,2025-05-15 13:42:00,682.43,682.43,682.37,682.37,-0.01,63.9,43453.23,-1
2025-05-15,2025-05-15 13:43:00,682.37,682.37,682.31,682.31,-0.01,63.9,43453.23,-1
2025-05-15,2025-05-15 13:44:00,682.31,682.31,682.25,682.25,-0.01,63.9,43453.23,-1
2025-05-15,2025-05-15 13:45:00,682.25,682.25,682.19,682.19,-0.01,63.9,43453.23,-1
2025-05-15,2025-05-15 13:46:00,682.19,682.19,682.13,682.13,-0.01,63.9,43453.23,-1
2025-05-15,2025-05-15 13:47:00,682.13,682.13,682.07,682.07,-0.01,63.9,43453.23,-1
2025-05-15,2025-05-15 13:48:00,682.07,682.07,682.01,682.01,-0.01,63.9,43453.23,-1
2025-05-15,2025-05-15 13:49:00,682.01,682.01,681.94,681.94,-0.01,63.9,43453.23,-1
2025-05-15,2025-05-15 13:50:00,681.94,681.94,681.88,681.88,-0.01,63.9,43453.23,-1
2025-05-15,2025-05-15 13:51:00,681.88,681.88,681.82,681.82,-0.01,63.9,43453.23,-1
2025-05-15,2025-05-15 13:52:00,681.82,681.82,681.76,681.76,-0.01,63.9,43453.23,-1
2025-05-15,2025-05-15 13:53:00,681.76,681.76,681.7,681.7,-0.01,63.9,43453.23,-1
2025-05-15,2025-05-15 13:54:00,681.7,681.7,681.64,681.64,-0.01,63.9,43453.23,-1
2025-05-15,2025-05-15 13:55:00,681.64,681.64,681.58,681.58,-0.01,63.9,43453.23,-1
2025-05-15,2025-05-15 13:56:00,681.58,681.58,681.52,681.52,-0.01,63.9,43453.23,-1
2025-05-15,2025-05-15 13:57:00,681.52,681.52,681.46,681.46,-0.01,63.9,43453.23,-1
2025-05-15,2025-05-15 13:58:00,681.46,681.46,681.4,681.4,-0.01,63.9,43453.23,-1
2025-05-15,2025-05-15 13:59:00,681.4,681.4,681.33,681.33,-0.01,63.9,43453.23,-1
2025-05-15,2025-05-15 14:00:00,681.33,681.33,681.27,681.27,-0.01,63.9,43453.23,-1
2025-05-15,2025-05-15 14:01:00,681.27,681.27,681.21,681.21,-0.01,63.9,43453.23,-1
2025-05-15,2025-05-15 14:02:00,681.21,681.21,681.15,681.15,-0.01,63.9,43453.23,-1
2025-05-15,2025-05-15 14:03:00,681.15,681.15,681.09,681.09,-0.01,63.9,43453.23,-1
2025-05-15,2025-05-15 14:04:00,681.09,681.09,681.03,681.03,-0.01,63.9,43453.23,-1
2025-05-15,2025-05-15 14:05:00,681.03,681.03,680.97,680.97,-0.01,63.9,43453.23,-1
2025-05-15,2025-05-15 14:06:00,680.97,680.97,680.91,680.91,-0.01,63.9,43453.23,-1
2025-05-15,2025-05-15 14:07:00,680.91,680.91,680.85,680.85,-0.01,63.9,43453.23,-1
2025-05-15,2025-05-15 14:08:00,680.85,680.85,680.79,680.79,-0.01,63.9,43453.23,-1
2025-05-15,2025-05-15 14:09:00,680.79,680.79,680.73,680.73,-0.01,63.9,43453.23,-1
2025-05-15,2025-05-15 14:10:00,680.73,680.73,680.66,680.66,-0.01,63.9,43453.23,-1
2025-05-15,2025-05-15 14:11:00,680.66,680.66,680.6,680.6,-0.01,63.9,43453.23,-1
2025-05-15,2025-05-15 14:12:00,680.6,680.6,680.54,680.54,-0.01,63.9,43453.23,-1
2025-05-15,2025-05-15 14:13:00,680.54,680.54,680.48,680.48,-0.01,63.9,43453.23,-1
2025-05-15,2025-05-15 14:14:00,680.48,680.48,680.42,680.42,-0.01,63.9,43453.23,-1
2025-05-15,2025-05-15 14:15:00,680.42,680.42,680.36,680.36,-0.01,63.9,43453.23,-1
2025-05-15,2025-05-15 14:16:00,680.36,680.36,680.3,680.3,-0.01,63.9,43453.23,-1
2025-05-15,2025-05-15 14:17:00,680.3,680.3,680.24,680.24,-0.01,63.9,43453.23,-1
2025-05-15,2025-05-15 14:18:00,680.24,680.24,680.18,680.18,-0.01,63.9,43453.23,-1
2025-05-15,2025-05-15 14:19:00,680.18,680.18,680.12,680.12,-0.01,63.9,43453.23,-1
2025-05-15,2025-05-15 14:20:00,680.12,680.12,680.06,680.06,-0.01,63.9,43453.23,-1
2025-05-15,2025-05-15 14:21:00,680.06,680.06,679.99,679.99,-0.01,63.9,43453.23,-1
2025-05-15,2025-05-15 14:22:00,679.99,679.99,679.93,679.93,-0.01,63.9,43453.23,-1
2025-05-15,2025-05-15 14:23:00,679.93,679.93,679.87,679.87,-0.01,63.9,43453.23,-1
2025-05-15,2025-05-15 14:24:00,679.87,679.87,679.81,679.81,-0.01,63.9,43453.23,-1
2025-05-15,2025-05-15 14:25:00,679.81,679.81,679.75,679.75,-0.01,63.9,43453.23,-1
2025-05-15,2025-05-15 14:26:00,679.75,679.75,679.69,679.69,-0.01,63.9,43453.23,-1
2025-05-15,2025-05-15 14:27:00,679.69,679.69,679.63,679.63,-0.01,63.9,43453.23,-1
2025-05-15,2025-05-15 14:28:00,679.63,679.63,679.57,679.57,-0.01,63.9,43453.23,-1
2025-05-15,2025-05-15 14:29:00,679.57,679.57,679.51,679.51,-0.01,63.9,43453.23,-1
2025-05-15,2025-05-15 14:30:00,679.51,679.51,679.45,679.45,-0.01,63.9,43453.23,-1
2025-05-15,2025-05-15 14:31:00,679.45,679.45,679.39,679.39,-0.01,63.9,43453.23,-1
2025-05-15,2025-05-15 14:32:00,679.39,679.39,679.32,679.32,-0.01,63.9,43453.23,-1
2025-05-15,2025-05-15 14:33:00,679.32,679.32,679.26,679.26,-0.01,63.9,43453.23,-1
2025-05-15,2025-05-15 14:34:00,679.26,679.26,679.2,679.2,-0.01,63.9,43453.23,-1
2025-05-15,2025-05-15 14:35:00,679.2,679.2,679.14,679.14,-0.01,63.9,43453.23,-1
2025-05-15,2025-05-15 14:36:00,679.14,679.14,679.08,679.08,-0.01,63.9,43453.23,-1
2025-05-15,2025-05-15 14:37:00,679.08,679.08,679.02,679.02,-0.01,63.9,43453.23,-1
2025-05-15,2025-05-15 14:38:00,679.02,679.02,678.96,678.96,-0.01,63.9,43453.23,-1
2025-05-15,2025-05-15 14:39:00,678.96,678.96,678.9,678.9,-0.01,63.9,43453.23,-1
2025-05-15,2025-05-15 14:40:00,678.9,678.9,678.84,678.84,-0.01,63.9,43453.23,-1
2025-05-15,2025-05-15 14:41:00,678.84,678.84,678.78,678.78,-0.01,63.9,43453.23,-1
2025-05-15,2025-05-15 14:42:00,678.78,678.78,678.72,678.72,-0.01,63.9,43453.23,-1
2025-05-15,2025-05-15 14:43:00,678.72,678.72,678.65,678.65,-0.01,63.9,43453.23,-1
2025-05-15,2025-05-15 14:44:00,678.65,678.65,678.59,678.59,-0.01,63.9,43453.23,-1
2025-05-15,2025-05-15 14:45:00,678.59,678.59,678.53,678.53,-0.01,63.9,43453.23,-1
2025-05-15,2025-05-15 14:46:00,678.53,678.53,678.47,678.47,-0.01,63.9,43453.23,-1
2025-05-15,2025-05-15 14:47:00,678.47,678.47,678.41,678.41,-0.01,63.9,43453.23,-1
2025-05-15,2025-05-15 14:48:00,678.41,678.41,678.35,678.35,-0.01,63.9,43453.23,-1
2025-05-15,2025-05-15 14:49:00,678.35,678.35,678.29,678.29,-0.01,63.9,43453.23,-1
2025-05-15,2025-05-15 14:50:00,678.29,678.29,678.23,678.23,-0.01,63.9,43453.23,-1
2025-05-15,2025-05-15 14:51:00,678.23,678.23,678.17,678.17,-0.01,63.9,43453.23,-1
2025-05-15,2025-05-15 14:52:00,678.17,678.17,678.11,678.11,-0.01,63.9,43453.23,-1
2025-05-15,2025-05-15 14:53:00,678.11,678.11,678.05,678.05,-0.01,63.9,43453.23,-1
2025-05-15,2025-05-15 14:54:00,678.05,678.05,677.98,677.98,-0.01,63.9,43453.23,-1
2025-05-15,2025-05-15 14:55:00,677.98,677.98,677.92,677.92,-0.01,63.9,43453.23,-1
2025-05-15,2025-05-15 14:56:00,677.92,677.92,677.86,677.86,-0.01,63.9,43453.23,-1
2025-05-15,2025-05-15 14:57:00,677.86,677.86,677.8,677.8,-0.01,63.9,43453.23,-1
2025-05-15,2025-05-15 14:58:00,677.8,677.8,677.74,677.74,-0.01,63.9,43453.23,-1
2025-05-15,2025-05-15 14:59:00,677.74,677.74,677.68,677.68,-0.01,63.9,43453.23,-1
2025-05-15,2025-05-15 15:00:00,677.68,692.3,675.3,677.68,0.0,63.9,43453.23,0
2025-05-18,2025-05-18 11:00:00,675.0,678.0,672.0,674.97,-0.0,24.49,16437.69,-1
2025-05-18,2025-05-18 11:01:00,674.97,674.97,674.94,674.94,-0.0,24.49,16437.69,-1
2025-05-18,2025-05-18 11:02:00,674.94,674.94,674.91,674.91,-0.0,24.49,16437.69,-1
2025-05-18,2025-05-18 11:03:00,674.91,674.91,674.88,674.88,-0.0,24.49,16437.69,-1
2025-05-18,2025-05-18 11:04:00,674.88,674.88,674.85,674.85,-0.0,24.49,16437.69,-1
2025-05-18,2025-05-18 11:05:00,674.85,674.85,674.82,674.82,-0.0,24.49,16437.69,-1
2025-05-18,2025-05-18 11:06:00,674.82,674.82,674.79,674.79,-0.0,24.49,16437.69,-1
2025-05-18,2025-05-18 11:07:00,674.79,674.79,674.76,674.76,-0.0,24.49,16437.69,-1
2025-05-18,2025-05-18 11:08:00,674.76,674.76,674.73,674.73,-0.0,24.49,16437.69,-1
2025-05-18,2025-05-18 11:09:00,674.73,674.73,674.7,674.7,-0.0,24.49,16437.69,-1
2025-05-18,2025-05-18 11:10:00,674.7,674.7,674.67,674.67,-0.0,24.49,16437.69,-1
2025-05-18,2025-05-18 11:11:00,674.67,674.67,674.64,674.64,-0.0,24.49,16437.69,-1
2025-05-18,2025-05-18 11:12:00,674.64,674.64,674.61,674.61,-0.0,24.49,16437.69,-1
2025-05-18,2025-05-18 11:13:00,674.61,674.61,674.58,674.58,-0.0,24.49,16437.69,-1
2025-05-18,2025-05-18 11:14:00,674.58,674.58,674.55,674.55,-0.0,24.49,16437.69,-1
2025-05-18,2025-05-18 11:15:00,674.55,674.55,674.52,674.52,-0.0,24.49,16437.69,-1
2025-05-18,2025-05-18 11:16:00,674.52,674.52,674.49,674.49,-0.0,24.49,16437.69,-1
2025-05-18,2025-05-18 11:17:00,674.49,674.49,674.46,674.46,-0.0,24.49,16437.69,-1
2025-05-18,2025-05-18 11:18:00,674.46,674.46,674.43,674.43,-0.0,24.49,16437.69,-1
2025-05-18,2025-05-18 11:19:00,674.43,674.43,674.4,674.4,-0.0,24.49,16437.69,-1
2025-05-18,2025-05-18 11:20:00,674.4,674.4,674.37,674.37,-0.0,24.49,16437.69,-1
2025-05-18,2025-05-18 11:21:00,674.37,674.37,674.34,674.34,-0.0,24.49,16437.69,-1
2025-05-18,2025-05-18 11:22:00,674.34,674.34,674.31,674.31,-0.0,24.49,16437.69,-1
2025-05-18,2025-05-18 11:23:00,674.31,674.31,674.27,674.27,-0.01,24.49,16437.69,-1
2025-05-18,2025-05-18 11:24:00,674.27,674.27,674.24,674.24,-0.0,24.49,16437.69,-1
2025-05-18,2025-05-18 11:25:00,674.24,674.24,674.21,674.21,-0.0,24.49,16437.69,-1
2025-05-18,2025-05-18 11:26:00,674.21,674.21,674.18,674.18,-0.0,24.49,16437.69,-1
2025-05-18,2025-05-18 11:27:00,674.18,674.18,674.15,674.15,-0.0,24.49,16437.69,-1
2025-05-18,2025-05-18 11:28:00,674.15,674.15,674.12,674.12,-0.0,24.49,16437.69,-1
2025-05-18,2025-05-18 11:29:00,674.12,674.12,674.09,674.09,-0.0,24.49,16437.69,-1
2025-05-18,2025-05-18 11:30:00,674.09,674.09,674.06,674.06,-0.0,24.49,16437.69,-1
2025-05-18,2025-05-18 11:31:00,674.06,674.06,674.03,674.03,-0.0,24.49,16437.69,-1
2025-05-18,2025-05-18 11:32:00,674.03,674.03,674.0,674.0,-0.0,24.49,16437.69,-1
2025-05-18,2025-05-18 11:33:00,674.0,674.0,673.97,673.97,-0.0,24.49,16437.69,-1
2025-05-18,2025-05-18 11:34:00,673.97,673.97,673.94,673.94,-0.0,24.49,16437.69,-1
2025-05-18,2025-05-18 11:35:00,673.94,673.94,673.91,673.91,-0.0,24.49,16437.69,-1
2025-05-18,2025-05-18 11:36:00,673.91,673.91,673.88,673.88,-0.0,24.49,16437.69,-1
2025-05-18,2025-05-18 11:37:00,673.88,673.88,673.85,673.85,-0.0,24.49,16437.69,-1
2025-05-18,2025-05-18 11:38:00,673.85,673.85,673.82,673.82,-0.0,24.49,16437.69,-1
2025-05-18,2025-05-18 11:39:00,673.82,673.82,673.79,673.79,-0.0,24.49,16437.69,-1
2025-05-18,2025-05-18 11:40:00,673.79,673.79,673.76,673.76,-0.0,24.49,16437.69,-1
2025-05-18,2025-05-18 11:41:00,673.76,673.76,673.73,673.73,-0.0,24.49,16437.69,-1
2025-05-18,2025-05-18 11:42:00,673.73,673.73,673.7,673.7,-0.0,24.49,16437.69,-1
2025-05-18,2025-05-18 11:43:00,673.7,673.7,673.67,673.67,-0.0,24.49,16437.69,-1
2025-05-18,2025-05-18 11:44:00,673.67,673.67,673.64,673.64,-0.0,24.49,16437.69,-1
2025-05-18,2025-05-18 11:45:00,673.64,673.64,673.61,673.61,-0.0,24.49,16437.69,-1
2025-05-18,2025-05-18 11:46:00,673.61,673.61,673.58,673.58,-0.0,24.49,16437.69,-1
2025-05-18,2025-05-18 11:47:00,673.58,673.58,673.55,673.55,-0.0,24.49,16437.69,-1
2025-05-18,2025-05-18 11:48:00,673.55,673.55,673.52,673.52,-0.0,24.49,16437.69,-1
2025-05-18,2025-05-18 11:49:00,673.52,673.52,673.49,673.49,-0.0,24.49,16437.69,-1
2025-05-18,2025-05-18 11:50:00,673.49,673.49,673.46,673.46,-0.0,24.49,16437.69,-1
2025-05-18,2025-05-18 11:51:00,673.46,673.46,673.43,673.43,-0.0,24.49,16437.69,-1
2025-05-18,2025-05-18 11:52:00,673.43,673.43,673.4,673.4,-0.0,24.49,16437.69,-1
2025-05-18,2025-05-18 11:53:00,673.4,673.4,673.37,673.37,-0.0,24.49,16437.69,-1
2025-05-18,2025-05-18 11:54:00,673.37,673.37,673.34,673.34,-0.0,24.49,16437.69,-1
2025-05-18,2025-05-18 11:55:00,673.34,673.34,673.31,673.31,-0.0,24.49,16437.69,-1
2025-05-18,2025-05-18 11:56:00,673.31,673.31,673.28,673.28,-0.0,24.49,16437.69,-1
2025-05-18,2025-05-18 11:57:00,673.28,673.28,673.25,673.25,-0.0,24.49,16437.69,-1
2025-05-18,2025-05-18 11:58:00,673.25,673.25,673.22,673.22,-0.0,24.49,16437.69,-1
2025-05-18,2025-05-18 11:59:00,673.22,673.22,673.19,673.19,-0.0,24.49,16437.69,-1
2025-05-18,2025-05-18 12:00:00,673.19,673.19,673.16,673.16,-0.0,24.49,16437.69,-1
2025-05-18,2025-05-18 12:01:00,673.16,673.16,673.13,673.13,-0.0,24.49,16437.69,-1
2025-05-18,2025-05-18 12:02:00,673.13,673.13,673.1,673.1,-0.0,24.49,16437.69,-1
2025-05-18,2025-05-18 12:03:00,673.1,673.1,673.07,673.07,-0.0,24.49,16437.69,-1
2025-05-18,2025-05-18 12:04:00,673.07,673.07,673.04,673.04,-0.0,24.49,16437.69,-1
2025-05-18,2025-05-18 12:05:00,673.04,673.04,673.01,673.01,-0.0,24.49,16437.69,-1
2025-05-18,2025-05-18 12:06:00,673.01,673.01,672.98,672.98,-0.0,24.49,16437.69,-1
2025-05-18,2025-05-18 12:07:00,672.98,672.98,672.95,672.95,-0.0,24.49,16437.69,-1
2025-05-18,2025-05-18 12:08:00,672.95,672.95,672.92,672.92,-0.0,24.49,16437.69,-1
2025-05-18,2025-05-18 12:09:00,672.92,672.92,672.89,672.89,-0.0,24.49,16437.69,-1
2025-05-18,2025-05-18 12:10:00,672.89,672.89,672.86,672.86,-0.0,24.49,16437.69,-1
2025-05-18,2025-05-18 12:11:00,672.86,672.86,672.83,672.83,-0.0,24.49,16437.69,-1
2025-05-18,2025-05-18 12:12:00,672.83,672.83,672.79,672.79,-0.01,24.49,16437.69,-1
2025-05-18,2025-05-18 12:13:00,672.79,672.79,672.76,672.76,-0.0,24.49,16437.69,-1
2025-05-18,2025-05-18 12:14:00,672.76,672.76,672.73,672.73,-0.0,24.49,16437.69,-1
2025-05-18,2025-05-18 12:15:00,672.73,672.73,672.7,672.7,-0.0,24.49,16437.69,-1
2025-05-18,2025-05-18 12:16:00,672.7,672.7,672.67,672.67,-0.0,24.49,16437.69,-1
2025-05-18,2025-05-18 12:17:00,672.67,672.67,672.64,672.64,-0.0,24.49,16437.69,-1
2025-05-18,2025-05-18 12:18:00,672.64,672.64,672.61,672.61,-0.0,24.49,16437.69,-1
2025-05-18,2025-05-18 12:19:00,672.61,672.61,672.58,672.58,-0.0,24.49,16437.69,-1
2025-05-18,2025-05-18 12:20:00,672.58,672.58,672.55,672.55,-0.0,24.49,16437.69,-1
2025-05-18,2025-05-18 12:21:00,672.55,672.55,672.52,672.52,-0.0,24.49,16437.69,-1
2025-05-18,2025-05-18 12:22:00,672.52,672.52,672.49,672.49,-0.0,24.49,16437.69,-1
2025-05-18,2025-05-18 12:23:00,672.49,672.49,672.46,672.46,-0.0,24.49,16437.69,-1
2025-05-18,2025-05-18 12:24:00,672.46,672.46,672.43,672.43,-0.0,24.49,16437.69,-1
2025-05-18,2025-05-18 12:25:00,672.43,672.43,672.4,672.4,-0.0,24.49,16437.69,-1
2025-05-18,2025-05-18 12:26:00,672.4,672.4,672.37,672.37,-0.0,24.49,16437.69,-1
2025-05-18,2025-05-18 12:27:00,672.37,672.37,672.34,672.34,-0.0,24.49,16437.69,-1
2025-05-18,2025-05-18 12:28:00,672.34,672.34,672.31,672.31,-0.0,24.49,16437.69,-1
2025-05-18,2025-05-18 12:29:00,672.31,672.31,672.28,672.28,-0.0,24.49,16437.69,-1
2025-05-18,2025-05-18 12:30:00,672.28,672.28,672.25,672.25,-0.0,24.49,16437.69,-1
2025-05-18,2025-05-18 12:31:00,672.25,672.25,672.22,672.22,-0.0,24.49,16437.69,-1
2025-05-18,2025-05-18 12:32:00,672.22,672.22,672.19,672.19,-0.0,24.49,16437.69,-1
2025-05-18,2025-05-18 12:33:00,672.19,672.19,672.16,672.16,-0.0,24.49,16437.69,-1
2025-05-18,2025-05-18 12:34:00,672.16,672.16,672.13,672.13,-0.0,24.49,16437.69,-1
2025-05-18,2025-05-18 12:35:00,672.13,672.13,672.1,672.1,-0.0,24.49,16437.69,-1
2025-05-18,2025-05-18 12:36:00,672.1,672.1,672.07,672.07,-0.0,24.49,16437.69,-1
2025-05-18,2025-05-18 12:37:00,672.07,672.07,672.04,672.04,-0.0,24.49,16437.69,-1
2025-05-18,2025-05-18 12:38:00,672.04,672.04,672.01,672.01,-0.0,24.49,16437.69,-1
2025-05-18,2025-05-18 12:39:00,672.01,672.01,671.98,671.98,-0.0,24.49,16437.69,-1
2025-05-18,2025-05-18 12:40:00,671.98,671.98,671.95,671.95,-0.0,24.49,16437.69,-1
2025-05-18,2025-05-18 12:41:00,671.95,671.95,671.92,671.92,-0.0,24.49,16437.69,-1
2025-05-18,2025-05-18 12:42:00,671.92,671.92,671.89,671.89,-0.0,24.49,16437.69,-1
2025-05-18,2025-05-18 12:43:00,671.89,671.89,671.86,671.86,-0.0,24.49,16437.69,-1
2025-05-18,2025-05-18 12:44:00,671.86,671.86,671.83,671.83,-0.0,24.49,16437.69,-1
2025-05-18,2025-05-18 12:45:00,671.83,671.83,671.8,671.8,-0.0,24.49,16437.69,-1
2025-05-18,2025-05-18 12:46:00,671.8,671.8,671.77,671.77,-0.0,24.49,16437.69,-1
2025-05-18,2025-05-18 12:47:00,671.77,671.77,671.74,671.74,-0.0,24.49,16437.69,-1
2025-05-18,2025-05-18 12:48:00,671.74,671.74,671.71,671.71,-0.0,24.49,16437.69,-1
2025-05-18,2025-05-18 12:49:00,671.71,671.71,671.68,671.68,-0.0,24.49,16437.69,-1
2025-05-18,2025-05-18 12:50:00,671.68,671.68,671.65,671.65,-0.0,24.49,16437.69,-1
2025-05-18,2025-05-18 12:51:00,671.65,671.65,671.62,671.62,-0.0,24.49,16437.69,-1
2025-05-18,2025-05-18 12:52:00,671.62,671.62,671.59,671.59,-0.0,24.49,16437.69,-1
2025-05-18,2025-05-18 12:53:00,671.59,671.59,671.56,671.56,-0.0,24.49,16437.69,-1
2025-05-18,2025-05-18 12:54:00,671.56,671.56,671.53,671.53,-0.0,24.49,16437.69,-1
2025-05-18,2025-05-18 12:55:00,671.53,671.53,671.5,671.5,-0.0,24.49,16437.69,-1
2025-05-18,2025-05-18 12:56:00,671.5,671.5,671.47,671.47,-0.0,24.49,16437.69,-1
2025-05-18,2025-05-18 12:57:00,671.47,671.47,671.44,671.44,-0.0,24.49,16437.69,-1
2025-05-18,2025-05-18 12:58:00,671.44,671.44,671.41,671.41,-0.0,24.49,16437.69,-1
2025-05-18,2025-05-18 12:59:00,671.41,671.41,671.38,671.38,-0.0,24.49,16437.69,-1
2025-05-18,2025-05-18 13:00:00,671.38,685.0,665.0,671.34,-0.01,24.49,16437.69,-1
2025-05-18,2025-05-18 13:01:00,671.34,671.34,671.31,671.31,-0.0,24.49,16437.69,-1
2025-05-18,2025-05-18 13:02:00,671.31,671.31,671.28,671.28,-0.0,24.49,16437.69,-1
2025-05-18,2025-05-18 13:03:00,671.28,671.28,671.25,671.25,-0.0,24.49,16437.69,-1
2025-05-18,2025-05-18 13:04:00,671.25,671.25,671.22,671.22,-0.0,24.49,16437.69,-1
2025-05-18,2025-05-18 13:05:00,671.22,671.22,671.19,671.19,-0.0,24.49,16437.69,-1
2025-05-18,2025-05-18 13:06:00,671.19,671.19,671.16,671.16,-0.0,24.49,16437.69,-1
2025-05-18,2025-05-18 13:07:00,671.16,671.16,671.13,671.13,-0.0,24.49,16437.69,-1
2025-05-18,2025-05-18 13:08:00,671.13,671.13,671.1,671.1,-0.0,24.49,16437.69,-1
2025-05-18,2025-05-18 13:09:00,671.1,671.1,671.07,671.07,-0.0,24.49,16437.69,-1
2025-05-18,2025-05-18 13:10:00,671.07,671.07,671.04,671.04,-0.0,24.49,16437.69,-1
2025-05-18,2025-05-18 13:11:00,671.04,671.04,671.01,671.01,-0.0,24.49,16437.69,-1
2025-05-18,2025-05-18 13:12:00,671.01,671.01,670.98,670.98,-0.0,24.49,16437.69,-1
2025-05-18,2025-05-18 13:13:00,670.98,670.98,670.95,670.95,-0.0,24.49,16437.69,-1
2025-05-18,2025-05-18 13:14:00,670.95,670.95,670.92,670.92,-0.0,24.49,16437.69,-1
2025-05-18,2025-05-18 13:15:00,670.92,670.92,670.89,670.89,-0.0,24.49,16437.69,-1
2025-05-18,2025-05-18 13:16:00,670.89,670.89,670.86,670.86,-0.0,24.49,16437.69,-1
2025-05-18,2025-05-18 13:17:00,670.86,670.86,670.83,670.83,-0.0,24.49,16437.69,-1
2025-05-18,2025-05-18 13:18:00,670.83,670.83,670.8,670.8,-0.0,24.49,16437.69,-1
2025-05-18,2025-05-18 13:19:00,670.8,670.8,670.77,670.77,-0.0,24.49,16437.69,-1
2025-05-18,2025-05-18 13:20:00,670.77,670.77,670.74,670.74,-0.0,24.49,16437.69,-1
2025-05-18,2025-05-18 13:21:00,670.74,670.74,670.71,670.71,-0.0,24.49,16437.69,-1
2025-05-18,2025-05-18 13:22:00,670.71,670.71,670.68,670.68,-0.0,24.49,16437.69,-1
2025-05-18,2025-05-18 13:23:00,670.68,670.68,670.65,670.65,-0.0,24.49,16437.69,-1
2025-05-18,2025-05-18 13:24:00,670.65,670.65,670.62,670.62,-0.0,24.49,16437.69,-1
2025-05-18,2025-05-18 13:25:00,670.62,670.62,670.59,670.59,-0.0,24.49,16437.69,-1
2025-05-18,2025-05-18 13:26:00,670.59,670.59,670.56,670.56,-0.0,24.49,16437.69,-1
2025-05-18,2025-05-18 13:27:00,670.56,670.56,670.53,670.53,-0.0,24.49,16437.69,-1
2025-05-18,2025-05-18 13:28:00,670.53,670.53,670.5,670.5,-0.0,24.49,16437.69,-1
2025-05-18,2025-05-18 13:29:00,670.5,670.5,670.47,670.47,-0.0,24.49,16437.69,-1
2025-05-18,2025-05-18 13:30:00,670.47,670.47,670.44,670.44,-0.0,24.49,16437.69,-1
2025-05-18,2025-05-18 13:31:00,670.44,670.44,670.41,670.41,-0.0,24.49,16437.69,-1
2025-05-18,2025-05-18 13:32:00,670.41,670.41,670.38,670.38,-0.0,24.49,16437.69,-1
2025-05-18,2025-05-18 13:33:00,670.38,670.38,670.35,670.35,-0.0,24.49,16437.69,-1
2025-05-18,2025-05-18 13:34:00,670.35,670.35,670.32,670.32,-0.0,24.49,16437.69,-1
2025-05-18,2025-05-18 13:35:00,670.32,670.32,670.29,670.29,-0.0,24.49,16437.69,-1
2025-05-18,2025-05-18 13:36:00,670.29,670.29,670.26,670.26,-0.0,24.49,16437.69,-1
2025-05-18,2025-05-18 13:37:00,670.26,670.26,670.23,670.23,-0.0,24.49,16437.69,-1
2025-05-18,2025-05-18 13:38:00,670.23,670.23,670.2,670.2,-0.0,24.49,16437.69,-1
2025-05-18,2025-05-18 13:39:00,670.2,670.2,670.17,670.17,-0.0,24.49,16437.69,-1
2025-05-18,2025-05-18 13:40:00,670.17,670.17,670.14,670.14,-0.0,24.49,16437.69,-1
2025-05-18,2025-05-18 13:41:00,670.14,670.14,670.11,670.11,-0.0,24.49,16437.69,-1
2025-05-18,2025-05-18 13:42:00,670.11,670.11,670.08,670.08,-0.0,24.49,16437.69,-1
2025-05-18,2025-05-18 13:43:00,670.08,670.08,670.05,670.05,-0.0,24.49,16437.69,-1
2025-05-18,2025-05-18 13:44:00,670.05,670.05,670.02,670.02,-0.0,24.49,16437.69,-1
2025-05-18,2025-05-18 13:45:00,670.02,670.02,669.99,669.99,-0.0,24.49,16437.69,-1
2025-05-18,2025-05-18 13:46:00,669.99,669.99,669.96,669.96,-0.0,24.49,16437.69,-1
2025-05-18,2025-05-18 13:47:00,669.96,669.96,669.92,669.92,-0.01,24.49,16437.69,-1
2025-05-18,2025-05-18 13:48:00,669.92,669.92,669.89,669.89,-0.0,24.49,16437.69,-1
2025-05-18,2025-05-18 13:49:00,669.89,669.89,669.86,669.86,-0.0,24.49,16437.69,-1
2025-05-18,2025-05-18 13:50:00,669.86,669.86,669.83,669.83,-0.0,24.49,16437.69,-1
2025-05-18,2025-05-18 13:51:00,669.83,669.83,669.8,669.8,-0.0,24.49,16437.69,-1
2025-05-18,2025-05-18 13:52:00,669.8,669.8,669.77,669.77,-0.0,24.49,16437.69,-1
2025-05-18,2025-05-18 13:53:00,669.77,669.77,669.74,669.74,-0.0,24.49,16437.69,-1
2025-05-18,2025-05-18 13:54:00,669.74,669.74,669.71,669.71,-0.0,24.49,16437.69,-1
2025-05-18,2025-05-18 13:55:00,669.71,669.71,669.68,669.68,-0.0,24.49,16437.69,-1
2025-05-18,2025-05-18 13:56:00,669.68,669.68,669.65,669.65,-0.0,24.49,16437.69,-1
2025-05-18,2025-05-18 13:57:00,669.65,669.65,669.62,669.62,-0.0,24.49,16437.69,-1
2025-05-18,2025-05-18 13:58:00,669.62,669.62,669.59,669.59,-0.0,24.49,16437.69,-1
2025-05-18,2025-05-18 13:59:00,669.59,669.59,669.56,669.56,-0.0,24.49,16437.69,-1
2025-05-18,2025-05-18 14:00:00,669.56,669.56,669.53,669.53,-0.0,24.49,16437.69,-1
2025-05-18,2025-05-18 14:01:00,669.53,669.53,669.5,669.5,-0.0,24.49,16437.69,-1
2025-05-18,2025-05-18 14:02:00,669.5,669.5,669.47,669.47,-0.0,24.49,16437.69,-1
2025-05-18,2025-05-18 14:03:00,669.47,669.47,669.44,669.44,-0.0,24.49,16437.69,-1
2025-05-18,2025-05-18 14:04:00,669.44,669.44,669.41,669.41,-0.0,24.49,16437.69,-1
2025-05-18,2025-05-18 14:05:00,669.41,669.41,669.38,669.38,-0.0,24.49,16437.69,-1
2025-05-18,2025-05-18 14:06:00,669.38,669.38,669.35,669.35,-0.0,24.49,16437.69,-1
2025-05-18,2025-05-18 14:07:00,669.35,669.35,669.32,669.32,-0.0,24.49,16437.69,-1
2025-05-18,2025-05-18 14:08:00,669.32,669.32,669.29,669.29,-0.0,24.49,16437.69,-1
2025-05-18,2025-05-18 14:09:00,669.29,669.29,669.26,669.26,-0.0,24.49,16437.69,-1
2025-05-18,2025-05-18 14:10:00,669.26,669.26,669.23,669.23,-0.0,24.49,16437.69,-1
2025-05-18,2025-05-18 14:11:00,669.23,669.23,669.2,669.2,-0.0,24.49,16437.69,-1
2025-05-18,2025-05-18 14:12:00,669.2,669.2,669.17,669.17,-0.0,24.49,16437.69,-1
2025-05-18,2025-05-18 14:13:00,669.17,669.17,669.14,669.14,-0.0,24.49,16437.69,-1
2025-05-18,2025-05-18 14:14:00,669.14,669.14,669.11,669.11,-0.0,24.49,16437.69,-1
2025-05-18,2025-05-18 14:15:00,669.11,669.11,669.08,669.08,-0.0,24.49,16437.69,-1
2025-05-18,2025-05-18 14:16:00,669.08,669.08,669.05,669.05,-0.0,24.49,16437.69,-1
2025-05-18,2025-05-18 14:17:00,669.05,669.05,669.02,669.02,-0.0,24.49,16437.69,-1
2025-05-18,2025-05-18 14:18:00,669.02,669.02,668.99,668.99,-0.0,24.49,16437.69,-1
2025-05-18,2025-05-18 14:19:00,668.99,668.99,668.96,668.96,-0.0,24.49,16437.69,-1
2025-05-18,2025-05-18 14:20:00,668.96,668.96,668.93,668.93,-0.0,24.49,16437.69,-1
2025-05-18,2025-05-18 14:21:00,668.93,668.93,668.9,668.9,-0.0,24.49,16437.69,-1
2025-05-18,2025-05-18 14:22:00,668.9,668.9,668.87,668.87,-0.0,24.49,16437.69,-1
2025-05-18,2025-05-18 14:23:00,668.87,668.87,668.84,668.84,-0.0,24.49,16437.69,-1
2025-05-18,2025-05-18 14:24:00,668.84,668.84,668.81,668.81,-0.0,24.49,16437.69,-1
2025-05-18,2025-05-18 14:25:00,668.81,668.81,668.78,668.78,-0.0,24.49,16437.69,-1
2025-05-18,2025-05-18 14:26:00,668.78,668.78,668.75,668.75,-0.0,24.49,16437.69,-1
2025-05-18,2025-05-18 14:27:00,668.75,668.75,668.72,668.72,-0.0,24.49,16437.69,-1
2025-05-18,2025-05-18 14:28:00,668.72,668.72,668.69,668.69,-0.0,24.49,16437.69,-1
2025-05-18,2025-05-18 14:29:00,668.69,668.69,668.66,668.66,-0.0,24.49,16437.69,-1
2025-05-18,2025-05-18 14:30:00,668.66,668.66,668.63,668.63,-0.0,24.49,16437.69,-1
2025-05-18,2025-05-18 14:31:00,668.63,668.63,668.6,668.6,-0.0,24.49,16437.69,-1
2025-05-18,2025-05-18 14:32:00,668.6,668.6,668.57,668.57,-0.0,24.49,16437.69,-1
2025-05-18,2025-05-18 14:33:00,668.57,668.57,668.54,668.54,-0.0,24.49,16437.69,-1
2025-05-18,2025-05-18 14:34:00,668.54,668.54,668.51,668.51,-0.0,24.49,16437.69,-1
2025-05-18,2025-05-18 14:35:00,668.51,668.51,668.48,668.48,-0.0,24.49,16437.69,-1
2025-05-18,2025-05-18 14:36:00,668.48,668.48,668.44,668.44,-0.01,24.49,16437.69,-1
2025-05-18,2025-05-18 14:37:00,668.44,668.44,668.41,668.41,-0.0,24.49,16437.69,-1
2025-05-18,2025-05-18 14:38:00,668.41,668.41,668.38,668.38,-0.0,24.49,16437.69,-1
2025-05-18,2025-05-18 14:39:00,668.38,668.38,668.35,668.35,-0.0,24.49,16437.69,-1
2025-05-18,2025-05-18 14:40:00,668.35,668.35,668.32,668.32,-0.0,24.49,16437.69,-1
2025-05-18,2025-05-18 14:41:00,668.32,668.32,668.29,668.29,-0.0,24.49,16437.69,-1
2025-05-18,2025-05-18 14:42:00,668.29,668.29,668.26,668.26,-0.0,24.49,16437.69,-1
2025-05-18,2025-05-18 14:43:00,668.26,668.26,668.23,668.23,-0.0,24.49,16437.69,-1
2025-05-18,2025-05-18 14:44:00,668.23,668.23,668.2,668.2,-0.0,24.49,16437.69,-1
2025-05-18,2025-05-18 14:45:00,668.2,668.2,668.17,668.17,-0.0,24.49,16437.69,-1
2025-05-18,2025-05-18 14:46:00,668.17,668.17,668.14,668.14,-0.0,24.49,16437.69,-1
2025-05-18,2025-05-18 14:47:00,668.14,668.14,668.11,668.11,-0.0,24.49,16437.69,-1
2025-05-18,2025-05-18 14:48:00,668.11,668.11,668.08,668.08,-0.0,24.49,16437.69,-1
2025-05-18,2025-05-18 14:49:00,668.08,668.08,668.05,668.05,-0.0,24.49,16437.69,-1
2025-05-18,2025-05-18 14:50:00,668.05,668.05,668.02,668.02,-0.0,24.49,16437.69,-1
2025-05-18,2025-05-18 14:51:00,668.02,668.02,667.99,667.99,-0.0,24.49,16437.69,-1
2025-05-18,2025-05-18 14:52:00,667.99,667.99,667.96,667.96,-0.0,24.49,16437.69,-1
2025-05-18,2025-05-18 14:53:00,667.96,667.96,667.93,667.93,-0.0,24.49,16437.69,-1
2025-05-18,2025-05-18 14:54:00,667.93,667.93,667.9,667.9,-0.0,24.49,16437.69,-1
2025-05-18,2025-05-18 14:55:00,667.9,667.9,667.87,667.87,-0.0,24.49,16437.69,-1
2025-05-18,2025-05-18 14:56:00,667.87,667.87,667.84,667.84,-0.0,24.49,16437.69,-1
2025-05-18,2025-05-18 14:57:00,667.84,667.84,667.81,667.81,-0.0,24.49,16437.69,-1
2025-05-18,2025-05-18 14:58:00,667.81,667.81,667.78,667.78,-0.0,24.49,16437.69,-1
2025-05-18,2025-05-18 14:59:00,667.78,667.78,667.75,667.75,-0.0,24.49,16437.69,-1
2025-05-18,2025-05-18 15:00:00,667.75,685.0,665.0,667.75,0.0,24.49,16437.69,0
2025-05-19,2025-05-19 11:00:00,675.0,676.5,668.16,674.98,-0.0,63.91,42451.85,-1
2025-05-19,2025-05-19 11:01:00,674.98,674.98,674.96,674.96,-0.0,63.91,42451.85,-1
2025-05-19,2025-05-19 11:02:00,674.96,674.96,674.95,674.95,-0.0,63.91,42451.85,-1
2025-05-19,2025-05-19 11:03:00,674.95,674.95,674.93,674.93,-0.0,63.91,42451.85,-1
2025-05-19,2025-05-19 11:04:00,674.93,674.93,674.91,674.91,-0.0,63.91,42451.85,-1
2025-05-19,2025-05-19 11:05:00,674.91,674.91,674.89,674.89,-0.0,63.91,42451.85,-1
2025-05-19,2025-05-19 11:06:00,674.89,674.89,674.88,674.88,-0.0,63.91,42451.85,-1
2025-05-19,2025-05-19 11:07:00,674.88,674.88,674.86,674.86,-0.0,63.91,42451.85,-1
2025-05-19,2025-05-19 11:08:00,674.86,674.86,674.84,674.84,-0.0,63.91,42451.85,-1
2025-05-19,2025-05-19 11:09:00,674.84,674.84,674.82,674.82,-0.0,63.91,42451.85,-1
2025-05-19,2025-05-19 11:10:00,674.82,674.82,674.81,674.81,-0.0,63.91,42451.85,-1
2025-05-19,2025-05-19 11:11:00,674.81,674.81,674.79,674.79,-0.0,63.91,42451.85,-1
2025-05-19,2025-05-19 11:12:00,674.79,674.79,674.77,674.77,-0.0,63.91,42451.85,-1
2025-05-19,2025-05-19 11:13:00,674.77,674.77,674.75,674.75,-0.0,63.91,42451.85,-1
2025-05-19,2025-05-19 11:14:00,674.75,674.75,674.73,674.73,-0.0,63.91,42451.85,-1
2025-05-19,2025-05-19 11:15:00,674.73,674.73,674.72,674.72,-0.0,63.91,42451.85,-1
2025-05-19,2025-05-19 11:16:00,674.72,674.72,674.7,674.7,-0.0,63.91,42451.85,-1
2025-05-19,2025-05-19 11:17:00,674.7,674.7,674.68,674.68,-0.0,63.91,42451.85,-1
2025-05-19,2025-05-19 11:18:00,674.68,674.68,674.66,674.66,-0.0,63.91,42451.85,-1
2025-05-19,2025-05-19 11:19:00,674.66,674.66,674.65,674.65,-0.0,63.91,42451.85,-1
2025-05-19,2025-05-19 11:20:00,674.65,674.65,674.63,674.63,-0.0,63.91,42451.85,-1
2025-05-19,2025-05-19 11:21:00,674.63,674.63,674.61,674.61,-0.0,63.91,42451.85,-1
2025-05-19,2025-05-19 11:22:00,674.61,674.61,674.59,674.59,-0.0,63.91,42451.85,-1
2025-05-19,2025-05-19 11:23:00,674.59,674.59,674.58,674.58,-0.0,63.91,42451.85,-1
2025-05-19,2025-05-19 11:24:00,674.58,674.58,674.56,674.56,-0.0,63.91,42451.85,-1
2025-05-19,2025-05-19 11:25:00,674.56,674.56,674.54,674.54,-0.0,63.91,42451.85,-1
2025-05-19,2025-05-19 11:26:00,674.54,674.54,674.52,674.52,-0.0,63.91,42451.85,-1
2025-05-19,2025-05-19 11:27:00,674.52,674.52,674.5,674.5,-0.0,63.91,42451.85,-1
2025-05-19,2025-05-19 11:28:00,674.5,674.5,674.49,674.49,-0.0,63.91,42451.85,-1
2025-05-19,2025-05-19 11:29:00,674.49,674.49,674.47,674.47,-0.0,63.91,42451.85,-1
2025-05-19,2025-05-19 11:30:00,674.47,674.47,674.45,674.45,-0.0,63.91,42451.85,-1
2025-05-19,2025-05-19 11:31:00,674.45,674.45,674.43,674.43,-0.0,63.91,42451.85,-1
2025-05-19,2025-05-19 11:32:00,674.43,674.43,674.42,674.42,-0.0,63.91,42451.85,-1
2025-05-19,2025-05-19 11:33:00,674.42,674.42,674.4,674.4,-0.0,63.91,42451.85,-1
2025-05-19,2025-05-19 11:34:00,674.4,674.4,674.38,674.38,-0.0,63.91,42451.85,-1
2025-05-19,2025-05-19 11:35:00,674.38,674.38,674.36,674.36,-0.0,63.91,42451.85,-1
2025-05-19,2025-05-19 11:36:00,674.36,674.36,674.34,674.34,-0.0,63.91,42451.85,-1
2025-05-19,2025-05-19 11:37:00,674.34,674.34,674.33,674.33,-0.0,63.91,42451.85,-1
2025-05-19,2025-05-19 11:38:00,674.33,674.33,674.31,674.31,-0.0,63.91,42451.85,-1
2025-05-19,2025-05-19 11:39:00,674.31,674.31,674.29,674.29,-0.0,63.91,42451.85,-1
2025-05-19,2025-05-19 11:40:00,674.29,674.29,674.27,674.27,-0.0,63.91,42451.85,-1
2025-05-19,2025-05-19 11:41:00,674.27,674.27,674.26,674.26,-0.0,63.91,42451.85,-1
2025-05-19,2025-05-19 11:42:00,674.26,674.26,674.24,674.24,-0.0,63.91,42451.85,-1
2025-05-19,2025-05-19 11:43:00,674.24,674.24,674.22,674.22,-0.0,63.91,42451.85,-1
2025-05-19,2025-05-19 11:44:00,674.22,674.22,674.2,674.2,-0.0,63.91,42451.85,-1
2025-05-19,2025-05-19 11:45:00,674.2,674.2,674.19,674.19,-0.0,63.91,42451.85,-1
2025-05-19,2025-05-19 11:46:00,674.19,674.19,674.17,674.17,-0.0,63.91,42451.85,-1
2025-05-19,2025-05-19 11:47:00,674.17,674.17,674.15,674.15,-0.0,63.91,42451.85,-1
2025-05-19,2025-05-19 11:48:00,674.15,674.15,674.13,674.13,-0.0,63.91,42451.85,-1
2025-05-19,2025-05-19 11:49:00,674.13,674.13,674.11,674.11,-0.0,63.91,42451.85,-1
2025-05-19,2025-05-19 11:50:00,674.11,674.11,674.1,674.1,-0.0,63.91,42451.85,-1
2025-05-19,2025-05-19 11:51:00,674.1,674.1,674.08,674.08,-0.0,63.91,42451.85,-1
2025-05-19,2025-05-19 11:52:00,674.08,674.08,674.06,674.06,-0.0,63.91,42451.85,-1
2025-05-19,2025-05-19 11:53:00,674.06,674.06,674.04,674.04,-0.0,63.91,42451.85,-1
2025-05-19,2025-05-19 11:54:00,674.04,674.04,674.03,674.03,-0.0,63.91,42451.85,-1
2025-05-19,2025-05-19 11:55:00,674.03,674.03,674.01,674.01,-0.0,63.91,42451.85,-1
2025-05-19,2025-05-19 11:56:00,674.01,674.01,673.99,673.99,-0.0,63.91,42451.85,-1
2025-05-19,2025-05-19 11:57:00,673.99,673.99,673.97,673.97,-0.0,63.91,42451.85,-1
2025-05-19,2025-05-19 11:58:00,673.97,673.97,673.96,673.96,-0.0,63.91,42451.85,-1
2025-05-19,2025-05-19 11:59:00,673.96,673.96,673.94,673.94,-0.0,63.91,42451.85,-1
2025-05-19,2025-05-19 12:00:00,673.94,673.94,673.92,673.92,-0.0,63.91,42451.85,-1
2025-05-19,2025-05-19 12:01:00,673.92,673.92,673.9,673.9,-0.0,63.91,42451.85,-1
2025-05-19,2025-05-19 12:02:00,673.9,673.9,673.88,673.88,-0.0,63.91,42451.85,-1
2025-05-19,2025-05-19 12:03:00,673.88,673.88,673.87,673.87,-0.0,63.91,42451.85,-1
2025-05-19,2025-05-19 12:04:00,673.87,673.87,673.85,673.85,-0.0,63.91,42451.85,-1
2025-05-19,2025-05-19 12:05:00,673.85,673.85,673.83,673.83,-0.0,63.91,42451.85,-1
2025-05-19,2025-05-19 12:06:00,673.83,673.83,673.81,673.81,-0.0,63.91,42451.85,-1
2025-05-19,2025-05-19 12:07:00,673.81,673.81,673.8,673.8,-0.0,63.91,42451.85,-1
2025-05-19,2025-05-19 12:08:00,673.8,673.8,673.78,673.78,-0.0,63.91,42451.85,-1
2025-05-19,2025-05-19 12:09:00,673.78,673.78,673.76,673.76,-0.0,63.91,42451.85,-1
2025-05-19,2025-05-19 12:10:00,673.76,673.76,673.74,673.74,-0.0,63.91,42451.85,-1
2025-05-19,2025-05-19 12:11:00,673.74,673.74,673.73,673.73,-0.0,63.91,42451.85,-1
2025-05-19,2025-05-19 12:12:00,673.73,673.73,673.71,673.71,-0.0,63.91,42451.85,-1
2025-05-19,2025-05-19 12:13:00,673.71,673.71,673.69,673.69,-0.0,63.91,42451.85,-1
2025-05-19,2025-05-19 12:14:00,673.69,673.69,673.67,673.67,-0.0,63.91,42451.85,-1
2025-05-19,2025-05-19 12:15:00,673.67,673.67,673.65,673.65,-0.0,63.91,42451.85,-1
2025-05-19,2025-05-19 12:16:00,673.65,673.65,673.64,673.64,-0.0,63.91,42451.85,-1
2025-05-19,2025-05-19 12:17:00,673.64,673.64,673.62,673.62,-0.0,63.91,42451.85,-1
2025-05-19,2025-05-19 12:18:00,673.62,673.62,673.6,673.6,-0.0,63.91,42451.85,-1
2025-05-19,2025-05-19 12:19:00,673.6,673.6,673.58,673.58,-0.0,63.91,42451.85,-1
2025-05-19,2025-05-19 12:20:00,673.58,673.58,673.57,673.57,-0.0,63.91,42451.85,-1
2025-05-19,2025-05-19 12:21:00,673.57,673.57,673.55,673.55,-0.0,63.91,42451.85,-1
2025-05-19,2025-05-19 12:22:00,673.55,673.55,673.53,673.53,-0.0,63.91,42451.85,-1
2025-05-19,2025-05-19 12:23:00,673.53,673.53,673.51,673.51,-0.0,63.91,42451.85,-1
2025-05-19,2025-05-19 12:24:00,673.51,673.51,673.49,673.49,-0.0,63.91,42451.85,-1
2025-05-19,2025-05-19 12:25:00,673.49,673.49,673.48,673.48,-0.0,63.91,42451.85,-1
2025-05-19,2025-05-19 12:26:00,673.48,673.48,673.46,673.46,-0.0,63.91,42451.85,-1
2025-05-19,2025-05-19 12:27:00,673.46,673.46,673.44,673.44,-0.0,63.91,42451.85,-1
2025-05-19,2025-05-19 12:28:00,673.44,673.44,673.42,673.42,-0.0,63.91,42451.85,-1
2025-05-19,2025-05-19 12:29:00,673.42,673.42,673.41,673.41,-0.0,63.91,42451.85,-1
2025-05-19,2025-05-19 12:30:00,673.41,673.41,673.39,673.39,-0.0,63.91,42451.85,-1
2025-05-19,2025-05-19 12:31:00,673.39,673.39,673.37,673.37,-0.0,63.91,42451.85,-1
2025-05-19,2025-05-19 12:32:00,673.37,673.37,673.35,673.35,-0.0,63.91,42451.85,-1
2025-05-19,2025-05-19 12:33:00,673.35,673.35,673.34,673.34,-0.0,63.91,42451.85,-1
2025-05-19,2025-05-19 12:34:00,673.34,673.34,673.32,673.32,-0.0,63.91,42451.85,-1
2025-05-19,2025-05-19 12:35:00,673.32,673.32,673.3,673.3,-0.0,63.91,42451.85,-1
2025-05-19,2025-05-19 12:36:00,673.3,673.3,673.28,673.28,-0.0,63.91,42451.85,-1
2025-05-19,2025-05-19 12:37:00,673.28,673.28,673.26,673.26,-0.0,63.91,42451.85,-1
2025-05-19,2025-05-19 12:38:00,673.26,673.26,673.25,673.25,-0.0,63.91,42451.85,-1
2025-05-19,2025-05-19 12:39:00,673.25,673.25,673.23,673.23,-0.0,63.91,42451.85,-1
2025-05-19,2025-05-19 12:40:00,673.23,673.23,673.21,673.21,-0.0,63.91,42451.85,-1
2025-05-19,2025-05-19 12:41:00,673.21,673.21,673.19,673.19,-0.0,63.91,42451.85,-1
2025-05-19,2025-05-19 12:42:00,673.19,673.19,673.18,673.18,-0.0,63.91,42451.85,-1
2025-05-19,2025-05-19 12:43:00,673.18,673.18,673.16,673.16,-0.0,63.91,42451.85,-1
2025-05-19,2025-05-19 12:44:00,673.16,673.16,673.14,673.14,-0.0,63.91,42451.85,-1
2025-05-19,2025-05-19 12:45:00,673.14,673.14,673.12,673.12,-0.0,63.91,42451.85,-1
2025-05-19,2025-05-19 12:46:00,673.12,673.12,673.11,673.11,-0.0,63.91,42451.85,-1
2025-05-19,2025-05-19 12:47:00,673.11,673.11,673.09,673.09,-0.0,63.91,42451.85,-1
2025-05-19,2025-05-19 12:48:00,673.09,673.09,673.07,673.07,-0.0,63.91,42451.85,-1
2025-05-19,2025-05-19 12:49:00,673.07,673.07,673.05,673.05,-0.0,63.91,42451.85,-1
2025-05-19,2025-05-19 12:50:00,673.05,673.05,673.03,673.03,-0.0,63.91,42451.85,-1
2025-05-19,2025-05-19 12:51:00,673.03,673.03,673.02,673.02,-0.0,63.91,42451.85,-1
2025-05-19,2025-05-19 12:52:00,673.02,673.02,673.0,673.0,-0.0,63.91,42451.85,-1
2025-05-19,2025-05-19 12:53:00,673.0,673.0,672.98,672.98,-0.0,63.91,42451.85,-1
2025-05-19,2025-05-19 12:54:00,672.98,672.98,672.96,672.96,-0.0,63.91,42451.85,-1
2025-05-19,2025-05-19 12:55:00,672.96,672.96,672.95,672.95,-0.0,63.91,42451.85,-1
2025-05-19,2025-05-19 12:56:00,672.95,672.95,672.93,672.93,-0.0,63.91,42451.85,-1
2025-05-19,2025-05-19 12:57:00,672.93,672.93,672.91,672.91,-0.0,63.91,42451.85,-1
2025-05-19,2025-05-19 12:58:00,672.91,672.91,672.89,672.89,-0.0,63.91,42451.85,-1
2025-05-19,2025-05-19 12:59:00,672.89,672.89,672.88,672.88,-0.0,63.91,42451.85,-1
2025-05-19,2025-05-19 13:00:00,672.88,680.0,652.2,672.86,-0.0,63.91,42451.85,-1
2025-05-19,2025-05-19 13:01:00,672.86,672.86,672.84,672.84,-0.0,63.91,42451.85,-1
2025-05-19,2025-05-19 13:02:00,672.84,672.84,672.82,672.82,-0.0,63.91,42451.85,-1
2025-05-19,2025-05-19 13:03:00,672.82,672.82,672.8,672.8,-0.0,63.91,42451.85,-1
2025-05-19,2025-05-19 13:04:00,672.8,672.8,672.79,672.79,-0.0,63.91,42451.85,-1
2025-05-19,2025-05-19 13:05:00,672.79,672.79,672.77,672.77,-0.0,63.91,42451.85,-1
2025-05-19,2025-05-19 13:06:00,672.77,672.77,672.75,672.75,-0.0,63.91,42451.85,-1
2025-05-19,2025-05-19 13:07:00,672.75,672.75,672.73,672.73,-0.0,63.91,42451.85,-1
2025-05-19,2025-05-19 13:08:00,672.73,672.73,672.72,672.72,-0.0,63.91,42451.85,-1
2025-05-19,2025-05-19 13:09:00,672.72,672.72,672.7,672.7,-0.0,63.91,42451.85,-1
2025-05-19,2025-05-19 13:10:00,672.7,672.7,672.68,672.68,-0.0,63.91,42451.85,-1
2025-05-19,2025-05-19 13:11:00,672.68,672.68,672.66,672.66,-0.0,63.91,42451.85,-1
2025-05-19,2025-05-19 13:12:00,672.66,672.66,672.64,672.64,-0.0,63.91,42451.85,-1
2025-05-19,2025-05-19 13:13:00,672.64,672.64,672.63,672.63,-0.0,63.91,42451.85,-1
2025-05-19,2025-05-19 13:14:00,672.63,672.63,672.61,672.61,-0.0,63.91,42451.85,-1
2025-05-19,2025-05-19 13:15:00,672.61,672.61,672.59,672.59,-0.0,63.91,42451.85,-1
2025-05-19,2025-05-19 13:16:00,672.59,672.59,672.57,672.57,-0.0,63.91,42451.85,-1
2025-05-19,2025-05-19 13:17:00,672.57,672.57,672.56,672.56,-0.0,63.91,42451.85,-1
2025-05-19,2025-05-19 13:18:00,672.56,672.56,672.54,672.54,-0.0,63.91,42451.85,-1
2025-05-19,2025-05-19 13:19:00,672.54,672.54,672.52,672.52,-0.0,63.91,42451.85,-1
2025-05-19,2025-05-19 13:20:00,672.52,672.52,672.5,672.5,-0.0,63.91,42451.85,-1
2025-05-19,2025-05-19 13:21:00,672.5,672.5,672.49,672.49,-0.0,63.91,42451.85,-1
2025-05-19,2025-05-19 13:22:00,672.49,672.49,672.47,672.47,-0.0,63.91,42451.85,-1
2025-05-19,2025-05-19 13:23:00,672.47,672.47,672.45,672.45,-0.0,63.91,42451.85,-1
2025-05-19,2025-05-19 13:24:00,672.45,672.45,672.43,672.43,-0.0,63.91,42451.85,-1
2025-05-19,2025-05-19 13:25:00,672.43,672.43,672.41,672.41,-0.0,63.91,42451.85,-1
2025-05-19,2025-05-19 13:26:00,672.41,672.41,672.4,672.4,-0.0,63.91,42451.85,-1
2025-05-19,2025-05-19 13:27:00,672.4,672.4,672.38,672.38,-0.0,63.91,42451.85,-1
2025-05-19,2025-05-19 13:28:00,672.38,672.38,672.36,672.36,-0.0,63.91,42451.85,-1
2025-05-19,2025-05-19 13:29:00,672.36,672.36,672.34,672.34,-0.0,63.91,42451.85,-1
2025-05-19,2025-05-19 13:30:00,672.34,672.34,672.33,672.33,-0.0,63.91,42451.85,-1
2025-05-19,2025-05-19 13:31:00,672.33,672.33,672.31,672.31,-0.0,63.91,42451.85,-1
2025-05-19,2025-05-19 13:32:00,672.31,672.31,672.29,672.29,-0.0,63.91,42451.85,-1
2025-05-19,2025-05-19 13:33:00,672.29,672.29,672.27,672.27,-0.0,63.91,42451.85,-1
2025-05-19,2025-05-19 13:34:00,672.27,672.27,672.26,672.26,-0.0,63.91,42451.85,-1
2025-05-19,2025-05-19 13:35:00,672.26,672.26,672.24,672.24,-0.0,63.91,42451.85,-1
2025-05-19,2025-05-19 13:36:00,672.24,672.24,672.22,672.22,-0.0,63.91,42451.85,-1
2025-05-19,2025-05-19 13:37:00,672.22,672.22,672.2,672.2,-0.0,63.91,42451.85,-1
2025-05-19,2025-05-19 13:38:00,672.2,672.2,672.18,672.18,-0.0,63.91,42451.85,-1
2025-05-19,2025-05-19 13:39:00,672.18,672.18,672.17,672.17,-0.0,63.91,42451.85,-1
2025-05-19,2025-05-19 13:40:00,672.17,672.17,672.15,672.15,-0.0,63.91,42451.85,-1
2025-05-19,2025-05-19 13:41:00,672.15,672.15,672.13,672.13,-0.0,63.91,42451.85,-1
2025-05-19,2025-05-19 13:42:00,672.13,672.13,672.11,672.11,-0.0,63.91,42451.85,-1
2025-05-19,2025-05-19 13:43:00,672.11,672.11,672.1,672.1,-0.0,63.91,42451.85,-1
2025-05-19,2025-05-19 13:44:00,672.1,672.1,672.08,672.08,-0.0,63.91,42451.85,-1
2025-05-19,2025-05-19 13:45:00,672.08,672.08,672.06,672.06,-0.0,63.91,42451.85,-1
2025-05-19,2025-05-19 13:46:00,672.06,672.06,672.04,672.04,-0.0,63.91,42451.85,-1
2025-05-19,2025-05-19 13:47:00,672.04,672.04,672.02,672.02,-0.0,63.91,42451.85,-1
2025-05-19,2025-05-19 13:48:00,672.02,672.02,672.01,672.01,-0.0,63.91,42451.85,-1
2025-05-19,2025-05-19 13:49:00,672.01,672.01,671.99,671.99,-0.0,63.91,42451.85,-1
2025-05-19,2025-05-19 13:50:00,671.99,671.99,671.97,671.97,-0.0,63.91,42451.85,-1
2025-05-19,2025-05-19 13:51:00,671.97,671.97,671.95,671.95,-0.0,63.91,42451.85,-1
2025-05-19,2025-05-19 13:52:00,671.95,671.95,671.94,671.94,-0.0,63.91,42451.85,-1
2025-05-19,2025-05-19 13:53:00,671.94,671.94,671.92,671.92,-0.0,63.91,42451.85,-1
2025-05-19,2025-05-19 13:54:00,671.92,671.92,671.9,671.9,-0.0,63.91,42451.85,-1
2025-05-19,2025-05-19 13:55:00,671.9,671.9,671.88,671.88,-0.0,63.91,42451.85,-1
2025-05-19,2025-05-19 13:56:00,671.88,671.88,671.87,671.87,-0.0,63.91,42451.85,-1
2025-05-19,2025-05-19 13:57:00,671.87,671.87,671.85,671.85,-0.0,63.91,42451.85,-1
2025-05-19,2025-05-19 13:58:00,671.85,671.85,671.83,671.83,-0.0,63.91,42451.85,-1
2025-05-19,2025-05-19 13:59:00,671.83,671.83,671.81,671.81,-0.0,63.91,42451.85,-1
2025-05-19,2025-05-19 14:00:00,671.81,671.81,671.79,671.79,-0.0,63.91,42451.85,-1
2025-05-19,2025-05-19 14:01:00,671.79,671.79,671.78,671.78,-0.0,63.91,42451.85,-1
2025-05-19,2025-05-19 14:02:00,671.78,671.78,671.76,671.76,-0.0,63.91,42451.85,-1
2025-05-19,2025-05-19 14:03:00,671.76,671.76,671.74,671.74,-0.0,63.91,42451.85,-1
2025-05-19,2025-05-19 14:04:00,671.74,671.74,671.72,671.72,-0.0,63.91,42451.85,-1
2025-05-19,2025-05-19 14:05:00,671.72,671.72,671.71,671.71,-0.0,63.91,42451.85,-1
2025-05-19,2025-05-19 14:06:00,671.71,671.71,671.69,671.69,-0.0,63.91,42451.85,-1
2025-05-19,2025-05-19 14:07:00,671.69,671.69,671.67,671.67,-0.0,63.91,42451.85,-1
2025-05-19,2025-05-19 14:08:00,671.67,671.67,671.65,671.65,-0.0,63.91,42451.85,-1
2025-05-19,2025-05-19 14:09:00,671.65,671.65,671.64,671.64,-0.0,63.91,42451.85,-1
2025-05-19,2025-05-19 14:10:00,671.64,671.64,671.62,671.62,-0.0,63.91,42451.85,-1
2025-05-19,2025-05-19 14:11:00,671.62,671.62,671.6,671.6,-0.0,63.91,42451.85,-1
2025-05-19,2025-05-19 14:12:00,671.6,671.6,671.58,671.58,-0.0,63.91,42451.85,-1
2025-05-19,2025-05-19 14:13:00,671.58,671.58,671.56,671.56,-0.0,63.91,42451.85,-1
2025-05-19,2025-05-19 14:14:00,671.56,671.56,671.55,671.55,-0.0,63.91,42451.85,-1
2025-05-19,2025-05-19 14:15:00,671.55,671.55,671.53,671.53,-0.0,63.91,42451.85,-1
2025-05-19,2025-05-19 14:16:00,671.53,671.53,671.51,671.51,-0.0,63.91,42451.85,-1
2025-05-19,2025-05-19 14:17:00,671.51,671.51,671.49,671.49,-0.0,63.91,42451.85,-1
2025-05-19,2025-05-19 14:18:00,671.49,671.49,671.48,671.48,-0.0,63.91,42451.85,-1
2025-05-19,2025-05-19 14:19:00,671.48,671.48,671.46,671.46,-0.0,63.91,42451.85,-1
2025-05-19,2025-05-19 14:20:00,671.46,671.46,671.44,671.44,-0.0,63.91,42451.85,-1
2025-05-19,2025-05-19 14:21:00,671.44,671.44,671.42,671.42,-0.0,63.91,42451.85,-1
2025-05-19,2025-05-19 14:22:00,671.42,671.42,671.41,671.41,-0.0,63.91,42451.85,-1
2025-05-19,2025-05-19 14:23:00,671.41,671.41,671.39,671.39,-0.0,63.91,42451.85,-1
2025-05-19,2025-05-19 14:24:00,671.39,671.39,671.37,671.37,-0.0,63.91,42451.85,-1
2025-05-19,2025-05-19 14:25:00,671.37,671.37,671.35,671.35,-0.0,63.91,42451.85,-1
2025-05-19,2025-05-19 14:26:00,671.35,671.35,671.33,671.33,-0.0,63.91,42451.85,-1
2025-05-19,2025-05-19 14:27:00,671.33,671.33,671.32,671.32,-0.0,63.91,42451.85,-1
2025-05-19,2025-05-19 14:28:00,671.32,671.32,671.3,671.3,-0.0,63.91,42451.85,-1
2025-05-19,2025-05-19 14:29:00,671.3,671.3,671.28,671.28,-0.0,63.91,42451.85,-1
2025-05-19,2025-05-19 14:30:00,671.28,671.28,671.26,671.26,-0.0,63.91,42451.85,-1
2025-05-19,2025-05-19 14:31:00,671.26,671.26,671.25,671.25,-0.0,63.91,42451.85,-1
2025-05-19,2025-05-19 14:32:00,671.25,671.25,671.23,671.23,-0.0,63.91,42451.85,-1
2025-05-19,2025-05-19 14:33:00,671.23,671.23,671.21,671.21,-0.0,63.91,42451.85,-1
2025-05-19,2025-05-19 14:34:00,671.21,671.21,671.19,671.19,-0.0,63.91,42451.85,-1
2025-05-19,2025-05-19 14:35:00,671.19,671.19,671.17,671.17,-0.0,63.91,42451.85,-1
2025-05-19,2025-05-19 14:36:00,671.17,671.17,671.16,671.16,-0.0,63.91,42451.85,-1
2025-05-19,2025-05-19 14:37:00,671.16,671.16,671.14,671.14,-0.0,63.91,42451.85,-1
2025-05-19,2025-05-19 14:38:00,671.14,671.14,671.12,671.12,-0.0,63.91,42451.85,-1
2025-05-19,2025-05-19 14:39:00,671.12,671.12,671.1,671.1,-0.0,63.91,42451.85,-1
2025-05-19,2025-05-19 14:40:00,671.1,671.1,671.09,671.09,-0.0,63.91,42451.85,-1
2025-05-19,2025-05-19 14:41:00,671.09,671.09,671.07,671.07,-0.0,63.91,42451.85,-1
2025-05-19,2025-05-19 14:42:00,671.07,671.07,671.05,671.05,-0.0,63.91,42451.85,-1
2025-05-19,2025-05-19 14:43:00,671.05,671.05,671.03,671.03,-0.0,63.91,42451.85,-1
2025-05-19,2025-05-19 14:44:00,671.03,671.03,671.02,671.02,-0.0,63.91,42451.85,-1
2025-05-19,2025-05-19 14:45:00,671.02,671.02,671.0,671.0,-0.0,63.91,42451.85,-1
2025-05-19,2025-05-19 14:46:00,671.0,671.0,670.98,670.98,-0.0,63.91,42451.85,-1
2025-05-19,2025-05-19 14:47:00,670.98,670.98,670.96,670.96,-0.0,63.91,42451.85,-1
2025-05-19,2025-05-19 14:48:00,670.96,670.96,670.94,670.94,-0.0,63.91,42451.85,-1
2025-05-19,2025-05-19 14:49:00,670.94,670.94,670.93,670.93,-0.0,63.91,42451.85,-1
2025-05-19,2025-05-19 14:50:00,670.93,670.93,670.91,670.91,-0.0,63.91,42451.85,-1
2025-05-19,2025-05-19 14:51:00,670.91,670.91,670.89,670.89,-0.0,63.91,42451.85,-1
2025-05-19,2025-05-19 14:52:00,670.89,670.89,670.87,670.87,-0.0,63.91,42451.85,-1
2025-05-19,2025-05-19 14:53:00,670.87,670.87,670.86,670.86,-0.0,63.91,42451.85,-1
2025-05-19,2025-05-19 14:54:00,670.86,670.86,670.84,670.84,-0.0,63.91,42451.85,-1
2025-05-19,2025-05-19 14:55:00,670.84,670.84,670.82,670.82,-0.0,63.91,42451.85,-1
2025-05-19,2025-05-19 14:56:00,670.82,670.82,670.8,670.8,-0.0,63.91,42451.85,-1
2025-05-19,2025-05-19 14:57:00,670.8,670.8,670.79,670.79,-0.0,63.91,42451.85,-1
2025-05-19,2025-05-19 14:58:00,670.79,670.79,670.77,670.77,-0.0,63.91,42451.85,-1
2025-05-19,2025-05-19 14:59:00,670.77,670.77,670.75,670.75,-0.0,63.91,42451.85,-1
2025-05-19,2025-05-19 15:00:00,670.75,680.0,652.2,670.75,0.0,63.91,42451.85,0
2025-05-20,2025-05-20 11:00:00,680.0,684.8,677.93,680.05,0.01,59.26,40592.83,1
2025-05-20,2025-05-20 11:01:00,680.05,680.09,680.05,680.09,0.01,59.26,40592.83,1
2025-05-20,2025-05-20 11:02:00,680.09,680.14,680.09,680.14,0.01,59.26,40592.83,1
2025-05-20,2025-05-20 11:03:00,680.14,680.19,680.14,680.19,0.01,59.26,40592.83,1
2025-05-20,2025-05-20 11:04:00,680.19,680.24,680.19,680.24,0.01,59.26,40592.83,1
2025-05-20,2025-05-20 11:05:00,680.24,680.28,680.24,680.28,0.01,59.26,40592.83,1
2025-05-20,2025-05-20 11:06:00,680.28,680.33,680.28,680.33,0.01,59.26,40592.83,1
2025-05-20,2025-05-20 11:07:00,680.33,680.38,680.33,680.38,0.01,59.26,40592.83,1
2025-05-20,2025-05-20 11:08:00,680.38,680.42,680.38,680.42,0.01,59.26,40592.83,1
2025-05-20,2025-05-20 11:09:00,680.42,680.47,680.42,680.47,0.01,59.26,40592.83,1
2025-05-20,2025-05-20 11:10:00,680.47,680.52,680.47,680.52,0.01,59.26,40592.83,1
2025-05-20,2025-05-20 11:11:00,680.52,680.56,680.52,680.56,0.01,59.26,40592.83,1
2025-05-20,2025-05-20 11:12:00,680.56,680.61,680.56,680.61,0.01,59.26,40592.83,1
2025-05-20,2025-05-20 11:13:00,680.61,680.66,680.61,680.66,0.01,59.26,40592.83,1
2025-05-20,2025-05-20 11:14:00,680.66,680.71,680.66,680.71,0.01,59.26,40592.83,1
2025-05-20,2025-05-20 11:15:00,680.71,680.75,680.71,680.75,0.01,59.26,40592.83,1
2025-05-20,2025-05-20 11:16:00,680.75,680.8,680.75,680.8,0.01,59.26,40592.83,1
2025-05-20,2025-05-20 11:17:00,680.8,680.85,680.8,680.85,0.01,59.26,40592.83,1
2025-05-20,2025-05-20 11:18:00,680.85,680.89,680.85,680.89,0.01,59.26,40592.83,1
2025-05-20,2025-05-20 11:19:00,680.89,680.94,680.89,680.94,0.01,59.26,40592.83,1
2025-05-20,2025-05-20 11:20:00,680.94,680.99,680.94,680.99,0.01,59.26,40592.83,1
2025-05-20,2025-05-20 11:21:00,680.99,681.03,680.99,681.03,0.01,59.26,40592.83,1
2025-05-20,2025-05-20 11:22:00,681.03,681.08,681.03,681.08,0.01,59.26,40592.83,1
2025-05-20,2025-05-20 11:23:00,681.08,681.13,681.08,681.13,0.01,59.26,40592.83,1
2025-05-20,2025-05-20 11:24:00,681.13,681.18,681.13,681.18,0.01,59.26,40592.83,1
2025-05-20,2025-05-20 11:25:00,681.18,681.22,681.18,681.22,0.01,59.26,40592.83,1
2025-05-20,2025-05-20 11:26:00,681.22,681.27,681.22,681.27,0.01,59.26,40592.83,1
2025-05-20,2025-05-20 11:27:00,681.27,681.32,681.27,681.32,0.01,59.26,40592.83,1
2025-05-20,2025-05-20 11:28:00,681.32,681.36,681.32,681.36,0.01,59.26,40592.83,1
2025-05-20,2025-05-20 11:29:00,681.36,681.41,681.36,681.41,0.01,59.26,40592.83,1
2025-05-20,2025-05-20 11:30:00,681.41,681.46,681.41,681.46,0.01,59.26,40592.83,1
2025-05-20,2025-05-20 11:31:00,681.46,681.51,681.46,681.51,0.01,59.26,40592.83,1
2025-05-20,2025-05-20 11:32:00,681.51,681.55,681.51,681.55,0.01,59.26,40592.83,1
2025-05-20,2025-05-20 11:33:00,681.55,681.6,681.55,681.6,0.01,59.26,40592.83,1
2025-05-20,2025-05-20 11:34:00,681.6,681.65,681.6,681.65,0.01,59.26,40592.83,1
2025-05-20,2025-05-20 11:35:00,681.65,681.69,681.65,681.69,0.01,59.26,40592.83,1
2025-05-20,2025-05-20 11:36:00,681.69,681.74,681.69,681.74,0.01,59.26,40592.83,1
2025-05-20,2025-05-20 11:37:00,681.74,681.79,681.74,681.79,0.01,59.26,40592.83,1
2025-05-20,2025-05-20 11:38:00,681.79,681.83,681.79,681.83,0.01,59.26,40592.83,1
2025-05-20,2025-05-20 11:39:00,681.83,681.88,681.83,681.88,0.01,59.26,40592.83,1
2025-05-20,2025-05-20 11:40:00,681.88,681.93,681.88,681.93,0.01,59.26,40592.83,1
2025-05-20,2025-05-20 11:41:00,681.93,681.98,681.93,681.98,0.01,59.26,40592.83,1
2025-05-20,2025-05-20 11:42:00,681.98,682.02,681.98,682.02,0.01,59.26,40592.83,1
2025-05-20,2025-05-20 11:43:00,682.02,682.07,682.02,682.07,0.01,59.26,40592.83,1
2025-05-20,2025-05-20 11:44:00,682.07,682.12,682.07,682.12,0.01,59.26,40592.83,1
2025-05-20,2025-05-20 11:45:00,682.12,682.16,682.12,682.16,0.01,59.26,40592.83,1
2025-05-20,2025-05-20 11:46:00,682.16,682.21,682.16,682.21,0.01,59.26,40592.83,1
2025-05-20,2025-05-20 11:47:00,682.21,682.26,682.21,682.26,0.01,59.26,40592.83,1
2025-05-20,2025-05-20 11:48:00,682.26,682.31,682.26,682.31,0.01,59.26,40592.83,1
2025-05-20,2025-05-20 11:49:00,682.31,682.35,682.31,682.35,0.01,59.26,40592.83,1
2025-05-20,2025-05-20 11:50:00,682.35,682.4,682.35,682.4,0.01,59.26,40592.83,1
2025-05-20,2025-05-20 11:51:00,682.4,682.45,682.4,682.45,0.01,59.26,40592.83,1
2025-05-20,2025-05-20 11:52:00,682.45,682.49,682.45,682.49,0.01,59.26,40592.83,1
2025-05-20,2025-05-20 11:53:00,682.49,682.54,682.49,682.54,0.01,59.26,40592.83,1
2025-05-20,2025-05-20 11:54:00,682.54,682.59,682.54,682.59,0.01,59.26,40592.83,1
2025-05-20,2025-05-20 11:55:00,682.59,682.63,682.59,682.63,0.01,59.26,40592.83,1
2025-05-20,2025-05-20 11:56:00,682.63,682.68,682.63,682.68,0.01,59.26,40592.83,1
2025-05-20,2025-05-20 11:57:00,682.68,682.73,682.68,682.73,0.01,59.26,40592.83,1
2025-05-20,2025-05-20 11:58:00,682.73,682.78,682.73,682.78,0.01,59.26,40592.83,1
2025-05-20,2025-05-20 11:59:00,682.78,682.82,682.78,682.82,0.01,59.26,40592.83,1
2025-05-20,2025-05-20 12:00:00,682.82,682.87,682.82,682.87,0.01,59.26,40592.83,1
2025-05-20,2025-05-20 12:01:00,682.87,682.92,682.87,682.92,0.01,59.26,40592.83,1
2025-05-20,2025-05-20 12:02:00,682.92,682.96,682.92,682.96,0.01,59.26,40592.83,1
2025-05-20,2025-05-20 12:03:00,682.96,683.01,682.96,683.01,0.01,59.26,40592.83,1
2025-05-20,2025-05-20 12:04:00,683.01,683.06,683.01,683.06,0.01,59.26,40592.83,1
2025-05-20,2025-05-20 12:05:00,683.06,683.1,683.06,683.1,0.01,59.26,40592.83,1
2025-05-20,2025-05-20 12:06:00,683.1,683.15,683.1,683.15,0.01,59.26,40592.83,1
2025-05-20,2025-05-20 12:07:00,683.15,683.2,683.15,683.2,0.01,59.26,40592.83,1
2025-05-20,2025-05-20 12:08:00,683.2,683.25,683.2,683.25,0.01,59.26,40592.83,1
2025-05-20,2025-05-20 12:09:00,683.25,683.29,683.25,683.29,0.01,59.26,40592.83,1
2025-05-20,2025-05-20 12:10:00,683.29,683.34,683.29,683.34,0.01,59.26,40592.83,1
2025-05-20,2025-05-20 12:11:00,683.34,683.39,683.34,683.39,0.01,59.26,40592.83,1
2025-05-20,2025-05-20 12:12:00,683.39,683.43,683.39,683.43,0.01,59.26,40592.83,1
2025-05-20,2025-05-20 12:13:00,683.43,683.48,683.43,683.48,0.01,59.26,40592.83,1
2025-05-20,2025-05-20 12:14:00,683.48,683.53,683.48,683.53,0.01,59.26,40592.83,1
2025-05-20,2025-05-20 12:15:00,683.53,683.58,683.53,683.58,0.01,59.26,40592.83,1
2025-05-20,2025-05-20 12:16:00,683.58,683.62,683.58,683.62,0.01,59.26,40592.83,1
2025-05-20,2025-05-20 12:17:00,683.62,683.67,683.62,683.67,0.01,59.26,40592.83,1
2025-05-20,2025-05-20 12:18:00,683.67,683.72,683.67,683.72,0.01,59.26,40592.83,1
2025-05-20,2025-05-20 12:19:00,683.72,683.76,683.72,683.76,0.01,59.26,40592.83,1
2025-05-20,2025-05-20 12:20:00,683.76,683.81,683.76,683.81,0.01,59.26,40592.83,1
2025-05-20,2025-05-20 12:21:00,683.81,683.86,683.81,683.86,0.01,59.26,40592.83,1
2025-05-20,2025-05-20 12:22:00,683.86,683.9,683.86,683.9,0.01,59.26,40592.83,1
2025-05-20,2025-05-20 12:23:00,683.9,683.95,683.9,683.95,0.01,59.26,40592.83,1
2025-05-20,2025-05-20 12:24:00,683.95,684.0,683.95,684.0,0.01,59.26,40592.83,1
2025-05-20,2025-05-20 12:25:00,684.0,684.05,684.0,684.05,0.01,59.26,40592.83,1
2025-05-20,2025-05-20 12:26:00,684.05,684.09,684.05,684.09,0.01,59.26,40592.83,1
2025-05-20,2025-05-20 12:27:00,684.09,684.14,684.09,684.14,0.01,59.26,40592.83,1
2025-05-20,2025-05-20 12:28:00,684.14,684.19,684.14,684.19,0.01,59.26,40592.83,1
2025-05-20,2025-05-20 12:29:00,684.19,684.23,684.19,684.23,0.01,59.26,40592.83,1
2025-05-20,2025-05-20 12:30:00,684.23,684.28,684.23,684.28,0.01,59.26,40592.83,1
2025-05-20,2025-05-20 12:31:00,684.28,684.33,684.28,684.33,0.01,59.26,40592.83,1
2025-05-20,2025-05-20 12:32:00,684.33,684.37,684.33,684.37,0.01,59.26,40592.83,1
2025-05-20,2025-05-20 12:33:00,684.37,684.42,684.37,684.42,0.01,59.26,40592.83,1
2025-05-20,2025-05-20 12:34:00,684.42,684.47,684.42,684.47,0.01,59.26,40592.83,1
2025-05-20,2025-05-20 12:35:00,684.47,684.52,684.47,684.52,0.01,59.26,40592.83,1
2025-05-20,2025-05-20 12:36:00,684.52,684.56,684.52,684.56,0.01,59.26,40592.83,1
2025-05-20,2025-05-20 12:37:00,684.56,684.61,684.56,684.61,0.01,59.26,40592.83,1
2025-05-20,2025-05-20 12:38:00,684.61,684.66,684.61,684.66,0.01,59.26,40592.83,1
2025-05-20,2025-05-20 12:39:00,684.66,684.7,684.66,684.7,0.01,59.26,40592.83,1
2025-05-20,2025-05-20 12:40:00,684.7,684.75,684.7,684.75,0.01,59.26,40592.83,1
2025-05-20,2025-05-20 12:41:00,684.75,684.8,684.75,684.8,0.01,59.26,40592.83,1
2025-05-20,2025-05-20 12:42:00,684.8,684.85,684.8,684.85,0.01,59.26,40592.83,1
2025-05-20,2025-05-20 12:43:00,684.85,684.89,684.85,684.89,0.01,59.26,40592.83,1
2025-05-20,2025-05-20 12:44:00,684.89,684.94,684.89,684.94,0.01,59.26,40592.83,1
2025-05-20,2025-05-20 12:45:00,684.94,684.99,684.94,684.99,0.01,59.26,40592.83,1
2025-05-20,2025-05-20 12:46:00,684.99,685.03,684.99,685.03,0.01,59.26,40592.83,1
2025-05-20,2025-05-20 12:47:00,685.03,685.08,685.03,685.08,0.01,59.26,40592.83,1
2025-05-20,2025-05-20 12:48:00,685.08,685.13,685.08,685.13,0.01,59.26,40592.83,1
2025-05-20,2025-05-20 12:49:00,685.13,685.17,685.13,685.17,0.01,59.26,40592.83,1
2025-05-20,2025-05-20 12:50:00,685.17,685.22,685.17,685.22,0.01,59.26,40592.83,1
2025-05-20,2025-05-20 12:51:00,685.22,685.27,685.22,685.27,0.01,59.26,40592.83,1
2025-05-20,2025-05-20 12:52:00,685.27,685.32,685.27,685.32,0.01,59.26,40592.83,1
2025-05-20,2025-05-20 12:53:00,685.32,685.36,685.32,685.36,0.01,59.26,40592.83,1
2025-05-20,2025-05-20 12:54:00,685.36,685.41,685.36,685.41,0.01,59.26,40592.83,1
2025-05-20,2025-05-20 12:55:00,685.41,685.46,685.41,685.46,0.01,59.26,40592.83,1
2025-05-20,2025-05-20 12:56:00,685.46,685.5,685.46,685.5,0.01,59.26,40592.83,1
2025-05-20,2025-05-20 12:57:00,685.5,685.55,685.5,685.55,0.01,59.26,40592.83,1
2025-05-20,2025-05-20 12:58:00,685.55,685.6,685.55,685.6,0.01,59.26,40592.83,1
2025-05-20,2025-05-20 12:59:00,685.6,685.64,685.6,685.64,0.01,59.26,40592.83,1
2025-05-20,2025-05-20 13:00:00,685.64,696.0,673.1,685.69,0.01,59.26,40592.83,1
2025-05-20,2025-05-20 13:01:00,685.69,685.74,685.69,685.74,0.01,59.26,40592.83,1
2025-05-20,2025-05-20 13:02:00,685.74,685.79,685.74,685.79,0.01,59.26,40592.83,1
2025-05-20,2025-05-20 13:03:00,685.79,685.83,685.79,685.83,0.01,59.26,40592.83,1
2025-05-20,2025-05-20 13:04:00,685.83,685.88,685.83,685.88,0.01,59.26,40592.83,1
2025-05-20,2025-05-20 13:05:00,685.88,685.93,685.88,685.93,0.01,59.26,40592.83,1
2025-05-20,2025-05-20 13:06:00,685.93,685.97,685.93,685.97,0.01,59.26,40592.83,1
2025-05-20,2025-05-20 13:07:00,685.97,686.02,685.97,686.02,0.01,59.26,40592.83,1
2025-05-20,2025-05-20 13:08:00,686.02,686.07,686.02,686.07,0.01,59.26,40592.83,1
2025-05-20,2025-05-20 13:09:00,686.07,686.12,686.07,686.12,0.01,59.26,40592.83,1
2025-05-20,2025-05-20 13:10:00,686.12,686.16,686.12,686.16,0.01,59.26,40592.83,1
2025-05-20,2025-05-20 13:11:00,686.16,686.21,686.16,686.21,0.01,59.26,40592.83,1
2025-05-20,2025-05-20 13:12:00,686.21,686.26,686.21,686.26,0.01,59.26,40592.83,1
2025-05-20,2025-05-20 13:13:00,686.26,686.3,686.26,686.3,0.01,59.26,40592.83,1
2025-05-20,2025-05-20 13:14:00,686.3,686.35,686.3,686.35,0.01,59.26,40592.83,1
2025-05-20,2025-05-20 13:15:00,686.35,686.4,686.35,686.4,0.01,59.26,40592.83,1
2025-05-20,2025-05-20 13:16:00,686.4,686.44,686.4,686.44,0.01,59.26,40592.83,1
2025-05-20,2025-05-20 13:17:00,686.44,686.49,686.44,686.49,0.01,59.26,40592.83,1
2025-05-20,2025-05-20 13:18:00,686.49,686.54,686.49,686.54,0.01,59.26,40592.83,1
2025-05-20,2025-05-20 13:19:00,686.54,686.59,686.54,686.59,0.01,59.26,40592.83,1
2025-05-20,2025-05-20 13:20:00,686.59,686.63,686.59,686.63,0.01,59.26,40592.83,1
2025-05-20,2025-05-20 13:21:00,686.63,686.68,686.63,686.68,0.01,59.26,40592.83,1
2025-05-20,2025-05-20 13:22:00,686.68,686.73,686.68,686.73,0.01,59.26,40592.83,1
2025-05-20,2025-05-20 13:23:00,686.73,686.77,686.73,686.77,0.01,59.26,40592.83,1
2025-05-20,2025-05-20 13:24:00,686.77,686.82,686.77,686.82,0.01,59.26,40592.83,1
2025-05-20,2025-05-20 13:25:00,686.82,686.87,686.82,686.87,0.01,59.26,40592.83,1
2025-05-20,2025-05-20 13:26:00,686.87,686.92,686.87,686.92,0.01,59.26,40592.83,1
2025-05-20,2025-05-20 13:27:00,686.92,686.96,686.92,686.96,0.01,59.26,40592.83,1
2025-05-20,2025-05-20 13:28:00,686.96,687.01,686.96,687.01,0.01,59.26,40592.83,1
2025-05-20,2025-05-20 13:29:00,687.01,687.06,687.01,687.06,0.01,59.26,40592.83,1
2025-05-20,2025-05-20 13:30:00,687.06,687.1,687.06,687.1,0.01,59.26,40592.83,1
2025-05-20,2025-05-20 13:31:00,687.1,687.15,687.1,687.15,0.01,59.26,40592.83,1
2025-05-20,2025-05-20 13:32:00,687.15,687.2,687.15,687.2,0.01,59.26,40592.83,1
2025-05-20,2025-05-20 13:33:00,687.2,687.24,687.2,687.24,0.01,59.26,40592.83,1
2025-05-20,2025-05-20 13:34:00,687.24,687.29,687.24,687.29,0.01,59.26,40592.83,1
2025-05-20,2025-05-20 13:35:00,687.29,687.34,687.29,687.34,0.01,59.26,40592.83,1
2025-05-20,2025-05-20 13:36:00,687.34,687.39,687.34,687.39,0.01,59.26,40592.83,1
2025-05-20,2025-05-20 13:37:00,687.39,687.43,687.39,687.43,0.01,59.26,40592.83,1
2025-05-20,2025-05-20 13:38:00,687.43,687.48,687.43,687.48,0.01,59.26,40592.83,1
2025-05-20,2025-05-20 13:39:00,687.48,687.53,687.48,687.53,0.01,59.26,40592.83,1
2025-05-20,2025-05-20 13:40:00,687.53,687.57,687.53,687.57,0.01,59.26,40592.83,1
2025-05-20,2025-05-20 13:41:00,687.57,687.62,687.57,687.62,0.01,59.26,40592.83,1
2025-05-20,2025-05-20 13:42:00,687.62,687.67,687.62,687.67,0.01,59.26,40592.83,1
2025-05-20,2025-05-20 13:43:00,687.67,687.71,687.67,687.71,0.01,59.26,40592.83,1
2025-05-20,2025-05-20 13:44:00,687.71,687.76,687.71,687.76,0.01,59.26,40592.83,1
2025-05-20,2025-05-20 13:45:00,687.76,687.81,687.76,687.81,0.01,59.26,40592.83,1
2025-05-20,2025-05-20 13:46:00,687.81,687.86,687.81,687.86,0.01,59.26,40592.83,1
2025-05-20,2025-05-20 13:47:00,687.86,687.9,687.86,687.9,0.01,59.26,40592.83,1
2025-05-20,2025-05-20 13:48:00,687.9,687.95,687.9,687.95,0.01,59.26,40592.83,1
2025-05-20,2025-05-20 13:49:00,687.95,688.0,687.95,688.0,0.01,59.26,40592.83,1
2025-05-20,2025-05-20 13:50:00,688.0,688.04,688.0,688.04,0.01,59.26,40592.83,1
2025-05-20,2025-05-20 13:51:00,688.04,688.09,688.04,688.09,0.01,59.26,40592.83,1
2025-05-20,2025-05-20 13:52:00,688.09,688.14,688.09,688.14,0.01,59.26,40592.83,1
2025-05-20,2025-05-20 13:53:00,688.14,688.19,688.14,688.19,0.01,59.26,40592.83,1
2025-05-20,2025-05-20 13:54:00,688.19,688.23,688.19,688.23,0.01,59.26,40592.83,1
2025-05-20,2025-05-20 13:55:00,688.23,688.28,688.23,688.28,0.01,59.26,40592.83,1
2025-05-20,2025-05-20 13:56:00,688.28,688.33,688.28,688.33,0.01,59.26,40592.83,1
2025-05-20,2025-05-20 13:57:00,688.33,688.37,688.33,688.37,0.01,59.26,40592.83,1
2025-05-20,2025-05-20 13:58:00,688.37,688.42,688.37,688.42,0.01,59.26,40592.83,1
2025-05-20,2025-05-20 13:59:00,688.42,688.47,688.42,688.47,0.01,59.26,40592.83,1
2025-05-20,2025-05-20 14:00:00,688.47,688.51,688.47,688.51,0.01,59.26,40592.83,1
2025-05-20,2025-05-20 14:01:00,688.51,688.56,688.51,688.56,0.01,59.26,40592.83,1
2025-05-20,2025-05-20 14:02:00,688.56,688.61,688.56,688.61,0.01,59.26,40592.83,1
2025-05-20,2025-05-20 14:03:00,688.61,688.66,688.61,688.66,0.01,59.26,40592.83,1
2025-05-20,2025-05-20 14:04:00,688.66,688.7,688.66,688.7,0.01,59.26,40592.83,1
2025-05-20,2025-05-20 14:05:00,688.7,688.75,688.7,688.75,0.01,59.26,40592.83,1
2025-05-20,2025-05-20 14:06:00,688.75,688.8,688.75,688.8,0.01,59.26,40592.83,1
2025-05-20,2025-05-20 14:07:00,688.8,688.84,688.8,688.84,0.01,59.26,40592.83,1
2025-05-20,2025-05-20 14:08:00,688.84,688.89,688.84,688.89,0.01,59.26,40592.83,1
2025-05-20,2025-05-20 14:09:00,688.89,688.94,688.89,688.94,0.01,59.26,40592.83,1
2025-05-20,2025-05-20 14:10:00,688.94,688.98,688.94,688.98,0.01,59.26,40592.83,1
2025-05-20,2025-05-20 14:11:00,688.98,689.03,688.98,689.03,0.01,59.26,40592.83,1
2025-05-20,2025-05-20 14:12:00,689.03,689.08,689.03,689.08,0.01,59.26,40592.83,1
2025-05-20,2025-05-20 14:13:00,689.08,689.13,689.08,689.13,0.01,59.26,40592.83,1
2025-05-20,2025-05-20 14:14:00,689.13,689.17,689.13,689.17,0.01,59.26,40592.83,1
2025-05-20,2025-05-20 14:15:00,689.17,689.22,689.17,689.22,0.01,59.26,40592.83,1
2025-05-20,2025-05-20 14:16:00,689.22,689.27,689.22,689.27,0.01,59.26,40592.83,1
2025-05-20,2025-05-20 14:17:00,689.27,689.31,689.27,689.31,0.01,59.26,40592.83,1
2025-05-20,2025-05-20 14:18:00,689.31,689.36,689.31,689.36,0.01,59.26,40592.83,1
2025-05-20,2025-05-20 14:19:00,689.36,689.41,689.36,689.41,0.01,59.26,40592.83,1
2025-05-20,2025-05-20 14:20:00,689.41,689.46,689.41,689.46,0.01,59.26,40592.83,1
2025-05-20,2025-05-20 14:21:00,689.46,689.5,689.46,689.5,0.01,59.26,40592.83,1
2025-05-20,2025-05-20 14:22:00,689.5,689.55,689.5,689.55,0.01,59.26,40592.83,1
2025-05-20,2025-05-20 14:23:00,689.55,689.6,689.55,689.6,0.01,59.26,40592.83,1
2025-05-20,2025-05-20 14:24:00,689.6,689.64,689.6,689.64,0.01,59.26,40592.83,1
2025-05-20,2025-05-20 14:25:00,689.64,689.69,689.64,689.69,0.01,59.26,40592.83,1
2025-05-20,2025-05-20 14:26:00,689.69,689.74,689.69,689.74,0.01,59.26,40592.83,1
2025-05-20,2025-05-20 14:27:00,689.74,689.78,689.74,689.78,0.01,59.26,40592.83,1
2025-05-20,2025-05-20 14:28:00,689.78,689.83,689.78,689.83,0.01,59.26,40592.83,1
2025-05-20,2025-05-20 14:29:00,689.83,689.88,689.83,689.88,0.01,59.26,40592.83,1
2025-05-20,2025-05-20 14:30:00,689.88,689.93,689.88,689.93,0.01,59.26,40592.83,1
2025-05-20,2025-05-20 14:31:00,689.93,689.97,689.93,689.97,0.01,59.26,40592.83,1
2025-05-20,2025-05-20 14:32:00,689.97,690.02,689.97,690.02,0.01,59.26,40592.83,1
2025-05-20,2025-05-20 14:33:00,690.02,690.07,690.02,690.07,0.01,59.26,40592.83,1
2025-05-20,2025-05-20 14:34:00,690.07,690.11,690.07,690.11,0.01,59.26,40592.83,1
2025-05-20,2025-05-20 14:35:00,690.11,690.16,690.11,690.16,0.01,59.26,40592.83,1
2025-05-20,2025-05-20 14:36:00,690.16,690.21,690.16,690.21,0.01,59.26,40592.83,1
2025-05-20,2025-05-20 14:37:00,690.21,690.26,690.21,690.26,0.01,59.26,40592.83,1
2025-05-20,2025-05-20 14:38:00,690.26,690.3,690.26,690.3,0.01,59.26,40592.83,1
2025-05-20,2025-05-20 14:39:00,690.3,690.35,690.3,690.35,0.01,59.26,40592.83,1
2025-05-20,2025-05-20 14:40:00,690.35,690.4,690.35,690.4,0.01,59.26,40592.83,1
2025-05-20,2025-05-20 14:41:00,690.4,690.44,690.4,690.44,0.01,59.26,40592.83,1
2025-05-20,2025-05-20 14:42:00,690.44,690.49,690.44,690.49,0.01,59.26,40592.83,1
2025-05-20,2025-05-20 14:43:00,690.49,690.54,690.49,690.54,0.01,59.26,40592.83,1
2025-05-20,2025-05-20 14:44:00,690.54,690.58,690.54,690.58,0.01,59.26,40592.83,1
2025-05-20,2025-05-20 14:45:00,690.58,690.63,690.58,690.63,0.01,59.26,40592.83,1
2025-05-20,2025-05-20 14:46:00,690.63,690.68,690.63,690.68,0.01,59.26,40592.83,1
2025-05-20,2025-05-20 14:47:00,690.68,690.73,690.68,690.73,0.01,59.26,40592.83,1
2025-05-20,2025-05-20 14:48:00,690.73,690.77,690.73,690.77,0.01,59.26,40592.83,1
2025-05-20,2025-05-20 14:49:00,690.77,690.82,690.77,690.82,0.01,59.26,40592.83,1
2025-05-20,2025-05-20 14:50:00,690.82,690.87,690.82,690.87,0.01,59.26,40592.83,1
2025-05-20,2025-05-20 14:51:00,690.87,690.91,690.87,690.91,0.01,59.26,40592.83,1
2025-05-20,2025-05-20 14:52:00,690.91,690.96,690.91,690.96,0.01,59.26,40592.83,1
2025-05-20,2025-05-20 14:53:00,690.96,691.01,690.96,691.01,0.01,59.26,40592.83,1
2025-05-20,2025-05-20 14:54:00,691.01,691.05,691.01,691.05,0.01,59.26,40592.83,1
2025-05-20,2025-05-20 14:55:00,691.05,691.1,691.05,691.1,0.01,59.26,40592.83,1
2025-05-20,2025-05-20 14:56:00,691.1,691.15,691.1,691.15,0.01,59.26,40592.83,1
2025-05-20,2025-05-20 14:57:00,691.15,691.2,691.15,691.2,0.01,59.26,40592.83,1
2025-05-20,2025-05-20 14:58:00,691.2,691.24,691.2,691.24,0.01,59.26,40592.83,1
2025-05-20,2025-05-20 14:59:00,691.24,691.29,691.24,691.29,0.01,59.26,40592.83,1
2025-05-20,2025-05-20 15:00:00,691.29,696.0,673.1,691.29,0.0,59.26,40592.83,0
2025-05-21,2025-05-21 11:00:00,704.0,708.2,697.43,703.91,-0.01,59.25,41161.59,-1
2025-05-21,2025-05-21 11:01:00,703.91,703.91,703.83,703.83,-0.01,59.25,41161.59,-1
2025-05-21,2025-05-21 11:02:00,703.83,703.83,703.74,703.74,-0.01,59.25,41161.59,-1
2025-05-21,2025-05-21 11:03:00,703.74,703.74,703.66,703.66,-0.01,59.25,41161.59,-1
2025-05-21,2025-05-21 11:04:00,703.66,703.66,703.57,703.57,-0.01,59.25,41161.59,-1
2025-05-21,2025-05-21 11:05:00,703.57,703.57,703.49,703.49,-0.01,59.25,41161.59,-1
2025-05-21,2025-05-21 11:06:00,703.49,703.49,703.4,703.4,-0.01,59.25,41161.59,-1
2025-05-21,2025-05-21 11:07:00,703.4,703.4,703.32,703.32,-0.01,59.25,41161.59,-1
2025-05-21,2025-05-21 11:08:00,703.32,703.32,703.23,703.23,-0.01,59.25,41161.59,-1
2025-05-21,2025-05-21 11:09:00,703.23,703.23,703.14,703.14,-0.01,59.25,41161.59,-1
2025-05-21,2025-05-21 11:10:00,703.14,703.14,703.06,703.06,-0.01,59.25,41161.59,-1
2025-05-21,2025-05-21 11:11:00,703.06,703.06,702.97,702.97,-0.01,59.25,41161.59,-1
2025-05-21,2025-05-21 11:12:00,702.97,702.97,702.89,702.89,-0.01,59.25,41161.59,-1
2025-05-21,2025-05-21 11:13:00,702.89,702.89,702.8,702.8,-0.01,59.25,41161.59,-1
2025-05-21,2025-05-21 11:14:00,702.8,702.8,702.72,702.72,-0.01,59.25,41161.59,-1
2025-05-21,2025-05-21 11:15:00,702.72,702.72,702.63,702.63,-0.01,59.25,41161.59,-1
2025-05-21,2025-05-21 11:16:00,702.63,702.63,702.55,702.55,-0.01,59.25,41161.59,-1
2025-05-21,2025-05-21 11:17:00,702.55,702.55,702.46,702.46,-0.01,59.25,41161.59,-1
2025-05-21,2025-05-21 11:18:00,702.46,702.46,702.37,702.37,-0.01,59.25,41161.59,-1
2025-05-21,2025-05-21 11:19:00,702.37,702.37,702.29,702.29,-0.01,59.25,41161.59,-1
2025-05-21,2025-05-21 11:20:00,702.29,702.29,702.2,702.2,-0.01,59.25,41161.59,-1
2025-05-21,2025-05-21 11:21:00,702.2,702.2,702.12,702.12,-0.01,59.25,41161.59,-1
2025-05-21,2025-05-21 11:22:00,702.12,702.12,702.03,702.03,-0.01,59.25,41161.59,-1
2025-05-21,2025-05-21 11:23:00,702.03,702.03,701.95,701.95,-0.01,59.25,41161.59,-1
2025-05-21,2025-05-21 11:24:00,701.95,701.95,701.86,701.86,-0.01,59.25,41161.59,-1
2025-05-21,2025-05-21 11:25:00,701.86,701.86,701.77,701.77,-0.01,59.25,41161.59,-1
2025-05-21,2025-05-21 11:26:00,701.77,701.77,701.69,701.69,-0.01,59.25,41161.59,-1
2025-05-21,2025-05-21 11:27:00,701.69,701.69,701.6,701.6,-0.01,59.25,41161.59,-1
2025-05-21,2025-05-21 11:28:00,701.6,701.6,701.52,701.52,-0.01,59.25,41161.59,-1
2025-05-21,2025-05-21 11:29:00,701.52,701.52,701.43,701.43,-0.01,59.25,41161.59,-1
2025-05-21,2025-05-21 11:30:00,701.43,701.43,701.35,701.35,-0.01,59.25,41161.59,-1
2025-05-21,2025-05-21 11:31:00,701.35,701.35,701.26,701.26,-0.01,59.25,41161.59,-1
2025-05-21,2025-05-21 11:32:00,701.26,701.26,701.18,701.18,-0.01,59.25,41161.59,-1
2025-05-21,2025-05-21 11:33:00,701.18,701.18,701.09,701.09,-0.01,59.25,41161.59,-1
2025-05-21,2025-05-21 11:34:00,701.09,701.09,701.0,701.0,-0.01,59.25,41161.59,-1
2025-05-21,2025-05-21 11:35:00,701.0,701.0,700.92,700.92,-0.01,59.25,41161.59,-1
2025-05-21,2025-05-21 11:36:00,700.92,700.92,700.83,700.83,-0.01,59.25,41161.59,-1
2025-05-21,2025-05-21 11:37:00,700.83,700.83,700.75,700.75,-0.01,59.25,41161.59,-1
2025-05-21,2025-05-21 11:38:00,700.75,700.75,700.66,700.66,-0.01,59.25,41161.59,-1
2025-05-21,2025-05-21 11:39:00,700.66,700.66,700.58,700.58,-0.01,59.25,41161.59,-1
2025-05-21,2025-05-21 11:40:00,700.58,700.58,700.49,700.49,-0.01,59.25,41161.59,-1
2025-05-21,2025-05-21 11:41:00,700.49,700.49,700.41,700.41,-0.01,59.25,41161.59,-1
2025-05-21,2025-05-21 11:42:00,700.41,700.41,700.32,700.32,-0.01,59.25,41161.59,-1
2025-05-21,2025-05-21 11:43:00,700.32,700.32,700.23,700.23,-0.01,59.25,41161.59,-1
2025-05-21,2025-05-21 11:44:00,700.23,700.23,700.15,700.15,-0.01,59.25,41161.59,-1
2025-05-21,2025-05-21 11:45:00,700.15,700.15,700.06,700.06,-0.01,59.25,41161.59,-1
2025-05-21,2025-05-21 11:46:00,700.06,700.06,699.98,699.98,-0.01,59.25,41161.59,-1
2025-05-21,2025-05-21 11:47:00,699.98,699.98,699.89,699.89,-0.01,59.25,41161.59,-1
2025-05-21,2025-05-21 11:48:00,699.89,699.89,699.81,699.81,-0.01,59.25,41161.59,-1
2025-05-21,2025-05-21 11:49:00,699.81,699.81,699.72,699.72,-0.01,59.25,41161.59,-1
2025-05-21,2025-05-21 11:50:00,699.72,699.72,699.64,699.64,-0.01,59.25,41161.59,-1
2025-05-21,2025-05-21 11:51:00,699.64,699.64,699.55,699.55,-0.01,59.25,41161.59,-1
2025-05-21,2025-05-21 11:52:00,699.55,699.55,699.46,699.46,-0.01,59.25,41161.59,-1
2025-05-21,2025-05-21 11:53:00,699.46,699.46,699.38,699.38,-0.01,59.25,41161.59,-1
2025-05-21,2025-05-21 11:54:00,699.38,699.38,699.29,699.29,-0.01,59.25,41161.59,-1
2025-05-21,2025-05-21 11:55:00,699.29,699.29,699.21,699.21,-0.01,59.25,41161.59,-1
2025-05-21,2025-05-21 11:56:00,699.21,699.21,699.12,699.12,-0.01,59.25,41161.59,-1
2025-05-21,2025-05-21 11:57:00,699.12,699.12,699.04,699.04,-0.01,59.25,41161.59,-1
2025-05-21,2025-05-21 11:58:00,699.04,699.04,698.95,698.95,-0.01,59.25,41161.59,-1
2025-05-21,2025-05-21 11:59:00,698.95,698.95,698.87,698.87,-0.01,59.25,41161.59,-1
2025-05-21,2025-05-21 12:00:00,698.87,698.87,698.78,698.78,-0.01,59.25,41161.59,-1
2025-05-21,2025-05-21 12:01:00,698.78,698.78,698.69,698.69,-0.01,59.25,41161.59,-1
2025-05-21,2025-05-21 12:02:00,698.69,698.69,698.61,698.61,-0.01,59.25,41161.59,-1
2025-05-21,2025-05-21 12:03:00,698.61,698.61,698.52,698.52,-0.01,59.25,41161.59,-1
2025-05-21,2025-05-21 12:04:00,698.52,698.52,698.44,698.44,-0.01,59.25,41161.59,-1
2025-05-21,2025-05-21 12:05:00,698.44,698.44,698.35,698.35,-0.01,59.25,41161.59,-1
2025-05-21,2025-05-21 12:06:00,698.35,698.35,698.27,698.27,-0.01,59.25,41161.59,-1
2025-05-21,2025-05-21 12:07:00,698.27,698.27,698.18,698.18,-0.01,59.25,41161.59,-1
2025-05-21,2025-05-21 12:08:00,698.18,698.18,698.09,698.09,-0.01,59.25,41161.59,-1
2025-05-21,2025-05-21 12:09:00,698.09,698.09,698.01,698.01,-0.01,59.25,41161.59,-1
2025-05-21,2025-05-21 12:10:00,698.01,698.01,697.92,697.92,-0.01,59.25,41161.59,-1
2025-05-21,2025-05-21 12:11:00,697.92,697.92,697.84,697.84,-0.01,59.25,41161.59,-1
2025-05-21,2025-05-21 12:12:00,697.84,697.84,697.75,697.75,-0.01,59.25,41161.59,-1
2025-05-21,2025-05-21 12:13:00,697.75,697.75,697.67,697.67,-0.01,59.25,41161.59,-1
2025-05-21,2025-05-21 12:14:00,697.67,697.67,697.58,697.58,-0.01,59.25,41161.59,-1
2025-05-21,2025-05-21 12:15:00,697.58,697.58,697.5,697.5,-0.01,59.25,41161.59,-1
2025-05-21,2025-05-21 12:16:00,697.5,697.5,697.41,697.41,-0.01,59.25,41161.59,-1
2025-05-21,2025-05-21 12:17:00,697.41,697.41,697.32,697.32,-0.01,59.25,41161.59,-1
2025-05-21,2025-05-21 12:18:00,697.32,697.32,697.24,697.24,-0.01,59.25,41161.59,-1
2025-05-21,2025-05-21 12:19:00,697.24,697.24,697.15,697.15,-0.01,59.25,41161.59,-1
2025-05-21,2025-05-21 12:20:00,697.15,697.15,697.07,697.07,-0.01,59.25,41161.59,-1
2025-05-21,2025-05-21 12:21:00,697.07,697.07,696.98,696.98,-0.01,59.25,41161.59,-1
2025-05-21,2025-05-21 12:22:00,696.98,696.98,696.9,696.9,-0.01,59.25,41161.59,-1
2025-05-21,2025-05-21 12:23:00,696.9,696.9,696.81,696.81,-0.01,59.25,41161.59,-1
2025-05-21,2025-05-21 12:24:00,696.81,696.81,696.73,696.73,-0.01,59.25,41161.59,-1
2025-05-21,2025-05-21 12:25:00,696.73,696.73,696.64,696.64,-0.01,59.25,41161.59,-1
2025-05-21,2025-05-21 12:26:00,696.64,696.64,696.55,696.55,-0.01,59.25,41161.59,-1
2025-05-21,2025-05-21 12:27:00,696.55,696.55,696.47,696.47,-0.01,59.25,41161.59,-1
2025-05-21,2025-05-21 12:28:00,696.47,696.47,696.38,696.38,-0.01,59.25,41161.59,-1
2025-05-21,2025-05-21 12:29:00,696.38,696.38,696.3,696.3,-0.01,59.25,41161.59,-1
2025-05-21,2025-05-21 12:30:00,696.3,696.3,696.21,696.21,-0.01,59.25,41161.59,-1
2025-05-21,2025-05-21 12:31:00,696.21,696.21,696.13,696.13,-0.01,59.25,41161.59,-1
2025-05-21,2025-05-21 12:32:00,696.13,696.13,696.04,696.04,-0.01,59.25,41161.59,-1
2025-05-21,2025-05-21 12:33:00,696.04,696.04,695.96,695.96,-0.01,59.25,41161.59,-1
2025-05-21,2025-05-21 12:34:00,695.96,695.96,695.87,695.87,-0.01,59.25,41161.59,-1
2025-05-21,2025-05-21 12:35:00,695.87,695.87,695.78,695.78,-0.01,59.25,41161.59,-1
2025-05-21,2025-05-21 12:36:00,695.78,695.78,695.7,695.7,-0.01,59.25,41161.59,-1
2025-05-21,2025-05-21 12:37:00,695.7,695.7,695.61,695.61,-0.01,59.25,41161.59,-1
2025-05-21,2025-05-21 12:38:00,695.61,695.61,695.53,695.53,-0.01,59.25,41161.59,-1
2025-05-21,2025-05-21 12:39:00,695.53,695.53,695.44,695.44,-0.01,59.25,41161.59,-1
2025-05-21,2025-05-21 12:40:00,695.44,695.44,695.36,695.36,-0.01,59.25,41161.59,-1
2025-05-21,2025-05-21 12:41:00,695.36,695.36,695.27,695.27,-0.01,59.25,41161.59,-1
2025-05-21,2025-05-21 12:42:00,695.27,695.27,695.18,695.18,-0.01,59.25,41161.59,-1
2025-05-21,2025-05-21 12:43:00,695.18,695.18,695.1,695.1,-0.01,59.25,41161.59,-1
2025-05-21,2025-05-21 12:44:00,695.1,695.1,695.01,695.01,-0.01,59.25,41161.59,-1
2025-05-21,2025-05-21 12:45:00,695.01,695.01,694.93,694.93,-0.01,59.25,41161.59,-1
2025-05-21,2025-05-21 12:46:00,694.93,694.93,694.84,694.84,-0.01,59.25,41161.59,-1
2025-05-21,2025-05-21 12:47:00,694.84,694.84,694.76,694.76,-0.01,59.25,41161.59,-1
2025-05-21,2025-05-21 12:48:00,694.76,694.76,694.67,694.67,-0.01,59.25,41161.59,-1
2025-05-21,2025-05-21 12:49:00,694.67,694.67,694.59,694.59,-0.01,59.25,41161.59,-1
2025-05-21,2025-05-21 12:50:00,694.59,694.59,694.5,694.5,-0.01,59.25,41161.59,-1
2025-05-21,2025-05-21 12:51:00,694.5,694.5,694.41,694.41,-0.01,59.25,41161.59,-1
2025-05-21,2025-05-21 12:52:00,694.41,694.41,694.33,694.33,-0.01,59.25,41161.59,-1
2025-05-21,2025-05-21 12:53:00,694.33,694.33,694.24,694.24,-0.01,59.25,41161.59,-1
2025-05-21,2025-05-21 12:54:00,694.24,694.24,694.16,694.16,-0.01,59.25,41161.59,-1
2025-05-21,2025-05-21 12:55:00,694.16,694.16,694.07,694.07,-0.01,59.25,41161.59,-1
2025-05-21,2025-05-21 12:56:00,694.07,694.07,693.99,693.99,-0.01,59.25,41161.59,-1
2025-05-21,2025-05-21 12:57:00,693.99,693.99,693.9,693.9,-0.01,59.25,41161.59,-1
2025-05-21,2025-05-21 12:58:00,693.9,693.9,693.82,693.82,-0.01,59.25,41161.59,-1
2025-05-21,2025-05-21 12:59:00,693.82,693.82,693.73,693.73,-0.01,59.25,41161.59,-1
2025-05-21,2025-05-21 13:00:00,693.73,718.0,682.1,693.64,-0.01,59.25,41161.59,-1
2025-05-21,2025-05-21 13:01:00,693.64,693.64,693.56,693.56,-0.01,59.25,41161.59,-1
2025-05-21,2025-05-21 13:02:00,693.56,693.56,693.47,693.47,-0.01,59.25,41161.59,-1
2025-05-21,2025-05-21 13:03:00,693.47,693.47,693.39,693.39,-0.01,59.25,41161.59,-1
2025-05-21,2025-05-21 13:04:00,693.39,693.39,693.3,693.3,-0.01,59.25,41161.59,-1
2025-05-21,2025-05-21 13:05:00,693.3,693.3,693.22,693.22,-0.01,59.25,41161.59,-1
2025-05-21,2025-05-21 13:06:00,693.22,693.22,693.13,693.13,-0.01,59.25,41161.59,-1
2025-05-21,2025-05-21 13:07:00,693.13,693.13,693.05,693.05,-0.01,59.25,41161.59,-1
2025-05-21,2025-05-21 13:08:00,693.05,693.05,692.96,692.96,-0.01,59.25,41161.59,-1
2025-05-21,2025-05-21 13:09:00,692.96,692.96,692.87,692.87,-0.01,59.25,41161.59,-1
2025-05-21,2025-05-21 13:10:00,692.87,692.87,692.79,692.79,-0.01,59.25,41161.59,-1
2025-05-21,2025-05-21 13:11:00,692.79,692.79,692.7,692.7,-0.01,59.25,41161.59,-1
2025-05-21,2025-05-21 13:12:00,692.7,692.7,692.62,692.62,-0.01,59.25,41161.59,-1
2025-05-21,2025-05-21 13:13:00,692.62,692.62,692.53,692.53,-0.01,59.25,41161.59,-1
2025-05-21,2025-05-21 13:14:00,692.53,692.53,692.45,692.45,-0.01,59.25,41161.59,-1
2025-05-21,2025-05-21 13:15:00,692.45,692.45,692.36,692.36,-0.01,59.25,41161.59,-1
2025-05-21,2025-05-21 13:16:00,692.36,692.36,692.28,692.28,-0.01,59.25,41161.59,-1
2025-05-21,2025-05-21 13:17:00,692.28,692.28,692.19,692.19,-0.01,59.25,41161.59,-1
2025-05-21,2025-05-21 13:18:00,692.19,692.19,692.1,692.1,-0.01,59.25,41161.59,-1
2025-05-21,2025-05-21 13:19:00,692.1,692.1,692.02,692.02,-0.01,59.25,41161.59,-1
2025-05-21,2025-05-21 13:20:00,692.02,692.02,691.93,691.93,-0.01,59.25,41161.59,-1
2025-05-21,2025-05-21 13:21:00,691.93,691.93,691.85,691.85,-0.01,59.25,41161.59,-1
2025-05-21,2025-05-21 13:22:00,691.85,691.85,691.76,691.76,-0.01,59.25,41161.59,-1
2025-05-21,2025-05-21 13:23:00,691.76,691.76,691.68,691.68,-0.01,59.25,41161.59,-1
2025-05-21,2025-05-21 13:24:00,691.68,691.68,691.59,691.59,-0.01,59.25,41161.59,-1
2025-05-21,2025-05-21 13:25:00,691.59,691.59,691.5,691.5,-0.01,59.25,41161.59,-1
2025-05-21,2025-05-21 13:26:00,691.5,691.5,691.42,691.42,-0.01,59.25,41161.59,-1
2025-05-21,2025-05-21 13:27:00,691.42,691.42,691.33,691.33,-0.01,59.25,41161.59,-1
2025-05-21,2025-05-21 13:28:00,691.33,691.33,691.25,691.25,-0.01,59.25,41161.59,-1
2025-05-21,2025-05-21 13:29:00,691.25,691.25,691.16,691.16,-0.01,59.25,41161.59,-1
2025-05-21,2025-05-21 13:30:00,691.16,691.16,691.08,691.08,-0.01,59.25,41161.59,-1
2025-05-21,2025-05-21 13:31:00,691.08,691.08,690.99,690.99,-0.01,59.25,41161.59,-1
2025-05-21,2025-05-21 13:32:00,690.99,690.99,690.91,690.91,-0.01,59.25,41161.59,-1
2025-05-21,2025-05-21 13:33:00,690.91,690.91,690.82,690.82,-0.01,59.25,41161.59,-1
2025-05-21,2025-05-21 13:34:00,690.82,690.82,690.73,690.73,-0.01,59.25,41161.59,-1
2025-05-21,2025-05-21 13:35:00,690.73,690.73,690.65,690.65,-0.01,59.25,41161.59,-1
2025-05-21,2025-05-21 13:36:00,690.65,690.65,690.56,690.56,-0.01,59.25,41161.59,-1
2025-05-21,2025-05-21 13:37:00,690.56,690.56,690.48,690.48,-0.01,59.25,41161.59,-1
2025-05-21,2025-05-21 13:38:00,690.48,690.48,690.39,690.39,-0.01,59.25,41161.59,-1
2025-05-21,2025-05-21 13:39:00,690.39,690.39,690.31,690.31,-0.01,59.25,41161.59,-1
2025-05-21,2025-05-21 13:40:00,690.31,690.31,690.22,690.22,-0.01,59.25,41161.59,-1
2025-05-21,2025-05-21 13:41:00,690.22,690.22,690.14,690.14,-0.01,59.25,41161.59,-1
2025-05-21,2025-05-21 13:42:00,690.14,690.14,690.05,690.05,-0.01,59.25,41161.59,-1
2025-05-21,2025-05-21 13:43:00,690.05,690.05,689.96,689.96,-0.01,59.25,41161.59,-1
2025-05-21,2025-05-21 13:44:00,689.96,689.96,689.88,689.88,-0.01,59.25,41161.59,-1
2025-05-21,2025-05-21 13:45:00,689.88,689.88,689.79,689.79,-0.01,59.25,41161.59,-1
2025-05-21,2025-05-21 13:46:00,689.79,689.79,689.71,689.71,-0.01,59.25,41161.59,-1
2025-05-21,2025-05-21 13:47:00,689.71,689.71,689.62,689.62,-0.01,59.25,41161.59,-1
2025-05-21,2025-05-21 13:48:00,689.62,689.62,689.54,689.54,-0.01,59.25,41161.59,-1
2025-05-21,2025-05-21 13:49:00,689.54,689.54,689.45,689.45,-0.01,59.25,41161.59,-1
2025-05-21,2025-05-21 13:50:00,689.45,689.45,689.37,689.37,-0.01,59.25,41161.59,-1
2025-05-21,2025-05-21 13:51:00,689.37,689.37,689.28,689.28,-0.01,59.25,41161.59,-1
2025-05-21,2025-05-21 13:52:00,689.28,689.28,689.19,689.19,-0.01,59.25,41161.59,-1
2025-05-21,2025-05-21 13:53:00,689.19,689.19,689.11,689.11,-0.01,59.25,41161.59,-1
2025-05-21,2025-05-21 13:54:00,689.11,689.11,689.02,689.02,-0.01,59.25,41161.59,-1
2025-05-21,2025-05-21 13:55:00,689.02,689.02,688.94,688.94,-0.01,59.25,41161.59,-1
2025-05-21,2025-05-21 13:56:00,688.94,688.94,688.85,688.85,-0.01,59.25,41161.59,-1
2025-05-21,2025-05-21 13:57:00,688.85,688.85,688.77,688.77,-0.01,59.25,41161.59,-1
2025-05-21,2025-05-21 13:58:00,688.77,688.77,688.68,688.68,-0.01,59.25,41161.59,-1
2025-05-21,2025-05-21 13:59:00,688.68,688.68,688.6,688.6,-0.01,59.25,41161.59,-1
2025-05-21,2025-05-21 14:00:00,688.6,688.6,688.51,688.51,-0.01,59.25,41161.59,-1
2025-05-21,2025-05-21 14:01:00,688.51,688.51,688.42,688.42,-0.01,59.25,41161.59,-1
2025-05-21,2025-05-21 14:02:00,688.42,688.42,688.34,688.34,-0.01,59.25,41161.59,-1
2025-05-21,2025-05-21 14:03:00,688.34,688.34,688.25,688.25,-0.01,59.25,41161.59,-1
2025-05-21,2025-05-21 14:04:00,688.25,688.25,688.17,688.17,-0.01,59.25,41161.59,-1
2025-05-21,2025-05-21 14:05:00,688.17,688.17,688.08,688.08,-0.01,59.25,41161.59,-1
2025-05-21,2025-05-21 14:06:00,688.08,688.08,688.0,688.0,-0.01,59.25,41161.59,-1
2025-05-21,2025-05-21 14:07:00,688.0,688.0,687.91,687.91,-0.01,59.25,41161.59,-1
2025-05-21,2025-05-21 14:08:00,687.91,687.91,687.82,687.82,-0.01,59.25,41161.59,-1
2025-05-21,2025-05-21 14:09:00,687.82,687.82,687.74,687.74,-0.01,59.25,41161.59,-1
2025-05-21,2025-05-21 14:10:00,687.74,687.74,687.65,687.65,-0.01,59.25,41161.59,-1
2025-05-21,2025-05-21 14:11:00,687.65,687.65,687.57,687.57,-0.01,59.25,41161.59,-1
2025-05-21,2025-05-21 14:12:00,687.57,687.57,687.48,687.48,-0.01,59.25,41161.59,-1
2025-05-21,2025-05-21 14:13:00,687.48,687.48,687.4,687.4,-0.01,59.25,41161.59,-1
2025-05-21,2025-05-21 14:14:00,687.4,687.4,687.31,687.31,-0.01,59.25,41161.59,-1
2025-05-21,2025-05-21 14:15:00,687.31,687.31,687.23,687.23,-0.01,59.25,41161.59,-1
2025-05-21,2025-05-21 14:16:00,687.23,687.23,687.14,687.14,-0.01,59.25,41161.59,-1
2025-05-21,2025-05-21 14:17:00,687.14,687.14,687.05,687.05,-0.01,59.25,41161.59,-1
2025-05-21,2025-05-21 14:18:00,687.05,687.05,686.97,686.97,-0.01,59.25,41161.59,-1
2025-05-21,2025-05-21 14:19:00,686.97,686.97,686.88,686.88,-0.01,59.25,41161.59,-1
2025-05-21,2025-05-21 14:20:00,686.88,686.88,686.8,686.8,-0.01,59.25,41161.59,-1
2025-05-21,2025-05-21 14:21:00,686.8,686.8,686.71,686.71,-0.01,59.25,41161.59,-1
2025-05-21,2025-05-21 14:22:00,686.71,686.71,686.63,686.63,-0.01,59.25,41161.59,-1
2025-05-21,2025-05-21 14:23:00,686.63,686.63,686.54,686.54,-0.01,59.25,41161.59,-1
2025-05-21,2025-05-21 14:24:00,686.54,686.54,686.46,686.46,-0.01,59.25,41161.59,-1
2025-05-21,2025-05-21 14:25:00,686.46,686.46,686.37,686.37,-0.01,59.25,41161.59,-1
2025-05-21,2025-05-21 14:26:00,686.37,686.37,686.28,686.28,-0.01,59.25,41161.59,-1
2025-05-21,2025-05-21 14:27:00,686.28,686.28,686.2,686.2,-0.01,59.25,41161.59,-1
2025-05-21,2025-05-21 14:28:00,686.2,686.2,686.11,686.11,-0.01,59.25,41161.59,-1
2025-05-21,2025-05-21 14:29:00,686.11,686.11,686.03,686.03,-0.01,59.25,41161.59,-1
2025-05-21,2025-05-21 14:30:00,686.03,686.03,685.94,685.94,-0.01,59.25,41161.59,-1
2025-05-21,2025-05-21 14:31:00,685.94,685.94,685.86,685.86,-0.01,59.25,41161.59,-1
2025-05-21,2025-05-21 14:32:00,685.86,685.86,685.77,685.77,-0.01,59.25,41161.59,-1
2025-05-21,2025-05-21 14:33:00,685.77,685.77,685.69,685.69,-0.01,59.25,41161.59,-1
2025-05-21,2025-05-21 14:34:00,685.69,685.69,685.6,685.6,-0.01,59.25,41161.59,-1
2025-05-21,2025-05-21 14:35:00,685.6,685.6,685.51,685.51,-0.01,59.25,41161.59,-1
2025-05-21,2025-05-21 14:36:00,685.51,685.51,685.43,685.43,-0.01,59.25,41161.59,-1
2025-05-21,2025-05-21 14:37:00,685.43,685.43,685.34,685.34,-0.01,59.25,41161.59,-1
2025-05-21,2025-05-21 14:38:00,685.34,685.34,685.26,685.26,-0.01,59.25,41161.59,-1
2025-05-21,2025-05-21 14:39:00,685.26,685.26,685.17,685.17,-0.01,59.25,41161.59,-1
2025-05-21,2025-05-21 14:40:00,685.17,685.17,685.09,685.09,-0.01,59.25,41161.59,-1
2025-05-21,2025-05-21 14:41:00,685.09,685.09,685.0,685.0,-0.01,59.25,41161.59,-1
2025-05-21,2025-05-21 14:42:00,685.0,685.0,684.91,684.91,-0.01,59.25,41161.59,-1
2025-05-21,2025-05-21 14:43:00,684.91,684.91,684.83,684.83,-0.01,59.25,41161.59,-1
2025-05-21,2025-05-21 14:44:00,684.83,684.83,684.74,684.74,-0.01,59.25,41161.59,-1
2025-05-21,2025-05-21 14:45:00,684.74,684.74,684.66,684.66,-0.01,59.25,41161.59,-1
2025-05-21,2025-05-21 14:46:00,684.66,684.66,684.57,684.57,-0.01,59.25,41161.59,-1
2025-05-21,2025-05-21 14:47:00,684.57,684.57,684.49,684.49,-0.01,59.25,41161.59,-1
2025-05-21,2025-05-21 14:48:00,684.49,684.49,684.4,684.4,-0.01,59.25,41161.59,-1
2025-05-21,2025-05-21 14:49:00,684.4,684.4,684.32,684.32,-0.01,59.25,41161.59,-1
2025-05-21,2025-05-21 14:50:00,684.32,684.32,684.23,684.23,-0.01,59.25,41161.59,-1
2025-05-21,2025-05-21 14:51:00,684.23,684.23,684.14,684.14,-0.01,59.25,41161.59,-1
2025-05-21,2025-05-21 14:52:00,684.14,684.14,684.06,684.06,-0.01,59.25,41161.59,-1
2025-05-21,2025-05-21 14:53:00,684.06,684.06,683.97,683.97,-0.01,59.25,41161.59,-1
2025-05-21,2025-05-21 14:54:00,683.97,683.97,683.89,683.89,-0.01,59.25,41161.59,-1
2025-05-21,2025-05-21 14:55:00,683.89,683.89,683.8,683.8,-0.01,59.25,41161.59,-1
2025-05-21,2025-05-21 14:56:00,683.8,683.8,683.72,683.72,-0.01,59.25,41161.59,-1
2025-05-21,2025-05-21 14:57:00,683.72,683.72,683.63,683.63,-0.01,59.25,41161.59,-1
2025-05-21,2025-05-21 14:58:00,683.63,683.63,683.55,683.55,-0.01,59.25,41161.59,-1
2025-05-21,2025-05-21 14:59:00,683.55,683.55,683.46,683.46,-0.01,59.25,41161.59,-1
2025-05-21,2025-05-21 15:00:00,683.46,718.0,682.1,683.46,0.0,59.25,41161.59,0
2025-05-22,2025-05-22 11:00:00,685.1,686.24,680.87,685.07,-0.0,23.83,16137.52,-1
2025-05-22,2025-05-22 11:01:00,685.07,685.07,685.03,685.03,-0.01,23.83,16137.52,-1
2025-05-22,2025-05-22 11:02:00,685.03,685.03,685.0,685.0,-0.0,23.83,16137.52,-1
2025-05-22,2025-05-22 11:03:00,685.0,685.0,684.96,684.96,-0.01,23.83,16137.52,-1
2025-05-22,2025-05-22 11:04:00,684.96,684.96,684.93,684.93,-0.0,23.83,16137.52,-1
2025-05-22,2025-05-22 11:05:00,684.93,684.93,684.89,684.89,-0.01,23.83,16137.52,-1
2025-05-22,2025-05-22 11:06:00,684.89,684.89,684.86,684.86,-0.0,23.83,16137.52,-1
2025-05-22,2025-05-22 11:07:00,684.86,684.86,684.83,684.83,-0.0,23.83,16137.52,-1
2025-05-22,2025-05-22 11:08:00,684.83,684.83,684.79,684.79,-0.01,23.83,16137.52,-1
2025-05-22,2025-05-22 11:09:00,684.79,684.79,684.76,684.76,-0.0,23.83,16137.52,-1
2025-05-22,2025-05-22 11:10:00,684.76,684.76,684.72,684.72,-0.01,23.83,16137.52,-1
2025-05-22,2025-05-22 11:11:00,684.72,684.72,684.69,684.69,-0.0,23.83,16137.52,-1
2025-05-22,2025-05-22 11:12:00,684.69,684.69,684.65,684.65,-0.01,23.83,16137.52,-1
2025-05-22,2025-05-22 11:13:00,684.65,684.65,684.62,684.62,-0.0,23.83,16137.52,-1
2025-05-22,2025-05-22 11:14:00,684.62,684.62,684.59,684.59,-0.0,23.83,16137.52,-1
2025-05-22,2025-05-22 11:15:00,684.59,684.59,684.55,684.55,-0.01,23.83,16137.52,-1
2025-05-22,2025-05-22 11:16:00,684.55,684.55,684.52,684.52,-0.0,23.83,16137.52,-1
2025-05-22,2025-05-22 11:17:00,684.52,684.52,684.48,684.48,-0.01,23.83,16137.52,-1
2025-05-22,2025-05-22 11:18:00,684.48,684.48,684.45,684.45,-0.0,23.83,16137.52,-1
2025-05-22,2025-05-22 11:19:00,684.45,684.45,684.41,684.41,-0.01,23.83,16137.52,-1
2025-05-22,2025-05-22 11:20:00,684.41,684.41,684.38,684.38,-0.0,23.83,16137.52,-1
2025-05-22,2025-05-22 11:21:00,684.38,684.38,684.35,684.35,-0.0,23.83,16137.52,-1
2025-05-22,2025-05-22 11:22:00,684.35,684.35,684.31,684.31,-0.01,23.83,16137.52,-1
2025-05-22,2025-05-22 11:23:00,684.31,684.31,684.28,684.28,-0.0,23.83,16137.52,-1
2025-05-22,2025-05-22 11:24:00,684.28,684.28,684.24,684.24,-0.01,23.83,16137.52,-1
2025-05-22,2025-05-22 11:25:00,684.24,684.24,684.21,684.21,-0.0,23.83,16137.52,-1
2025-05-22,2025-05-22 11:26:00,684.21,684.21,684.18,684.18,-0.0,23.83,16137.52,-1
2025-05-22,2025-05-22 11:27:00,684.18,684.18,684.14,684.14,-0.01,23.83,16137.52,-1
2025-05-22,2025-05-22 11:28:00,684.14,684.14,684.11,684.11,-0.0,23.83,16137.52,-1
2025-05-22,2025-05-22 11:29:00,684.11,684.11,684.07,684.07,-0.01,23.83,16137.52,-1
2025-05-22,2025-05-22 11:30:00,684.07,684.07,684.04,684.04,-0.0,23.83,16137.52,-1
2025-05-22,2025-05-22 11:31:00,684.04,684.04,684.0,684.0,-0.01,23.83,16137.52,-1
2025-05-22,2025-05-22 11:32:00,684.0,684.0,683.97,683.97,-0.0,23.83,16137.52,-1
2025-05-22,2025-05-22 11:33:00,683.97,683.97,683.94,683.94,-0.0,23.83,16137.52,-1
2025-05-22,2025-05-22 11:34:00,683.94,683.94,683.9,683.9,-0.01,23.83,16137.52,-1
2025-05-22,2025-05-22 11:35:00,683.9,683.9,683.87,683.87,-0.0,23.83,16137.52,-1
2025-05-22,2025-05-22 11:36:00,683.87,683.87,683.83,683.83,-0.01,23.83,16137.52,-1
2025-05-22,2025-05-22 11:37:00,683.83,683.83,683.8,683.8,-0.0,23.83,16137.52,-1
2025-05-22,2025-05-22 11:38:00,683.8,683.8,683.76,683.76,-0.01,23.83,16137.52,-1
2025-05-22,2025-05-22 11:39:00,683.76,683.76,683.73,683.73,-0.0,23.83,16137.52,-1
2025-05-22,2025-05-22 11:40:00,683.73,683.73,683.7,683.7,-0.0,23.83,16137.52,-1
2025-05-22,2025-05-22 11:41:00,683.7,683.7,683.66,683.66,-0.01,23.83,16137.52,-1
2025-05-22,2025-05-22 11:42:00,683.66,683.66,683.63,683.63,-0.0,23.83,16137.52,-1
2025-05-22,2025-05-22 11:43:00,683.63,683.63,683.59,683.59,-0.01,23.83,16137.52,-1
2025-05-22,2025-05-22 11:44:00,683.59,683.59,683.56,683.56,-0.0,23.83,16137.52,-1
2025-05-22,2025-05-22 11:45:00,683.56,683.56,683.52,683.52,-0.01,23.83,16137.52,-1
2025-05-22,2025-05-22 11:46:00,683.52,683.52,683.49,683.49,-0.0,23.83,16137.52,-1
2025-05-22,2025-05-22 11:47:00,683.49,683.49,683.46,683.46,-0.0,23.83,16137.52,-1
2025-05-22,2025-05-22 11:48:00,683.46,683.46,683.42,683.42,-0.01,23.83,16137.52,-1
2025-05-22,2025-05-22 11:49:00,683.42,683.42,683.39,683.39,-0.0,23.83,16137.52,-1
2025-05-22,2025-05-22 11:50:00,683.39,683.39,683.35,683.35,-0.01,23.83,16137.52,-1
2025-05-22,2025-05-22 11:51:00,683.35,683.35,683.32,683.32,-0.0,23.83,16137.52,-1
2025-05-22,2025-05-22 11:52:00,683.32,683.32,683.28,683.28,-0.01,23.83,16137.52,-1
2025-05-22,2025-05-22 11:53:00,683.28,683.28,683.25,683.25,-0.0,23.83,16137.52,-1
2025-05-22,2025-05-22 11:54:00,683.25,683.25,683.22,683.22,-0.0,23.83,16137.52,-1
2025-05-22,2025-05-22 11:55:00,683.22,683.22,683.18,683.18,-0.01,23.83,16137.52,-1
2025-05-22,2025-05-22 11:56:00,683.18,683.18,683.15,683.15,-0.0,23.83,16137.52,-1
2025-05-22,2025-05-22 11:57:00,683.15,683.15,683.11,683.11,-0.01,23.83,16137.52,-1
2025-05-22,2025-05-22 11:58:00,683.11,683.11,683.08,683.08,-0.0,23.83,16137.52,-1
2025-05-22,2025-05-22 11:59:00,683.08,683.08,683.05,683.05,-0.0,23.83,16137.52,-1
2025-05-22,2025-05-22 12:00:00,683.05,683.05,683.01,683.01,-0.01,23.83,16137.52,-1
2025-05-22,2025-05-22 12:01:00,683.01,683.01,682.98,682.98,-0.0,23.83,16137.52,-1
2025-05-22,2025-05-22 12:02:00,682.98,682.98,682.94,682.94,-0.01,23.83,16137.52,-1
2025-05-22,2025-05-22 12:03:00,682.94,682.94,682.91,682.91,-0.0,23.83,16137.52,-1
2025-05-22,2025-05-22 12:04:00,682.91,682.91,682.87,682.87,-0.01,23.83,16137.52,-1
2025-05-22,2025-05-22 12:05:00,682.87,682.87,682.84,682.84,-0.0,23.83,16137.52,-1
2025-05-22,2025-05-22 12:06:00,682.84,682.84,682.81,682.81,-0.0,23.83,16137.52,-1
2025-05-22,2025-05-22 12:07:00,682.81,682.81,682.77,682.77,-0.01,23.83,16137.52,-1
2025-05-22,2025-05-22 12:08:00,682.77,682.77,682.74,682.74,-0.0,23.83,16137.52,-1
2025-05-22,2025-05-22 12:09:00,682.74,682.74,682.7,682.7,-0.01,23.83,16137.52,-1
2025-05-22,2025-05-22 12:10:00,682.7,682.7,682.67,682.67,-0.0,23.83,16137.52,-1
2025-05-22,2025-05-22 12:11:00,682.67,682.67,682.63,682.63,-0.01,23.83,16137.52,-1
2025-05-22,2025-05-22 12:12:00,682.63,682.63,682.6,682.6,-0.0,23.83,16137.52,-1
2025-05-22,2025-05-22 12:13:00,682.6,682.6,682.57,682.57,-0.0,23.83,16137.52,-1
2025-05-22,2025-05-22 12:14:00,682.57,682.57,682.53,682.53,-0.01,23.83,16137.52,-1
2025-05-22,2025-05-22 12:15:00,682.53,682.53,682.5,682.5,-0.0,23.83,16137.52,-1
2025-05-22,2025-05-22 12:16:00,682.5,682.5,682.46,682.46,-0.01,23.83,16137.52,-1
2025-05-22,2025-05-22 12:17:00,682.46,682.46,682.43,682.43,-0.0,23.83,16137.52,-1
2025-05-22,2025-05-22 12:18:00,682.43,682.43,682.39,682.39,-0.01,23.83,16137.52,-1
2025-05-22,2025-05-22 12:19:00,682.39,682.39,682.36,682.36,-0.0,23.83,16137.52,-1
2025-05-22,2025-05-22 12:20:00,682.36,682.36,682.33,682.33,-0.0,23.83,16137.52,-1
2025-05-22,2025-05-22 12:21:00,682.33,682.33,682.29,682.29,-0.01,23.83,16137.52,-1
2025-05-22,2025-05-22 12:22:00,682.29,682.29,682.26,682.26,-0.0,23.83,16137.52,-1
2025-05-22,2025-05-22 12:23:00,682.26,682.26,682.22,682.22,-0.01,23.83,16137.52,-1
2025-05-22,2025-05-22 12:24:00,682.22,682.22,682.19,682.19,-0.0,23.83,16137.52,-1
2025-05-22,2025-05-22 12:25:00,682.19,682.19,682.15,682.15,-0.01,23.83,16137.52,-1
2025-05-22,2025-05-22 12:26:00,682.15,682.15,682.12,682.12,-0.0,23.83,16137.52,-1
2025-05-22,2025-05-22 12:27:00,682.12,682.12,682.09,682.09,-0.0,23.83,16137.52,-1
2025-05-22,2025-05-22 12:28:00,682.09,682.09,682.05,682.05,-0.01,23.83,16137.52,-1
2025-05-22,2025-05-22 12:29:00,682.05,682.05,682.02,682.02,-0.0,23.83,16137.52,-1
2025-05-22,2025-05-22 12:30:00,682.02,682.02,681.98,681.98,-0.01,23.83,16137.52,-1
2025-05-22,2025-05-22 12:31:00,681.98,681.98,681.95,681.95,-0.0,23.83,16137.52,-1
2025-05-22,2025-05-22 12:32:00,681.95,681.95,681.91,681.91,-0.01,23.83,16137.52,-1
2025-05-22,2025-05-22 12:33:00,681.91,681.91,681.88,681.88,-0.0,23.83,16137.52,-1
2025-05-22,2025-05-22 12:34:00,681.88,681.88,681.85,681.85,-0.0,23.83,16137.52,-1
2025-05-22,2025-05-22 12:35:00,681.85,681.85,681.81,681.81,-0.01,23.83,16137.52,-1
2025-05-22,2025-05-22 12:36:00,681.81,681.81,681.78,681.78,-0.0,23.83,16137.52,-1
2025-05-22,2025-05-22 12:37:00,681.78,681.78,681.74,681.74,-0.01,23.83,16137.52,-1
2025-05-22,2025-05-22 12:38:00,681.74,681.74,681.71,681.71,-0.0,23.83,16137.52,-1
2025-05-22,2025-05-22 12:39:00,681.71,681.71,681.67,681.67,-0.01,23.83,16137.52,-1
2025-05-22,2025-05-22 12:40:00,681.67,681.67,681.64,681.64,-0.0,23.83,16137.52,-1
2025-05-22,2025-05-22 12:41:00,681.64,681.64,681.61,681.61,-0.0,23.83,16137.52,-1
2025-05-22,2025-05-22 12:42:00,681.61,681.61,681.57,681.57,-0.01,23.83,16137.52,-1
2025-05-22,2025-05-22 12:43:00,681.57,681.57,681.54,681.54,-0.0,23.83,16137.52,-1
2025-05-22,2025-05-22 12:44:00,681.54,681.54,681.5,681.5,-0.01,23.83,16137.52,-1
2025-05-22,2025-05-22 12:45:00,681.5,681.5,681.47,681.47,-0.0,23.83,16137.52,-1
2025-05-22,2025-05-22 12:46:00,681.47,681.47,681.44,681.44,-0.0,23.83,16137.52,-1
2025-05-22,2025-05-22 12:47:00,681.44,681.44,681.4,681.4,-0.01,23.83,16137.52,-1
2025-05-22,2025-05-22 12:48:00,681.4,681.4,681.37,681.37,-0.0,23.83,16137.52,-1
2025-05-22,2025-05-22 12:49:00,681.37,681.37,681.33,681.33,-0.01,23.83,16137.52,-1
2025-05-22,2025-05-22 12:50:00,681.33,681.33,681.3,681.3,-0.0,23.83,16137.52,-1
2025-05-22,2025-05-22 12:51:00,681.3,681.3,681.26,681.26,-0.01,23.83,16137.52,-1
2025-05-22,2025-05-22 12:52:00,681.26,681.26,681.23,681.23,-0.0,23.83,16137.52,-1
2025-05-22,2025-05-22 12:53:00,681.23,681.23,681.2,681.2,-0.0,23.83,16137.52,-1
2025-05-22,2025-05-22 12:54:00,681.2,681.2,681.16,681.16,-0.01,23.83,16137.52,-1
2025-05-22,2025-05-22 12:55:00,681.16,681.16,681.13,681.13,-0.0,23.83,16137.52,-1
2025-05-22,2025-05-22 12:56:00,681.13,681.13,681.09,681.09,-0.01,23.83,16137.52,-1
2025-05-22,2025-05-22 12:57:00,681.09,681.09,681.06,681.06,-0.0,23.83,16137.52,-1
2025-05-22,2025-05-22 12:58:00,681.06,681.06,681.02,681.02,-0.01,23.83,16137.52,-1
2025-05-22,2025-05-22 12:59:00,681.02,681.02,680.99,680.99,-0.0,23.83,16137.52,-1
2025-05-22,2025-05-22 13:00:00,680.99,688.9,671.0,680.96,-0.0,23.83,16137.52,-1
2025-05-22,2025-05-22 13:01:00,680.96,680.96,680.92,680.92,-0.01,23.83,16137.52,-1
2025-05-22,2025-05-22 13:02:00,680.92,680.92,680.89,680.89,-0.0,23.83,16137.52,-1
2025-05-22,2025-05-22 13:03:00,680.89,680.89,680.85,680.85,-0.01,23.83,16137.52,-1
2025-05-22,2025-05-22 13:04:00,680.85,680.85,680.82,680.82,-0.0,23.83,16137.52,-1
2025-05-22,2025-05-22 13:05:00,680.82,680.82,680.78,680.78,-0.01,23.83,16137.52,-1
2025-05-22,2025-05-22 13:06:00,680.78,680.78,680.75,680.75,-0.0,23.83,16137.52,-1
2025-05-22,2025-05-22 13:07:00,680.75,680.75,680.72,680.72,-0.0,23.83,16137.52,-1
2025-05-22,2025-05-22 13:08:00,680.72,680.72,680.68,680.68,-0.01,23.83,16137.52,-1
2025-05-22,2025-05-22 13:09:00,680.68,680.68,680.65,680.65,-0.0,23.83,16137.52,-1
2025-05-22,2025-05-22 13:10:00,680.65,680.65,680.61,680.61,-0.01,23.83,16137.52,-1
2025-05-22,2025-05-22 13:11:00,680.61,680.61,680.58,680.58,-0.0,23.83,16137.52,-1
2025-05-22,2025-05-22 13:12:00,680.58,680.58,680.54,680.54,-0.01,23.83,16137.52,-1
2025-05-22,2025-05-22 13:13:00,680.54,680.54,680.51,680.51,-0.0,23.83,16137.52,-1
2025-05-22,2025-05-22 13:14:00,680.51,680.51,680.48,680.48,-0.0,23.83,16137.52,-1
2025-05-22,2025-05-22 13:15:00,680.48,680.48,680.44,680.44,-0.01,23.83,16137.52,-1
2025-05-22,2025-05-22 13:16:00,680.44,680.44,680.41,680.41,-0.0,23.83,16137.52,-1
2025-05-22,2025-05-22 13:17:00,680.41,680.41,680.37,680.37,-0.01,23.83,16137.52,-1
2025-05-22,2025-05-22 13:18:00,680.37,680.37,680.34,680.34,-0.0,23.83,16137.52,-1
2025-05-22,2025-05-22 13:19:00,680.34,680.34,680.31,680.31,-0.0,23.83,16137.52,-1
2025-05-22,2025-05-22 13:20:00,680.31,680.31,680.27,680.27,-0.01,23.83,16137.52,-1
2025-05-22,2025-05-22 13:21:00,680.27,680.27,680.24,680.24,-0.0,23.83,16137.52,-1
2025-05-22,2025-05-22 13:22:00,680.24,680.24,680.2,680.2,-0.01,23.83,16137.52,-1
2025-05-22,2025-05-22 13:23:00,680.2,680.2,680.17,680.17,-0.0,23.83,16137.52,-1
2025-05-22,2025-05-22 13:24:00,680.17,680.17,680.13,680.13,-0.01,23.83,16137.52,-1
2025-05-22,2025-05-22 13:25:00,680.13,680.13,680.1,680.1,-0.0,23.83,16137.52,-1
2025-05-22,2025-05-22 13:26:00,680.1,680.1,680.07,680.07,-0.0,23.83,16137.52,-1
2025-05-22,2025-05-22 13:27:00,680.07,680.07,680.03,680.03,-0.01,23.83,16137.52,-1
2025-05-22,2025-05-22 13:28:00,680.03,680.03,680.0,680.0,-0.0,23.83,16137.52,-1
2025-05-22,2025-05-22 13:29:00,680.0,680.0,679.96,679.96,-0.01,23.83,16137.52,-1
2025-05-22,2025-05-22 13:30:00,679.96,679.96,679.93,679.93,-0.0,23.83,16137.52,-1
2025-05-22,2025-05-22 13:31:00,679.93,679.93,679.89,679.89,-0.01,23.83,16137.52,-1
2025-05-22,2025-05-22 13:32:00,679.89,679.89,679.86,679.86,-0.0,23.83,16137.52,-1
2025-05-22,2025-05-22 13:33:00,679.86,679.86,679.83,679.83,-0.0,23.83,16137.52,-1
2025-05-22,2025-05-22 13:34:00,679.83,679.83,679.79,679.79,-0.01,23.83,16137.52,-1
2025-05-22,2025-05-22 13:35:00,679.79,679.79,679.76,679.76,-0.0,23.83,16137.52,-1
2025-05-22,2025-05-22 13:36:00,679.76,679.76,679.72,679.72,-0.01,23.83,16137.52,-1
2025-05-22,2025-05-22 13:37:00,679.72,679.72,679.69,679.69,-0.0,23.83,16137.52,-1
2025-05-22,2025-05-22 13:38:00,679.69,679.69,679.65,679.65,-0.01,23.83,16137.52,-1
2025-05-22,2025-05-22 13:39:00,679.65,679.65,679.62,679.62,-0.0,23.83,16137.52,-1
2025-05-22,2025-05-22 13:40:00,679.62,679.62,679.59,679.59,-0.0,23.83,16137.52,-1
2025-05-22,2025-05-22 13:41:00,679.59,679.59,679.55,679.55,-0.01,23.83,16137.52,-1
2025-05-22,2025-05-22 13:42:00,679.55,679.55,679.52,679.52,-0.0,23.83,16137.52,-1
2025-05-22,2025-05-22 13:43:00,679.52,679.52,679.48,679.48,-0.01,23.83,16137.52,-1
2025-05-22,2025-05-22 13:44:00,679.48,679.48,679.45,679.45,-0.0,23.83,16137.52,-1
2025-05-22,2025-05-22 13:45:00,679.45,679.45,679.41,679.41,-0.01,23.83,16137.52,-1
2025-05-22,2025-05-22 13:46:00,679.41,679.41,679.38,679.38,-0.0,23.83,16137.52,-1
2025-05-22,2025-05-22 13:47:00,679.38,679.38,679.35,679.35,-0.0,23.83,16137.52,-1
2025-05-22,2025-05-22 13:48:00,679.35,679.35,679.31,679.31,-0.01,23.83,16137.52,-1
2025-05-22,2025-05-22 13:49:00,679.31,679.31,679.28,679.28,-0.0,23.83,16137.52,-1
2025-05-22,2025-05-22 13:50:00,679.28,679.28,679.24,679.24,-0.01,23.83,16137.52,-1
2025-05-22,2025-05-22 13:51:00,679.24,679.24,679.21,679.21,-0.0,23.83,16137.52,-1
2025-05-22,2025-05-22 13:52:00,679.21,679.21,679.17,679.17,-0.01,23.83,16137.52,-1
2025-05-22,2025-05-22 13:53:00,679.17,679.17,679.14,679.14,-0.0,23.83,16137.52,-1
2025-05-22,2025-05-22 13:54:00,679.14,679.14,679.11,679.11,-0.0,23.83,16137.52,-1
2025-05-22,2025-05-22 13:55:00,679.11,679.11,679.07,679.07,-0.01,23.83,16137.52,-1
2025-05-22,2025-05-22 13:56:00,679.07,679.07,679.04,679.04,-0.0,23.83,16137.52,-1
2025-05-22,2025-05-22 13:57:00,679.04,679.04,679.0,679.0,-0.01,23.83,16137.52,-1
2025-05-22,2025-05-22 13:58:00,679.0,679.0,678.97,678.97,-0.0,23.83,16137.52,-1
2025-05-22,2025-05-22 13:59:00,678.97,678.97,678.93,678.93,-0.01,23.83,16137.52,-1
2025-05-22,2025-05-22 14:00:00,678.93,678.93,678.9,678.9,-0.0,23.83,16137.52,-1
2025-05-22,2025-05-22 14:01:00,678.9,678.9,678.87,678.87,-0.0,23.83,16137.52,-1
2025-05-22,2025-05-22 14:02:00,678.87,678.87,678.83,678.83,-0.01,23.83,16137.52,-1
2025-05-22,2025-05-22 14:03:00,678.83,678.83,678.8,678.8,-0.0,23.83,16137.52,-1
2025-05-22,2025-05-22 14:04:00,678.8,678.8,678.76,678.76,-0.01,23.83,16137.52,-1
2025-05-22,2025-05-22 14:05:00,678.76,678.76,678.73,678.73,-0.0,23.83,16137.52,-1
2025-05-22,2025-05-22 14:06:00,678.73,678.73,678.7,678.7,-0.0,23.83,16137.52,-1
2025-05-22,2025-05-22 14:07:00,678.7,678.7,678.66,678.66,-0.01,23.83,16137.52,-1
2025-05-22,2025-05-22 14:08:00,678.66,678.66,678.63,678.63,-0.0,23.83,16137.52,-1
2025-05-22,2025-05-22 14:09:00,678.63,678.63,678.59,678.59,-0.01,23.83,16137.52,-1
2025-05-22,2025-05-22 14:10:00,678.59,678.59,678.56,678.56,-0.0,23.83,16137.52,-1
2025-05-22,2025-05-22 14:11:00,678.56,678.56,678.52,678.52,-0.01,23.83,16137.52,-1
2025-05-22,2025-05-22 14:12:00,678.52,678.52,678.49,678.49,-0.0,23.83,16137.52,-1
2025-05-22,2025-05-22 14:13:00,678.49,678.49,678.46,678.46,-0.0,23.83,16137.52,-1
2025-05-22,2025-05-22 14:14:00,678.46,678.46,678.42,678.42,-0.01,23.83,16137.52,-1
2025-05-22,2025-05-22 14:15:00,678.42,678.42,678.39,678.39,-0.0,23.83,16137.52,-1
2025-05-22,2025-05-22 14:16:00,678.39,678.39,678.35,678.35,-0.01,23.83,16137.52,-1
2025-05-22,2025-05-22 14:17:00,678.35,678.35,678.32,678.32,-0.0,23.83,16137.52,-1
2025-05-22,2025-05-22 14:18:00,678.32,678.32,678.28,678.28,-0.01,23.83,16137.52,-1
2025-05-22,2025-05-22 14:19:00,678.28,678.28,678.25,678.25,-0.0,23.83,16137.52,-1
2025-05-22,2025-05-22 14:20:00,678.25,678.25,678.22,678.22,-0.0,23.83,16137.52,-1
2025-05-22,2025-05-22 14:21:00,678.22,678.22,678.18,678.18,-0.01,23.83,16137.52,-1
2025-05-22,2025-05-22 14:22:00,678.18,678.18,678.15,678.15,-0.0,23.83,16137.52,-1
2025-05-22,2025-05-22 14:23:00,678.15,678.15,678.11,678.11,-0.01,23.83,16137.52,-1
2025-05-22,2025-05-22 14:24:00,678.11,678.11,678.08,678.08,-0.0,23.83,16137.52,-1
2025-05-22,2025-05-22 14:25:00,678.08,678.08,678.04,678.04,-0.01,23.83,16137.52,-1
2025-05-22,2025-05-22 14:26:00,678.04,678.04,678.01,678.01,-0.0,23.83,16137.52,-1
2025-05-22,2025-05-22 14:27:00,678.01,678.01,677.98,677.98,-0.0,23.83,16137.52,-1
2025-05-22,2025-05-22 14:28:00,677.98,677.98,677.94,677.94,-0.01,23.83,16137.52,-1
2025-05-22,2025-05-22 14:29:00,677.94,677.94,677.91,677.91,-0.0,23.83,16137.52,-1
2025-05-22,2025-05-22 14:30:00,677.91,677.91,677.87,677.87,-0.01,23.83,16137.52,-1
2025-05-22,2025-05-22 14:31:00,677.87,677.87,677.84,677.84,-0.0,23.83,16137.52,-1
2025-05-22,2025-05-22 14:32:00,677.84,677.84,677.8,677.8,-0.01,23.83,16137.52,-1
2025-05-22,2025-05-22 14:33:00,677.8,677.8,677.77,677.77,-0.0,23.83,16137.52,-1
2025-05-22,2025-05-22 14:34:00,677.77,677.77,677.74,677.74,-0.0,23.83,16137.52,-1
2025-05-22,2025-05-22 14:35:00,677.74,677.74,677.7,677.7,-0.01,23.83,16137.52,-1
2025-05-22,2025-05-22 14:36:00,677.7,677.7,677.67,677.67,-0.0,23.83,16137.52,-1
2025-05-22,2025-05-22 14:37:00,677.67,677.67,677.63,677.63,-0.01,23.83,16137.52,-1
2025-05-22,2025-05-22 14:38:00,677.63,677.63,677.6,677.6,-0.0,23.83,16137.52,-1
2025-05-22,2025-05-22 14:39:00,677.6,677.6,677.57,677.57,-0.0,23.83,16137.52,-1
2025-05-22,2025-05-22 14:40:00,677.57,677.57,677.53,677.53,-0.01,23.83,16137.52,-1
2025-05-22,2025-05-22 14:41:00,677.53,677.53,677.5,677.5,-0.0,23.83,16137.52,-1
2025-05-22,2025-05-22 14:42:00,677.5,677.5,677.46,677.46,-0.01,23.83,16137.52,-1
2025-05-22,2025-05-22 14:43:00,677.46,677.46,677.43,677.43,-0.0,23.83,16137.52,-1
2025-05-22,2025-05-22 14:44:00,677.43,677.43,677.39,677.39,-0.01,23.83,16137.52,-1
2025-05-22,2025-05-22 14:45:00,677.39,677.39,677.36,677.36,-0.0,23.83,16137.52,-1
2025-05-22,2025-05-22 14:46:00,677.36,677.36,677.33,677.33,-0.0,23.83,16137.52,-1
2025-05-22,2025-05-22 14:47:00,677.33,677.33,677.29,677.29,-0.01,23.83,16137.52,-1
2025-05-22,2025-05-22 14:48:00,677.29,677.29,677.26,677.26,-0.0,23.83,16137.52,-1
2025-05-22,2025-05-22 14:49:00,677.26,677.26,677.22,677.22,-0.01,23.83,16137.52,-1
2025-05-22,2025-05-22 14:50:00,677.22,677.22,677.19,677.19,-0.0,23.83,16137.52,-1
2025-05-22,2025-05-22 14:51:00,677.19,677.19,677.15,677.15,-0.01,23.83,16137.52,-1
2025-05-22,2025-05-22 14:52:00,677.15,677.15,677.12,677.12,-0.0,23.83,16137.52,-1
2025-05-22,2025-05-22 14:53:00,677.12,677.12,677.09,677.09,-0.0,23.83,16137.52,-1
2025-05-22,2025-05-22 14:54:00,677.09,677.09,677.05,677.05,-0.01,23.83,16137.52,-1
2025-05-22,2025-05-22 14:55:00,677.05,677.05,677.02,677.02,-0.0,23.83,16137.52,-1
2025-05-22,2025-05-22 14:56:00,677.02,677.02,676.98,676.98,-0.01,23.83,16137.52,-1
2025-05-22,2025-05-22 14:57:00,676.98,676.98,676.95,676.95,-0.0,23.83,16137.52,-1
2025-05-22,2025-05-22 14:58:00,676.95,676.95,676.91,676.91,-0.01,23.83,16137.52,-1
2025-05-22,2025-05-22 14:59:00,676.91,676.91,676.88,676.88,-0.0,23.83,16137.52,-1
2025-05-22,2025-05-22 15:00:00,676.88,688.9,671.0,676.88,0.0,23.83,16137.52,0
2025-05-25,2025-05-25 11:00:00,668.0,671.6,668.0,668.02,0.0,20.78,14026.44,1
2025-05-25,2025-05-25 11:01:00,668.02,668.04,668.02,668.04,0.0,20.78,14026.44,1
2025-05-25,2025-05-25 11:02:00,668.04,668.06,668.04,668.06,0.0,20.78,14026.44,1
2025-05-25,2025-05-25 11:03:00,668.06,668.08,668.06,668.08,0.0,20.78,14026.44,1
2025-05-25,2025-05-25 11:04:00,668.08,668.1,668.08,668.1,0.0,20.78,14026.44,1
2025-05-25,2025-05-25 11:05:00,668.1,668.12,668.1,668.12,0.0,20.78,14026.44,1
2025-05-25,2025-05-25 11:06:00,668.12,668.14,668.12,668.14,0.0,20.78,14026.44,1
2025-05-25,2025-05-25 11:07:00,668.14,668.17,668.14,668.17,0.0,20.78,14026.44,1
2025-05-25,2025-05-25 11:08:00,668.17,668.19,668.17,668.19,0.0,20.78,14026.44,1
2025-05-25,2025-05-25 11:09:00,668.19,668.21,668.19,668.21,0.0,20.78,14026.44,1
2025-05-25,2025-05-25 11:10:00,668.21,668.23,668.21,668.23,0.0,20.78,14026.44,1
2025-05-25,2025-05-25 11:11:00,668.23,668.25,668.23,668.25,0.0,20.78,14026.44,1
2025-05-25,2025-05-25 11:12:00,668.25,668.27,668.25,668.27,0.0,20.78,14026.44,1
2025-05-25,2025-05-25 11:13:00,668.27,668.29,668.27,668.29,0.0,20.78,14026.44,1
2025-05-25,2025-05-25 11:14:00,668.29,668.31,668.29,668.31,0.0,20.78,14026.44,1
2025-05-25,2025-05-25 11:15:00,668.31,668.33,668.31,668.33,0.0,20.78,14026.44,1
2025-05-25,2025-05-25 11:16:00,668.33,668.35,668.33,668.35,0.0,20.78,14026.44,1
2025-05-25,2025-05-25 11:17:00,668.35,668.37,668.35,668.37,0.0,20.78,14026.44,1
2025-05-25,2025-05-25 11:18:00,668.37,668.39,668.37,668.39,0.0,20.78,14026.44,1
2025-05-25,2025-05-25 11:19:00,668.39,668.41,668.39,668.41,0.0,20.78,14026.44,1
2025-05-25,2025-05-25 11:20:00,668.41,668.43,668.41,668.43,0.0,20.78,14026.44,1
2025-05-25,2025-05-25 11:21:00,668.43,668.45,668.43,668.45,0.0,20.78,14026.44,1
2025-05-25,2025-05-25 11:22:00,668.45,668.48,668.45,668.48,0.0,20.78,14026.44,1
2025-05-25,2025-05-25 11:23:00,668.48,668.5,668.48,668.5,0.0,20.78,14026.44,1
2025-05-25,2025-05-25 11:24:00,668.5,668.52,668.5,668.52,0.0,20.78,14026.44,1
2025-05-25,2025-05-25 11:25:00,668.52,668.54,668.52,668.54,0.0,20.78,14026.44,1
2025-05-25,2025-05-25 11:26:00,668.54,668.56,668.54,668.56,0.0,20.78,14026.44,1
2025-05-25,2025-05-25 11:27:00,668.56,668.58,668.56,668.58,0.0,20.78,14026.44,1
2025-05-25,2025-05-25 11:28:00,668.58,668.6,668.58,668.6,0.0,20.78,14026.44,1
2025-05-25,2025-05-25 11:29:00,668.6,668.62,668.6,668.62,0.0,20.78,14026.44,1
2025-05-25,2025-05-25 11:30:00,668.62,668.64,668.62,668.64,0.0,20.78,14026.44,1
2025-05-25,2025-05-25 11:31:00,668.64,668.66,668.64,668.66,0.0,20.78,14026.44,1
2025-05-25,2025-05-25 11:32:00,668.66,668.68,668.66,668.68,0.0,20.78,14026.44,1
2025-05-25,2025-05-25 11:33:00,668.68,668.7,668.68,668.7,0.0,20.78,14026.44,1
2025-05-25,2025-05-25 11:34:00,668.7,668.72,668.7,668.72,0.0,20.78,14026.44,1
2025-05-25,2025-05-25 11:35:00,668.72,668.74,668.72,668.74,0.0,20.78,14026.44,1
2025-05-25,2025-05-25 11:36:00,668.74,668.76,668.74,668.76,0.0,20.78,14026.44,1
2025-05-25,2025-05-25 11:37:00,668.76,668.79,668.76,668.79,0.0,20.78,14026.44,1
2025-05-25,2025-05-25 11:38:00,668.79,668.81,668.79,668.81,0.0,20.78,14026.44,1
2025-05-25,2025-05-25 11:39:00,668.81,668.83,668.81,668.83,0.0,20.78,14026.44,1
2025-05-25,2025-05-25 11:40:00,668.83,668.85,668.83,668.85,0.0,20.78,14026.44,1
2025-05-25,2025-05-25 11:41:00,668.85,668.87,668.85,668.87,0.0,20.78,14026.44,1
2025-05-25,2025-05-25 11:42:00,668.87,668.89,668.87,668.89,0.0,20.78,14026.44,1
2025-05-25,2025-05-25 11:43:00,668.89,668.91,668.89,668.91,0.0,20.78,14026.44,1
2025-05-25,2025-05-25 11:44:00,668.91,668.93,668.91,668.93,0.0,20.78,14026.44,1
2025-05-25,2025-05-25 11:45:00,668.93,668.95,668.93,668.95,0.0,20.78,14026.44,1
2025-05-25,2025-05-25 11:46:00,668.95,668.97,668.95,668.97,0.0,20.78,14026.44,1
2025-05-25,2025-05-25 11:47:00,668.97,668.99,668.97,668.99,0.0,20.78,14026.44,1
2025-05-25,2025-05-25 11:48:00,668.99,669.01,668.99,669.01,0.0,20.78,14026.44,1
2025-05-25,2025-05-25 11:49:00,669.01,669.03,669.01,669.03,0.0,20.78,14026.44,1
2025-05-25,2025-05-25 11:50:00,669.03,669.05,669.03,669.05,0.0,20.78,14026.44,1
2025-05-25,2025-05-25 11:51:00,669.05,669.07,669.05,669.07,0.0,20.78,14026.44,1
2025-05-25,2025-05-25 11:52:00,669.07,669.1,669.07,669.1,0.0,20.78,14026.44,1
2025-05-25,2025-05-25 11:53:00,669.1,669.12,669.1,669.12,0.0,20.78,14026.44,1
2025-05-25,2025-05-25 11:54:00,669.12,669.14,669.12,669.14,0.0,20.78,14026.44,1
2025-05-25,2025-05-25 11:55:00,669.14,669.16,669.14,669.16,0.0,20.78,14026.44,1
2025-05-25,2025-05-25 11:56:00,669.16,669.18,669.16,669.18,0.0,20.78,14026.44,1
2025-05-25,2025-05-25 11:57:00,669.18,669.2,669.18,669.2,0.0,20.78,14026.44,1
2025-05-25,2025-05-25 11:58:00,669.2,669.22,669.2,669.22,0.0,20.78,14026.44,1
2025-05-25,2025-05-25 11:59:00,669.22,669.24,669.22,669.24,0.0,20.78,14026.44,1
2025-05-25,2025-05-25 12:00:00,669.24,669.26,669.24,669.26,0.0,20.78,14026.44,1
2025-05-25,2025-05-25 12:01:00,669.26,669.28,669.26,669.28,0.0,20.78,14026.44,1
2025-05-25,2025-05-25 12:02:00,669.28,669.3,669.28,669.3,0.0,20.78,14026.44,1
2025-05-25,2025-05-25 12:03:00,669.3,669.32,669.3,669.32,0.0,20.78,14026.44,1
2025-05-25,2025-05-25 12:04:00,669.32,669.34,669.32,669.34,0.0,20.78,14026.44,1
2025-05-25,2025-05-25 12:05:00,669.34,669.36,669.34,669.36,0.0,20.78,14026.44,1
2025-05-25,2025-05-25 12:06:00,669.36,669.38,669.36,669.38,0.0,20.78,14026.44,1
2025-05-25,2025-05-25 12:07:00,669.38,669.41,669.38,669.41,0.0,20.78,14026.44,1
2025-05-25,2025-05-25 12:08:00,669.41,669.43,669.41,669.43,0.0,20.78,14026.44,1
2025-05-25,2025-05-25 12:09:00,669.43,669.45,669.43,669.45,0.0,20.78,14026.44,1
2025-05-25,2025-05-25 12:10:00,669.45,669.47,669.45,669.47,0.0,20.78,14026.44,1
2025-05-25,2025-05-25 12:11:00,669.47,669.49,669.47,669.49,0.0,20.78,14026.44,1
2025-05-25,2025-05-25 12:12:00,669.49,669.51,669.49,669.51,0.0,20.78,14026.44,1
2025-05-25,2025-05-25 12:13:00,669.51,669.53,669.51,669.53,0.0,20.78,14026.44,1
2025-05-25,2025-05-25 12:14:00,669.53,669.55,669.53,669.55,0.0,20.78,14026.44,1
2025-05-25,2025-05-25 12:15:00,669.55,669.57,669.55,669.57,0.0,20.78,14026.44,1
2025-05-25,2025-05-25 12:16:00,669.57,669.59,669.57,669.59,0.0,20.78,14026.44,1
2025-05-25,2025-05-25 12:17:00,669.59,669.61,669.59,669.61,0.0,20.78,14026.44,1
2025-05-25,2025-05-25 12:18:00,669.61,669.63,669.61,669.63,0.0,20.78,14026.44,1
2025-05-25,2025-05-25 12:19:00,669.63,669.65,669.63,669.65,0.0,20.78,14026.44,1
2025-05-25,2025-05-25 12:20:00,669.65,669.67,669.65,669.67,0.0,20.78,14026.44,1
2025-05-25,2025-05-25 12:21:00,669.67,669.69,669.67,669.69,0.0,20.78,14026.44,1
2025-05-25,2025-05-25 12:22:00,669.69,669.72,669.69,669.72,0.0,20.78,14026.44,1
2025-05-25,2025-05-25 12:23:00,669.72,669.74,669.72,669.74,0.0,20.78,14026.44,1
2025-05-25,2025-05-25 12:24:00,669.74,669.76,669.74,669.76,0.0,20.78,14026.44,1
2025-05-25,2025-05-25 12:25:00,669.76,669.78,669.76,669.78,0.0,20.78,14026.44,1
2025-05-25,2025-05-25 12:26:00,669.78,669.8,669.78,669.8,0.0,20.78,14026.44,1
2025-05-25,2025-05-25 12:27:00,669.8,669.82,669.8,669.82,0.0,20.78,14026.44,1
2025-05-25,2025-05-25 12:28:00,669.82,669.84,669.82,669.84,0.0,20.78,14026.44,1
2025-05-25,2025-05-25 12:29:00,669.84,669.86,669.84,669.86,0.0,20.78,14026.44,1
2025-05-25,2025-05-25 12:30:00,669.86,669.88,669.86,669.88,0.0,20.78,14026.44,1
2025-05-25,2025-05-25 12:31:00,669.88,669.9,669.88,669.9,0.0,20.78,14026.44,1
2025-05-25,2025-05-25 12:32:00,669.9,669.92,669.9,669.92,0.0,20.78,14026.44,1
2025-05-25,2025-05-25 12:33:00,669.92,669.94,669.92,669.94,0.0,20.78,14026.44,1
2025-05-25,2025-05-25 12:34:00,669.94,669.96,669.94,669.96,0.0,20.78,14026.44,1
2025-05-25,2025-05-25 12:35:00,669.96,669.98,669.96,669.98,0.0,20.78,14026.44,1
2025-05-25,2025-05-25 12:36:00,669.98,670.0,669.98,670.0,0.0,20.78,14026.44,1
2025-05-25,2025-05-25 12:37:00,670.0,670.03,670.0,670.03,0.0,20.78,14026.44,1
2025-05-25,2025-05-25 12:38:00,670.03,670.05,670.03,670.05,0.0,20.78,14026.44,1
2025-05-25,2025-05-25 12:39:00,670.05,670.07,670.05,670.07,0.0,20.78,14026.44,1
2025-05-25,2025-05-25 12:40:00,670.07,670.09,670.07,670.09,0.0,20.78,14026.44,1
2025-05-25,2025-05-25 12:41:00,670.09,670.11,670.09,670.11,0.0,20.78,14026.44,1
2025-05-25,2025-05-25 12:42:00,670.11,670.13,670.11,670.13,0.0,20.78,14026.44,1
2025-05-25,2025-05-25 12:43:00,670.13,670.15,670.13,670.15,0.0,20.78,14026.44,1
2025-05-25,2025-05-25 12:44:00,670.15,670.17,670.15,670.17,0.0,20.78,14026.44,1
2025-05-25,2025-05-25 12:45:00,670.17,670.19,670.17,670.19,0.0,20.78,14026.44,1
2025-05-25,2025-05-25 12:46:00,670.19,670.21,670.19,670.21,0.0,20.78,14026.44,1
2025-05-25,2025-05-25 12:47:00,670.21,670.23,670.21,670.23,0.0,20.78,14026.44,1
2025-05-25,2025-05-25 12:48:00,670.23,670.25,670.23,670.25,0.0,20.78,14026.44,1
2025-05-25,2025-05-25 12:49:00,670.25,670.27,670.25,670.27,0.0,20.78,14026.44,1
2025-05-25,2025-05-25 12:50:00,670.27,670.29,670.27,670.29,0.0,20.78,14026.44,1
2025-05-25,2025-05-25 12:51:00,670.29,670.31,670.29,670.31,0.0,20.78,14026.44,1
2025-05-25,2025-05-25 12:52:00,670.31,670.34,670.31,670.34,0.0,20.78,14026.44,1
2025-05-25,2025-05-25 12:53:00,670.34,670.36,670.34,670.36,0.0,20.78,14026.44,1
2025-05-25,2025-05-25 12:54:00,670.36,670.38,670.36,670.38,0.0,20.78,14026.44,1
2025-05-25,2025-05-25 12:55:00,670.38,670.4,670.38,670.4,0.0,20.78,14026.44,1
2025-05-25,2025-05-25 12:56:00,670.4,670.42,670.4,670.42,0.0,20.78,14026.44,1
2025-05-25,2025-05-25 12:57:00,670.42,670.44,670.42,670.44,0.0,20.78,14026.44,1
2025-05-25,2025-05-25 12:58:00,670.44,670.46,670.44,670.46,0.0,20.78,14026.44,1
2025-05-25,2025-05-25 12:59:00,670.46,670.48,670.46,670.48,0.0,20.78,14026.44,1
2025-05-25,2025-05-25 13:00:00,670.48,680.0,668.0,670.5,0.0,20.78,14026.44,1
2025-05-25,2025-05-25 13:01:00,670.5,670.52,670.5,670.52,0.0,20.78,14026.44,1
2025-05-25,2025-05-25 13:02:00,670.52,670.54,670.52,670.54,0.0,20.78,14026.44,1
2025-05-25,2025-05-25 13:03:00,670.54,670.56,670.54,670.56,0.0,20.78,14026.44,1
2025-05-25,2025-05-25 13:04:00,670.56,670.58,670.56,670.58,0.0,20.78,14026.44,1
2025-05-25,2025-05-25 13:05:00,670.58,670.6,670.58,670.6,0.0,20.78,14026.44,1
2025-05-25,2025-05-25 13:06:00,670.6,670.62,670.6,670.62,0.0,20.78,14026.44,1
2025-05-25,2025-05-25 13:07:00,670.62,670.65,670.62,670.65,0.0,20.78,14026.44,1
2025-05-25,2025-05-25 13:08:00,670.65,670.67,670.65,670.67,0.0,20.78,14026.44,1
2025-05-25,2025-05-25 13:09:00,670.67,670.69,670.67,670.69,0.0,20.78,14026.44,1
2025-05-25,2025-05-25 13:10:00,670.69,670.71,670.69,670.71,0.0,20.78,14026.44,1
2025-05-25,2025-05-25 13:11:00,670.71,670.73,670.71,670.73,0.0,20.78,14026.44,1
2025-05-25,2025-05-25 13:12:00,670.73,670.75,670.73,670.75,0.0,20.78,14026.44,1
2025-05-25,2025-05-25 13:13:00,670.75,670.77,670.75,670.77,0.0,20.78,14026.44,1
2025-05-25,2025-05-25 13:14:00,670.77,670.79,670.77,670.79,0.0,20.78,14026.44,1
2025-05-25,2025-05-25 13:15:00,670.79,670.81,670.79,670.81,0.0,20.78,14026.44,1
2025-05-25,2025-05-25 13:16:00,670.81,670.83,670.81,670.83,0.0,20.78,14026.44,1
2025-05-25,2025-05-25 13:17:00,670.83,670.85,670.83,670.85,0.0,20.78,14026.44,1
2025-05-25,2025-05-25 13:18:00,670.85,670.87,670.85,670.87,0.0,20.78,14026.44,1
2025-05-25,2025-05-25 13:19:00,670.87,670.89,670.87,670.89,0.0,20.78,14026.44,1
2025-05-25,2025-05-25 13:20:00,670.89,670.91,670.89,670.91,0.0,20.78,14026.44,1
2025-05-25,2025-05-25 13:21:00,670.91,670.93,670.91,670.93,0.0,20.78,14026.44,1
2025-05-25,2025-05-25 13:22:00,670.93,670.96,670.93,670.96,0.0,20.78,14026.44,1
2025-05-25,2025-05-25 13:23:00,670.96,670.98,670.96,670.98,0.0,20.78,14026.44,1
2025-05-25,2025-05-25 13:24:00,670.98,671.0,670.98,671.0,0.0,20.78,14026.44,1
2025-05-25,2025-05-25 13:25:00,671.0,671.02,671.0,671.02,0.0,20.78,14026.44,1
2025-05-25,2025-05-25 13:26:00,671.02,671.04,671.02,671.04,0.0,20.78,14026.44,1
2025-05-25,2025-05-25 13:27:00,671.04,671.06,671.04,671.06,0.0,20.78,14026.44,1
2025-05-25,2025-05-25 13:28:00,671.06,671.08,671.06,671.08,0.0,20.78,14026.44,1
2025-05-25,2025-05-25 13:29:00,671.08,671.1,671.08,671.1,0.0,20.78,14026.44,1
2025-05-25,2025-05-25 13:30:00,671.1,671.12,671.1,671.12,0.0,20.78,14026.44,1
2025-05-25,2025-05-25 13:31:00,671.12,671.14,671.12,671.14,0.0,20.78,14026.44,1
2025-05-25,2025-05-25 13:32:00,671.14,671.16,671.14,671.16,0.0,20.78,14026.44,1
2025-05-25,2025-05-25 13:33:00,671.16,671.18,671.16,671.18,0.0,20.78,14026.44,1
2025-05-25,2025-05-25 13:34:00,671.18,671.2,671.18,671.2,0.0,20.78,14026.44,1
2025-05-25,2025-05-25 13:35:00,671.2,671.22,671.2,671.22,0.0,20.78,14026.44,1
2025-05-25,2025-05-25 13:36:00,671.22,671.24,671.22,671.24,0.0,20.78,14026.44,1
2025-05-25,2025-05-25 13:37:00,671.24,671.27,671.24,671.27,0.0,20.78,14026.44,1
2025-05-25,2025-05-25 13:38:00,671.27,671.29,671.27,671.29,0.0,20.78,14026.44,1
2025-05-25,2025-05-25 13:39:00,671.29,671.31,671.29,671.31,0.0,20.78,14026.44,1
2025-05-25,2025-05-25 13:40:00,671.31,671.33,671.31,671.33,0.0,20.78,14026.44,1
2025-05-25,2025-05-25 13:41:00,671.33,671.35,671.33,671.35,0.0,20.78,14026.44,1
2025-05-25,2025-05-25 13:42:00,671.35,671.37,671.35,671.37,0.0,20.78,14026.44,1
2025-05-25,2025-05-25 13:43:00,671.37,671.39,671.37,671.39,0.0,20.78,14026.44,1
2025-05-25,2025-05-25 13:44:00,671.39,671.41,671.39,671.41,0.0,20.78,14026.44,1
2025-05-25,2025-05-25 13:45:00,671.41,671.43,671.41,671.43,0.0,20.78,14026.44,1
2025-05-25,2025-05-25 13:46:00,671.43,671.45,671.43,671.45,0.0,20.78,14026.44,1
2025-05-25,2025-05-25 13:47:00,671.45,671.47,671.45,671.47,0.0,20.78,14026.44,1
2025-05-25,2025-05-25 13:48:00,671.47,671.49,671.47,671.49,0.0,20.78,14026.44,1
2025-05-25,2025-05-25 13:49:00,671.49,671.51,671.49,671.51,0.0,20.78,14026.44,1
2025-05-25,2025-05-25 13:50:00,671.51,671.53,671.51,671.53,0.0,20.78,14026.44,1
2025-05-25,2025-05-25 13:51:00,671.53,671.55,671.53,671.55,0.0,20.78,14026.44,1
2025-05-25,2025-05-25 13:52:00,671.55,671.58,671.55,671.58,0.0,20.78,14026.44,1
2025-05-25,2025-05-25 13:53:00,671.58,671.6,671.58,671.6,0.0,20.78,14026.44,1
2025-05-25,2025-05-25 13:54:00,671.6,671.62,671.6,671.62,0.0,20.78,14026.44,1
2025-05-25,2025-05-25 13:55:00,671.62,671.64,671.62,671.64,0.0,20.78,14026.44,1
2025-05-25,2025-05-25 13:56:00,671.64,671.66,671.64,671.66,0.0,20.78,14026.44,1
2025-05-25,2025-05-25 13:57:00,671.66,671.68,671.66,671.68,0.0,20.78,14026.44,1
2025-05-25,2025-05-25 13:58:00,671.68,671.7,671.68,671.7,0.0,20.78,14026.44,1
2025-05-25,2025-05-25 13:59:00,671.7,671.72,671.7,671.72,0.0,20.78,14026.44,1
2025-05-25,2025-05-25 14:00:00,671.72,671.74,671.72,671.74,0.0,20.78,14026.44,1
2025-05-25,2025-05-25 14:01:00,671.74,671.76,671.74,671.76,0.0,20.78,14026.44,1
2025-05-25,2025-05-25 14:02:00,671.76,671.78,671.76,671.78,0.0,20.78,14026.44,1
2025-05-25,2025-05-25 14:03:00,671.78,671.8,671.78,671.8,0.0,20.78,14026.44,1
2025-05-25,2025-05-25 14:04:00,671.8,671.82,671.8,671.82,0.0,20.78,14026.44,1
2025-05-25,2025-05-25 14:05:00,671.82,671.84,671.82,671.84,0.0,20.78,14026.44,1
2025-05-25,2025-05-25 14:06:00,671.84,671.86,671.84,671.86,0.0,20.78,14026.44,1
2025-05-25,2025-05-25 14:07:00,671.86,671.89,671.86,671.89,0.0,20.78,14026.44,1
2025-05-25,2025-05-25 14:08:00,671.89,671.91,671.89,671.91,0.0,20.78,14026.44,1
2025-05-25,2025-05-25 14:09:00,671.91,671.93,671.91,671.93,0.0,20.78,14026.44,1
2025-05-25,2025-05-25 14:10:00,671.93,671.95,671.93,671.95,0.0,20.78,14026.44,1
2025-05-25,2025-05-25 14:11:00,671.95,671.97,671.95,671.97,0.0,20.78,14026.44,1
2025-05-25,2025-05-25 14:12:00,671.97,671.99,671.97,671.99,0.0,20.78,14026.44,1
2025-05-25,2025-05-25 14:13:00,671.99,672.01,671.99,672.01,0.0,20.78,14026.44,1
2025-05-25,2025-05-25 14:14:00,672.01,672.03,672.01,672.03,0.0,20.78,14026.44,1
2025-05-25,2025-05-25 14:15:00,672.03,672.05,672.03,672.05,0.0,20.78,14026.44,1
2025-05-25,2025-05-25 14:16:00,672.05,672.07,672.05,672.07,0.0,20.78,14026.44,1
2025-05-25,2025-05-25 14:17:00,672.07,672.09,672.07,672.09,0.0,20.78,14026.44,1
2025-05-25,2025-05-25 14:18:00,672.09,672.11,672.09,672.11,0.0,20.78,14026.44,1
2025-05-25,2025-05-25 14:19:00,672.11,672.13,672.11,672.13,0.0,20.78,14026.44,1
2025-05-25,2025-05-25 14:20:00,672.13,672.15,672.13,672.15,0.0,20.78,14026.44,1
2025-05-25,2025-05-25 14:21:00,672.15,672.17,672.15,672.17,0.0,20.78,14026.44,1
2025-05-25,2025-05-25 14:22:00,672.17,672.2,672.17,672.2,0.0,20.78,14026.44,1
2025-05-25,2025-05-25 14:23:00,672.2,672.22,672.2,672.22,0.0,20.78,14026.44,1
2025-05-25,2025-05-25 14:24:00,672.22,672.24,672.22,672.24,0.0,20.78,14026.44,1
2025-05-25,2025-05-25 14:25:00,672.24,672.26,672.24,672.26,0.0,20.78,14026.44,1
2025-05-25,2025-05-25 14:26:00,672.26,672.28,672.26,672.28,0.0,20.78,14026.44,1
2025-05-25,2025-05-25 14:27:00,672.28,672.3,672.28,672.3,0.0,20.78,14026.44,1
2025-05-25,2025-05-25 14:28:00,672.3,672.32,672.3,672.32,0.0,20.78,14026.44,1
2025-05-25,2025-05-25 14:29:00,672.32,672.34,672.32,672.34,0.0,20.78,14026.44,1
2025-05-25,2025-05-25 14:30:00,672.34,672.36,672.34,672.36,0.0,20.78,14026.44,1
2025-05-25,2025-05-25 14:31:00,672.36,672.38,672.36,672.38,0.0,20.78,14026.44,1
2025-05-25,2025-05-25 14:32:00,672.38,672.4,672.38,672.4,0.0,20.78,14026.44,1
2025-05-25,2025-05-25 14:33:00,672.4,672.42,672.4,672.42,0.0,20.78,14026.44,1
2025-05-25,2025-05-25 14:34:00,672.42,672.44,672.42,672.44,0.0,20.78,14026.44,1
2025-05-25,2025-05-25 14:35:00,672.44,672.46,672.44,672.46,0.0,20.78,14026.44,1
2025-05-25,2025-05-25 14:36:00,672.46,672.48,672.46,672.48,0.0,20.78,14026.44,1
2025-05-25,2025-05-25 14:37:00,672.48,672.51,672.48,672.51,0.0,20.78,14026.44,1
2025-05-25,2025-05-25 14:38:00,672.51,672.53,672.51,672.53,0.0,20.78,14026.44,1
2025-05-25,2025-05-25 14:39:00,672.53,672.55,672.53,672.55,0.0,20.78,14026.44,1
2025-05-25,2025-05-25 14:40:00,672.55,672.57,672.55,672.57,0.0,20.78,14026.44,1
2025-05-25,2025-05-25 14:41:00,672.57,672.59,672.57,672.59,0.0,20.78,14026.44,1
2025-05-25,2025-05-25 14:42:00,672.59,672.61,672.59,672.61,0.0,20.78,14026.44,1
2025-05-25,2025-05-25 14:43:00,672.61,672.63,672.61,672.63,0.0,20.78,14026.44,1
2025-05-25,2025-05-25 14:44:00,672.63,672.65,672.63,672.65,0.0,20.78,14026.44,1
2025-05-25,2025-05-25 14:45:00,672.65,672.67,672.65,672.67,0.0,20.78,14026.44,1
2025-05-25,2025-05-25 14:46:00,672.67,672.69,672.67,672.69,0.0,20.78,14026.44,1
2025-05-25,2025-05-25 14:47:00,672.69,672.71,672.69,672.71,0.0,20.78,14026.44,1
2025-05-25,2025-05-25 14:48:00,672.71,672.73,672.71,672.73,0.0,20.78,14026.44,1
2025-05-25,2025-05-25 14:49:00,672.73,672.75,672.73,672.75,0.0,20.78,14026.44,1
2025-05-25,2025-05-25 14:50:00,672.75,672.77,672.75,672.77,0.0,20.78,14026.44,1
2025-05-25,2025-05-25 14:51:00,672.77,672.79,672.77,672.79,0.0,20.78,14026.44,1
2025-05-25,2025-05-25 14:52:00,672.79,672.82,672.79,672.82,0.0,20.78,14026.44,1
2025-05-25,2025-05-25 14:53:00,672.82,672.84,672.82,672.84,0.0,20.78,14026.44,1
2025-05-25,2025-05-25 14:54:00,672.84,672.86,672.84,672.86,0.0,20.78,14026.44,1
2025-05-25,2025-05-25 14:55:00,672.86,672.88,672.86,672.88,0.0,20.78,14026.44,1
2025-05-25,2025-05-25 14:56:00,672.88,672.9,672.88,672.9,0.0,20.78,14026.44,1
2025-05-25,2025-05-25 14:57:00,672.9,672.92,672.9,672.92,0.0,20.78,14026.44,1
2025-05-25,2025-05-25 14:58:00,672.92,672.94,672.92,672.94,0.0,20.78,14026.44,1
2025-05-25,2025-05-25 14:59:00,672.94,672.96,672.94,672.96,0.0,20.78,14026.44,1
2025-05-25,2025-05-25 15:00:00,672.96,680.0,668.0,672.96,0.0,20.78,14026.44,0
2025-05-26,2025-05-26 11:00:00,686.4,690.15,681.21,686.35,-0.01,26.92,18170.18,-1
2025-05-26,2025-05-26 11:01:00,686.35,686.35,686.29,686.29,-0.01,26.92,18170.18,-1
2025-05-26,2025-05-26 11:02:00,686.29,686.29,686.24,686.24,-0.01,26.92,18170.18,-1
2025-05-26,2025-05-26 11:03:00,686.24,686.24,686.18,686.18,-0.01,26.92,18170.18,-1
2025-05-26,2025-05-26 11:04:00,686.18,686.18,686.13,686.13,-0.01,26.92,18170.18,-1
2025-05-26,2025-05-26 11:05:00,686.13,686.13,686.07,686.07,-0.01,26.92,18170.18,-1
2025-05-26,2025-05-26 11:06:00,686.07,686.07,686.02,686.02,-0.01,26.92,18170.18,-1
2025-05-26,2025-05-26 11:07:00,686.02,686.02,685.97,685.97,-0.01,26.92,18170.18,-1
2025-05-26,2025-05-26 11:08:00,685.97,685.97,685.91,685.91,-0.01,26.92,18170.18,-1
2025-05-26,2025-05-26 11:09:00,685.91,685.91,685.86,685.86,-0.01,26.92,18170.18,-1
2025-05-26,2025-05-26 11:10:00,685.86,685.86,685.8,685.8,-0.01,26.92,18170.18,-1
2025-05-26,2025-05-26 11:11:00,685.8,685.8,685.75,685.75,-0.01,26.92,18170.18,-1
2025-05-26,2025-05-26 11:12:00,685.75,685.75,685.69,685.69,-0.01,26.92,18170.18,-1
2025-05-26,2025-05-26 11:13:00,685.69,685.69,685.64,685.64,-0.01,26.92,18170.18,-1
2025-05-26,2025-05-26 11:14:00,685.64,685.64,685.59,685.59,-0.01,26.92,18170.18,-1
2025-05-26,2025-05-26 11:15:00,685.59,685.59,685.53,685.53,-0.01,26.92,18170.18,-1
2025-05-26,2025-05-26 11:16:00,685.53,685.53,685.48,685.48,-0.01,26.92,18170.18,-1
2025-05-26,2025-05-26 11:17:00,685.48,685.48,685.42,685.42,-0.01,26.92,18170.18,-1
2025-05-26,2025-05-26 11:18:00,685.42,685.42,685.37,685.37,-0.01,26.92,18170.18,-1
2025-05-26,2025-05-26 11:19:00,685.37,685.37,685.31,685.31,-0.01,26.92,18170.18,-1
2025-05-26,2025-05-26 11:20:00,685.31,685.31,685.26,685.26,-0.01,26.92,18170.18,-1
2025-05-26,2025-05-26 11:21:00,685.26,685.26,685.21,685.21,-0.01,26.92,18170.18,-1
2025-05-26,2025-05-26 11:22:00,685.21,685.21,685.15,685.15,-0.01,26.92,18170.18,-1
2025-05-26,2025-05-26 11:23:00,685.15,685.15,685.1,685.1,-0.01,26.92,18170.18,-1
2025-05-26,2025-05-26 11:24:00,685.1,685.1,685.04,685.04,-0.01,26.92,18170.18,-1
2025-05-26,2025-05-26 11:25:00,685.04,685.04,684.99,684.99,-0.01,26.92,18170.18,-1
2025-05-26,2025-05-26 11:26:00,684.99,684.99,684.93,684.93,-0.01,26.92,18170.18,-1
2025-05-26,2025-05-26 11:27:00,684.93,684.93,684.88,684.88,-0.01,26.92,18170.18,-1
2025-05-26,2025-05-26 11:28:00,684.88,684.88,684.83,684.83,-0.01,26.92,18170.18,-1
2025-05-26,2025-05-26 11:29:00,684.83,684.83,684.77,684.77,-0.01,26.92,18170.18,-1
2025-05-26,2025-05-26 11:30:00,684.77,684.77,684.72,684.72,-0.01,26.92,18170.18,-1
2025-05-26,2025-05-26 11:31:00,684.72,684.72,684.66,684.66,-0.01,26.92,18170.18,-1
2025-05-26,2025-05-26 11:32:00,684.66,684.66,684.61,684.61,-0.01,26.92,18170.18,-1
2025-05-26,2025-05-26 11:33:00,684.61,684.61,684.55,684.55,-0.01,26.92,18170.18,-1
2025-05-26,2025-05-26 11:34:00,684.55,684.55,684.5,684.5,-0.01,26.92,18170.18,-1
2025-05-26,2025-05-26 11:35:00,684.5,684.5,684.45,684.45,-0.01,26.92,18170.18,-1
2025-05-26,2025-05-26 11:36:00,684.45,684.45,684.39,684.39,-0.01,26.92,18170.18,-1
2025-05-26,2025-05-26 11:37:00,684.39,684.39,684.34,684.34,-0.01,26.92,18170.18,-1
2025-05-26,2025-05-26 11:38:00,684.34,684.34,684.28,684.28,-0.01,26.92,18170.18,-1
2025-05-26,2025-05-26 11:39:00,684.28,684.28,684.23,684.23,-0.01,26.92,18170.18,-1
2025-05-26,2025-05-26 11:40:00,684.23,684.23,684.17,684.17,-0.01,26.92,18170.18,-1
2025-05-26,2025-05-26 11:41:00,684.17,684.17,684.12,684.12,-0.01,26.92,18170.18,-1
2025-05-26,2025-05-26 11:42:00,684.12,684.12,684.07,684.07,-0.01,26.92,18170.18,-1
2025-05-26,2025-05-26 11:43:00,684.07,684.07,684.01,684.01,-0.01,26.92,18170.18,-1
2025-05-26,2025-05-26 11:44:00,684.01,684.01,683.96,683.96,-0.01,26.92,18170.18,-1
2025-05-26,2025-05-26 11:45:00,683.96,683.96,683.9,683.9,-0.01,26.92,18170.18,-1
2025-05-26,2025-05-26 11:46:00,683.9,683.9,683.85,683.85,-0.01,26.92,18170.18,-1
2025-05-26,2025-05-26 11:47:00,683.85,683.85,683.79,683.79,-0.01,26.92,18170.18,-1
2025-05-26,2025-05-26 11:48:00,683.79,683.79,683.74,683.74,-0.01,26.92,18170.18,-1
2025-05-26,2025-05-26 11:49:00,683.74,683.74,683.69,683.69,-0.01,26.92,18170.18,-1
2025-05-26,2025-05-26 11:50:00,683.69,683.69,683.63,683.63,-0.01,26.92,18170.18,-1
2025-05-26,2025-05-26 11:51:00,683.63,683.63,683.58,683.58,-0.01,26.92,18170.18,-1
2025-05-26,2025-05-26 11:52:00,683.58,683.58,683.52,683.52,-0.01,26.92,18170.18,-1
2025-05-26,2025-05-26 11:53:00,683.52,683.52,683.47,683.47,-0.01,26.92,18170.18,-1
2025-05-26,2025-05-26 11:54:00,683.47,683.47,683.41,683.41,-0.01,26.92,18170.18,-1
2025-05-26,2025-05-26 11:55:00,683.41,683.41,683.36,683.36,-0.01,26.92,18170.18,-1
2025-05-26,2025-05-26 11:56:00,683.36,683.36,683.31,683.31,-0.01,26.92,18170.18,-1
2025-05-26,2025-05-26 11:57:00,683.31,683.31,683.25,683.25,-0.01,26.92,18170.18,-1
2025-05-26,2025-05-26 11:58:00,683.25,683.25,683.2,683.2,-0.01,26.92,18170.18,-1
2025-05-26,2025-05-26 11:59:00,683.2,683.2,683.14,683.14,-0.01,26.92,18170.18,-1
2025-05-26,2025-05-26 12:00:00,683.14,683.14,683.09,683.09,-0.01,26.92,18170.18,-1
2025-05-26,2025-05-26 12:01:00,683.09,683.09,683.03,683.03,-0.01,26.92,18170.18,-1
2025-05-26,2025-05-26 12:02:00,683.03,683.03,682.98,682.98,-0.01,26.92,18170.18,-1
2025-05-26,2025-05-26 12:03:00,682.98,682.98,682.93,682.93,-0.01,26.92,18170.18,-1
2025-05-26,2025-05-26 12:04:00,682.93,682.93,682.87,682.87,-0.01,26.92,18170.18,-1
2025-05-26,2025-05-26 12:05:00,682.87,682.87,682.82,682.82,-0.01,26.92,18170.18,-1
2025-05-26,2025-05-26 12:06:00,682.82,682.82,682.76,682.76,-0.01,26.92,18170.18,-1
2025-05-26,2025-05-26 12:07:00,682.76,682.76,682.71,682.71,-0.01,26.92,18170.18,-1
2025-05-26,2025-05-26 12:08:00,682.71,682.71,682.65,682.65,-0.01,26.92,18170.18,-1
2025-05-26,2025-05-26 12:09:00,682.65,682.65,682.6,682.6,-0.01,26.92,18170.18,-1
2025-05-26,2025-05-26 12:10:00,682.6,682.6,682.55,682.55,-0.01,26.92,18170.18,-1
2025-05-26,2025-05-26 12:11:00,682.55,682.55,682.49,682.49,-0.01,26.92,18170.18,-1
2025-05-26,2025-05-26 12:12:00,682.49,682.49,682.44,682.44,-0.01,26.92,18170.18,-1
2025-05-26,2025-05-26 12:13:00,682.44,682.44,682.38,682.38,-0.01,26.92,18170.18,-1
2025-05-26,2025-05-26 12:14:00,682.38,682.38,682.33,682.33,-0.01,26.92,18170.18,-1
2025-05-26,2025-05-26 12:15:00,682.33,682.33,682.27,682.27,-0.01,26.92,18170.18,-1
2025-05-26,2025-05-26 12:16:00,682.27,682.27,682.22,682.22,-0.01,26.92,18170.18,-1
2025-05-26,2025-05-26 12:17:00,682.22,682.22,682.17,682.17,-0.01,26.92,18170.18,-1
2025-05-26,2025-05-26 12:18:00,682.17,682.17,682.11,682.11,-0.01,26.92,18170.18,-1
2025-05-26,2025-05-26 12:19:00,682.11,682.11,682.06,682.06,-0.01,26.92,18170.18,-1
2025-05-26,2025-05-26 12:20:00,682.06,682.06,682.0,682.0,-0.01,26.92,18170.18,-1
2025-05-26,2025-05-26 12:21:00,682.0,682.0,681.95,681.95,-0.01,26.92,18170.18,-1
2025-05-26,2025-05-26 12:22:00,681.95,681.95,681.89,681.89,-0.01,26.92,18170.18,-1
2025-05-26,2025-05-26 12:23:00,681.89,681.89,681.84,681.84,-0.01,26.92,18170.18,-1
2025-05-26,2025-05-26 12:24:00,681.84,681.84,681.79,681.79,-0.01,26.92,18170.18,-1
2025-05-26,2025-05-26 12:25:00,681.79,681.79,681.73,681.73,-0.01,26.92,18170.18,-1
2025-05-26,2025-05-26 12:26:00,681.73,681.73,681.68,681.68,-0.01,26.92,18170.18,-1
2025-05-26,2025-05-26 12:27:00,681.68,681.68,681.62,681.62,-0.01,26.92,18170.18,-1
2025-05-26,2025-05-26 12:28:00,681.62,681.62,681.57,681.57,-0.01,26.92,18170.18,-1
2025-05-26,2025-05-26 12:29:00,681.57,681.57,681.51,681.51,-0.01,26.92,18170.18,-1
2025-05-26,2025-05-26 12:30:00,681.51,681.51,681.46,681.46,-0.01,26.92,18170.18,-1
2025-05-26,2025-05-26 12:31:00,681.46,681.46,681.41,681.41,-0.01,26.92,18170.18,-1
2025-05-26,2025-05-26 12:32:00,681.41,681.41,681.35,681.35,-0.01,26.92,18170.18,-1
2025-05-26,2025-05-26 12:33:00,681.35,681.35,681.3,681.3,-0.01,26.92,18170.18,-1
2025-05-26,2025-05-26 12:34:00,681.3,681.3,681.24,681.24,-0.01,26.92,18170.18,-1
2025-05-26,2025-05-26 12:35:00,681.24,681.24,681.19,681.19,-0.01,26.92,18170.18,-1
2025-05-26,2025-05-26 12:36:00,681.19,681.19,681.13,681.13,-0.01,26.92,18170.18,-1
2025-05-26,2025-05-26 12:37:00,681.13,681.13,681.08,681.08,-0.01,26.92,18170.18,-1
2025-05-26,2025-05-26 12:38:00,681.08,681.08,681.03,681.03,-0.01,26.92,18170.18,-1
2025-05-26,2025-05-26 12:39:00,681.03,681.03,680.97,680.97,-0.01,26.92,18170.18,-1
2025-05-26,2025-05-26 12:40:00,680.97,680.97,680.92,680.92,-0.01,26.92,18170.18,-1
2025-05-26,2025-05-26 12:41:00,680.92,680.92,680.86,680.86,-0.01,26.92,18170.18,-1
2025-05-26,2025-05-26 12:42:00,680.86,680.86,680.81,680.81,-0.01,26.92,18170.18,-1
2025-05-26,2025-05-26 12:43:00,680.81,680.81,680.75,680.75,-0.01,26.92,18170.18,-1
2025-05-26,2025-05-26 12:44:00,680.75,680.75,680.7,680.7,-0.01,26.92,18170.18,-1
2025-05-26,2025-05-26 12:45:00,680.7,680.7,680.65,680.65,-0.01,26.92,18170.18,-1
2025-05-26,2025-05-26 12:46:00,680.65,680.65,680.59,680.59,-0.01,26.92,18170.18,-1
2025-05-26,2025-05-26 12:47:00,680.59,680.59,680.54,680.54,-0.01,26.92,18170.18,-1
2025-05-26,2025-05-26 12:48:00,680.54,680.54,680.48,680.48,-0.01,26.92,18170.18,-1
2025-05-26,2025-05-26 12:49:00,680.48,680.48,680.43,680.43,-0.01,26.92,18170.18,-1
2025-05-26,2025-05-26 12:50:00,680.43,680.43,680.37,680.37,-0.01,26.92,18170.18,-1
2025-05-26,2025-05-26 12:51:00,680.37,680.37,680.32,680.32,-0.01,26.92,18170.18,-1
2025-05-26,2025-05-26 12:52:00,680.32,680.32,680.27,680.27,-0.01,26.92,18170.18,-1
2025-05-26,2025-05-26 12:53:00,680.27,680.27,680.21,680.21,-0.01,26.92,18170.18,-1
2025-05-26,2025-05-26 12:54:00,680.21,680.21,680.16,680.16,-0.01,26.92,18170.18,-1
2025-05-26,2025-05-26 12:55:00,680.16,680.16,680.1,680.1,-0.01,26.92,18170.18,-1
2025-05-26,2025-05-26 12:56:00,680.1,680.1,680.05,680.05,-0.01,26.92,18170.18,-1
2025-05-26,2025-05-26 12:57:00,680.05,680.05,679.99,679.99,-0.01,26.92,18170.18,-1
2025-05-26,2025-05-26 12:58:00,679.99,679.99,679.94,679.94,-0.01,26.92,18170.18,-1
2025-05-26,2025-05-26 12:59:00,679.94,679.94,679.88,679.88,-0.01,26.92,18170.18,-1
2025-05-26,2025-05-26 13:00:00,679.88,698.9,669.1,679.83,-0.01,26.92,18170.18,-1
2025-05-26,2025-05-26 13:01:00,679.83,679.83,679.78,679.78,-0.01,26.92,18170.18,-1
2025-05-26,2025-05-26 13:02:00,679.78,679.78,679.72,679.72,-0.01,26.92,18170.18,-1
2025-05-26,2025-05-26 13:03:00,679.72,679.72,679.67,679.67,-0.01,26.92,18170.18,-1
2025-05-26,2025-05-26 13:04:00,679.67,679.67,679.61,679.61,-0.01,26.92,18170.18,-1
2025-05-26,2025-05-26 13:05:00,679.61,679.61,679.56,679.56,-0.01,26.92,18170.18,-1
2025-05-26,2025-05-26 13:06:00,679.56,679.56,679.5,679.5,-0.01,26.92,18170.18,-1
2025-05-26,2025-05-26 13:07:00,679.5,679.5,679.45,679.45,-0.01,26.92,18170.18,-1
2025-05-26,2025-05-26 13:08:00,679.45,679.45,679.4,679.4,-0.01,26.92,18170.18,-1
2025-05-26,2025-05-26 13:09:00,679.4,679.4,679.34,679.34,-0.01,26.92,18170.18,-1
2025-05-26,2025-05-26 13:10:00,679.34,679.34,679.29,679.29,-0.01,26.92,18170.18,-1
2025-05-26,2025-05-26 13:11:00,679.29,679.29,679.23,679.23,-0.01,26.92,18170.18,-1
2025-05-26,2025-05-26 13:12:00,679.23,679.23,679.18,679.18,-0.01,26.92,18170.18,-1
2025-05-26,2025-05-26 13:13:00,679.18,679.18,679.12,679.12,-0.01,26.92,18170.18,-1
2025-05-26,2025-05-26 13:14:00,679.12,679.12,679.07,679.07,-0.01,26.92,18170.18,-1
2025-05-26,2025-05-26 13:15:00,679.07,679.07,679.02,679.02,-0.01,26.92,18170.18,-1
2025-05-26,2025-05-26 13:16:00,679.02,679.02,678.96,678.96,-0.01,26.92,18170.18,-1
2025-05-26,2025-05-26 13:17:00,678.96,678.96,678.91,678.91,-0.01,26.92,18170.18,-1
2025-05-26,2025-05-26 13:18:00,678.91,678.91,678.85,678.85,-0.01,26.92,18170.18,-1
2025-05-26,2025-05-26 13:19:00,678.85,678.85,678.8,678.8,-0.01,26.92,18170.18,-1
2025-05-26,2025-05-26 13:20:00,678.8,678.8,678.74,678.74,-0.01,26.92,18170.18,-1
2025-05-26,2025-05-26 13:21:00,678.74,678.74,678.69,678.69,-0.01,26.92,18170.18,-1
2025-05-26,2025-05-26 13:22:00,678.69,678.69,678.64,678.64,-0.01,26.92,18170.18,-1
2025-05-26,2025-05-26 13:23:00,678.64,678.64,678.58,678.58,-0.01,26.92,18170.18,-1
2025-05-26,2025-05-26 13:24:00,678.58,678.58,678.53,678.53,-0.01,26.92,18170.18,-1
2025-05-26,2025-05-26 13:25:00,678.53,678.53,678.47,678.47,-0.01,26.92,18170.18,-1
2025-05-26,2025-05-26 13:26:00,678.47,678.47,678.42,678.42,-0.01,26.92,18170.18,-1
2025-05-26,2025-05-26 13:27:00,678.42,678.42,678.36,678.36,-0.01,26.92,18170.18,-1
2025-05-26,2025-05-26 13:28:00,678.36,678.36,678.31,678.31,-0.01,26.92,18170.18,-1
2025-05-26,2025-05-26 13:29:00,678.31,678.31,678.26,678.26,-0.01,26.92,18170.18,-1
2025-05-26,2025-05-26 13:30:00,678.26,678.26,678.2,678.2,-0.01,26.92,18170.18,-1
2025-05-26,2025-05-26 13:31:00,678.2,678.2,678.15,678.15,-0.01,26.92,18170.18,-1
2025-05-26,2025-05-26 13:32:00,678.15,678.15,678.09,678.09,-0.01,26.92,18170.18,-1
2025-05-26,2025-05-26 13:33:00,678.09,678.09,678.04,678.04,-0.01,26.92,18170.18,-1
2025-05-26,2025-05-26 13:34:00,678.04,678.04,677.98,677.98,-0.01,26.92,18170.18,-1
2025-05-26,2025-05-26 13:35:00,677.98,677.98,677.93,677.93,-0.01,26.92,18170.18,-1
2025-05-26,2025-05-26 13:36:00,677.93,677.93,677.88,677.88,-0.01,26.92,18170.18,-1
2025-05-26,2025-05-26 13:37:00,677.88,677.88,677.82,677.82,-0.01,26.92,18170.18,-1
2025-05-26,2025-05-26 13:38:00,677.82,677.82,677.77,677.77,-0.01,26.92,18170.18,-1
2025-05-26,2025-05-26 13:39:00,677.77,677.77,677.71,677.71,-0.01,26.92,18170.18,-1
2025-05-26,2025-05-26 13:40:00,677.71,677.71,677.66,677.66,-0.01,26.92,18170.18,-1
2025-05-26,2025-05-26 13:41:00,677.66,677.66,677.6,677.6,-0.01,26.92,18170.18,-1
2025-05-26,2025-05-26 13:42:00,677.6,677.6,677.55,677.55,-0.01,26.92,18170.18,-1
2025-05-26,2025-05-26 13:43:00,677.55,677.55,677.5,677.5,-0.01,26.92,18170.18,-1
2025-05-26,2025-05-26 13:44:00,677.5,677.5,677.44,677.44,-0.01,26.92,18170.18,-1
2025-05-26,2025-05-26 13:45:00,677.44,677.44,677.39,677.39,-0.01,26.92,18170.18,-1
2025-05-26,2025-05-26 13:46:00,677.39,677.39,677.33,677.33,-0.01,26.92,18170.18,-1
2025-05-26,2025-05-26 13:47:00,677.33,677.33,677.28,677.28,-0.01,26.92,18170.18,-1
2025-05-26,2025-05-26 13:48:00,677.28,677.28,677.22,677.22,-0.01,26.92,18170.18,-1
2025-05-26,2025-05-26 13:49:00,677.22,677.22,677.17,677.17,-0.01,26.92,18170.18,-1
2025-05-26,2025-05-26 13:50:00,677.17,677.17,677.12,677.12,-0.01,26.92,18170.18,-1
2025-05-26,2025-05-26 13:51:00,677.12,677.12,677.06,677.06,-0.01,26.92,18170.18,-1
2025-05-26,2025-05-26 13:52:00,677.06,677.06,677.01,677.01,-0.01,26.92,18170.18,-1
2025-05-26,2025-05-26 13:53:00,677.01,677.01,676.95,676.95,-0.01,26.92,18170.18,-1
2025-05-26,2025-05-26 13:54:00,676.95,676.95,676.9,676.9,-0.01,26.92,18170.18,-1
2025-05-26,2025-05-26 13:55:00,676.9,676.9,676.84,676.84,-0.01,26.92,18170.18,-1
2025-05-26,2025-05-26 13:56:00,676.84,676.84,676.79,676.79,-0.01,26.92,18170.18,-1
2025-05-26,2025-05-26 13:57:00,676.79,676.79,676.74,676.74,-0.01,26.92,18170.18,-1
2025-05-26,2025-05-26 13:58:00,676.74,676.74,676.68,676.68,-0.01,26.92,18170.18,-1
2025-05-26,2025-05-26 13:59:00,676.68,676.68,676.63,676.63,-0.01,26.92,18170.18,-1
2025-05-26,2025-05-26 14:00:00,676.63,676.63,676.57,676.57,-0.01,26.92,18170.18,-1
2025-05-26,2025-05-26 14:01:00,676.57,676.57,676.52,676.52,-0.01,26.92,18170.18,-1
2025-05-26,2025-05-26 14:02:00,676.52,676.52,676.46,676.46,-0.01,26.92,18170.18,-1
2025-05-26,2025-05-26 14:03:00,676.46,676.46,676.41,676.41,-0.01,26.92,18170.18,-1
2025-05-26,2025-05-26 14:04:00,676.41,676.41,676.36,676.36,-0.01,26.92,18170.18,-1
2025-05-26,2025-05-26 14:05:00,676.36,676.36,676.3,676.3,-0.01,26.92,18170.18,-1
2025-05-26,2025-05-26 14:06:00,676.3,676.3,676.25,676.25,-0.01,26.92,18170.18,-1
2025-05-26,2025-05-26 14:07:00,676.25,676.25,676.19,676.19,-0.01,26.92,18170.18,-1
2025-05-26,2025-05-26 14:08:00,676.19,676.19,676.14,676.14,-0.01,26.92,18170.18,-1
2025-05-26,2025-05-26 14:09:00,676.14,676.14,676.08,676.08,-0.01,26.92,18170.18,-1
2025-05-26,2025-05-26 14:10:00,676.08,676.08,676.03,676.03,-0.01,26.92,18170.18,-1
2025-05-26,2025-05-26 14:11:00,676.03,676.03,675.98,675.98,-0.01,26.92,18170.18,-1
2025-05-26,2025-05-26 14:12:00,675.98,675.98,675.92,675.92,-0.01,26.92,18170.18,-1
2025-05-26,2025-05-26 14:13:00,675.92,675.92,675.87,675.87,-0.01,26.92,18170.18,-1
2025-05-26,2025-05-26 14:14:00,675.87,675.87,675.81,675.81,-0.01,26.92,18170.18,-1
2025-05-26,2025-05-26 14:15:00,675.81,675.81,675.76,675.76,-0.01,26.92,18170.18,-1
2025-05-26,2025-05-26 14:16:00,675.76,675.76,675.7,675.7,-0.01,26.92,18170.18,-1
2025-05-26,2025-05-26 14:17:00,675.7,675.7,675.65,675.65,-0.01,26.92,18170.18,-1
2025-05-26,2025-05-26 14:18:00,675.65,675.65,675.6,675.6,-0.01,26.92,18170.18,-1
2025-05-26,2025-05-26 14:19:00,675.6,675.6,675.54,675.54,-0.01,26.92,18170.18,-1
2025-05-26,2025-05-26 14:20:00,675.54,675.54,675.49,675.49,-0.01,26.92,18170.18,-1
2025-05-26,2025-05-26 14:21:00,675.49,675.49,675.43,675.43,-0.01,26.92,18170.18,-1
2025-05-26,2025-05-26 14:22:00,675.43,675.43,675.38,675.38,-0.01,26.92,18170.18,-1
2025-05-26,2025-05-26 14:23:00,675.38,675.38,675.32,675.32,-0.01,26.92,18170.18,-1
2025-05-26,2025-05-26 14:24:00,675.32,675.32,675.27,675.27,-0.01,26.92,18170.18,-1
2025-05-26,2025-05-26 14:25:00,675.27,675.27,675.22,675.22,-0.01,26.92,18170.18,-1
2025-05-26,2025-05-26 14:26:00,675.22,675.22,675.16,675.16,-0.01,26.92,18170.18,-1
2025-05-26,2025-05-26 14:27:00,675.16,675.16,675.11,675.11,-0.01,26.92,18170.18,-1
2025-05-26,2025-05-26 14:28:00,675.11,675.11,675.05,675.05,-0.01,26.92,18170.18,-1
2025-05-26,2025-05-26 14:29:00,675.05,675.05,675.0,675.0,-0.01,26.92,18170.18,-1
2025-05-26,2025-05-26 14:30:00,675.0,675.0,674.94,674.94,-0.01,26.92,18170.18,-1
2025-05-26,2025-05-26 14:31:00,674.94,674.94,674.89,674.89,-0.01,26.92,18170.18,-1
2025-05-26,2025-05-26 14:32:00,674.89,674.89,674.84,674.84,-0.01,26.92,18170.18,-1
2025-05-26,2025-05-26 14:33:00,674.84,674.84,674.78,674.78,-0.01,26.92,18170.18,-1
2025-05-26,2025-05-26 14:34:00,674.78,674.78,674.73,674.73,-0.01,26.92,18170.18,-1
2025-05-26,2025-05-26 14:35:00,674.73,674.73,674.67,674.67,-0.01,26.92,18170.18,-1
2025-05-26,2025-05-26 14:36:00,674.67,674.67,674.62,674.62,-0.01,26.92,18170.18,-1
2025-05-26,2025-05-26 14:37:00,674.62,674.62,674.56,674.56,-0.01,26.92,18170.18,-1
2025-05-26,2025-05-26 14:38:00,674.56,674.56,674.51,674.51,-0.01,26.92,18170.18,-1
2025-05-26,2025-05-26 14:39:00,674.51,674.51,674.46,674.46,-0.01,26.92,18170.18,-1
2025-05-26,2025-05-26 14:40:00,674.46,674.46,674.4,674.4,-0.01,26.92,18170.18,-1
2025-05-26,2025-05-26 14:41:00,674.4,674.4,674.35,674.35,-0.01,26.92,18170.18,-1
2025-05-26,2025-05-26 14:42:00,674.35,674.35,674.29,674.29,-0.01,26.92,18170.18,-1
2025-05-26,2025-05-26 14:43:00,674.29,674.29,674.24,674.24,-0.01,26.92,18170.18,-1
2025-05-26,2025-05-26 14:44:00,674.24,674.24,674.18,674.18,-0.01,26.92,18170.18,-1
2025-05-26,2025-05-26 14:45:00,674.18,674.18,674.13,674.13,-0.01,26.92,18170.18,-1
2025-05-26,2025-05-26 14:46:00,674.13,674.13,674.08,674.08,-0.01,26.92,18170.18,-1
2025-05-26,2025-05-26 14:47:00,674.08,674.08,674.02,674.02,-0.01,26.92,18170.18,-1
2025-05-26,2025-05-26 14:48:00,674.02,674.02,673.97,673.97,-0.01,26.92,18170.18,-1
2025-05-26,2025-05-26 14:49:00,673.97,673.97,673.91,673.91,-0.01,26.92,18170.18,-1
2025-05-26,2025-05-26 14:50:00,673.91,673.91,673.86,673.86,-0.01,26.92,18170.18,-1
2025-05-26,2025-05-26 14:51:00,673.86,673.86,673.8,673.8,-0.01,26.92,18170.18,-1
2025-05-26,2025-05-26 14:52:00,673.8,673.8,673.75,673.75,-0.01,26.92,18170.18,-1
2025-05-26,2025-05-26 14:53:00,673.75,673.75,673.7,673.7,-0.01,26.92,18170.18,-1
2025-05-26,2025-05-26 14:54:00,673.7,673.7,673.64,673.64,-0.01,26.92,18170.18,-1
2025-05-26,2025-05-26 14:55:00,673.64,673.64,673.59,673.59,-0.01,26.92,18170.18,-1
2025-05-26,2025-05-26 14:56:00,673.59,673.59,673.53,673.53,-0.01,26.92,18170.18,-1
2025-05-26,2025-05-26 14:57:00,673.53,673.53,673.48,673.48,-0.01,26.92,18170.18,-1
2025-05-26,2025-05-26 14:58:00,673.48,673.48,673.42,673.42,-0.01,26.92,18170.18,-1
2025-05-26,2025-05-26 14:59:00,673.42,673.42,673.37,673.37,-0.01,26.92,18170.18,-1
2025-05-26,2025-05-26 15:00:00,673.37,698.9,669.1,673.37,0.0,26.92,18170.18,0
2025-05-27,2025-05-27 11:00:00,666.0,688.41,665.7,666.31,0.05,427.64,306604.16,1
2025-05-27,2025-05-27 11:01:00,666.31,666.62,666.31,666.62,0.05,427.64,306604.16,1
2025-05-27,2025-05-27 11:02:00,666.62,666.93,666.62,666.93,0.05,427.64,306604.16,1
2025-05-27,2025-05-27 11:03:00,666.93,667.25,666.93,667.25,0.05,427.64,306604.16,1
2025-05-27,2025-05-27 11:04:00,667.25,667.56,667.25,667.56,0.05,427.64,306604.16,1
2025-05-27,2025-05-27 11:05:00,667.56,667.87,667.56,667.87,0.05,427.64,306604.16,1
2025-05-27,2025-05-27 11:06:00,667.87,668.18,667.87,668.18,0.05,427.64,306604.16,1
2025-05-27,2025-05-27 11:07:00,668.18,668.49,668.18,668.49,0.05,427.64,306604.16,1
2025-05-27,2025-05-27 11:08:00,668.49,668.8,668.49,668.8,0.05,427.64,306604.16,1
2025-05-27,2025-05-27 11:09:00,668.8,669.11,668.8,669.11,0.05,427.64,306604.16,1
2025-05-27,2025-05-27 11:10:00,669.11,669.42,669.11,669.42,0.05,427.64,306604.16,1
2025-05-27,2025-05-27 11:11:00,669.42,669.74,669.42,669.74,0.05,427.64,306604.16,1
2025-05-27,2025-05-27 11:12:00,669.74,670.05,669.74,670.05,0.05,427.64,306604.16,1
2025-05-27,2025-05-27 11:13:00,670.05,670.36,670.05,670.36,0.05,427.64,306604.16,1
2025-05-27,2025-05-27 11:14:00,670.36,670.67,670.36,670.67,0.05,427.64,306604.16,1
2025-05-27,2025-05-27 11:15:00,670.67,670.98,670.67,670.98,0.05,427.64,306604.16,1
2025-05-27,2025-05-27 11:16:00,670.98,671.29,670.98,671.29,0.05,427.64,306604.16,1
2025-05-27,2025-05-27 11:17:00,671.29,671.6,671.29,671.6,0.05,427.64,306604.16,1
2025-05-27,2025-05-27 11:18:00,671.6,671.91,671.6,671.91,0.05,427.64,306604.16,1
2025-05-27,2025-05-27 11:19:00,671.91,672.23,671.91,672.23,0.05,427.64,306604.16,1
2025-05-27,2025-05-27 11:20:00,672.23,672.54,672.23,672.54,0.05,427.64,306604.16,1
2025-05-27,2025-05-27 11:21:00,672.54,672.85,672.54,672.85,0.05,427.64,306604.16,1
2025-05-27,2025-05-27 11:22:00,672.85,673.16,672.85,673.16,0.05,427.64,306604.16,1
2025-05-27,2025-05-27 11:23:00,673.16,673.47,673.16,673.47,0.05,427.64,306604.16,1
2025-05-27,2025-05-27 11:24:00,673.47,673.78,673.47,673.78,0.05,427.64,306604.16,1
2025-05-27,2025-05-27 11:25:00,673.78,674.09,673.78,674.09,0.05,427.64,306604.16,1
2025-05-27,2025-05-27 11:26:00,674.09,674.4,674.09,674.4,0.05,427.64,306604.16,1
2025-05-27,2025-05-27 11:27:00,674.4,674.72,674.4,674.72,0.05,427.64,306604.16,1
2025-05-27,2025-05-27 11:28:00,674.72,675.03,674.72,675.03,0.05,427.64,306604.16,1
2025-05-27,2025-05-27 11:29:00,675.03,675.34,675.03,675.34,0.05,427.64,306604.16,1
2025-05-27,2025-05-27 11:30:00,675.34,675.65,675.34,675.65,0.05,427.64,306604.16,1
2025-05-27,2025-05-27 11:31:00,675.65,675.96,675.65,675.96,0.05,427.64,306604.16,1
2025-05-27,2025-05-27 11:32:00,675.96,676.27,675.96,676.27,0.05,427.64,306604.16,1
2025-05-27,2025-05-27 11:33:00,676.27,676.58,676.27,676.58,0.05,427.64,306604.16,1
2025-05-27,2025-05-27 11:34:00,676.58,676.89,676.58,676.89,0.05,427.64,306604.16,1
2025-05-27,2025-05-27 11:35:00,676.89,677.21,676.89,677.21,0.05,427.64,306604.16,1
2025-05-27,2025-05-27 11:36:00,677.21,677.52,677.21,677.52,0.05,427.64,306604.16,1
2025-05-27,2025-05-27 11:37:00,677.52,677.83,677.52,677.83,0.05,427.64,306604.16,1
2025-05-27,2025-05-27 11:38:00,677.83,678.14,677.83,678.14,0.05,427.64,306604.16,1
2025-05-27,2025-05-27 11:39:00,678.14,678.45,678.14,678.45,0.05,427.64,306604.16,1
2025-05-27,2025-05-27 11:40:00,678.45,678.76,678.45,678.76,0.05,427.64,306604.16,1
2025-05-27,2025-05-27 11:41:00,678.76,679.07,678.76,679.07,0.05,427.64,306604.16,1
2025-05-27,2025-05-27 11:42:00,679.07,679.38,679.07,679.38,0.05,427.64,306604.16,1
2025-05-27,2025-05-27 11:43:00,679.38,679.7,679.38,679.7,0.05,427.64,306604.16,1
2025-05-27,2025-05-27 11:44:00,679.7,680.01,679.7,680.01,0.05,427.64,306604.16,1
2025-05-27,2025-05-27 11:45:00,680.01,680.32,680.01,680.32,0.05,427.64,306604.16,1
2025-05-27,2025-05-27 11:46:00,680.32,680.63,680.32,680.63,0.05,427.64,306604.16,1
2025-05-27,2025-05-27 11:47:00,680.63,680.94,680.63,680.94,0.05,427.64,306604.16,1
2025-05-27,2025-05-27 11:48:00,680.94,681.25,680.94,681.25,0.05,427.64,306604.16,1
2025-05-27,2025-05-27 11:49:00,681.25,681.56,681.25,681.56,0.05,427.64,306604.16,1
2025-05-27,2025-05-27 11:50:00,681.56,681.87,681.56,681.87,0.05,427.64,306604.16,1
2025-05-27,2025-05-27 11:51:00,681.87,682.19,681.87,682.19,0.05,427.64,306604.16,1
2025-05-27,2025-05-27 11:52:00,682.19,682.5,682.19,682.5,0.05,427.64,306604.16,1
2025-05-27,2025-05-27 11:53:00,682.5,682.81,682.5,682.81,0.05,427.64,306604.16,1
2025-05-27,2025-05-27 11:54:00,682.81,683.12,682.81,683.12,0.05,427.64,306604.16,1
2025-05-27,2025-05-27 11:55:00,683.12,683.43,683.12,683.43,0.05,427.64,306604.16,1
2025-05-27,2025-05-27 11:56:00,683.43,683.74,683.43,683.74,0.05,427.64,306604.16,1
2025-05-27,2025-05-27 11:57:00,683.74,684.05,683.74,684.05,0.05,427.64,306604.16,1
2025-05-27,2025-05-27 11:58:00,684.05,684.36,684.05,684.36,0.05,427.64,306604.16,1
2025-05-27,2025-05-27 11:59:00,684.36,684.67,684.36,684.67,0.05,427.64,306604.16,1
2025-05-27,2025-05-27 12:00:00,684.67,684.99,684.67,684.99,0.05,427.64,306604.16,1
2025-05-27,2025-05-27 12:01:00,684.99,685.3,684.99,685.3,0.05,427.64,306604.16,1
2025-05-27,2025-05-27 12:02:00,685.3,685.61,685.3,685.61,0.05,427.64,306604.16,1
2025-05-27,2025-05-27 12:03:00,685.61,685.92,685.61,685.92,0.05,427.64,306604.16,1
2025-05-27,2025-05-27 12:04:00,685.92,686.23,685.92,686.23,0.05,427.64,306604.16,1
2025-05-27,2025-05-27 12:05:00,686.23,686.54,686.23,686.54,0.05,427.64,306604.16,1
2025-05-27,2025-05-27 12:06:00,686.54,686.85,686.54,686.85,0.05,427.64,306604.16,1
2025-05-27,2025-05-27 12:07:00,686.85,687.16,686.85,687.16,0.05,427.64,306604.16,1
2025-05-27,2025-05-27 12:08:00,687.16,687.48,687.16,687.48,0.05,427.64,306604.16,1
2025-05-27,2025-05-27 12:09:00,687.48,687.79,687.48,687.79,0.05,427.64,306604.16,1
2025-05-27,2025-05-27 12:10:00,687.79,688.1,687.79,688.1,0.05,427.64,306604.16,1
2025-05-27,2025-05-27 12:11:00,688.1,688.41,688.1,688.41,0.05,427.64,306604.16,1
2025-05-27,2025-05-27 12:12:00,688.41,688.72,688.41,688.72,0.05,427.64,306604.16,1
2025-05-27,2025-05-27 12:13:00,688.72,689.03,688.72,689.03,0.05,427.64,306604.16,1
2025-05-27,2025-05-27 12:14:00,689.03,689.34,689.03,689.34,0.04,427.64,306604.16,1
2025-05-27,2025-05-27 12:15:00,689.34,689.65,689.34,689.65,0.04,427.64,306604.16,1
2025-05-27,2025-05-27 12:16:00,689.65,689.97,689.65,689.97,0.05,427.64,306604.16,1
2025-05-27,2025-05-27 12:17:00,689.97,690.28,689.97,690.28,0.04,427.64,306604.16,1
2025-05-27,2025-05-27 12:18:00,690.28,690.59,690.28,690.59,0.04,427.64,306604.16,1
2025-05-27,2025-05-27 12:19:00,690.59,690.9,690.59,690.9,0.04,427.64,306604.16,1
2025-05-27,2025-05-27 12:20:00,690.9,691.21,690.9,691.21,0.04,427.64,306604.16,1
2025-05-27,2025-05-27 12:21:00,691.21,691.52,691.21,691.52,0.04,427.64,306604.16,1
2025-05-27,2025-05-27 12:22:00,691.52,691.83,691.52,691.83,0.04,427.64,306604.16,1
2025-05-27,2025-05-27 12:23:00,691.83,692.14,691.83,692.14,0.04,427.64,306604.16,1
2025-05-27,2025-05-27 12:24:00,692.14,692.46,692.14,692.46,0.05,427.64,306604.16,1
2025-05-27,2025-05-27 12:25:00,692.46,692.77,692.46,692.77,0.04,427.64,306604.16,1
2025-05-27,2025-05-27 12:26:00,692.77,693.08,692.77,693.08,0.04,427.64,306604.16,1
2025-05-27,2025-05-27 12:27:00,693.08,693.39,693.08,693.39,0.04,427.64,306604.16,1
2025-05-27,2025-05-27 12:28:00,693.39,693.7,693.39,693.7,0.04,427.64,306604.16,1
2025-05-27,2025-05-27 12:29:00,693.7,694.01,693.7,694.01,0.04,427.64,306604.16,1
2025-05-27,2025-05-27 12:30:00,694.01,694.32,694.01,694.32,0.04,427.64,306604.16,1
2025-05-27,2025-05-27 12:31:00,694.32,694.63,694.32,694.63,0.04,427.64,306604.16,1
2025-05-27,2025-05-27 12:32:00,694.63,694.95,694.63,694.95,0.05,427.64,306604.16,1
2025-05-27,2025-05-27 12:33:00,694.95,695.26,694.95,695.26,0.04,427.64,306604.16,1
2025-05-27,2025-05-27 12:34:00,695.26,695.57,695.26,695.57,0.04,427.64,306604.16,1
2025-05-27,2025-05-27 12:35:00,695.57,695.88,695.57,695.88,0.04,427.64,306604.16,1
2025-05-27,2025-05-27 12:36:00,695.88,696.19,695.88,696.19,0.04,427.64,306604.16,1
2025-05-27,2025-05-27 12:37:00,696.19,696.5,696.19,696.5,0.04,427.64,306604.16,1
2025-05-27,2025-05-27 12:38:00,696.5,696.81,696.5,696.81,0.04,427.64,306604.16,1
2025-05-27,2025-05-27 12:39:00,696.81,697.12,696.81,697.12,0.04,427.64,306604.16,1
2025-05-27,2025-05-27 12:40:00,697.12,697.44,697.12,697.44,0.05,427.64,306604.16,1
2025-05-27,2025-05-27 12:41:00,697.44,697.75,697.44,697.75,0.04,427.64,306604.16,1
2025-05-27,2025-05-27 12:42:00,697.75,698.06,697.75,698.06,0.04,427.64,306604.16,1
2025-05-27,2025-05-27 12:43:00,698.06,698.37,698.06,698.37,0.04,427.64,306604.16,1
2025-05-27,2025-05-27 12:44:00,698.37,698.68,698.37,698.68,0.04,427.64,306604.16,1
2025-05-27,2025-05-27 12:45:00,698.68,698.99,698.68,698.99,0.04,427.64,306604.16,1
2025-05-27,2025-05-27 12:46:00,698.99,699.3,698.99,699.3,0.04,427.64,306604.16,1
2025-05-27,2025-05-27 12:47:00,699.3,699.62,699.3,699.62,0.05,427.64,306604.16,1
2025-05-27,2025-05-27 12:48:00,699.62,699.93,699.62,699.93,0.04,427.64,306604.16,1
2025-05-27,2025-05-27 12:49:00,699.93,700.24,699.93,700.24,0.04,427.64,306604.16,1
2025-05-27,2025-05-27 12:50:00,700.24,700.55,700.24,700.55,0.04,427.64,306604.16,1
2025-05-27,2025-05-27 12:51:00,700.55,700.86,700.55,700.86,0.04,427.64,306604.16,1
2025-05-27,2025-05-27 12:52:00,700.86,701.17,700.86,701.17,0.04,427.64,306604.16,1
2025-05-27,2025-05-27 12:53:00,701.17,701.48,701.17,701.48,0.04,427.64,306604.16,1
2025-05-27,2025-05-27 12:54:00,701.48,701.79,701.48,701.79,0.04,427.64,306604.16,1
2025-05-27,2025-05-27 12:55:00,701.79,702.11,701.79,702.11,0.05,427.64,306604.16,1
2025-05-27,2025-05-27 12:56:00,702.11,702.42,702.11,702.42,0.04,427.64,306604.16,1
2025-05-27,2025-05-27 12:57:00,702.42,702.73,702.42,702.73,0.04,427.64,306604.16,1
2025-05-27,2025-05-27 12:58:00,702.73,703.04,702.73,703.04,0.04,427.64,306604.16,1
2025-05-27,2025-05-27 12:59:00,703.04,703.35,703.04,703.35,0.04,427.64,306604.16,1
2025-05-27,2025-05-27 13:00:00,703.35,740.7,665.0,703.66,0.04,427.64,306604.16,1
2025-05-27,2025-05-27 13:01:00,703.66,703.97,703.66,703.97,0.04,427.64,306604.16,1
2025-05-27,2025-05-27 13:02:00,703.97,704.28,703.97,704.28,0.04,427.64,306604.16,1
2025-05-27,2025-05-27 13:03:00,704.28,704.6,704.28,704.6,0.05,427.64,306604.16,1
2025-05-27,2025-05-27 13:04:00,704.6,704.91,704.6,704.91,0.04,427.64,306604.16,1
2025-05-27,2025-05-27 13:05:00,704.91,705.22,704.91,705.22,0.04,427.64,306604.16,1
2025-05-27,2025-05-27 13:06:00,705.22,705.53,705.22,705.53,0.04,427.64,306604.16,1
2025-05-27,2025-05-27 13:07:00,705.53,705.84,705.53,705.84,0.04,427.64,306604.16,1
2025-05-27,2025-05-27 13:08:00,705.84,706.15,705.84,706.15,0.04,427.64,306604.16,1
2025-05-27,2025-05-27 13:09:00,706.15,706.46,706.15,706.46,0.04,427.64,306604.16,1
2025-05-27,2025-05-27 13:10:00,706.46,706.77,706.46,706.77,0.04,427.64,306604.16,1
2025-05-27,2025-05-27 13:11:00,706.77,707.09,706.77,707.09,0.05,427.64,306604.16,1
2025-05-27,2025-05-27 13:12:00,707.09,707.4,707.09,707.4,0.04,427.64,306604.16,1
2025-05-27,2025-05-27 13:13:00,707.4,707.71,707.4,707.71,0.04,427.64,306604.16,1
2025-05-27,2025-05-27 13:14:00,707.71,708.02,707.71,708.02,0.04,427.64,306604.16,1
2025-05-27,2025-05-27 13:15:00,708.02,708.33,708.02,708.33,0.04,427.64,306604.16,1
2025-05-27,2025-05-27 13:16:00,708.33,708.64,708.33,708.64,0.04,427.64,306604.16,1
2025-05-27,2025-05-27 13:17:00,708.64,708.95,708.64,708.95,0.04,427.64,306604.16,1
2025-05-27,2025-05-27 13:18:00,708.95,709.26,708.95,709.26,0.04,427.64,306604.16,1
2025-05-27,2025-05-27 13:19:00,709.26,709.58,709.26,709.58,0.05,427.64,306604.16,1
2025-05-27,2025-05-27 13:20:00,709.58,709.89,709.58,709.89,0.04,427.64,306604.16,1
2025-05-27,2025-05-27 13:21:00,709.89,710.2,709.89,710.2,0.04,427.64,306604.16,1
2025-05-27,2025-05-27 13:22:00,710.2,710.51,710.2,710.51,0.04,427.64,306604.16,1
2025-05-27,2025-05-27 13:23:00,710.51,710.82,710.51,710.82,0.04,427.64,306604.16,1
2025-05-27,2025-05-27 13:24:00,710.82,711.13,710.82,711.13,0.04,427.64,306604.16,1
2025-05-27,2025-05-27 13:25:00,711.13,711.44,711.13,711.44,0.04,427.64,306604.16,1
2025-05-27,2025-05-27 13:26:00,711.44,711.75,711.44,711.75,0.04,427.64,306604.16,1
2025-05-27,2025-05-27 13:27:00,711.75,712.07,711.75,712.07,0.04,427.64,306604.16,1
2025-05-27,2025-05-27 13:28:00,712.07,712.38,712.07,712.38,0.04,427.64,306604.16,1
2025-05-27,2025-05-27 13:29:00,712.38,712.69,712.38,712.69,0.04,427.64,306604.16,1
2025-05-27,2025-05-27 13:30:00,712.69,713.0,712.69,713.0,0.04,427.64,306604.16,1
2025-05-27,2025-05-27 13:31:00,713.0,713.31,713.0,713.31,0.04,427.64,306604.16,1
2025-05-27,2025-05-27 13:32:00,713.31,713.62,713.31,713.62,0.04,427.64,306604.16,1
2025-05-27,2025-05-27 13:33:00,713.62,713.93,713.62,713.93,0.04,427.64,306604.16,1
2025-05-27,2025-05-27 13:34:00,713.93,714.24,713.93,714.24,0.04,427.64,306604.16,1
2025-05-27,2025-05-27 13:35:00,714.24,714.56,714.24,714.56,0.04,427.64,306604.16,1
2025-05-27,2025-05-27 13:36:00,714.56,714.87,714.56,714.87,0.04,427.64,306604.16,1
2025-05-27,2025-05-27 13:37:00,714.87,715.18,714.87,715.18,0.04,427.64,306604.16,1
2025-05-27,2025-05-27 13:38:00,715.18,715.49,715.18,715.49,0.04,427.64,306604.16,1
2025-05-27,2025-05-27 13:39:00,715.49,715.8,715.49,715.8,0.04,427.64,306604.16,1
2025-05-27,2025-05-27 13:40:00,715.8,716.11,715.8,716.11,0.04,427.64,306604.16,1
2025-05-27,2025-05-27 13:41:00,716.11,716.42,716.11,716.42,0.04,427.64,306604.16,1
2025-05-27,2025-05-27 13:42:00,716.42,716.73,716.42,716.73,0.04,427.64,306604.16,1
2025-05-27,2025-05-27 13:43:00,716.73,717.05,716.73,717.05,0.04,427.64,306604.16,1
2025-05-27,2025-05-27 13:44:00,717.05,717.36,717.05,717.36,0.04,427.64,306604.16,1
2025-05-27,2025-05-27 13:45:00,717.36,717.67,717.36,717.67,0.04,427.64,306604.16,1
2025-05-27,2025-05-27 13:46:00,717.67,717.98,717.67,717.98,0.04,427.64,306604.16,1
2025-05-27,2025-05-27 13:47:00,717.98,718.29,717.98,718.29,0.04,427.64,306604.16,1
2025-05-27,2025-05-27 13:48:00,718.29,718.6,718.29,718.6,0.04,427.64,306604.16,1
2025-05-27,2025-05-27 13:49:00,718.6,718.91,718.6,718.91,0.04,427.64,306604.16,1
2025-05-27,2025-05-27 13:50:00,718.91,719.22,718.91,719.22,0.04,427.64,306604.16,1
2025-05-27,2025-05-27 13:51:00,719.22,719.54,719.22,719.54,0.04,427.64,306604.16,1
2025-05-27,2025-05-27 13:52:00,719.54,719.85,719.54,719.85,0.04,427.64,306604.16,1
2025-05-27,2025-05-27 13:53:00,719.85,720.16,719.85,720.16,0.04,427.64,306604.16,1
2025-05-27,2025-05-27 13:54:00,720.16,720.47,720.16,720.47,0.04,427.64,306604.16,1
2025-05-27,2025-05-27 13:55:00,720.47,720.78,720.47,720.78,0.04,427.64,306604.16,1
2025-05-27,2025-05-27 13:56:00,720.78,721.09,720.78,721.09,0.04,427.64,306604.16,1
2025-05-27,2025-05-27 13:57:00,721.09,721.4,721.09,721.4,0.04,427.64,306604.16,1
2025-05-27,2025-05-27 13:58:00,721.4,721.71,721.4,721.71,0.04,427.64,306604.16,1
2025-05-27,2025-05-27 13:59:00,721.71,722.03,721.71,722.03,0.04,427.64,306604.16,1
2025-05-27,2025-05-27 14:00:00,722.03,722.34,722.03,722.34,0.04,427.64,306604.16,1
2025-05-27,2025-05-27 14:01:00,722.34,722.65,722.34,722.65,0.04,427.64,306604.16,1
2025-05-27,2025-05-27 14:02:00,722.65,722.96,722.65,722.96,0.04,427.64,306604.16,1
2025-05-27,2025-05-27 14:03:00,722.96,723.27,722.96,723.27,0.04,427.64,306604.16,1
2025-05-27,2025-05-27 14:04:00,723.27,723.58,723.27,723.58,0.04,427.64,306604.16,1
2025-05-27,2025-05-27 14:05:00,723.58,723.89,723.58,723.89,0.04,427.64,306604.16,1
2025-05-27,2025-05-27 14:06:00,723.89,724.2,723.89,724.2,0.04,427.64,306604.16,1
2025-05-27,2025-05-27 14:07:00,724.2,724.51,724.2,724.51,0.04,427.64,306604.16,1
2025-05-27,2025-05-27 14:08:00,724.51,724.83,724.51,724.83,0.04,427.64,306604.16,1
2025-05-27,2025-05-27 14:09:00,724.83,725.14,724.83,725.14,0.04,427.64,306604.16,1
2025-05-27,2025-05-27 14:10:00,725.14,725.45,725.14,725.45,0.04,427.64,306604.16,1
2025-05-27,2025-05-27 14:11:00,725.45,725.76,725.45,725.76,0.04,427.64,306604.16,1
2025-05-27,2025-05-27 14:12:00,725.76,726.07,725.76,726.07,0.04,427.64,306604.16,1
2025-05-27,2025-05-27 14:13:00,726.07,726.38,726.07,726.38,0.04,427.64,306604.16,1
2025-05-27,2025-05-27 14:14:00,726.38,726.69,726.38,726.69,0.04,427.64,306604.16,1
2025-05-27,2025-05-27 14:15:00,726.69,727.0,726.69,727.0,0.04,427.64,306604.16,1
2025-05-27,2025-05-27 14:16:00,727.0,727.32,727.0,727.32,0.04,427.64,306604.16,1
2025-05-27,2025-05-27 14:17:00,727.32,727.63,727.32,727.63,0.04,427.64,306604.16,1
2025-05-27,2025-05-27 14:18:00,727.63,727.94,727.63,727.94,0.04,427.64,306604.16,1
2025-05-27,2025-05-27 14:19:00,727.94,728.25,727.94,728.25,0.04,427.64,306604.16,1
2025-05-27,2025-05-27 14:20:00,728.25,728.56,728.25,728.56,0.04,427.64,306604.16,1
2025-05-27,2025-05-27 14:21:00,728.56,728.87,728.56,728.87,0.04,427.64,306604.16,1
2025-05-27,2025-05-27 14:22:00,728.87,729.18,728.87,729.18,0.04,427.64,306604.16,1
2025-05-27,2025-05-27 14:23:00,729.18,729.5,729.18,729.5,0.04,427.64,306604.16,1
2025-05-27,2025-05-27 14:24:00,729.5,729.81,729.5,729.81,0.04,427.64,306604.16,1
2025-05-27,2025-05-27 14:25:00,729.81,730.12,729.81,730.12,0.04,427.64,306604.16,1
2025-05-27,2025-05-27 14:26:00,730.12,730.43,730.12,730.43,0.04,427.64,306604.16,1
2025-05-27,2025-05-27 14:27:00,730.43,730.74,730.43,730.74,0.04,427.64,306604.16,1
2025-05-27,2025-05-27 14:28:00,730.74,731.05,730.74,731.05,0.04,427.64,306604.16,1
2025-05-27,2025-05-27 14:29:00,731.05,731.36,731.05,731.36,0.04,427.64,306604.16,1
2025-05-27,2025-05-27 14:30:00,731.36,731.67,731.36,731.67,0.04,427.64,306604.16,1
2025-05-27,2025-05-27 14:31:00,731.67,731.99,731.67,731.99,0.04,427.64,306604.16,1
2025-05-27,2025-05-27 14:32:00,731.99,732.3,731.99,732.3,0.04,427.64,306604.16,1
2025-05-27,2025-05-27 14:33:00,732.3,732.61,732.3,732.61,0.04,427.64,306604.16,1
2025-05-27,2025-05-27 14:34:00,732.61,732.92,732.61,732.92,0.04,427.64,306604.16,1
2025-05-27,2025-05-27 14:35:00,732.92,733.23,732.92,733.23,0.04,427.64,306604.16,1
2025-05-27,2025-05-27 14:36:00,733.23,733.54,733.23,733.54,0.04,427.64,306604.16,1
2025-05-27,2025-05-27 14:37:00,733.54,733.85,733.54,733.85,0.04,427.64,306604.16,1
2025-05-27,2025-05-27 14:38:00,733.85,734.16,733.85,734.16,0.04,427.64,306604.16,1
2025-05-27,2025-05-27 14:39:00,734.16,734.48,734.16,734.48,0.04,427.64,306604.16,1
2025-05-27,2025-05-27 14:40:00,734.48,734.79,734.48,734.79,0.04,427.64,306604.16,1
2025-05-27,2025-05-27 14:41:00,734.79,735.1,734.79,735.1,0.04,427.64,306604.16,1
2025-05-27,2025-05-27 14:42:00,735.1,735.41,735.1,735.41,0.04,427.64,306604.16,1
2025-05-27,2025-05-27 14:43:00,735.41,735.72,735.41,735.72,0.04,427.64,306604.16,1
2025-05-27,2025-05-27 14:44:00,735.72,736.03,735.72,736.03,0.04,427.64,306604.16,1
2025-05-27,2025-05-27 14:45:00,736.03,736.34,736.03,736.34,0.04,427.64,306604.16,1
2025-05-27,2025-05-27 14:46:00,736.34,736.65,736.34,736.65,0.04,427.64,306604.16,1
2025-05-27,2025-05-27 14:47:00,736.65,736.97,736.65,736.97,0.04,427.64,306604.16,1
2025-05-27,2025-05-27 14:48:00,736.97,737.28,736.97,737.28,0.04,427.64,306604.16,1
2025-05-27,2025-05-27 14:49:00,737.28,737.59,737.28,737.59,0.04,427.64,306604.16,1
2025-05-27,2025-05-27 14:50:00,737.59,737.9,737.59,737.9,0.04,427.64,306604.16,1
2025-05-27,2025-05-27 14:51:00,737.9,738.21,737.9,738.21,0.04,427.64,306604.16,1
2025-05-27,2025-05-27 14:52:00,738.21,738.52,738.21,738.52,0.04,427.64,306604.16,1
2025-05-27,2025-05-27 14:53:00,738.52,738.83,738.52,738.83,0.04,427.64,306604.16,1
2025-05-27,2025-05-27 14:54:00,738.83,739.14,738.83,739.14,0.04,427.64,306604.16,1
2025-05-27,2025-05-27 14:55:00,739.14,739.46,739.14,739.46,0.04,427.64,306604.16,1
2025-05-27,2025-05-27 14:56:00,739.46,739.77,739.46,739.77,0.04,427.64,306604.16,1
2025-05-27,2025-05-27 14:57:00,739.77,740.08,739.77,740.08,0.04,427.64,306604.16,1
2025-05-27,2025-05-27 14:58:00,740.08,740.39,740.08,740.39,0.04,427.64,306604.16,1
2025-05-27,2025-05-27 14:59:00,740.39,740.7,740.39,740.7,0.04,427.64,306604.16,1
2025-05-27,2025-05-27 15:00:00,740.7,740.7,665.0,740.7,0.0,427.64,306604.16,0
2025-05-28,2025-05-28 11:00:00,755.5,773.26,754.15,755.72,0.03,479.19,375619.9,1
2025-05-28,2025-05-28 11:01:00,755.72,755.94,755.72,755.94,0.03,479.19,375619.9,1
2025-05-28,2025-05-28 11:02:00,755.94,756.16,755.94,756.16,0.03,479.19,375619.9,1
2025-05-28,2025-05-28 11:03:00,756.16,756.38,756.16,756.38,0.03,479.19,375619.9,1
2025-05-28,2025-05-28 11:04:00,756.38,756.6,756.38,756.6,0.03,479.19,375619.9,1
2025-05-28,2025-05-28 11:05:00,756.6,756.82,756.6,756.82,0.03,479.19,375619.9,1
2025-05-28,2025-05-28 11:06:00,756.82,757.05,756.82,757.05,0.03,479.19,375619.9,1
2025-05-28,2025-05-28 11:07:00,757.05,757.27,757.05,757.27,0.03,479.19,375619.9,1
2025-05-28,2025-05-28 11:08:00,757.27,757.49,757.27,757.49,0.03,479.19,375619.9,1
2025-05-28,2025-05-28 11:09:00,757.49,757.71,757.49,757.71,0.03,479.19,375619.9,1
2025-05-28,2025-05-28 11:10:00,757.71,757.93,757.71,757.93,0.03,479.19,375619.9,1
2025-05-28,2025-05-28 11:11:00,757.93,758.15,757.93,758.15,0.03,479.19,375619.9,1
2025-05-28,2025-05-28 11:12:00,758.15,758.37,758.15,758.37,0.03,479.19,375619.9,1
2025-05-28,2025-05-28 11:13:00,758.37,758.59,758.37,758.59,0.03,479.19,375619.9,1
2025-05-28,2025-05-28 11:14:00,758.59,758.81,758.59,758.81,0.03,479.19,375619.9,1
2025-05-28,2025-05-28 11:15:00,758.81,759.03,758.81,759.03,0.03,479.19,375619.9,1
2025-05-28,2025-05-28 11:16:00,759.03,759.25,759.03,759.25,0.03,479.19,375619.9,1
2025-05-28,2025-05-28 11:17:00,759.25,759.47,759.25,759.47,0.03,479.19,375619.9,1
2025-05-28,2025-05-28 11:18:00,759.47,759.69,759.47,759.69,0.03,479.19,375619.9,1
2025-05-28,2025-05-28 11:19:00,759.69,759.91,759.69,759.91,0.03,479.19,375619.9,1
2025-05-28,2025-05-28 11:20:00,759.91,760.14,759.91,760.14,0.03,479.19,375619.9,1
2025-05-28,2025-05-28 11:21:00,760.14,760.36,760.14,760.36,0.03,479.19,375619.9,1
2025-05-28,2025-05-28 11:22:00,760.36,760.58,760.36,760.58,0.03,479.19,375619.9,1
2025-05-28,2025-05-28 11:23:00,760.58,760.8,760.58,760.8,0.03,479.19,375619.9,1
2025-05-28,2025-05-28 11:24:00,760.8,761.02,760.8,761.02,0.03,479.19,375619.9,1
2025-05-28,2025-05-28 11:25:00,761.02,761.24,761.02,761.24,0.03,479.19,375619.9,1
2025-05-28,2025-05-28 11:26:00,761.24,761.46,761.24,761.46,0.03,479.19,375619.9,1
2025-05-28,2025-05-28 11:27:00,761.46,761.68,761.46,761.68,0.03,479.19,375619.9,1
2025-05-28,2025-05-28 11:28:00,761.68,761.9,761.68,761.9,0.03,479.19,375619.9,1
2025-05-28,2025-05-28 11:29:00,761.9,762.12,761.9,762.12,0.03,479.19,375619.9,1
2025-05-28,2025-05-28 11:30:00,762.12,762.34,762.12,762.34,0.03,479.19,375619.9,1
2025-05-28,2025-05-28 11:31:00,762.34,762.56,762.34,762.56,0.03,479.19,375619.9,1
2025-05-28,2025-05-28 11:32:00,762.56,762.78,762.56,762.78,0.03,479.19,375619.9,1
2025-05-28,2025-05-28 11:33:00,762.78,763.01,762.78,763.01,0.03,479.19,375619.9,1
2025-05-28,2025-05-28 11:34:00,763.01,763.23,763.01,763.23,0.03,479.19,375619.9,1
2025-05-28,2025-05-28 11:35:00,763.23,763.45,763.23,763.45,0.03,479.19,375619.9,1
2025-05-28,2025-05-28 11:36:00,763.45,763.67,763.45,763.67,0.03,479.19,375619.9,1
2025-05-28,2025-05-28 11:37:00,763.67,763.89,763.67,763.89,0.03,479.19,375619.9,1
2025-05-28,2025-05-28 11:38:00,763.89,764.11,763.89,764.11,0.03,479.19,375619.9,1
2025-05-28,2025-05-28 11:39:00,764.11,764.33,764.11,764.33,0.03,479.19,375619.9,1
2025-05-28,2025-05-28 11:40:00,764.33,764.55,764.33,764.55,0.03,479.19,375619.9,1
2025-05-28,2025-05-28 11:41:00,764.55,764.77,764.55,764.77,0.03,479.19,375619.9,1
2025-05-28,2025-05-28 11:42:00,764.77,764.99,764.77,764.99,0.03,479.19,375619.9,1
2025-05-28,2025-05-28 11:43:00,764.99,765.21,764.99,765.21,0.03,479.19,375619.9,1
2025-05-28,2025-05-28 11:44:00,765.21,765.43,765.21,765.43,0.03,479.19,375619.9,1
2025-05-28,2025-05-28 11:45:00,765.43,765.65,765.43,765.65,0.03,479.19,375619.9,1
2025-05-28,2025-05-28 11:46:00,765.65,765.88,765.65,765.88,0.03,479.19,375619.9,1
2025-05-28,2025-05-28 11:47:00,765.88,766.1,765.88,766.1,0.03,479.19,375619.9,1
2025-05-28,2025-05-28 11:48:00,766.1,766.32,766.1,766.32,0.03,479.19,375619.9,1
2025-05-28,2025-05-28 11:49:00,766.32,766.54,766.32,766.54,0.03,479.19,375619.9,1
2025-05-28,2025-05-28 11:50:00,766.54,766.76,766.54,766.76,0.03,479.19,375619.9,1
2025-05-28,2025-05-28 11:51:00,766.76,766.98,766.76,766.98,0.03,479.19,375619.9,1
2025-05-28,2025-05-28 11:52:00,766.98,767.2,766.98,767.2,0.03,479.19,375619.9,1
2025-05-28,2025-05-28 11:53:00,767.2,767.42,767.2,767.42,0.03,479.19,375619.9,1
2025-05-28,2025-05-28 11:54:00,767.42,767.64,767.42,767.64,0.03,479.19,375619.9,1
2025-05-28,2025-05-28 11:55:00,767.64,767.86,767.64,767.86,0.03,479.19,375619.9,1
2025-05-28,2025-05-28 11:56:00,767.86,768.08,767.86,768.08,0.03,479.19,375619.9,1
2025-05-28,2025-05-28 11:57:00,768.08,768.3,768.08,768.3,0.03,479.19,375619.9,1
2025-05-28,2025-05-28 11:58:00,768.3,768.52,768.3,768.52,0.03,479.19,375619.9,1
2025-05-28,2025-05-28 11:59:00,768.52,768.75,768.52,768.75,0.03,479.19,375619.9,1
2025-05-28,2025-05-28 12:00:00,768.75,768.97,768.75,768.97,0.03,479.19,375619.9,1
2025-05-28,2025-05-28 12:01:00,768.97,769.19,768.97,769.19,0.03,479.19,375619.9,1
2025-05-28,2025-05-28 12:02:00,769.19,769.41,769.19,769.41,0.03,479.19,375619.9,1
2025-05-28,2025-05-28 12:03:00,769.41,769.63,769.41,769.63,0.03,479.19,375619.9,1
2025-05-28,2025-05-28 12:04:00,769.63,769.85,769.63,769.85,0.03,479.19,375619.9,1
2025-05-28,2025-05-28 12:05:00,769.85,770.07,769.85,770.07,0.03,479.19,375619.9,1
2025-05-28,2025-05-28 12:06:00,770.07,770.29,770.07,770.29,0.03,479.19,375619.9,1
2025-05-28,2025-05-28 12:07:00,770.29,770.51,770.29,770.51,0.03,479.19,375619.9,1
2025-05-28,2025-05-28 12:08:00,770.51,770.73,770.51,770.73,0.03,479.19,375619.9,1
2025-05-28,2025-05-28 12:09:00,770.73,770.95,770.73,770.95,0.03,479.19,375619.9,1
2025-05-28,2025-05-28 12:10:00,770.95,771.17,770.95,771.17,0.03,479.19,375619.9,1
2025-05-28,2025-05-28 12:11:00,771.17,771.39,771.17,771.39,0.03,479.19,375619.9,1
2025-05-28,2025-05-28 12:12:00,771.39,771.61,771.39,771.61,0.03,479.19,375619.9,1
2025-05-28,2025-05-28 12:13:00,771.61,771.84,771.61,771.84,0.03,479.19,375619.9,1
2025-05-28,2025-05-28 12:14:00,771.84,772.06,771.84,772.06,0.03,479.19,375619.9,1
2025-05-28,2025-05-28 12:15:00,772.06,772.28,772.06,772.28,0.03,479.19,375619.9,1
2025-05-28,2025-05-28 12:16:00,772.28,772.5,772.28,772.5,0.03,479.19,375619.9,1
2025-05-28,2025-05-28 12:17:00,772.5,772.72,772.5,772.72,0.03,479.19,375619.9,1
2025-05-28,2025-05-28 12:18:00,772.72,772.94,772.72,772.94,0.03,479.19,375619.9,1
2025-05-28,2025-05-28 12:19:00,772.94,773.16,772.94,773.16,0.03,479.19,375619.9,1
2025-05-28,2025-05-28 12:20:00,773.16,773.38,773.16,773.38,0.03,479.19,375619.9,1
2025-05-28,2025-05-28 12:21:00,773.38,773.6,773.38,773.6,0.03,479.19,375619.9,1
2025-05-28,2025-05-28 12:22:00,773.6,773.82,773.6,773.82,0.03,479.19,375619.9,1
2025-05-28,2025-05-28 12:23:00,773.82,774.04,773.82,774.04,0.03,479.19,375619.9,1
2025-05-28,2025-05-28 12:24:00,774.04,774.26,774.04,774.26,0.03,479.19,375619.9,1
2025-05-28,2025-05-28 12:25:00,774.26,774.48,774.26,774.48,0.03,479.19,375619.9,1
2025-05-28,2025-05-28 12:26:00,774.48,774.71,774.48,774.71,0.03,479.19,375619.9,1
2025-05-28,2025-05-28 12:27:00,774.71,774.93,774.71,774.93,0.03,479.19,375619.9,1
2025-05-28,2025-05-28 12:28:00,774.93,775.15,774.93,775.15,0.03,479.19,375619.9,1
2025-05-28,2025-05-28 12:29:00,775.15,775.37,775.15,775.37,0.03,479.19,375619.9,1
2025-05-28,2025-05-28 12:30:00,775.37,775.59,775.37,775.59,0.03,479.19,375619.9,1
2025-05-28,2025-05-28 12:31:00,775.59,775.81,775.59,775.81,0.03,479.19,375619.9,1
2025-05-28,2025-05-28 12:32:00,775.81,776.03,775.81,776.03,0.03,479.19,375619.9,1
2025-05-28,2025-05-28 12:33:00,776.03,776.25,776.03,776.25,0.03,479.19,375619.9,1
2025-05-28,2025-05-28 12:34:00,776.25,776.47,776.25,776.47,0.03,479.19,375619.9,1
2025-05-28,2025-05-28 12:35:00,776.47,776.69,776.47,776.69,0.03,479.19,375619.9,1
2025-05-28,2025-05-28 12:36:00,776.69,776.91,776.69,776.91,0.03,479.19,375619.9,1
2025-05-28,2025-05-28 12:37:00,776.91,777.13,776.91,777.13,0.03,479.19,375619.9,1
2025-05-28,2025-05-28 12:38:00,777.13,777.35,777.13,777.35,0.03,479.19,375619.9,1
2025-05-28,2025-05-28 12:39:00,777.35,777.58,777.35,777.58,0.03,479.19,375619.9,1
2025-05-28,2025-05-28 12:40:00,777.58,777.8,777.58,777.8,0.03,479.19,375619.9,1
2025-05-28,2025-05-28 12:41:00,777.8,778.02,777.8,778.02,0.03,479.19,375619.9,1
2025-05-28,2025-05-28 12:42:00,778.02,778.24,778.02,778.24,0.03,479.19,375619.9,1
2025-05-28,2025-05-28 12:43:00,778.24,778.46,778.24,778.46,0.03,479.19,375619.9,1
2025-05-28,2025-05-28 12:44:00,778.46,778.68,778.46,778.68,0.03,479.19,375619.9,1
2025-05-28,2025-05-28 12:45:00,778.68,778.9,778.68,778.9,0.03,479.19,375619.9,1
2025-05-28,2025-05-28 12:46:00,778.9,779.12,778.9,779.12,0.03,479.19,375619.9,1
2025-05-28,2025-05-28 12:47:00,779.12,779.34,779.12,779.34,0.03,479.19,375619.9,1
2025-05-28,2025-05-28 12:48:00,779.34,779.56,779.34,779.56,0.03,479.19,375619.9,1
2025-05-28,2025-05-28 12:49:00,779.56,779.78,779.56,779.78,0.03,479.19,375619.9,1
2025-05-28,2025-05-28 12:50:00,779.78,780.0,779.78,780.0,0.03,479.19,375619.9,1
2025-05-28,2025-05-28 12:51:00,780.0,780.22,780.0,780.22,0.03,479.19,375619.9,1
2025-05-28,2025-05-28 12:52:00,780.22,780.44,780.22,780.44,0.03,479.19,375619.9,1
2025-05-28,2025-05-28 12:53:00,780.44,780.67,780.44,780.67,0.03,479.19,375619.9,1
2025-05-28,2025-05-28 12:54:00,780.67,780.89,780.67,780.89,0.03,479.19,375619.9,1
2025-05-28,2025-05-28 12:55:00,780.89,781.11,780.89,781.11,0.03,479.19,375619.9,1
2025-05-28,2025-05-28 12:56:00,781.11,781.33,781.11,781.33,0.03,479.19,375619.9,1
2025-05-28,2025-05-28 12:57:00,781.33,781.55,781.33,781.55,0.03,479.19,375619.9,1
2025-05-28,2025-05-28 12:58:00,781.55,781.77,781.55,781.77,0.03,479.19,375619.9,1
2025-05-28,2025-05-28 12:59:00,781.77,781.99,781.77,781.99,0.03,479.19,375619.9,1
2025-05-28,2025-05-28 13:00:00,781.99,814.7,751.0,782.21,0.03,479.19,375619.9,1
2025-05-28,2025-05-28 13:01:00,782.21,782.43,782.21,782.43,0.03,479.19,375619.9,1
2025-05-28,2025-05-28 13:02:00,782.43,782.65,782.43,782.65,0.03,479.19,375619.9,1
2025-05-28,2025-05-28 13:03:00,782.65,782.87,782.65,782.87,0.03,479.19,375619.9,1
2025-05-28,2025-05-28 13:04:00,782.87,783.09,782.87,783.09,0.03,479.19,375619.9,1
2025-05-28,2025-05-28 13:05:00,783.09,783.31,783.09,783.31,0.03,479.19,375619.9,1
2025-05-28,2025-05-28 13:06:00,783.31,783.54,783.31,783.54,0.03,479.19,375619.9,1
2025-05-28,2025-05-28 13:07:00,783.54,783.76,783.54,783.76,0.03,479.19,375619.9,1
2025-05-28,2025-05-28 13:08:00,783.76,783.98,783.76,783.98,0.03,479.19,375619.9,1
2025-05-28,2025-05-28 13:09:00,783.98,784.2,783.98,784.2,0.03,479.19,375619.9,1
2025-05-28,2025-05-28 13:10:00,784.2,784.42,784.2,784.42,0.03,479.19,375619.9,1
2025-05-28,2025-05-28 13:11:00,784.42,784.64,784.42,784.64,0.03,479.19,375619.9,1
2025-05-28,2025-05-28 13:12:00,784.64,784.86,784.64,784.86,0.03,479.19,375619.9,1
2025-05-28,2025-05-28 13:13:00,784.86,785.08,784.86,785.08,0.03,479.19,375619.9,1
2025-05-28,2025-05-28 13:14:00,785.08,785.3,785.08,785.3,0.03,479.19,375619.9,1
2025-05-28,2025-05-28 13:15:00,785.3,785.52,785.3,785.52,0.03,479.19,375619.9,1
2025-05-28,2025-05-28 13:16:00,785.52,785.74,785.52,785.74,0.03,479.19,375619.9,1
2025-05-28,2025-05-28 13:17:00,785.74,785.96,785.74,785.96,0.03,479.19,375619.9,1
2025-05-28,2025-05-28 13:18:00,785.96,786.18,785.96,786.18,0.03,479.19,375619.9,1
2025-05-28,2025-05-28 13:19:00,786.18,786.4,786.18,786.4,0.03,479.19,375619.9,1
2025-05-28,2025-05-28 13:20:00,786.4,786.63,786.4,786.63,0.03,479.19,375619.9,1
2025-05-28,2025-05-28 13:21:00,786.63,786.85,786.63,786.85,0.03,479.19,375619.9,1
2025-05-28,2025-05-28 13:22:00,786.85,787.07,786.85,787.07,0.03,479.19,375619.9,1
2025-05-28,2025-05-28 13:23:00,787.07,787.29,787.07,787.29,0.03,479.19,375619.9,1
2025-05-28,2025-05-28 13:24:00,787.29,787.51,787.29,787.51,0.03,479.19,375619.9,1
2025-05-28,2025-05-28 13:25:00,787.51,787.73,787.51,787.73,0.03,479.19,375619.9,1
2025-05-28,2025-05-28 13:26:00,787.73,787.95,787.73,787.95,0.03,479.19,375619.9,1
2025-05-28,2025-05-28 13:27:00,787.95,788.17,787.95,788.17,0.03,479.19,375619.9,1
2025-05-28,2025-05-28 13:28:00,788.17,788.39,788.17,788.39,0.03,479.19,375619.9,1
2025-05-28,2025-05-28 13:29:00,788.39,788.61,788.39,788.61,0.03,479.19,375619.9,1
2025-05-28,2025-05-28 13:30:00,788.61,788.83,788.61,788.83,0.03,479.19,375619.9,1
2025-05-28,2025-05-28 13:31:00,788.83,789.05,788.83,789.05,0.03,479.19,375619.9,1
2025-05-28,2025-05-28 13:32:00,789.05,789.27,789.05,789.27,0.03,479.19,375619.9,1
2025-05-28,2025-05-28 13:33:00,789.27,789.5,789.27,789.5,0.03,479.19,375619.9,1
2025-05-28,2025-05-28 13:34:00,789.5,789.72,789.5,789.72,0.03,479.19,375619.9,1
2025-05-28,2025-05-28 13:35:00,789.72,789.94,789.72,789.94,0.03,479.19,375619.9,1
2025-05-28,2025-05-28 13:36:00,789.94,790.16,789.94,790.16,0.03,479.19,375619.9,1
2025-05-28,2025-05-28 13:37:00,790.16,790.38,790.16,790.38,0.03,479.19,375619.9,1
2025-05-28,2025-05-28 13:38:00,790.38,790.6,790.38,790.6,0.03,479.19,375619.9,1
2025-05-28,2025-05-28 13:39:00,790.6,790.82,790.6,790.82,0.03,479.19,375619.9,1
2025-05-28,2025-05-28 13:40:00,790.82,791.04,790.82,791.04,0.03,479.19,375619.9,1
2025-05-28,2025-05-28 13:41:00,791.04,791.26,791.04,791.26,0.03,479.19,375619.9,1
2025-05-28,2025-05-28 13:42:00,791.26,791.48,791.26,791.48,0.03,479.19,375619.9,1
2025-05-28,2025-05-28 13:43:00,791.48,791.7,791.48,791.7,0.03,479.19,375619.9,1
2025-05-28,2025-05-28 13:44:00,791.7,791.92,791.7,791.92,0.03,479.19,375619.9,1
2025-05-28,2025-05-28 13:45:00,791.92,792.14,791.92,792.14,0.03,479.19,375619.9,1
2025-05-28,2025-05-28 13:46:00,792.14,792.37,792.14,792.37,0.03,479.19,375619.9,1
2025-05-28,2025-05-28 13:47:00,792.37,792.59,792.37,792.59,0.03,479.19,375619.9,1
2025-05-28,2025-05-28 13:48:00,792.59,792.81,792.59,792.81,0.03,479.19,375619.9,1
2025-05-28,2025-05-28 13:49:00,792.81,793.03,792.81,793.03,0.03,479.19,375619.9,1
2025-05-28,2025-05-28 13:50:00,793.03,793.25,793.03,793.25,0.03,479.19,375619.9,1
2025-05-28,2025-05-28 13:51:00,793.25,793.47,793.25,793.47,0.03,479.19,375619.9,1
2025-05-28,2025-05-28 13:52:00,793.47,793.69,793.47,793.69,0.03,479.19,375619.9,1
2025-05-28,2025-05-28 13:53:00,793.69,793.91,793.69,793.91,0.03,479.19,375619.9,1
2025-05-28,2025-05-28 13:54:00,793.91,794.13,793.91,794.13,0.03,479.19,375619.9,1
2025-05-28,2025-05-28 13:55:00,794.13,794.35,794.13,794.35,0.03,479.19,375619.9,1
2025-05-28,2025-05-28 13:56:00,794.35,794.57,794.35,794.57,0.03,479.19,375619.9,1
2025-05-28,2025-05-28 13:57:00,794.57,794.79,794.57,794.79,0.03,479.19,375619.9,1
2025-05-28,2025-05-28 13:58:00,794.79,795.01,794.79,795.01,0.03,479.19,375619.9,1
2025-05-28,2025-05-28 13:59:00,795.01,795.24,795.01,795.24,0.03,479.19,375619.9,1
2025-05-28,2025-05-28 14:00:00,795.24,795.46,795.24,795.46,0.03,479.19,375619.9,1
2025-05-28,2025-05-28 14:01:00,795.46,795.68,795.46,795.68,0.03,479.19,375619.9,1
2025-05-28,2025-05-28 14:02:00,795.68,795.9,795.68,795.9,0.03,479.19,375619.9,1
2025-05-28,2025-05-28 14:03:00,795.9,796.12,795.9,796.12,0.03,479.19,375619.9,1
2025-05-28,2025-05-28 14:04:00,796.12,796.34,796.12,796.34,0.03,479.19,375619.9,1
2025-05-28,2025-05-28 14:05:00,796.34,796.56,796.34,796.56,0.03,479.19,375619.9,1
2025-05-28,2025-05-28 14:06:00,796.56,796.78,796.56,796.78,0.03,479.19,375619.9,1
2025-05-28,2025-05-28 14:07:00,796.78,797.0,796.78,797.0,0.03,479.19,375619.9,1
2025-05-28,2025-05-28 14:08:00,797.0,797.22,797.0,797.22,0.03,479.19,375619.9,1
2025-05-28,2025-05-28 14:09:00,797.22,797.44,797.22,797.44,0.03,479.19,375619.9,1
2025-05-28,2025-05-28 14:10:00,797.44,797.66,797.44,797.66,0.03,479.19,375619.9,1
2025-05-28,2025-05-28 14:11:00,797.66,797.88,797.66,797.88,0.03,479.19,375619.9,1
2025-05-28,2025-05-28 14:12:00,797.88,798.1,797.88,798.1,0.03,479.19,375619.9,1
2025-05-28,2025-05-28 14:13:00,798.1,798.33,798.1,798.33,0.03,479.19,375619.9,1
2025-05-28,2025-05-28 14:14:00,798.33,798.55,798.33,798.55,0.03,479.19,375619.9,1
2025-05-28,2025-05-28 14:15:00,798.55,798.77,798.55,798.77,0.03,479.19,375619.9,1
2025-05-28,2025-05-28 14:16:00,798.77,798.99,798.77,798.99,0.03,479.19,375619.9,1
2025-05-28,2025-05-28 14:17:00,798.99,799.21,798.99,799.21,0.03,479.19,375619.9,1
2025-05-28,2025-05-28 14:18:00,799.21,799.43,799.21,799.43,0.03,479.19,375619.9,1
2025-05-28,2025-05-28 14:19:00,799.43,799.65,799.43,799.65,0.03,479.19,375619.9,1
2025-05-28,2025-05-28 14:20:00,799.65,799.87,799.65,799.87,0.03,479.19,375619.9,1
2025-05-28,2025-05-28 14:21:00,799.87,800.09,799.87,800.09,0.03,479.19,375619.9,1
2025-05-28,2025-05-28 14:22:00,800.09,800.31,800.09,800.31,0.03,479.19,375619.9,1
2025-05-28,2025-05-28 14:23:00,800.31,800.53,800.31,800.53,0.03,479.19,375619.9,1
2025-05-28,2025-05-28 14:24:00,800.53,800.75,800.53,800.75,0.03,479.19,375619.9,1
2025-05-28,2025-05-28 14:25:00,800.75,800.97,800.75,800.97,0.03,479.19,375619.9,1
2025-05-28,2025-05-28 14:26:00,800.97,801.2,800.97,801.2,0.03,479.19,375619.9,1
2025-05-28,2025-05-28 14:27:00,801.2,801.42,801.2,801.42,0.03,479.19,375619.9,1
2025-05-28,2025-05-28 14:28:00,801.42,801.64,801.42,801.64,0.03,479.19,375619.9,1
2025-05-28,2025-05-28 14:29:00,801.64,801.86,801.64,801.86,0.03,479.19,375619.9,1
2025-05-28,2025-05-28 14:30:00,801.86,802.08,801.86,802.08,0.03,479.19,375619.9,1
2025-05-28,2025-05-28 14:31:00,802.08,802.3,802.08,802.3,0.03,479.19,375619.9,1
2025-05-28,2025-05-28 14:32:00,802.3,802.52,802.3,802.52,0.03,479.19,375619.9,1
2025-05-28,2025-05-28 14:33:00,802.52,802.74,802.52,802.74,0.03,479.19,375619.9,1
2025-05-28,2025-05-28 14:34:00,802.74,802.96,802.74,802.96,0.03,479.19,375619.9,1
2025-05-28,2025-05-28 14:35:00,802.96,803.18,802.96,803.18,0.03,479.19,375619.9,1
2025-05-28,2025-05-28 14:36:00,803.18,803.4,803.18,803.4,0.03,479.19,375619.9,1
2025-05-28,2025-05-28 14:37:00,803.4,803.62,803.4,803.62,0.03,479.19,375619.9,1
2025-05-28,2025-05-28 14:38:00,803.62,803.84,803.62,803.84,0.03,479.19,375619.9,1
2025-05-28,2025-05-28 14:39:00,803.84,804.07,803.84,804.07,0.03,479.19,375619.9,1
2025-05-28,2025-05-28 14:40:00,804.07,804.29,804.07,804.29,0.03,479.19,375619.9,1
2025-05-28,2025-05-28 14:41:00,804.29,804.51,804.29,804.51,0.03,479.19,375619.9,1
2025-05-28,2025-05-28 14:42:00,804.51,804.73,804.51,804.73,0.03,479.19,375619.9,1
2025-05-28,2025-05-28 14:43:00,804.73,804.95,804.73,804.95,0.03,479.19,375619.9,1
2025-05-28,2025-05-28 14:44:00,804.95,805.17,804.95,805.17,0.03,479.19,375619.9,1
2025-05-28,2025-05-28 14:45:00,805.17,805.39,805.17,805.39,0.03,479.19,375619.9,1
2025-05-28,2025-05-28 14:46:00,805.39,805.61,805.39,805.61,0.03,479.19,375619.9,1
2025-05-28,2025-05-28 14:47:00,805.61,805.83,805.61,805.83,0.03,479.19,375619.9,1
2025-05-28,2025-05-28 14:48:00,805.83,806.05,805.83,806.05,0.03,479.19,375619.9,1
2025-05-28,2025-05-28 14:49:00,806.05,806.27,806.05,806.27,0.03,479.19,375619.9,1
2025-05-28,2025-05-28 14:50:00,806.27,806.49,806.27,806.49,0.03,479.19,375619.9,1
2025-05-28,2025-05-28 14:51:00,806.49,806.71,806.49,806.71,0.03,479.19,375619.9,1
2025-05-28,2025-05-28 14:52:00,806.71,806.93,806.71,806.93,0.03,479.19,375619.9,1
2025-05-28,2025-05-28 14:53:00,806.93,807.16,806.93,807.16,0.03,479.19,375619.9,1
2025-05-28,2025-05-28 14:54:00,807.16,807.38,807.16,807.38,0.03,479.19,375619.9,1
2025-05-28,2025-05-28 14:55:00,807.38,807.6,807.38,807.6,0.03,479.19,375619.9,1
2025-05-28,2025-05-28 14:56:00,807.6,807.82,807.6,807.82,0.03,479.19,375619.9,1
2025-05-28,2025-05-28 14:57:00,807.82,808.04,807.82,808.04,0.03,479.19,375619.9,1
2025-05-28,2025-05-28 14:58:00,808.04,808.26,808.04,808.26,0.03,479.19,375619.9,1
2025-05-28,2025-05-28 14:59:00,808.26,808.48,808.26,808.48,0.03,479.19,375619.9,1
2025-05-28,2025-05-28 15:00:00,808.48,814.7,751.0,808.48,0.0,479.19,375619.9,0
2025-06-02,2025-06-02 11:00:00,792.4,792.4,778.78,792.25,-0.02,283.54,214014.0,-1
2025-06-02,2025-06-02 11:01:00,792.25,792.25,792.1,792.1,-0.02,283.54,214014.0,-1
2025-06-02,2025-06-02 11:02:00,792.1,792.1,791.95,791.95,-0.02,283.54,214014.0,-1
2025-06-02,2025-06-02 11:03:00,791.95,791.95,791.8,791.8,-0.02,283.54,214014.0,-1
2025-06-02,2025-06-02 11:04:00,791.8,791.8,791.65,791.65,-0.02,283.54,214014.0,-1
2025-06-02,2025-06-02 11:05:00,791.65,791.65,791.5,791.5,-0.02,283.54,214014.0,-1
2025-06-02,2025-06-02 11:06:00,791.5,791.5,791.35,791.35,-0.02,283.54,214014.0,-1
2025-06-02,2025-06-02 11:07:00,791.35,791.35,791.2,791.2,-0.02,283.54,214014.0,-1
2025-06-02,2025-06-02 11:08:00,791.2,791.2,791.05,791.05,-0.02,283.54,214014.0,-1
2025-06-02,2025-06-02 11:09:00,791.05,791.05,790.9,790.9,-0.02,283.54,214014.0,-1
2025-06-02,2025-06-02 11:10:00,790.9,790.9,790.75,790.75,-0.02,283.54,214014.0,-1
2025-06-02,2025-06-02 11:11:00,790.75,790.75,790.6,790.6,-0.02,283.54,214014.0,-1
2025-06-02,2025-06-02 11:12:00,790.6,790.6,790.44,790.44,-0.02,283.54,214014.0,-1
2025-06-02,2025-06-02 11:13:00,790.44,790.44,790.29,790.29,-0.02,283.54,214014.0,-1
2025-06-02,2025-06-02 11:14:00,790.29,790.29,790.14,790.14,-0.02,283.54,214014.0,-1
2025-06-02,2025-06-02 11:15:00,790.14,790.14,789.99,789.99,-0.02,283.54,214014.0,-1
2025-06-02,2025-06-02 11:16:00,789.99,789.99,789.84,789.84,-0.02,283.54,214014.0,-1
2025-06-02,2025-06-02 11:17:00,789.84,789.84,789.69,789.69,-0.02,283.54,214014.0,-1
2025-06-02,2025-06-02 11:18:00,789.69,789.69,789.54,789.54,-0.02,283.54,214014.0,-1
2025-06-02,2025-06-02 11:19:00,789.54,789.54,789.39,789.39,-0.02,283.54,214014.0,-1
2025-06-02,2025-06-02 11:20:00,789.39,789.39,789.24,789.24,-0.02,283.54,214014.0,-1
2025-06-02,2025-06-02 11:21:00,789.24,789.24,789.09,789.09,-0.02,283.54,214014.0,-1
2025-06-02,2025-06-02 11:22:00,789.09,789.09,788.94,788.94,-0.02,283.54,214014.0,-1
2025-06-02,2025-06-02 11:23:00,788.94,788.94,788.79,788.79,-0.02,283.54,214014.0,-1
2025-06-02,2025-06-02 11:24:00,788.79,788.79,788.64,788.64,-0.02,283.54,214014.0,-1
2025-06-02,2025-06-02 11:25:00,788.64,788.64,788.49,788.49,-0.02,283.54,214014.0,-1
2025-06-02,2025-06-02 11:26:00,788.49,788.49,788.34,788.34,-0.02,283.54,214014.0,-1
2025-06-02,2025-06-02 11:27:00,788.34,788.34,788.19,788.19,-0.02,283.54,214014.0,-1
2025-06-02,2025-06-02 11:28:00,788.19,788.19,788.04,788.04,-0.02,283.54,214014.0,-1
2025-06-02,2025-06-02 11:29:00,788.04,788.04,787.89,787.89,-0.02,283.54,214014.0,-1
2025-06-02,2025-06-02 11:30:00,787.89,787.89,787.74,787.74,-0.02,283.54,214014.0,-1
2025-06-02,2025-06-02 11:31:00,787.74,787.74,787.59,787.59,-0.02,283.54,214014.0,-1
2025-06-02,2025-06-02 11:32:00,787.59,787.59,787.44,787.44,-0.02,283.54,214014.0,-1
2025-06-02,2025-06-02 11:33:00,787.44,787.44,787.29,787.29,-0.02,283.54,214014.0,-1
2025-06-02,2025-06-02 11:34:00,787.29,787.29,787.14,787.14,-0.02,283.54,214014.0,-1
2025-06-02,2025-06-02 11:35:00,787.14,787.14,786.99,786.99,-0.02,283.54,214014.0,-1
2025-06-02,2025-06-02 11:36:00,786.99,786.99,786.83,786.83,-0.02,283.54,214014.0,-1
2025-06-02,2025-06-02 11:37:00,786.83,786.83,786.68,786.68,-0.02,283.54,214014.0,-1
2025-06-02,2025-06-02 11:38:00,786.68,786.68,786.53,786.53,-0.02,283.54,214014.0,-1
2025-06-02,2025-06-02 11:39:00,786.53,786.53,786.38,786.38,-0.02,283.54,214014.0,-1
2025-06-02,2025-06-02 11:40:00,786.38,786.38,786.23,786.23,-0.02,283.54,214014.0,-1
2025-06-02,2025-06-02 11:41:00,786.23,786.23,786.08,786.08,-0.02,283.54,214014.0,-1
2025-06-02,2025-06-02 11:42:00,786.08,786.08,785.93,785.93,-0.02,283.54,214014.0,-1
2025-06-02,2025-06-02 11:43:00,785.93,785.93,785.78,785.78,-0.02,283.54,214014.0,-1
2025-06-02,2025-06-02 11:44:00,785.78,785.78,785.63,785.63,-0.02,283.54,214014.0,-1
2025-06-02,2025-06-02 11:45:00,785.63,785.63,785.48,785.48,-0.02,283.54,214014.0,-1
2025-06-02,2025-06-02 11:46:00,785.48,785.48,785.33,785.33,-0.02,283.54,214014.0,-1
2025-06-02,2025-06-02 11:47:00,785.33,785.33,785.18,785.18,-0.02,283.54,214014.0,-1
2025-06-02,2025-06-02 11:48:00,785.18,785.18,785.03,785.03,-0.02,283.54,214014.0,-1
2025-06-02,2025-06-02 11:49:00,785.03,785.03,784.88,784.88,-0.02,283.54,214014.0,-1
2025-06-02,2025-06-02 11:50:00,784.88,784.88,784.73,784.73,-0.02,283.54,214014.0,-1
2025-06-02,2025-06-02 11:51:00,784.73,784.73,784.58,784.58,-0.02,283.54,214014.0,-1
2025-06-02,2025-06-02 11:52:00,784.58,784.58,784.43,784.43,-0.02,283.54,214014.0,-1
2025-06-02,2025-06-02 11:53:00,784.43,784.43,784.28,784.28,-0.02,283.54,214014.0,-1
2025-06-02,2025-06-02 11:54:00,784.28,784.28,784.13,784.13,-0.02,283.54,214014.0,-1
2025-06-02,2025-06-02 11:55:00,784.13,784.13,783.98,783.98,-0.02,283.54,214014.0,-1
2025-06-02,2025-06-02 11:56:00,783.98,783.98,783.83,783.83,-0.02,283.54,214014.0,-1
2025-06-02,2025-06-02 11:57:00,783.83,783.83,783.68,783.68,-0.02,283.54,214014.0,-1
2025-06-02,2025-06-02 11:58:00,783.68,783.68,783.53,783.53,-0.02,283.54,214014.0,-1
2025-06-02,2025-06-02 11:59:00,783.53,783.53,783.38,783.38,-0.02,283.54,214014.0,-1
2025-06-02,2025-06-02 12:00:00,783.38,783.38,783.22,783.22,-0.02,283.54,214014.0,-1
2025-06-02,2025-06-02 12:01:00,783.22,783.22,783.07,783.07,-0.02,283.54,214014.0,-1
2025-06-02,2025-06-02 12:02:00,783.07,783.07,782.92,782.92,-0.02,283.54,214014.0,-1
2025-06-02,2025-06-02 12:03:00,782.92,782.92,782.77,782.77,-0.02,283.54,214014.0,-1
2025-06-02,2025-06-02 12:04:00,782.77,782.77,782.62,782.62,-0.02,283.54,214014.0,-1
2025-06-02,2025-06-02 12:05:00,782.62,782.62,782.47,782.47,-0.02,283.54,214014.0,-1
2025-06-02,2025-06-02 12:06:00,782.47,782.47,782.32,782.32,-0.02,283.54,214014.0,-1
2025-06-02,2025-06-02 12:07:00,782.32,782.32,782.17,782.17,-0.02,283.54,214014.0,-1
2025-06-02,2025-06-02 12:08:00,782.17,782.17,782.02,782.02,-0.02,283.54,214014.0,-1
2025-06-02,2025-06-02 12:09:00,782.02,782.02,781.87,781.87,-0.02,283.54,214014.0,-1
2025-06-02,2025-06-02 12:10:00,781.87,781.87,781.72,781.72,-0.02,283.54,214014.0,-1
2025-06-02,2025-06-02 12:11:00,781.72,781.72,781.57,781.57,-0.02,283.54,214014.0,-1
2025-06-02,2025-06-02 12:12:00,781.57,781.57,781.42,781.42,-0.02,283.54,214014.0,-1
2025-06-02,2025-06-02 12:13:00,781.42,781.42,781.27,781.27,-0.02,283.54,214014.0,-1
2025-06-02,2025-06-02 12:14:00,781.27,781.27,781.12,781.12,-0.02,283.54,214014.0,-1
2025-06-02,2025-06-02 12:15:00,781.12,781.12,780.97,780.97,-0.02,283.54,214014.0,-1
2025-06-02,2025-06-02 12:16:00,780.97,780.97,780.82,780.82,-0.02,283.54,214014.0,-1
2025-06-02,2025-06-02 12:17:00,780.82,780.82,780.67,780.67,-0.02,283.54,214014.0,-1
2025-06-02,2025-06-02 12:18:00,780.67,780.67,780.52,780.52,-0.02,283.54,214014.0,-1
2025-06-02,2025-06-02 12:19:00,780.52,780.52,780.37,780.37,-0.02,283.54,214014.0,-1
2025-06-02,2025-06-02 12:20:00,780.37,780.37,780.22,780.22,-0.02,283.54,214014.0,-1
2025-06-02,2025-06-02 12:21:00,780.22,780.22,780.07,780.07,-0.02,283.54,214014.0,-1
2025-06-02,2025-06-02 12:22:00,780.07,780.07,779.92,779.92,-0.02,283.54,214014.0,-1
2025-06-02,2025-06-02 12:23:00,779.92,779.92,779.76,779.76,-0.02,283.54,214014.0,-1
2025-06-02,2025-06-02 12:24:00,779.76,779.76,779.61,779.61,-0.02,283.54,214014.0,-1
2025-06-02,2025-06-02 12:25:00,779.61,779.61,779.46,779.46,-0.02,283.54,214014.0,-1
2025-06-02,2025-06-02 12:26:00,779.46,779.46,779.31,779.31,-0.02,283.54,214014.0,-1
2025-06-02,2025-06-02 12:27:00,779.31,779.31,779.16,779.16,-0.02,283.54,214014.0,-1
2025-06-02,2025-06-02 12:28:00,779.16,779.16,779.01,779.01,-0.02,283.54,214014.0,-1
2025-06-02,2025-06-02 12:29:00,779.01,779.01,778.86,778.86,-0.02,283.54,214014.0,-1
2025-06-02,2025-06-02 12:30:00,778.86,778.86,778.71,778.71,-0.02,283.54,214014.0,-1
2025-06-02,2025-06-02 12:31:00,778.71,778.71,778.56,778.56,-0.02,283.54,214014.0,-1
2025-06-02,2025-06-02 12:32:00,778.56,778.56,778.41,778.41,-0.02,283.54,214014.0,-1
2025-06-02,2025-06-02 12:33:00,778.41,778.41,778.26,778.26,-0.02,283.54,214014.0,-1
2025-06-02,2025-06-02 12:34:00,778.26,778.26,778.11,778.11,-0.02,283.54,214014.0,-1
2025-06-02,2025-06-02 12:35:00,778.11,778.11,777.96,777.96,-0.02,283.54,214014.0,-1
2025-06-02,2025-06-02 12:36:00,777.96,777.96,777.81,777.81,-0.02,283.54,214014.0,-1
2025-06-02,2025-06-02 12:37:00,777.81,777.81,777.66,777.66,-0.02,283.54,214014.0,-1
2025-06-02,2025-06-02 12:38:00,777.66,777.66,777.51,777.51,-0.02,283.54,214014.0,-1
2025-06-02,2025-06-02 12:39:00,777.51,777.51,777.36,777.36,-0.02,283.54,214014.0,-1
2025-06-02,2025-06-02 12:40:00,777.36,777.36,777.21,777.21,-0.02,283.54,214014.0,-1
2025-06-02,2025-06-02 12:41:00,777.21,777.21,777.06,777.06,-0.02,283.54,214014.0,-1
2025-06-02,2025-06-02 12:42:00,777.06,777.06,776.91,776.91,-0.02,283.54,214014.0,-1
2025-06-02,2025-06-02 12:43:00,776.91,776.91,776.76,776.76,-0.02,283.54,214014.0,-1
2025-06-02,2025-06-02 12:44:00,776.76,776.76,776.61,776.61,-0.02,283.54,214014.0,-1
2025-06-02,2025-06-02 12:45:00,776.61,776.61,776.46,776.46,-0.02,283.54,214014.0,-1
2025-06-02,2025-06-02 12:46:00,776.46,776.46,776.31,776.31,-0.02,283.54,214014.0,-1
2025-06-02,2025-06-02 12:47:00,776.31,776.31,776.15,776.15,-0.02,283.54,214014.0,-1
2025-06-02,2025-06-02 12:48:00,776.15,776.15,776.0,776.0,-0.02,283.54,214014.0,-1
2025-06-02,2025-06-02 12:49:00,776.0,776.0,775.85,775.85,-0.02,283.54,214014.0,-1
2025-06-02,2025-06-02 12:50:00,775.85,775.85,775.7,775.7,-0.02,283.54,214014.0,-1
2025-06-02,2025-06-02 12:51:00,775.7,775.7,775.55,775.55,-0.02,283.54,214014.0,-1
2025-06-02,2025-06-02 12:52:00,775.55,775.55,775.4,775.4,-0.02,283.54,214014.0,-1
2025-06-02,2025-06-02 12:53:00,775.4,775.4,775.25,775.25,-0.02,283.54,214014.0,-1
2025-06-02,2025-06-02 12:54:00,775.25,775.25,775.1,775.1,-0.02,283.54,214014.0,-1
2025-06-02,2025-06-02 12:55:00,775.1,775.1,774.95,774.95,-0.02,283.54,214014.0,-1
2025-06-02,2025-06-02 12:56:00,774.95,774.95,774.8,774.8,-0.02,283.54,214014.0,-1
2025-06-02,2025-06-02 12:57:00,774.8,774.8,774.65,774.65,-0.02,283.54,214014.0,-1
2025-06-02,2025-06-02 12:58:00,774.65,774.65,774.5,774.5,-0.02,283.54,214014.0,-1
2025-06-02,2025-06-02 12:59:00,774.5,774.5,774.35,774.35,-0.02,283.54,214014.0,-1
2025-06-02,2025-06-02 13:00:00,774.35,792.4,747.0,774.2,-0.02,283.54,214014.0,-1
2025-06-02,2025-06-02 13:01:00,774.2,774.2,774.05,774.05,-0.02,283.54,214014.0,-1
2025-06-02,2025-06-02 13:02:00,774.05,774.05,773.9,773.9,-0.02,283.54,214014.0,-1
2025-06-02,2025-06-02 13:03:00,773.9,773.9,773.75,773.75,-0.02,283.54,214014.0,-1
2025-06-02,2025-06-02 13:04:00,773.75,773.75,773.6,773.6,-0.02,283.54,214014.0,-1
2025-06-02,2025-06-02 13:05:00,773.6,773.6,773.45,773.45,-0.02,283.54,214014.0,-1
2025-06-02,2025-06-02 13:06:00,773.45,773.45,773.3,773.3,-0.02,283.54,214014.0,-1
2025-06-02,2025-06-02 13:07:00,773.3,773.3,773.15,773.15,-0.02,283.54,214014.0,-1
2025-06-02,2025-06-02 13:08:00,773.15,773.15,773.0,773.0,-0.02,283.54,214014.0,-1
2025-06-02,2025-06-02 13:09:00,773.0,773.0,772.85,772.85,-0.02,283.54,214014.0,-1
2025-06-02,2025-06-02 13:10:00,772.85,772.85,772.7,772.7,-0.02,283.54,214014.0,-1
2025-06-02,2025-06-02 13:11:00,772.7,772.7,772.54,772.54,-0.02,283.54,214014.0,-1
2025-06-02,2025-06-02 13:12:00,772.54,772.54,772.39,772.39,-0.02,283.54,214014.0,-1
2025-06-02,2025-06-02 13:13:00,772.39,772.39,772.24,772.24,-0.02,283.54,214014.0,-1
2025-06-02,2025-06-02 13:14:00,772.24,772.24,772.09,772.09,-0.02,283.54,214014.0,-1
2025-06-02,2025-06-02 13:15:00,772.09,772.09,771.94,771.94,-0.02,283.54,214014.0,-1
2025-06-02,2025-06-02 13:16:00,771.94,771.94,771.79,771.79,-0.02,283.54,214014.0,-1
2025-06-02,2025-06-02 13:17:00,771.79,771.79,771.64,771.64,-0.02,283.54,214014.0,-1
2025-06-02,2025-06-02 13:18:00,771.64,771.64,771.49,771.49,-0.02,283.54,214014.0,-1
2025-06-02,2025-06-02 13:19:00,771.49,771.49,771.34,771.34,-0.02,283.54,214014.0,-1
2025-06-02,2025-06-02 13:20:00,771.34,771.34,771.19,771.19,-0.02,283.54,214014.0,-1
2025-06-02,2025-06-02 13:21:00,771.19,771.19,771.04,771.04,-0.02,283.54,214014.0,-1
2025-06-02,2025-06-02 13:22:00,771.04,771.04,770.89,770.89,-0.02,283.54,214014.0,-1
2025-06-02,2025-06-02 13:23:00,770.89,770.89,770.74,770.74,-0.02,283.54,214014.0,-1
2025-06-02,2025-06-02 13:24:00,770.74,770.74,770.59,770.59,-0.02,283.54,214014.0,-1
2025-06-02,2025-06-02 13:25:00,770.59,770.59,770.44,770.44,-0.02,283.54,214014.0,-1
2025-06-02,2025-06-02 13:26:00,770.44,770.44,770.29,770.29,-0.02,283.54,214014.0,-1
2025-06-02,2025-06-02 13:27:00,770.29,770.29,770.14,770.14,-0.02,283.54,214014.0,-1
2025-06-02,2025-06-02 13:28:00,770.14,770.14,769.99,769.99,-0.02,283.54,214014.0,-1
2025-06-02,2025-06-02 13:29:00,769.99,769.99,769.84,769.84,-0.02,283.54,214014.0,-1
2025-06-02,2025-06-02 13:30:00,769.84,769.84,769.69,769.69,-0.02,283.54,214014.0,-1
2025-06-02,2025-06-02 13:31:00,769.69,769.69,769.54,769.54,-0.02,283.54,214014.0,-1
2025-06-02,2025-06-02 13:32:00,769.54,769.54,769.39,769.39,-0.02,283.54,214014.0,-1
2025-06-02,2025-06-02 13:33:00,769.39,769.39,769.24,769.24,-0.02,283.54,214014.0,-1
2025-06-02,2025-06-02 13:34:00,769.24,769.24,769.09,769.09,-0.02,283.54,214014.0,-1
2025-06-02,2025-06-02 13:35:00,769.09,769.09,768.93,768.93,-0.02,283.54,214014.0,-1
2025-06-02,2025-06-02 13:36:00,768.93,768.93,768.78,768.78,-0.02,283.54,214014.0,-1
2025-06-02,2025-06-02 13:37:00,768.78,768.78,768.63,768.63,-0.02,283.54,214014.0,-1
2025-06-02,2025-06-02 13:38:00,768.63,768.63,768.48,768.48,-0.02,283.54,214014.0,-1
2025-06-02,2025-06-02 13:39:00,768.48,768.48,768.33,768.33,-0.02,283.54,214014.0,-1
2025-06-02,2025-06-02 13:40:00,768.33,768.33,768.18,768.18,-0.02,283.54,214014.0,-1
2025-06-02,2025-06-02 13:41:00,768.18,768.18,768.03,768.03,-0.02,283.54,214014.0,-1
2025-06-02,2025-06-02 13:42:00,768.03,768.03,767.88,767.88,-0.02,283.54,214014.0,-1
2025-06-02,2025-06-02 13:43:00,767.88,767.88,767.73,767.73,-0.02,283.54,214014.0,-1
2025-06-02,2025-06-02 13:44:00,767.73,767.73,767.58,767.58,-0.02,283.54,214014.0,-1
2025-06-02,2025-06-02 13:45:00,767.58,767.58,767.43,767.43,-0.02,283.54,214014.0,-1
2025-06-02,2025-06-02 13:46:00,767.43,767.43,767.28,767.28,-0.02,283.54,214014.0,-1
2025-06-02,2025-06-02 13:47:00,767.28,767.28,767.13,767.13,-0.02,283.54,214014.0,-1
2025-06-02,2025-06-02 13:48:00,767.13,767.13,766.98,766.98,-0.02,283.54,214014.0,-1
2025-06-02,2025-06-02 13:49:00,766.98,766.98,766.83,766.83,-0.02,283.54,214014.0,-1
2025-06-02,2025-06-02 13:50:00,766.83,766.83,766.68,766.68,-0.02,283.54,214014.0,-1
2025-06-02,2025-06-02 13:51:00,766.68,766.68,766.53,766.53,-0.02,283.54,214014.0,-1
2025-06-02,2025-06-02 13:52:00,766.53,766.53,766.38,766.38,-0.02,283.54,214014.0,-1
2025-06-02,2025-06-02 13:53:00,766.38,766.38,766.23,766.23,-0.02,283.54,214014.0,-1
2025-06-02,2025-06-02 13:54:00,766.23,766.23,766.08,766.08,-0.02,283.54,214014.0,-1
2025-06-02,2025-06-02 13:55:00,766.08,766.08,765.93,765.93,-0.02,283.54,214014.0,-1
2025-06-02,2025-06-02 13:56:00,765.93,765.93,765.78,765.78,-0.02,283.54,214014.0,-1
2025-06-02,2025-06-02 13:57:00,765.78,765.78,765.63,765.63,-0.02,283.54,214014.0,-1
2025-06-02,2025-06-02 13:58:00,765.63,765.63,765.48,765.48,-0.02,283.54,214014.0,-1
2025-06-02,2025-06-02 13:59:00,765.48,765.48,765.32,765.32,-0.02,283.54,214014.0,-1
2025-06-02,2025-06-02 14:00:00,765.32,765.32,765.17,765.17,-0.02,283.54,214014.0,-1
2025-06-02,2025-06-02 14:01:00,765.17,765.17,765.02,765.02,-0.02,283.54,214014.0,-1
2025-06-02,2025-06-02 14:02:00,765.02,765.02,764.87,764.87,-0.02,283.54,214014.0,-1
2025-06-02,2025-06-02 14:03:00,764.87,764.87,764.72,764.72,-0.02,283.54,214014.0,-1
2025-06-02,2025-06-02 14:04:00,764.72,764.72,764.57,764.57,-0.02,283.54,214014.0,-1
2025-06-02,2025-06-02 14:05:00,764.57,764.57,764.42,764.42,-0.02,283.54,214014.0,-1
2025-06-02,2025-06-02 14:06:00,764.42,764.42,764.27,764.27,-0.02,283.54,214014.0,-1
2025-06-02,2025-06-02 14:07:00,764.27,764.27,764.12,764.12,-0.02,283.54,214014.0,-1
2025-06-02,2025-06-02 14:08:00,764.12,764.12,763.97,763.97,-0.02,283.54,214014.0,-1
2025-06-02,2025-06-02 14:09:00,763.97,763.97,763.82,763.82,-0.02,283.54,214014.0,-1
2025-06-02,2025-06-02 14:10:00,763.82,763.82,763.67,763.67,-0.02,283.54,214014.0,-1
2025-06-02,2025-06-02 14:11:00,763.67,763.67,763.52,763.52,-0.02,283.54,214014.0,-1
2025-06-02,2025-06-02 14:12:00,763.52,763.52,763.37,763.37,-0.02,283.54,214014.0,-1
2025-06-02,2025-06-02 14:13:00,763.37,763.37,763.22,763.22,-0.02,283.54,214014.0,-1
2025-06-02,2025-06-02 14:14:00,763.22,763.22,763.07,763.07,-0.02,283.54,214014.0,-1
2025-06-02,2025-06-02 14:15:00,763.07,763.07,762.92,762.92,-0.02,283.54,214014.0,-1
2025-06-02,2025-06-02 14:16:00,762.92,762.92,762.77,762.77,-0.02,283.54,214014.0,-1
2025-06-02,2025-06-02 14:17:00,762.77,762.77,762.62,762.62,-0.02,283.54,214014.0,-1
2025-06-02,2025-06-02 14:18:00,762.62,762.62,762.47,762.47,-0.02,283.54,214014.0,-1
2025-06-02,2025-06-02 14:19:00,762.47,762.47,762.32,762.32,-0.02,283.54,214014.0,-1
2025-06-02,2025-06-02 14:20:00,762.32,762.32,762.17,762.17,-0.02,283.54,214014.0,-1
2025-06-02,2025-06-02 14:21:00,762.17,762.17,762.02,762.02,-0.02,283.54,214014.0,-1
2025-06-02,2025-06-02 14:22:00,762.02,762.02,761.87,761.87,-0.02,283.54,214014.0,-1
2025-06-02,2025-06-02 14:23:00,761.87,761.87,761.71,761.71,-0.02,283.54,214014.0,-1
2025-06-02,2025-06-02 14:24:00,761.71,761.71,761.56,761.56,-0.02,283.54,214014.0,-1
2025-06-02,2025-06-02 14:25:00,761.56,761.56,761.41,761.41,-0.02,283.54,214014.0,-1
2025-06-02,2025-06-02 14:26:00,761.41,761.41,761.26,761.26,-0.02,283.54,214014.0,-1
2025-06-02,2025-06-02 14:27:00,761.26,761.26,761.11,761.11,-0.02,283.54,214014.0,-1
2025-06-02,2025-06-02 14:28:00,761.11,761.11,760.96,760.96,-0.02,283.54,214014.0,-1
2025-06-02,2025-06-02 14:29:00,760.96,760.96,760.81,760.81,-0.02,283.54,214014.0,-1
2025-06-02,2025-06-02 14:30:00,760.81,760.81,760.66,760.66,-0.02,283.54,214014.0,-1
2025-06-02,2025-06-02 14:31:00,760.66,760.66,760.51,760.51,-0.02,283.54,214014.0,-1
2025-06-02,2025-06-02 14:32:00,760.51,760.51,760.36,760.36,-0.02,283.54,214014.0,-1
2025-06-02,2025-06-02 14:33:00,760.36,760.36,760.21,760.21,-0.02,283.54,214014.0,-1
2025-06-02,2025-06-02 14:34:00,760.21,760.21,760.06,760.06,-0.02,283.54,214014.0,-1
2025-06-02,2025-06-02 14:35:00,760.06,760.06,759.91,759.91,-0.02,283.54,214014.0,-1
2025-06-02,2025-06-02 14:36:00,759.91,759.91,759.76,759.76,-0.02,283.54,214014.0,-1
2025-06-02,2025-06-02 14:37:00,759.76,759.76,759.61,759.61,-0.02,283.54,214014.0,-1
2025-06-02,2025-06-02 14:38:00,759.61,759.61,759.46,759.46,-0.02,283.54,214014.0,-1
2025-06-02,2025-06-02 14:39:00,759.46,759.46,759.31,759.31,-0.02,283.54,214014.0,-1
2025-06-02,2025-06-02 14:40:00,759.31,759.31,759.16,759.16,-0.02,283.54,214014.0,-1
2025-06-02,2025-06-02 14:41:00,759.16,759.16,759.01,759.01,-0.02,283.54,214014.0,-1
2025-06-02,2025-06-02 14:42:00,759.01,759.01,758.86,758.86,-0.02,283.54,214014.0,-1
2025-06-02,2025-06-02 14:43:00,758.86,758.86,758.71,758.71,-0.02,283.54,214014.0,-1
2025-06-02,2025-06-02 14:44:00,758.71,758.71,758.56,758.56,-0.02,283.54,214014.0,-1
2025-06-02,2025-06-02 14:45:00,758.56,758.56,758.41,758.41,-0.02,283.54,214014.0,-1
2025-06-02,2025-06-02 14:46:00,758.41,758.41,758.26,758.26,-0.02,283.54,214014.0,-1
2025-06-02,2025-06-02 14:47:00,758.26,758.26,758.1,758.1,-0.02,283.54,214014.0,-1
2025-06-02,2025-06-02 14:48:00,758.1,758.1,757.95,757.95,-0.02,283.54,214014.0,-1
2025-06-02,2025-06-02 14:49:00,757.95,757.95,757.8,757.8,-0.02,283.54,214014.0,-1
2025-06-02,2025-06-02 14:50:00,757.8,757.8,757.65,757.65,-0.02,283.54,214014.0,-1
2025-06-02,2025-06-02 14:51:00,757.65,757.65,757.5,757.5,-0.02,283.54,214014.0,-1
2025-06-02,2025-06-02 14:52:00,757.5,757.5,757.35,757.35,-0.02,283.54,214014.0,-1
2025-06-02,2025-06-02 14:53:00,757.35,757.35,757.2,757.2,-0.02,283.54,214014.0,-1
2025-06-02,2025-06-02 14:54:00,757.2,757.2,757.05,757.05,-0.02,283.54,214014.0,-1
2025-06-02,2025-06-02 14:55:00,757.05,757.05,756.9,756.9,-0.02,283.54,214014.0,-1
2025-06-02,2025-06-02 14:56:00,756.9,756.9,756.75,756.75,-0.02,283.54,214014.0,-1
2025-06-02,2025-06-02 14:57:00,756.75,756.75,756.6,756.6,-0.02,283.54,214014.0,-1
2025-06-02,2025-06-02 14:58:00,756.6,756.6,756.45,756.45,-0.02,283.54,214014.0,-1
2025-06-02,2025-06-02 14:59:00,756.45,756.45,756.3,756.3,-0.02,283.54,214014.0,-1
2025-06-02,2025-06-02 15:00:00,756.3,792.4,747.0,756.3,0.0,283.54,214014.0,0
2025-06-03,2025-06-03 11:00:00,741.3,745.11,737.01,741.3,0.0,49.16,36440.88,0
2025-06-03,2025-06-03 11:01:00,741.3,741.31,741.3,741.31,0.0,49.16,36440.88,1
2025-06-03,2025-06-03 11:02:00,741.31,741.31,741.31,741.31,0.0,49.16,36440.88,0
2025-06-03,2025-06-03 11:03:00,741.31,741.32,741.31,741.32,0.0,49.16,36440.88,1
2025-06-03,2025-06-03 11:04:00,741.32,741.32,741.32,741.32,0.0,49.16,36440.88,0
2025-06-03,2025-06-03 11:05:00,741.32,741.33,741.32,741.33,0.0,49.16,36440.88,1
2025-06-03,2025-06-03 11:06:00,741.33,741.33,741.33,741.33,0.0,49.16,36440.88,0
2025-06-03,2025-06-03 11:07:00,741.33,741.34,741.33,741.34,0.0,49.16,36440.88,1
2025-06-03,2025-06-03 11:08:00,741.34,741.34,741.34,741.34,0.0,49.16,36440.88,0
2025-06-03,2025-06-03 11:09:00,741.34,741.34,741.34,741.34,0.0,49.16,36440.88,0
2025-06-03,2025-06-03 11:10:00,741.34,741.35,741.34,741.35,0.0,49.16,36440.88,1
2025-06-03,2025-06-03 11:11:00,741.35,741.35,741.35,741.35,0.0,49.16,36440.88,0
2025-06-03,2025-06-03 11:12:00,741.35,741.36,741.35,741.36,0.0,49.16,36440.88,1
2025-06-03,2025-06-03 11:13:00,741.36,741.36,741.36,741.36,0.0,49.16,36440.88,0
2025-06-03,2025-06-03 11:14:00,741.36,741.37,741.36,741.37,0.0,49.16,36440.88,1
2025-06-03,2025-06-03 11:15:00,741.37,741.37,741.37,741.37,0.0,49.16,36440.88,0
2025-06-03,2025-06-03 11:16:00,741.37,741.38,741.37,741.38,0.0,49.16,36440.88,1
2025-06-03,2025-06-03 11:17:00,741.38,741.38,741.38,741.38,0.0,49.16,36440.88,0
2025-06-03,2025-06-03 11:18:00,741.38,741.38,741.38,741.38,0.0,49.16,36440.88,0
2025-06-03,2025-06-03 11:19:00,741.38,741.39,741.38,741.39,0.0,49.16,36440.88,1
2025-06-03,2025-06-03 11:20:00,741.39,741.39,741.39,741.39,0.0,49.16,36440.88,0
2025-06-03,2025-06-03 11:21:00,741.39,741.4,741.39,741.4,0.0,49.16,36440.88,1
2025-06-03,2025-06-03 11:22:00,741.4,741.4,741.4,741.4,0.0,49.16,36440.88,0
2025-06-03,2025-06-03 11:23:00,741.4,741.41,741.4,741.41,0.0,49.16,36440.88,1
2025-06-03,2025-06-03 11:24:00,741.41,741.41,741.41,741.41,0.0,49.16,36440.88,0
2025-06-03,2025-06-03 11:25:00,741.41,741.41,741.41,741.41,0.0,49.16,36440.88,0
2025-06-03,2025-06-03 11:26:00,741.41,741.42,741.41,741.42,0.0,49.16,36440.88,1
2025-06-03,2025-06-03 11:27:00,741.42,741.42,741.42,741.42,0.0,49.16,36440.88,0
2025-06-03,2025-06-03 11:28:00,741.42,741.43,741.42,741.43,0.0,49.16,36440.88,1
2025-06-03,2025-06-03 11:29:00,741.43,741.43,741.43,741.43,0.0,49.16,36440.88,0
2025-06-03,2025-06-03 11:30:00,741.43,741.44,741.43,741.44,0.0,49.16,36440.88,1
2025-06-03,2025-06-03 11:31:00,741.44,741.44,741.44,741.44,0.0,49.16,36440.88,0
2025-06-03,2025-06-03 11:32:00,741.44,741.45,741.44,741.45,0.0,49.16,36440.88,1
2025-06-03,2025-06-03 11:33:00,741.45,741.45,741.45,741.45,0.0,49.16,36440.88,0
2025-06-03,2025-06-03 11:34:00,741.45,741.45,741.45,741.45,0.0,49.16,36440.88,0
2025-06-03,2025-06-03 11:35:00,741.45,741.46,741.45,741.46,0.0,49.16,36440.88,1
2025-06-03,2025-06-03 11:36:00,741.46,741.46,741.46,741.46,0.0,49.16,36440.88,0
2025-06-03,2025-06-03 11:37:00,741.46,741.47,741.46,741.47,0.0,49.16,36440.88,1
2025-06-03,2025-06-03 11:38:00,741.47,741.47,741.47,741.47,0.0,49.16,36440.88,0
2025-06-03,2025-06-03 11:39:00,741.47,741.48,741.47,741.48,0.0,49.16,36440.88,1
2025-06-03,2025-06-03 11:40:00,741.48,741.48,741.48,741.48,0.0,49.16,36440.88,0
2025-06-03,2025-06-03 11:41:00,741.48,741.49,741.48,741.49,0.0,49.16,36440.88,1
2025-06-03,2025-06-03 11:42:00,741.49,741.49,741.49,741.49,0.0,49.16,36440.88,0
2025-06-03,2025-06-03 11:43:00,741.49,741.49,741.49,741.49,0.0,49.16,36440.88,0
2025-06-03,2025-06-03 11:44:00,741.49,741.5,741.49,741.5,0.0,49.16,36440.88,1
2025-06-03,2025-06-03 11:45:00,741.5,741.5,741.5,741.5,0.0,49.16,36440.88,0
2025-06-03,2025-06-03 11:46:00,741.5,741.51,741.5,741.51,0.0,49.16,36440.88,1
2025-06-03,2025-06-03 11:47:00,741.51,741.51,741.51,741.51,0.0,49.16,36440.88,0
2025-06-03,2025-06-03 11:48:00,741.51,741.52,741.51,741.52,0.0,49.16,36440.88,1
2025-06-03,2025-06-03 11:49:00,741.52,741.52,741.52,741.52,0.0,49.16,36440.88,0
2025-06-03,2025-06-03 11:50:00,741.52,741.53,741.52,741.53,0.0,49.16,36440.88,1
2025-06-03,2025-06-03 11:51:00,741.53,741.53,741.53,741.53,0.0,49.16,36440.88,0
2025-06-03,2025-06-03 11:52:00,741.53,741.53,741.53,741.53,0.0,49.16,36440.88,0
2025-06-03,2025-06-03 11:53:00,741.53,741.54,741.53,741.54,0.0,49.16,36440.88,1
2025-06-03,2025-06-03 11:54:00,741.54,741.54,741.54,741.54,0.0,49.16,36440.88,0
2025-06-03,2025-06-03 11:55:00,741.54,741.55,741.54,741.55,0.0,49.16,36440.88,1
2025-06-03,2025-06-03 11:56:00,741.55,741.55,741.55,741.55,0.0,49.16,36440.88,0
2025-06-03,2025-06-03 11:57:00,741.55,741.56,741.55,741.56,0.0,49.16,36440.88,1
2025-06-03,2025-06-03 11:58:00,741.56,741.56,741.56,741.56,0.0,49.16,36440.88,0
2025-06-03,2025-06-03 11:59:00,741.56,741.56,741.56,741.56,0.0,49.16,36440.88,0
2025-06-03,2025-06-03 12:00:00,741.56,741.57,741.56,741.57,0.0,49.16,36440.88,1
2025-06-03,2025-06-03 12:01:00,741.57,741.57,741.57,741.57,0.0,49.16,36440.88,0
2025-06-03,2025-06-03 12:02:00,741.57,741.58,741.57,741.58,0.0,49.16,36440.88,1
2025-06-03,2025-06-03 12:03:00,741.58,741.58,741.58,741.58,0.0,49.16,36440.88,0
2025-06-03,2025-06-03 12:04:00,741.58,741.59,741.58,741.59,0.0,49.16,36440.88,1
2025-06-03,2025-06-03 12:05:00,741.59,741.59,741.59,741.59,0.0,49.16,36440.88,0
2025-06-03,2025-06-03 12:06:00,741.59,741.6,741.59,741.6,0.0,49.16,36440.88,1
2025-06-03,2025-06-03 12:07:00,741.6,741.6,741.6,741.6,0.0,49.16,36440.88,0
2025-06-03,2025-06-03 12:08:00,741.6,741.6,741.6,741.6,0.0,49.16,36440.88,0
2025-06-03,2025-06-03 12:09:00,741.6,741.61,741.6,741.61,0.0,49.16,36440.88,1
2025-06-03,2025-06-03 12:10:00,741.61,741.61,741.61,741.61,0.0,49.16,36440.88,0
2025-06-03,2025-06-03 12:11:00,741.61,741.62,741.61,741.62,0.0,49.16,36440.88,1
2025-06-03,2025-06-03 12:12:00,741.62,741.62,741.62,741.62,0.0,49.16,36440.88,0
2025-06-03,2025-06-03 12:13:00,741.62,741.63,741.62,741.63,0.0,49.16,36440.88,1
2025-06-03,2025-06-03 12:14:00,741.63,741.63,741.63,741.63,0.0,49.16,36440.88,0
2025-06-03,2025-06-03 12:15:00,741.63,741.64,741.63,741.64,0.0,49.16,36440.88,1
2025-06-03,2025-06-03 12:16:00,741.64,741.64,741.64,741.64,0.0,49.16,36440.88,0
2025-06-03,2025-06-03 12:17:00,741.64,741.64,741.64,741.64,0.0,49.16,36440.88,0
2025-06-03,2025-06-03 12:18:00,741.64,741.65,741.64,741.65,0.0,49.16,36440.88,1
2025-06-03,2025-06-03 12:19:00,741.65,741.65,741.65,741.65,0.0,49.16,36440.88,0
2025-06-03,2025-06-03 12:20:00,741.65,741.66,741.65,741.66,0.0,49.16,36440.88,1
2025-06-03,2025-06-03 12:21:00,741.66,741.66,741.66,741.66,0.0,49.16,36440.88,0
2025-06-03,2025-06-03 12:22:00,741.66,741.67,741.66,741.67,0.0,49.16,36440.88,1
2025-06-03,2025-06-03 12:23:00,741.67,741.67,741.67,741.67,0.0,49.16,36440.88,0
2025-06-03,2025-06-03 12:24:00,741.67,741.68,741.67,741.68,0.0,49.16,36440.88,1
2025-06-03,2025-06-03 12:25:00,741.68,741.68,741.68,741.68,0.0,49.16,36440.88,0
2025-06-03,2025-06-03 12:26:00,741.68,741.68,741.68,741.68,0.0,49.16,36440.88,0
2025-06-03,2025-06-03 12:27:00,741.68,741.69,741.68,741.69,0.0,49.16,36440.88,1
2025-06-03,2025-06-03 12:28:00,741.69,741.69,741.69,741.69,0.0,49.16,36440.88,0
2025-06-03,2025-06-03 12:29:00,741.69,741.7,741.69,741.7,0.0,49.16,36440.88,1
2025-06-03,2025-06-03 12:30:00,741.7,741.7,741.7,741.7,0.0,49.16,36440.88,0
2025-06-03,2025-06-03 12:31:00,741.7,741.71,741.7,741.71,0.0,49.16,36440.88,1
2025-06-03,2025-06-03 12:32:00,741.71,741.71,741.71,741.71,0.0,49.16,36440.88,0
2025-06-03,2025-06-03 12:33:00,741.71,741.72,741.71,741.72,0.0,49.16,36440.88,1
2025-06-03,2025-06-03 12:34:00,741.72,741.72,741.72,741.72,0.0,49.16,36440.88,0
2025-06-03,2025-06-03 12:35:00,741.72,741.72,741.72,741.72,0.0,49.16,36440.88,0
2025-06-03,2025-06-03 12:36:00,741.72,741.73,741.72,741.73,0.0,49.16,36440.88,1
2025-06-03,2025-06-03 12:37:00,741.73,741.73,741.73,741.73,0.0,49.16,36440.88,0
2025-06-03,2025-06-03 12:38:00,741.73,741.74,741.73,741.74,0.0,49.16,36440.88,1
2025-06-03,2025-06-03 12:39:00,741.74,741.74,741.74,741.74,0.0,49.16,36440.88,0
2025-06-03,2025-06-03 12:40:00,741.74,741.75,741.74,741.75,0.0,49.16,36440.88,1
2025-06-03,2025-06-03 12:41:00,741.75,741.75,741.75,741.75,0.0,49.16,36440.88,0
2025-06-03,2025-06-03 12:42:00,741.75,741.75,741.75,741.75,0.0,49.16,36440.88,0
2025-06-03,2025-06-03 12:43:00,741.75,741.76,741.75,741.76,0.0,49.16,36440.88,1
2025-06-03,2025-06-03 12:44:00,741.76,741.76,741.76,741.76,0.0,49.16,36440.88,0
2025-06-03,2025-06-03 12:45:00,741.76,741.77,741.76,741.77,0.0,49.16,36440.88,1
2025-06-03,2025-06-03 12:46:00,741.77,741.77,741.77,741.77,0.0,49.16,36440.88,0
2025-06-03,2025-06-03 12:47:00,741.77,741.78,741.77,741.78,0.0,49.16,36440.88,1
2025-06-03,2025-06-03 12:48:00,741.78,741.78,741.78,741.78,0.0,49.16,36440.88,0
2025-06-03,2025-06-03 12:49:00,741.78,741.79,741.78,741.79,0.0,49.16,36440.88,1
2025-06-03,2025-06-03 12:50:00,741.79,741.79,741.79,741.79,0.0,49.16,36440.88,0
2025-06-03,2025-06-03 12:51:00,741.79,741.79,741.79,741.79,0.0,49.16,36440.88,0
2025-06-03,2025-06-03 12:52:00,741.79,741.8,741.79,741.8,0.0,49.16,36440.88,1
2025-06-03,2025-06-03 12:53:00,741.8,741.8,741.8,741.8,0.0,49.16,36440.88,0
2025-06-03,2025-06-03 12:54:00,741.8,741.81,741.8,741.81,0.0,49.16,36440.88,1
2025-06-03,2025-06-03 12:55:00,741.81,741.81,741.81,741.81,0.0,49.16,36440.88,0
2025-06-03,2025-06-03 12:56:00,741.81,741.82,741.81,741.82,0.0,49.16,36440.88,1
2025-06-03,2025-06-03 12:57:00,741.82,741.82,741.82,741.82,0.0,49.16,36440.88,0
2025-06-03,2025-06-03 12:58:00,741.82,741.83,741.82,741.83,0.0,49.16,36440.88,1
2025-06-03,2025-06-03 12:59:00,741.83,741.83,741.83,741.83,0.0,49.16,36440.88,0
2025-06-03,2025-06-03 13:00:00,741.83,754.0,727.0,741.83,0.0,49.16,36440.88,0
2025-06-03,2025-06-03 13:01:00,741.83,741.84,741.83,741.84,0.0,49.16,36440.88,1
2025-06-03,2025-06-03 13:02:00,741.84,741.84,741.84,741.84,0.0,49.16,36440.88,0
2025-06-03,2025-06-03 13:03:00,741.84,741.85,741.84,741.85,0.0,49.16,36440.88,1
2025-06-03,2025-06-03 13:04:00,741.85,741.85,741.85,741.85,0.0,49.16,36440.88,0
2025-06-03,2025-06-03 13:05:00,741.85,741.86,741.85,741.86,0.0,49.16,36440.88,1
2025-06-03,2025-06-03 13:06:00,741.86,741.86,741.86,741.86,0.0,49.16,36440.88,0
2025-06-03,2025-06-03 13:07:00,741.86,741.87,741.86,741.87,0.0,49.16,36440.88,1
2025-06-03,2025-06-03 13:08:00,741.87,741.87,741.87,741.87,0.0,49.16,36440.88,0
2025-06-03,2025-06-03 13:09:00,741.87,741.87,741.87,741.87,0.0,49.16,36440.88,0
2025-06-03,2025-06-03 13:10:00,741.87,741.88,741.87,741.88,0.0,49.16,36440.88,1
2025-06-03,2025-06-03 13:11:00,741.88,741.88,741.88,741.88,0.0,49.16,36440.88,0
2025-06-03,2025-06-03 13:12:00,741.88,741.89,741.88,741.89,0.0,49.16,36440.88,1
2025-06-03,2025-06-03 13:13:00,741.89,741.89,741.89,741.89,0.0,49.16,36440.88,0
2025-06-03,2025-06-03 13:14:00,741.89,741.9,741.89,741.9,0.0,49.16,36440.88,1
2025-06-03,2025-06-03 13:15:00,741.9,741.9,741.9,741.9,0.0,49.16,36440.88,0
2025-06-03,2025-06-03 13:16:00,741.9,741.91,741.9,741.91,0.0,49.16,36440.88,1
2025-06-03,2025-06-03 13:17:00,741.91,741.91,741.91,741.91,0.0,49.16,36440.88,0
2025-06-03,2025-06-03 13:18:00,741.91,741.91,741.91,741.91,0.0,49.16,36440.88,0
2025-06-03,2025-06-03 13:19:00,741.91,741.92,741.91,741.92,0.0,49.16,36440.88,1
2025-06-03,2025-06-03 13:20:00,741.92,741.92,741.92,741.92,0.0,49.16,36440.88,0
2025-06-03,2025-06-03 13:21:00,741.92,741.93,741.92,741.93,0.0,49.16,36440.88,1
2025-06-03,2025-06-03 13:22:00,741.93,741.93,741.93,741.93,0.0,49.16,36440.88,0
2025-06-03,2025-06-03 13:23:00,741.93,741.94,741.93,741.94,0.0,49.16,36440.88,1
2025-06-03,2025-06-03 13:24:00,741.94,741.94,741.94,741.94,0.0,49.16,36440.88,0
2025-06-03,2025-06-03 13:25:00,741.94,741.94,741.94,741.94,0.0,49.16,36440.88,0
2025-06-03,2025-06-03 13:26:00,741.94,741.95,741.94,741.95,0.0,49.16,36440.88,1
2025-06-03,2025-06-03 13:27:00,741.95,741.95,741.95,741.95,0.0,49.16,36440.88,0
2025-06-03,2025-06-03 13:28:00,741.95,741.96,741.95,741.96,0.0,49.16,36440.88,1
2025-06-03,2025-06-03 13:29:00,741.96,741.96,741.96,741.96,0.0,49.16,36440.88,0
2025-06-03,2025-06-03 13:30:00,741.96,741.97,741.96,741.97,0.0,49.16,36440.88,1
2025-06-03,2025-06-03 13:31:00,741.97,741.97,741.97,741.97,0.0,49.16,36440.88,0
2025-06-03,2025-06-03 13:32:00,741.97,741.98,741.97,741.98,0.0,49.16,36440.88,1
2025-06-03,2025-06-03 13:33:00,741.98,741.98,741.98,741.98,0.0,49.16,36440.88,0
2025-06-03,2025-06-03 13:34:00,741.98,741.98,741.98,741.98,0.0,49.16,36440.88,0
2025-06-03,2025-06-03 13:35:00,741.98,741.99,741.98,741.99,0.0,49.16,36440.88,1
2025-06-03,2025-06-03 13:36:00,741.99,741.99,741.99,741.99,0.0,49.16,36440.88,0
2025-06-03,2025-06-03 13:37:00,741.99,742.0,741.99,742.0,0.0,49.16,36440.88,1
2025-06-03,2025-06-03 13:38:00,742.0,742.0,742.0,742.0,0.0,49.16,36440.88,0
2025-06-03,2025-06-03 13:39:00,742.0,742.01,742.0,742.01,0.0,49.16,36440.88,1
2025-06-03,2025-06-03 13:40:00,742.01,742.01,742.01,742.01,0.0,49.16,36440.88,0
2025-06-03,2025-06-03 13:41:00,742.01,742.02,742.01,742.02,0.0,49.16,36440.88,1
2025-06-03,2025-06-03 13:42:00,742.02,742.02,742.02,742.02,0.0,49.16,36440.88,0
2025-06-03,2025-06-03 13:43:00,742.02,742.02,742.02,742.02,0.0,49.16,36440.88,0
2025-06-03,2025-06-03 13:44:00,742.02,742.03,742.02,742.03,0.0,49.16,36440.88,1
2025-06-03,2025-06-03 13:45:00,742.03,742.03,742.03,742.03,0.0,49.16,36440.88,0
2025-06-03,2025-06-03 13:46:00,742.03,742.04,742.03,742.04,0.0,49.16,36440.88,1
2025-06-03,2025-06-03 13:47:00,742.04,742.04,742.04,742.04,0.0,49.16,36440.88,0
2025-06-03,2025-06-03 13:48:00,742.04,742.05,742.04,742.05,0.0,49.16,36440.88,1
2025-06-03,2025-06-03 13:49:00,742.05,742.05,742.05,742.05,0.0,49.16,36440.88,0
2025-06-03,2025-06-03 13:50:00,742.05,742.06,742.05,742.06,0.0,49.16,36440.88,1
2025-06-03,2025-06-03 13:51:00,742.06,742.06,742.06,742.06,0.0,49.16,36440.88,0
2025-06-03,2025-06-03 13:52:00,742.06,742.06,742.06,742.06,0.0,49.16,36440.88,0
2025-06-03,2025-06-03 13:53:00,742.06,742.07,742.06,742.07,0.0,49.16,36440.88,1
2025-06-03,2025-06-03 13:54:00,742.07,742.07,742.07,742.07,0.0,49.16,36440.88,0
2025-06-03,2025-06-03 13:55:00,742.07,742.08,742.07,742.08,0.0,49.16,36440.88,1
2025-06-03,2025-06-03 13:56:00,742.08,742.08,742.08,742.08,0.0,49.16,36440.88,0
2025-06-03,2025-06-03 13:57:00,742.08,742.09,742.08,742.09,0.0,49.16,36440.88,1
2025-06-03,2025-06-03 13:58:00,742.09,742.09,742.09,742.09,0.0,49.16,36440.88,0
2025-06-03,2025-06-03 13:59:00,742.09,742.1,742.09,742.1,0.0,49.16,36440.88,1
2025-06-03,2025-06-03 14:00:00,742.1,742.1,742.1,742.1,0.0,49.16,36440.88,0
2025-06-03,2025-06-03 14:01:00,742.1,742.1,742.1,742.1,0.0,49.16,36440.88,0
2025-06-03,2025-06-03 14:02:00,742.1,742.11,742.1,742.11,0.0,49.16,36440.88,1
2025-06-03,2025-06-03 14:03:00,742.11,742.11,742.11,742.11,0.0,49.16,36440.88,0
2025-06-03,2025-06-03 14:04:00,742.11,742.12,742.11,742.12,0.0,49.16,36440.88,1
2025-06-03,2025-06-03 14:05:00,742.12,742.12,742.12,742.12,0.0,49.16,36440.88,0
2025-06-03,2025-06-03 14:06:00,742.12,742.13,742.12,742.13,0.0,49.16,36440.88,1
2025-06-03,2025-06-03 14:07:00,742.13,742.13,742.13,742.13,0.0,49.16,36440.88,0
2025-06-03,2025-06-03 14:08:00,742.13,742.13,742.13,742.13,0.0,49.16,36440.88,0
2025-06-03,2025-06-03 14:09:00,742.13,742.14,742.13,742.14,0.0,49.16,36440.88,1
2025-06-03,2025-06-03 14:10:00,742.14,742.14,742.14,742.14,0.0,49.16,36440.88,0
2025-06-03,2025-06-03 14:11:00,742.14,742.15,742.14,742.15,0.0,49.16,36440.88,1
2025-06-03,2025-06-03 14:12:00,742.15,742.15,742.15,742.15,0.0,49.16,36440.88,0
2025-06-03,2025-06-03 14:13:00,742.15,742.16,742.15,742.16,0.0,49.16,36440.88,1
2025-06-03,2025-06-03 14:14:00,742.16,742.16,742.16,742.16,0.0,49.16,36440.88,0
2025-06-03,2025-06-03 14:15:00,742.16,742.17,742.16,742.17,0.0,49.16,36440.88,1
2025-06-03,2025-06-03 14:16:00,742.17,742.17,742.17,742.17,0.0,49.16,36440.88,0
2025-06-03,2025-06-03 14:17:00,742.17,742.17,742.17,742.17,0.0,49.16,36440.88,0
2025-06-03,2025-06-03 14:18:00,742.17,742.18,742.17,742.18,0.0,49.16,36440.88,1
2025-06-03,2025-06-03 14:19:00,742.18,742.18,742.18,742.18,0.0,49.16,36440.88,0
2025-06-03,2025-06-03 14:20:00,742.18,742.19,742.18,742.19,0.0,49.16,36440.88,1
2025-06-03,2025-06-03 14:21:00,742.19,742.19,742.19,742.19,0.0,49.16,36440.88,0
2025-06-03,2025-06-03 14:22:00,742.19,742.2,742.19,742.2,0.0,49.16,36440.88,1
2025-06-03,2025-06-03 14:23:00,742.2,742.2,742.2,742.2,0.0,49.16,36440.88,0
2025-06-03,2025-06-03 14:24:00,742.2,742.21,742.2,742.21,0.0,49.16,36440.88,1
2025-06-03,2025-06-03 14:25:00,742.21,742.21,742.21,742.21,0.0,49.16,36440.88,0
2025-06-03,2025-06-03 14:26:00,742.21,742.21,742.21,742.21,0.0,49.16,36440.88,0
2025-06-03,2025-06-03 14:27:00,742.21,742.22,742.21,742.22,0.0,49.16,36440.88,1
2025-06-03,2025-06-03 14:28:00,742.22,742.22,742.22,742.22,0.0,49.16,36440.88,0
2025-06-03,2025-06-03 14:29:00,742.22,742.23,742.22,742.23,0.0,49.16,36440.88,1
2025-06-03,2025-06-03 14:30:00,742.23,742.23,742.23,742.23,0.0,49.16,36440.88,0
2025-06-03,2025-06-03 14:31:00,742.23,742.24,742.23,742.24,0.0,49.16,36440.88,1
2025-06-03,2025-06-03 14:32:00,742.24,742.24,742.24,742.24,0.0,49.16,36440.88,0
2025-06-03,2025-06-03 14:33:00,742.24,742.25,742.24,742.25,0.0,49.16,36440.88,1
2025-06-03,2025-06-03 14:34:00,742.25,742.25,742.25,742.25,0.0,49.16,36440.88,0
2025-06-03,2025-06-03 14:35:00,742.25,742.25,742.25,742.25,0.0,49.16,36440.88,0
2025-06-03,2025-06-03 14:36:00,742.25,742.26,742.25,742.26,0.0,49.16,36440.88,1
2025-06-03,2025-06-03 14:37:00,742.26,742.26,742.26,742.26,0.0,49.16,36440.88,0
2025-06-03,2025-06-03 14:38:00,742.26,742.27,742.26,742.27,0.0,49.16,36440.88,1
2025-06-03,2025-06-03 14:39:00,742.27,742.27,742.27,742.27,0.0,49.16,36440.88,0
2025-06-03,2025-06-03 14:40:00,742.27,742.28,742.27,742.28,0.0,49.16,36440.88,1
2025-06-03,2025-06-03 14:41:00,742.28,742.28,742.28,742.28,0.0,49.16,36440.88,0
2025-06-03,2025-06-03 14:42:00,742.28,742.28,742.28,742.28,0.0,49.16,36440.88,0
2025-06-03,2025-06-03 14:43:00,742.28,742.29,742.28,742.29,0.0,49.16,36440.88,1
2025-06-03,2025-06-03 14:44:00,742.29,742.29,742.29,742.29,0.0,49.16,36440.88,0
2025-06-03,2025-06-03 14:45:00,742.29,742.3,742.29,742.3,0.0,49.16,36440.88,1
2025-06-03,2025-06-03 14:46:00,742.3,742.3,742.3,742.3,0.0,49.16,36440.88,0
2025-06-03,2025-06-03 14:47:00,742.3,742.31,742.3,742.31,0.0,49.16,36440.88,1
2025-06-03,2025-06-03 14:48:00,742.31,742.31,742.31,742.31,0.0,49.16,36440.88,0
2025-06-03,2025-06-03 14:49:00,742.31,742.32,742.31,742.32,0.0,49.16,36440.88,1
2025-06-03,2025-06-03 14:50:00,742.32,742.32,742.32,742.32,0.0,49.16,36440.88,0
2025-06-03,2025-06-03 14:51:00,742.32,742.32,742.32,742.32,0.0,49.16,36440.88,0
2025-06-03,2025-06-03 14:52:00,742.32,742.33,742.32,742.33,0.0,49.16,36440.88,1
2025-06-03,2025-06-03 14:53:00,742.33,742.33,742.33,742.33,0.0,49.16,36440.88,0
2025-06-03,2025-06-03 14:54:00,742.33,742.34,742.33,742.34,0.0,49.16,36440.88,1
2025-06-03,2025-06-03 14:55:00,742.34,742.34,742.34,742.34,0.0,49.16,36440.88,0
2025-06-03,2025-06-03 14:56:00,742.34,742.35,742.34,742.35,0.0,49.16,36440.88,1
2025-06-03,2025-06-03 14:57:00,742.35,742.35,742.35,742.35,0.0,49.16,36440.88,0
2025-06-03,2025-06-03 14:58:00,742.35,742.36,742.35,742.36,0.0,49.16,36440.88,1
2025-06-03,2025-06-03 14:59:00,742.36,742.36,742.36,742.36,0.0,49.16,36440.88,0
2025-06-03,2025-06-03 15:00:00,742.36,754.0,727.0,742.36,0.0,49.16,36440.88,0
2025-06-04,2025-06-04 11:00:00,750.0,750.0,744.6,749.96,-0.01,54.69,40515.81,-1
2025-06-04,2025-06-04 11:01:00,749.96,749.96,749.92,749.92,-0.01,54.69,40515.81,-1
2025-06-04,2025-06-04 11:02:00,749.92,749.92,749.87,749.87,-0.01,54.69,40515.81,-1
2025-06-04,2025-06-04 11:03:00,749.87,749.87,749.83,749.83,-0.01,54.69,40515.81,-1
2025-06-04,2025-06-04 11:04:00,749.83,749.83,749.79,749.79,-0.01,54.69,40515.81,-1
2025-06-04,2025-06-04 11:05:00,749.79,749.79,749.75,749.75,-0.01,54.69,40515.81,-1
2025-06-04,2025-06-04 11:06:00,749.75,749.75,749.7,749.7,-0.01,54.69,40515.81,-1
2025-06-04,2025-06-04 11:07:00,749.7,749.7,749.66,749.66,-0.01,54.69,40515.81,-1
2025-06-04,2025-06-04 11:08:00,749.66,749.66,749.62,749.62,-0.01,54.69,40515.81,-1
2025-06-04,2025-06-04 11:09:00,749.62,749.62,749.58,749.58,-0.01,54.69,40515.81,-1
2025-06-04,2025-06-04 11:10:00,749.58,749.58,749.53,749.53,-0.01,54.69,40515.81,-1
2025-06-04,2025-06-04 11:11:00,749.53,749.53,749.49,749.49,-0.01,54.69,40515.81,-1
2025-06-04,2025-06-04 11:12:00,749.49,749.49,749.45,749.45,-0.01,54.69,40515.81,-1
2025-06-04,2025-06-04 11:13:00,749.45,749.45,749.41,749.41,-0.01,54.69,40515.81,-1
2025-06-04,2025-06-04 11:14:00,749.41,749.41,749.37,749.37,-0.01,54.69,40515.81,-1
2025-06-04,2025-06-04 11:15:00,749.37,749.37,749.32,749.32,-0.01,54.69,40515.81,-1
2025-06-04,2025-06-04 11:16:00,749.32,749.32,749.28,749.28,-0.01,54.69,40515.81,-1
2025-06-04,2025-06-04 11:17:00,749.28,749.28,749.24,749.24,-0.01,54.69,40515.81,-1
2025-06-04,2025-06-04 11:18:00,749.24,749.24,749.2,749.2,-0.01,54.69,40515.81,-1
2025-06-04,2025-06-04 11:19:00,749.2,749.2,749.15,749.15,-0.01,54.69,40515.81,-1
2025-06-04,2025-06-04 11:20:00,749.15,749.15,749.11,749.11,-0.01,54.69,40515.81,-1
2025-06-04,2025-06-04 11:21:00,749.11,749.11,749.07,749.07,-0.01,54.69,40515.81,-1
2025-06-04,2025-06-04 11:22:00,749.07,749.07,749.03,749.03,-0.01,54.69,40515.81,-1
2025-06-04,2025-06-04 11:23:00,749.03,749.03,748.99,748.99,-0.01,54.69,40515.81,-1
2025-06-04,2025-06-04 11:24:00,748.99,748.99,748.94,748.94,-0.01,54.69,40515.81,-1
2025-06-04,2025-06-04 11:25:00,748.94,748.94,748.9,748.9,-0.01,54.69,40515.81,-1
2025-06-04,2025-06-04 11:26:00,748.9,748.9,748.86,748.86,-0.01,54.69,40515.81,-1
2025-06-04,2025-06-04 11:27:00,748.86,748.86,748.82,748.82,-0.01,54.69,40515.81,-1
2025-06-04,2025-06-04 11:28:00,748.82,748.82,748.77,748.77,-0.01,54.69,40515.81,-1
2025-06-04,2025-06-04 11:29:00,748.77,748.77,748.73,748.73,-0.01,54.69,40515.81,-1
2025-06-04,2025-06-04 11:30:00,748.73,748.73,748.69,748.69,-0.01,54.69,40515.81,-1
2025-06-04,2025-06-04 11:31:00,748.69,748.69,748.65,748.65,-0.01,54.69,40515.81,-1
2025-06-04,2025-06-04 11:32:00,748.65,748.65,748.6,748.6,-0.01,54.69,40515.81,-1
2025-06-04,2025-06-04 11:33:00,748.6,748.6,748.56,748.56,-0.01,54.69,40515.81,-1
2025-06-04,2025-06-04 11:34:00,748.56,748.56,748.52,748.52,-0.01,54.69,40515.81,-1
2025-06-04,2025-06-04 11:35:00,748.52,748.52,748.48,748.48,-0.01,54.69,40515.81,-1
2025-06-04,2025-06-04 11:36:00,748.48,748.48,748.44,748.44,-0.01,54.69,40515.81,-1
2025-06-04,2025-06-04 11:37:00,748.44,748.44,748.39,748.39,-0.01,54.69,40515.81,-1
2025-06-04,2025-06-04 11:38:00,748.39,748.39,748.35,748.35,-0.01,54.69,40515.81,-1
2025-06-04,2025-06-04 11:39:00,748.35,748.35,748.31,748.31,-0.01,54.69,40515.81,-1
2025-06-04,2025-06-04 11:40:00,748.31,748.31,748.27,748.27,-0.01,54.69,40515.81,-1
2025-06-04,2025-06-04 11:41:00,748.27,748.27,748.22,748.22,-0.01,54.69,40515.81,-1
2025-06-04,2025-06-04 11:42:00,748.22,748.22,748.18,748.18,-0.01,54.69,40515.81,-1
2025-06-04,2025-06-04 11:43:00,748.18,748.18,748.14,748.14,-0.01,54.69,40515.81,-1
2025-06-04,2025-06-04 11:44:00,748.14,748.14,748.1,748.1,-0.01,54.69,40515.81,-1
2025-06-04,2025-06-04 11:45:00,748.1,748.1,748.05,748.05,-0.01,54.69,40515.81,-1
2025-06-04,2025-06-04 11:46:00,748.05,748.05,748.01,748.01,-0.01,54.69,40515.81,-1
2025-06-04,2025-06-04 11:47:00,748.01,748.01,747.97,747.97,-0.01,54.69,40515.81,-1
2025-06-04,2025-06-04 11:48:00,747.97,747.97,747.93,747.93,-0.01,54.69,40515.81,-1
2025-06-04,2025-06-04 11:49:00,747.93,747.93,747.89,747.89,-0.01,54.69,40515.81,-1
2025-06-04,2025-06-04 11:50:00,747.89,747.89,747.84,747.84,-0.01,54.69,40515.81,-1
2025-06-04,2025-06-04 11:51:00,747.84,747.84,747.8,747.8,-0.01,54.69,40515.81,-1
2025-06-04,2025-06-04 11:52:00,747.8,747.8,747.76,747.76,-0.01,54.69,40515.81,-1
2025-06-04,2025-06-04 11:53:00,747.76,747.76,747.72,747.72,-0.01,54.69,40515.81,-1
2025-06-04,2025-06-04 11:54:00,747.72,747.72,747.67,747.67,-0.01,54.69,40515.81,-1
2025-06-04,2025-06-04 11:55:00,747.67,747.67,747.63,747.63,-0.01,54.69,40515.81,-1
2025-06-04,2025-06-04 11:56:00,747.63,747.63,747.59,747.59,-0.01,54.69,40515.81,-1
2025-06-04,2025-06-04 11:57:00,747.59,747.59,747.55,747.55,-0.01,54.69,40515.81,-1
2025-06-04,2025-06-04 11:58:00,747.55,747.55,747.5,747.5,-0.01,54.69,40515.81,-1
2025-06-04,2025-06-04 11:59:00,747.5,747.5,747.46,747.46,-0.01,54.69,40515.81,-1
2025-06-04,2025-06-04 12:00:00,747.46,747.46,747.42,747.42,-0.01,54.69,40515.81,-1
2025-06-04,2025-06-04 12:01:00,747.42,747.42,747.38,747.38,-0.01,54.69,40515.81,-1
2025-06-04,2025-06-04 12:02:00,747.38,747.38,747.34,747.34,-0.01,54.69,40515.81,-1
2025-06-04,2025-06-04 12:03:00,747.34,747.34,747.29,747.29,-0.01,54.69,40515.81,-1
2025-06-04,2025-06-04 12:04:00,747.29,747.29,747.25,747.25,-0.01,54.69,40515.81,-1
2025-06-04,2025-06-04 12:05:00,747.25,747.25,747.21,747.21,-0.01,54.69,40515.81,-1
2025-06-04,2025-06-04 12:06:00,747.21,747.21,747.17,747.17,-0.01,54.69,40515.81,-1
2025-06-04,2025-06-04 12:07:00,747.17,747.17,747.12,747.12,-0.01,54.69,40515.81,-1
2025-06-04,2025-06-04 12:08:00,747.12,747.12,747.08,747.08,-0.01,54.69,40515.81,-1
2025-06-04,2025-06-04 12:09:00,747.08,747.08,747.04,747.04,-0.01,54.69,40515.81,-1
2025-06-04,2025-06-04 12:10:00,747.04,747.04,747.0,747.0,-0.01,54.69,40515.81,-1
2025-06-04,2025-06-04 12:11:00,747.0,747.0,746.96,746.96,-0.01,54.69,40515.81,-1
2025-06-04,2025-06-04 12:12:00,746.96,746.96,746.91,746.91,-0.01,54.69,40515.81,-1
2025-06-04,2025-06-04 12:13:00,746.91,746.91,746.87,746.87,-0.01,54.69,40515.81,-1
2025-06-04,2025-06-04 12:14:00,746.87,746.87,746.83,746.83,-0.01,54.69,40515.81,-1
2025-06-04,2025-06-04 12:15:00,746.83,746.83,746.79,746.79,-0.01,54.69,40515.81,-1
2025-06-04,2025-06-04 12:16:00,746.79,746.79,746.74,746.74,-0.01,54.69,40515.81,-1
2025-06-04,2025-06-04 12:17:00,746.74,746.74,746.7,746.7,-0.01,54.69,40515.81,-1
2025-06-04,2025-06-04 12:18:00,746.7,746.7,746.66,746.66,-0.01,54.69,40515.81,-1
2025-06-04,2025-06-04 12:19:00,746.66,746.66,746.62,746.62,-0.01,54.69,40515.81,-1
2025-06-04,2025-06-04 12:20:00,746.62,746.62,746.57,746.57,-0.01,54.69,40515.81,-1
2025-06-04,2025-06-04 12:21:00,746.57,746.57,746.53,746.53,-0.01,54.69,40515.81,-1
2025-06-04,2025-06-04 12:22:00,746.53,746.53,746.49,746.49,-0.01,54.69,40515.81,-1
2025-06-04,2025-06-04 12:23:00,746.49,746.49,746.45,746.45,-0.01,54.69,40515.81,-1
2025-06-04,2025-06-04 12:24:00,746.45,746.45,746.41,746.41,-0.01,54.69,40515.81,-1
2025-06-04,2025-06-04 12:25:00,746.41,746.41,746.36,746.36,-0.01,54.69,40515.81,-1
2025-06-04,2025-06-04 12:26:00,746.36,746.36,746.32,746.32,-0.01,54.69,40515.81,-1
2025-06-04,2025-06-04 12:27:00,746.32,746.32,746.28,746.28,-0.01,54.69,40515.81,-1
2025-06-04,2025-06-04 12:28:00,746.28,746.28,746.24,746.24,-0.01,54.69,40515.81,-1
2025-06-04,2025-06-04 12:29:00,746.24,746.24,746.19,746.19,-0.01,54.69,40515.81,-1
2025-06-04,2025-06-04 12:30:00,746.19,746.19,746.15,746.15,-0.01,54.69,40515.81,-1
2025-06-04,2025-06-04 12:31:00,746.15,746.15,746.11,746.11,-0.01,54.69,40515.81,-1
2025-06-04,2025-06-04 12:32:00,746.11,746.11,746.07,746.07,-0.01,54.69,40515.81,-1
2025-06-04,2025-06-04 12:33:00,746.07,746.07,746.02,746.02,-0.01,54.69,40515.81,-1
2025-06-04,2025-06-04 12:34:00,746.02,746.02,745.98,745.98,-0.01,54.69,40515.81,-1
2025-06-04,2025-06-04 12:35:00,745.98,745.98,745.94,745.94,-0.01,54.69,40515.81,-1
2025-06-04,2025-06-04 12:36:00,745.94,745.94,745.9,745.9,-0.01,54.69,40515.81,-1
2025-06-04,2025-06-04 12:37:00,745.9,745.9,745.86,745.86,-0.01,54.69,40515.81,-1
2025-06-04,2025-06-04 12:38:00,745.86,745.86,745.81,745.81,-0.01,54.69,40515.81,-1
2025-06-04,2025-06-04 12:39:00,745.81,745.81,745.77,745.77,-0.01,54.69,40515.81,-1
2025-06-04,2025-06-04 12:40:00,745.77,745.77,745.73,745.73,-0.01,54.69,40515.81,-1
2025-06-04,2025-06-04 12:41:00,745.73,745.73,745.69,745.69,-0.01,54.69,40515.81,-1
2025-06-04,2025-06-04 12:42:00,745.69,745.69,745.64,745.64,-0.01,54.69,40515.81,-1
2025-06-04,2025-06-04 12:43:00,745.64,745.64,745.6,745.6,-0.01,54.69,40515.81,-1
2025-06-04,2025-06-04 12:44:00,745.6,745.6,745.56,745.56,-0.01,54.69,40515.81,-1
2025-06-04,2025-06-04 12:45:00,745.56,745.56,745.52,745.52,-0.01,54.69,40515.81,-1
2025-06-04,2025-06-04 12:46:00,745.52,745.52,745.47,745.47,-0.01,54.69,40515.81,-1
2025-06-04,2025-06-04 12:47:00,745.47,745.47,745.43,745.43,-0.01,54.69,40515.81,-1
2025-06-04,2025-06-04 12:48:00,745.43,745.43,745.39,745.39,-0.01,54.69,40515.81,-1
2025-06-04,2025-06-04 12:49:00,745.39,745.39,745.35,745.35,-0.01,54.69,40515.81,-1
2025-06-04,2025-06-04 12:50:00,745.35,745.35,745.31,745.31,-0.01,54.69,40515.81,-1
2025-06-04,2025-06-04 12:51:00,745.31,745.31,745.26,745.26,-0.01,54.69,40515.81,-1
2025-06-04,2025-06-04 12:52:00,745.26,745.26,745.22,745.22,-0.01,54.69,40515.81,-1
2025-06-04,2025-06-04 12:53:00,745.22,745.22,745.18,745.18,-0.01,54.69,40515.81,-1
2025-06-04,2025-06-04 12:54:00,745.18,745.18,745.14,745.14,-0.01,54.69,40515.81,-1
2025-06-04,2025-06-04 12:55:00,745.14,745.14,745.09,745.09,-0.01,54.69,40515.81,-1
2025-06-04,2025-06-04 12:56:00,745.09,745.09,745.05,745.05,-0.01,54.69,40515.81,-1
2025-06-04,2025-06-04 12:57:00,745.05,745.05,745.01,745.01,-0.01,54.69,40515.81,-1
2025-06-04,2025-06-04 12:58:00,745.01,745.01,744.97,744.97,-0.01,54.69,40515.81,-1
2025-06-04,2025-06-04 12:59:00,744.97,744.97,744.92,744.92,-0.01,54.69,40515.81,-1
2025-06-04,2025-06-04 13:00:00,744.92,750.0,732.0,744.88,-0.01,54.69,40515.81,-1
2025-06-04,2025-06-04 13:01:00,744.88,744.88,744.84,744.84,-0.01,54.69,40515.81,-1
2025-06-04,2025-06-04 13:02:00,744.84,744.84,744.8,744.8,-0.01,54.69,40515.81,-1
2025-06-04,2025-06-04 13:03:00,744.8,744.8,744.76,744.76,-0.01,54.69,40515.81,-1
2025-06-04,2025-06-04 13:04:00,744.76,744.76,744.71,744.71,-0.01,54.69,40515.81,-1
2025-06-04,2025-06-04 13:05:00,744.71,744.71,744.67,744.67,-0.01,54.69,40515.81,-1
2025-06-04,2025-06-04 13:06:00,744.67,744.67,744.63,744.63,-0.01,54.69,40515.81,-1
2025-06-04,2025-06-04 13:07:00,744.63,744.63,744.59,744.59,-0.01,54.69,40515.81,-1
2025-06-04,2025-06-04 13:08:00,744.59,744.59,744.54,744.54,-0.01,54.69,40515.81,-1
2025-06-04,2025-06-04 13:09:00,744.54,744.54,744.5,744.5,-0.01,54.69,40515.81,-1
2025-06-04,2025-06-04 13:10:00,744.5,744.5,744.46,744.46,-0.01,54.69,40515.81,-1
2025-06-04,2025-06-04 13:11:00,744.46,744.46,744.42,744.42,-0.01,54.69,40515.81,-1
2025-06-04,2025-06-04 13:12:00,744.42,744.42,744.38,744.38,-0.01,54.69,40515.81,-1
2025-06-04,2025-06-04 13:13:00,744.38,744.38,744.33,744.33,-0.01,54.69,40515.81,-1
2025-06-04,2025-06-04 13:14:00,744.33,744.33,744.29,744.29,-0.01,54.69,40515.81,-1
2025-06-04,2025-06-04 13:15:00,744.29,744.29,744.25,744.25,-0.01,54.69,40515.81,-1
2025-06-04,2025-06-04 13:16:00,744.25,744.25,744.21,744.21,-0.01,54.69,40515.81,-1
2025-06-04,2025-06-04 13:17:00,744.21,744.21,744.16,744.16,-0.01,54.69,40515.81,-1
2025-06-04,2025-06-04 13:18:00,744.16,744.16,744.12,744.12,-0.01,54.69,40515.81,-1
2025-06-04,2025-06-04 13:19:00,744.12,744.12,744.08,744.08,-0.01,54.69,40515.81,-1
2025-06-04,2025-06-04 13:20:00,744.08,744.08,744.04,744.04,-0.01,54.69,40515.81,-1
2025-06-04,2025-06-04 13:21:00,744.04,744.04,743.99,743.99,-0.01,54.69,40515.81,-1
2025-06-04,2025-06-04 13:22:00,743.99,743.99,743.95,743.95,-0.01,54.69,40515.81,-1
2025-06-04,2025-06-04 13:23:00,743.95,743.95,743.91,743.91,-0.01,54.69,40515.81,-1
2025-06-04,2025-06-04 13:24:00,743.91,743.91,743.87,743.87,-0.01,54.69,40515.81,-1
2025-06-04,2025-06-04 13:25:00,743.87,743.87,743.83,743.83,-0.01,54.69,40515.81,-1
2025-06-04,2025-06-04 13:26:00,743.83,743.83,743.78,743.78,-0.01,54.69,40515.81,-1
2025-06-04,2025-06-04 13:27:00,743.78,743.78,743.74,743.74,-0.01,54.69,40515.81,-1
2025-06-04,2025-06-04 13:28:00,743.74,743.74,743.7,743.7,-0.01,54.69,40515.81,-1
2025-06-04,2025-06-04 13:29:00,743.7,743.7,743.66,743.66,-0.01,54.69,40515.81,-1
2025-06-04,2025-06-04 13:30:00,743.66,743.66,743.61,743.61,-0.01,54.69,40515.81,-1
2025-06-04,2025-06-04 13:31:00,743.61,743.61,743.57,743.57,-0.01,54.69,40515.81,-1
2025-06-04,2025-06-04 13:32:00,743.57,743.57,743.53,743.53,-0.01,54.69,40515.81,-1
2025-06-04,2025-06-04 13:33:00,743.53,743.53,743.49,743.49,-0.01,54.69,40515.81,-1
2025-06-04,2025-06-04 13:34:00,743.49,743.49,743.44,743.44,-0.01,54.69,40515.81,-1
2025-06-04,2025-06-04 13:35:00,743.44,743.44,743.4,743.4,-0.01,54.69,40515.81,-1
2025-06-04,2025-06-04 13:36:00,743.4,743.4,743.36,743.36,-0.01,54.69,40515.81,-1
2025-06-04,2025-06-04 13:37:00,743.36,743.36,743.32,743.32,-0.01,54.69,40515.81,-1
2025-06-04,2025-06-04 13:38:00,743.32,743.32,743.28,743.28,-0.01,54.69,40515.81,-1
2025-06-04,2025-06-04 13:39:00,743.28,743.28,743.23,743.23,-0.01,54.69,40515.81,-1
2025-06-04,2025-06-04 13:40:00,743.23,743.23,743.19,743.19,-0.01,54.69,40515.81,-1
2025-06-04,2025-06-04 13:41:00,743.19,743.19,743.15,743.15,-0.01,54.69,40515.81,-1
2025-06-04,2025-06-04 13:42:00,743.15,743.15,743.11,743.11,-0.01,54.69,40515.81,-1
2025-06-04,2025-06-04 13:43:00,743.11,743.11,743.06,743.06,-0.01,54.69,40515.81,-1
2025-06-04,2025-06-04 13:44:00,743.06,743.06,743.02,743.02,-0.01,54.69,40515.81,-1
2025-06-04,2025-06-04 13:45:00,743.02,743.02,742.98,742.98,-0.01,54.69,40515.81,-1
2025-06-04,2025-06-04 13:46:00,742.98,742.98,742.94,742.94,-0.01,54.69,40515.81,-1
2025-06-04,2025-06-04 13:47:00,742.94,742.94,742.89,742.89,-0.01,54.69,40515.81,-1
2025-06-04,2025-06-04 13:48:00,742.89,742.89,742.85,742.85,-0.01,54.69,40515.81,-1
2025-06-04,2025-06-04 13:49:00,742.85,742.85,742.81,742.81,-0.01,54.69,40515.81,-1
2025-06-04,2025-06-04 13:50:00,742.81,742.81,742.77,742.77,-0.01,54.69,40515.81,-1
2025-06-04,2025-06-04 13:51:00,742.77,742.77,742.73,742.73,-0.01,54.69,40515.81,-1
2025-06-04,2025-06-04 13:52:00,742.73,742.73,742.68,742.68,-0.01,54.69,40515.81,-1
2025-06-04,2025-06-04 13:53:00,742.68,742.68,742.64,742.64,-0.01,54.69,40515.81,-1
2025-06-04,2025-06-04 13:54:00,742.64,742.64,742.6,742.6,-0.01,54.69,40515.81,-1
2025-06-04,2025-06-04 13:55:00,742.6,742.6,742.56,742.56,-0.01,54.69,40515.81,-1
2025-06-04,2025-06-04 13:56:00,742.56,742.56,742.51,742.51,-0.01,54.69,40515.81,-1
2025-06-04,2025-06-04 13:57:00,742.51,742.51,742.47,742.47,-0.01,54.69,40515.81,-1
2025-06-04,2025-06-04 13:58:00,742.47,742.47,742.43,742.43,-0.01,54.69,40515.81,-1
2025-06-04,2025-06-04 13:59:00,742.43,742.43,742.39,742.39,-0.01,54.69,40515.81,-1
2025-06-04,2025-06-04 14:00:00,742.39,742.39,742.35,742.35,-0.01,54.69,40515.81,-1
2025-06-04,2025-06-04 14:01:00,742.35,742.35,742.3,742.3,-0.01,54.69,40515.81,-1
2025-06-04,2025-06-04 14:02:00,742.3,742.3,742.26,742.26,-0.01,54.69,40515.81,-1
2025-06-04,2025-06-04 14:03:00,742.26,742.26,742.22,742.22,-0.01,54.69,40515.81,-1
2025-06-04,2025-06-04 14:04:00,742.22,742.22,742.18,742.18,-0.01,54.69,40515.81,-1
2025-06-04,2025-06-04 14:05:00,742.18,742.18,742.13,742.13,-0.01,54.69,40515.81,-1
2025-06-04,2025-06-04 14:06:00,742.13,742.13,742.09,742.09,-0.01,54.69,40515.81,-1
2025-06-04,2025-06-04 14:07:00,742.09,742.09,742.05,742.05,-0.01,54.69,40515.81,-1
2025-06-04,2025-06-04 14:08:00,742.05,742.05,742.01,742.01,-0.01,54.69,40515.81,-1
2025-06-04,2025-06-04 14:09:00,742.01,742.01,741.96,741.96,-0.01,54.69,40515.81,-1
2025-06-04,2025-06-04 14:10:00,741.96,741.96,741.92,741.92,-0.01,54.69,40515.81,-1
2025-06-04,2025-06-04 14:11:00,741.92,741.92,741.88,741.88,-0.01,54.69,40515.81,-1
2025-06-04,2025-06-04 14:12:00,741.88,741.88,741.84,741.84,-0.01,54.69,40515.81,-1
2025-06-04,2025-06-04 14:13:00,741.84,741.84,741.8,741.8,-0.01,54.69,40515.81,-1
2025-06-04,2025-06-04 14:14:00,741.8,741.8,741.75,741.75,-0.01,54.69,40515.81,-1
2025-06-04,2025-06-04 14:15:00,741.75,741.75,741.71,741.71,-0.01,54.69,40515.81,-1
2025-06-04,2025-06-04 14:16:00,741.71,741.71,741.67,741.67,-0.01,54.69,40515.81,-1
2025-06-04,2025-06-04 14:17:00,741.67,741.67,741.63,741.63,-0.01,54.69,40515.81,-1
2025-06-04,2025-06-04 14:18:00,741.63,741.63,741.58,741.58,-0.01,54.69,40515.81,-1
2025-06-04,2025-06-04 14:19:00,741.58,741.58,741.54,741.54,-0.01,54.69,40515.81,-1
2025-06-04,2025-06-04 14:20:00,741.54,741.54,741.5,741.5,-0.01,54.69,40515.81,-1
2025-06-04,2025-06-04 14:21:00,741.5,741.5,741.46,741.46,-0.01,54.69,40515.81,-1
2025-06-04,2025-06-04 14:22:00,741.46,741.46,741.41,741.41,-0.01,54.69,40515.81,-1
2025-06-04,2025-06-04 14:23:00,741.41,741.41,741.37,741.37,-0.01,54.69,40515.81,-1
2025-06-04,2025-06-04 14:24:00,741.37,741.37,741.33,741.33,-0.01,54.69,40515.81,-1
2025-06-04,2025-06-04 14:25:00,741.33,741.33,741.29,741.29,-0.01,54.69,40515.81,-1
2025-06-04,2025-06-04 14:26:00,741.29,741.29,741.25,741.25,-0.01,54.69,40515.81,-1
2025-06-04,2025-06-04 14:27:00,741.25,741.25,741.2,741.2,-0.01,54.69,40515.81,-1
2025-06-04,2025-06-04 14:28:00,741.2,741.2,741.16,741.16,-0.01,54.69,40515.81,-1
2025-06-04,2025-06-04 14:29:00,741.16,741.16,741.12,741.12,-0.01,54.69,40515.81,-1
2025-06-04,2025-06-04 14:30:00,741.12,741.12,741.08,741.08,-0.01,54.69,40515.81,-1
2025-06-04,2025-06-04 14:31:00,741.08,741.08,741.03,741.03,-0.01,54.69,40515.81,-1
2025-06-04,2025-06-04 14:32:00,741.03,741.03,740.99,740.99,-0.01,54.69,40515.81,-1
2025-06-04,2025-06-04 14:33:00,740.99,740.99,740.95,740.95,-0.01,54.69,40515.81,-1
2025-06-04,2025-06-04 14:34:00,740.95,740.95,740.91,740.91,-0.01,54.69,40515.81,-1
2025-06-04,2025-06-04 14:35:00,740.91,740.91,740.87,740.87,-0.01,54.69,40515.81,-1
2025-06-04,2025-06-04 14:36:00,740.87,740.87,740.82,740.82,-0.01,54.69,40515.81,-1
2025-06-04,2025-06-04 14:37:00,740.82,740.82,740.78,740.78,-0.01,54.69,40515.81,-1
2025-06-04,2025-06-04 14:38:00,740.78,740.78,740.74,740.74,-0.01,54.69,40515.81,-1
2025-06-04,2025-06-04 14:39:00,740.74,740.74,740.7,740.7,-0.01,54.69,40515.81,-1
2025-06-04,2025-06-04 14:40:00,740.7,740.7,740.65,740.65,-0.01,54.69,40515.81,-1
2025-06-04,2025-06-04 14:41:00,740.65,740.65,740.61,740.61,-0.01,54.69,40515.81,-1
2025-06-04,2025-06-04 14:42:00,740.61,740.61,740.57,740.57,-0.01,54.69,40515.81,-1
2025-06-04,2025-06-04 14:43:00,740.57,740.57,740.53,740.53,-0.01,54.69,40515.81,-1
2025-06-04,2025-06-04 14:44:00,740.53,740.53,740.48,740.48,-0.01,54.69,40515.81,-1
2025-06-04,2025-06-04 14:45:00,740.48,740.48,740.44,740.44,-0.01,54.69,40515.81,-1
2025-06-04,2025-06-04 14:46:00,740.44,740.44,740.4,740.4,-0.01,54.69,40515.81,-1
2025-06-04,2025-06-04 14:47:00,740.4,740.4,740.36,740.36,-0.01,54.69,40515.81,-1
2025-06-04,2025-06-04 14:48:00,740.36,740.36,740.32,740.32,-0.01,54.69,40515.81,-1
2025-06-04,2025-06-04 14:49:00,740.32,740.32,740.27,740.27,-0.01,54.69,40515.81,-1
2025-06-04,2025-06-04 14:50:00,740.27,740.27,740.23,740.23,-0.01,54.69,40515.81,-1
2025-06-04,2025-06-04 14:51:00,740.23,740.23,740.19,740.19,-0.01,54.69,40515.81,-1
2025-06-04,2025-06-04 14:52:00,740.19,740.19,740.15,740.15,-0.01,54.69,40515.81,-1
2025-06-04,2025-06-04 14:53:00,740.15,740.15,740.1,740.1,-0.01,54.69,40515.81,-1
2025-06-04,2025-06-04 14:54:00,740.1,740.1,740.06,740.06,-0.01,54.69,40515.81,-1
2025-06-04,2025-06-04 14:55:00,740.06,740.06,740.02,740.02,-0.01,54.69,40515.81,-1
2025-06-04,2025-06-04 14:56:00,740.02,740.02,739.98,739.98,-0.01,54.69,40515.81,-1
2025-06-04,2025-06-04 14:57:00,739.98,739.98,739.93,739.93,-0.01,54.69,40515.81,-1
2025-06-04,2025-06-04 14:58:00,739.93,739.93,739.89,739.89,-0.01,54.69,40515.81,-1
2025-06-04,2025-06-04 14:59:00,739.89,739.89,739.85,739.85,-0.01,54.69,40515.81,-1
2025-06-04,2025-06-04 15:00:00,739.85,750.0,732.0,739.85,0.0,54.69,40515.81,0
2025-06-05,2025-06-05 11:00:00,742.0,755.5,735.58,742.12,0.02,237.38,178576.85,1
2025-06-05,2025-06-05 11:01:00,742.12,742.25,742.12,742.25,0.02,237.38,178576.85,1
2025-06-05,2025-06-05 11:02:00,742.25,742.37,742.25,742.37,0.02,237.38,178576.85,1
2025-06-05,2025-06-05 11:03:00,742.37,742.49,742.37,742.49,0.02,237.38,178576.85,1
2025-06-05,2025-06-05 11:04:00,742.49,742.62,742.49,742.62,0.02,237.38,178576.85,1
2025-06-05,2025-06-05 11:05:00,742.62,742.74,742.62,742.74,0.02,237.38,178576.85,1
2025-06-05,2025-06-05 11:06:00,742.74,742.87,742.74,742.87,0.02,237.38,178576.85,1
2025-06-05,2025-06-05 11:07:00,742.87,742.99,742.87,742.99,0.02,237.38,178576.85,1
2025-06-05,2025-06-05 11:08:00,742.99,743.11,742.99,743.11,0.02,237.38,178576.85,1
2025-06-05,2025-06-05 11:09:00,743.11,743.24,743.11,743.24,0.02,237.38,178576.85,1
2025-06-05,2025-06-05 11:10:00,743.24,743.36,743.24,743.36,0.02,237.38,178576.85,1
2025-06-05,2025-06-05 11:11:00,743.36,743.48,743.36,743.48,0.02,237.38,178576.85,1
2025-06-05,2025-06-05 11:12:00,743.48,743.61,743.48,743.61,0.02,237.38,178576.85,1
2025-06-05,2025-06-05 11:13:00,743.61,743.73,743.61,743.73,0.02,237.38,178576.85,1
2025-06-05,2025-06-05 11:14:00,743.73,743.85,743.73,743.85,0.02,237.38,178576.85,1
2025-06-05,2025-06-05 11:15:00,743.85,743.98,743.85,743.98,0.02,237.38,178576.85,1
2025-06-05,2025-06-05 11:16:00,743.98,744.1,743.98,744.1,0.02,237.38,178576.85,1
2025-06-05,2025-06-05 11:17:00,744.1,744.22,744.1,744.22,0.02,237.38,178576.85,1
2025-06-05,2025-06-05 11:18:00,744.22,744.35,744.22,744.35,0.02,237.38,178576.85,1
2025-06-05,2025-06-05 11:19:00,744.35,744.47,744.35,744.47,0.02,237.38,178576.85,1
2025-06-05,2025-06-05 11:20:00,744.47,744.6,744.47,744.6,0.02,237.38,178576.85,1
2025-06-05,2025-06-05 11:21:00,744.6,744.72,744.6,744.72,0.02,237.38,178576.85,1
2025-06-05,2025-06-05 11:22:00,744.72,744.84,744.72,744.84,0.02,237.38,178576.85,1
2025-06-05,2025-06-05 11:23:00,744.84,744.97,744.84,744.97,0.02,237.38,178576.85,1
2025-06-05,2025-06-05 11:24:00,744.97,745.09,744.97,745.09,0.02,237.38,178576.85,1
2025-06-05,2025-06-05 11:25:00,745.09,745.21,745.09,745.21,0.02,237.38,178576.85,1
2025-06-05,2025-06-05 11:26:00,745.21,745.34,745.21,745.34,0.02,237.38,178576.85,1
2025-06-05,2025-06-05 11:27:00,745.34,745.46,745.34,745.46,0.02,237.38,178576.85,1
2025-06-05,2025-06-05 11:28:00,745.46,745.58,745.46,745.58,0.02,237.38,178576.85,1
2025-06-05,2025-06-05 11:29:00,745.58,745.71,745.58,745.71,0.02,237.38,178576.85,1
2025-06-05,2025-06-05 11:30:00,745.71,745.83,745.71,745.83,0.02,237.38,178576.85,1
2025-06-05,2025-06-05 11:31:00,745.83,745.95,745.83,745.95,0.02,237.38,178576.85,1
2025-06-05,2025-06-05 11:32:00,745.95,746.08,745.95,746.08,0.02,237.38,178576.85,1
2025-06-05,2025-06-05 11:33:00,746.08,746.2,746.08,746.2,0.02,237.38,178576.85,1
2025-06-05,2025-06-05 11:34:00,746.2,746.33,746.2,746.33,0.02,237.38,178576.85,1
2025-06-05,2025-06-05 11:35:00,746.33,746.45,746.33,746.45,0.02,237.38,178576.85,1
2025-06-05,2025-06-05 11:36:00,746.45,746.57,746.45,746.57,0.02,237.38,178576.85,1
2025-06-05,2025-06-05 11:37:00,746.57,746.7,746.57,746.7,0.02,237.38,178576.85,1
2025-06-05,2025-06-05 11:38:00,746.7,746.82,746.7,746.82,0.02,237.38,178576.85,1
2025-06-05,2025-06-05 11:39:00,746.82,746.94,746.82,746.94,0.02,237.38,178576.85,1
2025-06-05,2025-06-05 11:40:00,746.94,747.07,746.94,747.07,0.02,237.38,178576.85,1
2025-06-05,2025-06-05 11:41:00,747.07,747.19,747.07,747.19,0.02,237.38,178576.85,1
2025-06-05,2025-06-05 11:42:00,747.19,747.31,747.19,747.31,0.02,237.38,178576.85,1
2025-06-05,2025-06-05 11:43:00,747.31,747.44,747.31,747.44,0.02,237.38,178576.85,1
2025-06-05,2025-06-05 11:44:00,747.44,747.56,747.44,747.56,0.02,237.38,178576.85,1
2025-06-05,2025-06-05 11:45:00,747.56,747.68,747.56,747.68,0.02,237.38,178576.85,1
2025-06-05,2025-06-05 11:46:00,747.68,747.81,747.68,747.81,0.02,237.38,178576.85,1
2025-06-05,2025-06-05 11:47:00,747.81,747.93,747.81,747.93,0.02,237.38,178576.85,1
2025-06-05,2025-06-05 11:48:00,747.93,748.06,747.93,748.06,0.02,237.38,178576.85,1
2025-06-05,2025-06-05 11:49:00,748.06,748.18,748.06,748.18,0.02,237.38,178576.85,1
2025-06-05,2025-06-05 11:50:00,748.18,748.3,748.18,748.3,0.02,237.38,178576.85,1
2025-06-05,2025-06-05 11:51:00,748.3,748.43,748.3,748.43,0.02,237.38,178576.85,1
2025-06-05,2025-06-05 11:52:00,748.43,748.55,748.43,748.55,0.02,237.38,178576.85,1
2025-06-05,2025-06-05 11:53:00,748.55,748.67,748.55,748.67,0.02,237.38,178576.85,1
2025-06-05,2025-06-05 11:54:00,748.67,748.8,748.67,748.8,0.02,237.38,178576.85,1
2025-06-05,2025-06-05 11:55:00,748.8,748.92,748.8,748.92,0.02,237.38,178576.85,1
2025-06-05,2025-06-05 11:56:00,748.92,749.04,748.92,749.04,0.02,237.38,178576.85,1
2025-06-05,2025-06-05 11:57:00,749.04,749.17,749.04,749.17,0.02,237.38,178576.85,1
2025-06-05,2025-06-05 11:58:00,749.17,749.29,749.17,749.29,0.02,237.38,178576.85,1
2025-06-05,2025-06-05 11:59:00,749.29,749.41,749.29,749.41,0.02,237.38,178576.85,1
2025-06-05,2025-06-05 12:00:00,749.41,749.54,749.41,749.54,0.02,237.38,178576.85,1
2025-06-05,2025-06-05 12:01:00,749.54,749.66,749.54,749.66,0.02,237.38,178576.85,1
2025-06-05,2025-06-05 12:02:00,749.66,749.79,749.66,749.79,0.02,237.38,178576.85,1
2025-06-05,2025-06-05 12:03:00,749.79,749.91,749.79,749.91,0.02,237.38,178576.85,1
2025-06-05,2025-06-05 12:04:00,749.91,750.03,749.91,750.03,0.02,237.38,178576.85,1
2025-06-05,2025-06-05 12:05:00,750.03,750.16,750.03,750.16,0.02,237.38,178576.85,1
2025-06-05,2025-06-05 12:06:00,750.16,750.28,750.16,750.28,0.02,237.38,178576.85,1
2025-06-05,2025-06-05 12:07:00,750.28,750.4,750.28,750.4,0.02,237.38,178576.85,1
2025-06-05,2025-06-05 12:08:00,750.4,750.53,750.4,750.53,0.02,237.38,178576.85,1
2025-06-05,2025-06-05 12:09:00,750.53,750.65,750.53,750.65,0.02,237.38,178576.85,1
2025-06-05,2025-06-05 12:10:00,750.65,750.77,750.65,750.77,0.02,237.38,178576.85,1
2025-06-05,2025-06-05 12:11:00,750.77,750.9,750.77,750.9,0.02,237.38,178576.85,1
2025-06-05,2025-06-05 12:12:00,750.9,751.02,750.9,751.02,0.02,237.38,178576.85,1
2025-06-05,2025-06-05 12:13:00,751.02,751.15,751.02,751.15,0.02,237.38,178576.85,1
2025-06-05,2025-06-05 12:14:00,751.15,751.27,751.15,751.27,0.02,237.38,178576.85,1
2025-06-05,2025-06-05 12:15:00,751.27,751.39,751.27,751.39,0.02,237.38,178576.85,1
2025-06-05,2025-06-05 12:16:00,751.39,751.52,751.39,751.52,0.02,237.38,178576.85,1
2025-06-05,2025-06-05 12:17:00,751.52,751.64,751.52,751.64,0.02,237.38,178576.85,1
2025-06-05,2025-06-05 12:18:00,751.64,751.76,751.64,751.76,0.02,237.38,178576.85,1
2025-06-05,2025-06-05 12:19:00,751.76,751.89,751.76,751.89,0.02,237.38,178576.85,1
2025-06-05,2025-06-05 12:20:00,751.89,752.01,751.89,752.01,0.02,237.38,178576.85,1
2025-06-05,2025-06-05 12:21:00,752.01,752.13,752.01,752.13,0.02,237.38,178576.85,1
2025-06-05,2025-06-05 12:22:00,752.13,752.26,752.13,752.26,0.02,237.38,178576.85,1
2025-06-05,2025-06-05 12:23:00,752.26,752.38,752.26,752.38,0.02,237.38,178576.85,1
2025-06-05,2025-06-05 12:24:00,752.38,752.5,752.38,752.5,0.02,237.38,178576.85,1
2025-06-05,2025-06-05 12:25:00,752.5,752.63,752.5,752.63,0.02,237.38,178576.85,1
2025-06-05,2025-06-05 12:26:00,752.63,752.75,752.63,752.75,0.02,237.38,178576.85,1
2025-06-05,2025-06-05 12:27:00,752.75,752.88,752.75,752.88,0.02,237.38,178576.85,1
2025-06-05,2025-06-05 12:28:00,752.88,753.0,752.88,753.0,0.02,237.38,178576.85,1
2025-06-05,2025-06-05 12:29:00,753.0,753.12,753.0,753.12,0.02,237.38,178576.85,1
2025-06-05,2025-06-05 12:30:00,753.12,753.25,753.12,753.25,0.02,237.38,178576.85,1
2025-06-05,2025-06-05 12:31:00,753.25,753.37,753.25,753.37,0.02,237.38,178576.85,1
2025-06-05,2025-06-05 12:32:00,753.37,753.49,753.37,753.49,0.02,237.38,178576.85,1
2025-06-05,2025-06-05 12:33:00,753.49,753.62,753.49,753.62,0.02,237.38,178576.85,1
2025-06-05,2025-06-05 12:34:00,753.62,753.74,753.62,753.74,0.02,237.38,178576.85,1
2025-06-05,2025-06-05 12:35:00,753.74,753.86,753.74,753.86,0.02,237.38,178576.85,1
2025-06-05,2025-06-05 12:36:00,753.86,753.99,753.86,753.99,0.02,237.38,178576.85,1
2025-06-05,2025-06-05 12:37:00,753.99,754.11,753.99,754.11,0.02,237.38,178576.85,1
2025-06-05,2025-06-05 12:38:00,754.11,754.23,754.11,754.23,0.02,237.38,178576.85,1
2025-06-05,2025-06-05 12:39:00,754.23,754.36,754.23,754.36,0.02,237.38,178576.85,1
2025-06-05,2025-06-05 12:40:00,754.36,754.48,754.36,754.48,0.02,237.38,178576.85,1
2025-06-05,2025-06-05 12:41:00,754.48,754.61,754.48,754.61,0.02,237.38,178576.85,1
2025-06-05,2025-06-05 12:42:00,754.61,754.73,754.61,754.73,0.02,237.38,178576.85,1
2025-06-05,2025-06-05 12:43:00,754.73,754.85,754.73,754.85,0.02,237.38,178576.85,1
2025-06-05,2025-06-05 12:44:00,754.85,754.98,754.85,754.98,0.02,237.38,178576.85,1
2025-06-05,2025-06-05 12:45:00,754.98,755.1,754.98,755.1,0.02,237.38,178576.85,1
2025-06-05,2025-06-05 12:46:00,755.1,755.22,755.1,755.22,0.02,237.38,178576.85,1
2025-06-05,2025-06-05 12:47:00,755.22,755.35,755.22,755.35,0.02,237.38,178576.85,1
2025-06-05,2025-06-05 12:48:00,755.35,755.47,755.35,755.47,0.02,237.38,178576.85,1
2025-06-05,2025-06-05 12:49:00,755.47,755.59,755.47,755.59,0.02,237.38,178576.85,1
2025-06-05,2025-06-05 12:50:00,755.59,755.72,755.59,755.72,0.02,237.38,178576.85,1
2025-06-05,2025-06-05 12:51:00,755.72,755.84,755.72,755.84,0.02,237.38,178576.85,1
2025-06-05,2025-06-05 12:52:00,755.84,755.96,755.84,755.96,0.02,237.38,178576.85,1
2025-06-05,2025-06-05 12:53:00,755.96,756.09,755.96,756.09,0.02,237.38,178576.85,1
2025-06-05,2025-06-05 12:54:00,756.09,756.21,756.09,756.21,0.02,237.38,178576.85,1
2025-06-05,2025-06-05 12:55:00,756.21,756.34,756.21,756.34,0.02,237.38,178576.85,1
2025-06-05,2025-06-05 12:56:00,756.34,756.46,756.34,756.46,0.02,237.38,178576.85,1
2025-06-05,2025-06-05 12:57:00,756.46,756.58,756.46,756.58,0.02,237.38,178576.85,1
2025-06-05,2025-06-05 12:58:00,756.58,756.71,756.58,756.71,0.02,237.38,178576.85,1
2025-06-05,2025-06-05 12:59:00,756.71,756.83,756.71,756.83,0.02,237.38,178576.85,1
2025-06-05,2025-06-05 13:00:00,756.83,787.0,720.6,756.95,0.02,237.38,178576.85,1
2025-06-05,2025-06-05 13:01:00,756.95,757.08,756.95,757.08,0.02,237.38,178576.85,1
2025-06-05,2025-06-05 13:02:00,757.08,757.2,757.08,757.2,0.02,237.38,178576.85,1
2025-06-05,2025-06-05 13:03:00,757.2,757.32,757.2,757.32,0.02,237.38,178576.85,1
2025-06-05,2025-06-05 13:04:00,757.32,757.45,757.32,757.45,0.02,237.38,178576.85,1
2025-06-05,2025-06-05 13:05:00,757.45,757.57,757.45,757.57,0.02,237.38,178576.85,1
2025-06-05,2025-06-05 13:06:00,757.57,757.7,757.57,757.7,0.02,237.38,178576.85,1
2025-06-05,2025-06-05 13:07:00,757.7,757.82,757.7,757.82,0.02,237.38,178576.85,1
2025-06-05,2025-06-05 13:08:00,757.82,757.94,757.82,757.94,0.02,237.38,178576.85,1
2025-06-05,2025-06-05 13:09:00,757.94,758.07,757.94,758.07,0.02,237.38,178576.85,1
2025-06-05,2025-06-05 13:10:00,758.07,758.19,758.07,758.19,0.02,237.38,178576.85,1
2025-06-05,2025-06-05 13:11:00,758.19,758.31,758.19,758.31,0.02,237.38,178576.85,1
2025-06-05,2025-06-05 13:12:00,758.31,758.44,758.31,758.44,0.02,237.38,178576.85,1
2025-06-05,2025-06-05 13:13:00,758.44,758.56,758.44,758.56,0.02,237.38,178576.85,1
2025-06-05,2025-06-05 13:14:00,758.56,758.68,758.56,758.68,0.02,237.38,178576.85,1
2025-06-05,2025-06-05 13:15:00,758.68,758.81,758.68,758.81,0.02,237.38,178576.85,1
2025-06-05,2025-06-05 13:16:00,758.81,758.93,758.81,758.93,0.02,237.38,178576.85,1
2025-06-05,2025-06-05 13:17:00,758.93,759.05,758.93,759.05,0.02,237.38,178576.85,1
2025-06-05,2025-06-05 13:18:00,759.05,759.18,759.05,759.18,0.02,237.38,178576.85,1
2025-06-05,2025-06-05 13:19:00,759.18,759.3,759.18,759.3,0.02,237.38,178576.85,1
2025-06-05,2025-06-05 13:20:00,759.3,759.43,759.3,759.43,0.02,237.38,178576.85,1
2025-06-05,2025-06-05 13:21:00,759.43,759.55,759.43,759.55,0.02,237.38,178576.85,1
2025-06-05,2025-06-05 13:22:00,759.55,759.67,759.55,759.67,0.02,237.38,178576.85,1
2025-06-05,2025-06-05 13:23:00,759.67,759.8,759.67,759.8,0.02,237.38,178576.85,1
2025-06-05,2025-06-05 13:24:00,759.8,759.92,759.8,759.92,0.02,237.38,178576.85,1
2025-06-05,2025-06-05 13:25:00,759.92,760.04,759.92,760.04,0.02,237.38,178576.85,1
2025-06-05,2025-06-05 13:26:00,760.04,760.17,760.04,760.17,0.02,237.38,178576.85,1
2025-06-05,2025-06-05 13:27:00,760.17,760.29,760.17,760.29,0.02,237.38,178576.85,1
2025-06-05,2025-06-05 13:28:00,760.29,760.41,760.29,760.41,0.02,237.38,178576.85,1
2025-06-05,2025-06-05 13:29:00,760.41,760.54,760.41,760.54,0.02,237.38,178576.85,1
2025-06-05,2025-06-05 13:30:00,760.54,760.66,760.54,760.66,0.02,237.38,178576.85,1
2025-06-05,2025-06-05 13:31:00,760.66,760.78,760.66,760.78,0.02,237.38,178576.85,1
2025-06-05,2025-06-05 13:32:00,760.78,760.91,760.78,760.91,0.02,237.38,178576.85,1
2025-06-05,2025-06-05 13:33:00,760.91,761.03,760.91,761.03,0.02,237.38,178576.85,1
2025-06-05,2025-06-05 13:34:00,761.03,761.16,761.03,761.16,0.02,237.38,178576.85,1
2025-06-05,2025-06-05 13:35:00,761.16,761.28,761.16,761.28,0.02,237.38,178576.85,1
2025-06-05,2025-06-05 13:36:00,761.28,761.4,761.28,761.4,0.02,237.38,178576.85,1
2025-06-05,2025-06-05 13:37:00,761.4,761.53,761.4,761.53,0.02,237.38,178576.85,1
2025-06-05,2025-06-05 13:38:00,761.53,761.65,761.53,761.65,0.02,237.38,178576.85,1
2025-06-05,2025-06-05 13:39:00,761.65,761.77,761.65,761.77,0.02,237.38,178576.85,1
2025-06-05,2025-06-05 13:40:00,761.77,761.9,761.77,761.9,0.02,237.38,178576.85,1
2025-06-05,2025-06-05 13:41:00,761.9,762.02,761.9,762.02,0.02,237.38,178576.85,1
2025-06-05,2025-06-05 13:42:00,762.02,762.14,762.02,762.14,0.02,237.38,178576.85,1
2025-06-05,2025-06-05 13:43:00,762.14,762.27,762.14,762.27,0.02,237.38,178576.85,1
2025-06-05,2025-06-05 13:44:00,762.27,762.39,762.27,762.39,0.02,237.38,178576.85,1
2025-06-05,2025-06-05 13:45:00,762.39,762.51,762.39,762.51,0.02,237.38,178576.85,1
2025-06-05,2025-06-05 13:46:00,762.51,762.64,762.51,762.64,0.02,237.38,178576.85,1
2025-06-05,2025-06-05 13:47:00,762.64,762.76,762.64,762.76,0.02,237.38,178576.85,1
2025-06-05,2025-06-05 13:48:00,762.76,762.89,762.76,762.89,0.02,237.38,178576.85,1
2025-06-05,2025-06-05 13:49:00,762.89,763.01,762.89,763.01,0.02,237.38,178576.85,1
2025-06-05,2025-06-05 13:50:00,763.01,763.13,763.01,763.13,0.02,237.38,178576.85,1
2025-06-05,2025-06-05 13:51:00,763.13,763.26,763.13,763.26,0.02,237.38,178576.85,1
2025-06-05,2025-06-05 13:52:00,763.26,763.38,763.26,763.38,0.02,237.38,178576.85,1
2025-06-05,2025-06-05 13:53:00,763.38,763.5,763.38,763.5,0.02,237.38,178576.85,1
2025-06-05,2025-06-05 13:54:00,763.5,763.63,763.5,763.63,0.02,237.38,178576.85,1
2025-06-05,2025-06-05 13:55:00,763.63,763.75,763.63,763.75,0.02,237.38,178576.85,1
2025-06-05,2025-06-05 13:56:00,763.75,763.87,763.75,763.87,0.02,237.38,178576.85,1
2025-06-05,2025-06-05 13:57:00,763.87,764.0,763.87,764.0,0.02,237.38,178576.85,1
2025-06-05,2025-06-05 13:58:00,764.0,764.12,764.0,764.12,0.02,237.38,178576.85,1
2025-06-05,2025-06-05 13:59:00,764.12,764.25,764.12,764.25,0.02,237.38,178576.85,1
2025-06-05,2025-06-05 14:00:00,764.25,764.37,764.25,764.37,0.02,237.38,178576.85,1
2025-06-05,2025-06-05 14:01:00,764.37,764.49,764.37,764.49,0.02,237.38,178576.85,1
2025-06-05,2025-06-05 14:02:00,764.49,764.62,764.49,764.62,0.02,237.38,178576.85,1
2025-06-05,2025-06-05 14:03:00,764.62,764.74,764.62,764.74,0.02,237.38,178576.85,1
2025-06-05,2025-06-05 14:04:00,764.74,764.86,764.74,764.86,0.02,237.38,178576.85,1
2025-06-05,2025-06-05 14:05:00,764.86,764.99,764.86,764.99,0.02,237.38,178576.85,1
2025-06-05,2025-06-05 14:06:00,764.99,765.11,764.99,765.11,0.02,237.38,178576.85,1
2025-06-05,2025-06-05 14:07:00,765.11,765.23,765.11,765.23,0.02,237.38,178576.85,1
2025-06-05,2025-06-05 14:08:00,765.23,765.36,765.23,765.36,0.02,237.38,178576.85,1
2025-06-05,2025-06-05 14:09:00,765.36,765.48,765.36,765.48,0.02,237.38,178576.85,1
2025-06-05,2025-06-05 14:10:00,765.48,765.6,765.48,765.6,0.02,237.38,178576.85,1
2025-06-05,2025-06-05 14:11:00,765.6,765.73,765.6,765.73,0.02,237.38,178576.85,1
2025-06-05,2025-06-05 14:12:00,765.73,765.85,765.73,765.85,0.02,237.38,178576.85,1
2025-06-05,2025-06-05 14:13:00,765.85,765.98,765.85,765.98,0.02,237.38,178576.85,1
2025-06-05,2025-06-05 14:14:00,765.98,766.1,765.98,766.1,0.02,237.38,178576.85,1
2025-06-05,2025-06-05 14:15:00,766.1,766.22,766.1,766.22,0.02,237.38,178576.85,1
2025-06-05,2025-06-05 14:16:00,766.22,766.35,766.22,766.35,0.02,237.38,178576.85,1
2025-06-05,2025-06-05 14:17:00,766.35,766.47,766.35,766.47,0.02,237.38,178576.85,1
2025-06-05,2025-06-05 14:18:00,766.47,766.59,766.47,766.59,0.02,237.38,178576.85,1
2025-06-05,2025-06-05 14:19:00,766.59,766.72,766.59,766.72,0.02,237.38,178576.85,1
2025-06-05,2025-06-05 14:20:00,766.72,766.84,766.72,766.84,0.02,237.38,178576.85,1
2025-06-05,2025-06-05 14:21:00,766.84,766.96,766.84,766.96,0.02,237.38,178576.85,1
2025-06-05,2025-06-05 14:22:00,766.96,767.09,766.96,767.09,0.02,237.38,178576.85,1
2025-06-05,2025-06-05 14:23:00,767.09,767.21,767.09,767.21,0.02,237.38,178576.85,1
2025-06-05,2025-06-05 14:24:00,767.21,767.33,767.21,767.33,0.02,237.38,178576.85,1
2025-06-05,2025-06-05 14:25:00,767.33,767.46,767.33,767.46,0.02,237.38,178576.85,1
2025-06-05,2025-06-05 14:26:00,767.46,767.58,767.46,767.58,0.02,237.38,178576.85,1
2025-06-05,2025-06-05 14:27:00,767.58,767.71,767.58,767.71,0.02,237.38,178576.85,1
2025-06-05,2025-06-05 14:28:00,767.71,767.83,767.71,767.83,0.02,237.38,178576.85,1
2025-06-05,2025-06-05 14:29:00,767.83,767.95,767.83,767.95,0.02,237.38,178576.85,1
2025-06-05,2025-06-05 14:30:00,767.95,768.08,767.95,768.08,0.02,237.38,178576.85,1
2025-06-05,2025-06-05 14:31:00,768.08,768.2,768.08,768.2,0.02,237.38,178576.85,1
2025-06-05,2025-06-05 14:32:00,768.2,768.32,768.2,768.32,0.02,237.38,178576.85,1
2025-06-05,2025-06-05 14:33:00,768.32,768.45,768.32,768.45,0.02,237.38,178576.85,1
2025-06-05,2025-06-05 14:34:00,768.45,768.57,768.45,768.57,0.02,237.38,178576.85,1
2025-06-05,2025-06-05 14:35:00,768.57,768.69,768.57,768.69,0.02,237.38,178576.85,1
2025-06-05,2025-06-05 14:36:00,768.69,768.82,768.69,768.82,0.02,237.38,178576.85,1
2025-06-05,2025-06-05 14:37:00,768.82,768.94,768.82,768.94,0.02,237.38,178576.85,1
2025-06-05,2025-06-05 14:38:00,768.94,769.06,768.94,769.06,0.02,237.38,178576.85,1
2025-06-05,2025-06-05 14:39:00,769.06,769.19,769.06,769.19,0.02,237.38,178576.85,1
2025-06-05,2025-06-05 14:40:00,769.19,769.31,769.19,769.31,0.02,237.38,178576.85,1
2025-06-05,2025-06-05 14:41:00,769.31,769.44,769.31,769.44,0.02,237.38,178576.85,1
2025-06-05,2025-06-05 14:42:00,769.44,769.56,769.44,769.56,0.02,237.38,178576.85,1
2025-06-05,2025-06-05 14:43:00,769.56,769.68,769.56,769.68,0.02,237.38,178576.85,1
2025-06-05,2025-06-05 14:44:00,769.68,769.81,769.68,769.81,0.02,237.38,178576.85,1
2025-06-05,2025-06-05 14:45:00,769.81,769.93,769.81,769.93,0.02,237.38,178576.85,1
2025-06-05,2025-06-05 14:46:00,769.93,770.05,769.93,770.05,0.02,237.38,178576.85,1
2025-06-05,2025-06-05 14:47:00,770.05,770.18,770.05,770.18,0.02,237.38,178576.85,1
2025-06-05,2025-06-05 14:48:00,770.18,770.3,770.18,770.3,0.02,237.38,178576.85,1
2025-06-05,2025-06-05 14:49:00,770.3,770.42,770.3,770.42,0.02,237.38,178576.85,1
2025-06-05,2025-06-05 14:50:00,770.42,770.55,770.42,770.55,0.02,237.38,178576.85,1
2025-06-05,2025-06-05 14:51:00,770.55,770.67,770.55,770.67,0.02,237.38,178576.85,1
2025-06-05,2025-06-05 14:52:00,770.67,770.79,770.67,770.79,0.02,237.38,178576.85,1
2025-06-05,2025-06-05 14:53:00,770.79,770.92,770.79,770.92,0.02,237.38,178576.85,1
2025-06-05,2025-06-05 14:54:00,770.92,771.04,770.92,771.04,0.02,237.38,178576.85,1
2025-06-05,2025-06-05 14:55:00,771.04,771.17,771.04,771.17,0.02,237.38,178576.85,1
2025-06-05,2025-06-05 14:56:00,771.17,771.29,771.17,771.29,0.02,237.38,178576.85,1
2025-06-05,2025-06-05 14:57:00,771.29,771.41,771.29,771.41,0.02,237.38,178576.85,1
2025-06-05,2025-06-05 14:58:00,771.41,771.54,771.41,771.54,0.02,237.38,178576.85,1
2025-06-05,2025-06-05 14:59:00,771.54,771.66,771.54,771.66,0.02,237.38,178576.85,1
2025-06-05,2025-06-05 15:00:00,771.66,787.0,720.6,771.66,0.0,237.38,178576.85,0
2025-06-08,2025-06-08 11:00:00,756.3,769.41,739.38,756.42,0.02,298.11,221457.1,1
2025-06-08,2025-06-08 11:01:00,756.42,756.53,756.42,756.53,0.01,298.11,221457.1,1
2025-06-08,2025-06-08 11:02:00,756.53,756.65,756.53,756.65,0.02,298.11,221457.1,1
2025-06-08,2025-06-08 11:03:00,756.65,756.76,756.65,756.76,0.01,298.11,221457.1,1
2025-06-08,2025-06-08 11:04:00,756.76,756.88,756.76,756.88,0.02,298.11,221457.1,1
2025-06-08,2025-06-08 11:05:00,756.88,757.0,756.88,757.0,0.02,298.11,221457.1,1
2025-06-08,2025-06-08 11:06:00,757.0,757.11,757.0,757.11,0.01,298.11,221457.1,1
2025-06-08,2025-06-08 11:07:00,757.11,757.23,757.11,757.23,0.02,298.11,221457.1,1
2025-06-08,2025-06-08 11:08:00,757.23,757.34,757.23,757.34,0.01,298.11,221457.1,1
2025-06-08,2025-06-08 11:09:00,757.34,757.46,757.34,757.46,0.02,298.11,221457.1,1
2025-06-08,2025-06-08 11:10:00,757.46,757.58,757.46,757.58,0.02,298.11,221457.1,1
2025-06-08,2025-06-08 11:11:00,757.58,757.69,757.58,757.69,0.01,298.11,221457.1,1
2025-06-08,2025-06-08 11:12:00,757.69,757.81,757.69,757.81,0.02,298.11,221457.1,1
2025-06-08,2025-06-08 11:13:00,757.81,757.92,757.81,757.92,0.01,298.11,221457.1,1
2025-06-08,2025-06-08 11:14:00,757.92,758.04,757.92,758.04,0.02,298.11,221457.1,1
2025-06-08,2025-06-08 11:15:00,758.04,758.16,758.04,758.16,0.02,298.11,221457.1,1
2025-06-08,2025-06-08 11:16:00,758.16,758.27,758.16,758.27,0.01,298.11,221457.1,1
2025-06-08,2025-06-08 11:17:00,758.27,758.39,758.27,758.39,0.02,298.11,221457.1,1
2025-06-08,2025-06-08 11:18:00,758.39,758.5,758.39,758.5,0.01,298.11,221457.1,1
2025-06-08,2025-06-08 11:19:00,758.5,758.62,758.5,758.62,0.02,298.11,221457.1,1
2025-06-08,2025-06-08 11:20:00,758.62,758.74,758.62,758.74,0.02,298.11,221457.1,1
2025-06-08,2025-06-08 11:21:00,758.74,758.85,758.74,758.85,0.01,298.11,221457.1,1
2025-06-08,2025-06-08 11:22:00,758.85,758.97,758.85,758.97,0.02,298.11,221457.1,1
2025-06-08,2025-06-08 11:23:00,758.97,759.08,758.97,759.08,0.01,298.11,221457.1,1
2025-06-08,2025-06-08 11:24:00,759.08,759.2,759.08,759.2,0.02,298.11,221457.1,1
2025-06-08,2025-06-08 11:25:00,759.2,759.32,759.2,759.32,0.02,298.11,221457.1,1
2025-06-08,2025-06-08 11:26:00,759.32,759.43,759.32,759.43,0.01,298.11,221457.1,1
2025-06-08,2025-06-08 11:27:00,759.43,759.55,759.43,759.55,0.02,298.11,221457.1,1
2025-06-08,2025-06-08 11:28:00,759.55,759.66,759.55,759.66,0.01,298.11,221457.1,1
2025-06-08,2025-06-08 11:29:00,759.66,759.78,759.66,759.78,0.02,298.11,221457.1,1
2025-06-08,2025-06-08 11:30:00,759.78,759.9,759.78,759.9,0.02,298.11,221457.1,1
2025-06-08,2025-06-08 11:31:00,759.9,760.01,759.9,760.01,0.01,298.11,221457.1,1
2025-06-08,2025-06-08 11:32:00,760.01,760.13,760.01,760.13,0.02,298.11,221457.1,1
2025-06-08,2025-06-08 11:33:00,760.13,760.24,760.13,760.24,0.01,298.11,221457.1,1
2025-06-08,2025-06-08 11:34:00,760.24,760.36,760.24,760.36,0.02,298.11,221457.1,1
2025-06-08,2025-06-08 11:35:00,760.36,760.48,760.36,760.48,0.02,298.11,221457.1,1
2025-06-08,2025-06-08 11:36:00,760.48,760.59,760.48,760.59,0.01,298.11,221457.1,1
2025-06-08,2025-06-08 11:37:00,760.59,760.71,760.59,760.71,0.02,298.11,221457.1,1
2025-06-08,2025-06-08 11:38:00,760.71,760.82,760.71,760.82,0.01,298.11,221457.1,1
2025-06-08,2025-06-08 11:39:00,760.82,760.94,760.82,760.94,0.02,298.11,221457.1,1
2025-06-08,2025-06-08 11:40:00,760.94,761.06,760.94,761.06,0.02,298.11,221457.1,1
2025-06-08,2025-06-08 11:41:00,761.06,761.17,761.06,761.17,0.01,298.11,221457.1,1
2025-06-08,2025-06-08 11:42:00,761.17,761.29,761.17,761.29,0.02,298.11,221457.1,1
2025-06-08,2025-06-08 11:43:00,761.29,761.4,761.29,761.4,0.01,298.11,221457.1,1
2025-06-08,2025-06-08 11:44:00,761.4,761.52,761.4,761.52,0.02,298.11,221457.1,1
2025-06-08,2025-06-08 11:45:00,761.52,761.64,761.52,761.64,0.02,298.11,221457.1,1
2025-06-08,2025-06-08 11:46:00,761.64,761.75,761.64,761.75,0.01,298.11,221457.1,1
2025-06-08,2025-06-08 11:47:00,761.75,761.87,761.75,761.87,0.02,298.11,221457.1,1
2025-06-08,2025-06-08 11:48:00,761.87,761.98,761.87,761.98,0.01,298.11,221457.1,1
2025-06-08,2025-06-08 11:49:00,761.98,762.1,761.98,762.1,0.02,298.11,221457.1,1
2025-06-08,2025-06-08 11:50:00,762.1,762.22,762.1,762.22,0.02,298.11,221457.1,1
2025-06-08,2025-06-08 11:51:00,762.22,762.33,762.22,762.33,0.01,298.11,221457.1,1
2025-06-08,2025-06-08 11:52:00,762.33,762.45,762.33,762.45,0.02,298.11,221457.1,1
2025-06-08,2025-06-08 11:53:00,762.45,762.56,762.45,762.56,0.01,298.11,221457.1,1
2025-06-08,2025-06-08 11:54:00,762.56,762.68,762.56,762.68,0.02,298.11,221457.1,1
2025-06-08,2025-06-08 11:55:00,762.68,762.8,762.68,762.8,0.02,298.11,221457.1,1
2025-06-08,2025-06-08 11:56:00,762.8,762.91,762.8,762.91,0.01,298.11,221457.1,1
2025-06-08,2025-06-08 11:57:00,762.91,763.03,762.91,763.03,0.02,298.11,221457.1,1
2025-06-08,2025-06-08 11:58:00,763.03,763.14,763.03,763.14,0.01,298.11,221457.1,1
2025-06-08,2025-06-08 11:59:00,763.14,763.26,763.14,763.26,0.02,298.11,221457.1,1
2025-06-08,2025-06-08 12:00:00,763.26,763.38,763.26,763.38,0.02,298.11,221457.1,1
2025-06-08,2025-06-08 12:01:00,763.38,763.49,763.38,763.49,0.01,298.11,221457.1,1
2025-06-08,2025-06-08 12:02:00,763.49,763.61,763.49,763.61,0.02,298.11,221457.1,1
2025-06-08,2025-06-08 12:03:00,763.61,763.72,763.61,763.72,0.01,298.11,221457.1,1
2025-06-08,2025-06-08 12:04:00,763.72,763.84,763.72,763.84,0.02,298.11,221457.1,1
2025-06-08,2025-06-08 12:05:00,763.84,763.96,763.84,763.96,0.02,298.11,221457.1,1
2025-06-08,2025-06-08 12:06:00,763.96,764.07,763.96,764.07,0.01,298.11,221457.1,1
2025-06-08,2025-06-08 12:07:00,764.07,764.19,764.07,764.19,0.02,298.11,221457.1,1
2025-06-08,2025-06-08 12:08:00,764.19,764.3,764.19,764.3,0.01,298.11,221457.1,1
2025-06-08,2025-06-08 12:09:00,764.3,764.42,764.3,764.42,0.02,298.11,221457.1,1
2025-06-08,2025-06-08 12:10:00,764.42,764.54,764.42,764.54,0.02,298.11,221457.1,1
2025-06-08,2025-06-08 12:11:00,764.54,764.65,764.54,764.65,0.01,298.11,221457.1,1
2025-06-08,2025-06-08 12:12:00,764.65,764.77,764.65,764.77,0.02,298.11,221457.1,1
2025-06-08,2025-06-08 12:13:00,764.77,764.88,764.77,764.88,0.01,298.11,221457.1,1
2025-06-08,2025-06-08 12:14:00,764.88,765.0,764.88,765.0,0.02,298.11,221457.1,1
2025-06-08,2025-06-08 12:15:00,765.0,765.12,765.0,765.12,0.02,298.11,221457.1,1
2025-06-08,2025-06-08 12:16:00,765.12,765.23,765.12,765.23,0.01,298.11,221457.1,1
2025-06-08,2025-06-08 12:17:00,765.23,765.35,765.23,765.35,0.02,298.11,221457.1,1
2025-06-08,2025-06-08 12:18:00,765.35,765.46,765.35,765.46,0.01,298.11,221457.1,1
2025-06-08,2025-06-08 12:19:00,765.46,765.58,765.46,765.58,0.02,298.11,221457.1,1
2025-06-08,2025-06-08 12:20:00,765.58,765.7,765.58,765.7,0.02,298.11,221457.1,1
2025-06-08,2025-06-08 12:21:00,765.7,765.81,765.7,765.81,0.01,298.11,221457.1,1
2025-06-08,2025-06-08 12:22:00,765.81,765.93,765.81,765.93,0.02,298.11,221457.1,1
2025-06-08,2025-06-08 12:23:00,765.93,766.04,765.93,766.04,0.01,298.11,221457.1,1
2025-06-08,2025-06-08 12:24:00,766.04,766.16,766.04,766.16,0.02,298.11,221457.1,1
2025-06-08,2025-06-08 12:25:00,766.16,766.28,766.16,766.28,0.02,298.11,221457.1,1
2025-06-08,2025-06-08 12:26:00,766.28,766.39,766.28,766.39,0.01,298.11,221457.1,1
2025-06-08,2025-06-08 12:27:00,766.39,766.51,766.39,766.51,0.02,298.11,221457.1,1
2025-06-08,2025-06-08 12:28:00,766.51,766.62,766.51,766.62,0.01,298.11,221457.1,1
2025-06-08,2025-06-08 12:29:00,766.62,766.74,766.62,766.74,0.02,298.11,221457.1,1
2025-06-08,2025-06-08 12:30:00,766.74,766.86,766.74,766.86,0.02,298.11,221457.1,1
2025-06-08,2025-06-08 12:31:00,766.86,766.97,766.86,766.97,0.01,298.11,221457.1,1
2025-06-08,2025-06-08 12:32:00,766.97,767.09,766.97,767.09,0.02,298.11,221457.1,1
2025-06-08,2025-06-08 12:33:00,767.09,767.2,767.09,767.2,0.01,298.11,221457.1,1
2025-06-08,2025-06-08 12:34:00,767.2,767.32,767.2,767.32,0.02,298.11,221457.1,1
2025-06-08,2025-06-08 12:35:00,767.32,767.44,767.32,767.44,0.02,298.11,221457.1,1
2025-06-08,2025-06-08 12:36:00,767.44,767.55,767.44,767.55,0.01,298.11,221457.1,1
2025-06-08,2025-06-08 12:37:00,767.55,767.67,767.55,767.67,0.02,298.11,221457.1,1
2025-06-08,2025-06-08 12:38:00,767.67,767.78,767.67,767.78,0.01,298.11,221457.1,1
2025-06-08,2025-06-08 12:39:00,767.78,767.9,767.78,767.9,0.02,298.11,221457.1,1
2025-06-08,2025-06-08 12:40:00,767.9,768.02,767.9,768.02,0.02,298.11,221457.1,1
2025-06-08,2025-06-08 12:41:00,768.02,768.13,768.02,768.13,0.01,298.11,221457.1,1
2025-06-08,2025-06-08 12:42:00,768.13,768.25,768.13,768.25,0.02,298.11,221457.1,1
2025-06-08,2025-06-08 12:43:00,768.25,768.36,768.25,768.36,0.01,298.11,221457.1,1
2025-06-08,2025-06-08 12:44:00,768.36,768.48,768.36,768.48,0.02,298.11,221457.1,1
2025-06-08,2025-06-08 12:45:00,768.48,768.6,768.48,768.6,0.02,298.11,221457.1,1
2025-06-08,2025-06-08 12:46:00,768.6,768.71,768.6,768.71,0.01,298.11,221457.1,1
2025-06-08,2025-06-08 12:47:00,768.71,768.83,768.71,768.83,0.02,298.11,221457.1,1
2025-06-08,2025-06-08 12:48:00,768.83,768.94,768.83,768.94,0.01,298.11,221457.1,1
2025-06-08,2025-06-08 12:49:00,768.94,769.06,768.94,769.06,0.02,298.11,221457.1,1
2025-06-08,2025-06-08 12:50:00,769.06,769.18,769.06,769.18,0.02,298.11,221457.1,1
2025-06-08,2025-06-08 12:51:00,769.18,769.29,769.18,769.29,0.01,298.11,221457.1,1
2025-06-08,2025-06-08 12:52:00,769.29,769.41,769.29,769.41,0.02,298.11,221457.1,1
2025-06-08,2025-06-08 12:53:00,769.41,769.52,769.41,769.52,0.01,298.11,221457.1,1
2025-06-08,2025-06-08 12:54:00,769.52,769.64,769.52,769.64,0.02,298.11,221457.1,1
2025-06-08,2025-06-08 12:55:00,769.64,769.76,769.64,769.76,0.02,298.11,221457.1,1
2025-06-08,2025-06-08 12:56:00,769.76,769.87,769.76,769.87,0.01,298.11,221457.1,1
2025-06-08,2025-06-08 12:57:00,769.87,769.99,769.87,769.99,0.02,298.11,221457.1,1
2025-06-08,2025-06-08 12:58:00,769.99,770.1,769.99,770.1,0.01,298.11,221457.1,1
2025-06-08,2025-06-08 12:59:00,770.1,770.22,770.1,770.22,0.02,298.11,221457.1,1
2025-06-08,2025-06-08 13:00:00,770.22,800.0,699.9,770.34,0.02,298.11,221457.1,1
2025-06-08,2025-06-08 13:01:00,770.34,770.45,770.34,770.45,0.01,298.11,221457.1,1
2025-06-08,2025-06-08 13:02:00,770.45,770.57,770.45,770.57,0.02,298.11,221457.1,1
2025-06-08,2025-06-08 13:03:00,770.57,770.68,770.57,770.68,0.01,298.11,221457.1,1
2025-06-08,2025-06-08 13:04:00,770.68,770.8,770.68,770.8,0.02,298.11,221457.1,1
2025-06-08,2025-06-08 13:05:00,770.8,770.92,770.8,770.92,0.02,298.11,221457.1,1
2025-06-08,2025-06-08 13:06:00,770.92,771.03,770.92,771.03,0.01,298.11,221457.1,1
2025-06-08,2025-06-08 13:07:00,771.03,771.15,771.03,771.15,0.02,298.11,221457.1,1
2025-06-08,2025-06-08 13:08:00,771.15,771.26,771.15,771.26,0.01,298.11,221457.1,1
2025-06-08,2025-06-08 13:09:00,771.26,771.38,771.26,771.38,0.02,298.11,221457.1,1
2025-06-08,2025-06-08 13:10:00,771.38,771.5,771.38,771.5,0.02,298.11,221457.1,1
2025-06-08,2025-06-08 13:11:00,771.5,771.61,771.5,771.61,0.01,298.11,221457.1,1
2025-06-08,2025-06-08 13:12:00,771.61,771.73,771.61,771.73,0.02,298.11,221457.1,1
2025-06-08,2025-06-08 13:13:00,771.73,771.84,771.73,771.84,0.01,298.11,221457.1,1
2025-06-08,2025-06-08 13:14:00,771.84,771.96,771.84,771.96,0.02,298.11,221457.1,1
2025-06-08,2025-06-08 13:15:00,771.96,772.08,771.96,772.08,0.02,298.11,221457.1,1
2025-06-08,2025-06-08 13:16:00,772.08,772.19,772.08,772.19,0.01,298.11,221457.1,1
2025-06-08,2025-06-08 13:17:00,772.19,772.31,772.19,772.31,0.02,298.11,221457.1,1
2025-06-08,2025-06-08 13:18:00,772.31,772.42,772.31,772.42,0.01,298.11,221457.1,1
2025-06-08,2025-06-08 13:19:00,772.42,772.54,772.42,772.54,0.02,298.11,221457.1,1
2025-06-08,2025-06-08 13:20:00,772.54,772.66,772.54,772.66,0.02,298.11,221457.1,1
2025-06-08,2025-06-08 13:21:00,772.66,772.77,772.66,772.77,0.01,298.11,221457.1,1
2025-06-08,2025-06-08 13:22:00,772.77,772.89,772.77,772.89,0.02,298.11,221457.1,1
2025-06-08,2025-06-08 13:23:00,772.89,773.0,772.89,773.0,0.01,298.11,221457.1,1
2025-06-08,2025-06-08 13:24:00,773.0,773.12,773.0,773.12,0.02,298.11,221457.1,1
2025-06-08,2025-06-08 13:25:00,773.12,773.24,773.12,773.24,0.02,298.11,221457.1,1
2025-06-08,2025-06-08 13:26:00,773.24,773.35,773.24,773.35,0.01,298.11,221457.1,1
2025-06-08,2025-06-08 13:27:00,773.35,773.47,773.35,773.47,0.02,298.11,221457.1,1
2025-06-08,2025-06-08 13:28:00,773.47,773.58,773.47,773.58,0.01,298.11,221457.1,1
2025-06-08,2025-06-08 13:29:00,773.58,773.7,773.58,773.7,0.02,298.11,221457.1,1
2025-06-08,2025-06-08 13:30:00,773.7,773.82,773.7,773.82,0.02,298.11,221457.1,1
2025-06-08,2025-06-08 13:31:00,773.82,773.93,773.82,773.93,0.01,298.11,221457.1,1
2025-06-08,2025-06-08 13:32:00,773.93,774.05,773.93,774.05,0.02,298.11,221457.1,1
2025-06-08,2025-06-08 13:33:00,774.05,774.16,774.05,774.16,0.01,298.11,221457.1,1
2025-06-08,2025-06-08 13:34:00,774.16,774.28,774.16,774.28,0.02,298.11,221457.1,1
2025-06-08,2025-06-08 13:35:00,774.28,774.4,774.28,774.4,0.02,298.11,221457.1,1
2025-06-08,2025-06-08 13:36:00,774.4,774.51,774.4,774.51,0.01,298.11,221457.1,1
2025-06-08,2025-06-08 13:37:00,774.51,774.63,774.51,774.63,0.02,298.11,221457.1,1
2025-06-08,2025-06-08 13:38:00,774.63,774.74,774.63,774.74,0.01,298.11,221457.1,1
2025-06-08,2025-06-08 13:39:00,774.74,774.86,774.74,774.86,0.02,298.11,221457.1,1
2025-06-08,2025-06-08 13:40:00,774.86,774.98,774.86,774.98,0.02,298.11,221457.1,1
2025-06-08,2025-06-08 13:41:00,774.98,775.09,774.98,775.09,0.01,298.11,221457.1,1
2025-06-08,2025-06-08 13:42:00,775.09,775.21,775.09,775.21,0.02,298.11,221457.1,1
2025-06-08,2025-06-08 13:43:00,775.21,775.32,775.21,775.32,0.01,298.11,221457.1,1
2025-06-08,2025-06-08 13:44:00,775.32,775.44,775.32,775.44,0.02,298.11,221457.1,1
2025-06-08,2025-06-08 13:45:00,775.44,775.56,775.44,775.56,0.02,298.11,221457.1,1
2025-06-08,2025-06-08 13:46:00,775.56,775.67,775.56,775.67,0.01,298.11,221457.1,1
2025-06-08,2025-06-08 13:47:00,775.67,775.79,775.67,775.79,0.02,298.11,221457.1,1
2025-06-08,2025-06-08 13:48:00,775.79,775.9,775.79,775.9,0.01,298.11,221457.1,1
2025-06-08,2025-06-08 13:49:00,775.9,776.02,775.9,776.02,0.02,298.11,221457.1,1
2025-06-08,2025-06-08 13:50:00,776.02,776.14,776.02,776.14,0.02,298.11,221457.1,1
2025-06-08,2025-06-08 13:51:00,776.14,776.25,776.14,776.25,0.01,298.11,221457.1,1
2025-06-08,2025-06-08 13:52:00,776.25,776.37,776.25,776.37,0.02,298.11,221457.1,1
2025-06-08,2025-06-08 13:53:00,776.37,776.48,776.37,776.48,0.01,298.11,221457.1,1
2025-06-08,2025-06-08 13:54:00,776.48,776.6,776.48,776.6,0.02,298.11,221457.1,1
2025-06-08,2025-06-08 13:55:00,776.6,776.72,776.6,776.72,0.02,298.11,221457.1,1
2025-06-08,2025-06-08 13:56:00,776.72,776.83,776.72,776.83,0.01,298.11,221457.1,1
2025-06-08,2025-06-08 13:57:00,776.83,776.95,776.83,776.95,0.02,298.11,221457.1,1
2025-06-08,2025-06-08 13:58:00,776.95,777.06,776.95,777.06,0.01,298.11,221457.1,1
2025-06-08,2025-06-08 13:59:00,777.06,777.18,777.06,777.18,0.02,298.11,221457.1,1
2025-06-08,2025-06-08 14:00:00,777.18,777.3,777.18,777.3,0.02,298.11,221457.1,1
2025-06-08,2025-06-08 14:01:00,777.3,777.41,777.3,777.41,0.01,298.11,221457.1,1
2025-06-08,2025-06-08 14:02:00,777.41,777.53,777.41,777.53,0.02,298.11,221457.1,1
2025-06-08,2025-06-08 14:03:00,777.53,777.64,777.53,777.64,0.01,298.11,221457.1,1
2025-06-08,2025-06-08 14:04:00,777.64,777.76,777.64,777.76,0.02,298.11,221457.1,1
2025-06-08,2025-06-08 14:05:00,777.76,777.88,777.76,777.88,0.02,298.11,221457.1,1
2025-06-08,2025-06-08 14:06:00,777.88,777.99,777.88,777.99,0.01,298.11,221457.1,1
2025-06-08,2025-06-08 14:07:00,777.99,778.11,777.99,778.11,0.02,298.11,221457.1,1
2025-06-08,2025-06-08 14:08:00,778.11,778.22,778.11,778.22,0.01,298.11,221457.1,1
2025-06-08,2025-06-08 14:09:00,778.22,778.34,778.22,778.34,0.02,298.11,221457.1,1
2025-06-08,2025-06-08 14:10:00,778.34,778.46,778.34,778.46,0.02,298.11,221457.1,1
2025-06-08,2025-06-08 14:11:00,778.46,778.57,778.46,778.57,0.01,298.11,221457.1,1
2025-06-08,2025-06-08 14:12:00,778.57,778.69,778.57,778.69,0.02,298.11,221457.1,1
2025-06-08,2025-06-08 14:13:00,778.69,778.8,778.69,778.8,0.01,298.11,221457.1,1
2025-06-08,2025-06-08 14:14:00,778.8,778.92,778.8,778.92,0.02,298.11,221457.1,1
2025-06-08,2025-06-08 14:15:00,778.92,779.04,778.92,779.04,0.02,298.11,221457.1,1
2025-06-08,2025-06-08 14:16:00,779.04,779.15,779.04,779.15,0.01,298.11,221457.1,1
2025-06-08,2025-06-08 14:17:00,779.15,779.27,779.15,779.27,0.02,298.11,221457.1,1
2025-06-08,2025-06-08 14:18:00,779.27,779.38,779.27,779.38,0.01,298.11,221457.1,1
2025-06-08,2025-06-08 14:19:00,779.38,779.5,779.38,779.5,0.02,298.11,221457.1,1
2025-06-08,2025-06-08 14:20:00,779.5,779.62,779.5,779.62,0.02,298.11,221457.1,1
2025-06-08,2025-06-08 14:21:00,779.62,779.73,779.62,779.73,0.01,298.11,221457.1,1
2025-06-08,2025-06-08 14:22:00,779.73,779.85,779.73,779.85,0.02,298.11,221457.1,1
2025-06-08,2025-06-08 14:23:00,779.85,779.96,779.85,779.96,0.01,298.11,221457.1,1
2025-06-08,2025-06-08 14:24:00,779.96,780.08,779.96,780.08,0.02,298.11,221457.1,1
2025-06-08,2025-06-08 14:25:00,780.08,780.2,780.08,780.2,0.02,298.11,221457.1,1
2025-06-08,2025-06-08 14:26:00,780.2,780.31,780.2,780.31,0.01,298.11,221457.1,1
2025-06-08,2025-06-08 14:27:00,780.31,780.43,780.31,780.43,0.02,298.11,221457.1,1
2025-06-08,2025-06-08 14:28:00,780.43,780.54,780.43,780.54,0.01,298.11,221457.1,1
2025-06-08,2025-06-08 14:29:00,780.54,780.66,780.54,780.66,0.02,298.11,221457.1,1
2025-06-08,2025-06-08 14:30:00,780.66,780.78,780.66,780.78,0.02,298.11,221457.1,1
2025-06-08,2025-06-08 14:31:00,780.78,780.89,780.78,780.89,0.01,298.11,221457.1,1
2025-06-08,2025-06-08 14:32:00,780.89,781.01,780.89,781.01,0.02,298.11,221457.1,1
2025-06-08,2025-06-08 14:33:00,781.01,781.12,781.01,781.12,0.01,298.11,221457.1,1
2025-06-08,2025-06-08 14:34:00,781.12,781.24,781.12,781.24,0.02,298.11,221457.1,1
2025-06-08,2025-06-08 14:35:00,781.24,781.36,781.24,781.36,0.02,298.11,221457.1,1
2025-06-08,2025-06-08 14:36:00,781.36,781.47,781.36,781.47,0.01,298.11,221457.1,1
2025-06-08,2025-06-08 14:37:00,781.47,781.59,781.47,781.59,0.02,298.11,221457.1,1
2025-06-08,2025-06-08 14:38:00,781.59,781.7,781.59,781.7,0.01,298.11,221457.1,1
2025-06-08,2025-06-08 14:39:00,781.7,781.82,781.7,781.82,0.02,298.11,221457.1,1
2025-06-08,2025-06-08 14:40:00,781.82,781.94,781.82,781.94,0.02,298.11,221457.1,1
2025-06-08,2025-06-08 14:41:00,781.94,782.05,781.94,782.05,0.01,298.11,221457.1,1
2025-06-08,2025-06-08 14:42:00,782.05,782.17,782.05,782.17,0.02,298.11,221457.1,1
2025-06-08,2025-06-08 14:43:00,782.17,782.28,782.17,782.28,0.01,298.11,221457.1,1
2025-06-08,2025-06-08 14:44:00,782.28,782.4,782.28,782.4,0.02,298.11,221457.1,1
2025-06-08,2025-06-08 14:45:00,782.4,782.52,782.4,782.52,0.02,298.11,221457.1,1
2025-06-08,2025-06-08 14:46:00,782.52,782.63,782.52,782.63,0.01,298.11,221457.1,1
2025-06-08,2025-06-08 14:47:00,782.63,782.75,782.63,782.75,0.02,298.11,221457.1,1
2025-06-08,2025-06-08 14:48:00,782.75,782.86,782.75,782.86,0.01,298.11,221457.1,1
2025-06-08,2025-06-08 14:49:00,782.86,782.98,782.86,782.98,0.02,298.11,221457.1,1
2025-06-08,2025-06-08 14:50:00,782.98,783.1,782.98,783.1,0.02,298.11,221457.1,1
2025-06-08,2025-06-08 14:51:00,783.1,783.21,783.1,783.21,0.01,298.11,221457.1,1
2025-06-08,2025-06-08 14:52:00,783.21,783.33,783.21,783.33,0.02,298.11,221457.1,1
2025-06-08,2025-06-08 14:53:00,783.33,783.44,783.33,783.44,0.01,298.11,221457.1,1
2025-06-08,2025-06-08 14:54:00,783.44,783.56,783.44,783.56,0.02,298.11,221457.1,1
2025-06-08,2025-06-08 14:55:00,783.56,783.68,783.56,783.68,0.02,298.11,221457.1,1
2025-06-08,2025-06-08 14:56:00,783.68,783.79,783.68,783.79,0.01,298.11,221457.1,1
2025-06-08,2025-06-08 14:57:00,783.79,783.91,783.79,783.91,0.02,298.11,221457.1,1
2025-06-08,2025-06-08 14:58:00,783.91,784.02,783.91,784.02,0.01,298.11,221457.1,1
2025-06-08,2025-06-08 14:59:00,784.02,784.14,784.02,784.14,0.02,298.11,221457.1,1
2025-06-08,2025-06-08 15:00:00,784.14,800.0,699.9,784.14,0.0,298.11,221457.1,0
2025-06-09,2025-06-09 11:00:00,768.5,768.5,749.69,768.32,-0.02,250.25,180858.24,-1
2025-06-09,2025-06-09 11:01:00,768.32,768.32,768.14,768.14,-0.02,250.25,180858.24,-1
2025-06-09,2025-06-09 11:02:00,768.14,768.14,767.96,767.96,-0.02,250.25,180858.24,-1
2025-06-09,2025-06-09 11:03:00,767.96,767.96,767.78,767.78,-0.02,250.25,180858.24,-1
2025-06-09,2025-06-09 11:04:00,767.78,767.78,767.61,767.61,-0.02,250.25,180858.24,-1
2025-06-09,2025-06-09 11:05:00,767.61,767.61,767.43,767.43,-0.02,250.25,180858.24,-1
2025-06-09,2025-06-09 11:06:00,767.43,767.43,767.25,767.25,-0.02,250.25,180858.24,-1
2025-06-09,2025-06-09 11:07:00,767.25,767.25,767.07,767.07,-0.02,250.25,180858.24,-1
2025-06-09,2025-06-09 11:08:00,767.07,767.07,766.89,766.89,-0.02,250.25,180858.24,-1
2025-06-09,2025-06-09 11:09:00,766.89,766.89,766.71,766.71,-0.02,250.25,180858.24,-1
2025-06-09,2025-06-09 11:10:00,766.71,766.71,766.53,766.53,-0.02,250.25,180858.24,-1
2025-06-09,2025-06-09 11:11:00,766.53,766.53,766.35,766.35,-0.02,250.25,180858.24,-1
2025-06-09,2025-06-09 11:12:00,766.35,766.35,766.18,766.18,-0.02,250.25,180858.24,-1
2025-06-09,2025-06-09 11:13:00,766.18,766.18,766.0,766.0,-0.02,250.25,180858.24,-1
2025-06-09,2025-06-09 11:14:00,766.0,766.0,765.82,765.82,-0.02,250.25,180858.24,-1
2025-06-09,2025-06-09 11:15:00,765.82,765.82,765.64,765.64,-0.02,250.25,180858.24,-1
2025-06-09,2025-06-09 11:16:00,765.64,765.64,765.46,765.46,-0.02,250.25,180858.24,-1
2025-06-09,2025-06-09 11:17:00,765.46,765.46,765.28,765.28,-0.02,250.25,180858.24,-1
2025-06-09,2025-06-09 11:18:00,765.28,765.28,765.1,765.1,-0.02,250.25,180858.24,-1
2025-06-09,2025-06-09 11:19:00,765.1,765.1,764.92,764.92,-0.02,250.25,180858.24,-1
2025-06-09,2025-06-09 11:20:00,764.92,764.92,764.75,764.75,-0.02,250.25,180858.24,-1
2025-06-09,2025-06-09 11:21:00,764.75,764.75,764.57,764.57,-0.02,250.25,180858.24,-1
2025-06-09,2025-06-09 11:22:00,764.57,764.57,764.39,764.39,-0.02,250.25,180858.24,-1
2025-06-09,2025-06-09 11:23:00,764.39,764.39,764.21,764.21,-0.02,250.25,180858.24,-1
2025-06-09,2025-06-09 11:24:00,764.21,764.21,764.03,764.03,-0.02,250.25,180858.24,-1
2025-06-09,2025-06-09 11:25:00,764.03,764.03,763.85,763.85,-0.02,250.25,180858.24,-1
2025-06-09,2025-06-09 11:26:00,763.85,763.85,763.67,763.67,-0.02,250.25,180858.24,-1
2025-06-09,2025-06-09 11:27:00,763.67,763.67,763.49,763.49,-0.02,250.25,180858.24,-1
2025-06-09,2025-06-09 11:28:00,763.49,763.49,763.32,763.32,-0.02,250.25,180858.24,-1
2025-06-09,2025-06-09 11:29:00,763.32,763.32,763.14,763.14,-0.02,250.25,180858.24,-1
2025-06-09,2025-06-09 11:30:00,763.14,763.14,762.96,762.96,-0.02,250.25,180858.24,-1
2025-06-09,2025-06-09 11:31:00,762.96,762.96,762.78,762.78,-0.02,250.25,180858.24,-1
2025-06-09,2025-06-09 11:32:00,762.78,762.78,762.6,762.6,-0.02,250.25,180858.24,-1
2025-06-09,2025-06-09 11:33:00,762.6,762.6,762.42,762.42,-0.02,250.25,180858.24,-1
2025-06-09,2025-06-09 11:34:00,762.42,762.42,762.24,762.24,-0.02,250.25,180858.24,-1
2025-06-09,2025-06-09 11:35:00,762.24,762.24,762.06,762.06,-0.02,250.25,180858.24,-1
2025-06-09,2025-06-09 11:36:00,762.06,762.06,761.88,761.88,-0.02,250.25,180858.24,-1
2025-06-09,2025-06-09 11:37:00,761.88,761.88,761.71,761.71,-0.02,250.25,180858.24,-1
2025-06-09,2025-06-09 11:38:00,761.71,761.71,761.53,761.53,-0.02,250.25,180858.24,-1
2025-06-09,2025-06-09 11:39:00,761.53,761.53,761.35,761.35,-0.02,250.25,180858.24,-1
2025-06-09,2025-06-09 11:40:00,761.35,761.35,761.17,761.17,-0.02,250.25,180858.24,-1
2025-06-09,2025-06-09 11:41:00,761.17,761.17,760.99,760.99,-0.02,250.25,180858.24,-1
2025-06-09,2025-06-09 11:42:00,760.99,760.99,760.81,760.81,-0.02,250.25,180858.24,-1
2025-06-09,2025-06-09 11:43:00,760.81,760.81,760.63,760.63,-0.02,250.25,180858.24,-1
2025-06-09,2025-06-09 11:44:00,760.63,760.63,760.45,760.45,-0.02,250.25,180858.24,-1
2025-06-09,2025-06-09 11:45:00,760.45,760.45,760.28,760.28,-0.02,250.25,180858.24,-1
2025-06-09,2025-06-09 11:46:00,760.28,760.28,760.1,760.1,-0.02,250.25,180858.24,-1
2025-06-09,2025-06-09 11:47:00,760.1,760.1,759.92,759.92,-0.02,250.25,180858.24,-1
2025-06-09,2025-06-09 11:48:00,759.92,759.92,759.74,759.74,-0.02,250.25,180858.24,-1
2025-06-09,2025-06-09 11:49:00,759.74,759.74,759.56,759.56,-0.02,250.25,180858.24,-1
2025-06-09,2025-06-09 11:50:00,759.56,759.56,759.38,759.38,-0.02,250.25,180858.24,-1
2025-06-09,2025-06-09 11:51:00,759.38,759.38,759.2,759.2,-0.02,250.25,180858.24,-1
2025-06-09,2025-06-09 11:52:00,759.2,759.2,759.02,759.02,-0.02,250.25,180858.24,-1
2025-06-09,2025-06-09 11:53:00,759.02,759.02,758.85,758.85,-0.02,250.25,180858.24,-1
2025-06-09,2025-06-09 11:54:00,758.85,758.85,758.67,758.67,-0.02,250.25,180858.24,-1
2025-06-09,2025-06-09 11:55:00,758.67,758.67,758.49,758.49,-0.02,250.25,180858.24,-1
2025-06-09,2025-06-09 11:56:00,758.49,758.49,758.31,758.31,-0.02,250.25,180858.24,-1
2025-06-09,2025-06-09 11:57:00,758.31,758.31,758.13,758.13,-0.02,250.25,180858.24,-1
2025-06-09,2025-06-09 11:58:00,758.13,758.13,757.95,757.95,-0.02,250.25,180858.24,-1
2025-06-09,2025-06-09 11:59:00,757.95,757.95,757.77,757.77,-0.02,250.25,180858.24,-1
2025-06-09,2025-06-09 12:00:00,757.77,757.77,757.59,757.59,-0.02,250.25,180858.24,-1
2025-06-09,2025-06-09 12:01:00,757.59,757.59,757.41,757.41,-0.02,250.25,180858.24,-1
2025-06-09,2025-06-09 12:02:00,757.41,757.41,757.24,757.24,-0.02,250.25,180858.24,-1
2025-06-09,2025-06-09 12:03:00,757.24,757.24,757.06,757.06,-0.02,250.25,180858.24,-1
2025-06-09,2025-06-09 12:04:00,757.06,757.06,756.88,756.88,-0.02,250.25,180858.24,-1
2025-06-09,2025-06-09 12:05:00,756.88,756.88,756.7,756.7,-0.02,250.25,180858.24,-1
2025-06-09,2025-06-09 12:06:00,756.7,756.7,756.52,756.52,-0.02,250.25,180858.24,-1
2025-06-09,2025-06-09 12:07:00,756.52,756.52,756.34,756.34,-0.02,250.25,180858.24,-1
2025-06-09,2025-06-09 12:08:00,756.34,756.34,756.16,756.16,-0.02,250.25,180858.24,-1
2025-06-09,2025-06-09 12:09:00,756.16,756.16,755.98,755.98,-0.02,250.25,180858.24,-1
2025-06-09,2025-06-09 12:10:00,755.98,755.98,755.81,755.81,-0.02,250.25,180858.24,-1
2025-06-09,2025-06-09 12:11:00,755.81,755.81,755.63,755.63,-0.02,250.25,180858.24,-1
2025-06-09,2025-06-09 12:12:00,755.63,755.63,755.45,755.45,-0.02,250.25,180858.24,-1
2025-06-09,2025-06-09 12:13:00,755.45,755.45,755.27,755.27,-0.02,250.25,180858.24,-1
2025-06-09,2025-06-09 12:14:00,755.27,755.27,755.09,755.09,-0.02,250.25,180858.24,-1
2025-06-09,2025-06-09 12:15:00,755.09,755.09,754.91,754.91,-0.02,250.25,180858.24,-1
2025-06-09,2025-06-09 12:16:00,754.91,754.91,754.73,754.73,-0.02,250.25,180858.24,-1
2025-06-09,2025-06-09 12:17:00,754.73,754.73,754.55,754.55,-0.02,250.25,180858.24,-1
2025-06-09,2025-06-09 12:18:00,754.55,754.55,754.38,754.38,-0.02,250.25,180858.24,-1
2025-06-09,2025-06-09 12:19:00,754.38,754.38,754.2,754.2,-0.02,250.25,180858.24,-1
2025-06-09,2025-06-09 12:20:00,754.2,754.2,754.02,754.02,-0.02,250.25,180858.24,-1
2025-06-09,2025-06-09 12:21:00,754.02,754.02,753.84,753.84,-0.02,250.25,180858.24,-1
2025-06-09,2025-06-09 12:22:00,753.84,753.84,753.66,753.66,-0.02,250.25,180858.24,-1
2025-06-09,2025-06-09 12:23:00,753.66,753.66,753.48,753.48,-0.02,250.25,180858.24,-1
2025-06-09,2025-06-09 12:24:00,753.48,753.48,753.3,753.3,-0.02,250.25,180858.24,-1
2025-06-09,2025-06-09 12:25:00,753.3,753.3,753.12,753.12,-0.02,250.25,180858.24,-1
2025-06-09,2025-06-09 12:26:00,753.12,753.12,752.95,752.95,-0.02,250.25,180858.24,-1
2025-06-09,2025-06-09 12:27:00,752.95,752.95,752.77,752.77,-0.02,250.25,180858.24,-1
2025-06-09,2025-06-09 12:28:00,752.77,752.77,752.59,752.59,-0.02,250.25,180858.24,-1
2025-06-09,2025-06-09 12:29:00,752.59,752.59,752.41,752.41,-0.02,250.25,180858.24,-1
2025-06-09,2025-06-09 12:30:00,752.41,752.41,752.23,752.23,-0.02,250.25,180858.24,-1
2025-06-09,2025-06-09 12:31:00,752.23,752.23,752.05,752.05,-0.02,250.25,180858.24,-1
2025-06-09,2025-06-09 12:32:00,752.05,752.05,751.87,751.87,-0.02,250.25,180858.24,-1
2025-06-09,2025-06-09 12:33:00,751.87,751.87,751.69,751.69,-0.02,250.25,180858.24,-1
2025-06-09,2025-06-09 12:34:00,751.69,751.69,751.51,751.51,-0.02,250.25,180858.24,-1
2025-06-09,2025-06-09 12:35:00,751.51,751.51,751.34,751.34,-0.02,250.25,180858.24,-1
2025-06-09,2025-06-09 12:36:00,751.34,751.34,751.16,751.16,-0.02,250.25,180858.24,-1
2025-06-09,2025-06-09 12:37:00,751.16,751.16,750.98,750.98,-0.02,250.25,180858.24,-1
2025-06-09,2025-06-09 12:38:00,750.98,750.98,750.8,750.8,-0.02,250.25,180858.24,-1
2025-06-09,2025-06-09 12:39:00,750.8,750.8,750.62,750.62,-0.02,250.25,180858.24,-1
2025-06-09,2025-06-09 12:40:00,750.62,750.62,750.44,750.44,-0.02,250.25,180858.24,-1
2025-06-09,2025-06-09 12:41:00,750.44,750.44,750.26,750.26,-0.02,250.25,180858.24,-1
2025-06-09,2025-06-09 12:42:00,750.26,750.26,750.08,750.08,-0.02,250.25,180858.24,-1
2025-06-09,2025-06-09 12:43:00,750.08,750.08,749.91,749.91,-0.02,250.25,180858.24,-1
2025-06-09,2025-06-09 12:44:00,749.91,749.91,749.73,749.73,-0.02,250.25,180858.24,-1
2025-06-09,2025-06-09 12:45:00,749.73,749.73,749.55,749.55,-0.02,250.25,180858.24,-1
2025-06-09,2025-06-09 12:46:00,749.55,749.55,749.37,749.37,-0.02,250.25,180858.24,-1
2025-06-09,2025-06-09 12:47:00,749.37,749.37,749.19,749.19,-0.02,250.25,180858.24,-1
2025-06-09,2025-06-09 12:48:00,749.19,749.19,749.01,749.01,-0.02,250.25,180858.24,-1
2025-06-09,2025-06-09 12:49:00,749.01,749.01,748.83,748.83,-0.02,250.25,180858.24,-1
2025-06-09,2025-06-09 12:50:00,748.83,748.83,748.65,748.65,-0.02,250.25,180858.24,-1
2025-06-09,2025-06-09 12:51:00,748.65,748.65,748.48,748.48,-0.02,250.25,180858.24,-1
2025-06-09,2025-06-09 12:52:00,748.48,748.48,748.3,748.3,-0.02,250.25,180858.24,-1
2025-06-09,2025-06-09 12:53:00,748.3,748.3,748.12,748.12,-0.02,250.25,180858.24,-1
2025-06-09,2025-06-09 12:54:00,748.12,748.12,747.94,747.94,-0.02,250.25,180858.24,-1
2025-06-09,2025-06-09 12:55:00,747.94,747.94,747.76,747.76,-0.02,250.25,180858.24,-1
2025-06-09,2025-06-09 12:56:00,747.76,747.76,747.58,747.58,-0.02,250.25,180858.24,-1
2025-06-09,2025-06-09 12:57:00,747.58,747.58,747.4,747.4,-0.02,250.25,180858.24,-1
2025-06-09,2025-06-09 12:58:00,747.4,747.4,747.22,747.22,-0.02,250.25,180858.24,-1
2025-06-09,2025-06-09 12:59:00,747.22,747.22,747.05,747.05,-0.02,250.25,180858.24,-1
2025-06-09,2025-06-09 13:00:00,747.05,768.5,705.8,746.87,-0.02,250.25,180858.24,-1
2025-06-09,2025-06-09 13:01:00,746.87,746.87,746.69,746.69,-0.02,250.25,180858.24,-1
2025-06-09,2025-06-09 13:02:00,746.69,746.69,746.51,746.51,-0.02,250.25,180858.24,-1
2025-06-09,2025-06-09 13:03:00,746.51,746.51,746.33,746.33,-0.02,250.25,180858.24,-1
2025-06-09,2025-06-09 13:04:00,746.33,746.33,746.15,746.15,-0.02,250.25,180858.24,-1
2025-06-09,2025-06-09 13:05:00,746.15,746.15,745.97,745.97,-0.02,250.25,180858.24,-1
2025-06-09,2025-06-09 13:06:00,745.97,745.97,745.79,745.79,-0.02,250.25,180858.24,-1
2025-06-09,2025-06-09 13:07:00,745.79,745.79,745.61,745.61,-0.02,250.25,180858.24,-1
2025-06-09,2025-06-09 13:08:00,745.61,745.61,745.44,745.44,-0.02,250.25,180858.24,-1
2025-06-09,2025-06-09 13:09:00,745.44,745.44,745.26,745.26,-0.02,250.25,180858.24,-1
2025-06-09,2025-06-09 13:10:00,745.26,745.26,745.08,745.08,-0.02,250.25,180858.24,-1
2025-06-09,2025-06-09 13:11:00,745.08,745.08,744.9,744.9,-0.02,250.25,180858.24,-1
2025-06-09,2025-06-09 13:12:00,744.9,744.9,744.72,744.72,-0.02,250.25,180858.24,-1
2025-06-09,2025-06-09 13:13:00,744.72,744.72,744.54,744.54,-0.02,250.25,180858.24,-1
2025-06-09,2025-06-09 13:14:00,744.54,744.54,744.36,744.36,-0.02,250.25,180858.24,-1
2025-06-09,2025-06-09 13:15:00,744.36,744.36,744.18,744.18,-0.02,250.25,180858.24,-1
2025-06-09,2025-06-09 13:16:00,744.18,744.18,744.01,744.01,-0.02,250.25,180858.24,-1
2025-06-09,2025-06-09 13:17:00,744.01,744.01,743.83,743.83,-0.02,250.25,180858.24,-1
2025-06-09,2025-06-09 13:18:00,743.83,743.83,743.65,743.65,-0.02,250.25,180858.24,-1
2025-06-09,2025-06-09 13:19:00,743.65,743.65,743.47,743.47,-0.02,250.25,180858.24,-1
2025-06-09,2025-06-09 13:20:00,743.47,743.47,743.29,743.29,-0.02,250.25,180858.24,-1
2025-06-09,2025-06-09 13:21:00,743.29,743.29,743.11,743.11,-0.02,250.25,180858.24,-1
2025-06-09,2025-06-09 13:22:00,743.11,743.11,742.93,742.93,-0.02,250.25,180858.24,-1
2025-06-09,2025-06-09 13:23:00,742.93,742.93,742.75,742.75,-0.02,250.25,180858.24,-1
2025-06-09,2025-06-09 13:24:00,742.75,742.75,742.58,742.58,-0.02,250.25,180858.24,-1
2025-06-09,2025-06-09 13:25:00,742.58,742.58,742.4,742.4,-0.02,250.25,180858.24,-1
2025-06-09,2025-06-09 13:26:00,742.4,742.4,742.22,742.22,-0.02,250.25,180858.24,-1
2025-06-09,2025-06-09 13:27:00,742.22,742.22,742.04,742.04,-0.02,250.25,180858.24,-1
2025-06-09,2025-06-09 13:28:00,742.04,742.04,741.86,741.86,-0.02,250.25,180858.24,-1
2025-06-09,2025-06-09 13:29:00,741.86,741.86,741.68,741.68,-0.02,250.25,180858.24,-1
2025-06-09,2025-06-09 13:30:00,741.68,741.68,741.5,741.5,-0.02,250.25,180858.24,-1
2025-06-09,2025-06-09 13:31:00,741.5,741.5,741.32,741.32,-0.02,250.25,180858.24,-1
2025-06-09,2025-06-09 13:32:00,741.32,741.32,741.14,741.14,-0.02,250.25,180858.24,-1
2025-06-09,2025-06-09 13:33:00,741.14,741.14,740.97,740.97,-0.02,250.25,180858.24,-1
2025-06-09,2025-06-09 13:34:00,740.97,740.97,740.79,740.79,-0.02,250.25,180858.24,-1
2025-06-09,2025-06-09 13:35:00,740.79,740.79,740.61,740.61,-0.02,250.25,180858.24,-1
2025-06-09,2025-06-09 13:36:00,740.61,740.61,740.43,740.43,-0.02,250.25,180858.24,-1
2025-06-09,2025-06-09 13:37:00,740.43,740.43,740.25,740.25,-0.02,250.25,180858.24,-1
2025-06-09,2025-06-09 13:38:00,740.25,740.25,740.07,740.07,-0.02,250.25,180858.24,-1
2025-06-09,2025-06-09 13:39:00,740.07,740.07,739.89,739.89,-0.02,250.25,180858.24,-1
2025-06-09,2025-06-09 13:40:00,739.89,739.89,739.71,739.71,-0.02,250.25,180858.24,-1
2025-06-09,2025-06-09 13:41:00,739.71,739.71,739.54,739.54,-0.02,250.25,180858.24,-1
2025-06-09,2025-06-09 13:42:00,739.54,739.54,739.36,739.36,-0.02,250.25,180858.24,-1
2025-06-09,2025-06-09 13:43:00,739.36,739.36,739.18,739.18,-0.02,250.25,180858.24,-1
2025-06-09,2025-06-09 13:44:00,739.18,739.18,739.0,739.0,-0.02,250.25,180858.24,-1
2025-06-09,2025-06-09 13:45:00,739.0,739.0,738.82,738.82,-0.02,250.25,180858.24,-1
2025-06-09,2025-06-09 13:46:00,738.82,738.82,738.64,738.64,-0.02,250.25,180858.24,-1
2025-06-09,2025-06-09 13:47:00,738.64,738.64,738.46,738.46,-0.02,250.25,180858.24,-1
2025-06-09,2025-06-09 13:48:00,738.46,738.46,738.28,738.28,-0.02,250.25,180858.24,-1
2025-06-09,2025-06-09 13:49:00,738.28,738.28,738.11,738.11,-0.02,250.25,180858.24,-1
2025-06-09,2025-06-09 13:50:00,738.11,738.11,737.93,737.93,-0.02,250.25,180858.24,-1
2025-06-09,2025-06-09 13:51:00,737.93,737.93,737.75,737.75,-0.02,250.25,180858.24,-1
2025-06-09,2025-06-09 13:52:00,737.75,737.75,737.57,737.57,-0.02,250.25,180858.24,-1
2025-06-09,2025-06-09 13:53:00,737.57,737.57,737.39,737.39,-0.02,250.25,180858.24,-1
2025-06-09,2025-06-09 13:54:00,737.39,737.39,737.21,737.21,-0.02,250.25,180858.24,-1
2025-06-09,2025-06-09 13:55:00,737.21,737.21,737.03,737.03,-0.02,250.25,180858.24,-1
2025-06-09,2025-06-09 13:56:00,737.03,737.03,736.85,736.85,-0.02,250.25,180858.24,-1
2025-06-09,2025-06-09 13:57:00,736.85,736.85,736.68,736.68,-0.02,250.25,180858.24,-1
2025-06-09,2025-06-09 13:58:00,736.68,736.68,736.5,736.5,-0.02,250.25,180858.24,-1
2025-06-09,2025-06-09 13:59:00,736.5,736.5,736.32,736.32,-0.02,250.25,180858.24,-1
2025-06-09,2025-06-09 14:00:00,736.32,736.32,736.14,736.14,-0.02,250.25,180858.24,-1
2025-06-09,2025-06-09 14:01:00,736.14,736.14,735.96,735.96,-0.02,250.25,180858.24,-1
2025-06-09,2025-06-09 14:02:00,735.96,735.96,735.78,735.78,-0.02,250.25,180858.24,-1
2025-06-09,2025-06-09 14:03:00,735.78,735.78,735.6,735.6,-0.02,250.25,180858.24,-1
2025-06-09,2025-06-09 14:04:00,735.6,735.6,735.42,735.42,-0.02,250.25,180858.24,-1
2025-06-09,2025-06-09 14:05:00,735.42,735.42,735.24,735.24,-0.02,250.25,180858.24,-1
2025-06-09,2025-06-09 14:06:00,735.24,735.24,735.07,735.07,-0.02,250.25,180858.24,-1
2025-06-09,2025-06-09 14:07:00,735.07,735.07,734.89,734.89,-0.02,250.25,180858.24,-1
2025-06-09,2025-06-09 14:08:00,734.89,734.89,734.71,734.71,-0.02,250.25,180858.24,-1
2025-06-09,2025-06-09 14:09:00,734.71,734.71,734.53,734.53,-0.02,250.25,180858.24,-1
2025-06-09,2025-06-09 14:10:00,734.53,734.53,734.35,734.35,-0.02,250.25,180858.24,-1
2025-06-09,2025-06-09 14:11:00,734.35,734.35,734.17,734.17,-0.02,250.25,180858.24,-1
2025-06-09,2025-06-09 14:12:00,734.17,734.17,733.99,733.99,-0.02,250.25,180858.24,-1
2025-06-09,2025-06-09 14:13:00,733.99,733.99,733.81,733.81,-0.02,250.25,180858.24,-1
2025-06-09,2025-06-09 14:14:00,733.81,733.81,733.64,733.64,-0.02,250.25,180858.24,-1
2025-06-09,2025-06-09 14:15:00,733.64,733.64,733.46,733.46,-0.02,250.25,180858.24,-1
2025-06-09,2025-06-09 14:16:00,733.46,733.46,733.28,733.28,-0.02,250.25,180858.24,-1
2025-06-09,2025-06-09 14:17:00,733.28,733.28,733.1,733.1,-0.02,250.25,180858.24,-1
2025-06-09,2025-06-09 14:18:00,733.1,733.1,732.92,732.92,-0.02,250.25,180858.24,-1
2025-06-09,2025-06-09 14:19:00,732.92,732.92,732.74,732.74,-0.02,250.25,180858.24,-1
2025-06-09,2025-06-09 14:20:00,732.74,732.74,732.56,732.56,-0.02,250.25,180858.24,-1
2025-06-09,2025-06-09 14:21:00,732.56,732.56,732.38,732.38,-0.02,250.25,180858.24,-1
2025-06-09,2025-06-09 14:22:00,732.38,732.38,732.21,732.21,-0.02,250.25,180858.24,-1
2025-06-09,2025-06-09 14:23:00,732.21,732.21,732.03,732.03,-0.02,250.25,180858.24,-1
2025-06-09,2025-06-09 14:24:00,732.03,732.03,731.85,731.85,-0.02,250.25,180858.24,-1
2025-06-09,2025-06-09 14:25:00,731.85,731.85,731.67,731.67,-0.02,250.25,180858.24,-1
2025-06-09,2025-06-09 14:26:00,731.67,731.67,731.49,731.49,-0.02,250.25,180858.24,-1
2025-06-09,2025-06-09 14:27:00,731.49,731.49,731.31,731.31,-0.02,250.25,180858.24,-1
2025-06-09,2025-06-09 14:28:00,731.31,731.31,731.13,731.13,-0.02,250.25,180858.24,-1
2025-06-09,2025-06-09 14:29:00,731.13,731.13,730.95,730.95,-0.02,250.25,180858.24,-1
2025-06-09,2025-06-09 14:30:00,730.95,730.95,730.77,730.77,-0.02,250.25,180858.24,-1
2025-06-09,2025-06-09 14:31:00,730.77,730.77,730.6,730.6,-0.02,250.25,180858.24,-1
2025-06-09,2025-06-09 14:32:00,730.6,730.6,730.42,730.42,-0.02,250.25,180858.24,-1
2025-06-09,2025-06-09 14:33:00,730.42,730.42,730.24,730.24,-0.02,250.25,180858.24,-1
2025-06-09,2025-06-09 14:34:00,730.24,730.24,730.06,730.06,-0.02,250.25,180858.24,-1
2025-06-09,2025-06-09 14:35:00,730.06,730.06,729.88,729.88,-0.02,250.25,180858.24,-1
2025-06-09,2025-06-09 14:36:00,729.88,729.88,729.7,729.7,-0.02,250.25,180858.24,-1
2025-06-09,2025-06-09 14:37:00,729.7,729.7,729.52,729.52,-0.02,250.25,180858.24,-1
2025-06-09,2025-06-09 14:38:00,729.52,729.52,729.34,729.34,-0.02,250.25,180858.24,-1
2025-06-09,2025-06-09 14:39:00,729.34,729.34,729.17,729.17,-0.02,250.25,180858.24,-1
2025-06-09,2025-06-09 14:40:00,729.17,729.17,728.99,728.99,-0.02,250.25,180858.24,-1
2025-06-09,2025-06-09 14:41:00,728.99,728.99,728.81,728.81,-0.02,250.25,180858.24,-1
2025-06-09,2025-06-09 14:42:00,728.81,728.81,728.63,728.63,-0.02,250.25,180858.24,-1
2025-06-09,2025-06-09 14:43:00,728.63,728.63,728.45,728.45,-0.02,250.25,180858.24,-1
2025-06-09,2025-06-09 14:44:00,728.45,728.45,728.27,728.27,-0.02,250.25,180858.24,-1
2025-06-09,2025-06-09 14:45:00,728.27,728.27,728.09,728.09,-0.02,250.25,180858.24,-1
2025-06-09,2025-06-09 14:46:00,728.09,728.09,727.91,727.91,-0.02,250.25,180858.24,-1
2025-06-09,2025-06-09 14:47:00,727.91,727.91,727.74,727.74,-0.02,250.25,180858.24,-1
2025-06-09,2025-06-09 14:48:00,727.74,727.74,727.56,727.56,-0.02,250.25,180858.24,-1
2025-06-09,2025-06-09 14:49:00,727.56,727.56,727.38,727.38,-0.02,250.25,180858.24,-1
2025-06-09,2025-06-09 14:50:00,727.38,727.38,727.2,727.2,-0.02,250.25,180858.24,-1
2025-06-09,2025-06-09 14:51:00,727.2,727.2,727.02,727.02,-0.02,250.25,180858.24,-1
2025-06-09,2025-06-09 14:52:00,727.02,727.02,726.84,726.84,-0.02,250.25,180858.24,-1
2025-06-09,2025-06-09 14:53:00,726.84,726.84,726.66,726.66,-0.02,250.25,180858.24,-1
2025-06-09,2025-06-09 14:54:00,726.66,726.66,726.48,726.48,-0.02,250.25,180858.24,-1
2025-06-09,2025-06-09 14:55:00,726.48,726.48,726.31,726.31,-0.02,250.25,180858.24,-1
2025-06-09,2025-06-09 14:56:00,726.31,726.31,726.13,726.13,-0.02,250.25,180858.24,-1
2025-06-09,2025-06-09 14:57:00,726.13,726.13,725.95,725.95,-0.02,250.25,180858.24,-1
2025-06-09,2025-06-09 14:58:00,725.95,725.95,725.77,725.77,-0.02,250.25,180858.24,-1
2025-06-09,2025-06-09 14:59:00,725.77,725.77,725.59,725.59,-0.02,250.25,180858.24,-1
2025-06-09,2025-06-09 15:00:00,725.59,768.5,705.8,725.59,0.0,250.25,180858.24,0
2025-06-10,2025-06-10 11:00:00,728.0,728.0,721.1,727.92,-0.01,48.29,34493.04,-1
2025-06-10,2025-06-10 11:01:00,727.92,727.92,727.85,727.85,-0.01,48.29,34493.04,-1
2025-06-10,2025-06-10 11:02:00,727.85,727.85,727.77,727.77,-0.01,48.29,34493.04,-1
2025-06-10,2025-06-10 11:03:00,727.77,727.77,727.7,727.7,-0.01,48.29,34493.04,-1
2025-06-10,2025-06-10 11:04:00,727.7,727.7,727.62,727.62,-0.01,48.29,34493.04,-1
2025-06-10,2025-06-10 11:05:00,727.62,727.62,727.55,727.55,-0.01,48.29,34493.04,-1
2025-06-10,2025-06-10 11:06:00,727.55,727.55,727.47,727.47,-0.01,48.29,34493.04,-1
2025-06-10,2025-06-10 11:07:00,727.47,727.47,727.39,727.39,-0.01,48.29,34493.04,-1
2025-06-10,2025-06-10 11:08:00,727.39,727.39,727.32,727.32,-0.01,48.29,34493.04,-1
2025-06-10,2025-06-10 11:09:00,727.32,727.32,727.24,727.24,-0.01,48.29,34493.04,-1
2025-06-10,2025-06-10 11:10:00,727.24,727.24,727.17,727.17,-0.01,48.29,34493.04,-1
2025-06-10,2025-06-10 11:11:00,727.17,727.17,727.09,727.09,-0.01,48.29,34493.04,-1
2025-06-10,2025-06-10 11:12:00,727.09,727.09,727.02,727.02,-0.01,48.29,34493.04,-1
2025-06-10,2025-06-10 11:13:00,727.02,727.02,726.94,726.94,-0.01,48.29,34493.04,-1
2025-06-10,2025-06-10 11:14:00,726.94,726.94,726.87,726.87,-0.01,48.29,34493.04,-1
2025-06-10,2025-06-10 11:15:00,726.87,726.87,726.79,726.79,-0.01,48.29,34493.04,-1
2025-06-10,2025-06-10 11:16:00,726.79,726.79,726.71,726.71,-0.01,48.29,34493.04,-1
2025-06-10,2025-06-10 11:17:00,726.71,726.71,726.64,726.64,-0.01,48.29,34493.04,-1
2025-06-10,2025-06-10 11:18:00,726.64,726.64,726.56,726.56,-0.01,48.29,34493.04,-1
2025-06-10,2025-06-10 11:19:00,726.56,726.56,726.49,726.49,-0.01,48.29,34493.04,-1
2025-06-10,2025-06-10 11:20:00,726.49,726.49,726.41,726.41,-0.01,48.29,34493.04,-1
2025-06-10,2025-06-10 11:21:00,726.41,726.41,726.34,726.34,-0.01,48.29,34493.04,-1
2025-06-10,2025-06-10 11:22:00,726.34,726.34,726.26,726.26,-0.01,48.29,34493.04,-1
2025-06-10,2025-06-10 11:23:00,726.26,726.26,726.18,726.18,-0.01,48.29,34493.04,-1
2025-06-10,2025-06-10 11:24:00,726.18,726.18,726.11,726.11,-0.01,48.29,34493.04,-1
2025-06-10,2025-06-10 11:25:00,726.11,726.11,726.03,726.03,-0.01,48.29,34493.04,-1
2025-06-10,2025-06-10 11:26:00,726.03,726.03,725.96,725.96,-0.01,48.29,34493.04,-1
2025-06-10,2025-06-10 11:27:00,725.96,725.96,725.88,725.88,-0.01,48.29,34493.04,-1
2025-06-10,2025-06-10 11:28:00,725.88,725.88,725.81,725.81,-0.01,48.29,34493.04,-1
2025-06-10,2025-06-10 11:29:00,725.81,725.81,725.73,725.73,-0.01,48.29,34493.04,-1
2025-06-10,2025-06-10 11:30:00,725.73,725.73,725.65,725.65,-0.01,48.29,34493.04,-1
2025-06-10,2025-06-10 11:31:00,725.65,725.65,725.58,725.58,-0.01,48.29,34493.04,-1
2025-06-10,2025-06-10 11:32:00,725.58,725.58,725.5,725.5,-0.01,48.29,34493.04,-1
2025-06-10,2025-06-10 11:33:00,725.5,725.5,725.43,725.43,-0.01,48.29,34493.04,-1
2025-06-10,2025-06-10 11:34:00,725.43,725.43,725.35,725.35,-0.01,48.29,34493.04,-1
2025-06-10,2025-06-10 11:35:00,725.35,725.35,725.28,725.28,-0.01,48.29,34493.04,-1
2025-06-10,2025-06-10 11:36:00,725.28,725.28,725.2,725.2,-0.01,48.29,34493.04,-1
2025-06-10,2025-06-10 11:37:00,725.2,725.2,725.12,725.12,-0.01,48.29,34493.04,-1
2025-06-10,2025-06-10 11:38:00,725.12,725.12,725.05,725.05,-0.01,48.29,34493.04,-1
2025-06-10,2025-06-10 11:39:00,725.05,725.05,724.97,724.97,-0.01,48.29,34493.04,-1
2025-06-10,2025-06-10 11:40:00,724.97,724.97,724.9,724.9,-0.01,48.29,34493.04,-1
2025-06-10,2025-06-10 11:41:00,724.9,724.9,724.82,724.82,-0.01,48.29,34493.04,-1
2025-06-10,2025-06-10 11:42:00,724.82,724.82,724.75,724.75,-0.01,48.29,34493.04,-1
2025-06-10,2025-06-10 11:43:00,724.75,724.75,724.67,724.67,-0.01,48.29,34493.04,-1
2025-06-10,2025-06-10 11:44:00,724.67,724.67,724.6,724.6,-0.01,48.29,34493.04,-1
2025-06-10,2025-06-10 11:45:00,724.6,724.6,724.52,724.52,-0.01,48.29,34493.04,-1
2025-06-10,2025-06-10 11:46:00,724.52,724.52,724.44,724.44,-0.01,48.29,34493.04,-1
2025-06-10,2025-06-10 11:47:00,724.44,724.44,724.37,724.37,-0.01,48.29,34493.04,-1
2025-06-10,2025-06-10 11:48:00,724.37,724.37,724.29,724.29,-0.01,48.29,34493.04,-1
2025-06-10,2025-06-10 11:49:00,724.29,724.29,724.22,724.22,-0.01,48.29,34493.04,-1
2025-06-10,2025-06-10 11:50:00,724.22,724.22,724.14,724.14,-0.01,48.29,34493.04,-1
2025-06-10,2025-06-10 11:51:00,724.14,724.14,724.07,724.07,-0.01,48.29,34493.04,-1
2025-06-10,2025-06-10 11:52:00,724.07,724.07,723.99,723.99,-0.01,48.29,34493.04,-1
2025-06-10,2025-06-10 11:53:00,723.99,723.99,723.91,723.91,-0.01,48.29,34493.04,-1
2025-06-10,2025-06-10 11:54:00,723.91,723.91,723.84,723.84,-0.01,48.29,34493.04,-1
2025-06-10,2025-06-10 11:55:00,723.84,723.84,723.76,723.76,-0.01,48.29,34493.04,-1
2025-06-10,2025-06-10 11:56:00,723.76,723.76,723.69,723.69,-0.01,48.29,34493.04,-1
2025-06-10,2025-06-10 11:57:00,723.69,723.69,723.61,723.61,-0.01,48.29,34493.04,-1
2025-06-10,2025-06-10 11:58:00,723.61,723.61,723.54,723.54,-0.01,48.29,34493.04,-1
2025-06-10,2025-06-10 11:59:00,723.54,723.54,723.46,723.46,-0.01,48.29,34493.04,-1
2025-06-10,2025-06-10 12:00:00,723.46,723.46,723.38,723.38,-0.01,48.29,34493.04,-1
2025-06-10,2025-06-10 12:01:00,723.38,723.38,723.31,723.31,-0.01,48.29,34493.04,-1
2025-06-10,2025-06-10 12:02:00,723.31,723.31,723.23,723.23,-0.01,48.29,34493.04,-1
2025-06-10,2025-06-10 12:03:00,723.23,723.23,723.16,723.16,-0.01,48.29,34493.04,-1
2025-06-10,2025-06-10 12:04:00,723.16,723.16,723.08,723.08,-0.01,48.29,34493.04,-1
2025-06-10,2025-06-10 12:05:00,723.08,723.08,723.01,723.01,-0.01,48.29,34493.04,-1
2025-06-10,2025-06-10 12:06:00,723.01,723.01,722.93,722.93,-0.01,48.29,34493.04,-1
2025-06-10,2025-06-10 12:07:00,722.93,722.93,722.85,722.85,-0.01,48.29,34493.04,-1
2025-06-10,2025-06-10 12:08:00,722.85,722.85,722.78,722.78,-0.01,48.29,34493.04,-1
2025-06-10,2025-06-10 12:09:00,722.78,722.78,722.7,722.7,-0.01,48.29,34493.04,-1
2025-06-10,2025-06-10 12:10:00,722.7,722.7,722.63,722.63,-0.01,48.29,34493.04,-1
2025-06-10,2025-06-10 12:11:00,722.63,722.63,722.55,722.55,-0.01,48.29,34493.04,-1
2025-06-10,2025-06-10 12:12:00,722.55,722.55,722.48,722.48,-0.01,48.29,34493.04,-1
2025-06-10,2025-06-10 12:13:00,722.48,722.48,722.4,722.4,-0.01,48.29,34493.04,-1
2025-06-10,2025-06-10 12:14:00,722.4,722.4,722.33,722.33,-0.01,48.29,34493.04,-1
2025-06-10,2025-06-10 12:15:00,722.33,722.33,722.25,722.25,-0.01,48.29,34493.04,-1
2025-06-10,2025-06-10 12:16:00,722.25,722.25,722.17,722.17,-0.01,48.29,34493.04,-1
2025-06-10,2025-06-10 12:17:00,722.17,722.17,722.1,722.1,-0.01,48.29,34493.04,-1
2025-06-10,2025-06-10 12:18:00,722.1,722.1,722.02,722.02,-0.01,48.29,34493.04,-1
2025-06-10,2025-06-10 12:19:00,722.02,722.02,721.95,721.95,-0.01,48.29,34493.04,-1
2025-06-10,2025-06-10 12:20:00,721.95,721.95,721.87,721.87,-0.01,48.29,34493.04,-1
2025-06-10,2025-06-10 12:21:00,721.87,721.87,721.8,721.8,-0.01,48.29,34493.04,-1
2025-06-10,2025-06-10 12:22:00,721.8,721.8,721.72,721.72,-0.01,48.29,34493.04,-1
2025-06-10,2025-06-10 12:23:00,721.72,721.72,721.64,721.64,-0.01,48.29,34493.04,-1
2025-06-10,2025-06-10 12:24:00,721.64,721.64,721.57,721.57,-0.01,48.29,34493.04,-1
2025-06-10,2025-06-10 12:25:00,721.57,721.57,721.49,721.49,-0.01,48.29,34493.04,-1
2025-06-10,2025-06-10 12:26:00,721.49,721.49,721.42,721.42,-0.01,48.29,34493.04,-1
2025-06-10,2025-06-10 12:27:00,721.42,721.42,721.34,721.34,-0.01,48.29,34493.04,-1
2025-06-10,2025-06-10 12:28:00,721.34,721.34,721.27,721.27,-0.01,48.29,34493.04,-1
2025-06-10,2025-06-10 12:29:00,721.27,721.27,721.19,721.19,-0.01,48.29,34493.04,-1
2025-06-10,2025-06-10 12:30:00,721.19,721.19,721.11,721.11,-0.01,48.29,34493.04,-1
2025-06-10,2025-06-10 12:31:00,721.11,721.11,721.04,721.04,-0.01,48.29,34493.04,-1
2025-06-10,2025-06-10 12:32:00,721.04,721.04,720.96,720.96,-0.01,48.29,34493.04,-1
2025-06-10,2025-06-10 12:33:00,720.96,720.96,720.89,720.89,-0.01,48.29,34493.04,-1
2025-06-10,2025-06-10 12:34:00,720.89,720.89,720.81,720.81,-0.01,48.29,34493.04,-1
2025-06-10,2025-06-10 12:35:00,720.81,720.81,720.74,720.74,-0.01,48.29,34493.04,-1
2025-06-10,2025-06-10 12:36:00,720.74,720.74,720.66,720.66,-0.01,48.29,34493.04,-1
2025-06-10,2025-06-10 12:37:00,720.66,720.66,720.58,720.58,-0.01,48.29,34493.04,-1
2025-06-10,2025-06-10 12:38:00,720.58,720.58,720.51,720.51,-0.01,48.29,34493.04,-1
2025-06-10,2025-06-10 12:39:00,720.51,720.51,720.43,720.43,-0.01,48.29,34493.04,-1
2025-06-10,2025-06-10 12:40:00,720.43,720.43,720.36,720.36,-0.01,48.29,34493.04,-1
2025-06-10,2025-06-10 12:41:00,720.36,720.36,720.28,720.28,-0.01,48.29,34493.04,-1
2025-06-10,2025-06-10 12:42:00,720.28,720.28,720.21,720.21,-0.01,48.29,34493.04,-1
2025-06-10,2025-06-10 12:43:00,720.21,720.21,720.13,720.13,-0.01,48.29,34493.04,-1
2025-06-10,2025-06-10 12:44:00,720.13,720.13,720.06,720.06,-0.01,48.29,34493.04,-1
2025-06-10,2025-06-10 12:45:00,720.06,720.06,719.98,719.98,-0.01,48.29,34493.04,-1
2025-06-10,2025-06-10 12:46:00,719.98,719.98,719.9,719.9,-0.01,48.29,34493.04,-1
2025-06-10,2025-06-10 12:47:00,719.9,719.9,719.83,719.83,-0.01,48.29,34493.04,-1
2025-06-10,2025-06-10 12:48:00,719.83,719.83,719.75,719.75,-0.01,48.29,34493.04,-1
2025-06-10,2025-06-10 12:49:00,719.75,719.75,719.68,719.68,-0.01,48.29,34493.04,-1
2025-06-10,2025-06-10 12:50:00,719.68,719.68,719.6,719.6,-0.01,48.29,34493.04,-1
2025-06-10,2025-06-10 12:51:00,719.6,719.6,719.53,719.53,-0.01,48.29,34493.04,-1
2025-06-10,2025-06-10 12:52:00,719.53,719.53,719.45,719.45,-0.01,48.29,34493.04,-1
2025-06-10,2025-06-10 12:53:00,719.45,719.45,719.37,719.37,-0.01,48.29,34493.04,-1
2025-06-10,2025-06-10 12:54:00,719.37,719.37,719.3,719.3,-0.01,48.29,34493.04,-1
2025-06-10,2025-06-10 12:55:00,719.3,719.3,719.22,719.22,-0.01,48.29,34493.04,-1
2025-06-10,2025-06-10 12:56:00,719.22,719.22,719.15,719.15,-0.01,48.29,34493.04,-1
2025-06-10,2025-06-10 12:57:00,719.15,719.15,719.07,719.07,-0.01,48.29,34493.04,-1
2025-06-10,2025-06-10 12:58:00,719.07,719.07,719.0,719.0,-0.01,48.29,34493.04,-1
2025-06-10,2025-06-10 12:59:00,719.0,719.0,718.92,718.92,-0.01,48.29,34493.04,-1
2025-06-10,2025-06-10 13:00:00,718.92,728.0,705.0,718.84,-0.01,48.29,34493.04,-1
2025-06-10,2025-06-10 13:01:00,718.84,718.84,718.77,718.77,-0.01,48.29,34493.04,-1
2025-06-10,2025-06-10 13:02:00,718.77,718.77,718.69,718.69,-0.01,48.29,34493.04,-1
2025-06-10,2025-06-10 13:03:00,718.69,718.69,718.62,718.62,-0.01,48.29,34493.04,-1
2025-06-10,2025-06-10 13:04:00,718.62,718.62,718.54,718.54,-0.01,48.29,34493.04,-1
2025-06-10,2025-06-10 13:05:00,718.54,718.54,718.47,718.47,-0.01,48.29,34493.04,-1
2025-06-10,2025-06-10 13:06:00,718.47,718.47,718.39,718.39,-0.01,48.29,34493.04,-1
2025-06-10,2025-06-10 13:07:00,718.39,718.39,718.31,718.31,-0.01,48.29,34493.04,-1
2025-06-10,2025-06-10 13:08:00,718.31,718.31,718.24,718.24,-0.01,48.29,34493.04,-1
2025-06-10,2025-06-10 13:09:00,718.24,718.24,718.16,718.16,-0.01,48.29,34493.04,-1
2025-06-10,2025-06-10 13:10:00,718.16,718.16,718.09,718.09,-0.01,48.29,34493.04,-1
2025-06-10,2025-06-10 13:11:00,718.09,718.09,718.01,718.01,-0.01,48.29,34493.04,-1
2025-06-10,2025-06-10 13:12:00,718.01,718.01,717.94,717.94,-0.01,48.29,34493.04,-1
2025-06-10,2025-06-10 13:13:00,717.94,717.94,717.86,717.86,-0.01,48.29,34493.04,-1
2025-06-10,2025-06-10 13:14:00,717.86,717.86,717.78,717.78,-0.01,48.29,34493.04,-1
2025-06-10,2025-06-10 13:15:00,717.78,717.78,717.71,717.71,-0.01,48.29,34493.04,-1
2025-06-10,2025-06-10 13:16:00,717.71,717.71,717.63,717.63,-0.01,48.29,34493.04,-1
2025-06-10,2025-06-10 13:17:00,717.63,717.63,717.56,717.56,-0.01,48.29,34493.04,-1
2025-06-10,2025-06-10 13:18:00,717.56,717.56,717.48,717.48,-0.01,48.29,34493.04,-1
2025-06-10,2025-06-10 13:19:00,717.48,717.48,717.41,717.41,-0.01,48.29,34493.04,-1
2025-06-10,2025-06-10 13:20:00,717.41,717.41,717.33,717.33,-0.01,48.29,34493.04,-1
2025-06-10,2025-06-10 13:21:00,717.33,717.33,717.26,717.26,-0.01,48.29,34493.04,-1
2025-06-10,2025-06-10 13:22:00,717.26,717.26,717.18,717.18,-0.01,48.29,34493.04,-1
2025-06-10,2025-06-10 13:23:00,717.18,717.18,717.1,717.1,-0.01,48.29,34493.04,-1
2025-06-10,2025-06-10 13:24:00,717.1,717.1,717.03,717.03,-0.01,48.29,34493.04,-1
2025-06-10,2025-06-10 13:25:00,717.03,717.03,716.95,716.95,-0.01,48.29,34493.04,-1
2025-06-10,2025-06-10 13:26:00,716.95,716.95,716.88,716.88,-0.01,48.29,34493.04,-1
2025-06-10,2025-06-10 13:27:00,716.88,716.88,716.8,716.8,-0.01,48.29,34493.04,-1
2025-06-10,2025-06-10 13:28:00,716.8,716.8,716.73,716.73,-0.01,48.29,34493.04,-1
2025-06-10,2025-06-10 13:29:00,716.73,716.73,716.65,716.65,-0.01,48.29,34493.04,-1
2025-06-10,2025-06-10 13:30:00,716.65,716.65,716.57,716.57,-0.01,48.29,34493.04,-1
2025-06-10,2025-06-10 13:31:00,716.57,716.57,716.5,716.5,-0.01,48.29,34493.04,-1
2025-06-10,2025-06-10 13:32:00,716.5,716.5,716.42,716.42,-0.01,48.29,34493.04,-1
2025-06-10,2025-06-10 13:33:00,716.42,716.42,716.35,716.35,-0.01,48.29,34493.04,-1
2025-06-10,2025-06-10 13:34:00,716.35,716.35,716.27,716.27,-0.01,48.29,34493.04,-1
2025-06-10,2025-06-10 13:35:00,716.27,716.27,716.2,716.2,-0.01,48.29,34493.04,-1
2025-06-10,2025-06-10 13:36:00,716.2,716.2,716.12,716.12,-0.01,48.29,34493.04,-1
2025-06-10,2025-06-10 13:37:00,716.12,716.12,716.04,716.04,-0.01,48.29,34493.04,-1
2025-06-10,2025-06-10 13:38:00,716.04,716.04,715.97,715.97,-0.01,48.29,34493.04,-1
2025-06-10,2025-06-10 13:39:00,715.97,715.97,715.89,715.89,-0.01,48.29,34493.04,-1
2025-06-10,2025-06-10 13:40:00,715.89,715.89,715.82,715.82,-0.01,48.29,34493.04,-1
2025-06-10,2025-06-10 13:41:00,715.82,715.82,715.74,715.74,-0.01,48.29,34493.04,-1
2025-06-10,2025-06-10 13:42:00,715.74,715.74,715.67,715.67,-0.01,48.29,34493.04,-1
2025-06-10,2025-06-10 13:43:00,715.67,715.67,715.59,715.59,-0.01,48.29,34493.04,-1
2025-06-10,2025-06-10 13:44:00,715.59,715.59,715.51,715.51,-0.01,48.29,34493.04,-1
2025-06-10,2025-06-10 13:45:00,715.51,715.51,715.44,715.44,-0.01,48.29,34493.04,-1
2025-06-10,2025-06-10 13:46:00,715.44,715.44,715.36,715.36,-0.01,48.29,34493.04,-1
2025-06-10,2025-06-10 13:47:00,715.36,715.36,715.29,715.29,-0.01,48.29,34493.04,-1
2025-06-10,2025-06-10 13:48:00,715.29,715.29,715.21,715.21,-0.01,48.29,34493.04,-1
2025-06-10,2025-06-10 13:49:00,715.21,715.21,715.14,715.14,-0.01,48.29,34493.04,-1
2025-06-10,2025-06-10 13:50:00,715.14,715.14,715.06,715.06,-0.01,48.29,34493.04,-1
2025-06-10,2025-06-10 13:51:00,715.06,715.06,714.99,714.99,-0.01,48.29,34493.04,-1
2025-06-10,2025-06-10 13:52:00,714.99,714.99,714.91,714.91,-0.01,48.29,34493.04,-1
2025-06-10,2025-06-10 13:53:00,714.91,714.91,714.83,714.83,-0.01,48.29,34493.04,-1
2025-06-10,2025-06-10 13:54:00,714.83,714.83,714.76,714.76,-0.01,48.29,34493.04,-1
2025-06-10,2025-06-10 13:55:00,714.76,714.76,714.68,714.68,-0.01,48.29,34493.04,-1
2025-06-10,2025-06-10 13:56:00,714.68,714.68,714.61,714.61,-0.01,48.29,34493.04,-1
2025-06-10,2025-06-10 13:57:00,714.61,714.61,714.53,714.53,-0.01,48.29,34493.04,-1
2025-06-10,2025-06-10 13:58:00,714.53,714.53,714.46,714.46,-0.01,48.29,34493.04,-1
2025-06-10,2025-06-10 13:59:00,714.46,714.46,714.38,714.38,-0.01,48.29,34493.04,-1
2025-06-10,2025-06-10 14:00:00,714.38,714.38,714.3,714.3,-0.01,48.29,34493.04,-1
2025-06-10,2025-06-10 14:01:00,714.3,714.3,714.23,714.23,-0.01,48.29,34493.04,-1
2025-06-10,2025-06-10 14:02:00,714.23,714.23,714.15,714.15,-0.01,48.29,34493.04,-1
2025-06-10,2025-06-10 14:03:00,714.15,714.15,714.08,714.08,-0.01,48.29,34493.04,-1
2025-06-10,2025-06-10 14:04:00,714.08,714.08,714.0,714.0,-0.01,48.29,34493.04,-1
2025-06-10,2025-06-10 14:05:00,714.0,714.0,713.93,713.93,-0.01,48.29,34493.04,-1
2025-06-10,2025-06-10 14:06:00,713.93,713.93,713.85,713.85,-0.01,48.29,34493.04,-1
2025-06-10,2025-06-10 14:07:00,713.85,713.85,713.77,713.77,-0.01,48.29,34493.04,-1
2025-06-10,2025-06-10 14:08:00,713.77,713.77,713.7,713.7,-0.01,48.29,34493.04,-1
2025-06-10,2025-06-10 14:09:00,713.7,713.7,713.62,713.62,-0.01,48.29,34493.04,-1
2025-06-10,2025-06-10 14:10:00,713.62,713.62,713.55,713.55,-0.01,48.29,34493.04,-1
2025-06-10,2025-06-10 14:11:00,713.55,713.55,713.47,713.47,-0.01,48.29,34493.04,-1
2025-06-10,2025-06-10 14:12:00,713.47,713.47,713.4,713.4,-0.01,48.29,34493.04,-1
2025-06-10,2025-06-10 14:13:00,713.4,713.4,713.32,713.32,-0.01,48.29,34493.04,-1
2025-06-10,2025-06-10 14:14:00,713.32,713.32,713.25,713.25,-0.01,48.29,34493.04,-1
2025-06-10,2025-06-10 14:15:00,713.25,713.25,713.17,713.17,-0.01,48.29,34493.04,-1
2025-06-10,2025-06-10 14:16:00,713.17,713.17,713.09,713.09,-0.01,48.29,34493.04,-1
2025-06-10,2025-06-10 14:17:00,713.09,713.09,713.02,713.02,-0.01,48.29,34493.04,-1
2025-06-10,2025-06-10 14:18:00,713.02,713.02,712.94,712.94,-0.01,48.29,34493.04,-1
2025-06-10,2025-06-10 14:19:00,712.94,712.94,712.87,712.87,-0.01,48.29,34493.04,-1
2025-06-10,2025-06-10 14:20:00,712.87,712.87,712.79,712.79,-0.01,48.29,34493.04,-1
2025-06-10,2025-06-10 14:21:00,712.79,712.79,712.72,712.72,-0.01,48.29,34493.04,-1
2025-06-10,2025-06-10 14:22:00,712.72,712.72,712.64,712.64,-0.01,48.29,34493.04,-1
2025-06-10,2025-06-10 14:23:00,712.64,712.64,712.56,712.56,-0.01,48.29,34493.04,-1
2025-06-10,2025-06-10 14:24:00,712.56,712.56,712.49,712.49,-0.01,48.29,34493.04,-1
2025-06-10,2025-06-10 14:25:00,712.49,712.49,712.41,712.41,-0.01,48.29,34493.04,-1
2025-06-10,2025-06-10 14:26:00,712.41,712.41,712.34,712.34,-0.01,48.29,34493.04,-1
2025-06-10,2025-06-10 14:27:00,712.34,712.34,712.26,712.26,-0.01,48.29,34493.04,-1
2025-06-10,2025-06-10 14:28:00,712.26,712.26,712.19,712.19,-0.01,48.29,34493.04,-1
2025-06-10,2025-06-10 14:29:00,712.19,712.19,712.11,712.11,-0.01,48.29,34493.04,-1
2025-06-10,2025-06-10 14:30:00,712.11,712.11,712.03,712.03,-0.01,48.29,34493.04,-1
2025-06-10,2025-06-10 14:31:00,712.03,712.03,711.96,711.96,-0.01,48.29,34493.04,-1
2025-06-10,2025-06-10 14:32:00,711.96,711.96,711.88,711.88,-0.01,48.29,34493.04,-1
2025-06-10,2025-06-10 14:33:00,711.88,711.88,711.81,711.81,-0.01,48.29,34493.04,-1
2025-06-10,2025-06-10 14:34:00,711.81,711.81,711.73,711.73,-0.01,48.29,34493.04,-1
2025-06-10,2025-06-10 14:35:00,711.73,711.73,711.66,711.66,-0.01,48.29,34493.04,-1
2025-06-10,2025-06-10 14:36:00,711.66,711.66,711.58,711.58,-0.01,48.29,34493.04,-1
2025-06-10,2025-06-10 14:37:00,711.58,711.58,711.5,711.5,-0.01,48.29,34493.04,-1
2025-06-10,2025-06-10 14:38:00,711.5,711.5,711.43,711.43,-0.01,48.29,34493.04,-1
2025-06-10,2025-06-10 14:39:00,711.43,711.43,711.35,711.35,-0.01,48.29,34493.04,-1
2025-06-10,2025-06-10 14:40:00,711.35,711.35,711.28,711.28,-0.01,48.29,34493.04,-1
2025-06-10,2025-06-10 14:41:00,711.28,711.28,711.2,711.2,-0.01,48.29,34493.04,-1
2025-06-10,2025-06-10 14:42:00,711.2,711.2,711.13,711.13,-0.01,48.29,34493.04,-1
2025-06-10,2025-06-10 14:43:00,711.13,711.13,711.05,711.05,-0.01,48.29,34493.04,-1
2025-06-10,2025-06-10 14:44:00,711.05,711.05,710.98,710.98,-0.01,48.29,34493.04,-1
2025-06-10,2025-06-10 14:45:00,710.98,710.98,710.9,710.9,-0.01,48.29,34493.04,-1
2025-06-10,2025-06-10 14:46:00,710.9,710.9,710.82,710.82,-0.01,48.29,34493.04,-1
2025-06-10,2025-06-10 14:47:00,710.82,710.82,710.75,710.75,-0.01,48.29,34493.04,-1
2025-06-10,2025-06-10 14:48:00,710.75,710.75,710.67,710.67,-0.01,48.29,34493.04,-1
2025-06-10,2025-06-10 14:49:00,710.67,710.67,710.6,710.6,-0.01,48.29,34493.04,-1
2025-06-10,2025-06-10 14:50:00,710.6,710.6,710.52,710.52,-0.01,48.29,34493.04,-1
2025-06-10,2025-06-10 14:51:00,710.52,710.52,710.45,710.45,-0.01,48.29,34493.04,-1
2025-06-10,2025-06-10 14:52:00,710.45,710.45,710.37,710.37,-0.01,48.29,34493.04,-1
2025-06-10,2025-06-10 14:53:00,710.37,710.37,710.29,710.29,-0.01,48.29,34493.04,-1
2025-06-10,2025-06-10 14:54:00,710.29,710.29,710.22,710.22,-0.01,48.29,34493.04,-1
2025-06-10,2025-06-10 14:55:00,710.22,710.22,710.14,710.14,-0.01,48.29,34493.04,-1
2025-06-10,2025-06-10 14:56:00,710.14,710.14,710.07,710.07,-0.01,48.29,34493.04,-1
2025-06-10,2025-06-10 14:57:00,710.07,710.07,709.99,709.99,-0.01,48.29,34493.04,-1
2025-06-10,2025-06-10 14:58:00,709.99,709.99,709.92,709.92,-0.01,48.29,34493.04,-1
2025-06-10,2025-06-10 14:59:00,709.92,709.92,709.84,709.84,-0.01,48.29,34493.04,-1
2025-06-10,2025-06-10 15:00:00,709.84,728.0,705.0,709.84,0.0,48.29,34493.04,0
2025-06-11,2025-06-11 11:00:00,721.9,721.9,712.33,721.78,-0.02,46.52,32411.4,-1
2025-06-11,2025-06-11 11:01:00,721.78,721.78,721.66,721.66,-0.02,46.52,32411.4,-1
2025-06-11,2025-06-11 11:02:00,721.66,721.66,721.53,721.53,-0.02,46.52,32411.4,-1
2025-06-11,2025-06-11 11:03:00,721.53,721.53,721.41,721.41,-0.02,46.52,32411.4,-1
2025-06-11,2025-06-11 11:04:00,721.41,721.41,721.29,721.29,-0.02,46.52,32411.4,-1
2025-06-11,2025-06-11 11:05:00,721.29,721.29,721.17,721.17,-0.02,46.52,32411.4,-1
2025-06-11,2025-06-11 11:06:00,721.17,721.17,721.04,721.04,-0.02,46.52,32411.4,-1
2025-06-11,2025-06-11 11:07:00,721.04,721.04,720.92,720.92,-0.02,46.52,32411.4,-1
2025-06-11,2025-06-11 11:08:00,720.92,720.92,720.8,720.8,-0.02,46.52,32411.4,-1
2025-06-11,2025-06-11 11:09:00,720.8,720.8,720.68,720.68,-0.02,46.52,32411.4,-1
2025-06-11,2025-06-11 11:10:00,720.68,720.68,720.55,720.55,-0.02,46.52,32411.4,-1
2025-06-11,2025-06-11 11:11:00,720.55,720.55,720.43,720.43,-0.02,46.52,32411.4,-1
2025-06-11,2025-06-11 11:12:00,720.43,720.43,720.31,720.31,-0.02,46.52,32411.4,-1
2025-06-11,2025-06-11 11:13:00,720.31,720.31,720.19,720.19,-0.02,46.52,32411.4,-1
2025-06-11,2025-06-11 11:14:00,720.19,720.19,720.06,720.06,-0.02,46.52,32411.4,-1
2025-06-11,2025-06-11 11:15:00,720.06,720.06,719.94,719.94,-0.02,46.52,32411.4,-1
2025-06-11,2025-06-11 11:16:00,719.94,719.94,719.82,719.82,-0.02,46.52,32411.4,-1
2025-06-11,2025-06-11 11:17:00,719.82,719.82,719.7,719.7,-0.02,46.52,32411.4,-1
2025-06-11,2025-06-11 11:18:00,719.7,719.7,719.57,719.57,-0.02,46.52,32411.4,-1
2025-06-11,2025-06-11 11:19:00,719.57,719.57,719.45,719.45,-0.02,46.52,32411.4,-1
2025-06-11,2025-06-11 11:20:00,719.45,719.45,719.33,719.33,-0.02,46.52,32411.4,-1
2025-06-11,2025-06-11 11:21:00,719.33,719.33,719.21,719.21,-0.02,46.52,32411.4,-1
2025-06-11,2025-06-11 11:22:00,719.21,719.21,719.08,719.08,-0.02,46.52,32411.4,-1
2025-06-11,2025-06-11 11:23:00,719.08,719.08,718.96,718.96,-0.02,46.52,32411.4,-1
2025-06-11,2025-06-11 11:24:00,718.96,718.96,718.84,718.84,-0.02,46.52,32411.4,-1
2025-06-11,2025-06-11 11:25:00,718.84,718.84,718.72,718.72,-0.02,46.52,32411.4,-1
2025-06-11,2025-06-11 11:26:00,718.72,718.72,718.59,718.59,-0.02,46.52,32411.4,-1
2025-06-11,2025-06-11 11:27:00,718.59,718.59,718.47,718.47,-0.02,46.52,32411.4,-1
2025-06-11,2025-06-11 11:28:00,718.47,718.47,718.35,718.35,-0.02,46.52,32411.4,-1
2025-06-11,2025-06-11 11:29:00,718.35,718.35,718.23,718.23,-0.02,46.52,32411.4,-1
2025-06-11,2025-06-11 11:30:00,718.23,718.23,718.11,718.11,-0.02,46.52,32411.4,-1
2025-06-11,2025-06-11 11:31:00,718.11,718.11,717.98,717.98,-0.02,46.52,32411.4,-1
2025-06-11,2025-06-11 11:32:00,717.98,717.98,717.86,717.86,-0.02,46.52,32411.4,-1
2025-06-11,2025-06-11 11:33:00,717.86,717.86,717.74,717.74,-0.02,46.52,32411.4,-1
2025-06-11,2025-06-11 11:34:00,717.74,717.74,717.62,717.62,-0.02,46.52,32411.4,-1
2025-06-11,2025-06-11 11:35:00,717.62,717.62,717.49,717.49,-0.02,46.52,32411.4,-1
2025-06-11,2025-06-11 11:36:00,717.49,717.49,717.37,717.37,-0.02,46.52,32411.4,-1
2025-06-11,2025-06-11 11:37:00,717.37,717.37,717.25,717.25,-0.02,46.52,32411.4,-1
2025-06-11,2025-06-11 11:38:00,717.25,717.25,717.13,717.13,-0.02,46.52,32411.4,-1
2025-06-11,2025-06-11 11:39:00,717.13,717.13,717.0,717.0,-0.02,46.52,32411.4,-1
2025-06-11,2025-06-11 11:40:00,717.0,717.0,716.88,716.88,-0.02,46.52,32411.4,-1
2025-06-11,2025-06-11 11:41:00,716.88,716.88,716.76,716.76,-0.02,46.52,32411.4,-1
2025-06-11,2025-06-11 11:42:00,716.76,716.76,716.64,716.64,-0.02,46.52,32411.4,-1
2025-06-11,2025-06-11 11:43:00,716.64,716.64,716.51,716.51,-0.02,46.52,32411.4,-1
2025-06-11,2025-06-11 11:44:00,716.51,716.51,716.39,716.39,-0.02,46.52,32411.4,-1
2025-06-11,2025-06-11 11:45:00,716.39,716.39,716.27,716.27,-0.02,46.52,32411.4,-1
2025-06-11,2025-06-11 11:46:00,716.27,716.27,716.15,716.15,-0.02,46.52,32411.4,-1
2025-06-11,2025-06-11 11:47:00,716.15,716.15,716.02,716.02,-0.02,46.52,32411.4,-1
2025-06-11,2025-06-11 11:48:00,716.02,716.02,715.9,715.9,-0.02,46.52,32411.4,-1
2025-06-11,2025-06-11 11:49:00,715.9,715.9,715.78,715.78,-0.02,46.52,32411.4,-1
2025-06-11,2025-06-11 11:50:00,715.78,715.78,715.66,715.66,-0.02,46.52,32411.4,-1
2025-06-11,2025-06-11 11:51:00,715.66,715.66,715.53,715.53,-0.02,46.52,32411.4,-1
2025-06-11,2025-06-11 11:52:00,715.53,715.53,715.41,715.41,-0.02,46.52,32411.4,-1
2025-06-11,2025-06-11 11:53:00,715.41,715.41,715.29,715.29,-0.02,46.52,32411.4,-1
2025-06-11,2025-06-11 11:54:00,715.29,715.29,715.17,715.17,-0.02,46.52,32411.4,-1
2025-06-11,2025-06-11 11:55:00,715.17,715.17,715.04,715.04,-0.02,46.52,32411.4,-1
2025-06-11,2025-06-11 11:56:00,715.04,715.04,714.92,714.92,-0.02,46.52,32411.4,-1
2025-06-11,2025-06-11 11:57:00,714.92,714.92,714.8,714.8,-0.02,46.52,32411.4,-1
2025-06-11,2025-06-11 11:58:00,714.8,714.8,714.68,714.68,-0.02,46.52,32411.4,-1
2025-06-11,2025-06-11 11:59:00,714.68,714.68,714.55,714.55,-0.02,46.52,32411.4,-1
2025-06-11,2025-06-11 12:00:00,714.55,714.55,714.43,714.43,-0.02,46.52,32411.4,-1
2025-06-11,2025-06-11 12:01:00,714.43,714.43,714.31,714.31,-0.02,46.52,32411.4,-1
2025-06-11,2025-06-11 12:02:00,714.31,714.31,714.19,714.19,-0.02,46.52,32411.4,-1
2025-06-11,2025-06-11 12:03:00,714.19,714.19,714.07,714.07,-0.02,46.52,32411.4,-1
2025-06-11,2025-06-11 12:04:00,714.07,714.07,713.94,713.94,-0.02,46.52,32411.4,-1
2025-06-11,2025-06-11 12:05:00,713.94,713.94,713.82,713.82,-0.02,46.52,32411.4,-1
2025-06-11,2025-06-11 12:06:00,713.82,713.82,713.7,713.7,-0.02,46.52,32411.4,-1
2025-06-11,2025-06-11 12:07:00,713.7,713.7,713.58,713.58,-0.02,46.52,32411.4,-1
2025-06-11,2025-06-11 12:08:00,713.58,713.58,713.45,713.45,-0.02,46.52,32411.4,-1
2025-06-11,2025-06-11 12:09:00,713.45,713.45,713.33,713.33,-0.02,46.52,32411.4,-1
2025-06-11,2025-06-11 12:10:00,713.33,713.33,713.21,713.21,-0.02,46.52,32411.4,-1
2025-06-11,2025-06-11 12:11:00,713.21,713.21,713.09,713.09,-0.02,46.52,32411.4,-1
2025-06-11,2025-06-11 12:12:00,713.09,713.09,712.96,712.96,-0.02,46.52,32411.4,-1
2025-06-11,2025-06-11 12:13:00,712.96,712.96,712.84,712.84,-0.02,46.52,32411.4,-1
2025-06-11,2025-06-11 12:14:00,712.84,712.84,712.72,712.72,-0.02,46.52,32411.4,-1
2025-06-11,2025-06-11 12:15:00,712.72,712.72,712.6,712.6,-0.02,46.52,32411.4,-1
2025-06-11,2025-06-11 12:16:00,712.6,712.6,712.47,712.47,-0.02,46.52,32411.4,-1
2025-06-11,2025-06-11 12:17:00,712.47,712.47,712.35,712.35,-0.02,46.52,32411.4,-1
2025-06-11,2025-06-11 12:18:00,712.35,712.35,712.23,712.23,-0.02,46.52,32411.4,-1
2025-06-11,2025-06-11 12:19:00,712.23,712.23,712.11,712.11,-0.02,46.52,32411.4,-1
2025-06-11,2025-06-11 12:20:00,712.11,712.11,711.98,711.98,-0.02,46.52,32411.4,-1
2025-06-11,2025-06-11 12:21:00,711.98,711.98,711.86,711.86,-0.02,46.52,32411.4,-1
2025-06-11,2025-06-11 12:22:00,711.86,711.86,711.74,711.74,-0.02,46.52,32411.4,-1
2025-06-11,2025-06-11 12:23:00,711.74,711.74,711.62,711.62,-0.02,46.52,32411.4,-1
2025-06-11,2025-06-11 12:24:00,711.62,711.62,711.49,711.49,-0.02,46.52,32411.4,-1
2025-06-11,2025-06-11 12:25:00,711.49,711.49,711.37,711.37,-0.02,46.52,32411.4,-1
2025-06-11,2025-06-11 12:26:00,711.37,711.37,711.25,711.25,-0.02,46.52,32411.4,-1
2025-06-11,2025-06-11 12:27:00,711.25,711.25,711.13,711.13,-0.02,46.52,32411.4,-1
2025-06-11,2025-06-11 12:28:00,711.13,711.13,711.0,711.0,-0.02,46.52,32411.4,-1
2025-06-11,2025-06-11 12:29:00,711.0,711.0,710.88,710.88,-0.02,46.52,32411.4,-1
2025-06-11,2025-06-11 12:30:00,710.88,710.88,710.76,710.76,-0.02,46.52,32411.4,-1
2025-06-11,2025-06-11 12:31:00,710.76,710.76,710.64,710.64,-0.02,46.52,32411.4,-1
2025-06-11,2025-06-11 12:32:00,710.64,710.64,710.52,710.52,-0.02,46.52,32411.4,-1
2025-06-11,2025-06-11 12:33:00,710.52,710.52,710.39,710.39,-0.02,46.52,32411.4,-1
2025-06-11,2025-06-11 12:34:00,710.39,710.39,710.27,710.27,-0.02,46.52,32411.4,-1
2025-06-11,2025-06-11 12:35:00,710.27,710.27,710.15,710.15,-0.02,46.52,32411.4,-1
2025-06-11,2025-06-11 12:36:00,710.15,710.15,710.03,710.03,-0.02,46.52,32411.4,-1
2025-06-11,2025-06-11 12:37:00,710.03,710.03,709.9,709.9,-0.02,46.52,32411.4,-1
2025-06-11,2025-06-11 12:38:00,709.9,709.9,709.78,709.78,-0.02,46.52,32411.4,-1
2025-06-11,2025-06-11 12:39:00,709.78,709.78,709.66,709.66,-0.02,46.52,32411.4,-1
2025-06-11,2025-06-11 12:40:00,709.66,709.66,709.54,709.54,-0.02,46.52,32411.4,-1
2025-06-11,2025-06-11 12:41:00,709.54,709.54,709.41,709.41,-0.02,46.52,32411.4,-1
2025-06-11,2025-06-11 12:42:00,709.41,709.41,709.29,709.29,-0.02,46.52,32411.4,-1
2025-06-11,2025-06-11 12:43:00,709.29,709.29,709.17,709.17,-0.02,46.52,32411.4,-1
2025-06-11,2025-06-11 12:44:00,709.17,709.17,709.05,709.05,-0.02,46.52,32411.4,-1
2025-06-11,2025-06-11 12:45:00,709.05,709.05,708.92,708.92,-0.02,46.52,32411.4,-1
2025-06-11,2025-06-11 12:46:00,708.92,708.92,708.8,708.8,-0.02,46.52,32411.4,-1
2025-06-11,2025-06-11 12:47:00,708.8,708.8,708.68,708.68,-0.02,46.52,32411.4,-1
2025-06-11,2025-06-11 12:48:00,708.68,708.68,708.56,708.56,-0.02,46.52,32411.4,-1
2025-06-11,2025-06-11 12:49:00,708.56,708.56,708.43,708.43,-0.02,46.52,32411.4,-1
2025-06-11,2025-06-11 12:50:00,708.43,708.43,708.31,708.31,-0.02,46.52,32411.4,-1
2025-06-11,2025-06-11 12:51:00,708.31,708.31,708.19,708.19,-0.02,46.52,32411.4,-1
2025-06-11,2025-06-11 12:52:00,708.19,708.19,708.07,708.07,-0.02,46.52,32411.4,-1
2025-06-11,2025-06-11 12:53:00,708.07,708.07,707.94,707.94,-0.02,46.52,32411.4,-1
2025-06-11,2025-06-11 12:54:00,707.94,707.94,707.82,707.82,-0.02,46.52,32411.4,-1
2025-06-11,2025-06-11 12:55:00,707.82,707.82,707.7,707.7,-0.02,46.52,32411.4,-1
2025-06-11,2025-06-11 12:56:00,707.7,707.7,707.58,707.58,-0.02,46.52,32411.4,-1
2025-06-11,2025-06-11 12:57:00,707.58,707.58,707.45,707.45,-0.02,46.52,32411.4,-1
2025-06-11,2025-06-11 12:58:00,707.45,707.45,707.33,707.33,-0.02,46.52,32411.4,-1
2025-06-11,2025-06-11 12:59:00,707.33,707.33,707.21,707.21,-0.02,46.52,32411.4,-1
2025-06-11,2025-06-11 13:00:00,707.21,721.9,690.0,707.09,-0.02,46.52,32411.4,-1
2025-06-11,2025-06-11 13:01:00,707.09,707.09,706.97,706.97,-0.02,46.52,32411.4,-1
2025-06-11,2025-06-11 13:02:00,706.97,706.97,706.84,706.84,-0.02,46.52,32411.4,-1
2025-06-11,2025-06-11 13:03:00,706.84,706.84,706.72,706.72,-0.02,46.52,32411.4,-1
2025-06-11,2025-06-11 13:04:00,706.72,706.72,706.6,706.6,-0.02,46.52,32411.4,-1
2025-06-11,2025-06-11 13:05:00,706.6,706.6,706.48,706.48,-0.02,46.52,32411.4,-1
2025-06-11,2025-06-11 13:06:00,706.48,706.48,706.35,706.35,-0.02,46.52,32411.4,-1
2025-06-11,2025-06-11 13:07:00,706.35,706.35,706.23,706.23,-0.02,46.52,32411.4,-1
2025-06-11,2025-06-11 13:08:00,706.23,706.23,706.11,706.11,-0.02,46.52,32411.4,-1
2025-06-11,2025-06-11 13:09:00,706.11,706.11,705.99,705.99,-0.02,46.52,32411.4,-1
2025-06-11,2025-06-11 13:10:00,705.99,705.99,705.86,705.86,-0.02,46.52,32411.4,-1
2025-06-11,2025-06-11 13:11:00,705.86,705.86,705.74,705.74,-0.02,46.52,32411.4,-1
2025-06-11,2025-06-11 13:12:00,705.74,705.74,705.62,705.62,-0.02,46.52,32411.4,-1
2025-06-11,2025-06-11 13:13:00,705.62,705.62,705.5,705.5,-0.02,46.52,32411.4,-1
2025-06-11,2025-06-11 13:14:00,705.5,705.5,705.37,705.37,-0.02,46.52,32411.4,-1
2025-06-11,2025-06-11 13:15:00,705.37,705.37,705.25,705.25,-0.02,46.52,32411.4,-1
2025-06-11,2025-06-11 13:16:00,705.25,705.25,705.13,705.13,-0.02,46.52,32411.4,-1
2025-06-11,2025-06-11 13:17:00,705.13,705.13,705.01,705.01,-0.02,46.52,32411.4,-1
2025-06-11,2025-06-11 13:18:00,705.01,705.01,704.88,704.88,-0.02,46.52,32411.4,-1
2025-06-11,2025-06-11 13:19:00,704.88,704.88,704.76,704.76,-0.02,46.52,32411.4,-1
2025-06-11,2025-06-11 13:20:00,704.76,704.76,704.64,704.64,-0.02,46.52,32411.4,-1
2025-06-11,2025-06-11 13:21:00,704.64,704.64,704.52,704.52,-0.02,46.52,32411.4,-1
2025-06-11,2025-06-11 13:22:00,704.52,704.52,704.39,704.39,-0.02,46.52,32411.4,-1
2025-06-11,2025-06-11 13:23:00,704.39,704.39,704.27,704.27,-0.02,46.52,32411.4,-1
2025-06-11,2025-06-11 13:24:00,704.27,704.27,704.15,704.15,-0.02,46.52,32411.4,-1
2025-06-11,2025-06-11 13:25:00,704.15,704.15,704.03,704.03,-0.02,46.52,32411.4,-1
2025-06-11,2025-06-11 13:26:00,704.03,704.03,703.9,703.9,-0.02,46.52,32411.4,-1
2025-06-11,2025-06-11 13:27:00,703.9,703.9,703.78,703.78,-0.02,46.52,32411.4,-1
2025-06-11,2025-06-11 13:28:00,703.78,703.78,703.66,703.66,-0.02,46.52,32411.4,-1
2025-06-11,2025-06-11 13:29:00,703.66,703.66,703.54,703.54,-0.02,46.52,32411.4,-1
2025-06-11,2025-06-11 13:30:00,703.54,703.54,703.42,703.42,-0.02,46.52,32411.4,-1
2025-06-11,2025-06-11 13:31:00,703.42,703.42,703.29,703.29,-0.02,46.52,32411.4,-1
2025-06-11,2025-06-11 13:32:00,703.29,703.29,703.17,703.17,-0.02,46.52,32411.4,-1
2025-06-11,2025-06-11 13:33:00,703.17,703.17,703.05,703.05,-0.02,46.52,32411.4,-1
2025-06-11,2025-06-11 13:34:00,703.05,703.05,702.93,702.93,-0.02,46.52,32411.4,-1
2025-06-11,2025-06-11 13:35:00,702.93,702.93,702.8,702.8,-0.02,46.52,32411.4,-1
2025-06-11,2025-06-11 13:36:00,702.8,702.8,702.68,702.68,-0.02,46.52,32411.4,-1
2025-06-11,2025-06-11 13:37:00,702.68,702.68,702.56,702.56,-0.02,46.52,32411.4,-1
2025-06-11,2025-06-11 13:38:00,702.56,702.56,702.44,702.44,-0.02,46.52,32411.4,-1
2025-06-11,2025-06-11 13:39:00,702.44,702.44,702.31,702.31,-0.02,46.52,32411.4,-1
2025-06-11,2025-06-11 13:40:00,702.31,702.31,702.19,702.19,-0.02,46.52,32411.4,-1
2025-06-11,2025-06-11 13:41:00,702.19,702.19,702.07,702.07,-0.02,46.52,32411.4,-1
2025-06-11,2025-06-11 13:42:00,702.07,702.07,701.95,701.95,-0.02,46.52,32411.4,-1
2025-06-11,2025-06-11 13:43:00,701.95,701.95,701.82,701.82,-0.02,46.52,32411.4,-1
2025-06-11,2025-06-11 13:44:00,701.82,701.82,701.7,701.7,-0.02,46.52,32411.4,-1
2025-06-11,2025-06-11 13:45:00,701.7,701.7,701.58,701.58,-0.02,46.52,32411.4,-1
2025-06-11,2025-06-11 13:46:00,701.58,701.58,701.46,701.46,-0.02,46.52,32411.4,-1
2025-06-11,2025-06-11 13:47:00,701.46,701.46,701.33,701.33,-0.02,46.52,32411.4,-1
2025-06-11,2025-06-11 13:48:00,701.33,701.33,701.21,701.21,-0.02,46.52,32411.4,-1
2025-06-11,2025-06-11 13:49:00,701.21,701.21,701.09,701.09,-0.02,46.52,32411.4,-1
2025-06-11,2025-06-11 13:50:00,701.09,701.09,700.97,700.97,-0.02,46.52,32411.4,-1
2025-06-11,2025-06-11 13:51:00,700.97,700.97,700.84,700.84,-0.02,46.52,32411.4,-1
2025-06-11,2025-06-11 13:52:00,700.84,700.84,700.72,700.72,-0.02,46.52,32411.4,-1
2025-06-11,2025-06-11 13:53:00,700.72,700.72,700.6,700.6,-0.02,46.52,32411.4,-1
2025-06-11,2025-06-11 13:54:00,700.6,700.6,700.48,700.48,-0.02,46.52,32411.4,-1
2025-06-11,2025-06-11 13:55:00,700.48,700.48,700.35,700.35,-0.02,46.52,32411.4,-1
2025-06-11,2025-06-11 13:56:00,700.35,700.35,700.23,700.23,-0.02,46.52,32411.4,-1
2025-06-11,2025-06-11 13:57:00,700.23,700.23,700.11,700.11,-0.02,46.52,32411.4,-1
2025-06-11,2025-06-11 13:58:00,700.11,700.11,699.99,699.99,-0.02,46.52,32411.4,-1
2025-06-11,2025-06-11 13:59:00,699.99,699.99,699.87,699.87,-0.02,46.52,32411.4,-1
2025-06-11,2025-06-11 14:00:00,699.87,699.87,699.74,699.74,-0.02,46.52,32411.4,-1
2025-06-11,2025-06-11 14:01:00,699.74,699.74,699.62,699.62,-0.02,46.52,32411.4,-1
2025-06-11,2025-06-11 14:02:00,699.62,699.62,699.5,699.5,-0.02,46.52,32411.4,-1
2025-06-11,2025-06-11 14:03:00,699.5,699.5,699.38,699.38,-0.02,46.52,32411.4,-1
2025-06-11,2025-06-11 14:04:00,699.38,699.38,699.25,699.25,-0.02,46.52,32411.4,-1
2025-06-11,2025-06-11 14:05:00,699.25,699.25,699.13,699.13,-0.02,46.52,32411.4,-1
2025-06-11,2025-06-11 14:06:00,699.13,699.13,699.01,699.01,-0.02,46.52,32411.4,-1
2025-06-11,2025-06-11 14:07:00,699.01,699.01,698.89,698.89,-0.02,46.52,32411.4,-1
2025-06-11,2025-06-11 14:08:00,698.89,698.89,698.76,698.76,-0.02,46.52,32411.4,-1
2025-06-11,2025-06-11 14:09:00,698.76,698.76,698.64,698.64,-0.02,46.52,32411.4,-1
2025-06-11,2025-06-11 14:10:00,698.64,698.64,698.52,698.52,-0.02,46.52,32411.4,-1
2025-06-11,2025-06-11 14:11:00,698.52,698.52,698.4,698.4,-0.02,46.52,32411.4,-1
2025-06-11,2025-06-11 14:12:00,698.4,698.4,698.27,698.27,-0.02,46.52,32411.4,-1
2025-06-11,2025-06-11 14:13:00,698.27,698.27,698.15,698.15,-0.02,46.52,32411.4,-1
2025-06-11,2025-06-11 14:14:00,698.15,698.15,698.03,698.03,-0.02,46.52,32411.4,-1
2025-06-11,2025-06-11 14:15:00,698.03,698.03,697.91,697.91,-0.02,46.52,32411.4,-1
2025-06-11,2025-06-11 14:16:00,697.91,697.91,697.78,697.78,-0.02,46.52,32411.4,-1
2025-06-11,2025-06-11 14:17:00,697.78,697.78,697.66,697.66,-0.02,46.52,32411.4,-1
2025-06-11,2025-06-11 14:18:00,697.66,697.66,697.54,697.54,-0.02,46.52,32411.4,-1
2025-06-11,2025-06-11 14:19:00,697.54,697.54,697.42,697.42,-0.02,46.52,32411.4,-1
2025-06-11,2025-06-11 14:20:00,697.42,697.42,697.29,697.29,-0.02,46.52,32411.4,-1
2025-06-11,2025-06-11 14:21:00,697.29,697.29,697.17,697.17,-0.02,46.52,32411.4,-1
2025-06-11,2025-06-11 14:22:00,697.17,697.17,697.05,697.05,-0.02,46.52,32411.4,-1
2025-06-11,2025-06-11 14:23:00,697.05,697.05,696.93,696.93,-0.02,46.52,32411.4,-1
2025-06-11,2025-06-11 14:24:00,696.93,696.93,696.8,696.8,-0.02,46.52,32411.4,-1
2025-06-11,2025-06-11 14:25:00,696.8,696.8,696.68,696.68,-0.02,46.52,32411.4,-1
2025-06-11,2025-06-11 14:26:00,696.68,696.68,696.56,696.56,-0.02,46.52,32411.4,-1
2025-06-11,2025-06-11 14:27:00,696.56,696.56,696.44,696.44,-0.02,46.52,32411.4,-1
2025-06-11,2025-06-11 14:28:00,696.44,696.44,696.31,696.31,-0.02,46.52,32411.4,-1
2025-06-11,2025-06-11 14:29:00,696.31,696.31,696.19,696.19,-0.02,46.52,32411.4,-1
2025-06-11,2025-06-11 14:30:00,696.19,696.19,696.07,696.07,-0.02,46.52,32411.4,-1
2025-06-11,2025-06-11 14:31:00,696.07,696.07,695.95,695.95,-0.02,46.52,32411.4,-1
2025-06-11,2025-06-11 14:32:00,695.95,695.95,695.83,695.83,-0.02,46.52,32411.4,-1
2025-06-11,2025-06-11 14:33:00,695.83,695.83,695.7,695.7,-0.02,46.52,32411.4,-1
2025-06-11,2025-06-11 14:34:00,695.7,695.7,695.58,695.58,-0.02,46.52,32411.4,-1
2025-06-11,2025-06-11 14:35:00,695.58,695.58,695.46,695.46,-0.02,46.52,32411.4,-1
2025-06-11,2025-06-11 14:36:00,695.46,695.46,695.34,695.34,-0.02,46.52,32411.4,-1
2025-06-11,2025-06-11 14:37:00,695.34,695.34,695.21,695.21,-0.02,46.52,32411.4,-1
2025-06-11,2025-06-11 14:38:00,695.21,695.21,695.09,695.09,-0.02,46.52,32411.4,-1
2025-06-11,2025-06-11 14:39:00,695.09,695.09,694.97,694.97,-0.02,46.52,32411.4,-1
2025-06-11,2025-06-11 14:40:00,694.97,694.97,694.85,694.85,-0.02,46.52,32411.4,-1
2025-06-11,2025-06-11 14:41:00,694.85,694.85,694.72,694.72,-0.02,46.52,32411.4,-1
2025-06-11,2025-06-11 14:42:00,694.72,694.72,694.6,694.6,-0.02,46.52,32411.4,-1
2025-06-11,2025-06-11 14:43:00,694.6,694.6,694.48,694.48,-0.02,46.52,32411.4,-1
2025-06-11,2025-06-11 14:44:00,694.48,694.48,694.36,694.36,-0.02,46.52,32411.4,-1
2025-06-11,2025-06-11 14:45:00,694.36,694.36,694.23,694.23,-0.02,46.52,32411.4,-1
2025-06-11,2025-06-11 14:46:00,694.23,694.23,694.11,694.11,-0.02,46.52,32411.4,-1
2025-06-11,2025-06-11 14:47:00,694.11,694.11,693.99,693.99,-0.02,46.52,32411.4,-1
2025-06-11,2025-06-11 14:48:00,693.99,693.99,693.87,693.87,-0.02,46.52,32411.4,-1
2025-06-11,2025-06-11 14:49:00,693.87,693.87,693.74,693.74,-0.02,46.52,32411.4,-1
2025-06-11,2025-06-11 14:50:00,693.74,693.74,693.62,693.62,-0.02,46.52,32411.4,-1
2025-06-11,2025-06-11 14:51:00,693.62,693.62,693.5,693.5,-0.02,46.52,32411.4,-1
2025-06-11,2025-06-11 14:52:00,693.5,693.5,693.38,693.38,-0.02,46.52,32411.4,-1
2025-06-11,2025-06-11 14:53:00,693.38,693.38,693.25,693.25,-0.02,46.52,32411.4,-1
2025-06-11,2025-06-11 14:54:00,693.25,693.25,693.13,693.13,-0.02,46.52,32411.4,-1
2025-06-11,2025-06-11 14:55:00,693.13,693.13,693.01,693.01,-0.02,46.52,32411.4,-1
2025-06-11,2025-06-11 14:56:00,693.01,693.01,692.89,692.89,-0.02,46.52,32411.4,-1
2025-06-11,2025-06-11 14:57:00,692.89,692.89,692.76,692.76,-0.02,46.52,32411.4,-1
2025-06-11,2025-06-11 14:58:00,692.76,692.76,692.64,692.64,-0.02,46.52,32411.4,-1
2025-06-11,2025-06-11 14:59:00,692.64,692.64,692.52,692.52,-0.02,46.52,32411.4,-1
2025-06-11,2025-06-11 15:00:00,692.52,721.9,690.0,692.52,0.0,46.52,32411.4,0
2025-06-12,2025-06-12 11:00:00,695.0,703.67,690.8,694.98,-0.0,99.9,69727.19,-1
2025-06-12,2025-06-12 11:01:00,694.98,694.98,694.96,694.96,-0.0,99.9,69727.19,-1
2025-06-12,2025-06-12 11:02:00,694.96,694.96,694.95,694.95,-0.0,99.9,69727.19,-1
2025-06-12,2025-06-12 11:03:00,694.95,694.95,694.93,694.93,-0.0,99.9,69727.19,-1
2025-06-12,2025-06-12 11:04:00,694.93,694.93,694.91,694.91,-0.0,99.9,69727.19,-1
2025-06-12,2025-06-12 11:05:00,694.91,694.91,694.89,694.89,-0.0,99.9,69727.19,-1
2025-06-12,2025-06-12 11:06:00,694.89,694.89,694.87,694.87,-0.0,99.9,69727.19,-1
2025-06-12,2025-06-12 11:07:00,694.87,694.87,694.86,694.86,-0.0,99.9,69727.19,-1
2025-06-12,2025-06-12 11:08:00,694.86,694.86,694.84,694.84,-0.0,99.9,69727.19,-1
2025-06-12,2025-06-12 11:09:00,694.84,694.84,694.82,694.82,-0.0,99.9,69727.19,-1
2025-06-12,2025-06-12 11:10:00,694.82,694.82,694.8,694.8,-0.0,99.9,69727.19,-1
2025-06-12,2025-06-12 11:11:00,694.8,694.8,694.78,694.78,-0.0,99.9,69727.19,-1
2025-06-12,2025-06-12 11:12:00,694.78,694.78,694.77,694.77,-0.0,99.9,69727.19,-1
2025-06-12,2025-06-12 11:13:00,694.77,694.77,694.75,694.75,-0.0,99.9,69727.19,-1
2025-06-12,2025-06-12 11:14:00,694.75,694.75,694.73,694.73,-0.0,99.9,69727.19,-1
2025-06-12,2025-06-12 11:15:00,694.73,694.73,694.71,694.71,-0.0,99.9,69727.19,-1
2025-06-12,2025-06-12 11:16:00,694.71,694.71,694.69,694.69,-0.0,99.9,69727.19,-1
2025-06-12,2025-06-12 11:17:00,694.69,694.69,694.68,694.68,-0.0,99.9,69727.19,-1
2025-06-12,2025-06-12 11:18:00,694.68,694.68,694.66,694.66,-0.0,99.9,69727.19,-1
2025-06-12,2025-06-12 11:19:00,694.66,694.66,694.64,694.64,-0.0,99.9,69727.19,-1
2025-06-12,2025-06-12 11:20:00,694.64,694.64,694.62,694.62,-0.0,99.9,69727.19,-1
2025-06-12,2025-06-12 11:21:00,694.62,694.62,694.6,694.6,-0.0,99.9,69727.19,-1
2025-06-12,2025-06-12 11:22:00,694.6,694.6,694.59,694.59,-0.0,99.9,69727.19,-1
2025-06-12,2025-06-12 11:23:00,694.59,694.59,694.57,694.57,-0.0,99.9,69727.19,-1
2025-06-12,2025-06-12 11:24:00,694.57,694.57,694.55,694.55,-0.0,99.9,69727.19,-1
2025-06-12,2025-06-12 11:25:00,694.55,694.55,694.53,694.53,-0.0,99.9,69727.19,-1
2025-06-12,2025-06-12 11:26:00,694.53,694.53,694.51,694.51,-0.0,99.9,69727.19,-1
2025-06-12,2025-06-12 11:27:00,694.51,694.51,694.5,694.5,-0.0,99.9,69727.19,-1
2025-06-12,2025-06-12 11:28:00,694.5,694.5,694.48,694.48,-0.0,99.9,69727.19,-1
2025-06-12,2025-06-12 11:29:00,694.48,694.48,694.46,694.46,-0.0,99.9,69727.19,-1
2025-06-12,2025-06-12 11:30:00,694.46,694.46,694.44,694.44,-0.0,99.9,69727.19,-1
2025-06-12,2025-06-12 11:31:00,694.44,694.44,694.42,694.42,-0.0,99.9,69727.19,-1
2025-06-12,2025-06-12 11:32:00,694.42,694.42,694.41,694.41,-0.0,99.9,69727.19,-1
2025-06-12,2025-06-12 11:33:00,694.41,694.41,694.39,694.39,-0.0,99.9,69727.19,-1
2025-06-12,2025-06-12 11:34:00,694.39,694.39,694.37,694.37,-0.0,99.9,69727.19,-1
2025-06-12,2025-06-12 11:35:00,694.37,694.37,694.35,694.35,-0.0,99.9,69727.19,-1
2025-06-12,2025-06-12 11:36:00,694.35,694.35,694.33,694.33,-0.0,99.9,69727.19,-1
2025-06-12,2025-06-12 11:37:00,694.33,694.33,694.32,694.32,-0.0,99.9,69727.19,-1
2025-06-12,2025-06-12 11:38:00,694.32,694.32,694.3,694.3,-0.0,99.9,69727.19,-1
2025-06-12,2025-06-12 11:39:00,694.3,694.3,694.28,694.28,-0.0,99.9,69727.19,-1
2025-06-12,2025-06-12 11:40:00,694.28,694.28,694.26,694.26,-0.0,99.9,69727.19,-1
2025-06-12,2025-06-12 11:41:00,694.26,694.26,694.24,694.24,-0.0,99.9,69727.19,-1
2025-06-12,2025-06-12 11:42:00,694.24,694.24,694.23,694.23,-0.0,99.9,69727.19,-1
2025-06-12,2025-06-12 11:43:00,694.23,694.23,694.21,694.21,-0.0,99.9,69727.19,-1
2025-06-12,2025-06-12 11:44:00,694.21,694.21,694.19,694.19,-0.0,99.9,69727.19,-1
2025-06-12,2025-06-12 11:45:00,694.19,694.19,694.17,694.17,-0.0,99.9,69727.19,-1
2025-06-12,2025-06-12 11:46:00,694.17,694.17,694.15,694.15,-0.0,99.9,69727.19,-1
2025-06-12,2025-06-12 11:47:00,694.15,694.15,694.14,694.14,-0.0,99.9,69727.19,-1
2025-06-12,2025-06-12 11:48:00,694.14,694.14,694.12,694.12,-0.0,99.9,69727.19,-1
2025-06-12,2025-06-12 11:49:00,694.12,694.12,694.1,694.1,-0.0,99.9,69727.19,-1
2025-06-12,2025-06-12 11:50:00,694.1,694.1,694.08,694.08,-0.0,99.9,69727.19,-1
2025-06-12,2025-06-12 11:51:00,694.08,694.08,694.06,694.06,-0.0,99.9,69727.19,-1
2025-06-12,2025-06-12 11:52:00,694.06,694.06,694.05,694.05,-0.0,99.9,69727.19,-1
2025-06-12,2025-06-12 11:53:00,694.05,694.05,694.03,694.03,-0.0,99.9,69727.19,-1
2025-06-12,2025-06-12 11:54:00,694.03,694.03,694.01,694.01,-0.0,99.9,69727.19,-1
2025-06-12,2025-06-12 11:55:00,694.01,694.01,693.99,693.99,-0.0,99.9,69727.19,-1
2025-06-12,2025-06-12 11:56:00,693.99,693.99,693.97,693.97,-0.0,99.9,69727.19,-1
2025-06-12,2025-06-12 11:57:00,693.97,693.97,693.96,693.96,-0.0,99.9,69727.19,-1
2025-06-12,2025-06-12 11:58:00,693.96,693.96,693.94,693.94,-0.0,99.9,69727.19,-1
2025-06-12,2025-06-12 11:59:00,693.94,693.94,693.92,693.92,-0.0,99.9,69727.19,-1
2025-06-12,2025-06-12 12:00:00,693.92,693.92,693.9,693.9,-0.0,99.9,69727.19,-1
2025-06-12,2025-06-12 12:01:00,693.9,693.9,693.88,693.88,-0.0,99.9,69727.19,-1
2025-06-12,2025-06-12 12:02:00,693.88,693.88,693.87,693.87,-0.0,99.9,69727.19,-1
2025-06-12,2025-06-12 12:03:00,693.87,693.87,693.85,693.85,-0.0,99.9,69727.19,-1
2025-06-12,2025-06-12 12:04:00,693.85,693.85,693.83,693.83,-0.0,99.9,69727.19,-1
2025-06-12,2025-06-12 12:05:00,693.83,693.83,693.81,693.81,-0.0,99.9,69727.19,-1
2025-06-12,2025-06-12 12:06:00,693.81,693.81,693.79,693.79,-0.0,99.9,69727.19,-1
2025-06-12,2025-06-12 12:07:00,693.79,693.79,693.78,693.78,-0.0,99.9,69727.19,-1
2025-06-12,2025-06-12 12:08:00,693.78,693.78,693.76,693.76,-0.0,99.9,69727.19,-1
2025-06-12,2025-06-12 12:09:00,693.76,693.76,693.74,693.74,-0.0,99.9,69727.19,-1
2025-06-12,2025-06-12 12:10:00,693.74,693.74,693.72,693.72,-0.0,99.9,69727.19,-1
2025-06-12,2025-06-12 12:11:00,693.72,693.72,693.7,693.7,-0.0,99.9,69727.19,-1
2025-06-12,2025-06-12 12:12:00,693.7,693.7,693.69,693.69,-0.0,99.9,69727.19,-1
2025-06-12,2025-06-12 12:13:00,693.69,693.69,693.67,693.67,-0.0,99.9,69727.19,-1
2025-06-12,2025-06-12 12:14:00,693.67,693.67,693.65,693.65,-0.0,99.9,69727.19,-1
2025-06-12,2025-06-12 12:15:00,693.65,693.65,693.63,693.63,-0.0,99.9,69727.19,-1
2025-06-12,2025-06-12 12:16:00,693.63,693.63,693.61,693.61,-0.0,99.9,69727.19,-1
2025-06-12,2025-06-12 12:17:00,693.61,693.61,693.6,693.6,-0.0,99.9,69727.19,-1
2025-06-12,2025-06-12 12:18:00,693.6,693.6,693.58,693.58,-0.0,99.9,69727.19,-1
2025-06-12,2025-06-12 12:19:00,693.58,693.58,693.56,693.56,-0.0,99.9,69727.19,-1
2025-06-12,2025-06-12 12:20:00,693.56,693.56,693.54,693.54,-0.0,99.9,69727.19,-1
2025-06-12,2025-06-12 12:21:00,693.54,693.54,693.52,693.52,-0.0,99.9,69727.19,-1
2025-06-12,2025-06-12 12:22:00,693.52,693.52,693.51,693.51,-0.0,99.9,69727.19,-1
2025-06-12,2025-06-12 12:23:00,693.51,693.51,693.49,693.49,-0.0,99.9,69727.19,-1
2025-06-12,2025-06-12 12:24:00,693.49,693.49,693.47,693.47,-0.0,99.9,69727.19,-1
2025-06-12,2025-06-12 12:25:00,693.47,693.47,693.45,693.45,-0.0,99.9,69727.19,-1
2025-06-12,2025-06-12 12:26:00,693.45,693.45,693.43,693.43,-0.0,99.9,69727.19,-1
2025-06-12,2025-06-12 12:27:00,693.43,693.43,693.42,693.42,-0.0,99.9,69727.19,-1
2025-06-12,2025-06-12 12:28:00,693.42,693.42,693.4,693.4,-0.0,99.9,69727.19,-1
2025-06-12,2025-06-12 12:29:00,693.4,693.4,693.38,693.38,-0.0,99.9,69727.19,-1
2025-06-12,2025-06-12 12:30:00,693.38,693.38,693.36,693.36,-0.0,99.9,69727.19,-1
2025-06-12,2025-06-12 12:31:00,693.36,693.36,693.34,693.34,-0.0,99.9,69727.19,-1
2025-06-12,2025-06-12 12:32:00,693.34,693.34,693.33,693.33,-0.0,99.9,69727.19,-1
2025-06-12,2025-06-12 12:33:00,693.33,693.33,693.31,693.31,-0.0,99.9,69727.19,-1
2025-06-12,2025-06-12 12:34:00,693.31,693.31,693.29,693.29,-0.0,99.9,69727.19,-1
2025-06-12,2025-06-12 12:35:00,693.29,693.29,693.27,693.27,-0.0,99.9,69727.19,-1
2025-06-12,2025-06-12 12:36:00,693.27,693.27,693.25,693.25,-0.0,99.9,69727.19,-1
2025-06-12,2025-06-12 12:37:00,693.25,693.25,693.24,693.24,-0.0,99.9,69727.19,-1
2025-06-12,2025-06-12 12:38:00,693.24,693.24,693.22,693.22,-0.0,99.9,69727.19,-1
2025-06-12,2025-06-12 12:39:00,693.22,693.22,693.2,693.2,-0.0,99.9,69727.19,-1
2025-06-12,2025-06-12 12:40:00,693.2,693.2,693.18,693.18,-0.0,99.9,69727.19,-1
2025-06-12,2025-06-12 12:41:00,693.18,693.18,693.16,693.16,-0.0,99.9,69727.19,-1
2025-06-12,2025-06-12 12:42:00,693.16,693.16,693.15,693.15,-0.0,99.9,69727.19,-1
2025-06-12,2025-06-12 12:43:00,693.15,693.15,693.13,693.13,-0.0,99.9,69727.19,-1
2025-06-12,2025-06-12 12:44:00,693.13,693.13,693.11,693.11,-0.0,99.9,69727.19,-1
2025-06-12,2025-06-12 12:45:00,693.11,693.11,693.09,693.09,-0.0,99.9,69727.19,-1
2025-06-12,2025-06-12 12:46:00,693.09,693.09,693.07,693.07,-0.0,99.9,69727.19,-1
2025-06-12,2025-06-12 12:47:00,693.07,693.07,693.06,693.06,-0.0,99.9,69727.19,-1
2025-06-12,2025-06-12 12:48:00,693.06,693.06,693.04,693.04,-0.0,99.9,69727.19,-1
2025-06-12,2025-06-12 12:49:00,693.04,693.04,693.02,693.02,-0.0,99.9,69727.19,-1
2025-06-12,2025-06-12 12:50:00,693.02,693.02,693.0,693.0,-0.0,99.9,69727.19,-1
2025-06-12,2025-06-12 12:51:00,693.0,693.0,692.98,692.98,-0.0,99.9,69727.19,-1
2025-06-12,2025-06-12 12:52:00,692.98,692.98,692.97,692.97,-0.0,99.9,69727.19,-1
2025-06-12,2025-06-12 12:53:00,692.97,692.97,692.95,692.95,-0.0,99.9,69727.19,-1
2025-06-12,2025-06-12 12:54:00,692.95,692.95,692.93,692.93,-0.0,99.9,69727.19,-1
2025-06-12,2025-06-12 12:55:00,692.93,692.93,692.91,692.91,-0.0,99.9,69727.19,-1
2025-06-12,2025-06-12 12:56:00,692.91,692.91,692.89,692.89,-0.0,99.9,69727.19,-1
2025-06-12,2025-06-12 12:57:00,692.89,692.89,692.88,692.88,-0.0,99.9,69727.19,-1
2025-06-12,2025-06-12 12:58:00,692.88,692.88,692.86,692.86,-0.0,99.9,69727.19,-1
2025-06-12,2025-06-12 12:59:00,692.86,692.86,692.84,692.84,-0.0,99.9,69727.19,-1
2025-06-12,2025-06-12 13:00:00,692.84,723.9,681.0,692.82,-0.0,99.9,69727.19,-1
2025-06-12,2025-06-12 13:01:00,692.82,692.82,692.8,692.8,-0.0,99.9,69727.19,-1
2025-06-12,2025-06-12 13:02:00,692.8,692.8,692.79,692.79,-0.0,99.9,69727.19,-1
2025-06-12,2025-06-12 13:03:00,692.79,692.79,692.77,692.77,-0.0,99.9,69727.19,-1
2025-06-12,2025-06-12 13:04:00,692.77,692.77,692.75,692.75,-0.0,99.9,69727.19,-1
2025-06-12,2025-06-12 13:05:00,692.75,692.75,692.73,692.73,-0.0,99.9,69727.19,-1
2025-06-12,2025-06-12 13:06:00,692.73,692.73,692.71,692.71,-0.0,99.9,69727.19,-1
2025-06-12,2025-06-12 13:07:00,692.71,692.71,692.7,692.7,-0.0,99.9,69727.19,-1
2025-06-12,2025-06-12 13:08:00,692.7,692.7,692.68,692.68,-0.0,99.9,69727.19,-1
2025-06-12,2025-06-12 13:09:00,692.68,692.68,692.66,692.66,-0.0,99.9,69727.19,-1
2025-06-12,2025-06-12 13:10:00,692.66,692.66,692.64,692.64,-0.0,99.9,69727.19,-1
2025-06-12,2025-06-12 13:11:00,692.64,692.64,692.62,692.62,-0.0,99.9,69727.19,-1
2025-06-12,2025-06-12 13:12:00,692.62,692.62,692.61,692.61,-0.0,99.9,69727.19,-1
2025-06-12,2025-06-12 13:13:00,692.61,692.61,692.59,692.59,-0.0,99.9,69727.19,-1
2025-06-12,2025-06-12 13:14:00,692.59,692.59,692.57,692.57,-0.0,99.9,69727.19,-1
2025-06-12,2025-06-12 13:15:00,692.57,692.57,692.55,692.55,-0.0,99.9,69727.19,-1
2025-06-12,2025-06-12 13:16:00,692.55,692.55,692.53,692.53,-0.0,99.9,69727.19,-1
2025-06-12,2025-06-12 13:17:00,692.53,692.53,692.52,692.52,-0.0,99.9,69727.19,-1
2025-06-12,2025-06-12 13:18:00,692.52,692.52,692.5,692.5,-0.0,99.9,69727.19,-1
2025-06-12,2025-06-12 13:19:00,692.5,692.5,692.48,692.48,-0.0,99.9,69727.19,-1
2025-06-12,2025-06-12 13:20:00,692.48,692.48,692.46,692.46,-0.0,99.9,69727.19,-1
2025-06-12,2025-06-12 13:21:00,692.46,692.46,692.44,692.44,-0.0,99.9,69727.19,-1
2025-06-12,2025-06-12 13:22:00,692.44,692.44,692.43,692.43,-0.0,99.9,69727.19,-1
2025-06-12,2025-06-12 13:23:00,692.43,692.43,692.41,692.41,-0.0,99.9,69727.19,-1
2025-06-12,2025-06-12 13:24:00,692.41,692.41,692.39,692.39,-0.0,99.9,69727.19,-1
2025-06-12,2025-06-12 13:25:00,692.39,692.39,692.37,692.37,-0.0,99.9,69727.19,-1
2025-06-12,2025-06-12 13:26:00,692.37,692.37,692.35,692.35,-0.0,99.9,69727.19,-1
2025-06-12,2025-06-12 13:27:00,692.35,692.35,692.34,692.34,-0.0,99.9,69727.19,-1
2025-06-12,2025-06-12 13:28:00,692.34,692.34,692.32,692.32,-0.0,99.9,69727.19,-1
2025-06-12,2025-06-12 13:29:00,692.32,692.32,692.3,692.3,-0.0,99.9,69727.19,-1
2025-06-12,2025-06-12 13:30:00,692.3,692.3,692.28,692.28,-0.0,99.9,69727.19,-1
2025-06-12,2025-06-12 13:31:00,692.28,692.28,692.26,692.26,-0.0,99.9,69727.19,-1
2025-06-12,2025-06-12 13:32:00,692.26,692.26,692.25,692.25,-0.0,99.9,69727.19,-1
2025-06-12,2025-06-12 13:33:00,692.25,692.25,692.23,692.23,-0.0,99.9,69727.19,-1
2025-06-12,2025-06-12 13:34:00,692.23,692.23,692.21,692.21,-0.0,99.9,69727.19,-1
2025-06-12,2025-06-12 13:35:00,692.21,692.21,692.19,692.19,-0.0,99.9,69727.19,-1
2025-06-12,2025-06-12 13:36:00,692.19,692.19,692.17,692.17,-0.0,99.9,69727.19,-1
2025-06-12,2025-06-12 13:37:00,692.17,692.17,692.16,692.16,-0.0,99.9,69727.19,-1
2025-06-12,2025-06-12 13:38:00,692.16,692.16,692.14,692.14,-0.0,99.9,69727.19,-1
2025-06-12,2025-06-12 13:39:00,692.14,692.14,692.12,692.12,-0.0,99.9,69727.19,-1
2025-06-12,2025-06-12 13:40:00,692.12,692.12,692.1,692.1,-0.0,99.9,69727.19,-1
2025-06-12,2025-06-12 13:41:00,692.1,692.1,692.08,692.08,-0.0,99.9,69727.19,-1
2025-06-12,2025-06-12 13:42:00,692.08,692.08,692.07,692.07,-0.0,99.9,69727.19,-1
2025-06-12,2025-06-12 13:43:00,692.07,692.07,692.05,692.05,-0.0,99.9,69727.19,-1
2025-06-12,2025-06-12 13:44:00,692.05,692.05,692.03,692.03,-0.0,99.9,69727.19,-1
2025-06-12,2025-06-12 13:45:00,692.03,692.03,692.01,692.01,-0.0,99.9,69727.19,-1
2025-06-12,2025-06-12 13:46:00,692.01,692.01,691.99,691.99,-0.0,99.9,69727.19,-1
2025-06-12,2025-06-12 13:47:00,691.99,691.99,691.98,691.98,-0.0,99.9,69727.19,-1
2025-06-12,2025-06-12 13:48:00,691.98,691.98,691.96,691.96,-0.0,99.9,69727.19,-1
2025-06-12,2025-06-12 13:49:00,691.96,691.96,691.94,691.94,-0.0,99.9,69727.19,-1
2025-06-12,2025-06-12 13:50:00,691.94,691.94,691.92,691.92,-0.0,99.9,69727.19,-1
2025-06-12,2025-06-12 13:51:00,691.92,691.92,691.9,691.9,-0.0,99.9,69727.19,-1
2025-06-12,2025-06-12 13:52:00,691.9,691.9,691.89,691.89,-0.0,99.9,69727.19,-1
2025-06-12,2025-06-12 13:53:00,691.89,691.89,691.87,691.87,-0.0,99.9,69727.19,-1
2025-06-12,2025-06-12 13:54:00,691.87,691.87,691.85,691.85,-0.0,99.9,69727.19,-1
2025-06-12,2025-06-12 13:55:00,691.85,691.85,691.83,691.83,-0.0,99.9,69727.19,-1
2025-06-12,2025-06-12 13:56:00,691.83,691.83,691.81,691.81,-0.0,99.9,69727.19,-1
2025-06-12,2025-06-12 13:57:00,691.81,691.81,691.8,691.8,-0.0,99.9,69727.19,-1
2025-06-12,2025-06-12 13:58:00,691.8,691.8,691.78,691.78,-0.0,99.9,69727.19,-1
2025-06-12,2025-06-12 13:59:00,691.78,691.78,691.76,691.76,-0.0,99.9,69727.19,-1
2025-06-12,2025-06-12 14:00:00,691.76,691.76,691.74,691.74,-0.0,99.9,69727.19,-1
2025-06-12,2025-06-12 14:01:00,691.74,691.74,691.72,691.72,-0.0,99.9,69727.19,-1
2025-06-12,2025-06-12 14:02:00,691.72,691.72,691.71,691.71,-0.0,99.9,69727.19,-1
2025-06-12,2025-06-12 14:03:00,691.71,691.71,691.69,691.69,-0.0,99.9,69727.19,-1
2025-06-12,2025-06-12 14:04:00,691.69,691.69,691.67,691.67,-0.0,99.9,69727.19,-1
2025-06-12,2025-06-12 14:05:00,691.67,691.67,691.65,691.65,-0.0,99.9,69727.19,-1
2025-06-12,2025-06-12 14:06:00,691.65,691.65,691.63,691.63,-0.0,99.9,69727.19,-1
2025-06-12,2025-06-12 14:07:00,691.63,691.63,691.62,691.62,-0.0,99.9,69727.19,-1
2025-06-12,2025-06-12 14:08:00,691.62,691.62,691.6,691.6,-0.0,99.9,69727.19,-1
2025-06-12,2025-06-12 14:09:00,691.6,691.6,691.58,691.58,-0.0,99.9,69727.19,-1
2025-06-12,2025-06-12 14:10:00,691.58,691.58,691.56,691.56,-0.0,99.9,69727.19,-1
2025-06-12,2025-06-12 14:11:00,691.56,691.56,691.54,691.54,-0.0,99.9,69727.19,-1
2025-06-12,2025-06-12 14:12:00,691.54,691.54,691.53,691.53,-0.0,99.9,69727.19,-1
2025-06-12,2025-06-12 14:13:00,691.53,691.53,691.51,691.51,-0.0,99.9,69727.19,-1
2025-06-12,2025-06-12 14:14:00,691.51,691.51,691.49,691.49,-0.0,99.9,69727.19,-1
2025-06-12,2025-06-12 14:15:00,691.49,691.49,691.47,691.47,-0.0,99.9,69727.19,-1
2025-06-12,2025-06-12 14:16:00,691.47,691.47,691.45,691.45,-0.0,99.9,69727.19,-1
2025-06-12,2025-06-12 14:17:00,691.45,691.45,691.44,691.44,-0.0,99.9,69727.19,-1
2025-06-12,2025-06-12 14:18:00,691.44,691.44,691.42,691.42,-0.0,99.9,69727.19,-1
2025-06-12,2025-06-12 14:19:00,691.42,691.42,691.4,691.4,-0.0,99.9,69727.19,-1
2025-06-12,2025-06-12 14:20:00,691.4,691.4,691.38,691.38,-0.0,99.9,69727.19,-1
2025-06-12,2025-06-12 14:21:00,691.38,691.38,691.36,691.36,-0.0,99.9,69727.19,-1
2025-06-12,2025-06-12 14:22:00,691.36,691.36,691.35,691.35,-0.0,99.9,69727.19,-1
2025-06-12,2025-06-12 14:23:00,691.35,691.35,691.33,691.33,-0.0,99.9,69727.19,-1
2025-06-12,2025-06-12 14:24:00,691.33,691.33,691.31,691.31,-0.0,99.9,69727.19,-1
2025-06-12,2025-06-12 14:25:00,691.31,691.31,691.29,691.29,-0.0,99.9,69727.19,-1
2025-06-12,2025-06-12 14:26:00,691.29,691.29,691.27,691.27,-0.0,99.9,69727.19,-1
2025-06-12,2025-06-12 14:27:00,691.27,691.27,691.26,691.26,-0.0,99.9,69727.19,-1
2025-06-12,2025-06-12 14:28:00,691.26,691.26,691.24,691.24,-0.0,99.9,69727.19,-1
2025-06-12,2025-06-12 14:29:00,691.24,691.24,691.22,691.22,-0.0,99.9,69727.19,-1
2025-06-12,2025-06-12 14:30:00,691.22,691.22,691.2,691.2,-0.0,99.9,69727.19,-1
2025-06-12,2025-06-12 14:31:00,691.2,691.2,691.18,691.18,-0.0,99.9,69727.19,-1
2025-06-12,2025-06-12 14:32:00,691.18,691.18,691.17,691.17,-0.0,99.9,69727.19,-1
2025-06-12,2025-06-12 14:33:00,691.17,691.17,691.15,691.15,-0.0,99.9,69727.19,-1
2025-06-12,2025-06-12 14:34:00,691.15,691.15,691.13,691.13,-0.0,99.9,69727.19,-1
2025-06-12,2025-06-12 14:35:00,691.13,691.13,691.11,691.11,-0.0,99.9,69727.19,-1
2025-06-12,2025-06-12 14:36:00,691.11,691.11,691.09,691.09,-0.0,99.9,69727.19,-1
2025-06-12,2025-06-12 14:37:00,691.09,691.09,691.08,691.08,-0.0,99.9,69727.19,-1
2025-06-12,2025-06-12 14:38:00,691.08,691.08,691.06,691.06,-0.0,99.9,69727.19,-1
2025-06-12,2025-06-12 14:39:00,691.06,691.06,691.04,691.04,-0.0,99.9,69727.19,-1
2025-06-12,2025-06-12 14:40:00,691.04,691.04,691.02,691.02,-0.0,99.9,69727.19,-1
2025-06-12,2025-06-12 14:41:00,691.02,691.02,691.0,691.0,-0.0,99.9,69727.19,-1
2025-06-12,2025-06-12 14:42:00,691.0,691.0,690.99,690.99,-0.0,99.9,69727.19,-1
2025-06-12,2025-06-12 14:43:00,690.99,690.99,690.97,690.97,-0.0,99.9,69727.19,-1
2025-06-12,2025-06-12 14:44:00,690.97,690.97,690.95,690.95,-0.0,99.9,69727.19,-1
2025-06-12,2025-06-12 14:45:00,690.95,690.95,690.93,690.93,-0.0,99.9,69727.19,-1
2025-06-12,2025-06-12 14:46:00,690.93,690.93,690.91,690.91,-0.0,99.9,69727.19,-1
2025-06-12,2025-06-12 14:47:00,690.91,690.91,690.9,690.9,-0.0,99.9,69727.19,-1
2025-06-12,2025-06-12 14:48:00,690.9,690.9,690.88,690.88,-0.0,99.9,69727.19,-1
2025-06-12,2025-06-12 14:49:00,690.88,690.88,690.86,690.86,-0.0,99.9,69727.19,-1
2025-06-12,2025-06-12 14:50:00,690.86,690.86,690.84,690.84,-0.0,99.9,69727.19,-1
2025-06-12,2025-06-12 14:51:00,690.84,690.84,690.82,690.82,-0.0,99.9,69727.19,-1
2025-06-12,2025-06-12 14:52:00,690.82,690.82,690.81,690.81,-0.0,99.9,69727.19,-1
2025-06-12,2025-06-12 14:53:00,690.81,690.81,690.79,690.79,-0.0,99.9,69727.19,-1
2025-06-12,2025-06-12 14:54:00,690.79,690.79,690.77,690.77,-0.0,99.9,69727.19,-1
2025-06-12,2025-06-12 14:55:00,690.77,690.77,690.75,690.75,-0.0,99.9,69727.19,-1
2025-06-12,2025-06-12 14:56:00,690.75,690.75,690.73,690.73,-0.0,99.9,69727.19,-1
2025-06-12,2025-06-12 14:57:00,690.73,690.73,690.72,690.72,-0.0,99.9,69727.19,-1
2025-06-12,2025-06-12 14:58:00,690.72,690.72,690.7,690.7,-0.0,99.9,69727.19,-1
2025-06-12,2025-06-12 14:59:00,690.7,690.7,690.68,690.68,-0.0,99.9,69727.19,-1
2025-06-12,2025-06-12 15:00:00,690.68,723.9,681.0,690.68,0.0,99.9,69727.19,0
2025-06-15,2025-06-15 11:00:00,681.2,690.74,681.2,681.29,0.01,173.86,120323.35,1
2025-06-15,2025-06-15 11:01:00,681.29,681.39,681.29,681.39,0.01,173.86,120323.35,1
2025-06-15,2025-06-15 11:02:00,681.39,681.48,681.39,681.48,0.01,173.86,120323.35,1
2025-06-15,2025-06-15 11:03:00,681.48,681.58,681.48,681.58,0.01,173.86,120323.35,1
2025-06-15,2025-06-15 11:04:00,681.58,681.67,681.58,681.67,0.01,173.86,120323.35,1
2025-06-15,2025-06-15 11:05:00,681.67,681.77,681.67,681.77,0.01,173.86,120323.35,1
2025-06-15,2025-06-15 11:06:00,681.77,681.86,681.77,681.86,0.01,173.86,120323.35,1
2025-06-15,2025-06-15 11:07:00,681.86,681.96,681.86,681.96,0.01,173.86,120323.35,1
2025-06-15,2025-06-15 11:08:00,681.96,682.05,681.96,682.05,0.01,173.86,120323.35,1
2025-06-15,2025-06-15 11:09:00,682.05,682.14,682.05,682.14,0.01,173.86,120323.35,1
2025-06-15,2025-06-15 11:10:00,682.14,682.24,682.14,682.24,0.01,173.86,120323.35,1
2025-06-15,2025-06-15 11:11:00,682.24,682.33,682.24,682.33,0.01,173.86,120323.35,1
2025-06-15,2025-06-15 11:12:00,682.33,682.43,682.33,682.43,0.01,173.86,120323.35,1
2025-06-15,2025-06-15 11:13:00,682.43,682.52,682.43,682.52,0.01,173.86,120323.35,1
2025-06-15,2025-06-15 11:14:00,682.52,682.62,682.52,682.62,0.01,173.86,120323.35,1
2025-06-15,2025-06-15 11:15:00,682.62,682.71,682.62,682.71,0.01,173.86,120323.35,1
2025-06-15,2025-06-15 11:16:00,682.71,682.81,682.71,682.81,0.01,173.86,120323.35,1
2025-06-15,2025-06-15 11:17:00,682.81,682.9,682.81,682.9,0.01,173.86,120323.35,1
2025-06-15,2025-06-15 11:18:00,682.9,682.99,682.9,682.99,0.01,173.86,120323.35,1
2025-06-15,2025-06-15 11:19:00,682.99,683.09,682.99,683.09,0.01,173.86,120323.35,1
2025-06-15,2025-06-15 11:20:00,683.09,683.18,683.09,683.18,0.01,173.86,120323.35,1
2025-06-15,2025-06-15 11:21:00,683.18,683.28,683.18,683.28,0.01,173.86,120323.35,1
2025-06-15,2025-06-15 11:22:00,683.28,683.37,683.28,683.37,0.01,173.86,120323.35,1
2025-06-15,2025-06-15 11:23:00,683.37,683.47,683.37,683.47,0.01,173.86,120323.35,1
2025-06-15,2025-06-15 11:24:00,683.47,683.56,683.47,683.56,0.01,173.86,120323.35,1
2025-06-15,2025-06-15 11:25:00,683.56,683.65,683.56,683.65,0.01,173.86,120323.35,1
2025-06-15,2025-06-15 11:26:00,683.65,683.75,683.65,683.75,0.01,173.86,120323.35,1
2025-06-15,2025-06-15 11:27:00,683.75,683.84,683.75,683.84,0.01,173.86,120323.35,1
2025-06-15,2025-06-15 11:28:00,683.84,683.94,683.84,683.94,0.01,173.86,120323.35,1
2025-06-15,2025-06-15 11:29:00,683.94,684.03,683.94,684.03,0.01,173.86,120323.35,1
2025-06-15,2025-06-15 11:30:00,684.03,684.13,684.03,684.13,0.01,173.86,120323.35,1
2025-06-15,2025-06-15 11:31:00,684.13,684.22,684.13,684.22,0.01,173.86,120323.35,1
2025-06-15,2025-06-15 11:32:00,684.22,684.32,684.22,684.32,0.01,173.86,120323.35,1
2025-06-15,2025-06-15 11:33:00,684.32,684.41,684.32,684.41,0.01,173.86,120323.35,1
2025-06-15,2025-06-15 11:34:00,684.41,684.5,684.41,684.5,0.01,173.86,120323.35,1
2025-06-15,2025-06-15 11:35:00,684.5,684.6,684.5,684.6,0.01,173.86,120323.35,1
2025-06-15,2025-06-15 11:36:00,684.6,684.69,684.6,684.69,0.01,173.86,120323.35,1
2025-06-15,2025-06-15 11:37:00,684.69,684.79,684.69,684.79,0.01,173.86,120323.35,1
2025-06-15,2025-06-15 11:38:00,684.79,684.88,684.79,684.88,0.01,173.86,120323.35,1
2025-06-15,2025-06-15 11:39:00,684.88,684.98,684.88,684.98,0.01,173.86,120323.35,1
2025-06-15,2025-06-15 11:40:00,684.98,685.07,684.98,685.07,0.01,173.86,120323.35,1
2025-06-15,2025-06-15 11:41:00,685.07,685.17,685.07,685.17,0.01,173.86,120323.35,1
2025-06-15,2025-06-15 11:42:00,685.17,685.26,685.17,685.26,0.01,173.86,120323.35,1
2025-06-15,2025-06-15 11:43:00,685.26,685.35,685.26,685.35,0.01,173.86,120323.35,1
2025-06-15,2025-06-15 11:44:00,685.35,685.45,685.35,685.45,0.01,173.86,120323.35,1
2025-06-15,2025-06-15 11:45:00,685.45,685.54,685.45,685.54,0.01,173.86,120323.35,1
2025-06-15,2025-06-15 11:46:00,685.54,685.64,685.54,685.64,0.01,173.86,120323.35,1
2025-06-15,2025-06-15 11:47:00,685.64,685.73,685.64,685.73,0.01,173.86,120323.35,1
2025-06-15,2025-06-15 11:48:00,685.73,685.83,685.73,685.83,0.01,173.86,120323.35,1
2025-06-15,2025-06-15 11:49:00,685.83,685.92,685.83,685.92,0.01,173.86,120323.35,1
2025-06-15,2025-06-15 11:50:00,685.92,686.02,685.92,686.02,0.01,173.86,120323.35,1
2025-06-15,2025-06-15 11:51:00,686.02,686.11,686.02,686.11,0.01,173.86,120323.35,1
2025-06-15,2025-06-15 11:52:00,686.11,686.2,686.11,686.2,0.01,173.86,120323.35,1
2025-06-15,2025-06-15 11:53:00,686.2,686.3,686.2,686.3,0.01,173.86,120323.35,1
2025-06-15,2025-06-15 11:54:00,686.3,686.39,686.3,686.39,0.01,173.86,120323.35,1
2025-06-15,2025-06-15 11:55:00,686.39,686.49,686.39,686.49,0.01,173.86,120323.35,1
2025-06-15,2025-06-15 11:56:00,686.49,686.58,686.49,686.58,0.01,173.86,120323.35,1
2025-06-15,2025-06-15 11:57:00,686.58,686.68,686.58,686.68,0.01,173.86,120323.35,1
2025-06-15,2025-06-15 11:58:00,686.68,686.77,686.68,686.77,0.01,173.86,120323.35,1
2025-06-15,2025-06-15 11:59:00,686.77,686.87,686.77,686.87,0.01,173.86,120323.35,1
2025-06-15,2025-06-15 12:00:00,686.87,686.96,686.87,686.96,0.01,173.86,120323.35,1
2025-06-15,2025-06-15 12:01:00,686.96,687.05,686.96,687.05,0.01,173.86,120323.35,1
2025-06-15,2025-06-15 12:02:00,687.05,687.15,687.05,687.15,0.01,173.86,120323.35,1
2025-06-15,2025-06-15 12:03:00,687.15,687.24,687.15,687.24,0.01,173.86,120323.35,1
2025-06-15,2025-06-15 12:04:00,687.24,687.34,687.24,687.34,0.01,173.86,120323.35,1
2025-06-15,2025-06-15 12:05:00,687.34,687.43,687.34,687.43,0.01,173.86,120323.35,1
2025-06-15,2025-06-15 12:06:00,687.43,687.53,687.43,687.53,0.01,173.86,120323.35,1
2025-06-15,2025-06-15 12:07:00,687.53,687.62,687.53,687.62,0.01,173.86,120323.35,1
2025-06-15,2025-06-15 12:08:00,687.62,687.71,687.62,687.71,0.01,173.86,120323.35,1
2025-06-15,2025-06-15 12:09:00,687.71,687.81,687.71,687.81,0.01,173.86,120323.35,1
2025-06-15,2025-06-15 12:10:00,687.81,687.9,687.81,687.9,0.01,173.86,120323.35,1
2025-06-15,2025-06-15 12:11:00,687.9,688.0,687.9,688.0,0.01,173.86,120323.35,1
2025-06-15,2025-06-15 12:12:00,688.0,688.09,688.0,688.09,0.01,173.86,120323.35,1
2025-06-15,2025-06-15 12:13:00,688.09,688.19,688.09,688.19,0.01,173.86,120323.35,1
2025-06-15,2025-06-15 12:14:00,688.19,688.28,688.19,688.28,0.01,173.86,120323.35,1
2025-06-15,2025-06-15 12:15:00,688.28,688.38,688.28,688.38,0.01,173.86,120323.35,1
2025-06-15,2025-06-15 12:16:00,688.38,688.47,688.38,688.47,0.01,173.86,120323.35,1
2025-06-15,2025-06-15 12:17:00,688.47,688.56,688.47,688.56,0.01,173.86,120323.35,1
2025-06-15,2025-06-15 12:18:00,688.56,688.66,688.56,688.66,0.01,173.86,120323.35,1
2025-06-15,2025-06-15 12:19:00,688.66,688.75,688.66,688.75,0.01,173.86,120323.35,1
2025-06-15,2025-06-15 12:20:00,688.75,688.85,688.75,688.85,0.01,173.86,120323.35,1
2025-06-15,2025-06-15 12:21:00,688.85,688.94,688.85,688.94,0.01,173.86,120323.35,1
2025-06-15,2025-06-15 12:22:00,688.94,689.04,688.94,689.04,0.01,173.86,120323.35,1
2025-06-15,2025-06-15 12:23:00,689.04,689.13,689.04,689.13,0.01,173.86,120323.35,1
2025-06-15,2025-06-15 12:24:00,689.13,689.23,689.13,689.23,0.01,173.86,120323.35,1
2025-06-15,2025-06-15 12:25:00,689.23,689.32,689.23,689.32,0.01,173.86,120323.35,1
2025-06-15,2025-06-15 12:26:00,689.32,689.41,689.32,689.41,0.01,173.86,120323.35,1
2025-06-15,2025-06-15 12:27:00,689.41,689.51,689.41,689.51,0.01,173.86,120323.35,1
2025-06-15,2025-06-15 12:28:00,689.51,689.6,689.51,689.6,0.01,173.86,120323.35,1
2025-06-15,2025-06-15 12:29:00,689.6,689.7,689.6,689.7,0.01,173.86,120323.35,1
2025-06-15,2025-06-15 12:30:00,689.7,689.79,689.7,689.79,0.01,173.86,120323.35,1
2025-06-15,2025-06-15 12:31:00,689.79,689.89,689.79,689.89,0.01,173.86,120323.35,1
2025-06-15,2025-06-15 12:32:00,689.89,689.98,689.89,689.98,0.01,173.86,120323.35,1
2025-06-15,2025-06-15 12:33:00,689.98,690.08,689.98,690.08,0.01,173.86,120323.35,1
2025-06-15,2025-06-15 12:34:00,690.08,690.17,690.08,690.17,0.01,173.86,120323.35,1
2025-06-15,2025-06-15 12:35:00,690.17,690.26,690.17,690.26,0.01,173.86,120323.35,1
2025-06-15,2025-06-15 12:36:00,690.26,690.36,690.26,690.36,0.01,173.86,120323.35,1
2025-06-15,2025-06-15 12:37:00,690.36,690.45,690.36,690.45,0.01,173.86,120323.35,1
2025-06-15,2025-06-15 12:38:00,690.45,690.55,690.45,690.55,0.01,173.86,120323.35,1
2025-06-15,2025-06-15 12:39:00,690.55,690.64,690.55,690.64,0.01,173.86,120323.35,1
2025-06-15,2025-06-15 12:40:00,690.64,690.74,690.64,690.74,0.01,173.86,120323.35,1
2025-06-15,2025-06-15 12:41:00,690.74,690.83,690.74,690.83,0.01,173.86,120323.35,1
2025-06-15,2025-06-15 12:42:00,690.83,690.92,690.83,690.92,0.01,173.86,120323.35,1
2025-06-15,2025-06-15 12:43:00,690.92,691.02,690.92,691.02,0.01,173.86,120323.35,1
2025-06-15,2025-06-15 12:44:00,691.02,691.11,691.02,691.11,0.01,173.86,120323.35,1
2025-06-15,2025-06-15 12:45:00,691.11,691.21,691.11,691.21,0.01,173.86,120323.35,1
2025-06-15,2025-06-15 12:46:00,691.21,691.3,691.21,691.3,0.01,173.86,120323.35,1
2025-06-15,2025-06-15 12:47:00,691.3,691.4,691.3,691.4,0.01,173.86,120323.35,1
2025-06-15,2025-06-15 12:48:00,691.4,691.49,691.4,691.49,0.01,173.86,120323.35,1
2025-06-15,2025-06-15 12:49:00,691.49,691.59,691.49,691.59,0.01,173.86,120323.35,1
2025-06-15,2025-06-15 12:50:00,691.59,691.68,691.59,691.68,0.01,173.86,120323.35,1
2025-06-15,2025-06-15 12:51:00,691.68,691.77,691.68,691.77,0.01,173.86,120323.35,1
2025-06-15,2025-06-15 12:52:00,691.77,691.87,691.77,691.87,0.01,173.86,120323.35,1
2025-06-15,2025-06-15 12:53:00,691.87,691.96,691.87,691.96,0.01,173.86,120323.35,1
2025-06-15,2025-06-15 12:54:00,691.96,692.06,691.96,692.06,0.01,173.86,120323.35,1
2025-06-15,2025-06-15 12:55:00,692.06,692.15,692.06,692.15,0.01,173.86,120323.35,1
2025-06-15,2025-06-15 12:56:00,692.15,692.25,692.15,692.25,0.01,173.86,120323.35,1
2025-06-15,2025-06-15 12:57:00,692.25,692.34,692.25,692.34,0.01,173.86,120323.35,1
2025-06-15,2025-06-15 12:58:00,692.34,692.44,692.34,692.44,0.01,173.86,120323.35,1
2025-06-15,2025-06-15 12:59:00,692.44,692.53,692.44,692.53,0.01,173.86,120323.35,1
2025-06-15,2025-06-15 13:00:00,692.53,713.0,681.2,692.62,0.01,173.86,120323.35,1
2025-06-15,2025-06-15 13:01:00,692.62,692.72,692.62,692.72,0.01,173.86,120323.35,1
2025-06-15,2025-06-15 13:02:00,692.72,692.81,692.72,692.81,0.01,173.86,120323.35,1
2025-06-15,2025-06-15 13:03:00,692.81,692.91,692.81,692.91,0.01,173.86,120323.35,1
2025-06-15,2025-06-15 13:04:00,692.91,693.0,692.91,693.0,0.01,173.86,120323.35,1
2025-06-15,2025-06-15 13:05:00,693.0,693.1,693.0,693.1,0.01,173.86,120323.35,1
2025-06-15,2025-06-15 13:06:00,693.1,693.19,693.1,693.19,0.01,173.86,120323.35,1
2025-06-15,2025-06-15 13:07:00,693.19,693.29,693.19,693.29,0.01,173.86,120323.35,1
2025-06-15,2025-06-15 13:08:00,693.29,693.38,693.29,693.38,0.01,173.86,120323.35,1
2025-06-15,2025-06-15 13:09:00,693.38,693.47,693.38,693.47,0.01,173.86,120323.35,1
2025-06-15,2025-06-15 13:10:00,693.47,693.57,693.47,693.57,0.01,173.86,120323.35,1
2025-06-15,2025-06-15 13:11:00,693.57,693.66,693.57,693.66,0.01,173.86,120323.35,1
2025-06-15,2025-06-15 13:12:00,693.66,693.76,693.66,693.76,0.01,173.86,120323.35,1
2025-06-15,2025-06-15 13:13:00,693.76,693.85,693.76,693.85,0.01,173.86,120323.35,1
2025-06-15,2025-06-15 13:14:00,693.85,693.95,693.85,693.95,0.01,173.86,120323.35,1
2025-06-15,2025-06-15 13:15:00,693.95,694.04,693.95,694.04,0.01,173.86,120323.35,1
2025-06-15,2025-06-15 13:16:00,694.04,694.14,694.04,694.14,0.01,173.86,120323.35,1
2025-06-15,2025-06-15 13:17:00,694.14,694.23,694.14,694.23,0.01,173.86,120323.35,1
2025-06-15,2025-06-15 13:18:00,694.23,694.32,694.23,694.32,0.01,173.86,120323.35,1
2025-06-15,2025-06-15 13:19:00,694.32,694.42,694.32,694.42,0.01,173.86,120323.35,1
2025-06-15,2025-06-15 13:20:00,694.42,694.51,694.42,694.51,0.01,173.86,120323.35,1
2025-06-15,2025-06-15 13:21:00,694.51,694.61,694.51,694.61,0.01,173.86,120323.35,1
2025-06-15,2025-06-15 13:22:00,694.61,694.7,694.61,694.7,0.01,173.86,120323.35,1
2025-06-15,2025-06-15 13:23:00,694.7,694.8,694.7,694.8,0.01,173.86,120323.35,1
2025-06-15,2025-06-15 13:24:00,694.8,694.89,694.8,694.89,0.01,173.86,120323.35,1
2025-06-15,2025-06-15 13:25:00,694.89,694.98,694.89,694.98,0.01,173.86,120323.35,1
2025-06-15,2025-06-15 13:26:00,694.98,695.08,694.98,695.08,0.01,173.86,120323.35,1
2025-06-15,2025-06-15 13:27:00,695.08,695.17,695.08,695.17,0.01,173.86,120323.35,1
2025-06-15,2025-06-15 13:28:00,695.17,695.27,695.17,695.27,0.01,173.86,120323.35,1
2025-06-15,2025-06-15 13:29:00,695.27,695.36,695.27,695.36,0.01,173.86,120323.35,1
2025-06-15,2025-06-15 13:30:00,695.36,695.46,695.36,695.46,0.01,173.86,120323.35,1
2025-06-15,2025-06-15 13:31:00,695.46,695.55,695.46,695.55,0.01,173.86,120323.35,1
2025-06-15,2025-06-15 13:32:00,695.55,695.65,695.55,695.65,0.01,173.86,120323.35,1
2025-06-15,2025-06-15 13:33:00,695.65,695.74,695.65,695.74,0.01,173.86,120323.35,1
2025-06-15,2025-06-15 13:34:00,695.74,695.83,695.74,695.83,0.01,173.86,120323.35,1
2025-06-15,2025-06-15 13:35:00,695.83,695.93,695.83,695.93,0.01,173.86,120323.35,1
2025-06-15,2025-06-15 13:36:00,695.93,696.02,695.93,696.02,0.01,173.86,120323.35,1
2025-06-15,2025-06-15 13:37:00,696.02,696.12,696.02,696.12,0.01,173.86,120323.35,1
2025-06-15,2025-06-15 13:38:00,696.12,696.21,696.12,696.21,0.01,173.86,120323.35,1
2025-06-15,2025-06-15 13:39:00,696.21,696.31,696.21,696.31,0.01,173.86,120323.35,1
2025-06-15,2025-06-15 13:40:00,696.31,696.4,696.31,696.4,0.01,173.86,120323.35,1
2025-06-15,2025-06-15 13:41:00,696.4,696.5,696.4,696.5,0.01,173.86,120323.35,1
2025-06-15,2025-06-15 13:42:00,696.5,696.59,696.5,696.59,0.01,173.86,120323.35,1
2025-06-15,2025-06-15 13:43:00,696.59,696.68,696.59,696.68,0.01,173.86,120323.35,1
2025-06-15,2025-06-15 13:44:00,696.68,696.78,696.68,696.78,0.01,173.86,120323.35,1
2025-06-15,2025-06-15 13:45:00,696.78,696.87,696.78,696.87,0.01,173.86,120323.35,1
2025-06-15,2025-06-15 13:46:00,696.87,696.97,696.87,696.97,0.01,173.86,120323.35,1
2025-06-15,2025-06-15 13:47:00,696.97,697.06,696.97,697.06,0.01,173.86,120323.35,1
2025-06-15,2025-06-15 13:48:00,697.06,697.16,697.06,697.16,0.01,173.86,120323.35,1
2025-06-15,2025-06-15 13:49:00,697.16,697.25,697.16,697.25,0.01,173.86,120323.35,1
2025-06-15,2025-06-15 13:50:00,697.25,697.35,697.25,697.35,0.01,173.86,120323.35,1
2025-06-15,2025-06-15 13:51:00,697.35,697.44,697.35,697.44,0.01,173.86,120323.35,1
2025-06-15,2025-06-15 13:52:00,697.44,697.53,697.44,697.53,0.01,173.86,120323.35,1
2025-06-15,2025-06-15 13:53:00,697.53,697.63,697.53,697.63,0.01,173.86,120323.35,1
2025-06-15,2025-06-15 13:54:00,697.63,697.72,697.63,697.72,0.01,173.86,120323.35,1
2025-06-15,2025-06-15 13:55:00,697.72,697.82,697.72,697.82,0.01,173.86,120323.35,1
2025-06-15,2025-06-15 13:56:00,697.82,697.91,697.82,697.91,0.01,173.86,120323.35,1
2025-06-15,2025-06-15 13:57:00,697.91,698.01,697.91,698.01,0.01,173.86,120323.35,1
2025-06-15,2025-06-15 13:58:00,698.01,698.1,698.01,698.1,0.01,173.86,120323.35,1
2025-06-15,2025-06-15 13:59:00,698.1,698.2,698.1,698.2,0.01,173.86,120323.35,1
2025-06-15,2025-06-15 14:00:00,698.2,698.29,698.2,698.29,0.01,173.86,120323.35,1
2025-06-15,2025-06-15 14:01:00,698.29,698.38,698.29,698.38,0.01,173.86,120323.35,1
2025-06-15,2025-06-15 14:02:00,698.38,698.48,698.38,698.48,0.01,173.86,120323.35,1
2025-06-15,2025-06-15 14:03:00,698.48,698.57,698.48,698.57,0.01,173.86,120323.35,1
2025-06-15,2025-06-15 14:04:00,698.57,698.67,698.57,698.67,0.01,173.86,120323.35,1
2025-06-15,2025-06-15 14:05:00,698.67,698.76,698.67,698.76,0.01,173.86,120323.35,1
2025-06-15,2025-06-15 14:06:00,698.76,698.86,698.76,698.86,0.01,173.86,120323.35,1
2025-06-15,2025-06-15 14:07:00,698.86,698.95,698.86,698.95,0.01,173.86,120323.35,1
2025-06-15,2025-06-15 14:08:00,698.95,699.04,698.95,699.04,0.01,173.86,120323.35,1
2025-06-15,2025-06-15 14:09:00,699.04,699.14,699.04,699.14,0.01,173.86,120323.35,1
2025-06-15,2025-06-15 14:10:00,699.14,699.23,699.14,699.23,0.01,173.86,120323.35,1
2025-06-15,2025-06-15 14:11:00,699.23,699.33,699.23,699.33,0.01,173.86,120323.35,1
2025-06-15,2025-06-15 14:12:00,699.33,699.42,699.33,699.42,0.01,173.86,120323.35,1
2025-06-15,2025-06-15 14:13:00,699.42,699.52,699.42,699.52,0.01,173.86,120323.35,1
2025-06-15,2025-06-15 14:14:00,699.52,699.61,699.52,699.61,0.01,173.86,120323.35,1
2025-06-15,2025-06-15 14:15:00,699.61,699.71,699.61,699.71,0.01,173.86,120323.35,1
2025-06-15,2025-06-15 14:16:00,699.71,699.8,699.71,699.8,0.01,173.86,120323.35,1
2025-06-15,2025-06-15 14:17:00,699.8,699.89,699.8,699.89,0.01,173.86,120323.35,1
2025-06-15,2025-06-15 14:18:00,699.89,699.99,699.89,699.99,0.01,173.86,120323.35,1
2025-06-15,2025-06-15 14:19:00,699.99,700.08,699.99,700.08,0.01,173.86,120323.35,1
2025-06-15,2025-06-15 14:20:00,700.08,700.18,700.08,700.18,0.01,173.86,120323.35,1
2025-06-15,2025-06-15 14:21:00,700.18,700.27,700.18,700.27,0.01,173.86,120323.35,1
2025-06-15,2025-06-15 14:22:00,700.27,700.37,700.27,700.37,0.01,173.86,120323.35,1
2025-06-15,2025-06-15 14:23:00,700.37,700.46,700.37,700.46,0.01,173.86,120323.35,1
2025-06-15,2025-06-15 14:24:00,700.46,700.56,700.46,700.56,0.01,173.86,120323.35,1
2025-06-15,2025-06-15 14:25:00,700.56,700.65,700.56,700.65,0.01,173.86,120323.35,1
2025-06-15,2025-06-15 14:26:00,700.65,700.74,700.65,700.74,0.01,173.86,120323.35,1
2025-06-15,2025-06-15 14:27:00,700.74,700.84,700.74,700.84,0.01,173.86,120323.35,1
2025-06-15,2025-06-15 14:28:00,700.84,700.93,700.84,700.93,0.01,173.86,120323.35,1
2025-06-15,2025-06-15 14:29:00,700.93,701.03,700.93,701.03,0.01,173.86,120323.35,1
2025-06-15,2025-06-15 14:30:00,701.03,701.12,701.03,701.12,0.01,173.86,120323.35,1
2025-06-15,2025-06-15 14:31:00,701.12,701.22,701.12,701.22,0.01,173.86,120323.35,1
2025-06-15,2025-06-15 14:32:00,701.22,701.31,701.22,701.31,0.01,173.86,120323.35,1
2025-06-15,2025-06-15 14:33:00,701.31,701.41,701.31,701.41,0.01,173.86,120323.35,1
2025-06-15,2025-06-15 14:34:00,701.41,701.5,701.41,701.5,0.01,173.86,120323.35,1
2025-06-15,2025-06-15 14:35:00,701.5,701.59,701.5,701.59,0.01,173.86,120323.35,1
2025-06-15,2025-06-15 14:36:00,701.59,701.69,701.59,701.69,0.01,173.86,120323.35,1
2025-06-15,2025-06-15 14:37:00,701.69,701.78,701.69,701.78,0.01,173.86,120323.35,1
2025-06-15,2025-06-15 14:38:00,701.78,701.88,701.78,701.88,0.01,173.86,120323.35,1
2025-06-15,2025-06-15 14:39:00,701.88,701.97,701.88,701.97,0.01,173.86,120323.35,1
2025-06-15,2025-06-15 14:40:00,701.97,702.07,701.97,702.07,0.01,173.86,120323.35,1
2025-06-15,2025-06-15 14:41:00,702.07,702.16,702.07,702.16,0.01,173.86,120323.35,1
2025-06-15,2025-06-15 14:42:00,702.16,702.25,702.16,702.25,0.01,173.86,120323.35,1
2025-06-15,2025-06-15 14:43:00,702.25,702.35,702.25,702.35,0.01,173.86,120323.35,1
2025-06-15,2025-06-15 14:44:00,702.35,702.44,702.35,702.44,0.01,173.86,120323.35,1
2025-06-15,2025-06-15 14:45:00,702.44,702.54,702.44,702.54,0.01,173.86,120323.35,1
2025-06-15,2025-06-15 14:46:00,702.54,702.63,702.54,702.63,0.01,173.86,120323.35,1
2025-06-15,2025-06-15 14:47:00,702.63,702.73,702.63,702.73,0.01,173.86,120323.35,1
2025-06-15,2025-06-15 14:48:00,702.73,702.82,702.73,702.82,0.01,173.86,120323.35,1
2025-06-15,2025-06-15 14:49:00,702.82,702.92,702.82,702.92,0.01,173.86,120323.35,1
2025-06-15,2025-06-15 14:50:00,702.92,703.01,702.92,703.01,0.01,173.86,120323.35,1
2025-06-15,2025-06-15 14:51:00,703.01,703.1,703.01,703.1,0.01,173.86,120323.35,1
2025-06-15,2025-06-15 14:52:00,703.1,703.2,703.1,703.2,0.01,173.86,120323.35,1
2025-06-15,2025-06-15 14:53:00,703.2,703.29,703.2,703.29,0.01,173.86,120323.35,1
2025-06-15,2025-06-15 14:54:00,703.29,703.39,703.29,703.39,0.01,173.86,120323.35,1
2025-06-15,2025-06-15 14:55:00,703.39,703.48,703.39,703.48,0.01,173.86,120323.35,1
2025-06-15,2025-06-15 14:56:00,703.48,703.58,703.48,703.58,0.01,173.86,120323.35,1
2025-06-15,2025-06-15 14:57:00,703.58,703.67,703.58,703.67,0.01,173.86,120323.35,1
2025-06-15,2025-06-15 14:58:00,703.67,703.77,703.67,703.77,0.01,173.86,120323.35,1
2025-06-15,2025-06-15 14:59:00,703.77,703.86,703.77,703.86,0.01,173.86,120323.35,1
2025-06-15,2025-06-15 15:00:00,703.86,713.0,681.2,703.86,0.0,173.86,120323.35,0
2025-06-16,2025-06-16 11:00:00,712.0,712.0,706.27,711.94,-0.01,62.25,43602.41,-1
2025-06-16,2025-06-16 11:01:00,711.94,711.94,711.88,711.88,-0.01,62.25,43602.41,-1
2025-06-16,2025-06-16 11:02:00,711.88,711.88,711.82,711.82,-0.01,62.25,43602.41,-1
2025-06-16,2025-06-16 11:03:00,711.82,711.82,711.76,711.76,-0.01,62.25,43602.41,-1
2025-06-16,2025-06-16 11:04:00,711.76,711.76,711.7,711.7,-0.01,62.25,43602.41,-1
2025-06-16,2025-06-16 11:05:00,711.7,711.7,711.63,711.63,-0.01,62.25,43602.41,-1
2025-06-16,2025-06-16 11:06:00,711.63,711.63,711.57,711.57,-0.01,62.25,43602.41,-1
2025-06-16,2025-06-16 11:07:00,711.57,711.57,711.51,711.51,-0.01,62.25,43602.41,-1
2025-06-16,2025-06-16 11:08:00,711.51,711.51,711.45,711.45,-0.01,62.25,43602.41,-1
2025-06-16,2025-06-16 11:09:00,711.45,711.45,711.39,711.39,-0.01,62.25,43602.41,-1
2025-06-16,2025-06-16 11:10:00,711.39,711.39,711.33,711.33,-0.01,62.25,43602.41,-1
2025-06-16,2025-06-16 11:11:00,711.33,711.33,711.27,711.27,-0.01,62.25,43602.41,-1
2025-06-16,2025-06-16 11:12:00,711.27,711.27,711.21,711.21,-0.01,62.25,43602.41,-1
2025-06-16,2025-06-16 11:13:00,711.21,711.21,711.15,711.15,-0.01,62.25,43602.41,-1
2025-06-16,2025-06-16 11:14:00,711.15,711.15,711.09,711.09,-0.01,62.25,43602.41,-1
2025-06-16,2025-06-16 11:15:00,711.09,711.09,711.03,711.03,-0.01,62.25,43602.41,-1
2025-06-16,2025-06-16 11:16:00,711.03,711.03,710.96,710.96,-0.01,62.25,43602.41,-1
2025-06-16,2025-06-16 11:17:00,710.96,710.96,710.9,710.9,-0.01,62.25,43602.41,-1
2025-06-16,2025-06-16 11:18:00,710.9,710.9,710.84,710.84,-0.01,62.25,43602.41,-1
2025-06-16,2025-06-16 11:19:00,710.84,710.84,710.78,710.78,-0.01,62.25,43602.41,-1
2025-06-16,2025-06-16 11:20:00,710.78,710.78,710.72,710.72,-0.01,62.25,43602.41,-1
2025-06-16,2025-06-16 11:21:00,710.72,710.72,710.66,710.66,-0.01,62.25,43602.41,-1
2025-06-16,2025-06-16 11:22:00,710.66,710.66,710.6,710.6,-0.01,62.25,43602.41,-1
2025-06-16,2025-06-16 11:23:00,710.6,710.6,710.54,710.54,-0.01,62.25,43602.41,-1
2025-06-16,2025-06-16 11:24:00,710.54,710.54,710.48,710.48,-0.01,62.25,43602.41,-1
2025-06-16,2025-06-16 11:25:00,710.48,710.48,710.42,710.42,-0.01,62.25,43602.41,-1
2025-06-16,2025-06-16 11:26:00,710.42,710.42,710.36,710.36,-0.01,62.25,43602.41,-1
2025-06-16,2025-06-16 11:27:00,710.36,710.36,710.29,710.29,-0.01,62.25,43602.41,-1
2025-06-16,2025-06-16 11:28:00,710.29,710.29,710.23,710.23,-0.01,62.25,43602.41,-1
2025-06-16,2025-06-16 11:29:00,710.23,710.23,710.17,710.17,-0.01,62.25,43602.41,-1
2025-06-16,2025-06-16 11:30:00,710.17,710.17,710.11,710.11,-0.01,62.25,43602.41,-1
2025-06-16,2025-06-16 11:31:00,710.11,710.11,710.05,710.05,-0.01,62.25,43602.41,-1
2025-06-16,2025-06-16 11:32:00,710.05,710.05,709.99,709.99,-0.01,62.25,43602.41,-1
2025-06-16,2025-06-16 11:33:00,709.99,709.99,709.93,709.93,-0.01,62.25,43602.41,-1
2025-06-16,2025-06-16 11:34:00,709.93,709.93,709.87,709.87,-0.01,62.25,43602.41,-1
2025-06-16,2025-06-16 11:35:00,709.87,709.87,709.81,709.81,-0.01,62.25,43602.41,-1
2025-06-16,2025-06-16 11:36:00,709.81,709.81,709.75,709.75,-0.01,62.25,43602.41,-1
2025-06-16,2025-06-16 11:37:00,709.75,709.75,709.69,709.69,-0.01,62.25,43602.41,-1
2025-06-16,2025-06-16 11:38:00,709.69,709.69,709.62,709.62,-0.01,62.25,43602.41,-1
2025-06-16,2025-06-16 11:39:00,709.62,709.62,709.56,709.56,-0.01,62.25,43602.41,-1
2025-06-16,2025-06-16 11:40:00,709.56,709.56,709.5,709.5,-0.01,62.25,43602.41,-1
2025-06-16,2025-06-16 11:41:00,709.5,709.5,709.44,709.44,-0.01,62.25,43602.41,-1
2025-06-16,2025-06-16 11:42:00,709.44,709.44,709.38,709.38,-0.01,62.25,43602.41,-1
2025-06-16,2025-06-16 11:43:00,709.38,709.38,709.32,709.32,-0.01,62.25,43602.41,-1
2025-06-16,2025-06-16 11:44:00,709.32,709.32,709.26,709.26,-0.01,62.25,43602.41,-1
2025-06-16,2025-06-16 11:45:00,709.26,709.26,709.2,709.2,-0.01,62.25,43602.41,-1
2025-06-16,2025-06-16 11:46:00,709.2,709.2,709.14,709.14,-0.01,62.25,43602.41,-1
2025-06-16,2025-06-16 11:47:00,709.14,709.14,709.08,709.08,-0.01,62.25,43602.41,-1
2025-06-16,2025-06-16 11:48:00,709.08,709.08,709.02,709.02,-0.01,62.25,43602.41,-1
2025-06-16,2025-06-16 11:49:00,709.02,709.02,708.95,708.95,-0.01,62.25,43602.41,-1
2025-06-16,2025-06-16 11:50:00,708.95,708.95,708.89,708.89,-0.01,62.25,43602.41,-1
2025-06-16,2025-06-16 11:51:00,708.89,708.89,708.83,708.83,-0.01,62.25,43602.41,-1
2025-06-16,2025-06-16 11:52:00,708.83,708.83,708.77,708.77,-0.01,62.25,43602.41,-1
2025-06-16,2025-06-16 11:53:00,708.77,708.77,708.71,708.71,-0.01,62.25,43602.41,-1
2025-06-16,2025-06-16 11:54:00,708.71,708.71,708.65,708.65,-0.01,62.25,43602.41,-1
2025-06-16,2025-06-16 11:55:00,708.65,708.65,708.59,708.59,-0.01,62.25,43602.41,-1
2025-06-16,2025-06-16 11:56:00,708.59,708.59,708.53,708.53,-0.01,62.25,43602.41,-1
2025-06-16,2025-06-16 11:57:00,708.53,708.53,708.47,708.47,-0.01,62.25,43602.41,-1
2025-06-16,2025-06-16 11:58:00,708.47,708.47,708.41,708.41,-0.01,62.25,43602.41,-1
2025-06-16,2025-06-16 11:59:00,708.41,708.41,708.35,708.35,-0.01,62.25,43602.41,-1
2025-06-16,2025-06-16 12:00:00,708.35,708.35,708.28,708.28,-0.01,62.25,43602.41,-1
2025-06-16,2025-06-16 12:01:00,708.28,708.28,708.22,708.22,-0.01,62.25,43602.41,-1
2025-06-16,2025-06-16 12:02:00,708.22,708.22,708.16,708.16,-0.01,62.25,43602.41,-1
2025-06-16,2025-06-16 12:03:00,708.16,708.16,708.1,708.1,-0.01,62.25,43602.41,-1
2025-06-16,2025-06-16 12:04:00,708.1,708.1,708.04,708.04,-0.01,62.25,43602.41,-1
2025-06-16,2025-06-16 12:05:00,708.04,708.04,707.98,707.98,-0.01,62.25,43602.41,-1
2025-06-16,2025-06-16 12:06:00,707.98,707.98,707.92,707.92,-0.01,62.25,43602.41,-1
2025-06-16,2025-06-16 12:07:00,707.92,707.92,707.86,707.86,-0.01,62.25,43602.41,-1
2025-06-16,2025-06-16 12:08:00,707.86,707.86,707.8,707.8,-0.01,62.25,43602.41,-1
2025-06-16,2025-06-16 12:09:00,707.8,707.8,707.74,707.74,-0.01,62.25,43602.41,-1
2025-06-16,2025-06-16 12:10:00,707.74,707.74,707.67,707.67,-0.01,62.25,43602.41,-1
2025-06-16,2025-06-16 12:11:00,707.67,707.67,707.61,707.61,-0.01,62.25,43602.41,-1
2025-06-16,2025-06-16 12:12:00,707.61,707.61,707.55,707.55,-0.01,62.25,43602.41,-1
2025-06-16,2025-06-16 12:13:00,707.55,707.55,707.49,707.49,-0.01,62.25,43602.41,-1
2025-06-16,2025-06-16 12:14:00,707.49,707.49,707.43,707.43,-0.01,62.25,43602.41,-1
2025-06-16,2025-06-16 12:15:00,707.43,707.43,707.37,707.37,-0.01,62.25,43602.41,-1
2025-06-16,2025-06-16 12:16:00,707.37,707.37,707.31,707.31,-0.01,62.25,43602.41,-1
2025-06-16,2025-06-16 12:17:00,707.31,707.31,707.25,707.25,-0.01,62.25,43602.41,-1
2025-06-16,2025-06-16 12:18:00,707.25,707.25,707.19,707.19,-0.01,62.25,43602.41,-1
2025-06-16,2025-06-16 12:19:00,707.19,707.19,707.13,707.13,-0.01,62.25,43602.41,-1
2025-06-16,2025-06-16 12:20:00,707.13,707.13,707.07,707.07,-0.01,62.25,43602.41,-1
2025-06-16,2025-06-16 12:21:00,707.07,707.07,707.0,707.0,-0.01,62.25,43602.41,-1
2025-06-16,2025-06-16 12:22:00,707.0,707.0,706.94,706.94,-0.01,62.25,43602.41,-1
2025-06-16,2025-06-16 12:23:00,706.94,706.94,706.88,706.88,-0.01,62.25,43602.41,-1
2025-06-16,2025-06-16 12:24:00,706.88,706.88,706.82,706.82,-0.01,62.25,43602.41,-1
2025-06-16,2025-06-16 12:25:00,706.82,706.82,706.76,706.76,-0.01,62.25,43602.41,-1
2025-06-16,2025-06-16 12:26:00,706.76,706.76,706.7,706.7,-0.01,62.25,43602.41,-1
2025-06-16,2025-06-16 12:27:00,706.7,706.7,706.64,706.64,-0.01,62.25,43602.41,-1
2025-06-16,2025-06-16 12:28:00,706.64,706.64,706.58,706.58,-0.01,62.25,43602.41,-1
2025-06-16,2025-06-16 12:29:00,706.58,706.58,706.52,706.52,-0.01,62.25,43602.41,-1
2025-06-16,2025-06-16 12:30:00,706.52,706.52,706.46,706.46,-0.01,62.25,43602.41,-1
2025-06-16,2025-06-16 12:31:00,706.46,706.46,706.4,706.4,-0.01,62.25,43602.41,-1
2025-06-16,2025-06-16 12:32:00,706.4,706.4,706.33,706.33,-0.01,62.25,43602.41,-1
2025-06-16,2025-06-16 12:33:00,706.33,706.33,706.27,706.27,-0.01,62.25,43602.41,-1
2025-06-16,2025-06-16 12:34:00,706.27,706.27,706.21,706.21,-0.01,62.25,43602.41,-1
2025-06-16,2025-06-16 12:35:00,706.21,706.21,706.15,706.15,-0.01,62.25,43602.41,-1
2025-06-16,2025-06-16 12:36:00,706.15,706.15,706.09,706.09,-0.01,62.25,43602.41,-1
2025-06-16,2025-06-16 12:37:00,706.09,706.09,706.03,706.03,-0.01,62.25,43602.41,-1
2025-06-16,2025-06-16 12:38:00,706.03,706.03,705.97,705.97,-0.01,62.25,43602.41,-1
2025-06-16,2025-06-16 12:39:00,705.97,705.97,705.91,705.91,-0.01,62.25,43602.41,-1
2025-06-16,2025-06-16 12:40:00,705.91,705.91,705.85,705.85,-0.01,62.25,43602.41,-1
2025-06-16,2025-06-16 12:41:00,705.85,705.85,705.79,705.79,-0.01,62.25,43602.41,-1
2025-06-16,2025-06-16 12:42:00,705.79,705.79,705.73,705.73,-0.01,62.25,43602.41,-1
2025-06-16,2025-06-16 12:43:00,705.73,705.73,705.66,705.66,-0.01,62.25,43602.41,-1
2025-06-16,2025-06-16 12:44:00,705.66,705.66,705.6,705.6,-0.01,62.25,43602.41,-1
2025-06-16,2025-06-16 12:45:00,705.6,705.6,705.54,705.54,-0.01,62.25,43602.41,-1
2025-06-16,2025-06-16 12:46:00,705.54,705.54,705.48,705.48,-0.01,62.25,43602.41,-1
2025-06-16,2025-06-16 12:47:00,705.48,705.48,705.42,705.42,-0.01,62.25,43602.41,-1
2025-06-16,2025-06-16 12:48:00,705.42,705.42,705.36,705.36,-0.01,62.25,43602.41,-1
2025-06-16,2025-06-16 12:49:00,705.36,705.36,705.3,705.3,-0.01,62.25,43602.41,-1
2025-06-16,2025-06-16 12:50:00,705.3,705.3,705.24,705.24,-0.01,62.25,43602.41,-1
2025-06-16,2025-06-16 12:51:00,705.24,705.24,705.18,705.18,-0.01,62.25,43602.41,-1
2025-06-16,2025-06-16 12:52:00,705.18,705.18,705.12,705.12,-0.01,62.25,43602.41,-1
2025-06-16,2025-06-16 12:53:00,705.12,705.12,705.06,705.06,-0.01,62.25,43602.41,-1
2025-06-16,2025-06-16 12:54:00,705.06,705.06,704.99,704.99,-0.01,62.25,43602.41,-1
2025-06-16,2025-06-16 12:55:00,704.99,704.99,704.93,704.93,-0.01,62.25,43602.41,-1
2025-06-16,2025-06-16 12:56:00,704.93,704.93,704.87,704.87,-0.01,62.25,43602.41,-1
2025-06-16,2025-06-16 12:57:00,704.87,704.87,704.81,704.81,-0.01,62.25,43602.41,-1
2025-06-16,2025-06-16 12:58:00,704.81,704.81,704.75,704.75,-0.01,62.25,43602.41,-1
2025-06-16,2025-06-16 12:59:00,704.75,704.75,704.69,704.69,-0.01,62.25,43602.41,-1
2025-06-16,2025-06-16 13:00:00,704.69,712.0,692.9,704.63,-0.01,62.25,43602.41,-1
2025-06-16,2025-06-16 13:01:00,704.63,704.63,704.57,704.57,-0.01,62.25,43602.41,-1
2025-06-16,2025-06-16 13:02:00,704.57,704.57,704.51,704.51,-0.01,62.25,43602.41,-1
2025-06-16,2025-06-16 13:03:00,704.51,704.51,704.45,704.45,-0.01,62.25,43602.41,-1
2025-06-16,2025-06-16 13:04:00,704.45,704.45,704.39,704.39,-0.01,62.25,43602.41,-1
2025-06-16,2025-06-16 13:05:00,704.39,704.39,704.32,704.32,-0.01,62.25,43602.41,-1
2025-06-16,2025-06-16 13:06:00,704.32,704.32,704.26,704.26,-0.01,62.25,43602.41,-1
2025-06-16,2025-06-16 13:07:00,704.26,704.26,704.2,704.2,-0.01,62.25,43602.41,-1
2025-06-16,2025-06-16 13:08:00,704.2,704.2,704.14,704.14,-0.01,62.25,43602.41,-1
2025-06-16,2025-06-16 13:09:00,704.14,704.14,704.08,704.08,-0.01,62.25,43602.41,-1
2025-06-16,2025-06-16 13:10:00,704.08,704.08,704.02,704.02,-0.01,62.25,43602.41,-1
2025-06-16,2025-06-16 13:11:00,704.02,704.02,703.96,703.96,-0.01,62.25,43602.41,-1
2025-06-16,2025-06-16 13:12:00,703.96,703.96,703.9,703.9,-0.01,62.25,43602.41,-1
2025-06-16,2025-06-16 13:13:00,703.9,703.9,703.84,703.84,-0.01,62.25,43602.41,-1
2025-06-16,2025-06-16 13:14:00,703.84,703.84,703.78,703.78,-0.01,62.25,43602.41,-1
2025-06-16,2025-06-16 13:15:00,703.78,703.78,703.72,703.72,-0.01,62.25,43602.41,-1
2025-06-16,2025-06-16 13:16:00,703.72,703.72,703.65,703.65,-0.01,62.25,43602.41,-1
2025-06-16,2025-06-16 13:17:00,703.65,703.65,703.59,703.59,-0.01,62.25,43602.41,-1
2025-06-16,2025-06-16 13:18:00,703.59,703.59,703.53,703.53,-0.01,62.25,43602.41,-1
2025-06-16,2025-06-16 13:19:00,703.53,703.53,703.47,703.47,-0.01,62.25,43602.41,-1
2025-06-16,2025-06-16 13:20:00,703.47,703.47,703.41,703.41,-0.01,62.25,43602.41,-1
2025-06-16,2025-06-16 13:21:00,703.41,703.41,703.35,703.35,-0.01,62.25,43602.41,-1
2025-06-16,2025-06-16 13:22:00,703.35,703.35,703.29,703.29,-0.01,62.25,43602.41,-1
2025-06-16,2025-06-16 13:23:00,703.29,703.29,703.23,703.23,-0.01,62.25,43602.41,-1
2025-06-16,2025-06-16 13:24:00,703.23,703.23,703.17,703.17,-0.01,62.25,43602.41,-1
2025-06-16,2025-06-16 13:25:00,703.17,703.17,703.11,703.11,-0.01,62.25,43602.41,-1
2025-06-16,2025-06-16 13:26:00,703.11,703.11,703.05,703.05,-0.01,62.25,43602.41,-1
2025-06-16,2025-06-16 13:27:00,703.05,703.05,702.98,702.98,-0.01,62.25,43602.41,-1
2025-06-16,2025-06-16 13:28:00,702.98,702.98,702.92,702.92,-0.01,62.25,43602.41,-1
2025-06-16,2025-06-16 13:29:00,702.92,702.92,702.86,702.86,-0.01,62.25,43602.41,-1
2025-06-16,2025-06-16 13:30:00,702.86,702.86,702.8,702.8,-0.01,62.25,43602.41,-1
2025-06-16,2025-06-16 13:31:00,702.8,702.8,702.74,702.74,-0.01,62.25,43602.41,-1
2025-06-16,2025-06-16 13:32:00,702.74,702.74,702.68,702.68,-0.01,62.25,43602.41,-1
2025-06-16,2025-06-16 13:33:00,702.68,702.68,702.62,702.62,-0.01,62.25,43602.41,-1
2025-06-16,2025-06-16 13:34:00,702.62,702.62,702.56,702.56,-0.01,62.25,43602.41,-1
2025-06-16,2025-06-16 13:35:00,702.56,702.56,702.5,702.5,-0.01,62.25,43602.41,-1
2025-06-16,2025-06-16 13:36:00,702.5,702.5,702.44,702.44,-0.01,62.25,43602.41,-1
2025-06-16,2025-06-16 13:37:00,702.44,702.44,702.38,702.38,-0.01,62.25,43602.41,-1
2025-06-16,2025-06-16 13:38:00,702.38,702.38,702.31,702.31,-0.01,62.25,43602.41,-1
2025-06-16,2025-06-16 13:39:00,702.31,702.31,702.25,702.25,-0.01,62.25,43602.41,-1
2025-06-16,2025-06-16 13:40:00,702.25,702.25,702.19,702.19,-0.01,62.25,43602.41,-1
2025-06-16,2025-06-16 13:41:00,702.19,702.19,702.13,702.13,-0.01,62.25,43602.41,-1
2025-06-16,2025-06-16 13:42:00,702.13,702.13,702.07,702.07,-0.01,62.25,43602.41,-1
2025-06-16,2025-06-16 13:43:00,702.07,702.07,702.01,702.01,-0.01,62.25,43602.41,-1
2025-06-16,2025-06-16 13:44:00,702.01,702.01,701.95,701.95,-0.01,62.25,43602.41,-1
2025-06-16,2025-06-16 13:45:00,701.95,701.95,701.89,701.89,-0.01,62.25,43602.41,-1
2025-06-16,2025-06-16 13:46:00,701.89,701.89,701.83,701.83,-0.01,62.25,43602.41,-1
2025-06-16,2025-06-16 13:47:00,701.83,701.83,701.77,701.77,-0.01,62.25,43602.41,-1
2025-06-16,2025-06-16 13:48:00,701.77,701.77,701.71,701.71,-0.01,62.25,43602.41,-1
2025-06-16,2025-06-16 13:49:00,701.71,701.71,701.64,701.64,-0.01,62.25,43602.41,-1
2025-06-16,2025-06-16 13:50:00,701.64,701.64,701.58,701.58,-0.01,62.25,43602.41,-1
2025-06-16,2025-06-16 13:51:00,701.58,701.58,701.52,701.52,-0.01,62.25,43602.41,-1
2025-06-16,2025-06-16 13:52:00,701.52,701.52,701.46,701.46,-0.01,62.25,43602.41,-1
2025-06-16,2025-06-16 13:53:00,701.46,701.46,701.4,701.4,-0.01,62.25,43602.41,-1
2025-06-16,2025-06-16 13:54:00,701.4,701.4,701.34,701.34,-0.01,62.25,43602.41,-1
2025-06-16,2025-06-16 13:55:00,701.34,701.34,701.28,701.28,-0.01,62.25,43602.41,-1
2025-06-16,2025-06-16 13:56:00,701.28,701.28,701.22,701.22,-0.01,62.25,43602.41,-1
2025-06-16,2025-06-16 13:57:00,701.22,701.22,701.16,701.16,-0.01,62.25,43602.41,-1
2025-06-16,2025-06-16 13:58:00,701.16,701.16,701.1,701.1,-0.01,62.25,43602.41,-1
2025-06-16,2025-06-16 13:59:00,701.1,701.1,701.03,701.03,-0.01,62.25,43602.41,-1
2025-06-16,2025-06-16 14:00:00,701.03,701.03,700.97,700.97,-0.01,62.25,43602.41,-1
2025-06-16,2025-06-16 14:01:00,700.97,700.97,700.91,700.91,-0.01,62.25,43602.41,-1
2025-06-16,2025-06-16 14:02:00,700.91,700.91,700.85,700.85,-0.01,62.25,43602.41,-1
2025-06-16,2025-06-16 14:03:00,700.85,700.85,700.79,700.79,-0.01,62.25,43602.41,-1
2025-06-16,2025-06-16 14:04:00,700.79,700.79,700.73,700.73,-0.01,62.25,43602.41,-1
2025-06-16,2025-06-16 14:05:00,700.73,700.73,700.67,700.67,-0.01,62.25,43602.41,-1
2025-06-16,2025-06-16 14:06:00,700.67,700.67,700.61,700.61,-0.01,62.25,43602.41,-1
2025-06-16,2025-06-16 14:07:00,700.61,700.61,700.55,700.55,-0.01,62.25,43602.41,-1
2025-06-16,2025-06-16 14:08:00,700.55,700.55,700.49,700.49,-0.01,62.25,43602.41,-1
2025-06-16,2025-06-16 14:09:00,700.49,700.49,700.43,700.43,-0.01,62.25,43602.41,-1
2025-06-16,2025-06-16 14:10:00,700.43,700.43,700.36,700.36,-0.01,62.25,43602.41,-1
2025-06-16,2025-06-16 14:11:00,700.36,700.36,700.3,700.3,-0.01,62.25,43602.41,-1
2025-06-16,2025-06-16 14:12:00,700.3,700.3,700.24,700.24,-0.01,62.25,43602.41,-1
2025-06-16,2025-06-16 14:13:00,700.24,700.24,700.18,700.18,-0.01,62.25,43602.41,-1
2025-06-16,2025-06-16 14:14:00,700.18,700.18,700.12,700.12,-0.01,62.25,43602.41,-1
2025-06-16,2025-06-16 14:15:00,700.12,700.12,700.06,700.06,-0.01,62.25,43602.41,-1
2025-06-16,2025-06-16 14:16:00,700.06,700.06,700.0,700.0,-0.01,62.25,43602.41,-1
2025-06-16,2025-06-16 14:17:00,700.0,700.0,699.94,699.94,-0.01,62.25,43602.41,-1
2025-06-16,2025-06-16 14:18:00,699.94,699.94,699.88,699.88,-0.01,62.25,43602.41,-1
2025-06-16,2025-06-16 14:19:00,699.88,699.88,699.82,699.82,-0.01,62.25,43602.41,-1
2025-06-16,2025-06-16 14:20:00,699.82,699.82,699.76,699.76,-0.01,62.25,43602.41,-1
2025-06-16,2025-06-16 14:21:00,699.76,699.76,699.69,699.69,-0.01,62.25,43602.41,-1
2025-06-16,2025-06-16 14:22:00,699.69,699.69,699.63,699.63,-0.01,62.25,43602.41,-1
2025-06-16,2025-06-16 14:23:00,699.63,699.63,699.57,699.57,-0.01,62.25,43602.41,-1
2025-06-16,2025-06-16 14:24:00,699.57,699.57,699.51,699.51,-0.01,62.25,43602.41,-1
2025-06-16,2025-06-16 14:25:00,699.51,699.51,699.45,699.45,-0.01,62.25,43602.41,-1
2025-06-16,2025-06-16 14:26:00,699.45,699.45,699.39,699.39,-0.01,62.25,43602.41,-1
2025-06-16,2025-06-16 14:27:00,699.39,699.39,699.33,699.33,-0.01,62.25,43602.41,-1
2025-06-16,2025-06-16 14:28:00,699.33,699.33,699.27,699.27,-0.01,62.25,43602.41,-1
2025-06-16,2025-06-16 14:29:00,699.27,699.27,699.21,699.21,-0.01,62.25,43602.41,-1
2025-06-16,2025-06-16 14:30:00,699.21,699.21,699.15,699.15,-0.01,62.25,43602.41,-1
2025-06-16,2025-06-16 14:31:00,699.15,699.15,699.09,699.09,-0.01,62.25,43602.41,-1
2025-06-16,2025-06-16 14:32:00,699.09,699.09,699.02,699.02,-0.01,62.25,43602.41,-1
2025-06-16,2025-06-16 14:33:00,699.02,699.02,698.96,698.96,-0.01,62.25,43602.41,-1
2025-06-16,2025-06-16 14:34:00,698.96,698.96,698.9,698.9,-0.01,62.25,43602.41,-1
2025-06-16,2025-06-16 14:35:00,698.9,698.9,698.84,698.84,-0.01,62.25,43602.41,-1
2025-06-16,2025-06-16 14:36:00,698.84,698.84,698.78,698.78,-0.01,62.25,43602.41,-1
2025-06-16,2025-06-16 14:37:00,698.78,698.78,698.72,698.72,-0.01,62.25,43602.41,-1
2025-06-16,2025-06-16 14:38:00,698.72,698.72,698.66,698.66,-0.01,62.25,43602.41,-1
2025-06-16,2025-06-16 14:39:00,698.66,698.66,698.6,698.6,-0.01,62.25,43602.41,-1
2025-06-16,2025-06-16 14:40:00,698.6,698.6,698.54,698.54,-0.01,62.25,43602.41,-1
2025-06-16,2025-06-16 14:41:00,698.54,698.54,698.48,698.48,-0.01,62.25,43602.41,-1
2025-06-16,2025-06-16 14:42:00,698.48,698.48,698.42,698.42,-0.01,62.25,43602.41,-1
2025-06-16,2025-06-16 14:43:00,698.42,698.42,698.35,698.35,-0.01,62.25,43602.41,-1
2025-06-16,2025-06-16 14:44:00,698.35,698.35,698.29,698.29,-0.01,62.25,43602.41,-1
2025-06-16,2025-06-16 14:45:00,698.29,698.29,698.23,698.23,-0.01,62.25,43602.41,-1
2025-06-16,2025-06-16 14:46:00,698.23,698.23,698.17,698.17,-0.01,62.25,43602.41,-1
2025-06-16,2025-06-16 14:47:00,698.17,698.17,698.11,698.11,-0.01,62.25,43602.41,-1
2025-06-16,2025-06-16 14:48:00,698.11,698.11,698.05,698.05,-0.01,62.25,43602.41,-1
2025-06-16,2025-06-16 14:49:00,698.05,698.05,697.99,697.99,-0.01,62.25,43602.41,-1
2025-06-16,2025-06-16 14:50:00,697.99,697.99,697.93,697.93,-0.01,62.25,43602.41,-1
2025-06-16,2025-06-16 14:51:00,697.93,697.93,697.87,697.87,-0.01,62.25,43602.41,-1
2025-06-16,2025-06-16 14:52:00,697.87,697.87,697.81,697.81,-0.01,62.25,43602.41,-1
2025-06-16,2025-06-16 14:53:00,697.81,697.81,697.75,697.75,-0.01,62.25,43602.41,-1
2025-06-16,2025-06-16 14:54:00,697.75,697.75,697.68,697.68,-0.01,62.25,43602.41,-1
2025-06-16,2025-06-16 14:55:00,697.68,697.68,697.62,697.62,-0.01,62.25,43602.41,-1
2025-06-16,2025-06-16 14:56:00,697.62,697.62,697.56,697.56,-0.01,62.25,43602.41,-1
2025-06-16,2025-06-16 14:57:00,697.56,697.56,697.5,697.5,-0.01,62.25,43602.41,-1
2025-06-16,2025-06-16 14:58:00,697.5,697.5,697.44,697.44,-0.01,62.25,43602.41,-1
2025-06-16,2025-06-16 14:59:00,697.44,697.44,697.38,697.38,-0.01,62.25,43602.41,-1
2025-06-16,2025-06-16 15:00:00,697.38,712.0,692.9,697.38,0.0,62.25,43602.41,0
2025-06-17,2025-06-17 11:00:00,690.0,703.8,687.96,690.16,0.02,142.23,102357.34,1
2025-06-17,2025-06-17 11:01:00,690.16,690.33,690.16,690.33,0.02,142.23,102357.34,1
2025-06-17,2025-06-17 11:02:00,690.33,690.49,690.33,690.49,0.02,142.23,102357.34,1
2025-06-17,2025-06-17 11:03:00,690.49,690.66,690.49,690.66,0.02,142.23,102357.34,1
2025-06-17,2025-06-17 11:04:00,690.66,690.82,690.66,690.82,0.02,142.23,102357.34,1
2025-06-17,2025-06-17 11:05:00,690.82,690.99,690.82,690.99,0.02,142.23,102357.34,1
2025-06-17,2025-06-17 11:06:00,690.99,691.15,690.99,691.15,0.02,142.23,102357.34,1
2025-06-17,2025-06-17 11:07:00,691.15,691.32,691.15,691.32,0.02,142.23,102357.34,1
2025-06-17,2025-06-17 11:08:00,691.32,691.48,691.32,691.48,0.02,142.23,102357.34,1
2025-06-17,2025-06-17 11:09:00,691.48,691.64,691.48,691.64,0.02,142.23,102357.34,1
2025-06-17,2025-06-17 11:10:00,691.64,691.81,691.64,691.81,0.02,142.23,102357.34,1
2025-06-17,2025-06-17 11:11:00,691.81,691.97,691.81,691.97,0.02,142.23,102357.34,1
2025-06-17,2025-06-17 11:12:00,691.97,692.14,691.97,692.14,0.02,142.23,102357.34,1
2025-06-17,2025-06-17 11:13:00,692.14,692.3,692.14,692.3,0.02,142.23,102357.34,1
2025-06-17,2025-06-17 11:14:00,692.3,692.47,692.3,692.47,0.02,142.23,102357.34,1
2025-06-17,2025-06-17 11:15:00,692.47,692.63,692.47,692.63,0.02,142.23,102357.34,1
2025-06-17,2025-06-17 11:16:00,692.63,692.8,692.63,692.8,0.02,142.23,102357.34,1
2025-06-17,2025-06-17 11:17:00,692.8,692.96,692.8,692.96,0.02,142.23,102357.34,1
2025-06-17,2025-06-17 11:18:00,692.96,693.12,692.96,693.12,0.02,142.23,102357.34,1
2025-06-17,2025-06-17 11:19:00,693.12,693.29,693.12,693.29,0.02,142.23,102357.34,1
2025-06-17,2025-06-17 11:20:00,693.29,693.45,693.29,693.45,0.02,142.23,102357.34,1
2025-06-17,2025-06-17 11:21:00,693.45,693.62,693.45,693.62,0.02,142.23,102357.34,1
2025-06-17,2025-06-17 11:22:00,693.62,693.78,693.62,693.78,0.02,142.23,102357.34,1
2025-06-17,2025-06-17 11:23:00,693.78,693.95,693.78,693.95,0.02,142.23,102357.34,1
2025-06-17,2025-06-17 11:24:00,693.95,694.11,693.95,694.11,0.02,142.23,102357.34,1
2025-06-17,2025-06-17 11:25:00,694.11,694.27,694.11,694.27,0.02,142.23,102357.34,1
2025-06-17,2025-06-17 11:26:00,694.27,694.44,694.27,694.44,0.02,142.23,102357.34,1
2025-06-17,2025-06-17 11:27:00,694.44,694.6,694.44,694.6,0.02,142.23,102357.34,1
2025-06-17,2025-06-17 11:28:00,694.6,694.77,694.6,694.77,0.02,142.23,102357.34,1
2025-06-17,2025-06-17 11:29:00,694.77,694.93,694.77,694.93,0.02,142.23,102357.34,1
2025-06-17,2025-06-17 11:30:00,694.93,695.1,694.93,695.1,0.02,142.23,102357.34,1
2025-06-17,2025-06-17 11:31:00,695.1,695.26,695.1,695.26,0.02,142.23,102357.34,1
2025-06-17,2025-06-17 11:32:00,695.26,695.43,695.26,695.43,0.02,142.23,102357.34,1
2025-06-17,2025-06-17 11:33:00,695.43,695.59,695.43,695.59,0.02,142.23,102357.34,1
2025-06-17,2025-06-17 11:34:00,695.59,695.75,695.59,695.75,0.02,142.23,102357.34,1
2025-06-17,2025-06-17 11:35:00,695.75,695.92,695.75,695.92,0.02,142.23,102357.34,1
2025-06-17,2025-06-17 11:36:00,695.92,696.08,695.92,696.08,0.02,142.23,102357.34,1
2025-06-17,2025-06-17 11:37:00,696.08,696.25,696.08,696.25,0.02,142.23,102357.34,1
2025-06-17,2025-06-17 11:38:00,696.25,696.41,696.25,696.41,0.02,142.23,102357.34,1
2025-06-17,2025-06-17 11:39:00,696.41,696.58,696.41,696.58,0.02,142.23,102357.34,1
2025-06-17,2025-06-17 11:40:00,696.58,696.74,696.58,696.74,0.02,142.23,102357.34,1
2025-06-17,2025-06-17 11:41:00,696.74,696.91,696.74,696.91,0.02,142.23,102357.34,1
2025-06-17,2025-06-17 11:42:00,696.91,697.07,696.91,697.07,0.02,142.23,102357.34,1
2025-06-17,2025-06-17 11:43:00,697.07,697.23,697.07,697.23,0.02,142.23,102357.34,1
2025-06-17,2025-06-17 11:44:00,697.23,697.4,697.23,697.4,0.02,142.23,102357.34,1
2025-06-17,2025-06-17 11:45:00,697.4,697.56,697.4,697.56,0.02,142.23,102357.34,1
2025-06-17,2025-06-17 11:46:00,697.56,697.73,697.56,697.73,0.02,142.23,102357.34,1
2025-06-17,2025-06-17 11:47:00,697.73,697.89,697.73,697.89,0.02,142.23,102357.34,1
2025-06-17,2025-06-17 11:48:00,697.89,698.06,697.89,698.06,0.02,142.23,102357.34,1
2025-06-17,2025-06-17 11:49:00,698.06,698.22,698.06,698.22,0.02,142.23,102357.34,1
2025-06-17,2025-06-17 11:50:00,698.22,698.39,698.22,698.39,0.02,142.23,102357.34,1
2025-06-17,2025-06-17 11:51:00,698.39,698.55,698.39,698.55,0.02,142.23,102357.34,1
2025-06-17,2025-06-17 11:52:00,698.55,698.71,698.55,698.71,0.02,142.23,102357.34,1
2025-06-17,2025-06-17 11:53:00,698.71,698.88,698.71,698.88,0.02,142.23,102357.34,1
2025-06-17,2025-06-17 11:54:00,698.88,699.04,698.88,699.04,0.02,142.23,102357.34,1
2025-06-17,2025-06-17 11:55:00,699.04,699.21,699.04,699.21,0.02,142.23,102357.34,1
2025-06-17,2025-06-17 11:56:00,699.21,699.37,699.21,699.37,0.02,142.23,102357.34,1
2025-06-17,2025-06-17 11:57:00,699.37,699.54,699.37,699.54,0.02,142.23,102357.34,1
2025-06-17,2025-06-17 11:58:00,699.54,699.7,699.54,699.7,0.02,142.23,102357.34,1
2025-06-17,2025-06-17 11:59:00,699.7,699.87,699.7,699.87,0.02,142.23,102357.34,1
2025-06-17,2025-06-17 12:00:00,699.87,700.03,699.87,700.03,0.02,142.23,102357.34,1
2025-06-17,2025-06-17 12:01:00,700.03,700.19,700.03,700.19,0.02,142.23,102357.34,1
2025-06-17,2025-06-17 12:02:00,700.19,700.36,700.19,700.36,0.02,142.23,102357.34,1
2025-06-17,2025-06-17 12:03:00,700.36,700.52,700.36,700.52,0.02,142.23,102357.34,1
2025-06-17,2025-06-17 12:04:00,700.52,700.69,700.52,700.69,0.02,142.23,102357.34,1
2025-06-17,2025-06-17 12:05:00,700.69,700.85,700.69,700.85,0.02,142.23,102357.34,1
2025-06-17,2025-06-17 12:06:00,700.85,701.02,700.85,701.02,0.02,142.23,102357.34,1
2025-06-17,2025-06-17 12:07:00,701.02,701.18,701.02,701.18,0.02,142.23,102357.34,1
2025-06-17,2025-06-17 12:08:00,701.18,701.34,701.18,701.34,0.02,142.23,102357.34,1
2025-06-17,2025-06-17 12:09:00,701.34,701.51,701.34,701.51,0.02,142.23,102357.34,1
2025-06-17,2025-06-17 12:10:00,701.51,701.67,701.51,701.67,0.02,142.23,102357.34,1
2025-06-17,2025-06-17 12:11:00,701.67,701.84,701.67,701.84,0.02,142.23,102357.34,1
2025-06-17,2025-06-17 12:12:00,701.84,702.0,701.84,702.0,0.02,142.23,102357.34,1
2025-06-17,2025-06-17 12:13:00,702.0,702.17,702.0,702.17,0.02,142.23,102357.34,1
2025-06-17,2025-06-17 12:14:00,702.17,702.33,702.17,702.33,0.02,142.23,102357.34,1
2025-06-17,2025-06-17 12:15:00,702.33,702.5,702.33,702.5,0.02,142.23,102357.34,1
2025-06-17,2025-06-17 12:16:00,702.5,702.66,702.5,702.66,0.02,142.23,102357.34,1
2025-06-17,2025-06-17 12:17:00,702.66,702.82,702.66,702.82,0.02,142.23,102357.34,1
2025-06-17,2025-06-17 12:18:00,702.82,702.99,702.82,702.99,0.02,142.23,102357.34,1
2025-06-17,2025-06-17 12:19:00,702.99,703.15,702.99,703.15,0.02,142.23,102357.34,1
2025-06-17,2025-06-17 12:20:00,703.15,703.32,703.15,703.32,0.02,142.23,102357.34,1
2025-06-17,2025-06-17 12:21:00,703.32,703.48,703.32,703.48,0.02,142.23,102357.34,1
2025-06-17,2025-06-17 12:22:00,703.48,703.65,703.48,703.65,0.02,142.23,102357.34,1
2025-06-17,2025-06-17 12:23:00,703.65,703.81,703.65,703.81,0.02,142.23,102357.34,1
2025-06-17,2025-06-17 12:24:00,703.81,703.98,703.81,703.98,0.02,142.23,102357.34,1
2025-06-17,2025-06-17 12:25:00,703.98,704.14,703.98,704.14,0.02,142.23,102357.34,1
2025-06-17,2025-06-17 12:26:00,704.14,704.3,704.14,704.3,0.02,142.23,102357.34,1
2025-06-17,2025-06-17 12:27:00,704.3,704.47,704.3,704.47,0.02,142.23,102357.34,1
2025-06-17,2025-06-17 12:28:00,704.47,704.63,704.47,704.63,0.02,142.23,102357.34,1
2025-06-17,2025-06-17 12:29:00,704.63,704.8,704.63,704.8,0.02,142.23,102357.34,1
2025-06-17,2025-06-17 12:30:00,704.8,704.96,704.8,704.96,0.02,142.23,102357.34,1
2025-06-17,2025-06-17 12:31:00,704.96,705.13,704.96,705.13,0.02,142.23,102357.34,1
2025-06-17,2025-06-17 12:32:00,705.13,705.29,705.13,705.29,0.02,142.23,102357.34,1
2025-06-17,2025-06-17 12:33:00,705.29,705.46,705.29,705.46,0.02,142.23,102357.34,1
2025-06-17,2025-06-17 12:34:00,705.46,705.62,705.46,705.62,0.02,142.23,102357.34,1
2025-06-17,2025-06-17 12:35:00,705.62,705.78,705.62,705.78,0.02,142.23,102357.34,1
2025-06-17,2025-06-17 12:36:00,705.78,705.95,705.78,705.95,0.02,142.23,102357.34,1
2025-06-17,2025-06-17 12:37:00,705.95,706.11,705.95,706.11,0.02,142.23,102357.34,1
2025-06-17,2025-06-17 12:38:00,706.11,706.28,706.11,706.28,0.02,142.23,102357.34,1
2025-06-17,2025-06-17 12:39:00,706.28,706.44,706.28,706.44,0.02,142.23,102357.34,1
2025-06-17,2025-06-17 12:40:00,706.44,706.61,706.44,706.61,0.02,142.23,102357.34,1
2025-06-17,2025-06-17 12:41:00,706.61,706.77,706.61,706.77,0.02,142.23,102357.34,1
2025-06-17,2025-06-17 12:42:00,706.77,706.93,706.77,706.93,0.02,142.23,102357.34,1
2025-06-17,2025-06-17 12:43:00,706.93,707.1,706.93,707.1,0.02,142.23,102357.34,1
2025-06-17,2025-06-17 12:44:00,707.1,707.26,707.1,707.26,0.02,142.23,102357.34,1
2025-06-17,2025-06-17 12:45:00,707.26,707.43,707.26,707.43,0.02,142.23,102357.34,1
2025-06-17,2025-06-17 12:46:00,707.43,707.59,707.43,707.59,0.02,142.23,102357.34,1
2025-06-17,2025-06-17 12:47:00,707.59,707.76,707.59,707.76,0.02,142.23,102357.34,1
2025-06-17,2025-06-17 12:48:00,707.76,707.92,707.76,707.92,0.02,142.23,102357.34,1
2025-06-17,2025-06-17 12:49:00,707.92,708.09,707.92,708.09,0.02,142.23,102357.34,1
2025-06-17,2025-06-17 12:50:00,708.09,708.25,708.09,708.25,0.02,142.23,102357.34,1
2025-06-17,2025-06-17 12:51:00,708.25,708.41,708.25,708.41,0.02,142.23,102357.34,1
2025-06-17,2025-06-17 12:52:00,708.41,708.58,708.41,708.58,0.02,142.23,102357.34,1
2025-06-17,2025-06-17 12:53:00,708.58,708.74,708.58,708.74,0.02,142.23,102357.34,1
2025-06-17,2025-06-17 12:54:00,708.74,708.91,708.74,708.91,0.02,142.23,102357.34,1
2025-06-17,2025-06-17 12:55:00,708.91,709.07,708.91,709.07,0.02,142.23,102357.34,1
2025-06-17,2025-06-17 12:56:00,709.07,709.24,709.07,709.24,0.02,142.23,102357.34,1
2025-06-17,2025-06-17 12:57:00,709.24,709.4,709.24,709.4,0.02,142.23,102357.34,1
2025-06-17,2025-06-17 12:58:00,709.4,709.57,709.4,709.57,0.02,142.23,102357.34,1
2025-06-17,2025-06-17 12:59:00,709.57,709.73,709.57,709.73,0.02,142.23,102357.34,1
2025-06-17,2025-06-17 13:00:00,709.73,736.0,683.2,709.89,0.02,142.23,102357.34,1
2025-06-17,2025-06-17 13:01:00,709.89,710.06,709.89,710.06,0.02,142.23,102357.34,1
2025-06-17,2025-06-17 13:02:00,710.06,710.22,710.06,710.22,0.02,142.23,102357.34,1
2025-06-17,2025-06-17 13:03:00,710.22,710.39,710.22,710.39,0.02,142.23,102357.34,1
2025-06-17,2025-06-17 13:04:00,710.39,710.55,710.39,710.55,0.02,142.23,102357.34,1
2025-06-17,2025-06-17 13:05:00,710.55,710.72,710.55,710.72,0.02,142.23,102357.34,1
2025-06-17,2025-06-17 13:06:00,710.72,710.88,710.72,710.88,0.02,142.23,102357.34,1
2025-06-17,2025-06-17 13:07:00,710.88,711.05,710.88,711.05,0.02,142.23,102357.34,1
2025-06-17,2025-06-17 13:08:00,711.05,711.21,711.05,711.21,0.02,142.23,102357.34,1
2025-06-17,2025-06-17 13:09:00,711.21,711.37,711.21,711.37,0.02,142.23,102357.34,1
2025-06-17,2025-06-17 13:10:00,711.37,711.54,711.37,711.54,0.02,142.23,102357.34,1
2025-06-17,2025-06-17 13:11:00,711.54,711.7,711.54,711.7,0.02,142.23,102357.34,1
2025-06-17,2025-06-17 13:12:00,711.7,711.87,711.7,711.87,0.02,142.23,102357.34,1
2025-06-17,2025-06-17 13:13:00,711.87,712.03,711.87,712.03,0.02,142.23,102357.34,1
2025-06-17,2025-06-17 13:14:00,712.03,712.2,712.03,712.2,0.02,142.23,102357.34,1
2025-06-17,2025-06-17 13:15:00,712.2,712.36,712.2,712.36,0.02,142.23,102357.34,1
2025-06-17,2025-06-17 13:16:00,712.36,712.53,712.36,712.53,0.02,142.23,102357.34,1
2025-06-17,2025-06-17 13:17:00,712.53,712.69,712.53,712.69,0.02,142.23,102357.34,1
2025-06-17,2025-06-17 13:18:00,712.69,712.85,712.69,712.85,0.02,142.23,102357.34,1
2025-06-17,2025-06-17 13:19:00,712.85,713.02,712.85,713.02,0.02,142.23,102357.34,1
2025-06-17,2025-06-17 13:20:00,713.02,713.18,713.02,713.18,0.02,142.23,102357.34,1
2025-06-17,2025-06-17 13:21:00,713.18,713.35,713.18,713.35,0.02,142.23,102357.34,1
2025-06-17,2025-06-17 13:22:00,713.35,713.51,713.35,713.51,0.02,142.23,102357.34,1
2025-06-17,2025-06-17 13:23:00,713.51,713.68,713.51,713.68,0.02,142.23,102357.34,1
2025-06-17,2025-06-17 13:24:00,713.68,713.84,713.68,713.84,0.02,142.23,102357.34,1
2025-06-17,2025-06-17 13:25:00,713.84,714.0,713.84,714.0,0.02,142.23,102357.34,1
2025-06-17,2025-06-17 13:26:00,714.0,714.17,714.0,714.17,0.02,142.23,102357.34,1
2025-06-17,2025-06-17 13:27:00,714.17,714.33,714.17,714.33,0.02,142.23,102357.34,1
2025-06-17,2025-06-17 13:28:00,714.33,714.5,714.33,714.5,0.02,142.23,102357.34,1
2025-06-17,2025-06-17 13:29:00,714.5,714.66,714.5,714.66,0.02,142.23,102357.34,1
2025-06-17,2025-06-17 13:30:00,714.66,714.83,714.66,714.83,0.02,142.23,102357.34,1
2025-06-17,2025-06-17 13:31:00,714.83,714.99,714.83,714.99,0.02,142.23,102357.34,1
2025-06-17,2025-06-17 13:32:00,714.99,715.16,714.99,715.16,0.02,142.23,102357.34,1
2025-06-17,2025-06-17 13:33:00,715.16,715.32,715.16,715.32,0.02,142.23,102357.34,1
2025-06-17,2025-06-17 13:34:00,715.32,715.48,715.32,715.48,0.02,142.23,102357.34,1
2025-06-17,2025-06-17 13:35:00,715.48,715.65,715.48,715.65,0.02,142.23,102357.34,1
2025-06-17,2025-06-17 13:36:00,715.65,715.81,715.65,715.81,0.02,142.23,102357.34,1
2025-06-17,2025-06-17 13:37:00,715.81,715.98,715.81,715.98,0.02,142.23,102357.34,1
2025-06-17,2025-06-17 13:38:00,715.98,716.14,715.98,716.14,0.02,142.23,102357.34,1
2025-06-17,2025-06-17 13:39:00,716.14,716.31,716.14,716.31,0.02,142.23,102357.34,1
2025-06-17,2025-06-17 13:40:00,716.31,716.47,716.31,716.47,0.02,142.23,102357.34,1
2025-06-17,2025-06-17 13:41:00,716.47,716.64,716.47,716.64,0.02,142.23,102357.34,1
2025-06-17,2025-06-17 13:42:00,716.64,716.8,716.64,716.8,0.02,142.23,102357.34,1
2025-06-17,2025-06-17 13:43:00,716.8,716.96,716.8,716.96,0.02,142.23,102357.34,1
2025-06-17,2025-06-17 13:44:00,716.96,717.13,716.96,717.13,0.02,142.23,102357.34,1
2025-06-17,2025-06-17 13:45:00,717.13,717.29,717.13,717.29,0.02,142.23,102357.34,1
2025-06-17,2025-06-17 13:46:00,717.29,717.46,717.29,717.46,0.02,142.23,102357.34,1
2025-06-17,2025-06-17 13:47:00,717.46,717.62,717.46,717.62,0.02,142.23,102357.34,1
2025-06-17,2025-06-17 13:48:00,717.62,717.79,717.62,717.79,0.02,142.23,102357.34,1
2025-06-17,2025-06-17 13:49:00,717.79,717.95,717.79,717.95,0.02,142.23,102357.34,1
2025-06-17,2025-06-17 13:50:00,717.95,718.12,717.95,718.12,0.02,142.23,102357.34,1
2025-06-17,2025-06-17 13:51:00,718.12,718.28,718.12,718.28,0.02,142.23,102357.34,1
2025-06-17,2025-06-17 13:52:00,718.28,718.44,718.28,718.44,0.02,142.23,102357.34,1
2025-06-17,2025-06-17 13:53:00,718.44,718.61,718.44,718.61,0.02,142.23,102357.34,1
2025-06-17,2025-06-17 13:54:00,718.61,718.77,718.61,718.77,0.02,142.23,102357.34,1
2025-06-17,2025-06-17 13:55:00,718.77,718.94,718.77,718.94,0.02,142.23,102357.34,1
2025-06-17,2025-06-17 13:56:00,718.94,719.1,718.94,719.1,0.02,142.23,102357.34,1
2025-06-17,2025-06-17 13:57:00,719.1,719.27,719.1,719.27,0.02,142.23,102357.34,1
2025-06-17,2025-06-17 13:58:00,719.27,719.43,719.27,719.43,0.02,142.23,102357.34,1
2025-06-17,2025-06-17 13:59:00,719.43,719.6,719.43,719.6,0.02,142.23,102357.34,1
2025-06-17,2025-06-17 14:00:00,719.6,719.76,719.6,719.76,0.02,142.23,102357.34,1
2025-06-17,2025-06-17 14:01:00,719.76,719.92,719.76,719.92,0.02,142.23,102357.34,1
2025-06-17,2025-06-17 14:02:00,719.92,720.09,719.92,720.09,0.02,142.23,102357.34,1
2025-06-17,2025-06-17 14:03:00,720.09,720.25,720.09,720.25,0.02,142.23,102357.34,1
2025-06-17,2025-06-17 14:04:00,720.25,720.42,720.25,720.42,0.02,142.23,102357.34,1
2025-06-17,2025-06-17 14:05:00,720.42,720.58,720.42,720.58,0.02,142.23,102357.34,1
2025-06-17,2025-06-17 14:06:00,720.58,720.75,720.58,720.75,0.02,142.23,102357.34,1
2025-06-17,2025-06-17 14:07:00,720.75,720.91,720.75,720.91,0.02,142.23,102357.34,1
2025-06-17,2025-06-17 14:08:00,720.91,721.07,720.91,721.07,0.02,142.23,102357.34,1
2025-06-17,2025-06-17 14:09:00,721.07,721.24,721.07,721.24,0.02,142.23,102357.34,1
2025-06-17,2025-06-17 14:10:00,721.24,721.4,721.24,721.4,0.02,142.23,102357.34,1
2025-06-17,2025-06-17 14:11:00,721.4,721.57,721.4,721.57,0.02,142.23,102357.34,1
2025-06-17,2025-06-17 14:12:00,721.57,721.73,721.57,721.73,0.02,142.23,102357.34,1
2025-06-17,2025-06-17 14:13:00,721.73,721.9,721.73,721.9,0.02,142.23,102357.34,1
2025-06-17,2025-06-17 14:14:00,721.9,722.06,721.9,722.06,0.02,142.23,102357.34,1
2025-06-17,2025-06-17 14:15:00,722.06,722.23,722.06,722.23,0.02,142.23,102357.34,1
2025-06-17,2025-06-17 14:16:00,722.23,722.39,722.23,722.39,0.02,142.23,102357.34,1
2025-06-17,2025-06-17 14:17:00,722.39,722.55,722.39,722.55,0.02,142.23,102357.34,1
2025-06-17,2025-06-17 14:18:00,722.55,722.72,722.55,722.72,0.02,142.23,102357.34,1
2025-06-17,2025-06-17 14:19:00,722.72,722.88,722.72,722.88,0.02,142.23,102357.34,1
2025-06-17,2025-06-17 14:20:00,722.88,723.05,722.88,723.05,0.02,142.23,102357.34,1
2025-06-17,2025-06-17 14:21:00,723.05,723.21,723.05,723.21,0.02,142.23,102357.34,1
2025-06-17,2025-06-17 14:22:00,723.21,723.38,723.21,723.38,0.02,142.23,102357.34,1
2025-06-17,2025-06-17 14:23:00,723.38,723.54,723.38,723.54,0.02,142.23,102357.34,1
2025-06-17,2025-06-17 14:24:00,723.54,723.71,723.54,723.71,0.02,142.23,102357.34,1
2025-06-17,2025-06-17 14:25:00,723.71,723.87,723.71,723.87,0.02,142.23,102357.34,1
2025-06-17,2025-06-17 14:26:00,723.87,724.03,723.87,724.03,0.02,142.23,102357.34,1
2025-06-17,2025-06-17 14:27:00,724.03,724.2,724.03,724.2,0.02,142.23,102357.34,1
2025-06-17,2025-06-17 14:28:00,724.2,724.36,724.2,724.36,0.02,142.23,102357.34,1
2025-06-17,2025-06-17 14:29:00,724.36,724.53,724.36,724.53,0.02,142.23,102357.34,1
2025-06-17,2025-06-17 14:30:00,724.53,724.69,724.53,724.69,0.02,142.23,102357.34,1
2025-06-17,2025-06-17 14:31:00,724.69,724.86,724.69,724.86,0.02,142.23,102357.34,1
2025-06-17,2025-06-17 14:32:00,724.86,725.02,724.86,725.02,0.02,142.23,102357.34,1
2025-06-17,2025-06-17 14:33:00,725.02,725.19,725.02,725.19,0.02,142.23,102357.34,1
2025-06-17,2025-06-17 14:34:00,725.19,725.35,725.19,725.35,0.02,142.23,102357.34,1
2025-06-17,2025-06-17 14:35:00,725.35,725.51,725.35,725.51,0.02,142.23,102357.34,1
2025-06-17,2025-06-17 14:36:00,725.51,725.68,725.51,725.68,0.02,142.23,102357.34,1
2025-06-17,2025-06-17 14:37:00,725.68,725.84,725.68,725.84,0.02,142.23,102357.34,1
2025-06-17,2025-06-17 14:38:00,725.84,726.01,725.84,726.01,0.02,142.23,102357.34,1
2025-06-17,2025-06-17 14:39:00,726.01,726.17,726.01,726.17,0.02,142.23,102357.34,1
2025-06-17,2025-06-17 14:40:00,726.17,726.34,726.17,726.34,0.02,142.23,102357.34,1
2025-06-17,2025-06-17 14:41:00,726.34,726.5,726.34,726.5,0.02,142.23,102357.34,1
2025-06-17,2025-06-17 14:42:00,726.5,726.66,726.5,726.66,0.02,142.23,102357.34,1
2025-06-17,2025-06-17 14:43:00,726.66,726.83,726.66,726.83,0.02,142.23,102357.34,1
2025-06-17,2025-06-17 14:44:00,726.83,726.99,726.83,726.99,0.02,142.23,102357.34,1
2025-06-17,2025-06-17 14:45:00,726.99,727.16,726.99,727.16,0.02,142.23,102357.34,1
2025-06-17,2025-06-17 14:46:00,727.16,727.32,727.16,727.32,0.02,142.23,102357.34,1
2025-06-17,2025-06-17 14:47:00,727.32,727.49,727.32,727.49,0.02,142.23,102357.34,1
2025-06-17,2025-06-17 14:48:00,727.49,727.65,727.49,727.65,0.02,142.23,102357.34,1
2025-06-17,2025-06-17 14:49:00,727.65,727.82,727.65,727.82,0.02,142.23,102357.34,1
2025-06-17,2025-06-17 14:50:00,727.82,727.98,727.82,727.98,0.02,142.23,102357.34,1
2025-06-17,2025-06-17 14:51:00,727.98,728.14,727.98,728.14,0.02,142.23,102357.34,1
2025-06-17,2025-06-17 14:52:00,728.14,728.31,728.14,728.31,0.02,142.23,102357.34,1
2025-06-17,2025-06-17 14:53:00,728.31,728.47,728.31,728.47,0.02,142.23,102357.34,1
2025-06-17,2025-06-17 14:54:00,728.47,728.64,728.47,728.64,0.02,142.23,102357.34,1
2025-06-17,2025-06-17 14:55:00,728.64,728.8,728.64,728.8,0.02,142.23,102357.34,1
2025-06-17,2025-06-17 14:56:00,728.8,728.97,728.8,728.97,0.02,142.23,102357.34,1
2025-06-17,2025-06-17 14:57:00,728.97,729.13,728.97,729.13,0.02,142.23,102357.34,1
2025-06-17,2025-06-17 14:58:00,729.13,729.3,729.13,729.3,0.02,142.23,102357.34,1
2025-06-17,2025-06-17 14:59:00,729.3,729.46,729.3,729.46,0.02,142.23,102357.34,1
2025-06-17,2025-06-17 15:00:00,729.46,736.0,683.2,729.46,0.0,142.23,102357.34,0
2025-06-18,2025-06-18 11:00:00,714.9,731.73,702.93,715.09,0.03,489.76,353152.69,1
2025-06-18,2025-06-18 11:01:00,715.09,715.28,715.09,715.28,0.03,489.76,353152.69,1
2025-06-18,2025-06-18 11:02:00,715.28,715.48,715.28,715.48,0.03,489.76,353152.69,1
2025-06-18,2025-06-18 11:03:00,715.48,715.67,715.48,715.67,0.03,489.76,353152.69,1
2025-06-18,2025-06-18 11:04:00,715.67,715.86,715.67,715.86,0.03,489.76,353152.69,1
2025-06-18,2025-06-18 11:05:00,715.86,716.05,715.86,716.05,0.03,489.76,353152.69,1
2025-06-18,2025-06-18 11:06:00,716.05,716.25,716.05,716.25,0.03,489.76,353152.69,1
2025-06-18,2025-06-18 11:07:00,716.25,716.44,716.25,716.44,0.03,489.76,353152.69,1
2025-06-18,2025-06-18 11:08:00,716.44,716.63,716.44,716.63,0.03,489.76,353152.69,1
2025-06-18,2025-06-18 11:09:00,716.63,716.82,716.63,716.82,0.03,489.76,353152.69,1
2025-06-18,2025-06-18 11:10:00,716.82,717.02,716.82,717.02,0.03,489.76,353152.69,1
2025-06-18,2025-06-18 11:11:00,717.02,717.21,717.02,717.21,0.03,489.76,353152.69,1
2025-06-18,2025-06-18 11:12:00,717.21,717.4,717.21,717.4,0.03,489.76,353152.69,1
2025-06-18,2025-06-18 11:13:00,717.4,717.59,717.4,717.59,0.03,489.76,353152.69,1
2025-06-18,2025-06-18 11:14:00,717.59,717.78,717.59,717.78,0.03,489.76,353152.69,1
2025-06-18,2025-06-18 11:15:00,717.78,717.98,717.78,717.98,0.03,489.76,353152.69,1
2025-06-18,2025-06-18 11:16:00,717.98,718.17,717.98,718.17,0.03,489.76,353152.69,1
2025-06-18,2025-06-18 11:17:00,718.17,718.36,718.17,718.36,0.03,489.76,353152.69,1
2025-06-18,2025-06-18 11:18:00,718.36,718.55,718.36,718.55,0.03,489.76,353152.69,1
2025-06-18,2025-06-18 11:19:00,718.55,718.75,718.55,718.75,0.03,489.76,353152.69,1
2025-06-18,2025-06-18 11:20:00,718.75,718.94,718.75,718.94,0.03,489.76,353152.69,1
2025-06-18,2025-06-18 11:21:00,718.94,719.13,718.94,719.13,0.03,489.76,353152.69,1
2025-06-18,2025-06-18 11:22:00,719.13,719.32,719.13,719.32,0.03,489.76,353152.69,1
2025-06-18,2025-06-18 11:23:00,719.32,719.51,719.32,719.51,0.03,489.76,353152.69,1
2025-06-18,2025-06-18 11:24:00,719.51,719.71,719.51,719.71,0.03,489.76,353152.69,1
2025-06-18,2025-06-18 11:25:00,719.71,719.9,719.71,719.9,0.03,489.76,353152.69,1
2025-06-18,2025-06-18 11:26:00,719.9,720.09,719.9,720.09,0.03,489.76,353152.69,1
2025-06-18,2025-06-18 11:27:00,720.09,720.28,720.09,720.28,0.03,489.76,353152.69,1
2025-06-18,2025-06-18 11:28:00,720.28,720.48,720.28,720.48,0.03,489.76,353152.69,1
2025-06-18,2025-06-18 11:29:00,720.48,720.67,720.48,720.67,0.03,489.76,353152.69,1
2025-06-18,2025-06-18 11:30:00,720.67,720.86,720.67,720.86,0.03,489.76,353152.69,1
2025-06-18,2025-06-18 11:31:00,720.86,721.05,720.86,721.05,0.03,489.76,353152.69,1
2025-06-18,2025-06-18 11:32:00,721.05,721.25,721.05,721.25,0.03,489.76,353152.69,1
2025-06-18,2025-06-18 11:33:00,721.25,721.44,721.25,721.44,0.03,489.76,353152.69,1
2025-06-18,2025-06-18 11:34:00,721.44,721.63,721.44,721.63,0.03,489.76,353152.69,1
2025-06-18,2025-06-18 11:35:00,721.63,721.82,721.63,721.82,0.03,489.76,353152.69,1
2025-06-18,2025-06-18 11:36:00,721.82,722.01,721.82,722.01,0.03,489.76,353152.69,1
2025-06-18,2025-06-18 11:37:00,722.01,722.21,722.01,722.21,0.03,489.76,353152.69,1
2025-06-18,2025-06-18 11:38:00,722.21,722.4,722.21,722.4,0.03,489.76,353152.69,1
2025-06-18,2025-06-18 11:39:00,722.4,722.59,722.4,722.59,0.03,489.76,353152.69,1
2025-06-18,2025-06-18 11:40:00,722.59,722.78,722.59,722.78,0.03,489.76,353152.69,1
2025-06-18,2025-06-18 11:41:00,722.78,722.98,722.78,722.98,0.03,489.76,353152.69,1
2025-06-18,2025-06-18 11:42:00,722.98,723.17,722.98,723.17,0.03,489.76,353152.69,1
2025-06-18,2025-06-18 11:43:00,723.17,723.36,723.17,723.36,0.03,489.76,353152.69,1
2025-06-18,2025-06-18 11:44:00,723.36,723.55,723.36,723.55,0.03,489.76,353152.69,1
2025-06-18,2025-06-18 11:45:00,723.55,723.75,723.55,723.75,0.03,489.76,353152.69,1
2025-06-18,2025-06-18 11:46:00,723.75,723.94,723.75,723.94,0.03,489.76,353152.69,1
2025-06-18,2025-06-18 11:47:00,723.94,724.13,723.94,724.13,0.03,489.76,353152.69,1
2025-06-18,2025-06-18 11:48:00,724.13,724.32,724.13,724.32,0.03,489.76,353152.69,1
2025-06-18,2025-06-18 11:49:00,724.32,724.51,724.32,724.51,0.03,489.76,353152.69,1
2025-06-18,2025-06-18 11:50:00,724.51,724.71,724.51,724.71,0.03,489.76,353152.69,1
2025-06-18,2025-06-18 11:51:00,724.71,724.9,724.71,724.9,0.03,489.76,353152.69,1
2025-06-18,2025-06-18 11:52:00,724.9,725.09,724.9,725.09,0.03,489.76,353152.69,1
2025-06-18,2025-06-18 11:53:00,725.09,725.28,725.09,725.28,0.03,489.76,353152.69,1
2025-06-18,2025-06-18 11:54:00,725.28,725.48,725.28,725.48,0.03,489.76,353152.69,1
2025-06-18,2025-06-18 11:55:00,725.48,725.67,725.48,725.67,0.03,489.76,353152.69,1
2025-06-18,2025-06-18 11:56:00,725.67,725.86,725.67,725.86,0.03,489.76,353152.69,1
2025-06-18,2025-06-18 11:57:00,725.86,726.05,725.86,726.05,0.03,489.76,353152.69,1
2025-06-18,2025-06-18 11:58:00,726.05,726.25,726.05,726.25,0.03,489.76,353152.69,1
2025-06-18,2025-06-18 11:59:00,726.25,726.44,726.25,726.44,0.03,489.76,353152.69,1
2025-06-18,2025-06-18 12:00:00,726.44,726.63,726.44,726.63,0.03,489.76,353152.69,1
2025-06-18,2025-06-18 12:01:00,726.63,726.82,726.63,726.82,0.03,489.76,353152.69,1
2025-06-18,2025-06-18 12:02:00,726.82,727.01,726.82,727.01,0.03,489.76,353152.69,1
2025-06-18,2025-06-18 12:03:00,727.01,727.21,727.01,727.21,0.03,489.76,353152.69,1
2025-06-18,2025-06-18 12:04:00,727.21,727.4,727.21,727.4,0.03,489.76,353152.69,1
2025-06-18,2025-06-18 12:05:00,727.4,727.59,727.4,727.59,0.03,489.76,353152.69,1
2025-06-18,2025-06-18 12:06:00,727.59,727.78,727.59,727.78,0.03,489.76,353152.69,1
2025-06-18,2025-06-18 12:07:00,727.78,727.98,727.78,727.98,0.03,489.76,353152.69,1
2025-06-18,2025-06-18 12:08:00,727.98,728.17,727.98,728.17,0.03,489.76,353152.69,1
2025-06-18,2025-06-18 12:09:00,728.17,728.36,728.17,728.36,0.03,489.76,353152.69,1
2025-06-18,2025-06-18 12:10:00,728.36,728.55,728.36,728.55,0.03,489.76,353152.69,1
2025-06-18,2025-06-18 12:11:00,728.55,728.75,728.55,728.75,0.03,489.76,353152.69,1
2025-06-18,2025-06-18 12:12:00,728.75,728.94,728.75,728.94,0.03,489.76,353152.69,1
2025-06-18,2025-06-18 12:13:00,728.94,729.13,728.94,729.13,0.03,489.76,353152.69,1
2025-06-18,2025-06-18 12:14:00,729.13,729.32,729.13,729.32,0.03,489.76,353152.69,1
2025-06-18,2025-06-18 12:15:00,729.32,729.51,729.32,729.51,0.03,489.76,353152.69,1
2025-06-18,2025-06-18 12:16:00,729.51,729.71,729.51,729.71,0.03,489.76,353152.69,1
2025-06-18,2025-06-18 12:17:00,729.71,729.9,729.71,729.9,0.03,489.76,353152.69,1
2025-06-18,2025-06-18 12:18:00,729.9,730.09,729.9,730.09,0.03,489.76,353152.69,1
2025-06-18,2025-06-18 12:19:00,730.09,730.28,730.09,730.28,0.03,489.76,353152.69,1
2025-06-18,2025-06-18 12:20:00,730.28,730.48,730.28,730.48,0.03,489.76,353152.69,1
2025-06-18,2025-06-18 12:21:00,730.48,730.67,730.48,730.67,0.03,489.76,353152.69,1
2025-06-18,2025-06-18 12:22:00,730.67,730.86,730.67,730.86,0.03,489.76,353152.69,1
2025-06-18,2025-06-18 12:23:00,730.86,731.05,730.86,731.05,0.03,489.76,353152.69,1
2025-06-18,2025-06-18 12:24:00,731.05,731.24,731.05,731.24,0.03,489.76,353152.69,1
2025-06-18,2025-06-18 12:25:00,731.24,731.44,731.24,731.44,0.03,489.76,353152.69,1
2025-06-18,2025-06-18 12:26:00,731.44,731.63,731.44,731.63,0.03,489.76,353152.69,1
2025-06-18,2025-06-18 12:27:00,731.63,731.82,731.63,731.82,0.03,489.76,353152.69,1
2025-06-18,2025-06-18 12:28:00,731.82,732.01,731.82,732.01,0.03,489.76,353152.69,1
2025-06-18,2025-06-18 12:29:00,732.01,732.21,732.01,732.21,0.03,489.76,353152.69,1
2025-06-18,2025-06-18 12:30:00,732.21,732.4,732.21,732.4,0.03,489.76,353152.69,1
2025-06-18,2025-06-18 12:31:00,732.4,732.59,732.4,732.59,0.03,489.76,353152.69,1
2025-06-18,2025-06-18 12:32:00,732.59,732.78,732.59,732.78,0.03,489.76,353152.69,1
2025-06-18,2025-06-18 12:33:00,732.78,732.98,732.78,732.98,0.03,489.76,353152.69,1
2025-06-18,2025-06-18 12:34:00,732.98,733.17,732.98,733.17,0.03,489.76,353152.69,1
2025-06-18,2025-06-18 12:35:00,733.17,733.36,733.17,733.36,0.03,489.76,353152.69,1
2025-06-18,2025-06-18 12:36:00,733.36,733.55,733.36,733.55,0.03,489.76,353152.69,1
2025-06-18,2025-06-18 12:37:00,733.55,733.74,733.55,733.74,0.03,489.76,353152.69,1
2025-06-18,2025-06-18 12:38:00,733.74,733.94,733.74,733.94,0.03,489.76,353152.69,1
2025-06-18,2025-06-18 12:39:00,733.94,734.13,733.94,734.13,0.03,489.76,353152.69,1
2025-06-18,2025-06-18 12:40:00,734.13,734.32,734.13,734.32,0.03,489.76,353152.69,1
2025-06-18,2025-06-18 12:41:00,734.32,734.51,734.32,734.51,0.03,489.76,353152.69,1
2025-06-18,2025-06-18 12:42:00,734.51,734.71,734.51,734.71,0.03,489.76,353152.69,1
2025-06-18,2025-06-18 12:43:00,734.71,734.9,734.71,734.9,0.03,489.76,353152.69,1
2025-06-18,2025-06-18 12:44:00,734.9,735.09,734.9,735.09,0.03,489.76,353152.69,1
2025-06-18,2025-06-18 12:45:00,735.09,735.28,735.09,735.28,0.03,489.76,353152.69,1
2025-06-18,2025-06-18 12:46:00,735.28,735.48,735.28,735.48,0.03,489.76,353152.69,1
2025-06-18,2025-06-18 12:47:00,735.48,735.67,735.48,735.67,0.03,489.76,353152.69,1
2025-06-18,2025-06-18 12:48:00,735.67,735.86,735.67,735.86,0.03,489.76,353152.69,1
2025-06-18,2025-06-18 12:49:00,735.86,736.05,735.86,736.05,0.03,489.76,353152.69,1
2025-06-18,2025-06-18 12:50:00,736.05,736.24,736.05,736.24,0.03,489.76,353152.69,1
2025-06-18,2025-06-18 12:51:00,736.24,736.44,736.24,736.44,0.03,489.76,353152.69,1
2025-06-18,2025-06-18 12:52:00,736.44,736.63,736.44,736.63,0.03,489.76,353152.69,1
2025-06-18,2025-06-18 12:53:00,736.63,736.82,736.63,736.82,0.03,489.76,353152.69,1
2025-06-18,2025-06-18 12:54:00,736.82,737.01,736.82,737.01,0.03,489.76,353152.69,1
2025-06-18,2025-06-18 12:55:00,737.01,737.21,737.01,737.21,0.03,489.76,353152.69,1
2025-06-18,2025-06-18 12:56:00,737.21,737.4,737.21,737.4,0.03,489.76,353152.69,1
2025-06-18,2025-06-18 12:57:00,737.4,737.59,737.4,737.59,0.03,489.76,353152.69,1
2025-06-18,2025-06-18 12:58:00,737.59,737.78,737.59,737.78,0.03,489.76,353152.69,1
2025-06-18,2025-06-18 12:59:00,737.78,737.97,737.78,737.97,0.03,489.76,353152.69,1
2025-06-18,2025-06-18 13:00:00,737.97,771.0,675.0,738.17,0.03,489.76,353152.69,1
2025-06-18,2025-06-18 13:01:00,738.17,738.36,738.17,738.36,0.03,489.76,353152.69,1
2025-06-18,2025-06-18 13:02:00,738.36,738.55,738.36,738.55,0.03,489.76,353152.69,1
2025-06-18,2025-06-18 13:03:00,738.55,738.74,738.55,738.74,0.03,489.76,353152.69,1
2025-06-18,2025-06-18 13:04:00,738.74,738.94,738.74,738.94,0.03,489.76,353152.69,1
2025-06-18,2025-06-18 13:05:00,738.94,739.13,738.94,739.13,0.03,489.76,353152.69,1
2025-06-18,2025-06-18 13:06:00,739.13,739.32,739.13,739.32,0.03,489.76,353152.69,1
2025-06-18,2025-06-18 13:07:00,739.32,739.51,739.32,739.51,0.03,489.76,353152.69,1
2025-06-18,2025-06-18 13:08:00,739.51,739.71,739.51,739.71,0.03,489.76,353152.69,1
2025-06-18,2025-06-18 13:09:00,739.71,739.9,739.71,739.9,0.03,489.76,353152.69,1
2025-06-18,2025-06-18 13:10:00,739.9,740.09,739.9,740.09,0.03,489.76,353152.69,1
2025-06-18,2025-06-18 13:11:00,740.09,740.28,740.09,740.28,0.03,489.76,353152.69,1
2025-06-18,2025-06-18 13:12:00,740.28,740.47,740.28,740.47,0.03,489.76,353152.69,1
2025-06-18,2025-06-18 13:13:00,740.47,740.67,740.47,740.67,0.03,489.76,353152.69,1
2025-06-18,2025-06-18 13:14:00,740.67,740.86,740.67,740.86,0.03,489.76,353152.69,1
2025-06-18,2025-06-18 13:15:00,740.86,741.05,740.86,741.05,0.03,489.76,353152.69,1
2025-06-18,2025-06-18 13:16:00,741.05,741.24,741.05,741.24,0.03,489.76,353152.69,1
2025-06-18,2025-06-18 13:17:00,741.24,741.44,741.24,741.44,0.03,489.76,353152.69,1
2025-06-18,2025-06-18 13:18:00,741.44,741.63,741.44,741.63,0.03,489.76,353152.69,1
2025-06-18,2025-06-18 13:19:00,741.63,741.82,741.63,741.82,0.03,489.76,353152.69,1
2025-06-18,2025-06-18 13:20:00,741.82,742.01,741.82,742.01,0.03,489.76,353152.69,1
2025-06-18,2025-06-18 13:21:00,742.01,742.21,742.01,742.21,0.03,489.76,353152.69,1
2025-06-18,2025-06-18 13:22:00,742.21,742.4,742.21,742.4,0.03,489.76,353152.69,1
2025-06-18,2025-06-18 13:23:00,742.4,742.59,742.4,742.59,0.03,489.76,353152.69,1
2025-06-18,2025-06-18 13:24:00,742.59,742.78,742.59,742.78,0.03,489.76,353152.69,1
2025-06-18,2025-06-18 13:25:00,742.78,742.97,742.78,742.97,0.03,489.76,353152.69,1
2025-06-18,2025-06-18 13:26:00,742.97,743.17,742.97,743.17,0.03,489.76,353152.69,1
2025-06-18,2025-06-18 13:27:00,743.17,743.36,743.17,743.36,0.03,489.76,353152.69,1
2025-06-18,2025-06-18 13:28:00,743.36,743.55,743.36,743.55,0.03,489.76,353152.69,1
2025-06-18,2025-06-18 13:29:00,743.55,743.74,743.55,743.74,0.03,489.76,353152.69,1
2025-06-18,2025-06-18 13:30:00,743.74,743.94,743.74,743.94,0.03,489.76,353152.69,1
2025-06-18,2025-06-18 13:31:00,743.94,744.13,743.94,744.13,0.03,489.76,353152.69,1
2025-06-18,2025-06-18 13:32:00,744.13,744.32,744.13,744.32,0.03,489.76,353152.69,1
2025-06-18,2025-06-18 13:33:00,744.32,744.51,744.32,744.51,0.03,489.76,353152.69,1
2025-06-18,2025-06-18 13:34:00,744.51,744.71,744.51,744.71,0.03,489.76,353152.69,1
2025-06-18,2025-06-18 13:35:00,744.71,744.9,744.71,744.9,0.03,489.76,353152.69,1
2025-06-18,2025-06-18 13:36:00,744.9,745.09,744.9,745.09,0.03,489.76,353152.69,1
2025-06-18,2025-06-18 13:37:00,745.09,745.28,745.09,745.28,0.03,489.76,353152.69,1
2025-06-18,2025-06-18 13:38:00,745.28,745.47,745.28,745.47,0.03,489.76,353152.69,1
2025-06-18,2025-06-18 13:39:00,745.47,745.67,745.47,745.67,0.03,489.76,353152.69,1
2025-06-18,2025-06-18 13:40:00,745.67,745.86,745.67,745.86,0.03,489.76,353152.69,1
2025-06-18,2025-06-18 13:41:00,745.86,746.05,745.86,746.05,0.03,489.76,353152.69,1
2025-06-18,2025-06-18 13:42:00,746.05,746.24,746.05,746.24,0.03,489.76,353152.69,1
2025-06-18,2025-06-18 13:43:00,746.24,746.44,746.24,746.44,0.03,489.76,353152.69,1
2025-06-18,2025-06-18 13:44:00,746.44,746.63,746.44,746.63,0.03,489.76,353152.69,1
2025-06-18,2025-06-18 13:45:00,746.63,746.82,746.63,746.82,0.03,489.76,353152.69,1
2025-06-18,2025-06-18 13:46:00,746.82,747.01,746.82,747.01,0.03,489.76,353152.69,1
2025-06-18,2025-06-18 13:47:00,747.01,747.2,747.01,747.2,0.03,489.76,353152.69,1
2025-06-18,2025-06-18 13:48:00,747.2,747.4,747.2,747.4,0.03,489.76,353152.69,1
2025-06-18,2025-06-18 13:49:00,747.4,747.59,747.4,747.59,0.03,489.76,353152.69,1
2025-06-18,2025-06-18 13:50:00,747.59,747.78,747.59,747.78,0.03,489.76,353152.69,1
2025-06-18,2025-06-18 13:51:00,747.78,747.97,747.78,747.97,0.03,489.76,353152.69,1
2025-06-18,2025-06-18 13:52:00,747.97,748.17,747.97,748.17,0.03,489.76,353152.69,1
2025-06-18,2025-06-18 13:53:00,748.17,748.36,748.17,748.36,0.03,489.76,353152.69,1
2025-06-18,2025-06-18 13:54:00,748.36,748.55,748.36,748.55,0.03,489.76,353152.69,1
2025-06-18,2025-06-18 13:55:00,748.55,748.74,748.55,748.74,0.03,489.76,353152.69,1
2025-06-18,2025-06-18 13:56:00,748.74,748.94,748.74,748.94,0.03,489.76,353152.69,1
2025-06-18,2025-06-18 13:57:00,748.94,749.13,748.94,749.13,0.03,489.76,353152.69,1
2025-06-18,2025-06-18 13:58:00,749.13,749.32,749.13,749.32,0.03,489.76,353152.69,1
2025-06-18,2025-06-18 13:59:00,749.32,749.51,749.32,749.51,0.03,489.76,353152.69,1
2025-06-18,2025-06-18 14:00:00,749.51,749.7,749.51,749.7,0.03,489.76,353152.69,1
2025-06-18,2025-06-18 14:01:00,749.7,749.9,749.7,749.9,0.03,489.76,353152.69,1
2025-06-18,2025-06-18 14:02:00,749.9,750.09,749.9,750.09,0.03,489.76,353152.69,1
2025-06-18,2025-06-18 14:03:00,750.09,750.28,750.09,750.28,0.03,489.76,353152.69,1
2025-06-18,2025-06-18 14:04:00,750.28,750.47,750.28,750.47,0.03,489.76,353152.69,1
2025-06-18,2025-06-18 14:05:00,750.47,750.67,750.47,750.67,0.03,489.76,353152.69,1
2025-06-18,2025-06-18 14:06:00,750.67,750.86,750.67,750.86,0.03,489.76,353152.69,1
2025-06-18,2025-06-18 14:07:00,750.86,751.05,750.86,751.05,0.03,489.76,353152.69,1
2025-06-18,2025-06-18 14:08:00,751.05,751.24,751.05,751.24,0.03,489.76,353152.69,1
2025-06-18,2025-06-18 14:09:00,751.24,751.44,751.24,751.44,0.03,489.76,353152.69,1
2025-06-18,2025-06-18 14:10:00,751.44,751.63,751.44,751.63,0.03,489.76,353152.69,1
2025-06-18,2025-06-18 14:11:00,751.63,751.82,751.63,751.82,0.03,489.76,353152.69,1
2025-06-18,2025-06-18 14:12:00,751.82,752.01,751.82,752.01,0.03,489.76,353152.69,1
2025-06-18,2025-06-18 14:13:00,752.01,752.2,752.01,752.2,0.03,489.76,353152.69,1
2025-06-18,2025-06-18 14:14:00,752.2,752.4,752.2,752.4,0.03,489.76,353152.69,1
2025-06-18,2025-06-18 14:15:00,752.4,752.59,752.4,752.59,0.03,489.76,353152.69,1
2025-06-18,2025-06-18 14:16:00,752.59,752.78,752.59,752.78,0.03,489.76,353152.69,1
2025-06-18,2025-06-18 14:17:00,752.78,752.97,752.78,752.97,0.03,489.76,353152.69,1
2025-06-18,2025-06-18 14:18:00,752.97,753.17,752.97,753.17,0.03,489.76,353152.69,1
2025-06-18,2025-06-18 14:19:00,753.17,753.36,753.17,753.36,0.03,489.76,353152.69,1
2025-06-18,2025-06-18 14:20:00,753.36,753.55,753.36,753.55,0.03,489.76,353152.69,1
2025-06-18,2025-06-18 14:21:00,753.55,753.74,753.55,753.74,0.03,489.76,353152.69,1
2025-06-18,2025-06-18 14:22:00,753.74,753.94,753.74,753.94,0.03,489.76,353152.69,1
2025-06-18,2025-06-18 14:23:00,753.94,754.13,753.94,754.13,0.03,489.76,353152.69,1
2025-06-18,2025-06-18 14:24:00,754.13,754.32,754.13,754.32,0.03,489.76,353152.69,1
2025-06-18,2025-06-18 14:25:00,754.32,754.51,754.32,754.51,0.03,489.76,353152.69,1
2025-06-18,2025-06-18 14:26:00,754.51,754.7,754.51,754.7,0.03,489.76,353152.69,1
2025-06-18,2025-06-18 14:27:00,754.7,754.9,754.7,754.9,0.03,489.76,353152.69,1
2025-06-18,2025-06-18 14:28:00,754.9,755.09,754.9,755.09,0.03,489.76,353152.69,1
2025-06-18,2025-06-18 14:29:00,755.09,755.28,755.09,755.28,0.03,489.76,353152.69,1
2025-06-18,2025-06-18 14:30:00,755.28,755.47,755.28,755.47,0.03,489.76,353152.69,1
2025-06-18,2025-06-18 14:31:00,755.47,755.67,755.47,755.67,0.03,489.76,353152.69,1
2025-06-18,2025-06-18 14:32:00,755.67,755.86,755.67,755.86,0.03,489.76,353152.69,1
2025-06-18,2025-06-18 14:33:00,755.86,756.05,755.86,756.05,0.03,489.76,353152.69,1
2025-06-18,2025-06-18 14:34:00,756.05,756.24,756.05,756.24,0.03,489.76,353152.69,1
2025-06-18,2025-06-18 14:35:00,756.24,756.43,756.24,756.43,0.03,489.76,353152.69,1
2025-06-18,2025-06-18 14:36:00,756.43,756.63,756.43,756.63,0.03,489.76,353152.69,1
2025-06-18,2025-06-18 14:37:00,756.63,756.82,756.63,756.82,0.03,489.76,353152.69,1
2025-06-18,2025-06-18 14:38:00,756.82,757.01,756.82,757.01,0.03,489.76,353152.69,1
2025-06-18,2025-06-18 14:39:00,757.01,757.2,757.01,757.2,0.03,489.76,353152.69,1
2025-06-18,2025-06-18 14:40:00,757.2,757.4,757.2,757.4,0.03,489.76,353152.69,1
2025-06-18,2025-06-18 14:41:00,757.4,757.59,757.4,757.59,0.03,489.76,353152.69,1
2025-06-18,2025-06-18 14:42:00,757.59,757.78,757.59,757.78,0.03,489.76,353152.69,1
2025-06-18,2025-06-18 14:43:00,757.78,757.97,757.78,757.97,0.03,489.76,353152.69,1
2025-06-18,2025-06-18 14:44:00,757.97,758.17,757.97,758.17,0.03,489.76,353152.69,1
2025-06-18,2025-06-18 14:45:00,758.17,758.36,758.17,758.36,0.03,489.76,353152.69,1
2025-06-18,2025-06-18 14:46:00,758.36,758.55,758.36,758.55,0.03,489.76,353152.69,1
2025-06-18,2025-06-18 14:47:00,758.55,758.74,758.55,758.74,0.03,489.76,353152.69,1
2025-06-18,2025-06-18 14:48:00,758.74,758.93,758.74,758.93,0.03,489.76,353152.69,1
2025-06-18,2025-06-18 14:49:00,758.93,759.13,758.93,759.13,0.03,489.76,353152.69,1
2025-06-18,2025-06-18 14:50:00,759.13,759.32,759.13,759.32,0.03,489.76,353152.69,1
2025-06-18,2025-06-18 14:51:00,759.32,759.51,759.32,759.51,0.03,489.76,353152.69,1
2025-06-18,2025-06-18 14:52:00,759.51,759.7,759.51,759.7,0.03,489.76,353152.69,1
2025-06-18,2025-06-18 14:53:00,759.7,759.9,759.7,759.9,0.03,489.76,353152.69,1
2025-06-18,2025-06-18 14:54:00,759.9,760.09,759.9,760.09,0.03,489.76,353152.69,1
2025-06-18,2025-06-18 14:55:00,760.09,760.28,760.09,760.28,0.02,489.76,353152.69,1
2025-06-18,2025-06-18 14:56:00,760.28,760.47,760.28,760.47,0.02,489.76,353152.69,1
2025-06-18,2025-06-18 14:57:00,760.47,760.67,760.47,760.67,0.03,489.76,353152.69,1
2025-06-18,2025-06-18 14:58:00,760.67,760.86,760.67,760.86,0.02,489.76,353152.69,1
2025-06-18,2025-06-18 14:59:00,760.86,761.05,760.86,761.05,0.02,489.76,353152.69,1
2025-06-18,2025-06-18 15:00:00,761.05,771.0,675.0,761.05,0.0,489.76,353152.69,0
2025-06-19,2025-06-19 11:00:00,745.9,745.9,727.63,745.65,-0.03,342.27,235746.61,-1
2025-06-19,2025-06-19 11:01:00,745.65,745.65,745.39,745.39,-0.03,342.27,235746.61,-1
2025-06-19,2025-06-19 11:02:00,745.39,745.39,745.14,745.14,-0.03,342.27,235746.61,-1
2025-06-19,2025-06-19 11:03:00,745.14,745.14,744.88,744.88,-0.03,342.27,235746.61,-1
2025-06-19,2025-06-19 11:04:00,744.88,744.88,744.63,744.63,-0.03,342.27,235746.61,-1
2025-06-19,2025-06-19 11:05:00,744.63,744.63,744.38,744.38,-0.03,342.27,235746.61,-1
2025-06-19,2025-06-19 11:06:00,744.38,744.38,744.12,744.12,-0.03,342.27,235746.61,-1
2025-06-19,2025-06-19 11:07:00,744.12,744.12,743.87,743.87,-0.03,342.27,235746.61,-1
2025-06-19,2025-06-19 11:08:00,743.87,743.87,743.62,743.62,-0.03,342.27,235746.61,-1
2025-06-19,2025-06-19 11:09:00,743.62,743.62,743.36,743.36,-0.03,342.27,235746.61,-1
2025-06-19,2025-06-19 11:10:00,743.36,743.36,743.11,743.11,-0.03,342.27,235746.61,-1
2025-06-19,2025-06-19 11:11:00,743.11,743.11,742.86,742.86,-0.03,342.27,235746.61,-1
2025-06-19,2025-06-19 11:12:00,742.86,742.86,742.6,742.6,-0.03,342.27,235746.61,-1
2025-06-19,2025-06-19 11:13:00,742.6,742.6,742.35,742.35,-0.03,342.27,235746.61,-1
2025-06-19,2025-06-19 11:14:00,742.35,742.35,742.09,742.09,-0.04,342.27,235746.61,-1
2025-06-19,2025-06-19 11:15:00,742.09,742.09,741.84,741.84,-0.03,342.27,235746.61,-1
2025-06-19,2025-06-19 11:16:00,741.84,741.84,741.59,741.59,-0.03,342.27,235746.61,-1
2025-06-19,2025-06-19 11:17:00,741.59,741.59,741.33,741.33,-0.04,342.27,235746.61,-1
2025-06-19,2025-06-19 11:18:00,741.33,741.33,741.08,741.08,-0.03,342.27,235746.61,-1
2025-06-19,2025-06-19 11:19:00,741.08,741.08,740.82,740.82,-0.04,342.27,235746.61,-1
2025-06-19,2025-06-19 11:20:00,740.82,740.82,740.57,740.57,-0.03,342.27,235746.61,-1
2025-06-19,2025-06-19 11:21:00,740.57,740.57,740.32,740.32,-0.03,342.27,235746.61,-1
2025-06-19,2025-06-19 11:22:00,740.32,740.32,740.06,740.06,-0.04,342.27,235746.61,-1
2025-06-19,2025-06-19 11:23:00,740.06,740.06,739.81,739.81,-0.03,342.27,235746.61,-1
2025-06-19,2025-06-19 11:24:00,739.81,739.81,739.56,739.56,-0.03,342.27,235746.61,-1
2025-06-19,2025-06-19 11:25:00,739.56,739.56,739.3,739.3,-0.04,342.27,235746.61,-1
2025-06-19,2025-06-19 11:26:00,739.3,739.3,739.05,739.05,-0.03,342.27,235746.61,-1
2025-06-19,2025-06-19 11:27:00,739.05,739.05,738.79,738.79,-0.04,342.27,235746.61,-1
2025-06-19,2025-06-19 11:28:00,738.79,738.79,738.54,738.54,-0.03,342.27,235746.61,-1
2025-06-19,2025-06-19 11:29:00,738.54,738.54,738.29,738.29,-0.03,342.27,235746.61,-1
2025-06-19,2025-06-19 11:30:00,738.29,738.29,738.03,738.03,-0.04,342.27,235746.61,-1
2025-06-19,2025-06-19 11:31:00,738.03,738.03,737.78,737.78,-0.03,342.27,235746.61,-1
2025-06-19,2025-06-19 11:32:00,737.78,737.78,737.53,737.53,-0.03,342.27,235746.61,-1
2025-06-19,2025-06-19 11:33:00,737.53,737.53,737.27,737.27,-0.04,342.27,235746.61,-1
2025-06-19,2025-06-19 11:34:00,737.27,737.27,737.02,737.02,-0.03,342.27,235746.61,-1
2025-06-19,2025-06-19 11:35:00,737.02,737.02,736.76,736.76,-0.04,342.27,235746.61,-1
2025-06-19,2025-06-19 11:36:00,736.76,736.76,736.51,736.51,-0.03,342.27,235746.61,-1
2025-06-19,2025-06-19 11:37:00,736.51,736.51,736.26,736.26,-0.03,342.27,235746.61,-1
2025-06-19,2025-06-19 11:38:00,736.26,736.26,736.0,736.0,-0.04,342.27,235746.61,-1
2025-06-19,2025-06-19 11:39:00,736.0,736.0,735.75,735.75,-0.03,342.27,235746.61,-1
2025-06-19,2025-06-19 11:40:00,735.75,735.75,735.5,735.5,-0.03,342.27,235746.61,-1
2025-06-19,2025-06-19 11:41:00,735.5,735.5,735.24,735.24,-0.04,342.27,235746.61,-1
2025-06-19,2025-06-19 11:42:00,735.24,735.24,734.99,734.99,-0.03,342.27,235746.61,-1
2025-06-19,2025-06-19 11:43:00,734.99,734.99,734.74,734.74,-0.03,342.27,235746.61,-1
2025-06-19,2025-06-19 11:44:00,734.74,734.74,734.48,734.48,-0.04,342.27,235746.61,-1
2025-06-19,2025-06-19 11:45:00,734.48,734.48,734.23,734.23,-0.03,342.27,235746.61,-1
2025-06-19,2025-06-19 11:46:00,734.23,734.23,733.97,733.97,-0.04,342.27,235746.61,-1
2025-06-19,2025-06-19 11:47:00,733.97,733.97,733.72,733.72,-0.03,342.27,235746.61,-1
2025-06-19,2025-06-19 11:48:00,733.72,733.72,733.47,733.47,-0.03,342.27,235746.61,-1
2025-06-19,2025-06-19 11:49:00,733.47,733.47,733.21,733.21,-0.04,342.27,235746.61,-1
2025-06-19,2025-06-19 11:50:00,733.21,733.21,732.96,732.96,-0.03,342.27,235746.61,-1
2025-06-19,2025-06-19 11:51:00,732.96,732.96,732.7,732.7,-0.04,342.27,235746.61,-1
2025-06-19,2025-06-19 11:52:00,732.7,732.7,732.45,732.45,-0.03,342.27,235746.61,-1
2025-06-19,2025-06-19 11:53:00,732.45,732.45,732.2,732.2,-0.03,342.27,235746.61,-1
2025-06-19,2025-06-19 11:54:00,732.2,732.2,731.94,731.94,-0.04,342.27,235746.61,-1
2025-06-19,2025-06-19 11:55:00,731.94,731.94,731.69,731.69,-0.03,342.27,235746.61,-1
2025-06-19,2025-06-19 11:56:00,731.69,731.69,731.44,731.44,-0.03,342.27,235746.61,-1
2025-06-19,2025-06-19 11:57:00,731.44,731.44,731.18,731.18,-0.04,342.27,235746.61,-1
2025-06-19,2025-06-19 11:58:00,731.18,731.18,730.93,730.93,-0.03,342.27,235746.61,-1
2025-06-19,2025-06-19 11:59:00,730.93,730.93,730.67,730.67,-0.04,342.27,235746.61,-1
2025-06-19,2025-06-19 12:00:00,730.67,730.67,730.42,730.42,-0.03,342.27,235746.61,-1
2025-06-19,2025-06-19 12:01:00,730.42,730.42,730.17,730.17,-0.03,342.27,235746.61,-1
2025-06-19,2025-06-19 12:02:00,730.17,730.17,729.91,729.91,-0.04,342.27,235746.61,-1
2025-06-19,2025-06-19 12:03:00,729.91,729.91,729.66,729.66,-0.03,342.27,235746.61,-1
2025-06-19,2025-06-19 12:04:00,729.66,729.66,729.41,729.41,-0.03,342.27,235746.61,-1
2025-06-19,2025-06-19 12:05:00,729.41,729.41,729.15,729.15,-0.04,342.27,235746.61,-1
2025-06-19,2025-06-19 12:06:00,729.15,729.15,728.9,728.9,-0.03,342.27,235746.61,-1
2025-06-19,2025-06-19 12:07:00,728.9,728.9,728.64,728.64,-0.04,342.27,235746.61,-1
2025-06-19,2025-06-19 12:08:00,728.64,728.64,728.39,728.39,-0.03,342.27,235746.61,-1
2025-06-19,2025-06-19 12:09:00,728.39,728.39,728.14,728.14,-0.03,342.27,235746.61,-1
2025-06-19,2025-06-19 12:10:00,728.14,728.14,727.88,727.88,-0.04,342.27,235746.61,-1
2025-06-19,2025-06-19 12:11:00,727.88,727.88,727.63,727.63,-0.03,342.27,235746.61,-1
2025-06-19,2025-06-19 12:12:00,727.63,727.63,727.38,727.38,-0.03,342.27,235746.61,-1
2025-06-19,2025-06-19 12:13:00,727.38,727.38,727.12,727.12,-0.04,342.27,235746.61,-1
2025-06-19,2025-06-19 12:14:00,727.12,727.12,726.87,726.87,-0.03,342.27,235746.61,-1
2025-06-19,2025-06-19 12:15:00,726.87,726.87,726.62,726.62,-0.03,342.27,235746.61,-1
2025-06-19,2025-06-19 12:16:00,726.62,726.62,726.36,726.36,-0.04,342.27,235746.61,-1
2025-06-19,2025-06-19 12:17:00,726.36,726.36,726.11,726.11,-0.03,342.27,235746.61,-1
2025-06-19,2025-06-19 12:18:00,726.11,726.11,725.85,725.85,-0.04,342.27,235746.61,-1
2025-06-19,2025-06-19 12:19:00,725.85,725.85,725.6,725.6,-0.03,342.27,235746.61,-1
2025-06-19,2025-06-19 12:20:00,725.6,725.6,725.35,725.35,-0.03,342.27,235746.61,-1
2025-06-19,2025-06-19 12:21:00,725.35,725.35,725.09,725.09,-0.04,342.27,235746.61,-1
2025-06-19,2025-06-19 12:22:00,725.09,725.09,724.84,724.84,-0.03,342.27,235746.61,-1
2025-06-19,2025-06-19 12:23:00,724.84,724.84,724.59,724.59,-0.03,342.27,235746.61,-1
2025-06-19,2025-06-19 12:24:00,724.59,724.59,724.33,724.33,-0.04,342.27,235746.61,-1
2025-06-19,2025-06-19 12:25:00,724.33,724.33,724.08,724.08,-0.03,342.27,235746.61,-1
2025-06-19,2025-06-19 12:26:00,724.08,724.08,723.82,723.82,-0.04,342.27,235746.61,-1
2025-06-19,2025-06-19 12:27:00,723.82,723.82,723.57,723.57,-0.03,342.27,235746.61,-1
2025-06-19,2025-06-19 12:28:00,723.57,723.57,723.32,723.32,-0.03,342.27,235746.61,-1
2025-06-19,2025-06-19 12:29:00,723.32,723.32,723.06,723.06,-0.04,342.27,235746.61,-1
2025-06-19,2025-06-19 12:30:00,723.06,723.06,722.81,722.81,-0.03,342.27,235746.61,-1
2025-06-19,2025-06-19 12:31:00,722.81,722.81,722.55,722.55,-0.04,342.27,235746.61,-1
2025-06-19,2025-06-19 12:32:00,722.55,722.55,722.3,722.3,-0.03,342.27,235746.61,-1
2025-06-19,2025-06-19 12:33:00,722.3,722.3,722.05,722.05,-0.03,342.27,235746.61,-1
2025-06-19,2025-06-19 12:34:00,722.05,722.05,721.79,721.79,-0.04,342.27,235746.61,-1
2025-06-19,2025-06-19 12:35:00,721.79,721.79,721.54,721.54,-0.03,342.27,235746.61,-1
2025-06-19,2025-06-19 12:36:00,721.54,721.54,721.29,721.29,-0.03,342.27,235746.61,-1
2025-06-19,2025-06-19 12:37:00,721.29,721.29,721.03,721.03,-0.04,342.27,235746.61,-1
2025-06-19,2025-06-19 12:38:00,721.03,721.03,720.78,720.78,-0.03,342.27,235746.61,-1
2025-06-19,2025-06-19 12:39:00,720.78,720.78,720.52,720.52,-0.04,342.27,235746.61,-1
2025-06-19,2025-06-19 12:40:00,720.52,720.52,720.27,720.27,-0.03,342.27,235746.61,-1
2025-06-19,2025-06-19 12:41:00,720.27,720.27,720.02,720.02,-0.03,342.27,235746.61,-1
2025-06-19,2025-06-19 12:42:00,720.02,720.02,719.76,719.76,-0.04,342.27,235746.61,-1
2025-06-19,2025-06-19 12:43:00,719.76,719.76,719.51,719.51,-0.03,342.27,235746.61,-1
2025-06-19,2025-06-19 12:44:00,719.51,719.51,719.26,719.26,-0.03,342.27,235746.61,-1
2025-06-19,2025-06-19 12:45:00,719.26,719.26,719.0,719.0,-0.04,342.27,235746.61,-1
2025-06-19,2025-06-19 12:46:00,719.0,719.0,718.75,718.75,-0.03,342.27,235746.61,-1
2025-06-19,2025-06-19 12:47:00,718.75,718.75,718.5,718.5,-0.03,342.27,235746.61,-1
2025-06-19,2025-06-19 12:48:00,718.5,718.5,718.24,718.24,-0.04,342.27,235746.61,-1
2025-06-19,2025-06-19 12:49:00,718.24,718.24,717.99,717.99,-0.03,342.27,235746.61,-1
2025-06-19,2025-06-19 12:50:00,717.99,717.99,717.73,717.73,-0.04,342.27,235746.61,-1
2025-06-19,2025-06-19 12:51:00,717.73,717.73,717.48,717.48,-0.03,342.27,235746.61,-1
2025-06-19,2025-06-19 12:52:00,717.48,717.48,717.23,717.23,-0.03,342.27,235746.61,-1
2025-06-19,2025-06-19 12:53:00,717.23,717.23,716.97,716.97,-0.04,342.27,235746.61,-1
2025-06-19,2025-06-19 12:54:00,716.97,716.97,716.72,716.72,-0.03,342.27,235746.61,-1
2025-06-19,2025-06-19 12:55:00,716.72,716.72,716.47,716.47,-0.03,342.27,235746.61,-1
2025-06-19,2025-06-19 12:56:00,716.47,716.47,716.21,716.21,-0.04,342.27,235746.61,-1
2025-06-19,2025-06-19 12:57:00,716.21,716.21,715.96,715.96,-0.03,342.27,235746.61,-1
2025-06-19,2025-06-19 12:58:00,715.96,715.96,715.7,715.7,-0.04,342.27,235746.61,-1
2025-06-19,2025-06-19 12:59:00,715.7,715.7,715.45,715.45,-0.03,342.27,235746.61,-1
2025-06-19,2025-06-19 13:00:00,715.45,745.9,685.0,715.2,-0.03,342.27,235746.61,-1
2025-06-19,2025-06-19 13:01:00,715.2,715.2,714.94,714.94,-0.04,342.27,235746.61,-1
2025-06-19,2025-06-19 13:02:00,714.94,714.94,714.69,714.69,-0.03,342.27,235746.61,-1
2025-06-19,2025-06-19 13:03:00,714.69,714.69,714.43,714.43,-0.04,342.27,235746.61,-1
2025-06-19,2025-06-19 13:04:00,714.43,714.43,714.18,714.18,-0.03,342.27,235746.61,-1
2025-06-19,2025-06-19 13:05:00,714.18,714.18,713.93,713.93,-0.04,342.27,235746.61,-1
2025-06-19,2025-06-19 13:06:00,713.93,713.93,713.67,713.67,-0.04,342.27,235746.61,-1
2025-06-19,2025-06-19 13:07:00,713.67,713.67,713.42,713.42,-0.04,342.27,235746.61,-1
2025-06-19,2025-06-19 13:08:00,713.42,713.42,713.17,713.17,-0.04,342.27,235746.61,-1
2025-06-19,2025-06-19 13:09:00,713.17,713.17,712.91,712.91,-0.04,342.27,235746.61,-1
2025-06-19,2025-06-19 13:10:00,712.91,712.91,712.66,712.66,-0.04,342.27,235746.61,-1
2025-06-19,2025-06-19 13:11:00,712.66,712.66,712.4,712.4,-0.04,342.27,235746.61,-1
2025-06-19,2025-06-19 13:12:00,712.4,712.4,712.15,712.15,-0.04,342.27,235746.61,-1
2025-06-19,2025-06-19 13:13:00,712.15,712.15,711.9,711.9,-0.04,342.27,235746.61,-1
2025-06-19,2025-06-19 13:14:00,711.9,711.9,711.64,711.64,-0.04,342.27,235746.61,-1
2025-06-19,2025-06-19 13:15:00,711.64,711.64,711.39,711.39,-0.04,342.27,235746.61,-1
2025-06-19,2025-06-19 13:16:00,711.39,711.39,711.14,711.14,-0.04,342.27,235746.61,-1
2025-06-19,2025-06-19 13:17:00,711.14,711.14,710.88,710.88,-0.04,342.27,235746.61,-1
2025-06-19,2025-06-19 13:18:00,710.88,710.88,710.63,710.63,-0.04,342.27,235746.61,-1
2025-06-19,2025-06-19 13:19:00,710.63,710.63,710.38,710.38,-0.04,342.27,235746.61,-1
2025-06-19,2025-06-19 13:20:00,710.38,710.38,710.12,710.12,-0.04,342.27,235746.61,-1
2025-06-19,2025-06-19 13:21:00,710.12,710.12,709.87,709.87,-0.04,342.27,235746.61,-1
2025-06-19,2025-06-19 13:22:00,709.87,709.87,709.61,709.61,-0.04,342.27,235746.61,-1
2025-06-19,2025-06-19 13:23:00,709.61,709.61,709.36,709.36,-0.04,342.27,235746.61,-1
2025-06-19,2025-06-19 13:24:00,709.36,709.36,709.11,709.11,-0.04,342.27,235746.61,-1
2025-06-19,2025-06-19 13:25:00,709.11,709.11,708.85,708.85,-0.04,342.27,235746.61,-1
2025-06-19,2025-06-19 13:26:00,708.85,708.85,708.6,708.6,-0.04,342.27,235746.61,-1
2025-06-19,2025-06-19 13:27:00,708.6,708.6,708.35,708.35,-0.04,342.27,235746.61,-1
2025-06-19,2025-06-19 13:28:00,708.35,708.35,708.09,708.09,-0.04,342.27,235746.61,-1
2025-06-19,2025-06-19 13:29:00,708.09,708.09,707.84,707.84,-0.04,342.27,235746.61,-1
2025-06-19,2025-06-19 13:30:00,707.84,707.84,707.58,707.58,-0.04,342.27,235746.61,-1
2025-06-19,2025-06-19 13:31:00,707.58,707.58,707.33,707.33,-0.04,342.27,235746.61,-1
2025-06-19,2025-06-19 13:32:00,707.33,707.33,707.08,707.08,-0.04,342.27,235746.61,-1
2025-06-19,2025-06-19 13:33:00,707.08,707.08,706.82,706.82,-0.04,342.27,235746.61,-1
2025-06-19,2025-06-19 13:34:00,706.82,706.82,706.57,706.57,-0.04,342.27,235746.61,-1
2025-06-19,2025-06-19 13:35:00,706.57,706.57,706.31,706.31,-0.04,342.27,235746.61,-1
2025-06-19,2025-06-19 13:36:00,706.31,706.31,706.06,706.06,-0.04,342.27,235746.61,-1
2025-06-19,2025-06-19 13:37:00,706.06,706.06,705.81,705.81,-0.04,342.27,235746.61,-1
2025-06-19,2025-06-19 13:38:00,705.81,705.81,705.55,705.55,-0.04,342.27,235746.61,-1
2025-06-19,2025-06-19 13:39:00,705.55,705.55,705.3,705.3,-0.04,342.27,235746.61,-1
2025-06-19,2025-06-19 13:40:00,705.3,705.3,705.05,705.05,-0.04,342.27,235746.61,-1
2025-06-19,2025-06-19 13:41:00,705.05,705.05,704.79,704.79,-0.04,342.27,235746.61,-1
2025-06-19,2025-06-19 13:42:00,704.79,704.79,704.54,704.54,-0.04,342.27,235746.61,-1
2025-06-19,2025-06-19 13:43:00,704.54,704.54,704.28,704.28,-0.04,342.27,235746.61,-1
2025-06-19,2025-06-19 13:44:00,704.28,704.28,704.03,704.03,-0.04,342.27,235746.61,-1
2025-06-19,2025-06-19 13:45:00,704.03,704.03,703.78,703.78,-0.04,342.27,235746.61,-1
2025-06-19,2025-06-19 13:46:00,703.78,703.78,703.52,703.52,-0.04,342.27,235746.61,-1
2025-06-19,2025-06-19 13:47:00,703.52,703.52,703.27,703.27,-0.04,342.27,235746.61,-1
2025-06-19,2025-06-19 13:48:00,703.27,703.27,703.02,703.02,-0.04,342.27,235746.61,-1
2025-06-19,2025-06-19 13:49:00,703.02,703.02,702.76,702.76,-0.04,342.27,235746.61,-1
2025-06-19,2025-06-19 13:50:00,702.76,702.76,702.51,702.51,-0.04,342.27,235746.61,-1
2025-06-19,2025-06-19 13:51:00,702.51,702.51,702.25,702.25,-0.04,342.27,235746.61,-1
2025-06-19,2025-06-19 13:52:00,702.25,702.25,702.0,702.0,-0.04,342.27,235746.61,-1
2025-06-19,2025-06-19 13:53:00,702.0,702.0,701.75,701.75,-0.04,342.27,235746.61,-1
2025-06-19,2025-06-19 13:54:00,701.75,701.75,701.49,701.49,-0.04,342.27,235746.61,-1
2025-06-19,2025-06-19 13:55:00,701.49,701.49,701.24,701.24,-0.04,342.27,235746.61,-1
2025-06-19,2025-06-19 13:56:00,701.24,701.24,700.99,700.99,-0.04,342.27,235746.61,-1
2025-06-19,2025-06-19 13:57:00,700.99,700.99,700.73,700.73,-0.04,342.27,235746.61,-1
2025-06-19,2025-06-19 13:58:00,700.73,700.73,700.48,700.48,-0.04,342.27,235746.61,-1
2025-06-19,2025-06-19 13:59:00,700.48,700.48,700.23,700.23,-0.04,342.27,235746.61,-1
2025-06-19,2025-06-19 14:00:00,700.23,700.23,699.97,699.97,-0.04,342.27,235746.61,-1
2025-06-19,2025-06-19 14:01:00,699.97,699.97,699.72,699.72,-0.04,342.27,235746.61,-1
2025-06-19,2025-06-19 14:02:00,699.72,699.72,699.46,699.46,-0.04,342.27,235746.61,-1
2025-06-19,2025-06-19 14:03:00,699.46,699.46,699.21,699.21,-0.04,342.27,235746.61,-1
2025-06-19,2025-06-19 14:04:00,699.21,699.21,698.96,698.96,-0.04,342.27,235746.61,-1
2025-06-19,2025-06-19 14:05:00,698.96,698.96,698.7,698.7,-0.04,342.27,235746.61,-1
2025-06-19,2025-06-19 14:06:00,698.7,698.7,698.45,698.45,-0.04,342.27,235746.61,-1
2025-06-19,2025-06-19 14:07:00,698.45,698.45,698.19,698.19,-0.04,342.27,235746.61,-1
2025-06-19,2025-06-19 14:08:00,698.19,698.19,697.94,697.94,-0.04,342.27,235746.61,-1
2025-06-19,2025-06-19 14:09:00,697.94,697.94,697.69,697.69,-0.04,342.27,235746.61,-1
2025-06-19,2025-06-19 14:10:00,697.69,697.69,697.43,697.43,-0.04,342.27,235746.61,-1
2025-06-19,2025-06-19 14:11:00,697.43,697.43,697.18,697.18,-0.04,342.27,235746.61,-1
2025-06-19,2025-06-19 14:12:00,697.18,697.18,696.93,696.93,-0.04,342.27,235746.61,-1
2025-06-19,2025-06-19 14:13:00,696.93,696.93,696.67,696.67,-0.04,342.27,235746.61,-1
2025-06-19,2025-06-19 14:14:00,696.67,696.67,696.42,696.42,-0.04,342.27,235746.61,-1
2025-06-19,2025-06-19 14:15:00,696.42,696.42,696.16,696.16,-0.04,342.27,235746.61,-1
2025-06-19,2025-06-19 14:16:00,696.16,696.16,695.91,695.91,-0.04,342.27,235746.61,-1
2025-06-19,2025-06-19 14:17:00,695.91,695.91,695.66,695.66,-0.04,342.27,235746.61,-1
2025-06-19,2025-06-19 14:18:00,695.66,695.66,695.4,695.4,-0.04,342.27,235746.61,-1
2025-06-19,2025-06-19 14:19:00,695.4,695.4,695.15,695.15,-0.04,342.27,235746.61,-1
2025-06-19,2025-06-19 14:20:00,695.15,695.15,694.9,694.9,-0.04,342.27,235746.61,-1
2025-06-19,2025-06-19 14:21:00,694.9,694.9,694.64,694.64,-0.04,342.27,235746.61,-1
2025-06-19,2025-06-19 14:22:00,694.64,694.64,694.39,694.39,-0.04,342.27,235746.61,-1
2025-06-19,2025-06-19 14:23:00,694.39,694.39,694.13,694.13,-0.04,342.27,235746.61,-1
2025-06-19,2025-06-19 14:24:00,694.13,694.13,693.88,693.88,-0.04,342.27,235746.61,-1
2025-06-19,2025-06-19 14:25:00,693.88,693.88,693.63,693.63,-0.04,342.27,235746.61,-1
2025-06-19,2025-06-19 14:26:00,693.63,693.63,693.37,693.37,-0.04,342.27,235746.61,-1
2025-06-19,2025-06-19 14:27:00,693.37,693.37,693.12,693.12,-0.04,342.27,235746.61,-1
2025-06-19,2025-06-19 14:28:00,693.12,693.12,692.87,692.87,-0.04,342.27,235746.61,-1
2025-06-19,2025-06-19 14:29:00,692.87,692.87,692.61,692.61,-0.04,342.27,235746.61,-1
2025-06-19,2025-06-19 14:30:00,692.61,692.61,692.36,692.36,-0.04,342.27,235746.61,-1
2025-06-19,2025-06-19 14:31:00,692.36,692.36,692.11,692.11,-0.04,342.27,235746.61,-1
2025-06-19,2025-06-19 14:32:00,692.11,692.11,691.85,691.85,-0.04,342.27,235746.61,-1
2025-06-19,2025-06-19 14:33:00,691.85,691.85,691.6,691.6,-0.04,342.27,235746.61,-1
2025-06-19,2025-06-19 14:34:00,691.6,691.6,691.34,691.34,-0.04,342.27,235746.61,-1
2025-06-19,2025-06-19 14:35:00,691.34,691.34,691.09,691.09,-0.04,342.27,235746.61,-1
2025-06-19,2025-06-19 14:36:00,691.09,691.09,690.84,690.84,-0.04,342.27,235746.61,-1
2025-06-19,2025-06-19 14:37:00,690.84,690.84,690.58,690.58,-0.04,342.27,235746.61,-1
2025-06-19,2025-06-19 14:38:00,690.58,690.58,690.33,690.33,-0.04,342.27,235746.61,-1
2025-06-19,2025-06-19 14:39:00,690.33,690.33,690.08,690.08,-0.04,342.27,235746.61,-1
2025-06-19,2025-06-19 14:40:00,690.08,690.08,689.82,689.82,-0.04,342.27,235746.61,-1
2025-06-19,2025-06-19 14:41:00,689.82,689.82,689.57,689.57,-0.04,342.27,235746.61,-1
2025-06-19,2025-06-19 14:42:00,689.57,689.57,689.31,689.31,-0.04,342.27,235746.61,-1
2025-06-19,2025-06-19 14:43:00,689.31,689.31,689.06,689.06,-0.04,342.27,235746.61,-1
2025-06-19,2025-06-19 14:44:00,689.06,689.06,688.81,688.81,-0.04,342.27,235746.61,-1
2025-06-19,2025-06-19 14:45:00,688.81,688.81,688.55,688.55,-0.04,342.27,235746.61,-1
2025-06-19,2025-06-19 14:46:00,688.55,688.55,688.3,688.3,-0.04,342.27,235746.61,-1
2025-06-19,2025-06-19 14:47:00,688.3,688.3,688.04,688.04,-0.04,342.27,235746.61,-1
2025-06-19,2025-06-19 14:48:00,688.04,688.04,687.79,687.79,-0.04,342.27,235746.61,-1
2025-06-19,2025-06-19 14:49:00,687.79,687.79,687.54,687.54,-0.04,342.27,235746.61,-1
2025-06-19,2025-06-19 14:50:00,687.54,687.54,687.28,687.28,-0.04,342.27,235746.61,-1
2025-06-19,2025-06-19 14:51:00,687.28,687.28,687.03,687.03,-0.04,342.27,235746.61,-1
2025-06-19,2025-06-19 14:52:00,687.03,687.03,686.78,686.78,-0.04,342.27,235746.61,-1
2025-06-19,2025-06-19 14:53:00,686.78,686.78,686.52,686.52,-0.04,342.27,235746.61,-1
2025-06-19,2025-06-19 14:54:00,686.52,686.52,686.27,686.27,-0.04,342.27,235746.61,-1
2025-06-19,2025-06-19 14:55:00,686.27,686.27,686.01,686.01,-0.04,342.27,235746.61,-1
2025-06-19,2025-06-19 14:56:00,686.01,686.01,685.76,685.76,-0.04,342.27,235746.61,-1
2025-06-19,2025-06-19 14:57:00,685.76,685.76,685.51,685.51,-0.04,342.27,235746.61,-1
2025-06-19,2025-06-19 14:58:00,685.51,685.51,685.25,685.25,-0.04,342.27,235746.61,-1
2025-06-19,2025-06-19 14:59:00,685.25,685.25,685.0,685.0,-0.04,342.27,235746.61,-1
2025-06-19,2025-06-19 15:00:00,685.0,745.9,685.0,685.0,0.0,342.27,235746.61,0
2025-06-22,2025-06-22 11:00:00,685.0,685.0,673.3,684.85,-0.02,116.08,76061.82,-1
2025-06-22,2025-06-22 11:01:00,684.85,684.85,684.71,684.71,-0.02,116.08,76061.82,-1
2025-06-22,2025-06-22 11:02:00,684.71,684.71,684.56,684.56,-0.02,116.08,76061.82,-1
2025-06-22,2025-06-22 11:03:00,684.56,684.56,684.42,684.42,-0.02,116.08,76061.82,-1
2025-06-22,2025-06-22 11:04:00,684.42,684.42,684.27,684.27,-0.02,116.08,76061.82,-1
2025-06-22,2025-06-22 11:05:00,684.27,684.27,684.12,684.12,-0.02,116.08,76061.82,-1
2025-06-22,2025-06-22 11:06:00,684.12,684.12,683.98,683.98,-0.02,116.08,76061.82,-1
2025-06-22,2025-06-22 11:07:00,683.98,683.98,683.83,683.83,-0.02,116.08,76061.82,-1
2025-06-22,2025-06-22 11:08:00,683.83,683.83,683.69,683.69,-0.02,116.08,76061.82,-1
2025-06-22,2025-06-22 11:09:00,683.69,683.69,683.54,683.54,-0.02,116.08,76061.82,-1
2025-06-22,2025-06-22 11:10:00,683.54,683.54,683.39,683.39,-0.02,116.08,76061.82,-1
2025-06-22,2025-06-22 11:11:00,683.39,683.39,683.25,683.25,-0.02,116.08,76061.82,-1
2025-06-22,2025-06-22 11:12:00,683.25,683.25,683.1,683.1,-0.02,116.08,76061.82,-1
2025-06-22,2025-06-22 11:13:00,683.1,683.1,682.96,682.96,-0.02,116.08,76061.82,-1
2025-06-22,2025-06-22 11:14:00,682.96,682.96,682.81,682.81,-0.02,116.08,76061.82,-1
2025-06-22,2025-06-22 11:15:00,682.81,682.81,682.66,682.66,-0.02,116.08,76061.82,-1
2025-06-22,2025-06-22 11:16:00,682.66,682.66,682.52,682.52,-0.02,116.08,76061.82,-1
2025-06-22,2025-06-22 11:17:00,682.52,682.52,682.37,682.37,-0.02,116.08,76061.82,-1
2025-06-22,2025-06-22 11:18:00,682.37,682.37,682.23,682.23,-0.02,116.08,76061.82,-1
2025-06-22,2025-06-22 11:19:00,682.23,682.23,682.08,682.08,-0.02,116.08,76061.82,-1
2025-06-22,2025-06-22 11:20:00,682.08,682.08,681.93,681.93,-0.02,116.08,76061.82,-1
2025-06-22,2025-06-22 11:21:00,681.93,681.93,681.79,681.79,-0.02,116.08,76061.82,-1
2025-06-22,2025-06-22 11:22:00,681.79,681.79,681.64,681.64,-0.02,116.08,76061.82,-1
2025-06-22,2025-06-22 11:23:00,681.64,681.64,681.5,681.5,-0.02,116.08,76061.82,-1
2025-06-22,2025-06-22 11:24:00,681.5,681.5,681.35,681.35,-0.02,116.08,76061.82,-1
2025-06-22,2025-06-22 11:25:00,681.35,681.35,681.2,681.2,-0.02,116.08,76061.82,-1
2025-06-22,2025-06-22 11:26:00,681.2,681.2,681.06,681.06,-0.02,116.08,76061.82,-1
2025-06-22,2025-06-22 11:27:00,681.06,681.06,680.91,680.91,-0.02,116.08,76061.82,-1
2025-06-22,2025-06-22 11:28:00,680.91,680.91,680.77,680.77,-0.02,116.08,76061.82,-1
2025-06-22,2025-06-22 11:29:00,680.77,680.77,680.62,680.62,-0.02,116.08,76061.82,-1
2025-06-22,2025-06-22 11:30:00,680.62,680.62,680.47,680.47,-0.02,116.08,76061.82,-1
2025-06-22,2025-06-22 11:31:00,680.47,680.47,680.33,680.33,-0.02,116.08,76061.82,-1
2025-06-22,2025-06-22 11:32:00,680.33,680.33,680.18,680.18,-0.02,116.08,76061.82,-1
2025-06-22,2025-06-22 11:33:00,680.18,680.18,680.04,680.04,-0.02,116.08,76061.82,-1
2025-06-22,2025-06-22 11:34:00,680.04,680.04,679.89,679.89,-0.02,116.08,76061.82,-1
2025-06-22,2025-06-22 11:35:00,679.89,679.89,679.74,679.74,-0.02,116.08,76061.82,-1
2025-06-22,2025-06-22 11:36:00,679.74,679.74,679.6,679.6,-0.02,116.08,76061.82,-1
2025-06-22,2025-06-22 11:37:00,679.6,679.6,679.45,679.45,-0.02,116.08,76061.82,-1
2025-06-22,2025-06-22 11:38:00,679.45,679.45,679.31,679.31,-0.02,116.08,76061.82,-1
2025-06-22,2025-06-22 11:39:00,679.31,679.31,679.16,679.16,-0.02,116.08,76061.82,-1
2025-06-22,2025-06-22 11:40:00,679.16,679.16,679.01,679.01,-0.02,116.08,76061.82,-1
2025-06-22,2025-06-22 11:41:00,679.01,679.01,678.87,678.87,-0.02,116.08,76061.82,-1
2025-06-22,2025-06-22 11:42:00,678.87,678.87,678.72,678.72,-0.02,116.08,76061.82,-1
2025-06-22,2025-06-22 11:43:00,678.72,678.72,678.58,678.58,-0.02,116.08,76061.82,-1
2025-06-22,2025-06-22 11:44:00,678.58,678.58,678.43,678.43,-0.02,116.08,76061.82,-1
2025-06-22,2025-06-22 11:45:00,678.43,678.43,678.28,678.28,-0.02,116.08,76061.82,-1
2025-06-22,2025-06-22 11:46:00,678.28,678.28,678.14,678.14,-0.02,116.08,76061.82,-1
2025-06-22,2025-06-22 11:47:00,678.14,678.14,677.99,677.99,-0.02,116.08,76061.82,-1
2025-06-22,2025-06-22 11:48:00,677.99,677.99,677.85,677.85,-0.02,116.08,76061.82,-1
2025-06-22,2025-06-22 11:49:00,677.85,677.85,677.7,677.7,-0.02,116.08,76061.82,-1
2025-06-22,2025-06-22 11:50:00,677.7,677.7,677.55,677.55,-0.02,116.08,76061.82,-1
2025-06-22,2025-06-22 11:51:00,677.55,677.55,677.41,677.41,-0.02,116.08,76061.82,-1
2025-06-22,2025-06-22 11:52:00,677.41,677.41,677.26,677.26,-0.02,116.08,76061.82,-1
2025-06-22,2025-06-22 11:53:00,677.26,677.26,677.12,677.12,-0.02,116.08,76061.82,-1
2025-06-22,2025-06-22 11:54:00,677.12,677.12,676.97,676.97,-0.02,116.08,76061.82,-1
2025-06-22,2025-06-22 11:55:00,676.97,676.97,676.82,676.82,-0.02,116.08,76061.82,-1
2025-06-22,2025-06-22 11:56:00,676.82,676.82,676.68,676.68,-0.02,116.08,76061.82,-1
2025-06-22,2025-06-22 11:57:00,676.68,676.68,676.53,676.53,-0.02,116.08,76061.82,-1
2025-06-22,2025-06-22 11:58:00,676.53,676.53,676.39,676.39,-0.02,116.08,76061.82,-1
2025-06-22,2025-06-22 11:59:00,676.39,676.39,676.24,676.24,-0.02,116.08,76061.82,-1
2025-06-22,2025-06-22 12:00:00,676.24,676.24,676.09,676.09,-0.02,116.08,76061.82,-1
2025-06-22,2025-06-22 12:01:00,676.09,676.09,675.95,675.95,-0.02,116.08,76061.82,-1
2025-06-22,2025-06-22 12:02:00,675.95,675.95,675.8,675.8,-0.02,116.08,76061.82,-1
2025-06-22,2025-06-22 12:03:00,675.8,675.8,675.66,675.66,-0.02,116.08,76061.82,-1
2025-06-22,2025-06-22 12:04:00,675.66,675.66,675.51,675.51,-0.02,116.08,76061.82,-1
2025-06-22,2025-06-22 12:05:00,675.51,675.51,675.36,675.36,-0.02,116.08,76061.82,-1
2025-06-22,2025-06-22 12:06:00,675.36,675.36,675.22,675.22,-0.02,116.08,76061.82,-1
2025-06-22,2025-06-22 12:07:00,675.22,675.22,675.07,675.07,-0.02,116.08,76061.82,-1
2025-06-22,2025-06-22 12:08:00,675.07,675.07,674.93,674.93,-0.02,116.08,76061.82,-1
2025-06-22,2025-06-22 12:09:00,674.93,674.93,674.78,674.78,-0.02,116.08,76061.82,-1
2025-06-22,2025-06-22 12:10:00,674.78,674.78,674.63,674.63,-0.02,116.08,76061.82,-1
2025-06-22,2025-06-22 12:11:00,674.63,674.63,674.49,674.49,-0.02,116.08,76061.82,-1
2025-06-22,2025-06-22 12:12:00,674.49,674.49,674.34,674.34,-0.02,116.08,76061.82,-1
2025-06-22,2025-06-22 12:13:00,674.34,674.34,674.2,674.2,-0.02,116.08,76061.82,-1
2025-06-22,2025-06-22 12:14:00,674.2,674.2,674.05,674.05,-0.02,116.08,76061.82,-1
2025-06-22,2025-06-22 12:15:00,674.05,674.05,673.9,673.9,-0.02,116.08,76061.82,-1
2025-06-22,2025-06-22 12:16:00,673.9,673.9,673.76,673.76,-0.02,116.08,76061.82,-1
2025-06-22,2025-06-22 12:17:00,673.76,673.76,673.61,673.61,-0.02,116.08,76061.82,-1
2025-06-22,2025-06-22 12:18:00,673.61,673.61,673.47,673.47,-0.02,116.08,76061.82,-1
2025-06-22,2025-06-22 12:19:00,673.47,673.47,673.32,673.32,-0.02,116.08,76061.82,-1
2025-06-22,2025-06-22 12:20:00,673.32,673.32,673.17,673.17,-0.02,116.08,76061.82,-1
2025-06-22,2025-06-22 12:21:00,673.17,673.17,673.03,673.03,-0.02,116.08,76061.82,-1
2025-06-22,2025-06-22 12:22:00,673.03,673.03,672.88,672.88,-0.02,116.08,76061.82,-1
2025-06-22,2025-06-22 12:23:00,672.88,672.88,672.74,672.74,-0.02,116.08,76061.82,-1
2025-06-22,2025-06-22 12:24:00,672.74,672.74,672.59,672.59,-0.02,116.08,76061.82,-1
2025-06-22,2025-06-22 12:25:00,672.59,672.59,672.44,672.44,-0.02,116.08,76061.82,-1
2025-06-22,2025-06-22 12:26:00,672.44,672.44,672.3,672.3,-0.02,116.08,76061.82,-1
2025-06-22,2025-06-22 12:27:00,672.3,672.3,672.15,672.15,-0.02,116.08,76061.82,-1
2025-06-22,2025-06-22 12:28:00,672.15,672.15,672.01,672.01,-0.02,116.08,76061.82,-1
2025-06-22,2025-06-22 12:29:00,672.01,672.01,671.86,671.86,-0.02,116.08,76061.82,-1
2025-06-22,2025-06-22 12:30:00,671.86,671.86,671.71,671.71,-0.02,116.08,76061.82,-1
2025-06-22,2025-06-22 12:31:00,671.71,671.71,671.57,671.57,-0.02,116.08,76061.82,-1
2025-06-22,2025-06-22 12:32:00,671.57,671.57,671.42,671.42,-0.02,116.08,76061.82,-1
2025-06-22,2025-06-22 12:33:00,671.42,671.42,671.28,671.28,-0.02,116.08,76061.82,-1
2025-06-22,2025-06-22 12:34:00,671.28,671.28,671.13,671.13,-0.02,116.08,76061.82,-1
2025-06-22,2025-06-22 12:35:00,671.13,671.13,670.98,670.98,-0.02,116.08,76061.82,-1
2025-06-22,2025-06-22 12:36:00,670.98,670.98,670.84,670.84,-0.02,116.08,76061.82,-1
2025-06-22,2025-06-22 12:37:00,670.84,670.84,670.69,670.69,-0.02,116.08,76061.82,-1
2025-06-22,2025-06-22 12:38:00,670.69,670.69,670.55,670.55,-0.02,116.08,76061.82,-1
2025-06-22,2025-06-22 12:39:00,670.55,670.55,670.4,670.4,-0.02,116.08,76061.82,-1
2025-06-22,2025-06-22 12:40:00,670.4,670.4,670.25,670.25,-0.02,116.08,76061.82,-1
2025-06-22,2025-06-22 12:41:00,670.25,670.25,670.11,670.11,-0.02,116.08,76061.82,-1
2025-06-22,2025-06-22 12:42:00,670.11,670.11,669.96,669.96,-0.02,116.08,76061.82,-1
2025-06-22,2025-06-22 12:43:00,669.96,669.96,669.82,669.82,-0.02,116.08,76061.82,-1
2025-06-22,2025-06-22 12:44:00,669.82,669.82,669.67,669.67,-0.02,116.08,76061.82,-1
2025-06-22,2025-06-22 12:45:00,669.67,669.67,669.52,669.52,-0.02,116.08,76061.82,-1
2025-06-22,2025-06-22 12:46:00,669.52,669.52,669.38,669.38,-0.02,116.08,76061.82,-1
2025-06-22,2025-06-22 12:47:00,669.38,669.38,669.23,669.23,-0.02,116.08,76061.82,-1
2025-06-22,2025-06-22 12:48:00,669.23,669.23,669.09,669.09,-0.02,116.08,76061.82,-1
2025-06-22,2025-06-22 12:49:00,669.09,669.09,668.94,668.94,-0.02,116.08,76061.82,-1
2025-06-22,2025-06-22 12:50:00,668.94,668.94,668.79,668.79,-0.02,116.08,76061.82,-1
2025-06-22,2025-06-22 12:51:00,668.79,668.79,668.65,668.65,-0.02,116.08,76061.82,-1
2025-06-22,2025-06-22 12:52:00,668.65,668.65,668.5,668.5,-0.02,116.08,76061.82,-1
2025-06-22,2025-06-22 12:53:00,668.5,668.5,668.36,668.36,-0.02,116.08,76061.82,-1
2025-06-22,2025-06-22 12:54:00,668.36,668.36,668.21,668.21,-0.02,116.08,76061.82,-1
2025-06-22,2025-06-22 12:55:00,668.21,668.21,668.06,668.06,-0.02,116.08,76061.82,-1
2025-06-22,2025-06-22 12:56:00,668.06,668.06,667.92,667.92,-0.02,116.08,76061.82,-1
2025-06-22,2025-06-22 12:57:00,667.92,667.92,667.77,667.77,-0.02,116.08,76061.82,-1
2025-06-22,2025-06-22 12:58:00,667.77,667.77,667.63,667.63,-0.02,116.08,76061.82,-1
2025-06-22,2025-06-22 12:59:00,667.63,667.63,667.48,667.48,-0.02,116.08,76061.82,-1
2025-06-22,2025-06-22 13:00:00,667.48,685.0,646.0,667.33,-0.02,116.08,76061.82,-1
2025-06-22,2025-06-22 13:01:00,667.33,667.33,667.19,667.19,-0.02,116.08,76061.82,-1
2025-06-22,2025-06-22 13:02:00,667.19,667.19,667.04,667.04,-0.02,116.08,76061.82,-1
2025-06-22,2025-06-22 13:03:00,667.04,667.04,666.9,666.9,-0.02,116.08,76061.82,-1
2025-06-22,2025-06-22 13:04:00,666.9,666.9,666.75,666.75,-0.02,116.08,76061.82,-1
2025-06-22,2025-06-22 13:05:00,666.75,666.75,666.6,666.6,-0.02,116.08,76061.82,-1
2025-06-22,2025-06-22 13:06:00,666.6,666.6,666.46,666.46,-0.02,116.08,76061.82,-1
2025-06-22,2025-06-22 13:07:00,666.46,666.46,666.31,666.31,-0.02,116.08,76061.82,-1
2025-06-22,2025-06-22 13:08:00,666.31,666.31,666.17,666.17,-0.02,116.08,76061.82,-1
2025-06-22,2025-06-22 13:09:00,666.17,666.17,666.02,666.02,-0.02,116.08,76061.82,-1
2025-06-22,2025-06-22 13:10:00,666.02,666.02,665.87,665.87,-0.02,116.08,76061.82,-1
2025-06-22,2025-06-22 13:11:00,665.87,665.87,665.73,665.73,-0.02,116.08,76061.82,-1
2025-06-22,2025-06-22 13:12:00,665.73,665.73,665.58,665.58,-0.02,116.08,76061.82,-1
2025-06-22,2025-06-22 13:13:00,665.58,665.58,665.44,665.44,-0.02,116.08,76061.82,-1
2025-06-22,2025-06-22 13:14:00,665.44,665.44,665.29,665.29,-0.02,116.08,76061.82,-1
2025-06-22,2025-06-22 13:15:00,665.29,665.29,665.14,665.14,-0.02,116.08,76061.82,-1
2025-06-22,2025-06-22 13:16:00,665.14,665.14,665.0,665.0,-0.02,116.08,76061.82,-1
2025-06-22,2025-06-22 13:17:00,665.0,665.0,664.85,664.85,-0.02,116.08,76061.82,-1
2025-06-22,2025-06-22 13:18:00,664.85,664.85,664.71,664.71,-0.02,116.08,76061.82,-1
2025-06-22,2025-06-22 13:19:00,664.71,664.71,664.56,664.56,-0.02,116.08,76061.82,-1
2025-06-22,2025-06-22 13:20:00,664.56,664.56,664.41,664.41,-0.02,116.08,76061.82,-1
2025-06-22,2025-06-22 13:21:00,664.41,664.41,664.27,664.27,-0.02,116.08,76061.82,-1
2025-06-22,2025-06-22 13:22:00,664.27,664.27,664.12,664.12,-0.02,116.08,76061.82,-1
2025-06-22,2025-06-22 13:23:00,664.12,664.12,663.98,663.98,-0.02,116.08,76061.82,-1
2025-06-22,2025-06-22 13:24:00,663.98,663.98,663.83,663.83,-0.02,116.08,76061.82,-1
2025-06-22,2025-06-22 13:25:00,663.83,663.83,663.68,663.68,-0.02,116.08,76061.82,-1
2025-06-22,2025-06-22 13:26:00,663.68,663.68,663.54,663.54,-0.02,116.08,76061.82,-1
2025-06-22,2025-06-22 13:27:00,663.54,663.54,663.39,663.39,-0.02,116.08,76061.82,-1
2025-06-22,2025-06-22 13:28:00,663.39,663.39,663.25,663.25,-0.02,116.08,76061.82,-1
2025-06-22,2025-06-22 13:29:00,663.25,663.25,663.1,663.1,-0.02,116.08,76061.82,-1
2025-06-22,2025-06-22 13:30:00,663.1,663.1,662.95,662.95,-0.02,116.08,76061.82,-1
2025-06-22,2025-06-22 13:31:00,662.95,662.95,662.81,662.81,-0.02,116.08,76061.82,-1
2025-06-22,2025-06-22 13:32:00,662.81,662.81,662.66,662.66,-0.02,116.08,76061.82,-1
2025-06-22,2025-06-22 13:33:00,662.66,662.66,662.52,662.52,-0.02,116.08,76061.82,-1
2025-06-22,2025-06-22 13:34:00,662.52,662.52,662.37,662.37,-0.02,116.08,76061.82,-1
2025-06-22,2025-06-22 13:35:00,662.37,662.37,662.22,662.22,-0.02,116.08,76061.82,-1
2025-06-22,2025-06-22 13:36:00,662.22,662.22,662.08,662.08,-0.02,116.08,76061.82,-1
2025-06-22,2025-06-22 13:37:00,662.08,662.08,661.93,661.93,-0.02,116.08,76061.82,-1
2025-06-22,2025-06-22 13:38:00,661.93,661.93,661.79,661.79,-0.02,116.08,76061.82,-1
2025-06-22,2025-06-22 13:39:00,661.79,661.79,661.64,661.64,-0.02,116.08,76061.82,-1
2025-06-22,2025-06-22 13:40:00,661.64,661.64,661.49,661.49,-0.02,116.08,76061.82,-1
2025-06-22,2025-06-22 13:41:00,661.49,661.49,661.35,661.35,-0.02,116.08,76061.82,-1
2025-06-22,2025-06-22 13:42:00,661.35,661.35,661.2,661.2,-0.02,116.08,76061.82,-1
2025-06-22,2025-06-22 13:43:00,661.2,661.2,661.06,661.06,-0.02,116.08,76061.82,-1
2025-06-22,2025-06-22 13:44:00,661.06,661.06,660.91,660.91,-0.02,116.08,76061.82,-1
2025-06-22,2025-06-22 13:45:00,660.91,660.91,660.76,660.76,-0.02,116.08,76061.82,-1
2025-06-22,2025-06-22 13:46:00,660.76,660.76,660.62,660.62,-0.02,116.08,76061.82,-1
2025-06-22,2025-06-22 13:47:00,660.62,660.62,660.47,660.47,-0.02,116.08,76061.82,-1
2025-06-22,2025-06-22 13:48:00,660.47,660.47,660.33,660.33,-0.02,116.08,76061.82,-1
2025-06-22,2025-06-22 13:49:00,660.33,660.33,660.18,660.18,-0.02,116.08,76061.82,-1
2025-06-22,2025-06-22 13:50:00,660.18,660.18,660.03,660.03,-0.02,116.08,76061.82,-1
2025-06-22,2025-06-22 13:51:00,660.03,660.03,659.89,659.89,-0.02,116.08,76061.82,-1
2025-06-22,2025-06-22 13:52:00,659.89,659.89,659.74,659.74,-0.02,116.08,76061.82,-1
2025-06-22,2025-06-22 13:53:00,659.74,659.74,659.6,659.6,-0.02,116.08,76061.82,-1
2025-06-22,2025-06-22 13:54:00,659.6,659.6,659.45,659.45,-0.02,116.08,76061.82,-1
2025-06-22,2025-06-22 13:55:00,659.45,659.45,659.3,659.3,-0.02,116.08,76061.82,-1
2025-06-22,2025-06-22 13:56:00,659.3,659.3,659.16,659.16,-0.02,116.08,76061.82,-1
2025-06-22,2025-06-22 13:57:00,659.16,659.16,659.01,659.01,-0.02,116.08,76061.82,-1
2025-06-22,2025-06-22 13:58:00,659.01,659.01,658.87,658.87,-0.02,116.08,76061.82,-1
2025-06-22,2025-06-22 13:59:00,658.87,658.87,658.72,658.72,-0.02,116.08,76061.82,-1
2025-06-22,2025-06-22 14:00:00,658.72,658.72,658.57,658.57,-0.02,116.08,76061.82,-1
2025-06-22,2025-06-22 14:01:00,658.57,658.57,658.43,658.43,-0.02,116.08,76061.82,-1
2025-06-22,2025-06-22 14:02:00,658.43,658.43,658.28,658.28,-0.02,116.08,76061.82,-1
2025-06-22,2025-06-22 14:03:00,658.28,658.28,658.14,658.14,-0.02,116.08,76061.82,-1
2025-06-22,2025-06-22 14:04:00,658.14,658.14,657.99,657.99,-0.02,116.08,76061.82,-1
2025-06-22,2025-06-22 14:05:00,657.99,657.99,657.84,657.84,-0.02,116.08,76061.82,-1
2025-06-22,2025-06-22 14:06:00,657.84,657.84,657.7,657.7,-0.02,116.08,76061.82,-1
2025-06-22,2025-06-22 14:07:00,657.7,657.7,657.55,657.55,-0.02,116.08,76061.82,-1
2025-06-22,2025-06-22 14:08:00,657.55,657.55,657.41,657.41,-0.02,116.08,76061.82,-1
2025-06-22,2025-06-22 14:09:00,657.41,657.41,657.26,657.26,-0.02,116.08,76061.82,-1
2025-06-22,2025-06-22 14:10:00,657.26,657.26,657.11,657.11,-0.02,116.08,76061.82,-1
2025-06-22,2025-06-22 14:11:00,657.11,657.11,656.97,656.97,-0.02,116.08,76061.82,-1
2025-06-22,2025-06-22 14:12:00,656.97,656.97,656.82,656.82,-0.02,116.08,76061.82,-1
2025-06-22,2025-06-22 14:13:00,656.82,656.82,656.68,656.68,-0.02,116.08,76061.82,-1
2025-06-22,2025-06-22 14:14:00,656.68,656.68,656.53,656.53,-0.02,116.08,76061.82,-1
2025-06-22,2025-06-22 14:15:00,656.53,656.53,656.38,656.38,-0.02,116.08,76061.82,-1
2025-06-22,2025-06-22 14:16:00,656.38,656.38,656.24,656.24,-0.02,116.08,76061.82,-1
2025-06-22,2025-06-22 14:17:00,656.24,656.24,656.09,656.09,-0.02,116.08,76061.82,-1
2025-06-22,2025-06-22 14:18:00,656.09,656.09,655.95,655.95,-0.02,116.08,76061.82,-1
2025-06-22,2025-06-22 14:19:00,655.95,655.95,655.8,655.8,-0.02,116.08,76061.82,-1
2025-06-22,2025-06-22 14:20:00,655.8,655.8,655.65,655.65,-0.02,116.08,76061.82,-1
2025-06-22,2025-06-22 14:21:00,655.65,655.65,655.51,655.51,-0.02,116.08,76061.82,-1
2025-06-22,2025-06-22 14:22:00,655.51,655.51,655.36,655.36,-0.02,116.08,76061.82,-1
2025-06-22,2025-06-22 14:23:00,655.36,655.36,655.22,655.22,-0.02,116.08,76061.82,-1
2025-06-22,2025-06-22 14:24:00,655.22,655.22,655.07,655.07,-0.02,116.08,76061.82,-1
2025-06-22,2025-06-22 14:25:00,655.07,655.07,654.92,654.92,-0.02,116.08,76061.82,-1
2025-06-22,2025-06-22 14:26:00,654.92,654.92,654.78,654.78,-0.02,116.08,76061.82,-1
2025-06-22,2025-06-22 14:27:00,654.78,654.78,654.63,654.63,-0.02,116.08,76061.82,-1
2025-06-22,2025-06-22 14:28:00,654.63,654.63,654.49,654.49,-0.02,116.08,76061.82,-1
2025-06-22,2025-06-22 14:29:00,654.49,654.49,654.34,654.34,-0.02,116.08,76061.82,-1
2025-06-22,2025-06-22 14:30:00,654.34,654.34,654.19,654.19,-0.02,116.08,76061.82,-1
2025-06-22,2025-06-22 14:31:00,654.19,654.19,654.05,654.05,-0.02,116.08,76061.82,-1
2025-06-22,2025-06-22 14:32:00,654.05,654.05,653.9,653.9,-0.02,116.08,76061.82,-1
2025-06-22,2025-06-22 14:33:00,653.9,653.9,653.76,653.76,-0.02,116.08,76061.82,-1
2025-06-22,2025-06-22 14:34:00,653.76,653.76,653.61,653.61,-0.02,116.08,76061.82,-1
2025-06-22,2025-06-22 14:35:00,653.61,653.61,653.46,653.46,-0.02,116.08,76061.82,-1
2025-06-22,2025-06-22 14:36:00,653.46,653.46,653.32,653.32,-0.02,116.08,76061.82,-1
2025-06-22,2025-06-22 14:37:00,653.32,653.32,653.17,653.17,-0.02,116.08,76061.82,-1
2025-06-22,2025-06-22 14:38:00,653.17,653.17,653.03,653.03,-0.02,116.08,76061.82,-1
2025-06-22,2025-06-22 14:39:00,653.03,653.03,652.88,652.88,-0.02,116.08,76061.82,-1
2025-06-22,2025-06-22 14:40:00,652.88,652.88,652.73,652.73,-0.02,116.08,76061.82,-1
2025-06-22,2025-06-22 14:41:00,652.73,652.73,652.59,652.59,-0.02,116.08,76061.82,-1
2025-06-22,2025-06-22 14:42:00,652.59,652.59,652.44,652.44,-0.02,116.08,76061.82,-1
2025-06-22,2025-06-22 14:43:00,652.44,652.44,652.3,652.3,-0.02,116.08,76061.82,-1
2025-06-22,2025-06-22 14:44:00,652.3,652.3,652.15,652.15,-0.02,116.08,76061.82,-1
2025-06-22,2025-06-22 14:45:00,652.15,652.15,652.0,652.0,-0.02,116.08,76061.82,-1
2025-06-22,2025-06-22 14:46:00,652.0,652.0,651.86,651.86,-0.02,116.08,76061.82,-1
2025-06-22,2025-06-22 14:47:00,651.86,651.86,651.71,651.71,-0.02,116.08,76061.82,-1
2025-06-22,2025-06-22 14:48:00,651.71,651.71,651.57,651.57,-0.02,116.08,76061.82,-1
2025-06-22,2025-06-22 14:49:00,651.57,651.57,651.42,651.42,-0.02,116.08,76061.82,-1
2025-06-22,2025-06-22 14:50:00,651.42,651.42,651.27,651.27,-0.02,116.08,76061.82,-1
2025-06-22,2025-06-22 14:51:00,651.27,651.27,651.13,651.13,-0.02,116.08,76061.82,-1
2025-06-22,2025-06-22 14:52:00,651.13,651.13,650.98,650.98,-0.02,116.08,76061.82,-1
2025-06-22,2025-06-22 14:53:00,650.98,650.98,650.84,650.84,-0.02,116.08,76061.82,-1
2025-06-22,2025-06-22 14:54:00,650.84,650.84,650.69,650.69,-0.02,116.08,76061.82,-1
2025-06-22,2025-06-22 14:55:00,650.69,650.69,650.54,650.54,-0.02,116.08,76061.82,-1
2025-06-22,2025-06-22 14:56:00,650.54,650.54,650.4,650.4,-0.02,116.08,76061.82,-1
2025-06-22,2025-06-22 14:57:00,650.4,650.4,650.25,650.25,-0.02,116.08,76061.82,-1
2025-06-22,2025-06-22 14:58:00,650.25,650.25,650.11,650.11,-0.02,116.08,76061.82,-1
2025-06-22,2025-06-22 14:59:00,650.11,650.11,649.96,649.96,-0.02,116.08,76061.82,-1
2025-06-22,2025-06-22 15:00:00,649.96,685.0,646.0,649.96,0.0,116.08,76061.82,0
2025-06-23,2025-06-23 11:00:00,650.0,652.94,641.6,649.94,-0.01,75.72,48182.66,-1
2025-06-23,2025-06-23 11:01:00,649.94,649.94,649.88,649.88,-0.01,75.72,48182.66,-1
2025-06-23,2025-06-23 11:02:00,649.88,649.88,649.81,649.81,-0.01,75.72,48182.66,-1
2025-06-23,2025-06-23 11:03:00,649.81,649.81,649.75,649.75,-0.01,75.72,48182.66,-1
2025-06-23,2025-06-23 11:04:00,649.75,649.75,649.69,649.69,-0.01,75.72,48182.66,-1
2025-06-23,2025-06-23 11:05:00,649.69,649.69,649.63,649.63,-0.01,75.72,48182.66,-1
2025-06-23,2025-06-23 11:06:00,649.63,649.63,649.56,649.56,-0.01,75.72,48182.66,-1
2025-06-23,2025-06-23 11:07:00,649.56,649.56,649.5,649.5,-0.01,75.72,48182.66,-1
2025-06-23,2025-06-23 11:08:00,649.5,649.5,649.44,649.44,-0.01,75.72,48182.66,-1
2025-06-23,2025-06-23 11:09:00,649.44,649.44,649.38,649.38,-0.01,75.72,48182.66,-1
2025-06-23,2025-06-23 11:10:00,649.38,649.38,649.31,649.31,-0.01,75.72,48182.66,-1
2025-06-23,2025-06-23 11:11:00,649.31,649.31,649.25,649.25,-0.01,75.72,48182.66,-1
2025-06-23,2025-06-23 11:12:00,649.25,649.25,649.19,649.19,-0.01,75.72,48182.66,-1
2025-06-23,2025-06-23 11:13:00,649.19,649.19,649.13,649.13,-0.01,75.72,48182.66,-1
2025-06-23,2025-06-23 11:14:00,649.13,649.13,649.06,649.06,-0.01,75.72,48182.66,-1
2025-06-23,2025-06-23 11:15:00,649.06,649.06,649.0,649.0,-0.01,75.72,48182.66,-1
2025-06-23,2025-06-23 11:16:00,649.0,649.0,648.94,648.94,-0.01,75.72,48182.66,-1
2025-06-23,2025-06-23 11:17:00,648.94,648.94,648.88,648.88,-0.01,75.72,48182.66,-1
2025-06-23,2025-06-23 11:18:00,648.88,648.88,648.81,648.81,-0.01,75.72,48182.66,-1
2025-06-23,2025-06-23 11:19:00,648.81,648.81,648.75,648.75,-0.01,75.72,48182.66,-1
2025-06-23,2025-06-23 11:20:00,648.75,648.75,648.69,648.69,-0.01,75.72,48182.66,-1
2025-06-23,2025-06-23 11:21:00,648.69,648.69,648.63,648.63,-0.01,75.72,48182.66,-1
2025-06-23,2025-06-23 11:22:00,648.63,648.63,648.56,648.56,-0.01,75.72,48182.66,-1
2025-06-23,2025-06-23 11:23:00,648.56,648.56,648.5,648.5,-0.01,75.72,48182.66,-1
2025-06-23,2025-06-23 11:24:00,648.5,648.5,648.44,648.44,-0.01,75.72,48182.66,-1
2025-06-23,2025-06-23 11:25:00,648.44,648.44,648.38,648.38,-0.01,75.72,48182.66,-1
2025-06-23,2025-06-23 11:26:00,648.38,648.38,648.31,648.31,-0.01,75.72,48182.66,-1
2025-06-23,2025-06-23 11:27:00,648.31,648.31,648.25,648.25,-0.01,75.72,48182.66,-1
2025-06-23,2025-06-23 11:28:00,648.25,648.25,648.19,648.19,-0.01,75.72,48182.66,-1
2025-06-23,2025-06-23 11:29:00,648.19,648.19,648.13,648.13,-0.01,75.72,48182.66,-1
2025-06-23,2025-06-23 11:30:00,648.13,648.13,648.06,648.06,-0.01,75.72,48182.66,-1
2025-06-23,2025-06-23 11:31:00,648.06,648.06,648.0,648.0,-0.01,75.72,48182.66,-1
2025-06-23,2025-06-23 11:32:00,648.0,648.0,647.94,647.94,-0.01,75.72,48182.66,-1
2025-06-23,2025-06-23 11:33:00,647.94,647.94,647.88,647.88,-0.01,75.72,48182.66,-1
2025-06-23,2025-06-23 11:34:00,647.88,647.88,647.81,647.81,-0.01,75.72,48182.66,-1
2025-06-23,2025-06-23 11:35:00,647.81,647.81,647.75,647.75,-0.01,75.72,48182.66,-1
2025-06-23,2025-06-23 11:36:00,647.75,647.75,647.69,647.69,-0.01,75.72,48182.66,-1
2025-06-23,2025-06-23 11:37:00,647.69,647.69,647.63,647.63,-0.01,75.72,48182.66,-1
2025-06-23,2025-06-23 11:38:00,647.63,647.63,647.56,647.56,-0.01,75.72,48182.66,-1
2025-06-23,2025-06-23 11:39:00,647.56,647.56,647.5,647.5,-0.01,75.72,48182.66,-1
2025-06-23,2025-06-23 11:40:00,647.5,647.5,647.44,647.44,-0.01,75.72,48182.66,-1
2025-06-23,2025-06-23 11:41:00,647.44,647.44,647.38,647.38,-0.01,75.72,48182.66,-1
2025-06-23,2025-06-23 11:42:00,647.38,647.38,647.31,647.31,-0.01,75.72,48182.66,-1
2025-06-23,2025-06-23 11:43:00,647.31,647.31,647.25,647.25,-0.01,75.72,48182.66,-1
2025-06-23,2025-06-23 11:44:00,647.25,647.25,647.19,647.19,-0.01,75.72,48182.66,-1
2025-06-23,2025-06-23 11:45:00,647.19,647.19,647.13,647.13,-0.01,75.72,48182.66,-1
2025-06-23,2025-06-23 11:46:00,647.13,647.13,647.06,647.06,-0.01,75.72,48182.66,-1
2025-06-23,2025-06-23 11:47:00,647.06,647.06,647.0,647.0,-0.01,75.72,48182.66,-1
2025-06-23,2025-06-23 11:48:00,647.0,647.0,646.94,646.94,-0.01,75.72,48182.66,-1
2025-06-23,2025-06-23 11:49:00,646.94,646.94,646.88,646.88,-0.01,75.72,48182.66,-1
2025-06-23,2025-06-23 11:50:00,646.88,646.88,646.81,646.81,-0.01,75.72,48182.66,-1
2025-06-23,2025-06-23 11:51:00,646.81,646.81,646.75,646.75,-0.01,75.72,48182.66,-1
2025-06-23,2025-06-23 11:52:00,646.75,646.75,646.69,646.69,-0.01,75.72,48182.66,-1
2025-06-23,2025-06-23 11:53:00,646.69,646.69,646.63,646.63,-0.01,75.72,48182.66,-1
2025-06-23,2025-06-23 11:54:00,646.63,646.63,646.56,646.56,-0.01,75.72,48182.66,-1
2025-06-23,2025-06-23 11:55:00,646.56,646.56,646.5,646.5,-0.01,75.72,48182.66,-1
2025-06-23,2025-06-23 11:56:00,646.5,646.5,646.44,646.44,-0.01,75.72,48182.66,-1
2025-06-23,2025-06-23 11:57:00,646.44,646.44,646.38,646.38,-0.01,75.72,48182.66,-1
2025-06-23,2025-06-23 11:58:00,646.38,646.38,646.31,646.31,-0.01,75.72,48182.66,-1
2025-06-23,2025-06-23 11:59:00,646.31,646.31,646.25,646.25,-0.01,75.72,48182.66,-1
2025-06-23,2025-06-23 12:00:00,646.25,646.25,646.19,646.19,-0.01,75.72,48182.66,-1
2025-06-23,2025-06-23 12:01:00,646.19,646.19,646.13,646.13,-0.01,75.72,48182.66,-1
2025-06-23,2025-06-23 12:02:00,646.13,646.13,646.07,646.07,-0.01,75.72,48182.66,-1
2025-06-23,2025-06-23 12:03:00,646.07,646.07,646.0,646.0,-0.01,75.72,48182.66,-1
2025-06-23,2025-06-23 12:04:00,646.0,646.0,645.94,645.94,-0.01,75.72,48182.66,-1
2025-06-23,2025-06-23 12:05:00,645.94,645.94,645.88,645.88,-0.01,75.72,48182.66,-1
2025-06-23,2025-06-23 12:06:00,645.88,645.88,645.82,645.82,-0.01,75.72,48182.66,-1
2025-06-23,2025-06-23 12:07:00,645.82,645.82,645.75,645.75,-0.01,75.72,48182.66,-1
2025-06-23,2025-06-23 12:08:00,645.75,645.75,645.69,645.69,-0.01,75.72,48182.66,-1
2025-06-23,2025-06-23 12:09:00,645.69,645.69,645.63,645.63,-0.01,75.72,48182.66,-1
2025-06-23,2025-06-23 12:10:00,645.63,645.63,645.57,645.57,-0.01,75.72,48182.66,-1
2025-06-23,2025-06-23 12:11:00,645.57,645.57,645.5,645.5,-0.01,75.72,48182.66,-1
2025-06-23,2025-06-23 12:12:00,645.5,645.5,645.44,645.44,-0.01,75.72,48182.66,-1
2025-06-23,2025-06-23 12:13:00,645.44,645.44,645.38,645.38,-0.01,75.72,48182.66,-1
2025-06-23,2025-06-23 12:14:00,645.38,645.38,645.32,645.32,-0.01,75.72,48182.66,-1
2025-06-23,2025-06-23 12:15:00,645.32,645.32,645.25,645.25,-0.01,75.72,48182.66,-1
2025-06-23,2025-06-23 12:16:00,645.25,645.25,645.19,645.19,-0.01,75.72,48182.66,-1
2025-06-23,2025-06-23 12:17:00,645.19,645.19,645.13,645.13,-0.01,75.72,48182.66,-1
2025-06-23,2025-06-23 12:18:00,645.13,645.13,645.07,645.07,-0.01,75.72,48182.66,-1
2025-06-23,2025-06-23 12:19:00,645.07,645.07,645.0,645.0,-0.01,75.72,48182.66,-1
2025-06-23,2025-06-23 12:20:00,645.0,645.0,644.94,644.94,-0.01,75.72,48182.66,-1
2025-06-23,2025-06-23 12:21:00,644.94,644.94,644.88,644.88,-0.01,75.72,48182.66,-1
2025-06-23,2025-06-23 12:22:00,644.88,644.88,644.82,644.82,-0.01,75.72,48182.66,-1
2025-06-23,2025-06-23 12:23:00,644.82,644.82,644.75,644.75,-0.01,75.72,48182.66,-1
2025-06-23,2025-06-23 12:24:00,644.75,644.75,644.69,644.69,-0.01,75.72,48182.66,-1
2025-06-23,2025-06-23 12:25:00,644.69,644.69,644.63,644.63,-0.01,75.72,48182.66,-1
2025-06-23,2025-06-23 12:26:00,644.63,644.63,644.57,644.57,-0.01,75.72,48182.66,-1
2025-06-23,2025-06-23 12:27:00,644.57,644.57,644.5,644.5,-0.01,75.72,48182.66,-1
2025-06-23,2025-06-23 12:28:00,644.5,644.5,644.44,644.44,-0.01,75.72,48182.66,-1
2025-06-23,2025-06-23 12:29:00,644.44,644.44,644.38,644.38,-0.01,75.72,48182.66,-1
2025-06-23,2025-06-23 12:30:00,644.38,644.38,644.32,644.32,-0.01,75.72,48182.66,-1
2025-06-23,2025-06-23 12:31:00,644.32,644.32,644.25,644.25,-0.01,75.72,48182.66,-1
2025-06-23,2025-06-23 12:32:00,644.25,644.25,644.19,644.19,-0.01,75.72,48182.66,-1
2025-06-23,2025-06-23 12:33:00,644.19,644.19,644.13,644.13,-0.01,75.72,48182.66,-1
2025-06-23,2025-06-23 12:34:00,644.13,644.13,644.07,644.07,-0.01,75.72,48182.66,-1
2025-06-23,2025-06-23 12:35:00,644.07,644.07,644.0,644.0,-0.01,75.72,48182.66,-1
2025-06-23,2025-06-23 12:36:00,644.0,644.0,643.94,643.94,-0.01,75.72,48182.66,-1
2025-06-23,2025-06-23 12:37:00,643.94,643.94,643.88,643.88,-0.01,75.72,48182.66,-1
2025-06-23,2025-06-23 12:38:00,643.88,643.88,643.82,643.82,-0.01,75.72,48182.66,-1
2025-06-23,2025-06-23 12:39:00,643.82,643.82,643.75,643.75,-0.01,75.72,48182.66,-1
2025-06-23,2025-06-23 12:40:00,643.75,643.75,643.69,643.69,-0.01,75.72,48182.66,-1
2025-06-23,2025-06-23 12:41:00,643.69,643.69,643.63,643.63,-0.01,75.72,48182.66,-1
2025-06-23,2025-06-23 12:42:00,643.63,643.63,643.57,643.57,-0.01,75.72,48182.66,-1
2025-06-23,2025-06-23 12:43:00,643.57,643.57,643.5,643.5,-0.01,75.72,48182.66,-1
2025-06-23,2025-06-23 12:44:00,643.5,643.5,643.44,643.44,-0.01,75.72,48182.66,-1
2025-06-23,2025-06-23 12:45:00,643.44,643.44,643.38,643.38,-0.01,75.72,48182.66,-1
2025-06-23,2025-06-23 12:46:00,643.38,643.38,643.32,643.32,-0.01,75.72,48182.66,-1
2025-06-23,2025-06-23 12:47:00,643.32,643.32,643.25,643.25,-0.01,75.72,48182.66,-1
2025-06-23,2025-06-23 12:48:00,643.25,643.25,643.19,643.19,-0.01,75.72,48182.66,-1
2025-06-23,2025-06-23 12:49:00,643.19,643.19,643.13,643.13,-0.01,75.72,48182.66,-1
2025-06-23,2025-06-23 12:50:00,643.13,643.13,643.07,643.07,-0.01,75.72,48182.66,-1
2025-06-23,2025-06-23 12:51:00,643.07,643.07,643.0,643.0,-0.01,75.72,48182.66,-1
2025-06-23,2025-06-23 12:52:00,643.0,643.0,642.94,642.94,-0.01,75.72,48182.66,-1
2025-06-23,2025-06-23 12:53:00,642.94,642.94,642.88,642.88,-0.01,75.72,48182.66,-1
2025-06-23,2025-06-23 12:54:00,642.88,642.88,642.82,642.82,-0.01,75.72,48182.66,-1
2025-06-23,2025-06-23 12:55:00,642.82,642.82,642.75,642.75,-0.01,75.72,48182.66,-1
2025-06-23,2025-06-23 12:56:00,642.75,642.75,642.69,642.69,-0.01,75.72,48182.66,-1
2025-06-23,2025-06-23 12:57:00,642.69,642.69,642.63,642.63,-0.01,75.72,48182.66,-1
2025-06-23,2025-06-23 12:58:00,642.63,642.63,642.57,642.57,-0.01,75.72,48182.66,-1
2025-06-23,2025-06-23 12:59:00,642.57,642.57,642.5,642.5,-0.01,75.72,48182.66,-1
2025-06-23,2025-06-23 13:00:00,642.5,659.8,622.0,642.44,-0.01,75.72,48182.66,-1
2025-06-23,2025-06-23 13:01:00,642.44,642.44,642.38,642.38,-0.01,75.72,48182.66,-1
2025-06-23,2025-06-23 13:02:00,642.38,642.38,642.32,642.32,-0.01,75.72,48182.66,-1
2025-06-23,2025-06-23 13:03:00,642.32,642.32,642.26,642.26,-0.01,75.72,48182.66,-1
2025-06-23,2025-06-23 13:04:00,642.26,642.26,642.19,642.19,-0.01,75.72,48182.66,-1
2025-06-23,2025-06-23 13:05:00,642.19,642.19,642.13,642.13,-0.01,75.72,48182.66,-1
2025-06-23,2025-06-23 13:06:00,642.13,642.13,642.07,642.07,-0.01,75.72,48182.66,-1
2025-06-23,2025-06-23 13:07:00,642.07,642.07,642.01,642.01,-0.01,75.72,48182.66,-1
2025-06-23,2025-06-23 13:08:00,642.01,642.01,641.94,641.94,-0.01,75.72,48182.66,-1
2025-06-23,2025-06-23 13:09:00,641.94,641.94,641.88,641.88,-0.01,75.72,48182.66,-1
2025-06-23,2025-06-23 13:10:00,641.88,641.88,641.82,641.82,-0.01,75.72,48182.66,-1
2025-06-23,2025-06-23 13:11:00,641.82,641.82,641.76,641.76,-0.01,75.72,48182.66,-1
2025-06-23,2025-06-23 13:12:00,641.76,641.76,641.69,641.69,-0.01,75.72,48182.66,-1
2025-06-23,2025-06-23 13:13:00,641.69,641.69,641.63,641.63,-0.01,75.72,48182.66,-1
2025-06-23,2025-06-23 13:14:00,641.63,641.63,641.57,641.57,-0.01,75.72,48182.66,-1
2025-06-23,2025-06-23 13:15:00,641.57,641.57,641.51,641.51,-0.01,75.72,48182.66,-1
2025-06-23,2025-06-23 13:16:00,641.51,641.51,641.44,641.44,-0.01,75.72,48182.66,-1
2025-06-23,2025-06-23 13:17:00,641.44,641.44,641.38,641.38,-0.01,75.72,48182.66,-1
2025-06-23,2025-06-23 13:18:00,641.38,641.38,641.32,641.32,-0.01,75.72,48182.66,-1
2025-06-23,2025-06-23 13:19:00,641.32,641.32,641.26,641.26,-0.01,75.72,48182.66,-1
2025-06-23,2025-06-23 13:20:00,641.26,641.26,641.19,641.19,-0.01,75.72,48182.66,-1
2025-06-23,2025-06-23 13:21:00,641.19,641.19,641.13,641.13,-0.01,75.72,48182.66,-1
2025-06-23,2025-06-23 13:22:00,641.13,641.13,641.07,641.07,-0.01,75.72,48182.66,-1
2025-06-23,2025-06-23 13:23:00,641.07,641.07,641.01,641.01,-0.01,75.72,48182.66,-1
2025-06-23,2025-06-23 13:24:00,641.01,641.01,640.94,640.94,-0.01,75.72,48182.66,-1
2025-06-23,2025-06-23 13:25:00,640.94,640.94,640.88,640.88,-0.01,75.72,48182.66,-1
2025-06-23,2025-06-23 13:26:00,640.88,640.88,640.82,640.82,-0.01,75.72,48182.66,-1
2025-06-23,2025-06-23 13:27:00,640.82,640.82,640.76,640.76,-0.01,75.72,48182.66,-1
2025-06-23,2025-06-23 13:28:00,640.76,640.76,640.69,640.69,-0.01,75.72,48182.66,-1
2025-06-23,2025-06-23 13:29:00,640.69,640.69,640.63,640.63,-0.01,75.72,48182.66,-1
2025-06-23,2025-06-23 13:30:00,640.63,640.63,640.57,640.57,-0.01,75.72,48182.66,-1
2025-06-23,2025-06-23 13:31:00,640.57,640.57,640.51,640.51,-0.01,75.72,48182.66,-1
2025-06-23,2025-06-23 13:32:00,640.51,640.51,640.44,640.44,-0.01,75.72,48182.66,-1
2025-06-23,2025-06-23 13:33:00,640.44,640.44,640.38,640.38,-0.01,75.72,48182.66,-1
2025-06-23,2025-06-23 13:34:00,640.38,640.38,640.32,640.32,-0.01,75.72,48182.66,-1
2025-06-23,2025-06-23 13:35:00,640.32,640.32,640.26,640.26,-0.01,75.72,48182.66,-1
2025-06-23,2025-06-23 13:36:00,640.26,640.26,640.19,640.19,-0.01,75.72,48182.66,-1
2025-06-23,2025-06-23 13:37:00,640.19,640.19,640.13,640.13,-0.01,75.72,48182.66,-1
2025-06-23,2025-06-23 13:38:00,640.13,640.13,640.07,640.07,-0.01,75.72,48182.66,-1
2025-06-23,2025-06-23 13:39:00,640.07,640.07,640.01,640.01,-0.01,75.72,48182.66,-1
2025-06-23,2025-06-23 13:40:00,640.01,640.01,639.94,639.94,-0.01,75.72,48182.66,-1
2025-06-23,2025-06-23 13:41:00,639.94,639.94,639.88,639.88,-0.01,75.72,48182.66,-1
2025-06-23,2025-06-23 13:42:00,639.88,639.88,639.82,639.82,-0.01,75.72,48182.66,-1
2025-06-23,2025-06-23 13:43:00,639.82,639.82,639.76,639.76,-0.01,75.72,48182.66,-1
2025-06-23,2025-06-23 13:44:00,639.76,639.76,639.69,639.69,-0.01,75.72,48182.66,-1
2025-06-23,2025-06-23 13:45:00,639.69,639.69,639.63,639.63,-0.01,75.72,48182.66,-1
2025-06-23,2025-06-23 13:46:00,639.63,639.63,639.57,639.57,-0.01,75.72,48182.66,-1
2025-06-23,2025-06-23 13:47:00,639.57,639.57,639.51,639.51,-0.01,75.72,48182.66,-1
2025-06-23,2025-06-23 13:48:00,639.51,639.51,639.44,639.44,-0.01,75.72,48182.66,-1
2025-06-23,2025-06-23 13:49:00,639.44,639.44,639.38,639.38,-0.01,75.72,48182.66,-1
2025-06-23,2025-06-23 13:50:00,639.38,639.38,639.32,639.32,-0.01,75.72,48182.66,-1
2025-06-23,2025-06-23 13:51:00,639.32,639.32,639.26,639.26,-0.01,75.72,48182.66,-1
2025-06-23,2025-06-23 13:52:00,639.26,639.26,639.19,639.19,-0.01,75.72,48182.66,-1
2025-06-23,2025-06-23 13:53:00,639.19,639.19,639.13,639.13,-0.01,75.72,48182.66,-1
2025-06-23,2025-06-23 13:54:00,639.13,639.13,639.07,639.07,-0.01,75.72,48182.66,-1
2025-06-23,2025-06-23 13:55:00,639.07,639.07,639.01,639.01,-0.01,75.72,48182.66,-1
2025-06-23,2025-06-23 13:56:00,639.01,639.01,638.94,638.94,-0.01,75.72,48182.66,-1
2025-06-23,2025-06-23 13:57:00,638.94,638.94,638.88,638.88,-0.01,75.72,48182.66,-1
2025-06-23,2025-06-23 13:58:00,638.88,638.88,638.82,638.82,-0.01,75.72,48182.66,-1
2025-06-23,2025-06-23 13:59:00,638.82,638.82,638.76,638.76,-0.01,75.72,48182.66,-1
2025-06-23,2025-06-23 14:00:00,638.76,638.76,638.7,638.7,-0.01,75.72,48182.66,-1
2025-06-23,2025-06-23 14:01:00,638.7,638.7,638.63,638.63,-0.01,75.72,48182.66,-1
2025-06-23,2025-06-23 14:02:00,638.63,638.63,638.57,638.57,-0.01,75.72,48182.66,-1
2025-06-23,2025-06-23 14:03:00,638.57,638.57,638.51,638.51,-0.01,75.72,48182.66,-1
2025-06-23,2025-06-23 14:04:00,638.51,638.51,638.45,638.45,-0.01,75.72,48182.66,-1
2025-06-23,2025-06-23 14:05:00,638.45,638.45,638.38,638.38,-0.01,75.72,48182.66,-1
2025-06-23,2025-06-23 14:06:00,638.38,638.38,638.32,638.32,-0.01,75.72,48182.66,-1
2025-06-23,2025-06-23 14:07:00,638.32,638.32,638.26,638.26,-0.01,75.72,48182.66,-1
2025-06-23,2025-06-23 14:08:00,638.26,638.26,638.2,638.2,-0.01,75.72,48182.66,-1
2025-06-23,2025-06-23 14:09:00,638.2,638.2,638.13,638.13,-0.01,75.72,48182.66,-1
2025-06-23,2025-06-23 14:10:00,638.13,638.13,638.07,638.07,-0.01,75.72,48182.66,-1
2025-06-23,2025-06-23 14:11:00,638.07,638.07,638.01,638.01,-0.01,75.72,48182.66,-1
2025-06-23,2025-06-23 14:12:00,638.01,638.01,637.95,637.95,-0.01,75.72,48182.66,-1
2025-06-23,2025-06-23 14:13:00,637.95,637.95,637.88,637.88,-0.01,75.72,48182.66,-1
2025-06-23,2025-06-23 14:14:00,637.88,637.88,637.82,637.82,-0.01,75.72,48182.66,-1
2025-06-23,2025-06-23 14:15:00,637.82,637.82,637.76,637.76,-0.01,75.72,48182.66,-1
2025-06-23,2025-06-23 14:16:00,637.76,637.76,637.7,637.7,-0.01,75.72,48182.66,-1
2025-06-23,2025-06-23 14:17:00,637.7,637.7,637.63,637.63,-0.01,75.72,48182.66,-1
2025-06-23,2025-06-23 14:18:00,637.63,637.63,637.57,637.57,-0.01,75.72,48182.66,-1
2025-06-23,2025-06-23 14:19:00,637.57,637.57,637.51,637.51,-0.01,75.72,48182.66,-1
2025-06-23,2025-06-23 14:20:00,637.51,637.51,637.45,637.45,-0.01,75.72,48182.66,-1
2025-06-23,2025-06-23 14:21:00,637.45,637.45,637.38,637.38,-0.01,75.72,48182.66,-1
2025-06-23,2025-06-23 14:22:00,637.38,637.38,637.32,637.32,-0.01,75.72,48182.66,-1
2025-06-23,2025-06-23 14:23:00,637.32,637.32,637.26,637.26,-0.01,75.72,48182.66,-1
2025-06-23,2025-06-23 14:24:00,637.26,637.26,637.2,637.2,-0.01,75.72,48182.66,-1
2025-06-23,2025-06-23 14:25:00,637.2,637.2,637.13,637.13,-0.01,75.72,48182.66,-1
2025-06-23,2025-06-23 14:26:00,637.13,637.13,637.07,637.07,-0.01,75.72,48182.66,-1
2025-06-23,2025-06-23 14:27:00,637.07,637.07,637.01,637.01,-0.01,75.72,48182.66,-1
2025-06-23,2025-06-23 14:28:00,637.01,637.01,636.95,636.95,-0.01,75.72,48182.66,-1
2025-06-23,2025-06-23 14:29:00,636.95,636.95,636.88,636.88,-0.01,75.72,48182.66,-1
2025-06-23,2025-06-23 14:30:00,636.88,636.88,636.82,636.82,-0.01,75.72,48182.66,-1
2025-06-23,2025-06-23 14:31:00,636.82,636.82,636.76,636.76,-0.01,75.72,48182.66,-1
2025-06-23,2025-06-23 14:32:00,636.76,636.76,636.7,636.7,-0.01,75.72,48182.66,-1
2025-06-23,2025-06-23 14:33:00,636.7,636.7,636.63,636.63,-0.01,75.72,48182.66,-1
2025-06-23,2025-06-23 14:34:00,636.63,636.63,636.57,636.57,-0.01,75.72,48182.66,-1
2025-06-23,2025-06-23 14:35:00,636.57,636.57,636.51,636.51,-0.01,75.72,48182.66,-1
2025-06-23,2025-06-23 14:36:00,636.51,636.51,636.45,636.45,-0.01,75.72,48182.66,-1
2025-06-23,2025-06-23 14:37:00,636.45,636.45,636.38,636.38,-0.01,75.72,48182.66,-1
2025-06-23,2025-06-23 14:38:00,636.38,636.38,636.32,636.32,-0.01,75.72,48182.66,-1
2025-06-23,2025-06-23 14:39:00,636.32,636.32,636.26,636.26,-0.01,75.72,48182.66,-1
2025-06-23,2025-06-23 14:40:00,636.26,636.26,636.2,636.2,-0.01,75.72,48182.66,-1
2025-06-23,2025-06-23 14:41:00,636.2,636.2,636.13,636.13,-0.01,75.72,48182.66,-1
2025-06-23,2025-06-23 14:42:00,636.13,636.13,636.07,636.07,-0.01,75.72,48182.66,-1
2025-06-23,2025-06-23 14:43:00,636.07,636.07,636.01,636.01,-0.01,75.72,48182.66,-1
2025-06-23,2025-06-23 14:44:00,636.01,636.01,635.95,635.95,-0.01,75.72,48182.66,-1
2025-06-23,2025-06-23 14:45:00,635.95,635.95,635.88,635.88,-0.01,75.72,48182.66,-1
2025-06-23,2025-06-23 14:46:00,635.88,635.88,635.82,635.82,-0.01,75.72,48182.66,-1
2025-06-23,2025-06-23 14:47:00,635.82,635.82,635.76,635.76,-0.01,75.72,48182.66,-1
2025-06-23,2025-06-23 14:48:00,635.76,635.76,635.7,635.7,-0.01,75.72,48182.66,-1
2025-06-23,2025-06-23 14:49:00,635.7,635.7,635.63,635.63,-0.01,75.72,48182.66,-1
2025-06-23,2025-06-23 14:50:00,635.63,635.63,635.57,635.57,-0.01,75.72,48182.66,-1
2025-06-23,2025-06-23 14:51:00,635.57,635.57,635.51,635.51,-0.01,75.72,48182.66,-1
2025-06-23,2025-06-23 14:52:00,635.51,635.51,635.45,635.45,-0.01,75.72,48182.66,-1
2025-06-23,2025-06-23 14:53:00,635.45,635.45,635.38,635.38,-0.01,75.72,48182.66,-1
2025-06-23,2025-06-23 14:54:00,635.38,635.38,635.32,635.32,-0.01,75.72,48182.66,-1
2025-06-23,2025-06-23 14:55:00,635.32,635.32,635.26,635.26,-0.01,75.72,48182.66,-1
2025-06-23,2025-06-23 14:56:00,635.26,635.26,635.2,635.2,-0.01,75.72,48182.66,-1
2025-06-23,2025-06-23 14:57:00,635.2,635.2,635.13,635.13,-0.01,75.72,48182.66,-1
2025-06-23,2025-06-23 14:58:00,635.13,635.13,635.07,635.07,-0.01,75.72,48182.66,-1
2025-06-23,2025-06-23 14:59:00,635.07,635.07,635.01,635.01,-0.01,75.72,48182.66,-1
2025-06-23,2025-06-23 15:00:00,635.01,659.8,622.0,635.01,0.0,75.72,48182.66,0
2025-06-24,2025-06-24 11:00:00,640.1,643.67,636.53,640.08,-0.0,70.06,44920.44,-1
2025-06-24,2025-06-24 11:01:00,640.08,640.08,640.05,640.05,-0.0,70.06,44920.44,-1
2025-06-24,2025-06-24 11:02:00,640.05,640.05,640.03,640.03,-0.0,70.06,44920.44,-1
2025-06-24,2025-06-24 11:03:00,640.03,640.03,640.0,640.0,-0.0,70.06,44920.44,-1
2025-06-24,2025-06-24 11:04:00,640.0,640.0,639.98,639.98,-0.0,70.06,44920.44,-1
2025-06-24,2025-06-24 11:05:00,639.98,639.98,639.95,639.95,-0.0,70.06,44920.44,-1
2025-06-24,2025-06-24 11:06:00,639.95,639.95,639.93,639.93,-0.0,70.06,44920.44,-1
2025-06-24,2025-06-24 11:07:00,639.93,639.93,639.9,639.9,-0.0,70.06,44920.44,-1
2025-06-24,2025-06-24 11:08:00,639.9,639.9,639.88,639.88,-0.0,70.06,44920.44,-1
2025-06-24,2025-06-24 11:09:00,639.88,639.88,639.85,639.85,-0.0,70.06,44920.44,-1
2025-06-24,2025-06-24 11:10:00,639.85,639.85,639.83,639.83,-0.0,70.06,44920.44,-1
2025-06-24,2025-06-24 11:11:00,639.83,639.83,639.8,639.8,-0.0,70.06,44920.44,-1
2025-06-24,2025-06-24 11:12:00,639.8,639.8,639.78,639.78,-0.0,70.06,44920.44,-1
2025-06-24,2025-06-24 11:13:00,639.78,639.78,639.75,639.75,-0.0,70.06,44920.44,-1
2025-06-24,2025-06-24 11:14:00,639.75,639.75,639.73,639.73,-0.0,70.06,44920.44,-1
2025-06-24,2025-06-24 11:15:00,639.73,639.73,639.7,639.7,-0.0,70.06,44920.44,-1
2025-06-24,2025-06-24 11:16:00,639.7,639.7,639.68,639.68,-0.0,70.06,44920.44,-1
2025-06-24,2025-06-24 11:17:00,639.68,639.68,639.65,639.65,-0.0,70.06,44920.44,-1
2025-06-24,2025-06-24 11:18:00,639.65,639.65,639.63,639.63,-0.0,70.06,44920.44,-1
2025-06-24,2025-06-24 11:19:00,639.63,639.63,639.61,639.61,-0.0,70.06,44920.44,-1
2025-06-24,2025-06-24 11:20:00,639.61,639.61,639.58,639.58,-0.0,70.06,44920.44,-1
2025-06-24,2025-06-24 11:21:00,639.58,639.58,639.56,639.56,-0.0,70.06,44920.44,-1
2025-06-24,2025-06-24 11:22:00,639.56,639.56,639.53,639.53,-0.0,70.06,44920.44,-1
2025-06-24,2025-06-24 11:23:00,639.53,639.53,639.51,639.51,-0.0,70.06,44920.44,-1
2025-06-24,2025-06-24 11:24:00,639.51,639.51,639.48,639.48,-0.0,70.06,44920.44,-1
2025-06-24,2025-06-24 11:25:00,639.48,639.48,639.46,639.46,-0.0,70.06,44920.44,-1
2025-06-24,2025-06-24 11:26:00,639.46,639.46,639.43,639.43,-0.0,70.06,44920.44,-1
2025-06-24,2025-06-24 11:27:00,639.43,639.43,639.41,639.41,-0.0,70.06,44920.44,-1
2025-06-24,2025-06-24 11:28:00,639.41,639.41,639.38,639.38,-0.0,70.06,44920.44,-1
2025-06-24,2025-06-24 11:29:00,639.38,639.38,639.36,639.36,-0.0,70.06,44920.44,-1
2025-06-24,2025-06-24 11:30:00,639.36,639.36,639.33,639.33,-0.0,70.06,44920.44,-1
2025-06-24,2025-06-24 11:31:00,639.33,639.33,639.31,639.31,-0.0,70.06,44920.44,-1
2025-06-24,2025-06-24 11:32:00,639.31,639.31,639.28,639.28,-0.0,70.06,44920.44,-1
2025-06-24,2025-06-24 11:33:00,639.28,639.28,639.26,639.26,-0.0,70.06,44920.44,-1
2025-06-24,2025-06-24 11:34:00,639.26,639.26,639.23,639.23,-0.0,70.06,44920.44,-1
2025-06-24,2025-06-24 11:35:00,639.23,639.23,639.21,639.21,-0.0,70.06,44920.44,-1
2025-06-24,2025-06-24 11:36:00,639.21,639.21,639.18,639.18,-0.0,70.06,44920.44,-1
2025-06-24,2025-06-24 11:37:00,639.18,639.18,639.16,639.16,-0.0,70.06,44920.44,-1
2025-06-24,2025-06-24 11:38:00,639.16,639.16,639.13,639.13,-0.0,70.06,44920.44,-1
2025-06-24,2025-06-24 11:39:00,639.13,639.13,639.11,639.11,-0.0,70.06,44920.44,-1
2025-06-24,2025-06-24 11:40:00,639.11,639.11,639.09,639.09,-0.0,70.06,44920.44,-1
2025-06-24,2025-06-24 11:41:00,639.09,639.09,639.06,639.06,-0.0,70.06,44920.44,-1
2025-06-24,2025-06-24 11:42:00,639.06,639.06,639.04,639.04,-0.0,70.06,44920.44,-1
2025-06-24,2025-06-24 11:43:00,639.04,639.04,639.01,639.01,-0.0,70.06,44920.44,-1
2025-06-24,2025-06-24 11:44:00,639.01,639.01,638.99,638.99,-0.0,70.06,44920.44,-1
2025-06-24,2025-06-24 11:45:00,638.99,638.99,638.96,638.96,-0.0,70.06,44920.44,-1
2025-06-24,2025-06-24 11:46:00,638.96,638.96,638.94,638.94,-0.0,70.06,44920.44,-1
2025-06-24,2025-06-24 11:47:00,638.94,638.94,638.91,638.91,-0.0,70.06,44920.44,-1
2025-06-24,2025-06-24 11:48:00,638.91,638.91,638.89,638.89,-0.0,70.06,44920.44,-1
2025-06-24,2025-06-24 11:49:00,638.89,638.89,638.86,638.86,-0.0,70.06,44920.44,-1
2025-06-24,2025-06-24 11:50:00,638.86,638.86,638.84,638.84,-0.0,70.06,44920.44,-1
2025-06-24,2025-06-24 11:51:00,638.84,638.84,638.81,638.81,-0.0,70.06,44920.44,-1
2025-06-24,2025-06-24 11:52:00,638.81,638.81,638.79,638.79,-0.0,70.06,44920.44,-1
2025-06-24,2025-06-24 11:53:00,638.79,638.79,638.76,638.76,-0.0,70.06,44920.44,-1
2025-06-24,2025-06-24 11:54:00,638.76,638.76,638.74,638.74,-0.0,70.06,44920.44,-1
2025-06-24,2025-06-24 11:55:00,638.74,638.74,638.71,638.71,-0.0,70.06,44920.44,-1
2025-06-24,2025-06-24 11:56:00,638.71,638.71,638.69,638.69,-0.0,70.06,44920.44,-1
2025-06-24,2025-06-24 11:57:00,638.69,638.69,638.66,638.66,-0.0,70.06,44920.44,-1
2025-06-24,2025-06-24 11:58:00,638.66,638.66,638.64,638.64,-0.0,70.06,44920.44,-1
2025-06-24,2025-06-24 11:59:00,638.64,638.64,638.62,638.62,-0.0,70.06,44920.44,-1
2025-06-24,2025-06-24 12:00:00,638.62,638.62,638.59,638.59,-0.0,70.06,44920.44,-1
2025-06-24,2025-06-24 12:01:00,638.59,638.59,638.57,638.57,-0.0,70.06,44920.44,-1
2025-06-24,2025-06-24 12:02:00,638.57,638.57,638.54,638.54,-0.0,70.06,44920.44,-1
2025-06-24,2025-06-24 12:03:00,638.54,638.54,638.52,638.52,-0.0,70.06,44920.44,-1
2025-06-24,2025-06-24 12:04:00,638.52,638.52,638.49,638.49,-0.0,70.06,44920.44,-1
2025-06-24,2025-06-24 12:05:00,638.49,638.49,638.47,638.47,-0.0,70.06,44920.44,-1
2025-06-24,2025-06-24 12:06:00,638.47,638.47,638.44,638.44,-0.0,70.06,44920.44,-1
2025-06-24,2025-06-24 12:07:00,638.44,638.44,638.42,638.42,-0.0,70.06,44920.44,-1
2025-06-24,2025-06-24 12:08:00,638.42,638.42,638.39,638.39,-0.0,70.06,44920.44,-1
2025-06-24,2025-06-24 12:09:00,638.39,638.39,638.37,638.37,-0.0,70.06,44920.44,-1
2025-06-24,2025-06-24 12:10:00,638.37,638.37,638.34,638.34,-0.0,70.06,44920.44,-1
2025-06-24,2025-06-24 12:11:00,638.34,638.34,638.32,638.32,-0.0,70.06,44920.44,-1
2025-06-24,2025-06-24 12:12:00,638.32,638.32,638.29,638.29,-0.0,70.06,44920.44,-1
2025-06-24,2025-06-24 12:13:00,638.29,638.29,638.27,638.27,-0.0,70.06,44920.44,-1
2025-06-24,2025-06-24 12:14:00,638.27,638.27,638.24,638.24,-0.0,70.06,44920.44,-1
2025-06-24,2025-06-24 12:15:00,638.24,638.24,638.22,638.22,-0.0,70.06,44920.44,-1
2025-06-24,2025-06-24 12:16:00,638.22,638.22,638.19,638.19,-0.0,70.06,44920.44,-1
2025-06-24,2025-06-24 12:17:00,638.19,638.19,638.17,638.17,-0.0,70.06,44920.44,-1
2025-06-24,2025-06-24 12:18:00,638.17,638.17,638.14,638.14,-0.0,70.06,44920.44,-1
2025-06-24,2025-06-24 12:19:00,638.14,638.14,638.12,638.12,-0.0,70.06,44920.44,-1
2025-06-24,2025-06-24 12:20:00,638.12,638.12,638.1,638.1,-0.0,70.06,44920.44,-1
2025-06-24,2025-06-24 12:21:00,638.1,638.1,638.07,638.07,-0.0,70.06,44920.44,-1
2025-06-24,2025-06-24 12:22:00,638.07,638.07,638.05,638.05,-0.0,70.06,44920.44,-1
2025-06-24,2025-06-24 12:23:00,638.05,638.05,638.02,638.02,-0.0,70.06,44920.44,-1
2025-06-24,2025-06-24 12:24:00,638.02,638.02,638.0,638.0,-0.0,70.06,44920.44,-1
2025-06-24,2025-06-24 12:25:00,638.0,638.0,637.97,637.97,-0.0,70.06,44920.44,-1
2025-06-24,2025-06-24 12:26:00,637.97,637.97,637.95,637.95,-0.0,70.06,44920.44,-1
2025-06-24,2025-06-24 12:27:00,637.95,637.95,637.92,637.92,-0.0,70.06,44920.44,-1
2025-06-24,2025-06-24 12:28:00,637.92,637.92,637.9,637.9,-0.0,70.06,44920.44,-1
2025-06-24,2025-06-24 12:29:00,637.9,637.9,637.87,637.87,-0.0,70.06,44920.44,-1
2025-06-24,2025-06-24 12:30:00,637.87,637.87,637.85,637.85,-0.0,70.06,44920.44,-1
2025-06-24,2025-06-24 12:31:00,637.85,637.85,637.82,637.82,-0.0,70.06,44920.44,-1
2025-06-24,2025-06-24 12:32:00,637.82,637.82,637.8,637.8,-0.0,70.06,44920.44,-1
2025-06-24,2025-06-24 12:33:00,637.8,637.8,637.77,637.77,-0.0,70.06,44920.44,-1
2025-06-24,2025-06-24 12:34:00,637.77,637.77,637.75,637.75,-0.0,70.06,44920.44,-1
2025-06-24,2025-06-24 12:35:00,637.75,637.75,637.72,637.72,-0.0,70.06,44920.44,-1
2025-06-24,2025-06-24 12:36:00,637.72,637.72,637.7,637.7,-0.0,70.06,44920.44,-1
2025-06-24,2025-06-24 12:37:00,637.7,637.7,637.67,637.67,-0.0,70.06,44920.44,-1
2025-06-24,2025-06-24 12:38:00,637.67,637.67,637.65,637.65,-0.0,70.06,44920.44,-1
2025-06-24,2025-06-24 12:39:00,637.65,637.65,637.62,637.62,-0.0,70.06,44920.44,-1
2025-06-24,2025-06-24 12:40:00,637.62,637.62,637.6,637.6,-0.0,70.06,44920.44,-1
2025-06-24,2025-06-24 12:41:00,637.6,637.6,637.58,637.58,-0.0,70.06,44920.44,-1
2025-06-24,2025-06-24 12:42:00,637.58,637.58,637.55,637.55,-0.0,70.06,44920.44,-1
2025-06-24,2025-06-24 12:43:00,637.55,637.55,637.53,637.53,-0.0,70.06,44920.44,-1
2025-06-24,2025-06-24 12:44:00,637.53,637.53,637.5,637.5,-0.0,70.06,44920.44,-1
2025-06-24,2025-06-24 12:45:00,637.5,637.5,637.48,637.48,-0.0,70.06,44920.44,-1
2025-06-24,2025-06-24 12:46:00,637.48,637.48,637.45,637.45,-0.0,70.06,44920.44,-1
2025-06-24,2025-06-24 12:47:00,637.45,637.45,637.43,637.43,-0.0,70.06,44920.44,-1
2025-06-24,2025-06-24 12:48:00,637.43,637.43,637.4,637.4,-0.0,70.06,44920.44,-1
2025-06-24,2025-06-24 12:49:00,637.4,637.4,637.38,637.38,-0.0,70.06,44920.44,-1
2025-06-24,2025-06-24 12:50:00,637.38,637.38,637.35,637.35,-0.0,70.06,44920.44,-1
2025-06-24,2025-06-24 12:51:00,637.35,637.35,637.33,637.33,-0.0,70.06,44920.44,-1
2025-06-24,2025-06-24 12:52:00,637.33,637.33,637.3,637.3,-0.0,70.06,44920.44,-1
2025-06-24,2025-06-24 12:53:00,637.3,637.3,637.28,637.28,-0.0,70.06,44920.44,-1
2025-06-24,2025-06-24 12:54:00,637.28,637.28,637.25,637.25,-0.0,70.06,44920.44,-1
2025-06-24,2025-06-24 12:55:00,637.25,637.25,637.23,637.23,-0.0,70.06,44920.44,-1
2025-06-24,2025-06-24 12:56:00,637.23,637.23,637.2,637.2,-0.0,70.06,44920.44,-1
2025-06-24,2025-06-24 12:57:00,637.2,637.2,637.18,637.18,-0.0,70.06,44920.44,-1
2025-06-24,2025-06-24 12:58:00,637.18,637.18,637.15,637.15,-0.0,70.06,44920.44,-1
2025-06-24,2025-06-24 12:59:00,637.15,637.15,637.13,637.13,-0.0,70.06,44920.44,-1
2025-06-24,2025-06-24 13:00:00,637.13,652.0,628.2,637.11,-0.0,70.06,44920.44,-1
2025-06-24,2025-06-24 13:01:00,637.11,637.11,637.08,637.08,-0.0,70.06,44920.44,-1
2025-06-24,2025-06-24 13:02:00,637.08,637.08,637.06,637.06,-0.0,70.06,44920.44,-1
2025-06-24,2025-06-24 13:03:00,637.06,637.06,637.03,637.03,-0.0,70.06,44920.44,-1
2025-06-24,2025-06-24 13:04:00,637.03,637.03,637.01,637.01,-0.0,70.06,44920.44,-1
2025-06-24,2025-06-24 13:05:00,637.01,637.01,636.98,636.98,-0.0,70.06,44920.44,-1
2025-06-24,2025-06-24 13:06:00,636.98,636.98,636.96,636.96,-0.0,70.06,44920.44,-1
2025-06-24,2025-06-24 13:07:00,636.96,636.96,636.93,636.93,-0.0,70.06,44920.44,-1
2025-06-24,2025-06-24 13:08:00,636.93,636.93,636.91,636.91,-0.0,70.06,44920.44,-1
2025-06-24,2025-06-24 13:09:00,636.91,636.91,636.88,636.88,-0.0,70.06,44920.44,-1
2025-06-24,2025-06-24 13:10:00,636.88,636.88,636.86,636.86,-0.0,70.06,44920.44,-1
2025-06-24,2025-06-24 13:11:00,636.86,636.86,636.83,636.83,-0.0,70.06,44920.44,-1
2025-06-24,2025-06-24 13:12:00,636.83,636.83,636.81,636.81,-0.0,70.06,44920.44,-1
2025-06-24,2025-06-24 13:13:00,636.81,636.81,636.78,636.78,-0.0,70.06,44920.44,-1
2025-06-24,2025-06-24 13:14:00,636.78,636.78,636.76,636.76,-0.0,70.06,44920.44,-1
2025-06-24,2025-06-24 13:15:00,636.76,636.76,636.73,636.73,-0.0,70.06,44920.44,-1
2025-06-24,2025-06-24 13:16:00,636.73,636.73,636.71,636.71,-0.0,70.06,44920.44,-1
2025-06-24,2025-06-24 13:17:00,636.71,636.71,636.68,636.68,-0.0,70.06,44920.44,-1
2025-06-24,2025-06-24 13:18:00,636.68,636.68,636.66,636.66,-0.0,70.06,44920.44,-1
2025-06-24,2025-06-24 13:19:00,636.66,636.66,636.63,636.63,-0.0,70.06,44920.44,-1
2025-06-24,2025-06-24 13:20:00,636.63,636.63,636.61,636.61,-0.0,70.06,44920.44,-1
2025-06-24,2025-06-24 13:21:00,636.61,636.61,636.59,636.59,-0.0,70.06,44920.44,-1
2025-06-24,2025-06-24 13:22:00,636.59,636.59,636.56,636.56,-0.0,70.06,44920.44,-1
2025-06-24,2025-06-24 13:23:00,636.56,636.56,636.54,636.54,-0.0,70.06,44920.44,-1
2025-06-24,2025-06-24 13:24:00,636.54,636.54,636.51,636.51,-0.0,70.06,44920.44,-1
2025-06-24,2025-06-24 13:25:00,636.51,636.51,636.49,636.49,-0.0,70.06,44920.44,-1
2025-06-24,2025-06-24 13:26:00,636.49,636.49,636.46,636.46,-0.0,70.06,44920.44,-1
2025-06-24,2025-06-24 13:27:00,636.46,636.46,636.44,636.44,-0.0,70.06,44920.44,-1
2025-06-24,2025-06-24 13:28:00,636.44,636.44,636.41,636.41,-0.0,70.06,44920.44,-1
2025-06-24,2025-06-24 13:29:00,636.41,636.41,636.39,636.39,-0.0,70.06,44920.44,-1
2025-06-24,2025-06-24 13:30:00,636.39,636.39,636.36,636.36,-0.0,70.06,44920.44,-1
2025-06-24,2025-06-24 13:31:00,636.36,636.36,636.34,636.34,-0.0,70.06,44920.44,-1
2025-06-24,2025-06-24 13:32:00,636.34,636.34,636.31,636.31,-0.0,70.06,44920.44,-1
2025-06-24,2025-06-24 13:33:00,636.31,636.31,636.29,636.29,-0.0,70.06,44920.44,-1
2025-06-24,2025-06-24 13:34:00,636.29,636.29,636.26,636.26,-0.0,70.06,44920.44,-1
2025-06-24,2025-06-24 13:35:00,636.26,636.26,636.24,636.24,-0.0,70.06,44920.44,-1
2025-06-24,2025-06-24 13:36:00,636.24,636.24,636.21,636.21,-0.0,70.06,44920.44,-1
2025-06-24,2025-06-24 13:37:00,636.21,636.21,636.19,636.19,-0.0,70.06,44920.44,-1
2025-06-24,2025-06-24 13:38:00,636.19,636.19,636.16,636.16,-0.0,70.06,44920.44,-1
2025-06-24,2025-06-24 13:39:00,636.16,636.16,636.14,636.14,-0.0,70.06,44920.44,-1
2025-06-24,2025-06-24 13:40:00,636.14,636.14,636.12,636.12,-0.0,70.06,44920.44,-1
2025-06-24,2025-06-24 13:41:00,636.12,636.12,636.09,636.09,-0.0,70.06,44920.44,-1
2025-06-24,2025-06-24 13:42:00,636.09,636.09,636.07,636.07,-0.0,70.06,44920.44,-1
2025-06-24,2025-06-24 13:43:00,636.07,636.07,636.04,636.04,-0.0,70.06,44920.44,-1
2025-06-24,2025-06-24 13:44:00,636.04,636.04,636.02,636.02,-0.0,70.06,44920.44,-1
2025-06-24,2025-06-24 13:45:00,636.02,636.02,635.99,635.99,-0.0,70.06,44920.44,-1
2025-06-24,2025-06-24 13:46:00,635.99,635.99,635.97,635.97,-0.0,70.06,44920.44,-1
2025-06-24,2025-06-24 13:47:00,635.97,635.97,635.94,635.94,-0.0,70.06,44920.44,-1
2025-06-24,2025-06-24 13:48:00,635.94,635.94,635.92,635.92,-0.0,70.06,44920.44,-1
2025-06-24,2025-06-24 13:49:00,635.92,635.92,635.89,635.89,-0.0,70.06,44920.44,-1
2025-06-24,2025-06-24 13:50:00,635.89,635.89,635.87,635.87,-0.0,70.06,44920.44,-1
2025-06-24,2025-06-24 13:51:00,635.87,635.87,635.84,635.84,-0.0,70.06,44920.44,-1
2025-06-24,2025-06-24 13:52:00,635.84,635.84,635.82,635.82,-0.0,70.06,44920.44,-1
2025-06-24,2025-06-24 13:53:00,635.82,635.82,635.79,635.79,-0.0,70.06,44920.44,-1
2025-06-24,2025-06-24 13:54:00,635.79,635.79,635.77,635.77,-0.0,70.06,44920.44,-1
2025-06-24,2025-06-24 13:55:00,635.77,635.77,635.74,635.74,-0.0,70.06,44920.44,-1
2025-06-24,2025-06-24 13:56:00,635.74,635.74,635.72,635.72,-0.0,70.06,44920.44,-1
2025-06-24,2025-06-24 13:57:00,635.72,635.72,635.69,635.69,-0.0,70.06,44920.44,-1
2025-06-24,2025-06-24 13:58:00,635.69,635.69,635.67,635.67,-0.0,70.06,44920.44,-1
2025-06-24,2025-06-24 13:59:00,635.67,635.67,635.64,635.64,-0.0,70.06,44920.44,-1
2025-06-24,2025-06-24 14:00:00,635.64,635.64,635.62,635.62,-0.0,70.06,44920.44,-1
2025-06-24,2025-06-24 14:01:00,635.62,635.62,635.6,635.6,-0.0,70.06,44920.44,-1
2025-06-24,2025-06-24 14:02:00,635.6,635.6,635.57,635.57,-0.0,70.06,44920.44,-1
2025-06-24,2025-06-24 14:03:00,635.57,635.57,635.55,635.55,-0.0,70.06,44920.44,-1
2025-06-24,2025-06-24 14:04:00,635.55,635.55,635.52,635.52,-0.0,70.06,44920.44,-1
2025-06-24,2025-06-24 14:05:00,635.52,635.52,635.5,635.5,-0.0,70.06,44920.44,-1
2025-06-24,2025-06-24 14:06:00,635.5,635.5,635.47,635.47,-0.0,70.06,44920.44,-1
2025-06-24,2025-06-24 14:07:00,635.47,635.47,635.45,635.45,-0.0,70.06,44920.44,-1
2025-06-24,2025-06-24 14:08:00,635.45,635.45,635.42,635.42,-0.0,70.06,44920.44,-1
2025-06-24,2025-06-24 14:09:00,635.42,635.42,635.4,635.4,-0.0,70.06,44920.44,-1
2025-06-24,2025-06-24 14:10:00,635.4,635.4,635.37,635.37,-0.0,70.06,44920.44,-1
2025-06-24,2025-06-24 14:11:00,635.37,635.37,635.35,635.35,-0.0,70.06,44920.44,-1
2025-06-24,2025-06-24 14:12:00,635.35,635.35,635.32,635.32,-0.0,70.06,44920.44,-1
2025-06-24,2025-06-24 14:13:00,635.32,635.32,635.3,635.3,-0.0,70.06,44920.44,-1
2025-06-24,2025-06-24 14:14:00,635.3,635.3,635.27,635.27,-0.0,70.06,44920.44,-1
2025-06-24,2025-06-24 14:15:00,635.27,635.27,635.25,635.25,-0.0,70.06,44920.44,-1
2025-06-24,2025-06-24 14:16:00,635.25,635.25,635.22,635.22,-0.0,70.06,44920.44,-1
2025-06-24,2025-06-24 14:17:00,635.22,635.22,635.2,635.2,-0.0,70.06,44920.44,-1
2025-06-24,2025-06-24 14:18:00,635.2,635.2,635.17,635.17,-0.0,70.06,44920.44,-1
2025-06-24,2025-06-24 14:19:00,635.17,635.17,635.15,635.15,-0.0,70.06,44920.44,-1
2025-06-24,2025-06-24 14:20:00,635.15,635.15,635.13,635.13,-0.0,70.06,44920.44,-1
2025-06-24,2025-06-24 14:21:00,635.13,635.13,635.1,635.1,-0.0,70.06,44920.44,-1
2025-06-24,2025-06-24 14:22:00,635.1,635.1,635.08,635.08,-0.0,70.06,44920.44,-1
2025-06-24,2025-06-24 14:23:00,635.08,635.08,635.05,635.05,-0.0,70.06,44920.44,-1
2025-06-24,2025-06-24 14:24:00,635.05,635.05,635.03,635.03,-0.0,70.06,44920.44,-1
2025-06-24,2025-06-24 14:25:00,635.03,635.03,635.0,635.0,-0.0,70.06,44920.44,-1
2025-06-24,2025-06-24 14:26:00,635.0,635.0,634.98,634.98,-0.0,70.06,44920.44,-1
2025-06-24,2025-06-24 14:27:00,634.98,634.98,634.95,634.95,-0.0,70.06,44920.44,-1
2025-06-24,2025-06-24 14:28:00,634.95,634.95,634.93,634.93,-0.0,70.06,44920.44,-1
2025-06-24,2025-06-24 14:29:00,634.93,634.93,634.9,634.9,-0.0,70.06,44920.44,-1
2025-06-24,2025-06-24 14:30:00,634.9,634.9,634.88,634.88,-0.0,70.06,44920.44,-1
2025-06-24,2025-06-24 14:31:00,634.88,634.88,634.85,634.85,-0.0,70.06,44920.44,-1
2025-06-24,2025-06-24 14:32:00,634.85,634.85,634.83,634.83,-0.0,70.06,44920.44,-1
2025-06-24,2025-06-24 14:33:00,634.83,634.83,634.8,634.8,-0.0,70.06,44920.44,-1
2025-06-24,2025-06-24 14:34:00,634.8,634.8,634.78,634.78,-0.0,70.06,44920.44,-1
2025-06-24,2025-06-24 14:35:00,634.78,634.78,634.75,634.75,-0.0,70.06,44920.44,-1
2025-06-24,2025-06-24 14:36:00,634.75,634.75,634.73,634.73,-0.0,70.06,44920.44,-1
2025-06-24,2025-06-24 14:37:00,634.73,634.73,634.7,634.7,-0.0,70.06,44920.44,-1
2025-06-24,2025-06-24 14:38:00,634.7,634.7,634.68,634.68,-0.0,70.06,44920.44,-1
2025-06-24,2025-06-24 14:39:00,634.68,634.68,634.65,634.65,-0.0,70.06,44920.44,-1
2025-06-24,2025-06-24 14:40:00,634.65,634.65,634.63,634.63,-0.0,70.06,44920.44,-1
2025-06-24,2025-06-24 14:41:00,634.63,634.63,634.61,634.61,-0.0,70.06,44920.44,-1
2025-06-24,2025-06-24 14:42:00,634.61,634.61,634.58,634.58,-0.0,70.06,44920.44,-1
2025-06-24,2025-06-24 14:43:00,634.58,634.58,634.56,634.56,-0.0,70.06,44920.44,-1
2025-06-24,2025-06-24 14:44:00,634.56,634.56,634.53,634.53,-0.0,70.06,44920.44,-1
2025-06-24,2025-06-24 14:45:00,634.53,634.53,634.51,634.51,-0.0,70.06,44920.44,-1
2025-06-24,2025-06-24 14:46:00,634.51,634.51,634.48,634.48,-0.0,70.06,44920.44,-1
2025-06-24,2025-06-24 14:47:00,634.48,634.48,634.46,634.46,-0.0,70.06,44920.44,-1
2025-06-24,2025-06-24 14:48:00,634.46,634.46,634.43,634.43,-0.0,70.06,44920.44,-1
2025-06-24,2025-06-24 14:49:00,634.43,634.43,634.41,634.41,-0.0,70.06,44920.44,-1
2025-06-24,2025-06-24 14:50:00,634.41,634.41,634.38,634.38,-0.0,70.06,44920.44,-1
2025-06-24,2025-06-24 14:51:00,634.38,634.38,634.36,634.36,-0.0,70.06,44920.44,-1
2025-06-24,2025-06-24 14:52:00,634.36,634.36,634.33,634.33,-0.0,70.06,44920.44,-1
2025-06-24,2025-06-24 14:53:00,634.33,634.33,634.31,634.31,-0.0,70.06,44920.44,-1
2025-06-24,2025-06-24 14:54:00,634.31,634.31,634.28,634.28,-0.0,70.06,44920.44,-1
2025-06-24,2025-06-24 14:55:00,634.28,634.28,634.26,634.26,-0.0,70.06,44920.44,-1
2025-06-24,2025-06-24 14:56:00,634.26,634.26,634.23,634.23,-0.0,70.06,44920.44,-1
2025-06-24,2025-06-24 14:57:00,634.23,634.23,634.21,634.21,-0.0,70.06,44920.44,-1
2025-06-24,2025-06-24 14:58:00,634.21,634.21,634.18,634.18,-0.0,70.06,44920.44,-1
2025-06-24,2025-06-24 14:59:00,634.18,634.18,634.16,634.16,-0.0,70.06,44920.44,-1
2025-06-24,2025-06-24 15:00:00,634.16,652.0,628.2,634.16,0.0,70.06,44920.44,0
2025-06-25,2025-06-25 11:00:00,646.0,646.0,640.0,645.94,-0.01,31.8,20049.89,-1
2025-06-25,2025-06-25 11:01:00,645.94,645.94,645.88,645.88,-0.01,31.8,20049.89,-1
2025-06-25,2025-06-25 11:02:00,645.88,645.88,645.83,645.83,-0.01,31.8,20049.89,-1
2025-06-25,2025-06-25 11:03:00,645.83,645.83,645.77,645.77,-0.01,31.8,20049.89,-1
2025-06-25,2025-06-25 11:04:00,645.77,645.77,645.71,645.71,-0.01,31.8,20049.89,-1
2025-06-25,2025-06-25 11:05:00,645.71,645.71,645.65,645.65,-0.01,31.8,20049.89,-1
2025-06-25,2025-06-25 11:06:00,645.65,645.65,645.6,645.6,-0.01,31.8,20049.89,-1
2025-06-25,2025-06-25 11:07:00,645.6,645.6,645.54,645.54,-0.01,31.8,20049.89,-1
2025-06-25,2025-06-25 11:08:00,645.54,645.54,645.48,645.48,-0.01,31.8,20049.89,-1
2025-06-25,2025-06-25 11:09:00,645.48,645.48,645.42,645.42,-0.01,31.8,20049.89,-1
2025-06-25,2025-06-25 11:10:00,645.42,645.42,645.37,645.37,-0.01,31.8,20049.89,-1
2025-06-25,2025-06-25 11:11:00,645.37,645.37,645.31,645.31,-0.01,31.8,20049.89,-1
2025-06-25,2025-06-25 11:12:00,645.31,645.31,645.25,645.25,-0.01,31.8,20049.89,-1
2025-06-25,2025-06-25 11:13:00,645.25,645.25,645.19,645.19,-0.01,31.8,20049.89,-1
2025-06-25,2025-06-25 11:14:00,645.19,645.19,645.13,645.13,-0.01,31.8,20049.89,-1
2025-06-25,2025-06-25 11:15:00,645.13,645.13,645.08,645.08,-0.01,31.8,20049.89,-1
2025-06-25,2025-06-25 11:16:00,645.08,645.08,645.02,645.02,-0.01,31.8,20049.89,-1
2025-06-25,2025-06-25 11:17:00,645.02,645.02,644.96,644.96,-0.01,31.8,20049.89,-1
2025-06-25,2025-06-25 11:18:00,644.96,644.96,644.9,644.9,-0.01,31.8,20049.89,-1
2025-06-25,2025-06-25 11:19:00,644.9,644.9,644.85,644.85,-0.01,31.8,20049.89,-1
2025-06-25,2025-06-25 11:20:00,644.85,644.85,644.79,644.79,-0.01,31.8,20049.89,-1
2025-06-25,2025-06-25 11:21:00,644.79,644.79,644.73,644.73,-0.01,31.8,20049.89,-1
2025-06-25,2025-06-25 11:22:00,644.73,644.73,644.67,644.67,-0.01,31.8,20049.89,-1
2025-06-25,2025-06-25 11:23:00,644.67,644.67,644.62,644.62,-0.01,31.8,20049.89,-1
2025-06-25,2025-06-25 11:24:00,644.62,644.62,644.56,644.56,-0.01,31.8,20049.89,-1
2025-06-25,2025-06-25 11:25:00,644.56,644.56,644.5,644.5,-0.01,31.8,20049.89,-1
2025-06-25,2025-06-25 11:26:00,644.5,644.5,644.44,644.44,-0.01,31.8,20049.89,-1
2025-06-25,2025-06-25 11:27:00,644.44,644.44,644.38,644.38,-0.01,31.8,20049.89,-1
2025-06-25,2025-06-25 11:28:00,644.38,644.38,644.33,644.33,-0.01,31.8,20049.89,-1
2025-06-25,2025-06-25 11:29:00,644.33,644.33,644.27,644.27,-0.01,31.8,20049.89,-1
2025-06-25,2025-06-25 11:30:00,644.27,644.27,644.21,644.21,-0.01,31.8,20049.89,-1
2025-06-25,2025-06-25 11:31:00,644.21,644.21,644.15,644.15,-0.01,31.8,20049.89,-1
2025-06-25,2025-06-25 11:32:00,644.15,644.15,644.1,644.1,-0.01,31.8,20049.89,-1
2025-06-25,2025-06-25 11:33:00,644.1,644.1,644.04,644.04,-0.01,31.8,20049.89,-1
2025-06-25,2025-06-25 11:34:00,644.04,644.04,643.98,643.98,-0.01,31.8,20049.89,-1
2025-06-25,2025-06-25 11:35:00,643.98,643.98,643.92,643.92,-0.01,31.8,20049.89,-1
2025-06-25,2025-06-25 11:36:00,643.92,643.92,643.86,643.86,-0.01,31.8,20049.89,-1
2025-06-25,2025-06-25 11:37:00,643.86,643.86,643.81,643.81,-0.01,31.8,20049.89,-1
2025-06-25,2025-06-25 11:38:00,643.81,643.81,643.75,643.75,-0.01,31.8,20049.89,-1
2025-06-25,2025-06-25 11:39:00,643.75,643.75,643.69,643.69,-0.01,31.8,20049.89,-1
2025-06-25,2025-06-25 11:40:00,643.69,643.69,643.63,643.63,-0.01,31.8,20049.89,-1
2025-06-25,2025-06-25 11:41:00,643.63,643.63,643.58,643.58,-0.01,31.8,20049.89,-1
2025-06-25,2025-06-25 11:42:00,643.58,643.58,643.52,643.52,-0.01,31.8,20049.89,-1
2025-06-25,2025-06-25 11:43:00,643.52,643.52,643.46,643.46,-0.01,31.8,20049.89,-1
2025-06-25,2025-06-25 11:44:00,643.46,643.46,643.4,643.4,-0.01,31.8,20049.89,-1
2025-06-25,2025-06-25 11:45:00,643.4,643.4,643.35,643.35,-0.01,31.8,20049.89,-1
2025-06-25,2025-06-25 11:46:00,643.35,643.35,643.29,643.29,-0.01,31.8,20049.89,-1
2025-06-25,2025-06-25 11:47:00,643.29,643.29,643.23,643.23,-0.01,31.8,20049.89,-1
2025-06-25,2025-06-25 11:48:00,643.23,643.23,643.17,643.17,-0.01,31.8,20049.89,-1
2025-06-25,2025-06-25 11:49:00,643.17,643.17,643.11,643.11,-0.01,31.8,20049.89,-1
2025-06-25,2025-06-25 11:50:00,643.11,643.11,643.06,643.06,-0.01,31.8,20049.89,-1
2025-06-25,2025-06-25 11:51:00,643.06,643.06,643.0,643.0,-0.01,31.8,20049.89,-1
2025-06-25,2025-06-25 11:52:00,643.0,643.0,642.94,642.94,-0.01,31.8,20049.89,-1
2025-06-25,2025-06-25 11:53:00,642.94,642.94,642.88,642.88,-0.01,31.8,20049.89,-1
2025-06-25,2025-06-25 11:54:00,642.88,642.88,642.83,642.83,-0.01,31.8,20049.89,-1
2025-06-25,2025-06-25 11:55:00,642.83,642.83,642.77,642.77,-0.01,31.8,20049.89,-1
2025-06-25,2025-06-25 11:56:00,642.77,642.77,642.71,642.71,-0.01,31.8,20049.89,-1
2025-06-25,2025-06-25 11:57:00,642.71,642.71,642.65,642.65,-0.01,31.8,20049.89,-1
2025-06-25,2025-06-25 11:58:00,642.65,642.65,642.6,642.6,-0.01,31.8,20049.89,-1
2025-06-25,2025-06-25 11:59:00,642.6,642.6,642.54,642.54,-0.01,31.8,20049.89,-1
2025-06-25,2025-06-25 12:00:00,642.54,642.54,642.48,642.48,-0.01,31.8,20049.89,-1
2025-06-25,2025-06-25 12:01:00,642.48,642.48,642.42,642.42,-0.01,31.8,20049.89,-1
2025-06-25,2025-06-25 12:02:00,642.42,642.42,642.36,642.36,-0.01,31.8,20049.89,-1
2025-06-25,2025-06-25 12:03:00,642.36,642.36,642.31,642.31,-0.01,31.8,20049.89,-1
2025-06-25,2025-06-25 12:04:00,642.31,642.31,642.25,642.25,-0.01,31.8,20049.89,-1
2025-06-25,2025-06-25 12:05:00,642.25,642.25,642.19,642.19,-0.01,31.8,20049.89,-1
2025-06-25,2025-06-25 12:06:00,642.19,642.19,642.13,642.13,-0.01,31.8,20049.89,-1
2025-06-25,2025-06-25 12:07:00,642.13,642.13,642.08,642.08,-0.01,31.8,20049.89,-1
2025-06-25,2025-06-25 12:08:00,642.08,642.08,642.02,642.02,-0.01,31.8,20049.89,-1
2025-06-25,2025-06-25 12:09:00,642.02,642.02,641.96,641.96,-0.01,31.8,20049.89,-1
2025-06-25,2025-06-25 12:10:00,641.96,641.96,641.9,641.9,-0.01,31.8,20049.89,-1
2025-06-25,2025-06-25 12:11:00,641.9,641.9,641.85,641.85,-0.01,31.8,20049.89,-1
2025-06-25,2025-06-25 12:12:00,641.85,641.85,641.79,641.79,-0.01,31.8,20049.89,-1
2025-06-25,2025-06-25 12:13:00,641.79,641.79,641.73,641.73,-0.01,31.8,20049.89,-1
2025-06-25,2025-06-25 12:14:00,641.73,641.73,641.67,641.67,-0.01,31.8,20049.89,-1
2025-06-25,2025-06-25 12:15:00,641.67,641.67,641.61,641.61,-0.01,31.8,20049.89,-1
2025-06-25,2025-06-25 12:16:00,641.61,641.61,641.56,641.56,-0.01,31.8,20049.89,-1
2025-06-25,2025-06-25 12:17:00,641.56,641.56,641.5,641.5,-0.01,31.8,20049.89,-1
2025-06-25,2025-06-25 12:18:00,641.5,641.5,641.44,641.44,-0.01,31.8,20049.89,-1
2025-06-25,2025-06-25 12:19:00,641.44,641.44,641.38,641.38,-0.01,31.8,20049.89,-1
2025-06-25,2025-06-25 12:20:00,641.38,641.38,641.33,641.33,-0.01,31.8,20049.89,-1
2025-06-25,2025-06-25 12:21:00,641.33,641.33,641.27,641.27,-0.01,31.8,20049.89,-1
2025-06-25,2025-06-25 12:22:00,641.27,641.27,641.21,641.21,-0.01,31.8,20049.89,-1
2025-06-25,2025-06-25 12:23:00,641.21,641.21,641.15,641.15,-0.01,31.8,20049.89,-1
2025-06-25,2025-06-25 12:24:00,641.15,641.15,641.09,641.09,-0.01,31.8,20049.89,-1
2025-06-25,2025-06-25 12:25:00,641.09,641.09,641.04,641.04,-0.01,31.8,20049.89,-1
2025-06-25,2025-06-25 12:26:00,641.04,641.04,640.98,640.98,-0.01,31.8,20049.89,-1
2025-06-25,2025-06-25 12:27:00,640.98,640.98,640.92,640.92,-0.01,31.8,20049.89,-1
2025-06-25,2025-06-25 12:28:00,640.92,640.92,640.86,640.86,-0.01,31.8,20049.89,-1
2025-06-25,2025-06-25 12:29:00,640.86,640.86,640.81,640.81,-0.01,31.8,20049.89,-1
2025-06-25,2025-06-25 12:30:00,640.81,640.81,640.75,640.75,-0.01,31.8,20049.89,-1
2025-06-25,2025-06-25 12:31:00,640.75,640.75,640.69,640.69,-0.01,31.8,20049.89,-1
2025-06-25,2025-06-25 12:32:00,640.69,640.69,640.63,640.63,-0.01,31.8,20049.89,-1
2025-06-25,2025-06-25 12:33:00,640.63,640.63,640.58,640.58,-0.01,31.8,20049.89,-1
2025-06-25,2025-06-25 12:34:00,640.58,640.58,640.52,640.52,-0.01,31.8,20049.89,-1
2025-06-25,2025-06-25 12:35:00,640.52,640.52,640.46,640.46,-0.01,31.8,20049.89,-1
2025-06-25,2025-06-25 12:36:00,640.46,640.46,640.4,640.4,-0.01,31.8,20049.89,-1
2025-06-25,2025-06-25 12:37:00,640.4,640.4,640.34,640.34,-0.01,31.8,20049.89,-1
2025-06-25,2025-06-25 12:38:00,640.34,640.34,640.29,640.29,-0.01,31.8,20049.89,-1
2025-06-25,2025-06-25 12:39:00,640.29,640.29,640.23,640.23,-0.01,31.8,20049.89,-1
2025-06-25,2025-06-25 12:40:00,640.23,640.23,640.17,640.17,-0.01,31.8,20049.89,-1
2025-06-25,2025-06-25 12:41:00,640.17,640.17,640.11,640.11,-0.01,31.8,20049.89,-1
2025-06-25,2025-06-25 12:42:00,640.11,640.11,640.06,640.06,-0.01,31.8,20049.89,-1
2025-06-25,2025-06-25 12:43:00,640.06,640.06,640.0,640.0,-0.01,31.8,20049.89,-1
2025-06-25,2025-06-25 12:44:00,640.0,640.0,639.94,639.94,-0.01,31.8,20049.89,-1
2025-06-25,2025-06-25 12:45:00,639.94,639.94,639.88,639.88,-0.01,31.8,20049.89,-1
2025-06-25,2025-06-25 12:46:00,639.88,639.88,639.83,639.83,-0.01,31.8,20049.89,-1
2025-06-25,2025-06-25 12:47:00,639.83,639.83,639.77,639.77,-0.01,31.8,20049.89,-1
2025-06-25,2025-06-25 12:48:00,639.77,639.77,639.71,639.71,-0.01,31.8,20049.89,-1
2025-06-25,2025-06-25 12:49:00,639.71,639.71,639.65,639.65,-0.01,31.8,20049.89,-1
2025-06-25,2025-06-25 12:50:00,639.65,639.65,639.59,639.59,-0.01,31.8,20049.89,-1
2025-06-25,2025-06-25 12:51:00,639.59,639.59,639.54,639.54,-0.01,31.8,20049.89,-1
2025-06-25,2025-06-25 12:52:00,639.54,639.54,639.48,639.48,-0.01,31.8,20049.89,-1
2025-06-25,2025-06-25 12:53:00,639.48,639.48,639.42,639.42,-0.01,31.8,20049.89,-1
2025-06-25,2025-06-25 12:54:00,639.42,639.42,639.36,639.36,-0.01,31.8,20049.89,-1
2025-06-25,2025-06-25 12:55:00,639.36,639.36,639.31,639.31,-0.01,31.8,20049.89,-1
2025-06-25,2025-06-25 12:56:00,639.31,639.31,639.25,639.25,-0.01,31.8,20049.89,-1
2025-06-25,2025-06-25 12:57:00,639.25,639.25,639.19,639.19,-0.01,31.8,20049.89,-1
2025-06-25,2025-06-25 12:58:00,639.19,639.19,639.13,639.13,-0.01,31.8,20049.89,-1
2025-06-25,2025-06-25 12:59:00,639.13,639.13,639.08,639.08,-0.01,31.8,20049.89,-1
2025-06-25,2025-06-25 13:00:00,639.08,646.0,626.0,639.02,-0.01,31.8,20049.89,-1
2025-06-25,2025-06-25 13:01:00,639.02,639.02,638.96,638.96,-0.01,31.8,20049.89,-1
2025-06-25,2025-06-25 13:02:00,638.96,638.96,638.9,638.9,-0.01,31.8,20049.89,-1
2025-06-25,2025-06-25 13:03:00,638.9,638.9,638.84,638.84,-0.01,31.8,20049.89,-1
2025-06-25,2025-06-25 13:04:00,638.84,638.84,638.79,638.79,-0.01,31.8,20049.89,-1
2025-06-25,2025-06-25 13:05:00,638.79,638.79,638.73,638.73,-0.01,31.8,20049.89,-1
2025-06-25,2025-06-25 13:06:00,638.73,638.73,638.67,638.67,-0.01,31.8,20049.89,-1
2025-06-25,2025-06-25 13:07:00,638.67,638.67,638.61,638.61,-0.01,31.8,20049.89,-1
2025-06-25,2025-06-25 13:08:00,638.61,638.61,638.56,638.56,-0.01,31.8,20049.89,-1
2025-06-25,2025-06-25 13:09:00,638.56,638.56,638.5,638.5,-0.01,31.8,20049.89,-1
2025-06-25,2025-06-25 13:10:00,638.5,638.5,638.44,638.44,-0.01,31.8,20049.89,-1
2025-06-25,2025-06-25 13:11:00,638.44,638.44,638.38,638.38,-0.01,31.8,20049.89,-1
2025-06-25,2025-06-25 13:12:00,638.38,638.38,638.32,638.32,-0.01,31.8,20049.89,-1
2025-06-25,2025-06-25 13:13:00,638.32,638.32,638.27,638.27,-0.01,31.8,20049.89,-1
2025-06-25,2025-06-25 13:14:00,638.27,638.27,638.21,638.21,-0.01,31.8,20049.89,-1
2025-06-25,2025-06-25 13:15:00,638.21,638.21,638.15,638.15,-0.01,31.8,20049.89,-1
2025-06-25,2025-06-25 13:16:00,638.15,638.15,638.09,638.09,-0.01,31.8,20049.89,-1
2025-06-25,2025-06-25 13:17:00,638.09,638.09,638.04,638.04,-0.01,31.8,20049.89,-1
2025-06-25,2025-06-25 13:18:00,638.04,638.04,637.98,637.98,-0.01,31.8,20049.89,-1
2025-06-25,2025-06-25 13:19:00,637.98,637.98,637.92,637.92,-0.01,31.8,20049.89,-1
2025-06-25,2025-06-25 13:20:00,637.92,637.92,637.86,637.86,-0.01,31.8,20049.89,-1
2025-06-25,2025-06-25 13:21:00,637.86,637.86,637.81,637.81,-0.01,31.8,20049.89,-1
2025-06-25,2025-06-25 13:22:00,637.81,637.81,637.75,637.75,-0.01,31.8,20049.89,-1
2025-06-25,2025-06-25 13:23:00,637.75,637.75,637.69,637.69,-0.01,31.8,20049.89,-1
2025-06-25,2025-06-25 13:24:00,637.69,637.69,637.63,637.63,-0.01,31.8,20049.89,-1
2025-06-25,2025-06-25 13:25:00,637.63,637.63,637.57,637.57,-0.01,31.8,20049.89,-1
2025-06-25,2025-06-25 13:26:00,637.57,637.57,637.52,637.52,-0.01,31.8,20049.89,-1
2025-06-25,2025-06-25 13:27:00,637.52,637.52,637.46,637.46,-0.01,31.8,20049.89,-1
2025-06-25,2025-06-25 13:28:00,637.46,637.46,637.4,637.4,-0.01,31.8,20049.89,-1
2025-06-25,2025-06-25 13:29:00,637.4,637.4,637.34,637.34,-0.01,31.8,20049.89,-1
2025-06-25,2025-06-25 13:30:00,637.34,637.34,637.29,637.29,-0.01,31.8,20049.89,-1
2025-06-25,2025-06-25 13:31:00,637.29,637.29,637.23,637.23,-0.01,31.8,20049.89,-1
2025-06-25,2025-06-25 13:32:00,637.23,637.23,637.17,637.17,-0.01,31.8,20049.89,-1
2025-06-25,2025-06-25 13:33:00,637.17,637.17,637.11,637.11,-0.01,31.8,20049.89,-1
2025-06-25,2025-06-25 13:34:00,637.11,637.11,637.06,637.06,-0.01,31.8,20049.89,-1
2025-06-25,2025-06-25 13:35:00,637.06,637.06,637.0,637.0,-0.01,31.8,20049.89,-1
2025-06-25,2025-06-25 13:36:00,637.0,637.0,636.94,636.94,-0.01,31.8,20049.89,-1
2025-06-25,2025-06-25 13:37:00,636.94,636.94,636.88,636.88,-0.01,31.8,20049.89,-1
2025-06-25,2025-06-25 13:38:00,636.88,636.88,636.82,636.82,-0.01,31.8,20049.89,-1
2025-06-25,2025-06-25 13:39:00,636.82,636.82,636.77,636.77,-0.01,31.8,20049.89,-1
2025-06-25,2025-06-25 13:40:00,636.77,636.77,636.71,636.71,-0.01,31.8,20049.89,-1
2025-06-25,2025-06-25 13:41:00,636.71,636.71,636.65,636.65,-0.01,31.8,20049.89,-1
2025-06-25,2025-06-25 13:42:00,636.65,636.65,636.59,636.59,-0.01,31.8,20049.89,-1
2025-06-25,2025-06-25 13:43:00,636.59,636.59,636.54,636.54,-0.01,31.8,20049.89,-1
2025-06-25,2025-06-25 13:44:00,636.54,636.54,636.48,636.48,-0.01,31.8,20049.89,-1
2025-06-25,2025-06-25 13:45:00,636.48,636.48,636.42,636.42,-0.01,31.8,20049.89,-1
2025-06-25,2025-06-25 13:46:00,636.42,636.42,636.36,636.36,-0.01,31.8,20049.89,-1
2025-06-25,2025-06-25 13:47:00,636.36,636.36,636.3,636.3,-0.01,31.8,20049.89,-1
2025-06-25,2025-06-25 13:48:00,636.3,636.3,636.25,636.25,-0.01,31.8,20049.89,-1
2025-06-25,2025-06-25 13:49:00,636.25,636.25,636.19,636.19,-0.01,31.8,20049.89,-1
2025-06-25,2025-06-25 13:50:00,636.19,636.19,636.13,636.13,-0.01,31.8,20049.89,-1
2025-06-25,2025-06-25 13:51:00,636.13,636.13,636.07,636.07,-0.01,31.8,20049.89,-1
2025-06-25,2025-06-25 13:52:00,636.07,636.07,636.02,636.02,-0.01,31.8,20049.89,-1
2025-06-25,2025-06-25 13:53:00,636.02,636.02,635.96,635.96,-0.01,31.8,20049.89,-1
2025-06-25,2025-06-25 13:54:00,635.96,635.96,635.9,635.9,-0.01,31.8,20049.89,-1
2025-06-25,2025-06-25 13:55:00,635.9,635.9,635.84,635.84,-0.01,31.8,20049.89,-1
2025-06-25,2025-06-25 13:56:00,635.84,635.84,635.79,635.79,-0.01,31.8,20049.89,-1
2025-06-25,2025-06-25 13:57:00,635.79,635.79,635.73,635.73,-0.01,31.8,20049.89,-1
2025-06-25,2025-06-25 13:58:00,635.73,635.73,635.67,635.67,-0.01,31.8,20049.89,-1
2025-06-25,2025-06-25 13:59:00,635.67,635.67,635.61,635.61,-0.01,31.8,20049.89,-1
2025-06-25,2025-06-25 14:00:00,635.61,635.61,635.55,635.55,-0.01,31.8,20049.89,-1
2025-06-25,2025-06-25 14:01:00,635.55,635.55,635.5,635.5,-0.01,31.8,20049.89,-1
2025-06-25,2025-06-25 14:02:00,635.5,635.5,635.44,635.44,-0.01,31.8,20049.89,-1
2025-06-25,2025-06-25 14:03:00,635.44,635.44,635.38,635.38,-0.01,31.8,20049.89,-1
2025-06-25,2025-06-25 14:04:00,635.38,635.38,635.32,635.32,-0.01,31.8,20049.89,-1
2025-06-25,2025-06-25 14:05:00,635.32,635.32,635.27,635.27,-0.01,31.8,20049.89,-1
2025-06-25,2025-06-25 14:06:00,635.27,635.27,635.21,635.21,-0.01,31.8,20049.89,-1
2025-06-25,2025-06-25 14:07:00,635.21,635.21,635.15,635.15,-0.01,31.8,20049.89,-1
2025-06-25,2025-06-25 14:08:00,635.15,635.15,635.09,635.09,-0.01,31.8,20049.89,-1
2025-06-25,2025-06-25 14:09:00,635.09,635.09,635.04,635.04,-0.01,31.8,20049.89,-1
2025-06-25,2025-06-25 14:10:00,635.04,635.04,634.98,634.98,-0.01,31.8,20049.89,-1
2025-06-25,2025-06-25 14:11:00,634.98,634.98,634.92,634.92,-0.01,31.8,20049.89,-1
2025-06-25,2025-06-25 14:12:00,634.92,634.92,634.86,634.86,-0.01,31.8,20049.89,-1
2025-06-25,2025-06-25 14:13:00,634.86,634.86,634.8,634.8,-0.01,31.8,20049.89,-1
2025-06-25,2025-06-25 14:14:00,634.8,634.8,634.75,634.75,-0.01,31.8,20049.89,-1
2025-06-25,2025-06-25 14:15:00,634.75,634.75,634.69,634.69,-0.01,31.8,20049.89,-1
2025-06-25,2025-06-25 14:16:00,634.69,634.69,634.63,634.63,-0.01,31.8,20049.89,-1
2025-06-25,2025-06-25 14:17:00,634.63,634.63,634.57,634.57,-0.01,31.8,20049.89,-1
2025-06-25,2025-06-25 14:18:00,634.57,634.57,634.52,634.52,-0.01,31.8,20049.89,-1
2025-06-25,2025-06-25 14:19:00,634.52,634.52,634.46,634.46,-0.01,31.8,20049.89,-1
2025-06-25,2025-06-25 14:20:00,634.46,634.46,634.4,634.4,-0.01,31.8,20049.89,-1
2025-06-25,2025-06-25 14:21:00,634.4,634.4,634.34,634.34,-0.01,31.8,20049.89,-1
2025-06-25,2025-06-25 14:22:00,634.34,634.34,634.29,634.29,-0.01,31.8,20049.89,-1
2025-06-25,2025-06-25 14:23:00,634.29,634.29,634.23,634.23,-0.01,31.8,20049.89,-1
2025-06-25,2025-06-25 14:24:00,634.23,634.23,634.17,634.17,-0.01,31.8,20049.89,-1
2025-06-25,2025-06-25 14:25:00,634.17,634.17,634.11,634.11,-0.01,31.8,20049.89,-1
2025-06-25,2025-06-25 14:26:00,634.11,634.11,634.05,634.05,-0.01,31.8,20049.89,-1
2025-06-25,2025-06-25 14:27:00,634.05,634.05,634.0,634.0,-0.01,31.8,20049.89,-1
2025-06-25,2025-06-25 14:28:00,634.0,634.0,633.94,633.94,-0.01,31.8,20049.89,-1
2025-06-25,2025-06-25 14:29:00,633.94,633.94,633.88,633.88,-0.01,31.8,20049.89,-1
2025-06-25,2025-06-25 14:30:00,633.88,633.88,633.82,633.82,-0.01,31.8,20049.89,-1
2025-06-25,2025-06-25 14:31:00,633.82,633.82,633.77,633.77,-0.01,31.8,20049.89,-1
2025-06-25,2025-06-25 14:32:00,633.77,633.77,633.71,633.71,-0.01,31.8,20049.89,-1
2025-06-25,2025-06-25 14:33:00,633.71,633.71,633.65,633.65,-0.01,31.8,20049.89,-1
2025-06-25,2025-06-25 14:34:00,633.65,633.65,633.59,633.59,-0.01,31.8,20049.89,-1
2025-06-25,2025-06-25 14:35:00,633.59,633.59,633.53,633.53,-0.01,31.8,20049.89,-1
2025-06-25,2025-06-25 14:36:00,633.53,633.53,633.48,633.48,-0.01,31.8,20049.89,-1
2025-06-25,2025-06-25 14:37:00,633.48,633.48,633.42,633.42,-0.01,31.8,20049.89,-1
2025-06-25,2025-06-25 14:38:00,633.42,633.42,633.36,633.36,-0.01,31.8,20049.89,-1
2025-06-25,2025-06-25 14:39:00,633.36,633.36,633.3,633.3,-0.01,31.8,20049.89,-1
2025-06-25,2025-06-25 14:40:00,633.3,633.3,633.25,633.25,-0.01,31.8,20049.89,-1
2025-06-25,2025-06-25 14:41:00,633.25,633.25,633.19,633.19,-0.01,31.8,20049.89,-1
2025-06-25,2025-06-25 14:42:00,633.19,633.19,633.13,633.13,-0.01,31.8,20049.89,-1
2025-06-25,2025-06-25 14:43:00,633.13,633.13,633.07,633.07,-0.01,31.8,20049.89,-1
2025-06-25,2025-06-25 14:44:00,633.07,633.07,633.02,633.02,-0.01,31.8,20049.89,-1
2025-06-25,2025-06-25 14:45:00,633.02,633.02,632.96,632.96,-0.01,31.8,20049.89,-1
2025-06-25,2025-06-25 14:46:00,632.96,632.96,632.9,632.9,-0.01,31.8,20049.89,-1
2025-06-25,2025-06-25 14:47:00,632.9,632.9,632.84,632.84,-0.01,31.8,20049.89,-1
2025-06-25,2025-06-25 14:48:00,632.84,632.84,632.78,632.78,-0.01,31.8,20049.89,-1
2025-06-25,2025-06-25 14:49:00,632.78,632.78,632.73,632.73,-0.01,31.8,20049.89,-1
2025-06-25,2025-06-25 14:50:00,632.73,632.73,632.67,632.67,-0.01,31.8,20049.89,-1
2025-06-25,2025-06-25 14:51:00,632.67,632.67,632.61,632.61,-0.01,31.8,20049.89,-1
2025-06-25,2025-06-25 14:52:00,632.61,632.61,632.55,632.55,-0.01,31.8,20049.89,-1
2025-06-25,2025-06-25 14:53:00,632.55,632.55,632.5,632.5,-0.01,31.8,20049.89,-1
2025-06-25,2025-06-25 14:54:00,632.5,632.5,632.44,632.44,-0.01,31.8,20049.89,-1
2025-06-25,2025-06-25 14:55:00,632.44,632.44,632.38,632.38,-0.01,31.8,20049.89,-1
2025-06-25,2025-06-25 14:56:00,632.38,632.38,632.32,632.32,-0.01,31.8,20049.89,-1
2025-06-25,2025-06-25 14:57:00,632.32,632.32,632.27,632.27,-0.01,31.8,20049.89,-1
2025-06-25,2025-06-25 14:58:00,632.27,632.27,632.21,632.21,-0.01,31.8,20049.89,-1
2025-06-25,2025-06-25 14:59:00,632.21,632.21,632.15,632.15,-0.01,31.8,20049.89,-1
2025-06-25,2025-06-25 15:00:00,632.15,646.0,626.0,632.15,0.0,31.8,20049.89,0
2025-06-26,2025-06-26 11:00:00,629.0,632.3,625.25,628.96,-0.01,38.88,24285.25,-1
2025-06-26,2025-06-26 11:01:00,628.96,628.96,628.92,628.92,-0.01,38.88,24285.25,-1
2025-06-26,2025-06-26 11:02:00,628.92,628.92,628.87,628.87,-0.01,38.88,24285.25,-1
2025-06-26,2025-06-26 11:03:00,628.87,628.87,628.83,628.83,-0.01,38.88,24285.25,-1
2025-06-26,2025-06-26 11:04:00,628.83,628.83,628.79,628.79,-0.01,38.88,24285.25,-1
2025-06-26,2025-06-26 11:05:00,628.79,628.79,628.75,628.75,-0.01,38.88,24285.25,-1
2025-06-26,2025-06-26 11:06:00,628.75,628.75,628.71,628.71,-0.01,38.88,24285.25,-1
2025-06-26,2025-06-26 11:07:00,628.71,628.71,628.66,628.66,-0.01,38.88,24285.25,-1
2025-06-26,2025-06-26 11:08:00,628.66,628.66,628.62,628.62,-0.01,38.88,24285.25,-1
2025-06-26,2025-06-26 11:09:00,628.62,628.62,628.58,628.58,-0.01,38.88,24285.25,-1
2025-06-26,2025-06-26 11:10:00,628.58,628.58,628.54,628.54,-0.01,38.88,24285.25,-1
2025-06-26,2025-06-26 11:11:00,628.54,628.54,628.5,628.5,-0.01,38.88,24285.25,-1
2025-06-26,2025-06-26 11:12:00,628.5,628.5,628.46,628.46,-0.01,38.88,24285.25,-1
2025-06-26,2025-06-26 11:13:00,628.46,628.46,628.41,628.41,-0.01,38.88,24285.25,-1
2025-06-26,2025-06-26 11:14:00,628.41,628.41,628.37,628.37,-0.01,38.88,24285.25,-1
2025-06-26,2025-06-26 11:15:00,628.37,628.37,628.33,628.33,-0.01,38.88,24285.25,-1
2025-06-26,2025-06-26 11:16:00,628.33,628.33,628.29,628.29,-0.01,38.88,24285.25,-1
2025-06-26,2025-06-26 11:17:00,628.29,628.29,628.25,628.25,-0.01,38.88,24285.25,-1
2025-06-26,2025-06-26 11:18:00,628.25,628.25,628.2,628.2,-0.01,38.88,24285.25,-1
2025-06-26,2025-06-26 11:19:00,628.2,628.2,628.16,628.16,-0.01,38.88,24285.25,-1
2025-06-26,2025-06-26 11:20:00,628.16,628.16,628.12,628.12,-0.01,38.88,24285.25,-1
2025-06-26,2025-06-26 11:21:00,628.12,628.12,628.08,628.08,-0.01,38.88,24285.25,-1
2025-06-26,2025-06-26 11:22:00,628.08,628.08,628.04,628.04,-0.01,38.88,24285.25,-1
2025-06-26,2025-06-26 11:23:00,628.04,628.04,627.99,627.99,-0.01,38.88,24285.25,-1
2025-06-26,2025-06-26 11:24:00,627.99,627.99,627.95,627.95,-0.01,38.88,24285.25,-1
2025-06-26,2025-06-26 11:25:00,627.95,627.95,627.91,627.91,-0.01,38.88,24285.25,-1
2025-06-26,2025-06-26 11:26:00,627.91,627.91,627.87,627.87,-0.01,38.88,24285.25,-1
2025-06-26,2025-06-26 11:27:00,627.87,627.87,627.83,627.83,-0.01,38.88,24285.25,-1
2025-06-26,2025-06-26 11:28:00,627.83,627.83,627.78,627.78,-0.01,38.88,24285.25,-1
2025-06-26,2025-06-26 11:29:00,627.78,627.78,627.74,627.74,-0.01,38.88,24285.25,-1
2025-06-26,2025-06-26 11:30:00,627.74,627.74,627.7,627.7,-0.01,38.88,24285.25,-1
2025-06-26,2025-06-26 11:31:00,627.7,627.7,627.66,627.66,-0.01,38.88,24285.25,-1
2025-06-26,2025-06-26 11:32:00,627.66,627.66,627.62,627.62,-0.01,38.88,24285.25,-1
2025-06-26,2025-06-26 11:33:00,627.62,627.62,627.57,627.57,-0.01,38.88,24285.25,-1
2025-06-26,2025-06-26 11:34:00,627.57,627.57,627.53,627.53,-0.01,38.88,24285.25,-1
2025-06-26,2025-06-26 11:35:00,627.53,627.53,627.49,627.49,-0.01,38.88,24285.25,-1
2025-06-26,2025-06-26 11:36:00,627.49,627.49,627.45,627.45,-0.01,38.88,24285.25,-1
2025-06-26,2025-06-26 11:37:00,627.45,627.45,627.41,627.41,-0.01,38.88,24285.25,-1
2025-06-26,2025-06-26 11:38:00,627.41,627.41,627.37,627.37,-0.01,38.88,24285.25,-1
2025-06-26,2025-06-26 11:39:00,627.37,627.37,627.32,627.32,-0.01,38.88,24285.25,-1
2025-06-26,2025-06-26 11:40:00,627.32,627.32,627.28,627.28,-0.01,38.88,24285.25,-1
2025-06-26,2025-06-26 11:41:00,627.28,627.28,627.24,627.24,-0.01,38.88,24285.25,-1
2025-06-26,2025-06-26 11:42:00,627.24,627.24,627.2,627.2,-0.01,38.88,24285.25,-1
2025-06-26,2025-06-26 11:43:00,627.2,627.2,627.16,627.16,-0.01,38.88,24285.25,-1
2025-06-26,2025-06-26 11:44:00,627.16,627.16,627.11,627.11,-0.01,38.88,24285.25,-1
2025-06-26,2025-06-26 11:45:00,627.11,627.11,627.07,627.07,-0.01,38.88,24285.25,-1
2025-06-26,2025-06-26 11:46:00,627.07,627.07,627.03,627.03,-0.01,38.88,24285.25,-1
2025-06-26,2025-06-26 11:47:00,627.03,627.03,626.99,626.99,-0.01,38.88,24285.25,-1
2025-06-26,2025-06-26 11:48:00,626.99,626.99,626.95,626.95,-0.01,38.88,24285.25,-1
2025-06-26,2025-06-26 11:49:00,626.95,626.95,626.9,626.9,-0.01,38.88,24285.25,-1
2025-06-26,2025-06-26 11:50:00,626.9,626.9,626.86,626.86,-0.01,38.88,24285.25,-1
2025-06-26,2025-06-26 11:51:00,626.86,626.86,626.82,626.82,-0.01,38.88,24285.25,-1
2025-06-26,2025-06-26 11:52:00,626.82,626.82,626.78,626.78,-0.01,38.88,24285.25,-1
2025-06-26,2025-06-26 11:53:00,626.78,626.78,626.74,626.74,-0.01,38.88,24285.25,-1
2025-06-26,2025-06-26 11:54:00,626.74,626.74,626.69,626.69,-0.01,38.88,24285.25,-1
2025-06-26,2025-06-26 11:55:00,626.69,626.69,626.65,626.65,-0.01,38.88,24285.25,-1
2025-06-26,2025-06-26 11:56:00,626.65,626.65,626.61,626.61,-0.01,38.88,24285.25,-1
2025-06-26,2025-06-26 11:57:00,626.61,626.61,626.57,626.57,-0.01,38.88,24285.25,-1
2025-06-26,2025-06-26 11:58:00,626.57,626.57,626.53,626.53,-0.01,38.88,24285.25,-1
2025-06-26,2025-06-26 11:59:00,626.53,626.53,626.49,626.49,-0.01,38.88,24285.25,-1
2025-06-26,2025-06-26 12:00:00,626.49,626.49,626.44,626.44,-0.01,38.88,24285.25,-1
2025-06-26,2025-06-26 12:01:00,626.44,626.44,626.4,626.4,-0.01,38.88,24285.25,-1
2025-06-26,2025-06-26 12:02:00,626.4,626.4,626.36,626.36,-0.01,38.88,24285.25,-1
2025-06-26,2025-06-26 12:03:00,626.36,626.36,626.32,626.32,-0.01,38.88,24285.25,-1
2025-06-26,2025-06-26 12:04:00,626.32,626.32,626.28,626.28,-0.01,38.88,24285.25,-1
2025-06-26,2025-06-26 12:05:00,626.28,626.28,626.23,626.23,-0.01,38.88,24285.25,-1
2025-06-26,2025-06-26 12:06:00,626.23,626.23,626.19,626.19,-0.01,38.88,24285.25,-1
2025-06-26,2025-06-26 12:07:00,626.19,626.19,626.15,626.15,-0.01,38.88,24285.25,-1
2025-06-26,2025-06-26 12:08:00,626.15,626.15,626.11,626.11,-0.01,38.88,24285.25,-1
2025-06-26,2025-06-26 12:09:00,626.11,626.11,626.07,626.07,-0.01,38.88,24285.25,-1
2025-06-26,2025-06-26 12:10:00,626.07,626.07,626.02,626.02,-0.01,38.88,24285.25,-1
2025-06-26,2025-06-26 12:11:00,626.02,626.02,625.98,625.98,-0.01,38.88,24285.25,-1
2025-06-26,2025-06-26 12:12:00,625.98,625.98,625.94,625.94,-0.01,38.88,24285.25,-1
2025-06-26,2025-06-26 12:13:00,625.94,625.94,625.9,625.9,-0.01,38.88,24285.25,-1
2025-06-26,2025-06-26 12:14:00,625.9,625.9,625.86,625.86,-0.01,38.88,24285.25,-1
2025-06-26,2025-06-26 12:15:00,625.86,625.86,625.81,625.81,-0.01,38.88,24285.25,-1
2025-06-26,2025-06-26 12:16:00,625.81,625.81,625.77,625.77,-0.01,38.88,24285.25,-1
2025-06-26,2025-06-26 12:17:00,625.77,625.77,625.73,625.73,-0.01,38.88,24285.25,-1
2025-06-26,2025-06-26 12:18:00,625.73,625.73,625.69,625.69,-0.01,38.88,24285.25,-1
2025-06-26,2025-06-26 12:19:00,625.69,625.69,625.65,625.65,-0.01,38.88,24285.25,-1
2025-06-26,2025-06-26 12:20:00,625.65,625.65,625.6,625.6,-0.01,38.88,24285.25,-1
2025-06-26,2025-06-26 12:21:00,625.6,625.6,625.56,625.56,-0.01,38.88,24285.25,-1
2025-06-26,2025-06-26 12:22:00,625.56,625.56,625.52,625.52,-0.01,38.88,24285.25,-1
2025-06-26,2025-06-26 12:23:00,625.52,625.52,625.48,625.48,-0.01,38.88,24285.25,-1
2025-06-26,2025-06-26 12:24:00,625.48,625.48,625.44,625.44,-0.01,38.88,24285.25,-1
2025-06-26,2025-06-26 12:25:00,625.44,625.44,625.4,625.4,-0.01,38.88,24285.25,-1
2025-06-26,2025-06-26 12:26:00,625.4,625.4,625.35,625.35,-0.01,38.88,24285.25,-1
2025-06-26,2025-06-26 12:27:00,625.35,625.35,625.31,625.31,-0.01,38.88,24285.25,-1
2025-06-26,2025-06-26 12:28:00,625.31,625.31,625.27,625.27,-0.01,38.88,24285.25,-1
2025-06-26,2025-06-26 12:29:00,625.27,625.27,625.23,625.23,-0.01,38.88,24285.25,-1
2025-06-26,2025-06-26 12:30:00,625.23,625.23,625.19,625.19,-0.01,38.88,24285.25,-1
2025-06-26,2025-06-26 12:31:00,625.19,625.19,625.14,625.14,-0.01,38.88,24285.25,-1
2025-06-26,2025-06-26 12:32:00,625.14,625.14,625.1,625.1,-0.01,38.88,24285.25,-1
2025-06-26,2025-06-26 12:33:00,625.1,625.1,625.06,625.06,-0.01,38.88,24285.25,-1
2025-06-26,2025-06-26 12:34:00,625.06,625.06,625.02,625.02,-0.01,38.88,24285.25,-1
2025-06-26,2025-06-26 12:35:00,625.02,625.02,624.98,624.98,-0.01,38.88,24285.25,-1
2025-06-26,2025-06-26 12:36:00,624.98,624.98,624.93,624.93,-0.01,38.88,24285.25,-1
2025-06-26,2025-06-26 12:37:00,624.93,624.93,624.89,624.89,-0.01,38.88,24285.25,-1
2025-06-26,2025-06-26 12:38:00,624.89,624.89,624.85,624.85,-0.01,38.88,24285.25,-1
2025-06-26,2025-06-26 12:39:00,624.85,624.85,624.81,624.81,-0.01,38.88,24285.25,-1
2025-06-26,2025-06-26 12:40:00,624.81,624.81,624.77,624.77,-0.01,38.88,24285.25,-1
2025-06-26,2025-06-26 12:41:00,624.77,624.77,624.72,624.72,-0.01,38.88,24285.25,-1
2025-06-26,2025-06-26 12:42:00,624.72,624.72,624.68,624.68,-0.01,38.88,24285.25,-1
2025-06-26,2025-06-26 12:43:00,624.68,624.68,624.64,624.64,-0.01,38.88,24285.25,-1
2025-06-26,2025-06-26 12:44:00,624.64,624.64,624.6,624.6,-0.01,38.88,24285.25,-1
2025-06-26,2025-06-26 12:45:00,624.6,624.6,624.56,624.56,-0.01,38.88,24285.25,-1
2025-06-26,2025-06-26 12:46:00,624.56,624.56,624.51,624.51,-0.01,38.88,24285.25,-1
2025-06-26,2025-06-26 12:47:00,624.51,624.51,624.47,624.47,-0.01,38.88,24285.25,-1
2025-06-26,2025-06-26 12:48:00,624.47,624.47,624.43,624.43,-0.01,38.88,24285.25,-1
2025-06-26,2025-06-26 12:49:00,624.43,624.43,624.39,624.39,-0.01,38.88,24285.25,-1
2025-06-26,2025-06-26 12:50:00,624.39,624.39,624.35,624.35,-0.01,38.88,24285.25,-1
2025-06-26,2025-06-26 12:51:00,624.35,624.35,624.31,624.31,-0.01,38.88,24285.25,-1
2025-06-26,2025-06-26 12:52:00,624.31,624.31,624.26,624.26,-0.01,38.88,24285.25,-1
2025-06-26,2025-06-26 12:53:00,624.26,624.26,624.22,624.22,-0.01,38.88,24285.25,-1
2025-06-26,2025-06-26 12:54:00,624.22,624.22,624.18,624.18,-0.01,38.88,24285.25,-1
2025-06-26,2025-06-26 12:55:00,624.18,624.18,624.14,624.14,-0.01,38.88,24285.25,-1
2025-06-26,2025-06-26 12:56:00,624.14,624.14,624.1,624.1,-0.01,38.88,24285.25,-1
2025-06-26,2025-06-26 12:57:00,624.1,624.1,624.05,624.05,-0.01,38.88,24285.25,-1
2025-06-26,2025-06-26 12:58:00,624.05,624.05,624.01,624.01,-0.01,38.88,24285.25,-1
2025-06-26,2025-06-26 12:59:00,624.01,624.01,623.97,623.97,-0.01,38.88,24285.25,-1
2025-06-26,2025-06-26 13:00:00,623.97,640.0,616.5,623.93,-0.01,38.88,24285.25,-1
2025-06-26,2025-06-26 13:01:00,623.93,623.93,623.89,623.89,-0.01,38.88,24285.25,-1
2025-06-26,2025-06-26 13:02:00,623.89,623.89,623.84,623.84,-0.01,38.88,24285.25,-1
2025-06-26,2025-06-26 13:03:00,623.84,623.84,623.8,623.8,-0.01,38.88,24285.25,-1
2025-06-26,2025-06-26 13:04:00,623.8,623.8,623.76,623.76,-0.01,38.88,24285.25,-1
2025-06-26,2025-06-26 13:05:00,623.76,623.76,623.72,623.72,-0.01,38.88,24285.25,-1
2025-06-26,2025-06-26 13:06:00,623.72,623.72,623.68,623.68,-0.01,38.88,24285.25,-1
2025-06-26,2025-06-26 13:07:00,623.68,623.68,623.63,623.63,-0.01,38.88,24285.25,-1
2025-06-26,2025-06-26 13:08:00,623.63,623.63,623.59,623.59,-0.01,38.88,24285.25,-1
2025-06-26,2025-06-26 13:09:00,623.59,623.59,623.55,623.55,-0.01,38.88,24285.25,-1
2025-06-26,2025-06-26 13:10:00,623.55,623.55,623.51,623.51,-0.01,38.88,24285.25,-1
2025-06-26,2025-06-26 13:11:00,623.51,623.51,623.47,623.47,-0.01,38.88,24285.25,-1
2025-06-26,2025-06-26 13:12:00,623.47,623.47,623.43,623.43,-0.01,38.88,24285.25,-1
2025-06-26,2025-06-26 13:13:00,623.43,623.43,623.38,623.38,-0.01,38.88,24285.25,-1
2025-06-26,2025-06-26 13:14:00,623.38,623.38,623.34,623.34,-0.01,38.88,24285.25,-1
2025-06-26,2025-06-26 13:15:00,623.34,623.34,623.3,623.3,-0.01,38.88,24285.25,-1
2025-06-26,2025-06-26 13:16:00,623.3,623.3,623.26,623.26,-0.01,38.88,24285.25,-1
2025-06-26,2025-06-26 13:17:00,623.26,623.26,623.22,623.22,-0.01,38.88,24285.25,-1
2025-06-26,2025-06-26 13:18:00,623.22,623.22,623.17,623.17,-0.01,38.88,24285.25,-1
2025-06-26,2025-06-26 13:19:00,623.17,623.17,623.13,623.13,-0.01,38.88,24285.25,-1
2025-06-26,2025-06-26 13:20:00,623.13,623.13,623.09,623.09,-0.01,38.88,24285.25,-1
2025-06-26,2025-06-26 13:21:00,623.09,623.09,623.05,623.05,-0.01,38.88,24285.25,-1
2025-06-26,2025-06-26 13:22:00,623.05,623.05,623.01,623.01,-0.01,38.88,24285.25,-1
2025-06-26,2025-06-26 13:23:00,623.01,623.01,622.96,622.96,-0.01,38.88,24285.25,-1
2025-06-26,2025-06-26 13:24:00,622.96,622.96,622.92,622.92,-0.01,38.88,24285.25,-1
2025-06-26,2025-06-26 13:25:00,622.92,622.92,622.88,622.88,-0.01,38.88,24285.25,-1
2025-06-26,2025-06-26 13:26:00,622.88,622.88,622.84,622.84,-0.01,38.88,24285.25,-1
2025-06-26,2025-06-26 13:27:00,622.84,622.84,622.8,622.8,-0.01,38.88,24285.25,-1
2025-06-26,2025-06-26 13:28:00,622.8,622.8,622.75,622.75,-0.01,38.88,24285.25,-1
2025-06-26,2025-06-26 13:29:00,622.75,622.75,622.71,622.71,-0.01,38.88,24285.25,-1
2025-06-26,2025-06-26 13:30:00,622.71,622.71,622.67,622.67,-0.01,38.88,24285.25,-1
2025-06-26,2025-06-26 13:31:00,622.67,622.67,622.63,622.63,-0.01,38.88,24285.25,-1
2025-06-26,2025-06-26 13:32:00,622.63,622.63,622.59,622.59,-0.01,38.88,24285.25,-1
2025-06-26,2025-06-26 13:33:00,622.59,622.59,622.54,622.54,-0.01,38.88,24285.25,-1
2025-06-26,2025-06-26 13:34:00,622.54,622.54,622.5,622.5,-0.01,38.88,24285.25,-1
2025-06-26,2025-06-26 13:35:00,622.5,622.5,622.46,622.46,-0.01,38.88,24285.25,-1
2025-06-26,2025-06-26 13:36:00,622.46,622.46,622.42,622.42,-0.01,38.88,24285.25,-1
2025-06-26,2025-06-26 13:37:00,622.42,622.42,622.38,622.38,-0.01,38.88,24285.25,-1
2025-06-26,2025-06-26 13:38:00,622.38,622.38,622.34,622.34,-0.01,38.88,24285.25,-1
2025-06-26,2025-06-26 13:39:00,622.34,622.34,622.29,622.29,-0.01,38.88,24285.25,-1
2025-06-26,2025-06-26 13:40:00,622.29,622.29,622.25,622.25,-0.01,38.88,24285.25,-1
2025-06-26,2025-06-26 13:41:00,622.25,622.25,622.21,622.21,-0.01,38.88,24285.25,-1
2025-06-26,2025-06-26 13:42:00,622.21,622.21,622.17,622.17,-0.01,38.88,24285.25,-1
2025-06-26,2025-06-26 13:43:00,622.17,622.17,622.13,622.13,-0.01,38.88,24285.25,-1
2025-06-26,2025-06-26 13:44:00,622.13,622.13,622.08,622.08,-0.01,38.88,24285.25,-1
2025-06-26,2025-06-26 13:45:00,622.08,622.08,622.04,622.04,-0.01,38.88,24285.25,-1
2025-06-26,2025-06-26 13:46:00,622.04,622.04,622.0,622.0,-0.01,38.88,24285.25,-1
2025-06-26,2025-06-26 13:47:00,622.0,622.0,621.96,621.96,-0.01,38.88,24285.25,-1
2025-06-26,2025-06-26 13:48:00,621.96,621.96,621.92,621.92,-0.01,38.88,24285.25,-1
2025-06-26,2025-06-26 13:49:00,621.92,621.92,621.87,621.87,-0.01,38.88,24285.25,-1
2025-06-26,2025-06-26 13:50:00,621.87,621.87,621.83,621.83,-0.01,38.88,24285.25,-1
2025-06-26,2025-06-26 13:51:00,621.83,621.83,621.79,621.79,-0.01,38.88,24285.25,-1
2025-06-26,2025-06-26 13:52:00,621.79,621.79,621.75,621.75,-0.01,38.88,24285.25,-1
2025-06-26,2025-06-26 13:53:00,621.75,621.75,621.71,621.71,-0.01,38.88,24285.25,-1
2025-06-26,2025-06-26 13:54:00,621.71,621.71,621.66,621.66,-0.01,38.88,24285.25,-1
2025-06-26,2025-06-26 13:55:00,621.66,621.66,621.62,621.62,-0.01,38.88,24285.25,-1
2025-06-26,2025-06-26 13:56:00,621.62,621.62,621.58,621.58,-0.01,38.88,24285.25,-1
2025-06-26,2025-06-26 13:57:00,621.58,621.58,621.54,621.54,-0.01,38.88,24285.25,-1
2025-06-26,2025-06-26 13:58:00,621.54,621.54,621.5,621.5,-0.01,38.88,24285.25,-1
2025-06-26,2025-06-26 13:59:00,621.5,621.5,621.46,621.46,-0.01,38.88,24285.25,-1
2025-06-26,2025-06-26 14:00:00,621.46,621.46,621.41,621.41,-0.01,38.88,24285.25,-1
2025-06-26,2025-06-26 14:01:00,621.41,621.41,621.37,621.37,-0.01,38.88,24285.25,-1
2025-06-26,2025-06-26 14:02:00,621.37,621.37,621.33,621.33,-0.01,38.88,24285.25,-1
2025-06-26,2025-06-26 14:03:00,621.33,621.33,621.29,621.29,-0.01,38.88,24285.25,-1
2025-06-26,2025-06-26 14:04:00,621.29,621.29,621.25,621.25,-0.01,38.88,24285.25,-1
2025-06-26,2025-06-26 14:05:00,621.25,621.25,621.2,621.2,-0.01,38.88,24285.25,-1
2025-06-26,2025-06-26 14:06:00,621.2,621.2,621.16,621.16,-0.01,38.88,24285.25,-1
2025-06-26,2025-06-26 14:07:00,621.16,621.16,621.12,621.12,-0.01,38.88,24285.25,-1
2025-06-26,2025-06-26 14:08:00,621.12,621.12,621.08,621.08,-0.01,38.88,24285.25,-1
2025-06-26,2025-06-26 14:09:00,621.08,621.08,621.04,621.04,-0.01,38.88,24285.25,-1
2025-06-26,2025-06-26 14:10:00,621.04,621.04,620.99,620.99,-0.01,38.88,24285.25,-1
2025-06-26,2025-06-26 14:11:00,620.99,620.99,620.95,620.95,-0.01,38.88,24285.25,-1
2025-06-26,2025-06-26 14:12:00,620.95,620.95,620.91,620.91,-0.01,38.88,24285.25,-1
2025-06-26,2025-06-26 14:13:00,620.91,620.91,620.87,620.87,-0.01,38.88,24285.25,-1
2025-06-26,2025-06-26 14:14:00,620.87,620.87,620.83,620.83,-0.01,38.88,24285.25,-1
2025-06-26,2025-06-26 14:15:00,620.83,620.83,620.78,620.78,-0.01,38.88,24285.25,-1
2025-06-26,2025-06-26 14:16:00,620.78,620.78,620.74,620.74,-0.01,38.88,24285.25,-1
2025-06-26,2025-06-26 14:17:00,620.74,620.74,620.7,620.7,-0.01,38.88,24285.25,-1
2025-06-26,2025-06-26 14:18:00,620.7,620.7,620.66,620.66,-0.01,38.88,24285.25,-1
2025-06-26,2025-06-26 14:19:00,620.66,620.66,620.62,620.62,-0.01,38.88,24285.25,-1
2025-06-26,2025-06-26 14:20:00,620.62,620.62,620.57,620.57,-0.01,38.88,24285.25,-1
2025-06-26,2025-06-26 14:21:00,620.57,620.57,620.53,620.53,-0.01,38.88,24285.25,-1
2025-06-26,2025-06-26 14:22:00,620.53,620.53,620.49,620.49,-0.01,38.88,24285.25,-1
2025-06-26,2025-06-26 14:23:00,620.49,620.49,620.45,620.45,-0.01,38.88,24285.25,-1
2025-06-26,2025-06-26 14:24:00,620.45,620.45,620.41,620.41,-0.01,38.88,24285.25,-1
2025-06-26,2025-06-26 14:25:00,620.41,620.41,620.37,620.37,-0.01,38.88,24285.25,-1
2025-06-26,2025-06-26 14:26:00,620.37,620.37,620.32,620.32,-0.01,38.88,24285.25,-1
2025-06-26,2025-06-26 14:27:00,620.32,620.32,620.28,620.28,-0.01,38.88,24285.25,-1
2025-06-26,2025-06-26 14:28:00,620.28,620.28,620.24,620.24,-0.01,38.88,24285.25,-1
2025-06-26,2025-06-26 14:29:00,620.24,620.24,620.2,620.2,-0.01,38.88,24285.25,-1
2025-06-26,2025-06-26 14:30:00,620.2,620.2,620.16,620.16,-0.01,38.88,24285.25,-1
2025-06-26,2025-06-26 14:31:00,620.16,620.16,620.11,620.11,-0.01,38.88,24285.25,-1
2025-06-26,2025-06-26 14:32:00,620.11,620.11,620.07,620.07,-0.01,38.88,24285.25,-1
2025-06-26,2025-06-26 14:33:00,620.07,620.07,620.03,620.03,-0.01,38.88,24285.25,-1
2025-06-26,2025-06-26 14:34:00,620.03,620.03,619.99,619.99,-0.01,38.88,24285.25,-1
2025-06-26,2025-06-26 14:35:00,619.99,619.99,619.95,619.95,-0.01,38.88,24285.25,-1
2025-06-26,2025-06-26 14:36:00,619.95,619.95,619.9,619.9,-0.01,38.88,24285.25,-1
2025-06-26,2025-06-26 14:37:00,619.9,619.9,619.86,619.86,-0.01,38.88,24285.25,-1
2025-06-26,2025-06-26 14:38:00,619.86,619.86,619.82,619.82,-0.01,38.88,24285.25,-1
2025-06-26,2025-06-26 14:39:00,619.82,619.82,619.78,619.78,-0.01,38.88,24285.25,-1
2025-06-26,2025-06-26 14:40:00,619.78,619.78,619.74,619.74,-0.01,38.88,24285.25,-1
2025-06-26,2025-06-26 14:41:00,619.74,619.74,619.69,619.69,-0.01,38.88,24285.25,-1
2025-06-26,2025-06-26 14:42:00,619.69,619.69,619.65,619.65,-0.01,38.88,24285.25,-1
2025-06-26,2025-06-26 14:43:00,619.65,619.65,619.61,619.61,-0.01,38.88,24285.25,-1
2025-06-26,2025-06-26 14:44:00,619.61,619.61,619.57,619.57,-0.01,38.88,24285.25,-1
2025-06-26,2025-06-26 14:45:00,619.57,619.57,619.53,619.53,-0.01,38.88,24285.25,-1
2025-06-26,2025-06-26 14:46:00,619.53,619.53,619.48,619.48,-0.01,38.88,24285.25,-1
2025-06-26,2025-06-26 14:47:00,619.48,619.48,619.44,619.44,-0.01,38.88,24285.25,-1
2025-06-26,2025-06-26 14:48:00,619.44,619.44,619.4,619.4,-0.01,38.88,24285.25,-1
2025-06-26,2025-06-26 14:49:00,619.4,619.4,619.36,619.36,-0.01,38.88,24285.25,-1
2025-06-26,2025-06-26 14:50:00,619.36,619.36,619.32,619.32,-0.01,38.88,24285.25,-1
2025-06-26,2025-06-26 14:51:00,619.32,619.32,619.28,619.28,-0.01,38.88,24285.25,-1
2025-06-26,2025-06-26 14:52:00,619.28,619.28,619.23,619.23,-0.01,38.88,24285.25,-1
2025-06-26,2025-06-26 14:53:00,619.23,619.23,619.19,619.19,-0.01,38.88,24285.25,-1
2025-06-26,2025-06-26 14:54:00,619.19,619.19,619.15,619.15,-0.01,38.88,24285.25,-1
2025-06-26,2025-06-26 14:55:00,619.15,619.15,619.11,619.11,-0.01,38.88,24285.25,-1
2025-06-26,2025-06-26 14:56:00,619.11,619.11,619.07,619.07,-0.01,38.88,24285.25,-1
2025-06-26,2025-06-26 14:57:00,619.07,619.07,619.02,619.02,-0.01,38.88,24285.25,-1
2025-06-26,2025-06-26 14:58:00,619.02,619.02,618.98,618.98,-0.01,38.88,24285.25,-1
2025-06-26,2025-06-26 14:59:00,618.98,618.98,618.94,618.94,-0.01,38.88,24285.25,-1
2025-06-26,2025-06-26 15:00:00,618.94,640.0,616.5,618.94,0.0,38.88,24285.25,0
2025-06-29,2025-06-29 11:00:00,631.3,639.91,630.91,631.31,0.0,70.35,44936.97,1
2025-06-29,2025-06-29 11:01:00,631.31,631.31,631.31,631.31,0.0,70.35,44936.97,0
2025-06-29,2025-06-29 11:02:00,631.31,631.32,631.31,631.32,0.0,70.35,44936.97,1
2025-06-29,2025-06-29 11:03:00,631.32,631.33,631.32,631.33,0.0,70.35,44936.97,1
2025-06-29,2025-06-29 11:04:00,631.33,631.34,631.33,631.34,0.0,70.35,44936.97,1
2025-06-29,2025-06-29 11:05:00,631.34,631.34,631.34,631.34,0.0,70.35,44936.97,0
2025-06-29,2025-06-29 11:06:00,631.34,631.35,631.34,631.35,0.0,70.35,44936.97,1
2025-06-29,2025-06-29 11:07:00,631.35,631.36,631.35,631.36,0.0,70.35,44936.97,1
2025-06-29,2025-06-29 11:08:00,631.36,631.37,631.36,631.37,0.0,70.35,44936.97,1
2025-06-29,2025-06-29 11:09:00,631.37,631.38,631.37,631.38,0.0,70.35,44936.97,1
2025-06-29,2025-06-29 11:10:00,631.38,631.38,631.38,631.38,0.0,70.35,44936.97,0
2025-06-29,2025-06-29 11:11:00,631.38,631.39,631.38,631.39,0.0,70.35,44936.97,1
2025-06-29,2025-06-29 11:12:00,631.39,631.4,631.39,631.4,0.0,70.35,44936.97,1
2025-06-29,2025-06-29 11:13:00,631.4,631.4,631.4,631.4,0.0,70.35,44936.97,0
2025-06-29,2025-06-29 11:14:00,631.4,631.41,631.4,631.41,0.0,70.35,44936.97,1
2025-06-29,2025-06-29 11:15:00,631.41,631.42,631.41,631.42,0.0,70.35,44936.97,1
2025-06-29,2025-06-29 11:16:00,631.42,631.43,631.42,631.43,0.0,70.35,44936.97,1
2025-06-29,2025-06-29 11:17:00,631.43,631.43,631.43,631.43,0.0,70.35,44936.97,0
2025-06-29,2025-06-29 11:18:00,631.43,631.44,631.43,631.44,0.0,70.35,44936.97,1
2025-06-29,2025-06-29 11:19:00,631.44,631.45,631.44,631.45,0.0,70.35,44936.97,1
2025-06-29,2025-06-29 11:20:00,631.45,631.46,631.45,631.46,0.0,70.35,44936.97,1
2025-06-29,2025-06-29 11:21:00,631.46,631.46,631.46,631.46,0.0,70.35,44936.97,0
2025-06-29,2025-06-29 11:22:00,631.46,631.47,631.46,631.47,0.0,70.35,44936.97,1
2025-06-29,2025-06-29 11:23:00,631.47,631.48,631.47,631.48,0.0,70.35,44936.97,1
2025-06-29,2025-06-29 11:24:00,631.48,631.49,631.48,631.49,0.0,70.35,44936.97,1
2025-06-29,2025-06-29 11:25:00,631.49,631.5,631.49,631.5,0.0,70.35,44936.97,1
2025-06-29,2025-06-29 11:26:00,631.5,631.5,631.5,631.5,0.0,70.35,44936.97,0
2025-06-29,2025-06-29 11:27:00,631.5,631.51,631.5,631.51,0.0,70.35,44936.97,1
2025-06-29,2025-06-29 11:28:00,631.51,631.52,631.51,631.52,0.0,70.35,44936.97,1
2025-06-29,2025-06-29 11:29:00,631.52,631.52,631.52,631.52,0.0,70.35,44936.97,0
2025-06-29,2025-06-29 11:30:00,631.52,631.53,631.52,631.53,0.0,70.35,44936.97,1
2025-06-29,2025-06-29 11:31:00,631.53,631.54,631.53,631.54,0.0,70.35,44936.97,1
2025-06-29,2025-06-29 11:32:00,631.54,631.55,631.54,631.55,0.0,70.35,44936.97,1
2025-06-29,2025-06-29 11:33:00,631.55,631.55,631.55,631.55,0.0,70.35,44936.97,0
2025-06-29,2025-06-29 11:34:00,631.55,631.56,631.55,631.56,0.0,70.35,44936.97,1
2025-06-29,2025-06-29 11:35:00,631.56,631.57,631.56,631.57,0.0,70.35,44936.97,1
2025-06-29,2025-06-29 11:36:00,631.57,631.58,631.57,631.58,0.0,70.35,44936.97,1
2025-06-29,2025-06-29 11:37:00,631.58,631.58,631.58,631.58,0.0,70.35,44936.97,0
2025-06-29,2025-06-29 11:38:00,631.58,631.59,631.58,631.59,0.0,70.35,44936.97,1
2025-06-29,2025-06-29 11:39:00,631.59,631.6,631.59,631.6,0.0,70.35,44936.97,1
2025-06-29,2025-06-29 11:40:00,631.6,631.61,631.6,631.61,0.0,70.35,44936.97,1
2025-06-29,2025-06-29 11:41:00,631.61,631.62,631.61,631.62,0.0,70.35,44936.97,1
2025-06-29,2025-06-29 11:42:00,631.62,631.62,631.62,631.62,0.0,70.35,44936.97,0
2025-06-29,2025-06-29 11:43:00,631.62,631.63,631.62,631.63,0.0,70.35,44936.97,1
2025-06-29,2025-06-29 11:44:00,631.63,631.64,631.63,631.64,0.0,70.35,44936.97,1
2025-06-29,2025-06-29 11:45:00,631.64,631.64,631.64,631.64,0.0,70.35,44936.97,0
2025-06-29,2025-06-29 11:46:00,631.64,631.65,631.64,631.65,0.0,70.35,44936.97,1
2025-06-29,2025-06-29 11:47:00,631.65,631.66,631.65,631.66,0.0,70.35,44936.97,1
2025-06-29,2025-06-29 11:48:00,631.66,631.67,631.66,631.67,0.0,70.35,44936.97,1
2025-06-29,2025-06-29 11:49:00,631.67,631.67,631.67,631.67,0.0,70.35,44936.97,0
2025-06-29,2025-06-29 11:50:00,631.67,631.68,631.67,631.68,0.0,70.35,44936.97,1
2025-06-29,2025-06-29 11:51:00,631.68,631.69,631.68,631.69,0.0,70.35,44936.97,1
2025-06-29,2025-06-29 11:52:00,631.69,631.7,631.69,631.7,0.0,70.35,44936.97,1
2025-06-29,2025-06-29 11:53:00,631.7,631.7,631.7,631.7,0.0,70.35,44936.97,0
2025-06-29,2025-06-29 11:54:00,631.7,631.71,631.7,631.71,0.0,70.35,44936.97,1
2025-06-29,2025-06-29 11:55:00,631.71,631.72,631.71,631.72,0.0,70.35,44936.97,1
2025-06-29,2025-06-29 11:56:00,631.72,631.73,631.72,631.73,0.0,70.35,44936.97,1
2025-06-29,2025-06-29 11:57:00,631.73,631.74,631.73,631.74,0.0,70.35,44936.97,1
2025-06-29,2025-06-29 11:58:00,631.74,631.74,631.74,631.74,0.0,70.35,44936.97,0
2025-06-29,2025-06-29 11:59:00,631.74,631.75,631.74,631.75,0.0,70.35,44936.97,1
2025-06-29,2025-06-29 12:00:00,631.75,631.76,631.75,631.76,0.0,70.35,44936.97,1
2025-06-29,2025-06-29 12:01:00,631.76,631.76,631.76,631.76,0.0,70.35,44936.97,0
2025-06-29,2025-06-29 12:02:00,631.76,631.77,631.76,631.77,0.0,70.35,44936.97,1
2025-06-29,2025-06-29 12:03:00,631.77,631.78,631.77,631.78,0.0,70.35,44936.97,1
2025-06-29,2025-06-29 12:04:00,631.78,631.79,631.78,631.79,0.0,70.35,44936.97,1
2025-06-29,2025-06-29 12:05:00,631.79,631.79,631.79,631.79,0.0,70.35,44936.97,0
2025-06-29,2025-06-29 12:06:00,631.79,631.8,631.79,631.8,0.0,70.35,44936.97,1
2025-06-29,2025-06-29 12:07:00,631.8,631.81,631.8,631.81,0.0,70.35,44936.97,1
2025-06-29,2025-06-29 12:08:00,631.81,631.82,631.81,631.82,0.0,70.35,44936.97,1
2025-06-29,2025-06-29 12:09:00,631.82,631.82,631.82,631.82,0.0,70.35,44936.97,0
2025-06-29,2025-06-29 12:10:00,631.82,631.83,631.82,631.83,0.0,70.35,44936.97,1
2025-06-29,2025-06-29 12:11:00,631.83,631.84,631.83,631.84,0.0,70.35,44936.97,1
2025-06-29,2025-06-29 12:12:00,631.84,631.85,631.84,631.85,0.0,70.35,44936.97,1
2025-06-29,2025-06-29 12:13:00,631.85,631.86,631.85,631.86,0.0,70.35,44936.97,1
2025-06-29,2025-06-29 12:14:00,631.86,631.86,631.86,631.86,0.0,70.35,44936.97,0
2025-06-29,2025-06-29 12:15:00,631.86,631.87,631.86,631.87,0.0,70.35,44936.97,1
2025-06-29,2025-06-29 12:16:00,631.87,631.88,631.87,631.88,0.0,70.35,44936.97,1
2025-06-29,2025-06-29 12:17:00,631.88,631.88,631.88,631.88,0.0,70.35,44936.97,0
2025-06-29,2025-06-29 12:18:00,631.88,631.89,631.88,631.89,0.0,70.35,44936.97,1
2025-06-29,2025-06-29 12:19:00,631.89,631.9,631.89,631.9,0.0,70.35,44936.97,1
2025-06-29,2025-06-29 12:20:00,631.9,631.91,631.9,631.91,0.0,70.35,44936.97,1
2025-06-29,2025-06-29 12:21:00,631.91,631.91,631.91,631.91,0.0,70.35,44936.97,0
2025-06-29,2025-06-29 12:22:00,631.91,631.92,631.91,631.92,0.0,70.35,44936.97,1
2025-06-29,2025-06-29 12:23:00,631.92,631.93,631.92,631.93,0.0,70.35,44936.97,1
2025-06-29,2025-06-29 12:24:00,631.93,631.94,631.93,631.94,0.0,70.35,44936.97,1
2025-06-29,2025-06-29 12:25:00,631.94,631.94,631.94,631.94,0.0,70.35,44936.97,0
2025-06-29,2025-06-29 12:26:00,631.94,631.95,631.94,631.95,0.0,70.35,44936.97,1
2025-06-29,2025-06-29 12:27:00,631.95,631.96,631.95,631.96,0.0,70.35,44936.97,1
2025-06-29,2025-06-29 12:28:00,631.96,631.97,631.96,631.97,0.0,70.35,44936.97,1
2025-06-29,2025-06-29 12:29:00,631.97,631.98,631.97,631.98,0.0,70.35,44936.97,1
2025-06-29,2025-06-29 12:30:00,631.98,631.98,631.98,631.98,0.0,70.35,44936.97,0
2025-06-29,2025-06-29 12:31:00,631.98,631.99,631.98,631.99,0.0,70.35,44936.97,1
2025-06-29,2025-06-29 12:32:00,631.99,632.0,631.99,632.0,0.0,70.35,44936.97,1
2025-06-29,2025-06-29 12:33:00,632.0,632.0,632.0,632.0,0.0,70.35,44936.97,0
2025-06-29,2025-06-29 12:34:00,632.0,632.01,632.0,632.01,0.0,70.35,44936.97,1
2025-06-29,2025-06-29 12:35:00,632.01,632.02,632.01,632.02,0.0,70.35,44936.97,1
2025-06-29,2025-06-29 12:36:00,632.02,632.03,632.02,632.03,0.0,70.35,44936.97,1
2025-06-29,2025-06-29 12:37:00,632.03,632.03,632.03,632.03,0.0,70.35,44936.97,0
2025-06-29,2025-06-29 12:38:00,632.03,632.04,632.03,632.04,0.0,70.35,44936.97,1
2025-06-29,2025-06-29 12:39:00,632.04,632.05,632.04,632.05,0.0,70.35,44936.97,1
2025-06-29,2025-06-29 12:40:00,632.05,632.06,632.05,632.06,0.0,70.35,44936.97,1
2025-06-29,2025-06-29 12:41:00,632.06,632.06,632.06,632.06,0.0,70.35,44936.97,0
2025-06-29,2025-06-29 12:42:00,632.06,632.07,632.06,632.07,0.0,70.35,44936.97,1
2025-06-29,2025-06-29 12:43:00,632.07,632.08,632.07,632.08,0.0,70.35,44936.97,1
2025-06-29,2025-06-29 12:44:00,632.08,632.09,632.08,632.09,0.0,70.35,44936.97,1
2025-06-29,2025-06-29 12:45:00,632.09,632.1,632.09,632.1,0.0,70.35,44936.97,1
2025-06-29,2025-06-29 12:46:00,632.1,632.1,632.1,632.1,0.0,70.35,44936.97,0
2025-06-29,2025-06-29 12:47:00,632.1,632.11,632.1,632.11,0.0,70.35,44936.97,1
2025-06-29,2025-06-29 12:48:00,632.11,632.12,632.11,632.12,0.0,70.35,44936.97,1
2025-06-29,2025-06-29 12:49:00,632.12,632.12,632.12,632.12,0.0,70.35,44936.97,0
2025-06-29,2025-06-29 12:50:00,632.12,632.13,632.12,632.13,0.0,70.35,44936.97,1
2025-06-29,2025-06-29 12:51:00,632.13,632.14,632.13,632.14,0.0,70.35,44936.97,1
2025-06-29,2025-06-29 12:52:00,632.14,632.15,632.14,632.15,0.0,70.35,44936.97,1
2025-06-29,2025-06-29 12:53:00,632.15,632.15,632.15,632.15,0.0,70.35,44936.97,0
2025-06-29,2025-06-29 12:54:00,632.15,632.16,632.15,632.16,0.0,70.35,44936.97,1
2025-06-29,2025-06-29 12:55:00,632.16,632.17,632.16,632.17,0.0,70.35,44936.97,1
2025-06-29,2025-06-29 12:56:00,632.17,632.18,632.17,632.18,0.0,70.35,44936.97,1
2025-06-29,2025-06-29 12:57:00,632.18,632.18,632.18,632.18,0.0,70.35,44936.97,0
2025-06-29,2025-06-29 12:58:00,632.18,632.19,632.18,632.19,0.0,70.35,44936.97,1
2025-06-29,2025-06-29 12:59:00,632.19,632.2,632.19,632.2,0.0,70.35,44936.97,1
2025-06-29,2025-06-29 13:00:00,632.2,660.0,630.0,632.21,0.0,70.35,44936.97,1
2025-06-29,2025-06-29 13:01:00,632.21,632.22,632.21,632.22,0.0,70.35,44936.97,1
2025-06-29,2025-06-29 13:02:00,632.22,632.22,632.22,632.22,0.0,70.35,44936.97,0
2025-06-29,2025-06-29 13:03:00,632.22,632.23,632.22,632.23,0.0,70.35,44936.97,1
2025-06-29,2025-06-29 13:04:00,632.23,632.24,632.23,632.24,0.0,70.35,44936.97,1
2025-06-29,2025-06-29 13:05:00,632.24,632.25,632.24,632.25,0.0,70.35,44936.97,1
2025-06-29,2025-06-29 13:06:00,632.25,632.25,632.25,632.25,0.0,70.35,44936.97,0
2025-06-29,2025-06-29 13:07:00,632.25,632.26,632.25,632.26,0.0,70.35,44936.97,1
2025-06-29,2025-06-29 13:08:00,632.26,632.27,632.26,632.27,0.0,70.35,44936.97,1
2025-06-29,2025-06-29 13:09:00,632.27,632.27,632.27,632.27,0.0,70.35,44936.97,0
2025-06-29,2025-06-29 13:10:00,632.27,632.28,632.27,632.28,0.0,70.35,44936.97,1
2025-06-29,2025-06-29 13:11:00,632.28,632.29,632.28,632.29,0.0,70.35,44936.97,1
2025-06-29,2025-06-29 13:12:00,632.29,632.3,632.29,632.3,0.0,70.35,44936.97,1
2025-06-29,2025-06-29 13:13:00,632.3,632.3,632.3,632.3,0.0,70.35,44936.97,0
2025-06-29,2025-06-29 13:14:00,632.3,632.31,632.3,632.31,0.0,70.35,44936.97,1
2025-06-29,2025-06-29 13:15:00,632.31,632.32,632.31,632.32,0.0,70.35,44936.97,1
2025-06-29,2025-06-29 13:16:00,632.32,632.33,632.32,632.33,0.0,70.35,44936.97,1
2025-06-29,2025-06-29 13:17:00,632.33,632.34,632.33,632.34,0.0,70.35,44936.97,1
2025-06-29,2025-06-29 13:18:00,632.34,632.34,632.34,632.34,0.0,70.35,44936.97,0
2025-06-29,2025-06-29 13:19:00,632.34,632.35,632.34,632.35,0.0,70.35,44936.97,1
2025-06-29,2025-06-29 13:20:00,632.35,632.36,632.35,632.36,0.0,70.35,44936.97,1
2025-06-29,2025-06-29 13:21:00,632.36,632.37,632.36,632.37,0.0,70.35,44936.97,1
2025-06-29,2025-06-29 13:22:00,632.37,632.37,632.37,632.37,0.0,70.35,44936.97,0
2025-06-29,2025-06-29 13:23:00,632.37,632.38,632.37,632.38,0.0,70.35,44936.97,1
2025-06-29,2025-06-29 13:24:00,632.38,632.39,632.38,632.39,0.0,70.35,44936.97,1
2025-06-29,2025-06-29 13:25:00,632.39,632.39,632.39,632.39,0.0,70.35,44936.97,0
2025-06-29,2025-06-29 13:26:00,632.39,632.4,632.39,632.4,0.0,70.35,44936.97,1
2025-06-29,2025-06-29 13:27:00,632.4,632.41,632.4,632.41,0.0,70.35,44936.97,1
2025-06-29,2025-06-29 13:28:00,632.41,632.42,632.41,632.42,0.0,70.35,44936.97,1
2025-06-29,2025-06-29 13:29:00,632.42,632.42,632.42,632.42,0.0,70.35,44936.97,0
2025-06-29,2025-06-29 13:30:00,632.42,632.43,632.42,632.43,0.0,70.35,44936.97,1
2025-06-29,2025-06-29 13:31:00,632.43,632.44,632.43,632.44,0.0,70.35,44936.97,1
2025-06-29,2025-06-29 13:32:00,632.44,632.45,632.44,632.45,0.0,70.35,44936.97,1
2025-06-29,2025-06-29 13:33:00,632.45,632.46,632.45,632.46,0.0,70.35,44936.97,1
2025-06-29,2025-06-29 13:34:00,632.46,632.46,632.46,632.46,0.0,70.35,44936.97,0
2025-06-29,2025-06-29 13:35:00,632.46,632.47,632.46,632.47,0.0,70.35,44936.97,1
2025-06-29,2025-06-29 13:36:00,632.47,632.48,632.47,632.48,0.0,70.35,44936.97,1
2025-06-29,2025-06-29 13:37:00,632.48,632.49,632.48,632.49,0.0,70.35,44936.97,1
2025-06-29,2025-06-29 13:38:00,632.49,632.49,632.49,632.49,0.0,70.35,44936.97,0
2025-06-29,2025-06-29 13:39:00,632.49,632.5,632.49,632.5,0.0,70.35,44936.97,1
2025-06-29,2025-06-29 13:40:00,632.5,632.51,632.5,632.51,0.0,70.35,44936.97,1
2025-06-29,2025-06-29 13:41:00,632.51,632.51,632.51,632.51,0.0,70.35,44936.97,0
2025-06-29,2025-06-29 13:42:00,632.51,632.52,632.51,632.52,0.0,70.35,44936.97,1
2025-06-29,2025-06-29 13:43:00,632.52,632.53,632.52,632.53,0.0,70.35,44936.97,1
2025-06-29,2025-06-29 13:44:00,632.53,632.54,632.53,632.54,0.0,70.35,44936.97,1
2025-06-29,2025-06-29 13:45:00,632.54,632.54,632.54,632.54,0.0,70.35,44936.97,0
2025-06-29,2025-06-29 13:46:00,632.54,632.55,632.54,632.55,0.0,70.35,44936.97,1
2025-06-29,2025-06-29 13:47:00,632.55,632.56,632.55,632.56,0.0,70.35,44936.97,1
2025-06-29,2025-06-29 13:48:00,632.56,632.57,632.56,632.57,0.0,70.35,44936.97,1
2025-06-29,2025-06-29 13:49:00,632.57,632.58,632.57,632.58,0.0,70.35,44936.97,1
2025-06-29,2025-06-29 13:50:00,632.58,632.58,632.58,632.58,0.0,70.35,44936.97,0
2025-06-29,2025-06-29 13:51:00,632.58,632.59,632.58,632.59,0.0,70.35,44936.97,1
2025-06-29,2025-06-29 13:52:00,632.59,632.6,632.59,632.6,0.0,70.35,44936.97,1
2025-06-29,2025-06-29 13:53:00,632.6,632.61,632.6,632.61,0.0,70.35,44936.97,1
2025-06-29,2025-06-29 13:54:00,632.61,632.61,632.61,632.61,0.0,70.35,44936.97,0
2025-06-29,2025-06-29 13:55:00,632.61,632.62,632.61,632.62,0.0,70.35,44936.97,1
2025-06-29,2025-06-29 13:56:00,632.62,632.63,632.62,632.63,0.0,70.35,44936.97,1
2025-06-29,2025-06-29 13:57:00,632.63,632.63,632.63,632.63,0.0,70.35,44936.97,0
2025-06-29,2025-06-29 13:58:00,632.63,632.64,632.63,632.64,0.0,70.35,44936.97,1
2025-06-29,2025-06-29 13:59:00,632.64,632.65,632.64,632.65,0.0,70.35,44936.97,1
2025-06-29,2025-06-29 14:00:00,632.65,632.66,632.65,632.66,0.0,70.35,44936.97,1
2025-06-29,2025-06-29 14:01:00,632.66,632.66,632.66,632.66,0.0,70.35,44936.97,0
2025-06-29,2025-06-29 14:02:00,632.66,632.67,632.66,632.67,0.0,70.35,44936.97,1
2025-06-29,2025-06-29 14:03:00,632.67,632.68,632.67,632.68,0.0,70.35,44936.97,1
2025-06-29,2025-06-29 14:04:00,632.68,632.69,632.68,632.69,0.0,70.35,44936.97,1
2025-06-29,2025-06-29 14:05:00,632.69,632.7,632.69,632.7,0.0,70.35,44936.97,1
2025-06-29,2025-06-29 14:06:00,632.7,632.7,632.7,632.7,0.0,70.35,44936.97,0
2025-06-29,2025-06-29 14:07:00,632.7,632.71,632.7,632.71,0.0,70.35,44936.97,1
2025-06-29,2025-06-29 14:08:00,632.71,632.72,632.71,632.72,0.0,70.35,44936.97,1
2025-06-29,2025-06-29 14:09:00,632.72,632.73,632.72,632.73,0.0,70.35,44936.97,1
2025-06-29,2025-06-29 14:10:00,632.73,632.73,632.73,632.73,0.0,70.35,44936.97,0
2025-06-29,2025-06-29 14:11:00,632.73,632.74,632.73,632.74,0.0,70.35,44936.97,1
2025-06-29,2025-06-29 14:12:00,632.74,632.75,632.74,632.75,0.0,70.35,44936.97,1
2025-06-29,2025-06-29 14:13:00,632.75,632.75,632.75,632.75,0.0,70.35,44936.97,0
2025-06-29,2025-06-29 14:14:00,632.75,632.76,632.75,632.76,0.0,70.35,44936.97,1
2025-06-29,2025-06-29 14:15:00,632.76,632.77,632.76,632.77,0.0,70.35,44936.97,1
2025-06-29,2025-06-29 14:16:00,632.77,632.78,632.77,632.78,0.0,70.35,44936.97,1
2025-06-29,2025-06-29 14:17:00,632.78,632.78,632.78,632.78,0.0,70.35,44936.97,0
2025-06-29,2025-06-29 14:18:00,632.78,632.79,632.78,632.79,0.0,70.35,44936.97,1
2025-06-29,2025-06-29 14:19:00,632.79,632.8,632.79,632.8,0.0,70.35,44936.97,1
2025-06-29,2025-06-29 14:20:00,632.8,632.81,632.8,632.81,0.0,70.35,44936.97,1
2025-06-29,2025-06-29 14:21:00,632.81,632.82,632.81,632.82,0.0,70.35,44936.97,1
2025-06-29,2025-06-29 14:22:00,632.82,632.82,632.82,632.82,0.0,70.35,44936.97,0
2025-06-29,2025-06-29 14:23:00,632.82,632.83,632.82,632.83,0.0,70.35,44936.97,1
2025-06-29,2025-06-29 14:24:00,632.83,632.84,632.83,632.84,0.0,70.35,44936.97,1
2025-06-29,2025-06-29 14:25:00,632.84,632.85,632.84,632.85,0.0,70.35,44936.97,1
2025-06-29,2025-06-29 14:26:00,632.85,632.85,632.85,632.85,0.0,70.35,44936.97,0
2025-06-29,2025-06-29 14:27:00,632.85,632.86,632.85,632.86,0.0,70.35,44936.97,1
2025-06-29,2025-06-29 14:28:00,632.86,632.87,632.86,632.87,0.0,70.35,44936.97,1
2025-06-29,2025-06-29 14:29:00,632.87,632.88,632.87,632.88,0.0,70.35,44936.97,1
2025-06-29,2025-06-29 14:30:00,632.88,632.88,632.88,632.88,0.0,70.35,44936.97,0
2025-06-29,2025-06-29 14:31:00,632.88,632.89,632.88,632.89,0.0,70.35,44936.97,1
2025-06-29,2025-06-29 14:32:00,632.89,632.9,632.89,632.9,0.0,70.35,44936.97,1
2025-06-29,2025-06-29 14:33:00,632.9,632.9,632.9,632.9,0.0,70.35,44936.97,0
2025-06-29,2025-06-29 14:34:00,632.9,632.91,632.9,632.91,0.0,70.35,44936.97,1
2025-06-29,2025-06-29 14:35:00,632.91,632.92,632.91,632.92,0.0,70.35,44936.97,1
2025-06-29,2025-06-29 14:36:00,632.92,632.93,632.92,632.93,0.0,70.35,44936.97,1
2025-06-29,2025-06-29 14:37:00,632.93,632.94,632.93,632.94,0.0,70.35,44936.97,1
2025-06-29,2025-06-29 14:38:00,632.94,632.94,632.94,632.94,0.0,70.35,44936.97,0
2025-06-29,2025-06-29 14:39:00,632.94,632.95,632.94,632.95,0.0,70.35,44936.97,1
2025-06-29,2025-06-29 14:40:00,632.95,632.96,632.95,632.96,0.0,70.35,44936.97,1
2025-06-29,2025-06-29 14:41:00,632.96,632.97,632.96,632.97,0.0,70.35,44936.97,1
2025-06-29,2025-06-29 14:42:00,632.97,632.97,632.97,632.97,0.0,70.35,44936.97,0
2025-06-29,2025-06-29 14:43:00,632.97,632.98,632.97,632.98,0.0,70.35,44936.97,1
2025-06-29,2025-06-29 14:44:00,632.98,632.99,632.98,632.99,0.0,70.35,44936.97,1
2025-06-29,2025-06-29 14:45:00,632.99,633.0,632.99,633.0,0.0,70.35,44936.97,1
2025-06-29,2025-06-29 14:46:00,633.0,633.0,633.0,633.0,0.0,70.35,44936.97,0
2025-06-29,2025-06-29 14:47:00,633.0,633.01,633.0,633.01,0.0,70.35,44936.97,1
2025-06-29,2025-06-29 14:48:00,633.01,633.02,633.01,633.02,0.0,70.35,44936.97,1
2025-06-29,2025-06-29 14:49:00,633.02,633.02,633.02,633.02,0.0,70.35,44936.97,0
2025-06-29,2025-06-29 14:50:00,633.02,633.03,633.02,633.03,0.0,70.35,44936.97,1
2025-06-29,2025-06-29 14:51:00,633.03,633.04,633.03,633.04,0.0,70.35,44936.97,1
2025-06-29,2025-06-29 14:52:00,633.04,633.05,633.04,633.05,0.0,70.35,44936.97,1
2025-06-29,2025-06-29 14:53:00,633.05,633.06,633.05,633.06,0.0,70.35,44936.97,1
2025-06-29,2025-06-29 14:54:00,633.06,633.06,633.06,633.06,0.0,70.35,44936.97,0
2025-06-29,2025-06-29 14:55:00,633.06,633.07,633.06,633.07,0.0,70.35,44936.97,1
2025-06-29,2025-06-29 14:56:00,633.07,633.08,633.07,633.08,0.0,70.35,44936.97,1
2025-06-29,2025-06-29 14:57:00,633.08,633.09,633.08,633.09,0.0,70.35,44936.97,1
2025-06-29,2025-06-29 14:58:00,633.09,633.09,633.09,633.09,0.0,70.35,44936.97,0
2025-06-29,2025-06-29 14:59:00,633.09,633.1,633.09,633.1,0.0,70.35,44936.97,1
2025-06-29,2025-06-29 15:00:00,633.1,660.0,630.0,633.1,0.0,70.35,44936.97,0
2025-06-30,2025-06-30 11:00:00,638.0,643.4,636.53,638.05,0.01,53.39,34439.61,1
2025-06-30,2025-06-30 11:01:00,638.05,638.11,638.05,638.11,0.01,53.39,34439.61,1
2025-06-30,2025-06-30 11:02:00,638.11,638.16,638.11,638.16,0.01,53.39,34439.61,1
2025-06-30,2025-06-30 11:03:00,638.16,638.21,638.16,638.21,0.01,53.39,34439.61,1
2025-06-30,2025-06-30 11:04:00,638.21,638.27,638.21,638.27,0.01,53.39,34439.61,1
2025-06-30,2025-06-30 11:05:00,638.27,638.32,638.27,638.32,0.01,53.39,34439.61,1
2025-06-30,2025-06-30 11:06:00,638.32,638.37,638.32,638.37,0.01,53.39,34439.61,1
2025-06-30,2025-06-30 11:07:00,638.37,638.43,638.37,638.43,0.01,53.39,34439.61,1
2025-06-30,2025-06-30 11:08:00,638.43,638.48,638.43,638.48,0.01,53.39,34439.61,1
2025-06-30,2025-06-30 11:09:00,638.48,638.53,638.48,638.53,0.01,53.39,34439.61,1
2025-06-30,2025-06-30 11:10:00,638.53,638.59,638.53,638.59,0.01,53.39,34439.61,1
2025-06-30,2025-06-30 11:11:00,638.59,638.64,638.59,638.64,0.01,53.39,34439.61,1
2025-06-30,2025-06-30 11:12:00,638.64,638.69,638.64,638.69,0.01,53.39,34439.61,1
2025-06-30,2025-06-30 11:13:00,638.69,638.75,638.69,638.75,0.01,53.39,34439.61,1
2025-06-30,2025-06-30 11:14:00,638.75,638.8,638.75,638.8,0.01,53.39,34439.61,1
2025-06-30,2025-06-30 11:15:00,638.8,638.85,638.8,638.85,0.01,53.39,34439.61,1
2025-06-30,2025-06-30 11:16:00,638.85,638.91,638.85,638.91,0.01,53.39,34439.61,1
2025-06-30,2025-06-30 11:17:00,638.91,638.96,638.91,638.96,0.01,53.39,34439.61,1
2025-06-30,2025-06-30 11:18:00,638.96,639.01,638.96,639.01,0.01,53.39,34439.61,1
2025-06-30,2025-06-30 11:19:00,639.01,639.07,639.01,639.07,0.01,53.39,34439.61,1
2025-06-30,2025-06-30 11:20:00,639.07,639.12,639.07,639.12,0.01,53.39,34439.61,1
2025-06-30,2025-06-30 11:21:00,639.12,639.17,639.12,639.17,0.01,53.39,34439.61,1
2025-06-30,2025-06-30 11:22:00,639.17,639.22,639.17,639.22,0.01,53.39,34439.61,1
2025-06-30,2025-06-30 11:23:00,639.22,639.28,639.22,639.28,0.01,53.39,34439.61,1
2025-06-30,2025-06-30 11:24:00,639.28,639.33,639.28,639.33,0.01,53.39,34439.61,1
2025-06-30,2025-06-30 11:25:00,639.33,639.38,639.33,639.38,0.01,53.39,34439.61,1
2025-06-30,2025-06-30 11:26:00,639.38,639.44,639.38,639.44,0.01,53.39,34439.61,1
2025-06-30,2025-06-30 11:27:00,639.44,639.49,639.44,639.49,0.01,53.39,34439.61,1
2025-06-30,2025-06-30 11:28:00,639.49,639.54,639.49,639.54,0.01,53.39,34439.61,1
2025-06-30,2025-06-30 11:29:00,639.54,639.6,639.54,639.6,0.01,53.39,34439.61,1
2025-06-30,2025-06-30 11:30:00,639.6,639.65,639.6,639.65,0.01,53.39,34439.61,1
2025-06-30,2025-06-30 11:31:00,639.65,639.7,639.65,639.7,0.01,53.39,34439.61,1
2025-06-30,2025-06-30 11:32:00,639.7,639.76,639.7,639.76,0.01,53.39,34439.61,1
2025-06-30,2025-06-30 11:33:00,639.76,639.81,639.76,639.81,0.01,53.39,34439.61,1
2025-06-30,2025-06-30 11:34:00,639.81,639.86,639.81,639.86,0.01,53.39,34439.61,1
2025-06-30,2025-06-30 11:35:00,639.86,639.92,639.86,639.92,0.01,53.39,34439.61,1
2025-06-30,2025-06-30 11:36:00,639.92,639.97,639.92,639.97,0.01,53.39,34439.61,1
2025-06-30,2025-06-30 11:37:00,639.97,640.02,639.97,640.02,0.01,53.39,34439.61,1
2025-06-30,2025-06-30 11:38:00,640.02,640.08,640.02,640.08,0.01,53.39,34439.61,1
2025-06-30,2025-06-30 11:39:00,640.08,640.13,640.08,640.13,0.01,53.39,34439.61,1
2025-06-30,2025-06-30 11:40:00,640.13,640.18,640.13,640.18,0.01,53.39,34439.61,1
2025-06-30,2025-06-30 11:41:00,640.18,640.24,640.18,640.24,0.01,53.39,34439.61,1
2025-06-30,2025-06-30 11:42:00,640.24,640.29,640.24,640.29,0.01,53.39,34439.61,1
2025-06-30,2025-06-30 11:43:00,640.29,640.34,640.29,640.34,0.01,53.39,34439.61,1
2025-06-30,2025-06-30 11:44:00,640.34,640.4,640.34,640.4,0.01,53.39,34439.61,1
2025-06-30,2025-06-30 11:45:00,640.4,640.45,640.4,640.45,0.01,53.39,34439.61,1
2025-06-30,2025-06-30 11:46:00,640.45,640.5,640.45,640.5,0.01,53.39,34439.61,1
2025-06-30,2025-06-30 11:47:00,640.5,640.56,640.5,640.56,0.01,53.39,34439.61,1
2025-06-30,2025-06-30 11:48:00,640.56,640.61,640.56,640.61,0.01,53.39,34439.61,1
2025-06-30,2025-06-30 11:49:00,640.61,640.66,640.61,640.66,0.01,53.39,34439.61,1
2025-06-30,2025-06-30 11:50:00,640.66,640.72,640.66,640.72,0.01,53.39,34439.61,1
2025-06-30,2025-06-30 11:51:00,640.72,640.77,640.72,640.77,0.01,53.39,34439.61,1
2025-06-30,2025-06-30 11:52:00,640.77,640.82,640.77,640.82,0.01,53.39,34439.61,1
2025-06-30,2025-06-30 11:53:00,640.82,640.88,640.82,640.88,0.01,53.39,34439.61,1
2025-06-30,2025-06-30 11:54:00,640.88,640.93,640.88,640.93,0.01,53.39,34439.61,1
2025-06-30,2025-06-30 11:55:00,640.93,640.98,640.93,640.98,0.01,53.39,34439.61,1
2025-06-30,2025-06-30 11:56:00,640.98,641.04,640.98,641.04,0.01,53.39,34439.61,1
2025-06-30,2025-06-30 11:57:00,641.04,641.09,641.04,641.09,0.01,53.39,34439.61,1
2025-06-30,2025-06-30 11:58:00,641.09,641.14,641.09,641.14,0.01,53.39,34439.61,1
2025-06-30,2025-06-30 11:59:00,641.14,641.19,641.14,641.19,0.01,53.39,34439.61,1
2025-06-30,2025-06-30 12:00:00,641.19,641.25,641.19,641.25,0.01,53.39,34439.61,1
2025-06-30,2025-06-30 12:01:00,641.25,641.3,641.25,641.3,0.01,53.39,34439.61,1
2025-06-30,2025-06-30 12:02:00,641.3,641.35,641.3,641.35,0.01,53.39,34439.61,1
2025-06-30,2025-06-30 12:03:00,641.35,641.41,641.35,641.41,0.01,53.39,34439.61,1
2025-06-30,2025-06-30 12:04:00,641.41,641.46,641.41,641.46,0.01,53.39,34439.61,1
2025-06-30,2025-06-30 12:05:00,641.46,641.51,641.46,641.51,0.01,53.39,34439.61,1
2025-06-30,2025-06-30 12:06:00,641.51,641.57,641.51,641.57,0.01,53.39,34439.61,1
2025-06-30,2025-06-30 12:07:00,641.57,641.62,641.57,641.62,0.01,53.39,34439.61,1
2025-06-30,2025-06-30 12:08:00,641.62,641.67,641.62,641.67,0.01,53.39,34439.61,1
2025-06-30,2025-06-30 12:09:00,641.67,641.73,641.67,641.73,0.01,53.39,34439.61,1
2025-06-30,2025-06-30 12:10:00,641.73,641.78,641.73,641.78,0.01,53.39,34439.61,1
2025-06-30,2025-06-30 12:11:00,641.78,641.83,641.78,641.83,0.01,53.39,34439.61,1
2025-06-30,2025-06-30 12:12:00,641.83,641.89,641.83,641.89,0.01,53.39,34439.61,1
2025-06-30,2025-06-30 12:13:00,641.89,641.94,641.89,641.94,0.01,53.39,34439.61,1
2025-06-30,2025-06-30 12:14:00,641.94,641.99,641.94,641.99,0.01,53.39,34439.61,1
2025-06-30,2025-06-30 12:15:00,641.99,642.05,641.99,642.05,0.01,53.39,34439.61,1
2025-06-30,2025-06-30 12:16:00,642.05,642.1,642.05,642.1,0.01,53.39,34439.61,1
2025-06-30,2025-06-30 12:17:00,642.1,642.15,642.1,642.15,0.01,53.39,34439.61,1
2025-06-30,2025-06-30 12:18:00,642.15,642.21,642.15,642.21,0.01,53.39,34439.61,1
2025-06-30,2025-06-30 12:19:00,642.21,642.26,642.21,642.26,0.01,53.39,34439.61,1
2025-06-30,2025-06-30 12:20:00,642.26,642.31,642.26,642.31,0.01,53.39,34439.61,1
2025-06-30,2025-06-30 12:21:00,642.31,642.37,642.31,642.37,0.01,53.39,34439.61,1
2025-06-30,2025-06-30 12:22:00,642.37,642.42,642.37,642.42,0.01,53.39,34439.61,1
2025-06-30,2025-06-30 12:23:00,642.42,642.47,642.42,642.47,0.01,53.39,34439.61,1
2025-06-30,2025-06-30 12:24:00,642.47,642.53,642.47,642.53,0.01,53.39,34439.61,1
2025-06-30,2025-06-30 12:25:00,642.53,642.58,642.53,642.58,0.01,53.39,34439.61,1
2025-06-30,2025-06-30 12:26:00,642.58,642.63,642.58,642.63,0.01,53.39,34439.61,1
2025-06-30,2025-06-30 12:27:00,642.63,642.69,642.63,642.69,0.01,53.39,34439.61,1
2025-06-30,2025-06-30 12:28:00,642.69,642.74,642.69,642.74,0.01,53.39,34439.61,1
2025-06-30,2025-06-30 12:29:00,642.74,642.79,642.74,642.79,0.01,53.39,34439.61,1
2025-06-30,2025-06-30 12:30:00,642.79,642.85,642.79,642.85,0.01,53.39,34439.61,1
2025-06-30,2025-06-30 12:31:00,642.85,642.9,642.85,642.9,0.01,53.39,34439.61,1
2025-06-30,2025-06-30 12:32:00,642.9,642.95,642.9,642.95,0.01,53.39,34439.61,1
2025-06-30,2025-06-30 12:33:00,642.95,643.01,642.95,643.01,0.01,53.39,34439.61,1
2025-06-30,2025-06-30 12:34:00,643.01,643.06,643.01,643.06,0.01,53.39,34439.61,1
2025-06-30,2025-06-30 12:35:00,643.06,643.11,643.06,643.11,0.01,53.39,34439.61,1
2025-06-30,2025-06-30 12:36:00,643.11,643.17,643.11,643.17,0.01,53.39,34439.61,1
2025-06-30,2025-06-30 12:37:00,643.17,643.22,643.17,643.22,0.01,53.39,34439.61,1
2025-06-30,2025-06-30 12:38:00,643.22,643.27,643.22,643.27,0.01,53.39,34439.61,1
2025-06-30,2025-06-30 12:39:00,643.27,643.33,643.27,643.33,0.01,53.39,34439.61,1
2025-06-30,2025-06-30 12:40:00,643.33,643.38,643.33,643.38,0.01,53.39,34439.61,1
2025-06-30,2025-06-30 12:41:00,643.38,643.43,643.38,643.43,0.01,53.39,34439.61,1
2025-06-30,2025-06-30 12:42:00,643.43,643.48,643.43,643.48,0.01,53.39,34439.61,1
2025-06-30,2025-06-30 12:43:00,643.48,643.54,643.48,643.54,0.01,53.39,34439.61,1
2025-06-30,2025-06-30 12:44:00,643.54,643.59,643.54,643.59,0.01,53.39,34439.61,1
2025-06-30,2025-06-30 12:45:00,643.59,643.64,643.59,643.64,0.01,53.39,34439.61,1
2025-06-30,2025-06-30 12:46:00,643.64,643.7,643.64,643.7,0.01,53.39,34439.61,1
2025-06-30,2025-06-30 12:47:00,643.7,643.75,643.7,643.75,0.01,53.39,34439.61,1
2025-06-30,2025-06-30 12:48:00,643.75,643.8,643.75,643.8,0.01,53.39,34439.61,1
2025-06-30,2025-06-30 12:49:00,643.8,643.86,643.8,643.86,0.01,53.39,34439.61,1
2025-06-30,2025-06-30 12:50:00,643.86,643.91,643.86,643.91,0.01,53.39,34439.61,1
2025-06-30,2025-06-30 12:51:00,643.91,643.96,643.91,643.96,0.01,53.39,34439.61,1
2025-06-30,2025-06-30 12:52:00,643.96,644.02,643.96,644.02,0.01,53.39,34439.61,1
2025-06-30,2025-06-30 12:53:00,644.02,644.07,644.02,644.07,0.01,53.39,34439.61,1
2025-06-30,2025-06-30 12:54:00,644.07,644.12,644.07,644.12,0.01,53.39,34439.61,1
2025-06-30,2025-06-30 12:55:00,644.12,644.18,644.12,644.18,0.01,53.39,34439.61,1
2025-06-30,2025-06-30 12:56:00,644.18,644.23,644.18,644.23,0.01,53.39,34439.61,1
2025-06-30,2025-06-30 12:57:00,644.23,644.28,644.23,644.28,0.01,53.39,34439.61,1
2025-06-30,2025-06-30 12:58:00,644.28,644.34,644.28,644.34,0.01,53.39,34439.61,1
2025-06-30,2025-06-30 12:59:00,644.34,644.39,644.34,644.39,0.01,53.39,34439.61,1
2025-06-30,2025-06-30 13:00:00,644.39,656.0,633.1,644.44,0.01,53.39,34439.61,1
2025-06-30,2025-06-30 13:01:00,644.44,644.5,644.44,644.5,0.01,53.39,34439.61,1
2025-06-30,2025-06-30 13:02:00,644.5,644.55,644.5,644.55,0.01,53.39,34439.61,1
2025-06-30,2025-06-30 13:03:00,644.55,644.6,644.55,644.6,0.01,53.39,34439.61,1
2025-06-30,2025-06-30 13:04:00,644.6,644.66,644.6,644.66,0.01,53.39,34439.61,1
2025-06-30,2025-06-30 13:05:00,644.66,644.71,644.66,644.71,0.01,53.39,34439.61,1
2025-06-30,2025-06-30 13:06:00,644.71,644.76,644.71,644.76,0.01,53.39,34439.61,1
2025-06-30,2025-06-30 13:07:00,644.76,644.82,644.76,644.82,0.01,53.39,34439.61,1
2025-06-30,2025-06-30 13:08:00,644.82,644.87,644.82,644.87,0.01,53.39,34439.61,1
2025-06-30,2025-06-30 13:09:00,644.87,644.92,644.87,644.92,0.01,53.39,34439.61,1
2025-06-30,2025-06-30 13:10:00,644.92,644.98,644.92,644.98,0.01,53.39,34439.61,1
2025-06-30,2025-06-30 13:11:00,644.98,645.03,644.98,645.03,0.01,53.39,34439.61,1
2025-06-30,2025-06-30 13:12:00,645.03,645.08,645.03,645.08,0.01,53.39,34439.61,1
2025-06-30,2025-06-30 13:13:00,645.08,645.14,645.08,645.14,0.01,53.39,34439.61,1
2025-06-30,2025-06-30 13:14:00,645.14,645.19,645.14,645.19,0.01,53.39,34439.61,1
2025-06-30,2025-06-30 13:15:00,645.19,645.24,645.19,645.24,0.01,53.39,34439.61,1
2025-06-30,2025-06-30 13:16:00,645.24,645.3,645.24,645.3,0.01,53.39,34439.61,1
2025-06-30,2025-06-30 13:17:00,645.3,645.35,645.3,645.35,0.01,53.39,34439.61,1
2025-06-30,2025-06-30 13:18:00,645.35,645.4,645.35,645.4,0.01,53.39,34439.61,1
2025-06-30,2025-06-30 13:19:00,645.4,645.46,645.4,645.46,0.01,53.39,34439.61,1
2025-06-30,2025-06-30 13:20:00,645.46,645.51,645.46,645.51,0.01,53.39,34439.61,1
2025-06-30,2025-06-30 13:21:00,645.51,645.56,645.51,645.56,0.01,53.39,34439.61,1
2025-06-30,2025-06-30 13:22:00,645.56,645.61,645.56,645.61,0.01,53.39,34439.61,1
2025-06-30,2025-06-30 13:23:00,645.61,645.67,645.61,645.67,0.01,53.39,34439.61,1
2025-06-30,2025-06-30 13:24:00,645.67,645.72,645.67,645.72,0.01,53.39,34439.61,1
2025-06-30,2025-06-30 13:25:00,645.72,645.77,645.72,645.77,0.01,53.39,34439.61,1
2025-06-30,2025-06-30 13:26:00,645.77,645.83,645.77,645.83,0.01,53.39,34439.61,1
2025-06-30,2025-06-30 13:27:00,645.83,645.88,645.83,645.88,0.01,53.39,34439.61,1
2025-06-30,2025-06-30 13:28:00,645.88,645.93,645.88,645.93,0.01,53.39,34439.61,1
2025-06-30,2025-06-30 13:29:00,645.93,645.99,645.93,645.99,0.01,53.39,34439.61,1
2025-06-30,2025-06-30 13:30:00,645.99,646.04,645.99,646.04,0.01,53.39,34439.61,1
2025-06-30,2025-06-30 13:31:00,646.04,646.09,646.04,646.09,0.01,53.39,34439.61,1
2025-06-30,2025-06-30 13:32:00,646.09,646.15,646.09,646.15,0.01,53.39,34439.61,1
2025-06-30,2025-06-30 13:33:00,646.15,646.2,646.15,646.2,0.01,53.39,34439.61,1
2025-06-30,2025-06-30 13:34:00,646.2,646.25,646.2,646.25,0.01,53.39,34439.61,1
2025-06-30,2025-06-30 13:35:00,646.25,646.31,646.25,646.31,0.01,53.39,34439.61,1
2025-06-30,2025-06-30 13:36:00,646.31,646.36,646.31,646.36,0.01,53.39,34439.61,1
2025-06-30,2025-06-30 13:37:00,646.36,646.41,646.36,646.41,0.01,53.39,34439.61,1
2025-06-30,2025-06-30 13:38:00,646.41,646.47,646.41,646.47,0.01,53.39,34439.61,1
2025-06-30,2025-06-30 13:39:00,646.47,646.52,646.47,646.52,0.01,53.39,34439.61,1
2025-06-30,2025-06-30 13:40:00,646.52,646.57,646.52,646.57,0.01,53.39,34439.61,1
2025-06-30,2025-06-30 13:41:00,646.57,646.63,646.57,646.63,0.01,53.39,34439.61,1
2025-06-30,2025-06-30 13:42:00,646.63,646.68,646.63,646.68,0.01,53.39,34439.61,1
2025-06-30,2025-06-30 13:43:00,646.68,646.73,646.68,646.73,0.01,53.39,34439.61,1
2025-06-30,2025-06-30 13:44:00,646.73,646.79,646.73,646.79,0.01,53.39,34439.61,1
2025-06-30,2025-06-30 13:45:00,646.79,646.84,646.79,646.84,0.01,53.39,34439.61,1
2025-06-30,2025-06-30 13:46:00,646.84,646.89,646.84,646.89,0.01,53.39,34439.61,1
2025-06-30,2025-06-30 13:47:00,646.89,646.95,646.89,646.95,0.01,53.39,34439.61,1
2025-06-30,2025-06-30 13:48:00,646.95,647.0,646.95,647.0,0.01,53.39,34439.61,1
2025-06-30,2025-06-30 13:49:00,647.0,647.05,647.0,647.05,0.01,53.39,34439.61,1
2025-06-30,2025-06-30 13:50:00,647.05,647.11,647.05,647.11,0.01,53.39,34439.61,1
2025-06-30,2025-06-30 13:51:00,647.11,647.16,647.11,647.16,0.01,53.39,34439.61,1
2025-06-30,2025-06-30 13:52:00,647.16,647.21,647.16,647.21,0.01,53.39,34439.61,1
2025-06-30,2025-06-30 13:53:00,647.21,647.27,647.21,647.27,0.01,53.39,34439.61,1
2025-06-30,2025-06-30 13:54:00,647.27,647.32,647.27,647.32,0.01,53.39,34439.61,1
2025-06-30,2025-06-30 13:55:00,647.32,647.37,647.32,647.37,0.01,53.39,34439.61,1
2025-06-30,2025-06-30 13:56:00,647.37,647.43,647.37,647.43,0.01,53.39,34439.61,1
2025-06-30,2025-06-30 13:57:00,647.43,647.48,647.43,647.48,0.01,53.39,34439.61,1
2025-06-30,2025-06-30 13:58:00,647.48,647.53,647.48,647.53,0.01,53.39,34439.61,1
2025-06-30,2025-06-30 13:59:00,647.53,647.59,647.53,647.59,0.01,53.39,34439.61,1
2025-06-30,2025-06-30 14:00:00,647.59,647.64,647.59,647.64,0.01,53.39,34439.61,1
2025-06-30,2025-06-30 14:01:00,647.64,647.69,647.64,647.69,0.01,53.39,34439.61,1
2025-06-30,2025-06-30 14:02:00,647.69,647.74,647.69,647.74,0.01,53.39,34439.61,1
2025-06-30,2025-06-30 14:03:00,647.74,647.8,647.74,647.8,0.01,53.39,34439.61,1
2025-06-30,2025-06-30 14:04:00,647.8,647.85,647.8,647.85,0.01,53.39,34439.61,1
2025-06-30,2025-06-30 14:05:00,647.85,647.9,647.85,647.9,0.01,53.39,34439.61,1
2025-06-30,2025-06-30 14:06:00,647.9,647.96,647.9,647.96,0.01,53.39,34439.61,1
2025-06-30,2025-06-30 14:07:00,647.96,648.01,647.96,648.01,0.01,53.39,34439.61,1
2025-06-30,2025-06-30 14:08:00,648.01,648.06,648.01,648.06,0.01,53.39,34439.61,1
2025-06-30,2025-06-30 14:09:00,648.06,648.12,648.06,648.12,0.01,53.39,34439.61,1
2025-06-30,2025-06-30 14:10:00,648.12,648.17,648.12,648.17,0.01,53.39,34439.61,1
2025-06-30,2025-06-30 14:11:00,648.17,648.22,648.17,648.22,0.01,53.39,34439.61,1
2025-06-30,2025-06-30 14:12:00,648.22,648.28,648.22,648.28,0.01,53.39,34439.61,1
2025-06-30,2025-06-30 14:13:00,648.28,648.33,648.28,648.33,0.01,53.39,34439.61,1
2025-06-30,2025-06-30 14:14:00,648.33,648.38,648.33,648.38,0.01,53.39,34439.61,1
2025-06-30,2025-06-30 14:15:00,648.38,648.44,648.38,648.44,0.01,53.39,34439.61,1
2025-06-30,2025-06-30 14:16:00,648.44,648.49,648.44,648.49,0.01,53.39,34439.61,1
2025-06-30,2025-06-30 14:17:00,648.49,648.54,648.49,648.54,0.01,53.39,34439.61,1
2025-06-30,2025-06-30 14:18:00,648.54,648.6,648.54,648.6,0.01,53.39,34439.61,1
2025-06-30,2025-06-30 14:19:00,648.6,648.65,648.6,648.65,0.01,53.39,34439.61,1
2025-06-30,2025-06-30 14:20:00,648.65,648.7,648.65,648.7,0.01,53.39,34439.61,1
2025-06-30,2025-06-30 14:21:00,648.7,648.76,648.7,648.76,0.01,53.39,34439.61,1
2025-06-30,2025-06-30 14:22:00,648.76,648.81,648.76,648.81,0.01,53.39,34439.61,1
2025-06-30,2025-06-30 14:23:00,648.81,648.86,648.81,648.86,0.01,53.39,34439.61,1
2025-06-30,2025-06-30 14:24:00,648.86,648.92,648.86,648.92,0.01,53.39,34439.61,1
2025-06-30,2025-06-30 14:25:00,648.92,648.97,648.92,648.97,0.01,53.39,34439.61,1
2025-06-30,2025-06-30 14:26:00,648.97,649.02,648.97,649.02,0.01,53.39,34439.61,1
2025-06-30,2025-06-30 14:27:00,649.02,649.08,649.02,649.08,0.01,53.39,34439.61,1
2025-06-30,2025-06-30 14:28:00,649.08,649.13,649.08,649.13,0.01,53.39,34439.61,1
2025-06-30,2025-06-30 14:29:00,649.13,649.18,649.13,649.18,0.01,53.39,34439.61,1
2025-06-30,2025-06-30 14:30:00,649.18,649.24,649.18,649.24,0.01,53.39,34439.61,1
2025-06-30,2025-06-30 14:31:00,649.24,649.29,649.24,649.29,0.01,53.39,34439.61,1
2025-06-30,2025-06-30 14:32:00,649.29,649.34,649.29,649.34,0.01,53.39,34439.61,1
2025-06-30,2025-06-30 14:33:00,649.34,649.4,649.34,649.4,0.01,53.39,34439.61,1
2025-06-30,2025-06-30 14:34:00,649.4,649.45,649.4,649.45,0.01,53.39,34439.61,1
2025-06-30,2025-06-30 14:35:00,649.45,649.5,649.45,649.5,0.01,53.39,34439.61,1
2025-06-30,2025-06-30 14:36:00,649.5,649.56,649.5,649.56,0.01,53.39,34439.61,1
2025-06-30,2025-06-30 14:37:00,649.56,649.61,649.56,649.61,0.01,53.39,34439.61,1
2025-06-30,2025-06-30 14:38:00,649.61,649.66,649.61,649.66,0.01,53.39,34439.61,1
2025-06-30,2025-06-30 14:39:00,649.66,649.71,649.66,649.71,0.01,53.39,34439.61,1
2025-06-30,2025-06-30 14:40:00,649.71,649.77,649.71,649.77,0.01,53.39,34439.61,1
2025-06-30,2025-06-30 14:41:00,649.77,649.82,649.77,649.82,0.01,53.39,34439.61,1
2025-06-30,2025-06-30 14:42:00,649.82,649.87,649.82,649.87,0.01,53.39,34439.61,1
2025-06-30,2025-06-30 14:43:00,649.87,649.93,649.87,649.93,0.01,53.39,34439.61,1
2025-06-30,2025-06-30 14:44:00,649.93,649.98,649.93,649.98,0.01,53.39,34439.61,1
2025-06-30,2025-06-30 14:45:00,649.98,650.03,649.98,650.03,0.01,53.39,34439.61,1
2025-06-30,2025-06-30 14:46:00,650.03,650.09,650.03,650.09,0.01,53.39,34439.61,1
2025-06-30,2025-06-30 14:47:00,650.09,650.14,650.09,650.14,0.01,53.39,34439.61,1
2025-06-30,2025-06-30 14:48:00,650.14,650.19,650.14,650.19,0.01,53.39,34439.61,1
2025-06-30,2025-06-30 14:49:00,650.19,650.25,650.19,650.25,0.01,53.39,34439.61,1
2025-06-30,2025-06-30 14:50:00,650.25,650.3,650.25,650.3,0.01,53.39,34439.61,1
2025-06-30,2025-06-30 14:51:00,650.3,650.35,650.3,650.35,0.01,53.39,34439.61,1
2025-06-30,2025-06-30 14:52:00,650.35,650.41,650.35,650.41,0.01,53.39,34439.61,1
2025-06-30,2025-06-30 14:53:00,650.41,650.46,650.41,650.46,0.01,53.39,34439.61,1
2025-06-30,2025-06-30 14:54:00,650.46,650.51,650.46,650.51,0.01,53.39,34439.61,1
2025-06-30,2025-06-30 14:55:00,650.51,650.57,650.51,650.57,0.01,53.39,34439.61,1
2025-06-30,2025-06-30 14:56:00,650.57,650.62,650.57,650.62,0.01,53.39,34439.61,1
2025-06-30,2025-06-30 14:57:00,650.62,650.67,650.62,650.67,0.01,53.39,34439.61,1
2025-06-30,2025-06-30 14:58:00,650.67,650.73,650.67,650.73,0.01,53.39,34439.61,1
2025-06-30,2025-06-30 14:59:00,650.73,650.78,650.73,650.78,0.01,53.39,34439.61,1
2025-06-30,2025-06-30 15:00:00,650.78,656.0,633.1,650.78,0.0,53.39,34439.61,0
2025-07-01,2025-07-01 11:00:00,663.7,663.7,658.69,663.66,-0.01,31.07,20350.75,-1
2025-07-01,2025-07-01 11:01:00,663.66,663.66,663.61,663.61,-0.01,31.07,20350.75,-1
2025-07-01,2025-07-01 11:02:00,663.61,663.61,663.57,663.57,-0.01,31.07,20350.75,-1
2025-07-01,2025-07-01 11:03:00,663.57,663.57,663.52,663.52,-0.01,31.07,20350.75,-1
2025-07-01,2025-07-01 11:04:00,663.52,663.52,663.48,663.48,-0.01,31.07,20350.75,-1
2025-07-01,2025-07-01 11:05:00,663.48,663.48,663.43,663.43,-0.01,31.07,20350.75,-1
2025-07-01,2025-07-01 11:06:00,663.43,663.43,663.39,663.39,-0.01,31.07,20350.75,-1
2025-07-01,2025-07-01 11:07:00,663.39,663.39,663.34,663.34,-0.01,31.07,20350.75,-1
2025-07-01,2025-07-01 11:08:00,663.34,663.34,663.3,663.3,-0.01,31.07,20350.75,-1
2025-07-01,2025-07-01 11:09:00,663.3,663.3,663.25,663.25,-0.01,31.07,20350.75,-1
2025-07-01,2025-07-01 11:10:00,663.25,663.25,663.21,663.21,-0.01,31.07,20350.75,-1
2025-07-01,2025-07-01 11:11:00,663.21,663.21,663.16,663.16,-0.01,31.07,20350.75,-1
2025-07-01,2025-07-01 11:12:00,663.16,663.16,663.12,663.12,-0.01,31.07,20350.75,-1
2025-07-01,2025-07-01 11:13:00,663.12,663.12,663.07,663.07,-0.01,31.07,20350.75,-1
2025-07-01,2025-07-01 11:14:00,663.07,663.07,663.03,663.03,-0.01,31.07,20350.75,-1
2025-07-01,2025-07-01 11:15:00,663.03,663.03,662.98,662.98,-0.01,31.07,20350.75,-1
2025-07-01,2025-07-01 11:16:00,662.98,662.98,662.94,662.94,-0.01,31.07,20350.75,-1
2025-07-01,2025-07-01 11:17:00,662.94,662.94,662.89,662.89,-0.01,31.07,20350.75,-1
2025-07-01,2025-07-01 11:18:00,662.89,662.89,662.85,662.85,-0.01,31.07,20350.75,-1
2025-07-01,2025-07-01 11:19:00,662.85,662.85,662.8,662.8,-0.01,31.07,20350.75,-1
2025-07-01,2025-07-01 11:20:00,662.8,662.8,662.76,662.76,-0.01,31.07,20350.75,-1
2025-07-01,2025-07-01 11:21:00,662.76,662.76,662.71,662.71,-0.01,31.07,20350.75,-1
2025-07-01,2025-07-01 11:22:00,662.71,662.71,662.67,662.67,-0.01,31.07,20350.75,-1
2025-07-01,2025-07-01 11:23:00,662.67,662.67,662.62,662.62,-0.01,31.07,20350.75,-1
2025-07-01,2025-07-01 11:24:00,662.62,662.62,662.58,662.58,-0.01,31.07,20350.75,-1
2025-07-01,2025-07-01 11:25:00,662.58,662.58,662.53,662.53,-0.01,31.07,20350.75,-1
2025-07-01,2025-07-01 11:26:00,662.53,662.53,662.49,662.49,-0.01,31.07,20350.75,-1
2025-07-01,2025-07-01 11:27:00,662.49,662.49,662.44,662.44,-0.01,31.07,20350.75,-1
2025-07-01,2025-07-01 11:28:00,662.44,662.44,662.4,662.4,-0.01,31.07,20350.75,-1
2025-07-01,2025-07-01 11:29:00,662.4,662.4,662.36,662.36,-0.01,31.07,20350.75,-1
2025-07-01,2025-07-01 11:30:00,662.36,662.36,662.31,662.31,-0.01,31.07,20350.75,-1
2025-07-01,2025-07-01 11:31:00,662.31,662.31,662.27,662.27,-0.01,31.07,20350.75,-1
2025-07-01,2025-07-01 11:32:00,662.27,662.27,662.22,662.22,-0.01,31.07,20350.75,-1
2025-07-01,2025-07-01 11:33:00,662.22,662.22,662.18,662.18,-0.01,31.07,20350.75,-1
2025-07-01,2025-07-01 11:34:00,662.18,662.18,662.13,662.13,-0.01,31.07,20350.75,-1
2025-07-01,2025-07-01 11:35:00,662.13,662.13,662.09,662.09,-0.01,31.07,20350.75,-1
2025-07-01,2025-07-01 11:36:00,662.09,662.09,662.04,662.04,-0.01,31.07,20350.75,-1
2025-07-01,2025-07-01 11:37:00,662.04,662.04,662.0,662.0,-0.01,31.07,20350.75,-1
2025-07-01,2025-07-01 11:38:00,662.0,662.0,661.95,661.95,-0.01,31.07,20350.75,-1
2025-07-01,2025-07-01 11:39:00,661.95,661.95,661.91,661.91,-0.01,31.07,20350.75,-1
2025-07-01,2025-07-01 11:40:00,661.91,661.91,661.86,661.86,-0.01,31.07,20350.75,-1
2025-07-01,2025-07-01 11:41:00,661.86,661.86,661.82,661.82,-0.01,31.07,20350.75,-1
2025-07-01,2025-07-01 11:42:00,661.82,661.82,661.77,661.77,-0.01,31.07,20350.75,-1
2025-07-01,2025-07-01 11:43:00,661.77,661.77,661.73,661.73,-0.01,31.07,20350.75,-1
2025-07-01,2025-07-01 11:44:00,661.73,661.73,661.68,661.68,-0.01,31.07,20350.75,-1
2025-07-01,2025-07-01 11:45:00,661.68,661.68,661.64,661.64,-0.01,31.07,20350.75,-1
2025-07-01,2025-07-01 11:46:00,661.64,661.64,661.59,661.59,-0.01,31.07,20350.75,-1
2025-07-01,2025-07-01 11:47:00,661.59,661.59,661.55,661.55,-0.01,31.07,20350.75,-1
2025-07-01,2025-07-01 11:48:00,661.55,661.55,661.5,661.5,-0.01,31.07,20350.75,-1
2025-07-01,2025-07-01 11:49:00,661.5,661.5,661.46,661.46,-0.01,31.07,20350.75,-1
2025-07-01,2025-07-01 11:50:00,661.46,661.46,661.41,661.41,-0.01,31.07,20350.75,-1
2025-07-01,2025-07-01 11:51:00,661.41,661.41,661.37,661.37,-0.01,31.07,20350.75,-1
2025-07-01,2025-07-01 11:52:00,661.37,661.37,661.32,661.32,-0.01,31.07,20350.75,-1
2025-07-01,2025-07-01 11:53:00,661.32,661.32,661.28,661.28,-0.01,31.07,20350.75,-1
2025-07-01,2025-07-01 11:54:00,661.28,661.28,661.23,661.23,-0.01,31.07,20350.75,-1
2025-07-01,2025-07-01 11:55:00,661.23,661.23,661.19,661.19,-0.01,31.07,20350.75,-1
2025-07-01,2025-07-01 11:56:00,661.19,661.19,661.14,661.14,-0.01,31.07,20350.75,-1
2025-07-01,2025-07-01 11:57:00,661.14,661.14,661.1,661.1,-0.01,31.07,20350.75,-1
2025-07-01,2025-07-01 11:58:00,661.1,661.1,661.05,661.05,-0.01,31.07,20350.75,-1
2025-07-01,2025-07-01 11:59:00,661.05,661.05,661.01,661.01,-0.01,31.07,20350.75,-1
2025-07-01,2025-07-01 12:00:00,661.01,661.01,660.97,660.97,-0.01,31.07,20350.75,-1
2025-07-01,2025-07-01 12:01:00,660.97,660.97,660.92,660.92,-0.01,31.07,20350.75,-1
2025-07-01,2025-07-01 12:02:00,660.92,660.92,660.88,660.88,-0.01,31.07,20350.75,-1
2025-07-01,2025-07-01 12:03:00,660.88,660.88,660.83,660.83,-0.01,31.07,20350.75,-1
2025-07-01,2025-07-01 12:04:00,660.83,660.83,660.79,660.79,-0.01,31.07,20350.75,-1
2025-07-01,2025-07-01 12:05:00,660.79,660.79,660.74,660.74,-0.01,31.07,20350.75,-1
2025-07-01,2025-07-01 12:06:00,660.74,660.74,660.7,660.7,-0.01,31.07,20350.75,-1
2025-07-01,2025-07-01 12:07:00,660.7,660.7,660.65,660.65,-0.01,31.07,20350.75,-1
2025-07-01,2025-07-01 12:08:00,660.65,660.65,660.61,660.61,-0.01,31.07,20350.75,-1
2025-07-01,2025-07-01 12:09:00,660.61,660.61,660.56,660.56,-0.01,31.07,20350.75,-1
2025-07-01,2025-07-01 12:10:00,660.56,660.56,660.52,660.52,-0.01,31.07,20350.75,-1
2025-07-01,2025-07-01 12:11:00,660.52,660.52,660.47,660.47,-0.01,31.07,20350.75,-1
2025-07-01,2025-07-01 12:12:00,660.47,660.47,660.43,660.43,-0.01,31.07,20350.75,-1
2025-07-01,2025-07-01 12:13:00,660.43,660.43,660.38,660.38,-0.01,31.07,20350.75,-1
2025-07-01,2025-07-01 12:14:00,660.38,660.38,660.34,660.34,-0.01,31.07,20350.75,-1
2025-07-01,2025-07-01 12:15:00,660.34,660.34,660.29,660.29,-0.01,31.07,20350.75,-1
2025-07-01,2025-07-01 12:16:00,660.29,660.29,660.25,660.25,-0.01,31.07,20350.75,-1
2025-07-01,2025-07-01 12:17:00,660.25,660.25,660.2,660.2,-0.01,31.07,20350.75,-1
2025-07-01,2025-07-01 12:18:00,660.2,660.2,660.16,660.16,-0.01,31.07,20350.75,-1
2025-07-01,2025-07-01 12:19:00,660.16,660.16,660.11,660.11,-0.01,31.07,20350.75,-1
2025-07-01,2025-07-01 12:20:00,660.11,660.11,660.07,660.07,-0.01,31.07,20350.75,-1
2025-07-01,2025-07-01 12:21:00,660.07,660.07,660.02,660.02,-0.01,31.07,20350.75,-1
2025-07-01,2025-07-01 12:22:00,660.02,660.02,659.98,659.98,-0.01,31.07,20350.75,-1
2025-07-01,2025-07-01 12:23:00,659.98,659.98,659.93,659.93,-0.01,31.07,20350.75,-1
2025-07-01,2025-07-01 12:24:00,659.93,659.93,659.89,659.89,-0.01,31.07,20350.75,-1
2025-07-01,2025-07-01 12:25:00,659.89,659.89,659.84,659.84,-0.01,31.07,20350.75,-1
2025-07-01,2025-07-01 12:26:00,659.84,659.84,659.8,659.8,-0.01,31.07,20350.75,-1
2025-07-01,2025-07-01 12:27:00,659.8,659.8,659.75,659.75,-0.01,31.07,20350.75,-1
2025-07-01,2025-07-01 12:28:00,659.75,659.75,659.71,659.71,-0.01,31.07,20350.75,-1
2025-07-01,2025-07-01 12:29:00,659.71,659.71,659.67,659.67,-0.01,31.07,20350.75,-1
2025-07-01,2025-07-01 12:30:00,659.67,659.67,659.62,659.62,-0.01,31.07,20350.75,-1
2025-07-01,2025-07-01 12:31:00,659.62,659.62,659.58,659.58,-0.01,31.07,20350.75,-1
2025-07-01,2025-07-01 12:32:00,659.58,659.58,659.53,659.53,-0.01,31.07,20350.75,-1
2025-07-01,2025-07-01 12:33:00,659.53,659.53,659.49,659.49,-0.01,31.07,20350.75,-1
2025-07-01,2025-07-01 12:34:00,659.49,659.49,659.44,659.44,-0.01,31.07,20350.75,-1
2025-07-01,2025-07-01 12:35:00,659.44,659.44,659.4,659.4,-0.01,31.07,20350.75,-1
2025-07-01,2025-07-01 12:36:00,659.4,659.4,659.35,659.35,-0.01,31.07,20350.75,-1
2025-07-01,2025-07-01 12:37:00,659.35,659.35,659.31,659.31,-0.01,31.07,20350.75,-1
2025-07-01,2025-07-01 12:38:00,659.31,659.31,659.26,659.26,-0.01,31.07,20350.75,-1
2025-07-01,2025-07-01 12:39:00,659.26,659.26,659.22,659.22,-0.01,31.07,20350.75,-1
2025-07-01,2025-07-01 12:40:00,659.22,659.22,659.17,659.17,-0.01,31.07,20350.75,-1
2025-07-01,2025-07-01 12:41:00,659.17,659.17,659.13,659.13,-0.01,31.07,20350.75,-1
2025-07-01,2025-07-01 12:42:00,659.13,659.13,659.08,659.08,-0.01,31.07,20350.75,-1
2025-07-01,2025-07-01 12:43:00,659.08,659.08,659.04,659.04,-0.01,31.07,20350.75,-1
2025-07-01,2025-07-01 12:44:00,659.04,659.04,658.99,658.99,-0.01,31.07,20350.75,-1
2025-07-01,2025-07-01 12:45:00,658.99,658.99,658.95,658.95,-0.01,31.07,20350.75,-1
2025-07-01,2025-07-01 12:46:00,658.95,658.95,658.9,658.9,-0.01,31.07,20350.75,-1
2025-07-01,2025-07-01 12:47:00,658.9,658.9,658.86,658.86,-0.01,31.07,20350.75,-1
2025-07-01,2025-07-01 12:48:00,658.86,658.86,658.81,658.81,-0.01,31.07,20350.75,-1
2025-07-01,2025-07-01 12:49:00,658.81,658.81,658.77,658.77,-0.01,31.07,20350.75,-1
2025-07-01,2025-07-01 12:50:00,658.77,658.77,658.72,658.72,-0.01,31.07,20350.75,-1
2025-07-01,2025-07-01 12:51:00,658.72,658.72,658.68,658.68,-0.01,31.07,20350.75,-1
2025-07-01,2025-07-01 12:52:00,658.68,658.68,658.63,658.63,-0.01,31.07,20350.75,-1
2025-07-01,2025-07-01 12:53:00,658.63,658.63,658.59,658.59,-0.01,31.07,20350.75,-1
2025-07-01,2025-07-01 12:54:00,658.59,658.59,658.54,658.54,-0.01,31.07,20350.75,-1
2025-07-01,2025-07-01 12:55:00,658.54,658.54,658.5,658.5,-0.01,31.07,20350.75,-1
2025-07-01,2025-07-01 12:56:00,658.5,658.5,658.45,658.45,-0.01,31.07,20350.75,-1
2025-07-01,2025-07-01 12:57:00,658.45,658.45,658.41,658.41,-0.01,31.07,20350.75,-1
2025-07-01,2025-07-01 12:58:00,658.41,658.41,658.36,658.36,-0.01,31.07,20350.75,-1
2025-07-01,2025-07-01 12:59:00,658.36,658.36,658.32,658.32,-0.01,31.07,20350.75,-1
2025-07-01,2025-07-01 13:00:00,658.32,663.7,647.0,658.28,-0.01,31.07,20350.75,-1
2025-07-01,2025-07-01 13:01:00,658.28,658.28,658.23,658.23,-0.01,31.07,20350.75,-1
2025-07-01,2025-07-01 13:02:00,658.23,658.23,658.19,658.19,-0.01,31.07,20350.75,-1
2025-07-01,2025-07-01 13:03:00,658.19,658.19,658.14,658.14,-0.01,31.07,20350.75,-1
2025-07-01,2025-07-01 13:04:00,658.14,658.14,658.1,658.1,-0.01,31.07,20350.75,-1
2025-07-01,2025-07-01 13:05:00,658.1,658.1,658.05,658.05,-0.01,31.07,20350.75,-1
2025-07-01,2025-07-01 13:06:00,658.05,658.05,658.01,658.01,-0.01,31.07,20350.75,-1
2025-07-01,2025-07-01 13:07:00,658.01,658.01,657.96,657.96,-0.01,31.07,20350.75,-1
2025-07-01,2025-07-01 13:08:00,657.96,657.96,657.92,657.92,-0.01,31.07,20350.75,-1
2025-07-01,2025-07-01 13:09:00,657.92,657.92,657.87,657.87,-0.01,31.07,20350.75,-1
2025-07-01,2025-07-01 13:10:00,657.87,657.87,657.83,657.83,-0.01,31.07,20350.75,-1
2025-07-01,2025-07-01 13:11:00,657.83,657.83,657.78,657.78,-0.01,31.07,20350.75,-1
2025-07-01,2025-07-01 13:12:00,657.78,657.78,657.74,657.74,-0.01,31.07,20350.75,-1
2025-07-01,2025-07-01 13:13:00,657.74,657.74,657.69,657.69,-0.01,31.07,20350.75,-1
2025-07-01,2025-07-01 13:14:00,657.69,657.69,657.65,657.65,-0.01,31.07,20350.75,-1
2025-07-01,2025-07-01 13:15:00,657.65,657.65,657.6,657.6,-0.01,31.07,20350.75,-1
2025-07-01,2025-07-01 13:16:00,657.6,657.6,657.56,657.56,-0.01,31.07,20350.75,-1
2025-07-01,2025-07-01 13:17:00,657.56,657.56,657.51,657.51,-0.01,31.07,20350.75,-1
2025-07-01,2025-07-01 13:18:00,657.51,657.51,657.47,657.47,-0.01,31.07,20350.75,-1
2025-07-01,2025-07-01 13:19:00,657.47,657.47,657.42,657.42,-0.01,31.07,20350.75,-1
2025-07-01,2025-07-01 13:20:00,657.42,657.42,657.38,657.38,-0.01,31.07,20350.75,-1
2025-07-01,2025-07-01 13:21:00,657.38,657.38,657.33,657.33,-0.01,31.07,20350.75,-1
2025-07-01,2025-07-01 13:22:00,657.33,657.33,657.29,657.29,-0.01,31.07,20350.75,-1
2025-07-01,2025-07-01 13:23:00,657.29,657.29,657.24,657.24,-0.01,31.07,20350.75,-1
2025-07-01,2025-07-01 13:24:00,657.24,657.24,657.2,657.2,-0.01,31.07,20350.75,-1
2025-07-01,2025-07-01 13:25:00,657.2,657.2,657.15,657.15,-0.01,31.07,20350.75,-1
2025-07-01,2025-07-01 13:26:00,657.15,657.15,657.11,657.11,-0.01,31.07,20350.75,-1
2025-07-01,2025-07-01 13:27:00,657.11,657.11,657.06,657.06,-0.01,31.07,20350.75,-1
2025-07-01,2025-07-01 13:28:00,657.06,657.06,657.02,657.02,-0.01,31.07,20350.75,-1
2025-07-01,2025-07-01 13:29:00,657.02,657.02,656.98,656.98,-0.01,31.07,20350.75,-1
2025-07-01,2025-07-01 13:30:00,656.98,656.98,656.93,656.93,-0.01,31.07,20350.75,-1
2025-07-01,2025-07-01 13:31:00,656.93,656.93,656.89,656.89,-0.01,31.07,20350.75,-1
2025-07-01,2025-07-01 13:32:00,656.89,656.89,656.84,656.84,-0.01,31.07,20350.75,-1
2025-07-01,2025-07-01 13:33:00,656.84,656.84,656.8,656.8,-0.01,31.07,20350.75,-1
2025-07-01,2025-07-01 13:34:00,656.8,656.8,656.75,656.75,-0.01,31.07,20350.75,-1
2025-07-01,2025-07-01 13:35:00,656.75,656.75,656.71,656.71,-0.01,31.07,20350.75,-1
2025-07-01,2025-07-01 13:36:00,656.71,656.71,656.66,656.66,-0.01,31.07,20350.75,-1
2025-07-01,2025-07-01 13:37:00,656.66,656.66,656.62,656.62,-0.01,31.07,20350.75,-1
2025-07-01,2025-07-01 13:38:00,656.62,656.62,656.57,656.57,-0.01,31.07,20350.75,-1
2025-07-01,2025-07-01 13:39:00,656.57,656.57,656.53,656.53,-0.01,31.07,20350.75,-1
2025-07-01,2025-07-01 13:40:00,656.53,656.53,656.48,656.48,-0.01,31.07,20350.75,-1
2025-07-01,2025-07-01 13:41:00,656.48,656.48,656.44,656.44,-0.01,31.07,20350.75,-1
2025-07-01,2025-07-01 13:42:00,656.44,656.44,656.39,656.39,-0.01,31.07,20350.75,-1
2025-07-01,2025-07-01 13:43:00,656.39,656.39,656.35,656.35,-0.01,31.07,20350.75,-1
2025-07-01,2025-07-01 13:44:00,656.35,656.35,656.3,656.3,-0.01,31.07,20350.75,-1
2025-07-01,2025-07-01 13:45:00,656.3,656.3,656.26,656.26,-0.01,31.07,20350.75,-1
2025-07-01,2025-07-01 13:46:00,656.26,656.26,656.21,656.21,-0.01,31.07,20350.75,-1
2025-07-01,2025-07-01 13:47:00,656.21,656.21,656.17,656.17,-0.01,31.07,20350.75,-1
2025-07-01,2025-07-01 13:48:00,656.17,656.17,656.12,656.12,-0.01,31.07,20350.75,-1
2025-07-01,2025-07-01 13:49:00,656.12,656.12,656.08,656.08,-0.01,31.07,20350.75,-1
2025-07-01,2025-07-01 13:50:00,656.08,656.08,656.03,656.03,-0.01,31.07,20350.75,-1
2025-07-01,2025-07-01 13:51:00,656.03,656.03,655.99,655.99,-0.01,31.07,20350.75,-1
2025-07-01,2025-07-01 13:52:00,655.99,655.99,655.94,655.94,-0.01,31.07,20350.75,-1
2025-07-01,2025-07-01 13:53:00,655.94,655.94,655.9,655.9,-0.01,31.07,20350.75,-1
2025-07-01,2025-07-01 13:54:00,655.9,655.9,655.85,655.85,-0.01,31.07,20350.75,-1
2025-07-01,2025-07-01 13:55:00,655.85,655.85,655.81,655.81,-0.01,31.07,20350.75,-1
2025-07-01,2025-07-01 13:56:00,655.81,655.81,655.76,655.76,-0.01,31.07,20350.75,-1
2025-07-01,2025-07-01 13:57:00,655.76,655.76,655.72,655.72,-0.01,31.07,20350.75,-1
2025-07-01,2025-07-01 13:58:00,655.72,655.72,655.67,655.67,-0.01,31.07,20350.75,-1
2025-07-01,2025-07-01 13:59:00,655.67,655.67,655.63,655.63,-0.01,31.07,20350.75,-1
2025-07-01,2025-07-01 14:00:00,655.63,655.63,655.59,655.59,-0.01,31.07,20350.75,-1
2025-07-01,2025-07-01 14:01:00,655.59,655.59,655.54,655.54,-0.01,31.07,20350.75,-1
2025-07-01,2025-07-01 14:02:00,655.54,655.54,655.5,655.5,-0.01,31.07,20350.75,-1
2025-07-01,2025-07-01 14:03:00,655.5,655.5,655.45,655.45,-0.01,31.07,20350.75,-1
2025-07-01,2025-07-01 14:04:00,655.45,655.45,655.41,655.41,-0.01,31.07,20350.75,-1
2025-07-01,2025-07-01 14:05:00,655.41,655.41,655.36,655.36,-0.01,31.07,20350.75,-1
2025-07-01,2025-07-01 14:06:00,655.36,655.36,655.32,655.32,-0.01,31.07,20350.75,-1
2025-07-01,2025-07-01 14:07:00,655.32,655.32,655.27,655.27,-0.01,31.07,20350.75,-1
2025-07-01,2025-07-01 14:08:00,655.27,655.27,655.23,655.23,-0.01,31.07,20350.75,-1
2025-07-01,2025-07-01 14:09:00,655.23,655.23,655.18,655.18,-0.01,31.07,20350.75,-1
2025-07-01,2025-07-01 14:10:00,655.18,655.18,655.14,655.14,-0.01,31.07,20350.75,-1
2025-07-01,2025-07-01 14:11:00,655.14,655.14,655.09,655.09,-0.01,31.07,20350.75,-1
2025-07-01,2025-07-01 14:12:00,655.09,655.09,655.05,655.05,-0.01,31.07,20350.75,-1
2025-07-01,2025-07-01 14:13:00,655.05,655.05,655.0,655.0,-0.01,31.07,20350.75,-1
2025-07-01,2025-07-01 14:14:00,655.0,655.0,654.96,654.96,-0.01,31.07,20350.75,-1
2025-07-01,2025-07-01 14:15:00,654.96,654.96,654.91,654.91,-0.01,31.07,20350.75,-1
2025-07-01,2025-07-01 14:16:00,654.91,654.91,654.87,654.87,-0.01,31.07,20350.75,-1
2025-07-01,2025-07-01 14:17:00,654.87,654.87,654.82,654.82,-0.01,31.07,20350.75,-1
2025-07-01,2025-07-01 14:18:00,654.82,654.82,654.78,654.78,-0.01,31.07,20350.75,-1
2025-07-01,2025-07-01 14:19:00,654.78,654.78,654.73,654.73,-0.01,31.07,20350.75,-1
2025-07-01,2025-07-01 14:20:00,654.73,654.73,654.69,654.69,-0.01,31.07,20350.75,-1
2025-07-01,2025-07-01 14:21:00,654.69,654.69,654.64,654.64,-0.01,31.07,20350.75,-1
2025-07-01,2025-07-01 14:22:00,654.64,654.64,654.6,654.6,-0.01,31.07,20350.75,-1
2025-07-01,2025-07-01 14:23:00,654.6,654.6,654.55,654.55,-0.01,31.07,20350.75,-1
2025-07-01,2025-07-01 14:24:00,654.55,654.55,654.51,654.51,-0.01,31.07,20350.75,-1
2025-07-01,2025-07-01 14:25:00,654.51,654.51,654.46,654.46,-0.01,31.07,20350.75,-1
2025-07-01,2025-07-01 14:26:00,654.46,654.46,654.42,654.42,-0.01,31.07,20350.75,-1
2025-07-01,2025-07-01 14:27:00,654.42,654.42,654.37,654.37,-0.01,31.07,20350.75,-1
2025-07-01,2025-07-01 14:28:00,654.37,654.37,654.33,654.33,-0.01,31.07,20350.75,-1
2025-07-01,2025-07-01 14:29:00,654.33,654.33,654.29,654.29,-0.01,31.07,20350.75,-1
2025-07-01,2025-07-01 14:30:00,654.29,654.29,654.24,654.24,-0.01,31.07,20350.75,-1
2025-07-01,2025-07-01 14:31:00,654.24,654.24,654.2,654.2,-0.01,31.07,20350.75,-1
2025-07-01,2025-07-01 14:32:00,654.2,654.2,654.15,654.15,-0.01,31.07,20350.75,-1
2025-07-01,2025-07-01 14:33:00,654.15,654.15,654.11,654.11,-0.01,31.07,20350.75,-1
2025-07-01,2025-07-01 14:34:00,654.11,654.11,654.06,654.06,-0.01,31.07,20350.75,-1
2025-07-01,2025-07-01 14:35:00,654.06,654.06,654.02,654.02,-0.01,31.07,20350.75,-1
2025-07-01,2025-07-01 14:36:00,654.02,654.02,653.97,653.97,-0.01,31.07,20350.75,-1
2025-07-01,2025-07-01 14:37:00,653.97,653.97,653.93,653.93,-0.01,31.07,20350.75,-1
2025-07-01,2025-07-01 14:38:00,653.93,653.93,653.88,653.88,-0.01,31.07,20350.75,-1
2025-07-01,2025-07-01 14:39:00,653.88,653.88,653.84,653.84,-0.01,31.07,20350.75,-1
2025-07-01,2025-07-01 14:40:00,653.84,653.84,653.79,653.79,-0.01,31.07,20350.75,-1
2025-07-01,2025-07-01 14:41:00,653.79,653.79,653.75,653.75,-0.01,31.07,20350.75,-1
2025-07-01,2025-07-01 14:42:00,653.75,653.75,653.7,653.7,-0.01,31.07,20350.75,-1
2025-07-01,2025-07-01 14:43:00,653.7,653.7,653.66,653.66,-0.01,31.07,20350.75,-1
2025-07-01,2025-07-01 14:44:00,653.66,653.66,653.61,653.61,-0.01,31.07,20350.75,-1
2025-07-01,2025-07-01 14:45:00,653.61,653.61,653.57,653.57,-0.01,31.07,20350.75,-1
2025-07-01,2025-07-01 14:46:00,653.57,653.57,653.52,653.52,-0.01,31.07,20350.75,-1
2025-07-01,2025-07-01 14:47:00,653.52,653.52,653.48,653.48,-0.01,31.07,20350.75,-1
2025-07-01,2025-07-01 14:48:00,653.48,653.48,653.43,653.43,-0.01,31.07,20350.75,-1
2025-07-01,2025-07-01 14:49:00,653.43,653.43,653.39,653.39,-0.01,31.07,20350.75,-1
2025-07-01,2025-07-01 14:50:00,653.39,653.39,653.34,653.34,-0.01,31.07,20350.75,-1
2025-07-01,2025-07-01 14:51:00,653.34,653.34,653.3,653.3,-0.01,31.07,20350.75,-1
2025-07-01,2025-07-01 14:52:00,653.3,653.3,653.25,653.25,-0.01,31.07,20350.75,-1
2025-07-01,2025-07-01 14:53:00,653.25,653.25,653.21,653.21,-0.01,31.07,20350.75,-1
2025-07-01,2025-07-01 14:54:00,653.21,653.21,653.16,653.16,-0.01,31.07,20350.75,-1
2025-07-01,2025-07-01 14:55:00,653.16,653.16,653.12,653.12,-0.01,31.07,20350.75,-1
2025-07-01,2025-07-01 14:56:00,653.12,653.12,653.07,653.07,-0.01,31.07,20350.75,-1
2025-07-01,2025-07-01 14:57:00,653.07,653.07,653.03,653.03,-0.01,31.07,20350.75,-1
2025-07-01,2025-07-01 14:58:00,653.03,653.03,652.98,652.98,-0.01,31.07,20350.75,-1
2025-07-01,2025-07-01 14:59:00,652.98,652.98,652.94,652.94,-0.01,31.07,20350.75,-1
2025-07-01,2025-07-01 15:00:00,652.94,663.7,647.0,652.94,0.0,31.07,20350.75,0
2025-07-02,2025-07-02 11:00:00,665.9,667.43,658.19,665.9,0.0,105.62,69509.05,0
2025-07-02,2025-07-02 11:01:00,665.9,665.9,665.9,665.9,0.0,105.62,69509.05,0
2025-07-02,2025-07-02 11:02:00,665.9,665.9,665.89,665.89,-0.0,105.62,69509.05,-1
2025-07-02,2025-07-02 11:03:00,665.89,665.89,665.89,665.89,0.0,105.62,69509.05,0
2025-07-02,2025-07-02 11:04:00,665.89,665.89,665.89,665.89,0.0,105.62,69509.05,0
2025-07-02,2025-07-02 11:05:00,665.89,665.89,665.89,665.89,0.0,105.62,69509.05,0
2025-07-02,2025-07-02 11:06:00,665.89,665.89,665.89,665.89,0.0,105.62,69509.05,0
2025-07-02,2025-07-02 11:07:00,665.89,665.89,665.89,665.89,0.0,105.62,69509.05,0
2025-07-02,2025-07-02 11:08:00,665.89,665.89,665.88,665.88,-0.0,105.62,69509.05,-1
2025-07-02,2025-07-02 11:09:00,665.88,665.88,665.88,665.88,0.0,105.62,69509.05,0
2025-07-02,2025-07-02 11:10:00,665.88,665.88,665.88,665.88,0.0,105.62,69509.05,0
2025-07-02,2025-07-02 11:11:00,665.88,665.88,665.88,665.88,0.0,105.62,69509.05,0
2025-07-02,2025-07-02 11:12:00,665.88,665.88,665.88,665.88,0.0,105.62,69509.05,0
2025-07-02,2025-07-02 11:13:00,665.88,665.88,665.87,665.87,-0.0,105.62,69509.05,-1
2025-07-02,2025-07-02 11:14:00,665.87,665.87,665.87,665.87,0.0,105.62,69509.05,0
2025-07-02,2025-07-02 11:15:00,665.87,665.87,665.87,665.87,0.0,105.62,69509.05,0
2025-07-02,2025-07-02 11:16:00,665.87,665.87,665.87,665.87,0.0,105.62,69509.05,0
2025-07-02,2025-07-02 11:17:00,665.87,665.87,665.87,665.87,0.0,105.62,69509.05,0
2025-07-02,2025-07-02 11:18:00,665.87,665.87,665.87,665.87,0.0,105.62,69509.05,0
2025-07-02,2025-07-02 11:19:00,665.87,665.87,665.86,665.86,-0.0,105.62,69509.05,-1
2025-07-02,2025-07-02 11:20:00,665.86,665.86,665.86,665.86,0.0,105.62,69509.05,0
2025-07-02,2025-07-02 11:21:00,665.86,665.86,665.86,665.86,0.0,105.62,69509.05,0
2025-07-02,2025-07-02 11:22:00,665.86,665.86,665.86,665.86,0.0,105.62,69509.05,0
2025-07-02,2025-07-02 11:23:00,665.86,665.86,665.86,665.86,0.0,105.62,69509.05,0
2025-07-02,2025-07-02 11:24:00,665.86,665.86,665.85,665.85,-0.0,105.62,69509.05,-1
2025-07-02,2025-07-02 11:25:00,665.85,665.85,665.85,665.85,0.0,105.62,69509.05,0
2025-07-02,2025-07-02 11:26:00,665.85,665.85,665.85,665.85,0.0,105.62,69509.05,0
2025-07-02,2025-07-02 11:27:00,665.85,665.85,665.85,665.85,0.0,105.62,69509.05,0
2025-07-02,2025-07-02 11:28:00,665.85,665.85,665.85,665.85,0.0,105.62,69509.05,0
2025-07-02,2025-07-02 11:29:00,665.85,665.85,665.85,665.85,0.0,105.62,69509.05,0
2025-07-02,2025-07-02 11:30:00,665.85,665.85,665.84,665.84,-0.0,105.62,69509.05,-1
2025-07-02,2025-07-02 11:31:00,665.84,665.84,665.84,665.84,0.0,105.62,69509.05,0
2025-07-02,2025-07-02 11:32:00,665.84,665.84,665.84,665.84,0.0,105.62,69509.05,0
2025-07-02,2025-07-02 11:33:00,665.84,665.84,665.84,665.84,0.0,105.62,69509.05,0
2025-07-02,2025-07-02 11:34:00,665.84,665.84,665.84,665.84,0.0,105.62,69509.05,0
2025-07-02,2025-07-02 11:35:00,665.84,665.84,665.83,665.83,-0.0,105.62,69509.05,-1
2025-07-02,2025-07-02 11:36:00,665.83,665.83,665.83,665.83,0.0,105.62,69509.05,0
2025-07-02,2025-07-02 11:37:00,665.83,665.83,665.83,665.83,0.0,105.62,69509.05,0
2025-07-02,2025-07-02 11:38:00,665.83,665.83,665.83,665.83,0.0,105.62,69509.05,0
2025-07-02,2025-07-02 11:39:00,665.83,665.83,665.83,665.83,0.0,105.62,69509.05,0
2025-07-02,2025-07-02 11:40:00,665.83,665.83,665.82,665.82,-0.0,105.62,69509.05,-1
2025-07-02,2025-07-02 11:41:00,665.82,665.82,665.82,665.82,0.0,105.62,69509.05,0
2025-07-02,2025-07-02 11:42:00,665.82,665.82,665.82,665.82,0.0,105.62,69509.05,0
2025-07-02,2025-07-02 11:43:00,665.82,665.82,665.82,665.82,0.0,105.62,69509.05,0
2025-07-02,2025-07-02 11:44:00,665.82,665.82,665.82,665.82,0.0,105.62,69509.05,0
2025-07-02,2025-07-02 11:45:00,665.82,665.82,665.82,665.82,0.0,105.62,69509.05,0
2025-07-02,2025-07-02 11:46:00,665.82,665.82,665.81,665.81,-0.0,105.62,69509.05,-1
2025-07-02,2025-07-02 11:47:00,665.81,665.81,665.81,665.81,0.0,105.62,69509.05,0
2025-07-02,2025-07-02 11:48:00,665.81,665.81,665.81,665.81,0.0,105.62,69509.05,0
2025-07-02,2025-07-02 11:49:00,665.81,665.81,665.81,665.81,0.0,105.62,69509.05,0
2025-07-02,2025-07-02 11:50:00,665.81,665.81,665.81,665.81,0.0,105.62,69509.05,0
2025-07-02,2025-07-02 11:51:00,665.81,665.81,665.8,665.8,-0.0,105.62,69509.05,-1
2025-07-02,2025-07-02 11:52:00,665.8,665.8,665.8,665.8,0.0,105.62,69509.05,0
2025-07-02,2025-07-02 11:53:00,665.8,665.8,665.8,665.8,0.0,105.62,69509.05,0
2025-07-02,2025-07-02 11:54:00,665.8,665.8,665.8,665.8,0.0,105.62,69509.05,0
2025-07-02,2025-07-02 11:55:00,665.8,665.8,665.8,665.8,0.0,105.62,69509.05,0
2025-07-02,2025-07-02 11:56:00,665.8,665.8,665.8,665.8,0.0,105.62,69509.05,0
2025-07-02,2025-07-02 11:57:00,665.8,665.8,665.79,665.79,-0.0,105.62,69509.05,-1
2025-07-02,2025-07-02 11:58:00,665.79,665.79,665.79,665.79,0.0,105.62,69509.05,0
2025-07-02,2025-07-02 11:59:00,665.79,665.79,665.79,665.79,0.0,105.62,69509.05,0
2025-07-02,2025-07-02 12:00:00,665.79,665.79,665.79,665.79,0.0,105.62,69509.05,0
2025-07-02,2025-07-02 12:01:00,665.79,665.79,665.79,665.79,0.0,105.62,69509.05,0
2025-07-02,2025-07-02 12:02:00,665.79,665.79,665.78,665.78,-0.0,105.62,69509.05,-1
2025-07-02,2025-07-02 12:03:00,665.78,665.78,665.78,665.78,0.0,105.62,69509.05,0
2025-07-02,2025-07-02 12:04:00,665.78,665.78,665.78,665.78,0.0,105.62,69509.05,0
2025-07-02,2025-07-02 12:05:00,665.78,665.78,665.78,665.78,0.0,105.62,69509.05,0
2025-07-02,2025-07-02 12:06:00,665.78,665.78,665.78,665.78,0.0,105.62,69509.05,0
2025-07-02,2025-07-02 12:07:00,665.78,665.78,665.78,665.78,0.0,105.62,69509.05,0
2025-07-02,2025-07-02 12:08:00,665.78,665.78,665.77,665.77,-0.0,105.62,69509.05,-1
2025-07-02,2025-07-02 12:09:00,665.77,665.77,665.77,665.77,0.0,105.62,69509.05,0
2025-07-02,2025-07-02 12:10:00,665.77,665.77,665.77,665.77,0.0,105.62,69509.05,0
2025-07-02,2025-07-02 12:11:00,665.77,665.77,665.77,665.77,0.0,105.62,69509.05,0
2025-07-02,2025-07-02 12:12:00,665.77,665.77,665.77,665.77,0.0,105.62,69509.05,0
2025-07-02,2025-07-02 12:13:00,665.77,665.77,665.76,665.76,-0.0,105.62,69509.05,-1
2025-07-02,2025-07-02 12:14:00,665.76,665.76,665.76,665.76,0.0,105.62,69509.05,0
2025-07-02,2025-07-02 12:15:00,665.76,665.76,665.76,665.76,0.0,105.62,69509.05,0
2025-07-02,2025-07-02 12:16:00,665.76,665.76,665.76,665.76,0.0,105.62,69509.05,0
2025-07-02,2025-07-02 12:17:00,665.76,665.76,665.76,665.76,0.0,105.62,69509.05,0
2025-07-02,2025-07-02 12:18:00,665.76,665.76,665.76,665.76,0.0,105.62,69509.05,0
2025-07-02,2025-07-02 12:19:00,665.76,665.76,665.75,665.75,-0.0,105.62,69509.05,-1
2025-07-02,2025-07-02 12:20:00,665.75,665.75,665.75,665.75,0.0,105.62,69509.05,0
2025-07-02,2025-07-02 12:21:00,665.75,665.75,665.75,665.75,0.0,105.62,69509.05,0
2025-07-02,2025-07-02 12:22:00,665.75,665.75,665.75,665.75,0.0,105.62,69509.05,0
2025-07-02,2025-07-02 12:23:00,665.75,665.75,665.75,665.75,0.0,105.62,69509.05,0
2025-07-02,2025-07-02 12:24:00,665.75,665.75,665.74,665.74,-0.0,105.62,69509.05,-1
2025-07-02,2025-07-02 12:25:00,665.74,665.74,665.74,665.74,0.0,105.62,69509.05,0
2025-07-02,2025-07-02 12:26:00,665.74,665.74,665.74,665.74,0.0,105.62,69509.05,0
2025-07-02,2025-07-02 12:27:00,665.74,665.74,665.74,665.74,0.0,105.62,69509.05,0
2025-07-02,2025-07-02 12:28:00,665.74,665.74,665.74,665.74,0.0,105.62,69509.05,0
2025-07-02,2025-07-02 12:29:00,665.74,665.74,665.74,665.74,0.0,105.62,69509.05,0
2025-07-02,2025-07-02 12:30:00,665.74,665.74,665.73,665.73,-0.0,105.62,69509.05,-1
2025-07-02,2025-07-02 12:31:00,665.73,665.73,665.73,665.73,0.0,105.62,69509.05,0
2025-07-02,2025-07-02 12:32:00,665.73,665.73,665.73,665.73,0.0,105.62,69509.05,0
2025-07-02,2025-07-02 12:33:00,665.73,665.73,665.73,665.73,0.0,105.62,69509.05,0
2025-07-02,2025-07-02 12:34:00,665.73,665.73,665.73,665.73,0.0,105.62,69509.05,0
2025-07-02,2025-07-02 12:35:00,665.73,665.73,665.72,665.72,-0.0,105.62,69509.05,-1
2025-07-02,2025-07-02 12:36:00,665.72,665.72,665.72,665.72,0.0,105.62,69509.05,0
2025-07-02,2025-07-02 12:37:00,665.72,665.72,665.72,665.72,0.0,105.62,69509.05,0
2025-07-02,2025-07-02 12:38:00,665.72,665.72,665.72,665.72,0.0,105.62,69509.05,0
2025-07-02,2025-07-02 12:39:00,665.72,665.72,665.72,665.72,0.0,105.62,69509.05,0
2025-07-02,2025-07-02 12:40:00,665.72,665.72,665.71,665.71,-0.0,105.62,69509.05,-1
2025-07-02,2025-07-02 12:41:00,665.71,665.71,665.71,665.71,0.0,105.62,69509.05,0
2025-07-02,2025-07-02 12:42:00,665.71,665.71,665.71,665.71,0.0,105.62,69509.05,0
2025-07-02,2025-07-02 12:43:00,665.71,665.71,665.71,665.71,0.0,105.62,69509.05,0
2025-07-02,2025-07-02 12:44:00,665.71,665.71,665.71,665.71,0.0,105.62,69509.05,0
2025-07-02,2025-07-02 12:45:00,665.71,665.71,665.71,665.71,0.0,105.62,69509.05,0
2025-07-02,2025-07-02 12:46:00,665.71,665.71,665.7,665.7,-0.0,105.62,69509.05,-1
2025-07-02,2025-07-02 12:47:00,665.7,665.7,665.7,665.7,0.0,105.62,69509.05,0
2025-07-02,2025-07-02 12:48:00,665.7,665.7,665.7,665.7,0.0,105.62,69509.05,0
2025-07-02,2025-07-02 12:49:00,665.7,665.7,665.7,665.7,0.0,105.62,69509.05,0
2025-07-02,2025-07-02 12:50:00,665.7,665.7,665.7,665.7,0.0,105.62,69509.05,0
2025-07-02,2025-07-02 12:51:00,665.7,665.7,665.69,665.69,-0.0,105.62,69509.05,-1
2025-07-02,2025-07-02 12:52:00,665.69,665.69,665.69,665.69,0.0,105.62,69509.05,0
2025-07-02,2025-07-02 12:53:00,665.69,665.69,665.69,665.69,0.0,105.62,69509.05,0
2025-07-02,2025-07-02 12:54:00,665.69,665.69,665.69,665.69,0.0,105.62,69509.05,0
2025-07-02,2025-07-02 12:55:00,665.69,665.69,665.69,665.69,0.0,105.62,69509.05,0
2025-07-02,2025-07-02 12:56:00,665.69,665.69,665.69,665.69,0.0,105.62,69509.05,0
2025-07-02,2025-07-02 12:57:00,665.69,665.69,665.68,665.68,-0.0,105.62,69509.05,-1
2025-07-02,2025-07-02 12:58:00,665.68,665.68,665.68,665.68,0.0,105.62,69509.05,0
2025-07-02,2025-07-02 12:59:00,665.68,665.68,665.68,665.68,0.0,105.62,69509.05,0
2025-07-02,2025-07-02 13:00:00,665.68,671.0,640.2,665.68,0.0,105.62,69509.05,0
2025-07-02,2025-07-02 13:01:00,665.68,665.68,665.68,665.68,0.0,105.62,69509.05,0
2025-07-02,2025-07-02 13:02:00,665.68,665.68,665.67,665.67,-0.0,105.62,69509.05,-1
2025-07-02,2025-07-02 13:03:00,665.67,665.67,665.67,665.67,0.0,105.62,69509.05,0
2025-07-02,2025-07-02 13:04:00,665.67,665.67,665.67,665.67,0.0,105.62,69509.05,0
2025-07-02,2025-07-02 13:05:00,665.67,665.67,665.67,665.67,0.0,105.62,69509.05,0
2025-07-02,2025-07-02 13:06:00,665.67,665.67,665.67,665.67,0.0,105.62,69509.05,0
2025-07-02,2025-07-02 13:07:00,665.67,665.67,665.67,665.67,0.0,105.62,69509.05,0
2025-07-02,2025-07-02 13:08:00,665.67,665.67,665.66,665.66,-0.0,105.62,69509.05,-1
2025-07-02,2025-07-02 13:09:00,665.66,665.66,665.66,665.66,0.0,105.62,69509.05,0
2025-07-02,2025-07-02 13:10:00,665.66,665.66,665.66,665.66,0.0,105.62,69509.05,0
2025-07-02,2025-07-02 13:11:00,665.66,665.66,665.66,665.66,0.0,105.62,69509.05,0
2025-07-02,2025-07-02 13:12:00,665.66,665.66,665.66,665.66,0.0,105.62,69509.05,0
2025-07-02,2025-07-02 13:13:00,665.66,665.66,665.65,665.65,-0.0,105.62,69509.05,-1
2025-07-02,2025-07-02 13:14:00,665.65,665.65,665.65,665.65,0.0,105.62,69509.05,0
2025-07-02,2025-07-02 13:15:00,665.65,665.65,665.65,665.65,0.0,105.62,69509.05,0
2025-07-02,2025-07-02 13:16:00,665.65,665.65,665.65,665.65,0.0,105.62,69509.05,0
2025-07-02,2025-07-02 13:17:00,665.65,665.65,665.65,665.65,0.0,105.62,69509.05,0
2025-07-02,2025-07-02 13:18:00,665.65,665.65,665.65,665.65,0.0,105.62,69509.05,0
2025-07-02,2025-07-02 13:19:00,665.65,665.65,665.64,665.64,-0.0,105.62,69509.05,-1
2025-07-02,2025-07-02 13:20:00,665.64,665.64,665.64,665.64,0.0,105.62,69509.05,0
2025-07-02,2025-07-02 13:21:00,665.64,665.64,665.64,665.64,0.0,105.62,69509.05,0
2025-07-02,2025-07-02 13:22:00,665.64,665.64,665.64,665.64,0.0,105.62,69509.05,0
2025-07-02,2025-07-02 13:23:00,665.64,665.64,665.64,665.64,0.0,105.62,69509.05,0
2025-07-02,2025-07-02 13:24:00,665.64,665.64,665.63,665.63,-0.0,105.62,69509.05,-1
2025-07-02,2025-07-02 13:25:00,665.63,665.63,665.63,665.63,0.0,105.62,69509.05,0
2025-07-02,2025-07-02 13:26:00,665.63,665.63,665.63,665.63,0.0,105.62,69509.05,0
2025-07-02,2025-07-02 13:27:00,665.63,665.63,665.63,665.63,0.0,105.62,69509.05,0
2025-07-02,2025-07-02 13:28:00,665.63,665.63,665.63,665.63,0.0,105.62,69509.05,0
2025-07-02,2025-07-02 13:29:00,665.63,665.63,665.62,665.62,-0.0,105.62,69509.05,-1
2025-07-02,2025-07-02 13:30:00,665.62,665.62,665.62,665.62,0.0,105.62,69509.05,0
2025-07-02,2025-07-02 13:31:00,665.62,665.62,665.62,665.62,0.0,105.62,69509.05,0
2025-07-02,2025-07-02 13:32:00,665.62,665.62,665.62,665.62,0.0,105.62,69509.05,0
2025-07-02,2025-07-02 13:33:00,665.62,665.62,665.62,665.62,0.0,105.62,69509.05,0
2025-07-02,2025-07-02 13:34:00,665.62,665.62,665.62,665.62,0.0,105.62,69509.05,0
2025-07-02,2025-07-02 13:35:00,665.62,665.62,665.61,665.61,-0.0,105.62,69509.05,-1
2025-07-02,2025-07-02 13:36:00,665.61,665.61,665.61,665.61,0.0,105.62,69509.05,0
2025-07-02,2025-07-02 13:37:00,665.61,665.61,665.61,665.61,0.0,105.62,69509.05,0
2025-07-02,2025-07-02 13:38:00,665.61,665.61,665.61,665.61,0.0,105.62,69509.05,0
2025-07-02,2025-07-02 13:39:00,665.61,665.61,665.61,665.61,0.0,105.62,69509.05,0
2025-07-02,2025-07-02 13:40:00,665.61,665.61,665.6,665.6,-0.0,105.62,69509.05,-1
2025-07-02,2025-07-02 13:41:00,665.6,665.6,665.6,665.6,0.0,105.62,69509.05,0
2025-07-02,2025-07-02 13:42:00,665.6,665.6,665.6,665.6,0.0,105.62,69509.05,0
2025-07-02,2025-07-02 13:43:00,665.6,665.6,665.6,665.6,0.0,105.62,69509.05,0
2025-07-02,2025-07-02 13:44:00,665.6,665.6,665.6,665.6,0.0,105.62,69509.05,0
2025-07-02,2025-07-02 13:45:00,665.6,665.6,665.6,665.6,0.0,105.62,69509.05,0
2025-07-02,2025-07-02 13:46:00,665.6,665.6,665.59,665.59,-0.0,105.62,69509.05,-1
2025-07-02,2025-07-02 13:47:00,665.59,665.59,665.59,665.59,0.0,105.62,69509.05,0
2025-07-02,2025-07-02 13:48:00,665.59,665.59,665.59,665.59,0.0,105.62,69509.05,0
2025-07-02,2025-07-02 13:49:00,665.59,665.59,665.59,665.59,0.0,105.62,69509.05,0
2025-07-02,2025-07-02 13:50:00,665.59,665.59,665.59,665.59,0.0,105.62,69509.05,0
2025-07-02,2025-07-02 13:51:00,665.59,665.59,665.58,665.58,-0.0,105.62,69509.05,-1
2025-07-02,2025-07-02 13:52:00,665.58,665.58,665.58,665.58,0.0,105.62,69509.05,0
2025-07-02,2025-07-02 13:53:00,665.58,665.58,665.58,665.58,0.0,105.62,69509.05,0
2025-07-02,2025-07-02 13:54:00,665.58,665.58,665.58,665.58,0.0,105.62,69509.05,0
2025-07-02,2025-07-02 13:55:00,665.58,665.58,665.58,665.58,0.0,105.62,69509.05,0
2025-07-02,2025-07-02 13:56:00,665.58,665.58,665.58,665.58,0.0,105.62,69509.05,0
2025-07-02,2025-07-02 13:57:00,665.58,665.58,665.57,665.57,-0.0,105.62,69509.05,-1
2025-07-02,2025-07-02 13:58:00,665.57,665.57,665.57,665.57,0.0,105.62,69509.05,0
2025-07-02,2025-07-02 13:59:00,665.57,665.57,665.57,665.57,0.0,105.62,69509.05,0
2025-07-02,2025-07-02 14:00:00,665.57,665.57,665.57,665.57,0.0,105.62,69509.05,0
2025-07-02,2025-07-02 14:01:00,665.57,665.57,665.57,665.57,0.0,105.62,69509.05,0
2025-07-02,2025-07-02 14:02:00,665.57,665.57,665.56,665.56,-0.0,105.62,69509.05,-1
2025-07-02,2025-07-02 14:03:00,665.56,665.56,665.56,665.56,0.0,105.62,69509.05,0
2025-07-02,2025-07-02 14:04:00,665.56,665.56,665.56,665.56,0.0,105.62,69509.05,0
2025-07-02,2025-07-02 14:05:00,665.56,665.56,665.56,665.56,0.0,105.62,69509.05,0
2025-07-02,2025-07-02 14:06:00,665.56,665.56,665.56,665.56,0.0,105.62,69509.05,0
2025-07-02,2025-07-02 14:07:00,665.56,665.56,665.56,665.56,0.0,105.62,69509.05,0
2025-07-02,2025-07-02 14:08:00,665.56,665.56,665.55,665.55,-0.0,105.62,69509.05,-1
2025-07-02,2025-07-02 14:09:00,665.55,665.55,665.55,665.55,0.0,105.62,69509.05,0
2025-07-02,2025-07-02 14:10:00,665.55,665.55,665.55,665.55,0.0,105.62,69509.05,0
2025-07-02,2025-07-02 14:11:00,665.55,665.55,665.55,665.55,0.0,105.62,69509.05,0
2025-07-02,2025-07-02 14:12:00,665.55,665.55,665.55,665.55,0.0,105.62,69509.05,0
2025-07-02,2025-07-02 14:13:00,665.55,665.55,665.54,665.54,-0.0,105.62,69509.05,-1
2025-07-02,2025-07-02 14:14:00,665.54,665.54,665.54,665.54,0.0,105.62,69509.05,0
2025-07-02,2025-07-02 14:15:00,665.54,665.54,665.54,665.54,0.0,105.62,69509.05,0
2025-07-02,2025-07-02 14:16:00,665.54,665.54,665.54,665.54,0.0,105.62,69509.05,0
2025-07-02,2025-07-02 14:17:00,665.54,665.54,665.54,665.54,0.0,105.62,69509.05,0
2025-07-02,2025-07-02 14:18:00,665.54,665.54,665.54,665.54,0.0,105.62,69509.05,0
2025-07-02,2025-07-02 14:19:00,665.54,665.54,665.53,665.53,-0.0,105.62,69509.05,-1
2025-07-02,2025-07-02 14:20:00,665.53,665.53,665.53,665.53,0.0,105.62,69509.05,0
2025-07-02,2025-07-02 14:21:00,665.53,665.53,665.53,665.53,0.0,105.62,69509.05,0
2025-07-02,2025-07-02 14:22:00,665.53,665.53,665.53,665.53,0.0,105.62,69509.05,0
2025-07-02,2025-07-02 14:23:00,665.53,665.53,665.53,665.53,0.0,105.62,69509.05,0
2025-07-02,2025-07-02 14:24:00,665.53,665.53,665.52,665.52,-0.0,105.62,69509.05,-1
2025-07-02,2025-07-02 14:25:00,665.52,665.52,665.52,665.52,0.0,105.62,69509.05,0
2025-07-02,2025-07-02 14:26:00,665.52,665.52,665.52,665.52,0.0,105.62,69509.05,0
2025-07-02,2025-07-02 14:27:00,665.52,665.52,665.52,665.52,0.0,105.62,69509.05,0
2025-07-02,2025-07-02 14:28:00,665.52,665.52,665.52,665.52,0.0,105.62,69509.05,0
2025-07-02,2025-07-02 14:29:00,665.52,665.52,665.51,665.51,-0.0,105.62,69509.05,-1
2025-07-02,2025-07-02 14:30:00,665.51,665.51,665.51,665.51,0.0,105.62,69509.05,0
2025-07-02,2025-07-02 14:31:00,665.51,665.51,665.51,665.51,0.0,105.62,69509.05,0
2025-07-02,2025-07-02 14:32:00,665.51,665.51,665.51,665.51,0.0,105.62,69509.05,0
2025-07-02,2025-07-02 14:33:00,665.51,665.51,665.51,665.51,0.0,105.62,69509.05,0
2025-07-02,2025-07-02 14:34:00,665.51,665.51,665.51,665.51,0.0,105.62,69509.05,0
2025-07-02,2025-07-02 14:35:00,665.51,665.51,665.5,665.5,-0.0,105.62,69509.05,-1
2025-07-02,2025-07-02 14:36:00,665.5,665.5,665.5,665.5,0.0,105.62,69509.05,0
2025-07-02,2025-07-02 14:37:00,665.5,665.5,665.5,665.5,0.0,105.62,69509.05,0
2025-07-02,2025-07-02 14:38:00,665.5,665.5,665.5,665.5,0.0,105.62,69509.05,0
2025-07-02,2025-07-02 14:39:00,665.5,665.5,665.5,665.5,0.0,105.62,69509.05,0
2025-07-02,2025-07-02 14:40:00,665.5,665.5,665.49,665.49,-0.0,105.62,69509.05,-1
2025-07-02,2025-07-02 14:41:00,665.49,665.49,665.49,665.49,0.0,105.62,69509.05,0
2025-07-02,2025-07-02 14:42:00,665.49,665.49,665.49,665.49,0.0,105.62,69509.05,0
2025-07-02,2025-07-02 14:43:00,665.49,665.49,665.49,665.49,0.0,105.62,69509.05,0
2025-07-02,2025-07-02 14:44:00,665.49,665.49,665.49,665.49,0.0,105.62,69509.05,0
2025-07-02,2025-07-02 14:45:00,665.49,665.49,665.49,665.49,0.0,105.62,69509.05,0
2025-07-02,2025-07-02 14:46:00,665.49,665.49,665.48,665.48,-0.0,105.62,69509.05,-1
2025-07-02,2025-07-02 14:47:00,665.48,665.48,665.48,665.48,0.0,105.62,69509.05,0
2025-07-02,2025-07-02 14:48:00,665.48,665.48,665.48,665.48,0.0,105.62,69509.05,0
2025-07-02,2025-07-02 14:49:00,665.48,665.48,665.48,665.48,0.0,105.62,69509.05,0
2025-07-02,2025-07-02 14:50:00,665.48,665.48,665.48,665.48,0.0,105.62,69509.05,0
2025-07-02,2025-07-02 14:51:00,665.48,665.48,665.47,665.47,-0.0,105.62,69509.05,-1
2025-07-02,2025-07-02 14:52:00,665.47,665.47,665.47,665.47,0.0,105.62,69509.05,0
2025-07-02,2025-07-02 14:53:00,665.47,665.47,665.47,665.47,0.0,105.62,69509.05,0
2025-07-02,2025-07-02 14:54:00,665.47,665.47,665.47,665.47,0.0,105.62,69509.05,0
2025-07-02,2025-07-02 14:55:00,665.47,665.47,665.47,665.47,0.0,105.62,69509.05,0
2025-07-02,2025-07-02 14:56:00,665.47,665.47,665.47,665.47,0.0,105.62,69509.05,0
2025-07-02,2025-07-02 14:57:00,665.47,665.47,665.46,665.46,-0.0,105.62,69509.05,-1
2025-07-02,2025-07-02 14:58:00,665.46,665.46,665.46,665.46,0.0,105.62,69509.05,0
2025-07-02,2025-07-02 14:59:00,665.46,665.46,665.46,665.46,0.0,105.62,69509.05,0
2025-07-02,2025-07-02 15:00:00,665.46,671.0,640.2,665.46,0.0,105.62,69509.05,0
2025-07-03,2025-07-03 11:00:00,660.0,676.5,660.0,660.21,0.03,255.04,177077.7,1
2025-07-03,2025-07-03 11:01:00,660.21,660.42,660.21,660.42,0.03,255.04,177077.7,1
2025-07-03,2025-07-03 11:02:00,660.42,660.63,660.42,660.63,0.03,255.04,177077.7,1
2025-07-03,2025-07-03 11:03:00,660.63,660.84,660.63,660.84,0.03,255.04,177077.7,1
2025-07-03,2025-07-03 11:04:00,660.84,661.05,660.84,661.05,0.03,255.04,177077.7,1
2025-07-03,2025-07-03 11:05:00,661.05,661.26,661.05,661.26,0.03,255.04,177077.7,1
2025-07-03,2025-07-03 11:06:00,661.26,661.48,661.26,661.48,0.03,255.04,177077.7,1
2025-07-03,2025-07-03 11:07:00,661.48,661.69,661.48,661.69,0.03,255.04,177077.7,1
2025-07-03,2025-07-03 11:08:00,661.69,661.9,661.69,661.9,0.03,255.04,177077.7,1
2025-07-03,2025-07-03 11:09:00,661.9,662.11,661.9,662.11,0.03,255.04,177077.7,1
2025-07-03,2025-07-03 11:10:00,662.11,662.32,662.11,662.32,0.03,255.04,177077.7,1
2025-07-03,2025-07-03 11:11:00,662.32,662.53,662.32,662.53,0.03,255.04,177077.7,1
2025-07-03,2025-07-03 11:12:00,662.53,662.74,662.53,662.74,0.03,255.04,177077.7,1
2025-07-03,2025-07-03 11:13:00,662.74,662.95,662.74,662.95,0.03,255.04,177077.7,1
2025-07-03,2025-07-03 11:14:00,662.95,663.16,662.95,663.16,0.03,255.04,177077.7,1
2025-07-03,2025-07-03 11:15:00,663.16,663.37,663.16,663.37,0.03,255.04,177077.7,1
2025-07-03,2025-07-03 11:16:00,663.37,663.58,663.37,663.58,0.03,255.04,177077.7,1
2025-07-03,2025-07-03 11:17:00,663.58,663.79,663.58,663.79,0.03,255.04,177077.7,1
2025-07-03,2025-07-03 11:18:00,663.79,664.01,663.79,664.01,0.03,255.04,177077.7,1
2025-07-03,2025-07-03 11:19:00,664.01,664.22,664.01,664.22,0.03,255.04,177077.7,1
2025-07-03,2025-07-03 11:20:00,664.22,664.43,664.22,664.43,0.03,255.04,177077.7,1
2025-07-03,2025-07-03 11:21:00,664.43,664.64,664.43,664.64,0.03,255.04,177077.7,1
2025-07-03,2025-07-03 11:22:00,664.64,664.85,664.64,664.85,0.03,255.04,177077.7,1
2025-07-03,2025-07-03 11:23:00,664.85,665.06,664.85,665.06,0.03,255.04,177077.7,1
2025-07-03,2025-07-03 11:24:00,665.06,665.27,665.06,665.27,0.03,255.04,177077.7,1
2025-07-03,2025-07-03 11:25:00,665.27,665.48,665.27,665.48,0.03,255.04,177077.7,1
2025-07-03,2025-07-03 11:26:00,665.48,665.69,665.48,665.69,0.03,255.04,177077.7,1
2025-07-03,2025-07-03 11:27:00,665.69,665.9,665.69,665.9,0.03,255.04,177077.7,1
2025-07-03,2025-07-03 11:28:00,665.9,666.11,665.9,666.11,0.03,255.04,177077.7,1
2025-07-03,2025-07-03 11:29:00,666.11,666.32,666.11,666.32,0.03,255.04,177077.7,1
2025-07-03,2025-07-03 11:30:00,666.32,666.53,666.32,666.53,0.03,255.04,177077.7,1
2025-07-03,2025-07-03 11:31:00,666.53,666.75,666.53,666.75,0.03,255.04,177077.7,1
2025-07-03,2025-07-03 11:32:00,666.75,666.96,666.75,666.96,0.03,255.04,177077.7,1
2025-07-03,2025-07-03 11:33:00,666.96,667.17,666.96,667.17,0.03,255.04,177077.7,1
2025-07-03,2025-07-03 11:34:00,667.17,667.38,667.17,667.38,0.03,255.04,177077.7,1
2025-07-03,2025-07-03 11:35:00,667.38,667.59,667.38,667.59,0.03,255.04,177077.7,1
2025-07-03,2025-07-03 11:36:00,667.59,667.8,667.59,667.8,0.03,255.04,177077.7,1
2025-07-03,2025-07-03 11:37:00,667.8,668.01,667.8,668.01,0.03,255.04,177077.7,1
2025-07-03,2025-07-03 11:38:00,668.01,668.22,668.01,668.22,0.03,255.04,177077.7,1
2025-07-03,2025-07-03 11:39:00,668.22,668.43,668.22,668.43,0.03,255.04,177077.7,1
2025-07-03,2025-07-03 11:40:00,668.43,668.64,668.43,668.64,0.03,255.04,177077.7,1
2025-07-03,2025-07-03 11:41:00,668.64,668.85,668.64,668.85,0.03,255.04,177077.7,1
2025-07-03,2025-07-03 11:42:00,668.85,669.06,668.85,669.06,0.03,255.04,177077.7,1
2025-07-03,2025-07-03 11:43:00,669.06,669.27,669.06,669.27,0.03,255.04,177077.7,1
2025-07-03,2025-07-03 11:44:00,669.27,669.49,669.27,669.49,0.03,255.04,177077.7,1
2025-07-03,2025-07-03 11:45:00,669.49,669.7,669.49,669.7,0.03,255.04,177077.7,1
2025-07-03,2025-07-03 11:46:00,669.7,669.91,669.7,669.91,0.03,255.04,177077.7,1
2025-07-03,2025-07-03 11:47:00,669.91,670.12,669.91,670.12,0.03,255.04,177077.7,1
2025-07-03,2025-07-03 11:48:00,670.12,670.33,670.12,670.33,0.03,255.04,177077.7,1
2025-07-03,2025-07-03 11:49:00,670.33,670.54,670.33,670.54,0.03,255.04,177077.7,1
2025-07-03,2025-07-03 11:50:00,670.54,670.75,670.54,670.75,0.03,255.04,177077.7,1
2025-07-03,2025-07-03 11:51:00,670.75,670.96,670.75,670.96,0.03,255.04,177077.7,1
2025-07-03,2025-07-03 11:52:00,670.96,671.17,670.96,671.17,0.03,255.04,177077.7,1
2025-07-03,2025-07-03 11:53:00,671.17,671.38,671.17,671.38,0.03,255.04,177077.7,1
2025-07-03,2025-07-03 11:54:00,671.38,671.59,671.38,671.59,0.03,255.04,177077.7,1
2025-07-03,2025-07-03 11:55:00,671.59,671.8,671.59,671.8,0.03,255.04,177077.7,1
2025-07-03,2025-07-03 11:56:00,671.8,672.02,671.8,672.02,0.03,255.04,177077.7,1
2025-07-03,2025-07-03 11:57:00,672.02,672.23,672.02,672.23,0.03,255.04,177077.7,1
2025-07-03,2025-07-03 11:58:00,672.23,672.44,672.23,672.44,0.03,255.04,177077.7,1
2025-07-03,2025-07-03 11:59:00,672.44,672.65,672.44,672.65,0.03,255.04,177077.7,1
2025-07-03,2025-07-03 12:00:00,672.65,672.86,672.65,672.86,0.03,255.04,177077.7,1
2025-07-03,2025-07-03 12:01:00,672.86,673.07,672.86,673.07,0.03,255.04,177077.7,1
2025-07-03,2025-07-03 12:02:00,673.07,673.28,673.07,673.28,0.03,255.04,177077.7,1
2025-07-03,2025-07-03 12:03:00,673.28,673.49,673.28,673.49,0.03,255.04,177077.7,1
2025-07-03,2025-07-03 12:04:00,673.49,673.7,673.49,673.7,0.03,255.04,177077.7,1
2025-07-03,2025-07-03 12:05:00,673.7,673.91,673.7,673.91,0.03,255.04,177077.7,1
2025-07-03,2025-07-03 12:06:00,673.91,674.12,673.91,674.12,0.03,255.04,177077.7,1
2025-07-03,2025-07-03 12:07:00,674.12,674.33,674.12,674.33,0.03,255.04,177077.7,1
2025-07-03,2025-07-03 12:08:00,674.33,674.54,674.33,674.54,0.03,255.04,177077.7,1
2025-07-03,2025-07-03 12:09:00,674.54,674.76,674.54,674.76,0.03,255.04,177077.7,1
2025-07-03,2025-07-03 12:10:00,674.76,674.97,674.76,674.97,0.03,255.04,177077.7,1
2025-07-03,2025-07-03 12:11:00,674.97,675.18,674.97,675.18,0.03,255.04,177077.7,1
2025-07-03,2025-07-03 12:12:00,675.18,675.39,675.18,675.39,0.03,255.04,177077.7,1
2025-07-03,2025-07-03 12:13:00,675.39,675.6,675.39,675.6,0.03,255.04,177077.7,1
2025-07-03,2025-07-03 12:14:00,675.6,675.81,675.6,675.81,0.03,255.04,177077.7,1
2025-07-03,2025-07-03 12:15:00,675.81,676.02,675.81,676.02,0.03,255.04,177077.7,1
2025-07-03,2025-07-03 12:16:00,676.02,676.23,676.02,676.23,0.03,255.04,177077.7,1
2025-07-03,2025-07-03 12:17:00,676.23,676.44,676.23,676.44,0.03,255.04,177077.7,1
2025-07-03,2025-07-03 12:18:00,676.44,676.65,676.44,676.65,0.03,255.04,177077.7,1
2025-07-03,2025-07-03 12:19:00,676.65,676.86,676.65,676.86,0.03,255.04,177077.7,1
2025-07-03,2025-07-03 12:20:00,676.86,677.07,676.86,677.07,0.03,255.04,177077.7,1
2025-07-03,2025-07-03 12:21:00,677.07,677.28,677.07,677.28,0.03,255.04,177077.7,1
2025-07-03,2025-07-03 12:22:00,677.28,677.5,677.28,677.5,0.03,255.04,177077.7,1
2025-07-03,2025-07-03 12:23:00,677.5,677.71,677.5,677.71,0.03,255.04,177077.7,1
2025-07-03,2025-07-03 12:24:00,677.71,677.92,677.71,677.92,0.03,255.04,177077.7,1
2025-07-03,2025-07-03 12:25:00,677.92,678.13,677.92,678.13,0.03,255.04,177077.7,1
2025-07-03,2025-07-03 12:26:00,678.13,678.34,678.13,678.34,0.03,255.04,177077.7,1
2025-07-03,2025-07-03 12:27:00,678.34,678.55,678.34,678.55,0.03,255.04,177077.7,1
2025-07-03,2025-07-03 12:28:00,678.55,678.76,678.55,678.76,0.03,255.04,177077.7,1
2025-07-03,2025-07-03 12:29:00,678.76,678.97,678.76,678.97,0.03,255.04,177077.7,1
2025-07-03,2025-07-03 12:30:00,678.97,679.18,678.97,679.18,0.03,255.04,177077.7,1
2025-07-03,2025-07-03 12:31:00,679.18,679.39,679.18,679.39,0.03,255.04,177077.7,1
2025-07-03,2025-07-03 12:32:00,679.39,679.6,679.39,679.6,0.03,255.04,177077.7,1
2025-07-03,2025-07-03 12:33:00,679.6,679.81,679.6,679.81,0.03,255.04,177077.7,1
2025-07-03,2025-07-03 12:34:00,679.81,680.03,679.81,680.03,0.03,255.04,177077.7,1
2025-07-03,2025-07-03 12:35:00,680.03,680.24,680.03,680.24,0.03,255.04,177077.7,1
2025-07-03,2025-07-03 12:36:00,680.24,680.45,680.24,680.45,0.03,255.04,177077.7,1
2025-07-03,2025-07-03 12:37:00,680.45,680.66,680.45,680.66,0.03,255.04,177077.7,1
2025-07-03,2025-07-03 12:38:00,680.66,680.87,680.66,680.87,0.03,255.04,177077.7,1
2025-07-03,2025-07-03 12:39:00,680.87,681.08,680.87,681.08,0.03,255.04,177077.7,1
2025-07-03,2025-07-03 12:40:00,681.08,681.29,681.08,681.29,0.03,255.04,177077.7,1
2025-07-03,2025-07-03 12:41:00,681.29,681.5,681.29,681.5,0.03,255.04,177077.7,1
2025-07-03,2025-07-03 12:42:00,681.5,681.71,681.5,681.71,0.03,255.04,177077.7,1
2025-07-03,2025-07-03 12:43:00,681.71,681.92,681.71,681.92,0.03,255.04,177077.7,1
2025-07-03,2025-07-03 12:44:00,681.92,682.13,681.92,682.13,0.03,255.04,177077.7,1
2025-07-03,2025-07-03 12:45:00,682.13,682.34,682.13,682.34,0.03,255.04,177077.7,1
2025-07-03,2025-07-03 12:46:00,682.34,682.55,682.34,682.55,0.03,255.04,177077.7,1
2025-07-03,2025-07-03 12:47:00,682.55,682.77,682.55,682.77,0.03,255.04,177077.7,1
2025-07-03,2025-07-03 12:48:00,682.77,682.98,682.77,682.98,0.03,255.04,177077.7,1
2025-07-03,2025-07-03 12:49:00,682.98,683.19,682.98,683.19,0.03,255.04,177077.7,1
2025-07-03,2025-07-03 12:50:00,683.19,683.4,683.19,683.4,0.03,255.04,177077.7,1
2025-07-03,2025-07-03 12:51:00,683.4,683.61,683.4,683.61,0.03,255.04,177077.7,1
2025-07-03,2025-07-03 12:52:00,683.61,683.82,683.61,683.82,0.03,255.04,177077.7,1
2025-07-03,2025-07-03 12:53:00,683.82,684.03,683.82,684.03,0.03,255.04,177077.7,1
2025-07-03,2025-07-03 12:54:00,684.03,684.24,684.03,684.24,0.03,255.04,177077.7,1
2025-07-03,2025-07-03 12:55:00,684.24,684.45,684.24,684.45,0.03,255.04,177077.7,1
2025-07-03,2025-07-03 12:56:00,684.45,684.66,684.45,684.66,0.03,255.04,177077.7,1
2025-07-03,2025-07-03 12:57:00,684.66,684.87,684.66,684.87,0.03,255.04,177077.7,1
2025-07-03,2025-07-03 12:58:00,684.87,685.08,684.87,685.08,0.03,255.04,177077.7,1
2025-07-03,2025-07-03 12:59:00,685.08,685.3,685.08,685.3,0.03,255.04,177077.7,1
2025-07-03,2025-07-03 13:00:00,685.3,715.0,660.0,685.51,0.03,255.04,177077.7,1
2025-07-03,2025-07-03 13:01:00,685.51,685.72,685.51,685.72,0.03,255.04,177077.7,1
2025-07-03,2025-07-03 13:02:00,685.72,685.93,685.72,685.93,0.03,255.04,177077.7,1
2025-07-03,2025-07-03 13:03:00,685.93,686.14,685.93,686.14,0.03,255.04,177077.7,1
2025-07-03,2025-07-03 13:04:00,686.14,686.35,686.14,686.35,0.03,255.04,177077.7,1
2025-07-03,2025-07-03 13:05:00,686.35,686.56,686.35,686.56,0.03,255.04,177077.7,1
2025-07-03,2025-07-03 13:06:00,686.56,686.77,686.56,686.77,0.03,255.04,177077.7,1
2025-07-03,2025-07-03 13:07:00,686.77,686.98,686.77,686.98,0.03,255.04,177077.7,1
2025-07-03,2025-07-03 13:08:00,686.98,687.19,686.98,687.19,0.03,255.04,177077.7,1
2025-07-03,2025-07-03 13:09:00,687.19,687.4,687.19,687.4,0.03,255.04,177077.7,1
2025-07-03,2025-07-03 13:10:00,687.4,687.61,687.4,687.61,0.03,255.04,177077.7,1
2025-07-03,2025-07-03 13:11:00,687.61,687.82,687.61,687.82,0.03,255.04,177077.7,1
2025-07-03,2025-07-03 13:12:00,687.82,688.04,687.82,688.04,0.03,255.04,177077.7,1
2025-07-03,2025-07-03 13:13:00,688.04,688.25,688.04,688.25,0.03,255.04,177077.7,1
2025-07-03,2025-07-03 13:14:00,688.25,688.46,688.25,688.46,0.03,255.04,177077.7,1
2025-07-03,2025-07-03 13:15:00,688.46,688.67,688.46,688.67,0.03,255.04,177077.7,1
2025-07-03,2025-07-03 13:16:00,688.67,688.88,688.67,688.88,0.03,255.04,177077.7,1
2025-07-03,2025-07-03 13:17:00,688.88,689.09,688.88,689.09,0.03,255.04,177077.7,1
2025-07-03,2025-07-03 13:18:00,689.09,689.3,689.09,689.3,0.03,255.04,177077.7,1
2025-07-03,2025-07-03 13:19:00,689.3,689.51,689.3,689.51,0.03,255.04,177077.7,1
2025-07-03,2025-07-03 13:20:00,689.51,689.72,689.51,689.72,0.03,255.04,177077.7,1
2025-07-03,2025-07-03 13:21:00,689.72,689.93,689.72,689.93,0.03,255.04,177077.7,1
2025-07-03,2025-07-03 13:22:00,689.93,690.14,689.93,690.14,0.03,255.04,177077.7,1
2025-07-03,2025-07-03 13:23:00,690.14,690.35,690.14,690.35,0.03,255.04,177077.7,1
2025-07-03,2025-07-03 13:24:00,690.35,690.56,690.35,690.56,0.03,255.04,177077.7,1
2025-07-03,2025-07-03 13:25:00,690.56,690.78,690.56,690.78,0.03,255.04,177077.7,1
2025-07-03,2025-07-03 13:26:00,690.78,690.99,690.78,690.99,0.03,255.04,177077.7,1
2025-07-03,2025-07-03 13:27:00,690.99,691.2,690.99,691.2,0.03,255.04,177077.7,1
2025-07-03,2025-07-03 13:28:00,691.2,691.41,691.2,691.41,0.03,255.04,177077.7,1
2025-07-03,2025-07-03 13:29:00,691.41,691.62,691.41,691.62,0.03,255.04,177077.7,1
2025-07-03,2025-07-03 13:30:00,691.62,691.83,691.62,691.83,0.03,255.04,177077.7,1
2025-07-03,2025-07-03 13:31:00,691.83,692.04,691.83,692.04,0.03,255.04,177077.7,1
2025-07-03,2025-07-03 13:32:00,692.04,692.25,692.04,692.25,0.03,255.04,177077.7,1
2025-07-03,2025-07-03 13:33:00,692.25,692.46,692.25,692.46,0.03,255.04,177077.7,1
2025-07-03,2025-07-03 13:34:00,692.46,692.67,692.46,692.67,0.03,255.04,177077.7,1
2025-07-03,2025-07-03 13:35:00,692.67,692.88,692.67,692.88,0.03,255.04,177077.7,1
2025-07-03,2025-07-03 13:36:00,692.88,693.09,692.88,693.09,0.03,255.04,177077.7,1
2025-07-03,2025-07-03 13:37:00,693.09,693.31,693.09,693.31,0.03,255.04,177077.7,1
2025-07-03,2025-07-03 13:38:00,693.31,693.52,693.31,693.52,0.03,255.04,177077.7,1
2025-07-03,2025-07-03 13:39:00,693.52,693.73,693.52,693.73,0.03,255.04,177077.7,1
2025-07-03,2025-07-03 13:40:00,693.73,693.94,693.73,693.94,0.03,255.04,177077.7,1
2025-07-03,2025-07-03 13:41:00,693.94,694.15,693.94,694.15,0.03,255.04,177077.7,1
2025-07-03,2025-07-03 13:42:00,694.15,694.36,694.15,694.36,0.03,255.04,177077.7,1
2025-07-03,2025-07-03 13:43:00,694.36,694.57,694.36,694.57,0.03,255.04,177077.7,1
2025-07-03,2025-07-03 13:44:00,694.57,694.78,694.57,694.78,0.03,255.04,177077.7,1
2025-07-03,2025-07-03 13:45:00,694.78,694.99,694.78,694.99,0.03,255.04,177077.7,1
2025-07-03,2025-07-03 13:46:00,694.99,695.2,694.99,695.2,0.03,255.04,177077.7,1
2025-07-03,2025-07-03 13:47:00,695.2,695.41,695.2,695.41,0.03,255.04,177077.7,1
2025-07-03,2025-07-03 13:48:00,695.41,695.62,695.41,695.62,0.03,255.04,177077.7,1
2025-07-03,2025-07-03 13:49:00,695.62,695.83,695.62,695.83,0.03,255.04,177077.7,1
2025-07-03,2025-07-03 13:50:00,695.83,696.05,695.83,696.05,0.03,255.04,177077.7,1
2025-07-03,2025-07-03 13:51:00,696.05,696.26,696.05,696.26,0.03,255.04,177077.7,1
2025-07-03,2025-07-03 13:52:00,696.26,696.47,696.26,696.47,0.03,255.04,177077.7,1
2025-07-03,2025-07-03 13:53:00,696.47,696.68,696.47,696.68,0.03,255.04,177077.7,1
2025-07-03,2025-07-03 13:54:00,696.68,696.89,696.68,696.89,0.03,255.04,177077.7,1
2025-07-03,2025-07-03 13:55:00,696.89,697.1,696.89,697.1,0.03,255.04,177077.7,1
2025-07-03,2025-07-03 13:56:00,697.1,697.31,697.1,697.31,0.03,255.04,177077.7,1
2025-07-03,2025-07-03 13:57:00,697.31,697.52,697.31,697.52,0.03,255.04,177077.7,1
2025-07-03,2025-07-03 13:58:00,697.52,697.73,697.52,697.73,0.03,255.04,177077.7,1
2025-07-03,2025-07-03 13:59:00,697.73,697.94,697.73,697.94,0.03,255.04,177077.7,1
2025-07-03,2025-07-03 14:00:00,697.94,698.15,697.94,698.15,0.03,255.04,177077.7,1
2025-07-03,2025-07-03 14:01:00,698.15,698.36,698.15,698.36,0.03,255.04,177077.7,1
2025-07-03,2025-07-03 14:02:00,698.36,698.57,698.36,698.57,0.03,255.04,177077.7,1
2025-07-03,2025-07-03 14:03:00,698.57,698.79,698.57,698.79,0.03,255.04,177077.7,1
2025-07-03,2025-07-03 14:04:00,698.79,699.0,698.79,699.0,0.03,255.04,177077.7,1
2025-07-03,2025-07-03 14:05:00,699.0,699.21,699.0,699.21,0.03,255.04,177077.7,1
2025-07-03,2025-07-03 14:06:00,699.21,699.42,699.21,699.42,0.03,255.04,177077.7,1
2025-07-03,2025-07-03 14:07:00,699.42,699.63,699.42,699.63,0.03,255.04,177077.7,1
2025-07-03,2025-07-03 14:08:00,699.63,699.84,699.63,699.84,0.03,255.04,177077.7,1
2025-07-03,2025-07-03 14:09:00,699.84,700.05,699.84,700.05,0.03,255.04,177077.7,1
2025-07-03,2025-07-03 14:10:00,700.05,700.26,700.05,700.26,0.03,255.04,177077.7,1
2025-07-03,2025-07-03 14:11:00,700.26,700.47,700.26,700.47,0.03,255.04,177077.7,1
2025-07-03,2025-07-03 14:12:00,700.47,700.68,700.47,700.68,0.03,255.04,177077.7,1
2025-07-03,2025-07-03 14:13:00,700.68,700.89,700.68,700.89,0.03,255.04,177077.7,1
2025-07-03,2025-07-03 14:14:00,700.89,701.1,700.89,701.1,0.03,255.04,177077.7,1
2025-07-03,2025-07-03 14:15:00,701.1,701.32,701.1,701.32,0.03,255.04,177077.7,1
2025-07-03,2025-07-03 14:16:00,701.32,701.53,701.32,701.53,0.03,255.04,177077.7,1
2025-07-03,2025-07-03 14:17:00,701.53,701.74,701.53,701.74,0.03,255.04,177077.7,1
2025-07-03,2025-07-03 14:18:00,701.74,701.95,701.74,701.95,0.03,255.04,177077.7,1
2025-07-03,2025-07-03 14:19:00,701.95,702.16,701.95,702.16,0.03,255.04,177077.7,1
2025-07-03,2025-07-03 14:20:00,702.16,702.37,702.16,702.37,0.03,255.04,177077.7,1
2025-07-03,2025-07-03 14:21:00,702.37,702.58,702.37,702.58,0.03,255.04,177077.7,1
2025-07-03,2025-07-03 14:22:00,702.58,702.79,702.58,702.79,0.03,255.04,177077.7,1
2025-07-03,2025-07-03 14:23:00,702.79,703.0,702.79,703.0,0.03,255.04,177077.7,1
2025-07-03,2025-07-03 14:24:00,703.0,703.21,703.0,703.21,0.03,255.04,177077.7,1
2025-07-03,2025-07-03 14:25:00,703.21,703.42,703.21,703.42,0.03,255.04,177077.7,1
2025-07-03,2025-07-03 14:26:00,703.42,703.63,703.42,703.63,0.03,255.04,177077.7,1
2025-07-03,2025-07-03 14:27:00,703.63,703.84,703.63,703.84,0.03,255.04,177077.7,1
2025-07-03,2025-07-03 14:28:00,703.84,704.06,703.84,704.06,0.03,255.04,177077.7,1
2025-07-03,2025-07-03 14:29:00,704.06,704.27,704.06,704.27,0.03,255.04,177077.7,1
2025-07-03,2025-07-03 14:30:00,704.27,704.48,704.27,704.48,0.03,255.04,177077.7,1
2025-07-03,2025-07-03 14:31:00,704.48,704.69,704.48,704.69,0.03,255.04,177077.7,1
2025-07-03,2025-07-03 14:32:00,704.69,704.9,704.69,704.9,0.03,255.04,177077.7,1
2025-07-03,2025-07-03 14:33:00,704.9,705.11,704.9,705.11,0.03,255.04,177077.7,1
2025-07-03,2025-07-03 14:34:00,705.11,705.32,705.11,705.32,0.03,255.04,177077.7,1
2025-07-03,2025-07-03 14:35:00,705.32,705.53,705.32,705.53,0.03,255.04,177077.7,1
2025-07-03,2025-07-03 14:36:00,705.53,705.74,705.53,705.74,0.03,255.04,177077.7,1
2025-07-03,2025-07-03 14:37:00,705.74,705.95,705.74,705.95,0.03,255.04,177077.7,1
2025-07-03,2025-07-03 14:38:00,705.95,706.16,705.95,706.16,0.03,255.04,177077.7,1
2025-07-03,2025-07-03 14:39:00,706.16,706.37,706.16,706.37,0.03,255.04,177077.7,1
2025-07-03,2025-07-03 14:40:00,706.37,706.58,706.37,706.58,0.03,255.04,177077.7,1
2025-07-03,2025-07-03 14:41:00,706.58,706.8,706.58,706.8,0.03,255.04,177077.7,1
2025-07-03,2025-07-03 14:42:00,706.8,707.01,706.8,707.01,0.03,255.04,177077.7,1
2025-07-03,2025-07-03 14:43:00,707.01,707.22,707.01,707.22,0.03,255.04,177077.7,1
2025-07-03,2025-07-03 14:44:00,707.22,707.43,707.22,707.43,0.03,255.04,177077.7,1
2025-07-03,2025-07-03 14:45:00,707.43,707.64,707.43,707.64,0.03,255.04,177077.7,1
2025-07-03,2025-07-03 14:46:00,707.64,707.85,707.64,707.85,0.03,255.04,177077.7,1
2025-07-03,2025-07-03 14:47:00,707.85,708.06,707.85,708.06,0.03,255.04,177077.7,1
2025-07-03,2025-07-03 14:48:00,708.06,708.27,708.06,708.27,0.03,255.04,177077.7,1
2025-07-03,2025-07-03 14:49:00,708.27,708.48,708.27,708.48,0.03,255.04,177077.7,1
2025-07-03,2025-07-03 14:50:00,708.48,708.69,708.48,708.69,0.03,255.04,177077.7,1
2025-07-03,2025-07-03 14:51:00,708.69,708.9,708.69,708.9,0.03,255.04,177077.7,1
2025-07-03,2025-07-03 14:52:00,708.9,709.11,708.9,709.11,0.03,255.04,177077.7,1
2025-07-03,2025-07-03 14:53:00,709.11,709.33,709.11,709.33,0.03,255.04,177077.7,1
2025-07-03,2025-07-03 14:54:00,709.33,709.54,709.33,709.54,0.03,255.04,177077.7,1
2025-07-03,2025-07-03 14:55:00,709.54,709.75,709.54,709.75,0.03,255.04,177077.7,1
2025-07-03,2025-07-03 14:56:00,709.75,709.96,709.75,709.96,0.03,255.04,177077.7,1
2025-07-03,2025-07-03 14:57:00,709.96,710.17,709.96,710.17,0.03,255.04,177077.7,1
2025-07-03,2025-07-03 14:58:00,710.17,710.38,710.17,710.38,0.03,255.04,177077.7,1
2025-07-03,2025-07-03 14:59:00,710.38,710.59,710.38,710.59,0.03,255.04,177077.7,1
2025-07-03,2025-07-03 15:00:00,710.59,715.0,660.0,710.59,0.0,255.04,177077.7,0
2025-07-06,2025-07-06 11:00:00,696.4,704.68,690.19,696.46,0.01,354.58,247586.62,1
2025-07-06,2025-07-06 11:01:00,696.46,696.52,696.46,696.52,0.01,354.58,247586.62,1
2025-07-06,2025-07-06 11:02:00,696.52,696.58,696.52,696.58,0.01,354.58,247586.62,1
2025-07-06,2025-07-06 11:03:00,696.58,696.63,696.58,696.63,0.01,354.58,247586.62,1
2025-07-06,2025-07-06 11:04:00,696.63,696.69,696.63,696.69,0.01,354.58,247586.62,1
2025-07-06,2025-07-06 11:05:00,696.69,696.75,696.69,696.75,0.01,354.58,247586.62,1
2025-07-06,2025-07-06 11:06:00,696.75,696.81,696.75,696.81,0.01,354.58,247586.62,1
2025-07-06,2025-07-06 11:07:00,696.81,696.87,696.81,696.87,0.01,354.58,247586.62,1
2025-07-06,2025-07-06 11:08:00,696.87,696.93,696.87,696.93,0.01,354.58,247586.62,1
2025-07-06,2025-07-06 11:09:00,696.93,696.98,696.93,696.98,0.01,354.58,247586.62,1
2025-07-06,2025-07-06 11:10:00,696.98,697.04,696.98,697.04,0.01,354.58,247586.62,1
2025-07-06,2025-07-06 11:11:00,697.04,697.1,697.04,697.1,0.01,354.58,247586.62,1
2025-07-06,2025-07-06 11:12:00,697.1,697.16,697.1,697.16,0.01,354.58,247586.62,1
2025-07-06,2025-07-06 11:13:00,697.16,697.22,697.16,697.22,0.01,354.58,247586.62,1
2025-07-06,2025-07-06 11:14:00,697.22,697.28,697.22,697.28,0.01,354.58,247586.62,1
2025-07-06,2025-07-06 11:15:00,697.28,697.33,697.28,697.33,0.01,354.58,247586.62,1
2025-07-06,2025-07-06 11:16:00,697.33,697.39,697.33,697.39,0.01,354.58,247586.62,1
2025-07-06,2025-07-06 11:17:00,697.39,697.45,697.39,697.45,0.01,354.58,247586.62,1
2025-07-06,2025-07-06 11:18:00,697.45,697.51,697.45,697.51,0.01,354.58,247586.62,1
2025-07-06,2025-07-06 11:19:00,697.51,697.57,697.51,697.57,0.01,354.58,247586.62,1
2025-07-06,2025-07-06 11:20:00,697.57,697.63,697.57,697.63,0.01,354.58,247586.62,1
2025-07-06,2025-07-06 11:21:00,697.63,697.69,697.63,697.69,0.01,354.58,247586.62,1
2025-07-06,2025-07-06 11:22:00,697.69,697.74,697.69,697.74,0.01,354.58,247586.62,1
2025-07-06,2025-07-06 11:23:00,697.74,697.8,697.74,697.8,0.01,354.58,247586.62,1
2025-07-06,2025-07-06 11:24:00,697.8,697.86,697.8,697.86,0.01,354.58,247586.62,1
2025-07-06,2025-07-06 11:25:00,697.86,697.92,697.86,697.92,0.01,354.58,247586.62,1
2025-07-06,2025-07-06 11:26:00,697.92,697.98,697.92,697.98,0.01,354.58,247586.62,1
2025-07-06,2025-07-06 11:27:00,697.98,698.04,697.98,698.04,0.01,354.58,247586.62,1
2025-07-06,2025-07-06 11:28:00,698.04,698.09,698.04,698.09,0.01,354.58,247586.62,1
2025-07-06,2025-07-06 11:29:00,698.09,698.15,698.09,698.15,0.01,354.58,247586.62,1
2025-07-06,2025-07-06 11:30:00,698.15,698.21,698.15,698.21,0.01,354.58,247586.62,1
2025-07-06,2025-07-06 11:31:00,698.21,698.27,698.21,698.27,0.01,354.58,247586.62,1
2025-07-06,2025-07-06 11:32:00,698.27,698.33,698.27,698.33,0.01,354.58,247586.62,1
2025-07-06,2025-07-06 11:33:00,698.33,698.39,698.33,698.39,0.01,354.58,247586.62,1
2025-07-06,2025-07-06 11:34:00,698.39,698.44,698.39,698.44,0.01,354.58,247586.62,1
2025-07-06,2025-07-06 11:35:00,698.44,698.5,698.44,698.5,0.01,354.58,247586.62,1
2025-07-06,2025-07-06 11:36:00,698.5,698.56,698.5,698.56,0.01,354.58,247586.62,1
2025-07-06,2025-07-06 11:37:00,698.56,698.62,698.56,698.62,0.01,354.58,247586.62,1
2025-07-06,2025-07-06 11:38:00,698.62,698.68,698.62,698.68,0.01,354.58,247586.62,1
2025-07-06,2025-07-06 11:39:00,698.68,698.74,698.68,698.74,0.01,354.58,247586.62,1
2025-07-06,2025-07-06 11:40:00,698.74,698.8,698.74,698.8,0.01,354.58,247586.62,1
2025-07-06,2025-07-06 11:41:00,698.8,698.85,698.8,698.85,0.01,354.58,247586.62,1
2025-07-06,2025-07-06 11:42:00,698.85,698.91,698.85,698.91,0.01,354.58,247586.62,1
2025-07-06,2025-07-06 11:43:00,698.91,698.97,698.91,698.97,0.01,354.58,247586.62,1
2025-07-06,2025-07-06 11:44:00,698.97,699.03,698.97,699.03,0.01,354.58,247586.62,1
2025-07-06,2025-07-06 11:45:00,699.03,699.09,699.03,699.09,0.01,354.58,247586.62,1
2025-07-06,2025-07-06 11:46:00,699.09,699.15,699.09,699.15,0.01,354.58,247586.62,1
2025-07-06,2025-07-06 11:47:00,699.15,699.2,699.15,699.2,0.01,354.58,247586.62,1
2025-07-06,2025-07-06 11:48:00,699.2,699.26,699.2,699.26,0.01,354.58,247586.62,1
2025-07-06,2025-07-06 11:49:00,699.26,699.32,699.26,699.32,0.01,354.58,247586.62,1
2025-07-06,2025-07-06 11:50:00,699.32,699.38,699.32,699.38,0.01,354.58,247586.62,1
2025-07-06,2025-07-06 11:51:00,699.38,699.44,699.38,699.44,0.01,354.58,247586.62,1
2025-07-06,2025-07-06 11:52:00,699.44,699.5,699.44,699.5,0.01,354.58,247586.62,1
2025-07-06,2025-07-06 11:53:00,699.5,699.55,699.5,699.55,0.01,354.58,247586.62,1
2025-07-06,2025-07-06 11:54:00,699.55,699.61,699.55,699.61,0.01,354.58,247586.62,1
2025-07-06,2025-07-06 11:55:00,699.61,699.67,699.61,699.67,0.01,354.58,247586.62,1
2025-07-06,2025-07-06 11:56:00,699.67,699.73,699.67,699.73,0.01,354.58,247586.62,1
2025-07-06,2025-07-06 11:57:00,699.73,699.79,699.73,699.79,0.01,354.58,247586.62,1
2025-07-06,2025-07-06 11:58:00,699.79,699.85,699.79,699.85,0.01,354.58,247586.62,1
2025-07-06,2025-07-06 11:59:00,699.85,699.9,699.85,699.9,0.01,354.58,247586.62,1
2025-07-06,2025-07-06 12:00:00,699.9,699.96,699.9,699.96,0.01,354.58,247586.62,1
2025-07-06,2025-07-06 12:01:00,699.96,700.02,699.96,700.02,0.01,354.58,247586.62,1
2025-07-06,2025-07-06 12:02:00,700.02,700.08,700.02,700.08,0.01,354.58,247586.62,1
2025-07-06,2025-07-06 12:03:00,700.08,700.14,700.08,700.14,0.01,354.58,247586.62,1
2025-07-06,2025-07-06 12:04:00,700.14,700.2,700.14,700.2,0.01,354.58,247586.62,1
2025-07-06,2025-07-06 12:05:00,700.2,700.26,700.2,700.26,0.01,354.58,247586.62,1
2025-07-06,2025-07-06 12:06:00,700.26,700.31,700.26,700.31,0.01,354.58,247586.62,1
2025-07-06,2025-07-06 12:07:00,700.31,700.37,700.31,700.37,0.01,354.58,247586.62,1
2025-07-06,2025-07-06 12:08:00,700.37,700.43,700.37,700.43,0.01,354.58,247586.62,1
2025-07-06,2025-07-06 12:09:00,700.43,700.49,700.43,700.49,0.01,354.58,247586.62,1
2025-07-06,2025-07-06 12:10:00,700.49,700.55,700.49,700.55,0.01,354.58,247586.62,1
2025-07-06,2025-07-06 12:11:00,700.55,700.61,700.55,700.61,0.01,354.58,247586.62,1
2025-07-06,2025-07-06 12:12:00,700.61,700.66,700.61,700.66,0.01,354.58,247586.62,1
2025-07-06,2025-07-06 12:13:00,700.66,700.72,700.66,700.72,0.01,354.58,247586.62,1
2025-07-06,2025-07-06 12:14:00,700.72,700.78,700.72,700.78,0.01,354.58,247586.62,1
2025-07-06,2025-07-06 12:15:00,700.78,700.84,700.78,700.84,0.01,354.58,247586.62,1
2025-07-06,2025-07-06 12:16:00,700.84,700.9,700.84,700.9,0.01,354.58,247586.62,1
2025-07-06,2025-07-06 12:17:00,700.9,700.96,700.9,700.96,0.01,354.58,247586.62,1
2025-07-06,2025-07-06 12:18:00,700.96,701.01,700.96,701.01,0.01,354.58,247586.62,1
2025-07-06,2025-07-06 12:19:00,701.01,701.07,701.01,701.07,0.01,354.58,247586.62,1
2025-07-06,2025-07-06 12:20:00,701.07,701.13,701.07,701.13,0.01,354.58,247586.62,1
2025-07-06,2025-07-06 12:21:00,701.13,701.19,701.13,701.19,0.01,354.58,247586.62,1
2025-07-06,2025-07-06 12:22:00,701.19,701.25,701.19,701.25,0.01,354.58,247586.62,1
2025-07-06,2025-07-06 12:23:00,701.25,701.31,701.25,701.31,0.01,354.58,247586.62,1
2025-07-06,2025-07-06 12:24:00,701.31,701.37,701.31,701.37,0.01,354.58,247586.62,1
2025-07-06,2025-07-06 12:25:00,701.37,701.42,701.37,701.42,0.01,354.58,247586.62,1
2025-07-06,2025-07-06 12:26:00,701.42,701.48,701.42,701.48,0.01,354.58,247586.62,1
2025-07-06,2025-07-06 12:27:00,701.48,701.54,701.48,701.54,0.01,354.58,247586.62,1
2025-07-06,2025-07-06 12:28:00,701.54,701.6,701.54,701.6,0.01,354.58,247586.62,1
2025-07-06,2025-07-06 12:29:00,701.6,701.66,701.6,701.66,0.01,354.58,247586.62,1
2025-07-06,2025-07-06 12:30:00,701.66,701.72,701.66,701.72,0.01,354.58,247586.62,1
2025-07-06,2025-07-06 12:31:00,701.72,701.77,701.72,701.77,0.01,354.58,247586.62,1
2025-07-06,2025-07-06 12:32:00,701.77,701.83,701.77,701.83,0.01,354.58,247586.62,1
2025-07-06,2025-07-06 12:33:00,701.83,701.89,701.83,701.89,0.01,354.58,247586.62,1
2025-07-06,2025-07-06 12:34:00,701.89,701.95,701.89,701.95,0.01,354.58,247586.62,1
2025-07-06,2025-07-06 12:35:00,701.95,702.01,701.95,702.01,0.01,354.58,247586.62,1
2025-07-06,2025-07-06 12:36:00,702.01,702.07,702.01,702.07,0.01,354.58,247586.62,1
2025-07-06,2025-07-06 12:37:00,702.07,702.12,702.07,702.12,0.01,354.58,247586.62,1
2025-07-06,2025-07-06 12:38:00,702.12,702.18,702.12,702.18,0.01,354.58,247586.62,1
2025-07-06,2025-07-06 12:39:00,702.18,702.24,702.18,702.24,0.01,354.58,247586.62,1
2025-07-06,2025-07-06 12:40:00,702.24,702.3,702.24,702.3,0.01,354.58,247586.62,1
2025-07-06,2025-07-06 12:41:00,702.3,702.36,702.3,702.36,0.01,354.58,247586.62,1
2025-07-06,2025-07-06 12:42:00,702.36,702.42,702.36,702.42,0.01,354.58,247586.62,1
2025-07-06,2025-07-06 12:43:00,702.42,702.48,702.42,702.48,0.01,354.58,247586.62,1
2025-07-06,2025-07-06 12:44:00,702.48,702.53,702.48,702.53,0.01,354.58,247586.62,1
2025-07-06,2025-07-06 12:45:00,702.53,702.59,702.53,702.59,0.01,354.58,247586.62,1
2025-07-06,2025-07-06 12:46:00,702.59,702.65,702.59,702.65,0.01,354.58,247586.62,1
2025-07-06,2025-07-06 12:47:00,702.65,702.71,702.65,702.71,0.01,354.58,247586.62,1
2025-07-06,2025-07-06 12:48:00,702.71,702.77,702.71,702.77,0.01,354.58,247586.62,1
2025-07-06,2025-07-06 12:49:00,702.77,702.83,702.77,702.83,0.01,354.58,247586.62,1
2025-07-06,2025-07-06 12:50:00,702.83,702.88,702.83,702.88,0.01,354.58,247586.62,1
2025-07-06,2025-07-06 12:51:00,702.88,702.94,702.88,702.94,0.01,354.58,247586.62,1
2025-07-06,2025-07-06 12:52:00,702.94,703.0,702.94,703.0,0.01,354.58,247586.62,1
2025-07-06,2025-07-06 12:53:00,703.0,703.06,703.0,703.06,0.01,354.58,247586.62,1
2025-07-06,2025-07-06 12:54:00,703.06,703.12,703.06,703.12,0.01,354.58,247586.62,1
2025-07-06,2025-07-06 12:55:00,703.12,703.18,703.12,703.18,0.01,354.58,247586.62,1
2025-07-06,2025-07-06 12:56:00,703.18,703.23,703.18,703.23,0.01,354.58,247586.62,1
2025-07-06,2025-07-06 12:57:00,703.23,703.29,703.23,703.29,0.01,354.58,247586.62,1
2025-07-06,2025-07-06 12:58:00,703.29,703.35,703.29,703.35,0.01,354.58,247586.62,1
2025-07-06,2025-07-06 12:59:00,703.35,703.41,703.35,703.41,0.01,354.58,247586.62,1
2025-07-06,2025-07-06 13:00:00,703.41,724.0,675.7,703.47,0.01,354.58,247586.62,1
2025-07-06,2025-07-06 13:01:00,703.47,703.53,703.47,703.53,0.01,354.58,247586.62,1
2025-07-06,2025-07-06 13:02:00,703.53,703.59,703.53,703.59,0.01,354.58,247586.62,1
2025-07-06,2025-07-06 13:03:00,703.59,703.64,703.59,703.64,0.01,354.58,247586.62,1
2025-07-06,2025-07-06 13:04:00,703.64,703.7,703.64,703.7,0.01,354.58,247586.62,1
2025-07-06,2025-07-06 13:05:00,703.7,703.76,703.7,703.76,0.01,354.58,247586.62,1
2025-07-06,2025-07-06 13:06:00,703.76,703.82,703.76,703.82,0.01,354.58,247586.62,1
2025-07-06,2025-07-06 13:07:00,703.82,703.88,703.82,703.88,0.01,354.58,247586.62,1
2025-07-06,2025-07-06 13:08:00,703.88,703.94,703.88,703.94,0.01,354.58,247586.62,1
2025-07-06,2025-07-06 13:09:00,703.94,703.99,703.94,703.99,0.01,354.58,247586.62,1
2025-07-06,2025-07-06 13:10:00,703.99,704.05,703.99,704.05,0.01,354.58,247586.62,1
2025-07-06,2025-07-06 13:11:00,704.05,704.11,704.05,704.11,0.01,354.58,247586.62,1
2025-07-06,2025-07-06 13:12:00,704.11,704.17,704.11,704.17,0.01,354.58,247586.62,1
2025-07-06,2025-07-06 13:13:00,704.17,704.23,704.17,704.23,0.01,354.58,247586.62,1
2025-07-06,2025-07-06 13:14:00,704.23,704.29,704.23,704.29,0.01,354.58,247586.62,1
2025-07-06,2025-07-06 13:15:00,704.29,704.34,704.29,704.34,0.01,354.58,247586.62,1
2025-07-06,2025-07-06 13:16:00,704.34,704.4,704.34,704.4,0.01,354.58,247586.62,1
2025-07-06,2025-07-06 13:17:00,704.4,704.46,704.4,704.46,0.01,354.58,247586.62,1
2025-07-06,2025-07-06 13:18:00,704.46,704.52,704.46,704.52,0.01,354.58,247586.62,1
2025-07-06,2025-07-06 13:19:00,704.52,704.58,704.52,704.58,0.01,354.58,247586.62,1
2025-07-06,2025-07-06 13:20:00,704.58,704.64,704.58,704.64,0.01,354.58,247586.62,1
2025-07-06,2025-07-06 13:21:00,704.64,704.7,704.64,704.7,0.01,354.58,247586.62,1
2025-07-06,2025-07-06 13:22:00,704.7,704.75,704.7,704.75,0.01,354.58,247586.62,1
2025-07-06,2025-07-06 13:23:00,704.75,704.81,704.75,704.81,0.01,354.58,247586.62,1
2025-07-06,2025-07-06 13:24:00,704.81,704.87,704.81,704.87,0.01,354.58,247586.62,1
2025-07-06,2025-07-06 13:25:00,704.87,704.93,704.87,704.93,0.01,354.58,247586.62,1
2025-07-06,2025-07-06 13:26:00,704.93,704.99,704.93,704.99,0.01,354.58,247586.62,1
2025-07-06,2025-07-06 13:27:00,704.99,705.05,704.99,705.05,0.01,354.58,247586.62,1
2025-07-06,2025-07-06 13:28:00,705.05,705.1,705.05,705.1,0.01,354.58,247586.62,1
2025-07-06,2025-07-06 13:29:00,705.1,705.16,705.1,705.16,0.01,354.58,247586.62,1
2025-07-06,2025-07-06 13:30:00,705.16,705.22,705.16,705.22,0.01,354.58,247586.62,1
2025-07-06,2025-07-06 13:31:00,705.22,705.28,705.22,705.28,0.01,354.58,247586.62,1
2025-07-06,2025-07-06 13:32:00,705.28,705.34,705.28,705.34,0.01,354.58,247586.62,1
2025-07-06,2025-07-06 13:33:00,705.34,705.4,705.34,705.4,0.01,354.58,247586.62,1
2025-07-06,2025-07-06 13:34:00,705.4,705.45,705.4,705.45,0.01,354.58,247586.62,1
2025-07-06,2025-07-06 13:35:00,705.45,705.51,705.45,705.51,0.01,354.58,247586.62,1
2025-07-06,2025-07-06 13:36:00,705.51,705.57,705.51,705.57,0.01,354.58,247586.62,1
2025-07-06,2025-07-06 13:37:00,705.57,705.63,705.57,705.63,0.01,354.58,247586.62,1
2025-07-06,2025-07-06 13:38:00,705.63,705.69,705.63,705.69,0.01,354.58,247586.62,1
2025-07-06,2025-07-06 13:39:00,705.69,705.75,705.69,705.75,0.01,354.58,247586.62,1
2025-07-06,2025-07-06 13:40:00,705.75,705.81,705.75,705.81,0.01,354.58,247586.62,1
2025-07-06,2025-07-06 13:41:00,705.81,705.86,705.81,705.86,0.01,354.58,247586.62,1
2025-07-06,2025-07-06 13:42:00,705.86,705.92,705.86,705.92,0.01,354.58,247586.62,1
2025-07-06,2025-07-06 13:43:00,705.92,705.98,705.92,705.98,0.01,354.58,247586.62,1
2025-07-06,2025-07-06 13:44:00,705.98,706.04,705.98,706.04,0.01,354.58,247586.62,1
2025-07-06,2025-07-06 13:45:00,706.04,706.1,706.04,706.1,0.01,354.58,247586.62,1
2025-07-06,2025-07-06 13:46:00,706.1,706.16,706.1,706.16,0.01,354.58,247586.62,1
2025-07-06,2025-07-06 13:47:00,706.16,706.21,706.16,706.21,0.01,354.58,247586.62,1
2025-07-06,2025-07-06 13:48:00,706.21,706.27,706.21,706.27,0.01,354.58,247586.62,1
2025-07-06,2025-07-06 13:49:00,706.27,706.33,706.27,706.33,0.01,354.58,247586.62,1
2025-07-06,2025-07-06 13:50:00,706.33,706.39,706.33,706.39,0.01,354.58,247586.62,1
2025-07-06,2025-07-06 13:51:00,706.39,706.45,706.39,706.45,0.01,354.58,247586.62,1
2025-07-06,2025-07-06 13:52:00,706.45,706.51,706.45,706.51,0.01,354.58,247586.62,1
2025-07-06,2025-07-06 13:53:00,706.51,706.56,706.51,706.56,0.01,354.58,247586.62,1
2025-07-06,2025-07-06 13:54:00,706.56,706.62,706.56,706.62,0.01,354.58,247586.62,1
2025-07-06,2025-07-06 13:55:00,706.62,706.68,706.62,706.68,0.01,354.58,247586.62,1
2025-07-06,2025-07-06 13:56:00,706.68,706.74,706.68,706.74,0.01,354.58,247586.62,1
2025-07-06,2025-07-06 13:57:00,706.74,706.8,706.74,706.8,0.01,354.58,247586.62,1
2025-07-06,2025-07-06 13:58:00,706.8,706.86,706.8,706.86,0.01,354.58,247586.62,1
2025-07-06,2025-07-06 13:59:00,706.86,706.91,706.86,706.91,0.01,354.58,247586.62,1
2025-07-06,2025-07-06 14:00:00,706.91,706.97,706.91,706.97,0.01,354.58,247586.62,1
2025-07-06,2025-07-06 14:01:00,706.97,707.03,706.97,707.03,0.01,354.58,247586.62,1
2025-07-06,2025-07-06 14:02:00,707.03,707.09,707.03,707.09,0.01,354.58,247586.62,1
2025-07-06,2025-07-06 14:03:00,707.09,707.15,707.09,707.15,0.01,354.58,247586.62,1
2025-07-06,2025-07-06 14:04:00,707.15,707.21,707.15,707.21,0.01,354.58,247586.62,1
2025-07-06,2025-07-06 14:05:00,707.21,707.27,707.21,707.27,0.01,354.58,247586.62,1
2025-07-06,2025-07-06 14:06:00,707.27,707.32,707.27,707.32,0.01,354.58,247586.62,1
2025-07-06,2025-07-06 14:07:00,707.32,707.38,707.32,707.38,0.01,354.58,247586.62,1
2025-07-06,2025-07-06 14:08:00,707.38,707.44,707.38,707.44,0.01,354.58,247586.62,1
2025-07-06,2025-07-06 14:09:00,707.44,707.5,707.44,707.5,0.01,354.58,247586.62,1
2025-07-06,2025-07-06 14:10:00,707.5,707.56,707.5,707.56,0.01,354.58,247586.62,1
2025-07-06,2025-07-06 14:11:00,707.56,707.62,707.56,707.62,0.01,354.58,247586.62,1
2025-07-06,2025-07-06 14:12:00,707.62,707.67,707.62,707.67,0.01,354.58,247586.62,1
2025-07-06,2025-07-06 14:13:00,707.67,707.73,707.67,707.73,0.01,354.58,247586.62,1
2025-07-06,2025-07-06 14:14:00,707.73,707.79,707.73,707.79,0.01,354.58,247586.62,1
2025-07-06,2025-07-06 14:15:00,707.79,707.85,707.79,707.85,0.01,354.58,247586.62,1
2025-07-06,2025-07-06 14:16:00,707.85,707.91,707.85,707.91,0.01,354.58,247586.62,1
2025-07-06,2025-07-06 14:17:00,707.91,707.97,707.91,707.97,0.01,354.58,247586.62,1
2025-07-06,2025-07-06 14:18:00,707.97,708.02,707.97,708.02,0.01,354.58,247586.62,1
2025-07-06,2025-07-06 14:19:00,708.02,708.08,708.02,708.08,0.01,354.58,247586.62,1
2025-07-06,2025-07-06 14:20:00,708.08,708.14,708.08,708.14,0.01,354.58,247586.62,1
2025-07-06,2025-07-06 14:21:00,708.14,708.2,708.14,708.2,0.01,354.58,247586.62,1
2025-07-06,2025-07-06 14:22:00,708.2,708.26,708.2,708.26,0.01,354.58,247586.62,1
2025-07-06,2025-07-06 14:23:00,708.26,708.32,708.26,708.32,0.01,354.58,247586.62,1
2025-07-06,2025-07-06 14:24:00,708.32,708.38,708.32,708.38,0.01,354.58,247586.62,1
2025-07-06,2025-07-06 14:25:00,708.38,708.43,708.38,708.43,0.01,354.58,247586.62,1
2025-07-06,2025-07-06 14:26:00,708.43,708.49,708.43,708.49,0.01,354.58,247586.62,1
2025-07-06,2025-07-06 14:27:00,708.49,708.55,708.49,708.55,0.01,354.58,247586.62,1
2025-07-06,2025-07-06 14:28:00,708.55,708.61,708.55,708.61,0.01,354.58,247586.62,1
2025-07-06,2025-07-06 14:29:00,708.61,708.67,708.61,708.67,0.01,354.58,247586.62,1
2025-07-06,2025-07-06 14:30:00,708.67,708.73,708.67,708.73,0.01,354.58,247586.62,1
2025-07-06,2025-07-06 14:31:00,708.73,708.78,708.73,708.78,0.01,354.58,247586.62,1
2025-07-06,2025-07-06 14:32:00,708.78,708.84,708.78,708.84,0.01,354.58,247586.62,1
2025-07-06,2025-07-06 14:33:00,708.84,708.9,708.84,708.9,0.01,354.58,247586.62,1
2025-07-06,2025-07-06 14:34:00,708.9,708.96,708.9,708.96,0.01,354.58,247586.62,1
2025-07-06,2025-07-06 14:35:00,708.96,709.02,708.96,709.02,0.01,354.58,247586.62,1
2025-07-06,2025-07-06 14:36:00,709.02,709.08,709.02,709.08,0.01,354.58,247586.62,1
2025-07-06,2025-07-06 14:37:00,709.08,709.13,709.08,709.13,0.01,354.58,247586.62,1
2025-07-06,2025-07-06 14:38:00,709.13,709.19,709.13,709.19,0.01,354.58,247586.62,1
2025-07-06,2025-07-06 14:39:00,709.19,709.25,709.19,709.25,0.01,354.58,247586.62,1
2025-07-06,2025-07-06 14:40:00,709.25,709.31,709.25,709.31,0.01,354.58,247586.62,1
2025-07-06,2025-07-06 14:41:00,709.31,709.37,709.31,709.37,0.01,354.58,247586.62,1
2025-07-06,2025-07-06 14:42:00,709.37,709.43,709.37,709.43,0.01,354.58,247586.62,1
2025-07-06,2025-07-06 14:43:00,709.43,709.49,709.43,709.49,0.01,354.58,247586.62,1
2025-07-06,2025-07-06 14:44:00,709.49,709.54,709.49,709.54,0.01,354.58,247586.62,1
2025-07-06,2025-07-06 14:45:00,709.54,709.6,709.54,709.6,0.01,354.58,247586.62,1
2025-07-06,2025-07-06 14:46:00,709.6,709.66,709.6,709.66,0.01,354.58,247586.62,1
2025-07-06,2025-07-06 14:47:00,709.66,709.72,709.66,709.72,0.01,354.58,247586.62,1
2025-07-06,2025-07-06 14:48:00,709.72,709.78,709.72,709.78,0.01,354.58,247586.62,1
2025-07-06,2025-07-06 14:49:00,709.78,709.84,709.78,709.84,0.01,354.58,247586.62,1
2025-07-06,2025-07-06 14:50:00,709.84,709.89,709.84,709.89,0.01,354.58,247586.62,1
2025-07-06,2025-07-06 14:51:00,709.89,709.95,709.89,709.95,0.01,354.58,247586.62,1
2025-07-06,2025-07-06 14:52:00,709.95,710.01,709.95,710.01,0.01,354.58,247586.62,1
2025-07-06,2025-07-06 14:53:00,710.01,710.07,710.01,710.07,0.01,354.58,247586.62,1
2025-07-06,2025-07-06 14:54:00,710.07,710.13,710.07,710.13,0.01,354.58,247586.62,1
2025-07-06,2025-07-06 14:55:00,710.13,710.19,710.13,710.19,0.01,354.58,247586.62,1
2025-07-06,2025-07-06 14:56:00,710.19,710.24,710.19,710.24,0.01,354.58,247586.62,1
2025-07-06,2025-07-06 14:57:00,710.24,710.3,710.24,710.3,0.01,354.58,247586.62,1
2025-07-06,2025-07-06 14:58:00,710.3,710.36,710.3,710.36,0.01,354.58,247586.62,1
2025-07-06,2025-07-06 14:59:00,710.36,710.42,710.36,710.42,0.01,354.58,247586.62,1
2025-07-06,2025-07-06 15:00:00,710.42,724.0,675.7,710.42,0.0,354.58,247586.62,0
2025-07-07,2025-07-07 11:00:00,696.3,709.26,692.31,696.37,0.01,557.89,398675.66,1
2025-07-07,2025-07-07 11:01:00,696.37,696.45,696.37,696.45,0.01,557.89,398675.66,1
2025-07-07,2025-07-07 11:02:00,696.45,696.52,696.45,696.52,0.01,557.89,398675.66,1
2025-07-07,2025-07-07 11:03:00,696.52,696.6,696.52,696.6,0.01,557.89,398675.66,1
2025-07-07,2025-07-07 11:04:00,696.6,696.67,696.6,696.67,0.01,557.89,398675.66,1
2025-07-07,2025-07-07 11:05:00,696.67,696.75,696.67,696.75,0.01,557.89,398675.66,1
2025-07-07,2025-07-07 11:06:00,696.75,696.82,696.75,696.82,0.01,557.89,398675.66,1
2025-07-07,2025-07-07 11:07:00,696.82,696.89,696.82,696.89,0.01,557.89,398675.66,1
2025-07-07,2025-07-07 11:08:00,696.89,696.97,696.89,696.97,0.01,557.89,398675.66,1
2025-07-07,2025-07-07 11:09:00,696.97,697.04,696.97,697.04,0.01,557.89,398675.66,1
2025-07-07,2025-07-07 11:10:00,697.04,697.12,697.04,697.12,0.01,557.89,398675.66,1
2025-07-07,2025-07-07 11:11:00,697.12,697.19,697.12,697.19,0.01,557.89,398675.66,1
2025-07-07,2025-07-07 11:12:00,697.19,697.27,697.19,697.27,0.01,557.89,398675.66,1
2025-07-07,2025-07-07 11:13:00,697.27,697.34,697.27,697.34,0.01,557.89,398675.66,1
2025-07-07,2025-07-07 11:14:00,697.34,697.41,697.34,697.41,0.01,557.89,398675.66,1
2025-07-07,2025-07-07 11:15:00,697.41,697.49,697.41,697.49,0.01,557.89,398675.66,1
2025-07-07,2025-07-07 11:16:00,697.49,697.56,697.49,697.56,0.01,557.89,398675.66,1
2025-07-07,2025-07-07 11:17:00,697.56,697.64,697.56,697.64,0.01,557.89,398675.66,1
2025-07-07,2025-07-07 11:18:00,697.64,697.71,697.64,697.71,0.01,557.89,398675.66,1
2025-07-07,2025-07-07 11:19:00,697.71,697.78,697.71,697.78,0.01,557.89,398675.66,1
2025-07-07,2025-07-07 11:20:00,697.78,697.86,697.78,697.86,0.01,557.89,398675.66,1
2025-07-07,2025-07-07 11:21:00,697.86,697.93,697.86,697.93,0.01,557.89,398675.66,1
2025-07-07,2025-07-07 11:22:00,697.93,698.01,697.93,698.01,0.01,557.89,398675.66,1
2025-07-07,2025-07-07 11:23:00,698.01,698.08,698.01,698.08,0.01,557.89,398675.66,1
2025-07-07,2025-07-07 11:24:00,698.08,698.16,698.08,698.16,0.01,557.89,398675.66,1
2025-07-07,2025-07-07 11:25:00,698.16,698.23,698.16,698.23,0.01,557.89,398675.66,1
2025-07-07,2025-07-07 11:26:00,698.23,698.3,698.23,698.3,0.01,557.89,398675.66,1
2025-07-07,2025-07-07 11:27:00,698.3,698.38,698.3,698.38,0.01,557.89,398675.66,1
2025-07-07,2025-07-07 11:28:00,698.38,698.45,698.38,698.45,0.01,557.89,398675.66,1
2025-07-07,2025-07-07 11:29:00,698.45,698.53,698.45,698.53,0.01,557.89,398675.66,1
2025-07-07,2025-07-07 11:30:00,698.53,698.6,698.53,698.6,0.01,557.89,398675.66,1
2025-07-07,2025-07-07 11:31:00,698.6,698.68,698.6,698.68,0.01,557.89,398675.66,1
2025-07-07,2025-07-07 11:32:00,698.68,698.75,698.68,698.75,0.01,557.89,398675.66,1
2025-07-07,2025-07-07 11:33:00,698.75,698.82,698.75,698.82,0.01,557.89,398675.66,1
2025-07-07,2025-07-07 11:34:00,698.82,698.9,698.82,698.9,0.01,557.89,398675.66,1
2025-07-07,2025-07-07 11:35:00,698.9,698.97,698.9,698.97,0.01,557.89,398675.66,1
2025-07-07,2025-07-07 11:36:00,698.97,699.05,698.97,699.05,0.01,557.89,398675.66,1
2025-07-07,2025-07-07 11:37:00,699.05,699.12,699.05,699.12,0.01,557.89,398675.66,1
2025-07-07,2025-07-07 11:38:00,699.12,699.2,699.12,699.2,0.01,557.89,398675.66,1
2025-07-07,2025-07-07 11:39:00,699.2,699.27,699.2,699.27,0.01,557.89,398675.66,1
2025-07-07,2025-07-07 11:40:00,699.27,699.34,699.27,699.34,0.01,557.89,398675.66,1
2025-07-07,2025-07-07 11:41:00,699.34,699.42,699.34,699.42,0.01,557.89,398675.66,1
2025-07-07,2025-07-07 11:42:00,699.42,699.49,699.42,699.49,0.01,557.89,398675.66,1
2025-07-07,2025-07-07 11:43:00,699.49,699.57,699.49,699.57,0.01,557.89,398675.66,1
2025-07-07,2025-07-07 11:44:00,699.57,699.64,699.57,699.64,0.01,557.89,398675.66,1
2025-07-07,2025-07-07 11:45:00,699.64,699.72,699.64,699.72,0.01,557.89,398675.66,1
2025-07-07,2025-07-07 11:46:00,699.72,699.79,699.72,699.79,0.01,557.89,398675.66,1
2025-07-07,2025-07-07 11:47:00,699.79,699.86,699.79,699.86,0.01,557.89,398675.66,1
2025-07-07,2025-07-07 11:48:00,699.86,699.94,699.86,699.94,0.01,557.89,398675.66,1
2025-07-07,2025-07-07 11:49:00,699.94,700.01,699.94,700.01,0.01,557.89,398675.66,1
2025-07-07,2025-07-07 11:50:00,700.01,700.09,700.01,700.09,0.01,557.89,398675.66,1
2025-07-07,2025-07-07 11:51:00,700.09,700.16,700.09,700.16,0.01,557.89,398675.66,1
2025-07-07,2025-07-07 11:52:00,700.16,700.24,700.16,700.24,0.01,557.89,398675.66,1
2025-07-07,2025-07-07 11:53:00,700.24,700.31,700.24,700.31,0.01,557.89,398675.66,1
2025-07-07,2025-07-07 11:54:00,700.31,700.38,700.31,700.38,0.01,557.89,398675.66,1
2025-07-07,2025-07-07 11:55:00,700.38,700.46,700.38,700.46,0.01,557.89,398675.66,1
2025-07-07,2025-07-07 11:56:00,700.46,700.53,700.46,700.53,0.01,557.89,398675.66,1
2025-07-07,2025-07-07 11:57:00,700.53,700.61,700.53,700.61,0.01,557.89,398675.66,1
2025-07-07,2025-07-07 11:58:00,700.61,700.68,700.61,700.68,0.01,557.89,398675.66,1
2025-07-07,2025-07-07 11:59:00,700.68,700.75,700.68,700.75,0.01,557.89,398675.66,1
2025-07-07,2025-07-07 12:00:00,700.75,700.83,700.75,700.83,0.01,557.89,398675.66,1
2025-07-07,2025-07-07 12:01:00,700.83,700.9,700.83,700.9,0.01,557.89,398675.66,1
2025-07-07,2025-07-07 12:02:00,700.9,700.98,700.9,700.98,0.01,557.89,398675.66,1
2025-07-07,2025-07-07 12:03:00,700.98,701.05,700.98,701.05,0.01,557.89,398675.66,1
2025-07-07,2025-07-07 12:04:00,701.05,701.13,701.05,701.13,0.01,557.89,398675.66,1
2025-07-07,2025-07-07 12:05:00,701.13,701.2,701.13,701.2,0.01,557.89,398675.66,1
2025-07-07,2025-07-07 12:06:00,701.2,701.27,701.2,701.27,0.01,557.89,398675.66,1
2025-07-07,2025-07-07 12:07:00,701.27,701.35,701.27,701.35,0.01,557.89,398675.66,1
2025-07-07,2025-07-07 12:08:00,701.35,701.42,701.35,701.42,0.01,557.89,398675.66,1
2025-07-07,2025-07-07 12:09:00,701.42,701.5,701.42,701.5,0.01,557.89,398675.66,1
2025-07-07,2025-07-07 12:10:00,701.5,701.57,701.5,701.57,0.01,557.89,398675.66,1
2025-07-07,2025-07-07 12:11:00,701.57,701.65,701.57,701.65,0.01,557.89,398675.66,1
2025-07-07,2025-07-07 12:12:00,701.65,701.72,701.65,701.72,0.01,557.89,398675.66,1
2025-07-07,2025-07-07 12:13:00,701.72,701.79,701.72,701.79,0.01,557.89,398675.66,1
2025-07-07,2025-07-07 12:14:00,701.79,701.87,701.79,701.87,0.01,557.89,398675.66,1
2025-07-07,2025-07-07 12:15:00,701.87,701.94,701.87,701.94,0.01,557.89,398675.66,1
2025-07-07,2025-07-07 12:16:00,701.94,702.02,701.94,702.02,0.01,557.89,398675.66,1
2025-07-07,2025-07-07 12:17:00,702.02,702.09,702.02,702.09,0.01,557.89,398675.66,1
2025-07-07,2025-07-07 12:18:00,702.09,702.17,702.09,702.17,0.01,557.89,398675.66,1
2025-07-07,2025-07-07 12:19:00,702.17,702.24,702.17,702.24,0.01,557.89,398675.66,1
2025-07-07,2025-07-07 12:20:00,702.24,702.31,702.24,702.31,0.01,557.89,398675.66,1
2025-07-07,2025-07-07 12:21:00,702.31,702.39,702.31,702.39,0.01,557.89,398675.66,1
2025-07-07,2025-07-07 12:22:00,702.39,702.46,702.39,702.46,0.01,557.89,398675.66,1
2025-07-07,2025-07-07 12:23:00,702.46,702.54,702.46,702.54,0.01,557.89,398675.66,1
2025-07-07,2025-07-07 12:24:00,702.54,702.61,702.54,702.61,0.01,557.89,398675.66,1
2025-07-07,2025-07-07 12:25:00,702.61,702.69,702.61,702.69,0.01,557.89,398675.66,1
2025-07-07,2025-07-07 12:26:00,702.69,702.76,702.69,702.76,0.01,557.89,398675.66,1
2025-07-07,2025-07-07 12:27:00,702.76,702.83,702.76,702.83,0.01,557.89,398675.66,1
2025-07-07,2025-07-07 12:28:00,702.83,702.91,702.83,702.91,0.01,557.89,398675.66,1
2025-07-07,2025-07-07 12:29:00,702.91,702.98,702.91,702.98,0.01,557.89,398675.66,1
2025-07-07,2025-07-07 12:30:00,702.98,703.06,702.98,703.06,0.01,557.89,398675.66,1
2025-07-07,2025-07-07 12:31:00,703.06,703.13,703.06,703.13,0.01,557.89,398675.66,1
2025-07-07,2025-07-07 12:32:00,703.13,703.21,703.13,703.21,0.01,557.89,398675.66,1
2025-07-07,2025-07-07 12:33:00,703.21,703.28,703.21,703.28,0.01,557.89,398675.66,1
2025-07-07,2025-07-07 12:34:00,703.28,703.35,703.28,703.35,0.01,557.89,398675.66,1
2025-07-07,2025-07-07 12:35:00,703.35,703.43,703.35,703.43,0.01,557.89,398675.66,1
2025-07-07,2025-07-07 12:36:00,703.43,703.5,703.43,703.5,0.01,557.89,398675.66,1
2025-07-07,2025-07-07 12:37:00,703.5,703.58,703.5,703.58,0.01,557.89,398675.66,1
2025-07-07,2025-07-07 12:38:00,703.58,703.65,703.58,703.65,0.01,557.89,398675.66,1
2025-07-07,2025-07-07 12:39:00,703.65,703.73,703.65,703.73,0.01,557.89,398675.66,1
2025-07-07,2025-07-07 12:40:00,703.73,703.8,703.73,703.8,0.01,557.89,398675.66,1
2025-07-07,2025-07-07 12:41:00,703.8,703.87,703.8,703.87,0.01,557.89,398675.66,1
2025-07-07,2025-07-07 12:42:00,703.87,703.95,703.87,703.95,0.01,557.89,398675.66,1
2025-07-07,2025-07-07 12:43:00,703.95,704.02,703.95,704.02,0.01,557.89,398675.66,1
2025-07-07,2025-07-07 12:44:00,704.02,704.1,704.02,704.1,0.01,557.89,398675.66,1
2025-07-07,2025-07-07 12:45:00,704.1,704.17,704.1,704.17,0.01,557.89,398675.66,1
2025-07-07,2025-07-07 12:46:00,704.17,704.24,704.17,704.24,0.01,557.89,398675.66,1
2025-07-07,2025-07-07 12:47:00,704.24,704.32,704.24,704.32,0.01,557.89,398675.66,1
2025-07-07,2025-07-07 12:48:00,704.32,704.39,704.32,704.39,0.01,557.89,398675.66,1
2025-07-07,2025-07-07 12:49:00,704.39,704.47,704.39,704.47,0.01,557.89,398675.66,1
2025-07-07,2025-07-07 12:50:00,704.47,704.54,704.47,704.54,0.01,557.89,398675.66,1
2025-07-07,2025-07-07 12:51:00,704.54,704.62,704.54,704.62,0.01,557.89,398675.66,1
2025-07-07,2025-07-07 12:52:00,704.62,704.69,704.62,704.69,0.01,557.89,398675.66,1
2025-07-07,2025-07-07 12:53:00,704.69,704.76,704.69,704.76,0.01,557.89,398675.66,1
2025-07-07,2025-07-07 12:54:00,704.76,704.84,704.76,704.84,0.01,557.89,398675.66,1
2025-07-07,2025-07-07 12:55:00,704.84,704.91,704.84,704.91,0.01,557.89,398675.66,1
2025-07-07,2025-07-07 12:56:00,704.91,704.99,704.91,704.99,0.01,557.89,398675.66,1
2025-07-07,2025-07-07 12:57:00,704.99,705.06,704.99,705.06,0.01,557.89,398675.66,1
2025-07-07,2025-07-07 12:58:00,705.06,705.14,705.06,705.14,0.01,557.89,398675.66,1
2025-07-07,2025-07-07 12:59:00,705.14,705.21,705.14,705.21,0.01,557.89,398675.66,1
2025-07-07,2025-07-07 13:00:00,705.21,739.5,683.0,705.28,0.01,557.89,398675.66,1
2025-07-07,2025-07-07 13:01:00,705.28,705.36,705.28,705.36,0.01,557.89,398675.66,1
2025-07-07,2025-07-07 13:02:00,705.36,705.43,705.36,705.43,0.01,557.89,398675.66,1
2025-07-07,2025-07-07 13:03:00,705.43,705.51,705.43,705.51,0.01,557.89,398675.66,1
2025-07-07,2025-07-07 13:04:00,705.51,705.58,705.51,705.58,0.01,557.89,398675.66,1
2025-07-07,2025-07-07 13:05:00,705.58,705.66,705.58,705.66,0.01,557.89,398675.66,1
2025-07-07,2025-07-07 13:06:00,705.66,705.73,705.66,705.73,0.01,557.89,398675.66,1
2025-07-07,2025-07-07 13:07:00,705.73,705.8,705.73,705.8,0.01,557.89,398675.66,1
2025-07-07,2025-07-07 13:08:00,705.8,705.88,705.8,705.88,0.01,557.89,398675.66,1
2025-07-07,2025-07-07 13:09:00,705.88,705.95,705.88,705.95,0.01,557.89,398675.66,1
2025-07-07,2025-07-07 13:10:00,705.95,706.03,705.95,706.03,0.01,557.89,398675.66,1
2025-07-07,2025-07-07 13:11:00,706.03,706.1,706.03,706.1,0.01,557.89,398675.66,1
2025-07-07,2025-07-07 13:12:00,706.1,706.18,706.1,706.18,0.01,557.89,398675.66,1
2025-07-07,2025-07-07 13:13:00,706.18,706.25,706.18,706.25,0.01,557.89,398675.66,1
2025-07-07,2025-07-07 13:14:00,706.25,706.32,706.25,706.32,0.01,557.89,398675.66,1
2025-07-07,2025-07-07 13:15:00,706.32,706.4,706.32,706.4,0.01,557.89,398675.66,1
2025-07-07,2025-07-07 13:16:00,706.4,706.47,706.4,706.47,0.01,557.89,398675.66,1
2025-07-07,2025-07-07 13:17:00,706.47,706.55,706.47,706.55,0.01,557.89,398675.66,1
2025-07-07,2025-07-07 13:18:00,706.55,706.62,706.55,706.62,0.01,557.89,398675.66,1
2025-07-07,2025-07-07 13:19:00,706.62,706.69,706.62,706.69,0.01,557.89,398675.66,1
2025-07-07,2025-07-07 13:20:00,706.69,706.77,706.69,706.77,0.01,557.89,398675.66,1
2025-07-07,2025-07-07 13:21:00,706.77,706.84,706.77,706.84,0.01,557.89,398675.66,1
2025-07-07,2025-07-07 13:22:00,706.84,706.92,706.84,706.92,0.01,557.89,398675.66,1
2025-07-07,2025-07-07 13:23:00,706.92,706.99,706.92,706.99,0.01,557.89,398675.66,1
2025-07-07,2025-07-07 13:24:00,706.99,707.07,706.99,707.07,0.01,557.89,398675.66,1
2025-07-07,2025-07-07 13:25:00,707.07,707.14,707.07,707.14,0.01,557.89,398675.66,1
2025-07-07,2025-07-07 13:26:00,707.14,707.21,707.14,707.21,0.01,557.89,398675.66,1
2025-07-07,2025-07-07 13:27:00,707.21,707.29,707.21,707.29,0.01,557.89,398675.66,1
2025-07-07,2025-07-07 13:28:00,707.29,707.36,707.29,707.36,0.01,557.89,398675.66,1
2025-07-07,2025-07-07 13:29:00,707.36,707.44,707.36,707.44,0.01,557.89,398675.66,1
2025-07-07,2025-07-07 13:30:00,707.44,707.51,707.44,707.51,0.01,557.89,398675.66,1
2025-07-07,2025-07-07 13:31:00,707.51,707.59,707.51,707.59,0.01,557.89,398675.66,1
2025-07-07,2025-07-07 13:32:00,707.59,707.66,707.59,707.66,0.01,557.89,398675.66,1
2025-07-07,2025-07-07 13:33:00,707.66,707.73,707.66,707.73,0.01,557.89,398675.66,1
2025-07-07,2025-07-07 13:34:00,707.73,707.81,707.73,707.81,0.01,557.89,398675.66,1
2025-07-07,2025-07-07 13:35:00,707.81,707.88,707.81,707.88,0.01,557.89,398675.66,1
2025-07-07,2025-07-07 13:36:00,707.88,707.96,707.88,707.96,0.01,557.89,398675.66,1
2025-07-07,2025-07-07 13:37:00,707.96,708.03,707.96,708.03,0.01,557.89,398675.66,1
2025-07-07,2025-07-07 13:38:00,708.03,708.11,708.03,708.11,0.01,557.89,398675.66,1
2025-07-07,2025-07-07 13:39:00,708.11,708.18,708.11,708.18,0.01,557.89,398675.66,1
2025-07-07,2025-07-07 13:40:00,708.18,708.25,708.18,708.25,0.01,557.89,398675.66,1
2025-07-07,2025-07-07 13:41:00,708.25,708.33,708.25,708.33,0.01,557.89,398675.66,1
2025-07-07,2025-07-07 13:42:00,708.33,708.4,708.33,708.4,0.01,557.89,398675.66,1
2025-07-07,2025-07-07 13:43:00,708.4,708.48,708.4,708.48,0.01,557.89,398675.66,1
2025-07-07,2025-07-07 13:44:00,708.48,708.55,708.48,708.55,0.01,557.89,398675.66,1
2025-07-07,2025-07-07 13:45:00,708.55,708.63,708.55,708.63,0.01,557.89,398675.66,1
2025-07-07,2025-07-07 13:46:00,708.63,708.7,708.63,708.7,0.01,557.89,398675.66,1
2025-07-07,2025-07-07 13:47:00,708.7,708.77,708.7,708.77,0.01,557.89,398675.66,1
2025-07-07,2025-07-07 13:48:00,708.77,708.85,708.77,708.85,0.01,557.89,398675.66,1
2025-07-07,2025-07-07 13:49:00,708.85,708.92,708.85,708.92,0.01,557.89,398675.66,1
2025-07-07,2025-07-07 13:50:00,708.92,709.0,708.92,709.0,0.01,557.89,398675.66,1
2025-07-07,2025-07-07 13:51:00,709.0,709.07,709.0,709.07,0.01,557.89,398675.66,1
2025-07-07,2025-07-07 13:52:00,709.07,709.15,709.07,709.15,0.01,557.89,398675.66,1
2025-07-07,2025-07-07 13:53:00,709.15,709.22,709.15,709.22,0.01,557.89,398675.66,1
2025-07-07,2025-07-07 13:54:00,709.22,709.29,709.22,709.29,0.01,557.89,398675.66,1
2025-07-07,2025-07-07 13:55:00,709.29,709.37,709.29,709.37,0.01,557.89,398675.66,1
2025-07-07,2025-07-07 13:56:00,709.37,709.44,709.37,709.44,0.01,557.89,398675.66,1
2025-07-07,2025-07-07 13:57:00,709.44,709.52,709.44,709.52,0.01,557.89,398675.66,1
2025-07-07,2025-07-07 13:58:00,709.52,709.59,709.52,709.59,0.01,557.89,398675.66,1
2025-07-07,2025-07-07 13:59:00,709.59,709.66,709.59,709.66,0.01,557.89,398675.66,1
2025-07-07,2025-07-07 14:00:00,709.66,709.74,709.66,709.74,0.01,557.89,398675.66,1
2025-07-07,2025-07-07 14:01:00,709.74,709.81,709.74,709.81,0.01,557.89,398675.66,1
2025-07-07,2025-07-07 14:02:00,709.81,709.89,709.81,709.89,0.01,557.89,398675.66,1
2025-07-07,2025-07-07 14:03:00,709.89,709.96,709.89,709.96,0.01,557.89,398675.66,1
2025-07-07,2025-07-07 14:04:00,709.96,710.04,709.96,710.04,0.01,557.89,398675.66,1
2025-07-07,2025-07-07 14:05:00,710.04,710.11,710.04,710.11,0.01,557.89,398675.66,1
2025-07-07,2025-07-07 14:06:00,710.11,710.18,710.11,710.18,0.01,557.89,398675.66,1
2025-07-07,2025-07-07 14:07:00,710.18,710.26,710.18,710.26,0.01,557.89,398675.66,1
2025-07-07,2025-07-07 14:08:00,710.26,710.33,710.26,710.33,0.01,557.89,398675.66,1
2025-07-07,2025-07-07 14:09:00,710.33,710.41,710.33,710.41,0.01,557.89,398675.66,1
2025-07-07,2025-07-07 14:10:00,710.41,710.48,710.41,710.48,0.01,557.89,398675.66,1
2025-07-07,2025-07-07 14:11:00,710.48,710.56,710.48,710.56,0.01,557.89,398675.66,1
2025-07-07,2025-07-07 14:12:00,710.56,710.63,710.56,710.63,0.01,557.89,398675.66,1
2025-07-07,2025-07-07 14:13:00,710.63,710.7,710.63,710.7,0.01,557.89,398675.66,1
2025-07-07,2025-07-07 14:14:00,710.7,710.78,710.7,710.78,0.01,557.89,398675.66,1
2025-07-07,2025-07-07 14:15:00,710.78,710.85,710.78,710.85,0.01,557.89,398675.66,1
2025-07-07,2025-07-07 14:16:00,710.85,710.93,710.85,710.93,0.01,557.89,398675.66,1
2025-07-07,2025-07-07 14:17:00,710.93,711.0,710.93,711.0,0.01,557.89,398675.66,1
2025-07-07,2025-07-07 14:18:00,711.0,711.08,711.0,711.08,0.01,557.89,398675.66,1
2025-07-07,2025-07-07 14:19:00,711.08,711.15,711.08,711.15,0.01,557.89,398675.66,1
2025-07-07,2025-07-07 14:20:00,711.15,711.22,711.15,711.22,0.01,557.89,398675.66,1
2025-07-07,2025-07-07 14:21:00,711.22,711.3,711.22,711.3,0.01,557.89,398675.66,1
2025-07-07,2025-07-07 14:22:00,711.3,711.37,711.3,711.37,0.01,557.89,398675.66,1
2025-07-07,2025-07-07 14:23:00,711.37,711.45,711.37,711.45,0.01,557.89,398675.66,1
2025-07-07,2025-07-07 14:24:00,711.45,711.52,711.45,711.52,0.01,557.89,398675.66,1
2025-07-07,2025-07-07 14:25:00,711.52,711.6,711.52,711.6,0.01,557.89,398675.66,1
2025-07-07,2025-07-07 14:26:00,711.6,711.67,711.6,711.67,0.01,557.89,398675.66,1
2025-07-07,2025-07-07 14:27:00,711.67,711.74,711.67,711.74,0.01,557.89,398675.66,1
2025-07-07,2025-07-07 14:28:00,711.74,711.82,711.74,711.82,0.01,557.89,398675.66,1
2025-07-07,2025-07-07 14:29:00,711.82,711.89,711.82,711.89,0.01,557.89,398675.66,1
2025-07-07,2025-07-07 14:30:00,711.89,711.97,711.89,711.97,0.01,557.89,398675.66,1
2025-07-07,2025-07-07 14:31:00,711.97,712.04,711.97,712.04,0.01,557.89,398675.66,1
2025-07-07,2025-07-07 14:32:00,712.04,712.12,712.04,712.12,0.01,557.89,398675.66,1
2025-07-07,2025-07-07 14:33:00,712.12,712.19,712.12,712.19,0.01,557.89,398675.66,1
2025-07-07,2025-07-07 14:34:00,712.19,712.26,712.19,712.26,0.01,557.89,398675.66,1
2025-07-07,2025-07-07 14:35:00,712.26,712.34,712.26,712.34,0.01,557.89,398675.66,1
2025-07-07,2025-07-07 14:36:00,712.34,712.41,712.34,712.41,0.01,557.89,398675.66,1
2025-07-07,2025-07-07 14:37:00,712.41,712.49,712.41,712.49,0.01,557.89,398675.66,1
2025-07-07,2025-07-07 14:38:00,712.49,712.56,712.49,712.56,0.01,557.89,398675.66,1
2025-07-07,2025-07-07 14:39:00,712.56,712.63,712.56,712.63,0.01,557.89,398675.66,1
2025-07-07,2025-07-07 14:40:00,712.63,712.71,712.63,712.71,0.01,557.89,398675.66,1
2025-07-07,2025-07-07 14:41:00,712.71,712.78,712.71,712.78,0.01,557.89,398675.66,1
2025-07-07,2025-07-07 14:42:00,712.78,712.86,712.78,712.86,0.01,557.89,398675.66,1
2025-07-07,2025-07-07 14:43:00,712.86,712.93,712.86,712.93,0.01,557.89,398675.66,1
2025-07-07,2025-07-07 14:44:00,712.93,713.01,712.93,713.01,0.01,557.89,398675.66,1
2025-07-07,2025-07-07 14:45:00,713.01,713.08,713.01,713.08,0.01,557.89,398675.66,1
2025-07-07,2025-07-07 14:46:00,713.08,713.15,713.08,713.15,0.01,557.89,398675.66,1
2025-07-07,2025-07-07 14:47:00,713.15,713.23,713.15,713.23,0.01,557.89,398675.66,1
2025-07-07,2025-07-07 14:48:00,713.23,713.3,713.23,713.3,0.01,557.89,398675.66,1
2025-07-07,2025-07-07 14:49:00,713.3,713.38,713.3,713.38,0.01,557.89,398675.66,1
2025-07-07,2025-07-07 14:50:00,713.38,713.45,713.38,713.45,0.01,557.89,398675.66,1
2025-07-07,2025-07-07 14:51:00,713.45,713.53,713.45,713.53,0.01,557.89,398675.66,1
2025-07-07,2025-07-07 14:52:00,713.53,713.6,713.53,713.6,0.01,557.89,398675.66,1
2025-07-07,2025-07-07 14:53:00,713.6,713.67,713.6,713.67,0.01,557.89,398675.66,1
2025-07-07,2025-07-07 14:54:00,713.67,713.75,713.67,713.75,0.01,557.89,398675.66,1
2025-07-07,2025-07-07 14:55:00,713.75,713.82,713.75,713.82,0.01,557.89,398675.66,1
2025-07-07,2025-07-07 14:56:00,713.82,713.9,713.82,713.9,0.01,557.89,398675.66,1
2025-07-07,2025-07-07 14:57:00,713.9,713.97,713.9,713.97,0.01,557.89,398675.66,1
2025-07-07,2025-07-07 14:58:00,713.97,714.05,713.97,714.05,0.01,557.89,398675.66,1
2025-07-07,2025-07-07 14:59:00,714.05,714.12,714.05,714.12,0.01,557.89,398675.66,1
2025-07-07,2025-07-07 15:00:00,714.12,739.5,683.0,714.12,0.0,557.89,398675.66,0
2025-07-08,2025-07-08 11:00:00,700.0,704.5,694.0,699.94,-0.01,57.98,40330.69,-1
2025-07-08,2025-07-08 11:01:00,699.94,699.94,699.88,699.88,-0.01,57.98,40330.69,-1
2025-07-08,2025-07-08 11:02:00,699.88,699.88,699.83,699.83,-0.01,57.98,40330.69,-1
2025-07-08,2025-07-08 11:03:00,699.83,699.83,699.77,699.77,-0.01,57.98,40330.69,-1
2025-07-08,2025-07-08 11:04:00,699.77,699.77,699.71,699.71,-0.01,57.98,40330.69,-1
2025-07-08,2025-07-08 11:05:00,699.71,699.71,699.65,699.65,-0.01,57.98,40330.69,-1
2025-07-08,2025-07-08 11:06:00,699.65,699.65,699.6,699.6,-0.01,57.98,40330.69,-1
2025-07-08,2025-07-08 11:07:00,699.6,699.6,699.54,699.54,-0.01,57.98,40330.69,-1
2025-07-08,2025-07-08 11:08:00,699.54,699.54,699.48,699.48,-0.01,57.98,40330.69,-1
2025-07-08,2025-07-08 11:09:00,699.48,699.48,699.42,699.42,-0.01,57.98,40330.69,-1
2025-07-08,2025-07-08 11:10:00,699.42,699.42,699.36,699.36,-0.01,57.98,40330.69,-1
2025-07-08,2025-07-08 11:11:00,699.36,699.36,699.31,699.31,-0.01,57.98,40330.69,-1
2025-07-08,2025-07-08 11:12:00,699.31,699.31,699.25,699.25,-0.01,57.98,40330.69,-1
2025-07-08,2025-07-08 11:13:00,699.25,699.25,699.19,699.19,-0.01,57.98,40330.69,-1
2025-07-08,2025-07-08 11:14:00,699.19,699.19,699.13,699.13,-0.01,57.98,40330.69,-1
2025-07-08,2025-07-08 11:15:00,699.13,699.13,699.08,699.08,-0.01,57.98,40330.69,-1
2025-07-08,2025-07-08 11:16:00,699.08,699.08,699.02,699.02,-0.01,57.98,40330.69,-1
2025-07-08,2025-07-08 11:17:00,699.02,699.02,698.96,698.96,-0.01,57.98,40330.69,-1
2025-07-08,2025-07-08 11:18:00,698.96,698.96,698.9,698.9,-0.01,57.98,40330.69,-1
2025-07-08,2025-07-08 11:19:00,698.9,698.9,698.84,698.84,-0.01,57.98,40330.69,-1
2025-07-08,2025-07-08 11:20:00,698.84,698.84,698.79,698.79,-0.01,57.98,40330.69,-1
2025-07-08,2025-07-08 11:21:00,698.79,698.79,698.73,698.73,-0.01,57.98,40330.69,-1
2025-07-08,2025-07-08 11:22:00,698.73,698.73,698.67,698.67,-0.01,57.98,40330.69,-1
2025-07-08,2025-07-08 11:23:00,698.67,698.67,698.61,698.61,-0.01,57.98,40330.69,-1
2025-07-08,2025-07-08 11:24:00,698.61,698.61,698.56,698.56,-0.01,57.98,40330.69,-1
2025-07-08,2025-07-08 11:25:00,698.56,698.56,698.5,698.5,-0.01,57.98,40330.69,-1
2025-07-08,2025-07-08 11:26:00,698.5,698.5,698.44,698.44,-0.01,57.98,40330.69,-1
2025-07-08,2025-07-08 11:27:00,698.44,698.44,698.38,698.38,-0.01,57.98,40330.69,-1
2025-07-08,2025-07-08 11:28:00,698.38,698.38,698.32,698.32,-0.01,57.98,40330.69,-1
2025-07-08,2025-07-08 11:29:00,698.32,698.32,698.27,698.27,-0.01,57.98,40330.69,-1
2025-07-08,2025-07-08 11:30:00,698.27,698.27,698.21,698.21,-0.01,57.98,40330.69,-1
2025-07-08,2025-07-08 11:31:00,698.21,698.21,698.15,698.15,-0.01,57.98,40330.69,-1
2025-07-08,2025-07-08 11:32:00,698.15,698.15,698.09,698.09,-0.01,57.98,40330.69,-1
2025-07-08,2025-07-08 11:33:00,698.09,698.09,698.04,698.04,-0.01,57.98,40330.69,-1
2025-07-08,2025-07-08 11:34:00,698.04,698.04,697.98,697.98,-0.01,57.98,40330.69,-1
2025-07-08,2025-07-08 11:35:00,697.98,697.98,697.92,697.92,-0.01,57.98,40330.69,-1
2025-07-08,2025-07-08 11:36:00,697.92,697.92,697.86,697.86,-0.01,57.98,40330.69,-1
2025-07-08,2025-07-08 11:37:00,697.86,697.86,697.8,697.8,-0.01,57.98,40330.69,-1
2025-07-08,2025-07-08 11:38:00,697.8,697.8,697.75,697.75,-0.01,57.98,40330.69,-1
2025-07-08,2025-07-08 11:39:00,697.75,697.75,697.69,697.69,-0.01,57.98,40330.69,-1
2025-07-08,2025-07-08 11:40:00,697.69,697.69,697.63,697.63,-0.01,57.98,40330.69,-1
2025-07-08,2025-07-08 11:41:00,697.63,697.63,697.57,697.57,-0.01,57.98,40330.69,-1
2025-07-08,2025-07-08 11:42:00,697.57,697.57,697.51,697.51,-0.01,57.98,40330.69,-1
2025-07-08,2025-07-08 11:43:00,697.51,697.51,697.46,697.46,-0.01,57.98,40330.69,-1
2025-07-08,2025-07-08 11:44:00,697.46,697.46,697.4,697.4,-0.01,57.98,40330.69,-1
2025-07-08,2025-07-08 11:45:00,697.4,697.4,697.34,697.34,-0.01,57.98,40330.69,-1
2025-07-08,2025-07-08 11:46:00,697.34,697.34,697.28,697.28,-0.01,57.98,40330.69,-1
2025-07-08,2025-07-08 11:47:00,697.28,697.28,697.23,697.23,-0.01,57.98,40330.69,-1
2025-07-08,2025-07-08 11:48:00,697.23,697.23,697.17,697.17,-0.01,57.98,40330.69,-1
2025-07-08,2025-07-08 11:49:00,697.17,697.17,697.11,697.11,-0.01,57.98,40330.69,-1
2025-07-08,2025-07-08 11:50:00,697.11,697.11,697.05,697.05,-0.01,57.98,40330.69,-1
2025-07-08,2025-07-08 11:51:00,697.05,697.05,696.99,696.99,-0.01,57.98,40330.69,-1
2025-07-08,2025-07-08 11:52:00,696.99,696.99,696.94,696.94,-0.01,57.98,40330.69,-1
2025-07-08,2025-07-08 11:53:00,696.94,696.94,696.88,696.88,-0.01,57.98,40330.69,-1
2025-07-08,2025-07-08 11:54:00,696.88,696.88,696.82,696.82,-0.01,57.98,40330.69,-1
2025-07-08,2025-07-08 11:55:00,696.82,696.82,696.76,696.76,-0.01,57.98,40330.69,-1
2025-07-08,2025-07-08 11:56:00,696.76,696.76,696.71,696.71,-0.01,57.98,40330.69,-1
2025-07-08,2025-07-08 11:57:00,696.71,696.71,696.65,696.65,-0.01,57.98,40330.69,-1
2025-07-08,2025-07-08 11:58:00,696.65,696.65,696.59,696.59,-0.01,57.98,40330.69,-1
2025-07-08,2025-07-08 11:59:00,696.59,696.59,696.53,696.53,-0.01,57.98,40330.69,-1
2025-07-08,2025-07-08 12:00:00,696.53,696.53,696.47,696.47,-0.01,57.98,40330.69,-1
2025-07-08,2025-07-08 12:01:00,696.47,696.47,696.42,696.42,-0.01,57.98,40330.69,-1
2025-07-08,2025-07-08 12:02:00,696.42,696.42,696.36,696.36,-0.01,57.98,40330.69,-1
2025-07-08,2025-07-08 12:03:00,696.36,696.36,696.3,696.3,-0.01,57.98,40330.69,-1
2025-07-08,2025-07-08 12:04:00,696.3,696.3,696.24,696.24,-0.01,57.98,40330.69,-1
2025-07-08,2025-07-08 12:05:00,696.24,696.24,696.19,696.19,-0.01,57.98,40330.69,-1
2025-07-08,2025-07-08 12:06:00,696.19,696.19,696.13,696.13,-0.01,57.98,40330.69,-1
2025-07-08,2025-07-08 12:07:00,696.13,696.13,696.07,696.07,-0.01,57.98,40330.69,-1
2025-07-08,2025-07-08 12:08:00,696.07,696.07,696.01,696.01,-0.01,57.98,40330.69,-1
2025-07-08,2025-07-08 12:09:00,696.01,696.01,695.95,695.95,-0.01,57.98,40330.69,-1
2025-07-08,2025-07-08 12:10:00,695.95,695.95,695.9,695.9,-0.01,57.98,40330.69,-1
2025-07-08,2025-07-08 12:11:00,695.9,695.9,695.84,695.84,-0.01,57.98,40330.69,-1
2025-07-08,2025-07-08 12:12:00,695.84,695.84,695.78,695.78,-0.01,57.98,40330.69,-1
2025-07-08,2025-07-08 12:13:00,695.78,695.78,695.72,695.72,-0.01,57.98,40330.69,-1
2025-07-08,2025-07-08 12:14:00,695.72,695.72,695.67,695.67,-0.01,57.98,40330.69,-1
2025-07-08,2025-07-08 12:15:00,695.67,695.67,695.61,695.61,-0.01,57.98,40330.69,-1
2025-07-08,2025-07-08 12:16:00,695.61,695.61,695.55,695.55,-0.01,57.98,40330.69,-1
2025-07-08,2025-07-08 12:17:00,695.55,695.55,695.49,695.49,-0.01,57.98,40330.69,-1
2025-07-08,2025-07-08 12:18:00,695.49,695.49,695.43,695.43,-0.01,57.98,40330.69,-1
2025-07-08,2025-07-08 12:19:00,695.43,695.43,695.38,695.38,-0.01,57.98,40330.69,-1
2025-07-08,2025-07-08 12:20:00,695.38,695.38,695.32,695.32,-0.01,57.98,40330.69,-1
2025-07-08,2025-07-08 12:21:00,695.32,695.32,695.26,695.26,-0.01,57.98,40330.69,-1
2025-07-08,2025-07-08 12:22:00,695.26,695.26,695.2,695.2,-0.01,57.98,40330.69,-1
2025-07-08,2025-07-08 12:23:00,695.2,695.2,695.15,695.15,-0.01,57.98,40330.69,-1
2025-07-08,2025-07-08 12:24:00,695.15,695.15,695.09,695.09,-0.01,57.98,40330.69,-1
2025-07-08,2025-07-08 12:25:00,695.09,695.09,695.03,695.03,-0.01,57.98,40330.69,-1
2025-07-08,2025-07-08 12:26:00,695.03,695.03,694.97,694.97,-0.01,57.98,40330.69,-1
2025-07-08,2025-07-08 12:27:00,694.97,694.97,694.91,694.91,-0.01,57.98,40330.69,-1
2025-07-08,2025-07-08 12:28:00,694.91,694.91,694.86,694.86,-0.01,57.98,40330.69,-1
2025-07-08,2025-07-08 12:29:00,694.86,694.86,694.8,694.8,-0.01,57.98,40330.69,-1
2025-07-08,2025-07-08 12:30:00,694.8,694.8,694.74,694.74,-0.01,57.98,40330.69,-1
2025-07-08,2025-07-08 12:31:00,694.74,694.74,694.68,694.68,-0.01,57.98,40330.69,-1
2025-07-08,2025-07-08 12:32:00,694.68,694.68,694.63,694.63,-0.01,57.98,40330.69,-1
2025-07-08,2025-07-08 12:33:00,694.63,694.63,694.57,694.57,-0.01,57.98,40330.69,-1
2025-07-08,2025-07-08 12:34:00,694.57,694.57,694.51,694.51,-0.01,57.98,40330.69,-1
2025-07-08,2025-07-08 12:35:00,694.51,694.51,694.45,694.45,-0.01,57.98,40330.69,-1
2025-07-08,2025-07-08 12:36:00,694.45,694.45,694.39,694.39,-0.01,57.98,40330.69,-1
2025-07-08,2025-07-08 12:37:00,694.39,694.39,694.34,694.34,-0.01,57.98,40330.69,-1
2025-07-08,2025-07-08 12:38:00,694.34,694.34,694.28,694.28,-0.01,57.98,40330.69,-1
2025-07-08,2025-07-08 12:39:00,694.28,694.28,694.22,694.22,-0.01,57.98,40330.69,-1
2025-07-08,2025-07-08 12:40:00,694.22,694.22,694.16,694.16,-0.01,57.98,40330.69,-1
2025-07-08,2025-07-08 12:41:00,694.16,694.16,694.11,694.11,-0.01,57.98,40330.69,-1
2025-07-08,2025-07-08 12:42:00,694.11,694.11,694.05,694.05,-0.01,57.98,40330.69,-1
2025-07-08,2025-07-08 12:43:00,694.05,694.05,693.99,693.99,-0.01,57.98,40330.69,-1
2025-07-08,2025-07-08 12:44:00,693.99,693.99,693.93,693.93,-0.01,57.98,40330.69,-1
2025-07-08,2025-07-08 12:45:00,693.93,693.93,693.87,693.87,-0.01,57.98,40330.69,-1
2025-07-08,2025-07-08 12:46:00,693.87,693.87,693.82,693.82,-0.01,57.98,40330.69,-1
2025-07-08,2025-07-08 12:47:00,693.82,693.82,693.76,693.76,-0.01,57.98,40330.69,-1
2025-07-08,2025-07-08 12:48:00,693.76,693.76,693.7,693.7,-0.01,57.98,40330.69,-1
2025-07-08,2025-07-08 12:49:00,693.7,693.7,693.64,693.64,-0.01,57.98,40330.69,-1
2025-07-08,2025-07-08 12:50:00,693.64,693.64,693.59,693.59,-0.01,57.98,40330.69,-1
2025-07-08,2025-07-08 12:51:00,693.59,693.59,693.53,693.53,-0.01,57.98,40330.69,-1
2025-07-08,2025-07-08 12:52:00,693.53,693.53,693.47,693.47,-0.01,57.98,40330.69,-1
2025-07-08,2025-07-08 12:53:00,693.47,693.47,693.41,693.41,-0.01,57.98,40330.69,-1
2025-07-08,2025-07-08 12:54:00,693.41,693.41,693.35,693.35,-0.01,57.98,40330.69,-1
2025-07-08,2025-07-08 12:55:00,693.35,693.35,693.3,693.3,-0.01,57.98,40330.69,-1
2025-07-08,2025-07-08 12:56:00,693.3,693.3,693.24,693.24,-0.01,57.98,40330.69,-1
2025-07-08,2025-07-08 12:57:00,693.24,693.24,693.18,693.18,-0.01,57.98,40330.69,-1
2025-07-08,2025-07-08 12:58:00,693.18,693.18,693.12,693.12,-0.01,57.98,40330.69,-1
2025-07-08,2025-07-08 12:59:00,693.12,693.12,693.07,693.07,-0.01,57.98,40330.69,-1
2025-07-08,2025-07-08 13:00:00,693.07,715.0,680.0,693.01,-0.01,57.98,40330.69,-1
2025-07-08,2025-07-08 13:01:00,693.01,693.01,692.95,692.95,-0.01,57.98,40330.69,-1
2025-07-08,2025-07-08 13:02:00,692.95,692.95,692.89,692.89,-0.01,57.98,40330.69,-1
2025-07-08,2025-07-08 13:03:00,692.89,692.89,692.83,692.83,-0.01,57.98,40330.69,-1
2025-07-08,2025-07-08 13:04:00,692.83,692.83,692.78,692.78,-0.01,57.98,40330.69,-1
2025-07-08,2025-07-08 13:05:00,692.78,692.78,692.72,692.72,-0.01,57.98,40330.69,-1
2025-07-08,2025-07-08 13:06:00,692.72,692.72,692.66,692.66,-0.01,57.98,40330.69,-1
2025-07-08,2025-07-08 13:07:00,692.66,692.66,692.6,692.6,-0.01,57.98,40330.69,-1
2025-07-08,2025-07-08 13:08:00,692.6,692.6,692.54,692.54,-0.01,57.98,40330.69,-1
2025-07-08,2025-07-08 13:09:00,692.54,692.54,692.49,692.49,-0.01,57.98,40330.69,-1
2025-07-08,2025-07-08 13:10:00,692.49,692.49,692.43,692.43,-0.01,57.98,40330.69,-1
2025-07-08,2025-07-08 13:11:00,692.43,692.43,692.37,692.37,-0.01,57.98,40330.69,-1
2025-07-08,2025-07-08 13:12:00,692.37,692.37,692.31,692.31,-0.01,57.98,40330.69,-1
2025-07-08,2025-07-08 13:13:00,692.31,692.31,692.26,692.26,-0.01,57.98,40330.69,-1
2025-07-08,2025-07-08 13:14:00,692.26,692.26,692.2,692.2,-0.01,57.98,40330.69,-1
2025-07-08,2025-07-08 13:15:00,692.2,692.2,692.14,692.14,-0.01,57.98,40330.69,-1
2025-07-08,2025-07-08 13:16:00,692.14,692.14,692.08,692.08,-0.01,57.98,40330.69,-1
2025-07-08,2025-07-08 13:17:00,692.08,692.08,692.02,692.02,-0.01,57.98,40330.69,-1
2025-07-08,2025-07-08 13:18:00,692.02,692.02,691.97,691.97,-0.01,57.98,40330.69,-1
2025-07-08,2025-07-08 13:19:00,691.97,691.97,691.91,691.91,-0.01,57.98,40330.69,-1
2025-07-08,2025-07-08 13:20:00,691.91,691.91,691.85,691.85,-0.01,57.98,40330.69,-1
2025-07-08,2025-07-08 13:21:00,691.85,691.85,691.79,691.79,-0.01,57.98,40330.69,-1
2025-07-08,2025-07-08 13:22:00,691.79,691.79,691.74,691.74,-0.01,57.98,40330.69,-1
2025-07-08,2025-07-08 13:23:00,691.74,691.74,691.68,691.68,-0.01,57.98,40330.69,-1
2025-07-08,2025-07-08 13:24:00,691.68,691.68,691.62,691.62,-0.01,57.98,40330.69,-1
2025-07-08,2025-07-08 13:25:00,691.62,691.62,691.56,691.56,-0.01,57.98,40330.69,-1
2025-07-08,2025-07-08 13:26:00,691.56,691.56,691.5,691.5,-0.01,57.98,40330.69,-1
2025-07-08,2025-07-08 13:27:00,691.5,691.5,691.45,691.45,-0.01,57.98,40330.69,-1
2025-07-08,2025-07-08 13:28:00,691.45,691.45,691.39,691.39,-0.01,57.98,40330.69,-1
2025-07-08,2025-07-08 13:29:00,691.39,691.39,691.33,691.33,-0.01,57.98,40330.69,-1
2025-07-08,2025-07-08 13:30:00,691.33,691.33,691.27,691.27,-0.01,57.98,40330.69,-1
2025-07-08,2025-07-08 13:31:00,691.27,691.27,691.22,691.22,-0.01,57.98,40330.69,-1
2025-07-08,2025-07-08 13:32:00,691.22,691.22,691.16,691.16,-0.01,57.98,40330.69,-1
2025-07-08,2025-07-08 13:33:00,691.16,691.16,691.1,691.1,-0.01,57.98,40330.69,-1
2025-07-08,2025-07-08 13:34:00,691.1,691.1,691.04,691.04,-0.01,57.98,40330.69,-1
2025-07-08,2025-07-08 13:35:00,691.04,691.04,690.98,690.98,-0.01,57.98,40330.69,-1
2025-07-08,2025-07-08 13:36:00,690.98,690.98,690.93,690.93,-0.01,57.98,40330.69,-1
2025-07-08,2025-07-08 13:37:00,690.93,690.93,690.87,690.87,-0.01,57.98,40330.69,-1
2025-07-08,2025-07-08 13:38:00,690.87,690.87,690.81,690.81,-0.01,57.98,40330.69,-1
2025-07-08,2025-07-08 13:39:00,690.81,690.81,690.75,690.75,-0.01,57.98,40330.69,-1
2025-07-08,2025-07-08 13:40:00,690.75,690.75,690.7,690.7,-0.01,57.98,40330.69,-1
2025-07-08,2025-07-08 13:41:00,690.7,690.7,690.64,690.64,-0.01,57.98,40330.69,-1
2025-07-08,2025-07-08 13:42:00,690.64,690.64,690.58,690.58,-0.01,57.98,40330.69,-1
2025-07-08,2025-07-08 13:43:00,690.58,690.58,690.52,690.52,-0.01,57.98,40330.69,-1
2025-07-08,2025-07-08 13:44:00,690.52,690.52,690.46,690.46,-0.01,57.98,40330.69,-1
2025-07-08,2025-07-08 13:45:00,690.46,690.46,690.41,690.41,-0.01,57.98,40330.69,-1
2025-07-08,2025-07-08 13:46:00,690.41,690.41,690.35,690.35,-0.01,57.98,40330.69,-1
2025-07-08,2025-07-08 13:47:00,690.35,690.35,690.29,690.29,-0.01,57.98,40330.69,-1
2025-07-08,2025-07-08 13:48:00,690.29,690.29,690.23,690.23,-0.01,57.98,40330.69,-1
2025-07-08,2025-07-08 13:49:00,690.23,690.23,690.18,690.18,-0.01,57.98,40330.69,-1
2025-07-08,2025-07-08 13:50:00,690.18,690.18,690.12,690.12,-0.01,57.98,40330.69,-1
2025-07-08,2025-07-08 13:51:00,690.12,690.12,690.06,690.06,-0.01,57.98,40330.69,-1
2025-07-08,2025-07-08 13:52:00,690.06,690.06,690.0,690.0,-0.01,57.98,40330.69,-1
2025-07-08,2025-07-08 13:53:00,690.0,690.0,689.94,689.94,-0.01,57.98,40330.69,-1
2025-07-08,2025-07-08 13:54:00,689.94,689.94,689.89,689.89,-0.01,57.98,40330.69,-1
2025-07-08,2025-07-08 13:55:00,689.89,689.89,689.83,689.83,-0.01,57.98,40330.69,-1
2025-07-08,2025-07-08 13:56:00,689.83,689.83,689.77,689.77,-0.01,57.98,40330.69,-1
2025-07-08,2025-07-08 13:57:00,689.77,689.77,689.71,689.71,-0.01,57.98,40330.69,-1
2025-07-08,2025-07-08 13:58:00,689.71,689.71,689.66,689.66,-0.01,57.98,40330.69,-1
2025-07-08,2025-07-08 13:59:00,689.66,689.66,689.6,689.6,-0.01,57.98,40330.69,-1
2025-07-08,2025-07-08 14:00:00,689.6,689.6,689.54,689.54,-0.01,57.98,40330.69,-1
2025-07-08,2025-07-08 14:01:00,689.54,689.54,689.48,689.48,-0.01,57.98,40330.69,-1
2025-07-08,2025-07-08 14:02:00,689.48,689.48,689.42,689.42,-0.01,57.98,40330.69,-1
2025-07-08,2025-07-08 14:03:00,689.42,689.42,689.37,689.37,-0.01,57.98,40330.69,-1
2025-07-08,2025-07-08 14:04:00,689.37,689.37,689.31,689.31,-0.01,57.98,40330.69,-1
2025-07-08,2025-07-08 14:05:00,689.31,689.31,689.25,689.25,-0.01,57.98,40330.69,-1
2025-07-08,2025-07-08 14:06:00,689.25,689.25,689.19,689.19,-0.01,57.98,40330.69,-1
2025-07-08,2025-07-08 14:07:00,689.19,689.19,689.14,689.14,-0.01,57.98,40330.69,-1
2025-07-08,2025-07-08 14:08:00,689.14,689.14,689.08,689.08,-0.01,57.98,40330.69,-1
2025-07-08,2025-07-08 14:09:00,689.08,689.08,689.02,689.02,-0.01,57.98,40330.69,-1
2025-07-08,2025-07-08 14:10:00,689.02,689.02,688.96,688.96,-0.01,57.98,40330.69,-1
2025-07-08,2025-07-08 14:11:00,688.96,688.96,688.9,688.9,-0.01,57.98,40330.69,-1
2025-07-08,2025-07-08 14:12:00,688.9,688.9,688.85,688.85,-0.01,57.98,40330.69,-1
2025-07-08,2025-07-08 14:13:00,688.85,688.85,688.79,688.79,-0.01,57.98,40330.69,-1
2025-07-08,2025-07-08 14:14:00,688.79,688.79,688.73,688.73,-0.01,57.98,40330.69,-1
2025-07-08,2025-07-08 14:15:00,688.73,688.73,688.67,688.67,-0.01,57.98,40330.69,-1
2025-07-08,2025-07-08 14:16:00,688.67,688.67,688.62,688.62,-0.01,57.98,40330.69,-1
2025-07-08,2025-07-08 14:17:00,688.62,688.62,688.56,688.56,-0.01,57.98,40330.69,-1
2025-07-08,2025-07-08 14:18:00,688.56,688.56,688.5,688.5,-0.01,57.98,40330.69,-1
2025-07-08,2025-07-08 14:19:00,688.5,688.5,688.44,688.44,-0.01,57.98,40330.69,-1
2025-07-08,2025-07-08 14:20:00,688.44,688.44,688.38,688.38,-0.01,57.98,40330.69,-1
2025-07-08,2025-07-08 14:21:00,688.38,688.38,688.33,688.33,-0.01,57.98,40330.69,-1
2025-07-08,2025-07-08 14:22:00,688.33,688.33,688.27,688.27,-0.01,57.98,40330.69,-1
2025-07-08,2025-07-08 14:23:00,688.27,688.27,688.21,688.21,-0.01,57.98,40330.69,-1
2025-07-08,2025-07-08 14:24:00,688.21,688.21,688.15,688.15,-0.01,57.98,40330.69,-1
2025-07-08,2025-07-08 14:25:00,688.15,688.15,688.09,688.09,-0.01,57.98,40330.69,-1
2025-07-08,2025-07-08 14:26:00,688.09,688.09,688.04,688.04,-0.01,57.98,40330.69,-1
2025-07-08,2025-07-08 14:27:00,688.04,688.04,687.98,687.98,-0.01,57.98,40330.69,-1
2025-07-08,2025-07-08 14:28:00,687.98,687.98,687.92,687.92,-0.01,57.98,40330.69,-1
2025-07-08,2025-07-08 14:29:00,687.92,687.92,687.86,687.86,-0.01,57.98,40330.69,-1
2025-07-08,2025-07-08 14:30:00,687.86,687.86,687.81,687.81,-0.01,57.98,40330.69,-1
2025-07-08,2025-07-08 14:31:00,687.81,687.81,687.75,687.75,-0.01,57.98,40330.69,-1
2025-07-08,2025-07-08 14:32:00,687.75,687.75,687.69,687.69,-0.01,57.98,40330.69,-1
2025-07-08,2025-07-08 14:33:00,687.69,687.69,687.63,687.63,-0.01,57.98,40330.69,-1
2025-07-08,2025-07-08 14:34:00,687.63,687.63,687.57,687.57,-0.01,57.98,40330.69,-1
2025-07-08,2025-07-08 14:35:00,687.57,687.57,687.52,687.52,-0.01,57.98,40330.69,-1
2025-07-08,2025-07-08 14:36:00,687.52,687.52,687.46,687.46,-0.01,57.98,40330.69,-1
2025-07-08,2025-07-08 14:37:00,687.46,687.46,687.4,687.4,-0.01,57.98,40330.69,-1
2025-07-08,2025-07-08 14:38:00,687.4,687.4,687.34,687.34,-0.01,57.98,40330.69,-1
2025-07-08,2025-07-08 14:39:00,687.34,687.34,687.29,687.29,-0.01,57.98,40330.69,-1
2025-07-08,2025-07-08 14:40:00,687.29,687.29,687.23,687.23,-0.01,57.98,40330.69,-1
2025-07-08,2025-07-08 14:41:00,687.23,687.23,687.17,687.17,-0.01,57.98,40330.69,-1
2025-07-08,2025-07-08 14:42:00,687.17,687.17,687.11,687.11,-0.01,57.98,40330.69,-1
2025-07-08,2025-07-08 14:43:00,687.11,687.11,687.05,687.05,-0.01,57.98,40330.69,-1
2025-07-08,2025-07-08 14:44:00,687.05,687.05,687.0,687.0,-0.01,57.98,40330.69,-1
2025-07-08,2025-07-08 14:45:00,687.0,687.0,686.94,686.94,-0.01,57.98,40330.69,-1
2025-07-08,2025-07-08 14:46:00,686.94,686.94,686.88,686.88,-0.01,57.98,40330.69,-1
2025-07-08,2025-07-08 14:47:00,686.88,686.88,686.82,686.82,-0.01,57.98,40330.69,-1
2025-07-08,2025-07-08 14:48:00,686.82,686.82,686.77,686.77,-0.01,57.98,40330.69,-1
2025-07-08,2025-07-08 14:49:00,686.77,686.77,686.71,686.71,-0.01,57.98,40330.69,-1
2025-07-08,2025-07-08 14:50:00,686.71,686.71,686.65,686.65,-0.01,57.98,40330.69,-1
2025-07-08,2025-07-08 14:51:00,686.65,686.65,686.59,686.59,-0.01,57.98,40330.69,-1
2025-07-08,2025-07-08 14:52:00,686.59,686.59,686.53,686.53,-0.01,57.98,40330.69,-1
2025-07-08,2025-07-08 14:53:00,686.53,686.53,686.48,686.48,-0.01,57.98,40330.69,-1
2025-07-08,2025-07-08 14:54:00,686.48,686.48,686.42,686.42,-0.01,57.98,40330.69,-1
2025-07-08,2025-07-08 14:55:00,686.42,686.42,686.36,686.36,-0.01,57.98,40330.69,-1
2025-07-08,2025-07-08 14:56:00,686.36,686.36,686.3,686.3,-0.01,57.98,40330.69,-1
2025-07-08,2025-07-08 14:57:00,686.3,686.3,686.25,686.25,-0.01,57.98,40330.69,-1
2025-07-08,2025-07-08 14:58:00,686.25,686.25,686.19,686.19,-0.01,57.98,40330.69,-1
2025-07-08,2025-07-08 14:59:00,686.19,686.19,686.13,686.13,-0.01,57.98,40330.69,-1
2025-07-08,2025-07-08 15:00:00,686.13,715.0,680.0,686.13,0.0,57.98,40330.69,0
2025-07-09,2025-07-09 11:00:00,690.0,697.5,688.53,689.99,-0.0,119.77,83093.89,-1
2025-07-09,2025-07-09 11:01:00,689.99,689.99,689.97,689.97,-0.0,119.77,83093.89,-1
2025-07-09,2025-07-09 11:02:00,689.97,689.97,689.96,689.96,-0.0,119.77,83093.89,-1
2025-07-09,2025-07-09 11:03:00,689.96,689.96,689.95,689.95,-0.0,119.77,83093.89,-1
2025-07-09,2025-07-09 11:04:00,689.95,689.95,689.93,689.93,-0.0,119.77,83093.89,-1
2025-07-09,2025-07-09 11:05:00,689.93,689.93,689.92,689.92,-0.0,119.77,83093.89,-1
2025-07-09,2025-07-09 11:06:00,689.92,689.92,689.91,689.91,-0.0,119.77,83093.89,-1
2025-07-09,2025-07-09 11:07:00,689.91,689.91,689.89,689.89,-0.0,119.77,83093.89,-1
2025-07-09,2025-07-09 11:08:00,689.89,689.89,689.88,689.88,-0.0,119.77,83093.89,-1
2025-07-09,2025-07-09 11:09:00,689.88,689.88,689.87,689.87,-0.0,119.77,83093.89,-1
2025-07-09,2025-07-09 11:10:00,689.87,689.87,689.85,689.85,-0.0,119.77,83093.89,-1
2025-07-09,2025-07-09 11:11:00,689.85,689.85,689.84,689.84,-0.0,119.77,83093.89,-1
2025-07-09,2025-07-09 11:12:00,689.84,689.84,689.83,689.83,-0.0,119.77,83093.89,-1
2025-07-09,2025-07-09 11:13:00,689.83,689.83,689.81,689.81,-0.0,119.77,83093.89,-1
2025-07-09,2025-07-09 11:14:00,689.81,689.81,689.8,689.8,-0.0,119.77,83093.89,-1
2025-07-09,2025-07-09 11:15:00,689.8,689.8,689.79,689.79,-0.0,119.77,83093.89,-1
2025-07-09,2025-07-09 11:16:00,689.79,689.79,689.77,689.77,-0.0,119.77,83093.89,-1
2025-07-09,2025-07-09 11:17:00,689.77,689.77,689.76,689.76,-0.0,119.77,83093.89,-1
2025-07-09,2025-07-09 11:18:00,689.76,689.76,689.75,689.75,-0.0,119.77,83093.89,-1
2025-07-09,2025-07-09 11:19:00,689.75,689.75,689.73,689.73,-0.0,119.77,83093.89,-1
2025-07-09,2025-07-09 11:20:00,689.73,689.73,689.72,689.72,-0.0,119.77,83093.89,-1
2025-07-09,2025-07-09 11:21:00,689.72,689.72,689.71,689.71,-0.0,119.77,83093.89,-1
2025-07-09,2025-07-09 11:22:00,689.71,689.71,689.69,689.69,-0.0,119.77,83093.89,-1
2025-07-09,2025-07-09 11:23:00,689.69,689.69,689.68,689.68,-0.0,119.77,83093.89,-1
2025-07-09,2025-07-09 11:24:00,689.68,689.68,689.67,689.67,-0.0,119.77,83093.89,-1
2025-07-09,2025-07-09 11:25:00,689.67,689.67,689.65,689.65,-0.0,119.77,83093.89,-1
2025-07-09,2025-07-09 11:26:00,689.65,689.65,689.64,689.64,-0.0,119.77,83093.89,-1
2025-07-09,2025-07-09 11:27:00,689.64,689.64,689.63,689.63,-0.0,119.77,83093.89,-1
2025-07-09,2025-07-09 11:28:00,689.63,689.63,689.61,689.61,-0.0,119.77,83093.89,-1
2025-07-09,2025-07-09 11:29:00,689.61,689.61,689.6,689.6,-0.0,119.77,83093.89,-1
2025-07-09,2025-07-09 11:30:00,689.6,689.6,689.59,689.59,-0.0,119.77,83093.89,-1
2025-07-09,2025-07-09 11:31:00,689.59,689.59,689.57,689.57,-0.0,119.77,83093.89,-1
2025-07-09,2025-07-09 11:32:00,689.57,689.57,689.56,689.56,-0.0,119.77,83093.89,-1
2025-07-09,2025-07-09 11:33:00,689.56,689.56,689.55,689.55,-0.0,119.77,83093.89,-1
2025-07-09,2025-07-09 11:34:00,689.55,689.55,689.53,689.53,-0.0,119.77,83093.89,-1
2025-07-09,2025-07-09 11:35:00,689.53,689.53,689.52,689.52,-0.0,119.77,83093.89,-1
2025-07-09,2025-07-09 11:36:00,689.52,689.52,689.51,689.51,-0.0,119.77,83093.89,-1
2025-07-09,2025-07-09 11:37:00,689.51,689.51,689.49,689.49,-0.0,119.77,83093.89,-1
2025-07-09,2025-07-09 11:38:00,689.49,689.49,689.48,689.48,-0.0,119.77,83093.89,-1
2025-07-09,2025-07-09 11:39:00,689.48,689.48,689.47,689.47,-0.0,119.77,83093.89,-1
2025-07-09,2025-07-09 11:40:00,689.47,689.47,689.45,689.45,-0.0,119.77,83093.89,-1
2025-07-09,2025-07-09 11:41:00,689.45,689.45,689.44,689.44,-0.0,119.77,83093.89,-1
2025-07-09,2025-07-09 11:42:00,689.44,689.44,689.43,689.43,-0.0,119.77,83093.89,-1
2025-07-09,2025-07-09 11:43:00,689.43,689.43,689.41,689.41,-0.0,119.77,83093.89,-1
2025-07-09,2025-07-09 11:44:00,689.41,689.41,689.4,689.4,-0.0,119.77,83093.89,-1
2025-07-09,2025-07-09 11:45:00,689.4,689.4,689.39,689.39,-0.0,119.77,83093.89,-1
2025-07-09,2025-07-09 11:46:00,689.39,689.39,689.37,689.37,-0.0,119.77,83093.89,-1
2025-07-09,2025-07-09 11:47:00,689.37,689.37,689.36,689.36,-0.0,119.77,83093.89,-1
2025-07-09,2025-07-09 11:48:00,689.36,689.36,689.35,689.35,-0.0,119.77,83093.89,-1
2025-07-09,2025-07-09 11:49:00,689.35,689.35,689.33,689.33,-0.0,119.77,83093.89,-1
2025-07-09,2025-07-09 11:50:00,689.33,689.33,689.32,689.32,-0.0,119.77,83093.89,-1
2025-07-09,2025-07-09 11:51:00,689.32,689.32,689.31,689.31,-0.0,119.77,83093.89,-1
2025-07-09,2025-07-09 11:52:00,689.31,689.31,689.29,689.29,-0.0,119.77,83093.89,-1
2025-07-09,2025-07-09 11:53:00,689.29,689.29,689.28,689.28,-0.0,119.77,83093.89,-1
2025-07-09,2025-07-09 11:54:00,689.28,689.28,689.27,689.27,-0.0,119.77,83093.89,-1
2025-07-09,2025-07-09 11:55:00,689.27,689.27,689.25,689.25,-0.0,119.77,83093.89,-1
2025-07-09,2025-07-09 11:56:00,689.25,689.25,689.24,689.24,-0.0,119.77,83093.89,-1
2025-07-09,2025-07-09 11:57:00,689.24,689.24,689.23,689.23,-0.0,119.77,83093.89,-1
2025-07-09,2025-07-09 11:58:00,689.23,689.23,689.21,689.21,-0.0,119.77,83093.89,-1
2025-07-09,2025-07-09 11:59:00,689.21,689.21,689.2,689.2,-0.0,119.77,83093.89,-1
2025-07-09,2025-07-09 12:00:00,689.2,689.2,689.19,689.19,-0.0,119.77,83093.89,-1
2025-07-09,2025-07-09 12:01:00,689.19,689.19,689.17,689.17,-0.0,119.77,83093.89,-1
2025-07-09,2025-07-09 12:02:00,689.17,689.17,689.16,689.16,-0.0,119.77,83093.89,-1
2025-07-09,2025-07-09 12:03:00,689.16,689.16,689.15,689.15,-0.0,119.77,83093.89,-1
2025-07-09,2025-07-09 12:04:00,689.15,689.15,689.13,689.13,-0.0,119.77,83093.89,-1
2025-07-09,2025-07-09 12:05:00,689.13,689.13,689.12,689.12,-0.0,119.77,83093.89,-1
2025-07-09,2025-07-09 12:06:00,689.12,689.12,689.11,689.11,-0.0,119.77,83093.89,-1
2025-07-09,2025-07-09 12:07:00,689.11,689.11,689.09,689.09,-0.0,119.77,83093.89,-1
2025-07-09,2025-07-09 12:08:00,689.09,689.09,689.08,689.08,-0.0,119.77,83093.89,-1
2025-07-09,2025-07-09 12:09:00,689.08,689.08,689.07,689.07,-0.0,119.77,83093.89,-1
2025-07-09,2025-07-09 12:10:00,689.07,689.07,689.05,689.05,-0.0,119.77,83093.89,-1
2025-07-09,2025-07-09 12:11:00,689.05,689.05,689.04,689.04,-0.0,119.77,83093.89,-1
2025-07-09,2025-07-09 12:12:00,689.04,689.04,689.03,689.03,-0.0,119.77,83093.89,-1
2025-07-09,2025-07-09 12:13:00,689.03,689.03,689.01,689.01,-0.0,119.77,83093.89,-1
2025-07-09,2025-07-09 12:14:00,689.01,689.01,689.0,689.0,-0.0,119.77,83093.89,-1
2025-07-09,2025-07-09 12:15:00,689.0,689.0,688.99,688.99,-0.0,119.77,83093.89,-1
2025-07-09,2025-07-09 12:16:00,688.99,688.99,688.97,688.97,-0.0,119.77,83093.89,-1
2025-07-09,2025-07-09 12:17:00,688.97,688.97,688.96,688.96,-0.0,119.77,83093.89,-1
2025-07-09,2025-07-09 12:18:00,688.96,688.96,688.95,688.95,-0.0,119.77,83093.89,-1
2025-07-09,2025-07-09 12:19:00,688.95,688.95,688.93,688.93,-0.0,119.77,83093.89,-1
2025-07-09,2025-07-09 12:20:00,688.93,688.93,688.92,688.92,-0.0,119.77,83093.89,-1
2025-07-09,2025-07-09 12:21:00,688.92,688.92,688.91,688.91,-0.0,119.77,83093.89,-1
2025-07-09,2025-07-09 12:22:00,688.91,688.91,688.89,688.89,-0.0,119.77,83093.89,-1
2025-07-09,2025-07-09 12:23:00,688.89,688.89,688.88,688.88,-0.0,119.77,83093.89,-1
2025-07-09,2025-07-09 12:24:00,688.88,688.88,688.87,688.87,-0.0,119.77,83093.89,-1
2025-07-09,2025-07-09 12:25:00,688.87,688.87,688.85,688.85,-0.0,119.77,83093.89,-1
2025-07-09,2025-07-09 12:26:00,688.85,688.85,688.84,688.84,-0.0,119.77,83093.89,-1
2025-07-09,2025-07-09 12:27:00,688.84,688.84,688.83,688.83,-0.0,119.77,83093.89,-1
2025-07-09,2025-07-09 12:28:00,688.83,688.83,688.81,688.81,-0.0,119.77,83093.89,-1
2025-07-09,2025-07-09 12:29:00,688.81,688.81,688.8,688.8,-0.0,119.77,83093.89,-1
2025-07-09,2025-07-09 12:30:00,688.8,688.8,688.79,688.79,-0.0,119.77,83093.89,-1
2025-07-09,2025-07-09 12:31:00,688.79,688.79,688.77,688.77,-0.0,119.77,83093.89,-1
2025-07-09,2025-07-09 12:32:00,688.77,688.77,688.76,688.76,-0.0,119.77,83093.89,-1
2025-07-09,2025-07-09 12:33:00,688.76,688.76,688.75,688.75,-0.0,119.77,83093.89,-1
2025-07-09,2025-07-09 12:34:00,688.75,688.75,688.73,688.73,-0.0,119.77,83093.89,-1
2025-07-09,2025-07-09 12:35:00,688.73,688.73,688.72,688.72,-0.0,119.77,83093.89,-1
2025-07-09,2025-07-09 12:36:00,688.72,688.72,688.71,688.71,-0.0,119.77,83093.89,-1
2025-07-09,2025-07-09 12:37:00,688.71,688.71,688.69,688.69,-0.0,119.77,83093.89,-1
2025-07-09,2025-07-09 12:38:00,688.69,688.69,688.68,688.68,-0.0,119.77,83093.89,-1
2025-07-09,2025-07-09 12:39:00,688.68,688.68,688.67,688.67,-0.0,119.77,83093.89,-1
2025-07-09,2025-07-09 12:40:00,688.67,688.67,688.65,688.65,-0.0,119.77,83093.89,-1
2025-07-09,2025-07-09 12:41:00,688.65,688.65,688.64,688.64,-0.0,119.77,83093.89,-1
2025-07-09,2025-07-09 12:42:00,688.64,688.64,688.63,688.63,-0.0,119.77,83093.89,-1
2025-07-09,2025-07-09 12:43:00,688.63,688.63,688.61,688.61,-0.0,119.77,83093.89,-1
2025-07-09,2025-07-09 12:44:00,688.61,688.61,688.6,688.6,-0.0,119.77,83093.89,-1
2025-07-09,2025-07-09 12:45:00,688.6,688.6,688.59,688.59,-0.0,119.77,83093.89,-1
2025-07-09,2025-07-09 12:46:00,688.59,688.59,688.57,688.57,-0.0,119.77,83093.89,-1
2025-07-09,2025-07-09 12:47:00,688.57,688.57,688.56,688.56,-0.0,119.77,83093.89,-1
2025-07-09,2025-07-09 12:48:00,688.56,688.56,688.55,688.55,-0.0,119.77,83093.89,-1
2025-07-09,2025-07-09 12:49:00,688.55,688.55,688.53,688.53,-0.0,119.77,83093.89,-1
2025-07-09,2025-07-09 12:50:00,688.53,688.53,688.52,688.52,-0.0,119.77,83093.89,-1
2025-07-09,2025-07-09 12:51:00,688.52,688.52,688.51,688.51,-0.0,119.77,83093.89,-1
2025-07-09,2025-07-09 12:52:00,688.51,688.51,688.49,688.49,-0.0,119.77,83093.89,-1
2025-07-09,2025-07-09 12:53:00,688.49,688.49,688.48,688.48,-0.0,119.77,83093.89,-1
2025-07-09,2025-07-09 12:54:00,688.48,688.48,688.47,688.47,-0.0,119.77,83093.89,-1
2025-07-09,2025-07-09 12:55:00,688.47,688.47,688.45,688.45,-0.0,119.77,83093.89,-1
2025-07-09,2025-07-09 12:56:00,688.45,688.45,688.44,688.44,-0.0,119.77,83093.89,-1
2025-07-09,2025-07-09 12:57:00,688.44,688.44,688.43,688.43,-0.0,119.77,83093.89,-1
2025-07-09,2025-07-09 12:58:00,688.43,688.43,688.41,688.41,-0.0,119.77,83093.89,-1
2025-07-09,2025-07-09 12:59:00,688.41,688.41,688.4,688.4,-0.0,119.77,83093.89,-1
2025-07-09,2025-07-09 13:00:00,688.4,715.0,685.1,688.39,-0.0,119.77,83093.89,-1
2025-07-09,2025-07-09 13:01:00,688.39,688.39,688.37,688.37,-0.0,119.77,83093.89,-1
2025-07-09,2025-07-09 13:02:00,688.37,688.37,688.36,688.36,-0.0,119.77,83093.89,-1
2025-07-09,2025-07-09 13:03:00,688.36,688.36,688.35,688.35,-0.0,119.77,83093.89,-1
2025-07-09,2025-07-09 13:04:00,688.35,688.35,688.33,688.33,-0.0,119.77,83093.89,-1
2025-07-09,2025-07-09 13:05:00,688.33,688.33,688.32,688.32,-0.0,119.77,83093.89,-1
2025-07-09,2025-07-09 13:06:00,688.32,688.32,688.31,688.31,-0.0,119.77,83093.89,-1
2025-07-09,2025-07-09 13:07:00,688.31,688.31,688.29,688.29,-0.0,119.77,83093.89,-1
2025-07-09,2025-07-09 13:08:00,688.29,688.29,688.28,688.28,-0.0,119.77,83093.89,-1
2025-07-09,2025-07-09 13:09:00,688.28,688.28,688.27,688.27,-0.0,119.77,83093.89,-1
2025-07-09,2025-07-09 13:10:00,688.27,688.27,688.25,688.25,-0.0,119.77,83093.89,-1
2025-07-09,2025-07-09 13:11:00,688.25,688.25,688.24,688.24,-0.0,119.77,83093.89,-1
2025-07-09,2025-07-09 13:12:00,688.24,688.24,688.23,688.23,-0.0,119.77,83093.89,-1
2025-07-09,2025-07-09 13:13:00,688.23,688.23,688.21,688.21,-0.0,119.77,83093.89,-1
2025-07-09,2025-07-09 13:14:00,688.21,688.21,688.2,688.2,-0.0,119.77,83093.89,-1
2025-07-09,2025-07-09 13:15:00,688.2,688.2,688.19,688.19,-0.0,119.77,83093.89,-1
2025-07-09,2025-07-09 13:16:00,688.19,688.19,688.17,688.17,-0.0,119.77,83093.89,-1
2025-07-09,2025-07-09 13:17:00,688.17,688.17,688.16,688.16,-0.0,119.77,83093.89,-1
2025-07-09,2025-07-09 13:18:00,688.16,688.16,688.15,688.15,-0.0,119.77,83093.89,-1
2025-07-09,2025-07-09 13:19:00,688.15,688.15,688.13,688.13,-0.0,119.77,83093.89,-1
2025-07-09,2025-07-09 13:20:00,688.13,688.13,688.12,688.12,-0.0,119.77,83093.89,-1
2025-07-09,2025-07-09 13:21:00,688.12,688.12,688.11,688.11,-0.0,119.77,83093.89,-1
2025-07-09,2025-07-09 13:22:00,688.11,688.11,688.09,688.09,-0.0,119.77,83093.89,-1
2025-07-09,2025-07-09 13:23:00,688.09,688.09,688.08,688.08,-0.0,119.77,83093.89,-1
2025-07-09,2025-07-09 13:24:00,688.08,688.08,688.07,688.07,-0.0,119.77,83093.89,-1
2025-07-09,2025-07-09 13:25:00,688.07,688.07,688.05,688.05,-0.0,119.77,83093.89,-1
2025-07-09,2025-07-09 13:26:00,688.05,688.05,688.04,688.04,-0.0,119.77,83093.89,-1
2025-07-09,2025-07-09 13:27:00,688.04,688.04,688.03,688.03,-0.0,119.77,83093.89,-1
2025-07-09,2025-07-09 13:28:00,688.03,688.03,688.01,688.01,-0.0,119.77,83093.89,-1
2025-07-09,2025-07-09 13:29:00,688.01,688.01,688.0,688.0,-0.0,119.77,83093.89,-1
2025-07-09,2025-07-09 13:30:00,688.0,688.0,687.99,687.99,-0.0,119.77,83093.89,-1
2025-07-09,2025-07-09 13:31:00,687.99,687.99,687.97,687.97,-0.0,119.77,83093.89,-1
2025-07-09,2025-07-09 13:32:00,687.97,687.97,687.96,687.96,-0.0,119.77,83093.89,-1
2025-07-09,2025-07-09 13:33:00,687.96,687.96,687.95,687.95,-0.0,119.77,83093.89,-1
2025-07-09,2025-07-09 13:34:00,687.95,687.95,687.93,687.93,-0.0,119.77,83093.89,-1
2025-07-09,2025-07-09 13:35:00,687.93,687.93,687.92,687.92,-0.0,119.77,83093.89,-1
2025-07-09,2025-07-09 13:36:00,687.92,687.92,687.91,687.91,-0.0,119.77,83093.89,-1
2025-07-09,2025-07-09 13:37:00,687.91,687.91,687.89,687.89,-0.0,119.77,83093.89,-1
2025-07-09,2025-07-09 13:38:00,687.89,687.89,687.88,687.88,-0.0,119.77,83093.89,-1
2025-07-09,2025-07-09 13:39:00,687.88,687.88,687.87,687.87,-0.0,119.77,83093.89,-1
2025-07-09,2025-07-09 13:40:00,687.87,687.87,687.85,687.85,-0.0,119.77,83093.89,-1
2025-07-09,2025-07-09 13:41:00,687.85,687.85,687.84,687.84,-0.0,119.77,83093.89,-1
2025-07-09,2025-07-09 13:42:00,687.84,687.84,687.83,687.83,-0.0,119.77,83093.89,-1
2025-07-09,2025-07-09 13:43:00,687.83,687.83,687.81,687.81,-0.0,119.77,83093.89,-1
2025-07-09,2025-07-09 13:44:00,687.81,687.81,687.8,687.8,-0.0,119.77,83093.89,-1
2025-07-09,2025-07-09 13:45:00,687.8,687.8,687.79,687.79,-0.0,119.77,83093.89,-1
2025-07-09,2025-07-09 13:46:00,687.79,687.79,687.77,687.77,-0.0,119.77,83093.89,-1
2025-07-09,2025-07-09 13:47:00,687.77,687.77,687.76,687.76,-0.0,119.77,83093.89,-1
2025-07-09,2025-07-09 13:48:00,687.76,687.76,687.75,687.75,-0.0,119.77,83093.89,-1
2025-07-09,2025-07-09 13:49:00,687.75,687.75,687.73,687.73,-0.0,119.77,83093.89,-1
2025-07-09,2025-07-09 13:50:00,687.73,687.73,687.72,687.72,-0.0,119.77,83093.89,-1
2025-07-09,2025-07-09 13:51:00,687.72,687.72,687.71,687.71,-0.0,119.77,83093.89,-1
2025-07-09,2025-07-09 13:52:00,687.71,687.71,687.69,687.69,-0.0,119.77,83093.89,-1
2025-07-09,2025-07-09 13:53:00,687.69,687.69,687.68,687.68,-0.0,119.77,83093.89,-1
2025-07-09,2025-07-09 13:54:00,687.68,687.68,687.67,687.67,-0.0,119.77,83093.89,-1
2025-07-09,2025-07-09 13:55:00,687.67,687.67,687.65,687.65,-0.0,119.77,83093.89,-1
2025-07-09,2025-07-09 13:56:00,687.65,687.65,687.64,687.64,-0.0,119.77,83093.89,-1
2025-07-09,2025-07-09 13:57:00,687.64,687.64,687.63,687.63,-0.0,119.77,83093.89,-1
2025-07-09,2025-07-09 13:58:00,687.63,687.63,687.61,687.61,-0.0,119.77,83093.89,-1
2025-07-09,2025-07-09 13:59:00,687.61,687.61,687.6,687.6,-0.0,119.77,83093.89,-1
2025-07-09,2025-07-09 14:00:00,687.6,687.6,687.59,687.59,-0.0,119.77,83093.89,-1
2025-07-09,2025-07-09 14:01:00,687.59,687.59,687.57,687.57,-0.0,119.77,83093.89,-1
2025-07-09,2025-07-09 14:02:00,687.57,687.57,687.56,687.56,-0.0,119.77,83093.89,-1
2025-07-09,2025-07-09 14:03:00,687.56,687.56,687.55,687.55,-0.0,119.77,83093.89,-1
2025-07-09,2025-07-09 14:04:00,687.55,687.55,687.53,687.53,-0.0,119.77,83093.89,-1
2025-07-09,2025-07-09 14:05:00,687.53,687.53,687.52,687.52,-0.0,119.77,83093.89,-1
2025-07-09,2025-07-09 14:06:00,687.52,687.52,687.51,687.51,-0.0,119.77,83093.89,-1
2025-07-09,2025-07-09 14:07:00,687.51,687.51,687.49,687.49,-0.0,119.77,83093.89,-1
2025-07-09,2025-07-09 14:08:00,687.49,687.49,687.48,687.48,-0.0,119.77,83093.89,-1
2025-07-09,2025-07-09 14:09:00,687.48,687.48,687.47,687.47,-0.0,119.77,83093.89,-1
2025-07-09,2025-07-09 14:10:00,687.47,687.47,687.45,687.45,-0.0,119.77,83093.89,-1
2025-07-09,2025-07-09 14:11:00,687.45,687.45,687.44,687.44,-0.0,119.77,83093.89,-1
2025-07-09,2025-07-09 14:12:00,687.44,687.44,687.43,687.43,-0.0,119.77,83093.89,-1
2025-07-09,2025-07-09 14:13:00,687.43,687.43,687.41,687.41,-0.0,119.77,83093.89,-1
2025-07-09,2025-07-09 14:14:00,687.41,687.41,687.4,687.4,-0.0,119.77,83093.89,-1
2025-07-09,2025-07-09 14:15:00,687.4,687.4,687.39,687.39,-0.0,119.77,83093.89,-1
2025-07-09,2025-07-09 14:16:00,687.39,687.39,687.37,687.37,-0.0,119.77,83093.89,-1
2025-07-09,2025-07-09 14:17:00,687.37,687.37,687.36,687.36,-0.0,119.77,83093.89,-1
2025-07-09,2025-07-09 14:18:00,687.36,687.36,687.35,687.35,-0.0,119.77,83093.89,-1
2025-07-09,2025-07-09 14:19:00,687.35,687.35,687.33,687.33,-0.0,119.77,83093.89,-1
2025-07-09,2025-07-09 14:20:00,687.33,687.33,687.32,687.32,-0.0,119.77,83093.89,-1
2025-07-09,2025-07-09 14:21:00,687.32,687.32,687.31,687.31,-0.0,119.77,83093.89,-1
2025-07-09,2025-07-09 14:22:00,687.31,687.31,687.29,687.29,-0.0,119.77,83093.89,-1
2025-07-09,2025-07-09 14:23:00,687.29,687.29,687.28,687.28,-0.0,119.77,83093.89,-1
2025-07-09,2025-07-09 14:24:00,687.28,687.28,687.27,687.27,-0.0,119.77,83093.89,-1
2025-07-09,2025-07-09 14:25:00,687.27,687.27,687.25,687.25,-0.0,119.77,83093.89,-1
2025-07-09,2025-07-09 14:26:00,687.25,687.25,687.24,687.24,-0.0,119.77,83093.89,-1
2025-07-09,2025-07-09 14:27:00,687.24,687.24,687.23,687.23,-0.0,119.77,83093.89,-1
2025-07-09,2025-07-09 14:28:00,687.23,687.23,687.21,687.21,-0.0,119.77,83093.89,-1
2025-07-09,2025-07-09 14:29:00,687.21,687.21,687.2,687.2,-0.0,119.77,83093.89,-1
2025-07-09,2025-07-09 14:30:00,687.2,687.2,687.19,687.19,-0.0,119.77,83093.89,-1
2025-07-09,2025-07-09 14:31:00,687.19,687.19,687.17,687.17,-0.0,119.77,83093.89,-1
2025-07-09,2025-07-09 14:32:00,687.17,687.17,687.16,687.16,-0.0,119.77,83093.89,-1
2025-07-09,2025-07-09 14:33:00,687.16,687.16,687.15,687.15,-0.0,119.77,83093.89,-1
2025-07-09,2025-07-09 14:34:00,687.15,687.15,687.13,687.13,-0.0,119.77,83093.89,-1
2025-07-09,2025-07-09 14:35:00,687.13,687.13,687.12,687.12,-0.0,119.77,83093.89,-1
2025-07-09,2025-07-09 14:36:00,687.12,687.12,687.11,687.11,-0.0,119.77,83093.89,-1
2025-07-09,2025-07-09 14:37:00,687.11,687.11,687.09,687.09,-0.0,119.77,83093.89,-1
2025-07-09,2025-07-09 14:38:00,687.09,687.09,687.08,687.08,-0.0,119.77,83093.89,-1
2025-07-09,2025-07-09 14:39:00,687.08,687.08,687.07,687.07,-0.0,119.77,83093.89,-1
2025-07-09,2025-07-09 14:40:00,687.07,687.07,687.05,687.05,-0.0,119.77,83093.89,-1
2025-07-09,2025-07-09 14:41:00,687.05,687.05,687.04,687.04,-0.0,119.77,83093.89,-1
2025-07-09,2025-07-09 14:42:00,687.04,687.04,687.03,687.03,-0.0,119.77,83093.89,-1
2025-07-09,2025-07-09 14:43:00,687.03,687.03,687.01,687.01,-0.0,119.77,83093.89,-1
2025-07-09,2025-07-09 14:44:00,687.01,687.01,687.0,687.0,-0.0,119.77,83093.89,-1
2025-07-09,2025-07-09 14:45:00,687.0,687.0,686.99,686.99,-0.0,119.77,83093.89,-1
2025-07-09,2025-07-09 14:46:00,686.99,686.99,686.97,686.97,-0.0,119.77,83093.89,-1
2025-07-09,2025-07-09 14:47:00,686.97,686.97,686.96,686.96,-0.0,119.77,83093.89,-1
2025-07-09,2025-07-09 14:48:00,686.96,686.96,686.95,686.95,-0.0,119.77,83093.89,-1
2025-07-09,2025-07-09 14:49:00,686.95,686.95,686.93,686.93,-0.0,119.77,83093.89,-1
2025-07-09,2025-07-09 14:50:00,686.93,686.93,686.92,686.92,-0.0,119.77,83093.89,-1
2025-07-09,2025-07-09 14:51:00,686.92,686.92,686.91,686.91,-0.0,119.77,83093.89,-1
2025-07-09,2025-07-09 14:52:00,686.91,686.91,686.89,686.89,-0.0,119.77,83093.89,-1
2025-07-09,2025-07-09 14:53:00,686.89,686.89,686.88,686.88,-0.0,119.77,83093.89,-1
2025-07-09,2025-07-09 14:54:00,686.88,686.88,686.87,686.87,-0.0,119.77,83093.89,-1
2025-07-09,2025-07-09 14:55:00,686.87,686.87,686.85,686.85,-0.0,119.77,83093.89,-1
2025-07-09,2025-07-09 14:56:00,686.85,686.85,686.84,686.84,-0.0,119.77,83093.89,-1
2025-07-09,2025-07-09 14:57:00,686.84,686.84,686.83,686.83,-0.0,119.77,83093.89,-1
2025-07-09,2025-07-09 14:58:00,686.83,686.83,686.81,686.81,-0.0,119.77,83093.89,-1
2025-07-09,2025-07-09 14:59:00,686.81,686.81,686.8,686.8,-0.0,119.77,83093.89,-1
2025-07-09,2025-07-09 15:00:00,686.8,715.0,685.1,686.8,0.0,119.77,83093.89,0
2025-07-10,2025-07-10 11:00:00,673.1,681.47,673.1,673.12,0.0,63.3,43212.8,1
2025-07-10,2025-07-10 11:01:00,673.12,673.14,673.12,673.14,0.0,63.3,43212.8,1
2025-07-10,2025-07-10 11:02:00,673.14,673.16,673.14,673.16,0.0,63.3,43212.8,1
2025-07-10,2025-07-10 11:03:00,673.16,673.18,673.16,673.18,0.0,63.3,43212.8,1
2025-07-10,2025-07-10 11:04:00,673.18,673.2,673.18,673.2,0.0,63.3,43212.8,1
2025-07-10,2025-07-10 11:05:00,673.2,673.23,673.2,673.23,0.0,63.3,43212.8,1
2025-07-10,2025-07-10 11:06:00,673.23,673.25,673.23,673.25,0.0,63.3,43212.8,1
2025-07-10,2025-07-10 11:07:00,673.25,673.27,673.25,673.27,0.0,63.3,43212.8,1
2025-07-10,2025-07-10 11:08:00,673.27,673.29,673.27,673.29,0.0,63.3,43212.8,1
2025-07-10,2025-07-10 11:09:00,673.29,673.31,673.29,673.31,0.0,63.3,43212.8,1
2025-07-10,2025-07-10 11:10:00,673.31,673.33,673.31,673.33,0.0,63.3,43212.8,1
2025-07-10,2025-07-10 11:11:00,673.33,673.35,673.33,673.35,0.0,63.3,43212.8,1
2025-07-10,2025-07-10 11:12:00,673.35,673.37,673.35,673.37,0.0,63.3,43212.8,1
2025-07-10,2025-07-10 11:13:00,673.37,673.39,673.37,673.39,0.0,63.3,43212.8,1
2025-07-10,2025-07-10 11:14:00,673.39,673.41,673.39,673.41,0.0,63.3,43212.8,1
2025-07-10,2025-07-10 11:15:00,673.41,673.43,673.41,673.43,0.0,63.3,43212.8,1
2025-07-10,2025-07-10 11:16:00,673.43,673.45,673.43,673.45,0.0,63.3,43212.8,1
2025-07-10,2025-07-10 11:17:00,673.45,673.48,673.45,673.48,0.0,63.3,43212.8,1
2025-07-10,2025-07-10 11:18:00,673.48,673.5,673.48,673.5,0.0,63.3,43212.8,1
2025-07-10,2025-07-10 11:19:00,673.5,673.52,673.5,673.52,0.0,63.3,43212.8,1
2025-07-10,2025-07-10 11:20:00,673.52,673.54,673.52,673.54,0.0,63.3,43212.8,1
2025-07-10,2025-07-10 11:21:00,673.54,673.56,673.54,673.56,0.0,63.3,43212.8,1
2025-07-10,2025-07-10 11:22:00,673.56,673.58,673.56,673.58,0.0,63.3,43212.8,1
2025-07-10,2025-07-10 11:23:00,673.58,673.6,673.58,673.6,0.0,63.3,43212.8,1
2025-07-10,2025-07-10 11:24:00,673.6,673.62,673.6,673.62,0.0,63.3,43212.8,1
2025-07-10,2025-07-10 11:25:00,673.62,673.64,673.62,673.64,0.0,63.3,43212.8,1
2025-07-10,2025-07-10 11:26:00,673.64,673.66,673.64,673.66,0.0,63.3,43212.8,1
2025-07-10,2025-07-10 11:27:00,673.66,673.68,673.66,673.68,0.0,63.3,43212.8,1
2025-07-10,2025-07-10 11:28:00,673.68,673.7,673.68,673.7,0.0,63.3,43212.8,1
2025-07-10,2025-07-10 11:29:00,673.7,673.73,673.7,673.73,0.0,63.3,43212.8,1
2025-07-10,2025-07-10 11:30:00,673.73,673.75,673.73,673.75,0.0,63.3,43212.8,1
2025-07-10,2025-07-10 11:31:00,673.75,673.77,673.75,673.77,0.0,63.3,43212.8,1
2025-07-10,2025-07-10 11:32:00,673.77,673.79,673.77,673.79,0.0,63.3,43212.8,1
2025-07-10,2025-07-10 11:33:00,673.79,673.81,673.79,673.81,0.0,63.3,43212.8,1
2025-07-10,2025-07-10 11:34:00,673.81,673.83,673.81,673.83,0.0,63.3,43212.8,1
2025-07-10,2025-07-10 11:35:00,673.83,673.85,673.83,673.85,0.0,63.3,43212.8,1
2025-07-10,2025-07-10 11:36:00,673.85,673.87,673.85,673.87,0.0,63.3,43212.8,1
2025-07-10,2025-07-10 11:37:00,673.87,673.89,673.87,673.89,0.0,63.3,43212.8,1
2025-07-10,2025-07-10 11:38:00,673.89,673.91,673.89,673.91,0.0,63.3,43212.8,1
2025-07-10,2025-07-10 11:39:00,673.91,673.93,673.91,673.93,0.0,63.3,43212.8,1
2025-07-10,2025-07-10 11:40:00,673.93,673.95,673.93,673.95,0.0,63.3,43212.8,1
2025-07-10,2025-07-10 11:41:00,673.95,673.98,673.95,673.98,0.0,63.3,43212.8,1
2025-07-10,2025-07-10 11:42:00,673.98,674.0,673.98,674.0,0.0,63.3,43212.8,1
2025-07-10,2025-07-10 11:43:00,674.0,674.02,674.0,674.02,0.0,63.3,43212.8,1
2025-07-10,2025-07-10 11:44:00,674.02,674.04,674.02,674.04,0.0,63.3,43212.8,1
2025-07-10,2025-07-10 11:45:00,674.04,674.06,674.04,674.06,0.0,63.3,43212.8,1
2025-07-10,2025-07-10 11:46:00,674.06,674.08,674.06,674.08,0.0,63.3,43212.8,1
2025-07-10,2025-07-10 11:47:00,674.08,674.1,674.08,674.1,0.0,63.3,43212.8,1
2025-07-10,2025-07-10 11:48:00,674.1,674.12,674.1,674.12,0.0,63.3,43212.8,1
2025-07-10,2025-07-10 11:49:00,674.12,674.14,674.12,674.14,0.0,63.3,43212.8,1
2025-07-10,2025-07-10 11:50:00,674.14,674.16,674.14,674.16,0.0,63.3,43212.8,1
2025-07-10,2025-07-10 11:51:00,674.16,674.18,674.16,674.18,0.0,63.3,43212.8,1
2025-07-10,2025-07-10 11:52:00,674.18,674.2,674.18,674.2,0.0,63.3,43212.8,1
2025-07-10,2025-07-10 11:53:00,674.2,674.23,674.2,674.23,0.0,63.3,43212.8,1
2025-07-10,2025-07-10 11:54:00,674.23,674.25,674.23,674.25,0.0,63.3,43212.8,1
2025-07-10,2025-07-10 11:55:00,674.25,674.27,674.25,674.27,0.0,63.3,43212.8,1
2025-07-10,2025-07-10 11:56:00,674.27,674.29,674.27,674.29,0.0,63.3,43212.8,1
2025-07-10,2025-07-10 11:57:00,674.29,674.31,674.29,674.31,0.0,63.3,43212.8,1
2025-07-10,2025-07-10 11:58:00,674.31,674.33,674.31,674.33,0.0,63.3,43212.8,1
2025-07-10,2025-07-10 11:59:00,674.33,674.35,674.33,674.35,0.0,63.3,43212.8,1
2025-07-10,2025-07-10 12:00:00,674.35,674.37,674.35,674.37,0.0,63.3,43212.8,1
2025-07-10,2025-07-10 12:01:00,674.37,674.39,674.37,674.39,0.0,63.3,43212.8,1
2025-07-10,2025-07-10 12:02:00,674.39,674.41,674.39,674.41,0.0,63.3,43212.8,1
2025-07-10,2025-07-10 12:03:00,674.41,674.43,674.41,674.43,0.0,63.3,43212.8,1
2025-07-10,2025-07-10 12:04:00,674.43,674.45,674.43,674.45,0.0,63.3,43212.8,1
2025-07-10,2025-07-10 12:05:00,674.45,674.48,674.45,674.48,0.0,63.3,43212.8,1
2025-07-10,2025-07-10 12:06:00,674.48,674.5,674.48,674.5,0.0,63.3,43212.8,1
2025-07-10,2025-07-10 12:07:00,674.5,674.52,674.5,674.52,0.0,63.3,43212.8,1
2025-07-10,2025-07-10 12:08:00,674.52,674.54,674.52,674.54,0.0,63.3,43212.8,1
2025-07-10,2025-07-10 12:09:00,674.54,674.56,674.54,674.56,0.0,63.3,43212.8,1
2025-07-10,2025-07-10 12:10:00,674.56,674.58,674.56,674.58,0.0,63.3,43212.8,1
2025-07-10,2025-07-10 12:11:00,674.58,674.6,674.58,674.6,0.0,63.3,43212.8,1
2025-07-10,2025-07-10 12:12:00,674.6,674.62,674.6,674.62,0.0,63.3,43212.8,1
2025-07-10,2025-07-10 12:13:00,674.62,674.64,674.62,674.64,0.0,63.3,43212.8,1
2025-07-10,2025-07-10 12:14:00,674.64,674.66,674.64,674.66,0.0,63.3,43212.8,1
2025-07-10,2025-07-10 12:15:00,674.66,674.68,674.66,674.68,0.0,63.3,43212.8,1
2025-07-10,2025-07-10 12:16:00,674.68,674.7,674.68,674.7,0.0,63.3,43212.8,1
2025-07-10,2025-07-10 12:17:00,674.7,674.73,674.7,674.73,0.0,63.3,43212.8,1
2025-07-10,2025-07-10 12:18:00,674.73,674.75,674.73,674.75,0.0,63.3,43212.8,1
2025-07-10,2025-07-10 12:19:00,674.75,674.77,674.75,674.77,0.0,63.3,43212.8,1
2025-07-10,2025-07-10 12:20:00,674.77,674.79,674.77,674.79,0.0,63.3,43212.8,1
2025-07-10,2025-07-10 12:21:00,674.79,674.81,674.79,674.81,0.0,63.3,43212.8,1
2025-07-10,2025-07-10 12:22:00,674.81,674.83,674.81,674.83,0.0,63.3,43212.8,1
2025-07-10,2025-07-10 12:23:00,674.83,674.85,674.83,674.85,0.0,63.3,43212.8,1
2025-07-10,2025-07-10 12:24:00,674.85,674.87,674.85,674.87,0.0,63.3,43212.8,1
2025-07-10,2025-07-10 12:25:00,674.87,674.89,674.87,674.89,0.0,63.3,43212.8,1
2025-07-10,2025-07-10 12:26:00,674.89,674.91,674.89,674.91,0.0,63.3,43212.8,1
2025-07-10,2025-07-10 12:27:00,674.91,674.93,674.91,674.93,0.0,63.3,43212.8,1
2025-07-10,2025-07-10 12:28:00,674.93,674.95,674.93,674.95,0.0,63.3,43212.8,1
2025-07-10,2025-07-10 12:29:00,674.95,674.98,674.95,674.98,0.0,63.3,43212.8,1
2025-07-10,2025-07-10 12:30:00,674.98,675.0,674.98,675.0,0.0,63.3,43212.8,1
2025-07-10,2025-07-10 12:31:00,675.0,675.02,675.0,675.02,0.0,63.3,43212.8,1
2025-07-10,2025-07-10 12:32:00,675.02,675.04,675.02,675.04,0.0,63.3,43212.8,1
2025-07-10,2025-07-10 12:33:00,675.04,675.06,675.04,675.06,0.0,63.3,43212.8,1
2025-07-10,2025-07-10 12:34:00,675.06,675.08,675.06,675.08,0.0,63.3,43212.8,1
2025-07-10,2025-07-10 12:35:00,675.08,675.1,675.08,675.1,0.0,63.3,43212.8,1
2025-07-10,2025-07-10 12:36:00,675.1,675.12,675.1,675.12,0.0,63.3,43212.8,1
2025-07-10,2025-07-10 12:37:00,675.12,675.14,675.12,675.14,0.0,63.3,43212.8,1
2025-07-10,2025-07-10 12:38:00,675.14,675.16,675.14,675.16,0.0,63.3,43212.8,1
2025-07-10,2025-07-10 12:39:00,675.16,675.18,675.16,675.18,0.0,63.3,43212.8,1
2025-07-10,2025-07-10 12:40:00,675.18,675.2,675.18,675.2,0.0,63.3,43212.8,1
2025-07-10,2025-07-10 12:41:00,675.2,675.23,675.2,675.23,0.0,63.3,43212.8,1
2025-07-10,2025-07-10 12:42:00,675.23,675.25,675.23,675.25,0.0,63.3,43212.8,1
2025-07-10,2025-07-10 12:43:00,675.25,675.27,675.25,675.27,0.0,63.3,43212.8,1
2025-07-10,2025-07-10 12:44:00,675.27,675.29,675.27,675.29,0.0,63.3,43212.8,1
2025-07-10,2025-07-10 12:45:00,675.29,675.31,675.29,675.31,0.0,63.3,43212.8,1
2025-07-10,2025-07-10 12:46:00,675.31,675.33,675.31,675.33,0.0,63.3,43212.8,1
2025-07-10,2025-07-10 12:47:00,675.33,675.35,675.33,675.35,0.0,63.3,43212.8,1
2025-07-10,2025-07-10 12:48:00,675.35,675.37,675.35,675.37,0.0,63.3,43212.8,1
2025-07-10,2025-07-10 12:49:00,675.37,675.39,675.37,675.39,0.0,63.3,43212.8,1
2025-07-10,2025-07-10 12:50:00,675.39,675.41,675.39,675.41,0.0,63.3,43212.8,1
2025-07-10,2025-07-10 12:51:00,675.41,675.43,675.41,675.43,0.0,63.3,43212.8,1
2025-07-10,2025-07-10 12:52:00,675.43,675.45,675.43,675.45,0.0,63.3,43212.8,1
2025-07-10,2025-07-10 12:53:00,675.45,675.48,675.45,675.48,0.0,63.3,43212.8,1
2025-07-10,2025-07-10 12:54:00,675.48,675.5,675.48,675.5,0.0,63.3,43212.8,1
2025-07-10,2025-07-10 12:55:00,675.5,675.52,675.5,675.52,0.0,63.3,43212.8,1
2025-07-10,2025-07-10 12:56:00,675.52,675.54,675.52,675.54,0.0,63.3,43212.8,1
2025-07-10,2025-07-10 12:57:00,675.54,675.56,675.54,675.56,0.0,63.3,43212.8,1
2025-07-10,2025-07-10 12:58:00,675.56,675.58,675.56,675.58,0.0,63.3,43212.8,1
2025-07-10,2025-07-10 12:59:00,675.58,675.6,675.58,675.6,0.0,63.3,43212.8,1
2025-07-10,2025-07-10 13:00:00,675.6,701.0,673.1,675.62,0.0,63.3,43212.8,1
2025-07-10,2025-07-10 13:01:00,675.62,675.64,675.62,675.64,0.0,63.3,43212.8,1
2025-07-10,2025-07-10 13:02:00,675.64,675.66,675.64,675.66,0.0,63.3,43212.8,1
2025-07-10,2025-07-10 13:03:00,675.66,675.68,675.66,675.68,0.0,63.3,43212.8,1
2025-07-10,2025-07-10 13:04:00,675.68,675.7,675.68,675.7,0.0,63.3,43212.8,1
2025-07-10,2025-07-10 13:05:00,675.7,675.73,675.7,675.73,0.0,63.3,43212.8,1
2025-07-10,2025-07-10 13:06:00,675.73,675.75,675.73,675.75,0.0,63.3,43212.8,1
2025-07-10,2025-07-10 13:07:00,675.75,675.77,675.75,675.77,0.0,63.3,43212.8,1
2025-07-10,2025-07-10 13:08:00,675.77,675.79,675.77,675.79,0.0,63.3,43212.8,1
2025-07-10,2025-07-10 13:09:00,675.79,675.81,675.79,675.81,0.0,63.3,43212.8,1
2025-07-10,2025-07-10 13:10:00,675.81,675.83,675.81,675.83,0.0,63.3,43212.8,1
2025-07-10,2025-07-10 13:11:00,675.83,675.85,675.83,675.85,0.0,63.3,43212.8,1
2025-07-10,2025-07-10 13:12:00,675.85,675.87,675.85,675.87,0.0,63.3,43212.8,1
2025-07-10,2025-07-10 13:13:00,675.87,675.89,675.87,675.89,0.0,63.3,43212.8,1
2025-07-10,2025-07-10 13:14:00,675.89,675.91,675.89,675.91,0.0,63.3,43212.8,1
2025-07-10,2025-07-10 13:15:00,675.91,675.93,675.91,675.93,0.0,63.3,43212.8,1
2025-07-10,2025-07-10 13:16:00,675.93,675.95,675.93,675.95,0.0,63.3,43212.8,1
2025-07-10,2025-07-10 13:17:00,675.95,675.98,675.95,675.98,0.0,63.3,43212.8,1
2025-07-10,2025-07-10 13:18:00,675.98,676.0,675.98,676.0,0.0,63.3,43212.8,1
2025-07-10,2025-07-10 13:19:00,676.0,676.02,676.0,676.02,0.0,63.3,43212.8,1
2025-07-10,2025-07-10 13:20:00,676.02,676.04,676.02,676.04,0.0,63.3,43212.8,1
2025-07-10,2025-07-10 13:21:00,676.04,676.06,676.04,676.06,0.0,63.3,43212.8,1
2025-07-10,2025-07-10 13:22:00,676.06,676.08,676.06,676.08,0.0,63.3,43212.8,1
2025-07-10,2025-07-10 13:23:00,676.08,676.1,676.08,676.1,0.0,63.3,43212.8,1
2025-07-10,2025-07-10 13:24:00,676.1,676.12,676.1,676.12,0.0,63.3,43212.8,1
2025-07-10,2025-07-10 13:25:00,676.12,676.14,676.12,676.14,0.0,63.3,43212.8,1
2025-07-10,2025-07-10 13:26:00,676.14,676.16,676.14,676.16,0.0,63.3,43212.8,1
2025-07-10,2025-07-10 13:27:00,676.16,676.18,676.16,676.18,0.0,63.3,43212.8,1
2025-07-10,2025-07-10 13:28:00,676.18,676.2,676.18,676.2,0.0,63.3,43212.8,1
2025-07-10,2025-07-10 13:29:00,676.2,676.23,676.2,676.23,0.0,63.3,43212.8,1
2025-07-10,2025-07-10 13:30:00,676.23,676.25,676.23,676.25,0.0,63.3,43212.8,1
2025-07-10,2025-07-10 13:31:00,676.25,676.27,676.25,676.27,0.0,63.3,43212.8,1
2025-07-10,2025-07-10 13:32:00,676.27,676.29,676.27,676.29,0.0,63.3,43212.8,1
2025-07-10,2025-07-10 13:33:00,676.29,676.31,676.29,676.31,0.0,63.3,43212.8,1
2025-07-10,2025-07-10 13:34:00,676.31,676.33,676.31,676.33,0.0,63.3,43212.8,1
2025-07-10,2025-07-10 13:35:00,676.33,676.35,676.33,676.35,0.0,63.3,43212.8,1
2025-07-10,2025-07-10 13:36:00,676.35,676.37,676.35,676.37,0.0,63.3,43212.8,1
2025-07-10,2025-07-10 13:37:00,676.37,676.39,676.37,676.39,0.0,63.3,43212.8,1
2025-07-10,2025-07-10 13:38:00,676.39,676.41,676.39,676.41,0.0,63.3,43212.8,1
2025-07-10,2025-07-10 13:39:00,676.41,676.43,676.41,676.43,0.0,63.3,43212.8,1
2025-07-10,2025-07-10 13:40:00,676.43,676.45,676.43,676.45,0.0,63.3,43212.8,1
2025-07-10,2025-07-10 13:41:00,676.45,676.48,676.45,676.48,0.0,63.3,43212.8,1
2025-07-10,2025-07-10 13:42:00,676.48,676.5,676.48,676.5,0.0,63.3,43212.8,1
2025-07-10,2025-07-10 13:43:00,676.5,676.52,676.5,676.52,0.0,63.3,43212.8,1
2025-07-10,2025-07-10 13:44:00,676.52,676.54,676.52,676.54,0.0,63.3,43212.8,1
2025-07-10,2025-07-10 13:45:00,676.54,676.56,676.54,676.56,0.0,63.3,43212.8,1
2025-07-10,2025-07-10 13:46:00,676.56,676.58,676.56,676.58,0.0,63.3,43212.8,1
2025-07-10,2025-07-10 13:47:00,676.58,676.6,676.58,676.6,0.0,63.3,43212.8,1
2025-07-10,2025-07-10 13:48:00,676.6,676.62,676.6,676.62,0.0,63.3,43212.8,1
2025-07-10,2025-07-10 13:49:00,676.62,676.64,676.62,676.64,0.0,63.3,43212.8,1
2025-07-10,2025-07-10 13:50:00,676.64,676.66,676.64,676.66,0.0,63.3,43212.8,1
2025-07-10,2025-07-10 13:51:00,676.66,676.68,676.66,676.68,0.0,63.3,43212.8,1
2025-07-10,2025-07-10 13:52:00,676.68,676.7,676.68,676.7,0.0,63.3,43212.8,1
2025-07-10,2025-07-10 13:53:00,676.7,676.73,676.7,676.73,0.0,63.3,43212.8,1
2025-07-10,2025-07-10 13:54:00,676.73,676.75,676.73,676.75,0.0,63.3,43212.8,1
2025-07-10,2025-07-10 13:55:00,676.75,676.77,676.75,676.77,0.0,63.3,43212.8,1
2025-07-10,2025-07-10 13:56:00,676.77,676.79,676.77,676.79,0.0,63.3,43212.8,1
2025-07-10,2025-07-10 13:57:00,676.79,676.81,676.79,676.81,0.0,63.3,43212.8,1
2025-07-10,2025-07-10 13:58:00,676.81,676.83,676.81,676.83,0.0,63.3,43212.8,1
2025-07-10,2025-07-10 13:59:00,676.83,676.85,676.83,676.85,0.0,63.3,43212.8,1
2025-07-10,2025-07-10 14:00:00,676.85,676.87,676.85,676.87,0.0,63.3,43212.8,1
2025-07-10,2025-07-10 14:01:00,676.87,676.89,676.87,676.89,0.0,63.3,43212.8,1
2025-07-10,2025-07-10 14:02:00,676.89,676.91,676.89,676.91,0.0,63.3,43212.8,1
2025-07-10,2025-07-10 14:03:00,676.91,676.93,676.91,676.93,0.0,63.3,43212.8,1
2025-07-10,2025-07-10 14:04:00,676.93,676.95,676.93,676.95,0.0,63.3,43212.8,1
2025-07-10,2025-07-10 14:05:00,676.95,676.98,676.95,676.98,0.0,63.3,43212.8,1
2025-07-10,2025-07-10 14:06:00,676.98,677.0,676.98,677.0,0.0,63.3,43212.8,1
2025-07-10,2025-07-10 14:07:00,677.0,677.02,677.0,677.02,0.0,63.3,43212.8,1
2025-07-10,2025-07-10 14:08:00,677.02,677.04,677.02,677.04,0.0,63.3,43212.8,1
2025-07-10,2025-07-10 14:09:00,677.04,677.06,677.04,677.06,0.0,63.3,43212.8,1
2025-07-10,2025-07-10 14:10:00,677.06,677.08,677.06,677.08,0.0,63.3,43212.8,1
2025-07-10,2025-07-10 14:11:00,677.08,677.1,677.08,677.1,0.0,63.3,43212.8,1
2025-07-10,2025-07-10 14:12:00,677.1,677.12,677.1,677.12,0.0,63.3,43212.8,1
2025-07-10,2025-07-10 14:13:00,677.12,677.14,677.12,677.14,0.0,63.3,43212.8,1
2025-07-10,2025-07-10 14:14:00,677.14,677.16,677.14,677.16,0.0,63.3,43212.8,1
2025-07-10,2025-07-10 14:15:00,677.16,677.18,677.16,677.18,0.0,63.3,43212.8,1
2025-07-10,2025-07-10 14:16:00,677.18,677.2,677.18,677.2,0.0,63.3,43212.8,1
2025-07-10,2025-07-10 14:17:00,677.2,677.23,677.2,677.23,0.0,63.3,43212.8,1
2025-07-10,2025-07-10 14:18:00,677.23,677.25,677.23,677.25,0.0,63.3,43212.8,1
2025-07-10,2025-07-10 14:19:00,677.25,677.27,677.25,677.27,0.0,63.3,43212.8,1
2025-07-10,2025-07-10 14:20:00,677.27,677.29,677.27,677.29,0.0,63.3,43212.8,1
2025-07-10,2025-07-10 14:21:00,677.29,677.31,677.29,677.31,0.0,63.3,43212.8,1
2025-07-10,2025-07-10 14:22:00,677.31,677.33,677.31,677.33,0.0,63.3,43212.8,1
2025-07-10,2025-07-10 14:23:00,677.33,677.35,677.33,677.35,0.0,63.3,43212.8,1
2025-07-10,2025-07-10 14:24:00,677.35,677.37,677.35,677.37,0.0,63.3,43212.8,1
2025-07-10,2025-07-10 14:25:00,677.37,677.39,677.37,677.39,0.0,63.3,43212.8,1
2025-07-10,2025-07-10 14:26:00,677.39,677.41,677.39,677.41,0.0,63.3,43212.8,1
2025-07-10,2025-07-10 14:27:00,677.41,677.43,677.41,677.43,0.0,63.3,43212.8,1
2025-07-10,2025-07-10 14:28:00,677.43,677.45,677.43,677.45,0.0,63.3,43212.8,1
2025-07-10,2025-07-10 14:29:00,677.45,677.48,677.45,677.48,0.0,63.3,43212.8,1
2025-07-10,2025-07-10 14:30:00,677.48,677.5,677.48,677.5,0.0,63.3,43212.8,1
2025-07-10,2025-07-10 14:31:00,677.5,677.52,677.5,677.52,0.0,63.3,43212.8,1
2025-07-10,2025-07-10 14:32:00,677.52,677.54,677.52,677.54,0.0,63.3,43212.8,1
2025-07-10,2025-07-10 14:33:00,677.54,677.56,677.54,677.56,0.0,63.3,43212.8,1
2025-07-10,2025-07-10 14:34:00,677.56,677.58,677.56,677.58,0.0,63.3,43212.8,1
2025-07-10,2025-07-10 14:35:00,677.58,677.6,677.58,677.6,0.0,63.3,43212.8,1
2025-07-10,2025-07-10 14:36:00,677.6,677.62,677.6,677.62,0.0,63.3,43212.8,1
2025-07-10,2025-07-10 14:37:00,677.62,677.64,677.62,677.64,0.0,63.3,43212.8,1
2025-07-10,2025-07-10 14:38:00,677.64,677.66,677.64,677.66,0.0,63.3,43212.8,1
2025-07-10,2025-07-10 14:39:00,677.66,677.68,677.66,677.68,0.0,63.3,43212.8,1
2025-07-10,2025-07-10 14:40:00,677.68,677.7,677.68,677.7,0.0,63.3,43212.8,1
2025-07-10,2025-07-10 14:41:00,677.7,677.73,677.7,677.73,0.0,63.3,43212.8,1
2025-07-10,2025-07-10 14:42:00,677.73,677.75,677.73,677.75,0.0,63.3,43212.8,1
2025-07-10,2025-07-10 14:43:00,677.75,677.77,677.75,677.77,0.0,63.3,43212.8,1
2025-07-10,2025-07-10 14:44:00,677.77,677.79,677.77,677.79,0.0,63.3,43212.8,1
2025-07-10,2025-07-10 14:45:00,677.79,677.81,677.79,677.81,0.0,63.3,43212.8,1
2025-07-10,2025-07-10 14:46:00,677.81,677.83,677.81,677.83,0.0,63.3,43212.8,1
2025-07-10,2025-07-10 14:47:00,677.83,677.85,677.83,677.85,0.0,63.3,43212.8,1
2025-07-10,2025-07-10 14:48:00,677.85,677.87,677.85,677.87,0.0,63.3,43212.8,1
2025-07-10,2025-07-10 14:49:00,677.87,677.89,677.87,677.89,0.0,63.3,43212.8,1
2025-07-10,2025-07-10 14:50:00,677.89,677.91,677.89,677.91,0.0,63.3,43212.8,1
2025-07-10,2025-07-10 14:51:00,677.91,677.93,677.91,677.93,0.0,63.3,43212.8,1
2025-07-10,2025-07-10 14:52:00,677.93,677.95,677.93,677.95,0.0,63.3,43212.8,1
2025-07-10,2025-07-10 14:53:00,677.95,677.98,677.95,677.98,0.0,63.3,43212.8,1
2025-07-10,2025-07-10 14:54:00,677.98,678.0,677.98,678.0,0.0,63.3,43212.8,1
2025-07-10,2025-07-10 14:55:00,678.0,678.02,678.0,678.02,0.0,63.3,43212.8,1
2025-07-10,2025-07-10 14:56:00,678.02,678.04,678.02,678.04,0.0,63.3,43212.8,1
2025-07-10,2025-07-10 14:57:00,678.04,678.06,678.04,678.06,0.0,63.3,43212.8,1
2025-07-10,2025-07-10 14:58:00,678.06,678.08,678.06,678.08,0.0,63.3,43212.8,1
2025-07-10,2025-07-10 14:59:00,678.08,678.1,678.08,678.1,0.0,63.3,43212.8,1
2025-07-10,2025-07-10 15:00:00,678.1,701.0,673.1,678.1,0.0,63.3,43212.8,0
2025-07-13,2025-07-13 11:00:00,691.0,691.6,683.2,690.92,-0.01,62.57,42403.19,-1
2025-07-13,2025-07-13 11:01:00,690.92,690.92,690.83,690.83,-0.01,62.57,42403.19,-1
2025-07-13,2025-07-13 11:02:00,690.83,690.83,690.75,690.75,-0.01,62.57,42403.19,-1
2025-07-13,2025-07-13 11:03:00,690.75,690.75,690.66,690.66,-0.01,62.57,42403.19,-1
2025-07-13,2025-07-13 11:04:00,690.66,690.66,690.58,690.58,-0.01,62.57,42403.19,-1
2025-07-13,2025-07-13 11:05:00,690.58,690.58,690.49,690.49,-0.01,62.57,42403.19,-1
2025-07-13,2025-07-13 11:06:00,690.49,690.49,690.41,690.41,-0.01,62.57,42403.19,-1
2025-07-13,2025-07-13 11:07:00,690.41,690.41,690.32,690.32,-0.01,62.57,42403.19,-1
2025-07-13,2025-07-13 11:08:00,690.32,690.32,690.24,690.24,-0.01,62.57,42403.19,-1
2025-07-13,2025-07-13 11:09:00,690.24,690.24,690.16,690.16,-0.01,62.57,42403.19,-1
2025-07-13,2025-07-13 11:10:00,690.16,690.16,690.07,690.07,-0.01,62.57,42403.19,-1
2025-07-13,2025-07-13 11:11:00,690.07,690.07,689.99,689.99,-0.01,62.57,42403.19,-1
2025-07-13,2025-07-13 11:12:00,689.99,689.99,689.9,689.9,-0.01,62.57,42403.19,-1
2025-07-13,2025-07-13 11:13:00,689.9,689.9,689.82,689.82,-0.01,62.57,42403.19,-1
2025-07-13,2025-07-13 11:14:00,689.82,689.82,689.73,689.73,-0.01,62.57,42403.19,-1
2025-07-13,2025-07-13 11:15:00,689.73,689.73,689.65,689.65,-0.01,62.57,42403.19,-1
2025-07-13,2025-07-13 11:16:00,689.65,689.65,689.56,689.56,-0.01,62.57,42403.19,-1
2025-07-13,2025-07-13 11:17:00,689.56,689.56,689.48,689.48,-0.01,62.57,42403.19,-1
2025-07-13,2025-07-13 11:18:00,689.48,689.48,689.4,689.4,-0.01,62.57,42403.19,-1
2025-07-13,2025-07-13 11:19:00,689.4,689.4,689.31,689.31,-0.01,62.57,42403.19,-1
2025-07-13,2025-07-13 11:20:00,689.31,689.31,689.23,689.23,-0.01,62.57,42403.19,-1
2025-07-13,2025-07-13 11:21:00,689.23,689.23,689.14,689.14,-0.01,62.57,42403.19,-1
2025-07-13,2025-07-13 11:22:00,689.14,689.14,689.06,689.06,-0.01,62.57,42403.19,-1
2025-07-13,2025-07-13 11:23:00,689.06,689.06,688.97,688.97,-0.01,62.57,42403.19,-1
2025-07-13,2025-07-13 11:24:00,688.97,688.97,688.89,688.89,-0.01,62.57,42403.19,-1
2025-07-13,2025-07-13 11:25:00,688.89,688.89,688.81,688.81,-0.01,62.57,42403.19,-1
2025-07-13,2025-07-13 11:26:00,688.81,688.81,688.72,688.72,-0.01,62.57,42403.19,-1
2025-07-13,2025-07-13 11:27:00,688.72,688.72,688.64,688.64,-0.01,62.57,42403.19,-1
2025-07-13,2025-07-13 11:28:00,688.64,688.64,688.55,688.55,-0.01,62.57,42403.19,-1
2025-07-13,2025-07-13 11:29:00,688.55,688.55,688.47,688.47,-0.01,62.57,42403.19,-1
2025-07-13,2025-07-13 11:30:00,688.47,688.47,688.38,688.38,-0.01,62.57,42403.19,-1
2025-07-13,2025-07-13 11:31:00,688.38,688.38,688.3,688.3,-0.01,62.57,42403.19,-1
2025-07-13,2025-07-13 11:32:00,688.3,688.3,688.21,688.21,-0.01,62.57,42403.19,-1
2025-07-13,2025-07-13 11:33:00,688.21,688.21,688.13,688.13,-0.01,62.57,42403.19,-1
2025-07-13,2025-07-13 11:34:00,688.13,688.13,688.05,688.05,-0.01,62.57,42403.19,-1
2025-07-13,2025-07-13 11:35:00,688.05,688.05,687.96,687.96,-0.01,62.57,42403.19,-1
2025-07-13,2025-07-13 11:36:00,687.96,687.96,687.88,687.88,-0.01,62.57,42403.19,-1
2025-07-13,2025-07-13 11:37:00,687.88,687.88,687.79,687.79,-0.01,62.57,42403.19,-1
2025-07-13,2025-07-13 11:38:00,687.79,687.79,687.71,687.71,-0.01,62.57,42403.19,-1
2025-07-13,2025-07-13 11:39:00,687.71,687.71,687.62,687.62,-0.01,62.57,42403.19,-1
2025-07-13,2025-07-13 11:40:00,687.62,687.62,687.54,687.54,-0.01,62.57,42403.19,-1
2025-07-13,2025-07-13 11:41:00,687.54,687.54,687.45,687.45,-0.01,62.57,42403.19,-1
2025-07-13,2025-07-13 11:42:00,687.45,687.45,687.37,687.37,-0.01,62.57,42403.19,-1
2025-07-13,2025-07-13 11:43:00,687.37,687.37,687.29,687.29,-0.01,62.57,42403.19,-1
2025-07-13,2025-07-13 11:44:00,687.29,687.29,687.2,687.2,-0.01,62.57,42403.19,-1
2025-07-13,2025-07-13 11:45:00,687.2,687.2,687.12,687.12,-0.01,62.57,42403.19,-1
2025-07-13,2025-07-13 11:46:00,687.12,687.12,687.03,687.03,-0.01,62.57,42403.19,-1
2025-07-13,2025-07-13 11:47:00,687.03,687.03,686.95,686.95,-0.01,62.57,42403.19,-1
2025-07-13,2025-07-13 11:48:00,686.95,686.95,686.86,686.86,-0.01,62.57,42403.19,-1
2025-07-13,2025-07-13 11:49:00,686.86,686.86,686.78,686.78,-0.01,62.57,42403.19,-1
2025-07-13,2025-07-13 11:50:00,686.78,686.78,686.69,686.69,-0.01,62.57,42403.19,-1
2025-07-13,2025-07-13 11:51:00,686.69,686.69,686.61,686.61,-0.01,62.57,42403.19,-1
2025-07-13,2025-07-13 11:52:00,686.61,686.61,686.53,686.53,-0.01,62.57,42403.19,-1
2025-07-13,2025-07-13 11:53:00,686.53,686.53,686.44,686.44,-0.01,62.57,42403.19,-1
2025-07-13,2025-07-13 11:54:00,686.44,686.44,686.36,686.36,-0.01,62.57,42403.19,-1
2025-07-13,2025-07-13 11:55:00,686.36,686.36,686.27,686.27,-0.01,62.57,42403.19,-1
2025-07-13,2025-07-13 11:56:00,686.27,686.27,686.19,686.19,-0.01,62.57,42403.19,-1
2025-07-13,2025-07-13 11:57:00,686.19,686.19,686.1,686.1,-0.01,62.57,42403.19,-1
2025-07-13,2025-07-13 11:58:00,686.1,686.1,686.02,686.02,-0.01,62.57,42403.19,-1
2025-07-13,2025-07-13 11:59:00,686.02,686.02,685.93,685.93,-0.01,62.57,42403.19,-1
2025-07-13,2025-07-13 12:00:00,685.93,685.93,685.85,685.85,-0.01,62.57,42403.19,-1
2025-07-13,2025-07-13 12:01:00,685.85,685.85,685.77,685.77,-0.01,62.57,42403.19,-1
2025-07-13,2025-07-13 12:02:00,685.77,685.77,685.68,685.68,-0.01,62.57,42403.19,-1
2025-07-13,2025-07-13 12:03:00,685.68,685.68,685.6,685.6,-0.01,62.57,42403.19,-1
2025-07-13,2025-07-13 12:04:00,685.6,685.6,685.51,685.51,-0.01,62.57,42403.19,-1
2025-07-13,2025-07-13 12:05:00,685.51,685.51,685.43,685.43,-0.01,62.57,42403.19,-1
2025-07-13,2025-07-13 12:06:00,685.43,685.43,685.34,685.34,-0.01,62.57,42403.19,-1
2025-07-13,2025-07-13 12:07:00,685.34,685.34,685.26,685.26,-0.01,62.57,42403.19,-1
2025-07-13,2025-07-13 12:08:00,685.26,685.26,685.18,685.18,-0.01,62.57,42403.19,-1
2025-07-13,2025-07-13 12:09:00,685.18,685.18,685.09,685.09,-0.01,62.57,42403.19,-1
2025-07-13,2025-07-13 12:10:00,685.09,685.09,685.01,685.01,-0.01,62.57,42403.19,-1
2025-07-13,2025-07-13 12:11:00,685.01,685.01,684.92,684.92,-0.01,62.57,42403.19,-1
2025-07-13,2025-07-13 12:12:00,684.92,684.92,684.84,684.84,-0.01,62.57,42403.19,-1
2025-07-13,2025-07-13 12:13:00,684.84,684.84,684.75,684.75,-0.01,62.57,42403.19,-1
2025-07-13,2025-07-13 12:14:00,684.75,684.75,684.67,684.67,-0.01,62.57,42403.19,-1
2025-07-13,2025-07-13 12:15:00,684.67,684.67,684.58,684.58,-0.01,62.57,42403.19,-1
2025-07-13,2025-07-13 12:16:00,684.58,684.58,684.5,684.5,-0.01,62.57,42403.19,-1
2025-07-13,2025-07-13 12:17:00,684.5,684.5,684.42,684.42,-0.01,62.57,42403.19,-1
2025-07-13,2025-07-13 12:18:00,684.42,684.42,684.33,684.33,-0.01,62.57,42403.19,-1
2025-07-13,2025-07-13 12:19:00,684.33,684.33,684.25,684.25,-0.01,62.57,42403.19,-1
2025-07-13,2025-07-13 12:20:00,684.25,684.25,684.16,684.16,-0.01,62.57,42403.19,-1
2025-07-13,2025-07-13 12:21:00,684.16,684.16,684.08,684.08,-0.01,62.57,42403.19,-1
2025-07-13,2025-07-13 12:22:00,684.08,684.08,683.99,683.99,-0.01,62.57,42403.19,-1
2025-07-13,2025-07-13 12:23:00,683.99,683.99,683.91,683.91,-0.01,62.57,42403.19,-1
2025-07-13,2025-07-13 12:24:00,683.91,683.91,683.82,683.82,-0.01,62.57,42403.19,-1
2025-07-13,2025-07-13 12:25:00,683.82,683.82,683.74,683.74,-0.01,62.57,42403.19,-1
2025-07-13,2025-07-13 12:26:00,683.74,683.74,683.66,683.66,-0.01,62.57,42403.19,-1
2025-07-13,2025-07-13 12:27:00,683.66,683.66,683.57,683.57,-0.01,62.57,42403.19,-1
2025-07-13,2025-07-13 12:28:00,683.57,683.57,683.49,683.49,-0.01,62.57,42403.19,-1
2025-07-13,2025-07-13 12:29:00,683.49,683.49,683.4,683.4,-0.01,62.57,42403.19,-1
2025-07-13,2025-07-13 12:30:00,683.4,683.4,683.32,683.32,-0.01,62.57,42403.19,-1
2025-07-13,2025-07-13 12:31:00,683.32,683.32,683.23,683.23,-0.01,62.57,42403.19,-1
2025-07-13,2025-07-13 12:32:00,683.23,683.23,683.15,683.15,-0.01,62.57,42403.19,-1
2025-07-13,2025-07-13 12:33:00,683.15,683.15,683.06,683.06,-0.01,62.57,42403.19,-1
2025-07-13,2025-07-13 12:34:00,683.06,683.06,682.98,682.98,-0.01,62.57,42403.19,-1
2025-07-13,2025-07-13 12:35:00,682.98,682.98,682.9,682.9,-0.01,62.57,42403.19,-1
2025-07-13,2025-07-13 12:36:00,682.9,682.9,682.81,682.81,-0.01,62.57,42403.19,-1
2025-07-13,2025-07-13 12:37:00,682.81,682.81,682.73,682.73,-0.01,62.57,42403.19,-1
2025-07-13,2025-07-13 12:38:00,682.73,682.73,682.64,682.64,-0.01,62.57,42403.19,-1
2025-07-13,2025-07-13 12:39:00,682.64,682.64,682.56,682.56,-0.01,62.57,42403.19,-1
2025-07-13,2025-07-13 12:40:00,682.56,682.56,682.47,682.47,-0.01,62.57,42403.19,-1
2025-07-13,2025-07-13 12:41:00,682.47,682.47,682.39,682.39,-0.01,62.57,42403.19,-1
2025-07-13,2025-07-13 12:42:00,682.39,682.39,682.31,682.31,-0.01,62.57,42403.19,-1
2025-07-13,2025-07-13 12:43:00,682.31,682.31,682.22,682.22,-0.01,62.57,42403.19,-1
2025-07-13,2025-07-13 12:44:00,682.22,682.22,682.14,682.14,-0.01,62.57,42403.19,-1
2025-07-13,2025-07-13 12:45:00,682.14,682.14,682.05,682.05,-0.01,62.57,42403.19,-1
2025-07-13,2025-07-13 12:46:00,682.05,682.05,681.97,681.97,-0.01,62.57,42403.19,-1
2025-07-13,2025-07-13 12:47:00,681.97,681.97,681.88,681.88,-0.01,62.57,42403.19,-1
2025-07-13,2025-07-13 12:48:00,681.88,681.88,681.8,681.8,-0.01,62.57,42403.19,-1
2025-07-13,2025-07-13 12:49:00,681.8,681.8,681.71,681.71,-0.01,62.57,42403.19,-1
2025-07-13,2025-07-13 12:50:00,681.71,681.71,681.63,681.63,-0.01,62.57,42403.19,-1
2025-07-13,2025-07-13 12:51:00,681.63,681.63,681.55,681.55,-0.01,62.57,42403.19,-1
2025-07-13,2025-07-13 12:52:00,681.55,681.55,681.46,681.46,-0.01,62.57,42403.19,-1
2025-07-13,2025-07-13 12:53:00,681.46,681.46,681.38,681.38,-0.01,62.57,42403.19,-1
2025-07-13,2025-07-13 12:54:00,681.38,681.38,681.29,681.29,-0.01,62.57,42403.19,-1
2025-07-13,2025-07-13 12:55:00,681.29,681.29,681.21,681.21,-0.01,62.57,42403.19,-1
2025-07-13,2025-07-13 12:56:00,681.21,681.21,681.12,681.12,-0.01,62.57,42403.19,-1
2025-07-13,2025-07-13 12:57:00,681.12,681.12,681.04,681.04,-0.01,62.57,42403.19,-1
2025-07-13,2025-07-13 12:58:00,681.04,681.04,680.95,680.95,-0.01,62.57,42403.19,-1
2025-07-13,2025-07-13 12:59:00,680.95,680.95,680.87,680.87,-0.01,62.57,42403.19,-1
2025-07-13,2025-07-13 13:00:00,680.87,693.0,665.0,680.79,-0.01,62.57,42403.19,-1
2025-07-13,2025-07-13 13:01:00,680.79,680.79,680.7,680.7,-0.01,62.57,42403.19,-1
2025-07-13,2025-07-13 13:02:00,680.7,680.7,680.62,680.62,-0.01,62.57,42403.19,-1
2025-07-13,2025-07-13 13:03:00,680.62,680.62,680.53,680.53,-0.01,62.57,42403.19,-1
2025-07-13,2025-07-13 13:04:00,680.53,680.53,680.45,680.45,-0.01,62.57,42403.19,-1
2025-07-13,2025-07-13 13:05:00,680.45,680.45,680.36,680.36,-0.01,62.57,42403.19,-1
2025-07-13,2025-07-13 13:06:00,680.36,680.36,680.28,680.28,-0.01,62.57,42403.19,-1
2025-07-13,2025-07-13 13:07:00,680.28,680.28,680.19,680.19,-0.01,62.57,42403.19,-1
2025-07-13,2025-07-13 13:08:00,680.19,680.19,680.11,680.11,-0.01,62.57,42403.19,-1
2025-07-13,2025-07-13 13:09:00,680.11,680.11,680.03,680.03,-0.01,62.57,42403.19,-1
2025-07-13,2025-07-13 13:10:00,680.03,680.03,679.94,679.94,-0.01,62.57,42403.19,-1
2025-07-13,2025-07-13 13:11:00,679.94,679.94,679.86,679.86,-0.01,62.57,42403.19,-1
2025-07-13,2025-07-13 13:12:00,679.86,679.86,679.77,679.77,-0.01,62.57,42403.19,-1
2025-07-13,2025-07-13 13:13:00,679.77,679.77,679.69,679.69,-0.01,62.57,42403.19,-1
2025-07-13,2025-07-13 13:14:00,679.69,679.69,679.6,679.6,-0.01,62.57,42403.19,-1
2025-07-13,2025-07-13 13:15:00,679.6,679.6,679.52,679.52,-0.01,62.57,42403.19,-1
2025-07-13,2025-07-13 13:16:00,679.52,679.52,679.43,679.43,-0.01,62.57,42403.19,-1
2025-07-13,2025-07-13 13:17:00,679.43,679.43,679.35,679.35,-0.01,62.57,42403.19,-1
2025-07-13,2025-07-13 13:18:00,679.35,679.35,679.27,679.27,-0.01,62.57,42403.19,-1
2025-07-13,2025-07-13 13:19:00,679.27,679.27,679.18,679.18,-0.01,62.57,42403.19,-1
2025-07-13,2025-07-13 13:20:00,679.18,679.18,679.1,679.1,-0.01,62.57,42403.19,-1
2025-07-13,2025-07-13 13:21:00,679.1,679.1,679.01,679.01,-0.01,62.57,42403.19,-1
2025-07-13,2025-07-13 13:22:00,679.01,679.01,678.93,678.93,-0.01,62.57,42403.19,-1
2025-07-13,2025-07-13 13:23:00,678.93,678.93,678.84,678.84,-0.01,62.57,42403.19,-1
2025-07-13,2025-07-13 13:24:00,678.84,678.84,678.76,678.76,-0.01,62.57,42403.19,-1
2025-07-13,2025-07-13 13:25:00,678.76,678.76,678.68,678.68,-0.01,62.57,42403.19,-1
2025-07-13,2025-07-13 13:26:00,678.68,678.68,678.59,678.59,-0.01,62.57,42403.19,-1
2025-07-13,2025-07-13 13:27:00,678.59,678.59,678.51,678.51,-0.01,62.57,42403.19,-1
2025-07-13,2025-07-13 13:28:00,678.51,678.51,678.42,678.42,-0.01,62.57,42403.19,-1
2025-07-13,2025-07-13 13:29:00,678.42,678.42,678.34,678.34,-0.01,62.57,42403.19,-1
2025-07-13,2025-07-13 13:30:00,678.34,678.34,678.25,678.25,-0.01,62.57,42403.19,-1
2025-07-13,2025-07-13 13:31:00,678.25,678.25,678.17,678.17,-0.01,62.57,42403.19,-1
2025-07-13,2025-07-13 13:32:00,678.17,678.17,678.08,678.08,-0.01,62.57,42403.19,-1
2025-07-13,2025-07-13 13:33:00,678.08,678.08,678.0,678.0,-0.01,62.57,42403.19,-1
2025-07-13,2025-07-13 13:34:00,678.0,678.0,677.92,677.92,-0.01,62.57,42403.19,-1
2025-07-13,2025-07-13 13:35:00,677.92,677.92,677.83,677.83,-0.01,62.57,42403.19,-1
2025-07-13,2025-07-13 13:36:00,677.83,677.83,677.75,677.75,-0.01,62.57,42403.19,-1
2025-07-13,2025-07-13 13:37:00,677.75,677.75,677.66,677.66,-0.01,62.57,42403.19,-1
2025-07-13,2025-07-13 13:38:00,677.66,677.66,677.58,677.58,-0.01,62.57,42403.19,-1
2025-07-13,2025-07-13 13:39:00,677.58,677.58,677.49,677.49,-0.01,62.57,42403.19,-1
2025-07-13,2025-07-13 13:40:00,677.49,677.49,677.41,677.41,-0.01,62.57,42403.19,-1
2025-07-13,2025-07-13 13:41:00,677.41,677.41,677.32,677.32,-0.01,62.57,42403.19,-1
2025-07-13,2025-07-13 13:42:00,677.32,677.32,677.24,677.24,-0.01,62.57,42403.19,-1
2025-07-13,2025-07-13 13:43:00,677.24,677.24,677.16,677.16,-0.01,62.57,42403.19,-1
2025-07-13,2025-07-13 13:44:00,677.16,677.16,677.07,677.07,-0.01,62.57,42403.19,-1
2025-07-13,2025-07-13 13:45:00,677.07,677.07,676.99,676.99,-0.01,62.57,42403.19,-1
2025-07-13,2025-07-13 13:46:00,676.99,676.99,676.9,676.9,-0.01,62.57,42403.19,-1
2025-07-13,2025-07-13 13:47:00,676.9,676.9,676.82,676.82,-0.01,62.57,42403.19,-1
2025-07-13,2025-07-13 13:48:00,676.82,676.82,676.73,676.73,-0.01,62.57,42403.19,-1
2025-07-13,2025-07-13 13:49:00,676.73,676.73,676.65,676.65,-0.01,62.57,42403.19,-1
2025-07-13,2025-07-13 13:50:00,676.65,676.65,676.56,676.56,-0.01,62.57,42403.19,-1
2025-07-13,2025-07-13 13:51:00,676.56,676.56,676.48,676.48,-0.01,62.57,42403.19,-1
2025-07-13,2025-07-13 13:52:00,676.48,676.48,676.4,676.4,-0.01,62.57,42403.19,-1
2025-07-13,2025-07-13 13:53:00,676.4,676.4,676.31,676.31,-0.01,62.57,42403.19,-1
2025-07-13,2025-07-13 13:54:00,676.31,676.31,676.23,676.23,-0.01,62.57,42403.19,-1
2025-07-13,2025-07-13 13:55:00,676.23,676.23,676.14,676.14,-0.01,62.57,42403.19,-1
2025-07-13,2025-07-13 13:56:00,676.14,676.14,676.06,676.06,-0.01,62.57,42403.19,-1
2025-07-13,2025-07-13 13:57:00,676.06,676.06,675.97,675.97,-0.01,62.57,42403.19,-1
2025-07-13,2025-07-13 13:58:00,675.97,675.97,675.89,675.89,-0.01,62.57,42403.19,-1
2025-07-13,2025-07-13 13:59:00,675.89,675.89,675.81,675.81,-0.01,62.57,42403.19,-1
2025-07-13,2025-07-13 14:00:00,675.81,675.81,675.72,675.72,-0.01,62.57,42403.19,-1
2025-07-13,2025-07-13 14:01:00,675.72,675.72,675.64,675.64,-0.01,62.57,42403.19,-1
2025-07-13,2025-07-13 14:02:00,675.64,675.64,675.55,675.55,-0.01,62.57,42403.19,-1
2025-07-13,2025-07-13 14:03:00,675.55,675.55,675.47,675.47,-0.01,62.57,42403.19,-1
2025-07-13,2025-07-13 14:04:00,675.47,675.47,675.38,675.38,-0.01,62.57,42403.19,-1
2025-07-13,2025-07-13 14:05:00,675.38,675.38,675.3,675.3,-0.01,62.57,42403.19,-1
2025-07-13,2025-07-13 14:06:00,675.3,675.3,675.21,675.21,-0.01,62.57,42403.19,-1
2025-07-13,2025-07-13 14:07:00,675.21,675.21,675.13,675.13,-0.01,62.57,42403.19,-1
2025-07-13,2025-07-13 14:08:00,675.13,675.13,675.05,675.05,-0.01,62.57,42403.19,-1
2025-07-13,2025-07-13 14:09:00,675.05,675.05,674.96,674.96,-0.01,62.57,42403.19,-1
2025-07-13,2025-07-13 14:10:00,674.96,674.96,674.88,674.88,-0.01,62.57,42403.19,-1
2025-07-13,2025-07-13 14:11:00,674.88,674.88,674.79,674.79,-0.01,62.57,42403.19,-1
2025-07-13,2025-07-13 14:12:00,674.79,674.79,674.71,674.71,-0.01,62.57,42403.19,-1
2025-07-13,2025-07-13 14:13:00,674.71,674.71,674.62,674.62,-0.01,62.57,42403.19,-1
2025-07-13,2025-07-13 14:14:00,674.62,674.62,674.54,674.54,-0.01,62.57,42403.19,-1
2025-07-13,2025-07-13 14:15:00,674.54,674.54,674.45,674.45,-0.01,62.57,42403.19,-1
2025-07-13,2025-07-13 14:16:00,674.45,674.45,674.37,674.37,-0.01,62.57,42403.19,-1
2025-07-13,2025-07-13 14:17:00,674.37,674.37,674.29,674.29,-0.01,62.57,42403.19,-1
2025-07-13,2025-07-13 14:18:00,674.29,674.29,674.2,674.2,-0.01,62.57,42403.19,-1
2025-07-13,2025-07-13 14:19:00,674.2,674.2,674.12,674.12,-0.01,62.57,42403.19,-1
2025-07-13,2025-07-13 14:20:00,674.12,674.12,674.03,674.03,-0.01,62.57,42403.19,-1
2025-07-13,2025-07-13 14:21:00,674.03,674.03,673.95,673.95,-0.01,62.57,42403.19,-1
2025-07-13,2025-07-13 14:22:00,673.95,673.95,673.86,673.86,-0.01,62.57,42403.19,-1
2025-07-13,2025-07-13 14:23:00,673.86,673.86,673.78,673.78,-0.01,62.57,42403.19,-1
2025-07-13,2025-07-13 14:24:00,673.78,673.78,673.69,673.69,-0.01,62.57,42403.19,-1
2025-07-13,2025-07-13 14:25:00,673.69,673.69,673.61,673.61,-0.01,62.57,42403.19,-1
2025-07-13,2025-07-13 14:26:00,673.61,673.61,673.53,673.53,-0.01,62.57,42403.19,-1
2025-07-13,2025-07-13 14:27:00,673.53,673.53,673.44,673.44,-0.01,62.57,42403.19,-1
2025-07-13,2025-07-13 14:28:00,673.44,673.44,673.36,673.36,-0.01,62.57,42403.19,-1
2025-07-13,2025-07-13 14:29:00,673.36,673.36,673.27,673.27,-0.01,62.57,42403.19,-1
2025-07-13,2025-07-13 14:30:00,673.27,673.27,673.19,673.19,-0.01,62.57,42403.19,-1
2025-07-13,2025-07-13 14:31:00,673.19,673.19,673.1,673.1,-0.01,62.57,42403.19,-1
2025-07-13,2025-07-13 14:32:00,673.1,673.1,673.02,673.02,-0.01,62.57,42403.19,-1
2025-07-13,2025-07-13 14:33:00,673.02,673.02,672.93,672.93,-0.01,62.57,42403.19,-1
2025-07-13,2025-07-13 14:34:00,672.93,672.93,672.85,672.85,-0.01,62.57,42403.19,-1
2025-07-13,2025-07-13 14:35:00,672.85,672.85,672.77,672.77,-0.01,62.57,42403.19,-1
2025-07-13,2025-07-13 14:36:00,672.77,672.77,672.68,672.68,-0.01,62.57,42403.19,-1
2025-07-13,2025-07-13 14:37:00,672.68,672.68,672.6,672.6,-0.01,62.57,42403.19,-1
2025-07-13,2025-07-13 14:38:00,672.6,672.6,672.51,672.51,-0.01,62.57,42403.19,-1
2025-07-13,2025-07-13 14:39:00,672.51,672.51,672.43,672.43,-0.01,62.57,42403.19,-1
2025-07-13,2025-07-13 14:40:00,672.43,672.43,672.34,672.34,-0.01,62.57,42403.19,-1
2025-07-13,2025-07-13 14:41:00,672.34,672.34,672.26,672.26,-0.01,62.57,42403.19,-1
2025-07-13,2025-07-13 14:42:00,672.26,672.26,672.18,672.18,-0.01,62.57,42403.19,-1
2025-07-13,2025-07-13 14:43:00,672.18,672.18,672.09,672.09,-0.01,62.57,42403.19,-1
2025-07-13,2025-07-13 14:44:00,672.09,672.09,672.01,672.01,-0.01,62.57,42403.19,-1
2025-07-13,2025-07-13 14:45:00,672.01,672.01,671.92,671.92,-0.01,62.57,42403.19,-1
2025-07-13,2025-07-13 14:46:00,671.92,671.92,671.84,671.84,-0.01,62.57,42403.19,-1
2025-07-13,2025-07-13 14:47:00,671.84,671.84,671.75,671.75,-0.01,62.57,42403.19,-1
2025-07-13,2025-07-13 14:48:00,671.75,671.75,671.67,671.67,-0.01,62.57,42403.19,-1
2025-07-13,2025-07-13 14:49:00,671.67,671.67,671.58,671.58,-0.01,62.57,42403.19,-1
2025-07-13,2025-07-13 14:50:00,671.58,671.58,671.5,671.5,-0.01,62.57,42403.19,-1
2025-07-13,2025-07-13 14:51:00,671.5,671.5,671.42,671.42,-0.01,62.57,42403.19,-1
2025-07-13,2025-07-13 14:52:00,671.42,671.42,671.33,671.33,-0.01,62.57,42403.19,-1
2025-07-13,2025-07-13 14:53:00,671.33,671.33,671.25,671.25,-0.01,62.57,42403.19,-1
2025-07-13,2025-07-13 14:54:00,671.25,671.25,671.16,671.16,-0.01,62.57,42403.19,-1
2025-07-13,2025-07-13 14:55:00,671.16,671.16,671.08,671.08,-0.01,62.57,42403.19,-1
2025-07-13,2025-07-13 14:56:00,671.08,671.08,670.99,670.99,-0.01,62.57,42403.19,-1
2025-07-13,2025-07-13 14:57:00,670.99,670.99,670.91,670.91,-0.01,62.57,42403.19,-1
2025-07-13,2025-07-13 14:58:00,670.91,670.91,670.82,670.82,-0.01,62.57,42403.19,-1
2025-07-13,2025-07-13 14:59:00,670.82,670.82,670.74,670.74,-0.01,62.57,42403.19,-1
2025-07-13,2025-07-13 15:00:00,670.74,693.0,665.0,670.74,0.0,62.57,42403.19,0
2025-07-14,2025-07-14 11:00:00,684.0,684.0,673.83,683.87,-0.02,56.0,36805.33,-1
2025-07-14,2025-07-14 11:01:00,683.87,683.87,683.74,683.74,-0.02,56.0,36805.33,-1
2025-07-14,2025-07-14 11:02:00,683.74,683.74,683.62,683.62,-0.02,56.0,36805.33,-1
2025-07-14,2025-07-14 11:03:00,683.62,683.62,683.49,683.49,-0.02,56.0,36805.33,-1
2025-07-14,2025-07-14 11:04:00,683.49,683.49,683.36,683.36,-0.02,56.0,36805.33,-1
2025-07-14,2025-07-14 11:05:00,683.36,683.36,683.23,683.23,-0.02,56.0,36805.33,-1
2025-07-14,2025-07-14 11:06:00,683.23,683.23,683.1,683.1,-0.02,56.0,36805.33,-1
2025-07-14,2025-07-14 11:07:00,683.1,683.1,682.97,682.97,-0.02,56.0,36805.33,-1
2025-07-14,2025-07-14 11:08:00,682.97,682.97,682.85,682.85,-0.02,56.0,36805.33,-1
2025-07-14,2025-07-14 11:09:00,682.85,682.85,682.72,682.72,-0.02,56.0,36805.33,-1
2025-07-14,2025-07-14 11:10:00,682.72,682.72,682.59,682.59,-0.02,56.0,36805.33,-1
2025-07-14,2025-07-14 11:11:00,682.59,682.59,682.46,682.46,-0.02,56.0,36805.33,-1
2025-07-14,2025-07-14 11:12:00,682.46,682.46,682.33,682.33,-0.02,56.0,36805.33,-1
2025-07-14,2025-07-14 11:13:00,682.33,682.33,682.21,682.21,-0.02,56.0,36805.33,-1
2025-07-14,2025-07-14 11:14:00,682.21,682.21,682.08,682.08,-0.02,56.0,36805.33,-1
2025-07-14,2025-07-14 11:15:00,682.08,682.08,681.95,681.95,-0.02,56.0,36805.33,-1
2025-07-14,2025-07-14 11:16:00,681.95,681.95,681.82,681.82,-0.02,56.0,36805.33,-1
2025-07-14,2025-07-14 11:17:00,681.82,681.82,681.69,681.69,-0.02,56.0,36805.33,-1
2025-07-14,2025-07-14 11:18:00,681.69,681.69,681.56,681.56,-0.02,56.0,36805.33,-1
2025-07-14,2025-07-14 11:19:00,681.56,681.56,681.44,681.44,-0.02,56.0,36805.33,-1
2025-07-14,2025-07-14 11:20:00,681.44,681.44,681.31,681.31,-0.02,56.0,36805.33,-1
2025-07-14,2025-07-14 11:21:00,681.31,681.31,681.18,681.18,-0.02,56.0,36805.33,-1
2025-07-14,2025-07-14 11:22:00,681.18,681.18,681.05,681.05,-0.02,56.0,36805.33,-1
2025-07-14,2025-07-14 11:23:00,681.05,681.05,680.92,680.92,-0.02,56.0,36805.33,-1
2025-07-14,2025-07-14 11:24:00,680.92,680.92,680.8,680.8,-0.02,56.0,36805.33,-1
2025-07-14,2025-07-14 11:25:00,680.8,680.8,680.67,680.67,-0.02,56.0,36805.33,-1
2025-07-14,2025-07-14 11:26:00,680.67,680.67,680.54,680.54,-0.02,56.0,36805.33,-1
2025-07-14,2025-07-14 11:27:00,680.54,680.54,680.41,680.41,-0.02,56.0,36805.33,-1
2025-07-14,2025-07-14 11:28:00,680.41,680.41,680.28,680.28,-0.02,56.0,36805.33,-1
2025-07-14,2025-07-14 11:29:00,680.28,680.28,680.15,680.15,-0.02,56.0,36805.33,-1
2025-07-14,2025-07-14 11:30:00,680.15,680.15,680.03,680.03,-0.02,56.0,36805.33,-1
2025-07-14,2025-07-14 11:31:00,680.03,680.03,679.9,679.9,-0.02,56.0,36805.33,-1
2025-07-14,2025-07-14 11:32:00,679.9,679.9,679.77,679.77,-0.02,56.0,36805.33,-1
2025-07-14,2025-07-14 11:33:00,679.77,679.77,679.64,679.64,-0.02,56.0,36805.33,-1
2025-07-14,2025-07-14 11:34:00,679.64,679.64,679.51,679.51,-0.02,56.0,36805.33,-1
2025-07-14,2025-07-14 11:35:00,679.51,679.51,679.39,679.39,-0.02,56.0,36805.33,-1
2025-07-14,2025-07-14 11:36:00,679.39,679.39,679.26,679.26,-0.02,56.0,36805.33,-1
2025-07-14,2025-07-14 11:37:00,679.26,679.26,679.13,679.13,-0.02,56.0,36805.33,-1
2025-07-14,2025-07-14 11:38:00,679.13,679.13,679.0,679.0,-0.02,56.0,36805.33,-1
2025-07-14,2025-07-14 11:39:00,679.0,679.0,678.87,678.87,-0.02,56.0,36805.33,-1
2025-07-14,2025-07-14 11:40:00,678.87,678.87,678.75,678.75,-0.02,56.0,36805.33,-1
2025-07-14,2025-07-14 11:41:00,678.75,678.75,678.62,678.62,-0.02,56.0,36805.33,-1
2025-07-14,2025-07-14 11:42:00,678.62,678.62,678.49,678.49,-0.02,56.0,36805.33,-1
2025-07-14,2025-07-14 11:43:00,678.49,678.49,678.36,678.36,-0.02,56.0,36805.33,-1
2025-07-14,2025-07-14 11:44:00,678.36,678.36,678.23,678.23,-0.02,56.0,36805.33,-1
2025-07-14,2025-07-14 11:45:00,678.23,678.23,678.1,678.1,-0.02,56.0,36805.33,-1
2025-07-14,2025-07-14 11:46:00,678.1,678.1,677.98,677.98,-0.02,56.0,36805.33,-1
2025-07-14,2025-07-14 11:47:00,677.98,677.98,677.85,677.85,-0.02,56.0,36805.33,-1
2025-07-14,2025-07-14 11:48:00,677.85,677.85,677.72,677.72,-0.02,56.0,36805.33,-1
2025-07-14,2025-07-14 11:49:00,677.72,677.72,677.59,677.59,-0.02,56.0,36805.33,-1
2025-07-14,2025-07-14 11:50:00,677.59,677.59,677.46,677.46,-0.02,56.0,36805.33,-1
2025-07-14,2025-07-14 11:51:00,677.46,677.46,677.34,677.34,-0.02,56.0,36805.33,-1
2025-07-14,2025-07-14 11:52:00,677.34,677.34,677.21,677.21,-0.02,56.0,36805.33,-1
2025-07-14,2025-07-14 11:53:00,677.21,677.21,677.08,677.08,-0.02,56.0,36805.33,-1
2025-07-14,2025-07-14 11:54:00,677.08,677.08,676.95,676.95,-0.02,56.0,36805.33,-1
2025-07-14,2025-07-14 11:55:00,676.95,676.95,676.82,676.82,-0.02,56.0,36805.33,-1
2025-07-14,2025-07-14 11:56:00,676.82,676.82,676.69,676.69,-0.02,56.0,36805.33,-1
2025-07-14,2025-07-14 11:57:00,676.69,676.69,676.57,676.57,-0.02,56.0,36805.33,-1
2025-07-14,2025-07-14 11:58:00,676.57,676.57,676.44,676.44,-0.02,56.0,36805.33,-1
2025-07-14,2025-07-14 11:59:00,676.44,676.44,676.31,676.31,-0.02,56.0,36805.33,-1
2025-07-14,2025-07-14 12:00:00,676.31,676.31,676.18,676.18,-0.02,56.0,36805.33,-1
2025-07-14,2025-07-14 12:01:00,676.18,676.18,676.05,676.05,-0.02,56.0,36805.33,-1
2025-07-14,2025-07-14 12:02:00,676.05,676.05,675.93,675.93,-0.02,56.0,36805.33,-1
2025-07-14,2025-07-14 12:03:00,675.93,675.93,675.8,675.8,-0.02,56.0,36805.33,-1
2025-07-14,2025-07-14 12:04:00,675.8,675.8,675.67,675.67,-0.02,56.0,36805.33,-1
2025-07-14,2025-07-14 12:05:00,675.67,675.67,675.54,675.54,-0.02,56.0,36805.33,-1
2025-07-14,2025-07-14 12:06:00,675.54,675.54,675.41,675.41,-0.02,56.0,36805.33,-1
2025-07-14,2025-07-14 12:07:00,675.41,675.41,675.28,675.28,-0.02,56.0,36805.33,-1
2025-07-14,2025-07-14 12:08:00,675.28,675.28,675.16,675.16,-0.02,56.0,36805.33,-1
2025-07-14,2025-07-14 12:09:00,675.16,675.16,675.03,675.03,-0.02,56.0,36805.33,-1
2025-07-14,2025-07-14 12:10:00,675.03,675.03,674.9,674.9,-0.02,56.0,36805.33,-1
2025-07-14,2025-07-14 12:11:00,674.9,674.9,674.77,674.77,-0.02,56.0,36805.33,-1
2025-07-14,2025-07-14 12:12:00,674.77,674.77,674.64,674.64,-0.02,56.0,36805.33,-1
2025-07-14,2025-07-14 12:13:00,674.64,674.64,674.52,674.52,-0.02,56.0,36805.33,-1
2025-07-14,2025-07-14 12:14:00,674.52,674.52,674.39,674.39,-0.02,56.0,36805.33,-1
2025-07-14,2025-07-14 12:15:00,674.39,674.39,674.26,674.26,-0.02,56.0,36805.33,-1
2025-07-14,2025-07-14 12:16:00,674.26,674.26,674.13,674.13,-0.02,56.0,36805.33,-1
2025-07-14,2025-07-14 12:17:00,674.13,674.13,674.0,674.0,-0.02,56.0,36805.33,-1
2025-07-14,2025-07-14 12:18:00,674.0,674.0,673.87,673.87,-0.02,56.0,36805.33,-1
2025-07-14,2025-07-14 12:19:00,673.87,673.87,673.75,673.75,-0.02,56.0,36805.33,-1
2025-07-14,2025-07-14 12:20:00,673.75,673.75,673.62,673.62,-0.02,56.0,36805.33,-1
2025-07-14,2025-07-14 12:21:00,673.62,673.62,673.49,673.49,-0.02,56.0,36805.33,-1
2025-07-14,2025-07-14 12:22:00,673.49,673.49,673.36,673.36,-0.02,56.0,36805.33,-1
2025-07-14,2025-07-14 12:23:00,673.36,673.36,673.23,673.23,-0.02,56.0,36805.33,-1
2025-07-14,2025-07-14 12:24:00,673.23,673.23,673.11,673.11,-0.02,56.0,36805.33,-1
2025-07-14,2025-07-14 12:25:00,673.11,673.11,672.98,672.98,-0.02,56.0,36805.33,-1
2025-07-14,2025-07-14 12:26:00,672.98,672.98,672.85,672.85,-0.02,56.0,36805.33,-1
2025-07-14,2025-07-14 12:27:00,672.85,672.85,672.72,672.72,-0.02,56.0,36805.33,-1
2025-07-14,2025-07-14 12:28:00,672.72,672.72,672.59,672.59,-0.02,56.0,36805.33,-1
2025-07-14,2025-07-14 12:29:00,672.59,672.59,672.47,672.47,-0.02,56.0,36805.33,-1
2025-07-14,2025-07-14 12:30:00,672.47,672.47,672.34,672.34,-0.02,56.0,36805.33,-1
2025-07-14,2025-07-14 12:31:00,672.34,672.34,672.21,672.21,-0.02,56.0,36805.33,-1
2025-07-14,2025-07-14 12:32:00,672.21,672.21,672.08,672.08,-0.02,56.0,36805.33,-1
2025-07-14,2025-07-14 12:33:00,672.08,672.08,671.95,671.95,-0.02,56.0,36805.33,-1
2025-07-14,2025-07-14 12:34:00,671.95,671.95,671.82,671.82,-0.02,56.0,36805.33,-1
2025-07-14,2025-07-14 12:35:00,671.82,671.82,671.7,671.7,-0.02,56.0,36805.33,-1
2025-07-14,2025-07-14 12:36:00,671.7,671.7,671.57,671.57,-0.02,56.0,36805.33,-1
2025-07-14,2025-07-14 12:37:00,671.57,671.57,671.44,671.44,-0.02,56.0,36805.33,-1
2025-07-14,2025-07-14 12:38:00,671.44,671.44,671.31,671.31,-0.02,56.0,36805.33,-1
2025-07-14,2025-07-14 12:39:00,671.31,671.31,671.18,671.18,-0.02,56.0,36805.33,-1
2025-07-14,2025-07-14 12:40:00,671.18,671.18,671.06,671.06,-0.02,56.0,36805.33,-1
2025-07-14,2025-07-14 12:41:00,671.06,671.06,670.93,670.93,-0.02,56.0,36805.33,-1
2025-07-14,2025-07-14 12:42:00,670.93,670.93,670.8,670.8,-0.02,56.0,36805.33,-1
2025-07-14,2025-07-14 12:43:00,670.8,670.8,670.67,670.67,-0.02,56.0,36805.33,-1
2025-07-14,2025-07-14 12:44:00,670.67,670.67,670.54,670.54,-0.02,56.0,36805.33,-1
2025-07-14,2025-07-14 12:45:00,670.54,670.54,670.41,670.41,-0.02,56.0,36805.33,-1
2025-07-14,2025-07-14 12:46:00,670.41,670.41,670.29,670.29,-0.02,56.0,36805.33,-1
2025-07-14,2025-07-14 12:47:00,670.29,670.29,670.16,670.16,-0.02,56.0,36805.33,-1
2025-07-14,2025-07-14 12:48:00,670.16,670.16,670.03,670.03,-0.02,56.0,36805.33,-1
2025-07-14,2025-07-14 12:49:00,670.03,670.03,669.9,669.9,-0.02,56.0,36805.33,-1
2025-07-14,2025-07-14 12:50:00,669.9,669.9,669.77,669.77,-0.02,56.0,36805.33,-1
2025-07-14,2025-07-14 12:51:00,669.77,669.77,669.65,669.65,-0.02,56.0,36805.33,-1
2025-07-14,2025-07-14 12:52:00,669.65,669.65,669.52,669.52,-0.02,56.0,36805.33,-1
2025-07-14,2025-07-14 12:53:00,669.52,669.52,669.39,669.39,-0.02,56.0,36805.33,-1
2025-07-14,2025-07-14 12:54:00,669.39,669.39,669.26,669.26,-0.02,56.0,36805.33,-1
2025-07-14,2025-07-14 12:55:00,669.26,669.26,669.13,669.13,-0.02,56.0,36805.33,-1
2025-07-14,2025-07-14 12:56:00,669.13,669.13,669.0,669.0,-0.02,56.0,36805.33,-1
2025-07-14,2025-07-14 12:57:00,669.0,669.0,668.88,668.88,-0.02,56.0,36805.33,-1
2025-07-14,2025-07-14 12:58:00,668.88,668.88,668.75,668.75,-0.02,56.0,36805.33,-1
2025-07-14,2025-07-14 12:59:00,668.75,668.75,668.62,668.62,-0.02,56.0,36805.33,-1
2025-07-14,2025-07-14 13:00:00,668.62,684.0,650.1,668.49,-0.02,56.0,36805.33,-1
2025-07-14,2025-07-14 13:01:00,668.49,668.49,668.36,668.36,-0.02,56.0,36805.33,-1
2025-07-14,2025-07-14 13:02:00,668.36,668.36,668.24,668.24,-0.02,56.0,36805.33,-1
2025-07-14,2025-07-14 13:03:00,668.24,668.24,668.11,668.11,-0.02,56.0,36805.33,-1
2025-07-14,2025-07-14 13:04:00,668.11,668.11,667.98,667.98,-0.02,56.0,36805.33,-1
2025-07-14,2025-07-14 13:05:00,667.98,667.98,667.85,667.85,-0.02,56.0,36805.33,-1
2025-07-14,2025-07-14 13:06:00,667.85,667.85,667.72,667.72,-0.02,56.0,36805.33,-1
2025-07-14,2025-07-14 13:07:00,667.72,667.72,667.59,667.59,-0.02,56.0,36805.33,-1
2025-07-14,2025-07-14 13:08:00,667.59,667.59,667.47,667.47,-0.02,56.0,36805.33,-1
2025-07-14,2025-07-14 13:09:00,667.47,667.47,667.34,667.34,-0.02,56.0,36805.33,-1
2025-07-14,2025-07-14 13:10:00,667.34,667.34,667.21,667.21,-0.02,56.0,36805.33,-1
2025-07-14,2025-07-14 13:11:00,667.21,667.21,667.08,667.08,-0.02,56.0,36805.33,-1
2025-07-14,2025-07-14 13:12:00,667.08,667.08,666.95,666.95,-0.02,56.0,36805.33,-1
2025-07-14,2025-07-14 13:13:00,666.95,666.95,666.83,666.83,-0.02,56.0,36805.33,-1
2025-07-14,2025-07-14 13:14:00,666.83,666.83,666.7,666.7,-0.02,56.0,36805.33,-1
2025-07-14,2025-07-14 13:15:00,666.7,666.7,666.57,666.57,-0.02,56.0,36805.33,-1
2025-07-14,2025-07-14 13:16:00,666.57,666.57,666.44,666.44,-0.02,56.0,36805.33,-1
2025-07-14,2025-07-14 13:17:00,666.44,666.44,666.31,666.31,-0.02,56.0,36805.33,-1
2025-07-14,2025-07-14 13:18:00,666.31,666.31,666.18,666.18,-0.02,56.0,36805.33,-1
2025-07-14,2025-07-14 13:19:00,666.18,666.18,666.06,666.06,-0.02,56.0,36805.33,-1
2025-07-14,2025-07-14 13:20:00,666.06,666.06,665.93,665.93,-0.02,56.0,36805.33,-1
2025-07-14,2025-07-14 13:21:00,665.93,665.93,665.8,665.8,-0.02,56.0,36805.33,-1
2025-07-14,2025-07-14 13:22:00,665.8,665.8,665.67,665.67,-0.02,56.0,36805.33,-1
2025-07-14,2025-07-14 13:23:00,665.67,665.67,665.54,665.54,-0.02,56.0,36805.33,-1
2025-07-14,2025-07-14 13:24:00,665.54,665.54,665.42,665.42,-0.02,56.0,36805.33,-1
2025-07-14,2025-07-14 13:25:00,665.42,665.42,665.29,665.29,-0.02,56.0,36805.33,-1
2025-07-14,2025-07-14 13:26:00,665.29,665.29,665.16,665.16,-0.02,56.0,36805.33,-1
2025-07-14,2025-07-14 13:27:00,665.16,665.16,665.03,665.03,-0.02,56.0,36805.33,-1
2025-07-14,2025-07-14 13:28:00,665.03,665.03,664.9,664.9,-0.02,56.0,36805.33,-1
2025-07-14,2025-07-14 13:29:00,664.9,664.9,664.77,664.77,-0.02,56.0,36805.33,-1
2025-07-14,2025-07-14 13:30:00,664.77,664.77,664.65,664.65,-0.02,56.0,36805.33,-1
2025-07-14,2025-07-14 13:31:00,664.65,664.65,664.52,664.52,-0.02,56.0,36805.33,-1
2025-07-14,2025-07-14 13:32:00,664.52,664.52,664.39,664.39,-0.02,56.0,36805.33,-1
2025-07-14,2025-07-14 13:33:00,664.39,664.39,664.26,664.26,-0.02,56.0,36805.33,-1
2025-07-14,2025-07-14 13:34:00,664.26,664.26,664.13,664.13,-0.02,56.0,36805.33,-1
2025-07-14,2025-07-14 13:35:00,664.13,664.13,664.01,664.01,-0.02,56.0,36805.33,-1
2025-07-14,2025-07-14 13:36:00,664.01,664.01,663.88,663.88,-0.02,56.0,36805.33,-1
2025-07-14,2025-07-14 13:37:00,663.88,663.88,663.75,663.75,-0.02,56.0,36805.33,-1
2025-07-14,2025-07-14 13:38:00,663.75,663.75,663.62,663.62,-0.02,56.0,36805.33,-1
2025-07-14,2025-07-14 13:39:00,663.62,663.62,663.49,663.49,-0.02,56.0,36805.33,-1
2025-07-14,2025-07-14 13:40:00,663.49,663.49,663.37,663.37,-0.02,56.0,36805.33,-1
2025-07-14,2025-07-14 13:41:00,663.37,663.37,663.24,663.24,-0.02,56.0,36805.33,-1
2025-07-14,2025-07-14 13:42:00,663.24,663.24,663.11,663.11,-0.02,56.0,36805.33,-1
2025-07-14,2025-07-14 13:43:00,663.11,663.11,662.98,662.98,-0.02,56.0,36805.33,-1
2025-07-14,2025-07-14 13:44:00,662.98,662.98,662.85,662.85,-0.02,56.0,36805.33,-1
2025-07-14,2025-07-14 13:45:00,662.85,662.85,662.72,662.72,-0.02,56.0,36805.33,-1
2025-07-14,2025-07-14 13:46:00,662.72,662.72,662.6,662.6,-0.02,56.0,36805.33,-1
2025-07-14,2025-07-14 13:47:00,662.6,662.6,662.47,662.47,-0.02,56.0,36805.33,-1
2025-07-14,2025-07-14 13:48:00,662.47,662.47,662.34,662.34,-0.02,56.0,36805.33,-1
2025-07-14,2025-07-14 13:49:00,662.34,662.34,662.21,662.21,-0.02,56.0,36805.33,-1
2025-07-14,2025-07-14 13:50:00,662.21,662.21,662.08,662.08,-0.02,56.0,36805.33,-1
2025-07-14,2025-07-14 13:51:00,662.08,662.08,661.96,661.96,-0.02,56.0,36805.33,-1
2025-07-14,2025-07-14 13:52:00,661.96,661.96,661.83,661.83,-0.02,56.0,36805.33,-1
2025-07-14,2025-07-14 13:53:00,661.83,661.83,661.7,661.7,-0.02,56.0,36805.33,-1
2025-07-14,2025-07-14 13:54:00,661.7,661.7,661.57,661.57,-0.02,56.0,36805.33,-1
2025-07-14,2025-07-14 13:55:00,661.57,661.57,661.44,661.44,-0.02,56.0,36805.33,-1
2025-07-14,2025-07-14 13:56:00,661.44,661.44,661.31,661.31,-0.02,56.0,36805.33,-1
2025-07-14,2025-07-14 13:57:00,661.31,661.31,661.19,661.19,-0.02,56.0,36805.33,-1
2025-07-14,2025-07-14 13:58:00,661.19,661.19,661.06,661.06,-0.02,56.0,36805.33,-1
2025-07-14,2025-07-14 13:59:00,661.06,661.06,660.93,660.93,-0.02,56.0,36805.33,-1
2025-07-14,2025-07-14 14:00:00,660.93,660.93,660.8,660.8,-0.02,56.0,36805.33,-1
2025-07-14,2025-07-14 14:01:00,660.8,660.8,660.67,660.67,-0.02,56.0,36805.33,-1
2025-07-14,2025-07-14 14:02:00,660.67,660.67,660.55,660.55,-0.02,56.0,36805.33,-1
2025-07-14,2025-07-14 14:03:00,660.55,660.55,660.42,660.42,-0.02,56.0,36805.33,-1
2025-07-14,2025-07-14 14:04:00,660.42,660.42,660.29,660.29,-0.02,56.0,36805.33,-1
2025-07-14,2025-07-14 14:05:00,660.29,660.29,660.16,660.16,-0.02,56.0,36805.33,-1
2025-07-14,2025-07-14 14:06:00,660.16,660.16,660.03,660.03,-0.02,56.0,36805.33,-1
2025-07-14,2025-07-14 14:07:00,660.03,660.03,659.9,659.9,-0.02,56.0,36805.33,-1
2025-07-14,2025-07-14 14:08:00,659.9,659.9,659.78,659.78,-0.02,56.0,36805.33,-1
2025-07-14,2025-07-14 14:09:00,659.78,659.78,659.65,659.65,-0.02,56.0,36805.33,-1
2025-07-14,2025-07-14 14:10:00,659.65,659.65,659.52,659.52,-0.02,56.0,36805.33,-1
2025-07-14,2025-07-14 14:11:00,659.52,659.52,659.39,659.39,-0.02,56.0,36805.33,-1
2025-07-14,2025-07-14 14:12:00,659.39,659.39,659.26,659.26,-0.02,56.0,36805.33,-1
2025-07-14,2025-07-14 14:13:00,659.26,659.26,659.14,659.14,-0.02,56.0,36805.33,-1
2025-07-14,2025-07-14 14:14:00,659.14,659.14,659.01,659.01,-0.02,56.0,36805.33,-1
2025-07-14,2025-07-14 14:15:00,659.01,659.01,658.88,658.88,-0.02,56.0,36805.33,-1
2025-07-14,2025-07-14 14:16:00,658.88,658.88,658.75,658.75,-0.02,56.0,36805.33,-1
2025-07-14,2025-07-14 14:17:00,658.75,658.75,658.62,658.62,-0.02,56.0,36805.33,-1
2025-07-14,2025-07-14 14:18:00,658.62,658.62,658.49,658.49,-0.02,56.0,36805.33,-1
2025-07-14,2025-07-14 14:19:00,658.49,658.49,658.37,658.37,-0.02,56.0,36805.33,-1
2025-07-14,2025-07-14 14:20:00,658.37,658.37,658.24,658.24,-0.02,56.0,36805.33,-1
2025-07-14,2025-07-14 14:21:00,658.24,658.24,658.11,658.11,-0.02,56.0,36805.33,-1
2025-07-14,2025-07-14 14:22:00,658.11,658.11,657.98,657.98,-0.02,56.0,36805.33,-1
2025-07-14,2025-07-14 14:23:00,657.98,657.98,657.85,657.85,-0.02,56.0,36805.33,-1
2025-07-14,2025-07-14 14:24:00,657.85,657.85,657.73,657.73,-0.02,56.0,36805.33,-1
2025-07-14,2025-07-14 14:25:00,657.73,657.73,657.6,657.6,-0.02,56.0,36805.33,-1
2025-07-14,2025-07-14 14:26:00,657.6,657.6,657.47,657.47,-0.02,56.0,36805.33,-1
2025-07-14,2025-07-14 14:27:00,657.47,657.47,657.34,657.34,-0.02,56.0,36805.33,-1
2025-07-14,2025-07-14 14:28:00,657.34,657.34,657.21,657.21,-0.02,56.0,36805.33,-1
2025-07-14,2025-07-14 14:29:00,657.21,657.21,657.09,657.09,-0.02,56.0,36805.33,-1
2025-07-14,2025-07-14 14:30:00,657.09,657.09,656.96,656.96,-0.02,56.0,36805.33,-1
2025-07-14,2025-07-14 14:31:00,656.96,656.96,656.83,656.83,-0.02,56.0,36805.33,-1
2025-07-14,2025-07-14 14:32:00,656.83,656.83,656.7,656.7,-0.02,56.0,36805.33,-1
2025-07-14,2025-07-14 14:33:00,656.7,656.7,656.57,656.57,-0.02,56.0,36805.33,-1
2025-07-14,2025-07-14 14:34:00,656.57,656.57,656.44,656.44,-0.02,56.0,36805.33,-1
2025-07-14,2025-07-14 14:35:00,656.44,656.44,656.32,656.32,-0.02,56.0,36805.33,-1
2025-07-14,2025-07-14 14:36:00,656.32,656.32,656.19,656.19,-0.02,56.0,36805.33,-1
2025-07-14,2025-07-14 14:37:00,656.19,656.19,656.06,656.06,-0.02,56.0,36805.33,-1
2025-07-14,2025-07-14 14:38:00,656.06,656.06,655.93,655.93,-0.02,56.0,36805.33,-1
2025-07-14,2025-07-14 14:39:00,655.93,655.93,655.8,655.8,-0.02,56.0,36805.33,-1
2025-07-14,2025-07-14 14:40:00,655.8,655.8,655.68,655.68,-0.02,56.0,36805.33,-1
2025-07-14,2025-07-14 14:41:00,655.68,655.68,655.55,655.55,-0.02,56.0,36805.33,-1
2025-07-14,2025-07-14 14:42:00,655.55,655.55,655.42,655.42,-0.02,56.0,36805.33,-1
2025-07-14,2025-07-14 14:43:00,655.42,655.42,655.29,655.29,-0.02,56.0,36805.33,-1
2025-07-14,2025-07-14 14:44:00,655.29,655.29,655.16,655.16,-0.02,56.0,36805.33,-1
2025-07-14,2025-07-14 14:45:00,655.16,655.16,655.03,655.03,-0.02,56.0,36805.33,-1
2025-07-14,2025-07-14 14:46:00,655.03,655.03,654.91,654.91,-0.02,56.0,36805.33,-1
2025-07-14,2025-07-14 14:47:00,654.91,654.91,654.78,654.78,-0.02,56.0,36805.33,-1
2025-07-14,2025-07-14 14:48:00,654.78,654.78,654.65,654.65,-0.02,56.0,36805.33,-1
2025-07-14,2025-07-14 14:49:00,654.65,654.65,654.52,654.52,-0.02,56.0,36805.33,-1
2025-07-14,2025-07-14 14:50:00,654.52,654.52,654.39,654.39,-0.02,56.0,36805.33,-1
2025-07-14,2025-07-14 14:51:00,654.39,654.39,654.27,654.27,-0.02,56.0,36805.33,-1
2025-07-14,2025-07-14 14:52:00,654.27,654.27,654.14,654.14,-0.02,56.0,36805.33,-1
2025-07-14,2025-07-14 14:53:00,654.14,654.14,654.01,654.01,-0.02,56.0,36805.33,-1
2025-07-14,2025-07-14 14:54:00,654.01,654.01,653.88,653.88,-0.02,56.0,36805.33,-1
2025-07-14,2025-07-14 14:55:00,653.88,653.88,653.75,653.75,-0.02,56.0,36805.33,-1
2025-07-14,2025-07-14 14:56:00,653.75,653.75,653.62,653.62,-0.02,56.0,36805.33,-1
2025-07-14,2025-07-14 14:57:00,653.62,653.62,653.5,653.5,-0.02,56.0,36805.33,-1
2025-07-14,2025-07-14 14:58:00,653.5,653.5,653.37,653.37,-0.02,56.0,36805.33,-1
2025-07-14,2025-07-14 14:59:00,653.37,653.37,653.24,653.24,-0.02,56.0,36805.33,-1
2025-07-14,2025-07-14 15:00:00,653.24,684.0,650.1,653.24,0.0,56.0,36805.33,0
2025-07-15,2025-07-15 11:00:00,643.0,652.6,643.0,643.11,0.02,54.46,36219.07,1
2025-07-15,2025-07-15 11:01:00,643.11,643.23,643.11,643.23,0.02,54.46,36219.07,1
2025-07-15,2025-07-15 11:02:00,643.23,643.34,643.23,643.34,0.02,54.46,36219.07,1
2025-07-15,2025-07-15 11:03:00,643.34,643.46,643.34,643.46,0.02,54.46,36219.07,1
2025-07-15,2025-07-15 11:04:00,643.46,643.57,643.46,643.57,0.02,54.46,36219.07,1
2025-07-15,2025-07-15 11:05:00,643.57,643.69,643.57,643.69,0.02,54.46,36219.07,1
2025-07-15,2025-07-15 11:06:00,643.69,643.8,643.69,643.8,0.02,54.46,36219.07,1
2025-07-15,2025-07-15 11:07:00,643.8,643.92,643.8,643.92,0.02,54.46,36219.07,1
2025-07-15,2025-07-15 11:08:00,643.92,644.03,643.92,644.03,0.02,54.46,36219.07,1
2025-07-15,2025-07-15 11:09:00,644.03,644.14,644.03,644.14,0.02,54.46,36219.07,1
2025-07-15,2025-07-15 11:10:00,644.14,644.26,644.14,644.26,0.02,54.46,36219.07,1
2025-07-15,2025-07-15 11:11:00,644.26,644.37,644.26,644.37,0.02,54.46,36219.07,1
2025-07-15,2025-07-15 11:12:00,644.37,644.49,644.37,644.49,0.02,54.46,36219.07,1
2025-07-15,2025-07-15 11:13:00,644.49,644.6,644.49,644.6,0.02,54.46,36219.07,1
2025-07-15,2025-07-15 11:14:00,644.6,644.72,644.6,644.72,0.02,54.46,36219.07,1
2025-07-15,2025-07-15 11:15:00,644.72,644.83,644.72,644.83,0.02,54.46,36219.07,1
2025-07-15,2025-07-15 11:16:00,644.83,644.95,644.83,644.95,0.02,54.46,36219.07,1
2025-07-15,2025-07-15 11:17:00,644.95,645.06,644.95,645.06,0.02,54.46,36219.07,1
2025-07-15,2025-07-15 11:18:00,645.06,645.17,645.06,645.17,0.02,54.46,36219.07,1
2025-07-15,2025-07-15 11:19:00,645.17,645.29,645.17,645.29,0.02,54.46,36219.07,1
2025-07-15,2025-07-15 11:20:00,645.29,645.4,645.29,645.4,0.02,54.46,36219.07,1
2025-07-15,2025-07-15 11:21:00,645.4,645.52,645.4,645.52,0.02,54.46,36219.07,1
2025-07-15,2025-07-15 11:22:00,645.52,645.63,645.52,645.63,0.02,54.46,36219.07,1
2025-07-15,2025-07-15 11:23:00,645.63,645.75,645.63,645.75,0.02,54.46,36219.07,1
2025-07-15,2025-07-15 11:24:00,645.75,645.86,645.75,645.86,0.02,54.46,36219.07,1
2025-07-15,2025-07-15 11:25:00,645.86,645.97,645.86,645.97,0.02,54.46,36219.07,1
2025-07-15,2025-07-15 11:26:00,645.97,646.09,645.97,646.09,0.02,54.46,36219.07,1
2025-07-15,2025-07-15 11:27:00,646.09,646.2,646.09,646.2,0.02,54.46,36219.07,1
2025-07-15,2025-07-15 11:28:00,646.2,646.32,646.2,646.32,0.02,54.46,36219.07,1
2025-07-15,2025-07-15 11:29:00,646.32,646.43,646.32,646.43,0.02,54.46,36219.07,1
2025-07-15,2025-07-15 11:30:00,646.43,646.55,646.43,646.55,0.02,54.46,36219.07,1
2025-07-15,2025-07-15 11:31:00,646.55,646.66,646.55,646.66,0.02,54.46,36219.07,1
2025-07-15,2025-07-15 11:32:00,646.66,646.78,646.66,646.78,0.02,54.46,36219.07,1
2025-07-15,2025-07-15 11:33:00,646.78,646.89,646.78,646.89,0.02,54.46,36219.07,1
2025-07-15,2025-07-15 11:34:00,646.89,647.0,646.89,647.0,0.02,54.46,36219.07,1
2025-07-15,2025-07-15 11:35:00,647.0,647.12,647.0,647.12,0.02,54.46,36219.07,1
2025-07-15,2025-07-15 11:36:00,647.12,647.23,647.12,647.23,0.02,54.46,36219.07,1
2025-07-15,2025-07-15 11:37:00,647.23,647.35,647.23,647.35,0.02,54.46,36219.07,1
2025-07-15,2025-07-15 11:38:00,647.35,647.46,647.35,647.46,0.02,54.46,36219.07,1
2025-07-15,2025-07-15 11:39:00,647.46,647.58,647.46,647.58,0.02,54.46,36219.07,1
2025-07-15,2025-07-15 11:40:00,647.58,647.69,647.58,647.69,0.02,54.46,36219.07,1
2025-07-15,2025-07-15 11:41:00,647.69,647.81,647.69,647.81,0.02,54.46,36219.07,1
2025-07-15,2025-07-15 11:42:00,647.81,647.92,647.81,647.92,0.02,54.46,36219.07,1
2025-07-15,2025-07-15 11:43:00,647.92,648.03,647.92,648.03,0.02,54.46,36219.07,1
2025-07-15,2025-07-15 11:44:00,648.03,648.15,648.03,648.15,0.02,54.46,36219.07,1
2025-07-15,2025-07-15 11:45:00,648.15,648.26,648.15,648.26,0.02,54.46,36219.07,1
2025-07-15,2025-07-15 11:46:00,648.26,648.38,648.26,648.38,0.02,54.46,36219.07,1
2025-07-15,2025-07-15 11:47:00,648.38,648.49,648.38,648.49,0.02,54.46,36219.07,1
2025-07-15,2025-07-15 11:48:00,648.49,648.61,648.49,648.61,0.02,54.46,36219.07,1
2025-07-15,2025-07-15 11:49:00,648.61,648.72,648.61,648.72,0.02,54.46,36219.07,1
2025-07-15,2025-07-15 11:50:00,648.72,648.84,648.72,648.84,0.02,54.46,36219.07,1
2025-07-15,2025-07-15 11:51:00,648.84,648.95,648.84,648.95,0.02,54.46,36219.07,1
2025-07-15,2025-07-15 11:52:00,648.95,649.06,648.95,649.06,0.02,54.46,36219.07,1
2025-07-15,2025-07-15 11:53:00,649.06,649.18,649.06,649.18,0.02,54.46,36219.07,1
2025-07-15,2025-07-15 11:54:00,649.18,649.29,649.18,649.29,0.02,54.46,36219.07,1
2025-07-15,2025-07-15 11:55:00,649.29,649.41,649.29,649.41,0.02,54.46,36219.07,1
2025-07-15,2025-07-15 11:56:00,649.41,649.52,649.41,649.52,0.02,54.46,36219.07,1
2025-07-15,2025-07-15 11:57:00,649.52,649.64,649.52,649.64,0.02,54.46,36219.07,1
2025-07-15,2025-07-15 11:58:00,649.64,649.75,649.64,649.75,0.02,54.46,36219.07,1
2025-07-15,2025-07-15 11:59:00,649.75,649.87,649.75,649.87,0.02,54.46,36219.07,1
2025-07-15,2025-07-15 12:00:00,649.87,649.98,649.87,649.98,0.02,54.46,36219.07,1
2025-07-15,2025-07-15 12:01:00,649.98,650.09,649.98,650.09,0.02,54.46,36219.07,1
2025-07-15,2025-07-15 12:02:00,650.09,650.21,650.09,650.21,0.02,54.46,36219.07,1
2025-07-15,2025-07-15 12:03:00,650.21,650.32,650.21,650.32,0.02,54.46,36219.07,1
2025-07-15,2025-07-15 12:04:00,650.32,650.44,650.32,650.44,0.02,54.46,36219.07,1
2025-07-15,2025-07-15 12:05:00,650.44,650.55,650.44,650.55,0.02,54.46,36219.07,1
2025-07-15,2025-07-15 12:06:00,650.55,650.67,650.55,650.67,0.02,54.46,36219.07,1
2025-07-15,2025-07-15 12:07:00,650.67,650.78,650.67,650.78,0.02,54.46,36219.07,1
2025-07-15,2025-07-15 12:08:00,650.78,650.89,650.78,650.89,0.02,54.46,36219.07,1
2025-07-15,2025-07-15 12:09:00,650.89,651.01,650.89,651.01,0.02,54.46,36219.07,1
2025-07-15,2025-07-15 12:10:00,651.01,651.12,651.01,651.12,0.02,54.46,36219.07,1
2025-07-15,2025-07-15 12:11:00,651.12,651.24,651.12,651.24,0.02,54.46,36219.07,1
2025-07-15,2025-07-15 12:12:00,651.24,651.35,651.24,651.35,0.02,54.46,36219.07,1
2025-07-15,2025-07-15 12:13:00,651.35,651.47,651.35,651.47,0.02,54.46,36219.07,1
2025-07-15,2025-07-15 12:14:00,651.47,651.58,651.47,651.58,0.02,54.46,36219.07,1
2025-07-15,2025-07-15 12:15:00,651.58,651.7,651.58,651.7,0.02,54.46,36219.07,1
2025-07-15,2025-07-15 12:16:00,651.7,651.81,651.7,651.81,0.02,54.46,36219.07,1
2025-07-15,2025-07-15 12:17:00,651.81,651.92,651.81,651.92,0.02,54.46,36219.07,1
2025-07-15,2025-07-15 12:18:00,651.92,652.04,651.92,652.04,0.02,54.46,36219.07,1
2025-07-15,2025-07-15 12:19:00,652.04,652.15,652.04,652.15,0.02,54.46,36219.07,1
2025-07-15,2025-07-15 12:20:00,652.15,652.27,652.15,652.27,0.02,54.46,36219.07,1
2025-07-15,2025-07-15 12:21:00,652.27,652.38,652.27,652.38,0.02,54.46,36219.07,1
2025-07-15,2025-07-15 12:22:00,652.38,652.5,652.38,652.5,0.02,54.46,36219.07,1
2025-07-15,2025-07-15 12:23:00,652.5,652.61,652.5,652.61,0.02,54.46,36219.07,1
2025-07-15,2025-07-15 12:24:00,652.61,652.73,652.61,652.73,0.02,54.46,36219.07,1
2025-07-15,2025-07-15 12:25:00,652.73,652.84,652.73,652.84,0.02,54.46,36219.07,1
2025-07-15,2025-07-15 12:26:00,652.84,652.95,652.84,652.95,0.02,54.46,36219.07,1
2025-07-15,2025-07-15 12:27:00,652.95,653.07,652.95,653.07,0.02,54.46,36219.07,1
2025-07-15,2025-07-15 12:28:00,653.07,653.18,653.07,653.18,0.02,54.46,36219.07,1
2025-07-15,2025-07-15 12:29:00,653.18,653.3,653.18,653.3,0.02,54.46,36219.07,1
2025-07-15,2025-07-15 12:30:00,653.3,653.41,653.3,653.41,0.02,54.46,36219.07,1
2025-07-15,2025-07-15 12:31:00,653.41,653.53,653.41,653.53,0.02,54.46,36219.07,1
2025-07-15,2025-07-15 12:32:00,653.53,653.64,653.53,653.64,0.02,54.46,36219.07,1
2025-07-15,2025-07-15 12:33:00,653.64,653.76,653.64,653.76,0.02,54.46,36219.07,1
2025-07-15,2025-07-15 12:34:00,653.76,653.87,653.76,653.87,0.02,54.46,36219.07,1
2025-07-15,2025-07-15 12:35:00,653.87,653.98,653.87,653.98,0.02,54.46,36219.07,1
2025-07-15,2025-07-15 12:36:00,653.98,654.1,653.98,654.1,0.02,54.46,36219.07,1
2025-07-15,2025-07-15 12:37:00,654.1,654.21,654.1,654.21,0.02,54.46,36219.07,1
2025-07-15,2025-07-15 12:38:00,654.21,654.33,654.21,654.33,0.02,54.46,36219.07,1
2025-07-15,2025-07-15 12:39:00,654.33,654.44,654.33,654.44,0.02,54.46,36219.07,1
2025-07-15,2025-07-15 12:40:00,654.44,654.56,654.44,654.56,0.02,54.46,36219.07,1
2025-07-15,2025-07-15 12:41:00,654.56,654.67,654.56,654.67,0.02,54.46,36219.07,1
2025-07-15,2025-07-15 12:42:00,654.67,654.78,654.67,654.78,0.02,54.46,36219.07,1
2025-07-15,2025-07-15 12:43:00,654.78,654.9,654.78,654.9,0.02,54.46,36219.07,1
2025-07-15,2025-07-15 12:44:00,654.9,655.01,654.9,655.01,0.02,54.46,36219.07,1
2025-07-15,2025-07-15 12:45:00,655.01,655.13,655.01,655.13,0.02,54.46,36219.07,1
2025-07-15,2025-07-15 12:46:00,655.13,655.24,655.13,655.24,0.02,54.46,36219.07,1
2025-07-15,2025-07-15 12:47:00,655.24,655.36,655.24,655.36,0.02,54.46,36219.07,1
2025-07-15,2025-07-15 12:48:00,655.36,655.47,655.36,655.47,0.02,54.46,36219.07,1
2025-07-15,2025-07-15 12:49:00,655.47,655.59,655.47,655.59,0.02,54.46,36219.07,1
2025-07-15,2025-07-15 12:50:00,655.59,655.7,655.59,655.7,0.02,54.46,36219.07,1
2025-07-15,2025-07-15 12:51:00,655.7,655.81,655.7,655.81,0.02,54.46,36219.07,1
2025-07-15,2025-07-15 12:52:00,655.81,655.93,655.81,655.93,0.02,54.46,36219.07,1
2025-07-15,2025-07-15 12:53:00,655.93,656.04,655.93,656.04,0.02,54.46,36219.07,1
2025-07-15,2025-07-15 12:54:00,656.04,656.16,656.04,656.16,0.02,54.46,36219.07,1
2025-07-15,2025-07-15 12:55:00,656.16,656.27,656.16,656.27,0.02,54.46,36219.07,1
2025-07-15,2025-07-15 12:56:00,656.27,656.39,656.27,656.39,0.02,54.46,36219.07,1
2025-07-15,2025-07-15 12:57:00,656.39,656.5,656.39,656.5,0.02,54.46,36219.07,1
2025-07-15,2025-07-15 12:58:00,656.5,656.62,656.5,656.62,0.02,54.46,36219.07,1
2025-07-15,2025-07-15 12:59:00,656.62,656.73,656.62,656.73,0.02,54.46,36219.07,1
2025-07-15,2025-07-15 13:00:00,656.73,675.0,643.0,656.84,0.02,54.46,36219.07,1
2025-07-15,2025-07-15 13:01:00,656.84,656.96,656.84,656.96,0.02,54.46,36219.07,1
2025-07-15,2025-07-15 13:02:00,656.96,657.07,656.96,657.07,0.02,54.46,36219.07,1
2025-07-15,2025-07-15 13:03:00,657.07,657.19,657.07,657.19,0.02,54.46,36219.07,1
2025-07-15,2025-07-15 13:04:00,657.19,657.3,657.19,657.3,0.02,54.46,36219.07,1
2025-07-15,2025-07-15 13:05:00,657.3,657.42,657.3,657.42,0.02,54.46,36219.07,1
2025-07-15,2025-07-15 13:06:00,657.42,657.53,657.42,657.53,0.02,54.46,36219.07,1
2025-07-15,2025-07-15 13:07:00,657.53,657.65,657.53,657.65,0.02,54.46,36219.07,1
2025-07-15,2025-07-15 13:08:00,657.65,657.76,657.65,657.76,0.02,54.46,36219.07,1
2025-07-15,2025-07-15 13:09:00,657.76,657.87,657.76,657.87,0.02,54.46,36219.07,1
2025-07-15,2025-07-15 13:10:00,657.87,657.99,657.87,657.99,0.02,54.46,36219.07,1
2025-07-15,2025-07-15 13:11:00,657.99,658.1,657.99,658.1,0.02,54.46,36219.07,1
2025-07-15,2025-07-15 13:12:00,658.1,658.22,658.1,658.22,0.02,54.46,36219.07,1
2025-07-15,2025-07-15 13:13:00,658.22,658.33,658.22,658.33,0.02,54.46,36219.07,1
2025-07-15,2025-07-15 13:14:00,658.33,658.45,658.33,658.45,0.02,54.46,36219.07,1
2025-07-15,2025-07-15 13:15:00,658.45,658.56,658.45,658.56,0.02,54.46,36219.07,1
2025-07-15,2025-07-15 13:16:00,658.56,658.68,658.56,658.68,0.02,54.46,36219.07,1
2025-07-15,2025-07-15 13:17:00,658.68,658.79,658.68,658.79,0.02,54.46,36219.07,1
2025-07-15,2025-07-15 13:18:00,658.79,658.9,658.79,658.9,0.02,54.46,36219.07,1
2025-07-15,2025-07-15 13:19:00,658.9,659.02,658.9,659.02,0.02,54.46,36219.07,1
2025-07-15,2025-07-15 13:20:00,659.02,659.13,659.02,659.13,0.02,54.46,36219.07,1
2025-07-15,2025-07-15 13:21:00,659.13,659.25,659.13,659.25,0.02,54.46,36219.07,1
2025-07-15,2025-07-15 13:22:00,659.25,659.36,659.25,659.36,0.02,54.46,36219.07,1
2025-07-15,2025-07-15 13:23:00,659.36,659.48,659.36,659.48,0.02,54.46,36219.07,1
2025-07-15,2025-07-15 13:24:00,659.48,659.59,659.48,659.59,0.02,54.46,36219.07,1
2025-07-15,2025-07-15 13:25:00,659.59,659.7,659.59,659.7,0.02,54.46,36219.07,1
2025-07-15,2025-07-15 13:26:00,659.7,659.82,659.7,659.82,0.02,54.46,36219.07,1
2025-07-15,2025-07-15 13:27:00,659.82,659.93,659.82,659.93,0.02,54.46,36219.07,1
2025-07-15,2025-07-15 13:28:00,659.93,660.05,659.93,660.05,0.02,54.46,36219.07,1
2025-07-15,2025-07-15 13:29:00,660.05,660.16,660.05,660.16,0.02,54.46,36219.07,1
2025-07-15,2025-07-15 13:30:00,660.16,660.28,660.16,660.28,0.02,54.46,36219.07,1
2025-07-15,2025-07-15 13:31:00,660.28,660.39,660.28,660.39,0.02,54.46,36219.07,1
2025-07-15,2025-07-15 13:32:00,660.39,660.51,660.39,660.51,0.02,54.46,36219.07,1
2025-07-15,2025-07-15 13:33:00,660.51,660.62,660.51,660.62,0.02,54.46,36219.07,1
2025-07-15,2025-07-15 13:34:00,660.62,660.73,660.62,660.73,0.02,54.46,36219.07,1
2025-07-15,2025-07-15 13:35:00,660.73,660.85,660.73,660.85,0.02,54.46,36219.07,1
2025-07-15,2025-07-15 13:36:00,660.85,660.96,660.85,660.96,0.02,54.46,36219.07,1
2025-07-15,2025-07-15 13:37:00,660.96,661.08,660.96,661.08,0.02,54.46,36219.07,1
2025-07-15,2025-07-15 13:38:00,661.08,661.19,661.08,661.19,0.02,54.46,36219.07,1
2025-07-15,2025-07-15 13:39:00,661.19,661.31,661.19,661.31,0.02,54.46,36219.07,1
2025-07-15,2025-07-15 13:40:00,661.31,661.42,661.31,661.42,0.02,54.46,36219.07,1
2025-07-15,2025-07-15 13:41:00,661.42,661.54,661.42,661.54,0.02,54.46,36219.07,1
2025-07-15,2025-07-15 13:42:00,661.54,661.65,661.54,661.65,0.02,54.46,36219.07,1
2025-07-15,2025-07-15 13:43:00,661.65,661.76,661.65,661.76,0.02,54.46,36219.07,1
2025-07-15,2025-07-15 13:44:00,661.76,661.88,661.76,661.88,0.02,54.46,36219.07,1
2025-07-15,2025-07-15 13:45:00,661.88,661.99,661.88,661.99,0.02,54.46,36219.07,1
2025-07-15,2025-07-15 13:46:00,661.99,662.11,661.99,662.11,0.02,54.46,36219.07,1
2025-07-15,2025-07-15 13:47:00,662.11,662.22,662.11,662.22,0.02,54.46,36219.07,1
2025-07-15,2025-07-15 13:48:00,662.22,662.34,662.22,662.34,0.02,54.46,36219.07,1
2025-07-15,2025-07-15 13:49:00,662.34,662.45,662.34,662.45,0.02,54.46,36219.07,1
2025-07-15,2025-07-15 13:50:00,662.45,662.57,662.45,662.57,0.02,54.46,36219.07,1
2025-07-15,2025-07-15 13:51:00,662.57,662.68,662.57,662.68,0.02,54.46,36219.07,1
2025-07-15,2025-07-15 13:52:00,662.68,662.79,662.68,662.79,0.02,54.46,36219.07,1
2025-07-15,2025-07-15 13:53:00,662.79,662.91,662.79,662.91,0.02,54.46,36219.07,1
2025-07-15,2025-07-15 13:54:00,662.91,663.02,662.91,663.02,0.02,54.46,36219.07,1
2025-07-15,2025-07-15 13:55:00,663.02,663.14,663.02,663.14,0.02,54.46,36219.07,1
2025-07-15,2025-07-15 13:56:00,663.14,663.25,663.14,663.25,0.02,54.46,36219.07,1
2025-07-15,2025-07-15 13:57:00,663.25,663.37,663.25,663.37,0.02,54.46,36219.07,1
2025-07-15,2025-07-15 13:58:00,663.37,663.48,663.37,663.48,0.02,54.46,36219.07,1
2025-07-15,2025-07-15 13:59:00,663.48,663.6,663.48,663.6,0.02,54.46,36219.07,1
2025-07-15,2025-07-15 14:00:00,663.6,663.71,663.6,663.71,0.02,54.46,36219.07,1
2025-07-15,2025-07-15 14:01:00,663.71,663.82,663.71,663.82,0.02,54.46,36219.07,1
2025-07-15,2025-07-15 14:02:00,663.82,663.94,663.82,663.94,0.02,54.46,36219.07,1
2025-07-15,2025-07-15 14:03:00,663.94,664.05,663.94,664.05,0.02,54.46,36219.07,1
2025-07-15,2025-07-15 14:04:00,664.05,664.17,664.05,664.17,0.02,54.46,36219.07,1
2025-07-15,2025-07-15 14:05:00,664.17,664.28,664.17,664.28,0.02,54.46,36219.07,1
2025-07-15,2025-07-15 14:06:00,664.28,664.4,664.28,664.4,0.02,54.46,36219.07,1
2025-07-15,2025-07-15 14:07:00,664.4,664.51,664.4,664.51,0.02,54.46,36219.07,1
2025-07-15,2025-07-15 14:08:00,664.51,664.62,664.51,664.62,0.02,54.46,36219.07,1
2025-07-15,2025-07-15 14:09:00,664.62,664.74,664.62,664.74,0.02,54.46,36219.07,1
2025-07-15,2025-07-15 14:10:00,664.74,664.85,664.74,664.85,0.02,54.46,36219.07,1
2025-07-15,2025-07-15 14:11:00,664.85,664.97,664.85,664.97,0.02,54.46,36219.07,1
2025-07-15,2025-07-15 14:12:00,664.97,665.08,664.97,665.08,0.02,54.46,36219.07,1
2025-07-15,2025-07-15 14:13:00,665.08,665.2,665.08,665.2,0.02,54.46,36219.07,1
2025-07-15,2025-07-15 14:14:00,665.2,665.31,665.2,665.31,0.02,54.46,36219.07,1
2025-07-15,2025-07-15 14:15:00,665.31,665.43,665.31,665.43,0.02,54.46,36219.07,1
2025-07-15,2025-07-15 14:16:00,665.43,665.54,665.43,665.54,0.02,54.46,36219.07,1
2025-07-15,2025-07-15 14:17:00,665.54,665.65,665.54,665.65,0.02,54.46,36219.07,1
2025-07-15,2025-07-15 14:18:00,665.65,665.77,665.65,665.77,0.02,54.46,36219.07,1
2025-07-15,2025-07-15 14:19:00,665.77,665.88,665.77,665.88,0.02,54.46,36219.07,1
2025-07-15,2025-07-15 14:20:00,665.88,666.0,665.88,666.0,0.02,54.46,36219.07,1
2025-07-15,2025-07-15 14:21:00,666.0,666.11,666.0,666.11,0.02,54.46,36219.07,1
2025-07-15,2025-07-15 14:22:00,666.11,666.23,666.11,666.23,0.02,54.46,36219.07,1
2025-07-15,2025-07-15 14:23:00,666.23,666.34,666.23,666.34,0.02,54.46,36219.07,1
2025-07-15,2025-07-15 14:24:00,666.34,666.46,666.34,666.46,0.02,54.46,36219.07,1
2025-07-15,2025-07-15 14:25:00,666.46,666.57,666.46,666.57,0.02,54.46,36219.07,1
2025-07-15,2025-07-15 14:26:00,666.57,666.68,666.57,666.68,0.02,54.46,36219.07,1
2025-07-15,2025-07-15 14:27:00,666.68,666.8,666.68,666.8,0.02,54.46,36219.07,1
2025-07-15,2025-07-15 14:28:00,666.8,666.91,666.8,666.91,0.02,54.46,36219.07,1
2025-07-15,2025-07-15 14:29:00,666.91,667.03,666.91,667.03,0.02,54.46,36219.07,1
2025-07-15,2025-07-15 14:30:00,667.03,667.14,667.03,667.14,0.02,54.46,36219.07,1
2025-07-15,2025-07-15 14:31:00,667.14,667.26,667.14,667.26,0.02,54.46,36219.07,1
2025-07-15,2025-07-15 14:32:00,667.26,667.37,667.26,667.37,0.02,54.46,36219.07,1
2025-07-15,2025-07-15 14:33:00,667.37,667.49,667.37,667.49,0.02,54.46,36219.07,1
2025-07-15,2025-07-15 14:34:00,667.49,667.6,667.49,667.6,0.02,54.46,36219.07,1
2025-07-15,2025-07-15 14:35:00,667.6,667.71,667.6,667.71,0.02,54.46,36219.07,1
2025-07-15,2025-07-15 14:36:00,667.71,667.83,667.71,667.83,0.02,54.46,36219.07,1
2025-07-15,2025-07-15 14:37:00,667.83,667.94,667.83,667.94,0.02,54.46,36219.07,1
2025-07-15,2025-07-15 14:38:00,667.94,668.06,667.94,668.06,0.02,54.46,36219.07,1
2025-07-15,2025-07-15 14:39:00,668.06,668.17,668.06,668.17,0.02,54.46,36219.07,1
2025-07-15,2025-07-15 14:40:00,668.17,668.29,668.17,668.29,0.02,54.46,36219.07,1
2025-07-15,2025-07-15 14:41:00,668.29,668.4,668.29,668.4,0.02,54.46,36219.07,1
2025-07-15,2025-07-15 14:42:00,668.4,668.51,668.4,668.51,0.02,54.46,36219.07,1
2025-07-15,2025-07-15 14:43:00,668.51,668.63,668.51,668.63,0.02,54.46,36219.07,1
2025-07-15,2025-07-15 14:44:00,668.63,668.74,668.63,668.74,0.02,54.46,36219.07,1
2025-07-15,2025-07-15 14:45:00,668.74,668.86,668.74,668.86,0.02,54.46,36219.07,1
2025-07-15,2025-07-15 14:46:00,668.86,668.97,668.86,668.97,0.02,54.46,36219.07,1
2025-07-15,2025-07-15 14:47:00,668.97,669.09,668.97,669.09,0.02,54.46,36219.07,1
2025-07-15,2025-07-15 14:48:00,669.09,669.2,669.09,669.2,0.02,54.46,36219.07,1
2025-07-15,2025-07-15 14:49:00,669.2,669.32,669.2,669.32,0.02,54.46,36219.07,1
2025-07-15,2025-07-15 14:50:00,669.32,669.43,669.32,669.43,0.02,54.46,36219.07,1
2025-07-15,2025-07-15 14:51:00,669.43,669.54,669.43,669.54,0.02,54.46,36219.07,1
2025-07-15,2025-07-15 14:52:00,669.54,669.66,669.54,669.66,0.02,54.46,36219.07,1
2025-07-15,2025-07-15 14:53:00,669.66,669.77,669.66,669.77,0.02,54.46,36219.07,1
2025-07-15,2025-07-15 14:54:00,669.77,669.89,669.77,669.89,0.02,54.46,36219.07,1
2025-07-15,2025-07-15 14:55:00,669.89,670.0,669.89,670.0,0.02,54.46,36219.07,1
2025-07-15,2025-07-15 14:56:00,670.0,670.12,670.0,670.12,0.02,54.46,36219.07,1
2025-07-15,2025-07-15 14:57:00,670.12,670.23,670.12,670.23,0.02,54.46,36219.07,1
2025-07-15,2025-07-15 14:58:00,670.23,670.35,670.23,670.35,0.02,54.46,36219.07,1
2025-07-15,2025-07-15 14:59:00,670.35,670.46,670.35,670.46,0.02,54.46,36219.07,1
2025-07-15,2025-07-15 15:00:00,670.46,675.0,643.0,670.46,0.0,54.46,36219.07,0
2025-07-16,2025-07-16 11:00:00,665.0,671.45,662.63,665.0,0.0,59.34,39868.37,0
2025-07-16,2025-07-16 11:01:00,665.0,665.0,664.99,664.99,-0.0,59.34,39868.37,-1
2025-07-16,2025-07-16 11:02:00,664.99,664.99,664.99,664.99,0.0,59.34,39868.37,0
2025-07-16,2025-07-16 11:03:00,664.99,664.99,664.98,664.98,-0.0,59.34,39868.37,-1
2025-07-16,2025-07-16 11:04:00,664.98,664.98,664.98,664.98,0.0,59.34,39868.37,0
2025-07-16,2025-07-16 11:05:00,664.98,664.98,664.98,664.98,0.0,59.34,39868.37,0
2025-07-16,2025-07-16 11:06:00,664.98,664.98,664.97,664.97,-0.0,59.34,39868.37,-1
2025-07-16,2025-07-16 11:07:00,664.97,664.97,664.97,664.97,0.0,59.34,39868.37,0
2025-07-16,2025-07-16 11:08:00,664.97,664.97,664.96,664.96,-0.0,59.34,39868.37,-1
2025-07-16,2025-07-16 11:09:00,664.96,664.96,664.96,664.96,0.0,59.34,39868.37,0
2025-07-16,2025-07-16 11:10:00,664.96,664.96,664.96,664.96,0.0,59.34,39868.37,0
2025-07-16,2025-07-16 11:11:00,664.96,664.96,664.95,664.95,-0.0,59.34,39868.37,-1
2025-07-16,2025-07-16 11:12:00,664.95,664.95,664.95,664.95,0.0,59.34,39868.37,0
2025-07-16,2025-07-16 11:13:00,664.95,664.95,664.94,664.94,-0.0,59.34,39868.37,-1
2025-07-16,2025-07-16 11:14:00,664.94,664.94,664.94,664.94,0.0,59.34,39868.37,0
2025-07-16,2025-07-16 11:15:00,664.94,664.94,664.94,664.94,0.0,59.34,39868.37,0
2025-07-16,2025-07-16 11:16:00,664.94,664.94,664.93,664.93,-0.0,59.34,39868.37,-1
2025-07-16,2025-07-16 11:17:00,664.93,664.93,664.93,664.93,0.0,59.34,39868.37,0
2025-07-16,2025-07-16 11:18:00,664.93,664.93,664.92,664.92,-0.0,59.34,39868.37,-1
2025-07-16,2025-07-16 11:19:00,664.92,664.92,664.92,664.92,0.0,59.34,39868.37,0
2025-07-16,2025-07-16 11:20:00,664.92,664.92,664.92,664.92,0.0,59.34,39868.37,0
2025-07-16,2025-07-16 11:21:00,664.92,664.92,664.91,664.91,-0.0,59.34,39868.37,-1
2025-07-16,2025-07-16 11:22:00,664.91,664.91,664.91,664.91,0.0,59.34,39868.37,0
2025-07-16,2025-07-16 11:23:00,664.91,664.91,664.9,664.9,-0.0,59.34,39868.37,-1
2025-07-16,2025-07-16 11:24:00,664.9,664.9,664.9,664.9,0.0,59.34,39868.37,0
2025-07-16,2025-07-16 11:25:00,664.9,664.9,664.9,664.9,0.0,59.34,39868.37,0
2025-07-16,2025-07-16 11:26:00,664.9,664.9,664.89,664.89,-0.0,59.34,39868.37,-1
2025-07-16,2025-07-16 11:27:00,664.89,664.89,664.89,664.89,0.0,59.34,39868.37,0
2025-07-16,2025-07-16 11:28:00,664.89,664.89,664.89,664.89,0.0,59.34,39868.37,0
2025-07-16,2025-07-16 11:29:00,664.89,664.89,664.88,664.88,-0.0,59.34,39868.37,-1
2025-07-16,2025-07-16 11:30:00,664.88,664.88,664.88,664.88,0.0,59.34,39868.37,0
2025-07-16,2025-07-16 11:31:00,664.88,664.88,664.87,664.87,-0.0,59.34,39868.37,-1
2025-07-16,2025-07-16 11:32:00,664.87,664.87,664.87,664.87,0.0,59.34,39868.37,0
2025-07-16,2025-07-16 11:33:00,664.87,664.87,664.87,664.87,0.0,59.34,39868.37,0
2025-07-16,2025-07-16 11:34:00,664.87,664.87,664.86,664.86,-0.0,59.34,39868.37,-1
2025-07-16,2025-07-16 11:35:00,664.86,664.86,664.86,664.86,0.0,59.34,39868.37,0
2025-07-16,2025-07-16 11:36:00,664.86,664.86,664.85,664.85,-0.0,59.34,39868.37,-1
2025-07-16,2025-07-16 11:37:00,664.85,664.85,664.85,664.85,0.0,59.34,39868.37,0
2025-07-16,2025-07-16 11:38:00,664.85,664.85,664.85,664.85,0.0,59.34,39868.37,0
2025-07-16,2025-07-16 11:39:00,664.85,664.85,664.84,664.84,-0.0,59.34,39868.37,-1
2025-07-16,2025-07-16 11:40:00,664.84,664.84,664.84,664.84,0.0,59.34,39868.37,0
2025-07-16,2025-07-16 11:41:00,664.84,664.84,664.83,664.83,-0.0,59.34,39868.37,-1
2025-07-16,2025-07-16 11:42:00,664.83,664.83,664.83,664.83,0.0,59.34,39868.37,0
2025-07-16,2025-07-16 11:43:00,664.83,664.83,664.83,664.83,0.0,59.34,39868.37,0
2025-07-16,2025-07-16 11:44:00,664.83,664.83,664.82,664.82,-0.0,59.34,39868.37,-1
2025-07-16,2025-07-16 11:45:00,664.82,664.82,664.82,664.82,0.0,59.34,39868.37,0
2025-07-16,2025-07-16 11:46:00,664.82,664.82,664.81,664.81,-0.0,59.34,39868.37,-1
2025-07-16,2025-07-16 11:47:00,664.81,664.81,664.81,664.81,0.0,59.34,39868.37,0
2025-07-16,2025-07-16 11:48:00,664.81,664.81,664.81,664.81,0.0,59.34,39868.37,0
2025-07-16,2025-07-16 11:49:00,664.81,664.81,664.8,664.8,-0.0,59.34,39868.37,-1
2025-07-16,2025-07-16 11:50:00,664.8,664.8,664.8,664.8,0.0,59.34,39868.37,0
2025-07-16,2025-07-16 11:51:00,664.8,664.8,664.79,664.79,-0.0,59.34,39868.37,-1
2025-07-16,2025-07-16 11:52:00,664.79,664.79,664.79,664.79,0.0,59.34,39868.37,0
2025-07-16,2025-07-16 11:53:00,664.79,664.79,664.79,664.79,0.0,59.34,39868.37,0
2025-07-16,2025-07-16 11:54:00,664.79,664.79,664.78,664.78,-0.0,59.34,39868.37,-1
2025-07-16,2025-07-16 11:55:00,664.78,664.78,664.78,664.78,0.0,59.34,39868.37,0
2025-07-16,2025-07-16 11:56:00,664.78,664.78,664.77,664.77,-0.0,59.34,39868.37,-1
2025-07-16,2025-07-16 11:57:00,664.77,664.77,664.77,664.77,0.0,59.34,39868.37,0
2025-07-16,2025-07-16 11:58:00,664.77,664.77,664.77,664.77,0.0,59.34,39868.37,0
2025-07-16,2025-07-16 11:59:00,664.77,664.77,664.76,664.76,-0.0,59.34,39868.37,-1
2025-07-16,2025-07-16 12:00:00,664.76,664.76,664.76,664.76,0.0,59.34,39868.37,0
2025-07-16,2025-07-16 12:01:00,664.76,664.76,664.75,664.75,-0.0,59.34,39868.37,-1
2025-07-16,2025-07-16 12:02:00,664.75,664.75,664.75,664.75,0.0,59.34,39868.37,0
2025-07-16,2025-07-16 12:03:00,664.75,664.75,664.75,664.75,0.0,59.34,39868.37,0
2025-07-16,2025-07-16 12:04:00,664.75,664.75,664.74,664.74,-0.0,59.34,39868.37,-1
2025-07-16,2025-07-16 12:05:00,664.74,664.74,664.74,664.74,0.0,59.34,39868.37,0
2025-07-16,2025-07-16 12:06:00,664.74,664.74,664.73,664.73,-0.0,59.34,39868.37,-1
2025-07-16,2025-07-16 12:07:00,664.73,664.73,664.73,664.73,0.0,59.34,39868.37,0
2025-07-16,2025-07-16 12:08:00,664.73,664.73,664.73,664.73,0.0,59.34,39868.37,0
2025-07-16,2025-07-16 12:09:00,664.73,664.73,664.72,664.72,-0.0,59.34,39868.37,-1
2025-07-16,2025-07-16 12:10:00,664.72,664.72,664.72,664.72,0.0,59.34,39868.37,0
2025-07-16,2025-07-16 12:11:00,664.72,664.72,664.72,664.72,0.0,59.34,39868.37,0
2025-07-16,2025-07-16 12:12:00,664.72,664.72,664.71,664.71,-0.0,59.34,39868.37,-1
2025-07-16,2025-07-16 12:13:00,664.71,664.71,664.71,664.71,0.0,59.34,39868.37,0
2025-07-16,2025-07-16 12:14:00,664.71,664.71,664.7,664.7,-0.0,59.34,39868.37,-1
2025-07-16,2025-07-16 12:15:00,664.7,664.7,664.7,664.7,0.0,59.34,39868.37,0
2025-07-16,2025-07-16 12:16:00,664.7,664.7,664.7,664.7,0.0,59.34,39868.37,0
2025-07-16,2025-07-16 12:17:00,664.7,664.7,664.69,664.69,-0.0,59.34,39868.37,-1
2025-07-16,2025-07-16 12:18:00,664.69,664.69,664.69,664.69,0.0,59.34,39868.37,0
2025-07-16,2025-07-16 12:19:00,664.69,664.69,664.68,664.68,-0.0,59.34,39868.37,-1
2025-07-16,2025-07-16 12:20:00,664.68,664.68,664.68,664.68,0.0,59.34,39868.37,0
2025-07-16,2025-07-16 12:21:00,664.68,664.68,664.68,664.68,0.0,59.34,39868.37,0
2025-07-16,2025-07-16 12:22:00,664.68,664.68,664.67,664.67,-0.0,59.34,39868.37,-1
2025-07-16,2025-07-16 12:23:00,664.67,664.67,664.67,664.67,0.0,59.34,39868.37,0
2025-07-16,2025-07-16 12:24:00,664.67,664.67,664.66,664.66,-0.0,59.34,39868.37,-1
2025-07-16,2025-07-16 12:25:00,664.66,664.66,664.66,664.66,0.0,59.34,39868.37,0
2025-07-16,2025-07-16 12:26:00,664.66,664.66,664.66,664.66,0.0,59.34,39868.37,0
2025-07-16,2025-07-16 12:27:00,664.66,664.66,664.65,664.65,-0.0,59.34,39868.37,-1
2025-07-16,2025-07-16 12:28:00,664.65,664.65,664.65,664.65,0.0,59.34,39868.37,0
2025-07-16,2025-07-16 12:29:00,664.65,664.65,664.64,664.64,-0.0,59.34,39868.37,-1
2025-07-16,2025-07-16 12:30:00,664.64,664.64,664.64,664.64,0.0,59.34,39868.37,0
2025-07-16,2025-07-16 12:31:00,664.64,664.64,664.64,664.64,0.0,59.34,39868.37,0
2025-07-16,2025-07-16 12:32:00,664.64,664.64,664.63,664.63,-0.0,59.34,39868.37,-1
2025-07-16,2025-07-16 12:33:00,664.63,664.63,664.63,664.63,0.0,59.34,39868.37,0
2025-07-16,2025-07-16 12:34:00,664.63,664.63,664.62,664.62,-0.0,59.34,39868.37,-1
2025-07-16,2025-07-16 12:35:00,664.62,664.62,664.62,664.62,0.0,59.34,39868.37,0
2025-07-16,2025-07-16 12:36:00,664.62,664.62,664.62,664.62,0.0,59.34,39868.37,0
2025-07-16,2025-07-16 12:37:00,664.62,664.62,664.61,664.61,-0.0,59.34,39868.37,-1
2025-07-16,2025-07-16 12:38:00,664.61,664.61,664.61,664.61,0.0,59.34,39868.37,0
2025-07-16,2025-07-16 12:39:00,664.61,664.61,664.6,664.6,-0.0,59.34,39868.37,-1
2025-07-16,2025-07-16 12:40:00,664.6,664.6,664.6,664.6,0.0,59.34,39868.37,0
2025-07-16,2025-07-16 12:41:00,664.6,664.6,664.6,664.6,0.0,59.34,39868.37,0
2025-07-16,2025-07-16 12:42:00,664.6,664.6,664.59,664.59,-0.0,59.34,39868.37,-1
2025-07-16,2025-07-16 12:43:00,664.59,664.59,664.59,664.59,0.0,59.34,39868.37,0
2025-07-16,2025-07-16 12:44:00,664.59,664.59,664.58,664.58,-0.0,59.34,39868.37,-1
2025-07-16,2025-07-16 12:45:00,664.58,664.58,664.58,664.58,0.0,59.34,39868.37,0
2025-07-16,2025-07-16 12:46:00,664.58,664.58,664.58,664.58,0.0,59.34,39868.37,0
2025-07-16,2025-07-16 12:47:00,664.58,664.58,664.57,664.57,-0.0,59.34,39868.37,-1
2025-07-16,2025-07-16 12:48:00,664.57,664.57,664.57,664.57,0.0,59.34,39868.37,0
2025-07-16,2025-07-16 12:49:00,664.57,664.57,664.56,664.56,-0.0,59.34,39868.37,-1
2025-07-16,2025-07-16 12:50:00,664.56,664.56,664.56,664.56,0.0,59.34,39868.37,0
2025-07-16,2025-07-16 12:51:00,664.56,664.56,664.56,664.56,0.0,59.34,39868.37,0
2025-07-16,2025-07-16 12:52:00,664.56,664.56,664.55,664.55,-0.0,59.34,39868.37,-1
2025-07-16,2025-07-16 12:53:00,664.55,664.55,664.55,664.55,0.0,59.34,39868.37,0
2025-07-16,2025-07-16 12:54:00,664.55,664.55,664.54,664.54,-0.0,59.34,39868.37,-1
2025-07-16,2025-07-16 12:55:00,664.54,664.54,664.54,664.54,0.0,59.34,39868.37,0
2025-07-16,2025-07-16 12:56:00,664.54,664.54,664.54,664.54,0.0,59.34,39868.37,0
2025-07-16,2025-07-16 12:57:00,664.54,664.54,664.53,664.53,-0.0,59.34,39868.37,-1
2025-07-16,2025-07-16 12:58:00,664.53,664.53,664.53,664.53,0.0,59.34,39868.37,0
2025-07-16,2025-07-16 12:59:00,664.53,664.53,664.52,664.52,-0.0,59.34,39868.37,-1
2025-07-16,2025-07-16 13:00:00,664.52,686.5,657.1,664.52,0.0,59.34,39868.37,0
2025-07-16,2025-07-16 13:01:00,664.52,664.52,664.52,664.52,0.0,59.34,39868.37,0
2025-07-16,2025-07-16 13:02:00,664.52,664.52,664.51,664.51,-0.0,59.34,39868.37,-1
2025-07-16,2025-07-16 13:03:00,664.51,664.51,664.51,664.51,0.0,59.34,39868.37,0
2025-07-16,2025-07-16 13:04:00,664.51,664.51,664.51,664.51,0.0,59.34,39868.37,0
2025-07-16,2025-07-16 13:05:00,664.51,664.51,664.5,664.5,-0.0,59.34,39868.37,-1
2025-07-16,2025-07-16 13:06:00,664.5,664.5,664.5,664.5,0.0,59.34,39868.37,0
2025-07-16,2025-07-16 13:07:00,664.5,664.5,664.49,664.49,-0.0,59.34,39868.37,-1
2025-07-16,2025-07-16 13:08:00,664.49,664.49,664.49,664.49,0.0,59.34,39868.37,0
2025-07-16,2025-07-16 13:09:00,664.49,664.49,664.49,664.49,0.0,59.34,39868.37,0
2025-07-16,2025-07-16 13:10:00,664.49,664.49,664.48,664.48,-0.0,59.34,39868.37,-1
2025-07-16,2025-07-16 13:11:00,664.48,664.48,664.48,664.48,0.0,59.34,39868.37,0
2025-07-16,2025-07-16 13:12:00,664.48,664.48,664.47,664.47,-0.0,59.34,39868.37,-1
2025-07-16,2025-07-16 13:13:00,664.47,664.47,664.47,664.47,0.0,59.34,39868.37,0
2025-07-16,2025-07-16 13:14:00,664.47,664.47,664.47,664.47,0.0,59.34,39868.37,0
2025-07-16,2025-07-16 13:15:00,664.47,664.47,664.46,664.46,-0.0,59.34,39868.37,-1
2025-07-16,2025-07-16 13:16:00,664.46,664.46,664.46,664.46,0.0,59.34,39868.37,0
2025-07-16,2025-07-16 13:17:00,664.46,664.46,664.45,664.45,-0.0,59.34,39868.37,-1
2025-07-16,2025-07-16 13:18:00,664.45,664.45,664.45,664.45,0.0,59.34,39868.37,0
2025-07-16,2025-07-16 13:19:00,664.45,664.45,664.45,664.45,0.0,59.34,39868.37,0
2025-07-16,2025-07-16 13:20:00,664.45,664.45,664.44,664.44,-0.0,59.34,39868.37,-1
2025-07-16,2025-07-16 13:21:00,664.44,664.44,664.44,664.44,0.0,59.34,39868.37,0
2025-07-16,2025-07-16 13:22:00,664.44,664.44,664.43,664.43,-0.0,59.34,39868.37,-1
2025-07-16,2025-07-16 13:23:00,664.43,664.43,664.43,664.43,0.0,59.34,39868.37,0
2025-07-16,2025-07-16 13:24:00,664.43,664.43,664.43,664.43,0.0,59.34,39868.37,0
2025-07-16,2025-07-16 13:25:00,664.43,664.43,664.42,664.42,-0.0,59.34,39868.37,-1
2025-07-16,2025-07-16 13:26:00,664.42,664.42,664.42,664.42,0.0,59.34,39868.37,0
2025-07-16,2025-07-16 13:27:00,664.42,664.42,664.41,664.41,-0.0,59.34,39868.37,-1
2025-07-16,2025-07-16 13:28:00,664.41,664.41,664.41,664.41,0.0,59.34,39868.37,0
2025-07-16,2025-07-16 13:29:00,664.41,664.41,664.41,664.41,0.0,59.34,39868.37,0
2025-07-16,2025-07-16 13:30:00,664.41,664.41,664.4,664.4,-0.0,59.34,39868.37,-1
2025-07-16,2025-07-16 13:31:00,664.4,664.4,664.4,664.4,0.0,59.34,39868.37,0
2025-07-16,2025-07-16 13:32:00,664.4,664.4,664.39,664.39,-0.0,59.34,39868.37,-1
2025-07-16,2025-07-16 13:33:00,664.39,664.39,664.39,664.39,0.0,59.34,39868.37,0
2025-07-16,2025-07-16 13:34:00,664.39,664.39,664.39,664.39,0.0,59.34,39868.37,0
2025-07-16,2025-07-16 13:35:00,664.39,664.39,664.38,664.38,-0.0,59.34,39868.37,-1
2025-07-16,2025-07-16 13:36:00,664.38,664.38,664.38,664.38,0.0,59.34,39868.37,0
2025-07-16,2025-07-16 13:37:00,664.38,664.38,664.37,664.37,-0.0,59.34,39868.37,-1
2025-07-16,2025-07-16 13:38:00,664.37,664.37,664.37,664.37,0.0,59.34,39868.37,0
2025-07-16,2025-07-16 13:39:00,664.37,664.37,664.37,664.37,0.0,59.34,39868.37,0
2025-07-16,2025-07-16 13:40:00,664.37,664.37,664.36,664.36,-0.0,59.34,39868.37,-1
2025-07-16,2025-07-16 13:41:00,664.36,664.36,664.36,664.36,0.0,59.34,39868.37,0
2025-07-16,2025-07-16 13:42:00,664.36,664.36,664.35,664.35,-0.0,59.34,39868.37,-1
2025-07-16,2025-07-16 13:43:00,664.35,664.35,664.35,664.35,0.0,59.34,39868.37,0
2025-07-16,2025-07-16 13:44:00,664.35,664.35,664.35,664.35,0.0,59.34,39868.37,0
2025-07-16,2025-07-16 13:45:00,664.35,664.35,664.34,664.34,-0.0,59.34,39868.37,-1
2025-07-16,2025-07-16 13:46:00,664.34,664.34,664.34,664.34,0.0,59.34,39868.37,0
2025-07-16,2025-07-16 13:47:00,664.34,664.34,664.33,664.33,-0.0,59.34,39868.37,-1
2025-07-16,2025-07-16 13:48:00,664.33,664.33,664.33,664.33,0.0,59.34,39868.37,0
2025-07-16,2025-07-16 13:49:00,664.33,664.33,664.33,664.33,0.0,59.34,39868.37,0
2025-07-16,2025-07-16 13:50:00,664.33,664.33,664.32,664.32,-0.0,59.34,39868.37,-1
2025-07-16,2025-07-16 13:51:00,664.32,664.32,664.32,664.32,0.0,59.34,39868.37,0
2025-07-16,2025-07-16 13:52:00,664.32,664.32,664.32,664.32,0.0,59.34,39868.37,0
2025-07-16,2025-07-16 13:53:00,664.32,664.32,664.31,664.31,-0.0,59.34,39868.37,-1
2025-07-16,2025-07-16 13:54:00,664.31,664.31,664.31,664.31,0.0,59.34,39868.37,0
2025-07-16,2025-07-16 13:55:00,664.31,664.31,664.3,664.3,-0.0,59.34,39868.37,-1
2025-07-16,2025-07-16 13:56:00,664.3,664.3,664.3,664.3,0.0,59.34,39868.37,0
2025-07-16,2025-07-16 13:57:00,664.3,664.3,664.3,664.3,0.0,59.34,39868.37,0
2025-07-16,2025-07-16 13:58:00,664.3,664.3,664.29,664.29,-0.0,59.34,39868.37,-1
2025-07-16,2025-07-16 13:59:00,664.29,664.29,664.29,664.29,0.0,59.34,39868.37,0
2025-07-16,2025-07-16 14:00:00,664.29,664.29,664.28,664.28,-0.0,59.34,39868.37,-1
2025-07-16,2025-07-16 14:01:00,664.28,664.28,664.28,664.28,0.0,59.34,39868.37,0
2025-07-16,2025-07-16 14:02:00,664.28,664.28,664.28,664.28,0.0,59.34,39868.37,0
2025-07-16,2025-07-16 14:03:00,664.28,664.28,664.27,664.27,-0.0,59.34,39868.37,-1
2025-07-16,2025-07-16 14:04:00,664.27,664.27,664.27,664.27,0.0,59.34,39868.37,0
2025-07-16,2025-07-16 14:05:00,664.27,664.27,664.26,664.26,-0.0,59.34,39868.37,-1
2025-07-16,2025-07-16 14:06:00,664.26,664.26,664.26,664.26,0.0,59.34,39868.37,0
2025-07-16,2025-07-16 14:07:00,664.26,664.26,664.26,664.26,0.0,59.34,39868.37,0
2025-07-16,2025-07-16 14:08:00,664.26,664.26,664.25,664.25,-0.0,59.34,39868.37,-1
2025-07-16,2025-07-16 14:09:00,664.25,664.25,664.25,664.25,0.0,59.34,39868.37,0
2025-07-16,2025-07-16 14:10:00,664.25,664.25,664.24,664.24,-0.0,59.34,39868.37,-1
2025-07-16,2025-07-16 14:11:00,664.24,664.24,664.24,664.24,0.0,59.34,39868.37,0
2025-07-16,2025-07-16 14:12:00,664.24,664.24,664.24,664.24,0.0,59.34,39868.37,0
2025-07-16,2025-07-16 14:13:00,664.24,664.24,664.23,664.23,-0.0,59.34,39868.37,-1
2025-07-16,2025-07-16 14:14:00,664.23,664.23,664.23,664.23,0.0,59.34,39868.37,0
2025-07-16,2025-07-16 14:15:00,664.23,664.23,664.22,664.22,-0.0,59.34,39868.37,-1
2025-07-16,2025-07-16 14:16:00,664.22,664.22,664.22,664.22,0.0,59.34,39868.37,0
2025-07-16,2025-07-16 14:17:00,664.22,664.22,664.22,664.22,0.0,59.34,39868.37,0
2025-07-16,2025-07-16 14:18:00,664.22,664.22,664.21,664.21,-0.0,59.34,39868.37,-1
2025-07-16,2025-07-16 14:19:00,664.21,664.21,664.21,664.21,0.0,59.34,39868.37,0
2025-07-16,2025-07-16 14:20:00,664.21,664.21,664.2,664.2,-0.0,59.34,39868.37,-1
2025-07-16,2025-07-16 14:21:00,664.2,664.2,664.2,664.2,0.0,59.34,39868.37,0
2025-07-16,2025-07-16 14:22:00,664.2,664.2,664.2,664.2,0.0,59.34,39868.37,0
2025-07-16,2025-07-16 14:23:00,664.2,664.2,664.19,664.19,-0.0,59.34,39868.37,-1
2025-07-16,2025-07-16 14:24:00,664.19,664.19,664.19,664.19,0.0,59.34,39868.37,0
2025-07-16,2025-07-16 14:25:00,664.19,664.19,664.18,664.18,-0.0,59.34,39868.37,-1
2025-07-16,2025-07-16 14:26:00,664.18,664.18,664.18,664.18,0.0,59.34,39868.37,0
2025-07-16,2025-07-16 14:27:00,664.18,664.18,664.18,664.18,0.0,59.34,39868.37,0
2025-07-16,2025-07-16 14:28:00,664.18,664.18,664.17,664.17,-0.0,59.34,39868.37,-1
2025-07-16,2025-07-16 14:29:00,664.17,664.17,664.17,664.17,0.0,59.34,39868.37,0
2025-07-16,2025-07-16 14:30:00,664.17,664.17,664.16,664.16,-0.0,59.34,39868.37,-1
2025-07-16,2025-07-16 14:31:00,664.16,664.16,664.16,664.16,0.0,59.34,39868.37,0
2025-07-16,2025-07-16 14:32:00,664.16,664.16,664.16,664.16,0.0,59.34,39868.37,0
2025-07-16,2025-07-16 14:33:00,664.16,664.16,664.15,664.15,-0.0,59.34,39868.37,-1
2025-07-16,2025-07-16 14:34:00,664.15,664.15,664.15,664.15,0.0,59.34,39868.37,0
2025-07-16,2025-07-16 14:35:00,664.15,664.15,664.14,664.14,-0.0,59.34,39868.37,-1
2025-07-16,2025-07-16 14:36:00,664.14,664.14,664.14,664.14,0.0,59.34,39868.37,0
2025-07-16,2025-07-16 14:37:00,664.14,664.14,664.14,664.14,0.0,59.34,39868.37,0
2025-07-16,2025-07-16 14:38:00,664.14,664.14,664.13,664.13,-0.0,59.34,39868.37,-1
2025-07-16,2025-07-16 14:39:00,664.13,664.13,664.13,664.13,0.0,59.34,39868.37,0
2025-07-16,2025-07-16 14:40:00,664.13,664.13,664.13,664.13,0.0,59.34,39868.37,0
2025-07-16,2025-07-16 14:41:00,664.13,664.13,664.12,664.12,-0.0,59.34,39868.37,-1
2025-07-16,2025-07-16 14:42:00,664.12,664.12,664.12,664.12,0.0,59.34,39868.37,0
2025-07-16,2025-07-16 14:43:00,664.12,664.12,664.11,664.11,-0.0,59.34,39868.37,-1
2025-07-16,2025-07-16 14:44:00,664.11,664.11,664.11,664.11,0.0,59.34,39868.37,0
2025-07-16,2025-07-16 14:45:00,664.11,664.11,664.11,664.11,0.0,59.34,39868.37,0
2025-07-16,2025-07-16 14:46:00,664.11,664.11,664.1,664.1,-0.0,59.34,39868.37,-1
2025-07-16,2025-07-16 14:47:00,664.1,664.1,664.1,664.1,0.0,59.34,39868.37,0
2025-07-16,2025-07-16 14:48:00,664.1,664.1,664.09,664.09,-0.0,59.34,39868.37,-1
2025-07-16,2025-07-16 14:49:00,664.09,664.09,664.09,664.09,0.0,59.34,39868.37,0
2025-07-16,2025-07-16 14:50:00,664.09,664.09,664.09,664.09,0.0,59.34,39868.37,0
2025-07-16,2025-07-16 14:51:00,664.09,664.09,664.08,664.08,-0.0,59.34,39868.37,-1
2025-07-16,2025-07-16 14:52:00,664.08,664.08,664.08,664.08,0.0,59.34,39868.37,0
2025-07-16,2025-07-16 14:53:00,664.08,664.08,664.07,664.07,-0.0,59.34,39868.37,-1
2025-07-16,2025-07-16 14:54:00,664.07,664.07,664.07,664.07,0.0,59.34,39868.37,0
2025-07-16,2025-07-16 14:55:00,664.07,664.07,664.07,664.07,0.0,59.34,39868.37,0
2025-07-16,2025-07-16 14:56:00,664.07,664.07,664.06,664.06,-0.0,59.34,39868.37,-1
2025-07-16,2025-07-16 14:57:00,664.06,664.06,664.06,664.06,0.0,59.34,39868.37,0
2025-07-16,2025-07-16 14:58:00,664.06,664.06,664.05,664.05,-0.0,59.34,39868.37,-1
2025-07-16,2025-07-16 14:59:00,664.05,664.05,664.05,664.05,0.0,59.34,39868.37,0
2025-07-16,2025-07-16 15:00:00,664.05,686.5,657.1,664.05,0.0,59.34,39868.37,0
2025-07-17,2025-07-17 11:00:00,676.8,686.43,674.76,676.88,0.01,191.78,132521.26,1
2025-07-17,2025-07-17 11:01:00,676.88,676.95,676.88,676.95,0.01,191.78,132521.26,1
2025-07-17,2025-07-17 11:02:00,676.95,677.03,676.95,677.03,0.01,191.78,132521.26,1
2025-07-17,2025-07-17 11:03:00,677.03,677.1,677.03,677.1,0.01,191.78,132521.26,1
2025-07-17,2025-07-17 11:04:00,677.1,677.18,677.1,677.18,0.01,191.78,132521.26,1
2025-07-17,2025-07-17 11:05:00,677.18,677.25,677.18,677.25,0.01,191.78,132521.26,1
2025-07-17,2025-07-17 11:06:00,677.25,677.33,677.25,677.33,0.01,191.78,132521.26,1
2025-07-17,2025-07-17 11:07:00,677.33,677.4,677.33,677.4,0.01,191.78,132521.26,1
2025-07-17,2025-07-17 11:08:00,677.4,677.48,677.4,677.48,0.01,191.78,132521.26,1
2025-07-17,2025-07-17 11:09:00,677.48,677.55,677.48,677.55,0.01,191.78,132521.26,1
2025-07-17,2025-07-17 11:10:00,677.55,677.63,677.55,677.63,0.01,191.78,132521.26,1
2025-07-17,2025-07-17 11:11:00,677.63,677.7,677.63,677.7,0.01,191.78,132521.26,1
2025-07-17,2025-07-17 11:12:00,677.7,677.78,677.7,677.78,0.01,191.78,132521.26,1
2025-07-17,2025-07-17 11:13:00,677.78,677.85,677.78,677.85,0.01,191.78,132521.26,1
2025-07-17,2025-07-17 11:14:00,677.85,677.93,677.85,677.93,0.01,191.78,132521.26,1
2025-07-17,2025-07-17 11:15:00,677.93,678.0,677.93,678.0,0.01,191.78,132521.26,1
2025-07-17,2025-07-17 11:16:00,678.0,678.08,678.0,678.08,0.01,191.78,132521.26,1
2025-07-17,2025-07-17 11:17:00,678.08,678.15,678.08,678.15,0.01,191.78,132521.26,1
2025-07-17,2025-07-17 11:18:00,678.15,678.23,678.15,678.23,0.01,191.78,132521.26,1
2025-07-17,2025-07-17 11:19:00,678.23,678.3,678.23,678.3,0.01,191.78,132521.26,1
2025-07-17,2025-07-17 11:20:00,678.3,678.38,678.3,678.38,0.01,191.78,132521.26,1
2025-07-17,2025-07-17 11:21:00,678.38,678.45,678.38,678.45,0.01,191.78,132521.26,1
2025-07-17,2025-07-17 11:22:00,678.45,678.53,678.45,678.53,0.01,191.78,132521.26,1
2025-07-17,2025-07-17 11:23:00,678.53,678.6,678.53,678.6,0.01,191.78,132521.26,1
2025-07-17,2025-07-17 11:24:00,678.6,678.68,678.6,678.68,0.01,191.78,132521.26,1
2025-07-17,2025-07-17 11:25:00,678.68,678.75,678.68,678.75,0.01,191.78,132521.26,1
2025-07-17,2025-07-17 11:26:00,678.75,678.83,678.75,678.83,0.01,191.78,132521.26,1
2025-07-17,2025-07-17 11:27:00,678.83,678.9,678.83,678.9,0.01,191.78,132521.26,1
2025-07-17,2025-07-17 11:28:00,678.9,678.98,678.9,678.98,0.01,191.78,132521.26,1
2025-07-17,2025-07-17 11:29:00,678.98,679.05,678.98,679.05,0.01,191.78,132521.26,1
2025-07-17,2025-07-17 11:30:00,679.05,679.13,679.05,679.13,0.01,191.78,132521.26,1
2025-07-17,2025-07-17 11:31:00,679.13,679.21,679.13,679.21,0.01,191.78,132521.26,1
2025-07-17,2025-07-17 11:32:00,679.21,679.28,679.21,679.28,0.01,191.78,132521.26,1
2025-07-17,2025-07-17 11:33:00,679.28,679.36,679.28,679.36,0.01,191.78,132521.26,1
2025-07-17,2025-07-17 11:34:00,679.36,679.43,679.36,679.43,0.01,191.78,132521.26,1
2025-07-17,2025-07-17 11:35:00,679.43,679.51,679.43,679.51,0.01,191.78,132521.26,1
2025-07-17,2025-07-17 11:36:00,679.51,679.58,679.51,679.58,0.01,191.78,132521.26,1
2025-07-17,2025-07-17 11:37:00,679.58,679.66,679.58,679.66,0.01,191.78,132521.26,1
2025-07-17,2025-07-17 11:38:00,679.66,679.73,679.66,679.73,0.01,191.78,132521.26,1
2025-07-17,2025-07-17 11:39:00,679.73,679.81,679.73,679.81,0.01,191.78,132521.26,1
2025-07-17,2025-07-17 11:40:00,679.81,679.88,679.81,679.88,0.01,191.78,132521.26,1
2025-07-17,2025-07-17 11:41:00,679.88,679.96,679.88,679.96,0.01,191.78,132521.26,1
2025-07-17,2025-07-17 11:42:00,679.96,680.03,679.96,680.03,0.01,191.78,132521.26,1
2025-07-17,2025-07-17 11:43:00,680.03,680.11,680.03,680.11,0.01,191.78,132521.26,1
2025-07-17,2025-07-17 11:44:00,680.11,680.18,680.11,680.18,0.01,191.78,132521.26,1
2025-07-17,2025-07-17 11:45:00,680.18,680.26,680.18,680.26,0.01,191.78,132521.26,1
2025-07-17,2025-07-17 11:46:00,680.26,680.33,680.26,680.33,0.01,191.78,132521.26,1
2025-07-17,2025-07-17 11:47:00,680.33,680.41,680.33,680.41,0.01,191.78,132521.26,1
2025-07-17,2025-07-17 11:48:00,680.41,680.48,680.41,680.48,0.01,191.78,132521.26,1
2025-07-17,2025-07-17 11:49:00,680.48,680.56,680.48,680.56,0.01,191.78,132521.26,1
2025-07-17,2025-07-17 11:50:00,680.56,680.63,680.56,680.63,0.01,191.78,132521.26,1
2025-07-17,2025-07-17 11:51:00,680.63,680.71,680.63,680.71,0.01,191.78,132521.26,1
2025-07-17,2025-07-17 11:52:00,680.71,680.78,680.71,680.78,0.01,191.78,132521.26,1
2025-07-17,2025-07-17 11:53:00,680.78,680.86,680.78,680.86,0.01,191.78,132521.26,1
2025-07-17,2025-07-17 11:54:00,680.86,680.93,680.86,680.93,0.01,191.78,132521.26,1
2025-07-17,2025-07-17 11:55:00,680.93,681.01,680.93,681.01,0.01,191.78,132521.26,1
2025-07-17,2025-07-17 11:56:00,681.01,681.08,681.01,681.08,0.01,191.78,132521.26,1
2025-07-17,2025-07-17 11:57:00,681.08,681.16,681.08,681.16,0.01,191.78,132521.26,1
2025-07-17,2025-07-17 11:58:00,681.16,681.23,681.16,681.23,0.01,191.78,132521.26,1
2025-07-17,2025-07-17 11:59:00,681.23,681.31,681.23,681.31,0.01,191.78,132521.26,1
2025-07-17,2025-07-17 12:00:00,681.31,681.39,681.31,681.39,0.01,191.78,132521.26,1
2025-07-17,2025-07-17 12:01:00,681.39,681.46,681.39,681.46,0.01,191.78,132521.26,1
2025-07-17,2025-07-17 12:02:00,681.46,681.54,681.46,681.54,0.01,191.78,132521.26,1
2025-07-17,2025-07-17 12:03:00,681.54,681.61,681.54,681.61,0.01,191.78,132521.26,1
2025-07-17,2025-07-17 12:04:00,681.61,681.69,681.61,681.69,0.01,191.78,132521.26,1
2025-07-17,2025-07-17 12:05:00,681.69,681.76,681.69,681.76,0.01,191.78,132521.26,1
2025-07-17,2025-07-17 12:06:00,681.76,681.84,681.76,681.84,0.01,191.78,132521.26,1
2025-07-17,2025-07-17 12:07:00,681.84,681.91,681.84,681.91,0.01,191.78,132521.26,1
2025-07-17,2025-07-17 12:08:00,681.91,681.99,681.91,681.99,0.01,191.78,132521.26,1
2025-07-17,2025-07-17 12:09:00,681.99,682.06,681.99,682.06,0.01,191.78,132521.26,1
2025-07-17,2025-07-17 12:10:00,682.06,682.14,682.06,682.14,0.01,191.78,132521.26,1
2025-07-17,2025-07-17 12:11:00,682.14,682.21,682.14,682.21,0.01,191.78,132521.26,1
2025-07-17,2025-07-17 12:12:00,682.21,682.29,682.21,682.29,0.01,191.78,132521.26,1
2025-07-17,2025-07-17 12:13:00,682.29,682.36,682.29,682.36,0.01,191.78,132521.26,1
2025-07-17,2025-07-17 12:14:00,682.36,682.44,682.36,682.44,0.01,191.78,132521.26,1
2025-07-17,2025-07-17 12:15:00,682.44,682.51,682.44,682.51,0.01,191.78,132521.26,1
2025-07-17,2025-07-17 12:16:00,682.51,682.59,682.51,682.59,0.01,191.78,132521.26,1
2025-07-17,2025-07-17 12:17:00,682.59,682.66,682.59,682.66,0.01,191.78,132521.26,1
2025-07-17,2025-07-17 12:18:00,682.66,682.74,682.66,682.74,0.01,191.78,132521.26,1
2025-07-17,2025-07-17 12:19:00,682.74,682.81,682.74,682.81,0.01,191.78,132521.26,1
2025-07-17,2025-07-17 12:20:00,682.81,682.89,682.81,682.89,0.01,191.78,132521.26,1
2025-07-17,2025-07-17 12:21:00,682.89,682.96,682.89,682.96,0.01,191.78,132521.26,1
2025-07-17,2025-07-17 12:22:00,682.96,683.04,682.96,683.04,0.01,191.78,132521.26,1
2025-07-17,2025-07-17 12:23:00,683.04,683.11,683.04,683.11,0.01,191.78,132521.26,1
2025-07-17,2025-07-17 12:24:00,683.11,683.19,683.11,683.19,0.01,191.78,132521.26,1
2025-07-17,2025-07-17 12:25:00,683.19,683.26,683.19,683.26,0.01,191.78,132521.26,1
2025-07-17,2025-07-17 12:26:00,683.26,683.34,683.26,683.34,0.01,191.78,132521.26,1
2025-07-17,2025-07-17 12:27:00,683.34,683.41,683.34,683.41,0.01,191.78,132521.26,1
2025-07-17,2025-07-17 12:28:00,683.41,683.49,683.41,683.49,0.01,191.78,132521.26,1
2025-07-17,2025-07-17 12:29:00,683.49,683.56,683.49,683.56,0.01,191.78,132521.26,1
2025-07-17,2025-07-17 12:30:00,683.56,683.64,683.56,683.64,0.01,191.78,132521.26,1
2025-07-17,2025-07-17 12:31:00,683.64,683.72,683.64,683.72,0.01,191.78,132521.26,1
2025-07-17,2025-07-17 12:32:00,683.72,683.79,683.72,683.79,0.01,191.78,132521.26,1
2025-07-17,2025-07-17 12:33:00,683.79,683.87,683.79,683.87,0.01,191.78,132521.26,1
2025-07-17,2025-07-17 12:34:00,683.87,683.94,683.87,683.94,0.01,191.78,132521.26,1
2025-07-17,2025-07-17 12:35:00,683.94,684.02,683.94,684.02,0.01,191.78,132521.26,1
2025-07-17,2025-07-17 12:36:00,684.02,684.09,684.02,684.09,0.01,191.78,132521.26,1
2025-07-17,2025-07-17 12:37:00,684.09,684.17,684.09,684.17,0.01,191.78,132521.26,1
2025-07-17,2025-07-17 12:38:00,684.17,684.24,684.17,684.24,0.01,191.78,132521.26,1
2025-07-17,2025-07-17 12:39:00,684.24,684.32,684.24,684.32,0.01,191.78,132521.26,1
2025-07-17,2025-07-17 12:40:00,684.32,684.39,684.32,684.39,0.01,191.78,132521.26,1
2025-07-17,2025-07-17 12:41:00,684.39,684.47,684.39,684.47,0.01,191.78,132521.26,1
2025-07-17,2025-07-17 12:42:00,684.47,684.54,684.47,684.54,0.01,191.78,132521.26,1
2025-07-17,2025-07-17 12:43:00,684.54,684.62,684.54,684.62,0.01,191.78,132521.26,1
2025-07-17,2025-07-17 12:44:00,684.62,684.69,684.62,684.69,0.01,191.78,132521.26,1
2025-07-17,2025-07-17 12:45:00,684.69,684.77,684.69,684.77,0.01,191.78,132521.26,1
2025-07-17,2025-07-17 12:46:00,684.77,684.84,684.77,684.84,0.01,191.78,132521.26,1
2025-07-17,2025-07-17 12:47:00,684.84,684.92,684.84,684.92,0.01,191.78,132521.26,1
2025-07-17,2025-07-17 12:48:00,684.92,684.99,684.92,684.99,0.01,191.78,132521.26,1
2025-07-17,2025-07-17 12:49:00,684.99,685.07,684.99,685.07,0.01,191.78,132521.26,1
2025-07-17,2025-07-17 12:50:00,685.07,685.14,685.07,685.14,0.01,191.78,132521.26,1
2025-07-17,2025-07-17 12:51:00,685.14,685.22,685.14,685.22,0.01,191.78,132521.26,1
2025-07-17,2025-07-17 12:52:00,685.22,685.29,685.22,685.29,0.01,191.78,132521.26,1
2025-07-17,2025-07-17 12:53:00,685.29,685.37,685.29,685.37,0.01,191.78,132521.26,1
2025-07-17,2025-07-17 12:54:00,685.37,685.44,685.37,685.44,0.01,191.78,132521.26,1
2025-07-17,2025-07-17 12:55:00,685.44,685.52,685.44,685.52,0.01,191.78,132521.26,1
2025-07-17,2025-07-17 12:56:00,685.52,685.59,685.52,685.59,0.01,191.78,132521.26,1
2025-07-17,2025-07-17 12:57:00,685.59,685.67,685.59,685.67,0.01,191.78,132521.26,1
2025-07-17,2025-07-17 12:58:00,685.67,685.74,685.67,685.74,0.01,191.78,132521.26,1
2025-07-17,2025-07-17 12:59:00,685.74,685.82,685.74,685.82,0.01,191.78,132521.26,1
2025-07-17,2025-07-17 13:00:00,685.82,708.9,670.0,685.9,0.01,191.78,132521.26,1
2025-07-17,2025-07-17 13:01:00,685.9,685.97,685.9,685.97,0.01,191.78,132521.26,1
2025-07-17,2025-07-17 13:02:00,685.97,686.05,685.97,686.05,0.01,191.78,132521.26,1
2025-07-17,2025-07-17 13:03:00,686.05,686.12,686.05,686.12,0.01,191.78,132521.26,1
2025-07-17,2025-07-17 13:04:00,686.12,686.2,686.12,686.2,0.01,191.78,132521.26,1
2025-07-17,2025-07-17 13:05:00,686.2,686.27,686.2,686.27,0.01,191.78,132521.26,1
2025-07-17,2025-07-17 13:06:00,686.27,686.35,686.27,686.35,0.01,191.78,132521.26,1
2025-07-17,2025-07-17 13:07:00,686.35,686.42,686.35,686.42,0.01,191.78,132521.26,1
2025-07-17,2025-07-17 13:08:00,686.42,686.5,686.42,686.5,0.01,191.78,132521.26,1
2025-07-17,2025-07-17 13:09:00,686.5,686.57,686.5,686.57,0.01,191.78,132521.26,1
2025-07-17,2025-07-17 13:10:00,686.57,686.65,686.57,686.65,0.01,191.78,132521.26,1
2025-07-17,2025-07-17 13:11:00,686.65,686.72,686.65,686.72,0.01,191.78,132521.26,1
2025-07-17,2025-07-17 13:12:00,686.72,686.8,686.72,686.8,0.01,191.78,132521.26,1
2025-07-17,2025-07-17 13:13:00,686.8,686.87,686.8,686.87,0.01,191.78,132521.26,1
2025-07-17,2025-07-17 13:14:00,686.87,686.95,686.87,686.95,0.01,191.78,132521.26,1
2025-07-17,2025-07-17 13:15:00,686.95,687.02,686.95,687.02,0.01,191.78,132521.26,1
2025-07-17,2025-07-17 13:16:00,687.02,687.1,687.02,687.1,0.01,191.78,132521.26,1
2025-07-17,2025-07-17 13:17:00,687.1,687.17,687.1,687.17,0.01,191.78,132521.26,1
2025-07-17,2025-07-17 13:18:00,687.17,687.25,687.17,687.25,0.01,191.78,132521.26,1
2025-07-17,2025-07-17 13:19:00,687.25,687.32,687.25,687.32,0.01,191.78,132521.26,1
2025-07-17,2025-07-17 13:20:00,687.32,687.4,687.32,687.4,0.01,191.78,132521.26,1
2025-07-17,2025-07-17 13:21:00,687.4,687.47,687.4,687.47,0.01,191.78,132521.26,1
2025-07-17,2025-07-17 13:22:00,687.47,687.55,687.47,687.55,0.01,191.78,132521.26,1
2025-07-17,2025-07-17 13:23:00,687.55,687.62,687.55,687.62,0.01,191.78,132521.26,1
2025-07-17,2025-07-17 13:24:00,687.62,687.7,687.62,687.7,0.01,191.78,132521.26,1
2025-07-17,2025-07-17 13:25:00,687.7,687.77,687.7,687.77,0.01,191.78,132521.26,1
2025-07-17,2025-07-17 13:26:00,687.77,687.85,687.77,687.85,0.01,191.78,132521.26,1
2025-07-17,2025-07-17 13:27:00,687.85,687.92,687.85,687.92,0.01,191.78,132521.26,1
2025-07-17,2025-07-17 13:28:00,687.92,688.0,687.92,688.0,0.01,191.78,132521.26,1
2025-07-17,2025-07-17 13:29:00,688.0,688.08,688.0,688.08,0.01,191.78,132521.26,1
2025-07-17,2025-07-17 13:30:00,688.08,688.15,688.08,688.15,0.01,191.78,132521.26,1
2025-07-17,2025-07-17 13:31:00,688.15,688.23,688.15,688.23,0.01,191.78,132521.26,1
2025-07-17,2025-07-17 13:32:00,688.23,688.3,688.23,688.3,0.01,191.78,132521.26,1
2025-07-17,2025-07-17 13:33:00,688.3,688.38,688.3,688.38,0.01,191.78,132521.26,1
2025-07-17,2025-07-17 13:34:00,688.38,688.45,688.38,688.45,0.01,191.78,132521.26,1
2025-07-17,2025-07-17 13:35:00,688.45,688.53,688.45,688.53,0.01,191.78,132521.26,1
2025-07-17,2025-07-17 13:36:00,688.53,688.6,688.53,688.6,0.01,191.78,132521.26,1
2025-07-17,2025-07-17 13:37:00,688.6,688.68,688.6,688.68,0.01,191.78,132521.26,1
2025-07-17,2025-07-17 13:38:00,688.68,688.75,688.68,688.75,0.01,191.78,132521.26,1
2025-07-17,2025-07-17 13:39:00,688.75,688.83,688.75,688.83,0.01,191.78,132521.26,1
2025-07-17,2025-07-17 13:40:00,688.83,688.9,688.83,688.9,0.01,191.78,132521.26,1
2025-07-17,2025-07-17 13:41:00,688.9,688.98,688.9,688.98,0.01,191.78,132521.26,1
2025-07-17,2025-07-17 13:42:00,688.98,689.05,688.98,689.05,0.01,191.78,132521.26,1
2025-07-17,2025-07-17 13:43:00,689.05,689.13,689.05,689.13,0.01,191.78,132521.26,1
2025-07-17,2025-07-17 13:44:00,689.13,689.2,689.13,689.2,0.01,191.78,132521.26,1
2025-07-17,2025-07-17 13:45:00,689.2,689.28,689.2,689.28,0.01,191.78,132521.26,1
2025-07-17,2025-07-17 13:46:00,689.28,689.35,689.28,689.35,0.01,191.78,132521.26,1
2025-07-17,2025-07-17 13:47:00,689.35,689.43,689.35,689.43,0.01,191.78,132521.26,1
2025-07-17,2025-07-17 13:48:00,689.43,689.5,689.43,689.5,0.01,191.78,132521.26,1
2025-07-17,2025-07-17 13:49:00,689.5,689.58,689.5,689.58,0.01,191.78,132521.26,1
2025-07-17,2025-07-17 13:50:00,689.58,689.65,689.58,689.65,0.01,191.78,132521.26,1
2025-07-17,2025-07-17 13:51:00,689.65,689.73,689.65,689.73,0.01,191.78,132521.26,1
2025-07-17,2025-07-17 13:52:00,689.73,689.8,689.73,689.8,0.01,191.78,132521.26,1
2025-07-17,2025-07-17 13:53:00,689.8,689.88,689.8,689.88,0.01,191.78,132521.26,1
2025-07-17,2025-07-17 13:54:00,689.88,689.95,689.88,689.95,0.01,191.78,132521.26,1
2025-07-17,2025-07-17 13:55:00,689.95,690.03,689.95,690.03,0.01,191.78,132521.26,1
2025-07-17,2025-07-17 13:56:00,690.03,690.1,690.03,690.1,0.01,191.78,132521.26,1
2025-07-17,2025-07-17 13:57:00,690.1,690.18,690.1,690.18,0.01,191.78,132521.26,1
2025-07-17,2025-07-17 13:58:00,690.18,690.25,690.18,690.25,0.01,191.78,132521.26,1
2025-07-17,2025-07-17 13:59:00,690.25,690.33,690.25,690.33,0.01,191.78,132521.26,1
2025-07-17,2025-07-17 14:00:00,690.33,690.41,690.33,690.41,0.01,191.78,132521.26,1
2025-07-17,2025-07-17 14:01:00,690.41,690.48,690.41,690.48,0.01,191.78,132521.26,1
2025-07-17,2025-07-17 14:02:00,690.48,690.56,690.48,690.56,0.01,191.78,132521.26,1
2025-07-17,2025-07-17 14:03:00,690.56,690.63,690.56,690.63,0.01,191.78,132521.26,1
2025-07-17,2025-07-17 14:04:00,690.63,690.71,690.63,690.71,0.01,191.78,132521.26,1
2025-07-17,2025-07-17 14:05:00,690.71,690.78,690.71,690.78,0.01,191.78,132521.26,1
2025-07-17,2025-07-17 14:06:00,690.78,690.86,690.78,690.86,0.01,191.78,132521.26,1
2025-07-17,2025-07-17 14:07:00,690.86,690.93,690.86,690.93,0.01,191.78,132521.26,1
2025-07-17,2025-07-17 14:08:00,690.93,691.01,690.93,691.01,0.01,191.78,132521.26,1
2025-07-17,2025-07-17 14:09:00,691.01,691.08,691.01,691.08,0.01,191.78,132521.26,1
2025-07-17,2025-07-17 14:10:00,691.08,691.16,691.08,691.16,0.01,191.78,132521.26,1
2025-07-17,2025-07-17 14:11:00,691.16,691.23,691.16,691.23,0.01,191.78,132521.26,1
2025-07-17,2025-07-17 14:12:00,691.23,691.31,691.23,691.31,0.01,191.78,132521.26,1
2025-07-17,2025-07-17 14:13:00,691.31,691.38,691.31,691.38,0.01,191.78,132521.26,1
2025-07-17,2025-07-17 14:14:00,691.38,691.46,691.38,691.46,0.01,191.78,132521.26,1
2025-07-17,2025-07-17 14:15:00,691.46,691.53,691.46,691.53,0.01,191.78,132521.26,1
2025-07-17,2025-07-17 14:16:00,691.53,691.61,691.53,691.61,0.01,191.78,132521.26,1
2025-07-17,2025-07-17 14:17:00,691.61,691.68,691.61,691.68,0.01,191.78,132521.26,1
2025-07-17,2025-07-17 14:18:00,691.68,691.76,691.68,691.76,0.01,191.78,132521.26,1
2025-07-17,2025-07-17 14:19:00,691.76,691.83,691.76,691.83,0.01,191.78,132521.26,1
2025-07-17,2025-07-17 14:20:00,691.83,691.91,691.83,691.91,0.01,191.78,132521.26,1
2025-07-17,2025-07-17 14:21:00,691.91,691.98,691.91,691.98,0.01,191.78,132521.26,1
2025-07-17,2025-07-17 14:22:00,691.98,692.06,691.98,692.06,0.01,191.78,132521.26,1
2025-07-17,2025-07-17 14:23:00,692.06,692.13,692.06,692.13,0.01,191.78,132521.26,1
2025-07-17,2025-07-17 14:24:00,692.13,692.21,692.13,692.21,0.01,191.78,132521.26,1
2025-07-17,2025-07-17 14:25:00,692.21,692.28,692.21,692.28,0.01,191.78,132521.26,1
2025-07-17,2025-07-17 14:26:00,692.28,692.36,692.28,692.36,0.01,191.78,132521.26,1
2025-07-17,2025-07-17 14:27:00,692.36,692.43,692.36,692.43,0.01,191.78,132521.26,1
2025-07-17,2025-07-17 14:28:00,692.43,692.51,692.43,692.51,0.01,191.78,132521.26,1
2025-07-17,2025-07-17 14:29:00,692.51,692.59,692.51,692.59,0.01,191.78,132521.26,1
2025-07-17,2025-07-17 14:30:00,692.59,692.66,692.59,692.66,0.01,191.78,132521.26,1
2025-07-17,2025-07-17 14:31:00,692.66,692.74,692.66,692.74,0.01,191.78,132521.26,1
2025-07-17,2025-07-17 14:32:00,692.74,692.81,692.74,692.81,0.01,191.78,132521.26,1
2025-07-17,2025-07-17 14:33:00,692.81,692.89,692.81,692.89,0.01,191.78,132521.26,1
2025-07-17,2025-07-17 14:34:00,692.89,692.96,692.89,692.96,0.01,191.78,132521.26,1
2025-07-17,2025-07-17 14:35:00,692.96,693.04,692.96,693.04,0.01,191.78,132521.26,1
2025-07-17,2025-07-17 14:36:00,693.04,693.11,693.04,693.11,0.01,191.78,132521.26,1
2025-07-17,2025-07-17 14:37:00,693.11,693.19,693.11,693.19,0.01,191.78,132521.26,1
2025-07-17,2025-07-17 14:38:00,693.19,693.26,693.19,693.26,0.01,191.78,132521.26,1
2025-07-17,2025-07-17 14:39:00,693.26,693.34,693.26,693.34,0.01,191.78,132521.26,1
2025-07-17,2025-07-17 14:40:00,693.34,693.41,693.34,693.41,0.01,191.78,132521.26,1
2025-07-17,2025-07-17 14:41:00,693.41,693.49,693.41,693.49,0.01,191.78,132521.26,1
2025-07-17,2025-07-17 14:42:00,693.49,693.56,693.49,693.56,0.01,191.78,132521.26,1
2025-07-17,2025-07-17 14:43:00,693.56,693.64,693.56,693.64,0.01,191.78,132521.26,1
2025-07-17,2025-07-17 14:44:00,693.64,693.71,693.64,693.71,0.01,191.78,132521.26,1
2025-07-17,2025-07-17 14:45:00,693.71,693.79,693.71,693.79,0.01,191.78,132521.26,1
2025-07-17,2025-07-17 14:46:00,693.79,693.86,693.79,693.86,0.01,191.78,132521.26,1
2025-07-17,2025-07-17 14:47:00,693.86,693.94,693.86,693.94,0.01,191.78,132521.26,1
2025-07-17,2025-07-17 14:48:00,693.94,694.01,693.94,694.01,0.01,191.78,132521.26,1
2025-07-17,2025-07-17 14:49:00,694.01,694.09,694.01,694.09,0.01,191.78,132521.26,1
2025-07-17,2025-07-17 14:50:00,694.09,694.16,694.09,694.16,0.01,191.78,132521.26,1
2025-07-17,2025-07-17 14:51:00,694.16,694.24,694.16,694.24,0.01,191.78,132521.26,1
2025-07-17,2025-07-17 14:52:00,694.24,694.31,694.24,694.31,0.01,191.78,132521.26,1
2025-07-17,2025-07-17 14:53:00,694.31,694.39,694.31,694.39,0.01,191.78,132521.26,1
2025-07-17,2025-07-17 14:54:00,694.39,694.46,694.39,694.46,0.01,191.78,132521.26,1
2025-07-17,2025-07-17 14:55:00,694.46,694.54,694.46,694.54,0.01,191.78,132521.26,1
2025-07-17,2025-07-17 14:56:00,694.54,694.61,694.54,694.61,0.01,191.78,132521.26,1
2025-07-17,2025-07-17 14:57:00,694.61,694.69,694.61,694.69,0.01,191.78,132521.26,1
2025-07-17,2025-07-17 14:58:00,694.69,694.76,694.69,694.76,0.01,191.78,132521.26,1
2025-07-17,2025-07-17 14:59:00,694.76,694.84,694.76,694.84,0.01,191.78,132521.26,1
2025-07-17,2025-07-17 15:00:00,694.84,708.9,670.0,694.84,0.0,191.78,132521.26,0
2025-07-20,2025-07-20 11:00:00,699.0,715.41,694.8,699.09,0.01,290.79,208882.79,1
2025-07-20,2025-07-20 11:01:00,699.09,699.17,699.09,699.17,0.01,290.79,208882.79,1
2025-07-20,2025-07-20 11:02:00,699.17,699.26,699.17,699.26,0.01,290.79,208882.79,1
2025-07-20,2025-07-20 11:03:00,699.26,699.34,699.26,699.34,0.01,290.79,208882.79,1
2025-07-20,2025-07-20 11:04:00,699.34,699.43,699.34,699.43,0.01,290.79,208882.79,1
2025-07-20,2025-07-20 11:05:00,699.43,699.51,699.43,699.51,0.01,290.79,208882.79,1
2025-07-20,2025-07-20 11:06:00,699.51,699.6,699.51,699.6,0.01,290.79,208882.79,1
2025-07-20,2025-07-20 11:07:00,699.6,699.68,699.6,699.68,0.01,290.79,208882.79,1
2025-07-20,2025-07-20 11:08:00,699.68,699.77,699.68,699.77,0.01,290.79,208882.79,1
2025-07-20,2025-07-20 11:09:00,699.77,699.86,699.77,699.86,0.01,290.79,208882.79,1
2025-07-20,2025-07-20 11:10:00,699.86,699.94,699.86,699.94,0.01,290.79,208882.79,1
2025-07-20,2025-07-20 11:11:00,699.94,700.03,699.94,700.03,0.01,290.79,208882.79,1
2025-07-20,2025-07-20 11:12:00,700.03,700.11,700.03,700.11,0.01,290.79,208882.79,1
2025-07-20,2025-07-20 11:13:00,700.11,700.2,700.11,700.2,0.01,290.79,208882.79,1
2025-07-20,2025-07-20 11:14:00,700.2,700.28,700.2,700.28,0.01,290.79,208882.79,1
2025-07-20,2025-07-20 11:15:00,700.28,700.37,700.28,700.37,0.01,290.79,208882.79,1
2025-07-20,2025-07-20 11:16:00,700.37,700.45,700.37,700.45,0.01,290.79,208882.79,1
2025-07-20,2025-07-20 11:17:00,700.45,700.54,700.45,700.54,0.01,290.79,208882.79,1
2025-07-20,2025-07-20 11:18:00,700.54,700.62,700.54,700.62,0.01,290.79,208882.79,1
2025-07-20,2025-07-20 11:19:00,700.62,700.71,700.62,700.71,0.01,290.79,208882.79,1
2025-07-20,2025-07-20 11:20:00,700.71,700.8,700.71,700.8,0.01,290.79,208882.79,1
2025-07-20,2025-07-20 11:21:00,700.8,700.88,700.8,700.88,0.01,290.79,208882.79,1
2025-07-20,2025-07-20 11:22:00,700.88,700.97,700.88,700.97,0.01,290.79,208882.79,1
2025-07-20,2025-07-20 11:23:00,700.97,701.05,700.97,701.05,0.01,290.79,208882.79,1
2025-07-20,2025-07-20 11:24:00,701.05,701.14,701.05,701.14,0.01,290.79,208882.79,1
2025-07-20,2025-07-20 11:25:00,701.14,701.22,701.14,701.22,0.01,290.79,208882.79,1
2025-07-20,2025-07-20 11:26:00,701.22,701.31,701.22,701.31,0.01,290.79,208882.79,1
2025-07-20,2025-07-20 11:27:00,701.31,701.39,701.31,701.39,0.01,290.79,208882.79,1
2025-07-20,2025-07-20 11:28:00,701.39,701.48,701.39,701.48,0.01,290.79,208882.79,1
2025-07-20,2025-07-20 11:29:00,701.48,701.57,701.48,701.57,0.01,290.79,208882.79,1
2025-07-20,2025-07-20 11:30:00,701.57,701.65,701.57,701.65,0.01,290.79,208882.79,1
2025-07-20,2025-07-20 11:31:00,701.65,701.74,701.65,701.74,0.01,290.79,208882.79,1
2025-07-20,2025-07-20 11:32:00,701.74,701.82,701.74,701.82,0.01,290.79,208882.79,1
2025-07-20,2025-07-20 11:33:00,701.82,701.91,701.82,701.91,0.01,290.79,208882.79,1
2025-07-20,2025-07-20 11:34:00,701.91,701.99,701.91,701.99,0.01,290.79,208882.79,1
2025-07-20,2025-07-20 11:35:00,701.99,702.08,701.99,702.08,0.01,290.79,208882.79,1
2025-07-20,2025-07-20 11:36:00,702.08,702.16,702.08,702.16,0.01,290.79,208882.79,1
2025-07-20,2025-07-20 11:37:00,702.16,702.25,702.16,702.25,0.01,290.79,208882.79,1
2025-07-20,2025-07-20 11:38:00,702.25,702.33,702.25,702.33,0.01,290.79,208882.79,1
2025-07-20,2025-07-20 11:39:00,702.33,702.42,702.33,702.42,0.01,290.79,208882.79,1
2025-07-20,2025-07-20 11:40:00,702.42,702.51,702.42,702.51,0.01,290.79,208882.79,1
2025-07-20,2025-07-20 11:41:00,702.51,702.59,702.51,702.59,0.01,290.79,208882.79,1
2025-07-20,2025-07-20 11:42:00,702.59,702.68,702.59,702.68,0.01,290.79,208882.79,1
2025-07-20,2025-07-20 11:43:00,702.68,702.76,702.68,702.76,0.01,290.79,208882.79,1
2025-07-20,2025-07-20 11:44:00,702.76,702.85,702.76,702.85,0.01,290.79,208882.79,1
2025-07-20,2025-07-20 11:45:00,702.85,702.93,702.85,702.93,0.01,290.79,208882.79,1
2025-07-20,2025-07-20 11:46:00,702.93,703.02,702.93,703.02,0.01,290.79,208882.79,1
2025-07-20,2025-07-20 11:47:00,703.02,703.1,703.02,703.1,0.01,290.79,208882.79,1
2025-07-20,2025-07-20 11:48:00,703.1,703.19,703.1,703.19,0.01,290.79,208882.79,1
2025-07-20,2025-07-20 11:49:00,703.19,703.27,703.19,703.27,0.01,290.79,208882.79,1
2025-07-20,2025-07-20 11:50:00,703.27,703.36,703.27,703.36,0.01,290.79,208882.79,1
2025-07-20,2025-07-20 11:51:00,703.36,703.45,703.36,703.45,0.01,290.79,208882.79,1
2025-07-20,2025-07-20 11:52:00,703.45,703.53,703.45,703.53,0.01,290.79,208882.79,1
2025-07-20,2025-07-20 11:53:00,703.53,703.62,703.53,703.62,0.01,290.79,208882.79,1
2025-07-20,2025-07-20 11:54:00,703.62,703.7,703.62,703.7,0.01,290.79,208882.79,1
2025-07-20,2025-07-20 11:55:00,703.7,703.79,703.7,703.79,0.01,290.79,208882.79,1
2025-07-20,2025-07-20 11:56:00,703.79,703.87,703.79,703.87,0.01,290.79,208882.79,1
2025-07-20,2025-07-20 11:57:00,703.87,703.96,703.87,703.96,0.01,290.79,208882.79,1
2025-07-20,2025-07-20 11:58:00,703.96,704.04,703.96,704.04,0.01,290.79,208882.79,1
2025-07-20,2025-07-20 11:59:00,704.04,704.13,704.04,704.13,0.01,290.79,208882.79,1
2025-07-20,2025-07-20 12:00:00,704.13,704.22,704.13,704.22,0.01,290.79,208882.79,1
2025-07-20,2025-07-20 12:01:00,704.22,704.3,704.22,704.3,0.01,290.79,208882.79,1
2025-07-20,2025-07-20 12:02:00,704.3,704.39,704.3,704.39,0.01,290.79,208882.79,1
2025-07-20,2025-07-20 12:03:00,704.39,704.47,704.39,704.47,0.01,290.79,208882.79,1
2025-07-20,2025-07-20 12:04:00,704.47,704.56,704.47,704.56,0.01,290.79,208882.79,1
2025-07-20,2025-07-20 12:05:00,704.56,704.64,704.56,704.64,0.01,290.79,208882.79,1
2025-07-20,2025-07-20 12:06:00,704.64,704.73,704.64,704.73,0.01,290.79,208882.79,1
2025-07-20,2025-07-20 12:07:00,704.73,704.81,704.73,704.81,0.01,290.79,208882.79,1
2025-07-20,2025-07-20 12:08:00,704.81,704.9,704.81,704.9,0.01,290.79,208882.79,1
2025-07-20,2025-07-20 12:09:00,704.9,704.99,704.9,704.99,0.01,290.79,208882.79,1
2025-07-20,2025-07-20 12:10:00,704.99,705.07,704.99,705.07,0.01,290.79,208882.79,1
2025-07-20,2025-07-20 12:11:00,705.07,705.16,705.07,705.16,0.01,290.79,208882.79,1
2025-07-20,2025-07-20 12:12:00,705.16,705.24,705.16,705.24,0.01,290.79,208882.79,1
2025-07-20,2025-07-20 12:13:00,705.24,705.33,705.24,705.33,0.01,290.79,208882.79,1
2025-07-20,2025-07-20 12:14:00,705.33,705.41,705.33,705.41,0.01,290.79,208882.79,1
2025-07-20,2025-07-20 12:15:00,705.41,705.5,705.41,705.5,0.01,290.79,208882.79,1
2025-07-20,2025-07-20 12:16:00,705.5,705.58,705.5,705.58,0.01,290.79,208882.79,1
2025-07-20,2025-07-20 12:17:00,705.58,705.67,705.58,705.67,0.01,290.79,208882.79,1
2025-07-20,2025-07-20 12:18:00,705.67,705.75,705.67,705.75,0.01,290.79,208882.79,1
2025-07-20,2025-07-20 12:19:00,705.75,705.84,705.75,705.84,0.01,290.79,208882.79,1
2025-07-20,2025-07-20 12:20:00,705.84,705.93,705.84,705.93,0.01,290.79,208882.79,1
2025-07-20,2025-07-20 12:21:00,705.93,706.01,705.93,706.01,0.01,290.79,208882.79,1
2025-07-20,2025-07-20 12:22:00,706.01,706.1,706.01,706.1,0.01,290.79,208882.79,1
2025-07-20,2025-07-20 12:23:00,706.1,706.18,706.1,706.18,0.01,290.79,208882.79,1
2025-07-20,2025-07-20 12:24:00,706.18,706.27,706.18,706.27,0.01,290.79,208882.79,1
2025-07-20,2025-07-20 12:25:00,706.27,706.35,706.27,706.35,0.01,290.79,208882.79,1
2025-07-20,2025-07-20 12:26:00,706.35,706.44,706.35,706.44,0.01,290.79,208882.79,1
2025-07-20,2025-07-20 12:27:00,706.44,706.52,706.44,706.52,0.01,290.79,208882.79,1
2025-07-20,2025-07-20 12:28:00,706.52,706.61,706.52,706.61,0.01,290.79,208882.79,1
2025-07-20,2025-07-20 12:29:00,706.61,706.69,706.61,706.69,0.01,290.79,208882.79,1
2025-07-20,2025-07-20 12:30:00,706.69,706.78,706.69,706.78,0.01,290.79,208882.79,1
2025-07-20,2025-07-20 12:31:00,706.78,706.87,706.78,706.87,0.01,290.79,208882.79,1
2025-07-20,2025-07-20 12:32:00,706.87,706.95,706.87,706.95,0.01,290.79,208882.79,1
2025-07-20,2025-07-20 12:33:00,706.95,707.04,706.95,707.04,0.01,290.79,208882.79,1
2025-07-20,2025-07-20 12:34:00,707.04,707.12,707.04,707.12,0.01,290.79,208882.79,1
2025-07-20,2025-07-20 12:35:00,707.12,707.21,707.12,707.21,0.01,290.79,208882.79,1
2025-07-20,2025-07-20 12:36:00,707.21,707.29,707.21,707.29,0.01,290.79,208882.79,1
2025-07-20,2025-07-20 12:37:00,707.29,707.38,707.29,707.38,0.01,290.79,208882.79,1
2025-07-20,2025-07-20 12:38:00,707.38,707.46,707.38,707.46,0.01,290.79,208882.79,1
2025-07-20,2025-07-20 12:39:00,707.46,707.55,707.46,707.55,0.01,290.79,208882.79,1
2025-07-20,2025-07-20 12:40:00,707.55,707.64,707.55,707.64,0.01,290.79,208882.79,1
2025-07-20,2025-07-20 12:41:00,707.64,707.72,707.64,707.72,0.01,290.79,208882.79,1
2025-07-20,2025-07-20 12:42:00,707.72,707.81,707.72,707.81,0.01,290.79,208882.79,1
2025-07-20,2025-07-20 12:43:00,707.81,707.89,707.81,707.89,0.01,290.79,208882.79,1
2025-07-20,2025-07-20 12:44:00,707.89,707.98,707.89,707.98,0.01,290.79,208882.79,1
2025-07-20,2025-07-20 12:45:00,707.98,708.06,707.98,708.06,0.01,290.79,208882.79,1
2025-07-20,2025-07-20 12:46:00,708.06,708.15,708.06,708.15,0.01,290.79,208882.79,1
2025-07-20,2025-07-20 12:47:00,708.15,708.23,708.15,708.23,0.01,290.79,208882.79,1
2025-07-20,2025-07-20 12:48:00,708.23,708.32,708.23,708.32,0.01,290.79,208882.79,1
2025-07-20,2025-07-20 12:49:00,708.32,708.4,708.32,708.4,0.01,290.79,208882.79,1
2025-07-20,2025-07-20 12:50:00,708.4,708.49,708.4,708.49,0.01,290.79,208882.79,1
2025-07-20,2025-07-20 12:51:00,708.49,708.58,708.49,708.58,0.01,290.79,208882.79,1
2025-07-20,2025-07-20 12:52:00,708.58,708.66,708.58,708.66,0.01,290.79,208882.79,1
2025-07-20,2025-07-20 12:53:00,708.66,708.75,708.66,708.75,0.01,290.79,208882.79,1
2025-07-20,2025-07-20 12:54:00,708.75,708.83,708.75,708.83,0.01,290.79,208882.79,1
2025-07-20,2025-07-20 12:55:00,708.83,708.92,708.83,708.92,0.01,290.79,208882.79,1
2025-07-20,2025-07-20 12:56:00,708.92,709.0,708.92,709.0,0.01,290.79,208882.79,1
2025-07-20,2025-07-20 12:57:00,709.0,709.09,709.0,709.09,0.01,290.79,208882.79,1
2025-07-20,2025-07-20 12:58:00,709.09,709.17,709.09,709.17,0.01,290.79,208882.79,1
2025-07-20,2025-07-20 12:59:00,709.17,709.26,709.17,709.26,0.01,290.79,208882.79,1
2025-07-20,2025-07-20 13:00:00,709.26,753.7,685.0,709.35,0.01,290.79,208882.79,1
2025-07-20,2025-07-20 13:01:00,709.35,709.43,709.35,709.43,0.01,290.79,208882.79,1
2025-07-20,2025-07-20 13:02:00,709.43,709.52,709.43,709.52,0.01,290.79,208882.79,1
2025-07-20,2025-07-20 13:03:00,709.52,709.6,709.52,709.6,0.01,290.79,208882.79,1
2025-07-20,2025-07-20 13:04:00,709.6,709.69,709.6,709.69,0.01,290.79,208882.79,1
2025-07-20,2025-07-20 13:05:00,709.69,709.77,709.69,709.77,0.01,290.79,208882.79,1
2025-07-20,2025-07-20 13:06:00,709.77,709.86,709.77,709.86,0.01,290.79,208882.79,1
2025-07-20,2025-07-20 13:07:00,709.86,709.94,709.86,709.94,0.01,290.79,208882.79,1
2025-07-20,2025-07-20 13:08:00,709.94,710.03,709.94,710.03,0.01,290.79,208882.79,1
2025-07-20,2025-07-20 13:09:00,710.03,710.12,710.03,710.12,0.01,290.79,208882.79,1
2025-07-20,2025-07-20 13:10:00,710.12,710.2,710.12,710.2,0.01,290.79,208882.79,1
2025-07-20,2025-07-20 13:11:00,710.2,710.29,710.2,710.29,0.01,290.79,208882.79,1
2025-07-20,2025-07-20 13:12:00,710.29,710.37,710.29,710.37,0.01,290.79,208882.79,1
2025-07-20,2025-07-20 13:13:00,710.37,710.46,710.37,710.46,0.01,290.79,208882.79,1
2025-07-20,2025-07-20 13:14:00,710.46,710.54,710.46,710.54,0.01,290.79,208882.79,1
2025-07-20,2025-07-20 13:15:00,710.54,710.63,710.54,710.63,0.01,290.79,208882.79,1
2025-07-20,2025-07-20 13:16:00,710.63,710.71,710.63,710.71,0.01,290.79,208882.79,1
2025-07-20,2025-07-20 13:17:00,710.71,710.8,710.71,710.8,0.01,290.79,208882.79,1
2025-07-20,2025-07-20 13:18:00,710.8,710.88,710.8,710.88,0.01,290.79,208882.79,1
2025-07-20,2025-07-20 13:19:00,710.88,710.97,710.88,710.97,0.01,290.79,208882.79,1
2025-07-20,2025-07-20 13:20:00,710.97,711.06,710.97,711.06,0.01,290.79,208882.79,1
2025-07-20,2025-07-20 13:21:00,711.06,711.14,711.06,711.14,0.01,290.79,208882.79,1
2025-07-20,2025-07-20 13:22:00,711.14,711.23,711.14,711.23,0.01,290.79,208882.79,1
2025-07-20,2025-07-20 13:23:00,711.23,711.31,711.23,711.31,0.01,290.79,208882.79,1
2025-07-20,2025-07-20 13:24:00,711.31,711.4,711.31,711.4,0.01,290.79,208882.79,1
2025-07-20,2025-07-20 13:25:00,711.4,711.48,711.4,711.48,0.01,290.79,208882.79,1
2025-07-20,2025-07-20 13:26:00,711.48,711.57,711.48,711.57,0.01,290.79,208882.79,1
2025-07-20,2025-07-20 13:27:00,711.57,711.65,711.57,711.65,0.01,290.79,208882.79,1
2025-07-20,2025-07-20 13:28:00,711.65,711.74,711.65,711.74,0.01,290.79,208882.79,1
2025-07-20,2025-07-20 13:29:00,711.74,711.83,711.74,711.83,0.01,290.79,208882.79,1
2025-07-20,2025-07-20 13:30:00,711.83,711.91,711.83,711.91,0.01,290.79,208882.79,1
2025-07-20,2025-07-20 13:31:00,711.91,712.0,711.91,712.0,0.01,290.79,208882.79,1
2025-07-20,2025-07-20 13:32:00,712.0,712.08,712.0,712.08,0.01,290.79,208882.79,1
2025-07-20,2025-07-20 13:33:00,712.08,712.17,712.08,712.17,0.01,290.79,208882.79,1
2025-07-20,2025-07-20 13:34:00,712.17,712.25,712.17,712.25,0.01,290.79,208882.79,1
2025-07-20,2025-07-20 13:35:00,712.25,712.34,712.25,712.34,0.01,290.79,208882.79,1
2025-07-20,2025-07-20 13:36:00,712.34,712.42,712.34,712.42,0.01,290.79,208882.79,1
2025-07-20,2025-07-20 13:37:00,712.42,712.51,712.42,712.51,0.01,290.79,208882.79,1
2025-07-20,2025-07-20 13:38:00,712.51,712.59,712.51,712.59,0.01,290.79,208882.79,1
2025-07-20,2025-07-20 13:39:00,712.59,712.68,712.59,712.68,0.01,290.79,208882.79,1
2025-07-20,2025-07-20 13:40:00,712.68,712.77,712.68,712.77,0.01,290.79,208882.79,1
2025-07-20,2025-07-20 13:41:00,712.77,712.85,712.77,712.85,0.01,290.79,208882.79,1
2025-07-20,2025-07-20 13:42:00,712.85,712.94,712.85,712.94,0.01,290.79,208882.79,1
2025-07-20,2025-07-20 13:43:00,712.94,713.02,712.94,713.02,0.01,290.79,208882.79,1
2025-07-20,2025-07-20 13:44:00,713.02,713.11,713.02,713.11,0.01,290.79,208882.79,1
2025-07-20,2025-07-20 13:45:00,713.11,713.19,713.11,713.19,0.01,290.79,208882.79,1
2025-07-20,2025-07-20 13:46:00,713.19,713.28,713.19,713.28,0.01,290.79,208882.79,1
2025-07-20,2025-07-20 13:47:00,713.28,713.36,713.28,713.36,0.01,290.79,208882.79,1
2025-07-20,2025-07-20 13:48:00,713.36,713.45,713.36,713.45,0.01,290.79,208882.79,1
2025-07-20,2025-07-20 13:49:00,713.45,713.53,713.45,713.53,0.01,290.79,208882.79,1
2025-07-20,2025-07-20 13:50:00,713.53,713.62,713.53,713.62,0.01,290.79,208882.79,1
2025-07-20,2025-07-20 13:51:00,713.62,713.71,713.62,713.71,0.01,290.79,208882.79,1
2025-07-20,2025-07-20 13:52:00,713.71,713.79,713.71,713.79,0.01,290.79,208882.79,1
2025-07-20,2025-07-20 13:53:00,713.79,713.88,713.79,713.88,0.01,290.79,208882.79,1
2025-07-20,2025-07-20 13:54:00,713.88,713.96,713.88,713.96,0.01,290.79,208882.79,1
2025-07-20,2025-07-20 13:55:00,713.96,714.05,713.96,714.05,0.01,290.79,208882.79,1
2025-07-20,2025-07-20 13:56:00,714.05,714.13,714.05,714.13,0.01,290.79,208882.79,1
2025-07-20,2025-07-20 13:57:00,714.13,714.22,714.13,714.22,0.01,290.79,208882.79,1
2025-07-20,2025-07-20 13:58:00,714.22,714.3,714.22,714.3,0.01,290.79,208882.79,1
2025-07-20,2025-07-20 13:59:00,714.3,714.39,714.3,714.39,0.01,290.79,208882.79,1
2025-07-20,2025-07-20 14:00:00,714.39,714.48,714.39,714.48,0.01,290.79,208882.79,1
2025-07-20,2025-07-20 14:01:00,714.48,714.56,714.48,714.56,0.01,290.79,208882.79,1
2025-07-20,2025-07-20 14:02:00,714.56,714.65,714.56,714.65,0.01,290.79,208882.79,1
2025-07-20,2025-07-20 14:03:00,714.65,714.73,714.65,714.73,0.01,290.79,208882.79,1
2025-07-20,2025-07-20 14:04:00,714.73,714.82,714.73,714.82,0.01,290.79,208882.79,1
2025-07-20,2025-07-20 14:05:00,714.82,714.9,714.82,714.9,0.01,290.79,208882.79,1
2025-07-20,2025-07-20 14:06:00,714.9,714.99,714.9,714.99,0.01,290.79,208882.79,1
2025-07-20,2025-07-20 14:07:00,714.99,715.07,714.99,715.07,0.01,290.79,208882.79,1
2025-07-20,2025-07-20 14:08:00,715.07,715.16,715.07,715.16,0.01,290.79,208882.79,1
2025-07-20,2025-07-20 14:09:00,715.16,715.25,715.16,715.25,0.01,290.79,208882.79,1
2025-07-20,2025-07-20 14:10:00,715.25,715.33,715.25,715.33,0.01,290.79,208882.79,1
2025-07-20,2025-07-20 14:11:00,715.33,715.42,715.33,715.42,0.01,290.79,208882.79,1
2025-07-20,2025-07-20 14:12:00,715.42,715.5,715.42,715.5,0.01,290.79,208882.79,1
2025-07-20,2025-07-20 14:13:00,715.5,715.59,715.5,715.59,0.01,290.79,208882.79,1
2025-07-20,2025-07-20 14:14:00,715.59,715.67,715.59,715.67,0.01,290.79,208882.79,1
2025-07-20,2025-07-20 14:15:00,715.67,715.76,715.67,715.76,0.01,290.79,208882.79,1
2025-07-20,2025-07-20 14:16:00,715.76,715.84,715.76,715.84,0.01,290.79,208882.79,1
2025-07-20,2025-07-20 14:17:00,715.84,715.93,715.84,715.93,0.01,290.79,208882.79,1
2025-07-20,2025-07-20 14:18:00,715.93,716.01,715.93,716.01,0.01,290.79,208882.79,1
2025-07-20,2025-07-20 14:19:00,716.01,716.1,716.01,716.1,0.01,290.79,208882.79,1
2025-07-20,2025-07-20 14:20:00,716.1,716.19,716.1,716.19,0.01,290.79,208882.79,1
2025-07-20,2025-07-20 14:21:00,716.19,716.27,716.19,716.27,0.01,290.79,208882.79,1
2025-07-20,2025-07-20 14:22:00,716.27,716.36,716.27,716.36,0.01,290.79,208882.79,1
2025-07-20,2025-07-20 14:23:00,716.36,716.44,716.36,716.44,0.01,290.79,208882.79,1
2025-07-20,2025-07-20 14:24:00,716.44,716.53,716.44,716.53,0.01,290.79,208882.79,1
2025-07-20,2025-07-20 14:25:00,716.53,716.61,716.53,716.61,0.01,290.79,208882.79,1
2025-07-20,2025-07-20 14:26:00,716.61,716.7,716.61,716.7,0.01,290.79,208882.79,1
2025-07-20,2025-07-20 14:27:00,716.7,716.78,716.7,716.78,0.01,290.79,208882.79,1
2025-07-20,2025-07-20 14:28:00,716.78,716.87,716.78,716.87,0.01,290.79,208882.79,1
2025-07-20,2025-07-20 14:29:00,716.87,716.95,716.87,716.95,0.01,290.79,208882.79,1
2025-07-20,2025-07-20 14:30:00,716.95,717.04,716.95,717.04,0.01,290.79,208882.79,1
2025-07-20,2025-07-20 14:31:00,717.04,717.13,717.04,717.13,0.01,290.79,208882.79,1
2025-07-20,2025-07-20 14:32:00,717.13,717.21,717.13,717.21,0.01,290.79,208882.79,1
2025-07-20,2025-07-20 14:33:00,717.21,717.3,717.21,717.3,0.01,290.79,208882.79,1
2025-07-20,2025-07-20 14:34:00,717.3,717.38,717.3,717.38,0.01,290.79,208882.79,1
2025-07-20,2025-07-20 14:35:00,717.38,717.47,717.38,717.47,0.01,290.79,208882.79,1
2025-07-20,2025-07-20 14:36:00,717.47,717.55,717.47,717.55,0.01,290.79,208882.79,1
2025-07-20,2025-07-20 14:37:00,717.55,717.64,717.55,717.64,0.01,290.79,208882.79,1
2025-07-20,2025-07-20 14:38:00,717.64,717.72,717.64,717.72,0.01,290.79,208882.79,1
2025-07-20,2025-07-20 14:39:00,717.72,717.81,717.72,717.81,0.01,290.79,208882.79,1
2025-07-20,2025-07-20 14:40:00,717.81,717.9,717.81,717.9,0.01,290.79,208882.79,1
2025-07-20,2025-07-20 14:41:00,717.9,717.98,717.9,717.98,0.01,290.79,208882.79,1
2025-07-20,2025-07-20 14:42:00,717.98,718.07,717.98,718.07,0.01,290.79,208882.79,1
2025-07-20,2025-07-20 14:43:00,718.07,718.15,718.07,718.15,0.01,290.79,208882.79,1
2025-07-20,2025-07-20 14:44:00,718.15,718.24,718.15,718.24,0.01,290.79,208882.79,1
2025-07-20,2025-07-20 14:45:00,718.24,718.32,718.24,718.32,0.01,290.79,208882.79,1
2025-07-20,2025-07-20 14:46:00,718.32,718.41,718.32,718.41,0.01,290.79,208882.79,1
2025-07-20,2025-07-20 14:47:00,718.41,718.49,718.41,718.49,0.01,290.79,208882.79,1
2025-07-20,2025-07-20 14:48:00,718.49,718.58,718.49,718.58,0.01,290.79,208882.79,1
2025-07-20,2025-07-20 14:49:00,718.58,718.66,718.58,718.66,0.01,290.79,208882.79,1
2025-07-20,2025-07-20 14:50:00,718.66,718.75,718.66,718.75,0.01,290.79,208882.79,1
2025-07-20,2025-07-20 14:51:00,718.75,718.84,718.75,718.84,0.01,290.79,208882.79,1
2025-07-20,2025-07-20 14:52:00,718.84,718.92,718.84,718.92,0.01,290.79,208882.79,1
2025-07-20,2025-07-20 14:53:00,718.92,719.01,718.92,719.01,0.01,290.79,208882.79,1
2025-07-20,2025-07-20 14:54:00,719.01,719.09,719.01,719.09,0.01,290.79,208882.79,1
2025-07-20,2025-07-20 14:55:00,719.09,719.18,719.09,719.18,0.01,290.79,208882.79,1
2025-07-20,2025-07-20 14:56:00,719.18,719.26,719.18,719.26,0.01,290.79,208882.79,1
2025-07-20,2025-07-20 14:57:00,719.26,719.35,719.26,719.35,0.01,290.79,208882.79,1
2025-07-20,2025-07-20 14:58:00,719.35,719.43,719.35,719.43,0.01,290.79,208882.79,1
2025-07-20,2025-07-20 14:59:00,719.43,719.52,719.43,719.52,0.01,290.79,208882.79,1
2025-07-20,2025-07-20 15:00:00,719.52,753.7,685.0,719.52,0.0,290.79,208882.79,0
2025-07-21,2025-07-21 11:00:00,720.0,735.0,720.0,720.19,0.03,300.22,224578.88,1
2025-07-21,2025-07-21 11:01:00,720.19,720.38,720.19,720.38,0.03,300.22,224578.88,1
2025-07-21,2025-07-21 11:02:00,720.38,720.56,720.38,720.56,0.02,300.22,224578.88,1
2025-07-21,2025-07-21 11:03:00,720.56,720.75,720.56,720.75,0.03,300.22,224578.88,1
2025-07-21,2025-07-21 11:04:00,720.75,720.94,720.75,720.94,0.03,300.22,224578.88,1
2025-07-21,2025-07-21 11:05:00,720.94,721.13,720.94,721.13,0.03,300.22,224578.88,1
2025-07-21,2025-07-21 11:06:00,721.13,721.32,721.13,721.32,0.03,300.22,224578.88,1
2025-07-21,2025-07-21 11:07:00,721.32,721.5,721.32,721.5,0.02,300.22,224578.88,1
2025-07-21,2025-07-21 11:08:00,721.5,721.69,721.5,721.69,0.03,300.22,224578.88,1
2025-07-21,2025-07-21 11:09:00,721.69,721.88,721.69,721.88,0.03,300.22,224578.88,1
2025-07-21,2025-07-21 11:10:00,721.88,722.07,721.88,722.07,0.03,300.22,224578.88,1
2025-07-21,2025-07-21 11:11:00,722.07,722.25,722.07,722.25,0.02,300.22,224578.88,1
2025-07-21,2025-07-21 11:12:00,722.25,722.44,722.25,722.44,0.03,300.22,224578.88,1
2025-07-21,2025-07-21 11:13:00,722.44,722.63,722.44,722.63,0.03,300.22,224578.88,1
2025-07-21,2025-07-21 11:14:00,722.63,722.82,722.63,722.82,0.03,300.22,224578.88,1
2025-07-21,2025-07-21 11:15:00,722.82,723.01,722.82,723.01,0.03,300.22,224578.88,1
2025-07-21,2025-07-21 11:16:00,723.01,723.19,723.01,723.19,0.02,300.22,224578.88,1
2025-07-21,2025-07-21 11:17:00,723.19,723.38,723.19,723.38,0.03,300.22,224578.88,1
2025-07-21,2025-07-21 11:18:00,723.38,723.57,723.38,723.57,0.03,300.22,224578.88,1
2025-07-21,2025-07-21 11:19:00,723.57,723.76,723.57,723.76,0.03,300.22,224578.88,1
2025-07-21,2025-07-21 11:20:00,723.76,723.95,723.76,723.95,0.03,300.22,224578.88,1
2025-07-21,2025-07-21 11:21:00,723.95,724.13,723.95,724.13,0.02,300.22,224578.88,1
2025-07-21,2025-07-21 11:22:00,724.13,724.32,724.13,724.32,0.03,300.22,224578.88,1
2025-07-21,2025-07-21 11:23:00,724.32,724.51,724.32,724.51,0.03,300.22,224578.88,1
2025-07-21,2025-07-21 11:24:00,724.51,724.7,724.51,724.7,0.03,300.22,224578.88,1
2025-07-21,2025-07-21 11:25:00,724.7,724.89,724.7,724.89,0.03,300.22,224578.88,1
2025-07-21,2025-07-21 11:26:00,724.89,725.07,724.89,725.07,0.02,300.22,224578.88,1
2025-07-21,2025-07-21 11:27:00,725.07,725.26,725.07,725.26,0.03,300.22,224578.88,1
2025-07-21,2025-07-21 11:28:00,725.26,725.45,725.26,725.45,0.03,300.22,224578.88,1
2025-07-21,2025-07-21 11:29:00,725.45,725.64,725.45,725.64,0.03,300.22,224578.88,1
2025-07-21,2025-07-21 11:30:00,725.64,725.83,725.64,725.83,0.03,300.22,224578.88,1
2025-07-21,2025-07-21 11:31:00,725.83,726.01,725.83,726.01,0.02,300.22,224578.88,1
2025-07-21,2025-07-21 11:32:00,726.01,726.2,726.01,726.2,0.03,300.22,224578.88,1
2025-07-21,2025-07-21 11:33:00,726.2,726.39,726.2,726.39,0.03,300.22,224578.88,1
2025-07-21,2025-07-21 11:34:00,726.39,726.58,726.39,726.58,0.03,300.22,224578.88,1
2025-07-21,2025-07-21 11:35:00,726.58,726.76,726.58,726.76,0.02,300.22,224578.88,1
2025-07-21,2025-07-21 11:36:00,726.76,726.95,726.76,726.95,0.03,300.22,224578.88,1
2025-07-21,2025-07-21 11:37:00,726.95,727.14,726.95,727.14,0.03,300.22,224578.88,1
2025-07-21,2025-07-21 11:38:00,727.14,727.33,727.14,727.33,0.03,300.22,224578.88,1
2025-07-21,2025-07-21 11:39:00,727.33,727.52,727.33,727.52,0.03,300.22,224578.88,1
2025-07-21,2025-07-21 11:40:00,727.52,727.7,727.52,727.7,0.02,300.22,224578.88,1
2025-07-21,2025-07-21 11:41:00,727.7,727.89,727.7,727.89,0.03,300.22,224578.88,1
2025-07-21,2025-07-21 11:42:00,727.89,728.08,727.89,728.08,0.03,300.22,224578.88,1
2025-07-21,2025-07-21 11:43:00,728.08,728.27,728.08,728.27,0.03,300.22,224578.88,1
2025-07-21,2025-07-21 11:44:00,728.27,728.46,728.27,728.46,0.03,300.22,224578.88,1
2025-07-21,2025-07-21 11:45:00,728.46,728.64,728.46,728.64,0.02,300.22,224578.88,1
2025-07-21,2025-07-21 11:46:00,728.64,728.83,728.64,728.83,0.03,300.22,224578.88,1
2025-07-21,2025-07-21 11:47:00,728.83,729.02,728.83,729.02,0.03,300.22,224578.88,1
2025-07-21,2025-07-21 11:48:00,729.02,729.21,729.02,729.21,0.03,300.22,224578.88,1
2025-07-21,2025-07-21 11:49:00,729.21,729.4,729.21,729.4,0.03,300.22,224578.88,1
2025-07-21,2025-07-21 11:50:00,729.4,729.58,729.4,729.58,0.02,300.22,224578.88,1
2025-07-21,2025-07-21 11:51:00,729.58,729.77,729.58,729.77,0.03,300.22,224578.88,1
2025-07-21,2025-07-21 11:52:00,729.77,729.96,729.77,729.96,0.03,300.22,224578.88,1
2025-07-21,2025-07-21 11:53:00,729.96,730.15,729.96,730.15,0.03,300.22,224578.88,1
2025-07-21,2025-07-21 11:54:00,730.15,730.34,730.15,730.34,0.03,300.22,224578.88,1
2025-07-21,2025-07-21 11:55:00,730.34,730.52,730.34,730.52,0.02,300.22,224578.88,1
2025-07-21,2025-07-21 11:56:00,730.52,730.71,730.52,730.71,0.03,300.22,224578.88,1
2025-07-21,2025-07-21 11:57:00,730.71,730.9,730.71,730.9,0.03,300.22,224578.88,1
2025-07-21,2025-07-21 11:58:00,730.9,731.09,730.9,731.09,0.03,300.22,224578.88,1
2025-07-21,2025-07-21 11:59:00,731.09,731.27,731.09,731.27,0.02,300.22,224578.88,1
2025-07-21,2025-07-21 12:00:00,731.27,731.46,731.27,731.46,0.03,300.22,224578.88,1
2025-07-21,2025-07-21 12:01:00,731.46,731.65,731.46,731.65,0.03,300.22,224578.88,1
2025-07-21,2025-07-21 12:02:00,731.65,731.84,731.65,731.84,0.03,300.22,224578.88,1
2025-07-21,2025-07-21 12:03:00,731.84,732.03,731.84,732.03,0.03,300.22,224578.88,1
2025-07-21,2025-07-21 12:04:00,732.03,732.21,732.03,732.21,0.02,300.22,224578.88,1
2025-07-21,2025-07-21 12:05:00,732.21,732.4,732.21,732.4,0.03,300.22,224578.88,1
2025-07-21,2025-07-21 12:06:00,732.4,732.59,732.4,732.59,0.03,300.22,224578.88,1
2025-07-21,2025-07-21 12:07:00,732.59,732.78,732.59,732.78,0.03,300.22,224578.88,1
2025-07-21,2025-07-21 12:08:00,732.78,732.97,732.78,732.97,0.03,300.22,224578.88,1
2025-07-21,2025-07-21 12:09:00,732.97,733.15,732.97,733.15,0.02,300.22,224578.88,1
2025-07-21,2025-07-21 12:10:00,733.15,733.34,733.15,733.34,0.03,300.22,224578.88,1
2025-07-21,2025-07-21 12:11:00,733.34,733.53,733.34,733.53,0.03,300.22,224578.88,1
2025-07-21,2025-07-21 12:12:00,733.53,733.72,733.53,733.72,0.03,300.22,224578.88,1
2025-07-21,2025-07-21 12:13:00,733.72,733.91,733.72,733.91,0.03,300.22,224578.88,1
2025-07-21,2025-07-21 12:14:00,733.91,734.09,733.91,734.09,0.02,300.22,224578.88,1
2025-07-21,2025-07-21 12:15:00,734.09,734.28,734.09,734.28,0.03,300.22,224578.88,1
2025-07-21,2025-07-21 12:16:00,734.28,734.47,734.28,734.47,0.03,300.22,224578.88,1
2025-07-21,2025-07-21 12:17:00,734.47,734.66,734.47,734.66,0.03,300.22,224578.88,1
2025-07-21,2025-07-21 12:18:00,734.66,734.85,734.66,734.85,0.03,300.22,224578.88,1
2025-07-21,2025-07-21 12:19:00,734.85,735.03,734.85,735.03,0.02,300.22,224578.88,1
2025-07-21,2025-07-21 12:20:00,735.03,735.22,735.03,735.22,0.03,300.22,224578.88,1
2025-07-21,2025-07-21 12:21:00,735.22,735.41,735.22,735.41,0.03,300.22,224578.88,1
2025-07-21,2025-07-21 12:22:00,735.41,735.6,735.41,735.6,0.03,300.22,224578.88,1
2025-07-21,2025-07-21 12:23:00,735.6,735.78,735.6,735.78,0.02,300.22,224578.88,1
2025-07-21,2025-07-21 12:24:00,735.78,735.97,735.78,735.97,0.03,300.22,224578.88,1
2025-07-21,2025-07-21 12:25:00,735.97,736.16,735.97,736.16,0.03,300.22,224578.88,1
2025-07-21,2025-07-21 12:26:00,736.16,736.35,736.16,736.35,0.03,300.22,224578.88,1
2025-07-21,2025-07-21 12:27:00,736.35,736.54,736.35,736.54,0.03,300.22,224578.88,1
2025-07-21,2025-07-21 12:28:00,736.54,736.72,736.54,736.72,0.02,300.22,224578.88,1
2025-07-21,2025-07-21 12:29:00,736.72,736.91,736.72,736.91,0.03,300.22,224578.88,1
2025-07-21,2025-07-21 12:30:00,736.91,737.1,736.91,737.1,0.03,300.22,224578.88,1
2025-07-21,2025-07-21 12:31:00,737.1,737.29,737.1,737.29,0.03,300.22,224578.88,1
2025-07-21,2025-07-21 12:32:00,737.29,737.48,737.29,737.48,0.03,300.22,224578.88,1
2025-07-21,2025-07-21 12:33:00,737.48,737.66,737.48,737.66,0.02,300.22,224578.88,1
2025-07-21,2025-07-21 12:34:00,737.66,737.85,737.66,737.85,0.03,300.22,224578.88,1
2025-07-21,2025-07-21 12:35:00,737.85,738.04,737.85,738.04,0.03,300.22,224578.88,1
2025-07-21,2025-07-21 12:36:00,738.04,738.23,738.04,738.23,0.03,300.22,224578.88,1
2025-07-21,2025-07-21 12:37:00,738.23,738.42,738.23,738.42,0.03,300.22,224578.88,1
2025-07-21,2025-07-21 12:38:00,738.42,738.6,738.42,738.6,0.02,300.22,224578.88,1
2025-07-21,2025-07-21 12:39:00,738.6,738.79,738.6,738.79,0.03,300.22,224578.88,1
2025-07-21,2025-07-21 12:40:00,738.79,738.98,738.79,738.98,0.03,300.22,224578.88,1
2025-07-21,2025-07-21 12:41:00,738.98,739.17,738.98,739.17,0.03,300.22,224578.88,1
2025-07-21,2025-07-21 12:42:00,739.17,739.36,739.17,739.36,0.03,300.22,224578.88,1
2025-07-21,2025-07-21 12:43:00,739.36,739.54,739.36,739.54,0.02,300.22,224578.88,1
2025-07-21,2025-07-21 12:44:00,739.54,739.73,739.54,739.73,0.03,300.22,224578.88,1
2025-07-21,2025-07-21 12:45:00,739.73,739.92,739.73,739.92,0.03,300.22,224578.88,1
2025-07-21,2025-07-21 12:46:00,739.92,740.11,739.92,740.11,0.03,300.22,224578.88,1
2025-07-21,2025-07-21 12:47:00,740.11,740.29,740.11,740.29,0.02,300.22,224578.88,1
2025-07-21,2025-07-21 12:48:00,740.29,740.48,740.29,740.48,0.03,300.22,224578.88,1
2025-07-21,2025-07-21 12:49:00,740.48,740.67,740.48,740.67,0.03,300.22,224578.88,1
2025-07-21,2025-07-21 12:50:00,740.67,740.86,740.67,740.86,0.03,300.22,224578.88,1
2025-07-21,2025-07-21 12:51:00,740.86,741.05,740.86,741.05,0.03,300.22,224578.88,1
2025-07-21,2025-07-21 12:52:00,741.05,741.23,741.05,741.23,0.02,300.22,224578.88,1
2025-07-21,2025-07-21 12:53:00,741.23,741.42,741.23,741.42,0.03,300.22,224578.88,1
2025-07-21,2025-07-21 12:54:00,741.42,741.61,741.42,741.61,0.03,300.22,224578.88,1
2025-07-21,2025-07-21 12:55:00,741.61,741.8,741.61,741.8,0.03,300.22,224578.88,1
2025-07-21,2025-07-21 12:56:00,741.8,741.99,741.8,741.99,0.03,300.22,224578.88,1
2025-07-21,2025-07-21 12:57:00,741.99,742.17,741.99,742.17,0.02,300.22,224578.88,1
2025-07-21,2025-07-21 12:58:00,742.17,742.36,742.17,742.36,0.03,300.22,224578.88,1
2025-07-21,2025-07-21 12:59:00,742.36,742.55,742.36,742.55,0.03,300.22,224578.88,1
2025-07-21,2025-07-21 13:00:00,742.55,770.0,720.0,742.74,0.03,300.22,224578.88,1
2025-07-21,2025-07-21 13:01:00,742.74,742.93,742.74,742.93,0.03,300.22,224578.88,1
2025-07-21,2025-07-21 13:02:00,742.93,743.11,742.93,743.11,0.02,300.22,224578.88,1
2025-07-21,2025-07-21 13:03:00,743.11,743.3,743.11,743.3,0.03,300.22,224578.88,1
2025-07-21,2025-07-21 13:04:00,743.3,743.49,743.3,743.49,0.03,300.22,224578.88,1
2025-07-21,2025-07-21 13:05:00,743.49,743.68,743.49,743.68,0.03,300.22,224578.88,1
2025-07-21,2025-07-21 13:06:00,743.68,743.87,743.68,743.87,0.03,300.22,224578.88,1
2025-07-21,2025-07-21 13:07:00,743.87,744.05,743.87,744.05,0.02,300.22,224578.88,1
2025-07-21,2025-07-21 13:08:00,744.05,744.24,744.05,744.24,0.03,300.22,224578.88,1
2025-07-21,2025-07-21 13:09:00,744.24,744.43,744.24,744.43,0.03,300.22,224578.88,1
2025-07-21,2025-07-21 13:10:00,744.43,744.62,744.43,744.62,0.03,300.22,224578.88,1
2025-07-21,2025-07-21 13:11:00,744.62,744.81,744.62,744.81,0.03,300.22,224578.88,1
2025-07-21,2025-07-21 13:12:00,744.81,744.99,744.81,744.99,0.02,300.22,224578.88,1
2025-07-21,2025-07-21 13:13:00,744.99,745.18,744.99,745.18,0.03,300.22,224578.88,1
2025-07-21,2025-07-21 13:14:00,745.18,745.37,745.18,745.37,0.03,300.22,224578.88,1
2025-07-21,2025-07-21 13:15:00,745.37,745.56,745.37,745.56,0.03,300.22,224578.88,1
2025-07-21,2025-07-21 13:16:00,745.56,745.74,745.56,745.74,0.02,300.22,224578.88,1
2025-07-21,2025-07-21 13:17:00,745.74,745.93,745.74,745.93,0.03,300.22,224578.88,1
2025-07-21,2025-07-21 13:18:00,745.93,746.12,745.93,746.12,0.03,300.22,224578.88,1
2025-07-21,2025-07-21 13:19:00,746.12,746.31,746.12,746.31,0.03,300.22,224578.88,1
2025-07-21,2025-07-21 13:20:00,746.31,746.5,746.31,746.5,0.03,300.22,224578.88,1
2025-07-21,2025-07-21 13:21:00,746.5,746.68,746.5,746.68,0.02,300.22,224578.88,1
2025-07-21,2025-07-21 13:22:00,746.68,746.87,746.68,746.87,0.03,300.22,224578.88,1
2025-07-21,2025-07-21 13:23:00,746.87,747.06,746.87,747.06,0.03,300.22,224578.88,1
2025-07-21,2025-07-21 13:24:00,747.06,747.25,747.06,747.25,0.03,300.22,224578.88,1
2025-07-21,2025-07-21 13:25:00,747.25,747.44,747.25,747.44,0.03,300.22,224578.88,1
2025-07-21,2025-07-21 13:26:00,747.44,747.62,747.44,747.62,0.02,300.22,224578.88,1
2025-07-21,2025-07-21 13:27:00,747.62,747.81,747.62,747.81,0.03,300.22,224578.88,1
2025-07-21,2025-07-21 13:28:00,747.81,748.0,747.81,748.0,0.03,300.22,224578.88,1
2025-07-21,2025-07-21 13:29:00,748.0,748.19,748.0,748.19,0.03,300.22,224578.88,1
2025-07-21,2025-07-21 13:30:00,748.19,748.38,748.19,748.38,0.03,300.22,224578.88,1
2025-07-21,2025-07-21 13:31:00,748.38,748.56,748.38,748.56,0.02,300.22,224578.88,1
2025-07-21,2025-07-21 13:32:00,748.56,748.75,748.56,748.75,0.03,300.22,224578.88,1
2025-07-21,2025-07-21 13:33:00,748.75,748.94,748.75,748.94,0.03,300.22,224578.88,1
2025-07-21,2025-07-21 13:34:00,748.94,749.13,748.94,749.13,0.03,300.22,224578.88,1
2025-07-21,2025-07-21 13:35:00,749.13,749.32,749.13,749.32,0.03,300.22,224578.88,1
2025-07-21,2025-07-21 13:36:00,749.32,749.5,749.32,749.5,0.02,300.22,224578.88,1
2025-07-21,2025-07-21 13:37:00,749.5,749.69,749.5,749.69,0.03,300.22,224578.88,1
2025-07-21,2025-07-21 13:38:00,749.69,749.88,749.69,749.88,0.03,300.22,224578.88,1
2025-07-21,2025-07-21 13:39:00,749.88,750.07,749.88,750.07,0.03,300.22,224578.88,1
2025-07-21,2025-07-21 13:40:00,750.07,750.25,750.07,750.25,0.02,300.22,224578.88,1
2025-07-21,2025-07-21 13:41:00,750.25,750.44,750.25,750.44,0.03,300.22,224578.88,1
2025-07-21,2025-07-21 13:42:00,750.44,750.63,750.44,750.63,0.03,300.22,224578.88,1
2025-07-21,2025-07-21 13:43:00,750.63,750.82,750.63,750.82,0.03,300.22,224578.88,1
2025-07-21,2025-07-21 13:44:00,750.82,751.01,750.82,751.01,0.03,300.22,224578.88,1
2025-07-21,2025-07-21 13:45:00,751.01,751.19,751.01,751.19,0.02,300.22,224578.88,1
2025-07-21,2025-07-21 13:46:00,751.19,751.38,751.19,751.38,0.03,300.22,224578.88,1
2025-07-21,2025-07-21 13:47:00,751.38,751.57,751.38,751.57,0.03,300.22,224578.88,1
2025-07-21,2025-07-21 13:48:00,751.57,751.76,751.57,751.76,0.03,300.22,224578.88,1
2025-07-21,2025-07-21 13:49:00,751.76,751.95,751.76,751.95,0.03,300.22,224578.88,1
2025-07-21,2025-07-21 13:50:00,751.95,752.13,751.95,752.13,0.02,300.22,224578.88,1
2025-07-21,2025-07-21 13:51:00,752.13,752.32,752.13,752.32,0.03,300.22,224578.88,1
2025-07-21,2025-07-21 13:52:00,752.32,752.51,752.32,752.51,0.03,300.22,224578.88,1
2025-07-21,2025-07-21 13:53:00,752.51,752.7,752.51,752.7,0.03,300.22,224578.88,1
2025-07-21,2025-07-21 13:54:00,752.7,752.89,752.7,752.89,0.03,300.22,224578.88,1
2025-07-21,2025-07-21 13:55:00,752.89,753.07,752.89,753.07,0.02,300.22,224578.88,1
2025-07-21,2025-07-21 13:56:00,753.07,753.26,753.07,753.26,0.03,300.22,224578.88,1
2025-07-21,2025-07-21 13:57:00,753.26,753.45,753.26,753.45,0.03,300.22,224578.88,1
2025-07-21,2025-07-21 13:58:00,753.45,753.64,753.45,753.64,0.03,300.22,224578.88,1
2025-07-21,2025-07-21 13:59:00,753.64,753.83,753.64,753.83,0.03,300.22,224578.88,1
2025-07-21,2025-07-21 14:00:00,753.83,754.01,753.83,754.01,0.02,300.22,224578.88,1
2025-07-21,2025-07-21 14:01:00,754.01,754.2,754.01,754.2,0.03,300.22,224578.88,1
2025-07-21,2025-07-21 14:02:00,754.2,754.39,754.2,754.39,0.03,300.22,224578.88,1
2025-07-21,2025-07-21 14:03:00,754.39,754.58,754.39,754.58,0.03,300.22,224578.88,1
2025-07-21,2025-07-21 14:04:00,754.58,754.76,754.58,754.76,0.02,300.22,224578.88,1
2025-07-21,2025-07-21 14:05:00,754.76,754.95,754.76,754.95,0.03,300.22,224578.88,1
2025-07-21,2025-07-21 14:06:00,754.95,755.14,754.95,755.14,0.03,300.22,224578.88,1
2025-07-21,2025-07-21 14:07:00,755.14,755.33,755.14,755.33,0.03,300.22,224578.88,1
2025-07-21,2025-07-21 14:08:00,755.33,755.52,755.33,755.52,0.03,300.22,224578.88,1
2025-07-21,2025-07-21 14:09:00,755.52,755.7,755.52,755.7,0.02,300.22,224578.88,1
2025-07-21,2025-07-21 14:10:00,755.7,755.89,755.7,755.89,0.03,300.22,224578.88,1
2025-07-21,2025-07-21 14:11:00,755.89,756.08,755.89,756.08,0.03,300.22,224578.88,1
2025-07-21,2025-07-21 14:12:00,756.08,756.27,756.08,756.27,0.03,300.22,224578.88,1
2025-07-21,2025-07-21 14:13:00,756.27,756.46,756.27,756.46,0.03,300.22,224578.88,1
2025-07-21,2025-07-21 14:14:00,756.46,756.64,756.46,756.64,0.02,300.22,224578.88,1
2025-07-21,2025-07-21 14:15:00,756.64,756.83,756.64,756.83,0.03,300.22,224578.88,1
2025-07-21,2025-07-21 14:16:00,756.83,757.02,756.83,757.02,0.03,300.22,224578.88,1
2025-07-21,2025-07-21 14:17:00,757.02,757.21,757.02,757.21,0.03,300.22,224578.88,1
2025-07-21,2025-07-21 14:18:00,757.21,757.4,757.21,757.4,0.03,300.22,224578.88,1
2025-07-21,2025-07-21 14:19:00,757.4,757.58,757.4,757.58,0.02,300.22,224578.88,1
2025-07-21,2025-07-21 14:20:00,757.58,757.77,757.58,757.77,0.03,300.22,224578.88,1
2025-07-21,2025-07-21 14:21:00,757.77,757.96,757.77,757.96,0.03,300.22,224578.88,1
2025-07-21,2025-07-21 14:22:00,757.96,758.15,757.96,758.15,0.03,300.22,224578.88,1
2025-07-21,2025-07-21 14:23:00,758.15,758.34,758.15,758.34,0.03,300.22,224578.88,1
2025-07-21,2025-07-21 14:24:00,758.34,758.52,758.34,758.52,0.02,300.22,224578.88,1
2025-07-21,2025-07-21 14:25:00,758.52,758.71,758.52,758.71,0.03,300.22,224578.88,1
2025-07-21,2025-07-21 14:26:00,758.71,758.9,758.71,758.9,0.03,300.22,224578.88,1
2025-07-21,2025-07-21 14:27:00,758.9,759.09,758.9,759.09,0.03,300.22,224578.88,1
2025-07-21,2025-07-21 14:28:00,759.09,759.27,759.09,759.27,0.02,300.22,224578.88,1
2025-07-21,2025-07-21 14:29:00,759.27,759.46,759.27,759.46,0.03,300.22,224578.88,1
2025-07-21,2025-07-21 14:30:00,759.46,759.65,759.46,759.65,0.03,300.22,224578.88,1
2025-07-21,2025-07-21 14:31:00,759.65,759.84,759.65,759.84,0.03,300.22,224578.88,1
2025-07-21,2025-07-21 14:32:00,759.84,760.03,759.84,760.03,0.03,300.22,224578.88,1
2025-07-21,2025-07-21 14:33:00,760.03,760.21,760.03,760.21,0.02,300.22,224578.88,1
2025-07-21,2025-07-21 14:34:00,760.21,760.4,760.21,760.4,0.02,300.22,224578.88,1
2025-07-21,2025-07-21 14:35:00,760.4,760.59,760.4,760.59,0.02,300.22,224578.88,1
2025-07-21,2025-07-21 14:36:00,760.59,760.78,760.59,760.78,0.02,300.22,224578.88,1
2025-07-21,2025-07-21 14:37:00,760.78,760.97,760.78,760.97,0.02,300.22,224578.88,1
2025-07-21,2025-07-21 14:38:00,760.97,761.15,760.97,761.15,0.02,300.22,224578.88,1
2025-07-21,2025-07-21 14:39:00,761.15,761.34,761.15,761.34,0.02,300.22,224578.88,1
2025-07-21,2025-07-21 14:40:00,761.34,761.53,761.34,761.53,0.02,300.22,224578.88,1
2025-07-21,2025-07-21 14:41:00,761.53,761.72,761.53,761.72,0.02,300.22,224578.88,1
2025-07-21,2025-07-21 14:42:00,761.72,761.91,761.72,761.91,0.02,300.22,224578.88,1
2025-07-21,2025-07-21 14:43:00,761.91,762.09,761.91,762.09,0.02,300.22,224578.88,1
2025-07-21,2025-07-21 14:44:00,762.09,762.28,762.09,762.28,0.02,300.22,224578.88,1
2025-07-21,2025-07-21 14:45:00,762.28,762.47,762.28,762.47,0.02,300.22,224578.88,1
2025-07-21,2025-07-21 14:46:00,762.47,762.66,762.47,762.66,0.02,300.22,224578.88,1
2025-07-21,2025-07-21 14:47:00,762.66,762.85,762.66,762.85,0.02,300.22,224578.88,1
2025-07-21,2025-07-21 14:48:00,762.85,763.03,762.85,763.03,0.02,300.22,224578.88,1
2025-07-21,2025-07-21 14:49:00,763.03,763.22,763.03,763.22,0.02,300.22,224578.88,1
2025-07-21,2025-07-21 14:50:00,763.22,763.41,763.22,763.41,0.02,300.22,224578.88,1
2025-07-21,2025-07-21 14:51:00,763.41,763.6,763.41,763.6,0.02,300.22,224578.88,1
2025-07-21,2025-07-21 14:52:00,763.6,763.78,763.6,763.78,0.02,300.22,224578.88,1
2025-07-21,2025-07-21 14:53:00,763.78,763.97,763.78,763.97,0.02,300.22,224578.88,1
2025-07-21,2025-07-21 14:54:00,763.97,764.16,763.97,764.16,0.02,300.22,224578.88,1
2025-07-21,2025-07-21 14:55:00,764.16,764.35,764.16,764.35,0.02,300.22,224578.88,1
2025-07-21,2025-07-21 14:56:00,764.35,764.54,764.35,764.54,0.02,300.22,224578.88,1
2025-07-21,2025-07-21 14:57:00,764.54,764.72,764.54,764.72,0.02,300.22,224578.88,1
2025-07-21,2025-07-21 14:58:00,764.72,764.91,764.72,764.91,0.02,300.22,224578.88,1
2025-07-21,2025-07-21 14:59:00,764.91,765.1,764.91,765.1,0.02,300.22,224578.88,1
2025-07-21,2025-07-21 15:00:00,765.1,770.0,720.0,765.1,0.0,300.22,224578.88,0
2025-07-22,2025-07-22 11:00:00,780.4,791.38,772.78,780.5,0.01,379.51,296307.91,1
2025-07-22,2025-07-22 11:01:00,780.5,780.61,780.5,780.61,0.01,379.51,296307.91,1
2025-07-22,2025-07-22 11:02:00,780.61,780.71,780.61,780.71,0.01,379.51,296307.91,1
2025-07-22,2025-07-22 11:03:00,780.71,780.81,780.71,780.81,0.01,379.51,296307.91,1
2025-07-22,2025-07-22 11:04:00,780.81,780.92,780.81,780.92,0.01,379.51,296307.91,1
2025-07-22,2025-07-22 11:05:00,780.92,781.02,780.92,781.02,0.01,379.51,296307.91,1
2025-07-22,2025-07-22 11:06:00,781.02,781.12,781.02,781.12,0.01,379.51,296307.91,1
2025-07-22,2025-07-22 11:07:00,781.12,781.23,781.12,781.23,0.01,379.51,296307.91,1
2025-07-22,2025-07-22 11:08:00,781.23,781.33,781.23,781.33,0.01,379.51,296307.91,1
2025-07-22,2025-07-22 11:09:00,781.33,781.43,781.33,781.43,0.01,379.51,296307.91,1
2025-07-22,2025-07-22 11:10:00,781.43,781.54,781.43,781.54,0.01,379.51,296307.91,1
2025-07-22,2025-07-22 11:11:00,781.54,781.64,781.54,781.64,0.01,379.51,296307.91,1
2025-07-22,2025-07-22 11:12:00,781.64,781.74,781.64,781.74,0.01,379.51,296307.91,1
2025-07-22,2025-07-22 11:13:00,781.74,781.85,781.74,781.85,0.01,379.51,296307.91,1
2025-07-22,2025-07-22 11:14:00,781.85,781.95,781.85,781.95,0.01,379.51,296307.91,1
2025-07-22,2025-07-22 11:15:00,781.95,782.05,781.95,782.05,0.01,379.51,296307.91,1
2025-07-22,2025-07-22 11:16:00,782.05,782.16,782.05,782.16,0.01,379.51,296307.91,1
2025-07-22,2025-07-22 11:17:00,782.16,782.26,782.16,782.26,0.01,379.51,296307.91,1
2025-07-22,2025-07-22 11:18:00,782.26,782.36,782.26,782.36,0.01,379.51,296307.91,1
2025-07-22,2025-07-22 11:19:00,782.36,782.47,782.36,782.47,0.01,379.51,296307.91,1
2025-07-22,2025-07-22 11:20:00,782.47,782.57,782.47,782.57,0.01,379.51,296307.91,1
2025-07-22,2025-07-22 11:21:00,782.57,782.67,782.57,782.67,0.01,379.51,296307.91,1
2025-07-22,2025-07-22 11:22:00,782.67,782.78,782.67,782.78,0.01,379.51,296307.91,1
2025-07-22,2025-07-22 11:23:00,782.78,782.88,782.78,782.88,0.01,379.51,296307.91,1
2025-07-22,2025-07-22 11:24:00,782.88,782.98,782.88,782.98,0.01,379.51,296307.91,1
2025-07-22,2025-07-22 11:25:00,782.98,783.09,782.98,783.09,0.01,379.51,296307.91,1
2025-07-22,2025-07-22 11:26:00,783.09,783.19,783.09,783.19,0.01,379.51,296307.91,1
2025-07-22,2025-07-22 11:27:00,783.19,783.29,783.19,783.29,0.01,379.51,296307.91,1
2025-07-22,2025-07-22 11:28:00,783.29,783.4,783.29,783.4,0.01,379.51,296307.91,1
2025-07-22,2025-07-22 11:29:00,783.4,783.5,783.4,783.5,0.01,379.51,296307.91,1
2025-07-22,2025-07-22 11:30:00,783.5,783.6,783.5,783.6,0.01,379.51,296307.91,1
2025-07-22,2025-07-22 11:31:00,783.6,783.71,783.6,783.71,0.01,379.51,296307.91,1
2025-07-22,2025-07-22 11:32:00,783.71,783.81,783.71,783.81,0.01,379.51,296307.91,1
2025-07-22,2025-07-22 11:33:00,783.81,783.91,783.81,783.91,0.01,379.51,296307.91,1
2025-07-22,2025-07-22 11:34:00,783.91,784.02,783.91,784.02,0.01,379.51,296307.91,1
2025-07-22,2025-07-22 11:35:00,784.02,784.12,784.02,784.12,0.01,379.51,296307.91,1
2025-07-22,2025-07-22 11:36:00,784.12,784.22,784.12,784.22,0.01,379.51,296307.91,1
2025-07-22,2025-07-22 11:37:00,784.22,784.33,784.22,784.33,0.01,379.51,296307.91,1
2025-07-22,2025-07-22 11:38:00,784.33,784.43,784.33,784.43,0.01,379.51,296307.91,1
2025-07-22,2025-07-22 11:39:00,784.43,784.53,784.43,784.53,0.01,379.51,296307.91,1
2025-07-22,2025-07-22 11:40:00,784.53,784.64,784.53,784.64,0.01,379.51,296307.91,1
2025-07-22,2025-07-22 11:41:00,784.64,784.74,784.64,784.74,0.01,379.51,296307.91,1
2025-07-22,2025-07-22 11:42:00,784.74,784.84,784.74,784.84,0.01,379.51,296307.91,1
2025-07-22,2025-07-22 11:43:00,784.84,784.95,784.84,784.95,0.01,379.51,296307.91,1
2025-07-22,2025-07-22 11:44:00,784.95,785.05,784.95,785.05,0.01,379.51,296307.91,1
2025-07-22,2025-07-22 11:45:00,785.05,785.15,785.05,785.15,0.01,379.51,296307.91,1
2025-07-22,2025-07-22 11:46:00,785.15,785.26,785.15,785.26,0.01,379.51,296307.91,1
2025-07-22,2025-07-22 11:47:00,785.26,785.36,785.26,785.36,0.01,379.51,296307.91,1
2025-07-22,2025-07-22 11:48:00,785.36,785.46,785.36,785.46,0.01,379.51,296307.91,1
2025-07-22,2025-07-22 11:49:00,785.46,785.57,785.46,785.57,0.01,379.51,296307.91,1
2025-07-22,2025-07-22 11:50:00,785.57,785.67,785.57,785.67,0.01,379.51,296307.91,1
2025-07-22,2025-07-22 11:51:00,785.67,785.77,785.67,785.77,0.01,379.51,296307.91,1
2025-07-22,2025-07-22 11:52:00,785.77,785.88,785.77,785.88,0.01,379.51,296307.91,1
2025-07-22,2025-07-22 11:53:00,785.88,785.98,785.88,785.98,0.01,379.51,296307.91,1
2025-07-22,2025-07-22 11:54:00,785.98,786.08,785.98,786.08,0.01,379.51,296307.91,1
2025-07-22,2025-07-22 11:55:00,786.08,786.19,786.08,786.19,0.01,379.51,296307.91,1
2025-07-22,2025-07-22 11:56:00,786.19,786.29,786.19,786.29,0.01,379.51,296307.91,1
2025-07-22,2025-07-22 11:57:00,786.29,786.39,786.29,786.39,0.01,379.51,296307.91,1
2025-07-22,2025-07-22 11:58:00,786.39,786.5,786.39,786.5,0.01,379.51,296307.91,1
2025-07-22,2025-07-22 11:59:00,786.5,786.6,786.5,786.6,0.01,379.51,296307.91,1
2025-07-22,2025-07-22 12:00:00,786.6,786.7,786.6,786.7,0.01,379.51,296307.91,1
2025-07-22,2025-07-22 12:01:00,786.7,786.81,786.7,786.81,0.01,379.51,296307.91,1
2025-07-22,2025-07-22 12:02:00,786.81,786.91,786.81,786.91,0.01,379.51,296307.91,1
2025-07-22,2025-07-22 12:03:00,786.91,787.01,786.91,787.01,0.01,379.51,296307.91,1
2025-07-22,2025-07-22 12:04:00,787.01,787.12,787.01,787.12,0.01,379.51,296307.91,1
2025-07-22,2025-07-22 12:05:00,787.12,787.22,787.12,787.22,0.01,379.51,296307.91,1
2025-07-22,2025-07-22 12:06:00,787.22,787.32,787.22,787.32,0.01,379.51,296307.91,1
2025-07-22,2025-07-22 12:07:00,787.32,787.43,787.32,787.43,0.01,379.51,296307.91,1
2025-07-22,2025-07-22 12:08:00,787.43,787.53,787.43,787.53,0.01,379.51,296307.91,1
2025-07-22,2025-07-22 12:09:00,787.53,787.63,787.53,787.63,0.01,379.51,296307.91,1
2025-07-22,2025-07-22 12:10:00,787.63,787.74,787.63,787.74,0.01,379.51,296307.91,1
2025-07-22,2025-07-22 12:11:00,787.74,787.84,787.74,787.84,0.01,379.51,296307.91,1
2025-07-22,2025-07-22 12:12:00,787.84,787.94,787.84,787.94,0.01,379.51,296307.91,1
2025-07-22,2025-07-22 12:13:00,787.94,788.05,787.94,788.05,0.01,379.51,296307.91,1
2025-07-22,2025-07-22 12:14:00,788.05,788.15,788.05,788.15,0.01,379.51,296307.91,1
2025-07-22,2025-07-22 12:15:00,788.15,788.25,788.15,788.25,0.01,379.51,296307.91,1
2025-07-22,2025-07-22 12:16:00,788.25,788.36,788.25,788.36,0.01,379.51,296307.91,1
2025-07-22,2025-07-22 12:17:00,788.36,788.46,788.36,788.46,0.01,379.51,296307.91,1
2025-07-22,2025-07-22 12:18:00,788.46,788.56,788.46,788.56,0.01,379.51,296307.91,1
2025-07-22,2025-07-22 12:19:00,788.56,788.67,788.56,788.67,0.01,379.51,296307.91,1
2025-07-22,2025-07-22 12:20:00,788.67,788.77,788.67,788.77,0.01,379.51,296307.91,1
2025-07-22,2025-07-22 12:21:00,788.77,788.87,788.77,788.87,0.01,379.51,296307.91,1
2025-07-22,2025-07-22 12:22:00,788.87,788.98,788.87,788.98,0.01,379.51,296307.91,1
2025-07-22,2025-07-22 12:23:00,788.98,789.08,788.98,789.08,0.01,379.51,296307.91,1
2025-07-22,2025-07-22 12:24:00,789.08,789.18,789.08,789.18,0.01,379.51,296307.91,1
2025-07-22,2025-07-22 12:25:00,789.18,789.29,789.18,789.29,0.01,379.51,296307.91,1
2025-07-22,2025-07-22 12:26:00,789.29,789.39,789.29,789.39,0.01,379.51,296307.91,1
2025-07-22,2025-07-22 12:27:00,789.39,789.49,789.39,789.49,0.01,379.51,296307.91,1
2025-07-22,2025-07-22 12:28:00,789.49,789.6,789.49,789.6,0.01,379.51,296307.91,1
2025-07-22,2025-07-22 12:29:00,789.6,789.7,789.6,789.7,0.01,379.51,296307.91,1
2025-07-22,2025-07-22 12:30:00,789.7,789.8,789.7,789.8,0.01,379.51,296307.91,1
2025-07-22,2025-07-22 12:31:00,789.8,789.91,789.8,789.91,0.01,379.51,296307.91,1
2025-07-22,2025-07-22 12:32:00,789.91,790.01,789.91,790.01,0.01,379.51,296307.91,1
2025-07-22,2025-07-22 12:33:00,790.01,790.11,790.01,790.11,0.01,379.51,296307.91,1
2025-07-22,2025-07-22 12:34:00,790.11,790.22,790.11,790.22,0.01,379.51,296307.91,1
2025-07-22,2025-07-22 12:35:00,790.22,790.32,790.22,790.32,0.01,379.51,296307.91,1
2025-07-22,2025-07-22 12:36:00,790.32,790.42,790.32,790.42,0.01,379.51,296307.91,1
2025-07-22,2025-07-22 12:37:00,790.42,790.53,790.42,790.53,0.01,379.51,296307.91,1
2025-07-22,2025-07-22 12:38:00,790.53,790.63,790.53,790.63,0.01,379.51,296307.91,1
2025-07-22,2025-07-22 12:39:00,790.63,790.73,790.63,790.73,0.01,379.51,296307.91,1
2025-07-22,2025-07-22 12:40:00,790.73,790.84,790.73,790.84,0.01,379.51,296307.91,1
2025-07-22,2025-07-22 12:41:00,790.84,790.94,790.84,790.94,0.01,379.51,296307.91,1
2025-07-22,2025-07-22 12:42:00,790.94,791.04,790.94,791.04,0.01,379.51,296307.91,1
2025-07-22,2025-07-22 12:43:00,791.04,791.15,791.04,791.15,0.01,379.51,296307.91,1
2025-07-22,2025-07-22 12:44:00,791.15,791.25,791.15,791.25,0.01,379.51,296307.91,1
2025-07-22,2025-07-22 12:45:00,791.25,791.35,791.25,791.35,0.01,379.51,296307.91,1
2025-07-22,2025-07-22 12:46:00,791.35,791.46,791.35,791.46,0.01,379.51,296307.91,1
2025-07-22,2025-07-22 12:47:00,791.46,791.56,791.46,791.56,0.01,379.51,296307.91,1
2025-07-22,2025-07-22 12:48:00,791.56,791.66,791.56,791.66,0.01,379.51,296307.91,1
2025-07-22,2025-07-22 12:49:00,791.66,791.77,791.66,791.77,0.01,379.51,296307.91,1
2025-07-22,2025-07-22 12:50:00,791.77,791.87,791.77,791.87,0.01,379.51,296307.91,1
2025-07-22,2025-07-22 12:51:00,791.87,791.97,791.87,791.97,0.01,379.51,296307.91,1
2025-07-22,2025-07-22 12:52:00,791.97,792.08,791.97,792.08,0.01,379.51,296307.91,1
2025-07-22,2025-07-22 12:53:00,792.08,792.18,792.08,792.18,0.01,379.51,296307.91,1
2025-07-22,2025-07-22 12:54:00,792.18,792.28,792.18,792.28,0.01,379.51,296307.91,1
2025-07-22,2025-07-22 12:55:00,792.28,792.39,792.28,792.39,0.01,379.51,296307.91,1
2025-07-22,2025-07-22 12:56:00,792.39,792.49,792.39,792.49,0.01,379.51,296307.91,1
2025-07-22,2025-07-22 12:57:00,792.49,792.59,792.49,792.59,0.01,379.51,296307.91,1
2025-07-22,2025-07-22 12:58:00,792.59,792.7,792.59,792.7,0.01,379.51,296307.91,1
2025-07-22,2025-07-22 12:59:00,792.7,792.8,792.7,792.8,0.01,379.51,296307.91,1
2025-07-22,2025-07-22 13:00:00,792.8,817.0,755.0,792.9,0.01,379.51,296307.91,1
2025-07-22,2025-07-22 13:01:00,792.9,793.01,792.9,793.01,0.01,379.51,296307.91,1
2025-07-22,2025-07-22 13:02:00,793.01,793.11,793.01,793.11,0.01,379.51,296307.91,1
2025-07-22,2025-07-22 13:03:00,793.11,793.21,793.11,793.21,0.01,379.51,296307.91,1
2025-07-22,2025-07-22 13:04:00,793.21,793.32,793.21,793.32,0.01,379.51,296307.91,1
2025-07-22,2025-07-22 13:05:00,793.32,793.42,793.32,793.42,0.01,379.51,296307.91,1
2025-07-22,2025-07-22 13:06:00,793.42,793.52,793.42,793.52,0.01,379.51,296307.91,1
2025-07-22,2025-07-22 13:07:00,793.52,793.63,793.52,793.63,0.01,379.51,296307.91,1
2025-07-22,2025-07-22 13:08:00,793.63,793.73,793.63,793.73,0.01,379.51,296307.91,1
2025-07-22,2025-07-22 13:09:00,793.73,793.83,793.73,793.83,0.01,379.51,296307.91,1
2025-07-22,2025-07-22 13:10:00,793.83,793.94,793.83,793.94,0.01,379.51,296307.91,1
2025-07-22,2025-07-22 13:11:00,793.94,794.04,793.94,794.04,0.01,379.51,296307.91,1
2025-07-22,2025-07-22 13:12:00,794.04,794.14,794.04,794.14,0.01,379.51,296307.91,1
2025-07-22,2025-07-22 13:13:00,794.14,794.25,794.14,794.25,0.01,379.51,296307.91,1
2025-07-22,2025-07-22 13:14:00,794.25,794.35,794.25,794.35,0.01,379.51,296307.91,1
2025-07-22,2025-07-22 13:15:00,794.35,794.45,794.35,794.45,0.01,379.51,296307.91,1
2025-07-22,2025-07-22 13:16:00,794.45,794.56,794.45,794.56,0.01,379.51,296307.91,1
2025-07-22,2025-07-22 13:17:00,794.56,794.66,794.56,794.66,0.01,379.51,296307.91,1
2025-07-22,2025-07-22 13:18:00,794.66,794.76,794.66,794.76,0.01,379.51,296307.91,1
2025-07-22,2025-07-22 13:19:00,794.76,794.87,794.76,794.87,0.01,379.51,296307.91,1
2025-07-22,2025-07-22 13:20:00,794.87,794.97,794.87,794.97,0.01,379.51,296307.91,1
2025-07-22,2025-07-22 13:21:00,794.97,795.07,794.97,795.07,0.01,379.51,296307.91,1
2025-07-22,2025-07-22 13:22:00,795.07,795.18,795.07,795.18,0.01,379.51,296307.91,1
2025-07-22,2025-07-22 13:23:00,795.18,795.28,795.18,795.28,0.01,379.51,296307.91,1
2025-07-22,2025-07-22 13:24:00,795.28,795.38,795.28,795.38,0.01,379.51,296307.91,1
2025-07-22,2025-07-22 13:25:00,795.38,795.49,795.38,795.49,0.01,379.51,296307.91,1
2025-07-22,2025-07-22 13:26:00,795.49,795.59,795.49,795.59,0.01,379.51,296307.91,1
2025-07-22,2025-07-22 13:27:00,795.59,795.69,795.59,795.69,0.01,379.51,296307.91,1
2025-07-22,2025-07-22 13:28:00,795.69,795.8,795.69,795.8,0.01,379.51,296307.91,1
2025-07-22,2025-07-22 13:29:00,795.8,795.9,795.8,795.9,0.01,379.51,296307.91,1
2025-07-22,2025-07-22 13:30:00,795.9,796.0,795.9,796.0,0.01,379.51,296307.91,1
2025-07-22,2025-07-22 13:31:00,796.0,796.11,796.0,796.11,0.01,379.51,296307.91,1
2025-07-22,2025-07-22 13:32:00,796.11,796.21,796.11,796.21,0.01,379.51,296307.91,1
2025-07-22,2025-07-22 13:33:00,796.21,796.31,796.21,796.31,0.01,379.51,296307.91,1
2025-07-22,2025-07-22 13:34:00,796.31,796.42,796.31,796.42,0.01,379.51,296307.91,1
2025-07-22,2025-07-22 13:35:00,796.42,796.52,796.42,796.52,0.01,379.51,296307.91,1
2025-07-22,2025-07-22 13:36:00,796.52,796.62,796.52,796.62,0.01,379.51,296307.91,1
2025-07-22,2025-07-22 13:37:00,796.62,796.73,796.62,796.73,0.01,379.51,296307.91,1
2025-07-22,2025-07-22 13:38:00,796.73,796.83,796.73,796.83,0.01,379.51,296307.91,1
2025-07-22,2025-07-22 13:39:00,796.83,796.93,796.83,796.93,0.01,379.51,296307.91,1
2025-07-22,2025-07-22 13:40:00,796.93,797.04,796.93,797.04,0.01,379.51,296307.91,1
2025-07-22,2025-07-22 13:41:00,797.04,797.14,797.04,797.14,0.01,379.51,296307.91,1
2025-07-22,2025-07-22 13:42:00,797.14,797.24,797.14,797.24,0.01,379.51,296307.91,1
2025-07-22,2025-07-22 13:43:00,797.24,797.35,797.24,797.35,0.01,379.51,296307.91,1
2025-07-22,2025-07-22 13:44:00,797.35,797.45,797.35,797.45,0.01,379.51,296307.91,1
2025-07-22,2025-07-22 13:45:00,797.45,797.55,797.45,797.55,0.01,379.51,296307.91,1
2025-07-22,2025-07-22 13:46:00,797.55,797.66,797.55,797.66,0.01,379.51,296307.91,1
2025-07-22,2025-07-22 13:47:00,797.66,797.76,797.66,797.76,0.01,379.51,296307.91,1
2025-07-22,2025-07-22 13:48:00,797.76,797.86,797.76,797.86,0.01,379.51,296307.91,1
2025-07-22,2025-07-22 13:49:00,797.86,797.97,797.86,797.97,0.01,379.51,296307.91,1
2025-07-22,2025-07-22 13:50:00,797.97,798.07,797.97,798.07,0.01,379.51,296307.91,1
2025-07-22,2025-07-22 13:51:00,798.07,798.17,798.07,798.17,0.01,379.51,296307.91,1
2025-07-22,2025-07-22 13:52:00,798.17,798.28,798.17,798.28,0.01,379.51,296307.91,1
2025-07-22,2025-07-22 13:53:00,798.28,798.38,798.28,798.38,0.01,379.51,296307.91,1
2025-07-22,2025-07-22 13:54:00,798.38,798.48,798.38,798.48,0.01,379.51,296307.91,1
2025-07-22,2025-07-22 13:55:00,798.48,798.59,798.48,798.59,0.01,379.51,296307.91,1
2025-07-22,2025-07-22 13:56:00,798.59,798.69,798.59,798.69,0.01,379.51,296307.91,1
2025-07-22,2025-07-22 13:57:00,798.69,798.79,798.69,798.79,0.01,379.51,296307.91,1
2025-07-22,2025-07-22 13:58:00,798.79,798.9,798.79,798.9,0.01,379.51,296307.91,1
2025-07-22,2025-07-22 13:59:00,798.9,799.0,798.9,799.0,0.01,379.51,296307.91,1
2025-07-22,2025-07-22 14:00:00,799.0,799.1,799.0,799.1,0.01,379.51,296307.91,1
2025-07-22,2025-07-22 14:01:00,799.1,799.21,799.1,799.21,0.01,379.51,296307.91,1
2025-07-22,2025-07-22 14:02:00,799.21,799.31,799.21,799.31,0.01,379.51,296307.91,1
2025-07-22,2025-07-22 14:03:00,799.31,799.41,799.31,799.41,0.01,379.51,296307.91,1
2025-07-22,2025-07-22 14:04:00,799.41,799.52,799.41,799.52,0.01,379.51,296307.91,1
2025-07-22,2025-07-22 14:05:00,799.52,799.62,799.52,799.62,0.01,379.51,296307.91,1
2025-07-22,2025-07-22 14:06:00,799.62,799.72,799.62,799.72,0.01,379.51,296307.91,1
2025-07-22,2025-07-22 14:07:00,799.72,799.83,799.72,799.83,0.01,379.51,296307.91,1
2025-07-22,2025-07-22 14:08:00,799.83,799.93,799.83,799.93,0.01,379.51,296307.91,1
2025-07-22,2025-07-22 14:09:00,799.93,800.03,799.93,800.03,0.01,379.51,296307.91,1
2025-07-22,2025-07-22 14:10:00,800.03,800.14,800.03,800.14,0.01,379.51,296307.91,1
2025-07-22,2025-07-22 14:11:00,800.14,800.24,800.14,800.24,0.01,379.51,296307.91,1
2025-07-22,2025-07-22 14:12:00,800.24,800.34,800.24,800.34,0.01,379.51,296307.91,1
2025-07-22,2025-07-22 14:13:00,800.34,800.45,800.34,800.45,0.01,379.51,296307.91,1
2025-07-22,2025-07-22 14:14:00,800.45,800.55,800.45,800.55,0.01,379.51,296307.91,1
2025-07-22,2025-07-22 14:15:00,800.55,800.65,800.55,800.65,0.01,379.51,296307.91,1
2025-07-22,2025-07-22 14:16:00,800.65,800.76,800.65,800.76,0.01,379.51,296307.91,1
2025-07-22,2025-07-22 14:17:00,800.76,800.86,800.76,800.86,0.01,379.51,296307.91,1
2025-07-22,2025-07-22 14:18:00,800.86,800.96,800.86,800.96,0.01,379.51,296307.91,1
2025-07-22,2025-07-22 14:19:00,800.96,801.07,800.96,801.07,0.01,379.51,296307.91,1
2025-07-22,2025-07-22 14:20:00,801.07,801.17,801.07,801.17,0.01,379.51,296307.91,1
2025-07-22,2025-07-22 14:21:00,801.17,801.27,801.17,801.27,0.01,379.51,296307.91,1
2025-07-22,2025-07-22 14:22:00,801.27,801.38,801.27,801.38,0.01,379.51,296307.91,1
2025-07-22,2025-07-22 14:23:00,801.38,801.48,801.38,801.48,0.01,379.51,296307.91,1
2025-07-22,2025-07-22 14:24:00,801.48,801.58,801.48,801.58,0.01,379.51,296307.91,1
2025-07-22,2025-07-22 14:25:00,801.58,801.69,801.58,801.69,0.01,379.51,296307.91,1
2025-07-22,2025-07-22 14:26:00,801.69,801.79,801.69,801.79,0.01,379.51,296307.91,1
2025-07-22,2025-07-22 14:27:00,801.79,801.89,801.79,801.89,0.01,379.51,296307.91,1
2025-07-22,2025-07-22 14:28:00,801.89,802.0,801.89,802.0,0.01,379.51,296307.91,1
2025-07-22,2025-07-22 14:29:00,802.0,802.1,802.0,802.1,0.01,379.51,296307.91,1
2025-07-22,2025-07-22 14:30:00,802.1,802.2,802.1,802.2,0.01,379.51,296307.91,1
2025-07-22,2025-07-22 14:31:00,802.2,802.31,802.2,802.31,0.01,379.51,296307.91,1
2025-07-22,2025-07-22 14:32:00,802.31,802.41,802.31,802.41,0.01,379.51,296307.91,1
2025-07-22,2025-07-22 14:33:00,802.41,802.51,802.41,802.51,0.01,379.51,296307.91,1
2025-07-22,2025-07-22 14:34:00,802.51,802.62,802.51,802.62,0.01,379.51,296307.91,1
2025-07-22,2025-07-22 14:35:00,802.62,802.72,802.62,802.72,0.01,379.51,296307.91,1
2025-07-22,2025-07-22 14:36:00,802.72,802.82,802.72,802.82,0.01,379.51,296307.91,1
2025-07-22,2025-07-22 14:37:00,802.82,802.93,802.82,802.93,0.01,379.51,296307.91,1
2025-07-22,2025-07-22 14:38:00,802.93,803.03,802.93,803.03,0.01,379.51,296307.91,1
2025-07-22,2025-07-22 14:39:00,803.03,803.13,803.03,803.13,0.01,379.51,296307.91,1
2025-07-22,2025-07-22 14:40:00,803.13,803.24,803.13,803.24,0.01,379.51,296307.91,1
2025-07-22,2025-07-22 14:41:00,803.24,803.34,803.24,803.34,0.01,379.51,296307.91,1
2025-07-22,2025-07-22 14:42:00,803.34,803.44,803.34,803.44,0.01,379.51,296307.91,1
2025-07-22,2025-07-22 14:43:00,803.44,803.55,803.44,803.55,0.01,379.51,296307.91,1
2025-07-22,2025-07-22 14:44:00,803.55,803.65,803.55,803.65,0.01,379.51,296307.91,1
2025-07-22,2025-07-22 14:45:00,803.65,803.75,803.65,803.75,0.01,379.51,296307.91,1
2025-07-22,2025-07-22 14:46:00,803.75,803.86,803.75,803.86,0.01,379.51,296307.91,1
2025-07-22,2025-07-22 14:47:00,803.86,803.96,803.86,803.96,0.01,379.51,296307.91,1
2025-07-22,2025-07-22 14:48:00,803.96,804.06,803.96,804.06,0.01,379.51,296307.91,1
2025-07-22,2025-07-22 14:49:00,804.06,804.17,804.06,804.17,0.01,379.51,296307.91,1
2025-07-22,2025-07-22 14:50:00,804.17,804.27,804.17,804.27,0.01,379.51,296307.91,1
2025-07-22,2025-07-22 14:51:00,804.27,804.37,804.27,804.37,0.01,379.51,296307.91,1
2025-07-22,2025-07-22 14:52:00,804.37,804.48,804.37,804.48,0.01,379.51,296307.91,1
2025-07-22,2025-07-22 14:53:00,804.48,804.58,804.48,804.58,0.01,379.51,296307.91,1
2025-07-22,2025-07-22 14:54:00,804.58,804.68,804.58,804.68,0.01,379.51,296307.91,1
2025-07-22,2025-07-22 14:55:00,804.68,804.79,804.68,804.79,0.01,379.51,296307.91,1
2025-07-22,2025-07-22 14:56:00,804.79,804.89,804.79,804.89,0.01,379.51,296307.91,1
2025-07-22,2025-07-22 14:57:00,804.89,804.99,804.89,804.99,0.01,379.51,296307.91,1
2025-07-22,2025-07-22 14:58:00,804.99,805.1,804.99,805.1,0.01,379.51,296307.91,1
2025-07-22,2025-07-22 14:59:00,805.1,805.2,805.1,805.2,0.01,379.51,296307.91,1
2025-07-22,2025-07-22 15:00:00,805.2,817.0,755.0,805.2,0.0,379.51,296307.91,0
2025-07-23,2025-07-23 11:00:00,789.1,789.1,778.03,788.99,-0.01,146.34,111813.65,-1
2025-07-23,2025-07-23 11:01:00,788.99,788.99,788.88,788.88,-0.01,146.34,111813.65,-1
2025-07-23,2025-07-23 11:02:00,788.88,788.88,788.77,788.77,-0.01,146.34,111813.65,-1
2025-07-23,2025-07-23 11:03:00,788.77,788.77,788.65,788.65,-0.02,146.34,111813.65,-1
2025-07-23,2025-07-23 11:04:00,788.65,788.65,788.54,788.54,-0.01,146.34,111813.65,-1
2025-07-23,2025-07-23 11:05:00,788.54,788.54,788.43,788.43,-0.01,146.34,111813.65,-1
2025-07-23,2025-07-23 11:06:00,788.43,788.43,788.32,788.32,-0.01,146.34,111813.65,-1
2025-07-23,2025-07-23 11:07:00,788.32,788.32,788.21,788.21,-0.01,146.34,111813.65,-1
2025-07-23,2025-07-23 11:08:00,788.21,788.21,788.1,788.1,-0.01,146.34,111813.65,-1
2025-07-23,2025-07-23 11:09:00,788.1,788.1,787.99,787.99,-0.01,146.34,111813.65,-1
2025-07-23,2025-07-23 11:10:00,787.99,787.99,787.87,787.87,-0.02,146.34,111813.65,-1
2025-07-23,2025-07-23 11:11:00,787.87,787.87,787.76,787.76,-0.01,146.34,111813.65,-1
2025-07-23,2025-07-23 11:12:00,787.76,787.76,787.65,787.65,-0.01,146.34,111813.65,-1
2025-07-23,2025-07-23 11:13:00,787.65,787.65,787.54,787.54,-0.01,146.34,111813.65,-1
2025-07-23,2025-07-23 11:14:00,787.54,787.54,787.43,787.43,-0.01,146.34,111813.65,-1
2025-07-23,2025-07-23 11:15:00,787.43,787.43,787.32,787.32,-0.01,146.34,111813.65,-1
2025-07-23,2025-07-23 11:16:00,787.32,787.32,787.21,787.21,-0.01,146.34,111813.65,-1
2025-07-23,2025-07-23 11:17:00,787.21,787.21,787.1,787.1,-0.01,146.34,111813.65,-1
2025-07-23,2025-07-23 11:18:00,787.1,787.1,786.98,786.98,-0.02,146.34,111813.65,-1
2025-07-23,2025-07-23 11:19:00,786.98,786.98,786.87,786.87,-0.01,146.34,111813.65,-1
2025-07-23,2025-07-23 11:20:00,786.87,786.87,786.76,786.76,-0.01,146.34,111813.65,-1
2025-07-23,2025-07-23 11:21:00,786.76,786.76,786.65,786.65,-0.01,146.34,111813.65,-1
2025-07-23,2025-07-23 11:22:00,786.65,786.65,786.54,786.54,-0.01,146.34,111813.65,-1
2025-07-23,2025-07-23 11:23:00,786.54,786.54,786.43,786.43,-0.01,146.34,111813.65,-1
2025-07-23,2025-07-23 11:24:00,786.43,786.43,786.32,786.32,-0.01,146.34,111813.65,-1
2025-07-23,2025-07-23 11:25:00,786.32,786.32,786.2,786.2,-0.02,146.34,111813.65,-1
2025-07-23,2025-07-23 11:26:00,786.2,786.2,786.09,786.09,-0.01,146.34,111813.65,-1
2025-07-23,2025-07-23 11:27:00,786.09,786.09,785.98,785.98,-0.01,146.34,111813.65,-1
2025-07-23,2025-07-23 11:28:00,785.98,785.98,785.87,785.87,-0.01,146.34,111813.65,-1
2025-07-23,2025-07-23 11:29:00,785.87,785.87,785.76,785.76,-0.01,146.34,111813.65,-1
2025-07-23,2025-07-23 11:30:00,785.76,785.76,785.65,785.65,-0.01,146.34,111813.65,-1
2025-07-23,2025-07-23 11:31:00,785.65,785.65,785.54,785.54,-0.01,146.34,111813.65,-1
2025-07-23,2025-07-23 11:32:00,785.54,785.54,785.42,785.42,-0.02,146.34,111813.65,-1
2025-07-23,2025-07-23 11:33:00,785.42,785.42,785.31,785.31,-0.01,146.34,111813.65,-1
2025-07-23,2025-07-23 11:34:00,785.31,785.31,785.2,785.2,-0.01,146.34,111813.65,-1
2025-07-23,2025-07-23 11:35:00,785.2,785.2,785.09,785.09,-0.01,146.34,111813.65,-1
2025-07-23,2025-07-23 11:36:00,785.09,785.09,784.98,784.98,-0.01,146.34,111813.65,-1
2025-07-23,2025-07-23 11:37:00,784.98,784.98,784.87,784.87,-0.01,146.34,111813.65,-1
2025-07-23,2025-07-23 11:38:00,784.87,784.87,784.76,784.76,-0.01,146.34,111813.65,-1
2025-07-23,2025-07-23 11:39:00,784.76,784.76,784.64,784.64,-0.02,146.34,111813.65,-1
2025-07-23,2025-07-23 11:40:00,784.64,784.64,784.53,784.53,-0.01,146.34,111813.65,-1
2025-07-23,2025-07-23 11:41:00,784.53,784.53,784.42,784.42,-0.01,146.34,111813.65,-1
2025-07-23,2025-07-23 11:42:00,784.42,784.42,784.31,784.31,-0.01,146.34,111813.65,-1
2025-07-23,2025-07-23 11:43:00,784.31,784.31,784.2,784.2,-0.01,146.34,111813.65,-1
2025-07-23,2025-07-23 11:44:00,784.2,784.2,784.09,784.09,-0.01,146.34,111813.65,-1
2025-07-23,2025-07-23 11:45:00,784.09,784.09,783.98,783.98,-0.01,146.34,111813.65,-1
2025-07-23,2025-07-23 11:46:00,783.98,783.98,783.87,783.87,-0.01,146.34,111813.65,-1
2025-07-23,2025-07-23 11:47:00,783.87,783.87,783.75,783.75,-0.02,146.34,111813.65,-1
2025-07-23,2025-07-23 11:48:00,783.75,783.75,783.64,783.64,-0.01,146.34,111813.65,-1
2025-07-23,2025-07-23 11:49:00,783.64,783.64,783.53,783.53,-0.01,146.34,111813.65,-1
2025-07-23,2025-07-23 11:50:00,783.53,783.53,783.42,783.42,-0.01,146.34,111813.65,-1
2025-07-23,2025-07-23 11:51:00,783.42,783.42,783.31,783.31,-0.01,146.34,111813.65,-1
2025-07-23,2025-07-23 11:52:00,783.31,783.31,783.2,783.2,-0.01,146.34,111813.65,-1
2025-07-23,2025-07-23 11:53:00,783.2,783.2,783.09,783.09,-0.01,146.34,111813.65,-1
2025-07-23,2025-07-23 11:54:00,783.09,783.09,782.97,782.97,-0.02,146.34,111813.65,-1
2025-07-23,2025-07-23 11:55:00,782.97,782.97,782.86,782.86,-0.01,146.34,111813.65,-1
2025-07-23,2025-07-23 11:56:00,782.86,782.86,782.75,782.75,-0.01,146.34,111813.65,-1
2025-07-23,2025-07-23 11:57:00,782.75,782.75,782.64,782.64,-0.01,146.34,111813.65,-1
2025-07-23,2025-07-23 11:58:00,782.64,782.64,782.53,782.53,-0.01,146.34,111813.65,-1
2025-07-23,2025-07-23 11:59:00,782.53,782.53,782.42,782.42,-0.01,146.34,111813.65,-1
2025-07-23,2025-07-23 12:00:00,782.42,782.42,782.31,782.31,-0.01,146.34,111813.65,-1
2025-07-23,2025-07-23 12:01:00,782.31,782.31,782.19,782.19,-0.02,146.34,111813.65,-1
2025-07-23,2025-07-23 12:02:00,782.19,782.19,782.08,782.08,-0.01,146.34,111813.65,-1
2025-07-23,2025-07-23 12:03:00,782.08,782.08,781.97,781.97,-0.01,146.34,111813.65,-1
2025-07-23,2025-07-23 12:04:00,781.97,781.97,781.86,781.86,-0.01,146.34,111813.65,-1
2025-07-23,2025-07-23 12:05:00,781.86,781.86,781.75,781.75,-0.01,146.34,111813.65,-1
2025-07-23,2025-07-23 12:06:00,781.75,781.75,781.64,781.64,-0.01,146.34,111813.65,-1
2025-07-23,2025-07-23 12:07:00,781.64,781.64,781.53,781.53,-0.01,146.34,111813.65,-1
2025-07-23,2025-07-23 12:08:00,781.53,781.53,781.42,781.42,-0.01,146.34,111813.65,-1
2025-07-23,2025-07-23 12:09:00,781.42,781.42,781.3,781.3,-0.02,146.34,111813.65,-1
2025-07-23,2025-07-23 12:10:00,781.3,781.3,781.19,781.19,-0.01,146.34,111813.65,-1
2025-07-23,2025-07-23 12:11:00,781.19,781.19,781.08,781.08,-0.01,146.34,111813.65,-1
2025-07-23,2025-07-23 12:12:00,781.08,781.08,780.97,780.97,-0.01,146.34,111813.65,-1
2025-07-23,2025-07-23 12:13:00,780.97,780.97,780.86,780.86,-0.01,146.34,111813.65,-1
2025-07-23,2025-07-23 12:14:00,780.86,780.86,780.75,780.75,-0.01,146.34,111813.65,-1
2025-07-23,2025-07-23 12:15:00,780.75,780.75,780.64,780.64,-0.01,146.34,111813.65,-1
2025-07-23,2025-07-23 12:16:00,780.64,780.64,780.52,780.52,-0.02,146.34,111813.65,-1
2025-07-23,2025-07-23 12:17:00,780.52,780.52,780.41,780.41,-0.01,146.34,111813.65,-1
2025-07-23,2025-07-23 12:18:00,780.41,780.41,780.3,780.3,-0.01,146.34,111813.65,-1
2025-07-23,2025-07-23 12:19:00,780.3,780.3,780.19,780.19,-0.01,146.34,111813.65,-1
2025-07-23,2025-07-23 12:20:00,780.19,780.19,780.08,780.08,-0.01,146.34,111813.65,-1
2025-07-23,2025-07-23 12:21:00,780.08,780.08,779.97,779.97,-0.01,146.34,111813.65,-1
2025-07-23,2025-07-23 12:22:00,779.97,779.97,779.86,779.86,-0.01,146.34,111813.65,-1
2025-07-23,2025-07-23 12:23:00,779.86,779.86,779.74,779.74,-0.02,146.34,111813.65,-1
2025-07-23,2025-07-23 12:24:00,779.74,779.74,779.63,779.63,-0.01,146.34,111813.65,-1
2025-07-23,2025-07-23 12:25:00,779.63,779.63,779.52,779.52,-0.01,146.34,111813.65,-1
2025-07-23,2025-07-23 12:26:00,779.52,779.52,779.41,779.41,-0.01,146.34,111813.65,-1
2025-07-23,2025-07-23 12:27:00,779.41,779.41,779.3,779.3,-0.01,146.34,111813.65,-1
2025-07-23,2025-07-23 12:28:00,779.3,779.3,779.19,779.19,-0.01,146.34,111813.65,-1
2025-07-23,2025-07-23 12:29:00,779.19,779.19,779.08,779.08,-0.01,146.34,111813.65,-1
2025-07-23,2025-07-23 12:30:00,779.08,779.08,778.96,778.96,-0.02,146.34,111813.65,-1
2025-07-23,2025-07-23 12:31:00,778.96,778.96,778.85,778.85,-0.01,146.34,111813.65,-1
2025-07-23,2025-07-23 12:32:00,778.85,778.85,778.74,778.74,-0.01,146.34,111813.65,-1
2025-07-23,2025-07-23 12:33:00,778.74,778.74,778.63,778.63,-0.01,146.34,111813.65,-1
2025-07-23,2025-07-23 12:34:00,778.63,778.63,778.52,778.52,-0.01,146.34,111813.65,-1
2025-07-23,2025-07-23 12:35:00,778.52,778.52,778.41,778.41,-0.01,146.34,111813.65,-1
2025-07-23,2025-07-23 12:36:00,778.41,778.41,778.3,778.3,-0.01,146.34,111813.65,-1
2025-07-23,2025-07-23 12:37:00,778.3,778.3,778.19,778.19,-0.01,146.34,111813.65,-1
2025-07-23,2025-07-23 12:38:00,778.19,778.19,778.07,778.07,-0.02,146.34,111813.65,-1
2025-07-23,2025-07-23 12:39:00,778.07,778.07,777.96,777.96,-0.01,146.34,111813.65,-1
2025-07-23,2025-07-23 12:40:00,777.96,777.96,777.85,777.85,-0.01,146.34,111813.65,-1
2025-07-23,2025-07-23 12:41:00,777.85,777.85,777.74,777.74,-0.01,146.34,111813.65,-1
2025-07-23,2025-07-23 12:42:00,777.74,777.74,777.63,777.63,-0.01,146.34,111813.65,-1
2025-07-23,2025-07-23 12:43:00,777.63,777.63,777.52,777.52,-0.01,146.34,111813.65,-1
2025-07-23,2025-07-23 12:44:00,777.52,777.52,777.41,777.41,-0.01,146.34,111813.65,-1
2025-07-23,2025-07-23 12:45:00,777.41,777.41,777.29,777.29,-0.02,146.34,111813.65,-1
2025-07-23,2025-07-23 12:46:00,777.29,777.29,777.18,777.18,-0.01,146.34,111813.65,-1
2025-07-23,2025-07-23 12:47:00,777.18,777.18,777.07,777.07,-0.01,146.34,111813.65,-1
2025-07-23,2025-07-23 12:48:00,777.07,777.07,776.96,776.96,-0.01,146.34,111813.65,-1
2025-07-23,2025-07-23 12:49:00,776.96,776.96,776.85,776.85,-0.01,146.34,111813.65,-1
2025-07-23,2025-07-23 12:50:00,776.85,776.85,776.74,776.74,-0.01,146.34,111813.65,-1
2025-07-23,2025-07-23 12:51:00,776.74,776.74,776.63,776.63,-0.01,146.34,111813.65,-1
2025-07-23,2025-07-23 12:52:00,776.63,776.63,776.51,776.51,-0.02,146.34,111813.65,-1
2025-07-23,2025-07-23 12:53:00,776.51,776.51,776.4,776.4,-0.01,146.34,111813.65,-1
2025-07-23,2025-07-23 12:54:00,776.4,776.4,776.29,776.29,-0.01,146.34,111813.65,-1
2025-07-23,2025-07-23 12:55:00,776.29,776.29,776.18,776.18,-0.01,146.34,111813.65,-1
2025-07-23,2025-07-23 12:56:00,776.18,776.18,776.07,776.07,-0.01,146.34,111813.65,-1
2025-07-23,2025-07-23 12:57:00,776.07,776.07,775.96,775.96,-0.01,146.34,111813.65,-1
2025-07-23,2025-07-23 12:58:00,775.96,775.96,775.85,775.85,-0.01,146.34,111813.65,-1
2025-07-23,2025-07-23 12:59:00,775.85,775.85,775.74,775.74,-0.01,146.34,111813.65,-1
2025-07-23,2025-07-23 13:00:00,775.74,789.1,752.2,775.62,-0.02,146.34,111813.65,-1
2025-07-23,2025-07-23 13:01:00,775.62,775.62,775.51,775.51,-0.01,146.34,111813.65,-1
2025-07-23,2025-07-23 13:02:00,775.51,775.51,775.4,775.4,-0.01,146.34,111813.65,-1
2025-07-23,2025-07-23 13:03:00,775.4,775.4,775.29,775.29,-0.01,146.34,111813.65,-1
2025-07-23,2025-07-23 13:04:00,775.29,775.29,775.18,775.18,-0.01,146.34,111813.65,-1
2025-07-23,2025-07-23 13:05:00,775.18,775.18,775.07,775.07,-0.01,146.34,111813.65,-1
2025-07-23,2025-07-23 13:06:00,775.07,775.07,774.96,774.96,-0.01,146.34,111813.65,-1
2025-07-23,2025-07-23 13:07:00,774.96,774.96,774.84,774.84,-0.02,146.34,111813.65,-1
2025-07-23,2025-07-23 13:08:00,774.84,774.84,774.73,774.73,-0.01,146.34,111813.65,-1
2025-07-23,2025-07-23 13:09:00,774.73,774.73,774.62,774.62,-0.01,146.34,111813.65,-1
2025-07-23,2025-07-23 13:10:00,774.62,774.62,774.51,774.51,-0.01,146.34,111813.65,-1
2025-07-23,2025-07-23 13:11:00,774.51,774.51,774.4,774.4,-0.01,146.34,111813.65,-1
2025-07-23,2025-07-23 13:12:00,774.4,774.4,774.29,774.29,-0.01,146.34,111813.65,-1
2025-07-23,2025-07-23 13:13:00,774.29,774.29,774.18,774.18,-0.01,146.34,111813.65,-1
2025-07-23,2025-07-23 13:14:00,774.18,774.18,774.06,774.06,-0.02,146.34,111813.65,-1
2025-07-23,2025-07-23 13:15:00,774.06,774.06,773.95,773.95,-0.01,146.34,111813.65,-1
2025-07-23,2025-07-23 13:16:00,773.95,773.95,773.84,773.84,-0.01,146.34,111813.65,-1
2025-07-23,2025-07-23 13:17:00,773.84,773.84,773.73,773.73,-0.01,146.34,111813.65,-1
2025-07-23,2025-07-23 13:18:00,773.73,773.73,773.62,773.62,-0.01,146.34,111813.65,-1
2025-07-23,2025-07-23 13:19:00,773.62,773.62,773.51,773.51,-0.01,146.34,111813.65,-1
2025-07-23,2025-07-23 13:20:00,773.51,773.51,773.4,773.4,-0.01,146.34,111813.65,-1
2025-07-23,2025-07-23 13:21:00,773.4,773.4,773.28,773.28,-0.02,146.34,111813.65,-1
2025-07-23,2025-07-23 13:22:00,773.28,773.28,773.17,773.17,-0.01,146.34,111813.65,-1
2025-07-23,2025-07-23 13:23:00,773.17,773.17,773.06,773.06,-0.01,146.34,111813.65,-1
2025-07-23,2025-07-23 13:24:00,773.06,773.06,772.95,772.95,-0.01,146.34,111813.65,-1
2025-07-23,2025-07-23 13:25:00,772.95,772.95,772.84,772.84,-0.01,146.34,111813.65,-1
2025-07-23,2025-07-23 13:26:00,772.84,772.84,772.73,772.73,-0.01,146.34,111813.65,-1
2025-07-23,2025-07-23 13:27:00,772.73,772.73,772.62,772.62,-0.01,146.34,111813.65,-1
2025-07-23,2025-07-23 13:28:00,772.62,772.62,772.51,772.51,-0.01,146.34,111813.65,-1
2025-07-23,2025-07-23 13:29:00,772.51,772.51,772.39,772.39,-0.02,146.34,111813.65,-1
2025-07-23,2025-07-23 13:30:00,772.39,772.39,772.28,772.28,-0.01,146.34,111813.65,-1
2025-07-23,2025-07-23 13:31:00,772.28,772.28,772.17,772.17,-0.01,146.34,111813.65,-1
2025-07-23,2025-07-23 13:32:00,772.17,772.17,772.06,772.06,-0.01,146.34,111813.65,-1
2025-07-23,2025-07-23 13:33:00,772.06,772.06,771.95,771.95,-0.01,146.34,111813.65,-1
2025-07-23,2025-07-23 13:34:00,771.95,771.95,771.84,771.84,-0.01,146.34,111813.65,-1
2025-07-23,2025-07-23 13:35:00,771.84,771.84,771.73,771.73,-0.01,146.34,111813.65,-1
2025-07-23,2025-07-23 13:36:00,771.73,771.73,771.61,771.61,-0.02,146.34,111813.65,-1
2025-07-23,2025-07-23 13:37:00,771.61,771.61,771.5,771.5,-0.01,146.34,111813.65,-1
2025-07-23,2025-07-23 13:38:00,771.5,771.5,771.39,771.39,-0.01,146.34,111813.65,-1
2025-07-23,2025-07-23 13:39:00,771.39,771.39,771.28,771.28,-0.01,146.34,111813.65,-1
2025-07-23,2025-07-23 13:40:00,771.28,771.28,771.17,771.17,-0.01,146.34,111813.65,-1
2025-07-23,2025-07-23 13:41:00,771.17,771.17,771.06,771.06,-0.01,146.34,111813.65,-1
2025-07-23,2025-07-23 13:42:00,771.06,771.06,770.95,770.95,-0.01,146.34,111813.65,-1
2025-07-23,2025-07-23 13:43:00,770.95,770.95,770.83,770.83,-0.02,146.34,111813.65,-1
2025-07-23,2025-07-23 13:44:00,770.83,770.83,770.72,770.72,-0.01,146.34,111813.65,-1
2025-07-23,2025-07-23 13:45:00,770.72,770.72,770.61,770.61,-0.01,146.34,111813.65,-1
2025-07-23,2025-07-23 13:46:00,770.61,770.61,770.5,770.5,-0.01,146.34,111813.65,-1
2025-07-23,2025-07-23 13:47:00,770.5,770.5,770.39,770.39,-0.01,146.34,111813.65,-1
2025-07-23,2025-07-23 13:48:00,770.39,770.39,770.28,770.28,-0.01,146.34,111813.65,-1
2025-07-23,2025-07-23 13:49:00,770.28,770.28,770.17,770.17,-0.01,146.34,111813.65,-1
2025-07-23,2025-07-23 13:50:00,770.17,770.17,770.05,770.05,-0.02,146.34,111813.65,-1
2025-07-23,2025-07-23 13:51:00,770.05,770.05,769.94,769.94,-0.01,146.34,111813.65,-1
2025-07-23,2025-07-23 13:52:00,769.94,769.94,769.83,769.83,-0.01,146.34,111813.65,-1
2025-07-23,2025-07-23 13:53:00,769.83,769.83,769.72,769.72,-0.01,146.34,111813.65,-1
2025-07-23,2025-07-23 13:54:00,769.72,769.72,769.61,769.61,-0.01,146.34,111813.65,-1
2025-07-23,2025-07-23 13:55:00,769.61,769.61,769.5,769.5,-0.01,146.34,111813.65,-1
2025-07-23,2025-07-23 13:56:00,769.5,769.5,769.39,769.39,-0.01,146.34,111813.65,-1
2025-07-23,2025-07-23 13:57:00,769.39,769.39,769.28,769.28,-0.01,146.34,111813.65,-1
2025-07-23,2025-07-23 13:58:00,769.28,769.28,769.16,769.16,-0.02,146.34,111813.65,-1
2025-07-23,2025-07-23 13:59:00,769.16,769.16,769.05,769.05,-0.01,146.34,111813.65,-1
2025-07-23,2025-07-23 14:00:00,769.05,769.05,768.94,768.94,-0.01,146.34,111813.65,-1
2025-07-23,2025-07-23 14:01:00,768.94,768.94,768.83,768.83,-0.01,146.34,111813.65,-1
2025-07-23,2025-07-23 14:02:00,768.83,768.83,768.72,768.72,-0.01,146.34,111813.65,-1
2025-07-23,2025-07-23 14:03:00,768.72,768.72,768.61,768.61,-0.01,146.34,111813.65,-1
2025-07-23,2025-07-23 14:04:00,768.61,768.61,768.5,768.5,-0.01,146.34,111813.65,-1
2025-07-23,2025-07-23 14:05:00,768.5,768.5,768.38,768.38,-0.02,146.34,111813.65,-1
2025-07-23,2025-07-23 14:06:00,768.38,768.38,768.27,768.27,-0.01,146.34,111813.65,-1
2025-07-23,2025-07-23 14:07:00,768.27,768.27,768.16,768.16,-0.01,146.34,111813.65,-1
2025-07-23,2025-07-23 14:08:00,768.16,768.16,768.05,768.05,-0.01,146.34,111813.65,-1
2025-07-23,2025-07-23 14:09:00,768.05,768.05,767.94,767.94,-0.01,146.34,111813.65,-1
2025-07-23,2025-07-23 14:10:00,767.94,767.94,767.83,767.83,-0.01,146.34,111813.65,-1
2025-07-23,2025-07-23 14:11:00,767.83,767.83,767.72,767.72,-0.01,146.34,111813.65,-1
2025-07-23,2025-07-23 14:12:00,767.72,767.72,767.6,767.6,-0.02,146.34,111813.65,-1
2025-07-23,2025-07-23 14:13:00,767.6,767.6,767.49,767.49,-0.01,146.34,111813.65,-1
2025-07-23,2025-07-23 14:14:00,767.49,767.49,767.38,767.38,-0.01,146.34,111813.65,-1
2025-07-23,2025-07-23 14:15:00,767.38,767.38,767.27,767.27,-0.01,146.34,111813.65,-1
2025-07-23,2025-07-23 14:16:00,767.27,767.27,767.16,767.16,-0.01,146.34,111813.65,-1
2025-07-23,2025-07-23 14:17:00,767.16,767.16,767.05,767.05,-0.01,146.34,111813.65,-1
2025-07-23,2025-07-23 14:18:00,767.05,767.05,766.94,766.94,-0.01,146.34,111813.65,-1
2025-07-23,2025-07-23 14:19:00,766.94,766.94,766.83,766.83,-0.01,146.34,111813.65,-1
2025-07-23,2025-07-23 14:20:00,766.83,766.83,766.71,766.71,-0.02,146.34,111813.65,-1
2025-07-23,2025-07-23 14:21:00,766.71,766.71,766.6,766.6,-0.01,146.34,111813.65,-1
2025-07-23,2025-07-23 14:22:00,766.6,766.6,766.49,766.49,-0.01,146.34,111813.65,-1
2025-07-23,2025-07-23 14:23:00,766.49,766.49,766.38,766.38,-0.01,146.34,111813.65,-1
2025-07-23,2025-07-23 14:24:00,766.38,766.38,766.27,766.27,-0.01,146.34,111813.65,-1
2025-07-23,2025-07-23 14:25:00,766.27,766.27,766.16,766.16,-0.01,146.34,111813.65,-1
2025-07-23,2025-07-23 14:26:00,766.16,766.16,766.05,766.05,-0.01,146.34,111813.65,-1
2025-07-23,2025-07-23 14:27:00,766.05,766.05,765.93,765.93,-0.02,146.34,111813.65,-1
2025-07-23,2025-07-23 14:28:00,765.93,765.93,765.82,765.82,-0.01,146.34,111813.65,-1
2025-07-23,2025-07-23 14:29:00,765.82,765.82,765.71,765.71,-0.01,146.34,111813.65,-1
2025-07-23,2025-07-23 14:30:00,765.71,765.71,765.6,765.6,-0.01,146.34,111813.65,-1
2025-07-23,2025-07-23 14:31:00,765.6,765.6,765.49,765.49,-0.01,146.34,111813.65,-1
2025-07-23,2025-07-23 14:32:00,765.49,765.49,765.38,765.38,-0.01,146.34,111813.65,-1
2025-07-23,2025-07-23 14:33:00,765.38,765.38,765.27,765.27,-0.01,146.34,111813.65,-1
2025-07-23,2025-07-23 14:34:00,765.27,765.27,765.15,765.15,-0.02,146.34,111813.65,-1
2025-07-23,2025-07-23 14:35:00,765.15,765.15,765.04,765.04,-0.01,146.34,111813.65,-1
2025-07-23,2025-07-23 14:36:00,765.04,765.04,764.93,764.93,-0.01,146.34,111813.65,-1
2025-07-23,2025-07-23 14:37:00,764.93,764.93,764.82,764.82,-0.01,146.34,111813.65,-1
2025-07-23,2025-07-23 14:38:00,764.82,764.82,764.71,764.71,-0.01,146.34,111813.65,-1
2025-07-23,2025-07-23 14:39:00,764.71,764.71,764.6,764.6,-0.01,146.34,111813.65,-1
2025-07-23,2025-07-23 14:40:00,764.6,764.6,764.49,764.49,-0.01,146.34,111813.65,-1
2025-07-23,2025-07-23 14:41:00,764.49,764.49,764.37,764.37,-0.02,146.34,111813.65,-1
2025-07-23,2025-07-23 14:42:00,764.37,764.37,764.26,764.26,-0.01,146.34,111813.65,-1
2025-07-23,2025-07-23 14:43:00,764.26,764.26,764.15,764.15,-0.01,146.34,111813.65,-1
2025-07-23,2025-07-23 14:44:00,764.15,764.15,764.04,764.04,-0.01,146.34,111813.65,-1
2025-07-23,2025-07-23 14:45:00,764.04,764.04,763.93,763.93,-0.01,146.34,111813.65,-1
2025-07-23,2025-07-23 14:46:00,763.93,763.93,763.82,763.82,-0.01,146.34,111813.65,-1
2025-07-23,2025-07-23 14:47:00,763.82,763.82,763.71,763.71,-0.01,146.34,111813.65,-1
2025-07-23,2025-07-23 14:48:00,763.71,763.71,763.6,763.6,-0.01,146.34,111813.65,-1
2025-07-23,2025-07-23 14:49:00,763.6,763.6,763.48,763.48,-0.02,146.34,111813.65,-1
2025-07-23,2025-07-23 14:50:00,763.48,763.48,763.37,763.37,-0.01,146.34,111813.65,-1
2025-07-23,2025-07-23 14:51:00,763.37,763.37,763.26,763.26,-0.01,146.34,111813.65,-1
2025-07-23,2025-07-23 14:52:00,763.26,763.26,763.15,763.15,-0.01,146.34,111813.65,-1
2025-07-23,2025-07-23 14:53:00,763.15,763.15,763.04,763.04,-0.01,146.34,111813.65,-1
2025-07-23,2025-07-23 14:54:00,763.04,763.04,762.93,762.93,-0.01,146.34,111813.65,-1
2025-07-23,2025-07-23 14:55:00,762.93,762.93,762.82,762.82,-0.01,146.34,111813.65,-1
2025-07-23,2025-07-23 14:56:00,762.82,762.82,762.7,762.7,-0.02,146.34,111813.65,-1
2025-07-23,2025-07-23 14:57:00,762.7,762.7,762.59,762.59,-0.01,146.34,111813.65,-1
2025-07-23,2025-07-23 14:58:00,762.59,762.59,762.48,762.48,-0.01,146.34,111813.65,-1
2025-07-23,2025-07-23 14:59:00,762.48,762.48,762.37,762.37,-0.01,146.34,111813.65,-1
2025-07-23,2025-07-23 15:00:00,762.37,789.1,752.2,762.37,0.0,146.34,111813.65,0
2025-07-24,2025-07-24 11:00:00,760.0,762.67,755.5,759.98,-0.0,135.25,102361.88,-1
2025-07-24,2025-07-24 11:01:00,759.98,759.98,759.96,759.96,-0.0,135.25,102361.88,-1
2025-07-24,2025-07-24 11:02:00,759.96,759.96,759.94,759.94,-0.0,135.25,102361.88,-1
2025-07-24,2025-07-24 11:03:00,759.94,759.94,759.92,759.92,-0.0,135.25,102361.88,-1
2025-07-24,2025-07-24 11:04:00,759.92,759.92,759.9,759.9,-0.0,135.25,102361.88,-1
2025-07-24,2025-07-24 11:05:00,759.9,759.9,759.89,759.89,-0.0,135.25,102361.88,-1
2025-07-24,2025-07-24 11:06:00,759.89,759.89,759.87,759.87,-0.0,135.25,102361.88,-1
2025-07-24,2025-07-24 11:07:00,759.87,759.87,759.85,759.85,-0.0,135.25,102361.88,-1
2025-07-24,2025-07-24 11:08:00,759.85,759.85,759.83,759.83,-0.0,135.25,102361.88,-1
2025-07-24,2025-07-24 11:09:00,759.83,759.83,759.81,759.81,-0.0,135.25,102361.88,-1
2025-07-24,2025-07-24 11:10:00,759.81,759.81,759.79,759.79,-0.0,135.25,102361.88,-1
2025-07-24,2025-07-24 11:11:00,759.79,759.79,759.77,759.77,-0.0,135.25,102361.88,-1
2025-07-24,2025-07-24 11:12:00,759.77,759.77,759.75,759.75,-0.0,135.25,102361.88,-1
2025-07-24,2025-07-24 11:13:00,759.75,759.75,759.73,759.73,-0.0,135.25,102361.88,-1
2025-07-24,2025-07-24 11:14:00,759.73,759.73,759.71,759.71,-0.0,135.25,102361.88,-1
2025-07-24,2025-07-24 11:15:00,759.71,759.71,759.7,759.7,-0.0,135.25,102361.88,-1
2025-07-24,2025-07-24 11:16:00,759.7,759.7,759.68,759.68,-0.0,135.25,102361.88,-1
2025-07-24,2025-07-24 11:17:00,759.68,759.68,759.66,759.66,-0.0,135.25,102361.88,-1
2025-07-24,2025-07-24 11:18:00,759.66,759.66,759.64,759.64,-0.0,135.25,102361.88,-1
2025-07-24,2025-07-24 11:19:00,759.64,759.64,759.62,759.62,-0.0,135.25,102361.88,-1
2025-07-24,2025-07-24 11:20:00,759.62,759.62,759.6,759.6,-0.0,135.25,102361.88,-1
2025-07-24,2025-07-24 11:21:00,759.6,759.6,759.58,759.58,-0.0,135.25,102361.88,-1
2025-07-24,2025-07-24 11:22:00,759.58,759.58,759.56,759.56,-0.0,135.25,102361.88,-1
2025-07-24,2025-07-24 11:23:00,759.56,759.56,759.54,759.54,-0.0,135.25,102361.88,-1
2025-07-24,2025-07-24 11:24:00,759.54,759.54,759.52,759.52,-0.0,135.25,102361.88,-1
2025-07-24,2025-07-24 11:25:00,759.52,759.52,759.5,759.5,-0.0,135.25,102361.88,-1
2025-07-24,2025-07-24 11:26:00,759.5,759.5,759.49,759.49,-0.0,135.25,102361.88,-1
2025-07-24,2025-07-24 11:27:00,759.49,759.49,759.47,759.47,-0.0,135.25,102361.88,-1
2025-07-24,2025-07-24 11:28:00,759.47,759.47,759.45,759.45,-0.0,135.25,102361.88,-1
2025-07-24,2025-07-24 11:29:00,759.45,759.45,759.43,759.43,-0.0,135.25,102361.88,-1
2025-07-24,2025-07-24 11:30:00,759.43,759.43,759.41,759.41,-0.0,135.25,102361.88,-1
2025-07-24,2025-07-24 11:31:00,759.41,759.41,759.39,759.39,-0.0,135.25,102361.88,-1
2025-07-24,2025-07-24 11:32:00,759.39,759.39,759.37,759.37,-0.0,135.25,102361.88,-1
2025-07-24,2025-07-24 11:33:00,759.37,759.37,759.35,759.35,-0.0,135.25,102361.88,-1
2025-07-24,2025-07-24 11:34:00,759.35,759.35,759.33,759.33,-0.0,135.25,102361.88,-1
2025-07-24,2025-07-24 11:35:00,759.33,759.33,759.31,759.31,-0.0,135.25,102361.88,-1
2025-07-24,2025-07-24 11:36:00,759.31,759.31,759.3,759.3,-0.0,135.25,102361.88,-1
2025-07-24,2025-07-24 11:37:00,759.3,759.3,759.28,759.28,-0.0,135.25,102361.88,-1
2025-07-24,2025-07-24 11:38:00,759.28,759.28,759.26,759.26,-0.0,135.25,102361.88,-1
2025-07-24,2025-07-24 11:39:00,759.26,759.26,759.24,759.24,-0.0,135.25,102361.88,-1
2025-07-24,2025-07-24 11:40:00,759.24,759.24,759.22,759.22,-0.0,135.25,102361.88,-1
2025-07-24,2025-07-24 11:41:00,759.22,759.22,759.2,759.2,-0.0,135.25,102361.88,-1
2025-07-24,2025-07-24 11:42:00,759.2,759.2,759.18,759.18,-0.0,135.25,102361.88,-1
2025-07-24,2025-07-24 11:43:00,759.18,759.18,759.16,759.16,-0.0,135.25,102361.88,-1
2025-07-24,2025-07-24 11:44:00,759.16,759.16,759.14,759.14,-0.0,135.25,102361.88,-1
2025-07-24,2025-07-24 11:45:00,759.14,759.14,759.12,759.12,-0.0,135.25,102361.88,-1
2025-07-24,2025-07-24 11:46:00,759.12,759.12,759.11,759.11,-0.0,135.25,102361.88,-1
2025-07-24,2025-07-24 11:47:00,759.11,759.11,759.09,759.09,-0.0,135.25,102361.88,-1
2025-07-24,2025-07-24 11:48:00,759.09,759.09,759.07,759.07,-0.0,135.25,102361.88,-1
2025-07-24,2025-07-24 11:49:00,759.07,759.07,759.05,759.05,-0.0,135.25,102361.88,-1
2025-07-24,2025-07-24 11:50:00,759.05,759.05,759.03,759.03,-0.0,135.25,102361.88,-1
2025-07-24,2025-07-24 11:51:00,759.03,759.03,759.01,759.01,-0.0,135.25,102361.88,-1
2025-07-24,2025-07-24 11:52:00,759.01,759.01,758.99,758.99,-0.0,135.25,102361.88,-1
2025-07-24,2025-07-24 11:53:00,758.99,758.99,758.97,758.97,-0.0,135.25,102361.88,-1
2025-07-24,2025-07-24 11:54:00,758.97,758.97,758.95,758.95,-0.0,135.25,102361.88,-1
2025-07-24,2025-07-24 11:55:00,758.95,758.95,758.93,758.93,-0.0,135.25,102361.88,-1
2025-07-24,2025-07-24 11:56:00,758.93,758.93,758.91,758.91,-0.0,135.25,102361.88,-1
2025-07-24,2025-07-24 11:57:00,758.91,758.91,758.9,758.9,-0.0,135.25,102361.88,-1
2025-07-24,2025-07-24 11:58:00,758.9,758.9,758.88,758.88,-0.0,135.25,102361.88,-1
2025-07-24,2025-07-24 11:59:00,758.88,758.88,758.86,758.86,-0.0,135.25,102361.88,-1
2025-07-24,2025-07-24 12:00:00,758.86,758.86,758.84,758.84,-0.0,135.25,102361.88,-1
2025-07-24,2025-07-24 12:01:00,758.84,758.84,758.82,758.82,-0.0,135.25,102361.88,-1
2025-07-24,2025-07-24 12:02:00,758.82,758.82,758.8,758.8,-0.0,135.25,102361.88,-1
2025-07-24,2025-07-24 12:03:00,758.8,758.8,758.78,758.78,-0.0,135.25,102361.88,-1
2025-07-24,2025-07-24 12:04:00,758.78,758.78,758.76,758.76,-0.0,135.25,102361.88,-1
2025-07-24,2025-07-24 12:05:00,758.76,758.76,758.74,758.74,-0.0,135.25,102361.88,-1
2025-07-24,2025-07-24 12:06:00,758.74,758.74,758.72,758.72,-0.0,135.25,102361.88,-1
2025-07-24,2025-07-24 12:07:00,758.72,758.72,758.71,758.71,-0.0,135.25,102361.88,-1
2025-07-24,2025-07-24 12:08:00,758.71,758.71,758.69,758.69,-0.0,135.25,102361.88,-1
2025-07-24,2025-07-24 12:09:00,758.69,758.69,758.67,758.67,-0.0,135.25,102361.88,-1
2025-07-24,2025-07-24 12:10:00,758.67,758.67,758.65,758.65,-0.0,135.25,102361.88,-1
2025-07-24,2025-07-24 12:11:00,758.65,758.65,758.63,758.63,-0.0,135.25,102361.88,-1
2025-07-24,2025-07-24 12:12:00,758.63,758.63,758.61,758.61,-0.0,135.25,102361.88,-1
2025-07-24,2025-07-24 12:13:00,758.61,758.61,758.59,758.59,-0.0,135.25,102361.88,-1
2025-07-24,2025-07-24 12:14:00,758.59,758.59,758.57,758.57,-0.0,135.25,102361.88,-1
2025-07-24,2025-07-24 12:15:00,758.57,758.57,758.55,758.55,-0.0,135.25,102361.88,-1
2025-07-24,2025-07-24 12:16:00,758.55,758.55,758.53,758.53,-0.0,135.25,102361.88,-1
2025-07-24,2025-07-24 12:17:00,758.53,758.53,758.51,758.51,-0.0,135.25,102361.88,-1
2025-07-24,2025-07-24 12:18:00,758.51,758.51,758.5,758.5,-0.0,135.25,102361.88,-1
2025-07-24,2025-07-24 12:19:00,758.5,758.5,758.48,758.48,-0.0,135.25,102361.88,-1
2025-07-24,2025-07-24 12:20:00,758.48,758.48,758.46,758.46,-0.0,135.25,102361.88,-1
2025-07-24,2025-07-24 12:21:00,758.46,758.46,758.44,758.44,-0.0,135.25,102361.88,-1
2025-07-24,2025-07-24 12:22:00,758.44,758.44,758.42,758.42,-0.0,135.25,102361.88,-1
2025-07-24,2025-07-24 12:23:00,758.42,758.42,758.4,758.4,-0.0,135.25,102361.88,-1
2025-07-24,2025-07-24 12:24:00,758.4,758.4,758.38,758.38,-0.0,135.25,102361.88,-1
2025-07-24,2025-07-24 12:25:00,758.38,758.38,758.36,758.36,-0.0,135.25,102361.88,-1
2025-07-24,2025-07-24 12:26:00,758.36,758.36,758.34,758.34,-0.0,135.25,102361.88,-1
2025-07-24,2025-07-24 12:27:00,758.34,758.34,758.32,758.32,-0.0,135.25,102361.88,-1
2025-07-24,2025-07-24 12:28:00,758.32,758.32,758.31,758.31,-0.0,135.25,102361.88,-1
2025-07-24,2025-07-24 12:29:00,758.31,758.31,758.29,758.29,-0.0,135.25,102361.88,-1
2025-07-24,2025-07-24 12:30:00,758.29,758.29,758.27,758.27,-0.0,135.25,102361.88,-1
2025-07-24,2025-07-24 12:31:00,758.27,758.27,758.25,758.25,-0.0,135.25,102361.88,-1
2025-07-24,2025-07-24 12:32:00,758.25,758.25,758.23,758.23,-0.0,135.25,102361.88,-1
2025-07-24,2025-07-24 12:33:00,758.23,758.23,758.21,758.21,-0.0,135.25,102361.88,-1
2025-07-24,2025-07-24 12:34:00,758.21,758.21,758.19,758.19,-0.0,135.25,102361.88,-1
2025-07-24,2025-07-24 12:35:00,758.19,758.19,758.17,758.17,-0.0,135.25,102361.88,-1
2025-07-24,2025-07-24 12:36:00,758.17,758.17,758.15,758.15,-0.0,135.25,102361.88,-1
2025-07-24,2025-07-24 12:37:00,758.15,758.15,758.13,758.13,-0.0,135.25,102361.88,-1
2025-07-24,2025-07-24 12:38:00,758.13,758.13,758.11,758.11,-0.0,135.25,102361.88,-1
2025-07-24,2025-07-24 12:39:00,758.11,758.11,758.1,758.1,-0.0,135.25,102361.88,-1
2025-07-24,2025-07-24 12:40:00,758.1,758.1,758.08,758.08,-0.0,135.25,102361.88,-1
2025-07-24,2025-07-24 12:41:00,758.08,758.08,758.06,758.06,-0.0,135.25,102361.88,-1
2025-07-24,2025-07-24 12:42:00,758.06,758.06,758.04,758.04,-0.0,135.25,102361.88,-1
2025-07-24,2025-07-24 12:43:00,758.04,758.04,758.02,758.02,-0.0,135.25,102361.88,-1
2025-07-24,2025-07-24 12:44:00,758.02,758.02,758.0,758.0,-0.0,135.25,102361.88,-1
2025-07-24,2025-07-24 12:45:00,758.0,758.0,757.98,757.98,-0.0,135.25,102361.88,-1
2025-07-24,2025-07-24 12:46:00,757.98,757.98,757.96,757.96,-0.0,135.25,102361.88,-1
2025-07-24,2025-07-24 12:47:00,757.96,757.96,757.94,757.94,-0.0,135.25,102361.88,-1
2025-07-24,2025-07-24 12:48:00,757.94,757.94,757.92,757.92,-0.0,135.25,102361.88,-1
2025-07-24,2025-07-24 12:49:00,757.92,757.92,757.91,757.91,-0.0,135.25,102361.88,-1
2025-07-24,2025-07-24 12:50:00,757.91,757.91,757.89,757.89,-0.0,135.25,102361.88,-1
2025-07-24,2025-07-24 12:51:00,757.89,757.89,757.87,757.87,-0.0,135.25,102361.88,-1
2025-07-24,2025-07-24 12:52:00,757.87,757.87,757.85,757.85,-0.0,135.25,102361.88,-1
2025-07-24,2025-07-24 12:53:00,757.85,757.85,757.83,757.83,-0.0,135.25,102361.88,-1
2025-07-24,2025-07-24 12:54:00,757.83,757.83,757.81,757.81,-0.0,135.25,102361.88,-1
2025-07-24,2025-07-24 12:55:00,757.81,757.81,757.79,757.79,-0.0,135.25,102361.88,-1
2025-07-24,2025-07-24 12:56:00,757.79,757.79,757.77,757.77,-0.0,135.25,102361.88,-1
2025-07-24,2025-07-24 12:57:00,757.77,757.77,757.75,757.75,-0.0,135.25,102361.88,-1
2025-07-24,2025-07-24 12:58:00,757.75,757.75,757.73,757.73,-0.0,135.25,102361.88,-1
2025-07-24,2025-07-24 12:59:00,757.73,757.73,757.71,757.71,-0.0,135.25,102361.88,-1
2025-07-24,2025-07-24 13:00:00,757.71,768.9,745.0,757.7,-0.0,135.25,102361.88,-1
2025-07-24,2025-07-24 13:01:00,757.7,757.7,757.68,757.68,-0.0,135.25,102361.88,-1
2025-07-24,2025-07-24 13:02:00,757.68,757.68,757.66,757.66,-0.0,135.25,102361.88,-1
2025-07-24,2025-07-24 13:03:00,757.66,757.66,757.64,757.64,-0.0,135.25,102361.88,-1
2025-07-24,2025-07-24 13:04:00,757.64,757.64,757.62,757.62,-0.0,135.25,102361.88,-1
2025-07-24,2025-07-24 13:05:00,757.62,757.62,757.6,757.6,-0.0,135.25,102361.88,-1
2025-07-24,2025-07-24 13:06:00,757.6,757.6,757.58,757.58,-0.0,135.25,102361.88,-1
2025-07-24,2025-07-24 13:07:00,757.58,757.58,757.56,757.56,-0.0,135.25,102361.88,-1
2025-07-24,2025-07-24 13:08:00,757.56,757.56,757.54,757.54,-0.0,135.25,102361.88,-1
2025-07-24,2025-07-24 13:09:00,757.54,757.54,757.52,757.52,-0.0,135.25,102361.88,-1
2025-07-24,2025-07-24 13:10:00,757.52,757.52,757.51,757.51,-0.0,135.25,102361.88,-1
2025-07-24,2025-07-24 13:11:00,757.51,757.51,757.49,757.49,-0.0,135.25,102361.88,-1
2025-07-24,2025-07-24 13:12:00,757.49,757.49,757.47,757.47,-0.0,135.25,102361.88,-1
2025-07-24,2025-07-24 13:13:00,757.47,757.47,757.45,757.45,-0.0,135.25,102361.88,-1
2025-07-24,2025-07-24 13:14:00,757.45,757.45,757.43,757.43,-0.0,135.25,102361.88,-1
2025-07-24,2025-07-24 13:15:00,757.43,757.43,757.41,757.41,-0.0,135.25,102361.88,-1
2025-07-24,2025-07-24 13:16:00,757.41,757.41,757.39,757.39,-0.0,135.25,102361.88,-1
2025-07-24,2025-07-24 13:17:00,757.39,757.39,757.37,757.37,-0.0,135.25,102361.88,-1
2025-07-24,2025-07-24 13:18:00,757.37,757.37,757.35,757.35,-0.0,135.25,102361.88,-1
2025-07-24,2025-07-24 13:19:00,757.35,757.35,757.33,757.33,-0.0,135.25,102361.88,-1
2025-07-24,2025-07-24 13:20:00,757.33,757.33,757.32,757.32,-0.0,135.25,102361.88,-1
2025-07-24,2025-07-24 13:21:00,757.32,757.32,757.3,757.3,-0.0,135.25,102361.88,-1
2025-07-24,2025-07-24 13:22:00,757.3,757.3,757.28,757.28,-0.0,135.25,102361.88,-1
2025-07-24,2025-07-24 13:23:00,757.28,757.28,757.26,757.26,-0.0,135.25,102361.88,-1
2025-07-24,2025-07-24 13:24:00,757.26,757.26,757.24,757.24,-0.0,135.25,102361.88,-1
2025-07-24,2025-07-24 13:25:00,757.24,757.24,757.22,757.22,-0.0,135.25,102361.88,-1
2025-07-24,2025-07-24 13:26:00,757.22,757.22,757.2,757.2,-0.0,135.25,102361.88,-1
2025-07-24,2025-07-24 13:27:00,757.2,757.2,757.18,757.18,-0.0,135.25,102361.88,-1
2025-07-24,2025-07-24 13:28:00,757.18,757.18,757.16,757.16,-0.0,135.25,102361.88,-1
2025-07-24,2025-07-24 13:29:00,757.16,757.16,757.14,757.14,-0.0,135.25,102361.88,-1
2025-07-24,2025-07-24 13:30:00,757.14,757.14,757.12,757.12,-0.0,135.25,102361.88,-1
2025-07-24,2025-07-24 13:31:00,757.12,757.12,757.11,757.11,-0.0,135.25,102361.88,-1
2025-07-24,2025-07-24 13:32:00,757.11,757.11,757.09,757.09,-0.0,135.25,102361.88,-1
2025-07-24,2025-07-24 13:33:00,757.09,757.09,757.07,757.07,-0.0,135.25,102361.88,-1
2025-07-24,2025-07-24 13:34:00,757.07,757.07,757.05,757.05,-0.0,135.25,102361.88,-1
2025-07-24,2025-07-24 13:35:00,757.05,757.05,757.03,757.03,-0.0,135.25,102361.88,-1
2025-07-24,2025-07-24 13:36:00,757.03,757.03,757.01,757.01,-0.0,135.25,102361.88,-1
2025-07-24,2025-07-24 13:37:00,757.01,757.01,756.99,756.99,-0.0,135.25,102361.88,-1
2025-07-24,2025-07-24 13:38:00,756.99,756.99,756.97,756.97,-0.0,135.25,102361.88,-1
2025-07-24,2025-07-24 13:39:00,756.97,756.97,756.95,756.95,-0.0,135.25,102361.88,-1
2025-07-24,2025-07-24 13:40:00,756.95,756.95,756.93,756.93,-0.0,135.25,102361.88,-1
2025-07-24,2025-07-24 13:41:00,756.93,756.93,756.92,756.92,-0.0,135.25,102361.88,-1
2025-07-24,2025-07-24 13:42:00,756.92,756.92,756.9,756.9,-0.0,135.25,102361.88,-1
2025-07-24,2025-07-24 13:43:00,756.9,756.9,756.88,756.88,-0.0,135.25,102361.88,-1
2025-07-24,2025-07-24 13:44:00,756.88,756.88,756.86,756.86,-0.0,135.25,102361.88,-1
2025-07-24,2025-07-24 13:45:00,756.86,756.86,756.84,756.84,-0.0,135.25,102361.88,-1
2025-07-24,2025-07-24 13:46:00,756.84,756.84,756.82,756.82,-0.0,135.25,102361.88,-1
2025-07-24,2025-07-24 13:47:00,756.82,756.82,756.8,756.8,-0.0,135.25,102361.88,-1
2025-07-24,2025-07-24 13:48:00,756.8,756.8,756.78,756.78,-0.0,135.25,102361.88,-1
2025-07-24,2025-07-24 13:49:00,756.78,756.78,756.76,756.76,-0.0,135.25,102361.88,-1
2025-07-24,2025-07-24 13:50:00,756.76,756.76,756.74,756.74,-0.0,135.25,102361.88,-1
2025-07-24,2025-07-24 13:51:00,756.74,756.74,756.72,756.72,-0.0,135.25,102361.88,-1
2025-07-24,2025-07-24 13:52:00,756.72,756.72,756.71,756.71,-0.0,135.25,102361.88,-1
2025-07-24,2025-07-24 13:53:00,756.71,756.71,756.69,756.69,-0.0,135.25,102361.88,-1
2025-07-24,2025-07-24 13:54:00,756.69,756.69,756.67,756.67,-0.0,135.25,102361.88,-1
2025-07-24,2025-07-24 13:55:00,756.67,756.67,756.65,756.65,-0.0,135.25,102361.88,-1
2025-07-24,2025-07-24 13:56:00,756.65,756.65,756.63,756.63,-0.0,135.25,102361.88,-1
2025-07-24,2025-07-24 13:57:00,756.63,756.63,756.61,756.61,-0.0,135.25,102361.88,-1
2025-07-24,2025-07-24 13:58:00,756.61,756.61,756.59,756.59,-0.0,135.25,102361.88,-1
2025-07-24,2025-07-24 13:59:00,756.59,756.59,756.57,756.57,-0.0,135.25,102361.88,-1
2025-07-24,2025-07-24 14:00:00,756.57,756.57,756.55,756.55,-0.0,135.25,102361.88,-1
2025-07-24,2025-07-24 14:01:00,756.55,756.55,756.53,756.53,-0.0,135.25,102361.88,-1
2025-07-24,2025-07-24 14:02:00,756.53,756.53,756.52,756.52,-0.0,135.25,102361.88,-1
2025-07-24,2025-07-24 14:03:00,756.52,756.52,756.5,756.5,-0.0,135.25,102361.88,-1
2025-07-24,2025-07-24 14:04:00,756.5,756.5,756.48,756.48,-0.0,135.25,102361.88,-1
2025-07-24,2025-07-24 14:05:00,756.48,756.48,756.46,756.46,-0.0,135.25,102361.88,-1
2025-07-24,2025-07-24 14:06:00,756.46,756.46,756.44,756.44,-0.0,135.25,102361.88,-1
2025-07-24,2025-07-24 14:07:00,756.44,756.44,756.42,756.42,-0.0,135.25,102361.88,-1
2025-07-24,2025-07-24 14:08:00,756.42,756.42,756.4,756.4,-0.0,135.25,102361.88,-1
2025-07-24,2025-07-24 14:09:00,756.4,756.4,756.38,756.38,-0.0,135.25,102361.88,-1
2025-07-24,2025-07-24 14:10:00,756.38,756.38,756.36,756.36,-0.0,135.25,102361.88,-1
2025-07-24,2025-07-24 14:11:00,756.36,756.36,756.34,756.34,-0.0,135.25,102361.88,-1
2025-07-24,2025-07-24 14:12:00,756.34,756.34,756.32,756.32,-0.0,135.25,102361.88,-1
2025-07-24,2025-07-24 14:13:00,756.32,756.32,756.31,756.31,-0.0,135.25,102361.88,-1
2025-07-24,2025-07-24 14:14:00,756.31,756.31,756.29,756.29,-0.0,135.25,102361.88,-1
2025-07-24,2025-07-24 14:15:00,756.29,756.29,756.27,756.27,-0.0,135.25,102361.88,-1
2025-07-24,2025-07-24 14:16:00,756.27,756.27,756.25,756.25,-0.0,135.25,102361.88,-1
2025-07-24,2025-07-24 14:17:00,756.25,756.25,756.23,756.23,-0.0,135.25,102361.88,-1
2025-07-24,2025-07-24 14:18:00,756.23,756.23,756.21,756.21,-0.0,135.25,102361.88,-1
2025-07-24,2025-07-24 14:19:00,756.21,756.21,756.19,756.19,-0.0,135.25,102361.88,-1
2025-07-24,2025-07-24 14:20:00,756.19,756.19,756.17,756.17,-0.0,135.25,102361.88,-1
2025-07-24,2025-07-24 14:21:00,756.17,756.17,756.15,756.15,-0.0,135.25,102361.88,-1
2025-07-24,2025-07-24 14:22:00,756.15,756.15,756.13,756.13,-0.0,135.25,102361.88,-1
2025-07-24,2025-07-24 14:23:00,756.13,756.13,756.12,756.12,-0.0,135.25,102361.88,-1
2025-07-24,2025-07-24 14:24:00,756.12,756.12,756.1,756.1,-0.0,135.25,102361.88,-1
2025-07-24,2025-07-24 14:25:00,756.1,756.1,756.08,756.08,-0.0,135.25,102361.88,-1
2025-07-24,2025-07-24 14:26:00,756.08,756.08,756.06,756.06,-0.0,135.25,102361.88,-1
2025-07-24,2025-07-24 14:27:00,756.06,756.06,756.04,756.04,-0.0,135.25,102361.88,-1
2025-07-24,2025-07-24 14:28:00,756.04,756.04,756.02,756.02,-0.0,135.25,102361.88,-1
2025-07-24,2025-07-24 14:29:00,756.02,756.02,756.0,756.0,-0.0,135.25,102361.88,-1
2025-07-24,2025-07-24 14:30:00,756.0,756.0,755.98,755.98,-0.0,135.25,102361.88,-1
2025-07-24,2025-07-24 14:31:00,755.98,755.98,755.96,755.96,-0.0,135.25,102361.88,-1
2025-07-24,2025-07-24 14:32:00,755.96,755.96,755.94,755.94,-0.0,135.25,102361.88,-1
2025-07-24,2025-07-24 14:33:00,755.94,755.94,755.93,755.93,-0.0,135.25,102361.88,-1
2025-07-24,2025-07-24 14:34:00,755.93,755.93,755.91,755.91,-0.0,135.25,102361.88,-1
2025-07-24,2025-07-24 14:35:00,755.91,755.91,755.89,755.89,-0.0,135.25,102361.88,-1
2025-07-24,2025-07-24 14:36:00,755.89,755.89,755.87,755.87,-0.0,135.25,102361.88,-1
2025-07-24,2025-07-24 14:37:00,755.87,755.87,755.85,755.85,-0.0,135.25,102361.88,-1
2025-07-24,2025-07-24 14:38:00,755.85,755.85,755.83,755.83,-0.0,135.25,102361.88,-1
2025-07-24,2025-07-24 14:39:00,755.83,755.83,755.81,755.81,-0.0,135.25,102361.88,-1
2025-07-24,2025-07-24 14:40:00,755.81,755.81,755.79,755.79,-0.0,135.25,102361.88,-1
2025-07-24,2025-07-24 14:41:00,755.79,755.79,755.77,755.77,-0.0,135.25,102361.88,-1
2025-07-24,2025-07-24 14:42:00,755.77,755.77,755.75,755.75,-0.0,135.25,102361.88,-1
2025-07-24,2025-07-24 14:43:00,755.75,755.75,755.73,755.73,-0.0,135.25,102361.88,-1
2025-07-24,2025-07-24 14:44:00,755.73,755.73,755.72,755.72,-0.0,135.25,102361.88,-1
2025-07-24,2025-07-24 14:45:00,755.72,755.72,755.7,755.7,-0.0,135.25,102361.88,-1
2025-07-24,2025-07-24 14:46:00,755.7,755.7,755.68,755.68,-0.0,135.25,102361.88,-1
2025-07-24,2025-07-24 14:47:00,755.68,755.68,755.66,755.66,-0.0,135.25,102361.88,-1
2025-07-24,2025-07-24 14:48:00,755.66,755.66,755.64,755.64,-0.0,135.25,102361.88,-1
2025-07-24,2025-07-24 14:49:00,755.64,755.64,755.62,755.62,-0.0,135.25,102361.88,-1
2025-07-24,2025-07-24 14:50:00,755.62,755.62,755.6,755.6,-0.0,135.25,102361.88,-1
2025-07-24,2025-07-24 14:51:00,755.6,755.6,755.58,755.58,-0.0,135.25,102361.88,-1
2025-07-24,2025-07-24 14:52:00,755.58,755.58,755.56,755.56,-0.0,135.25,102361.88,-1
2025-07-24,2025-07-24 14:53:00,755.56,755.56,755.54,755.54,-0.0,135.25,102361.88,-1
2025-07-24,2025-07-24 14:54:00,755.54,755.54,755.53,755.53,-0.0,135.25,102361.88,-1
2025-07-24,2025-07-24 14:55:00,755.53,755.53,755.51,755.51,-0.0,135.25,102361.88,-1
2025-07-24,2025-07-24 14:56:00,755.51,755.51,755.49,755.49,-0.0,135.25,102361.88,-1
2025-07-24,2025-07-24 14:57:00,755.49,755.49,755.47,755.47,-0.0,135.25,102361.88,-1
2025-07-24,2025-07-24 14:58:00,755.47,755.47,755.45,755.45,-0.0,135.25,102361.88,-1
2025-07-24,2025-07-24 14:59:00,755.45,755.45,755.43,755.43,-0.0,135.25,102361.88,-1
2025-07-24,2025-07-24 15:00:00,755.43,768.9,745.0,755.43,0.0,135.25,102361.88,0
2025-07-27,2025-07-27 11:00:00,752.0,766.61,752.0,752.1,0.01,268.44,207899.45,1
2025-07-27,2025-07-27 11:01:00,752.1,752.19,752.1,752.19,0.01,268.44,207899.45,1
2025-07-27,2025-07-27 11:02:00,752.19,752.29,752.19,752.29,0.01,268.44,207899.45,1
2025-07-27,2025-07-27 11:03:00,752.29,752.38,752.29,752.38,0.01,268.44,207899.45,1
2025-07-27,2025-07-27 11:04:00,752.38,752.48,752.38,752.48,0.01,268.44,207899.45,1
2025-07-27,2025-07-27 11:05:00,752.48,752.57,752.48,752.57,0.01,268.44,207899.45,1
2025-07-27,2025-07-27 11:06:00,752.57,752.67,752.57,752.67,0.01,268.44,207899.45,1
2025-07-27,2025-07-27 11:07:00,752.67,752.76,752.67,752.76,0.01,268.44,207899.45,1
2025-07-27,2025-07-27 11:08:00,752.76,752.86,752.76,752.86,0.01,268.44,207899.45,1
2025-07-27,2025-07-27 11:09:00,752.86,752.95,752.86,752.95,0.01,268.44,207899.45,1
2025-07-27,2025-07-27 11:10:00,752.95,753.05,752.95,753.05,0.01,268.44,207899.45,1
2025-07-27,2025-07-27 11:11:00,753.05,753.15,753.05,753.15,0.01,268.44,207899.45,1
2025-07-27,2025-07-27 11:12:00,753.15,753.24,753.15,753.24,0.01,268.44,207899.45,1
2025-07-27,2025-07-27 11:13:00,753.24,753.34,753.24,753.34,0.01,268.44,207899.45,1
2025-07-27,2025-07-27 11:14:00,753.34,753.43,753.34,753.43,0.01,268.44,207899.45,1
2025-07-27,2025-07-27 11:15:00,753.43,753.53,753.43,753.53,0.01,268.44,207899.45,1
2025-07-27,2025-07-27 11:16:00,753.53,753.62,753.53,753.62,0.01,268.44,207899.45,1
2025-07-27,2025-07-27 11:17:00,753.62,753.72,753.62,753.72,0.01,268.44,207899.45,1
2025-07-27,2025-07-27 11:18:00,753.72,753.81,753.72,753.81,0.01,268.44,207899.45,1
2025-07-27,2025-07-27 11:19:00,753.81,753.91,753.81,753.91,0.01,268.44,207899.45,1
2025-07-27,2025-07-27 11:20:00,753.91,754.0,753.91,754.0,0.01,268.44,207899.45,1
2025-07-27,2025-07-27 11:21:00,754.0,754.1,754.0,754.1,0.01,268.44,207899.45,1
2025-07-27,2025-07-27 11:22:00,754.1,754.2,754.1,754.2,0.01,268.44,207899.45,1
2025-07-27,2025-07-27 11:23:00,754.2,754.29,754.2,754.29,0.01,268.44,207899.45,1
2025-07-27,2025-07-27 11:24:00,754.29,754.39,754.29,754.39,0.01,268.44,207899.45,1
2025-07-27,2025-07-27 11:25:00,754.39,754.48,754.39,754.48,0.01,268.44,207899.45,1
2025-07-27,2025-07-27 11:26:00,754.48,754.58,754.48,754.58,0.01,268.44,207899.45,1
2025-07-27,2025-07-27 11:27:00,754.58,754.67,754.58,754.67,0.01,268.44,207899.45,1
2025-07-27,2025-07-27 11:28:00,754.67,754.77,754.67,754.77,0.01,268.44,207899.45,1
2025-07-27,2025-07-27 11:29:00,754.77,754.86,754.77,754.86,0.01,268.44,207899.45,1
2025-07-27,2025-07-27 11:30:00,754.86,754.96,754.86,754.96,0.01,268.44,207899.45,1
2025-07-27,2025-07-27 11:31:00,754.96,755.05,754.96,755.05,0.01,268.44,207899.45,1
2025-07-27,2025-07-27 11:32:00,755.05,755.15,755.05,755.15,0.01,268.44,207899.45,1
2025-07-27,2025-07-27 11:33:00,755.15,755.25,755.15,755.25,0.01,268.44,207899.45,1
2025-07-27,2025-07-27 11:34:00,755.25,755.34,755.25,755.34,0.01,268.44,207899.45,1
2025-07-27,2025-07-27 11:35:00,755.34,755.44,755.34,755.44,0.01,268.44,207899.45,1
2025-07-27,2025-07-27 11:36:00,755.44,755.53,755.44,755.53,0.01,268.44,207899.45,1
2025-07-27,2025-07-27 11:37:00,755.53,755.63,755.53,755.63,0.01,268.44,207899.45,1
2025-07-27,2025-07-27 11:38:00,755.63,755.72,755.63,755.72,0.01,268.44,207899.45,1
2025-07-27,2025-07-27 11:39:00,755.72,755.82,755.72,755.82,0.01,268.44,207899.45,1
2025-07-27,2025-07-27 11:40:00,755.82,755.91,755.82,755.91,0.01,268.44,207899.45,1
2025-07-27,2025-07-27 11:41:00,755.91,756.01,755.91,756.01,0.01,268.44,207899.45,1
2025-07-27,2025-07-27 11:42:00,756.01,756.1,756.01,756.1,0.01,268.44,207899.45,1
2025-07-27,2025-07-27 11:43:00,756.1,756.2,756.1,756.2,0.01,268.44,207899.45,1
2025-07-27,2025-07-27 11:44:00,756.2,756.3,756.2,756.3,0.01,268.44,207899.45,1
2025-07-27,2025-07-27 11:45:00,756.3,756.39,756.3,756.39,0.01,268.44,207899.45,1
2025-07-27,2025-07-27 11:46:00,756.39,756.49,756.39,756.49,0.01,268.44,207899.45,1
2025-07-27,2025-07-27 11:47:00,756.49,756.58,756.49,756.58,0.01,268.44,207899.45,1
2025-07-27,2025-07-27 11:48:00,756.58,756.68,756.58,756.68,0.01,268.44,207899.45,1
2025-07-27,2025-07-27 11:49:00,756.68,756.77,756.68,756.77,0.01,268.44,207899.45,1
2025-07-27,2025-07-27 11:50:00,756.77,756.87,756.77,756.87,0.01,268.44,207899.45,1
2025-07-27,2025-07-27 11:51:00,756.87,756.96,756.87,756.96,0.01,268.44,207899.45,1
2025-07-27,2025-07-27 11:52:00,756.96,757.06,756.96,757.06,0.01,268.44,207899.45,1
2025-07-27,2025-07-27 11:53:00,757.06,757.15,757.06,757.15,0.01,268.44,207899.45,1
2025-07-27,2025-07-27 11:54:00,757.15,757.25,757.15,757.25,0.01,268.44,207899.45,1
2025-07-27,2025-07-27 11:55:00,757.25,757.35,757.25,757.35,0.01,268.44,207899.45,1
2025-07-27,2025-07-27 11:56:00,757.35,757.44,757.35,757.44,0.01,268.44,207899.45,1
2025-07-27,2025-07-27 11:57:00,757.44,757.54,757.44,757.54,0.01,268.44,207899.45,1
2025-07-27,2025-07-27 11:58:00,757.54,757.63,757.54,757.63,0.01,268.44,207899.45,1
2025-07-27,2025-07-27 11:59:00,757.63,757.73,757.63,757.73,0.01,268.44,207899.45,1
2025-07-27,2025-07-27 12:00:00,757.73,757.82,757.73,757.82,0.01,268.44,207899.45,1
2025-07-27,2025-07-27 12:01:00,757.82,757.92,757.82,757.92,0.01,268.44,207899.45,1
2025-07-27,2025-07-27 12:02:00,757.92,758.01,757.92,758.01,0.01,268.44,207899.45,1
2025-07-27,2025-07-27 12:03:00,758.01,758.11,758.01,758.11,0.01,268.44,207899.45,1
2025-07-27,2025-07-27 12:04:00,758.11,758.2,758.11,758.2,0.01,268.44,207899.45,1
2025-07-27,2025-07-27 12:05:00,758.2,758.3,758.2,758.3,0.01,268.44,207899.45,1
2025-07-27,2025-07-27 12:06:00,758.3,758.4,758.3,758.4,0.01,268.44,207899.45,1
2025-07-27,2025-07-27 12:07:00,758.4,758.49,758.4,758.49,0.01,268.44,207899.45,1
2025-07-27,2025-07-27 12:08:00,758.49,758.59,758.49,758.59,0.01,268.44,207899.45,1
2025-07-27,2025-07-27 12:09:00,758.59,758.68,758.59,758.68,0.01,268.44,207899.45,1
2025-07-27,2025-07-27 12:10:00,758.68,758.78,758.68,758.78,0.01,268.44,207899.45,1
2025-07-27,2025-07-27 12:11:00,758.78,758.87,758.78,758.87,0.01,268.44,207899.45,1
2025-07-27,2025-07-27 12:12:00,758.87,758.97,758.87,758.97,0.01,268.44,207899.45,1
2025-07-27,2025-07-27 12:13:00,758.97,759.06,758.97,759.06,0.01,268.44,207899.45,1
2025-07-27,2025-07-27 12:14:00,759.06,759.16,759.06,759.16,0.01,268.44,207899.45,1
2025-07-27,2025-07-27 12:15:00,759.16,759.25,759.16,759.25,0.01,268.44,207899.45,1
2025-07-27,2025-07-27 12:16:00,759.25,759.35,759.25,759.35,0.01,268.44,207899.45,1
2025-07-27,2025-07-27 12:17:00,759.35,759.45,759.35,759.45,0.01,268.44,207899.45,1
2025-07-27,2025-07-27 12:18:00,759.45,759.54,759.45,759.54,0.01,268.44,207899.45,1
2025-07-27,2025-07-27 12:19:00,759.54,759.64,759.54,759.64,0.01,268.44,207899.45,1
2025-07-27,2025-07-27 12:20:00,759.64,759.73,759.64,759.73,0.01,268.44,207899.45,1
2025-07-27,2025-07-27 12:21:00,759.73,759.83,759.73,759.83,0.01,268.44,207899.45,1
2025-07-27,2025-07-27 12:22:00,759.83,759.92,759.83,759.92,0.01,268.44,207899.45,1
2025-07-27,2025-07-27 12:23:00,759.92,760.02,759.92,760.02,0.01,268.44,207899.45,1
2025-07-27,2025-07-27 12:24:00,760.02,760.11,760.02,760.11,0.01,268.44,207899.45,1
2025-07-27,2025-07-27 12:25:00,760.11,760.21,760.11,760.21,0.01,268.44,207899.45,1
2025-07-27,2025-07-27 12:26:00,760.21,760.3,760.21,760.3,0.01,268.44,207899.45,1
2025-07-27,2025-07-27 12:27:00,760.3,760.4,760.3,760.4,0.01,268.44,207899.45,1
2025-07-27,2025-07-27 12:28:00,760.4,760.5,760.4,760.5,0.01,268.44,207899.45,1
2025-07-27,2025-07-27 12:29:00,760.5,760.59,760.5,760.59,0.01,268.44,207899.45,1
2025-07-27,2025-07-27 12:30:00,760.59,760.69,760.59,760.69,0.01,268.44,207899.45,1
2025-07-27,2025-07-27 12:31:00,760.69,760.78,760.69,760.78,0.01,268.44,207899.45,1
2025-07-27,2025-07-27 12:32:00,760.78,760.88,760.78,760.88,0.01,268.44,207899.45,1
2025-07-27,2025-07-27 12:33:00,760.88,760.97,760.88,760.97,0.01,268.44,207899.45,1
2025-07-27,2025-07-27 12:34:00,760.97,761.07,760.97,761.07,0.01,268.44,207899.45,1
2025-07-27,2025-07-27 12:35:00,761.07,761.16,761.07,761.16,0.01,268.44,207899.45,1
2025-07-27,2025-07-27 12:36:00,761.16,761.26,761.16,761.26,0.01,268.44,207899.45,1
2025-07-27,2025-07-27 12:37:00,761.26,761.35,761.26,761.35,0.01,268.44,207899.45,1
2025-07-27,2025-07-27 12:38:00,761.35,761.45,761.35,761.45,0.01,268.44,207899.45,1
2025-07-27,2025-07-27 12:39:00,761.45,761.55,761.45,761.55,0.01,268.44,207899.45,1
2025-07-27,2025-07-27 12:40:00,761.55,761.64,761.55,761.64,0.01,268.44,207899.45,1
2025-07-27,2025-07-27 12:41:00,761.64,761.74,761.64,761.74,0.01,268.44,207899.45,1
2025-07-27,2025-07-27 12:42:00,761.74,761.83,761.74,761.83,0.01,268.44,207899.45,1
2025-07-27,2025-07-27 12:43:00,761.83,761.93,761.83,761.93,0.01,268.44,207899.45,1
2025-07-27,2025-07-27 12:44:00,761.93,762.02,761.93,762.02,0.01,268.44,207899.45,1
2025-07-27,2025-07-27 12:45:00,762.02,762.12,762.02,762.12,0.01,268.44,207899.45,1
2025-07-27,2025-07-27 12:46:00,762.12,762.21,762.12,762.21,0.01,268.44,207899.45,1
2025-07-27,2025-07-27 12:47:00,762.21,762.31,762.21,762.31,0.01,268.44,207899.45,1
2025-07-27,2025-07-27 12:48:00,762.31,762.4,762.31,762.4,0.01,268.44,207899.45,1
2025-07-27,2025-07-27 12:49:00,762.4,762.5,762.4,762.5,0.01,268.44,207899.45,1
2025-07-27,2025-07-27 12:50:00,762.5,762.6,762.5,762.6,0.01,268.44,207899.45,1
2025-07-27,2025-07-27 12:51:00,762.6,762.69,762.6,762.69,0.01,268.44,207899.45,1
2025-07-27,2025-07-27 12:52:00,762.69,762.79,762.69,762.79,0.01,268.44,207899.45,1
2025-07-27,2025-07-27 12:53:00,762.79,762.88,762.79,762.88,0.01,268.44,207899.45,1
2025-07-27,2025-07-27 12:54:00,762.88,762.98,762.88,762.98,0.01,268.44,207899.45,1
2025-07-27,2025-07-27 12:55:00,762.98,763.07,762.98,763.07,0.01,268.44,207899.45,1
2025-07-27,2025-07-27 12:56:00,763.07,763.17,763.07,763.17,0.01,268.44,207899.45,1
2025-07-27,2025-07-27 12:57:00,763.17,763.26,763.17,763.26,0.01,268.44,207899.45,1
2025-07-27,2025-07-27 12:58:00,763.26,763.36,763.26,763.36,0.01,268.44,207899.45,1
2025-07-27,2025-07-27 12:59:00,763.36,763.45,763.36,763.45,0.01,268.44,207899.45,1
2025-07-27,2025-07-27 13:00:00,763.45,800.7,752.0,763.55,0.01,268.44,207899.45,1
2025-07-27,2025-07-27 13:01:00,763.55,763.65,763.55,763.65,0.01,268.44,207899.45,1
2025-07-27,2025-07-27 13:02:00,763.65,763.74,763.65,763.74,0.01,268.44,207899.45,1
2025-07-27,2025-07-27 13:03:00,763.74,763.84,763.74,763.84,0.01,268.44,207899.45,1
2025-07-27,2025-07-27 13:04:00,763.84,763.93,763.84,763.93,0.01,268.44,207899.45,1
2025-07-27,2025-07-27 13:05:00,763.93,764.03,763.93,764.03,0.01,268.44,207899.45,1
2025-07-27,2025-07-27 13:06:00,764.03,764.12,764.03,764.12,0.01,268.44,207899.45,1
2025-07-27,2025-07-27 13:07:00,764.12,764.22,764.12,764.22,0.01,268.44,207899.45,1
2025-07-27,2025-07-27 13:08:00,764.22,764.31,764.22,764.31,0.01,268.44,207899.45,1
2025-07-27,2025-07-27 13:09:00,764.31,764.41,764.31,764.41,0.01,268.44,207899.45,1
2025-07-27,2025-07-27 13:10:00,764.41,764.51,764.41,764.51,0.01,268.44,207899.45,1
2025-07-27,2025-07-27 13:11:00,764.51,764.6,764.51,764.6,0.01,268.44,207899.45,1
2025-07-27,2025-07-27 13:12:00,764.6,764.7,764.6,764.7,0.01,268.44,207899.45,1
2025-07-27,2025-07-27 13:13:00,764.7,764.79,764.7,764.79,0.01,268.44,207899.45,1
2025-07-27,2025-07-27 13:14:00,764.79,764.89,764.79,764.89,0.01,268.44,207899.45,1
2025-07-27,2025-07-27 13:15:00,764.89,764.98,764.89,764.98,0.01,268.44,207899.45,1
2025-07-27,2025-07-27 13:16:00,764.98,765.08,764.98,765.08,0.01,268.44,207899.45,1
2025-07-27,2025-07-27 13:17:00,765.08,765.17,765.08,765.17,0.01,268.44,207899.45,1
2025-07-27,2025-07-27 13:18:00,765.17,765.27,765.17,765.27,0.01,268.44,207899.45,1
2025-07-27,2025-07-27 13:19:00,765.27,765.36,765.27,765.36,0.01,268.44,207899.45,1
2025-07-27,2025-07-27 13:20:00,765.36,765.46,765.36,765.46,0.01,268.44,207899.45,1
2025-07-27,2025-07-27 13:21:00,765.46,765.56,765.46,765.56,0.01,268.44,207899.45,1
2025-07-27,2025-07-27 13:22:00,765.56,765.65,765.56,765.65,0.01,268.44,207899.45,1
2025-07-27,2025-07-27 13:23:00,765.65,765.75,765.65,765.75,0.01,268.44,207899.45,1
2025-07-27,2025-07-27 13:24:00,765.75,765.84,765.75,765.84,0.01,268.44,207899.45,1
2025-07-27,2025-07-27 13:25:00,765.84,765.94,765.84,765.94,0.01,268.44,207899.45,1
2025-07-27,2025-07-27 13:26:00,765.94,766.03,765.94,766.03,0.01,268.44,207899.45,1
2025-07-27,2025-07-27 13:27:00,766.03,766.13,766.03,766.13,0.01,268.44,207899.45,1
2025-07-27,2025-07-27 13:28:00,766.13,766.22,766.13,766.22,0.01,268.44,207899.45,1
2025-07-27,2025-07-27 13:29:00,766.22,766.32,766.22,766.32,0.01,268.44,207899.45,1
2025-07-27,2025-07-27 13:30:00,766.32,766.41,766.32,766.41,0.01,268.44,207899.45,1
2025-07-27,2025-07-27 13:31:00,766.41,766.51,766.41,766.51,0.01,268.44,207899.45,1
2025-07-27,2025-07-27 13:32:00,766.51,766.61,766.51,766.61,0.01,268.44,207899.45,1
2025-07-27,2025-07-27 13:33:00,766.61,766.7,766.61,766.7,0.01,268.44,207899.45,1
2025-07-27,2025-07-27 13:34:00,766.7,766.8,766.7,766.8,0.01,268.44,207899.45,1
2025-07-27,2025-07-27 13:35:00,766.8,766.89,766.8,766.89,0.01,268.44,207899.45,1
2025-07-27,2025-07-27 13:36:00,766.89,766.99,766.89,766.99,0.01,268.44,207899.45,1
2025-07-27,2025-07-27 13:37:00,766.99,767.08,766.99,767.08,0.01,268.44,207899.45,1
2025-07-27,2025-07-27 13:38:00,767.08,767.18,767.08,767.18,0.01,268.44,207899.45,1
2025-07-27,2025-07-27 13:39:00,767.18,767.27,767.18,767.27,0.01,268.44,207899.45,1
2025-07-27,2025-07-27 13:40:00,767.27,767.37,767.27,767.37,0.01,268.44,207899.45,1
2025-07-27,2025-07-27 13:41:00,767.37,767.46,767.37,767.46,0.01,268.44,207899.45,1
2025-07-27,2025-07-27 13:42:00,767.46,767.56,767.46,767.56,0.01,268.44,207899.45,1
2025-07-27,2025-07-27 13:43:00,767.56,767.66,767.56,767.66,0.01,268.44,207899.45,1
2025-07-27,2025-07-27 13:44:00,767.66,767.75,767.66,767.75,0.01,268.44,207899.45,1
2025-07-27,2025-07-27 13:45:00,767.75,767.85,767.75,767.85,0.01,268.44,207899.45,1
2025-07-27,2025-07-27 13:46:00,767.85,767.94,767.85,767.94,0.01,268.44,207899.45,1
2025-07-27,2025-07-27 13:47:00,767.94,768.04,767.94,768.04,0.01,268.44,207899.45,1
2025-07-27,2025-07-27 13:48:00,768.04,768.13,768.04,768.13,0.01,268.44,207899.45,1
2025-07-27,2025-07-27 13:49:00,768.13,768.23,768.13,768.23,0.01,268.44,207899.45,1
2025-07-27,2025-07-27 13:50:00,768.23,768.32,768.23,768.32,0.01,268.44,207899.45,1
2025-07-27,2025-07-27 13:51:00,768.32,768.42,768.32,768.42,0.01,268.44,207899.45,1
2025-07-27,2025-07-27 13:52:00,768.42,768.51,768.42,768.51,0.01,268.44,207899.45,1
2025-07-27,2025-07-27 13:53:00,768.51,768.61,768.51,768.61,0.01,268.44,207899.45,1
2025-07-27,2025-07-27 13:54:00,768.61,768.71,768.61,768.71,0.01,268.44,207899.45,1
2025-07-27,2025-07-27 13:55:00,768.71,768.8,768.71,768.8,0.01,268.44,207899.45,1
2025-07-27,2025-07-27 13:56:00,768.8,768.9,768.8,768.9,0.01,268.44,207899.45,1
2025-07-27,2025-07-27 13:57:00,768.9,768.99,768.9,768.99,0.01,268.44,207899.45,1
2025-07-27,2025-07-27 13:58:00,768.99,769.09,768.99,769.09,0.01,268.44,207899.45,1
2025-07-27,2025-07-27 13:59:00,769.09,769.18,769.09,769.18,0.01,268.44,207899.45,1
2025-07-27,2025-07-27 14:00:00,769.18,769.28,769.18,769.28,0.01,268.44,207899.45,1
2025-07-27,2025-07-27 14:01:00,769.28,769.37,769.28,769.37,0.01,268.44,207899.45,1
2025-07-27,2025-07-27 14:02:00,769.37,769.47,769.37,769.47,0.01,268.44,207899.45,1
2025-07-27,2025-07-27 14:03:00,769.47,769.56,769.47,769.56,0.01,268.44,207899.45,1
2025-07-27,2025-07-27 14:04:00,769.56,769.66,769.56,769.66,0.01,268.44,207899.45,1
2025-07-27,2025-07-27 14:05:00,769.66,769.76,769.66,769.76,0.01,268.44,207899.45,1
2025-07-27,2025-07-27 14:06:00,769.76,769.85,769.76,769.85,0.01,268.44,207899.45,1
2025-07-27,2025-07-27 14:07:00,769.85,769.95,769.85,769.95,0.01,268.44,207899.45,1
2025-07-27,2025-07-27 14:08:00,769.95,770.04,769.95,770.04,0.01,268.44,207899.45,1
2025-07-27,2025-07-27 14:09:00,770.04,770.14,770.04,770.14,0.01,268.44,207899.45,1
2025-07-27,2025-07-27 14:10:00,770.14,770.23,770.14,770.23,0.01,268.44,207899.45,1
2025-07-27,2025-07-27 14:11:00,770.23,770.33,770.23,770.33,0.01,268.44,207899.45,1
2025-07-27,2025-07-27 14:12:00,770.33,770.42,770.33,770.42,0.01,268.44,207899.45,1
2025-07-27,2025-07-27 14:13:00,770.42,770.52,770.42,770.52,0.01,268.44,207899.45,1
2025-07-27,2025-07-27 14:14:00,770.52,770.61,770.52,770.61,0.01,268.44,207899.45,1
2025-07-27,2025-07-27 14:15:00,770.61,770.71,770.61,770.71,0.01,268.44,207899.45,1
2025-07-27,2025-07-27 14:16:00,770.71,770.81,770.71,770.81,0.01,268.44,207899.45,1
2025-07-27,2025-07-27 14:17:00,770.81,770.9,770.81,770.9,0.01,268.44,207899.45,1
2025-07-27,2025-07-27 14:18:00,770.9,771.0,770.9,771.0,0.01,268.44,207899.45,1
2025-07-27,2025-07-27 14:19:00,771.0,771.09,771.0,771.09,0.01,268.44,207899.45,1
2025-07-27,2025-07-27 14:20:00,771.09,771.19,771.09,771.19,0.01,268.44,207899.45,1
2025-07-27,2025-07-27 14:21:00,771.19,771.28,771.19,771.28,0.01,268.44,207899.45,1
2025-07-27,2025-07-27 14:22:00,771.28,771.38,771.28,771.38,0.01,268.44,207899.45,1
2025-07-27,2025-07-27 14:23:00,771.38,771.47,771.38,771.47,0.01,268.44,207899.45,1
2025-07-27,2025-07-27 14:24:00,771.47,771.57,771.47,771.57,0.01,268.44,207899.45,1
2025-07-27,2025-07-27 14:25:00,771.57,771.66,771.57,771.66,0.01,268.44,207899.45,1
2025-07-27,2025-07-27 14:26:00,771.66,771.76,771.66,771.76,0.01,268.44,207899.45,1
2025-07-27,2025-07-27 14:27:00,771.76,771.86,771.76,771.86,0.01,268.44,207899.45,1
2025-07-27,2025-07-27 14:28:00,771.86,771.95,771.86,771.95,0.01,268.44,207899.45,1
2025-07-27,2025-07-27 14:29:00,771.95,772.05,771.95,772.05,0.01,268.44,207899.45,1
2025-07-27,2025-07-27 14:30:00,772.05,772.14,772.05,772.14,0.01,268.44,207899.45,1
2025-07-27,2025-07-27 14:31:00,772.14,772.24,772.14,772.24,0.01,268.44,207899.45,1
2025-07-27,2025-07-27 14:32:00,772.24,772.33,772.24,772.33,0.01,268.44,207899.45,1
2025-07-27,2025-07-27 14:33:00,772.33,772.43,772.33,772.43,0.01,268.44,207899.45,1
2025-07-27,2025-07-27 14:34:00,772.43,772.52,772.43,772.52,0.01,268.44,207899.45,1
2025-07-27,2025-07-27 14:35:00,772.52,772.62,772.52,772.62,0.01,268.44,207899.45,1
2025-07-27,2025-07-27 14:36:00,772.62,772.71,772.62,772.71,0.01,268.44,207899.45,1
2025-07-27,2025-07-27 14:37:00,772.71,772.81,772.71,772.81,0.01,268.44,207899.45,1
2025-07-27,2025-07-27 14:38:00,772.81,772.91,772.81,772.91,0.01,268.44,207899.45,1
2025-07-27,2025-07-27 14:39:00,772.91,773.0,772.91,773.0,0.01,268.44,207899.45,1
2025-07-27,2025-07-27 14:40:00,773.0,773.1,773.0,773.1,0.01,268.44,207899.45,1
2025-07-27,2025-07-27 14:41:00,773.1,773.19,773.1,773.19,0.01,268.44,207899.45,1
2025-07-27,2025-07-27 14:42:00,773.19,773.29,773.19,773.29,0.01,268.44,207899.45,1
2025-07-27,2025-07-27 14:43:00,773.29,773.38,773.29,773.38,0.01,268.44,207899.45,1
2025-07-27,2025-07-27 14:44:00,773.38,773.48,773.38,773.48,0.01,268.44,207899.45,1
2025-07-27,2025-07-27 14:45:00,773.48,773.57,773.48,773.57,0.01,268.44,207899.45,1
2025-07-27,2025-07-27 14:46:00,773.57,773.67,773.57,773.67,0.01,268.44,207899.45,1
2025-07-27,2025-07-27 14:47:00,773.67,773.76,773.67,773.76,0.01,268.44,207899.45,1
2025-07-27,2025-07-27 14:48:00,773.76,773.86,773.76,773.86,0.01,268.44,207899.45,1
2025-07-27,2025-07-27 14:49:00,773.86,773.96,773.86,773.96,0.01,268.44,207899.45,1
2025-07-27,2025-07-27 14:50:00,773.96,774.05,773.96,774.05,0.01,268.44,207899.45,1
2025-07-27,2025-07-27 14:51:00,774.05,774.15,774.05,774.15,0.01,268.44,207899.45,1
2025-07-27,2025-07-27 14:52:00,774.15,774.24,774.15,774.24,0.01,268.44,207899.45,1
2025-07-27,2025-07-27 14:53:00,774.24,774.34,774.24,774.34,0.01,268.44,207899.45,1
2025-07-27,2025-07-27 14:54:00,774.34,774.43,774.34,774.43,0.01,268.44,207899.45,1
2025-07-27,2025-07-27 14:55:00,774.43,774.53,774.43,774.53,0.01,268.44,207899.45,1
2025-07-27,2025-07-27 14:56:00,774.53,774.62,774.53,774.62,0.01,268.44,207899.45,1
2025-07-27,2025-07-27 14:57:00,774.62,774.72,774.62,774.72,0.01,268.44,207899.45,1
2025-07-27,2025-07-27 14:58:00,774.72,774.81,774.72,774.81,0.01,268.44,207899.45,1
2025-07-27,2025-07-27 14:59:00,774.81,774.91,774.81,774.91,0.01,268.44,207899.45,1
2025-07-27,2025-07-27 15:00:00,774.91,800.7,752.0,774.91,0.0,268.44,207899.45,0
2025-07-28,2025-07-28 11:00:00,772.0,783.4,769.96,772.13,0.02,439.48,349066.69,1
2025-07-28,2025-07-28 11:01:00,772.13,772.26,772.13,772.26,0.02,439.48,349066.69,1
2025-07-28,2025-07-28 11:02:00,772.26,772.39,772.26,772.39,0.02,439.48,349066.69,1
2025-07-28,2025-07-28 11:03:00,772.39,772.51,772.39,772.51,0.02,439.48,349066.69,1
2025-07-28,2025-07-28 11:04:00,772.51,772.64,772.51,772.64,0.02,439.48,349066.69,1
2025-07-28,2025-07-28 11:05:00,772.64,772.77,772.64,772.77,0.02,439.48,349066.69,1
2025-07-28,2025-07-28 11:06:00,772.77,772.9,772.77,772.9,0.02,439.48,349066.69,1
2025-07-28,2025-07-28 11:07:00,772.9,773.03,772.9,773.03,0.02,439.48,349066.69,1
2025-07-28,2025-07-28 11:08:00,773.03,773.16,773.03,773.16,0.02,439.48,349066.69,1
2025-07-28,2025-07-28 11:09:00,773.16,773.29,773.16,773.29,0.02,439.48,349066.69,1
2025-07-28,2025-07-28 11:10:00,773.29,773.42,773.29,773.42,0.02,439.48,349066.69,1
2025-07-28,2025-07-28 11:11:00,773.42,773.54,773.42,773.54,0.02,439.48,349066.69,1
2025-07-28,2025-07-28 11:12:00,773.54,773.67,773.54,773.67,0.02,439.48,349066.69,1
2025-07-28,2025-07-28 11:13:00,773.67,773.8,773.67,773.8,0.02,439.48,349066.69,1
2025-07-28,2025-07-28 11:14:00,773.8,773.93,773.8,773.93,0.02,439.48,349066.69,1
2025-07-28,2025-07-28 11:15:00,773.93,774.06,773.93,774.06,0.02,439.48,349066.69,1
2025-07-28,2025-07-28 11:16:00,774.06,774.19,774.06,774.19,0.02,439.48,349066.69,1
2025-07-28,2025-07-28 11:17:00,774.19,774.32,774.19,774.32,0.02,439.48,349066.69,1
2025-07-28,2025-07-28 11:18:00,774.32,774.45,774.32,774.45,0.02,439.48,349066.69,1
2025-07-28,2025-07-28 11:19:00,774.45,774.57,774.45,774.57,0.02,439.48,349066.69,1
2025-07-28,2025-07-28 11:20:00,774.57,774.7,774.57,774.7,0.02,439.48,349066.69,1
2025-07-28,2025-07-28 11:21:00,774.7,774.83,774.7,774.83,0.02,439.48,349066.69,1
2025-07-28,2025-07-28 11:22:00,774.83,774.96,774.83,774.96,0.02,439.48,349066.69,1
2025-07-28,2025-07-28 11:23:00,774.96,775.09,774.96,775.09,0.02,439.48,349066.69,1
2025-07-28,2025-07-28 11:24:00,775.09,775.22,775.09,775.22,0.02,439.48,349066.69,1
2025-07-28,2025-07-28 11:25:00,775.22,775.35,775.22,775.35,0.02,439.48,349066.69,1
2025-07-28,2025-07-28 11:26:00,775.35,775.48,775.35,775.48,0.02,439.48,349066.69,1
2025-07-28,2025-07-28 11:27:00,775.48,775.6,775.48,775.6,0.02,439.48,349066.69,1
2025-07-28,2025-07-28 11:28:00,775.6,775.73,775.6,775.73,0.02,439.48,349066.69,1
2025-07-28,2025-07-28 11:29:00,775.73,775.86,775.73,775.86,0.02,439.48,349066.69,1
2025-07-28,2025-07-28 11:30:00,775.86,775.99,775.86,775.99,0.02,439.48,349066.69,1
2025-07-28,2025-07-28 11:31:00,775.99,776.12,775.99,776.12,0.02,439.48,349066.69,1
2025-07-28,2025-07-28 11:32:00,776.12,776.25,776.12,776.25,0.02,439.48,349066.69,1
2025-07-28,2025-07-28 11:33:00,776.25,776.38,776.25,776.38,0.02,439.48,349066.69,1
2025-07-28,2025-07-28 11:34:00,776.38,776.5,776.38,776.5,0.02,439.48,349066.69,1
2025-07-28,2025-07-28 11:35:00,776.5,776.63,776.5,776.63,0.02,439.48,349066.69,1
2025-07-28,2025-07-28 11:36:00,776.63,776.76,776.63,776.76,0.02,439.48,349066.69,1
2025-07-28,2025-07-28 11:37:00,776.76,776.89,776.76,776.89,0.02,439.48,349066.69,1
2025-07-28,2025-07-28 11:38:00,776.89,777.02,776.89,777.02,0.02,439.48,349066.69,1
2025-07-28,2025-07-28 11:39:00,777.02,777.15,777.02,777.15,0.02,439.48,349066.69,1
2025-07-28,2025-07-28 11:40:00,777.15,777.28,777.15,777.28,0.02,439.48,349066.69,1
2025-07-28,2025-07-28 11:41:00,777.28,777.41,777.28,777.41,0.02,439.48,349066.69,1
2025-07-28,2025-07-28 11:42:00,777.41,777.53,777.41,777.53,0.02,439.48,349066.69,1
2025-07-28,2025-07-28 11:43:00,777.53,777.66,777.53,777.66,0.02,439.48,349066.69,1
2025-07-28,2025-07-28 11:44:00,777.66,777.79,777.66,777.79,0.02,439.48,349066.69,1
2025-07-28,2025-07-28 11:45:00,777.79,777.92,777.79,777.92,0.02,439.48,349066.69,1
2025-07-28,2025-07-28 11:46:00,777.92,778.05,777.92,778.05,0.02,439.48,349066.69,1
2025-07-28,2025-07-28 11:47:00,778.05,778.18,778.05,778.18,0.02,439.48,349066.69,1
2025-07-28,2025-07-28 11:48:00,778.18,778.31,778.18,778.31,0.02,439.48,349066.69,1
2025-07-28,2025-07-28 11:49:00,778.31,778.44,778.31,778.44,0.02,439.48,349066.69,1
2025-07-28,2025-07-28 11:50:00,778.44,778.56,778.44,778.56,0.02,439.48,349066.69,1
2025-07-28,2025-07-28 11:51:00,778.56,778.69,778.56,778.69,0.02,439.48,349066.69,1
2025-07-28,2025-07-28 11:52:00,778.69,778.82,778.69,778.82,0.02,439.48,349066.69,1
2025-07-28,2025-07-28 11:53:00,778.82,778.95,778.82,778.95,0.02,439.48,349066.69,1
2025-07-28,2025-07-28 11:54:00,778.95,779.08,778.95,779.08,0.02,439.48,349066.69,1
2025-07-28,2025-07-28 11:55:00,779.08,779.21,779.08,779.21,0.02,439.48,349066.69,1
2025-07-28,2025-07-28 11:56:00,779.21,779.34,779.21,779.34,0.02,439.48,349066.69,1
2025-07-28,2025-07-28 11:57:00,779.34,779.47,779.34,779.47,0.02,439.48,349066.69,1
2025-07-28,2025-07-28 11:58:00,779.47,779.59,779.47,779.59,0.02,439.48,349066.69,1
2025-07-28,2025-07-28 11:59:00,779.59,779.72,779.59,779.72,0.02,439.48,349066.69,1
2025-07-28,2025-07-28 12:00:00,779.72,779.85,779.72,779.85,0.02,439.48,349066.69,1
2025-07-28,2025-07-28 12:01:00,779.85,779.98,779.85,779.98,0.02,439.48,349066.69,1
2025-07-28,2025-07-28 12:02:00,779.98,780.11,779.98,780.11,0.02,439.48,349066.69,1
2025-07-28,2025-07-28 12:03:00,780.11,780.24,780.11,780.24,0.02,439.48,349066.69,1
2025-07-28,2025-07-28 12:04:00,780.24,780.37,780.24,780.37,0.02,439.48,349066.69,1
2025-07-28,2025-07-28 12:05:00,780.37,780.49,780.37,780.49,0.02,439.48,349066.69,1
2025-07-28,2025-07-28 12:06:00,780.49,780.62,780.49,780.62,0.02,439.48,349066.69,1
2025-07-28,2025-07-28 12:07:00,780.62,780.75,780.62,780.75,0.02,439.48,349066.69,1
2025-07-28,2025-07-28 12:08:00,780.75,780.88,780.75,780.88,0.02,439.48,349066.69,1
2025-07-28,2025-07-28 12:09:00,780.88,781.01,780.88,781.01,0.02,439.48,349066.69,1
2025-07-28,2025-07-28 12:10:00,781.01,781.14,781.01,781.14,0.02,439.48,349066.69,1
2025-07-28,2025-07-28 12:11:00,781.14,781.27,781.14,781.27,0.02,439.48,349066.69,1
2025-07-28,2025-07-28 12:12:00,781.27,781.4,781.27,781.4,0.02,439.48,349066.69,1
2025-07-28,2025-07-28 12:13:00,781.4,781.52,781.4,781.52,0.02,439.48,349066.69,1
2025-07-28,2025-07-28 12:14:00,781.52,781.65,781.52,781.65,0.02,439.48,349066.69,1
2025-07-28,2025-07-28 12:15:00,781.65,781.78,781.65,781.78,0.02,439.48,349066.69,1
2025-07-28,2025-07-28 12:16:00,781.78,781.91,781.78,781.91,0.02,439.48,349066.69,1
2025-07-28,2025-07-28 12:17:00,781.91,782.04,781.91,782.04,0.02,439.48,349066.69,1
2025-07-28,2025-07-28 12:18:00,782.04,782.17,782.04,782.17,0.02,439.48,349066.69,1
2025-07-28,2025-07-28 12:19:00,782.17,782.3,782.17,782.3,0.02,439.48,349066.69,1
2025-07-28,2025-07-28 12:20:00,782.3,782.43,782.3,782.43,0.02,439.48,349066.69,1
2025-07-28,2025-07-28 12:21:00,782.43,782.55,782.43,782.55,0.02,439.48,349066.69,1
2025-07-28,2025-07-28 12:22:00,782.55,782.68,782.55,782.68,0.02,439.48,349066.69,1
2025-07-28,2025-07-28 12:23:00,782.68,782.81,782.68,782.81,0.02,439.48,349066.69,1
2025-07-28,2025-07-28 12:24:00,782.81,782.94,782.81,782.94,0.02,439.48,349066.69,1
2025-07-28,2025-07-28 12:25:00,782.94,783.07,782.94,783.07,0.02,439.48,349066.69,1
2025-07-28,2025-07-28 12:26:00,783.07,783.2,783.07,783.2,0.02,439.48,349066.69,1
2025-07-28,2025-07-28 12:27:00,783.2,783.33,783.2,783.33,0.02,439.48,349066.69,1
2025-07-28,2025-07-28 12:28:00,783.33,783.46,783.33,783.46,0.02,439.48,349066.69,1
2025-07-28,2025-07-28 12:29:00,783.46,783.58,783.46,783.58,0.02,439.48,349066.69,1
2025-07-28,2025-07-28 12:30:00,783.58,783.71,783.58,783.71,0.02,439.48,349066.69,1
2025-07-28,2025-07-28 12:31:00,783.71,783.84,783.71,783.84,0.02,439.48,349066.69,1
2025-07-28,2025-07-28 12:32:00,783.84,783.97,783.84,783.97,0.02,439.48,349066.69,1
2025-07-28,2025-07-28 12:33:00,783.97,784.1,783.97,784.1,0.02,439.48,349066.69,1
2025-07-28,2025-07-28 12:34:00,784.1,784.23,784.1,784.23,0.02,439.48,349066.69,1
2025-07-28,2025-07-28 12:35:00,784.23,784.36,784.23,784.36,0.02,439.48,349066.69,1
2025-07-28,2025-07-28 12:36:00,784.36,784.48,784.36,784.48,0.02,439.48,349066.69,1
2025-07-28,2025-07-28 12:37:00,784.48,784.61,784.48,784.61,0.02,439.48,349066.69,1
2025-07-28,2025-07-28 12:38:00,784.61,784.74,784.61,784.74,0.02,439.48,349066.69,1
2025-07-28,2025-07-28 12:39:00,784.74,784.87,784.74,784.87,0.02,439.48,349066.69,1
2025-07-28,2025-07-28 12:40:00,784.87,785.0,784.87,785.0,0.02,439.48,349066.69,1
2025-07-28,2025-07-28 12:41:00,785.0,785.13,785.0,785.13,0.02,439.48,349066.69,1
2025-07-28,2025-07-28 12:42:00,785.13,785.26,785.13,785.26,0.02,439.48,349066.69,1
2025-07-28,2025-07-28 12:43:00,785.26,785.39,785.26,785.39,0.02,439.48,349066.69,1
2025-07-28,2025-07-28 12:44:00,785.39,785.51,785.39,785.51,0.02,439.48,349066.69,1
2025-07-28,2025-07-28 12:45:00,785.51,785.64,785.51,785.64,0.02,439.48,349066.69,1
2025-07-28,2025-07-28 12:46:00,785.64,785.77,785.64,785.77,0.02,439.48,349066.69,1
2025-07-28,2025-07-28 12:47:00,785.77,785.9,785.77,785.9,0.02,439.48,349066.69,1
2025-07-28,2025-07-28 12:48:00,785.9,786.03,785.9,786.03,0.02,439.48,349066.69,1
2025-07-28,2025-07-28 12:49:00,786.03,786.16,786.03,786.16,0.02,439.48,349066.69,1
2025-07-28,2025-07-28 12:50:00,786.16,786.29,786.16,786.29,0.02,439.48,349066.69,1
2025-07-28,2025-07-28 12:51:00,786.29,786.42,786.29,786.42,0.02,439.48,349066.69,1
2025-07-28,2025-07-28 12:52:00,786.42,786.54,786.42,786.54,0.02,439.48,349066.69,1
2025-07-28,2025-07-28 12:53:00,786.54,786.67,786.54,786.67,0.02,439.48,349066.69,1
2025-07-28,2025-07-28 12:54:00,786.67,786.8,786.67,786.8,0.02,439.48,349066.69,1
2025-07-28,2025-07-28 12:55:00,786.8,786.93,786.8,786.93,0.02,439.48,349066.69,1
2025-07-28,2025-07-28 12:56:00,786.93,787.06,786.93,787.06,0.02,439.48,349066.69,1
2025-07-28,2025-07-28 12:57:00,787.06,787.19,787.06,787.19,0.02,439.48,349066.69,1
2025-07-28,2025-07-28 12:58:00,787.19,787.32,787.19,787.32,0.02,439.48,349066.69,1
2025-07-28,2025-07-28 12:59:00,787.32,787.44,787.32,787.44,0.02,439.48,349066.69,1
2025-07-28,2025-07-28 13:00:00,787.44,810.0,765.2,787.57,0.02,439.48,349066.69,1
2025-07-28,2025-07-28 13:01:00,787.57,787.7,787.57,787.7,0.02,439.48,349066.69,1
2025-07-28,2025-07-28 13:02:00,787.7,787.83,787.7,787.83,0.02,439.48,349066.69,1
2025-07-28,2025-07-28 13:03:00,787.83,787.96,787.83,787.96,0.02,439.48,349066.69,1
2025-07-28,2025-07-28 13:04:00,787.96,788.09,787.96,788.09,0.02,439.48,349066.69,1
2025-07-28,2025-07-28 13:05:00,788.09,788.22,788.09,788.22,0.02,439.48,349066.69,1
2025-07-28,2025-07-28 13:06:00,788.22,788.35,788.22,788.35,0.02,439.48,349066.69,1
2025-07-28,2025-07-28 13:07:00,788.35,788.47,788.35,788.47,0.02,439.48,349066.69,1
2025-07-28,2025-07-28 13:08:00,788.47,788.6,788.47,788.6,0.02,439.48,349066.69,1
2025-07-28,2025-07-28 13:09:00,788.6,788.73,788.6,788.73,0.02,439.48,349066.69,1
2025-07-28,2025-07-28 13:10:00,788.73,788.86,788.73,788.86,0.02,439.48,349066.69,1
2025-07-28,2025-07-28 13:11:00,788.86,788.99,788.86,788.99,0.02,439.48,349066.69,1
2025-07-28,2025-07-28 13:12:00,788.99,789.12,788.99,789.12,0.02,439.48,349066.69,1
2025-07-28,2025-07-28 13:13:00,789.12,789.25,789.12,789.25,0.02,439.48,349066.69,1
2025-07-28,2025-07-28 13:14:00,789.25,789.38,789.25,789.38,0.02,439.48,349066.69,1
2025-07-28,2025-07-28 13:15:00,789.38,789.5,789.38,789.5,0.02,439.48,349066.69,1
2025-07-28,2025-07-28 13:16:00,789.5,789.63,789.5,789.63,0.02,439.48,349066.69,1
2025-07-28,2025-07-28 13:17:00,789.63,789.76,789.63,789.76,0.02,439.48,349066.69,1
2025-07-28,2025-07-28 13:18:00,789.76,789.89,789.76,789.89,0.02,439.48,349066.69,1
2025-07-28,2025-07-28 13:19:00,789.89,790.02,789.89,790.02,0.02,439.48,349066.69,1
2025-07-28,2025-07-28 13:20:00,790.02,790.15,790.02,790.15,0.02,439.48,349066.69,1
2025-07-28,2025-07-28 13:21:00,790.15,790.28,790.15,790.28,0.02,439.48,349066.69,1
2025-07-28,2025-07-28 13:22:00,790.28,790.41,790.28,790.41,0.02,439.48,349066.69,1
2025-07-28,2025-07-28 13:23:00,790.41,790.53,790.41,790.53,0.02,439.48,349066.69,1
2025-07-28,2025-07-28 13:24:00,790.53,790.66,790.53,790.66,0.02,439.48,349066.69,1
2025-07-28,2025-07-28 13:25:00,790.66,790.79,790.66,790.79,0.02,439.48,349066.69,1
2025-07-28,2025-07-28 13:26:00,790.79,790.92,790.79,790.92,0.02,439.48,349066.69,1
2025-07-28,2025-07-28 13:27:00,790.92,791.05,790.92,791.05,0.02,439.48,349066.69,1
2025-07-28,2025-07-28 13:28:00,791.05,791.18,791.05,791.18,0.02,439.48,349066.69,1
2025-07-28,2025-07-28 13:29:00,791.18,791.31,791.18,791.31,0.02,439.48,349066.69,1
2025-07-28,2025-07-28 13:30:00,791.31,791.43,791.31,791.43,0.02,439.48,349066.69,1
2025-07-28,2025-07-28 13:31:00,791.43,791.56,791.43,791.56,0.02,439.48,349066.69,1
2025-07-28,2025-07-28 13:32:00,791.56,791.69,791.56,791.69,0.02,439.48,349066.69,1
2025-07-28,2025-07-28 13:33:00,791.69,791.82,791.69,791.82,0.02,439.48,349066.69,1
2025-07-28,2025-07-28 13:34:00,791.82,791.95,791.82,791.95,0.02,439.48,349066.69,1
2025-07-28,2025-07-28 13:35:00,791.95,792.08,791.95,792.08,0.02,439.48,349066.69,1
2025-07-28,2025-07-28 13:36:00,792.08,792.21,792.08,792.21,0.02,439.48,349066.69,1
2025-07-28,2025-07-28 13:37:00,792.21,792.34,792.21,792.34,0.02,439.48,349066.69,1
2025-07-28,2025-07-28 13:38:00,792.34,792.46,792.34,792.46,0.02,439.48,349066.69,1
2025-07-28,2025-07-28 13:39:00,792.46,792.59,792.46,792.59,0.02,439.48,349066.69,1
2025-07-28,2025-07-28 13:40:00,792.59,792.72,792.59,792.72,0.02,439.48,349066.69,1
2025-07-28,2025-07-28 13:41:00,792.72,792.85,792.72,792.85,0.02,439.48,349066.69,1
2025-07-28,2025-07-28 13:42:00,792.85,792.98,792.85,792.98,0.02,439.48,349066.69,1
2025-07-28,2025-07-28 13:43:00,792.98,793.11,792.98,793.11,0.02,439.48,349066.69,1
2025-07-28,2025-07-28 13:44:00,793.11,793.24,793.11,793.24,0.02,439.48,349066.69,1
2025-07-28,2025-07-28 13:45:00,793.24,793.37,793.24,793.37,0.02,439.48,349066.69,1
2025-07-28,2025-07-28 13:46:00,793.37,793.49,793.37,793.49,0.02,439.48,349066.69,1
2025-07-28,2025-07-28 13:47:00,793.49,793.62,793.49,793.62,0.02,439.48,349066.69,1
2025-07-28,2025-07-28 13:48:00,793.62,793.75,793.62,793.75,0.02,439.48,349066.69,1
2025-07-28,2025-07-28 13:49:00,793.75,793.88,793.75,793.88,0.02,439.48,349066.69,1
2025-07-28,2025-07-28 13:50:00,793.88,794.01,793.88,794.01,0.02,439.48,349066.69,1
2025-07-28,2025-07-28 13:51:00,794.01,794.14,794.01,794.14,0.02,439.48,349066.69,1
2025-07-28,2025-07-28 13:52:00,794.14,794.27,794.14,794.27,0.02,439.48,349066.69,1
2025-07-28,2025-07-28 13:53:00,794.27,794.4,794.27,794.4,0.02,439.48,349066.69,1
2025-07-28,2025-07-28 13:54:00,794.4,794.52,794.4,794.52,0.02,439.48,349066.69,1
2025-07-28,2025-07-28 13:55:00,794.52,794.65,794.52,794.65,0.02,439.48,349066.69,1
2025-07-28,2025-07-28 13:56:00,794.65,794.78,794.65,794.78,0.02,439.48,349066.69,1
2025-07-28,2025-07-28 13:57:00,794.78,794.91,794.78,794.91,0.02,439.48,349066.69,1
2025-07-28,2025-07-28 13:58:00,794.91,795.04,794.91,795.04,0.02,439.48,349066.69,1
2025-07-28,2025-07-28 13:59:00,795.04,795.17,795.04,795.17,0.02,439.48,349066.69,1
2025-07-28,2025-07-28 14:00:00,795.17,795.3,795.17,795.3,0.02,439.48,349066.69,1
2025-07-28,2025-07-28 14:01:00,795.3,795.42,795.3,795.42,0.02,439.48,349066.69,1
2025-07-28,2025-07-28 14:02:00,795.42,795.55,795.42,795.55,0.02,439.48,349066.69,1
2025-07-28,2025-07-28 14:03:00,795.55,795.68,795.55,795.68,0.02,439.48,349066.69,1
2025-07-28,2025-07-28 14:04:00,795.68,795.81,795.68,795.81,0.02,439.48,349066.69,1
2025-07-28,2025-07-28 14:05:00,795.81,795.94,795.81,795.94,0.02,439.48,349066.69,1
2025-07-28,2025-07-28 14:06:00,795.94,796.07,795.94,796.07,0.02,439.48,349066.69,1
2025-07-28,2025-07-28 14:07:00,796.07,796.2,796.07,796.2,0.02,439.48,349066.69,1
2025-07-28,2025-07-28 14:08:00,796.2,796.33,796.2,796.33,0.02,439.48,349066.69,1
2025-07-28,2025-07-28 14:09:00,796.33,796.45,796.33,796.45,0.02,439.48,349066.69,1
2025-07-28,2025-07-28 14:10:00,796.45,796.58,796.45,796.58,0.02,439.48,349066.69,1
2025-07-28,2025-07-28 14:11:00,796.58,796.71,796.58,796.71,0.02,439.48,349066.69,1
2025-07-28,2025-07-28 14:12:00,796.71,796.84,796.71,796.84,0.02,439.48,349066.69,1
2025-07-28,2025-07-28 14:13:00,796.84,796.97,796.84,796.97,0.02,439.48,349066.69,1
2025-07-28,2025-07-28 14:14:00,796.97,797.1,796.97,797.1,0.02,439.48,349066.69,1
2025-07-28,2025-07-28 14:15:00,797.1,797.23,797.1,797.23,0.02,439.48,349066.69,1
2025-07-28,2025-07-28 14:16:00,797.23,797.36,797.23,797.36,0.02,439.48,349066.69,1
2025-07-28,2025-07-28 14:17:00,797.36,797.48,797.36,797.48,0.02,439.48,349066.69,1
2025-07-28,2025-07-28 14:18:00,797.48,797.61,797.48,797.61,0.02,439.48,349066.69,1
2025-07-28,2025-07-28 14:19:00,797.61,797.74,797.61,797.74,0.02,439.48,349066.69,1
2025-07-28,2025-07-28 14:20:00,797.74,797.87,797.74,797.87,0.02,439.48,349066.69,1
2025-07-28,2025-07-28 14:21:00,797.87,798.0,797.87,798.0,0.02,439.48,349066.69,1
2025-07-28,2025-07-28 14:22:00,798.0,798.13,798.0,798.13,0.02,439.48,349066.69,1
2025-07-28,2025-07-28 14:23:00,798.13,798.26,798.13,798.26,0.02,439.48,349066.69,1
2025-07-28,2025-07-28 14:24:00,798.26,798.39,798.26,798.39,0.02,439.48,349066.69,1
2025-07-28,2025-07-28 14:25:00,798.39,798.51,798.39,798.51,0.02,439.48,349066.69,1
2025-07-28,2025-07-28 14:26:00,798.51,798.64,798.51,798.64,0.02,439.48,349066.69,1
2025-07-28,2025-07-28 14:27:00,798.64,798.77,798.64,798.77,0.02,439.48,349066.69,1
2025-07-28,2025-07-28 14:28:00,798.77,798.9,798.77,798.9,0.02,439.48,349066.69,1
2025-07-28,2025-07-28 14:29:00,798.9,799.03,798.9,799.03,0.02,439.48,349066.69,1
2025-07-28,2025-07-28 14:30:00,799.03,799.16,799.03,799.16,0.02,439.48,349066.69,1
2025-07-28,2025-07-28 14:31:00,799.16,799.29,799.16,799.29,0.02,439.48,349066.69,1
2025-07-28,2025-07-28 14:32:00,799.29,799.41,799.29,799.41,0.02,439.48,349066.69,1
2025-07-28,2025-07-28 14:33:00,799.41,799.54,799.41,799.54,0.02,439.48,349066.69,1
2025-07-28,2025-07-28 14:34:00,799.54,799.67,799.54,799.67,0.02,439.48,349066.69,1
2025-07-28,2025-07-28 14:35:00,799.67,799.8,799.67,799.8,0.02,439.48,349066.69,1
2025-07-28,2025-07-28 14:36:00,799.8,799.93,799.8,799.93,0.02,439.48,349066.69,1
2025-07-28,2025-07-28 14:37:00,799.93,800.06,799.93,800.06,0.02,439.48,349066.69,1
2025-07-28,2025-07-28 14:38:00,800.06,800.19,800.06,800.19,0.02,439.48,349066.69,1
2025-07-28,2025-07-28 14:39:00,800.19,800.32,800.19,800.32,0.02,439.48,349066.69,1
2025-07-28,2025-07-28 14:40:00,800.32,800.44,800.32,800.44,0.01,439.48,349066.69,1
2025-07-28,2025-07-28 14:41:00,800.44,800.57,800.44,800.57,0.02,439.48,349066.69,1
2025-07-28,2025-07-28 14:42:00,800.57,800.7,800.57,800.7,0.02,439.48,349066.69,1
2025-07-28,2025-07-28 14:43:00,800.7,800.83,800.7,800.83,0.02,439.48,349066.69,1
2025-07-28,2025-07-28 14:44:00,800.83,800.96,800.83,800.96,0.02,439.48,349066.69,1
2025-07-28,2025-07-28 14:45:00,800.96,801.09,800.96,801.09,0.02,439.48,349066.69,1
2025-07-28,2025-07-28 14:46:00,801.09,801.22,801.09,801.22,0.02,439.48,349066.69,1
2025-07-28,2025-07-28 14:47:00,801.22,801.35,801.22,801.35,0.02,439.48,349066.69,1
2025-07-28,2025-07-28 14:48:00,801.35,801.47,801.35,801.47,0.01,439.48,349066.69,1
2025-07-28,2025-07-28 14:49:00,801.47,801.6,801.47,801.6,0.02,439.48,349066.69,1
2025-07-28,2025-07-28 14:50:00,801.6,801.73,801.6,801.73,0.02,439.48,349066.69,1
2025-07-28,2025-07-28 14:51:00,801.73,801.86,801.73,801.86,0.02,439.48,349066.69,1
2025-07-28,2025-07-28 14:52:00,801.86,801.99,801.86,801.99,0.02,439.48,349066.69,1
2025-07-28,2025-07-28 14:53:00,801.99,802.12,801.99,802.12,0.02,439.48,349066.69,1
2025-07-28,2025-07-28 14:54:00,802.12,802.25,802.12,802.25,0.02,439.48,349066.69,1
2025-07-28,2025-07-28 14:55:00,802.25,802.38,802.25,802.38,0.02,439.48,349066.69,1
2025-07-28,2025-07-28 14:56:00,802.38,802.5,802.38,802.5,0.01,439.48,349066.69,1
2025-07-28,2025-07-28 14:57:00,802.5,802.63,802.5,802.63,0.02,439.48,349066.69,1
2025-07-28,2025-07-28 14:58:00,802.63,802.76,802.63,802.76,0.02,439.48,349066.69,1
2025-07-28,2025-07-28 14:59:00,802.76,802.89,802.76,802.89,0.02,439.48,349066.69,1
2025-07-28,2025-07-28 15:00:00,802.89,810.0,765.2,802.89,0.0,439.48,349066.69,0
2025-07-29,2025-07-29 11:00:00,806.0,816.95,806.0,806.07,0.01,389.85,322214.73,1
2025-07-29,2025-07-29 11:01:00,806.07,806.14,806.07,806.14,0.01,389.85,322214.73,1
2025-07-29,2025-07-29 11:02:00,806.14,806.21,806.14,806.21,0.01,389.85,322214.73,1
2025-07-29,2025-07-29 11:03:00,806.21,806.27,806.21,806.27,0.01,389.85,322214.73,1
2025-07-29,2025-07-29 11:04:00,806.27,806.34,806.27,806.34,0.01,389.85,322214.73,1
2025-07-29,2025-07-29 11:05:00,806.34,806.41,806.34,806.41,0.01,389.85,322214.73,1
2025-07-29,2025-07-29 11:06:00,806.41,806.48,806.41,806.48,0.01,389.85,322214.73,1
2025-07-29,2025-07-29 11:07:00,806.48,806.55,806.48,806.55,0.01,389.85,322214.73,1
2025-07-29,2025-07-29 11:08:00,806.55,806.62,806.55,806.62,0.01,389.85,322214.73,1
2025-07-29,2025-07-29 11:09:00,806.62,806.69,806.62,806.69,0.01,389.85,322214.73,1
2025-07-29,2025-07-29 11:10:00,806.69,806.76,806.69,806.76,0.01,389.85,322214.73,1
2025-07-29,2025-07-29 11:11:00,806.76,806.83,806.76,806.83,0.01,389.85,322214.73,1
2025-07-29,2025-07-29 11:12:00,806.83,806.89,806.83,806.89,0.01,389.85,322214.73,1
2025-07-29,2025-07-29 11:13:00,806.89,806.96,806.89,806.96,0.01,389.85,322214.73,1
2025-07-29,2025-07-29 11:14:00,806.96,807.03,806.96,807.03,0.01,389.85,322214.73,1
2025-07-29,2025-07-29 11:15:00,807.03,807.1,807.03,807.1,0.01,389.85,322214.73,1
2025-07-29,2025-07-29 11:16:00,807.1,807.17,807.1,807.17,0.01,389.85,322214.73,1
2025-07-29,2025-07-29 11:17:00,807.17,807.24,807.17,807.24,0.01,389.85,322214.73,1
2025-07-29,2025-07-29 11:18:00,807.24,807.31,807.24,807.31,0.01,389.85,322214.73,1
2025-07-29,2025-07-29 11:19:00,807.31,807.38,807.31,807.38,0.01,389.85,322214.73,1
2025-07-29,2025-07-29 11:20:00,807.38,807.44,807.38,807.44,0.01,389.85,322214.73,1
2025-07-29,2025-07-29 11:21:00,807.44,807.51,807.44,807.51,0.01,389.85,322214.73,1
2025-07-29,2025-07-29 11:22:00,807.51,807.58,807.51,807.58,0.01,389.85,322214.73,1
2025-07-29,2025-07-29 11:23:00,807.58,807.65,807.58,807.65,0.01,389.85,322214.73,1
2025-07-29,2025-07-29 11:24:00,807.65,807.72,807.65,807.72,0.01,389.85,322214.73,1
2025-07-29,2025-07-29 11:25:00,807.72,807.79,807.72,807.79,0.01,389.85,322214.73,1
2025-07-29,2025-07-29 11:26:00,807.79,807.86,807.79,807.86,0.01,389.85,322214.73,1
2025-07-29,2025-07-29 11:27:00,807.86,807.92,807.86,807.92,0.01,389.85,322214.73,1
2025-07-29,2025-07-29 11:28:00,807.92,807.99,807.92,807.99,0.01,389.85,322214.73,1
2025-07-29,2025-07-29 11:29:00,807.99,808.06,807.99,808.06,0.01,389.85,322214.73,1
2025-07-29,2025-07-29 11:30:00,808.06,808.13,808.06,808.13,0.01,389.85,322214.73,1
2025-07-29,2025-07-29 11:31:00,808.13,808.2,808.13,808.2,0.01,389.85,322214.73,1
2025-07-29,2025-07-29 11:32:00,808.2,808.27,808.2,808.27,0.01,389.85,322214.73,1
2025-07-29,2025-07-29 11:33:00,808.27,808.34,808.27,808.34,0.01,389.85,322214.73,1
2025-07-29,2025-07-29 11:34:00,808.34,808.41,808.34,808.41,0.01,389.85,322214.73,1
2025-07-29,2025-07-29 11:35:00,808.41,808.48,808.41,808.48,0.01,389.85,322214.73,1
2025-07-29,2025-07-29 11:36:00,808.48,808.54,808.48,808.54,0.01,389.85,322214.73,1
2025-07-29,2025-07-29 11:37:00,808.54,808.61,808.54,808.61,0.01,389.85,322214.73,1
2025-07-29,2025-07-29 11:38:00,808.61,808.68,808.61,808.68,0.01,389.85,322214.73,1
2025-07-29,2025-07-29 11:39:00,808.68,808.75,808.68,808.75,0.01,389.85,322214.73,1
2025-07-29,2025-07-29 11:40:00,808.75,808.82,808.75,808.82,0.01,389.85,322214.73,1
2025-07-29,2025-07-29 11:41:00,808.82,808.89,808.82,808.89,0.01,389.85,322214.73,1
2025-07-29,2025-07-29 11:42:00,808.89,808.96,808.89,808.96,0.01,389.85,322214.73,1
2025-07-29,2025-07-29 11:43:00,808.96,809.02,808.96,809.02,0.01,389.85,322214.73,1
2025-07-29,2025-07-29 11:44:00,809.02,809.09,809.02,809.09,0.01,389.85,322214.73,1
2025-07-29,2025-07-29 11:45:00,809.09,809.16,809.09,809.16,0.01,389.85,322214.73,1
2025-07-29,2025-07-29 11:46:00,809.16,809.23,809.16,809.23,0.01,389.85,322214.73,1
2025-07-29,2025-07-29 11:47:00,809.23,809.3,809.23,809.3,0.01,389.85,322214.73,1
2025-07-29,2025-07-29 11:48:00,809.3,809.37,809.3,809.37,0.01,389.85,322214.73,1
2025-07-29,2025-07-29 11:49:00,809.37,809.44,809.37,809.44,0.01,389.85,322214.73,1
2025-07-29,2025-07-29 11:50:00,809.44,809.51,809.44,809.51,0.01,389.85,322214.73,1
2025-07-29,2025-07-29 11:51:00,809.51,809.58,809.51,809.58,0.01,389.85,322214.73,1
2025-07-29,2025-07-29 11:52:00,809.58,809.64,809.58,809.64,0.01,389.85,322214.73,1
2025-07-29,2025-07-29 11:53:00,809.64,809.71,809.64,809.71,0.01,389.85,322214.73,1
2025-07-29,2025-07-29 11:54:00,809.71,809.78,809.71,809.78,0.01,389.85,322214.73,1
2025-07-29,2025-07-29 11:55:00,809.78,809.85,809.78,809.85,0.01,389.85,322214.73,1
2025-07-29,2025-07-29 11:56:00,809.85,809.92,809.85,809.92,0.01,389.85,322214.73,1
2025-07-29,2025-07-29 11:57:00,809.92,809.99,809.92,809.99,0.01,389.85,322214.73,1
2025-07-29,2025-07-29 11:58:00,809.99,810.06,809.99,810.06,0.01,389.85,322214.73,1
2025-07-29,2025-07-29 11:59:00,810.06,810.12,810.06,810.12,0.01,389.85,322214.73,1
2025-07-29,2025-07-29 12:00:00,810.12,810.19,810.12,810.19,0.01,389.85,322214.73,1
2025-07-29,2025-07-29 12:01:00,810.19,810.26,810.19,810.26,0.01,389.85,322214.73,1
2025-07-29,2025-07-29 12:02:00,810.26,810.33,810.26,810.33,0.01,389.85,322214.73,1
2025-07-29,2025-07-29 12:03:00,810.33,810.4,810.33,810.4,0.01,389.85,322214.73,1
2025-07-29,2025-07-29 12:04:00,810.4,810.47,810.4,810.47,0.01,389.85,322214.73,1
2025-07-29,2025-07-29 12:05:00,810.47,810.54,810.47,810.54,0.01,389.85,322214.73,1
2025-07-29,2025-07-29 12:06:00,810.54,810.61,810.54,810.61,0.01,389.85,322214.73,1
2025-07-29,2025-07-29 12:07:00,810.61,810.67,810.61,810.67,0.01,389.85,322214.73,1
2025-07-29,2025-07-29 12:08:00,810.67,810.74,810.67,810.74,0.01,389.85,322214.73,1
2025-07-29,2025-07-29 12:09:00,810.74,810.81,810.74,810.81,0.01,389.85,322214.73,1
2025-07-29,2025-07-29 12:10:00,810.81,810.88,810.81,810.88,0.01,389.85,322214.73,1
2025-07-29,2025-07-29 12:11:00,810.88,810.95,810.88,810.95,0.01,389.85,322214.73,1
2025-07-29,2025-07-29 12:12:00,810.95,811.02,810.95,811.02,0.01,389.85,322214.73,1
2025-07-29,2025-07-29 12:13:00,811.02,811.09,811.02,811.09,0.01,389.85,322214.73,1
2025-07-29,2025-07-29 12:14:00,811.09,811.16,811.09,811.16,0.01,389.85,322214.73,1
2025-07-29,2025-07-29 12:15:00,811.16,811.23,811.16,811.23,0.01,389.85,322214.73,1
2025-07-29,2025-07-29 12:16:00,811.23,811.29,811.23,811.29,0.01,389.85,322214.73,1
2025-07-29,2025-07-29 12:17:00,811.29,811.36,811.29,811.36,0.01,389.85,322214.73,1
2025-07-29,2025-07-29 12:18:00,811.36,811.43,811.36,811.43,0.01,389.85,322214.73,1
2025-07-29,2025-07-29 12:19:00,811.43,811.5,811.43,811.5,0.01,389.85,322214.73,1
2025-07-29,2025-07-29 12:20:00,811.5,811.57,811.5,811.57,0.01,389.85,322214.73,1
2025-07-29,2025-07-29 12:21:00,811.57,811.64,811.57,811.64,0.01,389.85,322214.73,1
2025-07-29,2025-07-29 12:22:00,811.64,811.71,811.64,811.71,0.01,389.85,322214.73,1
2025-07-29,2025-07-29 12:23:00,811.71,811.77,811.71,811.77,0.01,389.85,322214.73,1
2025-07-29,2025-07-29 12:24:00,811.77,811.84,811.77,811.84,0.01,389.85,322214.73,1
2025-07-29,2025-07-29 12:25:00,811.84,811.91,811.84,811.91,0.01,389.85,322214.73,1
2025-07-29,2025-07-29 12:26:00,811.91,811.98,811.91,811.98,0.01,389.85,322214.73,1
2025-07-29,2025-07-29 12:27:00,811.98,812.05,811.98,812.05,0.01,389.85,322214.73,1
2025-07-29,2025-07-29 12:28:00,812.05,812.12,812.05,812.12,0.01,389.85,322214.73,1
2025-07-29,2025-07-29 12:29:00,812.12,812.19,812.12,812.19,0.01,389.85,322214.73,1
2025-07-29,2025-07-29 12:30:00,812.19,812.26,812.19,812.26,0.01,389.85,322214.73,1
2025-07-29,2025-07-29 12:31:00,812.26,812.33,812.26,812.33,0.01,389.85,322214.73,1
2025-07-29,2025-07-29 12:32:00,812.33,812.39,812.33,812.39,0.01,389.85,322214.73,1
2025-07-29,2025-07-29 12:33:00,812.39,812.46,812.39,812.46,0.01,389.85,322214.73,1
2025-07-29,2025-07-29 12:34:00,812.46,812.53,812.46,812.53,0.01,389.85,322214.73,1
2025-07-29,2025-07-29 12:35:00,812.53,812.6,812.53,812.6,0.01,389.85,322214.73,1
2025-07-29,2025-07-29 12:36:00,812.6,812.67,812.6,812.67,0.01,389.85,322214.73,1
2025-07-29,2025-07-29 12:37:00,812.67,812.74,812.67,812.74,0.01,389.85,322214.73,1
2025-07-29,2025-07-29 12:38:00,812.74,812.81,812.74,812.81,0.01,389.85,322214.73,1
2025-07-29,2025-07-29 12:39:00,812.81,812.88,812.81,812.88,0.01,389.85,322214.73,1
2025-07-29,2025-07-29 12:40:00,812.88,812.94,812.88,812.94,0.01,389.85,322214.73,1
2025-07-29,2025-07-29 12:41:00,812.94,813.01,812.94,813.01,0.01,389.85,322214.73,1
2025-07-29,2025-07-29 12:42:00,813.01,813.08,813.01,813.08,0.01,389.85,322214.73,1
2025-07-29,2025-07-29 12:43:00,813.08,813.15,813.08,813.15,0.01,389.85,322214.73,1
2025-07-29,2025-07-29 12:44:00,813.15,813.22,813.15,813.22,0.01,389.85,322214.73,1
2025-07-29,2025-07-29 12:45:00,813.22,813.29,813.22,813.29,0.01,389.85,322214.73,1
2025-07-29,2025-07-29 12:46:00,813.29,813.36,813.29,813.36,0.01,389.85,322214.73,1
2025-07-29,2025-07-29 12:47:00,813.36,813.42,813.36,813.42,0.01,389.85,322214.73,1
2025-07-29,2025-07-29 12:48:00,813.42,813.49,813.42,813.49,0.01,389.85,322214.73,1
2025-07-29,2025-07-29 12:49:00,813.49,813.56,813.49,813.56,0.01,389.85,322214.73,1
2025-07-29,2025-07-29 12:50:00,813.56,813.63,813.56,813.63,0.01,389.85,322214.73,1
2025-07-29,2025-07-29 12:51:00,813.63,813.7,813.63,813.7,0.01,389.85,322214.73,1
2025-07-29,2025-07-29 12:52:00,813.7,813.77,813.7,813.77,0.01,389.85,322214.73,1
2025-07-29,2025-07-29 12:53:00,813.77,813.84,813.77,813.84,0.01,389.85,322214.73,1
2025-07-29,2025-07-29 12:54:00,813.84,813.91,813.84,813.91,0.01,389.85,322214.73,1
2025-07-29,2025-07-29 12:55:00,813.91,813.98,813.91,813.98,0.01,389.85,322214.73,1
2025-07-29,2025-07-29 12:56:00,813.98,814.04,813.98,814.04,0.01,389.85,322214.73,1
2025-07-29,2025-07-29 12:57:00,814.04,814.11,814.04,814.11,0.01,389.85,322214.73,1
2025-07-29,2025-07-29 12:58:00,814.11,814.18,814.11,814.18,0.01,389.85,322214.73,1
2025-07-29,2025-07-29 12:59:00,814.18,814.25,814.18,814.25,0.01,389.85,322214.73,1
2025-07-29,2025-07-29 13:00:00,814.25,842.5,806.0,814.32,0.01,389.85,322214.73,1
2025-07-29,2025-07-29 13:01:00,814.32,814.39,814.32,814.39,0.01,389.85,322214.73,1
2025-07-29,2025-07-29 13:02:00,814.39,814.46,814.39,814.46,0.01,389.85,322214.73,1
2025-07-29,2025-07-29 13:03:00,814.46,814.52,814.46,814.52,0.01,389.85,322214.73,1
2025-07-29,2025-07-29 13:04:00,814.52,814.59,814.52,814.59,0.01,389.85,322214.73,1
2025-07-29,2025-07-29 13:05:00,814.59,814.66,814.59,814.66,0.01,389.85,322214.73,1
2025-07-29,2025-07-29 13:06:00,814.66,814.73,814.66,814.73,0.01,389.85,322214.73,1
2025-07-29,2025-07-29 13:07:00,814.73,814.8,814.73,814.8,0.01,389.85,322214.73,1
2025-07-29,2025-07-29 13:08:00,814.8,814.87,814.8,814.87,0.01,389.85,322214.73,1
2025-07-29,2025-07-29 13:09:00,814.87,814.94,814.87,814.94,0.01,389.85,322214.73,1
2025-07-29,2025-07-29 13:10:00,814.94,815.01,814.94,815.01,0.01,389.85,322214.73,1
2025-07-29,2025-07-29 13:11:00,815.01,815.08,815.01,815.08,0.01,389.85,322214.73,1
2025-07-29,2025-07-29 13:12:00,815.08,815.14,815.08,815.14,0.01,389.85,322214.73,1
2025-07-29,2025-07-29 13:13:00,815.14,815.21,815.14,815.21,0.01,389.85,322214.73,1
2025-07-29,2025-07-29 13:14:00,815.21,815.28,815.21,815.28,0.01,389.85,322214.73,1
2025-07-29,2025-07-29 13:15:00,815.28,815.35,815.28,815.35,0.01,389.85,322214.73,1
2025-07-29,2025-07-29 13:16:00,815.35,815.42,815.35,815.42,0.01,389.85,322214.73,1
2025-07-29,2025-07-29 13:17:00,815.42,815.49,815.42,815.49,0.01,389.85,322214.73,1
2025-07-29,2025-07-29 13:18:00,815.49,815.56,815.49,815.56,0.01,389.85,322214.73,1
2025-07-29,2025-07-29 13:19:00,815.56,815.62,815.56,815.62,0.01,389.85,322214.73,1
2025-07-29,2025-07-29 13:20:00,815.62,815.69,815.62,815.69,0.01,389.85,322214.73,1
2025-07-29,2025-07-29 13:21:00,815.69,815.76,815.69,815.76,0.01,389.85,322214.73,1
2025-07-29,2025-07-29 13:22:00,815.76,815.83,815.76,815.83,0.01,389.85,322214.73,1
2025-07-29,2025-07-29 13:23:00,815.83,815.9,815.83,815.9,0.01,389.85,322214.73,1
2025-07-29,2025-07-29 13:24:00,815.9,815.97,815.9,815.97,0.01,389.85,322214.73,1
2025-07-29,2025-07-29 13:25:00,815.97,816.04,815.97,816.04,0.01,389.85,322214.73,1
2025-07-29,2025-07-29 13:26:00,816.04,816.11,816.04,816.11,0.01,389.85,322214.73,1
2025-07-29,2025-07-29 13:27:00,816.11,816.17,816.11,816.17,0.01,389.85,322214.73,1
2025-07-29,2025-07-29 13:28:00,816.17,816.24,816.17,816.24,0.01,389.85,322214.73,1
2025-07-29,2025-07-29 13:29:00,816.24,816.31,816.24,816.31,0.01,389.85,322214.73,1
2025-07-29,2025-07-29 13:30:00,816.31,816.38,816.31,816.38,0.01,389.85,322214.73,1
2025-07-29,2025-07-29 13:31:00,816.38,816.45,816.38,816.45,0.01,389.85,322214.73,1
2025-07-29,2025-07-29 13:32:00,816.45,816.52,816.45,816.52,0.01,389.85,322214.73,1
2025-07-29,2025-07-29 13:33:00,816.52,816.59,816.52,816.59,0.01,389.85,322214.73,1
2025-07-29,2025-07-29 13:34:00,816.59,816.66,816.59,816.66,0.01,389.85,322214.73,1
2025-07-29,2025-07-29 13:35:00,816.66,816.73,816.66,816.73,0.01,389.85,322214.73,1
2025-07-29,2025-07-29 13:36:00,816.73,816.79,816.73,816.79,0.01,389.85,322214.73,1
2025-07-29,2025-07-29 13:37:00,816.79,816.86,816.79,816.86,0.01,389.85,322214.73,1
2025-07-29,2025-07-29 13:38:00,816.86,816.93,816.86,816.93,0.01,389.85,322214.73,1
2025-07-29,2025-07-29 13:39:00,816.93,817.0,816.93,817.0,0.01,389.85,322214.73,1
2025-07-29,2025-07-29 13:40:00,817.0,817.07,817.0,817.07,0.01,389.85,322214.73,1
2025-07-29,2025-07-29 13:41:00,817.07,817.14,817.07,817.14,0.01,389.85,322214.73,1
2025-07-29,2025-07-29 13:42:00,817.14,817.21,817.14,817.21,0.01,389.85,322214.73,1
2025-07-29,2025-07-29 13:43:00,817.21,817.27,817.21,817.27,0.01,389.85,322214.73,1
2025-07-29,2025-07-29 13:44:00,817.27,817.34,817.27,817.34,0.01,389.85,322214.73,1
2025-07-29,2025-07-29 13:45:00,817.34,817.41,817.34,817.41,0.01,389.85,322214.73,1
2025-07-29,2025-07-29 13:46:00,817.41,817.48,817.41,817.48,0.01,389.85,322214.73,1
2025-07-29,2025-07-29 13:47:00,817.48,817.55,817.48,817.55,0.01,389.85,322214.73,1
2025-07-29,2025-07-29 13:48:00,817.55,817.62,817.55,817.62,0.01,389.85,322214.73,1
2025-07-29,2025-07-29 13:49:00,817.62,817.69,817.62,817.69,0.01,389.85,322214.73,1
2025-07-29,2025-07-29 13:50:00,817.69,817.76,817.69,817.76,0.01,389.85,322214.73,1
2025-07-29,2025-07-29 13:51:00,817.76,817.83,817.76,817.83,0.01,389.85,322214.73,1
2025-07-29,2025-07-29 13:52:00,817.83,817.89,817.83,817.89,0.01,389.85,322214.73,1
2025-07-29,2025-07-29 13:53:00,817.89,817.96,817.89,817.96,0.01,389.85,322214.73,1
2025-07-29,2025-07-29 13:54:00,817.96,818.03,817.96,818.03,0.01,389.85,322214.73,1
2025-07-29,2025-07-29 13:55:00,818.03,818.1,818.03,818.1,0.01,389.85,322214.73,1
2025-07-29,2025-07-29 13:56:00,818.1,818.17,818.1,818.17,0.01,389.85,322214.73,1
2025-07-29,2025-07-29 13:57:00,818.17,818.24,818.17,818.24,0.01,389.85,322214.73,1
2025-07-29,2025-07-29 13:58:00,818.24,818.31,818.24,818.31,0.01,389.85,322214.73,1
2025-07-29,2025-07-29 13:59:00,818.31,818.38,818.31,818.38,0.01,389.85,322214.73,1
2025-07-29,2025-07-29 14:00:00,818.38,818.44,818.38,818.44,0.01,389.85,322214.73,1
2025-07-29,2025-07-29 14:01:00,818.44,818.51,818.44,818.51,0.01,389.85,322214.73,1
2025-07-29,2025-07-29 14:02:00,818.51,818.58,818.51,818.58,0.01,389.85,322214.73,1
2025-07-29,2025-07-29 14:03:00,818.58,818.65,818.58,818.65,0.01,389.85,322214.73,1
2025-07-29,2025-07-29 14:04:00,818.65,818.72,818.65,818.72,0.01,389.85,322214.73,1
2025-07-29,2025-07-29 14:05:00,818.72,818.79,818.72,818.79,0.01,389.85,322214.73,1
2025-07-29,2025-07-29 14:06:00,818.79,818.86,818.79,818.86,0.01,389.85,322214.73,1
2025-07-29,2025-07-29 14:07:00,818.86,818.92,818.86,818.92,0.01,389.85,322214.73,1
2025-07-29,2025-07-29 14:08:00,818.92,818.99,818.92,818.99,0.01,389.85,322214.73,1
2025-07-29,2025-07-29 14:09:00,818.99,819.06,818.99,819.06,0.01,389.85,322214.73,1
2025-07-29,2025-07-29 14:10:00,819.06,819.13,819.06,819.13,0.01,389.85,322214.73,1
2025-07-29,2025-07-29 14:11:00,819.13,819.2,819.13,819.2,0.01,389.85,322214.73,1
2025-07-29,2025-07-29 14:12:00,819.2,819.27,819.2,819.27,0.01,389.85,322214.73,1
2025-07-29,2025-07-29 14:13:00,819.27,819.34,819.27,819.34,0.01,389.85,322214.73,1
2025-07-29,2025-07-29 14:14:00,819.34,819.41,819.34,819.41,0.01,389.85,322214.73,1
2025-07-29,2025-07-29 14:15:00,819.41,819.48,819.41,819.48,0.01,389.85,322214.73,1
2025-07-29,2025-07-29 14:16:00,819.48,819.54,819.48,819.54,0.01,389.85,322214.73,1
2025-07-29,2025-07-29 14:17:00,819.54,819.61,819.54,819.61,0.01,389.85,322214.73,1
2025-07-29,2025-07-29 14:18:00,819.61,819.68,819.61,819.68,0.01,389.85,322214.73,1
2025-07-29,2025-07-29 14:19:00,819.68,819.75,819.68,819.75,0.01,389.85,322214.73,1
2025-07-29,2025-07-29 14:20:00,819.75,819.82,819.75,819.82,0.01,389.85,322214.73,1
2025-07-29,2025-07-29 14:21:00,819.82,819.89,819.82,819.89,0.01,389.85,322214.73,1
2025-07-29,2025-07-29 14:22:00,819.89,819.96,819.89,819.96,0.01,389.85,322214.73,1
2025-07-29,2025-07-29 14:23:00,819.96,820.02,819.96,820.02,0.01,389.85,322214.73,1
2025-07-29,2025-07-29 14:24:00,820.02,820.09,820.02,820.09,0.01,389.85,322214.73,1
2025-07-29,2025-07-29 14:25:00,820.09,820.16,820.09,820.16,0.01,389.85,322214.73,1
2025-07-29,2025-07-29 14:26:00,820.16,820.23,820.16,820.23,0.01,389.85,322214.73,1
2025-07-29,2025-07-29 14:27:00,820.23,820.3,820.23,820.3,0.01,389.85,322214.73,1
2025-07-29,2025-07-29 14:28:00,820.3,820.37,820.3,820.37,0.01,389.85,322214.73,1
2025-07-29,2025-07-29 14:29:00,820.37,820.44,820.37,820.44,0.01,389.85,322214.73,1
2025-07-29,2025-07-29 14:30:00,820.44,820.51,820.44,820.51,0.01,389.85,322214.73,1
2025-07-29,2025-07-29 14:31:00,820.51,820.58,820.51,820.58,0.01,389.85,322214.73,1
2025-07-29,2025-07-29 14:32:00,820.58,820.64,820.58,820.64,0.01,389.85,322214.73,1
2025-07-29,2025-07-29 14:33:00,820.64,820.71,820.64,820.71,0.01,389.85,322214.73,1
2025-07-29,2025-07-29 14:34:00,820.71,820.78,820.71,820.78,0.01,389.85,322214.73,1
2025-07-29,2025-07-29 14:35:00,820.78,820.85,820.78,820.85,0.01,389.85,322214.73,1
2025-07-29,2025-07-29 14:36:00,820.85,820.92,820.85,820.92,0.01,389.85,322214.73,1
2025-07-29,2025-07-29 14:37:00,820.92,820.99,820.92,820.99,0.01,389.85,322214.73,1
2025-07-29,2025-07-29 14:38:00,820.99,821.06,820.99,821.06,0.01,389.85,322214.73,1
2025-07-29,2025-07-29 14:39:00,821.06,821.12,821.06,821.12,0.01,389.85,322214.73,1
2025-07-29,2025-07-29 14:40:00,821.12,821.19,821.12,821.19,0.01,389.85,322214.73,1
2025-07-29,2025-07-29 14:41:00,821.19,821.26,821.19,821.26,0.01,389.85,322214.73,1
2025-07-29,2025-07-29 14:42:00,821.26,821.33,821.26,821.33,0.01,389.85,322214.73,1
2025-07-29,2025-07-29 14:43:00,821.33,821.4,821.33,821.4,0.01,389.85,322214.73,1
2025-07-29,2025-07-29 14:44:00,821.4,821.47,821.4,821.47,0.01,389.85,322214.73,1
2025-07-29,2025-07-29 14:45:00,821.47,821.54,821.47,821.54,0.01,389.85,322214.73,1
2025-07-29,2025-07-29 14:46:00,821.54,821.61,821.54,821.61,0.01,389.85,322214.73,1
2025-07-29,2025-07-29 14:47:00,821.61,821.67,821.61,821.67,0.01,389.85,322214.73,1
2025-07-29,2025-07-29 14:48:00,821.67,821.74,821.67,821.74,0.01,389.85,322214.73,1
2025-07-29,2025-07-29 14:49:00,821.74,821.81,821.74,821.81,0.01,389.85,322214.73,1
2025-07-29,2025-07-29 14:50:00,821.81,821.88,821.81,821.88,0.01,389.85,322214.73,1
2025-07-29,2025-07-29 14:51:00,821.88,821.95,821.88,821.95,0.01,389.85,322214.73,1
2025-07-29,2025-07-29 14:52:00,821.95,822.02,821.95,822.02,0.01,389.85,322214.73,1
2025-07-29,2025-07-29 14:53:00,822.02,822.09,822.02,822.09,0.01,389.85,322214.73,1
2025-07-29,2025-07-29 14:54:00,822.09,822.16,822.09,822.16,0.01,389.85,322214.73,1
2025-07-29,2025-07-29 14:55:00,822.16,822.23,822.16,822.23,0.01,389.85,322214.73,1
2025-07-29,2025-07-29 14:56:00,822.23,822.29,822.23,822.29,0.01,389.85,322214.73,1
2025-07-29,2025-07-29 14:57:00,822.29,822.36,822.29,822.36,0.01,389.85,322214.73,1
2025-07-29,2025-07-29 14:58:00,822.36,822.43,822.36,822.43,0.01,389.85,322214.73,1
2025-07-29,2025-07-29 14:59:00,822.43,822.5,822.43,822.5,0.01,389.85,322214.73,1
2025-07-29,2025-07-29 15:00:00,822.5,842.5,806.0,822.5,0.0,389.85,322214.73,0
2025-07-30,2025-07-30 11:00:00,838.9,848.83,823.48,838.96,0.01,322.88,263279.73,1
2025-07-30,2025-07-30 11:01:00,838.96,839.03,838.96,839.03,0.01,322.88,263279.73,1
2025-07-30,2025-07-30 11:02:00,839.03,839.09,839.03,839.09,0.01,322.88,263279.73,1
2025-07-30,2025-07-30 11:03:00,839.09,839.15,839.09,839.15,0.01,322.88,263279.73,1
2025-07-30,2025-07-30 11:04:00,839.15,839.21,839.15,839.21,0.01,322.88,263279.73,1
2025-07-30,2025-07-30 11:05:00,839.21,839.28,839.21,839.28,0.01,322.88,263279.73,1
2025-07-30,2025-07-30 11:06:00,839.28,839.34,839.28,839.34,0.01,322.88,263279.73,1
2025-07-30,2025-07-30 11:07:00,839.34,839.4,839.34,839.4,0.01,322.88,263279.73,1
2025-07-30,2025-07-30 11:08:00,839.4,839.46,839.4,839.46,0.01,322.88,263279.73,1
2025-07-30,2025-07-30 11:09:00,839.46,839.53,839.46,839.53,0.01,322.88,263279.73,1
2025-07-30,2025-07-30 11:10:00,839.53,839.59,839.53,839.59,0.01,322.88,263279.73,1
2025-07-30,2025-07-30 11:11:00,839.59,839.65,839.59,839.65,0.01,322.88,263279.73,1
2025-07-30,2025-07-30 11:12:00,839.65,839.72,839.65,839.72,0.01,322.88,263279.73,1
2025-07-30,2025-07-30 11:13:00,839.72,839.78,839.72,839.78,0.01,322.88,263279.73,1
2025-07-30,2025-07-30 11:14:00,839.78,839.84,839.78,839.84,0.01,322.88,263279.73,1
2025-07-30,2025-07-30 11:15:00,839.84,839.9,839.84,839.9,0.01,322.88,263279.73,1
2025-07-30,2025-07-30 11:16:00,839.9,839.97,839.9,839.97,0.01,322.88,263279.73,1
2025-07-30,2025-07-30 11:17:00,839.97,840.03,839.97,840.03,0.01,322.88,263279.73,1
2025-07-30,2025-07-30 11:18:00,840.03,840.09,840.03,840.09,0.01,322.88,263279.73,1
2025-07-30,2025-07-30 11:19:00,840.09,840.15,840.09,840.15,0.01,322.88,263279.73,1
2025-07-30,2025-07-30 11:20:00,840.15,840.22,840.15,840.22,0.01,322.88,263279.73,1
2025-07-30,2025-07-30 11:21:00,840.22,840.28,840.22,840.28,0.01,322.88,263279.73,1
2025-07-30,2025-07-30 11:22:00,840.28,840.34,840.28,840.34,0.01,322.88,263279.73,1
2025-07-30,2025-07-30 11:23:00,840.34,840.4,840.34,840.4,0.01,322.88,263279.73,1
2025-07-30,2025-07-30 11:24:00,840.4,840.47,840.4,840.47,0.01,322.88,263279.73,1
2025-07-30,2025-07-30 11:25:00,840.47,840.53,840.47,840.53,0.01,322.88,263279.73,1
2025-07-30,2025-07-30 11:26:00,840.53,840.59,840.53,840.59,0.01,322.88,263279.73,1
2025-07-30,2025-07-30 11:27:00,840.59,840.66,840.59,840.66,0.01,322.88,263279.73,1
2025-07-30,2025-07-30 11:28:00,840.66,840.72,840.66,840.72,0.01,322.88,263279.73,1
2025-07-30,2025-07-30 11:29:00,840.72,840.78,840.72,840.78,0.01,322.88,263279.73,1
2025-07-30,2025-07-30 11:30:00,840.78,840.84,840.78,840.84,0.01,322.88,263279.73,1
2025-07-30,2025-07-30 11:31:00,840.84,840.91,840.84,840.91,0.01,322.88,263279.73,1
2025-07-30,2025-07-30 11:32:00,840.91,840.97,840.91,840.97,0.01,322.88,263279.73,1
2025-07-30,2025-07-30 11:33:00,840.97,841.03,840.97,841.03,0.01,322.88,263279.73,1
2025-07-30,2025-07-30 11:34:00,841.03,841.09,841.03,841.09,0.01,322.88,263279.73,1
2025-07-30,2025-07-30 11:35:00,841.09,841.16,841.09,841.16,0.01,322.88,263279.73,1
2025-07-30,2025-07-30 11:36:00,841.16,841.22,841.16,841.22,0.01,322.88,263279.73,1
2025-07-30,2025-07-30 11:37:00,841.22,841.28,841.22,841.28,0.01,322.88,263279.73,1
2025-07-30,2025-07-30 11:38:00,841.28,841.35,841.28,841.35,0.01,322.88,263279.73,1
2025-07-30,2025-07-30 11:39:00,841.35,841.41,841.35,841.41,0.01,322.88,263279.73,1
2025-07-30,2025-07-30 11:40:00,841.41,841.47,841.41,841.47,0.01,322.88,263279.73,1
2025-07-30,2025-07-30 11:41:00,841.47,841.53,841.47,841.53,0.01,322.88,263279.73,1
2025-07-30,2025-07-30 11:42:00,841.53,841.6,841.53,841.6,0.01,322.88,263279.73,1
2025-07-30,2025-07-30 11:43:00,841.6,841.66,841.6,841.66,0.01,322.88,263279.73,1
2025-07-30,2025-07-30 11:44:00,841.66,841.72,841.66,841.72,0.01,322.88,263279.73,1
2025-07-30,2025-07-30 11:45:00,841.72,841.78,841.72,841.78,0.01,322.88,263279.73,1
2025-07-30,2025-07-30 11:46:00,841.78,841.85,841.78,841.85,0.01,322.88,263279.73,1
2025-07-30,2025-07-30 11:47:00,841.85,841.91,841.85,841.91,0.01,322.88,263279.73,1
2025-07-30,2025-07-30 11:48:00,841.91,841.97,841.91,841.97,0.01,322.88,263279.73,1
2025-07-30,2025-07-30 11:49:00,841.97,842.04,841.97,842.04,0.01,322.88,263279.73,1
2025-07-30,2025-07-30 11:50:00,842.04,842.1,842.04,842.1,0.01,322.88,263279.73,1
2025-07-30,2025-07-30 11:51:00,842.1,842.16,842.1,842.16,0.01,322.88,263279.73,1
2025-07-30,2025-07-30 11:52:00,842.16,842.22,842.16,842.22,0.01,322.88,263279.73,1
2025-07-30,2025-07-30 11:53:00,842.22,842.29,842.22,842.29,0.01,322.88,263279.73,1
2025-07-30,2025-07-30 11:54:00,842.29,842.35,842.29,842.35,0.01,322.88,263279.73,1
2025-07-30,2025-07-30 11:55:00,842.35,842.41,842.35,842.41,0.01,322.88,263279.73,1
2025-07-30,2025-07-30 11:56:00,842.41,842.47,842.41,842.47,0.01,322.88,263279.73,1
2025-07-30,2025-07-30 11:57:00,842.47,842.54,842.47,842.54,0.01,322.88,263279.73,1
2025-07-30,2025-07-30 11:58:00,842.54,842.6,842.54,842.6,0.01,322.88,263279.73,1
2025-07-30,2025-07-30 11:59:00,842.6,842.66,842.6,842.66,0.01,322.88,263279.73,1
2025-07-30,2025-07-30 12:00:00,842.66,842.73,842.66,842.73,0.01,322.88,263279.73,1
2025-07-30,2025-07-30 12:01:00,842.73,842.79,842.73,842.79,0.01,322.88,263279.73,1
2025-07-30,2025-07-30 12:02:00,842.79,842.85,842.79,842.85,0.01,322.88,263279.73,1
2025-07-30,2025-07-30 12:03:00,842.85,842.91,842.85,842.91,0.01,322.88,263279.73,1
2025-07-30,2025-07-30 12:04:00,842.91,842.98,842.91,842.98,0.01,322.88,263279.73,1
2025-07-30,2025-07-30 12:05:00,842.98,843.04,842.98,843.04,0.01,322.88,263279.73,1
2025-07-30,2025-07-30 12:06:00,843.04,843.1,843.04,843.1,0.01,322.88,263279.73,1
2025-07-30,2025-07-30 12:07:00,843.1,843.16,843.1,843.16,0.01,322.88,263279.73,1
2025-07-30,2025-07-30 12:08:00,843.16,843.23,843.16,843.23,0.01,322.88,263279.73,1
2025-07-30,2025-07-30 12:09:00,843.23,843.29,843.23,843.29,0.01,322.88,263279.73,1
2025-07-30,2025-07-30 12:10:00,843.29,843.35,843.29,843.35,0.01,322.88,263279.73,1
2025-07-30,2025-07-30 12:11:00,843.35,843.41,843.35,843.41,0.01,322.88,263279.73,1
2025-07-30,2025-07-30 12:12:00,843.41,843.48,843.41,843.48,0.01,322.88,263279.73,1
2025-07-30,2025-07-30 12:13:00,843.48,843.54,843.48,843.54,0.01,322.88,263279.73,1
2025-07-30,2025-07-30 12:14:00,843.54,843.6,843.54,843.6,0.01,322.88,263279.73,1
2025-07-30,2025-07-30 12:15:00,843.6,843.67,843.6,843.67,0.01,322.88,263279.73,1
2025-07-30,2025-07-30 12:16:00,843.67,843.73,843.67,843.73,0.01,322.88,263279.73,1
2025-07-30,2025-07-30 12:17:00,843.73,843.79,843.73,843.79,0.01,322.88,263279.73,1
2025-07-30,2025-07-30 12:18:00,843.79,843.85,843.79,843.85,0.01,322.88,263279.73,1
2025-07-30,2025-07-30 12:19:00,843.85,843.92,843.85,843.92,0.01,322.88,263279.73,1
2025-07-30,2025-07-30 12:20:00,843.92,843.98,843.92,843.98,0.01,322.88,263279.73,1
2025-07-30,2025-07-30 12:21:00,843.98,844.04,843.98,844.04,0.01,322.88,263279.73,1
2025-07-30,2025-07-30 12:22:00,844.04,844.1,844.04,844.1,0.01,322.88,263279.73,1
2025-07-30,2025-07-30 12:23:00,844.1,844.17,844.1,844.17,0.01,322.88,263279.73,1
2025-07-30,2025-07-30 12:24:00,844.17,844.23,844.17,844.23,0.01,322.88,263279.73,1
2025-07-30,2025-07-30 12:25:00,844.23,844.29,844.23,844.29,0.01,322.88,263279.73,1
2025-07-30,2025-07-30 12:26:00,844.29,844.36,844.29,844.36,0.01,322.88,263279.73,1
2025-07-30,2025-07-30 12:27:00,844.36,844.42,844.36,844.42,0.01,322.88,263279.73,1
2025-07-30,2025-07-30 12:28:00,844.42,844.48,844.42,844.48,0.01,322.88,263279.73,1
2025-07-30,2025-07-30 12:29:00,844.48,844.54,844.48,844.54,0.01,322.88,263279.73,1
2025-07-30,2025-07-30 12:30:00,844.54,844.61,844.54,844.61,0.01,322.88,263279.73,1
2025-07-30,2025-07-30 12:31:00,844.61,844.67,844.61,844.67,0.01,322.88,263279.73,1
2025-07-30,2025-07-30 12:32:00,844.67,844.73,844.67,844.73,0.01,322.88,263279.73,1
2025-07-30,2025-07-30 12:33:00,844.73,844.79,844.73,844.79,0.01,322.88,263279.73,1
2025-07-30,2025-07-30 12:34:00,844.79,844.86,844.79,844.86,0.01,322.88,263279.73,1
2025-07-30,2025-07-30 12:35:00,844.86,844.92,844.86,844.92,0.01,322.88,263279.73,1
2025-07-30,2025-07-30 12:36:00,844.92,844.98,844.92,844.98,0.01,322.88,263279.73,1
2025-07-30,2025-07-30 12:37:00,844.98,845.05,844.98,845.05,0.01,322.88,263279.73,1
2025-07-30,2025-07-30 12:38:00,845.05,845.11,845.05,845.11,0.01,322.88,263279.73,1
2025-07-30,2025-07-30 12:39:00,845.11,845.17,845.11,845.17,0.01,322.88,263279.73,1
2025-07-30,2025-07-30 12:40:00,845.17,845.23,845.17,845.23,0.01,322.88,263279.73,1
2025-07-30,2025-07-30 12:41:00,845.23,845.3,845.23,845.3,0.01,322.88,263279.73,1
2025-07-30,2025-07-30 12:42:00,845.3,845.36,845.3,845.36,0.01,322.88,263279.73,1
2025-07-30,2025-07-30 12:43:00,845.36,845.42,845.36,845.42,0.01,322.88,263279.73,1
2025-07-30,2025-07-30 12:44:00,845.42,845.48,845.42,845.48,0.01,322.88,263279.73,1
2025-07-30,2025-07-30 12:45:00,845.48,845.55,845.48,845.55,0.01,322.88,263279.73,1
2025-07-30,2025-07-30 12:46:00,845.55,845.61,845.55,845.61,0.01,322.88,263279.73,1
2025-07-30,2025-07-30 12:47:00,845.61,845.67,845.61,845.67,0.01,322.88,263279.73,1
2025-07-30,2025-07-30 12:48:00,845.67,845.74,845.67,845.74,0.01,322.88,263279.73,1
2025-07-30,2025-07-30 12:49:00,845.74,845.8,845.74,845.8,0.01,322.88,263279.73,1
2025-07-30,2025-07-30 12:50:00,845.8,845.86,845.8,845.86,0.01,322.88,263279.73,1
2025-07-30,2025-07-30 12:51:00,845.86,845.92,845.86,845.92,0.01,322.88,263279.73,1
2025-07-30,2025-07-30 12:52:00,845.92,845.99,845.92,845.99,0.01,322.88,263279.73,1
2025-07-30,2025-07-30 12:53:00,845.99,846.05,845.99,846.05,0.01,322.88,263279.73,1
2025-07-30,2025-07-30 12:54:00,846.05,846.11,846.05,846.11,0.01,322.88,263279.73,1
2025-07-30,2025-07-30 12:55:00,846.11,846.17,846.11,846.17,0.01,322.88,263279.73,1
2025-07-30,2025-07-30 12:56:00,846.17,846.24,846.17,846.24,0.01,322.88,263279.73,1
2025-07-30,2025-07-30 12:57:00,846.24,846.3,846.24,846.3,0.01,322.88,263279.73,1
2025-07-30,2025-07-30 12:58:00,846.3,846.36,846.3,846.36,0.01,322.88,263279.73,1
2025-07-30,2025-07-30 12:59:00,846.36,846.42,846.36,846.42,0.01,322.88,263279.73,1
2025-07-30,2025-07-30 13:00:00,846.42,872.0,787.5,846.49,0.01,322.88,263279.73,1
2025-07-30,2025-07-30 13:01:00,846.49,846.55,846.49,846.55,0.01,322.88,263279.73,1
2025-07-30,2025-07-30 13:02:00,846.55,846.61,846.55,846.61,0.01,322.88,263279.73,1
2025-07-30,2025-07-30 13:03:00,846.61,846.68,846.61,846.68,0.01,322.88,263279.73,1
2025-07-30,2025-07-30 13:04:00,846.68,846.74,846.68,846.74,0.01,322.88,263279.73,1
2025-07-30,2025-07-30 13:05:00,846.74,846.8,846.74,846.8,0.01,322.88,263279.73,1
2025-07-30,2025-07-30 13:06:00,846.8,846.86,846.8,846.86,0.01,322.88,263279.73,1
2025-07-30,2025-07-30 13:07:00,846.86,846.93,846.86,846.93,0.01,322.88,263279.73,1
2025-07-30,2025-07-30 13:08:00,846.93,846.99,846.93,846.99,0.01,322.88,263279.73,1
2025-07-30,2025-07-30 13:09:00,846.99,847.05,846.99,847.05,0.01,322.88,263279.73,1
2025-07-30,2025-07-30 13:10:00,847.05,847.11,847.05,847.11,0.01,322.88,263279.73,1
2025-07-30,2025-07-30 13:11:00,847.11,847.18,847.11,847.18,0.01,322.88,263279.73,1
2025-07-30,2025-07-30 13:12:00,847.18,847.24,847.18,847.24,0.01,322.88,263279.73,1
2025-07-30,2025-07-30 13:13:00,847.24,847.3,847.24,847.3,0.01,322.88,263279.73,1
2025-07-30,2025-07-30 13:14:00,847.3,847.37,847.3,847.37,0.01,322.88,263279.73,1
2025-07-30,2025-07-30 13:15:00,847.37,847.43,847.37,847.43,0.01,322.88,263279.73,1
2025-07-30,2025-07-30 13:16:00,847.43,847.49,847.43,847.49,0.01,322.88,263279.73,1
2025-07-30,2025-07-30 13:17:00,847.49,847.55,847.49,847.55,0.01,322.88,263279.73,1
2025-07-30,2025-07-30 13:18:00,847.55,847.62,847.55,847.62,0.01,322.88,263279.73,1
2025-07-30,2025-07-30 13:19:00,847.62,847.68,847.62,847.68,0.01,322.88,263279.73,1
2025-07-30,2025-07-30 13:20:00,847.68,847.74,847.68,847.74,0.01,322.88,263279.73,1
2025-07-30,2025-07-30 13:21:00,847.74,847.8,847.74,847.8,0.01,322.88,263279.73,1
2025-07-30,2025-07-30 13:22:00,847.8,847.87,847.8,847.87,0.01,322.88,263279.73,1
2025-07-30,2025-07-30 13:23:00,847.87,847.93,847.87,847.93,0.01,322.88,263279.73,1
2025-07-30,2025-07-30 13:24:00,847.93,847.99,847.93,847.99,0.01,322.88,263279.73,1
2025-07-30,2025-07-30 13:25:00,847.99,848.06,847.99,848.06,0.01,322.88,263279.73,1
2025-07-30,2025-07-30 13:26:00,848.06,848.12,848.06,848.12,0.01,322.88,263279.73,1
2025-07-30,2025-07-30 13:27:00,848.12,848.18,848.12,848.18,0.01,322.88,263279.73,1
2025-07-30,2025-07-30 13:28:00,848.18,848.24,848.18,848.24,0.01,322.88,263279.73,1
2025-07-30,2025-07-30 13:29:00,848.24,848.31,848.24,848.31,0.01,322.88,263279.73,1
2025-07-30,2025-07-30 13:30:00,848.31,848.37,848.31,848.37,0.01,322.88,263279.73,1
2025-07-30,2025-07-30 13:31:00,848.37,848.43,848.37,848.43,0.01,322.88,263279.73,1
2025-07-30,2025-07-30 13:32:00,848.43,848.49,848.43,848.49,0.01,322.88,263279.73,1
2025-07-30,2025-07-30 13:33:00,848.49,848.56,848.49,848.56,0.01,322.88,263279.73,1
2025-07-30,2025-07-30 13:34:00,848.56,848.62,848.56,848.62,0.01,322.88,263279.73,1
2025-07-30,2025-07-30 13:35:00,848.62,848.68,848.62,848.68,0.01,322.88,263279.73,1
2025-07-30,2025-07-30 13:36:00,848.68,848.75,848.68,848.75,0.01,322.88,263279.73,1
2025-07-30,2025-07-30 13:37:00,848.75,848.81,848.75,848.81,0.01,322.88,263279.73,1
2025-07-30,2025-07-30 13:38:00,848.81,848.87,848.81,848.87,0.01,322.88,263279.73,1
2025-07-30,2025-07-30 13:39:00,848.87,848.93,848.87,848.93,0.01,322.88,263279.73,1
2025-07-30,2025-07-30 13:40:00,848.93,849.0,848.93,849.0,0.01,322.88,263279.73,1
2025-07-30,2025-07-30 13:41:00,849.0,849.06,849.0,849.06,0.01,322.88,263279.73,1
2025-07-30,2025-07-30 13:42:00,849.06,849.12,849.06,849.12,0.01,322.88,263279.73,1
2025-07-30,2025-07-30 13:43:00,849.12,849.18,849.12,849.18,0.01,322.88,263279.73,1
2025-07-30,2025-07-30 13:44:00,849.18,849.25,849.18,849.25,0.01,322.88,263279.73,1
2025-07-30,2025-07-30 13:45:00,849.25,849.31,849.25,849.31,0.01,322.88,263279.73,1
2025-07-30,2025-07-30 13:46:00,849.31,849.37,849.31,849.37,0.01,322.88,263279.73,1
2025-07-30,2025-07-30 13:47:00,849.37,849.44,849.37,849.44,0.01,322.88,263279.73,1
2025-07-30,2025-07-30 13:48:00,849.44,849.5,849.44,849.5,0.01,322.88,263279.73,1
2025-07-30,2025-07-30 13:49:00,849.5,849.56,849.5,849.56,0.01,322.88,263279.73,1
2025-07-30,2025-07-30 13:50:00,849.56,849.62,849.56,849.62,0.01,322.88,263279.73,1
2025-07-30,2025-07-30 13:51:00,849.62,849.69,849.62,849.69,0.01,322.88,263279.73,1
2025-07-30,2025-07-30 13:52:00,849.69,849.75,849.69,849.75,0.01,322.88,263279.73,1
2025-07-30,2025-07-30 13:53:00,849.75,849.81,849.75,849.81,0.01,322.88,263279.73,1
2025-07-30,2025-07-30 13:54:00,849.81,849.87,849.81,849.87,0.01,322.88,263279.73,1
2025-07-30,2025-07-30 13:55:00,849.87,849.94,849.87,849.94,0.01,322.88,263279.73,1
2025-07-30,2025-07-30 13:56:00,849.94,850.0,849.94,850.0,0.01,322.88,263279.73,1
2025-07-30,2025-07-30 13:57:00,850.0,850.06,850.0,850.06,0.01,322.88,263279.73,1
2025-07-30,2025-07-30 13:58:00,850.06,850.12,850.06,850.12,0.01,322.88,263279.73,1
2025-07-30,2025-07-30 13:59:00,850.12,850.19,850.12,850.19,0.01,322.88,263279.73,1
2025-07-30,2025-07-30 14:00:00,850.19,850.25,850.19,850.25,0.01,322.88,263279.73,1
2025-07-30,2025-07-30 14:01:00,850.25,850.31,850.25,850.31,0.01,322.88,263279.73,1
2025-07-30,2025-07-30 14:02:00,850.31,850.38,850.31,850.38,0.01,322.88,263279.73,1
2025-07-30,2025-07-30 14:03:00,850.38,850.44,850.38,850.44,0.01,322.88,263279.73,1
2025-07-30,2025-07-30 14:04:00,850.44,850.5,850.44,850.5,0.01,322.88,263279.73,1
2025-07-30,2025-07-30 14:05:00,850.5,850.56,850.5,850.56,0.01,322.88,263279.73,1
2025-07-30,2025-07-30 14:06:00,850.56,850.63,850.56,850.63,0.01,322.88,263279.73,1
2025-07-30,2025-07-30 14:07:00,850.63,850.69,850.63,850.69,0.01,322.88,263279.73,1
2025-07-30,2025-07-30 14:08:00,850.69,850.75,850.69,850.75,0.01,322.88,263279.73,1
2025-07-30,2025-07-30 14:09:00,850.75,850.81,850.75,850.81,0.01,322.88,263279.73,1
2025-07-30,2025-07-30 14:10:00,850.81,850.88,850.81,850.88,0.01,322.88,263279.73,1
2025-07-30,2025-07-30 14:11:00,850.88,850.94,850.88,850.94,0.01,322.88,263279.73,1
2025-07-30,2025-07-30 14:12:00,850.94,851.0,850.94,851.0,0.01,322.88,263279.73,1
2025-07-30,2025-07-30 14:13:00,851.0,851.07,851.0,851.07,0.01,322.88,263279.73,1
2025-07-30,2025-07-30 14:14:00,851.07,851.13,851.07,851.13,0.01,322.88,263279.73,1
2025-07-30,2025-07-30 14:15:00,851.13,851.19,851.13,851.19,0.01,322.88,263279.73,1
2025-07-30,2025-07-30 14:16:00,851.19,851.25,851.19,851.25,0.01,322.88,263279.73,1
2025-07-30,2025-07-30 14:17:00,851.25,851.32,851.25,851.32,0.01,322.88,263279.73,1
2025-07-30,2025-07-30 14:18:00,851.32,851.38,851.32,851.38,0.01,322.88,263279.73,1
2025-07-30,2025-07-30 14:19:00,851.38,851.44,851.38,851.44,0.01,322.88,263279.73,1
2025-07-30,2025-07-30 14:20:00,851.44,851.5,851.44,851.5,0.01,322.88,263279.73,1
2025-07-30,2025-07-30 14:21:00,851.5,851.57,851.5,851.57,0.01,322.88,263279.73,1
2025-07-30,2025-07-30 14:22:00,851.57,851.63,851.57,851.63,0.01,322.88,263279.73,1
2025-07-30,2025-07-30 14:23:00,851.63,851.69,851.63,851.69,0.01,322.88,263279.73,1
2025-07-30,2025-07-30 14:24:00,851.69,851.76,851.69,851.76,0.01,322.88,263279.73,1
2025-07-30,2025-07-30 14:25:00,851.76,851.82,851.76,851.82,0.01,322.88,263279.73,1
2025-07-30,2025-07-30 14:26:00,851.82,851.88,851.82,851.88,0.01,322.88,263279.73,1
2025-07-30,2025-07-30 14:27:00,851.88,851.94,851.88,851.94,0.01,322.88,263279.73,1
2025-07-30,2025-07-30 14:28:00,851.94,852.01,851.94,852.01,0.01,322.88,263279.73,1
2025-07-30,2025-07-30 14:29:00,852.01,852.07,852.01,852.07,0.01,322.88,263279.73,1
2025-07-30,2025-07-30 14:30:00,852.07,852.13,852.07,852.13,0.01,322.88,263279.73,1
2025-07-30,2025-07-30 14:31:00,852.13,852.19,852.13,852.19,0.01,322.88,263279.73,1
2025-07-30,2025-07-30 14:32:00,852.19,852.26,852.19,852.26,0.01,322.88,263279.73,1
2025-07-30,2025-07-30 14:33:00,852.26,852.32,852.26,852.32,0.01,322.88,263279.73,1
2025-07-30,2025-07-30 14:34:00,852.32,852.38,852.32,852.38,0.01,322.88,263279.73,1
2025-07-30,2025-07-30 14:35:00,852.38,852.45,852.38,852.45,0.01,322.88,263279.73,1
2025-07-30,2025-07-30 14:36:00,852.45,852.51,852.45,852.51,0.01,322.88,263279.73,1
2025-07-30,2025-07-30 14:37:00,852.51,852.57,852.51,852.57,0.01,322.88,263279.73,1
2025-07-30,2025-07-30 14:38:00,852.57,852.63,852.57,852.63,0.01,322.88,263279.73,1
2025-07-30,2025-07-30 14:39:00,852.63,852.7,852.63,852.7,0.01,322.88,263279.73,1
2025-07-30,2025-07-30 14:40:00,852.7,852.76,852.7,852.76,0.01,322.88,263279.73,1
2025-07-30,2025-07-30 14:41:00,852.76,852.82,852.76,852.82,0.01,322.88,263279.73,1
2025-07-30,2025-07-30 14:42:00,852.82,852.88,852.82,852.88,0.01,322.88,263279.73,1
2025-07-30,2025-07-30 14:43:00,852.88,852.95,852.88,852.95,0.01,322.88,263279.73,1
2025-07-30,2025-07-30 14:44:00,852.95,853.01,852.95,853.01,0.01,322.88,263279.73,1
2025-07-30,2025-07-30 14:45:00,853.01,853.07,853.01,853.07,0.01,322.88,263279.73,1
2025-07-30,2025-07-30 14:46:00,853.07,853.13,853.07,853.13,0.01,322.88,263279.73,1
2025-07-30,2025-07-30 14:47:00,853.13,853.2,853.13,853.2,0.01,322.88,263279.73,1
2025-07-30,2025-07-30 14:48:00,853.2,853.26,853.2,853.26,0.01,322.88,263279.73,1
2025-07-30,2025-07-30 14:49:00,853.26,853.32,853.26,853.32,0.01,322.88,263279.73,1
2025-07-30,2025-07-30 14:50:00,853.32,853.39,853.32,853.39,0.01,322.88,263279.73,1
2025-07-30,2025-07-30 14:51:00,853.39,853.45,853.39,853.45,0.01,322.88,263279.73,1
2025-07-30,2025-07-30 14:52:00,853.45,853.51,853.45,853.51,0.01,322.88,263279.73,1
2025-07-30,2025-07-30 14:53:00,853.51,853.57,853.51,853.57,0.01,322.88,263279.73,1
2025-07-30,2025-07-30 14:54:00,853.57,853.64,853.57,853.64,0.01,322.88,263279.73,1
2025-07-30,2025-07-30 14:55:00,853.64,853.7,853.64,853.7,0.01,322.88,263279.73,1
2025-07-30,2025-07-30 14:56:00,853.7,853.76,853.7,853.76,0.01,322.88,263279.73,1
2025-07-30,2025-07-30 14:57:00,853.76,853.82,853.76,853.82,0.01,322.88,263279.73,1
2025-07-30,2025-07-30 14:58:00,853.82,853.89,853.82,853.89,0.01,322.88,263279.73,1
2025-07-30,2025-07-30 14:59:00,853.89,853.95,853.89,853.95,0.01,322.88,263279.73,1
2025-07-30,2025-07-30 15:00:00,853.95,872.0,787.5,853.95,0.0,322.88,263279.73,0
2025-07-31,2025-07-31 11:00:00,836.9,836.9,819.23,836.72,-0.02,71.26,56803.05,-1
2025-07-31,2025-07-31 11:01:00,836.72,836.72,836.54,836.54,-0.02,71.26,56803.05,-1
2025-07-31,2025-07-31 11:02:00,836.54,836.54,836.36,836.36,-0.02,71.26,56803.05,-1
2025-07-31,2025-07-31 11:03:00,836.36,836.36,836.17,836.17,-0.02,71.26,56803.05,-1
2025-07-31,2025-07-31 11:04:00,836.17,836.17,835.99,835.99,-0.02,71.26,56803.05,-1
2025-07-31,2025-07-31 11:05:00,835.99,835.99,835.81,835.81,-0.02,71.26,56803.05,-1
2025-07-31,2025-07-31 11:06:00,835.81,835.81,835.63,835.63,-0.02,71.26,56803.05,-1
2025-07-31,2025-07-31 11:07:00,835.63,835.63,835.45,835.45,-0.02,71.26,56803.05,-1
2025-07-31,2025-07-31 11:08:00,835.45,835.45,835.26,835.26,-0.02,71.26,56803.05,-1
2025-07-31,2025-07-31 11:09:00,835.26,835.26,835.08,835.08,-0.02,71.26,56803.05,-1
2025-07-31,2025-07-31 11:10:00,835.08,835.08,834.9,834.9,-0.02,71.26,56803.05,-1
2025-07-31,2025-07-31 11:11:00,834.9,834.9,834.72,834.72,-0.02,71.26,56803.05,-1
2025-07-31,2025-07-31 11:12:00,834.72,834.72,834.54,834.54,-0.02,71.26,56803.05,-1
2025-07-31,2025-07-31 11:13:00,834.54,834.54,834.36,834.36,-0.02,71.26,56803.05,-1
2025-07-31,2025-07-31 11:14:00,834.36,834.36,834.17,834.17,-0.02,71.26,56803.05,-1
2025-07-31,2025-07-31 11:15:00,834.17,834.17,833.99,833.99,-0.02,71.26,56803.05,-1
2025-07-31,2025-07-31 11:16:00,833.99,833.99,833.81,833.81,-0.02,71.26,56803.05,-1
2025-07-31,2025-07-31 11:17:00,833.81,833.81,833.63,833.63,-0.02,71.26,56803.05,-1
2025-07-31,2025-07-31 11:18:00,833.63,833.63,833.45,833.45,-0.02,71.26,56803.05,-1
2025-07-31,2025-07-31 11:19:00,833.45,833.45,833.27,833.27,-0.02,71.26,56803.05,-1
2025-07-31,2025-07-31 11:20:00,833.27,833.27,833.08,833.08,-0.02,71.26,56803.05,-1
2025-07-31,2025-07-31 11:21:00,833.08,833.08,832.9,832.9,-0.02,71.26,56803.05,-1
2025-07-31,2025-07-31 11:22:00,832.9,832.9,832.72,832.72,-0.02,71.26,56803.05,-1
2025-07-31,2025-07-31 11:23:00,832.72,832.72,832.54,832.54,-0.02,71.26,56803.05,-1
2025-07-31,2025-07-31 11:24:00,832.54,832.54,832.36,832.36,-0.02,71.26,56803.05,-1
2025-07-31,2025-07-31 11:25:00,832.36,832.36,832.18,832.18,-0.02,71.26,56803.05,-1
2025-07-31,2025-07-31 11:26:00,832.18,832.18,832.0,832.0,-0.02,71.26,56803.05,-1
2025-07-31,2025-07-31 11:27:00,832.0,832.0,831.81,831.81,-0.02,71.26,56803.05,-1
2025-07-31,2025-07-31 11:28:00,831.81,831.81,831.63,831.63,-0.02,71.26,56803.05,-1
2025-07-31,2025-07-31 11:29:00,831.63,831.63,831.45,831.45,-0.02,71.26,56803.05,-1
2025-07-31,2025-07-31 11:30:00,831.45,831.45,831.27,831.27,-0.02,71.26,56803.05,-1
2025-07-31,2025-07-31 11:31:00,831.27,831.27,831.09,831.09,-0.02,71.26,56803.05,-1
2025-07-31,2025-07-31 11:32:00,831.09,831.09,830.9,830.9,-0.02,71.26,56803.05,-1
2025-07-31,2025-07-31 11:33:00,830.9,830.9,830.72,830.72,-0.02,71.26,56803.05,-1
2025-07-31,2025-07-31 11:34:00,830.72,830.72,830.54,830.54,-0.02,71.26,56803.05,-1
2025-07-31,2025-07-31 11:35:00,830.54,830.54,830.36,830.36,-0.02,71.26,56803.05,-1
2025-07-31,2025-07-31 11:36:00,830.36,830.36,830.18,830.18,-0.02,71.26,56803.05,-1
2025-07-31,2025-07-31 11:37:00,830.18,830.18,830.0,830.0,-0.02,71.26,56803.05,-1
2025-07-31,2025-07-31 11:38:00,830.0,830.0,829.81,829.81,-0.02,71.26,56803.05,-1
2025-07-31,2025-07-31 11:39:00,829.81,829.81,829.63,829.63,-0.02,71.26,56803.05,-1
2025-07-31,2025-07-31 11:40:00,829.63,829.63,829.45,829.45,-0.02,71.26,56803.05,-1
2025-07-31,2025-07-31 11:41:00,829.45,829.45,829.27,829.27,-0.02,71.26,56803.05,-1
2025-07-31,2025-07-31 11:42:00,829.27,829.27,829.09,829.09,-0.02,71.26,56803.05,-1
2025-07-31,2025-07-31 11:43:00,829.09,829.09,828.91,828.91,-0.02,71.26,56803.05,-1
2025-07-31,2025-07-31 11:44:00,828.91,828.91,828.73,828.73,-0.02,71.26,56803.05,-1
2025-07-31,2025-07-31 11:45:00,828.73,828.73,828.54,828.54,-0.02,71.26,56803.05,-1
2025-07-31,2025-07-31 11:46:00,828.54,828.54,828.36,828.36,-0.02,71.26,56803.05,-1
2025-07-31,2025-07-31 11:47:00,828.36,828.36,828.18,828.18,-0.02,71.26,56803.05,-1
2025-07-31,2025-07-31 11:48:00,828.18,828.18,828.0,828.0,-0.02,71.26,56803.05,-1
2025-07-31,2025-07-31 11:49:00,828.0,828.0,827.82,827.82,-0.02,71.26,56803.05,-1
2025-07-31,2025-07-31 11:50:00,827.82,827.82,827.63,827.63,-0.02,71.26,56803.05,-1
2025-07-31,2025-07-31 11:51:00,827.63,827.63,827.45,827.45,-0.02,71.26,56803.05,-1
2025-07-31,2025-07-31 11:52:00,827.45,827.45,827.27,827.27,-0.02,71.26,56803.05,-1
2025-07-31,2025-07-31 11:53:00,827.27,827.27,827.09,827.09,-0.02,71.26,56803.05,-1
2025-07-31,2025-07-31 11:54:00,827.09,827.09,826.91,826.91,-0.02,71.26,56803.05,-1
2025-07-31,2025-07-31 11:55:00,826.91,826.91,826.73,826.73,-0.02,71.26,56803.05,-1
2025-07-31,2025-07-31 11:56:00,826.73,826.73,826.54,826.54,-0.02,71.26,56803.05,-1
2025-07-31,2025-07-31 11:57:00,826.54,826.54,826.36,826.36,-0.02,71.26,56803.05,-1
2025-07-31,2025-07-31 11:58:00,826.36,826.36,826.18,826.18,-0.02,71.26,56803.05,-1
2025-07-31,2025-07-31 11:59:00,826.18,826.18,826.0,826.0,-0.02,71.26,56803.05,-1
2025-07-31,2025-07-31 12:00:00,826.0,826.0,825.82,825.82,-0.02,71.26,56803.05,-1
2025-07-31,2025-07-31 12:01:00,825.82,825.82,825.64,825.64,-0.02,71.26,56803.05,-1
2025-07-31,2025-07-31 12:02:00,825.64,825.64,825.45,825.45,-0.02,71.26,56803.05,-1
2025-07-31,2025-07-31 12:03:00,825.45,825.45,825.27,825.27,-0.02,71.26,56803.05,-1
2025-07-31,2025-07-31 12:04:00,825.27,825.27,825.09,825.09,-0.02,71.26,56803.05,-1
2025-07-31,2025-07-31 12:05:00,825.09,825.09,824.91,824.91,-0.02,71.26,56803.05,-1
2025-07-31,2025-07-31 12:06:00,824.91,824.91,824.73,824.73,-0.02,71.26,56803.05,-1
2025-07-31,2025-07-31 12:07:00,824.73,824.73,824.55,824.55,-0.02,71.26,56803.05,-1
2025-07-31,2025-07-31 12:08:00,824.55,824.55,824.37,824.37,-0.02,71.26,56803.05,-1
2025-07-31,2025-07-31 12:09:00,824.37,824.37,824.18,824.18,-0.02,71.26,56803.05,-1
2025-07-31,2025-07-31 12:10:00,824.18,824.18,824.0,824.0,-0.02,71.26,56803.05,-1
2025-07-31,2025-07-31 12:11:00,824.0,824.0,823.82,823.82,-0.02,71.26,56803.05,-1
2025-07-31,2025-07-31 12:12:00,823.82,823.82,823.64,823.64,-0.02,71.26,56803.05,-1
2025-07-31,2025-07-31 12:13:00,823.64,823.64,823.46,823.46,-0.02,71.26,56803.05,-1
2025-07-31,2025-07-31 12:14:00,823.46,823.46,823.27,823.27,-0.02,71.26,56803.05,-1
2025-07-31,2025-07-31 12:15:00,823.27,823.27,823.09,823.09,-0.02,71.26,56803.05,-1
2025-07-31,2025-07-31 12:16:00,823.09,823.09,822.91,822.91,-0.02,71.26,56803.05,-1
2025-07-31,2025-07-31 12:17:00,822.91,822.91,822.73,822.73,-0.02,71.26,56803.05,-1
2025-07-31,2025-07-31 12:18:00,822.73,822.73,822.55,822.55,-0.02,71.26,56803.05,-1
2025-07-31,2025-07-31 12:19:00,822.55,822.55,822.37,822.37,-0.02,71.26,56803.05,-1
2025-07-31,2025-07-31 12:20:00,822.37,822.37,822.18,822.18,-0.02,71.26,56803.05,-1
2025-07-31,2025-07-31 12:21:00,822.18,822.18,822.0,822.0,-0.02,71.26,56803.05,-1
2025-07-31,2025-07-31 12:22:00,822.0,822.0,821.82,821.82,-0.02,71.26,56803.05,-1
2025-07-31,2025-07-31 12:23:00,821.82,821.82,821.64,821.64,-0.02,71.26,56803.05,-1
2025-07-31,2025-07-31 12:24:00,821.64,821.64,821.46,821.46,-0.02,71.26,56803.05,-1
2025-07-31,2025-07-31 12:25:00,821.46,821.46,821.28,821.28,-0.02,71.26,56803.05,-1
2025-07-31,2025-07-31 12:26:00,821.28,821.28,821.09,821.09,-0.02,71.26,56803.05,-1
2025-07-31,2025-07-31 12:27:00,821.09,821.09,820.91,820.91,-0.02,71.26,56803.05,-1
2025-07-31,2025-07-31 12:28:00,820.91,820.91,820.73,820.73,-0.02,71.26,56803.05,-1
2025-07-31,2025-07-31 12:29:00,820.73,820.73,820.55,820.55,-0.02,71.26,56803.05,-1
2025-07-31,2025-07-31 12:30:00,820.55,820.55,820.37,820.37,-0.02,71.26,56803.05,-1
2025-07-31,2025-07-31 12:31:00,820.37,820.37,820.19,820.19,-0.02,71.26,56803.05,-1
2025-07-31,2025-07-31 12:32:00,820.19,820.19,820.0,820.0,-0.02,71.26,56803.05,-1
2025-07-31,2025-07-31 12:33:00,820.0,820.0,819.82,819.82,-0.02,71.26,56803.05,-1
2025-07-31,2025-07-31 12:34:00,819.82,819.82,819.64,819.64,-0.02,71.26,56803.05,-1
2025-07-31,2025-07-31 12:35:00,819.64,819.64,819.46,819.46,-0.02,71.26,56803.05,-1
2025-07-31,2025-07-31 12:36:00,819.46,819.46,819.28,819.28,-0.02,71.26,56803.05,-1
2025-07-31,2025-07-31 12:37:00,819.28,819.28,819.1,819.1,-0.02,71.26,56803.05,-1
2025-07-31,2025-07-31 12:38:00,819.1,819.1,818.91,818.91,-0.02,71.26,56803.05,-1
2025-07-31,2025-07-31 12:39:00,818.91,818.91,818.73,818.73,-0.02,71.26,56803.05,-1
2025-07-31,2025-07-31 12:40:00,818.73,818.73,818.55,818.55,-0.02,71.26,56803.05,-1
2025-07-31,2025-07-31 12:41:00,818.55,818.55,818.37,818.37,-0.02,71.26,56803.05,-1
2025-07-31,2025-07-31 12:42:00,818.37,818.37,818.19,818.19,-0.02,71.26,56803.05,-1
2025-07-31,2025-07-31 12:43:00,818.19,818.19,818.01,818.01,-0.02,71.26,56803.05,-1
2025-07-31,2025-07-31 12:44:00,818.01,818.01,817.82,817.82,-0.02,71.26,56803.05,-1
2025-07-31,2025-07-31 12:45:00,817.82,817.82,817.64,817.64,-0.02,71.26,56803.05,-1
2025-07-31,2025-07-31 12:46:00,817.64,817.64,817.46,817.46,-0.02,71.26,56803.05,-1
2025-07-31,2025-07-31 12:47:00,817.46,817.46,817.28,817.28,-0.02,71.26,56803.05,-1
2025-07-31,2025-07-31 12:48:00,817.28,817.28,817.1,817.1,-0.02,71.26,56803.05,-1
2025-07-31,2025-07-31 12:49:00,817.1,817.1,816.92,816.92,-0.02,71.26,56803.05,-1
2025-07-31,2025-07-31 12:50:00,816.92,816.92,816.74,816.74,-0.02,71.26,56803.05,-1
2025-07-31,2025-07-31 12:51:00,816.74,816.74,816.55,816.55,-0.02,71.26,56803.05,-1
2025-07-31,2025-07-31 12:52:00,816.55,816.55,816.37,816.37,-0.02,71.26,56803.05,-1
2025-07-31,2025-07-31 12:53:00,816.37,816.37,816.19,816.19,-0.02,71.26,56803.05,-1
2025-07-31,2025-07-31 12:54:00,816.19,816.19,816.01,816.01,-0.02,71.26,56803.05,-1
2025-07-31,2025-07-31 12:55:00,816.01,816.01,815.83,815.83,-0.02,71.26,56803.05,-1
2025-07-31,2025-07-31 12:56:00,815.83,815.83,815.64,815.64,-0.02,71.26,56803.05,-1
2025-07-31,2025-07-31 12:57:00,815.64,815.64,815.46,815.46,-0.02,71.26,56803.05,-1
2025-07-31,2025-07-31 12:58:00,815.46,815.46,815.28,815.28,-0.02,71.26,56803.05,-1
2025-07-31,2025-07-31 12:59:00,815.28,815.28,815.1,815.1,-0.02,71.26,56803.05,-1
2025-07-31,2025-07-31 13:00:00,815.1,836.9,778.0,814.92,-0.02,71.26,56803.05,-1
2025-07-31,2025-07-31 13:01:00,814.92,814.92,814.74,814.74,-0.02,71.26,56803.05,-1
2025-07-31,2025-07-31 13:02:00,814.74,814.74,814.55,814.55,-0.02,71.26,56803.05,-1
2025-07-31,2025-07-31 13:03:00,814.55,814.55,814.37,814.37,-0.02,71.26,56803.05,-1
2025-07-31,2025-07-31 13:04:00,814.37,814.37,814.19,814.19,-0.02,71.26,56803.05,-1
2025-07-31,2025-07-31 13:05:00,814.19,814.19,814.01,814.01,-0.02,71.26,56803.05,-1
2025-07-31,2025-07-31 13:06:00,814.01,814.01,813.83,813.83,-0.02,71.26,56803.05,-1
2025-07-31,2025-07-31 13:07:00,813.83,813.83,813.65,813.65,-0.02,71.26,56803.05,-1
2025-07-31,2025-07-31 13:08:00,813.65,813.65,813.46,813.46,-0.02,71.26,56803.05,-1
2025-07-31,2025-07-31 13:09:00,813.46,813.46,813.28,813.28,-0.02,71.26,56803.05,-1
2025-07-31,2025-07-31 13:10:00,813.28,813.28,813.1,813.1,-0.02,71.26,56803.05,-1
2025-07-31,2025-07-31 13:11:00,813.1,813.1,812.92,812.92,-0.02,71.26,56803.05,-1
2025-07-31,2025-07-31 13:12:00,812.92,812.92,812.74,812.74,-0.02,71.26,56803.05,-1
2025-07-31,2025-07-31 13:13:00,812.74,812.74,812.56,812.56,-0.02,71.26,56803.05,-1
2025-07-31,2025-07-31 13:14:00,812.56,812.56,812.38,812.38,-0.02,71.26,56803.05,-1
2025-07-31,2025-07-31 13:15:00,812.38,812.38,812.19,812.19,-0.02,71.26,56803.05,-1
2025-07-31,2025-07-31 13:16:00,812.19,812.19,812.01,812.01,-0.02,71.26,56803.05,-1
2025-07-31,2025-07-31 13:17:00,812.01,812.01,811.83,811.83,-0.02,71.26,56803.05,-1
2025-07-31,2025-07-31 13:18:00,811.83,811.83,811.65,811.65,-0.02,71.26,56803.05,-1
2025-07-31,2025-07-31 13:19:00,811.65,811.65,811.47,811.47,-0.02,71.26,56803.05,-1
2025-07-31,2025-07-31 13:20:00,811.47,811.47,811.28,811.28,-0.02,71.26,56803.05,-1
2025-07-31,2025-07-31 13:21:00,811.28,811.28,811.1,811.1,-0.02,71.26,56803.05,-1
2025-07-31,2025-07-31 13:22:00,811.1,811.1,810.92,810.92,-0.02,71.26,56803.05,-1
2025-07-31,2025-07-31 13:23:00,810.92,810.92,810.74,810.74,-0.02,71.26,56803.05,-1
2025-07-31,2025-07-31 13:24:00,810.74,810.74,810.56,810.56,-0.02,71.26,56803.05,-1
2025-07-31,2025-07-31 13:25:00,810.56,810.56,810.38,810.38,-0.02,71.26,56803.05,-1
2025-07-31,2025-07-31 13:26:00,810.38,810.38,810.19,810.19,-0.02,71.26,56803.05,-1
2025-07-31,2025-07-31 13:27:00,810.19,810.19,810.01,810.01,-0.02,71.26,56803.05,-1
2025-07-31,2025-07-31 13:28:00,810.01,810.01,809.83,809.83,-0.02,71.26,56803.05,-1
2025-07-31,2025-07-31 13:29:00,809.83,809.83,809.65,809.65,-0.02,71.26,56803.05,-1
2025-07-31,2025-07-31 13:30:00,809.65,809.65,809.47,809.47,-0.02,71.26,56803.05,-1
2025-07-31,2025-07-31 13:31:00,809.47,809.47,809.29,809.29,-0.02,71.26,56803.05,-1
2025-07-31,2025-07-31 13:32:00,809.29,809.29,809.11,809.11,-0.02,71.26,56803.05,-1
2025-07-31,2025-07-31 13:33:00,809.11,809.11,808.92,808.92,-0.02,71.26,56803.05,-1
2025-07-31,2025-07-31 13:34:00,808.92,808.92,808.74,808.74,-0.02,71.26,56803.05,-1
2025-07-31,2025-07-31 13:35:00,808.74,808.74,808.56,808.56,-0.02,71.26,56803.05,-1
2025-07-31,2025-07-31 13:36:00,808.56,808.56,808.38,808.38,-0.02,71.26,56803.05,-1
2025-07-31,2025-07-31 13:37:00,808.38,808.38,808.2,808.2,-0.02,71.26,56803.05,-1
2025-07-31,2025-07-31 13:38:00,808.2,808.2,808.01,808.01,-0.02,71.26,56803.05,-1
2025-07-31,2025-07-31 13:39:00,808.01,808.01,807.83,807.83,-0.02,71.26,56803.05,-1
2025-07-31,2025-07-31 13:40:00,807.83,807.83,807.65,807.65,-0.02,71.26,56803.05,-1
2025-07-31,2025-07-31 13:41:00,807.65,807.65,807.47,807.47,-0.02,71.26,56803.05,-1
2025-07-31,2025-07-31 13:42:00,807.47,807.47,807.29,807.29,-0.02,71.26,56803.05,-1
2025-07-31,2025-07-31 13:43:00,807.29,807.29,807.11,807.11,-0.02,71.26,56803.05,-1
2025-07-31,2025-07-31 13:44:00,807.11,807.11,806.92,806.92,-0.02,71.26,56803.05,-1
2025-07-31,2025-07-31 13:45:00,806.92,806.92,806.74,806.74,-0.02,71.26,56803.05,-1
2025-07-31,2025-07-31 13:46:00,806.74,806.74,806.56,806.56,-0.02,71.26,56803.05,-1
2025-07-31,2025-07-31 13:47:00,806.56,806.56,806.38,806.38,-0.02,71.26,56803.05,-1
2025-07-31,2025-07-31 13:48:00,806.38,806.38,806.2,806.2,-0.02,71.26,56803.05,-1
2025-07-31,2025-07-31 13:49:00,806.2,806.2,806.02,806.02,-0.02,71.26,56803.05,-1
2025-07-31,2025-07-31 13:50:00,806.02,806.02,805.83,805.83,-0.02,71.26,56803.05,-1
2025-07-31,2025-07-31 13:51:00,805.83,805.83,805.65,805.65,-0.02,71.26,56803.05,-1
2025-07-31,2025-07-31 13:52:00,805.65,805.65,805.47,805.47,-0.02,71.26,56803.05,-1
2025-07-31,2025-07-31 13:53:00,805.47,805.47,805.29,805.29,-0.02,71.26,56803.05,-1
2025-07-31,2025-07-31 13:54:00,805.29,805.29,805.11,805.11,-0.02,71.26,56803.05,-1
2025-07-31,2025-07-31 13:55:00,805.11,805.11,804.93,804.93,-0.02,71.26,56803.05,-1
2025-07-31,2025-07-31 13:56:00,804.93,804.93,804.75,804.75,-0.02,71.26,56803.05,-1
2025-07-31,2025-07-31 13:57:00,804.75,804.75,804.56,804.56,-0.02,71.26,56803.05,-1
2025-07-31,2025-07-31 13:58:00,804.56,804.56,804.38,804.38,-0.02,71.26,56803.05,-1
2025-07-31,2025-07-31 13:59:00,804.38,804.38,804.2,804.2,-0.02,71.26,56803.05,-1
2025-07-31,2025-07-31 14:00:00,804.2,804.2,804.02,804.02,-0.02,71.26,56803.05,-1
2025-07-31,2025-07-31 14:01:00,804.02,804.02,803.84,803.84,-0.02,71.26,56803.05,-1
2025-07-31,2025-07-31 14:02:00,803.84,803.84,803.65,803.65,-0.02,71.26,56803.05,-1
2025-07-31,2025-07-31 14:03:00,803.65,803.65,803.47,803.47,-0.02,71.26,56803.05,-1
2025-07-31,2025-07-31 14:04:00,803.47,803.47,803.29,803.29,-0.02,71.26,56803.05,-1
2025-07-31,2025-07-31 14:05:00,803.29,803.29,803.11,803.11,-0.02,71.26,56803.05,-1
2025-07-31,2025-07-31 14:06:00,803.11,803.11,802.93,802.93,-0.02,71.26,56803.05,-1
2025-07-31,2025-07-31 14:07:00,802.93,802.93,802.75,802.75,-0.02,71.26,56803.05,-1
2025-07-31,2025-07-31 14:08:00,802.75,802.75,802.56,802.56,-0.02,71.26,56803.05,-1
2025-07-31,2025-07-31 14:09:00,802.56,802.56,802.38,802.38,-0.02,71.26,56803.05,-1
2025-07-31,2025-07-31 14:10:00,802.38,802.38,802.2,802.2,-0.02,71.26,56803.05,-1
2025-07-31,2025-07-31 14:11:00,802.2,802.2,802.02,802.02,-0.02,71.26,56803.05,-1
2025-07-31,2025-07-31 14:12:00,802.02,802.02,801.84,801.84,-0.02,71.26,56803.05,-1
2025-07-31,2025-07-31 14:13:00,801.84,801.84,801.66,801.66,-0.02,71.26,56803.05,-1
2025-07-31,2025-07-31 14:14:00,801.66,801.66,801.47,801.47,-0.02,71.26,56803.05,-1
2025-07-31,2025-07-31 14:15:00,801.47,801.47,801.29,801.29,-0.02,71.26,56803.05,-1
2025-07-31,2025-07-31 14:16:00,801.29,801.29,801.11,801.11,-0.02,71.26,56803.05,-1
2025-07-31,2025-07-31 14:17:00,801.11,801.11,800.93,800.93,-0.02,71.26,56803.05,-1
2025-07-31,2025-07-31 14:18:00,800.93,800.93,800.75,800.75,-0.02,71.26,56803.05,-1
2025-07-31,2025-07-31 14:19:00,800.75,800.75,800.57,800.57,-0.02,71.26,56803.05,-1
2025-07-31,2025-07-31 14:20:00,800.57,800.57,800.38,800.38,-0.02,71.26,56803.05,-1
2025-07-31,2025-07-31 14:21:00,800.38,800.38,800.2,800.2,-0.02,71.26,56803.05,-1
2025-07-31,2025-07-31 14:22:00,800.2,800.2,800.02,800.02,-0.02,71.26,56803.05,-1
2025-07-31,2025-07-31 14:23:00,800.02,800.02,799.84,799.84,-0.02,71.26,56803.05,-1
2025-07-31,2025-07-31 14:24:00,799.84,799.84,799.66,799.66,-0.02,71.26,56803.05,-1
2025-07-31,2025-07-31 14:25:00,799.66,799.66,799.48,799.48,-0.02,71.26,56803.05,-1
2025-07-31,2025-07-31 14:26:00,799.48,799.48,799.29,799.29,-0.02,71.26,56803.05,-1
2025-07-31,2025-07-31 14:27:00,799.29,799.29,799.11,799.11,-0.02,71.26,56803.05,-1
2025-07-31,2025-07-31 14:28:00,799.11,799.11,798.93,798.93,-0.02,71.26,56803.05,-1
2025-07-31,2025-07-31 14:29:00,798.93,798.93,798.75,798.75,-0.02,71.26,56803.05,-1
2025-07-31,2025-07-31 14:30:00,798.75,798.75,798.57,798.57,-0.02,71.26,56803.05,-1
2025-07-31,2025-07-31 14:31:00,798.57,798.57,798.39,798.39,-0.02,71.26,56803.05,-1
2025-07-31,2025-07-31 14:32:00,798.39,798.39,798.2,798.2,-0.02,71.26,56803.05,-1
2025-07-31,2025-07-31 14:33:00,798.2,798.2,798.02,798.02,-0.02,71.26,56803.05,-1
2025-07-31,2025-07-31 14:34:00,798.02,798.02,797.84,797.84,-0.02,71.26,56803.05,-1
2025-07-31,2025-07-31 14:35:00,797.84,797.84,797.66,797.66,-0.02,71.26,56803.05,-1
2025-07-31,2025-07-31 14:36:00,797.66,797.66,797.48,797.48,-0.02,71.26,56803.05,-1
2025-07-31,2025-07-31 14:37:00,797.48,797.48,797.3,797.3,-0.02,71.26,56803.05,-1
2025-07-31,2025-07-31 14:38:00,797.3,797.3,797.12,797.12,-0.02,71.26,56803.05,-1
2025-07-31,2025-07-31 14:39:00,797.12,797.12,796.93,796.93,-0.02,71.26,56803.05,-1
2025-07-31,2025-07-31 14:40:00,796.93,796.93,796.75,796.75,-0.02,71.26,56803.05,-1
2025-07-31,2025-07-31 14:41:00,796.75,796.75,796.57,796.57,-0.02,71.26,56803.05,-1
2025-07-31,2025-07-31 14:42:00,796.57,796.57,796.39,796.39,-0.02,71.26,56803.05,-1
2025-07-31,2025-07-31 14:43:00,796.39,796.39,796.21,796.21,-0.02,71.26,56803.05,-1
2025-07-31,2025-07-31 14:44:00,796.21,796.21,796.02,796.02,-0.02,71.26,56803.05,-1
2025-07-31,2025-07-31 14:45:00,796.02,796.02,795.84,795.84,-0.02,71.26,56803.05,-1
2025-07-31,2025-07-31 14:46:00,795.84,795.84,795.66,795.66,-0.02,71.26,56803.05,-1
2025-07-31,2025-07-31 14:47:00,795.66,795.66,795.48,795.48,-0.02,71.26,56803.05,-1
2025-07-31,2025-07-31 14:48:00,795.48,795.48,795.3,795.3,-0.02,71.26,56803.05,-1
2025-07-31,2025-07-31 14:49:00,795.3,795.3,795.12,795.12,-0.02,71.26,56803.05,-1
2025-07-31,2025-07-31 14:50:00,795.12,795.12,794.93,794.93,-0.02,71.26,56803.05,-1
2025-07-31,2025-07-31 14:51:00,794.93,794.93,794.75,794.75,-0.02,71.26,56803.05,-1
2025-07-31,2025-07-31 14:52:00,794.75,794.75,794.57,794.57,-0.02,71.26,56803.05,-1
2025-07-31,2025-07-31 14:53:00,794.57,794.57,794.39,794.39,-0.02,71.26,56803.05,-1
2025-07-31,2025-07-31 14:54:00,794.39,794.39,794.21,794.21,-0.02,71.26,56803.05,-1
2025-07-31,2025-07-31 14:55:00,794.21,794.21,794.03,794.03,-0.02,71.26,56803.05,-1
2025-07-31,2025-07-31 14:56:00,794.03,794.03,793.84,793.84,-0.02,71.26,56803.05,-1
2025-07-31,2025-07-31 14:57:00,793.84,793.84,793.66,793.66,-0.02,71.26,56803.05,-1
2025-07-31,2025-07-31 14:58:00,793.66,793.66,793.48,793.48,-0.02,71.26,56803.05,-1
2025-07-31,2025-07-31 14:59:00,793.48,793.48,793.3,793.3,-0.02,71.26,56803.05,-1
2025-07-31,2025-07-31 15:00:00,793.3,836.9,778.0,793.3,0.0,71.26,56803.05,0
2025-08-03,2025-08-03 11:00:00,778.0,778.6,774.1,777.96,-0.01,128.19,99030.6,-1
2025-08-03,2025-08-03 11:01:00,777.96,777.96,777.91,777.91,-0.01,128.19,99030.6,-1
2025-08-03,2025-08-03 11:02:00,777.91,777.91,777.87,777.87,-0.01,128.19,99030.6,-1
2025-08-03,2025-08-03 11:03:00,777.87,777.87,777.82,777.82,-0.01,128.19,99030.6,-1
2025-08-03,2025-08-03 11:04:00,777.82,777.82,777.78,777.78,-0.01,128.19,99030.6,-1
2025-08-03,2025-08-03 11:05:00,777.78,777.78,777.74,777.74,-0.01,128.19,99030.6,-1
2025-08-03,2025-08-03 11:06:00,777.74,777.74,777.69,777.69,-0.01,128.19,99030.6,-1
2025-08-03,2025-08-03 11:07:00,777.69,777.69,777.65,777.65,-0.01,128.19,99030.6,-1
2025-08-03,2025-08-03 11:08:00,777.65,777.65,777.6,777.6,-0.01,128.19,99030.6,-1
2025-08-03,2025-08-03 11:09:00,777.6,777.6,777.56,777.56,-0.01,128.19,99030.6,-1
2025-08-03,2025-08-03 11:10:00,777.56,777.56,777.52,777.52,-0.01,128.19,99030.6,-1
2025-08-03,2025-08-03 11:11:00,777.52,777.52,777.47,777.47,-0.01,128.19,99030.6,-1
2025-08-03,2025-08-03 11:12:00,777.47,777.47,777.43,777.43,-0.01,128.19,99030.6,-1
2025-08-03,2025-08-03 11:13:00,777.43,777.43,777.39,777.39,-0.01,128.19,99030.6,-1
2025-08-03,2025-08-03 11:14:00,777.39,777.39,777.34,777.34,-0.01,128.19,99030.6,-1
2025-08-03,2025-08-03 11:15:00,777.34,777.34,777.3,777.3,-0.01,128.19,99030.6,-1
2025-08-03,2025-08-03 11:16:00,777.3,777.3,777.25,777.25,-0.01,128.19,99030.6,-1
2025-08-03,2025-08-03 11:17:00,777.25,777.25,777.21,777.21,-0.01,128.19,99030.6,-1
2025-08-03,2025-08-03 11:18:00,777.21,777.21,777.17,777.17,-0.01,128.19,99030.6,-1
2025-08-03,2025-08-03 11:19:00,777.17,777.17,777.12,777.12,-0.01,128.19,99030.6,-1
2025-08-03,2025-08-03 11:20:00,777.12,777.12,777.08,777.08,-0.01,128.19,99030.6,-1
2025-08-03,2025-08-03 11:21:00,777.08,777.08,777.03,777.03,-0.01,128.19,99030.6,-1
2025-08-03,2025-08-03 11:22:00,777.03,777.03,776.99,776.99,-0.01,128.19,99030.6,-1
2025-08-03,2025-08-03 11:23:00,776.99,776.99,776.95,776.95,-0.01,128.19,99030.6,-1
2025-08-03,2025-08-03 11:24:00,776.95,776.95,776.9,776.9,-0.01,128.19,99030.6,-1
2025-08-03,2025-08-03 11:25:00,776.9,776.9,776.86,776.86,-0.01,128.19,99030.6,-1
2025-08-03,2025-08-03 11:26:00,776.86,776.86,776.81,776.81,-0.01,128.19,99030.6,-1
2025-08-03,2025-08-03 11:27:00,776.81,776.81,776.77,776.77,-0.01,128.19,99030.6,-1
2025-08-03,2025-08-03 11:28:00,776.77,776.77,776.73,776.73,-0.01,128.19,99030.6,-1
2025-08-03,2025-08-03 11:29:00,776.73,776.73,776.68,776.68,-0.01,128.19,99030.6,-1
2025-08-03,2025-08-03 11:30:00,776.68,776.68,776.64,776.64,-0.01,128.19,99030.6,-1
2025-08-03,2025-08-03 11:31:00,776.64,776.64,776.59,776.59,-0.01,128.19,99030.6,-1
2025-08-03,2025-08-03 11:32:00,776.59,776.59,776.55,776.55,-0.01,128.19,99030.6,-1
2025-08-03,2025-08-03 11:33:00,776.55,776.55,776.51,776.51,-0.01,128.19,99030.6,-1
2025-08-03,2025-08-03 11:34:00,776.51,776.51,776.46,776.46,-0.01,128.19,99030.6,-1
2025-08-03,2025-08-03 11:35:00,776.46,776.46,776.42,776.42,-0.01,128.19,99030.6,-1
2025-08-03,2025-08-03 11:36:00,776.42,776.42,776.38,776.38,-0.01,128.19,99030.6,-1
2025-08-03,2025-08-03 11:37:00,776.38,776.38,776.33,776.33,-0.01,128.19,99030.6,-1
2025-08-03,2025-08-03 11:38:00,776.33,776.33,776.29,776.29,-0.01,128.19,99030.6,-1
2025-08-03,2025-08-03 11:39:00,776.29,776.29,776.24,776.24,-0.01,128.19,99030.6,-1
2025-08-03,2025-08-03 11:40:00,776.24,776.24,776.2,776.2,-0.01,128.19,99030.6,-1
2025-08-03,2025-08-03 11:41:00,776.2,776.2,776.16,776.16,-0.01,128.19,99030.6,-1
2025-08-03,2025-08-03 11:42:00,776.16,776.16,776.11,776.11,-0.01,128.19,99030.6,-1
2025-08-03,2025-08-03 11:43:00,776.11,776.11,776.07,776.07,-0.01,128.19,99030.6,-1
2025-08-03,2025-08-03 11:44:00,776.07,776.07,776.02,776.02,-0.01,128.19,99030.6,-1
2025-08-03,2025-08-03 11:45:00,776.02,776.02,775.98,775.98,-0.01,128.19,99030.6,-1
2025-08-03,2025-08-03 11:46:00,775.98,775.98,775.94,775.94,-0.01,128.19,99030.6,-1
2025-08-03,2025-08-03 11:47:00,775.94,775.94,775.89,775.89,-0.01,128.19,99030.6,-1
2025-08-03,2025-08-03 11:48:00,775.89,775.89,775.85,775.85,-0.01,128.19,99030.6,-1
2025-08-03,2025-08-03 11:49:00,775.85,775.85,775.8,775.8,-0.01,128.19,99030.6,-1
2025-08-03,2025-08-03 11:50:00,775.8,775.8,775.76,775.76,-0.01,128.19,99030.6,-1
2025-08-03,2025-08-03 11:51:00,775.76,775.76,775.72,775.72,-0.01,128.19,99030.6,-1
2025-08-03,2025-08-03 11:52:00,775.72,775.72,775.67,775.67,-0.01,128.19,99030.6,-1
2025-08-03,2025-08-03 11:53:00,775.67,775.67,775.63,775.63,-0.01,128.19,99030.6,-1
2025-08-03,2025-08-03 11:54:00,775.63,775.63,775.58,775.58,-0.01,128.19,99030.6,-1
2025-08-03,2025-08-03 11:55:00,775.58,775.58,775.54,775.54,-0.01,128.19,99030.6,-1
2025-08-03,2025-08-03 11:56:00,775.54,775.54,775.5,775.5,-0.01,128.19,99030.6,-1
2025-08-03,2025-08-03 11:57:00,775.5,775.5,775.45,775.45,-0.01,128.19,99030.6,-1
2025-08-03,2025-08-03 11:58:00,775.45,775.45,775.41,775.41,-0.01,128.19,99030.6,-1
2025-08-03,2025-08-03 11:59:00,775.41,775.41,775.37,775.37,-0.01,128.19,99030.6,-1
2025-08-03,2025-08-03 12:00:00,775.37,775.37,775.32,775.32,-0.01,128.19,99030.6,-1
2025-08-03,2025-08-03 12:01:00,775.32,775.32,775.28,775.28,-0.01,128.19,99030.6,-1
2025-08-03,2025-08-03 12:02:00,775.28,775.28,775.23,775.23,-0.01,128.19,99030.6,-1
2025-08-03,2025-08-03 12:03:00,775.23,775.23,775.19,775.19,-0.01,128.19,99030.6,-1
2025-08-03,2025-08-03 12:04:00,775.19,775.19,775.15,775.15,-0.01,128.19,99030.6,-1
2025-08-03,2025-08-03 12:05:00,775.15,775.15,775.1,775.1,-0.01,128.19,99030.6,-1
2025-08-03,2025-08-03 12:06:00,775.1,775.1,775.06,775.06,-0.01,128.19,99030.6,-1
2025-08-03,2025-08-03 12:07:00,775.06,775.06,775.01,775.01,-0.01,128.19,99030.6,-1
2025-08-03,2025-08-03 12:08:00,775.01,775.01,774.97,774.97,-0.01,128.19,99030.6,-1
2025-08-03,2025-08-03 12:09:00,774.97,774.97,774.93,774.93,-0.01,128.19,99030.6,-1
2025-08-03,2025-08-03 12:10:00,774.93,774.93,774.88,774.88,-0.01,128.19,99030.6,-1
2025-08-03,2025-08-03 12:11:00,774.88,774.88,774.84,774.84,-0.01,128.19,99030.6,-1
2025-08-03,2025-08-03 12:12:00,774.84,774.84,774.79,774.79,-0.01,128.19,99030.6,-1
2025-08-03,2025-08-03 12:13:00,774.79,774.79,774.75,774.75,-0.01,128.19,99030.6,-1
2025-08-03,2025-08-03 12:14:00,774.75,774.75,774.71,774.71,-0.01,128.19,99030.6,-1
2025-08-03,2025-08-03 12:15:00,774.71,774.71,774.66,774.66,-0.01,128.19,99030.6,-1
2025-08-03,2025-08-03 12:16:00,774.66,774.66,774.62,774.62,-0.01,128.19,99030.6,-1
2025-08-03,2025-08-03 12:17:00,774.62,774.62,774.57,774.57,-0.01,128.19,99030.6,-1
2025-08-03,2025-08-03 12:18:00,774.57,774.57,774.53,774.53,-0.01,128.19,99030.6,-1
2025-08-03,2025-08-03 12:19:00,774.53,774.53,774.49,774.49,-0.01,128.19,99030.6,-1
2025-08-03,2025-08-03 12:20:00,774.49,774.49,774.44,774.44,-0.01,128.19,99030.6,-1
2025-08-03,2025-08-03 12:21:00,774.44,774.44,774.4,774.4,-0.01,128.19,99030.6,-1
2025-08-03,2025-08-03 12:22:00,774.4,774.4,774.35,774.35,-0.01,128.19,99030.6,-1
2025-08-03,2025-08-03 12:23:00,774.35,774.35,774.31,774.31,-0.01,128.19,99030.6,-1
2025-08-03,2025-08-03 12:24:00,774.31,774.31,774.27,774.27,-0.01,128.19,99030.6,-1
2025-08-03,2025-08-03 12:25:00,774.27,774.27,774.22,774.22,-0.01,128.19,99030.6,-1
2025-08-03,2025-08-03 12:26:00,774.22,774.22,774.18,774.18,-0.01,128.19,99030.6,-1
2025-08-03,2025-08-03 12:27:00,774.18,774.18,774.14,774.14,-0.01,128.19,99030.6,-1
2025-08-03,2025-08-03 12:28:00,774.14,774.14,774.09,774.09,-0.01,128.19,99030.6,-1
2025-08-03,2025-08-03 12:29:00,774.09,774.09,774.05,774.05,-0.01,128.19,99030.6,-1
2025-08-03,2025-08-03 12:30:00,774.05,774.05,774.0,774.0,-0.01,128.19,99030.6,-1
2025-08-03,2025-08-03 12:31:00,774.0,774.0,773.96,773.96,-0.01,128.19,99030.6,-1
2025-08-03,2025-08-03 12:32:00,773.96,773.96,773.92,773.92,-0.01,128.19,99030.6,-1
2025-08-03,2025-08-03 12:33:00,773.92,773.92,773.87,773.87,-0.01,128.19,99030.6,-1
2025-08-03,2025-08-03 12:34:00,773.87,773.87,773.83,773.83,-0.01,128.19,99030.6,-1
2025-08-03,2025-08-03 12:35:00,773.83,773.83,773.78,773.78,-0.01,128.19,99030.6,-1
2025-08-03,2025-08-03 12:36:00,773.78,773.78,773.74,773.74,-0.01,128.19,99030.6,-1
2025-08-03,2025-08-03 12:37:00,773.74,773.74,773.7,773.7,-0.01,128.19,99030.6,-1
2025-08-03,2025-08-03 12:38:00,773.7,773.7,773.65,773.65,-0.01,128.19,99030.6,-1
2025-08-03,2025-08-03 12:39:00,773.65,773.65,773.61,773.61,-0.01,128.19,99030.6,-1
2025-08-03,2025-08-03 12:40:00,773.61,773.61,773.56,773.56,-0.01,128.19,99030.6,-1
2025-08-03,2025-08-03 12:41:00,773.56,773.56,773.52,773.52,-0.01,128.19,99030.6,-1
2025-08-03,2025-08-03 12:42:00,773.52,773.52,773.48,773.48,-0.01,128.19,99030.6,-1
2025-08-03,2025-08-03 12:43:00,773.48,773.48,773.43,773.43,-0.01,128.19,99030.6,-1
2025-08-03,2025-08-03 12:44:00,773.43,773.43,773.39,773.39,-0.01,128.19,99030.6,-1
2025-08-03,2025-08-03 12:45:00,773.39,773.39,773.34,773.34,-0.01,128.19,99030.6,-1
2025-08-03,2025-08-03 12:46:00,773.34,773.34,773.3,773.3,-0.01,128.19,99030.6,-1
2025-08-03,2025-08-03 12:47:00,773.3,773.3,773.26,773.26,-0.01,128.19,99030.6,-1
2025-08-03,2025-08-03 12:48:00,773.26,773.26,773.21,773.21,-0.01,128.19,99030.6,-1
2025-08-03,2025-08-03 12:49:00,773.21,773.21,773.17,773.17,-0.01,128.19,99030.6,-1
2025-08-03,2025-08-03 12:50:00,773.17,773.17,773.13,773.13,-0.01,128.19,99030.6,-1
2025-08-03,2025-08-03 12:51:00,773.13,773.13,773.08,773.08,-0.01,128.19,99030.6,-1
2025-08-03,2025-08-03 12:52:00,773.08,773.08,773.04,773.04,-0.01,128.19,99030.6,-1
2025-08-03,2025-08-03 12:53:00,773.04,773.04,772.99,772.99,-0.01,128.19,99030.6,-1
2025-08-03,2025-08-03 12:54:00,772.99,772.99,772.95,772.95,-0.01,128.19,99030.6,-1
2025-08-03,2025-08-03 12:55:00,772.95,772.95,772.91,772.91,-0.01,128.19,99030.6,-1
2025-08-03,2025-08-03 12:56:00,772.91,772.91,772.86,772.86,-0.01,128.19,99030.6,-1
2025-08-03,2025-08-03 12:57:00,772.86,772.86,772.82,772.82,-0.01,128.19,99030.6,-1
2025-08-03,2025-08-03 12:58:00,772.82,772.82,772.77,772.77,-0.01,128.19,99030.6,-1
2025-08-03,2025-08-03 12:59:00,772.77,772.77,772.73,772.73,-0.01,128.19,99030.6,-1
2025-08-03,2025-08-03 13:00:00,772.73,780.0,765.0,772.69,-0.01,128.19,99030.6,-1
2025-08-03,2025-08-03 13:01:00,772.69,772.69,772.64,772.64,-0.01,128.19,99030.6,-1
2025-08-03,2025-08-03 13:02:00,772.64,772.64,772.6,772.6,-0.01,128.19,99030.6,-1
2025-08-03,2025-08-03 13:03:00,772.6,772.6,772.55,772.55,-0.01,128.19,99030.6,-1
2025-08-03,2025-08-03 13:04:00,772.55,772.55,772.51,772.51,-0.01,128.19,99030.6,-1
2025-08-03,2025-08-03 13:05:00,772.51,772.51,772.47,772.47,-0.01,128.19,99030.6,-1
2025-08-03,2025-08-03 13:06:00,772.47,772.47,772.42,772.42,-0.01,128.19,99030.6,-1
2025-08-03,2025-08-03 13:07:00,772.42,772.42,772.38,772.38,-0.01,128.19,99030.6,-1
2025-08-03,2025-08-03 13:08:00,772.38,772.38,772.33,772.33,-0.01,128.19,99030.6,-1
2025-08-03,2025-08-03 13:09:00,772.33,772.33,772.29,772.29,-0.01,128.19,99030.6,-1
2025-08-03,2025-08-03 13:10:00,772.29,772.29,772.25,772.25,-0.01,128.19,99030.6,-1
2025-08-03,2025-08-03 13:11:00,772.25,772.25,772.2,772.2,-0.01,128.19,99030.6,-1
2025-08-03,2025-08-03 13:12:00,772.2,772.2,772.16,772.16,-0.01,128.19,99030.6,-1
2025-08-03,2025-08-03 13:13:00,772.16,772.16,772.12,772.12,-0.01,128.19,99030.6,-1
2025-08-03,2025-08-03 13:14:00,772.12,772.12,772.07,772.07,-0.01,128.19,99030.6,-1
2025-08-03,2025-08-03 13:15:00,772.07,772.07,772.03,772.03,-0.01,128.19,99030.6,-1
2025-08-03,2025-08-03 13:16:00,772.03,772.03,771.98,771.98,-0.01,128.19,99030.6,-1
2025-08-03,2025-08-03 13:17:00,771.98,771.98,771.94,771.94,-0.01,128.19,99030.6,-1
2025-08-03,2025-08-03 13:18:00,771.94,771.94,771.9,771.9,-0.01,128.19,99030.6,-1
2025-08-03,2025-08-03 13:19:00,771.9,771.9,771.85,771.85,-0.01,128.19,99030.6,-1
2025-08-03,2025-08-03 13:20:00,771.85,771.85,771.81,771.81,-0.01,128.19,99030.6,-1
2025-08-03,2025-08-03 13:21:00,771.81,771.81,771.76,771.76,-0.01,128.19,99030.6,-1
2025-08-03,2025-08-03 13:22:00,771.76,771.76,771.72,771.72,-0.01,128.19,99030.6,-1
2025-08-03,2025-08-03 13:23:00,771.72,771.72,771.68,771.68,-0.01,128.19,99030.6,-1
2025-08-03,2025-08-03 13:24:00,771.68,771.68,771.63,771.63,-0.01,128.19,99030.6,-1
2025-08-03,2025-08-03 13:25:00,771.63,771.63,771.59,771.59,-0.01,128.19,99030.6,-1
2025-08-03,2025-08-03 13:26:00,771.59,771.59,771.54,771.54,-0.01,128.19,99030.6,-1
2025-08-03,2025-08-03 13:27:00,771.54,771.54,771.5,771.5,-0.01,128.19,99030.6,-1
2025-08-03,2025-08-03 13:28:00,771.5,771.5,771.46,771.46,-0.01,128.19,99030.6,-1
2025-08-03,2025-08-03 13:29:00,771.46,771.46,771.41,771.41,-0.01,128.19,99030.6,-1
2025-08-03,2025-08-03 13:30:00,771.41,771.41,771.37,771.37,-0.01,128.19,99030.6,-1
2025-08-03,2025-08-03 13:31:00,771.37,771.37,771.32,771.32,-0.01,128.19,99030.6,-1
2025-08-03,2025-08-03 13:32:00,771.32,771.32,771.28,771.28,-0.01,128.19,99030.6,-1
2025-08-03,2025-08-03 13:33:00,771.28,771.28,771.24,771.24,-0.01,128.19,99030.6,-1
2025-08-03,2025-08-03 13:34:00,771.24,771.24,771.19,771.19,-0.01,128.19,99030.6,-1
2025-08-03,2025-08-03 13:35:00,771.19,771.19,771.15,771.15,-0.01,128.19,99030.6,-1
2025-08-03,2025-08-03 13:36:00,771.15,771.15,771.11,771.11,-0.01,128.19,99030.6,-1
2025-08-03,2025-08-03 13:37:00,771.11,771.11,771.06,771.06,-0.01,128.19,99030.6,-1
2025-08-03,2025-08-03 13:38:00,771.06,771.06,771.02,771.02,-0.01,128.19,99030.6,-1
2025-08-03,2025-08-03 13:39:00,771.02,771.02,770.97,770.97,-0.01,128.19,99030.6,-1
2025-08-03,2025-08-03 13:40:00,770.97,770.97,770.93,770.93,-0.01,128.19,99030.6,-1
2025-08-03,2025-08-03 13:41:00,770.93,770.93,770.89,770.89,-0.01,128.19,99030.6,-1
2025-08-03,2025-08-03 13:42:00,770.89,770.89,770.84,770.84,-0.01,128.19,99030.6,-1
2025-08-03,2025-08-03 13:43:00,770.84,770.84,770.8,770.8,-0.01,128.19,99030.6,-1
2025-08-03,2025-08-03 13:44:00,770.8,770.8,770.75,770.75,-0.01,128.19,99030.6,-1
2025-08-03,2025-08-03 13:45:00,770.75,770.75,770.71,770.71,-0.01,128.19,99030.6,-1
2025-08-03,2025-08-03 13:46:00,770.71,770.71,770.67,770.67,-0.01,128.19,99030.6,-1
2025-08-03,2025-08-03 13:47:00,770.67,770.67,770.62,770.62,-0.01,128.19,99030.6,-1
2025-08-03,2025-08-03 13:48:00,770.62,770.62,770.58,770.58,-0.01,128.19,99030.6,-1
2025-08-03,2025-08-03 13:49:00,770.58,770.58,770.53,770.53,-0.01,128.19,99030.6,-1
2025-08-03,2025-08-03 13:50:00,770.53,770.53,770.49,770.49,-0.01,128.19,99030.6,-1
2025-08-03,2025-08-03 13:51:00,770.49,770.49,770.45,770.45,-0.01,128.19,99030.6,-1
2025-08-03,2025-08-03 13:52:00,770.45,770.45,770.4,770.4,-0.01,128.19,99030.6,-1
2025-08-03,2025-08-03 13:53:00,770.4,770.4,770.36,770.36,-0.01,128.19,99030.6,-1
2025-08-03,2025-08-03 13:54:00,770.36,770.36,770.31,770.31,-0.01,128.19,99030.6,-1
2025-08-03,2025-08-03 13:55:00,770.31,770.31,770.27,770.27,-0.01,128.19,99030.6,-1
2025-08-03,2025-08-03 13:56:00,770.27,770.27,770.23,770.23,-0.01,128.19,99030.6,-1
2025-08-03,2025-08-03 13:57:00,770.23,770.23,770.18,770.18,-0.01,128.19,99030.6,-1
2025-08-03,2025-08-03 13:58:00,770.18,770.18,770.14,770.14,-0.01,128.19,99030.6,-1
2025-08-03,2025-08-03 13:59:00,770.14,770.14,770.1,770.1,-0.01,128.19,99030.6,-1
2025-08-03,2025-08-03 14:00:00,770.1,770.1,770.05,770.05,-0.01,128.19,99030.6,-1
2025-08-03,2025-08-03 14:01:00,770.05,770.05,770.01,770.01,-0.01,128.19,99030.6,-1
2025-08-03,2025-08-03 14:02:00,770.01,770.01,769.96,769.96,-0.01,128.19,99030.6,-1
2025-08-03,2025-08-03 14:03:00,769.96,769.96,769.92,769.92,-0.01,128.19,99030.6,-1
2025-08-03,2025-08-03 14:04:00,769.92,769.92,769.88,769.88,-0.01,128.19,99030.6,-1
2025-08-03,2025-08-03 14:05:00,769.88,769.88,769.83,769.83,-0.01,128.19,99030.6,-1
2025-08-03,2025-08-03 14:06:00,769.83,769.83,769.79,769.79,-0.01,128.19,99030.6,-1
2025-08-03,2025-08-03 14:07:00,769.79,769.79,769.74,769.74,-0.01,128.19,99030.6,-1
2025-08-03,2025-08-03 14:08:00,769.74,769.74,769.7,769.7,-0.01,128.19,99030.6,-1
2025-08-03,2025-08-03 14:09:00,769.7,769.7,769.66,769.66,-0.01,128.19,99030.6,-1
2025-08-03,2025-08-03 14:10:00,769.66,769.66,769.61,769.61,-0.01,128.19,99030.6,-1
2025-08-03,2025-08-03 14:11:00,769.61,769.61,769.57,769.57,-0.01,128.19,99030.6,-1
2025-08-03,2025-08-03 14:12:00,769.57,769.57,769.52,769.52,-0.01,128.19,99030.6,-1
2025-08-03,2025-08-03 14:13:00,769.52,769.52,769.48,769.48,-0.01,128.19,99030.6,-1
2025-08-03,2025-08-03 14:14:00,769.48,769.48,769.44,769.44,-0.01,128.19,99030.6,-1
2025-08-03,2025-08-03 14:15:00,769.44,769.44,769.39,769.39,-0.01,128.19,99030.6,-1
2025-08-03,2025-08-03 14:16:00,769.39,769.39,769.35,769.35,-0.01,128.19,99030.6,-1
2025-08-03,2025-08-03 14:17:00,769.35,769.35,769.3,769.3,-0.01,128.19,99030.6,-1
2025-08-03,2025-08-03 14:18:00,769.3,769.3,769.26,769.26,-0.01,128.19,99030.6,-1
2025-08-03,2025-08-03 14:19:00,769.26,769.26,769.22,769.22,-0.01,128.19,99030.6,-1
2025-08-03,2025-08-03 14:20:00,769.22,769.22,769.17,769.17,-0.01,128.19,99030.6,-1
2025-08-03,2025-08-03 14:21:00,769.17,769.17,769.13,769.13,-0.01,128.19,99030.6,-1
2025-08-03,2025-08-03 14:22:00,769.13,769.13,769.08,769.08,-0.01,128.19,99030.6,-1
2025-08-03,2025-08-03 14:23:00,769.08,769.08,769.04,769.04,-0.01,128.19,99030.6,-1
2025-08-03,2025-08-03 14:24:00,769.04,769.04,769.0,769.0,-0.01,128.19,99030.6,-1
2025-08-03,2025-08-03 14:25:00,769.0,769.0,768.95,768.95,-0.01,128.19,99030.6,-1
2025-08-03,2025-08-03 14:26:00,768.95,768.95,768.91,768.91,-0.01,128.19,99030.6,-1
2025-08-03,2025-08-03 14:27:00,768.91,768.91,768.87,768.87,-0.01,128.19,99030.6,-1
2025-08-03,2025-08-03 14:28:00,768.87,768.87,768.82,768.82,-0.01,128.19,99030.6,-1
2025-08-03,2025-08-03 14:29:00,768.82,768.82,768.78,768.78,-0.01,128.19,99030.6,-1
2025-08-03,2025-08-03 14:30:00,768.78,768.78,768.73,768.73,-0.01,128.19,99030.6,-1
2025-08-03,2025-08-03 14:31:00,768.73,768.73,768.69,768.69,-0.01,128.19,99030.6,-1
2025-08-03,2025-08-03 14:32:00,768.69,768.69,768.65,768.65,-0.01,128.19,99030.6,-1
2025-08-03,2025-08-03 14:33:00,768.65,768.65,768.6,768.6,-0.01,128.19,99030.6,-1
2025-08-03,2025-08-03 14:34:00,768.6,768.6,768.56,768.56,-0.01,128.19,99030.6,-1
2025-08-03,2025-08-03 14:35:00,768.56,768.56,768.51,768.51,-0.01,128.19,99030.6,-1
2025-08-03,2025-08-03 14:36:00,768.51,768.51,768.47,768.47,-0.01,128.19,99030.6,-1
2025-08-03,2025-08-03 14:37:00,768.47,768.47,768.43,768.43,-0.01,128.19,99030.6,-1
2025-08-03,2025-08-03 14:38:00,768.43,768.43,768.38,768.38,-0.01,128.19,99030.6,-1
2025-08-03,2025-08-03 14:39:00,768.38,768.38,768.34,768.34,-0.01,128.19,99030.6,-1
2025-08-03,2025-08-03 14:40:00,768.34,768.34,768.29,768.29,-0.01,128.19,99030.6,-1
2025-08-03,2025-08-03 14:41:00,768.29,768.29,768.25,768.25,-0.01,128.19,99030.6,-1
2025-08-03,2025-08-03 14:42:00,768.25,768.25,768.21,768.21,-0.01,128.19,99030.6,-1
2025-08-03,2025-08-03 14:43:00,768.21,768.21,768.16,768.16,-0.01,128.19,99030.6,-1
2025-08-03,2025-08-03 14:44:00,768.16,768.16,768.12,768.12,-0.01,128.19,99030.6,-1
2025-08-03,2025-08-03 14:45:00,768.12,768.12,768.07,768.07,-0.01,128.19,99030.6,-1
2025-08-03,2025-08-03 14:46:00,768.07,768.07,768.03,768.03,-0.01,128.19,99030.6,-1
2025-08-03,2025-08-03 14:47:00,768.03,768.03,767.99,767.99,-0.01,128.19,99030.6,-1
2025-08-03,2025-08-03 14:48:00,767.99,767.99,767.94,767.94,-0.01,128.19,99030.6,-1
2025-08-03,2025-08-03 14:49:00,767.94,767.94,767.9,767.9,-0.01,128.19,99030.6,-1
2025-08-03,2025-08-03 14:50:00,767.9,767.9,767.86,767.86,-0.01,128.19,99030.6,-1
2025-08-03,2025-08-03 14:51:00,767.86,767.86,767.81,767.81,-0.01,128.19,99030.6,-1
2025-08-03,2025-08-03 14:52:00,767.81,767.81,767.77,767.77,-0.01,128.19,99030.6,-1
2025-08-03,2025-08-03 14:53:00,767.77,767.77,767.72,767.72,-0.01,128.19,99030.6,-1
2025-08-03,2025-08-03 14:54:00,767.72,767.72,767.68,767.68,-0.01,128.19,99030.6,-1
2025-08-03,2025-08-03 14:55:00,767.68,767.68,767.64,767.64,-0.01,128.19,99030.6,-1
2025-08-03,2025-08-03 14:56:00,767.64,767.64,767.59,767.59,-0.01,128.19,99030.6,-1
2025-08-03,2025-08-03 14:57:00,767.59,767.59,767.55,767.55,-0.01,128.19,99030.6,-1
2025-08-03,2025-08-03 14:58:00,767.55,767.55,767.5,767.5,-0.01,128.19,99030.6,-1
2025-08-03,2025-08-03 14:59:00,767.5,767.5,767.46,767.46,-0.01,128.19,99030.6,-1
2025-08-03,2025-08-03 15:00:00,767.46,780.0,765.0,767.46,0.0,128.19,99030.6,0
2025-08-04,2025-08-04 11:00:00,782.0,791.0,770.93,781.91,-0.01,95.1,72978.88,-1
2025-08-04,2025-08-04 11:01:00,781.91,781.91,781.82,781.82,-0.01,95.1,72978.88,-1
2025-08-04,2025-08-04 11:02:00,781.82,781.82,781.72,781.72,-0.01,95.1,72978.88,-1
2025-08-04,2025-08-04 11:03:00,781.72,781.72,781.63,781.63,-0.01,95.1,72978.88,-1
2025-08-04,2025-08-04 11:04:00,781.63,781.63,781.54,781.54,-0.01,95.1,72978.88,-1
2025-08-04,2025-08-04 11:05:00,781.54,781.54,781.45,781.45,-0.01,95.1,72978.88,-1
2025-08-04,2025-08-04 11:06:00,781.45,781.45,781.36,781.36,-0.01,95.1,72978.88,-1
2025-08-04,2025-08-04 11:07:00,781.36,781.36,781.27,781.27,-0.01,95.1,72978.88,-1
2025-08-04,2025-08-04 11:08:00,781.27,781.27,781.17,781.17,-0.01,95.1,72978.88,-1
2025-08-04,2025-08-04 11:09:00,781.17,781.17,781.08,781.08,-0.01,95.1,72978.88,-1
2025-08-04,2025-08-04 11:10:00,781.08,781.08,780.99,780.99,-0.01,95.1,72978.88,-1
2025-08-04,2025-08-04 11:11:00,780.99,780.99,780.9,780.9,-0.01,95.1,72978.88,-1
2025-08-04,2025-08-04 11:12:00,780.9,780.9,780.81,780.81,-0.01,95.1,72978.88,-1
2025-08-04,2025-08-04 11:13:00,780.81,780.81,780.72,780.72,-0.01,95.1,72978.88,-1
2025-08-04,2025-08-04 11:14:00,780.72,780.72,780.62,780.62,-0.01,95.1,72978.88,-1
2025-08-04,2025-08-04 11:15:00,780.62,780.62,780.53,780.53,-0.01,95.1,72978.88,-1
2025-08-04,2025-08-04 11:16:00,780.53,780.53,780.44,780.44,-0.01,95.1,72978.88,-1
2025-08-04,2025-08-04 11:17:00,780.44,780.44,780.35,780.35,-0.01,95.1,72978.88,-1
2025-08-04,2025-08-04 11:18:00,780.35,780.35,780.26,780.26,-0.01,95.1,72978.88,-1
2025-08-04,2025-08-04 11:19:00,780.26,780.26,780.17,780.17,-0.01,95.1,72978.88,-1
2025-08-04,2025-08-04 11:20:00,780.17,780.17,780.07,780.07,-0.01,95.1,72978.88,-1
2025-08-04,2025-08-04 11:21:00,780.07,780.07,779.98,779.98,-0.01,95.1,72978.88,-1
2025-08-04,2025-08-04 11:22:00,779.98,779.98,779.89,779.89,-0.01,95.1,72978.88,-1
2025-08-04,2025-08-04 11:23:00,779.89,779.89,779.8,779.8,-0.01,95.1,72978.88,-1
2025-08-04,2025-08-04 11:24:00,779.8,779.8,779.71,779.71,-0.01,95.1,72978.88,-1
2025-08-04,2025-08-04 11:25:00,779.71,779.71,779.62,779.62,-0.01,95.1,72978.88,-1
2025-08-04,2025-08-04 11:26:00,779.62,779.62,779.52,779.52,-0.01,95.1,72978.88,-1
2025-08-04,2025-08-04 11:27:00,779.52,779.52,779.43,779.43,-0.01,95.1,72978.88,-1
2025-08-04,2025-08-04 11:28:00,779.43,779.43,779.34,779.34,-0.01,95.1,72978.88,-1
2025-08-04,2025-08-04 11:29:00,779.34,779.34,779.25,779.25,-0.01,95.1,72978.88,-1
2025-08-04,2025-08-04 11:30:00,779.25,779.25,779.16,779.16,-0.01,95.1,72978.88,-1
2025-08-04,2025-08-04 11:31:00,779.16,779.16,779.07,779.07,-0.01,95.1,72978.88,-1
2025-08-04,2025-08-04 11:32:00,779.07,779.07,778.97,778.97,-0.01,95.1,72978.88,-1
2025-08-04,2025-08-04 11:33:00,778.97,778.97,778.88,778.88,-0.01,95.1,72978.88,-1
2025-08-04,2025-08-04 11:34:00,778.88,778.88,778.79,778.79,-0.01,95.1,72978.88,-1
2025-08-04,2025-08-04 11:35:00,778.79,778.79,778.7,778.7,-0.01,95.1,72978.88,-1
2025-08-04,2025-08-04 11:36:00,778.7,778.7,778.61,778.61,-0.01,95.1,72978.88,-1
2025-08-04,2025-08-04 11:37:00,778.61,778.61,778.52,778.52,-0.01,95.1,72978.88,-1
2025-08-04,2025-08-04 11:38:00,778.52,778.52,778.42,778.42,-0.01,95.1,72978.88,-1
2025-08-04,2025-08-04 11:39:00,778.42,778.42,778.33,778.33,-0.01,95.1,72978.88,-1
2025-08-04,2025-08-04 11:40:00,778.33,778.33,778.24,778.24,-0.01,95.1,72978.88,-1
2025-08-04,2025-08-04 11:41:00,778.24,778.24,778.15,778.15,-0.01,95.1,72978.88,-1
2025-08-04,2025-08-04 11:42:00,778.15,778.15,778.06,778.06,-0.01,95.1,72978.88,-1
2025-08-04,2025-08-04 11:43:00,778.06,778.06,777.96,777.96,-0.01,95.1,72978.88,-1
2025-08-04,2025-08-04 11:44:00,777.96,777.96,777.87,777.87,-0.01,95.1,72978.88,-1
2025-08-04,2025-08-04 11:45:00,777.87,777.87,777.78,777.78,-0.01,95.1,72978.88,-1
2025-08-04,2025-08-04 11:46:00,777.78,777.78,777.69,777.69,-0.01,95.1,72978.88,-1
2025-08-04,2025-08-04 11:47:00,777.69,777.69,777.6,777.6,-0.01,95.1,72978.88,-1
2025-08-04,2025-08-04 11:48:00,777.6,777.6,777.51,777.51,-0.01,95.1,72978.88,-1
2025-08-04,2025-08-04 11:49:00,777.51,777.51,777.41,777.41,-0.01,95.1,72978.88,-1
2025-08-04,2025-08-04 11:50:00,777.41,777.41,777.32,777.32,-0.01,95.1,72978.88,-1
2025-08-04,2025-08-04 11:51:00,777.32,777.32,777.23,777.23,-0.01,95.1,72978.88,-1
2025-08-04,2025-08-04 11:52:00,777.23,777.23,777.14,777.14,-0.01,95.1,72978.88,-1
2025-08-04,2025-08-04 11:53:00,777.14,777.14,777.05,777.05,-0.01,95.1,72978.88,-1
2025-08-04,2025-08-04 11:54:00,777.05,777.05,776.96,776.96,-0.01,95.1,72978.88,-1
2025-08-04,2025-08-04 11:55:00,776.96,776.96,776.86,776.86,-0.01,95.1,72978.88,-1
2025-08-04,2025-08-04 11:56:00,776.86,776.86,776.77,776.77,-0.01,95.1,72978.88,-1
2025-08-04,2025-08-04 11:57:00,776.77,776.77,776.68,776.68,-0.01,95.1,72978.88,-1
2025-08-04,2025-08-04 11:58:00,776.68,776.68,776.59,776.59,-0.01,95.1,72978.88,-1
2025-08-04,2025-08-04 11:59:00,776.59,776.59,776.5,776.5,-0.01,95.1,72978.88,-1
2025-08-04,2025-08-04 12:00:00,776.5,776.5,776.41,776.41,-0.01,95.1,72978.88,-1
2025-08-04,2025-08-04 12:01:00,776.41,776.41,776.31,776.31,-0.01,95.1,72978.88,-1
2025-08-04,2025-08-04 12:02:00,776.31,776.31,776.22,776.22,-0.01,95.1,72978.88,-1
2025-08-04,2025-08-04 12:03:00,776.22,776.22,776.13,776.13,-0.01,95.1,72978.88,-1
2025-08-04,2025-08-04 12:04:00,776.13,776.13,776.04,776.04,-0.01,95.1,72978.88,-1
2025-08-04,2025-08-04 12:05:00,776.04,776.04,775.95,775.95,-0.01,95.1,72978.88,-1
2025-08-04,2025-08-04 12:06:00,775.95,775.95,775.86,775.86,-0.01,95.1,72978.88,-1
2025-08-04,2025-08-04 12:07:00,775.86,775.86,775.76,775.76,-0.01,95.1,72978.88,-1
2025-08-04,2025-08-04 12:08:00,775.76,775.76,775.67,775.67,-0.01,95.1,72978.88,-1
2025-08-04,2025-08-04 12:09:00,775.67,775.67,775.58,775.58,-0.01,95.1,72978.88,-1
2025-08-04,2025-08-04 12:10:00,775.58,775.58,775.49,775.49,-0.01,95.1,72978.88,-1
2025-08-04,2025-08-04 12:11:00,775.49,775.49,775.4,775.4,-0.01,95.1,72978.88,-1
2025-08-04,2025-08-04 12:12:00,775.4,775.4,775.31,775.31,-0.01,95.1,72978.88,-1
2025-08-04,2025-08-04 12:13:00,775.31,775.31,775.21,775.21,-0.01,95.1,72978.88,-1
2025-08-04,2025-08-04 12:14:00,775.21,775.21,775.12,775.12,-0.01,95.1,72978.88,-1
2025-08-04,2025-08-04 12:15:00,775.12,775.12,775.03,775.03,-0.01,95.1,72978.88,-1
2025-08-04,2025-08-04 12:16:00,775.03,775.03,774.94,774.94,-0.01,95.1,72978.88,-1
2025-08-04,2025-08-04 12:17:00,774.94,774.94,774.85,774.85,-0.01,95.1,72978.88,-1
2025-08-04,2025-08-04 12:18:00,774.85,774.85,774.76,774.76,-0.01,95.1,72978.88,-1
2025-08-04,2025-08-04 12:19:00,774.76,774.76,774.66,774.66,-0.01,95.1,72978.88,-1
2025-08-04,2025-08-04 12:20:00,774.66,774.66,774.57,774.57,-0.01,95.1,72978.88,-1
2025-08-04,2025-08-04 12:21:00,774.57,774.57,774.48,774.48,-0.01,95.1,72978.88,-1
2025-08-04,2025-08-04 12:22:00,774.48,774.48,774.39,774.39,-0.01,95.1,72978.88,-1
2025-08-04,2025-08-04 12:23:00,774.39,774.39,774.3,774.3,-0.01,95.1,72978.88,-1
2025-08-04,2025-08-04 12:24:00,774.3,774.3,774.2,774.2,-0.01,95.1,72978.88,-1
2025-08-04,2025-08-04 12:25:00,774.2,774.2,774.11,774.11,-0.01,95.1,72978.88,-1
2025-08-04,2025-08-04 12:26:00,774.11,774.11,774.02,774.02,-0.01,95.1,72978.88,-1
2025-08-04,2025-08-04 12:27:00,774.02,774.02,773.93,773.93,-0.01,95.1,72978.88,-1
2025-08-04,2025-08-04 12:28:00,773.93,773.93,773.84,773.84,-0.01,95.1,72978.88,-1
2025-08-04,2025-08-04 12:29:00,773.84,773.84,773.75,773.75,-0.01,95.1,72978.88,-1
2025-08-04,2025-08-04 12:30:00,773.75,773.75,773.65,773.65,-0.01,95.1,72978.88,-1
2025-08-04,2025-08-04 12:31:00,773.65,773.65,773.56,773.56,-0.01,95.1,72978.88,-1
2025-08-04,2025-08-04 12:32:00,773.56,773.56,773.47,773.47,-0.01,95.1,72978.88,-1
2025-08-04,2025-08-04 12:33:00,773.47,773.47,773.38,773.38,-0.01,95.1,72978.88,-1
2025-08-04,2025-08-04 12:34:00,773.38,773.38,773.29,773.29,-0.01,95.1,72978.88,-1
2025-08-04,2025-08-04 12:35:00,773.29,773.29,773.2,773.2,-0.01,95.1,72978.88,-1
2025-08-04,2025-08-04 12:36:00,773.2,773.2,773.1,773.1,-0.01,95.1,72978.88,-1
2025-08-04,2025-08-04 12:37:00,773.1,773.1,773.01,773.01,-0.01,95.1,72978.88,-1
2025-08-04,2025-08-04 12:38:00,773.01,773.01,772.92,772.92,-0.01,95.1,72978.88,-1
2025-08-04,2025-08-04 12:39:00,772.92,772.92,772.83,772.83,-0.01,95.1,72978.88,-1
2025-08-04,2025-08-04 12:40:00,772.83,772.83,772.74,772.74,-0.01,95.1,72978.88,-1
2025-08-04,2025-08-04 12:41:00,772.74,772.74,772.65,772.65,-0.01,95.1,72978.88,-1
2025-08-04,2025-08-04 12:42:00,772.65,772.65,772.55,772.55,-0.01,95.1,72978.88,-1
2025-08-04,2025-08-04 12:43:00,772.55,772.55,772.46,772.46,-0.01,95.1,72978.88,-1
2025-08-04,2025-08-04 12:44:00,772.46,772.46,772.37,772.37,-0.01,95.1,72978.88,-1
2025-08-04,2025-08-04 12:45:00,772.37,772.37,772.28,772.28,-0.01,95.1,72978.88,-1
2025-08-04,2025-08-04 12:46:00,772.28,772.28,772.19,772.19,-0.01,95.1,72978.88,-1
2025-08-04,2025-08-04 12:47:00,772.19,772.19,772.1,772.1,-0.01,95.1,72978.88,-1
2025-08-04,2025-08-04 12:48:00,772.1,772.1,772.0,772.0,-0.01,95.1,72978.88,-1
2025-08-04,2025-08-04 12:49:00,772.0,772.0,771.91,771.91,-0.01,95.1,72978.88,-1
2025-08-04,2025-08-04 12:50:00,771.91,771.91,771.82,771.82,-0.01,95.1,72978.88,-1
2025-08-04,2025-08-04 12:51:00,771.82,771.82,771.73,771.73,-0.01,95.1,72978.88,-1
2025-08-04,2025-08-04 12:52:00,771.73,771.73,771.64,771.64,-0.01,95.1,72978.88,-1
2025-08-04,2025-08-04 12:53:00,771.64,771.64,771.55,771.55,-0.01,95.1,72978.88,-1
2025-08-04,2025-08-04 12:54:00,771.55,771.55,771.45,771.45,-0.01,95.1,72978.88,-1
2025-08-04,2025-08-04 12:55:00,771.45,771.45,771.36,771.36,-0.01,95.1,72978.88,-1
2025-08-04,2025-08-04 12:56:00,771.36,771.36,771.27,771.27,-0.01,95.1,72978.88,-1
2025-08-04,2025-08-04 12:57:00,771.27,771.27,771.18,771.18,-0.01,95.1,72978.88,-1
2025-08-04,2025-08-04 12:58:00,771.18,771.18,771.09,771.09,-0.01,95.1,72978.88,-1
2025-08-04,2025-08-04 12:59:00,771.09,771.09,771.0,771.0,-0.01,95.1,72978.88,-1
2025-08-04,2025-08-04 13:00:00,771.0,812.0,745.1,770.9,-0.01,95.1,72978.88,-1
2025-08-04,2025-08-04 13:01:00,770.9,770.9,770.81,770.81,-0.01,95.1,72978.88,-1
2025-08-04,2025-08-04 13:02:00,770.81,770.81,770.72,770.72,-0.01,95.1,72978.88,-1
2025-08-04,2025-08-04 13:03:00,770.72,770.72,770.63,770.63,-0.01,95.1,72978.88,-1
2025-08-04,2025-08-04 13:04:00,770.63,770.63,770.54,770.54,-0.01,95.1,72978.88,-1
2025-08-04,2025-08-04 13:05:00,770.54,770.54,770.44,770.44,-0.01,95.1,72978.88,-1
2025-08-04,2025-08-04 13:06:00,770.44,770.44,770.35,770.35,-0.01,95.1,72978.88,-1
2025-08-04,2025-08-04 13:07:00,770.35,770.35,770.26,770.26,-0.01,95.1,72978.88,-1
2025-08-04,2025-08-04 13:08:00,770.26,770.26,770.17,770.17,-0.01,95.1,72978.88,-1
2025-08-04,2025-08-04 13:09:00,770.17,770.17,770.08,770.08,-0.01,95.1,72978.88,-1
2025-08-04,2025-08-04 13:10:00,770.08,770.08,769.99,769.99,-0.01,95.1,72978.88,-1
2025-08-04,2025-08-04 13:11:00,769.99,769.99,769.89,769.89,-0.01,95.1,72978.88,-1
2025-08-04,2025-08-04 13:12:00,769.89,769.89,769.8,769.8,-0.01,95.1,72978.88,-1
2025-08-04,2025-08-04 13:13:00,769.8,769.8,769.71,769.71,-0.01,95.1,72978.88,-1
2025-08-04,2025-08-04 13:14:00,769.71,769.71,769.62,769.62,-0.01,95.1,72978.88,-1
2025-08-04,2025-08-04 13:15:00,769.62,769.62,769.53,769.53,-0.01,95.1,72978.88,-1
2025-08-04,2025-08-04 13:16:00,769.53,769.53,769.44,769.44,-0.01,95.1,72978.88,-1
2025-08-04,2025-08-04 13:17:00,769.44,769.44,769.34,769.34,-0.01,95.1,72978.88,-1
2025-08-04,2025-08-04 13:18:00,769.34,769.34,769.25,769.25,-0.01,95.1,72978.88,-1
2025-08-04,2025-08-04 13:19:00,769.25,769.25,769.16,769.16,-0.01,95.1,72978.88,-1
2025-08-04,2025-08-04 13:20:00,769.16,769.16,769.07,769.07,-0.01,95.1,72978.88,-1
2025-08-04,2025-08-04 13:21:00,769.07,769.07,768.98,768.98,-0.01,95.1,72978.88,-1
2025-08-04,2025-08-04 13:22:00,768.98,768.98,768.89,768.89,-0.01,95.1,72978.88,-1
2025-08-04,2025-08-04 13:23:00,768.89,768.89,768.79,768.79,-0.01,95.1,72978.88,-1
2025-08-04,2025-08-04 13:24:00,768.79,768.79,768.7,768.7,-0.01,95.1,72978.88,-1
2025-08-04,2025-08-04 13:25:00,768.7,768.7,768.61,768.61,-0.01,95.1,72978.88,-1
2025-08-04,2025-08-04 13:26:00,768.61,768.61,768.52,768.52,-0.01,95.1,72978.88,-1
2025-08-04,2025-08-04 13:27:00,768.52,768.52,768.43,768.43,-0.01,95.1,72978.88,-1
2025-08-04,2025-08-04 13:28:00,768.43,768.43,768.34,768.34,-0.01,95.1,72978.88,-1
2025-08-04,2025-08-04 13:29:00,768.34,768.34,768.24,768.24,-0.01,95.1,72978.88,-1
2025-08-04,2025-08-04 13:30:00,768.24,768.24,768.15,768.15,-0.01,95.1,72978.88,-1
2025-08-04,2025-08-04 13:31:00,768.15,768.15,768.06,768.06,-0.01,95.1,72978.88,-1
2025-08-04,2025-08-04 13:32:00,768.06,768.06,767.97,767.97,-0.01,95.1,72978.88,-1
2025-08-04,2025-08-04 13:33:00,767.97,767.97,767.88,767.88,-0.01,95.1,72978.88,-1
2025-08-04,2025-08-04 13:34:00,767.88,767.88,767.79,767.79,-0.01,95.1,72978.88,-1
2025-08-04,2025-08-04 13:35:00,767.79,767.79,767.69,767.69,-0.01,95.1,72978.88,-1
2025-08-04,2025-08-04 13:36:00,767.69,767.69,767.6,767.6,-0.01,95.1,72978.88,-1
2025-08-04,2025-08-04 13:37:00,767.6,767.6,767.51,767.51,-0.01,95.1,72978.88,-1
2025-08-04,2025-08-04 13:38:00,767.51,767.51,767.42,767.42,-0.01,95.1,72978.88,-1
2025-08-04,2025-08-04 13:39:00,767.42,767.42,767.33,767.33,-0.01,95.1,72978.88,-1
2025-08-04,2025-08-04 13:40:00,767.33,767.33,767.23,767.23,-0.01,95.1,72978.88,-1
2025-08-04,2025-08-04 13:41:00,767.23,767.23,767.14,767.14,-0.01,95.1,72978.88,-1
2025-08-04,2025-08-04 13:42:00,767.14,767.14,767.05,767.05,-0.01,95.1,72978.88,-1
2025-08-04,2025-08-04 13:43:00,767.05,767.05,766.96,766.96,-0.01,95.1,72978.88,-1
2025-08-04,2025-08-04 13:44:00,766.96,766.96,766.87,766.87,-0.01,95.1,72978.88,-1
2025-08-04,2025-08-04 13:45:00,766.87,766.87,766.78,766.78,-0.01,95.1,72978.88,-1
2025-08-04,2025-08-04 13:46:00,766.78,766.78,766.68,766.68,-0.01,95.1,72978.88,-1
2025-08-04,2025-08-04 13:47:00,766.68,766.68,766.59,766.59,-0.01,95.1,72978.88,-1
2025-08-04,2025-08-04 13:48:00,766.59,766.59,766.5,766.5,-0.01,95.1,72978.88,-1
2025-08-04,2025-08-04 13:49:00,766.5,766.5,766.41,766.41,-0.01,95.1,72978.88,-1
2025-08-04,2025-08-04 13:50:00,766.41,766.41,766.32,766.32,-0.01,95.1,72978.88,-1
2025-08-04,2025-08-04 13:51:00,766.32,766.32,766.23,766.23,-0.01,95.1,72978.88,-1
2025-08-04,2025-08-04 13:52:00,766.23,766.23,766.13,766.13,-0.01,95.1,72978.88,-1
2025-08-04,2025-08-04 13:53:00,766.13,766.13,766.04,766.04,-0.01,95.1,72978.88,-1
2025-08-04,2025-08-04 13:54:00,766.04,766.04,765.95,765.95,-0.01,95.1,72978.88,-1
2025-08-04,2025-08-04 13:55:00,765.95,765.95,765.86,765.86,-0.01,95.1,72978.88,-1
2025-08-04,2025-08-04 13:56:00,765.86,765.86,765.77,765.77,-0.01,95.1,72978.88,-1
2025-08-04,2025-08-04 13:57:00,765.77,765.77,765.68,765.68,-0.01,95.1,72978.88,-1
2025-08-04,2025-08-04 13:58:00,765.68,765.68,765.58,765.58,-0.01,95.1,72978.88,-1
2025-08-04,2025-08-04 13:59:00,765.58,765.58,765.49,765.49,-0.01,95.1,72978.88,-1
2025-08-04,2025-08-04 14:00:00,765.49,765.49,765.4,765.4,-0.01,95.1,72978.88,-1
2025-08-04,2025-08-04 14:01:00,765.4,765.4,765.31,765.31,-0.01,95.1,72978.88,-1
2025-08-04,2025-08-04 14:02:00,765.31,765.31,765.22,765.22,-0.01,95.1,72978.88,-1
2025-08-04,2025-08-04 14:03:00,765.22,765.22,765.13,765.13,-0.01,95.1,72978.88,-1
2025-08-04,2025-08-04 14:04:00,765.13,765.13,765.03,765.03,-0.01,95.1,72978.88,-1
2025-08-04,2025-08-04 14:05:00,765.03,765.03,764.94,764.94,-0.01,95.1,72978.88,-1
2025-08-04,2025-08-04 14:06:00,764.94,764.94,764.85,764.85,-0.01,95.1,72978.88,-1
2025-08-04,2025-08-04 14:07:00,764.85,764.85,764.76,764.76,-0.01,95.1,72978.88,-1
2025-08-04,2025-08-04 14:08:00,764.76,764.76,764.67,764.67,-0.01,95.1,72978.88,-1
2025-08-04,2025-08-04 14:09:00,764.67,764.67,764.58,764.58,-0.01,95.1,72978.88,-1
2025-08-04,2025-08-04 14:10:00,764.58,764.58,764.48,764.48,-0.01,95.1,72978.88,-1
2025-08-04,2025-08-04 14:11:00,764.48,764.48,764.39,764.39,-0.01,95.1,72978.88,-1
2025-08-04,2025-08-04 14:12:00,764.39,764.39,764.3,764.3,-0.01,95.1,72978.88,-1
2025-08-04,2025-08-04 14:13:00,764.3,764.3,764.21,764.21,-0.01,95.1,72978.88,-1
2025-08-04,2025-08-04 14:14:00,764.21,764.21,764.12,764.12,-0.01,95.1,72978.88,-1
2025-08-04,2025-08-04 14:15:00,764.12,764.12,764.03,764.03,-0.01,95.1,72978.88,-1
2025-08-04,2025-08-04 14:16:00,764.03,764.03,763.93,763.93,-0.01,95.1,72978.88,-1
2025-08-04,2025-08-04 14:17:00,763.93,763.93,763.84,763.84,-0.01,95.1,72978.88,-1
2025-08-04,2025-08-04 14:18:00,763.84,763.84,763.75,763.75,-0.01,95.1,72978.88,-1
2025-08-04,2025-08-04 14:19:00,763.75,763.75,763.66,763.66,-0.01,95.1,72978.88,-1
2025-08-04,2025-08-04 14:20:00,763.66,763.66,763.57,763.57,-0.01,95.1,72978.88,-1
2025-08-04,2025-08-04 14:21:00,763.57,763.57,763.47,763.47,-0.01,95.1,72978.88,-1
2025-08-04,2025-08-04 14:22:00,763.47,763.47,763.38,763.38,-0.01,95.1,72978.88,-1
2025-08-04,2025-08-04 14:23:00,763.38,763.38,763.29,763.29,-0.01,95.1,72978.88,-1
2025-08-04,2025-08-04 14:24:00,763.29,763.29,763.2,763.2,-0.01,95.1,72978.88,-1
2025-08-04,2025-08-04 14:25:00,763.2,763.2,763.11,763.11,-0.01,95.1,72978.88,-1
2025-08-04,2025-08-04 14:26:00,763.11,763.11,763.02,763.02,-0.01,95.1,72978.88,-1
2025-08-04,2025-08-04 14:27:00,763.02,763.02,762.92,762.92,-0.01,95.1,72978.88,-1
2025-08-04,2025-08-04 14:28:00,762.92,762.92,762.83,762.83,-0.01,95.1,72978.88,-1
2025-08-04,2025-08-04 14:29:00,762.83,762.83,762.74,762.74,-0.01,95.1,72978.88,-1
2025-08-04,2025-08-04 14:30:00,762.74,762.74,762.65,762.65,-0.01,95.1,72978.88,-1
2025-08-04,2025-08-04 14:31:00,762.65,762.65,762.56,762.56,-0.01,95.1,72978.88,-1
2025-08-04,2025-08-04 14:32:00,762.56,762.56,762.47,762.47,-0.01,95.1,72978.88,-1
2025-08-04,2025-08-04 14:33:00,762.47,762.47,762.37,762.37,-0.01,95.1,72978.88,-1
2025-08-04,2025-08-04 14:34:00,762.37,762.37,762.28,762.28,-0.01,95.1,72978.88,-1
2025-08-04,2025-08-04 14:35:00,762.28,762.28,762.19,762.19,-0.01,95.1,72978.88,-1
2025-08-04,2025-08-04 14:36:00,762.19,762.19,762.1,762.1,-0.01,95.1,72978.88,-1
2025-08-04,2025-08-04 14:37:00,762.1,762.1,762.01,762.01,-0.01,95.1,72978.88,-1
2025-08-04,2025-08-04 14:38:00,762.01,762.01,761.92,761.92,-0.01,95.1,72978.88,-1
2025-08-04,2025-08-04 14:39:00,761.92,761.92,761.82,761.82,-0.01,95.1,72978.88,-1
2025-08-04,2025-08-04 14:40:00,761.82,761.82,761.73,761.73,-0.01,95.1,72978.88,-1
2025-08-04,2025-08-04 14:41:00,761.73,761.73,761.64,761.64,-0.01,95.1,72978.88,-1
2025-08-04,2025-08-04 14:42:00,761.64,761.64,761.55,761.55,-0.01,95.1,72978.88,-1
2025-08-04,2025-08-04 14:43:00,761.55,761.55,761.46,761.46,-0.01,95.1,72978.88,-1
2025-08-04,2025-08-04 14:44:00,761.46,761.46,761.37,761.37,-0.01,95.1,72978.88,-1
2025-08-04,2025-08-04 14:45:00,761.37,761.37,761.27,761.27,-0.01,95.1,72978.88,-1
2025-08-04,2025-08-04 14:46:00,761.27,761.27,761.18,761.18,-0.01,95.1,72978.88,-1
2025-08-04,2025-08-04 14:47:00,761.18,761.18,761.09,761.09,-0.01,95.1,72978.88,-1
2025-08-04,2025-08-04 14:48:00,761.09,761.09,761.0,761.0,-0.01,95.1,72978.88,-1
2025-08-04,2025-08-04 14:49:00,761.0,761.0,760.91,760.91,-0.01,95.1,72978.88,-1
2025-08-04,2025-08-04 14:50:00,760.91,760.91,760.82,760.82,-0.01,95.1,72978.88,-1
2025-08-04,2025-08-04 14:51:00,760.82,760.82,760.72,760.72,-0.01,95.1,72978.88,-1
2025-08-04,2025-08-04 14:52:00,760.72,760.72,760.63,760.63,-0.01,95.1,72978.88,-1
2025-08-04,2025-08-04 14:53:00,760.63,760.63,760.54,760.54,-0.01,95.1,72978.88,-1
2025-08-04,2025-08-04 14:54:00,760.54,760.54,760.45,760.45,-0.01,95.1,72978.88,-1
2025-08-04,2025-08-04 14:55:00,760.45,760.45,760.36,760.36,-0.01,95.1,72978.88,-1
2025-08-04,2025-08-04 14:56:00,760.36,760.36,760.27,760.27,-0.01,95.1,72978.88,-1
2025-08-04,2025-08-04 14:57:00,760.27,760.27,760.17,760.17,-0.01,95.1,72978.88,-1
2025-08-04,2025-08-04 14:58:00,760.17,760.17,760.08,760.08,-0.01,95.1,72978.88,-1
2025-08-04,2025-08-04 14:59:00,760.08,760.08,759.99,759.99,-0.01,95.1,72978.88,-1
2025-08-04,2025-08-04 15:00:00,759.99,812.0,745.1,759.99,0.0,95.1,72978.88,0
2025-08-05,2025-08-05 11:00:00,745.0,758.5,745.0,745.05,0.01,258.15,199281.63,1
2025-08-05,2025-08-05 11:01:00,745.05,745.09,745.05,745.09,0.01,258.15,199281.63,1
2025-08-05,2025-08-05 11:02:00,745.09,745.14,745.09,745.14,0.01,258.15,199281.63,1
2025-08-05,2025-08-05 11:03:00,745.14,745.19,745.14,745.19,0.01,258.15,199281.63,1
2025-08-05,2025-08-05 11:04:00,745.19,745.23,745.19,745.23,0.01,258.15,199281.63,1
2025-08-05,2025-08-05 11:05:00,745.23,745.28,745.23,745.28,0.01,258.15,199281.63,1
2025-08-05,2025-08-05 11:06:00,745.28,745.33,745.28,745.33,0.01,258.15,199281.63,1
2025-08-05,2025-08-05 11:07:00,745.33,745.37,745.33,745.37,0.01,258.15,199281.63,1
2025-08-05,2025-08-05 11:08:00,745.37,745.42,745.37,745.42,0.01,258.15,199281.63,1
2025-08-05,2025-08-05 11:09:00,745.42,745.47,745.42,745.47,0.01,258.15,199281.63,1
2025-08-05,2025-08-05 11:10:00,745.47,745.51,745.47,745.51,0.01,258.15,199281.63,1
2025-08-05,2025-08-05 11:11:00,745.51,745.56,745.51,745.56,0.01,258.15,199281.63,1
2025-08-05,2025-08-05 11:12:00,745.56,745.61,745.56,745.61,0.01,258.15,199281.63,1
2025-08-05,2025-08-05 11:13:00,745.61,745.65,745.61,745.65,0.01,258.15,199281.63,1
2025-08-05,2025-08-05 11:14:00,745.65,745.7,745.65,745.7,0.01,258.15,199281.63,1
2025-08-05,2025-08-05 11:15:00,745.7,745.75,745.7,745.75,0.01,258.15,199281.63,1
2025-08-05,2025-08-05 11:16:00,745.75,745.79,745.75,745.79,0.01,258.15,199281.63,1
2025-08-05,2025-08-05 11:17:00,745.79,745.84,745.79,745.84,0.01,258.15,199281.63,1
2025-08-05,2025-08-05 11:18:00,745.84,745.89,745.84,745.89,0.01,258.15,199281.63,1
2025-08-05,2025-08-05 11:19:00,745.89,745.93,745.89,745.93,0.01,258.15,199281.63,1
2025-08-05,2025-08-05 11:20:00,745.93,745.98,745.93,745.98,0.01,258.15,199281.63,1
2025-08-05,2025-08-05 11:21:00,745.98,746.03,745.98,746.03,0.01,258.15,199281.63,1
2025-08-05,2025-08-05 11:22:00,746.03,746.07,746.03,746.07,0.01,258.15,199281.63,1
2025-08-05,2025-08-05 11:23:00,746.07,746.12,746.07,746.12,0.01,258.15,199281.63,1
2025-08-05,2025-08-05 11:24:00,746.12,746.17,746.12,746.17,0.01,258.15,199281.63,1
2025-08-05,2025-08-05 11:25:00,746.17,746.21,746.17,746.21,0.01,258.15,199281.63,1
2025-08-05,2025-08-05 11:26:00,746.21,746.26,746.21,746.26,0.01,258.15,199281.63,1
2025-08-05,2025-08-05 11:27:00,746.26,746.31,746.26,746.31,0.01,258.15,199281.63,1
2025-08-05,2025-08-05 11:28:00,746.31,746.35,746.31,746.35,0.01,258.15,199281.63,1
2025-08-05,2025-08-05 11:29:00,746.35,746.4,746.35,746.4,0.01,258.15,199281.63,1
2025-08-05,2025-08-05 11:30:00,746.4,746.45,746.4,746.45,0.01,258.15,199281.63,1
2025-08-05,2025-08-05 11:31:00,746.45,746.49,746.45,746.49,0.01,258.15,199281.63,1
2025-08-05,2025-08-05 11:32:00,746.49,746.54,746.49,746.54,0.01,258.15,199281.63,1
2025-08-05,2025-08-05 11:33:00,746.54,746.59,746.54,746.59,0.01,258.15,199281.63,1
2025-08-05,2025-08-05 11:34:00,746.59,746.63,746.59,746.63,0.01,258.15,199281.63,1
2025-08-05,2025-08-05 11:35:00,746.63,746.68,746.63,746.68,0.01,258.15,199281.63,1
2025-08-05,2025-08-05 11:36:00,746.68,746.73,746.68,746.73,0.01,258.15,199281.63,1
2025-08-05,2025-08-05 11:37:00,746.73,746.77,746.73,746.77,0.01,258.15,199281.63,1
2025-08-05,2025-08-05 11:38:00,746.77,746.82,746.77,746.82,0.01,258.15,199281.63,1
2025-08-05,2025-08-05 11:39:00,746.82,746.87,746.82,746.87,0.01,258.15,199281.63,1
2025-08-05,2025-08-05 11:40:00,746.87,746.91,746.87,746.91,0.01,258.15,199281.63,1
2025-08-05,2025-08-05 11:41:00,746.91,746.96,746.91,746.96,0.01,258.15,199281.63,1
2025-08-05,2025-08-05 11:42:00,746.96,747.01,746.96,747.01,0.01,258.15,199281.63,1
2025-08-05,2025-08-05 11:43:00,747.01,747.05,747.01,747.05,0.01,258.15,199281.63,1
2025-08-05,2025-08-05 11:44:00,747.05,747.1,747.05,747.1,0.01,258.15,199281.63,1
2025-08-05,2025-08-05 11:45:00,747.1,747.15,747.1,747.15,0.01,258.15,199281.63,1
2025-08-05,2025-08-05 11:46:00,747.15,747.19,747.15,747.19,0.01,258.15,199281.63,1
2025-08-05,2025-08-05 11:47:00,747.19,747.24,747.19,747.24,0.01,258.15,199281.63,1
2025-08-05,2025-08-05 11:48:00,747.24,747.29,747.24,747.29,0.01,258.15,199281.63,1
2025-08-05,2025-08-05 11:49:00,747.29,747.33,747.29,747.33,0.01,258.15,199281.63,1
2025-08-05,2025-08-05 11:50:00,747.33,747.38,747.33,747.38,0.01,258.15,199281.63,1
2025-08-05,2025-08-05 11:51:00,747.38,747.43,747.38,747.43,0.01,258.15,199281.63,1
2025-08-05,2025-08-05 11:52:00,747.43,747.47,747.43,747.47,0.01,258.15,199281.63,1
2025-08-05,2025-08-05 11:53:00,747.47,747.52,747.47,747.52,0.01,258.15,199281.63,1
2025-08-05,2025-08-05 11:54:00,747.52,747.57,747.52,747.57,0.01,258.15,199281.63,1
2025-08-05,2025-08-05 11:55:00,747.57,747.61,747.57,747.61,0.01,258.15,199281.63,1
2025-08-05,2025-08-05 11:56:00,747.61,747.66,747.61,747.66,0.01,258.15,199281.63,1
2025-08-05,2025-08-05 11:57:00,747.66,747.71,747.66,747.71,0.01,258.15,199281.63,1
2025-08-05,2025-08-05 11:58:00,747.71,747.75,747.71,747.75,0.01,258.15,199281.63,1
2025-08-05,2025-08-05 11:59:00,747.75,747.8,747.75,747.8,0.01,258.15,199281.63,1
2025-08-05,2025-08-05 12:00:00,747.8,747.85,747.8,747.85,0.01,258.15,199281.63,1
2025-08-05,2025-08-05 12:01:00,747.85,747.89,747.85,747.89,0.01,258.15,199281.63,1
2025-08-05,2025-08-05 12:02:00,747.89,747.94,747.89,747.94,0.01,258.15,199281.63,1
2025-08-05,2025-08-05 12:03:00,747.94,747.99,747.94,747.99,0.01,258.15,199281.63,1
2025-08-05,2025-08-05 12:04:00,747.99,748.03,747.99,748.03,0.01,258.15,199281.63,1
2025-08-05,2025-08-05 12:05:00,748.03,748.08,748.03,748.08,0.01,258.15,199281.63,1
2025-08-05,2025-08-05 12:06:00,748.08,748.13,748.08,748.13,0.01,258.15,199281.63,1
2025-08-05,2025-08-05 12:07:00,748.13,748.17,748.13,748.17,0.01,258.15,199281.63,1
2025-08-05,2025-08-05 12:08:00,748.17,748.22,748.17,748.22,0.01,258.15,199281.63,1
2025-08-05,2025-08-05 12:09:00,748.22,748.27,748.22,748.27,0.01,258.15,199281.63,1
2025-08-05,2025-08-05 12:10:00,748.27,748.31,748.27,748.31,0.01,258.15,199281.63,1
2025-08-05,2025-08-05 12:11:00,748.31,748.36,748.31,748.36,0.01,258.15,199281.63,1
2025-08-05,2025-08-05 12:12:00,748.36,748.41,748.36,748.41,0.01,258.15,199281.63,1
2025-08-05,2025-08-05 12:13:00,748.41,748.45,748.41,748.45,0.01,258.15,199281.63,1
2025-08-05,2025-08-05 12:14:00,748.45,748.5,748.45,748.5,0.01,258.15,199281.63,1
2025-08-05,2025-08-05 12:15:00,748.5,748.55,748.5,748.55,0.01,258.15,199281.63,1
2025-08-05,2025-08-05 12:16:00,748.55,748.59,748.55,748.59,0.01,258.15,199281.63,1
2025-08-05,2025-08-05 12:17:00,748.59,748.64,748.59,748.64,0.01,258.15,199281.63,1
2025-08-05,2025-08-05 12:18:00,748.64,748.69,748.64,748.69,0.01,258.15,199281.63,1
2025-08-05,2025-08-05 12:19:00,748.69,748.73,748.69,748.73,0.01,258.15,199281.63,1
2025-08-05,2025-08-05 12:20:00,748.73,748.78,748.73,748.78,0.01,258.15,199281.63,1
2025-08-05,2025-08-05 12:21:00,748.78,748.83,748.78,748.83,0.01,258.15,199281.63,1
2025-08-05,2025-08-05 12:22:00,748.83,748.87,748.83,748.87,0.01,258.15,199281.63,1
2025-08-05,2025-08-05 12:23:00,748.87,748.92,748.87,748.92,0.01,258.15,199281.63,1
2025-08-05,2025-08-05 12:24:00,748.92,748.97,748.92,748.97,0.01,258.15,199281.63,1
2025-08-05,2025-08-05 12:25:00,748.97,749.01,748.97,749.01,0.01,258.15,199281.63,1
2025-08-05,2025-08-05 12:26:00,749.01,749.06,749.01,749.06,0.01,258.15,199281.63,1
2025-08-05,2025-08-05 12:27:00,749.06,749.11,749.06,749.11,0.01,258.15,199281.63,1
2025-08-05,2025-08-05 12:28:00,749.11,749.15,749.11,749.15,0.01,258.15,199281.63,1
2025-08-05,2025-08-05 12:29:00,749.15,749.2,749.15,749.2,0.01,258.15,199281.63,1
2025-08-05,2025-08-05 12:30:00,749.2,749.25,749.2,749.25,0.01,258.15,199281.63,1
2025-08-05,2025-08-05 12:31:00,749.25,749.29,749.25,749.29,0.01,258.15,199281.63,1
2025-08-05,2025-08-05 12:32:00,749.29,749.34,749.29,749.34,0.01,258.15,199281.63,1
2025-08-05,2025-08-05 12:33:00,749.34,749.39,749.34,749.39,0.01,258.15,199281.63,1
2025-08-05,2025-08-05 12:34:00,749.39,749.43,749.39,749.43,0.01,258.15,199281.63,1
2025-08-05,2025-08-05 12:35:00,749.43,749.48,749.43,749.48,0.01,258.15,199281.63,1
2025-08-05,2025-08-05 12:36:00,749.48,749.53,749.48,749.53,0.01,258.15,199281.63,1
2025-08-05,2025-08-05 12:37:00,749.53,749.57,749.53,749.57,0.01,258.15,199281.63,1
2025-08-05,2025-08-05 12:38:00,749.57,749.62,749.57,749.62,0.01,258.15,199281.63,1
2025-08-05,2025-08-05 12:39:00,749.62,749.67,749.62,749.67,0.01,258.15,199281.63,1
2025-08-05,2025-08-05 12:40:00,749.67,749.71,749.67,749.71,0.01,258.15,199281.63,1
2025-08-05,2025-08-05 12:41:00,749.71,749.76,749.71,749.76,0.01,258.15,199281.63,1
2025-08-05,2025-08-05 12:42:00,749.76,749.81,749.76,749.81,0.01,258.15,199281.63,1
2025-08-05,2025-08-05 12:43:00,749.81,749.85,749.81,749.85,0.01,258.15,199281.63,1
2025-08-05,2025-08-05 12:44:00,749.85,749.9,749.85,749.9,0.01,258.15,199281.63,1
2025-08-05,2025-08-05 12:45:00,749.9,749.95,749.9,749.95,0.01,258.15,199281.63,1
2025-08-05,2025-08-05 12:46:00,749.95,749.99,749.95,749.99,0.01,258.15,199281.63,1
2025-08-05,2025-08-05 12:47:00,749.99,750.04,749.99,750.04,0.01,258.15,199281.63,1
2025-08-05,2025-08-05 12:48:00,750.04,750.09,750.04,750.09,0.01,258.15,199281.63,1
2025-08-05,2025-08-05 12:49:00,750.09,750.13,750.09,750.13,0.01,258.15,199281.63,1
2025-08-05,2025-08-05 12:50:00,750.13,750.18,750.13,750.18,0.01,258.15,199281.63,1
2025-08-05,2025-08-05 12:51:00,750.18,750.23,750.18,750.23,0.01,258.15,199281.63,1
2025-08-05,2025-08-05 12:52:00,750.23,750.27,750.23,750.27,0.01,258.15,199281.63,1
2025-08-05,2025-08-05 12:53:00,750.27,750.32,750.27,750.32,0.01,258.15,199281.63,1
2025-08-05,2025-08-05 12:54:00,750.32,750.37,750.32,750.37,0.01,258.15,199281.63,1
2025-08-05,2025-08-05 12:55:00,750.37,750.41,750.37,750.41,0.01,258.15,199281.63,1
2025-08-05,2025-08-05 12:56:00,750.41,750.46,750.41,750.46,0.01,258.15,199281.63,1
2025-08-05,2025-08-05 12:57:00,750.46,750.51,750.46,750.51,0.01,258.15,199281.63,1
2025-08-05,2025-08-05 12:58:00,750.51,750.55,750.51,750.55,0.01,258.15,199281.63,1
2025-08-05,2025-08-05 12:59:00,750.55,750.6,750.55,750.6,0.01,258.15,199281.63,1
2025-08-05,2025-08-05 13:00:00,750.6,790.0,745.0,750.65,0.01,258.15,199281.63,1
2025-08-05,2025-08-05 13:01:00,750.65,750.69,750.65,750.69,0.01,258.15,199281.63,1
2025-08-05,2025-08-05 13:02:00,750.69,750.74,750.69,750.74,0.01,258.15,199281.63,1
2025-08-05,2025-08-05 13:03:00,750.74,750.79,750.74,750.79,0.01,258.15,199281.63,1
2025-08-05,2025-08-05 13:04:00,750.79,750.83,750.79,750.83,0.01,258.15,199281.63,1
2025-08-05,2025-08-05 13:05:00,750.83,750.88,750.83,750.88,0.01,258.15,199281.63,1
2025-08-05,2025-08-05 13:06:00,750.88,750.93,750.88,750.93,0.01,258.15,199281.63,1
2025-08-05,2025-08-05 13:07:00,750.93,750.97,750.93,750.97,0.01,258.15,199281.63,1
2025-08-05,2025-08-05 13:08:00,750.97,751.02,750.97,751.02,0.01,258.15,199281.63,1
2025-08-05,2025-08-05 13:09:00,751.02,751.07,751.02,751.07,0.01,258.15,199281.63,1
2025-08-05,2025-08-05 13:10:00,751.07,751.11,751.07,751.11,0.01,258.15,199281.63,1
2025-08-05,2025-08-05 13:11:00,751.11,751.16,751.11,751.16,0.01,258.15,199281.63,1
2025-08-05,2025-08-05 13:12:00,751.16,751.21,751.16,751.21,0.01,258.15,199281.63,1
2025-08-05,2025-08-05 13:13:00,751.21,751.25,751.21,751.25,0.01,258.15,199281.63,1
2025-08-05,2025-08-05 13:14:00,751.25,751.3,751.25,751.3,0.01,258.15,199281.63,1
2025-08-05,2025-08-05 13:15:00,751.3,751.35,751.3,751.35,0.01,258.15,199281.63,1
2025-08-05,2025-08-05 13:16:00,751.35,751.39,751.35,751.39,0.01,258.15,199281.63,1
2025-08-05,2025-08-05 13:17:00,751.39,751.44,751.39,751.44,0.01,258.15,199281.63,1
2025-08-05,2025-08-05 13:18:00,751.44,751.49,751.44,751.49,0.01,258.15,199281.63,1
2025-08-05,2025-08-05 13:19:00,751.49,751.53,751.49,751.53,0.01,258.15,199281.63,1
2025-08-05,2025-08-05 13:20:00,751.53,751.58,751.53,751.58,0.01,258.15,199281.63,1
2025-08-05,2025-08-05 13:21:00,751.58,751.63,751.58,751.63,0.01,258.15,199281.63,1
2025-08-05,2025-08-05 13:22:00,751.63,751.67,751.63,751.67,0.01,258.15,199281.63,1
2025-08-05,2025-08-05 13:23:00,751.67,751.72,751.67,751.72,0.01,258.15,199281.63,1
2025-08-05,2025-08-05 13:24:00,751.72,751.77,751.72,751.77,0.01,258.15,199281.63,1
2025-08-05,2025-08-05 13:25:00,751.77,751.81,751.77,751.81,0.01,258.15,199281.63,1
2025-08-05,2025-08-05 13:26:00,751.81,751.86,751.81,751.86,0.01,258.15,199281.63,1
2025-08-05,2025-08-05 13:27:00,751.86,751.91,751.86,751.91,0.01,258.15,199281.63,1
2025-08-05,2025-08-05 13:28:00,751.91,751.95,751.91,751.95,0.01,258.15,199281.63,1
2025-08-05,2025-08-05 13:29:00,751.95,752.0,751.95,752.0,0.01,258.15,199281.63,1
2025-08-05,2025-08-05 13:30:00,752.0,752.05,752.0,752.05,0.01,258.15,199281.63,1
2025-08-05,2025-08-05 13:31:00,752.05,752.09,752.05,752.09,0.01,258.15,199281.63,1
2025-08-05,2025-08-05 13:32:00,752.09,752.14,752.09,752.14,0.01,258.15,199281.63,1
2025-08-05,2025-08-05 13:33:00,752.14,752.19,752.14,752.19,0.01,258.15,199281.63,1
2025-08-05,2025-08-05 13:34:00,752.19,752.23,752.19,752.23,0.01,258.15,199281.63,1
2025-08-05,2025-08-05 13:35:00,752.23,752.28,752.23,752.28,0.01,258.15,199281.63,1
2025-08-05,2025-08-05 13:36:00,752.28,752.33,752.28,752.33,0.01,258.15,199281.63,1
2025-08-05,2025-08-05 13:37:00,752.33,752.37,752.33,752.37,0.01,258.15,199281.63,1
2025-08-05,2025-08-05 13:38:00,752.37,752.42,752.37,752.42,0.01,258.15,199281.63,1
2025-08-05,2025-08-05 13:39:00,752.42,752.47,752.42,752.47,0.01,258.15,199281.63,1
2025-08-05,2025-08-05 13:40:00,752.47,752.51,752.47,752.51,0.01,258.15,199281.63,1
2025-08-05,2025-08-05 13:41:00,752.51,752.56,752.51,752.56,0.01,258.15,199281.63,1
2025-08-05,2025-08-05 13:42:00,752.56,752.61,752.56,752.61,0.01,258.15,199281.63,1
2025-08-05,2025-08-05 13:43:00,752.61,752.65,752.61,752.65,0.01,258.15,199281.63,1
2025-08-05,2025-08-05 13:44:00,752.65,752.7,752.65,752.7,0.01,258.15,199281.63,1
2025-08-05,2025-08-05 13:45:00,752.7,752.75,752.7,752.75,0.01,258.15,199281.63,1
2025-08-05,2025-08-05 13:46:00,752.75,752.79,752.75,752.79,0.01,258.15,199281.63,1
2025-08-05,2025-08-05 13:47:00,752.79,752.84,752.79,752.84,0.01,258.15,199281.63,1
2025-08-05,2025-08-05 13:48:00,752.84,752.89,752.84,752.89,0.01,258.15,199281.63,1
2025-08-05,2025-08-05 13:49:00,752.89,752.93,752.89,752.93,0.01,258.15,199281.63,1
2025-08-05,2025-08-05 13:50:00,752.93,752.98,752.93,752.98,0.01,258.15,199281.63,1
2025-08-05,2025-08-05 13:51:00,752.98,753.03,752.98,753.03,0.01,258.15,199281.63,1
2025-08-05,2025-08-05 13:52:00,753.03,753.07,753.03,753.07,0.01,258.15,199281.63,1
2025-08-05,2025-08-05 13:53:00,753.07,753.12,753.07,753.12,0.01,258.15,199281.63,1
2025-08-05,2025-08-05 13:54:00,753.12,753.17,753.12,753.17,0.01,258.15,199281.63,1
2025-08-05,2025-08-05 13:55:00,753.17,753.21,753.17,753.21,0.01,258.15,199281.63,1
2025-08-05,2025-08-05 13:56:00,753.21,753.26,753.21,753.26,0.01,258.15,199281.63,1
2025-08-05,2025-08-05 13:57:00,753.26,753.31,753.26,753.31,0.01,258.15,199281.63,1
2025-08-05,2025-08-05 13:58:00,753.31,753.35,753.31,753.35,0.01,258.15,199281.63,1
2025-08-05,2025-08-05 13:59:00,753.35,753.4,753.35,753.4,0.01,258.15,199281.63,1
2025-08-05,2025-08-05 14:00:00,753.4,753.45,753.4,753.45,0.01,258.15,199281.63,1
2025-08-05,2025-08-05 14:01:00,753.45,753.49,753.45,753.49,0.01,258.15,199281.63,1
2025-08-05,2025-08-05 14:02:00,753.49,753.54,753.49,753.54,0.01,258.15,199281.63,1
2025-08-05,2025-08-05 14:03:00,753.54,753.59,753.54,753.59,0.01,258.15,199281.63,1
2025-08-05,2025-08-05 14:04:00,753.59,753.63,753.59,753.63,0.01,258.15,199281.63,1
2025-08-05,2025-08-05 14:05:00,753.63,753.68,753.63,753.68,0.01,258.15,199281.63,1
2025-08-05,2025-08-05 14:06:00,753.68,753.73,753.68,753.73,0.01,258.15,199281.63,1
2025-08-05,2025-08-05 14:07:00,753.73,753.77,753.73,753.77,0.01,258.15,199281.63,1
2025-08-05,2025-08-05 14:08:00,753.77,753.82,753.77,753.82,0.01,258.15,199281.63,1
2025-08-05,2025-08-05 14:09:00,753.82,753.87,753.82,753.87,0.01,258.15,199281.63,1
2025-08-05,2025-08-05 14:10:00,753.87,753.91,753.87,753.91,0.01,258.15,199281.63,1
2025-08-05,2025-08-05 14:11:00,753.91,753.96,753.91,753.96,0.01,258.15,199281.63,1
2025-08-05,2025-08-05 14:12:00,753.96,754.01,753.96,754.01,0.01,258.15,199281.63,1
2025-08-05,2025-08-05 14:13:00,754.01,754.05,754.01,754.05,0.01,258.15,199281.63,1
2025-08-05,2025-08-05 14:14:00,754.05,754.1,754.05,754.1,0.01,258.15,199281.63,1
2025-08-05,2025-08-05 14:15:00,754.1,754.15,754.1,754.15,0.01,258.15,199281.63,1
2025-08-05,2025-08-05 14:16:00,754.15,754.19,754.15,754.19,0.01,258.15,199281.63,1
2025-08-05,2025-08-05 14:17:00,754.19,754.24,754.19,754.24,0.01,258.15,199281.63,1
2025-08-05,2025-08-05 14:18:00,754.24,754.29,754.24,754.29,0.01,258.15,199281.63,1
2025-08-05,2025-08-05 14:19:00,754.29,754.33,754.29,754.33,0.01,258.15,199281.63,1
2025-08-05,2025-08-05 14:20:00,754.33,754.38,754.33,754.38,0.01,258.15,199281.63,1
2025-08-05,2025-08-05 14:21:00,754.38,754.43,754.38,754.43,0.01,258.15,199281.63,1
2025-08-05,2025-08-05 14:22:00,754.43,754.47,754.43,754.47,0.01,258.15,199281.63,1
2025-08-05,2025-08-05 14:23:00,754.47,754.52,754.47,754.52,0.01,258.15,199281.63,1
2025-08-05,2025-08-05 14:24:00,754.52,754.57,754.52,754.57,0.01,258.15,199281.63,1
2025-08-05,2025-08-05 14:25:00,754.57,754.61,754.57,754.61,0.01,258.15,199281.63,1
2025-08-05,2025-08-05 14:26:00,754.61,754.66,754.61,754.66,0.01,258.15,199281.63,1
2025-08-05,2025-08-05 14:27:00,754.66,754.71,754.66,754.71,0.01,258.15,199281.63,1
2025-08-05,2025-08-05 14:28:00,754.71,754.75,754.71,754.75,0.01,258.15,199281.63,1
2025-08-05,2025-08-05 14:29:00,754.75,754.8,754.75,754.8,0.01,258.15,199281.63,1
2025-08-05,2025-08-05 14:30:00,754.8,754.85,754.8,754.85,0.01,258.15,199281.63,1
2025-08-05,2025-08-05 14:31:00,754.85,754.89,754.85,754.89,0.01,258.15,199281.63,1
2025-08-05,2025-08-05 14:32:00,754.89,754.94,754.89,754.94,0.01,258.15,199281.63,1
2025-08-05,2025-08-05 14:33:00,754.94,754.99,754.94,754.99,0.01,258.15,199281.63,1
2025-08-05,2025-08-05 14:34:00,754.99,755.03,754.99,755.03,0.01,258.15,199281.63,1
2025-08-05,2025-08-05 14:35:00,755.03,755.08,755.03,755.08,0.01,258.15,199281.63,1
2025-08-05,2025-08-05 14:36:00,755.08,755.13,755.08,755.13,0.01,258.15,199281.63,1
2025-08-05,2025-08-05 14:37:00,755.13,755.17,755.13,755.17,0.01,258.15,199281.63,1
2025-08-05,2025-08-05 14:38:00,755.17,755.22,755.17,755.22,0.01,258.15,199281.63,1
2025-08-05,2025-08-05 14:39:00,755.22,755.27,755.22,755.27,0.01,258.15,199281.63,1
2025-08-05,2025-08-05 14:40:00,755.27,755.31,755.27,755.31,0.01,258.15,199281.63,1
2025-08-05,2025-08-05 14:41:00,755.31,755.36,755.31,755.36,0.01,258.15,199281.63,1
2025-08-05,2025-08-05 14:42:00,755.36,755.41,755.36,755.41,0.01,258.15,199281.63,1
2025-08-05,2025-08-05 14:43:00,755.41,755.45,755.41,755.45,0.01,258.15,199281.63,1
2025-08-05,2025-08-05 14:44:00,755.45,755.5,755.45,755.5,0.01,258.15,199281.63,1
2025-08-05,2025-08-05 14:45:00,755.5,755.55,755.5,755.55,0.01,258.15,199281.63,1
2025-08-05,2025-08-05 14:46:00,755.55,755.59,755.55,755.59,0.01,258.15,199281.63,1
2025-08-05,2025-08-05 14:47:00,755.59,755.64,755.59,755.64,0.01,258.15,199281.63,1
2025-08-05,2025-08-05 14:48:00,755.64,755.69,755.64,755.69,0.01,258.15,199281.63,1
2025-08-05,2025-08-05 14:49:00,755.69,755.73,755.69,755.73,0.01,258.15,199281.63,1
2025-08-05,2025-08-05 14:50:00,755.73,755.78,755.73,755.78,0.01,258.15,199281.63,1
2025-08-05,2025-08-05 14:51:00,755.78,755.83,755.78,755.83,0.01,258.15,199281.63,1
2025-08-05,2025-08-05 14:52:00,755.83,755.87,755.83,755.87,0.01,258.15,199281.63,1
2025-08-05,2025-08-05 14:53:00,755.87,755.92,755.87,755.92,0.01,258.15,199281.63,1
2025-08-05,2025-08-05 14:54:00,755.92,755.97,755.92,755.97,0.01,258.15,199281.63,1
2025-08-05,2025-08-05 14:55:00,755.97,756.01,755.97,756.01,0.01,258.15,199281.63,1
2025-08-05,2025-08-05 14:56:00,756.01,756.06,756.01,756.06,0.01,258.15,199281.63,1
2025-08-05,2025-08-05 14:57:00,756.06,756.11,756.06,756.11,0.01,258.15,199281.63,1
2025-08-05,2025-08-05 14:58:00,756.11,756.15,756.11,756.15,0.01,258.15,199281.63,1
2025-08-05,2025-08-05 14:59:00,756.15,756.2,756.15,756.2,0.01,258.15,199281.63,1
2025-08-05,2025-08-05 15:00:00,756.2,790.0,745.0,756.2,0.0,258.15,199281.63,0
2025-08-06,2025-08-06 11:00:00,755.0,756.5,749.0,754.94,-0.01,50.45,37663.49,-1
2025-08-06,2025-08-06 11:01:00,754.94,754.94,754.89,754.89,-0.01,50.45,37663.49,-1
2025-08-06,2025-08-06 11:02:00,754.89,754.89,754.83,754.83,-0.01,50.45,37663.49,-1
2025-08-06,2025-08-06 11:03:00,754.83,754.83,754.77,754.77,-0.01,50.45,37663.49,-1
2025-08-06,2025-08-06 11:04:00,754.77,754.77,754.71,754.71,-0.01,50.45,37663.49,-1
2025-08-06,2025-08-06 11:05:00,754.71,754.71,754.66,754.66,-0.01,50.45,37663.49,-1
2025-08-06,2025-08-06 11:06:00,754.66,754.66,754.6,754.6,-0.01,50.45,37663.49,-1
2025-08-06,2025-08-06 11:07:00,754.6,754.6,754.54,754.54,-0.01,50.45,37663.49,-1
2025-08-06,2025-08-06 11:08:00,754.54,754.54,754.48,754.48,-0.01,50.45,37663.49,-1
2025-08-06,2025-08-06 11:09:00,754.48,754.48,754.43,754.43,-0.01,50.45,37663.49,-1
2025-08-06,2025-08-06 11:10:00,754.43,754.43,754.37,754.37,-0.01,50.45,37663.49,-1
2025-08-06,2025-08-06 11:11:00,754.37,754.37,754.31,754.31,-0.01,50.45,37663.49,-1
2025-08-06,2025-08-06 11:12:00,754.31,754.31,754.25,754.25,-0.01,50.45,37663.49,-1
2025-08-06,2025-08-06 11:13:00,754.25,754.25,754.2,754.2,-0.01,50.45,37663.49,-1
2025-08-06,2025-08-06 11:14:00,754.2,754.2,754.14,754.14,-0.01,50.45,37663.49,-1
2025-08-06,2025-08-06 11:15:00,754.14,754.14,754.08,754.08,-0.01,50.45,37663.49,-1
2025-08-06,2025-08-06 11:16:00,754.08,754.08,754.02,754.02,-0.01,50.45,37663.49,-1
2025-08-06,2025-08-06 11:17:00,754.02,754.02,753.97,753.97,-0.01,50.45,37663.49,-1
2025-08-06,2025-08-06 11:18:00,753.97,753.97,753.91,753.91,-0.01,50.45,37663.49,-1
2025-08-06,2025-08-06 11:19:00,753.91,753.91,753.85,753.85,-0.01,50.45,37663.49,-1
2025-08-06,2025-08-06 11:20:00,753.85,753.85,753.8,753.8,-0.01,50.45,37663.49,-1
2025-08-06,2025-08-06 11:21:00,753.8,753.8,753.74,753.74,-0.01,50.45,37663.49,-1
2025-08-06,2025-08-06 11:22:00,753.74,753.74,753.68,753.68,-0.01,50.45,37663.49,-1
2025-08-06,2025-08-06 11:23:00,753.68,753.68,753.62,753.62,-0.01,50.45,37663.49,-1
2025-08-06,2025-08-06 11:24:00,753.62,753.62,753.57,753.57,-0.01,50.45,37663.49,-1
2025-08-06,2025-08-06 11:25:00,753.57,753.57,753.51,753.51,-0.01,50.45,37663.49,-1
2025-08-06,2025-08-06 11:26:00,753.51,753.51,753.45,753.45,-0.01,50.45,37663.49,-1
2025-08-06,2025-08-06 11:27:00,753.45,753.45,753.39,753.39,-0.01,50.45,37663.49,-1
2025-08-06,2025-08-06 11:28:00,753.39,753.39,753.34,753.34,-0.01,50.45,37663.49,-1
2025-08-06,2025-08-06 11:29:00,753.34,753.34,753.28,753.28,-0.01,50.45,37663.49,-1
2025-08-06,2025-08-06 11:30:00,753.28,753.28,753.22,753.22,-0.01,50.45,37663.49,-1
2025-08-06,2025-08-06 11:31:00,753.22,753.22,753.16,753.16,-0.01,50.45,37663.49,-1
2025-08-06,2025-08-06 11:32:00,753.16,753.16,753.11,753.11,-0.01,50.45,37663.49,-1
2025-08-06,2025-08-06 11:33:00,753.11,753.11,753.05,753.05,-0.01,50.45,37663.49,-1
2025-08-06,2025-08-06 11:34:00,753.05,753.05,752.99,752.99,-0.01,50.45,37663.49,-1
2025-08-06,2025-08-06 11:35:00,752.99,752.99,752.93,752.93,-0.01,50.45,37663.49,-1
2025-08-06,2025-08-06 11:36:00,752.93,752.93,752.88,752.88,-0.01,50.45,37663.49,-1
2025-08-06,2025-08-06 11:37:00,752.88,752.88,752.82,752.82,-0.01,50.45,37663.49,-1
2025-08-06,2025-08-06 11:38:00,752.82,752.82,752.76,752.76,-0.01,50.45,37663.49,-1
2025-08-06,2025-08-06 11:39:00,752.76,752.76,752.71,752.71,-0.01,50.45,37663.49,-1
2025-08-06,2025-08-06 11:40:00,752.71,752.71,752.65,752.65,-0.01,50.45,37663.49,-1
2025-08-06,2025-08-06 11:41:00,752.65,752.65,752.59,752.59,-0.01,50.45,37663.49,-1
2025-08-06,2025-08-06 11:42:00,752.59,752.59,752.53,752.53,-0.01,50.45,37663.49,-1
2025-08-06,2025-08-06 11:43:00,752.53,752.53,752.48,752.48,-0.01,50.45,37663.49,-1
2025-08-06,2025-08-06 11:44:00,752.48,752.48,752.42,752.42,-0.01,50.45,37663.49,-1
2025-08-06,2025-08-06 11:45:00,752.42,752.42,752.36,752.36,-0.01,50.45,37663.49,-1
2025-08-06,2025-08-06 11:46:00,752.36,752.36,752.3,752.3,-0.01,50.45,37663.49,-1
2025-08-06,2025-08-06 11:47:00,752.3,752.3,752.25,752.25,-0.01,50.45,37663.49,-1
2025-08-06,2025-08-06 11:48:00,752.25,752.25,752.19,752.19,-0.01,50.45,37663.49,-1
2025-08-06,2025-08-06 11:49:00,752.19,752.19,752.13,752.13,-0.01,50.45,37663.49,-1
2025-08-06,2025-08-06 11:50:00,752.13,752.13,752.07,752.07,-0.01,50.45,37663.49,-1
2025-08-06,2025-08-06 11:51:00,752.07,752.07,752.02,752.02,-0.01,50.45,37663.49,-1
2025-08-06,2025-08-06 11:52:00,752.02,752.02,751.96,751.96,-0.01,50.45,37663.49,-1
2025-08-06,2025-08-06 11:53:00,751.96,751.96,751.9,751.9,-0.01,50.45,37663.49,-1
2025-08-06,2025-08-06 11:54:00,751.9,751.9,751.84,751.84,-0.01,50.45,37663.49,-1
2025-08-06,2025-08-06 11:55:00,751.84,751.84,751.79,751.79,-0.01,50.45,37663.49,-1
2025-08-06,2025-08-06 11:56:00,751.79,751.79,751.73,751.73,-0.01,50.45,37663.49,-1
2025-08-06,2025-08-06 11:57:00,751.73,751.73,751.67,751.67,-0.01,50.45,37663.49,-1
2025-08-06,2025-08-06 11:58:00,751.67,751.67,751.61,751.61,-0.01,50.45,37663.49,-1
2025-08-06,2025-08-06 11:59:00,751.61,751.61,751.56,751.56,-0.01,50.45,37663.49,-1
2025-08-06,2025-08-06 12:00:00,751.56,751.56,751.5,751.5,-0.01,50.45,37663.49,-1
2025-08-06,2025-08-06 12:01:00,751.5,751.5,751.44,751.44,-0.01,50.45,37663.49,-1
2025-08-06,2025-08-06 12:02:00,751.44,751.44,751.39,751.39,-0.01,50.45,37663.49,-1
2025-08-06,2025-08-06 12:03:00,751.39,751.39,751.33,751.33,-0.01,50.45,37663.49,-1
2025-08-06,2025-08-06 12:04:00,751.33,751.33,751.27,751.27,-0.01,50.45,37663.49,-1
2025-08-06,2025-08-06 12:05:00,751.27,751.27,751.21,751.21,-0.01,50.45,37663.49,-1
2025-08-06,2025-08-06 12:06:00,751.21,751.21,751.16,751.16,-0.01,50.45,37663.49,-1
2025-08-06,2025-08-06 12:07:00,751.16,751.16,751.1,751.1,-0.01,50.45,37663.49,-1
2025-08-06,2025-08-06 12:08:00,751.1,751.1,751.04,751.04,-0.01,50.45,37663.49,-1
2025-08-06,2025-08-06 12:09:00,751.04,751.04,750.98,750.98,-0.01,50.45,37663.49,-1
2025-08-06,2025-08-06 12:10:00,750.98,750.98,750.93,750.93,-0.01,50.45,37663.49,-1
2025-08-06,2025-08-06 12:11:00,750.93,750.93,750.87,750.87,-0.01,50.45,37663.49,-1
2025-08-06,2025-08-06 12:12:00,750.87,750.87,750.81,750.81,-0.01,50.45,37663.49,-1
2025-08-06,2025-08-06 12:13:00,750.81,750.81,750.75,750.75,-0.01,50.45,37663.49,-1
2025-08-06,2025-08-06 12:14:00,750.75,750.75,750.7,750.7,-0.01,50.45,37663.49,-1
2025-08-06,2025-08-06 12:15:00,750.7,750.7,750.64,750.64,-0.01,50.45,37663.49,-1
2025-08-06,2025-08-06 12:16:00,750.64,750.64,750.58,750.58,-0.01,50.45,37663.49,-1
2025-08-06,2025-08-06 12:17:00,750.58,750.58,750.52,750.52,-0.01,50.45,37663.49,-1
2025-08-06,2025-08-06 12:18:00,750.52,750.52,750.47,750.47,-0.01,50.45,37663.49,-1
2025-08-06,2025-08-06 12:19:00,750.47,750.47,750.41,750.41,-0.01,50.45,37663.49,-1
2025-08-06,2025-08-06 12:20:00,750.41,750.41,750.35,750.35,-0.01,50.45,37663.49,-1
2025-08-06,2025-08-06 12:21:00,750.35,750.35,750.3,750.3,-0.01,50.45,37663.49,-1
2025-08-06,2025-08-06 12:22:00,750.3,750.3,750.24,750.24,-0.01,50.45,37663.49,-1
2025-08-06,2025-08-06 12:23:00,750.24,750.24,750.18,750.18,-0.01,50.45,37663.49,-1
2025-08-06,2025-08-06 12:24:00,750.18,750.18,750.12,750.12,-0.01,50.45,37663.49,-1
2025-08-06,2025-08-06 12:25:00,750.12,750.12,750.07,750.07,-0.01,50.45,37663.49,-1
2025-08-06,2025-08-06 12:26:00,750.07,750.07,750.01,750.01,-0.01,50.45,37663.49,-1
2025-08-06,2025-08-06 12:27:00,750.01,750.01,749.95,749.95,-0.01,50.45,37663.49,-1
2025-08-06,2025-08-06 12:28:00,749.95,749.95,749.89,749.89,-0.01,50.45,37663.49,-1
2025-08-06,2025-08-06 12:29:00,749.89,749.89,749.84,749.84,-0.01,50.45,37663.49,-1
2025-08-06,2025-08-06 12:30:00,749.84,749.84,749.78,749.78,-0.01,50.45,37663.49,-1
2025-08-06,2025-08-06 12:31:00,749.78,749.78,749.72,749.72,-0.01,50.45,37663.49,-1
2025-08-06,2025-08-06 12:32:00,749.72,749.72,749.66,749.66,-0.01,50.45,37663.49,-1
2025-08-06,2025-08-06 12:33:00,749.66,749.66,749.61,749.61,-0.01,50.45,37663.49,-1
2025-08-06,2025-08-06 12:34:00,749.61,749.61,749.55,749.55,-0.01,50.45,37663.49,-1
2025-08-06,2025-08-06 12:35:00,749.55,749.55,749.49,749.49,-0.01,50.45,37663.49,-1
2025-08-06,2025-08-06 12:36:00,749.49,749.49,749.43,749.43,-0.01,50.45,37663.49,-1
2025-08-06,2025-08-06 12:37:00,749.43,749.43,749.38,749.38,-0.01,50.45,37663.49,-1
2025-08-06,2025-08-06 12:38:00,749.38,749.38,749.32,749.32,-0.01,50.45,37663.49,-1
2025-08-06,2025-08-06 12:39:00,749.32,749.32,749.26,749.26,-0.01,50.45,37663.49,-1
2025-08-06,2025-08-06 12:40:00,749.26,749.26,749.21,749.21,-0.01,50.45,37663.49,-1
2025-08-06,2025-08-06 12:41:00,749.21,749.21,749.15,749.15,-0.01,50.45,37663.49,-1
2025-08-06,2025-08-06 12:42:00,749.15,749.15,749.09,749.09,-0.01,50.45,37663.49,-1
2025-08-06,2025-08-06 12:43:00,749.09,749.09,749.03,749.03,-0.01,50.45,37663.49,-1
2025-08-06,2025-08-06 12:44:00,749.03,749.03,748.98,748.98,-0.01,50.45,37663.49,-1
2025-08-06,2025-08-06 12:45:00,748.98,748.98,748.92,748.92,-0.01,50.45,37663.49,-1
2025-08-06,2025-08-06 12:46:00,748.92,748.92,748.86,748.86,-0.01,50.45,37663.49,-1
2025-08-06,2025-08-06 12:47:00,748.86,748.86,748.8,748.8,-0.01,50.45,37663.49,-1
2025-08-06,2025-08-06 12:48:00,748.8,748.8,748.75,748.75,-0.01,50.45,37663.49,-1
2025-08-06,2025-08-06 12:49:00,748.75,748.75,748.69,748.69,-0.01,50.45,37663.49,-1
2025-08-06,2025-08-06 12:50:00,748.69,748.69,748.63,748.63,-0.01,50.45,37663.49,-1
2025-08-06,2025-08-06 12:51:00,748.63,748.63,748.57,748.57,-0.01,50.45,37663.49,-1
2025-08-06,2025-08-06 12:52:00,748.57,748.57,748.52,748.52,-0.01,50.45,37663.49,-1
2025-08-06,2025-08-06 12:53:00,748.52,748.52,748.46,748.46,-0.01,50.45,37663.49,-1
2025-08-06,2025-08-06 12:54:00,748.46,748.46,748.4,748.4,-0.01,50.45,37663.49,-1
2025-08-06,2025-08-06 12:55:00,748.4,748.4,748.34,748.34,-0.01,50.45,37663.49,-1
2025-08-06,2025-08-06 12:56:00,748.34,748.34,748.29,748.29,-0.01,50.45,37663.49,-1
2025-08-06,2025-08-06 12:57:00,748.29,748.29,748.23,748.23,-0.01,50.45,37663.49,-1
2025-08-06,2025-08-06 12:58:00,748.23,748.23,748.17,748.17,-0.01,50.45,37663.49,-1
2025-08-06,2025-08-06 12:59:00,748.17,748.17,748.12,748.12,-0.01,50.45,37663.49,-1
2025-08-06,2025-08-06 13:00:00,748.12,760.0,735.0,748.06,-0.01,50.45,37663.49,-1
2025-08-06,2025-08-06 13:01:00,748.06,748.06,748.0,748.0,-0.01,50.45,37663.49,-1
2025-08-06,2025-08-06 13:02:00,748.0,748.0,747.94,747.94,-0.01,50.45,37663.49,-1
2025-08-06,2025-08-06 13:03:00,747.94,747.94,747.89,747.89,-0.01,50.45,37663.49,-1
2025-08-06,2025-08-06 13:04:00,747.89,747.89,747.83,747.83,-0.01,50.45,37663.49,-1
2025-08-06,2025-08-06 13:05:00,747.83,747.83,747.77,747.77,-0.01,50.45,37663.49,-1
2025-08-06,2025-08-06 13:06:00,747.77,747.77,747.71,747.71,-0.01,50.45,37663.49,-1
2025-08-06,2025-08-06 13:07:00,747.71,747.71,747.66,747.66,-0.01,50.45,37663.49,-1
2025-08-06,2025-08-06 13:08:00,747.66,747.66,747.6,747.6,-0.01,50.45,37663.49,-1
2025-08-06,2025-08-06 13:09:00,747.6,747.6,747.54,747.54,-0.01,50.45,37663.49,-1
2025-08-06,2025-08-06 13:10:00,747.54,747.54,747.48,747.48,-0.01,50.45,37663.49,-1
2025-08-06,2025-08-06 13:11:00,747.48,747.48,747.43,747.43,-0.01,50.45,37663.49,-1
2025-08-06,2025-08-06 13:12:00,747.43,747.43,747.37,747.37,-0.01,50.45,37663.49,-1
2025-08-06,2025-08-06 13:13:00,747.37,747.37,747.31,747.31,-0.01,50.45,37663.49,-1
2025-08-06,2025-08-06 13:14:00,747.31,747.31,747.25,747.25,-0.01,50.45,37663.49,-1
2025-08-06,2025-08-06 13:15:00,747.25,747.25,747.2,747.2,-0.01,50.45,37663.49,-1
2025-08-06,2025-08-06 13:16:00,747.2,747.2,747.14,747.14,-0.01,50.45,37663.49,-1
2025-08-06,2025-08-06 13:17:00,747.14,747.14,747.08,747.08,-0.01,50.45,37663.49,-1
2025-08-06,2025-08-06 13:18:00,747.08,747.08,747.02,747.02,-0.01,50.45,37663.49,-1
2025-08-06,2025-08-06 13:19:00,747.02,747.02,746.97,746.97,-0.01,50.45,37663.49,-1
2025-08-06,2025-08-06 13:20:00,746.97,746.97,746.91,746.91,-0.01,50.45,37663.49,-1
2025-08-06,2025-08-06 13:21:00,746.91,746.91,746.85,746.85,-0.01,50.45,37663.49,-1
2025-08-06,2025-08-06 13:22:00,746.85,746.85,746.8,746.8,-0.01,50.45,37663.49,-1
2025-08-06,2025-08-06 13:23:00,746.8,746.8,746.74,746.74,-0.01,50.45,37663.49,-1
2025-08-06,2025-08-06 13:24:00,746.74,746.74,746.68,746.68,-0.01,50.45,37663.49,-1
2025-08-06,2025-08-06 13:25:00,746.68,746.68,746.62,746.62,-0.01,50.45,37663.49,-1
2025-08-06,2025-08-06 13:26:00,746.62,746.62,746.57,746.57,-0.01,50.45,37663.49,-1
2025-08-06,2025-08-06 13:27:00,746.57,746.57,746.51,746.51,-0.01,50.45,37663.49,-1
2025-08-06,2025-08-06 13:28:00,746.51,746.51,746.45,746.45,-0.01,50.45,37663.49,-1
2025-08-06,2025-08-06 13:29:00,746.45,746.45,746.39,746.39,-0.01,50.45,37663.49,-1
2025-08-06,2025-08-06 13:30:00,746.39,746.39,746.34,746.34,-0.01,50.45,37663.49,-1
2025-08-06,2025-08-06 13:31:00,746.34,746.34,746.28,746.28,-0.01,50.45,37663.49,-1
2025-08-06,2025-08-06 13:32:00,746.28,746.28,746.22,746.22,-0.01,50.45,37663.49,-1
2025-08-06,2025-08-06 13:33:00,746.22,746.22,746.16,746.16,-0.01,50.45,37663.49,-1
2025-08-06,2025-08-06 13:34:00,746.16,746.16,746.11,746.11,-0.01,50.45,37663.49,-1
2025-08-06,2025-08-06 13:35:00,746.11,746.11,746.05,746.05,-0.01,50.45,37663.49,-1
2025-08-06,2025-08-06 13:36:00,746.05,746.05,745.99,745.99,-0.01,50.45,37663.49,-1
2025-08-06,2025-08-06 13:37:00,745.99,745.99,745.93,745.93,-0.01,50.45,37663.49,-1
2025-08-06,2025-08-06 13:38:00,745.93,745.93,745.88,745.88,-0.01,50.45,37663.49,-1
2025-08-06,2025-08-06 13:39:00,745.88,745.88,745.82,745.82,-0.01,50.45,37663.49,-1
2025-08-06,2025-08-06 13:40:00,745.82,745.82,745.76,745.76,-0.01,50.45,37663.49,-1
2025-08-06,2025-08-06 13:41:00,745.76,745.76,745.71,745.71,-0.01,50.45,37663.49,-1
2025-08-06,2025-08-06 13:42:00,745.71,745.71,745.65,745.65,-0.01,50.45,37663.49,-1
2025-08-06,2025-08-06 13:43:00,745.65,745.65,745.59,745.59,-0.01,50.45,37663.49,-1
2025-08-06,2025-08-06 13:44:00,745.59,745.59,745.53,745.53,-0.01,50.45,37663.49,-1
2025-08-06,2025-08-06 13:45:00,745.53,745.53,745.48,745.48,-0.01,50.45,37663.49,-1
2025-08-06,2025-08-06 13:46:00,745.48,745.48,745.42,745.42,-0.01,50.45,37663.49,-1
2025-08-06,2025-08-06 13:47:00,745.42,745.42,745.36,745.36,-0.01,50.45,37663.49,-1
2025-08-06,2025-08-06 13:48:00,745.36,745.36,745.3,745.3,-0.01,50.45,37663.49,-1
2025-08-06,2025-08-06 13:49:00,745.3,745.3,745.25,745.25,-0.01,50.45,37663.49,-1
2025-08-06,2025-08-06 13:50:00,745.25,745.25,745.19,745.19,-0.01,50.45,37663.49,-1
2025-08-06,2025-08-06 13:51:00,745.19,745.19,745.13,745.13,-0.01,50.45,37663.49,-1
2025-08-06,2025-08-06 13:52:00,745.13,745.13,745.07,745.07,-0.01,50.45,37663.49,-1
2025-08-06,2025-08-06 13:53:00,745.07,745.07,745.02,745.02,-0.01,50.45,37663.49,-1
2025-08-06,2025-08-06 13:54:00,745.02,745.02,744.96,744.96,-0.01,50.45,37663.49,-1
2025-08-06,2025-08-06 13:55:00,744.96,744.96,744.9,744.9,-0.01,50.45,37663.49,-1
2025-08-06,2025-08-06 13:56:00,744.9,744.9,744.84,744.84,-0.01,50.45,37663.49,-1
2025-08-06,2025-08-06 13:57:00,744.84,744.84,744.79,744.79,-0.01,50.45,37663.49,-1
2025-08-06,2025-08-06 13:58:00,744.79,744.79,744.73,744.73,-0.01,50.45,37663.49,-1
2025-08-06,2025-08-06 13:59:00,744.73,744.73,744.67,744.67,-0.01,50.45,37663.49,-1
2025-08-06,2025-08-06 14:00:00,744.67,744.67,744.62,744.62,-0.01,50.45,37663.49,-1
2025-08-06,2025-08-06 14:01:00,744.62,744.62,744.56,744.56,-0.01,50.45,37663.49,-1
2025-08-06,2025-08-06 14:02:00,744.56,744.56,744.5,744.5,-0.01,50.45,37663.49,-1
2025-08-06,2025-08-06 14:03:00,744.5,744.5,744.44,744.44,-0.01,50.45,37663.49,-1
2025-08-06,2025-08-06 14:04:00,744.44,744.44,744.39,744.39,-0.01,50.45,37663.49,-1
2025-08-06,2025-08-06 14:05:00,744.39,744.39,744.33,744.33,-0.01,50.45,37663.49,-1
2025-08-06,2025-08-06 14:06:00,744.33,744.33,744.27,744.27,-0.01,50.45,37663.49,-1
2025-08-06,2025-08-06 14:07:00,744.27,744.27,744.21,744.21,-0.01,50.45,37663.49,-1
2025-08-06,2025-08-06 14:08:00,744.21,744.21,744.16,744.16,-0.01,50.45,37663.49,-1
2025-08-06,2025-08-06 14:09:00,744.16,744.16,744.1,744.1,-0.01,50.45,37663.49,-1
2025-08-06,2025-08-06 14:10:00,744.1,744.1,744.04,744.04,-0.01,50.45,37663.49,-1
2025-08-06,2025-08-06 14:11:00,744.04,744.04,743.98,743.98,-0.01,50.45,37663.49,-1
2025-08-06,2025-08-06 14:12:00,743.98,743.98,743.93,743.93,-0.01,50.45,37663.49,-1
2025-08-06,2025-08-06 14:13:00,743.93,743.93,743.87,743.87,-0.01,50.45,37663.49,-1
2025-08-06,2025-08-06 14:14:00,743.87,743.87,743.81,743.81,-0.01,50.45,37663.49,-1
2025-08-06,2025-08-06 14:15:00,743.81,743.81,743.75,743.75,-0.01,50.45,37663.49,-1
2025-08-06,2025-08-06 14:16:00,743.75,743.75,743.7,743.7,-0.01,50.45,37663.49,-1
2025-08-06,2025-08-06 14:17:00,743.7,743.7,743.64,743.64,-0.01,50.45,37663.49,-1
2025-08-06,2025-08-06 14:18:00,743.64,743.64,743.58,743.58,-0.01,50.45,37663.49,-1
2025-08-06,2025-08-06 14:19:00,743.58,743.58,743.52,743.52,-0.01,50.45,37663.49,-1
2025-08-06,2025-08-06 14:20:00,743.52,743.52,743.47,743.47,-0.01,50.45,37663.49,-1
2025-08-06,2025-08-06 14:21:00,743.47,743.47,743.41,743.41,-0.01,50.45,37663.49,-1
2025-08-06,2025-08-06 14:22:00,743.41,743.41,743.35,743.35,-0.01,50.45,37663.49,-1
2025-08-06,2025-08-06 14:23:00,743.35,743.35,743.3,743.3,-0.01,50.45,37663.49,-1
2025-08-06,2025-08-06 14:24:00,743.3,743.3,743.24,743.24,-0.01,50.45,37663.49,-1
2025-08-06,2025-08-06 14:25:00,743.24,743.24,743.18,743.18,-0.01,50.45,37663.49,-1
2025-08-06,2025-08-06 14:26:00,743.18,743.18,743.12,743.12,-0.01,50.45,37663.49,-1
2025-08-06,2025-08-06 14:27:00,743.12,743.12,743.07,743.07,-0.01,50.45,37663.49,-1
2025-08-06,2025-08-06 14:28:00,743.07,743.07,743.01,743.01,-0.01,50.45,37663.49,-1
2025-08-06,2025-08-06 14:29:00,743.01,743.01,742.95,742.95,-0.01,50.45,37663.49,-1
2025-08-06,2025-08-06 14:30:00,742.95,742.95,742.89,742.89,-0.01,50.45,37663.49,-1
2025-08-06,2025-08-06 14:31:00,742.89,742.89,742.84,742.84,-0.01,50.45,37663.49,-1
2025-08-06,2025-08-06 14:32:00,742.84,742.84,742.78,742.78,-0.01,50.45,37663.49,-1
2025-08-06,2025-08-06 14:33:00,742.78,742.78,742.72,742.72,-0.01,50.45,37663.49,-1
2025-08-06,2025-08-06 14:34:00,742.72,742.72,742.66,742.66,-0.01,50.45,37663.49,-1
2025-08-06,2025-08-06 14:35:00,742.66,742.66,742.61,742.61,-0.01,50.45,37663.49,-1
2025-08-06,2025-08-06 14:36:00,742.61,742.61,742.55,742.55,-0.01,50.45,37663.49,-1
2025-08-06,2025-08-06 14:37:00,742.55,742.55,742.49,742.49,-0.01,50.45,37663.49,-1
2025-08-06,2025-08-06 14:38:00,742.49,742.49,742.43,742.43,-0.01,50.45,37663.49,-1
2025-08-06,2025-08-06 14:39:00,742.43,742.43,742.38,742.38,-0.01,50.45,37663.49,-1
2025-08-06,2025-08-06 14:40:00,742.38,742.38,742.32,742.32,-0.01,50.45,37663.49,-1
2025-08-06,2025-08-06 14:41:00,742.32,742.32,742.26,742.26,-0.01,50.45,37663.49,-1
2025-08-06,2025-08-06 14:42:00,742.26,742.26,742.21,742.21,-0.01,50.45,37663.49,-1
2025-08-06,2025-08-06 14:43:00,742.21,742.21,742.15,742.15,-0.01,50.45,37663.49,-1
2025-08-06,2025-08-06 14:44:00,742.15,742.15,742.09,742.09,-0.01,50.45,37663.49,-1
2025-08-06,2025-08-06 14:45:00,742.09,742.09,742.03,742.03,-0.01,50.45,37663.49,-1
2025-08-06,2025-08-06 14:46:00,742.03,742.03,741.98,741.98,-0.01,50.45,37663.49,-1
2025-08-06,2025-08-06 14:47:00,741.98,741.98,741.92,741.92,-0.01,50.45,37663.49,-1
2025-08-06,2025-08-06 14:48:00,741.92,741.92,741.86,741.86,-0.01,50.45,37663.49,-1
2025-08-06,2025-08-06 14:49:00,741.86,741.86,741.8,741.8,-0.01,50.45,37663.49,-1
2025-08-06,2025-08-06 14:50:00,741.8,741.8,741.75,741.75,-0.01,50.45,37663.49,-1
2025-08-06,2025-08-06 14:51:00,741.75,741.75,741.69,741.69,-0.01,50.45,37663.49,-1
2025-08-06,2025-08-06 14:52:00,741.69,741.69,741.63,741.63,-0.01,50.45,37663.49,-1
2025-08-06,2025-08-06 14:53:00,741.63,741.63,741.57,741.57,-0.01,50.45,37663.49,-1
2025-08-06,2025-08-06 14:54:00,741.57,741.57,741.52,741.52,-0.01,50.45,37663.49,-1
2025-08-06,2025-08-06 14:55:00,741.52,741.52,741.46,741.46,-0.01,50.45,37663.49,-1
2025-08-06,2025-08-06 14:56:00,741.46,741.46,741.4,741.4,-0.01,50.45,37663.49,-1
2025-08-06,2025-08-06 14:57:00,741.4,741.4,741.34,741.34,-0.01,50.45,37663.49,-1
2025-08-06,2025-08-06 14:58:00,741.34,741.34,741.29,741.29,-0.01,50.45,37663.49,-1
2025-08-06,2025-08-06 14:59:00,741.29,741.29,741.23,741.23,-0.01,50.45,37663.49,-1
2025-08-06,2025-08-06 15:00:00,741.23,760.0,735.0,741.23,0.0,50.45,37663.49,0
2025-08-07,2025-08-07 11:00:00,735.0,747.0,735.0,735.11,0.01,68.36,52340.62,1
2025-08-07,2025-08-07 11:01:00,735.11,735.21,735.11,735.21,0.01,68.36,52340.62,1
2025-08-07,2025-08-07 11:02:00,735.21,735.32,735.21,735.32,0.01,68.36,52340.62,1
2025-08-07,2025-08-07 11:03:00,735.32,735.43,735.32,735.43,0.01,68.36,52340.62,1
2025-08-07,2025-08-07 11:04:00,735.43,735.53,735.43,735.53,0.01,68.36,52340.62,1
2025-08-07,2025-08-07 11:05:00,735.53,735.64,735.53,735.64,0.01,68.36,52340.62,1
2025-08-07,2025-08-07 11:06:00,735.64,735.75,735.64,735.75,0.01,68.36,52340.62,1
2025-08-07,2025-08-07 11:07:00,735.75,735.85,735.75,735.85,0.01,68.36,52340.62,1
2025-08-07,2025-08-07 11:08:00,735.85,735.96,735.85,735.96,0.01,68.36,52340.62,1
2025-08-07,2025-08-07 11:09:00,735.96,736.07,735.96,736.07,0.01,68.36,52340.62,1
2025-08-07,2025-08-07 11:10:00,736.07,736.17,736.07,736.17,0.01,68.36,52340.62,1
2025-08-07,2025-08-07 11:11:00,736.17,736.28,736.17,736.28,0.01,68.36,52340.62,1
2025-08-07,2025-08-07 11:12:00,736.28,736.39,736.28,736.39,0.01,68.36,52340.62,1
2025-08-07,2025-08-07 11:13:00,736.39,736.49,736.39,736.49,0.01,68.36,52340.62,1
2025-08-07,2025-08-07 11:14:00,736.49,736.6,736.49,736.6,0.01,68.36,52340.62,1
2025-08-07,2025-08-07 11:15:00,736.6,736.7,736.6,736.7,0.01,68.36,52340.62,1
2025-08-07,2025-08-07 11:16:00,736.7,736.81,736.7,736.81,0.01,68.36,52340.62,1
2025-08-07,2025-08-07 11:17:00,736.81,736.92,736.81,736.92,0.01,68.36,52340.62,1
2025-08-07,2025-08-07 11:18:00,736.92,737.02,736.92,737.02,0.01,68.36,52340.62,1
2025-08-07,2025-08-07 11:19:00,737.02,737.13,737.02,737.13,0.01,68.36,52340.62,1
2025-08-07,2025-08-07 11:20:00,737.13,737.24,737.13,737.24,0.01,68.36,52340.62,1
2025-08-07,2025-08-07 11:21:00,737.24,737.34,737.24,737.34,0.01,68.36,52340.62,1
2025-08-07,2025-08-07 11:22:00,737.34,737.45,737.34,737.45,0.01,68.36,52340.62,1
2025-08-07,2025-08-07 11:23:00,737.45,737.56,737.45,737.56,0.01,68.36,52340.62,1
2025-08-07,2025-08-07 11:24:00,737.56,737.66,737.56,737.66,0.01,68.36,52340.62,1
2025-08-07,2025-08-07 11:25:00,737.66,737.77,737.66,737.77,0.01,68.36,52340.62,1
2025-08-07,2025-08-07 11:26:00,737.77,737.88,737.77,737.88,0.01,68.36,52340.62,1
2025-08-07,2025-08-07 11:27:00,737.88,737.98,737.88,737.98,0.01,68.36,52340.62,1
2025-08-07,2025-08-07 11:28:00,737.98,738.09,737.98,738.09,0.01,68.36,52340.62,1
2025-08-07,2025-08-07 11:29:00,738.09,738.2,738.09,738.2,0.01,68.36,52340.62,1
2025-08-07,2025-08-07 11:30:00,738.2,738.3,738.2,738.3,0.01,68.36,52340.62,1
2025-08-07,2025-08-07 11:31:00,738.3,738.41,738.3,738.41,0.01,68.36,52340.62,1
2025-08-07,2025-08-07 11:32:00,738.41,738.52,738.41,738.52,0.01,68.36,52340.62,1
2025-08-07,2025-08-07 11:33:00,738.52,738.62,738.52,738.62,0.01,68.36,52340.62,1
2025-08-07,2025-08-07 11:34:00,738.62,738.73,738.62,738.73,0.01,68.36,52340.62,1
2025-08-07,2025-08-07 11:35:00,738.73,738.84,738.73,738.84,0.01,68.36,52340.62,1
2025-08-07,2025-08-07 11:36:00,738.84,738.94,738.84,738.94,0.01,68.36,52340.62,1
2025-08-07,2025-08-07 11:37:00,738.94,739.05,738.94,739.05,0.01,68.36,52340.62,1
2025-08-07,2025-08-07 11:38:00,739.05,739.16,739.05,739.16,0.01,68.36,52340.62,1
2025-08-07,2025-08-07 11:39:00,739.16,739.26,739.16,739.26,0.01,68.36,52340.62,1
2025-08-07,2025-08-07 11:40:00,739.26,739.37,739.26,739.37,0.01,68.36,52340.62,1
2025-08-07,2025-08-07 11:41:00,739.37,739.47,739.37,739.47,0.01,68.36,52340.62,1
2025-08-07,2025-08-07 11:42:00,739.47,739.58,739.47,739.58,0.01,68.36,52340.62,1
2025-08-07,2025-08-07 11:43:00,739.58,739.69,739.58,739.69,0.01,68.36,52340.62,1
2025-08-07,2025-08-07 11:44:00,739.69,739.79,739.69,739.79,0.01,68.36,52340.62,1
2025-08-07,2025-08-07 11:45:00,739.79,739.9,739.79,739.9,0.01,68.36,52340.62,1
2025-08-07,2025-08-07 11:46:00,739.9,740.01,739.9,740.01,0.01,68.36,52340.62,1
2025-08-07,2025-08-07 11:47:00,740.01,740.11,740.01,740.11,0.01,68.36,52340.62,1
2025-08-07,2025-08-07 11:48:00,740.11,740.22,740.11,740.22,0.01,68.36,52340.62,1
2025-08-07,2025-08-07 11:49:00,740.22,740.33,740.22,740.33,0.01,68.36,52340.62,1
2025-08-07,2025-08-07 11:50:00,740.33,740.43,740.33,740.43,0.01,68.36,52340.62,1
2025-08-07,2025-08-07 11:51:00,740.43,740.54,740.43,740.54,0.01,68.36,52340.62,1
2025-08-07,2025-08-07 11:52:00,740.54,740.65,740.54,740.65,0.01,68.36,52340.62,1
2025-08-07,2025-08-07 11:53:00,740.65,740.75,740.65,740.75,0.01,68.36,52340.62,1
2025-08-07,2025-08-07 11:54:00,740.75,740.86,740.75,740.86,0.01,68.36,52340.62,1
2025-08-07,2025-08-07 11:55:00,740.86,740.97,740.86,740.97,0.01,68.36,52340.62,1
2025-08-07,2025-08-07 11:56:00,740.97,741.07,740.97,741.07,0.01,68.36,52340.62,1
2025-08-07,2025-08-07 11:57:00,741.07,741.18,741.07,741.18,0.01,68.36,52340.62,1
2025-08-07,2025-08-07 11:58:00,741.18,741.29,741.18,741.29,0.01,68.36,52340.62,1
2025-08-07,2025-08-07 11:59:00,741.29,741.39,741.29,741.39,0.01,68.36,52340.62,1
2025-08-07,2025-08-07 12:00:00,741.39,741.5,741.39,741.5,0.01,68.36,52340.62,1
2025-08-07,2025-08-07 12:01:00,741.5,741.61,741.5,741.61,0.01,68.36,52340.62,1
2025-08-07,2025-08-07 12:02:00,741.61,741.71,741.61,741.71,0.01,68.36,52340.62,1
2025-08-07,2025-08-07 12:03:00,741.71,741.82,741.71,741.82,0.01,68.36,52340.62,1
2025-08-07,2025-08-07 12:04:00,741.82,741.93,741.82,741.93,0.01,68.36,52340.62,1
2025-08-07,2025-08-07 12:05:00,741.93,742.03,741.93,742.03,0.01,68.36,52340.62,1
2025-08-07,2025-08-07 12:06:00,742.03,742.14,742.03,742.14,0.01,68.36,52340.62,1
2025-08-07,2025-08-07 12:07:00,742.14,742.24,742.14,742.24,0.01,68.36,52340.62,1
2025-08-07,2025-08-07 12:08:00,742.24,742.35,742.24,742.35,0.01,68.36,52340.62,1
2025-08-07,2025-08-07 12:09:00,742.35,742.46,742.35,742.46,0.01,68.36,52340.62,1
2025-08-07,2025-08-07 12:10:00,742.46,742.56,742.46,742.56,0.01,68.36,52340.62,1
2025-08-07,2025-08-07 12:11:00,742.56,742.67,742.56,742.67,0.01,68.36,52340.62,1
2025-08-07,2025-08-07 12:12:00,742.67,742.78,742.67,742.78,0.01,68.36,52340.62,1
2025-08-07,2025-08-07 12:13:00,742.78,742.88,742.78,742.88,0.01,68.36,52340.62,1
2025-08-07,2025-08-07 12:14:00,742.88,742.99,742.88,742.99,0.01,68.36,52340.62,1
2025-08-07,2025-08-07 12:15:00,742.99,743.1,742.99,743.1,0.01,68.36,52340.62,1
2025-08-07,2025-08-07 12:16:00,743.1,743.2,743.1,743.2,0.01,68.36,52340.62,1
2025-08-07,2025-08-07 12:17:00,743.2,743.31,743.2,743.31,0.01,68.36,52340.62,1
2025-08-07,2025-08-07 12:18:00,743.31,743.42,743.31,743.42,0.01,68.36,52340.62,1
2025-08-07,2025-08-07 12:19:00,743.42,743.52,743.42,743.52,0.01,68.36,52340.62,1
2025-08-07,2025-08-07 12:20:00,743.52,743.63,743.52,743.63,0.01,68.36,52340.62,1
2025-08-07,2025-08-07 12:21:00,743.63,743.74,743.63,743.74,0.01,68.36,52340.62,1
2025-08-07,2025-08-07 12:22:00,743.74,743.84,743.74,743.84,0.01,68.36,52340.62,1
2025-08-07,2025-08-07 12:23:00,743.84,743.95,743.84,743.95,0.01,68.36,52340.62,1
2025-08-07,2025-08-07 12:24:00,743.95,744.06,743.95,744.06,0.01,68.36,52340.62,1
2025-08-07,2025-08-07 12:25:00,744.06,744.16,744.06,744.16,0.01,68.36,52340.62,1
2025-08-07,2025-08-07 12:26:00,744.16,744.27,744.16,744.27,0.01,68.36,52340.62,1
2025-08-07,2025-08-07 12:27:00,744.27,744.38,744.27,744.38,0.01,68.36,52340.62,1
2025-08-07,2025-08-07 12:28:00,744.38,744.48,744.38,744.48,0.01,68.36,52340.62,1
2025-08-07,2025-08-07 12:29:00,744.48,744.59,744.48,744.59,0.01,68.36,52340.62,1
2025-08-07,2025-08-07 12:30:00,744.59,744.7,744.59,744.7,0.01,68.36,52340.62,1
2025-08-07,2025-08-07 12:31:00,744.7,744.8,744.7,744.8,0.01,68.36,52340.62,1
2025-08-07,2025-08-07 12:32:00,744.8,744.91,744.8,744.91,0.01,68.36,52340.62,1
2025-08-07,2025-08-07 12:33:00,744.91,745.01,744.91,745.01,0.01,68.36,52340.62,1
2025-08-07,2025-08-07 12:34:00,745.01,745.12,745.01,745.12,0.01,68.36,52340.62,1
2025-08-07,2025-08-07 12:35:00,745.12,745.23,745.12,745.23,0.01,68.36,52340.62,1
2025-08-07,2025-08-07 12:36:00,745.23,745.33,745.23,745.33,0.01,68.36,52340.62,1
2025-08-07,2025-08-07 12:37:00,745.33,745.44,745.33,745.44,0.01,68.36,52340.62,1
2025-08-07,2025-08-07 12:38:00,745.44,745.55,745.44,745.55,0.01,68.36,52340.62,1
2025-08-07,2025-08-07 12:39:00,745.55,745.65,745.55,745.65,0.01,68.36,52340.62,1
2025-08-07,2025-08-07 12:40:00,745.65,745.76,745.65,745.76,0.01,68.36,52340.62,1
2025-08-07,2025-08-07 12:41:00,745.76,745.87,745.76,745.87,0.01,68.36,52340.62,1
2025-08-07,2025-08-07 12:42:00,745.87,745.97,745.87,745.97,0.01,68.36,52340.62,1
2025-08-07,2025-08-07 12:43:00,745.97,746.08,745.97,746.08,0.01,68.36,52340.62,1
2025-08-07,2025-08-07 12:44:00,746.08,746.19,746.08,746.19,0.01,68.36,52340.62,1
2025-08-07,2025-08-07 12:45:00,746.19,746.29,746.19,746.29,0.01,68.36,52340.62,1
2025-08-07,2025-08-07 12:46:00,746.29,746.4,746.29,746.4,0.01,68.36,52340.62,1
2025-08-07,2025-08-07 12:47:00,746.4,746.51,746.4,746.51,0.01,68.36,52340.62,1
2025-08-07,2025-08-07 12:48:00,746.51,746.61,746.51,746.61,0.01,68.36,52340.62,1
2025-08-07,2025-08-07 12:49:00,746.61,746.72,746.61,746.72,0.01,68.36,52340.62,1
2025-08-07,2025-08-07 12:50:00,746.72,746.83,746.72,746.83,0.01,68.36,52340.62,1
2025-08-07,2025-08-07 12:51:00,746.83,746.93,746.83,746.93,0.01,68.36,52340.62,1
2025-08-07,2025-08-07 12:52:00,746.93,747.04,746.93,747.04,0.01,68.36,52340.62,1
2025-08-07,2025-08-07 12:53:00,747.04,747.15,747.04,747.15,0.01,68.36,52340.62,1
2025-08-07,2025-08-07 12:54:00,747.15,747.25,747.15,747.25,0.01,68.36,52340.62,1
2025-08-07,2025-08-07 12:55:00,747.25,747.36,747.25,747.36,0.01,68.36,52340.62,1
2025-08-07,2025-08-07 12:56:00,747.36,747.47,747.36,747.47,0.01,68.36,52340.62,1
2025-08-07,2025-08-07 12:57:00,747.47,747.57,747.47,747.57,0.01,68.36,52340.62,1
2025-08-07,2025-08-07 12:58:00,747.57,747.68,747.57,747.68,0.01,68.36,52340.62,1
2025-08-07,2025-08-07 12:59:00,747.68,747.79,747.68,747.79,0.01,68.36,52340.62,1
2025-08-07,2025-08-07 13:00:00,747.79,775.0,735.0,747.89,0.01,68.36,52340.62,1
2025-08-07,2025-08-07 13:01:00,747.89,748.0,747.89,748.0,0.01,68.36,52340.62,1
2025-08-07,2025-08-07 13:02:00,748.0,748.1,748.0,748.1,0.01,68.36,52340.62,1
2025-08-07,2025-08-07 13:03:00,748.1,748.21,748.1,748.21,0.01,68.36,52340.62,1
2025-08-07,2025-08-07 13:04:00,748.21,748.32,748.21,748.32,0.01,68.36,52340.62,1
2025-08-07,2025-08-07 13:05:00,748.32,748.42,748.32,748.42,0.01,68.36,52340.62,1
2025-08-07,2025-08-07 13:06:00,748.42,748.53,748.42,748.53,0.01,68.36,52340.62,1
2025-08-07,2025-08-07 13:07:00,748.53,748.64,748.53,748.64,0.01,68.36,52340.62,1
2025-08-07,2025-08-07 13:08:00,748.64,748.74,748.64,748.74,0.01,68.36,52340.62,1
2025-08-07,2025-08-07 13:09:00,748.74,748.85,748.74,748.85,0.01,68.36,52340.62,1
2025-08-07,2025-08-07 13:10:00,748.85,748.96,748.85,748.96,0.01,68.36,52340.62,1
2025-08-07,2025-08-07 13:11:00,748.96,749.06,748.96,749.06,0.01,68.36,52340.62,1
2025-08-07,2025-08-07 13:12:00,749.06,749.17,749.06,749.17,0.01,68.36,52340.62,1
2025-08-07,2025-08-07 13:13:00,749.17,749.28,749.17,749.28,0.01,68.36,52340.62,1
2025-08-07,2025-08-07 13:14:00,749.28,749.38,749.28,749.38,0.01,68.36,52340.62,1
2025-08-07,2025-08-07 13:15:00,749.38,749.49,749.38,749.49,0.01,68.36,52340.62,1
2025-08-07,2025-08-07 13:16:00,749.49,749.6,749.49,749.6,0.01,68.36,52340.62,1
2025-08-07,2025-08-07 13:17:00,749.6,749.7,749.6,749.7,0.01,68.36,52340.62,1
2025-08-07,2025-08-07 13:18:00,749.7,749.81,749.7,749.81,0.01,68.36,52340.62,1
2025-08-07,2025-08-07 13:19:00,749.81,749.92,749.81,749.92,0.01,68.36,52340.62,1
2025-08-07,2025-08-07 13:20:00,749.92,750.02,749.92,750.02,0.01,68.36,52340.62,1
2025-08-07,2025-08-07 13:21:00,750.02,750.13,750.02,750.13,0.01,68.36,52340.62,1
2025-08-07,2025-08-07 13:22:00,750.13,750.24,750.13,750.24,0.01,68.36,52340.62,1
2025-08-07,2025-08-07 13:23:00,750.24,750.34,750.24,750.34,0.01,68.36,52340.62,1
2025-08-07,2025-08-07 13:24:00,750.34,750.45,750.34,750.45,0.01,68.36,52340.62,1
2025-08-07,2025-08-07 13:25:00,750.45,750.56,750.45,750.56,0.01,68.36,52340.62,1
2025-08-07,2025-08-07 13:26:00,750.56,750.66,750.56,750.66,0.01,68.36,52340.62,1
2025-08-07,2025-08-07 13:27:00,750.66,750.77,750.66,750.77,0.01,68.36,52340.62,1
2025-08-07,2025-08-07 13:28:00,750.77,750.87,750.77,750.87,0.01,68.36,52340.62,1
2025-08-07,2025-08-07 13:29:00,750.87,750.98,750.87,750.98,0.01,68.36,52340.62,1
2025-08-07,2025-08-07 13:30:00,750.98,751.09,750.98,751.09,0.01,68.36,52340.62,1
2025-08-07,2025-08-07 13:31:00,751.09,751.19,751.09,751.19,0.01,68.36,52340.62,1
2025-08-07,2025-08-07 13:32:00,751.19,751.3,751.19,751.3,0.01,68.36,52340.62,1
2025-08-07,2025-08-07 13:33:00,751.3,751.41,751.3,751.41,0.01,68.36,52340.62,1
2025-08-07,2025-08-07 13:34:00,751.41,751.51,751.41,751.51,0.01,68.36,52340.62,1
2025-08-07,2025-08-07 13:35:00,751.51,751.62,751.51,751.62,0.01,68.36,52340.62,1
2025-08-07,2025-08-07 13:36:00,751.62,751.73,751.62,751.73,0.01,68.36,52340.62,1
2025-08-07,2025-08-07 13:37:00,751.73,751.83,751.73,751.83,0.01,68.36,52340.62,1
2025-08-07,2025-08-07 13:38:00,751.83,751.94,751.83,751.94,0.01,68.36,52340.62,1
2025-08-07,2025-08-07 13:39:00,751.94,752.05,751.94,752.05,0.01,68.36,52340.62,1
2025-08-07,2025-08-07 13:40:00,752.05,752.15,752.05,752.15,0.01,68.36,52340.62,1
2025-08-07,2025-08-07 13:41:00,752.15,752.26,752.15,752.26,0.01,68.36,52340.62,1
2025-08-07,2025-08-07 13:42:00,752.26,752.37,752.26,752.37,0.01,68.36,52340.62,1
2025-08-07,2025-08-07 13:43:00,752.37,752.47,752.37,752.47,0.01,68.36,52340.62,1
2025-08-07,2025-08-07 13:44:00,752.47,752.58,752.47,752.58,0.01,68.36,52340.62,1
2025-08-07,2025-08-07 13:45:00,752.58,752.69,752.58,752.69,0.01,68.36,52340.62,1
2025-08-07,2025-08-07 13:46:00,752.69,752.79,752.69,752.79,0.01,68.36,52340.62,1
2025-08-07,2025-08-07 13:47:00,752.79,752.9,752.79,752.9,0.01,68.36,52340.62,1
2025-08-07,2025-08-07 13:48:00,752.9,753.01,752.9,753.01,0.01,68.36,52340.62,1
2025-08-07,2025-08-07 13:49:00,753.01,753.11,753.01,753.11,0.01,68.36,52340.62,1
2025-08-07,2025-08-07 13:50:00,753.11,753.22,753.11,753.22,0.01,68.36,52340.62,1
2025-08-07,2025-08-07 13:51:00,753.22,753.33,753.22,753.33,0.01,68.36,52340.62,1
2025-08-07,2025-08-07 13:52:00,753.33,753.43,753.33,753.43,0.01,68.36,52340.62,1
2025-08-07,2025-08-07 13:53:00,753.43,753.54,753.43,753.54,0.01,68.36,52340.62,1
2025-08-07,2025-08-07 13:54:00,753.54,753.64,753.54,753.64,0.01,68.36,52340.62,1
2025-08-07,2025-08-07 13:55:00,753.64,753.75,753.64,753.75,0.01,68.36,52340.62,1
2025-08-07,2025-08-07 13:56:00,753.75,753.86,753.75,753.86,0.01,68.36,52340.62,1
2025-08-07,2025-08-07 13:57:00,753.86,753.96,753.86,753.96,0.01,68.36,52340.62,1
2025-08-07,2025-08-07 13:58:00,753.96,754.07,753.96,754.07,0.01,68.36,52340.62,1
2025-08-07,2025-08-07 13:59:00,754.07,754.18,754.07,754.18,0.01,68.36,52340.62,1
2025-08-07,2025-08-07 14:00:00,754.18,754.28,754.18,754.28,0.01,68.36,52340.62,1
2025-08-07,2025-08-07 14:01:00,754.28,754.39,754.28,754.39,0.01,68.36,52340.62,1
2025-08-07,2025-08-07 14:02:00,754.39,754.5,754.39,754.5,0.01,68.36,52340.62,1
2025-08-07,2025-08-07 14:03:00,754.5,754.6,754.5,754.6,0.01,68.36,52340.62,1
2025-08-07,2025-08-07 14:04:00,754.6,754.71,754.6,754.71,0.01,68.36,52340.62,1
2025-08-07,2025-08-07 14:05:00,754.71,754.82,754.71,754.82,0.01,68.36,52340.62,1
2025-08-07,2025-08-07 14:06:00,754.82,754.92,754.82,754.92,0.01,68.36,52340.62,1
2025-08-07,2025-08-07 14:07:00,754.92,755.03,754.92,755.03,0.01,68.36,52340.62,1
2025-08-07,2025-08-07 14:08:00,755.03,755.14,755.03,755.14,0.01,68.36,52340.62,1
2025-08-07,2025-08-07 14:09:00,755.14,755.24,755.14,755.24,0.01,68.36,52340.62,1
2025-08-07,2025-08-07 14:10:00,755.24,755.35,755.24,755.35,0.01,68.36,52340.62,1
2025-08-07,2025-08-07 14:11:00,755.35,755.46,755.35,755.46,0.01,68.36,52340.62,1
2025-08-07,2025-08-07 14:12:00,755.46,755.56,755.46,755.56,0.01,68.36,52340.62,1
2025-08-07,2025-08-07 14:13:00,755.56,755.67,755.56,755.67,0.01,68.36,52340.62,1
2025-08-07,2025-08-07 14:14:00,755.67,755.78,755.67,755.78,0.01,68.36,52340.62,1
2025-08-07,2025-08-07 14:15:00,755.78,755.88,755.78,755.88,0.01,68.36,52340.62,1
2025-08-07,2025-08-07 14:16:00,755.88,755.99,755.88,755.99,0.01,68.36,52340.62,1
2025-08-07,2025-08-07 14:17:00,755.99,756.1,755.99,756.1,0.01,68.36,52340.62,1
2025-08-07,2025-08-07 14:18:00,756.1,756.2,756.1,756.2,0.01,68.36,52340.62,1
2025-08-07,2025-08-07 14:19:00,756.2,756.31,756.2,756.31,0.01,68.36,52340.62,1
2025-08-07,2025-08-07 14:20:00,756.31,756.41,756.31,756.41,0.01,68.36,52340.62,1
2025-08-07,2025-08-07 14:21:00,756.41,756.52,756.41,756.52,0.01,68.36,52340.62,1
2025-08-07,2025-08-07 14:22:00,756.52,756.63,756.52,756.63,0.01,68.36,52340.62,1
2025-08-07,2025-08-07 14:23:00,756.63,756.73,756.63,756.73,0.01,68.36,52340.62,1
2025-08-07,2025-08-07 14:24:00,756.73,756.84,756.73,756.84,0.01,68.36,52340.62,1
2025-08-07,2025-08-07 14:25:00,756.84,756.95,756.84,756.95,0.01,68.36,52340.62,1
2025-08-07,2025-08-07 14:26:00,756.95,757.05,756.95,757.05,0.01,68.36,52340.62,1
2025-08-07,2025-08-07 14:27:00,757.05,757.16,757.05,757.16,0.01,68.36,52340.62,1
2025-08-07,2025-08-07 14:28:00,757.16,757.27,757.16,757.27,0.01,68.36,52340.62,1
2025-08-07,2025-08-07 14:29:00,757.27,757.37,757.27,757.37,0.01,68.36,52340.62,1
2025-08-07,2025-08-07 14:30:00,757.37,757.48,757.37,757.48,0.01,68.36,52340.62,1
2025-08-07,2025-08-07 14:31:00,757.48,757.59,757.48,757.59,0.01,68.36,52340.62,1
2025-08-07,2025-08-07 14:32:00,757.59,757.69,757.59,757.69,0.01,68.36,52340.62,1
2025-08-07,2025-08-07 14:33:00,757.69,757.8,757.69,757.8,0.01,68.36,52340.62,1
2025-08-07,2025-08-07 14:34:00,757.8,757.91,757.8,757.91,0.01,68.36,52340.62,1
2025-08-07,2025-08-07 14:35:00,757.91,758.01,757.91,758.01,0.01,68.36,52340.62,1
2025-08-07,2025-08-07 14:36:00,758.01,758.12,758.01,758.12,0.01,68.36,52340.62,1
2025-08-07,2025-08-07 14:37:00,758.12,758.23,758.12,758.23,0.01,68.36,52340.62,1
2025-08-07,2025-08-07 14:38:00,758.23,758.33,758.23,758.33,0.01,68.36,52340.62,1
2025-08-07,2025-08-07 14:39:00,758.33,758.44,758.33,758.44,0.01,68.36,52340.62,1
2025-08-07,2025-08-07 14:40:00,758.44,758.55,758.44,758.55,0.01,68.36,52340.62,1
2025-08-07,2025-08-07 14:41:00,758.55,758.65,758.55,758.65,0.01,68.36,52340.62,1
2025-08-07,2025-08-07 14:42:00,758.65,758.76,758.65,758.76,0.01,68.36,52340.62,1
2025-08-07,2025-08-07 14:43:00,758.76,758.87,758.76,758.87,0.01,68.36,52340.62,1
2025-08-07,2025-08-07 14:44:00,758.87,758.97,758.87,758.97,0.01,68.36,52340.62,1
2025-08-07,2025-08-07 14:45:00,758.97,759.08,758.97,759.08,0.01,68.36,52340.62,1
2025-08-07,2025-08-07 14:46:00,759.08,759.18,759.08,759.18,0.01,68.36,52340.62,1
2025-08-07,2025-08-07 14:47:00,759.18,759.29,759.18,759.29,0.01,68.36,52340.62,1
2025-08-07,2025-08-07 14:48:00,759.29,759.4,759.29,759.4,0.01,68.36,52340.62,1
2025-08-07,2025-08-07 14:49:00,759.4,759.5,759.4,759.5,0.01,68.36,52340.62,1
2025-08-07,2025-08-07 14:50:00,759.5,759.61,759.5,759.61,0.01,68.36,52340.62,1
2025-08-07,2025-08-07 14:51:00,759.61,759.72,759.61,759.72,0.01,68.36,52340.62,1
2025-08-07,2025-08-07 14:52:00,759.72,759.82,759.72,759.82,0.01,68.36,52340.62,1
2025-08-07,2025-08-07 14:53:00,759.82,759.93,759.82,759.93,0.01,68.36,52340.62,1
2025-08-07,2025-08-07 14:54:00,759.93,760.04,759.93,760.04,0.01,68.36,52340.62,1
2025-08-07,2025-08-07 14:55:00,760.04,760.14,760.04,760.14,0.01,68.36,52340.62,1
2025-08-07,2025-08-07 14:56:00,760.14,760.25,760.14,760.25,0.01,68.36,52340.62,1
2025-08-07,2025-08-07 14:57:00,760.25,760.36,760.25,760.36,0.01,68.36,52340.62,1
2025-08-07,2025-08-07 14:58:00,760.36,760.46,760.36,760.46,0.01,68.36,52340.62,1
2025-08-07,2025-08-07 14:59:00,760.46,760.57,760.46,760.57,0.01,68.36,52340.62,1
2025-08-07,2025-08-07 15:00:00,760.57,775.0,735.0,760.57,0.0,68.36,52340.62,0
2025-08-11,2025-08-11 11:00:00,752.0,755.9,748.88,751.99,-0.0,67.33,50533.54,-1
2025-08-11,2025-08-11 11:01:00,751.99,751.99,751.98,751.98,-0.0,67.33,50533.54,-1
2025-08-11,2025-08-11 11:02:00,751.98,751.98,751.97,751.97,-0.0,67.33,50533.54,-1
2025-08-11,2025-08-11 11:03:00,751.97,751.97,751.96,751.96,-0.0,67.33,50533.54,-1
2025-08-11,2025-08-11 11:04:00,751.96,751.96,751.95,751.95,-0.0,67.33,50533.54,-1
2025-08-11,2025-08-11 11:05:00,751.95,751.95,751.94,751.94,-0.0,67.33,50533.54,-1
2025-08-11,2025-08-11 11:06:00,751.94,751.94,751.93,751.93,-0.0,67.33,50533.54,-1
2025-08-11,2025-08-11 11:07:00,751.93,751.93,751.92,751.92,-0.0,67.33,50533.54,-1
2025-08-11,2025-08-11 11:08:00,751.92,751.92,751.91,751.91,-0.0,67.33,50533.54,-1
2025-08-11,2025-08-11 11:09:00,751.91,751.91,751.9,751.9,-0.0,67.33,50533.54,-1
2025-08-11,2025-08-11 11:10:00,751.9,751.9,751.89,751.89,-0.0,67.33,50533.54,-1
2025-08-11,2025-08-11 11:11:00,751.89,751.89,751.88,751.88,-0.0,67.33,50533.54,-1
2025-08-11,2025-08-11 11:12:00,751.88,751.88,751.87,751.87,-0.0,67.33,50533.54,-1
2025-08-11,2025-08-11 11:13:00,751.87,751.87,751.86,751.86,-0.0,67.33,50533.54,-1
2025-08-11,2025-08-11 11:14:00,751.86,751.86,751.85,751.85,-0.0,67.33,50533.54,-1
2025-08-11,2025-08-11 11:15:00,751.85,751.85,751.84,751.84,-0.0,67.33,50533.54,-1
2025-08-11,2025-08-11 11:16:00,751.84,751.84,751.83,751.83,-0.0,67.33,50533.54,-1
2025-08-11,2025-08-11 11:17:00,751.83,751.83,751.82,751.82,-0.0,67.33,50533.54,-1
2025-08-11,2025-08-11 11:18:00,751.82,751.82,751.81,751.81,-0.0,67.33,50533.54,-1
2025-08-11,2025-08-11 11:19:00,751.81,751.81,751.8,751.8,-0.0,67.33,50533.54,-1
2025-08-11,2025-08-11 11:20:00,751.8,751.8,751.79,751.79,-0.0,67.33,50533.54,-1
2025-08-11,2025-08-11 11:21:00,751.79,751.79,751.78,751.78,-0.0,67.33,50533.54,-1
2025-08-11,2025-08-11 11:22:00,751.78,751.78,751.77,751.77,-0.0,67.33,50533.54,-1
2025-08-11,2025-08-11 11:23:00,751.77,751.77,751.76,751.76,-0.0,67.33,50533.54,-1
2025-08-11,2025-08-11 11:24:00,751.76,751.76,751.75,751.75,-0.0,67.33,50533.54,-1
2025-08-11,2025-08-11 11:25:00,751.75,751.75,751.74,751.74,-0.0,67.33,50533.54,-1
2025-08-11,2025-08-11 11:26:00,751.74,751.74,751.73,751.73,-0.0,67.33,50533.54,-1
2025-08-11,2025-08-11 11:27:00,751.73,751.73,751.72,751.72,-0.0,67.33,50533.54,-1
2025-08-11,2025-08-11 11:28:00,751.72,751.72,751.71,751.71,-0.0,67.33,50533.54,-1
2025-08-11,2025-08-11 11:29:00,751.71,751.71,751.7,751.7,-0.0,67.33,50533.54,-1
2025-08-11,2025-08-11 11:30:00,751.7,751.7,751.69,751.69,-0.0,67.33,50533.54,-1
2025-08-11,2025-08-11 11:31:00,751.69,751.69,751.68,751.68,-0.0,67.33,50533.54,-1
2025-08-11,2025-08-11 11:32:00,751.68,751.68,751.67,751.67,-0.0,67.33,50533.54,-1
2025-08-11,2025-08-11 11:33:00,751.67,751.67,751.66,751.66,-0.0,67.33,50533.54,-1
2025-08-11,2025-08-11 11:34:00,751.66,751.66,751.65,751.65,-0.0,67.33,50533.54,-1
2025-08-11,2025-08-11 11:35:00,751.65,751.65,751.64,751.64,-0.0,67.33,50533.54,-1
2025-08-11,2025-08-11 11:36:00,751.64,751.64,751.63,751.63,-0.0,67.33,50533.54,-1
2025-08-11,2025-08-11 11:37:00,751.63,751.63,751.62,751.62,-0.0,67.33,50533.54,-1
2025-08-11,2025-08-11 11:38:00,751.62,751.62,751.61,751.61,-0.0,67.33,50533.54,-1
2025-08-11,2025-08-11 11:39:00,751.61,751.61,751.61,751.61,0.0,67.33,50533.54,0
2025-08-11,2025-08-11 11:40:00,751.61,751.61,751.6,751.6,-0.0,67.33,50533.54,-1
2025-08-11,2025-08-11 11:41:00,751.6,751.6,751.59,751.59,-0.0,67.33,50533.54,-1
2025-08-11,2025-08-11 11:42:00,751.59,751.59,751.58,751.58,-0.0,67.33,50533.54,-1
2025-08-11,2025-08-11 11:43:00,751.58,751.58,751.57,751.57,-0.0,67.33,50533.54,-1
2025-08-11,2025-08-11 11:44:00,751.57,751.57,751.56,751.56,-0.0,67.33,50533.54,-1
2025-08-11,2025-08-11 11:45:00,751.56,751.56,751.55,751.55,-0.0,67.33,50533.54,-1
2025-08-11,2025-08-11 11:46:00,751.55,751.55,751.54,751.54,-0.0,67.33,50533.54,-1
2025-08-11,2025-08-11 11:47:00,751.54,751.54,751.53,751.53,-0.0,67.33,50533.54,-1
2025-08-11,2025-08-11 11:48:00,751.53,751.53,751.52,751.52,-0.0,67.33,50533.54,-1
2025-08-11,2025-08-11 11:49:00,751.52,751.52,751.51,751.51,-0.0,67.33,50533.54,-1
2025-08-11,2025-08-11 11:50:00,751.51,751.51,751.5,751.5,-0.0,67.33,50533.54,-1
2025-08-11,2025-08-11 11:51:00,751.5,751.5,751.49,751.49,-0.0,67.33,50533.54,-1
2025-08-11,2025-08-11 11:52:00,751.49,751.49,751.48,751.48,-0.0,67.33,50533.54,-1
2025-08-11,2025-08-11 11:53:00,751.48,751.48,751.47,751.47,-0.0,67.33,50533.54,-1
2025-08-11,2025-08-11 11:54:00,751.47,751.47,751.46,751.46,-0.0,67.33,50533.54,-1
2025-08-11,2025-08-11 11:55:00,751.46,751.46,751.45,751.45,-0.0,67.33,50533.54,-1
2025-08-11,2025-08-11 11:56:00,751.45,751.45,751.44,751.44,-0.0,67.33,50533.54,-1
2025-08-11,2025-08-11 11:57:00,751.44,751.44,751.43,751.43,-0.0,67.33,50533.54,-1
2025-08-11,2025-08-11 11:58:00,751.43,751.43,751.42,751.42,-0.0,67.33,50533.54,-1
2025-08-11,2025-08-11 11:59:00,751.42,751.42,751.41,751.41,-0.0,67.33,50533.54,-1
2025-08-11,2025-08-11 12:00:00,751.41,751.41,751.4,751.4,-0.0,67.33,50533.54,-1
2025-08-11,2025-08-11 12:01:00,751.4,751.4,751.39,751.39,-0.0,67.33,50533.54,-1
2025-08-11,2025-08-11 12:02:00,751.39,751.39,751.38,751.38,-0.0,67.33,50533.54,-1
2025-08-11,2025-08-11 12:03:00,751.38,751.38,751.37,751.37,-0.0,67.33,50533.54,-1
2025-08-11,2025-08-11 12:04:00,751.37,751.37,751.36,751.36,-0.0,67.33,50533.54,-1
2025-08-11,2025-08-11 12:05:00,751.36,751.36,751.35,751.35,-0.0,67.33,50533.54,-1
2025-08-11,2025-08-11 12:06:00,751.35,751.35,751.34,751.34,-0.0,67.33,50533.54,-1
2025-08-11,2025-08-11 12:07:00,751.34,751.34,751.33,751.33,-0.0,67.33,50533.54,-1
2025-08-11,2025-08-11 12:08:00,751.33,751.33,751.32,751.32,-0.0,67.33,50533.54,-1
2025-08-11,2025-08-11 12:09:00,751.32,751.32,751.31,751.31,-0.0,67.33,50533.54,-1
2025-08-11,2025-08-11 12:10:00,751.31,751.31,751.3,751.3,-0.0,67.33,50533.54,-1
2025-08-11,2025-08-11 12:11:00,751.3,751.3,751.29,751.29,-0.0,67.33,50533.54,-1
2025-08-11,2025-08-11 12:12:00,751.29,751.29,751.28,751.28,-0.0,67.33,50533.54,-1
2025-08-11,2025-08-11 12:13:00,751.28,751.28,751.27,751.27,-0.0,67.33,50533.54,-1
2025-08-11,2025-08-11 12:14:00,751.27,751.27,751.26,751.26,-0.0,67.33,50533.54,-1
2025-08-11,2025-08-11 12:15:00,751.26,751.26,751.25,751.25,-0.0,67.33,50533.54,-1
2025-08-11,2025-08-11 12:16:00,751.25,751.25,751.24,751.24,-0.0,67.33,50533.54,-1
2025-08-11,2025-08-11 12:17:00,751.24,751.24,751.23,751.23,-0.0,67.33,50533.54,-1
2025-08-11,2025-08-11 12:18:00,751.23,751.23,751.22,751.22,-0.0,67.33,50533.54,-1
2025-08-11,2025-08-11 12:19:00,751.22,751.22,751.21,751.21,-0.0,67.33,50533.54,-1
2025-08-11,2025-08-11 12:20:00,751.21,751.21,751.2,751.2,-0.0,67.33,50533.54,-1
2025-08-11,2025-08-11 12:21:00,751.2,751.2,751.19,751.19,-0.0,67.33,50533.54,-1
2025-08-11,2025-08-11 12:22:00,751.19,751.19,751.18,751.18,-0.0,67.33,50533.54,-1
2025-08-11,2025-08-11 12:23:00,751.18,751.18,751.17,751.17,-0.0,67.33,50533.54,-1
2025-08-11,2025-08-11 12:24:00,751.17,751.17,751.16,751.16,-0.0,67.33,50533.54,-1
2025-08-11,2025-08-11 12:25:00,751.16,751.16,751.15,751.15,-0.0,67.33,50533.54,-1
2025-08-11,2025-08-11 12:26:00,751.15,751.15,751.14,751.14,-0.0,67.33,50533.54,-1
2025-08-11,2025-08-11 12:27:00,751.14,751.14,751.13,751.13,-0.0,67.33,50533.54,-1
2025-08-11,2025-08-11 12:28:00,751.13,751.13,751.12,751.12,-0.0,67.33,50533.54,-1
2025-08-11,2025-08-11 12:29:00,751.12,751.12,751.11,751.11,-0.0,67.33,50533.54,-1
2025-08-11,2025-08-11 12:30:00,751.11,751.11,751.1,751.1,-0.0,67.33,50533.54,-1
2025-08-11,2025-08-11 12:31:00,751.1,751.1,751.09,751.09,-0.0,67.33,50533.54,-1
2025-08-11,2025-08-11 12:32:00,751.09,751.09,751.08,751.08,-0.0,67.33,50533.54,-1
2025-08-11,2025-08-11 12:33:00,751.08,751.08,751.07,751.07,-0.0,67.33,50533.54,-1
2025-08-11,2025-08-11 12:34:00,751.07,751.07,751.06,751.06,-0.0,67.33,50533.54,-1
2025-08-11,2025-08-11 12:35:00,751.06,751.06,751.05,751.05,-0.0,67.33,50533.54,-1
2025-08-11,2025-08-11 12:36:00,751.05,751.05,751.04,751.04,-0.0,67.33,50533.54,-1
2025-08-11,2025-08-11 12:37:00,751.04,751.04,751.03,751.03,-0.0,67.33,50533.54,-1
2025-08-11,2025-08-11 12:38:00,751.03,751.03,751.02,751.02,-0.0,67.33,50533.54,-1
2025-08-11,2025-08-11 12:39:00,751.02,751.02,751.01,751.01,-0.0,67.33,50533.54,-1
2025-08-11,2025-08-11 12:40:00,751.01,751.01,751.0,751.0,-0.0,67.33,50533.54,-1
2025-08-11,2025-08-11 12:41:00,751.0,751.0,750.99,750.99,-0.0,67.33,50533.54,-1
2025-08-11,2025-08-11 12:42:00,750.99,750.99,750.98,750.98,-0.0,67.33,50533.54,-1
2025-08-11,2025-08-11 12:43:00,750.98,750.98,750.97,750.97,-0.0,67.33,50533.54,-1
2025-08-11,2025-08-11 12:44:00,750.97,750.97,750.96,750.96,-0.0,67.33,50533.54,-1
2025-08-11,2025-08-11 12:45:00,750.96,750.96,750.95,750.95,-0.0,67.33,50533.54,-1
2025-08-11,2025-08-11 12:46:00,750.95,750.95,750.94,750.94,-0.0,67.33,50533.54,-1
2025-08-11,2025-08-11 12:47:00,750.94,750.94,750.93,750.93,-0.0,67.33,50533.54,-1
2025-08-11,2025-08-11 12:48:00,750.93,750.93,750.92,750.92,-0.0,67.33,50533.54,-1
2025-08-11,2025-08-11 12:49:00,750.92,750.92,750.91,750.91,-0.0,67.33,50533.54,-1
2025-08-11,2025-08-11 12:50:00,750.91,750.91,750.9,750.9,-0.0,67.33,50533.54,-1
2025-08-11,2025-08-11 12:51:00,750.9,750.9,750.89,750.89,-0.0,67.33,50533.54,-1
2025-08-11,2025-08-11 12:52:00,750.89,750.89,750.88,750.88,-0.0,67.33,50533.54,-1
2025-08-11,2025-08-11 12:53:00,750.88,750.88,750.87,750.87,-0.0,67.33,50533.54,-1
2025-08-11,2025-08-11 12:54:00,750.87,750.87,750.86,750.86,-0.0,67.33,50533.54,-1
2025-08-11,2025-08-11 12:55:00,750.86,750.86,750.85,750.85,-0.0,67.33,50533.54,-1
2025-08-11,2025-08-11 12:56:00,750.85,750.85,750.84,750.84,-0.0,67.33,50533.54,-1
2025-08-11,2025-08-11 12:57:00,750.84,750.84,750.83,750.83,-0.0,67.33,50533.54,-1
2025-08-11,2025-08-11 12:58:00,750.83,750.83,750.82,750.82,-0.0,67.33,50533.54,-1
2025-08-11,2025-08-11 12:59:00,750.82,750.82,750.82,750.82,0.0,67.33,50533.54,0
2025-08-11,2025-08-11 13:00:00,750.82,765.0,741.6,750.81,-0.0,67.33,50533.54,-1
2025-08-11,2025-08-11 13:01:00,750.81,750.81,750.8,750.8,-0.0,67.33,50533.54,-1
2025-08-11,2025-08-11 13:02:00,750.8,750.8,750.79,750.79,-0.0,67.33,50533.54,-1
2025-08-11,2025-08-11 13:03:00,750.79,750.79,750.78,750.78,-0.0,67.33,50533.54,-1
2025-08-11,2025-08-11 13:04:00,750.78,750.78,750.77,750.77,-0.0,67.33,50533.54,-1
2025-08-11,2025-08-11 13:05:00,750.77,750.77,750.76,750.76,-0.0,67.33,50533.54,-1
2025-08-11,2025-08-11 13:06:00,750.76,750.76,750.75,750.75,-0.0,67.33,50533.54,-1
2025-08-11,2025-08-11 13:07:00,750.75,750.75,750.74,750.74,-0.0,67.33,50533.54,-1
2025-08-11,2025-08-11 13:08:00,750.74,750.74,750.73,750.73,-0.0,67.33,50533.54,-1
2025-08-11,2025-08-11 13:09:00,750.73,750.73,750.72,750.72,-0.0,67.33,50533.54,-1
2025-08-11,2025-08-11 13:10:00,750.72,750.72,750.71,750.71,-0.0,67.33,50533.54,-1
2025-08-11,2025-08-11 13:11:00,750.71,750.71,750.7,750.7,-0.0,67.33,50533.54,-1
2025-08-11,2025-08-11 13:12:00,750.7,750.7,750.69,750.69,-0.0,67.33,50533.54,-1
2025-08-11,2025-08-11 13:13:00,750.69,750.69,750.68,750.68,-0.0,67.33,50533.54,-1
2025-08-11,2025-08-11 13:14:00,750.68,750.68,750.67,750.67,-0.0,67.33,50533.54,-1
2025-08-11,2025-08-11 13:15:00,750.67,750.67,750.66,750.66,-0.0,67.33,50533.54,-1
2025-08-11,2025-08-11 13:16:00,750.66,750.66,750.65,750.65,-0.0,67.33,50533.54,-1
2025-08-11,2025-08-11 13:17:00,750.65,750.65,750.64,750.64,-0.0,67.33,50533.54,-1
2025-08-11,2025-08-11 13:18:00,750.64,750.64,750.63,750.63,-0.0,67.33,50533.54,-1
2025-08-11,2025-08-11 13:19:00,750.63,750.63,750.62,750.62,-0.0,67.33,50533.54,-1
2025-08-11,2025-08-11 13:20:00,750.62,750.62,750.61,750.61,-0.0,67.33,50533.54,-1
2025-08-11,2025-08-11 13:21:00,750.61,750.61,750.6,750.6,-0.0,67.33,50533.54,-1
2025-08-11,2025-08-11 13:22:00,750.6,750.6,750.59,750.59,-0.0,67.33,50533.54,-1
2025-08-11,2025-08-11 13:23:00,750.59,750.59,750.58,750.58,-0.0,67.33,50533.54,-1
2025-08-11,2025-08-11 13:24:00,750.58,750.58,750.57,750.57,-0.0,67.33,50533.54,-1
2025-08-11,2025-08-11 13:25:00,750.57,750.57,750.56,750.56,-0.0,67.33,50533.54,-1
2025-08-11,2025-08-11 13:26:00,750.56,750.56,750.55,750.55,-0.0,67.33,50533.54,-1
2025-08-11,2025-08-11 13:27:00,750.55,750.55,750.54,750.54,-0.0,67.33,50533.54,-1
2025-08-11,2025-08-11 13:28:00,750.54,750.54,750.53,750.53,-0.0,67.33,50533.54,-1
2025-08-11,2025-08-11 13:29:00,750.53,750.53,750.52,750.52,-0.0,67.33,50533.54,-1
2025-08-11,2025-08-11 13:30:00,750.52,750.52,750.51,750.51,-0.0,67.33,50533.54,-1
2025-08-11,2025-08-11 13:31:00,750.51,750.51,750.5,750.5,-0.0,67.33,50533.54,-1
2025-08-11,2025-08-11 13:32:00,750.5,750.5,750.49,750.49,-0.0,67.33,50533.54,-1
2025-08-11,2025-08-11 13:33:00,750.49,750.49,750.48,750.48,-0.0,67.33,50533.54,-1
2025-08-11,2025-08-11 13:34:00,750.48,750.48,750.47,750.47,-0.0,67.33,50533.54,-1
2025-08-11,2025-08-11 13:35:00,750.47,750.47,750.46,750.46,-0.0,67.33,50533.54,-1
2025-08-11,2025-08-11 13:36:00,750.46,750.46,750.45,750.45,-0.0,67.33,50533.54,-1
2025-08-11,2025-08-11 13:37:00,750.45,750.45,750.44,750.44,-0.0,67.33,50533.54,-1
2025-08-11,2025-08-11 13:38:00,750.44,750.44,750.43,750.43,-0.0,67.33,50533.54,-1
2025-08-11,2025-08-11 13:39:00,750.43,750.43,750.42,750.42,-0.0,67.33,50533.54,-1
2025-08-11,2025-08-11 13:40:00,750.42,750.42,750.41,750.41,-0.0,67.33,50533.54,-1
2025-08-11,2025-08-11 13:41:00,750.41,750.41,750.4,750.4,-0.0,67.33,50533.54,-1
2025-08-11,2025-08-11 13:42:00,750.4,750.4,750.39,750.39,-0.0,67.33,50533.54,-1
2025-08-11,2025-08-11 13:43:00,750.39,750.39,750.38,750.38,-0.0,67.33,50533.54,-1
2025-08-11,2025-08-11 13:44:00,750.38,750.38,750.37,750.37,-0.0,67.33,50533.54,-1
2025-08-11,2025-08-11 13:45:00,750.37,750.37,750.36,750.36,-0.0,67.33,50533.54,-1
2025-08-11,2025-08-11 13:46:00,750.36,750.36,750.35,750.35,-0.0,67.33,50533.54,-1
2025-08-11,2025-08-11 13:47:00,750.35,750.35,750.34,750.34,-0.0,67.33,50533.54,-1
2025-08-11,2025-08-11 13:48:00,750.34,750.34,750.33,750.33,-0.0,67.33,50533.54,-1
2025-08-11,2025-08-11 13:49:00,750.33,750.33,750.32,750.32,-0.0,67.33,50533.54,-1
2025-08-11,2025-08-11 13:50:00,750.32,750.32,750.31,750.31,-0.0,67.33,50533.54,-1
2025-08-11,2025-08-11 13:51:00,750.31,750.31,750.3,750.3,-0.0,67.33,50533.54,-1
2025-08-11,2025-08-11 13:52:00,750.3,750.3,750.29,750.29,-0.0,67.33,50533.54,-1
2025-08-11,2025-08-11 13:53:00,750.29,750.29,750.28,750.28,-0.0,67.33,50533.54,-1
2025-08-11,2025-08-11 13:54:00,750.28,750.28,750.27,750.27,-0.0,67.33,50533.54,-1
2025-08-11,2025-08-11 13:55:00,750.27,750.27,750.26,750.26,-0.0,67.33,50533.54,-1
2025-08-11,2025-08-11 13:56:00,750.26,750.26,750.25,750.25,-0.0,67.33,50533.54,-1
2025-08-11,2025-08-11 13:57:00,750.25,750.25,750.24,750.24,-0.0,67.33,50533.54,-1
2025-08-11,2025-08-11 13:58:00,750.24,750.24,750.23,750.23,-0.0,67.33,50533.54,-1
2025-08-11,2025-08-11 13:59:00,750.23,750.23,750.22,750.22,-0.0,67.33,50533.54,-1
2025-08-11,2025-08-11 14:00:00,750.22,750.22,750.21,750.21,-0.0,67.33,50533.54,-1
2025-08-11,2025-08-11 14:01:00,750.21,750.21,750.2,750.2,-0.0,67.33,50533.54,-1
2025-08-11,2025-08-11 14:02:00,750.2,750.2,750.19,750.19,-0.0,67.33,50533.54,-1
2025-08-11,2025-08-11 14:03:00,750.19,750.19,750.18,750.18,-0.0,67.33,50533.54,-1
2025-08-11,2025-08-11 14:04:00,750.18,750.18,750.17,750.17,-0.0,67.33,50533.54,-1
2025-08-11,2025-08-11 14:05:00,750.17,750.17,750.16,750.16,-0.0,67.33,50533.54,-1
2025-08-11,2025-08-11 14:06:00,750.16,750.16,750.15,750.15,-0.0,67.33,50533.54,-1
2025-08-11,2025-08-11 14:07:00,750.15,750.15,750.14,750.14,-0.0,67.33,50533.54,-1
2025-08-11,2025-08-11 14:08:00,750.14,750.14,750.13,750.13,-0.0,67.33,50533.54,-1
2025-08-11,2025-08-11 14:09:00,750.13,750.13,750.12,750.12,-0.0,67.33,50533.54,-1
2025-08-11,2025-08-11 14:10:00,750.12,750.12,750.11,750.11,-0.0,67.33,50533.54,-1
2025-08-11,2025-08-11 14:11:00,750.11,750.11,750.1,750.1,-0.0,67.33,50533.54,-1
2025-08-11,2025-08-11 14:12:00,750.1,750.1,750.09,750.09,-0.0,67.33,50533.54,-1
2025-08-11,2025-08-11 14:13:00,750.09,750.09,750.08,750.08,-0.0,67.33,50533.54,-1
2025-08-11,2025-08-11 14:14:00,750.08,750.08,750.07,750.07,-0.0,67.33,50533.54,-1
2025-08-11,2025-08-11 14:15:00,750.07,750.07,750.06,750.06,-0.0,67.33,50533.54,-1
2025-08-11,2025-08-11 14:16:00,750.06,750.06,750.05,750.05,-0.0,67.33,50533.54,-1
2025-08-11,2025-08-11 14:17:00,750.05,750.05,750.04,750.04,-0.0,67.33,50533.54,-1
2025-08-11,2025-08-11 14:18:00,750.04,750.04,750.03,750.03,-0.0,67.33,50533.54,-1
2025-08-11,2025-08-11 14:19:00,750.03,750.03,750.02,750.02,-0.0,67.33,50533.54,-1
2025-08-11,2025-08-11 14:20:00,750.02,750.02,750.02,750.02,0.0,67.33,50533.54,0
2025-08-11,2025-08-11 14:21:00,750.02,750.02,750.01,750.01,-0.0,67.33,50533.54,-1
2025-08-11,2025-08-11 14:22:00,750.01,750.01,750.0,750.0,-0.0,67.33,50533.54,-1
2025-08-11,2025-08-11 14:23:00,750.0,750.0,749.99,749.99,-0.0,67.33,50533.54,-1
2025-08-11,2025-08-11 14:24:00,749.99,749.99,749.98,749.98,-0.0,67.33,50533.54,-1
2025-08-11,2025-08-11 14:25:00,749.98,749.98,749.97,749.97,-0.0,67.33,50533.54,-1
2025-08-11,2025-08-11 14:26:00,749.97,749.97,749.96,749.96,-0.0,67.33,50533.54,-1
2025-08-11,2025-08-11 14:27:00,749.96,749.96,749.95,749.95,-0.0,67.33,50533.54,-1
2025-08-11,2025-08-11 14:28:00,749.95,749.95,749.94,749.94,-0.0,67.33,50533.54,-1
2025-08-11,2025-08-11 14:29:00,749.94,749.94,749.93,749.93,-0.0,67.33,50533.54,-1
2025-08-11,2025-08-11 14:30:00,749.93,749.93,749.92,749.92,-0.0,67.33,50533.54,-1
2025-08-11,2025-08-11 14:31:00,749.92,749.92,749.91,749.91,-0.0,67.33,50533.54,-1
2025-08-11,2025-08-11 14:32:00,749.91,749.91,749.9,749.9,-0.0,67.33,50533.54,-1
2025-08-11,2025-08-11 14:33:00,749.9,749.9,749.89,749.89,-0.0,67.33,50533.54,-1
2025-08-11,2025-08-11 14:34:00,749.89,749.89,749.88,749.88,-0.0,67.33,50533.54,-1
2025-08-11,2025-08-11 14:35:00,749.88,749.88,749.87,749.87,-0.0,67.33,50533.54,-1
2025-08-11,2025-08-11 14:36:00,749.87,749.87,749.86,749.86,-0.0,67.33,50533.54,-1
2025-08-11,2025-08-11 14:37:00,749.86,749.86,749.85,749.85,-0.0,67.33,50533.54,-1
2025-08-11,2025-08-11 14:38:00,749.85,749.85,749.84,749.84,-0.0,67.33,50533.54,-1
2025-08-11,2025-08-11 14:39:00,749.84,749.84,749.83,749.83,-0.0,67.33,50533.54,-1
2025-08-11,2025-08-11 14:40:00,749.83,749.83,749.82,749.82,-0.0,67.33,50533.54,-1
2025-08-11,2025-08-11 14:41:00,749.82,749.82,749.81,749.81,-0.0,67.33,50533.54,-1
2025-08-11,2025-08-11 14:42:00,749.81,749.81,749.8,749.8,-0.0,67.33,50533.54,-1
2025-08-11,2025-08-11 14:43:00,749.8,749.8,749.79,749.79,-0.0,67.33,50533.54,-1
2025-08-11,2025-08-11 14:44:00,749.79,749.79,749.78,749.78,-0.0,67.33,50533.54,-1
2025-08-11,2025-08-11 14:45:00,749.78,749.78,749.77,749.77,-0.0,67.33,50533.54,-1
2025-08-11,2025-08-11 14:46:00,749.77,749.77,749.76,749.76,-0.0,67.33,50533.54,-1
2025-08-11,2025-08-11 14:47:00,749.76,749.76,749.75,749.75,-0.0,67.33,50533.54,-1
2025-08-11,2025-08-11 14:48:00,749.75,749.75,749.74,749.74,-0.0,67.33,50533.54,-1
2025-08-11,2025-08-11 14:49:00,749.74,749.74,749.73,749.73,-0.0,67.33,50533.54,-1
2025-08-11,2025-08-11 14:50:00,749.73,749.73,749.72,749.72,-0.0,67.33,50533.54,-1
2025-08-11,2025-08-11 14:51:00,749.72,749.72,749.71,749.71,-0.0,67.33,50533.54,-1
2025-08-11,2025-08-11 14:52:00,749.71,749.71,749.7,749.7,-0.0,67.33,50533.54,-1
2025-08-11,2025-08-11 14:53:00,749.7,749.7,749.69,749.69,-0.0,67.33,50533.54,-1
2025-08-11,2025-08-11 14:54:00,749.69,749.69,749.68,749.68,-0.0,67.33,50533.54,-1
2025-08-11,2025-08-11 14:55:00,749.68,749.68,749.67,749.67,-0.0,67.33,50533.54,-1
2025-08-11,2025-08-11 14:56:00,749.67,749.67,749.66,749.66,-0.0,67.33,50533.54,-1
2025-08-11,2025-08-11 14:57:00,749.66,749.66,749.65,749.65,-0.0,67.33,50533.54,-1
2025-08-11,2025-08-11 14:58:00,749.65,749.65,749.64,749.64,-0.0,67.33,50533.54,-1
2025-08-11,2025-08-11 14:59:00,749.64,749.64,749.63,749.63,-0.0,67.33,50533.54,-1
2025-08-11,2025-08-11 15:00:00,749.63,765.0,741.6,749.63,0.0,67.33,50533.54,0
2025-08-12,2025-08-12 11:00:00,735.1,739.57,735.07,735.12,0.0,76.36,56608.16,1
2025-08-12,2025-08-12 11:01:00,735.12,735.14,735.12,735.14,0.0,76.36,56608.16,1
2025-08-12,2025-08-12 11:02:00,735.14,735.16,735.14,735.16,0.0,76.36,56608.16,1
2025-08-12,2025-08-12 11:03:00,735.16,735.18,735.16,735.18,0.0,76.36,56608.16,1
2025-08-12,2025-08-12 11:04:00,735.18,735.2,735.18,735.2,0.0,76.36,56608.16,1
2025-08-12,2025-08-12 11:05:00,735.2,735.22,735.2,735.22,0.0,76.36,56608.16,1
2025-08-12,2025-08-12 11:06:00,735.22,735.24,735.22,735.24,0.0,76.36,56608.16,1
2025-08-12,2025-08-12 11:07:00,735.24,735.26,735.24,735.26,0.0,76.36,56608.16,1
2025-08-12,2025-08-12 11:08:00,735.26,735.28,735.26,735.28,0.0,76.36,56608.16,1
2025-08-12,2025-08-12 11:09:00,735.28,735.3,735.28,735.3,0.0,76.36,56608.16,1
2025-08-12,2025-08-12 11:10:00,735.3,735.32,735.3,735.32,0.0,76.36,56608.16,1
2025-08-12,2025-08-12 11:11:00,735.32,735.34,735.32,735.34,0.0,76.36,56608.16,1
2025-08-12,2025-08-12 11:12:00,735.34,735.36,735.34,735.36,0.0,76.36,56608.16,1
2025-08-12,2025-08-12 11:13:00,735.36,735.38,735.36,735.38,0.0,76.36,56608.16,1
2025-08-12,2025-08-12 11:14:00,735.38,735.4,735.38,735.4,0.0,76.36,56608.16,1
2025-08-12,2025-08-12 11:15:00,735.4,735.42,735.4,735.42,0.0,76.36,56608.16,1
2025-08-12,2025-08-12 11:16:00,735.42,735.44,735.42,735.44,0.0,76.36,56608.16,1
2025-08-12,2025-08-12 11:17:00,735.44,735.46,735.44,735.46,0.0,76.36,56608.16,1
2025-08-12,2025-08-12 11:18:00,735.46,735.48,735.46,735.48,0.0,76.36,56608.16,1
2025-08-12,2025-08-12 11:19:00,735.48,735.5,735.48,735.5,0.0,76.36,56608.16,1
2025-08-12,2025-08-12 11:20:00,735.5,735.52,735.5,735.52,0.0,76.36,56608.16,1
2025-08-12,2025-08-12 11:21:00,735.52,735.54,735.52,735.54,0.0,76.36,56608.16,1
2025-08-12,2025-08-12 11:22:00,735.54,735.56,735.54,735.56,0.0,76.36,56608.16,1
2025-08-12,2025-08-12 11:23:00,735.56,735.59,735.56,735.59,0.0,76.36,56608.16,1
2025-08-12,2025-08-12 11:24:00,735.59,735.61,735.59,735.61,0.0,76.36,56608.16,1
2025-08-12,2025-08-12 11:25:00,735.61,735.63,735.61,735.63,0.0,76.36,56608.16,1
2025-08-12,2025-08-12 11:26:00,735.63,735.65,735.63,735.65,0.0,76.36,56608.16,1
2025-08-12,2025-08-12 11:27:00,735.65,735.67,735.65,735.67,0.0,76.36,56608.16,1
2025-08-12,2025-08-12 11:28:00,735.67,735.69,735.67,735.69,0.0,76.36,56608.16,1
2025-08-12,2025-08-12 11:29:00,735.69,735.71,735.69,735.71,0.0,76.36,56608.16,1
2025-08-12,2025-08-12 11:30:00,735.71,735.73,735.71,735.73,0.0,76.36,56608.16,1
2025-08-12,2025-08-12 11:31:00,735.73,735.75,735.73,735.75,0.0,76.36,56608.16,1
2025-08-12,2025-08-12 11:32:00,735.75,735.77,735.75,735.77,0.0,76.36,56608.16,1
2025-08-12,2025-08-12 11:33:00,735.77,735.79,735.77,735.79,0.0,76.36,56608.16,1
2025-08-12,2025-08-12 11:34:00,735.79,735.81,735.79,735.81,0.0,76.36,56608.16,1
2025-08-12,2025-08-12 11:35:00,735.81,735.83,735.81,735.83,0.0,76.36,56608.16,1
2025-08-12,2025-08-12 11:36:00,735.83,735.85,735.83,735.85,0.0,76.36,56608.16,1
2025-08-12,2025-08-12 11:37:00,735.85,735.87,735.85,735.87,0.0,76.36,56608.16,1
2025-08-12,2025-08-12 11:38:00,735.87,735.89,735.87,735.89,0.0,76.36,56608.16,1
2025-08-12,2025-08-12 11:39:00,735.89,735.91,735.89,735.91,0.0,76.36,56608.16,1
2025-08-12,2025-08-12 11:40:00,735.91,735.93,735.91,735.93,0.0,76.36,56608.16,1
2025-08-12,2025-08-12 11:41:00,735.93,735.95,735.93,735.95,0.0,76.36,56608.16,1
2025-08-12,2025-08-12 11:42:00,735.95,735.97,735.95,735.97,0.0,76.36,56608.16,1
2025-08-12,2025-08-12 11:43:00,735.97,735.99,735.97,735.99,0.0,76.36,56608.16,1
2025-08-12,2025-08-12 11:44:00,735.99,736.01,735.99,736.01,0.0,76.36,56608.16,1
2025-08-12,2025-08-12 11:45:00,736.01,736.03,736.01,736.03,0.0,76.36,56608.16,1
2025-08-12,2025-08-12 11:46:00,736.03,736.05,736.03,736.05,0.0,76.36,56608.16,1
2025-08-12,2025-08-12 11:47:00,736.05,736.07,736.05,736.07,0.0,76.36,56608.16,1
2025-08-12,2025-08-12 11:48:00,736.07,736.09,736.07,736.09,0.0,76.36,56608.16,1
2025-08-12,2025-08-12 11:49:00,736.09,736.11,736.09,736.11,0.0,76.36,56608.16,1
2025-08-12,2025-08-12 11:50:00,736.11,736.13,736.11,736.13,0.0,76.36,56608.16,1
2025-08-12,2025-08-12 11:51:00,736.13,736.15,736.13,736.15,0.0,76.36,56608.16,1
2025-08-12,2025-08-12 11:52:00,736.15,736.17,736.15,736.17,0.0,76.36,56608.16,1
2025-08-12,2025-08-12 11:53:00,736.17,736.19,736.17,736.19,0.0,76.36,56608.16,1
2025-08-12,2025-08-12 11:54:00,736.19,736.21,736.19,736.21,0.0,76.36,56608.16,1
2025-08-12,2025-08-12 11:55:00,736.21,736.23,736.21,736.23,0.0,76.36,56608.16,1
2025-08-12,2025-08-12 11:56:00,736.23,736.25,736.23,736.25,0.0,76.36,56608.16,1
2025-08-12,2025-08-12 11:57:00,736.25,736.27,736.25,736.27,0.0,76.36,56608.16,1
2025-08-12,2025-08-12 11:58:00,736.27,736.29,736.27,736.29,0.0,76.36,56608.16,1
2025-08-12,2025-08-12 11:59:00,736.29,736.31,736.29,736.31,0.0,76.36,56608.16,1
2025-08-12,2025-08-12 12:00:00,736.31,736.33,736.31,736.33,0.0,76.36,56608.16,1
2025-08-12,2025-08-12 12:01:00,736.33,736.35,736.33,736.35,0.0,76.36,56608.16,1
2025-08-12,2025-08-12 12:02:00,736.35,736.37,736.35,736.37,0.0,76.36,56608.16,1
2025-08-12,2025-08-12 12:03:00,736.37,736.39,736.37,736.39,0.0,76.36,56608.16,1
2025-08-12,2025-08-12 12:04:00,736.39,736.41,736.39,736.41,0.0,76.36,56608.16,1
2025-08-12,2025-08-12 12:05:00,736.41,736.43,736.41,736.43,0.0,76.36,56608.16,1
2025-08-12,2025-08-12 12:06:00,736.43,736.45,736.43,736.45,0.0,76.36,56608.16,1
2025-08-12,2025-08-12 12:07:00,736.45,736.47,736.45,736.47,0.0,76.36,56608.16,1
2025-08-12,2025-08-12 12:08:00,736.47,736.49,736.47,736.49,0.0,76.36,56608.16,1
2025-08-12,2025-08-12 12:09:00,736.49,736.51,736.49,736.51,0.0,76.36,56608.16,1
2025-08-12,2025-08-12 12:10:00,736.51,736.53,736.51,736.53,0.0,76.36,56608.16,1
2025-08-12,2025-08-12 12:11:00,736.53,736.56,736.53,736.56,0.0,76.36,56608.16,1
2025-08-12,2025-08-12 12:12:00,736.56,736.58,736.56,736.58,0.0,76.36,56608.16,1
2025-08-12,2025-08-12 12:13:00,736.58,736.6,736.58,736.6,0.0,76.36,56608.16,1
2025-08-12,2025-08-12 12:14:00,736.6,736.62,736.6,736.62,0.0,76.36,56608.16,1
2025-08-12,2025-08-12 12:15:00,736.62,736.64,736.62,736.64,0.0,76.36,56608.16,1
2025-08-12,2025-08-12 12:16:00,736.64,736.66,736.64,736.66,0.0,76.36,56608.16,1
2025-08-12,2025-08-12 12:17:00,736.66,736.68,736.66,736.68,0.0,76.36,56608.16,1
2025-08-12,2025-08-12 12:18:00,736.68,736.7,736.68,736.7,0.0,76.36,56608.16,1
2025-08-12,2025-08-12 12:19:00,736.7,736.72,736.7,736.72,0.0,76.36,56608.16,1
2025-08-12,2025-08-12 12:20:00,736.72,736.74,736.72,736.74,0.0,76.36,56608.16,1
2025-08-12,2025-08-12 12:21:00,736.74,736.76,736.74,736.76,0.0,76.36,56608.16,1
2025-08-12,2025-08-12 12:22:00,736.76,736.78,736.76,736.78,0.0,76.36,56608.16,1
2025-08-12,2025-08-12 12:23:00,736.78,736.8,736.78,736.8,0.0,76.36,56608.16,1
2025-08-12,2025-08-12 12:24:00,736.8,736.82,736.8,736.82,0.0,76.36,56608.16,1
2025-08-12,2025-08-12 12:25:00,736.82,736.84,736.82,736.84,0.0,76.36,56608.16,1
2025-08-12,2025-08-12 12:26:00,736.84,736.86,736.84,736.86,0.0,76.36,56608.16,1
2025-08-12,2025-08-12 12:27:00,736.86,736.88,736.86,736.88,0.0,76.36,56608.16,1
2025-08-12,2025-08-12 12:28:00,736.88,736.9,736.88,736.9,0.0,76.36,56608.16,1
2025-08-12,2025-08-12 12:29:00,736.9,736.92,736.9,736.92,0.0,76.36,56608.16,1
2025-08-12,2025-08-12 12:30:00,736.92,736.94,736.92,736.94,0.0,76.36,56608.16,1
2025-08-12,2025-08-12 12:31:00,736.94,736.96,736.94,736.96,0.0,76.36,56608.16,1
2025-08-12,2025-08-12 12:32:00,736.96,736.98,736.96,736.98,0.0,76.36,56608.16,1
2025-08-12,2025-08-12 12:33:00,736.98,737.0,736.98,737.0,0.0,76.36,56608.16,1
2025-08-12,2025-08-12 12:34:00,737.0,737.02,737.0,737.02,0.0,76.36,56608.16,1
2025-08-12,2025-08-12 12:35:00,737.02,737.04,737.02,737.04,0.0,76.36,56608.16,1
2025-08-12,2025-08-12 12:36:00,737.04,737.06,737.04,737.06,0.0,76.36,56608.16,1
2025-08-12,2025-08-12 12:37:00,737.06,737.08,737.06,737.08,0.0,76.36,56608.16,1
2025-08-12,2025-08-12 12:38:00,737.08,737.1,737.08,737.1,0.0,76.36,56608.16,1
2025-08-12,2025-08-12 12:39:00,737.1,737.12,737.1,737.12,0.0,76.36,56608.16,1
2025-08-12,2025-08-12 12:40:00,737.12,737.14,737.12,737.14,0.0,76.36,56608.16,1
2025-08-12,2025-08-12 12:41:00,737.14,737.16,737.14,737.16,0.0,76.36,56608.16,1
2025-08-12,2025-08-12 12:42:00,737.16,737.18,737.16,737.18,0.0,76.36,56608.16,1
2025-08-12,2025-08-12 12:43:00,737.18,737.2,737.18,737.2,0.0,76.36,56608.16,1
2025-08-12,2025-08-12 12:44:00,737.2,737.22,737.2,737.22,0.0,76.36,56608.16,1
2025-08-12,2025-08-12 12:45:00,737.22,737.24,737.22,737.24,0.0,76.36,56608.16,1
2025-08-12,2025-08-12 12:46:00,737.24,737.26,737.24,737.26,0.0,76.36,56608.16,1
2025-08-12,2025-08-12 12:47:00,737.26,737.28,737.26,737.28,0.0,76.36,56608.16,1
2025-08-12,2025-08-12 12:48:00,737.28,737.3,737.28,737.3,0.0,76.36,56608.16,1
2025-08-12,2025-08-12 12:49:00,737.3,737.32,737.3,737.32,0.0,76.36,56608.16,1
2025-08-12,2025-08-12 12:50:00,737.32,737.34,737.32,737.34,0.0,76.36,56608.16,1
2025-08-12,2025-08-12 12:51:00,737.34,737.36,737.34,737.36,0.0,76.36,56608.16,1
2025-08-12,2025-08-12 12:52:00,737.36,737.38,737.36,737.38,0.0,76.36,56608.16,1
2025-08-12,2025-08-12 12:53:00,737.38,737.4,737.38,737.4,0.0,76.36,56608.16,1
2025-08-12,2025-08-12 12:54:00,737.4,737.42,737.4,737.42,0.0,76.36,56608.16,1
2025-08-12,2025-08-12 12:55:00,737.42,737.44,737.42,737.44,0.0,76.36,56608.16,1
2025-08-12,2025-08-12 12:56:00,737.44,737.46,737.44,737.46,0.0,76.36,56608.16,1
2025-08-12,2025-08-12 12:57:00,737.46,737.48,737.46,737.48,0.0,76.36,56608.16,1
2025-08-12,2025-08-12 12:58:00,737.48,737.5,737.48,737.5,0.0,76.36,56608.16,1
2025-08-12,2025-08-12 12:59:00,737.5,737.53,737.5,737.53,0.0,76.36,56608.16,1
2025-08-12,2025-08-12 13:00:00,737.53,750.0,735.0,737.55,0.0,76.36,56608.16,1
2025-08-12,2025-08-12 13:01:00,737.55,737.57,737.55,737.57,0.0,76.36,56608.16,1
2025-08-12,2025-08-12 13:02:00,737.57,737.59,737.57,737.59,0.0,76.36,56608.16,1
2025-08-12,2025-08-12 13:03:00,737.59,737.61,737.59,737.61,0.0,76.36,56608.16,1
2025-08-12,2025-08-12 13:04:00,737.61,737.63,737.61,737.63,0.0,76.36,56608.16,1
2025-08-12,2025-08-12 13:05:00,737.63,737.65,737.63,737.65,0.0,76.36,56608.16,1
2025-08-12,2025-08-12 13:06:00,737.65,737.67,737.65,737.67,0.0,76.36,56608.16,1
2025-08-12,2025-08-12 13:07:00,737.67,737.69,737.67,737.69,0.0,76.36,56608.16,1
2025-08-12,2025-08-12 13:08:00,737.69,737.71,737.69,737.71,0.0,76.36,56608.16,1
2025-08-12,2025-08-12 13:09:00,737.71,737.73,737.71,737.73,0.0,76.36,56608.16,1
2025-08-12,2025-08-12 13:10:00,737.73,737.75,737.73,737.75,0.0,76.36,56608.16,1
2025-08-12,2025-08-12 13:11:00,737.75,737.77,737.75,737.77,0.0,76.36,56608.16,1
2025-08-12,2025-08-12 13:12:00,737.77,737.79,737.77,737.79,0.0,76.36,56608.16,1
2025-08-12,2025-08-12 13:13:00,737.79,737.81,737.79,737.81,0.0,76.36,56608.16,1
2025-08-12,2025-08-12 13:14:00,737.81,737.83,737.81,737.83,0.0,76.36,56608.16,1
2025-08-12,2025-08-12 13:15:00,737.83,737.85,737.83,737.85,0.0,76.36,56608.16,1
2025-08-12,2025-08-12 13:16:00,737.85,737.87,737.85,737.87,0.0,76.36,56608.16,1
2025-08-12,2025-08-12 13:17:00,737.87,737.89,737.87,737.89,0.0,76.36,56608.16,1
2025-08-12,2025-08-12 13:18:00,737.89,737.91,737.89,737.91,0.0,76.36,56608.16,1
2025-08-12,2025-08-12 13:19:00,737.91,737.93,737.91,737.93,0.0,76.36,56608.16,1
2025-08-12,2025-08-12 13:20:00,737.93,737.95,737.93,737.95,0.0,76.36,56608.16,1
2025-08-12,2025-08-12 13:21:00,737.95,737.97,737.95,737.97,0.0,76.36,56608.16,1
2025-08-12,2025-08-12 13:22:00,737.97,737.99,737.97,737.99,0.0,76.36,56608.16,1
2025-08-12,2025-08-12 13:23:00,737.99,738.01,737.99,738.01,0.0,76.36,56608.16,1
2025-08-12,2025-08-12 13:24:00,738.01,738.03,738.01,738.03,0.0,76.36,56608.16,1
2025-08-12,2025-08-12 13:25:00,738.03,738.05,738.03,738.05,0.0,76.36,56608.16,1
2025-08-12,2025-08-12 13:26:00,738.05,738.07,738.05,738.07,0.0,76.36,56608.16,1
2025-08-12,2025-08-12 13:27:00,738.07,738.09,738.07,738.09,0.0,76.36,56608.16,1
2025-08-12,2025-08-12 13:28:00,738.09,738.11,738.09,738.11,0.0,76.36,56608.16,1
2025-08-12,2025-08-12 13:29:00,738.11,738.13,738.11,738.13,0.0,76.36,56608.16,1
2025-08-12,2025-08-12 13:30:00,738.13,738.15,738.13,738.15,0.0,76.36,56608.16,1
2025-08-12,2025-08-12 13:31:00,738.15,738.17,738.15,738.17,0.0,76.36,56608.16,1
2025-08-12,2025-08-12 13:32:00,738.17,738.19,738.17,738.19,0.0,76.36,56608.16,1
2025-08-12,2025-08-12 13:33:00,738.19,738.21,738.19,738.21,0.0,76.36,56608.16,1
2025-08-12,2025-08-12 13:34:00,738.21,738.23,738.21,738.23,0.0,76.36,56608.16,1
2025-08-12,2025-08-12 13:35:00,738.23,738.25,738.23,738.25,0.0,76.36,56608.16,1
2025-08-12,2025-08-12 13:36:00,738.25,738.27,738.25,738.27,0.0,76.36,56608.16,1
2025-08-12,2025-08-12 13:37:00,738.27,738.29,738.27,738.29,0.0,76.36,56608.16,1
2025-08-12,2025-08-12 13:38:00,738.29,738.31,738.29,738.31,0.0,76.36,56608.16,1
2025-08-12,2025-08-12 13:39:00,738.31,738.33,738.31,738.33,0.0,76.36,56608.16,1
2025-08-12,2025-08-12 13:40:00,738.33,738.35,738.33,738.35,0.0,76.36,56608.16,1
2025-08-12,2025-08-12 13:41:00,738.35,738.37,738.35,738.37,0.0,76.36,56608.16,1
2025-08-12,2025-08-12 13:42:00,738.37,738.39,738.37,738.39,0.0,76.36,56608.16,1
2025-08-12,2025-08-12 13:43:00,738.39,738.41,738.39,738.41,0.0,76.36,56608.16,1
2025-08-12,2025-08-12 13:44:00,738.41,738.43,738.41,738.43,0.0,76.36,56608.16,1
2025-08-12,2025-08-12 13:45:00,738.43,738.45,738.43,738.45,0.0,76.36,56608.16,1
2025-08-12,2025-08-12 13:46:00,738.45,738.47,738.45,738.47,0.0,76.36,56608.16,1
2025-08-12,2025-08-12 13:47:00,738.47,738.5,738.47,738.5,0.0,76.36,56608.16,1
2025-08-12,2025-08-12 13:48:00,738.5,738.52,738.5,738.52,0.0,76.36,56608.16,1
2025-08-12,2025-08-12 13:49:00,738.52,738.54,738.52,738.54,0.0,76.36,56608.16,1
2025-08-12,2025-08-12 13:50:00,738.54,738.56,738.54,738.56,0.0,76.36,56608.16,1
2025-08-12,2025-08-12 13:51:00,738.56,738.58,738.56,738.58,0.0,76.36,56608.16,1
2025-08-12,2025-08-12 13:52:00,738.58,738.6,738.58,738.6,0.0,76.36,56608.16,1
2025-08-12,2025-08-12 13:53:00,738.6,738.62,738.6,738.62,0.0,76.36,56608.16,1
2025-08-12,2025-08-12 13:54:00,738.62,738.64,738.62,738.64,0.0,76.36,56608.16,1
2025-08-12,2025-08-12 13:55:00,738.64,738.66,738.64,738.66,0.0,76.36,56608.16,1
2025-08-12,2025-08-12 13:56:00,738.66,738.68,738.66,738.68,0.0,76.36,56608.16,1
2025-08-12,2025-08-12 13:57:00,738.68,738.7,738.68,738.7,0.0,76.36,56608.16,1
2025-08-12,2025-08-12 13:58:00,738.7,738.72,738.7,738.72,0.0,76.36,56608.16,1
2025-08-12,2025-08-12 13:59:00,738.72,738.74,738.72,738.74,0.0,76.36,56608.16,1
2025-08-12,2025-08-12 14:00:00,738.74,738.76,738.74,738.76,0.0,76.36,56608.16,1
2025-08-12,2025-08-12 14:01:00,738.76,738.78,738.76,738.78,0.0,76.36,56608.16,1
2025-08-12,2025-08-12 14:02:00,738.78,738.8,738.78,738.8,0.0,76.36,56608.16,1
2025-08-12,2025-08-12 14:03:00,738.8,738.82,738.8,738.82,0.0,76.36,56608.16,1
2025-08-12,2025-08-12 14:04:00,738.82,738.84,738.82,738.84,0.0,76.36,56608.16,1
2025-08-12,2025-08-12 14:05:00,738.84,738.86,738.84,738.86,0.0,76.36,56608.16,1
2025-08-12,2025-08-12 14:06:00,738.86,738.88,738.86,738.88,0.0,76.36,56608.16,1
2025-08-12,2025-08-12 14:07:00,738.88,738.9,738.88,738.9,0.0,76.36,56608.16,1
2025-08-12,2025-08-12 14:08:00,738.9,738.92,738.9,738.92,0.0,76.36,56608.16,1
2025-08-12,2025-08-12 14:09:00,738.92,738.94,738.92,738.94,0.0,76.36,56608.16,1
2025-08-12,2025-08-12 14:10:00,738.94,738.96,738.94,738.96,0.0,76.36,56608.16,1
2025-08-12,2025-08-12 14:11:00,738.96,738.98,738.96,738.98,0.0,76.36,56608.16,1
2025-08-12,2025-08-12 14:12:00,738.98,739.0,738.98,739.0,0.0,76.36,56608.16,1
2025-08-12,2025-08-12 14:13:00,739.0,739.02,739.0,739.02,0.0,76.36,56608.16,1
2025-08-12,2025-08-12 14:14:00,739.02,739.04,739.02,739.04,0.0,76.36,56608.16,1
2025-08-12,2025-08-12 14:15:00,739.04,739.06,739.04,739.06,0.0,76.36,56608.16,1
2025-08-12,2025-08-12 14:16:00,739.06,739.08,739.06,739.08,0.0,76.36,56608.16,1
2025-08-12,2025-08-12 14:17:00,739.08,739.1,739.08,739.1,0.0,76.36,56608.16,1
2025-08-12,2025-08-12 14:18:00,739.1,739.12,739.1,739.12,0.0,76.36,56608.16,1
2025-08-12,2025-08-12 14:19:00,739.12,739.14,739.12,739.14,0.0,76.36,56608.16,1
2025-08-12,2025-08-12 14:20:00,739.14,739.16,739.14,739.16,0.0,76.36,56608.16,1
2025-08-12,2025-08-12 14:21:00,739.16,739.18,739.16,739.18,0.0,76.36,56608.16,1
2025-08-12,2025-08-12 14:22:00,739.18,739.2,739.18,739.2,0.0,76.36,56608.16,1
2025-08-12,2025-08-12 14:23:00,739.2,739.22,739.2,739.22,0.0,76.36,56608.16,1
2025-08-12,2025-08-12 14:24:00,739.22,739.24,739.22,739.24,0.0,76.36,56608.16,1
2025-08-12,2025-08-12 14:25:00,739.24,739.26,739.24,739.26,0.0,76.36,56608.16,1
2025-08-12,2025-08-12 14:26:00,739.26,739.28,739.26,739.28,0.0,76.36,56608.16,1
2025-08-12,2025-08-12 14:27:00,739.28,739.3,739.28,739.3,0.0,76.36,56608.16,1
2025-08-12,2025-08-12 14:28:00,739.3,739.32,739.3,739.32,0.0,76.36,56608.16,1
2025-08-12,2025-08-12 14:29:00,739.32,739.34,739.32,739.34,0.0,76.36,56608.16,1
2025-08-12,2025-08-12 14:30:00,739.34,739.36,739.34,739.36,0.0,76.36,56608.16,1
2025-08-12,2025-08-12 14:31:00,739.36,739.38,739.36,739.38,0.0,76.36,56608.16,1
2025-08-12,2025-08-12 14:32:00,739.38,739.4,739.38,739.4,0.0,76.36,56608.16,1
2025-08-12,2025-08-12 14:33:00,739.4,739.42,739.4,739.42,0.0,76.36,56608.16,1
2025-08-12,2025-08-12 14:34:00,739.42,739.44,739.42,739.44,0.0,76.36,56608.16,1
2025-08-12,2025-08-12 14:35:00,739.44,739.47,739.44,739.47,0.0,76.36,56608.16,1
2025-08-12,2025-08-12 14:36:00,739.47,739.49,739.47,739.49,0.0,76.36,56608.16,1
2025-08-12,2025-08-12 14:37:00,739.49,739.51,739.49,739.51,0.0,76.36,56608.16,1
2025-08-12,2025-08-12 14:38:00,739.51,739.53,739.51,739.53,0.0,76.36,56608.16,1
2025-08-12,2025-08-12 14:39:00,739.53,739.55,739.53,739.55,0.0,76.36,56608.16,1
2025-08-12,2025-08-12 14:40:00,739.55,739.57,739.55,739.57,0.0,76.36,56608.16,1
2025-08-12,2025-08-12 14:41:00,739.57,739.59,739.57,739.59,0.0,76.36,56608.16,1
2025-08-12,2025-08-12 14:42:00,739.59,739.61,739.59,739.61,0.0,76.36,56608.16,1
2025-08-12,2025-08-12 14:43:00,739.61,739.63,739.61,739.63,0.0,76.36,56608.16,1
2025-08-12,2025-08-12 14:44:00,739.63,739.65,739.63,739.65,0.0,76.36,56608.16,1
2025-08-12,2025-08-12 14:45:00,739.65,739.67,739.65,739.67,0.0,76.36,56608.16,1
2025-08-12,2025-08-12 14:46:00,739.67,739.69,739.67,739.69,0.0,76.36,56608.16,1
2025-08-12,2025-08-12 14:47:00,739.69,739.71,739.69,739.71,0.0,76.36,56608.16,1
2025-08-12,2025-08-12 14:48:00,739.71,739.73,739.71,739.73,0.0,76.36,56608.16,1
2025-08-12,2025-08-12 14:49:00,739.73,739.75,739.73,739.75,0.0,76.36,56608.16,1
2025-08-12,2025-08-12 14:50:00,739.75,739.77,739.75,739.77,0.0,76.36,56608.16,1
2025-08-12,2025-08-12 14:51:00,739.77,739.79,739.77,739.79,0.0,76.36,56608.16,1
2025-08-12,2025-08-12 14:52:00,739.79,739.81,739.79,739.81,0.0,76.36,56608.16,1
2025-08-12,2025-08-12 14:53:00,739.81,739.83,739.81,739.83,0.0,76.36,56608.16,1
2025-08-12,2025-08-12 14:54:00,739.83,739.85,739.83,739.85,0.0,76.36,56608.16,1
2025-08-12,2025-08-12 14:55:00,739.85,739.87,739.85,739.87,0.0,76.36,56608.16,1
2025-08-12,2025-08-12 14:56:00,739.87,739.89,739.87,739.89,0.0,76.36,56608.16,1
2025-08-12,2025-08-12 14:57:00,739.89,739.91,739.89,739.91,0.0,76.36,56608.16,1
2025-08-12,2025-08-12 14:58:00,739.91,739.93,739.91,739.93,0.0,76.36,56608.16,1
2025-08-12,2025-08-12 14:59:00,739.93,739.95,739.93,739.95,0.0,76.36,56608.16,1
2025-08-12,2025-08-12 15:00:00,739.95,750.0,735.0,739.95,0.0,76.36,56608.16,0
2025-08-13,2025-08-13 11:00:00,730.0,736.0,729.4,730.0,0.0,13.5,9894.4,0
2025-08-13,2025-08-13 11:01:00,730.0,730.0,730.0,730.0,0.0,13.5,9894.4,0
2025-08-13,2025-08-13 11:02:00,730.0,730.0,730.0,730.0,0.0,13.5,9894.4,0
2025-08-13,2025-08-13 11:03:00,730.0,730.0,730.0,730.0,0.0,13.5,9894.4,0
2025-08-13,2025-08-13 11:04:00,730.0,730.0,730.0,730.0,0.0,13.5,9894.4,0
2025-08-13,2025-08-13 11:05:00,730.0,730.0,730.0,730.0,0.0,13.5,9894.4,0
2025-08-13,2025-08-13 11:06:00,730.0,730.0,729.99,729.99,-0.0,13.5,9894.4,-1
2025-08-13,2025-08-13 11:07:00,729.99,729.99,729.99,729.99,0.0,13.5,9894.4,0
2025-08-13,2025-08-13 11:08:00,729.99,729.99,729.99,729.99,0.0,13.5,9894.4,0
2025-08-13,2025-08-13 11:09:00,729.99,729.99,729.99,729.99,0.0,13.5,9894.4,0
2025-08-13,2025-08-13 11:10:00,729.99,729.99,729.99,729.99,0.0,13.5,9894.4,0
2025-08-13,2025-08-13 11:11:00,729.99,729.99,729.99,729.99,0.0,13.5,9894.4,0
2025-08-13,2025-08-13 11:12:00,729.99,729.99,729.99,729.99,0.0,13.5,9894.4,0
2025-08-13,2025-08-13 11:13:00,729.99,729.99,729.99,729.99,0.0,13.5,9894.4,0
2025-08-13,2025-08-13 11:14:00,729.99,729.99,729.99,729.99,0.0,13.5,9894.4,0
2025-08-13,2025-08-13 11:15:00,729.99,729.99,729.99,729.99,0.0,13.5,9894.4,0
2025-08-13,2025-08-13 11:16:00,729.99,729.99,729.99,729.99,0.0,13.5,9894.4,0
2025-08-13,2025-08-13 11:17:00,729.99,729.99,729.99,729.99,0.0,13.5,9894.4,0
2025-08-13,2025-08-13 11:18:00,729.99,729.99,729.98,729.98,-0.0,13.5,9894.4,-1
2025-08-13,2025-08-13 11:19:00,729.98,729.98,729.98,729.98,0.0,13.5,9894.4,0
2025-08-13,2025-08-13 11:20:00,729.98,729.98,729.98,729.98,0.0,13.5,9894.4,0
2025-08-13,2025-08-13 11:21:00,729.98,729.98,729.98,729.98,0.0,13.5,9894.4,0
2025-08-13,2025-08-13 11:22:00,729.98,729.98,729.98,729.98,0.0,13.5,9894.4,0
2025-08-13,2025-08-13 11:23:00,729.98,729.98,729.98,729.98,0.0,13.5,9894.4,0
2025-08-13,2025-08-13 11:24:00,729.98,729.98,729.98,729.98,0.0,13.5,9894.4,0
2025-08-13,2025-08-13 11:25:00,729.98,729.98,729.98,729.98,0.0,13.5,9894.4,0
2025-08-13,2025-08-13 11:26:00,729.98,729.98,729.98,729.98,0.0,13.5,9894.4,0
2025-08-13,2025-08-13 11:27:00,729.98,729.98,729.98,729.98,0.0,13.5,9894.4,0
2025-08-13,2025-08-13 11:28:00,729.98,729.98,729.98,729.98,0.0,13.5,9894.4,0
2025-08-13,2025-08-13 11:29:00,729.98,729.98,729.98,729.98,0.0,13.5,9894.4,0
2025-08-13,2025-08-13 11:30:00,729.98,729.98,729.98,729.98,0.0,13.5,9894.4,0
2025-08-13,2025-08-13 11:31:00,729.98,729.98,729.97,729.97,-0.0,13.5,9894.4,-1
2025-08-13,2025-08-13 11:32:00,729.97,729.97,729.97,729.97,0.0,13.5,9894.4,0
2025-08-13,2025-08-13 11:33:00,729.97,729.97,729.97,729.97,0.0,13.5,9894.4,0
2025-08-13,2025-08-13 11:34:00,729.97,729.97,729.97,729.97,0.0,13.5,9894.4,0
2025-08-13,2025-08-13 11:35:00,729.97,729.97,729.97,729.97,0.0,13.5,9894.4,0
2025-08-13,2025-08-13 11:36:00,729.97,729.97,729.97,729.97,0.0,13.5,9894.4,0
2025-08-13,2025-08-13 11:37:00,729.97,729.97,729.97,729.97,0.0,13.5,9894.4,0
2025-08-13,2025-08-13 11:38:00,729.97,729.97,729.97,729.97,0.0,13.5,9894.4,0
2025-08-13,2025-08-13 11:39:00,729.97,729.97,729.97,729.97,0.0,13.5,9894.4,0
2025-08-13,2025-08-13 11:40:00,729.97,729.97,729.97,729.97,0.0,13.5,9894.4,0
2025-08-13,2025-08-13 11:41:00,729.97,729.97,729.97,729.97,0.0,13.5,9894.4,0
2025-08-13,2025-08-13 11:42:00,729.97,729.97,729.97,729.97,0.0,13.5,9894.4,0
2025-08-13,2025-08-13 11:43:00,729.97,729.97,729.97,729.97,0.0,13.5,9894.4,0
2025-08-13,2025-08-13 11:44:00,729.97,729.97,729.96,729.96,-0.0,13.5,9894.4,-1
2025-08-13,2025-08-13 11:45:00,729.96,729.96,729.96,729.96,0.0,13.5,9894.4,0
2025-08-13,2025-08-13 11:46:00,729.96,729.96,729.96,729.96,0.0,13.5,9894.4,0
2025-08-13,2025-08-13 11:47:00,729.96,729.96,729.96,729.96,0.0,13.5,9894.4,0
2025-08-13,2025-08-13 11:48:00,729.96,729.96,729.96,729.96,0.0,13.5,9894.4,0
2025-08-13,2025-08-13 11:49:00,729.96,729.96,729.96,729.96,0.0,13.5,9894.4,0
2025-08-13,2025-08-13 11:50:00,729.96,729.96,729.96,729.96,0.0,13.5,9894.4,0
2025-08-13,2025-08-13 11:51:00,729.96,729.96,729.96,729.96,0.0,13.5,9894.4,0
2025-08-13,2025-08-13 11:52:00,729.96,729.96,729.96,729.96,0.0,13.5,9894.4,0
2025-08-13,2025-08-13 11:53:00,729.96,729.96,729.96,729.96,0.0,13.5,9894.4,0
2025-08-13,2025-08-13 11:54:00,729.96,729.96,729.96,729.96,0.0,13.5,9894.4,0
2025-08-13,2025-08-13 11:55:00,729.96,729.96,729.96,729.96,0.0,13.5,9894.4,0
2025-08-13,2025-08-13 11:56:00,729.96,729.96,729.95,729.95,-0.0,13.5,9894.4,-1
2025-08-13,2025-08-13 11:57:00,729.95,729.95,729.95,729.95,0.0,13.5,9894.4,0
2025-08-13,2025-08-13 11:58:00,729.95,729.95,729.95,729.95,0.0,13.5,9894.4,0
2025-08-13,2025-08-13 11:59:00,729.95,729.95,729.95,729.95,0.0,13.5,9894.4,0
2025-08-13,2025-08-13 12:00:00,729.95,729.95,729.95,729.95,0.0,13.5,9894.4,0
2025-08-13,2025-08-13 12:01:00,729.95,729.95,729.95,729.95,0.0,13.5,9894.4,0
2025-08-13,2025-08-13 12:02:00,729.95,729.95,729.95,729.95,0.0,13.5,9894.4,0
2025-08-13,2025-08-13 12:03:00,729.95,729.95,729.95,729.95,0.0,13.5,9894.4,0
2025-08-13,2025-08-13 12:04:00,729.95,729.95,729.95,729.95,0.0,13.5,9894.4,0
2025-08-13,2025-08-13 12:05:00,729.95,729.95,729.95,729.95,0.0,13.5,9894.4,0
2025-08-13,2025-08-13 12:06:00,729.95,729.95,729.95,729.95,0.0,13.5,9894.4,0
2025-08-13,2025-08-13 12:07:00,729.95,729.95,729.95,729.95,0.0,13.5,9894.4,0
2025-08-13,2025-08-13 12:08:00,729.95,729.95,729.95,729.95,0.0,13.5,9894.4,0
2025-08-13,2025-08-13 12:09:00,729.95,729.95,729.94,729.94,-0.0,13.5,9894.4,-1
2025-08-13,2025-08-13 12:10:00,729.94,729.94,729.94,729.94,0.0,13.5,9894.4,0
2025-08-13,2025-08-13 12:11:00,729.94,729.94,729.94,729.94,0.0,13.5,9894.4,0
2025-08-13,2025-08-13 12:12:00,729.94,729.94,729.94,729.94,0.0,13.5,9894.4,0
2025-08-13,2025-08-13 12:13:00,729.94,729.94,729.94,729.94,0.0,13.5,9894.4,0
2025-08-13,2025-08-13 12:14:00,729.94,729.94,729.94,729.94,0.0,13.5,9894.4,0
2025-08-13,2025-08-13 12:15:00,729.94,729.94,729.94,729.94,0.0,13.5,9894.4,0
2025-08-13,2025-08-13 12:16:00,729.94,729.94,729.94,729.94,0.0,13.5,9894.4,0
2025-08-13,2025-08-13 12:17:00,729.94,729.94,729.94,729.94,0.0,13.5,9894.4,0
2025-08-13,2025-08-13 12:18:00,729.94,729.94,729.94,729.94,0.0,13.5,9894.4,0
2025-08-13,2025-08-13 12:19:00,729.94,729.94,729.94,729.94,0.0,13.5,9894.4,0
2025-08-13,2025-08-13 12:20:00,729.94,729.94,729.94,729.94,0.0,13.5,9894.4,0
2025-08-13,2025-08-13 12:21:00,729.94,729.94,729.94,729.94,0.0,13.5,9894.4,0
2025-08-13,2025-08-13 12:22:00,729.94,729.94,729.93,729.93,-0.0,13.5,9894.4,-1
2025-08-13,2025-08-13 12:23:00,729.93,729.93,729.93,729.93,0.0,13.5,9894.4,0
2025-08-13,2025-08-13 12:24:00,729.93,729.93,729.93,729.93,0.0,13.5,9894.4,0
2025-08-13,2025-08-13 12:25:00,729.93,729.93,729.93,729.93,0.0,13.5,9894.4,0
2025-08-13,2025-08-13 12:26:00,729.93,729.93,729.93,729.93,0.0,13.5,9894.4,0
2025-08-13,2025-08-13 12:27:00,729.93,729.93,729.93,729.93,0.0,13.5,9894.4,0
2025-08-13,2025-08-13 12:28:00,729.93,729.93,729.93,729.93,0.0,13.5,9894.4,0
2025-08-13,2025-08-13 12:29:00,729.93,729.93,729.93,729.93,0.0,13.5,9894.4,0
2025-08-13,2025-08-13 12:30:00,729.93,729.93,729.93,729.93,0.0,13.5,9894.4,0
2025-08-13,2025-08-13 12:31:00,729.93,729.93,729.93,729.93,0.0,13.5,9894.4,0
2025-08-13,2025-08-13 12:32:00,729.93,729.93,729.93,729.93,0.0,13.5,9894.4,0
2025-08-13,2025-08-13 12:33:00,729.93,729.93,729.93,729.93,0.0,13.5,9894.4,0
2025-08-13,2025-08-13 12:34:00,729.93,729.93,729.92,729.92,-0.0,13.5,9894.4,-1
2025-08-13,2025-08-13 12:35:00,729.92,729.92,729.92,729.92,0.0,13.5,9894.4,0
2025-08-13,2025-08-13 12:36:00,729.92,729.92,729.92,729.92,0.0,13.5,9894.4,0
2025-08-13,2025-08-13 12:37:00,729.92,729.92,729.92,729.92,0.0,13.5,9894.4,0
2025-08-13,2025-08-13 12:38:00,729.92,729.92,729.92,729.92,0.0,13.5,9894.4,0
2025-08-13,2025-08-13 12:39:00,729.92,729.92,729.92,729.92,0.0,13.5,9894.4,0
2025-08-13,2025-08-13 12:40:00,729.92,729.92,729.92,729.92,0.0,13.5,9894.4,0
2025-08-13,2025-08-13 12:41:00,729.92,729.92,729.92,729.92,0.0,13.5,9894.4,0
2025-08-13,2025-08-13 12:42:00,729.92,729.92,729.92,729.92,0.0,13.5,9894.4,0
2025-08-13,2025-08-13 12:43:00,729.92,729.92,729.92,729.92,0.0,13.5,9894.4,0
2025-08-13,2025-08-13 12:44:00,729.92,729.92,729.92,729.92,0.0,13.5,9894.4,0
2025-08-13,2025-08-13 12:45:00,729.92,729.92,729.92,729.92,0.0,13.5,9894.4,0
2025-08-13,2025-08-13 12:46:00,729.92,729.92,729.92,729.92,0.0,13.5,9894.4,0
2025-08-13,2025-08-13 12:47:00,729.92,729.92,729.91,729.91,-0.0,13.5,9894.4,-1
2025-08-13,2025-08-13 12:48:00,729.91,729.91,729.91,729.91,0.0,13.5,9894.4,0
2025-08-13,2025-08-13 12:49:00,729.91,729.91,729.91,729.91,0.0,13.5,9894.4,0
2025-08-13,2025-08-13 12:50:00,729.91,729.91,729.91,729.91,0.0,13.5,9894.4,0
2025-08-13,2025-08-13 12:51:00,729.91,729.91,729.91,729.91,0.0,13.5,9894.4,0
2025-08-13,2025-08-13 12:52:00,729.91,729.91,729.91,729.91,0.0,13.5,9894.4,0
2025-08-13,2025-08-13 12:53:00,729.91,729.91,729.91,729.91,0.0,13.5,9894.4,0
2025-08-13,2025-08-13 12:54:00,729.91,729.91,729.91,729.91,0.0,13.5,9894.4,0
2025-08-13,2025-08-13 12:55:00,729.91,729.91,729.91,729.91,0.0,13.5,9894.4,0
2025-08-13,2025-08-13 12:56:00,729.91,729.91,729.91,729.91,0.0,13.5,9894.4,0
2025-08-13,2025-08-13 12:57:00,729.91,729.91,729.91,729.91,0.0,13.5,9894.4,0
2025-08-13,2025-08-13 12:58:00,729.91,729.91,729.91,729.91,0.0,13.5,9894.4,0
2025-08-13,2025-08-13 12:59:00,729.91,729.91,729.9,729.9,-0.0,13.5,9894.4,-1
2025-08-13,2025-08-13 13:00:00,729.9,750.0,728.0,729.9,0.0,13.5,9894.4,0
2025-08-13,2025-08-13 13:01:00,729.9,729.9,729.9,729.9,0.0,13.5,9894.4,0
2025-08-13,2025-08-13 13:02:00,729.9,729.9,729.9,729.9,0.0,13.5,9894.4,0
2025-08-13,2025-08-13 13:03:00,729.9,729.9,729.9,729.9,0.0,13.5,9894.4,0
2025-08-13,2025-08-13 13:04:00,729.9,729.9,729.9,729.9,0.0,13.5,9894.4,0
2025-08-13,2025-08-13 13:05:00,729.9,729.9,729.9,729.9,0.0,13.5,9894.4,0
2025-08-13,2025-08-13 13:06:00,729.9,729.9,729.9,729.9,0.0,13.5,9894.4,0
2025-08-13,2025-08-13 13:07:00,729.9,729.9,729.9,729.9,0.0,13.5,9894.4,0
2025-08-13,2025-08-13 13:08:00,729.9,729.9,729.9,729.9,0.0,13.5,9894.4,0
2025-08-13,2025-08-13 13:09:00,729.9,729.9,729.9,729.9,0.0,13.5,9894.4,0
2025-08-13,2025-08-13 13:10:00,729.9,729.9,729.9,729.9,0.0,13.5,9894.4,0
2025-08-13,2025-08-13 13:11:00,729.9,729.9,729.9,729.9,0.0,13.5,9894.4,0
2025-08-13,2025-08-13 13:12:00,729.9,729.9,729.89,729.89,-0.0,13.5,9894.4,-1
2025-08-13,2025-08-13 13:13:00,729.89,729.89,729.89,729.89,0.0,13.5,9894.4,0
2025-08-13,2025-08-13 13:14:00,729.89,729.89,729.89,729.89,0.0,13.5,9894.4,0
2025-08-13,2025-08-13 13:15:00,729.89,729.89,729.89,729.89,0.0,13.5,9894.4,0
2025-08-13,2025-08-13 13:16:00,729.89,729.89,729.89,729.89,0.0,13.5,9894.4,0
2025-08-13,2025-08-13 13:17:00,729.89,729.89,729.89,729.89,0.0,13.5,9894.4,0
2025-08-13,2025-08-13 13:18:00,729.89,729.89,729.89,729.89,0.0,13.5,9894.4,0
2025-08-13,2025-08-13 13:19:00,729.89,729.89,729.89,729.89,0.0,13.5,9894.4,0
2025-08-13,2025-08-13 13:20:00,729.89,729.89,729.89,729.89,0.0,13.5,9894.4,0
2025-08-13,2025-08-13 13:21:00,729.89,729.89,729.89,729.89,0.0,13.5,9894.4,0
2025-08-13,2025-08-13 13:22:00,729.89,729.89,729.89,729.89,0.0,13.5,9894.4,0
2025-08-13,2025-08-13 13:23:00,729.89,729.89,729.89,729.89,0.0,13.5,9894.4,0
2025-08-13,2025-08-13 13:24:00,729.89,729.89,729.89,729.89,0.0,13.5,9894.4,0
2025-08-13,2025-08-13 13:25:00,729.89,729.89,729.88,729.88,-0.0,13.5,9894.4,-1
2025-08-13,2025-08-13 13:26:00,729.88,729.88,729.88,729.88,0.0,13.5,9894.4,0
2025-08-13,2025-08-13 13:27:00,729.88,729.88,729.88,729.88,0.0,13.5,9894.4,0
2025-08-13,2025-08-13 13:28:00,729.88,729.88,729.88,729.88,0.0,13.5,9894.4,0
2025-08-13,2025-08-13 13:29:00,729.88,729.88,729.88,729.88,0.0,13.5,9894.4,0
2025-08-13,2025-08-13 13:30:00,729.88,729.88,729.88,729.88,0.0,13.5,9894.4,0
2025-08-13,2025-08-13 13:31:00,729.88,729.88,729.88,729.88,0.0,13.5,9894.4,0
2025-08-13,2025-08-13 13:32:00,729.88,729.88,729.88,729.88,0.0,13.5,9894.4,0
2025-08-13,2025-08-13 13:33:00,729.88,729.88,729.88,729.88,0.0,13.5,9894.4,0
2025-08-13,2025-08-13 13:34:00,729.88,729.88,729.88,729.88,0.0,13.5,9894.4,0
2025-08-13,2025-08-13 13:35:00,729.88,729.88,729.88,729.88,0.0,13.5,9894.4,0
2025-08-13,2025-08-13 13:36:00,729.88,729.88,729.88,729.88,0.0,13.5,9894.4,0
2025-08-13,2025-08-13 13:37:00,729.88,729.88,729.87,729.87,-0.0,13.5,9894.4,-1
2025-08-13,2025-08-13 13:38:00,729.87,729.87,729.87,729.87,0.0,13.5,9894.4,0
2025-08-13,2025-08-13 13:39:00,729.87,729.87,729.87,729.87,0.0,13.5,9894.4,0
2025-08-13,2025-08-13 13:40:00,729.87,729.87,729.87,729.87,0.0,13.5,9894.4,0
2025-08-13,2025-08-13 13:41:00,729.87,729.87,729.87,729.87,0.0,13.5,9894.4,0
2025-08-13,2025-08-13 13:42:00,729.87,729.87,729.87,729.87,0.0,13.5,9894.4,0
2025-08-13,2025-08-13 13:43:00,729.87,729.87,729.87,729.87,0.0,13.5,9894.4,0
2025-08-13,2025-08-13 13:44:00,729.87,729.87,729.87,729.87,0.0,13.5,9894.4,0
2025-08-13,2025-08-13 13:45:00,729.87,729.87,729.87,729.87,0.0,13.5,9894.4,0
2025-08-13,2025-08-13 13:46:00,729.87,729.87,729.87,729.87,0.0,13.5,9894.4,0
2025-08-13,2025-08-13 13:47:00,729.87,729.87,729.87,729.87,0.0,13.5,9894.4,0
2025-08-13,2025-08-13 13:48:00,729.87,729.87,729.87,729.87,0.0,13.5,9894.4,0
2025-08-13,2025-08-13 13:49:00,729.87,729.87,729.87,729.87,0.0,13.5,9894.4,0
2025-08-13,2025-08-13 13:50:00,729.87,729.87,729.86,729.86,-0.0,13.5,9894.4,-1
2025-08-13,2025-08-13 13:51:00,729.86,729.86,729.86,729.86,0.0,13.5,9894.4,0
2025-08-13,2025-08-13 13:52:00,729.86,729.86,729.86,729.86,0.0,13.5,9894.4,0
2025-08-13,2025-08-13 13:53:00,729.86,729.86,729.86,729.86,0.0,13.5,9894.4,0
2025-08-13,2025-08-13 13:54:00,729.86,729.86,729.86,729.86,0.0,13.5,9894.4,0
2025-08-13,2025-08-13 13:55:00,729.86,729.86,729.86,729.86,0.0,13.5,9894.4,0
2025-08-13,2025-08-13 13:56:00,729.86,729.86,729.86,729.86,0.0,13.5,9894.4,0
2025-08-13,2025-08-13 13:57:00,729.86,729.86,729.86,729.86,0.0,13.5,9894.4,0
2025-08-13,2025-08-13 13:58:00,729.86,729.86,729.86,729.86,0.0,13.5,9894.4,0
2025-08-13,2025-08-13 13:59:00,729.86,729.86,729.86,729.86,0.0,13.5,9894.4,0
2025-08-13,2025-08-13 14:00:00,729.86,729.86,729.86,729.86,0.0,13.5,9894.4,0
2025-08-13,2025-08-13 14:01:00,729.86,729.86,729.86,729.86,0.0,13.5,9894.4,0
2025-08-13,2025-08-13 14:02:00,729.86,729.86,729.86,729.86,0.0,13.5,9894.4,0
2025-08-13,2025-08-13 14:03:00,729.86,729.86,729.85,729.85,-0.0,13.5,9894.4,-1
2025-08-13,2025-08-13 14:04:00,729.85,729.85,729.85,729.85,0.0,13.5,9894.4,0
2025-08-13,2025-08-13 14:05:00,729.85,729.85,729.85,729.85,0.0,13.5,9894.4,0
2025-08-13,2025-08-13 14:06:00,729.85,729.85,729.85,729.85,0.0,13.5,9894.4,0
2025-08-13,2025-08-13 14:07:00,729.85,729.85,729.85,729.85,0.0,13.5,9894.4,0
2025-08-13,2025-08-13 14:08:00,729.85,729.85,729.85,729.85,0.0,13.5,9894.4,0
2025-08-13,2025-08-13 14:09:00,729.85,729.85,729.85,729.85,0.0,13.5,9894.4,0
2025-08-13,2025-08-13 14:10:00,729.85,729.85,729.85,729.85,0.0,13.5,9894.4,0
2025-08-13,2025-08-13 14:11:00,729.85,729.85,729.85,729.85,0.0,13.5,9894.4,0
2025-08-13,2025-08-13 14:12:00,729.85,729.85,729.85,729.85,0.0,13.5,9894.4,0
2025-08-13,2025-08-13 14:13:00,729.85,729.85,729.85,729.85,0.0,13.5,9894.4,0
2025-08-13,2025-08-13 14:14:00,729.85,729.85,729.85,729.85,0.0,13.5,9894.4,0
2025-08-13,2025-08-13 14:15:00,729.85,729.85,729.84,729.84,-0.0,13.5,9894.4,-1
2025-08-13,2025-08-13 14:16:00,729.84,729.84,729.84,729.84,0.0,13.5,9894.4,0
2025-08-13,2025-08-13 14:17:00,729.84,729.84,729.84,729.84,0.0,13.5,9894.4,0
2025-08-13,2025-08-13 14:18:00,729.84,729.84,729.84,729.84,0.0,13.5,9894.4,0
2025-08-13,2025-08-13 14:19:00,729.84,729.84,729.84,729.84,0.0,13.5,9894.4,0
2025-08-13,2025-08-13 14:20:00,729.84,729.84,729.84,729.84,0.0,13.5,9894.4,0
2025-08-13,2025-08-13 14:21:00,729.84,729.84,729.84,729.84,0.0,13.5,9894.4,0
2025-08-13,2025-08-13 14:22:00,729.84,729.84,729.84,729.84,0.0,13.5,9894.4,0
2025-08-13,2025-08-13 14:23:00,729.84,729.84,729.84,729.84,0.0,13.5,9894.4,0
2025-08-13,2025-08-13 14:24:00,729.84,729.84,729.84,729.84,0.0,13.5,9894.4,0
2025-08-13,2025-08-13 14:25:00,729.84,729.84,729.84,729.84,0.0,13.5,9894.4,0
2025-08-13,2025-08-13 14:26:00,729.84,729.84,729.84,729.84,0.0,13.5,9894.4,0
2025-08-13,2025-08-13 14:27:00,729.84,729.84,729.84,729.84,0.0,13.5,9894.4,0
2025-08-13,2025-08-13 14:28:00,729.84,729.84,729.83,729.83,-0.0,13.5,9894.4,-1
2025-08-13,2025-08-13 14:29:00,729.83,729.83,729.83,729.83,0.0,13.5,9894.4,0
2025-08-13,2025-08-13 14:30:00,729.83,729.83,729.83,729.83,0.0,13.5,9894.4,0
2025-08-13,2025-08-13 14:31:00,729.83,729.83,729.83,729.83,0.0,13.5,9894.4,0
2025-08-13,2025-08-13 14:32:00,729.83,729.83,729.83,729.83,0.0,13.5,9894.4,0
2025-08-13,2025-08-13 14:33:00,729.83,729.83,729.83,729.83,0.0,13.5,9894.4,0
2025-08-13,2025-08-13 14:34:00,729.83,729.83,729.83,729.83,0.0,13.5,9894.4,0
2025-08-13,2025-08-13 14:35:00,729.83,729.83,729.83,729.83,0.0,13.5,9894.4,0
2025-08-13,2025-08-13 14:36:00,729.83,729.83,729.83,729.83,0.0,13.5,9894.4,0
2025-08-13,2025-08-13 14:37:00,729.83,729.83,729.83,729.83,0.0,13.5,9894.4,0
2025-08-13,2025-08-13 14:38:00,729.83,729.83,729.83,729.83,0.0,13.5,9894.4,0
2025-08-13,2025-08-13 14:39:00,729.83,729.83,729.83,729.83,0.0,13.5,9894.4,0
2025-08-13,2025-08-13 14:40:00,729.83,729.83,729.83,729.83,0.0,13.5,9894.4,0
2025-08-13,2025-08-13 14:41:00,729.83,729.83,729.82,729.82,-0.0,13.5,9894.4,-1
2025-08-13,2025-08-13 14:42:00,729.82,729.82,729.82,729.82,0.0,13.5,9894.4,0
2025-08-13,2025-08-13 14:43:00,729.82,729.82,729.82,729.82,0.0,13.5,9894.4,0
2025-08-13,2025-08-13 14:44:00,729.82,729.82,729.82,729.82,0.0,13.5,9894.4,0
2025-08-13,2025-08-13 14:45:00,729.82,729.82,729.82,729.82,0.0,13.5,9894.4,0
2025-08-13,2025-08-13 14:46:00,729.82,729.82,729.82,729.82,0.0,13.5,9894.4,0
2025-08-13,2025-08-13 14:47:00,729.82,729.82,729.82,729.82,0.0,13.5,9894.4,0
2025-08-13,2025-08-13 14:48:00,729.82,729.82,729.82,729.82,0.0,13.5,9894.4,0
2025-08-13,2025-08-13 14:49:00,729.82,729.82,729.82,729.82,0.0,13.5,9894.4,0
2025-08-13,2025-08-13 14:50:00,729.82,729.82,729.82,729.82,0.0,13.5,9894.4,0
2025-08-13,2025-08-13 14:51:00,729.82,729.82,729.82,729.82,0.0,13.5,9894.4,0
2025-08-13,2025-08-13 14:52:00,729.82,729.82,729.82,729.82,0.0,13.5,9894.4,0
2025-08-13,2025-08-13 14:53:00,729.82,729.82,729.81,729.81,-0.0,13.5,9894.4,-1
2025-08-13,2025-08-13 14:54:00,729.81,729.81,729.81,729.81,0.0,13.5,9894.4,0
2025-08-13,2025-08-13 14:55:00,729.81,729.81,729.81,729.81,0.0,13.5,9894.4,0
2025-08-13,2025-08-13 14:56:00,729.81,729.81,729.81,729.81,0.0,13.5,9894.4,0
2025-08-13,2025-08-13 14:57:00,729.81,729.81,729.81,729.81,0.0,13.5,9894.4,0
2025-08-13,2025-08-13 14:58:00,729.81,729.81,729.81,729.81,0.0,13.5,9894.4,0
2025-08-13,2025-08-13 14:59:00,729.81,729.81,729.81,729.81,0.0,13.5,9894.4,0
2025-08-13,2025-08-13 15:00:00,729.81,750.0,728.0,729.81,0.0,13.5,9894.4,0
2025-08-14,2025-08-14 11:00:00,743.0,748.1,734.93,743.05,0.01,49.02,36854.18,1
2025-08-14,2025-08-14 11:01:00,743.05,743.1,743.05,743.1,0.01,49.02,36854.18,1
2025-08-14,2025-08-14 11:02:00,743.1,743.15,743.1,743.15,0.01,49.02,36854.18,1
2025-08-14,2025-08-14 11:03:00,743.15,743.2,743.15,743.2,0.01,49.02,36854.18,1
2025-08-14,2025-08-14 11:04:00,743.2,743.25,743.2,743.25,0.01,49.02,36854.18,1
2025-08-14,2025-08-14 11:05:00,743.25,743.31,743.25,743.31,0.01,49.02,36854.18,1
2025-08-14,2025-08-14 11:06:00,743.31,743.36,743.31,743.36,0.01,49.02,36854.18,1
2025-08-14,2025-08-14 11:07:00,743.36,743.41,743.36,743.41,0.01,49.02,36854.18,1
2025-08-14,2025-08-14 11:08:00,743.41,743.46,743.41,743.46,0.01,49.02,36854.18,1
2025-08-14,2025-08-14 11:09:00,743.46,743.51,743.46,743.51,0.01,49.02,36854.18,1
2025-08-14,2025-08-14 11:10:00,743.51,743.56,743.51,743.56,0.01,49.02,36854.18,1
2025-08-14,2025-08-14 11:11:00,743.56,743.61,743.56,743.61,0.01,49.02,36854.18,1
2025-08-14,2025-08-14 11:12:00,743.61,743.66,743.61,743.66,0.01,49.02,36854.18,1
2025-08-14,2025-08-14 11:13:00,743.66,743.71,743.66,743.71,0.01,49.02,36854.18,1
2025-08-14,2025-08-14 11:14:00,743.71,743.76,743.71,743.76,0.01,49.02,36854.18,1
2025-08-14,2025-08-14 11:15:00,743.76,743.82,743.76,743.82,0.01,49.02,36854.18,1
2025-08-14,2025-08-14 11:16:00,743.82,743.87,743.82,743.87,0.01,49.02,36854.18,1
2025-08-14,2025-08-14 11:17:00,743.87,743.92,743.87,743.92,0.01,49.02,36854.18,1
2025-08-14,2025-08-14 11:18:00,743.92,743.97,743.92,743.97,0.01,49.02,36854.18,1
2025-08-14,2025-08-14 11:19:00,743.97,744.02,743.97,744.02,0.01,49.02,36854.18,1
2025-08-14,2025-08-14 11:20:00,744.02,744.07,744.02,744.07,0.01,49.02,36854.18,1
2025-08-14,2025-08-14 11:21:00,744.07,744.12,744.07,744.12,0.01,49.02,36854.18,1
2025-08-14,2025-08-14 11:22:00,744.12,744.17,744.12,744.17,0.01,49.02,36854.18,1
2025-08-14,2025-08-14 11:23:00,744.17,744.22,744.17,744.22,0.01,49.02,36854.18,1
2025-08-14,2025-08-14 11:24:00,744.22,744.27,744.22,744.27,0.01,49.02,36854.18,1
2025-08-14,2025-08-14 11:25:00,744.27,744.33,744.27,744.33,0.01,49.02,36854.18,1
2025-08-14,2025-08-14 11:26:00,744.33,744.38,744.33,744.38,0.01,49.02,36854.18,1
2025-08-14,2025-08-14 11:27:00,744.38,744.43,744.38,744.43,0.01,49.02,36854.18,1
2025-08-14,2025-08-14 11:28:00,744.43,744.48,744.43,744.48,0.01,49.02,36854.18,1
2025-08-14,2025-08-14 11:29:00,744.48,744.53,744.48,744.53,0.01,49.02,36854.18,1
2025-08-14,2025-08-14 11:30:00,744.53,744.58,744.53,744.58,0.01,49.02,36854.18,1
2025-08-14,2025-08-14 11:31:00,744.58,744.63,744.58,744.63,0.01,49.02,36854.18,1
2025-08-14,2025-08-14 11:32:00,744.63,744.68,744.63,744.68,0.01,49.02,36854.18,1
2025-08-14,2025-08-14 11:33:00,744.68,744.73,744.68,744.73,0.01,49.02,36854.18,1
2025-08-14,2025-08-14 11:34:00,744.73,744.78,744.73,744.78,0.01,49.02,36854.18,1
2025-08-14,2025-08-14 11:35:00,744.78,744.84,744.78,744.84,0.01,49.02,36854.18,1
2025-08-14,2025-08-14 11:36:00,744.84,744.89,744.84,744.89,0.01,49.02,36854.18,1
2025-08-14,2025-08-14 11:37:00,744.89,744.94,744.89,744.94,0.01,49.02,36854.18,1
2025-08-14,2025-08-14 11:38:00,744.94,744.99,744.94,744.99,0.01,49.02,36854.18,1
2025-08-14,2025-08-14 11:39:00,744.99,745.04,744.99,745.04,0.01,49.02,36854.18,1
2025-08-14,2025-08-14 11:40:00,745.04,745.09,745.04,745.09,0.01,49.02,36854.18,1
2025-08-14,2025-08-14 11:41:00,745.09,745.14,745.09,745.14,0.01,49.02,36854.18,1
2025-08-14,2025-08-14 11:42:00,745.14,745.19,745.14,745.19,0.01,49.02,36854.18,1
2025-08-14,2025-08-14 11:43:00,745.19,745.24,745.19,745.24,0.01,49.02,36854.18,1
2025-08-14,2025-08-14 11:44:00,745.24,745.29,745.24,745.29,0.01,49.02,36854.18,1
2025-08-14,2025-08-14 11:45:00,745.29,745.35,745.29,745.35,0.01,49.02,36854.18,1
2025-08-14,2025-08-14 11:46:00,745.35,745.4,745.35,745.4,0.01,49.02,36854.18,1
2025-08-14,2025-08-14 11:47:00,745.4,745.45,745.4,745.45,0.01,49.02,36854.18,1
2025-08-14,2025-08-14 11:48:00,745.45,745.5,745.45,745.5,0.01,49.02,36854.18,1
2025-08-14,2025-08-14 11:49:00,745.5,745.55,745.5,745.55,0.01,49.02,36854.18,1
2025-08-14,2025-08-14 11:50:00,745.55,745.6,745.55,745.6,0.01,49.02,36854.18,1
2025-08-14,2025-08-14 11:51:00,745.6,745.65,745.6,745.65,0.01,49.02,36854.18,1
2025-08-14,2025-08-14 11:52:00,745.65,745.7,745.65,745.7,0.01,49.02,36854.18,1
2025-08-14,2025-08-14 11:53:00,745.7,745.75,745.7,745.75,0.01,49.02,36854.18,1
2025-08-14,2025-08-14 11:54:00,745.75,745.8,745.75,745.8,0.01,49.02,36854.18,1
2025-08-14,2025-08-14 11:55:00,745.8,745.86,745.8,745.86,0.01,49.02,36854.18,1
2025-08-14,2025-08-14 11:56:00,745.86,745.91,745.86,745.91,0.01,49.02,36854.18,1
2025-08-14,2025-08-14 11:57:00,745.91,745.96,745.91,745.96,0.01,49.02,36854.18,1
2025-08-14,2025-08-14 11:58:00,745.96,746.01,745.96,746.01,0.01,49.02,36854.18,1
2025-08-14,2025-08-14 11:59:00,746.01,746.06,746.01,746.06,0.01,49.02,36854.18,1
2025-08-14,2025-08-14 12:00:00,746.06,746.11,746.06,746.11,0.01,49.02,36854.18,1
2025-08-14,2025-08-14 12:01:00,746.11,746.16,746.11,746.16,0.01,49.02,36854.18,1
2025-08-14,2025-08-14 12:02:00,746.16,746.21,746.16,746.21,0.01,49.02,36854.18,1
2025-08-14,2025-08-14 12:03:00,746.21,746.26,746.21,746.26,0.01,49.02,36854.18,1
2025-08-14,2025-08-14 12:04:00,746.26,746.32,746.26,746.32,0.01,49.02,36854.18,1
2025-08-14,2025-08-14 12:05:00,746.32,746.37,746.32,746.37,0.01,49.02,36854.18,1
2025-08-14,2025-08-14 12:06:00,746.37,746.42,746.37,746.42,0.01,49.02,36854.18,1
2025-08-14,2025-08-14 12:07:00,746.42,746.47,746.42,746.47,0.01,49.02,36854.18,1
2025-08-14,2025-08-14 12:08:00,746.47,746.52,746.47,746.52,0.01,49.02,36854.18,1
2025-08-14,2025-08-14 12:09:00,746.52,746.57,746.52,746.57,0.01,49.02,36854.18,1
2025-08-14,2025-08-14 12:10:00,746.57,746.62,746.57,746.62,0.01,49.02,36854.18,1
2025-08-14,2025-08-14 12:11:00,746.62,746.67,746.62,746.67,0.01,49.02,36854.18,1
2025-08-14,2025-08-14 12:12:00,746.67,746.72,746.67,746.72,0.01,49.02,36854.18,1
2025-08-14,2025-08-14 12:13:00,746.72,746.77,746.72,746.77,0.01,49.02,36854.18,1
2025-08-14,2025-08-14 12:14:00,746.77,746.83,746.77,746.83,0.01,49.02,36854.18,1
2025-08-14,2025-08-14 12:15:00,746.83,746.88,746.83,746.88,0.01,49.02,36854.18,1
2025-08-14,2025-08-14 12:16:00,746.88,746.93,746.88,746.93,0.01,49.02,36854.18,1
2025-08-14,2025-08-14 12:17:00,746.93,746.98,746.93,746.98,0.01,49.02,36854.18,1
2025-08-14,2025-08-14 12:18:00,746.98,747.03,746.98,747.03,0.01,49.02,36854.18,1
2025-08-14,2025-08-14 12:19:00,747.03,747.08,747.03,747.08,0.01,49.02,36854.18,1
2025-08-14,2025-08-14 12:20:00,747.08,747.13,747.08,747.13,0.01,49.02,36854.18,1
2025-08-14,2025-08-14 12:21:00,747.13,747.18,747.13,747.18,0.01,49.02,36854.18,1
2025-08-14,2025-08-14 12:22:00,747.18,747.23,747.18,747.23,0.01,49.02,36854.18,1
2025-08-14,2025-08-14 12:23:00,747.23,747.28,747.23,747.28,0.01,49.02,36854.18,1
2025-08-14,2025-08-14 12:24:00,747.28,747.34,747.28,747.34,0.01,49.02,36854.18,1
2025-08-14,2025-08-14 12:25:00,747.34,747.39,747.34,747.39,0.01,49.02,36854.18,1
2025-08-14,2025-08-14 12:26:00,747.39,747.44,747.39,747.44,0.01,49.02,36854.18,1
2025-08-14,2025-08-14 12:27:00,747.44,747.49,747.44,747.49,0.01,49.02,36854.18,1
2025-08-14,2025-08-14 12:28:00,747.49,747.54,747.49,747.54,0.01,49.02,36854.18,1
2025-08-14,2025-08-14 12:29:00,747.54,747.59,747.54,747.59,0.01,49.02,36854.18,1
2025-08-14,2025-08-14 12:30:00,747.59,747.64,747.59,747.64,0.01,49.02,36854.18,1
2025-08-14,2025-08-14 12:31:00,747.64,747.69,747.64,747.69,0.01,49.02,36854.18,1
2025-08-14,2025-08-14 12:32:00,747.69,747.74,747.69,747.74,0.01,49.02,36854.18,1
2025-08-14,2025-08-14 12:33:00,747.74,747.79,747.74,747.79,0.01,49.02,36854.18,1
2025-08-14,2025-08-14 12:34:00,747.79,747.85,747.79,747.85,0.01,49.02,36854.18,1
2025-08-14,2025-08-14 12:35:00,747.85,747.9,747.85,747.9,0.01,49.02,36854.18,1
2025-08-14,2025-08-14 12:36:00,747.9,747.95,747.9,747.95,0.01,49.02,36854.18,1
2025-08-14,2025-08-14 12:37:00,747.95,748.0,747.95,748.0,0.01,49.02,36854.18,1
2025-08-14,2025-08-14 12:38:00,748.0,748.05,748.0,748.05,0.01,49.02,36854.18,1
2025-08-14,2025-08-14 12:39:00,748.05,748.1,748.05,748.1,0.01,49.02,36854.18,1
2025-08-14,2025-08-14 12:40:00,748.1,748.15,748.1,748.15,0.01,49.02,36854.18,1
2025-08-14,2025-08-14 12:41:00,748.15,748.2,748.15,748.2,0.01,49.02,36854.18,1
2025-08-14,2025-08-14 12:42:00,748.2,748.25,748.2,748.25,0.01,49.02,36854.18,1
2025-08-14,2025-08-14 12:43:00,748.25,748.3,748.25,748.3,0.01,49.02,36854.18,1
2025-08-14,2025-08-14 12:44:00,748.3,748.36,748.3,748.36,0.01,49.02,36854.18,1
2025-08-14,2025-08-14 12:45:00,748.36,748.41,748.36,748.41,0.01,49.02,36854.18,1
2025-08-14,2025-08-14 12:46:00,748.41,748.46,748.41,748.46,0.01,49.02,36854.18,1
2025-08-14,2025-08-14 12:47:00,748.46,748.51,748.46,748.51,0.01,49.02,36854.18,1
2025-08-14,2025-08-14 12:48:00,748.51,748.56,748.51,748.56,0.01,49.02,36854.18,1
2025-08-14,2025-08-14 12:49:00,748.56,748.61,748.56,748.61,0.01,49.02,36854.18,1
2025-08-14,2025-08-14 12:50:00,748.61,748.66,748.61,748.66,0.01,49.02,36854.18,1
2025-08-14,2025-08-14 12:51:00,748.66,748.71,748.66,748.71,0.01,49.02,36854.18,1
2025-08-14,2025-08-14 12:52:00,748.71,748.76,748.71,748.76,0.01,49.02,36854.18,1
2025-08-14,2025-08-14 12:53:00,748.76,748.81,748.76,748.81,0.01,49.02,36854.18,1
2025-08-14,2025-08-14 12:54:00,748.81,748.87,748.81,748.87,0.01,49.02,36854.18,1
2025-08-14,2025-08-14 12:55:00,748.87,748.92,748.87,748.92,0.01,49.02,36854.18,1
2025-08-14,2025-08-14 12:56:00,748.92,748.97,748.92,748.97,0.01,49.02,36854.18,1
2025-08-14,2025-08-14 12:57:00,748.97,749.02,748.97,749.02,0.01,49.02,36854.18,1
2025-08-14,2025-08-14 12:58:00,749.02,749.07,749.02,749.07,0.01,49.02,36854.18,1
2025-08-14,2025-08-14 12:59:00,749.07,749.12,749.07,749.12,0.01,49.02,36854.18,1
2025-08-14,2025-08-14 13:00:00,749.12,760.0,716.1,749.17,0.01,49.02,36854.18,1
2025-08-14,2025-08-14 13:01:00,749.17,749.22,749.17,749.22,0.01,49.02,36854.18,1
2025-08-14,2025-08-14 13:02:00,749.22,749.27,749.22,749.27,0.01,49.02,36854.18,1
2025-08-14,2025-08-14 13:03:00,749.27,749.32,749.27,749.32,0.01,49.02,36854.18,1
2025-08-14,2025-08-14 13:04:00,749.32,749.38,749.32,749.38,0.01,49.02,36854.18,1
2025-08-14,2025-08-14 13:05:00,749.38,749.43,749.38,749.43,0.01,49.02,36854.18,1
2025-08-14,2025-08-14 13:06:00,749.43,749.48,749.43,749.48,0.01,49.02,36854.18,1
2025-08-14,2025-08-14 13:07:00,749.48,749.53,749.48,749.53,0.01,49.02,36854.18,1
2025-08-14,2025-08-14 13:08:00,749.53,749.58,749.53,749.58,0.01,49.02,36854.18,1
2025-08-14,2025-08-14 13:09:00,749.58,749.63,749.58,749.63,0.01,49.02,36854.18,1
2025-08-14,2025-08-14 13:10:00,749.63,749.68,749.63,749.68,0.01,49.02,36854.18,1
2025-08-14,2025-08-14 13:11:00,749.68,749.73,749.68,749.73,0.01,49.02,36854.18,1
2025-08-14,2025-08-14 13:12:00,749.73,749.78,749.73,749.78,0.01,49.02,36854.18,1
2025-08-14,2025-08-14 13:13:00,749.78,749.83,749.78,749.83,0.01,49.02,36854.18,1
2025-08-14,2025-08-14 13:14:00,749.83,749.88,749.83,749.88,0.01,49.02,36854.18,1
2025-08-14,2025-08-14 13:15:00,749.88,749.94,749.88,749.94,0.01,49.02,36854.18,1
2025-08-14,2025-08-14 13:16:00,749.94,749.99,749.94,749.99,0.01,49.02,36854.18,1
2025-08-14,2025-08-14 13:17:00,749.99,750.04,749.99,750.04,0.01,49.02,36854.18,1
2025-08-14,2025-08-14 13:18:00,750.04,750.09,750.04,750.09,0.01,49.02,36854.18,1
2025-08-14,2025-08-14 13:19:00,750.09,750.14,750.09,750.14,0.01,49.02,36854.18,1
2025-08-14,2025-08-14 13:20:00,750.14,750.19,750.14,750.19,0.01,49.02,36854.18,1
2025-08-14,2025-08-14 13:21:00,750.19,750.24,750.19,750.24,0.01,49.02,36854.18,1
2025-08-14,2025-08-14 13:22:00,750.24,750.29,750.24,750.29,0.01,49.02,36854.18,1
2025-08-14,2025-08-14 13:23:00,750.29,750.34,750.29,750.34,0.01,49.02,36854.18,1
2025-08-14,2025-08-14 13:24:00,750.34,750.39,750.34,750.39,0.01,49.02,36854.18,1
2025-08-14,2025-08-14 13:25:00,750.39,750.45,750.39,750.45,0.01,49.02,36854.18,1
2025-08-14,2025-08-14 13:26:00,750.45,750.5,750.45,750.5,0.01,49.02,36854.18,1
2025-08-14,2025-08-14 13:27:00,750.5,750.55,750.5,750.55,0.01,49.02,36854.18,1
2025-08-14,2025-08-14 13:28:00,750.55,750.6,750.55,750.6,0.01,49.02,36854.18,1
2025-08-14,2025-08-14 13:29:00,750.6,750.65,750.6,750.65,0.01,49.02,36854.18,1
2025-08-14,2025-08-14 13:30:00,750.65,750.7,750.65,750.7,0.01,49.02,36854.18,1
2025-08-14,2025-08-14 13:31:00,750.7,750.75,750.7,750.75,0.01,49.02,36854.18,1
2025-08-14,2025-08-14 13:32:00,750.75,750.8,750.75,750.8,0.01,49.02,36854.18,1
2025-08-14,2025-08-14 13:33:00,750.8,750.85,750.8,750.85,0.01,49.02,36854.18,1
2025-08-14,2025-08-14 13:34:00,750.85,750.9,750.85,750.9,0.01,49.02,36854.18,1
2025-08-14,2025-08-14 13:35:00,750.9,750.96,750.9,750.96,0.01,49.02,36854.18,1
2025-08-14,2025-08-14 13:36:00,750.96,751.01,750.96,751.01,0.01,49.02,36854.18,1
2025-08-14,2025-08-14 13:37:00,751.01,751.06,751.01,751.06,0.01,49.02,36854.18,1
2025-08-14,2025-08-14 13:38:00,751.06,751.11,751.06,751.11,0.01,49.02,36854.18,1
2025-08-14,2025-08-14 13:39:00,751.11,751.16,751.11,751.16,0.01,49.02,36854.18,1
2025-08-14,2025-08-14 13:40:00,751.16,751.21,751.16,751.21,0.01,49.02,36854.18,1
2025-08-14,2025-08-14 13:41:00,751.21,751.26,751.21,751.26,0.01,49.02,36854.18,1
2025-08-14,2025-08-14 13:42:00,751.26,751.31,751.26,751.31,0.01,49.02,36854.18,1
2025-08-14,2025-08-14 13:43:00,751.31,751.36,751.31,751.36,0.01,49.02,36854.18,1
2025-08-14,2025-08-14 13:44:00,751.36,751.41,751.36,751.41,0.01,49.02,36854.18,1
2025-08-14,2025-08-14 13:45:00,751.41,751.47,751.41,751.47,0.01,49.02,36854.18,1
2025-08-14,2025-08-14 13:46:00,751.47,751.52,751.47,751.52,0.01,49.02,36854.18,1
2025-08-14,2025-08-14 13:47:00,751.52,751.57,751.52,751.57,0.01,49.02,36854.18,1
2025-08-14,2025-08-14 13:48:00,751.57,751.62,751.57,751.62,0.01,49.02,36854.18,1
2025-08-14,2025-08-14 13:49:00,751.62,751.67,751.62,751.67,0.01,49.02,36854.18,1
2025-08-14,2025-08-14 13:50:00,751.67,751.72,751.67,751.72,0.01,49.02,36854.18,1
2025-08-14,2025-08-14 13:51:00,751.72,751.77,751.72,751.77,0.01,49.02,36854.18,1
2025-08-14,2025-08-14 13:52:00,751.77,751.82,751.77,751.82,0.01,49.02,36854.18,1
2025-08-14,2025-08-14 13:53:00,751.82,751.87,751.82,751.87,0.01,49.02,36854.18,1
2025-08-14,2025-08-14 13:54:00,751.87,751.92,751.87,751.92,0.01,49.02,36854.18,1
2025-08-14,2025-08-14 13:55:00,751.92,751.98,751.92,751.98,0.01,49.02,36854.18,1
2025-08-14,2025-08-14 13:56:00,751.98,752.03,751.98,752.03,0.01,49.02,36854.18,1
2025-08-14,2025-08-14 13:57:00,752.03,752.08,752.03,752.08,0.01,49.02,36854.18,1
2025-08-14,2025-08-14 13:58:00,752.08,752.13,752.08,752.13,0.01,49.02,36854.18,1
2025-08-14,2025-08-14 13:59:00,752.13,752.18,752.13,752.18,0.01,49.02,36854.18,1
2025-08-14,2025-08-14 14:00:00,752.18,752.23,752.18,752.23,0.01,49.02,36854.18,1
2025-08-14,2025-08-14 14:01:00,752.23,752.28,752.23,752.28,0.01,49.02,36854.18,1
2025-08-14,2025-08-14 14:02:00,752.28,752.33,752.28,752.33,0.01,49.02,36854.18,1
2025-08-14,2025-08-14 14:03:00,752.33,752.38,752.33,752.38,0.01,49.02,36854.18,1
2025-08-14,2025-08-14 14:04:00,752.38,752.44,752.38,752.44,0.01,49.02,36854.18,1
2025-08-14,2025-08-14 14:05:00,752.44,752.49,752.44,752.49,0.01,49.02,36854.18,1
2025-08-14,2025-08-14 14:06:00,752.49,752.54,752.49,752.54,0.01,49.02,36854.18,1
2025-08-14,2025-08-14 14:07:00,752.54,752.59,752.54,752.59,0.01,49.02,36854.18,1
2025-08-14,2025-08-14 14:08:00,752.59,752.64,752.59,752.64,0.01,49.02,36854.18,1
2025-08-14,2025-08-14 14:09:00,752.64,752.69,752.64,752.69,0.01,49.02,36854.18,1
2025-08-14,2025-08-14 14:10:00,752.69,752.74,752.69,752.74,0.01,49.02,36854.18,1
2025-08-14,2025-08-14 14:11:00,752.74,752.79,752.74,752.79,0.01,49.02,36854.18,1
2025-08-14,2025-08-14 14:12:00,752.79,752.84,752.79,752.84,0.01,49.02,36854.18,1
2025-08-14,2025-08-14 14:13:00,752.84,752.89,752.84,752.89,0.01,49.02,36854.18,1
2025-08-14,2025-08-14 14:14:00,752.89,752.95,752.89,752.95,0.01,49.02,36854.18,1
2025-08-14,2025-08-14 14:15:00,752.95,753.0,752.95,753.0,0.01,49.02,36854.18,1
2025-08-14,2025-08-14 14:16:00,753.0,753.05,753.0,753.05,0.01,49.02,36854.18,1
2025-08-14,2025-08-14 14:17:00,753.05,753.1,753.05,753.1,0.01,49.02,36854.18,1
2025-08-14,2025-08-14 14:18:00,753.1,753.15,753.1,753.15,0.01,49.02,36854.18,1
2025-08-14,2025-08-14 14:19:00,753.15,753.2,753.15,753.2,0.01,49.02,36854.18,1
2025-08-14,2025-08-14 14:20:00,753.2,753.25,753.2,753.25,0.01,49.02,36854.18,1
2025-08-14,2025-08-14 14:21:00,753.25,753.3,753.25,753.3,0.01,49.02,36854.18,1
2025-08-14,2025-08-14 14:22:00,753.3,753.35,753.3,753.35,0.01,49.02,36854.18,1
2025-08-14,2025-08-14 14:23:00,753.35,753.4,753.35,753.4,0.01,49.02,36854.18,1
2025-08-14,2025-08-14 14:24:00,753.4,753.46,753.4,753.46,0.01,49.02,36854.18,1
2025-08-14,2025-08-14 14:25:00,753.46,753.51,753.46,753.51,0.01,49.02,36854.18,1
2025-08-14,2025-08-14 14:26:00,753.51,753.56,753.51,753.56,0.01,49.02,36854.18,1
2025-08-14,2025-08-14 14:27:00,753.56,753.61,753.56,753.61,0.01,49.02,36854.18,1
2025-08-14,2025-08-14 14:28:00,753.61,753.66,753.61,753.66,0.01,49.02,36854.18,1
2025-08-14,2025-08-14 14:29:00,753.66,753.71,753.66,753.71,0.01,49.02,36854.18,1
2025-08-14,2025-08-14 14:30:00,753.71,753.76,753.71,753.76,0.01,49.02,36854.18,1
2025-08-14,2025-08-14 14:31:00,753.76,753.81,753.76,753.81,0.01,49.02,36854.18,1
2025-08-14,2025-08-14 14:32:00,753.81,753.86,753.81,753.86,0.01,49.02,36854.18,1
2025-08-14,2025-08-14 14:33:00,753.86,753.91,753.86,753.91,0.01,49.02,36854.18,1
2025-08-14,2025-08-14 14:34:00,753.91,753.97,753.91,753.97,0.01,49.02,36854.18,1
2025-08-14,2025-08-14 14:35:00,753.97,754.02,753.97,754.02,0.01,49.02,36854.18,1
2025-08-14,2025-08-14 14:36:00,754.02,754.07,754.02,754.07,0.01,49.02,36854.18,1
2025-08-14,2025-08-14 14:37:00,754.07,754.12,754.07,754.12,0.01,49.02,36854.18,1
2025-08-14,2025-08-14 14:38:00,754.12,754.17,754.12,754.17,0.01,49.02,36854.18,1
2025-08-14,2025-08-14 14:39:00,754.17,754.22,754.17,754.22,0.01,49.02,36854.18,1
2025-08-14,2025-08-14 14:40:00,754.22,754.27,754.22,754.27,0.01,49.02,36854.18,1
2025-08-14,2025-08-14 14:41:00,754.27,754.32,754.27,754.32,0.01,49.02,36854.18,1
2025-08-14,2025-08-14 14:42:00,754.32,754.37,754.32,754.37,0.01,49.02,36854.18,1
2025-08-14,2025-08-14 14:43:00,754.37,754.42,754.37,754.42,0.01,49.02,36854.18,1
2025-08-14,2025-08-14 14:44:00,754.42,754.48,754.42,754.48,0.01,49.02,36854.18,1
2025-08-14,2025-08-14 14:45:00,754.48,754.53,754.48,754.53,0.01,49.02,36854.18,1
2025-08-14,2025-08-14 14:46:00,754.53,754.58,754.53,754.58,0.01,49.02,36854.18,1
2025-08-14,2025-08-14 14:47:00,754.58,754.63,754.58,754.63,0.01,49.02,36854.18,1
2025-08-14,2025-08-14 14:48:00,754.63,754.68,754.63,754.68,0.01,49.02,36854.18,1
2025-08-14,2025-08-14 14:49:00,754.68,754.73,754.68,754.73,0.01,49.02,36854.18,1
2025-08-14,2025-08-14 14:50:00,754.73,754.78,754.73,754.78,0.01,49.02,36854.18,1
2025-08-14,2025-08-14 14:51:00,754.78,754.83,754.78,754.83,0.01,49.02,36854.18,1
2025-08-14,2025-08-14 14:52:00,754.83,754.88,754.83,754.88,0.01,49.02,36854.18,1
2025-08-14,2025-08-14 14:53:00,754.88,754.93,754.88,754.93,0.01,49.02,36854.18,1
2025-08-14,2025-08-14 14:54:00,754.93,754.99,754.93,754.99,0.01,49.02,36854.18,1
2025-08-14,2025-08-14 14:55:00,754.99,755.04,754.99,755.04,0.01,49.02,36854.18,1
2025-08-14,2025-08-14 14:56:00,755.04,755.09,755.04,755.09,0.01,49.02,36854.18,1
2025-08-14,2025-08-14 14:57:00,755.09,755.14,755.09,755.14,0.01,49.02,36854.18,1
2025-08-14,2025-08-14 14:58:00,755.14,755.19,755.14,755.19,0.01,49.02,36854.18,1
2025-08-14,2025-08-14 14:59:00,755.19,755.24,755.19,755.24,0.01,49.02,36854.18,1
2025-08-14,2025-08-14 15:00:00,755.24,760.0,716.1,755.24,0.0,49.02,36854.18,0
2025-08-17,2025-08-17 11:00:00,765.0,765.3,759.0,764.98,-0.0,277.96,211193.0,-1
2025-08-17,2025-08-17 11:01:00,764.98,764.98,764.96,764.96,-0.0,277.96,211193.0,-1
2025-08-17,2025-08-17 11:02:00,764.96,764.96,764.94,764.94,-0.0,277.96,211193.0,-1
2025-08-17,2025-08-17 11:03:00,764.94,764.94,764.92,764.92,-0.0,277.96,211193.0,-1
2025-08-17,2025-08-17 11:04:00,764.92,764.92,764.9,764.9,-0.0,277.96,211193.0,-1
2025-08-17,2025-08-17 11:05:00,764.9,764.9,764.88,764.88,-0.0,277.96,211193.0,-1
2025-08-17,2025-08-17 11:06:00,764.88,764.88,764.86,764.86,-0.0,277.96,211193.0,-1
2025-08-17,2025-08-17 11:07:00,764.86,764.86,764.84,764.84,-0.0,277.96,211193.0,-1
2025-08-17,2025-08-17 11:08:00,764.84,764.84,764.81,764.81,-0.0,277.96,211193.0,-1
2025-08-17,2025-08-17 11:09:00,764.81,764.81,764.79,764.79,-0.0,277.96,211193.0,-1
2025-08-17,2025-08-17 11:10:00,764.79,764.79,764.77,764.77,-0.0,277.96,211193.0,-1
2025-08-17,2025-08-17 11:11:00,764.77,764.77,764.75,764.75,-0.0,277.96,211193.0,-1
2025-08-17,2025-08-17 11:12:00,764.75,764.75,764.73,764.73,-0.0,277.96,211193.0,-1
2025-08-17,2025-08-17 11:13:00,764.73,764.73,764.71,764.71,-0.0,277.96,211193.0,-1
2025-08-17,2025-08-17 11:14:00,764.71,764.71,764.69,764.69,-0.0,277.96,211193.0,-1
2025-08-17,2025-08-17 11:15:00,764.69,764.69,764.67,764.67,-0.0,277.96,211193.0,-1
2025-08-17,2025-08-17 11:16:00,764.67,764.67,764.65,764.65,-0.0,277.96,211193.0,-1
2025-08-17,2025-08-17 11:17:00,764.65,764.65,764.63,764.63,-0.0,277.96,211193.0,-1
2025-08-17,2025-08-17 11:18:00,764.63,764.63,764.61,764.61,-0.0,277.96,211193.0,-1
2025-08-17,2025-08-17 11:19:00,764.61,764.61,764.59,764.59,-0.0,277.96,211193.0,-1
2025-08-17,2025-08-17 11:20:00,764.59,764.59,764.57,764.57,-0.0,277.96,211193.0,-1
2025-08-17,2025-08-17 11:21:00,764.57,764.57,764.55,764.55,-0.0,277.96,211193.0,-1
2025-08-17,2025-08-17 11:22:00,764.55,764.55,764.53,764.53,-0.0,277.96,211193.0,-1
2025-08-17,2025-08-17 11:23:00,764.53,764.53,764.5,764.5,-0.0,277.96,211193.0,-1
2025-08-17,2025-08-17 11:24:00,764.5,764.5,764.48,764.48,-0.0,277.96,211193.0,-1
2025-08-17,2025-08-17 11:25:00,764.48,764.48,764.46,764.46,-0.0,277.96,211193.0,-1
2025-08-17,2025-08-17 11:26:00,764.46,764.46,764.44,764.44,-0.0,277.96,211193.0,-1
2025-08-17,2025-08-17 11:27:00,764.44,764.44,764.42,764.42,-0.0,277.96,211193.0,-1
2025-08-17,2025-08-17 11:28:00,764.42,764.42,764.4,764.4,-0.0,277.96,211193.0,-1
2025-08-17,2025-08-17 11:29:00,764.4,764.4,764.38,764.38,-0.0,277.96,211193.0,-1
2025-08-17,2025-08-17 11:30:00,764.38,764.38,764.36,764.36,-0.0,277.96,211193.0,-1
2025-08-17,2025-08-17 11:31:00,764.36,764.36,764.34,764.34,-0.0,277.96,211193.0,-1
2025-08-17,2025-08-17 11:32:00,764.34,764.34,764.32,764.32,-0.0,277.96,211193.0,-1
2025-08-17,2025-08-17 11:33:00,764.32,764.32,764.3,764.3,-0.0,277.96,211193.0,-1
2025-08-17,2025-08-17 11:34:00,764.3,764.3,764.28,764.28,-0.0,277.96,211193.0,-1
2025-08-17,2025-08-17 11:35:00,764.28,764.28,764.26,764.26,-0.0,277.96,211193.0,-1
2025-08-17,2025-08-17 11:36:00,764.26,764.26,764.24,764.24,-0.0,277.96,211193.0,-1
2025-08-17,2025-08-17 11:37:00,764.24,764.24,764.22,764.22,-0.0,277.96,211193.0,-1
2025-08-17,2025-08-17 11:38:00,764.22,764.22,764.2,764.2,-0.0,277.96,211193.0,-1
2025-08-17,2025-08-17 11:39:00,764.2,764.2,764.17,764.17,-0.0,277.96,211193.0,-1
2025-08-17,2025-08-17 11:40:00,764.17,764.17,764.15,764.15,-0.0,277.96,211193.0,-1
2025-08-17,2025-08-17 11:41:00,764.15,764.15,764.13,764.13,-0.0,277.96,211193.0,-1
2025-08-17,2025-08-17 11:42:00,764.13,764.13,764.11,764.11,-0.0,277.96,211193.0,-1
2025-08-17,2025-08-17 11:43:00,764.11,764.11,764.09,764.09,-0.0,277.96,211193.0,-1
2025-08-17,2025-08-17 11:44:00,764.09,764.09,764.07,764.07,-0.0,277.96,211193.0,-1
2025-08-17,2025-08-17 11:45:00,764.07,764.07,764.05,764.05,-0.0,277.96,211193.0,-1
2025-08-17,2025-08-17 11:46:00,764.05,764.05,764.03,764.03,-0.0,277.96,211193.0,-1
2025-08-17,2025-08-17 11:47:00,764.03,764.03,764.01,764.01,-0.0,277.96,211193.0,-1
2025-08-17,2025-08-17 11:48:00,764.01,764.01,763.99,763.99,-0.0,277.96,211193.0,-1
2025-08-17,2025-08-17 11:49:00,763.99,763.99,763.97,763.97,-0.0,277.96,211193.0,-1
2025-08-17,2025-08-17 11:50:00,763.97,763.97,763.95,763.95,-0.0,277.96,211193.0,-1
2025-08-17,2025-08-17 11:51:00,763.95,763.95,763.93,763.93,-0.0,277.96,211193.0,-1
2025-08-17,2025-08-17 11:52:00,763.93,763.93,763.91,763.91,-0.0,277.96,211193.0,-1
2025-08-17,2025-08-17 11:53:00,763.91,763.91,763.89,763.89,-0.0,277.96,211193.0,-1
2025-08-17,2025-08-17 11:54:00,763.89,763.89,763.87,763.87,-0.0,277.96,211193.0,-1
2025-08-17,2025-08-17 11:55:00,763.87,763.87,763.85,763.85,-0.0,277.96,211193.0,-1
2025-08-17,2025-08-17 11:56:00,763.85,763.85,763.82,763.82,-0.0,277.96,211193.0,-1
2025-08-17,2025-08-17 11:57:00,763.82,763.82,763.8,763.8,-0.0,277.96,211193.0,-1
2025-08-17,2025-08-17 11:58:00,763.8,763.8,763.78,763.78,-0.0,277.96,211193.0,-1
2025-08-17,2025-08-17 11:59:00,763.78,763.78,763.76,763.76,-0.0,277.96,211193.0,-1
2025-08-17,2025-08-17 12:00:00,763.76,763.76,763.74,763.74,-0.0,277.96,211193.0,-1
2025-08-17,2025-08-17 12:01:00,763.74,763.74,763.72,763.72,-0.0,277.96,211193.0,-1
2025-08-17,2025-08-17 12:02:00,763.72,763.72,763.7,763.7,-0.0,277.96,211193.0,-1
2025-08-17,2025-08-17 12:03:00,763.7,763.7,763.68,763.68,-0.0,277.96,211193.0,-1
2025-08-17,2025-08-17 12:04:00,763.68,763.68,763.66,763.66,-0.0,277.96,211193.0,-1
2025-08-17,2025-08-17 12:05:00,763.66,763.66,763.64,763.64,-0.0,277.96,211193.0,-1
2025-08-17,2025-08-17 12:06:00,763.64,763.64,763.62,763.62,-0.0,277.96,211193.0,-1
2025-08-17,2025-08-17 12:07:00,763.62,763.62,763.6,763.6,-0.0,277.96,211193.0,-1
2025-08-17,2025-08-17 12:08:00,763.6,763.6,763.58,763.58,-0.0,277.96,211193.0,-1
2025-08-17,2025-08-17 12:09:00,763.58,763.58,763.56,763.56,-0.0,277.96,211193.0,-1
2025-08-17,2025-08-17 12:10:00,763.56,763.56,763.54,763.54,-0.0,277.96,211193.0,-1
2025-08-17,2025-08-17 12:11:00,763.54,763.54,763.51,763.51,-0.0,277.96,211193.0,-1
2025-08-17,2025-08-17 12:12:00,763.51,763.51,763.49,763.49,-0.0,277.96,211193.0,-1
2025-08-17,2025-08-17 12:13:00,763.49,763.49,763.47,763.47,-0.0,277.96,211193.0,-1
2025-08-17,2025-08-17 12:14:00,763.47,763.47,763.45,763.45,-0.0,277.96,211193.0,-1
2025-08-17,2025-08-17 12:15:00,763.45,763.45,763.43,763.43,-0.0,277.96,211193.0,-1
2025-08-17,2025-08-17 12:16:00,763.43,763.43,763.41,763.41,-0.0,277.96,211193.0,-1
2025-08-17,2025-08-17 12:17:00,763.41,763.41,763.39,763.39,-0.0,277.96,211193.0,-1
2025-08-17,2025-08-17 12:18:00,763.39,763.39,763.37,763.37,-0.0,277.96,211193.0,-1
2025-08-17,2025-08-17 12:19:00,763.37,763.37,763.35,763.35,-0.0,277.96,211193.0,-1
2025-08-17,2025-08-17 12:20:00,763.35,763.35,763.33,763.33,-0.0,277.96,211193.0,-1
2025-08-17,2025-08-17 12:21:00,763.33,763.33,763.31,763.31,-0.0,277.96,211193.0,-1
2025-08-17,2025-08-17 12:22:00,763.31,763.31,763.29,763.29,-0.0,277.96,211193.0,-1
2025-08-17,2025-08-17 12:23:00,763.29,763.29,763.27,763.27,-0.0,277.96,211193.0,-1
2025-08-17,2025-08-17 12:24:00,763.27,763.27,763.25,763.25,-0.0,277.96,211193.0,-1
2025-08-17,2025-08-17 12:25:00,763.25,763.25,763.23,763.23,-0.0,277.96,211193.0,-1
2025-08-17,2025-08-17 12:26:00,763.23,763.23,763.21,763.21,-0.0,277.96,211193.0,-1
2025-08-17,2025-08-17 12:27:00,763.21,763.21,763.18,763.18,-0.0,277.96,211193.0,-1
2025-08-17,2025-08-17 12:28:00,763.18,763.18,763.16,763.16,-0.0,277.96,211193.0,-1
2025-08-17,2025-08-17 12:29:00,763.16,763.16,763.14,763.14,-0.0,277.96,211193.0,-1
2025-08-17,2025-08-17 12:30:00,763.14,763.14,763.12,763.12,-0.0,277.96,211193.0,-1
2025-08-17,2025-08-17 12:31:00,763.12,763.12,763.1,763.1,-0.0,277.96,211193.0,-1
2025-08-17,2025-08-17 12:32:00,763.1,763.1,763.08,763.08,-0.0,277.96,211193.0,-1
2025-08-17,2025-08-17 12:33:00,763.08,763.08,763.06,763.06,-0.0,277.96,211193.0,-1
2025-08-17,2025-08-17 12:34:00,763.06,763.06,763.04,763.04,-0.0,277.96,211193.0,-1
2025-08-17,2025-08-17 12:35:00,763.04,763.04,763.02,763.02,-0.0,277.96,211193.0,-1
2025-08-17,2025-08-17 12:36:00,763.02,763.02,763.0,763.0,-0.0,277.96,211193.0,-1
2025-08-17,2025-08-17 12:37:00,763.0,763.0,762.98,762.98,-0.0,277.96,211193.0,-1
2025-08-17,2025-08-17 12:38:00,762.98,762.98,762.96,762.96,-0.0,277.96,211193.0,-1
2025-08-17,2025-08-17 12:39:00,762.96,762.96,762.94,762.94,-0.0,277.96,211193.0,-1
2025-08-17,2025-08-17 12:40:00,762.94,762.94,762.92,762.92,-0.0,277.96,211193.0,-1
2025-08-17,2025-08-17 12:41:00,762.92,762.92,762.9,762.9,-0.0,277.96,211193.0,-1
2025-08-17,2025-08-17 12:42:00,762.9,762.9,762.88,762.88,-0.0,277.96,211193.0,-1
2025-08-17,2025-08-17 12:43:00,762.88,762.88,762.86,762.86,-0.0,277.96,211193.0,-1
2025-08-17,2025-08-17 12:44:00,762.86,762.86,762.83,762.83,-0.0,277.96,211193.0,-1
2025-08-17,2025-08-17 12:45:00,762.83,762.83,762.81,762.81,-0.0,277.96,211193.0,-1
2025-08-17,2025-08-17 12:46:00,762.81,762.81,762.79,762.79,-0.0,277.96,211193.0,-1
2025-08-17,2025-08-17 12:47:00,762.79,762.79,762.77,762.77,-0.0,277.96,211193.0,-1
2025-08-17,2025-08-17 12:48:00,762.77,762.77,762.75,762.75,-0.0,277.96,211193.0,-1
2025-08-17,2025-08-17 12:49:00,762.75,762.75,762.73,762.73,-0.0,277.96,211193.0,-1
2025-08-17,2025-08-17 12:50:00,762.73,762.73,762.71,762.71,-0.0,277.96,211193.0,-1
2025-08-17,2025-08-17 12:51:00,762.71,762.71,762.69,762.69,-0.0,277.96,211193.0,-1
2025-08-17,2025-08-17 12:52:00,762.69,762.69,762.67,762.67,-0.0,277.96,211193.0,-1
2025-08-17,2025-08-17 12:53:00,762.67,762.67,762.65,762.65,-0.0,277.96,211193.0,-1
2025-08-17,2025-08-17 12:54:00,762.65,762.65,762.63,762.63,-0.0,277.96,211193.0,-1
2025-08-17,2025-08-17 12:55:00,762.63,762.63,762.61,762.61,-0.0,277.96,211193.0,-1
2025-08-17,2025-08-17 12:56:00,762.61,762.61,762.59,762.59,-0.0,277.96,211193.0,-1
2025-08-17,2025-08-17 12:57:00,762.59,762.59,762.57,762.57,-0.0,277.96,211193.0,-1
2025-08-17,2025-08-17 12:58:00,762.57,762.57,762.55,762.55,-0.0,277.96,211193.0,-1
2025-08-17,2025-08-17 12:59:00,762.55,762.55,762.52,762.52,-0.0,277.96,211193.0,-1
2025-08-17,2025-08-17 13:00:00,762.52,766.0,745.0,762.5,-0.0,277.96,211193.0,-1
2025-08-17,2025-08-17 13:01:00,762.5,762.5,762.48,762.48,-0.0,277.96,211193.0,-1
2025-08-17,2025-08-17 13:02:00,762.48,762.48,762.46,762.46,-0.0,277.96,211193.0,-1
2025-08-17,2025-08-17 13:03:00,762.46,762.46,762.44,762.44,-0.0,277.96,211193.0,-1
2025-08-17,2025-08-17 13:04:00,762.44,762.44,762.42,762.42,-0.0,277.96,211193.0,-1
2025-08-17,2025-08-17 13:05:00,762.42,762.42,762.4,762.4,-0.0,277.96,211193.0,-1
2025-08-17,2025-08-17 13:06:00,762.4,762.4,762.38,762.38,-0.0,277.96,211193.0,-1
2025-08-17,2025-08-17 13:07:00,762.38,762.38,762.36,762.36,-0.0,277.96,211193.0,-1
2025-08-17,2025-08-17 13:08:00,762.36,762.36,762.34,762.34,-0.0,277.96,211193.0,-1
2025-08-17,2025-08-17 13:09:00,762.34,762.34,762.32,762.32,-0.0,277.96,211193.0,-1
2025-08-17,2025-08-17 13:10:00,762.32,762.32,762.3,762.3,-0.0,277.96,211193.0,-1
2025-08-17,2025-08-17 13:11:00,762.3,762.3,762.28,762.28,-0.0,277.96,211193.0,-1
2025-08-17,2025-08-17 13:12:00,762.28,762.28,762.26,762.26,-0.0,277.96,211193.0,-1
2025-08-17,2025-08-17 13:13:00,762.26,762.26,762.24,762.24,-0.0,277.96,211193.0,-1
2025-08-17,2025-08-17 13:14:00,762.24,762.24,762.22,762.22,-0.0,277.96,211193.0,-1
2025-08-17,2025-08-17 13:15:00,762.22,762.22,762.19,762.19,-0.0,277.96,211193.0,-1
2025-08-17,2025-08-17 13:16:00,762.19,762.19,762.17,762.17,-0.0,277.96,211193.0,-1
2025-08-17,2025-08-17 13:17:00,762.17,762.17,762.15,762.15,-0.0,277.96,211193.0,-1
2025-08-17,2025-08-17 13:18:00,762.15,762.15,762.13,762.13,-0.0,277.96,211193.0,-1
2025-08-17,2025-08-17 13:19:00,762.13,762.13,762.11,762.11,-0.0,277.96,211193.0,-1
2025-08-17,2025-08-17 13:20:00,762.11,762.11,762.09,762.09,-0.0,277.96,211193.0,-1
2025-08-17,2025-08-17 13:21:00,762.09,762.09,762.07,762.07,-0.0,277.96,211193.0,-1
2025-08-17,2025-08-17 13:22:00,762.07,762.07,762.05,762.05,-0.0,277.96,211193.0,-1
2025-08-17,2025-08-17 13:23:00,762.05,762.05,762.03,762.03,-0.0,277.96,211193.0,-1
2025-08-17,2025-08-17 13:24:00,762.03,762.03,762.01,762.01,-0.0,277.96,211193.0,-1
2025-08-17,2025-08-17 13:25:00,762.01,762.01,761.99,761.99,-0.0,277.96,211193.0,-1
2025-08-17,2025-08-17 13:26:00,761.99,761.99,761.97,761.97,-0.0,277.96,211193.0,-1
2025-08-17,2025-08-17 13:27:00,761.97,761.97,761.95,761.95,-0.0,277.96,211193.0,-1
2025-08-17,2025-08-17 13:28:00,761.95,761.95,761.93,761.93,-0.0,277.96,211193.0,-1
2025-08-17,2025-08-17 13:29:00,761.93,761.93,761.91,761.91,-0.0,277.96,211193.0,-1
2025-08-17,2025-08-17 13:30:00,761.91,761.91,761.89,761.89,-0.0,277.96,211193.0,-1
2025-08-17,2025-08-17 13:31:00,761.89,761.89,761.87,761.87,-0.0,277.96,211193.0,-1
2025-08-17,2025-08-17 13:32:00,761.87,761.87,761.84,761.84,-0.0,277.96,211193.0,-1
2025-08-17,2025-08-17 13:33:00,761.84,761.84,761.82,761.82,-0.0,277.96,211193.0,-1
2025-08-17,2025-08-17 13:34:00,761.82,761.82,761.8,761.8,-0.0,277.96,211193.0,-1
2025-08-17,2025-08-17 13:35:00,761.8,761.8,761.78,761.78,-0.0,277.96,211193.0,-1
2025-08-17,2025-08-17 13:36:00,761.78,761.78,761.76,761.76,-0.0,277.96,211193.0,-1
2025-08-17,2025-08-17 13:37:00,761.76,761.76,761.74,761.74,-0.0,277.96,211193.0,-1
2025-08-17,2025-08-17 13:38:00,761.74,761.74,761.72,761.72,-0.0,277.96,211193.0,-1
2025-08-17,2025-08-17 13:39:00,761.72,761.72,761.7,761.7,-0.0,277.96,211193.0,-1
2025-08-17,2025-08-17 13:40:00,761.7,761.7,761.68,761.68,-0.0,277.96,211193.0,-1
2025-08-17,2025-08-17 13:41:00,761.68,761.68,761.66,761.66,-0.0,277.96,211193.0,-1
2025-08-17,2025-08-17 13:42:00,761.66,761.66,761.64,761.64,-0.0,277.96,211193.0,-1
2025-08-17,2025-08-17 13:43:00,761.64,761.64,761.62,761.62,-0.0,277.96,211193.0,-1
2025-08-17,2025-08-17 13:44:00,761.62,761.62,761.6,761.6,-0.0,277.96,211193.0,-1
2025-08-17,2025-08-17 13:45:00,761.6,761.6,761.58,761.58,-0.0,277.96,211193.0,-1
2025-08-17,2025-08-17 13:46:00,761.58,761.58,761.56,761.56,-0.0,277.96,211193.0,-1
2025-08-17,2025-08-17 13:47:00,761.56,761.56,761.53,761.53,-0.0,277.96,211193.0,-1
2025-08-17,2025-08-17 13:48:00,761.53,761.53,761.51,761.51,-0.0,277.96,211193.0,-1
2025-08-17,2025-08-17 13:49:00,761.51,761.51,761.49,761.49,-0.0,277.96,211193.0,-1
2025-08-17,2025-08-17 13:50:00,761.49,761.49,761.47,761.47,-0.0,277.96,211193.0,-1
2025-08-17,2025-08-17 13:51:00,761.47,761.47,761.45,761.45,-0.0,277.96,211193.0,-1
2025-08-17,2025-08-17 13:52:00,761.45,761.45,761.43,761.43,-0.0,277.96,211193.0,-1
2025-08-17,2025-08-17 13:53:00,761.43,761.43,761.41,761.41,-0.0,277.96,211193.0,-1
2025-08-17,2025-08-17 13:54:00,761.41,761.41,761.39,761.39,-0.0,277.96,211193.0,-1
2025-08-17,2025-08-17 13:55:00,761.39,761.39,761.37,761.37,-0.0,277.96,211193.0,-1
2025-08-17,2025-08-17 13:56:00,761.37,761.37,761.35,761.35,-0.0,277.96,211193.0,-1
2025-08-17,2025-08-17 13:57:00,761.35,761.35,761.33,761.33,-0.0,277.96,211193.0,-1
2025-08-17,2025-08-17 13:58:00,761.33,761.33,761.31,761.31,-0.0,277.96,211193.0,-1
2025-08-17,2025-08-17 13:59:00,761.31,761.31,761.29,761.29,-0.0,277.96,211193.0,-1
2025-08-17,2025-08-17 14:00:00,761.29,761.29,761.27,761.27,-0.0,277.96,211193.0,-1
2025-08-17,2025-08-17 14:01:00,761.27,761.27,761.25,761.25,-0.0,277.96,211193.0,-1
2025-08-17,2025-08-17 14:02:00,761.25,761.25,761.23,761.23,-0.0,277.96,211193.0,-1
2025-08-17,2025-08-17 14:03:00,761.23,761.23,761.2,761.2,-0.0,277.96,211193.0,-1
2025-08-17,2025-08-17 14:04:00,761.2,761.2,761.18,761.18,-0.0,277.96,211193.0,-1
2025-08-17,2025-08-17 14:05:00,761.18,761.18,761.16,761.16,-0.0,277.96,211193.0,-1
2025-08-17,2025-08-17 14:06:00,761.16,761.16,761.14,761.14,-0.0,277.96,211193.0,-1
2025-08-17,2025-08-17 14:07:00,761.14,761.14,761.12,761.12,-0.0,277.96,211193.0,-1
2025-08-17,2025-08-17 14:08:00,761.12,761.12,761.1,761.1,-0.0,277.96,211193.0,-1
2025-08-17,2025-08-17 14:09:00,761.1,761.1,761.08,761.08,-0.0,277.96,211193.0,-1
2025-08-17,2025-08-17 14:10:00,761.08,761.08,761.06,761.06,-0.0,277.96,211193.0,-1
2025-08-17,2025-08-17 14:11:00,761.06,761.06,761.04,761.04,-0.0,277.96,211193.0,-1
2025-08-17,2025-08-17 14:12:00,761.04,761.04,761.02,761.02,-0.0,277.96,211193.0,-1
2025-08-17,2025-08-17 14:13:00,761.02,761.02,761.0,761.0,-0.0,277.96,211193.0,-1
2025-08-17,2025-08-17 14:14:00,761.0,761.0,760.98,760.98,-0.0,277.96,211193.0,-1
2025-08-17,2025-08-17 14:15:00,760.98,760.98,760.96,760.96,-0.0,277.96,211193.0,-1
2025-08-17,2025-08-17 14:16:00,760.96,760.96,760.94,760.94,-0.0,277.96,211193.0,-1
2025-08-17,2025-08-17 14:17:00,760.94,760.94,760.92,760.92,-0.0,277.96,211193.0,-1
2025-08-17,2025-08-17 14:18:00,760.92,760.92,760.9,760.9,-0.0,277.96,211193.0,-1
2025-08-17,2025-08-17 14:19:00,760.9,760.9,760.88,760.88,-0.0,277.96,211193.0,-1
2025-08-17,2025-08-17 14:20:00,760.88,760.88,760.85,760.85,-0.0,277.96,211193.0,-1
2025-08-17,2025-08-17 14:21:00,760.85,760.85,760.83,760.83,-0.0,277.96,211193.0,-1
2025-08-17,2025-08-17 14:22:00,760.83,760.83,760.81,760.81,-0.0,277.96,211193.0,-1
2025-08-17,2025-08-17 14:23:00,760.81,760.81,760.79,760.79,-0.0,277.96,211193.0,-1
2025-08-17,2025-08-17 14:24:00,760.79,760.79,760.77,760.77,-0.0,277.96,211193.0,-1
2025-08-17,2025-08-17 14:25:00,760.77,760.77,760.75,760.75,-0.0,277.96,211193.0,-1
2025-08-17,2025-08-17 14:26:00,760.75,760.75,760.73,760.73,-0.0,277.96,211193.0,-1
2025-08-17,2025-08-17 14:27:00,760.73,760.73,760.71,760.71,-0.0,277.96,211193.0,-1
2025-08-17,2025-08-17 14:28:00,760.71,760.71,760.69,760.69,-0.0,277.96,211193.0,-1
2025-08-17,2025-08-17 14:29:00,760.69,760.69,760.67,760.67,-0.0,277.96,211193.0,-1
2025-08-17,2025-08-17 14:30:00,760.67,760.67,760.65,760.65,-0.0,277.96,211193.0,-1
2025-08-17,2025-08-17 14:31:00,760.65,760.65,760.63,760.63,-0.0,277.96,211193.0,-1
2025-08-17,2025-08-17 14:32:00,760.63,760.63,760.61,760.61,-0.0,277.96,211193.0,-1
2025-08-17,2025-08-17 14:33:00,760.61,760.61,760.59,760.59,-0.0,277.96,211193.0,-1
2025-08-17,2025-08-17 14:34:00,760.59,760.59,760.57,760.57,-0.0,277.96,211193.0,-1
2025-08-17,2025-08-17 14:35:00,760.57,760.57,760.54,760.54,-0.0,277.96,211193.0,-1
2025-08-17,2025-08-17 14:36:00,760.54,760.54,760.52,760.52,-0.0,277.96,211193.0,-1
2025-08-17,2025-08-17 14:37:00,760.52,760.52,760.5,760.5,-0.0,277.96,211193.0,-1
2025-08-17,2025-08-17 14:38:00,760.5,760.5,760.48,760.48,-0.0,277.96,211193.0,-1
2025-08-17,2025-08-17 14:39:00,760.48,760.48,760.46,760.46,-0.0,277.96,211193.0,-1
2025-08-17,2025-08-17 14:40:00,760.46,760.46,760.44,760.44,-0.0,277.96,211193.0,-1
2025-08-17,2025-08-17 14:41:00,760.44,760.44,760.42,760.42,-0.0,277.96,211193.0,-1
2025-08-17,2025-08-17 14:42:00,760.42,760.42,760.4,760.4,-0.0,277.96,211193.0,-1
2025-08-17,2025-08-17 14:43:00,760.4,760.4,760.38,760.38,-0.0,277.96,211193.0,-1
2025-08-17,2025-08-17 14:44:00,760.38,760.38,760.36,760.36,-0.0,277.96,211193.0,-1
2025-08-17,2025-08-17 14:45:00,760.36,760.36,760.34,760.34,-0.0,277.96,211193.0,-1
2025-08-17,2025-08-17 14:46:00,760.34,760.34,760.32,760.32,-0.0,277.96,211193.0,-1
2025-08-17,2025-08-17 14:47:00,760.32,760.32,760.3,760.3,-0.0,277.96,211193.0,-1
2025-08-17,2025-08-17 14:48:00,760.3,760.3,760.28,760.28,-0.0,277.96,211193.0,-1
2025-08-17,2025-08-17 14:49:00,760.28,760.28,760.26,760.26,-0.0,277.96,211193.0,-1
2025-08-17,2025-08-17 14:50:00,760.26,760.26,760.24,760.24,-0.0,277.96,211193.0,-1
2025-08-17,2025-08-17 14:51:00,760.24,760.24,760.21,760.21,-0.0,277.96,211193.0,-1
2025-08-17,2025-08-17 14:52:00,760.21,760.21,760.19,760.19,-0.0,277.96,211193.0,-1
2025-08-17,2025-08-17 14:53:00,760.19,760.19,760.17,760.17,-0.0,277.96,211193.0,-1
2025-08-17,2025-08-17 14:54:00,760.17,760.17,760.15,760.15,-0.0,277.96,211193.0,-1
2025-08-17,2025-08-17 14:55:00,760.15,760.15,760.13,760.13,-0.0,277.96,211193.0,-1
2025-08-17,2025-08-17 14:56:00,760.13,760.13,760.11,760.11,-0.0,277.96,211193.0,-1
2025-08-17,2025-08-17 14:57:00,760.11,760.11,760.09,760.09,-0.0,277.96,211193.0,-1
2025-08-17,2025-08-17 14:58:00,760.09,760.09,760.07,760.07,-0.0,277.96,211193.0,-1
2025-08-17,2025-08-17 14:59:00,760.07,760.07,760.05,760.05,-0.0,277.96,211193.0,-1
2025-08-17,2025-08-17 15:00:00,760.05,766.0,745.0,760.05,0.0,277.96,211193.0,0
2025-08-18,2025-08-18 11:00:00,760.0,761.5,757.39,759.98,-0.0,54.24,41140.78,-1
2025-08-18,2025-08-18 11:01:00,759.98,759.98,759.96,759.96,-0.0,54.24,41140.78,-1
2025-08-18,2025-08-18 11:02:00,759.96,759.96,759.93,759.93,-0.0,54.24,41140.78,-1
2025-08-18,2025-08-18 11:03:00,759.93,759.93,759.91,759.91,-0.0,54.24,41140.78,-1
2025-08-18,2025-08-18 11:04:00,759.91,759.91,759.89,759.89,-0.0,54.24,41140.78,-1
2025-08-18,2025-08-18 11:05:00,759.89,759.89,759.87,759.87,-0.0,54.24,41140.78,-1
2025-08-18,2025-08-18 11:06:00,759.87,759.87,759.84,759.84,-0.0,54.24,41140.78,-1
2025-08-18,2025-08-18 11:07:00,759.84,759.84,759.82,759.82,-0.0,54.24,41140.78,-1
2025-08-18,2025-08-18 11:08:00,759.82,759.82,759.8,759.8,-0.0,54.24,41140.78,-1
2025-08-18,2025-08-18 11:09:00,759.8,759.8,759.78,759.78,-0.0,54.24,41140.78,-1
2025-08-18,2025-08-18 11:10:00,759.78,759.78,759.76,759.76,-0.0,54.24,41140.78,-1
2025-08-18,2025-08-18 11:11:00,759.76,759.76,759.73,759.73,-0.0,54.24,41140.78,-1
2025-08-18,2025-08-18 11:12:00,759.73,759.73,759.71,759.71,-0.0,54.24,41140.78,-1
2025-08-18,2025-08-18 11:13:00,759.71,759.71,759.69,759.69,-0.0,54.24,41140.78,-1
2025-08-18,2025-08-18 11:14:00,759.69,759.69,759.67,759.67,-0.0,54.24,41140.78,-1
2025-08-18,2025-08-18 11:15:00,759.67,759.67,759.64,759.64,-0.0,54.24,41140.78,-1
2025-08-18,2025-08-18 11:16:00,759.64,759.64,759.62,759.62,-0.0,54.24,41140.78,-1
2025-08-18,2025-08-18 11:17:00,759.62,759.62,759.6,759.6,-0.0,54.24,41140.78,-1
2025-08-18,2025-08-18 11:18:00,759.6,759.6,759.58,759.58,-0.0,54.24,41140.78,-1
2025-08-18,2025-08-18 11:19:00,759.58,759.58,759.55,759.55,-0.0,54.24,41140.78,-1
2025-08-18,2025-08-18 11:20:00,759.55,759.55,759.53,759.53,-0.0,54.24,41140.78,-1
2025-08-18,2025-08-18 11:21:00,759.53,759.53,759.51,759.51,-0.0,54.24,41140.78,-1
2025-08-18,2025-08-18 11:22:00,759.51,759.51,759.49,759.49,-0.0,54.24,41140.78,-1
2025-08-18,2025-08-18 11:23:00,759.49,759.49,759.47,759.47,-0.0,54.24,41140.78,-1
2025-08-18,2025-08-18 11:24:00,759.47,759.47,759.44,759.44,-0.0,54.24,41140.78,-1
2025-08-18,2025-08-18 11:25:00,759.44,759.44,759.42,759.42,-0.0,54.24,41140.78,-1
2025-08-18,2025-08-18 11:26:00,759.42,759.42,759.4,759.4,-0.0,54.24,41140.78,-1
2025-08-18,2025-08-18 11:27:00,759.4,759.4,759.38,759.38,-0.0,54.24,41140.78,-1
2025-08-18,2025-08-18 11:28:00,759.38,759.38,759.35,759.35,-0.0,54.24,41140.78,-1
2025-08-18,2025-08-18 11:29:00,759.35,759.35,759.33,759.33,-0.0,54.24,41140.78,-1
2025-08-18,2025-08-18 11:30:00,759.33,759.33,759.31,759.31,-0.0,54.24,41140.78,-1
2025-08-18,2025-08-18 11:31:00,759.31,759.31,759.29,759.29,-0.0,54.24,41140.78,-1
2025-08-18,2025-08-18 11:32:00,759.29,759.29,759.27,759.27,-0.0,54.24,41140.78,-1
2025-08-18,2025-08-18 11:33:00,759.27,759.27,759.24,759.24,-0.0,54.24,41140.78,-1
2025-08-18,2025-08-18 11:34:00,759.24,759.24,759.22,759.22,-0.0,54.24,41140.78,-1
2025-08-18,2025-08-18 11:35:00,759.22,759.22,759.2,759.2,-0.0,54.24,41140.78,-1
2025-08-18,2025-08-18 11:36:00,759.2,759.2,759.18,759.18,-0.0,54.24,41140.78,-1
2025-08-18,2025-08-18 11:37:00,759.18,759.18,759.15,759.15,-0.0,54.24,41140.78,-1
2025-08-18,2025-08-18 11:38:00,759.15,759.15,759.13,759.13,-0.0,54.24,41140.78,-1
2025-08-18,2025-08-18 11:39:00,759.13,759.13,759.11,759.11,-0.0,54.24,41140.78,-1
2025-08-18,2025-08-18 11:40:00,759.11,759.11,759.09,759.09,-0.0,54.24,41140.78,-1
2025-08-18,2025-08-18 11:41:00,759.09,759.09,759.07,759.07,-0.0,54.24,41140.78,-1
2025-08-18,2025-08-18 11:42:00,759.07,759.07,759.04,759.04,-0.0,54.24,41140.78,-1
2025-08-18,2025-08-18 11:43:00,759.04,759.04,759.02,759.02,-0.0,54.24,41140.78,-1
2025-08-18,2025-08-18 11:44:00,759.02,759.02,759.0,759.0,-0.0,54.24,41140.78,-1
2025-08-18,2025-08-18 11:45:00,759.0,759.0,758.98,758.98,-0.0,54.24,41140.78,-1
2025-08-18,2025-08-18 11:46:00,758.98,758.98,758.95,758.95,-0.0,54.24,41140.78,-1
2025-08-18,2025-08-18 11:47:00,758.95,758.95,758.93,758.93,-0.0,54.24,41140.78,-1
2025-08-18,2025-08-18 11:48:00,758.93,758.93,758.91,758.91,-0.0,54.24,41140.78,-1
2025-08-18,2025-08-18 11:49:00,758.91,758.91,758.89,758.89,-0.0,54.24,41140.78,-1
2025-08-18,2025-08-18 11:50:00,758.89,758.89,758.87,758.87,-0.0,54.24,41140.78,-1
2025-08-18,2025-08-18 11:51:00,758.87,758.87,758.84,758.84,-0.0,54.24,41140.78,-1
2025-08-18,2025-08-18 11:52:00,758.84,758.84,758.82,758.82,-0.0,54.24,41140.78,-1
2025-08-18,2025-08-18 11:53:00,758.82,758.82,758.8,758.8,-0.0,54.24,41140.78,-1
2025-08-18,2025-08-18 11:54:00,758.8,758.8,758.78,758.78,-0.0,54.24,41140.78,-1
2025-08-18,2025-08-18 11:55:00,758.78,758.78,758.75,758.75,-0.0,54.24,41140.78,-1
2025-08-18,2025-08-18 11:56:00,758.75,758.75,758.73,758.73,-0.0,54.24,41140.78,-1
2025-08-18,2025-08-18 11:57:00,758.73,758.73,758.71,758.71,-0.0,54.24,41140.78,-1
2025-08-18,2025-08-18 11:58:00,758.71,758.71,758.69,758.69,-0.0,54.24,41140.78,-1
2025-08-18,2025-08-18 11:59:00,758.69,758.69,758.66,758.66,-0.0,54.24,41140.78,-1
2025-08-18,2025-08-18 12:00:00,758.66,758.66,758.64,758.64,-0.0,54.24,41140.78,-1
2025-08-18,2025-08-18 12:01:00,758.64,758.64,758.62,758.62,-0.0,54.24,41140.78,-1
2025-08-18,2025-08-18 12:02:00,758.62,758.62,758.6,758.6,-0.0,54.24,41140.78,-1
2025-08-18,2025-08-18 12:03:00,758.6,758.6,758.58,758.58,-0.0,54.24,41140.78,-1
2025-08-18,2025-08-18 12:04:00,758.58,758.58,758.55,758.55,-0.0,54.24,41140.78,-1
2025-08-18,2025-08-18 12:05:00,758.55,758.55,758.53,758.53,-0.0,54.24,41140.78,-1
2025-08-18,2025-08-18 12:06:00,758.53,758.53,758.51,758.51,-0.0,54.24,41140.78,-1
2025-08-18,2025-08-18 12:07:00,758.51,758.51,758.49,758.49,-0.0,54.24,41140.78,-1
2025-08-18,2025-08-18 12:08:00,758.49,758.49,758.46,758.46,-0.0,54.24,41140.78,-1
2025-08-18,2025-08-18 12:09:00,758.46,758.46,758.44,758.44,-0.0,54.24,41140.78,-1
2025-08-18,2025-08-18 12:10:00,758.44,758.44,758.42,758.42,-0.0,54.24,41140.78,-1
2025-08-18,2025-08-18 12:11:00,758.42,758.42,758.4,758.4,-0.0,54.24,41140.78,-1
2025-08-18,2025-08-18 12:12:00,758.4,758.4,758.38,758.38,-0.0,54.24,41140.78,-1
2025-08-18,2025-08-18 12:13:00,758.38,758.38,758.35,758.35,-0.0,54.24,41140.78,-1
2025-08-18,2025-08-18 12:14:00,758.35,758.35,758.33,758.33,-0.0,54.24,41140.78,-1
2025-08-18,2025-08-18 12:15:00,758.33,758.33,758.31,758.31,-0.0,54.24,41140.78,-1
2025-08-18,2025-08-18 12:16:00,758.31,758.31,758.29,758.29,-0.0,54.24,41140.78,-1
2025-08-18,2025-08-18 12:17:00,758.29,758.29,758.26,758.26,-0.0,54.24,41140.78,-1
2025-08-18,2025-08-18 12:18:00,758.26,758.26,758.24,758.24,-0.0,54.24,41140.78,-1
2025-08-18,2025-08-18 12:19:00,758.24,758.24,758.22,758.22,-0.0,54.24,41140.78,-1
2025-08-18,2025-08-18 12:20:00,758.22,758.22,758.2,758.2,-0.0,54.24,41140.78,-1
2025-08-18,2025-08-18 12:21:00,758.2,758.2,758.18,758.18,-0.0,54.24,41140.78,-1
2025-08-18,2025-08-18 12:22:00,758.18,758.18,758.15,758.15,-0.0,54.24,41140.78,-1
2025-08-18,2025-08-18 12:23:00,758.15,758.15,758.13,758.13,-0.0,54.24,41140.78,-1
2025-08-18,2025-08-18 12:24:00,758.13,758.13,758.11,758.11,-0.0,54.24,41140.78,-1
2025-08-18,2025-08-18 12:25:00,758.11,758.11,758.09,758.09,-0.0,54.24,41140.78,-1
2025-08-18,2025-08-18 12:26:00,758.09,758.09,758.06,758.06,-0.0,54.24,41140.78,-1
2025-08-18,2025-08-18 12:27:00,758.06,758.06,758.04,758.04,-0.0,54.24,41140.78,-1
2025-08-18,2025-08-18 12:28:00,758.04,758.04,758.02,758.02,-0.0,54.24,41140.78,-1
2025-08-18,2025-08-18 12:29:00,758.02,758.02,758.0,758.0,-0.0,54.24,41140.78,-1
2025-08-18,2025-08-18 12:30:00,758.0,758.0,757.98,757.98,-0.0,54.24,41140.78,-1
2025-08-18,2025-08-18 12:31:00,757.98,757.98,757.95,757.95,-0.0,54.24,41140.78,-1
2025-08-18,2025-08-18 12:32:00,757.95,757.95,757.93,757.93,-0.0,54.24,41140.78,-1
2025-08-18,2025-08-18 12:33:00,757.93,757.93,757.91,757.91,-0.0,54.24,41140.78,-1
2025-08-18,2025-08-18 12:34:00,757.91,757.91,757.89,757.89,-0.0,54.24,41140.78,-1
2025-08-18,2025-08-18 12:35:00,757.89,757.89,757.86,757.86,-0.0,54.24,41140.78,-1
2025-08-18,2025-08-18 12:36:00,757.86,757.86,757.84,757.84,-0.0,54.24,41140.78,-1
2025-08-18,2025-08-18 12:37:00,757.84,757.84,757.82,757.82,-0.0,54.24,41140.78,-1
2025-08-18,2025-08-18 12:38:00,757.82,757.82,757.8,757.8,-0.0,54.24,41140.78,-1
2025-08-18,2025-08-18 12:39:00,757.8,757.8,757.77,757.77,-0.0,54.24,41140.78,-1
2025-08-18,2025-08-18 12:40:00,757.77,757.77,757.75,757.75,-0.0,54.24,41140.78,-1
2025-08-18,2025-08-18 12:41:00,757.75,757.75,757.73,757.73,-0.0,54.24,41140.78,-1
2025-08-18,2025-08-18 12:42:00,757.73,757.73,757.71,757.71,-0.0,54.24,41140.78,-1
2025-08-18,2025-08-18 12:43:00,757.71,757.71,757.69,757.69,-0.0,54.24,41140.78,-1
2025-08-18,2025-08-18 12:44:00,757.69,757.69,757.66,757.66,-0.0,54.24,41140.78,-1
2025-08-18,2025-08-18 12:45:00,757.66,757.66,757.64,757.64,-0.0,54.24,41140.78,-1
2025-08-18,2025-08-18 12:46:00,757.64,757.64,757.62,757.62,-0.0,54.24,41140.78,-1
2025-08-18,2025-08-18 12:47:00,757.62,757.62,757.6,757.6,-0.0,54.24,41140.78,-1
2025-08-18,2025-08-18 12:48:00,757.6,757.6,757.57,757.57,-0.0,54.24,41140.78,-1
2025-08-18,2025-08-18 12:49:00,757.57,757.57,757.55,757.55,-0.0,54.24,41140.78,-1
2025-08-18,2025-08-18 12:50:00,757.55,757.55,757.53,757.53,-0.0,54.24,41140.78,-1
2025-08-18,2025-08-18 12:51:00,757.53,757.53,757.51,757.51,-0.0,54.24,41140.78,-1
2025-08-18,2025-08-18 12:52:00,757.51,757.51,757.49,757.49,-0.0,54.24,41140.78,-1
2025-08-18,2025-08-18 12:53:00,757.49,757.49,757.46,757.46,-0.0,54.24,41140.78,-1
2025-08-18,2025-08-18 12:54:00,757.46,757.46,757.44,757.44,-0.0,54.24,41140.78,-1
2025-08-18,2025-08-18 12:55:00,757.44,757.44,757.42,757.42,-0.0,54.24,41140.78,-1
2025-08-18,2025-08-18 12:56:00,757.42,757.42,757.4,757.4,-0.0,54.24,41140.78,-1
2025-08-18,2025-08-18 12:57:00,757.4,757.4,757.37,757.37,-0.0,54.24,41140.78,-1
2025-08-18,2025-08-18 12:58:00,757.37,757.37,757.35,757.35,-0.0,54.24,41140.78,-1
2025-08-18,2025-08-18 12:59:00,757.35,757.35,757.33,757.33,-0.0,54.24,41140.78,-1
2025-08-18,2025-08-18 13:00:00,757.33,765.0,751.3,757.31,-0.0,54.24,41140.78,-1
2025-08-18,2025-08-18 13:01:00,757.31,757.31,757.29,757.29,-0.0,54.24,41140.78,-1
2025-08-18,2025-08-18 13:02:00,757.29,757.29,757.26,757.26,-0.0,54.24,41140.78,-1
2025-08-18,2025-08-18 13:03:00,757.26,757.26,757.24,757.24,-0.0,54.24,41140.78,-1
2025-08-18,2025-08-18 13:04:00,757.24,757.24,757.22,757.22,-0.0,54.24,41140.78,-1
2025-08-18,2025-08-18 13:05:00,757.22,757.22,757.2,757.2,-0.0,54.24,41140.78,-1
2025-08-18,2025-08-18 13:06:00,757.2,757.2,757.17,757.17,-0.0,54.24,41140.78,-1
2025-08-18,2025-08-18 13:07:00,757.17,757.17,757.15,757.15,-0.0,54.24,41140.78,-1
2025-08-18,2025-08-18 13:08:00,757.15,757.15,757.13,757.13,-0.0,54.24,41140.78,-1
2025-08-18,2025-08-18 13:09:00,757.13,757.13,757.11,757.11,-0.0,54.24,41140.78,-1
2025-08-18,2025-08-18 13:10:00,757.11,757.11,757.09,757.09,-0.0,54.24,41140.78,-1
2025-08-18,2025-08-18 13:11:00,757.09,757.09,757.06,757.06,-0.0,54.24,41140.78,-1
2025-08-18,2025-08-18 13:12:00,757.06,757.06,757.04,757.04,-0.0,54.24,41140.78,-1
2025-08-18,2025-08-18 13:13:00,757.04,757.04,757.02,757.02,-0.0,54.24,41140.78,-1
2025-08-18,2025-08-18 13:14:00,757.02,757.02,757.0,757.0,-0.0,54.24,41140.78,-1
2025-08-18,2025-08-18 13:15:00,757.0,757.0,756.97,756.97,-0.0,54.24,41140.78,-1
2025-08-18,2025-08-18 13:16:00,756.97,756.97,756.95,756.95,-0.0,54.24,41140.78,-1
2025-08-18,2025-08-18 13:17:00,756.95,756.95,756.93,756.93,-0.0,54.24,41140.78,-1
2025-08-18,2025-08-18 13:18:00,756.93,756.93,756.91,756.91,-0.0,54.24,41140.78,-1
2025-08-18,2025-08-18 13:19:00,756.91,756.91,756.88,756.88,-0.0,54.24,41140.78,-1
2025-08-18,2025-08-18 13:20:00,756.88,756.88,756.86,756.86,-0.0,54.24,41140.78,-1
2025-08-18,2025-08-18 13:21:00,756.86,756.86,756.84,756.84,-0.0,54.24,41140.78,-1
2025-08-18,2025-08-18 13:22:00,756.84,756.84,756.82,756.82,-0.0,54.24,41140.78,-1
2025-08-18,2025-08-18 13:23:00,756.82,756.82,756.8,756.8,-0.0,54.24,41140.78,-1
2025-08-18,2025-08-18 13:24:00,756.8,756.8,756.77,756.77,-0.0,54.24,41140.78,-1
2025-08-18,2025-08-18 13:25:00,756.77,756.77,756.75,756.75,-0.0,54.24,41140.78,-1
2025-08-18,2025-08-18 13:26:00,756.75,756.75,756.73,756.73,-0.0,54.24,41140.78,-1
2025-08-18,2025-08-18 13:27:00,756.73,756.73,756.71,756.71,-0.0,54.24,41140.78,-1
2025-08-18,2025-08-18 13:28:00,756.71,756.71,756.68,756.68,-0.0,54.24,41140.78,-1
2025-08-18,2025-08-18 13:29:00,756.68,756.68,756.66,756.66,-0.0,54.24,41140.78,-1
2025-08-18,2025-08-18 13:30:00,756.66,756.66,756.64,756.64,-0.0,54.24,41140.78,-1
2025-08-18,2025-08-18 13:31:00,756.64,756.64,756.62,756.62,-0.0,54.24,41140.78,-1
2025-08-18,2025-08-18 13:32:00,756.62,756.62,756.6,756.6,-0.0,54.24,41140.78,-1
2025-08-18,2025-08-18 13:33:00,756.6,756.6,756.57,756.57,-0.0,54.24,41140.78,-1
2025-08-18,2025-08-18 13:34:00,756.57,756.57,756.55,756.55,-0.0,54.24,41140.78,-1
2025-08-18,2025-08-18 13:35:00,756.55,756.55,756.53,756.53,-0.0,54.24,41140.78,-1
2025-08-18,2025-08-18 13:36:00,756.53,756.53,756.51,756.51,-0.0,54.24,41140.78,-1
2025-08-18,2025-08-18 13:37:00,756.51,756.51,756.48,756.48,-0.0,54.24,41140.78,-1
2025-08-18,2025-08-18 13:38:00,756.48,756.48,756.46,756.46,-0.0,54.24,41140.78,-1
2025-08-18,2025-08-18 13:39:00,756.46,756.46,756.44,756.44,-0.0,54.24,41140.78,-1
2025-08-18,2025-08-18 13:40:00,756.44,756.44,756.42,756.42,-0.0,54.24,41140.78,-1
2025-08-18,2025-08-18 13:41:00,756.42,756.42,756.4,756.4,-0.0,54.24,41140.78,-1
2025-08-18,2025-08-18 13:42:00,756.4,756.4,756.37,756.37,-0.0,54.24,41140.78,-1
2025-08-18,2025-08-18 13:43:00,756.37,756.37,756.35,756.35,-0.0,54.24,41140.78,-1
2025-08-18,2025-08-18 13:44:00,756.35,756.35,756.33,756.33,-0.0,54.24,41140.78,-1
2025-08-18,2025-08-18 13:45:00,756.33,756.33,756.31,756.31,-0.0,54.24,41140.78,-1
2025-08-18,2025-08-18 13:46:00,756.31,756.31,756.28,756.28,-0.0,54.24,41140.78,-1
2025-08-18,2025-08-18 13:47:00,756.28,756.28,756.26,756.26,-0.0,54.24,41140.78,-1
2025-08-18,2025-08-18 13:48:00,756.26,756.26,756.24,756.24,-0.0,54.24,41140.78,-1
2025-08-18,2025-08-18 13:49:00,756.24,756.24,756.22,756.22,-0.0,54.24,41140.78,-1
2025-08-18,2025-08-18 13:50:00,756.22,756.22,756.2,756.2,-0.0,54.24,41140.78,-1
2025-08-18,2025-08-18 13:51:00,756.2,756.2,756.17,756.17,-0.0,54.24,41140.78,-1
2025-08-18,2025-08-18 13:52:00,756.17,756.17,756.15,756.15,-0.0,54.24,41140.78,-1
2025-08-18,2025-08-18 13:53:00,756.15,756.15,756.13,756.13,-0.0,54.24,41140.78,-1
2025-08-18,2025-08-18 13:54:00,756.13,756.13,756.11,756.11,-0.0,54.24,41140.78,-1
2025-08-18,2025-08-18 13:55:00,756.11,756.11,756.08,756.08,-0.0,54.24,41140.78,-1
2025-08-18,2025-08-18 13:56:00,756.08,756.08,756.06,756.06,-0.0,54.24,41140.78,-1
2025-08-18,2025-08-18 13:57:00,756.06,756.06,756.04,756.04,-0.0,54.24,41140.78,-1
2025-08-18,2025-08-18 13:58:00,756.04,756.04,756.02,756.02,-0.0,54.24,41140.78,-1
2025-08-18,2025-08-18 13:59:00,756.02,756.02,756.0,756.0,-0.0,54.24,41140.78,-1
2025-08-18,2025-08-18 14:00:00,756.0,756.0,755.97,755.97,-0.0,54.24,41140.78,-1
2025-08-18,2025-08-18 14:01:00,755.97,755.97,755.95,755.95,-0.0,54.24,41140.78,-1
2025-08-18,2025-08-18 14:02:00,755.95,755.95,755.93,755.93,-0.0,54.24,41140.78,-1
2025-08-18,2025-08-18 14:03:00,755.93,755.93,755.91,755.91,-0.0,54.24,41140.78,-1
2025-08-18,2025-08-18 14:04:00,755.91,755.91,755.88,755.88,-0.0,54.24,41140.78,-1
2025-08-18,2025-08-18 14:05:00,755.88,755.88,755.86,755.86,-0.0,54.24,41140.78,-1
2025-08-18,2025-08-18 14:06:00,755.86,755.86,755.84,755.84,-0.0,54.24,41140.78,-1
2025-08-18,2025-08-18 14:07:00,755.84,755.84,755.82,755.82,-0.0,54.24,41140.78,-1
2025-08-18,2025-08-18 14:08:00,755.82,755.82,755.79,755.79,-0.0,54.24,41140.78,-1
2025-08-18,2025-08-18 14:09:00,755.79,755.79,755.77,755.77,-0.0,54.24,41140.78,-1
2025-08-18,2025-08-18 14:10:00,755.77,755.77,755.75,755.75,-0.0,54.24,41140.78,-1
2025-08-18,2025-08-18 14:11:00,755.75,755.75,755.73,755.73,-0.0,54.24,41140.78,-1
2025-08-18,2025-08-18 14:12:00,755.73,755.73,755.71,755.71,-0.0,54.24,41140.78,-1
2025-08-18,2025-08-18 14:13:00,755.71,755.71,755.68,755.68,-0.0,54.24,41140.78,-1
2025-08-18,2025-08-18 14:14:00,755.68,755.68,755.66,755.66,-0.0,54.24,41140.78,-1
2025-08-18,2025-08-18 14:15:00,755.66,755.66,755.64,755.64,-0.0,54.24,41140.78,-1
2025-08-18,2025-08-18 14:16:00,755.64,755.64,755.62,755.62,-0.0,54.24,41140.78,-1
2025-08-18,2025-08-18 14:17:00,755.62,755.62,755.59,755.59,-0.0,54.24,41140.78,-1
2025-08-18,2025-08-18 14:18:00,755.59,755.59,755.57,755.57,-0.0,54.24,41140.78,-1
2025-08-18,2025-08-18 14:19:00,755.57,755.57,755.55,755.55,-0.0,54.24,41140.78,-1
2025-08-18,2025-08-18 14:20:00,755.55,755.55,755.53,755.53,-0.0,54.24,41140.78,-1
2025-08-18,2025-08-18 14:21:00,755.53,755.53,755.51,755.51,-0.0,54.24,41140.78,-1
2025-08-18,2025-08-18 14:22:00,755.51,755.51,755.48,755.48,-0.0,54.24,41140.78,-1
2025-08-18,2025-08-18 14:23:00,755.48,755.48,755.46,755.46,-0.0,54.24,41140.78,-1
2025-08-18,2025-08-18 14:24:00,755.46,755.46,755.44,755.44,-0.0,54.24,41140.78,-1
2025-08-18,2025-08-18 14:25:00,755.44,755.44,755.42,755.42,-0.0,54.24,41140.78,-1
2025-08-18,2025-08-18 14:26:00,755.42,755.42,755.39,755.39,-0.0,54.24,41140.78,-1
2025-08-18,2025-08-18 14:27:00,755.39,755.39,755.37,755.37,-0.0,54.24,41140.78,-1
2025-08-18,2025-08-18 14:28:00,755.37,755.37,755.35,755.35,-0.0,54.24,41140.78,-1
2025-08-18,2025-08-18 14:29:00,755.35,755.35,755.33,755.33,-0.0,54.24,41140.78,-1
2025-08-18,2025-08-18 14:30:00,755.33,755.33,755.31,755.31,-0.0,54.24,41140.78,-1
2025-08-18,2025-08-18 14:31:00,755.31,755.31,755.28,755.28,-0.0,54.24,41140.78,-1
2025-08-18,2025-08-18 14:32:00,755.28,755.28,755.26,755.26,-0.0,54.24,41140.78,-1
2025-08-18,2025-08-18 14:33:00,755.26,755.26,755.24,755.24,-0.0,54.24,41140.78,-1
2025-08-18,2025-08-18 14:34:00,755.24,755.24,755.22,755.22,-0.0,54.24,41140.78,-1
2025-08-18,2025-08-18 14:35:00,755.22,755.22,755.19,755.19,-0.0,54.24,41140.78,-1
2025-08-18,2025-08-18 14:36:00,755.19,755.19,755.17,755.17,-0.0,54.24,41140.78,-1
2025-08-18,2025-08-18 14:37:00,755.17,755.17,755.15,755.15,-0.0,54.24,41140.78,-1
2025-08-18,2025-08-18 14:38:00,755.15,755.15,755.13,755.13,-0.0,54.24,41140.78,-1
2025-08-18,2025-08-18 14:39:00,755.13,755.13,755.11,755.11,-0.0,54.24,41140.78,-1
2025-08-18,2025-08-18 14:40:00,755.11,755.11,755.08,755.08,-0.0,54.24,41140.78,-1
2025-08-18,2025-08-18 14:41:00,755.08,755.08,755.06,755.06,-0.0,54.24,41140.78,-1
2025-08-18,2025-08-18 14:42:00,755.06,755.06,755.04,755.04,-0.0,54.24,41140.78,-1
2025-08-18,2025-08-18 14:43:00,755.04,755.04,755.02,755.02,-0.0,54.24,41140.78,-1
2025-08-18,2025-08-18 14:44:00,755.02,755.02,754.99,754.99,-0.0,54.24,41140.78,-1
2025-08-18,2025-08-18 14:45:00,754.99,754.99,754.97,754.97,-0.0,54.24,41140.78,-1
2025-08-18,2025-08-18 14:46:00,754.97,754.97,754.95,754.95,-0.0,54.24,41140.78,-1
2025-08-18,2025-08-18 14:47:00,754.95,754.95,754.93,754.93,-0.0,54.24,41140.78,-1
2025-08-18,2025-08-18 14:48:00,754.93,754.93,754.9,754.9,-0.0,54.24,41140.78,-1
2025-08-18,2025-08-18 14:49:00,754.9,754.9,754.88,754.88,-0.0,54.24,41140.78,-1
2025-08-18,2025-08-18 14:50:00,754.88,754.88,754.86,754.86,-0.0,54.24,41140.78,-1
2025-08-18,2025-08-18 14:51:00,754.86,754.86,754.84,754.84,-0.0,54.24,41140.78,-1
2025-08-18,2025-08-18 14:52:00,754.84,754.84,754.82,754.82,-0.0,54.24,41140.78,-1
2025-08-18,2025-08-18 14:53:00,754.82,754.82,754.79,754.79,-0.0,54.24,41140.78,-1
2025-08-18,2025-08-18 14:54:00,754.79,754.79,754.77,754.77,-0.0,54.24,41140.78,-1
2025-08-18,2025-08-18 14:55:00,754.77,754.77,754.75,754.75,-0.0,54.24,41140.78,-1
2025-08-18,2025-08-18 14:56:00,754.75,754.75,754.73,754.73,-0.0,54.24,41140.78,-1
2025-08-18,2025-08-18 14:57:00,754.73,754.73,754.7,754.7,-0.0,54.24,41140.78,-1
2025-08-18,2025-08-18 14:58:00,754.7,754.7,754.68,754.68,-0.0,54.24,41140.78,-1
2025-08-18,2025-08-18 14:59:00,754.68,754.68,754.66,754.66,-0.0,54.24,41140.78,-1
2025-08-18,2025-08-18 15:00:00,754.66,765.0,751.3,754.66,0.0,54.24,41140.78,0
2025-08-19,2025-08-19 11:00:00,769.0,770.77,760.63,768.89,-0.01,11.67,8732.05,-1
2025-08-19,2025-08-19 11:01:00,768.89,768.89,768.78,768.78,-0.01,11.67,8732.05,-1
2025-08-19,2025-08-19 11:02:00,768.78,768.78,768.67,768.67,-0.01,11.67,8732.05,-1
2025-08-19,2025-08-19 11:03:00,768.67,768.67,768.56,768.56,-0.01,11.67,8732.05,-1
2025-08-19,2025-08-19 11:04:00,768.56,768.56,768.45,768.45,-0.01,11.67,8732.05,-1
2025-08-19,2025-08-19 11:05:00,768.45,768.45,768.34,768.34,-0.01,11.67,8732.05,-1
2025-08-19,2025-08-19 11:06:00,768.34,768.34,768.23,768.23,-0.01,11.67,8732.05,-1
2025-08-19,2025-08-19 11:07:00,768.23,768.23,768.12,768.12,-0.01,11.67,8732.05,-1
2025-08-19,2025-08-19 11:08:00,768.12,768.12,768.01,768.01,-0.01,11.67,8732.05,-1
2025-08-19,2025-08-19 11:09:00,768.01,768.01,767.9,767.9,-0.01,11.67,8732.05,-1
2025-08-19,2025-08-19 11:10:00,767.9,767.9,767.79,767.79,-0.01,11.67,8732.05,-1
2025-08-19,2025-08-19 11:11:00,767.79,767.79,767.68,767.68,-0.01,11.67,8732.05,-1
2025-08-19,2025-08-19 11:12:00,767.68,767.68,767.58,767.58,-0.01,11.67,8732.05,-1
2025-08-19,2025-08-19 11:13:00,767.58,767.58,767.47,767.47,-0.01,11.67,8732.05,-1
2025-08-19,2025-08-19 11:14:00,767.47,767.47,767.36,767.36,-0.01,11.67,8732.05,-1
2025-08-19,2025-08-19 11:15:00,767.36,767.36,767.25,767.25,-0.01,11.67,8732.05,-1
2025-08-19,2025-08-19 11:16:00,767.25,767.25,767.14,767.14,-0.01,11.67,8732.05,-1
2025-08-19,2025-08-19 11:17:00,767.14,767.14,767.03,767.03,-0.01,11.67,8732.05,-1
2025-08-19,2025-08-19 11:18:00,767.03,767.03,766.92,766.92,-0.01,11.67,8732.05,-1
2025-08-19,2025-08-19 11:19:00,766.92,766.92,766.81,766.81,-0.01,11.67,8732.05,-1
2025-08-19,2025-08-19 11:20:00,766.81,766.81,766.7,766.7,-0.01,11.67,8732.05,-1
2025-08-19,2025-08-19 11:21:00,766.7,766.7,766.59,766.59,-0.01,11.67,8732.05,-1
2025-08-19,2025-08-19 11:22:00,766.59,766.59,766.48,766.48,-0.01,11.67,8732.05,-1
2025-08-19,2025-08-19 11:23:00,766.48,766.48,766.37,766.37,-0.01,11.67,8732.05,-1
2025-08-19,2025-08-19 11:24:00,766.37,766.37,766.26,766.26,-0.01,11.67,8732.05,-1
2025-08-19,2025-08-19 11:25:00,766.26,766.26,766.15,766.15,-0.01,11.67,8732.05,-1
2025-08-19,2025-08-19 11:26:00,766.15,766.15,766.04,766.04,-0.01,11.67,8732.05,-1
2025-08-19,2025-08-19 11:27:00,766.04,766.04,765.93,765.93,-0.01,11.67,8732.05,-1
2025-08-19,2025-08-19 11:28:00,765.93,765.93,765.82,765.82,-0.01,11.67,8732.05,-1
2025-08-19,2025-08-19 11:29:00,765.82,765.82,765.71,765.71,-0.01,11.67,8732.05,-1
2025-08-19,2025-08-19 11:30:00,765.71,765.71,765.6,765.6,-0.01,11.67,8732.05,-1
2025-08-19,2025-08-19 11:31:00,765.6,765.6,765.49,765.49,-0.01,11.67,8732.05,-1
2025-08-19,2025-08-19 11:32:00,765.49,765.49,765.38,765.38,-0.01,11.67,8732.05,-1
2025-08-19,2025-08-19 11:33:00,765.38,765.38,765.27,765.27,-0.01,11.67,8732.05,-1
2025-08-19,2025-08-19 11:34:00,765.27,765.27,765.16,765.16,-0.01,11.67,8732.05,-1
2025-08-19,2025-08-19 11:35:00,765.16,765.16,765.06,765.06,-0.01,11.67,8732.05,-1
2025-08-19,2025-08-19 11:36:00,765.06,765.06,764.95,764.95,-0.01,11.67,8732.05,-1
2025-08-19,2025-08-19 11:37:00,764.95,764.95,764.84,764.84,-0.01,11.67,8732.05,-1
2025-08-19,2025-08-19 11:38:00,764.84,764.84,764.73,764.73,-0.01,11.67,8732.05,-1
2025-08-19,2025-08-19 11:39:00,764.73,764.73,764.62,764.62,-0.01,11.67,8732.05,-1
2025-08-19,2025-08-19 11:40:00,764.62,764.62,764.51,764.51,-0.01,11.67,8732.05,-1
2025-08-19,2025-08-19 11:41:00,764.51,764.51,764.4,764.4,-0.01,11.67,8732.05,-1
2025-08-19,2025-08-19 11:42:00,764.4,764.4,764.29,764.29,-0.01,11.67,8732.05,-1
2025-08-19,2025-08-19 11:43:00,764.29,764.29,764.18,764.18,-0.01,11.67,8732.05,-1
2025-08-19,2025-08-19 11:44:00,764.18,764.18,764.07,764.07,-0.01,11.67,8732.05,-1
2025-08-19,2025-08-19 11:45:00,764.07,764.07,763.96,763.96,-0.01,11.67,8732.05,-1
2025-08-19,2025-08-19 11:46:00,763.96,763.96,763.85,763.85,-0.01,11.67,8732.05,-1
2025-08-19,2025-08-19 11:47:00,763.85,763.85,763.74,763.74,-0.01,11.67,8732.05,-1
2025-08-19,2025-08-19 11:48:00,763.74,763.74,763.63,763.63,-0.01,11.67,8732.05,-1
2025-08-19,2025-08-19 11:49:00,763.63,763.63,763.52,763.52,-0.01,11.67,8732.05,-1
2025-08-19,2025-08-19 11:50:00,763.52,763.52,763.41,763.41,-0.01,11.67,8732.05,-1
2025-08-19,2025-08-19 11:51:00,763.41,763.41,763.3,763.3,-0.01,11.67,8732.05,-1
2025-08-19,2025-08-19 11:52:00,763.3,763.3,763.19,763.19,-0.01,11.67,8732.05,-1
2025-08-19,2025-08-19 11:53:00,763.19,763.19,763.08,763.08,-0.01,11.67,8732.05,-1
2025-08-19,2025-08-19 11:54:00,763.08,763.08,762.97,762.97,-0.01,11.67,8732.05,-1
2025-08-19,2025-08-19 11:55:00,762.97,762.97,762.86,762.86,-0.01,11.67,8732.05,-1
2025-08-19,2025-08-19 11:56:00,762.86,762.86,762.75,762.75,-0.01,11.67,8732.05,-1
2025-08-19,2025-08-19 11:57:00,762.75,762.75,762.64,762.64,-0.01,11.67,8732.05,-1
2025-08-19,2025-08-19 11:58:00,762.64,762.64,762.53,762.53,-0.01,11.67,8732.05,-1
2025-08-19,2025-08-19 11:59:00,762.53,762.53,762.42,762.42,-0.01,11.67,8732.05,-1
2025-08-19,2025-08-19 12:00:00,762.42,762.42,762.32,762.32,-0.01,11.67,8732.05,-1
2025-08-19,2025-08-19 12:01:00,762.32,762.32,762.21,762.21,-0.01,11.67,8732.05,-1
2025-08-19,2025-08-19 12:02:00,762.21,762.21,762.1,762.1,-0.01,11.67,8732.05,-1
2025-08-19,2025-08-19 12:03:00,762.1,762.1,761.99,761.99,-0.01,11.67,8732.05,-1
2025-08-19,2025-08-19 12:04:00,761.99,761.99,761.88,761.88,-0.01,11.67,8732.05,-1
2025-08-19,2025-08-19 12:05:00,761.88,761.88,761.77,761.77,-0.01,11.67,8732.05,-1
2025-08-19,2025-08-19 12:06:00,761.77,761.77,761.66,761.66,-0.01,11.67,8732.05,-1
2025-08-19,2025-08-19 12:07:00,761.66,761.66,761.55,761.55,-0.01,11.67,8732.05,-1
2025-08-19,2025-08-19 12:08:00,761.55,761.55,761.44,761.44,-0.01,11.67,8732.05,-1
2025-08-19,2025-08-19 12:09:00,761.44,761.44,761.33,761.33,-0.01,11.67,8732.05,-1
2025-08-19,2025-08-19 12:10:00,761.33,761.33,761.22,761.22,-0.01,11.67,8732.05,-1
2025-08-19,2025-08-19 12:11:00,761.22,761.22,761.11,761.11,-0.01,11.67,8732.05,-1
2025-08-19,2025-08-19 12:12:00,761.11,761.11,761.0,761.0,-0.01,11.67,8732.05,-1
2025-08-19,2025-08-19 12:13:00,761.0,761.0,760.89,760.89,-0.01,11.67,8732.05,-1
2025-08-19,2025-08-19 12:14:00,760.89,760.89,760.78,760.78,-0.01,11.67,8732.05,-1
2025-08-19,2025-08-19 12:15:00,760.78,760.78,760.67,760.67,-0.01,11.67,8732.05,-1
2025-08-19,2025-08-19 12:16:00,760.67,760.67,760.56,760.56,-0.01,11.67,8732.05,-1
2025-08-19,2025-08-19 12:17:00,760.56,760.56,760.45,760.45,-0.01,11.67,8732.05,-1
2025-08-19,2025-08-19 12:18:00,760.45,760.45,760.34,760.34,-0.01,11.67,8732.05,-1
2025-08-19,2025-08-19 12:19:00,760.34,760.34,760.23,760.23,-0.01,11.67,8732.05,-1
2025-08-19,2025-08-19 12:20:00,760.23,760.23,760.12,760.12,-0.01,11.67,8732.05,-1
2025-08-19,2025-08-19 12:21:00,760.12,760.12,760.01,760.01,-0.01,11.67,8732.05,-1
2025-08-19,2025-08-19 12:22:00,760.01,760.01,759.9,759.9,-0.01,11.67,8732.05,-1
2025-08-19,2025-08-19 12:23:00,759.9,759.9,759.8,759.8,-0.01,11.67,8732.05,-1
2025-08-19,2025-08-19 12:24:00,759.8,759.8,759.69,759.69,-0.01,11.67,8732.05,-1
2025-08-19,2025-08-19 12:25:00,759.69,759.69,759.58,759.58,-0.01,11.67,8732.05,-1
2025-08-19,2025-08-19 12:26:00,759.58,759.58,759.47,759.47,-0.01,11.67,8732.05,-1
2025-08-19,2025-08-19 12:27:00,759.47,759.47,759.36,759.36,-0.01,11.67,8732.05,-1
2025-08-19,2025-08-19 12:28:00,759.36,759.36,759.25,759.25,-0.01,11.67,8732.05,-1
2025-08-19,2025-08-19 12:29:00,759.25,759.25,759.14,759.14,-0.01,11.67,8732.05,-1
2025-08-19,2025-08-19 12:30:00,759.14,759.14,759.03,759.03,-0.01,11.67,8732.05,-1
2025-08-19,2025-08-19 12:31:00,759.03,759.03,758.92,758.92,-0.01,11.67,8732.05,-1
2025-08-19,2025-08-19 12:32:00,758.92,758.92,758.81,758.81,-0.01,11.67,8732.05,-1
2025-08-19,2025-08-19 12:33:00,758.81,758.81,758.7,758.7,-0.01,11.67,8732.05,-1
2025-08-19,2025-08-19 12:34:00,758.7,758.7,758.59,758.59,-0.01,11.67,8732.05,-1
2025-08-19,2025-08-19 12:35:00,758.59,758.59,758.48,758.48,-0.01,11.67,8732.05,-1
2025-08-19,2025-08-19 12:36:00,758.48,758.48,758.37,758.37,-0.01,11.67,8732.05,-1
2025-08-19,2025-08-19 12:37:00,758.37,758.37,758.26,758.26,-0.01,11.67,8732.05,-1
2025-08-19,2025-08-19 12:38:00,758.26,758.26,758.15,758.15,-0.01,11.67,8732.05,-1
2025-08-19,2025-08-19 12:39:00,758.15,758.15,758.04,758.04,-0.01,11.67,8732.05,-1
2025-08-19,2025-08-19 12:40:00,758.04,758.04,757.93,757.93,-0.01,11.67,8732.05,-1
2025-08-19,2025-08-19 12:41:00,757.93,757.93,757.82,757.82,-0.01,11.67,8732.05,-1
2025-08-19,2025-08-19 12:42:00,757.82,757.82,757.71,757.71,-0.01,11.67,8732.05,-1
2025-08-19,2025-08-19 12:43:00,757.71,757.71,757.6,757.6,-0.01,11.67,8732.05,-1
2025-08-19,2025-08-19 12:44:00,757.6,757.6,757.49,757.49,-0.01,11.67,8732.05,-1
2025-08-19,2025-08-19 12:45:00,757.49,757.49,757.38,757.38,-0.01,11.67,8732.05,-1
2025-08-19,2025-08-19 12:46:00,757.38,757.38,757.27,757.27,-0.01,11.67,8732.05,-1
2025-08-19,2025-08-19 12:47:00,757.27,757.27,757.16,757.16,-0.01,11.67,8732.05,-1
2025-08-19,2025-08-19 12:48:00,757.16,757.16,757.06,757.06,-0.01,11.67,8732.05,-1
2025-08-19,2025-08-19 12:49:00,757.06,757.06,756.95,756.95,-0.01,11.67,8732.05,-1
2025-08-19,2025-08-19 12:50:00,756.95,756.95,756.84,756.84,-0.01,11.67,8732.05,-1
2025-08-19,2025-08-19 12:51:00,756.84,756.84,756.73,756.73,-0.01,11.67,8732.05,-1
2025-08-19,2025-08-19 12:52:00,756.73,756.73,756.62,756.62,-0.01,11.67,8732.05,-1
2025-08-19,2025-08-19 12:53:00,756.62,756.62,756.51,756.51,-0.01,11.67,8732.05,-1
2025-08-19,2025-08-19 12:54:00,756.51,756.51,756.4,756.4,-0.01,11.67,8732.05,-1
2025-08-19,2025-08-19 12:55:00,756.4,756.4,756.29,756.29,-0.01,11.67,8732.05,-1
2025-08-19,2025-08-19 12:56:00,756.29,756.29,756.18,756.18,-0.01,11.67,8732.05,-1
2025-08-19,2025-08-19 12:57:00,756.18,756.18,756.07,756.07,-0.01,11.67,8732.05,-1
2025-08-19,2025-08-19 12:58:00,756.07,756.07,755.96,755.96,-0.01,11.67,8732.05,-1
2025-08-19,2025-08-19 12:59:00,755.96,755.96,755.85,755.85,-0.01,11.67,8732.05,-1
2025-08-19,2025-08-19 13:00:00,755.85,774.9,741.1,755.74,-0.01,11.67,8732.05,-1
2025-08-19,2025-08-19 13:01:00,755.74,755.74,755.63,755.63,-0.01,11.67,8732.05,-1
2025-08-19,2025-08-19 13:02:00,755.63,755.63,755.52,755.52,-0.01,11.67,8732.05,-1
2025-08-19,2025-08-19 13:03:00,755.52,755.52,755.41,755.41,-0.01,11.67,8732.05,-1
2025-08-19,2025-08-19 13:04:00,755.41,755.41,755.3,755.3,-0.01,11.67,8732.05,-1
2025-08-19,2025-08-19 13:05:00,755.3,755.3,755.19,755.19,-0.01,11.67,8732.05,-1
2025-08-19,2025-08-19 13:06:00,755.19,755.19,755.08,755.08,-0.01,11.67,8732.05,-1
2025-08-19,2025-08-19 13:07:00,755.08,755.08,754.97,754.97,-0.01,11.67,8732.05,-1
2025-08-19,2025-08-19 13:08:00,754.97,754.97,754.86,754.86,-0.01,11.67,8732.05,-1
2025-08-19,2025-08-19 13:09:00,754.86,754.86,754.75,754.75,-0.01,11.67,8732.05,-1
2025-08-19,2025-08-19 13:10:00,754.75,754.75,754.64,754.64,-0.01,11.67,8732.05,-1
2025-08-19,2025-08-19 13:11:00,754.64,754.64,754.53,754.53,-0.01,11.67,8732.05,-1
2025-08-19,2025-08-19 13:12:00,754.53,754.53,754.43,754.43,-0.01,11.67,8732.05,-1
2025-08-19,2025-08-19 13:13:00,754.43,754.43,754.32,754.32,-0.01,11.67,8732.05,-1
2025-08-19,2025-08-19 13:14:00,754.32,754.32,754.21,754.21,-0.01,11.67,8732.05,-1
2025-08-19,2025-08-19 13:15:00,754.21,754.21,754.1,754.1,-0.01,11.67,8732.05,-1
2025-08-19,2025-08-19 13:16:00,754.1,754.1,753.99,753.99,-0.01,11.67,8732.05,-1
2025-08-19,2025-08-19 13:17:00,753.99,753.99,753.88,753.88,-0.01,11.67,8732.05,-1
2025-08-19,2025-08-19 13:18:00,753.88,753.88,753.77,753.77,-0.01,11.67,8732.05,-1
2025-08-19,2025-08-19 13:19:00,753.77,753.77,753.66,753.66,-0.01,11.67,8732.05,-1
2025-08-19,2025-08-19 13:20:00,753.66,753.66,753.55,753.55,-0.01,11.67,8732.05,-1
2025-08-19,2025-08-19 13:21:00,753.55,753.55,753.44,753.44,-0.01,11.67,8732.05,-1
2025-08-19,2025-08-19 13:22:00,753.44,753.44,753.33,753.33,-0.01,11.67,8732.05,-1
2025-08-19,2025-08-19 13:23:00,753.33,753.33,753.22,753.22,-0.01,11.67,8732.05,-1
2025-08-19,2025-08-19 13:24:00,753.22,753.22,753.11,753.11,-0.01,11.67,8732.05,-1
2025-08-19,2025-08-19 13:25:00,753.11,753.11,753.0,753.0,-0.01,11.67,8732.05,-1
2025-08-19,2025-08-19 13:26:00,753.0,753.0,752.89,752.89,-0.01,11.67,8732.05,-1
2025-08-19,2025-08-19 13:27:00,752.89,752.89,752.78,752.78,-0.01,11.67,8732.05,-1
2025-08-19,2025-08-19 13:28:00,752.78,752.78,752.67,752.67,-0.01,11.67,8732.05,-1
2025-08-19,2025-08-19 13:29:00,752.67,752.67,752.56,752.56,-0.01,11.67,8732.05,-1
2025-08-19,2025-08-19 13:30:00,752.56,752.56,752.45,752.45,-0.01,11.67,8732.05,-1
2025-08-19,2025-08-19 13:31:00,752.45,752.45,752.34,752.34,-0.01,11.67,8732.05,-1
2025-08-19,2025-08-19 13:32:00,752.34,752.34,752.23,752.23,-0.01,11.67,8732.05,-1
2025-08-19,2025-08-19 13:33:00,752.23,752.23,752.12,752.12,-0.01,11.67,8732.05,-1
2025-08-19,2025-08-19 13:34:00,752.12,752.12,752.01,752.01,-0.01,11.67,8732.05,-1
2025-08-19,2025-08-19 13:35:00,752.01,752.01,751.9,751.9,-0.01,11.67,8732.05,-1
2025-08-19,2025-08-19 13:36:00,751.9,751.9,751.8,751.8,-0.01,11.67,8732.05,-1
2025-08-19,2025-08-19 13:37:00,751.8,751.8,751.69,751.69,-0.01,11.67,8732.05,-1
2025-08-19,2025-08-19 13:38:00,751.69,751.69,751.58,751.58,-0.01,11.67,8732.05,-1
2025-08-19,2025-08-19 13:39:00,751.58,751.58,751.47,751.47,-0.01,11.67,8732.05,-1
2025-08-19,2025-08-19 13:40:00,751.47,751.47,751.36,751.36,-0.01,11.67,8732.05,-1
2025-08-19,2025-08-19 13:41:00,751.36,751.36,751.25,751.25,-0.01,11.67,8732.05,-1
2025-08-19,2025-08-19 13:42:00,751.25,751.25,751.14,751.14,-0.01,11.67,8732.05,-1
2025-08-19,2025-08-19 13:43:00,751.14,751.14,751.03,751.03,-0.01,11.67,8732.05,-1
2025-08-19,2025-08-19 13:44:00,751.03,751.03,750.92,750.92,-0.01,11.67,8732.05,-1
2025-08-19,2025-08-19 13:45:00,750.92,750.92,750.81,750.81,-0.01,11.67,8732.05,-1
2025-08-19,2025-08-19 13:46:00,750.81,750.81,750.7,750.7,-0.01,11.67,8732.05,-1
2025-08-19,2025-08-19 13:47:00,750.7,750.7,750.59,750.59,-0.01,11.67,8732.05,-1
2025-08-19,2025-08-19 13:48:00,750.59,750.59,750.48,750.48,-0.01,11.67,8732.05,-1
2025-08-19,2025-08-19 13:49:00,750.48,750.48,750.37,750.37,-0.01,11.67,8732.05,-1
2025-08-19,2025-08-19 13:50:00,750.37,750.37,750.26,750.26,-0.01,11.67,8732.05,-1
2025-08-19,2025-08-19 13:51:00,750.26,750.26,750.15,750.15,-0.01,11.67,8732.05,-1
2025-08-19,2025-08-19 13:52:00,750.15,750.15,750.04,750.04,-0.01,11.67,8732.05,-1
2025-08-19,2025-08-19 13:53:00,750.04,750.04,749.93,749.93,-0.01,11.67,8732.05,-1
2025-08-19,2025-08-19 13:54:00,749.93,749.93,749.82,749.82,-0.01,11.67,8732.05,-1
2025-08-19,2025-08-19 13:55:00,749.82,749.82,749.71,749.71,-0.01,11.67,8732.05,-1
2025-08-19,2025-08-19 13:56:00,749.71,749.71,749.6,749.6,-0.01,11.67,8732.05,-1
2025-08-19,2025-08-19 13:57:00,749.6,749.6,749.49,749.49,-0.01,11.67,8732.05,-1
2025-08-19,2025-08-19 13:58:00,749.49,749.49,749.38,749.38,-0.01,11.67,8732.05,-1
2025-08-19,2025-08-19 13:59:00,749.38,749.38,749.28,749.28,-0.01,11.67,8732.05,-1
2025-08-19,2025-08-19 14:00:00,749.28,749.28,749.17,749.17,-0.01,11.67,8732.05,-1
2025-08-19,2025-08-19 14:01:00,749.17,749.17,749.06,749.06,-0.01,11.67,8732.05,-1
2025-08-19,2025-08-19 14:02:00,749.06,749.06,748.95,748.95,-0.01,11.67,8732.05,-1
2025-08-19,2025-08-19 14:03:00,748.95,748.95,748.84,748.84,-0.01,11.67,8732.05,-1
2025-08-19,2025-08-19 14:04:00,748.84,748.84,748.73,748.73,-0.01,11.67,8732.05,-1
2025-08-19,2025-08-19 14:05:00,748.73,748.73,748.62,748.62,-0.01,11.67,8732.05,-1
2025-08-19,2025-08-19 14:06:00,748.62,748.62,748.51,748.51,-0.01,11.67,8732.05,-1
2025-08-19,2025-08-19 14:07:00,748.51,748.51,748.4,748.4,-0.01,11.67,8732.05,-1
2025-08-19,2025-08-19 14:08:00,748.4,748.4,748.29,748.29,-0.01,11.67,8732.05,-1
2025-08-19,2025-08-19 14:09:00,748.29,748.29,748.18,748.18,-0.01,11.67,8732.05,-1
2025-08-19,2025-08-19 14:10:00,748.18,748.18,748.07,748.07,-0.01,11.67,8732.05,-1
2025-08-19,2025-08-19 14:11:00,748.07,748.07,747.96,747.96,-0.01,11.67,8732.05,-1
2025-08-19,2025-08-19 14:12:00,747.96,747.96,747.85,747.85,-0.01,11.67,8732.05,-1
2025-08-19,2025-08-19 14:13:00,747.85,747.85,747.74,747.74,-0.01,11.67,8732.05,-1
2025-08-19,2025-08-19 14:14:00,747.74,747.74,747.63,747.63,-0.01,11.67,8732.05,-1
2025-08-19,2025-08-19 14:15:00,747.63,747.63,747.52,747.52,-0.01,11.67,8732.05,-1
2025-08-19,2025-08-19 14:16:00,747.52,747.52,747.41,747.41,-0.01,11.67,8732.05,-1
2025-08-19,2025-08-19 14:17:00,747.41,747.41,747.3,747.3,-0.01,11.67,8732.05,-1
2025-08-19,2025-08-19 14:18:00,747.3,747.3,747.19,747.19,-0.01,11.67,8732.05,-1
2025-08-19,2025-08-19 14:19:00,747.19,747.19,747.08,747.08,-0.01,11.67,8732.05,-1
2025-08-19,2025-08-19 14:20:00,747.08,747.08,746.97,746.97,-0.01,11.67,8732.05,-1
2025-08-19,2025-08-19 14:21:00,746.97,746.97,746.86,746.86,-0.01,11.67,8732.05,-1
2025-08-19,2025-08-19 14:22:00,746.86,746.86,746.75,746.75,-0.01,11.67,8732.05,-1
2025-08-19,2025-08-19 14:23:00,746.75,746.75,746.64,746.64,-0.01,11.67,8732.05,-1
2025-08-19,2025-08-19 14:24:00,746.64,746.64,746.54,746.54,-0.01,11.67,8732.05,-1
2025-08-19,2025-08-19 14:25:00,746.54,746.54,746.43,746.43,-0.01,11.67,8732.05,-1
2025-08-19,2025-08-19 14:26:00,746.43,746.43,746.32,746.32,-0.01,11.67,8732.05,-1
2025-08-19,2025-08-19 14:27:00,746.32,746.32,746.21,746.21,-0.01,11.67,8732.05,-1
2025-08-19,2025-08-19 14:28:00,746.21,746.21,746.1,746.1,-0.01,11.67,8732.05,-1
2025-08-19,2025-08-19 14:29:00,746.1,746.1,745.99,745.99,-0.01,11.67,8732.05,-1
2025-08-19,2025-08-19 14:30:00,745.99,745.99,745.88,745.88,-0.01,11.67,8732.05,-1
2025-08-19,2025-08-19 14:31:00,745.88,745.88,745.77,745.77,-0.01,11.67,8732.05,-1
2025-08-19,2025-08-19 14:32:00,745.77,745.77,745.66,745.66,-0.01,11.67,8732.05,-1
2025-08-19,2025-08-19 14:33:00,745.66,745.66,745.55,745.55,-0.01,11.67,8732.05,-1
2025-08-19,2025-08-19 14:34:00,745.55,745.55,745.44,745.44,-0.01,11.67,8732.05,-1
2025-08-19,2025-08-19 14:35:00,745.44,745.44,745.33,745.33,-0.01,11.67,8732.05,-1
2025-08-19,2025-08-19 14:36:00,745.33,745.33,745.22,745.22,-0.01,11.67,8732.05,-1
2025-08-19,2025-08-19 14:37:00,745.22,745.22,745.11,745.11,-0.01,11.67,8732.05,-1
2025-08-19,2025-08-19 14:38:00,745.11,745.11,745.0,745.0,-0.01,11.67,8732.05,-1
2025-08-19,2025-08-19 14:39:00,745.0,745.0,744.89,744.89,-0.01,11.67,8732.05,-1
2025-08-19,2025-08-19 14:40:00,744.89,744.89,744.78,744.78,-0.01,11.67,8732.05,-1
2025-08-19,2025-08-19 14:41:00,744.78,744.78,744.67,744.67,-0.01,11.67,8732.05,-1
2025-08-19,2025-08-19 14:42:00,744.67,744.67,744.56,744.56,-0.01,11.67,8732.05,-1
2025-08-19,2025-08-19 14:43:00,744.56,744.56,744.45,744.45,-0.01,11.67,8732.05,-1
2025-08-19,2025-08-19 14:44:00,744.45,744.45,744.34,744.34,-0.01,11.67,8732.05,-1
2025-08-19,2025-08-19 14:45:00,744.34,744.34,744.23,744.23,-0.01,11.67,8732.05,-1
2025-08-19,2025-08-19 14:46:00,744.23,744.23,744.12,744.12,-0.01,11.67,8732.05,-1
2025-08-19,2025-08-19 14:47:00,744.12,744.12,744.02,744.02,-0.01,11.67,8732.05,-1
2025-08-19,2025-08-19 14:48:00,744.02,744.02,743.91,743.91,-0.01,11.67,8732.05,-1
2025-08-19,2025-08-19 14:49:00,743.91,743.91,743.8,743.8,-0.01,11.67,8732.05,-1
2025-08-19,2025-08-19 14:50:00,743.8,743.8,743.69,743.69,-0.01,11.67,8732.05,-1
2025-08-19,2025-08-19 14:51:00,743.69,743.69,743.58,743.58,-0.01,11.67,8732.05,-1
2025-08-19,2025-08-19 14:52:00,743.58,743.58,743.47,743.47,-0.01,11.67,8732.05,-1
2025-08-19,2025-08-19 14:53:00,743.47,743.47,743.36,743.36,-0.01,11.67,8732.05,-1
2025-08-19,2025-08-19 14:54:00,743.36,743.36,743.25,743.25,-0.01,11.67,8732.05,-1
2025-08-19,2025-08-19 14:55:00,743.25,743.25,743.14,743.14,-0.01,11.67,8732.05,-1
2025-08-19,2025-08-19 14:56:00,743.14,743.14,743.03,743.03,-0.01,11.67,8732.05,-1
2025-08-19,2025-08-19 14:57:00,743.03,743.03,742.92,742.92,-0.01,11.67,8732.05,-1
2025-08-19,2025-08-19 14:58:00,742.92,742.92,742.81,742.81,-0.01,11.67,8732.05,-1
2025-08-19,2025-08-19 14:59:00,742.81,742.81,742.7,742.7,-0.01,11.67,8732.05,-1
2025-08-19,2025-08-19 15:00:00,742.7,774.9,741.1,742.7,0.0,11.67,8732.05,0
2025-08-20,2025-08-20 11:00:00,730.0,734.47,730.0,730.03,0.0,22.51,16618.74,1
2025-08-20,2025-08-20 11:01:00,730.03,730.07,730.03,730.07,0.01,22.51,16618.74,1
2025-08-20,2025-08-20 11:02:00,730.07,730.1,730.07,730.1,0.0,22.51,16618.74,1
2025-08-20,2025-08-20 11:03:00,730.1,730.13,730.1,730.13,0.0,22.51,16618.74,1
2025-08-20,2025-08-20 11:04:00,730.13,730.17,730.13,730.17,0.01,22.51,16618.74,1
2025-08-20,2025-08-20 11:05:00,730.17,730.2,730.17,730.2,0.0,22.51,16618.74,1
2025-08-20,2025-08-20 11:06:00,730.2,730.23,730.2,730.23,0.0,22.51,16618.74,1
2025-08-20,2025-08-20 11:07:00,730.23,730.27,730.23,730.27,0.01,22.51,16618.74,1
2025-08-20,2025-08-20 11:08:00,730.27,730.3,730.27,730.3,0.0,22.51,16618.74,1
2025-08-20,2025-08-20 11:09:00,730.3,730.33,730.3,730.33,0.0,22.51,16618.74,1
2025-08-20,2025-08-20 11:10:00,730.33,730.37,730.33,730.37,0.01,22.51,16618.74,1
2025-08-20,2025-08-20 11:11:00,730.37,730.4,730.37,730.4,0.0,22.51,16618.74,1
2025-08-20,2025-08-20 11:12:00,730.4,730.43,730.4,730.43,0.0,22.51,16618.74,1
2025-08-20,2025-08-20 11:13:00,730.43,730.47,730.43,730.47,0.01,22.51,16618.74,1
2025-08-20,2025-08-20 11:14:00,730.47,730.5,730.47,730.5,0.0,22.51,16618.74,1
2025-08-20,2025-08-20 11:15:00,730.5,730.54,730.5,730.54,0.01,22.51,16618.74,1
2025-08-20,2025-08-20 11:16:00,730.54,730.57,730.54,730.57,0.0,22.51,16618.74,1
2025-08-20,2025-08-20 11:17:00,730.57,730.6,730.57,730.6,0.0,22.51,16618.74,1
2025-08-20,2025-08-20 11:18:00,730.6,730.64,730.6,730.64,0.01,22.51,16618.74,1
2025-08-20,2025-08-20 11:19:00,730.64,730.67,730.64,730.67,0.0,22.51,16618.74,1
2025-08-20,2025-08-20 11:20:00,730.67,730.7,730.67,730.7,0.0,22.51,16618.74,1
2025-08-20,2025-08-20 11:21:00,730.7,730.74,730.7,730.74,0.01,22.51,16618.74,1
2025-08-20,2025-08-20 11:22:00,730.74,730.77,730.74,730.77,0.0,22.51,16618.74,1
2025-08-20,2025-08-20 11:23:00,730.77,730.8,730.77,730.8,0.0,22.51,16618.74,1
2025-08-20,2025-08-20 11:24:00,730.8,730.84,730.8,730.84,0.01,22.51,16618.74,1
2025-08-20,2025-08-20 11:25:00,730.84,730.87,730.84,730.87,0.0,22.51,16618.74,1
2025-08-20,2025-08-20 11:26:00,730.87,730.9,730.87,730.9,0.0,22.51,16618.74,1
2025-08-20,2025-08-20 11:27:00,730.9,730.94,730.9,730.94,0.01,22.51,16618.74,1
2025-08-20,2025-08-20 11:28:00,730.94,730.97,730.94,730.97,0.0,22.51,16618.74,1
2025-08-20,2025-08-20 11:29:00,730.97,731.0,730.97,731.0,0.0,22.51,16618.74,1
2025-08-20,2025-08-20 11:30:00,731.0,731.04,731.0,731.04,0.01,22.51,16618.74,1
2025-08-20,2025-08-20 11:31:00,731.04,731.07,731.04,731.07,0.0,22.51,16618.74,1
2025-08-20,2025-08-20 11:32:00,731.07,731.1,731.07,731.1,0.0,22.51,16618.74,1
2025-08-20,2025-08-20 11:33:00,731.1,731.14,731.1,731.14,0.01,22.51,16618.74,1
2025-08-20,2025-08-20 11:34:00,731.14,731.17,731.14,731.17,0.0,22.51,16618.74,1
2025-08-20,2025-08-20 11:35:00,731.17,731.2,731.17,731.2,0.0,22.51,16618.74,1
2025-08-20,2025-08-20 11:36:00,731.2,731.24,731.2,731.24,0.01,22.51,16618.74,1
2025-08-20,2025-08-20 11:37:00,731.24,731.27,731.24,731.27,0.0,22.51,16618.74,1
2025-08-20,2025-08-20 11:38:00,731.27,731.3,731.27,731.3,0.0,22.51,16618.74,1
2025-08-20,2025-08-20 11:39:00,731.3,731.34,731.3,731.34,0.01,22.51,16618.74,1
2025-08-20,2025-08-20 11:40:00,731.34,731.37,731.34,731.37,0.0,22.51,16618.74,1
2025-08-20,2025-08-20 11:41:00,731.37,731.41,731.37,731.41,0.01,22.51,16618.74,1
2025-08-20,2025-08-20 11:42:00,731.41,731.44,731.41,731.44,0.0,22.51,16618.74,1
2025-08-20,2025-08-20 11:43:00,731.44,731.47,731.44,731.47,0.0,22.51,16618.74,1
2025-08-20,2025-08-20 11:44:00,731.47,731.51,731.47,731.51,0.01,22.51,16618.74,1
2025-08-20,2025-08-20 11:45:00,731.51,731.54,731.51,731.54,0.0,22.51,16618.74,1
2025-08-20,2025-08-20 11:46:00,731.54,731.57,731.54,731.57,0.0,22.51,16618.74,1
2025-08-20,2025-08-20 11:47:00,731.57,731.61,731.57,731.61,0.01,22.51,16618.74,1
2025-08-20,2025-08-20 11:48:00,731.61,731.64,731.61,731.64,0.0,22.51,16618.74,1
2025-08-20,2025-08-20 11:49:00,731.64,731.67,731.64,731.67,0.0,22.51,16618.74,1
2025-08-20,2025-08-20 11:50:00,731.67,731.71,731.67,731.71,0.01,22.51,16618.74,1
2025-08-20,2025-08-20 11:51:00,731.71,731.74,731.71,731.74,0.0,22.51,16618.74,1
2025-08-20,2025-08-20 11:52:00,731.74,731.77,731.74,731.77,0.0,22.51,16618.74,1
2025-08-20,2025-08-20 11:53:00,731.77,731.81,731.77,731.81,0.01,22.51,16618.74,1
2025-08-20,2025-08-20 11:54:00,731.81,731.84,731.81,731.84,0.0,22.51,16618.74,1
2025-08-20,2025-08-20 11:55:00,731.84,731.87,731.84,731.87,0.0,22.51,16618.74,1
2025-08-20,2025-08-20 11:56:00,731.87,731.91,731.87,731.91,0.01,22.51,16618.74,1
2025-08-20,2025-08-20 11:57:00,731.91,731.94,731.91,731.94,0.0,22.51,16618.74,1
2025-08-20,2025-08-20 11:58:00,731.94,731.97,731.94,731.97,0.0,22.51,16618.74,1
2025-08-20,2025-08-20 11:59:00,731.97,732.01,731.97,732.01,0.01,22.51,16618.74,1
2025-08-20,2025-08-20 12:00:00,732.01,732.04,732.01,732.04,0.0,22.51,16618.74,1
2025-08-20,2025-08-20 12:01:00,732.04,732.07,732.04,732.07,0.0,22.51,16618.74,1
2025-08-20,2025-08-20 12:02:00,732.07,732.11,732.07,732.11,0.01,22.51,16618.74,1
2025-08-20,2025-08-20 12:03:00,732.11,732.14,732.11,732.14,0.0,22.51,16618.74,1
2025-08-20,2025-08-20 12:04:00,732.14,732.17,732.14,732.17,0.0,22.51,16618.74,1
2025-08-20,2025-08-20 12:05:00,732.17,732.21,732.17,732.21,0.01,22.51,16618.74,1
2025-08-20,2025-08-20 12:06:00,732.21,732.24,732.21,732.24,0.0,22.51,16618.74,1
2025-08-20,2025-08-20 12:07:00,732.24,732.28,732.24,732.28,0.01,22.51,16618.74,1
2025-08-20,2025-08-20 12:08:00,732.28,732.31,732.28,732.31,0.0,22.51,16618.74,1
2025-08-20,2025-08-20 12:09:00,732.31,732.34,732.31,732.34,0.0,22.51,16618.74,1
2025-08-20,2025-08-20 12:10:00,732.34,732.38,732.34,732.38,0.01,22.51,16618.74,1
2025-08-20,2025-08-20 12:11:00,732.38,732.41,732.38,732.41,0.0,22.51,16618.74,1
2025-08-20,2025-08-20 12:12:00,732.41,732.44,732.41,732.44,0.0,22.51,16618.74,1
2025-08-20,2025-08-20 12:13:00,732.44,732.48,732.44,732.48,0.01,22.51,16618.74,1
2025-08-20,2025-08-20 12:14:00,732.48,732.51,732.48,732.51,0.0,22.51,16618.74,1
2025-08-20,2025-08-20 12:15:00,732.51,732.54,732.51,732.54,0.0,22.51,16618.74,1
2025-08-20,2025-08-20 12:16:00,732.54,732.58,732.54,732.58,0.01,22.51,16618.74,1
2025-08-20,2025-08-20 12:17:00,732.58,732.61,732.58,732.61,0.0,22.51,16618.74,1
2025-08-20,2025-08-20 12:18:00,732.61,732.64,732.61,732.64,0.0,22.51,16618.74,1
2025-08-20,2025-08-20 12:19:00,732.64,732.68,732.64,732.68,0.01,22.51,16618.74,1
2025-08-20,2025-08-20 12:20:00,732.68,732.71,732.68,732.71,0.0,22.51,16618.74,1
2025-08-20,2025-08-20 12:21:00,732.71,732.74,732.71,732.74,0.0,22.51,16618.74,1
2025-08-20,2025-08-20 12:22:00,732.74,732.78,732.74,732.78,0.01,22.51,16618.74,1
2025-08-20,2025-08-20 12:23:00,732.78,732.81,732.78,732.81,0.0,22.51,16618.74,1
2025-08-20,2025-08-20 12:24:00,732.81,732.84,732.81,732.84,0.0,22.51,16618.74,1
2025-08-20,2025-08-20 12:25:00,732.84,732.88,732.84,732.88,0.01,22.51,16618.74,1
2025-08-20,2025-08-20 12:26:00,732.88,732.91,732.88,732.91,0.0,22.51,16618.74,1
2025-08-20,2025-08-20 12:27:00,732.91,732.94,732.91,732.94,0.0,22.51,16618.74,1
2025-08-20,2025-08-20 12:28:00,732.94,732.98,732.94,732.98,0.01,22.51,16618.74,1
2025-08-20,2025-08-20 12:29:00,732.98,733.01,732.98,733.01,0.0,22.51,16618.74,1
2025-08-20,2025-08-20 12:30:00,733.01,733.04,733.01,733.04,0.0,22.51,16618.74,1
2025-08-20,2025-08-20 12:31:00,733.04,733.08,733.04,733.08,0.01,22.51,16618.74,1
2025-08-20,2025-08-20 12:32:00,733.08,733.11,733.08,733.11,0.0,22.51,16618.74,1
2025-08-20,2025-08-20 12:33:00,733.11,733.15,733.11,733.15,0.01,22.51,16618.74,1
2025-08-20,2025-08-20 12:34:00,733.15,733.18,733.15,733.18,0.0,22.51,16618.74,1
2025-08-20,2025-08-20 12:35:00,733.18,733.21,733.18,733.21,0.0,22.51,16618.74,1
2025-08-20,2025-08-20 12:36:00,733.21,733.25,733.21,733.25,0.01,22.51,16618.74,1
2025-08-20,2025-08-20 12:37:00,733.25,733.28,733.25,733.28,0.0,22.51,16618.74,1
2025-08-20,2025-08-20 12:38:00,733.28,733.31,733.28,733.31,0.0,22.51,16618.74,1
2025-08-20,2025-08-20 12:39:00,733.31,733.35,733.31,733.35,0.01,22.51,16618.74,1
2025-08-20,2025-08-20 12:40:00,733.35,733.38,733.35,733.38,0.0,22.51,16618.74,1
2025-08-20,2025-08-20 12:41:00,733.38,733.41,733.38,733.41,0.0,22.51,16618.74,1
2025-08-20,2025-08-20 12:42:00,733.41,733.45,733.41,733.45,0.01,22.51,16618.74,1
2025-08-20,2025-08-20 12:43:00,733.45,733.48,733.45,733.48,0.0,22.51,16618.74,1
2025-08-20,2025-08-20 12:44:00,733.48,733.51,733.48,733.51,0.0,22.51,16618.74,1
2025-08-20,2025-08-20 12:45:00,733.51,733.55,733.51,733.55,0.01,22.51,16618.74,1
2025-08-20,2025-08-20 12:46:00,733.55,733.58,733.55,733.58,0.0,22.51,16618.74,1
2025-08-20,2025-08-20 12:47:00,733.58,733.61,733.58,733.61,0.0,22.51,16618.74,1
2025-08-20,2025-08-20 12:48:00,733.61,733.65,733.61,733.65,0.01,22.51,16618.74,1
2025-08-20,2025-08-20 12:49:00,733.65,733.68,733.65,733.68,0.0,22.51,16618.74,1
2025-08-20,2025-08-20 12:50:00,733.68,733.71,733.68,733.71,0.0,22.51,16618.74,1
2025-08-20,2025-08-20 12:51:00,733.71,733.75,733.71,733.75,0.01,22.51,16618.74,1
2025-08-20,2025-08-20 12:52:00,733.75,733.78,733.75,733.78,0.0,22.51,16618.74,1
2025-08-20,2025-08-20 12:53:00,733.78,733.81,733.78,733.81,0.0,22.51,16618.74,1
2025-08-20,2025-08-20 12:54:00,733.81,733.85,733.81,733.85,0.01,22.51,16618.74,1
2025-08-20,2025-08-20 12:55:00,733.85,733.88,733.85,733.88,0.0,22.51,16618.74,1
2025-08-20,2025-08-20 12:56:00,733.88,733.91,733.88,733.91,0.0,22.51,16618.74,1
2025-08-20,2025-08-20 12:57:00,733.91,733.95,733.91,733.95,0.01,22.51,16618.74,1
2025-08-20,2025-08-20 12:58:00,733.95,733.98,733.95,733.98,0.0,22.51,16618.74,1
2025-08-20,2025-08-20 12:59:00,733.98,734.01,733.98,734.01,0.0,22.51,16618.74,1
2025-08-20,2025-08-20 13:00:00,734.01,744.9,730.0,734.05,0.01,22.51,16618.74,1
2025-08-20,2025-08-20 13:01:00,734.05,734.08,734.05,734.08,0.0,22.51,16618.74,1
2025-08-20,2025-08-20 13:02:00,734.08,734.12,734.08,734.12,0.01,22.51,16618.74,1
2025-08-20,2025-08-20 13:03:00,734.12,734.15,734.12,734.15,0.0,22.51,16618.74,1
2025-08-20,2025-08-20 13:04:00,734.15,734.18,734.15,734.18,0.0,22.51,16618.74,1
2025-08-20,2025-08-20 13:05:00,734.18,734.22,734.18,734.22,0.01,22.51,16618.74,1
2025-08-20,2025-08-20 13:06:00,734.22,734.25,734.22,734.25,0.0,22.51,16618.74,1
2025-08-20,2025-08-20 13:07:00,734.25,734.28,734.25,734.28,0.0,22.51,16618.74,1
2025-08-20,2025-08-20 13:08:00,734.28,734.32,734.28,734.32,0.01,22.51,16618.74,1
2025-08-20,2025-08-20 13:09:00,734.32,734.35,734.32,734.35,0.0,22.51,16618.74,1
2025-08-20,2025-08-20 13:10:00,734.35,734.38,734.35,734.38,0.0,22.51,16618.74,1
2025-08-20,2025-08-20 13:11:00,734.38,734.42,734.38,734.42,0.01,22.51,16618.74,1
2025-08-20,2025-08-20 13:12:00,734.42,734.45,734.42,734.45,0.0,22.51,16618.74,1
2025-08-20,2025-08-20 13:13:00,734.45,734.48,734.45,734.48,0.0,22.51,16618.74,1
2025-08-20,2025-08-20 13:14:00,734.48,734.52,734.48,734.52,0.01,22.51,16618.74,1
2025-08-20,2025-08-20 13:15:00,734.52,734.55,734.52,734.55,0.0,22.51,16618.74,1
2025-08-20,2025-08-20 13:16:00,734.55,734.58,734.55,734.58,0.0,22.51,16618.74,1
2025-08-20,2025-08-20 13:17:00,734.58,734.62,734.58,734.62,0.01,22.51,16618.74,1
2025-08-20,2025-08-20 13:18:00,734.62,734.65,734.62,734.65,0.0,22.51,16618.74,1
2025-08-20,2025-08-20 13:19:00,734.65,734.68,734.65,734.68,0.0,22.51,16618.74,1
2025-08-20,2025-08-20 13:20:00,734.68,734.72,734.68,734.72,0.01,22.51,16618.74,1
2025-08-20,2025-08-20 13:21:00,734.72,734.75,734.72,734.75,0.0,22.51,16618.74,1
2025-08-20,2025-08-20 13:22:00,734.75,734.78,734.75,734.78,0.0,22.51,16618.74,1
2025-08-20,2025-08-20 13:23:00,734.78,734.82,734.78,734.82,0.01,22.51,16618.74,1
2025-08-20,2025-08-20 13:24:00,734.82,734.85,734.82,734.85,0.0,22.51,16618.74,1
2025-08-20,2025-08-20 13:25:00,734.85,734.88,734.85,734.88,0.0,22.51,16618.74,1
2025-08-20,2025-08-20 13:26:00,734.88,734.92,734.88,734.92,0.01,22.51,16618.74,1
2025-08-20,2025-08-20 13:27:00,734.92,734.95,734.92,734.95,0.0,22.51,16618.74,1
2025-08-20,2025-08-20 13:28:00,734.95,734.99,734.95,734.99,0.01,22.51,16618.74,1
2025-08-20,2025-08-20 13:29:00,734.99,735.02,734.99,735.02,0.0,22.51,16618.74,1
2025-08-20,2025-08-20 13:30:00,735.02,735.05,735.02,735.05,0.0,22.51,16618.74,1
2025-08-20,2025-08-20 13:31:00,735.05,735.09,735.05,735.09,0.01,22.51,16618.74,1
2025-08-20,2025-08-20 13:32:00,735.09,735.12,735.09,735.12,0.0,22.51,16618.74,1
2025-08-20,2025-08-20 13:33:00,735.12,735.15,735.12,735.15,0.0,22.51,16618.74,1
2025-08-20,2025-08-20 13:34:00,735.15,735.19,735.15,735.19,0.01,22.51,16618.74,1
2025-08-20,2025-08-20 13:35:00,735.19,735.22,735.19,735.22,0.0,22.51,16618.74,1
2025-08-20,2025-08-20 13:36:00,735.22,735.25,735.22,735.25,0.0,22.51,16618.74,1
2025-08-20,2025-08-20 13:37:00,735.25,735.29,735.25,735.29,0.01,22.51,16618.74,1
2025-08-20,2025-08-20 13:38:00,735.29,735.32,735.29,735.32,0.0,22.51,16618.74,1
2025-08-20,2025-08-20 13:39:00,735.32,735.35,735.32,735.35,0.0,22.51,16618.74,1
2025-08-20,2025-08-20 13:40:00,735.35,735.39,735.35,735.39,0.01,22.51,16618.74,1
2025-08-20,2025-08-20 13:41:00,735.39,735.42,735.39,735.42,0.0,22.51,16618.74,1
2025-08-20,2025-08-20 13:42:00,735.42,735.45,735.42,735.45,0.0,22.51,16618.74,1
2025-08-20,2025-08-20 13:43:00,735.45,735.49,735.45,735.49,0.01,22.51,16618.74,1
2025-08-20,2025-08-20 13:44:00,735.49,735.52,735.49,735.52,0.0,22.51,16618.74,1
2025-08-20,2025-08-20 13:45:00,735.52,735.55,735.52,735.55,0.0,22.51,16618.74,1
2025-08-20,2025-08-20 13:46:00,735.55,735.59,735.55,735.59,0.01,22.51,16618.74,1
2025-08-20,2025-08-20 13:47:00,735.59,735.62,735.59,735.62,0.0,22.51,16618.74,1
2025-08-20,2025-08-20 13:48:00,735.62,735.65,735.62,735.65,0.0,22.51,16618.74,1
2025-08-20,2025-08-20 13:49:00,735.65,735.69,735.65,735.69,0.01,22.51,16618.74,1
2025-08-20,2025-08-20 13:50:00,735.69,735.72,735.69,735.72,0.0,22.51,16618.74,1
2025-08-20,2025-08-20 13:51:00,735.72,735.75,735.72,735.75,0.0,22.51,16618.74,1
2025-08-20,2025-08-20 13:52:00,735.75,735.79,735.75,735.79,0.01,22.51,16618.74,1
2025-08-20,2025-08-20 13:53:00,735.79,735.82,735.79,735.82,0.0,22.51,16618.74,1
2025-08-20,2025-08-20 13:54:00,735.82,735.86,735.82,735.86,0.01,22.51,16618.74,1
2025-08-20,2025-08-20 13:55:00,735.86,735.89,735.86,735.89,0.0,22.51,16618.74,1
2025-08-20,2025-08-20 13:56:00,735.89,735.92,735.89,735.92,0.0,22.51,16618.74,1
2025-08-20,2025-08-20 13:57:00,735.92,735.96,735.92,735.96,0.01,22.51,16618.74,1
2025-08-20,2025-08-20 13:58:00,735.96,735.99,735.96,735.99,0.0,22.51,16618.74,1
2025-08-20,2025-08-20 13:59:00,735.99,736.02,735.99,736.02,0.0,22.51,16618.74,1
2025-08-20,2025-08-20 14:00:00,736.02,736.06,736.02,736.06,0.01,22.51,16618.74,1
2025-08-20,2025-08-20 14:01:00,736.06,736.09,736.06,736.09,0.0,22.51,16618.74,1
2025-08-20,2025-08-20 14:02:00,736.09,736.12,736.09,736.12,0.0,22.51,16618.74,1
2025-08-20,2025-08-20 14:03:00,736.12,736.16,736.12,736.16,0.01,22.51,16618.74,1
2025-08-20,2025-08-20 14:04:00,736.16,736.19,736.16,736.19,0.0,22.51,16618.74,1
2025-08-20,2025-08-20 14:05:00,736.19,736.22,736.19,736.22,0.0,22.51,16618.74,1
2025-08-20,2025-08-20 14:06:00,736.22,736.26,736.22,736.26,0.01,22.51,16618.74,1
2025-08-20,2025-08-20 14:07:00,736.26,736.29,736.26,736.29,0.0,22.51,16618.74,1
2025-08-20,2025-08-20 14:08:00,736.29,736.32,736.29,736.32,0.0,22.51,16618.74,1
2025-08-20,2025-08-20 14:09:00,736.32,736.36,736.32,736.36,0.01,22.51,16618.74,1
2025-08-20,2025-08-20 14:10:00,736.36,736.39,736.36,736.39,0.0,22.51,16618.74,1
2025-08-20,2025-08-20 14:11:00,736.39,736.42,736.39,736.42,0.0,22.51,16618.74,1
2025-08-20,2025-08-20 14:12:00,736.42,736.46,736.42,736.46,0.01,22.51,16618.74,1
2025-08-20,2025-08-20 14:13:00,736.46,736.49,736.46,736.49,0.0,22.51,16618.74,1
2025-08-20,2025-08-20 14:14:00,736.49,736.52,736.49,736.52,0.0,22.51,16618.74,1
2025-08-20,2025-08-20 14:15:00,736.52,736.56,736.52,736.56,0.01,22.51,16618.74,1
2025-08-20,2025-08-20 14:16:00,736.56,736.59,736.56,736.59,0.0,22.51,16618.74,1
2025-08-20,2025-08-20 14:17:00,736.59,736.62,736.59,736.62,0.0,22.51,16618.74,1
2025-08-20,2025-08-20 14:18:00,736.62,736.66,736.62,736.66,0.01,22.51,16618.74,1
2025-08-20,2025-08-20 14:19:00,736.66,736.69,736.66,736.69,0.0,22.51,16618.74,1
2025-08-20,2025-08-20 14:20:00,736.69,736.73,736.69,736.73,0.01,22.51,16618.74,1
2025-08-20,2025-08-20 14:21:00,736.73,736.76,736.73,736.76,0.0,22.51,16618.74,1
2025-08-20,2025-08-20 14:22:00,736.76,736.79,736.76,736.79,0.0,22.51,16618.74,1
2025-08-20,2025-08-20 14:23:00,736.79,736.83,736.79,736.83,0.01,22.51,16618.74,1
2025-08-20,2025-08-20 14:24:00,736.83,736.86,736.83,736.86,0.0,22.51,16618.74,1
2025-08-20,2025-08-20 14:25:00,736.86,736.89,736.86,736.89,0.0,22.51,16618.74,1
2025-08-20,2025-08-20 14:26:00,736.89,736.93,736.89,736.93,0.01,22.51,16618.74,1
2025-08-20,2025-08-20 14:27:00,736.93,736.96,736.93,736.96,0.0,22.51,16618.74,1
2025-08-20,2025-08-20 14:28:00,736.96,736.99,736.96,736.99,0.0,22.51,16618.74,1
2025-08-20,2025-08-20 14:29:00,736.99,737.03,736.99,737.03,0.01,22.51,16618.74,1
2025-08-20,2025-08-20 14:30:00,737.03,737.06,737.03,737.06,0.0,22.51,16618.74,1
2025-08-20,2025-08-20 14:31:00,737.06,737.09,737.06,737.09,0.0,22.51,16618.74,1
2025-08-20,2025-08-20 14:32:00,737.09,737.13,737.09,737.13,0.01,22.51,16618.74,1
2025-08-20,2025-08-20 14:33:00,737.13,737.16,737.13,737.16,0.0,22.51,16618.74,1
2025-08-20,2025-08-20 14:34:00,737.16,737.19,737.16,737.19,0.0,22.51,16618.74,1
2025-08-20,2025-08-20 14:35:00,737.19,737.23,737.19,737.23,0.01,22.51,16618.74,1
2025-08-20,2025-08-20 14:36:00,737.23,737.26,737.23,737.26,0.0,22.51,16618.74,1
2025-08-20,2025-08-20 14:37:00,737.26,737.29,737.26,737.29,0.0,22.51,16618.74,1
2025-08-20,2025-08-20 14:38:00,737.29,737.33,737.29,737.33,0.01,22.51,16618.74,1
2025-08-20,2025-08-20 14:39:00,737.33,737.36,737.33,737.36,0.0,22.51,16618.74,1
2025-08-20,2025-08-20 14:40:00,737.36,737.39,737.36,737.39,0.0,22.51,16618.74,1
2025-08-20,2025-08-20 14:41:00,737.39,737.43,737.39,737.43,0.01,22.51,16618.74,1
2025-08-20,2025-08-20 14:42:00,737.43,737.46,737.43,737.46,0.0,22.51,16618.74,1
2025-08-20,2025-08-20 14:43:00,737.46,737.49,737.46,737.49,0.0,22.51,16618.74,1
2025-08-20,2025-08-20 14:44:00,737.49,737.53,737.49,737.53,0.01,22.51,16618.74,1
2025-08-20,2025-08-20 14:45:00,737.53,737.56,737.53,737.56,0.0,22.51,16618.74,1
2025-08-20,2025-08-20 14:46:00,737.56,737.6,737.56,737.6,0.01,22.51,16618.74,1
2025-08-20,2025-08-20 14:47:00,737.6,737.63,737.6,737.63,0.0,22.51,16618.74,1
2025-08-20,2025-08-20 14:48:00,737.63,737.66,737.63,737.66,0.0,22.51,16618.74,1
2025-08-20,2025-08-20 14:49:00,737.66,737.7,737.66,737.7,0.01,22.51,16618.74,1
2025-08-20,2025-08-20 14:50:00,737.7,737.73,737.7,737.73,0.0,22.51,16618.74,1
2025-08-20,2025-08-20 14:51:00,737.73,737.76,737.73,737.76,0.0,22.51,16618.74,1
2025-08-20,2025-08-20 14:52:00,737.76,737.8,737.76,737.8,0.01,22.51,16618.74,1
2025-08-20,2025-08-20 14:53:00,737.8,737.83,737.8,737.83,0.0,22.51,16618.74,1
2025-08-20,2025-08-20 14:54:00,737.83,737.86,737.83,737.86,0.0,22.51,16618.74,1
2025-08-20,2025-08-20 14:55:00,737.86,737.9,737.86,737.9,0.01,22.51,16618.74,1
2025-08-20,2025-08-20 14:56:00,737.9,737.93,737.9,737.93,0.0,22.51,16618.74,1
2025-08-20,2025-08-20 14:57:00,737.93,737.96,737.93,737.96,0.0,22.51,16618.74,1
2025-08-20,2025-08-20 14:58:00,737.96,738.0,737.96,738.0,0.01,22.51,16618.74,1
2025-08-20,2025-08-20 14:59:00,738.0,738.03,738.0,738.03,0.0,22.51,16618.74,1
2025-08-20,2025-08-20 15:00:00,738.03,744.9,730.0,738.03,0.0,22.51,16618.74,0
2025-08-21,2025-08-21 11:00:00,739.9,739.93,732.43,739.86,-0.01,61.32,44589.12,-1
2025-08-21,2025-08-21 11:01:00,739.86,739.86,739.82,739.82,-0.01,61.32,44589.12,-1
2025-08-21,2025-08-21 11:02:00,739.82,739.82,739.78,739.78,-0.01,61.32,44589.12,-1
2025-08-21,2025-08-21 11:03:00,739.78,739.78,739.75,739.75,-0.0,61.32,44589.12,-1
2025-08-21,2025-08-21 11:04:00,739.75,739.75,739.71,739.71,-0.01,61.32,44589.12,-1
2025-08-21,2025-08-21 11:05:00,739.71,739.71,739.67,739.67,-0.01,61.32,44589.12,-1
2025-08-21,2025-08-21 11:06:00,739.67,739.67,739.63,739.63,-0.01,61.32,44589.12,-1
2025-08-21,2025-08-21 11:07:00,739.63,739.63,739.59,739.59,-0.01,61.32,44589.12,-1
2025-08-21,2025-08-21 11:08:00,739.59,739.59,739.55,739.55,-0.01,61.32,44589.12,-1
2025-08-21,2025-08-21 11:09:00,739.55,739.55,739.51,739.51,-0.01,61.32,44589.12,-1
2025-08-21,2025-08-21 11:10:00,739.51,739.51,739.47,739.47,-0.01,61.32,44589.12,-1
2025-08-21,2025-08-21 11:11:00,739.47,739.47,739.44,739.44,-0.0,61.32,44589.12,-1
2025-08-21,2025-08-21 11:12:00,739.44,739.44,739.4,739.4,-0.01,61.32,44589.12,-1
2025-08-21,2025-08-21 11:13:00,739.4,739.4,739.36,739.36,-0.01,61.32,44589.12,-1
2025-08-21,2025-08-21 11:14:00,739.36,739.36,739.32,739.32,-0.01,61.32,44589.12,-1
2025-08-21,2025-08-21 11:15:00,739.32,739.32,739.28,739.28,-0.01,61.32,44589.12,-1
2025-08-21,2025-08-21 11:16:00,739.28,739.28,739.24,739.24,-0.01,61.32,44589.12,-1
2025-08-21,2025-08-21 11:17:00,739.24,739.24,739.2,739.2,-0.01,61.32,44589.12,-1
2025-08-21,2025-08-21 11:18:00,739.2,739.2,739.16,739.16,-0.01,61.32,44589.12,-1
2025-08-21,2025-08-21 11:19:00,739.16,739.16,739.13,739.13,-0.0,61.32,44589.12,-1
2025-08-21,2025-08-21 11:20:00,739.13,739.13,739.09,739.09,-0.01,61.32,44589.12,-1
2025-08-21,2025-08-21 11:21:00,739.09,739.09,739.05,739.05,-0.01,61.32,44589.12,-1
2025-08-21,2025-08-21 11:22:00,739.05,739.05,739.01,739.01,-0.01,61.32,44589.12,-1
2025-08-21,2025-08-21 11:23:00,739.01,739.01,738.97,738.97,-0.01,61.32,44589.12,-1
2025-08-21,2025-08-21 11:24:00,738.97,738.97,738.93,738.93,-0.01,61.32,44589.12,-1
2025-08-21,2025-08-21 11:25:00,738.93,738.93,738.89,738.89,-0.01,61.32,44589.12,-1
2025-08-21,2025-08-21 11:26:00,738.89,738.89,738.85,738.85,-0.01,61.32,44589.12,-1
2025-08-21,2025-08-21 11:27:00,738.85,738.85,738.82,738.82,-0.0,61.32,44589.12,-1
2025-08-21,2025-08-21 11:28:00,738.82,738.82,738.78,738.78,-0.01,61.32,44589.12,-1
2025-08-21,2025-08-21 11:29:00,738.78,738.78,738.74,738.74,-0.01,61.32,44589.12,-1
2025-08-21,2025-08-21 11:30:00,738.74,738.74,738.7,738.7,-0.01,61.32,44589.12,-1
2025-08-21,2025-08-21 11:31:00,738.7,738.7,738.66,738.66,-0.01,61.32,44589.12,-1
2025-08-21,2025-08-21 11:32:00,738.66,738.66,738.62,738.62,-0.01,61.32,44589.12,-1
2025-08-21,2025-08-21 11:33:00,738.62,738.62,738.58,738.58,-0.01,61.32,44589.12,-1
2025-08-21,2025-08-21 11:34:00,738.58,738.58,738.55,738.55,-0.0,61.32,44589.12,-1
2025-08-21,2025-08-21 11:35:00,738.55,738.55,738.51,738.51,-0.01,61.32,44589.12,-1
2025-08-21,2025-08-21 11:36:00,738.51,738.51,738.47,738.47,-0.01,61.32,44589.12,-1
2025-08-21,2025-08-21 11:37:00,738.47,738.47,738.43,738.43,-0.01,61.32,44589.12,-1
2025-08-21,2025-08-21 11:38:00,738.43,738.43,738.39,738.39,-0.01,61.32,44589.12,-1
2025-08-21,2025-08-21 11:39:00,738.39,738.39,738.35,738.35,-0.01,61.32,44589.12,-1
2025-08-21,2025-08-21 11:40:00,738.35,738.35,738.31,738.31,-0.01,61.32,44589.12,-1
2025-08-21,2025-08-21 11:41:00,738.31,738.31,738.27,738.27,-0.01,61.32,44589.12,-1
2025-08-21,2025-08-21 11:42:00,738.27,738.27,738.24,738.24,-0.0,61.32,44589.12,-1
2025-08-21,2025-08-21 11:43:00,738.24,738.24,738.2,738.2,-0.01,61.32,44589.12,-1
2025-08-21,2025-08-21 11:44:00,738.2,738.2,738.16,738.16,-0.01,61.32,44589.12,-1
2025-08-21,2025-08-21 11:45:00,738.16,738.16,738.12,738.12,-0.01,61.32,44589.12,-1
2025-08-21,2025-08-21 11:46:00,738.12,738.12,738.08,738.08,-0.01,61.32,44589.12,-1
2025-08-21,2025-08-21 11:47:00,738.08,738.08,738.04,738.04,-0.01,61.32,44589.12,-1
2025-08-21,2025-08-21 11:48:00,738.04,738.04,738.0,738.0,-0.01,61.32,44589.12,-1
2025-08-21,2025-08-21 11:49:00,738.0,738.0,737.96,737.96,-0.01,61.32,44589.12,-1
2025-08-21,2025-08-21 11:50:00,737.96,737.96,737.93,737.93,-0.0,61.32,44589.12,-1
2025-08-21,2025-08-21 11:51:00,737.93,737.93,737.89,737.89,-0.01,61.32,44589.12,-1
2025-08-21,2025-08-21 11:52:00,737.89,737.89,737.85,737.85,-0.01,61.32,44589.12,-1
2025-08-21,2025-08-21 11:53:00,737.85,737.85,737.81,737.81,-0.01,61.32,44589.12,-1
2025-08-21,2025-08-21 11:54:00,737.81,737.81,737.77,737.77,-0.01,61.32,44589.12,-1
2025-08-21,2025-08-21 11:55:00,737.77,737.77,737.73,737.73,-0.01,61.32,44589.12,-1
2025-08-21,2025-08-21 11:56:00,737.73,737.73,737.69,737.69,-0.01,61.32,44589.12,-1
2025-08-21,2025-08-21 11:57:00,737.69,737.69,737.65,737.65,-0.01,61.32,44589.12,-1
2025-08-21,2025-08-21 11:58:00,737.65,737.65,737.62,737.62,-0.0,61.32,44589.12,-1
2025-08-21,2025-08-21 11:59:00,737.62,737.62,737.58,737.58,-0.01,61.32,44589.12,-1
2025-08-21,2025-08-21 12:00:00,737.58,737.58,737.54,737.54,-0.01,61.32,44589.12,-1
2025-08-21,2025-08-21 12:01:00,737.54,737.54,737.5,737.5,-0.01,61.32,44589.12,-1
2025-08-21,2025-08-21 12:02:00,737.5,737.5,737.46,737.46,-0.01,61.32,44589.12,-1
2025-08-21,2025-08-21 12:03:00,737.46,737.46,737.42,737.42,-0.01,61.32,44589.12,-1
2025-08-21,2025-08-21 12:04:00,737.42,737.42,737.38,737.38,-0.01,61.32,44589.12,-1
2025-08-21,2025-08-21 12:05:00,737.38,737.38,737.35,737.35,-0.0,61.32,44589.12,-1
2025-08-21,2025-08-21 12:06:00,737.35,737.35,737.31,737.31,-0.01,61.32,44589.12,-1
2025-08-21,2025-08-21 12:07:00,737.31,737.31,737.27,737.27,-0.01,61.32,44589.12,-1
2025-08-21,2025-08-21 12:08:00,737.27,737.27,737.23,737.23,-0.01,61.32,44589.12,-1
2025-08-21,2025-08-21 12:09:00,737.23,737.23,737.19,737.19,-0.01,61.32,44589.12,-1
2025-08-21,2025-08-21 12:10:00,737.19,737.19,737.15,737.15,-0.01,61.32,44589.12,-1
2025-08-21,2025-08-21 12:11:00,737.15,737.15,737.11,737.11,-0.01,61.32,44589.12,-1
2025-08-21,2025-08-21 12:12:00,737.11,737.11,737.07,737.07,-0.01,61.32,44589.12,-1
2025-08-21,2025-08-21 12:13:00,737.07,737.07,737.04,737.04,-0.0,61.32,44589.12,-1
2025-08-21,2025-08-21 12:14:00,737.04,737.04,737.0,737.0,-0.01,61.32,44589.12,-1
2025-08-21,2025-08-21 12:15:00,737.0,737.0,736.96,736.96,-0.01,61.32,44589.12,-1
2025-08-21,2025-08-21 12:16:00,736.96,736.96,736.92,736.92,-0.01,61.32,44589.12,-1
2025-08-21,2025-08-21 12:17:00,736.92,736.92,736.88,736.88,-0.01,61.32,44589.12,-1
2025-08-21,2025-08-21 12:18:00,736.88,736.88,736.84,736.84,-0.01,61.32,44589.12,-1
2025-08-21,2025-08-21 12:19:00,736.84,736.84,736.8,736.8,-0.01,61.32,44589.12,-1
2025-08-21,2025-08-21 12:20:00,736.8,736.8,736.76,736.76,-0.01,61.32,44589.12,-1
2025-08-21,2025-08-21 12:21:00,736.76,736.76,736.73,736.73,-0.0,61.32,44589.12,-1
2025-08-21,2025-08-21 12:22:00,736.73,736.73,736.69,736.69,-0.01,61.32,44589.12,-1
2025-08-21,2025-08-21 12:23:00,736.69,736.69,736.65,736.65,-0.01,61.32,44589.12,-1
2025-08-21,2025-08-21 12:24:00,736.65,736.65,736.61,736.61,-0.01,61.32,44589.12,-1
2025-08-21,2025-08-21 12:25:00,736.61,736.61,736.57,736.57,-0.01,61.32,44589.12,-1
2025-08-21,2025-08-21 12:26:00,736.57,736.57,736.53,736.53,-0.01,61.32,44589.12,-1
2025-08-21,2025-08-21 12:27:00,736.53,736.53,736.49,736.49,-0.01,61.32,44589.12,-1
2025-08-21,2025-08-21 12:28:00,736.49,736.49,736.45,736.45,-0.01,61.32,44589.12,-1
2025-08-21,2025-08-21 12:29:00,736.45,736.45,736.42,736.42,-0.0,61.32,44589.12,-1
2025-08-21,2025-08-21 12:30:00,736.42,736.42,736.38,736.38,-0.01,61.32,44589.12,-1
2025-08-21,2025-08-21 12:31:00,736.38,736.38,736.34,736.34,-0.01,61.32,44589.12,-1
2025-08-21,2025-08-21 12:32:00,736.34,736.34,736.3,736.3,-0.01,61.32,44589.12,-1
2025-08-21,2025-08-21 12:33:00,736.3,736.3,736.26,736.26,-0.01,61.32,44589.12,-1
2025-08-21,2025-08-21 12:34:00,736.26,736.26,736.22,736.22,-0.01,61.32,44589.12,-1
2025-08-21,2025-08-21 12:35:00,736.22,736.22,736.18,736.18,-0.01,61.32,44589.12,-1
2025-08-21,2025-08-21 12:36:00,736.18,736.18,736.15,736.15,-0.0,61.32,44589.12,-1
2025-08-21,2025-08-21 12:37:00,736.15,736.15,736.11,736.11,-0.01,61.32,44589.12,-1
2025-08-21,2025-08-21 12:38:00,736.11,736.11,736.07,736.07,-0.01,61.32,44589.12,-1
2025-08-21,2025-08-21 12:39:00,736.07,736.07,736.03,736.03,-0.01,61.32,44589.12,-1
2025-08-21,2025-08-21 12:40:00,736.03,736.03,735.99,735.99,-0.01,61.32,44589.12,-1
2025-08-21,2025-08-21 12:41:00,735.99,735.99,735.95,735.95,-0.01,61.32,44589.12,-1
2025-08-21,2025-08-21 12:42:00,735.95,735.95,735.91,735.91,-0.01,61.32,44589.12,-1
2025-08-21,2025-08-21 12:43:00,735.91,735.91,735.87,735.87,-0.01,61.32,44589.12,-1
2025-08-21,2025-08-21 12:44:00,735.87,735.87,735.84,735.84,-0.0,61.32,44589.12,-1
2025-08-21,2025-08-21 12:45:00,735.84,735.84,735.8,735.8,-0.01,61.32,44589.12,-1
2025-08-21,2025-08-21 12:46:00,735.8,735.8,735.76,735.76,-0.01,61.32,44589.12,-1
2025-08-21,2025-08-21 12:47:00,735.76,735.76,735.72,735.72,-0.01,61.32,44589.12,-1
2025-08-21,2025-08-21 12:48:00,735.72,735.72,735.68,735.68,-0.01,61.32,44589.12,-1
2025-08-21,2025-08-21 12:49:00,735.68,735.68,735.64,735.64,-0.01,61.32,44589.12,-1
2025-08-21,2025-08-21 12:50:00,735.64,735.64,735.6,735.6,-0.01,61.32,44589.12,-1
2025-08-21,2025-08-21 12:51:00,735.6,735.6,735.56,735.56,-0.01,61.32,44589.12,-1
2025-08-21,2025-08-21 12:52:00,735.56,735.56,735.53,735.53,-0.0,61.32,44589.12,-1
2025-08-21,2025-08-21 12:53:00,735.53,735.53,735.49,735.49,-0.01,61.32,44589.12,-1
2025-08-21,2025-08-21 12:54:00,735.49,735.49,735.45,735.45,-0.01,61.32,44589.12,-1
2025-08-21,2025-08-21 12:55:00,735.45,735.45,735.41,735.41,-0.01,61.32,44589.12,-1
2025-08-21,2025-08-21 12:56:00,735.41,735.41,735.37,735.37,-0.01,61.32,44589.12,-1
2025-08-21,2025-08-21 12:57:00,735.37,735.37,735.33,735.33,-0.01,61.32,44589.12,-1
2025-08-21,2025-08-21 12:58:00,735.33,735.33,735.29,735.29,-0.01,61.32,44589.12,-1
2025-08-21,2025-08-21 12:59:00,735.29,735.29,735.25,735.25,-0.01,61.32,44589.12,-1
2025-08-21,2025-08-21 13:00:00,735.25,740.0,715.0,735.22,-0.0,61.32,44589.12,-1
2025-08-21,2025-08-21 13:01:00,735.22,735.22,735.18,735.18,-0.01,61.32,44589.12,-1
2025-08-21,2025-08-21 13:02:00,735.18,735.18,735.14,735.14,-0.01,61.32,44589.12,-1
2025-08-21,2025-08-21 13:03:00,735.14,735.14,735.1,735.1,-0.01,61.32,44589.12,-1
2025-08-21,2025-08-21 13:04:00,735.1,735.1,735.06,735.06,-0.01,61.32,44589.12,-1
2025-08-21,2025-08-21 13:05:00,735.06,735.06,735.02,735.02,-0.01,61.32,44589.12,-1
2025-08-21,2025-08-21 13:06:00,735.02,735.02,734.98,734.98,-0.01,61.32,44589.12,-1
2025-08-21,2025-08-21 13:07:00,734.98,734.98,734.95,734.95,-0.0,61.32,44589.12,-1
2025-08-21,2025-08-21 13:08:00,734.95,734.95,734.91,734.91,-0.01,61.32,44589.12,-1
2025-08-21,2025-08-21 13:09:00,734.91,734.91,734.87,734.87,-0.01,61.32,44589.12,-1
2025-08-21,2025-08-21 13:10:00,734.87,734.87,734.83,734.83,-0.01,61.32,44589.12,-1
2025-08-21,2025-08-21 13:11:00,734.83,734.83,734.79,734.79,-0.01,61.32,44589.12,-1
2025-08-21,2025-08-21 13:12:00,734.79,734.79,734.75,734.75,-0.01,61.32,44589.12,-1
2025-08-21,2025-08-21 13:13:00,734.75,734.75,734.71,734.71,-0.01,61.32,44589.12,-1
2025-08-21,2025-08-21 13:14:00,734.71,734.71,734.67,734.67,-0.01,61.32,44589.12,-1
2025-08-21,2025-08-21 13:15:00,734.67,734.67,734.64,734.64,-0.0,61.32,44589.12,-1
2025-08-21,2025-08-21 13:16:00,734.64,734.64,734.6,734.6,-0.01,61.32,44589.12,-1
2025-08-21,2025-08-21 13:17:00,734.6,734.6,734.56,734.56,-0.01,61.32,44589.12,-1
2025-08-21,2025-08-21 13:18:00,734.56,734.56,734.52,734.52,-0.01,61.32,44589.12,-1
2025-08-21,2025-08-21 13:19:00,734.52,734.52,734.48,734.48,-0.01,61.32,44589.12,-1
2025-08-21,2025-08-21 13:20:00,734.48,734.48,734.44,734.44,-0.01,61.32,44589.12,-1
2025-08-21,2025-08-21 13:21:00,734.44,734.44,734.4,734.4,-0.01,61.32,44589.12,-1
2025-08-21,2025-08-21 13:22:00,734.4,734.4,734.36,734.36,-0.01,61.32,44589.12,-1
2025-08-21,2025-08-21 13:23:00,734.36,734.36,734.33,734.33,-0.0,61.32,44589.12,-1
2025-08-21,2025-08-21 13:24:00,734.33,734.33,734.29,734.29,-0.01,61.32,44589.12,-1
2025-08-21,2025-08-21 13:25:00,734.29,734.29,734.25,734.25,-0.01,61.32,44589.12,-1
2025-08-21,2025-08-21 13:26:00,734.25,734.25,734.21,734.21,-0.01,61.32,44589.12,-1
2025-08-21,2025-08-21 13:27:00,734.21,734.21,734.17,734.17,-0.01,61.32,44589.12,-1
2025-08-21,2025-08-21 13:28:00,734.17,734.17,734.13,734.13,-0.01,61.32,44589.12,-1
2025-08-21,2025-08-21 13:29:00,734.13,734.13,734.09,734.09,-0.01,61.32,44589.12,-1
2025-08-21,2025-08-21 13:30:00,734.09,734.09,734.06,734.06,-0.0,61.32,44589.12,-1
2025-08-21,2025-08-21 13:31:00,734.06,734.06,734.02,734.02,-0.01,61.32,44589.12,-1
2025-08-21,2025-08-21 13:32:00,734.02,734.02,733.98,733.98,-0.01,61.32,44589.12,-1
2025-08-21,2025-08-21 13:33:00,733.98,733.98,733.94,733.94,-0.01,61.32,44589.12,-1
2025-08-21,2025-08-21 13:34:00,733.94,733.94,733.9,733.9,-0.01,61.32,44589.12,-1
2025-08-21,2025-08-21 13:35:00,733.9,733.9,733.86,733.86,-0.01,61.32,44589.12,-1
2025-08-21,2025-08-21 13:36:00,733.86,733.86,733.82,733.82,-0.01,61.32,44589.12,-1
2025-08-21,2025-08-21 13:37:00,733.82,733.82,733.78,733.78,-0.01,61.32,44589.12,-1
2025-08-21,2025-08-21 13:38:00,733.78,733.78,733.75,733.75,-0.0,61.32,44589.12,-1
2025-08-21,2025-08-21 13:39:00,733.75,733.75,733.71,733.71,-0.01,61.32,44589.12,-1
2025-08-21,2025-08-21 13:40:00,733.71,733.71,733.67,733.67,-0.01,61.32,44589.12,-1
2025-08-21,2025-08-21 13:41:00,733.67,733.67,733.63,733.63,-0.01,61.32,44589.12,-1
2025-08-21,2025-08-21 13:42:00,733.63,733.63,733.59,733.59,-0.01,61.32,44589.12,-1
2025-08-21,2025-08-21 13:43:00,733.59,733.59,733.55,733.55,-0.01,61.32,44589.12,-1
2025-08-21,2025-08-21 13:44:00,733.55,733.55,733.51,733.51,-0.01,61.32,44589.12,-1
2025-08-21,2025-08-21 13:45:00,733.51,733.51,733.47,733.47,-0.01,61.32,44589.12,-1
2025-08-21,2025-08-21 13:46:00,733.47,733.47,733.44,733.44,-0.0,61.32,44589.12,-1
2025-08-21,2025-08-21 13:47:00,733.44,733.44,733.4,733.4,-0.01,61.32,44589.12,-1
2025-08-21,2025-08-21 13:48:00,733.4,733.4,733.36,733.36,-0.01,61.32,44589.12,-1
2025-08-21,2025-08-21 13:49:00,733.36,733.36,733.32,733.32,-0.01,61.32,44589.12,-1
2025-08-21,2025-08-21 13:50:00,733.32,733.32,733.28,733.28,-0.01,61.32,44589.12,-1
2025-08-21,2025-08-21 13:51:00,733.28,733.28,733.24,733.24,-0.01,61.32,44589.12,-1
2025-08-21,2025-08-21 13:52:00,733.24,733.24,733.2,733.2,-0.01,61.32,44589.12,-1
2025-08-21,2025-08-21 13:53:00,733.2,733.2,733.16,733.16,-0.01,61.32,44589.12,-1
2025-08-21,2025-08-21 13:54:00,733.16,733.16,733.13,733.13,-0.0,61.32,44589.12,-1
2025-08-21,2025-08-21 13:55:00,733.13,733.13,733.09,733.09,-0.01,61.32,44589.12,-1
2025-08-21,2025-08-21 13:56:00,733.09,733.09,733.05,733.05,-0.01,61.32,44589.12,-1
2025-08-21,2025-08-21 13:57:00,733.05,733.05,733.01,733.01,-0.01,61.32,44589.12,-1
2025-08-21,2025-08-21 13:58:00,733.01,733.01,732.97,732.97,-0.01,61.32,44589.12,-1
2025-08-21,2025-08-21 13:59:00,732.97,732.97,732.93,732.93,-0.01,61.32,44589.12,-1
2025-08-21,2025-08-21 14:00:00,732.93,732.93,732.89,732.89,-0.01,61.32,44589.12,-1
2025-08-21,2025-08-21 14:01:00,732.89,732.89,732.86,732.86,-0.0,61.32,44589.12,-1
2025-08-21,2025-08-21 14:02:00,732.86,732.86,732.82,732.82,-0.01,61.32,44589.12,-1
2025-08-21,2025-08-21 14:03:00,732.82,732.82,732.78,732.78,-0.01,61.32,44589.12,-1
2025-08-21,2025-08-21 14:04:00,732.78,732.78,732.74,732.74,-0.01,61.32,44589.12,-1
2025-08-21,2025-08-21 14:05:00,732.74,732.74,732.7,732.7,-0.01,61.32,44589.12,-1
2025-08-21,2025-08-21 14:06:00,732.7,732.7,732.66,732.66,-0.01,61.32,44589.12,-1
2025-08-21,2025-08-21 14:07:00,732.66,732.66,732.62,732.62,-0.01,61.32,44589.12,-1
2025-08-21,2025-08-21 14:08:00,732.62,732.62,732.58,732.58,-0.01,61.32,44589.12,-1
2025-08-21,2025-08-21 14:09:00,732.58,732.58,732.55,732.55,-0.0,61.32,44589.12,-1
2025-08-21,2025-08-21 14:10:00,732.55,732.55,732.51,732.51,-0.01,61.32,44589.12,-1
2025-08-21,2025-08-21 14:11:00,732.51,732.51,732.47,732.47,-0.01,61.32,44589.12,-1
2025-08-21,2025-08-21 14:12:00,732.47,732.47,732.43,732.43,-0.01,61.32,44589.12,-1
2025-08-21,2025-08-21 14:13:00,732.43,732.43,732.39,732.39,-0.01,61.32,44589.12,-1
2025-08-21,2025-08-21 14:14:00,732.39,732.39,732.35,732.35,-0.01,61.32,44589.12,-1
2025-08-21,2025-08-21 14:15:00,732.35,732.35,732.31,732.31,-0.01,61.32,44589.12,-1
2025-08-21,2025-08-21 14:16:00,732.31,732.31,732.27,732.27,-0.01,61.32,44589.12,-1
2025-08-21,2025-08-21 14:17:00,732.27,732.27,732.24,732.24,-0.0,61.32,44589.12,-1
2025-08-21,2025-08-21 14:18:00,732.24,732.24,732.2,732.2,-0.01,61.32,44589.12,-1
2025-08-21,2025-08-21 14:19:00,732.2,732.2,732.16,732.16,-0.01,61.32,44589.12,-1
2025-08-21,2025-08-21 14:20:00,732.16,732.16,732.12,732.12,-0.01,61.32,44589.12,-1
2025-08-21,2025-08-21 14:21:00,732.12,732.12,732.08,732.08,-0.01,61.32,44589.12,-1
2025-08-21,2025-08-21 14:22:00,732.08,732.08,732.04,732.04,-0.01,61.32,44589.12,-1
2025-08-21,2025-08-21 14:23:00,732.04,732.04,732.0,732.0,-0.01,61.32,44589.12,-1
2025-08-21,2025-08-21 14:24:00,732.0,732.0,731.96,731.96,-0.01,61.32,44589.12,-1
2025-08-21,2025-08-21 14:25:00,731.96,731.96,731.93,731.93,-0.0,61.32,44589.12,-1
2025-08-21,2025-08-21 14:26:00,731.93,731.93,731.89,731.89,-0.01,61.32,44589.12,-1
2025-08-21,2025-08-21 14:27:00,731.89,731.89,731.85,731.85,-0.01,61.32,44589.12,-1
2025-08-21,2025-08-21 14:28:00,731.85,731.85,731.81,731.81,-0.01,61.32,44589.12,-1
2025-08-21,2025-08-21 14:29:00,731.81,731.81,731.77,731.77,-0.01,61.32,44589.12,-1
2025-08-21,2025-08-21 14:30:00,731.77,731.77,731.73,731.73,-0.01,61.32,44589.12,-1
2025-08-21,2025-08-21 14:31:00,731.73,731.73,731.69,731.69,-0.01,61.32,44589.12,-1
2025-08-21,2025-08-21 14:32:00,731.69,731.69,731.66,731.66,-0.0,61.32,44589.12,-1
2025-08-21,2025-08-21 14:33:00,731.66,731.66,731.62,731.62,-0.01,61.32,44589.12,-1
2025-08-21,2025-08-21 14:34:00,731.62,731.62,731.58,731.58,-0.01,61.32,44589.12,-1
2025-08-21,2025-08-21 14:35:00,731.58,731.58,731.54,731.54,-0.01,61.32,44589.12,-1
2025-08-21,2025-08-21 14:36:00,731.54,731.54,731.5,731.5,-0.01,61.32,44589.12,-1
2025-08-21,2025-08-21 14:37:00,731.5,731.5,731.46,731.46,-0.01,61.32,44589.12,-1
2025-08-21,2025-08-21 14:38:00,731.46,731.46,731.42,731.42,-0.01,61.32,44589.12,-1
2025-08-21,2025-08-21 14:39:00,731.42,731.42,731.38,731.38,-0.01,61.32,44589.12,-1
2025-08-21,2025-08-21 14:40:00,731.38,731.38,731.35,731.35,-0.0,61.32,44589.12,-1
2025-08-21,2025-08-21 14:41:00,731.35,731.35,731.31,731.31,-0.01,61.32,44589.12,-1
2025-08-21,2025-08-21 14:42:00,731.31,731.31,731.27,731.27,-0.01,61.32,44589.12,-1
2025-08-21,2025-08-21 14:43:00,731.27,731.27,731.23,731.23,-0.01,61.32,44589.12,-1
2025-08-21,2025-08-21 14:44:00,731.23,731.23,731.19,731.19,-0.01,61.32,44589.12,-1
2025-08-21,2025-08-21 14:45:00,731.19,731.19,731.15,731.15,-0.01,61.32,44589.12,-1
2025-08-21,2025-08-21 14:46:00,731.15,731.15,731.11,731.11,-0.01,61.32,44589.12,-1
2025-08-21,2025-08-21 14:47:00,731.11,731.11,731.07,731.07,-0.01,61.32,44589.12,-1
2025-08-21,2025-08-21 14:48:00,731.07,731.07,731.04,731.04,-0.0,61.32,44589.12,-1
2025-08-21,2025-08-21 14:49:00,731.04,731.04,731.0,731.0,-0.01,61.32,44589.12,-1
2025-08-21,2025-08-21 14:50:00,731.0,731.0,730.96,730.96,-0.01,61.32,44589.12,-1
2025-08-21,2025-08-21 14:51:00,730.96,730.96,730.92,730.92,-0.01,61.32,44589.12,-1
2025-08-21,2025-08-21 14:52:00,730.92,730.92,730.88,730.88,-0.01,61.32,44589.12,-1
2025-08-21,2025-08-21 14:53:00,730.88,730.88,730.84,730.84,-0.01,61.32,44589.12,-1
2025-08-21,2025-08-21 14:54:00,730.84,730.84,730.8,730.8,-0.01,61.32,44589.12,-1
2025-08-21,2025-08-21 14:55:00,730.8,730.8,730.76,730.76,-0.01,61.32,44589.12,-1
2025-08-21,2025-08-21 14:56:00,730.76,730.76,730.73,730.73,-0.0,61.32,44589.12,-1
2025-08-21,2025-08-21 14:57:00,730.73,730.73,730.69,730.69,-0.01,61.32,44589.12,-1
2025-08-21,2025-08-21 14:58:00,730.69,730.69,730.65,730.65,-0.01,61.32,44589.12,-1
2025-08-21,2025-08-21 14:59:00,730.65,730.65,730.61,730.61,-0.01,61.32,44589.12,-1
2025-08-21,2025-08-21 15:00:00,730.61,740.0,715.0,730.61,0.0,61.32,44589.12,0
2025-08-24,2025-08-24 11:00:00,745.2,745.2,734.04,745.08,-0.02,36.52,26322.38,-1
2025-08-24,2025-08-24 11:01:00,745.08,745.08,744.96,744.96,-0.02,36.52,26322.38,-1
2025-08-24,2025-08-24 11:02:00,744.96,744.96,744.84,744.84,-0.02,36.52,26322.38,-1
2025-08-24,2025-08-24 11:03:00,744.84,744.84,744.72,744.72,-0.02,36.52,26322.38,-1
2025-08-24,2025-08-24 11:04:00,744.72,744.72,744.6,744.6,-0.02,36.52,26322.38,-1
2025-08-24,2025-08-24 11:05:00,744.6,744.6,744.48,744.48,-0.02,36.52,26322.38,-1
2025-08-24,2025-08-24 11:06:00,744.48,744.48,744.36,744.36,-0.02,36.52,26322.38,-1
2025-08-24,2025-08-24 11:07:00,744.36,744.36,744.23,744.23,-0.02,36.52,26322.38,-1
2025-08-24,2025-08-24 11:08:00,744.23,744.23,744.11,744.11,-0.02,36.52,26322.38,-1
2025-08-24,2025-08-24 11:09:00,744.11,744.11,743.99,743.99,-0.02,36.52,26322.38,-1
2025-08-24,2025-08-24 11:10:00,743.99,743.99,743.87,743.87,-0.02,36.52,26322.38,-1
2025-08-24,2025-08-24 11:11:00,743.87,743.87,743.75,743.75,-0.02,36.52,26322.38,-1
2025-08-24,2025-08-24 11:12:00,743.75,743.75,743.63,743.63,-0.02,36.52,26322.38,-1
2025-08-24,2025-08-24 11:13:00,743.63,743.63,743.51,743.51,-0.02,36.52,26322.38,-1
2025-08-24,2025-08-24 11:14:00,743.51,743.51,743.39,743.39,-0.02,36.52,26322.38,-1
2025-08-24,2025-08-24 11:15:00,743.39,743.39,743.27,743.27,-0.02,36.52,26322.38,-1
2025-08-24,2025-08-24 11:16:00,743.27,743.27,743.15,743.15,-0.02,36.52,26322.38,-1
2025-08-24,2025-08-24 11:17:00,743.15,743.15,743.03,743.03,-0.02,36.52,26322.38,-1
2025-08-24,2025-08-24 11:18:00,743.03,743.03,742.91,742.91,-0.02,36.52,26322.38,-1
2025-08-24,2025-08-24 11:19:00,742.91,742.91,742.79,742.79,-0.02,36.52,26322.38,-1
2025-08-24,2025-08-24 11:20:00,742.79,742.79,742.67,742.67,-0.02,36.52,26322.38,-1
2025-08-24,2025-08-24 11:21:00,742.67,742.67,742.55,742.55,-0.02,36.52,26322.38,-1
2025-08-24,2025-08-24 11:22:00,742.55,742.55,742.42,742.42,-0.02,36.52,26322.38,-1
2025-08-24,2025-08-24 11:23:00,742.42,742.42,742.3,742.3,-0.02,36.52,26322.38,-1
2025-08-24,2025-08-24 11:24:00,742.3,742.3,742.18,742.18,-0.02,36.52,26322.38,-1
2025-08-24,2025-08-24 11:25:00,742.18,742.18,742.06,742.06,-0.02,36.52,26322.38,-1
2025-08-24,2025-08-24 11:26:00,742.06,742.06,741.94,741.94,-0.02,36.52,26322.38,-1
2025-08-24,2025-08-24 11:27:00,741.94,741.94,741.82,741.82,-0.02,36.52,26322.38,-1
2025-08-24,2025-08-24 11:28:00,741.82,741.82,741.7,741.7,-0.02,36.52,26322.38,-1
2025-08-24,2025-08-24 11:29:00,741.7,741.7,741.58,741.58,-0.02,36.52,26322.38,-1
2025-08-24,2025-08-24 11:30:00,741.58,741.58,741.46,741.46,-0.02,36.52,26322.38,-1
2025-08-24,2025-08-24 11:31:00,741.46,741.46,741.34,741.34,-0.02,36.52,26322.38,-1
2025-08-24,2025-08-24 11:32:00,741.34,741.34,741.22,741.22,-0.02,36.52,26322.38,-1
2025-08-24,2025-08-24 11:33:00,741.22,741.22,741.1,741.1,-0.02,36.52,26322.38,-1
2025-08-24,2025-08-24 11:34:00,741.1,741.1,740.98,740.98,-0.02,36.52,26322.38,-1
2025-08-24,2025-08-24 11:35:00,740.98,740.98,740.86,740.86,-0.02,36.52,26322.38,-1
2025-08-24,2025-08-24 11:36:00,740.86,740.86,740.74,740.74,-0.02,36.52,26322.38,-1
2025-08-24,2025-08-24 11:37:00,740.74,740.74,740.61,740.61,-0.02,36.52,26322.38,-1
2025-08-24,2025-08-24 11:38:00,740.61,740.61,740.49,740.49,-0.02,36.52,26322.38,-1
2025-08-24,2025-08-24 11:39:00,740.49,740.49,740.37,740.37,-0.02,36.52,26322.38,-1
2025-08-24,2025-08-24 11:40:00,740.37,740.37,740.25,740.25,-0.02,36.52,26322.38,-1
2025-08-24,2025-08-24 11:41:00,740.25,740.25,740.13,740.13,-0.02,36.52,26322.38,-1
2025-08-24,2025-08-24 11:42:00,740.13,740.13,740.01,740.01,-0.02,36.52,26322.38,-1
2025-08-24,2025-08-24 11:43:00,740.01,740.01,739.89,739.89,-0.02,36.52,26322.38,-1
2025-08-24,2025-08-24 11:44:00,739.89,739.89,739.77,739.77,-0.02,36.52,26322.38,-1
2025-08-24,2025-08-24 11:45:00,739.77,739.77,739.65,739.65,-0.02,36.52,26322.38,-1
2025-08-24,2025-08-24 11:46:00,739.65,739.65,739.53,739.53,-0.02,36.52,26322.38,-1
2025-08-24,2025-08-24 11:47:00,739.53,739.53,739.41,739.41,-0.02,36.52,26322.38,-1
2025-08-24,2025-08-24 11:48:00,739.41,739.41,739.29,739.29,-0.02,36.52,26322.38,-1
2025-08-24,2025-08-24 11:49:00,739.29,739.29,739.17,739.17,-0.02,36.52,26322.38,-1
2025-08-24,2025-08-24 11:50:00,739.17,739.17,739.05,739.05,-0.02,36.52,26322.38,-1
2025-08-24,2025-08-24 11:51:00,739.05,739.05,738.93,738.93,-0.02,36.52,26322.38,-1
2025-08-24,2025-08-24 11:52:00,738.93,738.93,738.8,738.8,-0.02,36.52,26322.38,-1
2025-08-24,2025-08-24 11:53:00,738.8,738.8,738.68,738.68,-0.02,36.52,26322.38,-1
2025-08-24,2025-08-24 11:54:00,738.68,738.68,738.56,738.56,-0.02,36.52,26322.38,-1
2025-08-24,2025-08-24 11:55:00,738.56,738.56,738.44,738.44,-0.02,36.52,26322.38,-1
2025-08-24,2025-08-24 11:56:00,738.44,738.44,738.32,738.32,-0.02,36.52,26322.38,-1
2025-08-24,2025-08-24 11:57:00,738.32,738.32,738.2,738.2,-0.02,36.52,26322.38,-1
2025-08-24,2025-08-24 11:58:00,738.2,738.2,738.08,738.08,-0.02,36.52,26322.38,-1
2025-08-24,2025-08-24 11:59:00,738.08,738.08,737.96,737.96,-0.02,36.52,26322.38,-1
2025-08-24,2025-08-24 12:00:00,737.96,737.96,737.84,737.84,-0.02,36.52,26322.38,-1
2025-08-24,2025-08-24 12:01:00,737.84,737.84,737.72,737.72,-0.02,36.52,26322.38,-1
2025-08-24,2025-08-24 12:02:00,737.72,737.72,737.6,737.6,-0.02,36.52,26322.38,-1
2025-08-24,2025-08-24 12:03:00,737.6,737.6,737.48,737.48,-0.02,36.52,26322.38,-1
2025-08-24,2025-08-24 12:04:00,737.48,737.48,737.36,737.36,-0.02,36.52,26322.38,-1
2025-08-24,2025-08-24 12:05:00,737.36,737.36,737.24,737.24,-0.02,36.52,26322.38,-1
2025-08-24,2025-08-24 12:06:00,737.24,737.24,737.12,737.12,-0.02,36.52,26322.38,-1
2025-08-24,2025-08-24 12:07:00,737.12,737.12,736.99,736.99,-0.02,36.52,26322.38,-1
2025-08-24,2025-08-24 12:08:00,736.99,736.99,736.87,736.87,-0.02,36.52,26322.38,-1
2025-08-24,2025-08-24 12:09:00,736.87,736.87,736.75,736.75,-0.02,36.52,26322.38,-1
2025-08-24,2025-08-24 12:10:00,736.75,736.75,736.63,736.63,-0.02,36.52,26322.38,-1
2025-08-24,2025-08-24 12:11:00,736.63,736.63,736.51,736.51,-0.02,36.52,26322.38,-1
2025-08-24,2025-08-24 12:12:00,736.51,736.51,736.39,736.39,-0.02,36.52,26322.38,-1
2025-08-24,2025-08-24 12:13:00,736.39,736.39,736.27,736.27,-0.02,36.52,26322.38,-1
2025-08-24,2025-08-24 12:14:00,736.27,736.27,736.15,736.15,-0.02,36.52,26322.38,-1
2025-08-24,2025-08-24 12:15:00,736.15,736.15,736.03,736.03,-0.02,36.52,26322.38,-1
2025-08-24,2025-08-24 12:16:00,736.03,736.03,735.91,735.91,-0.02,36.52,26322.38,-1
2025-08-24,2025-08-24 12:17:00,735.91,735.91,735.79,735.79,-0.02,36.52,26322.38,-1
2025-08-24,2025-08-24 12:18:00,735.79,735.79,735.67,735.67,-0.02,36.52,26322.38,-1
2025-08-24,2025-08-24 12:19:00,735.67,735.67,735.55,735.55,-0.02,36.52,26322.38,-1
2025-08-24,2025-08-24 12:20:00,735.55,735.55,735.43,735.43,-0.02,36.52,26322.38,-1
2025-08-24,2025-08-24 12:21:00,735.43,735.43,735.31,735.31,-0.02,36.52,26322.38,-1
2025-08-24,2025-08-24 12:22:00,735.31,735.31,735.18,735.18,-0.02,36.52,26322.38,-1
2025-08-24,2025-08-24 12:23:00,735.18,735.18,735.06,735.06,-0.02,36.52,26322.38,-1
2025-08-24,2025-08-24 12:24:00,735.06,735.06,734.94,734.94,-0.02,36.52,26322.38,-1
2025-08-24,2025-08-24 12:25:00,734.94,734.94,734.82,734.82,-0.02,36.52,26322.38,-1
2025-08-24,2025-08-24 12:26:00,734.82,734.82,734.7,734.7,-0.02,36.52,26322.38,-1
2025-08-24,2025-08-24 12:27:00,734.7,734.7,734.58,734.58,-0.02,36.52,26322.38,-1
2025-08-24,2025-08-24 12:28:00,734.58,734.58,734.46,734.46,-0.02,36.52,26322.38,-1
2025-08-24,2025-08-24 12:29:00,734.46,734.46,734.34,734.34,-0.02,36.52,26322.38,-1
2025-08-24,2025-08-24 12:30:00,734.34,734.34,734.22,734.22,-0.02,36.52,26322.38,-1
2025-08-24,2025-08-24 12:31:00,734.22,734.22,734.1,734.1,-0.02,36.52,26322.38,-1
2025-08-24,2025-08-24 12:32:00,734.1,734.1,733.98,733.98,-0.02,36.52,26322.38,-1
2025-08-24,2025-08-24 12:33:00,733.98,733.98,733.86,733.86,-0.02,36.52,26322.38,-1
2025-08-24,2025-08-24 12:34:00,733.86,733.86,733.74,733.74,-0.02,36.52,26322.38,-1
2025-08-24,2025-08-24 12:35:00,733.74,733.74,733.62,733.62,-0.02,36.52,26322.38,-1
2025-08-24,2025-08-24 12:36:00,733.62,733.62,733.5,733.5,-0.02,36.52,26322.38,-1
2025-08-24,2025-08-24 12:37:00,733.5,733.5,733.37,733.37,-0.02,36.52,26322.38,-1
2025-08-24,2025-08-24 12:38:00,733.37,733.37,733.25,733.25,-0.02,36.52,26322.38,-1
2025-08-24,2025-08-24 12:39:00,733.25,733.25,733.13,733.13,-0.02,36.52,26322.38,-1
2025-08-24,2025-08-24 12:40:00,733.13,733.13,733.01,733.01,-0.02,36.52,26322.38,-1
2025-08-24,2025-08-24 12:41:00,733.01,733.01,732.89,732.89,-0.02,36.52,26322.38,-1
2025-08-24,2025-08-24 12:42:00,732.89,732.89,732.77,732.77,-0.02,36.52,26322.38,-1
2025-08-24,2025-08-24 12:43:00,732.77,732.77,732.65,732.65,-0.02,36.52,26322.38,-1
2025-08-24,2025-08-24 12:44:00,732.65,732.65,732.53,732.53,-0.02,36.52,26322.38,-1
2025-08-24,2025-08-24 12:45:00,732.53,732.53,732.41,732.41,-0.02,36.52,26322.38,-1
2025-08-24,2025-08-24 12:46:00,732.41,732.41,732.29,732.29,-0.02,36.52,26322.38,-1
2025-08-24,2025-08-24 12:47:00,732.29,732.29,732.17,732.17,-0.02,36.52,26322.38,-1
2025-08-24,2025-08-24 12:48:00,732.17,732.17,732.05,732.05,-0.02,36.52,26322.38,-1
2025-08-24,2025-08-24 12:49:00,732.05,732.05,731.93,731.93,-0.02,36.52,26322.38,-1
2025-08-24,2025-08-24 12:50:00,731.93,731.93,731.81,731.81,-0.02,36.52,26322.38,-1
2025-08-24,2025-08-24 12:51:00,731.81,731.81,731.69,731.69,-0.02,36.52,26322.38,-1
2025-08-24,2025-08-24 12:52:00,731.69,731.69,731.56,731.56,-0.02,36.52,26322.38,-1
2025-08-24,2025-08-24 12:53:00,731.56,731.56,731.44,731.44,-0.02,36.52,26322.38,-1
2025-08-24,2025-08-24 12:54:00,731.44,731.44,731.32,731.32,-0.02,36.52,26322.38,-1
2025-08-24,2025-08-24 12:55:00,731.32,731.32,731.2,731.2,-0.02,36.52,26322.38,-1
2025-08-24,2025-08-24 12:56:00,731.2,731.2,731.08,731.08,-0.02,36.52,26322.38,-1
2025-08-24,2025-08-24 12:57:00,731.08,731.08,730.96,730.96,-0.02,36.52,26322.38,-1
2025-08-24,2025-08-24 12:58:00,730.96,730.96,730.84,730.84,-0.02,36.52,26322.38,-1
2025-08-24,2025-08-24 12:59:00,730.84,730.84,730.72,730.72,-0.02,36.52,26322.38,-1
2025-08-24,2025-08-24 13:00:00,730.72,745.2,708.0,730.6,-0.02,36.52,26322.38,-1
2025-08-24,2025-08-24 13:01:00,730.6,730.6,730.48,730.48,-0.02,36.52,26322.38,-1
2025-08-24,2025-08-24 13:02:00,730.48,730.48,730.36,730.36,-0.02,36.52,26322.38,-1
2025-08-24,2025-08-24 13:03:00,730.36,730.36,730.24,730.24,-0.02,36.52,26322.38,-1
2025-08-24,2025-08-24 13:04:00,730.24,730.24,730.12,730.12,-0.02,36.52,26322.38,-1
2025-08-24,2025-08-24 13:05:00,730.12,730.12,730.0,730.0,-0.02,36.52,26322.38,-1
2025-08-24,2025-08-24 13:06:00,730.0,730.0,729.88,729.88,-0.02,36.52,26322.38,-1
2025-08-24,2025-08-24 13:07:00,729.88,729.88,729.75,729.75,-0.02,36.52,26322.38,-1
2025-08-24,2025-08-24 13:08:00,729.75,729.75,729.63,729.63,-0.02,36.52,26322.38,-1
2025-08-24,2025-08-24 13:09:00,729.63,729.63,729.51,729.51,-0.02,36.52,26322.38,-1
2025-08-24,2025-08-24 13:10:00,729.51,729.51,729.39,729.39,-0.02,36.52,26322.38,-1
2025-08-24,2025-08-24 13:11:00,729.39,729.39,729.27,729.27,-0.02,36.52,26322.38,-1
2025-08-24,2025-08-24 13:12:00,729.27,729.27,729.15,729.15,-0.02,36.52,26322.38,-1
2025-08-24,2025-08-24 13:13:00,729.15,729.15,729.03,729.03,-0.02,36.52,26322.38,-1
2025-08-24,2025-08-24 13:14:00,729.03,729.03,728.91,728.91,-0.02,36.52,26322.38,-1
2025-08-24,2025-08-24 13:15:00,728.91,728.91,728.79,728.79,-0.02,36.52,26322.38,-1
2025-08-24,2025-08-24 13:16:00,728.79,728.79,728.67,728.67,-0.02,36.52,26322.38,-1
2025-08-24,2025-08-24 13:17:00,728.67,728.67,728.55,728.55,-0.02,36.52,26322.38,-1
2025-08-24,2025-08-24 13:18:00,728.55,728.55,728.43,728.43,-0.02,36.52,26322.38,-1
2025-08-24,2025-08-24 13:19:00,728.43,728.43,728.31,728.31,-0.02,36.52,26322.38,-1
2025-08-24,2025-08-24 13:20:00,728.31,728.31,728.19,728.19,-0.02,36.52,26322.38,-1
2025-08-24,2025-08-24 13:21:00,728.19,728.19,728.07,728.07,-0.02,36.52,26322.38,-1
2025-08-24,2025-08-24 13:22:00,728.07,728.07,727.94,727.94,-0.02,36.52,26322.38,-1
2025-08-24,2025-08-24 13:23:00,727.94,727.94,727.82,727.82,-0.02,36.52,26322.38,-1
2025-08-24,2025-08-24 13:24:00,727.82,727.82,727.7,727.7,-0.02,36.52,26322.38,-1
2025-08-24,2025-08-24 13:25:00,727.7,727.7,727.58,727.58,-0.02,36.52,26322.38,-1
2025-08-24,2025-08-24 13:26:00,727.58,727.58,727.46,727.46,-0.02,36.52,26322.38,-1
2025-08-24,2025-08-24 13:27:00,727.46,727.46,727.34,727.34,-0.02,36.52,26322.38,-1
2025-08-24,2025-08-24 13:28:00,727.34,727.34,727.22,727.22,-0.02,36.52,26322.38,-1
2025-08-24,2025-08-24 13:29:00,727.22,727.22,727.1,727.1,-0.02,36.52,26322.38,-1
2025-08-24,2025-08-24 13:30:00,727.1,727.1,726.98,726.98,-0.02,36.52,26322.38,-1
2025-08-24,2025-08-24 13:31:00,726.98,726.98,726.86,726.86,-0.02,36.52,26322.38,-1
2025-08-24,2025-08-24 13:32:00,726.86,726.86,726.74,726.74,-0.02,36.52,26322.38,-1
2025-08-24,2025-08-24 13:33:00,726.74,726.74,726.62,726.62,-0.02,36.52,26322.38,-1
2025-08-24,2025-08-24 13:34:00,726.62,726.62,726.5,726.5,-0.02,36.52,26322.38,-1
2025-08-24,2025-08-24 13:35:00,726.5,726.5,726.38,726.38,-0.02,36.52,26322.38,-1
2025-08-24,2025-08-24 13:36:00,726.38,726.38,726.26,726.26,-0.02,36.52,26322.38,-1
2025-08-24,2025-08-24 13:37:00,726.26,726.26,726.13,726.13,-0.02,36.52,26322.38,-1
2025-08-24,2025-08-24 13:38:00,726.13,726.13,726.01,726.01,-0.02,36.52,26322.38,-1
2025-08-24,2025-08-24 13:39:00,726.01,726.01,725.89,725.89,-0.02,36.52,26322.38,-1
2025-08-24,2025-08-24 13:40:00,725.89,725.89,725.77,725.77,-0.02,36.52,26322.38,-1
2025-08-24,2025-08-24 13:41:00,725.77,725.77,725.65,725.65,-0.02,36.52,26322.38,-1
2025-08-24,2025-08-24 13:42:00,725.65,725.65,725.53,725.53,-0.02,36.52,26322.38,-1
2025-08-24,2025-08-24 13:43:00,725.53,725.53,725.41,725.41,-0.02,36.52,26322.38,-1
2025-08-24,2025-08-24 13:44:00,725.41,725.41,725.29,725.29,-0.02,36.52,26322.38,-1
2025-08-24,2025-08-24 13:45:00,725.29,725.29,725.17,725.17,-0.02,36.52,26322.38,-1
2025-08-24,2025-08-24 13:46:00,725.17,725.17,725.05,725.05,-0.02,36.52,26322.38,-1
2025-08-24,2025-08-24 13:47:00,725.05,725.05,724.93,724.93,-0.02,36.52,26322.38,-1
2025-08-24,2025-08-24 13:48:00,724.93,724.93,724.81,724.81,-0.02,36.52,26322.38,-1
2025-08-24,2025-08-24 13:49:00,724.81,724.81,724.69,724.69,-0.02,36.52,26322.38,-1
2025-08-24,2025-08-24 13:50:00,724.69,724.69,724.57,724.57,-0.02,36.52,26322.38,-1
2025-08-24,2025-08-24 13:51:00,724.57,724.57,724.45,724.45,-0.02,36.52,26322.38,-1
2025-08-24,2025-08-24 13:52:00,724.45,724.45,724.32,724.32,-0.02,36.52,26322.38,-1
2025-08-24,2025-08-24 13:53:00,724.32,724.32,724.2,724.2,-0.02,36.52,26322.38,-1
2025-08-24,2025-08-24 13:54:00,724.2,724.2,724.08,724.08,-0.02,36.52,26322.38,-1
2025-08-24,2025-08-24 13:55:00,724.08,724.08,723.96,723.96,-0.02,36.52,26322.38,-1
2025-08-24,2025-08-24 13:56:00,723.96,723.96,723.84,723.84,-0.02,36.52,26322.38,-1
2025-08-24,2025-08-24 13:57:00,723.84,723.84,723.72,723.72,-0.02,36.52,26322.38,-1
2025-08-24,2025-08-24 13:58:00,723.72,723.72,723.6,723.6,-0.02,36.52,26322.38,-1
2025-08-24,2025-08-24 13:59:00,723.6,723.6,723.48,723.48,-0.02,36.52,26322.38,-1
2025-08-24,2025-08-24 14:00:00,723.48,723.48,723.36,723.36,-0.02,36.52,26322.38,-1
2025-08-24,2025-08-24 14:01:00,723.36,723.36,723.24,723.24,-0.02,36.52,26322.38,-1
2025-08-24,2025-08-24 14:02:00,723.24,723.24,723.12,723.12,-0.02,36.52,26322.38,-1
2025-08-24,2025-08-24 14:03:00,723.12,723.12,723.0,723.0,-0.02,36.52,26322.38,-1
2025-08-24,2025-08-24 14:04:00,723.0,723.0,722.88,722.88,-0.02,36.52,26322.38,-1
2025-08-24,2025-08-24 14:05:00,722.88,722.88,722.76,722.76,-0.02,36.52,26322.38,-1
2025-08-24,2025-08-24 14:06:00,722.76,722.76,722.64,722.64,-0.02,36.52,26322.38,-1
2025-08-24,2025-08-24 14:07:00,722.64,722.64,722.51,722.51,-0.02,36.52,26322.38,-1
2025-08-24,2025-08-24 14:08:00,722.51,722.51,722.39,722.39,-0.02,36.52,26322.38,-1
2025-08-24,2025-08-24 14:09:00,722.39,722.39,722.27,722.27,-0.02,36.52,26322.38,-1
2025-08-24,2025-08-24 14:10:00,722.27,722.27,722.15,722.15,-0.02,36.52,26322.38,-1
2025-08-24,2025-08-24 14:11:00,722.15,722.15,722.03,722.03,-0.02,36.52,26322.38,-1
2025-08-24,2025-08-24 14:12:00,722.03,722.03,721.91,721.91,-0.02,36.52,26322.38,-1
2025-08-24,2025-08-24 14:13:00,721.91,721.91,721.79,721.79,-0.02,36.52,26322.38,-1
2025-08-24,2025-08-24 14:14:00,721.79,721.79,721.67,721.67,-0.02,36.52,26322.38,-1
2025-08-24,2025-08-24 14:15:00,721.67,721.67,721.55,721.55,-0.02,36.52,26322.38,-1
2025-08-24,2025-08-24 14:16:00,721.55,721.55,721.43,721.43,-0.02,36.52,26322.38,-1
2025-08-24,2025-08-24 14:17:00,721.43,721.43,721.31,721.31,-0.02,36.52,26322.38,-1
2025-08-24,2025-08-24 14:18:00,721.31,721.31,721.19,721.19,-0.02,36.52,26322.38,-1
2025-08-24,2025-08-24 14:19:00,721.19,721.19,721.07,721.07,-0.02,36.52,26322.38,-1
2025-08-24,2025-08-24 14:20:00,721.07,721.07,720.95,720.95,-0.02,36.52,26322.38,-1
2025-08-24,2025-08-24 14:21:00,720.95,720.95,720.83,720.83,-0.02,36.52,26322.38,-1
2025-08-24,2025-08-24 14:22:00,720.83,720.83,720.7,720.7,-0.02,36.52,26322.38,-1
2025-08-24,2025-08-24 14:23:00,720.7,720.7,720.58,720.58,-0.02,36.52,26322.38,-1
2025-08-24,2025-08-24 14:24:00,720.58,720.58,720.46,720.46,-0.02,36.52,26322.38,-1
2025-08-24,2025-08-24 14:25:00,720.46,720.46,720.34,720.34,-0.02,36.52,26322.38,-1
2025-08-24,2025-08-24 14:26:00,720.34,720.34,720.22,720.22,-0.02,36.52,26322.38,-1
2025-08-24,2025-08-24 14:27:00,720.22,720.22,720.1,720.1,-0.02,36.52,26322.38,-1
2025-08-24,2025-08-24 14:28:00,720.1,720.1,719.98,719.98,-0.02,36.52,26322.38,-1
2025-08-24,2025-08-24 14:29:00,719.98,719.98,719.86,719.86,-0.02,36.52,26322.38,-1
2025-08-24,2025-08-24 14:30:00,719.86,719.86,719.74,719.74,-0.02,36.52,26322.38,-1
2025-08-24,2025-08-24 14:31:00,719.74,719.74,719.62,719.62,-0.02,36.52,26322.38,-1
2025-08-24,2025-08-24 14:32:00,719.62,719.62,719.5,719.5,-0.02,36.52,26322.38,-1
2025-08-24,2025-08-24 14:33:00,719.5,719.5,719.38,719.38,-0.02,36.52,26322.38,-1
2025-08-24,2025-08-24 14:34:00,719.38,719.38,719.26,719.26,-0.02,36.52,26322.38,-1
2025-08-24,2025-08-24 14:35:00,719.26,719.26,719.14,719.14,-0.02,36.52,26322.38,-1
2025-08-24,2025-08-24 14:36:00,719.14,719.14,719.02,719.02,-0.02,36.52,26322.38,-1
2025-08-24,2025-08-24 14:37:00,719.02,719.02,718.89,718.89,-0.02,36.52,26322.38,-1
2025-08-24,2025-08-24 14:38:00,718.89,718.89,718.77,718.77,-0.02,36.52,26322.38,-1
2025-08-24,2025-08-24 14:39:00,718.77,718.77,718.65,718.65,-0.02,36.52,26322.38,-1
2025-08-24,2025-08-24 14:40:00,718.65,718.65,718.53,718.53,-0.02,36.52,26322.38,-1
2025-08-24,2025-08-24 14:41:00,718.53,718.53,718.41,718.41,-0.02,36.52,26322.38,-1
2025-08-24,2025-08-24 14:42:00,718.41,718.41,718.29,718.29,-0.02,36.52,26322.38,-1
2025-08-24,2025-08-24 14:43:00,718.29,718.29,718.17,718.17,-0.02,36.52,26322.38,-1
2025-08-24,2025-08-24 14:44:00,718.17,718.17,718.05,718.05,-0.02,36.52,26322.38,-1
2025-08-24,2025-08-24 14:45:00,718.05,718.05,717.93,717.93,-0.02,36.52,26322.38,-1
2025-08-24,2025-08-24 14:46:00,717.93,717.93,717.81,717.81,-0.02,36.52,26322.38,-1
2025-08-24,2025-08-24 14:47:00,717.81,717.81,717.69,717.69,-0.02,36.52,26322.38,-1
2025-08-24,2025-08-24 14:48:00,717.69,717.69,717.57,717.57,-0.02,36.52,26322.38,-1
2025-08-24,2025-08-24 14:49:00,717.57,717.57,717.45,717.45,-0.02,36.52,26322.38,-1
2025-08-24,2025-08-24 14:50:00,717.45,717.45,717.33,717.33,-0.02,36.52,26322.38,-1
2025-08-24,2025-08-24 14:51:00,717.33,717.33,717.21,717.21,-0.02,36.52,26322.38,-1
2025-08-24,2025-08-24 14:52:00,717.21,717.21,717.08,717.08,-0.02,36.52,26322.38,-1
2025-08-24,2025-08-24 14:53:00,717.08,717.08,716.96,716.96,-0.02,36.52,26322.38,-1
2025-08-24,2025-08-24 14:54:00,716.96,716.96,716.84,716.84,-0.02,36.52,26322.38,-1
2025-08-24,2025-08-24 14:55:00,716.84,716.84,716.72,716.72,-0.02,36.52,26322.38,-1
2025-08-24,2025-08-24 14:56:00,716.72,716.72,716.6,716.6,-0.02,36.52,26322.38,-1
2025-08-24,2025-08-24 14:57:00,716.6,716.6,716.48,716.48,-0.02,36.52,26322.38,-1
2025-08-24,2025-08-24 14:58:00,716.48,716.48,716.36,716.36,-0.02,36.52,26322.38,-1
2025-08-24,2025-08-24 14:59:00,716.36,716.36,716.24,716.24,-0.02,36.52,26322.38,-1
2025-08-24,2025-08-24 15:00:00,716.24,745.2,708.0,716.24,0.0,36.52,26322.38,0
2025-08-25,2025-08-25 11:00:00,702.0,710.25,702.0,702.09,0.01,26.48,19125.66,1
2025-08-25,2025-08-25 11:01:00,702.09,702.17,702.09,702.17,0.01,26.48,19125.66,1
2025-08-25,2025-08-25 11:02:00,702.17,702.26,702.17,702.26,0.01,26.48,19125.66,1
2025-08-25,2025-08-25 11:03:00,702.26,702.34,702.26,702.34,0.01,26.48,19125.66,1
2025-08-25,2025-08-25 11:04:00,702.34,702.43,702.34,702.43,0.01,26.48,19125.66,1
2025-08-25,2025-08-25 11:05:00,702.43,702.52,702.43,702.52,0.01,26.48,19125.66,1
2025-08-25,2025-08-25 11:06:00,702.52,702.6,702.52,702.6,0.01,26.48,19125.66,1
2025-08-25,2025-08-25 11:07:00,702.6,702.69,702.6,702.69,0.01,26.48,19125.66,1
2025-08-25,2025-08-25 11:08:00,702.69,702.78,702.69,702.78,0.01,26.48,19125.66,1
2025-08-25,2025-08-25 11:09:00,702.78,702.86,702.78,702.86,0.01,26.48,19125.66,1
2025-08-25,2025-08-25 11:10:00,702.86,702.95,702.86,702.95,0.01,26.48,19125.66,1
2025-08-25,2025-08-25 11:11:00,702.95,703.03,702.95,703.03,0.01,26.48,19125.66,1
2025-08-25,2025-08-25 11:12:00,703.03,703.12,703.03,703.12,0.01,26.48,19125.66,1
2025-08-25,2025-08-25 11:13:00,703.12,703.21,703.12,703.21,0.01,26.48,19125.66,1
2025-08-25,2025-08-25 11:14:00,703.21,703.29,703.21,703.29,0.01,26.48,19125.66,1
2025-08-25,2025-08-25 11:15:00,703.29,703.38,703.29,703.38,0.01,26.48,19125.66,1
2025-08-25,2025-08-25 11:16:00,703.38,703.47,703.38,703.47,0.01,26.48,19125.66,1
2025-08-25,2025-08-25 11:17:00,703.47,703.55,703.47,703.55,0.01,26.48,19125.66,1
2025-08-25,2025-08-25 11:18:00,703.55,703.64,703.55,703.64,0.01,26.48,19125.66,1
2025-08-25,2025-08-25 11:19:00,703.64,703.72,703.64,703.72,0.01,26.48,19125.66,1
2025-08-25,2025-08-25 11:20:00,703.72,703.81,703.72,703.81,0.01,26.48,19125.66,1
2025-08-25,2025-08-25 11:21:00,703.81,703.9,703.81,703.9,0.01,26.48,19125.66,1
2025-08-25,2025-08-25 11:22:00,703.9,703.98,703.9,703.98,0.01,26.48,19125.66,1
2025-08-25,2025-08-25 11:23:00,703.98,704.07,703.98,704.07,0.01,26.48,19125.66,1
2025-08-25,2025-08-25 11:24:00,704.07,704.16,704.07,704.16,0.01,26.48,19125.66,1
2025-08-25,2025-08-25 11:25:00,704.16,704.24,704.16,704.24,0.01,26.48,19125.66,1
2025-08-25,2025-08-25 11:26:00,704.24,704.33,704.24,704.33,0.01,26.48,19125.66,1
2025-08-25,2025-08-25 11:27:00,704.33,704.41,704.33,704.41,0.01,26.48,19125.66,1
2025-08-25,2025-08-25 11:28:00,704.41,704.5,704.41,704.5,0.01,26.48,19125.66,1
2025-08-25,2025-08-25 11:29:00,704.5,704.59,704.5,704.59,0.01,26.48,19125.66,1
2025-08-25,2025-08-25 11:30:00,704.59,704.67,704.59,704.67,0.01,26.48,19125.66,1
2025-08-25,2025-08-25 11:31:00,704.67,704.76,704.67,704.76,0.01,26.48,19125.66,1
2025-08-25,2025-08-25 11:32:00,704.76,704.84,704.76,704.84,0.01,26.48,19125.66,1
2025-08-25,2025-08-25 11:33:00,704.84,704.93,704.84,704.93,0.01,26.48,19125.66,1
2025-08-25,2025-08-25 11:34:00,704.93,705.02,704.93,705.02,0.01,26.48,19125.66,1
2025-08-25,2025-08-25 11:35:00,705.02,705.1,705.02,705.1,0.01,26.48,19125.66,1
2025-08-25,2025-08-25 11:36:00,705.1,705.19,705.1,705.19,0.01,26.48,19125.66,1
2025-08-25,2025-08-25 11:37:00,705.19,705.28,705.19,705.28,0.01,26.48,19125.66,1
2025-08-25,2025-08-25 11:38:00,705.28,705.36,705.28,705.36,0.01,26.48,19125.66,1
2025-08-25,2025-08-25 11:39:00,705.36,705.45,705.36,705.45,0.01,26.48,19125.66,1
2025-08-25,2025-08-25 11:40:00,705.45,705.53,705.45,705.53,0.01,26.48,19125.66,1
2025-08-25,2025-08-25 11:41:00,705.53,705.62,705.53,705.62,0.01,26.48,19125.66,1
2025-08-25,2025-08-25 11:42:00,705.62,705.71,705.62,705.71,0.01,26.48,19125.66,1
2025-08-25,2025-08-25 11:43:00,705.71,705.79,705.71,705.79,0.01,26.48,19125.66,1
2025-08-25,2025-08-25 11:44:00,705.79,705.88,705.79,705.88,0.01,26.48,19125.66,1
2025-08-25,2025-08-25 11:45:00,705.88,705.97,705.88,705.97,0.01,26.48,19125.66,1
2025-08-25,2025-08-25 11:46:00,705.97,706.05,705.97,706.05,0.01,26.48,19125.66,1
2025-08-25,2025-08-25 11:47:00,706.05,706.14,706.05,706.14,0.01,26.48,19125.66,1
2025-08-25,2025-08-25 11:48:00,706.14,706.22,706.14,706.22,0.01,26.48,19125.66,1
2025-08-25,2025-08-25 11:49:00,706.22,706.31,706.22,706.31,0.01,26.48,19125.66,1
2025-08-25,2025-08-25 11:50:00,706.31,706.4,706.31,706.4,0.01,26.48,19125.66,1
2025-08-25,2025-08-25 11:51:00,706.4,706.48,706.4,706.48,0.01,26.48,19125.66,1
2025-08-25,2025-08-25 11:52:00,706.48,706.57,706.48,706.57,0.01,26.48,19125.66,1
2025-08-25,2025-08-25 11:53:00,706.57,706.66,706.57,706.66,0.01,26.48,19125.66,1
2025-08-25,2025-08-25 11:54:00,706.66,706.74,706.66,706.74,0.01,26.48,19125.66,1
2025-08-25,2025-08-25 11:55:00,706.74,706.83,706.74,706.83,0.01,26.48,19125.66,1
2025-08-25,2025-08-25 11:56:00,706.83,706.91,706.83,706.91,0.01,26.48,19125.66,1
2025-08-25,2025-08-25 11:57:00,706.91,707.0,706.91,707.0,0.01,26.48,19125.66,1
2025-08-25,2025-08-25 11:58:00,707.0,707.09,707.0,707.09,0.01,26.48,19125.66,1
2025-08-25,2025-08-25 11:59:00,707.09,707.17,707.09,707.17,0.01,26.48,19125.66,1
2025-08-25,2025-08-25 12:00:00,707.17,707.26,707.17,707.26,0.01,26.48,19125.66,1
2025-08-25,2025-08-25 12:01:00,707.26,707.34,707.26,707.34,0.01,26.48,19125.66,1
2025-08-25,2025-08-25 12:02:00,707.34,707.43,707.34,707.43,0.01,26.48,19125.66,1
2025-08-25,2025-08-25 12:03:00,707.43,707.52,707.43,707.52,0.01,26.48,19125.66,1
2025-08-25,2025-08-25 12:04:00,707.52,707.6,707.52,707.6,0.01,26.48,19125.66,1
2025-08-25,2025-08-25 12:05:00,707.6,707.69,707.6,707.69,0.01,26.48,19125.66,1
2025-08-25,2025-08-25 12:06:00,707.69,707.78,707.69,707.78,0.01,26.48,19125.66,1
2025-08-25,2025-08-25 12:07:00,707.78,707.86,707.78,707.86,0.01,26.48,19125.66,1
2025-08-25,2025-08-25 12:08:00,707.86,707.95,707.86,707.95,0.01,26.48,19125.66,1
2025-08-25,2025-08-25 12:09:00,707.95,708.03,707.95,708.03,0.01,26.48,19125.66,1
2025-08-25,2025-08-25 12:10:00,708.03,708.12,708.03,708.12,0.01,26.48,19125.66,1
2025-08-25,2025-08-25 12:11:00,708.12,708.21,708.12,708.21,0.01,26.48,19125.66,1
2025-08-25,2025-08-25 12:12:00,708.21,708.29,708.21,708.29,0.01,26.48,19125.66,1
2025-08-25,2025-08-25 12:13:00,708.29,708.38,708.29,708.38,0.01,26.48,19125.66,1
2025-08-25,2025-08-25 12:14:00,708.38,708.47,708.38,708.47,0.01,26.48,19125.66,1
2025-08-25,2025-08-25 12:15:00,708.47,708.55,708.47,708.55,0.01,26.48,19125.66,1
2025-08-25,2025-08-25 12:16:00,708.55,708.64,708.55,708.64,0.01,26.48,19125.66,1
2025-08-25,2025-08-25 12:17:00,708.64,708.72,708.64,708.72,0.01,26.48,19125.66,1
2025-08-25,2025-08-25 12:18:00,708.72,708.81,708.72,708.81,0.01,26.48,19125.66,1
2025-08-25,2025-08-25 12:19:00,708.81,708.9,708.81,708.9,0.01,26.48,19125.66,1
2025-08-25,2025-08-25 12:20:00,708.9,708.98,708.9,708.98,0.01,26.48,19125.66,1
2025-08-25,2025-08-25 12:21:00,708.98,709.07,708.98,709.07,0.01,26.48,19125.66,1
2025-08-25,2025-08-25 12:22:00,709.07,709.16,709.07,709.16,0.01,26.48,19125.66,1
2025-08-25,2025-08-25 12:23:00,709.16,709.24,709.16,709.24,0.01,26.48,19125.66,1
2025-08-25,2025-08-25 12:24:00,709.24,709.33,709.24,709.33,0.01,26.48,19125.66,1
2025-08-25,2025-08-25 12:25:00,709.33,709.41,709.33,709.41,0.01,26.48,19125.66,1
2025-08-25,2025-08-25 12:26:00,709.41,709.5,709.41,709.5,0.01,26.48,19125.66,1
2025-08-25,2025-08-25 12:27:00,709.5,709.59,709.5,709.59,0.01,26.48,19125.66,1
2025-08-25,2025-08-25 12:28:00,709.59,709.67,709.59,709.67,0.01,26.48,19125.66,1
2025-08-25,2025-08-25 12:29:00,709.67,709.76,709.67,709.76,0.01,26.48,19125.66,1
2025-08-25,2025-08-25 12:30:00,709.76,709.84,709.76,709.84,0.01,26.48,19125.66,1
2025-08-25,2025-08-25 12:31:00,709.84,709.93,709.84,709.93,0.01,26.48,19125.66,1
2025-08-25,2025-08-25 12:32:00,709.93,710.02,709.93,710.02,0.01,26.48,19125.66,1
2025-08-25,2025-08-25 12:33:00,710.02,710.1,710.02,710.1,0.01,26.48,19125.66,1
2025-08-25,2025-08-25 12:34:00,710.1,710.19,710.1,710.19,0.01,26.48,19125.66,1
2025-08-25,2025-08-25 12:35:00,710.19,710.28,710.19,710.28,0.01,26.48,19125.66,1
2025-08-25,2025-08-25 12:36:00,710.28,710.36,710.28,710.36,0.01,26.48,19125.66,1
2025-08-25,2025-08-25 12:37:00,710.36,710.45,710.36,710.45,0.01,26.48,19125.66,1
2025-08-25,2025-08-25 12:38:00,710.45,710.53,710.45,710.53,0.01,26.48,19125.66,1
2025-08-25,2025-08-25 12:39:00,710.53,710.62,710.53,710.62,0.01,26.48,19125.66,1
2025-08-25,2025-08-25 12:40:00,710.62,710.71,710.62,710.71,0.01,26.48,19125.66,1
2025-08-25,2025-08-25 12:41:00,710.71,710.79,710.71,710.79,0.01,26.48,19125.66,1
2025-08-25,2025-08-25 12:42:00,710.79,710.88,710.79,710.88,0.01,26.48,19125.66,1
2025-08-25,2025-08-25 12:43:00,710.88,710.97,710.88,710.97,0.01,26.48,19125.66,1
2025-08-25,2025-08-25 12:44:00,710.97,711.05,710.97,711.05,0.01,26.48,19125.66,1
2025-08-25,2025-08-25 12:45:00,711.05,711.14,711.05,711.14,0.01,26.48,19125.66,1
2025-08-25,2025-08-25 12:46:00,711.14,711.22,711.14,711.22,0.01,26.48,19125.66,1
2025-08-25,2025-08-25 12:47:00,711.22,711.31,711.22,711.31,0.01,26.48,19125.66,1
2025-08-25,2025-08-25 12:48:00,711.31,711.4,711.31,711.4,0.01,26.48,19125.66,1
2025-08-25,2025-08-25 12:49:00,711.4,711.48,711.4,711.48,0.01,26.48,19125.66,1
2025-08-25,2025-08-25 12:50:00,711.48,711.57,711.48,711.57,0.01,26.48,19125.66,1
2025-08-25,2025-08-25 12:51:00,711.57,711.66,711.57,711.66,0.01,26.48,19125.66,1
2025-08-25,2025-08-25 12:52:00,711.66,711.74,711.66,711.74,0.01,26.48,19125.66,1
2025-08-25,2025-08-25 12:53:00,711.74,711.83,711.74,711.83,0.01,26.48,19125.66,1
2025-08-25,2025-08-25 12:54:00,711.83,711.91,711.83,711.91,0.01,26.48,19125.66,1
2025-08-25,2025-08-25 12:55:00,711.91,712.0,711.91,712.0,0.01,26.48,19125.66,1
2025-08-25,2025-08-25 12:56:00,712.0,712.09,712.0,712.09,0.01,26.48,19125.66,1
2025-08-25,2025-08-25 12:57:00,712.09,712.17,712.09,712.17,0.01,26.48,19125.66,1
2025-08-25,2025-08-25 12:58:00,712.17,712.26,712.17,712.26,0.01,26.48,19125.66,1
2025-08-25,2025-08-25 12:59:00,712.26,712.35,712.26,712.35,0.01,26.48,19125.66,1
2025-08-25,2025-08-25 13:00:00,712.35,729.5,702.0,712.43,0.01,26.48,19125.66,1
2025-08-25,2025-08-25 13:01:00,712.43,712.52,712.43,712.52,0.01,26.48,19125.66,1
2025-08-25,2025-08-25 13:02:00,712.52,712.6,712.52,712.6,0.01,26.48,19125.66,1
2025-08-25,2025-08-25 13:03:00,712.6,712.69,712.6,712.69,0.01,26.48,19125.66,1
2025-08-25,2025-08-25 13:04:00,712.69,712.78,712.69,712.78,0.01,26.48,19125.66,1
2025-08-25,2025-08-25 13:05:00,712.78,712.86,712.78,712.86,0.01,26.48,19125.66,1
2025-08-25,2025-08-25 13:06:00,712.86,712.95,712.86,712.95,0.01,26.48,19125.66,1
2025-08-25,2025-08-25 13:07:00,712.95,713.03,712.95,713.03,0.01,26.48,19125.66,1
2025-08-25,2025-08-25 13:08:00,713.03,713.12,713.03,713.12,0.01,26.48,19125.66,1
2025-08-25,2025-08-25 13:09:00,713.12,713.21,713.12,713.21,0.01,26.48,19125.66,1
2025-08-25,2025-08-25 13:10:00,713.21,713.29,713.21,713.29,0.01,26.48,19125.66,1
2025-08-25,2025-08-25 13:11:00,713.29,713.38,713.29,713.38,0.01,26.48,19125.66,1
2025-08-25,2025-08-25 13:12:00,713.38,713.47,713.38,713.47,0.01,26.48,19125.66,1
2025-08-25,2025-08-25 13:13:00,713.47,713.55,713.47,713.55,0.01,26.48,19125.66,1
2025-08-25,2025-08-25 13:14:00,713.55,713.64,713.55,713.64,0.01,26.48,19125.66,1
2025-08-25,2025-08-25 13:15:00,713.64,713.72,713.64,713.72,0.01,26.48,19125.66,1
2025-08-25,2025-08-25 13:16:00,713.72,713.81,713.72,713.81,0.01,26.48,19125.66,1
2025-08-25,2025-08-25 13:17:00,713.81,713.9,713.81,713.9,0.01,26.48,19125.66,1
2025-08-25,2025-08-25 13:18:00,713.9,713.98,713.9,713.98,0.01,26.48,19125.66,1
2025-08-25,2025-08-25 13:19:00,713.98,714.07,713.98,714.07,0.01,26.48,19125.66,1
2025-08-25,2025-08-25 13:20:00,714.07,714.16,714.07,714.16,0.01,26.48,19125.66,1
2025-08-25,2025-08-25 13:21:00,714.16,714.24,714.16,714.24,0.01,26.48,19125.66,1
2025-08-25,2025-08-25 13:22:00,714.24,714.33,714.24,714.33,0.01,26.48,19125.66,1
2025-08-25,2025-08-25 13:23:00,714.33,714.41,714.33,714.41,0.01,26.48,19125.66,1
2025-08-25,2025-08-25 13:24:00,714.41,714.5,714.41,714.5,0.01,26.48,19125.66,1
2025-08-25,2025-08-25 13:25:00,714.5,714.59,714.5,714.59,0.01,26.48,19125.66,1
2025-08-25,2025-08-25 13:26:00,714.59,714.67,714.59,714.67,0.01,26.48,19125.66,1
2025-08-25,2025-08-25 13:27:00,714.67,714.76,714.67,714.76,0.01,26.48,19125.66,1
2025-08-25,2025-08-25 13:28:00,714.76,714.85,714.76,714.85,0.01,26.48,19125.66,1
2025-08-25,2025-08-25 13:29:00,714.85,714.93,714.85,714.93,0.01,26.48,19125.66,1
2025-08-25,2025-08-25 13:30:00,714.93,715.02,714.93,715.02,0.01,26.48,19125.66,1
2025-08-25,2025-08-25 13:31:00,715.02,715.1,715.02,715.1,0.01,26.48,19125.66,1
2025-08-25,2025-08-25 13:32:00,715.1,715.19,715.1,715.19,0.01,26.48,19125.66,1
2025-08-25,2025-08-25 13:33:00,715.19,715.28,715.19,715.28,0.01,26.48,19125.66,1
2025-08-25,2025-08-25 13:34:00,715.28,715.36,715.28,715.36,0.01,26.48,19125.66,1
2025-08-25,2025-08-25 13:35:00,715.36,715.45,715.36,715.45,0.01,26.48,19125.66,1
2025-08-25,2025-08-25 13:36:00,715.45,715.53,715.45,715.53,0.01,26.48,19125.66,1
2025-08-25,2025-08-25 13:37:00,715.53,715.62,715.53,715.62,0.01,26.48,19125.66,1
2025-08-25,2025-08-25 13:38:00,715.62,715.71,715.62,715.71,0.01,26.48,19125.66,1
2025-08-25,2025-08-25 13:39:00,715.71,715.79,715.71,715.79,0.01,26.48,19125.66,1
2025-08-25,2025-08-25 13:40:00,715.79,715.88,715.79,715.88,0.01,26.48,19125.66,1
2025-08-25,2025-08-25 13:41:00,715.88,715.97,715.88,715.97,0.01,26.48,19125.66,1
2025-08-25,2025-08-25 13:42:00,715.97,716.05,715.97,716.05,0.01,26.48,19125.66,1
2025-08-25,2025-08-25 13:43:00,716.05,716.14,716.05,716.14,0.01,26.48,19125.66,1
2025-08-25,2025-08-25 13:44:00,716.14,716.22,716.14,716.22,0.01,26.48,19125.66,1
2025-08-25,2025-08-25 13:45:00,716.22,716.31,716.22,716.31,0.01,26.48,19125.66,1
2025-08-25,2025-08-25 13:46:00,716.31,716.4,716.31,716.4,0.01,26.48,19125.66,1
2025-08-25,2025-08-25 13:47:00,716.4,716.48,716.4,716.48,0.01,26.48,19125.66,1
2025-08-25,2025-08-25 13:48:00,716.48,716.57,716.48,716.57,0.01,26.48,19125.66,1
2025-08-25,2025-08-25 13:49:00,716.57,716.66,716.57,716.66,0.01,26.48,19125.66,1
2025-08-25,2025-08-25 13:50:00,716.66,716.74,716.66,716.74,0.01,26.48,19125.66,1
2025-08-25,2025-08-25 13:51:00,716.74,716.83,716.74,716.83,0.01,26.48,19125.66,1
2025-08-25,2025-08-25 13:52:00,716.83,716.91,716.83,716.91,0.01,26.48,19125.66,1
2025-08-25,2025-08-25 13:53:00,716.91,717.0,716.91,717.0,0.01,26.48,19125.66,1
2025-08-25,2025-08-25 13:54:00,717.0,717.09,717.0,717.09,0.01,26.48,19125.66,1
2025-08-25,2025-08-25 13:55:00,717.09,717.17,717.09,717.17,0.01,26.48,19125.66,1
2025-08-25,2025-08-25 13:56:00,717.17,717.26,717.17,717.26,0.01,26.48,19125.66,1
2025-08-25,2025-08-25 13:57:00,717.26,717.35,717.26,717.35,0.01,26.48,19125.66,1
2025-08-25,2025-08-25 13:58:00,717.35,717.43,717.35,717.43,0.01,26.48,19125.66,1
2025-08-25,2025-08-25 13:59:00,717.43,717.52,717.43,717.52,0.01,26.48,19125.66,1
2025-08-25,2025-08-25 14:00:00,717.52,717.6,717.52,717.6,0.01,26.48,19125.66,1
2025-08-25,2025-08-25 14:01:00,717.6,717.69,717.6,717.69,0.01,26.48,19125.66,1
2025-08-25,2025-08-25 14:02:00,717.69,717.78,717.69,717.78,0.01,26.48,19125.66,1
2025-08-25,2025-08-25 14:03:00,717.78,717.86,717.78,717.86,0.01,26.48,19125.66,1
2025-08-25,2025-08-25 14:04:00,717.86,717.95,717.86,717.95,0.01,26.48,19125.66,1
2025-08-25,2025-08-25 14:05:00,717.95,718.03,717.95,718.03,0.01,26.48,19125.66,1
2025-08-25,2025-08-25 14:06:00,718.03,718.12,718.03,718.12,0.01,26.48,19125.66,1
2025-08-25,2025-08-25 14:07:00,718.12,718.21,718.12,718.21,0.01,26.48,19125.66,1
2025-08-25,2025-08-25 14:08:00,718.21,718.29,718.21,718.29,0.01,26.48,19125.66,1
2025-08-25,2025-08-25 14:09:00,718.29,718.38,718.29,718.38,0.01,26.48,19125.66,1
2025-08-25,2025-08-25 14:10:00,718.38,718.47,718.38,718.47,0.01,26.48,19125.66,1
2025-08-25,2025-08-25 14:11:00,718.47,718.55,718.47,718.55,0.01,26.48,19125.66,1
2025-08-25,2025-08-25 14:12:00,718.55,718.64,718.55,718.64,0.01,26.48,19125.66,1
2025-08-25,2025-08-25 14:13:00,718.64,718.72,718.64,718.72,0.01,26.48,19125.66,1
2025-08-25,2025-08-25 14:14:00,718.72,718.81,718.72,718.81,0.01,26.48,19125.66,1
2025-08-25,2025-08-25 14:15:00,718.81,718.9,718.81,718.9,0.01,26.48,19125.66,1
2025-08-25,2025-08-25 14:16:00,718.9,718.98,718.9,718.98,0.01,26.48,19125.66,1
2025-08-25,2025-08-25 14:17:00,718.98,719.07,718.98,719.07,0.01,26.48,19125.66,1
2025-08-25,2025-08-25 14:18:00,719.07,719.16,719.07,719.16,0.01,26.48,19125.66,1
2025-08-25,2025-08-25 14:19:00,719.16,719.24,719.16,719.24,0.01,26.48,19125.66,1
2025-08-25,2025-08-25 14:20:00,719.24,719.33,719.24,719.33,0.01,26.48,19125.66,1
2025-08-25,2025-08-25 14:21:00,719.33,719.41,719.33,719.41,0.01,26.48,19125.66,1
2025-08-25,2025-08-25 14:22:00,719.41,719.5,719.41,719.5,0.01,26.48,19125.66,1
2025-08-25,2025-08-25 14:23:00,719.5,719.59,719.5,719.59,0.01,26.48,19125.66,1
2025-08-25,2025-08-25 14:24:00,719.59,719.67,719.59,719.67,0.01,26.48,19125.66,1
2025-08-25,2025-08-25 14:25:00,719.67,719.76,719.67,719.76,0.01,26.48,19125.66,1
2025-08-25,2025-08-25 14:26:00,719.76,719.85,719.76,719.85,0.01,26.48,19125.66,1
2025-08-25,2025-08-25 14:27:00,719.85,719.93,719.85,719.93,0.01,26.48,19125.66,1
2025-08-25,2025-08-25 14:28:00,719.93,720.02,719.93,720.02,0.01,26.48,19125.66,1
2025-08-25,2025-08-25 14:29:00,720.02,720.1,720.02,720.1,0.01,26.48,19125.66,1
2025-08-25,2025-08-25 14:30:00,720.1,720.19,720.1,720.19,0.01,26.48,19125.66,1
2025-08-25,2025-08-25 14:31:00,720.19,720.28,720.19,720.28,0.01,26.48,19125.66,1
2025-08-25,2025-08-25 14:32:00,720.28,720.36,720.28,720.36,0.01,26.48,19125.66,1
2025-08-25,2025-08-25 14:33:00,720.36,720.45,720.36,720.45,0.01,26.48,19125.66,1
2025-08-25,2025-08-25 14:34:00,720.45,720.53,720.45,720.53,0.01,26.48,19125.66,1
2025-08-25,2025-08-25 14:35:00,720.53,720.62,720.53,720.62,0.01,26.48,19125.66,1
2025-08-25,2025-08-25 14:36:00,720.62,720.71,720.62,720.71,0.01,26.48,19125.66,1
2025-08-25,2025-08-25 14:37:00,720.71,720.79,720.71,720.79,0.01,26.48,19125.66,1
2025-08-25,2025-08-25 14:38:00,720.79,720.88,720.79,720.88,0.01,26.48,19125.66,1
2025-08-25,2025-08-25 14:39:00,720.88,720.97,720.88,720.97,0.01,26.48,19125.66,1
2025-08-25,2025-08-25 14:40:00,720.97,721.05,720.97,721.05,0.01,26.48,19125.66,1
2025-08-25,2025-08-25 14:41:00,721.05,721.14,721.05,721.14,0.01,26.48,19125.66,1
2025-08-25,2025-08-25 14:42:00,721.14,721.22,721.14,721.22,0.01,26.48,19125.66,1
2025-08-25,2025-08-25 14:43:00,721.22,721.31,721.22,721.31,0.01,26.48,19125.66,1
2025-08-25,2025-08-25 14:44:00,721.31,721.4,721.31,721.4,0.01,26.48,19125.66,1
2025-08-25,2025-08-25 14:45:00,721.4,721.48,721.4,721.48,0.01,26.48,19125.66,1
2025-08-25,2025-08-25 14:46:00,721.48,721.57,721.48,721.57,0.01,26.48,19125.66,1
2025-08-25,2025-08-25 14:47:00,721.57,721.66,721.57,721.66,0.01,26.48,19125.66,1
2025-08-25,2025-08-25 14:48:00,721.66,721.74,721.66,721.74,0.01,26.48,19125.66,1
2025-08-25,2025-08-25 14:49:00,721.74,721.83,721.74,721.83,0.01,26.48,19125.66,1
2025-08-25,2025-08-25 14:50:00,721.83,721.91,721.83,721.91,0.01,26.48,19125.66,1
2025-08-25,2025-08-25 14:51:00,721.91,722.0,721.91,722.0,0.01,26.48,19125.66,1
2025-08-25,2025-08-25 14:52:00,722.0,722.09,722.0,722.09,0.01,26.48,19125.66,1
2025-08-25,2025-08-25 14:53:00,722.09,722.17,722.09,722.17,0.01,26.48,19125.66,1
2025-08-25,2025-08-25 14:54:00,722.17,722.26,722.17,722.26,0.01,26.48,19125.66,1
2025-08-25,2025-08-25 14:55:00,722.26,722.35,722.26,722.35,0.01,26.48,19125.66,1
2025-08-25,2025-08-25 14:56:00,722.35,722.43,722.35,722.43,0.01,26.48,19125.66,1
2025-08-25,2025-08-25 14:57:00,722.43,722.52,722.43,722.52,0.01,26.48,19125.66,1
2025-08-25,2025-08-25 14:58:00,722.52,722.6,722.52,722.6,0.01,26.48,19125.66,1
2025-08-25,2025-08-25 14:59:00,722.6,722.69,722.6,722.69,0.01,26.48,19125.66,1
2025-08-25,2025-08-25 15:00:00,722.69,729.5,702.0,722.69,0.0,26.48,19125.66,0
2025-08-26,2025-08-26 11:00:00,725.0,729.17,720.65,725.0,0.0,11.98,8640.46,0
2025-08-26,2025-08-26 11:01:00,725.0,725.0,725.0,725.0,0.0,11.98,8640.46,0
2025-08-26,2025-08-26 11:02:00,725.0,725.0,725.0,725.0,0.0,11.98,8640.46,0
2025-08-26,2025-08-26 11:03:00,725.0,725.0,724.99,724.99,-0.0,11.98,8640.46,-1
2025-08-26,2025-08-26 11:04:00,724.99,724.99,724.99,724.99,0.0,11.98,8640.46,0
2025-08-26,2025-08-26 11:05:00,724.99,724.99,724.99,724.99,0.0,11.98,8640.46,0
2025-08-26,2025-08-26 11:06:00,724.99,724.99,724.99,724.99,0.0,11.98,8640.46,0
2025-08-26,2025-08-26 11:07:00,724.99,724.99,724.99,724.99,0.0,11.98,8640.46,0
2025-08-26,2025-08-26 11:08:00,724.99,724.99,724.99,724.99,0.0,11.98,8640.46,0
2025-08-26,2025-08-26 11:09:00,724.99,724.99,724.98,724.98,-0.0,11.98,8640.46,-1
2025-08-26,2025-08-26 11:10:00,724.98,724.98,724.98,724.98,0.0,11.98,8640.46,0
2025-08-26,2025-08-26 11:11:00,724.98,724.98,724.98,724.98,0.0,11.98,8640.46,0
2025-08-26,2025-08-26 11:12:00,724.98,724.98,724.98,724.98,0.0,11.98,8640.46,0
2025-08-26,2025-08-26 11:13:00,724.98,724.98,724.98,724.98,0.0,11.98,8640.46,0
2025-08-26,2025-08-26 11:14:00,724.98,724.98,724.98,724.98,0.0,11.98,8640.46,0
2025-08-26,2025-08-26 11:15:00,724.98,724.98,724.98,724.98,0.0,11.98,8640.46,0
2025-08-26,2025-08-26 11:16:00,724.98,724.98,724.97,724.97,-0.0,11.98,8640.46,-1
2025-08-26,2025-08-26 11:17:00,724.97,724.97,724.97,724.97,0.0,11.98,8640.46,0
2025-08-26,2025-08-26 11:18:00,724.97,724.97,724.97,724.97,0.0,11.98,8640.46,0
2025-08-26,2025-08-26 11:19:00,724.97,724.97,724.97,724.97,0.0,11.98,8640.46,0
2025-08-26,2025-08-26 11:20:00,724.97,724.97,724.97,724.97,0.0,11.98,8640.46,0
2025-08-26,2025-08-26 11:21:00,724.97,724.97,724.97,724.97,0.0,11.98,8640.46,0
2025-08-26,2025-08-26 11:22:00,724.97,724.97,724.96,724.96,-0.0,11.98,8640.46,-1
2025-08-26,2025-08-26 11:23:00,724.96,724.96,724.96,724.96,0.0,11.98,8640.46,0
2025-08-26,2025-08-26 11:24:00,724.96,724.96,724.96,724.96,0.0,11.98,8640.46,0
2025-08-26,2025-08-26 11:25:00,724.96,724.96,724.96,724.96,0.0,11.98,8640.46,0
2025-08-26,2025-08-26 11:26:00,724.96,724.96,724.96,724.96,0.0,11.98,8640.46,0
2025-08-26,2025-08-26 11:27:00,724.96,724.96,724.96,724.96,0.0,11.98,8640.46,0
2025-08-26,2025-08-26 11:28:00,724.96,724.96,724.96,724.96,0.0,11.98,8640.46,0
2025-08-26,2025-08-26 11:29:00,724.96,724.96,724.95,724.95,-0.0,11.98,8640.46,-1
2025-08-26,2025-08-26 11:30:00,724.95,724.95,724.95,724.95,0.0,11.98,8640.46,0
2025-08-26,2025-08-26 11:31:00,724.95,724.95,724.95,724.95,0.0,11.98,8640.46,0
2025-08-26,2025-08-26 11:32:00,724.95,724.95,724.95,724.95,0.0,11.98,8640.46,0
2025-08-26,2025-08-26 11:33:00,724.95,724.95,724.95,724.95,0.0,11.98,8640.46,0
2025-08-26,2025-08-26 11:34:00,724.95,724.95,724.95,724.95,0.0,11.98,8640.46,0
2025-08-26,2025-08-26 11:35:00,724.95,724.95,724.94,724.94,-0.0,11.98,8640.46,-1
2025-08-26,2025-08-26 11:36:00,724.94,724.94,724.94,724.94,0.0,11.98,8640.46,0
2025-08-26,2025-08-26 11:37:00,724.94,724.94,724.94,724.94,0.0,11.98,8640.46,0
2025-08-26,2025-08-26 11:38:00,724.94,724.94,724.94,724.94,0.0,11.98,8640.46,0
2025-08-26,2025-08-26 11:39:00,724.94,724.94,724.94,724.94,0.0,11.98,8640.46,0
2025-08-26,2025-08-26 11:40:00,724.94,724.94,724.94,724.94,0.0,11.98,8640.46,0
2025-08-26,2025-08-26 11:41:00,724.94,724.94,724.94,724.94,0.0,11.98,8640.46,0
2025-08-26,2025-08-26 11:42:00,724.94,724.94,724.93,724.93,-0.0,11.98,8640.46,-1
2025-08-26,2025-08-26 11:43:00,724.93,724.93,724.93,724.93,0.0,11.98,8640.46,0
2025-08-26,2025-08-26 11:44:00,724.93,724.93,724.93,724.93,0.0,11.98,8640.46,0
2025-08-26,2025-08-26 11:45:00,724.93,724.93,724.93,724.93,0.0,11.98,8640.46,0
2025-08-26,2025-08-26 11:46:00,724.93,724.93,724.93,724.93,0.0,11.98,8640.46,0
2025-08-26,2025-08-26 11:47:00,724.93,724.93,724.93,724.93,0.0,11.98,8640.46,0
2025-08-26,2025-08-26 11:48:00,724.93,724.93,724.92,724.92,-0.0,11.98,8640.46,-1
2025-08-26,2025-08-26 11:49:00,724.92,724.92,724.92,724.92,0.0,11.98,8640.46,0
2025-08-26,2025-08-26 11:50:00,724.92,724.92,724.92,724.92,0.0,11.98,8640.46,0
2025-08-26,2025-08-26 11:51:00,724.92,724.92,724.92,724.92,0.0,11.98,8640.46,0
2025-08-26,2025-08-26 11:52:00,724.92,724.92,724.92,724.92,0.0,11.98,8640.46,0
2025-08-26,2025-08-26 11:53:00,724.92,724.92,724.92,724.92,0.0,11.98,8640.46,0
2025-08-26,2025-08-26 11:54:00,724.92,724.92,724.92,724.92,0.0,11.98,8640.46,0
2025-08-26,2025-08-26 11:55:00,724.92,724.92,724.91,724.91,-0.0,11.98,8640.46,-1
2025-08-26,2025-08-26 11:56:00,724.91,724.91,724.91,724.91,0.0,11.98,8640.46,0
2025-08-26,2025-08-26 11:57:00,724.91,724.91,724.91,724.91,0.0,11.98,8640.46,0
2025-08-26,2025-08-26 11:58:00,724.91,724.91,724.91,724.91,0.0,11.98,8640.46,0
2025-08-26,2025-08-26 11:59:00,724.91,724.91,724.91,724.91,0.0,11.98,8640.46,0
2025-08-26,2025-08-26 12:00:00,724.91,724.91,724.91,724.91,0.0,11.98,8640.46,0
2025-08-26,2025-08-26 12:01:00,724.91,724.91,724.9,724.9,-0.0,11.98,8640.46,-1
2025-08-26,2025-08-26 12:02:00,724.9,724.9,724.9,724.9,0.0,11.98,8640.46,0
2025-08-26,2025-08-26 12:03:00,724.9,724.9,724.9,724.9,0.0,11.98,8640.46,0
2025-08-26,2025-08-26 12:04:00,724.9,724.9,724.9,724.9,0.0,11.98,8640.46,0
2025-08-26,2025-08-26 12:05:00,724.9,724.9,724.9,724.9,0.0,11.98,8640.46,0
2025-08-26,2025-08-26 12:06:00,724.9,724.9,724.9,724.9,0.0,11.98,8640.46,0
2025-08-26,2025-08-26 12:07:00,724.9,724.9,724.9,724.9,0.0,11.98,8640.46,0
2025-08-26,2025-08-26 12:08:00,724.9,724.9,724.89,724.89,-0.0,11.98,8640.46,-1
2025-08-26,2025-08-26 12:09:00,724.89,724.89,724.89,724.89,0.0,11.98,8640.46,0
2025-08-26,2025-08-26 12:10:00,724.89,724.89,724.89,724.89,0.0,11.98,8640.46,0
2025-08-26,2025-08-26 12:11:00,724.89,724.89,724.89,724.89,0.0,11.98,8640.46,0
2025-08-26,2025-08-26 12:12:00,724.89,724.89,724.89,724.89,0.0,11.98,8640.46,0
2025-08-26,2025-08-26 12:13:00,724.89,724.89,724.89,724.89,0.0,11.98,8640.46,0
2025-08-26,2025-08-26 12:14:00,724.89,724.89,724.88,724.88,-0.0,11.98,8640.46,-1
2025-08-26,2025-08-26 12:15:00,724.88,724.88,724.88,724.88,0.0,11.98,8640.46,0
2025-08-26,2025-08-26 12:16:00,724.88,724.88,724.88,724.88,0.0,11.98,8640.46,0
2025-08-26,2025-08-26 12:17:00,724.88,724.88,724.88,724.88,0.0,11.98,8640.46,0
2025-08-26,2025-08-26 12:18:00,724.88,724.88,724.88,724.88,0.0,11.98,8640.46,0
2025-08-26,2025-08-26 12:19:00,724.88,724.88,724.88,724.88,0.0,11.98,8640.46,0
2025-08-26,2025-08-26 12:20:00,724.88,724.88,724.88,724.88,0.0,11.98,8640.46,0
2025-08-26,2025-08-26 12:21:00,724.88,724.88,724.87,724.87,-0.0,11.98,8640.46,-1
2025-08-26,2025-08-26 12:22:00,724.87,724.87,724.87,724.87,0.0,11.98,8640.46,0
2025-08-26,2025-08-26 12:23:00,724.87,724.87,724.87,724.87,0.0,11.98,8640.46,0
2025-08-26,2025-08-26 12:24:00,724.87,724.87,724.87,724.87,0.0,11.98,8640.46,0
2025-08-26,2025-08-26 12:25:00,724.87,724.87,724.87,724.87,0.0,11.98,8640.46,0
2025-08-26,2025-08-26 12:26:00,724.87,724.87,724.87,724.87,0.0,11.98,8640.46,0
2025-08-26,2025-08-26 12:27:00,724.87,724.87,724.86,724.86,-0.0,11.98,8640.46,-1
2025-08-26,2025-08-26 12:28:00,724.86,724.86,724.86,724.86,0.0,11.98,8640.46,0
2025-08-26,2025-08-26 12:29:00,724.86,724.86,724.86,724.86,0.0,11.98,8640.46,0
2025-08-26,2025-08-26 12:30:00,724.86,724.86,724.86,724.86,0.0,11.98,8640.46,0
2025-08-26,2025-08-26 12:31:00,724.86,724.86,724.86,724.86,0.0,11.98,8640.46,0
2025-08-26,2025-08-26 12:32:00,724.86,724.86,724.86,724.86,0.0,11.98,8640.46,0
2025-08-26,2025-08-26 12:33:00,724.86,724.86,724.86,724.86,0.0,11.98,8640.46,0
2025-08-26,2025-08-26 12:34:00,724.86,724.86,724.85,724.85,-0.0,11.98,8640.46,-1
2025-08-26,2025-08-26 12:35:00,724.85,724.85,724.85,724.85,0.0,11.98,8640.46,0
2025-08-26,2025-08-26 12:36:00,724.85,724.85,724.85,724.85,0.0,11.98,8640.46,0
2025-08-26,2025-08-26 12:37:00,724.85,724.85,724.85,724.85,0.0,11.98,8640.46,0
2025-08-26,2025-08-26 12:38:00,724.85,724.85,724.85,724.85,0.0,11.98,8640.46,0
2025-08-26,2025-08-26 12:39:00,724.85,724.85,724.85,724.85,0.0,11.98,8640.46,0
2025-08-26,2025-08-26 12:40:00,724.85,724.85,724.84,724.84,-0.0,11.98,8640.46,-1
2025-08-26,2025-08-26 12:41:00,724.84,724.84,724.84,724.84,0.0,11.98,8640.46,0
2025-08-26,2025-08-26 12:42:00,724.84,724.84,724.84,724.84,0.0,11.98,8640.46,0
2025-08-26,2025-08-26 12:43:00,724.84,724.84,724.84,724.84,0.0,11.98,8640.46,0
2025-08-26,2025-08-26 12:44:00,724.84,724.84,724.84,724.84,0.0,11.98,8640.46,0
2025-08-26,2025-08-26 12:45:00,724.84,724.84,724.84,724.84,0.0,11.98,8640.46,0
2025-08-26,2025-08-26 12:46:00,724.84,724.84,724.84,724.84,0.0,11.98,8640.46,0
2025-08-26,2025-08-26 12:47:00,724.84,724.84,724.83,724.83,-0.0,11.98,8640.46,-1
2025-08-26,2025-08-26 12:48:00,724.83,724.83,724.83,724.83,0.0,11.98,8640.46,0
2025-08-26,2025-08-26 12:49:00,724.83,724.83,724.83,724.83,0.0,11.98,8640.46,0
2025-08-26,2025-08-26 12:50:00,724.83,724.83,724.83,724.83,0.0,11.98,8640.46,0
2025-08-26,2025-08-26 12:51:00,724.83,724.83,724.83,724.83,0.0,11.98,8640.46,0
2025-08-26,2025-08-26 12:52:00,724.83,724.83,724.83,724.83,0.0,11.98,8640.46,0
2025-08-26,2025-08-26 12:53:00,724.83,724.83,724.82,724.82,-0.0,11.98,8640.46,-1
2025-08-26,2025-08-26 12:54:00,724.82,724.82,724.82,724.82,0.0,11.98,8640.46,0
2025-08-26,2025-08-26 12:55:00,724.82,724.82,724.82,724.82,0.0,11.98,8640.46,0
2025-08-26,2025-08-26 12:56:00,724.82,724.82,724.82,724.82,0.0,11.98,8640.46,0
2025-08-26,2025-08-26 12:57:00,724.82,724.82,724.82,724.82,0.0,11.98,8640.46,0
2025-08-26,2025-08-26 12:58:00,724.82,724.82,724.82,724.82,0.0,11.98,8640.46,0
2025-08-26,2025-08-26 12:59:00,724.82,724.82,724.82,724.82,0.0,11.98,8640.46,0
2025-08-26,2025-08-26 13:00:00,724.82,738.9,710.5,724.81,-0.0,11.98,8640.46,-1
2025-08-26,2025-08-26 13:01:00,724.81,724.81,724.81,724.81,0.0,11.98,8640.46,0
2025-08-26,2025-08-26 13:02:00,724.81,724.81,724.81,724.81,0.0,11.98,8640.46,0
2025-08-26,2025-08-26 13:03:00,724.81,724.81,724.81,724.81,0.0,11.98,8640.46,0
2025-08-26,2025-08-26 13:04:00,724.81,724.81,724.81,724.81,0.0,11.98,8640.46,0
2025-08-26,2025-08-26 13:05:00,724.81,724.81,724.81,724.81,0.0,11.98,8640.46,0
2025-08-26,2025-08-26 13:06:00,724.81,724.81,724.8,724.8,-0.0,11.98,8640.46,-1
2025-08-26,2025-08-26 13:07:00,724.8,724.8,724.8,724.8,0.0,11.98,8640.46,0
2025-08-26,2025-08-26 13:08:00,724.8,724.8,724.8,724.8,0.0,11.98,8640.46,0
2025-08-26,2025-08-26 13:09:00,724.8,724.8,724.8,724.8,0.0,11.98,8640.46,0
2025-08-26,2025-08-26 13:10:00,724.8,724.8,724.8,724.8,0.0,11.98,8640.46,0
2025-08-26,2025-08-26 13:11:00,724.8,724.8,724.8,724.8,0.0,11.98,8640.46,0
2025-08-26,2025-08-26 13:12:00,724.8,724.8,724.79,724.79,-0.0,11.98,8640.46,-1
2025-08-26,2025-08-26 13:13:00,724.79,724.79,724.79,724.79,0.0,11.98,8640.46,0
2025-08-26,2025-08-26 13:14:00,724.79,724.79,724.79,724.79,0.0,11.98,8640.46,0
2025-08-26,2025-08-26 13:15:00,724.79,724.79,724.79,724.79,0.0,11.98,8640.46,0
2025-08-26,2025-08-26 13:16:00,724.79,724.79,724.79,724.79,0.0,11.98,8640.46,0
2025-08-26,2025-08-26 13:17:00,724.79,724.79,724.79,724.79,0.0,11.98,8640.46,0
2025-08-26,2025-08-26 13:18:00,724.79,724.79,724.79,724.79,0.0,11.98,8640.46,0
2025-08-26,2025-08-26 13:19:00,724.79,724.79,724.78,724.78,-0.0,11.98,8640.46,-1
2025-08-26,2025-08-26 13:20:00,724.78,724.78,724.78,724.78,0.0,11.98,8640.46,0
2025-08-26,2025-08-26 13:21:00,724.78,724.78,724.78,724.78,0.0,11.98,8640.46,0
2025-08-26,2025-08-26 13:22:00,724.78,724.78,724.78,724.78,0.0,11.98,8640.46,0
2025-08-26,2025-08-26 13:23:00,724.78,724.78,724.78,724.78,0.0,11.98,8640.46,0
2025-08-26,2025-08-26 13:24:00,724.78,724.78,724.78,724.78,0.0,11.98,8640.46,0
2025-08-26,2025-08-26 13:25:00,724.78,724.78,724.77,724.77,-0.0,11.98,8640.46,-1
2025-08-26,2025-08-26 13:26:00,724.77,724.77,724.77,724.77,0.0,11.98,8640.46,0
2025-08-26,2025-08-26 13:27:00,724.77,724.77,724.77,724.77,0.0,11.98,8640.46,0
2025-08-26,2025-08-26 13:28:00,724.77,724.77,724.77,724.77,0.0,11.98,8640.46,0
2025-08-26,2025-08-26 13:29:00,724.77,724.77,724.77,724.77,0.0,11.98,8640.46,0
2025-08-26,2025-08-26 13:30:00,724.77,724.77,724.77,724.77,0.0,11.98,8640.46,0
2025-08-26,2025-08-26 13:31:00,724.77,724.77,724.77,724.77,0.0,11.98,8640.46,0
2025-08-26,2025-08-26 13:32:00,724.77,724.77,724.76,724.76,-0.0,11.98,8640.46,-1
2025-08-26,2025-08-26 13:33:00,724.76,724.76,724.76,724.76,0.0,11.98,8640.46,0
2025-08-26,2025-08-26 13:34:00,724.76,724.76,724.76,724.76,0.0,11.98,8640.46,0
2025-08-26,2025-08-26 13:35:00,724.76,724.76,724.76,724.76,0.0,11.98,8640.46,0
2025-08-26,2025-08-26 13:36:00,724.76,724.76,724.76,724.76,0.0,11.98,8640.46,0
2025-08-26,2025-08-26 13:37:00,724.76,724.76,724.76,724.76,0.0,11.98,8640.46,0
2025-08-26,2025-08-26 13:38:00,724.76,724.76,724.75,724.75,-0.0,11.98,8640.46,-1
2025-08-26,2025-08-26 13:39:00,724.75,724.75,724.75,724.75,0.0,11.98,8640.46,0
2025-08-26,2025-08-26 13:40:00,724.75,724.75,724.75,724.75,0.0,11.98,8640.46,0
2025-08-26,2025-08-26 13:41:00,724.75,724.75,724.75,724.75,0.0,11.98,8640.46,0
2025-08-26,2025-08-26 13:42:00,724.75,724.75,724.75,724.75,0.0,11.98,8640.46,0
2025-08-26,2025-08-26 13:43:00,724.75,724.75,724.75,724.75,0.0,11.98,8640.46,0
2025-08-26,2025-08-26 13:44:00,724.75,724.75,724.75,724.75,0.0,11.98,8640.46,0
2025-08-26,2025-08-26 13:45:00,724.75,724.75,724.74,724.74,-0.0,11.98,8640.46,-1
2025-08-26,2025-08-26 13:46:00,724.74,724.74,724.74,724.74,0.0,11.98,8640.46,0
2025-08-26,2025-08-26 13:47:00,724.74,724.74,724.74,724.74,0.0,11.98,8640.46,0
2025-08-26,2025-08-26 13:48:00,724.74,724.74,724.74,724.74,0.0,11.98,8640.46,0
2025-08-26,2025-08-26 13:49:00,724.74,724.74,724.74,724.74,0.0,11.98,8640.46,0
2025-08-26,2025-08-26 13:50:00,724.74,724.74,724.74,724.74,0.0,11.98,8640.46,0
2025-08-26,2025-08-26 13:51:00,724.74,724.74,724.73,724.73,-0.0,11.98,8640.46,-1
2025-08-26,2025-08-26 13:52:00,724.73,724.73,724.73,724.73,0.0,11.98,8640.46,0
2025-08-26,2025-08-26 13:53:00,724.73,724.73,724.73,724.73,0.0,11.98,8640.46,0
2025-08-26,2025-08-26 13:54:00,724.73,724.73,724.73,724.73,0.0,11.98,8640.46,0
2025-08-26,2025-08-26 13:55:00,724.73,724.73,724.73,724.73,0.0,11.98,8640.46,0
2025-08-26,2025-08-26 13:56:00,724.73,724.73,724.73,724.73,0.0,11.98,8640.46,0
2025-08-26,2025-08-26 13:57:00,724.73,724.73,724.73,724.73,0.0,11.98,8640.46,0
2025-08-26,2025-08-26 13:58:00,724.73,724.73,724.72,724.72,-0.0,11.98,8640.46,-1
2025-08-26,2025-08-26 13:59:00,724.72,724.72,724.72,724.72,0.0,11.98,8640.46,0
2025-08-26,2025-08-26 14:00:00,724.72,724.72,724.72,724.72,0.0,11.98,8640.46,0
2025-08-26,2025-08-26 14:01:00,724.72,724.72,724.72,724.72,0.0,11.98,8640.46,0
2025-08-26,2025-08-26 14:02:00,724.72,724.72,724.72,724.72,0.0,11.98,8640.46,0
2025-08-26,2025-08-26 14:03:00,724.72,724.72,724.72,724.72,0.0,11.98,8640.46,0
2025-08-26,2025-08-26 14:04:00,724.72,724.72,724.71,724.71,-0.0,11.98,8640.46,-1
2025-08-26,2025-08-26 14:05:00,724.71,724.71,724.71,724.71,0.0,11.98,8640.46,0
2025-08-26,2025-08-26 14:06:00,724.71,724.71,724.71,724.71,0.0,11.98,8640.46,0
2025-08-26,2025-08-26 14:07:00,724.71,724.71,724.71,724.71,0.0,11.98,8640.46,0
2025-08-26,2025-08-26 14:08:00,724.71,724.71,724.71,724.71,0.0,11.98,8640.46,0
2025-08-26,2025-08-26 14:09:00,724.71,724.71,724.71,724.71,0.0,11.98,8640.46,0
2025-08-26,2025-08-26 14:10:00,724.71,724.71,724.71,724.71,0.0,11.98,8640.46,0
2025-08-26,2025-08-26 14:11:00,724.71,724.71,724.7,724.7,-0.0,11.98,8640.46,-1
2025-08-26,2025-08-26 14:12:00,724.7,724.7,724.7,724.7,0.0,11.98,8640.46,0
2025-08-26,2025-08-26 14:13:00,724.7,724.7,724.7,724.7,0.0,11.98,8640.46,0
2025-08-26,2025-08-26 14:14:00,724.7,724.7,724.7,724.7,0.0,11.98,8640.46,0
2025-08-26,2025-08-26 14:15:00,724.7,724.7,724.7,724.7,0.0,11.98,8640.46,0
2025-08-26,2025-08-26 14:16:00,724.7,724.7,724.7,724.7,0.0,11.98,8640.46,0
2025-08-26,2025-08-26 14:17:00,724.7,724.7,724.69,724.69,-0.0,11.98,8640.46,-1
2025-08-26,2025-08-26 14:18:00,724.69,724.69,724.69,724.69,0.0,11.98,8640.46,0
2025-08-26,2025-08-26 14:19:00,724.69,724.69,724.69,724.69,0.0,11.98,8640.46,0
2025-08-26,2025-08-26 14:20:00,724.69,724.69,724.69,724.69,0.0,11.98,8640.46,0
2025-08-26,2025-08-26 14:21:00,724.69,724.69,724.69,724.69,0.0,11.98,8640.46,0
2025-08-26,2025-08-26 14:22:00,724.69,724.69,724.69,724.69,0.0,11.98,8640.46,0
2025-08-26,2025-08-26 14:23:00,724.69,724.69,724.69,724.69,0.0,11.98,8640.46,0
2025-08-26,2025-08-26 14:24:00,724.69,724.69,724.68,724.68,-0.0,11.98,8640.46,-1
2025-08-26,2025-08-26 14:25:00,724.68,724.68,724.68,724.68,0.0,11.98,8640.46,0
2025-08-26,2025-08-26 14:26:00,724.68,724.68,724.68,724.68,0.0,11.98,8640.46,0
2025-08-26,2025-08-26 14:27:00,724.68,724.68,724.68,724.68,0.0,11.98,8640.46,0
2025-08-26,2025-08-26 14:28:00,724.68,724.68,724.68,724.68,0.0,11.98,8640.46,0
2025-08-26,2025-08-26 14:29:00,724.68,724.68,724.68,724.68,0.0,11.98,8640.46,0
2025-08-26,2025-08-26 14:30:00,724.68,724.68,724.67,724.67,-0.0,11.98,8640.46,-1
2025-08-26,2025-08-26 14:31:00,724.67,724.67,724.67,724.67,0.0,11.98,8640.46,0
2025-08-26,2025-08-26 14:32:00,724.67,724.67,724.67,724.67,0.0,11.98,8640.46,0
2025-08-26,2025-08-26 14:33:00,724.67,724.67,724.67,724.67,0.0,11.98,8640.46,0
2025-08-26,2025-08-26 14:34:00,724.67,724.67,724.67,724.67,0.0,11.98,8640.46,0
2025-08-26,2025-08-26 14:35:00,724.67,724.67,724.67,724.67,0.0,11.98,8640.46,0
2025-08-26,2025-08-26 14:36:00,724.67,724.67,724.67,724.67,0.0,11.98,8640.46,0
2025-08-26,2025-08-26 14:37:00,724.67,724.67,724.66,724.66,-0.0,11.98,8640.46,-1
2025-08-26,2025-08-26 14:38:00,724.66,724.66,724.66,724.66,0.0,11.98,8640.46,0
2025-08-26,2025-08-26 14:39:00,724.66,724.66,724.66,724.66,0.0,11.98,8640.46,0
2025-08-26,2025-08-26 14:40:00,724.66,724.66,724.66,724.66,0.0,11.98,8640.46,0
2025-08-26,2025-08-26 14:41:00,724.66,724.66,724.66,724.66,0.0,11.98,8640.46,0
2025-08-26,2025-08-26 14:42:00,724.66,724.66,724.66,724.66,0.0,11.98,8640.46,0
2025-08-26,2025-08-26 14:43:00,724.66,724.66,724.65,724.65,-0.0,11.98,8640.46,-1
2025-08-26,2025-08-26 14:44:00,724.65,724.65,724.65,724.65,0.0,11.98,8640.46,0
2025-08-26,2025-08-26 14:45:00,724.65,724.65,724.65,724.65,0.0,11.98,8640.46,0
2025-08-26,2025-08-26 14:46:00,724.65,724.65,724.65,724.65,0.0,11.98,8640.46,0
2025-08-26,2025-08-26 14:47:00,724.65,724.65,724.65,724.65,0.0,11.98,8640.46,0
2025-08-26,2025-08-26 14:48:00,724.65,724.65,724.65,724.65,0.0,11.98,8640.46,0
2025-08-26,2025-08-26 14:49:00,724.65,724.65,724.65,724.65,0.0,11.98,8640.46,0
2025-08-26,2025-08-26 14:50:00,724.65,724.65,724.64,724.64,-0.0,11.98,8640.46,-1
2025-08-26,2025-08-26 14:51:00,724.64,724.64,724.64,724.64,0.0,11.98,8640.46,0
2025-08-26,2025-08-26 14:52:00,724.64,724.64,724.64,724.64,0.0,11.98,8640.46,0
2025-08-26,2025-08-26 14:53:00,724.64,724.64,724.64,724.64,0.0,11.98,8640.46,0
2025-08-26,2025-08-26 14:54:00,724.64,724.64,724.64,724.64,0.0,11.98,8640.46,0
2025-08-26,2025-08-26 14:55:00,724.64,724.64,724.64,724.64,0.0,11.98,8640.46,0
2025-08-26,2025-08-26 14:56:00,724.64,724.64,724.63,724.63,-0.0,11.98,8640.46,-1
2025-08-26,2025-08-26 14:57:00,724.63,724.63,724.63,724.63,0.0,11.98,8640.46,0
2025-08-26,2025-08-26 14:58:00,724.63,724.63,724.63,724.63,0.0,11.98,8640.46,0
2025-08-26,2025-08-26 14:59:00,724.63,724.63,724.63,724.63,0.0,11.98,8640.46,0
2025-08-26,2025-08-26 15:00:00,724.63,738.9,710.5,724.63,0.0,11.98,8640.46,0
2025-08-27,2025-08-27 11:00:00,712.0,721.3,712.0,712.08,0.01,59.87,43805.5,1
2025-08-27,2025-08-27 11:01:00,712.08,712.16,712.08,712.16,0.01,59.87,43805.5,1
2025-08-27,2025-08-27 11:02:00,712.16,712.23,712.16,712.23,0.01,59.87,43805.5,1
2025-08-27,2025-08-27 11:03:00,712.23,712.31,712.23,712.31,0.01,59.87,43805.5,1
2025-08-27,2025-08-27 11:04:00,712.31,712.39,712.31,712.39,0.01,59.87,43805.5,1
2025-08-27,2025-08-27 11:05:00,712.39,712.47,712.39,712.47,0.01,59.87,43805.5,1
2025-08-27,2025-08-27 11:06:00,712.47,712.54,712.47,712.54,0.01,59.87,43805.5,1
2025-08-27,2025-08-27 11:07:00,712.54,712.62,712.54,712.62,0.01,59.87,43805.5,1
2025-08-27,2025-08-27 11:08:00,712.62,712.7,712.62,712.7,0.01,59.87,43805.5,1
2025-08-27,2025-08-27 11:09:00,712.7,712.78,712.7,712.78,0.01,59.87,43805.5,1
2025-08-27,2025-08-27 11:10:00,712.78,712.86,712.78,712.86,0.01,59.87,43805.5,1
2025-08-27,2025-08-27 11:11:00,712.86,712.93,712.86,712.93,0.01,59.87,43805.5,1
2025-08-27,2025-08-27 11:12:00,712.93,713.01,712.93,713.01,0.01,59.87,43805.5,1
2025-08-27,2025-08-27 11:13:00,713.01,713.09,713.01,713.09,0.01,59.87,43805.5,1
2025-08-27,2025-08-27 11:14:00,713.09,713.17,713.09,713.17,0.01,59.87,43805.5,1
2025-08-27,2025-08-27 11:15:00,713.17,713.25,713.17,713.25,0.01,59.87,43805.5,1
2025-08-27,2025-08-27 11:16:00,713.25,713.32,713.25,713.32,0.01,59.87,43805.5,1
2025-08-27,2025-08-27 11:17:00,713.32,713.4,713.32,713.4,0.01,59.87,43805.5,1
2025-08-27,2025-08-27 11:18:00,713.4,713.48,713.4,713.48,0.01,59.87,43805.5,1
2025-08-27,2025-08-27 11:19:00,713.48,713.56,713.48,713.56,0.01,59.87,43805.5,1
2025-08-27,2025-08-27 11:20:00,713.56,713.63,713.56,713.63,0.01,59.87,43805.5,1
2025-08-27,2025-08-27 11:21:00,713.63,713.71,713.63,713.71,0.01,59.87,43805.5,1
2025-08-27,2025-08-27 11:22:00,713.71,713.79,713.71,713.79,0.01,59.87,43805.5,1
2025-08-27,2025-08-27 11:23:00,713.79,713.87,713.79,713.87,0.01,59.87,43805.5,1
2025-08-27,2025-08-27 11:24:00,713.87,713.95,713.87,713.95,0.01,59.87,43805.5,1
2025-08-27,2025-08-27 11:25:00,713.95,714.02,713.95,714.02,0.01,59.87,43805.5,1
2025-08-27,2025-08-27 11:26:00,714.02,714.1,714.02,714.1,0.01,59.87,43805.5,1
2025-08-27,2025-08-27 11:27:00,714.1,714.18,714.1,714.18,0.01,59.87,43805.5,1
2025-08-27,2025-08-27 11:28:00,714.18,714.26,714.18,714.26,0.01,59.87,43805.5,1
2025-08-27,2025-08-27 11:29:00,714.26,714.34,714.26,714.34,0.01,59.87,43805.5,1
2025-08-27,2025-08-27 11:30:00,714.34,714.41,714.34,714.41,0.01,59.87,43805.5,1
2025-08-27,2025-08-27 11:31:00,714.41,714.49,714.41,714.49,0.01,59.87,43805.5,1
2025-08-27,2025-08-27 11:32:00,714.49,714.57,714.49,714.57,0.01,59.87,43805.5,1
2025-08-27,2025-08-27 11:33:00,714.57,714.65,714.57,714.65,0.01,59.87,43805.5,1
2025-08-27,2025-08-27 11:34:00,714.65,714.72,714.65,714.72,0.01,59.87,43805.5,1
2025-08-27,2025-08-27 11:35:00,714.72,714.8,714.72,714.8,0.01,59.87,43805.5,1
2025-08-27,2025-08-27 11:36:00,714.8,714.88,714.8,714.88,0.01,59.87,43805.5,1
2025-08-27,2025-08-27 11:37:00,714.88,714.96,714.88,714.96,0.01,59.87,43805.5,1
2025-08-27,2025-08-27 11:38:00,714.96,715.04,714.96,715.04,0.01,59.87,43805.5,1
2025-08-27,2025-08-27 11:39:00,715.04,715.11,715.04,715.11,0.01,59.87,43805.5,1
2025-08-27,2025-08-27 11:40:00,715.11,715.19,715.11,715.19,0.01,59.87,43805.5,1
2025-08-27,2025-08-27 11:41:00,715.19,715.27,715.19,715.27,0.01,59.87,43805.5,1
2025-08-27,2025-08-27 11:42:00,715.27,715.35,715.27,715.35,0.01,59.87,43805.5,1
2025-08-27,2025-08-27 11:43:00,715.35,715.42,715.35,715.42,0.01,59.87,43805.5,1
2025-08-27,2025-08-27 11:44:00,715.42,715.5,715.42,715.5,0.01,59.87,43805.5,1
2025-08-27,2025-08-27 11:45:00,715.5,715.58,715.5,715.58,0.01,59.87,43805.5,1
2025-08-27,2025-08-27 11:46:00,715.58,715.66,715.58,715.66,0.01,59.87,43805.5,1
2025-08-27,2025-08-27 11:47:00,715.66,715.74,715.66,715.74,0.01,59.87,43805.5,1
2025-08-27,2025-08-27 11:48:00,715.74,715.81,715.74,715.81,0.01,59.87,43805.5,1
2025-08-27,2025-08-27 11:49:00,715.81,715.89,715.81,715.89,0.01,59.87,43805.5,1
2025-08-27,2025-08-27 11:50:00,715.89,715.97,715.89,715.97,0.01,59.87,43805.5,1
2025-08-27,2025-08-27 11:51:00,715.97,716.05,715.97,716.05,0.01,59.87,43805.5,1
2025-08-27,2025-08-27 11:52:00,716.05,716.13,716.05,716.13,0.01,59.87,43805.5,1
2025-08-27,2025-08-27 11:53:00,716.13,716.2,716.13,716.2,0.01,59.87,43805.5,1
2025-08-27,2025-08-27 11:54:00,716.2,716.28,716.2,716.28,0.01,59.87,43805.5,1
2025-08-27,2025-08-27 11:55:00,716.28,716.36,716.28,716.36,0.01,59.87,43805.5,1
2025-08-27,2025-08-27 11:56:00,716.36,716.44,716.36,716.44,0.01,59.87,43805.5,1
2025-08-27,2025-08-27 11:57:00,716.44,716.51,716.44,716.51,0.01,59.87,43805.5,1
2025-08-27,2025-08-27 11:58:00,716.51,716.59,716.51,716.59,0.01,59.87,43805.5,1
2025-08-27,2025-08-27 11:59:00,716.59,716.67,716.59,716.67,0.01,59.87,43805.5,1
2025-08-27,2025-08-27 12:00:00,716.67,716.75,716.67,716.75,0.01,59.87,43805.5,1
2025-08-27,2025-08-27 12:01:00,716.75,716.83,716.75,716.83,0.01,59.87,43805.5,1
2025-08-27,2025-08-27 12:02:00,716.83,716.9,716.83,716.9,0.01,59.87,43805.5,1
2025-08-27,2025-08-27 12:03:00,716.9,716.98,716.9,716.98,0.01,59.87,43805.5,1
2025-08-27,2025-08-27 12:04:00,716.98,717.06,716.98,717.06,0.01,59.87,43805.5,1
2025-08-27,2025-08-27 12:05:00,717.06,717.14,717.06,717.14,0.01,59.87,43805.5,1
2025-08-27,2025-08-27 12:06:00,717.14,717.21,717.14,717.21,0.01,59.87,43805.5,1
2025-08-27,2025-08-27 12:07:00,717.21,717.29,717.21,717.29,0.01,59.87,43805.5,1
2025-08-27,2025-08-27 12:08:00,717.29,717.37,717.29,717.37,0.01,59.87,43805.5,1
2025-08-27,2025-08-27 12:09:00,717.37,717.45,717.37,717.45,0.01,59.87,43805.5,1
2025-08-27,2025-08-27 12:10:00,717.45,717.53,717.45,717.53,0.01,59.87,43805.5,1
2025-08-27,2025-08-27 12:11:00,717.53,717.6,717.53,717.6,0.01,59.87,43805.5,1
2025-08-27,2025-08-27 12:12:00,717.6,717.68,717.6,717.68,0.01,59.87,43805.5,1
2025-08-27,2025-08-27 12:13:00,717.68,717.76,717.68,717.76,0.01,59.87,43805.5,1
2025-08-27,2025-08-27 12:14:00,717.76,717.84,717.76,717.84,0.01,59.87,43805.5,1
2025-08-27,2025-08-27 12:15:00,717.84,717.92,717.84,717.92,0.01,59.87,43805.5,1
2025-08-27,2025-08-27 12:16:00,717.92,717.99,717.92,717.99,0.01,59.87,43805.5,1
2025-08-27,2025-08-27 12:17:00,717.99,718.07,717.99,718.07,0.01,59.87,43805.5,1
2025-08-27,2025-08-27 12:18:00,718.07,718.15,718.07,718.15,0.01,59.87,43805.5,1
2025-08-27,2025-08-27 12:19:00,718.15,718.23,718.15,718.23,0.01,59.87,43805.5,1
2025-08-27,2025-08-27 12:20:00,718.23,718.3,718.23,718.3,0.01,59.87,43805.5,1
2025-08-27,2025-08-27 12:21:00,718.3,718.38,718.3,718.38,0.01,59.87,43805.5,1
2025-08-27,2025-08-27 12:22:00,718.38,718.46,718.38,718.46,0.01,59.87,43805.5,1
2025-08-27,2025-08-27 12:23:00,718.46,718.54,718.46,718.54,0.01,59.87,43805.5,1
2025-08-27,2025-08-27 12:24:00,718.54,718.62,718.54,718.62,0.01,59.87,43805.5,1
2025-08-27,2025-08-27 12:25:00,718.62,718.69,718.62,718.69,0.01,59.87,43805.5,1
2025-08-27,2025-08-27 12:26:00,718.69,718.77,718.69,718.77,0.01,59.87,43805.5,1
2025-08-27,2025-08-27 12:27:00,718.77,718.85,718.77,718.85,0.01,59.87,43805.5,1
2025-08-27,2025-08-27 12:28:00,718.85,718.93,718.85,718.93,0.01,59.87,43805.5,1
2025-08-27,2025-08-27 12:29:00,718.93,719.0,718.93,719.0,0.01,59.87,43805.5,1
2025-08-27,2025-08-27 12:30:00,719.0,719.08,719.0,719.08,0.01,59.87,43805.5,1
2025-08-27,2025-08-27 12:31:00,719.08,719.16,719.08,719.16,0.01,59.87,43805.5,1
2025-08-27,2025-08-27 12:32:00,719.16,719.24,719.16,719.24,0.01,59.87,43805.5,1
2025-08-27,2025-08-27 12:33:00,719.24,719.32,719.24,719.32,0.01,59.87,43805.5,1
2025-08-27,2025-08-27 12:34:00,719.32,719.39,719.32,719.39,0.01,59.87,43805.5,1
2025-08-27,2025-08-27 12:35:00,719.39,719.47,719.39,719.47,0.01,59.87,43805.5,1
2025-08-27,2025-08-27 12:36:00,719.47,719.55,719.47,719.55,0.01,59.87,43805.5,1
2025-08-27,2025-08-27 12:37:00,719.55,719.63,719.55,719.63,0.01,59.87,43805.5,1
2025-08-27,2025-08-27 12:38:00,719.63,719.71,719.63,719.71,0.01,59.87,43805.5,1
2025-08-27,2025-08-27 12:39:00,719.71,719.78,719.71,719.78,0.01,59.87,43805.5,1
2025-08-27,2025-08-27 12:40:00,719.78,719.86,719.78,719.86,0.01,59.87,43805.5,1
2025-08-27,2025-08-27 12:41:00,719.86,719.94,719.86,719.94,0.01,59.87,43805.5,1
2025-08-27,2025-08-27 12:42:00,719.94,720.02,719.94,720.02,0.01,59.87,43805.5,1
2025-08-27,2025-08-27 12:43:00,720.02,720.09,720.02,720.09,0.01,59.87,43805.5,1
2025-08-27,2025-08-27 12:44:00,720.09,720.17,720.09,720.17,0.01,59.87,43805.5,1
2025-08-27,2025-08-27 12:45:00,720.17,720.25,720.17,720.25,0.01,59.87,43805.5,1
2025-08-27,2025-08-27 12:46:00,720.25,720.33,720.25,720.33,0.01,59.87,43805.5,1
2025-08-27,2025-08-27 12:47:00,720.33,720.41,720.33,720.41,0.01,59.87,43805.5,1
2025-08-27,2025-08-27 12:48:00,720.41,720.48,720.41,720.48,0.01,59.87,43805.5,1
2025-08-27,2025-08-27 12:49:00,720.48,720.56,720.48,720.56,0.01,59.87,43805.5,1
2025-08-27,2025-08-27 12:50:00,720.56,720.64,720.56,720.64,0.01,59.87,43805.5,1
2025-08-27,2025-08-27 12:51:00,720.64,720.72,720.64,720.72,0.01,59.87,43805.5,1
2025-08-27,2025-08-27 12:52:00,720.72,720.8,720.72,720.8,0.01,59.87,43805.5,1
2025-08-27,2025-08-27 12:53:00,720.8,720.87,720.8,720.87,0.01,59.87,43805.5,1
2025-08-27,2025-08-27 12:54:00,720.87,720.95,720.87,720.95,0.01,59.87,43805.5,1
2025-08-27,2025-08-27 12:55:00,720.95,721.03,720.95,721.03,0.01,59.87,43805.5,1
2025-08-27,2025-08-27 12:56:00,721.03,721.11,721.03,721.11,0.01,59.87,43805.5,1
2025-08-27,2025-08-27 12:57:00,721.11,721.18,721.11,721.18,0.01,59.87,43805.5,1
2025-08-27,2025-08-27 12:58:00,721.18,721.26,721.18,721.26,0.01,59.87,43805.5,1
2025-08-27,2025-08-27 12:59:00,721.26,721.34,721.26,721.34,0.01,59.87,43805.5,1
2025-08-27,2025-08-27 13:00:00,721.34,743.0,712.0,721.42,0.01,59.87,43805.5,1
2025-08-27,2025-08-27 13:01:00,721.42,721.5,721.42,721.5,0.01,59.87,43805.5,1
2025-08-27,2025-08-27 13:02:00,721.5,721.57,721.5,721.57,0.01,59.87,43805.5,1
2025-08-27,2025-08-27 13:03:00,721.57,721.65,721.57,721.65,0.01,59.87,43805.5,1
2025-08-27,2025-08-27 13:04:00,721.65,721.73,721.65,721.73,0.01,59.87,43805.5,1
2025-08-27,2025-08-27 13:05:00,721.73,721.81,721.73,721.81,0.01,59.87,43805.5,1
2025-08-27,2025-08-27 13:06:00,721.81,721.88,721.81,721.88,0.01,59.87,43805.5,1
2025-08-27,2025-08-27 13:07:00,721.88,721.96,721.88,721.96,0.01,59.87,43805.5,1
2025-08-27,2025-08-27 13:08:00,721.96,722.04,721.96,722.04,0.01,59.87,43805.5,1
2025-08-27,2025-08-27 13:09:00,722.04,722.12,722.04,722.12,0.01,59.87,43805.5,1
2025-08-27,2025-08-27 13:10:00,722.12,722.2,722.12,722.2,0.01,59.87,43805.5,1
2025-08-27,2025-08-27 13:11:00,722.2,722.27,722.2,722.27,0.01,59.87,43805.5,1
2025-08-27,2025-08-27 13:12:00,722.27,722.35,722.27,722.35,0.01,59.87,43805.5,1
2025-08-27,2025-08-27 13:13:00,722.35,722.43,722.35,722.43,0.01,59.87,43805.5,1
2025-08-27,2025-08-27 13:14:00,722.43,722.51,722.43,722.51,0.01,59.87,43805.5,1
2025-08-27,2025-08-27 13:15:00,722.51,722.59,722.51,722.59,0.01,59.87,43805.5,1
2025-08-27,2025-08-27 13:16:00,722.59,722.66,722.59,722.66,0.01,59.87,43805.5,1
2025-08-27,2025-08-27 13:17:00,722.66,722.74,722.66,722.74,0.01,59.87,43805.5,1
2025-08-27,2025-08-27 13:18:00,722.74,722.82,722.74,722.82,0.01,59.87,43805.5,1
2025-08-27,2025-08-27 13:19:00,722.82,722.9,722.82,722.9,0.01,59.87,43805.5,1
2025-08-27,2025-08-27 13:20:00,722.9,722.97,722.9,722.97,0.01,59.87,43805.5,1
2025-08-27,2025-08-27 13:21:00,722.97,723.05,722.97,723.05,0.01,59.87,43805.5,1
2025-08-27,2025-08-27 13:22:00,723.05,723.13,723.05,723.13,0.01,59.87,43805.5,1
2025-08-27,2025-08-27 13:23:00,723.13,723.21,723.13,723.21,0.01,59.87,43805.5,1
2025-08-27,2025-08-27 13:24:00,723.21,723.29,723.21,723.29,0.01,59.87,43805.5,1
2025-08-27,2025-08-27 13:25:00,723.29,723.36,723.29,723.36,0.01,59.87,43805.5,1
2025-08-27,2025-08-27 13:26:00,723.36,723.44,723.36,723.44,0.01,59.87,43805.5,1
2025-08-27,2025-08-27 13:27:00,723.44,723.52,723.44,723.52,0.01,59.87,43805.5,1
2025-08-27,2025-08-27 13:28:00,723.52,723.6,723.52,723.6,0.01,59.87,43805.5,1
2025-08-27,2025-08-27 13:29:00,723.6,723.67,723.6,723.67,0.01,59.87,43805.5,1
2025-08-27,2025-08-27 13:30:00,723.67,723.75,723.67,723.75,0.01,59.87,43805.5,1
2025-08-27,2025-08-27 13:31:00,723.75,723.83,723.75,723.83,0.01,59.87,43805.5,1
2025-08-27,2025-08-27 13:32:00,723.83,723.91,723.83,723.91,0.01,59.87,43805.5,1
2025-08-27,2025-08-27 13:33:00,723.91,723.99,723.91,723.99,0.01,59.87,43805.5,1
2025-08-27,2025-08-27 13:34:00,723.99,724.06,723.99,724.06,0.01,59.87,43805.5,1
2025-08-27,2025-08-27 13:35:00,724.06,724.14,724.06,724.14,0.01,59.87,43805.5,1
2025-08-27,2025-08-27 13:36:00,724.14,724.22,724.14,724.22,0.01,59.87,43805.5,1
2025-08-27,2025-08-27 13:37:00,724.22,724.3,724.22,724.3,0.01,59.87,43805.5,1
2025-08-27,2025-08-27 13:38:00,724.3,724.38,724.3,724.38,0.01,59.87,43805.5,1
2025-08-27,2025-08-27 13:39:00,724.38,724.45,724.38,724.45,0.01,59.87,43805.5,1
2025-08-27,2025-08-27 13:40:00,724.45,724.53,724.45,724.53,0.01,59.87,43805.5,1
2025-08-27,2025-08-27 13:41:00,724.53,724.61,724.53,724.61,0.01,59.87,43805.5,1
2025-08-27,2025-08-27 13:42:00,724.61,724.69,724.61,724.69,0.01,59.87,43805.5,1
2025-08-27,2025-08-27 13:43:00,724.69,724.76,724.69,724.76,0.01,59.87,43805.5,1
2025-08-27,2025-08-27 13:44:00,724.76,724.84,724.76,724.84,0.01,59.87,43805.5,1
2025-08-27,2025-08-27 13:45:00,724.84,724.92,724.84,724.92,0.01,59.87,43805.5,1
2025-08-27,2025-08-27 13:46:00,724.92,725.0,724.92,725.0,0.01,59.87,43805.5,1
2025-08-27,2025-08-27 13:47:00,725.0,725.08,725.0,725.08,0.01,59.87,43805.5,1
2025-08-27,2025-08-27 13:48:00,725.08,725.15,725.08,725.15,0.01,59.87,43805.5,1
2025-08-27,2025-08-27 13:49:00,725.15,725.23,725.15,725.23,0.01,59.87,43805.5,1
2025-08-27,2025-08-27 13:50:00,725.23,725.31,725.23,725.31,0.01,59.87,43805.5,1
2025-08-27,2025-08-27 13:51:00,725.31,725.39,725.31,725.39,0.01,59.87,43805.5,1
2025-08-27,2025-08-27 13:52:00,725.39,725.47,725.39,725.47,0.01,59.87,43805.5,1
2025-08-27,2025-08-27 13:53:00,725.47,725.54,725.47,725.54,0.01,59.87,43805.5,1
2025-08-27,2025-08-27 13:54:00,725.54,725.62,725.54,725.62,0.01,59.87,43805.5,1
2025-08-27,2025-08-27 13:55:00,725.62,725.7,725.62,725.7,0.01,59.87,43805.5,1
2025-08-27,2025-08-27 13:56:00,725.7,725.78,725.7,725.78,0.01,59.87,43805.5,1
2025-08-27,2025-08-27 13:57:00,725.78,725.85,725.78,725.85,0.01,59.87,43805.5,1
2025-08-27,2025-08-27 13:58:00,725.85,725.93,725.85,725.93,0.01,59.87,43805.5,1
2025-08-27,2025-08-27 13:59:00,725.93,726.01,725.93,726.01,0.01,59.87,43805.5,1
2025-08-27,2025-08-27 14:00:00,726.01,726.09,726.01,726.09,0.01,59.87,43805.5,1
2025-08-27,2025-08-27 14:01:00,726.09,726.17,726.09,726.17,0.01,59.87,43805.5,1
2025-08-27,2025-08-27 14:02:00,726.17,726.24,726.17,726.24,0.01,59.87,43805.5,1
2025-08-27,2025-08-27 14:03:00,726.24,726.32,726.24,726.32,0.01,59.87,43805.5,1
2025-08-27,2025-08-27 14:04:00,726.32,726.4,726.32,726.4,0.01,59.87,43805.5,1
2025-08-27,2025-08-27 14:05:00,726.4,726.48,726.4,726.48,0.01,59.87,43805.5,1
2025-08-27,2025-08-27 14:06:00,726.48,726.55,726.48,726.55,0.01,59.87,43805.5,1
2025-08-27,2025-08-27 14:07:00,726.55,726.63,726.55,726.63,0.01,59.87,43805.5,1
2025-08-27,2025-08-27 14:08:00,726.63,726.71,726.63,726.71,0.01,59.87,43805.5,1
2025-08-27,2025-08-27 14:09:00,726.71,726.79,726.71,726.79,0.01,59.87,43805.5,1
2025-08-27,2025-08-27 14:10:00,726.79,726.87,726.79,726.87,0.01,59.87,43805.5,1
2025-08-27,2025-08-27 14:11:00,726.87,726.94,726.87,726.94,0.01,59.87,43805.5,1
2025-08-27,2025-08-27 14:12:00,726.94,727.02,726.94,727.02,0.01,59.87,43805.5,1
2025-08-27,2025-08-27 14:13:00,727.02,727.1,727.02,727.1,0.01,59.87,43805.5,1
2025-08-27,2025-08-27 14:14:00,727.1,727.18,727.1,727.18,0.01,59.87,43805.5,1
2025-08-27,2025-08-27 14:15:00,727.18,727.26,727.18,727.26,0.01,59.87,43805.5,1
2025-08-27,2025-08-27 14:16:00,727.26,727.33,727.26,727.33,0.01,59.87,43805.5,1
2025-08-27,2025-08-27 14:17:00,727.33,727.41,727.33,727.41,0.01,59.87,43805.5,1
2025-08-27,2025-08-27 14:18:00,727.41,727.49,727.41,727.49,0.01,59.87,43805.5,1
2025-08-27,2025-08-27 14:19:00,727.49,727.57,727.49,727.57,0.01,59.87,43805.5,1
2025-08-27,2025-08-27 14:20:00,727.57,727.64,727.57,727.64,0.01,59.87,43805.5,1
2025-08-27,2025-08-27 14:21:00,727.64,727.72,727.64,727.72,0.01,59.87,43805.5,1
2025-08-27,2025-08-27 14:22:00,727.72,727.8,727.72,727.8,0.01,59.87,43805.5,1
2025-08-27,2025-08-27 14:23:00,727.8,727.88,727.8,727.88,0.01,59.87,43805.5,1
2025-08-27,2025-08-27 14:24:00,727.88,727.96,727.88,727.96,0.01,59.87,43805.5,1
2025-08-27,2025-08-27 14:25:00,727.96,728.03,727.96,728.03,0.01,59.87,43805.5,1
2025-08-27,2025-08-27 14:26:00,728.03,728.11,728.03,728.11,0.01,59.87,43805.5,1
2025-08-27,2025-08-27 14:27:00,728.11,728.19,728.11,728.19,0.01,59.87,43805.5,1
2025-08-27,2025-08-27 14:28:00,728.19,728.27,728.19,728.27,0.01,59.87,43805.5,1
2025-08-27,2025-08-27 14:29:00,728.27,728.34,728.27,728.34,0.01,59.87,43805.5,1
2025-08-27,2025-08-27 14:30:00,728.34,728.42,728.34,728.42,0.01,59.87,43805.5,1
2025-08-27,2025-08-27 14:31:00,728.42,728.5,728.42,728.5,0.01,59.87,43805.5,1
2025-08-27,2025-08-27 14:32:00,728.5,728.58,728.5,728.58,0.01,59.87,43805.5,1
2025-08-27,2025-08-27 14:33:00,728.58,728.66,728.58,728.66,0.01,59.87,43805.5,1
2025-08-27,2025-08-27 14:34:00,728.66,728.73,728.66,728.73,0.01,59.87,43805.5,1
2025-08-27,2025-08-27 14:35:00,728.73,728.81,728.73,728.81,0.01,59.87,43805.5,1
2025-08-27,2025-08-27 14:36:00,728.81,728.89,728.81,728.89,0.01,59.87,43805.5,1
2025-08-27,2025-08-27 14:37:00,728.89,728.97,728.89,728.97,0.01,59.87,43805.5,1
2025-08-27,2025-08-27 14:38:00,728.97,729.05,728.97,729.05,0.01,59.87,43805.5,1
2025-08-27,2025-08-27 14:39:00,729.05,729.12,729.05,729.12,0.01,59.87,43805.5,1
2025-08-27,2025-08-27 14:40:00,729.12,729.2,729.12,729.2,0.01,59.87,43805.5,1
2025-08-27,2025-08-27 14:41:00,729.2,729.28,729.2,729.28,0.01,59.87,43805.5,1
2025-08-27,2025-08-27 14:42:00,729.28,729.36,729.28,729.36,0.01,59.87,43805.5,1
2025-08-27,2025-08-27 14:43:00,729.36,729.43,729.36,729.43,0.01,59.87,43805.5,1
2025-08-27,2025-08-27 14:44:00,729.43,729.51,729.43,729.51,0.01,59.87,43805.5,1
2025-08-27,2025-08-27 14:45:00,729.51,729.59,729.51,729.59,0.01,59.87,43805.5,1
2025-08-27,2025-08-27 14:46:00,729.59,729.67,729.59,729.67,0.01,59.87,43805.5,1
2025-08-27,2025-08-27 14:47:00,729.67,729.75,729.67,729.75,0.01,59.87,43805.5,1
2025-08-27,2025-08-27 14:48:00,729.75,729.82,729.75,729.82,0.01,59.87,43805.5,1
2025-08-27,2025-08-27 14:49:00,729.82,729.9,729.82,729.9,0.01,59.87,43805.5,1
2025-08-27,2025-08-27 14:50:00,729.9,729.98,729.9,729.98,0.01,59.87,43805.5,1
2025-08-27,2025-08-27 14:51:00,729.98,730.06,729.98,730.06,0.01,59.87,43805.5,1
2025-08-27,2025-08-27 14:52:00,730.06,730.14,730.06,730.14,0.01,59.87,43805.5,1
2025-08-27,2025-08-27 14:53:00,730.14,730.21,730.14,730.21,0.01,59.87,43805.5,1
2025-08-27,2025-08-27 14:54:00,730.21,730.29,730.21,730.29,0.01,59.87,43805.5,1
2025-08-27,2025-08-27 14:55:00,730.29,730.37,730.29,730.37,0.01,59.87,43805.5,1
2025-08-27,2025-08-27 14:56:00,730.37,730.45,730.37,730.45,0.01,59.87,43805.5,1
2025-08-27,2025-08-27 14:57:00,730.45,730.52,730.45,730.52,0.01,59.87,43805.5,1
2025-08-27,2025-08-27 14:58:00,730.52,730.6,730.52,730.6,0.01,59.87,43805.5,1
2025-08-27,2025-08-27 14:59:00,730.6,730.68,730.6,730.68,0.01,59.87,43805.5,1
2025-08-27,2025-08-27 15:00:00,730.68,743.0,712.0,730.68,0.0,59.87,43805.5,0
2025-08-28,2025-08-28 11:00:00,716.2,720.34,714.7,716.19,-0.0,41.5,29908.96,-1
2025-08-28,2025-08-28 11:01:00,716.19,716.19,716.18,716.18,-0.0,41.5,29908.96,-1
2025-08-28,2025-08-28 11:02:00,716.18,716.18,716.17,716.17,-0.0,41.5,29908.96,-1
2025-08-28,2025-08-28 11:03:00,716.17,716.17,716.16,716.16,-0.0,41.5,29908.96,-1
2025-08-28,2025-08-28 11:04:00,716.16,716.16,716.14,716.14,-0.0,41.5,29908.96,-1
2025-08-28,2025-08-28 11:05:00,716.14,716.14,716.13,716.13,-0.0,41.5,29908.96,-1
2025-08-28,2025-08-28 11:06:00,716.13,716.13,716.12,716.12,-0.0,41.5,29908.96,-1
2025-08-28,2025-08-28 11:07:00,716.12,716.12,716.11,716.11,-0.0,41.5,29908.96,-1
2025-08-28,2025-08-28 11:08:00,716.11,716.11,716.1,716.1,-0.0,41.5,29908.96,-1
2025-08-28,2025-08-28 11:09:00,716.1,716.1,716.09,716.09,-0.0,41.5,29908.96,-1
2025-08-28,2025-08-28 11:10:00,716.09,716.09,716.08,716.08,-0.0,41.5,29908.96,-1
2025-08-28,2025-08-28 11:11:00,716.08,716.08,716.07,716.07,-0.0,41.5,29908.96,-1
2025-08-28,2025-08-28 11:12:00,716.07,716.07,716.06,716.06,-0.0,41.5,29908.96,-1
2025-08-28,2025-08-28 11:13:00,716.06,716.06,716.04,716.04,-0.0,41.5,29908.96,-1
2025-08-28,2025-08-28 11:14:00,716.04,716.04,716.03,716.03,-0.0,41.5,29908.96,-1
2025-08-28,2025-08-28 11:15:00,716.03,716.03,716.02,716.02,-0.0,41.5,29908.96,-1
2025-08-28,2025-08-28 11:16:00,716.02,716.02,716.01,716.01,-0.0,41.5,29908.96,-1
2025-08-28,2025-08-28 11:17:00,716.01,716.01,716.0,716.0,-0.0,41.5,29908.96,-1
2025-08-28,2025-08-28 11:18:00,716.0,716.0,715.99,715.99,-0.0,41.5,29908.96,-1
2025-08-28,2025-08-28 11:19:00,715.99,715.99,715.98,715.98,-0.0,41.5,29908.96,-1
2025-08-28,2025-08-28 11:20:00,715.98,715.98,715.97,715.97,-0.0,41.5,29908.96,-1
2025-08-28,2025-08-28 11:21:00,715.97,715.97,715.96,715.96,-0.0,41.5,29908.96,-1
2025-08-28,2025-08-28 11:22:00,715.96,715.96,715.94,715.94,-0.0,41.5,29908.96,-1
2025-08-28,2025-08-28 11:23:00,715.94,715.94,715.93,715.93,-0.0,41.5,29908.96,-1
2025-08-28,2025-08-28 11:24:00,715.93,715.93,715.92,715.92,-0.0,41.5,29908.96,-1
2025-08-28,2025-08-28 11:25:00,715.92,715.92,715.91,715.91,-0.0,41.5,29908.96,-1
2025-08-28,2025-08-28 11:26:00,715.91,715.91,715.9,715.9,-0.0,41.5,29908.96,-1
2025-08-28,2025-08-28 11:27:00,715.9,715.9,715.89,715.89,-0.0,41.5,29908.96,-1
2025-08-28,2025-08-28 11:28:00,715.89,715.89,715.88,715.88,-0.0,41.5,29908.96,-1
2025-08-28,2025-08-28 11:29:00,715.88,715.88,715.87,715.87,-0.0,41.5,29908.96,-1
2025-08-28,2025-08-28 11:30:00,715.87,715.87,715.86,715.86,-0.0,41.5,29908.96,-1
2025-08-28,2025-08-28 11:31:00,715.86,715.86,715.84,715.84,-0.0,41.5,29908.96,-1
2025-08-28,2025-08-28 11:32:00,715.84,715.84,715.83,715.83,-0.0,41.5,29908.96,-1
2025-08-28,2025-08-28 11:33:00,715.83,715.83,715.82,715.82,-0.0,41.5,29908.96,-1
2025-08-28,2025-08-28 11:34:00,715.82,715.82,715.81,715.81,-0.0,41.5,29908.96,-1
2025-08-28,2025-08-28 11:35:00,715.81,715.81,715.8,715.8,-0.0,41.5,29908.96,-1
2025-08-28,2025-08-28 11:36:00,715.8,715.8,715.79,715.79,-0.0,41.5,29908.96,-1
2025-08-28,2025-08-28 11:37:00,715.79,715.79,715.78,715.78,-0.0,41.5,29908.96,-1
2025-08-28,2025-08-28 11:38:00,715.78,715.78,715.77,715.77,-0.0,41.5,29908.96,-1
2025-08-28,2025-08-28 11:39:00,715.77,715.77,715.75,715.75,-0.0,41.5,29908.96,-1
2025-08-28,2025-08-28 11:40:00,715.75,715.75,715.74,715.74,-0.0,41.5,29908.96,-1
2025-08-28,2025-08-28 11:41:00,715.74,715.74,715.73,715.73,-0.0,41.5,29908.96,-1
2025-08-28,2025-08-28 11:42:00,715.73,715.73,715.72,715.72,-0.0,41.5,29908.96,-1
2025-08-28,2025-08-28 11:43:00,715.72,715.72,715.71,715.71,-0.0,41.5,29908.96,-1
2025-08-28,2025-08-28 11:44:00,715.71,715.71,715.7,715.7,-0.0,41.5,29908.96,-1
2025-08-28,2025-08-28 11:45:00,715.7,715.7,715.69,715.69,-0.0,41.5,29908.96,-1
2025-08-28,2025-08-28 11:46:00,715.69,715.69,715.68,715.68,-0.0,41.5,29908.96,-1
2025-08-28,2025-08-28 11:47:00,715.68,715.68,715.67,715.67,-0.0,41.5,29908.96,-1
2025-08-28,2025-08-28 11:48:00,715.67,715.67,715.65,715.65,-0.0,41.5,29908.96,-1
2025-08-28,2025-08-28 11:49:00,715.65,715.65,715.64,715.64,-0.0,41.5,29908.96,-1
2025-08-28,2025-08-28 11:50:00,715.64,715.64,715.63,715.63,-0.0,41.5,29908.96,-1
2025-08-28,2025-08-28 11:51:00,715.63,715.63,715.62,715.62,-0.0,41.5,29908.96,-1
2025-08-28,2025-08-28 11:52:00,715.62,715.62,715.61,715.61,-0.0,41.5,29908.96,-1
2025-08-28,2025-08-28 11:53:00,715.61,715.61,715.6,715.6,-0.0,41.5,29908.96,-1
2025-08-28,2025-08-28 11:54:00,715.6,715.6,715.59,715.59,-0.0,41.5,29908.96,-1
2025-08-28,2025-08-28 11:55:00,715.59,715.59,715.58,715.58,-0.0,41.5,29908.96,-1
2025-08-28,2025-08-28 11:56:00,715.58,715.58,715.57,715.57,-0.0,41.5,29908.96,-1
2025-08-28,2025-08-28 11:57:00,715.57,715.57,715.55,715.55,-0.0,41.5,29908.96,-1
2025-08-28,2025-08-28 11:58:00,715.55,715.55,715.54,715.54,-0.0,41.5,29908.96,-1
2025-08-28,2025-08-28 11:59:00,715.54,715.54,715.53,715.53,-0.0,41.5,29908.96,-1
2025-08-28,2025-08-28 12:00:00,715.53,715.53,715.52,715.52,-0.0,41.5,29908.96,-1
2025-08-28,2025-08-28 12:01:00,715.52,715.52,715.51,715.51,-0.0,41.5,29908.96,-1
2025-08-28,2025-08-28 12:02:00,715.51,715.51,715.5,715.5,-0.0,41.5,29908.96,-1
2025-08-28,2025-08-28 12:03:00,715.5,715.5,715.49,715.49,-0.0,41.5,29908.96,-1
2025-08-28,2025-08-28 12:04:00,715.49,715.49,715.48,715.48,-0.0,41.5,29908.96,-1
2025-08-28,2025-08-28 12:05:00,715.48,715.48,715.47,715.47,-0.0,41.5,29908.96,-1
2025-08-28,2025-08-28 12:06:00,715.47,715.47,715.45,715.45,-0.0,41.5,29908.96,-1
2025-08-28,2025-08-28 12:07:00,715.45,715.45,715.44,715.44,-0.0,41.5,29908.96,-1
2025-08-28,2025-08-28 12:08:00,715.44,715.44,715.43,715.43,-0.0,41.5,29908.96,-1
2025-08-28,2025-08-28 12:09:00,715.43,715.43,715.42,715.42,-0.0,41.5,29908.96,-1
2025-08-28,2025-08-28 12:10:00,715.42,715.42,715.41,715.41,-0.0,41.5,29908.96,-1
2025-08-28,2025-08-28 12:11:00,715.41,715.41,715.4,715.4,-0.0,41.5,29908.96,-1
2025-08-28,2025-08-28 12:12:00,715.4,715.4,715.39,715.39,-0.0,41.5,29908.96,-1
2025-08-28,2025-08-28 12:13:00,715.39,715.39,715.38,715.38,-0.0,41.5,29908.96,-1
2025-08-28,2025-08-28 12:14:00,715.38,715.38,715.37,715.37,-0.0,41.5,29908.96,-1
2025-08-28,2025-08-28 12:15:00,715.37,715.37,715.35,715.35,-0.0,41.5,29908.96,-1
2025-08-28,2025-08-28 12:16:00,715.35,715.35,715.34,715.34,-0.0,41.5,29908.96,-1
2025-08-28,2025-08-28 12:17:00,715.34,715.34,715.33,715.33,-0.0,41.5,29908.96,-1
2025-08-28,2025-08-28 12:18:00,715.33,715.33,715.32,715.32,-0.0,41.5,29908.96,-1
2025-08-28,2025-08-28 12:19:00,715.32,715.32,715.31,715.31,-0.0,41.5,29908.96,-1
2025-08-28,2025-08-28 12:20:00,715.31,715.31,715.3,715.3,-0.0,41.5,29908.96,-1
2025-08-28,2025-08-28 12:21:00,715.3,715.3,715.29,715.29,-0.0,41.5,29908.96,-1
2025-08-28,2025-08-28 12:22:00,715.29,715.29,715.28,715.28,-0.0,41.5,29908.96,-1
2025-08-28,2025-08-28 12:23:00,715.28,715.28,715.27,715.27,-0.0,41.5,29908.96,-1
2025-08-28,2025-08-28 12:24:00,715.27,715.27,715.25,715.25,-0.0,41.5,29908.96,-1
2025-08-28,2025-08-28 12:25:00,715.25,715.25,715.24,715.24,-0.0,41.5,29908.96,-1
2025-08-28,2025-08-28 12:26:00,715.24,715.24,715.23,715.23,-0.0,41.5,29908.96,-1
2025-08-28,2025-08-28 12:27:00,715.23,715.23,715.22,715.22,-0.0,41.5,29908.96,-1
2025-08-28,2025-08-28 12:28:00,715.22,715.22,715.21,715.21,-0.0,41.5,29908.96,-1
2025-08-28,2025-08-28 12:29:00,715.21,715.21,715.2,715.2,-0.0,41.5,29908.96,-1
2025-08-28,2025-08-28 12:30:00,715.2,715.2,715.19,715.19,-0.0,41.5,29908.96,-1
2025-08-28,2025-08-28 12:31:00,715.19,715.19,715.18,715.18,-0.0,41.5,29908.96,-1
2025-08-28,2025-08-28 12:32:00,715.18,715.18,715.17,715.17,-0.0,41.5,29908.96,-1
2025-08-28,2025-08-28 12:33:00,715.17,715.17,715.15,715.15,-0.0,41.5,29908.96,-1
2025-08-28,2025-08-28 12:34:00,715.15,715.15,715.14,715.14,-0.0,41.5,29908.96,-1
2025-08-28,2025-08-28 12:35:00,715.14,715.14,715.13,715.13,-0.0,41.5,29908.96,-1
2025-08-28,2025-08-28 12:36:00,715.13,715.13,715.12,715.12,-0.0,41.5,29908.96,-1
2025-08-28,2025-08-28 12:37:00,715.12,715.12,715.11,715.11,-0.0,41.5,29908.96,-1
2025-08-28,2025-08-28 12:38:00,715.11,715.11,715.1,715.1,-0.0,41.5,29908.96,-1
2025-08-28,2025-08-28 12:39:00,715.1,715.1,715.09,715.09,-0.0,41.5,29908.96,-1
2025-08-28,2025-08-28 12:40:00,715.09,715.09,715.08,715.08,-0.0,41.5,29908.96,-1
2025-08-28,2025-08-28 12:41:00,715.08,715.08,715.07,715.07,-0.0,41.5,29908.96,-1
2025-08-28,2025-08-28 12:42:00,715.07,715.07,715.05,715.05,-0.0,41.5,29908.96,-1
2025-08-28,2025-08-28 12:43:00,715.05,715.05,715.04,715.04,-0.0,41.5,29908.96,-1
2025-08-28,2025-08-28 12:44:00,715.04,715.04,715.03,715.03,-0.0,41.5,29908.96,-1
2025-08-28,2025-08-28 12:45:00,715.03,715.03,715.02,715.02,-0.0,41.5,29908.96,-1
2025-08-28,2025-08-28 12:46:00,715.02,715.02,715.01,715.01,-0.0,41.5,29908.96,-1
2025-08-28,2025-08-28 12:47:00,715.01,715.01,715.0,715.0,-0.0,41.5,29908.96,-1
2025-08-28,2025-08-28 12:48:00,715.0,715.0,714.99,714.99,-0.0,41.5,29908.96,-1
2025-08-28,2025-08-28 12:49:00,714.99,714.99,714.98,714.98,-0.0,41.5,29908.96,-1
2025-08-28,2025-08-28 12:50:00,714.98,714.98,714.97,714.97,-0.0,41.5,29908.96,-1
2025-08-28,2025-08-28 12:51:00,714.97,714.97,714.95,714.95,-0.0,41.5,29908.96,-1
2025-08-28,2025-08-28 12:52:00,714.95,714.95,714.94,714.94,-0.0,41.5,29908.96,-1
2025-08-28,2025-08-28 12:53:00,714.94,714.94,714.93,714.93,-0.0,41.5,29908.96,-1
2025-08-28,2025-08-28 12:54:00,714.93,714.93,714.92,714.92,-0.0,41.5,29908.96,-1
2025-08-28,2025-08-28 12:55:00,714.92,714.92,714.91,714.91,-0.0,41.5,29908.96,-1
2025-08-28,2025-08-28 12:56:00,714.91,714.91,714.9,714.9,-0.0,41.5,29908.96,-1
2025-08-28,2025-08-28 12:57:00,714.9,714.9,714.89,714.89,-0.0,41.5,29908.96,-1
2025-08-28,2025-08-28 12:58:00,714.89,714.89,714.88,714.88,-0.0,41.5,29908.96,-1
2025-08-28,2025-08-28 12:59:00,714.88,714.88,714.87,714.87,-0.0,41.5,29908.96,-1
2025-08-28,2025-08-28 13:00:00,714.87,730.0,711.2,714.85,-0.0,41.5,29908.96,-1
2025-08-28,2025-08-28 13:01:00,714.85,714.85,714.84,714.84,-0.0,41.5,29908.96,-1
2025-08-28,2025-08-28 13:02:00,714.84,714.84,714.83,714.83,-0.0,41.5,29908.96,-1
2025-08-28,2025-08-28 13:03:00,714.83,714.83,714.82,714.82,-0.0,41.5,29908.96,-1
2025-08-28,2025-08-28 13:04:00,714.82,714.82,714.81,714.81,-0.0,41.5,29908.96,-1
2025-08-28,2025-08-28 13:05:00,714.81,714.81,714.8,714.8,-0.0,41.5,29908.96,-1
2025-08-28,2025-08-28 13:06:00,714.8,714.8,714.79,714.79,-0.0,41.5,29908.96,-1
2025-08-28,2025-08-28 13:07:00,714.79,714.79,714.78,714.78,-0.0,41.5,29908.96,-1
2025-08-28,2025-08-28 13:08:00,714.78,714.78,714.76,714.76,-0.0,41.5,29908.96,-1
2025-08-28,2025-08-28 13:09:00,714.76,714.76,714.75,714.75,-0.0,41.5,29908.96,-1
2025-08-28,2025-08-28 13:10:00,714.75,714.75,714.74,714.74,-0.0,41.5,29908.96,-1
2025-08-28,2025-08-28 13:11:00,714.74,714.74,714.73,714.73,-0.0,41.5,29908.96,-1
2025-08-28,2025-08-28 13:12:00,714.73,714.73,714.72,714.72,-0.0,41.5,29908.96,-1
2025-08-28,2025-08-28 13:13:00,714.72,714.72,714.71,714.71,-0.0,41.5,29908.96,-1
2025-08-28,2025-08-28 13:14:00,714.71,714.71,714.7,714.7,-0.0,41.5,29908.96,-1
2025-08-28,2025-08-28 13:15:00,714.7,714.7,714.69,714.69,-0.0,41.5,29908.96,-1
2025-08-28,2025-08-28 13:16:00,714.69,714.69,714.68,714.68,-0.0,41.5,29908.96,-1
2025-08-28,2025-08-28 13:17:00,714.68,714.68,714.66,714.66,-0.0,41.5,29908.96,-1
2025-08-28,2025-08-28 13:18:00,714.66,714.66,714.65,714.65,-0.0,41.5,29908.96,-1
2025-08-28,2025-08-28 13:19:00,714.65,714.65,714.64,714.64,-0.0,41.5,29908.96,-1
2025-08-28,2025-08-28 13:20:00,714.64,714.64,714.63,714.63,-0.0,41.5,29908.96,-1
2025-08-28,2025-08-28 13:21:00,714.63,714.63,714.62,714.62,-0.0,41.5,29908.96,-1
2025-08-28,2025-08-28 13:22:00,714.62,714.62,714.61,714.61,-0.0,41.5,29908.96,-1
2025-08-28,2025-08-28 13:23:00,714.61,714.61,714.6,714.6,-0.0,41.5,29908.96,-1
2025-08-28,2025-08-28 13:24:00,714.6,714.6,714.59,714.59,-0.0,41.5,29908.96,-1
2025-08-28,2025-08-28 13:25:00,714.59,714.59,714.58,714.58,-0.0,41.5,29908.96,-1
2025-08-28,2025-08-28 13:26:00,714.58,714.58,714.56,714.56,-0.0,41.5,29908.96,-1
2025-08-28,2025-08-28 13:27:00,714.56,714.56,714.55,714.55,-0.0,41.5,29908.96,-1
2025-08-28,2025-08-28 13:28:00,714.55,714.55,714.54,714.54,-0.0,41.5,29908.96,-1
2025-08-28,2025-08-28 13:29:00,714.54,714.54,714.53,714.53,-0.0,41.5,29908.96,-1
2025-08-28,2025-08-28 13:30:00,714.53,714.53,714.52,714.52,-0.0,41.5,29908.96,-1
2025-08-28,2025-08-28 13:31:00,714.52,714.52,714.51,714.51,-0.0,41.5,29908.96,-1
2025-08-28,2025-08-28 13:32:00,714.51,714.51,714.5,714.5,-0.0,41.5,29908.96,-1
2025-08-28,2025-08-28 13:33:00,714.5,714.5,714.49,714.49,-0.0,41.5,29908.96,-1
2025-08-28,2025-08-28 13:34:00,714.49,714.49,714.48,714.48,-0.0,41.5,29908.96,-1
2025-08-28,2025-08-28 13:35:00,714.48,714.48,714.46,714.46,-0.0,41.5,29908.96,-1
2025-08-28,2025-08-28 13:36:00,714.46,714.46,714.45,714.45,-0.0,41.5,29908.96,-1
2025-08-28,2025-08-28 13:37:00,714.45,714.45,714.44,714.44,-0.0,41.5,29908.96,-1
2025-08-28,2025-08-28 13:38:00,714.44,714.44,714.43,714.43,-0.0,41.5,29908.96,-1
2025-08-28,2025-08-28 13:39:00,714.43,714.43,714.42,714.42,-0.0,41.5,29908.96,-1
2025-08-28,2025-08-28 13:40:00,714.42,714.42,714.41,714.41,-0.0,41.5,29908.96,-1
2025-08-28,2025-08-28 13:41:00,714.41,714.41,714.4,714.4,-0.0,41.5,29908.96,-1
2025-08-28,2025-08-28 13:42:00,714.4,714.4,714.39,714.39,-0.0,41.5,29908.96,-1
2025-08-28,2025-08-28 13:43:00,714.39,714.39,714.38,714.38,-0.0,41.5,29908.96,-1
2025-08-28,2025-08-28 13:44:00,714.38,714.38,714.36,714.36,-0.0,41.5,29908.96,-1
2025-08-28,2025-08-28 13:45:00,714.36,714.36,714.35,714.35,-0.0,41.5,29908.96,-1
2025-08-28,2025-08-28 13:46:00,714.35,714.35,714.34,714.34,-0.0,41.5,29908.96,-1
2025-08-28,2025-08-28 13:47:00,714.34,714.34,714.33,714.33,-0.0,41.5,29908.96,-1
2025-08-28,2025-08-28 13:48:00,714.33,714.33,714.32,714.32,-0.0,41.5,29908.96,-1
2025-08-28,2025-08-28 13:49:00,714.32,714.32,714.31,714.31,-0.0,41.5,29908.96,-1
2025-08-28,2025-08-28 13:50:00,714.31,714.31,714.3,714.3,-0.0,41.5,29908.96,-1
2025-08-28,2025-08-28 13:51:00,714.3,714.3,714.29,714.29,-0.0,41.5,29908.96,-1
2025-08-28,2025-08-28 13:52:00,714.29,714.29,714.28,714.28,-0.0,41.5,29908.96,-1
2025-08-28,2025-08-28 13:53:00,714.28,714.28,714.26,714.26,-0.0,41.5,29908.96,-1
2025-08-28,2025-08-28 13:54:00,714.26,714.26,714.25,714.25,-0.0,41.5,29908.96,-1
2025-08-28,2025-08-28 13:55:00,714.25,714.25,714.24,714.24,-0.0,41.5,29908.96,-1
2025-08-28,2025-08-28 13:56:00,714.24,714.24,714.23,714.23,-0.0,41.5,29908.96,-1
2025-08-28,2025-08-28 13:57:00,714.23,714.23,714.22,714.22,-0.0,41.5,29908.96,-1
2025-08-28,2025-08-28 13:58:00,714.22,714.22,714.21,714.21,-0.0,41.5,29908.96,-1
2025-08-28,2025-08-28 13:59:00,714.21,714.21,714.2,714.2,-0.0,41.5,29908.96,-1
2025-08-28,2025-08-28 14:00:00,714.2,714.2,714.19,714.19,-0.0,41.5,29908.96,-1
2025-08-28,2025-08-28 14:01:00,714.19,714.19,714.18,714.18,-0.0,41.5,29908.96,-1
2025-08-28,2025-08-28 14:02:00,714.18,714.18,714.16,714.16,-0.0,41.5,29908.96,-1
2025-08-28,2025-08-28 14:03:00,714.16,714.16,714.15,714.15,-0.0,41.5,29908.96,-1
2025-08-28,2025-08-28 14:04:00,714.15,714.15,714.14,714.14,-0.0,41.5,29908.96,-1
2025-08-28,2025-08-28 14:05:00,714.14,714.14,714.13,714.13,-0.0,41.5,29908.96,-1
2025-08-28,2025-08-28 14:06:00,714.13,714.13,714.12,714.12,-0.0,41.5,29908.96,-1
2025-08-28,2025-08-28 14:07:00,714.12,714.12,714.11,714.11,-0.0,41.5,29908.96,-1
2025-08-28,2025-08-28 14:08:00,714.11,714.11,714.1,714.1,-0.0,41.5,29908.96,-1
2025-08-28,2025-08-28 14:09:00,714.1,714.1,714.09,714.09,-0.0,41.5,29908.96,-1
2025-08-28,2025-08-28 14:10:00,714.09,714.09,714.08,714.08,-0.0,41.5,29908.96,-1
2025-08-28,2025-08-28 14:11:00,714.08,714.08,714.06,714.06,-0.0,41.5,29908.96,-1
2025-08-28,2025-08-28 14:12:00,714.06,714.06,714.05,714.05,-0.0,41.5,29908.96,-1
2025-08-28,2025-08-28 14:13:00,714.05,714.05,714.04,714.04,-0.0,41.5,29908.96,-1
2025-08-28,2025-08-28 14:14:00,714.04,714.04,714.03,714.03,-0.0,41.5,29908.96,-1
2025-08-28,2025-08-28 14:15:00,714.03,714.03,714.02,714.02,-0.0,41.5,29908.96,-1
2025-08-28,2025-08-28 14:16:00,714.02,714.02,714.01,714.01,-0.0,41.5,29908.96,-1
2025-08-28,2025-08-28 14:17:00,714.01,714.01,714.0,714.0,-0.0,41.5,29908.96,-1
2025-08-28,2025-08-28 14:18:00,714.0,714.0,713.99,713.99,-0.0,41.5,29908.96,-1
2025-08-28,2025-08-28 14:19:00,713.99,713.99,713.98,713.98,-0.0,41.5,29908.96,-1
2025-08-28,2025-08-28 14:20:00,713.98,713.98,713.96,713.96,-0.0,41.5,29908.96,-1
2025-08-28,2025-08-28 14:21:00,713.96,713.96,713.95,713.95,-0.0,41.5,29908.96,-1
2025-08-28,2025-08-28 14:22:00,713.95,713.95,713.94,713.94,-0.0,41.5,29908.96,-1
2025-08-28,2025-08-28 14:23:00,713.94,713.94,713.93,713.93,-0.0,41.5,29908.96,-1
2025-08-28,2025-08-28 14:24:00,713.93,713.93,713.92,713.92,-0.0,41.5,29908.96,-1
2025-08-28,2025-08-28 14:25:00,713.92,713.92,713.91,713.91,-0.0,41.5,29908.96,-1
2025-08-28,2025-08-28 14:26:00,713.91,713.91,713.9,713.9,-0.0,41.5,29908.96,-1
2025-08-28,2025-08-28 14:27:00,713.9,713.9,713.89,713.89,-0.0,41.5,29908.96,-1
2025-08-28,2025-08-28 14:28:00,713.89,713.89,713.87,713.87,-0.0,41.5,29908.96,-1
2025-08-28,2025-08-28 14:29:00,713.87,713.87,713.86,713.86,-0.0,41.5,29908.96,-1
2025-08-28,2025-08-28 14:30:00,713.86,713.86,713.85,713.85,-0.0,41.5,29908.96,-1
2025-08-28,2025-08-28 14:31:00,713.85,713.85,713.84,713.84,-0.0,41.5,29908.96,-1
2025-08-28,2025-08-28 14:32:00,713.84,713.84,713.83,713.83,-0.0,41.5,29908.96,-1
2025-08-28,2025-08-28 14:33:00,713.83,713.83,713.82,713.82,-0.0,41.5,29908.96,-1
2025-08-28,2025-08-28 14:34:00,713.82,713.82,713.81,713.81,-0.0,41.5,29908.96,-1
2025-08-28,2025-08-28 14:35:00,713.81,713.81,713.8,713.8,-0.0,41.5,29908.96,-1
2025-08-28,2025-08-28 14:36:00,713.8,713.8,713.79,713.79,-0.0,41.5,29908.96,-1
2025-08-28,2025-08-28 14:37:00,713.79,713.79,713.77,713.77,-0.0,41.5,29908.96,-1
2025-08-28,2025-08-28 14:38:00,713.77,713.77,713.76,713.76,-0.0,41.5,29908.96,-1
2025-08-28,2025-08-28 14:39:00,713.76,713.76,713.75,713.75,-0.0,41.5,29908.96,-1
2025-08-28,2025-08-28 14:40:00,713.75,713.75,713.74,713.74,-0.0,41.5,29908.96,-1
2025-08-28,2025-08-28 14:41:00,713.74,713.74,713.73,713.73,-0.0,41.5,29908.96,-1
2025-08-28,2025-08-28 14:42:00,713.73,713.73,713.72,713.72,-0.0,41.5,29908.96,-1
2025-08-28,2025-08-28 14:43:00,713.72,713.72,713.71,713.71,-0.0,41.5,29908.96,-1
2025-08-28,2025-08-28 14:44:00,713.71,713.71,713.7,713.7,-0.0,41.5,29908.96,-1
2025-08-28,2025-08-28 14:45:00,713.7,713.7,713.69,713.69,-0.0,41.5,29908.96,-1
2025-08-28,2025-08-28 14:46:00,713.69,713.69,713.67,713.67,-0.0,41.5,29908.96,-1
2025-08-28,2025-08-28 14:47:00,713.67,713.67,713.66,713.66,-0.0,41.5,29908.96,-1
2025-08-28,2025-08-28 14:48:00,713.66,713.66,713.65,713.65,-0.0,41.5,29908.96,-1
2025-08-28,2025-08-28 14:49:00,713.65,713.65,713.64,713.64,-0.0,41.5,29908.96,-1
2025-08-28,2025-08-28 14:50:00,713.64,713.64,713.63,713.63,-0.0,41.5,29908.96,-1
2025-08-28,2025-08-28 14:51:00,713.63,713.63,713.62,713.62,-0.0,41.5,29908.96,-1
2025-08-28,2025-08-28 14:52:00,713.62,713.62,713.61,713.61,-0.0,41.5,29908.96,-1
2025-08-28,2025-08-28 14:53:00,713.61,713.61,713.6,713.6,-0.0,41.5,29908.96,-1
2025-08-28,2025-08-28 14:54:00,713.6,713.6,713.59,713.59,-0.0,41.5,29908.96,-1
2025-08-28,2025-08-28 14:55:00,713.59,713.59,713.57,713.57,-0.0,41.5,29908.96,-1
2025-08-28,2025-08-28 14:56:00,713.57,713.57,713.56,713.56,-0.0,41.5,29908.96,-1
2025-08-28,2025-08-28 14:57:00,713.56,713.56,713.55,713.55,-0.0,41.5,29908.96,-1
2025-08-28,2025-08-28 14:58:00,713.55,713.55,713.54,713.54,-0.0,41.5,29908.96,-1
2025-08-28,2025-08-28 14:59:00,713.54,713.54,713.53,713.53,-0.0,41.5,29908.96,-1
2025-08-28,2025-08-28 15:00:00,713.53,730.0,711.2,713.53,0.0,41.5,29908.96,0
2025-08-31,2025-08-31 11:00:00,715.0,715.9,708.1,714.92,-0.01,31.54,22096.28,-1
2025-08-31,2025-08-31 11:01:00,714.92,714.92,714.84,714.84,-0.01,31.54,22096.28,-1
2025-08-31,2025-08-31 11:02:00,714.84,714.84,714.76,714.76,-0.01,31.54,22096.28,-1
2025-08-31,2025-08-31 11:03:00,714.76,714.76,714.68,714.68,-0.01,31.54,22096.28,-1
2025-08-31,2025-08-31 11:04:00,714.68,714.68,714.6,714.6,-0.01,31.54,22096.28,-1
2025-08-31,2025-08-31 11:05:00,714.6,714.6,714.52,714.52,-0.01,31.54,22096.28,-1
2025-08-31,2025-08-31 11:06:00,714.52,714.52,714.44,714.44,-0.01,31.54,22096.28,-1
2025-08-31,2025-08-31 11:07:00,714.44,714.44,714.36,714.36,-0.01,31.54,22096.28,-1
2025-08-31,2025-08-31 11:08:00,714.36,714.36,714.29,714.29,-0.01,31.54,22096.28,-1
2025-08-31,2025-08-31 11:09:00,714.29,714.29,714.21,714.21,-0.01,31.54,22096.28,-1
2025-08-31,2025-08-31 11:10:00,714.21,714.21,714.13,714.13,-0.01,31.54,22096.28,-1
2025-08-31,2025-08-31 11:11:00,714.13,714.13,714.05,714.05,-0.01,31.54,22096.28,-1
2025-08-31,2025-08-31 11:12:00,714.05,714.05,713.97,713.97,-0.01,31.54,22096.28,-1
2025-08-31,2025-08-31 11:13:00,713.97,713.97,713.89,713.89,-0.01,31.54,22096.28,-1
2025-08-31,2025-08-31 11:14:00,713.89,713.89,713.81,713.81,-0.01,31.54,22096.28,-1
2025-08-31,2025-08-31 11:15:00,713.81,713.81,713.73,713.73,-0.01,31.54,22096.28,-1
2025-08-31,2025-08-31 11:16:00,713.73,713.73,713.65,713.65,-0.01,31.54,22096.28,-1
2025-08-31,2025-08-31 11:17:00,713.65,713.65,713.57,713.57,-0.01,31.54,22096.28,-1
2025-08-31,2025-08-31 11:18:00,713.57,713.57,713.49,713.49,-0.01,31.54,22096.28,-1
2025-08-31,2025-08-31 11:19:00,713.49,713.49,713.41,713.41,-0.01,31.54,22096.28,-1
2025-08-31,2025-08-31 11:20:00,713.41,713.41,713.33,713.33,-0.01,31.54,22096.28,-1
2025-08-31,2025-08-31 11:21:00,713.33,713.33,713.25,713.25,-0.01,31.54,22096.28,-1
2025-08-31,2025-08-31 11:22:00,713.25,713.25,713.17,713.17,-0.01,31.54,22096.28,-1
2025-08-31,2025-08-31 11:23:00,713.17,713.17,713.09,713.09,-0.01,31.54,22096.28,-1
2025-08-31,2025-08-31 11:24:00,713.09,713.09,713.01,713.01,-0.01,31.54,22096.28,-1
2025-08-31,2025-08-31 11:25:00,713.01,713.01,712.94,712.94,-0.01,31.54,22096.28,-1
2025-08-31,2025-08-31 11:26:00,712.94,712.94,712.86,712.86,-0.01,31.54,22096.28,-1
2025-08-31,2025-08-31 11:27:00,712.86,712.86,712.78,712.78,-0.01,31.54,22096.28,-1
2025-08-31,2025-08-31 11:28:00,712.78,712.78,712.7,712.7,-0.01,31.54,22096.28,-1
2025-08-31,2025-08-31 11:29:00,712.7,712.7,712.62,712.62,-0.01,31.54,22096.28,-1
2025-08-31,2025-08-31 11:30:00,712.62,712.62,712.54,712.54,-0.01,31.54,22096.28,-1
2025-08-31,2025-08-31 11:31:00,712.54,712.54,712.46,712.46,-0.01,31.54,22096.28,-1
2025-08-31,2025-08-31 11:32:00,712.46,712.46,712.38,712.38,-0.01,31.54,22096.28,-1
2025-08-31,2025-08-31 11:33:00,712.38,712.38,712.3,712.3,-0.01,31.54,22096.28,-1
2025-08-31,2025-08-31 11:34:00,712.3,712.3,712.22,712.22,-0.01,31.54,22096.28,-1
2025-08-31,2025-08-31 11:35:00,712.22,712.22,712.14,712.14,-0.01,31.54,22096.28,-1
2025-08-31,2025-08-31 11:36:00,712.14,712.14,712.06,712.06,-0.01,31.54,22096.28,-1
2025-08-31,2025-08-31 11:37:00,712.06,712.06,711.98,711.98,-0.01,31.54,22096.28,-1
2025-08-31,2025-08-31 11:38:00,711.98,711.98,711.9,711.9,-0.01,31.54,22096.28,-1
2025-08-31,2025-08-31 11:39:00,711.9,711.9,711.82,711.82,-0.01,31.54,22096.28,-1
2025-08-31,2025-08-31 11:40:00,711.82,711.82,711.74,711.74,-0.01,31.54,22096.28,-1
2025-08-31,2025-08-31 11:41:00,711.74,711.74,711.66,711.66,-0.01,31.54,22096.28,-1
2025-08-31,2025-08-31 11:42:00,711.66,711.66,711.59,711.59,-0.01,31.54,22096.28,-1
2025-08-31,2025-08-31 11:43:00,711.59,711.59,711.51,711.51,-0.01,31.54,22096.28,-1
2025-08-31,2025-08-31 11:44:00,711.51,711.51,711.43,711.43,-0.01,31.54,22096.28,-1
2025-08-31,2025-08-31 11:45:00,711.43,711.43,711.35,711.35,-0.01,31.54,22096.28,-1
2025-08-31,2025-08-31 11:46:00,711.35,711.35,711.27,711.27,-0.01,31.54,22096.28,-1
2025-08-31,2025-08-31 11:47:00,711.27,711.27,711.19,711.19,-0.01,31.54,22096.28,-1
2025-08-31,2025-08-31 11:48:00,711.19,711.19,711.11,711.11,-0.01,31.54,22096.28,-1
2025-08-31,2025-08-31 11:49:00,711.11,711.11,711.03,711.03,-0.01,31.54,22096.28,-1
2025-08-31,2025-08-31 11:50:00,711.03,711.03,710.95,710.95,-0.01,31.54,22096.28,-1
2025-08-31,2025-08-31 11:51:00,710.95,710.95,710.87,710.87,-0.01,31.54,22096.28,-1
2025-08-31,2025-08-31 11:52:00,710.87,710.87,710.79,710.79,-0.01,31.54,22096.28,-1
2025-08-31,2025-08-31 11:53:00,710.79,710.79,710.71,710.71,-0.01,31.54,22096.28,-1
2025-08-31,2025-08-31 11:54:00,710.71,710.71,710.63,710.63,-0.01,31.54,22096.28,-1
2025-08-31,2025-08-31 11:55:00,710.63,710.63,710.55,710.55,-0.01,31.54,22096.28,-1
2025-08-31,2025-08-31 11:56:00,710.55,710.55,710.47,710.47,-0.01,31.54,22096.28,-1
2025-08-31,2025-08-31 11:57:00,710.47,710.47,710.39,710.39,-0.01,31.54,22096.28,-1
2025-08-31,2025-08-31 11:58:00,710.39,710.39,710.31,710.31,-0.01,31.54,22096.28,-1
2025-08-31,2025-08-31 11:59:00,710.31,710.31,710.24,710.24,-0.01,31.54,22096.28,-1
2025-08-31,2025-08-31 12:00:00,710.24,710.24,710.16,710.16,-0.01,31.54,22096.28,-1
2025-08-31,2025-08-31 12:01:00,710.16,710.16,710.08,710.08,-0.01,31.54,22096.28,-1
2025-08-31,2025-08-31 12:02:00,710.08,710.08,710.0,710.0,-0.01,31.54,22096.28,-1
2025-08-31,2025-08-31 12:03:00,710.0,710.0,709.92,709.92,-0.01,31.54,22096.28,-1
2025-08-31,2025-08-31 12:04:00,709.92,709.92,709.84,709.84,-0.01,31.54,22096.28,-1
2025-08-31,2025-08-31 12:05:00,709.84,709.84,709.76,709.76,-0.01,31.54,22096.28,-1
2025-08-31,2025-08-31 12:06:00,709.76,709.76,709.68,709.68,-0.01,31.54,22096.28,-1
2025-08-31,2025-08-31 12:07:00,709.68,709.68,709.6,709.6,-0.01,31.54,22096.28,-1
2025-08-31,2025-08-31 12:08:00,709.6,709.6,709.52,709.52,-0.01,31.54,22096.28,-1
2025-08-31,2025-08-31 12:09:00,709.52,709.52,709.44,709.44,-0.01,31.54,22096.28,-1
2025-08-31,2025-08-31 12:10:00,709.44,709.44,709.36,709.36,-0.01,31.54,22096.28,-1
2025-08-31,2025-08-31 12:11:00,709.36,709.36,709.28,709.28,-0.01,31.54,22096.28,-1
2025-08-31,2025-08-31 12:12:00,709.28,709.28,709.2,709.2,-0.01,31.54,22096.28,-1
2025-08-31,2025-08-31 12:13:00,709.2,709.2,709.12,709.12,-0.01,31.54,22096.28,-1
2025-08-31,2025-08-31 12:14:00,709.12,709.12,709.04,709.04,-0.01,31.54,22096.28,-1
2025-08-31,2025-08-31 12:15:00,709.04,709.04,708.96,708.96,-0.01,31.54,22096.28,-1
2025-08-31,2025-08-31 12:16:00,708.96,708.96,708.88,708.88,-0.01,31.54,22096.28,-1
2025-08-31,2025-08-31 12:17:00,708.88,708.88,708.81,708.81,-0.01,31.54,22096.28,-1
2025-08-31,2025-08-31 12:18:00,708.81,708.81,708.73,708.73,-0.01,31.54,22096.28,-1
2025-08-31,2025-08-31 12:19:00,708.73,708.73,708.65,708.65,-0.01,31.54,22096.28,-1
2025-08-31,2025-08-31 12:20:00,708.65,708.65,708.57,708.57,-0.01,31.54,22096.28,-1
2025-08-31,2025-08-31 12:21:00,708.57,708.57,708.49,708.49,-0.01,31.54,22096.28,-1
2025-08-31,2025-08-31 12:22:00,708.49,708.49,708.41,708.41,-0.01,31.54,22096.28,-1
2025-08-31,2025-08-31 12:23:00,708.41,708.41,708.33,708.33,-0.01,31.54,22096.28,-1
2025-08-31,2025-08-31 12:24:00,708.33,708.33,708.25,708.25,-0.01,31.54,22096.28,-1
2025-08-31,2025-08-31 12:25:00,708.25,708.25,708.17,708.17,-0.01,31.54,22096.28,-1
2025-08-31,2025-08-31 12:26:00,708.17,708.17,708.09,708.09,-0.01,31.54,22096.28,-1
2025-08-31,2025-08-31 12:27:00,708.09,708.09,708.01,708.01,-0.01,31.54,22096.28,-1
2025-08-31,2025-08-31 12:28:00,708.01,708.01,707.93,707.93,-0.01,31.54,22096.28,-1
2025-08-31,2025-08-31 12:29:00,707.93,707.93,707.85,707.85,-0.01,31.54,22096.28,-1
2025-08-31,2025-08-31 12:30:00,707.85,707.85,707.77,707.77,-0.01,31.54,22096.28,-1
2025-08-31,2025-08-31 12:31:00,707.77,707.77,707.69,707.69,-0.01,31.54,22096.28,-1
2025-08-31,2025-08-31 12:32:00,707.69,707.69,707.61,707.61,-0.01,31.54,22096.28,-1
2025-08-31,2025-08-31 12:33:00,707.61,707.61,707.53,707.53,-0.01,31.54,22096.28,-1
2025-08-31,2025-08-31 12:34:00,707.53,707.53,707.46,707.46,-0.01,31.54,22096.28,-1
2025-08-31,2025-08-31 12:35:00,707.46,707.46,707.38,707.38,-0.01,31.54,22096.28,-1
2025-08-31,2025-08-31 12:36:00,707.38,707.38,707.3,707.3,-0.01,31.54,22096.28,-1
2025-08-31,2025-08-31 12:37:00,707.3,707.3,707.22,707.22,-0.01,31.54,22096.28,-1
2025-08-31,2025-08-31 12:38:00,707.22,707.22,707.14,707.14,-0.01,31.54,22096.28,-1
2025-08-31,2025-08-31 12:39:00,707.14,707.14,707.06,707.06,-0.01,31.54,22096.28,-1
2025-08-31,2025-08-31 12:40:00,707.06,707.06,706.98,706.98,-0.01,31.54,22096.28,-1
2025-08-31,2025-08-31 12:41:00,706.98,706.98,706.9,706.9,-0.01,31.54,22096.28,-1
2025-08-31,2025-08-31 12:42:00,706.9,706.9,706.82,706.82,-0.01,31.54,22096.28,-1
2025-08-31,2025-08-31 12:43:00,706.82,706.82,706.74,706.74,-0.01,31.54,22096.28,-1
2025-08-31,2025-08-31 12:44:00,706.74,706.74,706.66,706.66,-0.01,31.54,22096.28,-1
2025-08-31,2025-08-31 12:45:00,706.66,706.66,706.58,706.58,-0.01,31.54,22096.28,-1
2025-08-31,2025-08-31 12:46:00,706.58,706.58,706.5,706.5,-0.01,31.54,22096.28,-1
2025-08-31,2025-08-31 12:47:00,706.5,706.5,706.42,706.42,-0.01,31.54,22096.28,-1
2025-08-31,2025-08-31 12:48:00,706.42,706.42,706.34,706.34,-0.01,31.54,22096.28,-1
2025-08-31,2025-08-31 12:49:00,706.34,706.34,706.26,706.26,-0.01,31.54,22096.28,-1
2025-08-31,2025-08-31 12:50:00,706.26,706.26,706.18,706.18,-0.01,31.54,22096.28,-1
2025-08-31,2025-08-31 12:51:00,706.18,706.18,706.11,706.11,-0.01,31.54,22096.28,-1
2025-08-31,2025-08-31 12:52:00,706.11,706.11,706.03,706.03,-0.01,31.54,22096.28,-1
2025-08-31,2025-08-31 12:53:00,706.03,706.03,705.95,705.95,-0.01,31.54,22096.28,-1
2025-08-31,2025-08-31 12:54:00,705.95,705.95,705.87,705.87,-0.01,31.54,22096.28,-1
2025-08-31,2025-08-31 12:55:00,705.87,705.87,705.79,705.79,-0.01,31.54,22096.28,-1
2025-08-31,2025-08-31 12:56:00,705.79,705.79,705.71,705.71,-0.01,31.54,22096.28,-1
2025-08-31,2025-08-31 12:57:00,705.71,705.71,705.63,705.63,-0.01,31.54,22096.28,-1
2025-08-31,2025-08-31 12:58:00,705.63,705.63,705.55,705.55,-0.01,31.54,22096.28,-1
2025-08-31,2025-08-31 12:59:00,705.55,705.55,705.47,705.47,-0.01,31.54,22096.28,-1
2025-08-31,2025-08-31 13:00:00,705.47,718.0,692.0,705.39,-0.01,31.54,22096.28,-1
2025-08-31,2025-08-31 13:01:00,705.39,705.39,705.31,705.31,-0.01,31.54,22096.28,-1
2025-08-31,2025-08-31 13:02:00,705.31,705.31,705.23,705.23,-0.01,31.54,22096.28,-1
2025-08-31,2025-08-31 13:03:00,705.23,705.23,705.15,705.15,-0.01,31.54,22096.28,-1
2025-08-31,2025-08-31 13:04:00,705.15,705.15,705.07,705.07,-0.01,31.54,22096.28,-1
2025-08-31,2025-08-31 13:05:00,705.07,705.07,704.99,704.99,-0.01,31.54,22096.28,-1
2025-08-31,2025-08-31 13:06:00,704.99,704.99,704.91,704.91,-0.01,31.54,22096.28,-1
2025-08-31,2025-08-31 13:07:00,704.91,704.91,704.83,704.83,-0.01,31.54,22096.28,-1
2025-08-31,2025-08-31 13:08:00,704.83,704.83,704.76,704.76,-0.01,31.54,22096.28,-1
2025-08-31,2025-08-31 13:09:00,704.76,704.76,704.68,704.68,-0.01,31.54,22096.28,-1
2025-08-31,2025-08-31 13:10:00,704.68,704.68,704.6,704.6,-0.01,31.54,22096.28,-1
2025-08-31,2025-08-31 13:11:00,704.6,704.6,704.52,704.52,-0.01,31.54,22096.28,-1
2025-08-31,2025-08-31 13:12:00,704.52,704.52,704.44,704.44,-0.01,31.54,22096.28,-1
2025-08-31,2025-08-31 13:13:00,704.44,704.44,704.36,704.36,-0.01,31.54,22096.28,-1
2025-08-31,2025-08-31 13:14:00,704.36,704.36,704.28,704.28,-0.01,31.54,22096.28,-1
2025-08-31,2025-08-31 13:15:00,704.28,704.28,704.2,704.2,-0.01,31.54,22096.28,-1
2025-08-31,2025-08-31 13:16:00,704.2,704.2,704.12,704.12,-0.01,31.54,22096.28,-1
2025-08-31,2025-08-31 13:17:00,704.12,704.12,704.04,704.04,-0.01,31.54,22096.28,-1
2025-08-31,2025-08-31 13:18:00,704.04,704.04,703.96,703.96,-0.01,31.54,22096.28,-1
2025-08-31,2025-08-31 13:19:00,703.96,703.96,703.88,703.88,-0.01,31.54,22096.28,-1
2025-08-31,2025-08-31 13:20:00,703.88,703.88,703.8,703.8,-0.01,31.54,22096.28,-1
2025-08-31,2025-08-31 13:21:00,703.8,703.8,703.72,703.72,-0.01,31.54,22096.28,-1
2025-08-31,2025-08-31 13:22:00,703.72,703.72,703.64,703.64,-0.01,31.54,22096.28,-1
2025-08-31,2025-08-31 13:23:00,703.64,703.64,703.56,703.56,-0.01,31.54,22096.28,-1
2025-08-31,2025-08-31 13:24:00,703.56,703.56,703.48,703.48,-0.01,31.54,22096.28,-1
2025-08-31,2025-08-31 13:25:00,703.48,703.48,703.41,703.41,-0.01,31.54,22096.28,-1
2025-08-31,2025-08-31 13:26:00,703.41,703.41,703.33,703.33,-0.01,31.54,22096.28,-1
2025-08-31,2025-08-31 13:27:00,703.33,703.33,703.25,703.25,-0.01,31.54,22096.28,-1
2025-08-31,2025-08-31 13:28:00,703.25,703.25,703.17,703.17,-0.01,31.54,22096.28,-1
2025-08-31,2025-08-31 13:29:00,703.17,703.17,703.09,703.09,-0.01,31.54,22096.28,-1
2025-08-31,2025-08-31 13:30:00,703.09,703.09,703.01,703.01,-0.01,31.54,22096.28,-1
2025-08-31,2025-08-31 13:31:00,703.01,703.01,702.93,702.93,-0.01,31.54,22096.28,-1
2025-08-31,2025-08-31 13:32:00,702.93,702.93,702.85,702.85,-0.01,31.54,22096.28,-1
2025-08-31,2025-08-31 13:33:00,702.85,702.85,702.77,702.77,-0.01,31.54,22096.28,-1
2025-08-31,2025-08-31 13:34:00,702.77,702.77,702.69,702.69,-0.01,31.54,22096.28,-1
2025-08-31,2025-08-31 13:35:00,702.69,702.69,702.61,702.61,-0.01,31.54,22096.28,-1
2025-08-31,2025-08-31 13:36:00,702.61,702.61,702.53,702.53,-0.01,31.54,22096.28,-1
2025-08-31,2025-08-31 13:37:00,702.53,702.53,702.45,702.45,-0.01,31.54,22096.28,-1
2025-08-31,2025-08-31 13:38:00,702.45,702.45,702.37,702.37,-0.01,31.54,22096.28,-1
2025-08-31,2025-08-31 13:39:00,702.37,702.37,702.29,702.29,-0.01,31.54,22096.28,-1
2025-08-31,2025-08-31 13:40:00,702.29,702.29,702.21,702.21,-0.01,31.54,22096.28,-1
2025-08-31,2025-08-31 13:41:00,702.21,702.21,702.13,702.13,-0.01,31.54,22096.28,-1
2025-08-31,2025-08-31 13:42:00,702.13,702.13,702.06,702.06,-0.01,31.54,22096.28,-1
2025-08-31,2025-08-31 13:43:00,702.06,702.06,701.98,701.98,-0.01,31.54,22096.28,-1
2025-08-31,2025-08-31 13:44:00,701.98,701.98,701.9,701.9,-0.01,31.54,22096.28,-1
2025-08-31,2025-08-31 13:45:00,701.9,701.9,701.82,701.82,-0.01,31.54,22096.28,-1
2025-08-31,2025-08-31 13:46:00,701.82,701.82,701.74,701.74,-0.01,31.54,22096.28,-1
2025-08-31,2025-08-31 13:47:00,701.74,701.74,701.66,701.66,-0.01,31.54,22096.28,-1
2025-08-31,2025-08-31 13:48:00,701.66,701.66,701.58,701.58,-0.01,31.54,22096.28,-1
2025-08-31,2025-08-31 13:49:00,701.58,701.58,701.5,701.5,-0.01,31.54,22096.28,-1
2025-08-31,2025-08-31 13:50:00,701.5,701.5,701.42,701.42,-0.01,31.54,22096.28,-1
2025-08-31,2025-08-31 13:51:00,701.42,701.42,701.34,701.34,-0.01,31.54,22096.28,-1
2025-08-31,2025-08-31 13:52:00,701.34,701.34,701.26,701.26,-0.01,31.54,22096.28,-1
2025-08-31,2025-08-31 13:53:00,701.26,701.26,701.18,701.18,-0.01,31.54,22096.28,-1
2025-08-31,2025-08-31 13:54:00,701.18,701.18,701.1,701.1,-0.01,31.54,22096.28,-1
2025-08-31,2025-08-31 13:55:00,701.1,701.1,701.02,701.02,-0.01,31.54,22096.28,-1
2025-08-31,2025-08-31 13:56:00,701.02,701.02,700.94,700.94,-0.01,31.54,22096.28,-1
2025-08-31,2025-08-31 13:57:00,700.94,700.94,700.86,700.86,-0.01,31.54,22096.28,-1
2025-08-31,2025-08-31 13:58:00,700.86,700.86,700.78,700.78,-0.01,31.54,22096.28,-1
2025-08-31,2025-08-31 13:59:00,700.78,700.78,700.71,700.71,-0.01,31.54,22096.28,-1
2025-08-31,2025-08-31 14:00:00,700.71,700.71,700.63,700.63,-0.01,31.54,22096.28,-1
2025-08-31,2025-08-31 14:01:00,700.63,700.63,700.55,700.55,-0.01,31.54,22096.28,-1
2025-08-31,2025-08-31 14:02:00,700.55,700.55,700.47,700.47,-0.01,31.54,22096.28,-1
2025-08-31,2025-08-31 14:03:00,700.47,700.47,700.39,700.39,-0.01,31.54,22096.28,-1
2025-08-31,2025-08-31 14:04:00,700.39,700.39,700.31,700.31,-0.01,31.54,22096.28,-1
2025-08-31,2025-08-31 14:05:00,700.31,700.31,700.23,700.23,-0.01,31.54,22096.28,-1
2025-08-31,2025-08-31 14:06:00,700.23,700.23,700.15,700.15,-0.01,31.54,22096.28,-1
2025-08-31,2025-08-31 14:07:00,700.15,700.15,700.07,700.07,-0.01,31.54,22096.28,-1
2025-08-31,2025-08-31 14:08:00,700.07,700.07,699.99,699.99,-0.01,31.54,22096.28,-1
2025-08-31,2025-08-31 14:09:00,699.99,699.99,699.91,699.91,-0.01,31.54,22096.28,-1
2025-08-31,2025-08-31 14:10:00,699.91,699.91,699.83,699.83,-0.01,31.54,22096.28,-1
2025-08-31,2025-08-31 14:11:00,699.83,699.83,699.75,699.75,-0.01,31.54,22096.28,-1
2025-08-31,2025-08-31 14:12:00,699.75,699.75,699.67,699.67,-0.01,31.54,22096.28,-1
2025-08-31,2025-08-31 14:13:00,699.67,699.67,699.59,699.59,-0.01,31.54,22096.28,-1
2025-08-31,2025-08-31 14:14:00,699.59,699.59,699.51,699.51,-0.01,31.54,22096.28,-1
2025-08-31,2025-08-31 14:15:00,699.51,699.51,699.43,699.43,-0.01,31.54,22096.28,-1
2025-08-31,2025-08-31 14:16:00,699.43,699.43,699.35,699.35,-0.01,31.54,22096.28,-1
2025-08-31,2025-08-31 14:17:00,699.35,699.35,699.28,699.28,-0.01,31.54,22096.28,-1
2025-08-31,2025-08-31 14:18:00,699.28,699.28,699.2,699.2,-0.01,31.54,22096.28,-1
2025-08-31,2025-08-31 14:19:00,699.2,699.2,699.12,699.12,-0.01,31.54,22096.28,-1
2025-08-31,2025-08-31 14:20:00,699.12,699.12,699.04,699.04,-0.01,31.54,22096.28,-1
2025-08-31,2025-08-31 14:21:00,699.04,699.04,698.96,698.96,-0.01,31.54,22096.28,-1
2025-08-31,2025-08-31 14:22:00,698.96,698.96,698.88,698.88,-0.01,31.54,22096.28,-1
2025-08-31,2025-08-31 14:23:00,698.88,698.88,698.8,698.8,-0.01,31.54,22096.28,-1
2025-08-31,2025-08-31 14:24:00,698.8,698.8,698.72,698.72,-0.01,31.54,22096.28,-1
2025-08-31,2025-08-31 14:25:00,698.72,698.72,698.64,698.64,-0.01,31.54,22096.28,-1
2025-08-31,2025-08-31 14:26:00,698.64,698.64,698.56,698.56,-0.01,31.54,22096.28,-1
2025-08-31,2025-08-31 14:27:00,698.56,698.56,698.48,698.48,-0.01,31.54,22096.28,-1
2025-08-31,2025-08-31 14:28:00,698.48,698.48,698.4,698.4,-0.01,31.54,22096.28,-1
2025-08-31,2025-08-31 14:29:00,698.4,698.4,698.32,698.32,-0.01,31.54,22096.28,-1
2025-08-31,2025-08-31 14:30:00,698.32,698.32,698.24,698.24,-0.01,31.54,22096.28,-1
2025-08-31,2025-08-31 14:31:00,698.24,698.24,698.16,698.16,-0.01,31.54,22096.28,-1
2025-08-31,2025-08-31 14:32:00,698.16,698.16,698.08,698.08,-0.01,31.54,22096.28,-1
2025-08-31,2025-08-31 14:33:00,698.08,698.08,698.0,698.0,-0.01,31.54,22096.28,-1
2025-08-31,2025-08-31 14:34:00,698.0,698.0,697.93,697.93,-0.01,31.54,22096.28,-1
2025-08-31,2025-08-31 14:35:00,697.93,697.93,697.85,697.85,-0.01,31.54,22096.28,-1
2025-08-31,2025-08-31 14:36:00,697.85,697.85,697.77,697.77,-0.01,31.54,22096.28,-1
2025-08-31,2025-08-31 14:37:00,697.77,697.77,697.69,697.69,-0.01,31.54,22096.28,-1
2025-08-31,2025-08-31 14:38:00,697.69,697.69,697.61,697.61,-0.01,31.54,22096.28,-1
2025-08-31,2025-08-31 14:39:00,697.61,697.61,697.53,697.53,-0.01,31.54,22096.28,-1
2025-08-31,2025-08-31 14:40:00,697.53,697.53,697.45,697.45,-0.01,31.54,22096.28,-1
2025-08-31,2025-08-31 14:41:00,697.45,697.45,697.37,697.37,-0.01,31.54,22096.28,-1
2025-08-31,2025-08-31 14:42:00,697.37,697.37,697.29,697.29,-0.01,31.54,22096.28,-1
2025-08-31,2025-08-31 14:43:00,697.29,697.29,697.21,697.21,-0.01,31.54,22096.28,-1
2025-08-31,2025-08-31 14:44:00,697.21,697.21,697.13,697.13,-0.01,31.54,22096.28,-1
2025-08-31,2025-08-31 14:45:00,697.13,697.13,697.05,697.05,-0.01,31.54,22096.28,-1
2025-08-31,2025-08-31 14:46:00,697.05,697.05,696.97,696.97,-0.01,31.54,22096.28,-1
2025-08-31,2025-08-31 14:47:00,696.97,696.97,696.89,696.89,-0.01,31.54,22096.28,-1
2025-08-31,2025-08-31 14:48:00,696.89,696.89,696.81,696.81,-0.01,31.54,22096.28,-1
2025-08-31,2025-08-31 14:49:00,696.81,696.81,696.73,696.73,-0.01,31.54,22096.28,-1
2025-08-31,2025-08-31 14:50:00,696.73,696.73,696.65,696.65,-0.01,31.54,22096.28,-1
2025-08-31,2025-08-31 14:51:00,696.65,696.65,696.58,696.58,-0.01,31.54,22096.28,-1
2025-08-31,2025-08-31 14:52:00,696.58,696.58,696.5,696.5,-0.01,31.54,22096.28,-1
2025-08-31,2025-08-31 14:53:00,696.5,696.5,696.42,696.42,-0.01,31.54,22096.28,-1
2025-08-31,2025-08-31 14:54:00,696.42,696.42,696.34,696.34,-0.01,31.54,22096.28,-1
2025-08-31,2025-08-31 14:55:00,696.34,696.34,696.26,696.26,-0.01,31.54,22096.28,-1
2025-08-31,2025-08-31 14:56:00,696.26,696.26,696.18,696.18,-0.01,31.54,22096.28,-1
2025-08-31,2025-08-31 14:57:00,696.18,696.18,696.1,696.1,-0.01,31.54,22096.28,-1
2025-08-31,2025-08-31 14:58:00,696.1,696.1,696.02,696.02,-0.01,31.54,22096.28,-1
2025-08-31,2025-08-31 14:59:00,696.02,696.02,695.94,695.94,-0.01,31.54,22096.28,-1
2025-08-31,2025-08-31 15:00:00,695.94,718.0,692.0,695.94,0.0,31.54,22096.28,0
2025-09-01,2025-09-01 11:00:00,684.1,690.34,683.17,684.13,0.0,18.44,12633.01,1
2025-09-01,2025-09-01 11:01:00,684.13,684.16,684.13,684.16,0.0,18.44,12633.01,1
2025-09-01,2025-09-01 11:02:00,684.16,684.18,684.16,684.18,0.0,18.44,12633.01,1
2025-09-01,2025-09-01 11:03:00,684.18,684.21,684.18,684.21,0.0,18.44,12633.01,1
2025-09-01,2025-09-01 11:04:00,684.21,684.24,684.21,684.24,0.0,18.44,12633.01,1
2025-09-01,2025-09-01 11:05:00,684.24,684.27,684.24,684.27,0.0,18.44,12633.01,1
2025-09-01,2025-09-01 11:06:00,684.27,684.29,684.27,684.29,0.0,18.44,12633.01,1
2025-09-01,2025-09-01 11:07:00,684.29,684.32,684.29,684.32,0.0,18.44,12633.01,1
2025-09-01,2025-09-01 11:08:00,684.32,684.35,684.32,684.35,0.0,18.44,12633.01,1
2025-09-01,2025-09-01 11:09:00,684.35,684.38,684.35,684.38,0.0,18.44,12633.01,1
2025-09-01,2025-09-01 11:10:00,684.38,684.4,684.38,684.4,0.0,18.44,12633.01,1
2025-09-01,2025-09-01 11:11:00,684.4,684.43,684.4,684.43,0.0,18.44,12633.01,1
2025-09-01,2025-09-01 11:12:00,684.43,684.46,684.43,684.46,0.0,18.44,12633.01,1
2025-09-01,2025-09-01 11:13:00,684.46,684.49,684.46,684.49,0.0,18.44,12633.01,1
2025-09-01,2025-09-01 11:14:00,684.49,684.51,684.49,684.51,0.0,18.44,12633.01,1
2025-09-01,2025-09-01 11:15:00,684.51,684.54,684.51,684.54,0.0,18.44,12633.01,1
2025-09-01,2025-09-01 11:16:00,684.54,684.57,684.54,684.57,0.0,18.44,12633.01,1
2025-09-01,2025-09-01 11:17:00,684.57,684.6,684.57,684.6,0.0,18.44,12633.01,1
2025-09-01,2025-09-01 11:18:00,684.6,684.62,684.6,684.62,0.0,18.44,12633.01,1
2025-09-01,2025-09-01 11:19:00,684.62,684.65,684.62,684.65,0.0,18.44,12633.01,1
2025-09-01,2025-09-01 11:20:00,684.65,684.68,684.65,684.68,0.0,18.44,12633.01,1
2025-09-01,2025-09-01 11:21:00,684.68,684.71,684.68,684.71,0.0,18.44,12633.01,1
2025-09-01,2025-09-01 11:22:00,684.71,684.73,684.71,684.73,0.0,18.44,12633.01,1
2025-09-01,2025-09-01 11:23:00,684.73,684.76,684.73,684.76,0.0,18.44,12633.01,1
2025-09-01,2025-09-01 11:24:00,684.76,684.79,684.76,684.79,0.0,18.44,12633.01,1
2025-09-01,2025-09-01 11:25:00,684.79,684.82,684.79,684.82,0.0,18.44,12633.01,1
2025-09-01,2025-09-01 11:26:00,684.82,684.84,684.82,684.84,0.0,18.44,12633.01,1
2025-09-01,2025-09-01 11:27:00,684.84,684.87,684.84,684.87,0.0,18.44,12633.01,1
2025-09-01,2025-09-01 11:28:00,684.87,684.9,684.87,684.9,0.0,18.44,12633.01,1
2025-09-01,2025-09-01 11:29:00,684.9,684.93,684.9,684.93,0.0,18.44,12633.01,1
2025-09-01,2025-09-01 11:30:00,684.93,684.95,684.93,684.95,0.0,18.44,12633.01,1
2025-09-01,2025-09-01 11:31:00,684.95,684.98,684.95,684.98,0.0,18.44,12633.01,1
2025-09-01,2025-09-01 11:32:00,684.98,685.01,684.98,685.01,0.0,18.44,12633.01,1
2025-09-01,2025-09-01 11:33:00,685.01,685.04,685.01,685.04,0.0,18.44,12633.01,1
2025-09-01,2025-09-01 11:34:00,685.04,685.06,685.04,685.06,0.0,18.44,12633.01,1
2025-09-01,2025-09-01 11:35:00,685.06,685.09,685.06,685.09,0.0,18.44,12633.01,1
2025-09-01,2025-09-01 11:36:00,685.09,685.12,685.09,685.12,0.0,18.44,12633.01,1
2025-09-01,2025-09-01 11:37:00,685.12,685.15,685.12,685.15,0.0,18.44,12633.01,1
2025-09-01,2025-09-01 11:38:00,685.15,685.17,685.15,685.17,0.0,18.44,12633.01,1
2025-09-01,2025-09-01 11:39:00,685.17,685.2,685.17,685.2,0.0,18.44,12633.01,1
2025-09-01,2025-09-01 11:40:00,685.2,685.23,685.2,685.23,0.0,18.44,12633.01,1
2025-09-01,2025-09-01 11:41:00,685.23,685.26,685.23,685.26,0.0,18.44,12633.01,1
2025-09-01,2025-09-01 11:42:00,685.26,685.28,685.26,685.28,0.0,18.44,12633.01,1
2025-09-01,2025-09-01 11:43:00,685.28,685.31,685.28,685.31,0.0,18.44,12633.01,1
2025-09-01,2025-09-01 11:44:00,685.31,685.34,685.31,685.34,0.0,18.44,12633.01,1
2025-09-01,2025-09-01 11:45:00,685.34,685.37,685.34,685.37,0.0,18.44,12633.01,1
2025-09-01,2025-09-01 11:46:00,685.37,685.39,685.37,685.39,0.0,18.44,12633.01,1
2025-09-01,2025-09-01 11:47:00,685.39,685.42,685.39,685.42,0.0,18.44,12633.01,1
2025-09-01,2025-09-01 11:48:00,685.42,685.45,685.42,685.45,0.0,18.44,12633.01,1
2025-09-01,2025-09-01 11:49:00,685.45,685.48,685.45,685.48,0.0,18.44,12633.01,1
2025-09-01,2025-09-01 11:50:00,685.48,685.5,685.48,685.5,0.0,18.44,12633.01,1
2025-09-01,2025-09-01 11:51:00,685.5,685.53,685.5,685.53,0.0,18.44,12633.01,1
2025-09-01,2025-09-01 11:52:00,685.53,685.56,685.53,685.56,0.0,18.44,12633.01,1
2025-09-01,2025-09-01 11:53:00,685.56,685.59,685.56,685.59,0.0,18.44,12633.01,1
2025-09-01,2025-09-01 11:54:00,685.59,685.61,685.59,685.61,0.0,18.44,12633.01,1
2025-09-01,2025-09-01 11:55:00,685.61,685.64,685.61,685.64,0.0,18.44,12633.01,1
2025-09-01,2025-09-01 11:56:00,685.64,685.67,685.64,685.67,0.0,18.44,12633.01,1
2025-09-01,2025-09-01 11:57:00,685.67,685.7,685.67,685.7,0.0,18.44,12633.01,1
2025-09-01,2025-09-01 11:58:00,685.7,685.72,685.7,685.72,0.0,18.44,12633.01,1
2025-09-01,2025-09-01 11:59:00,685.72,685.75,685.72,685.75,0.0,18.44,12633.01,1
2025-09-01,2025-09-01 12:00:00,685.75,685.78,685.75,685.78,0.0,18.44,12633.01,1
2025-09-01,2025-09-01 12:01:00,685.78,685.81,685.78,685.81,0.0,18.44,12633.01,1
2025-09-01,2025-09-01 12:02:00,685.81,685.84,685.81,685.84,0.0,18.44,12633.01,1
2025-09-01,2025-09-01 12:03:00,685.84,685.86,685.84,685.86,0.0,18.44,12633.01,1
2025-09-01,2025-09-01 12:04:00,685.86,685.89,685.86,685.89,0.0,18.44,12633.01,1
2025-09-01,2025-09-01 12:05:00,685.89,685.92,685.89,685.92,0.0,18.44,12633.01,1
2025-09-01,2025-09-01 12:06:00,685.92,685.95,685.92,685.95,0.0,18.44,12633.01,1
2025-09-01,2025-09-01 12:07:00,685.95,685.97,685.95,685.97,0.0,18.44,12633.01,1
2025-09-01,2025-09-01 12:08:00,685.97,686.0,685.97,686.0,0.0,18.44,12633.01,1
2025-09-01,2025-09-01 12:09:00,686.0,686.03,686.0,686.03,0.0,18.44,12633.01,1
2025-09-01,2025-09-01 12:10:00,686.03,686.06,686.03,686.06,0.0,18.44,12633.01,1
2025-09-01,2025-09-01 12:11:00,686.06,686.08,686.06,686.08,0.0,18.44,12633.01,1
2025-09-01,2025-09-01 12:12:00,686.08,686.11,686.08,686.11,0.0,18.44,12633.01,1
2025-09-01,2025-09-01 12:13:00,686.11,686.14,686.11,686.14,0.0,18.44,12633.01,1
2025-09-01,2025-09-01 12:14:00,686.14,686.17,686.14,686.17,0.0,18.44,12633.01,1
2025-09-01,2025-09-01 12:15:00,686.17,686.19,686.17,686.19,0.0,18.44,12633.01,1
2025-09-01,2025-09-01 12:16:00,686.19,686.22,686.19,686.22,0.0,18.44,12633.01,1
2025-09-01,2025-09-01 12:17:00,686.22,686.25,686.22,686.25,0.0,18.44,12633.01,1
2025-09-01,2025-09-01 12:18:00,686.25,686.28,686.25,686.28,0.0,18.44,12633.01,1
2025-09-01,2025-09-01 12:19:00,686.28,686.3,686.28,686.3,0.0,18.44,12633.01,1
2025-09-01,2025-09-01 12:20:00,686.3,686.33,686.3,686.33,0.0,18.44,12633.01,1
2025-09-01,2025-09-01 12:21:00,686.33,686.36,686.33,686.36,0.0,18.44,12633.01,1
2025-09-01,2025-09-01 12:22:00,686.36,686.39,686.36,686.39,0.0,18.44,12633.01,1
2025-09-01,2025-09-01 12:23:00,686.39,686.41,686.39,686.41,0.0,18.44,12633.01,1
2025-09-01,2025-09-01 12:24:00,686.41,686.44,686.41,686.44,0.0,18.44,12633.01,1
2025-09-01,2025-09-01 12:25:00,686.44,686.47,686.44,686.47,0.0,18.44,12633.01,1
2025-09-01,2025-09-01 12:26:00,686.47,686.5,686.47,686.5,0.0,18.44,12633.01,1
2025-09-01,2025-09-01 12:27:00,686.5,686.52,686.5,686.52,0.0,18.44,12633.01,1
2025-09-01,2025-09-01 12:28:00,686.52,686.55,686.52,686.55,0.0,18.44,12633.01,1
2025-09-01,2025-09-01 12:29:00,686.55,686.58,686.55,686.58,0.0,18.44,12633.01,1
2025-09-01,2025-09-01 12:30:00,686.58,686.61,686.58,686.61,0.0,18.44,12633.01,1
2025-09-01,2025-09-01 12:31:00,686.61,686.63,686.61,686.63,0.0,18.44,12633.01,1
2025-09-01,2025-09-01 12:32:00,686.63,686.66,686.63,686.66,0.0,18.44,12633.01,1
2025-09-01,2025-09-01 12:33:00,686.66,686.69,686.66,686.69,0.0,18.44,12633.01,1
2025-09-01,2025-09-01 12:34:00,686.69,686.72,686.69,686.72,0.0,18.44,12633.01,1
2025-09-01,2025-09-01 12:35:00,686.72,686.74,686.72,686.74,0.0,18.44,12633.01,1
2025-09-01,2025-09-01 12:36:00,686.74,686.77,686.74,686.77,0.0,18.44,12633.01,1
2025-09-01,2025-09-01 12:37:00,686.77,686.8,686.77,686.8,0.0,18.44,12633.01,1
2025-09-01,2025-09-01 12:38:00,686.8,686.83,686.8,686.83,0.0,18.44,12633.01,1
2025-09-01,2025-09-01 12:39:00,686.83,686.85,686.83,686.85,0.0,18.44,12633.01,1
2025-09-01,2025-09-01 12:40:00,686.85,686.88,686.85,686.88,0.0,18.44,12633.01,1
2025-09-01,2025-09-01 12:41:00,686.88,686.91,686.88,686.91,0.0,18.44,12633.01,1
2025-09-01,2025-09-01 12:42:00,686.91,686.94,686.91,686.94,0.0,18.44,12633.01,1
2025-09-01,2025-09-01 12:43:00,686.94,686.96,686.94,686.96,0.0,18.44,12633.01,1
2025-09-01,2025-09-01 12:44:00,686.96,686.99,686.96,686.99,0.0,18.44,12633.01,1
2025-09-01,2025-09-01 12:45:00,686.99,687.02,686.99,687.02,0.0,18.44,12633.01,1
2025-09-01,2025-09-01 12:46:00,687.02,687.05,687.02,687.05,0.0,18.44,12633.01,1
2025-09-01,2025-09-01 12:47:00,687.05,687.07,687.05,687.07,0.0,18.44,12633.01,1
2025-09-01,2025-09-01 12:48:00,687.07,687.1,687.07,687.1,0.0,18.44,12633.01,1
2025-09-01,2025-09-01 12:49:00,687.1,687.13,687.1,687.13,0.0,18.44,12633.01,1
2025-09-01,2025-09-01 12:50:00,687.13,687.16,687.13,687.16,0.0,18.44,12633.01,1
2025-09-01,2025-09-01 12:51:00,687.16,687.18,687.16,687.18,0.0,18.44,12633.01,1
2025-09-01,2025-09-01 12:52:00,687.18,687.21,687.18,687.21,0.0,18.44,12633.01,1
2025-09-01,2025-09-01 12:53:00,687.21,687.24,687.21,687.24,0.0,18.44,12633.01,1
2025-09-01,2025-09-01 12:54:00,687.24,687.27,687.24,687.27,0.0,18.44,12633.01,1
2025-09-01,2025-09-01 12:55:00,687.27,687.29,687.27,687.29,0.0,18.44,12633.01,1
2025-09-01,2025-09-01 12:56:00,687.29,687.32,687.29,687.32,0.0,18.44,12633.01,1
2025-09-01,2025-09-01 12:57:00,687.32,687.35,687.32,687.35,0.0,18.44,12633.01,1
2025-09-01,2025-09-01 12:58:00,687.35,687.38,687.35,687.38,0.0,18.44,12633.01,1
2025-09-01,2025-09-01 12:59:00,687.38,687.4,687.38,687.4,0.0,18.44,12633.01,1
2025-09-01,2025-09-01 13:00:00,687.4,704.9,681.0,687.43,0.0,18.44,12633.01,1
2025-09-01,2025-09-01 13:01:00,687.43,687.46,687.43,687.46,0.0,18.44,12633.01,1
2025-09-01,2025-09-01 13:02:00,687.46,687.49,687.46,687.49,0.0,18.44,12633.01,1
2025-09-01,2025-09-01 13:03:00,687.49,687.52,687.49,687.52,0.0,18.44,12633.01,1
2025-09-01,2025-09-01 13:04:00,687.52,687.54,687.52,687.54,0.0,18.44,12633.01,1
2025-09-01,2025-09-01 13:05:00,687.54,687.57,687.54,687.57,0.0,18.44,12633.01,1
2025-09-01,2025-09-01 13:06:00,687.57,687.6,687.57,687.6,0.0,18.44,12633.01,1
2025-09-01,2025-09-01 13:07:00,687.6,687.63,687.6,687.63,0.0,18.44,12633.01,1
2025-09-01,2025-09-01 13:08:00,687.63,687.65,687.63,687.65,0.0,18.44,12633.01,1
2025-09-01,2025-09-01 13:09:00,687.65,687.68,687.65,687.68,0.0,18.44,12633.01,1
2025-09-01,2025-09-01 13:10:00,687.68,687.71,687.68,687.71,0.0,18.44,12633.01,1
2025-09-01,2025-09-01 13:11:00,687.71,687.74,687.71,687.74,0.0,18.44,12633.01,1
2025-09-01,2025-09-01 13:12:00,687.74,687.76,687.74,687.76,0.0,18.44,12633.01,1
2025-09-01,2025-09-01 13:13:00,687.76,687.79,687.76,687.79,0.0,18.44,12633.01,1
2025-09-01,2025-09-01 13:14:00,687.79,687.82,687.79,687.82,0.0,18.44,12633.01,1
2025-09-01,2025-09-01 13:15:00,687.82,687.85,687.82,687.85,0.0,18.44,12633.01,1
2025-09-01,2025-09-01 13:16:00,687.85,687.87,687.85,687.87,0.0,18.44,12633.01,1
2025-09-01,2025-09-01 13:17:00,687.87,687.9,687.87,687.9,0.0,18.44,12633.01,1
2025-09-01,2025-09-01 13:18:00,687.9,687.93,687.9,687.93,0.0,18.44,12633.01,1
2025-09-01,2025-09-01 13:19:00,687.93,687.96,687.93,687.96,0.0,18.44,12633.01,1
2025-09-01,2025-09-01 13:20:00,687.96,687.98,687.96,687.98,0.0,18.44,12633.01,1
2025-09-01,2025-09-01 13:21:00,687.98,688.01,687.98,688.01,0.0,18.44,12633.01,1
2025-09-01,2025-09-01 13:22:00,688.01,688.04,688.01,688.04,0.0,18.44,12633.01,1
2025-09-01,2025-09-01 13:23:00,688.04,688.07,688.04,688.07,0.0,18.44,12633.01,1
2025-09-01,2025-09-01 13:24:00,688.07,688.09,688.07,688.09,0.0,18.44,12633.01,1
2025-09-01,2025-09-01 13:25:00,688.09,688.12,688.09,688.12,0.0,18.44,12633.01,1
2025-09-01,2025-09-01 13:26:00,688.12,688.15,688.12,688.15,0.0,18.44,12633.01,1
2025-09-01,2025-09-01 13:27:00,688.15,688.18,688.15,688.18,0.0,18.44,12633.01,1
2025-09-01,2025-09-01 13:28:00,688.18,688.2,688.18,688.2,0.0,18.44,12633.01,1
2025-09-01,2025-09-01 13:29:00,688.2,688.23,688.2,688.23,0.0,18.44,12633.01,1
2025-09-01,2025-09-01 13:30:00,688.23,688.26,688.23,688.26,0.0,18.44,12633.01,1
2025-09-01,2025-09-01 13:31:00,688.26,688.29,688.26,688.29,0.0,18.44,12633.01,1
2025-09-01,2025-09-01 13:32:00,688.29,688.31,688.29,688.31,0.0,18.44,12633.01,1
2025-09-01,2025-09-01 13:33:00,688.31,688.34,688.31,688.34,0.0,18.44,12633.01,1
2025-09-01,2025-09-01 13:34:00,688.34,688.37,688.34,688.37,0.0,18.44,12633.01,1
2025-09-01,2025-09-01 13:35:00,688.37,688.4,688.37,688.4,0.0,18.44,12633.01,1
2025-09-01,2025-09-01 13:36:00,688.4,688.42,688.4,688.42,0.0,18.44,12633.01,1
2025-09-01,2025-09-01 13:37:00,688.42,688.45,688.42,688.45,0.0,18.44,12633.01,1
2025-09-01,2025-09-01 13:38:00,688.45,688.48,688.45,688.48,0.0,18.44,12633.01,1
2025-09-01,2025-09-01 13:39:00,688.48,688.51,688.48,688.51,0.0,18.44,12633.01,1
2025-09-01,2025-09-01 13:40:00,688.51,688.53,688.51,688.53,0.0,18.44,12633.01,1
2025-09-01,2025-09-01 13:41:00,688.53,688.56,688.53,688.56,0.0,18.44,12633.01,1
2025-09-01,2025-09-01 13:42:00,688.56,688.59,688.56,688.59,0.0,18.44,12633.01,1
2025-09-01,2025-09-01 13:43:00,688.59,688.62,688.59,688.62,0.0,18.44,12633.01,1
2025-09-01,2025-09-01 13:44:00,688.62,688.64,688.62,688.64,0.0,18.44,12633.01,1
2025-09-01,2025-09-01 13:45:00,688.64,688.67,688.64,688.67,0.0,18.44,12633.01,1
2025-09-01,2025-09-01 13:46:00,688.67,688.7,688.67,688.7,0.0,18.44,12633.01,1
2025-09-01,2025-09-01 13:47:00,688.7,688.73,688.7,688.73,0.0,18.44,12633.01,1
2025-09-01,2025-09-01 13:48:00,688.73,688.75,688.73,688.75,0.0,18.44,12633.01,1
2025-09-01,2025-09-01 13:49:00,688.75,688.78,688.75,688.78,0.0,18.44,12633.01,1
2025-09-01,2025-09-01 13:50:00,688.78,688.81,688.78,688.81,0.0,18.44,12633.01,1
2025-09-01,2025-09-01 13:51:00,688.81,688.84,688.81,688.84,0.0,18.44,12633.01,1
2025-09-01,2025-09-01 13:52:00,688.84,688.86,688.84,688.86,0.0,18.44,12633.01,1
2025-09-01,2025-09-01 13:53:00,688.86,688.89,688.86,688.89,0.0,18.44,12633.01,1
2025-09-01,2025-09-01 13:54:00,688.89,688.92,688.89,688.92,0.0,18.44,12633.01,1
2025-09-01,2025-09-01 13:55:00,688.92,688.95,688.92,688.95,0.0,18.44,12633.01,1
2025-09-01,2025-09-01 13:56:00,688.95,688.97,688.95,688.97,0.0,18.44,12633.01,1
2025-09-01,2025-09-01 13:57:00,688.97,689.0,688.97,689.0,0.0,18.44,12633.01,1
2025-09-01,2025-09-01 13:58:00,689.0,689.03,689.0,689.03,0.0,18.44,12633.01,1
2025-09-01,2025-09-01 13:59:00,689.03,689.06,689.03,689.06,0.0,18.44,12633.01,1
2025-09-01,2025-09-01 14:00:00,689.06,689.09,689.06,689.09,0.0,18.44,12633.01,1
2025-09-01,2025-09-01 14:01:00,689.09,689.11,689.09,689.11,0.0,18.44,12633.01,1
2025-09-01,2025-09-01 14:02:00,689.11,689.14,689.11,689.14,0.0,18.44,12633.01,1
2025-09-01,2025-09-01 14:03:00,689.14,689.17,689.14,689.17,0.0,18.44,12633.01,1
2025-09-01,2025-09-01 14:04:00,689.17,689.2,689.17,689.2,0.0,18.44,12633.01,1
2025-09-01,2025-09-01 14:05:00,689.2,689.22,689.2,689.22,0.0,18.44,12633.01,1
2025-09-01,2025-09-01 14:06:00,689.22,689.25,689.22,689.25,0.0,18.44,12633.01,1
2025-09-01,2025-09-01 14:07:00,689.25,689.28,689.25,689.28,0.0,18.44,12633.01,1
2025-09-01,2025-09-01 14:08:00,689.28,689.31,689.28,689.31,0.0,18.44,12633.01,1
2025-09-01,2025-09-01 14:09:00,689.31,689.33,689.31,689.33,0.0,18.44,12633.01,1
2025-09-01,2025-09-01 14:10:00,689.33,689.36,689.33,689.36,0.0,18.44,12633.01,1
2025-09-01,2025-09-01 14:11:00,689.36,689.39,689.36,689.39,0.0,18.44,12633.01,1
2025-09-01,2025-09-01 14:12:00,689.39,689.42,689.39,689.42,0.0,18.44,12633.01,1
2025-09-01,2025-09-01 14:13:00,689.42,689.44,689.42,689.44,0.0,18.44,12633.01,1
2025-09-01,2025-09-01 14:14:00,689.44,689.47,689.44,689.47,0.0,18.44,12633.01,1
2025-09-01,2025-09-01 14:15:00,689.47,689.5,689.47,689.5,0.0,18.44,12633.01,1
2025-09-01,2025-09-01 14:16:00,689.5,689.53,689.5,689.53,0.0,18.44,12633.01,1
2025-09-01,2025-09-01 14:17:00,689.53,689.55,689.53,689.55,0.0,18.44,12633.01,1
2025-09-01,2025-09-01 14:18:00,689.55,689.58,689.55,689.58,0.0,18.44,12633.01,1
2025-09-01,2025-09-01 14:19:00,689.58,689.61,689.58,689.61,0.0,18.44,12633.01,1
2025-09-01,2025-09-01 14:20:00,689.61,689.64,689.61,689.64,0.0,18.44,12633.01,1
2025-09-01,2025-09-01 14:21:00,689.64,689.66,689.64,689.66,0.0,18.44,12633.01,1
2025-09-01,2025-09-01 14:22:00,689.66,689.69,689.66,689.69,0.0,18.44,12633.01,1
2025-09-01,2025-09-01 14:23:00,689.69,689.72,689.69,689.72,0.0,18.44,12633.01,1
2025-09-01,2025-09-01 14:24:00,689.72,689.75,689.72,689.75,0.0,18.44,12633.01,1
2025-09-01,2025-09-01 14:25:00,689.75,689.77,689.75,689.77,0.0,18.44,12633.01,1
2025-09-01,2025-09-01 14:26:00,689.77,689.8,689.77,689.8,0.0,18.44,12633.01,1
2025-09-01,2025-09-01 14:27:00,689.8,689.83,689.8,689.83,0.0,18.44,12633.01,1
2025-09-01,2025-09-01 14:28:00,689.83,689.86,689.83,689.86,0.0,18.44,12633.01,1
2025-09-01,2025-09-01 14:29:00,689.86,689.88,689.86,689.88,0.0,18.44,12633.01,1
2025-09-01,2025-09-01 14:30:00,689.88,689.91,689.88,689.91,0.0,18.44,12633.01,1
2025-09-01,2025-09-01 14:31:00,689.91,689.94,689.91,689.94,0.0,18.44,12633.01,1
2025-09-01,2025-09-01 14:32:00,689.94,689.97,689.94,689.97,0.0,18.44,12633.01,1
2025-09-01,2025-09-01 14:33:00,689.97,689.99,689.97,689.99,0.0,18.44,12633.01,1
2025-09-01,2025-09-01 14:34:00,689.99,690.02,689.99,690.02,0.0,18.44,12633.01,1
2025-09-01,2025-09-01 14:35:00,690.02,690.05,690.02,690.05,0.0,18.44,12633.01,1
2025-09-01,2025-09-01 14:36:00,690.05,690.08,690.05,690.08,0.0,18.44,12633.01,1
2025-09-01,2025-09-01 14:37:00,690.08,690.1,690.08,690.1,0.0,18.44,12633.01,1
2025-09-01,2025-09-01 14:38:00,690.1,690.13,690.1,690.13,0.0,18.44,12633.01,1
2025-09-01,2025-09-01 14:39:00,690.13,690.16,690.13,690.16,0.0,18.44,12633.01,1
2025-09-01,2025-09-01 14:40:00,690.16,690.19,690.16,690.19,0.0,18.44,12633.01,1
2025-09-01,2025-09-01 14:41:00,690.19,690.21,690.19,690.21,0.0,18.44,12633.01,1
2025-09-01,2025-09-01 14:42:00,690.21,690.24,690.21,690.24,0.0,18.44,12633.01,1
2025-09-01,2025-09-01 14:43:00,690.24,690.27,690.24,690.27,0.0,18.44,12633.01,1
2025-09-01,2025-09-01 14:44:00,690.27,690.3,690.27,690.3,0.0,18.44,12633.01,1
2025-09-01,2025-09-01 14:45:00,690.3,690.32,690.3,690.32,0.0,18.44,12633.01,1
2025-09-01,2025-09-01 14:46:00,690.32,690.35,690.32,690.35,0.0,18.44,12633.01,1
2025-09-01,2025-09-01 14:47:00,690.35,690.38,690.35,690.38,0.0,18.44,12633.01,1
2025-09-01,2025-09-01 14:48:00,690.38,690.41,690.38,690.41,0.0,18.44,12633.01,1
2025-09-01,2025-09-01 14:49:00,690.41,690.43,690.41,690.43,0.0,18.44,12633.01,1
2025-09-01,2025-09-01 14:50:00,690.43,690.46,690.43,690.46,0.0,18.44,12633.01,1
2025-09-01,2025-09-01 14:51:00,690.46,690.49,690.46,690.49,0.0,18.44,12633.01,1
2025-09-01,2025-09-01 14:52:00,690.49,690.52,690.49,690.52,0.0,18.44,12633.01,1
2025-09-01,2025-09-01 14:53:00,690.52,690.54,690.52,690.54,0.0,18.44,12633.01,1
2025-09-01,2025-09-01 14:54:00,690.54,690.57,690.54,690.57,0.0,18.44,12633.01,1
2025-09-01,2025-09-01 14:55:00,690.57,690.6,690.57,690.6,0.0,18.44,12633.01,1
2025-09-01,2025-09-01 14:56:00,690.6,690.63,690.6,690.63,0.0,18.44,12633.01,1
2025-09-01,2025-09-01 14:57:00,690.63,690.65,690.63,690.65,0.0,18.44,12633.01,1
2025-09-01,2025-09-01 14:58:00,690.65,690.68,690.65,690.68,0.0,18.44,12633.01,1
2025-09-01,2025-09-01 14:59:00,690.68,690.71,690.68,690.71,0.0,18.44,12633.01,1
2025-09-01,2025-09-01 15:00:00,690.71,704.9,681.0,690.71,0.0,18.44,12633.01,0
2025-09-02,2025-09-02 11:00:00,691.2,695.04,684.54,691.13,-0.01,82.67,56857.21,-1
2025-09-02,2025-09-02 11:01:00,691.13,691.13,691.06,691.06,-0.01,82.67,56857.21,-1
2025-09-02,2025-09-02 11:02:00,691.06,691.06,690.98,690.98,-0.01,82.67,56857.21,-1
2025-09-02,2025-09-02 11:03:00,690.98,690.98,690.91,690.91,-0.01,82.67,56857.21,-1
2025-09-02,2025-09-02 11:04:00,690.91,690.91,690.84,690.84,-0.01,82.67,56857.21,-1
2025-09-02,2025-09-02 11:05:00,690.84,690.84,690.77,690.77,-0.01,82.67,56857.21,-1
2025-09-02,2025-09-02 11:06:00,690.77,690.77,690.69,690.69,-0.01,82.67,56857.21,-1
2025-09-02,2025-09-02 11:07:00,690.69,690.69,690.62,690.62,-0.01,82.67,56857.21,-1
2025-09-02,2025-09-02 11:08:00,690.62,690.62,690.55,690.55,-0.01,82.67,56857.21,-1
2025-09-02,2025-09-02 11:09:00,690.55,690.55,690.48,690.48,-0.01,82.67,56857.21,-1
2025-09-02,2025-09-02 11:10:00,690.48,690.48,690.41,690.41,-0.01,82.67,56857.21,-1
2025-09-02,2025-09-02 11:11:00,690.41,690.41,690.33,690.33,-0.01,82.67,56857.21,-1
2025-09-02,2025-09-02 11:12:00,690.33,690.33,690.26,690.26,-0.01,82.67,56857.21,-1
2025-09-02,2025-09-02 11:13:00,690.26,690.26,690.19,690.19,-0.01,82.67,56857.21,-1
2025-09-02,2025-09-02 11:14:00,690.19,690.19,690.12,690.12,-0.01,82.67,56857.21,-1
2025-09-02,2025-09-02 11:15:00,690.12,690.12,690.05,690.05,-0.01,82.67,56857.21,-1
2025-09-02,2025-09-02 11:16:00,690.05,690.05,689.97,689.97,-0.01,82.67,56857.21,-1
2025-09-02,2025-09-02 11:17:00,689.97,689.97,689.9,689.9,-0.01,82.67,56857.21,-1
2025-09-02,2025-09-02 11:18:00,689.9,689.9,689.83,689.83,-0.01,82.67,56857.21,-1
2025-09-02,2025-09-02 11:19:00,689.83,689.83,689.76,689.76,-0.01,82.67,56857.21,-1
2025-09-02,2025-09-02 11:20:00,689.76,689.76,689.68,689.68,-0.01,82.67,56857.21,-1
2025-09-02,2025-09-02 11:21:00,689.68,689.68,689.61,689.61,-0.01,82.67,56857.21,-1
2025-09-02,2025-09-02 11:22:00,689.61,689.61,689.54,689.54,-0.01,82.67,56857.21,-1
2025-09-02,2025-09-02 11:23:00,689.54,689.54,689.47,689.47,-0.01,82.67,56857.21,-1
2025-09-02,2025-09-02 11:24:00,689.47,689.47,689.4,689.4,-0.01,82.67,56857.21,-1
2025-09-02,2025-09-02 11:25:00,689.4,689.4,689.32,689.32,-0.01,82.67,56857.21,-1
2025-09-02,2025-09-02 11:26:00,689.32,689.32,689.25,689.25,-0.01,82.67,56857.21,-1
2025-09-02,2025-09-02 11:27:00,689.25,689.25,689.18,689.18,-0.01,82.67,56857.21,-1
2025-09-02,2025-09-02 11:28:00,689.18,689.18,689.11,689.11,-0.01,82.67,56857.21,-1
2025-09-02,2025-09-02 11:29:00,689.11,689.11,689.04,689.04,-0.01,82.67,56857.21,-1
2025-09-02,2025-09-02 11:30:00,689.04,689.04,688.96,688.96,-0.01,82.67,56857.21,-1
2025-09-02,2025-09-02 11:31:00,688.96,688.96,688.89,688.89,-0.01,82.67,56857.21,-1
2025-09-02,2025-09-02 11:32:00,688.89,688.89,688.82,688.82,-0.01,82.67,56857.21,-1
2025-09-02,2025-09-02 11:33:00,688.82,688.82,688.75,688.75,-0.01,82.67,56857.21,-1
2025-09-02,2025-09-02 11:34:00,688.75,688.75,688.67,688.67,-0.01,82.67,56857.21,-1
2025-09-02,2025-09-02 11:35:00,688.67,688.67,688.6,688.6,-0.01,82.67,56857.21,-1
2025-09-02,2025-09-02 11:36:00,688.6,688.6,688.53,688.53,-0.01,82.67,56857.21,-1
2025-09-02,2025-09-02 11:37:00,688.53,688.53,688.46,688.46,-0.01,82.67,56857.21,-1
2025-09-02,2025-09-02 11:38:00,688.46,688.46,688.39,688.39,-0.01,82.67,56857.21,-1
2025-09-02,2025-09-02 11:39:00,688.39,688.39,688.31,688.31,-0.01,82.67,56857.21,-1
2025-09-02,2025-09-02 11:40:00,688.31,688.31,688.24,688.24,-0.01,82.67,56857.21,-1
2025-09-02,2025-09-02 11:41:00,688.24,688.24,688.17,688.17,-0.01,82.67,56857.21,-1
2025-09-02,2025-09-02 11:42:00,688.17,688.17,688.1,688.1,-0.01,82.67,56857.21,-1
2025-09-02,2025-09-02 11:43:00,688.1,688.1,688.02,688.02,-0.01,82.67,56857.21,-1
2025-09-02,2025-09-02 11:44:00,688.02,688.02,687.95,687.95,-0.01,82.67,56857.21,-1
2025-09-02,2025-09-02 11:45:00,687.95,687.95,687.88,687.88,-0.01,82.67,56857.21,-1
2025-09-02,2025-09-02 11:46:00,687.88,687.88,687.81,687.81,-0.01,82.67,56857.21,-1
2025-09-02,2025-09-02 11:47:00,687.81,687.81,687.74,687.74,-0.01,82.67,56857.21,-1
2025-09-02,2025-09-02 11:48:00,687.74,687.74,687.66,687.66,-0.01,82.67,56857.21,-1
2025-09-02,2025-09-02 11:49:00,687.66,687.66,687.59,687.59,-0.01,82.67,56857.21,-1
2025-09-02,2025-09-02 11:50:00,687.59,687.59,687.52,687.52,-0.01,82.67,56857.21,-1
2025-09-02,2025-09-02 11:51:00,687.52,687.52,687.45,687.45,-0.01,82.67,56857.21,-1
2025-09-02,2025-09-02 11:52:00,687.45,687.45,687.38,687.38,-0.01,82.67,56857.21,-1
2025-09-02,2025-09-02 11:53:00,687.38,687.38,687.3,687.3,-0.01,82.67,56857.21,-1
2025-09-02,2025-09-02 11:54:00,687.3,687.3,687.23,687.23,-0.01,82.67,56857.21,-1
2025-09-02,2025-09-02 11:55:00,687.23,687.23,687.16,687.16,-0.01,82.67,56857.21,-1
2025-09-02,2025-09-02 11:56:00,687.16,687.16,687.09,687.09,-0.01,82.67,56857.21,-1
2025-09-02,2025-09-02 11:57:00,687.09,687.09,687.01,687.01,-0.01,82.67,56857.21,-1
2025-09-02,2025-09-02 11:58:00,687.01,687.01,686.94,686.94,-0.01,82.67,56857.21,-1
2025-09-02,2025-09-02 11:59:00,686.94,686.94,686.87,686.87,-0.01,82.67,56857.21,-1
2025-09-02,2025-09-02 12:00:00,686.87,686.87,686.8,686.8,-0.01,82.67,56857.21,-1
2025-09-02,2025-09-02 12:01:00,686.8,686.8,686.73,686.73,-0.01,82.67,56857.21,-1
2025-09-02,2025-09-02 12:02:00,686.73,686.73,686.65,686.65,-0.01,82.67,56857.21,-1
2025-09-02,2025-09-02 12:03:00,686.65,686.65,686.58,686.58,-0.01,82.67,56857.21,-1
2025-09-02,2025-09-02 12:04:00,686.58,686.58,686.51,686.51,-0.01,82.67,56857.21,-1
2025-09-02,2025-09-02 12:05:00,686.51,686.51,686.44,686.44,-0.01,82.67,56857.21,-1
2025-09-02,2025-09-02 12:06:00,686.44,686.44,686.36,686.36,-0.01,82.67,56857.21,-1
2025-09-02,2025-09-02 12:07:00,686.36,686.36,686.29,686.29,-0.01,82.67,56857.21,-1
2025-09-02,2025-09-02 12:08:00,686.29,686.29,686.22,686.22,-0.01,82.67,56857.21,-1
2025-09-02,2025-09-02 12:09:00,686.22,686.22,686.15,686.15,-0.01,82.67,56857.21,-1
2025-09-02,2025-09-02 12:10:00,686.15,686.15,686.08,686.08,-0.01,82.67,56857.21,-1
2025-09-02,2025-09-02 12:11:00,686.08,686.08,686.0,686.0,-0.01,82.67,56857.21,-1
2025-09-02,2025-09-02 12:12:00,686.0,686.0,685.93,685.93,-0.01,82.67,56857.21,-1
2025-09-02,2025-09-02 12:13:00,685.93,685.93,685.86,685.86,-0.01,82.67,56857.21,-1
2025-09-02,2025-09-02 12:14:00,685.86,685.86,685.79,685.79,-0.01,82.67,56857.21,-1
2025-09-02,2025-09-02 12:15:00,685.79,685.79,685.72,685.72,-0.01,82.67,56857.21,-1
2025-09-02,2025-09-02 12:16:00,685.72,685.72,685.64,685.64,-0.01,82.67,56857.21,-1
2025-09-02,2025-09-02 12:17:00,685.64,685.64,685.57,685.57,-0.01,82.67,56857.21,-1
2025-09-02,2025-09-02 12:18:00,685.57,685.57,685.5,685.5,-0.01,82.67,56857.21,-1
2025-09-02,2025-09-02 12:19:00,685.5,685.5,685.43,685.43,-0.01,82.67,56857.21,-1
2025-09-02,2025-09-02 12:20:00,685.43,685.43,685.35,685.35,-0.01,82.67,56857.21,-1
2025-09-02,2025-09-02 12:21:00,685.35,685.35,685.28,685.28,-0.01,82.67,56857.21,-1
2025-09-02,2025-09-02 12:22:00,685.28,685.28,685.21,685.21,-0.01,82.67,56857.21,-1
2025-09-02,2025-09-02 12:23:00,685.21,685.21,685.14,685.14,-0.01,82.67,56857.21,-1
2025-09-02,2025-09-02 12:24:00,685.14,685.14,685.07,685.07,-0.01,82.67,56857.21,-1
2025-09-02,2025-09-02 12:25:00,685.07,685.07,684.99,684.99,-0.01,82.67,56857.21,-1
2025-09-02,2025-09-02 12:26:00,684.99,684.99,684.92,684.92,-0.01,82.67,56857.21,-1
2025-09-02,2025-09-02 12:27:00,684.92,684.92,684.85,684.85,-0.01,82.67,56857.21,-1
2025-09-02,2025-09-02 12:28:00,684.85,684.85,684.78,684.78,-0.01,82.67,56857.21,-1
2025-09-02,2025-09-02 12:29:00,684.78,684.78,684.71,684.71,-0.01,82.67,56857.21,-1
2025-09-02,2025-09-02 12:30:00,684.71,684.71,684.63,684.63,-0.01,82.67,56857.21,-1
2025-09-02,2025-09-02 12:31:00,684.63,684.63,684.56,684.56,-0.01,82.67,56857.21,-1
2025-09-02,2025-09-02 12:32:00,684.56,684.56,684.49,684.49,-0.01,82.67,56857.21,-1
2025-09-02,2025-09-02 12:33:00,684.49,684.49,684.42,684.42,-0.01,82.67,56857.21,-1
2025-09-02,2025-09-02 12:34:00,684.42,684.42,684.34,684.34,-0.01,82.67,56857.21,-1
2025-09-02,2025-09-02 12:35:00,684.34,684.34,684.27,684.27,-0.01,82.67,56857.21,-1
2025-09-02,2025-09-02 12:36:00,684.27,684.27,684.2,684.2,-0.01,82.67,56857.21,-1
2025-09-02,2025-09-02 12:37:00,684.2,684.2,684.13,684.13,-0.01,82.67,56857.21,-1
2025-09-02,2025-09-02 12:38:00,684.13,684.13,684.06,684.06,-0.01,82.67,56857.21,-1
2025-09-02,2025-09-02 12:39:00,684.06,684.06,683.98,683.98,-0.01,82.67,56857.21,-1
2025-09-02,2025-09-02 12:40:00,683.98,683.98,683.91,683.91,-0.01,82.67,56857.21,-1
2025-09-02,2025-09-02 12:41:00,683.91,683.91,683.84,683.84,-0.01,82.67,56857.21,-1
2025-09-02,2025-09-02 12:42:00,683.84,683.84,683.77,683.77,-0.01,82.67,56857.21,-1
2025-09-02,2025-09-02 12:43:00,683.77,683.77,683.69,683.69,-0.01,82.67,56857.21,-1
2025-09-02,2025-09-02 12:44:00,683.69,683.69,683.62,683.62,-0.01,82.67,56857.21,-1
2025-09-02,2025-09-02 12:45:00,683.62,683.62,683.55,683.55,-0.01,82.67,56857.21,-1
2025-09-02,2025-09-02 12:46:00,683.55,683.55,683.48,683.48,-0.01,82.67,56857.21,-1
2025-09-02,2025-09-02 12:47:00,683.48,683.48,683.41,683.41,-0.01,82.67,56857.21,-1
2025-09-02,2025-09-02 12:48:00,683.41,683.41,683.33,683.33,-0.01,82.67,56857.21,-1
2025-09-02,2025-09-02 12:49:00,683.33,683.33,683.26,683.26,-0.01,82.67,56857.21,-1
2025-09-02,2025-09-02 12:50:00,683.26,683.26,683.19,683.19,-0.01,82.67,56857.21,-1
2025-09-02,2025-09-02 12:51:00,683.19,683.19,683.12,683.12,-0.01,82.67,56857.21,-1
2025-09-02,2025-09-02 12:52:00,683.12,683.12,683.05,683.05,-0.01,82.67,56857.21,-1
2025-09-02,2025-09-02 12:53:00,683.05,683.05,682.97,682.97,-0.01,82.67,56857.21,-1
2025-09-02,2025-09-02 12:54:00,682.97,682.97,682.9,682.9,-0.01,82.67,56857.21,-1
2025-09-02,2025-09-02 12:55:00,682.9,682.9,682.83,682.83,-0.01,82.67,56857.21,-1
2025-09-02,2025-09-02 12:56:00,682.83,682.83,682.76,682.76,-0.01,82.67,56857.21,-1
2025-09-02,2025-09-02 12:57:00,682.76,682.76,682.68,682.68,-0.01,82.67,56857.21,-1
2025-09-02,2025-09-02 12:58:00,682.68,682.68,682.61,682.61,-0.01,82.67,56857.21,-1
2025-09-02,2025-09-02 12:59:00,682.61,682.61,682.54,682.54,-0.01,82.67,56857.21,-1
2025-09-02,2025-09-02 13:00:00,682.54,704.0,669.0,682.47,-0.01,82.67,56857.21,-1
2025-09-02,2025-09-02 13:01:00,682.47,682.47,682.4,682.4,-0.01,82.67,56857.21,-1
2025-09-02,2025-09-02 13:02:00,682.4,682.4,682.32,682.32,-0.01,82.67,56857.21,-1
2025-09-02,2025-09-02 13:03:00,682.32,682.32,682.25,682.25,-0.01,82.67,56857.21,-1
2025-09-02,2025-09-02 13:04:00,682.25,682.25,682.18,682.18,-0.01,82.67,56857.21,-1
2025-09-02,2025-09-02 13:05:00,682.18,682.18,682.11,682.11,-0.01,82.67,56857.21,-1
2025-09-02,2025-09-02 13:06:00,682.11,682.11,682.03,682.03,-0.01,82.67,56857.21,-1
2025-09-02,2025-09-02 13:07:00,682.03,682.03,681.96,681.96,-0.01,82.67,56857.21,-1
2025-09-02,2025-09-02 13:08:00,681.96,681.96,681.89,681.89,-0.01,82.67,56857.21,-1
2025-09-02,2025-09-02 13:09:00,681.89,681.89,681.82,681.82,-0.01,82.67,56857.21,-1
2025-09-02,2025-09-02 13:10:00,681.82,681.82,681.75,681.75,-0.01,82.67,56857.21,-1
2025-09-02,2025-09-02 13:11:00,681.75,681.75,681.67,681.67,-0.01,82.67,56857.21,-1
2025-09-02,2025-09-02 13:12:00,681.67,681.67,681.6,681.6,-0.01,82.67,56857.21,-1
2025-09-02,2025-09-02 13:13:00,681.6,681.6,681.53,681.53,-0.01,82.67,56857.21,-1
2025-09-02,2025-09-02 13:14:00,681.53,681.53,681.46,681.46,-0.01,82.67,56857.21,-1
2025-09-02,2025-09-02 13:15:00,681.46,681.46,681.39,681.39,-0.01,82.67,56857.21,-1
2025-09-02,2025-09-02 13:16:00,681.39,681.39,681.31,681.31,-0.01,82.67,56857.21,-1
2025-09-02,2025-09-02 13:17:00,681.31,681.31,681.24,681.24,-0.01,82.67,56857.21,-1
2025-09-02,2025-09-02 13:18:00,681.24,681.24,681.17,681.17,-0.01,82.67,56857.21,-1
2025-09-02,2025-09-02 13:19:00,681.17,681.17,681.1,681.1,-0.01,82.67,56857.21,-1
2025-09-02,2025-09-02 13:20:00,681.1,681.1,681.02,681.02,-0.01,82.67,56857.21,-1
2025-09-02,2025-09-02 13:21:00,681.02,681.02,680.95,680.95,-0.01,82.67,56857.21,-1
2025-09-02,2025-09-02 13:22:00,680.95,680.95,680.88,680.88,-0.01,82.67,56857.21,-1
2025-09-02,2025-09-02 13:23:00,680.88,680.88,680.81,680.81,-0.01,82.67,56857.21,-1
2025-09-02,2025-09-02 13:24:00,680.81,680.81,680.74,680.74,-0.01,82.67,56857.21,-1
2025-09-02,2025-09-02 13:25:00,680.74,680.74,680.66,680.66,-0.01,82.67,56857.21,-1
2025-09-02,2025-09-02 13:26:00,680.66,680.66,680.59,680.59,-0.01,82.67,56857.21,-1
2025-09-02,2025-09-02 13:27:00,680.59,680.59,680.52,680.52,-0.01,82.67,56857.21,-1
2025-09-02,2025-09-02 13:28:00,680.52,680.52,680.45,680.45,-0.01,82.67,56857.21,-1
2025-09-02,2025-09-02 13:29:00,680.45,680.45,680.38,680.38,-0.01,82.67,56857.21,-1
2025-09-02,2025-09-02 13:30:00,680.38,680.38,680.3,680.3,-0.01,82.67,56857.21,-1
2025-09-02,2025-09-02 13:31:00,680.3,680.3,680.23,680.23,-0.01,82.67,56857.21,-1
2025-09-02,2025-09-02 13:32:00,680.23,680.23,680.16,680.16,-0.01,82.67,56857.21,-1
2025-09-02,2025-09-02 13:33:00,680.16,680.16,680.09,680.09,-0.01,82.67,56857.21,-1
2025-09-02,2025-09-02 13:34:00,680.09,680.09,680.01,680.01,-0.01,82.67,56857.21,-1
2025-09-02,2025-09-02 13:35:00,680.01,680.01,679.94,679.94,-0.01,82.67,56857.21,-1
2025-09-02,2025-09-02 13:36:00,679.94,679.94,679.87,679.87,-0.01,82.67,56857.21,-1
2025-09-02,2025-09-02 13:37:00,679.87,679.87,679.8,679.8,-0.01,82.67,56857.21,-1
2025-09-02,2025-09-02 13:38:00,679.8,679.8,679.73,679.73,-0.01,82.67,56857.21,-1
2025-09-02,2025-09-02 13:39:00,679.73,679.73,679.65,679.65,-0.01,82.67,56857.21,-1
2025-09-02,2025-09-02 13:40:00,679.65,679.65,679.58,679.58,-0.01,82.67,56857.21,-1
2025-09-02,2025-09-02 13:41:00,679.58,679.58,679.51,679.51,-0.01,82.67,56857.21,-1
2025-09-02,2025-09-02 13:42:00,679.51,679.51,679.44,679.44,-0.01,82.67,56857.21,-1
2025-09-02,2025-09-02 13:43:00,679.44,679.44,679.36,679.36,-0.01,82.67,56857.21,-1
2025-09-02,2025-09-02 13:44:00,679.36,679.36,679.29,679.29,-0.01,82.67,56857.21,-1
2025-09-02,2025-09-02 13:45:00,679.29,679.29,679.22,679.22,-0.01,82.67,56857.21,-1
2025-09-02,2025-09-02 13:46:00,679.22,679.22,679.15,679.15,-0.01,82.67,56857.21,-1
2025-09-02,2025-09-02 13:47:00,679.15,679.15,679.08,679.08,-0.01,82.67,56857.21,-1
2025-09-02,2025-09-02 13:48:00,679.08,679.08,679.0,679.0,-0.01,82.67,56857.21,-1
2025-09-02,2025-09-02 13:49:00,679.0,679.0,678.93,678.93,-0.01,82.67,56857.21,-1
2025-09-02,2025-09-02 13:50:00,678.93,678.93,678.86,678.86,-0.01,82.67,56857.21,-1
2025-09-02,2025-09-02 13:51:00,678.86,678.86,678.79,678.79,-0.01,82.67,56857.21,-1
2025-09-02,2025-09-02 13:52:00,678.79,678.79,678.72,678.72,-0.01,82.67,56857.21,-1
2025-09-02,2025-09-02 13:53:00,678.72,678.72,678.64,678.64,-0.01,82.67,56857.21,-1
2025-09-02,2025-09-02 13:54:00,678.64,678.64,678.57,678.57,-0.01,82.67,56857.21,-1
2025-09-02,2025-09-02 13:55:00,678.57,678.57,678.5,678.5,-0.01,82.67,56857.21,-1
2025-09-02,2025-09-02 13:56:00,678.5,678.5,678.43,678.43,-0.01,82.67,56857.21,-1
2025-09-02,2025-09-02 13:57:00,678.43,678.43,678.35,678.35,-0.01,82.67,56857.21,-1
2025-09-02,2025-09-02 13:58:00,678.35,678.35,678.28,678.28,-0.01,82.67,56857.21,-1
2025-09-02,2025-09-02 13:59:00,678.28,678.28,678.21,678.21,-0.01,82.67,56857.21,-1
2025-09-02,2025-09-02 14:00:00,678.21,678.21,678.14,678.14,-0.01,82.67,56857.21,-1
2025-09-02,2025-09-02 14:01:00,678.14,678.14,678.07,678.07,-0.01,82.67,56857.21,-1
2025-09-02,2025-09-02 14:02:00,678.07,678.07,677.99,677.99,-0.01,82.67,56857.21,-1
2025-09-02,2025-09-02 14:03:00,677.99,677.99,677.92,677.92,-0.01,82.67,56857.21,-1
2025-09-02,2025-09-02 14:04:00,677.92,677.92,677.85,677.85,-0.01,82.67,56857.21,-1
2025-09-02,2025-09-02 14:05:00,677.85,677.85,677.78,677.78,-0.01,82.67,56857.21,-1
2025-09-02,2025-09-02 14:06:00,677.78,677.78,677.7,677.7,-0.01,82.67,56857.21,-1
2025-09-02,2025-09-02 14:07:00,677.7,677.7,677.63,677.63,-0.01,82.67,56857.21,-1
2025-09-02,2025-09-02 14:08:00,677.63,677.63,677.56,677.56,-0.01,82.67,56857.21,-1
2025-09-02,2025-09-02 14:09:00,677.56,677.56,677.49,677.49,-0.01,82.67,56857.21,-1
2025-09-02,2025-09-02 14:10:00,677.49,677.49,677.42,677.42,-0.01,82.67,56857.21,-1
2025-09-02,2025-09-02 14:11:00,677.42,677.42,677.34,677.34,-0.01,82.67,56857.21,-1
2025-09-02,2025-09-02 14:12:00,677.34,677.34,677.27,677.27,-0.01,82.67,56857.21,-1
2025-09-02,2025-09-02 14:13:00,677.27,677.27,677.2,677.2,-0.01,82.67,56857.21,-1
2025-09-02,2025-09-02 14:14:00,677.2,677.2,677.13,677.13,-0.01,82.67,56857.21,-1
2025-09-02,2025-09-02 14:15:00,677.13,677.13,677.06,677.06,-0.01,82.67,56857.21,-1
2025-09-02,2025-09-02 14:16:00,677.06,677.06,676.98,676.98,-0.01,82.67,56857.21,-1
2025-09-02,2025-09-02 14:17:00,676.98,676.98,676.91,676.91,-0.01,82.67,56857.21,-1
2025-09-02,2025-09-02 14:18:00,676.91,676.91,676.84,676.84,-0.01,82.67,56857.21,-1
2025-09-02,2025-09-02 14:19:00,676.84,676.84,676.77,676.77,-0.01,82.67,56857.21,-1
2025-09-02,2025-09-02 14:20:00,676.77,676.77,676.69,676.69,-0.01,82.67,56857.21,-1
2025-09-02,2025-09-02 14:21:00,676.69,676.69,676.62,676.62,-0.01,82.67,56857.21,-1
2025-09-02,2025-09-02 14:22:00,676.62,676.62,676.55,676.55,-0.01,82.67,56857.21,-1
2025-09-02,2025-09-02 14:23:00,676.55,676.55,676.48,676.48,-0.01,82.67,56857.21,-1
2025-09-02,2025-09-02 14:24:00,676.48,676.48,676.41,676.41,-0.01,82.67,56857.21,-1
2025-09-02,2025-09-02 14:25:00,676.41,676.41,676.33,676.33,-0.01,82.67,56857.21,-1
2025-09-02,2025-09-02 14:26:00,676.33,676.33,676.26,676.26,-0.01,82.67,56857.21,-1
2025-09-02,2025-09-02 14:27:00,676.26,676.26,676.19,676.19,-0.01,82.67,56857.21,-1
2025-09-02,2025-09-02 14:28:00,676.19,676.19,676.12,676.12,-0.01,82.67,56857.21,-1
2025-09-02,2025-09-02 14:29:00,676.12,676.12,676.04,676.04,-0.01,82.67,56857.21,-1
2025-09-02,2025-09-02 14:30:00,676.04,676.04,675.97,675.97,-0.01,82.67,56857.21,-1
2025-09-02,2025-09-02 14:31:00,675.97,675.97,675.9,675.9,-0.01,82.67,56857.21,-1
2025-09-02,2025-09-02 14:32:00,675.9,675.9,675.83,675.83,-0.01,82.67,56857.21,-1
2025-09-02,2025-09-02 14:33:00,675.83,675.83,675.76,675.76,-0.01,82.67,56857.21,-1
2025-09-02,2025-09-02 14:34:00,675.76,675.76,675.68,675.68,-0.01,82.67,56857.21,-1
2025-09-02,2025-09-02 14:35:00,675.68,675.68,675.61,675.61,-0.01,82.67,56857.21,-1
2025-09-02,2025-09-02 14:36:00,675.61,675.61,675.54,675.54,-0.01,82.67,56857.21,-1
2025-09-02,2025-09-02 14:37:00,675.54,675.54,675.47,675.47,-0.01,82.67,56857.21,-1
2025-09-02,2025-09-02 14:38:00,675.47,675.47,675.4,675.4,-0.01,82.67,56857.21,-1
2025-09-02,2025-09-02 14:39:00,675.4,675.4,675.32,675.32,-0.01,82.67,56857.21,-1
2025-09-02,2025-09-02 14:40:00,675.32,675.32,675.25,675.25,-0.01,82.67,56857.21,-1
2025-09-02,2025-09-02 14:41:00,675.25,675.25,675.18,675.18,-0.01,82.67,56857.21,-1
2025-09-02,2025-09-02 14:42:00,675.18,675.18,675.11,675.11,-0.01,82.67,56857.21,-1
2025-09-02,2025-09-02 14:43:00,675.11,675.11,675.03,675.03,-0.01,82.67,56857.21,-1
2025-09-02,2025-09-02 14:44:00,675.03,675.03,674.96,674.96,-0.01,82.67,56857.21,-1
2025-09-02,2025-09-02 14:45:00,674.96,674.96,674.89,674.89,-0.01,82.67,56857.21,-1
2025-09-02,2025-09-02 14:46:00,674.89,674.89,674.82,674.82,-0.01,82.67,56857.21,-1
2025-09-02,2025-09-02 14:47:00,674.82,674.82,674.75,674.75,-0.01,82.67,56857.21,-1
2025-09-02,2025-09-02 14:48:00,674.75,674.75,674.67,674.67,-0.01,82.67,56857.21,-1
2025-09-02,2025-09-02 14:49:00,674.67,674.67,674.6,674.6,-0.01,82.67,56857.21,-1
2025-09-02,2025-09-02 14:50:00,674.6,674.6,674.53,674.53,-0.01,82.67,56857.21,-1
2025-09-02,2025-09-02 14:51:00,674.53,674.53,674.46,674.46,-0.01,82.67,56857.21,-1
2025-09-02,2025-09-02 14:52:00,674.46,674.46,674.39,674.39,-0.01,82.67,56857.21,-1
2025-09-02,2025-09-02 14:53:00,674.39,674.39,674.31,674.31,-0.01,82.67,56857.21,-1
2025-09-02,2025-09-02 14:54:00,674.31,674.31,674.24,674.24,-0.01,82.67,56857.21,-1
2025-09-02,2025-09-02 14:55:00,674.24,674.24,674.17,674.17,-0.01,82.67,56857.21,-1
2025-09-02,2025-09-02 14:56:00,674.17,674.17,674.1,674.1,-0.01,82.67,56857.21,-1
2025-09-02,2025-09-02 14:57:00,674.1,674.1,674.02,674.02,-0.01,82.67,56857.21,-1
2025-09-02,2025-09-02 14:58:00,674.02,674.02,673.95,673.95,-0.01,82.67,56857.21,-1
2025-09-02,2025-09-02 14:59:00,673.95,673.95,673.88,673.88,-0.01,82.67,56857.21,-1
2025-09-02,2025-09-02 15:00:00,673.88,704.0,669.0,673.88,0.0,82.67,56857.21,0
2025-09-03,2025-09-03 11:00:00,663.0,666.6,660.21,662.98,-0.0,30.43,20122.23,-1
2025-09-03,2025-09-03 11:01:00,662.98,662.98,662.95,662.95,-0.0,30.43,20122.23,-1
2025-09-03,2025-09-03 11:02:00,662.95,662.95,662.93,662.93,-0.0,30.43,20122.23,-1
2025-09-03,2025-09-03 11:03:00,662.93,662.93,662.91,662.91,-0.0,30.43,20122.23,-1
2025-09-03,2025-09-03 11:04:00,662.91,662.91,662.89,662.89,-0.0,30.43,20122.23,-1
2025-09-03,2025-09-03 11:05:00,662.89,662.89,662.86,662.86,-0.0,30.43,20122.23,-1
2025-09-03,2025-09-03 11:06:00,662.86,662.86,662.84,662.84,-0.0,30.43,20122.23,-1
2025-09-03,2025-09-03 11:07:00,662.84,662.84,662.82,662.82,-0.0,30.43,20122.23,-1
2025-09-03,2025-09-03 11:08:00,662.82,662.82,662.79,662.79,-0.0,30.43,20122.23,-1
2025-09-03,2025-09-03 11:09:00,662.79,662.79,662.77,662.77,-0.0,30.43,20122.23,-1
2025-09-03,2025-09-03 11:10:00,662.77,662.77,662.75,662.75,-0.0,30.43,20122.23,-1
2025-09-03,2025-09-03 11:11:00,662.75,662.75,662.73,662.73,-0.0,30.43,20122.23,-1
2025-09-03,2025-09-03 11:12:00,662.73,662.73,662.7,662.7,-0.0,30.43,20122.23,-1
2025-09-03,2025-09-03 11:13:00,662.7,662.7,662.68,662.68,-0.0,30.43,20122.23,-1
2025-09-03,2025-09-03 11:14:00,662.68,662.68,662.66,662.66,-0.0,30.43,20122.23,-1
2025-09-03,2025-09-03 11:15:00,662.66,662.66,662.64,662.64,-0.0,30.43,20122.23,-1
2025-09-03,2025-09-03 11:16:00,662.64,662.64,662.61,662.61,-0.0,30.43,20122.23,-1
2025-09-03,2025-09-03 11:17:00,662.61,662.61,662.59,662.59,-0.0,30.43,20122.23,-1
2025-09-03,2025-09-03 11:18:00,662.59,662.59,662.57,662.57,-0.0,30.43,20122.23,-1
2025-09-03,2025-09-03 11:19:00,662.57,662.57,662.54,662.54,-0.0,30.43,20122.23,-1
2025-09-03,2025-09-03 11:20:00,662.54,662.54,662.52,662.52,-0.0,30.43,20122.23,-1
2025-09-03,2025-09-03 11:21:00,662.52,662.52,662.5,662.5,-0.0,30.43,20122.23,-1
2025-09-03,2025-09-03 11:22:00,662.5,662.5,662.48,662.48,-0.0,30.43,20122.23,-1
2025-09-03,2025-09-03 11:23:00,662.48,662.48,662.45,662.45,-0.0,30.43,20122.23,-1
2025-09-03,2025-09-03 11:24:00,662.45,662.45,662.43,662.43,-0.0,30.43,20122.23,-1
2025-09-03,2025-09-03 11:25:00,662.43,662.43,662.41,662.41,-0.0,30.43,20122.23,-1
2025-09-03,2025-09-03 11:26:00,662.41,662.41,662.38,662.38,-0.0,30.43,20122.23,-1
2025-09-03,2025-09-03 11:27:00,662.38,662.38,662.36,662.36,-0.0,30.43,20122.23,-1
2025-09-03,2025-09-03 11:28:00,662.36,662.36,662.34,662.34,-0.0,30.43,20122.23,-1
2025-09-03,2025-09-03 11:29:00,662.34,662.34,662.32,662.32,-0.0,30.43,20122.23,-1
2025-09-03,2025-09-03 11:30:00,662.32,662.32,662.29,662.29,-0.0,30.43,20122.23,-1
2025-09-03,2025-09-03 11:31:00,662.29,662.29,662.27,662.27,-0.0,30.43,20122.23,-1
2025-09-03,2025-09-03 11:32:00,662.27,662.27,662.25,662.25,-0.0,30.43,20122.23,-1
2025-09-03,2025-09-03 11:33:00,662.25,662.25,662.23,662.23,-0.0,30.43,20122.23,-1
2025-09-03,2025-09-03 11:34:00,662.23,662.23,662.2,662.2,-0.0,30.43,20122.23,-1
2025-09-03,2025-09-03 11:35:00,662.2,662.2,662.18,662.18,-0.0,30.43,20122.23,-1
2025-09-03,2025-09-03 11:36:00,662.18,662.18,662.16,662.16,-0.0,30.43,20122.23,-1
2025-09-03,2025-09-03 11:37:00,662.16,662.16,662.13,662.13,-0.0,30.43,20122.23,-1
2025-09-03,2025-09-03 11:38:00,662.13,662.13,662.11,662.11,-0.0,30.43,20122.23,-1
2025-09-03,2025-09-03 11:39:00,662.11,662.11,662.09,662.09,-0.0,30.43,20122.23,-1
2025-09-03,2025-09-03 11:40:00,662.09,662.09,662.07,662.07,-0.0,30.43,20122.23,-1
2025-09-03,2025-09-03 11:41:00,662.07,662.07,662.04,662.04,-0.0,30.43,20122.23,-1
2025-09-03,2025-09-03 11:42:00,662.04,662.04,662.02,662.02,-0.0,30.43,20122.23,-1
2025-09-03,2025-09-03 11:43:00,662.02,662.02,662.0,662.0,-0.0,30.43,20122.23,-1
2025-09-03,2025-09-03 11:44:00,662.0,662.0,661.97,661.97,-0.0,30.43,20122.23,-1
2025-09-03,2025-09-03 11:45:00,661.97,661.97,661.95,661.95,-0.0,30.43,20122.23,-1
2025-09-03,2025-09-03 11:46:00,661.95,661.95,661.93,661.93,-0.0,30.43,20122.23,-1
2025-09-03,2025-09-03 11:47:00,661.93,661.93,661.91,661.91,-0.0,30.43,20122.23,-1
2025-09-03,2025-09-03 11:48:00,661.91,661.91,661.88,661.88,-0.0,30.43,20122.23,-1
2025-09-03,2025-09-03 11:49:00,661.88,661.88,661.86,661.86,-0.0,30.43,20122.23,-1
2025-09-03,2025-09-03 11:50:00,661.86,661.86,661.84,661.84,-0.0,30.43,20122.23,-1
2025-09-03,2025-09-03 11:51:00,661.84,661.84,661.81,661.81,-0.0,30.43,20122.23,-1
2025-09-03,2025-09-03 11:52:00,661.81,661.81,661.79,661.79,-0.0,30.43,20122.23,-1
2025-09-03,2025-09-03 11:53:00,661.79,661.79,661.77,661.77,-0.0,30.43,20122.23,-1
2025-09-03,2025-09-03 11:54:00,661.77,661.77,661.75,661.75,-0.0,30.43,20122.23,-1
2025-09-03,2025-09-03 11:55:00,661.75,661.75,661.72,661.72,-0.0,30.43,20122.23,-1
2025-09-03,2025-09-03 11:56:00,661.72,661.72,661.7,661.7,-0.0,30.43,20122.23,-1
2025-09-03,2025-09-03 11:57:00,661.7,661.7,661.68,661.68,-0.0,30.43,20122.23,-1
2025-09-03,2025-09-03 11:58:00,661.68,661.68,661.66,661.66,-0.0,30.43,20122.23,-1
2025-09-03,2025-09-03 11:59:00,661.66,661.66,661.63,661.63,-0.0,30.43,20122.23,-1
2025-09-03,2025-09-03 12:00:00,661.63,661.63,661.61,661.61,-0.0,30.43,20122.23,-1
2025-09-03,2025-09-03 12:01:00,661.61,661.61,661.59,661.59,-0.0,30.43,20122.23,-1
2025-09-03,2025-09-03 12:02:00,661.59,661.59,661.56,661.56,-0.0,30.43,20122.23,-1
2025-09-03,2025-09-03 12:03:00,661.56,661.56,661.54,661.54,-0.0,30.43,20122.23,-1
2025-09-03,2025-09-03 12:04:00,661.54,661.54,661.52,661.52,-0.0,30.43,20122.23,-1
2025-09-03,2025-09-03 12:05:00,661.52,661.52,661.5,661.5,-0.0,30.43,20122.23,-1
2025-09-03,2025-09-03 12:06:00,661.5,661.5,661.47,661.47,-0.0,30.43,20122.23,-1
2025-09-03,2025-09-03 12:07:00,661.47,661.47,661.45,661.45,-0.0,30.43,20122.23,-1
2025-09-03,2025-09-03 12:08:00,661.45,661.45,661.43,661.43,-0.0,30.43,20122.23,-1
2025-09-03,2025-09-03 12:09:00,661.43,661.43,661.4,661.4,-0.0,30.43,20122.23,-1
2025-09-03,2025-09-03 12:10:00,661.4,661.4,661.38,661.38,-0.0,30.43,20122.23,-1
2025-09-03,2025-09-03 12:11:00,661.38,661.38,661.36,661.36,-0.0,30.43,20122.23,-1
2025-09-03,2025-09-03 12:12:00,661.36,661.36,661.34,661.34,-0.0,30.43,20122.23,-1
2025-09-03,2025-09-03 12:13:00,661.34,661.34,661.31,661.31,-0.0,30.43,20122.23,-1
2025-09-03,2025-09-03 12:14:00,661.31,661.31,661.29,661.29,-0.0,30.43,20122.23,-1
2025-09-03,2025-09-03 12:15:00,661.29,661.29,661.27,661.27,-0.0,30.43,20122.23,-1
2025-09-03,2025-09-03 12:16:00,661.27,661.27,661.25,661.25,-0.0,30.43,20122.23,-1
2025-09-03,2025-09-03 12:17:00,661.25,661.25,661.22,661.22,-0.0,30.43,20122.23,-1
2025-09-03,2025-09-03 12:18:00,661.22,661.22,661.2,661.2,-0.0,30.43,20122.23,-1
2025-09-03,2025-09-03 12:19:00,661.2,661.2,661.18,661.18,-0.0,30.43,20122.23,-1
2025-09-03,2025-09-03 12:20:00,661.18,661.18,661.15,661.15,-0.0,30.43,20122.23,-1
2025-09-03,2025-09-03 12:21:00,661.15,661.15,661.13,661.13,-0.0,30.43,20122.23,-1
2025-09-03,2025-09-03 12:22:00,661.13,661.13,661.11,661.11,-0.0,30.43,20122.23,-1
2025-09-03,2025-09-03 12:23:00,661.11,661.11,661.09,661.09,-0.0,30.43,20122.23,-1
2025-09-03,2025-09-03 12:24:00,661.09,661.09,661.06,661.06,-0.0,30.43,20122.23,-1
2025-09-03,2025-09-03 12:25:00,661.06,661.06,661.04,661.04,-0.0,30.43,20122.23,-1
2025-09-03,2025-09-03 12:26:00,661.04,661.04,661.02,661.02,-0.0,30.43,20122.23,-1
2025-09-03,2025-09-03 12:27:00,661.02,661.02,660.99,660.99,-0.0,30.43,20122.23,-1
2025-09-03,2025-09-03 12:28:00,660.99,660.99,660.97,660.97,-0.0,30.43,20122.23,-1
2025-09-03,2025-09-03 12:29:00,660.97,660.97,660.95,660.95,-0.0,30.43,20122.23,-1
2025-09-03,2025-09-03 12:30:00,660.95,660.95,660.93,660.93,-0.0,30.43,20122.23,-1
2025-09-03,2025-09-03 12:31:00,660.93,660.93,660.9,660.9,-0.0,30.43,20122.23,-1
2025-09-03,2025-09-03 12:32:00,660.9,660.9,660.88,660.88,-0.0,30.43,20122.23,-1
2025-09-03,2025-09-03 12:33:00,660.88,660.88,660.86,660.86,-0.0,30.43,20122.23,-1
2025-09-03,2025-09-03 12:34:00,660.86,660.86,660.83,660.83,-0.0,30.43,20122.23,-1
2025-09-03,2025-09-03 12:35:00,660.83,660.83,660.81,660.81,-0.0,30.43,20122.23,-1
2025-09-03,2025-09-03 12:36:00,660.81,660.81,660.79,660.79,-0.0,30.43,20122.23,-1
2025-09-03,2025-09-03 12:37:00,660.79,660.79,660.77,660.77,-0.0,30.43,20122.23,-1
2025-09-03,2025-09-03 12:38:00,660.77,660.77,660.74,660.74,-0.0,30.43,20122.23,-1
2025-09-03,2025-09-03 12:39:00,660.74,660.74,660.72,660.72,-0.0,30.43,20122.23,-1
2025-09-03,2025-09-03 12:40:00,660.72,660.72,660.7,660.7,-0.0,30.43,20122.23,-1
2025-09-03,2025-09-03 12:41:00,660.7,660.7,660.68,660.68,-0.0,30.43,20122.23,-1
2025-09-03,2025-09-03 12:42:00,660.68,660.68,660.65,660.65,-0.0,30.43,20122.23,-1
2025-09-03,2025-09-03 12:43:00,660.65,660.65,660.63,660.63,-0.0,30.43,20122.23,-1
2025-09-03,2025-09-03 12:44:00,660.63,660.63,660.61,660.61,-0.0,30.43,20122.23,-1
2025-09-03,2025-09-03 12:45:00,660.61,660.61,660.58,660.58,-0.0,30.43,20122.23,-1
2025-09-03,2025-09-03 12:46:00,660.58,660.58,660.56,660.56,-0.0,30.43,20122.23,-1
2025-09-03,2025-09-03 12:47:00,660.56,660.56,660.54,660.54,-0.0,30.43,20122.23,-1
2025-09-03,2025-09-03 12:48:00,660.54,660.54,660.52,660.52,-0.0,30.43,20122.23,-1
2025-09-03,2025-09-03 12:49:00,660.52,660.52,660.49,660.49,-0.0,30.43,20122.23,-1
2025-09-03,2025-09-03 12:50:00,660.49,660.49,660.47,660.47,-0.0,30.43,20122.23,-1
2025-09-03,2025-09-03 12:51:00,660.47,660.47,660.45,660.45,-0.0,30.43,20122.23,-1
2025-09-03,2025-09-03 12:52:00,660.45,660.45,660.42,660.42,-0.0,30.43,20122.23,-1
2025-09-03,2025-09-03 12:53:00,660.42,660.42,660.4,660.4,-0.0,30.43,20122.23,-1
2025-09-03,2025-09-03 12:54:00,660.4,660.4,660.38,660.38,-0.0,30.43,20122.23,-1
2025-09-03,2025-09-03 12:55:00,660.38,660.38,660.36,660.36,-0.0,30.43,20122.23,-1
2025-09-03,2025-09-03 12:56:00,660.36,660.36,660.33,660.33,-0.0,30.43,20122.23,-1
2025-09-03,2025-09-03 12:57:00,660.33,660.33,660.31,660.31,-0.0,30.43,20122.23,-1
2025-09-03,2025-09-03 12:58:00,660.31,660.31,660.29,660.29,-0.0,30.43,20122.23,-1
2025-09-03,2025-09-03 12:59:00,660.29,660.29,660.26,660.26,-0.0,30.43,20122.23,-1
2025-09-03,2025-09-03 13:00:00,660.26,675.0,653.7,660.24,-0.0,30.43,20122.23,-1
2025-09-03,2025-09-03 13:01:00,660.24,660.24,660.22,660.22,-0.0,30.43,20122.23,-1
2025-09-03,2025-09-03 13:02:00,660.22,660.22,660.2,660.2,-0.0,30.43,20122.23,-1
2025-09-03,2025-09-03 13:03:00,660.2,660.2,660.17,660.17,-0.0,30.43,20122.23,-1
2025-09-03,2025-09-03 13:04:00,660.17,660.17,660.15,660.15,-0.0,30.43,20122.23,-1
2025-09-03,2025-09-03 13:05:00,660.15,660.15,660.13,660.13,-0.0,30.43,20122.23,-1
2025-09-03,2025-09-03 13:06:00,660.13,660.13,660.11,660.11,-0.0,30.43,20122.23,-1
2025-09-03,2025-09-03 13:07:00,660.11,660.11,660.08,660.08,-0.0,30.43,20122.23,-1
2025-09-03,2025-09-03 13:08:00,660.08,660.08,660.06,660.06,-0.0,30.43,20122.23,-1
2025-09-03,2025-09-03 13:09:00,660.06,660.06,660.04,660.04,-0.0,30.43,20122.23,-1
2025-09-03,2025-09-03 13:10:00,660.04,660.04,660.01,660.01,-0.0,30.43,20122.23,-1
2025-09-03,2025-09-03 13:11:00,660.01,660.01,659.99,659.99,-0.0,30.43,20122.23,-1
2025-09-03,2025-09-03 13:12:00,659.99,659.99,659.97,659.97,-0.0,30.43,20122.23,-1
2025-09-03,2025-09-03 13:13:00,659.97,659.97,659.95,659.95,-0.0,30.43,20122.23,-1
2025-09-03,2025-09-03 13:14:00,659.95,659.95,659.92,659.92,-0.0,30.43,20122.23,-1
2025-09-03,2025-09-03 13:15:00,659.92,659.92,659.9,659.9,-0.0,30.43,20122.23,-1
2025-09-03,2025-09-03 13:16:00,659.9,659.9,659.88,659.88,-0.0,30.43,20122.23,-1
2025-09-03,2025-09-03 13:17:00,659.88,659.88,659.85,659.85,-0.0,30.43,20122.23,-1
2025-09-03,2025-09-03 13:18:00,659.85,659.85,659.83,659.83,-0.0,30.43,20122.23,-1
2025-09-03,2025-09-03 13:19:00,659.83,659.83,659.81,659.81,-0.0,30.43,20122.23,-1
2025-09-03,2025-09-03 13:20:00,659.81,659.81,659.79,659.79,-0.0,30.43,20122.23,-1
2025-09-03,2025-09-03 13:21:00,659.79,659.79,659.76,659.76,-0.0,30.43,20122.23,-1
2025-09-03,2025-09-03 13:22:00,659.76,659.76,659.74,659.74,-0.0,30.43,20122.23,-1
2025-09-03,2025-09-03 13:23:00,659.74,659.74,659.72,659.72,-0.0,30.43,20122.23,-1
2025-09-03,2025-09-03 13:24:00,659.72,659.72,659.7,659.7,-0.0,30.43,20122.23,-1
2025-09-03,2025-09-03 13:25:00,659.7,659.7,659.67,659.67,-0.0,30.43,20122.23,-1
2025-09-03,2025-09-03 13:26:00,659.67,659.67,659.65,659.65,-0.0,30.43,20122.23,-1
2025-09-03,2025-09-03 13:27:00,659.65,659.65,659.63,659.63,-0.0,30.43,20122.23,-1
2025-09-03,2025-09-03 13:28:00,659.63,659.63,659.6,659.6,-0.0,30.43,20122.23,-1
2025-09-03,2025-09-03 13:29:00,659.6,659.6,659.58,659.58,-0.0,30.43,20122.23,-1
2025-09-03,2025-09-03 13:30:00,659.58,659.58,659.56,659.56,-0.0,30.43,20122.23,-1
2025-09-03,2025-09-03 13:31:00,659.56,659.56,659.54,659.54,-0.0,30.43,20122.23,-1
2025-09-03,2025-09-03 13:32:00,659.54,659.54,659.51,659.51,-0.0,30.43,20122.23,-1
2025-09-03,2025-09-03 13:33:00,659.51,659.51,659.49,659.49,-0.0,30.43,20122.23,-1
2025-09-03,2025-09-03 13:34:00,659.49,659.49,659.47,659.47,-0.0,30.43,20122.23,-1
2025-09-03,2025-09-03 13:35:00,659.47,659.47,659.44,659.44,-0.0,30.43,20122.23,-1
2025-09-03,2025-09-03 13:36:00,659.44,659.44,659.42,659.42,-0.0,30.43,20122.23,-1
2025-09-03,2025-09-03 13:37:00,659.42,659.42,659.4,659.4,-0.0,30.43,20122.23,-1
2025-09-03,2025-09-03 13:38:00,659.4,659.4,659.38,659.38,-0.0,30.43,20122.23,-1
2025-09-03,2025-09-03 13:39:00,659.38,659.38,659.35,659.35,-0.0,30.43,20122.23,-1
2025-09-03,2025-09-03 13:40:00,659.35,659.35,659.33,659.33,-0.0,30.43,20122.23,-1
2025-09-03,2025-09-03 13:41:00,659.33,659.33,659.31,659.31,-0.0,30.43,20122.23,-1
2025-09-03,2025-09-03 13:42:00,659.31,659.31,659.28,659.28,-0.0,30.43,20122.23,-1
2025-09-03,2025-09-03 13:43:00,659.28,659.28,659.26,659.26,-0.0,30.43,20122.23,-1
2025-09-03,2025-09-03 13:44:00,659.26,659.26,659.24,659.24,-0.0,30.43,20122.23,-1
2025-09-03,2025-09-03 13:45:00,659.24,659.24,659.22,659.22,-0.0,30.43,20122.23,-1
2025-09-03,2025-09-03 13:46:00,659.22,659.22,659.19,659.19,-0.0,30.43,20122.23,-1
2025-09-03,2025-09-03 13:47:00,659.19,659.19,659.17,659.17,-0.0,30.43,20122.23,-1
2025-09-03,2025-09-03 13:48:00,659.17,659.17,659.15,659.15,-0.0,30.43,20122.23,-1
2025-09-03,2025-09-03 13:49:00,659.15,659.15,659.13,659.13,-0.0,30.43,20122.23,-1
2025-09-03,2025-09-03 13:50:00,659.13,659.13,659.1,659.1,-0.0,30.43,20122.23,-1
2025-09-03,2025-09-03 13:51:00,659.1,659.1,659.08,659.08,-0.0,30.43,20122.23,-1
2025-09-03,2025-09-03 13:52:00,659.08,659.08,659.06,659.06,-0.0,30.43,20122.23,-1
2025-09-03,2025-09-03 13:53:00,659.06,659.06,659.03,659.03,-0.0,30.43,20122.23,-1
2025-09-03,2025-09-03 13:54:00,659.03,659.03,659.01,659.01,-0.0,30.43,20122.23,-1
2025-09-03,2025-09-03 13:55:00,659.01,659.01,658.99,658.99,-0.0,30.43,20122.23,-1
2025-09-03,2025-09-03 13:56:00,658.99,658.99,658.97,658.97,-0.0,30.43,20122.23,-1
2025-09-03,2025-09-03 13:57:00,658.97,658.97,658.94,658.94,-0.0,30.43,20122.23,-1
2025-09-03,2025-09-03 13:58:00,658.94,658.94,658.92,658.92,-0.0,30.43,20122.23,-1
2025-09-03,2025-09-03 13:59:00,658.92,658.92,658.9,658.9,-0.0,30.43,20122.23,-1
2025-09-03,2025-09-03 14:00:00,658.9,658.9,658.87,658.87,-0.0,30.43,20122.23,-1
2025-09-03,2025-09-03 14:01:00,658.87,658.87,658.85,658.85,-0.0,30.43,20122.23,-1
2025-09-03,2025-09-03 14:02:00,658.85,658.85,658.83,658.83,-0.0,30.43,20122.23,-1
2025-09-03,2025-09-03 14:03:00,658.83,658.83,658.81,658.81,-0.0,30.43,20122.23,-1
2025-09-03,2025-09-03 14:04:00,658.81,658.81,658.78,658.78,-0.0,30.43,20122.23,-1
2025-09-03,2025-09-03 14:05:00,658.78,658.78,658.76,658.76,-0.0,30.43,20122.23,-1
2025-09-03,2025-09-03 14:06:00,658.76,658.76,658.74,658.74,-0.0,30.43,20122.23,-1
2025-09-03,2025-09-03 14:07:00,658.74,658.74,658.72,658.72,-0.0,30.43,20122.23,-1
2025-09-03,2025-09-03 14:08:00,658.72,658.72,658.69,658.69,-0.0,30.43,20122.23,-1
2025-09-03,2025-09-03 14:09:00,658.69,658.69,658.67,658.67,-0.0,30.43,20122.23,-1
2025-09-03,2025-09-03 14:10:00,658.67,658.67,658.65,658.65,-0.0,30.43,20122.23,-1
2025-09-03,2025-09-03 14:11:00,658.65,658.65,658.62,658.62,-0.0,30.43,20122.23,-1
2025-09-03,2025-09-03 14:12:00,658.62,658.62,658.6,658.6,-0.0,30.43,20122.23,-1
2025-09-03,2025-09-03 14:13:00,658.6,658.6,658.58,658.58,-0.0,30.43,20122.23,-1
2025-09-03,2025-09-03 14:14:00,658.58,658.58,658.56,658.56,-0.0,30.43,20122.23,-1
2025-09-03,2025-09-03 14:15:00,658.56,658.56,658.53,658.53,-0.0,30.43,20122.23,-1
2025-09-03,2025-09-03 14:16:00,658.53,658.53,658.51,658.51,-0.0,30.43,20122.23,-1
2025-09-03,2025-09-03 14:17:00,658.51,658.51,658.49,658.49,-0.0,30.43,20122.23,-1
2025-09-03,2025-09-03 14:18:00,658.49,658.49,658.46,658.46,-0.0,30.43,20122.23,-1
2025-09-03,2025-09-03 14:19:00,658.46,658.46,658.44,658.44,-0.0,30.43,20122.23,-1
2025-09-03,2025-09-03 14:20:00,658.44,658.44,658.42,658.42,-0.0,30.43,20122.23,-1
2025-09-03,2025-09-03 14:21:00,658.42,658.42,658.4,658.4,-0.0,30.43,20122.23,-1
2025-09-03,2025-09-03 14:22:00,658.4,658.4,658.37,658.37,-0.0,30.43,20122.23,-1
2025-09-03,2025-09-03 14:23:00,658.37,658.37,658.35,658.35,-0.0,30.43,20122.23,-1
2025-09-03,2025-09-03 14:24:00,658.35,658.35,658.33,658.33,-0.0,30.43,20122.23,-1
2025-09-03,2025-09-03 14:25:00,658.33,658.33,658.3,658.3,-0.0,30.43,20122.23,-1
2025-09-03,2025-09-03 14:26:00,658.3,658.3,658.28,658.28,-0.0,30.43,20122.23,-1
2025-09-03,2025-09-03 14:27:00,658.28,658.28,658.26,658.26,-0.0,30.43,20122.23,-1
2025-09-03,2025-09-03 14:28:00,658.26,658.26,658.24,658.24,-0.0,30.43,20122.23,-1
2025-09-03,2025-09-03 14:29:00,658.24,658.24,658.21,658.21,-0.0,30.43,20122.23,-1
2025-09-03,2025-09-03 14:30:00,658.21,658.21,658.19,658.19,-0.0,30.43,20122.23,-1
2025-09-03,2025-09-03 14:31:00,658.19,658.19,658.17,658.17,-0.0,30.43,20122.23,-1
2025-09-03,2025-09-03 14:32:00,658.17,658.17,658.15,658.15,-0.0,30.43,20122.23,-1
2025-09-03,2025-09-03 14:33:00,658.15,658.15,658.12,658.12,-0.0,30.43,20122.23,-1
2025-09-03,2025-09-03 14:34:00,658.12,658.12,658.1,658.1,-0.0,30.43,20122.23,-1
2025-09-03,2025-09-03 14:35:00,658.1,658.1,658.08,658.08,-0.0,30.43,20122.23,-1
2025-09-03,2025-09-03 14:36:00,658.08,658.08,658.05,658.05,-0.0,30.43,20122.23,-1
2025-09-03,2025-09-03 14:37:00,658.05,658.05,658.03,658.03,-0.0,30.43,20122.23,-1
2025-09-03,2025-09-03 14:38:00,658.03,658.03,658.01,658.01,-0.0,30.43,20122.23,-1
2025-09-03,2025-09-03 14:39:00,658.01,658.01,657.99,657.99,-0.0,30.43,20122.23,-1
2025-09-03,2025-09-03 14:40:00,657.99,657.99,657.96,657.96,-0.0,30.43,20122.23,-1
2025-09-03,2025-09-03 14:41:00,657.96,657.96,657.94,657.94,-0.0,30.43,20122.23,-1
2025-09-03,2025-09-03 14:42:00,657.94,657.94,657.92,657.92,-0.0,30.43,20122.23,-1
2025-09-03,2025-09-03 14:43:00,657.92,657.92,657.89,657.89,-0.0,30.43,20122.23,-1
2025-09-03,2025-09-03 14:44:00,657.89,657.89,657.87,657.87,-0.0,30.43,20122.23,-1
2025-09-03,2025-09-03 14:45:00,657.87,657.87,657.85,657.85,-0.0,30.43,20122.23,-1
2025-09-03,2025-09-03 14:46:00,657.85,657.85,657.83,657.83,-0.0,30.43,20122.23,-1
2025-09-03,2025-09-03 14:47:00,657.83,657.83,657.8,657.8,-0.0,30.43,20122.23,-1
2025-09-03,2025-09-03 14:48:00,657.8,657.8,657.78,657.78,-0.0,30.43,20122.23,-1
2025-09-03,2025-09-03 14:49:00,657.78,657.78,657.76,657.76,-0.0,30.43,20122.23,-1
2025-09-03,2025-09-03 14:50:00,657.76,657.76,657.74,657.74,-0.0,30.43,20122.23,-1
2025-09-03,2025-09-03 14:51:00,657.74,657.74,657.71,657.71,-0.0,30.43,20122.23,-1
2025-09-03,2025-09-03 14:52:00,657.71,657.71,657.69,657.69,-0.0,30.43,20122.23,-1
2025-09-03,2025-09-03 14:53:00,657.69,657.69,657.67,657.67,-0.0,30.43,20122.23,-1
2025-09-03,2025-09-03 14:54:00,657.67,657.67,657.64,657.64,-0.0,30.43,20122.23,-1
2025-09-03,2025-09-03 14:55:00,657.64,657.64,657.62,657.62,-0.0,30.43,20122.23,-1
2025-09-03,2025-09-03 14:56:00,657.62,657.62,657.6,657.6,-0.0,30.43,20122.23,-1
2025-09-03,2025-09-03 14:57:00,657.6,657.6,657.58,657.58,-0.0,30.43,20122.23,-1
2025-09-03,2025-09-03 14:58:00,657.58,657.58,657.55,657.55,-0.0,30.43,20122.23,-1
2025-09-03,2025-09-03 14:59:00,657.55,657.55,657.53,657.53,-0.0,30.43,20122.23,-1
2025-09-03,2025-09-03 15:00:00,657.53,675.0,653.7,657.53,0.0,30.43,20122.23,0
2025-09-04,2025-09-04 11:00:00,646.0,653.17,645.67,646.01,0.0,29.49,19140.22,1
2025-09-04,2025-09-04 11:01:00,646.01,646.01,646.01,646.01,0.0,29.49,19140.22,0
2025-09-04,2025-09-04 11:02:00,646.01,646.02,646.01,646.02,0.0,29.49,19140.22,1
2025-09-04,2025-09-04 11:03:00,646.02,646.03,646.02,646.03,0.0,29.49,19140.22,1
2025-09-04,2025-09-04 11:04:00,646.03,646.03,646.03,646.03,0.0,29.49,19140.22,0
2025-09-04,2025-09-04 11:05:00,646.03,646.04,646.03,646.04,0.0,29.49,19140.22,1
2025-09-04,2025-09-04 11:06:00,646.04,646.05,646.04,646.05,0.0,29.49,19140.22,1
2025-09-04,2025-09-04 11:07:00,646.05,646.05,646.05,646.05,0.0,29.49,19140.22,0
2025-09-04,2025-09-04 11:08:00,646.05,646.06,646.05,646.06,0.0,29.49,19140.22,1
2025-09-04,2025-09-04 11:09:00,646.06,646.07,646.06,646.07,0.0,29.49,19140.22,1
2025-09-04,2025-09-04 11:10:00,646.07,646.07,646.07,646.07,0.0,29.49,19140.22,0
2025-09-04,2025-09-04 11:11:00,646.07,646.08,646.07,646.08,0.0,29.49,19140.22,1
2025-09-04,2025-09-04 11:12:00,646.08,646.09,646.08,646.09,0.0,29.49,19140.22,1
2025-09-04,2025-09-04 11:13:00,646.09,646.09,646.09,646.09,0.0,29.49,19140.22,0
2025-09-04,2025-09-04 11:14:00,646.09,646.1,646.09,646.1,0.0,29.49,19140.22,1
2025-09-04,2025-09-04 11:15:00,646.1,646.11,646.1,646.11,0.0,29.49,19140.22,1
2025-09-04,2025-09-04 11:16:00,646.11,646.11,646.11,646.11,0.0,29.49,19140.22,0
2025-09-04,2025-09-04 11:17:00,646.11,646.12,646.11,646.12,0.0,29.49,19140.22,1
2025-09-04,2025-09-04 11:18:00,646.12,646.13,646.12,646.13,0.0,29.49,19140.22,1
2025-09-04,2025-09-04 11:19:00,646.13,646.13,646.13,646.13,0.0,29.49,19140.22,0
2025-09-04,2025-09-04 11:20:00,646.13,646.14,646.13,646.14,0.0,29.49,19140.22,1
2025-09-04,2025-09-04 11:21:00,646.14,646.14,646.14,646.14,0.0,29.49,19140.22,0
2025-09-04,2025-09-04 11:22:00,646.14,646.15,646.14,646.15,0.0,29.49,19140.22,1
2025-09-04,2025-09-04 11:23:00,646.15,646.16,646.15,646.16,0.0,29.49,19140.22,1
2025-09-04,2025-09-04 11:24:00,646.16,646.16,646.16,646.16,0.0,29.49,19140.22,0
2025-09-04,2025-09-04 11:25:00,646.16,646.17,646.16,646.17,0.0,29.49,19140.22,1
2025-09-04,2025-09-04 11:26:00,646.17,646.18,646.17,646.18,0.0,29.49,19140.22,1
2025-09-04,2025-09-04 11:27:00,646.18,646.18,646.18,646.18,0.0,29.49,19140.22,0
2025-09-04,2025-09-04 11:28:00,646.18,646.19,646.18,646.19,0.0,29.49,19140.22,1
2025-09-04,2025-09-04 11:29:00,646.19,646.2,646.19,646.2,0.0,29.49,19140.22,1
2025-09-04,2025-09-04 11:30:00,646.2,646.2,646.2,646.2,0.0,29.49,19140.22,0
2025-09-04,2025-09-04 11:31:00,646.2,646.21,646.2,646.21,0.0,29.49,19140.22,1
2025-09-04,2025-09-04 11:32:00,646.21,646.22,646.21,646.22,0.0,29.49,19140.22,1
2025-09-04,2025-09-04 11:33:00,646.22,646.22,646.22,646.22,0.0,29.49,19140.22,0
2025-09-04,2025-09-04 11:34:00,646.22,646.23,646.22,646.23,0.0,29.49,19140.22,1
2025-09-04,2025-09-04 11:35:00,646.23,646.24,646.23,646.24,0.0,29.49,19140.22,1
2025-09-04,2025-09-04 11:36:00,646.24,646.24,646.24,646.24,0.0,29.49,19140.22,0
2025-09-04,2025-09-04 11:37:00,646.24,646.25,646.24,646.25,0.0,29.49,19140.22,1
2025-09-04,2025-09-04 11:38:00,646.25,646.26,646.25,646.26,0.0,29.49,19140.22,1
2025-09-04,2025-09-04 11:39:00,646.26,646.26,646.26,646.26,0.0,29.49,19140.22,0
2025-09-04,2025-09-04 11:40:00,646.26,646.27,646.26,646.27,0.0,29.49,19140.22,1
2025-09-04,2025-09-04 11:41:00,646.27,646.28,646.27,646.28,0.0,29.49,19140.22,1
2025-09-04,2025-09-04 11:42:00,646.28,646.28,646.28,646.28,0.0,29.49,19140.22,0
2025-09-04,2025-09-04 11:43:00,646.28,646.29,646.28,646.29,0.0,29.49,19140.22,1
2025-09-04,2025-09-04 11:44:00,646.29,646.3,646.29,646.3,0.0,29.49,19140.22,1
2025-09-04,2025-09-04 11:45:00,646.3,646.3,646.3,646.3,0.0,29.49,19140.22,0
2025-09-04,2025-09-04 11:46:00,646.3,646.31,646.3,646.31,0.0,29.49,19140.22,1
2025-09-04,2025-09-04 11:47:00,646.31,646.32,646.31,646.32,0.0,29.49,19140.22,1
2025-09-04,2025-09-04 11:48:00,646.32,646.32,646.32,646.32,0.0,29.49,19140.22,0
2025-09-04,2025-09-04 11:49:00,646.32,646.33,646.32,646.33,0.0,29.49,19140.22,1
2025-09-04,2025-09-04 11:50:00,646.33,646.34,646.33,646.34,0.0,29.49,19140.22,1
2025-09-04,2025-09-04 11:51:00,646.34,646.34,646.34,646.34,0.0,29.49,19140.22,0
2025-09-04,2025-09-04 11:52:00,646.34,646.35,646.34,646.35,0.0,29.49,19140.22,1
2025-09-04,2025-09-04 11:53:00,646.35,646.36,646.35,646.36,0.0,29.49,19140.22,1
2025-09-04,2025-09-04 11:54:00,646.36,646.36,646.36,646.36,0.0,29.49,19140.22,0
2025-09-04,2025-09-04 11:55:00,646.36,646.37,646.36,646.37,0.0,29.49,19140.22,1
2025-09-04,2025-09-04 11:56:00,646.37,646.38,646.37,646.38,0.0,29.49,19140.22,1
2025-09-04,2025-09-04 11:57:00,646.38,646.38,646.38,646.38,0.0,29.49,19140.22,0
2025-09-04,2025-09-04 11:58:00,646.38,646.39,646.38,646.39,0.0,29.49,19140.22,1
2025-09-04,2025-09-04 11:59:00,646.39,646.39,646.39,646.39,0.0,29.49,19140.22,0
2025-09-04,2025-09-04 12:00:00,646.39,646.4,646.39,646.4,0.0,29.49,19140.22,1
2025-09-04,2025-09-04 12:01:00,646.4,646.41,646.4,646.41,0.0,29.49,19140.22,1
2025-09-04,2025-09-04 12:02:00,646.41,646.41,646.41,646.41,0.0,29.49,19140.22,0
2025-09-04,2025-09-04 12:03:00,646.41,646.42,646.41,646.42,0.0,29.49,19140.22,1
2025-09-04,2025-09-04 12:04:00,646.42,646.43,646.42,646.43,0.0,29.49,19140.22,1
2025-09-04,2025-09-04 12:05:00,646.43,646.43,646.43,646.43,0.0,29.49,19140.22,0
2025-09-04,2025-09-04 12:06:00,646.43,646.44,646.43,646.44,0.0,29.49,19140.22,1
2025-09-04,2025-09-04 12:07:00,646.44,646.45,646.44,646.45,0.0,29.49,19140.22,1
2025-09-04,2025-09-04 12:08:00,646.45,646.45,646.45,646.45,0.0,29.49,19140.22,0
2025-09-04,2025-09-04 12:09:00,646.45,646.46,646.45,646.46,0.0,29.49,19140.22,1
2025-09-04,2025-09-04 12:10:00,646.46,646.47,646.46,646.47,0.0,29.49,19140.22,1
2025-09-04,2025-09-04 12:11:00,646.47,646.47,646.47,646.47,0.0,29.49,19140.22,0
2025-09-04,2025-09-04 12:12:00,646.47,646.48,646.47,646.48,0.0,29.49,19140.22,1
2025-09-04,2025-09-04 12:13:00,646.48,646.49,646.48,646.49,0.0,29.49,19140.22,1
2025-09-04,2025-09-04 12:14:00,646.49,646.49,646.49,646.49,0.0,29.49,19140.22,0
2025-09-04,2025-09-04 12:15:00,646.49,646.5,646.49,646.5,0.0,29.49,19140.22,1
2025-09-04,2025-09-04 12:16:00,646.5,646.51,646.5,646.51,0.0,29.49,19140.22,1
2025-09-04,2025-09-04 12:17:00,646.51,646.51,646.51,646.51,0.0,29.49,19140.22,0
2025-09-04,2025-09-04 12:18:00,646.51,646.52,646.51,646.52,0.0,29.49,19140.22,1
2025-09-04,2025-09-04 12:19:00,646.52,646.53,646.52,646.53,0.0,29.49,19140.22,1
2025-09-04,2025-09-04 12:20:00,646.53,646.53,646.53,646.53,0.0,29.49,19140.22,0
2025-09-04,2025-09-04 12:21:00,646.53,646.54,646.53,646.54,0.0,29.49,19140.22,1
2025-09-04,2025-09-04 12:22:00,646.54,646.55,646.54,646.55,0.0,29.49,19140.22,1
2025-09-04,2025-09-04 12:23:00,646.55,646.55,646.55,646.55,0.0,29.49,19140.22,0
2025-09-04,2025-09-04 12:24:00,646.55,646.56,646.55,646.56,0.0,29.49,19140.22,1
2025-09-04,2025-09-04 12:25:00,646.56,646.57,646.56,646.57,0.0,29.49,19140.22,1
2025-09-04,2025-09-04 12:26:00,646.57,646.57,646.57,646.57,0.0,29.49,19140.22,0
2025-09-04,2025-09-04 12:27:00,646.57,646.58,646.57,646.58,0.0,29.49,19140.22,1
2025-09-04,2025-09-04 12:28:00,646.58,646.59,646.58,646.59,0.0,29.49,19140.22,1
2025-09-04,2025-09-04 12:29:00,646.59,646.59,646.59,646.59,0.0,29.49,19140.22,0
2025-09-04,2025-09-04 12:30:00,646.59,646.6,646.59,646.6,0.0,29.49,19140.22,1
2025-09-04,2025-09-04 12:31:00,646.6,646.61,646.6,646.61,0.0,29.49,19140.22,1
2025-09-04,2025-09-04 12:32:00,646.61,646.61,646.61,646.61,0.0,29.49,19140.22,0
2025-09-04,2025-09-04 12:33:00,646.61,646.62,646.61,646.62,0.0,29.49,19140.22,1
2025-09-04,2025-09-04 12:34:00,646.62,646.63,646.62,646.63,0.0,29.49,19140.22,1
2025-09-04,2025-09-04 12:35:00,646.63,646.63,646.63,646.63,0.0,29.49,19140.22,0
2025-09-04,2025-09-04 12:36:00,646.63,646.64,646.63,646.64,0.0,29.49,19140.22,1
2025-09-04,2025-09-04 12:37:00,646.64,646.65,646.64,646.65,0.0,29.49,19140.22,1
2025-09-04,2025-09-04 12:38:00,646.65,646.65,646.65,646.65,0.0,29.49,19140.22,0
2025-09-04,2025-09-04 12:39:00,646.65,646.66,646.65,646.66,0.0,29.49,19140.22,1
2025-09-04,2025-09-04 12:40:00,646.66,646.66,646.66,646.66,0.0,29.49,19140.22,0
2025-09-04,2025-09-04 12:41:00,646.66,646.67,646.66,646.67,0.0,29.49,19140.22,1
2025-09-04,2025-09-04 12:42:00,646.67,646.68,646.67,646.68,0.0,29.49,19140.22,1
2025-09-04,2025-09-04 12:43:00,646.68,646.68,646.68,646.68,0.0,29.49,19140.22,0
2025-09-04,2025-09-04 12:44:00,646.68,646.69,646.68,646.69,0.0,29.49,19140.22,1
2025-09-04,2025-09-04 12:45:00,646.69,646.7,646.69,646.7,0.0,29.49,19140.22,1
2025-09-04,2025-09-04 12:46:00,646.7,646.7,646.7,646.7,0.0,29.49,19140.22,0
2025-09-04,2025-09-04 12:47:00,646.7,646.71,646.7,646.71,0.0,29.49,19140.22,1
2025-09-04,2025-09-04 12:48:00,646.71,646.72,646.71,646.72,0.0,29.49,19140.22,1
2025-09-04,2025-09-04 12:49:00,646.72,646.72,646.72,646.72,0.0,29.49,19140.22,0
2025-09-04,2025-09-04 12:50:00,646.72,646.73,646.72,646.73,0.0,29.49,19140.22,1
2025-09-04,2025-09-04 12:51:00,646.73,646.74,646.73,646.74,0.0,29.49,19140.22,1
2025-09-04,2025-09-04 12:52:00,646.74,646.74,646.74,646.74,0.0,29.49,19140.22,0
2025-09-04,2025-09-04 12:53:00,646.74,646.75,646.74,646.75,0.0,29.49,19140.22,1
2025-09-04,2025-09-04 12:54:00,646.75,646.76,646.75,646.76,0.0,29.49,19140.22,1
2025-09-04,2025-09-04 12:55:00,646.76,646.76,646.76,646.76,0.0,29.49,19140.22,0
2025-09-04,2025-09-04 12:56:00,646.76,646.77,646.76,646.77,0.0,29.49,19140.22,1
2025-09-04,2025-09-04 12:57:00,646.77,646.78,646.77,646.78,0.0,29.49,19140.22,1
2025-09-04,2025-09-04 12:58:00,646.78,646.78,646.78,646.78,0.0,29.49,19140.22,0
2025-09-04,2025-09-04 12:59:00,646.78,646.79,646.78,646.79,0.0,29.49,19140.22,1
2025-09-04,2025-09-04 13:00:00,646.79,669.9,644.9,646.8,0.0,29.49,19140.22,1
2025-09-04,2025-09-04 13:01:00,646.8,646.8,646.8,646.8,0.0,29.49,19140.22,0
2025-09-04,2025-09-04 13:02:00,646.8,646.81,646.8,646.81,0.0,29.49,19140.22,1
2025-09-04,2025-09-04 13:03:00,646.81,646.82,646.81,646.82,0.0,29.49,19140.22,1
2025-09-04,2025-09-04 13:04:00,646.82,646.82,646.82,646.82,0.0,29.49,19140.22,0
2025-09-04,2025-09-04 13:05:00,646.82,646.83,646.82,646.83,0.0,29.49,19140.22,1
2025-09-04,2025-09-04 13:06:00,646.83,646.84,646.83,646.84,0.0,29.49,19140.22,1
2025-09-04,2025-09-04 13:07:00,646.84,646.84,646.84,646.84,0.0,29.49,19140.22,0
2025-09-04,2025-09-04 13:08:00,646.84,646.85,646.84,646.85,0.0,29.49,19140.22,1
2025-09-04,2025-09-04 13:09:00,646.85,646.86,646.85,646.86,0.0,29.49,19140.22,1
2025-09-04,2025-09-04 13:10:00,646.86,646.86,646.86,646.86,0.0,29.49,19140.22,0
2025-09-04,2025-09-04 13:11:00,646.86,646.87,646.86,646.87,0.0,29.49,19140.22,1
2025-09-04,2025-09-04 13:12:00,646.87,646.88,646.87,646.88,0.0,29.49,19140.22,1
2025-09-04,2025-09-04 13:13:00,646.88,646.88,646.88,646.88,0.0,29.49,19140.22,0
2025-09-04,2025-09-04 13:14:00,646.88,646.89,646.88,646.89,0.0,29.49,19140.22,1
2025-09-04,2025-09-04 13:15:00,646.89,646.9,646.89,646.9,0.0,29.49,19140.22,1
2025-09-04,2025-09-04 13:16:00,646.9,646.9,646.9,646.9,0.0,29.49,19140.22,0
2025-09-04,2025-09-04 13:17:00,646.9,646.91,646.9,646.91,0.0,29.49,19140.22,1
2025-09-04,2025-09-04 13:18:00,646.91,646.92,646.91,646.92,0.0,29.49,19140.22,1
2025-09-04,2025-09-04 13:19:00,646.92,646.92,646.92,646.92,0.0,29.49,19140.22,0
2025-09-04,2025-09-04 13:20:00,646.92,646.93,646.92,646.93,0.0,29.49,19140.22,1
2025-09-04,2025-09-04 13:21:00,646.93,646.93,646.93,646.93,0.0,29.49,19140.22,0
2025-09-04,2025-09-04 13:22:00,646.93,646.94,646.93,646.94,0.0,29.49,19140.22,1
2025-09-04,2025-09-04 13:23:00,646.94,646.95,646.94,646.95,0.0,29.49,19140.22,1
2025-09-04,2025-09-04 13:24:00,646.95,646.95,646.95,646.95,0.0,29.49,19140.22,0
2025-09-04,2025-09-04 13:25:00,646.95,646.96,646.95,646.96,0.0,29.49,19140.22,1
2025-09-04,2025-09-04 13:26:00,646.96,646.97,646.96,646.97,0.0,29.49,19140.22,1
2025-09-04,2025-09-04 13:27:00,646.97,646.97,646.97,646.97,0.0,29.49,19140.22,0
2025-09-04,2025-09-04 13:28:00,646.97,646.98,646.97,646.98,0.0,29.49,19140.22,1
2025-09-04,2025-09-04 13:29:00,646.98,646.99,646.98,646.99,0.0,29.49,19140.22,1
2025-09-04,2025-09-04 13:30:00,646.99,646.99,646.99,646.99,0.0,29.49,19140.22,0
2025-09-04,2025-09-04 13:31:00,646.99,647.0,646.99,647.0,0.0,29.49,19140.22,1
2025-09-04,2025-09-04 13:32:00,647.0,647.01,647.0,647.01,0.0,29.49,19140.22,1
2025-09-04,2025-09-04 13:33:00,647.01,647.01,647.01,647.01,0.0,29.49,19140.22,0
2025-09-04,2025-09-04 13:34:00,647.01,647.02,647.01,647.02,0.0,29.49,19140.22,1
2025-09-04,2025-09-04 13:35:00,647.02,647.03,647.02,647.03,0.0,29.49,19140.22,1
2025-09-04,2025-09-04 13:36:00,647.03,647.03,647.03,647.03,0.0,29.49,19140.22,0
2025-09-04,2025-09-04 13:37:00,647.03,647.04,647.03,647.04,0.0,29.49,19140.22,1
2025-09-04,2025-09-04 13:38:00,647.04,647.05,647.04,647.05,0.0,29.49,19140.22,1
2025-09-04,2025-09-04 13:39:00,647.05,647.05,647.05,647.05,0.0,29.49,19140.22,0
2025-09-04,2025-09-04 13:40:00,647.05,647.06,647.05,647.06,0.0,29.49,19140.22,1
2025-09-04,2025-09-04 13:41:00,647.06,647.07,647.06,647.07,0.0,29.49,19140.22,1
2025-09-04,2025-09-04 13:42:00,647.07,647.07,647.07,647.07,0.0,29.49,19140.22,0
2025-09-04,2025-09-04 13:43:00,647.07,647.08,647.07,647.08,0.0,29.49,19140.22,1
2025-09-04,2025-09-04 13:44:00,647.08,647.09,647.08,647.09,0.0,29.49,19140.22,1
2025-09-04,2025-09-04 13:45:00,647.09,647.09,647.09,647.09,0.0,29.49,19140.22,0
2025-09-04,2025-09-04 13:46:00,647.09,647.1,647.09,647.1,0.0,29.49,19140.22,1
2025-09-04,2025-09-04 13:47:00,647.1,647.11,647.1,647.11,0.0,29.49,19140.22,1
2025-09-04,2025-09-04 13:48:00,647.11,647.11,647.11,647.11,0.0,29.49,19140.22,0
2025-09-04,2025-09-04 13:49:00,647.11,647.12,647.11,647.12,0.0,29.49,19140.22,1
2025-09-04,2025-09-04 13:50:00,647.12,647.13,647.12,647.13,0.0,29.49,19140.22,1
2025-09-04,2025-09-04 13:51:00,647.13,647.13,647.13,647.13,0.0,29.49,19140.22,0
2025-09-04,2025-09-04 13:52:00,647.13,647.14,647.13,647.14,0.0,29.49,19140.22,1
2025-09-04,2025-09-04 13:53:00,647.14,647.15,647.14,647.15,0.0,29.49,19140.22,1
2025-09-04,2025-09-04 13:54:00,647.15,647.15,647.15,647.15,0.0,29.49,19140.22,0
2025-09-04,2025-09-04 13:55:00,647.15,647.16,647.15,647.16,0.0,29.49,19140.22,1
2025-09-04,2025-09-04 13:56:00,647.16,647.17,647.16,647.17,0.0,29.49,19140.22,1
2025-09-04,2025-09-04 13:57:00,647.17,647.17,647.17,647.17,0.0,29.49,19140.22,0
2025-09-04,2025-09-04 13:58:00,647.17,647.18,647.17,647.18,0.0,29.49,19140.22,1
2025-09-04,2025-09-04 13:59:00,647.18,647.19,647.18,647.19,0.0,29.49,19140.22,1
2025-09-04,2025-09-04 14:00:00,647.19,647.19,647.19,647.19,0.0,29.49,19140.22,0
2025-09-04,2025-09-04 14:01:00,647.19,647.2,647.19,647.2,0.0,29.49,19140.22,1
2025-09-04,2025-09-04 14:02:00,647.2,647.2,647.2,647.2,0.0,29.49,19140.22,0
2025-09-04,2025-09-04 14:03:00,647.2,647.21,647.2,647.21,0.0,29.49,19140.22,1
2025-09-04,2025-09-04 14:04:00,647.21,647.22,647.21,647.22,0.0,29.49,19140.22,1
2025-09-04,2025-09-04 14:05:00,647.22,647.22,647.22,647.22,0.0,29.49,19140.22,0
2025-09-04,2025-09-04 14:06:00,647.22,647.23,647.22,647.23,0.0,29.49,19140.22,1
2025-09-04,2025-09-04 14:07:00,647.23,647.24,647.23,647.24,0.0,29.49,19140.22,1
2025-09-04,2025-09-04 14:08:00,647.24,647.24,647.24,647.24,0.0,29.49,19140.22,0
2025-09-04,2025-09-04 14:09:00,647.24,647.25,647.24,647.25,0.0,29.49,19140.22,1
2025-09-04,2025-09-04 14:10:00,647.25,647.26,647.25,647.26,0.0,29.49,19140.22,1
2025-09-04,2025-09-04 14:11:00,647.26,647.26,647.26,647.26,0.0,29.49,19140.22,0
2025-09-04,2025-09-04 14:12:00,647.26,647.27,647.26,647.27,0.0,29.49,19140.22,1
2025-09-04,2025-09-04 14:13:00,647.27,647.28,647.27,647.28,0.0,29.49,19140.22,1
2025-09-04,2025-09-04 14:14:00,647.28,647.28,647.28,647.28,0.0,29.49,19140.22,0
2025-09-04,2025-09-04 14:15:00,647.28,647.29,647.28,647.29,0.0,29.49,19140.22,1
2025-09-04,2025-09-04 14:16:00,647.29,647.3,647.29,647.3,0.0,29.49,19140.22,1
2025-09-04,2025-09-04 14:17:00,647.3,647.3,647.3,647.3,0.0,29.49,19140.22,0
2025-09-04,2025-09-04 14:18:00,647.3,647.31,647.3,647.31,0.0,29.49,19140.22,1
2025-09-04,2025-09-04 14:19:00,647.31,647.32,647.31,647.32,0.0,29.49,19140.22,1
2025-09-04,2025-09-04 14:20:00,647.32,647.32,647.32,647.32,0.0,29.49,19140.22,0
2025-09-04,2025-09-04 14:21:00,647.32,647.33,647.32,647.33,0.0,29.49,19140.22,1
2025-09-04,2025-09-04 14:22:00,647.33,647.34,647.33,647.34,0.0,29.49,19140.22,1
2025-09-04,2025-09-04 14:23:00,647.34,647.34,647.34,647.34,0.0,29.49,19140.22,0
2025-09-04,2025-09-04 14:24:00,647.34,647.35,647.34,647.35,0.0,29.49,19140.22,1
2025-09-04,2025-09-04 14:25:00,647.35,647.36,647.35,647.36,0.0,29.49,19140.22,1
2025-09-04,2025-09-04 14:26:00,647.36,647.36,647.36,647.36,0.0,29.49,19140.22,0
2025-09-04,2025-09-04 14:27:00,647.36,647.37,647.36,647.37,0.0,29.49,19140.22,1
2025-09-04,2025-09-04 14:28:00,647.37,647.38,647.37,647.38,0.0,29.49,19140.22,1
2025-09-04,2025-09-04 14:29:00,647.38,647.38,647.38,647.38,0.0,29.49,19140.22,0
2025-09-04,2025-09-04 14:30:00,647.38,647.39,647.38,647.39,0.0,29.49,19140.22,1
2025-09-04,2025-09-04 14:31:00,647.39,647.4,647.39,647.4,0.0,29.49,19140.22,1
2025-09-04,2025-09-04 14:32:00,647.4,647.4,647.4,647.4,0.0,29.49,19140.22,0
2025-09-04,2025-09-04 14:33:00,647.4,647.41,647.4,647.41,0.0,29.49,19140.22,1
2025-09-04,2025-09-04 14:34:00,647.41,647.42,647.41,647.42,0.0,29.49,19140.22,1
2025-09-04,2025-09-04 14:35:00,647.42,647.42,647.42,647.42,0.0,29.49,19140.22,0
2025-09-04,2025-09-04 14:36:00,647.42,647.43,647.42,647.43,0.0,29.49,19140.22,1
2025-09-04,2025-09-04 14:37:00,647.43,647.44,647.43,647.44,0.0,29.49,19140.22,1
2025-09-04,2025-09-04 14:38:00,647.44,647.44,647.44,647.44,0.0,29.49,19140.22,0
2025-09-04,2025-09-04 14:39:00,647.44,647.45,647.44,647.45,0.0,29.49,19140.22,1
2025-09-04,2025-09-04 14:40:00,647.45,647.45,647.45,647.45,0.0,29.49,19140.22,0
2025-09-04,2025-09-04 14:41:00,647.45,647.46,647.45,647.46,0.0,29.49,19140.22,1
2025-09-04,2025-09-04 14:42:00,647.46,647.47,647.46,647.47,0.0,29.49,19140.22,1
2025-09-04,2025-09-04 14:43:00,647.47,647.47,647.47,647.47,0.0,29.49,19140.22,0
2025-09-04,2025-09-04 14:44:00,647.47,647.48,647.47,647.48,0.0,29.49,19140.22,1
2025-09-04,2025-09-04 14:45:00,647.48,647.49,647.48,647.49,0.0,29.49,19140.22,1
2025-09-04,2025-09-04 14:46:00,647.49,647.49,647.49,647.49,0.0,29.49,19140.22,0
2025-09-04,2025-09-04 14:47:00,647.49,647.5,647.49,647.5,0.0,29.49,19140.22,1
2025-09-04,2025-09-04 14:48:00,647.5,647.51,647.5,647.51,0.0,29.49,19140.22,1
2025-09-04,2025-09-04 14:49:00,647.51,647.51,647.51,647.51,0.0,29.49,19140.22,0
2025-09-04,2025-09-04 14:50:00,647.51,647.52,647.51,647.52,0.0,29.49,19140.22,1
2025-09-04,2025-09-04 14:51:00,647.52,647.53,647.52,647.53,0.0,29.49,19140.22,1
2025-09-04,2025-09-04 14:52:00,647.53,647.53,647.53,647.53,0.0,29.49,19140.22,0
2025-09-04,2025-09-04 14:53:00,647.53,647.54,647.53,647.54,0.0,29.49,19140.22,1
2025-09-04,2025-09-04 14:54:00,647.54,647.55,647.54,647.55,0.0,29.49,19140.22,1
2025-09-04,2025-09-04 14:55:00,647.55,647.55,647.55,647.55,0.0,29.49,19140.22,0
2025-09-04,2025-09-04 14:56:00,647.55,647.56,647.55,647.56,0.0,29.49,19140.22,1
2025-09-04,2025-09-04 14:57:00,647.56,647.57,647.56,647.57,0.0,29.49,19140.22,1
2025-09-04,2025-09-04 14:58:00,647.57,647.57,647.57,647.57,0.0,29.49,19140.22,0
2025-09-04,2025-09-04 14:59:00,647.57,647.58,647.57,647.58,0.0,29.49,19140.22,1
2025-09-04,2025-09-04 15:00:00,647.58,669.9,644.9,647.58,0.0,29.49,19140.22,0
2025-09-07,2025-09-07 11:00:00,648.0,648.0,643.5,647.95,-0.01,110.12,70056.38,-1
2025-09-07,2025-09-07 11:01:00,647.95,647.95,647.91,647.91,-0.01,110.12,70056.38,-1
2025-09-07,2025-09-07 11:02:00,647.91,647.91,647.86,647.86,-0.01,110.12,70056.38,-1
2025-09-07,2025-09-07 11:03:00,647.86,647.86,647.81,647.81,-0.01,110.12,70056.38,-1
2025-09-07,2025-09-07 11:04:00,647.81,647.81,647.77,647.77,-0.01,110.12,70056.38,-1
2025-09-07,2025-09-07 11:05:00,647.77,647.77,647.72,647.72,-0.01,110.12,70056.38,-1
2025-09-07,2025-09-07 11:06:00,647.72,647.72,647.68,647.68,-0.01,110.12,70056.38,-1
2025-09-07,2025-09-07 11:07:00,647.68,647.68,647.63,647.63,-0.01,110.12,70056.38,-1
2025-09-07,2025-09-07 11:08:00,647.63,647.63,647.58,647.58,-0.01,110.12,70056.38,-1
2025-09-07,2025-09-07 11:09:00,647.58,647.58,647.54,647.54,-0.01,110.12,70056.38,-1
2025-09-07,2025-09-07 11:10:00,647.54,647.54,647.49,647.49,-0.01,110.12,70056.38,-1
2025-09-07,2025-09-07 11:11:00,647.49,647.49,647.44,647.44,-0.01,110.12,70056.38,-1
2025-09-07,2025-09-07 11:12:00,647.44,647.44,647.4,647.4,-0.01,110.12,70056.38,-1
2025-09-07,2025-09-07 11:13:00,647.4,647.4,647.35,647.35,-0.01,110.12,70056.38,-1
2025-09-07,2025-09-07 11:14:00,647.35,647.35,647.3,647.3,-0.01,110.12,70056.38,-1
2025-09-07,2025-09-07 11:15:00,647.3,647.3,647.26,647.26,-0.01,110.12,70056.38,-1
2025-09-07,2025-09-07 11:16:00,647.26,647.26,647.21,647.21,-0.01,110.12,70056.38,-1
2025-09-07,2025-09-07 11:17:00,647.21,647.21,647.17,647.17,-0.01,110.12,70056.38,-1
2025-09-07,2025-09-07 11:18:00,647.17,647.17,647.12,647.12,-0.01,110.12,70056.38,-1
2025-09-07,2025-09-07 11:19:00,647.12,647.12,647.07,647.07,-0.01,110.12,70056.38,-1
2025-09-07,2025-09-07 11:20:00,647.07,647.07,647.03,647.03,-0.01,110.12,70056.38,-1
2025-09-07,2025-09-07 11:21:00,647.03,647.03,646.98,646.98,-0.01,110.12,70056.38,-1
2025-09-07,2025-09-07 11:22:00,646.98,646.98,646.93,646.93,-0.01,110.12,70056.38,-1
2025-09-07,2025-09-07 11:23:00,646.93,646.93,646.89,646.89,-0.01,110.12,70056.38,-1
2025-09-07,2025-09-07 11:24:00,646.89,646.89,646.84,646.84,-0.01,110.12,70056.38,-1
2025-09-07,2025-09-07 11:25:00,646.84,646.84,646.8,646.8,-0.01,110.12,70056.38,-1
2025-09-07,2025-09-07 11:26:00,646.8,646.8,646.75,646.75,-0.01,110.12,70056.38,-1
2025-09-07,2025-09-07 11:27:00,646.75,646.75,646.7,646.7,-0.01,110.12,70056.38,-1
2025-09-07,2025-09-07 11:28:00,646.7,646.7,646.66,646.66,-0.01,110.12,70056.38,-1
2025-09-07,2025-09-07 11:29:00,646.66,646.66,646.61,646.61,-0.01,110.12,70056.38,-1
2025-09-07,2025-09-07 11:30:00,646.61,646.61,646.56,646.56,-0.01,110.12,70056.38,-1
2025-09-07,2025-09-07 11:31:00,646.56,646.56,646.52,646.52,-0.01,110.12,70056.38,-1
2025-09-07,2025-09-07 11:32:00,646.52,646.52,646.47,646.47,-0.01,110.12,70056.38,-1
2025-09-07,2025-09-07 11:33:00,646.47,646.47,646.42,646.42,-0.01,110.12,70056.38,-1
2025-09-07,2025-09-07 11:34:00,646.42,646.42,646.38,646.38,-0.01,110.12,70056.38,-1
2025-09-07,2025-09-07 11:35:00,646.38,646.38,646.33,646.33,-0.01,110.12,70056.38,-1
2025-09-07,2025-09-07 11:36:00,646.33,646.33,646.29,646.29,-0.01,110.12,70056.38,-1
2025-09-07,2025-09-07 11:37:00,646.29,646.29,646.24,646.24,-0.01,110.12,70056.38,-1
2025-09-07,2025-09-07 11:38:00,646.24,646.24,646.19,646.19,-0.01,110.12,70056.38,-1
2025-09-07,2025-09-07 11:39:00,646.19,646.19,646.15,646.15,-0.01,110.12,70056.38,-1
2025-09-07,2025-09-07 11:40:00,646.15,646.15,646.1,646.1,-0.01,110.12,70056.38,-1
2025-09-07,2025-09-07 11:41:00,646.1,646.1,646.05,646.05,-0.01,110.12,70056.38,-1
2025-09-07,2025-09-07 11:42:00,646.05,646.05,646.01,646.01,-0.01,110.12,70056.38,-1
2025-09-07,2025-09-07 11:43:00,646.01,646.01,645.96,645.96,-0.01,110.12,70056.38,-1
2025-09-07,2025-09-07 11:44:00,645.96,645.96,645.91,645.91,-0.01,110.12,70056.38,-1
2025-09-07,2025-09-07 11:45:00,645.91,645.91,645.87,645.87,-0.01,110.12,70056.38,-1
2025-09-07,2025-09-07 11:46:00,645.87,645.87,645.82,645.82,-0.01,110.12,70056.38,-1
2025-09-07,2025-09-07 11:47:00,645.82,645.82,645.78,645.78,-0.01,110.12,70056.38,-1
2025-09-07,2025-09-07 11:48:00,645.78,645.78,645.73,645.73,-0.01,110.12,70056.38,-1
2025-09-07,2025-09-07 11:49:00,645.73,645.73,645.68,645.68,-0.01,110.12,70056.38,-1
2025-09-07,2025-09-07 11:50:00,645.68,645.68,645.64,645.64,-0.01,110.12,70056.38,-1
2025-09-07,2025-09-07 11:51:00,645.64,645.64,645.59,645.59,-0.01,110.12,70056.38,-1
2025-09-07,2025-09-07 11:52:00,645.59,645.59,645.54,645.54,-0.01,110.12,70056.38,-1
2025-09-07,2025-09-07 11:53:00,645.54,645.54,645.5,645.5,-0.01,110.12,70056.38,-1
2025-09-07,2025-09-07 11:54:00,645.5,645.5,645.45,645.45,-0.01,110.12,70056.38,-1
2025-09-07,2025-09-07 11:55:00,645.45,645.45,645.41,645.41,-0.01,110.12,70056.38,-1
2025-09-07,2025-09-07 11:56:00,645.41,645.41,645.36,645.36,-0.01,110.12,70056.38,-1
2025-09-07,2025-09-07 11:57:00,645.36,645.36,645.31,645.31,-0.01,110.12,70056.38,-1
2025-09-07,2025-09-07 11:58:00,645.31,645.31,645.27,645.27,-0.01,110.12,70056.38,-1
2025-09-07,2025-09-07 11:59:00,645.27,645.27,645.22,645.22,-0.01,110.12,70056.38,-1
2025-09-07,2025-09-07 12:00:00,645.22,645.22,645.17,645.17,-0.01,110.12,70056.38,-1
2025-09-07,2025-09-07 12:01:00,645.17,645.17,645.13,645.13,-0.01,110.12,70056.38,-1
2025-09-07,2025-09-07 12:02:00,645.13,645.13,645.08,645.08,-0.01,110.12,70056.38,-1
2025-09-07,2025-09-07 12:03:00,645.08,645.08,645.03,645.03,-0.01,110.12,70056.38,-1
2025-09-07,2025-09-07 12:04:00,645.03,645.03,644.99,644.99,-0.01,110.12,70056.38,-1
2025-09-07,2025-09-07 12:05:00,644.99,644.99,644.94,644.94,-0.01,110.12,70056.38,-1
2025-09-07,2025-09-07 12:06:00,644.94,644.94,644.9,644.9,-0.01,110.12,70056.38,-1
2025-09-07,2025-09-07 12:07:00,644.9,644.9,644.85,644.85,-0.01,110.12,70056.38,-1
2025-09-07,2025-09-07 12:08:00,644.85,644.85,644.8,644.8,-0.01,110.12,70056.38,-1
2025-09-07,2025-09-07 12:09:00,644.8,644.8,644.76,644.76,-0.01,110.12,70056.38,-1
2025-09-07,2025-09-07 12:10:00,644.76,644.76,644.71,644.71,-0.01,110.12,70056.38,-1
2025-09-07,2025-09-07 12:11:00,644.71,644.71,644.66,644.66,-0.01,110.12,70056.38,-1
2025-09-07,2025-09-07 12:12:00,644.66,644.66,644.62,644.62,-0.01,110.12,70056.38,-1
2025-09-07,2025-09-07 12:13:00,644.62,644.62,644.57,644.57,-0.01,110.12,70056.38,-1
2025-09-07,2025-09-07 12:14:00,644.57,644.57,644.52,644.52,-0.01,110.12,70056.38,-1
2025-09-07,2025-09-07 12:15:00,644.52,644.52,644.48,644.48,-0.01,110.12,70056.38,-1
2025-09-07,2025-09-07 12:16:00,644.48,644.48,644.43,644.43,-0.01,110.12,70056.38,-1
2025-09-07,2025-09-07 12:17:00,644.43,644.43,644.39,644.39,-0.01,110.12,70056.38,-1
2025-09-07,2025-09-07 12:18:00,644.39,644.39,644.34,644.34,-0.01,110.12,70056.38,-1
2025-09-07,2025-09-07 12:19:00,644.34,644.34,644.29,644.29,-0.01,110.12,70056.38,-1
2025-09-07,2025-09-07 12:20:00,644.29,644.29,644.25,644.25,-0.01,110.12,70056.38,-1
2025-09-07,2025-09-07 12:21:00,644.25,644.25,644.2,644.2,-0.01,110.12,70056.38,-1
2025-09-07,2025-09-07 12:22:00,644.2,644.2,644.15,644.15,-0.01,110.12,70056.38,-1
2025-09-07,2025-09-07 12:23:00,644.15,644.15,644.11,644.11,-0.01,110.12,70056.38,-1
2025-09-07,2025-09-07 12:24:00,644.11,644.11,644.06,644.06,-0.01,110.12,70056.38,-1
2025-09-07,2025-09-07 12:25:00,644.06,644.06,644.02,644.02,-0.01,110.12,70056.38,-1
2025-09-07,2025-09-07 12:26:00,644.02,644.02,643.97,643.97,-0.01,110.12,70056.38,-1
2025-09-07,2025-09-07 12:27:00,643.97,643.97,643.92,643.92,-0.01,110.12,70056.38,-1
2025-09-07,2025-09-07 12:28:00,643.92,643.92,643.88,643.88,-0.01,110.12,70056.38,-1
2025-09-07,2025-09-07 12:29:00,643.88,643.88,643.83,643.83,-0.01,110.12,70056.38,-1
2025-09-07,2025-09-07 12:30:00,643.83,643.83,643.78,643.78,-0.01,110.12,70056.38,-1
2025-09-07,2025-09-07 12:31:00,643.78,643.78,643.74,643.74,-0.01,110.12,70056.38,-1
2025-09-07,2025-09-07 12:32:00,643.74,643.74,643.69,643.69,-0.01,110.12,70056.38,-1
2025-09-07,2025-09-07 12:33:00,643.69,643.69,643.64,643.64,-0.01,110.12,70056.38,-1
2025-09-07,2025-09-07 12:34:00,643.64,643.64,643.6,643.6,-0.01,110.12,70056.38,-1
2025-09-07,2025-09-07 12:35:00,643.6,643.6,643.55,643.55,-0.01,110.12,70056.38,-1
2025-09-07,2025-09-07 12:36:00,643.55,643.55,643.51,643.51,-0.01,110.12,70056.38,-1
2025-09-07,2025-09-07 12:37:00,643.51,643.51,643.46,643.46,-0.01,110.12,70056.38,-1
2025-09-07,2025-09-07 12:38:00,643.46,643.46,643.41,643.41,-0.01,110.12,70056.38,-1
2025-09-07,2025-09-07 12:39:00,643.41,643.41,643.37,643.37,-0.01,110.12,70056.38,-1
2025-09-07,2025-09-07 12:40:00,643.37,643.37,643.32,643.32,-0.01,110.12,70056.38,-1
2025-09-07,2025-09-07 12:41:00,643.32,643.32,643.27,643.27,-0.01,110.12,70056.38,-1
2025-09-07,2025-09-07 12:42:00,643.27,643.27,643.23,643.23,-0.01,110.12,70056.38,-1
2025-09-07,2025-09-07 12:43:00,643.23,643.23,643.18,643.18,-0.01,110.12,70056.38,-1
2025-09-07,2025-09-07 12:44:00,643.18,643.18,643.13,643.13,-0.01,110.12,70056.38,-1
2025-09-07,2025-09-07 12:45:00,643.13,643.13,643.09,643.09,-0.01,110.12,70056.38,-1
2025-09-07,2025-09-07 12:46:00,643.09,643.09,643.04,643.04,-0.01,110.12,70056.38,-1
2025-09-07,2025-09-07 12:47:00,643.04,643.04,643.0,643.0,-0.01,110.12,70056.38,-1
2025-09-07,2025-09-07 12:48:00,643.0,643.0,642.95,642.95,-0.01,110.12,70056.38,-1
2025-09-07,2025-09-07 12:49:00,642.95,642.95,642.9,642.9,-0.01,110.12,70056.38,-1
2025-09-07,2025-09-07 12:50:00,642.9,642.9,642.86,642.86,-0.01,110.12,70056.38,-1
2025-09-07,2025-09-07 12:51:00,642.86,642.86,642.81,642.81,-0.01,110.12,70056.38,-1
2025-09-07,2025-09-07 12:52:00,642.81,642.81,642.76,642.76,-0.01,110.12,70056.38,-1
2025-09-07,2025-09-07 12:53:00,642.76,642.76,642.72,642.72,-0.01,110.12,70056.38,-1
2025-09-07,2025-09-07 12:54:00,642.72,642.72,642.67,642.67,-0.01,110.12,70056.38,-1
2025-09-07,2025-09-07 12:55:00,642.67,642.67,642.63,642.63,-0.01,110.12,70056.38,-1
2025-09-07,2025-09-07 12:56:00,642.63,642.63,642.58,642.58,-0.01,110.12,70056.38,-1
2025-09-07,2025-09-07 12:57:00,642.58,642.58,642.53,642.53,-0.01,110.12,70056.38,-1
2025-09-07,2025-09-07 12:58:00,642.53,642.53,642.49,642.49,-0.01,110.12,70056.38,-1
2025-09-07,2025-09-07 12:59:00,642.49,642.49,642.44,642.44,-0.01,110.12,70056.38,-1
2025-09-07,2025-09-07 13:00:00,642.44,648.0,633.0,642.39,-0.01,110.12,70056.38,-1
2025-09-07,2025-09-07 13:01:00,642.39,642.39,642.35,642.35,-0.01,110.12,70056.38,-1
2025-09-07,2025-09-07 13:02:00,642.35,642.35,642.3,642.3,-0.01,110.12,70056.38,-1
2025-09-07,2025-09-07 13:03:00,642.3,642.3,642.25,642.25,-0.01,110.12,70056.38,-1
2025-09-07,2025-09-07 13:04:00,642.25,642.25,642.21,642.21,-0.01,110.12,70056.38,-1
2025-09-07,2025-09-07 13:05:00,642.21,642.21,642.16,642.16,-0.01,110.12,70056.38,-1
2025-09-07,2025-09-07 13:06:00,642.16,642.16,642.12,642.12,-0.01,110.12,70056.38,-1
2025-09-07,2025-09-07 13:07:00,642.12,642.12,642.07,642.07,-0.01,110.12,70056.38,-1
2025-09-07,2025-09-07 13:08:00,642.07,642.07,642.02,642.02,-0.01,110.12,70056.38,-1
2025-09-07,2025-09-07 13:09:00,642.02,642.02,641.98,641.98,-0.01,110.12,70056.38,-1
2025-09-07,2025-09-07 13:10:00,641.98,641.98,641.93,641.93,-0.01,110.12,70056.38,-1
2025-09-07,2025-09-07 13:11:00,641.93,641.93,641.88,641.88,-0.01,110.12,70056.38,-1
2025-09-07,2025-09-07 13:12:00,641.88,641.88,641.84,641.84,-0.01,110.12,70056.38,-1
2025-09-07,2025-09-07 13:13:00,641.84,641.84,641.79,641.79,-0.01,110.12,70056.38,-1
2025-09-07,2025-09-07 13:14:00,641.79,641.79,641.75,641.75,-0.01,110.12,70056.38,-1
2025-09-07,2025-09-07 13:15:00,641.75,641.75,641.7,641.7,-0.01,110.12,70056.38,-1
2025-09-07,2025-09-07 13:16:00,641.7,641.7,641.65,641.65,-0.01,110.12,70056.38,-1
2025-09-07,2025-09-07 13:17:00,641.65,641.65,641.61,641.61,-0.01,110.12,70056.38,-1
2025-09-07,2025-09-07 13:18:00,641.61,641.61,641.56,641.56,-0.01,110.12,70056.38,-1
2025-09-07,2025-09-07 13:19:00,641.56,641.56,641.51,641.51,-0.01,110.12,70056.38,-1
2025-09-07,2025-09-07 13:20:00,641.51,641.51,641.47,641.47,-0.01,110.12,70056.38,-1
2025-09-07,2025-09-07 13:21:00,641.47,641.47,641.42,641.42,-0.01,110.12,70056.38,-1
2025-09-07,2025-09-07 13:22:00,641.42,641.42,641.37,641.37,-0.01,110.12,70056.38,-1
2025-09-07,2025-09-07 13:23:00,641.37,641.37,641.33,641.33,-0.01,110.12,70056.38,-1
2025-09-07,2025-09-07 13:24:00,641.33,641.33,641.28,641.28,-0.01,110.12,70056.38,-1
2025-09-07,2025-09-07 13:25:00,641.28,641.28,641.24,641.24,-0.01,110.12,70056.38,-1
2025-09-07,2025-09-07 13:26:00,641.24,641.24,641.19,641.19,-0.01,110.12,70056.38,-1
2025-09-07,2025-09-07 13:27:00,641.19,641.19,641.14,641.14,-0.01,110.12,70056.38,-1
2025-09-07,2025-09-07 13:28:00,641.14,641.14,641.1,641.1,-0.01,110.12,70056.38,-1
2025-09-07,2025-09-07 13:29:00,641.1,641.1,641.05,641.05,-0.01,110.12,70056.38,-1
2025-09-07,2025-09-07 13:30:00,641.05,641.05,641.0,641.0,-0.01,110.12,70056.38,-1
2025-09-07,2025-09-07 13:31:00,641.0,641.0,640.96,640.96,-0.01,110.12,70056.38,-1
2025-09-07,2025-09-07 13:32:00,640.96,640.96,640.91,640.91,-0.01,110.12,70056.38,-1
2025-09-07,2025-09-07 13:33:00,640.91,640.91,640.86,640.86,-0.01,110.12,70056.38,-1
2025-09-07,2025-09-07 13:34:00,640.86,640.86,640.82,640.82,-0.01,110.12,70056.38,-1
2025-09-07,2025-09-07 13:35:00,640.82,640.82,640.77,640.77,-0.01,110.12,70056.38,-1
2025-09-07,2025-09-07 13:36:00,640.77,640.77,640.73,640.73,-0.01,110.12,70056.38,-1
2025-09-07,2025-09-07 13:37:00,640.73,640.73,640.68,640.68,-0.01,110.12,70056.38,-1
2025-09-07,2025-09-07 13:38:00,640.68,640.68,640.63,640.63,-0.01,110.12,70056.38,-1
2025-09-07,2025-09-07 13:39:00,640.63,640.63,640.59,640.59,-0.01,110.12,70056.38,-1
2025-09-07,2025-09-07 13:40:00,640.59,640.59,640.54,640.54,-0.01,110.12,70056.38,-1
2025-09-07,2025-09-07 13:41:00,640.54,640.54,640.49,640.49,-0.01,110.12,70056.38,-1
2025-09-07,2025-09-07 13:42:00,640.49,640.49,640.45,640.45,-0.01,110.12,70056.38,-1
2025-09-07,2025-09-07 13:43:00,640.45,640.45,640.4,640.4,-0.01,110.12,70056.38,-1
2025-09-07,2025-09-07 13:44:00,640.4,640.4,640.36,640.36,-0.01,110.12,70056.38,-1
2025-09-07,2025-09-07 13:45:00,640.36,640.36,640.31,640.31,-0.01,110.12,70056.38,-1
2025-09-07,2025-09-07 13:46:00,640.31,640.31,640.26,640.26,-0.01,110.12,70056.38,-1
2025-09-07,2025-09-07 13:47:00,640.26,640.26,640.22,640.22,-0.01,110.12,70056.38,-1
2025-09-07,2025-09-07 13:48:00,640.22,640.22,640.17,640.17,-0.01,110.12,70056.38,-1
2025-09-07,2025-09-07 13:49:00,640.17,640.17,640.12,640.12,-0.01,110.12,70056.38,-1
2025-09-07,2025-09-07 13:50:00,640.12,640.12,640.08,640.08,-0.01,110.12,70056.38,-1
2025-09-07,2025-09-07 13:51:00,640.08,640.08,640.03,640.03,-0.01,110.12,70056.38,-1
2025-09-07,2025-09-07 13:52:00,640.03,640.03,639.98,639.98,-0.01,110.12,70056.38,-1
2025-09-07,2025-09-07 13:53:00,639.98,639.98,639.94,639.94,-0.01,110.12,70056.38,-1
2025-09-07,2025-09-07 13:54:00,639.94,639.94,639.89,639.89,-0.01,110.12,70056.38,-1
2025-09-07,2025-09-07 13:55:00,639.89,639.89,639.85,639.85,-0.01,110.12,70056.38,-1
2025-09-07,2025-09-07 13:56:00,639.85,639.85,639.8,639.8,-0.01,110.12,70056.38,-1
2025-09-07,2025-09-07 13:57:00,639.8,639.8,639.75,639.75,-0.01,110.12,70056.38,-1
2025-09-07,2025-09-07 13:58:00,639.75,639.75,639.71,639.71,-0.01,110.12,70056.38,-1
2025-09-07,2025-09-07 13:59:00,639.71,639.71,639.66,639.66,-0.01,110.12,70056.38,-1
2025-09-07,2025-09-07 14:00:00,639.66,639.66,639.61,639.61,-0.01,110.12,70056.38,-1
2025-09-07,2025-09-07 14:01:00,639.61,639.61,639.57,639.57,-0.01,110.12,70056.38,-1
2025-09-07,2025-09-07 14:02:00,639.57,639.57,639.52,639.52,-0.01,110.12,70056.38,-1
2025-09-07,2025-09-07 14:03:00,639.52,639.52,639.47,639.47,-0.01,110.12,70056.38,-1
2025-09-07,2025-09-07 14:04:00,639.47,639.47,639.43,639.43,-0.01,110.12,70056.38,-1
2025-09-07,2025-09-07 14:05:00,639.43,639.43,639.38,639.38,-0.01,110.12,70056.38,-1
2025-09-07,2025-09-07 14:06:00,639.38,639.38,639.34,639.34,-0.01,110.12,70056.38,-1
2025-09-07,2025-09-07 14:07:00,639.34,639.34,639.29,639.29,-0.01,110.12,70056.38,-1
2025-09-07,2025-09-07 14:08:00,639.29,639.29,639.24,639.24,-0.01,110.12,70056.38,-1
2025-09-07,2025-09-07 14:09:00,639.24,639.24,639.2,639.2,-0.01,110.12,70056.38,-1
2025-09-07,2025-09-07 14:10:00,639.2,639.2,639.15,639.15,-0.01,110.12,70056.38,-1
2025-09-07,2025-09-07 14:11:00,639.15,639.15,639.1,639.1,-0.01,110.12,70056.38,-1
2025-09-07,2025-09-07 14:12:00,639.1,639.1,639.06,639.06,-0.01,110.12,70056.38,-1
2025-09-07,2025-09-07 14:13:00,639.06,639.06,639.01,639.01,-0.01,110.12,70056.38,-1
2025-09-07,2025-09-07 14:14:00,639.01,639.01,638.97,638.97,-0.01,110.12,70056.38,-1
2025-09-07,2025-09-07 14:15:00,638.97,638.97,638.92,638.92,-0.01,110.12,70056.38,-1
2025-09-07,2025-09-07 14:16:00,638.92,638.92,638.87,638.87,-0.01,110.12,70056.38,-1
2025-09-07,2025-09-07 14:17:00,638.87,638.87,638.83,638.83,-0.01,110.12,70056.38,-1
2025-09-07,2025-09-07 14:18:00,638.83,638.83,638.78,638.78,-0.01,110.12,70056.38,-1
2025-09-07,2025-09-07 14:19:00,638.78,638.78,638.73,638.73,-0.01,110.12,70056.38,-1
2025-09-07,2025-09-07 14:20:00,638.73,638.73,638.69,638.69,-0.01,110.12,70056.38,-1
2025-09-07,2025-09-07 14:21:00,638.69,638.69,638.64,638.64,-0.01,110.12,70056.38,-1
2025-09-07,2025-09-07 14:22:00,638.64,638.64,638.59,638.59,-0.01,110.12,70056.38,-1
2025-09-07,2025-09-07 14:23:00,638.59,638.59,638.55,638.55,-0.01,110.12,70056.38,-1
2025-09-07,2025-09-07 14:24:00,638.55,638.55,638.5,638.5,-0.01,110.12,70056.38,-1
2025-09-07,2025-09-07 14:25:00,638.5,638.5,638.46,638.46,-0.01,110.12,70056.38,-1
2025-09-07,2025-09-07 14:26:00,638.46,638.46,638.41,638.41,-0.01,110.12,70056.38,-1
2025-09-07,2025-09-07 14:27:00,638.41,638.41,638.36,638.36,-0.01,110.12,70056.38,-1
2025-09-07,2025-09-07 14:28:00,638.36,638.36,638.32,638.32,-0.01,110.12,70056.38,-1
2025-09-07,2025-09-07 14:29:00,638.32,638.32,638.27,638.27,-0.01,110.12,70056.38,-1
2025-09-07,2025-09-07 14:30:00,638.27,638.27,638.22,638.22,-0.01,110.12,70056.38,-1
2025-09-07,2025-09-07 14:31:00,638.22,638.22,638.18,638.18,-0.01,110.12,70056.38,-1
2025-09-07,2025-09-07 14:32:00,638.18,638.18,638.13,638.13,-0.01,110.12,70056.38,-1
2025-09-07,2025-09-07 14:33:00,638.13,638.13,638.08,638.08,-0.01,110.12,70056.38,-1
2025-09-07,2025-09-07 14:34:00,638.08,638.08,638.04,638.04,-0.01,110.12,70056.38,-1
2025-09-07,2025-09-07 14:35:00,638.04,638.04,637.99,637.99,-0.01,110.12,70056.38,-1
2025-09-07,2025-09-07 14:36:00,637.99,637.99,637.95,637.95,-0.01,110.12,70056.38,-1
2025-09-07,2025-09-07 14:37:00,637.95,637.95,637.9,637.9,-0.01,110.12,70056.38,-1
2025-09-07,2025-09-07 14:38:00,637.9,637.9,637.85,637.85,-0.01,110.12,70056.38,-1
2025-09-07,2025-09-07 14:39:00,637.85,637.85,637.81,637.81,-0.01,110.12,70056.38,-1
2025-09-07,2025-09-07 14:40:00,637.81,637.81,637.76,637.76,-0.01,110.12,70056.38,-1
2025-09-07,2025-09-07 14:41:00,637.76,637.76,637.71,637.71,-0.01,110.12,70056.38,-1
2025-09-07,2025-09-07 14:42:00,637.71,637.71,637.67,637.67,-0.01,110.12,70056.38,-1
2025-09-07,2025-09-07 14:43:00,637.67,637.67,637.62,637.62,-0.01,110.12,70056.38,-1
2025-09-07,2025-09-07 14:44:00,637.62,637.62,637.58,637.58,-0.01,110.12,70056.38,-1
2025-09-07,2025-09-07 14:45:00,637.58,637.58,637.53,637.53,-0.01,110.12,70056.38,-1
2025-09-07,2025-09-07 14:46:00,637.53,637.53,637.48,637.48,-0.01,110.12,70056.38,-1
2025-09-07,2025-09-07 14:47:00,637.48,637.48,637.44,637.44,-0.01,110.12,70056.38,-1
2025-09-07,2025-09-07 14:48:00,637.44,637.44,637.39,637.39,-0.01,110.12,70056.38,-1
2025-09-07,2025-09-07 14:49:00,637.39,637.39,637.34,637.34,-0.01,110.12,70056.38,-1
2025-09-07,2025-09-07 14:50:00,637.34,637.34,637.3,637.3,-0.01,110.12,70056.38,-1
2025-09-07,2025-09-07 14:51:00,637.3,637.3,637.25,637.25,-0.01,110.12,70056.38,-1
2025-09-07,2025-09-07 14:52:00,637.25,637.25,637.2,637.2,-0.01,110.12,70056.38,-1
2025-09-07,2025-09-07 14:53:00,637.2,637.2,637.16,637.16,-0.01,110.12,70056.38,-1
2025-09-07,2025-09-07 14:54:00,637.16,637.16,637.11,637.11,-0.01,110.12,70056.38,-1
2025-09-07,2025-09-07 14:55:00,637.11,637.11,637.07,637.07,-0.01,110.12,70056.38,-1
2025-09-07,2025-09-07 14:56:00,637.07,637.07,637.02,637.02,-0.01,110.12,70056.38,-1
2025-09-07,2025-09-07 14:57:00,637.02,637.02,636.97,636.97,-0.01,110.12,70056.38,-1
2025-09-07,2025-09-07 14:58:00,636.97,636.97,636.93,636.93,-0.01,110.12,70056.38,-1
2025-09-07,2025-09-07 14:59:00,636.93,636.93,636.88,636.88,-0.01,110.12,70056.38,-1
2025-09-07,2025-09-07 15:00:00,636.88,648.0,633.0,636.88,0.0,110.12,70056.38,0
2025-09-08,2025-09-08 11:00:00,627.0,628.8,624.9,626.99,-0.0,40.98,25695.74,-1
2025-09-08,2025-09-08 11:01:00,626.99,626.99,626.97,626.97,-0.0,40.98,25695.74,-1
2025-09-08,2025-09-08 11:02:00,626.97,626.97,626.96,626.96,-0.0,40.98,25695.74,-1
2025-09-08,2025-09-08 11:03:00,626.96,626.96,626.94,626.94,-0.0,40.98,25695.74,-1
2025-09-08,2025-09-08 11:04:00,626.94,626.94,626.93,626.93,-0.0,40.98,25695.74,-1
2025-09-08,2025-09-08 11:05:00,626.93,626.93,626.91,626.91,-0.0,40.98,25695.74,-1
2025-09-08,2025-09-08 11:06:00,626.91,626.91,626.9,626.9,-0.0,40.98,25695.74,-1
2025-09-08,2025-09-08 11:07:00,626.9,626.9,626.89,626.89,-0.0,40.98,25695.74,-1
2025-09-08,2025-09-08 11:08:00,626.89,626.89,626.87,626.87,-0.0,40.98,25695.74,-1
2025-09-08,2025-09-08 11:09:00,626.87,626.87,626.86,626.86,-0.0,40.98,25695.74,-1
2025-09-08,2025-09-08 11:10:00,626.86,626.86,626.84,626.84,-0.0,40.98,25695.74,-1
2025-09-08,2025-09-08 11:11:00,626.84,626.84,626.83,626.83,-0.0,40.98,25695.74,-1
2025-09-08,2025-09-08 11:12:00,626.83,626.83,626.81,626.81,-0.0,40.98,25695.74,-1
2025-09-08,2025-09-08 11:13:00,626.81,626.81,626.8,626.8,-0.0,40.98,25695.74,-1
2025-09-08,2025-09-08 11:14:00,626.8,626.8,626.79,626.79,-0.0,40.98,25695.74,-1
2025-09-08,2025-09-08 11:15:00,626.79,626.79,626.77,626.77,-0.0,40.98,25695.74,-1
2025-09-08,2025-09-08 11:16:00,626.77,626.77,626.76,626.76,-0.0,40.98,25695.74,-1
2025-09-08,2025-09-08 11:17:00,626.76,626.76,626.74,626.74,-0.0,40.98,25695.74,-1
2025-09-08,2025-09-08 11:18:00,626.74,626.74,626.73,626.73,-0.0,40.98,25695.74,-1
2025-09-08,2025-09-08 11:19:00,626.73,626.73,626.72,626.72,-0.0,40.98,25695.74,-1
2025-09-08,2025-09-08 11:20:00,626.72,626.72,626.7,626.7,-0.0,40.98,25695.74,-1
2025-09-08,2025-09-08 11:21:00,626.7,626.7,626.69,626.69,-0.0,40.98,25695.74,-1
2025-09-08,2025-09-08 11:22:00,626.69,626.69,626.67,626.67,-0.0,40.98,25695.74,-1
2025-09-08,2025-09-08 11:23:00,626.67,626.67,626.66,626.66,-0.0,40.98,25695.74,-1
2025-09-08,2025-09-08 11:24:00,626.66,626.66,626.64,626.64,-0.0,40.98,25695.74,-1
2025-09-08,2025-09-08 11:25:00,626.64,626.64,626.63,626.63,-0.0,40.98,25695.74,-1
2025-09-08,2025-09-08 11:26:00,626.63,626.63,626.62,626.62,-0.0,40.98,25695.74,-1
2025-09-08,2025-09-08 11:27:00,626.62,626.62,626.6,626.6,-0.0,40.98,25695.74,-1
2025-09-08,2025-09-08 11:28:00,626.6,626.6,626.59,626.59,-0.0,40.98,25695.74,-1
2025-09-08,2025-09-08 11:29:00,626.59,626.59,626.57,626.57,-0.0,40.98,25695.74,-1
2025-09-08,2025-09-08 11:30:00,626.57,626.57,626.56,626.56,-0.0,40.98,25695.74,-1
2025-09-08,2025-09-08 11:31:00,626.56,626.56,626.54,626.54,-0.0,40.98,25695.74,-1
2025-09-08,2025-09-08 11:32:00,626.54,626.54,626.53,626.53,-0.0,40.98,25695.74,-1
2025-09-08,2025-09-08 11:33:00,626.53,626.53,626.52,626.52,-0.0,40.98,25695.74,-1
2025-09-08,2025-09-08 11:34:00,626.52,626.52,626.5,626.5,-0.0,40.98,25695.74,-1
2025-09-08,2025-09-08 11:35:00,626.5,626.5,626.49,626.49,-0.0,40.98,25695.74,-1
2025-09-08,2025-09-08 11:36:00,626.49,626.49,626.47,626.47,-0.0,40.98,25695.74,-1
2025-09-08,2025-09-08 11:37:00,626.47,626.47,626.46,626.46,-0.0,40.98,25695.74,-1
2025-09-08,2025-09-08 11:38:00,626.46,626.46,626.44,626.44,-0.0,40.98,25695.74,-1
2025-09-08,2025-09-08 11:39:00,626.44,626.44,626.43,626.43,-0.0,40.98,25695.74,-1
2025-09-08,2025-09-08 11:40:00,626.43,626.43,626.42,626.42,-0.0,40.98,25695.74,-1
2025-09-08,2025-09-08 11:41:00,626.42,626.42,626.4,626.4,-0.0,40.98,25695.74,-1
2025-09-08,2025-09-08 11:42:00,626.4,626.4,626.39,626.39,-0.0,40.98,25695.74,-1
2025-09-08,2025-09-08 11:43:00,626.39,626.39,626.37,626.37,-0.0,40.98,25695.74,-1
2025-09-08,2025-09-08 11:44:00,626.37,626.37,626.36,626.36,-0.0,40.98,25695.74,-1
2025-09-08,2025-09-08 11:45:00,626.36,626.36,626.34,626.34,-0.0,40.98,25695.74,-1
2025-09-08,2025-09-08 11:46:00,626.34,626.34,626.33,626.33,-0.0,40.98,25695.74,-1
2025-09-08,2025-09-08 11:47:00,626.33,626.33,626.32,626.32,-0.0,40.98,25695.74,-1
2025-09-08,2025-09-08 11:48:00,626.32,626.32,626.3,626.3,-0.0,40.98,25695.74,-1
2025-09-08,2025-09-08 11:49:00,626.3,626.3,626.29,626.29,-0.0,40.98,25695.74,-1
2025-09-08,2025-09-08 11:50:00,626.29,626.29,626.27,626.27,-0.0,40.98,25695.74,-1
2025-09-08,2025-09-08 11:51:00,626.27,626.27,626.26,626.26,-0.0,40.98,25695.74,-1
2025-09-08,2025-09-08 11:52:00,626.26,626.26,626.24,626.24,-0.0,40.98,25695.74,-1
2025-09-08,2025-09-08 11:53:00,626.24,626.24,626.23,626.23,-0.0,40.98,25695.74,-1
2025-09-08,2025-09-08 11:54:00,626.23,626.23,626.22,626.22,-0.0,40.98,25695.74,-1
2025-09-08,2025-09-08 11:55:00,626.22,626.22,626.2,626.2,-0.0,40.98,25695.74,-1
2025-09-08,2025-09-08 11:56:00,626.2,626.2,626.19,626.19,-0.0,40.98,25695.74,-1
2025-09-08,2025-09-08 11:57:00,626.19,626.19,626.17,626.17,-0.0,40.98,25695.74,-1
2025-09-08,2025-09-08 11:58:00,626.17,626.17,626.16,626.16,-0.0,40.98,25695.74,-1
2025-09-08,2025-09-08 11:59:00,626.16,626.16,626.14,626.14,-0.0,40.98,25695.74,-1
2025-09-08,2025-09-08 12:00:00,626.14,626.14,626.13,626.13,-0.0,40.98,25695.74,-1
2025-09-08,2025-09-08 12:01:00,626.13,626.13,626.12,626.12,-0.0,40.98,25695.74,-1
2025-09-08,2025-09-08 12:02:00,626.12,626.12,626.1,626.1,-0.0,40.98,25695.74,-1
2025-09-08,2025-09-08 12:03:00,626.1,626.1,626.09,626.09,-0.0,40.98,25695.74,-1
2025-09-08,2025-09-08 12:04:00,626.09,626.09,626.07,626.07,-0.0,40.98,25695.74,-1
2025-09-08,2025-09-08 12:05:00,626.07,626.07,626.06,626.06,-0.0,40.98,25695.74,-1
2025-09-08,2025-09-08 12:06:00,626.06,626.06,626.05,626.05,-0.0,40.98,25695.74,-1
2025-09-08,2025-09-08 12:07:00,626.05,626.05,626.03,626.03,-0.0,40.98,25695.74,-1
2025-09-08,2025-09-08 12:08:00,626.03,626.03,626.02,626.02,-0.0,40.98,25695.74,-1
2025-09-08,2025-09-08 12:09:00,626.02,626.02,626.0,626.0,-0.0,40.98,25695.74,-1
2025-09-08,2025-09-08 12:10:00,626.0,626.0,625.99,625.99,-0.0,40.98,25695.74,-1
2025-09-08,2025-09-08 12:11:00,625.99,625.99,625.97,625.97,-0.0,40.98,25695.74,-1
2025-09-08,2025-09-08 12:12:00,625.97,625.97,625.96,625.96,-0.0,40.98,25695.74,-1
2025-09-08,2025-09-08 12:13:00,625.96,625.96,625.95,625.95,-0.0,40.98,25695.74,-1
2025-09-08,2025-09-08 12:14:00,625.95,625.95,625.93,625.93,-0.0,40.98,25695.74,-1
2025-09-08,2025-09-08 12:15:00,625.93,625.93,625.92,625.92,-0.0,40.98,25695.74,-1
2025-09-08,2025-09-08 12:16:00,625.92,625.92,625.9,625.9,-0.0,40.98,25695.74,-1
2025-09-08,2025-09-08 12:17:00,625.9,625.9,625.89,625.89,-0.0,40.98,25695.74,-1
2025-09-08,2025-09-08 12:18:00,625.89,625.89,625.87,625.87,-0.0,40.98,25695.74,-1
2025-09-08,2025-09-08 12:19:00,625.87,625.87,625.86,625.86,-0.0,40.98,25695.74,-1
2025-09-08,2025-09-08 12:20:00,625.86,625.86,625.85,625.85,-0.0,40.98,25695.74,-1
2025-09-08,2025-09-08 12:21:00,625.85,625.85,625.83,625.83,-0.0,40.98,25695.74,-1
2025-09-08,2025-09-08 12:22:00,625.83,625.83,625.82,625.82,-0.0,40.98,25695.74,-1
2025-09-08,2025-09-08 12:23:00,625.82,625.82,625.8,625.8,-0.0,40.98,25695.74,-1
2025-09-08,2025-09-08 12:24:00,625.8,625.8,625.79,625.79,-0.0,40.98,25695.74,-1
2025-09-08,2025-09-08 12:25:00,625.79,625.79,625.77,625.77,-0.0,40.98,25695.74,-1
2025-09-08,2025-09-08 12:26:00,625.77,625.77,625.76,625.76,-0.0,40.98,25695.74,-1
2025-09-08,2025-09-08 12:27:00,625.76,625.76,625.75,625.75,-0.0,40.98,25695.74,-1
2025-09-08,2025-09-08 12:28:00,625.75,625.75,625.73,625.73,-0.0,40.98,25695.74,-1
2025-09-08,2025-09-08 12:29:00,625.73,625.73,625.72,625.72,-0.0,40.98,25695.74,-1
2025-09-08,2025-09-08 12:30:00,625.72,625.72,625.7,625.7,-0.0,40.98,25695.74,-1
2025-09-08,2025-09-08 12:31:00,625.7,625.7,625.69,625.69,-0.0,40.98,25695.74,-1
2025-09-08,2025-09-08 12:32:00,625.69,625.69,625.67,625.67,-0.0,40.98,25695.74,-1
2025-09-08,2025-09-08 12:33:00,625.67,625.67,625.66,625.66,-0.0,40.98,25695.74,-1
2025-09-08,2025-09-08 12:34:00,625.66,625.66,625.65,625.65,-0.0,40.98,25695.74,-1
2025-09-08,2025-09-08 12:35:00,625.65,625.65,625.63,625.63,-0.0,40.98,25695.74,-1
2025-09-08,2025-09-08 12:36:00,625.63,625.63,625.62,625.62,-0.0,40.98,25695.74,-1
2025-09-08,2025-09-08 12:37:00,625.62,625.62,625.6,625.6,-0.0,40.98,25695.74,-1
2025-09-08,2025-09-08 12:38:00,625.6,625.6,625.59,625.59,-0.0,40.98,25695.74,-1
2025-09-08,2025-09-08 12:39:00,625.59,625.59,625.58,625.58,-0.0,40.98,25695.74,-1
2025-09-08,2025-09-08 12:40:00,625.58,625.58,625.56,625.56,-0.0,40.98,25695.74,-1
2025-09-08,2025-09-08 12:41:00,625.56,625.56,625.55,625.55,-0.0,40.98,25695.74,-1
2025-09-08,2025-09-08 12:42:00,625.55,625.55,625.53,625.53,-0.0,40.98,25695.74,-1
2025-09-08,2025-09-08 12:43:00,625.53,625.53,625.52,625.52,-0.0,40.98,25695.74,-1
2025-09-08,2025-09-08 12:44:00,625.52,625.52,625.5,625.5,-0.0,40.98,25695.74,-1
2025-09-08,2025-09-08 12:45:00,625.5,625.5,625.49,625.49,-0.0,40.98,25695.74,-1
2025-09-08,2025-09-08 12:46:00,625.49,625.49,625.48,625.48,-0.0,40.98,25695.74,-1
2025-09-08,2025-09-08 12:47:00,625.48,625.48,625.46,625.46,-0.0,40.98,25695.74,-1
2025-09-08,2025-09-08 12:48:00,625.46,625.46,625.45,625.45,-0.0,40.98,25695.74,-1
2025-09-08,2025-09-08 12:49:00,625.45,625.45,625.43,625.43,-0.0,40.98,25695.74,-1
2025-09-08,2025-09-08 12:50:00,625.43,625.43,625.42,625.42,-0.0,40.98,25695.74,-1
2025-09-08,2025-09-08 12:51:00,625.42,625.42,625.4,625.4,-0.0,40.98,25695.74,-1
2025-09-08,2025-09-08 12:52:00,625.4,625.4,625.39,625.39,-0.0,40.98,25695.74,-1
2025-09-08,2025-09-08 12:53:00,625.39,625.39,625.38,625.38,-0.0,40.98,25695.74,-1
2025-09-08,2025-09-08 12:54:00,625.38,625.38,625.36,625.36,-0.0,40.98,25695.74,-1
2025-09-08,2025-09-08 12:55:00,625.36,625.36,625.35,625.35,-0.0,40.98,25695.74,-1
2025-09-08,2025-09-08 12:56:00,625.35,625.35,625.33,625.33,-0.0,40.98,25695.74,-1
2025-09-08,2025-09-08 12:57:00,625.33,625.33,625.32,625.32,-0.0,40.98,25695.74,-1
2025-09-08,2025-09-08 12:58:00,625.32,625.32,625.3,625.3,-0.0,40.98,25695.74,-1
2025-09-08,2025-09-08 12:59:00,625.3,625.3,625.29,625.29,-0.0,40.98,25695.74,-1
2025-09-08,2025-09-08 13:00:00,625.29,633.0,620.0,625.28,-0.0,40.98,25695.74,-1
2025-09-08,2025-09-08 13:01:00,625.28,625.28,625.26,625.26,-0.0,40.98,25695.74,-1
2025-09-08,2025-09-08 13:02:00,625.26,625.26,625.25,625.25,-0.0,40.98,25695.74,-1
2025-09-08,2025-09-08 13:03:00,625.25,625.25,625.23,625.23,-0.0,40.98,25695.74,-1
2025-09-08,2025-09-08 13:04:00,625.23,625.23,625.22,625.22,-0.0,40.98,25695.74,-1
2025-09-08,2025-09-08 13:05:00,625.22,625.22,625.2,625.2,-0.0,40.98,25695.74,-1
2025-09-08,2025-09-08 13:06:00,625.2,625.2,625.19,625.19,-0.0,40.98,25695.74,-1
2025-09-08,2025-09-08 13:07:00,625.19,625.19,625.18,625.18,-0.0,40.98,25695.74,-1
2025-09-08,2025-09-08 13:08:00,625.18,625.18,625.16,625.16,-0.0,40.98,25695.74,-1
2025-09-08,2025-09-08 13:09:00,625.16,625.16,625.15,625.15,-0.0,40.98,25695.74,-1
2025-09-08,2025-09-08 13:10:00,625.15,625.15,625.13,625.13,-0.0,40.98,25695.74,-1
2025-09-08,2025-09-08 13:11:00,625.13,625.13,625.12,625.12,-0.0,40.98,25695.74,-1
2025-09-08,2025-09-08 13:12:00,625.12,625.12,625.1,625.1,-0.0,40.98,25695.74,-1
2025-09-08,2025-09-08 13:13:00,625.1,625.1,625.09,625.09,-0.0,40.98,25695.74,-1
2025-09-08,2025-09-08 13:14:00,625.09,625.09,625.08,625.08,-0.0,40.98,25695.74,-1
2025-09-08,2025-09-08 13:15:00,625.08,625.08,625.06,625.06,-0.0,40.98,25695.74,-1
2025-09-08,2025-09-08 13:16:00,625.06,625.06,625.05,625.05,-0.0,40.98,25695.74,-1
2025-09-08,2025-09-08 13:17:00,625.05,625.05,625.03,625.03,-0.0,40.98,25695.74,-1
2025-09-08,2025-09-08 13:18:00,625.03,625.03,625.02,625.02,-0.0,40.98,25695.74,-1
2025-09-08,2025-09-08 13:19:00,625.02,625.02,625.0,625.0,-0.0,40.98,25695.74,-1
2025-09-08,2025-09-08 13:20:00,625.0,625.0,624.99,624.99,-0.0,40.98,25695.74,-1
2025-09-08,2025-09-08 13:21:00,624.99,624.99,624.98,624.98,-0.0,40.98,25695.74,-1
2025-09-08,2025-09-08 13:22:00,624.98,624.98,624.96,624.96,-0.0,40.98,25695.74,-1
2025-09-08,2025-09-08 13:23:00,624.96,624.96,624.95,624.95,-0.0,40.98,25695.74,-1
2025-09-08,2025-09-08 13:24:00,624.95,624.95,624.93,624.93,-0.0,40.98,25695.74,-1
2025-09-08,2025-09-08 13:25:00,624.93,624.93,624.92,624.92,-0.0,40.98,25695.74,-1
2025-09-08,2025-09-08 13:26:00,624.92,624.92,624.91,624.91,-0.0,40.98,25695.74,-1
2025-09-08,2025-09-08 13:27:00,624.91,624.91,624.89,624.89,-0.0,40.98,25695.74,-1
2025-09-08,2025-09-08 13:28:00,624.89,624.89,624.88,624.88,-0.0,40.98,25695.74,-1
2025-09-08,2025-09-08 13:29:00,624.88,624.88,624.86,624.86,-0.0,40.98,25695.74,-1
2025-09-08,2025-09-08 13:30:00,624.86,624.86,624.85,624.85,-0.0,40.98,25695.74,-1
2025-09-08,2025-09-08 13:31:00,624.85,624.85,624.83,624.83,-0.0,40.98,25695.74,-1
2025-09-08,2025-09-08 13:32:00,624.83,624.83,624.82,624.82,-0.0,40.98,25695.74,-1
2025-09-08,2025-09-08 13:33:00,624.82,624.82,624.81,624.81,-0.0,40.98,25695.74,-1
2025-09-08,2025-09-08 13:34:00,624.81,624.81,624.79,624.79,-0.0,40.98,25695.74,-1
2025-09-08,2025-09-08 13:35:00,624.79,624.79,624.78,624.78,-0.0,40.98,25695.74,-1
2025-09-08,2025-09-08 13:36:00,624.78,624.78,624.76,624.76,-0.0,40.98,25695.74,-1
2025-09-08,2025-09-08 13:37:00,624.76,624.76,624.75,624.75,-0.0,40.98,25695.74,-1
2025-09-08,2025-09-08 13:38:00,624.75,624.75,624.73,624.73,-0.0,40.98,25695.74,-1
2025-09-08,2025-09-08 13:39:00,624.73,624.73,624.72,624.72,-0.0,40.98,25695.74,-1
2025-09-08,2025-09-08 13:40:00,624.72,624.72,624.71,624.71,-0.0,40.98,25695.74,-1
2025-09-08,2025-09-08 13:41:00,624.71,624.71,624.69,624.69,-0.0,40.98,25695.74,-1
2025-09-08,2025-09-08 13:42:00,624.69,624.69,624.68,624.68,-0.0,40.98,25695.74,-1
2025-09-08,2025-09-08 13:43:00,624.68,624.68,624.66,624.66,-0.0,40.98,25695.74,-1
2025-09-08,2025-09-08 13:44:00,624.66,624.66,624.65,624.65,-0.0,40.98,25695.74,-1
2025-09-08,2025-09-08 13:45:00,624.65,624.65,624.63,624.63,-0.0,40.98,25695.74,-1
2025-09-08,2025-09-08 13:46:00,624.63,624.63,624.62,624.62,-0.0,40.98,25695.74,-1
2025-09-08,2025-09-08 13:47:00,624.62,624.62,624.61,624.61,-0.0,40.98,25695.74,-1
2025-09-08,2025-09-08 13:48:00,624.61,624.61,624.59,624.59,-0.0,40.98,25695.74,-1
2025-09-08,2025-09-08 13:49:00,624.59,624.59,624.58,624.58,-0.0,40.98,25695.74,-1
2025-09-08,2025-09-08 13:50:00,624.58,624.58,624.56,624.56,-0.0,40.98,25695.74,-1
2025-09-08,2025-09-08 13:51:00,624.56,624.56,624.55,624.55,-0.0,40.98,25695.74,-1
2025-09-08,2025-09-08 13:52:00,624.55,624.55,624.53,624.53,-0.0,40.98,25695.74,-1
2025-09-08,2025-09-08 13:53:00,624.53,624.53,624.52,624.52,-0.0,40.98,25695.74,-1
2025-09-08,2025-09-08 13:54:00,624.52,624.52,624.51,624.51,-0.0,40.98,25695.74,-1
2025-09-08,2025-09-08 13:55:00,624.51,624.51,624.49,624.49,-0.0,40.98,25695.74,-1
2025-09-08,2025-09-08 13:56:00,624.49,624.49,624.48,624.48,-0.0,40.98,25695.74,-1
2025-09-08,2025-09-08 13:57:00,624.48,624.48,624.46,624.46,-0.0,40.98,25695.74,-1
2025-09-08,2025-09-08 13:58:00,624.46,624.46,624.45,624.45,-0.0,40.98,25695.74,-1
2025-09-08,2025-09-08 13:59:00,624.45,624.45,624.44,624.44,-0.0,40.98,25695.74,-1
2025-09-08,2025-09-08 14:00:00,624.44,624.44,624.42,624.42,-0.0,40.98,25695.74,-1
2025-09-08,2025-09-08 14:01:00,624.42,624.42,624.41,624.41,-0.0,40.98,25695.74,-1
2025-09-08,2025-09-08 14:02:00,624.41,624.41,624.39,624.39,-0.0,40.98,25695.74,-1
2025-09-08,2025-09-08 14:03:00,624.39,624.39,624.38,624.38,-0.0,40.98,25695.74,-1
2025-09-08,2025-09-08 14:04:00,624.38,624.38,624.36,624.36,-0.0,40.98,25695.74,-1
2025-09-08,2025-09-08 14:05:00,624.36,624.36,624.35,624.35,-0.0,40.98,25695.74,-1
2025-09-08,2025-09-08 14:06:00,624.35,624.35,624.34,624.34,-0.0,40.98,25695.74,-1
2025-09-08,2025-09-08 14:07:00,624.34,624.34,624.32,624.32,-0.0,40.98,25695.74,-1
2025-09-08,2025-09-08 14:08:00,624.32,624.32,624.31,624.31,-0.0,40.98,25695.74,-1
2025-09-08,2025-09-08 14:09:00,624.31,624.31,624.29,624.29,-0.0,40.98,25695.74,-1
2025-09-08,2025-09-08 14:10:00,624.29,624.29,624.28,624.28,-0.0,40.98,25695.74,-1
2025-09-08,2025-09-08 14:11:00,624.28,624.28,624.26,624.26,-0.0,40.98,25695.74,-1
2025-09-08,2025-09-08 14:12:00,624.26,624.26,624.25,624.25,-0.0,40.98,25695.74,-1
2025-09-08,2025-09-08 14:13:00,624.25,624.25,624.24,624.24,-0.0,40.98,25695.74,-1
2025-09-08,2025-09-08 14:14:00,624.24,624.24,624.22,624.22,-0.0,40.98,25695.74,-1
2025-09-08,2025-09-08 14:15:00,624.22,624.22,624.21,624.21,-0.0,40.98,25695.74,-1
2025-09-08,2025-09-08 14:16:00,624.21,624.21,624.19,624.19,-0.0,40.98,25695.74,-1
2025-09-08,2025-09-08 14:17:00,624.19,624.19,624.18,624.18,-0.0,40.98,25695.74,-1
2025-09-08,2025-09-08 14:18:00,624.18,624.18,624.16,624.16,-0.0,40.98,25695.74,-1
2025-09-08,2025-09-08 14:19:00,624.16,624.16,624.15,624.15,-0.0,40.98,25695.74,-1
2025-09-08,2025-09-08 14:20:00,624.15,624.15,624.14,624.14,-0.0,40.98,25695.74,-1
2025-09-08,2025-09-08 14:21:00,624.14,624.14,624.12,624.12,-0.0,40.98,25695.74,-1
2025-09-08,2025-09-08 14:22:00,624.12,624.12,624.11,624.11,-0.0,40.98,25695.74,-1
2025-09-08,2025-09-08 14:23:00,624.11,624.11,624.09,624.09,-0.0,40.98,25695.74,-1
2025-09-08,2025-09-08 14:24:00,624.09,624.09,624.08,624.08,-0.0,40.98,25695.74,-1
2025-09-08,2025-09-08 14:25:00,624.08,624.08,624.06,624.06,-0.0,40.98,25695.74,-1
2025-09-08,2025-09-08 14:26:00,624.06,624.06,624.05,624.05,-0.0,40.98,25695.74,-1
2025-09-08,2025-09-08 14:27:00,624.05,624.05,624.04,624.04,-0.0,40.98,25695.74,-1
2025-09-08,2025-09-08 14:28:00,624.04,624.04,624.02,624.02,-0.0,40.98,25695.74,-1
2025-09-08,2025-09-08 14:29:00,624.02,624.02,624.01,624.01,-0.0,40.98,25695.74,-1
2025-09-08,2025-09-08 14:30:00,624.01,624.01,623.99,623.99,-0.0,40.98,25695.74,-1
2025-09-08,2025-09-08 14:31:00,623.99,623.99,623.98,623.98,-0.0,40.98,25695.74,-1
2025-09-08,2025-09-08 14:32:00,623.98,623.98,623.96,623.96,-0.0,40.98,25695.74,-1
2025-09-08,2025-09-08 14:33:00,623.96,623.96,623.95,623.95,-0.0,40.98,25695.74,-1
2025-09-08,2025-09-08 14:34:00,623.95,623.95,623.94,623.94,-0.0,40.98,25695.74,-1
2025-09-08,2025-09-08 14:35:00,623.94,623.94,623.92,623.92,-0.0,40.98,25695.74,-1
2025-09-08,2025-09-08 14:36:00,623.92,623.92,623.91,623.91,-0.0,40.98,25695.74,-1
2025-09-08,2025-09-08 14:37:00,623.91,623.91,623.89,623.89,-0.0,40.98,25695.74,-1
2025-09-08,2025-09-08 14:38:00,623.89,623.89,623.88,623.88,-0.0,40.98,25695.74,-1
2025-09-08,2025-09-08 14:39:00,623.88,623.88,623.87,623.87,-0.0,40.98,25695.74,-1
2025-09-08,2025-09-08 14:40:00,623.87,623.87,623.85,623.85,-0.0,40.98,25695.74,-1
2025-09-08,2025-09-08 14:41:00,623.85,623.85,623.84,623.84,-0.0,40.98,25695.74,-1
2025-09-08,2025-09-08 14:42:00,623.84,623.84,623.82,623.82,-0.0,40.98,25695.74,-1
2025-09-08,2025-09-08 14:43:00,623.82,623.82,623.81,623.81,-0.0,40.98,25695.74,-1
2025-09-08,2025-09-08 14:44:00,623.81,623.81,623.79,623.79,-0.0,40.98,25695.74,-1
2025-09-08,2025-09-08 14:45:00,623.79,623.79,623.78,623.78,-0.0,40.98,25695.74,-1
2025-09-08,2025-09-08 14:46:00,623.78,623.78,623.77,623.77,-0.0,40.98,25695.74,-1
2025-09-08,2025-09-08 14:47:00,623.77,623.77,623.75,623.75,-0.0,40.98,25695.74,-1
2025-09-08,2025-09-08 14:48:00,623.75,623.75,623.74,623.74,-0.0,40.98,25695.74,-1
2025-09-08,2025-09-08 14:49:00,623.74,623.74,623.72,623.72,-0.0,40.98,25695.74,-1
2025-09-08,2025-09-08 14:50:00,623.72,623.72,623.71,623.71,-0.0,40.98,25695.74,-1
2025-09-08,2025-09-08 14:51:00,623.71,623.71,623.69,623.69,-0.0,40.98,25695.74,-1
2025-09-08,2025-09-08 14:52:00,623.69,623.69,623.68,623.68,-0.0,40.98,25695.74,-1
2025-09-08,2025-09-08 14:53:00,623.68,623.68,623.67,623.67,-0.0,40.98,25695.74,-1
2025-09-08,2025-09-08 14:54:00,623.67,623.67,623.65,623.65,-0.0,40.98,25695.74,-1
2025-09-08,2025-09-08 14:55:00,623.65,623.65,623.64,623.64,-0.0,40.98,25695.74,-1
2025-09-08,2025-09-08 14:56:00,623.64,623.64,623.62,623.62,-0.0,40.98,25695.74,-1
2025-09-08,2025-09-08 14:57:00,623.62,623.62,623.61,623.61,-0.0,40.98,25695.74,-1
2025-09-08,2025-09-08 14:58:00,623.61,623.61,623.59,623.59,-0.0,40.98,25695.74,-1
2025-09-08,2025-09-08 14:59:00,623.59,623.59,623.58,623.58,-0.0,40.98,25695.74,-1
2025-09-08,2025-09-08 15:00:00,623.58,633.0,620.0,623.58,0.0,40.98,25695.74,0
2025-09-18,2025-09-18 11:00:00,611.2,611.2,600.94,611.06,-0.02,2.49,1518.77,-1
2025-09-18,2025-09-18 11:01:00,611.06,611.06,610.92,610.92,-0.02,2.49,1518.77,-1
2025-09-18,2025-09-18 11:02:00,610.92,610.92,610.77,610.77,-0.02,2.49,1518.77,-1
2025-09-18,2025-09-18 11:03:00,610.77,610.77,610.63,610.63,-0.02,2.49,1518.77,-1
2025-09-18,2025-09-18 11:04:00,610.63,610.63,610.49,610.49,-0.02,2.49,1518.77,-1
2025-09-18,2025-09-18 11:05:00,610.49,610.49,610.35,610.35,-0.02,2.49,1518.77,-1
2025-09-18,2025-09-18 11:06:00,610.35,610.35,610.2,610.2,-0.02,2.49,1518.77,-1
2025-09-18,2025-09-18 11:07:00,610.2,610.2,610.06,610.06,-0.02,2.49,1518.77,-1
2025-09-18,2025-09-18 11:08:00,610.06,610.06,609.92,609.92,-0.02,2.49,1518.77,-1
2025-09-18,2025-09-18 11:09:00,609.92,609.92,609.78,609.78,-0.02,2.49,1518.77,-1
2025-09-18,2025-09-18 11:10:00,609.78,609.78,609.63,609.63,-0.02,2.49,1518.77,-1
2025-09-18,2025-09-18 11:11:00,609.63,609.63,609.49,609.49,-0.02,2.49,1518.77,-1
2025-09-18,2025-09-18 11:12:00,609.49,609.49,609.35,609.35,-0.02,2.49,1518.77,-1
2025-09-18,2025-09-18 11:13:00,609.35,609.35,609.21,609.21,-0.02,2.49,1518.77,-1
2025-09-18,2025-09-18 11:14:00,609.21,609.21,609.06,609.06,-0.02,2.49,1518.77,-1
2025-09-18,2025-09-18 11:15:00,609.06,609.06,608.92,608.92,-0.02,2.49,1518.77,-1
2025-09-18,2025-09-18 11:16:00,608.92,608.92,608.78,608.78,-0.02,2.49,1518.77,-1
2025-09-18,2025-09-18 11:17:00,608.78,608.78,608.63,608.63,-0.02,2.49,1518.77,-1
2025-09-18,2025-09-18 11:18:00,608.63,608.63,608.49,608.49,-0.02,2.49,1518.77,-1
2025-09-18,2025-09-18 11:19:00,608.49,608.49,608.35,608.35,-0.02,2.49,1518.77,-1
2025-09-18,2025-09-18 11:20:00,608.35,608.35,608.21,608.21,-0.02,2.49,1518.77,-1
2025-09-18,2025-09-18 11:21:00,608.21,608.21,608.07,608.07,-0.02,2.49,1518.77,-1
2025-09-18,2025-09-18 11:22:00,608.07,608.07,607.92,607.92,-0.02,2.49,1518.77,-1
2025-09-18,2025-09-18 11:23:00,607.92,607.92,607.78,607.78,-0.02,2.49,1518.77,-1
2025-09-18,2025-09-18 11:24:00,607.78,607.78,607.64,607.64,-0.02,2.49,1518.77,-1
2025-09-18,2025-09-18 11:25:00,607.64,607.64,607.5,607.5,-0.02,2.49,1518.77,-1
2025-09-18,2025-09-18 11:26:00,607.5,607.5,607.35,607.35,-0.02,2.49,1518.77,-1
2025-09-18,2025-09-18 11:27:00,607.35,607.35,607.21,607.21,-0.02,2.49,1518.77,-1
2025-09-18,2025-09-18 11:28:00,607.21,607.21,607.07,607.07,-0.02,2.49,1518.77,-1
2025-09-18,2025-09-18 11:29:00,607.07,607.07,606.93,606.93,-0.02,2.49,1518.77,-1
2025-09-18,2025-09-18 11:30:00,606.93,606.93,606.78,606.78,-0.02,2.49,1518.77,-1
2025-09-18,2025-09-18 11:31:00,606.78,606.78,606.64,606.64,-0.02,2.49,1518.77,-1
2025-09-18,2025-09-18 11:32:00,606.64,606.64,606.5,606.5,-0.02,2.49,1518.77,-1
2025-09-18,2025-09-18 11:33:00,606.5,606.5,606.36,606.36,-0.02,2.49,1518.77,-1
2025-09-18,2025-09-18 11:34:00,606.36,606.36,606.21,606.21,-0.02,2.49,1518.77,-1
2025-09-18,2025-09-18 11:35:00,606.21,606.21,606.07,606.07,-0.02,2.49,1518.77,-1
2025-09-18,2025-09-18 11:36:00,606.07,606.07,605.93,605.93,-0.02,2.49,1518.77,-1
2025-09-18,2025-09-18 11:37:00,605.93,605.93,605.79,605.79,-0.02,2.49,1518.77,-1
2025-09-18,2025-09-18 11:38:00,605.79,605.79,605.64,605.64,-0.02,2.49,1518.77,-1
2025-09-18,2025-09-18 11:39:00,605.64,605.64,605.5,605.5,-0.02,2.49,1518.77,-1
2025-09-18,2025-09-18 11:40:00,605.5,605.5,605.36,605.36,-0.02,2.49,1518.77,-1
2025-09-18,2025-09-18 11:41:00,605.36,605.36,605.22,605.22,-0.02,2.49,1518.77,-1
2025-09-18,2025-09-18 11:42:00,605.22,605.22,605.07,605.07,-0.02,2.49,1518.77,-1
2025-09-18,2025-09-18 11:43:00,605.07,605.07,604.93,604.93,-0.02,2.49,1518.77,-1
2025-09-18,2025-09-18 11:44:00,604.93,604.93,604.79,604.79,-0.02,2.49,1518.77,-1
2025-09-18,2025-09-18 11:45:00,604.79,604.79,604.64,604.64,-0.02,2.49,1518.77,-1
2025-09-18,2025-09-18 11:46:00,604.64,604.64,604.5,604.5,-0.02,2.49,1518.77,-1
2025-09-18,2025-09-18 11:47:00,604.5,604.5,604.36,604.36,-0.02,2.49,1518.77,-1
2025-09-18,2025-09-18 11:48:00,604.36,604.36,604.22,604.22,-0.02,2.49,1518.77,-1
2025-09-18,2025-09-18 11:49:00,604.22,604.22,604.08,604.08,-0.02,2.49,1518.77,-1
2025-09-18,2025-09-18 11:50:00,604.08,604.08,603.93,603.93,-0.02,2.49,1518.77,-1
2025-09-18,2025-09-18 11:51:00,603.93,603.93,603.79,603.79,-0.02,2.49,1518.77,-1
2025-09-18,2025-09-18 11:52:00,603.79,603.79,603.65,603.65,-0.02,2.49,1518.77,-1
2025-09-18,2025-09-18 11:53:00,603.65,603.65,603.5,603.5,-0.02,2.49,1518.77,-1
2025-09-18,2025-09-18 11:54:00,603.5,603.5,603.36,603.36,-0.02,2.49,1518.77,-1
2025-09-18,2025-09-18 11:55:00,603.36,603.36,603.22,603.22,-0.02,2.49,1518.77,-1
2025-09-18,2025-09-18 11:56:00,603.22,603.22,603.08,603.08,-0.02,2.49,1518.77,-1
2025-09-18,2025-09-18 11:57:00,603.08,603.08,602.94,602.94,-0.02,2.49,1518.77,-1
2025-09-18,2025-09-18 11:58:00,602.94,602.94,602.79,602.79,-0.02,2.49,1518.77,-1
2025-09-18,2025-09-18 11:59:00,602.79,602.79,602.65,602.65,-0.02,2.49,1518.77,-1
2025-09-18,2025-09-18 12:00:00,602.65,602.65,602.51,602.51,-0.02,2.49,1518.77,-1
2025-09-18,2025-09-18 12:01:00,602.51,602.51,602.37,602.37,-0.02,2.49,1518.77,-1
2025-09-18,2025-09-18 12:02:00,602.37,602.37,602.22,602.22,-0.02,2.49,1518.77,-1
2025-09-18,2025-09-18 12:03:00,602.22,602.22,602.08,602.08,-0.02,2.49,1518.77,-1
2025-09-18,2025-09-18 12:04:00,602.08,602.08,601.94,601.94,-0.02,2.49,1518.77,-1
2025-09-18,2025-09-18 12:05:00,601.94,601.94,601.8,601.8,-0.02,2.49,1518.77,-1
2025-09-18,2025-09-18 12:06:00,601.8,601.8,601.65,601.65,-0.02,2.49,1518.77,-1
2025-09-18,2025-09-18 12:07:00,601.65,601.65,601.51,601.51,-0.02,2.49,1518.77,-1
2025-09-18,2025-09-18 12:08:00,601.51,601.51,601.37,601.37,-0.02,2.49,1518.77,-1
2025-09-18,2025-09-18 12:09:00,601.37,601.37,601.23,601.23,-0.02,2.49,1518.77,-1
2025-09-18,2025-09-18 12:10:00,601.23,601.23,601.08,601.08,-0.02,2.49,1518.77,-1
2025-09-18,2025-09-18 12:11:00,601.08,601.08,600.94,600.94,-0.02,2.49,1518.77,-1
2025-09-18,2025-09-18 12:12:00,600.94,600.94,600.8,600.8,-0.02,2.49,1518.77,-1
2025-09-18,2025-09-18 12:13:00,600.8,600.8,600.66,600.66,-0.02,2.49,1518.77,-1
2025-09-18,2025-09-18 12:14:00,600.66,600.66,600.51,600.51,-0.02,2.49,1518.77,-1
2025-09-18,2025-09-18 12:15:00,600.51,600.51,600.37,600.37,-0.02,2.49,1518.77,-1
2025-09-18,2025-09-18 12:16:00,600.37,600.37,600.23,600.23,-0.02,2.49,1518.77,-1
2025-09-18,2025-09-18 12:17:00,600.23,600.23,600.09,600.09,-0.02,2.49,1518.77,-1
2025-09-18,2025-09-18 12:18:00,600.09,600.09,599.94,599.94,-0.02,2.49,1518.77,-1
2025-09-18,2025-09-18 12:19:00,599.94,599.94,599.8,599.8,-0.02,2.49,1518.77,-1
2025-09-18,2025-09-18 12:20:00,599.8,599.8,599.66,599.66,-0.02,2.49,1518.77,-1
2025-09-18,2025-09-18 12:21:00,599.66,599.66,599.51,599.51,-0.03,2.49,1518.77,-1
2025-09-18,2025-09-18 12:22:00,599.51,599.51,599.37,599.37,-0.02,2.49,1518.77,-1
2025-09-18,2025-09-18 12:23:00,599.37,599.37,599.23,599.23,-0.02,2.49,1518.77,-1
2025-09-18,2025-09-18 12:24:00,599.23,599.23,599.09,599.09,-0.02,2.49,1518.77,-1
2025-09-18,2025-09-18 12:25:00,599.09,599.09,598.95,598.95,-0.02,2.49,1518.77,-1
2025-09-18,2025-09-18 12:26:00,598.95,598.95,598.8,598.8,-0.03,2.49,1518.77,-1
2025-09-18,2025-09-18 12:27:00,598.8,598.8,598.66,598.66,-0.02,2.49,1518.77,-1
2025-09-18,2025-09-18 12:28:00,598.66,598.66,598.52,598.52,-0.02,2.49,1518.77,-1
2025-09-18,2025-09-18 12:29:00,598.52,598.52,598.38,598.38,-0.02,2.49,1518.77,-1
2025-09-18,2025-09-18 12:30:00,598.38,598.38,598.23,598.23,-0.03,2.49,1518.77,-1
2025-09-18,2025-09-18 12:31:00,598.23,598.23,598.09,598.09,-0.02,2.49,1518.77,-1
2025-09-18,2025-09-18 12:32:00,598.09,598.09,597.95,597.95,-0.02,2.49,1518.77,-1
2025-09-18,2025-09-18 12:33:00,597.95,597.95,597.81,597.81,-0.02,2.49,1518.77,-1
2025-09-18,2025-09-18 12:34:00,597.81,597.81,597.66,597.66,-0.03,2.49,1518.77,-1
2025-09-18,2025-09-18 12:35:00,597.66,597.66,597.52,597.52,-0.02,2.49,1518.77,-1
2025-09-18,2025-09-18 12:36:00,597.52,597.52,597.38,597.38,-0.02,2.49,1518.77,-1
2025-09-18,2025-09-18 12:37:00,597.38,597.38,597.24,597.24,-0.02,2.49,1518.77,-1
2025-09-18,2025-09-18 12:38:00,597.24,597.24,597.09,597.09,-0.03,2.49,1518.77,-1
2025-09-18,2025-09-18 12:39:00,597.09,597.09,596.95,596.95,-0.02,2.49,1518.77,-1
2025-09-18,2025-09-18 12:40:00,596.95,596.95,596.81,596.81,-0.02,2.49,1518.77,-1
2025-09-18,2025-09-18 12:41:00,596.81,596.81,596.67,596.67,-0.02,2.49,1518.77,-1
2025-09-18,2025-09-18 12:42:00,596.67,596.67,596.52,596.52,-0.03,2.49,1518.77,-1
2025-09-18,2025-09-18 12:43:00,596.52,596.52,596.38,596.38,-0.02,2.49,1518.77,-1
2025-09-18,2025-09-18 12:44:00,596.38,596.38,596.24,596.24,-0.02,2.49,1518.77,-1
2025-09-18,2025-09-18 12:45:00,596.24,596.24,596.1,596.1,-0.02,2.49,1518.77,-1
2025-09-18,2025-09-18 12:46:00,596.1,596.1,595.95,595.95,-0.03,2.49,1518.77,-1
2025-09-18,2025-09-18 12:47:00,595.95,595.95,595.81,595.81,-0.02,2.49,1518.77,-1
2025-09-18,2025-09-18 12:48:00,595.81,595.81,595.67,595.67,-0.02,2.49,1518.77,-1
2025-09-18,2025-09-18 12:49:00,595.67,595.67,595.52,595.52,-0.03,2.49,1518.77,-1
2025-09-18,2025-09-18 12:50:00,595.52,595.52,595.38,595.38,-0.02,2.49,1518.77,-1
2025-09-18,2025-09-18 12:51:00,595.38,595.38,595.24,595.24,-0.02,2.49,1518.77,-1
2025-09-18,2025-09-18 12:52:00,595.24,595.24,595.1,595.1,-0.02,2.49,1518.77,-1
2025-09-18,2025-09-18 12:53:00,595.1,595.1,594.96,594.96,-0.02,2.49,1518.77,-1
2025-09-18,2025-09-18 12:54:00,594.96,594.96,594.81,594.81,-0.03,2.49,1518.77,-1
2025-09-18,2025-09-18 12:55:00,594.81,594.81,594.67,594.67,-0.02,2.49,1518.77,-1
2025-09-18,2025-09-18 12:56:00,594.67,594.67,594.53,594.53,-0.02,2.49,1518.77,-1
2025-09-18,2025-09-18 12:57:00,594.53,594.53,594.38,594.38,-0.03,2.49,1518.77,-1
2025-09-18,2025-09-18 12:58:00,594.38,594.38,594.24,594.24,-0.02,2.49,1518.77,-1
2025-09-18,2025-09-18 12:59:00,594.24,594.24,594.1,594.1,-0.02,2.49,1518.77,-1
2025-09-18,2025-09-18 13:00:00,594.1,611.2,577.0,593.96,-0.02,2.49,1518.77,-1
2025-09-18,2025-09-18 13:01:00,593.96,593.96,593.82,593.82,-0.02,2.49,1518.77,-1
2025-09-18,2025-09-18 13:02:00,593.82,593.82,593.67,593.67,-0.03,2.49,1518.77,-1
2025-09-18,2025-09-18 13:03:00,593.67,593.67,593.53,593.53,-0.02,2.49,1518.77,-1
2025-09-18,2025-09-18 13:04:00,593.53,593.53,593.39,593.39,-0.02,2.49,1518.77,-1
2025-09-18,2025-09-18 13:05:00,593.39,593.39,593.25,593.25,-0.02,2.49,1518.77,-1
2025-09-18,2025-09-18 13:06:00,593.25,593.25,593.1,593.1,-0.03,2.49,1518.77,-1
2025-09-18,2025-09-18 13:07:00,593.1,593.1,592.96,592.96,-0.02,2.49,1518.77,-1
2025-09-18,2025-09-18 13:08:00,592.96,592.96,592.82,592.82,-0.02,2.49,1518.77,-1
2025-09-18,2025-09-18 13:09:00,592.82,592.82,592.68,592.68,-0.02,2.49,1518.77,-1
2025-09-18,2025-09-18 13:10:00,592.68,592.68,592.53,592.53,-0.03,2.49,1518.77,-1
2025-09-18,2025-09-18 13:11:00,592.53,592.53,592.39,592.39,-0.02,2.49,1518.77,-1
2025-09-18,2025-09-18 13:12:00,592.39,592.39,592.25,592.25,-0.02,2.49,1518.77,-1
2025-09-18,2025-09-18 13:13:00,592.25,592.25,592.11,592.11,-0.02,2.49,1518.77,-1
2025-09-18,2025-09-18 13:14:00,592.11,592.11,591.96,591.96,-0.03,2.49,1518.77,-1
2025-09-18,2025-09-18 13:15:00,591.96,591.96,591.82,591.82,-0.02,2.49,1518.77,-1
2025-09-18,2025-09-18 13:16:00,591.82,591.82,591.68,591.68,-0.02,2.49,1518.77,-1
2025-09-18,2025-09-18 13:17:00,591.68,591.68,591.53,591.53,-0.03,2.49,1518.77,-1
2025-09-18,2025-09-18 13:18:00,591.53,591.53,591.39,591.39,-0.02,2.49,1518.77,-1
2025-09-18,2025-09-18 13:19:00,591.39,591.39,591.25,591.25,-0.02,2.49,1518.77,-1
2025-09-18,2025-09-18 13:20:00,591.25,591.25,591.11,591.11,-0.02,2.49,1518.77,-1
2025-09-18,2025-09-18 13:21:00,591.11,591.11,590.97,590.97,-0.02,2.49,1518.77,-1
2025-09-18,2025-09-18 13:22:00,590.97,590.97,590.82,590.82,-0.03,2.49,1518.77,-1
2025-09-18,2025-09-18 13:23:00,590.82,590.82,590.68,590.68,-0.02,2.49,1518.77,-1
2025-09-18,2025-09-18 13:24:00,590.68,590.68,590.54,590.54,-0.02,2.49,1518.77,-1
2025-09-18,2025-09-18 13:25:00,590.54,590.54,590.39,590.39,-0.03,2.49,1518.77,-1
2025-09-18,2025-09-18 13:26:00,590.39,590.39,590.25,590.25,-0.02,2.49,1518.77,-1
2025-09-18,2025-09-18 13:27:00,590.25,590.25,590.11,590.11,-0.02,2.49,1518.77,-1
2025-09-18,2025-09-18 13:28:00,590.11,590.11,589.97,589.97,-0.02,2.49,1518.77,-1
2025-09-18,2025-09-18 13:29:00,589.97,589.97,589.83,589.83,-0.02,2.49,1518.77,-1
2025-09-18,2025-09-18 13:30:00,589.83,589.83,589.68,589.68,-0.03,2.49,1518.77,-1
2025-09-18,2025-09-18 13:31:00,589.68,589.68,589.54,589.54,-0.02,2.49,1518.77,-1
2025-09-18,2025-09-18 13:32:00,589.54,589.54,589.4,589.4,-0.02,2.49,1518.77,-1
2025-09-18,2025-09-18 13:33:00,589.4,589.4,589.25,589.25,-0.03,2.49,1518.77,-1
2025-09-18,2025-09-18 13:34:00,589.25,589.25,589.11,589.11,-0.02,2.49,1518.77,-1
2025-09-18,2025-09-18 13:35:00,589.11,589.11,588.97,588.97,-0.02,2.49,1518.77,-1
2025-09-18,2025-09-18 13:36:00,588.97,588.97,588.83,588.83,-0.02,2.49,1518.77,-1
2025-09-18,2025-09-18 13:37:00,588.83,588.83,588.69,588.69,-0.02,2.49,1518.77,-1
2025-09-18,2025-09-18 13:38:00,588.69,588.69,588.54,588.54,-0.03,2.49,1518.77,-1
2025-09-18,2025-09-18 13:39:00,588.54,588.54,588.4,588.4,-0.02,2.49,1518.77,-1
2025-09-18,2025-09-18 13:40:00,588.4,588.4,588.26,588.26,-0.02,2.49,1518.77,-1
2025-09-18,2025-09-18 13:41:00,588.26,588.26,588.12,588.12,-0.02,2.49,1518.77,-1
2025-09-18,2025-09-18 13:42:00,588.12,588.12,587.97,587.97,-0.03,2.49,1518.77,-1
2025-09-18,2025-09-18 13:43:00,587.97,587.97,587.83,587.83,-0.02,2.49,1518.77,-1
2025-09-18,2025-09-18 13:44:00,587.83,587.83,587.69,587.69,-0.02,2.49,1518.77,-1
2025-09-18,2025-09-18 13:45:00,587.69,587.69,587.55,587.55,-0.02,2.49,1518.77,-1
2025-09-18,2025-09-18 13:46:00,587.55,587.55,587.4,587.4,-0.03,2.49,1518.77,-1
2025-09-18,2025-09-18 13:47:00,587.4,587.4,587.26,587.26,-0.02,2.49,1518.77,-1
2025-09-18,2025-09-18 13:48:00,587.26,587.26,587.12,587.12,-0.02,2.49,1518.77,-1
2025-09-18,2025-09-18 13:49:00,587.12,587.12,586.98,586.98,-0.02,2.49,1518.77,-1
2025-09-18,2025-09-18 13:50:00,586.98,586.98,586.83,586.83,-0.03,2.49,1518.77,-1
2025-09-18,2025-09-18 13:51:00,586.83,586.83,586.69,586.69,-0.02,2.49,1518.77,-1
2025-09-18,2025-09-18 13:52:00,586.69,586.69,586.55,586.55,-0.02,2.49,1518.77,-1
2025-09-18,2025-09-18 13:53:00,586.55,586.55,586.4,586.4,-0.03,2.49,1518.77,-1
2025-09-18,2025-09-18 13:54:00,586.4,586.4,586.26,586.26,-0.02,2.49,1518.77,-1
2025-09-18,2025-09-18 13:55:00,586.26,586.26,586.12,586.12,-0.02,2.49,1518.77,-1
2025-09-18,2025-09-18 13:56:00,586.12,586.12,585.98,585.98,-0.02,2.49,1518.77,-1
2025-09-18,2025-09-18 13:57:00,585.98,585.98,585.84,585.84,-0.02,2.49,1518.77,-1
2025-09-18,2025-09-18 13:58:00,585.84,585.84,585.69,585.69,-0.03,2.49,1518.77,-1
2025-09-18,2025-09-18 13:59:00,585.69,585.69,585.55,585.55,-0.02,2.49,1518.77,-1
2025-09-18,2025-09-18 14:00:00,585.55,585.55,585.41,585.41,-0.02,2.49,1518.77,-1
2025-09-18,2025-09-18 14:01:00,585.41,585.41,585.26,585.26,-0.03,2.49,1518.77,-1
2025-09-18,2025-09-18 14:02:00,585.26,585.26,585.12,585.12,-0.02,2.49,1518.77,-1
2025-09-18,2025-09-18 14:03:00,585.12,585.12,584.98,584.98,-0.02,2.49,1518.77,-1
2025-09-18,2025-09-18 14:04:00,584.98,584.98,584.84,584.84,-0.02,2.49,1518.77,-1
2025-09-18,2025-09-18 14:05:00,584.84,584.84,584.7,584.7,-0.02,2.49,1518.77,-1
2025-09-18,2025-09-18 14:06:00,584.7,584.7,584.55,584.55,-0.03,2.49,1518.77,-1
2025-09-18,2025-09-18 14:07:00,584.55,584.55,584.41,584.41,-0.02,2.49,1518.77,-1
2025-09-18,2025-09-18 14:08:00,584.41,584.41,584.27,584.27,-0.02,2.49,1518.77,-1
2025-09-18,2025-09-18 14:09:00,584.27,584.27,584.12,584.12,-0.03,2.49,1518.77,-1
2025-09-18,2025-09-18 14:10:00,584.12,584.12,583.98,583.98,-0.02,2.49,1518.77,-1
2025-09-18,2025-09-18 14:11:00,583.98,583.98,583.84,583.84,-0.02,2.49,1518.77,-1
2025-09-18,2025-09-18 14:12:00,583.84,583.84,583.7,583.7,-0.02,2.49,1518.77,-1
2025-09-18,2025-09-18 14:13:00,583.7,583.7,583.56,583.56,-0.02,2.49,1518.77,-1
2025-09-18,2025-09-18 14:14:00,583.56,583.56,583.41,583.41,-0.03,2.49,1518.77,-1
2025-09-18,2025-09-18 14:15:00,583.41,583.41,583.27,583.27,-0.02,2.49,1518.77,-1
2025-09-18,2025-09-18 14:16:00,583.27,583.27,583.13,583.13,-0.02,2.49,1518.77,-1
2025-09-18,2025-09-18 14:17:00,583.13,583.13,582.99,582.99,-0.02,2.49,1518.77,-1
2025-09-18,2025-09-18 14:18:00,582.99,582.99,582.84,582.84,-0.03,2.49,1518.77,-1
2025-09-18,2025-09-18 14:19:00,582.84,582.84,582.7,582.7,-0.02,2.49,1518.77,-1
2025-09-18,2025-09-18 14:20:00,582.7,582.7,582.56,582.56,-0.02,2.49,1518.77,-1
2025-09-18,2025-09-18 14:21:00,582.56,582.56,582.41,582.41,-0.03,2.49,1518.77,-1
2025-09-18,2025-09-18 14:22:00,582.41,582.41,582.27,582.27,-0.02,2.49,1518.77,-1
2025-09-18,2025-09-18 14:23:00,582.27,582.27,582.13,582.13,-0.02,2.49,1518.77,-1
2025-09-18,2025-09-18 14:24:00,582.13,582.13,581.99,581.99,-0.02,2.49,1518.77,-1
2025-09-18,2025-09-18 14:25:00,581.99,581.99,581.85,581.85,-0.02,2.49,1518.77,-1
2025-09-18,2025-09-18 14:26:00,581.85,581.85,581.7,581.7,-0.03,2.49,1518.77,-1
2025-09-18,2025-09-18 14:27:00,581.7,581.7,581.56,581.56,-0.02,2.49,1518.77,-1
2025-09-18,2025-09-18 14:28:00,581.56,581.56,581.42,581.42,-0.02,2.49,1518.77,-1
2025-09-18,2025-09-18 14:29:00,581.42,581.42,581.27,581.27,-0.03,2.49,1518.77,-1
2025-09-18,2025-09-18 14:30:00,581.27,581.27,581.13,581.13,-0.02,2.49,1518.77,-1
2025-09-18,2025-09-18 14:31:00,581.13,581.13,580.99,580.99,-0.02,2.49,1518.77,-1
2025-09-18,2025-09-18 14:32:00,580.99,580.99,580.85,580.85,-0.02,2.49,1518.77,-1
2025-09-18,2025-09-18 14:33:00,580.85,580.85,580.71,580.71,-0.02,2.49,1518.77,-1
2025-09-18,2025-09-18 14:34:00,580.71,580.71,580.56,580.56,-0.03,2.49,1518.77,-1
2025-09-18,2025-09-18 14:35:00,580.56,580.56,580.42,580.42,-0.02,2.49,1518.77,-1
2025-09-18,2025-09-18 14:36:00,580.42,580.42,580.28,580.28,-0.02,2.49,1518.77,-1
2025-09-18,2025-09-18 14:37:00,580.28,580.28,580.13,580.13,-0.03,2.49,1518.77,-1
2025-09-18,2025-09-18 14:38:00,580.13,580.13,579.99,579.99,-0.02,2.49,1518.77,-1
2025-09-18,2025-09-18 14:39:00,579.99,579.99,579.85,579.85,-0.02,2.49,1518.77,-1
2025-09-18,2025-09-18 14:40:00,579.85,579.85,579.71,579.71,-0.02,2.49,1518.77,-1
2025-09-18,2025-09-18 14:41:00,579.71,579.71,579.57,579.57,-0.02,2.49,1518.77,-1
2025-09-18,2025-09-18 14:42:00,579.57,579.57,579.42,579.42,-0.03,2.49,1518.77,-1
2025-09-18,2025-09-18 14:43:00,579.42,579.42,579.28,579.28,-0.02,2.49,1518.77,-1
2025-09-18,2025-09-18 14:44:00,579.28,579.28,579.14,579.14,-0.02,2.49,1518.77,-1
2025-09-18,2025-09-18 14:45:00,579.14,579.14,579.0,579.0,-0.02,2.49,1518.77,-1
2025-09-18,2025-09-18 14:46:00,579.0,579.0,578.85,578.85,-0.03,2.49,1518.77,-1
2025-09-18,2025-09-18 14:47:00,578.85,578.85,578.71,578.71,-0.02,2.49,1518.77,-1
2025-09-18,2025-09-18 14:48:00,578.71,578.71,578.57,578.57,-0.02,2.49,1518.77,-1
2025-09-18,2025-09-18 14:49:00,578.57,578.57,578.42,578.42,-0.03,2.49,1518.77,-1
2025-09-18,2025-09-18 14:50:00,578.42,578.42,578.28,578.28,-0.02,2.49,1518.77,-1
2025-09-18,2025-09-18 14:51:00,578.28,578.28,578.14,578.14,-0.02,2.49,1518.77,-1
2025-09-18,2025-09-18 14:52:00,578.14,578.14,578.0,578.0,-0.02,2.49,1518.77,-1
2025-09-18,2025-09-18 14:53:00,578.0,578.0,577.86,577.86,-0.02,2.49,1518.77,-1
2025-09-18,2025-09-18 14:54:00,577.86,577.86,577.71,577.71,-0.03,2.49,1518.77,-1
2025-09-18,2025-09-18 14:55:00,577.71,577.71,577.57,577.57,-0.02,2.49,1518.77,-1
2025-09-18,2025-09-18 14:56:00,577.57,577.57,577.43,577.43,-0.02,2.49,1518.77,-1
2025-09-18,2025-09-18 14:57:00,577.43,577.43,577.28,577.28,-0.03,2.49,1518.77,-1
2025-09-18,2025-09-18 14:58:00,577.28,577.28,577.14,577.14,-0.02,2.49,1518.77,-1
2025-09-18,2025-09-18 14:59:00,577.14,577.14,577.0,577.0,-0.02,2.49,1518.77,-1
2025-09-18,2025-09-18 15:00:00,577.0,611.2,577.0,577.0,0.0,2.49,1518.77,0
2025-09-21,2025-09-21 11:00:00,565.5,586.26,565.5,565.79,0.05,47.26,29007.3,1
2025-09-21,2025-09-21 11:01:00,565.79,566.08,565.79,566.08,0.05,47.26,29007.3,1
2025-09-21,2025-09-21 11:02:00,566.08,566.37,566.08,566.37,0.05,47.26,29007.3,1
2025-09-21,2025-09-21 11:03:00,566.37,566.65,566.37,566.65,0.05,47.26,29007.3,1
2025-09-21,2025-09-21 11:04:00,566.65,566.94,566.65,566.94,0.05,47.26,29007.3,1
2025-09-21,2025-09-21 11:05:00,566.94,567.23,566.94,567.23,0.05,47.26,29007.3,1
2025-09-21,2025-09-21 11:06:00,567.23,567.52,567.23,567.52,0.05,47.26,29007.3,1
2025-09-21,2025-09-21 11:07:00,567.52,567.81,567.52,567.81,0.05,47.26,29007.3,1
2025-09-21,2025-09-21 11:08:00,567.81,568.1,567.81,568.1,0.05,47.26,29007.3,1
2025-09-21,2025-09-21 11:09:00,568.1,568.38,568.1,568.38,0.05,47.26,29007.3,1
2025-09-21,2025-09-21 11:10:00,568.38,568.67,568.38,568.67,0.05,47.26,29007.3,1
2025-09-21,2025-09-21 11:11:00,568.67,568.96,568.67,568.96,0.05,47.26,29007.3,1
2025-09-21,2025-09-21 11:12:00,568.96,569.25,568.96,569.25,0.05,47.26,29007.3,1
2025-09-21,2025-09-21 11:13:00,569.25,569.54,569.25,569.54,0.05,47.26,29007.3,1
2025-09-21,2025-09-21 11:14:00,569.54,569.83,569.54,569.83,0.05,47.26,29007.3,1
2025-09-21,2025-09-21 11:15:00,569.83,570.11,569.83,570.11,0.05,47.26,29007.3,1
2025-09-21,2025-09-21 11:16:00,570.11,570.4,570.11,570.4,0.05,47.26,29007.3,1
2025-09-21,2025-09-21 11:17:00,570.4,570.69,570.4,570.69,0.05,47.26,29007.3,1
2025-09-21,2025-09-21 11:18:00,570.69,570.98,570.69,570.98,0.05,47.26,29007.3,1
2025-09-21,2025-09-21 11:19:00,570.98,571.27,570.98,571.27,0.05,47.26,29007.3,1
2025-09-21,2025-09-21 11:20:00,571.27,571.55,571.27,571.55,0.05,47.26,29007.3,1
2025-09-21,2025-09-21 11:21:00,571.55,571.84,571.55,571.84,0.05,47.26,29007.3,1
2025-09-21,2025-09-21 11:22:00,571.84,572.13,571.84,572.13,0.05,47.26,29007.3,1
2025-09-21,2025-09-21 11:23:00,572.13,572.42,572.13,572.42,0.05,47.26,29007.3,1
2025-09-21,2025-09-21 11:24:00,572.42,572.71,572.42,572.71,0.05,47.26,29007.3,1
2025-09-21,2025-09-21 11:25:00,572.71,573.0,572.71,573.0,0.05,47.26,29007.3,1
2025-09-21,2025-09-21 11:26:00,573.0,573.28,573.0,573.28,0.05,47.26,29007.3,1
2025-09-21,2025-09-21 11:27:00,573.28,573.57,573.28,573.57,0.05,47.26,29007.3,1
2025-09-21,2025-09-21 11:28:00,573.57,573.86,573.57,573.86,0.05,47.26,29007.3,1
2025-09-21,2025-09-21 11:29:00,573.86,574.15,573.86,574.15,0.05,47.26,29007.3,1
2025-09-21,2025-09-21 11:30:00,574.15,574.44,574.15,574.44,0.05,47.26,29007.3,1
2025-09-21,2025-09-21 11:31:00,574.44,574.73,574.44,574.73,0.05,47.26,29007.3,1
2025-09-21,2025-09-21 11:32:00,574.73,575.01,574.73,575.01,0.05,47.26,29007.3,1
2025-09-21,2025-09-21 11:33:00,575.01,575.3,575.01,575.3,0.05,47.26,29007.3,1
2025-09-21,2025-09-21 11:34:00,575.3,575.59,575.3,575.59,0.05,47.26,29007.3,1
2025-09-21,2025-09-21 11:35:00,575.59,575.88,575.59,575.88,0.05,47.26,29007.3,1
2025-09-21,2025-09-21 11:36:00,575.88,576.17,575.88,576.17,0.05,47.26,29007.3,1
2025-09-21,2025-09-21 11:37:00,576.17,576.46,576.17,576.46,0.05,47.26,29007.3,1
2025-09-21,2025-09-21 11:38:00,576.46,576.75,576.46,576.75,0.05,47.26,29007.3,1
2025-09-21,2025-09-21 11:39:00,576.75,577.03,576.75,577.03,0.05,47.26,29007.3,1
2025-09-21,2025-09-21 11:40:00,577.03,577.32,577.03,577.32,0.05,47.26,29007.3,1
2025-09-21,2025-09-21 11:41:00,577.32,577.61,577.32,577.61,0.05,47.26,29007.3,1
2025-09-21,2025-09-21 11:42:00,577.61,577.9,577.61,577.9,0.05,47.26,29007.3,1
2025-09-21,2025-09-21 11:43:00,577.9,578.19,577.9,578.19,0.05,47.26,29007.3,1
2025-09-21,2025-09-21 11:44:00,578.19,578.48,578.19,578.48,0.05,47.26,29007.3,1
2025-09-21,2025-09-21 11:45:00,578.48,578.76,578.48,578.76,0.05,47.26,29007.3,1
2025-09-21,2025-09-21 11:46:00,578.76,579.05,578.76,579.05,0.05,47.26,29007.3,1
2025-09-21,2025-09-21 11:47:00,579.05,579.34,579.05,579.34,0.05,47.26,29007.3,1
2025-09-21,2025-09-21 11:48:00,579.34,579.63,579.34,579.63,0.05,47.26,29007.3,1
2025-09-21,2025-09-21 11:49:00,579.63,579.92,579.63,579.92,0.05,47.26,29007.3,1
2025-09-21,2025-09-21 11:50:00,579.92,580.21,579.92,580.21,0.05,47.26,29007.3,1
2025-09-21,2025-09-21 11:51:00,580.21,580.49,580.21,580.49,0.05,47.26,29007.3,1
2025-09-21,2025-09-21 11:52:00,580.49,580.78,580.49,580.78,0.05,47.26,29007.3,1
2025-09-21,2025-09-21 11:53:00,580.78,581.07,580.78,581.07,0.05,47.26,29007.3,1
2025-09-21,2025-09-21 11:54:00,581.07,581.36,581.07,581.36,0.05,47.26,29007.3,1
2025-09-21,2025-09-21 11:55:00,581.36,581.65,581.36,581.65,0.05,47.26,29007.3,1
2025-09-21,2025-09-21 11:56:00,581.65,581.94,581.65,581.94,0.05,47.26,29007.3,1
2025-09-21,2025-09-21 11:57:00,581.94,582.22,581.94,582.22,0.05,47.26,29007.3,1
2025-09-21,2025-09-21 11:58:00,582.22,582.51,582.22,582.51,0.05,47.26,29007.3,1
2025-09-21,2025-09-21 11:59:00,582.51,582.8,582.51,582.8,0.05,47.26,29007.3,1
2025-09-21,2025-09-21 12:00:00,582.8,583.09,582.8,583.09,0.05,47.26,29007.3,1
2025-09-21,2025-09-21 12:01:00,583.09,583.38,583.09,583.38,0.05,47.26,29007.3,1
2025-09-21,2025-09-21 12:02:00,583.38,583.66,583.38,583.66,0.05,47.26,29007.3,1
2025-09-21,2025-09-21 12:03:00,583.66,583.95,583.66,583.95,0.05,47.26,29007.3,1
2025-09-21,2025-09-21 12:04:00,583.95,584.24,583.95,584.24,0.05,47.26,29007.3,1
2025-09-21,2025-09-21 12:05:00,584.24,584.53,584.24,584.53,0.05,47.26,29007.3,1
2025-09-21,2025-09-21 12:06:00,584.53,584.82,584.53,584.82,0.05,47.26,29007.3,1
2025-09-21,2025-09-21 12:07:00,584.82,585.11,584.82,585.11,0.05,47.26,29007.3,1
2025-09-21,2025-09-21 12:08:00,585.11,585.39,585.11,585.39,0.05,47.26,29007.3,1
2025-09-21,2025-09-21 12:09:00,585.39,585.68,585.39,585.68,0.05,47.26,29007.3,1
2025-09-21,2025-09-21 12:10:00,585.68,585.97,585.68,585.97,0.05,47.26,29007.3,1
2025-09-21,2025-09-21 12:11:00,585.97,586.26,585.97,586.26,0.05,47.26,29007.3,1
2025-09-21,2025-09-21 12:12:00,586.26,586.55,586.26,586.55,0.05,47.26,29007.3,1
2025-09-21,2025-09-21 12:13:00,586.55,586.84,586.55,586.84,0.05,47.26,29007.3,1
2025-09-21,2025-09-21 12:14:00,586.84,587.12,586.84,587.12,0.05,47.26,29007.3,1
2025-09-21,2025-09-21 12:15:00,587.12,587.41,587.12,587.41,0.05,47.26,29007.3,1
2025-09-21,2025-09-21 12:16:00,587.41,587.7,587.41,587.7,0.05,47.26,29007.3,1
2025-09-21,2025-09-21 12:17:00,587.7,587.99,587.7,587.99,0.05,47.26,29007.3,1
2025-09-21,2025-09-21 12:18:00,587.99,588.28,587.99,588.28,0.05,47.26,29007.3,1
2025-09-21,2025-09-21 12:19:00,588.28,588.57,588.28,588.57,0.05,47.26,29007.3,1
2025-09-21,2025-09-21 12:20:00,588.57,588.86,588.57,588.86,0.05,47.26,29007.3,1
2025-09-21,2025-09-21 12:21:00,588.86,589.14,588.86,589.14,0.05,47.26,29007.3,1
2025-09-21,2025-09-21 12:22:00,589.14,589.43,589.14,589.43,0.05,47.26,29007.3,1
2025-09-21,2025-09-21 12:23:00,589.43,589.72,589.43,589.72,0.05,47.26,29007.3,1
2025-09-21,2025-09-21 12:24:00,589.72,590.01,589.72,590.01,0.05,47.26,29007.3,1
2025-09-21,2025-09-21 12:25:00,590.01,590.3,590.01,590.3,0.05,47.26,29007.3,1
2025-09-21,2025-09-21 12:26:00,590.3,590.59,590.3,590.59,0.05,47.26,29007.3,1
2025-09-21,2025-09-21 12:27:00,590.59,590.87,590.59,590.87,0.05,47.26,29007.3,1
2025-09-21,2025-09-21 12:28:00,590.87,591.16,590.87,591.16,0.05,47.26,29007.3,1
2025-09-21,2025-09-21 12:29:00,591.16,591.45,591.16,591.45,0.05,47.26,29007.3,1
2025-09-21,2025-09-21 12:30:00,591.45,591.74,591.45,591.74,0.05,47.26,29007.3,1
2025-09-21,2025-09-21 12:31:00,591.74,592.03,591.74,592.03,0.05,47.26,29007.3,1
2025-09-21,2025-09-21 12:32:00,592.03,592.32,592.03,592.32,0.05,47.26,29007.3,1
2025-09-21,2025-09-21 12:33:00,592.32,592.6,592.32,592.6,0.05,47.26,29007.3,1
2025-09-21,2025-09-21 12:34:00,592.6,592.89,592.6,592.89,0.05,47.26,29007.3,1
2025-09-21,2025-09-21 12:35:00,592.89,593.18,592.89,593.18,0.05,47.26,29007.3,1
2025-09-21,2025-09-21 12:36:00,593.18,593.47,593.18,593.47,0.05,47.26,29007.3,1
2025-09-21,2025-09-21 12:37:00,593.47,593.76,593.47,593.76,0.05,47.26,29007.3,1
2025-09-21,2025-09-21 12:38:00,593.76,594.05,593.76,594.05,0.05,47.26,29007.3,1
2025-09-21,2025-09-21 12:39:00,594.05,594.33,594.05,594.33,0.05,47.26,29007.3,1
2025-09-21,2025-09-21 12:40:00,594.33,594.62,594.33,594.62,0.05,47.26,29007.3,1
2025-09-21,2025-09-21 12:41:00,594.62,594.91,594.62,594.91,0.05,47.26,29007.3,1
2025-09-21,2025-09-21 12:42:00,594.91,595.2,594.91,595.2,0.05,47.26,29007.3,1
2025-09-21,2025-09-21 12:43:00,595.2,595.49,595.2,595.49,0.05,47.26,29007.3,1
2025-09-21,2025-09-21 12:44:00,595.49,595.77,595.49,595.77,0.05,47.26,29007.3,1
2025-09-21,2025-09-21 12:45:00,595.77,596.06,595.77,596.06,0.05,47.26,29007.3,1
2025-09-21,2025-09-21 12:46:00,596.06,596.35,596.06,596.35,0.05,47.26,29007.3,1
2025-09-21,2025-09-21 12:47:00,596.35,596.64,596.35,596.64,0.05,47.26,29007.3,1
2025-09-21,2025-09-21 12:48:00,596.64,596.93,596.64,596.93,0.05,47.26,29007.3,1
2025-09-21,2025-09-21 12:49:00,596.93,597.22,596.93,597.22,0.05,47.26,29007.3,1
2025-09-21,2025-09-21 12:50:00,597.22,597.5,597.22,597.5,0.05,47.26,29007.3,1
2025-09-21,2025-09-21 12:51:00,597.5,597.79,597.5,597.79,0.05,47.26,29007.3,1
2025-09-21,2025-09-21 12:52:00,597.79,598.08,597.79,598.08,0.05,47.26,29007.3,1
2025-09-21,2025-09-21 12:53:00,598.08,598.37,598.08,598.37,0.05,47.26,29007.3,1
2025-09-21,2025-09-21 12:54:00,598.37,598.66,598.37,598.66,0.05,47.26,29007.3,1
2025-09-21,2025-09-21 12:55:00,598.66,598.95,598.66,598.95,0.05,47.26,29007.3,1
2025-09-21,2025-09-21 12:56:00,598.95,599.24,598.95,599.24,0.05,47.26,29007.3,1
2025-09-21,2025-09-21 12:57:00,599.24,599.52,599.24,599.52,0.05,47.26,29007.3,1
2025-09-21,2025-09-21 12:58:00,599.52,599.81,599.52,599.81,0.05,47.26,29007.3,1
2025-09-21,2025-09-21 12:59:00,599.81,600.1,599.81,600.1,0.05,47.26,29007.3,1
2025-09-21,2025-09-21 13:00:00,600.1,634.7,565.5,600.39,0.05,47.26,29007.3,1
2025-09-21,2025-09-21 13:01:00,600.39,600.68,600.39,600.68,0.05,47.26,29007.3,1
2025-09-21,2025-09-21 13:02:00,600.68,600.97,600.68,600.97,0.05,47.26,29007.3,1
2025-09-21,2025-09-21 13:03:00,600.97,601.25,600.97,601.25,0.05,47.26,29007.3,1
2025-09-21,2025-09-21 13:04:00,601.25,601.54,601.25,601.54,0.05,47.26,29007.3,1
2025-09-21,2025-09-21 13:05:00,601.54,601.83,601.54,601.83,0.05,47.26,29007.3,1
2025-09-21,2025-09-21 13:06:00,601.83,602.12,601.83,602.12,0.05,47.26,29007.3,1
2025-09-21,2025-09-21 13:07:00,602.12,602.41,602.12,602.41,0.05,47.26,29007.3,1
2025-09-21,2025-09-21 13:08:00,602.41,602.7,602.41,602.7,0.05,47.26,29007.3,1
2025-09-21,2025-09-21 13:09:00,602.7,602.98,602.7,602.98,0.05,47.26,29007.3,1
2025-09-21,2025-09-21 13:10:00,602.98,603.27,602.98,603.27,0.05,47.26,29007.3,1
2025-09-21,2025-09-21 13:11:00,603.27,603.56,603.27,603.56,0.05,47.26,29007.3,1
2025-09-21,2025-09-21 13:12:00,603.56,603.85,603.56,603.85,0.05,47.26,29007.3,1
2025-09-21,2025-09-21 13:13:00,603.85,604.14,603.85,604.14,0.05,47.26,29007.3,1
2025-09-21,2025-09-21 13:14:00,604.14,604.43,604.14,604.43,0.05,47.26,29007.3,1
2025-09-21,2025-09-21 13:15:00,604.43,604.71,604.43,604.71,0.05,47.26,29007.3,1
2025-09-21,2025-09-21 13:16:00,604.71,605.0,604.71,605.0,0.05,47.26,29007.3,1
2025-09-21,2025-09-21 13:17:00,605.0,605.29,605.0,605.29,0.05,47.26,29007.3,1
2025-09-21,2025-09-21 13:18:00,605.29,605.58,605.29,605.58,0.05,47.26,29007.3,1
2025-09-21,2025-09-21 13:19:00,605.58,605.87,605.58,605.87,0.05,47.26,29007.3,1
2025-09-21,2025-09-21 13:20:00,605.87,606.15,605.87,606.15,0.05,47.26,29007.3,1
2025-09-21,2025-09-21 13:21:00,606.15,606.44,606.15,606.44,0.05,47.26,29007.3,1
2025-09-21,2025-09-21 13:22:00,606.44,606.73,606.44,606.73,0.05,47.26,29007.3,1
2025-09-21,2025-09-21 13:23:00,606.73,607.02,606.73,607.02,0.05,47.26,29007.3,1
2025-09-21,2025-09-21 13:24:00,607.02,607.31,607.02,607.31,0.05,47.26,29007.3,1
2025-09-21,2025-09-21 13:25:00,607.31,607.6,607.31,607.6,0.05,47.26,29007.3,1
2025-09-21,2025-09-21 13:26:00,607.6,607.88,607.6,607.88,0.05,47.26,29007.3,1
2025-09-21,2025-09-21 13:27:00,607.88,608.17,607.88,608.17,0.05,47.26,29007.3,1
2025-09-21,2025-09-21 13:28:00,608.17,608.46,608.17,608.46,0.05,47.26,29007.3,1
2025-09-21,2025-09-21 13:29:00,608.46,608.75,608.46,608.75,0.05,47.26,29007.3,1
2025-09-21,2025-09-21 13:30:00,608.75,609.04,608.75,609.04,0.05,47.26,29007.3,1
2025-09-21,2025-09-21 13:31:00,609.04,609.33,609.04,609.33,0.05,47.26,29007.3,1
2025-09-21,2025-09-21 13:32:00,609.33,609.62,609.33,609.62,0.05,47.26,29007.3,1
2025-09-21,2025-09-21 13:33:00,609.62,609.9,609.62,609.9,0.05,47.26,29007.3,1
2025-09-21,2025-09-21 13:34:00,609.9,610.19,609.9,610.19,0.05,47.26,29007.3,1
2025-09-21,2025-09-21 13:35:00,610.19,610.48,610.19,610.48,0.05,47.26,29007.3,1
2025-09-21,2025-09-21 13:36:00,610.48,610.77,610.48,610.77,0.05,47.26,29007.3,1
2025-09-21,2025-09-21 13:37:00,610.77,611.06,610.77,611.06,0.05,47.26,29007.3,1
2025-09-21,2025-09-21 13:38:00,611.06,611.35,611.06,611.35,0.05,47.26,29007.3,1
2025-09-21,2025-09-21 13:39:00,611.35,611.63,611.35,611.63,0.05,47.26,29007.3,1
2025-09-21,2025-09-21 13:40:00,611.63,611.92,611.63,611.92,0.05,47.26,29007.3,1
2025-09-21,2025-09-21 13:41:00,611.92,612.21,611.92,612.21,0.05,47.26,29007.3,1
2025-09-21,2025-09-21 13:42:00,612.21,612.5,612.21,612.5,0.05,47.26,29007.3,1
2025-09-21,2025-09-21 13:43:00,612.5,612.79,612.5,612.79,0.05,47.26,29007.3,1
2025-09-21,2025-09-21 13:44:00,612.79,613.08,612.79,613.08,0.05,47.26,29007.3,1
2025-09-21,2025-09-21 13:45:00,613.08,613.36,613.08,613.36,0.05,47.26,29007.3,1
2025-09-21,2025-09-21 13:46:00,613.36,613.65,613.36,613.65,0.05,47.26,29007.3,1
2025-09-21,2025-09-21 13:47:00,613.65,613.94,613.65,613.94,0.05,47.26,29007.3,1
2025-09-21,2025-09-21 13:48:00,613.94,614.23,613.94,614.23,0.05,47.26,29007.3,1
2025-09-21,2025-09-21 13:49:00,614.23,614.52,614.23,614.52,0.05,47.26,29007.3,1
2025-09-21,2025-09-21 13:50:00,614.52,614.81,614.52,614.81,0.05,47.26,29007.3,1
2025-09-21,2025-09-21 13:51:00,614.81,615.09,614.81,615.09,0.05,47.26,29007.3,1
2025-09-21,2025-09-21 13:52:00,615.09,615.38,615.09,615.38,0.05,47.26,29007.3,1
2025-09-21,2025-09-21 13:53:00,615.38,615.67,615.38,615.67,0.05,47.26,29007.3,1
2025-09-21,2025-09-21 13:54:00,615.67,615.96,615.67,615.96,0.05,47.26,29007.3,1
2025-09-21,2025-09-21 13:55:00,615.96,616.25,615.96,616.25,0.05,47.26,29007.3,1
2025-09-21,2025-09-21 13:56:00,616.25,616.54,616.25,616.54,0.05,47.26,29007.3,1
2025-09-21,2025-09-21 13:57:00,616.54,616.82,616.54,616.82,0.05,47.26,29007.3,1
2025-09-21,2025-09-21 13:58:00,616.82,617.11,616.82,617.11,0.05,47.26,29007.3,1
2025-09-21,2025-09-21 13:59:00,617.11,617.4,617.11,617.4,0.05,47.26,29007.3,1
2025-09-21,2025-09-21 14:00:00,617.4,617.69,617.4,617.69,0.05,47.26,29007.3,1
2025-09-21,2025-09-21 14:01:00,617.69,617.98,617.69,617.98,0.05,47.26,29007.3,1
2025-09-21,2025-09-21 14:02:00,617.98,618.26,617.98,618.26,0.05,47.26,29007.3,1
2025-09-21,2025-09-21 14:03:00,618.26,618.55,618.26,618.55,0.05,47.26,29007.3,1
2025-09-21,2025-09-21 14:04:00,618.55,618.84,618.55,618.84,0.05,47.26,29007.3,1
2025-09-21,2025-09-21 14:05:00,618.84,619.13,618.84,619.13,0.05,47.26,29007.3,1
2025-09-21,2025-09-21 14:06:00,619.13,619.42,619.13,619.42,0.05,47.26,29007.3,1
2025-09-21,2025-09-21 14:07:00,619.42,619.71,619.42,619.71,0.05,47.26,29007.3,1
2025-09-21,2025-09-21 14:08:00,619.71,620.0,619.71,620.0,0.05,47.26,29007.3,1
2025-09-21,2025-09-21 14:09:00,620.0,620.28,620.0,620.28,0.05,47.26,29007.3,1
2025-09-21,2025-09-21 14:10:00,620.28,620.57,620.28,620.57,0.05,47.26,29007.3,1
2025-09-21,2025-09-21 14:11:00,620.57,620.86,620.57,620.86,0.05,47.26,29007.3,1
2025-09-21,2025-09-21 14:12:00,620.86,621.15,620.86,621.15,0.05,47.26,29007.3,1
2025-09-21,2025-09-21 14:13:00,621.15,621.44,621.15,621.44,0.05,47.26,29007.3,1
2025-09-21,2025-09-21 14:14:00,621.44,621.73,621.44,621.73,0.05,47.26,29007.3,1
2025-09-21,2025-09-21 14:15:00,621.73,622.01,621.73,622.01,0.05,47.26,29007.3,1
2025-09-21,2025-09-21 14:16:00,622.01,622.3,622.01,622.3,0.05,47.26,29007.3,1
2025-09-21,2025-09-21 14:17:00,622.3,622.59,622.3,622.59,0.05,47.26,29007.3,1
2025-09-21,2025-09-21 14:18:00,622.59,622.88,622.59,622.88,0.05,47.26,29007.3,1
2025-09-21,2025-09-21 14:19:00,622.88,623.17,622.88,623.17,0.05,47.26,29007.3,1
2025-09-21,2025-09-21 14:20:00,623.17,623.46,623.17,623.46,0.05,47.26,29007.3,1
2025-09-21,2025-09-21 14:21:00,623.46,623.74,623.46,623.74,0.04,47.26,29007.3,1
2025-09-21,2025-09-21 14:22:00,623.74,624.03,623.74,624.03,0.05,47.26,29007.3,1
2025-09-21,2025-09-21 14:23:00,624.03,624.32,624.03,624.32,0.05,47.26,29007.3,1
2025-09-21,2025-09-21 14:24:00,624.32,624.61,624.32,624.61,0.05,47.26,29007.3,1
2025-09-21,2025-09-21 14:25:00,624.61,624.9,624.61,624.9,0.05,47.26,29007.3,1
2025-09-21,2025-09-21 14:26:00,624.9,625.19,624.9,625.19,0.05,47.26,29007.3,1
2025-09-21,2025-09-21 14:27:00,625.19,625.47,625.19,625.47,0.04,47.26,29007.3,1
2025-09-21,2025-09-21 14:28:00,625.47,625.76,625.47,625.76,0.05,47.26,29007.3,1
2025-09-21,2025-09-21 14:29:00,625.76,626.05,625.76,626.05,0.05,47.26,29007.3,1
2025-09-21,2025-09-21 14:30:00,626.05,626.34,626.05,626.34,0.05,47.26,29007.3,1
2025-09-21,2025-09-21 14:31:00,626.34,626.63,626.34,626.63,0.05,47.26,29007.3,1
2025-09-21,2025-09-21 14:32:00,626.63,626.92,626.63,626.92,0.05,47.26,29007.3,1
2025-09-21,2025-09-21 14:33:00,626.92,627.2,626.92,627.2,0.04,47.26,29007.3,1
2025-09-21,2025-09-21 14:34:00,627.2,627.49,627.2,627.49,0.05,47.26,29007.3,1
2025-09-21,2025-09-21 14:35:00,627.49,627.78,627.49,627.78,0.05,47.26,29007.3,1
2025-09-21,2025-09-21 14:36:00,627.78,628.07,627.78,628.07,0.05,47.26,29007.3,1
2025-09-21,2025-09-21 14:37:00,628.07,628.36,628.07,628.36,0.05,47.26,29007.3,1
2025-09-21,2025-09-21 14:38:00,628.36,628.64,628.36,628.64,0.04,47.26,29007.3,1
2025-09-21,2025-09-21 14:39:00,628.64,628.93,628.64,628.93,0.05,47.26,29007.3,1
2025-09-21,2025-09-21 14:40:00,628.93,629.22,628.93,629.22,0.05,47.26,29007.3,1
2025-09-21,2025-09-21 14:41:00,629.22,629.51,629.22,629.51,0.05,47.26,29007.3,1
2025-09-21,2025-09-21 14:42:00,629.51,629.8,629.51,629.8,0.05,47.26,29007.3,1
2025-09-21,2025-09-21 14:43:00,629.8,630.09,629.8,630.09,0.05,47.26,29007.3,1
2025-09-21,2025-09-21 14:44:00,630.09,630.38,630.09,630.38,0.05,47.26,29007.3,1
2025-09-21,2025-09-21 14:45:00,630.38,630.66,630.38,630.66,0.04,47.26,29007.3,1
2025-09-21,2025-09-21 14:46:00,630.66,630.95,630.66,630.95,0.05,47.26,29007.3,1
2025-09-21,2025-09-21 14:47:00,630.95,631.24,630.95,631.24,0.05,47.26,29007.3,1
2025-09-21,2025-09-21 14:48:00,631.24,631.53,631.24,631.53,0.05,47.26,29007.3,1
2025-09-21,2025-09-21 14:49:00,631.53,631.82,631.53,631.82,0.05,47.26,29007.3,1
2025-09-21,2025-09-21 14:50:00,631.82,632.11,631.82,632.11,0.05,47.26,29007.3,1
2025-09-21,2025-09-21 14:51:00,632.11,632.39,632.11,632.39,0.04,47.26,29007.3,1
2025-09-21,2025-09-21 14:52:00,632.39,632.68,632.39,632.68,0.05,47.26,29007.3,1
2025-09-21,2025-09-21 14:53:00,632.68,632.97,632.68,632.97,0.05,47.26,29007.3,1
2025-09-21,2025-09-21 14:54:00,632.97,633.26,632.97,633.26,0.05,47.26,29007.3,1
2025-09-21,2025-09-21 14:55:00,633.26,633.55,633.26,633.55,0.05,47.26,29007.3,1
2025-09-21,2025-09-21 14:56:00,633.55,633.84,633.55,633.84,0.05,47.26,29007.3,1
2025-09-21,2025-09-21 14:57:00,633.84,634.12,633.84,634.12,0.04,47.26,29007.3,1
2025-09-21,2025-09-21 14:58:00,634.12,634.41,634.12,634.41,0.05,47.26,29007.3,1
2025-09-21,2025-09-21 14:59:00,634.41,634.7,634.41,634.7,0.05,47.26,29007.3,1
2025-09-21,2025-09-21 15:00:00,634.7,634.7,565.5,634.7,0.0,47.26,29007.3,0
2025-09-23,2025-09-23 11:00:00,647.0,662.33,647.0,647.21,0.03,63.54,43383.74,1
2025-09-23,2025-09-23 11:01:00,647.21,647.43,647.21,647.43,0.03,63.54,43383.74,1
2025-09-23,2025-09-23 11:02:00,647.43,647.64,647.43,647.64,0.03,63.54,43383.74,1
2025-09-23,2025-09-23 11:03:00,647.64,647.85,647.64,647.85,0.03,63.54,43383.74,1
2025-09-23,2025-09-23 11:04:00,647.85,648.06,647.85,648.06,0.03,63.54,43383.74,1
2025-09-23,2025-09-23 11:05:00,648.06,648.28,648.06,648.28,0.03,63.54,43383.74,1
2025-09-23,2025-09-23 11:06:00,648.28,648.49,648.28,648.49,0.03,63.54,43383.74,1
2025-09-23,2025-09-23 11:07:00,648.49,648.7,648.49,648.7,0.03,63.54,43383.74,1
2025-09-23,2025-09-23 11:08:00,648.7,648.92,648.7,648.92,0.03,63.54,43383.74,1
2025-09-23,2025-09-23 11:09:00,648.92,649.13,648.92,649.13,0.03,63.54,43383.74,1
2025-09-23,2025-09-23 11:10:00,649.13,649.34,649.13,649.34,0.03,63.54,43383.74,1
2025-09-23,2025-09-23 11:11:00,649.34,649.55,649.34,649.55,0.03,63.54,43383.74,1
2025-09-23,2025-09-23 11:12:00,649.55,649.77,649.55,649.77,0.03,63.54,43383.74,1
2025-09-23,2025-09-23 11:13:00,649.77,649.98,649.77,649.98,0.03,63.54,43383.74,1
2025-09-23,2025-09-23 11:14:00,649.98,650.19,649.98,650.19,0.03,63.54,43383.74,1
2025-09-23,2025-09-23 11:15:00,650.19,650.41,650.19,650.41,0.03,63.54,43383.74,1
2025-09-23,2025-09-23 11:16:00,650.41,650.62,650.41,650.62,0.03,63.54,43383.74,1
2025-09-23,2025-09-23 11:17:00,650.62,650.83,650.62,650.83,0.03,63.54,43383.74,1
2025-09-23,2025-09-23 11:18:00,650.83,651.05,650.83,651.05,0.03,63.54,43383.74,1
2025-09-23,2025-09-23 11:19:00,651.05,651.26,651.05,651.26,0.03,63.54,43383.74,1
2025-09-23,2025-09-23 11:20:00,651.26,651.47,651.26,651.47,0.03,63.54,43383.74,1
2025-09-23,2025-09-23 11:21:00,651.47,651.68,651.47,651.68,0.03,63.54,43383.74,1
2025-09-23,2025-09-23 11:22:00,651.68,651.9,651.68,651.9,0.03,63.54,43383.74,1
2025-09-23,2025-09-23 11:23:00,651.9,652.11,651.9,652.11,0.03,63.54,43383.74,1
2025-09-23,2025-09-23 11:24:00,652.11,652.32,652.11,652.32,0.03,63.54,43383.74,1
2025-09-23,2025-09-23 11:25:00,652.32,652.54,652.32,652.54,0.03,63.54,43383.74,1
2025-09-23,2025-09-23 11:26:00,652.54,652.75,652.54,652.75,0.03,63.54,43383.74,1
2025-09-23,2025-09-23 11:27:00,652.75,652.96,652.75,652.96,0.03,63.54,43383.74,1
2025-09-23,2025-09-23 11:28:00,652.96,653.17,652.96,653.17,0.03,63.54,43383.74,1
2025-09-23,2025-09-23 11:29:00,653.17,653.39,653.17,653.39,0.03,63.54,43383.74,1
2025-09-23,2025-09-23 11:30:00,653.39,653.6,653.39,653.6,0.03,63.54,43383.74,1
2025-09-23,2025-09-23 11:31:00,653.6,653.81,653.6,653.81,0.03,63.54,43383.74,1
2025-09-23,2025-09-23 11:32:00,653.81,654.03,653.81,654.03,0.03,63.54,43383.74,1
2025-09-23,2025-09-23 11:33:00,654.03,654.24,654.03,654.24,0.03,63.54,43383.74,1
2025-09-23,2025-09-23 11:34:00,654.24,654.45,654.24,654.45,0.03,63.54,43383.74,1
2025-09-23,2025-09-23 11:35:00,654.45,654.66,654.45,654.66,0.03,63.54,43383.74,1
2025-09-23,2025-09-23 11:36:00,654.66,654.88,654.66,654.88,0.03,63.54,43383.74,1
2025-09-23,2025-09-23 11:37:00,654.88,655.09,654.88,655.09,0.03,63.54,43383.74,1
2025-09-23,2025-09-23 11:38:00,655.09,655.3,655.09,655.3,0.03,63.54,43383.74,1
2025-09-23,2025-09-23 11:39:00,655.3,655.52,655.3,655.52,0.03,63.54,43383.74,1
2025-09-23,2025-09-23 11:40:00,655.52,655.73,655.52,655.73,0.03,63.54,43383.74,1
2025-09-23,2025-09-23 11:41:00,655.73,655.94,655.73,655.94,0.03,63.54,43383.74,1
2025-09-23,2025-09-23 11:42:00,655.94,656.16,655.94,656.16,0.03,63.54,43383.74,1
2025-09-23,2025-09-23 11:43:00,656.16,656.37,656.16,656.37,0.03,63.54,43383.74,1
2025-09-23,2025-09-23 11:44:00,656.37,656.58,656.37,656.58,0.03,63.54,43383.74,1
2025-09-23,2025-09-23 11:45:00,656.58,656.79,656.58,656.79,0.03,63.54,43383.74,1
2025-09-23,2025-09-23 11:46:00,656.79,657.01,656.79,657.01,0.03,63.54,43383.74,1
2025-09-23,2025-09-23 11:47:00,657.01,657.22,657.01,657.22,0.03,63.54,43383.74,1
2025-09-23,2025-09-23 11:48:00,657.22,657.43,657.22,657.43,0.03,63.54,43383.74,1
2025-09-23,2025-09-23 11:49:00,657.43,657.65,657.43,657.65,0.03,63.54,43383.74,1
2025-09-23,2025-09-23 11:50:00,657.65,657.86,657.65,657.86,0.03,63.54,43383.74,1
2025-09-23,2025-09-23 11:51:00,657.86,658.07,657.86,658.07,0.03,63.54,43383.74,1
2025-09-23,2025-09-23 11:52:00,658.07,658.28,658.07,658.28,0.03,63.54,43383.74,1
2025-09-23,2025-09-23 11:53:00,658.28,658.5,658.28,658.5,0.03,63.54,43383.74,1
2025-09-23,2025-09-23 11:54:00,658.5,658.71,658.5,658.71,0.03,63.54,43383.74,1
2025-09-23,2025-09-23 11:55:00,658.71,658.92,658.71,658.92,0.03,63.54,43383.74,1
2025-09-23,2025-09-23 11:56:00,658.92,659.14,658.92,659.14,0.03,63.54,43383.74,1
2025-09-23,2025-09-23 11:57:00,659.14,659.35,659.14,659.35,0.03,63.54,43383.74,1
2025-09-23,2025-09-23 11:58:00,659.35,659.56,659.35,659.56,0.03,63.54,43383.74,1
2025-09-23,2025-09-23 11:59:00,659.56,659.77,659.56,659.77,0.03,63.54,43383.74,1
2025-09-23,2025-09-23 12:00:00,659.77,659.99,659.77,659.99,0.03,63.54,43383.74,1
2025-09-23,2025-09-23 12:01:00,659.99,660.2,659.99,660.2,0.03,63.54,43383.74,1
2025-09-23,2025-09-23 12:02:00,660.2,660.41,660.2,660.41,0.03,63.54,43383.74,1
2025-09-23,2025-09-23 12:03:00,660.41,660.63,660.41,660.63,0.03,63.54,43383.74,1
2025-09-23,2025-09-23 12:04:00,660.63,660.84,660.63,660.84,0.03,63.54,43383.74,1
2025-09-23,2025-09-23 12:05:00,660.84,661.05,660.84,661.05,0.03,63.54,43383.74,1
2025-09-23,2025-09-23 12:06:00,661.05,661.27,661.05,661.27,0.03,63.54,43383.74,1
2025-09-23,2025-09-23 12:07:00,661.27,661.48,661.27,661.48,0.03,63.54,43383.74,1
2025-09-23,2025-09-23 12:08:00,661.48,661.69,661.48,661.69,0.03,63.54,43383.74,1
2025-09-23,2025-09-23 12:09:00,661.69,661.9,661.69,661.9,0.03,63.54,43383.74,1
2025-09-23,2025-09-23 12:10:00,661.9,662.12,661.9,662.12,0.03,63.54,43383.74,1
2025-09-23,2025-09-23 12:11:00,662.12,662.33,662.12,662.33,0.03,63.54,43383.74,1
2025-09-23,2025-09-23 12:12:00,662.33,662.54,662.33,662.54,0.03,63.54,43383.74,1
2025-09-23,2025-09-23 12:13:00,662.54,662.76,662.54,662.76,0.03,63.54,43383.74,1
2025-09-23,2025-09-23 12:14:00,662.76,662.97,662.76,662.97,0.03,63.54,43383.74,1
2025-09-23,2025-09-23 12:15:00,662.97,663.18,662.97,663.18,0.03,63.54,43383.74,1
2025-09-23,2025-09-23 12:16:00,663.18,663.39,663.18,663.39,0.03,63.54,43383.74,1
2025-09-23,2025-09-23 12:17:00,663.39,663.61,663.39,663.61,0.03,63.54,43383.74,1
2025-09-23,2025-09-23 12:18:00,663.61,663.82,663.61,663.82,0.03,63.54,43383.74,1
2025-09-23,2025-09-23 12:19:00,663.82,664.03,663.82,664.03,0.03,63.54,43383.74,1
2025-09-23,2025-09-23 12:20:00,664.03,664.25,664.03,664.25,0.03,63.54,43383.74,1
2025-09-23,2025-09-23 12:21:00,664.25,664.46,664.25,664.46,0.03,63.54,43383.74,1
2025-09-23,2025-09-23 12:22:00,664.46,664.67,664.46,664.67,0.03,63.54,43383.74,1
2025-09-23,2025-09-23 12:23:00,664.67,664.88,664.67,664.88,0.03,63.54,43383.74,1
2025-09-23,2025-09-23 12:24:00,664.88,665.1,664.88,665.1,0.03,63.54,43383.74,1
2025-09-23,2025-09-23 12:25:00,665.1,665.31,665.1,665.31,0.03,63.54,43383.74,1
2025-09-23,2025-09-23 12:26:00,665.31,665.52,665.31,665.52,0.03,63.54,43383.74,1
2025-09-23,2025-09-23 12:27:00,665.52,665.74,665.52,665.74,0.03,63.54,43383.74,1
2025-09-23,2025-09-23 12:28:00,665.74,665.95,665.74,665.95,0.03,63.54,43383.74,1
2025-09-23,2025-09-23 12:29:00,665.95,666.16,665.95,666.16,0.03,63.54,43383.74,1
2025-09-23,2025-09-23 12:30:00,666.16,666.38,666.16,666.38,0.03,63.54,43383.74,1
2025-09-23,2025-09-23 12:31:00,666.38,666.59,666.38,666.59,0.03,63.54,43383.74,1
2025-09-23,2025-09-23 12:32:00,666.59,666.8,666.59,666.8,0.03,63.54,43383.74,1
2025-09-23,2025-09-23 12:33:00,666.8,667.01,666.8,667.01,0.03,63.54,43383.74,1
2025-09-23,2025-09-23 12:34:00,667.01,667.23,667.01,667.23,0.03,63.54,43383.74,1
2025-09-23,2025-09-23 12:35:00,667.23,667.44,667.23,667.44,0.03,63.54,43383.74,1
2025-09-23,2025-09-23 12:36:00,667.44,667.65,667.44,667.65,0.03,63.54,43383.74,1
2025-09-23,2025-09-23 12:37:00,667.65,667.87,667.65,667.87,0.03,63.54,43383.74,1
2025-09-23,2025-09-23 12:38:00,667.87,668.08,667.87,668.08,0.03,63.54,43383.74,1
2025-09-23,2025-09-23 12:39:00,668.08,668.29,668.08,668.29,0.03,63.54,43383.74,1
2025-09-23,2025-09-23 12:40:00,668.29,668.5,668.29,668.5,0.03,63.54,43383.74,1
2025-09-23,2025-09-23 12:41:00,668.5,668.72,668.5,668.72,0.03,63.54,43383.74,1
2025-09-23,2025-09-23 12:42:00,668.72,668.93,668.72,668.93,0.03,63.54,43383.74,1
2025-09-23,2025-09-23 12:43:00,668.93,669.14,668.93,669.14,0.03,63.54,43383.74,1
2025-09-23,2025-09-23 12:44:00,669.14,669.36,669.14,669.36,0.03,63.54,43383.74,1
2025-09-23,2025-09-23 12:45:00,669.36,669.57,669.36,669.57,0.03,63.54,43383.74,1
2025-09-23,2025-09-23 12:46:00,669.57,669.78,669.57,669.78,0.03,63.54,43383.74,1
2025-09-23,2025-09-23 12:47:00,669.78,670.0,669.78,670.0,0.03,63.54,43383.74,1
2025-09-23,2025-09-23 12:48:00,670.0,670.21,670.0,670.21,0.03,63.54,43383.74,1
2025-09-23,2025-09-23 12:49:00,670.21,670.42,670.21,670.42,0.03,63.54,43383.74,1
2025-09-23,2025-09-23 12:50:00,670.42,670.63,670.42,670.63,0.03,63.54,43383.74,1
2025-09-23,2025-09-23 12:51:00,670.63,670.85,670.63,670.85,0.03,63.54,43383.74,1
2025-09-23,2025-09-23 12:52:00,670.85,671.06,670.85,671.06,0.03,63.54,43383.74,1
2025-09-23,2025-09-23 12:53:00,671.06,671.27,671.06,671.27,0.03,63.54,43383.74,1
2025-09-23,2025-09-23 12:54:00,671.27,671.49,671.27,671.49,0.03,63.54,43383.74,1
2025-09-23,2025-09-23 12:55:00,671.49,671.7,671.49,671.7,0.03,63.54,43383.74,1
2025-09-23,2025-09-23 12:56:00,671.7,671.91,671.7,671.91,0.03,63.54,43383.74,1
2025-09-23,2025-09-23 12:57:00,671.91,672.12,671.91,672.12,0.03,63.54,43383.74,1
2025-09-23,2025-09-23 12:58:00,672.12,672.34,672.12,672.34,0.03,63.54,43383.74,1
2025-09-23,2025-09-23 12:59:00,672.34,672.55,672.34,672.55,0.03,63.54,43383.74,1
2025-09-23,2025-09-23 13:00:00,672.55,698.1,647.0,672.76,0.03,63.54,43383.74,1
2025-09-23,2025-09-23 13:01:00,672.76,672.98,672.76,672.98,0.03,63.54,43383.74,1
2025-09-23,2025-09-23 13:02:00,672.98,673.19,672.98,673.19,0.03,63.54,43383.74,1
2025-09-23,2025-09-23 13:03:00,673.19,673.4,673.19,673.4,0.03,63.54,43383.74,1
2025-09-23,2025-09-23 13:04:00,673.4,673.61,673.4,673.61,0.03,63.54,43383.74,1
2025-09-23,2025-09-23 13:05:00,673.61,673.83,673.61,673.83,0.03,63.54,43383.74,1
2025-09-23,2025-09-23 13:06:00,673.83,674.04,673.83,674.04,0.03,63.54,43383.74,1
2025-09-23,2025-09-23 13:07:00,674.04,674.25,674.04,674.25,0.03,63.54,43383.74,1
2025-09-23,2025-09-23 13:08:00,674.25,674.47,674.25,674.47,0.03,63.54,43383.74,1
2025-09-23,2025-09-23 13:09:00,674.47,674.68,674.47,674.68,0.03,63.54,43383.74,1
2025-09-23,2025-09-23 13:10:00,674.68,674.89,674.68,674.89,0.03,63.54,43383.74,1
2025-09-23,2025-09-23 13:11:00,674.89,675.11,674.89,675.11,0.03,63.54,43383.74,1
2025-09-23,2025-09-23 13:12:00,675.11,675.32,675.11,675.32,0.03,63.54,43383.74,1
2025-09-23,2025-09-23 13:13:00,675.32,675.53,675.32,675.53,0.03,63.54,43383.74,1
2025-09-23,2025-09-23 13:14:00,675.53,675.74,675.53,675.74,0.03,63.54,43383.74,1
2025-09-23,2025-09-23 13:15:00,675.74,675.96,675.74,675.96,0.03,63.54,43383.74,1
2025-09-23,2025-09-23 13:16:00,675.96,676.17,675.96,676.17,0.03,63.54,43383.74,1
2025-09-23,2025-09-23 13:17:00,676.17,676.38,676.17,676.38,0.03,63.54,43383.74,1
2025-09-23,2025-09-23 13:18:00,676.38,676.6,676.38,676.6,0.03,63.54,43383.74,1
2025-09-23,2025-09-23 13:19:00,676.6,676.81,676.6,676.81,0.03,63.54,43383.74,1
2025-09-23,2025-09-23 13:20:00,676.81,677.02,676.81,677.02,0.03,63.54,43383.74,1
2025-09-23,2025-09-23 13:21:00,677.02,677.23,677.02,677.23,0.03,63.54,43383.74,1
2025-09-23,2025-09-23 13:22:00,677.23,677.45,677.23,677.45,0.03,63.54,43383.74,1
2025-09-23,2025-09-23 13:23:00,677.45,677.66,677.45,677.66,0.03,63.54,43383.74,1
2025-09-23,2025-09-23 13:24:00,677.66,677.87,677.66,677.87,0.03,63.54,43383.74,1
2025-09-23,2025-09-23 13:25:00,677.87,678.09,677.87,678.09,0.03,63.54,43383.74,1
2025-09-23,2025-09-23 13:26:00,678.09,678.3,678.09,678.3,0.03,63.54,43383.74,1
2025-09-23,2025-09-23 13:27:00,678.3,678.51,678.3,678.51,0.03,63.54,43383.74,1
2025-09-23,2025-09-23 13:28:00,678.51,678.72,678.51,678.72,0.03,63.54,43383.74,1
2025-09-23,2025-09-23 13:29:00,678.72,678.94,678.72,678.94,0.03,63.54,43383.74,1
2025-09-23,2025-09-23 13:30:00,678.94,679.15,678.94,679.15,0.03,63.54,43383.74,1
2025-09-23,2025-09-23 13:31:00,679.15,679.36,679.15,679.36,0.03,63.54,43383.74,1
2025-09-23,2025-09-23 13:32:00,679.36,679.58,679.36,679.58,0.03,63.54,43383.74,1
2025-09-23,2025-09-23 13:33:00,679.58,679.79,679.58,679.79,0.03,63.54,43383.74,1
2025-09-23,2025-09-23 13:34:00,679.79,680.0,679.79,680.0,0.03,63.54,43383.74,1
2025-09-23,2025-09-23 13:35:00,680.0,680.22,680.0,680.22,0.03,63.54,43383.74,1
2025-09-23,2025-09-23 13:36:00,680.22,680.43,680.22,680.43,0.03,63.54,43383.74,1
2025-09-23,2025-09-23 13:37:00,680.43,680.64,680.43,680.64,0.03,63.54,43383.74,1
2025-09-23,2025-09-23 13:38:00,680.64,680.85,680.64,680.85,0.03,63.54,43383.74,1
2025-09-23,2025-09-23 13:39:00,680.85,681.07,680.85,681.07,0.03,63.54,43383.74,1
2025-09-23,2025-09-23 13:40:00,681.07,681.28,681.07,681.28,0.03,63.54,43383.74,1
2025-09-23,2025-09-23 13:41:00,681.28,681.49,681.28,681.49,0.03,63.54,43383.74,1
2025-09-23,2025-09-23 13:42:00,681.49,681.71,681.49,681.71,0.03,63.54,43383.74,1
2025-09-23,2025-09-23 13:43:00,681.71,681.92,681.71,681.92,0.03,63.54,43383.74,1
2025-09-23,2025-09-23 13:44:00,681.92,682.13,681.92,682.13,0.03,63.54,43383.74,1
2025-09-23,2025-09-23 13:45:00,682.13,682.34,682.13,682.34,0.03,63.54,43383.74,1
2025-09-23,2025-09-23 13:46:00,682.34,682.56,682.34,682.56,0.03,63.54,43383.74,1
2025-09-23,2025-09-23 13:47:00,682.56,682.77,682.56,682.77,0.03,63.54,43383.74,1
2025-09-23,2025-09-23 13:48:00,682.77,682.98,682.77,682.98,0.03,63.54,43383.74,1
2025-09-23,2025-09-23 13:49:00,682.98,683.2,682.98,683.2,0.03,63.54,43383.74,1
2025-09-23,2025-09-23 13:50:00,683.2,683.41,683.2,683.41,0.03,63.54,43383.74,1
2025-09-23,2025-09-23 13:51:00,683.41,683.62,683.41,683.62,0.03,63.54,43383.74,1
2025-09-23,2025-09-23 13:52:00,683.62,683.83,683.62,683.83,0.03,63.54,43383.74,1
2025-09-23,2025-09-23 13:53:00,683.83,684.05,683.83,684.05,0.03,63.54,43383.74,1
2025-09-23,2025-09-23 13:54:00,684.05,684.26,684.05,684.26,0.03,63.54,43383.74,1
2025-09-23,2025-09-23 13:55:00,684.26,684.47,684.26,684.47,0.03,63.54,43383.74,1
2025-09-23,2025-09-23 13:56:00,684.47,684.69,684.47,684.69,0.03,63.54,43383.74,1
2025-09-23,2025-09-23 13:57:00,684.69,684.9,684.69,684.9,0.03,63.54,43383.74,1
2025-09-23,2025-09-23 13:58:00,684.9,685.11,684.9,685.11,0.03,63.54,43383.74,1
2025-09-23,2025-09-23 13:59:00,685.11,685.33,685.11,685.33,0.03,63.54,43383.74,1
2025-09-23,2025-09-23 14:00:00,685.33,685.54,685.33,685.54,0.03,63.54,43383.74,1
2025-09-23,2025-09-23 14:01:00,685.54,685.75,685.54,685.75,0.03,63.54,43383.74,1
2025-09-23,2025-09-23 14:02:00,685.75,685.96,685.75,685.96,0.03,63.54,43383.74,1
2025-09-23,2025-09-23 14:03:00,685.96,686.18,685.96,686.18,0.03,63.54,43383.74,1
2025-09-23,2025-09-23 14:04:00,686.18,686.39,686.18,686.39,0.03,63.54,43383.74,1
2025-09-23,2025-09-23 14:05:00,686.39,686.6,686.39,686.6,0.03,63.54,43383.74,1
2025-09-23,2025-09-23 14:06:00,686.6,686.82,686.6,686.82,0.03,63.54,43383.74,1
2025-09-23,2025-09-23 14:07:00,686.82,687.03,686.82,687.03,0.03,63.54,43383.74,1
2025-09-23,2025-09-23 14:08:00,687.03,687.24,687.03,687.24,0.03,63.54,43383.74,1
2025-09-23,2025-09-23 14:09:00,687.24,687.45,687.24,687.45,0.03,63.54,43383.74,1
2025-09-23,2025-09-23 14:10:00,687.45,687.67,687.45,687.67,0.03,63.54,43383.74,1
2025-09-23,2025-09-23 14:11:00,687.67,687.88,687.67,687.88,0.03,63.54,43383.74,1
2025-09-23,2025-09-23 14:12:00,687.88,688.09,687.88,688.09,0.03,63.54,43383.74,1
2025-09-23,2025-09-23 14:13:00,688.09,688.31,688.09,688.31,0.03,63.54,43383.74,1
2025-09-23,2025-09-23 14:14:00,688.31,688.52,688.31,688.52,0.03,63.54,43383.74,1
2025-09-23,2025-09-23 14:15:00,688.52,688.73,688.52,688.73,0.03,63.54,43383.74,1
2025-09-23,2025-09-23 14:16:00,688.73,688.94,688.73,688.94,0.03,63.54,43383.74,1
2025-09-23,2025-09-23 14:17:00,688.94,689.16,688.94,689.16,0.03,63.54,43383.74,1
2025-09-23,2025-09-23 14:18:00,689.16,689.37,689.16,689.37,0.03,63.54,43383.74,1
2025-09-23,2025-09-23 14:19:00,689.37,689.58,689.37,689.58,0.03,63.54,43383.74,1
2025-09-23,2025-09-23 14:20:00,689.58,689.8,689.58,689.8,0.03,63.54,43383.74,1
2025-09-23,2025-09-23 14:21:00,689.8,690.01,689.8,690.01,0.03,63.54,43383.74,1
2025-09-23,2025-09-23 14:22:00,690.01,690.22,690.01,690.22,0.03,63.54,43383.74,1
2025-09-23,2025-09-23 14:23:00,690.22,690.44,690.22,690.44,0.03,63.54,43383.74,1
2025-09-23,2025-09-23 14:24:00,690.44,690.65,690.44,690.65,0.03,63.54,43383.74,1
2025-09-23,2025-09-23 14:25:00,690.65,690.86,690.65,690.86,0.03,63.54,43383.74,1
2025-09-23,2025-09-23 14:26:00,690.86,691.07,690.86,691.07,0.03,63.54,43383.74,1
2025-09-23,2025-09-23 14:27:00,691.07,691.29,691.07,691.29,0.03,63.54,43383.74,1
2025-09-23,2025-09-23 14:28:00,691.29,691.5,691.29,691.5,0.03,63.54,43383.74,1
2025-09-23,2025-09-23 14:29:00,691.5,691.71,691.5,691.71,0.03,63.54,43383.74,1
2025-09-23,2025-09-23 14:30:00,691.71,691.93,691.71,691.93,0.03,63.54,43383.74,1
2025-09-23,2025-09-23 14:31:00,691.93,692.14,691.93,692.14,0.03,63.54,43383.74,1
2025-09-23,2025-09-23 14:32:00,692.14,692.35,692.14,692.35,0.03,63.54,43383.74,1
2025-09-23,2025-09-23 14:33:00,692.35,692.56,692.35,692.56,0.03,63.54,43383.74,1
2025-09-23,2025-09-23 14:34:00,692.56,692.78,692.56,692.78,0.03,63.54,43383.74,1
2025-09-23,2025-09-23 14:35:00,692.78,692.99,692.78,692.99,0.03,63.54,43383.74,1
2025-09-23,2025-09-23 14:36:00,692.99,693.2,692.99,693.2,0.03,63.54,43383.74,1
2025-09-23,2025-09-23 14:37:00,693.2,693.42,693.2,693.42,0.03,63.54,43383.74,1
2025-09-23,2025-09-23 14:38:00,693.42,693.63,693.42,693.63,0.03,63.54,43383.74,1
2025-09-23,2025-09-23 14:39:00,693.63,693.84,693.63,693.84,0.03,63.54,43383.74,1
2025-09-23,2025-09-23 14:40:00,693.84,694.05,693.84,694.05,0.03,63.54,43383.74,1
2025-09-23,2025-09-23 14:41:00,694.05,694.27,694.05,694.27,0.03,63.54,43383.74,1
2025-09-23,2025-09-23 14:42:00,694.27,694.48,694.27,694.48,0.03,63.54,43383.74,1
2025-09-23,2025-09-23 14:43:00,694.48,694.69,694.48,694.69,0.03,63.54,43383.74,1
2025-09-23,2025-09-23 14:44:00,694.69,694.91,694.69,694.91,0.03,63.54,43383.74,1
2025-09-23,2025-09-23 14:45:00,694.91,695.12,694.91,695.12,0.03,63.54,43383.74,1
2025-09-23,2025-09-23 14:46:00,695.12,695.33,695.12,695.33,0.03,63.54,43383.74,1
2025-09-23,2025-09-23 14:47:00,695.33,695.55,695.33,695.55,0.03,63.54,43383.74,1
2025-09-23,2025-09-23 14:48:00,695.55,695.76,695.55,695.76,0.03,63.54,43383.74,1
2025-09-23,2025-09-23 14:49:00,695.76,695.97,695.76,695.97,0.03,63.54,43383.74,1
2025-09-23,2025-09-23 14:50:00,695.97,696.18,695.97,696.18,0.03,63.54,43383.74,1
2025-09-23,2025-09-23 14:51:00,696.18,696.4,696.18,696.4,0.03,63.54,43383.74,1
2025-09-23,2025-09-23 14:52:00,696.4,696.61,696.4,696.61,0.03,63.54,43383.74,1
2025-09-23,2025-09-23 14:53:00,696.61,696.82,696.61,696.82,0.03,63.54,43383.74,1
2025-09-23,2025-09-23 14:54:00,696.82,697.04,696.82,697.04,0.03,63.54,43383.74,1
2025-09-23,2025-09-23 14:55:00,697.04,697.25,697.04,697.25,0.03,63.54,43383.74,1
2025-09-23,2025-09-23 14:56:00,697.25,697.46,697.25,697.46,0.03,63.54,43383.74,1
2025-09-23,2025-09-23 14:57:00,697.46,697.67,697.46,697.67,0.03,63.54,43383.74,1
2025-09-23,2025-09-23 14:58:00,697.67,697.89,697.67,697.89,0.03,63.54,43383.74,1
2025-09-23,2025-09-23 14:59:00,697.89,698.1,697.89,698.1,0.03,63.54,43383.74,1
2025-09-23,2025-09-23 15:00:00,698.1,698.1,647.0,698.1,0.0,63.54,43383.74,0
2025-09-24,2025-09-24 11:00:00,712.0,716.8,695.14,711.91,-0.01,297.17,213117.74,-1
2025-09-24,2025-09-24 11:01:00,711.91,711.91,711.82,711.82,-0.01,297.17,213117.74,-1
2025-09-24,2025-09-24 11:02:00,711.82,711.82,711.73,711.73,-0.01,297.17,213117.74,-1
2025-09-24,2025-09-24 11:03:00,711.73,711.73,711.63,711.63,-0.01,297.17,213117.74,-1
2025-09-24,2025-09-24 11:04:00,711.63,711.63,711.54,711.54,-0.01,297.17,213117.74,-1
2025-09-24,2025-09-24 11:05:00,711.54,711.54,711.45,711.45,-0.01,297.17,213117.74,-1
2025-09-24,2025-09-24 11:06:00,711.45,711.45,711.36,711.36,-0.01,297.17,213117.74,-1
2025-09-24,2025-09-24 11:07:00,711.36,711.36,711.27,711.27,-0.01,297.17,213117.74,-1
2025-09-24,2025-09-24 11:08:00,711.27,711.27,711.17,711.17,-0.01,297.17,213117.74,-1
2025-09-24,2025-09-24 11:09:00,711.17,711.17,711.08,711.08,-0.01,297.17,213117.74,-1
2025-09-24,2025-09-24 11:10:00,711.08,711.08,710.99,710.99,-0.01,297.17,213117.74,-1
2025-09-24,2025-09-24 11:11:00,710.99,710.99,710.9,710.9,-0.01,297.17,213117.74,-1
2025-09-24,2025-09-24 11:12:00,710.9,710.9,710.81,710.81,-0.01,297.17,213117.74,-1
2025-09-24,2025-09-24 11:13:00,710.81,710.81,710.72,710.72,-0.01,297.17,213117.74,-1
2025-09-24,2025-09-24 11:14:00,710.72,710.72,710.62,710.62,-0.01,297.17,213117.74,-1
2025-09-24,2025-09-24 11:15:00,710.62,710.62,710.53,710.53,-0.01,297.17,213117.74,-1
2025-09-24,2025-09-24 11:16:00,710.53,710.53,710.44,710.44,-0.01,297.17,213117.74,-1
2025-09-24,2025-09-24 11:17:00,710.44,710.44,710.35,710.35,-0.01,297.17,213117.74,-1
2025-09-24,2025-09-24 11:18:00,710.35,710.35,710.26,710.26,-0.01,297.17,213117.74,-1
2025-09-24,2025-09-24 11:19:00,710.26,710.26,710.17,710.17,-0.01,297.17,213117.74,-1
2025-09-24,2025-09-24 11:20:00,710.17,710.17,710.08,710.08,-0.01,297.17,213117.74,-1
2025-09-24,2025-09-24 11:21:00,710.08,710.08,709.98,709.98,-0.01,297.17,213117.74,-1
2025-09-24,2025-09-24 11:22:00,709.98,709.98,709.89,709.89,-0.01,297.17,213117.74,-1
2025-09-24,2025-09-24 11:23:00,709.89,709.89,709.8,709.8,-0.01,297.17,213117.74,-1
2025-09-24,2025-09-24 11:24:00,709.8,709.8,709.71,709.71,-0.01,297.17,213117.74,-1
2025-09-24,2025-09-24 11:25:00,709.71,709.71,709.62,709.62,-0.01,297.17,213117.74,-1
2025-09-24,2025-09-24 11:26:00,709.62,709.62,709.52,709.52,-0.01,297.17,213117.74,-1
2025-09-24,2025-09-24 11:27:00,709.52,709.52,709.43,709.43,-0.01,297.17,213117.74,-1
2025-09-24,2025-09-24 11:28:00,709.43,709.43,709.34,709.34,-0.01,297.17,213117.74,-1
2025-09-24,2025-09-24 11:29:00,709.34,709.34,709.25,709.25,-0.01,297.17,213117.74,-1
2025-09-24,2025-09-24 11:30:00,709.25,709.25,709.16,709.16,-0.01,297.17,213117.74,-1
2025-09-24,2025-09-24 11:31:00,709.16,709.16,709.07,709.07,-0.01,297.17,213117.74,-1
2025-09-24,2025-09-24 11:32:00,709.07,709.07,708.98,708.98,-0.01,297.17,213117.74,-1
2025-09-24,2025-09-24 11:33:00,708.98,708.98,708.88,708.88,-0.01,297.17,213117.74,-1
2025-09-24,2025-09-24 11:34:00,708.88,708.88,708.79,708.79,-0.01,297.17,213117.74,-1
2025-09-24,2025-09-24 11:35:00,708.79,708.79,708.7,708.7,-0.01,297.17,213117.74,-1
2025-09-24,2025-09-24 11:36:00,708.7,708.7,708.61,708.61,-0.01,297.17,213117.74,-1
2025-09-24,2025-09-24 11:37:00,708.61,708.61,708.52,708.52,-0.01,297.17,213117.74,-1
2025-09-24,2025-09-24 11:38:00,708.52,708.52,708.42,708.42,-0.01,297.17,213117.74,-1
2025-09-24,2025-09-24 11:39:00,708.42,708.42,708.33,708.33,-0.01,297.17,213117.74,-1
2025-09-24,2025-09-24 11:40:00,708.33,708.33,708.24,708.24,-0.01,297.17,213117.74,-1
2025-09-24,2025-09-24 11:41:00,708.24,708.24,708.15,708.15,-0.01,297.17,213117.74,-1
2025-09-24,2025-09-24 11:42:00,708.15,708.15,708.06,708.06,-0.01,297.17,213117.74,-1
2025-09-24,2025-09-24 11:43:00,708.06,708.06,707.97,707.97,-0.01,297.17,213117.74,-1
2025-09-24,2025-09-24 11:44:00,707.97,707.97,707.88,707.88,-0.01,297.17,213117.74,-1
2025-09-24,2025-09-24 11:45:00,707.88,707.88,707.78,707.78,-0.01,297.17,213117.74,-1
2025-09-24,2025-09-24 11:46:00,707.78,707.78,707.69,707.69,-0.01,297.17,213117.74,-1
2025-09-24,2025-09-24 11:47:00,707.69,707.69,707.6,707.6,-0.01,297.17,213117.74,-1
2025-09-24,2025-09-24 11:48:00,707.6,707.6,707.51,707.51,-0.01,297.17,213117.74,-1
2025-09-24,2025-09-24 11:49:00,707.51,707.51,707.42,707.42,-0.01,297.17,213117.74,-1
2025-09-24,2025-09-24 11:50:00,707.42,707.42,707.33,707.33,-0.01,297.17,213117.74,-1
2025-09-24,2025-09-24 11:51:00,707.33,707.33,707.23,707.23,-0.01,297.17,213117.74,-1
2025-09-24,2025-09-24 11:52:00,707.23,707.23,707.14,707.14,-0.01,297.17,213117.74,-1
2025-09-24,2025-09-24 11:53:00,707.14,707.14,707.05,707.05,-0.01,297.17,213117.74,-1
2025-09-24,2025-09-24 11:54:00,707.05,707.05,706.96,706.96,-0.01,297.17,213117.74,-1
2025-09-24,2025-09-24 11:55:00,706.96,706.96,706.87,706.87,-0.01,297.17,213117.74,-1
2025-09-24,2025-09-24 11:56:00,706.87,706.87,706.77,706.77,-0.01,297.17,213117.74,-1
2025-09-24,2025-09-24 11:57:00,706.77,706.77,706.68,706.68,-0.01,297.17,213117.74,-1
2025-09-24,2025-09-24 11:58:00,706.68,706.68,706.59,706.59,-0.01,297.17,213117.74,-1
2025-09-24,2025-09-24 11:59:00,706.59,706.59,706.5,706.5,-0.01,297.17,213117.74,-1
2025-09-24,2025-09-24 12:00:00,706.5,706.5,706.41,706.41,-0.01,297.17,213117.74,-1
2025-09-24,2025-09-24 12:01:00,706.41,706.41,706.32,706.32,-0.01,297.17,213117.74,-1
2025-09-24,2025-09-24 12:02:00,706.32,706.32,706.23,706.23,-0.01,297.17,213117.74,-1
2025-09-24,2025-09-24 12:03:00,706.23,706.23,706.13,706.13,-0.01,297.17,213117.74,-1
2025-09-24,2025-09-24 12:04:00,706.13,706.13,706.04,706.04,-0.01,297.17,213117.74,-1
2025-09-24,2025-09-24 12:05:00,706.04,706.04,705.95,705.95,-0.01,297.17,213117.74,-1
2025-09-24,2025-09-24 12:06:00,705.95,705.95,705.86,705.86,-0.01,297.17,213117.74,-1
2025-09-24,2025-09-24 12:07:00,705.86,705.86,705.77,705.77,-0.01,297.17,213117.74,-1
2025-09-24,2025-09-24 12:08:00,705.77,705.77,705.67,705.67,-0.01,297.17,213117.74,-1
2025-09-24,2025-09-24 12:09:00,705.67,705.67,705.58,705.58,-0.01,297.17,213117.74,-1
2025-09-24,2025-09-24 12:10:00,705.58,705.58,705.49,705.49,-0.01,297.17,213117.74,-1
2025-09-24,2025-09-24 12:11:00,705.49,705.49,705.4,705.4,-0.01,297.17,213117.74,-1
2025-09-24,2025-09-24 12:12:00,705.4,705.4,705.31,705.31,-0.01,297.17,213117.74,-1
2025-09-24,2025-09-24 12:13:00,705.31,705.31,705.22,705.22,-0.01,297.17,213117.74,-1
2025-09-24,2025-09-24 12:14:00,705.22,705.22,705.12,705.12,-0.01,297.17,213117.74,-1
2025-09-24,2025-09-24 12:15:00,705.12,705.12,705.03,705.03,-0.01,297.17,213117.74,-1
2025-09-24,2025-09-24 12:16:00,705.03,705.03,704.94,704.94,-0.01,297.17,213117.74,-1
2025-09-24,2025-09-24 12:17:00,704.94,704.94,704.85,704.85,-0.01,297.17,213117.74,-1
2025-09-24,2025-09-24 12:18:00,704.85,704.85,704.76,704.76,-0.01,297.17,213117.74,-1
2025-09-24,2025-09-24 12:19:00,704.76,704.76,704.67,704.67,-0.01,297.17,213117.74,-1
2025-09-24,2025-09-24 12:20:00,704.67,704.67,704.58,704.58,-0.01,297.17,213117.74,-1
2025-09-24,2025-09-24 12:21:00,704.58,704.58,704.48,704.48,-0.01,297.17,213117.74,-1
2025-09-24,2025-09-24 12:22:00,704.48,704.48,704.39,704.39,-0.01,297.17,213117.74,-1
2025-09-24,2025-09-24 12:23:00,704.39,704.39,704.3,704.3,-0.01,297.17,213117.74,-1
2025-09-24,2025-09-24 12:24:00,704.3,704.3,704.21,704.21,-0.01,297.17,213117.74,-1
2025-09-24,2025-09-24 12:25:00,704.21,704.21,704.12,704.12,-0.01,297.17,213117.74,-1
2025-09-24,2025-09-24 12:26:00,704.12,704.12,704.02,704.02,-0.01,297.17,213117.74,-1
2025-09-24,2025-09-24 12:27:00,704.02,704.02,703.93,703.93,-0.01,297.17,213117.74,-1
2025-09-24,2025-09-24 12:28:00,703.93,703.93,703.84,703.84,-0.01,297.17,213117.74,-1
2025-09-24,2025-09-24 12:29:00,703.84,703.84,703.75,703.75,-0.01,297.17,213117.74,-1
2025-09-24,2025-09-24 12:30:00,703.75,703.75,703.66,703.66,-0.01,297.17,213117.74,-1
2025-09-24,2025-09-24 12:31:00,703.66,703.66,703.57,703.57,-0.01,297.17,213117.74,-1
2025-09-24,2025-09-24 12:32:00,703.57,703.57,703.48,703.48,-0.01,297.17,213117.74,-1
2025-09-24,2025-09-24 12:33:00,703.48,703.48,703.38,703.38,-0.01,297.17,213117.74,-1
2025-09-24,2025-09-24 12:34:00,703.38,703.38,703.29,703.29,-0.01,297.17,213117.74,-1
2025-09-24,2025-09-24 12:35:00,703.29,703.29,703.2,703.2,-0.01,297.17,213117.74,-1
2025-09-24,2025-09-24 12:36:00,703.2,703.2,703.11,703.11,-0.01,297.17,213117.74,-1
2025-09-24,2025-09-24 12:37:00,703.11,703.11,703.02,703.02,-0.01,297.17,213117.74,-1
2025-09-24,2025-09-24 12:38:00,703.02,703.02,702.92,702.92,-0.01,297.17,213117.74,-1
2025-09-24,2025-09-24 12:39:00,702.92,702.92,702.83,702.83,-0.01,297.17,213117.74,-1
2025-09-24,2025-09-24 12:40:00,702.83,702.83,702.74,702.74,-0.01,297.17,213117.74,-1
2025-09-24,2025-09-24 12:41:00,702.74,702.74,702.65,702.65,-0.01,297.17,213117.74,-1
2025-09-24,2025-09-24 12:42:00,702.65,702.65,702.56,702.56,-0.01,297.17,213117.74,-1
2025-09-24,2025-09-24 12:43:00,702.56,702.56,702.47,702.47,-0.01,297.17,213117.74,-1
2025-09-24,2025-09-24 12:44:00,702.47,702.47,702.38,702.38,-0.01,297.17,213117.74,-1
2025-09-24,2025-09-24 12:45:00,702.38,702.38,702.28,702.28,-0.01,297.17,213117.74,-1
2025-09-24,2025-09-24 12:46:00,702.28,702.28,702.19,702.19,-0.01,297.17,213117.74,-1
2025-09-24,2025-09-24 12:47:00,702.19,702.19,702.1,702.1,-0.01,297.17,213117.74,-1
2025-09-24,2025-09-24 12:48:00,702.1,702.1,702.01,702.01,-0.01,297.17,213117.74,-1
2025-09-24,2025-09-24 12:49:00,702.01,702.01,701.92,701.92,-0.01,297.17,213117.74,-1
2025-09-24,2025-09-24 12:50:00,701.92,701.92,701.83,701.83,-0.01,297.17,213117.74,-1
2025-09-24,2025-09-24 12:51:00,701.83,701.83,701.73,701.73,-0.01,297.17,213117.74,-1
2025-09-24,2025-09-24 12:52:00,701.73,701.73,701.64,701.64,-0.01,297.17,213117.74,-1
2025-09-24,2025-09-24 12:53:00,701.64,701.64,701.55,701.55,-0.01,297.17,213117.74,-1
2025-09-24,2025-09-24 12:54:00,701.55,701.55,701.46,701.46,-0.01,297.17,213117.74,-1
2025-09-24,2025-09-24 12:55:00,701.46,701.46,701.37,701.37,-0.01,297.17,213117.74,-1
2025-09-24,2025-09-24 12:56:00,701.37,701.37,701.27,701.27,-0.01,297.17,213117.74,-1
2025-09-24,2025-09-24 12:57:00,701.27,701.27,701.18,701.18,-0.01,297.17,213117.74,-1
2025-09-24,2025-09-24 12:58:00,701.18,701.18,701.09,701.09,-0.01,297.17,213117.74,-1
2025-09-24,2025-09-24 12:59:00,701.09,701.09,701.0,701.0,-0.01,297.17,213117.74,-1
2025-09-24,2025-09-24 13:00:00,701.0,728.0,655.8,700.91,-0.01,297.17,213117.74,-1
2025-09-24,2025-09-24 13:01:00,700.91,700.91,700.82,700.82,-0.01,297.17,213117.74,-1
2025-09-24,2025-09-24 13:02:00,700.82,700.82,700.73,700.73,-0.01,297.17,213117.74,-1
2025-09-24,2025-09-24 13:03:00,700.73,700.73,700.63,700.63,-0.01,297.17,213117.74,-1
2025-09-24,2025-09-24 13:04:00,700.63,700.63,700.54,700.54,-0.01,297.17,213117.74,-1
2025-09-24,2025-09-24 13:05:00,700.54,700.54,700.45,700.45,-0.01,297.17,213117.74,-1
2025-09-24,2025-09-24 13:06:00,700.45,700.45,700.36,700.36,-0.01,297.17,213117.74,-1
2025-09-24,2025-09-24 13:07:00,700.36,700.36,700.27,700.27,-0.01,297.17,213117.74,-1
2025-09-24,2025-09-24 13:08:00,700.27,700.27,700.17,700.17,-0.01,297.17,213117.74,-1
2025-09-24,2025-09-24 13:09:00,700.17,700.17,700.08,700.08,-0.01,297.17,213117.74,-1
2025-09-24,2025-09-24 13:10:00,700.08,700.08,699.99,699.99,-0.01,297.17,213117.74,-1
2025-09-24,2025-09-24 13:11:00,699.99,699.99,699.9,699.9,-0.01,297.17,213117.74,-1
2025-09-24,2025-09-24 13:12:00,699.9,699.9,699.81,699.81,-0.01,297.17,213117.74,-1
2025-09-24,2025-09-24 13:13:00,699.81,699.81,699.72,699.72,-0.01,297.17,213117.74,-1
2025-09-24,2025-09-24 13:14:00,699.72,699.72,699.62,699.62,-0.01,297.17,213117.74,-1
2025-09-24,2025-09-24 13:15:00,699.62,699.62,699.53,699.53,-0.01,297.17,213117.74,-1
2025-09-24,2025-09-24 13:16:00,699.53,699.53,699.44,699.44,-0.01,297.17,213117.74,-1
2025-09-24,2025-09-24 13:17:00,699.44,699.44,699.35,699.35,-0.01,297.17,213117.74,-1
2025-09-24,2025-09-24 13:18:00,699.35,699.35,699.26,699.26,-0.01,297.17,213117.74,-1
2025-09-24,2025-09-24 13:19:00,699.26,699.26,699.17,699.17,-0.01,297.17,213117.74,-1
2025-09-24,2025-09-24 13:20:00,699.17,699.17,699.08,699.08,-0.01,297.17,213117.74,-1
2025-09-24,2025-09-24 13:21:00,699.08,699.08,698.98,698.98,-0.01,297.17,213117.74,-1
2025-09-24,2025-09-24 13:22:00,698.98,698.98,698.89,698.89,-0.01,297.17,213117.74,-1
2025-09-24,2025-09-24 13:23:00,698.89,698.89,698.8,698.8,-0.01,297.17,213117.74,-1
2025-09-24,2025-09-24 13:24:00,698.8,698.8,698.71,698.71,-0.01,297.17,213117.74,-1
2025-09-24,2025-09-24 13:25:00,698.71,698.71,698.62,698.62,-0.01,297.17,213117.74,-1
2025-09-24,2025-09-24 13:26:00,698.62,698.62,698.52,698.52,-0.01,297.17,213117.74,-1
2025-09-24,2025-09-24 13:27:00,698.52,698.52,698.43,698.43,-0.01,297.17,213117.74,-1
2025-09-24,2025-09-24 13:28:00,698.43,698.43,698.34,698.34,-0.01,297.17,213117.74,-1
2025-09-24,2025-09-24 13:29:00,698.34,698.34,698.25,698.25,-0.01,297.17,213117.74,-1
2025-09-24,2025-09-24 13:30:00,698.25,698.25,698.16,698.16,-0.01,297.17,213117.74,-1
2025-09-24,2025-09-24 13:31:00,698.16,698.16,698.07,698.07,-0.01,297.17,213117.74,-1
2025-09-24,2025-09-24 13:32:00,698.07,698.07,697.98,697.98,-0.01,297.17,213117.74,-1
2025-09-24,2025-09-24 13:33:00,697.98,697.98,697.88,697.88,-0.01,297.17,213117.74,-1
2025-09-24,2025-09-24 13:34:00,697.88,697.88,697.79,697.79,-0.01,297.17,213117.74,-1
2025-09-24,2025-09-24 13:35:00,697.79,697.79,697.7,697.7,-0.01,297.17,213117.74,-1
2025-09-24,2025-09-24 13:36:00,697.7,697.7,697.61,697.61,-0.01,297.17,213117.74,-1
2025-09-24,2025-09-24 13:37:00,697.61,697.61,697.52,697.52,-0.01,297.17,213117.74,-1
2025-09-24,2025-09-24 13:38:00,697.52,697.52,697.42,697.42,-0.01,297.17,213117.74,-1
2025-09-24,2025-09-24 13:39:00,697.42,697.42,697.33,697.33,-0.01,297.17,213117.74,-1
2025-09-24,2025-09-24 13:40:00,697.33,697.33,697.24,697.24,-0.01,297.17,213117.74,-1
2025-09-24,2025-09-24 13:41:00,697.24,697.24,697.15,697.15,-0.01,297.17,213117.74,-1
2025-09-24,2025-09-24 13:42:00,697.15,697.15,697.06,697.06,-0.01,297.17,213117.74,-1
2025-09-24,2025-09-24 13:43:00,697.06,697.06,696.97,696.97,-0.01,297.17,213117.74,-1
2025-09-24,2025-09-24 13:44:00,696.97,696.97,696.88,696.88,-0.01,297.17,213117.74,-1
2025-09-24,2025-09-24 13:45:00,696.88,696.88,696.78,696.78,-0.01,297.17,213117.74,-1
2025-09-24,2025-09-24 13:46:00,696.78,696.78,696.69,696.69,-0.01,297.17,213117.74,-1
2025-09-24,2025-09-24 13:47:00,696.69,696.69,696.6,696.6,-0.01,297.17,213117.74,-1
2025-09-24,2025-09-24 13:48:00,696.6,696.6,696.51,696.51,-0.01,297.17,213117.74,-1
2025-09-24,2025-09-24 13:49:00,696.51,696.51,696.42,696.42,-0.01,297.17,213117.74,-1
2025-09-24,2025-09-24 13:50:00,696.42,696.42,696.33,696.33,-0.01,297.17,213117.74,-1
2025-09-24,2025-09-24 13:51:00,696.33,696.33,696.23,696.23,-0.01,297.17,213117.74,-1
2025-09-24,2025-09-24 13:52:00,696.23,696.23,696.14,696.14,-0.01,297.17,213117.74,-1
2025-09-24,2025-09-24 13:53:00,696.14,696.14,696.05,696.05,-0.01,297.17,213117.74,-1
2025-09-24,2025-09-24 13:54:00,696.05,696.05,695.96,695.96,-0.01,297.17,213117.74,-1
2025-09-24,2025-09-24 13:55:00,695.96,695.96,695.87,695.87,-0.01,297.17,213117.74,-1
2025-09-24,2025-09-24 13:56:00,695.87,695.87,695.77,695.77,-0.01,297.17,213117.74,-1
2025-09-24,2025-09-24 13:57:00,695.77,695.77,695.68,695.68,-0.01,297.17,213117.74,-1
2025-09-24,2025-09-24 13:58:00,695.68,695.68,695.59,695.59,-0.01,297.17,213117.74,-1
2025-09-24,2025-09-24 13:59:00,695.59,695.59,695.5,695.5,-0.01,297.17,213117.74,-1
2025-09-24,2025-09-24 14:00:00,695.5,695.5,695.41,695.41,-0.01,297.17,213117.74,-1
2025-09-24,2025-09-24 14:01:00,695.41,695.41,695.32,695.32,-0.01,297.17,213117.74,-1
2025-09-24,2025-09-24 14:02:00,695.32,695.32,695.23,695.23,-0.01,297.17,213117.74,-1
2025-09-24,2025-09-24 14:03:00,695.23,695.23,695.13,695.13,-0.01,297.17,213117.74,-1
2025-09-24,2025-09-24 14:04:00,695.13,695.13,695.04,695.04,-0.01,297.17,213117.74,-1
2025-09-24,2025-09-24 14:05:00,695.04,695.04,694.95,694.95,-0.01,297.17,213117.74,-1
2025-09-24,2025-09-24 14:06:00,694.95,694.95,694.86,694.86,-0.01,297.17,213117.74,-1
2025-09-24,2025-09-24 14:07:00,694.86,694.86,694.77,694.77,-0.01,297.17,213117.74,-1
2025-09-24,2025-09-24 14:08:00,694.77,694.77,694.67,694.67,-0.01,297.17,213117.74,-1
2025-09-24,2025-09-24 14:09:00,694.67,694.67,694.58,694.58,-0.01,297.17,213117.74,-1
2025-09-24,2025-09-24 14:10:00,694.58,694.58,694.49,694.49,-0.01,297.17,213117.74,-1
2025-09-24,2025-09-24 14:11:00,694.49,694.49,694.4,694.4,-0.01,297.17,213117.74,-1
2025-09-24,2025-09-24 14:12:00,694.4,694.4,694.31,694.31,-0.01,297.17,213117.74,-1
2025-09-24,2025-09-24 14:13:00,694.31,694.31,694.22,694.22,-0.01,297.17,213117.74,-1
2025-09-24,2025-09-24 14:14:00,694.22,694.22,694.12,694.12,-0.01,297.17,213117.74,-1
2025-09-24,2025-09-24 14:15:00,694.12,694.12,694.03,694.03,-0.01,297.17,213117.74,-1
2025-09-24,2025-09-24 14:16:00,694.03,694.03,693.94,693.94,-0.01,297.17,213117.74,-1
2025-09-24,2025-09-24 14:17:00,693.94,693.94,693.85,693.85,-0.01,297.17,213117.74,-1
2025-09-24,2025-09-24 14:18:00,693.85,693.85,693.76,693.76,-0.01,297.17,213117.74,-1
2025-09-24,2025-09-24 14:19:00,693.76,693.76,693.67,693.67,-0.01,297.17,213117.74,-1
2025-09-24,2025-09-24 14:20:00,693.67,693.67,693.58,693.58,-0.01,297.17,213117.74,-1
2025-09-24,2025-09-24 14:21:00,693.58,693.58,693.48,693.48,-0.01,297.17,213117.74,-1
2025-09-24,2025-09-24 14:22:00,693.48,693.48,693.39,693.39,-0.01,297.17,213117.74,-1
2025-09-24,2025-09-24 14:23:00,693.39,693.39,693.3,693.3,-0.01,297.17,213117.74,-1
2025-09-24,2025-09-24 14:24:00,693.3,693.3,693.21,693.21,-0.01,297.17,213117.74,-1
2025-09-24,2025-09-24 14:25:00,693.21,693.21,693.12,693.12,-0.01,297.17,213117.74,-1
2025-09-24,2025-09-24 14:26:00,693.12,693.12,693.02,693.02,-0.01,297.17,213117.74,-1
2025-09-24,2025-09-24 14:27:00,693.02,693.02,692.93,692.93,-0.01,297.17,213117.74,-1
2025-09-24,2025-09-24 14:28:00,692.93,692.93,692.84,692.84,-0.01,297.17,213117.74,-1
2025-09-24,2025-09-24 14:29:00,692.84,692.84,692.75,692.75,-0.01,297.17,213117.74,-1
2025-09-24,2025-09-24 14:30:00,692.75,692.75,692.66,692.66,-0.01,297.17,213117.74,-1
2025-09-24,2025-09-24 14:31:00,692.66,692.66,692.57,692.57,-0.01,297.17,213117.74,-1
2025-09-24,2025-09-24 14:32:00,692.57,692.57,692.48,692.48,-0.01,297.17,213117.74,-1
2025-09-24,2025-09-24 14:33:00,692.48,692.48,692.38,692.38,-0.01,297.17,213117.74,-1
2025-09-24,2025-09-24 14:34:00,692.38,692.38,692.29,692.29,-0.01,297.17,213117.74,-1
2025-09-24,2025-09-24 14:35:00,692.29,692.29,692.2,692.2,-0.01,297.17,213117.74,-1
2025-09-24,2025-09-24 14:36:00,692.2,692.2,692.11,692.11,-0.01,297.17,213117.74,-1
2025-09-24,2025-09-24 14:37:00,692.11,692.11,692.02,692.02,-0.01,297.17,213117.74,-1
2025-09-24,2025-09-24 14:38:00,692.02,692.02,691.92,691.92,-0.01,297.17,213117.74,-1
2025-09-24,2025-09-24 14:39:00,691.92,691.92,691.83,691.83,-0.01,297.17,213117.74,-1
2025-09-24,2025-09-24 14:40:00,691.83,691.83,691.74,691.74,-0.01,297.17,213117.74,-1
2025-09-24,2025-09-24 14:41:00,691.74,691.74,691.65,691.65,-0.01,297.17,213117.74,-1
2025-09-24,2025-09-24 14:42:00,691.65,691.65,691.56,691.56,-0.01,297.17,213117.74,-1
2025-09-24,2025-09-24 14:43:00,691.56,691.56,691.47,691.47,-0.01,297.17,213117.74,-1
2025-09-24,2025-09-24 14:44:00,691.47,691.47,691.38,691.38,-0.01,297.17,213117.74,-1
2025-09-24,2025-09-24 14:45:00,691.38,691.38,691.28,691.28,-0.01,297.17,213117.74,-1
2025-09-24,2025-09-24 14:46:00,691.28,691.28,691.19,691.19,-0.01,297.17,213117.74,-1
2025-09-24,2025-09-24 14:47:00,691.19,691.19,691.1,691.1,-0.01,297.17,213117.74,-1
2025-09-24,2025-09-24 14:48:00,691.1,691.1,691.01,691.01,-0.01,297.17,213117.74,-1
2025-09-24,2025-09-24 14:49:00,691.01,691.01,690.92,690.92,-0.01,297.17,213117.74,-1
2025-09-24,2025-09-24 14:50:00,690.92,690.92,690.83,690.83,-0.01,297.17,213117.74,-1
2025-09-24,2025-09-24 14:51:00,690.83,690.83,690.73,690.73,-0.01,297.17,213117.74,-1
2025-09-24,2025-09-24 14:52:00,690.73,690.73,690.64,690.64,-0.01,297.17,213117.74,-1
2025-09-24,2025-09-24 14:53:00,690.64,690.64,690.55,690.55,-0.01,297.17,213117.74,-1
2025-09-24,2025-09-24 14:54:00,690.55,690.55,690.46,690.46,-0.01,297.17,213117.74,-1
2025-09-24,2025-09-24 14:55:00,690.46,690.46,690.37,690.37,-0.01,297.17,213117.74,-1
2025-09-24,2025-09-24 14:56:00,690.37,690.37,690.27,690.27,-0.01,297.17,213117.74,-1
2025-09-24,2025-09-24 14:57:00,690.27,690.27,690.18,690.18,-0.01,297.17,213117.74,-1
2025-09-24,2025-09-24 14:58:00,690.18,690.18,690.09,690.09,-0.01,297.17,213117.74,-1
2025-09-24,2025-09-24 14:59:00,690.09,690.09,690.0,690.0,-0.01,297.17,213117.74,-1
2025-09-24,2025-09-24 15:00:00,690.0,728.0,655.8,690.0,0.0,297.17,213117.74,0
2025-09-25,2025-09-25 11:00:00,699.0,699.0,687.3,698.93,-0.01,60.5,40327.57,-1
2025-09-25,2025-09-25 11:01:00,698.93,698.93,698.86,698.86,-0.01,60.5,40327.57,-1
2025-09-25,2025-09-25 11:02:00,698.86,698.86,698.78,698.78,-0.01,60.5,40327.57,-1
2025-09-25,2025-09-25 11:03:00,698.78,698.78,698.71,698.71,-0.01,60.5,40327.57,-1
2025-09-25,2025-09-25 11:04:00,698.71,698.71,698.64,698.64,-0.01,60.5,40327.57,-1
2025-09-25,2025-09-25 11:05:00,698.64,698.64,698.57,698.57,-0.01,60.5,40327.57,-1
2025-09-25,2025-09-25 11:06:00,698.57,698.57,698.5,698.5,-0.01,60.5,40327.57,-1
2025-09-25,2025-09-25 11:07:00,698.5,698.5,698.42,698.42,-0.01,60.5,40327.57,-1
2025-09-25,2025-09-25 11:08:00,698.42,698.42,698.35,698.35,-0.01,60.5,40327.57,-1
2025-09-25,2025-09-25 11:09:00,698.35,698.35,698.28,698.28,-0.01,60.5,40327.57,-1
2025-09-25,2025-09-25 11:10:00,698.28,698.28,698.21,698.21,-0.01,60.5,40327.57,-1
2025-09-25,2025-09-25 11:11:00,698.21,698.21,698.13,698.13,-0.01,60.5,40327.57,-1
2025-09-25,2025-09-25 11:12:00,698.13,698.13,698.06,698.06,-0.01,60.5,40327.57,-1
2025-09-25,2025-09-25 11:13:00,698.06,698.06,697.99,697.99,-0.01,60.5,40327.57,-1
2025-09-25,2025-09-25 11:14:00,697.99,697.99,697.92,697.92,-0.01,60.5,40327.57,-1
2025-09-25,2025-09-25 11:15:00,697.92,697.92,697.85,697.85,-0.01,60.5,40327.57,-1
2025-09-25,2025-09-25 11:16:00,697.85,697.85,697.77,697.77,-0.01,60.5,40327.57,-1
2025-09-25,2025-09-25 11:17:00,697.77,697.77,697.7,697.7,-0.01,60.5,40327.57,-1
2025-09-25,2025-09-25 11:18:00,697.7,697.7,697.63,697.63,-0.01,60.5,40327.57,-1
2025-09-25,2025-09-25 11:19:00,697.63,697.63,697.56,697.56,-0.01,60.5,40327.57,-1
2025-09-25,2025-09-25 11:20:00,697.56,697.56,697.49,697.49,-0.01,60.5,40327.57,-1
2025-09-25,2025-09-25 11:21:00,697.49,697.49,697.41,697.41,-0.01,60.5,40327.57,-1
2025-09-25,2025-09-25 11:22:00,697.41,697.41,697.34,697.34,-0.01,60.5,40327.57,-1
2025-09-25,2025-09-25 11:23:00,697.34,697.34,697.27,697.27,-0.01,60.5,40327.57,-1
2025-09-25,2025-09-25 11:24:00,697.27,697.27,697.2,697.2,-0.01,60.5,40327.57,-1
2025-09-25,2025-09-25 11:25:00,697.2,697.2,697.13,697.13,-0.01,60.5,40327.57,-1
2025-09-25,2025-09-25 11:26:00,697.13,697.13,697.05,697.05,-0.01,60.5,40327.57,-1
2025-09-25,2025-09-25 11:27:00,697.05,697.05,696.98,696.98,-0.01,60.5,40327.57,-1
2025-09-25,2025-09-25 11:28:00,696.98,696.98,696.91,696.91,-0.01,60.5,40327.57,-1
2025-09-25,2025-09-25 11:29:00,696.91,696.91,696.84,696.84,-0.01,60.5,40327.57,-1
2025-09-25,2025-09-25 11:30:00,696.84,696.84,696.77,696.77,-0.01,60.5,40327.57,-1
2025-09-25,2025-09-25 11:31:00,696.77,696.77,696.69,696.69,-0.01,60.5,40327.57,-1
2025-09-25,2025-09-25 11:32:00,696.69,696.69,696.62,696.62,-0.01,60.5,40327.57,-1
2025-09-25,2025-09-25 11:33:00,696.62,696.62,696.55,696.55,-0.01,60.5,40327.57,-1
2025-09-25,2025-09-25 11:34:00,696.55,696.55,696.48,696.48,-0.01,60.5,40327.57,-1
2025-09-25,2025-09-25 11:35:00,696.48,696.48,696.4,696.4,-0.01,60.5,40327.57,-1
2025-09-25,2025-09-25 11:36:00,696.4,696.4,696.33,696.33,-0.01,60.5,40327.57,-1
2025-09-25,2025-09-25 11:37:00,696.33,696.33,696.26,696.26,-0.01,60.5,40327.57,-1
2025-09-25,2025-09-25 11:38:00,696.26,696.26,696.19,696.19,-0.01,60.5,40327.57,-1
2025-09-25,2025-09-25 11:39:00,696.19,696.19,696.12,696.12,-0.01,60.5,40327.57,-1
2025-09-25,2025-09-25 11:40:00,696.12,696.12,696.04,696.04,-0.01,60.5,40327.57,-1
2025-09-25,2025-09-25 11:41:00,696.04,696.04,695.97,695.97,-0.01,60.5,40327.57,-1
2025-09-25,2025-09-25 11:42:00,695.97,695.97,695.9,695.9,-0.01,60.5,40327.57,-1
2025-09-25,2025-09-25 11:43:00,695.9,695.9,695.83,695.83,-0.01,60.5,40327.57,-1
2025-09-25,2025-09-25 11:44:00,695.83,695.83,695.76,695.76,-0.01,60.5,40327.57,-1
2025-09-25,2025-09-25 11:45:00,695.76,695.76,695.68,695.68,-0.01,60.5,40327.57,-1
2025-09-25,2025-09-25 11:46:00,695.68,695.68,695.61,695.61,-0.01,60.5,40327.57,-1
2025-09-25,2025-09-25 11:47:00,695.61,695.61,695.54,695.54,-0.01,60.5,40327.57,-1
2025-09-25,2025-09-25 11:48:00,695.54,695.54,695.47,695.47,-0.01,60.5,40327.57,-1
2025-09-25,2025-09-25 11:49:00,695.47,695.47,695.4,695.4,-0.01,60.5,40327.57,-1
2025-09-25,2025-09-25 11:50:00,695.4,695.4,695.32,695.32,-0.01,60.5,40327.57,-1
2025-09-25,2025-09-25 11:51:00,695.32,695.32,695.25,695.25,-0.01,60.5,40327.57,-1
2025-09-25,2025-09-25 11:52:00,695.25,695.25,695.18,695.18,-0.01,60.5,40327.57,-1
2025-09-25,2025-09-25 11:53:00,695.18,695.18,695.11,695.11,-0.01,60.5,40327.57,-1
2025-09-25,2025-09-25 11:54:00,695.11,695.11,695.04,695.04,-0.01,60.5,40327.57,-1
2025-09-25,2025-09-25 11:55:00,695.04,695.04,694.96,694.96,-0.01,60.5,40327.57,-1
2025-09-25,2025-09-25 11:56:00,694.96,694.96,694.89,694.89,-0.01,60.5,40327.57,-1
2025-09-25,2025-09-25 11:57:00,694.89,694.89,694.82,694.82,-0.01,60.5,40327.57,-1
2025-09-25,2025-09-25 11:58:00,694.82,694.82,694.75,694.75,-0.01,60.5,40327.57,-1
2025-09-25,2025-09-25 11:59:00,694.75,694.75,694.67,694.67,-0.01,60.5,40327.57,-1
2025-09-25,2025-09-25 12:00:00,694.67,694.67,694.6,694.6,-0.01,60.5,40327.57,-1
2025-09-25,2025-09-25 12:01:00,694.6,694.6,694.53,694.53,-0.01,60.5,40327.57,-1
2025-09-25,2025-09-25 12:02:00,694.53,694.53,694.46,694.46,-0.01,60.5,40327.57,-1
2025-09-25,2025-09-25 12:03:00,694.46,694.46,694.39,694.39,-0.01,60.5,40327.57,-1
2025-09-25,2025-09-25 12:04:00,694.39,694.39,694.31,694.31,-0.01,60.5,40327.57,-1
2025-09-25,2025-09-25 12:05:00,694.31,694.31,694.24,694.24,-0.01,60.5,40327.57,-1
2025-09-25,2025-09-25 12:06:00,694.24,694.24,694.17,694.17,-0.01,60.5,40327.57,-1
2025-09-25,2025-09-25 12:07:00,694.17,694.17,694.1,694.1,-0.01,60.5,40327.57,-1
2025-09-25,2025-09-25 12:08:00,694.1,694.1,694.03,694.03,-0.01,60.5,40327.57,-1
2025-09-25,2025-09-25 12:09:00,694.03,694.03,693.95,693.95,-0.01,60.5,40327.57,-1
2025-09-25,2025-09-25 12:10:00,693.95,693.95,693.88,693.88,-0.01,60.5,40327.57,-1
2025-09-25,2025-09-25 12:11:00,693.88,693.88,693.81,693.81,-0.01,60.5,40327.57,-1
2025-09-25,2025-09-25 12:12:00,693.81,693.81,693.74,693.74,-0.01,60.5,40327.57,-1
2025-09-25,2025-09-25 12:13:00,693.74,693.74,693.67,693.67,-0.01,60.5,40327.57,-1
2025-09-25,2025-09-25 12:14:00,693.67,693.67,693.59,693.59,-0.01,60.5,40327.57,-1
2025-09-25,2025-09-25 12:15:00,693.59,693.59,693.52,693.52,-0.01,60.5,40327.57,-1
2025-09-25,2025-09-25 12:16:00,693.52,693.52,693.45,693.45,-0.01,60.5,40327.57,-1
2025-09-25,2025-09-25 12:17:00,693.45,693.45,693.38,693.38,-0.01,60.5,40327.57,-1
2025-09-25,2025-09-25 12:18:00,693.38,693.38,693.31,693.31,-0.01,60.5,40327.57,-1
2025-09-25,2025-09-25 12:19:00,693.31,693.31,693.23,693.23,-0.01,60.5,40327.57,-1
2025-09-25,2025-09-25 12:20:00,693.23,693.23,693.16,693.16,-0.01,60.5,40327.57,-1
2025-09-25,2025-09-25 12:21:00,693.16,693.16,693.09,693.09,-0.01,60.5,40327.57,-1
2025-09-25,2025-09-25 12:22:00,693.09,693.09,693.02,693.02,-0.01,60.5,40327.57,-1
2025-09-25,2025-09-25 12:23:00,693.02,693.02,692.95,692.95,-0.01,60.5,40327.57,-1
2025-09-25,2025-09-25 12:24:00,692.95,692.95,692.87,692.87,-0.01,60.5,40327.57,-1
2025-09-25,2025-09-25 12:25:00,692.87,692.87,692.8,692.8,-0.01,60.5,40327.57,-1
2025-09-25,2025-09-25 12:26:00,692.8,692.8,692.73,692.73,-0.01,60.5,40327.57,-1
2025-09-25,2025-09-25 12:27:00,692.73,692.73,692.66,692.66,-0.01,60.5,40327.57,-1
2025-09-25,2025-09-25 12:28:00,692.66,692.66,692.58,692.58,-0.01,60.5,40327.57,-1
2025-09-25,2025-09-25 12:29:00,692.58,692.58,692.51,692.51,-0.01,60.5,40327.57,-1
2025-09-25,2025-09-25 12:30:00,692.51,692.51,692.44,692.44,-0.01,60.5,40327.57,-1
2025-09-25,2025-09-25 12:31:00,692.44,692.44,692.37,692.37,-0.01,60.5,40327.57,-1
2025-09-25,2025-09-25 12:32:00,692.37,692.37,692.3,692.3,-0.01,60.5,40327.57,-1
2025-09-25,2025-09-25 12:33:00,692.3,692.3,692.22,692.22,-0.01,60.5,40327.57,-1
2025-09-25,2025-09-25 12:34:00,692.22,692.22,692.15,692.15,-0.01,60.5,40327.57,-1
2025-09-25,2025-09-25 12:35:00,692.15,692.15,692.08,692.08,-0.01,60.5,40327.57,-1
2025-09-25,2025-09-25 12:36:00,692.08,692.08,692.01,692.01,-0.01,60.5,40327.57,-1
2025-09-25,2025-09-25 12:37:00,692.01,692.01,691.94,691.94,-0.01,60.5,40327.57,-1
2025-09-25,2025-09-25 12:38:00,691.94,691.94,691.86,691.86,-0.01,60.5,40327.57,-1
2025-09-25,2025-09-25 12:39:00,691.86,691.86,691.79,691.79,-0.01,60.5,40327.57,-1
2025-09-25,2025-09-25 12:40:00,691.79,691.79,691.72,691.72,-0.01,60.5,40327.57,-1
2025-09-25,2025-09-25 12:41:00,691.72,691.72,691.65,691.65,-0.01,60.5,40327.57,-1
2025-09-25,2025-09-25 12:42:00,691.65,691.65,691.58,691.58,-0.01,60.5,40327.57,-1
2025-09-25,2025-09-25 12:43:00,691.58,691.58,691.5,691.5,-0.01,60.5,40327.57,-1
2025-09-25,2025-09-25 12:44:00,691.5,691.5,691.43,691.43,-0.01,60.5,40327.57,-1
2025-09-25,2025-09-25 12:45:00,691.43,691.43,691.36,691.36,-0.01,60.5,40327.57,-1
2025-09-25,2025-09-25 12:46:00,691.36,691.36,691.29,691.29,-0.01,60.5,40327.57,-1
2025-09-25,2025-09-25 12:47:00,691.29,691.29,691.22,691.22,-0.01,60.5,40327.57,-1
2025-09-25,2025-09-25 12:48:00,691.22,691.22,691.14,691.14,-0.01,60.5,40327.57,-1
2025-09-25,2025-09-25 12:49:00,691.14,691.14,691.07,691.07,-0.01,60.5,40327.57,-1
2025-09-25,2025-09-25 12:50:00,691.07,691.07,691.0,691.0,-0.01,60.5,40327.57,-1
2025-09-25,2025-09-25 12:51:00,691.0,691.0,690.93,690.93,-0.01,60.5,40327.57,-1
2025-09-25,2025-09-25 12:52:00,690.93,690.93,690.85,690.85,-0.01,60.5,40327.57,-1
2025-09-25,2025-09-25 12:53:00,690.85,690.85,690.78,690.78,-0.01,60.5,40327.57,-1
2025-09-25,2025-09-25 12:54:00,690.78,690.78,690.71,690.71,-0.01,60.5,40327.57,-1
2025-09-25,2025-09-25 12:55:00,690.71,690.71,690.64,690.64,-0.01,60.5,40327.57,-1
2025-09-25,2025-09-25 12:56:00,690.64,690.64,690.57,690.57,-0.01,60.5,40327.57,-1
2025-09-25,2025-09-25 12:57:00,690.57,690.57,690.49,690.49,-0.01,60.5,40327.57,-1
2025-09-25,2025-09-25 12:58:00,690.49,690.49,690.42,690.42,-0.01,60.5,40327.57,-1
2025-09-25,2025-09-25 12:59:00,690.42,690.42,690.35,690.35,-0.01,60.5,40327.57,-1
2025-09-25,2025-09-25 13:00:00,690.35,699.0,660.0,690.28,-0.01,60.5,40327.57,-1
2025-09-25,2025-09-25 13:01:00,690.28,690.28,690.21,690.21,-0.01,60.5,40327.57,-1
2025-09-25,2025-09-25 13:02:00,690.21,690.21,690.13,690.13,-0.01,60.5,40327.57,-1
2025-09-25,2025-09-25 13:03:00,690.13,690.13,690.06,690.06,-0.01,60.5,40327.57,-1
2025-09-25,2025-09-25 13:04:00,690.06,690.06,689.99,689.99,-0.01,60.5,40327.57,-1
2025-09-25,2025-09-25 13:05:00,689.99,689.99,689.92,689.92,-0.01,60.5,40327.57,-1
2025-09-25,2025-09-25 13:06:00,689.92,689.92,689.85,689.85,-0.01,60.5,40327.57,-1
2025-09-25,2025-09-25 13:07:00,689.85,689.85,689.77,689.77,-0.01,60.5,40327.57,-1
2025-09-25,2025-09-25 13:08:00,689.77,689.77,689.7,689.7,-0.01,60.5,40327.57,-1
2025-09-25,2025-09-25 13:09:00,689.7,689.7,689.63,689.63,-0.01,60.5,40327.57,-1
2025-09-25,2025-09-25 13:10:00,689.63,689.63,689.56,689.56,-0.01,60.5,40327.57,-1
2025-09-25,2025-09-25 13:11:00,689.56,689.56,689.49,689.49,-0.01,60.5,40327.57,-1
2025-09-25,2025-09-25 13:12:00,689.49,689.49,689.41,689.41,-0.01,60.5,40327.57,-1
2025-09-25,2025-09-25 13:13:00,689.41,689.41,689.34,689.34,-0.01,60.5,40327.57,-1
2025-09-25,2025-09-25 13:14:00,689.34,689.34,689.27,689.27,-0.01,60.5,40327.57,-1
2025-09-25,2025-09-25 13:15:00,689.27,689.27,689.2,689.2,-0.01,60.5,40327.57,-1
2025-09-25,2025-09-25 13:16:00,689.2,689.2,689.12,689.12,-0.01,60.5,40327.57,-1
2025-09-25,2025-09-25 13:17:00,689.12,689.12,689.05,689.05,-0.01,60.5,40327.57,-1
2025-09-25,2025-09-25 13:18:00,689.05,689.05,688.98,688.98,-0.01,60.5,40327.57,-1
2025-09-25,2025-09-25 13:19:00,688.98,688.98,688.91,688.91,-0.01,60.5,40327.57,-1
2025-09-25,2025-09-25 13:20:00,688.91,688.91,688.84,688.84,-0.01,60.5,40327.57,-1
2025-09-25,2025-09-25 13:21:00,688.84,688.84,688.76,688.76,-0.01,60.5,40327.57,-1
2025-09-25,2025-09-25 13:22:00,688.76,688.76,688.69,688.69,-0.01,60.5,40327.57,-1
2025-09-25,2025-09-25 13:23:00,688.69,688.69,688.62,688.62,-0.01,60.5,40327.57,-1
2025-09-25,2025-09-25 13:24:00,688.62,688.62,688.55,688.55,-0.01,60.5,40327.57,-1
2025-09-25,2025-09-25 13:25:00,688.55,688.55,688.48,688.48,-0.01,60.5,40327.57,-1
2025-09-25,2025-09-25 13:26:00,688.48,688.48,688.4,688.4,-0.01,60.5,40327.57,-1
2025-09-25,2025-09-25 13:27:00,688.4,688.4,688.33,688.33,-0.01,60.5,40327.57,-1
2025-09-25,2025-09-25 13:28:00,688.33,688.33,688.26,688.26,-0.01,60.5,40327.57,-1
2025-09-25,2025-09-25 13:29:00,688.26,688.26,688.19,688.19,-0.01,60.5,40327.57,-1
2025-09-25,2025-09-25 13:30:00,688.19,688.19,688.12,688.12,-0.01,60.5,40327.57,-1
2025-09-25,2025-09-25 13:31:00,688.12,688.12,688.04,688.04,-0.01,60.5,40327.57,-1
2025-09-25,2025-09-25 13:32:00,688.04,688.04,687.97,687.97,-0.01,60.5,40327.57,-1
2025-09-25,2025-09-25 13:33:00,687.97,687.97,687.9,687.9,-0.01,60.5,40327.57,-1
2025-09-25,2025-09-25 13:34:00,687.9,687.9,687.83,687.83,-0.01,60.5,40327.57,-1
2025-09-25,2025-09-25 13:35:00,687.83,687.83,687.75,687.75,-0.01,60.5,40327.57,-1
2025-09-25,2025-09-25 13:36:00,687.75,687.75,687.68,687.68,-0.01,60.5,40327.57,-1
2025-09-25,2025-09-25 13:37:00,687.68,687.68,687.61,687.61,-0.01,60.5,40327.57,-1
2025-09-25,2025-09-25 13:38:00,687.61,687.61,687.54,687.54,-0.01,60.5,40327.57,-1
2025-09-25,2025-09-25 13:39:00,687.54,687.54,687.47,687.47,-0.01,60.5,40327.57,-1
2025-09-25,2025-09-25 13:40:00,687.47,687.47,687.39,687.39,-0.01,60.5,40327.57,-1
2025-09-25,2025-09-25 13:41:00,687.39,687.39,687.32,687.32,-0.01,60.5,40327.57,-1
2025-09-25,2025-09-25 13:42:00,687.32,687.32,687.25,687.25,-0.01,60.5,40327.57,-1
2025-09-25,2025-09-25 13:43:00,687.25,687.25,687.18,687.18,-0.01,60.5,40327.57,-1
2025-09-25,2025-09-25 13:44:00,687.18,687.18,687.11,687.11,-0.01,60.5,40327.57,-1
2025-09-25,2025-09-25 13:45:00,687.11,687.11,687.03,687.03,-0.01,60.5,40327.57,-1
2025-09-25,2025-09-25 13:46:00,687.03,687.03,686.96,686.96,-0.01,60.5,40327.57,-1
2025-09-25,2025-09-25 13:47:00,686.96,686.96,686.89,686.89,-0.01,60.5,40327.57,-1
2025-09-25,2025-09-25 13:48:00,686.89,686.89,686.82,686.82,-0.01,60.5,40327.57,-1
2025-09-25,2025-09-25 13:49:00,686.82,686.82,686.75,686.75,-0.01,60.5,40327.57,-1
2025-09-25,2025-09-25 13:50:00,686.75,686.75,686.67,686.67,-0.01,60.5,40327.57,-1
2025-09-25,2025-09-25 13:51:00,686.67,686.67,686.6,686.6,-0.01,60.5,40327.57,-1
2025-09-25,2025-09-25 13:52:00,686.6,686.6,686.53,686.53,-0.01,60.5,40327.57,-1
2025-09-25,2025-09-25 13:53:00,686.53,686.53,686.46,686.46,-0.01,60.5,40327.57,-1
2025-09-25,2025-09-25 13:54:00,686.46,686.46,686.39,686.39,-0.01,60.5,40327.57,-1
2025-09-25,2025-09-25 13:55:00,686.39,686.39,686.31,686.31,-0.01,60.5,40327.57,-1
2025-09-25,2025-09-25 13:56:00,686.31,686.31,686.24,686.24,-0.01,60.5,40327.57,-1
2025-09-25,2025-09-25 13:57:00,686.24,686.24,686.17,686.17,-0.01,60.5,40327.57,-1
2025-09-25,2025-09-25 13:58:00,686.17,686.17,686.1,686.1,-0.01,60.5,40327.57,-1
2025-09-25,2025-09-25 13:59:00,686.1,686.1,686.03,686.03,-0.01,60.5,40327.57,-1
2025-09-25,2025-09-25 14:00:00,686.03,686.03,685.95,685.95,-0.01,60.5,40327.57,-1
2025-09-25,2025-09-25 14:01:00,685.95,685.95,685.88,685.88,-0.01,60.5,40327.57,-1
2025-09-25,2025-09-25 14:02:00,685.88,685.88,685.81,685.81,-0.01,60.5,40327.57,-1
2025-09-25,2025-09-25 14:03:00,685.81,685.81,685.74,685.74,-0.01,60.5,40327.57,-1
2025-09-25,2025-09-25 14:04:00,685.74,685.74,685.66,685.66,-0.01,60.5,40327.57,-1
2025-09-25,2025-09-25 14:05:00,685.66,685.66,685.59,685.59,-0.01,60.5,40327.57,-1
2025-09-25,2025-09-25 14:06:00,685.59,685.59,685.52,685.52,-0.01,60.5,40327.57,-1
2025-09-25,2025-09-25 14:07:00,685.52,685.52,685.45,685.45,-0.01,60.5,40327.57,-1
2025-09-25,2025-09-25 14:08:00,685.45,685.45,685.38,685.38,-0.01,60.5,40327.57,-1
2025-09-25,2025-09-25 14:09:00,685.38,685.38,685.3,685.3,-0.01,60.5,40327.57,-1
2025-09-25,2025-09-25 14:10:00,685.3,685.3,685.23,685.23,-0.01,60.5,40327.57,-1
2025-09-25,2025-09-25 14:11:00,685.23,685.23,685.16,685.16,-0.01,60.5,40327.57,-1
2025-09-25,2025-09-25 14:12:00,685.16,685.16,685.09,685.09,-0.01,60.5,40327.57,-1
2025-09-25,2025-09-25 14:13:00,685.09,685.09,685.02,685.02,-0.01,60.5,40327.57,-1
2025-09-25,2025-09-25 14:14:00,685.02,685.02,684.94,684.94,-0.01,60.5,40327.57,-1
2025-09-25,2025-09-25 14:15:00,684.94,684.94,684.87,684.87,-0.01,60.5,40327.57,-1
2025-09-25,2025-09-25 14:16:00,684.87,684.87,684.8,684.8,-0.01,60.5,40327.57,-1
2025-09-25,2025-09-25 14:17:00,684.8,684.8,684.73,684.73,-0.01,60.5,40327.57,-1
2025-09-25,2025-09-25 14:18:00,684.73,684.73,684.66,684.66,-0.01,60.5,40327.57,-1
2025-09-25,2025-09-25 14:19:00,684.66,684.66,684.58,684.58,-0.01,60.5,40327.57,-1
2025-09-25,2025-09-25 14:20:00,684.58,684.58,684.51,684.51,-0.01,60.5,40327.57,-1
2025-09-25,2025-09-25 14:21:00,684.51,684.51,684.44,684.44,-0.01,60.5,40327.57,-1
2025-09-25,2025-09-25 14:22:00,684.44,684.44,684.37,684.37,-0.01,60.5,40327.57,-1
2025-09-25,2025-09-25 14:23:00,684.37,684.37,684.3,684.3,-0.01,60.5,40327.57,-1
2025-09-25,2025-09-25 14:24:00,684.3,684.3,684.22,684.22,-0.01,60.5,40327.57,-1
2025-09-25,2025-09-25 14:25:00,684.22,684.22,684.15,684.15,-0.01,60.5,40327.57,-1
2025-09-25,2025-09-25 14:26:00,684.15,684.15,684.08,684.08,-0.01,60.5,40327.57,-1
2025-09-25,2025-09-25 14:27:00,684.08,684.08,684.01,684.01,-0.01,60.5,40327.57,-1
2025-09-25,2025-09-25 14:28:00,684.01,684.01,683.93,683.93,-0.01,60.5,40327.57,-1
2025-09-25,2025-09-25 14:29:00,683.93,683.93,683.86,683.86,-0.01,60.5,40327.57,-1
2025-09-25,2025-09-25 14:30:00,683.86,683.86,683.79,683.79,-0.01,60.5,40327.57,-1
2025-09-25,2025-09-25 14:31:00,683.79,683.79,683.72,683.72,-0.01,60.5,40327.57,-1
2025-09-25,2025-09-25 14:32:00,683.72,683.72,683.65,683.65,-0.01,60.5,40327.57,-1
2025-09-25,2025-09-25 14:33:00,683.65,683.65,683.57,683.57,-0.01,60.5,40327.57,-1
2025-09-25,2025-09-25 14:34:00,683.57,683.57,683.5,683.5,-0.01,60.5,40327.57,-1
2025-09-25,2025-09-25 14:35:00,683.5,683.5,683.43,683.43,-0.01,60.5,40327.57,-1
2025-09-25,2025-09-25 14:36:00,683.43,683.43,683.36,683.36,-0.01,60.5,40327.57,-1
2025-09-25,2025-09-25 14:37:00,683.36,683.36,683.29,683.29,-0.01,60.5,40327.57,-1
2025-09-25,2025-09-25 14:38:00,683.29,683.29,683.21,683.21,-0.01,60.5,40327.57,-1
2025-09-25,2025-09-25 14:39:00,683.21,683.21,683.14,683.14,-0.01,60.5,40327.57,-1
2025-09-25,2025-09-25 14:40:00,683.14,683.14,683.07,683.07,-0.01,60.5,40327.57,-1
2025-09-25,2025-09-25 14:41:00,683.07,683.07,683.0,683.0,-0.01,60.5,40327.57,-1
2025-09-25,2025-09-25 14:42:00,683.0,683.0,682.93,682.93,-0.01,60.5,40327.57,-1
2025-09-25,2025-09-25 14:43:00,682.93,682.93,682.85,682.85,-0.01,60.5,40327.57,-1
2025-09-25,2025-09-25 14:44:00,682.85,682.85,682.78,682.78,-0.01,60.5,40327.57,-1
2025-09-25,2025-09-25 14:45:00,682.78,682.78,682.71,682.71,-0.01,60.5,40327.57,-1
2025-09-25,2025-09-25 14:46:00,682.71,682.71,682.64,682.64,-0.01,60.5,40327.57,-1
2025-09-25,2025-09-25 14:47:00,682.64,682.64,682.57,682.57,-0.01,60.5,40327.57,-1
2025-09-25,2025-09-25 14:48:00,682.57,682.57,682.49,682.49,-0.01,60.5,40327.57,-1
2025-09-25,2025-09-25 14:49:00,682.49,682.49,682.42,682.42,-0.01,60.5,40327.57,-1
2025-09-25,2025-09-25 14:50:00,682.42,682.42,682.35,682.35,-0.01,60.5,40327.57,-1
2025-09-25,2025-09-25 14:51:00,682.35,682.35,682.28,682.28,-0.01,60.5,40327.57,-1
2025-09-25,2025-09-25 14:52:00,682.28,682.28,682.2,682.2,-0.01,60.5,40327.57,-1
2025-09-25,2025-09-25 14:53:00,682.2,682.2,682.13,682.13,-0.01,60.5,40327.57,-1
2025-09-25,2025-09-25 14:54:00,682.13,682.13,682.06,682.06,-0.01,60.5,40327.57,-1
2025-09-25,2025-09-25 14:55:00,682.06,682.06,681.99,681.99,-0.01,60.5,40327.57,-1
2025-09-25,2025-09-25 14:56:00,681.99,681.99,681.92,681.92,-0.01,60.5,40327.57,-1
2025-09-25,2025-09-25 14:57:00,681.92,681.92,681.84,681.84,-0.01,60.5,40327.57,-1
2025-09-25,2025-09-25 14:58:00,681.84,681.84,681.77,681.77,-0.01,60.5,40327.57,-1
2025-09-25,2025-09-25 14:59:00,681.77,681.77,681.7,681.7,-0.01,60.5,40327.57,-1
2025-09-25,2025-09-25 15:00:00,681.7,699.0,660.0,681.7,0.0,60.5,40327.57,0
2025-09-28,2025-09-28 11:00:00,669.1,682.87,661.21,669.29,0.03,136.05,90424.9,1
2025-09-28,2025-09-28 11:01:00,669.29,669.48,669.29,669.48,0.03,136.05,90424.9,1
2025-09-28,2025-09-28 11:02:00,669.48,669.67,669.48,669.67,0.03,136.05,90424.9,1
2025-09-28,2025-09-28 11:03:00,669.67,669.86,669.67,669.86,0.03,136.05,90424.9,1
2025-09-28,2025-09-28 11:04:00,669.86,670.05,669.86,670.05,0.03,136.05,90424.9,1
2025-09-28,2025-09-28 11:05:00,670.05,670.25,670.05,670.25,0.03,136.05,90424.9,1
2025-09-28,2025-09-28 11:06:00,670.25,670.44,670.25,670.44,0.03,136.05,90424.9,1
2025-09-28,2025-09-28 11:07:00,670.44,670.63,670.44,670.63,0.03,136.05,90424.9,1
2025-09-28,2025-09-28 11:08:00,670.63,670.82,670.63,670.82,0.03,136.05,90424.9,1
2025-09-28,2025-09-28 11:09:00,670.82,671.01,670.82,671.01,0.03,136.05,90424.9,1
2025-09-28,2025-09-28 11:10:00,671.01,671.2,671.01,671.2,0.03,136.05,90424.9,1
2025-09-28,2025-09-28 11:11:00,671.2,671.39,671.2,671.39,0.03,136.05,90424.9,1
2025-09-28,2025-09-28 11:12:00,671.39,671.58,671.39,671.58,0.03,136.05,90424.9,1
2025-09-28,2025-09-28 11:13:00,671.58,671.77,671.58,671.77,0.03,136.05,90424.9,1
2025-09-28,2025-09-28 11:14:00,671.77,671.96,671.77,671.96,0.03,136.05,90424.9,1
2025-09-28,2025-09-28 11:15:00,671.96,672.15,671.96,672.15,0.03,136.05,90424.9,1
2025-09-28,2025-09-28 11:16:00,672.15,672.34,672.15,672.34,0.03,136.05,90424.9,1
2025-09-28,2025-09-28 11:17:00,672.34,672.53,672.34,672.53,0.03,136.05,90424.9,1
2025-09-28,2025-09-28 11:18:00,672.53,672.73,672.53,672.73,0.03,136.05,90424.9,1
2025-09-28,2025-09-28 11:19:00,672.73,672.92,672.73,672.92,0.03,136.05,90424.9,1
2025-09-28,2025-09-28 11:20:00,672.92,673.11,672.92,673.11,0.03,136.05,90424.9,1
2025-09-28,2025-09-28 11:21:00,673.11,673.3,673.11,673.3,0.03,136.05,90424.9,1
2025-09-28,2025-09-28 11:22:00,673.3,673.49,673.3,673.49,0.03,136.05,90424.9,1
2025-09-28,2025-09-28 11:23:00,673.49,673.68,673.49,673.68,0.03,136.05,90424.9,1
2025-09-28,2025-09-28 11:24:00,673.68,673.87,673.68,673.87,0.03,136.05,90424.9,1
2025-09-28,2025-09-28 11:25:00,673.87,674.06,673.87,674.06,0.03,136.05,90424.9,1
2025-09-28,2025-09-28 11:26:00,674.06,674.25,674.06,674.25,0.03,136.05,90424.9,1
2025-09-28,2025-09-28 11:27:00,674.25,674.44,674.25,674.44,0.03,136.05,90424.9,1
2025-09-28,2025-09-28 11:28:00,674.44,674.63,674.44,674.63,0.03,136.05,90424.9,1
2025-09-28,2025-09-28 11:29:00,674.63,674.83,674.63,674.83,0.03,136.05,90424.9,1
2025-09-28,2025-09-28 11:30:00,674.83,675.02,674.83,675.02,0.03,136.05,90424.9,1
2025-09-28,2025-09-28 11:31:00,675.02,675.21,675.02,675.21,0.03,136.05,90424.9,1
2025-09-28,2025-09-28 11:32:00,675.21,675.4,675.21,675.4,0.03,136.05,90424.9,1
2025-09-28,2025-09-28 11:33:00,675.4,675.59,675.4,675.59,0.03,136.05,90424.9,1
2025-09-28,2025-09-28 11:34:00,675.59,675.78,675.59,675.78,0.03,136.05,90424.9,1
2025-09-28,2025-09-28 11:35:00,675.78,675.97,675.78,675.97,0.03,136.05,90424.9,1
2025-09-28,2025-09-28 11:36:00,675.97,676.16,675.97,676.16,0.03,136.05,90424.9,1
2025-09-28,2025-09-28 11:37:00,676.16,676.35,676.16,676.35,0.03,136.05,90424.9,1
2025-09-28,2025-09-28 11:38:00,676.35,676.54,676.35,676.54,0.03,136.05,90424.9,1
2025-09-28,2025-09-28 11:39:00,676.54,676.73,676.54,676.73,0.03,136.05,90424.9,1
2025-09-28,2025-09-28 11:40:00,676.73,676.92,676.73,676.92,0.03,136.05,90424.9,1
2025-09-28,2025-09-28 11:41:00,676.92,677.12,676.92,677.12,0.03,136.05,90424.9,1
2025-09-28,2025-09-28 11:42:00,677.12,677.31,677.12,677.31,0.03,136.05,90424.9,1
2025-09-28,2025-09-28 11:43:00,677.31,677.5,677.31,677.5,0.03,136.05,90424.9,1
2025-09-28,2025-09-28 11:44:00,677.5,677.69,677.5,677.69,0.03,136.05,90424.9,1
2025-09-28,2025-09-28 11:45:00,677.69,677.88,677.69,677.88,0.03,136.05,90424.9,1
2025-09-28,2025-09-28 11:46:00,677.88,678.07,677.88,678.07,0.03,136.05,90424.9,1
2025-09-28,2025-09-28 11:47:00,678.07,678.26,678.07,678.26,0.03,136.05,90424.9,1
2025-09-28,2025-09-28 11:48:00,678.26,678.45,678.26,678.45,0.03,136.05,90424.9,1
2025-09-28,2025-09-28 11:49:00,678.45,678.64,678.45,678.64,0.03,136.05,90424.9,1
2025-09-28,2025-09-28 11:50:00,678.64,678.83,678.64,678.83,0.03,136.05,90424.9,1
2025-09-28,2025-09-28 11:51:00,678.83,679.02,678.83,679.02,0.03,136.05,90424.9,1
2025-09-28,2025-09-28 11:52:00,679.02,679.21,679.02,679.21,0.03,136.05,90424.9,1
2025-09-28,2025-09-28 11:53:00,679.21,679.4,679.21,679.4,0.03,136.05,90424.9,1
2025-09-28,2025-09-28 11:54:00,679.4,679.6,679.4,679.6,0.03,136.05,90424.9,1
2025-09-28,2025-09-28 11:55:00,679.6,679.79,679.6,679.79,0.03,136.05,90424.9,1
2025-09-28,2025-09-28 11:56:00,679.79,679.98,679.79,679.98,0.03,136.05,90424.9,1
2025-09-28,2025-09-28 11:57:00,679.98,680.17,679.98,680.17,0.03,136.05,90424.9,1
2025-09-28,2025-09-28 11:58:00,680.17,680.36,680.17,680.36,0.03,136.05,90424.9,1
2025-09-28,2025-09-28 11:59:00,680.36,680.55,680.36,680.55,0.03,136.05,90424.9,1
2025-09-28,2025-09-28 12:00:00,680.55,680.74,680.55,680.74,0.03,136.05,90424.9,1
2025-09-28,2025-09-28 12:01:00,680.74,680.93,680.74,680.93,0.03,136.05,90424.9,1
2025-09-28,2025-09-28 12:02:00,680.93,681.12,680.93,681.12,0.03,136.05,90424.9,1
2025-09-28,2025-09-28 12:03:00,681.12,681.31,681.12,681.31,0.03,136.05,90424.9,1
2025-09-28,2025-09-28 12:04:00,681.31,681.5,681.31,681.5,0.03,136.05,90424.9,1
2025-09-28,2025-09-28 12:05:00,681.5,681.7,681.5,681.7,0.03,136.05,90424.9,1
2025-09-28,2025-09-28 12:06:00,681.7,681.89,681.7,681.89,0.03,136.05,90424.9,1
2025-09-28,2025-09-28 12:07:00,681.89,682.08,681.89,682.08,0.03,136.05,90424.9,1
2025-09-28,2025-09-28 12:08:00,682.08,682.27,682.08,682.27,0.03,136.05,90424.9,1
2025-09-28,2025-09-28 12:09:00,682.27,682.46,682.27,682.46,0.03,136.05,90424.9,1
2025-09-28,2025-09-28 12:10:00,682.46,682.65,682.46,682.65,0.03,136.05,90424.9,1
2025-09-28,2025-09-28 12:11:00,682.65,682.84,682.65,682.84,0.03,136.05,90424.9,1
2025-09-28,2025-09-28 12:12:00,682.84,683.03,682.84,683.03,0.03,136.05,90424.9,1
2025-09-28,2025-09-28 12:13:00,683.03,683.22,683.03,683.22,0.03,136.05,90424.9,1
2025-09-28,2025-09-28 12:14:00,683.22,683.41,683.22,683.41,0.03,136.05,90424.9,1
2025-09-28,2025-09-28 12:15:00,683.41,683.6,683.41,683.6,0.03,136.05,90424.9,1
2025-09-28,2025-09-28 12:16:00,683.6,683.79,683.6,683.79,0.03,136.05,90424.9,1
2025-09-28,2025-09-28 12:17:00,683.79,683.99,683.79,683.99,0.03,136.05,90424.9,1
2025-09-28,2025-09-28 12:18:00,683.99,684.18,683.99,684.18,0.03,136.05,90424.9,1
2025-09-28,2025-09-28 12:19:00,684.18,684.37,684.18,684.37,0.03,136.05,90424.9,1
2025-09-28,2025-09-28 12:20:00,684.37,684.56,684.37,684.56,0.03,136.05,90424.9,1
2025-09-28,2025-09-28 12:21:00,684.56,684.75,684.56,684.75,0.03,136.05,90424.9,1
2025-09-28,2025-09-28 12:22:00,684.75,684.94,684.75,684.94,0.03,136.05,90424.9,1
2025-09-28,2025-09-28 12:23:00,684.94,685.13,684.94,685.13,0.03,136.05,90424.9,1
2025-09-28,2025-09-28 12:24:00,685.13,685.32,685.13,685.32,0.03,136.05,90424.9,1
2025-09-28,2025-09-28 12:25:00,685.32,685.51,685.32,685.51,0.03,136.05,90424.9,1
2025-09-28,2025-09-28 12:26:00,685.51,685.7,685.51,685.7,0.03,136.05,90424.9,1
2025-09-28,2025-09-28 12:27:00,685.7,685.89,685.7,685.89,0.03,136.05,90424.9,1
2025-09-28,2025-09-28 12:28:00,685.89,686.08,685.89,686.08,0.03,136.05,90424.9,1
2025-09-28,2025-09-28 12:29:00,686.08,686.27,686.08,686.27,0.03,136.05,90424.9,1
2025-09-28,2025-09-28 12:30:00,686.27,686.47,686.27,686.47,0.03,136.05,90424.9,1
2025-09-28,2025-09-28 12:31:00,686.47,686.66,686.47,686.66,0.03,136.05,90424.9,1
2025-09-28,2025-09-28 12:32:00,686.66,686.85,686.66,686.85,0.03,136.05,90424.9,1
2025-09-28,2025-09-28 12:33:00,686.85,687.04,686.85,687.04,0.03,136.05,90424.9,1
2025-09-28,2025-09-28 12:34:00,687.04,687.23,687.04,687.23,0.03,136.05,90424.9,1
2025-09-28,2025-09-28 12:35:00,687.23,687.42,687.23,687.42,0.03,136.05,90424.9,1
2025-09-28,2025-09-28 12:36:00,687.42,687.61,687.42,687.61,0.03,136.05,90424.9,1
2025-09-28,2025-09-28 12:37:00,687.61,687.8,687.61,687.8,0.03,136.05,90424.9,1
2025-09-28,2025-09-28 12:38:00,687.8,687.99,687.8,687.99,0.03,136.05,90424.9,1
2025-09-28,2025-09-28 12:39:00,687.99,688.18,687.99,688.18,0.03,136.05,90424.9,1
2025-09-28,2025-09-28 12:40:00,688.18,688.37,688.18,688.37,0.03,136.05,90424.9,1
2025-09-28,2025-09-28 12:41:00,688.37,688.57,688.37,688.57,0.03,136.05,90424.9,1
2025-09-28,2025-09-28 12:42:00,688.57,688.76,688.57,688.76,0.03,136.05,90424.9,1
2025-09-28,2025-09-28 12:43:00,688.76,688.95,688.76,688.95,0.03,136.05,90424.9,1
2025-09-28,2025-09-28 12:44:00,688.95,689.14,688.95,689.14,0.03,136.05,90424.9,1
2025-09-28,2025-09-28 12:45:00,689.14,689.33,689.14,689.33,0.03,136.05,90424.9,1
2025-09-28,2025-09-28 12:46:00,689.33,689.52,689.33,689.52,0.03,136.05,90424.9,1
2025-09-28,2025-09-28 12:47:00,689.52,689.71,689.52,689.71,0.03,136.05,90424.9,1
2025-09-28,2025-09-28 12:48:00,689.71,689.9,689.71,689.9,0.03,136.05,90424.9,1
2025-09-28,2025-09-28 12:49:00,689.9,690.09,689.9,690.09,0.03,136.05,90424.9,1
2025-09-28,2025-09-28 12:50:00,690.09,690.28,690.09,690.28,0.03,136.05,90424.9,1
2025-09-28,2025-09-28 12:51:00,690.28,690.47,690.28,690.47,0.03,136.05,90424.9,1
2025-09-28,2025-09-28 12:52:00,690.47,690.66,690.47,690.66,0.03,136.05,90424.9,1
2025-09-28,2025-09-28 12:53:00,690.66,690.86,690.66,690.86,0.03,136.05,90424.9,1
2025-09-28,2025-09-28 12:54:00,690.86,691.05,690.86,691.05,0.03,136.05,90424.9,1
2025-09-28,2025-09-28 12:55:00,691.05,691.24,691.05,691.24,0.03,136.05,90424.9,1
2025-09-28,2025-09-28 12:56:00,691.24,691.43,691.24,691.43,0.03,136.05,90424.9,1
2025-09-28,2025-09-28 12:57:00,691.43,691.62,691.43,691.62,0.03,136.05,90424.9,1
2025-09-28,2025-09-28 12:58:00,691.62,691.81,691.62,691.81,0.03,136.05,90424.9,1
2025-09-28,2025-09-28 12:59:00,691.81,692.0,691.81,692.0,0.03,136.05,90424.9,1
2025-09-28,2025-09-28 13:00:00,692.0,715.0,642.8,692.19,0.03,136.05,90424.9,1
2025-09-28,2025-09-28 13:01:00,692.19,692.38,692.19,692.38,0.03,136.05,90424.9,1
2025-09-28,2025-09-28 13:02:00,692.38,692.57,692.38,692.57,0.03,136.05,90424.9,1
2025-09-28,2025-09-28 13:03:00,692.57,692.76,692.57,692.76,0.03,136.05,90424.9,1
2025-09-28,2025-09-28 13:04:00,692.76,692.95,692.76,692.95,0.03,136.05,90424.9,1
2025-09-28,2025-09-28 13:05:00,692.95,693.14,692.95,693.14,0.03,136.05,90424.9,1
2025-09-28,2025-09-28 13:06:00,693.14,693.34,693.14,693.34,0.03,136.05,90424.9,1
2025-09-28,2025-09-28 13:07:00,693.34,693.53,693.34,693.53,0.03,136.05,90424.9,1
2025-09-28,2025-09-28 13:08:00,693.53,693.72,693.53,693.72,0.03,136.05,90424.9,1
2025-09-28,2025-09-28 13:09:00,693.72,693.91,693.72,693.91,0.03,136.05,90424.9,1
2025-09-28,2025-09-28 13:10:00,693.91,694.1,693.91,694.1,0.03,136.05,90424.9,1
2025-09-28,2025-09-28 13:11:00,694.1,694.29,694.1,694.29,0.03,136.05,90424.9,1
2025-09-28,2025-09-28 13:12:00,694.29,694.48,694.29,694.48,0.03,136.05,90424.9,1
2025-09-28,2025-09-28 13:13:00,694.48,694.67,694.48,694.67,0.03,136.05,90424.9,1
2025-09-28,2025-09-28 13:14:00,694.67,694.86,694.67,694.86,0.03,136.05,90424.9,1
2025-09-28,2025-09-28 13:15:00,694.86,695.05,694.86,695.05,0.03,136.05,90424.9,1
2025-09-28,2025-09-28 13:16:00,695.05,695.24,695.05,695.24,0.03,136.05,90424.9,1
2025-09-28,2025-09-28 13:17:00,695.24,695.43,695.24,695.43,0.03,136.05,90424.9,1
2025-09-28,2025-09-28 13:18:00,695.43,695.63,695.43,695.63,0.03,136.05,90424.9,1
2025-09-28,2025-09-28 13:19:00,695.63,695.82,695.63,695.82,0.03,136.05,90424.9,1
2025-09-28,2025-09-28 13:20:00,695.82,696.01,695.82,696.01,0.03,136.05,90424.9,1
2025-09-28,2025-09-28 13:21:00,696.01,696.2,696.01,696.2,0.03,136.05,90424.9,1
2025-09-28,2025-09-28 13:22:00,696.2,696.39,696.2,696.39,0.03,136.05,90424.9,1
2025-09-28,2025-09-28 13:23:00,696.39,696.58,696.39,696.58,0.03,136.05,90424.9,1
2025-09-28,2025-09-28 13:24:00,696.58,696.77,696.58,696.77,0.03,136.05,90424.9,1
2025-09-28,2025-09-28 13:25:00,696.77,696.96,696.77,696.96,0.03,136.05,90424.9,1
2025-09-28,2025-09-28 13:26:00,696.96,697.15,696.96,697.15,0.03,136.05,90424.9,1
2025-09-28,2025-09-28 13:27:00,697.15,697.34,697.15,697.34,0.03,136.05,90424.9,1
2025-09-28,2025-09-28 13:28:00,697.34,697.53,697.34,697.53,0.03,136.05,90424.9,1
2025-09-28,2025-09-28 13:29:00,697.53,697.73,697.53,697.73,0.03,136.05,90424.9,1
2025-09-28,2025-09-28 13:30:00,697.73,697.92,697.73,697.92,0.03,136.05,90424.9,1
2025-09-28,2025-09-28 13:31:00,697.92,698.11,697.92,698.11,0.03,136.05,90424.9,1
2025-09-28,2025-09-28 13:32:00,698.11,698.3,698.11,698.3,0.03,136.05,90424.9,1
2025-09-28,2025-09-28 13:33:00,698.3,698.49,698.3,698.49,0.03,136.05,90424.9,1
2025-09-28,2025-09-28 13:34:00,698.49,698.68,698.49,698.68,0.03,136.05,90424.9,1
2025-09-28,2025-09-28 13:35:00,698.68,698.87,698.68,698.87,0.03,136.05,90424.9,1
2025-09-28,2025-09-28 13:36:00,698.87,699.06,698.87,699.06,0.03,136.05,90424.9,1
2025-09-28,2025-09-28 13:37:00,699.06,699.25,699.06,699.25,0.03,136.05,90424.9,1
2025-09-28,2025-09-28 13:38:00,699.25,699.44,699.25,699.44,0.03,136.05,90424.9,1
2025-09-28,2025-09-28 13:39:00,699.44,699.63,699.44,699.63,0.03,136.05,90424.9,1
2025-09-28,2025-09-28 13:40:00,699.63,699.82,699.63,699.82,0.03,136.05,90424.9,1
2025-09-28,2025-09-28 13:41:00,699.82,700.01,699.82,700.01,0.03,136.05,90424.9,1
2025-09-28,2025-09-28 13:42:00,700.01,700.21,700.01,700.21,0.03,136.05,90424.9,1
2025-09-28,2025-09-28 13:43:00,700.21,700.4,700.21,700.4,0.03,136.05,90424.9,1
2025-09-28,2025-09-28 13:44:00,700.4,700.59,700.4,700.59,0.03,136.05,90424.9,1
2025-09-28,2025-09-28 13:45:00,700.59,700.78,700.59,700.78,0.03,136.05,90424.9,1
2025-09-28,2025-09-28 13:46:00,700.78,700.97,700.78,700.97,0.03,136.05,90424.9,1
2025-09-28,2025-09-28 13:47:00,700.97,701.16,700.97,701.16,0.03,136.05,90424.9,1
2025-09-28,2025-09-28 13:48:00,701.16,701.35,701.16,701.35,0.03,136.05,90424.9,1
2025-09-28,2025-09-28 13:49:00,701.35,701.54,701.35,701.54,0.03,136.05,90424.9,1
2025-09-28,2025-09-28 13:50:00,701.54,701.73,701.54,701.73,0.03,136.05,90424.9,1
2025-09-28,2025-09-28 13:51:00,701.73,701.92,701.73,701.92,0.03,136.05,90424.9,1
2025-09-28,2025-09-28 13:52:00,701.92,702.11,701.92,702.11,0.03,136.05,90424.9,1
2025-09-28,2025-09-28 13:53:00,702.11,702.3,702.11,702.3,0.03,136.05,90424.9,1
2025-09-28,2025-09-28 13:54:00,702.3,702.5,702.3,702.5,0.03,136.05,90424.9,1
2025-09-28,2025-09-28 13:55:00,702.5,702.69,702.5,702.69,0.03,136.05,90424.9,1
2025-09-28,2025-09-28 13:56:00,702.69,702.88,702.69,702.88,0.03,136.05,90424.9,1
2025-09-28,2025-09-28 13:57:00,702.88,703.07,702.88,703.07,0.03,136.05,90424.9,1
2025-09-28,2025-09-28 13:58:00,703.07,703.26,703.07,703.26,0.03,136.05,90424.9,1
2025-09-28,2025-09-28 13:59:00,703.26,703.45,703.26,703.45,0.03,136.05,90424.9,1
2025-09-28,2025-09-28 14:00:00,703.45,703.64,703.45,703.64,0.03,136.05,90424.9,1
2025-09-28,2025-09-28 14:01:00,703.64,703.83,703.64,703.83,0.03,136.05,90424.9,1
2025-09-28,2025-09-28 14:02:00,703.83,704.02,703.83,704.02,0.03,136.05,90424.9,1
2025-09-28,2025-09-28 14:03:00,704.02,704.21,704.02,704.21,0.03,136.05,90424.9,1
2025-09-28,2025-09-28 14:04:00,704.21,704.4,704.21,704.4,0.03,136.05,90424.9,1
2025-09-28,2025-09-28 14:05:00,704.4,704.6,704.4,704.6,0.03,136.05,90424.9,1
2025-09-28,2025-09-28 14:06:00,704.6,704.79,704.6,704.79,0.03,136.05,90424.9,1
2025-09-28,2025-09-28 14:07:00,704.79,704.98,704.79,704.98,0.03,136.05,90424.9,1
2025-09-28,2025-09-28 14:08:00,704.98,705.17,704.98,705.17,0.03,136.05,90424.9,1
2025-09-28,2025-09-28 14:09:00,705.17,705.36,705.17,705.36,0.03,136.05,90424.9,1
2025-09-28,2025-09-28 14:10:00,705.36,705.55,705.36,705.55,0.03,136.05,90424.9,1
2025-09-28,2025-09-28 14:11:00,705.55,705.74,705.55,705.74,0.03,136.05,90424.9,1
2025-09-28,2025-09-28 14:12:00,705.74,705.93,705.74,705.93,0.03,136.05,90424.9,1
2025-09-28,2025-09-28 14:13:00,705.93,706.12,705.93,706.12,0.03,136.05,90424.9,1
2025-09-28,2025-09-28 14:14:00,706.12,706.31,706.12,706.31,0.03,136.05,90424.9,1
2025-09-28,2025-09-28 14:15:00,706.31,706.5,706.31,706.5,0.03,136.05,90424.9,1
2025-09-28,2025-09-28 14:16:00,706.5,706.69,706.5,706.69,0.03,136.05,90424.9,1
2025-09-28,2025-09-28 14:17:00,706.69,706.88,706.69,706.88,0.03,136.05,90424.9,1
2025-09-28,2025-09-28 14:18:00,706.88,707.08,706.88,707.08,0.03,136.05,90424.9,1
2025-09-28,2025-09-28 14:19:00,707.08,707.27,707.08,707.27,0.03,136.05,90424.9,1
2025-09-28,2025-09-28 14:20:00,707.27,707.46,707.27,707.46,0.03,136.05,90424.9,1
2025-09-28,2025-09-28 14:21:00,707.46,707.65,707.46,707.65,0.03,136.05,90424.9,1
2025-09-28,2025-09-28 14:22:00,707.65,707.84,707.65,707.84,0.03,136.05,90424.9,1
2025-09-28,2025-09-28 14:23:00,707.84,708.03,707.84,708.03,0.03,136.05,90424.9,1
2025-09-28,2025-09-28 14:24:00,708.03,708.22,708.03,708.22,0.03,136.05,90424.9,1
2025-09-28,2025-09-28 14:25:00,708.22,708.41,708.22,708.41,0.03,136.05,90424.9,1
2025-09-28,2025-09-28 14:26:00,708.41,708.6,708.41,708.6,0.03,136.05,90424.9,1
2025-09-28,2025-09-28 14:27:00,708.6,708.79,708.6,708.79,0.03,136.05,90424.9,1
2025-09-28,2025-09-28 14:28:00,708.79,708.98,708.79,708.98,0.03,136.05,90424.9,1
2025-09-28,2025-09-28 14:29:00,708.98,709.17,708.98,709.17,0.03,136.05,90424.9,1
2025-09-28,2025-09-28 14:30:00,709.17,709.37,709.17,709.37,0.03,136.05,90424.9,1
2025-09-28,2025-09-28 14:31:00,709.37,709.56,709.37,709.56,0.03,136.05,90424.9,1
2025-09-28,2025-09-28 14:32:00,709.56,709.75,709.56,709.75,0.03,136.05,90424.9,1
2025-09-28,2025-09-28 14:33:00,709.75,709.94,709.75,709.94,0.03,136.05,90424.9,1
2025-09-28,2025-09-28 14:34:00,709.94,710.13,709.94,710.13,0.03,136.05,90424.9,1
2025-09-28,2025-09-28 14:35:00,710.13,710.32,710.13,710.32,0.03,136.05,90424.9,1
2025-09-28,2025-09-28 14:36:00,710.32,710.51,710.32,710.51,0.03,136.05,90424.9,1
2025-09-28,2025-09-28 14:37:00,710.51,710.7,710.51,710.7,0.03,136.05,90424.9,1
2025-09-28,2025-09-28 14:38:00,710.7,710.89,710.7,710.89,0.03,136.05,90424.9,1
2025-09-28,2025-09-28 14:39:00,710.89,711.08,710.89,711.08,0.03,136.05,90424.9,1
2025-09-28,2025-09-28 14:40:00,711.08,711.27,711.08,711.27,0.03,136.05,90424.9,1
2025-09-28,2025-09-28 14:41:00,711.27,711.47,711.27,711.47,0.03,136.05,90424.9,1
2025-09-28,2025-09-28 14:42:00,711.47,711.66,711.47,711.66,0.03,136.05,90424.9,1
2025-09-28,2025-09-28 14:43:00,711.66,711.85,711.66,711.85,0.03,136.05,90424.9,1
2025-09-28,2025-09-28 14:44:00,711.85,712.04,711.85,712.04,0.03,136.05,90424.9,1
2025-09-28,2025-09-28 14:45:00,712.04,712.23,712.04,712.23,0.03,136.05,90424.9,1
2025-09-28,2025-09-28 14:46:00,712.23,712.42,712.23,712.42,0.03,136.05,90424.9,1
2025-09-28,2025-09-28 14:47:00,712.42,712.61,712.42,712.61,0.03,136.05,90424.9,1
2025-09-28,2025-09-28 14:48:00,712.61,712.8,712.61,712.8,0.03,136.05,90424.9,1
2025-09-28,2025-09-28 14:49:00,712.8,712.99,712.8,712.99,0.03,136.05,90424.9,1
2025-09-28,2025-09-28 14:50:00,712.99,713.18,712.99,713.18,0.03,136.05,90424.9,1
2025-09-28,2025-09-28 14:51:00,713.18,713.37,713.18,713.37,0.03,136.05,90424.9,1
2025-09-28,2025-09-28 14:52:00,713.37,713.56,713.37,713.56,0.03,136.05,90424.9,1
2025-09-28,2025-09-28 14:53:00,713.56,713.75,713.56,713.75,0.03,136.05,90424.9,1
2025-09-28,2025-09-28 14:54:00,713.75,713.95,713.75,713.95,0.03,136.05,90424.9,1
2025-09-28,2025-09-28 14:55:00,713.95,714.14,713.95,714.14,0.03,136.05,90424.9,1
2025-09-28,2025-09-28 14:56:00,714.14,714.33,714.14,714.33,0.03,136.05,90424.9,1
2025-09-28,2025-09-28 14:57:00,714.33,714.52,714.33,714.52,0.03,136.05,90424.9,1
2025-09-28,2025-09-28 14:58:00,714.52,714.71,714.52,714.71,0.03,136.05,90424.9,1
2025-09-28,2025-09-28 14:59:00,714.71,714.9,714.71,714.9,0.03,136.05,90424.9,1
2025-09-28,2025-09-28 15:00:00,714.9,715.0,642.8,714.9,0.0,136.05,90424.9,0
2025-10-07,2025-10-07 11:00:00,700.7,700.7,683.54,700.46,-0.03,201.91,131104.77,-1
2025-10-07,2025-10-07 11:01:00,700.46,700.46,700.22,700.22,-0.03,201.91,131104.77,-1
2025-10-07,2025-10-07 11:02:00,700.22,700.22,699.99,699.99,-0.03,201.91,131104.77,-1
2025-10-07,2025-10-07 11:03:00,699.99,699.99,699.75,699.75,-0.03,201.91,131104.77,-1
2025-10-07,2025-10-07 11:04:00,699.75,699.75,699.51,699.51,-0.03,201.91,131104.77,-1
2025-10-07,2025-10-07 11:05:00,699.51,699.51,699.27,699.27,-0.03,201.91,131104.77,-1
2025-10-07,2025-10-07 11:06:00,699.27,699.27,699.03,699.03,-0.03,201.91,131104.77,-1
2025-10-07,2025-10-07 11:07:00,699.03,699.03,698.79,698.79,-0.03,201.91,131104.77,-1
2025-10-07,2025-10-07 11:08:00,698.79,698.79,698.56,698.56,-0.03,201.91,131104.77,-1
2025-10-07,2025-10-07 11:09:00,698.56,698.56,698.32,698.32,-0.03,201.91,131104.77,-1
2025-10-07,2025-10-07 11:10:00,698.32,698.32,698.08,698.08,-0.03,201.91,131104.77,-1
2025-10-07,2025-10-07 11:11:00,698.08,698.08,697.84,697.84,-0.03,201.91,131104.77,-1
2025-10-07,2025-10-07 11:12:00,697.84,697.84,697.6,697.6,-0.03,201.91,131104.77,-1
2025-10-07,2025-10-07 11:13:00,697.6,697.6,697.36,697.36,-0.03,201.91,131104.77,-1
2025-10-07,2025-10-07 11:14:00,697.36,697.36,697.12,697.12,-0.03,201.91,131104.77,-1
2025-10-07,2025-10-07 11:15:00,697.12,697.12,696.89,696.89,-0.03,201.91,131104.77,-1
2025-10-07,2025-10-07 11:16:00,696.89,696.89,696.65,696.65,-0.03,201.91,131104.77,-1
2025-10-07,2025-10-07 11:17:00,696.65,696.65,696.41,696.41,-0.03,201.91,131104.77,-1
2025-10-07,2025-10-07 11:18:00,696.41,696.41,696.17,696.17,-0.03,201.91,131104.77,-1
2025-10-07,2025-10-07 11:19:00,696.17,696.17,695.93,695.93,-0.03,201.91,131104.77,-1
2025-10-07,2025-10-07 11:20:00,695.93,695.93,695.7,695.7,-0.03,201.91,131104.77,-1
2025-10-07,2025-10-07 11:21:00,695.7,695.7,695.46,695.46,-0.03,201.91,131104.77,-1
2025-10-07,2025-10-07 11:22:00,695.46,695.46,695.22,695.22,-0.03,201.91,131104.77,-1
2025-10-07,2025-10-07 11:23:00,695.22,695.22,694.98,694.98,-0.03,201.91,131104.77,-1
2025-10-07,2025-10-07 11:24:00,694.98,694.98,694.74,694.74,-0.03,201.91,131104.77,-1
2025-10-07,2025-10-07 11:25:00,694.74,694.74,694.5,694.5,-0.03,201.91,131104.77,-1
2025-10-07,2025-10-07 11:26:00,694.5,694.5,694.26,694.26,-0.03,201.91,131104.77,-1
2025-10-07,2025-10-07 11:27:00,694.26,694.26,694.03,694.03,-0.03,201.91,131104.77,-1
2025-10-07,2025-10-07 11:28:00,694.03,694.03,693.79,693.79,-0.03,201.91,131104.77,-1
2025-10-07,2025-10-07 11:29:00,693.79,693.79,693.55,693.55,-0.03,201.91,131104.77,-1
2025-10-07,2025-10-07 11:30:00,693.55,693.55,693.31,693.31,-0.03,201.91,131104.77,-1
2025-10-07,2025-10-07 11:31:00,693.31,693.31,693.07,693.07,-0.03,201.91,131104.77,-1
2025-10-07,2025-10-07 11:32:00,693.07,693.07,692.84,692.84,-0.03,201.91,131104.77,-1
2025-10-07,2025-10-07 11:33:00,692.84,692.84,692.6,692.6,-0.03,201.91,131104.77,-1
2025-10-07,2025-10-07 11:34:00,692.6,692.6,692.36,692.36,-0.03,201.91,131104.77,-1
2025-10-07,2025-10-07 11:35:00,692.36,692.36,692.12,692.12,-0.03,201.91,131104.77,-1
2025-10-07,2025-10-07 11:36:00,692.12,692.12,691.88,691.88,-0.03,201.91,131104.77,-1
2025-10-07,2025-10-07 11:37:00,691.88,691.88,691.64,691.64,-0.03,201.91,131104.77,-1
2025-10-07,2025-10-07 11:38:00,691.64,691.64,691.41,691.41,-0.03,201.91,131104.77,-1
2025-10-07,2025-10-07 11:39:00,691.41,691.41,691.17,691.17,-0.03,201.91,131104.77,-1
2025-10-07,2025-10-07 11:40:00,691.17,691.17,690.93,690.93,-0.03,201.91,131104.77,-1
2025-10-07,2025-10-07 11:41:00,690.93,690.93,690.69,690.69,-0.03,201.91,131104.77,-1
2025-10-07,2025-10-07 11:42:00,690.69,690.69,690.45,690.45,-0.03,201.91,131104.77,-1
2025-10-07,2025-10-07 11:43:00,690.45,690.45,690.21,690.21,-0.03,201.91,131104.77,-1
2025-10-07,2025-10-07 11:44:00,690.21,690.21,689.98,689.98,-0.03,201.91,131104.77,-1
2025-10-07,2025-10-07 11:45:00,689.98,689.98,689.74,689.74,-0.03,201.91,131104.77,-1
2025-10-07,2025-10-07 11:46:00,689.74,689.74,689.5,689.5,-0.03,201.91,131104.77,-1
2025-10-07,2025-10-07 11:47:00,689.5,689.5,689.26,689.26,-0.03,201.91,131104.77,-1
2025-10-07,2025-10-07 11:48:00,689.26,689.26,689.02,689.02,-0.03,201.91,131104.77,-1
2025-10-07,2025-10-07 11:49:00,689.02,689.02,688.78,688.78,-0.03,201.91,131104.77,-1
2025-10-07,2025-10-07 11:50:00,688.78,688.78,688.55,688.55,-0.03,201.91,131104.77,-1
2025-10-07,2025-10-07 11:51:00,688.55,688.55,688.31,688.31,-0.03,201.91,131104.77,-1
2025-10-07,2025-10-07 11:52:00,688.31,688.31,688.07,688.07,-0.03,201.91,131104.77,-1
2025-10-07,2025-10-07 11:53:00,688.07,688.07,687.83,687.83,-0.03,201.91,131104.77,-1
2025-10-07,2025-10-07 11:54:00,687.83,687.83,687.59,687.59,-0.03,201.91,131104.77,-1
2025-10-07,2025-10-07 11:55:00,687.59,687.59,687.35,687.35,-0.03,201.91,131104.77,-1
2025-10-07,2025-10-07 11:56:00,687.35,687.35,687.12,687.12,-0.03,201.91,131104.77,-1
2025-10-07,2025-10-07 11:57:00,687.12,687.12,686.88,686.88,-0.03,201.91,131104.77,-1
2025-10-07,2025-10-07 11:58:00,686.88,686.88,686.64,686.64,-0.03,201.91,131104.77,-1
2025-10-07,2025-10-07 11:59:00,686.64,686.64,686.4,686.4,-0.03,201.91,131104.77,-1
2025-10-07,2025-10-07 12:00:00,686.4,686.4,686.16,686.16,-0.03,201.91,131104.77,-1
2025-10-07,2025-10-07 12:01:00,686.16,686.16,685.92,685.92,-0.03,201.91,131104.77,-1
2025-10-07,2025-10-07 12:02:00,685.92,685.92,685.69,685.69,-0.03,201.91,131104.77,-1
2025-10-07,2025-10-07 12:03:00,685.69,685.69,685.45,685.45,-0.04,201.91,131104.77,-1
2025-10-07,2025-10-07 12:04:00,685.45,685.45,685.21,685.21,-0.04,201.91,131104.77,-1
2025-10-07,2025-10-07 12:05:00,685.21,685.21,684.97,684.97,-0.04,201.91,131104.77,-1
2025-10-07,2025-10-07 12:06:00,684.97,684.97,684.73,684.73,-0.04,201.91,131104.77,-1
2025-10-07,2025-10-07 12:07:00,684.73,684.73,684.49,684.49,-0.04,201.91,131104.77,-1
2025-10-07,2025-10-07 12:08:00,684.49,684.49,684.25,684.25,-0.04,201.91,131104.77,-1
2025-10-07,2025-10-07 12:09:00,684.25,684.25,684.02,684.02,-0.03,201.91,131104.77,-1
2025-10-07,2025-10-07 12:10:00,684.02,684.02,683.78,683.78,-0.04,201.91,131104.77,-1
2025-10-07,2025-10-07 12:11:00,683.78,683.78,683.54,683.54,-0.04,201.91,131104.77,-1
2025-10-07,2025-10-07 12:12:00,683.54,683.54,683.3,683.3,-0.04,201.91,131104.77,-1
2025-10-07,2025-10-07 12:13:00,683.3,683.3,683.06,683.06,-0.04,201.91,131104.77,-1
2025-10-07,2025-10-07 12:14:00,683.06,683.06,682.83,682.83,-0.03,201.91,131104.77,-1
2025-10-07,2025-10-07 12:15:00,682.83,682.83,682.59,682.59,-0.04,201.91,131104.77,-1
2025-10-07,2025-10-07 12:16:00,682.59,682.59,682.35,682.35,-0.04,201.91,131104.77,-1
2025-10-07,2025-10-07 12:17:00,682.35,682.35,682.11,682.11,-0.04,201.91,131104.77,-1
2025-10-07,2025-10-07 12:18:00,682.11,682.11,681.87,681.87,-0.04,201.91,131104.77,-1
2025-10-07,2025-10-07 12:19:00,681.87,681.87,681.63,681.63,-0.04,201.91,131104.77,-1
2025-10-07,2025-10-07 12:20:00,681.63,681.63,681.39,681.39,-0.04,201.91,131104.77,-1
2025-10-07,2025-10-07 12:21:00,681.39,681.39,681.16,681.16,-0.03,201.91,131104.77,-1
2025-10-07,2025-10-07 12:22:00,681.16,681.16,680.92,680.92,-0.04,201.91,131104.77,-1
2025-10-07,2025-10-07 12:23:00,680.92,680.92,680.68,680.68,-0.04,201.91,131104.77,-1
2025-10-07,2025-10-07 12:24:00,680.68,680.68,680.44,680.44,-0.04,201.91,131104.77,-1
2025-10-07,2025-10-07 12:25:00,680.44,680.44,680.2,680.2,-0.04,201.91,131104.77,-1
2025-10-07,2025-10-07 12:26:00,680.2,680.2,679.97,679.97,-0.03,201.91,131104.77,-1
2025-10-07,2025-10-07 12:27:00,679.97,679.97,679.73,679.73,-0.04,201.91,131104.77,-1
2025-10-07,2025-10-07 12:28:00,679.73,679.73,679.49,679.49,-0.04,201.91,131104.77,-1
2025-10-07,2025-10-07 12:29:00,679.49,679.49,679.25,679.25,-0.04,201.91,131104.77,-1
2025-10-07,2025-10-07 12:30:00,679.25,679.25,679.01,679.01,-0.04,201.91,131104.77,-1
2025-10-07,2025-10-07 12:31:00,679.01,679.01,678.77,678.77,-0.04,201.91,131104.77,-1
2025-10-07,2025-10-07 12:32:00,678.77,678.77,678.54,678.54,-0.03,201.91,131104.77,-1
2025-10-07,2025-10-07 12:33:00,678.54,678.54,678.3,678.3,-0.04,201.91,131104.77,-1
2025-10-07,2025-10-07 12:34:00,678.3,678.3,678.06,678.06,-0.04,201.91,131104.77,-1
2025-10-07,2025-10-07 12:35:00,678.06,678.06,677.82,677.82,-0.04,201.91,131104.77,-1
2025-10-07,2025-10-07 12:36:00,677.82,677.82,677.58,677.58,-0.04,201.91,131104.77,-1
2025-10-07,2025-10-07 12:37:00,677.58,677.58,677.34,677.34,-0.04,201.91,131104.77,-1
2025-10-07,2025-10-07 12:38:00,677.34,677.34,677.11,677.11,-0.03,201.91,131104.77,-1
2025-10-07,2025-10-07 12:39:00,677.11,677.11,676.87,676.87,-0.04,201.91,131104.77,-1
2025-10-07,2025-10-07 12:40:00,676.87,676.87,676.63,676.63,-0.04,201.91,131104.77,-1
2025-10-07,2025-10-07 12:41:00,676.63,676.63,676.39,676.39,-0.04,201.91,131104.77,-1
2025-10-07,2025-10-07 12:42:00,676.39,676.39,676.15,676.15,-0.04,201.91,131104.77,-1
2025-10-07,2025-10-07 12:43:00,676.15,676.15,675.91,675.91,-0.04,201.91,131104.77,-1
2025-10-07,2025-10-07 12:44:00,675.91,675.91,675.68,675.68,-0.03,201.91,131104.77,-1
2025-10-07,2025-10-07 12:45:00,675.68,675.68,675.44,675.44,-0.04,201.91,131104.77,-1
2025-10-07,2025-10-07 12:46:00,675.44,675.44,675.2,675.2,-0.04,201.91,131104.77,-1
2025-10-07,2025-10-07 12:47:00,675.2,675.2,674.96,674.96,-0.04,201.91,131104.77,-1
2025-10-07,2025-10-07 12:48:00,674.96,674.96,674.72,674.72,-0.04,201.91,131104.77,-1
2025-10-07,2025-10-07 12:49:00,674.72,674.72,674.48,674.48,-0.04,201.91,131104.77,-1
2025-10-07,2025-10-07 12:50:00,674.48,674.48,674.25,674.25,-0.03,201.91,131104.77,-1
2025-10-07,2025-10-07 12:51:00,674.25,674.25,674.01,674.01,-0.04,201.91,131104.77,-1
2025-10-07,2025-10-07 12:52:00,674.01,674.01,673.77,673.77,-0.04,201.91,131104.77,-1
2025-10-07,2025-10-07 12:53:00,673.77,673.77,673.53,673.53,-0.04,201.91,131104.77,-1
2025-10-07,2025-10-07 12:54:00,673.53,673.53,673.29,673.29,-0.04,201.91,131104.77,-1
2025-10-07,2025-10-07 12:55:00,673.29,673.29,673.05,673.05,-0.04,201.91,131104.77,-1
2025-10-07,2025-10-07 12:56:00,673.05,673.05,672.82,672.82,-0.03,201.91,131104.77,-1
2025-10-07,2025-10-07 12:57:00,672.82,672.82,672.58,672.58,-0.04,201.91,131104.77,-1
2025-10-07,2025-10-07 12:58:00,672.58,672.58,672.34,672.34,-0.04,201.91,131104.77,-1
2025-10-07,2025-10-07 12:59:00,672.34,672.34,672.1,672.1,-0.04,201.91,131104.77,-1
2025-10-07,2025-10-07 13:00:00,672.1,700.7,643.5,671.86,-0.04,201.91,131104.77,-1
2025-10-07,2025-10-07 13:01:00,671.86,671.86,671.62,671.62,-0.04,201.91,131104.77,-1
2025-10-07,2025-10-07 13:02:00,671.62,671.62,671.38,671.38,-0.04,201.91,131104.77,-1
2025-10-07,2025-10-07 13:03:00,671.38,671.38,671.15,671.15,-0.03,201.91,131104.77,-1
2025-10-07,2025-10-07 13:04:00,671.15,671.15,670.91,670.91,-0.04,201.91,131104.77,-1
2025-10-07,2025-10-07 13:05:00,670.91,670.91,670.67,670.67,-0.04,201.91,131104.77,-1
2025-10-07,2025-10-07 13:06:00,670.67,670.67,670.43,670.43,-0.04,201.91,131104.77,-1
2025-10-07,2025-10-07 13:07:00,670.43,670.43,670.19,670.19,-0.04,201.91,131104.77,-1
2025-10-07,2025-10-07 13:08:00,670.19,670.19,669.96,669.96,-0.03,201.91,131104.77,-1
2025-10-07,2025-10-07 13:09:00,669.96,669.96,669.72,669.72,-0.04,201.91,131104.77,-1
2025-10-07,2025-10-07 13:10:00,669.72,669.72,669.48,669.48,-0.04,201.91,131104.77,-1
2025-10-07,2025-10-07 13:11:00,669.48,669.48,669.24,669.24,-0.04,201.91,131104.77,-1
2025-10-07,2025-10-07 13:12:00,669.24,669.24,669.0,669.0,-0.04,201.91,131104.77,-1
2025-10-07,2025-10-07 13:13:00,669.0,669.0,668.76,668.76,-0.04,201.91,131104.77,-1
2025-10-07,2025-10-07 13:14:00,668.76,668.76,668.52,668.52,-0.04,201.91,131104.77,-1
2025-10-07,2025-10-07 13:15:00,668.52,668.52,668.29,668.29,-0.03,201.91,131104.77,-1
2025-10-07,2025-10-07 13:16:00,668.29,668.29,668.05,668.05,-0.04,201.91,131104.77,-1
2025-10-07,2025-10-07 13:17:00,668.05,668.05,667.81,667.81,-0.04,201.91,131104.77,-1
2025-10-07,2025-10-07 13:18:00,667.81,667.81,667.57,667.57,-0.04,201.91,131104.77,-1
2025-10-07,2025-10-07 13:19:00,667.57,667.57,667.33,667.33,-0.04,201.91,131104.77,-1
2025-10-07,2025-10-07 13:20:00,667.33,667.33,667.1,667.1,-0.03,201.91,131104.77,-1
2025-10-07,2025-10-07 13:21:00,667.1,667.1,666.86,666.86,-0.04,201.91,131104.77,-1
2025-10-07,2025-10-07 13:22:00,666.86,666.86,666.62,666.62,-0.04,201.91,131104.77,-1
2025-10-07,2025-10-07 13:23:00,666.62,666.62,666.38,666.38,-0.04,201.91,131104.77,-1
2025-10-07,2025-10-07 13:24:00,666.38,666.38,666.14,666.14,-0.04,201.91,131104.77,-1
2025-10-07,2025-10-07 13:25:00,666.14,666.14,665.9,665.9,-0.04,201.91,131104.77,-1
2025-10-07,2025-10-07 13:26:00,665.9,665.9,665.66,665.66,-0.04,201.91,131104.77,-1
2025-10-07,2025-10-07 13:27:00,665.66,665.66,665.43,665.43,-0.03,201.91,131104.77,-1
2025-10-07,2025-10-07 13:28:00,665.43,665.43,665.19,665.19,-0.04,201.91,131104.77,-1
2025-10-07,2025-10-07 13:29:00,665.19,665.19,664.95,664.95,-0.04,201.91,131104.77,-1
2025-10-07,2025-10-07 13:30:00,664.95,664.95,664.71,664.71,-0.04,201.91,131104.77,-1
2025-10-07,2025-10-07 13:31:00,664.71,664.71,664.47,664.47,-0.04,201.91,131104.77,-1
2025-10-07,2025-10-07 13:32:00,664.47,664.47,664.24,664.24,-0.03,201.91,131104.77,-1
2025-10-07,2025-10-07 13:33:00,664.24,664.24,664.0,664.0,-0.04,201.91,131104.77,-1
2025-10-07,2025-10-07 13:34:00,664.0,664.0,663.76,663.76,-0.04,201.91,131104.77,-1
2025-10-07,2025-10-07 13:35:00,663.76,663.76,663.52,663.52,-0.04,201.91,131104.77,-1
2025-10-07,2025-10-07 13:36:00,663.52,663.52,663.28,663.28,-0.04,201.91,131104.77,-1
2025-10-07,2025-10-07 13:37:00,663.28,663.28,663.04,663.04,-0.04,201.91,131104.77,-1
2025-10-07,2025-10-07 13:38:00,663.04,663.04,662.81,662.81,-0.03,201.91,131104.77,-1
2025-10-07,2025-10-07 13:39:00,662.81,662.81,662.57,662.57,-0.04,201.91,131104.77,-1
2025-10-07,2025-10-07 13:40:00,662.57,662.57,662.33,662.33,-0.04,201.91,131104.77,-1
2025-10-07,2025-10-07 13:41:00,662.33,662.33,662.09,662.09,-0.04,201.91,131104.77,-1
2025-10-07,2025-10-07 13:42:00,662.09,662.09,661.85,661.85,-0.04,201.91,131104.77,-1
2025-10-07,2025-10-07 13:43:00,661.85,661.85,661.61,661.61,-0.04,201.91,131104.77,-1
2025-10-07,2025-10-07 13:44:00,661.61,661.61,661.38,661.38,-0.03,201.91,131104.77,-1
2025-10-07,2025-10-07 13:45:00,661.38,661.38,661.14,661.14,-0.04,201.91,131104.77,-1
2025-10-07,2025-10-07 13:46:00,661.14,661.14,660.9,660.9,-0.04,201.91,131104.77,-1
2025-10-07,2025-10-07 13:47:00,660.9,660.9,660.66,660.66,-0.04,201.91,131104.77,-1
2025-10-07,2025-10-07 13:48:00,660.66,660.66,660.42,660.42,-0.04,201.91,131104.77,-1
2025-10-07,2025-10-07 13:49:00,660.42,660.42,660.18,660.18,-0.04,201.91,131104.77,-1
2025-10-07,2025-10-07 13:50:00,660.18,660.18,659.95,659.95,-0.03,201.91,131104.77,-1
2025-10-07,2025-10-07 13:51:00,659.95,659.95,659.71,659.71,-0.04,201.91,131104.77,-1
2025-10-07,2025-10-07 13:52:00,659.71,659.71,659.47,659.47,-0.04,201.91,131104.77,-1
2025-10-07,2025-10-07 13:53:00,659.47,659.47,659.23,659.23,-0.04,201.91,131104.77,-1
2025-10-07,2025-10-07 13:54:00,659.23,659.23,658.99,658.99,-0.04,201.91,131104.77,-1
2025-10-07,2025-10-07 13:55:00,658.99,658.99,658.75,658.75,-0.04,201.91,131104.77,-1
2025-10-07,2025-10-07 13:56:00,658.75,658.75,658.51,658.51,-0.04,201.91,131104.77,-1
2025-10-07,2025-10-07 13:57:00,658.51,658.51,658.28,658.28,-0.03,201.91,131104.77,-1
2025-10-07,2025-10-07 13:58:00,658.28,658.28,658.04,658.04,-0.04,201.91,131104.77,-1
2025-10-07,2025-10-07 13:59:00,658.04,658.04,657.8,657.8,-0.04,201.91,131104.77,-1
2025-10-07,2025-10-07 14:00:00,657.8,657.8,657.56,657.56,-0.04,201.91,131104.77,-1
2025-10-07,2025-10-07 14:01:00,657.56,657.56,657.32,657.32,-0.04,201.91,131104.77,-1
2025-10-07,2025-10-07 14:02:00,657.32,657.32,657.09,657.09,-0.03,201.91,131104.77,-1
2025-10-07,2025-10-07 14:03:00,657.09,657.09,656.85,656.85,-0.04,201.91,131104.77,-1
2025-10-07,2025-10-07 14:04:00,656.85,656.85,656.61,656.61,-0.04,201.91,131104.77,-1
2025-10-07,2025-10-07 14:05:00,656.61,656.61,656.37,656.37,-0.04,201.91,131104.77,-1
2025-10-07,2025-10-07 14:06:00,656.37,656.37,656.13,656.13,-0.04,201.91,131104.77,-1
2025-10-07,2025-10-07 14:07:00,656.13,656.13,655.89,655.89,-0.04,201.91,131104.77,-1
2025-10-07,2025-10-07 14:08:00,655.89,655.89,655.65,655.65,-0.04,201.91,131104.77,-1
2025-10-07,2025-10-07 14:09:00,655.65,655.65,655.42,655.42,-0.04,201.91,131104.77,-1
2025-10-07,2025-10-07 14:10:00,655.42,655.42,655.18,655.18,-0.04,201.91,131104.77,-1
2025-10-07,2025-10-07 14:11:00,655.18,655.18,654.94,654.94,-0.04,201.91,131104.77,-1
2025-10-07,2025-10-07 14:12:00,654.94,654.94,654.7,654.7,-0.04,201.91,131104.77,-1
2025-10-07,2025-10-07 14:13:00,654.7,654.7,654.46,654.46,-0.04,201.91,131104.77,-1
2025-10-07,2025-10-07 14:14:00,654.46,654.46,654.23,654.23,-0.04,201.91,131104.77,-1
2025-10-07,2025-10-07 14:15:00,654.23,654.23,653.99,653.99,-0.04,201.91,131104.77,-1
2025-10-07,2025-10-07 14:16:00,653.99,653.99,653.75,653.75,-0.04,201.91,131104.77,-1
2025-10-07,2025-10-07 14:17:00,653.75,653.75,653.51,653.51,-0.04,201.91,131104.77,-1
2025-10-07,2025-10-07 14:18:00,653.51,653.51,653.27,653.27,-0.04,201.91,131104.77,-1
2025-10-07,2025-10-07 14:19:00,653.27,653.27,653.03,653.03,-0.04,201.91,131104.77,-1
2025-10-07,2025-10-07 14:20:00,653.03,653.03,652.79,652.79,-0.04,201.91,131104.77,-1
2025-10-07,2025-10-07 14:21:00,652.79,652.79,652.56,652.56,-0.04,201.91,131104.77,-1
2025-10-07,2025-10-07 14:22:00,652.56,652.56,652.32,652.32,-0.04,201.91,131104.77,-1
2025-10-07,2025-10-07 14:23:00,652.32,652.32,652.08,652.08,-0.04,201.91,131104.77,-1
2025-10-07,2025-10-07 14:24:00,652.08,652.08,651.84,651.84,-0.04,201.91,131104.77,-1
2025-10-07,2025-10-07 14:25:00,651.84,651.84,651.6,651.6,-0.04,201.91,131104.77,-1
2025-10-07,2025-10-07 14:26:00,651.6,651.6,651.37,651.37,-0.04,201.91,131104.77,-1
2025-10-07,2025-10-07 14:27:00,651.37,651.37,651.13,651.13,-0.04,201.91,131104.77,-1
2025-10-07,2025-10-07 14:28:00,651.13,651.13,650.89,650.89,-0.04,201.91,131104.77,-1
2025-10-07,2025-10-07 14:29:00,650.89,650.89,650.65,650.65,-0.04,201.91,131104.77,-1
2025-10-07,2025-10-07 14:30:00,650.65,650.65,650.41,650.41,-0.04,201.91,131104.77,-1
2025-10-07,2025-10-07 14:31:00,650.41,650.41,650.17,650.17,-0.04,201.91,131104.77,-1
2025-10-07,2025-10-07 14:32:00,650.17,650.17,649.94,649.94,-0.04,201.91,131104.77,-1
2025-10-07,2025-10-07 14:33:00,649.94,649.94,649.7,649.7,-0.04,201.91,131104.77,-1
2025-10-07,2025-10-07 14:34:00,649.7,649.7,649.46,649.46,-0.04,201.91,131104.77,-1
2025-10-07,2025-10-07 14:35:00,649.46,649.46,649.22,649.22,-0.04,201.91,131104.77,-1
2025-10-07,2025-10-07 14:36:00,649.22,649.22,648.98,648.98,-0.04,201.91,131104.77,-1
2025-10-07,2025-10-07 14:37:00,648.98,648.98,648.74,648.74,-0.04,201.91,131104.77,-1
2025-10-07,2025-10-07 14:38:00,648.74,648.74,648.5,648.5,-0.04,201.91,131104.77,-1
2025-10-07,2025-10-07 14:39:00,648.5,648.5,648.27,648.27,-0.04,201.91,131104.77,-1
2025-10-07,2025-10-07 14:40:00,648.27,648.27,648.03,648.03,-0.04,201.91,131104.77,-1
2025-10-07,2025-10-07 14:41:00,648.03,648.03,647.79,647.79,-0.04,201.91,131104.77,-1
2025-10-07,2025-10-07 14:42:00,647.79,647.79,647.55,647.55,-0.04,201.91,131104.77,-1
2025-10-07,2025-10-07 14:43:00,647.55,647.55,647.31,647.31,-0.04,201.91,131104.77,-1
2025-10-07,2025-10-07 14:44:00,647.31,647.31,647.08,647.08,-0.04,201.91,131104.77,-1
2025-10-07,2025-10-07 14:45:00,647.08,647.08,646.84,646.84,-0.04,201.91,131104.77,-1
2025-10-07,2025-10-07 14:46:00,646.84,646.84,646.6,646.6,-0.04,201.91,131104.77,-1
2025-10-07,2025-10-07 14:47:00,646.6,646.6,646.36,646.36,-0.04,201.91,131104.77,-1
2025-10-07,2025-10-07 14:48:00,646.36,646.36,646.12,646.12,-0.04,201.91,131104.77,-1
2025-10-07,2025-10-07 14:49:00,646.12,646.12,645.88,645.88,-0.04,201.91,131104.77,-1
2025-10-07,2025-10-07 14:50:00,645.88,645.88,645.64,645.64,-0.04,201.91,131104.77,-1
2025-10-07,2025-10-07 14:51:00,645.64,645.64,645.41,645.41,-0.04,201.91,131104.77,-1
2025-10-07,2025-10-07 14:52:00,645.41,645.41,645.17,645.17,-0.04,201.91,131104.77,-1
2025-10-07,2025-10-07 14:53:00,645.17,645.17,644.93,644.93,-0.04,201.91,131104.77,-1
2025-10-07,2025-10-07 14:54:00,644.93,644.93,644.69,644.69,-0.04,201.91,131104.77,-1
2025-10-07,2025-10-07 14:55:00,644.69,644.69,644.45,644.45,-0.04,201.91,131104.77,-1
2025-10-07,2025-10-07 14:56:00,644.45,644.45,644.22,644.22,-0.04,201.91,131104.77,-1
2025-10-07,2025-10-07 14:57:00,644.22,644.22,643.98,643.98,-0.04,201.91,131104.77,-1
2025-10-07,2025-10-07 14:58:00,643.98,643.98,643.74,643.74,-0.04,201.91,131104.77,-1
2025-10-07,2025-10-07 14:59:00,643.74,643.74,643.5,643.5,-0.04,201.91,131104.77,-1
2025-10-07,2025-10-07 15:00:00,643.5,700.7,643.5,643.5,0.0,201.91,131104.77,0
2025-10-08,2025-10-08 11:00:00,654.0,654.0,644.85,653.96,-0.01,48.42,30526.06,-1
2025-10-08,2025-10-08 11:01:00,653.96,653.96,653.92,653.92,-0.01,48.42,30526.06,-1
2025-10-08,2025-10-08 11:02:00,653.92,653.92,653.88,653.88,-0.01,48.42,30526.06,-1
2025-10-08,2025-10-08 11:03:00,653.88,653.88,653.83,653.83,-0.01,48.42,30526.06,-1
2025-10-08,2025-10-08 11:04:00,653.83,653.83,653.79,653.79,-0.01,48.42,30526.06,-1
2025-10-08,2025-10-08 11:05:00,653.79,653.79,653.75,653.75,-0.01,48.42,30526.06,-1
2025-10-08,2025-10-08 11:06:00,653.75,653.75,653.71,653.71,-0.01,48.42,30526.06,-1
2025-10-08,2025-10-08 11:07:00,653.71,653.71,653.67,653.67,-0.01,48.42,30526.06,-1
2025-10-08,2025-10-08 11:08:00,653.67,653.67,653.62,653.62,-0.01,48.42,30526.06,-1
2025-10-08,2025-10-08 11:09:00,653.62,653.62,653.58,653.58,-0.01,48.42,30526.06,-1
2025-10-08,2025-10-08 11:10:00,653.58,653.58,653.54,653.54,-0.01,48.42,30526.06,-1
2025-10-08,2025-10-08 11:11:00,653.54,653.54,653.5,653.5,-0.01,48.42,30526.06,-1
2025-10-08,2025-10-08 11:12:00,653.5,653.5,653.46,653.46,-0.01,48.42,30526.06,-1
2025-10-08,2025-10-08 11:13:00,653.46,653.46,653.42,653.42,-0.01,48.42,30526.06,-1
2025-10-08,2025-10-08 11:14:00,653.42,653.42,653.38,653.38,-0.01,48.42,30526.06,-1
2025-10-08,2025-10-08 11:15:00,653.38,653.38,653.33,653.33,-0.01,48.42,30526.06,-1
2025-10-08,2025-10-08 11:16:00,653.33,653.33,653.29,653.29,-0.01,48.42,30526.06,-1
2025-10-08,2025-10-08 11:17:00,653.29,653.29,653.25,653.25,-0.01,48.42,30526.06,-1
2025-10-08,2025-10-08 11:18:00,653.25,653.25,653.21,653.21,-0.01,48.42,30526.06,-1
2025-10-08,2025-10-08 11:19:00,653.21,653.21,653.17,653.17,-0.01,48.42,30526.06,-1
2025-10-08,2025-10-08 11:20:00,653.17,653.17,653.12,653.12,-0.01,48.42,30526.06,-1
2025-10-08,2025-10-08 11:21:00,653.12,653.12,653.08,653.08,-0.01,48.42,30526.06,-1
2025-10-08,2025-10-08 11:22:00,653.08,653.08,653.04,653.04,-0.01,48.42,30526.06,-1
2025-10-08,2025-10-08 11:23:00,653.04,653.04,653.0,653.0,-0.01,48.42,30526.06,-1
2025-10-08,2025-10-08 11:24:00,653.0,653.0,652.96,652.96,-0.01,48.42,30526.06,-1
2025-10-08,2025-10-08 11:25:00,652.96,652.96,652.92,652.92,-0.01,48.42,30526.06,-1
2025-10-08,2025-10-08 11:26:00,652.92,652.92,652.88,652.88,-0.01,48.42,30526.06,-1
2025-10-08,2025-10-08 11:27:00,652.88,652.88,652.83,652.83,-0.01,48.42,30526.06,-1
2025-10-08,2025-10-08 11:28:00,652.83,652.83,652.79,652.79,-0.01,48.42,30526.06,-1
2025-10-08,2025-10-08 11:29:00,652.79,652.79,652.75,652.75,-0.01,48.42,30526.06,-1
2025-10-08,2025-10-08 11:30:00,652.75,652.75,652.71,652.71,-0.01,48.42,30526.06,-1
2025-10-08,2025-10-08 11:31:00,652.71,652.71,652.67,652.67,-0.01,48.42,30526.06,-1
2025-10-08,2025-10-08 11:32:00,652.67,652.67,652.62,652.62,-0.01,48.42,30526.06,-1
2025-10-08,2025-10-08 11:33:00,652.62,652.62,652.58,652.58,-0.01,48.42,30526.06,-1
2025-10-08,2025-10-08 11:34:00,652.58,652.58,652.54,652.54,-0.01,48.42,30526.06,-1
2025-10-08,2025-10-08 11:35:00,652.54,652.54,652.5,652.5,-0.01,48.42,30526.06,-1
2025-10-08,2025-10-08 11:36:00,652.5,652.5,652.46,652.46,-0.01,48.42,30526.06,-1
2025-10-08,2025-10-08 11:37:00,652.46,652.46,652.42,652.42,-0.01,48.42,30526.06,-1
2025-10-08,2025-10-08 11:38:00,652.42,652.42,652.38,652.38,-0.01,48.42,30526.06,-1
2025-10-08,2025-10-08 11:39:00,652.38,652.38,652.33,652.33,-0.01,48.42,30526.06,-1
2025-10-08,2025-10-08 11:40:00,652.33,652.33,652.29,652.29,-0.01,48.42,30526.06,-1
2025-10-08,2025-10-08 11:41:00,652.29,652.29,652.25,652.25,-0.01,48.42,30526.06,-1
2025-10-08,2025-10-08 11:42:00,652.25,652.25,652.21,652.21,-0.01,48.42,30526.06,-1
2025-10-08,2025-10-08 11:43:00,652.21,652.21,652.17,652.17,-0.01,48.42,30526.06,-1
2025-10-08,2025-10-08 11:44:00,652.17,652.17,652.12,652.12,-0.01,48.42,30526.06,-1
2025-10-08,2025-10-08 11:45:00,652.12,652.12,652.08,652.08,-0.01,48.42,30526.06,-1
2025-10-08,2025-10-08 11:46:00,652.08,652.08,652.04,652.04,-0.01,48.42,30526.06,-1
2025-10-08,2025-10-08 11:47:00,652.04,652.04,652.0,652.0,-0.01,48.42,30526.06,-1
2025-10-08,2025-10-08 11:48:00,652.0,652.0,651.96,651.96,-0.01,48.42,30526.06,-1
2025-10-08,2025-10-08 11:49:00,651.96,651.96,651.92,651.92,-0.01,48.42,30526.06,-1
2025-10-08,2025-10-08 11:50:00,651.92,651.92,651.88,651.88,-0.01,48.42,30526.06,-1
2025-10-08,2025-10-08 11:51:00,651.88,651.88,651.83,651.83,-0.01,48.42,30526.06,-1
2025-10-08,2025-10-08 11:52:00,651.83,651.83,651.79,651.79,-0.01,48.42,30526.06,-1
2025-10-08,2025-10-08 11:53:00,651.79,651.79,651.75,651.75,-0.01,48.42,30526.06,-1
2025-10-08,2025-10-08 11:54:00,651.75,651.75,651.71,651.71,-0.01,48.42,30526.06,-1
2025-10-08,2025-10-08 11:55:00,651.71,651.71,651.67,651.67,-0.01,48.42,30526.06,-1
2025-10-08,2025-10-08 11:56:00,651.67,651.67,651.62,651.62,-0.01,48.42,30526.06,-1
2025-10-08,2025-10-08 11:57:00,651.62,651.62,651.58,651.58,-0.01,48.42,30526.06,-1
2025-10-08,2025-10-08 11:58:00,651.58,651.58,651.54,651.54,-0.01,48.42,30526.06,-1
2025-10-08,2025-10-08 11:59:00,651.54,651.54,651.5,651.5,-0.01,48.42,30526.06,-1
2025-10-08,2025-10-08 12:00:00,651.5,651.5,651.46,651.46,-0.01,48.42,30526.06,-1
2025-10-08,2025-10-08 12:01:00,651.46,651.46,651.42,651.42,-0.01,48.42,30526.06,-1
2025-10-08,2025-10-08 12:02:00,651.42,651.42,651.38,651.38,-0.01,48.42,30526.06,-1
2025-10-08,2025-10-08 12:03:00,651.38,651.38,651.33,651.33,-0.01,48.42,30526.06,-1
2025-10-08,2025-10-08 12:04:00,651.33,651.33,651.29,651.29,-0.01,48.42,30526.06,-1
2025-10-08,2025-10-08 12:05:00,651.29,651.29,651.25,651.25,-0.01,48.42,30526.06,-1
2025-10-08,2025-10-08 12:06:00,651.25,651.25,651.21,651.21,-0.01,48.42,30526.06,-1
2025-10-08,2025-10-08 12:07:00,651.21,651.21,651.17,651.17,-0.01,48.42,30526.06,-1
2025-10-08,2025-10-08 12:08:00,651.17,651.17,651.12,651.12,-0.01,48.42,30526.06,-1
2025-10-08,2025-10-08 12:09:00,651.12,651.12,651.08,651.08,-0.01,48.42,30526.06,-1
2025-10-08,2025-10-08 12:10:00,651.08,651.08,651.04,651.04,-0.01,48.42,30526.06,-1
2025-10-08,2025-10-08 12:11:00,651.04,651.04,651.0,651.0,-0.01,48.42,30526.06,-1
2025-10-08,2025-10-08 12:12:00,651.0,651.0,650.96,650.96,-0.01,48.42,30526.06,-1
2025-10-08,2025-10-08 12:13:00,650.96,650.96,650.92,650.92,-0.01,48.42,30526.06,-1
2025-10-08,2025-10-08 12:14:00,650.92,650.92,650.88,650.88,-0.01,48.42,30526.06,-1
2025-10-08,2025-10-08 12:15:00,650.88,650.88,650.83,650.83,-0.01,48.42,30526.06,-1
2025-10-08,2025-10-08 12:16:00,650.83,650.83,650.79,650.79,-0.01,48.42,30526.06,-1
2025-10-08,2025-10-08 12:17:00,650.79,650.79,650.75,650.75,-0.01,48.42,30526.06,-1
2025-10-08,2025-10-08 12:18:00,650.75,650.75,650.71,650.71,-0.01,48.42,30526.06,-1
2025-10-08,2025-10-08 12:19:00,650.71,650.71,650.67,650.67,-0.01,48.42,30526.06,-1
2025-10-08,2025-10-08 12:20:00,650.67,650.67,650.62,650.62,-0.01,48.42,30526.06,-1
2025-10-08,2025-10-08 12:21:00,650.62,650.62,650.58,650.58,-0.01,48.42,30526.06,-1
2025-10-08,2025-10-08 12:22:00,650.58,650.58,650.54,650.54,-0.01,48.42,30526.06,-1
2025-10-08,2025-10-08 12:23:00,650.54,650.54,650.5,650.5,-0.01,48.42,30526.06,-1
2025-10-08,2025-10-08 12:24:00,650.5,650.5,650.46,650.46,-0.01,48.42,30526.06,-1
2025-10-08,2025-10-08 12:25:00,650.46,650.46,650.42,650.42,-0.01,48.42,30526.06,-1
2025-10-08,2025-10-08 12:26:00,650.42,650.42,650.38,650.38,-0.01,48.42,30526.06,-1
2025-10-08,2025-10-08 12:27:00,650.38,650.38,650.33,650.33,-0.01,48.42,30526.06,-1
2025-10-08,2025-10-08 12:28:00,650.33,650.33,650.29,650.29,-0.01,48.42,30526.06,-1
2025-10-08,2025-10-08 12:29:00,650.29,650.29,650.25,650.25,-0.01,48.42,30526.06,-1
2025-10-08,2025-10-08 12:30:00,650.25,650.25,650.21,650.21,-0.01,48.42,30526.06,-1
2025-10-08,2025-10-08 12:31:00,650.21,650.21,650.17,650.17,-0.01,48.42,30526.06,-1
2025-10-08,2025-10-08 12:32:00,650.17,650.17,650.12,650.12,-0.01,48.42,30526.06,-1
2025-10-08,2025-10-08 12:33:00,650.12,650.12,650.08,650.08,-0.01,48.42,30526.06,-1
2025-10-08,2025-10-08 12:34:00,650.08,650.08,650.04,650.04,-0.01,48.42,30526.06,-1
2025-10-08,2025-10-08 12:35:00,650.04,650.04,650.0,650.0,-0.01,48.42,30526.06,-1
2025-10-08,2025-10-08 12:36:00,650.0,650.0,649.96,649.96,-0.01,48.42,30526.06,-1
2025-10-08,2025-10-08 12:37:00,649.96,649.96,649.92,649.92,-0.01,48.42,30526.06,-1
2025-10-08,2025-10-08 12:38:00,649.92,649.92,649.88,649.88,-0.01,48.42,30526.06,-1
2025-10-08,2025-10-08 12:39:00,649.88,649.88,649.83,649.83,-0.01,48.42,30526.06,-1
2025-10-08,2025-10-08 12:40:00,649.83,649.83,649.79,649.79,-0.01,48.42,30526.06,-1
2025-10-08,2025-10-08 12:41:00,649.79,649.79,649.75,649.75,-0.01,48.42,30526.06,-1
2025-10-08,2025-10-08 12:42:00,649.75,649.75,649.71,649.71,-0.01,48.42,30526.06,-1
2025-10-08,2025-10-08 12:43:00,649.71,649.71,649.67,649.67,-0.01,48.42,30526.06,-1
2025-10-08,2025-10-08 12:44:00,649.67,649.67,649.62,649.62,-0.01,48.42,30526.06,-1
2025-10-08,2025-10-08 12:45:00,649.62,649.62,649.58,649.58,-0.01,48.42,30526.06,-1
2025-10-08,2025-10-08 12:46:00,649.58,649.58,649.54,649.54,-0.01,48.42,30526.06,-1
2025-10-08,2025-10-08 12:47:00,649.54,649.54,649.5,649.5,-0.01,48.42,30526.06,-1
2025-10-08,2025-10-08 12:48:00,649.5,649.5,649.46,649.46,-0.01,48.42,30526.06,-1
2025-10-08,2025-10-08 12:49:00,649.46,649.46,649.42,649.42,-0.01,48.42,30526.06,-1
2025-10-08,2025-10-08 12:50:00,649.42,649.42,649.38,649.38,-0.01,48.42,30526.06,-1
2025-10-08,2025-10-08 12:51:00,649.38,649.38,649.33,649.33,-0.01,48.42,30526.06,-1
2025-10-08,2025-10-08 12:52:00,649.33,649.33,649.29,649.29,-0.01,48.42,30526.06,-1
2025-10-08,2025-10-08 12:53:00,649.29,649.29,649.25,649.25,-0.01,48.42,30526.06,-1
2025-10-08,2025-10-08 12:54:00,649.25,649.25,649.21,649.21,-0.01,48.42,30526.06,-1
2025-10-08,2025-10-08 12:55:00,649.21,649.21,649.17,649.17,-0.01,48.42,30526.06,-1
2025-10-08,2025-10-08 12:56:00,649.17,649.17,649.12,649.12,-0.01,48.42,30526.06,-1
2025-10-08,2025-10-08 12:57:00,649.12,649.12,649.08,649.08,-0.01,48.42,30526.06,-1
2025-10-08,2025-10-08 12:58:00,649.08,649.08,649.04,649.04,-0.01,48.42,30526.06,-1
2025-10-08,2025-10-08 12:59:00,649.04,649.04,649.0,649.0,-0.01,48.42,30526.06,-1
2025-10-08,2025-10-08 13:00:00,649.0,654.0,623.5,648.96,-0.01,48.42,30526.06,-1
2025-10-08,2025-10-08 13:01:00,648.96,648.96,648.92,648.92,-0.01,48.42,30526.06,-1
2025-10-08,2025-10-08 13:02:00,648.92,648.92,648.88,648.88,-0.01,48.42,30526.06,-1
2025-10-08,2025-10-08 13:03:00,648.88,648.88,648.83,648.83,-0.01,48.42,30526.06,-1
2025-10-08,2025-10-08 13:04:00,648.83,648.83,648.79,648.79,-0.01,48.42,30526.06,-1
2025-10-08,2025-10-08 13:05:00,648.79,648.79,648.75,648.75,-0.01,48.42,30526.06,-1
2025-10-08,2025-10-08 13:06:00,648.75,648.75,648.71,648.71,-0.01,48.42,30526.06,-1
2025-10-08,2025-10-08 13:07:00,648.71,648.71,648.67,648.67,-0.01,48.42,30526.06,-1
2025-10-08,2025-10-08 13:08:00,648.67,648.67,648.62,648.62,-0.01,48.42,30526.06,-1
2025-10-08,2025-10-08 13:09:00,648.62,648.62,648.58,648.58,-0.01,48.42,30526.06,-1
2025-10-08,2025-10-08 13:10:00,648.58,648.58,648.54,648.54,-0.01,48.42,30526.06,-1
2025-10-08,2025-10-08 13:11:00,648.54,648.54,648.5,648.5,-0.01,48.42,30526.06,-1
2025-10-08,2025-10-08 13:12:00,648.5,648.5,648.46,648.46,-0.01,48.42,30526.06,-1
2025-10-08,2025-10-08 13:13:00,648.46,648.46,648.42,648.42,-0.01,48.42,30526.06,-1
2025-10-08,2025-10-08 13:14:00,648.42,648.42,648.38,648.38,-0.01,48.42,30526.06,-1
2025-10-08,2025-10-08 13:15:00,648.38,648.38,648.33,648.33,-0.01,48.42,30526.06,-1
2025-10-08,2025-10-08 13:16:00,648.33,648.33,648.29,648.29,-0.01,48.42,30526.06,-1
2025-10-08,2025-10-08 13:17:00,648.29,648.29,648.25,648.25,-0.01,48.42,30526.06,-1
2025-10-08,2025-10-08 13:18:00,648.25,648.25,648.21,648.21,-0.01,48.42,30526.06,-1
2025-10-08,2025-10-08 13:19:00,648.21,648.21,648.17,648.17,-0.01,48.42,30526.06,-1
2025-10-08,2025-10-08 13:20:00,648.17,648.17,648.12,648.12,-0.01,48.42,30526.06,-1
2025-10-08,2025-10-08 13:21:00,648.12,648.12,648.08,648.08,-0.01,48.42,30526.06,-1
2025-10-08,2025-10-08 13:22:00,648.08,648.08,648.04,648.04,-0.01,48.42,30526.06,-1
2025-10-08,2025-10-08 13:23:00,648.04,648.04,648.0,648.0,-0.01,48.42,30526.06,-1
2025-10-08,2025-10-08 13:24:00,648.0,648.0,647.96,647.96,-0.01,48.42,30526.06,-1
2025-10-08,2025-10-08 13:25:00,647.96,647.96,647.92,647.92,-0.01,48.42,30526.06,-1
2025-10-08,2025-10-08 13:26:00,647.92,647.92,647.88,647.88,-0.01,48.42,30526.06,-1
2025-10-08,2025-10-08 13:27:00,647.88,647.88,647.83,647.83,-0.01,48.42,30526.06,-1
2025-10-08,2025-10-08 13:28:00,647.83,647.83,647.79,647.79,-0.01,48.42,30526.06,-1
2025-10-08,2025-10-08 13:29:00,647.79,647.79,647.75,647.75,-0.01,48.42,30526.06,-1
2025-10-08,2025-10-08 13:30:00,647.75,647.75,647.71,647.71,-0.01,48.42,30526.06,-1
2025-10-08,2025-10-08 13:31:00,647.71,647.71,647.67,647.67,-0.01,48.42,30526.06,-1
2025-10-08,2025-10-08 13:32:00,647.67,647.67,647.62,647.62,-0.01,48.42,30526.06,-1
2025-10-08,2025-10-08 13:33:00,647.62,647.62,647.58,647.58,-0.01,48.42,30526.06,-1
2025-10-08,2025-10-08 13:34:00,647.58,647.58,647.54,647.54,-0.01,48.42,30526.06,-1
2025-10-08,2025-10-08 13:35:00,647.54,647.54,647.5,647.5,-0.01,48.42,30526.06,-1
2025-10-08,2025-10-08 13:36:00,647.5,647.5,647.46,647.46,-0.01,48.42,30526.06,-1
2025-10-08,2025-10-08 13:37:00,647.46,647.46,647.42,647.42,-0.01,48.42,30526.06,-1
2025-10-08,2025-10-08 13:38:00,647.42,647.42,647.38,647.38,-0.01,48.42,30526.06,-1
2025-10-08,2025-10-08 13:39:00,647.38,647.38,647.33,647.33,-0.01,48.42,30526.06,-1
2025-10-08,2025-10-08 13:40:00,647.33,647.33,647.29,647.29,-0.01,48.42,30526.06,-1
2025-10-08,2025-10-08 13:41:00,647.29,647.29,647.25,647.25,-0.01,48.42,30526.06,-1
2025-10-08,2025-10-08 13:42:00,647.25,647.25,647.21,647.21,-0.01,48.42,30526.06,-1
2025-10-08,2025-10-08 13:43:00,647.21,647.21,647.17,647.17,-0.01,48.42,30526.06,-1
2025-10-08,2025-10-08 13:44:00,647.17,647.17,647.12,647.12,-0.01,48.42,30526.06,-1
2025-10-08,2025-10-08 13:45:00,647.12,647.12,647.08,647.08,-0.01,48.42,30526.06,-1
2025-10-08,2025-10-08 13:46:00,647.08,647.08,647.04,647.04,-0.01,48.42,30526.06,-1
2025-10-08,2025-10-08 13:47:00,647.04,647.04,647.0,647.0,-0.01,48.42,30526.06,-1
2025-10-08,2025-10-08 13:48:00,647.0,647.0,646.96,646.96,-0.01,48.42,30526.06,-1
2025-10-08,2025-10-08 13:49:00,646.96,646.96,646.92,646.92,-0.01,48.42,30526.06,-1
2025-10-08,2025-10-08 13:50:00,646.92,646.92,646.88,646.88,-0.01,48.42,30526.06,-1
2025-10-08,2025-10-08 13:51:00,646.88,646.88,646.83,646.83,-0.01,48.42,30526.06,-1
2025-10-08,2025-10-08 13:52:00,646.83,646.83,646.79,646.79,-0.01,48.42,30526.06,-1
2025-10-08,2025-10-08 13:53:00,646.79,646.79,646.75,646.75,-0.01,48.42,30526.06,-1
2025-10-08,2025-10-08 13:54:00,646.75,646.75,646.71,646.71,-0.01,48.42,30526.06,-1
2025-10-08,2025-10-08 13:55:00,646.71,646.71,646.67,646.67,-0.01,48.42,30526.06,-1
2025-10-08,2025-10-08 13:56:00,646.67,646.67,646.62,646.62,-0.01,48.42,30526.06,-1
2025-10-08,2025-10-08 13:57:00,646.62,646.62,646.58,646.58,-0.01,48.42,30526.06,-1
2025-10-08,2025-10-08 13:58:00,646.58,646.58,646.54,646.54,-0.01,48.42,30526.06,-1
2025-10-08,2025-10-08 13:59:00,646.54,646.54,646.5,646.5,-0.01,48.42,30526.06,-1
2025-10-08,2025-10-08 14:00:00,646.5,646.5,646.46,646.46,-0.01,48.42,30526.06,-1
2025-10-08,2025-10-08 14:01:00,646.46,646.46,646.42,646.42,-0.01,48.42,30526.06,-1
2025-10-08,2025-10-08 14:02:00,646.42,646.42,646.38,646.38,-0.01,48.42,30526.06,-1
2025-10-08,2025-10-08 14:03:00,646.38,646.38,646.33,646.33,-0.01,48.42,30526.06,-1
2025-10-08,2025-10-08 14:04:00,646.33,646.33,646.29,646.29,-0.01,48.42,30526.06,-1
2025-10-08,2025-10-08 14:05:00,646.29,646.29,646.25,646.25,-0.01,48.42,30526.06,-1
2025-10-08,2025-10-08 14:06:00,646.25,646.25,646.21,646.21,-0.01,48.42,30526.06,-1
2025-10-08,2025-10-08 14:07:00,646.21,646.21,646.17,646.17,-0.01,48.42,30526.06,-1
2025-10-08,2025-10-08 14:08:00,646.17,646.17,646.12,646.12,-0.01,48.42,30526.06,-1
2025-10-08,2025-10-08 14:09:00,646.12,646.12,646.08,646.08,-0.01,48.42,30526.06,-1
2025-10-08,2025-10-08 14:10:00,646.08,646.08,646.04,646.04,-0.01,48.42,30526.06,-1
2025-10-08,2025-10-08 14:11:00,646.04,646.04,646.0,646.0,-0.01,48.42,30526.06,-1
2025-10-08,2025-10-08 14:12:00,646.0,646.0,645.96,645.96,-0.01,48.42,30526.06,-1
2025-10-08,2025-10-08 14:13:00,645.96,645.96,645.92,645.92,-0.01,48.42,30526.06,-1
2025-10-08,2025-10-08 14:14:00,645.92,645.92,645.88,645.88,-0.01,48.42,30526.06,-1
2025-10-08,2025-10-08 14:15:00,645.88,645.88,645.83,645.83,-0.01,48.42,30526.06,-1
2025-10-08,2025-10-08 14:16:00,645.83,645.83,645.79,645.79,-0.01,48.42,30526.06,-1
2025-10-08,2025-10-08 14:17:00,645.79,645.79,645.75,645.75,-0.01,48.42,30526.06,-1
2025-10-08,2025-10-08 14:18:00,645.75,645.75,645.71,645.71,-0.01,48.42,30526.06,-1
2025-10-08,2025-10-08 14:19:00,645.71,645.71,645.67,645.67,-0.01,48.42,30526.06,-1
2025-10-08,2025-10-08 14:20:00,645.67,645.67,645.62,645.62,-0.01,48.42,30526.06,-1
2025-10-08,2025-10-08 14:21:00,645.62,645.62,645.58,645.58,-0.01,48.42,30526.06,-1
2025-10-08,2025-10-08 14:22:00,645.58,645.58,645.54,645.54,-0.01,48.42,30526.06,-1
2025-10-08,2025-10-08 14:23:00,645.54,645.54,645.5,645.5,-0.01,48.42,30526.06,-1
2025-10-08,2025-10-08 14:24:00,645.5,645.5,645.46,645.46,-0.01,48.42,30526.06,-1
2025-10-08,2025-10-08 14:25:00,645.46,645.46,645.42,645.42,-0.01,48.42,30526.06,-1
2025-10-08,2025-10-08 14:26:00,645.42,645.42,645.38,645.38,-0.01,48.42,30526.06,-1
2025-10-08,2025-10-08 14:27:00,645.38,645.38,645.33,645.33,-0.01,48.42,30526.06,-1
2025-10-08,2025-10-08 14:28:00,645.33,645.33,645.29,645.29,-0.01,48.42,30526.06,-1
2025-10-08,2025-10-08 14:29:00,645.29,645.29,645.25,645.25,-0.01,48.42,30526.06,-1
2025-10-08,2025-10-08 14:30:00,645.25,645.25,645.21,645.21,-0.01,48.42,30526.06,-1
2025-10-08,2025-10-08 14:31:00,645.21,645.21,645.17,645.17,-0.01,48.42,30526.06,-1
2025-10-08,2025-10-08 14:32:00,645.17,645.17,645.12,645.12,-0.01,48.42,30526.06,-1
2025-10-08,2025-10-08 14:33:00,645.12,645.12,645.08,645.08,-0.01,48.42,30526.06,-1
2025-10-08,2025-10-08 14:34:00,645.08,645.08,645.04,645.04,-0.01,48.42,30526.06,-1
2025-10-08,2025-10-08 14:35:00,645.04,645.04,645.0,645.0,-0.01,48.42,30526.06,-1
2025-10-08,2025-10-08 14:36:00,645.0,645.0,644.96,644.96,-0.01,48.42,30526.06,-1
2025-10-08,2025-10-08 14:37:00,644.96,644.96,644.92,644.92,-0.01,48.42,30526.06,-1
2025-10-08,2025-10-08 14:38:00,644.92,644.92,644.88,644.88,-0.01,48.42,30526.06,-1
2025-10-08,2025-10-08 14:39:00,644.88,644.88,644.83,644.83,-0.01,48.42,30526.06,-1
2025-10-08,2025-10-08 14:40:00,644.83,644.83,644.79,644.79,-0.01,48.42,30526.06,-1
2025-10-08,2025-10-08 14:41:00,644.79,644.79,644.75,644.75,-0.01,48.42,30526.06,-1
2025-10-08,2025-10-08 14:42:00,644.75,644.75,644.71,644.71,-0.01,48.42,30526.06,-1
2025-10-08,2025-10-08 14:43:00,644.71,644.71,644.67,644.67,-0.01,48.42,30526.06,-1
2025-10-08,2025-10-08 14:44:00,644.67,644.67,644.62,644.62,-0.01,48.42,30526.06,-1
2025-10-08,2025-10-08 14:45:00,644.62,644.62,644.58,644.58,-0.01,48.42,30526.06,-1
2025-10-08,2025-10-08 14:46:00,644.58,644.58,644.54,644.54,-0.01,48.42,30526.06,-1
2025-10-08,2025-10-08 14:47:00,644.54,644.54,644.5,644.5,-0.01,48.42,30526.06,-1
2025-10-08,2025-10-08 14:48:00,644.5,644.5,644.46,644.46,-0.01,48.42,30526.06,-1
2025-10-08,2025-10-08 14:49:00,644.46,644.46,644.42,644.42,-0.01,48.42,30526.06,-1
2025-10-08,2025-10-08 14:50:00,644.42,644.42,644.38,644.38,-0.01,48.42,30526.06,-1
2025-10-08,2025-10-08 14:51:00,644.38,644.38,644.33,644.33,-0.01,48.42,30526.06,-1
2025-10-08,2025-10-08 14:52:00,644.33,644.33,644.29,644.29,-0.01,48.42,30526.06,-1
2025-10-08,2025-10-08 14:53:00,644.29,644.29,644.25,644.25,-0.01,48.42,30526.06,-1
2025-10-08,2025-10-08 14:54:00,644.25,644.25,644.21,644.21,-0.01,48.42,30526.06,-1
2025-10-08,2025-10-08 14:55:00,644.21,644.21,644.17,644.17,-0.01,48.42,30526.06,-1
2025-10-08,2025-10-08 14:56:00,644.17,644.17,644.12,644.12,-0.01,48.42,30526.06,-1
2025-10-08,2025-10-08 14:57:00,644.12,644.12,644.08,644.08,-0.01,48.42,30526.06,-1
2025-10-08,2025-10-08 14:58:00,644.08,644.08,644.04,644.04,-0.01,48.42,30526.06,-1
2025-10-08,2025-10-08 14:59:00,644.04,644.04,644.0,644.0,-0.01,48.42,30526.06,-1
2025-10-08,2025-10-08 15:00:00,644.0,654.0,623.5,644.0,0.0,48.42,30526.06,0
2025-10-09,2025-10-09 11:00:00,631.2,641.94,615.72,631.11,-0.01,197.1,119490.03,-1
2025-10-09,2025-10-09 11:01:00,631.11,631.11,631.02,631.02,-0.01,197.1,119490.03,-1
2025-10-09,2025-10-09 11:02:00,631.02,631.02,630.92,630.92,-0.02,197.1,119490.03,-1
2025-10-09,2025-10-09 11:03:00,630.92,630.92,630.83,630.83,-0.01,197.1,119490.03,-1
2025-10-09,2025-10-09 11:04:00,630.83,630.83,630.74,630.74,-0.01,197.1,119490.03,-1
2025-10-09,2025-10-09 11:05:00,630.74,630.74,630.65,630.65,-0.01,197.1,119490.03,-1
2025-10-09,2025-10-09 11:06:00,630.65,630.65,630.55,630.55,-0.02,197.1,119490.03,-1
2025-10-09,2025-10-09 11:07:00,630.55,630.55,630.46,630.46,-0.01,197.1,119490.03,-1
2025-10-09,2025-10-09 11:08:00,630.46,630.46,630.37,630.37,-0.01,197.1,119490.03,-1
2025-10-09,2025-10-09 11:09:00,630.37,630.37,630.28,630.28,-0.01,197.1,119490.03,-1
2025-10-09,2025-10-09 11:10:00,630.28,630.28,630.18,630.18,-0.02,197.1,119490.03,-1
2025-10-09,2025-10-09 11:11:00,630.18,630.18,630.09,630.09,-0.01,197.1,119490.03,-1
2025-10-09,2025-10-09 11:12:00,630.09,630.09,630.0,630.0,-0.01,197.1,119490.03,-1
2025-10-09,2025-10-09 11:13:00,630.0,630.0,629.91,629.91,-0.01,197.1,119490.03,-1
2025-10-09,2025-10-09 11:14:00,629.91,629.91,629.81,629.81,-0.02,197.1,119490.03,-1
2025-10-09,2025-10-09 11:15:00,629.81,629.81,629.72,629.72,-0.01,197.1,119490.03,-1
2025-10-09,2025-10-09 11:16:00,629.72,629.72,629.63,629.63,-0.01,197.1,119490.03,-1
2025-10-09,2025-10-09 11:17:00,629.63,629.63,629.54,629.54,-0.01,197.1,119490.03,-1
2025-10-09,2025-10-09 11:18:00,629.54,629.54,629.44,629.44,-0.02,197.1,119490.03,-1
2025-10-09,2025-10-09 11:19:00,629.44,629.44,629.35,629.35,-0.01,197.1,119490.03,-1
2025-10-09,2025-10-09 11:20:00,629.35,629.35,629.26,629.26,-0.01,197.1,119490.03,-1
2025-10-09,2025-10-09 11:21:00,629.26,629.26,629.17,629.17,-0.01,197.1,119490.03,-1
2025-10-09,2025-10-09 11:22:00,629.17,629.17,629.07,629.07,-0.02,197.1,119490.03,-1
2025-10-09,2025-10-09 11:23:00,629.07,629.07,628.98,628.98,-0.01,197.1,119490.03,-1
2025-10-09,2025-10-09 11:24:00,628.98,628.98,628.89,628.89,-0.01,197.1,119490.03,-1
2025-10-09,2025-10-09 11:25:00,628.89,628.89,628.8,628.8,-0.01,197.1,119490.03,-1
2025-10-09,2025-10-09 11:26:00,628.8,628.8,628.7,628.7,-0.02,197.1,119490.03,-1
2025-10-09,2025-10-09 11:27:00,628.7,628.7,628.61,628.61,-0.01,197.1,119490.03,-1
2025-10-09,2025-10-09 11:28:00,628.61,628.61,628.52,628.52,-0.01,197.1,119490.03,-1
2025-10-09,2025-10-09 11:29:00,628.52,628.52,628.43,628.43,-0.01,197.1,119490.03,-1
2025-10-09,2025-10-09 11:30:00,628.43,628.43,628.33,628.33,-0.02,197.1,119490.03,-1
2025-10-09,2025-10-09 11:31:00,628.33,628.33,628.24,628.24,-0.01,197.1,119490.03,-1
2025-10-09,2025-10-09 11:32:00,628.24,628.24,628.15,628.15,-0.01,197.1,119490.03,-1
2025-10-09,2025-10-09 11:33:00,628.15,628.15,628.06,628.06,-0.01,197.1,119490.03,-1
2025-10-09,2025-10-09 11:34:00,628.06,628.06,627.96,627.96,-0.02,197.1,119490.03,-1
2025-10-09,2025-10-09 11:35:00,627.96,627.96,627.87,627.87,-0.01,197.1,119490.03,-1
2025-10-09,2025-10-09 11:36:00,627.87,627.87,627.78,627.78,-0.01,197.1,119490.03,-1
2025-10-09,2025-10-09 11:37:00,627.78,627.78,627.69,627.69,-0.01,197.1,119490.03,-1
2025-10-09,2025-10-09 11:38:00,627.69,627.69,627.59,627.59,-0.02,197.1,119490.03,-1
2025-10-09,2025-10-09 11:39:00,627.59,627.59,627.5,627.5,-0.01,197.1,119490.03,-1
2025-10-09,2025-10-09 11:40:00,627.5,627.5,627.41,627.41,-0.01,197.1,119490.03,-1
2025-10-09,2025-10-09 11:41:00,627.41,627.41,627.32,627.32,-0.01,197.1,119490.03,-1
2025-10-09,2025-10-09 11:42:00,627.32,627.32,627.22,627.22,-0.02,197.1,119490.03,-1
2025-10-09,2025-10-09 11:43:00,627.22,627.22,627.13,627.13,-0.01,197.1,119490.03,-1
2025-10-09,2025-10-09 11:44:00,627.13,627.13,627.04,627.04,-0.01,197.1,119490.03,-1
2025-10-09,2025-10-09 11:45:00,627.04,627.04,626.95,626.95,-0.01,197.1,119490.03,-1
2025-10-09,2025-10-09 11:46:00,626.95,626.95,626.85,626.85,-0.02,197.1,119490.03,-1
2025-10-09,2025-10-09 11:47:00,626.85,626.85,626.76,626.76,-0.01,197.1,119490.03,-1
2025-10-09,2025-10-09 11:48:00,626.76,626.76,626.67,626.67,-0.01,197.1,119490.03,-1
2025-10-09,2025-10-09 11:49:00,626.67,626.67,626.58,626.58,-0.01,197.1,119490.03,-1
2025-10-09,2025-10-09 11:50:00,626.58,626.58,626.48,626.48,-0.02,197.1,119490.03,-1
2025-10-09,2025-10-09 11:51:00,626.48,626.48,626.39,626.39,-0.01,197.1,119490.03,-1
2025-10-09,2025-10-09 11:52:00,626.39,626.39,626.3,626.3,-0.01,197.1,119490.03,-1
2025-10-09,2025-10-09 11:53:00,626.3,626.3,626.21,626.21,-0.01,197.1,119490.03,-1
2025-10-09,2025-10-09 11:54:00,626.21,626.21,626.11,626.11,-0.02,197.1,119490.03,-1
2025-10-09,2025-10-09 11:55:00,626.11,626.11,626.02,626.02,-0.01,197.1,119490.03,-1
2025-10-09,2025-10-09 11:56:00,626.02,626.02,625.93,625.93,-0.01,197.1,119490.03,-1
2025-10-09,2025-10-09 11:57:00,625.93,625.93,625.84,625.84,-0.01,197.1,119490.03,-1
2025-10-09,2025-10-09 11:58:00,625.84,625.84,625.74,625.74,-0.02,197.1,119490.03,-1
2025-10-09,2025-10-09 11:59:00,625.74,625.74,625.65,625.65,-0.01,197.1,119490.03,-1
2025-10-09,2025-10-09 12:00:00,625.65,625.65,625.56,625.56,-0.01,197.1,119490.03,-1
2025-10-09,2025-10-09 12:01:00,625.56,625.56,625.47,625.47,-0.01,197.1,119490.03,-1
2025-10-09,2025-10-09 12:02:00,625.47,625.47,625.37,625.37,-0.02,197.1,119490.03,-1
2025-10-09,2025-10-09 12:03:00,625.37,625.37,625.28,625.28,-0.01,197.1,119490.03,-1
2025-10-09,2025-10-09 12:04:00,625.28,625.28,625.19,625.19,-0.01,197.1,119490.03,-1
2025-10-09,2025-10-09 12:05:00,625.19,625.19,625.1,625.1,-0.01,197.1,119490.03,-1
2025-10-09,2025-10-09 12:06:00,625.1,625.1,625.0,625.0,-0.02,197.1,119490.03,-1
2025-10-09,2025-10-09 12:07:00,625.0,625.0,624.91,624.91,-0.01,197.1,119490.03,-1
2025-10-09,2025-10-09 12:08:00,624.91,624.91,624.82,624.82,-0.01,197.1,119490.03,-1
2025-10-09,2025-10-09 12:09:00,624.82,624.82,624.73,624.73,-0.01,197.1,119490.03,-1
2025-10-09,2025-10-09 12:10:00,624.73,624.73,624.63,624.63,-0.02,197.1,119490.03,-1
2025-10-09,2025-10-09 12:11:00,624.63,624.63,624.54,624.54,-0.01,197.1,119490.03,-1
2025-10-09,2025-10-09 12:12:00,624.54,624.54,624.45,624.45,-0.01,197.1,119490.03,-1
2025-10-09,2025-10-09 12:13:00,624.45,624.45,624.36,624.36,-0.01,197.1,119490.03,-1
2025-10-09,2025-10-09 12:14:00,624.36,624.36,624.26,624.26,-0.02,197.1,119490.03,-1
2025-10-09,2025-10-09 12:15:00,624.26,624.26,624.17,624.17,-0.01,197.1,119490.03,-1
2025-10-09,2025-10-09 12:16:00,624.17,624.17,624.08,624.08,-0.01,197.1,119490.03,-1
2025-10-09,2025-10-09 12:17:00,624.08,624.08,623.99,623.99,-0.01,197.1,119490.03,-1
2025-10-09,2025-10-09 12:18:00,623.99,623.99,623.89,623.89,-0.02,197.1,119490.03,-1
2025-10-09,2025-10-09 12:19:00,623.89,623.89,623.8,623.8,-0.01,197.1,119490.03,-1
2025-10-09,2025-10-09 12:20:00,623.8,623.8,623.71,623.71,-0.01,197.1,119490.03,-1
2025-10-09,2025-10-09 12:21:00,623.71,623.71,623.62,623.62,-0.01,197.1,119490.03,-1
2025-10-09,2025-10-09 12:22:00,623.62,623.62,623.52,623.52,-0.02,197.1,119490.03,-1
2025-10-09,2025-10-09 12:23:00,623.52,623.52,623.43,623.43,-0.01,197.1,119490.03,-1
2025-10-09,2025-10-09 12:24:00,623.43,623.43,623.34,623.34,-0.01,197.1,119490.03,-1
2025-10-09,2025-10-09 12:25:00,623.34,623.34,623.25,623.25,-0.01,197.1,119490.03,-1
2025-10-09,2025-10-09 12:26:00,623.25,623.25,623.15,623.15,-0.02,197.1,119490.03,-1
2025-10-09,2025-10-09 12:27:00,623.15,623.15,623.06,623.06,-0.01,197.1,119490.03,-1
2025-10-09,2025-10-09 12:28:00,623.06,623.06,622.97,622.97,-0.01,197.1,119490.03,-1
2025-10-09,2025-10-09 12:29:00,622.97,622.97,622.88,622.88,-0.01,197.1,119490.03,-1
2025-10-09,2025-10-09 12:30:00,622.88,622.88,622.78,622.78,-0.02,197.1,119490.03,-1
2025-10-09,2025-10-09 12:31:00,622.78,622.78,622.69,622.69,-0.01,197.1,119490.03,-1
2025-10-09,2025-10-09 12:32:00,622.69,622.69,622.6,622.6,-0.01,197.1,119490.03,-1
2025-10-09,2025-10-09 12:33:00,622.6,622.6,622.5,622.5,-0.02,197.1,119490.03,-1
2025-10-09,2025-10-09 12:34:00,622.5,622.5,622.41,622.41,-0.01,197.1,119490.03,-1
2025-10-09,2025-10-09 12:35:00,622.41,622.41,622.32,622.32,-0.01,197.1,119490.03,-1
2025-10-09,2025-10-09 12:36:00,622.32,622.32,622.23,622.23,-0.01,197.1,119490.03,-1
2025-10-09,2025-10-09 12:37:00,622.23,622.23,622.13,622.13,-0.02,197.1,119490.03,-1
2025-10-09,2025-10-09 12:38:00,622.13,622.13,622.04,622.04,-0.01,197.1,119490.03,-1
2025-10-09,2025-10-09 12:39:00,622.04,622.04,621.95,621.95,-0.01,197.1,119490.03,-1
2025-10-09,2025-10-09 12:40:00,621.95,621.95,621.86,621.86,-0.01,197.1,119490.03,-1
2025-10-09,2025-10-09 12:41:00,621.86,621.86,621.76,621.76,-0.02,197.1,119490.03,-1
2025-10-09,2025-10-09 12:42:00,621.76,621.76,621.67,621.67,-0.01,197.1,119490.03,-1
2025-10-09,2025-10-09 12:43:00,621.67,621.67,621.58,621.58,-0.01,197.1,119490.03,-1
2025-10-09,2025-10-09 12:44:00,621.58,621.58,621.49,621.49,-0.01,197.1,119490.03,-1
2025-10-09,2025-10-09 12:45:00,621.49,621.49,621.39,621.39,-0.02,197.1,119490.03,-1
2025-10-09,2025-10-09 12:46:00,621.39,621.39,621.3,621.3,-0.01,197.1,119490.03,-1
2025-10-09,2025-10-09 12:47:00,621.3,621.3,621.21,621.21,-0.01,197.1,119490.03,-1
2025-10-09,2025-10-09 12:48:00,621.21,621.21,621.12,621.12,-0.01,197.1,119490.03,-1
2025-10-09,2025-10-09 12:49:00,621.12,621.12,621.02,621.02,-0.02,197.1,119490.03,-1
2025-10-09,2025-10-09 12:50:00,621.02,621.02,620.93,620.93,-0.01,197.1,119490.03,-1
2025-10-09,2025-10-09 12:51:00,620.93,620.93,620.84,620.84,-0.01,197.1,119490.03,-1
2025-10-09,2025-10-09 12:52:00,620.84,620.84,620.75,620.75,-0.01,197.1,119490.03,-1
2025-10-09,2025-10-09 12:53:00,620.75,620.75,620.65,620.65,-0.02,197.1,119490.03,-1
2025-10-09,2025-10-09 12:54:00,620.65,620.65,620.56,620.56,-0.01,197.1,119490.03,-1
2025-10-09,2025-10-09 12:55:00,620.56,620.56,620.47,620.47,-0.01,197.1,119490.03,-1
2025-10-09,2025-10-09 12:56:00,620.47,620.47,620.38,620.38,-0.01,197.1,119490.03,-1
2025-10-09,2025-10-09 12:57:00,620.38,620.38,620.28,620.28,-0.02,197.1,119490.03,-1
2025-10-09,2025-10-09 12:58:00,620.28,620.28,620.19,620.19,-0.01,197.1,119490.03,-1
2025-10-09,2025-10-09 12:59:00,620.19,620.19,620.1,620.1,-0.01,197.1,119490.03,-1
2025-10-09,2025-10-09 13:00:00,620.1,667.0,579.6,620.01,-0.01,197.1,119490.03,-1
2025-10-09,2025-10-09 13:01:00,620.01,620.01,619.92,619.92,-0.01,197.1,119490.03,-1
2025-10-09,2025-10-09 13:02:00,619.92,619.92,619.82,619.82,-0.02,197.1,119490.03,-1
2025-10-09,2025-10-09 13:03:00,619.82,619.82,619.73,619.73,-0.01,197.1,119490.03,-1
2025-10-09,2025-10-09 13:04:00,619.73,619.73,619.64,619.64,-0.01,197.1,119490.03,-1
2025-10-09,2025-10-09 13:05:00,619.64,619.64,619.55,619.55,-0.01,197.1,119490.03,-1
2025-10-09,2025-10-09 13:06:00,619.55,619.55,619.45,619.45,-0.02,197.1,119490.03,-1
2025-10-09,2025-10-09 13:07:00,619.45,619.45,619.36,619.36,-0.01,197.1,119490.03,-1
2025-10-09,2025-10-09 13:08:00,619.36,619.36,619.27,619.27,-0.01,197.1,119490.03,-1
2025-10-09,2025-10-09 13:09:00,619.27,619.27,619.18,619.18,-0.01,197.1,119490.03,-1
2025-10-09,2025-10-09 13:10:00,619.18,619.18,619.08,619.08,-0.02,197.1,119490.03,-1
2025-10-09,2025-10-09 13:11:00,619.08,619.08,618.99,618.99,-0.01,197.1,119490.03,-1
2025-10-09,2025-10-09 13:12:00,618.99,618.99,618.9,618.9,-0.01,197.1,119490.03,-1
2025-10-09,2025-10-09 13:13:00,618.9,618.9,618.81,618.81,-0.01,197.1,119490.03,-1
2025-10-09,2025-10-09 13:14:00,618.81,618.81,618.71,618.71,-0.02,197.1,119490.03,-1
2025-10-09,2025-10-09 13:15:00,618.71,618.71,618.62,618.62,-0.01,197.1,119490.03,-1
2025-10-09,2025-10-09 13:16:00,618.62,618.62,618.53,618.53,-0.01,197.1,119490.03,-1
2025-10-09,2025-10-09 13:17:00,618.53,618.53,618.44,618.44,-0.01,197.1,119490.03,-1
2025-10-09,2025-10-09 13:18:00,618.44,618.44,618.34,618.34,-0.02,197.1,119490.03,-1
2025-10-09,2025-10-09 13:19:00,618.34,618.34,618.25,618.25,-0.01,197.1,119490.03,-1
2025-10-09,2025-10-09 13:20:00,618.25,618.25,618.16,618.16,-0.01,197.1,119490.03,-1
2025-10-09,2025-10-09 13:21:00,618.16,618.16,618.07,618.07,-0.01,197.1,119490.03,-1
2025-10-09,2025-10-09 13:22:00,618.07,618.07,617.97,617.97,-0.02,197.1,119490.03,-1
2025-10-09,2025-10-09 13:23:00,617.97,617.97,617.88,617.88,-0.01,197.1,119490.03,-1
2025-10-09,2025-10-09 13:24:00,617.88,617.88,617.79,617.79,-0.01,197.1,119490.03,-1
2025-10-09,2025-10-09 13:25:00,617.79,617.79,617.7,617.7,-0.01,197.1,119490.03,-1
2025-10-09,2025-10-09 13:26:00,617.7,617.7,617.6,617.6,-0.02,197.1,119490.03,-1
2025-10-09,2025-10-09 13:27:00,617.6,617.6,617.51,617.51,-0.01,197.1,119490.03,-1
2025-10-09,2025-10-09 13:28:00,617.51,617.51,617.42,617.42,-0.01,197.1,119490.03,-1
2025-10-09,2025-10-09 13:29:00,617.42,617.42,617.33,617.33,-0.01,197.1,119490.03,-1
2025-10-09,2025-10-09 13:30:00,617.33,617.33,617.23,617.23,-0.02,197.1,119490.03,-1
2025-10-09,2025-10-09 13:31:00,617.23,617.23,617.14,617.14,-0.01,197.1,119490.03,-1
2025-10-09,2025-10-09 13:32:00,617.14,617.14,617.05,617.05,-0.01,197.1,119490.03,-1
2025-10-09,2025-10-09 13:33:00,617.05,617.05,616.96,616.96,-0.01,197.1,119490.03,-1
2025-10-09,2025-10-09 13:34:00,616.96,616.96,616.86,616.86,-0.02,197.1,119490.03,-1
2025-10-09,2025-10-09 13:35:00,616.86,616.86,616.77,616.77,-0.01,197.1,119490.03,-1
2025-10-09,2025-10-09 13:36:00,616.77,616.77,616.68,616.68,-0.01,197.1,119490.03,-1
2025-10-09,2025-10-09 13:37:00,616.68,616.68,616.59,616.59,-0.01,197.1,119490.03,-1
2025-10-09,2025-10-09 13:38:00,616.59,616.59,616.49,616.49,-0.02,197.1,119490.03,-1
2025-10-09,2025-10-09 13:39:00,616.49,616.49,616.4,616.4,-0.01,197.1,119490.03,-1
2025-10-09,2025-10-09 13:40:00,616.4,616.4,616.31,616.31,-0.01,197.1,119490.03,-1
2025-10-09,2025-10-09 13:41:00,616.31,616.31,616.22,616.22,-0.01,197.1,119490.03,-1
2025-10-09,2025-10-09 13:42:00,616.22,616.22,616.12,616.12,-0.02,197.1,119490.03,-1
2025-10-09,2025-10-09 13:43:00,616.12,616.12,616.03,616.03,-0.01,197.1,119490.03,-1
2025-10-09,2025-10-09 13:44:00,616.03,616.03,615.94,615.94,-0.01,197.1,119490.03,-1
2025-10-09,2025-10-09 13:45:00,615.94,615.94,615.85,615.85,-0.01,197.1,119490.03,-1
2025-10-09,2025-10-09 13:46:00,615.85,615.85,615.75,615.75,-0.02,197.1,119490.03,-1
2025-10-09,2025-10-09 13:47:00,615.75,615.75,615.66,615.66,-0.01,197.1,119490.03,-1
2025-10-09,2025-10-09 13:48:00,615.66,615.66,615.57,615.57,-0.01,197.1,119490.03,-1
2025-10-09,2025-10-09 13:49:00,615.57,615.57,615.48,615.48,-0.01,197.1,119490.03,-1
2025-10-09,2025-10-09 13:50:00,615.48,615.48,615.38,615.38,-0.02,197.1,119490.03,-1
2025-10-09,2025-10-09 13:51:00,615.38,615.38,615.29,615.29,-0.01,197.1,119490.03,-1
2025-10-09,2025-10-09 13:52:00,615.29,615.29,615.2,615.2,-0.01,197.1,119490.03,-1
2025-10-09,2025-10-09 13:53:00,615.2,615.2,615.11,615.11,-0.01,197.1,119490.03,-1
2025-10-09,2025-10-09 13:54:00,615.11,615.11,615.01,615.01,-0.02,197.1,119490.03,-1
2025-10-09,2025-10-09 13:55:00,615.01,615.01,614.92,614.92,-0.01,197.1,119490.03,-1
2025-10-09,2025-10-09 13:56:00,614.92,614.92,614.83,614.83,-0.01,197.1,119490.03,-1
2025-10-09,2025-10-09 13:57:00,614.83,614.83,614.74,614.74,-0.01,197.1,119490.03,-1
2025-10-09,2025-10-09 13:58:00,614.74,614.74,614.64,614.64,-0.02,197.1,119490.03,-1
2025-10-09,2025-10-09 13:59:00,614.64,614.64,614.55,614.55,-0.01,197.1,119490.03,-1
2025-10-09,2025-10-09 14:00:00,614.55,614.55,614.46,614.46,-0.01,197.1,119490.03,-1
2025-10-09,2025-10-09 14:01:00,614.46,614.46,614.37,614.37,-0.01,197.1,119490.03,-1
2025-10-09,2025-10-09 14:02:00,614.37,614.37,614.27,614.27,-0.02,197.1,119490.03,-1
2025-10-09,2025-10-09 14:03:00,614.27,614.27,614.18,614.18,-0.01,197.1,119490.03,-1
2025-10-09,2025-10-09 14:04:00,614.18,614.18,614.09,614.09,-0.01,197.1,119490.03,-1
2025-10-09,2025-10-09 14:05:00,614.09,614.09,614.0,614.0,-0.01,197.1,119490.03,-1
2025-10-09,2025-10-09 14:06:00,614.0,614.0,613.9,613.9,-0.02,197.1,119490.03,-1
2025-10-09,2025-10-09 14:07:00,613.9,613.9,613.81,613.81,-0.01,197.1,119490.03,-1
2025-10-09,2025-10-09 14:08:00,613.81,613.81,613.72,613.72,-0.01,197.1,119490.03,-1
2025-10-09,2025-10-09 14:09:00,613.72,613.72,613.62,613.62,-0.02,197.1,119490.03,-1
2025-10-09,2025-10-09 14:10:00,613.62,613.62,613.53,613.53,-0.01,197.1,119490.03,-1
2025-10-09,2025-10-09 14:11:00,613.53,613.53,613.44,613.44,-0.01,197.1,119490.03,-1
2025-10-09,2025-10-09 14:12:00,613.44,613.44,613.35,613.35,-0.01,197.1,119490.03,-1
2025-10-09,2025-10-09 14:13:00,613.35,613.35,613.25,613.25,-0.02,197.1,119490.03,-1
2025-10-09,2025-10-09 14:14:00,613.25,613.25,613.16,613.16,-0.01,197.1,119490.03,-1
2025-10-09,2025-10-09 14:15:00,613.16,613.16,613.07,613.07,-0.01,197.1,119490.03,-1
2025-10-09,2025-10-09 14:16:00,613.07,613.07,612.98,612.98,-0.01,197.1,119490.03,-1
2025-10-09,2025-10-09 14:17:00,612.98,612.98,612.88,612.88,-0.02,197.1,119490.03,-1
2025-10-09,2025-10-09 14:18:00,612.88,612.88,612.79,612.79,-0.01,197.1,119490.03,-1
2025-10-09,2025-10-09 14:19:00,612.79,612.79,612.7,612.7,-0.01,197.1,119490.03,-1
2025-10-09,2025-10-09 14:20:00,612.7,612.7,612.61,612.61,-0.01,197.1,119490.03,-1
2025-10-09,2025-10-09 14:21:00,612.61,612.61,612.51,612.51,-0.02,197.1,119490.03,-1
2025-10-09,2025-10-09 14:22:00,612.51,612.51,612.42,612.42,-0.01,197.1,119490.03,-1
2025-10-09,2025-10-09 14:23:00,612.42,612.42,612.33,612.33,-0.01,197.1,119490.03,-1
2025-10-09,2025-10-09 14:24:00,612.33,612.33,612.24,612.24,-0.01,197.1,119490.03,-1
2025-10-09,2025-10-09 14:25:00,612.24,612.24,612.14,612.14,-0.02,197.1,119490.03,-1
2025-10-09,2025-10-09 14:26:00,612.14,612.14,612.05,612.05,-0.01,197.1,119490.03,-1
2025-10-09,2025-10-09 14:27:00,612.05,612.05,611.96,611.96,-0.01,197.1,119490.03,-1
2025-10-09,2025-10-09 14:28:00,611.96,611.96,611.87,611.87,-0.01,197.1,119490.03,-1
2025-10-09,2025-10-09 14:29:00,611.87,611.87,611.77,611.77,-0.02,197.1,119490.03,-1
2025-10-09,2025-10-09 14:30:00,611.77,611.77,611.68,611.68,-0.01,197.1,119490.03,-1
2025-10-09,2025-10-09 14:31:00,611.68,611.68,611.59,611.59,-0.01,197.1,119490.03,-1
2025-10-09,2025-10-09 14:32:00,611.59,611.59,611.5,611.5,-0.01,197.1,119490.03,-1
2025-10-09,2025-10-09 14:33:00,611.5,611.5,611.4,611.4,-0.02,197.1,119490.03,-1
2025-10-09,2025-10-09 14:34:00,611.4,611.4,611.31,611.31,-0.01,197.1,119490.03,-1
2025-10-09,2025-10-09 14:35:00,611.31,611.31,611.22,611.22,-0.01,197.1,119490.03,-1
2025-10-09,2025-10-09 14:36:00,611.22,611.22,611.13,611.13,-0.01,197.1,119490.03,-1
2025-10-09,2025-10-09 14:37:00,611.13,611.13,611.03,611.03,-0.02,197.1,119490.03,-1
2025-10-09,2025-10-09 14:38:00,611.03,611.03,610.94,610.94,-0.01,197.1,119490.03,-1
2025-10-09,2025-10-09 14:39:00,610.94,610.94,610.85,610.85,-0.01,197.1,119490.03,-1
2025-10-09,2025-10-09 14:40:00,610.85,610.85,610.76,610.76,-0.01,197.1,119490.03,-1
2025-10-09,2025-10-09 14:41:00,610.76,610.76,610.66,610.66,-0.02,197.1,119490.03,-1
2025-10-09,2025-10-09 14:42:00,610.66,610.66,610.57,610.57,-0.01,197.1,119490.03,-1
2025-10-09,2025-10-09 14:43:00,610.57,610.57,610.48,610.48,-0.01,197.1,119490.03,-1
2025-10-09,2025-10-09 14:44:00,610.48,610.48,610.39,610.39,-0.01,197.1,119490.03,-1
2025-10-09,2025-10-09 14:45:00,610.39,610.39,610.29,610.29,-0.02,197.1,119490.03,-1
2025-10-09,2025-10-09 14:46:00,610.29,610.29,610.2,610.2,-0.01,197.1,119490.03,-1
2025-10-09,2025-10-09 14:47:00,610.2,610.2,610.11,610.11,-0.01,197.1,119490.03,-1
2025-10-09,2025-10-09 14:48:00,610.11,610.11,610.02,610.02,-0.01,197.1,119490.03,-1
2025-10-09,2025-10-09 14:49:00,610.02,610.02,609.92,609.92,-0.02,197.1,119490.03,-1
2025-10-09,2025-10-09 14:50:00,609.92,609.92,609.83,609.83,-0.01,197.1,119490.03,-1
2025-10-09,2025-10-09 14:51:00,609.83,609.83,609.74,609.74,-0.01,197.1,119490.03,-1
2025-10-09,2025-10-09 14:52:00,609.74,609.74,609.65,609.65,-0.01,197.1,119490.03,-1
2025-10-09,2025-10-09 14:53:00,609.65,609.65,609.55,609.55,-0.02,197.1,119490.03,-1
2025-10-09,2025-10-09 14:54:00,609.55,609.55,609.46,609.46,-0.01,197.1,119490.03,-1
2025-10-09,2025-10-09 14:55:00,609.46,609.46,609.37,609.37,-0.01,197.1,119490.03,-1
2025-10-09,2025-10-09 14:56:00,609.37,609.37,609.28,609.28,-0.01,197.1,119490.03,-1
2025-10-09,2025-10-09 14:57:00,609.28,609.28,609.18,609.18,-0.02,197.1,119490.03,-1
2025-10-09,2025-10-09 14:58:00,609.18,609.18,609.09,609.09,-0.01,197.1,119490.03,-1
2025-10-09,2025-10-09 14:59:00,609.09,609.09,609.0,609.0,-0.01,197.1,119490.03,-1
2025-10-09,2025-10-09 15:00:00,609.0,667.0,579.6,609.0,0.0,197.1,119490.03,0
2025-10-12,2025-10-12 11:00:00,596.9,599.33,587.36,596.89,-0.0,64.27,37916.2,-1
2025-10-12,2025-10-12 11:01:00,596.89,596.89,596.88,596.88,-0.0,64.27,37916.2,-1
2025-10-12,2025-10-12 11:02:00,596.88,596.88,596.86,596.86,-0.0,64.27,37916.2,-1
2025-10-12,2025-10-12 11:03:00,596.86,596.86,596.85,596.85,-0.0,64.27,37916.2,-1
2025-10-12,2025-10-12 11:04:00,596.85,596.85,596.84,596.84,-0.0,64.27,37916.2,-1
2025-10-12,2025-10-12 11:05:00,596.84,596.84,596.83,596.83,-0.0,64.27,37916.2,-1
2025-10-12,2025-10-12 11:06:00,596.83,596.83,596.82,596.82,-0.0,64.27,37916.2,-1
2025-10-12,2025-10-12 11:07:00,596.82,596.82,596.8,596.8,-0.0,64.27,37916.2,-1
2025-10-12,2025-10-12 11:08:00,596.8,596.8,596.79,596.79,-0.0,64.27,37916.2,-1
2025-10-12,2025-10-12 11:09:00,596.79,596.79,596.78,596.78,-0.0,64.27,37916.2,-1
2025-10-12,2025-10-12 11:10:00,596.78,596.78,596.77,596.77,-0.0,64.27,37916.2,-1
2025-10-12,2025-10-12 11:11:00,596.77,596.77,596.75,596.75,-0.0,64.27,37916.2,-1
2025-10-12,2025-10-12 11:12:00,596.75,596.75,596.74,596.74,-0.0,64.27,37916.2,-1
2025-10-12,2025-10-12 11:13:00,596.74,596.74,596.73,596.73,-0.0,64.27,37916.2,-1
2025-10-12,2025-10-12 11:14:00,596.73,596.73,596.72,596.72,-0.0,64.27,37916.2,-1
2025-10-12,2025-10-12 11:15:00,596.72,596.72,596.71,596.71,-0.0,64.27,37916.2,-1
2025-10-12,2025-10-12 11:16:00,596.71,596.71,596.69,596.69,-0.0,64.27,37916.2,-1
2025-10-12,2025-10-12 11:17:00,596.69,596.69,596.68,596.68,-0.0,64.27,37916.2,-1
2025-10-12,2025-10-12 11:18:00,596.68,596.68,596.67,596.67,-0.0,64.27,37916.2,-1
2025-10-12,2025-10-12 11:19:00,596.67,596.67,596.66,596.66,-0.0,64.27,37916.2,-1
2025-10-12,2025-10-12 11:20:00,596.66,596.66,596.65,596.65,-0.0,64.27,37916.2,-1
2025-10-12,2025-10-12 11:21:00,596.65,596.65,596.63,596.63,-0.0,64.27,37916.2,-1
2025-10-12,2025-10-12 11:22:00,596.63,596.63,596.62,596.62,-0.0,64.27,37916.2,-1
2025-10-12,2025-10-12 11:23:00,596.62,596.62,596.61,596.61,-0.0,64.27,37916.2,-1
2025-10-12,2025-10-12 11:24:00,596.61,596.61,596.6,596.6,-0.0,64.27,37916.2,-1
2025-10-12,2025-10-12 11:25:00,596.6,596.6,596.59,596.59,-0.0,64.27,37916.2,-1
2025-10-12,2025-10-12 11:26:00,596.59,596.59,596.57,596.57,-0.0,64.27,37916.2,-1
2025-10-12,2025-10-12 11:27:00,596.57,596.57,596.56,596.56,-0.0,64.27,37916.2,-1
2025-10-12,2025-10-12 11:28:00,596.56,596.56,596.55,596.55,-0.0,64.27,37916.2,-1
2025-10-12,2025-10-12 11:29:00,596.55,596.55,596.54,596.54,-0.0,64.27,37916.2,-1
2025-10-12,2025-10-12 11:30:00,596.54,596.54,596.53,596.53,-0.0,64.27,37916.2,-1
2025-10-12,2025-10-12 11:31:00,596.53,596.53,596.51,596.51,-0.0,64.27,37916.2,-1
2025-10-12,2025-10-12 11:32:00,596.51,596.51,596.5,596.5,-0.0,64.27,37916.2,-1
2025-10-12,2025-10-12 11:33:00,596.5,596.5,596.49,596.49,-0.0,64.27,37916.2,-1
2025-10-12,2025-10-12 11:34:00,596.49,596.49,596.48,596.48,-0.0,64.27,37916.2,-1
2025-10-12,2025-10-12 11:35:00,596.48,596.48,596.47,596.47,-0.0,64.27,37916.2,-1
2025-10-12,2025-10-12 11:36:00,596.47,596.47,596.45,596.45,-0.0,64.27,37916.2,-1
2025-10-12,2025-10-12 11:37:00,596.45,596.45,596.44,596.44,-0.0,64.27,37916.2,-1
2025-10-12,2025-10-12 11:38:00,596.44,596.44,596.43,596.43,-0.0,64.27,37916.2,-1
2025-10-12,2025-10-12 11:39:00,596.43,596.43,596.42,596.42,-0.0,64.27,37916.2,-1
2025-10-12,2025-10-12 11:40:00,596.42,596.42,596.4,596.4,-0.0,64.27,37916.2,-1
2025-10-12,2025-10-12 11:41:00,596.4,596.4,596.39,596.39,-0.0,64.27,37916.2,-1
2025-10-12,2025-10-12 11:42:00,596.39,596.39,596.38,596.38,-0.0,64.27,37916.2,-1
2025-10-12,2025-10-12 11:43:00,596.38,596.38,596.37,596.37,-0.0,64.27,37916.2,-1
2025-10-12,2025-10-12 11:44:00,596.37,596.37,596.36,596.36,-0.0,64.27,37916.2,-1
2025-10-12,2025-10-12 11:45:00,596.36,596.36,596.34,596.34,-0.0,64.27,37916.2,-1
2025-10-12,2025-10-12 11:46:00,596.34,596.34,596.33,596.33,-0.0,64.27,37916.2,-1
2025-10-12,2025-10-12 11:47:00,596.33,596.33,596.32,596.32,-0.0,64.27,37916.2,-1
2025-10-12,2025-10-12 11:48:00,596.32,596.32,596.31,596.31,-0.0,64.27,37916.2,-1
2025-10-12,2025-10-12 11:49:00,596.31,596.31,596.3,596.3,-0.0,64.27,37916.2,-1
2025-10-12,2025-10-12 11:50:00,596.3,596.3,596.28,596.28,-0.0,64.27,37916.2,-1
2025-10-12,2025-10-12 11:51:00,596.28,596.28,596.27,596.27,-0.0,64.27,37916.2,-1
2025-10-12,2025-10-12 11:52:00,596.27,596.27,596.26,596.26,-0.0,64.27,37916.2,-1
2025-10-12,2025-10-12 11:53:00,596.26,596.26,596.25,596.25,-0.0,64.27,37916.2,-1
2025-10-12,2025-10-12 11:54:00,596.25,596.25,596.24,596.24,-0.0,64.27,37916.2,-1
2025-10-12,2025-10-12 11:55:00,596.24,596.24,596.22,596.22,-0.0,64.27,37916.2,-1
2025-10-12,2025-10-12 11:56:00,596.22,596.22,596.21,596.21,-0.0,64.27,37916.2,-1
2025-10-12,2025-10-12 11:57:00,596.21,596.21,596.2,596.2,-0.0,64.27,37916.2,-1
2025-10-12,2025-10-12 11:58:00,596.2,596.2,596.19,596.19,-0.0,64.27,37916.2,-1
2025-10-12,2025-10-12 11:59:00,596.19,596.19,596.17,596.17,-0.0,64.27,37916.2,-1
2025-10-12,2025-10-12 12:00:00,596.17,596.17,596.16,596.16,-0.0,64.27,37916.2,-1
2025-10-12,2025-10-12 12:01:00,596.16,596.16,596.15,596.15,-0.0,64.27,37916.2,-1
2025-10-12,2025-10-12 12:02:00,596.15,596.15,596.14,596.14,-0.0,64.27,37916.2,-1
2025-10-12,2025-10-12 12:03:00,596.14,596.14,596.13,596.13,-0.0,64.27,37916.2,-1
2025-10-12,2025-10-12 12:04:00,596.13,596.13,596.11,596.11,-0.0,64.27,37916.2,-1
2025-10-12,2025-10-12 12:05:00,596.11,596.11,596.1,596.1,-0.0,64.27,37916.2,-1
2025-10-12,2025-10-12 12:06:00,596.1,596.1,596.09,596.09,-0.0,64.27,37916.2,-1
2025-10-12,2025-10-12 12:07:00,596.09,596.09,596.08,596.08,-0.0,64.27,37916.2,-1
2025-10-12,2025-10-12 12:08:00,596.08,596.08,596.07,596.07,-0.0,64.27,37916.2,-1
2025-10-12,2025-10-12 12:09:00,596.07,596.07,596.05,596.05,-0.0,64.27,37916.2,-1
2025-10-12,2025-10-12 12:10:00,596.05,596.05,596.04,596.04,-0.0,64.27,37916.2,-1
2025-10-12,2025-10-12 12:11:00,596.04,596.04,596.03,596.03,-0.0,64.27,37916.2,-1
2025-10-12,2025-10-12 12:12:00,596.03,596.03,596.02,596.02,-0.0,64.27,37916.2,-1
2025-10-12,2025-10-12 12:13:00,596.02,596.02,596.01,596.01,-0.0,64.27,37916.2,-1
2025-10-12,2025-10-12 12:14:00,596.01,596.01,595.99,595.99,-0.0,64.27,37916.2,-1
2025-10-12,2025-10-12 12:15:00,595.99,595.99,595.98,595.98,-0.0,64.27,37916.2,-1
2025-10-12,2025-10-12 12:16:00,595.98,595.98,595.97,595.97,-0.0,64.27,37916.2,-1
2025-10-12,2025-10-12 12:17:00,595.97,595.97,595.96,595.96,-0.0,64.27,37916.2,-1
2025-10-12,2025-10-12 12:18:00,595.96,595.96,595.95,595.95,-0.0,64.27,37916.2,-1
2025-10-12,2025-10-12 12:19:00,595.95,595.95,595.93,595.93,-0.0,64.27,37916.2,-1
2025-10-12,2025-10-12 12:20:00,595.93,595.93,595.92,595.92,-0.0,64.27,37916.2,-1
2025-10-12,2025-10-12 12:21:00,595.92,595.92,595.91,595.91,-0.0,64.27,37916.2,-1
2025-10-12,2025-10-12 12:22:00,595.91,595.91,595.9,595.9,-0.0,64.27,37916.2,-1
2025-10-12,2025-10-12 12:23:00,595.9,595.9,595.88,595.88,-0.0,64.27,37916.2,-1
2025-10-12,2025-10-12 12:24:00,595.88,595.88,595.87,595.87,-0.0,64.27,37916.2,-1
2025-10-12,2025-10-12 12:25:00,595.87,595.87,595.86,595.86,-0.0,64.27,37916.2,-1
2025-10-12,2025-10-12 12:26:00,595.86,595.86,595.85,595.85,-0.0,64.27,37916.2,-1
2025-10-12,2025-10-12 12:27:00,595.85,595.85,595.84,595.84,-0.0,64.27,37916.2,-1
2025-10-12,2025-10-12 12:28:00,595.84,595.84,595.82,595.82,-0.0,64.27,37916.2,-1
2025-10-12,2025-10-12 12:29:00,595.82,595.82,595.81,595.81,-0.0,64.27,37916.2,-1
2025-10-12,2025-10-12 12:30:00,595.81,595.81,595.8,595.8,-0.0,64.27,37916.2,-1
2025-10-12,2025-10-12 12:31:00,595.8,595.8,595.79,595.79,-0.0,64.27,37916.2,-1
2025-10-12,2025-10-12 12:32:00,595.79,595.79,595.78,595.78,-0.0,64.27,37916.2,-1
2025-10-12,2025-10-12 12:33:00,595.78,595.78,595.76,595.76,-0.0,64.27,37916.2,-1
2025-10-12,2025-10-12 12:34:00,595.76,595.76,595.75,595.75,-0.0,64.27,37916.2,-1
2025-10-12,2025-10-12 12:35:00,595.75,595.75,595.74,595.74,-0.0,64.27,37916.2,-1
2025-10-12,2025-10-12 12:36:00,595.74,595.74,595.73,595.73,-0.0,64.27,37916.2,-1
2025-10-12,2025-10-12 12:37:00,595.73,595.73,595.72,595.72,-0.0,64.27,37916.2,-1
2025-10-12,2025-10-12 12:38:00,595.72,595.72,595.7,595.7,-0.0,64.27,37916.2,-1
2025-10-12,2025-10-12 12:39:00,595.7,595.7,595.69,595.69,-0.0,64.27,37916.2,-1
2025-10-12,2025-10-12 12:40:00,595.69,595.69,595.68,595.68,-0.0,64.27,37916.2,-1
2025-10-12,2025-10-12 12:41:00,595.68,595.68,595.67,595.67,-0.0,64.27,37916.2,-1
2025-10-12,2025-10-12 12:42:00,595.67,595.67,595.66,595.66,-0.0,64.27,37916.2,-1
2025-10-12,2025-10-12 12:43:00,595.66,595.66,595.64,595.64,-0.0,64.27,37916.2,-1
2025-10-12,2025-10-12 12:44:00,595.64,595.64,595.63,595.63,-0.0,64.27,37916.2,-1
2025-10-12,2025-10-12 12:45:00,595.63,595.63,595.62,595.62,-0.0,64.27,37916.2,-1
2025-10-12,2025-10-12 12:46:00,595.62,595.62,595.61,595.61,-0.0,64.27,37916.2,-1
2025-10-12,2025-10-12 12:47:00,595.61,595.61,595.6,595.6,-0.0,64.27,37916.2,-1
2025-10-12,2025-10-12 12:48:00,595.6,595.6,595.58,595.58,-0.0,64.27,37916.2,-1
2025-10-12,2025-10-12 12:49:00,595.58,595.58,595.57,595.57,-0.0,64.27,37916.2,-1
2025-10-12,2025-10-12 12:50:00,595.57,595.57,595.56,595.56,-0.0,64.27,37916.2,-1
2025-10-12,2025-10-12 12:51:00,595.56,595.56,595.55,595.55,-0.0,64.27,37916.2,-1
2025-10-12,2025-10-12 12:52:00,595.55,595.55,595.53,595.53,-0.0,64.27,37916.2,-1
2025-10-12,2025-10-12 12:53:00,595.53,595.53,595.52,595.52,-0.0,64.27,37916.2,-1
2025-10-12,2025-10-12 12:54:00,595.52,595.52,595.51,595.51,-0.0,64.27,37916.2,-1
2025-10-12,2025-10-12 12:55:00,595.51,595.51,595.5,595.5,-0.0,64.27,37916.2,-1
2025-10-12,2025-10-12 12:56:00,595.5,595.5,595.49,595.49,-0.0,64.27,37916.2,-1
2025-10-12,2025-10-12 12:57:00,595.49,595.49,595.47,595.47,-0.0,64.27,37916.2,-1
2025-10-12,2025-10-12 12:58:00,595.47,595.47,595.46,595.46,-0.0,64.27,37916.2,-1
2025-10-12,2025-10-12 12:59:00,595.46,595.46,595.45,595.45,-0.0,64.27,37916.2,-1
2025-10-12,2025-10-12 13:00:00,595.45,605.0,565.1,595.44,-0.0,64.27,37916.2,-1
2025-10-12,2025-10-12 13:01:00,595.44,595.44,595.43,595.43,-0.0,64.27,37916.2,-1
2025-10-12,2025-10-12 13:02:00,595.43,595.43,595.41,595.41,-0.0,64.27,37916.2,-1
2025-10-12,2025-10-12 13:03:00,595.41,595.41,595.4,595.4,-0.0,64.27,37916.2,-1
2025-10-12,2025-10-12 13:04:00,595.4,595.4,595.39,595.39,-0.0,64.27,37916.2,-1
2025-10-12,2025-10-12 13:05:00,595.39,595.39,595.38,595.38,-0.0,64.27,37916.2,-1
2025-10-12,2025-10-12 13:06:00,595.38,595.38,595.37,595.37,-0.0,64.27,37916.2,-1
2025-10-12,2025-10-12 13:07:00,595.37,595.37,595.35,595.35,-0.0,64.27,37916.2,-1
2025-10-12,2025-10-12 13:08:00,595.35,595.35,595.34,595.34,-0.0,64.27,37916.2,-1
2025-10-12,2025-10-12 13:09:00,595.34,595.34,595.33,595.33,-0.0,64.27,37916.2,-1
2025-10-12,2025-10-12 13:10:00,595.33,595.33,595.32,595.32,-0.0,64.27,37916.2,-1
2025-10-12,2025-10-12 13:11:00,595.32,595.32,595.3,595.3,-0.0,64.27,37916.2,-1
2025-10-12,2025-10-12 13:12:00,595.3,595.3,595.29,595.29,-0.0,64.27,37916.2,-1
2025-10-12,2025-10-12 13:13:00,595.29,595.29,595.28,595.28,-0.0,64.27,37916.2,-1
2025-10-12,2025-10-12 13:14:00,595.28,595.28,595.27,595.27,-0.0,64.27,37916.2,-1
2025-10-12,2025-10-12 13:15:00,595.27,595.27,595.26,595.26,-0.0,64.27,37916.2,-1
2025-10-12,2025-10-12 13:16:00,595.26,595.26,595.24,595.24,-0.0,64.27,37916.2,-1
2025-10-12,2025-10-12 13:17:00,595.24,595.24,595.23,595.23,-0.0,64.27,37916.2,-1
2025-10-12,2025-10-12 13:18:00,595.23,595.23,595.22,595.22,-0.0,64.27,37916.2,-1
2025-10-12,2025-10-12 13:19:00,595.22,595.22,595.21,595.21,-0.0,64.27,37916.2,-1
2025-10-12,2025-10-12 13:20:00,595.21,595.21,595.2,595.2,-0.0,64.27,37916.2,-1
2025-10-12,2025-10-12 13:21:00,595.2,595.2,595.18,595.18,-0.0,64.27,37916.2,-1
2025-10-12,2025-10-12 13:22:00,595.18,595.18,595.17,595.17,-0.0,64.27,37916.2,-1
2025-10-12,2025-10-12 13:23:00,595.17,595.17,595.16,595.16,-0.0,64.27,37916.2,-1
2025-10-12,2025-10-12 13:24:00,595.16,595.16,595.15,595.15,-0.0,64.27,37916.2,-1
2025-10-12,2025-10-12 13:25:00,595.15,595.15,595.14,595.14,-0.0,64.27,37916.2,-1
2025-10-12,2025-10-12 13:26:00,595.14,595.14,595.12,595.12,-0.0,64.27,37916.2,-1
2025-10-12,2025-10-12 13:27:00,595.12,595.12,595.11,595.11,-0.0,64.27,37916.2,-1
2025-10-12,2025-10-12 13:28:00,595.11,595.11,595.1,595.1,-0.0,64.27,37916.2,-1
2025-10-12,2025-10-12 13:29:00,595.1,595.1,595.09,595.09,-0.0,64.27,37916.2,-1
2025-10-12,2025-10-12 13:30:00,595.09,595.09,595.08,595.08,-0.0,64.27,37916.2,-1
2025-10-12,2025-10-12 13:31:00,595.08,595.08,595.06,595.06,-0.0,64.27,37916.2,-1
2025-10-12,2025-10-12 13:32:00,595.06,595.06,595.05,595.05,-0.0,64.27,37916.2,-1
2025-10-12,2025-10-12 13:33:00,595.05,595.05,595.04,595.04,-0.0,64.27,37916.2,-1
2025-10-12,2025-10-12 13:34:00,595.04,595.04,595.03,595.03,-0.0,64.27,37916.2,-1
2025-10-12,2025-10-12 13:35:00,595.03,595.03,595.01,595.01,-0.0,64.27,37916.2,-1
2025-10-12,2025-10-12 13:36:00,595.01,595.01,595.0,595.0,-0.0,64.27,37916.2,-1
2025-10-12,2025-10-12 13:37:00,595.0,595.0,594.99,594.99,-0.0,64.27,37916.2,-1
2025-10-12,2025-10-12 13:38:00,594.99,594.99,594.98,594.98,-0.0,64.27,37916.2,-1
2025-10-12,2025-10-12 13:39:00,594.98,594.98,594.97,594.97,-0.0,64.27,37916.2,-1
2025-10-12,2025-10-12 13:40:00,594.97,594.97,594.95,594.95,-0.0,64.27,37916.2,-1
2025-10-12,2025-10-12 13:41:00,594.95,594.95,594.94,594.94,-0.0,64.27,37916.2,-1
2025-10-12,2025-10-12 13:42:00,594.94,594.94,594.93,594.93,-0.0,64.27,37916.2,-1
2025-10-12,2025-10-12 13:43:00,594.93,594.93,594.92,594.92,-0.0,64.27,37916.2,-1
2025-10-12,2025-10-12 13:44:00,594.92,594.92,594.91,594.91,-0.0,64.27,37916.2,-1
2025-10-12,2025-10-12 13:45:00,594.91,594.91,594.89,594.89,-0.0,64.27,37916.2,-1
2025-10-12,2025-10-12 13:46:00,594.89,594.89,594.88,594.88,-0.0,64.27,37916.2,-1
2025-10-12,2025-10-12 13:47:00,594.88,594.88,594.87,594.87,-0.0,64.27,37916.2,-1
2025-10-12,2025-10-12 13:48:00,594.87,594.87,594.86,594.86,-0.0,64.27,37916.2,-1
2025-10-12,2025-10-12 13:49:00,594.86,594.86,594.85,594.85,-0.0,64.27,37916.2,-1
2025-10-12,2025-10-12 13:50:00,594.85,594.85,594.83,594.83,-0.0,64.27,37916.2,-1
2025-10-12,2025-10-12 13:51:00,594.83,594.83,594.82,594.82,-0.0,64.27,37916.2,-1
2025-10-12,2025-10-12 13:52:00,594.82,594.82,594.81,594.81,-0.0,64.27,37916.2,-1
2025-10-12,2025-10-12 13:53:00,594.81,594.81,594.8,594.8,-0.0,64.27,37916.2,-1
2025-10-12,2025-10-12 13:54:00,594.8,594.8,594.79,594.79,-0.0,64.27,37916.2,-1
2025-10-12,2025-10-12 13:55:00,594.79,594.79,594.77,594.77,-0.0,64.27,37916.2,-1
2025-10-12,2025-10-12 13:56:00,594.77,594.77,594.76,594.76,-0.0,64.27,37916.2,-1
2025-10-12,2025-10-12 13:57:00,594.76,594.76,594.75,594.75,-0.0,64.27,37916.2,-1
2025-10-12,2025-10-12 13:58:00,594.75,594.75,594.74,594.74,-0.0,64.27,37916.2,-1
2025-10-12,2025-10-12 13:59:00,594.74,594.74,594.73,594.73,-0.0,64.27,37916.2,-1
2025-10-12,2025-10-12 14:00:00,594.73,594.73,594.71,594.71,-0.0,64.27,37916.2,-1
2025-10-12,2025-10-12 14:01:00,594.71,594.71,594.7,594.7,-0.0,64.27,37916.2,-1
2025-10-12,2025-10-12 14:02:00,594.7,594.7,594.69,594.69,-0.0,64.27,37916.2,-1
2025-10-12,2025-10-12 14:03:00,594.69,594.69,594.68,594.68,-0.0,64.27,37916.2,-1
2025-10-12,2025-10-12 14:04:00,594.68,594.68,594.66,594.66,-0.0,64.27,37916.2,-1
2025-10-12,2025-10-12 14:05:00,594.66,594.66,594.65,594.65,-0.0,64.27,37916.2,-1
2025-10-12,2025-10-12 14:06:00,594.65,594.65,594.64,594.64,-0.0,64.27,37916.2,-1
2025-10-12,2025-10-12 14:07:00,594.64,594.64,594.63,594.63,-0.0,64.27,37916.2,-1
2025-10-12,2025-10-12 14:08:00,594.63,594.63,594.62,594.62,-0.0,64.27,37916.2,-1
2025-10-12,2025-10-12 14:09:00,594.62,594.62,594.6,594.6,-0.0,64.27,37916.2,-1
2025-10-12,2025-10-12 14:10:00,594.6,594.6,594.59,594.59,-0.0,64.27,37916.2,-1
2025-10-12,2025-10-12 14:11:00,594.59,594.59,594.58,594.58,-0.0,64.27,37916.2,-1
2025-10-12,2025-10-12 14:12:00,594.58,594.58,594.57,594.57,-0.0,64.27,37916.2,-1
2025-10-12,2025-10-12 14:13:00,594.57,594.57,594.56,594.56,-0.0,64.27,37916.2,-1
2025-10-12,2025-10-12 14:14:00,594.56,594.56,594.54,594.54,-0.0,64.27,37916.2,-1
2025-10-12,2025-10-12 14:15:00,594.54,594.54,594.53,594.53,-0.0,64.27,37916.2,-1
2025-10-12,2025-10-12 14:16:00,594.53,594.53,594.52,594.52,-0.0,64.27,37916.2,-1
2025-10-12,2025-10-12 14:17:00,594.52,594.52,594.51,594.51,-0.0,64.27,37916.2,-1
2025-10-12,2025-10-12 14:18:00,594.51,594.51,594.5,594.5,-0.0,64.27,37916.2,-1
2025-10-12,2025-10-12 14:19:00,594.5,594.5,594.48,594.48,-0.0,64.27,37916.2,-1
2025-10-12,2025-10-12 14:20:00,594.48,594.48,594.47,594.47,-0.0,64.27,37916.2,-1
2025-10-12,2025-10-12 14:21:00,594.47,594.47,594.46,594.46,-0.0,64.27,37916.2,-1
2025-10-12,2025-10-12 14:22:00,594.46,594.46,594.45,594.45,-0.0,64.27,37916.2,-1
2025-10-12,2025-10-12 14:23:00,594.45,594.45,594.43,594.43,-0.0,64.27,37916.2,-1
2025-10-12,2025-10-12 14:24:00,594.43,594.43,594.42,594.42,-0.0,64.27,37916.2,-1
2025-10-12,2025-10-12 14:25:00,594.42,594.42,594.41,594.41,-0.0,64.27,37916.2,-1
2025-10-12,2025-10-12 14:26:00,594.41,594.41,594.4,594.4,-0.0,64.27,37916.2,-1
2025-10-12,2025-10-12 14:27:00,594.4,594.4,594.39,594.39,-0.0,64.27,37916.2,-1
2025-10-12,2025-10-12 14:28:00,594.39,594.39,594.37,594.37,-0.0,64.27,37916.2,-1
2025-10-12,2025-10-12 14:29:00,594.37,594.37,594.36,594.36,-0.0,64.27,37916.2,-1
2025-10-12,2025-10-12 14:30:00,594.36,594.36,594.35,594.35,-0.0,64.27,37916.2,-1
2025-10-12,2025-10-12 14:31:00,594.35,594.35,594.34,594.34,-0.0,64.27,37916.2,-1
2025-10-12,2025-10-12 14:32:00,594.34,594.34,594.33,594.33,-0.0,64.27,37916.2,-1
2025-10-12,2025-10-12 14:33:00,594.33,594.33,594.31,594.31,-0.0,64.27,37916.2,-1
2025-10-12,2025-10-12 14:34:00,594.31,594.31,594.3,594.3,-0.0,64.27,37916.2,-1
2025-10-12,2025-10-12 14:35:00,594.3,594.3,594.29,594.29,-0.0,64.27,37916.2,-1
2025-10-12,2025-10-12 14:36:00,594.29,594.29,594.28,594.28,-0.0,64.27,37916.2,-1
2025-10-12,2025-10-12 14:37:00,594.28,594.28,594.27,594.27,-0.0,64.27,37916.2,-1
2025-10-12,2025-10-12 14:38:00,594.27,594.27,594.25,594.25,-0.0,64.27,37916.2,-1
2025-10-12,2025-10-12 14:39:00,594.25,594.25,594.24,594.24,-0.0,64.27,37916.2,-1
2025-10-12,2025-10-12 14:40:00,594.24,594.24,594.23,594.23,-0.0,64.27,37916.2,-1
2025-10-12,2025-10-12 14:41:00,594.23,594.23,594.22,594.22,-0.0,64.27,37916.2,-1
2025-10-12,2025-10-12 14:42:00,594.22,594.22,594.21,594.21,-0.0,64.27,37916.2,-1
2025-10-12,2025-10-12 14:43:00,594.21,594.21,594.19,594.19,-0.0,64.27,37916.2,-1
2025-10-12,2025-10-12 14:44:00,594.19,594.19,594.18,594.18,-0.0,64.27,37916.2,-1
2025-10-12,2025-10-12 14:45:00,594.18,594.18,594.17,594.17,-0.0,64.27,37916.2,-1
2025-10-12,2025-10-12 14:46:00,594.17,594.17,594.16,594.16,-0.0,64.27,37916.2,-1
2025-10-12,2025-10-12 14:47:00,594.16,594.16,594.14,594.14,-0.0,64.27,37916.2,-1
2025-10-12,2025-10-12 14:48:00,594.14,594.14,594.13,594.13,-0.0,64.27,37916.2,-1
2025-10-12,2025-10-12 14:49:00,594.13,594.13,594.12,594.12,-0.0,64.27,37916.2,-1
2025-10-12,2025-10-12 14:50:00,594.12,594.12,594.11,594.11,-0.0,64.27,37916.2,-1
2025-10-12,2025-10-12 14:51:00,594.11,594.11,594.1,594.1,-0.0,64.27,37916.2,-1
2025-10-12,2025-10-12 14:52:00,594.1,594.1,594.08,594.08,-0.0,64.27,37916.2,-1
2025-10-12,2025-10-12 14:53:00,594.08,594.08,594.07,594.07,-0.0,64.27,37916.2,-1
2025-10-12,2025-10-12 14:54:00,594.07,594.07,594.06,594.06,-0.0,64.27,37916.2,-1
2025-10-12,2025-10-12 14:55:00,594.06,594.06,594.05,594.05,-0.0,64.27,37916.2,-1
2025-10-12,2025-10-12 14:56:00,594.05,594.05,594.04,594.04,-0.0,64.27,37916.2,-1
2025-10-12,2025-10-12 14:57:00,594.04,594.04,594.02,594.02,-0.0,64.27,37916.2,-1
2025-10-12,2025-10-12 14:58:00,594.02,594.02,594.01,594.01,-0.0,64.27,37916.2,-1
2025-10-12,2025-10-12 14:59:00,594.01,594.01,594.0,594.0,-0.0,64.27,37916.2,-1
2025-10-12,2025-10-12 15:00:00,594.0,605.0,565.1,594.0,0.0,64.27,37916.2,0
2025-10-13,2025-10-13 11:00:00,582.2,589.64,578.54,582.29,0.02,63.23,37330.4,1
2025-10-13,2025-10-13 11:01:00,582.29,582.38,582.29,582.38,0.02,63.23,37330.4,1
2025-10-13,2025-10-13 11:02:00,582.38,582.47,582.38,582.47,0.02,63.23,37330.4,1
2025-10-13,2025-10-13 11:03:00,582.47,582.56,582.47,582.56,0.02,63.23,37330.4,1
2025-10-13,2025-10-13 11:04:00,582.56,582.65,582.56,582.65,0.02,63.23,37330.4,1
2025-10-13,2025-10-13 11:05:00,582.65,582.75,582.65,582.75,0.02,63.23,37330.4,1
2025-10-13,2025-10-13 11:06:00,582.75,582.84,582.75,582.84,0.02,63.23,37330.4,1
2025-10-13,2025-10-13 11:07:00,582.84,582.93,582.84,582.93,0.02,63.23,37330.4,1
2025-10-13,2025-10-13 11:08:00,582.93,583.02,582.93,583.02,0.02,63.23,37330.4,1
2025-10-13,2025-10-13 11:09:00,583.02,583.11,583.02,583.11,0.02,63.23,37330.4,1
2025-10-13,2025-10-13 11:10:00,583.11,583.2,583.11,583.2,0.02,63.23,37330.4,1
2025-10-13,2025-10-13 11:11:00,583.2,583.29,583.2,583.29,0.02,63.23,37330.4,1
2025-10-13,2025-10-13 11:12:00,583.29,583.38,583.29,583.38,0.02,63.23,37330.4,1
2025-10-13,2025-10-13 11:13:00,583.38,583.47,583.38,583.47,0.02,63.23,37330.4,1
2025-10-13,2025-10-13 11:14:00,583.47,583.56,583.47,583.56,0.02,63.23,37330.4,1
2025-10-13,2025-10-13 11:15:00,583.56,583.65,583.56,583.65,0.02,63.23,37330.4,1
2025-10-13,2025-10-13 11:16:00,583.65,583.74,583.65,583.74,0.02,63.23,37330.4,1
2025-10-13,2025-10-13 11:17:00,583.74,583.84,583.74,583.84,0.02,63.23,37330.4,1
2025-10-13,2025-10-13 11:18:00,583.84,583.93,583.84,583.93,0.02,63.23,37330.4,1
2025-10-13,2025-10-13 11:19:00,583.93,584.02,583.93,584.02,0.02,63.23,37330.4,1
2025-10-13,2025-10-13 11:20:00,584.02,584.11,584.02,584.11,0.02,63.23,37330.4,1
2025-10-13,2025-10-13 11:21:00,584.11,584.2,584.11,584.2,0.02,63.23,37330.4,1
2025-10-13,2025-10-13 11:22:00,584.2,584.29,584.2,584.29,0.02,63.23,37330.4,1
2025-10-13,2025-10-13 11:23:00,584.29,584.38,584.29,584.38,0.02,63.23,37330.4,1
2025-10-13,2025-10-13 11:24:00,584.38,584.47,584.38,584.47,0.02,63.23,37330.4,1
2025-10-13,2025-10-13 11:25:00,584.47,584.56,584.47,584.56,0.02,63.23,37330.4,1
2025-10-13,2025-10-13 11:26:00,584.56,584.65,584.56,584.65,0.02,63.23,37330.4,1
2025-10-13,2025-10-13 11:27:00,584.65,584.74,584.65,584.74,0.02,63.23,37330.4,1
2025-10-13,2025-10-13 11:28:00,584.74,584.83,584.74,584.83,0.02,63.23,37330.4,1
2025-10-13,2025-10-13 11:29:00,584.83,584.93,584.83,584.93,0.02,63.23,37330.4,1
2025-10-13,2025-10-13 11:30:00,584.93,585.02,584.93,585.02,0.02,63.23,37330.4,1
2025-10-13,2025-10-13 11:31:00,585.02,585.11,585.02,585.11,0.02,63.23,37330.4,1
2025-10-13,2025-10-13 11:32:00,585.11,585.2,585.11,585.2,0.02,63.23,37330.4,1
2025-10-13,2025-10-13 11:33:00,585.2,585.29,585.2,585.29,0.02,63.23,37330.4,1
2025-10-13,2025-10-13 11:34:00,585.29,585.38,585.29,585.38,0.02,63.23,37330.4,1
2025-10-13,2025-10-13 11:35:00,585.38,585.47,585.38,585.47,0.02,63.23,37330.4,1
2025-10-13,2025-10-13 11:36:00,585.47,585.56,585.47,585.56,0.02,63.23,37330.4,1
2025-10-13,2025-10-13 11:37:00,585.56,585.65,585.56,585.65,0.02,63.23,37330.4,1
2025-10-13,2025-10-13 11:38:00,585.65,585.74,585.65,585.74,0.02,63.23,37330.4,1
2025-10-13,2025-10-13 11:39:00,585.74,585.83,585.74,585.83,0.02,63.23,37330.4,1
2025-10-13,2025-10-13 11:40:00,585.83,585.92,585.83,585.92,0.02,63.23,37330.4,1
2025-10-13,2025-10-13 11:41:00,585.92,586.01,585.92,586.01,0.02,63.23,37330.4,1
2025-10-13,2025-10-13 11:42:00,586.01,586.11,586.01,586.11,0.02,63.23,37330.4,1
2025-10-13,2025-10-13 11:43:00,586.11,586.2,586.11,586.2,0.02,63.23,37330.4,1
2025-10-13,2025-10-13 11:44:00,586.2,586.29,586.2,586.29,0.02,63.23,37330.4,1
2025-10-13,2025-10-13 11:45:00,586.29,586.38,586.29,586.38,0.02,63.23,37330.4,1
2025-10-13,2025-10-13 11:46:00,586.38,586.47,586.38,586.47,0.02,63.23,37330.4,1
2025-10-13,2025-10-13 11:47:00,586.47,586.56,586.47,586.56,0.02,63.23,37330.4,1
2025-10-13,2025-10-13 11:48:00,586.56,586.65,586.56,586.65,0.02,63.23,37330.4,1
2025-10-13,2025-10-13 11:49:00,586.65,586.74,586.65,586.74,0.02,63.23,37330.4,1
2025-10-13,2025-10-13 11:50:00,586.74,586.83,586.74,586.83,0.02,63.23,37330.4,1
2025-10-13,2025-10-13 11:51:00,586.83,586.92,586.83,586.92,0.02,63.23,37330.4,1
2025-10-13,2025-10-13 11:52:00,586.92,587.01,586.92,587.01,0.02,63.23,37330.4,1
2025-10-13,2025-10-13 11:53:00,587.01,587.11,587.01,587.11,0.02,63.23,37330.4,1
2025-10-13,2025-10-13 11:54:00,587.11,587.2,587.11,587.2,0.02,63.23,37330.4,1
2025-10-13,2025-10-13 11:55:00,587.2,587.29,587.2,587.29,0.02,63.23,37330.4,1
2025-10-13,2025-10-13 11:56:00,587.29,587.38,587.29,587.38,0.02,63.23,37330.4,1
2025-10-13,2025-10-13 11:57:00,587.38,587.47,587.38,587.47,0.02,63.23,37330.4,1
2025-10-13,2025-10-13 11:58:00,587.47,587.56,587.47,587.56,0.02,63.23,37330.4,1
2025-10-13,2025-10-13 11:59:00,587.56,587.65,587.56,587.65,0.02,63.23,37330.4,1
2025-10-13,2025-10-13 12:00:00,587.65,587.74,587.65,587.74,0.02,63.23,37330.4,1
2025-10-13,2025-10-13 12:01:00,587.74,587.83,587.74,587.83,0.02,63.23,37330.4,1
2025-10-13,2025-10-13 12:02:00,587.83,587.92,587.83,587.92,0.02,63.23,37330.4,1
2025-10-13,2025-10-13 12:03:00,587.92,588.01,587.92,588.01,0.02,63.23,37330.4,1
2025-10-13,2025-10-13 12:04:00,588.01,588.1,588.01,588.1,0.02,63.23,37330.4,1
2025-10-13,2025-10-13 12:05:00,588.1,588.2,588.1,588.2,0.02,63.23,37330.4,1
2025-10-13,2025-10-13 12:06:00,588.2,588.29,588.2,588.29,0.02,63.23,37330.4,1
2025-10-13,2025-10-13 12:07:00,588.29,588.38,588.29,588.38,0.02,63.23,37330.4,1
2025-10-13,2025-10-13 12:08:00,588.38,588.47,588.38,588.47,0.02,63.23,37330.4,1
2025-10-13,2025-10-13 12:09:00,588.47,588.56,588.47,588.56,0.02,63.23,37330.4,1
2025-10-13,2025-10-13 12:10:00,588.56,588.65,588.56,588.65,0.02,63.23,37330.4,1
2025-10-13,2025-10-13 12:11:00,588.65,588.74,588.65,588.74,0.02,63.23,37330.4,1
2025-10-13,2025-10-13 12:12:00,588.74,588.83,588.74,588.83,0.02,63.23,37330.4,1
2025-10-13,2025-10-13 12:13:00,588.83,588.92,588.83,588.92,0.02,63.23,37330.4,1
2025-10-13,2025-10-13 12:14:00,588.92,589.01,588.92,589.01,0.02,63.23,37330.4,1
2025-10-13,2025-10-13 12:15:00,589.01,589.1,589.01,589.1,0.02,63.23,37330.4,1
2025-10-13,2025-10-13 12:16:00,589.1,589.19,589.1,589.19,0.02,63.23,37330.4,1
2025-10-13,2025-10-13 12:17:00,589.19,589.29,589.19,589.29,0.02,63.23,37330.4,1
2025-10-13,2025-10-13 12:18:00,589.29,589.38,589.29,589.38,0.02,63.23,37330.4,1
2025-10-13,2025-10-13 12:19:00,589.38,589.47,589.38,589.47,0.02,63.23,37330.4,1
2025-10-13,2025-10-13 12:20:00,589.47,589.56,589.47,589.56,0.02,63.23,37330.4,1
2025-10-13,2025-10-13 12:21:00,589.56,589.65,589.56,589.65,0.02,63.23,37330.4,1
2025-10-13,2025-10-13 12:22:00,589.65,589.74,589.65,589.74,0.02,63.23,37330.4,1
2025-10-13,2025-10-13 12:23:00,589.74,589.83,589.74,589.83,0.02,63.23,37330.4,1
2025-10-13,2025-10-13 12:24:00,589.83,589.92,589.83,589.92,0.02,63.23,37330.4,1
2025-10-13,2025-10-13 12:25:00,589.92,590.01,589.92,590.01,0.02,63.23,37330.4,1
2025-10-13,2025-10-13 12:26:00,590.01,590.1,590.01,590.1,0.02,63.23,37330.4,1
2025-10-13,2025-10-13 12:27:00,590.1,590.19,590.1,590.19,0.02,63.23,37330.4,1
2025-10-13,2025-10-13 12:28:00,590.19,590.28,590.19,590.28,0.02,63.23,37330.4,1
2025-10-13,2025-10-13 12:29:00,590.28,590.38,590.28,590.38,0.02,63.23,37330.4,1
2025-10-13,2025-10-13 12:30:00,590.38,590.47,590.38,590.47,0.02,63.23,37330.4,1
2025-10-13,2025-10-13 12:31:00,590.47,590.56,590.47,590.56,0.02,63.23,37330.4,1
2025-10-13,2025-10-13 12:32:00,590.56,590.65,590.56,590.65,0.02,63.23,37330.4,1
2025-10-13,2025-10-13 12:33:00,590.65,590.74,590.65,590.74,0.02,63.23,37330.4,1
2025-10-13,2025-10-13 12:34:00,590.74,590.83,590.74,590.83,0.02,63.23,37330.4,1
2025-10-13,2025-10-13 12:35:00,590.83,590.92,590.83,590.92,0.02,63.23,37330.4,1
2025-10-13,2025-10-13 12:36:00,590.92,591.01,590.92,591.01,0.02,63.23,37330.4,1
2025-10-13,2025-10-13 12:37:00,591.01,591.1,591.01,591.1,0.02,63.23,37330.4,1
2025-10-13,2025-10-13 12:38:00,591.1,591.19,591.1,591.19,0.02,63.23,37330.4,1
2025-10-13,2025-10-13 12:39:00,591.19,591.28,591.19,591.28,0.02,63.23,37330.4,1
2025-10-13,2025-10-13 12:40:00,591.28,591.37,591.28,591.37,0.02,63.23,37330.4,1
2025-10-13,2025-10-13 12:41:00,591.37,591.47,591.37,591.47,0.02,63.23,37330.4,1
2025-10-13,2025-10-13 12:42:00,591.47,591.56,591.47,591.56,0.02,63.23,37330.4,1
2025-10-13,2025-10-13 12:43:00,591.56,591.65,591.56,591.65,0.02,63.23,37330.4,1
2025-10-13,2025-10-13 12:44:00,591.65,591.74,591.65,591.74,0.02,63.23,37330.4,1
2025-10-13,2025-10-13 12:45:00,591.74,591.83,591.74,591.83,0.02,63.23,37330.4,1
2025-10-13,2025-10-13 12:46:00,591.83,591.92,591.83,591.92,0.02,63.23,37330.4,1
2025-10-13,2025-10-13 12:47:00,591.92,592.01,591.92,592.01,0.02,63.23,37330.4,1
2025-10-13,2025-10-13 12:48:00,592.01,592.1,592.01,592.1,0.02,63.23,37330.4,1
2025-10-13,2025-10-13 12:49:00,592.1,592.19,592.1,592.19,0.02,63.23,37330.4,1
2025-10-13,2025-10-13 12:50:00,592.19,592.28,592.19,592.28,0.02,63.23,37330.4,1
2025-10-13,2025-10-13 12:51:00,592.28,592.37,592.28,592.37,0.02,63.23,37330.4,1
2025-10-13,2025-10-13 12:52:00,592.37,592.46,592.37,592.46,0.02,63.23,37330.4,1
2025-10-13,2025-10-13 12:53:00,592.46,592.56,592.46,592.56,0.02,63.23,37330.4,1
2025-10-13,2025-10-13 12:54:00,592.56,592.65,592.56,592.65,0.02,63.23,37330.4,1
2025-10-13,2025-10-13 12:55:00,592.65,592.74,592.65,592.74,0.02,63.23,37330.4,1
2025-10-13,2025-10-13 12:56:00,592.74,592.83,592.74,592.83,0.02,63.23,37330.4,1
2025-10-13,2025-10-13 12:57:00,592.83,592.92,592.83,592.92,0.02,63.23,37330.4,1
2025-10-13,2025-10-13 12:58:00,592.92,593.01,592.92,593.01,0.02,63.23,37330.4,1
2025-10-13,2025-10-13 12:59:00,593.01,593.1,593.01,593.1,0.02,63.23,37330.4,1
2025-10-13,2025-10-13 13:00:00,593.1,607.0,570.0,593.19,0.02,63.23,37330.4,1
2025-10-13,2025-10-13 13:01:00,593.19,593.28,593.19,593.28,0.02,63.23,37330.4,1
2025-10-13,2025-10-13 13:02:00,593.28,593.37,593.28,593.37,0.02,63.23,37330.4,1
2025-10-13,2025-10-13 13:03:00,593.37,593.46,593.37,593.46,0.02,63.23,37330.4,1
2025-10-13,2025-10-13 13:04:00,593.46,593.55,593.46,593.55,0.02,63.23,37330.4,1
2025-10-13,2025-10-13 13:05:00,593.55,593.64,593.55,593.64,0.02,63.23,37330.4,1
2025-10-13,2025-10-13 13:06:00,593.64,593.74,593.64,593.74,0.02,63.23,37330.4,1
2025-10-13,2025-10-13 13:07:00,593.74,593.83,593.74,593.83,0.02,63.23,37330.4,1
2025-10-13,2025-10-13 13:08:00,593.83,593.92,593.83,593.92,0.02,63.23,37330.4,1
2025-10-13,2025-10-13 13:09:00,593.92,594.01,593.92,594.01,0.02,63.23,37330.4,1
2025-10-13,2025-10-13 13:10:00,594.01,594.1,594.01,594.1,0.02,63.23,37330.4,1
2025-10-13,2025-10-13 13:11:00,594.1,594.19,594.1,594.19,0.02,63.23,37330.4,1
2025-10-13,2025-10-13 13:12:00,594.19,594.28,594.19,594.28,0.02,63.23,37330.4,1
2025-10-13,2025-10-13 13:13:00,594.28,594.37,594.28,594.37,0.02,63.23,37330.4,1
2025-10-13,2025-10-13 13:14:00,594.37,594.46,594.37,594.46,0.02,63.23,37330.4,1
2025-10-13,2025-10-13 13:15:00,594.46,594.55,594.46,594.55,0.02,63.23,37330.4,1
2025-10-13,2025-10-13 13:16:00,594.55,594.64,594.55,594.64,0.02,63.23,37330.4,1
2025-10-13,2025-10-13 13:17:00,594.64,594.74,594.64,594.74,0.02,63.23,37330.4,1
2025-10-13,2025-10-13 13:18:00,594.74,594.83,594.74,594.83,0.02,63.23,37330.4,1
2025-10-13,2025-10-13 13:19:00,594.83,594.92,594.83,594.92,0.02,63.23,37330.4,1
2025-10-13,2025-10-13 13:20:00,594.92,595.01,594.92,595.01,0.02,63.23,37330.4,1
2025-10-13,2025-10-13 13:21:00,595.01,595.1,595.01,595.1,0.02,63.23,37330.4,1
2025-10-13,2025-10-13 13:22:00,595.1,595.19,595.1,595.19,0.02,63.23,37330.4,1
2025-10-13,2025-10-13 13:23:00,595.19,595.28,595.19,595.28,0.02,63.23,37330.4,1
2025-10-13,2025-10-13 13:24:00,595.28,595.37,595.28,595.37,0.02,63.23,37330.4,1
2025-10-13,2025-10-13 13:25:00,595.37,595.46,595.37,595.46,0.02,63.23,37330.4,1
2025-10-13,2025-10-13 13:26:00,595.46,595.55,595.46,595.55,0.02,63.23,37330.4,1
2025-10-13,2025-10-13 13:27:00,595.55,595.64,595.55,595.64,0.02,63.23,37330.4,1
2025-10-13,2025-10-13 13:28:00,595.64,595.73,595.64,595.73,0.02,63.23,37330.4,1
2025-10-13,2025-10-13 13:29:00,595.73,595.83,595.73,595.83,0.02,63.23,37330.4,1
2025-10-13,2025-10-13 13:30:00,595.83,595.92,595.83,595.92,0.02,63.23,37330.4,1
2025-10-13,2025-10-13 13:31:00,595.92,596.01,595.92,596.01,0.02,63.23,37330.4,1
2025-10-13,2025-10-13 13:32:00,596.01,596.1,596.01,596.1,0.02,63.23,37330.4,1
2025-10-13,2025-10-13 13:33:00,596.1,596.19,596.1,596.19,0.02,63.23,37330.4,1
2025-10-13,2025-10-13 13:34:00,596.19,596.28,596.19,596.28,0.02,63.23,37330.4,1
2025-10-13,2025-10-13 13:35:00,596.28,596.37,596.28,596.37,0.02,63.23,37330.4,1
2025-10-13,2025-10-13 13:36:00,596.37,596.46,596.37,596.46,0.02,63.23,37330.4,1
2025-10-13,2025-10-13 13:37:00,596.46,596.55,596.46,596.55,0.02,63.23,37330.4,1
2025-10-13,2025-10-13 13:38:00,596.55,596.64,596.55,596.64,0.02,63.23,37330.4,1
2025-10-13,2025-10-13 13:39:00,596.64,596.73,596.64,596.73,0.02,63.23,37330.4,1
2025-10-13,2025-10-13 13:40:00,596.73,596.82,596.73,596.82,0.02,63.23,37330.4,1
2025-10-13,2025-10-13 13:41:00,596.82,596.91,596.82,596.91,0.02,63.23,37330.4,1
2025-10-13,2025-10-13 13:42:00,596.91,597.01,596.91,597.01,0.02,63.23,37330.4,1
2025-10-13,2025-10-13 13:43:00,597.01,597.1,597.01,597.1,0.02,63.23,37330.4,1
2025-10-13,2025-10-13 13:44:00,597.1,597.19,597.1,597.19,0.02,63.23,37330.4,1
2025-10-13,2025-10-13 13:45:00,597.19,597.28,597.19,597.28,0.02,63.23,37330.4,1
2025-10-13,2025-10-13 13:46:00,597.28,597.37,597.28,597.37,0.02,63.23,37330.4,1
2025-10-13,2025-10-13 13:47:00,597.37,597.46,597.37,597.46,0.02,63.23,37330.4,1
2025-10-13,2025-10-13 13:48:00,597.46,597.55,597.46,597.55,0.02,63.23,37330.4,1
2025-10-13,2025-10-13 13:49:00,597.55,597.64,597.55,597.64,0.02,63.23,37330.4,1
2025-10-13,2025-10-13 13:50:00,597.64,597.73,597.64,597.73,0.02,63.23,37330.4,1
2025-10-13,2025-10-13 13:51:00,597.73,597.82,597.73,597.82,0.02,63.23,37330.4,1
2025-10-13,2025-10-13 13:52:00,597.82,597.91,597.82,597.91,0.02,63.23,37330.4,1
2025-10-13,2025-10-13 13:53:00,597.91,598.0,597.91,598.0,0.02,63.23,37330.4,1
2025-10-13,2025-10-13 13:54:00,598.0,598.1,598.0,598.1,0.02,63.23,37330.4,1
2025-10-13,2025-10-13 13:55:00,598.1,598.19,598.1,598.19,0.02,63.23,37330.4,1
2025-10-13,2025-10-13 13:56:00,598.19,598.28,598.19,598.28,0.02,63.23,37330.4,1
2025-10-13,2025-10-13 13:57:00,598.28,598.37,598.28,598.37,0.02,63.23,37330.4,1
2025-10-13,2025-10-13 13:58:00,598.37,598.46,598.37,598.46,0.02,63.23,37330.4,1
2025-10-13,2025-10-13 13:59:00,598.46,598.55,598.46,598.55,0.02,63.23,37330.4,1
2025-10-13,2025-10-13 14:00:00,598.55,598.64,598.55,598.64,0.02,63.23,37330.4,1
2025-10-13,2025-10-13 14:01:00,598.64,598.73,598.64,598.73,0.02,63.23,37330.4,1
2025-10-13,2025-10-13 14:02:00,598.73,598.82,598.73,598.82,0.02,63.23,37330.4,1
2025-10-13,2025-10-13 14:03:00,598.82,598.91,598.82,598.91,0.02,63.23,37330.4,1
2025-10-13,2025-10-13 14:04:00,598.91,599.0,598.91,599.0,0.02,63.23,37330.4,1
2025-10-13,2025-10-13 14:05:00,599.0,599.1,599.0,599.1,0.02,63.23,37330.4,1
2025-10-13,2025-10-13 14:06:00,599.1,599.19,599.1,599.19,0.02,63.23,37330.4,1
2025-10-13,2025-10-13 14:07:00,599.19,599.28,599.19,599.28,0.02,63.23,37330.4,1
2025-10-13,2025-10-13 14:08:00,599.28,599.37,599.28,599.37,0.02,63.23,37330.4,1
2025-10-13,2025-10-13 14:09:00,599.37,599.46,599.37,599.46,0.02,63.23,37330.4,1
2025-10-13,2025-10-13 14:10:00,599.46,599.55,599.46,599.55,0.02,63.23,37330.4,1
2025-10-13,2025-10-13 14:11:00,599.55,599.64,599.55,599.64,0.02,63.23,37330.4,1
2025-10-13,2025-10-13 14:12:00,599.64,599.73,599.64,599.73,0.02,63.23,37330.4,1
2025-10-13,2025-10-13 14:13:00,599.73,599.82,599.73,599.82,0.02,63.23,37330.4,1
2025-10-13,2025-10-13 14:14:00,599.82,599.91,599.82,599.91,0.02,63.23,37330.4,1
2025-10-13,2025-10-13 14:15:00,599.91,600.0,599.91,600.0,0.02,63.23,37330.4,1
2025-10-13,2025-10-13 14:16:00,600.0,600.09,600.0,600.09,0.02,63.23,37330.4,1
2025-10-13,2025-10-13 14:17:00,600.09,600.19,600.09,600.19,0.02,63.23,37330.4,1
2025-10-13,2025-10-13 14:18:00,600.19,600.28,600.19,600.28,0.01,63.23,37330.4,1
2025-10-13,2025-10-13 14:19:00,600.28,600.37,600.28,600.37,0.01,63.23,37330.4,1
2025-10-13,2025-10-13 14:20:00,600.37,600.46,600.37,600.46,0.01,63.23,37330.4,1
2025-10-13,2025-10-13 14:21:00,600.46,600.55,600.46,600.55,0.01,63.23,37330.4,1
2025-10-13,2025-10-13 14:22:00,600.55,600.64,600.55,600.64,0.01,63.23,37330.4,1
2025-10-13,2025-10-13 14:23:00,600.64,600.73,600.64,600.73,0.01,63.23,37330.4,1
2025-10-13,2025-10-13 14:24:00,600.73,600.82,600.73,600.82,0.01,63.23,37330.4,1
2025-10-13,2025-10-13 14:25:00,600.82,600.91,600.82,600.91,0.01,63.23,37330.4,1
2025-10-13,2025-10-13 14:26:00,600.91,601.0,600.91,601.0,0.01,63.23,37330.4,1
2025-10-13,2025-10-13 14:27:00,601.0,601.09,601.0,601.09,0.01,63.23,37330.4,1
2025-10-13,2025-10-13 14:28:00,601.09,601.18,601.09,601.18,0.01,63.23,37330.4,1
2025-10-13,2025-10-13 14:29:00,601.18,601.27,601.18,601.27,0.01,63.23,37330.4,1
2025-10-13,2025-10-13 14:30:00,601.27,601.37,601.27,601.37,0.02,63.23,37330.4,1
2025-10-13,2025-10-13 14:31:00,601.37,601.46,601.37,601.46,0.01,63.23,37330.4,1
2025-10-13,2025-10-13 14:32:00,601.46,601.55,601.46,601.55,0.01,63.23,37330.4,1
2025-10-13,2025-10-13 14:33:00,601.55,601.64,601.55,601.64,0.01,63.23,37330.4,1
2025-10-13,2025-10-13 14:34:00,601.64,601.73,601.64,601.73,0.01,63.23,37330.4,1
2025-10-13,2025-10-13 14:35:00,601.73,601.82,601.73,601.82,0.01,63.23,37330.4,1
2025-10-13,2025-10-13 14:36:00,601.82,601.91,601.82,601.91,0.01,63.23,37330.4,1
2025-10-13,2025-10-13 14:37:00,601.91,602.0,601.91,602.0,0.01,63.23,37330.4,1
2025-10-13,2025-10-13 14:38:00,602.0,602.09,602.0,602.09,0.01,63.23,37330.4,1
2025-10-13,2025-10-13 14:39:00,602.09,602.18,602.09,602.18,0.01,63.23,37330.4,1
2025-10-13,2025-10-13 14:40:00,602.18,602.27,602.18,602.27,0.01,63.23,37330.4,1
2025-10-13,2025-10-13 14:41:00,602.27,602.37,602.27,602.37,0.02,63.23,37330.4,1
2025-10-13,2025-10-13 14:42:00,602.37,602.46,602.37,602.46,0.01,63.23,37330.4,1
2025-10-13,2025-10-13 14:43:00,602.46,602.55,602.46,602.55,0.01,63.23,37330.4,1
2025-10-13,2025-10-13 14:44:00,602.55,602.64,602.55,602.64,0.01,63.23,37330.4,1
2025-10-13,2025-10-13 14:45:00,602.64,602.73,602.64,602.73,0.01,63.23,37330.4,1
2025-10-13,2025-10-13 14:46:00,602.73,602.82,602.73,602.82,0.01,63.23,37330.4,1
2025-10-13,2025-10-13 14:47:00,602.82,602.91,602.82,602.91,0.01,63.23,37330.4,1
2025-10-13,2025-10-13 14:48:00,602.91,603.0,602.91,603.0,0.01,63.23,37330.4,1
2025-10-13,2025-10-13 14:49:00,603.0,603.09,603.0,603.09,0.01,63.23,37330.4,1
2025-10-13,2025-10-13 14:50:00,603.09,603.18,603.09,603.18,0.01,63.23,37330.4,1
2025-10-13,2025-10-13 14:51:00,603.18,603.27,603.18,603.27,0.01,63.23,37330.4,1
2025-10-13,2025-10-13 14:52:00,603.27,603.36,603.27,603.36,0.01,63.23,37330.4,1
2025-10-13,2025-10-13 14:53:00,603.36,603.46,603.36,603.46,0.02,63.23,37330.4,1
2025-10-13,2025-10-13 14:54:00,603.46,603.55,603.46,603.55,0.01,63.23,37330.4,1
2025-10-13,2025-10-13 14:55:00,603.55,603.64,603.55,603.64,0.01,63.23,37330.4,1
2025-10-13,2025-10-13 14:56:00,603.64,603.73,603.64,603.73,0.01,63.23,37330.4,1
2025-10-13,2025-10-13 14:57:00,603.73,603.82,603.73,603.82,0.01,63.23,37330.4,1
2025-10-13,2025-10-13 14:58:00,603.82,603.91,603.82,603.91,0.01,63.23,37330.4,1
2025-10-13,2025-10-13 14:59:00,603.91,604.0,603.91,604.0,0.01,63.23,37330.4,1
2025-10-13,2025-10-13 15:00:00,604.0,607.0,570.0,604.0,0.0,63.23,37330.4,0
2025-10-14,2025-10-14 11:00:00,592.0,593.77,580.54,591.92,-0.01,218.43,124254.17,-1
2025-10-14,2025-10-14 11:01:00,591.92,591.92,591.84,591.84,-0.01,218.43,124254.17,-1
2025-10-14,2025-10-14 11:02:00,591.84,591.84,591.76,591.76,-0.01,218.43,124254.17,-1
2025-10-14,2025-10-14 11:03:00,591.76,591.76,591.68,591.68,-0.01,218.43,124254.17,-1
2025-10-14,2025-10-14 11:04:00,591.68,591.68,591.6,591.6,-0.01,218.43,124254.17,-1
2025-10-14,2025-10-14 11:05:00,591.6,591.6,591.52,591.52,-0.01,218.43,124254.17,-1
2025-10-14,2025-10-14 11:06:00,591.52,591.52,591.45,591.45,-0.01,218.43,124254.17,-1
2025-10-14,2025-10-14 11:07:00,591.45,591.45,591.37,591.37,-0.01,218.43,124254.17,-1
2025-10-14,2025-10-14 11:08:00,591.37,591.37,591.29,591.29,-0.01,218.43,124254.17,-1
2025-10-14,2025-10-14 11:09:00,591.29,591.29,591.21,591.21,-0.01,218.43,124254.17,-1
2025-10-14,2025-10-14 11:10:00,591.21,591.21,591.13,591.13,-0.01,218.43,124254.17,-1
2025-10-14,2025-10-14 11:11:00,591.13,591.13,591.05,591.05,-0.01,218.43,124254.17,-1
2025-10-14,2025-10-14 11:12:00,591.05,591.05,590.97,590.97,-0.01,218.43,124254.17,-1
2025-10-14,2025-10-14 11:13:00,590.97,590.97,590.89,590.89,-0.01,218.43,124254.17,-1
2025-10-14,2025-10-14 11:14:00,590.89,590.89,590.81,590.81,-0.01,218.43,124254.17,-1
2025-10-14,2025-10-14 11:15:00,590.81,590.81,590.73,590.73,-0.01,218.43,124254.17,-1
2025-10-14,2025-10-14 11:16:00,590.73,590.73,590.65,590.65,-0.01,218.43,124254.17,-1
2025-10-14,2025-10-14 11:17:00,590.65,590.65,590.58,590.58,-0.01,218.43,124254.17,-1
2025-10-14,2025-10-14 11:18:00,590.58,590.58,590.5,590.5,-0.01,218.43,124254.17,-1
2025-10-14,2025-10-14 11:19:00,590.5,590.5,590.42,590.42,-0.01,218.43,124254.17,-1
2025-10-14,2025-10-14 11:20:00,590.42,590.42,590.34,590.34,-0.01,218.43,124254.17,-1
2025-10-14,2025-10-14 11:21:00,590.34,590.34,590.26,590.26,-0.01,218.43,124254.17,-1
2025-10-14,2025-10-14 11:22:00,590.26,590.26,590.18,590.18,-0.01,218.43,124254.17,-1
2025-10-14,2025-10-14 11:23:00,590.18,590.18,590.1,590.1,-0.01,218.43,124254.17,-1
2025-10-14,2025-10-14 11:24:00,590.1,590.1,590.02,590.02,-0.01,218.43,124254.17,-1
2025-10-14,2025-10-14 11:25:00,590.02,590.02,589.94,589.94,-0.01,218.43,124254.17,-1
2025-10-14,2025-10-14 11:26:00,589.94,589.94,589.86,589.86,-0.01,218.43,124254.17,-1
2025-10-14,2025-10-14 11:27:00,589.86,589.86,589.78,589.78,-0.01,218.43,124254.17,-1
2025-10-14,2025-10-14 11:28:00,589.78,589.78,589.7,589.7,-0.01,218.43,124254.17,-1
2025-10-14,2025-10-14 11:29:00,589.7,589.7,589.62,589.62,-0.01,218.43,124254.17,-1
2025-10-14,2025-10-14 11:30:00,589.62,589.62,589.55,589.55,-0.01,218.43,124254.17,-1
2025-10-14,2025-10-14 11:31:00,589.55,589.55,589.47,589.47,-0.01,218.43,124254.17,-1
2025-10-14,2025-10-14 11:32:00,589.47,589.47,589.39,589.39,-0.01,218.43,124254.17,-1
2025-10-14,2025-10-14 11:33:00,589.39,589.39,589.31,589.31,-0.01,218.43,124254.17,-1
2025-10-14,2025-10-14 11:34:00,589.31,589.31,589.23,589.23,-0.01,218.43,124254.17,-1
2025-10-14,2025-10-14 11:35:00,589.23,589.23,589.15,589.15,-0.01,218.43,124254.17,-1
2025-10-14,2025-10-14 11:36:00,589.15,589.15,589.07,589.07,-0.01,218.43,124254.17,-1
2025-10-14,2025-10-14 11:37:00,589.07,589.07,588.99,588.99,-0.01,218.43,124254.17,-1
2025-10-14,2025-10-14 11:38:00,588.99,588.99,588.91,588.91,-0.01,218.43,124254.17,-1
2025-10-14,2025-10-14 11:39:00,588.91,588.91,588.83,588.83,-0.01,218.43,124254.17,-1
2025-10-14,2025-10-14 11:40:00,588.83,588.83,588.75,588.75,-0.01,218.43,124254.17,-1
2025-10-14,2025-10-14 11:41:00,588.75,588.75,588.67,588.67,-0.01,218.43,124254.17,-1
2025-10-14,2025-10-14 11:42:00,588.67,588.67,588.6,588.6,-0.01,218.43,124254.17,-1
2025-10-14,2025-10-14 11:43:00,588.6,588.6,588.52,588.52,-0.01,218.43,124254.17,-1
2025-10-14,2025-10-14 11:44:00,588.52,588.52,588.44,588.44,-0.01,218.43,124254.17,-1
2025-10-14,2025-10-14 11:45:00,588.44,588.44,588.36,588.36,-0.01,218.43,124254.17,-1
2025-10-14,2025-10-14 11:46:00,588.36,588.36,588.28,588.28,-0.01,218.43,124254.17,-1
2025-10-14,2025-10-14 11:47:00,588.28,588.28,588.2,588.2,-0.01,218.43,124254.17,-1
2025-10-14,2025-10-14 11:48:00,588.2,588.2,588.12,588.12,-0.01,218.43,124254.17,-1
2025-10-14,2025-10-14 11:49:00,588.12,588.12,588.04,588.04,-0.01,218.43,124254.17,-1
2025-10-14,2025-10-14 11:50:00,588.04,588.04,587.96,587.96,-0.01,218.43,124254.17,-1
2025-10-14,2025-10-14 11:51:00,587.96,587.96,587.88,587.88,-0.01,218.43,124254.17,-1
2025-10-14,2025-10-14 11:52:00,587.88,587.88,587.8,587.8,-0.01,218.43,124254.17,-1
2025-10-14,2025-10-14 11:53:00,587.8,587.8,587.73,587.73,-0.01,218.43,124254.17,-1
2025-10-14,2025-10-14 11:54:00,587.73,587.73,587.65,587.65,-0.01,218.43,124254.17,-1
2025-10-14,2025-10-14 11:55:00,587.65,587.65,587.57,587.57,-0.01,218.43,124254.17,-1
2025-10-14,2025-10-14 11:56:00,587.57,587.57,587.49,587.49,-0.01,218.43,124254.17,-1
2025-10-14,2025-10-14 11:57:00,587.49,587.49,587.41,587.41,-0.01,218.43,124254.17,-1
2025-10-14,2025-10-14 11:58:00,587.41,587.41,587.33,587.33,-0.01,218.43,124254.17,-1
2025-10-14,2025-10-14 11:59:00,587.33,587.33,587.25,587.25,-0.01,218.43,124254.17,-1
2025-10-14,2025-10-14 12:00:00,587.25,587.25,587.17,587.17,-0.01,218.43,124254.17,-1
2025-10-14,2025-10-14 12:01:00,587.17,587.17,587.09,587.09,-0.01,218.43,124254.17,-1
2025-10-14,2025-10-14 12:02:00,587.09,587.09,587.01,587.01,-0.01,218.43,124254.17,-1
2025-10-14,2025-10-14 12:03:00,587.01,587.01,586.93,586.93,-0.01,218.43,124254.17,-1
2025-10-14,2025-10-14 12:04:00,586.93,586.93,586.85,586.85,-0.01,218.43,124254.17,-1
2025-10-14,2025-10-14 12:05:00,586.85,586.85,586.77,586.77,-0.01,218.43,124254.17,-1
2025-10-14,2025-10-14 12:06:00,586.77,586.77,586.7,586.7,-0.01,218.43,124254.17,-1
2025-10-14,2025-10-14 12:07:00,586.7,586.7,586.62,586.62,-0.01,218.43,124254.17,-1
2025-10-14,2025-10-14 12:08:00,586.62,586.62,586.54,586.54,-0.01,218.43,124254.17,-1
2025-10-14,2025-10-14 12:09:00,586.54,586.54,586.46,586.46,-0.01,218.43,124254.17,-1
2025-10-14,2025-10-14 12:10:00,586.46,586.46,586.38,586.38,-0.01,218.43,124254.17,-1
2025-10-14,2025-10-14 12:11:00,586.38,586.38,586.3,586.3,-0.01,218.43,124254.17,-1
2025-10-14,2025-10-14 12:12:00,586.3,586.3,586.22,586.22,-0.01,218.43,124254.17,-1
2025-10-14,2025-10-14 12:13:00,586.22,586.22,586.14,586.14,-0.01,218.43,124254.17,-1
2025-10-14,2025-10-14 12:14:00,586.14,586.14,586.06,586.06,-0.01,218.43,124254.17,-1
2025-10-14,2025-10-14 12:15:00,586.06,586.06,585.98,585.98,-0.01,218.43,124254.17,-1
2025-10-14,2025-10-14 12:16:00,585.98,585.98,585.9,585.9,-0.01,218.43,124254.17,-1
2025-10-14,2025-10-14 12:17:00,585.9,585.9,585.83,585.83,-0.01,218.43,124254.17,-1
2025-10-14,2025-10-14 12:18:00,585.83,585.83,585.75,585.75,-0.01,218.43,124254.17,-1
2025-10-14,2025-10-14 12:19:00,585.75,585.75,585.67,585.67,-0.01,218.43,124254.17,-1
2025-10-14,2025-10-14 12:20:00,585.67,585.67,585.59,585.59,-0.01,218.43,124254.17,-1
2025-10-14,2025-10-14 12:21:00,585.59,585.59,585.51,585.51,-0.01,218.43,124254.17,-1
2025-10-14,2025-10-14 12:22:00,585.51,585.51,585.43,585.43,-0.01,218.43,124254.17,-1
2025-10-14,2025-10-14 12:23:00,585.43,585.43,585.35,585.35,-0.01,218.43,124254.17,-1
2025-10-14,2025-10-14 12:24:00,585.35,585.35,585.27,585.27,-0.01,218.43,124254.17,-1
2025-10-14,2025-10-14 12:25:00,585.27,585.27,585.19,585.19,-0.01,218.43,124254.17,-1
2025-10-14,2025-10-14 12:26:00,585.19,585.19,585.11,585.11,-0.01,218.43,124254.17,-1
2025-10-14,2025-10-14 12:27:00,585.11,585.11,585.03,585.03,-0.01,218.43,124254.17,-1
2025-10-14,2025-10-14 12:28:00,585.03,585.03,584.95,584.95,-0.01,218.43,124254.17,-1
2025-10-14,2025-10-14 12:29:00,584.95,584.95,584.88,584.88,-0.01,218.43,124254.17,-1
2025-10-14,2025-10-14 12:30:00,584.88,584.88,584.8,584.8,-0.01,218.43,124254.17,-1
2025-10-14,2025-10-14 12:31:00,584.8,584.8,584.72,584.72,-0.01,218.43,124254.17,-1
2025-10-14,2025-10-14 12:32:00,584.72,584.72,584.64,584.64,-0.01,218.43,124254.17,-1
2025-10-14,2025-10-14 12:33:00,584.64,584.64,584.56,584.56,-0.01,218.43,124254.17,-1
2025-10-14,2025-10-14 12:34:00,584.56,584.56,584.48,584.48,-0.01,218.43,124254.17,-1
2025-10-14,2025-10-14 12:35:00,584.48,584.48,584.4,584.4,-0.01,218.43,124254.17,-1
2025-10-14,2025-10-14 12:36:00,584.4,584.4,584.32,584.32,-0.01,218.43,124254.17,-1
2025-10-14,2025-10-14 12:37:00,584.32,584.32,584.24,584.24,-0.01,218.43,124254.17,-1
2025-10-14,2025-10-14 12:38:00,584.24,584.24,584.16,584.16,-0.01,218.43,124254.17,-1
2025-10-14,2025-10-14 12:39:00,584.16,584.16,584.08,584.08,-0.01,218.43,124254.17,-1
2025-10-14,2025-10-14 12:40:00,584.08,584.08,584.0,584.0,-0.01,218.43,124254.17,-1
2025-10-14,2025-10-14 12:41:00,584.0,584.0,583.92,583.92,-0.01,218.43,124254.17,-1
2025-10-14,2025-10-14 12:42:00,583.92,583.92,583.85,583.85,-0.01,218.43,124254.17,-1
2025-10-14,2025-10-14 12:43:00,583.85,583.85,583.77,583.77,-0.01,218.43,124254.17,-1
2025-10-14,2025-10-14 12:44:00,583.77,583.77,583.69,583.69,-0.01,218.43,124254.17,-1
2025-10-14,2025-10-14 12:45:00,583.69,583.69,583.61,583.61,-0.01,218.43,124254.17,-1
2025-10-14,2025-10-14 12:46:00,583.61,583.61,583.53,583.53,-0.01,218.43,124254.17,-1
2025-10-14,2025-10-14 12:47:00,583.53,583.53,583.45,583.45,-0.01,218.43,124254.17,-1
2025-10-14,2025-10-14 12:48:00,583.45,583.45,583.37,583.37,-0.01,218.43,124254.17,-1
2025-10-14,2025-10-14 12:49:00,583.37,583.37,583.29,583.29,-0.01,218.43,124254.17,-1
2025-10-14,2025-10-14 12:50:00,583.29,583.29,583.21,583.21,-0.01,218.43,124254.17,-1
2025-10-14,2025-10-14 12:51:00,583.21,583.21,583.13,583.13,-0.01,218.43,124254.17,-1
2025-10-14,2025-10-14 12:52:00,583.13,583.13,583.05,583.05,-0.01,218.43,124254.17,-1
2025-10-14,2025-10-14 12:53:00,583.05,583.05,582.98,582.98,-0.01,218.43,124254.17,-1
2025-10-14,2025-10-14 12:54:00,582.98,582.98,582.9,582.9,-0.01,218.43,124254.17,-1
2025-10-14,2025-10-14 12:55:00,582.9,582.9,582.82,582.82,-0.01,218.43,124254.17,-1
2025-10-14,2025-10-14 12:56:00,582.82,582.82,582.74,582.74,-0.01,218.43,124254.17,-1
2025-10-14,2025-10-14 12:57:00,582.74,582.74,582.66,582.66,-0.01,218.43,124254.17,-1
2025-10-14,2025-10-14 12:58:00,582.66,582.66,582.58,582.58,-0.01,218.43,124254.17,-1
2025-10-14,2025-10-14 12:59:00,582.58,582.58,582.5,582.5,-0.01,218.43,124254.17,-1
2025-10-14,2025-10-14 13:00:00,582.5,597.9,553.8,582.42,-0.01,218.43,124254.17,-1
2025-10-14,2025-10-14 13:01:00,582.42,582.42,582.34,582.34,-0.01,218.43,124254.17,-1
2025-10-14,2025-10-14 13:02:00,582.34,582.34,582.26,582.26,-0.01,218.43,124254.17,-1
2025-10-14,2025-10-14 13:03:00,582.26,582.26,582.18,582.18,-0.01,218.43,124254.17,-1
2025-10-14,2025-10-14 13:04:00,582.18,582.18,582.1,582.1,-0.01,218.43,124254.17,-1
2025-10-14,2025-10-14 13:05:00,582.1,582.1,582.02,582.02,-0.01,218.43,124254.17,-1
2025-10-14,2025-10-14 13:06:00,582.02,582.02,581.95,581.95,-0.01,218.43,124254.17,-1
2025-10-14,2025-10-14 13:07:00,581.95,581.95,581.87,581.87,-0.01,218.43,124254.17,-1
2025-10-14,2025-10-14 13:08:00,581.87,581.87,581.79,581.79,-0.01,218.43,124254.17,-1
2025-10-14,2025-10-14 13:09:00,581.79,581.79,581.71,581.71,-0.01,218.43,124254.17,-1
2025-10-14,2025-10-14 13:10:00,581.71,581.71,581.63,581.63,-0.01,218.43,124254.17,-1
2025-10-14,2025-10-14 13:11:00,581.63,581.63,581.55,581.55,-0.01,218.43,124254.17,-1
2025-10-14,2025-10-14 13:12:00,581.55,581.55,581.47,581.47,-0.01,218.43,124254.17,-1
2025-10-14,2025-10-14 13:13:00,581.47,581.47,581.39,581.39,-0.01,218.43,124254.17,-1
2025-10-14,2025-10-14 13:14:00,581.39,581.39,581.31,581.31,-0.01,218.43,124254.17,-1
2025-10-14,2025-10-14 13:15:00,581.31,581.31,581.23,581.23,-0.01,218.43,124254.17,-1
2025-10-14,2025-10-14 13:16:00,581.23,581.23,581.15,581.15,-0.01,218.43,124254.17,-1
2025-10-14,2025-10-14 13:17:00,581.15,581.15,581.08,581.08,-0.01,218.43,124254.17,-1
2025-10-14,2025-10-14 13:18:00,581.08,581.08,581.0,581.0,-0.01,218.43,124254.17,-1
2025-10-14,2025-10-14 13:19:00,581.0,581.0,580.92,580.92,-0.01,218.43,124254.17,-1
2025-10-14,2025-10-14 13:20:00,580.92,580.92,580.84,580.84,-0.01,218.43,124254.17,-1
2025-10-14,2025-10-14 13:21:00,580.84,580.84,580.76,580.76,-0.01,218.43,124254.17,-1
2025-10-14,2025-10-14 13:22:00,580.76,580.76,580.68,580.68,-0.01,218.43,124254.17,-1
2025-10-14,2025-10-14 13:23:00,580.68,580.68,580.6,580.6,-0.01,218.43,124254.17,-1
2025-10-14,2025-10-14 13:24:00,580.6,580.6,580.52,580.52,-0.01,218.43,124254.17,-1
2025-10-14,2025-10-14 13:25:00,580.52,580.52,580.44,580.44,-0.01,218.43,124254.17,-1
2025-10-14,2025-10-14 13:26:00,580.44,580.44,580.36,580.36,-0.01,218.43,124254.17,-1
2025-10-14,2025-10-14 13:27:00,580.36,580.36,580.28,580.28,-0.01,218.43,124254.17,-1
2025-10-14,2025-10-14 13:28:00,580.28,580.28,580.2,580.2,-0.01,218.43,124254.17,-1
2025-10-14,2025-10-14 13:29:00,580.2,580.2,580.12,580.12,-0.01,218.43,124254.17,-1
2025-10-14,2025-10-14 13:30:00,580.12,580.12,580.05,580.05,-0.01,218.43,124254.17,-1
2025-10-14,2025-10-14 13:31:00,580.05,580.05,579.97,579.97,-0.01,218.43,124254.17,-1
2025-10-14,2025-10-14 13:32:00,579.97,579.97,579.89,579.89,-0.01,218.43,124254.17,-1
2025-10-14,2025-10-14 13:33:00,579.89,579.89,579.81,579.81,-0.01,218.43,124254.17,-1
2025-10-14,2025-10-14 13:34:00,579.81,579.81,579.73,579.73,-0.01,218.43,124254.17,-1
2025-10-14,2025-10-14 13:35:00,579.73,579.73,579.65,579.65,-0.01,218.43,124254.17,-1
2025-10-14,2025-10-14 13:36:00,579.65,579.65,579.57,579.57,-0.01,218.43,124254.17,-1
2025-10-14,2025-10-14 13:37:00,579.57,579.57,579.49,579.49,-0.01,218.43,124254.17,-1
2025-10-14,2025-10-14 13:38:00,579.49,579.49,579.41,579.41,-0.01,218.43,124254.17,-1
2025-10-14,2025-10-14 13:39:00,579.41,579.41,579.33,579.33,-0.01,218.43,124254.17,-1
2025-10-14,2025-10-14 13:40:00,579.33,579.33,579.25,579.25,-0.01,218.43,124254.17,-1
2025-10-14,2025-10-14 13:41:00,579.25,579.25,579.17,579.17,-0.01,218.43,124254.17,-1
2025-10-14,2025-10-14 13:42:00,579.17,579.17,579.1,579.1,-0.01,218.43,124254.17,-1
2025-10-14,2025-10-14 13:43:00,579.1,579.1,579.02,579.02,-0.01,218.43,124254.17,-1
2025-10-14,2025-10-14 13:44:00,579.02,579.02,578.94,578.94,-0.01,218.43,124254.17,-1
2025-10-14,2025-10-14 13:45:00,578.94,578.94,578.86,578.86,-0.01,218.43,124254.17,-1
2025-10-14,2025-10-14 13:46:00,578.86,578.86,578.78,578.78,-0.01,218.43,124254.17,-1
2025-10-14,2025-10-14 13:47:00,578.78,578.78,578.7,578.7,-0.01,218.43,124254.17,-1
2025-10-14,2025-10-14 13:48:00,578.7,578.7,578.62,578.62,-0.01,218.43,124254.17,-1
2025-10-14,2025-10-14 13:49:00,578.62,578.62,578.54,578.54,-0.01,218.43,124254.17,-1
2025-10-14,2025-10-14 13:50:00,578.54,578.54,578.46,578.46,-0.01,218.43,124254.17,-1
2025-10-14,2025-10-14 13:51:00,578.46,578.46,578.38,578.38,-0.01,218.43,124254.17,-1
2025-10-14,2025-10-14 13:52:00,578.38,578.38,578.3,578.3,-0.01,218.43,124254.17,-1
2025-10-14,2025-10-14 13:53:00,578.3,578.3,578.23,578.23,-0.01,218.43,124254.17,-1
2025-10-14,2025-10-14 13:54:00,578.23,578.23,578.15,578.15,-0.01,218.43,124254.17,-1
2025-10-14,2025-10-14 13:55:00,578.15,578.15,578.07,578.07,-0.01,218.43,124254.17,-1
2025-10-14,2025-10-14 13:56:00,578.07,578.07,577.99,577.99,-0.01,218.43,124254.17,-1
2025-10-14,2025-10-14 13:57:00,577.99,577.99,577.91,577.91,-0.01,218.43,124254.17,-1
2025-10-14,2025-10-14 13:58:00,577.91,577.91,577.83,577.83,-0.01,218.43,124254.17,-1
2025-10-14,2025-10-14 13:59:00,577.83,577.83,577.75,577.75,-0.01,218.43,124254.17,-1
2025-10-14,2025-10-14 14:00:00,577.75,577.75,577.67,577.67,-0.01,218.43,124254.17,-1
2025-10-14,2025-10-14 14:01:00,577.67,577.67,577.59,577.59,-0.01,218.43,124254.17,-1
2025-10-14,2025-10-14 14:02:00,577.59,577.59,577.51,577.51,-0.01,218.43,124254.17,-1
2025-10-14,2025-10-14 14:03:00,577.51,577.51,577.43,577.43,-0.01,218.43,124254.17,-1
2025-10-14,2025-10-14 14:04:00,577.43,577.43,577.35,577.35,-0.01,218.43,124254.17,-1
2025-10-14,2025-10-14 14:05:00,577.35,577.35,577.27,577.27,-0.01,218.43,124254.17,-1
2025-10-14,2025-10-14 14:06:00,577.27,577.27,577.2,577.2,-0.01,218.43,124254.17,-1
2025-10-14,2025-10-14 14:07:00,577.2,577.2,577.12,577.12,-0.01,218.43,124254.17,-1
2025-10-14,2025-10-14 14:08:00,577.12,577.12,577.04,577.04,-0.01,218.43,124254.17,-1
2025-10-14,2025-10-14 14:09:00,577.04,577.04,576.96,576.96,-0.01,218.43,124254.17,-1
2025-10-14,2025-10-14 14:10:00,576.96,576.96,576.88,576.88,-0.01,218.43,124254.17,-1
2025-10-14,2025-10-14 14:11:00,576.88,576.88,576.8,576.8,-0.01,218.43,124254.17,-1
2025-10-14,2025-10-14 14:12:00,576.8,576.8,576.72,576.72,-0.01,218.43,124254.17,-1
2025-10-14,2025-10-14 14:13:00,576.72,576.72,576.64,576.64,-0.01,218.43,124254.17,-1
2025-10-14,2025-10-14 14:14:00,576.64,576.64,576.56,576.56,-0.01,218.43,124254.17,-1
2025-10-14,2025-10-14 14:15:00,576.56,576.56,576.48,576.48,-0.01,218.43,124254.17,-1
2025-10-14,2025-10-14 14:16:00,576.48,576.48,576.4,576.4,-0.01,218.43,124254.17,-1
2025-10-14,2025-10-14 14:17:00,576.4,576.4,576.33,576.33,-0.01,218.43,124254.17,-1
2025-10-14,2025-10-14 14:18:00,576.33,576.33,576.25,576.25,-0.01,218.43,124254.17,-1
2025-10-14,2025-10-14 14:19:00,576.25,576.25,576.17,576.17,-0.01,218.43,124254.17,-1
2025-10-14,2025-10-14 14:20:00,576.17,576.17,576.09,576.09,-0.01,218.43,124254.17,-1
2025-10-14,2025-10-14 14:21:00,576.09,576.09,576.01,576.01,-0.01,218.43,124254.17,-1
2025-10-14,2025-10-14 14:22:00,576.01,576.01,575.93,575.93,-0.01,218.43,124254.17,-1
2025-10-14,2025-10-14 14:23:00,575.93,575.93,575.85,575.85,-0.01,218.43,124254.17,-1
2025-10-14,2025-10-14 14:24:00,575.85,575.85,575.77,575.77,-0.01,218.43,124254.17,-1
2025-10-14,2025-10-14 14:25:00,575.77,575.77,575.69,575.69,-0.01,218.43,124254.17,-1
2025-10-14,2025-10-14 14:26:00,575.69,575.69,575.61,575.61,-0.01,218.43,124254.17,-1
2025-10-14,2025-10-14 14:27:00,575.61,575.61,575.53,575.53,-0.01,218.43,124254.17,-1
2025-10-14,2025-10-14 14:28:00,575.53,575.53,575.45,575.45,-0.01,218.43,124254.17,-1
2025-10-14,2025-10-14 14:29:00,575.45,575.45,575.38,575.38,-0.01,218.43,124254.17,-1
2025-10-14,2025-10-14 14:30:00,575.38,575.38,575.3,575.3,-0.01,218.43,124254.17,-1
2025-10-14,2025-10-14 14:31:00,575.3,575.3,575.22,575.22,-0.01,218.43,124254.17,-1
2025-10-14,2025-10-14 14:32:00,575.22,575.22,575.14,575.14,-0.01,218.43,124254.17,-1
2025-10-14,2025-10-14 14:33:00,575.14,575.14,575.06,575.06,-0.01,218.43,124254.17,-1
2025-10-14,2025-10-14 14:34:00,575.06,575.06,574.98,574.98,-0.01,218.43,124254.17,-1
2025-10-14,2025-10-14 14:35:00,574.98,574.98,574.9,574.9,-0.01,218.43,124254.17,-1
2025-10-14,2025-10-14 14:36:00,574.9,574.9,574.82,574.82,-0.01,218.43,124254.17,-1
2025-10-14,2025-10-14 14:37:00,574.82,574.82,574.74,574.74,-0.01,218.43,124254.17,-1
2025-10-14,2025-10-14 14:38:00,574.74,574.74,574.66,574.66,-0.01,218.43,124254.17,-1
2025-10-14,2025-10-14 14:39:00,574.66,574.66,574.58,574.58,-0.01,218.43,124254.17,-1
2025-10-14,2025-10-14 14:40:00,574.58,574.58,574.5,574.5,-0.01,218.43,124254.17,-1
2025-10-14,2025-10-14 14:41:00,574.5,574.5,574.42,574.42,-0.01,218.43,124254.17,-1
2025-10-14,2025-10-14 14:42:00,574.42,574.42,574.35,574.35,-0.01,218.43,124254.17,-1
2025-10-14,2025-10-14 14:43:00,574.35,574.35,574.27,574.27,-0.01,218.43,124254.17,-1
2025-10-14,2025-10-14 14:44:00,574.27,574.27,574.19,574.19,-0.01,218.43,124254.17,-1
2025-10-14,2025-10-14 14:45:00,574.19,574.19,574.11,574.11,-0.01,218.43,124254.17,-1
2025-10-14,2025-10-14 14:46:00,574.11,574.11,574.03,574.03,-0.01,218.43,124254.17,-1
2025-10-14,2025-10-14 14:47:00,574.03,574.03,573.95,573.95,-0.01,218.43,124254.17,-1
2025-10-14,2025-10-14 14:48:00,573.95,573.95,573.87,573.87,-0.01,218.43,124254.17,-1
2025-10-14,2025-10-14 14:49:00,573.87,573.87,573.79,573.79,-0.01,218.43,124254.17,-1
2025-10-14,2025-10-14 14:50:00,573.79,573.79,573.71,573.71,-0.01,218.43,124254.17,-1
2025-10-14,2025-10-14 14:51:00,573.71,573.71,573.63,573.63,-0.01,218.43,124254.17,-1
2025-10-14,2025-10-14 14:52:00,573.63,573.63,573.55,573.55,-0.01,218.43,124254.17,-1
2025-10-14,2025-10-14 14:53:00,573.55,573.55,573.48,573.48,-0.01,218.43,124254.17,-1
2025-10-14,2025-10-14 14:54:00,573.48,573.48,573.4,573.4,-0.01,218.43,124254.17,-1
2025-10-14,2025-10-14 14:55:00,573.4,573.4,573.32,573.32,-0.01,218.43,124254.17,-1
2025-10-14,2025-10-14 14:56:00,573.32,573.32,573.24,573.24,-0.01,218.43,124254.17,-1
2025-10-14,2025-10-14 14:57:00,573.24,573.24,573.16,573.16,-0.01,218.43,124254.17,-1
2025-10-14,2025-10-14 14:58:00,573.16,573.16,573.08,573.08,-0.01,218.43,124254.17,-1
2025-10-14,2025-10-14 14:59:00,573.08,573.08,573.0,573.0,-0.01,218.43,124254.17,-1
2025-10-14,2025-10-14 15:00:00,573.0,597.9,553.8,573.0,0.0,218.43,124254.17,0
2025-10-15,2025-10-15 11:00:00,561.6,571.62,554.97,561.55,-0.01,61.73,33939.78,-1
2025-10-15,2025-10-15 11:01:00,561.55,561.55,561.5,561.5,-0.01,61.73,33939.78,-1
2025-10-15,2025-10-15 11:02:00,561.5,561.5,561.46,561.46,-0.01,61.73,33939.78,-1
2025-10-15,2025-10-15 11:03:00,561.46,561.46,561.41,561.41,-0.01,61.73,33939.78,-1
2025-10-15,2025-10-15 11:04:00,561.41,561.41,561.36,561.36,-0.01,61.73,33939.78,-1
2025-10-15,2025-10-15 11:05:00,561.36,561.36,561.31,561.31,-0.01,61.73,33939.78,-1
2025-10-15,2025-10-15 11:06:00,561.31,561.31,561.26,561.26,-0.01,61.73,33939.78,-1
2025-10-15,2025-10-15 11:07:00,561.26,561.26,561.21,561.21,-0.01,61.73,33939.78,-1
2025-10-15,2025-10-15 11:08:00,561.21,561.21,561.17,561.17,-0.01,61.73,33939.78,-1
2025-10-15,2025-10-15 11:09:00,561.17,561.17,561.12,561.12,-0.01,61.73,33939.78,-1
2025-10-15,2025-10-15 11:10:00,561.12,561.12,561.07,561.07,-0.01,61.73,33939.78,-1
2025-10-15,2025-10-15 11:11:00,561.07,561.07,561.02,561.02,-0.01,61.73,33939.78,-1
2025-10-15,2025-10-15 11:12:00,561.02,561.02,560.97,560.97,-0.01,61.73,33939.78,-1
2025-10-15,2025-10-15 11:13:00,560.97,560.97,560.92,560.92,-0.01,61.73,33939.78,-1
2025-10-15,2025-10-15 11:14:00,560.92,560.92,560.88,560.88,-0.01,61.73,33939.78,-1
2025-10-15,2025-10-15 11:15:00,560.88,560.88,560.83,560.83,-0.01,61.73,33939.78,-1
2025-10-15,2025-10-15 11:16:00,560.83,560.83,560.78,560.78,-0.01,61.73,33939.78,-1
2025-10-15,2025-10-15 11:17:00,560.78,560.78,560.73,560.73,-0.01,61.73,33939.78,-1
2025-10-15,2025-10-15 11:18:00,560.73,560.73,560.68,560.68,-0.01,61.73,33939.78,-1
2025-10-15,2025-10-15 11:19:00,560.68,560.68,560.63,560.63,-0.01,61.73,33939.78,-1
2025-10-15,2025-10-15 11:20:00,560.63,560.63,560.59,560.59,-0.01,61.73,33939.78,-1
2025-10-15,2025-10-15 11:21:00,560.59,560.59,560.54,560.54,-0.01,61.73,33939.78,-1
2025-10-15,2025-10-15 11:22:00,560.54,560.54,560.49,560.49,-0.01,61.73,33939.78,-1
2025-10-15,2025-10-15 11:23:00,560.49,560.49,560.44,560.44,-0.01,61.73,33939.78,-1
2025-10-15,2025-10-15 11:24:00,560.44,560.44,560.39,560.39,-0.01,61.73,33939.78,-1
2025-10-15,2025-10-15 11:25:00,560.39,560.39,560.34,560.34,-0.01,61.73,33939.78,-1
2025-10-15,2025-10-15 11:26:00,560.34,560.34,560.3,560.3,-0.01,61.73,33939.78,-1
2025-10-15,2025-10-15 11:27:00,560.3,560.3,560.25,560.25,-0.01,61.73,33939.78,-1
2025-10-15,2025-10-15 11:28:00,560.25,560.25,560.2,560.2,-0.01,61.73,33939.78,-1
2025-10-15,2025-10-15 11:29:00,560.2,560.2,560.15,560.15,-0.01,61.73,33939.78,-1
2025-10-15,2025-10-15 11:30:00,560.15,560.15,560.1,560.1,-0.01,61.73,33939.78,-1
2025-10-15,2025-10-15 11:31:00,560.1,560.1,560.05,560.05,-0.01,61.73,33939.78,-1
2025-10-15,2025-10-15 11:32:00,560.05,560.05,560.0,560.0,-0.01,61.73,33939.78,-1
2025-10-15,2025-10-15 11:33:00,560.0,560.0,559.96,559.96,-0.01,61.73,33939.78,-1
2025-10-15,2025-10-15 11:34:00,559.96,559.96,559.91,559.91,-0.01,61.73,33939.78,-1
2025-10-15,2025-10-15 11:35:00,559.91,559.91,559.86,559.86,-0.01,61.73,33939.78,-1
2025-10-15,2025-10-15 11:36:00,559.86,559.86,559.81,559.81,-0.01,61.73,33939.78,-1
2025-10-15,2025-10-15 11:37:00,559.81,559.81,559.76,559.76,-0.01,61.73,33939.78,-1
2025-10-15,2025-10-15 11:38:00,559.76,559.76,559.72,559.72,-0.01,61.73,33939.78,-1
2025-10-15,2025-10-15 11:39:00,559.72,559.72,559.67,559.67,-0.01,61.73,33939.78,-1
2025-10-15,2025-10-15 11:40:00,559.67,559.67,559.62,559.62,-0.01,61.73,33939.78,-1
2025-10-15,2025-10-15 11:41:00,559.62,559.62,559.57,559.57,-0.01,61.73,33939.78,-1
2025-10-15,2025-10-15 11:42:00,559.57,559.57,559.52,559.52,-0.01,61.73,33939.78,-1
2025-10-15,2025-10-15 11:43:00,559.52,559.52,559.47,559.47,-0.01,61.73,33939.78,-1
2025-10-15,2025-10-15 11:44:00,559.47,559.47,559.43,559.43,-0.01,61.73,33939.78,-1
2025-10-15,2025-10-15 11:45:00,559.43,559.43,559.38,559.38,-0.01,61.73,33939.78,-1
2025-10-15,2025-10-15 11:46:00,559.38,559.38,559.33,559.33,-0.01,61.73,33939.78,-1
2025-10-15,2025-10-15 11:47:00,559.33,559.33,559.28,559.28,-0.01,61.73,33939.78,-1
2025-10-15,2025-10-15 11:48:00,559.28,559.28,559.23,559.23,-0.01,61.73,33939.78,-1
2025-10-15,2025-10-15 11:49:00,559.23,559.23,559.18,559.18,-0.01,61.73,33939.78,-1
2025-10-15,2025-10-15 11:50:00,559.18,559.18,559.13,559.13,-0.01,61.73,33939.78,-1
2025-10-15,2025-10-15 11:51:00,559.13,559.13,559.09,559.09,-0.01,61.73,33939.78,-1
2025-10-15,2025-10-15 11:52:00,559.09,559.09,559.04,559.04,-0.01,61.73,33939.78,-1
2025-10-15,2025-10-15 11:53:00,559.04,559.04,558.99,558.99,-0.01,61.73,33939.78,-1
2025-10-15,2025-10-15 11:54:00,558.99,558.99,558.94,558.94,-0.01,61.73,33939.78,-1
2025-10-15,2025-10-15 11:55:00,558.94,558.94,558.89,558.89,-0.01,61.73,33939.78,-1
2025-10-15,2025-10-15 11:56:00,558.89,558.89,558.85,558.85,-0.01,61.73,33939.78,-1
2025-10-15,2025-10-15 11:57:00,558.85,558.85,558.8,558.8,-0.01,61.73,33939.78,-1
2025-10-15,2025-10-15 11:58:00,558.8,558.8,558.75,558.75,-0.01,61.73,33939.78,-1
2025-10-15,2025-10-15 11:59:00,558.75,558.75,558.7,558.7,-0.01,61.73,33939.78,-1
2025-10-15,2025-10-15 12:00:00,558.7,558.7,558.65,558.65,-0.01,61.73,33939.78,-1
2025-10-15,2025-10-15 12:01:00,558.65,558.65,558.6,558.6,-0.01,61.73,33939.78,-1
2025-10-15,2025-10-15 12:02:00,558.6,558.6,558.56,558.56,-0.01,61.73,33939.78,-1
2025-10-15,2025-10-15 12:03:00,558.56,558.56,558.51,558.51,-0.01,61.73,33939.78,-1
2025-10-15,2025-10-15 12:04:00,558.51,558.51,558.46,558.46,-0.01,61.73,33939.78,-1
2025-10-15,2025-10-15 12:05:00,558.46,558.46,558.41,558.41,-0.01,61.73,33939.78,-1
2025-10-15,2025-10-15 12:06:00,558.41,558.41,558.36,558.36,-0.01,61.73,33939.78,-1
2025-10-15,2025-10-15 12:07:00,558.36,558.36,558.31,558.31,-0.01,61.73,33939.78,-1
2025-10-15,2025-10-15 12:08:00,558.31,558.31,558.26,558.26,-0.01,61.73,33939.78,-1
2025-10-15,2025-10-15 12:09:00,558.26,558.26,558.22,558.22,-0.01,61.73,33939.78,-1
2025-10-15,2025-10-15 12:10:00,558.22,558.22,558.17,558.17,-0.01,61.73,33939.78,-1
2025-10-15,2025-10-15 12:11:00,558.17,558.17,558.12,558.12,-0.01,61.73,33939.78,-1
2025-10-15,2025-10-15 12:12:00,558.12,558.12,558.07,558.07,-0.01,61.73,33939.78,-1
2025-10-15,2025-10-15 12:13:00,558.07,558.07,558.02,558.02,-0.01,61.73,33939.78,-1
2025-10-15,2025-10-15 12:14:00,558.02,558.02,557.98,557.98,-0.01,61.73,33939.78,-1
2025-10-15,2025-10-15 12:15:00,557.98,557.98,557.93,557.93,-0.01,61.73,33939.78,-1
2025-10-15,2025-10-15 12:16:00,557.93,557.93,557.88,557.88,-0.01,61.73,33939.78,-1
2025-10-15,2025-10-15 12:17:00,557.88,557.88,557.83,557.83,-0.01,61.73,33939.78,-1
2025-10-15,2025-10-15 12:18:00,557.83,557.83,557.78,557.78,-0.01,61.73,33939.78,-1
2025-10-15,2025-10-15 12:19:00,557.78,557.78,557.73,557.73,-0.01,61.73,33939.78,-1
2025-10-15,2025-10-15 12:20:00,557.73,557.73,557.69,557.69,-0.01,61.73,33939.78,-1
2025-10-15,2025-10-15 12:21:00,557.69,557.69,557.64,557.64,-0.01,61.73,33939.78,-1
2025-10-15,2025-10-15 12:22:00,557.64,557.64,557.59,557.59,-0.01,61.73,33939.78,-1
2025-10-15,2025-10-15 12:23:00,557.59,557.59,557.54,557.54,-0.01,61.73,33939.78,-1
2025-10-15,2025-10-15 12:24:00,557.54,557.54,557.49,557.49,-0.01,61.73,33939.78,-1
2025-10-15,2025-10-15 12:25:00,557.49,557.49,557.44,557.44,-0.01,61.73,33939.78,-1
2025-10-15,2025-10-15 12:26:00,557.44,557.44,557.39,557.39,-0.01,61.73,33939.78,-1
2025-10-15,2025-10-15 12:27:00,557.39,557.39,557.35,557.35,-0.01,61.73,33939.78,-1
2025-10-15,2025-10-15 12:28:00,557.35,557.35,557.3,557.3,-0.01,61.73,33939.78,-1
2025-10-15,2025-10-15 12:29:00,557.3,557.3,557.25,557.25,-0.01,61.73,33939.78,-1
2025-10-15,2025-10-15 12:30:00,557.25,557.25,557.2,557.2,-0.01,61.73,33939.78,-1
2025-10-15,2025-10-15 12:31:00,557.2,557.2,557.15,557.15,-0.01,61.73,33939.78,-1
2025-10-15,2025-10-15 12:32:00,557.15,557.15,557.11,557.11,-0.01,61.73,33939.78,-1
2025-10-15,2025-10-15 12:33:00,557.11,557.11,557.06,557.06,-0.01,61.73,33939.78,-1
2025-10-15,2025-10-15 12:34:00,557.06,557.06,557.01,557.01,-0.01,61.73,33939.78,-1
2025-10-15,2025-10-15 12:35:00,557.01,557.01,556.96,556.96,-0.01,61.73,33939.78,-1
2025-10-15,2025-10-15 12:36:00,556.96,556.96,556.91,556.91,-0.01,61.73,33939.78,-1
2025-10-15,2025-10-15 12:37:00,556.91,556.91,556.86,556.86,-0.01,61.73,33939.78,-1
2025-10-15,2025-10-15 12:38:00,556.86,556.86,556.82,556.82,-0.01,61.73,33939.78,-1
2025-10-15,2025-10-15 12:39:00,556.82,556.82,556.77,556.77,-0.01,61.73,33939.78,-1
2025-10-15,2025-10-15 12:40:00,556.77,556.77,556.72,556.72,-0.01,61.73,33939.78,-1
2025-10-15,2025-10-15 12:41:00,556.72,556.72,556.67,556.67,-0.01,61.73,33939.78,-1
2025-10-15,2025-10-15 12:42:00,556.67,556.67,556.62,556.62,-0.01,61.73,33939.78,-1
2025-10-15,2025-10-15 12:43:00,556.62,556.62,556.57,556.57,-0.01,61.73,33939.78,-1
2025-10-15,2025-10-15 12:44:00,556.57,556.57,556.52,556.52,-0.01,61.73,33939.78,-1
2025-10-15,2025-10-15 12:45:00,556.52,556.52,556.48,556.48,-0.01,61.73,33939.78,-1
2025-10-15,2025-10-15 12:46:00,556.48,556.48,556.43,556.43,-0.01,61.73,33939.78,-1
2025-10-15,2025-10-15 12:47:00,556.43,556.43,556.38,556.38,-0.01,61.73,33939.78,-1
2025-10-15,2025-10-15 12:48:00,556.38,556.38,556.33,556.33,-0.01,61.73,33939.78,-1
2025-10-15,2025-10-15 12:49:00,556.33,556.33,556.28,556.28,-0.01,61.73,33939.78,-1
2025-10-15,2025-10-15 12:50:00,556.28,556.28,556.24,556.24,-0.01,61.73,33939.78,-1
2025-10-15,2025-10-15 12:51:00,556.24,556.24,556.19,556.19,-0.01,61.73,33939.78,-1
2025-10-15,2025-10-15 12:52:00,556.19,556.19,556.14,556.14,-0.01,61.73,33939.78,-1
2025-10-15,2025-10-15 12:53:00,556.14,556.14,556.09,556.09,-0.01,61.73,33939.78,-1
2025-10-15,2025-10-15 12:54:00,556.09,556.09,556.04,556.04,-0.01,61.73,33939.78,-1
2025-10-15,2025-10-15 12:55:00,556.04,556.04,555.99,555.99,-0.01,61.73,33939.78,-1
2025-10-15,2025-10-15 12:56:00,555.99,555.99,555.95,555.95,-0.01,61.73,33939.78,-1
2025-10-15,2025-10-15 12:57:00,555.95,555.95,555.9,555.9,-0.01,61.73,33939.78,-1
2025-10-15,2025-10-15 12:58:00,555.9,555.9,555.85,555.85,-0.01,61.73,33939.78,-1
2025-10-15,2025-10-15 12:59:00,555.85,555.85,555.8,555.8,-0.01,61.73,33939.78,-1
2025-10-15,2025-10-15 13:00:00,555.8,595.0,539.5,555.75,-0.01,61.73,33939.78,-1
2025-10-15,2025-10-15 13:01:00,555.75,555.75,555.7,555.7,-0.01,61.73,33939.78,-1
2025-10-15,2025-10-15 13:02:00,555.7,555.7,555.65,555.65,-0.01,61.73,33939.78,-1
2025-10-15,2025-10-15 13:03:00,555.65,555.65,555.61,555.61,-0.01,61.73,33939.78,-1
2025-10-15,2025-10-15 13:04:00,555.61,555.61,555.56,555.56,-0.01,61.73,33939.78,-1
2025-10-15,2025-10-15 13:05:00,555.56,555.56,555.51,555.51,-0.01,61.73,33939.78,-1
2025-10-15,2025-10-15 13:06:00,555.51,555.51,555.46,555.46,-0.01,61.73,33939.78,-1
2025-10-15,2025-10-15 13:07:00,555.46,555.46,555.41,555.41,-0.01,61.73,33939.78,-1
2025-10-15,2025-10-15 13:08:00,555.41,555.41,555.37,555.37,-0.01,61.73,33939.78,-1
2025-10-15,2025-10-15 13:09:00,555.37,555.37,555.32,555.32,-0.01,61.73,33939.78,-1
2025-10-15,2025-10-15 13:10:00,555.32,555.32,555.27,555.27,-0.01,61.73,33939.78,-1
2025-10-15,2025-10-15 13:11:00,555.27,555.27,555.22,555.22,-0.01,61.73,33939.78,-1
2025-10-15,2025-10-15 13:12:00,555.22,555.22,555.17,555.17,-0.01,61.73,33939.78,-1
2025-10-15,2025-10-15 13:13:00,555.17,555.17,555.12,555.12,-0.01,61.73,33939.78,-1
2025-10-15,2025-10-15 13:14:00,555.12,555.12,555.08,555.08,-0.01,61.73,33939.78,-1
2025-10-15,2025-10-15 13:15:00,555.08,555.08,555.03,555.03,-0.01,61.73,33939.78,-1
2025-10-15,2025-10-15 13:16:00,555.03,555.03,554.98,554.98,-0.01,61.73,33939.78,-1
2025-10-15,2025-10-15 13:17:00,554.98,554.98,554.93,554.93,-0.01,61.73,33939.78,-1
2025-10-15,2025-10-15 13:18:00,554.93,554.93,554.88,554.88,-0.01,61.73,33939.78,-1
2025-10-15,2025-10-15 13:19:00,554.88,554.88,554.83,554.83,-0.01,61.73,33939.78,-1
2025-10-15,2025-10-15 13:20:00,554.83,554.83,554.78,554.78,-0.01,61.73,33939.78,-1
2025-10-15,2025-10-15 13:21:00,554.78,554.78,554.74,554.74,-0.01,61.73,33939.78,-1
2025-10-15,2025-10-15 13:22:00,554.74,554.74,554.69,554.69,-0.01,61.73,33939.78,-1
2025-10-15,2025-10-15 13:23:00,554.69,554.69,554.64,554.64,-0.01,61.73,33939.78,-1
2025-10-15,2025-10-15 13:24:00,554.64,554.64,554.59,554.59,-0.01,61.73,33939.78,-1
2025-10-15,2025-10-15 13:25:00,554.59,554.59,554.54,554.54,-0.01,61.73,33939.78,-1
2025-10-15,2025-10-15 13:26:00,554.54,554.54,554.5,554.5,-0.01,61.73,33939.78,-1
2025-10-15,2025-10-15 13:27:00,554.5,554.5,554.45,554.45,-0.01,61.73,33939.78,-1
2025-10-15,2025-10-15 13:28:00,554.45,554.45,554.4,554.4,-0.01,61.73,33939.78,-1
2025-10-15,2025-10-15 13:29:00,554.4,554.4,554.35,554.35,-0.01,61.73,33939.78,-1
2025-10-15,2025-10-15 13:30:00,554.35,554.35,554.3,554.3,-0.01,61.73,33939.78,-1
2025-10-15,2025-10-15 13:31:00,554.3,554.3,554.25,554.25,-0.01,61.73,33939.78,-1
2025-10-15,2025-10-15 13:32:00,554.25,554.25,554.21,554.21,-0.01,61.73,33939.78,-1
2025-10-15,2025-10-15 13:33:00,554.21,554.21,554.16,554.16,-0.01,61.73,33939.78,-1
2025-10-15,2025-10-15 13:34:00,554.16,554.16,554.11,554.11,-0.01,61.73,33939.78,-1
2025-10-15,2025-10-15 13:35:00,554.11,554.11,554.06,554.06,-0.01,61.73,33939.78,-1
2025-10-15,2025-10-15 13:36:00,554.06,554.06,554.01,554.01,-0.01,61.73,33939.78,-1
2025-10-15,2025-10-15 13:37:00,554.01,554.01,553.96,553.96,-0.01,61.73,33939.78,-1
2025-10-15,2025-10-15 13:38:00,553.96,553.96,553.91,553.91,-0.01,61.73,33939.78,-1
2025-10-15,2025-10-15 13:39:00,553.91,553.91,553.87,553.87,-0.01,61.73,33939.78,-1
2025-10-15,2025-10-15 13:40:00,553.87,553.87,553.82,553.82,-0.01,61.73,33939.78,-1
2025-10-15,2025-10-15 13:41:00,553.82,553.82,553.77,553.77,-0.01,61.73,33939.78,-1
2025-10-15,2025-10-15 13:42:00,553.77,553.77,553.72,553.72,-0.01,61.73,33939.78,-1
2025-10-15,2025-10-15 13:43:00,553.72,553.72,553.67,553.67,-0.01,61.73,33939.78,-1
2025-10-15,2025-10-15 13:44:00,553.67,553.67,553.62,553.62,-0.01,61.73,33939.78,-1
2025-10-15,2025-10-15 13:45:00,553.62,553.62,553.58,553.58,-0.01,61.73,33939.78,-1
2025-10-15,2025-10-15 13:46:00,553.58,553.58,553.53,553.53,-0.01,61.73,33939.78,-1
2025-10-15,2025-10-15 13:47:00,553.53,553.53,553.48,553.48,-0.01,61.73,33939.78,-1
2025-10-15,2025-10-15 13:48:00,553.48,553.48,553.43,553.43,-0.01,61.73,33939.78,-1
2025-10-15,2025-10-15 13:49:00,553.43,553.43,553.38,553.38,-0.01,61.73,33939.78,-1
2025-10-15,2025-10-15 13:50:00,553.38,553.38,553.34,553.34,-0.01,61.73,33939.78,-1
2025-10-15,2025-10-15 13:51:00,553.34,553.34,553.29,553.29,-0.01,61.73,33939.78,-1
2025-10-15,2025-10-15 13:52:00,553.29,553.29,553.24,553.24,-0.01,61.73,33939.78,-1
2025-10-15,2025-10-15 13:53:00,553.24,553.24,553.19,553.19,-0.01,61.73,33939.78,-1
2025-10-15,2025-10-15 13:54:00,553.19,553.19,553.14,553.14,-0.01,61.73,33939.78,-1
2025-10-15,2025-10-15 13:55:00,553.14,553.14,553.09,553.09,-0.01,61.73,33939.78,-1
2025-10-15,2025-10-15 13:56:00,553.09,553.09,553.04,553.04,-0.01,61.73,33939.78,-1
2025-10-15,2025-10-15 13:57:00,553.04,553.04,553.0,553.0,-0.01,61.73,33939.78,-1
2025-10-15,2025-10-15 13:58:00,553.0,553.0,552.95,552.95,-0.01,61.73,33939.78,-1
2025-10-15,2025-10-15 13:59:00,552.95,552.95,552.9,552.9,-0.01,61.73,33939.78,-1
2025-10-15,2025-10-15 14:00:00,552.9,552.9,552.85,552.85,-0.01,61.73,33939.78,-1
2025-10-15,2025-10-15 14:01:00,552.85,552.85,552.8,552.8,-0.01,61.73,33939.78,-1
2025-10-15,2025-10-15 14:02:00,552.8,552.8,552.75,552.75,-0.01,61.73,33939.78,-1
2025-10-15,2025-10-15 14:03:00,552.75,552.75,552.71,552.71,-0.01,61.73,33939.78,-1
2025-10-15,2025-10-15 14:04:00,552.71,552.71,552.66,552.66,-0.01,61.73,33939.78,-1
2025-10-15,2025-10-15 14:05:00,552.66,552.66,552.61,552.61,-0.01,61.73,33939.78,-1
2025-10-15,2025-10-15 14:06:00,552.61,552.61,552.56,552.56,-0.01,61.73,33939.78,-1
2025-10-15,2025-10-15 14:07:00,552.56,552.56,552.51,552.51,-0.01,61.73,33939.78,-1
2025-10-15,2025-10-15 14:08:00,552.51,552.51,552.47,552.47,-0.01,61.73,33939.78,-1
2025-10-15,2025-10-15 14:09:00,552.47,552.47,552.42,552.42,-0.01,61.73,33939.78,-1
2025-10-15,2025-10-15 14:10:00,552.42,552.42,552.37,552.37,-0.01,61.73,33939.78,-1
2025-10-15,2025-10-15 14:11:00,552.37,552.37,552.32,552.32,-0.01,61.73,33939.78,-1
2025-10-15,2025-10-15 14:12:00,552.32,552.32,552.27,552.27,-0.01,61.73,33939.78,-1
2025-10-15,2025-10-15 14:13:00,552.27,552.27,552.22,552.22,-0.01,61.73,33939.78,-1
2025-10-15,2025-10-15 14:14:00,552.22,552.22,552.17,552.17,-0.01,61.73,33939.78,-1
2025-10-15,2025-10-15 14:15:00,552.17,552.17,552.13,552.13,-0.01,61.73,33939.78,-1
2025-10-15,2025-10-15 14:16:00,552.13,552.13,552.08,552.08,-0.01,61.73,33939.78,-1
2025-10-15,2025-10-15 14:17:00,552.08,552.08,552.03,552.03,-0.01,61.73,33939.78,-1
2025-10-15,2025-10-15 14:18:00,552.03,552.03,551.98,551.98,-0.01,61.73,33939.78,-1
2025-10-15,2025-10-15 14:19:00,551.98,551.98,551.93,551.93,-0.01,61.73,33939.78,-1
2025-10-15,2025-10-15 14:20:00,551.93,551.93,551.88,551.88,-0.01,61.73,33939.78,-1
2025-10-15,2025-10-15 14:21:00,551.88,551.88,551.84,551.84,-0.01,61.73,33939.78,-1
2025-10-15,2025-10-15 14:22:00,551.84,551.84,551.79,551.79,-0.01,61.73,33939.78,-1
2025-10-15,2025-10-15 14:23:00,551.79,551.79,551.74,551.74,-0.01,61.73,33939.78,-1
2025-10-15,2025-10-15 14:24:00,551.74,551.74,551.69,551.69,-0.01,61.73,33939.78,-1
2025-10-15,2025-10-15 14:25:00,551.69,551.69,551.64,551.64,-0.01,61.73,33939.78,-1
2025-10-15,2025-10-15 14:26:00,551.64,551.64,551.6,551.6,-0.01,61.73,33939.78,-1
2025-10-15,2025-10-15 14:27:00,551.6,551.6,551.55,551.55,-0.01,61.73,33939.78,-1
2025-10-15,2025-10-15 14:28:00,551.55,551.55,551.5,551.5,-0.01,61.73,33939.78,-1
2025-10-15,2025-10-15 14:29:00,551.5,551.5,551.45,551.45,-0.01,61.73,33939.78,-1
2025-10-15,2025-10-15 14:30:00,551.45,551.45,551.4,551.4,-0.01,61.73,33939.78,-1
2025-10-15,2025-10-15 14:31:00,551.4,551.4,551.35,551.35,-0.01,61.73,33939.78,-1
2025-10-15,2025-10-15 14:32:00,551.35,551.35,551.3,551.3,-0.01,61.73,33939.78,-1
2025-10-15,2025-10-15 14:33:00,551.3,551.3,551.26,551.26,-0.01,61.73,33939.78,-1
2025-10-15,2025-10-15 14:34:00,551.26,551.26,551.21,551.21,-0.01,61.73,33939.78,-1
2025-10-15,2025-10-15 14:35:00,551.21,551.21,551.16,551.16,-0.01,61.73,33939.78,-1
2025-10-15,2025-10-15 14:36:00,551.16,551.16,551.11,551.11,-0.01,61.73,33939.78,-1
2025-10-15,2025-10-15 14:37:00,551.11,551.11,551.06,551.06,-0.01,61.73,33939.78,-1
2025-10-15,2025-10-15 14:38:00,551.06,551.06,551.01,551.01,-0.01,61.73,33939.78,-1
2025-10-15,2025-10-15 14:39:00,551.01,551.01,550.97,550.97,-0.01,61.73,33939.78,-1
2025-10-15,2025-10-15 14:40:00,550.97,550.97,550.92,550.92,-0.01,61.73,33939.78,-1
2025-10-15,2025-10-15 14:41:00,550.92,550.92,550.87,550.87,-0.01,61.73,33939.78,-1
2025-10-15,2025-10-15 14:42:00,550.87,550.87,550.82,550.82,-0.01,61.73,33939.78,-1
2025-10-15,2025-10-15 14:43:00,550.82,550.82,550.77,550.77,-0.01,61.73,33939.78,-1
2025-10-15,2025-10-15 14:44:00,550.77,550.77,550.73,550.73,-0.01,61.73,33939.78,-1
2025-10-15,2025-10-15 14:45:00,550.73,550.73,550.68,550.68,-0.01,61.73,33939.78,-1
2025-10-15,2025-10-15 14:46:00,550.68,550.68,550.63,550.63,-0.01,61.73,33939.78,-1
2025-10-15,2025-10-15 14:47:00,550.63,550.63,550.58,550.58,-0.01,61.73,33939.78,-1
2025-10-15,2025-10-15 14:48:00,550.58,550.58,550.53,550.53,-0.01,61.73,33939.78,-1
2025-10-15,2025-10-15 14:49:00,550.53,550.53,550.48,550.48,-0.01,61.73,33939.78,-1
2025-10-15,2025-10-15 14:50:00,550.48,550.48,550.43,550.43,-0.01,61.73,33939.78,-1
2025-10-15,2025-10-15 14:51:00,550.43,550.43,550.39,550.39,-0.01,61.73,33939.78,-1
2025-10-15,2025-10-15 14:52:00,550.39,550.39,550.34,550.34,-0.01,61.73,33939.78,-1
2025-10-15,2025-10-15 14:53:00,550.34,550.34,550.29,550.29,-0.01,61.73,33939.78,-1
2025-10-15,2025-10-15 14:54:00,550.29,550.29,550.24,550.24,-0.01,61.73,33939.78,-1
2025-10-15,2025-10-15 14:55:00,550.24,550.24,550.19,550.19,-0.01,61.73,33939.78,-1
2025-10-15,2025-10-15 14:56:00,550.19,550.19,550.14,550.14,-0.01,61.73,33939.78,-1
2025-10-15,2025-10-15 14:57:00,550.14,550.14,550.1,550.1,-0.01,61.73,33939.78,-1
2025-10-15,2025-10-15 14:58:00,550.1,550.1,550.05,550.05,-0.01,61.73,33939.78,-1
2025-10-15,2025-10-15 14:59:00,550.05,550.05,550.0,550.0,-0.01,61.73,33939.78,-1
2025-10-15,2025-10-15 15:00:00,550.0,595.0,539.5,550.0,0.0,61.73,33939.78,0
2025-10-16,2025-10-16 11:00:00,539.1,545.67,531.57,539.05,-0.01,93.15,49103.65,-1
2025-10-16,2025-10-16 11:01:00,539.05,539.05,539.0,539.0,-0.01,93.15,49103.65,-1
2025-10-16,2025-10-16 11:02:00,539.0,539.0,538.95,538.95,-0.01,93.15,49103.65,-1
2025-10-16,2025-10-16 11:03:00,538.95,538.95,538.9,538.9,-0.01,93.15,49103.65,-1
2025-10-16,2025-10-16 11:04:00,538.9,538.9,538.85,538.85,-0.01,93.15,49103.65,-1
2025-10-16,2025-10-16 11:05:00,538.85,538.85,538.8,538.8,-0.01,93.15,49103.65,-1
2025-10-16,2025-10-16 11:06:00,538.8,538.8,538.75,538.75,-0.01,93.15,49103.65,-1
2025-10-16,2025-10-16 11:07:00,538.75,538.75,538.7,538.7,-0.01,93.15,49103.65,-1
2025-10-16,2025-10-16 11:08:00,538.7,538.7,538.65,538.65,-0.01,93.15,49103.65,-1
2025-10-16,2025-10-16 11:09:00,538.65,538.65,538.6,538.6,-0.01,93.15,49103.65,-1
2025-10-16,2025-10-16 11:10:00,538.6,538.6,538.55,538.55,-0.01,93.15,49103.65,-1
2025-10-16,2025-10-16 11:11:00,538.55,538.55,538.5,538.5,-0.01,93.15,49103.65,-1
2025-10-16,2025-10-16 11:12:00,538.5,538.5,538.44,538.44,-0.01,93.15,49103.65,-1
2025-10-16,2025-10-16 11:13:00,538.44,538.44,538.39,538.39,-0.01,93.15,49103.65,-1
2025-10-16,2025-10-16 11:14:00,538.39,538.39,538.34,538.34,-0.01,93.15,49103.65,-1
2025-10-16,2025-10-16 11:15:00,538.34,538.34,538.29,538.29,-0.01,93.15,49103.65,-1
2025-10-16,2025-10-16 11:16:00,538.29,538.29,538.24,538.24,-0.01,93.15,49103.65,-1
2025-10-16,2025-10-16 11:17:00,538.24,538.24,538.19,538.19,-0.01,93.15,49103.65,-1
2025-10-16,2025-10-16 11:18:00,538.19,538.19,538.14,538.14,-0.01,93.15,49103.65,-1
2025-10-16,2025-10-16 11:19:00,538.14,538.14,538.09,538.09,-0.01,93.15,49103.65,-1
2025-10-16,2025-10-16 11:20:00,538.09,538.09,538.04,538.04,-0.01,93.15,49103.65,-1
2025-10-16,2025-10-16 11:21:00,538.04,538.04,537.99,537.99,-0.01,93.15,49103.65,-1
2025-10-16,2025-10-16 11:22:00,537.99,537.99,537.94,537.94,-0.01,93.15,49103.65,-1
2025-10-16,2025-10-16 11:23:00,537.94,537.94,537.89,537.89,-0.01,93.15,49103.65,-1
2025-10-16,2025-10-16 11:24:00,537.89,537.89,537.84,537.84,-0.01,93.15,49103.65,-1
2025-10-16,2025-10-16 11:25:00,537.84,537.84,537.79,537.79,-0.01,93.15,49103.65,-1
2025-10-16,2025-10-16 11:26:00,537.79,537.79,537.74,537.74,-0.01,93.15,49103.65,-1
2025-10-16,2025-10-16 11:27:00,537.74,537.74,537.69,537.69,-0.01,93.15,49103.65,-1
2025-10-16,2025-10-16 11:28:00,537.69,537.69,537.64,537.64,-0.01,93.15,49103.65,-1
2025-10-16,2025-10-16 11:29:00,537.64,537.64,537.59,537.59,-0.01,93.15,49103.65,-1
2025-10-16,2025-10-16 11:30:00,537.59,537.59,537.54,537.54,-0.01,93.15,49103.65,-1
2025-10-16,2025-10-16 11:31:00,537.54,537.54,537.49,537.49,-0.01,93.15,49103.65,-1
2025-10-16,2025-10-16 11:32:00,537.49,537.49,537.44,537.44,-0.01,93.15,49103.65,-1
2025-10-16,2025-10-16 11:33:00,537.44,537.44,537.39,537.39,-0.01,93.15,49103.65,-1
2025-10-16,2025-10-16 11:34:00,537.39,537.39,537.34,537.34,-0.01,93.15,49103.65,-1
2025-10-16,2025-10-16 11:35:00,537.34,537.34,537.28,537.28,-0.01,93.15,49103.65,-1
2025-10-16,2025-10-16 11:36:00,537.28,537.28,537.23,537.23,-0.01,93.15,49103.65,-1
2025-10-16,2025-10-16 11:37:00,537.23,537.23,537.18,537.18,-0.01,93.15,49103.65,-1
2025-10-16,2025-10-16 11:38:00,537.18,537.18,537.13,537.13,-0.01,93.15,49103.65,-1
2025-10-16,2025-10-16 11:39:00,537.13,537.13,537.08,537.08,-0.01,93.15,49103.65,-1
2025-10-16,2025-10-16 11:40:00,537.08,537.08,537.03,537.03,-0.01,93.15,49103.65,-1
2025-10-16,2025-10-16 11:41:00,537.03,537.03,536.98,536.98,-0.01,93.15,49103.65,-1
2025-10-16,2025-10-16 11:42:00,536.98,536.98,536.93,536.93,-0.01,93.15,49103.65,-1
2025-10-16,2025-10-16 11:43:00,536.93,536.93,536.88,536.88,-0.01,93.15,49103.65,-1
2025-10-16,2025-10-16 11:44:00,536.88,536.88,536.83,536.83,-0.01,93.15,49103.65,-1
2025-10-16,2025-10-16 11:45:00,536.83,536.83,536.78,536.78,-0.01,93.15,49103.65,-1
2025-10-16,2025-10-16 11:46:00,536.78,536.78,536.73,536.73,-0.01,93.15,49103.65,-1
2025-10-16,2025-10-16 11:47:00,536.73,536.73,536.68,536.68,-0.01,93.15,49103.65,-1
2025-10-16,2025-10-16 11:48:00,536.68,536.68,536.63,536.63,-0.01,93.15,49103.65,-1
2025-10-16,2025-10-16 11:49:00,536.63,536.63,536.58,536.58,-0.01,93.15,49103.65,-1
2025-10-16,2025-10-16 11:50:00,536.58,536.58,536.53,536.53,-0.01,93.15,49103.65,-1
2025-10-16,2025-10-16 11:51:00,536.53,536.53,536.48,536.48,-0.01,93.15,49103.65,-1
2025-10-16,2025-10-16 11:52:00,536.48,536.48,536.43,536.43,-0.01,93.15,49103.65,-1
2025-10-16,2025-10-16 11:53:00,536.43,536.43,536.38,536.38,-0.01,93.15,49103.65,-1
2025-10-16,2025-10-16 11:54:00,536.38,536.38,536.33,536.33,-0.01,93.15,49103.65,-1
2025-10-16,2025-10-16 11:55:00,536.33,536.33,536.28,536.28,-0.01,93.15,49103.65,-1
2025-10-16,2025-10-16 11:56:00,536.28,536.28,536.23,536.23,-0.01,93.15,49103.65,-1
2025-10-16,2025-10-16 11:57:00,536.23,536.23,536.18,536.18,-0.01,93.15,49103.65,-1
2025-10-16,2025-10-16 11:58:00,536.18,536.18,536.13,536.13,-0.01,93.15,49103.65,-1
2025-10-16,2025-10-16 11:59:00,536.13,536.13,536.08,536.08,-0.01,93.15,49103.65,-1
2025-10-16,2025-10-16 12:00:00,536.08,536.08,536.02,536.02,-0.01,93.15,49103.65,-1
2025-10-16,2025-10-16 12:01:00,536.02,536.02,535.97,535.97,-0.01,93.15,49103.65,-1
2025-10-16,2025-10-16 12:02:00,535.97,535.97,535.92,535.92,-0.01,93.15,49103.65,-1
2025-10-16,2025-10-16 12:03:00,535.92,535.92,535.87,535.87,-0.01,93.15,49103.65,-1
2025-10-16,2025-10-16 12:04:00,535.87,535.87,535.82,535.82,-0.01,93.15,49103.65,-1
2025-10-16,2025-10-16 12:05:00,535.82,535.82,535.77,535.77,-0.01,93.15,49103.65,-1
2025-10-16,2025-10-16 12:06:00,535.77,535.77,535.72,535.72,-0.01,93.15,49103.65,-1
2025-10-16,2025-10-16 12:07:00,535.72,535.72,535.67,535.67,-0.01,93.15,49103.65,-1
2025-10-16,2025-10-16 12:08:00,535.67,535.67,535.62,535.62,-0.01,93.15,49103.65,-1
2025-10-16,2025-10-16 12:09:00,535.62,535.62,535.57,535.57,-0.01,93.15,49103.65,-1
2025-10-16,2025-10-16 12:10:00,535.57,535.57,535.52,535.52,-0.01,93.15,49103.65,-1
2025-10-16,2025-10-16 12:11:00,535.52,535.52,535.47,535.47,-0.01,93.15,49103.65,-1
2025-10-16,2025-10-16 12:12:00,535.47,535.47,535.42,535.42,-0.01,93.15,49103.65,-1
2025-10-16,2025-10-16 12:13:00,535.42,535.42,535.37,535.37,-0.01,93.15,49103.65,-1
2025-10-16,2025-10-16 12:14:00,535.37,535.37,535.32,535.32,-0.01,93.15,49103.65,-1
2025-10-16,2025-10-16 12:15:00,535.32,535.32,535.27,535.27,-0.01,93.15,49103.65,-1
2025-10-16,2025-10-16 12:16:00,535.27,535.27,535.22,535.22,-0.01,93.15,49103.65,-1
2025-10-16,2025-10-16 12:17:00,535.22,535.22,535.17,535.17,-0.01,93.15,49103.65,-1
2025-10-16,2025-10-16 12:18:00,535.17,535.17,535.12,535.12,-0.01,93.15,49103.65,-1
2025-10-16,2025-10-16 12:19:00,535.12,535.12,535.07,535.07,-0.01,93.15,49103.65,-1
2025-10-16,2025-10-16 12:20:00,535.07,535.07,535.02,535.02,-0.01,93.15,49103.65,-1
2025-10-16,2025-10-16 12:21:00,535.02,535.02,534.97,534.97,-0.01,93.15,49103.65,-1
2025-10-16,2025-10-16 12:22:00,534.97,534.97,534.92,534.92,-0.01,93.15,49103.65,-1
2025-10-16,2025-10-16 12:23:00,534.92,534.92,534.87,534.87,-0.01,93.15,49103.65,-1
2025-10-16,2025-10-16 12:24:00,534.87,534.87,534.81,534.81,-0.01,93.15,49103.65,-1
2025-10-16,2025-10-16 12:25:00,534.81,534.81,534.76,534.76,-0.01,93.15,49103.65,-1
2025-10-16,2025-10-16 12:26:00,534.76,534.76,534.71,534.71,-0.01,93.15,49103.65,-1
2025-10-16,2025-10-16 12:27:00,534.71,534.71,534.66,534.66,-0.01,93.15,49103.65,-1
2025-10-16,2025-10-16 12:28:00,534.66,534.66,534.61,534.61,-0.01,93.15,49103.65,-1
2025-10-16,2025-10-16 12:29:00,534.61,534.61,534.56,534.56,-0.01,93.15,49103.65,-1
2025-10-16,2025-10-16 12:30:00,534.56,534.56,534.51,534.51,-0.01,93.15,49103.65,-1
2025-10-16,2025-10-16 12:31:00,534.51,534.51,534.46,534.46,-0.01,93.15,49103.65,-1
2025-10-16,2025-10-16 12:32:00,534.46,534.46,534.41,534.41,-0.01,93.15,49103.65,-1
2025-10-16,2025-10-16 12:33:00,534.41,534.41,534.36,534.36,-0.01,93.15,49103.65,-1
2025-10-16,2025-10-16 12:34:00,534.36,534.36,534.31,534.31,-0.01,93.15,49103.65,-1
2025-10-16,2025-10-16 12:35:00,534.31,534.31,534.26,534.26,-0.01,93.15,49103.65,-1
2025-10-16,2025-10-16 12:36:00,534.26,534.26,534.21,534.21,-0.01,93.15,49103.65,-1
2025-10-16,2025-10-16 12:37:00,534.21,534.21,534.16,534.16,-0.01,93.15,49103.65,-1
2025-10-16,2025-10-16 12:38:00,534.16,534.16,534.11,534.11,-0.01,93.15,49103.65,-1
2025-10-16,2025-10-16 12:39:00,534.11,534.11,534.06,534.06,-0.01,93.15,49103.65,-1
2025-10-16,2025-10-16 12:40:00,534.06,534.06,534.01,534.01,-0.01,93.15,49103.65,-1
2025-10-16,2025-10-16 12:41:00,534.01,534.01,533.96,533.96,-0.01,93.15,49103.65,-1
2025-10-16,2025-10-16 12:42:00,533.96,533.96,533.91,533.91,-0.01,93.15,49103.65,-1
2025-10-16,2025-10-16 12:43:00,533.91,533.91,533.86,533.86,-0.01,93.15,49103.65,-1
2025-10-16,2025-10-16 12:44:00,533.86,533.86,533.81,533.81,-0.01,93.15,49103.65,-1
2025-10-16,2025-10-16 12:45:00,533.81,533.81,533.76,533.76,-0.01,93.15,49103.65,-1
2025-10-16,2025-10-16 12:46:00,533.76,533.76,533.71,533.71,-0.01,93.15,49103.65,-1
2025-10-16,2025-10-16 12:47:00,533.71,533.71,533.65,533.65,-0.01,93.15,49103.65,-1
2025-10-16,2025-10-16 12:48:00,533.65,533.65,533.6,533.6,-0.01,93.15,49103.65,-1
2025-10-16,2025-10-16 12:49:00,533.6,533.6,533.55,533.55,-0.01,93.15,49103.65,-1
2025-10-16,2025-10-16 12:50:00,533.55,533.55,533.5,533.5,-0.01,93.15,49103.65,-1
2025-10-16,2025-10-16 12:51:00,533.5,533.5,533.45,533.45,-0.01,93.15,49103.65,-1
2025-10-16,2025-10-16 12:52:00,533.45,533.45,533.4,533.4,-0.01,93.15,49103.65,-1
2025-10-16,2025-10-16 12:53:00,533.4,533.4,533.35,533.35,-0.01,93.15,49103.65,-1
2025-10-16,2025-10-16 12:54:00,533.35,533.35,533.3,533.3,-0.01,93.15,49103.65,-1
2025-10-16,2025-10-16 12:55:00,533.3,533.3,533.25,533.25,-0.01,93.15,49103.65,-1
2025-10-16,2025-10-16 12:56:00,533.25,533.25,533.2,533.2,-0.01,93.15,49103.65,-1
2025-10-16,2025-10-16 12:57:00,533.2,533.2,533.15,533.15,-0.01,93.15,49103.65,-1
2025-10-16,2025-10-16 12:58:00,533.15,533.15,533.1,533.1,-0.01,93.15,49103.65,-1
2025-10-16,2025-10-16 12:59:00,533.1,533.1,533.05,533.05,-0.01,93.15,49103.65,-1
2025-10-16,2025-10-16 13:00:00,533.05,561.0,514.0,533.0,-0.01,93.15,49103.65,-1
2025-10-16,2025-10-16 13:01:00,533.0,533.0,532.95,532.95,-0.01,93.15,49103.65,-1
2025-10-16,2025-10-16 13:02:00,532.95,532.95,532.9,532.9,-0.01,93.15,49103.65,-1
2025-10-16,2025-10-16 13:03:00,532.9,532.9,532.85,532.85,-0.01,93.15,49103.65,-1
2025-10-16,2025-10-16 13:04:00,532.85,532.85,532.8,532.8,-0.01,93.15,49103.65,-1
2025-10-16,2025-10-16 13:05:00,532.8,532.8,532.75,532.75,-0.01,93.15,49103.65,-1
2025-10-16,2025-10-16 13:06:00,532.75,532.75,532.7,532.7,-0.01,93.15,49103.65,-1
2025-10-16,2025-10-16 13:07:00,532.7,532.7,532.65,532.65,-0.01,93.15,49103.65,-1
2025-10-16,2025-10-16 13:08:00,532.65,532.65,532.6,532.6,-0.01,93.15,49103.65,-1
2025-10-16,2025-10-16 13:09:00,532.6,532.6,532.55,532.55,-0.01,93.15,49103.65,-1
2025-10-16,2025-10-16 13:10:00,532.55,532.55,532.5,532.5,-0.01,93.15,49103.65,-1
2025-10-16,2025-10-16 13:11:00,532.5,532.5,532.45,532.45,-0.01,93.15,49103.65,-1
2025-10-16,2025-10-16 13:12:00,532.45,532.45,532.39,532.39,-0.01,93.15,49103.65,-1
2025-10-16,2025-10-16 13:13:00,532.39,532.39,532.34,532.34,-0.01,93.15,49103.65,-1
2025-10-16,2025-10-16 13:14:00,532.34,532.34,532.29,532.29,-0.01,93.15,49103.65,-1
2025-10-16,2025-10-16 13:15:00,532.29,532.29,532.24,532.24,-0.01,93.15,49103.65,-1
2025-10-16,2025-10-16 13:16:00,532.24,532.24,532.19,532.19,-0.01,93.15,49103.65,-1
2025-10-16,2025-10-16 13:17:00,532.19,532.19,532.14,532.14,-0.01,93.15,49103.65,-1
2025-10-16,2025-10-16 13:18:00,532.14,532.14,532.09,532.09,-0.01,93.15,49103.65,-1
2025-10-16,2025-10-16 13:19:00,532.09,532.09,532.04,532.04,-0.01,93.15,49103.65,-1
2025-10-16,2025-10-16 13:20:00,532.04,532.04,531.99,531.99,-0.01,93.15,49103.65,-1
2025-10-16,2025-10-16 13:21:00,531.99,531.99,531.94,531.94,-0.01,93.15,49103.65,-1
2025-10-16,2025-10-16 13:22:00,531.94,531.94,531.89,531.89,-0.01,93.15,49103.65,-1
2025-10-16,2025-10-16 13:23:00,531.89,531.89,531.84,531.84,-0.01,93.15,49103.65,-1
2025-10-16,2025-10-16 13:24:00,531.84,531.84,531.79,531.79,-0.01,93.15,49103.65,-1
2025-10-16,2025-10-16 13:25:00,531.79,531.79,531.74,531.74,-0.01,93.15,49103.65,-1
2025-10-16,2025-10-16 13:26:00,531.74,531.74,531.69,531.69,-0.01,93.15,49103.65,-1
2025-10-16,2025-10-16 13:27:00,531.69,531.69,531.64,531.64,-0.01,93.15,49103.65,-1
2025-10-16,2025-10-16 13:28:00,531.64,531.64,531.59,531.59,-0.01,93.15,49103.65,-1
2025-10-16,2025-10-16 13:29:00,531.59,531.59,531.54,531.54,-0.01,93.15,49103.65,-1
2025-10-16,2025-10-16 13:30:00,531.54,531.54,531.49,531.49,-0.01,93.15,49103.65,-1
2025-10-16,2025-10-16 13:31:00,531.49,531.49,531.44,531.44,-0.01,93.15,49103.65,-1
2025-10-16,2025-10-16 13:32:00,531.44,531.44,531.39,531.39,-0.01,93.15,49103.65,-1
2025-10-16,2025-10-16 13:33:00,531.39,531.39,531.34,531.34,-0.01,93.15,49103.65,-1
2025-10-16,2025-10-16 13:34:00,531.34,531.34,531.29,531.29,-0.01,93.15,49103.65,-1
2025-10-16,2025-10-16 13:35:00,531.29,531.29,531.24,531.24,-0.01,93.15,49103.65,-1
2025-10-16,2025-10-16 13:36:00,531.24,531.24,531.18,531.18,-0.01,93.15,49103.65,-1
2025-10-16,2025-10-16 13:37:00,531.18,531.18,531.13,531.13,-0.01,93.15,49103.65,-1
2025-10-16,2025-10-16 13:38:00,531.13,531.13,531.08,531.08,-0.01,93.15,49103.65,-1
2025-10-16,2025-10-16 13:39:00,531.08,531.08,531.03,531.03,-0.01,93.15,49103.65,-1
2025-10-16,2025-10-16 13:40:00,531.03,531.03,530.98,530.98,-0.01,93.15,49103.65,-1
2025-10-16,2025-10-16 13:41:00,530.98,530.98,530.93,530.93,-0.01,93.15,49103.65,-1
2025-10-16,2025-10-16 13:42:00,530.93,530.93,530.88,530.88,-0.01,93.15,49103.65,-1
2025-10-16,2025-10-16 13:43:00,530.88,530.88,530.83,530.83,-0.01,93.15,49103.65,-1
2025-10-16,2025-10-16 13:44:00,530.83,530.83,530.78,530.78,-0.01,93.15,49103.65,-1
2025-10-16,2025-10-16 13:45:00,530.78,530.78,530.73,530.73,-0.01,93.15,49103.65,-1
2025-10-16,2025-10-16 13:46:00,530.73,530.73,530.68,530.68,-0.01,93.15,49103.65,-1
2025-10-16,2025-10-16 13:47:00,530.68,530.68,530.63,530.63,-0.01,93.15,49103.65,-1
2025-10-16,2025-10-16 13:48:00,530.63,530.63,530.58,530.58,-0.01,93.15,49103.65,-1
2025-10-16,2025-10-16 13:49:00,530.58,530.58,530.53,530.53,-0.01,93.15,49103.65,-1
2025-10-16,2025-10-16 13:50:00,530.53,530.53,530.48,530.48,-0.01,93.15,49103.65,-1
2025-10-16,2025-10-16 13:51:00,530.48,530.48,530.43,530.43,-0.01,93.15,49103.65,-1
2025-10-16,2025-10-16 13:52:00,530.43,530.43,530.38,530.38,-0.01,93.15,49103.65,-1
2025-10-16,2025-10-16 13:53:00,530.38,530.38,530.33,530.33,-0.01,93.15,49103.65,-1
2025-10-16,2025-10-16 13:54:00,530.33,530.33,530.28,530.28,-0.01,93.15,49103.65,-1
2025-10-16,2025-10-16 13:55:00,530.28,530.28,530.23,530.23,-0.01,93.15,49103.65,-1
2025-10-16,2025-10-16 13:56:00,530.23,530.23,530.18,530.18,-0.01,93.15,49103.65,-1
2025-10-16,2025-10-16 13:57:00,530.18,530.18,530.13,530.13,-0.01,93.15,49103.65,-1
2025-10-16,2025-10-16 13:58:00,530.13,530.13,530.08,530.08,-0.01,93.15,49103.65,-1
2025-10-16,2025-10-16 13:59:00,530.08,530.08,530.02,530.02,-0.01,93.15,49103.65,-1
2025-10-16,2025-10-16 14:00:00,530.02,530.02,529.97,529.97,-0.01,93.15,49103.65,-1
2025-10-16,2025-10-16 14:01:00,529.97,529.97,529.92,529.92,-0.01,93.15,49103.65,-1
2025-10-16,2025-10-16 14:02:00,529.92,529.92,529.87,529.87,-0.01,93.15,49103.65,-1
2025-10-16,2025-10-16 14:03:00,529.87,529.87,529.82,529.82,-0.01,93.15,49103.65,-1
2025-10-16,2025-10-16 14:04:00,529.82,529.82,529.77,529.77,-0.01,93.15,49103.65,-1
2025-10-16,2025-10-16 14:05:00,529.77,529.77,529.72,529.72,-0.01,93.15,49103.65,-1
2025-10-16,2025-10-16 14:06:00,529.72,529.72,529.67,529.67,-0.01,93.15,49103.65,-1
2025-10-16,2025-10-16 14:07:00,529.67,529.67,529.62,529.62,-0.01,93.15,49103.65,-1
2025-10-16,2025-10-16 14:08:00,529.62,529.62,529.57,529.57,-0.01,93.15,49103.65,-1
2025-10-16,2025-10-16 14:09:00,529.57,529.57,529.52,529.52,-0.01,93.15,49103.65,-1
2025-10-16,2025-10-16 14:10:00,529.52,529.52,529.47,529.47,-0.01,93.15,49103.65,-1
2025-10-16,2025-10-16 14:11:00,529.47,529.47,529.42,529.42,-0.01,93.15,49103.65,-1
2025-10-16,2025-10-16 14:12:00,529.42,529.42,529.37,529.37,-0.01,93.15,49103.65,-1
2025-10-16,2025-10-16 14:13:00,529.37,529.37,529.32,529.32,-0.01,93.15,49103.65,-1
2025-10-16,2025-10-16 14:14:00,529.32,529.32,529.27,529.27,-0.01,93.15,49103.65,-1
2025-10-16,2025-10-16 14:15:00,529.27,529.27,529.22,529.22,-0.01,93.15,49103.65,-1
2025-10-16,2025-10-16 14:16:00,529.22,529.22,529.17,529.17,-0.01,93.15,49103.65,-1
2025-10-16,2025-10-16 14:17:00,529.17,529.17,529.12,529.12,-0.01,93.15,49103.65,-1
2025-10-16,2025-10-16 14:18:00,529.12,529.12,529.07,529.07,-0.01,93.15,49103.65,-1
2025-10-16,2025-10-16 14:19:00,529.07,529.07,529.02,529.02,-0.01,93.15,49103.65,-1
2025-10-16,2025-10-16 14:20:00,529.02,529.02,528.97,528.97,-0.01,93.15,49103.65,-1
2025-10-16,2025-10-16 14:21:00,528.97,528.97,528.92,528.92,-0.01,93.15,49103.65,-1
2025-10-16,2025-10-16 14:22:00,528.92,528.92,528.87,528.87,-0.01,93.15,49103.65,-1
2025-10-16,2025-10-16 14:23:00,528.87,528.87,528.82,528.82,-0.01,93.15,49103.65,-1
2025-10-16,2025-10-16 14:24:00,528.82,528.82,528.76,528.76,-0.01,93.15,49103.65,-1
2025-10-16,2025-10-16 14:25:00,528.76,528.76,528.71,528.71,-0.01,93.15,49103.65,-1
2025-10-16,2025-10-16 14:26:00,528.71,528.71,528.66,528.66,-0.01,93.15,49103.65,-1
2025-10-16,2025-10-16 14:27:00,528.66,528.66,528.61,528.61,-0.01,93.15,49103.65,-1
2025-10-16,2025-10-16 14:28:00,528.61,528.61,528.56,528.56,-0.01,93.15,49103.65,-1
2025-10-16,2025-10-16 14:29:00,528.56,528.56,528.51,528.51,-0.01,93.15,49103.65,-1
2025-10-16,2025-10-16 14:30:00,528.51,528.51,528.46,528.46,-0.01,93.15,49103.65,-1
2025-10-16,2025-10-16 14:31:00,528.46,528.46,528.41,528.41,-0.01,93.15,49103.65,-1
2025-10-16,2025-10-16 14:32:00,528.41,528.41,528.36,528.36,-0.01,93.15,49103.65,-1
2025-10-16,2025-10-16 14:33:00,528.36,528.36,528.31,528.31,-0.01,93.15,49103.65,-1
2025-10-16,2025-10-16 14:34:00,528.31,528.31,528.26,528.26,-0.01,93.15,49103.65,-1
2025-10-16,2025-10-16 14:35:00,528.26,528.26,528.21,528.21,-0.01,93.15,49103.65,-1
2025-10-16,2025-10-16 14:36:00,528.21,528.21,528.16,528.16,-0.01,93.15,49103.65,-1
2025-10-16,2025-10-16 14:37:00,528.16,528.16,528.11,528.11,-0.01,93.15,49103.65,-1
2025-10-16,2025-10-16 14:38:00,528.11,528.11,528.06,528.06,-0.01,93.15,49103.65,-1
2025-10-16,2025-10-16 14:39:00,528.06,528.06,528.01,528.01,-0.01,93.15,49103.65,-1
2025-10-16,2025-10-16 14:40:00,528.01,528.01,527.96,527.96,-0.01,93.15,49103.65,-1
2025-10-16,2025-10-16 14:41:00,527.96,527.96,527.91,527.91,-0.01,93.15,49103.65,-1
2025-10-16,2025-10-16 14:42:00,527.91,527.91,527.86,527.86,-0.01,93.15,49103.65,-1
2025-10-16,2025-10-16 14:43:00,527.86,527.86,527.81,527.81,-0.01,93.15,49103.65,-1
2025-10-16,2025-10-16 14:44:00,527.81,527.81,527.76,527.76,-0.01,93.15,49103.65,-1
2025-10-16,2025-10-16 14:45:00,527.76,527.76,527.71,527.71,-0.01,93.15,49103.65,-1
2025-10-16,2025-10-16 14:46:00,527.71,527.71,527.66,527.66,-0.01,93.15,49103.65,-1
2025-10-16,2025-10-16 14:47:00,527.66,527.66,527.61,527.61,-0.01,93.15,49103.65,-1
2025-10-16,2025-10-16 14:48:00,527.61,527.61,527.55,527.55,-0.01,93.15,49103.65,-1
2025-10-16,2025-10-16 14:49:00,527.55,527.55,527.5,527.5,-0.01,93.15,49103.65,-1
2025-10-16,2025-10-16 14:50:00,527.5,527.5,527.45,527.45,-0.01,93.15,49103.65,-1
2025-10-16,2025-10-16 14:51:00,527.45,527.45,527.4,527.4,-0.01,93.15,49103.65,-1
2025-10-16,2025-10-16 14:52:00,527.4,527.4,527.35,527.35,-0.01,93.15,49103.65,-1
2025-10-16,2025-10-16 14:53:00,527.35,527.35,527.3,527.3,-0.01,93.15,49103.65,-1
2025-10-16,2025-10-16 14:54:00,527.3,527.3,527.25,527.25,-0.01,93.15,49103.65,-1
2025-10-16,2025-10-16 14:55:00,527.25,527.25,527.2,527.2,-0.01,93.15,49103.65,-1
2025-10-16,2025-10-16 14:56:00,527.2,527.2,527.15,527.15,-0.01,93.15,49103.65,-1
2025-10-16,2025-10-16 14:57:00,527.15,527.15,527.1,527.1,-0.01,93.15,49103.65,-1
2025-10-16,2025-10-16 14:58:00,527.1,527.1,527.05,527.05,-0.01,93.15,49103.65,-1
2025-10-16,2025-10-16 14:59:00,527.05,527.05,527.0,527.0,-0.01,93.15,49103.65,-1
2025-10-16,2025-10-16 15:00:00,527.0,561.0,514.0,527.0,0.0,93.15,49103.65,0
2025-10-19,2025-10-19 11:00:00,519.0,524.4,513.6,519.01,0.0,37.33,19614.11,1
2025-10-19,2025-10-19 11:01:00,519.01,519.02,519.01,519.02,0.0,37.33,19614.11,1
2025-10-19,2025-10-19 11:02:00,519.02,519.03,519.02,519.03,0.0,37.33,19614.11,1
2025-10-19,2025-10-19 11:03:00,519.03,519.04,519.03,519.04,0.0,37.33,19614.11,1
2025-10-19,2025-10-19 11:04:00,519.04,519.05,519.04,519.05,0.0,37.33,19614.11,1
2025-10-19,2025-10-19 11:05:00,519.05,519.06,519.05,519.06,0.0,37.33,19614.11,1
2025-10-19,2025-10-19 11:06:00,519.06,519.07,519.06,519.07,0.0,37.33,19614.11,1
2025-10-19,2025-10-19 11:07:00,519.07,519.08,519.07,519.08,0.0,37.33,19614.11,1
2025-10-19,2025-10-19 11:08:00,519.08,519.09,519.08,519.09,0.0,37.33,19614.11,1
2025-10-19,2025-10-19 11:09:00,519.09,519.1,519.09,519.1,0.0,37.33,19614.11,1
2025-10-19,2025-10-19 11:10:00,519.1,519.11,519.1,519.11,0.0,37.33,19614.11,1
2025-10-19,2025-10-19 11:11:00,519.11,519.12,519.11,519.12,0.0,37.33,19614.11,1
2025-10-19,2025-10-19 11:12:00,519.12,519.14,519.12,519.14,0.0,37.33,19614.11,1
2025-10-19,2025-10-19 11:13:00,519.14,519.15,519.14,519.15,0.0,37.33,19614.11,1
2025-10-19,2025-10-19 11:14:00,519.15,519.16,519.15,519.16,0.0,37.33,19614.11,1
2025-10-19,2025-10-19 11:15:00,519.16,519.17,519.16,519.17,0.0,37.33,19614.11,1
2025-10-19,2025-10-19 11:16:00,519.17,519.18,519.17,519.18,0.0,37.33,19614.11,1
2025-10-19,2025-10-19 11:17:00,519.18,519.19,519.18,519.19,0.0,37.33,19614.11,1
2025-10-19,2025-10-19 11:18:00,519.19,519.2,519.19,519.2,0.0,37.33,19614.11,1
2025-10-19,2025-10-19 11:19:00,519.2,519.21,519.2,519.21,0.0,37.33,19614.11,1
2025-10-19,2025-10-19 11:20:00,519.21,519.22,519.21,519.22,0.0,37.33,19614.11,1
2025-10-19,2025-10-19 11:21:00,519.22,519.23,519.22,519.23,0.0,37.33,19614.11,1
2025-10-19,2025-10-19 11:22:00,519.23,519.24,519.23,519.24,0.0,37.33,19614.11,1
2025-10-19,2025-10-19 11:23:00,519.24,519.25,519.24,519.25,0.0,37.33,19614.11,1
2025-10-19,2025-10-19 11:24:00,519.25,519.26,519.25,519.26,0.0,37.33,19614.11,1
2025-10-19,2025-10-19 11:25:00,519.26,519.27,519.26,519.27,0.0,37.33,19614.11,1
2025-10-19,2025-10-19 11:26:00,519.27,519.28,519.27,519.28,0.0,37.33,19614.11,1
2025-10-19,2025-10-19 11:27:00,519.28,519.29,519.28,519.29,0.0,37.33,19614.11,1
2025-10-19,2025-10-19 11:28:00,519.29,519.3,519.29,519.3,0.0,37.33,19614.11,1
2025-10-19,2025-10-19 11:29:00,519.3,519.31,519.3,519.31,0.0,37.33,19614.11,1
2025-10-19,2025-10-19 11:30:00,519.31,519.32,519.31,519.32,0.0,37.33,19614.11,1
2025-10-19,2025-10-19 11:31:00,519.32,519.33,519.32,519.33,0.0,37.33,19614.11,1
2025-10-19,2025-10-19 11:32:00,519.33,519.34,519.33,519.34,0.0,37.33,19614.11,1
2025-10-19,2025-10-19 11:33:00,519.34,519.35,519.34,519.35,0.0,37.33,19614.11,1
2025-10-19,2025-10-19 11:34:00,519.35,519.36,519.35,519.36,0.0,37.33,19614.11,1
2025-10-19,2025-10-19 11:35:00,519.36,519.38,519.36,519.38,0.0,37.33,19614.11,1
2025-10-19,2025-10-19 11:36:00,519.38,519.39,519.38,519.39,0.0,37.33,19614.11,1
2025-10-19,2025-10-19 11:37:00,519.39,519.4,519.39,519.4,0.0,37.33,19614.11,1
2025-10-19,2025-10-19 11:38:00,519.4,519.41,519.4,519.41,0.0,37.33,19614.11,1
2025-10-19,2025-10-19 11:39:00,519.41,519.42,519.41,519.42,0.0,37.33,19614.11,1
2025-10-19,2025-10-19 11:40:00,519.42,519.43,519.42,519.43,0.0,37.33,19614.11,1
2025-10-19,2025-10-19 11:41:00,519.43,519.44,519.43,519.44,0.0,37.33,19614.11,1
2025-10-19,2025-10-19 11:42:00,519.44,519.45,519.44,519.45,0.0,37.33,19614.11,1
2025-10-19,2025-10-19 11:43:00,519.45,519.46,519.45,519.46,0.0,37.33,19614.11,1
2025-10-19,2025-10-19 11:44:00,519.46,519.47,519.46,519.47,0.0,37.33,19614.11,1
2025-10-19,2025-10-19 11:45:00,519.47,519.48,519.47,519.48,0.0,37.33,19614.11,1
2025-10-19,2025-10-19 11:46:00,519.48,519.49,519.48,519.49,0.0,37.33,19614.11,1
2025-10-19,2025-10-19 11:47:00,519.49,519.5,519.49,519.5,0.0,37.33,19614.11,1
2025-10-19,2025-10-19 11:48:00,519.5,519.51,519.5,519.51,0.0,37.33,19614.11,1
2025-10-19,2025-10-19 11:49:00,519.51,519.52,519.51,519.52,0.0,37.33,19614.11,1
2025-10-19,2025-10-19 11:50:00,519.52,519.53,519.52,519.53,0.0,37.33,19614.11,1
2025-10-19,2025-10-19 11:51:00,519.53,519.54,519.53,519.54,0.0,37.33,19614.11,1
2025-10-19,2025-10-19 11:52:00,519.54,519.55,519.54,519.55,0.0,37.33,19614.11,1
2025-10-19,2025-10-19 11:53:00,519.55,519.56,519.55,519.56,0.0,37.33,19614.11,1
2025-10-19,2025-10-19 11:54:00,519.56,519.57,519.56,519.57,0.0,37.33,19614.11,1
2025-10-19,2025-10-19 11:55:00,519.57,519.58,519.57,519.58,0.0,37.33,19614.11,1
2025-10-19,2025-10-19 11:56:00,519.58,519.59,519.58,519.59,0.0,37.33,19614.11,1
2025-10-19,2025-10-19 11:57:00,519.59,519.6,519.59,519.6,0.0,37.33,19614.11,1
2025-10-19,2025-10-19 11:58:00,519.6,519.61,519.6,519.61,0.0,37.33,19614.11,1
2025-10-19,2025-10-19 11:59:00,519.61,519.62,519.61,519.62,0.0,37.33,19614.11,1
2025-10-19,2025-10-19 12:00:00,519.62,519.64,519.62,519.64,0.0,37.33,19614.11,1
2025-10-19,2025-10-19 12:01:00,519.64,519.65,519.64,519.65,0.0,37.33,19614.11,1
2025-10-19,2025-10-19 12:02:00,519.65,519.66,519.65,519.66,0.0,37.33,19614.11,1
2025-10-19,2025-10-19 12:03:00,519.66,519.67,519.66,519.67,0.0,37.33,19614.11,1
2025-10-19,2025-10-19 12:04:00,519.67,519.68,519.67,519.68,0.0,37.33,19614.11,1
2025-10-19,2025-10-19 12:05:00,519.68,519.69,519.68,519.69,0.0,37.33,19614.11,1
2025-10-19,2025-10-19 12:06:00,519.69,519.7,519.69,519.7,0.0,37.33,19614.11,1
2025-10-19,2025-10-19 12:07:00,519.7,519.71,519.7,519.71,0.0,37.33,19614.11,1
2025-10-19,2025-10-19 12:08:00,519.71,519.72,519.71,519.72,0.0,37.33,19614.11,1
2025-10-19,2025-10-19 12:09:00,519.72,519.73,519.72,519.73,0.0,37.33,19614.11,1
2025-10-19,2025-10-19 12:10:00,519.73,519.74,519.73,519.74,0.0,37.33,19614.11,1
2025-10-19,2025-10-19 12:11:00,519.74,519.75,519.74,519.75,0.0,37.33,19614.11,1
2025-10-19,2025-10-19 12:12:00,519.75,519.76,519.75,519.76,0.0,37.33,19614.11,1
2025-10-19,2025-10-19 12:13:00,519.76,519.77,519.76,519.77,0.0,37.33,19614.11,1
2025-10-19,2025-10-19 12:14:00,519.77,519.78,519.77,519.78,0.0,37.33,19614.11,1
2025-10-19,2025-10-19 12:15:00,519.78,519.79,519.78,519.79,0.0,37.33,19614.11,1
2025-10-19,2025-10-19 12:16:00,519.79,519.8,519.79,519.8,0.0,37.33,19614.11,1
2025-10-19,2025-10-19 12:17:00,519.8,519.81,519.8,519.81,0.0,37.33,19614.11,1
2025-10-19,2025-10-19 12:18:00,519.81,519.82,519.81,519.82,0.0,37.33,19614.11,1
2025-10-19,2025-10-19 12:19:00,519.82,519.83,519.82,519.83,0.0,37.33,19614.11,1
2025-10-19,2025-10-19 12:20:00,519.83,519.84,519.83,519.84,0.0,37.33,19614.11,1
2025-10-19,2025-10-19 12:21:00,519.84,519.85,519.84,519.85,0.0,37.33,19614.11,1
2025-10-19,2025-10-19 12:22:00,519.85,519.86,519.85,519.86,0.0,37.33,19614.11,1
2025-10-19,2025-10-19 12:23:00,519.86,519.88,519.86,519.88,0.0,37.33,19614.11,1
2025-10-19,2025-10-19 12:24:00,519.88,519.89,519.88,519.89,0.0,37.33,19614.11,1
2025-10-19,2025-10-19 12:25:00,519.89,519.9,519.89,519.9,0.0,37.33,19614.11,1
2025-10-19,2025-10-19 12:26:00,519.9,519.91,519.9,519.91,0.0,37.33,19614.11,1
2025-10-19,2025-10-19 12:27:00,519.91,519.92,519.91,519.92,0.0,37.33,19614.11,1
2025-10-19,2025-10-19 12:28:00,519.92,519.93,519.92,519.93,0.0,37.33,19614.11,1
2025-10-19,2025-10-19 12:29:00,519.93,519.94,519.93,519.94,0.0,37.33,19614.11,1
2025-10-19,2025-10-19 12:30:00,519.94,519.95,519.94,519.95,0.0,37.33,19614.11,1
2025-10-19,2025-10-19 12:31:00,519.95,519.96,519.95,519.96,0.0,37.33,19614.11,1
2025-10-19,2025-10-19 12:32:00,519.96,519.97,519.96,519.97,0.0,37.33,19614.11,1
2025-10-19,2025-10-19 12:33:00,519.97,519.98,519.97,519.98,0.0,37.33,19614.11,1
2025-10-19,2025-10-19 12:34:00,519.98,519.99,519.98,519.99,0.0,37.33,19614.11,1
2025-10-19,2025-10-19 12:35:00,519.99,520.0,519.99,520.0,0.0,37.33,19614.11,1
2025-10-19,2025-10-19 12:36:00,520.0,520.01,520.0,520.01,0.0,37.33,19614.11,1
2025-10-19,2025-10-19 12:37:00,520.01,520.02,520.01,520.02,0.0,37.33,19614.11,1
2025-10-19,2025-10-19 12:38:00,520.02,520.03,520.02,520.03,0.0,37.33,19614.11,1
2025-10-19,2025-10-19 12:39:00,520.03,520.04,520.03,520.04,0.0,37.33,19614.11,1
2025-10-19,2025-10-19 12:40:00,520.04,520.05,520.04,520.05,0.0,37.33,19614.11,1
2025-10-19,2025-10-19 12:41:00,520.05,520.06,520.05,520.06,0.0,37.33,19614.11,1
2025-10-19,2025-10-19 12:42:00,520.06,520.07,520.06,520.07,0.0,37.33,19614.11,1
2025-10-19,2025-10-19 12:43:00,520.07,520.08,520.07,520.08,0.0,37.33,19614.11,1
2025-10-19,2025-10-19 12:44:00,520.08,520.09,520.08,520.09,0.0,37.33,19614.11,1
2025-10-19,2025-10-19 12:45:00,520.09,520.1,520.09,520.1,0.0,37.33,19614.11,1
2025-10-19,2025-10-19 12:46:00,520.1,520.11,520.1,520.11,0.0,37.33,19614.11,1
2025-10-19,2025-10-19 12:47:00,520.11,520.12,520.11,520.12,0.0,37.33,19614.11,1
2025-10-19,2025-10-19 12:48:00,520.12,520.14,520.12,520.14,0.0,37.33,19614.11,1
2025-10-19,2025-10-19 12:49:00,520.14,520.15,520.14,520.15,0.0,37.33,19614.11,1
2025-10-19,2025-10-19 12:50:00,520.15,520.16,520.15,520.16,0.0,37.33,19614.11,1
2025-10-19,2025-10-19 12:51:00,520.16,520.17,520.16,520.17,0.0,37.33,19614.11,1
2025-10-19,2025-10-19 12:52:00,520.17,520.18,520.17,520.18,0.0,37.33,19614.11,1
2025-10-19,2025-10-19 12:53:00,520.18,520.19,520.18,520.19,0.0,37.33,19614.11,1
2025-10-19,2025-10-19 12:54:00,520.19,520.2,520.19,520.2,0.0,37.33,19614.11,1
2025-10-19,2025-10-19 12:55:00,520.2,520.21,520.2,520.21,0.0,37.33,19614.11,1
2025-10-19,2025-10-19 12:56:00,520.21,520.22,520.21,520.22,0.0,37.33,19614.11,1
2025-10-19,2025-10-19 12:57:00,520.22,520.23,520.22,520.23,0.0,37.33,19614.11,1
2025-10-19,2025-10-19 12:58:00,520.23,520.24,520.23,520.24,0.0,37.33,19614.11,1
2025-10-19,2025-10-19 12:59:00,520.24,520.25,520.24,520.25,0.0,37.33,19614.11,1
2025-10-19,2025-10-19 13:00:00,520.25,537.0,501.0,520.26,0.0,37.33,19614.11,1
2025-10-19,2025-10-19 13:01:00,520.26,520.27,520.26,520.27,0.0,37.33,19614.11,1
2025-10-19,2025-10-19 13:02:00,520.27,520.28,520.27,520.28,0.0,37.33,19614.11,1
2025-10-19,2025-10-19 13:03:00,520.28,520.29,520.28,520.29,0.0,37.33,19614.11,1
2025-10-19,2025-10-19 13:04:00,520.29,520.3,520.29,520.3,0.0,37.33,19614.11,1
2025-10-19,2025-10-19 13:05:00,520.3,520.31,520.3,520.31,0.0,37.33,19614.11,1
2025-10-19,2025-10-19 13:06:00,520.31,520.32,520.31,520.32,0.0,37.33,19614.11,1
2025-10-19,2025-10-19 13:07:00,520.32,520.33,520.32,520.33,0.0,37.33,19614.11,1
2025-10-19,2025-10-19 13:08:00,520.33,520.34,520.33,520.34,0.0,37.33,19614.11,1
2025-10-19,2025-10-19 13:09:00,520.34,520.35,520.34,520.35,0.0,37.33,19614.11,1
2025-10-19,2025-10-19 13:10:00,520.35,520.36,520.35,520.36,0.0,37.33,19614.11,1
2025-10-19,2025-10-19 13:11:00,520.36,520.38,520.36,520.38,0.0,37.33,19614.11,1
2025-10-19,2025-10-19 13:12:00,520.38,520.39,520.38,520.39,0.0,37.33,19614.11,1
2025-10-19,2025-10-19 13:13:00,520.39,520.4,520.39,520.4,0.0,37.33,19614.11,1
2025-10-19,2025-10-19 13:14:00,520.4,520.41,520.4,520.41,0.0,37.33,19614.11,1
2025-10-19,2025-10-19 13:15:00,520.41,520.42,520.41,520.42,0.0,37.33,19614.11,1
2025-10-19,2025-10-19 13:16:00,520.42,520.43,520.42,520.43,0.0,37.33,19614.11,1
2025-10-19,2025-10-19 13:17:00,520.43,520.44,520.43,520.44,0.0,37.33,19614.11,1
2025-10-19,2025-10-19 13:18:00,520.44,520.45,520.44,520.45,0.0,37.33,19614.11,1
2025-10-19,2025-10-19 13:19:00,520.45,520.46,520.45,520.46,0.0,37.33,19614.11,1
2025-10-19,2025-10-19 13:20:00,520.46,520.47,520.46,520.47,0.0,37.33,19614.11,1
2025-10-19,2025-10-19 13:21:00,520.47,520.48,520.47,520.48,0.0,37.33,19614.11,1
2025-10-19,2025-10-19 13:22:00,520.48,520.49,520.48,520.49,0.0,37.33,19614.11,1
2025-10-19,2025-10-19 13:23:00,520.49,520.5,520.49,520.5,0.0,37.33,19614.11,1
2025-10-19,2025-10-19 13:24:00,520.5,520.51,520.5,520.51,0.0,37.33,19614.11,1
2025-10-19,2025-10-19 13:25:00,520.51,520.52,520.51,520.52,0.0,37.33,19614.11,1
2025-10-19,2025-10-19 13:26:00,520.52,520.53,520.52,520.53,0.0,37.33,19614.11,1
2025-10-19,2025-10-19 13:27:00,520.53,520.54,520.53,520.54,0.0,37.33,19614.11,1
2025-10-19,2025-10-19 13:28:00,520.54,520.55,520.54,520.55,0.0,37.33,19614.11,1
2025-10-19,2025-10-19 13:29:00,520.55,520.56,520.55,520.56,0.0,37.33,19614.11,1
2025-10-19,2025-10-19 13:30:00,520.56,520.57,520.56,520.57,0.0,37.33,19614.11,1
2025-10-19,2025-10-19 13:31:00,520.57,520.58,520.57,520.58,0.0,37.33,19614.11,1
2025-10-19,2025-10-19 13:32:00,520.58,520.59,520.58,520.59,0.0,37.33,19614.11,1
2025-10-19,2025-10-19 13:33:00,520.59,520.6,520.59,520.6,0.0,37.33,19614.11,1
2025-10-19,2025-10-19 13:34:00,520.6,520.61,520.6,520.61,0.0,37.33,19614.11,1
2025-10-19,2025-10-19 13:35:00,520.61,520.62,520.61,520.62,0.0,37.33,19614.11,1
2025-10-19,2025-10-19 13:36:00,520.62,520.64,520.62,520.64,0.0,37.33,19614.11,1
2025-10-19,2025-10-19 13:37:00,520.64,520.65,520.64,520.65,0.0,37.33,19614.11,1
2025-10-19,2025-10-19 13:38:00,520.65,520.66,520.65,520.66,0.0,37.33,19614.11,1
2025-10-19,2025-10-19 13:39:00,520.66,520.67,520.66,520.67,0.0,37.33,19614.11,1
2025-10-19,2025-10-19 13:40:00,520.67,520.68,520.67,520.68,0.0,37.33,19614.11,1
2025-10-19,2025-10-19 13:41:00,520.68,520.69,520.68,520.69,0.0,37.33,19614.11,1
2025-10-19,2025-10-19 13:42:00,520.69,520.7,520.69,520.7,0.0,37.33,19614.11,1
2025-10-19,2025-10-19 13:43:00,520.7,520.71,520.7,520.71,0.0,37.33,19614.11,1
2025-10-19,2025-10-19 13:44:00,520.71,520.72,520.71,520.72,0.0,37.33,19614.11,1
2025-10-19,2025-10-19 13:45:00,520.72,520.73,520.72,520.73,0.0,37.33,19614.11,1
2025-10-19,2025-10-19 13:46:00,520.73,520.74,520.73,520.74,0.0,37.33,19614.11,1
2025-10-19,2025-10-19 13:47:00,520.74,520.75,520.74,520.75,0.0,37.33,19614.11,1
2025-10-19,2025-10-19 13:48:00,520.75,520.76,520.75,520.76,0.0,37.33,19614.11,1
2025-10-19,2025-10-19 13:49:00,520.76,520.77,520.76,520.77,0.0,37.33,19614.11,1
2025-10-19,2025-10-19 13:50:00,520.77,520.78,520.77,520.78,0.0,37.33,19614.11,1
2025-10-19,2025-10-19 13:51:00,520.78,520.79,520.78,520.79,0.0,37.33,19614.11,1
2025-10-19,2025-10-19 13:52:00,520.79,520.8,520.79,520.8,0.0,37.33,19614.11,1
2025-10-19,2025-10-19 13:53:00,520.8,520.81,520.8,520.81,0.0,37.33,19614.11,1
2025-10-19,2025-10-19 13:54:00,520.81,520.82,520.81,520.82,0.0,37.33,19614.11,1
2025-10-19,2025-10-19 13:55:00,520.82,520.83,520.82,520.83,0.0,37.33,19614.11,1
2025-10-19,2025-10-19 13:56:00,520.83,520.84,520.83,520.84,0.0,37.33,19614.11,1
2025-10-19,2025-10-19 13:57:00,520.84,520.85,520.84,520.85,0.0,37.33,19614.11,1
2025-10-19,2025-10-19 13:58:00,520.85,520.86,520.85,520.86,0.0,37.33,19614.11,1
2025-10-19,2025-10-19 13:59:00,520.86,520.88,520.86,520.88,0.0,37.33,19614.11,1
2025-10-19,2025-10-19 14:00:00,520.88,520.89,520.88,520.89,0.0,37.33,19614.11,1
2025-10-19,2025-10-19 14:01:00,520.89,520.9,520.89,520.9,0.0,37.33,19614.11,1
2025-10-19,2025-10-19 14:02:00,520.9,520.91,520.9,520.91,0.0,37.33,19614.11,1
2025-10-19,2025-10-19 14:03:00,520.91,520.92,520.91,520.92,0.0,37.33,19614.11,1
2025-10-19,2025-10-19 14:04:00,520.92,520.93,520.92,520.93,0.0,37.33,19614.11,1
2025-10-19,2025-10-19 14:05:00,520.93,520.94,520.93,520.94,0.0,37.33,19614.11,1
2025-10-19,2025-10-19 14:06:00,520.94,520.95,520.94,520.95,0.0,37.33,19614.11,1
2025-10-19,2025-10-19 14:07:00,520.95,520.96,520.95,520.96,0.0,37.33,19614.11,1
2025-10-19,2025-10-19 14:08:00,520.96,520.97,520.96,520.97,0.0,37.33,19614.11,1
2025-10-19,2025-10-19 14:09:00,520.97,520.98,520.97,520.98,0.0,37.33,19614.11,1
2025-10-19,2025-10-19 14:10:00,520.98,520.99,520.98,520.99,0.0,37.33,19614.11,1
2025-10-19,2025-10-19 14:11:00,520.99,521.0,520.99,521.0,0.0,37.33,19614.11,1
2025-10-19,2025-10-19 14:12:00,521.0,521.01,521.0,521.01,0.0,37.33,19614.11,1
2025-10-19,2025-10-19 14:13:00,521.01,521.02,521.01,521.02,0.0,37.33,19614.11,1
2025-10-19,2025-10-19 14:14:00,521.02,521.03,521.02,521.03,0.0,37.33,19614.11,1
2025-10-19,2025-10-19 14:15:00,521.03,521.04,521.03,521.04,0.0,37.33,19614.11,1
2025-10-19,2025-10-19 14:16:00,521.04,521.05,521.04,521.05,0.0,37.33,19614.11,1
2025-10-19,2025-10-19 14:17:00,521.05,521.06,521.05,521.06,0.0,37.33,19614.11,1
2025-10-19,2025-10-19 14:18:00,521.06,521.07,521.06,521.07,0.0,37.33,19614.11,1
2025-10-19,2025-10-19 14:19:00,521.07,521.08,521.07,521.08,0.0,37.33,19614.11,1
2025-10-19,2025-10-19 14:20:00,521.08,521.09,521.08,521.09,0.0,37.33,19614.11,1
2025-10-19,2025-10-19 14:21:00,521.09,521.1,521.09,521.1,0.0,37.33,19614.11,1
2025-10-19,2025-10-19 14:22:00,521.1,521.11,521.1,521.11,0.0,37.33,19614.11,1
2025-10-19,2025-10-19 14:23:00,521.11,521.12,521.11,521.12,0.0,37.33,19614.11,1
2025-10-19,2025-10-19 14:24:00,521.12,521.14,521.12,521.14,0.0,37.33,19614.11,1
2025-10-19,2025-10-19 14:25:00,521.14,521.15,521.14,521.15,0.0,37.33,19614.11,1
2025-10-19,2025-10-19 14:26:00,521.15,521.16,521.15,521.16,0.0,37.33,19614.11,1
2025-10-19,2025-10-19 14:27:00,521.16,521.17,521.16,521.17,0.0,37.33,19614.11,1
2025-10-19,2025-10-19 14:28:00,521.17,521.18,521.17,521.18,0.0,37.33,19614.11,1
2025-10-19,2025-10-19 14:29:00,521.18,521.19,521.18,521.19,0.0,37.33,19614.11,1
2025-10-19,2025-10-19 14:30:00,521.19,521.2,521.19,521.2,0.0,37.33,19614.11,1
2025-10-19,2025-10-19 14:31:00,521.2,521.21,521.2,521.21,0.0,37.33,19614.11,1
2025-10-19,2025-10-19 14:32:00,521.21,521.22,521.21,521.22,0.0,37.33,19614.11,1
2025-10-19,2025-10-19 14:33:00,521.22,521.23,521.22,521.23,0.0,37.33,19614.11,1
2025-10-19,2025-10-19 14:34:00,521.23,521.24,521.23,521.24,0.0,37.33,19614.11,1
2025-10-19,2025-10-19 14:35:00,521.24,521.25,521.24,521.25,0.0,37.33,19614.11,1
2025-10-19,2025-10-19 14:36:00,521.25,521.26,521.25,521.26,0.0,37.33,19614.11,1
2025-10-19,2025-10-19 14:37:00,521.26,521.27,521.26,521.27,0.0,37.33,19614.11,1
2025-10-19,2025-10-19 14:38:00,521.27,521.28,521.27,521.28,0.0,37.33,19614.11,1
2025-10-19,2025-10-19 14:39:00,521.28,521.29,521.28,521.29,0.0,37.33,19614.11,1
2025-10-19,2025-10-19 14:40:00,521.29,521.3,521.29,521.3,0.0,37.33,19614.11,1
2025-10-19,2025-10-19 14:41:00,521.3,521.31,521.3,521.31,0.0,37.33,19614.11,1
2025-10-19,2025-10-19 14:42:00,521.31,521.32,521.31,521.32,0.0,37.33,19614.11,1
2025-10-19,2025-10-19 14:43:00,521.32,521.33,521.32,521.33,0.0,37.33,19614.11,1
2025-10-19,2025-10-19 14:44:00,521.33,521.34,521.33,521.34,0.0,37.33,19614.11,1
2025-10-19,2025-10-19 14:45:00,521.34,521.35,521.34,521.35,0.0,37.33,19614.11,1
2025-10-19,2025-10-19 14:46:00,521.35,521.36,521.35,521.36,0.0,37.33,19614.11,1
2025-10-19,2025-10-19 14:47:00,521.36,521.38,521.36,521.38,0.0,37.33,19614.11,1
2025-10-19,2025-10-19 14:48:00,521.38,521.39,521.38,521.39,0.0,37.33,19614.11,1
2025-10-19,2025-10-19 14:49:00,521.39,521.4,521.39,521.4,0.0,37.33,19614.11,1
2025-10-19,2025-10-19 14:50:00,521.4,521.41,521.4,521.41,0.0,37.33,19614.11,1
2025-10-19,2025-10-19 14:51:00,521.41,521.42,521.41,521.42,0.0,37.33,19614.11,1
2025-10-19,2025-10-19 14:52:00,521.42,521.43,521.42,521.43,0.0,37.33,19614.11,1
2025-10-19,2025-10-19 14:53:00,521.43,521.44,521.43,521.44,0.0,37.33,19614.11,1
2025-10-19,2025-10-19 14:54:00,521.44,521.45,521.44,521.45,0.0,37.33,19614.11,1
2025-10-19,2025-10-19 14:55:00,521.45,521.46,521.45,521.46,0.0,37.33,19614.11,1
2025-10-19,2025-10-19 14:56:00,521.46,521.47,521.46,521.47,0.0,37.33,19614.11,1
2025-10-19,2025-10-19 14:57:00,521.47,521.48,521.47,521.48,0.0,37.33,19614.11,1
2025-10-19,2025-10-19 14:58:00,521.48,521.49,521.48,521.49,0.0,37.33,19614.11,1
2025-10-19,2025-10-19 14:59:00,521.49,521.5,521.49,521.5,0.0,37.33,19614.11,1
2025-10-19,2025-10-19 15:00:00,521.5,537.0,501.0,521.5,0.0,37.33,19614.11,0
2025-10-26,2025-10-26 11:00:00,511.1,524.09,511.1,511.25,0.03,109.97,59397.88,1
2025-10-26,2025-10-26 11:01:00,511.25,511.41,511.25,511.41,0.03,109.97,59397.88,1
2025-10-26,2025-10-26 11:02:00,511.41,511.56,511.41,511.56,0.03,109.97,59397.88,1
2025-10-26,2025-10-26 11:03:00,511.56,511.72,511.56,511.72,0.03,109.97,59397.88,1
2025-10-26,2025-10-26 11:04:00,511.72,511.87,511.72,511.87,0.03,109.97,59397.88,1
2025-10-26,2025-10-26 11:05:00,511.87,512.02,511.87,512.02,0.03,109.97,59397.88,1
2025-10-26,2025-10-26 11:06:00,512.02,512.18,512.02,512.18,0.03,109.97,59397.88,1
2025-10-26,2025-10-26 11:07:00,512.18,512.33,512.18,512.33,0.03,109.97,59397.88,1
2025-10-26,2025-10-26 11:08:00,512.33,512.48,512.33,512.48,0.03,109.97,59397.88,1
2025-10-26,2025-10-26 11:09:00,512.48,512.64,512.48,512.64,0.03,109.97,59397.88,1
2025-10-26,2025-10-26 11:10:00,512.64,512.79,512.64,512.79,0.03,109.97,59397.88,1
2025-10-26,2025-10-26 11:11:00,512.79,512.95,512.79,512.95,0.03,109.97,59397.88,1
2025-10-26,2025-10-26 11:12:00,512.95,513.1,512.95,513.1,0.03,109.97,59397.88,1
2025-10-26,2025-10-26 11:13:00,513.1,513.25,513.1,513.25,0.03,109.97,59397.88,1
2025-10-26,2025-10-26 11:14:00,513.25,513.41,513.25,513.41,0.03,109.97,59397.88,1
2025-10-26,2025-10-26 11:15:00,513.41,513.56,513.41,513.56,0.03,109.97,59397.88,1
2025-10-26,2025-10-26 11:16:00,513.56,513.71,513.56,513.71,0.03,109.97,59397.88,1
2025-10-26,2025-10-26 11:17:00,513.71,513.87,513.71,513.87,0.03,109.97,59397.88,1
2025-10-26,2025-10-26 11:18:00,513.87,514.02,513.87,514.02,0.03,109.97,59397.88,1
2025-10-26,2025-10-26 11:19:00,514.02,514.18,514.02,514.18,0.03,109.97,59397.88,1
2025-10-26,2025-10-26 11:20:00,514.18,514.33,514.18,514.33,0.03,109.97,59397.88,1
2025-10-26,2025-10-26 11:21:00,514.33,514.48,514.33,514.48,0.03,109.97,59397.88,1
2025-10-26,2025-10-26 11:22:00,514.48,514.64,514.48,514.64,0.03,109.97,59397.88,1
2025-10-26,2025-10-26 11:23:00,514.64,514.79,514.64,514.79,0.03,109.97,59397.88,1
2025-10-26,2025-10-26 11:24:00,514.79,514.94,514.79,514.94,0.03,109.97,59397.88,1
2025-10-26,2025-10-26 11:25:00,514.94,515.1,514.94,515.1,0.03,109.97,59397.88,1
2025-10-26,2025-10-26 11:26:00,515.1,515.25,515.1,515.25,0.03,109.97,59397.88,1
2025-10-26,2025-10-26 11:27:00,515.25,515.4,515.25,515.4,0.03,109.97,59397.88,1
2025-10-26,2025-10-26 11:28:00,515.4,515.56,515.4,515.56,0.03,109.97,59397.88,1
2025-10-26,2025-10-26 11:29:00,515.56,515.71,515.56,515.71,0.03,109.97,59397.88,1
2025-10-26,2025-10-26 11:30:00,515.71,515.87,515.71,515.87,0.03,109.97,59397.88,1
2025-10-26,2025-10-26 11:31:00,515.87,516.02,515.87,516.02,0.03,109.97,59397.88,1
2025-10-26,2025-10-26 11:32:00,516.02,516.17,516.02,516.17,0.03,109.97,59397.88,1
2025-10-26,2025-10-26 11:33:00,516.17,516.33,516.17,516.33,0.03,109.97,59397.88,1
2025-10-26,2025-10-26 11:34:00,516.33,516.48,516.33,516.48,0.03,109.97,59397.88,1
2025-10-26,2025-10-26 11:35:00,516.48,516.63,516.48,516.63,0.03,109.97,59397.88,1
2025-10-26,2025-10-26 11:36:00,516.63,516.79,516.63,516.79,0.03,109.97,59397.88,1
2025-10-26,2025-10-26 11:37:00,516.79,516.94,516.79,516.94,0.03,109.97,59397.88,1
2025-10-26,2025-10-26 11:38:00,516.94,517.1,516.94,517.1,0.03,109.97,59397.88,1
2025-10-26,2025-10-26 11:39:00,517.1,517.25,517.1,517.25,0.03,109.97,59397.88,1
2025-10-26,2025-10-26 11:40:00,517.25,517.4,517.25,517.4,0.03,109.97,59397.88,1
2025-10-26,2025-10-26 11:41:00,517.4,517.56,517.4,517.56,0.03,109.97,59397.88,1
2025-10-26,2025-10-26 11:42:00,517.56,517.71,517.56,517.71,0.03,109.97,59397.88,1
2025-10-26,2025-10-26 11:43:00,517.71,517.87,517.71,517.87,0.03,109.97,59397.88,1
2025-10-26,2025-10-26 11:44:00,517.87,518.02,517.87,518.02,0.03,109.97,59397.88,1
2025-10-26,2025-10-26 11:45:00,518.02,518.17,518.02,518.17,0.03,109.97,59397.88,1
2025-10-26,2025-10-26 11:46:00,518.17,518.33,518.17,518.33,0.03,109.97,59397.88,1
2025-10-26,2025-10-26 11:47:00,518.33,518.48,518.33,518.48,0.03,109.97,59397.88,1
2025-10-26,2025-10-26 11:48:00,518.48,518.63,518.48,518.63,0.03,109.97,59397.88,1
2025-10-26,2025-10-26 11:49:00,518.63,518.79,518.63,518.79,0.03,109.97,59397.88,1
2025-10-26,2025-10-26 11:50:00,518.79,518.94,518.79,518.94,0.03,109.97,59397.88,1
2025-10-26,2025-10-26 11:51:00,518.94,519.1,518.94,519.1,0.03,109.97,59397.88,1
2025-10-26,2025-10-26 11:52:00,519.1,519.25,519.1,519.25,0.03,109.97,59397.88,1
2025-10-26,2025-10-26 11:53:00,519.25,519.4,519.25,519.4,0.03,109.97,59397.88,1
2025-10-26,2025-10-26 11:54:00,519.4,519.56,519.4,519.56,0.03,109.97,59397.88,1
2025-10-26,2025-10-26 11:55:00,519.56,519.71,519.56,519.71,0.03,109.97,59397.88,1
2025-10-26,2025-10-26 11:56:00,519.71,519.86,519.71,519.86,0.03,109.97,59397.88,1
2025-10-26,2025-10-26 11:57:00,519.86,520.02,519.86,520.02,0.03,109.97,59397.88,1
2025-10-26,2025-10-26 11:58:00,520.02,520.17,520.02,520.17,0.03,109.97,59397.88,1
2025-10-26,2025-10-26 11:59:00,520.17,520.33,520.17,520.33,0.03,109.97,59397.88,1
2025-10-26,2025-10-26 12:00:00,520.33,520.48,520.33,520.48,0.03,109.97,59397.88,1
2025-10-26,2025-10-26 12:01:00,520.48,520.63,520.48,520.63,0.03,109.97,59397.88,1
2025-10-26,2025-10-26 12:02:00,520.63,520.79,520.63,520.79,0.03,109.97,59397.88,1
2025-10-26,2025-10-26 12:03:00,520.79,520.94,520.79,520.94,0.03,109.97,59397.88,1
2025-10-26,2025-10-26 12:04:00,520.94,521.09,520.94,521.09,0.03,109.97,59397.88,1
2025-10-26,2025-10-26 12:05:00,521.09,521.25,521.09,521.25,0.03,109.97,59397.88,1
2025-10-26,2025-10-26 12:06:00,521.25,521.4,521.25,521.4,0.03,109.97,59397.88,1
2025-10-26,2025-10-26 12:07:00,521.4,521.56,521.4,521.56,0.03,109.97,59397.88,1
2025-10-26,2025-10-26 12:08:00,521.56,521.71,521.56,521.71,0.03,109.97,59397.88,1
2025-10-26,2025-10-26 12:09:00,521.71,521.86,521.71,521.86,0.03,109.97,59397.88,1
2025-10-26,2025-10-26 12:10:00,521.86,522.02,521.86,522.02,0.03,109.97,59397.88,1
2025-10-26,2025-10-26 12:11:00,522.02,522.17,522.02,522.17,0.03,109.97,59397.88,1
2025-10-26,2025-10-26 12:12:00,522.17,522.32,522.17,522.32,0.03,109.97,59397.88,1
2025-10-26,2025-10-26 12:13:00,522.32,522.48,522.32,522.48,0.03,109.97,59397.88,1
2025-10-26,2025-10-26 12:14:00,522.48,522.63,522.48,522.63,0.03,109.97,59397.88,1
2025-10-26,2025-10-26 12:15:00,522.63,522.78,522.63,522.78,0.03,109.97,59397.88,1
2025-10-26,2025-10-26 12:16:00,522.78,522.94,522.78,522.94,0.03,109.97,59397.88,1
2025-10-26,2025-10-26 12:17:00,522.94,523.09,522.94,523.09,0.03,109.97,59397.88,1
2025-10-26,2025-10-26 12:18:00,523.09,523.25,523.09,523.25,0.03,109.97,59397.88,1
2025-10-26,2025-10-26 12:19:00,523.25,523.4,523.25,523.4,0.03,109.97,59397.88,1
2025-10-26,2025-10-26 12:20:00,523.4,523.55,523.4,523.55,0.03,109.97,59397.88,1
2025-10-26,2025-10-26 12:21:00,523.55,523.71,523.55,523.71,0.03,109.97,59397.88,1
2025-10-26,2025-10-26 12:22:00,523.71,523.86,523.71,523.86,0.03,109.97,59397.88,1
2025-10-26,2025-10-26 12:23:00,523.86,524.01,523.86,524.01,0.03,109.97,59397.88,1
2025-10-26,2025-10-26 12:24:00,524.01,524.17,524.01,524.17,0.03,109.97,59397.88,1
2025-10-26,2025-10-26 12:25:00,524.17,524.32,524.17,524.32,0.03,109.97,59397.88,1
2025-10-26,2025-10-26 12:26:00,524.32,524.48,524.32,524.48,0.03,109.97,59397.88,1
2025-10-26,2025-10-26 12:27:00,524.48,524.63,524.48,524.63,0.03,109.97,59397.88,1
2025-10-26,2025-10-26 12:28:00,524.63,524.78,524.63,524.78,0.03,109.97,59397.88,1
2025-10-26,2025-10-26 12:29:00,524.78,524.94,524.78,524.94,0.03,109.97,59397.88,1
2025-10-26,2025-10-26 12:30:00,524.94,525.09,524.94,525.09,0.03,109.97,59397.88,1
2025-10-26,2025-10-26 12:31:00,525.09,525.25,525.09,525.25,0.03,109.97,59397.88,1
2025-10-26,2025-10-26 12:32:00,525.25,525.4,525.25,525.4,0.03,109.97,59397.88,1
2025-10-26,2025-10-26 12:33:00,525.4,525.55,525.4,525.55,0.03,109.97,59397.88,1
2025-10-26,2025-10-26 12:34:00,525.55,525.71,525.55,525.71,0.03,109.97,59397.88,1
2025-10-26,2025-10-26 12:35:00,525.71,525.86,525.71,525.86,0.03,109.97,59397.88,1
2025-10-26,2025-10-26 12:36:00,525.86,526.01,525.86,526.01,0.03,109.97,59397.88,1
2025-10-26,2025-10-26 12:37:00,526.01,526.17,526.01,526.17,0.03,109.97,59397.88,1
2025-10-26,2025-10-26 12:38:00,526.17,526.32,526.17,526.32,0.03,109.97,59397.88,1
2025-10-26,2025-10-26 12:39:00,526.32,526.48,526.32,526.48,0.03,109.97,59397.88,1
2025-10-26,2025-10-26 12:40:00,526.48,526.63,526.48,526.63,0.03,109.97,59397.88,1
2025-10-26,2025-10-26 12:41:00,526.63,526.78,526.63,526.78,0.03,109.97,59397.88,1
2025-10-26,2025-10-26 12:42:00,526.78,526.94,526.78,526.94,0.03,109.97,59397.88,1
2025-10-26,2025-10-26 12:43:00,526.94,527.09,526.94,527.09,0.03,109.97,59397.88,1
2025-10-26,2025-10-26 12:44:00,527.09,527.24,527.09,527.24,0.03,109.97,59397.88,1
2025-10-26,2025-10-26 12:45:00,527.24,527.4,527.24,527.4,0.03,109.97,59397.88,1
2025-10-26,2025-10-26 12:46:00,527.4,527.55,527.4,527.55,0.03,109.97,59397.88,1
2025-10-26,2025-10-26 12:47:00,527.55,527.71,527.55,527.71,0.03,109.97,59397.88,1
2025-10-26,2025-10-26 12:48:00,527.71,527.86,527.71,527.86,0.03,109.97,59397.88,1
2025-10-26,2025-10-26 12:49:00,527.86,528.01,527.86,528.01,0.03,109.97,59397.88,1
2025-10-26,2025-10-26 12:50:00,528.01,528.17,528.01,528.17,0.03,109.97,59397.88,1
2025-10-26,2025-10-26 12:51:00,528.17,528.32,528.17,528.32,0.03,109.97,59397.88,1
2025-10-26,2025-10-26 12:52:00,528.32,528.47,528.32,528.47,0.03,109.97,59397.88,1
2025-10-26,2025-10-26 12:53:00,528.47,528.63,528.47,528.63,0.03,109.97,59397.88,1
2025-10-26,2025-10-26 12:54:00,528.63,528.78,528.63,528.78,0.03,109.97,59397.88,1
2025-10-26,2025-10-26 12:55:00,528.78,528.94,528.78,528.94,0.03,109.97,59397.88,1
2025-10-26,2025-10-26 12:56:00,528.94,529.09,528.94,529.09,0.03,109.97,59397.88,1
2025-10-26,2025-10-26 12:57:00,529.09,529.24,529.09,529.24,0.03,109.97,59397.88,1
2025-10-26,2025-10-26 12:58:00,529.24,529.4,529.24,529.4,0.03,109.97,59397.88,1
2025-10-26,2025-10-26 12:59:00,529.4,529.55,529.4,529.55,0.03,109.97,59397.88,1
2025-10-26,2025-10-26 13:00:00,529.55,554.4,511.1,529.7,0.03,109.97,59397.88,1
2025-10-26,2025-10-26 13:01:00,529.7,529.86,529.7,529.86,0.03,109.97,59397.88,1
2025-10-26,2025-10-26 13:02:00,529.86,530.01,529.86,530.01,0.03,109.97,59397.88,1
2025-10-26,2025-10-26 13:03:00,530.01,530.16,530.01,530.16,0.03,109.97,59397.88,1
2025-10-26,2025-10-26 13:04:00,530.16,530.32,530.16,530.32,0.03,109.97,59397.88,1
2025-10-26,2025-10-26 13:05:00,530.32,530.47,530.32,530.47,0.03,109.97,59397.88,1
2025-10-26,2025-10-26 13:06:00,530.47,530.63,530.47,530.63,0.03,109.97,59397.88,1
2025-10-26,2025-10-26 13:07:00,530.63,530.78,530.63,530.78,0.03,109.97,59397.88,1
2025-10-26,2025-10-26 13:08:00,530.78,530.93,530.78,530.93,0.03,109.97,59397.88,1
2025-10-26,2025-10-26 13:09:00,530.93,531.09,530.93,531.09,0.03,109.97,59397.88,1
2025-10-26,2025-10-26 13:10:00,531.09,531.24,531.09,531.24,0.03,109.97,59397.88,1
2025-10-26,2025-10-26 13:11:00,531.24,531.39,531.24,531.39,0.03,109.97,59397.88,1
2025-10-26,2025-10-26 13:12:00,531.39,531.55,531.39,531.55,0.03,109.97,59397.88,1
2025-10-26,2025-10-26 13:13:00,531.55,531.7,531.55,531.7,0.03,109.97,59397.88,1
2025-10-26,2025-10-26 13:14:00,531.7,531.86,531.7,531.86,0.03,109.97,59397.88,1
2025-10-26,2025-10-26 13:15:00,531.86,532.01,531.86,532.01,0.03,109.97,59397.88,1
2025-10-26,2025-10-26 13:16:00,532.01,532.16,532.01,532.16,0.03,109.97,59397.88,1
2025-10-26,2025-10-26 13:17:00,532.16,532.32,532.16,532.32,0.03,109.97,59397.88,1
2025-10-26,2025-10-26 13:18:00,532.32,532.47,532.32,532.47,0.03,109.97,59397.88,1
2025-10-26,2025-10-26 13:19:00,532.47,532.62,532.47,532.62,0.03,109.97,59397.88,1
2025-10-26,2025-10-26 13:20:00,532.62,532.78,532.62,532.78,0.03,109.97,59397.88,1
2025-10-26,2025-10-26 13:21:00,532.78,532.93,532.78,532.93,0.03,109.97,59397.88,1
2025-10-26,2025-10-26 13:22:00,532.93,533.09,532.93,533.09,0.03,109.97,59397.88,1
2025-10-26,2025-10-26 13:23:00,533.09,533.24,533.09,533.24,0.03,109.97,59397.88,1
2025-10-26,2025-10-26 13:24:00,533.24,533.39,533.24,533.39,0.03,109.97,59397.88,1
2025-10-26,2025-10-26 13:25:00,533.39,533.55,533.39,533.55,0.03,109.97,59397.88,1
2025-10-26,2025-10-26 13:26:00,533.55,533.7,533.55,533.7,0.03,109.97,59397.88,1
2025-10-26,2025-10-26 13:27:00,533.7,533.86,533.7,533.86,0.03,109.97,59397.88,1
2025-10-26,2025-10-26 13:28:00,533.86,534.01,533.86,534.01,0.03,109.97,59397.88,1
2025-10-26,2025-10-26 13:29:00,534.01,534.16,534.01,534.16,0.03,109.97,59397.88,1
2025-10-26,2025-10-26 13:30:00,534.16,534.32,534.16,534.32,0.03,109.97,59397.88,1
2025-10-26,2025-10-26 13:31:00,534.32,534.47,534.32,534.47,0.03,109.97,59397.88,1
2025-10-26,2025-10-26 13:32:00,534.47,534.62,534.47,534.62,0.03,109.97,59397.88,1
2025-10-26,2025-10-26 13:33:00,534.62,534.78,534.62,534.78,0.03,109.97,59397.88,1
2025-10-26,2025-10-26 13:34:00,534.78,534.93,534.78,534.93,0.03,109.97,59397.88,1
2025-10-26,2025-10-26 13:35:00,534.93,535.09,534.93,535.09,0.03,109.97,59397.88,1
2025-10-26,2025-10-26 13:36:00,535.09,535.24,535.09,535.24,0.03,109.97,59397.88,1
2025-10-26,2025-10-26 13:37:00,535.24,535.39,535.24,535.39,0.03,109.97,59397.88,1
2025-10-26,2025-10-26 13:38:00,535.39,535.55,535.39,535.55,0.03,109.97,59397.88,1
2025-10-26,2025-10-26 13:39:00,535.55,535.7,535.55,535.7,0.03,109.97,59397.88,1
2025-10-26,2025-10-26 13:40:00,535.7,535.85,535.7,535.85,0.03,109.97,59397.88,1
2025-10-26,2025-10-26 13:41:00,535.85,536.01,535.85,536.01,0.03,109.97,59397.88,1
2025-10-26,2025-10-26 13:42:00,536.01,536.16,536.01,536.16,0.03,109.97,59397.88,1
2025-10-26,2025-10-26 13:43:00,536.16,536.32,536.16,536.32,0.03,109.97,59397.88,1
2025-10-26,2025-10-26 13:44:00,536.32,536.47,536.32,536.47,0.03,109.97,59397.88,1
2025-10-26,2025-10-26 13:45:00,536.47,536.62,536.47,536.62,0.03,109.97,59397.88,1
2025-10-26,2025-10-26 13:46:00,536.62,536.78,536.62,536.78,0.03,109.97,59397.88,1
2025-10-26,2025-10-26 13:47:00,536.78,536.93,536.78,536.93,0.03,109.97,59397.88,1
2025-10-26,2025-10-26 13:48:00,536.93,537.08,536.93,537.08,0.03,109.97,59397.88,1
2025-10-26,2025-10-26 13:49:00,537.08,537.24,537.08,537.24,0.03,109.97,59397.88,1
2025-10-26,2025-10-26 13:50:00,537.24,537.39,537.24,537.39,0.03,109.97,59397.88,1
2025-10-26,2025-10-26 13:51:00,537.39,537.54,537.39,537.54,0.03,109.97,59397.88,1
2025-10-26,2025-10-26 13:52:00,537.54,537.7,537.54,537.7,0.03,109.97,59397.88,1
2025-10-26,2025-10-26 13:53:00,537.7,537.85,537.7,537.85,0.03,109.97,59397.88,1
2025-10-26,2025-10-26 13:54:00,537.85,538.01,537.85,538.01,0.03,109.97,59397.88,1
2025-10-26,2025-10-26 13:55:00,538.01,538.16,538.01,538.16,0.03,109.97,59397.88,1
2025-10-26,2025-10-26 13:56:00,538.16,538.31,538.16,538.31,0.03,109.97,59397.88,1
2025-10-26,2025-10-26 13:57:00,538.31,538.47,538.31,538.47,0.03,109.97,59397.88,1
2025-10-26,2025-10-26 13:58:00,538.47,538.62,538.47,538.62,0.03,109.97,59397.88,1
2025-10-26,2025-10-26 13:59:00,538.62,538.77,538.62,538.77,0.03,109.97,59397.88,1
2025-10-26,2025-10-26 14:00:00,538.77,538.93,538.77,538.93,0.03,109.97,59397.88,1
2025-10-26,2025-10-26 14:01:00,538.93,539.08,538.93,539.08,0.03,109.97,59397.88,1
2025-10-26,2025-10-26 14:02:00,539.08,539.24,539.08,539.24,0.03,109.97,59397.88,1
2025-10-26,2025-10-26 14:03:00,539.24,539.39,539.24,539.39,0.03,109.97,59397.88,1
2025-10-26,2025-10-26 14:04:00,539.39,539.54,539.39,539.54,0.03,109.97,59397.88,1
2025-10-26,2025-10-26 14:05:00,539.54,539.7,539.54,539.7,0.03,109.97,59397.88,1
2025-10-26,2025-10-26 14:06:00,539.7,539.85,539.7,539.85,0.03,109.97,59397.88,1
2025-10-26,2025-10-26 14:07:00,539.85,540.0,539.85,540.0,0.03,109.97,59397.88,1
2025-10-26,2025-10-26 14:08:00,540.0,540.16,540.0,540.16,0.03,109.97,59397.88,1
2025-10-26,2025-10-26 14:09:00,540.16,540.31,540.16,540.31,0.03,109.97,59397.88,1
2025-10-26,2025-10-26 14:10:00,540.31,540.47,540.31,540.47,0.03,109.97,59397.88,1
2025-10-26,2025-10-26 14:11:00,540.47,540.62,540.47,540.62,0.03,109.97,59397.88,1
2025-10-26,2025-10-26 14:12:00,540.62,540.77,540.62,540.77,0.03,109.97,59397.88,1
2025-10-26,2025-10-26 14:13:00,540.77,540.93,540.77,540.93,0.03,109.97,59397.88,1
2025-10-26,2025-10-26 14:14:00,540.93,541.08,540.93,541.08,0.03,109.97,59397.88,1
2025-10-26,2025-10-26 14:15:00,541.08,541.24,541.08,541.24,0.03,109.97,59397.88,1
2025-10-26,2025-10-26 14:16:00,541.24,541.39,541.24,541.39,0.03,109.97,59397.88,1
2025-10-26,2025-10-26 14:17:00,541.39,541.54,541.39,541.54,0.03,109.97,59397.88,1
2025-10-26,2025-10-26 14:18:00,541.54,541.7,541.54,541.7,0.03,109.97,59397.88,1
2025-10-26,2025-10-26 14:19:00,541.7,541.85,541.7,541.85,0.03,109.97,59397.88,1
2025-10-26,2025-10-26 14:20:00,541.85,542.0,541.85,542.0,0.03,109.97,59397.88,1
2025-10-26,2025-10-26 14:21:00,542.0,542.16,542.0,542.16,0.03,109.97,59397.88,1
2025-10-26,2025-10-26 14:22:00,542.16,542.31,542.16,542.31,0.03,109.97,59397.88,1
2025-10-26,2025-10-26 14:23:00,542.31,542.47,542.31,542.47,0.03,109.97,59397.88,1
2025-10-26,2025-10-26 14:24:00,542.47,542.62,542.47,542.62,0.03,109.97,59397.88,1
2025-10-26,2025-10-26 14:25:00,542.62,542.77,542.62,542.77,0.03,109.97,59397.88,1
2025-10-26,2025-10-26 14:26:00,542.77,542.93,542.77,542.93,0.03,109.97,59397.88,1
2025-10-26,2025-10-26 14:27:00,542.93,543.08,542.93,543.08,0.03,109.97,59397.88,1
2025-10-26,2025-10-26 14:28:00,543.08,543.23,543.08,543.23,0.03,109.97,59397.88,1
2025-10-26,2025-10-26 14:29:00,543.23,543.39,543.23,543.39,0.03,109.97,59397.88,1
2025-10-26,2025-10-26 14:30:00,543.39,543.54,543.39,543.54,0.03,109.97,59397.88,1
2025-10-26,2025-10-26 14:31:00,543.54,543.7,543.54,543.7,0.03,109.97,59397.88,1
2025-10-26,2025-10-26 14:32:00,543.7,543.85,543.7,543.85,0.03,109.97,59397.88,1
2025-10-26,2025-10-26 14:33:00,543.85,544.0,543.85,544.0,0.03,109.97,59397.88,1
2025-10-26,2025-10-26 14:34:00,544.0,544.16,544.0,544.16,0.03,109.97,59397.88,1
2025-10-26,2025-10-26 14:35:00,544.16,544.31,544.16,544.31,0.03,109.97,59397.88,1
2025-10-26,2025-10-26 14:36:00,544.31,544.46,544.31,544.46,0.03,109.97,59397.88,1
2025-10-26,2025-10-26 14:37:00,544.46,544.62,544.46,544.62,0.03,109.97,59397.88,1
2025-10-26,2025-10-26 14:38:00,544.62,544.77,544.62,544.77,0.03,109.97,59397.88,1
2025-10-26,2025-10-26 14:39:00,544.77,544.92,544.77,544.92,0.03,109.97,59397.88,1
2025-10-26,2025-10-26 14:40:00,544.92,545.08,544.92,545.08,0.03,109.97,59397.88,1
2025-10-26,2025-10-26 14:41:00,545.08,545.23,545.08,545.23,0.03,109.97,59397.88,1
2025-10-26,2025-10-26 14:42:00,545.23,545.39,545.23,545.39,0.03,109.97,59397.88,1
2025-10-26,2025-10-26 14:43:00,545.39,545.54,545.39,545.54,0.03,109.97,59397.88,1
2025-10-26,2025-10-26 14:44:00,545.54,545.69,545.54,545.69,0.03,109.97,59397.88,1
2025-10-26,2025-10-26 14:45:00,545.69,545.85,545.69,545.85,0.03,109.97,59397.88,1
2025-10-26,2025-10-26 14:46:00,545.85,546.0,545.85,546.0,0.03,109.97,59397.88,1
2025-10-26,2025-10-26 14:47:00,546.0,546.15,546.0,546.15,0.03,109.97,59397.88,1
2025-10-26,2025-10-26 14:48:00,546.15,546.31,546.15,546.31,0.03,109.97,59397.88,1
2025-10-26,2025-10-26 14:49:00,546.31,546.46,546.31,546.46,0.03,109.97,59397.88,1
2025-10-26,2025-10-26 14:50:00,546.46,546.62,546.46,546.62,0.03,109.97,59397.88,1
2025-10-26,2025-10-26 14:51:00,546.62,546.77,546.62,546.77,0.03,109.97,59397.88,1
2025-10-26,2025-10-26 14:52:00,546.77,546.92,546.77,546.92,0.03,109.97,59397.88,1
2025-10-26,2025-10-26 14:53:00,546.92,547.08,546.92,547.08,0.03,109.97,59397.88,1
2025-10-26,2025-10-26 14:54:00,547.08,547.23,547.08,547.23,0.03,109.97,59397.88,1
2025-10-26,2025-10-26 14:55:00,547.23,547.38,547.23,547.38,0.03,109.97,59397.88,1
2025-10-26,2025-10-26 14:56:00,547.38,547.54,547.38,547.54,0.03,109.97,59397.88,1
2025-10-26,2025-10-26 14:57:00,547.54,547.69,547.54,547.69,0.03,109.97,59397.88,1
2025-10-26,2025-10-26 14:58:00,547.69,547.85,547.69,547.85,0.03,109.97,59397.88,1
2025-10-26,2025-10-26 14:59:00,547.85,548.0,547.85,548.0,0.03,109.97,59397.88,1
2025-10-26,2025-10-26 15:00:00,548.0,554.4,511.1,548.0,0.0,109.97,59397.88,0
2025-10-28,2025-10-28 11:00:00,537.1,545.77,537.1,537.22,0.02,42.07,23449.87,1
2025-10-28,2025-10-28 11:01:00,537.22,537.33,537.22,537.33,0.02,42.07,23449.87,1
2025-10-28,2025-10-28 11:02:00,537.33,537.45,537.33,537.45,0.02,42.07,23449.87,1
2025-10-28,2025-10-28 11:03:00,537.45,537.57,537.45,537.57,0.02,42.07,23449.87,1
2025-10-28,2025-10-28 11:04:00,537.57,537.68,537.57,537.68,0.02,42.07,23449.87,1
2025-10-28,2025-10-28 11:05:00,537.68,537.8,537.68,537.8,0.02,42.07,23449.87,1
2025-10-28,2025-10-28 11:06:00,537.8,537.91,537.8,537.91,0.02,42.07,23449.87,1
2025-10-28,2025-10-28 11:07:00,537.91,538.03,537.91,538.03,0.02,42.07,23449.87,1
2025-10-28,2025-10-28 11:08:00,538.03,538.15,538.03,538.15,0.02,42.07,23449.87,1
2025-10-28,2025-10-28 11:09:00,538.15,538.26,538.15,538.26,0.02,42.07,23449.87,1
2025-10-28,2025-10-28 11:10:00,538.26,538.38,538.26,538.38,0.02,42.07,23449.87,1
2025-10-28,2025-10-28 11:11:00,538.38,538.5,538.38,538.5,0.02,42.07,23449.87,1
2025-10-28,2025-10-28 11:12:00,538.5,538.61,538.5,538.61,0.02,42.07,23449.87,1
2025-10-28,2025-10-28 11:13:00,538.61,538.73,538.61,538.73,0.02,42.07,23449.87,1
2025-10-28,2025-10-28 11:14:00,538.73,538.84,538.73,538.84,0.02,42.07,23449.87,1
2025-10-28,2025-10-28 11:15:00,538.84,538.96,538.84,538.96,0.02,42.07,23449.87,1
2025-10-28,2025-10-28 11:16:00,538.96,539.08,538.96,539.08,0.02,42.07,23449.87,1
2025-10-28,2025-10-28 11:17:00,539.08,539.19,539.08,539.19,0.02,42.07,23449.87,1
2025-10-28,2025-10-28 11:18:00,539.19,539.31,539.19,539.31,0.02,42.07,23449.87,1
2025-10-28,2025-10-28 11:19:00,539.31,539.43,539.31,539.43,0.02,42.07,23449.87,1
2025-10-28,2025-10-28 11:20:00,539.43,539.54,539.43,539.54,0.02,42.07,23449.87,1
2025-10-28,2025-10-28 11:21:00,539.54,539.66,539.54,539.66,0.02,42.07,23449.87,1
2025-10-28,2025-10-28 11:22:00,539.66,539.77,539.66,539.77,0.02,42.07,23449.87,1
2025-10-28,2025-10-28 11:23:00,539.77,539.89,539.77,539.89,0.02,42.07,23449.87,1
2025-10-28,2025-10-28 11:24:00,539.89,540.01,539.89,540.01,0.02,42.07,23449.87,1
2025-10-28,2025-10-28 11:25:00,540.01,540.12,540.01,540.12,0.02,42.07,23449.87,1
2025-10-28,2025-10-28 11:26:00,540.12,540.24,540.12,540.24,0.02,42.07,23449.87,1
2025-10-28,2025-10-28 11:27:00,540.24,540.36,540.24,540.36,0.02,42.07,23449.87,1
2025-10-28,2025-10-28 11:28:00,540.36,540.47,540.36,540.47,0.02,42.07,23449.87,1
2025-10-28,2025-10-28 11:29:00,540.47,540.59,540.47,540.59,0.02,42.07,23449.87,1
2025-10-28,2025-10-28 11:30:00,540.59,540.7,540.59,540.7,0.02,42.07,23449.87,1
2025-10-28,2025-10-28 11:31:00,540.7,540.82,540.7,540.82,0.02,42.07,23449.87,1
2025-10-28,2025-10-28 11:32:00,540.82,540.94,540.82,540.94,0.02,42.07,23449.87,1
2025-10-28,2025-10-28 11:33:00,540.94,541.05,540.94,541.05,0.02,42.07,23449.87,1
2025-10-28,2025-10-28 11:34:00,541.05,541.17,541.05,541.17,0.02,42.07,23449.87,1
2025-10-28,2025-10-28 11:35:00,541.17,541.28,541.17,541.28,0.02,42.07,23449.87,1
2025-10-28,2025-10-28 11:36:00,541.28,541.4,541.28,541.4,0.02,42.07,23449.87,1
2025-10-28,2025-10-28 11:37:00,541.4,541.52,541.4,541.52,0.02,42.07,23449.87,1
2025-10-28,2025-10-28 11:38:00,541.52,541.63,541.52,541.63,0.02,42.07,23449.87,1
2025-10-28,2025-10-28 11:39:00,541.63,541.75,541.63,541.75,0.02,42.07,23449.87,1
2025-10-28,2025-10-28 11:40:00,541.75,541.87,541.75,541.87,0.02,42.07,23449.87,1
2025-10-28,2025-10-28 11:41:00,541.87,541.98,541.87,541.98,0.02,42.07,23449.87,1
2025-10-28,2025-10-28 11:42:00,541.98,542.1,541.98,542.1,0.02,42.07,23449.87,1
2025-10-28,2025-10-28 11:43:00,542.1,542.22,542.1,542.22,0.02,42.07,23449.87,1
2025-10-28,2025-10-28 11:44:00,542.22,542.33,542.22,542.33,0.02,42.07,23449.87,1
2025-10-28,2025-10-28 11:45:00,542.33,542.45,542.33,542.45,0.02,42.07,23449.87,1
2025-10-28,2025-10-28 11:46:00,542.45,542.56,542.45,542.56,0.02,42.07,23449.87,1
2025-10-28,2025-10-28 11:47:00,542.56,542.68,542.56,542.68,0.02,42.07,23449.87,1
2025-10-28,2025-10-28 11:48:00,542.68,542.8,542.68,542.8,0.02,42.07,23449.87,1
2025-10-28,2025-10-28 11:49:00,542.8,542.91,542.8,542.91,0.02,42.07,23449.87,1
2025-10-28,2025-10-28 11:50:00,542.91,543.03,542.91,543.03,0.02,42.07,23449.87,1
2025-10-28,2025-10-28 11:51:00,543.03,543.14,543.03,543.14,0.02,42.07,23449.87,1
2025-10-28,2025-10-28 11:52:00,543.14,543.26,543.14,543.26,0.02,42.07,23449.87,1
2025-10-28,2025-10-28 11:53:00,543.26,543.38,543.26,543.38,0.02,42.07,23449.87,1
2025-10-28,2025-10-28 11:54:00,543.38,543.49,543.38,543.49,0.02,42.07,23449.87,1
2025-10-28,2025-10-28 11:55:00,543.49,543.61,543.49,543.61,0.02,42.07,23449.87,1
2025-10-28,2025-10-28 11:56:00,543.61,543.73,543.61,543.73,0.02,42.07,23449.87,1
2025-10-28,2025-10-28 11:57:00,543.73,543.84,543.73,543.84,0.02,42.07,23449.87,1
2025-10-28,2025-10-28 11:58:00,543.84,543.96,543.84,543.96,0.02,42.07,23449.87,1
2025-10-28,2025-10-28 11:59:00,543.96,544.08,543.96,544.08,0.02,42.07,23449.87,1
2025-10-28,2025-10-28 12:00:00,544.08,544.19,544.08,544.19,0.02,42.07,23449.87,1
2025-10-28,2025-10-28 12:01:00,544.19,544.31,544.19,544.31,0.02,42.07,23449.87,1
2025-10-28,2025-10-28 12:02:00,544.31,544.42,544.31,544.42,0.02,42.07,23449.87,1
2025-10-28,2025-10-28 12:03:00,544.42,544.54,544.42,544.54,0.02,42.07,23449.87,1
2025-10-28,2025-10-28 12:04:00,544.54,544.66,544.54,544.66,0.02,42.07,23449.87,1
2025-10-28,2025-10-28 12:05:00,544.66,544.77,544.66,544.77,0.02,42.07,23449.87,1
2025-10-28,2025-10-28 12:06:00,544.77,544.89,544.77,544.89,0.02,42.07,23449.87,1
2025-10-28,2025-10-28 12:07:00,544.89,545.0,544.89,545.0,0.02,42.07,23449.87,1
2025-10-28,2025-10-28 12:08:00,545.0,545.12,545.0,545.12,0.02,42.07,23449.87,1
2025-10-28,2025-10-28 12:09:00,545.12,545.24,545.12,545.24,0.02,42.07,23449.87,1
2025-10-28,2025-10-28 12:10:00,545.24,545.35,545.24,545.35,0.02,42.07,23449.87,1
2025-10-28,2025-10-28 12:11:00,545.35,545.47,545.35,545.47,0.02,42.07,23449.87,1
2025-10-28,2025-10-28 12:12:00,545.47,545.59,545.47,545.59,0.02,42.07,23449.87,1
2025-10-28,2025-10-28 12:13:00,545.59,545.7,545.59,545.7,0.02,42.07,23449.87,1
2025-10-28,2025-10-28 12:14:00,545.7,545.82,545.7,545.82,0.02,42.07,23449.87,1
2025-10-28,2025-10-28 12:15:00,545.82,545.94,545.82,545.94,0.02,42.07,23449.87,1
2025-10-28,2025-10-28 12:16:00,545.94,546.05,545.94,546.05,0.02,42.07,23449.87,1
2025-10-28,2025-10-28 12:17:00,546.05,546.17,546.05,546.17,0.02,42.07,23449.87,1
2025-10-28,2025-10-28 12:18:00,546.17,546.28,546.17,546.28,0.02,42.07,23449.87,1
2025-10-28,2025-10-28 12:19:00,546.28,546.4,546.28,546.4,0.02,42.07,23449.87,1
2025-10-28,2025-10-28 12:20:00,546.4,546.52,546.4,546.52,0.02,42.07,23449.87,1
2025-10-28,2025-10-28 12:21:00,546.52,546.63,546.52,546.63,0.02,42.07,23449.87,1
2025-10-28,2025-10-28 12:22:00,546.63,546.75,546.63,546.75,0.02,42.07,23449.87,1
2025-10-28,2025-10-28 12:23:00,546.75,546.87,546.75,546.87,0.02,42.07,23449.87,1
2025-10-28,2025-10-28 12:24:00,546.87,546.98,546.87,546.98,0.02,42.07,23449.87,1
2025-10-28,2025-10-28 12:25:00,546.98,547.1,546.98,547.1,0.02,42.07,23449.87,1
2025-10-28,2025-10-28 12:26:00,547.1,547.21,547.1,547.21,0.02,42.07,23449.87,1
2025-10-28,2025-10-28 12:27:00,547.21,547.33,547.21,547.33,0.02,42.07,23449.87,1
2025-10-28,2025-10-28 12:28:00,547.33,547.45,547.33,547.45,0.02,42.07,23449.87,1
2025-10-28,2025-10-28 12:29:00,547.45,547.56,547.45,547.56,0.02,42.07,23449.87,1
2025-10-28,2025-10-28 12:30:00,547.56,547.68,547.56,547.68,0.02,42.07,23449.87,1
2025-10-28,2025-10-28 12:31:00,547.68,547.79,547.68,547.79,0.02,42.07,23449.87,1
2025-10-28,2025-10-28 12:32:00,547.79,547.91,547.79,547.91,0.02,42.07,23449.87,1
2025-10-28,2025-10-28 12:33:00,547.91,548.03,547.91,548.03,0.02,42.07,23449.87,1
2025-10-28,2025-10-28 12:34:00,548.03,548.14,548.03,548.14,0.02,42.07,23449.87,1
2025-10-28,2025-10-28 12:35:00,548.14,548.26,548.14,548.26,0.02,42.07,23449.87,1
2025-10-28,2025-10-28 12:36:00,548.26,548.38,548.26,548.38,0.02,42.07,23449.87,1
2025-10-28,2025-10-28 12:37:00,548.38,548.49,548.38,548.49,0.02,42.07,23449.87,1
2025-10-28,2025-10-28 12:38:00,548.49,548.61,548.49,548.61,0.02,42.07,23449.87,1
2025-10-28,2025-10-28 12:39:00,548.61,548.73,548.61,548.73,0.02,42.07,23449.87,1
2025-10-28,2025-10-28 12:40:00,548.73,548.84,548.73,548.84,0.02,42.07,23449.87,1
2025-10-28,2025-10-28 12:41:00,548.84,548.96,548.84,548.96,0.02,42.07,23449.87,1
2025-10-28,2025-10-28 12:42:00,548.96,549.07,548.96,549.07,0.02,42.07,23449.87,1
2025-10-28,2025-10-28 12:43:00,549.07,549.19,549.07,549.19,0.02,42.07,23449.87,1
2025-10-28,2025-10-28 12:44:00,549.19,549.31,549.19,549.31,0.02,42.07,23449.87,1
2025-10-28,2025-10-28 12:45:00,549.31,549.42,549.31,549.42,0.02,42.07,23449.87,1
2025-10-28,2025-10-28 12:46:00,549.42,549.54,549.42,549.54,0.02,42.07,23449.87,1
2025-10-28,2025-10-28 12:47:00,549.54,549.65,549.54,549.65,0.02,42.07,23449.87,1
2025-10-28,2025-10-28 12:48:00,549.65,549.77,549.65,549.77,0.02,42.07,23449.87,1
2025-10-28,2025-10-28 12:49:00,549.77,549.89,549.77,549.89,0.02,42.07,23449.87,1
2025-10-28,2025-10-28 12:50:00,549.89,550.0,549.89,550.0,0.02,42.07,23449.87,1
2025-10-28,2025-10-28 12:51:00,550.0,550.12,550.0,550.12,0.02,42.07,23449.87,1
2025-10-28,2025-10-28 12:52:00,550.12,550.24,550.12,550.24,0.02,42.07,23449.87,1
2025-10-28,2025-10-28 12:53:00,550.24,550.35,550.24,550.35,0.02,42.07,23449.87,1
2025-10-28,2025-10-28 12:54:00,550.35,550.47,550.35,550.47,0.02,42.07,23449.87,1
2025-10-28,2025-10-28 12:55:00,550.47,550.59,550.47,550.59,0.02,42.07,23449.87,1
2025-10-28,2025-10-28 12:56:00,550.59,550.7,550.59,550.7,0.02,42.07,23449.87,1
2025-10-28,2025-10-28 12:57:00,550.7,550.82,550.7,550.82,0.02,42.07,23449.87,1
2025-10-28,2025-10-28 12:58:00,550.82,550.93,550.82,550.93,0.02,42.07,23449.87,1
2025-10-28,2025-10-28 12:59:00,550.93,551.05,550.93,551.05,0.02,42.07,23449.87,1
2025-10-28,2025-10-28 13:00:00,551.05,566.0,537.1,551.17,0.02,42.07,23449.87,1
2025-10-28,2025-10-28 13:01:00,551.17,551.28,551.17,551.28,0.02,42.07,23449.87,1
2025-10-28,2025-10-28 13:02:00,551.28,551.4,551.28,551.4,0.02,42.07,23449.87,1
2025-10-28,2025-10-28 13:03:00,551.4,551.51,551.4,551.51,0.02,42.07,23449.87,1
2025-10-28,2025-10-28 13:04:00,551.51,551.63,551.51,551.63,0.02,42.07,23449.87,1
2025-10-28,2025-10-28 13:05:00,551.63,551.75,551.63,551.75,0.02,42.07,23449.87,1
2025-10-28,2025-10-28 13:06:00,551.75,551.86,551.75,551.86,0.02,42.07,23449.87,1
2025-10-28,2025-10-28 13:07:00,551.86,551.98,551.86,551.98,0.02,42.07,23449.87,1
2025-10-28,2025-10-28 13:08:00,551.98,552.1,551.98,552.1,0.02,42.07,23449.87,1
2025-10-28,2025-10-28 13:09:00,552.1,552.21,552.1,552.21,0.02,42.07,23449.87,1
2025-10-28,2025-10-28 13:10:00,552.21,552.33,552.21,552.33,0.02,42.07,23449.87,1
2025-10-28,2025-10-28 13:11:00,552.33,552.45,552.33,552.45,0.02,42.07,23449.87,1
2025-10-28,2025-10-28 13:12:00,552.45,552.56,552.45,552.56,0.02,42.07,23449.87,1
2025-10-28,2025-10-28 13:13:00,552.56,552.68,552.56,552.68,0.02,42.07,23449.87,1
2025-10-28,2025-10-28 13:14:00,552.68,552.79,552.68,552.79,0.02,42.07,23449.87,1
2025-10-28,2025-10-28 13:15:00,552.79,552.91,552.79,552.91,0.02,42.07,23449.87,1
2025-10-28,2025-10-28 13:16:00,552.91,553.03,552.91,553.03,0.02,42.07,23449.87,1
2025-10-28,2025-10-28 13:17:00,553.03,553.14,553.03,553.14,0.02,42.07,23449.87,1
2025-10-28,2025-10-28 13:18:00,553.14,553.26,553.14,553.26,0.02,42.07,23449.87,1
2025-10-28,2025-10-28 13:19:00,553.26,553.38,553.26,553.38,0.02,42.07,23449.87,1
2025-10-28,2025-10-28 13:20:00,553.38,553.49,553.38,553.49,0.02,42.07,23449.87,1
2025-10-28,2025-10-28 13:21:00,553.49,553.61,553.49,553.61,0.02,42.07,23449.87,1
2025-10-28,2025-10-28 13:22:00,553.61,553.72,553.61,553.72,0.02,42.07,23449.87,1
2025-10-28,2025-10-28 13:23:00,553.72,553.84,553.72,553.84,0.02,42.07,23449.87,1
2025-10-28,2025-10-28 13:24:00,553.84,553.96,553.84,553.96,0.02,42.07,23449.87,1
2025-10-28,2025-10-28 13:25:00,553.96,554.07,553.96,554.07,0.02,42.07,23449.87,1
2025-10-28,2025-10-28 13:26:00,554.07,554.19,554.07,554.19,0.02,42.07,23449.87,1
2025-10-28,2025-10-28 13:27:00,554.19,554.31,554.19,554.31,0.02,42.07,23449.87,1
2025-10-28,2025-10-28 13:28:00,554.31,554.42,554.31,554.42,0.02,42.07,23449.87,1
2025-10-28,2025-10-28 13:29:00,554.42,554.54,554.42,554.54,0.02,42.07,23449.87,1
2025-10-28,2025-10-28 13:30:00,554.54,554.65,554.54,554.65,0.02,42.07,23449.87,1
2025-10-28,2025-10-28 13:31:00,554.65,554.77,554.65,554.77,0.02,42.07,23449.87,1
2025-10-28,2025-10-28 13:32:00,554.77,554.89,554.77,554.89,0.02,42.07,23449.87,1
2025-10-28,2025-10-28 13:33:00,554.89,555.0,554.89,555.0,0.02,42.07,23449.87,1
2025-10-28,2025-10-28 13:34:00,555.0,555.12,555.0,555.12,0.02,42.07,23449.87,1
2025-10-28,2025-10-28 13:35:00,555.12,555.24,555.12,555.24,0.02,42.07,23449.87,1
2025-10-28,2025-10-28 13:36:00,555.24,555.35,555.24,555.35,0.02,42.07,23449.87,1
2025-10-28,2025-10-28 13:37:00,555.35,555.47,555.35,555.47,0.02,42.07,23449.87,1
2025-10-28,2025-10-28 13:38:00,555.47,555.58,555.47,555.58,0.02,42.07,23449.87,1
2025-10-28,2025-10-28 13:39:00,555.58,555.7,555.58,555.7,0.02,42.07,23449.87,1
2025-10-28,2025-10-28 13:40:00,555.7,555.82,555.7,555.82,0.02,42.07,23449.87,1
2025-10-28,2025-10-28 13:41:00,555.82,555.93,555.82,555.93,0.02,42.07,23449.87,1
2025-10-28,2025-10-28 13:42:00,555.93,556.05,555.93,556.05,0.02,42.07,23449.87,1
2025-10-28,2025-10-28 13:43:00,556.05,556.16,556.05,556.16,0.02,42.07,23449.87,1
2025-10-28,2025-10-28 13:44:00,556.16,556.28,556.16,556.28,0.02,42.07,23449.87,1
2025-10-28,2025-10-28 13:45:00,556.28,556.4,556.28,556.4,0.02,42.07,23449.87,1
2025-10-28,2025-10-28 13:46:00,556.4,556.51,556.4,556.51,0.02,42.07,23449.87,1
2025-10-28,2025-10-28 13:47:00,556.51,556.63,556.51,556.63,0.02,42.07,23449.87,1
2025-10-28,2025-10-28 13:48:00,556.63,556.75,556.63,556.75,0.02,42.07,23449.87,1
2025-10-28,2025-10-28 13:49:00,556.75,556.86,556.75,556.86,0.02,42.07,23449.87,1
2025-10-28,2025-10-28 13:50:00,556.86,556.98,556.86,556.98,0.02,42.07,23449.87,1
2025-10-28,2025-10-28 13:51:00,556.98,557.1,556.98,557.1,0.02,42.07,23449.87,1
2025-10-28,2025-10-28 13:52:00,557.1,557.21,557.1,557.21,0.02,42.07,23449.87,1
2025-10-28,2025-10-28 13:53:00,557.21,557.33,557.21,557.33,0.02,42.07,23449.87,1
2025-10-28,2025-10-28 13:54:00,557.33,557.44,557.33,557.44,0.02,42.07,23449.87,1
2025-10-28,2025-10-28 13:55:00,557.44,557.56,557.44,557.56,0.02,42.07,23449.87,1
2025-10-28,2025-10-28 13:56:00,557.56,557.68,557.56,557.68,0.02,42.07,23449.87,1
2025-10-28,2025-10-28 13:57:00,557.68,557.79,557.68,557.79,0.02,42.07,23449.87,1
2025-10-28,2025-10-28 13:58:00,557.79,557.91,557.79,557.91,0.02,42.07,23449.87,1
2025-10-28,2025-10-28 13:59:00,557.91,558.02,557.91,558.02,0.02,42.07,23449.87,1
2025-10-28,2025-10-28 14:00:00,558.02,558.14,558.02,558.14,0.02,42.07,23449.87,1
2025-10-28,2025-10-28 14:01:00,558.14,558.26,558.14,558.26,0.02,42.07,23449.87,1
2025-10-28,2025-10-28 14:02:00,558.26,558.37,558.26,558.37,0.02,42.07,23449.87,1
2025-10-28,2025-10-28 14:03:00,558.37,558.49,558.37,558.49,0.02,42.07,23449.87,1
2025-10-28,2025-10-28 14:04:00,558.49,558.61,558.49,558.61,0.02,42.07,23449.87,1
2025-10-28,2025-10-28 14:05:00,558.61,558.72,558.61,558.72,0.02,42.07,23449.87,1
2025-10-28,2025-10-28 14:06:00,558.72,558.84,558.72,558.84,0.02,42.07,23449.87,1
2025-10-28,2025-10-28 14:07:00,558.84,558.96,558.84,558.96,0.02,42.07,23449.87,1
2025-10-28,2025-10-28 14:08:00,558.96,559.07,558.96,559.07,0.02,42.07,23449.87,1
2025-10-28,2025-10-28 14:09:00,559.07,559.19,559.07,559.19,0.02,42.07,23449.87,1
2025-10-28,2025-10-28 14:10:00,559.19,559.3,559.19,559.3,0.02,42.07,23449.87,1
2025-10-28,2025-10-28 14:11:00,559.3,559.42,559.3,559.42,0.02,42.07,23449.87,1
2025-10-28,2025-10-28 14:12:00,559.42,559.54,559.42,559.54,0.02,42.07,23449.87,1
2025-10-28,2025-10-28 14:13:00,559.54,559.65,559.54,559.65,0.02,42.07,23449.87,1
2025-10-28,2025-10-28 14:14:00,559.65,559.77,559.65,559.77,0.02,42.07,23449.87,1
2025-10-28,2025-10-28 14:15:00,559.77,559.88,559.77,559.88,0.02,42.07,23449.87,1
2025-10-28,2025-10-28 14:16:00,559.88,560.0,559.88,560.0,0.02,42.07,23449.87,1
2025-10-28,2025-10-28 14:17:00,560.0,560.12,560.0,560.12,0.02,42.07,23449.87,1
2025-10-28,2025-10-28 14:18:00,560.12,560.23,560.12,560.23,0.02,42.07,23449.87,1
2025-10-28,2025-10-28 14:19:00,560.23,560.35,560.23,560.35,0.02,42.07,23449.87,1
2025-10-28,2025-10-28 14:20:00,560.35,560.47,560.35,560.47,0.02,42.07,23449.87,1
2025-10-28,2025-10-28 14:21:00,560.47,560.58,560.47,560.58,0.02,42.07,23449.87,1
2025-10-28,2025-10-28 14:22:00,560.58,560.7,560.58,560.7,0.02,42.07,23449.87,1
2025-10-28,2025-10-28 14:23:00,560.7,560.82,560.7,560.82,0.02,42.07,23449.87,1
2025-10-28,2025-10-28 14:24:00,560.82,560.93,560.82,560.93,0.02,42.07,23449.87,1
2025-10-28,2025-10-28 14:25:00,560.93,561.05,560.93,561.05,0.02,42.07,23449.87,1
2025-10-28,2025-10-28 14:26:00,561.05,561.16,561.05,561.16,0.02,42.07,23449.87,1
2025-10-28,2025-10-28 14:27:00,561.16,561.28,561.16,561.28,0.02,42.07,23449.87,1
2025-10-28,2025-10-28 14:28:00,561.28,561.4,561.28,561.4,0.02,42.07,23449.87,1
2025-10-28,2025-10-28 14:29:00,561.4,561.51,561.4,561.51,0.02,42.07,23449.87,1
2025-10-28,2025-10-28 14:30:00,561.51,561.63,561.51,561.63,0.02,42.07,23449.87,1
2025-10-28,2025-10-28 14:31:00,561.63,561.75,561.63,561.75,0.02,42.07,23449.87,1
2025-10-28,2025-10-28 14:32:00,561.75,561.86,561.75,561.86,0.02,42.07,23449.87,1
2025-10-28,2025-10-28 14:33:00,561.86,561.98,561.86,561.98,0.02,42.07,23449.87,1
2025-10-28,2025-10-28 14:34:00,561.98,562.09,561.98,562.09,0.02,42.07,23449.87,1
2025-10-28,2025-10-28 14:35:00,562.09,562.21,562.09,562.21,0.02,42.07,23449.87,1
2025-10-28,2025-10-28 14:36:00,562.21,562.33,562.21,562.33,0.02,42.07,23449.87,1
2025-10-28,2025-10-28 14:37:00,562.33,562.44,562.33,562.44,0.02,42.07,23449.87,1
2025-10-28,2025-10-28 14:38:00,562.44,562.56,562.44,562.56,0.02,42.07,23449.87,1
2025-10-28,2025-10-28 14:39:00,562.56,562.67,562.56,562.67,0.02,42.07,23449.87,1
2025-10-28,2025-10-28 14:40:00,562.67,562.79,562.67,562.79,0.02,42.07,23449.87,1
2025-10-28,2025-10-28 14:41:00,562.79,562.91,562.79,562.91,0.02,42.07,23449.87,1
2025-10-28,2025-10-28 14:42:00,562.91,563.02,562.91,563.02,0.02,42.07,23449.87,1
2025-10-28,2025-10-28 14:43:00,563.02,563.14,563.02,563.14,0.02,42.07,23449.87,1
2025-10-28,2025-10-28 14:44:00,563.14,563.26,563.14,563.26,0.02,42.07,23449.87,1
2025-10-28,2025-10-28 14:45:00,563.26,563.37,563.26,563.37,0.02,42.07,23449.87,1
2025-10-28,2025-10-28 14:46:00,563.37,563.49,563.37,563.49,0.02,42.07,23449.87,1
2025-10-28,2025-10-28 14:47:00,563.49,563.61,563.49,563.61,0.02,42.07,23449.87,1
2025-10-28,2025-10-28 14:48:00,563.61,563.72,563.61,563.72,0.02,42.07,23449.87,1
2025-10-28,2025-10-28 14:49:00,563.72,563.84,563.72,563.84,0.02,42.07,23449.87,1
2025-10-28,2025-10-28 14:50:00,563.84,563.95,563.84,563.95,0.02,42.07,23449.87,1
2025-10-28,2025-10-28 14:51:00,563.95,564.07,563.95,564.07,0.02,42.07,23449.87,1
2025-10-28,2025-10-28 14:52:00,564.07,564.19,564.07,564.19,0.02,42.07,23449.87,1
2025-10-28,2025-10-28 14:53:00,564.19,564.3,564.19,564.3,0.02,42.07,23449.87,1
2025-10-28,2025-10-28 14:54:00,564.3,564.42,564.3,564.42,0.02,42.07,23449.87,1
2025-10-28,2025-10-28 14:55:00,564.42,564.53,564.42,564.53,0.02,42.07,23449.87,1
2025-10-28,2025-10-28 14:56:00,564.53,564.65,564.53,564.65,0.02,42.07,23449.87,1
2025-10-28,2025-10-28 14:57:00,564.65,564.77,564.65,564.77,0.02,42.07,23449.87,1
2025-10-28,2025-10-28 14:58:00,564.77,564.88,564.77,564.88,0.02,42.07,23449.87,1
2025-10-28,2025-10-28 14:59:00,564.88,565.0,564.88,565.0,0.02,42.07,23449.87,1
2025-10-28,2025-10-28 15:00:00,565.0,566.0,537.1,565.0,0.0,42.07,23449.87,0
2025-10-29,2025-10-29 11:00:00,553.7,565.79,550.49,553.81,0.02,166.4,96532.03,1
2025-10-29,2025-10-29 11:01:00,553.81,553.92,553.81,553.92,0.02,166.4,96532.03,1
2025-10-29,2025-10-29 11:02:00,553.92,554.03,553.92,554.03,0.02,166.4,96532.03,1
2025-10-29,2025-10-29 11:03:00,554.03,554.14,554.03,554.14,0.02,166.4,96532.03,1
2025-10-29,2025-10-29 11:04:00,554.14,554.25,554.14,554.25,0.02,166.4,96532.03,1
2025-10-29,2025-10-29 11:05:00,554.25,554.36,554.25,554.36,0.02,166.4,96532.03,1
2025-10-29,2025-10-29 11:06:00,554.36,554.47,554.36,554.47,0.02,166.4,96532.03,1
2025-10-29,2025-10-29 11:07:00,554.47,554.58,554.47,554.58,0.02,166.4,96532.03,1
2025-10-29,2025-10-29 11:08:00,554.58,554.69,554.58,554.69,0.02,166.4,96532.03,1
2025-10-29,2025-10-29 11:09:00,554.69,554.8,554.69,554.8,0.02,166.4,96532.03,1
2025-10-29,2025-10-29 11:10:00,554.8,554.91,554.8,554.91,0.02,166.4,96532.03,1
2025-10-29,2025-10-29 11:11:00,554.91,555.02,554.91,555.02,0.02,166.4,96532.03,1
2025-10-29,2025-10-29 11:12:00,555.02,555.13,555.02,555.13,0.02,166.4,96532.03,1
2025-10-29,2025-10-29 11:13:00,555.13,555.24,555.13,555.24,0.02,166.4,96532.03,1
2025-10-29,2025-10-29 11:14:00,555.24,555.35,555.24,555.35,0.02,166.4,96532.03,1
2025-10-29,2025-10-29 11:15:00,555.35,555.46,555.35,555.46,0.02,166.4,96532.03,1
2025-10-29,2025-10-29 11:16:00,555.46,555.57,555.46,555.57,0.02,166.4,96532.03,1
2025-10-29,2025-10-29 11:17:00,555.57,555.68,555.57,555.68,0.02,166.4,96532.03,1
2025-10-29,2025-10-29 11:18:00,555.68,555.79,555.68,555.79,0.02,166.4,96532.03,1
2025-10-29,2025-10-29 11:19:00,555.79,555.9,555.79,555.9,0.02,166.4,96532.03,1
2025-10-29,2025-10-29 11:20:00,555.9,556.01,555.9,556.01,0.02,166.4,96532.03,1
2025-10-29,2025-10-29 11:21:00,556.01,556.12,556.01,556.12,0.02,166.4,96532.03,1
2025-10-29,2025-10-29 11:22:00,556.12,556.23,556.12,556.23,0.02,166.4,96532.03,1
2025-10-29,2025-10-29 11:23:00,556.23,556.34,556.23,556.34,0.02,166.4,96532.03,1
2025-10-29,2025-10-29 11:24:00,556.34,556.45,556.34,556.45,0.02,166.4,96532.03,1
2025-10-29,2025-10-29 11:25:00,556.45,556.56,556.45,556.56,0.02,166.4,96532.03,1
2025-10-29,2025-10-29 11:26:00,556.56,556.67,556.56,556.67,0.02,166.4,96532.03,1
2025-10-29,2025-10-29 11:27:00,556.67,556.78,556.67,556.78,0.02,166.4,96532.03,1
2025-10-29,2025-10-29 11:28:00,556.78,556.89,556.78,556.89,0.02,166.4,96532.03,1
2025-10-29,2025-10-29 11:29:00,556.89,557.0,556.89,557.0,0.02,166.4,96532.03,1
2025-10-29,2025-10-29 11:30:00,557.0,557.11,557.0,557.11,0.02,166.4,96532.03,1
2025-10-29,2025-10-29 11:31:00,557.11,557.22,557.11,557.22,0.02,166.4,96532.03,1
2025-10-29,2025-10-29 11:32:00,557.22,557.33,557.22,557.33,0.02,166.4,96532.03,1
2025-10-29,2025-10-29 11:33:00,557.33,557.44,557.33,557.44,0.02,166.4,96532.03,1
2025-10-29,2025-10-29 11:34:00,557.44,557.55,557.44,557.55,0.02,166.4,96532.03,1
2025-10-29,2025-10-29 11:35:00,557.55,557.66,557.55,557.66,0.02,166.4,96532.03,1
2025-10-29,2025-10-29 11:36:00,557.66,557.77,557.66,557.77,0.02,166.4,96532.03,1
2025-10-29,2025-10-29 11:37:00,557.77,557.88,557.77,557.88,0.02,166.4,96532.03,1
2025-10-29,2025-10-29 11:38:00,557.88,557.99,557.88,557.99,0.02,166.4,96532.03,1
2025-10-29,2025-10-29 11:39:00,557.99,558.1,557.99,558.1,0.02,166.4,96532.03,1
2025-10-29,2025-10-29 11:40:00,558.1,558.21,558.1,558.21,0.02,166.4,96532.03,1
2025-10-29,2025-10-29 11:41:00,558.21,558.32,558.21,558.32,0.02,166.4,96532.03,1
2025-10-29,2025-10-29 11:42:00,558.32,558.43,558.32,558.43,0.02,166.4,96532.03,1
2025-10-29,2025-10-29 11:43:00,558.43,558.54,558.43,558.54,0.02,166.4,96532.03,1
2025-10-29,2025-10-29 11:44:00,558.54,558.65,558.54,558.65,0.02,166.4,96532.03,1
2025-10-29,2025-10-29 11:45:00,558.65,558.76,558.65,558.76,0.02,166.4,96532.03,1
2025-10-29,2025-10-29 11:46:00,558.76,558.87,558.76,558.87,0.02,166.4,96532.03,1
2025-10-29,2025-10-29 11:47:00,558.87,558.98,558.87,558.98,0.02,166.4,96532.03,1
2025-10-29,2025-10-29 11:48:00,558.98,559.09,558.98,559.09,0.02,166.4,96532.03,1
2025-10-29,2025-10-29 11:49:00,559.09,559.2,559.09,559.2,0.02,166.4,96532.03,1
2025-10-29,2025-10-29 11:50:00,559.2,559.31,559.2,559.31,0.02,166.4,96532.03,1
2025-10-29,2025-10-29 11:51:00,559.31,559.42,559.31,559.42,0.02,166.4,96532.03,1
2025-10-29,2025-10-29 11:52:00,559.42,559.53,559.42,559.53,0.02,166.4,96532.03,1
2025-10-29,2025-10-29 11:53:00,559.53,559.64,559.53,559.64,0.02,166.4,96532.03,1
2025-10-29,2025-10-29 11:54:00,559.64,559.75,559.64,559.75,0.02,166.4,96532.03,1
2025-10-29,2025-10-29 11:55:00,559.75,559.86,559.75,559.86,0.02,166.4,96532.03,1
2025-10-29,2025-10-29 11:56:00,559.86,559.97,559.86,559.97,0.02,166.4,96532.03,1
2025-10-29,2025-10-29 11:57:00,559.97,560.08,559.97,560.08,0.02,166.4,96532.03,1
2025-10-29,2025-10-29 11:58:00,560.08,560.19,560.08,560.19,0.02,166.4,96532.03,1
2025-10-29,2025-10-29 11:59:00,560.19,560.3,560.19,560.3,0.02,166.4,96532.03,1
2025-10-29,2025-10-29 12:00:00,560.3,560.41,560.3,560.41,0.02,166.4,96532.03,1
2025-10-29,2025-10-29 12:01:00,560.41,560.52,560.41,560.52,0.02,166.4,96532.03,1
2025-10-29,2025-10-29 12:02:00,560.52,560.63,560.52,560.63,0.02,166.4,96532.03,1
2025-10-29,2025-10-29 12:03:00,560.63,560.74,560.63,560.74,0.02,166.4,96532.03,1
2025-10-29,2025-10-29 12:04:00,560.74,560.85,560.74,560.85,0.02,166.4,96532.03,1
2025-10-29,2025-10-29 12:05:00,560.85,560.96,560.85,560.96,0.02,166.4,96532.03,1
2025-10-29,2025-10-29 12:06:00,560.96,561.07,560.96,561.07,0.02,166.4,96532.03,1
2025-10-29,2025-10-29 12:07:00,561.07,561.18,561.07,561.18,0.02,166.4,96532.03,1
2025-10-29,2025-10-29 12:08:00,561.18,561.29,561.18,561.29,0.02,166.4,96532.03,1
2025-10-29,2025-10-29 12:09:00,561.29,561.4,561.29,561.4,0.02,166.4,96532.03,1
2025-10-29,2025-10-29 12:10:00,561.4,561.51,561.4,561.51,0.02,166.4,96532.03,1
2025-10-29,2025-10-29 12:11:00,561.51,561.62,561.51,561.62,0.02,166.4,96532.03,1
2025-10-29,2025-10-29 12:12:00,561.62,561.73,561.62,561.73,0.02,166.4,96532.03,1
2025-10-29,2025-10-29 12:13:00,561.73,561.84,561.73,561.84,0.02,166.4,96532.03,1
2025-10-29,2025-10-29 12:14:00,561.84,561.95,561.84,561.95,0.02,166.4,96532.03,1
2025-10-29,2025-10-29 12:15:00,561.95,562.06,561.95,562.06,0.02,166.4,96532.03,1
2025-10-29,2025-10-29 12:16:00,562.06,562.17,562.06,562.17,0.02,166.4,96532.03,1
2025-10-29,2025-10-29 12:17:00,562.17,562.28,562.17,562.28,0.02,166.4,96532.03,1
2025-10-29,2025-10-29 12:18:00,562.28,562.39,562.28,562.39,0.02,166.4,96532.03,1
2025-10-29,2025-10-29 12:19:00,562.39,562.5,562.39,562.5,0.02,166.4,96532.03,1
2025-10-29,2025-10-29 12:20:00,562.5,562.61,562.5,562.61,0.02,166.4,96532.03,1
2025-10-29,2025-10-29 12:21:00,562.61,562.72,562.61,562.72,0.02,166.4,96532.03,1
2025-10-29,2025-10-29 12:22:00,562.72,562.83,562.72,562.83,0.02,166.4,96532.03,1
2025-10-29,2025-10-29 12:23:00,562.83,562.94,562.83,562.94,0.02,166.4,96532.03,1
2025-10-29,2025-10-29 12:24:00,562.94,563.05,562.94,563.05,0.02,166.4,96532.03,1
2025-10-29,2025-10-29 12:25:00,563.05,563.16,563.05,563.16,0.02,166.4,96532.03,1
2025-10-29,2025-10-29 12:26:00,563.16,563.27,563.16,563.27,0.02,166.4,96532.03,1
2025-10-29,2025-10-29 12:27:00,563.27,563.38,563.27,563.38,0.02,166.4,96532.03,1
2025-10-29,2025-10-29 12:28:00,563.38,563.49,563.38,563.49,0.02,166.4,96532.03,1
2025-10-29,2025-10-29 12:29:00,563.49,563.6,563.49,563.6,0.02,166.4,96532.03,1
2025-10-29,2025-10-29 12:30:00,563.6,563.71,563.6,563.71,0.02,166.4,96532.03,1
2025-10-29,2025-10-29 12:31:00,563.71,563.82,563.71,563.82,0.02,166.4,96532.03,1
2025-10-29,2025-10-29 12:32:00,563.82,563.93,563.82,563.93,0.02,166.4,96532.03,1
2025-10-29,2025-10-29 12:33:00,563.93,564.04,563.93,564.04,0.02,166.4,96532.03,1
2025-10-29,2025-10-29 12:34:00,564.04,564.15,564.04,564.15,0.02,166.4,96532.03,1
2025-10-29,2025-10-29 12:35:00,564.15,564.26,564.15,564.26,0.02,166.4,96532.03,1
2025-10-29,2025-10-29 12:36:00,564.26,564.37,564.26,564.37,0.02,166.4,96532.03,1
2025-10-29,2025-10-29 12:37:00,564.37,564.48,564.37,564.48,0.02,166.4,96532.03,1
2025-10-29,2025-10-29 12:38:00,564.48,564.59,564.48,564.59,0.02,166.4,96532.03,1
2025-10-29,2025-10-29 12:39:00,564.59,564.7,564.59,564.7,0.02,166.4,96532.03,1
2025-10-29,2025-10-29 12:40:00,564.7,564.81,564.7,564.81,0.02,166.4,96532.03,1
2025-10-29,2025-10-29 12:41:00,564.81,564.92,564.81,564.92,0.02,166.4,96532.03,1
2025-10-29,2025-10-29 12:42:00,564.92,565.03,564.92,565.03,0.02,166.4,96532.03,1
2025-10-29,2025-10-29 12:43:00,565.03,565.14,565.03,565.14,0.02,166.4,96532.03,1
2025-10-29,2025-10-29 12:44:00,565.14,565.25,565.14,565.25,0.02,166.4,96532.03,1
2025-10-29,2025-10-29 12:45:00,565.25,565.36,565.25,565.36,0.02,166.4,96532.03,1
2025-10-29,2025-10-29 12:46:00,565.36,565.47,565.36,565.47,0.02,166.4,96532.03,1
2025-10-29,2025-10-29 12:47:00,565.47,565.58,565.47,565.58,0.02,166.4,96532.03,1
2025-10-29,2025-10-29 12:48:00,565.58,565.69,565.58,565.69,0.02,166.4,96532.03,1
2025-10-29,2025-10-29 12:49:00,565.69,565.8,565.69,565.8,0.02,166.4,96532.03,1
2025-10-29,2025-10-29 12:50:00,565.8,565.91,565.8,565.91,0.02,166.4,96532.03,1
2025-10-29,2025-10-29 12:51:00,565.91,566.02,565.91,566.02,0.02,166.4,96532.03,1
2025-10-29,2025-10-29 12:52:00,566.02,566.13,566.02,566.13,0.02,166.4,96532.03,1
2025-10-29,2025-10-29 12:53:00,566.13,566.24,566.13,566.24,0.02,166.4,96532.03,1
2025-10-29,2025-10-29 12:54:00,566.24,566.35,566.24,566.35,0.02,166.4,96532.03,1
2025-10-29,2025-10-29 12:55:00,566.35,566.46,566.35,566.46,0.02,166.4,96532.03,1
2025-10-29,2025-10-29 12:56:00,566.46,566.57,566.46,566.57,0.02,166.4,96532.03,1
2025-10-29,2025-10-29 12:57:00,566.57,566.68,566.57,566.68,0.02,166.4,96532.03,1
2025-10-29,2025-10-29 12:58:00,566.68,566.79,566.68,566.79,0.02,166.4,96532.03,1
2025-10-29,2025-10-29 12:59:00,566.79,566.9,566.79,566.9,0.02,166.4,96532.03,1
2025-10-29,2025-10-29 13:00:00,566.9,594.0,543.0,567.01,0.02,166.4,96532.03,1
2025-10-29,2025-10-29 13:01:00,567.01,567.12,567.01,567.12,0.02,166.4,96532.03,1
2025-10-29,2025-10-29 13:02:00,567.12,567.23,567.12,567.23,0.02,166.4,96532.03,1
2025-10-29,2025-10-29 13:03:00,567.23,567.34,567.23,567.34,0.02,166.4,96532.03,1
2025-10-29,2025-10-29 13:04:00,567.34,567.45,567.34,567.45,0.02,166.4,96532.03,1
2025-10-29,2025-10-29 13:05:00,567.45,567.56,567.45,567.56,0.02,166.4,96532.03,1
2025-10-29,2025-10-29 13:06:00,567.56,567.67,567.56,567.67,0.02,166.4,96532.03,1
2025-10-29,2025-10-29 13:07:00,567.67,567.78,567.67,567.78,0.02,166.4,96532.03,1
2025-10-29,2025-10-29 13:08:00,567.78,567.89,567.78,567.89,0.02,166.4,96532.03,1
2025-10-29,2025-10-29 13:09:00,567.89,568.0,567.89,568.0,0.02,166.4,96532.03,1
2025-10-29,2025-10-29 13:10:00,568.0,568.11,568.0,568.11,0.02,166.4,96532.03,1
2025-10-29,2025-10-29 13:11:00,568.11,568.22,568.11,568.22,0.02,166.4,96532.03,1
2025-10-29,2025-10-29 13:12:00,568.22,568.33,568.22,568.33,0.02,166.4,96532.03,1
2025-10-29,2025-10-29 13:13:00,568.33,568.44,568.33,568.44,0.02,166.4,96532.03,1
2025-10-29,2025-10-29 13:14:00,568.44,568.55,568.44,568.55,0.02,166.4,96532.03,1
2025-10-29,2025-10-29 13:15:00,568.55,568.66,568.55,568.66,0.02,166.4,96532.03,1
2025-10-29,2025-10-29 13:16:00,568.66,568.77,568.66,568.77,0.02,166.4,96532.03,1
2025-10-29,2025-10-29 13:17:00,568.77,568.88,568.77,568.88,0.02,166.4,96532.03,1
2025-10-29,2025-10-29 13:18:00,568.88,568.99,568.88,568.99,0.02,166.4,96532.03,1
2025-10-29,2025-10-29 13:19:00,568.99,569.1,568.99,569.1,0.02,166.4,96532.03,1
2025-10-29,2025-10-29 13:20:00,569.1,569.21,569.1,569.21,0.02,166.4,96532.03,1
2025-10-29,2025-10-29 13:21:00,569.21,569.32,569.21,569.32,0.02,166.4,96532.03,1
2025-10-29,2025-10-29 13:22:00,569.32,569.43,569.32,569.43,0.02,166.4,96532.03,1
2025-10-29,2025-10-29 13:23:00,569.43,569.54,569.43,569.54,0.02,166.4,96532.03,1
2025-10-29,2025-10-29 13:24:00,569.54,569.65,569.54,569.65,0.02,166.4,96532.03,1
2025-10-29,2025-10-29 13:25:00,569.65,569.76,569.65,569.76,0.02,166.4,96532.03,1
2025-10-29,2025-10-29 13:26:00,569.76,569.87,569.76,569.87,0.02,166.4,96532.03,1
2025-10-29,2025-10-29 13:27:00,569.87,569.98,569.87,569.98,0.02,166.4,96532.03,1
2025-10-29,2025-10-29 13:28:00,569.98,570.09,569.98,570.09,0.02,166.4,96532.03,1
2025-10-29,2025-10-29 13:29:00,570.09,570.2,570.09,570.2,0.02,166.4,96532.03,1
2025-10-29,2025-10-29 13:30:00,570.2,570.31,570.2,570.31,0.02,166.4,96532.03,1
2025-10-29,2025-10-29 13:31:00,570.31,570.42,570.31,570.42,0.02,166.4,96532.03,1
2025-10-29,2025-10-29 13:32:00,570.42,570.53,570.42,570.53,0.02,166.4,96532.03,1
2025-10-29,2025-10-29 13:33:00,570.53,570.64,570.53,570.64,0.02,166.4,96532.03,1
2025-10-29,2025-10-29 13:34:00,570.64,570.75,570.64,570.75,0.02,166.4,96532.03,1
2025-10-29,2025-10-29 13:35:00,570.75,570.86,570.75,570.86,0.02,166.4,96532.03,1
2025-10-29,2025-10-29 13:36:00,570.86,570.97,570.86,570.97,0.02,166.4,96532.03,1
2025-10-29,2025-10-29 13:37:00,570.97,571.08,570.97,571.08,0.02,166.4,96532.03,1
2025-10-29,2025-10-29 13:38:00,571.08,571.19,571.08,571.19,0.02,166.4,96532.03,1
2025-10-29,2025-10-29 13:39:00,571.19,571.3,571.19,571.3,0.02,166.4,96532.03,1
2025-10-29,2025-10-29 13:40:00,571.3,571.41,571.3,571.41,0.02,166.4,96532.03,1
2025-10-29,2025-10-29 13:41:00,571.41,571.52,571.41,571.52,0.02,166.4,96532.03,1
2025-10-29,2025-10-29 13:42:00,571.52,571.63,571.52,571.63,0.02,166.4,96532.03,1
2025-10-29,2025-10-29 13:43:00,571.63,571.74,571.63,571.74,0.02,166.4,96532.03,1
2025-10-29,2025-10-29 13:44:00,571.74,571.85,571.74,571.85,0.02,166.4,96532.03,1
2025-10-29,2025-10-29 13:45:00,571.85,571.96,571.85,571.96,0.02,166.4,96532.03,1
2025-10-29,2025-10-29 13:46:00,571.96,572.07,571.96,572.07,0.02,166.4,96532.03,1
2025-10-29,2025-10-29 13:47:00,572.07,572.18,572.07,572.18,0.02,166.4,96532.03,1
2025-10-29,2025-10-29 13:48:00,572.18,572.29,572.18,572.29,0.02,166.4,96532.03,1
2025-10-29,2025-10-29 13:49:00,572.29,572.4,572.29,572.4,0.02,166.4,96532.03,1
2025-10-29,2025-10-29 13:50:00,572.4,572.51,572.4,572.51,0.02,166.4,96532.03,1
2025-10-29,2025-10-29 13:51:00,572.51,572.62,572.51,572.62,0.02,166.4,96532.03,1
2025-10-29,2025-10-29 13:52:00,572.62,572.73,572.62,572.73,0.02,166.4,96532.03,1
2025-10-29,2025-10-29 13:53:00,572.73,572.84,572.73,572.84,0.02,166.4,96532.03,1
2025-10-29,2025-10-29 13:54:00,572.84,572.95,572.84,572.95,0.02,166.4,96532.03,1
2025-10-29,2025-10-29 13:55:00,572.95,573.06,572.95,573.06,0.02,166.4,96532.03,1
2025-10-29,2025-10-29 13:56:00,573.06,573.17,573.06,573.17,0.02,166.4,96532.03,1
2025-10-29,2025-10-29 13:57:00,573.17,573.28,573.17,573.28,0.02,166.4,96532.03,1
2025-10-29,2025-10-29 13:58:00,573.28,573.39,573.28,573.39,0.02,166.4,96532.03,1
2025-10-29,2025-10-29 13:59:00,573.39,573.5,573.39,573.5,0.02,166.4,96532.03,1
2025-10-29,2025-10-29 14:00:00,573.5,573.61,573.5,573.61,0.02,166.4,96532.03,1
2025-10-29,2025-10-29 14:01:00,573.61,573.72,573.61,573.72,0.02,166.4,96532.03,1
2025-10-29,2025-10-29 14:02:00,573.72,573.83,573.72,573.83,0.02,166.4,96532.03,1
2025-10-29,2025-10-29 14:03:00,573.83,573.94,573.83,573.94,0.02,166.4,96532.03,1
2025-10-29,2025-10-29 14:04:00,573.94,574.05,573.94,574.05,0.02,166.4,96532.03,1
2025-10-29,2025-10-29 14:05:00,574.05,574.16,574.05,574.16,0.02,166.4,96532.03,1
2025-10-29,2025-10-29 14:06:00,574.16,574.27,574.16,574.27,0.02,166.4,96532.03,1
2025-10-29,2025-10-29 14:07:00,574.27,574.38,574.27,574.38,0.02,166.4,96532.03,1
2025-10-29,2025-10-29 14:08:00,574.38,574.49,574.38,574.49,0.02,166.4,96532.03,1
2025-10-29,2025-10-29 14:09:00,574.49,574.6,574.49,574.6,0.02,166.4,96532.03,1
2025-10-29,2025-10-29 14:10:00,574.6,574.71,574.6,574.71,0.02,166.4,96532.03,1
2025-10-29,2025-10-29 14:11:00,574.71,574.82,574.71,574.82,0.02,166.4,96532.03,1
2025-10-29,2025-10-29 14:12:00,574.82,574.93,574.82,574.93,0.02,166.4,96532.03,1
2025-10-29,2025-10-29 14:13:00,574.93,575.04,574.93,575.04,0.02,166.4,96532.03,1
2025-10-29,2025-10-29 14:14:00,575.04,575.15,575.04,575.15,0.02,166.4,96532.03,1
2025-10-29,2025-10-29 14:15:00,575.15,575.26,575.15,575.26,0.02,166.4,96532.03,1
2025-10-29,2025-10-29 14:16:00,575.26,575.37,575.26,575.37,0.02,166.4,96532.03,1
2025-10-29,2025-10-29 14:17:00,575.37,575.48,575.37,575.48,0.02,166.4,96532.03,1
2025-10-29,2025-10-29 14:18:00,575.48,575.59,575.48,575.59,0.02,166.4,96532.03,1
2025-10-29,2025-10-29 14:19:00,575.59,575.7,575.59,575.7,0.02,166.4,96532.03,1
2025-10-29,2025-10-29 14:20:00,575.7,575.81,575.7,575.81,0.02,166.4,96532.03,1
2025-10-29,2025-10-29 14:21:00,575.81,575.92,575.81,575.92,0.02,166.4,96532.03,1
2025-10-29,2025-10-29 14:22:00,575.92,576.03,575.92,576.03,0.02,166.4,96532.03,1
2025-10-29,2025-10-29 14:23:00,576.03,576.14,576.03,576.14,0.02,166.4,96532.03,1
2025-10-29,2025-10-29 14:24:00,576.14,576.25,576.14,576.25,0.02,166.4,96532.03,1
2025-10-29,2025-10-29 14:25:00,576.25,576.36,576.25,576.36,0.02,166.4,96532.03,1
2025-10-29,2025-10-29 14:26:00,576.36,576.47,576.36,576.47,0.02,166.4,96532.03,1
2025-10-29,2025-10-29 14:27:00,576.47,576.58,576.47,576.58,0.02,166.4,96532.03,1
2025-10-29,2025-10-29 14:28:00,576.58,576.69,576.58,576.69,0.02,166.4,96532.03,1
2025-10-29,2025-10-29 14:29:00,576.69,576.8,576.69,576.8,0.02,166.4,96532.03,1
2025-10-29,2025-10-29 14:30:00,576.8,576.91,576.8,576.91,0.02,166.4,96532.03,1
2025-10-29,2025-10-29 14:31:00,576.91,577.02,576.91,577.02,0.02,166.4,96532.03,1
2025-10-29,2025-10-29 14:32:00,577.02,577.13,577.02,577.13,0.02,166.4,96532.03,1
2025-10-29,2025-10-29 14:33:00,577.13,577.24,577.13,577.24,0.02,166.4,96532.03,1
2025-10-29,2025-10-29 14:34:00,577.24,577.35,577.24,577.35,0.02,166.4,96532.03,1
2025-10-29,2025-10-29 14:35:00,577.35,577.46,577.35,577.46,0.02,166.4,96532.03,1
2025-10-29,2025-10-29 14:36:00,577.46,577.57,577.46,577.57,0.02,166.4,96532.03,1
2025-10-29,2025-10-29 14:37:00,577.57,577.68,577.57,577.68,0.02,166.4,96532.03,1
2025-10-29,2025-10-29 14:38:00,577.68,577.79,577.68,577.79,0.02,166.4,96532.03,1
2025-10-29,2025-10-29 14:39:00,577.79,577.9,577.79,577.9,0.02,166.4,96532.03,1
2025-10-29,2025-10-29 14:40:00,577.9,578.01,577.9,578.01,0.02,166.4,96532.03,1
2025-10-29,2025-10-29 14:41:00,578.01,578.12,578.01,578.12,0.02,166.4,96532.03,1
2025-10-29,2025-10-29 14:42:00,578.12,578.23,578.12,578.23,0.02,166.4,96532.03,1
2025-10-29,2025-10-29 14:43:00,578.23,578.34,578.23,578.34,0.02,166.4,96532.03,1
2025-10-29,2025-10-29 14:44:00,578.34,578.45,578.34,578.45,0.02,166.4,96532.03,1
2025-10-29,2025-10-29 14:45:00,578.45,578.56,578.45,578.56,0.02,166.4,96532.03,1
2025-10-29,2025-10-29 14:46:00,578.56,578.67,578.56,578.67,0.02,166.4,96532.03,1
2025-10-29,2025-10-29 14:47:00,578.67,578.78,578.67,578.78,0.02,166.4,96532.03,1
2025-10-29,2025-10-29 14:48:00,578.78,578.89,578.78,578.89,0.02,166.4,96532.03,1
2025-10-29,2025-10-29 14:49:00,578.89,579.0,578.89,579.0,0.02,166.4,96532.03,1
2025-10-29,2025-10-29 14:50:00,579.0,579.11,579.0,579.11,0.02,166.4,96532.03,1
2025-10-29,2025-10-29 14:51:00,579.11,579.22,579.11,579.22,0.02,166.4,96532.03,1
2025-10-29,2025-10-29 14:52:00,579.22,579.33,579.22,579.33,0.02,166.4,96532.03,1
2025-10-29,2025-10-29 14:53:00,579.33,579.44,579.33,579.44,0.02,166.4,96532.03,1
2025-10-29,2025-10-29 14:54:00,579.44,579.55,579.44,579.55,0.02,166.4,96532.03,1
2025-10-29,2025-10-29 14:55:00,579.55,579.66,579.55,579.66,0.02,166.4,96532.03,1
2025-10-29,2025-10-29 14:56:00,579.66,579.77,579.66,579.77,0.02,166.4,96532.03,1
2025-10-29,2025-10-29 14:57:00,579.77,579.88,579.77,579.88,0.02,166.4,96532.03,1
2025-10-29,2025-10-29 14:58:00,579.88,579.99,579.88,579.99,0.02,166.4,96532.03,1
2025-10-29,2025-10-29 14:59:00,579.99,580.1,579.99,580.1,0.02,166.4,96532.03,1
2025-10-29,2025-10-29 15:00:00,580.1,594.0,543.0,580.1,0.0,166.4,96532.03,0
2025-10-30,2025-10-30 11:00:00,580.1,588.17,577.07,580.13,0.01,300.93,178098.35,1
2025-10-30,2025-10-30 11:01:00,580.13,580.16,580.13,580.16,0.01,300.93,178098.35,1
2025-10-30,2025-10-30 11:02:00,580.16,580.19,580.16,580.19,0.01,300.93,178098.35,1
2025-10-30,2025-10-30 11:03:00,580.19,580.22,580.19,580.22,0.01,300.93,178098.35,1
2025-10-30,2025-10-30 11:04:00,580.22,580.24,580.22,580.24,0.0,300.93,178098.35,1
2025-10-30,2025-10-30 11:05:00,580.24,580.27,580.24,580.27,0.01,300.93,178098.35,1
2025-10-30,2025-10-30 11:06:00,580.27,580.3,580.27,580.3,0.01,300.93,178098.35,1
2025-10-30,2025-10-30 11:07:00,580.3,580.33,580.3,580.33,0.01,300.93,178098.35,1
2025-10-30,2025-10-30 11:08:00,580.33,580.36,580.33,580.36,0.01,300.93,178098.35,1
2025-10-30,2025-10-30 11:09:00,580.36,580.39,580.36,580.39,0.01,300.93,178098.35,1
2025-10-30,2025-10-30 11:10:00,580.39,580.42,580.39,580.42,0.01,300.93,178098.35,1
2025-10-30,2025-10-30 11:11:00,580.42,580.45,580.42,580.45,0.01,300.93,178098.35,1
2025-10-30,2025-10-30 11:12:00,580.45,580.47,580.45,580.47,0.0,300.93,178098.35,1
2025-10-30,2025-10-30 11:13:00,580.47,580.5,580.47,580.5,0.01,300.93,178098.35,1
2025-10-30,2025-10-30 11:14:00,580.5,580.53,580.5,580.53,0.01,300.93,178098.35,1
2025-10-30,2025-10-30 11:15:00,580.53,580.56,580.53,580.56,0.01,300.93,178098.35,1
2025-10-30,2025-10-30 11:16:00,580.56,580.59,580.56,580.59,0.01,300.93,178098.35,1
2025-10-30,2025-10-30 11:17:00,580.59,580.62,580.59,580.62,0.01,300.93,178098.35,1
2025-10-30,2025-10-30 11:18:00,580.62,580.65,580.62,580.65,0.01,300.93,178098.35,1
2025-10-30,2025-10-30 11:19:00,580.65,580.68,580.65,580.68,0.01,300.93,178098.35,1
2025-10-30,2025-10-30 11:20:00,580.68,580.7,580.68,580.7,0.0,300.93,178098.35,1
2025-10-30,2025-10-30 11:21:00,580.7,580.73,580.7,580.73,0.01,300.93,178098.35,1
2025-10-30,2025-10-30 11:22:00,580.73,580.76,580.73,580.76,0.01,300.93,178098.35,1
2025-10-30,2025-10-30 11:23:00,580.76,580.79,580.76,580.79,0.01,300.93,178098.35,1
2025-10-30,2025-10-30 11:24:00,580.79,580.82,580.79,580.82,0.01,300.93,178098.35,1
2025-10-30,2025-10-30 11:25:00,580.82,580.85,580.82,580.85,0.01,300.93,178098.35,1
2025-10-30,2025-10-30 11:26:00,580.85,580.88,580.85,580.88,0.01,300.93,178098.35,1
2025-10-30,2025-10-30 11:27:00,580.88,580.9,580.88,580.9,0.0,300.93,178098.35,1
2025-10-30,2025-10-30 11:28:00,580.9,580.93,580.9,580.93,0.01,300.93,178098.35,1
2025-10-30,2025-10-30 11:29:00,580.93,580.96,580.93,580.96,0.01,300.93,178098.35,1
2025-10-30,2025-10-30 11:30:00,580.96,580.99,580.96,580.99,0.01,300.93,178098.35,1
2025-10-30,2025-10-30 11:31:00,580.99,581.02,580.99,581.02,0.01,300.93,178098.35,1
2025-10-30,2025-10-30 11:32:00,581.02,581.05,581.02,581.05,0.01,300.93,178098.35,1
2025-10-30,2025-10-30 11:33:00,581.05,581.08,581.05,581.08,0.01,300.93,178098.35,1
2025-10-30,2025-10-30 11:34:00,581.08,581.11,581.08,581.11,0.01,300.93,178098.35,1
2025-10-30,2025-10-30 11:35:00,581.11,581.13,581.11,581.13,0.0,300.93,178098.35,1
2025-10-30,2025-10-30 11:36:00,581.13,581.16,581.13,581.16,0.01,300.93,178098.35,1
2025-10-30,2025-10-30 11:37:00,581.16,581.19,581.16,581.19,0.01,300.93,178098.35,1
2025-10-30,2025-10-30 11:38:00,581.19,581.22,581.19,581.22,0.01,300.93,178098.35,1
2025-10-30,2025-10-30 11:39:00,581.22,581.25,581.22,581.25,0.01,300.93,178098.35,1
2025-10-30,2025-10-30 11:40:00,581.25,581.28,581.25,581.28,0.01,300.93,178098.35,1
2025-10-30,2025-10-30 11:41:00,581.28,581.31,581.28,581.31,0.01,300.93,178098.35,1
2025-10-30,2025-10-30 11:42:00,581.31,581.34,581.31,581.34,0.01,300.93,178098.35,1
2025-10-30,2025-10-30 11:43:00,581.34,581.37,581.34,581.37,0.01,300.93,178098.35,1
2025-10-30,2025-10-30 11:44:00,581.37,581.39,581.37,581.39,0.0,300.93,178098.35,1
2025-10-30,2025-10-30 11:45:00,581.39,581.42,581.39,581.42,0.01,300.93,178098.35,1
2025-10-30,2025-10-30 11:46:00,581.42,581.45,581.42,581.45,0.01,300.93,178098.35,1
2025-10-30,2025-10-30 11:47:00,581.45,581.48,581.45,581.48,0.01,300.93,178098.35,1
2025-10-30,2025-10-30 11:48:00,581.48,581.51,581.48,581.51,0.01,300.93,178098.35,1
2025-10-30,2025-10-30 11:49:00,581.51,581.54,581.51,581.54,0.01,300.93,178098.35,1
2025-10-30,2025-10-30 11:50:00,581.54,581.57,581.54,581.57,0.01,300.93,178098.35,1
2025-10-30,2025-10-30 11:51:00,581.57,581.6,581.57,581.6,0.01,300.93,178098.35,1
2025-10-30,2025-10-30 11:52:00,581.6,581.62,581.6,581.62,0.0,300.93,178098.35,1
2025-10-30,2025-10-30 11:53:00,581.62,581.65,581.62,581.65,0.01,300.93,178098.35,1
2025-10-30,2025-10-30 11:54:00,581.65,581.68,581.65,581.68,0.01,300.93,178098.35,1
2025-10-30,2025-10-30 11:55:00,581.68,581.71,581.68,581.71,0.01,300.93,178098.35,1
2025-10-30,2025-10-30 11:56:00,581.71,581.74,581.71,581.74,0.01,300.93,178098.35,1
2025-10-30,2025-10-30 11:57:00,581.74,581.77,581.74,581.77,0.01,300.93,178098.35,1
2025-10-30,2025-10-30 11:58:00,581.77,581.8,581.77,581.8,0.01,300.93,178098.35,1
2025-10-30,2025-10-30 11:59:00,581.8,581.83,581.8,581.83,0.01,300.93,178098.35,1
2025-10-30,2025-10-30 12:00:00,581.83,581.85,581.83,581.85,0.0,300.93,178098.35,1
2025-10-30,2025-10-30 12:01:00,581.85,581.88,581.85,581.88,0.01,300.93,178098.35,1
2025-10-30,2025-10-30 12:02:00,581.88,581.91,581.88,581.91,0.01,300.93,178098.35,1
2025-10-30,2025-10-30 12:03:00,581.91,581.94,581.91,581.94,0.01,300.93,178098.35,1
2025-10-30,2025-10-30 12:04:00,581.94,581.97,581.94,581.97,0.01,300.93,178098.35,1
2025-10-30,2025-10-30 12:05:00,581.97,582.0,581.97,582.0,0.01,300.93,178098.35,1
2025-10-30,2025-10-30 12:06:00,582.0,582.03,582.0,582.03,0.01,300.93,178098.35,1
2025-10-30,2025-10-30 12:07:00,582.03,582.06,582.03,582.06,0.01,300.93,178098.35,1
2025-10-30,2025-10-30 12:08:00,582.06,582.08,582.06,582.08,0.0,300.93,178098.35,1
2025-10-30,2025-10-30 12:09:00,582.08,582.11,582.08,582.11,0.01,300.93,178098.35,1
2025-10-30,2025-10-30 12:10:00,582.11,582.14,582.11,582.14,0.01,300.93,178098.35,1
2025-10-30,2025-10-30 12:11:00,582.14,582.17,582.14,582.17,0.01,300.93,178098.35,1
2025-10-30,2025-10-30 12:12:00,582.17,582.2,582.17,582.2,0.01,300.93,178098.35,1
2025-10-30,2025-10-30 12:13:00,582.2,582.23,582.2,582.23,0.01,300.93,178098.35,1
2025-10-30,2025-10-30 12:14:00,582.23,582.26,582.23,582.26,0.01,300.93,178098.35,1
2025-10-30,2025-10-30 12:15:00,582.26,582.28,582.26,582.28,0.0,300.93,178098.35,1
2025-10-30,2025-10-30 12:16:00,582.28,582.31,582.28,582.31,0.01,300.93,178098.35,1
2025-10-30,2025-10-30 12:17:00,582.31,582.34,582.31,582.34,0.01,300.93,178098.35,1
2025-10-30,2025-10-30 12:18:00,582.34,582.37,582.34,582.37,0.01,300.93,178098.35,1
2025-10-30,2025-10-30 12:19:00,582.37,582.4,582.37,582.4,0.01,300.93,178098.35,1
2025-10-30,2025-10-30 12:20:00,582.4,582.43,582.4,582.43,0.01,300.93,178098.35,1
2025-10-30,2025-10-30 12:21:00,582.43,582.46,582.43,582.46,0.01,300.93,178098.35,1
2025-10-30,2025-10-30 12:22:00,582.46,582.49,582.46,582.49,0.01,300.93,178098.35,1
2025-10-30,2025-10-30 12:23:00,582.49,582.51,582.49,582.51,0.0,300.93,178098.35,1
2025-10-30,2025-10-30 12:24:00,582.51,582.54,582.51,582.54,0.01,300.93,178098.35,1
2025-10-30,2025-10-30 12:25:00,582.54,582.57,582.54,582.57,0.01,300.93,178098.35,1
2025-10-30,2025-10-30 12:26:00,582.57,582.6,582.57,582.6,0.01,300.93,178098.35,1
2025-10-30,2025-10-30 12:27:00,582.6,582.63,582.6,582.63,0.01,300.93,178098.35,1
2025-10-30,2025-10-30 12:28:00,582.63,582.66,582.63,582.66,0.01,300.93,178098.35,1
2025-10-30,2025-10-30 12:29:00,582.66,582.69,582.66,582.69,0.01,300.93,178098.35,1
2025-10-30,2025-10-30 12:30:00,582.69,582.72,582.69,582.72,0.01,300.93,178098.35,1
2025-10-30,2025-10-30 12:31:00,582.72,582.75,582.72,582.75,0.01,300.93,178098.35,1
2025-10-30,2025-10-30 12:32:00,582.75,582.77,582.75,582.77,0.0,300.93,178098.35,1
2025-10-30,2025-10-30 12:33:00,582.77,582.8,582.77,582.8,0.01,300.93,178098.35,1
2025-10-30,2025-10-30 12:34:00,582.8,582.83,582.8,582.83,0.01,300.93,178098.35,1
2025-10-30,2025-10-30 12:35:00,582.83,582.86,582.83,582.86,0.01,300.93,178098.35,1
2025-10-30,2025-10-30 12:36:00,582.86,582.89,582.86,582.89,0.01,300.93,178098.35,1
2025-10-30,2025-10-30 12:37:00,582.89,582.92,582.89,582.92,0.01,300.93,178098.35,1
2025-10-30,2025-10-30 12:38:00,582.92,582.95,582.92,582.95,0.01,300.93,178098.35,1
2025-10-30,2025-10-30 12:39:00,582.95,582.98,582.95,582.98,0.01,300.93,178098.35,1
2025-10-30,2025-10-30 12:40:00,582.98,583.0,582.98,583.0,0.0,300.93,178098.35,1
2025-10-30,2025-10-30 12:41:00,583.0,583.03,583.0,583.03,0.01,300.93,178098.35,1
2025-10-30,2025-10-30 12:42:00,583.03,583.06,583.03,583.06,0.01,300.93,178098.35,1
2025-10-30,2025-10-30 12:43:00,583.06,583.09,583.06,583.09,0.01,300.93,178098.35,1
2025-10-30,2025-10-30 12:44:00,583.09,583.12,583.09,583.12,0.01,300.93,178098.35,1
2025-10-30,2025-10-30 12:45:00,583.12,583.15,583.12,583.15,0.01,300.93,178098.35,1
2025-10-30,2025-10-30 12:46:00,583.15,583.18,583.15,583.18,0.01,300.93,178098.35,1
2025-10-30,2025-10-30 12:47:00,583.18,583.21,583.18,583.21,0.01,300.93,178098.35,1
2025-10-30,2025-10-30 12:48:00,583.21,583.23,583.21,583.23,0.0,300.93,178098.35,1
2025-10-30,2025-10-30 12:49:00,583.23,583.26,583.23,583.26,0.01,300.93,178098.35,1
2025-10-30,2025-10-30 12:50:00,583.26,583.29,583.26,583.29,0.01,300.93,178098.35,1
2025-10-30,2025-10-30 12:51:00,583.29,583.32,583.29,583.32,0.01,300.93,178098.35,1
2025-10-30,2025-10-30 12:52:00,583.32,583.35,583.32,583.35,0.01,300.93,178098.35,1
2025-10-30,2025-10-30 12:53:00,583.35,583.38,583.35,583.38,0.01,300.93,178098.35,1
2025-10-30,2025-10-30 12:54:00,583.38,583.41,583.38,583.41,0.01,300.93,178098.35,1
2025-10-30,2025-10-30 12:55:00,583.41,583.44,583.41,583.44,0.01,300.93,178098.35,1
2025-10-30,2025-10-30 12:56:00,583.44,583.46,583.44,583.46,0.0,300.93,178098.35,1
2025-10-30,2025-10-30 12:57:00,583.46,583.49,583.46,583.49,0.01,300.93,178098.35,1
2025-10-30,2025-10-30 12:58:00,583.49,583.52,583.49,583.52,0.01,300.93,178098.35,1
2025-10-30,2025-10-30 12:59:00,583.52,583.55,583.52,583.55,0.01,300.93,178098.35,1
2025-10-30,2025-10-30 13:00:00,583.55,607.0,570.0,583.58,0.01,300.93,178098.35,1
2025-10-30,2025-10-30 13:01:00,583.58,583.61,583.58,583.61,0.01,300.93,178098.35,1
2025-10-30,2025-10-30 13:02:00,583.61,583.64,583.61,583.64,0.01,300.93,178098.35,1
2025-10-30,2025-10-30 13:03:00,583.64,583.66,583.64,583.66,0.0,300.93,178098.35,1
2025-10-30,2025-10-30 13:04:00,583.66,583.69,583.66,583.69,0.01,300.93,178098.35,1
2025-10-30,2025-10-30 13:05:00,583.69,583.72,583.69,583.72,0.01,300.93,178098.35,1
2025-10-30,2025-10-30 13:06:00,583.72,583.75,583.72,583.75,0.01,300.93,178098.35,1
2025-10-30,2025-10-30 13:07:00,583.75,583.78,583.75,583.78,0.01,300.93,178098.35,1
2025-10-30,2025-10-30 13:08:00,583.78,583.81,583.78,583.81,0.01,300.93,178098.35,1
2025-10-30,2025-10-30 13:09:00,583.81,583.84,583.81,583.84,0.01,300.93,178098.35,1
2025-10-30,2025-10-30 13:10:00,583.84,583.87,583.84,583.87,0.01,300.93,178098.35,1
2025-10-30,2025-10-30 13:11:00,583.87,583.89,583.87,583.89,0.0,300.93,178098.35,1
2025-10-30,2025-10-30 13:12:00,583.89,583.92,583.89,583.92,0.01,300.93,178098.35,1
2025-10-30,2025-10-30 13:13:00,583.92,583.95,583.92,583.95,0.01,300.93,178098.35,1
2025-10-30,2025-10-30 13:14:00,583.95,583.98,583.95,583.98,0.01,300.93,178098.35,1
2025-10-30,2025-10-30 13:15:00,583.98,584.01,583.98,584.01,0.01,300.93,178098.35,1
2025-10-30,2025-10-30 13:16:00,584.01,584.04,584.01,584.04,0.01,300.93,178098.35,1
2025-10-30,2025-10-30 13:17:00,584.04,584.07,584.04,584.07,0.01,300.93,178098.35,1
2025-10-30,2025-10-30 13:18:00,584.07,584.1,584.07,584.1,0.01,300.93,178098.35,1
2025-10-30,2025-10-30 13:19:00,584.1,584.12,584.1,584.12,0.0,300.93,178098.35,1
2025-10-30,2025-10-30 13:20:00,584.12,584.15,584.12,584.15,0.01,300.93,178098.35,1
2025-10-30,2025-10-30 13:21:00,584.15,584.18,584.15,584.18,0.01,300.93,178098.35,1
2025-10-30,2025-10-30 13:22:00,584.18,584.21,584.18,584.21,0.01,300.93,178098.35,1
2025-10-30,2025-10-30 13:23:00,584.21,584.24,584.21,584.24,0.01,300.93,178098.35,1
2025-10-30,2025-10-30 13:24:00,584.24,584.27,584.24,584.27,0.01,300.93,178098.35,1
2025-10-30,2025-10-30 13:25:00,584.27,584.3,584.27,584.3,0.01,300.93,178098.35,1
2025-10-30,2025-10-30 13:26:00,584.3,584.33,584.3,584.33,0.01,300.93,178098.35,1
2025-10-30,2025-10-30 13:27:00,584.33,584.36,584.33,584.36,0.01,300.93,178098.35,1
2025-10-30,2025-10-30 13:28:00,584.36,584.38,584.36,584.38,0.0,300.93,178098.35,1
2025-10-30,2025-10-30 13:29:00,584.38,584.41,584.38,584.41,0.01,300.93,178098.35,1
2025-10-30,2025-10-30 13:30:00,584.41,584.44,584.41,584.44,0.01,300.93,178098.35,1
2025-10-30,2025-10-30 13:31:00,584.44,584.47,584.44,584.47,0.01,300.93,178098.35,1
2025-10-30,2025-10-30 13:32:00,584.47,584.5,584.47,584.5,0.01,300.93,178098.35,1
2025-10-30,2025-10-30 13:33:00,584.5,584.53,584.5,584.53,0.01,300.93,178098.35,1
2025-10-30,2025-10-30 13:34:00,584.53,584.56,584.53,584.56,0.01,300.93,178098.35,1
2025-10-30,2025-10-30 13:35:00,584.56,584.59,584.56,584.59,0.01,300.93,178098.35,1
2025-10-30,2025-10-30 13:36:00,584.59,584.61,584.59,584.61,0.0,300.93,178098.35,1
2025-10-30,2025-10-30 13:37:00,584.61,584.64,584.61,584.64,0.01,300.93,178098.35,1
2025-10-30,2025-10-30 13:38:00,584.64,584.67,584.64,584.67,0.01,300.93,178098.35,1
2025-10-30,2025-10-30 13:39:00,584.67,584.7,584.67,584.7,0.01,300.93,178098.35,1
2025-10-30,2025-10-30 13:40:00,584.7,584.73,584.7,584.73,0.01,300.93,178098.35,1
2025-10-30,2025-10-30 13:41:00,584.73,584.76,584.73,584.76,0.01,300.93,178098.35,1
2025-10-30,2025-10-30 13:42:00,584.76,584.79,584.76,584.79,0.01,300.93,178098.35,1
2025-10-30,2025-10-30 13:43:00,584.79,584.82,584.79,584.82,0.01,300.93,178098.35,1
2025-10-30,2025-10-30 13:44:00,584.82,584.84,584.82,584.84,0.0,300.93,178098.35,1
2025-10-30,2025-10-30 13:45:00,584.84,584.87,584.84,584.87,0.01,300.93,178098.35,1
2025-10-30,2025-10-30 13:46:00,584.87,584.9,584.87,584.9,0.01,300.93,178098.35,1
2025-10-30,2025-10-30 13:47:00,584.9,584.93,584.9,584.93,0.01,300.93,178098.35,1
2025-10-30,2025-10-30 13:48:00,584.93,584.96,584.93,584.96,0.01,300.93,178098.35,1
2025-10-30,2025-10-30 13:49:00,584.96,584.99,584.96,584.99,0.01,300.93,178098.35,1
2025-10-30,2025-10-30 13:50:00,584.99,585.02,584.99,585.02,0.01,300.93,178098.35,1
2025-10-30,2025-10-30 13:51:00,585.02,585.04,585.02,585.04,0.0,300.93,178098.35,1
2025-10-30,2025-10-30 13:52:00,585.04,585.07,585.04,585.07,0.01,300.93,178098.35,1
2025-10-30,2025-10-30 13:53:00,585.07,585.1,585.07,585.1,0.01,300.93,178098.35,1
2025-10-30,2025-10-30 13:54:00,585.1,585.13,585.1,585.13,0.01,300.93,178098.35,1
2025-10-30,2025-10-30 13:55:00,585.13,585.16,585.13,585.16,0.01,300.93,178098.35,1
2025-10-30,2025-10-30 13:56:00,585.16,585.19,585.16,585.19,0.01,300.93,178098.35,1
2025-10-30,2025-10-30 13:57:00,585.19,585.22,585.19,585.22,0.01,300.93,178098.35,1
2025-10-30,2025-10-30 13:58:00,585.22,585.25,585.22,585.25,0.01,300.93,178098.35,1
2025-10-30,2025-10-30 13:59:00,585.25,585.27,585.25,585.27,0.0,300.93,178098.35,1
2025-10-30,2025-10-30 14:00:00,585.27,585.3,585.27,585.3,0.01,300.93,178098.35,1
2025-10-30,2025-10-30 14:01:00,585.3,585.33,585.3,585.33,0.01,300.93,178098.35,1
2025-10-30,2025-10-30 14:02:00,585.33,585.36,585.33,585.36,0.01,300.93,178098.35,1
2025-10-30,2025-10-30 14:03:00,585.36,585.39,585.36,585.39,0.01,300.93,178098.35,1
2025-10-30,2025-10-30 14:04:00,585.39,585.42,585.39,585.42,0.01,300.93,178098.35,1
2025-10-30,2025-10-30 14:05:00,585.42,585.45,585.42,585.45,0.01,300.93,178098.35,1
2025-10-30,2025-10-30 14:06:00,585.45,585.48,585.45,585.48,0.01,300.93,178098.35,1
2025-10-30,2025-10-30 14:07:00,585.48,585.5,585.48,585.5,0.0,300.93,178098.35,1
2025-10-30,2025-10-30 14:08:00,585.5,585.53,585.5,585.53,0.01,300.93,178098.35,1
2025-10-30,2025-10-30 14:09:00,585.53,585.56,585.53,585.56,0.01,300.93,178098.35,1
2025-10-30,2025-10-30 14:10:00,585.56,585.59,585.56,585.59,0.01,300.93,178098.35,1
2025-10-30,2025-10-30 14:11:00,585.59,585.62,585.59,585.62,0.01,300.93,178098.35,1
2025-10-30,2025-10-30 14:12:00,585.62,585.65,585.62,585.65,0.01,300.93,178098.35,1
2025-10-30,2025-10-30 14:13:00,585.65,585.68,585.65,585.68,0.01,300.93,178098.35,1
2025-10-30,2025-10-30 14:14:00,585.68,585.71,585.68,585.71,0.01,300.93,178098.35,1
2025-10-30,2025-10-30 14:15:00,585.71,585.74,585.71,585.74,0.01,300.93,178098.35,1
2025-10-30,2025-10-30 14:16:00,585.74,585.76,585.74,585.76,0.0,300.93,178098.35,1
2025-10-30,2025-10-30 14:17:00,585.76,585.79,585.76,585.79,0.01,300.93,178098.35,1
2025-10-30,2025-10-30 14:18:00,585.79,585.82,585.79,585.82,0.01,300.93,178098.35,1
2025-10-30,2025-10-30 14:19:00,585.82,585.85,585.82,585.85,0.01,300.93,178098.35,1
2025-10-30,2025-10-30 14:20:00,585.85,585.88,585.85,585.88,0.01,300.93,178098.35,1
2025-10-30,2025-10-30 14:21:00,585.88,585.91,585.88,585.91,0.01,300.93,178098.35,1
2025-10-30,2025-10-30 14:22:00,585.91,585.94,585.91,585.94,0.01,300.93,178098.35,1
2025-10-30,2025-10-30 14:23:00,585.94,585.97,585.94,585.97,0.01,300.93,178098.35,1
2025-10-30,2025-10-30 14:24:00,585.97,585.99,585.97,585.99,0.0,300.93,178098.35,1
2025-10-30,2025-10-30 14:25:00,585.99,586.02,585.99,586.02,0.01,300.93,178098.35,1
2025-10-30,2025-10-30 14:26:00,586.02,586.05,586.02,586.05,0.01,300.93,178098.35,1
2025-10-30,2025-10-30 14:27:00,586.05,586.08,586.05,586.08,0.01,300.93,178098.35,1
2025-10-30,2025-10-30 14:28:00,586.08,586.11,586.08,586.11,0.01,300.93,178098.35,1
2025-10-30,2025-10-30 14:29:00,586.11,586.14,586.11,586.14,0.01,300.93,178098.35,1
2025-10-30,2025-10-30 14:30:00,586.14,586.17,586.14,586.17,0.01,300.93,178098.35,1
2025-10-30,2025-10-30 14:31:00,586.17,586.2,586.17,586.2,0.01,300.93,178098.35,1
2025-10-30,2025-10-30 14:32:00,586.2,586.22,586.2,586.22,0.0,300.93,178098.35,1
2025-10-30,2025-10-30 14:33:00,586.22,586.25,586.22,586.25,0.01,300.93,178098.35,1
2025-10-30,2025-10-30 14:34:00,586.25,586.28,586.25,586.28,0.01,300.93,178098.35,1
2025-10-30,2025-10-30 14:35:00,586.28,586.31,586.28,586.31,0.01,300.93,178098.35,1
2025-10-30,2025-10-30 14:36:00,586.31,586.34,586.31,586.34,0.01,300.93,178098.35,1
2025-10-30,2025-10-30 14:37:00,586.34,586.37,586.34,586.37,0.01,300.93,178098.35,1
2025-10-30,2025-10-30 14:38:00,586.37,586.4,586.37,586.4,0.01,300.93,178098.35,1
2025-10-30,2025-10-30 14:39:00,586.4,586.42,586.4,586.42,0.0,300.93,178098.35,1
2025-10-30,2025-10-30 14:40:00,586.42,586.45,586.42,586.45,0.01,300.93,178098.35,1
2025-10-30,2025-10-30 14:41:00,586.45,586.48,586.45,586.48,0.01,300.93,178098.35,1
2025-10-30,2025-10-30 14:42:00,586.48,586.51,586.48,586.51,0.01,300.93,178098.35,1
2025-10-30,2025-10-30 14:43:00,586.51,586.54,586.51,586.54,0.01,300.93,178098.35,1
2025-10-30,2025-10-30 14:44:00,586.54,586.57,586.54,586.57,0.01,300.93,178098.35,1
2025-10-30,2025-10-30 14:45:00,586.57,586.6,586.57,586.6,0.01,300.93,178098.35,1
2025-10-30,2025-10-30 14:46:00,586.6,586.63,586.6,586.63,0.01,300.93,178098.35,1
2025-10-30,2025-10-30 14:47:00,586.63,586.65,586.63,586.65,0.0,300.93,178098.35,1
2025-10-30,2025-10-30 14:48:00,586.65,586.68,586.65,586.68,0.01,300.93,178098.35,1
2025-10-30,2025-10-30 14:49:00,586.68,586.71,586.68,586.71,0.01,300.93,178098.35,1
2025-10-30,2025-10-30 14:50:00,586.71,586.74,586.71,586.74,0.01,300.93,178098.35,1
2025-10-30,2025-10-30 14:51:00,586.74,586.77,586.74,586.77,0.01,300.93,178098.35,1
2025-10-30,2025-10-30 14:52:00,586.77,586.8,586.77,586.8,0.01,300.93,178098.35,1
2025-10-30,2025-10-30 14:53:00,586.8,586.83,586.8,586.83,0.01,300.93,178098.35,1
2025-10-30,2025-10-30 14:54:00,586.83,586.86,586.83,586.86,0.01,300.93,178098.35,1
2025-10-30,2025-10-30 14:55:00,586.86,586.88,586.86,586.88,0.0,300.93,178098.35,1
2025-10-30,2025-10-30 14:56:00,586.88,586.91,586.88,586.91,0.01,300.93,178098.35,1
2025-10-30,2025-10-30 14:57:00,586.91,586.94,586.91,586.94,0.01,300.93,178098.35,1
2025-10-30,2025-10-30 14:58:00,586.94,586.97,586.94,586.97,0.01,300.93,178098.35,1
2025-10-30,2025-10-30 14:59:00,586.97,587.0,586.97,587.0,0.01,300.93,178098.35,1
2025-10-30,2025-10-30 15:00:00,587.0,607.0,570.0,587.0,0.0,300.93,178098.35,0
2025-11-02,2025-11-02 11:00:00,598.7,598.7,588.92,598.64,-0.01,59.9,34562.54,-1
2025-11-02,2025-11-02 11:01:00,598.64,598.64,598.58,598.58,-0.01,59.9,34562.54,-1
2025-11-02,2025-11-02 11:02:00,598.58,598.58,598.52,598.52,-0.01,59.9,34562.54,-1
2025-11-02,2025-11-02 11:03:00,598.52,598.52,598.46,598.46,-0.01,59.9,34562.54,-1
2025-11-02,2025-11-02 11:04:00,598.46,598.46,598.39,598.39,-0.01,59.9,34562.54,-1
2025-11-02,2025-11-02 11:05:00,598.39,598.39,598.33,598.33,-0.01,59.9,34562.54,-1
2025-11-02,2025-11-02 11:06:00,598.33,598.33,598.27,598.27,-0.01,59.9,34562.54,-1
2025-11-02,2025-11-02 11:07:00,598.27,598.27,598.21,598.21,-0.01,59.9,34562.54,-1
2025-11-02,2025-11-02 11:08:00,598.21,598.21,598.15,598.15,-0.01,59.9,34562.54,-1
2025-11-02,2025-11-02 11:09:00,598.15,598.15,598.09,598.09,-0.01,59.9,34562.54,-1
2025-11-02,2025-11-02 11:10:00,598.09,598.09,598.03,598.03,-0.01,59.9,34562.54,-1
2025-11-02,2025-11-02 11:11:00,598.03,598.03,597.97,597.97,-0.01,59.9,34562.54,-1
2025-11-02,2025-11-02 11:12:00,597.97,597.97,597.9,597.9,-0.01,59.9,34562.54,-1
2025-11-02,2025-11-02 11:13:00,597.9,597.9,597.84,597.84,-0.01,59.9,34562.54,-1
2025-11-02,2025-11-02 11:14:00,597.84,597.84,597.78,597.78,-0.01,59.9,34562.54,-1
2025-11-02,2025-11-02 11:15:00,597.78,597.78,597.72,597.72,-0.01,59.9,34562.54,-1
2025-11-02,2025-11-02 11:16:00,597.72,597.72,597.66,597.66,-0.01,59.9,34562.54,-1
2025-11-02,2025-11-02 11:17:00,597.66,597.66,597.6,597.6,-0.01,59.9,34562.54,-1
2025-11-02,2025-11-02 11:18:00,597.6,597.6,597.54,597.54,-0.01,59.9,34562.54,-1
2025-11-02,2025-11-02 11:19:00,597.54,597.54,597.48,597.48,-0.01,59.9,34562.54,-1
2025-11-02,2025-11-02 11:20:00,597.48,597.48,597.41,597.41,-0.01,59.9,34562.54,-1
2025-11-02,2025-11-02 11:21:00,597.41,597.41,597.35,597.35,-0.01,59.9,34562.54,-1
2025-11-02,2025-11-02 11:22:00,597.35,597.35,597.29,597.29,-0.01,59.9,34562.54,-1
2025-11-02,2025-11-02 11:23:00,597.29,597.29,597.23,597.23,-0.01,59.9,34562.54,-1
2025-11-02,2025-11-02 11:24:00,597.23,597.23,597.17,597.17,-0.01,59.9,34562.54,-1
2025-11-02,2025-11-02 11:25:00,597.17,597.17,597.11,597.11,-0.01,59.9,34562.54,-1
2025-11-02,2025-11-02 11:26:00,597.11,597.11,597.05,597.05,-0.01,59.9,34562.54,-1
2025-11-02,2025-11-02 11:27:00,597.05,597.05,596.99,596.99,-0.01,59.9,34562.54,-1
2025-11-02,2025-11-02 11:28:00,596.99,596.99,596.92,596.92,-0.01,59.9,34562.54,-1
2025-11-02,2025-11-02 11:29:00,596.92,596.92,596.86,596.86,-0.01,59.9,34562.54,-1
2025-11-02,2025-11-02 11:30:00,596.86,596.86,596.8,596.8,-0.01,59.9,34562.54,-1
2025-11-02,2025-11-02 11:31:00,596.8,596.8,596.74,596.74,-0.01,59.9,34562.54,-1
2025-11-02,2025-11-02 11:32:00,596.74,596.74,596.68,596.68,-0.01,59.9,34562.54,-1
2025-11-02,2025-11-02 11:33:00,596.68,596.68,596.62,596.62,-0.01,59.9,34562.54,-1
2025-11-02,2025-11-02 11:34:00,596.62,596.62,596.56,596.56,-0.01,59.9,34562.54,-1
2025-11-02,2025-11-02 11:35:00,596.56,596.56,596.5,596.5,-0.01,59.9,34562.54,-1
2025-11-02,2025-11-02 11:36:00,596.5,596.5,596.43,596.43,-0.01,59.9,34562.54,-1
2025-11-02,2025-11-02 11:37:00,596.43,596.43,596.37,596.37,-0.01,59.9,34562.54,-1
2025-11-02,2025-11-02 11:38:00,596.37,596.37,596.31,596.31,-0.01,59.9,34562.54,-1
2025-11-02,2025-11-02 11:39:00,596.31,596.31,596.25,596.25,-0.01,59.9,34562.54,-1
2025-11-02,2025-11-02 11:40:00,596.25,596.25,596.19,596.19,-0.01,59.9,34562.54,-1
2025-11-02,2025-11-02 11:41:00,596.19,596.19,596.13,596.13,-0.01,59.9,34562.54,-1
2025-11-02,2025-11-02 11:42:00,596.13,596.13,596.07,596.07,-0.01,59.9,34562.54,-1
2025-11-02,2025-11-02 11:43:00,596.07,596.07,596.0,596.0,-0.01,59.9,34562.54,-1
2025-11-02,2025-11-02 11:44:00,596.0,596.0,595.94,595.94,-0.01,59.9,34562.54,-1
2025-11-02,2025-11-02 11:45:00,595.94,595.94,595.88,595.88,-0.01,59.9,34562.54,-1
2025-11-02,2025-11-02 11:46:00,595.88,595.88,595.82,595.82,-0.01,59.9,34562.54,-1
2025-11-02,2025-11-02 11:47:00,595.82,595.82,595.76,595.76,-0.01,59.9,34562.54,-1
2025-11-02,2025-11-02 11:48:00,595.76,595.76,595.7,595.7,-0.01,59.9,34562.54,-1
2025-11-02,2025-11-02 11:49:00,595.7,595.7,595.64,595.64,-0.01,59.9,34562.54,-1
2025-11-02,2025-11-02 11:50:00,595.64,595.64,595.58,595.58,-0.01,59.9,34562.54,-1
2025-11-02,2025-11-02 11:51:00,595.58,595.58,595.51,595.51,-0.01,59.9,34562.54,-1
2025-11-02,2025-11-02 11:52:00,595.51,595.51,595.45,595.45,-0.01,59.9,34562.54,-1
2025-11-02,2025-11-02 11:53:00,595.45,595.45,595.39,595.39,-0.01,59.9,34562.54,-1
2025-11-02,2025-11-02 11:54:00,595.39,595.39,595.33,595.33,-0.01,59.9,34562.54,-1
2025-11-02,2025-11-02 11:55:00,595.33,595.33,595.27,595.27,-0.01,59.9,34562.54,-1
2025-11-02,2025-11-02 11:56:00,595.27,595.27,595.21,595.21,-0.01,59.9,34562.54,-1
2025-11-02,2025-11-02 11:57:00,595.21,595.21,595.15,595.15,-0.01,59.9,34562.54,-1
2025-11-02,2025-11-02 11:58:00,595.15,595.15,595.09,595.09,-0.01,59.9,34562.54,-1
2025-11-02,2025-11-02 11:59:00,595.09,595.09,595.03,595.03,-0.01,59.9,34562.54,-1
2025-11-02,2025-11-02 12:00:00,595.03,595.03,594.96,594.96,-0.01,59.9,34562.54,-1
2025-11-02,2025-11-02 12:01:00,594.96,594.96,594.9,594.9,-0.01,59.9,34562.54,-1
2025-11-02,2025-11-02 12:02:00,594.9,594.9,594.84,594.84,-0.01,59.9,34562.54,-1
2025-11-02,2025-11-02 12:03:00,594.84,594.84,594.78,594.78,-0.01,59.9,34562.54,-1
2025-11-02,2025-11-02 12:04:00,594.78,594.78,594.72,594.72,-0.01,59.9,34562.54,-1
2025-11-02,2025-11-02 12:05:00,594.72,594.72,594.66,594.66,-0.01,59.9,34562.54,-1
2025-11-02,2025-11-02 12:06:00,594.66,594.66,594.6,594.6,-0.01,59.9,34562.54,-1
2025-11-02,2025-11-02 12:07:00,594.6,594.6,594.54,594.54,-0.01,59.9,34562.54,-1
2025-11-02,2025-11-02 12:08:00,594.54,594.54,594.47,594.47,-0.01,59.9,34562.54,-1
2025-11-02,2025-11-02 12:09:00,594.47,594.47,594.41,594.41,-0.01,59.9,34562.54,-1
2025-11-02,2025-11-02 12:10:00,594.41,594.41,594.35,594.35,-0.01,59.9,34562.54,-1
2025-11-02,2025-11-02 12:11:00,594.35,594.35,594.29,594.29,-0.01,59.9,34562.54,-1
2025-11-02,2025-11-02 12:12:00,594.29,594.29,594.23,594.23,-0.01,59.9,34562.54,-1
2025-11-02,2025-11-02 12:13:00,594.23,594.23,594.17,594.17,-0.01,59.9,34562.54,-1
2025-11-02,2025-11-02 12:14:00,594.17,594.17,594.11,594.11,-0.01,59.9,34562.54,-1
2025-11-02,2025-11-02 12:15:00,594.11,594.11,594.05,594.05,-0.01,59.9,34562.54,-1
2025-11-02,2025-11-02 12:16:00,594.05,594.05,593.98,593.98,-0.01,59.9,34562.54,-1
2025-11-02,2025-11-02 12:17:00,593.98,593.98,593.92,593.92,-0.01,59.9,34562.54,-1
2025-11-02,2025-11-02 12:18:00,593.92,593.92,593.86,593.86,-0.01,59.9,34562.54,-1
2025-11-02,2025-11-02 12:19:00,593.86,593.86,593.8,593.8,-0.01,59.9,34562.54,-1
2025-11-02,2025-11-02 12:20:00,593.8,593.8,593.74,593.74,-0.01,59.9,34562.54,-1
2025-11-02,2025-11-02 12:21:00,593.74,593.74,593.68,593.68,-0.01,59.9,34562.54,-1
2025-11-02,2025-11-02 12:22:00,593.68,593.68,593.62,593.62,-0.01,59.9,34562.54,-1
2025-11-02,2025-11-02 12:23:00,593.62,593.62,593.56,593.56,-0.01,59.9,34562.54,-1
2025-11-02,2025-11-02 12:24:00,593.56,593.56,593.49,593.49,-0.01,59.9,34562.54,-1
2025-11-02,2025-11-02 12:25:00,593.49,593.49,593.43,593.43,-0.01,59.9,34562.54,-1
2025-11-02,2025-11-02 12:26:00,593.43,593.43,593.37,593.37,-0.01,59.9,34562.54,-1
2025-11-02,2025-11-02 12:27:00,593.37,593.37,593.31,593.31,-0.01,59.9,34562.54,-1
2025-11-02,2025-11-02 12:28:00,593.31,593.31,593.25,593.25,-0.01,59.9,34562.54,-1
2025-11-02,2025-11-02 12:29:00,593.25,593.25,593.19,593.19,-0.01,59.9,34562.54,-1
2025-11-02,2025-11-02 12:30:00,593.19,593.19,593.13,593.13,-0.01,59.9,34562.54,-1
2025-11-02,2025-11-02 12:31:00,593.13,593.13,593.07,593.07,-0.01,59.9,34562.54,-1
2025-11-02,2025-11-02 12:32:00,593.07,593.07,593.0,593.0,-0.01,59.9,34562.54,-1
2025-11-02,2025-11-02 12:33:00,593.0,593.0,592.94,592.94,-0.01,59.9,34562.54,-1
2025-11-02,2025-11-02 12:34:00,592.94,592.94,592.88,592.88,-0.01,59.9,34562.54,-1
2025-11-02,2025-11-02 12:35:00,592.88,592.88,592.82,592.82,-0.01,59.9,34562.54,-1
2025-11-02,2025-11-02 12:36:00,592.82,592.82,592.76,592.76,-0.01,59.9,34562.54,-1
2025-11-02,2025-11-02 12:37:00,592.76,592.76,592.7,592.7,-0.01,59.9,34562.54,-1
2025-11-02,2025-11-02 12:38:00,592.7,592.7,592.64,592.64,-0.01,59.9,34562.54,-1
2025-11-02,2025-11-02 12:39:00,592.64,592.64,592.58,592.58,-0.01,59.9,34562.54,-1
2025-11-02,2025-11-02 12:40:00,592.58,592.58,592.51,592.51,-0.01,59.9,34562.54,-1
2025-11-02,2025-11-02 12:41:00,592.51,592.51,592.45,592.45,-0.01,59.9,34562.54,-1
2025-11-02,2025-11-02 12:42:00,592.45,592.45,592.39,592.39,-0.01,59.9,34562.54,-1
2025-11-02,2025-11-02 12:43:00,592.39,592.39,592.33,592.33,-0.01,59.9,34562.54,-1
2025-11-02,2025-11-02 12:44:00,592.33,592.33,592.27,592.27,-0.01,59.9,34562.54,-1
2025-11-02,2025-11-02 12:45:00,592.27,592.27,592.21,592.21,-0.01,59.9,34562.54,-1
2025-11-02,2025-11-02 12:46:00,592.21,592.21,592.15,592.15,-0.01,59.9,34562.54,-1
2025-11-02,2025-11-02 12:47:00,592.15,592.15,592.09,592.09,-0.01,59.9,34562.54,-1
2025-11-02,2025-11-02 12:48:00,592.09,592.09,592.02,592.02,-0.01,59.9,34562.54,-1
2025-11-02,2025-11-02 12:49:00,592.02,592.02,591.96,591.96,-0.01,59.9,34562.54,-1
2025-11-02,2025-11-02 12:50:00,591.96,591.96,591.9,591.9,-0.01,59.9,34562.54,-1
2025-11-02,2025-11-02 12:51:00,591.9,591.9,591.84,591.84,-0.01,59.9,34562.54,-1
2025-11-02,2025-11-02 12:52:00,591.84,591.84,591.78,591.78,-0.01,59.9,34562.54,-1
2025-11-02,2025-11-02 12:53:00,591.78,591.78,591.72,591.72,-0.01,59.9,34562.54,-1
2025-11-02,2025-11-02 12:54:00,591.72,591.72,591.66,591.66,-0.01,59.9,34562.54,-1
2025-11-02,2025-11-02 12:55:00,591.66,591.66,591.6,591.6,-0.01,59.9,34562.54,-1
2025-11-02,2025-11-02 12:56:00,591.6,591.6,591.53,591.53,-0.01,59.9,34562.54,-1
2025-11-02,2025-11-02 12:57:00,591.53,591.53,591.47,591.47,-0.01,59.9,34562.54,-1
2025-11-02,2025-11-02 12:58:00,591.47,591.47,591.41,591.41,-0.01,59.9,34562.54,-1
2025-11-02,2025-11-02 12:59:00,591.41,591.41,591.35,591.35,-0.01,59.9,34562.54,-1
2025-11-02,2025-11-02 13:00:00,591.35,598.7,566.1,591.29,-0.01,59.9,34562.54,-1
2025-11-02,2025-11-02 13:01:00,591.29,591.29,591.23,591.23,-0.01,59.9,34562.54,-1
2025-11-02,2025-11-02 13:02:00,591.23,591.23,591.17,591.17,-0.01,59.9,34562.54,-1
2025-11-02,2025-11-02 13:03:00,591.17,591.17,591.11,591.11,-0.01,59.9,34562.54,-1
2025-11-02,2025-11-02 13:04:00,591.11,591.11,591.04,591.04,-0.01,59.9,34562.54,-1
2025-11-02,2025-11-02 13:05:00,591.04,591.04,590.98,590.98,-0.01,59.9,34562.54,-1
2025-11-02,2025-11-02 13:06:00,590.98,590.98,590.92,590.92,-0.01,59.9,34562.54,-1
2025-11-02,2025-11-02 13:07:00,590.92,590.92,590.86,590.86,-0.01,59.9,34562.54,-1
2025-11-02,2025-11-02 13:08:00,590.86,590.86,590.8,590.8,-0.01,59.9,34562.54,-1
2025-11-02,2025-11-02 13:09:00,590.8,590.8,590.74,590.74,-0.01,59.9,34562.54,-1
2025-11-02,2025-11-02 13:10:00,590.74,590.74,590.68,590.68,-0.01,59.9,34562.54,-1
2025-11-02,2025-11-02 13:11:00,590.68,590.68,590.62,590.62,-0.01,59.9,34562.54,-1
2025-11-02,2025-11-02 13:12:00,590.62,590.62,590.55,590.55,-0.01,59.9,34562.54,-1
2025-11-02,2025-11-02 13:13:00,590.55,590.55,590.49,590.49,-0.01,59.9,34562.54,-1
2025-11-02,2025-11-02 13:14:00,590.49,590.49,590.43,590.43,-0.01,59.9,34562.54,-1
2025-11-02,2025-11-02 13:15:00,590.43,590.43,590.37,590.37,-0.01,59.9,34562.54,-1
2025-11-02,2025-11-02 13:16:00,590.37,590.37,590.31,590.31,-0.01,59.9,34562.54,-1
2025-11-02,2025-11-02 13:17:00,590.31,590.31,590.25,590.25,-0.01,59.9,34562.54,-1
2025-11-02,2025-11-02 13:18:00,590.25,590.25,590.19,590.19,-0.01,59.9,34562.54,-1
2025-11-02,2025-11-02 13:19:00,590.19,590.19,590.12,590.12,-0.01,59.9,34562.54,-1
2025-11-02,2025-11-02 13:20:00,590.12,590.12,590.06,590.06,-0.01,59.9,34562.54,-1
2025-11-02,2025-11-02 13:21:00,590.06,590.06,590.0,590.0,-0.01,59.9,34562.54,-1
2025-11-02,2025-11-02 13:22:00,590.0,590.0,589.94,589.94,-0.01,59.9,34562.54,-1
2025-11-02,2025-11-02 13:23:00,589.94,589.94,589.88,589.88,-0.01,59.9,34562.54,-1
2025-11-02,2025-11-02 13:24:00,589.88,589.88,589.82,589.82,-0.01,59.9,34562.54,-1
2025-11-02,2025-11-02 13:25:00,589.82,589.82,589.76,589.76,-0.01,59.9,34562.54,-1
2025-11-02,2025-11-02 13:26:00,589.76,589.76,589.7,589.7,-0.01,59.9,34562.54,-1
2025-11-02,2025-11-02 13:27:00,589.7,589.7,589.63,589.63,-0.01,59.9,34562.54,-1
2025-11-02,2025-11-02 13:28:00,589.63,589.63,589.57,589.57,-0.01,59.9,34562.54,-1
2025-11-02,2025-11-02 13:29:00,589.57,589.57,589.51,589.51,-0.01,59.9,34562.54,-1
2025-11-02,2025-11-02 13:30:00,589.51,589.51,589.45,589.45,-0.01,59.9,34562.54,-1
2025-11-02,2025-11-02 13:31:00,589.45,589.45,589.39,589.39,-0.01,59.9,34562.54,-1
2025-11-02,2025-11-02 13:32:00,589.39,589.39,589.33,589.33,-0.01,59.9,34562.54,-1
2025-11-02,2025-11-02 13:33:00,589.33,589.33,589.27,589.27,-0.01,59.9,34562.54,-1
2025-11-02,2025-11-02 13:34:00,589.27,589.27,589.21,589.21,-0.01,59.9,34562.54,-1
2025-11-02,2025-11-02 13:35:00,589.21,589.21,589.14,589.14,-0.01,59.9,34562.54,-1
2025-11-02,2025-11-02 13:36:00,589.14,589.14,589.08,589.08,-0.01,59.9,34562.54,-1
2025-11-02,2025-11-02 13:37:00,589.08,589.08,589.02,589.02,-0.01,59.9,34562.54,-1
2025-11-02,2025-11-02 13:38:00,589.02,589.02,588.96,588.96,-0.01,59.9,34562.54,-1
2025-11-02,2025-11-02 13:39:00,588.96,588.96,588.9,588.9,-0.01,59.9,34562.54,-1
2025-11-02,2025-11-02 13:40:00,588.9,588.9,588.84,588.84,-0.01,59.9,34562.54,-1
2025-11-02,2025-11-02 13:41:00,588.84,588.84,588.78,588.78,-0.01,59.9,34562.54,-1
2025-11-02,2025-11-02 13:42:00,588.78,588.78,588.72,588.72,-0.01,59.9,34562.54,-1
2025-11-02,2025-11-02 13:43:00,588.72,588.72,588.65,588.65,-0.01,59.9,34562.54,-1
2025-11-02,2025-11-02 13:44:00,588.65,588.65,588.59,588.59,-0.01,59.9,34562.54,-1
2025-11-02,2025-11-02 13:45:00,588.59,588.59,588.53,588.53,-0.01,59.9,34562.54,-1
2025-11-02,2025-11-02 13:46:00,588.53,588.53,588.47,588.47,-0.01,59.9,34562.54,-1
2025-11-02,2025-11-02 13:47:00,588.47,588.47,588.41,588.41,-0.01,59.9,34562.54,-1
2025-11-02,2025-11-02 13:48:00,588.41,588.41,588.35,588.35,-0.01,59.9,34562.54,-1
2025-11-02,2025-11-02 13:49:00,588.35,588.35,588.29,588.29,-0.01,59.9,34562.54,-1
2025-11-02,2025-11-02 13:50:00,588.29,588.29,588.23,588.23,-0.01,59.9,34562.54,-1
2025-11-02,2025-11-02 13:51:00,588.23,588.23,588.16,588.16,-0.01,59.9,34562.54,-1
2025-11-02,2025-11-02 13:52:00,588.16,588.16,588.1,588.1,-0.01,59.9,34562.54,-1
2025-11-02,2025-11-02 13:53:00,588.1,588.1,588.04,588.04,-0.01,59.9,34562.54,-1
2025-11-02,2025-11-02 13:54:00,588.04,588.04,587.98,587.98,-0.01,59.9,34562.54,-1
2025-11-02,2025-11-02 13:55:00,587.98,587.98,587.92,587.92,-0.01,59.9,34562.54,-1
2025-11-02,2025-11-02 13:56:00,587.92,587.92,587.86,587.86,-0.01,59.9,34562.54,-1
2025-11-02,2025-11-02 13:57:00,587.86,587.86,587.8,587.8,-0.01,59.9,34562.54,-1
2025-11-02,2025-11-02 13:58:00,587.8,587.8,587.74,587.74,-0.01,59.9,34562.54,-1
2025-11-02,2025-11-02 13:59:00,587.74,587.74,587.67,587.67,-0.01,59.9,34562.54,-1
2025-11-02,2025-11-02 14:00:00,587.67,587.67,587.61,587.61,-0.01,59.9,34562.54,-1
2025-11-02,2025-11-02 14:01:00,587.61,587.61,587.55,587.55,-0.01,59.9,34562.54,-1
2025-11-02,2025-11-02 14:02:00,587.55,587.55,587.49,587.49,-0.01,59.9,34562.54,-1
2025-11-02,2025-11-02 14:03:00,587.49,587.49,587.43,587.43,-0.01,59.9,34562.54,-1
2025-11-02,2025-11-02 14:04:00,587.43,587.43,587.37,587.37,-0.01,59.9,34562.54,-1
2025-11-02,2025-11-02 14:05:00,587.37,587.37,587.31,587.31,-0.01,59.9,34562.54,-1
2025-11-02,2025-11-02 14:06:00,587.31,587.31,587.25,587.25,-0.01,59.9,34562.54,-1
2025-11-02,2025-11-02 14:07:00,587.25,587.25,587.19,587.19,-0.01,59.9,34562.54,-1
2025-11-02,2025-11-02 14:08:00,587.19,587.19,587.12,587.12,-0.01,59.9,34562.54,-1
2025-11-02,2025-11-02 14:09:00,587.12,587.12,587.06,587.06,-0.01,59.9,34562.54,-1
2025-11-02,2025-11-02 14:10:00,587.06,587.06,587.0,587.0,-0.01,59.9,34562.54,-1
2025-11-02,2025-11-02 14:11:00,587.0,587.0,586.94,586.94,-0.01,59.9,34562.54,-1
2025-11-02,2025-11-02 14:12:00,586.94,586.94,586.88,586.88,-0.01,59.9,34562.54,-1
2025-11-02,2025-11-02 14:13:00,586.88,586.88,586.82,586.82,-0.01,59.9,34562.54,-1
2025-11-02,2025-11-02 14:14:00,586.82,586.82,586.76,586.76,-0.01,59.9,34562.54,-1
2025-11-02,2025-11-02 14:15:00,586.76,586.76,586.7,586.7,-0.01,59.9,34562.54,-1
2025-11-02,2025-11-02 14:16:00,586.7,586.7,586.63,586.63,-0.01,59.9,34562.54,-1
2025-11-02,2025-11-02 14:17:00,586.63,586.63,586.57,586.57,-0.01,59.9,34562.54,-1
2025-11-02,2025-11-02 14:18:00,586.57,586.57,586.51,586.51,-0.01,59.9,34562.54,-1
2025-11-02,2025-11-02 14:19:00,586.51,586.51,586.45,586.45,-0.01,59.9,34562.54,-1
2025-11-02,2025-11-02 14:20:00,586.45,586.45,586.39,586.39,-0.01,59.9,34562.54,-1
2025-11-02,2025-11-02 14:21:00,586.39,586.39,586.33,586.33,-0.01,59.9,34562.54,-1
2025-11-02,2025-11-02 14:22:00,586.33,586.33,586.27,586.27,-0.01,59.9,34562.54,-1
2025-11-02,2025-11-02 14:23:00,586.27,586.27,586.21,586.21,-0.01,59.9,34562.54,-1
2025-11-02,2025-11-02 14:24:00,586.21,586.21,586.14,586.14,-0.01,59.9,34562.54,-1
2025-11-02,2025-11-02 14:25:00,586.14,586.14,586.08,586.08,-0.01,59.9,34562.54,-1
2025-11-02,2025-11-02 14:26:00,586.08,586.08,586.02,586.02,-0.01,59.9,34562.54,-1
2025-11-02,2025-11-02 14:27:00,586.02,586.02,585.96,585.96,-0.01,59.9,34562.54,-1
2025-11-02,2025-11-02 14:28:00,585.96,585.96,585.9,585.9,-0.01,59.9,34562.54,-1
2025-11-02,2025-11-02 14:29:00,585.9,585.9,585.84,585.84,-0.01,59.9,34562.54,-1
2025-11-02,2025-11-02 14:30:00,585.84,585.84,585.78,585.78,-0.01,59.9,34562.54,-1
2025-11-02,2025-11-02 14:31:00,585.78,585.78,585.72,585.72,-0.01,59.9,34562.54,-1
2025-11-02,2025-11-02 14:32:00,585.72,585.72,585.65,585.65,-0.01,59.9,34562.54,-1
2025-11-02,2025-11-02 14:33:00,585.65,585.65,585.59,585.59,-0.01,59.9,34562.54,-1
2025-11-02,2025-11-02 14:34:00,585.59,585.59,585.53,585.53,-0.01,59.9,34562.54,-1
2025-11-02,2025-11-02 14:35:00,585.53,585.53,585.47,585.47,-0.01,59.9,34562.54,-1
2025-11-02,2025-11-02 14:36:00,585.47,585.47,585.41,585.41,-0.01,59.9,34562.54,-1
2025-11-02,2025-11-02 14:37:00,585.41,585.41,585.35,585.35,-0.01,59.9,34562.54,-1
2025-11-02,2025-11-02 14:38:00,585.35,585.35,585.29,585.29,-0.01,59.9,34562.54,-1
2025-11-02,2025-11-02 14:39:00,585.29,585.29,585.23,585.23,-0.01,59.9,34562.54,-1
2025-11-02,2025-11-02 14:40:00,585.23,585.23,585.16,585.16,-0.01,59.9,34562.54,-1
2025-11-02,2025-11-02 14:41:00,585.16,585.16,585.1,585.1,-0.01,59.9,34562.54,-1
2025-11-02,2025-11-02 14:42:00,585.1,585.1,585.04,585.04,-0.01,59.9,34562.54,-1
2025-11-02,2025-11-02 14:43:00,585.04,585.04,584.98,584.98,-0.01,59.9,34562.54,-1
2025-11-02,2025-11-02 14:44:00,584.98,584.98,584.92,584.92,-0.01,59.9,34562.54,-1
2025-11-02,2025-11-02 14:45:00,584.92,584.92,584.86,584.86,-0.01,59.9,34562.54,-1
2025-11-02,2025-11-02 14:46:00,584.86,584.86,584.8,584.8,-0.01,59.9,34562.54,-1
2025-11-02,2025-11-02 14:47:00,584.8,584.8,584.74,584.74,-0.01,59.9,34562.54,-1
2025-11-02,2025-11-02 14:48:00,584.74,584.74,584.67,584.67,-0.01,59.9,34562.54,-1
2025-11-02,2025-11-02 14:49:00,584.67,584.67,584.61,584.61,-0.01,59.9,34562.54,-1
2025-11-02,2025-11-02 14:50:00,584.61,584.61,584.55,584.55,-0.01,59.9,34562.54,-1
2025-11-02,2025-11-02 14:51:00,584.55,584.55,584.49,584.49,-0.01,59.9,34562.54,-1
2025-11-02,2025-11-02 14:52:00,584.49,584.49,584.43,584.43,-0.01,59.9,34562.54,-1
2025-11-02,2025-11-02 14:53:00,584.43,584.43,584.37,584.37,-0.01,59.9,34562.54,-1
2025-11-02,2025-11-02 14:54:00,584.37,584.37,584.31,584.31,-0.01,59.9,34562.54,-1
2025-11-02,2025-11-02 14:55:00,584.31,584.31,584.25,584.25,-0.01,59.9,34562.54,-1
2025-11-02,2025-11-02 14:56:00,584.25,584.25,584.18,584.18,-0.01,59.9,34562.54,-1
2025-11-02,2025-11-02 14:57:00,584.18,584.18,584.12,584.12,-0.01,59.9,34562.54,-1
2025-11-02,2025-11-02 14:58:00,584.12,584.12,584.06,584.06,-0.01,59.9,34562.54,-1
2025-11-02,2025-11-02 14:59:00,584.06,584.06,584.0,584.0,-0.01,59.9,34562.54,-1
2025-11-02,2025-11-02 15:00:00,584.0,598.7,566.1,584.0,0.0,59.9,34562.54,0
2025-11-03,2025-11-03 11:00:00,595.6,595.6,584.92,595.49,-0.02,79.59,45082.92,-1
2025-11-03,2025-11-03 11:01:00,595.49,595.49,595.38,595.38,-0.02,79.59,45082.92,-1
2025-11-03,2025-11-03 11:02:00,595.38,595.38,595.27,595.27,-0.02,79.59,45082.92,-1
2025-11-03,2025-11-03 11:03:00,595.27,595.27,595.16,595.16,-0.02,79.59,45082.92,-1
2025-11-03,2025-11-03 11:04:00,595.16,595.16,595.05,595.05,-0.02,79.59,45082.92,-1
2025-11-03,2025-11-03 11:05:00,595.05,595.05,594.94,594.94,-0.02,79.59,45082.92,-1
2025-11-03,2025-11-03 11:06:00,594.94,594.94,594.82,594.82,-0.02,79.59,45082.92,-1
2025-11-03,2025-11-03 11:07:00,594.82,594.82,594.71,594.71,-0.02,79.59,45082.92,-1
2025-11-03,2025-11-03 11:08:00,594.71,594.71,594.6,594.6,-0.02,79.59,45082.92,-1
2025-11-03,2025-11-03 11:09:00,594.6,594.6,594.49,594.49,-0.02,79.59,45082.92,-1
2025-11-03,2025-11-03 11:10:00,594.49,594.49,594.38,594.38,-0.02,79.59,45082.92,-1
2025-11-03,2025-11-03 11:11:00,594.38,594.38,594.27,594.27,-0.02,79.59,45082.92,-1
2025-11-03,2025-11-03 11:12:00,594.27,594.27,594.16,594.16,-0.02,79.59,45082.92,-1
2025-11-03,2025-11-03 11:13:00,594.16,594.16,594.05,594.05,-0.02,79.59,45082.92,-1
2025-11-03,2025-11-03 11:14:00,594.05,594.05,593.94,593.94,-0.02,79.59,45082.92,-1
2025-11-03,2025-11-03 11:15:00,593.94,593.94,593.83,593.83,-0.02,79.59,45082.92,-1
2025-11-03,2025-11-03 11:16:00,593.83,593.83,593.72,593.72,-0.02,79.59,45082.92,-1
2025-11-03,2025-11-03 11:17:00,593.72,593.72,593.61,593.61,-0.02,79.59,45082.92,-1
2025-11-03,2025-11-03 11:18:00,593.61,593.61,593.49,593.49,-0.02,79.59,45082.92,-1
2025-11-03,2025-11-03 11:19:00,593.49,593.49,593.38,593.38,-0.02,79.59,45082.92,-1
2025-11-03,2025-11-03 11:20:00,593.38,593.38,593.27,593.27,-0.02,79.59,45082.92,-1
2025-11-03,2025-11-03 11:21:00,593.27,593.27,593.16,593.16,-0.02,79.59,45082.92,-1
2025-11-03,2025-11-03 11:22:00,593.16,593.16,593.05,593.05,-0.02,79.59,45082.92,-1
2025-11-03,2025-11-03 11:23:00,593.05,593.05,592.94,592.94,-0.02,79.59,45082.92,-1
2025-11-03,2025-11-03 11:24:00,592.94,592.94,592.83,592.83,-0.02,79.59,45082.92,-1
2025-11-03,2025-11-03 11:25:00,592.83,592.83,592.72,592.72,-0.02,79.59,45082.92,-1
2025-11-03,2025-11-03 11:26:00,592.72,592.72,592.61,592.61,-0.02,79.59,45082.92,-1
2025-11-03,2025-11-03 11:27:00,592.61,592.61,592.5,592.5,-0.02,79.59,45082.92,-1
2025-11-03,2025-11-03 11:28:00,592.5,592.5,592.39,592.39,-0.02,79.59,45082.92,-1
2025-11-03,2025-11-03 11:29:00,592.39,592.39,592.27,592.27,-0.02,79.59,45082.92,-1
2025-11-03,2025-11-03 11:30:00,592.27,592.27,592.16,592.16,-0.02,79.59,45082.92,-1
2025-11-03,2025-11-03 11:31:00,592.16,592.16,592.05,592.05,-0.02,79.59,45082.92,-1
2025-11-03,2025-11-03 11:32:00,592.05,592.05,591.94,591.94,-0.02,79.59,45082.92,-1
2025-11-03,2025-11-03 11:33:00,591.94,591.94,591.83,591.83,-0.02,79.59,45082.92,-1
2025-11-03,2025-11-03 11:34:00,591.83,591.83,591.72,591.72,-0.02,79.59,45082.92,-1
2025-11-03,2025-11-03 11:35:00,591.72,591.72,591.61,591.61,-0.02,79.59,45082.92,-1
2025-11-03,2025-11-03 11:36:00,591.61,591.61,591.5,591.5,-0.02,79.59,45082.92,-1
2025-11-03,2025-11-03 11:37:00,591.5,591.5,591.39,591.39,-0.02,79.59,45082.92,-1
2025-11-03,2025-11-03 11:38:00,591.39,591.39,591.28,591.28,-0.02,79.59,45082.92,-1
2025-11-03,2025-11-03 11:39:00,591.28,591.28,591.17,591.17,-0.02,79.59,45082.92,-1
2025-11-03,2025-11-03 11:40:00,591.17,591.17,591.06,591.06,-0.02,79.59,45082.92,-1
2025-11-03,2025-11-03 11:41:00,591.06,591.06,590.95,590.95,-0.02,79.59,45082.92,-1
2025-11-03,2025-11-03 11:42:00,590.95,590.95,590.83,590.83,-0.02,79.59,45082.92,-1
2025-11-03,2025-11-03 11:43:00,590.83,590.83,590.72,590.72,-0.02,79.59,45082.92,-1
2025-11-03,2025-11-03 11:44:00,590.72,590.72,590.61,590.61,-0.02,79.59,45082.92,-1
2025-11-03,2025-11-03 11:45:00,590.61,590.61,590.5,590.5,-0.02,79.59,45082.92,-1
2025-11-03,2025-11-03 11:46:00,590.5,590.5,590.39,590.39,-0.02,79.59,45082.92,-1
2025-11-03,2025-11-03 11:47:00,590.39,590.39,590.28,590.28,-0.02,79.59,45082.92,-1
2025-11-03,2025-11-03 11:48:00,590.28,590.28,590.17,590.17,-0.02,79.59,45082.92,-1
2025-11-03,2025-11-03 11:49:00,590.17,590.17,590.06,590.06,-0.02,79.59,45082.92,-1
2025-11-03,2025-11-03 11:50:00,590.06,590.06,589.95,589.95,-0.02,79.59,45082.92,-1
2025-11-03,2025-11-03 11:51:00,589.95,589.95,589.84,589.84,-0.02,79.59,45082.92,-1
2025-11-03,2025-11-03 11:52:00,589.84,589.84,589.73,589.73,-0.02,79.59,45082.92,-1
2025-11-03,2025-11-03 11:53:00,589.73,589.73,589.62,589.62,-0.02,79.59,45082.92,-1
2025-11-03,2025-11-03 11:54:00,589.62,589.62,589.5,589.5,-0.02,79.59,45082.92,-1
2025-11-03,2025-11-03 11:55:00,589.5,589.5,589.39,589.39,-0.02,79.59,45082.92,-1
2025-11-03,2025-11-03 11:56:00,589.39,589.39,589.28,589.28,-0.02,79.59,45082.92,-1
2025-11-03,2025-11-03 11:57:00,589.28,589.28,589.17,589.17,-0.02,79.59,45082.92,-1
2025-11-03,2025-11-03 11:58:00,589.17,589.17,589.06,589.06,-0.02,79.59,45082.92,-1
2025-11-03,2025-11-03 11:59:00,589.06,589.06,588.95,588.95,-0.02,79.59,45082.92,-1
2025-11-03,2025-11-03 12:00:00,588.95,588.95,588.84,588.84,-0.02,79.59,45082.92,-1
2025-11-03,2025-11-03 12:01:00,588.84,588.84,588.73,588.73,-0.02,79.59,45082.92,-1
2025-11-03,2025-11-03 12:02:00,588.73,588.73,588.62,588.62,-0.02,79.59,45082.92,-1
2025-11-03,2025-11-03 12:03:00,588.62,588.62,588.51,588.51,-0.02,79.59,45082.92,-1
2025-11-03,2025-11-03 12:04:00,588.51,588.51,588.4,588.4,-0.02,79.59,45082.92,-1
2025-11-03,2025-11-03 12:05:00,588.4,588.4,588.28,588.28,-0.02,79.59,45082.92,-1
2025-11-03,2025-11-03 12:06:00,588.28,588.28,588.17,588.17,-0.02,79.59,45082.92,-1
2025-11-03,2025-11-03 12:07:00,588.17,588.17,588.06,588.06,-0.02,79.59,45082.92,-1
2025-11-03,2025-11-03 12:08:00,588.06,588.06,587.95,587.95,-0.02,79.59,45082.92,-1
2025-11-03,2025-11-03 12:09:00,587.95,587.95,587.84,587.84,-0.02,79.59,45082.92,-1
2025-11-03,2025-11-03 12:10:00,587.84,587.84,587.73,587.73,-0.02,79.59,45082.92,-1
2025-11-03,2025-11-03 12:11:00,587.73,587.73,587.62,587.62,-0.02,79.59,45082.92,-1
2025-11-03,2025-11-03 12:12:00,587.62,587.62,587.51,587.51,-0.02,79.59,45082.92,-1
2025-11-03,2025-11-03 12:13:00,587.51,587.51,587.4,587.4,-0.02,79.59,45082.92,-1
2025-11-03,2025-11-03 12:14:00,587.4,587.4,587.29,587.29,-0.02,79.59,45082.92,-1
2025-11-03,2025-11-03 12:15:00,587.29,587.29,587.18,587.18,-0.02,79.59,45082.92,-1
2025-11-03,2025-11-03 12:16:00,587.18,587.18,587.07,587.07,-0.02,79.59,45082.92,-1
2025-11-03,2025-11-03 12:17:00,587.07,587.07,586.96,586.96,-0.02,79.59,45082.92,-1
2025-11-03,2025-11-03 12:18:00,586.96,586.96,586.84,586.84,-0.02,79.59,45082.92,-1
2025-11-03,2025-11-03 12:19:00,586.84,586.84,586.73,586.73,-0.02,79.59,45082.92,-1
2025-11-03,2025-11-03 12:20:00,586.73,586.73,586.62,586.62,-0.02,79.59,45082.92,-1
2025-11-03,2025-11-03 12:21:00,586.62,586.62,586.51,586.51,-0.02,79.59,45082.92,-1
2025-11-03,2025-11-03 12:22:00,586.51,586.51,586.4,586.4,-0.02,79.59,45082.92,-1
2025-11-03,2025-11-03 12:23:00,586.4,586.4,586.29,586.29,-0.02,79.59,45082.92,-1
2025-11-03,2025-11-03 12:24:00,586.29,586.29,586.18,586.18,-0.02,79.59,45082.92,-1
2025-11-03,2025-11-03 12:25:00,586.18,586.18,586.07,586.07,-0.02,79.59,45082.92,-1
2025-11-03,2025-11-03 12:26:00,586.07,586.07,585.96,585.96,-0.02,79.59,45082.92,-1
2025-11-03,2025-11-03 12:27:00,585.96,585.96,585.85,585.85,-0.02,79.59,45082.92,-1
2025-11-03,2025-11-03 12:28:00,585.85,585.85,585.74,585.74,-0.02,79.59,45082.92,-1
2025-11-03,2025-11-03 12:29:00,585.74,585.74,585.62,585.62,-0.02,79.59,45082.92,-1
2025-11-03,2025-11-03 12:30:00,585.62,585.62,585.51,585.51,-0.02,79.59,45082.92,-1
2025-11-03,2025-11-03 12:31:00,585.51,585.51,585.4,585.4,-0.02,79.59,45082.92,-1
2025-11-03,2025-11-03 12:32:00,585.4,585.4,585.29,585.29,-0.02,79.59,45082.92,-1
2025-11-03,2025-11-03 12:33:00,585.29,585.29,585.18,585.18,-0.02,79.59,45082.92,-1
2025-11-03,2025-11-03 12:34:00,585.18,585.18,585.07,585.07,-0.02,79.59,45082.92,-1
2025-11-03,2025-11-03 12:35:00,585.07,585.07,584.96,584.96,-0.02,79.59,45082.92,-1
2025-11-03,2025-11-03 12:36:00,584.96,584.96,584.85,584.85,-0.02,79.59,45082.92,-1
2025-11-03,2025-11-03 12:37:00,584.85,584.85,584.74,584.74,-0.02,79.59,45082.92,-1
2025-11-03,2025-11-03 12:38:00,584.74,584.74,584.63,584.63,-0.02,79.59,45082.92,-1
2025-11-03,2025-11-03 12:39:00,584.63,584.63,584.52,584.52,-0.02,79.59,45082.92,-1
2025-11-03,2025-11-03 12:40:00,584.52,584.52,584.41,584.41,-0.02,79.59,45082.92,-1
2025-11-03,2025-11-03 12:41:00,584.41,584.41,584.29,584.29,-0.02,79.59,45082.92,-1
2025-11-03,2025-11-03 12:42:00,584.29,584.29,584.18,584.18,-0.02,79.59,45082.92,-1
2025-11-03,2025-11-03 12:43:00,584.18,584.18,584.07,584.07,-0.02,79.59,45082.92,-1
2025-11-03,2025-11-03 12:44:00,584.07,584.07,583.96,583.96,-0.02,79.59,45082.92,-1
2025-11-03,2025-11-03 12:45:00,583.96,583.96,583.85,583.85,-0.02,79.59,45082.92,-1
2025-11-03,2025-11-03 12:46:00,583.85,583.85,583.74,583.74,-0.02,79.59,45082.92,-1
2025-11-03,2025-11-03 12:47:00,583.74,583.74,583.63,583.63,-0.02,79.59,45082.92,-1
2025-11-03,2025-11-03 12:48:00,583.63,583.63,583.52,583.52,-0.02,79.59,45082.92,-1
2025-11-03,2025-11-03 12:49:00,583.52,583.52,583.41,583.41,-0.02,79.59,45082.92,-1
2025-11-03,2025-11-03 12:50:00,583.41,583.41,583.3,583.3,-0.02,79.59,45082.92,-1
2025-11-03,2025-11-03 12:51:00,583.3,583.3,583.19,583.19,-0.02,79.59,45082.92,-1
2025-11-03,2025-11-03 12:52:00,583.19,583.19,583.08,583.08,-0.02,79.59,45082.92,-1
2025-11-03,2025-11-03 12:53:00,583.08,583.08,582.97,582.97,-0.02,79.59,45082.92,-1
2025-11-03,2025-11-03 12:54:00,582.97,582.97,582.85,582.85,-0.02,79.59,45082.92,-1
2025-11-03,2025-11-03 12:55:00,582.85,582.85,582.74,582.74,-0.02,79.59,45082.92,-1
2025-11-03,2025-11-03 12:56:00,582.74,582.74,582.63,582.63,-0.02,79.59,45082.92,-1
2025-11-03,2025-11-03 12:57:00,582.63,582.63,582.52,582.52,-0.02,79.59,45082.92,-1
2025-11-03,2025-11-03 12:58:00,582.52,582.52,582.41,582.41,-0.02,79.59,45082.92,-1
2025-11-03,2025-11-03 12:59:00,582.41,582.41,582.3,582.3,-0.02,79.59,45082.92,-1
2025-11-03,2025-11-03 13:00:00,582.3,595.6,560.0,582.19,-0.02,79.59,45082.92,-1
2025-11-03,2025-11-03 13:01:00,582.19,582.19,582.08,582.08,-0.02,79.59,45082.92,-1
2025-11-03,2025-11-03 13:02:00,582.08,582.08,581.97,581.97,-0.02,79.59,45082.92,-1
2025-11-03,2025-11-03 13:03:00,581.97,581.97,581.86,581.86,-0.02,79.59,45082.92,-1
2025-11-03,2025-11-03 13:04:00,581.86,581.86,581.75,581.75,-0.02,79.59,45082.92,-1
2025-11-03,2025-11-03 13:05:00,581.75,581.75,581.63,581.63,-0.02,79.59,45082.92,-1
2025-11-03,2025-11-03 13:06:00,581.63,581.63,581.52,581.52,-0.02,79.59,45082.92,-1
2025-11-03,2025-11-03 13:07:00,581.52,581.52,581.41,581.41,-0.02,79.59,45082.92,-1
2025-11-03,2025-11-03 13:08:00,581.41,581.41,581.3,581.3,-0.02,79.59,45082.92,-1
2025-11-03,2025-11-03 13:09:00,581.3,581.3,581.19,581.19,-0.02,79.59,45082.92,-1
2025-11-03,2025-11-03 13:10:00,581.19,581.19,581.08,581.08,-0.02,79.59,45082.92,-1
2025-11-03,2025-11-03 13:11:00,581.08,581.08,580.97,580.97,-0.02,79.59,45082.92,-1
2025-11-03,2025-11-03 13:12:00,580.97,580.97,580.86,580.86,-0.02,79.59,45082.92,-1
2025-11-03,2025-11-03 13:13:00,580.86,580.86,580.75,580.75,-0.02,79.59,45082.92,-1
2025-11-03,2025-11-03 13:14:00,580.75,580.75,580.64,580.64,-0.02,79.59,45082.92,-1
2025-11-03,2025-11-03 13:15:00,580.64,580.64,580.53,580.53,-0.02,79.59,45082.92,-1
2025-11-03,2025-11-03 13:16:00,580.53,580.53,580.42,580.42,-0.02,79.59,45082.92,-1
2025-11-03,2025-11-03 13:17:00,580.42,580.42,580.31,580.31,-0.02,79.59,45082.92,-1
2025-11-03,2025-11-03 13:18:00,580.31,580.31,580.19,580.19,-0.02,79.59,45082.92,-1
2025-11-03,2025-11-03 13:19:00,580.19,580.19,580.08,580.08,-0.02,79.59,45082.92,-1
2025-11-03,2025-11-03 13:20:00,580.08,580.08,579.97,579.97,-0.02,79.59,45082.92,-1
2025-11-03,2025-11-03 13:21:00,579.97,579.97,579.86,579.86,-0.02,79.59,45082.92,-1
2025-11-03,2025-11-03 13:22:00,579.86,579.86,579.75,579.75,-0.02,79.59,45082.92,-1
2025-11-03,2025-11-03 13:23:00,579.75,579.75,579.64,579.64,-0.02,79.59,45082.92,-1
2025-11-03,2025-11-03 13:24:00,579.64,579.64,579.53,579.53,-0.02,79.59,45082.92,-1
2025-11-03,2025-11-03 13:25:00,579.53,579.53,579.42,579.42,-0.02,79.59,45082.92,-1
2025-11-03,2025-11-03 13:26:00,579.42,579.42,579.31,579.31,-0.02,79.59,45082.92,-1
2025-11-03,2025-11-03 13:27:00,579.31,579.31,579.2,579.2,-0.02,79.59,45082.92,-1
2025-11-03,2025-11-03 13:28:00,579.2,579.2,579.09,579.09,-0.02,79.59,45082.92,-1
2025-11-03,2025-11-03 13:29:00,579.09,579.09,578.98,578.98,-0.02,79.59,45082.92,-1
2025-11-03,2025-11-03 13:30:00,578.98,578.98,578.86,578.86,-0.02,79.59,45082.92,-1
2025-11-03,2025-11-03 13:31:00,578.86,578.86,578.75,578.75,-0.02,79.59,45082.92,-1
2025-11-03,2025-11-03 13:32:00,578.75,578.75,578.64,578.64,-0.02,79.59,45082.92,-1
2025-11-03,2025-11-03 13:33:00,578.64,578.64,578.53,578.53,-0.02,79.59,45082.92,-1
2025-11-03,2025-11-03 13:34:00,578.53,578.53,578.42,578.42,-0.02,79.59,45082.92,-1
2025-11-03,2025-11-03 13:35:00,578.42,578.42,578.31,578.31,-0.02,79.59,45082.92,-1
2025-11-03,2025-11-03 13:36:00,578.31,578.31,578.2,578.2,-0.02,79.59,45082.92,-1
2025-11-03,2025-11-03 13:37:00,578.2,578.2,578.09,578.09,-0.02,79.59,45082.92,-1
2025-11-03,2025-11-03 13:38:00,578.09,578.09,577.98,577.98,-0.02,79.59,45082.92,-1
2025-11-03,2025-11-03 13:39:00,577.98,577.98,577.87,577.87,-0.02,79.59,45082.92,-1
2025-11-03,2025-11-03 13:40:00,577.87,577.87,577.76,577.76,-0.02,79.59,45082.92,-1
2025-11-03,2025-11-03 13:41:00,577.76,577.76,577.64,577.64,-0.02,79.59,45082.92,-1
2025-11-03,2025-11-03 13:42:00,577.64,577.64,577.53,577.53,-0.02,79.59,45082.92,-1
2025-11-03,2025-11-03 13:43:00,577.53,577.53,577.42,577.42,-0.02,79.59,45082.92,-1
2025-11-03,2025-11-03 13:44:00,577.42,577.42,577.31,577.31,-0.02,79.59,45082.92,-1
2025-11-03,2025-11-03 13:45:00,577.31,577.31,577.2,577.2,-0.02,79.59,45082.92,-1
2025-11-03,2025-11-03 13:46:00,577.2,577.2,577.09,577.09,-0.02,79.59,45082.92,-1
2025-11-03,2025-11-03 13:47:00,577.09,577.09,576.98,576.98,-0.02,79.59,45082.92,-1
2025-11-03,2025-11-03 13:48:00,576.98,576.98,576.87,576.87,-0.02,79.59,45082.92,-1
2025-11-03,2025-11-03 13:49:00,576.87,576.87,576.76,576.76,-0.02,79.59,45082.92,-1
2025-11-03,2025-11-03 13:50:00,576.76,576.76,576.65,576.65,-0.02,79.59,45082.92,-1
2025-11-03,2025-11-03 13:51:00,576.65,576.65,576.54,576.54,-0.02,79.59,45082.92,-1
2025-11-03,2025-11-03 13:52:00,576.54,576.54,576.43,576.43,-0.02,79.59,45082.92,-1
2025-11-03,2025-11-03 13:53:00,576.43,576.43,576.32,576.32,-0.02,79.59,45082.92,-1
2025-11-03,2025-11-03 13:54:00,576.32,576.32,576.2,576.2,-0.02,79.59,45082.92,-1
2025-11-03,2025-11-03 13:55:00,576.2,576.2,576.09,576.09,-0.02,79.59,45082.92,-1
2025-11-03,2025-11-03 13:56:00,576.09,576.09,575.98,575.98,-0.02,79.59,45082.92,-1
2025-11-03,2025-11-03 13:57:00,575.98,575.98,575.87,575.87,-0.02,79.59,45082.92,-1
2025-11-03,2025-11-03 13:58:00,575.87,575.87,575.76,575.76,-0.02,79.59,45082.92,-1
2025-11-03,2025-11-03 13:59:00,575.76,575.76,575.65,575.65,-0.02,79.59,45082.92,-1
2025-11-03,2025-11-03 14:00:00,575.65,575.65,575.54,575.54,-0.02,79.59,45082.92,-1
2025-11-03,2025-11-03 14:01:00,575.54,575.54,575.43,575.43,-0.02,79.59,45082.92,-1
2025-11-03,2025-11-03 14:02:00,575.43,575.43,575.32,575.32,-0.02,79.59,45082.92,-1
2025-11-03,2025-11-03 14:03:00,575.32,575.32,575.21,575.21,-0.02,79.59,45082.92,-1
2025-11-03,2025-11-03 14:04:00,575.21,575.21,575.1,575.1,-0.02,79.59,45082.92,-1
2025-11-03,2025-11-03 14:05:00,575.1,575.1,574.99,574.99,-0.02,79.59,45082.92,-1
2025-11-03,2025-11-03 14:06:00,574.99,574.99,574.87,574.87,-0.02,79.59,45082.92,-1
2025-11-03,2025-11-03 14:07:00,574.87,574.87,574.76,574.76,-0.02,79.59,45082.92,-1
2025-11-03,2025-11-03 14:08:00,574.76,574.76,574.65,574.65,-0.02,79.59,45082.92,-1
2025-11-03,2025-11-03 14:09:00,574.65,574.65,574.54,574.54,-0.02,79.59,45082.92,-1
2025-11-03,2025-11-03 14:10:00,574.54,574.54,574.43,574.43,-0.02,79.59,45082.92,-1
2025-11-03,2025-11-03 14:11:00,574.43,574.43,574.32,574.32,-0.02,79.59,45082.92,-1
2025-11-03,2025-11-03 14:12:00,574.32,574.32,574.21,574.21,-0.02,79.59,45082.92,-1
2025-11-03,2025-11-03 14:13:00,574.21,574.21,574.1,574.1,-0.02,79.59,45082.92,-1
2025-11-03,2025-11-03 14:14:00,574.1,574.1,573.99,573.99,-0.02,79.59,45082.92,-1
2025-11-03,2025-11-03 14:15:00,573.99,573.99,573.88,573.88,-0.02,79.59,45082.92,-1
2025-11-03,2025-11-03 14:16:00,573.88,573.88,573.77,573.77,-0.02,79.59,45082.92,-1
2025-11-03,2025-11-03 14:17:00,573.77,573.77,573.65,573.65,-0.02,79.59,45082.92,-1
2025-11-03,2025-11-03 14:18:00,573.65,573.65,573.54,573.54,-0.02,79.59,45082.92,-1
2025-11-03,2025-11-03 14:19:00,573.54,573.54,573.43,573.43,-0.02,79.59,45082.92,-1
2025-11-03,2025-11-03 14:20:00,573.43,573.43,573.32,573.32,-0.02,79.59,45082.92,-1
2025-11-03,2025-11-03 14:21:00,573.32,573.32,573.21,573.21,-0.02,79.59,45082.92,-1
2025-11-03,2025-11-03 14:22:00,573.21,573.21,573.1,573.1,-0.02,79.59,45082.92,-1
2025-11-03,2025-11-03 14:23:00,573.1,573.1,572.99,572.99,-0.02,79.59,45082.92,-1
2025-11-03,2025-11-03 14:24:00,572.99,572.99,572.88,572.88,-0.02,79.59,45082.92,-1
2025-11-03,2025-11-03 14:25:00,572.88,572.88,572.77,572.77,-0.02,79.59,45082.92,-1
2025-11-03,2025-11-03 14:26:00,572.77,572.77,572.66,572.66,-0.02,79.59,45082.92,-1
2025-11-03,2025-11-03 14:27:00,572.66,572.66,572.55,572.55,-0.02,79.59,45082.92,-1
2025-11-03,2025-11-03 14:28:00,572.55,572.55,572.44,572.44,-0.02,79.59,45082.92,-1
2025-11-03,2025-11-03 14:29:00,572.44,572.44,572.33,572.33,-0.02,79.59,45082.92,-1
2025-11-03,2025-11-03 14:30:00,572.33,572.33,572.21,572.21,-0.02,79.59,45082.92,-1
2025-11-03,2025-11-03 14:31:00,572.21,572.21,572.1,572.1,-0.02,79.59,45082.92,-1
2025-11-03,2025-11-03 14:32:00,572.1,572.1,571.99,571.99,-0.02,79.59,45082.92,-1
2025-11-03,2025-11-03 14:33:00,571.99,571.99,571.88,571.88,-0.02,79.59,45082.92,-1
2025-11-03,2025-11-03 14:34:00,571.88,571.88,571.77,571.77,-0.02,79.59,45082.92,-1
2025-11-03,2025-11-03 14:35:00,571.77,571.77,571.66,571.66,-0.02,79.59,45082.92,-1
2025-11-03,2025-11-03 14:36:00,571.66,571.66,571.55,571.55,-0.02,79.59,45082.92,-1
2025-11-03,2025-11-03 14:37:00,571.55,571.55,571.44,571.44,-0.02,79.59,45082.92,-1
2025-11-03,2025-11-03 14:38:00,571.44,571.44,571.33,571.33,-0.02,79.59,45082.92,-1
2025-11-03,2025-11-03 14:39:00,571.33,571.33,571.22,571.22,-0.02,79.59,45082.92,-1
2025-11-03,2025-11-03 14:40:00,571.22,571.22,571.11,571.11,-0.02,79.59,45082.92,-1
2025-11-03,2025-11-03 14:41:00,571.11,571.11,571.0,571.0,-0.02,79.59,45082.92,-1
2025-11-03,2025-11-03 14:42:00,571.0,571.0,570.88,570.88,-0.02,79.59,45082.92,-1
2025-11-03,2025-11-03 14:43:00,570.88,570.88,570.77,570.77,-0.02,79.59,45082.92,-1
2025-11-03,2025-11-03 14:44:00,570.77,570.77,570.66,570.66,-0.02,79.59,45082.92,-1
2025-11-03,2025-11-03 14:45:00,570.66,570.66,570.55,570.55,-0.02,79.59,45082.92,-1
2025-11-03,2025-11-03 14:46:00,570.55,570.55,570.44,570.44,-0.02,79.59,45082.92,-1
2025-11-03,2025-11-03 14:47:00,570.44,570.44,570.33,570.33,-0.02,79.59,45082.92,-1
2025-11-03,2025-11-03 14:48:00,570.33,570.33,570.22,570.22,-0.02,79.59,45082.92,-1
2025-11-03,2025-11-03 14:49:00,570.22,570.22,570.11,570.11,-0.02,79.59,45082.92,-1
2025-11-03,2025-11-03 14:50:00,570.11,570.11,570.0,570.0,-0.02,79.59,45082.92,-1
2025-11-03,2025-11-03 14:51:00,570.0,570.0,569.89,569.89,-0.02,79.59,45082.92,-1
2025-11-03,2025-11-03 14:52:00,569.89,569.89,569.78,569.78,-0.02,79.59,45082.92,-1
2025-11-03,2025-11-03 14:53:00,569.78,569.78,569.66,569.66,-0.02,79.59,45082.92,-1
2025-11-03,2025-11-03 14:54:00,569.66,569.66,569.55,569.55,-0.02,79.59,45082.92,-1
2025-11-03,2025-11-03 14:55:00,569.55,569.55,569.44,569.44,-0.02,79.59,45082.92,-1
2025-11-03,2025-11-03 14:56:00,569.44,569.44,569.33,569.33,-0.02,79.59,45082.92,-1
2025-11-03,2025-11-03 14:57:00,569.33,569.33,569.22,569.22,-0.02,79.59,45082.92,-1
2025-11-03,2025-11-03 14:58:00,569.22,569.22,569.11,569.11,-0.02,79.59,45082.92,-1
2025-11-03,2025-11-03 14:59:00,569.11,569.11,569.0,569.0,-0.02,79.59,45082.92,-1
2025-11-03,2025-11-03 15:00:00,569.0,595.6,560.0,569.0,0.0,79.59,45082.92,0
2025-11-04,2025-11-04 11:00:00,580.3,580.3,571.21,580.24,-0.01,72.38,40688.07,-1
2025-11-04,2025-11-04 11:01:00,580.24,580.24,580.17,580.17,-0.01,72.38,40688.07,-1
2025-11-04,2025-11-04 11:02:00,580.17,580.17,580.11,580.11,-0.01,72.38,40688.07,-1
2025-11-04,2025-11-04 11:03:00,580.11,580.11,580.05,580.05,-0.01,72.38,40688.07,-1
2025-11-04,2025-11-04 11:04:00,580.05,580.05,579.98,579.98,-0.01,72.38,40688.07,-1
2025-11-04,2025-11-04 11:05:00,579.98,579.98,579.92,579.92,-0.01,72.38,40688.07,-1
2025-11-04,2025-11-04 11:06:00,579.92,579.92,579.86,579.86,-0.01,72.38,40688.07,-1
2025-11-04,2025-11-04 11:07:00,579.86,579.86,579.79,579.79,-0.01,72.38,40688.07,-1
2025-11-04,2025-11-04 11:08:00,579.79,579.79,579.73,579.73,-0.01,72.38,40688.07,-1
2025-11-04,2025-11-04 11:09:00,579.73,579.73,579.67,579.67,-0.01,72.38,40688.07,-1
2025-11-04,2025-11-04 11:10:00,579.67,579.67,579.6,579.6,-0.01,72.38,40688.07,-1
2025-11-04,2025-11-04 11:11:00,579.6,579.6,579.54,579.54,-0.01,72.38,40688.07,-1
2025-11-04,2025-11-04 11:12:00,579.54,579.54,579.48,579.48,-0.01,72.38,40688.07,-1
2025-11-04,2025-11-04 11:13:00,579.48,579.48,579.41,579.41,-0.01,72.38,40688.07,-1
2025-11-04,2025-11-04 11:14:00,579.41,579.41,579.35,579.35,-0.01,72.38,40688.07,-1
2025-11-04,2025-11-04 11:15:00,579.35,579.35,579.29,579.29,-0.01,72.38,40688.07,-1
2025-11-04,2025-11-04 11:16:00,579.29,579.29,579.22,579.22,-0.01,72.38,40688.07,-1
2025-11-04,2025-11-04 11:17:00,579.22,579.22,579.16,579.16,-0.01,72.38,40688.07,-1
2025-11-04,2025-11-04 11:18:00,579.16,579.16,579.1,579.1,-0.01,72.38,40688.07,-1
2025-11-04,2025-11-04 11:19:00,579.1,579.1,579.03,579.03,-0.01,72.38,40688.07,-1
2025-11-04,2025-11-04 11:20:00,579.03,579.03,578.97,578.97,-0.01,72.38,40688.07,-1
2025-11-04,2025-11-04 11:21:00,578.97,578.97,578.91,578.91,-0.01,72.38,40688.07,-1
2025-11-04,2025-11-04 11:22:00,578.91,578.91,578.84,578.84,-0.01,72.38,40688.07,-1
2025-11-04,2025-11-04 11:23:00,578.84,578.84,578.78,578.78,-0.01,72.38,40688.07,-1
2025-11-04,2025-11-04 11:24:00,578.78,578.78,578.72,578.72,-0.01,72.38,40688.07,-1
2025-11-04,2025-11-04 11:25:00,578.72,578.72,578.65,578.65,-0.01,72.38,40688.07,-1
2025-11-04,2025-11-04 11:26:00,578.65,578.65,578.59,578.59,-0.01,72.38,40688.07,-1
2025-11-04,2025-11-04 11:27:00,578.59,578.59,578.53,578.53,-0.01,72.38,40688.07,-1
2025-11-04,2025-11-04 11:28:00,578.53,578.53,578.46,578.46,-0.01,72.38,40688.07,-1
2025-11-04,2025-11-04 11:29:00,578.46,578.46,578.4,578.4,-0.01,72.38,40688.07,-1
2025-11-04,2025-11-04 11:30:00,578.4,578.4,578.34,578.34,-0.01,72.38,40688.07,-1
2025-11-04,2025-11-04 11:31:00,578.34,578.34,578.27,578.27,-0.01,72.38,40688.07,-1
2025-11-04,2025-11-04 11:32:00,578.27,578.27,578.21,578.21,-0.01,72.38,40688.07,-1
2025-11-04,2025-11-04 11:33:00,578.21,578.21,578.15,578.15,-0.01,72.38,40688.07,-1
2025-11-04,2025-11-04 11:34:00,578.15,578.15,578.08,578.08,-0.01,72.38,40688.07,-1
2025-11-04,2025-11-04 11:35:00,578.08,578.08,578.02,578.02,-0.01,72.38,40688.07,-1
2025-11-04,2025-11-04 11:36:00,578.02,578.02,577.96,577.96,-0.01,72.38,40688.07,-1
2025-11-04,2025-11-04 11:37:00,577.96,577.96,577.89,577.89,-0.01,72.38,40688.07,-1
2025-11-04,2025-11-04 11:38:00,577.89,577.89,577.83,577.83,-0.01,72.38,40688.07,-1
2025-11-04,2025-11-04 11:39:00,577.83,577.83,577.77,577.77,-0.01,72.38,40688.07,-1
2025-11-04,2025-11-04 11:40:00,577.77,577.77,577.7,577.7,-0.01,72.38,40688.07,-1
2025-11-04,2025-11-04 11:41:00,577.7,577.7,577.64,577.64,-0.01,72.38,40688.07,-1
2025-11-04,2025-11-04 11:42:00,577.64,577.64,577.58,577.58,-0.01,72.38,40688.07,-1
2025-11-04,2025-11-04 11:43:00,577.58,577.58,577.51,577.51,-0.01,72.38,40688.07,-1
2025-11-04,2025-11-04 11:44:00,577.51,577.51,577.45,577.45,-0.01,72.38,40688.07,-1
2025-11-04,2025-11-04 11:45:00,577.45,577.45,577.39,577.39,-0.01,72.38,40688.07,-1
2025-11-04,2025-11-04 11:46:00,577.39,577.39,577.32,577.32,-0.01,72.38,40688.07,-1
2025-11-04,2025-11-04 11:47:00,577.32,577.32,577.26,577.26,-0.01,72.38,40688.07,-1
2025-11-04,2025-11-04 11:48:00,577.26,577.26,577.2,577.2,-0.01,72.38,40688.07,-1
2025-11-04,2025-11-04 11:49:00,577.2,577.2,577.13,577.13,-0.01,72.38,40688.07,-1
2025-11-04,2025-11-04 11:50:00,577.13,577.13,577.07,577.07,-0.01,72.38,40688.07,-1
2025-11-04,2025-11-04 11:51:00,577.07,577.07,577.01,577.01,-0.01,72.38,40688.07,-1
2025-11-04,2025-11-04 11:52:00,577.01,577.01,576.94,576.94,-0.01,72.38,40688.07,-1
2025-11-04,2025-11-04 11:53:00,576.94,576.94,576.88,576.88,-0.01,72.38,40688.07,-1
2025-11-04,2025-11-04 11:54:00,576.88,576.88,576.82,576.82,-0.01,72.38,40688.07,-1
2025-11-04,2025-11-04 11:55:00,576.82,576.82,576.75,576.75,-0.01,72.38,40688.07,-1
2025-11-04,2025-11-04 11:56:00,576.75,576.75,576.69,576.69,-0.01,72.38,40688.07,-1
2025-11-04,2025-11-04 11:57:00,576.69,576.69,576.63,576.63,-0.01,72.38,40688.07,-1
2025-11-04,2025-11-04 11:58:00,576.63,576.63,576.56,576.56,-0.01,72.38,40688.07,-1
2025-11-04,2025-11-04 11:59:00,576.56,576.56,576.5,576.5,-0.01,72.38,40688.07,-1
2025-11-04,2025-11-04 12:00:00,576.5,576.5,576.44,576.44,-0.01,72.38,40688.07,-1
2025-11-04,2025-11-04 12:01:00,576.44,576.44,576.37,576.37,-0.01,72.38,40688.07,-1
2025-11-04,2025-11-04 12:02:00,576.37,576.37,576.31,576.31,-0.01,72.38,40688.07,-1
2025-11-04,2025-11-04 12:03:00,576.31,576.31,576.25,576.25,-0.01,72.38,40688.07,-1
2025-11-04,2025-11-04 12:04:00,576.25,576.25,576.18,576.18,-0.01,72.38,40688.07,-1
2025-11-04,2025-11-04 12:05:00,576.18,576.18,576.12,576.12,-0.01,72.38,40688.07,-1
2025-11-04,2025-11-04 12:06:00,576.12,576.12,576.06,576.06,-0.01,72.38,40688.07,-1
2025-11-04,2025-11-04 12:07:00,576.06,576.06,575.99,575.99,-0.01,72.38,40688.07,-1
2025-11-04,2025-11-04 12:08:00,575.99,575.99,575.93,575.93,-0.01,72.38,40688.07,-1
2025-11-04,2025-11-04 12:09:00,575.93,575.93,575.87,575.87,-0.01,72.38,40688.07,-1
2025-11-04,2025-11-04 12:10:00,575.87,575.87,575.8,575.8,-0.01,72.38,40688.07,-1
2025-11-04,2025-11-04 12:11:00,575.8,575.8,575.74,575.74,-0.01,72.38,40688.07,-1
2025-11-04,2025-11-04 12:12:00,575.74,575.74,575.68,575.68,-0.01,72.38,40688.07,-1
2025-11-04,2025-11-04 12:13:00,575.68,575.68,575.61,575.61,-0.01,72.38,40688.07,-1
2025-11-04,2025-11-04 12:14:00,575.61,575.61,575.55,575.55,-0.01,72.38,40688.07,-1
2025-11-04,2025-11-04 12:15:00,575.55,575.55,575.49,575.49,-0.01,72.38,40688.07,-1
2025-11-04,2025-11-04 12:16:00,575.49,575.49,575.42,575.42,-0.01,72.38,40688.07,-1
2025-11-04,2025-11-04 12:17:00,575.42,575.42,575.36,575.36,-0.01,72.38,40688.07,-1
2025-11-04,2025-11-04 12:18:00,575.36,575.36,575.3,575.3,-0.01,72.38,40688.07,-1
2025-11-04,2025-11-04 12:19:00,575.3,575.3,575.23,575.23,-0.01,72.38,40688.07,-1
2025-11-04,2025-11-04 12:20:00,575.23,575.23,575.17,575.17,-0.01,72.38,40688.07,-1
2025-11-04,2025-11-04 12:21:00,575.17,575.17,575.11,575.11,-0.01,72.38,40688.07,-1
2025-11-04,2025-11-04 12:22:00,575.11,575.11,575.04,575.04,-0.01,72.38,40688.07,-1
2025-11-04,2025-11-04 12:23:00,575.04,575.04,574.98,574.98,-0.01,72.38,40688.07,-1
2025-11-04,2025-11-04 12:24:00,574.98,574.98,574.92,574.92,-0.01,72.38,40688.07,-1
2025-11-04,2025-11-04 12:25:00,574.92,574.92,574.85,574.85,-0.01,72.38,40688.07,-1
2025-11-04,2025-11-04 12:26:00,574.85,574.85,574.79,574.79,-0.01,72.38,40688.07,-1
2025-11-04,2025-11-04 12:27:00,574.79,574.79,574.73,574.73,-0.01,72.38,40688.07,-1
2025-11-04,2025-11-04 12:28:00,574.73,574.73,574.66,574.66,-0.01,72.38,40688.07,-1
2025-11-04,2025-11-04 12:29:00,574.66,574.66,574.6,574.6,-0.01,72.38,40688.07,-1
2025-11-04,2025-11-04 12:30:00,574.6,574.6,574.54,574.54,-0.01,72.38,40688.07,-1
2025-11-04,2025-11-04 12:31:00,574.54,574.54,574.47,574.47,-0.01,72.38,40688.07,-1
2025-11-04,2025-11-04 12:32:00,574.47,574.47,574.41,574.41,-0.01,72.38,40688.07,-1
2025-11-04,2025-11-04 12:33:00,574.41,574.41,574.35,574.35,-0.01,72.38,40688.07,-1
2025-11-04,2025-11-04 12:34:00,574.35,574.35,574.28,574.28,-0.01,72.38,40688.07,-1
2025-11-04,2025-11-04 12:35:00,574.28,574.28,574.22,574.22,-0.01,72.38,40688.07,-1
2025-11-04,2025-11-04 12:36:00,574.22,574.22,574.16,574.16,-0.01,72.38,40688.07,-1
2025-11-04,2025-11-04 12:37:00,574.16,574.16,574.09,574.09,-0.01,72.38,40688.07,-1
2025-11-04,2025-11-04 12:38:00,574.09,574.09,574.03,574.03,-0.01,72.38,40688.07,-1
2025-11-04,2025-11-04 12:39:00,574.03,574.03,573.97,573.97,-0.01,72.38,40688.07,-1
2025-11-04,2025-11-04 12:40:00,573.97,573.97,573.9,573.9,-0.01,72.38,40688.07,-1
2025-11-04,2025-11-04 12:41:00,573.9,573.9,573.84,573.84,-0.01,72.38,40688.07,-1
2025-11-04,2025-11-04 12:42:00,573.84,573.84,573.78,573.78,-0.01,72.38,40688.07,-1
2025-11-04,2025-11-04 12:43:00,573.78,573.78,573.71,573.71,-0.01,72.38,40688.07,-1
2025-11-04,2025-11-04 12:44:00,573.71,573.71,573.65,573.65,-0.01,72.38,40688.07,-1
2025-11-04,2025-11-04 12:45:00,573.65,573.65,573.59,573.59,-0.01,72.38,40688.07,-1
2025-11-04,2025-11-04 12:46:00,573.59,573.59,573.52,573.52,-0.01,72.38,40688.07,-1
2025-11-04,2025-11-04 12:47:00,573.52,573.52,573.46,573.46,-0.01,72.38,40688.07,-1
2025-11-04,2025-11-04 12:48:00,573.46,573.46,573.4,573.4,-0.01,72.38,40688.07,-1
2025-11-04,2025-11-04 12:49:00,573.4,573.4,573.33,573.33,-0.01,72.38,40688.07,-1
2025-11-04,2025-11-04 12:50:00,573.33,573.33,573.27,573.27,-0.01,72.38,40688.07,-1
2025-11-04,2025-11-04 12:51:00,573.27,573.27,573.21,573.21,-0.01,72.38,40688.07,-1
2025-11-04,2025-11-04 12:52:00,573.21,573.21,573.14,573.14,-0.01,72.38,40688.07,-1
2025-11-04,2025-11-04 12:53:00,573.14,573.14,573.08,573.08,-0.01,72.38,40688.07,-1
2025-11-04,2025-11-04 12:54:00,573.08,573.08,573.02,573.02,-0.01,72.38,40688.07,-1
2025-11-04,2025-11-04 12:55:00,573.02,573.02,572.95,572.95,-0.01,72.38,40688.07,-1
2025-11-04,2025-11-04 12:56:00,572.95,572.95,572.89,572.89,-0.01,72.38,40688.07,-1
2025-11-04,2025-11-04 12:57:00,572.89,572.89,572.83,572.83,-0.01,72.38,40688.07,-1
2025-11-04,2025-11-04 12:58:00,572.83,572.83,572.76,572.76,-0.01,72.38,40688.07,-1
2025-11-04,2025-11-04 12:59:00,572.76,572.76,572.7,572.7,-0.01,72.38,40688.07,-1
2025-11-04,2025-11-04 13:00:00,572.7,580.3,550.0,572.64,-0.01,72.38,40688.07,-1
2025-11-04,2025-11-04 13:01:00,572.64,572.64,572.57,572.57,-0.01,72.38,40688.07,-1
2025-11-04,2025-11-04 13:02:00,572.57,572.57,572.51,572.51,-0.01,72.38,40688.07,-1
2025-11-04,2025-11-04 13:03:00,572.51,572.51,572.45,572.45,-0.01,72.38,40688.07,-1
2025-11-04,2025-11-04 13:04:00,572.45,572.45,572.38,572.38,-0.01,72.38,40688.07,-1
2025-11-04,2025-11-04 13:05:00,572.38,572.38,572.32,572.32,-0.01,72.38,40688.07,-1
2025-11-04,2025-11-04 13:06:00,572.32,572.32,572.26,572.26,-0.01,72.38,40688.07,-1
2025-11-04,2025-11-04 13:07:00,572.26,572.26,572.19,572.19,-0.01,72.38,40688.07,-1
2025-11-04,2025-11-04 13:08:00,572.19,572.19,572.13,572.13,-0.01,72.38,40688.07,-1
2025-11-04,2025-11-04 13:09:00,572.13,572.13,572.07,572.07,-0.01,72.38,40688.07,-1
2025-11-04,2025-11-04 13:10:00,572.07,572.07,572.0,572.0,-0.01,72.38,40688.07,-1
2025-11-04,2025-11-04 13:11:00,572.0,572.0,571.94,571.94,-0.01,72.38,40688.07,-1
2025-11-04,2025-11-04 13:12:00,571.94,571.94,571.88,571.88,-0.01,72.38,40688.07,-1
2025-11-04,2025-11-04 13:13:00,571.88,571.88,571.81,571.81,-0.01,72.38,40688.07,-1
2025-11-04,2025-11-04 13:14:00,571.81,571.81,571.75,571.75,-0.01,72.38,40688.07,-1
2025-11-04,2025-11-04 13:15:00,571.75,571.75,571.69,571.69,-0.01,72.38,40688.07,-1
2025-11-04,2025-11-04 13:16:00,571.69,571.69,571.62,571.62,-0.01,72.38,40688.07,-1
2025-11-04,2025-11-04 13:17:00,571.62,571.62,571.56,571.56,-0.01,72.38,40688.07,-1
2025-11-04,2025-11-04 13:18:00,571.56,571.56,571.5,571.5,-0.01,72.38,40688.07,-1
2025-11-04,2025-11-04 13:19:00,571.5,571.5,571.43,571.43,-0.01,72.38,40688.07,-1
2025-11-04,2025-11-04 13:20:00,571.43,571.43,571.37,571.37,-0.01,72.38,40688.07,-1
2025-11-04,2025-11-04 13:21:00,571.37,571.37,571.31,571.31,-0.01,72.38,40688.07,-1
2025-11-04,2025-11-04 13:22:00,571.31,571.31,571.24,571.24,-0.01,72.38,40688.07,-1
2025-11-04,2025-11-04 13:23:00,571.24,571.24,571.18,571.18,-0.01,72.38,40688.07,-1
2025-11-04,2025-11-04 13:24:00,571.18,571.18,571.12,571.12,-0.01,72.38,40688.07,-1
2025-11-04,2025-11-04 13:25:00,571.12,571.12,571.05,571.05,-0.01,72.38,40688.07,-1
2025-11-04,2025-11-04 13:26:00,571.05,571.05,570.99,570.99,-0.01,72.38,40688.07,-1
2025-11-04,2025-11-04 13:27:00,570.99,570.99,570.93,570.93,-0.01,72.38,40688.07,-1
2025-11-04,2025-11-04 13:28:00,570.93,570.93,570.86,570.86,-0.01,72.38,40688.07,-1
2025-11-04,2025-11-04 13:29:00,570.86,570.86,570.8,570.8,-0.01,72.38,40688.07,-1
2025-11-04,2025-11-04 13:30:00,570.8,570.8,570.74,570.74,-0.01,72.38,40688.07,-1
2025-11-04,2025-11-04 13:31:00,570.74,570.74,570.67,570.67,-0.01,72.38,40688.07,-1
2025-11-04,2025-11-04 13:32:00,570.67,570.67,570.61,570.61,-0.01,72.38,40688.07,-1
2025-11-04,2025-11-04 13:33:00,570.61,570.61,570.55,570.55,-0.01,72.38,40688.07,-1
2025-11-04,2025-11-04 13:34:00,570.55,570.55,570.48,570.48,-0.01,72.38,40688.07,-1
2025-11-04,2025-11-04 13:35:00,570.48,570.48,570.42,570.42,-0.01,72.38,40688.07,-1
2025-11-04,2025-11-04 13:36:00,570.42,570.42,570.36,570.36,-0.01,72.38,40688.07,-1
2025-11-04,2025-11-04 13:37:00,570.36,570.36,570.29,570.29,-0.01,72.38,40688.07,-1
2025-11-04,2025-11-04 13:38:00,570.29,570.29,570.23,570.23,-0.01,72.38,40688.07,-1
2025-11-04,2025-11-04 13:39:00,570.23,570.23,570.17,570.17,-0.01,72.38,40688.07,-1
2025-11-04,2025-11-04 13:40:00,570.17,570.17,570.1,570.1,-0.01,72.38,40688.07,-1
2025-11-04,2025-11-04 13:41:00,570.1,570.1,570.04,570.04,-0.01,72.38,40688.07,-1
2025-11-04,2025-11-04 13:42:00,570.04,570.04,569.98,569.98,-0.01,72.38,40688.07,-1
2025-11-04,2025-11-04 13:43:00,569.98,569.98,569.91,569.91,-0.01,72.38,40688.07,-1
2025-11-04,2025-11-04 13:44:00,569.91,569.91,569.85,569.85,-0.01,72.38,40688.07,-1
2025-11-04,2025-11-04 13:45:00,569.85,569.85,569.79,569.79,-0.01,72.38,40688.07,-1
2025-11-04,2025-11-04 13:46:00,569.79,569.79,569.72,569.72,-0.01,72.38,40688.07,-1
2025-11-04,2025-11-04 13:47:00,569.72,569.72,569.66,569.66,-0.01,72.38,40688.07,-1
2025-11-04,2025-11-04 13:48:00,569.66,569.66,569.6,569.6,-0.01,72.38,40688.07,-1
2025-11-04,2025-11-04 13:49:00,569.6,569.6,569.53,569.53,-0.01,72.38,40688.07,-1
2025-11-04,2025-11-04 13:50:00,569.53,569.53,569.47,569.47,-0.01,72.38,40688.07,-1
2025-11-04,2025-11-04 13:51:00,569.47,569.47,569.41,569.41,-0.01,72.38,40688.07,-1
2025-11-04,2025-11-04 13:52:00,569.41,569.41,569.34,569.34,-0.01,72.38,40688.07,-1
2025-11-04,2025-11-04 13:53:00,569.34,569.34,569.28,569.28,-0.01,72.38,40688.07,-1
2025-11-04,2025-11-04 13:54:00,569.28,569.28,569.22,569.22,-0.01,72.38,40688.07,-1
2025-11-04,2025-11-04 13:55:00,569.22,569.22,569.15,569.15,-0.01,72.38,40688.07,-1
2025-11-04,2025-11-04 13:56:00,569.15,569.15,569.09,569.09,-0.01,72.38,40688.07,-1
2025-11-04,2025-11-04 13:57:00,569.09,569.09,569.03,569.03,-0.01,72.38,40688.07,-1
2025-11-04,2025-11-04 13:58:00,569.03,569.03,568.96,568.96,-0.01,72.38,40688.07,-1
2025-11-04,2025-11-04 13:59:00,568.96,568.96,568.9,568.9,-0.01,72.38,40688.07,-1
2025-11-04,2025-11-04 14:00:00,568.9,568.9,568.84,568.84,-0.01,72.38,40688.07,-1
2025-11-04,2025-11-04 14:01:00,568.84,568.84,568.77,568.77,-0.01,72.38,40688.07,-1
2025-11-04,2025-11-04 14:02:00,568.77,568.77,568.71,568.71,-0.01,72.38,40688.07,-1
2025-11-04,2025-11-04 14:03:00,568.71,568.71,568.65,568.65,-0.01,72.38,40688.07,-1
2025-11-04,2025-11-04 14:04:00,568.65,568.65,568.58,568.58,-0.01,72.38,40688.07,-1
2025-11-04,2025-11-04 14:05:00,568.58,568.58,568.52,568.52,-0.01,72.38,40688.07,-1
2025-11-04,2025-11-04 14:06:00,568.52,568.52,568.46,568.46,-0.01,72.38,40688.07,-1
2025-11-04,2025-11-04 14:07:00,568.46,568.46,568.39,568.39,-0.01,72.38,40688.07,-1
2025-11-04,2025-11-04 14:08:00,568.39,568.39,568.33,568.33,-0.01,72.38,40688.07,-1
2025-11-04,2025-11-04 14:09:00,568.33,568.33,568.27,568.27,-0.01,72.38,40688.07,-1
2025-11-04,2025-11-04 14:10:00,568.27,568.27,568.2,568.2,-0.01,72.38,40688.07,-1
2025-11-04,2025-11-04 14:11:00,568.2,568.2,568.14,568.14,-0.01,72.38,40688.07,-1
2025-11-04,2025-11-04 14:12:00,568.14,568.14,568.08,568.08,-0.01,72.38,40688.07,-1
2025-11-04,2025-11-04 14:13:00,568.08,568.08,568.01,568.01,-0.01,72.38,40688.07,-1
2025-11-04,2025-11-04 14:14:00,568.01,568.01,567.95,567.95,-0.01,72.38,40688.07,-1
2025-11-04,2025-11-04 14:15:00,567.95,567.95,567.89,567.89,-0.01,72.38,40688.07,-1
2025-11-04,2025-11-04 14:16:00,567.89,567.89,567.82,567.82,-0.01,72.38,40688.07,-1
2025-11-04,2025-11-04 14:17:00,567.82,567.82,567.76,567.76,-0.01,72.38,40688.07,-1
2025-11-04,2025-11-04 14:18:00,567.76,567.76,567.7,567.7,-0.01,72.38,40688.07,-1
2025-11-04,2025-11-04 14:19:00,567.7,567.7,567.63,567.63,-0.01,72.38,40688.07,-1
2025-11-04,2025-11-04 14:20:00,567.63,567.63,567.57,567.57,-0.01,72.38,40688.07,-1
2025-11-04,2025-11-04 14:21:00,567.57,567.57,567.51,567.51,-0.01,72.38,40688.07,-1
2025-11-04,2025-11-04 14:22:00,567.51,567.51,567.44,567.44,-0.01,72.38,40688.07,-1
2025-11-04,2025-11-04 14:23:00,567.44,567.44,567.38,567.38,-0.01,72.38,40688.07,-1
2025-11-04,2025-11-04 14:24:00,567.38,567.38,567.32,567.32,-0.01,72.38,40688.07,-1
2025-11-04,2025-11-04 14:25:00,567.32,567.32,567.25,567.25,-0.01,72.38,40688.07,-1
2025-11-04,2025-11-04 14:26:00,567.25,567.25,567.19,567.19,-0.01,72.38,40688.07,-1
2025-11-04,2025-11-04 14:27:00,567.19,567.19,567.13,567.13,-0.01,72.38,40688.07,-1
2025-11-04,2025-11-04 14:28:00,567.13,567.13,567.06,567.06,-0.01,72.38,40688.07,-1
2025-11-04,2025-11-04 14:29:00,567.06,567.06,567.0,567.0,-0.01,72.38,40688.07,-1
2025-11-04,2025-11-04 14:30:00,567.0,567.0,566.94,566.94,-0.01,72.38,40688.07,-1
2025-11-04,2025-11-04 14:31:00,566.94,566.94,566.87,566.87,-0.01,72.38,40688.07,-1
2025-11-04,2025-11-04 14:32:00,566.87,566.87,566.81,566.81,-0.01,72.38,40688.07,-1
2025-11-04,2025-11-04 14:33:00,566.81,566.81,566.75,566.75,-0.01,72.38,40688.07,-1
2025-11-04,2025-11-04 14:34:00,566.75,566.75,566.68,566.68,-0.01,72.38,40688.07,-1
2025-11-04,2025-11-04 14:35:00,566.68,566.68,566.62,566.62,-0.01,72.38,40688.07,-1
2025-11-04,2025-11-04 14:36:00,566.62,566.62,566.56,566.56,-0.01,72.38,40688.07,-1
2025-11-04,2025-11-04 14:37:00,566.56,566.56,566.49,566.49,-0.01,72.38,40688.07,-1
2025-11-04,2025-11-04 14:38:00,566.49,566.49,566.43,566.43,-0.01,72.38,40688.07,-1
2025-11-04,2025-11-04 14:39:00,566.43,566.43,566.37,566.37,-0.01,72.38,40688.07,-1
2025-11-04,2025-11-04 14:40:00,566.37,566.37,566.3,566.3,-0.01,72.38,40688.07,-1
2025-11-04,2025-11-04 14:41:00,566.3,566.3,566.24,566.24,-0.01,72.38,40688.07,-1
2025-11-04,2025-11-04 14:42:00,566.24,566.24,566.18,566.18,-0.01,72.38,40688.07,-1
2025-11-04,2025-11-04 14:43:00,566.18,566.18,566.11,566.11,-0.01,72.38,40688.07,-1
2025-11-04,2025-11-04 14:44:00,566.11,566.11,566.05,566.05,-0.01,72.38,40688.07,-1
2025-11-04,2025-11-04 14:45:00,566.05,566.05,565.99,565.99,-0.01,72.38,40688.07,-1
2025-11-04,2025-11-04 14:46:00,565.99,565.99,565.92,565.92,-0.01,72.38,40688.07,-1
2025-11-04,2025-11-04 14:47:00,565.92,565.92,565.86,565.86,-0.01,72.38,40688.07,-1
2025-11-04,2025-11-04 14:48:00,565.86,565.86,565.8,565.8,-0.01,72.38,40688.07,-1
2025-11-04,2025-11-04 14:49:00,565.8,565.8,565.73,565.73,-0.01,72.38,40688.07,-1
2025-11-04,2025-11-04 14:50:00,565.73,565.73,565.67,565.67,-0.01,72.38,40688.07,-1
2025-11-04,2025-11-04 14:51:00,565.67,565.67,565.61,565.61,-0.01,72.38,40688.07,-1
2025-11-04,2025-11-04 14:52:00,565.61,565.61,565.54,565.54,-0.01,72.38,40688.07,-1
2025-11-04,2025-11-04 14:53:00,565.54,565.54,565.48,565.48,-0.01,72.38,40688.07,-1
2025-11-04,2025-11-04 14:54:00,565.48,565.48,565.42,565.42,-0.01,72.38,40688.07,-1
2025-11-04,2025-11-04 14:55:00,565.42,565.42,565.35,565.35,-0.01,72.38,40688.07,-1
2025-11-04,2025-11-04 14:56:00,565.35,565.35,565.29,565.29,-0.01,72.38,40688.07,-1
2025-11-04,2025-11-04 14:57:00,565.29,565.29,565.23,565.23,-0.01,72.38,40688.07,-1
2025-11-04,2025-11-04 14:58:00,565.23,565.23,565.16,565.16,-0.01,72.38,40688.07,-1
2025-11-04,2025-11-04 14:59:00,565.16,565.16,565.1,565.1,-0.01,72.38,40688.07,-1
2025-11-04,2025-11-04 15:00:00,565.1,580.3,550.0,565.1,0.0,72.38,40688.07,0
2025-11-05,2025-11-05 11:00:00,576.4,576.4,569.68,576.38,-0.0,45.76,25806.35,-1
2025-11-05,2025-11-05 11:01:00,576.38,576.38,576.35,576.35,-0.01,45.76,25806.35,-1
2025-11-05,2025-11-05 11:02:00,576.35,576.35,576.33,576.33,-0.0,45.76,25806.35,-1
2025-11-05,2025-11-05 11:03:00,576.33,576.33,576.31,576.31,-0.0,45.76,25806.35,-1
2025-11-05,2025-11-05 11:04:00,576.31,576.31,576.29,576.29,-0.0,45.76,25806.35,-1
2025-11-05,2025-11-05 11:05:00,576.29,576.29,576.26,576.26,-0.01,45.76,25806.35,-1
2025-11-05,2025-11-05 11:06:00,576.26,576.26,576.24,576.24,-0.0,45.76,25806.35,-1
2025-11-05,2025-11-05 11:07:00,576.24,576.24,576.22,576.22,-0.0,45.76,25806.35,-1
2025-11-05,2025-11-05 11:08:00,576.22,576.22,576.19,576.19,-0.01,45.76,25806.35,-1
2025-11-05,2025-11-05 11:09:00,576.19,576.19,576.17,576.17,-0.0,45.76,25806.35,-1
2025-11-05,2025-11-05 11:10:00,576.17,576.17,576.15,576.15,-0.0,45.76,25806.35,-1
2025-11-05,2025-11-05 11:11:00,576.15,576.15,576.12,576.12,-0.01,45.76,25806.35,-1
2025-11-05,2025-11-05 11:12:00,576.12,576.12,576.1,576.1,-0.0,45.76,25806.35,-1
2025-11-05,2025-11-05 11:13:00,576.1,576.1,576.08,576.08,-0.0,45.76,25806.35,-1
2025-11-05,2025-11-05 11:14:00,576.08,576.08,576.06,576.06,-0.0,45.76,25806.35,-1
2025-11-05,2025-11-05 11:15:00,576.06,576.06,576.03,576.03,-0.01,45.76,25806.35,-1
2025-11-05,2025-11-05 11:16:00,576.03,576.03,576.01,576.01,-0.0,45.76,25806.35,-1
2025-11-05,2025-11-05 11:17:00,576.01,576.01,575.99,575.99,-0.0,45.76,25806.35,-1
2025-11-05,2025-11-05 11:18:00,575.99,575.99,575.96,575.96,-0.01,45.76,25806.35,-1
2025-11-05,2025-11-05 11:19:00,575.96,575.96,575.94,575.94,-0.0,45.76,25806.35,-1
2025-11-05,2025-11-05 11:20:00,575.94,575.94,575.92,575.92,-0.0,45.76,25806.35,-1
2025-11-05,2025-11-05 11:21:00,575.92,575.92,575.9,575.9,-0.0,45.76,25806.35,-1
2025-11-05,2025-11-05 11:22:00,575.9,575.9,575.87,575.87,-0.01,45.76,25806.35,-1
2025-11-05,2025-11-05 11:23:00,575.87,575.87,575.85,575.85,-0.0,45.76,25806.35,-1
2025-11-05,2025-11-05 11:24:00,575.85,575.85,575.83,575.83,-0.0,45.76,25806.35,-1
2025-11-05,2025-11-05 11:25:00,575.83,575.83,575.8,575.8,-0.01,45.76,25806.35,-1
2025-11-05,2025-11-05 11:26:00,575.8,575.8,575.78,575.78,-0.0,45.76,25806.35,-1
2025-11-05,2025-11-05 11:27:00,575.78,575.78,575.76,575.76,-0.0,45.76,25806.35,-1
2025-11-05,2025-11-05 11:28:00,575.76,575.76,575.74,575.74,-0.0,45.76,25806.35,-1
2025-11-05,2025-11-05 11:29:00,575.74,575.74,575.71,575.71,-0.01,45.76,25806.35,-1
2025-11-05,2025-11-05 11:30:00,575.71,575.71,575.69,575.69,-0.0,45.76,25806.35,-1
2025-11-05,2025-11-05 11:31:00,575.69,575.69,575.67,575.67,-0.0,45.76,25806.35,-1
2025-11-05,2025-11-05 11:32:00,575.67,575.67,575.64,575.64,-0.01,45.76,25806.35,-1
2025-11-05,2025-11-05 11:33:00,575.64,575.64,575.62,575.62,-0.0,45.76,25806.35,-1
2025-11-05,2025-11-05 11:34:00,575.62,575.62,575.6,575.6,-0.0,45.76,25806.35,-1
2025-11-05,2025-11-05 11:35:00,575.6,575.6,575.57,575.57,-0.01,45.76,25806.35,-1
2025-11-05,2025-11-05 11:36:00,575.57,575.57,575.55,575.55,-0.0,45.76,25806.35,-1
2025-11-05,2025-11-05 11:37:00,575.55,575.55,575.53,575.53,-0.0,45.76,25806.35,-1
2025-11-05,2025-11-05 11:38:00,575.53,575.53,575.51,575.51,-0.0,45.76,25806.35,-1
2025-11-05,2025-11-05 11:39:00,575.51,575.51,575.48,575.48,-0.01,45.76,25806.35,-1
2025-11-05,2025-11-05 11:40:00,575.48,575.48,575.46,575.46,-0.0,45.76,25806.35,-1
2025-11-05,2025-11-05 11:41:00,575.46,575.46,575.44,575.44,-0.0,45.76,25806.35,-1
2025-11-05,2025-11-05 11:42:00,575.44,575.44,575.41,575.41,-0.01,45.76,25806.35,-1
2025-11-05,2025-11-05 11:43:00,575.41,575.41,575.39,575.39,-0.0,45.76,25806.35,-1
2025-11-05,2025-11-05 11:44:00,575.39,575.39,575.37,575.37,-0.0,45.76,25806.35,-1
2025-11-05,2025-11-05 11:45:00,575.37,575.37,575.35,575.35,-0.0,45.76,25806.35,-1
2025-11-05,2025-11-05 11:46:00,575.35,575.35,575.32,575.32,-0.01,45.76,25806.35,-1
2025-11-05,2025-11-05 11:47:00,575.32,575.32,575.3,575.3,-0.0,45.76,25806.35,-1
2025-11-05,2025-11-05 11:48:00,575.3,575.3,575.28,575.28,-0.0,45.76,25806.35,-1
2025-11-05,2025-11-05 11:49:00,575.28,575.28,575.25,575.25,-0.01,45.76,25806.35,-1
2025-11-05,2025-11-05 11:50:00,575.25,575.25,575.23,575.23,-0.0,45.76,25806.35,-1
2025-11-05,2025-11-05 11:51:00,575.23,575.23,575.21,575.21,-0.0,45.76,25806.35,-1
2025-11-05,2025-11-05 11:52:00,575.21,575.21,575.19,575.19,-0.0,45.76,25806.35,-1
2025-11-05,2025-11-05 11:53:00,575.19,575.19,575.16,575.16,-0.01,45.76,25806.35,-1
2025-11-05,2025-11-05 11:54:00,575.16,575.16,575.14,575.14,-0.0,45.76,25806.35,-1
2025-11-05,2025-11-05 11:55:00,575.14,575.14,575.12,575.12,-0.0,45.76,25806.35,-1
2025-11-05,2025-11-05 11:56:00,575.12,575.12,575.09,575.09,-0.01,45.76,25806.35,-1
2025-11-05,2025-11-05 11:57:00,575.09,575.09,575.07,575.07,-0.0,45.76,25806.35,-1
2025-11-05,2025-11-05 11:58:00,575.07,575.07,575.05,575.05,-0.0,45.76,25806.35,-1
2025-11-05,2025-11-05 11:59:00,575.05,575.05,575.02,575.02,-0.01,45.76,25806.35,-1
2025-11-05,2025-11-05 12:00:00,575.02,575.02,575.0,575.0,-0.0,45.76,25806.35,-1
2025-11-05,2025-11-05 12:01:00,575.0,575.0,574.98,574.98,-0.0,45.76,25806.35,-1
2025-11-05,2025-11-05 12:02:00,574.98,574.98,574.96,574.96,-0.0,45.76,25806.35,-1
2025-11-05,2025-11-05 12:03:00,574.96,574.96,574.93,574.93,-0.01,45.76,25806.35,-1
2025-11-05,2025-11-05 12:04:00,574.93,574.93,574.91,574.91,-0.0,45.76,25806.35,-1
2025-11-05,2025-11-05 12:05:00,574.91,574.91,574.89,574.89,-0.0,45.76,25806.35,-1
2025-11-05,2025-11-05 12:06:00,574.89,574.89,574.86,574.86,-0.01,45.76,25806.35,-1
2025-11-05,2025-11-05 12:07:00,574.86,574.86,574.84,574.84,-0.0,45.76,25806.35,-1
2025-11-05,2025-11-05 12:08:00,574.84,574.84,574.82,574.82,-0.0,45.76,25806.35,-1
2025-11-05,2025-11-05 12:09:00,574.82,574.82,574.8,574.8,-0.0,45.76,25806.35,-1
2025-11-05,2025-11-05 12:10:00,574.8,574.8,574.77,574.77,-0.01,45.76,25806.35,-1
2025-11-05,2025-11-05 12:11:00,574.77,574.77,574.75,574.75,-0.0,45.76,25806.35,-1
2025-11-05,2025-11-05 12:12:00,574.75,574.75,574.73,574.73,-0.0,45.76,25806.35,-1
2025-11-05,2025-11-05 12:13:00,574.73,574.73,574.7,574.7,-0.01,45.76,25806.35,-1
2025-11-05,2025-11-05 12:14:00,574.7,574.7,574.68,574.68,-0.0,45.76,25806.35,-1
2025-11-05,2025-11-05 12:15:00,574.68,574.68,574.66,574.66,-0.0,45.76,25806.35,-1
2025-11-05,2025-11-05 12:16:00,574.66,574.66,574.64,574.64,-0.0,45.76,25806.35,-1
2025-11-05,2025-11-05 12:17:00,574.64,574.64,574.61,574.61,-0.01,45.76,25806.35,-1
2025-11-05,2025-11-05 12:18:00,574.61,574.61,574.59,574.59,-0.0,45.76,25806.35,-1
2025-11-05,2025-11-05 12:19:00,574.59,574.59,574.57,574.57,-0.0,45.76,25806.35,-1
2025-11-05,2025-11-05 12:20:00,574.57,574.57,574.54,574.54,-0.01,45.76,25806.35,-1
2025-11-05,2025-11-05 12:21:00,574.54,574.54,574.52,574.52,-0.0,45.76,25806.35,-1
2025-11-05,2025-11-05 12:22:00,574.52,574.52,574.5,574.5,-0.0,45.76,25806.35,-1
2025-11-05,2025-11-05 12:23:00,574.5,574.5,574.48,574.48,-0.0,45.76,25806.35,-1
2025-11-05,2025-11-05 12:24:00,574.48,574.48,574.45,574.45,-0.01,45.76,25806.35,-1
2025-11-05,2025-11-05 12:25:00,574.45,574.45,574.43,574.43,-0.0,45.76,25806.35,-1
2025-11-05,2025-11-05 12:26:00,574.43,574.43,574.41,574.41,-0.0,45.76,25806.35,-1
2025-11-05,2025-11-05 12:27:00,574.41,574.41,574.38,574.38,-0.01,45.76,25806.35,-1
2025-11-05,2025-11-05 12:28:00,574.38,574.38,574.36,574.36,-0.0,45.76,25806.35,-1
2025-11-05,2025-11-05 12:29:00,574.36,574.36,574.34,574.34,-0.0,45.76,25806.35,-1
2025-11-05,2025-11-05 12:30:00,574.34,574.34,574.31,574.31,-0.01,45.76,25806.35,-1
2025-11-05,2025-11-05 12:31:00,574.31,574.31,574.29,574.29,-0.0,45.76,25806.35,-1
2025-11-05,2025-11-05 12:32:00,574.29,574.29,574.27,574.27,-0.0,45.76,25806.35,-1
2025-11-05,2025-11-05 12:33:00,574.27,574.27,574.25,574.25,-0.0,45.76,25806.35,-1
2025-11-05,2025-11-05 12:34:00,574.25,574.25,574.22,574.22,-0.01,45.76,25806.35,-1
2025-11-05,2025-11-05 12:35:00,574.22,574.22,574.2,574.2,-0.0,45.76,25806.35,-1
2025-11-05,2025-11-05 12:36:00,574.2,574.2,574.18,574.18,-0.0,45.76,25806.35,-1
2025-11-05,2025-11-05 12:37:00,574.18,574.18,574.15,574.15,-0.01,45.76,25806.35,-1
2025-11-05,2025-11-05 12:38:00,574.15,574.15,574.13,574.13,-0.0,45.76,25806.35,-1
2025-11-05,2025-11-05 12:39:00,574.13,574.13,574.11,574.11,-0.0,45.76,25806.35,-1
2025-11-05,2025-11-05 12:40:00,574.11,574.11,574.09,574.09,-0.0,45.76,25806.35,-1
2025-11-05,2025-11-05 12:41:00,574.09,574.09,574.06,574.06,-0.01,45.76,25806.35,-1
2025-11-05,2025-11-05 12:42:00,574.06,574.06,574.04,574.04,-0.0,45.76,25806.35,-1
2025-11-05,2025-11-05 12:43:00,574.04,574.04,574.02,574.02,-0.0,45.76,25806.35,-1
2025-11-05,2025-11-05 12:44:00,574.02,574.02,573.99,573.99,-0.01,45.76,25806.35,-1
2025-11-05,2025-11-05 12:45:00,573.99,573.99,573.97,573.97,-0.0,45.76,25806.35,-1
2025-11-05,2025-11-05 12:46:00,573.97,573.97,573.95,573.95,-0.0,45.76,25806.35,-1
2025-11-05,2025-11-05 12:47:00,573.95,573.95,573.92,573.92,-0.01,45.76,25806.35,-1
2025-11-05,2025-11-05 12:48:00,573.92,573.92,573.9,573.9,-0.0,45.76,25806.35,-1
2025-11-05,2025-11-05 12:49:00,573.9,573.9,573.88,573.88,-0.0,45.76,25806.35,-1
2025-11-05,2025-11-05 12:50:00,573.88,573.88,573.86,573.86,-0.0,45.76,25806.35,-1
2025-11-05,2025-11-05 12:51:00,573.86,573.86,573.83,573.83,-0.01,45.76,25806.35,-1
2025-11-05,2025-11-05 12:52:00,573.83,573.83,573.81,573.81,-0.0,45.76,25806.35,-1
2025-11-05,2025-11-05 12:53:00,573.81,573.81,573.79,573.79,-0.0,45.76,25806.35,-1
2025-11-05,2025-11-05 12:54:00,573.79,573.79,573.76,573.76,-0.01,45.76,25806.35,-1
2025-11-05,2025-11-05 12:55:00,573.76,573.76,573.74,573.74,-0.0,45.76,25806.35,-1
2025-11-05,2025-11-05 12:56:00,573.74,573.74,573.72,573.72,-0.0,45.76,25806.35,-1
2025-11-05,2025-11-05 12:57:00,573.72,573.72,573.7,573.7,-0.0,45.76,25806.35,-1
2025-11-05,2025-11-05 12:58:00,573.7,573.7,573.67,573.67,-0.01,45.76,25806.35,-1
2025-11-05,2025-11-05 12:59:00,573.67,573.67,573.65,573.65,-0.0,45.76,25806.35,-1
2025-11-05,2025-11-05 13:00:00,573.65,576.4,554.0,573.63,-0.0,45.76,25806.35,-1
2025-11-05,2025-11-05 13:01:00,573.63,573.63,573.6,573.6,-0.01,45.76,25806.35,-1
2025-11-05,2025-11-05 13:02:00,573.6,573.6,573.58,573.58,-0.0,45.76,25806.35,-1
2025-11-05,2025-11-05 13:03:00,573.58,573.58,573.56,573.56,-0.0,45.76,25806.35,-1
2025-11-05,2025-11-05 13:04:00,573.56,573.56,573.54,573.54,-0.0,45.76,25806.35,-1
2025-11-05,2025-11-05 13:05:00,573.54,573.54,573.51,573.51,-0.01,45.76,25806.35,-1
2025-11-05,2025-11-05 13:06:00,573.51,573.51,573.49,573.49,-0.0,45.76,25806.35,-1
2025-11-05,2025-11-05 13:07:00,573.49,573.49,573.47,573.47,-0.0,45.76,25806.35,-1
2025-11-05,2025-11-05 13:08:00,573.47,573.47,573.44,573.44,-0.01,45.76,25806.35,-1
2025-11-05,2025-11-05 13:09:00,573.44,573.44,573.42,573.42,-0.0,45.76,25806.35,-1
2025-11-05,2025-11-05 13:10:00,573.42,573.42,573.4,573.4,-0.0,45.76,25806.35,-1
2025-11-05,2025-11-05 13:11:00,573.4,573.4,573.38,573.38,-0.0,45.76,25806.35,-1
2025-11-05,2025-11-05 13:12:00,573.38,573.38,573.35,573.35,-0.01,45.76,25806.35,-1
2025-11-05,2025-11-05 13:13:00,573.35,573.35,573.33,573.33,-0.0,45.76,25806.35,-1
2025-11-05,2025-11-05 13:14:00,573.33,573.33,573.31,573.31,-0.0,45.76,25806.35,-1
2025-11-05,2025-11-05 13:15:00,573.31,573.31,573.28,573.28,-0.01,45.76,25806.35,-1
2025-11-05,2025-11-05 13:16:00,573.28,573.28,573.26,573.26,-0.0,45.76,25806.35,-1
2025-11-05,2025-11-05 13:17:00,573.26,573.26,573.24,573.24,-0.0,45.76,25806.35,-1
2025-11-05,2025-11-05 13:18:00,573.24,573.24,573.21,573.21,-0.01,45.76,25806.35,-1
2025-11-05,2025-11-05 13:19:00,573.21,573.21,573.19,573.19,-0.0,45.76,25806.35,-1
2025-11-05,2025-11-05 13:20:00,573.19,573.19,573.17,573.17,-0.0,45.76,25806.35,-1
2025-11-05,2025-11-05 13:21:00,573.17,573.17,573.15,573.15,-0.0,45.76,25806.35,-1
2025-11-05,2025-11-05 13:22:00,573.15,573.15,573.12,573.12,-0.01,45.76,25806.35,-1
2025-11-05,2025-11-05 13:23:00,573.12,573.12,573.1,573.1,-0.0,45.76,25806.35,-1
2025-11-05,2025-11-05 13:24:00,573.1,573.1,573.08,573.08,-0.0,45.76,25806.35,-1
2025-11-05,2025-11-05 13:25:00,573.08,573.08,573.05,573.05,-0.01,45.76,25806.35,-1
2025-11-05,2025-11-05 13:26:00,573.05,573.05,573.03,573.03,-0.0,45.76,25806.35,-1
2025-11-05,2025-11-05 13:27:00,573.03,573.03,573.01,573.01,-0.0,45.76,25806.35,-1
2025-11-05,2025-11-05 13:28:00,573.01,573.01,572.99,572.99,-0.0,45.76,25806.35,-1
2025-11-05,2025-11-05 13:29:00,572.99,572.99,572.96,572.96,-0.01,45.76,25806.35,-1
2025-11-05,2025-11-05 13:30:00,572.96,572.96,572.94,572.94,-0.0,45.76,25806.35,-1
2025-11-05,2025-11-05 13:31:00,572.94,572.94,572.92,572.92,-0.0,45.76,25806.35,-1
2025-11-05,2025-11-05 13:32:00,572.92,572.92,572.89,572.89,-0.01,45.76,25806.35,-1
2025-11-05,2025-11-05 13:33:00,572.89,572.89,572.87,572.87,-0.0,45.76,25806.35,-1
2025-11-05,2025-11-05 13:34:00,572.87,572.87,572.85,572.85,-0.0,45.76,25806.35,-1
2025-11-05,2025-11-05 13:35:00,572.85,572.85,572.82,572.82,-0.01,45.76,25806.35,-1
2025-11-05,2025-11-05 13:36:00,572.82,572.82,572.8,572.8,-0.0,45.76,25806.35,-1
2025-11-05,2025-11-05 13:37:00,572.8,572.8,572.78,572.78,-0.0,45.76,25806.35,-1
2025-11-05,2025-11-05 13:38:00,572.78,572.78,572.76,572.76,-0.0,45.76,25806.35,-1
2025-11-05,2025-11-05 13:39:00,572.76,572.76,572.73,572.73,-0.01,45.76,25806.35,-1
2025-11-05,2025-11-05 13:40:00,572.73,572.73,572.71,572.71,-0.0,45.76,25806.35,-1
2025-11-05,2025-11-05 13:41:00,572.71,572.71,572.69,572.69,-0.0,45.76,25806.35,-1
2025-11-05,2025-11-05 13:42:00,572.69,572.69,572.66,572.66,-0.01,45.76,25806.35,-1
2025-11-05,2025-11-05 13:43:00,572.66,572.66,572.64,572.64,-0.0,45.76,25806.35,-1
2025-11-05,2025-11-05 13:44:00,572.64,572.64,572.62,572.62,-0.0,45.76,25806.35,-1
2025-11-05,2025-11-05 13:45:00,572.62,572.62,572.6,572.6,-0.0,45.76,25806.35,-1
2025-11-05,2025-11-05 13:46:00,572.6,572.6,572.57,572.57,-0.01,45.76,25806.35,-1
2025-11-05,2025-11-05 13:47:00,572.57,572.57,572.55,572.55,-0.0,45.76,25806.35,-1
2025-11-05,2025-11-05 13:48:00,572.55,572.55,572.53,572.53,-0.0,45.76,25806.35,-1
2025-11-05,2025-11-05 13:49:00,572.53,572.53,572.5,572.5,-0.01,45.76,25806.35,-1
2025-11-05,2025-11-05 13:50:00,572.5,572.5,572.48,572.48,-0.0,45.76,25806.35,-1
2025-11-05,2025-11-05 13:51:00,572.48,572.48,572.46,572.46,-0.0,45.76,25806.35,-1
2025-11-05,2025-11-05 13:52:00,572.46,572.46,572.44,572.44,-0.0,45.76,25806.35,-1
2025-11-05,2025-11-05 13:53:00,572.44,572.44,572.41,572.41,-0.01,45.76,25806.35,-1
2025-11-05,2025-11-05 13:54:00,572.41,572.41,572.39,572.39,-0.0,45.76,25806.35,-1
2025-11-05,2025-11-05 13:55:00,572.39,572.39,572.37,572.37,-0.0,45.76,25806.35,-1
2025-11-05,2025-11-05 13:56:00,572.37,572.37,572.34,572.34,-0.01,45.76,25806.35,-1
2025-11-05,2025-11-05 13:57:00,572.34,572.34,572.32,572.32,-0.0,45.76,25806.35,-1
2025-11-05,2025-11-05 13:58:00,572.32,572.32,572.3,572.3,-0.0,45.76,25806.35,-1
2025-11-05,2025-11-05 13:59:00,572.3,572.3,572.27,572.27,-0.01,45.76,25806.35,-1
2025-11-05,2025-11-05 14:00:00,572.27,572.27,572.25,572.25,-0.0,45.76,25806.35,-1
2025-11-05,2025-11-05 14:01:00,572.25,572.25,572.23,572.23,-0.0,45.76,25806.35,-1
2025-11-05,2025-11-05 14:02:00,572.23,572.23,572.21,572.21,-0.0,45.76,25806.35,-1
2025-11-05,2025-11-05 14:03:00,572.21,572.21,572.18,572.18,-0.01,45.76,25806.35,-1
2025-11-05,2025-11-05 14:04:00,572.18,572.18,572.16,572.16,-0.0,45.76,25806.35,-1
2025-11-05,2025-11-05 14:05:00,572.16,572.16,572.14,572.14,-0.0,45.76,25806.35,-1
2025-11-05,2025-11-05 14:06:00,572.14,572.14,572.11,572.11,-0.01,45.76,25806.35,-1
2025-11-05,2025-11-05 14:07:00,572.11,572.11,572.09,572.09,-0.0,45.76,25806.35,-1
2025-11-05,2025-11-05 14:08:00,572.09,572.09,572.07,572.07,-0.0,45.76,25806.35,-1
2025-11-05,2025-11-05 14:09:00,572.07,572.07,572.05,572.05,-0.0,45.76,25806.35,-1
2025-11-05,2025-11-05 14:10:00,572.05,572.05,572.02,572.02,-0.01,45.76,25806.35,-1
2025-11-05,2025-11-05 14:11:00,572.02,572.02,572.0,572.0,-0.0,45.76,25806.35,-1
2025-11-05,2025-11-05 14:12:00,572.0,572.0,571.98,571.98,-0.0,45.76,25806.35,-1
2025-11-05,2025-11-05 14:13:00,571.98,571.98,571.95,571.95,-0.01,45.76,25806.35,-1
2025-11-05,2025-11-05 14:14:00,571.95,571.95,571.93,571.93,-0.0,45.76,25806.35,-1
2025-11-05,2025-11-05 14:15:00,571.93,571.93,571.91,571.91,-0.0,45.76,25806.35,-1
2025-11-05,2025-11-05 14:16:00,571.91,571.91,571.89,571.89,-0.0,45.76,25806.35,-1
2025-11-05,2025-11-05 14:17:00,571.89,571.89,571.86,571.86,-0.01,45.76,25806.35,-1
2025-11-05,2025-11-05 14:18:00,571.86,571.86,571.84,571.84,-0.0,45.76,25806.35,-1
2025-11-05,2025-11-05 14:19:00,571.84,571.84,571.82,571.82,-0.0,45.76,25806.35,-1
2025-11-05,2025-11-05 14:20:00,571.82,571.82,571.79,571.79,-0.01,45.76,25806.35,-1
2025-11-05,2025-11-05 14:21:00,571.79,571.79,571.77,571.77,-0.0,45.76,25806.35,-1
2025-11-05,2025-11-05 14:22:00,571.77,571.77,571.75,571.75,-0.0,45.76,25806.35,-1
2025-11-05,2025-11-05 14:23:00,571.75,571.75,571.73,571.73,-0.0,45.76,25806.35,-1
2025-11-05,2025-11-05 14:24:00,571.73,571.73,571.7,571.7,-0.01,45.76,25806.35,-1
2025-11-05,2025-11-05 14:25:00,571.7,571.7,571.68,571.68,-0.0,45.76,25806.35,-1
2025-11-05,2025-11-05 14:26:00,571.68,571.68,571.66,571.66,-0.0,45.76,25806.35,-1
2025-11-05,2025-11-05 14:27:00,571.66,571.66,571.63,571.63,-0.01,45.76,25806.35,-1
2025-11-05,2025-11-05 14:28:00,571.63,571.63,571.61,571.61,-0.0,45.76,25806.35,-1
2025-11-05,2025-11-05 14:29:00,571.61,571.61,571.59,571.59,-0.0,45.76,25806.35,-1
2025-11-05,2025-11-05 14:30:00,571.59,571.59,571.56,571.56,-0.01,45.76,25806.35,-1
2025-11-05,2025-11-05 14:31:00,571.56,571.56,571.54,571.54,-0.0,45.76,25806.35,-1
2025-11-05,2025-11-05 14:32:00,571.54,571.54,571.52,571.52,-0.0,45.76,25806.35,-1
2025-11-05,2025-11-05 14:33:00,571.52,571.52,571.5,571.5,-0.0,45.76,25806.35,-1
2025-11-05,2025-11-05 14:34:00,571.5,571.5,571.47,571.47,-0.01,45.76,25806.35,-1
2025-11-05,2025-11-05 14:35:00,571.47,571.47,571.45,571.45,-0.0,45.76,25806.35,-1
2025-11-05,2025-11-05 14:36:00,571.45,571.45,571.43,571.43,-0.0,45.76,25806.35,-1
2025-11-05,2025-11-05 14:37:00,571.43,571.43,571.4,571.4,-0.01,45.76,25806.35,-1
2025-11-05,2025-11-05 14:38:00,571.4,571.4,571.38,571.38,-0.0,45.76,25806.35,-1
2025-11-05,2025-11-05 14:39:00,571.38,571.38,571.36,571.36,-0.0,45.76,25806.35,-1
2025-11-05,2025-11-05 14:40:00,571.36,571.36,571.34,571.34,-0.0,45.76,25806.35,-1
2025-11-05,2025-11-05 14:41:00,571.34,571.34,571.31,571.31,-0.01,45.76,25806.35,-1
2025-11-05,2025-11-05 14:42:00,571.31,571.31,571.29,571.29,-0.0,45.76,25806.35,-1
2025-11-05,2025-11-05 14:43:00,571.29,571.29,571.27,571.27,-0.0,45.76,25806.35,-1
2025-11-05,2025-11-05 14:44:00,571.27,571.27,571.24,571.24,-0.01,45.76,25806.35,-1
2025-11-05,2025-11-05 14:45:00,571.24,571.24,571.22,571.22,-0.0,45.76,25806.35,-1
2025-11-05,2025-11-05 14:46:00,571.22,571.22,571.2,571.2,-0.0,45.76,25806.35,-1
2025-11-05,2025-11-05 14:47:00,571.2,571.2,571.17,571.17,-0.01,45.76,25806.35,-1
2025-11-05,2025-11-05 14:48:00,571.17,571.17,571.15,571.15,-0.0,45.76,25806.35,-1
2025-11-05,2025-11-05 14:49:00,571.15,571.15,571.13,571.13,-0.0,45.76,25806.35,-1
2025-11-05,2025-11-05 14:50:00,571.13,571.13,571.11,571.11,-0.0,45.76,25806.35,-1
2025-11-05,2025-11-05 14:51:00,571.11,571.11,571.08,571.08,-0.01,45.76,25806.35,-1
2025-11-05,2025-11-05 14:52:00,571.08,571.08,571.06,571.06,-0.0,45.76,25806.35,-1
2025-11-05,2025-11-05 14:53:00,571.06,571.06,571.04,571.04,-0.0,45.76,25806.35,-1
2025-11-05,2025-11-05 14:54:00,571.04,571.04,571.01,571.01,-0.01,45.76,25806.35,-1
2025-11-05,2025-11-05 14:55:00,571.01,571.01,570.99,570.99,-0.0,45.76,25806.35,-1
2025-11-05,2025-11-05 14:56:00,570.99,570.99,570.97,570.97,-0.0,45.76,25806.35,-1
2025-11-05,2025-11-05 14:57:00,570.97,570.97,570.95,570.95,-0.0,45.76,25806.35,-1
2025-11-05,2025-11-05 14:58:00,570.95,570.95,570.92,570.92,-0.01,45.76,25806.35,-1
2025-11-05,2025-11-05 14:59:00,570.92,570.92,570.9,570.9,-0.0,45.76,25806.35,-1
2025-11-05,2025-11-05 15:00:00,570.9,576.4,554.0,570.9,0.0,45.76,25806.35,0
2025-11-06,2025-11-06 11:00:00,570.9,573.63,567.66,570.88,-0.0,16.79,9510.83,-1
2025-11-06,2025-11-06 11:01:00,570.88,570.88,570.86,570.86,-0.0,16.79,9510.83,-1
2025-11-06,2025-11-06 11:02:00,570.86,570.86,570.84,570.84,-0.0,16.79,9510.83,-1
2025-11-06,2025-11-06 11:03:00,570.84,570.84,570.82,570.82,-0.0,16.79,9510.83,-1
2025-11-06,2025-11-06 11:04:00,570.82,570.82,570.8,570.8,-0.0,16.79,9510.83,-1
2025-11-06,2025-11-06 11:05:00,570.8,570.8,570.78,570.78,-0.0,16.79,9510.83,-1
2025-11-06,2025-11-06 11:06:00,570.78,570.78,570.76,570.76,-0.0,16.79,9510.83,-1
2025-11-06,2025-11-06 11:07:00,570.76,570.76,570.74,570.74,-0.0,16.79,9510.83,-1
2025-11-06,2025-11-06 11:08:00,570.74,570.74,570.72,570.72,-0.0,16.79,9510.83,-1
2025-11-06,2025-11-06 11:09:00,570.72,570.72,570.7,570.7,-0.0,16.79,9510.83,-1
2025-11-06,2025-11-06 11:10:00,570.7,570.7,570.68,570.68,-0.0,16.79,9510.83,-1
2025-11-06,2025-11-06 11:11:00,570.68,570.68,570.65,570.65,-0.01,16.79,9510.83,-1
2025-11-06,2025-11-06 11:12:00,570.65,570.65,570.63,570.63,-0.0,16.79,9510.83,-1
2025-11-06,2025-11-06 11:13:00,570.63,570.63,570.61,570.61,-0.0,16.79,9510.83,-1
2025-11-06,2025-11-06 11:14:00,570.61,570.61,570.59,570.59,-0.0,16.79,9510.83,-1
2025-11-06,2025-11-06 11:15:00,570.59,570.59,570.57,570.57,-0.0,16.79,9510.83,-1
2025-11-06,2025-11-06 11:16:00,570.57,570.57,570.55,570.55,-0.0,16.79,9510.83,-1
2025-11-06,2025-11-06 11:17:00,570.55,570.55,570.53,570.53,-0.0,16.79,9510.83,-1
2025-11-06,2025-11-06 11:18:00,570.53,570.53,570.51,570.51,-0.0,16.79,9510.83,-1
2025-11-06,2025-11-06 11:19:00,570.51,570.51,570.49,570.49,-0.0,16.79,9510.83,-1
2025-11-06,2025-11-06 11:20:00,570.49,570.49,570.47,570.47,-0.0,16.79,9510.83,-1
2025-11-06,2025-11-06 11:21:00,570.47,570.47,570.45,570.45,-0.0,16.79,9510.83,-1
2025-11-06,2025-11-06 11:22:00,570.45,570.45,570.43,570.43,-0.0,16.79,9510.83,-1
2025-11-06,2025-11-06 11:23:00,570.43,570.43,570.41,570.41,-0.0,16.79,9510.83,-1
2025-11-06,2025-11-06 11:24:00,570.41,570.41,570.39,570.39,-0.0,16.79,9510.83,-1
2025-11-06,2025-11-06 11:25:00,570.39,570.39,570.37,570.37,-0.0,16.79,9510.83,-1
2025-11-06,2025-11-06 11:26:00,570.37,570.37,570.35,570.35,-0.0,16.79,9510.83,-1
2025-11-06,2025-11-06 11:27:00,570.35,570.35,570.33,570.33,-0.0,16.79,9510.83,-1
2025-11-06,2025-11-06 11:28:00,570.33,570.33,570.31,570.31,-0.0,16.79,9510.83,-1
2025-11-06,2025-11-06 11:29:00,570.31,570.31,570.29,570.29,-0.0,16.79,9510.83,-1
2025-11-06,2025-11-06 11:30:00,570.29,570.29,570.27,570.27,-0.0,16.79,9510.83,-1
2025-11-06,2025-11-06 11:31:00,570.27,570.27,570.25,570.25,-0.0,16.79,9510.83,-1
2025-11-06,2025-11-06 11:32:00,570.25,570.25,570.23,570.23,-0.0,16.79,9510.83,-1
2025-11-06,2025-11-06 11:33:00,570.23,570.23,570.21,570.21,-0.0,16.79,9510.83,-1
2025-11-06,2025-11-06 11:34:00,570.21,570.21,570.19,570.19,-0.0,16.79,9510.83,-1
2025-11-06,2025-11-06 11:35:00,570.19,570.19,570.16,570.16,-0.01,16.79,9510.83,-1
2025-11-06,2025-11-06 11:36:00,570.16,570.16,570.14,570.14,-0.0,16.79,9510.83,-1
2025-11-06,2025-11-06 11:37:00,570.14,570.14,570.12,570.12,-0.0,16.79,9510.83,-1
2025-11-06,2025-11-06 11:38:00,570.12,570.12,570.1,570.1,-0.0,16.79,9510.83,-1
2025-11-06,2025-11-06 11:39:00,570.1,570.1,570.08,570.08,-0.0,16.79,9510.83,-1
2025-11-06,2025-11-06 11:40:00,570.08,570.08,570.06,570.06,-0.0,16.79,9510.83,-1
2025-11-06,2025-11-06 11:41:00,570.06,570.06,570.04,570.04,-0.0,16.79,9510.83,-1
2025-11-06,2025-11-06 11:42:00,570.04,570.04,570.02,570.02,-0.0,16.79,9510.83,-1
2025-11-06,2025-11-06 11:43:00,570.02,570.02,570.0,570.0,-0.0,16.79,9510.83,-1
2025-11-06,2025-11-06 11:44:00,570.0,570.0,569.98,569.98,-0.0,16.79,9510.83,-1
2025-11-06,2025-11-06 11:45:00,569.98,569.98,569.96,569.96,-0.0,16.79,9510.83,-1
2025-11-06,2025-11-06 11:46:00,569.96,569.96,569.94,569.94,-0.0,16.79,9510.83,-1
2025-11-06,2025-11-06 11:47:00,569.94,569.94,569.92,569.92,-0.0,16.79,9510.83,-1
2025-11-06,2025-11-06 11:48:00,569.92,569.92,569.9,569.9,-0.0,16.79,9510.83,-1
2025-11-06,2025-11-06 11:49:00,569.9,569.9,569.88,569.88,-0.0,16.79,9510.83,-1
2025-11-06,2025-11-06 11:50:00,569.88,569.88,569.86,569.86,-0.0,16.79,9510.83,-1
2025-11-06,2025-11-06 11:51:00,569.86,569.86,569.84,569.84,-0.0,16.79,9510.83,-1
2025-11-06,2025-11-06 11:52:00,569.84,569.84,569.82,569.82,-0.0,16.79,9510.83,-1
2025-11-06,2025-11-06 11:53:00,569.82,569.82,569.8,569.8,-0.0,16.79,9510.83,-1
2025-11-06,2025-11-06 11:54:00,569.8,569.8,569.78,569.78,-0.0,16.79,9510.83,-1
2025-11-06,2025-11-06 11:55:00,569.78,569.78,569.76,569.76,-0.0,16.79,9510.83,-1
2025-11-06,2025-11-06 11:56:00,569.76,569.76,569.74,569.74,-0.0,16.79,9510.83,-1
2025-11-06,2025-11-06 11:57:00,569.74,569.74,569.72,569.72,-0.0,16.79,9510.83,-1
2025-11-06,2025-11-06 11:58:00,569.72,569.72,569.7,569.7,-0.0,16.79,9510.83,-1
2025-11-06,2025-11-06 11:59:00,569.7,569.7,569.67,569.67,-0.01,16.79,9510.83,-1
2025-11-06,2025-11-06 12:00:00,569.67,569.67,569.65,569.65,-0.0,16.79,9510.83,-1
2025-11-06,2025-11-06 12:01:00,569.65,569.65,569.63,569.63,-0.0,16.79,9510.83,-1
2025-11-06,2025-11-06 12:02:00,569.63,569.63,569.61,569.61,-0.0,16.79,9510.83,-1
2025-11-06,2025-11-06 12:03:00,569.61,569.61,569.59,569.59,-0.0,16.79,9510.83,-1
2025-11-06,2025-11-06 12:04:00,569.59,569.59,569.57,569.57,-0.0,16.79,9510.83,-1
2025-11-06,2025-11-06 12:05:00,569.57,569.57,569.55,569.55,-0.0,16.79,9510.83,-1
2025-11-06,2025-11-06 12:06:00,569.55,569.55,569.53,569.53,-0.0,16.79,9510.83,-1
2025-11-06,2025-11-06 12:07:00,569.53,569.53,569.51,569.51,-0.0,16.79,9510.83,-1
2025-11-06,2025-11-06 12:08:00,569.51,569.51,569.49,569.49,-0.0,16.79,9510.83,-1
2025-11-06,2025-11-06 12:09:00,569.49,569.49,569.47,569.47,-0.0,16.79,9510.83,-1
2025-11-06,2025-11-06 12:10:00,569.47,569.47,569.45,569.45,-0.0,16.79,9510.83,-1
2025-11-06,2025-11-06 12:11:00,569.45,569.45,569.43,569.43,-0.0,16.79,9510.83,-1
2025-11-06,2025-11-06 12:12:00,569.43,569.43,569.41,569.41,-0.0,16.79,9510.83,-1
2025-11-06,2025-11-06 12:13:00,569.41,569.41,569.39,569.39,-0.0,16.79,9510.83,-1
2025-11-06,2025-11-06 12:14:00,569.39,569.39,569.37,569.37,-0.0,16.79,9510.83,-1
2025-11-06,2025-11-06 12:15:00,569.37,569.37,569.35,569.35,-0.0,16.79,9510.83,-1
2025-11-06,2025-11-06 12:16:00,569.35,569.35,569.33,569.33,-0.0,16.79,9510.83,-1
2025-11-06,2025-11-06 12:17:00,569.33,569.33,569.31,569.31,-0.0,16.79,9510.83,-1
2025-11-06,2025-11-06 12:18:00,569.31,569.31,569.29,569.29,-0.0,16.79,9510.83,-1
2025-11-06,2025-11-06 12:19:00,569.29,569.29,569.27,569.27,-0.0,16.79,9510.83,-1
2025-11-06,2025-11-06 12:20:00,569.27,569.27,569.25,569.25,-0.0,16.79,9510.83,-1
2025-11-06,2025-11-06 12:21:00,569.25,569.25,569.23,569.23,-0.0,16.79,9510.83,-1
2025-11-06,2025-11-06 12:22:00,569.23,569.23,569.21,569.21,-0.0,16.79,9510.83,-1
2025-11-06,2025-11-06 12:23:00,569.21,569.21,569.18,569.18,-0.01,16.79,9510.83,-1
2025-11-06,2025-11-06 12:24:00,569.18,569.18,569.16,569.16,-0.0,16.79,9510.83,-1
2025-11-06,2025-11-06 12:25:00,569.16,569.16,569.14,569.14,-0.0,16.79,9510.83,-1
2025-11-06,2025-11-06 12:26:00,569.14,569.14,569.12,569.12,-0.0,16.79,9510.83,-1
2025-11-06,2025-11-06 12:27:00,569.12,569.12,569.1,569.1,-0.0,16.79,9510.83,-1
2025-11-06,2025-11-06 12:28:00,569.1,569.1,569.08,569.08,-0.0,16.79,9510.83,-1
2025-11-06,2025-11-06 12:29:00,569.08,569.08,569.06,569.06,-0.0,16.79,9510.83,-1
2025-11-06,2025-11-06 12:30:00,569.06,569.06,569.04,569.04,-0.0,16.79,9510.83,-1
2025-11-06,2025-11-06 12:31:00,569.04,569.04,569.02,569.02,-0.0,16.79,9510.83,-1
2025-11-06,2025-11-06 12:32:00,569.02,569.02,569.0,569.0,-0.0,16.79,9510.83,-1
2025-11-06,2025-11-06 12:33:00,569.0,569.0,568.98,568.98,-0.0,16.79,9510.83,-1
2025-11-06,2025-11-06 12:34:00,568.98,568.98,568.96,568.96,-0.0,16.79,9510.83,-1
2025-11-06,2025-11-06 12:35:00,568.96,568.96,568.94,568.94,-0.0,16.79,9510.83,-1
2025-11-06,2025-11-06 12:36:00,568.94,568.94,568.92,568.92,-0.0,16.79,9510.83,-1
2025-11-06,2025-11-06 12:37:00,568.92,568.92,568.9,568.9,-0.0,16.79,9510.83,-1
2025-11-06,2025-11-06 12:38:00,568.9,568.9,568.88,568.88,-0.0,16.79,9510.83,-1
2025-11-06,2025-11-06 12:39:00,568.88,568.88,568.86,568.86,-0.0,16.79,9510.83,-1
2025-11-06,2025-11-06 12:40:00,568.86,568.86,568.84,568.84,-0.0,16.79,9510.83,-1
2025-11-06,2025-11-06 12:41:00,568.84,568.84,568.82,568.82,-0.0,16.79,9510.83,-1
2025-11-06,2025-11-06 12:42:00,568.82,568.82,568.8,568.8,-0.0,16.79,9510.83,-1
2025-11-06,2025-11-06 12:43:00,568.8,568.8,568.78,568.78,-0.0,16.79,9510.83,-1
2025-11-06,2025-11-06 12:44:00,568.78,568.78,568.76,568.76,-0.0,16.79,9510.83,-1
2025-11-06,2025-11-06 12:45:00,568.76,568.76,568.74,568.74,-0.0,16.79,9510.83,-1
2025-11-06,2025-11-06 12:46:00,568.74,568.74,568.72,568.72,-0.0,16.79,9510.83,-1
2025-11-06,2025-11-06 12:47:00,568.72,568.72,568.69,568.69,-0.01,16.79,9510.83,-1
2025-11-06,2025-11-06 12:48:00,568.69,568.69,568.67,568.67,-0.0,16.79,9510.83,-1
2025-11-06,2025-11-06 12:49:00,568.67,568.67,568.65,568.65,-0.0,16.79,9510.83,-1
2025-11-06,2025-11-06 12:50:00,568.65,568.65,568.63,568.63,-0.0,16.79,9510.83,-1
2025-11-06,2025-11-06 12:51:00,568.63,568.63,568.61,568.61,-0.0,16.79,9510.83,-1
2025-11-06,2025-11-06 12:52:00,568.61,568.61,568.59,568.59,-0.0,16.79,9510.83,-1
2025-11-06,2025-11-06 12:53:00,568.59,568.59,568.57,568.57,-0.0,16.79,9510.83,-1
2025-11-06,2025-11-06 12:54:00,568.57,568.57,568.55,568.55,-0.0,16.79,9510.83,-1
2025-11-06,2025-11-06 12:55:00,568.55,568.55,568.53,568.53,-0.0,16.79,9510.83,-1
2025-11-06,2025-11-06 12:56:00,568.53,568.53,568.51,568.51,-0.0,16.79,9510.83,-1
2025-11-06,2025-11-06 12:57:00,568.51,568.51,568.49,568.49,-0.0,16.79,9510.83,-1
2025-11-06,2025-11-06 12:58:00,568.49,568.49,568.47,568.47,-0.0,16.79,9510.83,-1
2025-11-06,2025-11-06 12:59:00,568.47,568.47,568.45,568.45,-0.0,16.79,9510.83,-1
2025-11-06,2025-11-06 13:00:00,568.45,580.0,560.1,568.43,-0.0,16.79,9510.83,-1
2025-11-06,2025-11-06 13:01:00,568.43,568.43,568.41,568.41,-0.0,16.79,9510.83,-1
2025-11-06,2025-11-06 13:02:00,568.41,568.41,568.39,568.39,-0.0,16.79,9510.83,-1
2025-11-06,2025-11-06 13:03:00,568.39,568.39,568.37,568.37,-0.0,16.79,9510.83,-1
2025-11-06,2025-11-06 13:04:00,568.37,568.37,568.35,568.35,-0.0,16.79,9510.83,-1
2025-11-06,2025-11-06 13:05:00,568.35,568.35,568.33,568.33,-0.0,16.79,9510.83,-1
2025-11-06,2025-11-06 13:06:00,568.33,568.33,568.31,568.31,-0.0,16.79,9510.83,-1
2025-11-06,2025-11-06 13:07:00,568.31,568.31,568.29,568.29,-0.0,16.79,9510.83,-1
2025-11-06,2025-11-06 13:08:00,568.29,568.29,568.27,568.27,-0.0,16.79,9510.83,-1
2025-11-06,2025-11-06 13:09:00,568.27,568.27,568.25,568.25,-0.0,16.79,9510.83,-1
2025-11-06,2025-11-06 13:10:00,568.25,568.25,568.23,568.23,-0.0,16.79,9510.83,-1
2025-11-06,2025-11-06 13:11:00,568.23,568.23,568.21,568.21,-0.0,16.79,9510.83,-1
2025-11-06,2025-11-06 13:12:00,568.21,568.21,568.18,568.18,-0.01,16.79,9510.83,-1
2025-11-06,2025-11-06 13:13:00,568.18,568.18,568.16,568.16,-0.0,16.79,9510.83,-1
2025-11-06,2025-11-06 13:14:00,568.16,568.16,568.14,568.14,-0.0,16.79,9510.83,-1
2025-11-06,2025-11-06 13:15:00,568.14,568.14,568.12,568.12,-0.0,16.79,9510.83,-1
2025-11-06,2025-11-06 13:16:00,568.12,568.12,568.1,568.1,-0.0,16.79,9510.83,-1
2025-11-06,2025-11-06 13:17:00,568.1,568.1,568.08,568.08,-0.0,16.79,9510.83,-1
2025-11-06,2025-11-06 13:18:00,568.08,568.08,568.06,568.06,-0.0,16.79,9510.83,-1
2025-11-06,2025-11-06 13:19:00,568.06,568.06,568.04,568.04,-0.0,16.79,9510.83,-1
2025-11-06,2025-11-06 13:20:00,568.04,568.04,568.02,568.02,-0.0,16.79,9510.83,-1
2025-11-06,2025-11-06 13:21:00,568.02,568.02,568.0,568.0,-0.0,16.79,9510.83,-1
2025-11-06,2025-11-06 13:22:00,568.0,568.0,567.98,567.98,-0.0,16.79,9510.83,-1
2025-11-06,2025-11-06 13:23:00,567.98,567.98,567.96,567.96,-0.0,16.79,9510.83,-1
2025-11-06,2025-11-06 13:24:00,567.96,567.96,567.94,567.94,-0.0,16.79,9510.83,-1
2025-11-06,2025-11-06 13:25:00,567.94,567.94,567.92,567.92,-0.0,16.79,9510.83,-1
2025-11-06,2025-11-06 13:26:00,567.92,567.92,567.9,567.9,-0.0,16.79,9510.83,-1
2025-11-06,2025-11-06 13:27:00,567.9,567.9,567.88,567.88,-0.0,16.79,9510.83,-1
2025-11-06,2025-11-06 13:28:00,567.88,567.88,567.86,567.86,-0.0,16.79,9510.83,-1
2025-11-06,2025-11-06 13:29:00,567.86,567.86,567.84,567.84,-0.0,16.79,9510.83,-1
2025-11-06,2025-11-06 13:30:00,567.84,567.84,567.82,567.82,-0.0,16.79,9510.83,-1
2025-11-06,2025-11-06 13:31:00,567.82,567.82,567.8,567.8,-0.0,16.79,9510.83,-1
2025-11-06,2025-11-06 13:32:00,567.8,567.8,567.78,567.78,-0.0,16.79,9510.83,-1
2025-11-06,2025-11-06 13:33:00,567.78,567.78,567.76,567.76,-0.0,16.79,9510.83,-1
2025-11-06,2025-11-06 13:34:00,567.76,567.76,567.74,567.74,-0.0,16.79,9510.83,-1
2025-11-06,2025-11-06 13:35:00,567.74,567.74,567.72,567.72,-0.0,16.79,9510.83,-1
2025-11-06,2025-11-06 13:36:00,567.72,567.72,567.69,567.69,-0.01,16.79,9510.83,-1
2025-11-06,2025-11-06 13:37:00,567.69,567.69,567.67,567.67,-0.0,16.79,9510.83,-1
2025-11-06,2025-11-06 13:38:00,567.67,567.67,567.65,567.65,-0.0,16.79,9510.83,-1
2025-11-06,2025-11-06 13:39:00,567.65,567.65,567.63,567.63,-0.0,16.79,9510.83,-1
2025-11-06,2025-11-06 13:40:00,567.63,567.63,567.61,567.61,-0.0,16.79,9510.83,-1
2025-11-06,2025-11-06 13:41:00,567.61,567.61,567.59,567.59,-0.0,16.79,9510.83,-1
2025-11-06,2025-11-06 13:42:00,567.59,567.59,567.57,567.57,-0.0,16.79,9510.83,-1
2025-11-06,2025-11-06 13:43:00,567.57,567.57,567.55,567.55,-0.0,16.79,9510.83,-1
2025-11-06,2025-11-06 13:44:00,567.55,567.55,567.53,567.53,-0.0,16.79,9510.83,-1
2025-11-06,2025-11-06 13:45:00,567.53,567.53,567.51,567.51,-0.0,16.79,9510.83,-1
2025-11-06,2025-11-06 13:46:00,567.51,567.51,567.49,567.49,-0.0,16.79,9510.83,-1
2025-11-06,2025-11-06 13:47:00,567.49,567.49,567.47,567.47,-0.0,16.79,9510.83,-1
2025-11-06,2025-11-06 13:48:00,567.47,567.47,567.45,567.45,-0.0,16.79,9510.83,-1
2025-11-06,2025-11-06 13:49:00,567.45,567.45,567.43,567.43,-0.0,16.79,9510.83,-1
2025-11-06,2025-11-06 13:50:00,567.43,567.43,567.41,567.41,-0.0,16.79,9510.83,-1
2025-11-06,2025-11-06 13:51:00,567.41,567.41,567.39,567.39,-0.0,16.79,9510.83,-1
2025-11-06,2025-11-06 13:52:00,567.39,567.39,567.37,567.37,-0.0,16.79,9510.83,-1
2025-11-06,2025-11-06 13:53:00,567.37,567.37,567.35,567.35,-0.0,16.79,9510.83,-1
2025-11-06,2025-11-06 13:54:00,567.35,567.35,567.33,567.33,-0.0,16.79,9510.83,-1
2025-11-06,2025-11-06 13:55:00,567.33,567.33,567.31,567.31,-0.0,16.79,9510.83,-1
2025-11-06,2025-11-06 13:56:00,567.31,567.31,567.29,567.29,-0.0,16.79,9510.83,-1
2025-11-06,2025-11-06 13:57:00,567.29,567.29,567.27,567.27,-0.0,16.79,9510.83,-1
2025-11-06,2025-11-06 13:58:00,567.27,567.27,567.25,567.25,-0.0,16.79,9510.83,-1
2025-11-06,2025-11-06 13:59:00,567.25,567.25,567.23,567.23,-0.0,16.79,9510.83,-1
2025-11-06,2025-11-06 14:00:00,567.23,567.23,567.2,567.2,-0.01,16.79,9510.83,-1
2025-11-06,2025-11-06 14:01:00,567.2,567.2,567.18,567.18,-0.0,16.79,9510.83,-1
2025-11-06,2025-11-06 14:02:00,567.18,567.18,567.16,567.16,-0.0,16.79,9510.83,-1
2025-11-06,2025-11-06 14:03:00,567.16,567.16,567.14,567.14,-0.0,16.79,9510.83,-1
2025-11-06,2025-11-06 14:04:00,567.14,567.14,567.12,567.12,-0.0,16.79,9510.83,-1
2025-11-06,2025-11-06 14:05:00,567.12,567.12,567.1,567.1,-0.0,16.79,9510.83,-1
2025-11-06,2025-11-06 14:06:00,567.1,567.1,567.08,567.08,-0.0,16.79,9510.83,-1
2025-11-06,2025-11-06 14:07:00,567.08,567.08,567.06,567.06,-0.0,16.79,9510.83,-1
2025-11-06,2025-11-06 14:08:00,567.06,567.06,567.04,567.04,-0.0,16.79,9510.83,-1
2025-11-06,2025-11-06 14:09:00,567.04,567.04,567.02,567.02,-0.0,16.79,9510.83,-1
2025-11-06,2025-11-06 14:10:00,567.02,567.02,567.0,567.0,-0.0,16.79,9510.83,-1
2025-11-06,2025-11-06 14:11:00,567.0,567.0,566.98,566.98,-0.0,16.79,9510.83,-1
2025-11-06,2025-11-06 14:12:00,566.98,566.98,566.96,566.96,-0.0,16.79,9510.83,-1
2025-11-06,2025-11-06 14:13:00,566.96,566.96,566.94,566.94,-0.0,16.79,9510.83,-1
2025-11-06,2025-11-06 14:14:00,566.94,566.94,566.92,566.92,-0.0,16.79,9510.83,-1
2025-11-06,2025-11-06 14:15:00,566.92,566.92,566.9,566.9,-0.0,16.79,9510.83,-1
2025-11-06,2025-11-06 14:16:00,566.9,566.9,566.88,566.88,-0.0,16.79,9510.83,-1
2025-11-06,2025-11-06 14:17:00,566.88,566.88,566.86,566.86,-0.0,16.79,9510.83,-1
2025-11-06,2025-11-06 14:18:00,566.86,566.86,566.84,566.84,-0.0,16.79,9510.83,-1
2025-11-06,2025-11-06 14:19:00,566.84,566.84,566.82,566.82,-0.0,16.79,9510.83,-1
2025-11-06,2025-11-06 14:20:00,566.82,566.82,566.8,566.8,-0.0,16.79,9510.83,-1
2025-11-06,2025-11-06 14:21:00,566.8,566.8,566.78,566.78,-0.0,16.79,9510.83,-1
2025-11-06,2025-11-06 14:22:00,566.78,566.78,566.76,566.76,-0.0,16.79,9510.83,-1
2025-11-06,2025-11-06 14:23:00,566.76,566.76,566.74,566.74,-0.0,16.79,9510.83,-1
2025-11-06,2025-11-06 14:24:00,566.74,566.74,566.71,566.71,-0.01,16.79,9510.83,-1
2025-11-06,2025-11-06 14:25:00,566.71,566.71,566.69,566.69,-0.0,16.79,9510.83,-1
2025-11-06,2025-11-06 14:26:00,566.69,566.69,566.67,566.67,-0.0,16.79,9510.83,-1
2025-11-06,2025-11-06 14:27:00,566.67,566.67,566.65,566.65,-0.0,16.79,9510.83,-1
2025-11-06,2025-11-06 14:28:00,566.65,566.65,566.63,566.63,-0.0,16.79,9510.83,-1
2025-11-06,2025-11-06 14:29:00,566.63,566.63,566.61,566.61,-0.0,16.79,9510.83,-1
2025-11-06,2025-11-06 14:30:00,566.61,566.61,566.59,566.59,-0.0,16.79,9510.83,-1
2025-11-06,2025-11-06 14:31:00,566.59,566.59,566.57,566.57,-0.0,16.79,9510.83,-1
2025-11-06,2025-11-06 14:32:00,566.57,566.57,566.55,566.55,-0.0,16.79,9510.83,-1
2025-11-06,2025-11-06 14:33:00,566.55,566.55,566.53,566.53,-0.0,16.79,9510.83,-1
2025-11-06,2025-11-06 14:34:00,566.53,566.53,566.51,566.51,-0.0,16.79,9510.83,-1
2025-11-06,2025-11-06 14:35:00,566.51,566.51,566.49,566.49,-0.0,16.79,9510.83,-1
2025-11-06,2025-11-06 14:36:00,566.49,566.49,566.47,566.47,-0.0,16.79,9510.83,-1
2025-11-06,2025-11-06 14:37:00,566.47,566.47,566.45,566.45,-0.0,16.79,9510.83,-1
2025-11-06,2025-11-06 14:38:00,566.45,566.45,566.43,566.43,-0.0,16.79,9510.83,-1
2025-11-06,2025-11-06 14:39:00,566.43,566.43,566.41,566.41,-0.0,16.79,9510.83,-1
2025-11-06,2025-11-06 14:40:00,566.41,566.41,566.39,566.39,-0.0,16.79,9510.83,-1
2025-11-06,2025-11-06 14:41:00,566.39,566.39,566.37,566.37,-0.0,16.79,9510.83,-1
2025-11-06,2025-11-06 14:42:00,566.37,566.37,566.35,566.35,-0.0,16.79,9510.83,-1
2025-11-06,2025-11-06 14:43:00,566.35,566.35,566.33,566.33,-0.0,16.79,9510.83,-1
2025-11-06,2025-11-06 14:44:00,566.33,566.33,566.31,566.31,-0.0,16.79,9510.83,-1
2025-11-06,2025-11-06 14:45:00,566.31,566.31,566.29,566.29,-0.0,16.79,9510.83,-1
2025-11-06,2025-11-06 14:46:00,566.29,566.29,566.27,566.27,-0.0,16.79,9510.83,-1
2025-11-06,2025-11-06 14:47:00,566.27,566.27,566.25,566.25,-0.0,16.79,9510.83,-1
2025-11-06,2025-11-06 14:48:00,566.25,566.25,566.22,566.22,-0.01,16.79,9510.83,-1
2025-11-06,2025-11-06 14:49:00,566.22,566.22,566.2,566.2,-0.0,16.79,9510.83,-1
2025-11-06,2025-11-06 14:50:00,566.2,566.2,566.18,566.18,-0.0,16.79,9510.83,-1
2025-11-06,2025-11-06 14:51:00,566.18,566.18,566.16,566.16,-0.0,16.79,9510.83,-1
2025-11-06,2025-11-06 14:52:00,566.16,566.16,566.14,566.14,-0.0,16.79,9510.83,-1
2025-11-06,2025-11-06 14:53:00,566.14,566.14,566.12,566.12,-0.0,16.79,9510.83,-1
2025-11-06,2025-11-06 14:54:00,566.12,566.12,566.1,566.1,-0.0,16.79,9510.83,-1
2025-11-06,2025-11-06 14:55:00,566.1,566.1,566.08,566.08,-0.0,16.79,9510.83,-1
2025-11-06,2025-11-06 14:56:00,566.08,566.08,566.06,566.06,-0.0,16.79,9510.83,-1
2025-11-06,2025-11-06 14:57:00,566.06,566.06,566.04,566.04,-0.0,16.79,9510.83,-1
2025-11-06,2025-11-06 14:58:00,566.04,566.04,566.02,566.02,-0.0,16.79,9510.83,-1
2025-11-06,2025-11-06 14:59:00,566.02,566.02,566.0,566.0,-0.0,16.79,9510.83,-1
2025-11-06,2025-11-06 15:00:00,566.0,580.0,560.1,566.0,0.0,16.79,9510.83,0
2025-11-09,2025-11-09 11:00:00,577.3,577.3,570.31,577.23,-0.01,63.37,35534.58,-1
2025-11-09,2025-11-09 11:01:00,577.23,577.23,577.16,577.16,-0.01,63.37,35534.58,-1
2025-11-09,2025-11-09 11:02:00,577.16,577.16,577.08,577.08,-0.01,63.37,35534.58,-1
2025-11-09,2025-11-09 11:03:00,577.08,577.08,577.01,577.01,-0.01,63.37,35534.58,-1
2025-11-09,2025-11-09 11:04:00,577.01,577.01,576.94,576.94,-0.01,63.37,35534.58,-1
2025-11-09,2025-11-09 11:05:00,576.94,576.94,576.87,576.87,-0.01,63.37,35534.58,-1
2025-11-09,2025-11-09 11:06:00,576.87,576.87,576.8,576.8,-0.01,63.37,35534.58,-1
2025-11-09,2025-11-09 11:07:00,576.8,576.8,576.73,576.73,-0.01,63.37,35534.58,-1
2025-11-09,2025-11-09 11:08:00,576.73,576.73,576.65,576.65,-0.01,63.37,35534.58,-1
2025-11-09,2025-11-09 11:09:00,576.65,576.65,576.58,576.58,-0.01,63.37,35534.58,-1
2025-11-09,2025-11-09 11:10:00,576.58,576.58,576.51,576.51,-0.01,63.37,35534.58,-1
2025-11-09,2025-11-09 11:11:00,576.51,576.51,576.44,576.44,-0.01,63.37,35534.58,-1
2025-11-09,2025-11-09 11:12:00,576.44,576.44,576.37,576.37,-0.01,63.37,35534.58,-1
2025-11-09,2025-11-09 11:13:00,576.37,576.37,576.3,576.3,-0.01,63.37,35534.58,-1
2025-11-09,2025-11-09 11:14:00,576.3,576.3,576.22,576.22,-0.01,63.37,35534.58,-1
2025-11-09,2025-11-09 11:15:00,576.22,576.22,576.15,576.15,-0.01,63.37,35534.58,-1
2025-11-09,2025-11-09 11:16:00,576.15,576.15,576.08,576.08,-0.01,63.37,35534.58,-1
2025-11-09,2025-11-09 11:17:00,576.08,576.08,576.01,576.01,-0.01,63.37,35534.58,-1
2025-11-09,2025-11-09 11:18:00,576.01,576.01,575.94,575.94,-0.01,63.37,35534.58,-1
2025-11-09,2025-11-09 11:19:00,575.94,575.94,575.87,575.87,-0.01,63.37,35534.58,-1
2025-11-09,2025-11-09 11:20:00,575.87,575.87,575.79,575.79,-0.01,63.37,35534.58,-1
2025-11-09,2025-11-09 11:21:00,575.79,575.79,575.72,575.72,-0.01,63.37,35534.58,-1
2025-11-09,2025-11-09 11:22:00,575.72,575.72,575.65,575.65,-0.01,63.37,35534.58,-1
2025-11-09,2025-11-09 11:23:00,575.65,575.65,575.58,575.58,-0.01,63.37,35534.58,-1
2025-11-09,2025-11-09 11:24:00,575.58,575.58,575.51,575.51,-0.01,63.37,35534.58,-1
2025-11-09,2025-11-09 11:25:00,575.51,575.51,575.44,575.44,-0.01,63.37,35534.58,-1
2025-11-09,2025-11-09 11:26:00,575.44,575.44,575.37,575.37,-0.01,63.37,35534.58,-1
2025-11-09,2025-11-09 11:27:00,575.37,575.37,575.29,575.29,-0.01,63.37,35534.58,-1
2025-11-09,2025-11-09 11:28:00,575.29,575.29,575.22,575.22,-0.01,63.37,35534.58,-1
2025-11-09,2025-11-09 11:29:00,575.22,575.22,575.15,575.15,-0.01,63.37,35534.58,-1
2025-11-09,2025-11-09 11:30:00,575.15,575.15,575.08,575.08,-0.01,63.37,35534.58,-1
2025-11-09,2025-11-09 11:31:00,575.08,575.08,575.01,575.01,-0.01,63.37,35534.58,-1
2025-11-09,2025-11-09 11:32:00,575.01,575.01,574.93,574.93,-0.01,63.37,35534.58,-1
2025-11-09,2025-11-09 11:33:00,574.93,574.93,574.86,574.86,-0.01,63.37,35534.58,-1
2025-11-09,2025-11-09 11:34:00,574.86,574.86,574.79,574.79,-0.01,63.37,35534.58,-1
2025-11-09,2025-11-09 11:35:00,574.79,574.79,574.72,574.72,-0.01,63.37,35534.58,-1
2025-11-09,2025-11-09 11:36:00,574.72,574.72,574.65,574.65,-0.01,63.37,35534.58,-1
2025-11-09,2025-11-09 11:37:00,574.65,574.65,574.58,574.58,-0.01,63.37,35534.58,-1
2025-11-09,2025-11-09 11:38:00,574.58,574.58,574.5,574.5,-0.01,63.37,35534.58,-1
2025-11-09,2025-11-09 11:39:00,574.5,574.5,574.43,574.43,-0.01,63.37,35534.58,-1
2025-11-09,2025-11-09 11:40:00,574.43,574.43,574.36,574.36,-0.01,63.37,35534.58,-1
2025-11-09,2025-11-09 11:41:00,574.36,574.36,574.29,574.29,-0.01,63.37,35534.58,-1
2025-11-09,2025-11-09 11:42:00,574.29,574.29,574.22,574.22,-0.01,63.37,35534.58,-1
2025-11-09,2025-11-09 11:43:00,574.22,574.22,574.15,574.15,-0.01,63.37,35534.58,-1
2025-11-09,2025-11-09 11:44:00,574.15,574.15,574.07,574.07,-0.01,63.37,35534.58,-1
2025-11-09,2025-11-09 11:45:00,574.07,574.07,574.0,574.0,-0.01,63.37,35534.58,-1
2025-11-09,2025-11-09 11:46:00,574.0,574.0,573.93,573.93,-0.01,63.37,35534.58,-1
2025-11-09,2025-11-09 11:47:00,573.93,573.93,573.86,573.86,-0.01,63.37,35534.58,-1
2025-11-09,2025-11-09 11:48:00,573.86,573.86,573.79,573.79,-0.01,63.37,35534.58,-1
2025-11-09,2025-11-09 11:49:00,573.79,573.79,573.72,573.72,-0.01,63.37,35534.58,-1
2025-11-09,2025-11-09 11:50:00,573.72,573.72,573.64,573.64,-0.01,63.37,35534.58,-1
2025-11-09,2025-11-09 11:51:00,573.64,573.64,573.57,573.57,-0.01,63.37,35534.58,-1
2025-11-09,2025-11-09 11:52:00,573.57,573.57,573.5,573.5,-0.01,63.37,35534.58,-1
2025-11-09,2025-11-09 11:53:00,573.5,573.5,573.43,573.43,-0.01,63.37,35534.58,-1
2025-11-09,2025-11-09 11:54:00,573.43,573.43,573.36,573.36,-0.01,63.37,35534.58,-1
2025-11-09,2025-11-09 11:55:00,573.36,573.36,573.29,573.29,-0.01,63.37,35534.58,-1
2025-11-09,2025-11-09 11:56:00,573.29,573.29,573.21,573.21,-0.01,63.37,35534.58,-1
2025-11-09,2025-11-09 11:57:00,573.21,573.21,573.14,573.14,-0.01,63.37,35534.58,-1
2025-11-09,2025-11-09 11:58:00,573.14,573.14,573.07,573.07,-0.01,63.37,35534.58,-1
2025-11-09,2025-11-09 11:59:00,573.07,573.07,573.0,573.0,-0.01,63.37,35534.58,-1
2025-11-09,2025-11-09 12:00:00,573.0,573.0,572.93,572.93,-0.01,63.37,35534.58,-1
2025-11-09,2025-11-09 12:01:00,572.93,572.93,572.86,572.86,-0.01,63.37,35534.58,-1
2025-11-09,2025-11-09 12:02:00,572.86,572.86,572.78,572.78,-0.01,63.37,35534.58,-1
2025-11-09,2025-11-09 12:03:00,572.78,572.78,572.71,572.71,-0.01,63.37,35534.58,-1
2025-11-09,2025-11-09 12:04:00,572.71,572.71,572.64,572.64,-0.01,63.37,35534.58,-1
2025-11-09,2025-11-09 12:05:00,572.64,572.64,572.57,572.57,-0.01,63.37,35534.58,-1
2025-11-09,2025-11-09 12:06:00,572.57,572.57,572.5,572.5,-0.01,63.37,35534.58,-1
2025-11-09,2025-11-09 12:07:00,572.5,572.5,572.43,572.43,-0.01,63.37,35534.58,-1
2025-11-09,2025-11-09 12:08:00,572.43,572.43,572.36,572.36,-0.01,63.37,35534.58,-1
2025-11-09,2025-11-09 12:09:00,572.36,572.36,572.28,572.28,-0.01,63.37,35534.58,-1
2025-11-09,2025-11-09 12:10:00,572.28,572.28,572.21,572.21,-0.01,63.37,35534.58,-1
2025-11-09,2025-11-09 12:11:00,572.21,572.21,572.14,572.14,-0.01,63.37,35534.58,-1
2025-11-09,2025-11-09 12:12:00,572.14,572.14,572.07,572.07,-0.01,63.37,35534.58,-1
2025-11-09,2025-11-09 12:13:00,572.07,572.07,572.0,572.0,-0.01,63.37,35534.58,-1
2025-11-09,2025-11-09 12:14:00,572.0,572.0,571.92,571.92,-0.01,63.37,35534.58,-1
2025-11-09,2025-11-09 12:15:00,571.92,571.92,571.85,571.85,-0.01,63.37,35534.58,-1
2025-11-09,2025-11-09 12:16:00,571.85,571.85,571.78,571.78,-0.01,63.37,35534.58,-1
2025-11-09,2025-11-09 12:17:00,571.78,571.78,571.71,571.71,-0.01,63.37,35534.58,-1
2025-11-09,2025-11-09 12:18:00,571.71,571.71,571.64,571.64,-0.01,63.37,35534.58,-1
2025-11-09,2025-11-09 12:19:00,571.64,571.64,571.57,571.57,-0.01,63.37,35534.58,-1
2025-11-09,2025-11-09 12:20:00,571.57,571.57,571.5,571.5,-0.01,63.37,35534.58,-1
2025-11-09,2025-11-09 12:21:00,571.5,571.5,571.42,571.42,-0.01,63.37,35534.58,-1
2025-11-09,2025-11-09 12:22:00,571.42,571.42,571.35,571.35,-0.01,63.37,35534.58,-1
2025-11-09,2025-11-09 12:23:00,571.35,571.35,571.28,571.28,-0.01,63.37,35534.58,-1
2025-11-09,2025-11-09 12:24:00,571.28,571.28,571.21,571.21,-0.01,63.37,35534.58,-1
2025-11-09,2025-11-09 12:25:00,571.21,571.21,571.14,571.14,-0.01,63.37,35534.58,-1
2025-11-09,2025-11-09 12:26:00,571.14,571.14,571.06,571.06,-0.01,63.37,35534.58,-1
2025-11-09,2025-11-09 12:27:00,571.06,571.06,570.99,570.99,-0.01,63.37,35534.58,-1
2025-11-09,2025-11-09 12:28:00,570.99,570.99,570.92,570.92,-0.01,63.37,35534.58,-1
2025-11-09,2025-11-09 12:29:00,570.92,570.92,570.85,570.85,-0.01,63.37,35534.58,-1
2025-11-09,2025-11-09 12:30:00,570.85,570.85,570.78,570.78,-0.01,63.37,35534.58,-1
2025-11-09,2025-11-09 12:31:00,570.78,570.78,570.71,570.71,-0.01,63.37,35534.58,-1
2025-11-09,2025-11-09 12:32:00,570.71,570.71,570.63,570.63,-0.01,63.37,35534.58,-1
2025-11-09,2025-11-09 12:33:00,570.63,570.63,570.56,570.56,-0.01,63.37,35534.58,-1
2025-11-09,2025-11-09 12:34:00,570.56,570.56,570.49,570.49,-0.01,63.37,35534.58,-1
2025-11-09,2025-11-09 12:35:00,570.49,570.49,570.42,570.42,-0.01,63.37,35534.58,-1
2025-11-09,2025-11-09 12:36:00,570.42,570.42,570.35,570.35,-0.01,63.37,35534.58,-1
2025-11-09,2025-11-09 12:37:00,570.35,570.35,570.28,570.28,-0.01,63.37,35534.58,-1
2025-11-09,2025-11-09 12:38:00,570.28,570.28,570.2,570.2,-0.01,63.37,35534.58,-1
2025-11-09,2025-11-09 12:39:00,570.2,570.2,570.13,570.13,-0.01,63.37,35534.58,-1
2025-11-09,2025-11-09 12:40:00,570.13,570.13,570.06,570.06,-0.01,63.37,35534.58,-1
2025-11-09,2025-11-09 12:41:00,570.06,570.06,569.99,569.99,-0.01,63.37,35534.58,-1
2025-11-09,2025-11-09 12:42:00,569.99,569.99,569.92,569.92,-0.01,63.37,35534.58,-1
2025-11-09,2025-11-09 12:43:00,569.92,569.92,569.85,569.85,-0.01,63.37,35534.58,-1
2025-11-09,2025-11-09 12:44:00,569.85,569.85,569.77,569.77,-0.01,63.37,35534.58,-1
2025-11-09,2025-11-09 12:45:00,569.77,569.77,569.7,569.7,-0.01,63.37,35534.58,-1
2025-11-09,2025-11-09 12:46:00,569.7,569.7,569.63,569.63,-0.01,63.37,35534.58,-1
2025-11-09,2025-11-09 12:47:00,569.63,569.63,569.56,569.56,-0.01,63.37,35534.58,-1
2025-11-09,2025-11-09 12:48:00,569.56,569.56,569.49,569.49,-0.01,63.37,35534.58,-1
2025-11-09,2025-11-09 12:49:00,569.49,569.49,569.42,569.42,-0.01,63.37,35534.58,-1
2025-11-09,2025-11-09 12:50:00,569.42,569.42,569.35,569.35,-0.01,63.37,35534.58,-1
2025-11-09,2025-11-09 12:51:00,569.35,569.35,569.27,569.27,-0.01,63.37,35534.58,-1
2025-11-09,2025-11-09 12:52:00,569.27,569.27,569.2,569.2,-0.01,63.37,35534.58,-1
2025-11-09,2025-11-09 12:53:00,569.2,569.2,569.13,569.13,-0.01,63.37,35534.58,-1
2025-11-09,2025-11-09 12:54:00,569.13,569.13,569.06,569.06,-0.01,63.37,35534.58,-1
2025-11-09,2025-11-09 12:55:00,569.06,569.06,568.99,568.99,-0.01,63.37,35534.58,-1
2025-11-09,2025-11-09 12:56:00,568.99,568.99,568.91,568.91,-0.01,63.37,35534.58,-1
2025-11-09,2025-11-09 12:57:00,568.91,568.91,568.84,568.84,-0.01,63.37,35534.58,-1
2025-11-09,2025-11-09 12:58:00,568.84,568.84,568.77,568.77,-0.01,63.37,35534.58,-1
2025-11-09,2025-11-09 12:59:00,568.77,568.77,568.7,568.7,-0.01,63.37,35534.58,-1
2025-11-09,2025-11-09 13:00:00,568.7,577.3,554.0,568.63,-0.01,63.37,35534.58,-1
2025-11-09,2025-11-09 13:01:00,568.63,568.63,568.56,568.56,-0.01,63.37,35534.58,-1
2025-11-09,2025-11-09 13:02:00,568.56,568.56,568.49,568.49,-0.01,63.37,35534.58,-1
2025-11-09,2025-11-09 13:03:00,568.49,568.49,568.41,568.41,-0.01,63.37,35534.58,-1
2025-11-09,2025-11-09 13:04:00,568.41,568.41,568.34,568.34,-0.01,63.37,35534.58,-1
2025-11-09,2025-11-09 13:05:00,568.34,568.34,568.27,568.27,-0.01,63.37,35534.58,-1
2025-11-09,2025-11-09 13:06:00,568.27,568.27,568.2,568.2,-0.01,63.37,35534.58,-1
2025-11-09,2025-11-09 13:07:00,568.2,568.2,568.13,568.13,-0.01,63.37,35534.58,-1
2025-11-09,2025-11-09 13:08:00,568.13,568.13,568.05,568.05,-0.01,63.37,35534.58,-1
2025-11-09,2025-11-09 13:09:00,568.05,568.05,567.98,567.98,-0.01,63.37,35534.58,-1
2025-11-09,2025-11-09 13:10:00,567.98,567.98,567.91,567.91,-0.01,63.37,35534.58,-1
2025-11-09,2025-11-09 13:11:00,567.91,567.91,567.84,567.84,-0.01,63.37,35534.58,-1
2025-11-09,2025-11-09 13:12:00,567.84,567.84,567.77,567.77,-0.01,63.37,35534.58,-1
2025-11-09,2025-11-09 13:13:00,567.77,567.77,567.7,567.7,-0.01,63.37,35534.58,-1
2025-11-09,2025-11-09 13:14:00,567.7,567.7,567.62,567.62,-0.01,63.37,35534.58,-1
2025-11-09,2025-11-09 13:15:00,567.62,567.62,567.55,567.55,-0.01,63.37,35534.58,-1
2025-11-09,2025-11-09 13:16:00,567.55,567.55,567.48,567.48,-0.01,63.37,35534.58,-1
2025-11-09,2025-11-09 13:17:00,567.48,567.48,567.41,567.41,-0.01,63.37,35534.58,-1
2025-11-09,2025-11-09 13:18:00,567.41,567.41,567.34,567.34,-0.01,63.37,35534.58,-1
2025-11-09,2025-11-09 13:19:00,567.34,567.34,567.27,567.27,-0.01,63.37,35534.58,-1
2025-11-09,2025-11-09 13:20:00,567.27,567.27,567.2,567.2,-0.01,63.37,35534.58,-1
2025-11-09,2025-11-09 13:21:00,567.2,567.2,567.12,567.12,-0.01,63.37,35534.58,-1
2025-11-09,2025-11-09 13:22:00,567.12,567.12,567.05,567.05,-0.01,63.37,35534.58,-1
2025-11-09,2025-11-09 13:23:00,567.05,567.05,566.98,566.98,-0.01,63.37,35534.58,-1
2025-11-09,2025-11-09 13:24:00,566.98,566.98,566.91,566.91,-0.01,63.37,35534.58,-1
2025-11-09,2025-11-09 13:25:00,566.91,566.91,566.84,566.84,-0.01,63.37,35534.58,-1
2025-11-09,2025-11-09 13:26:00,566.84,566.84,566.76,566.76,-0.01,63.37,35534.58,-1
2025-11-09,2025-11-09 13:27:00,566.76,566.76,566.69,566.69,-0.01,63.37,35534.58,-1
2025-11-09,2025-11-09 13:28:00,566.69,566.69,566.62,566.62,-0.01,63.37,35534.58,-1
2025-11-09,2025-11-09 13:29:00,566.62,566.62,566.55,566.55,-0.01,63.37,35534.58,-1
2025-11-09,2025-11-09 13:30:00,566.55,566.55,566.48,566.48,-0.01,63.37,35534.58,-1
2025-11-09,2025-11-09 13:31:00,566.48,566.48,566.41,566.41,-0.01,63.37,35534.58,-1
2025-11-09,2025-11-09 13:32:00,566.41,566.41,566.34,566.34,-0.01,63.37,35534.58,-1
2025-11-09,2025-11-09 13:33:00,566.34,566.34,566.26,566.26,-0.01,63.37,35534.58,-1
2025-11-09,2025-11-09 13:34:00,566.26,566.26,566.19,566.19,-0.01,63.37,35534.58,-1
2025-11-09,2025-11-09 13:35:00,566.19,566.19,566.12,566.12,-0.01,63.37,35534.58,-1
2025-11-09,2025-11-09 13:36:00,566.12,566.12,566.05,566.05,-0.01,63.37,35534.58,-1
2025-11-09,2025-11-09 13:37:00,566.05,566.05,565.98,565.98,-0.01,63.37,35534.58,-1
2025-11-09,2025-11-09 13:38:00,565.98,565.98,565.9,565.9,-0.01,63.37,35534.58,-1
2025-11-09,2025-11-09 13:39:00,565.9,565.9,565.83,565.83,-0.01,63.37,35534.58,-1
2025-11-09,2025-11-09 13:40:00,565.83,565.83,565.76,565.76,-0.01,63.37,35534.58,-1
2025-11-09,2025-11-09 13:41:00,565.76,565.76,565.69,565.69,-0.01,63.37,35534.58,-1
2025-11-09,2025-11-09 13:42:00,565.69,565.69,565.62,565.62,-0.01,63.37,35534.58,-1
2025-11-09,2025-11-09 13:43:00,565.62,565.62,565.55,565.55,-0.01,63.37,35534.58,-1
2025-11-09,2025-11-09 13:44:00,565.55,565.55,565.48,565.48,-0.01,63.37,35534.58,-1
2025-11-09,2025-11-09 13:45:00,565.48,565.48,565.4,565.4,-0.01,63.37,35534.58,-1
2025-11-09,2025-11-09 13:46:00,565.4,565.4,565.33,565.33,-0.01,63.37,35534.58,-1
2025-11-09,2025-11-09 13:47:00,565.33,565.33,565.26,565.26,-0.01,63.37,35534.58,-1
2025-11-09,2025-11-09 13:48:00,565.26,565.26,565.19,565.19,-0.01,63.37,35534.58,-1
2025-11-09,2025-11-09 13:49:00,565.19,565.19,565.12,565.12,-0.01,63.37,35534.58,-1
2025-11-09,2025-11-09 13:50:00,565.12,565.12,565.04,565.04,-0.01,63.37,35534.58,-1
2025-11-09,2025-11-09 13:51:00,565.04,565.04,564.97,564.97,-0.01,63.37,35534.58,-1
2025-11-09,2025-11-09 13:52:00,564.97,564.97,564.9,564.9,-0.01,63.37,35534.58,-1
2025-11-09,2025-11-09 13:53:00,564.9,564.9,564.83,564.83,-0.01,63.37,35534.58,-1
2025-11-09,2025-11-09 13:54:00,564.83,564.83,564.76,564.76,-0.01,63.37,35534.58,-1
2025-11-09,2025-11-09 13:55:00,564.76,564.76,564.69,564.69,-0.01,63.37,35534.58,-1
2025-11-09,2025-11-09 13:56:00,564.69,564.69,564.62,564.62,-0.01,63.37,35534.58,-1
2025-11-09,2025-11-09 13:57:00,564.62,564.62,564.54,564.54,-0.01,63.37,35534.58,-1
2025-11-09,2025-11-09 13:58:00,564.54,564.54,564.47,564.47,-0.01,63.37,35534.58,-1
2025-11-09,2025-11-09 13:59:00,564.47,564.47,564.4,564.4,-0.01,63.37,35534.58,-1
2025-11-09,2025-11-09 14:00:00,564.4,564.4,564.33,564.33,-0.01,63.37,35534.58,-1
2025-11-09,2025-11-09 14:01:00,564.33,564.33,564.26,564.26,-0.01,63.37,35534.58,-1
2025-11-09,2025-11-09 14:02:00,564.26,564.26,564.19,564.19,-0.01,63.37,35534.58,-1
2025-11-09,2025-11-09 14:03:00,564.19,564.19,564.11,564.11,-0.01,63.37,35534.58,-1
2025-11-09,2025-11-09 14:04:00,564.11,564.11,564.04,564.04,-0.01,63.37,35534.58,-1
2025-11-09,2025-11-09 14:05:00,564.04,564.04,563.97,563.97,-0.01,63.37,35534.58,-1
2025-11-09,2025-11-09 14:06:00,563.97,563.97,563.9,563.9,-0.01,63.37,35534.58,-1
2025-11-09,2025-11-09 14:07:00,563.9,563.9,563.83,563.83,-0.01,63.37,35534.58,-1
2025-11-09,2025-11-09 14:08:00,563.83,563.83,563.75,563.75,-0.01,63.37,35534.58,-1
2025-11-09,2025-11-09 14:09:00,563.75,563.75,563.68,563.68,-0.01,63.37,35534.58,-1
2025-11-09,2025-11-09 14:10:00,563.68,563.68,563.61,563.61,-0.01,63.37,35534.58,-1
2025-11-09,2025-11-09 14:11:00,563.61,563.61,563.54,563.54,-0.01,63.37,35534.58,-1
2025-11-09,2025-11-09 14:12:00,563.54,563.54,563.47,563.47,-0.01,63.37,35534.58,-1
2025-11-09,2025-11-09 14:13:00,563.47,563.47,563.4,563.4,-0.01,63.37,35534.58,-1
2025-11-09,2025-11-09 14:14:00,563.4,563.4,563.33,563.33,-0.01,63.37,35534.58,-1
2025-11-09,2025-11-09 14:15:00,563.33,563.33,563.25,563.25,-0.01,63.37,35534.58,-1
2025-11-09,2025-11-09 14:16:00,563.25,563.25,563.18,563.18,-0.01,63.37,35534.58,-1
2025-11-09,2025-11-09 14:17:00,563.18,563.18,563.11,563.11,-0.01,63.37,35534.58,-1
2025-11-09,2025-11-09 14:18:00,563.11,563.11,563.04,563.04,-0.01,63.37,35534.58,-1
2025-11-09,2025-11-09 14:19:00,563.04,563.04,562.97,562.97,-0.01,63.37,35534.58,-1
2025-11-09,2025-11-09 14:20:00,562.97,562.97,562.89,562.89,-0.01,63.37,35534.58,-1
2025-11-09,2025-11-09 14:21:00,562.89,562.89,562.82,562.82,-0.01,63.37,35534.58,-1
2025-11-09,2025-11-09 14:22:00,562.82,562.82,562.75,562.75,-0.01,63.37,35534.58,-1
2025-11-09,2025-11-09 14:23:00,562.75,562.75,562.68,562.68,-0.01,63.37,35534.58,-1
2025-11-09,2025-11-09 14:24:00,562.68,562.68,562.61,562.61,-0.01,63.37,35534.58,-1
2025-11-09,2025-11-09 14:25:00,562.61,562.61,562.54,562.54,-0.01,63.37,35534.58,-1
2025-11-09,2025-11-09 14:26:00,562.54,562.54,562.47,562.47,-0.01,63.37,35534.58,-1
2025-11-09,2025-11-09 14:27:00,562.47,562.47,562.39,562.39,-0.01,63.37,35534.58,-1
2025-11-09,2025-11-09 14:28:00,562.39,562.39,562.32,562.32,-0.01,63.37,35534.58,-1
2025-11-09,2025-11-09 14:29:00,562.32,562.32,562.25,562.25,-0.01,63.37,35534.58,-1
2025-11-09,2025-11-09 14:30:00,562.25,562.25,562.18,562.18,-0.01,63.37,35534.58,-1
2025-11-09,2025-11-09 14:31:00,562.18,562.18,562.11,562.11,-0.01,63.37,35534.58,-1
2025-11-09,2025-11-09 14:32:00,562.11,562.11,562.03,562.03,-0.01,63.37,35534.58,-1
2025-11-09,2025-11-09 14:33:00,562.03,562.03,561.96,561.96,-0.01,63.37,35534.58,-1
2025-11-09,2025-11-09 14:34:00,561.96,561.96,561.89,561.89,-0.01,63.37,35534.58,-1
2025-11-09,2025-11-09 14:35:00,561.89,561.89,561.82,561.82,-0.01,63.37,35534.58,-1
2025-11-09,2025-11-09 14:36:00,561.82,561.82,561.75,561.75,-0.01,63.37,35534.58,-1
2025-11-09,2025-11-09 14:37:00,561.75,561.75,561.68,561.68,-0.01,63.37,35534.58,-1
2025-11-09,2025-11-09 14:38:00,561.68,561.68,561.61,561.61,-0.01,63.37,35534.58,-1
2025-11-09,2025-11-09 14:39:00,561.61,561.61,561.53,561.53,-0.01,63.37,35534.58,-1
2025-11-09,2025-11-09 14:40:00,561.53,561.53,561.46,561.46,-0.01,63.37,35534.58,-1
2025-11-09,2025-11-09 14:41:00,561.46,561.46,561.39,561.39,-0.01,63.37,35534.58,-1
2025-11-09,2025-11-09 14:42:00,561.39,561.39,561.32,561.32,-0.01,63.37,35534.58,-1
2025-11-09,2025-11-09 14:43:00,561.32,561.32,561.25,561.25,-0.01,63.37,35534.58,-1
2025-11-09,2025-11-09 14:44:00,561.25,561.25,561.18,561.18,-0.01,63.37,35534.58,-1
2025-11-09,2025-11-09 14:45:00,561.18,561.18,561.1,561.1,-0.01,63.37,35534.58,-1
2025-11-09,2025-11-09 14:46:00,561.1,561.1,561.03,561.03,-0.01,63.37,35534.58,-1
2025-11-09,2025-11-09 14:47:00,561.03,561.03,560.96,560.96,-0.01,63.37,35534.58,-1
2025-11-09,2025-11-09 14:48:00,560.96,560.96,560.89,560.89,-0.01,63.37,35534.58,-1
2025-11-09,2025-11-09 14:49:00,560.89,560.89,560.82,560.82,-0.01,63.37,35534.58,-1
2025-11-09,2025-11-09 14:50:00,560.82,560.82,560.75,560.75,-0.01,63.37,35534.58,-1
2025-11-09,2025-11-09 14:51:00,560.75,560.75,560.67,560.67,-0.01,63.37,35534.58,-1
2025-11-09,2025-11-09 14:52:00,560.67,560.67,560.6,560.6,-0.01,63.37,35534.58,-1
2025-11-09,2025-11-09 14:53:00,560.6,560.6,560.53,560.53,-0.01,63.37,35534.58,-1
2025-11-09,2025-11-09 14:54:00,560.53,560.53,560.46,560.46,-0.01,63.37,35534.58,-1
2025-11-09,2025-11-09 14:55:00,560.46,560.46,560.39,560.39,-0.01,63.37,35534.58,-1
2025-11-09,2025-11-09 14:56:00,560.39,560.39,560.32,560.32,-0.01,63.37,35534.58,-1
2025-11-09,2025-11-09 14:57:00,560.32,560.32,560.24,560.24,-0.01,63.37,35534.58,-1
2025-11-09,2025-11-09 14:58:00,560.24,560.24,560.17,560.17,-0.01,63.37,35534.58,-1
2025-11-09,2025-11-09 14:59:00,560.17,560.17,560.1,560.1,-0.01,63.37,35534.58,-1
2025-11-09,2025-11-09 15:00:00,560.1,577.3,554.0,560.1,0.0,63.37,35534.58,0
2025-11-10,2025-11-10 11:00:00,570.0,580.8,567.03,570.15,0.03,275.27,162443.75,1
2025-11-10,2025-11-10 11:01:00,570.15,570.29,570.15,570.29,0.02,275.27,162443.75,1
2025-11-10,2025-11-10 11:02:00,570.29,570.44,570.29,570.44,0.03,275.27,162443.75,1
2025-11-10,2025-11-10 11:03:00,570.44,570.58,570.44,570.58,0.02,275.27,162443.75,1
2025-11-10,2025-11-10 11:04:00,570.58,570.73,570.58,570.73,0.03,275.27,162443.75,1
2025-11-10,2025-11-10 11:05:00,570.73,570.88,570.73,570.88,0.03,275.27,162443.75,1
2025-11-10,2025-11-10 11:06:00,570.88,571.02,570.88,571.02,0.02,275.27,162443.75,1
2025-11-10,2025-11-10 11:07:00,571.02,571.17,571.02,571.17,0.03,275.27,162443.75,1
2025-11-10,2025-11-10 11:08:00,571.17,571.31,571.17,571.31,0.02,275.27,162443.75,1
2025-11-10,2025-11-10 11:09:00,571.31,571.46,571.31,571.46,0.03,275.27,162443.75,1
2025-11-10,2025-11-10 11:10:00,571.46,571.6,571.46,571.6,0.02,275.27,162443.75,1
2025-11-10,2025-11-10 11:11:00,571.6,571.75,571.6,571.75,0.03,275.27,162443.75,1
2025-11-10,2025-11-10 11:12:00,571.75,571.9,571.75,571.9,0.03,275.27,162443.75,1
2025-11-10,2025-11-10 11:13:00,571.9,572.04,571.9,572.04,0.02,275.27,162443.75,1
2025-11-10,2025-11-10 11:14:00,572.04,572.19,572.04,572.19,0.03,275.27,162443.75,1
2025-11-10,2025-11-10 11:15:00,572.19,572.33,572.19,572.33,0.02,275.27,162443.75,1
2025-11-10,2025-11-10 11:16:00,572.33,572.48,572.33,572.48,0.03,275.27,162443.75,1
2025-11-10,2025-11-10 11:17:00,572.48,572.62,572.48,572.62,0.02,275.27,162443.75,1
2025-11-10,2025-11-10 11:18:00,572.62,572.77,572.62,572.77,0.03,275.27,162443.75,1
2025-11-10,2025-11-10 11:19:00,572.77,572.92,572.77,572.92,0.03,275.27,162443.75,1
2025-11-10,2025-11-10 11:20:00,572.92,573.06,572.92,573.06,0.02,275.27,162443.75,1
2025-11-10,2025-11-10 11:21:00,573.06,573.21,573.06,573.21,0.03,275.27,162443.75,1
2025-11-10,2025-11-10 11:22:00,573.21,573.35,573.21,573.35,0.02,275.27,162443.75,1
2025-11-10,2025-11-10 11:23:00,573.35,573.5,573.35,573.5,0.03,275.27,162443.75,1
2025-11-10,2025-11-10 11:24:00,573.5,573.65,573.5,573.65,0.03,275.27,162443.75,1
2025-11-10,2025-11-10 11:25:00,573.65,573.79,573.65,573.79,0.02,275.27,162443.75,1
2025-11-10,2025-11-10 11:26:00,573.79,573.94,573.79,573.94,0.03,275.27,162443.75,1
2025-11-10,2025-11-10 11:27:00,573.94,574.08,573.94,574.08,0.02,275.27,162443.75,1
2025-11-10,2025-11-10 11:28:00,574.08,574.23,574.08,574.23,0.03,275.27,162443.75,1
2025-11-10,2025-11-10 11:29:00,574.23,574.38,574.23,574.38,0.03,275.27,162443.75,1
2025-11-10,2025-11-10 11:30:00,574.38,574.52,574.38,574.52,0.02,275.27,162443.75,1
2025-11-10,2025-11-10 11:31:00,574.52,574.67,574.52,574.67,0.03,275.27,162443.75,1
2025-11-10,2025-11-10 11:32:00,574.67,574.81,574.67,574.81,0.02,275.27,162443.75,1
2025-11-10,2025-11-10 11:33:00,574.81,574.96,574.81,574.96,0.03,275.27,162443.75,1
2025-11-10,2025-11-10 11:34:00,574.96,575.1,574.96,575.1,0.02,275.27,162443.75,1
2025-11-10,2025-11-10 11:35:00,575.1,575.25,575.1,575.25,0.03,275.27,162443.75,1
2025-11-10,2025-11-10 11:36:00,575.25,575.4,575.25,575.4,0.03,275.27,162443.75,1
2025-11-10,2025-11-10 11:37:00,575.4,575.54,575.4,575.54,0.02,275.27,162443.75,1
2025-11-10,2025-11-10 11:38:00,575.54,575.69,575.54,575.69,0.03,275.27,162443.75,1
2025-11-10,2025-11-10 11:39:00,575.69,575.83,575.69,575.83,0.02,275.27,162443.75,1
2025-11-10,2025-11-10 11:40:00,575.83,575.98,575.83,575.98,0.03,275.27,162443.75,1
2025-11-10,2025-11-10 11:41:00,575.98,576.12,575.98,576.12,0.02,275.27,162443.75,1
2025-11-10,2025-11-10 11:42:00,576.12,576.27,576.12,576.27,0.03,275.27,162443.75,1
2025-11-10,2025-11-10 11:43:00,576.27,576.42,576.27,576.42,0.03,275.27,162443.75,1
2025-11-10,2025-11-10 11:44:00,576.42,576.56,576.42,576.56,0.02,275.27,162443.75,1
2025-11-10,2025-11-10 11:45:00,576.56,576.71,576.56,576.71,0.03,275.27,162443.75,1
2025-11-10,2025-11-10 11:46:00,576.71,576.85,576.71,576.85,0.02,275.27,162443.75,1
2025-11-10,2025-11-10 11:47:00,576.85,577.0,576.85,577.0,0.03,275.27,162443.75,1
2025-11-10,2025-11-10 11:48:00,577.0,577.15,577.0,577.15,0.03,275.27,162443.75,1
2025-11-10,2025-11-10 11:49:00,577.15,577.29,577.15,577.29,0.02,275.27,162443.75,1
2025-11-10,2025-11-10 11:50:00,577.29,577.44,577.29,577.44,0.03,275.27,162443.75,1
2025-11-10,2025-11-10 11:51:00,577.44,577.58,577.44,577.58,0.02,275.27,162443.75,1
2025-11-10,2025-11-10 11:52:00,577.58,577.73,577.58,577.73,0.03,275.27,162443.75,1
2025-11-10,2025-11-10 11:53:00,577.73,577.88,577.73,577.88,0.03,275.27,162443.75,1
2025-11-10,2025-11-10 11:54:00,577.88,578.02,577.88,578.02,0.02,275.27,162443.75,1
2025-11-10,2025-11-10 11:55:00,578.02,578.17,578.02,578.17,0.03,275.27,162443.75,1
2025-11-10,2025-11-10 11:56:00,578.17,578.31,578.17,578.31,0.02,275.27,162443.75,1
2025-11-10,2025-11-10 11:57:00,578.31,578.46,578.31,578.46,0.03,275.27,162443.75,1
2025-11-10,2025-11-10 11:58:00,578.46,578.6,578.46,578.6,0.02,275.27,162443.75,1
2025-11-10,2025-11-10 11:59:00,578.6,578.75,578.6,578.75,0.03,275.27,162443.75,1
2025-11-10,2025-11-10 12:00:00,578.75,578.9,578.75,578.9,0.03,275.27,162443.75,1
2025-11-10,2025-11-10 12:01:00,578.9,579.04,578.9,579.04,0.02,275.27,162443.75,1
2025-11-10,2025-11-10 12:02:00,579.04,579.19,579.04,579.19,0.03,275.27,162443.75,1
2025-11-10,2025-11-10 12:03:00,579.19,579.33,579.19,579.33,0.02,275.27,162443.75,1
2025-11-10,2025-11-10 12:04:00,579.33,579.48,579.33,579.48,0.03,275.27,162443.75,1
2025-11-10,2025-11-10 12:05:00,579.48,579.62,579.48,579.62,0.02,275.27,162443.75,1
2025-11-10,2025-11-10 12:06:00,579.62,579.77,579.62,579.77,0.03,275.27,162443.75,1
2025-11-10,2025-11-10 12:07:00,579.77,579.92,579.77,579.92,0.03,275.27,162443.75,1
2025-11-10,2025-11-10 12:08:00,579.92,580.06,579.92,580.06,0.02,275.27,162443.75,1
2025-11-10,2025-11-10 12:09:00,580.06,580.21,580.06,580.21,0.03,275.27,162443.75,1
2025-11-10,2025-11-10 12:10:00,580.21,580.35,580.21,580.35,0.02,275.27,162443.75,1
2025-11-10,2025-11-10 12:11:00,580.35,580.5,580.35,580.5,0.03,275.27,162443.75,1
2025-11-10,2025-11-10 12:12:00,580.5,580.65,580.5,580.65,0.03,275.27,162443.75,1
2025-11-10,2025-11-10 12:13:00,580.65,580.79,580.65,580.79,0.02,275.27,162443.75,1
2025-11-10,2025-11-10 12:14:00,580.79,580.94,580.79,580.94,0.03,275.27,162443.75,1
2025-11-10,2025-11-10 12:15:00,580.94,581.08,580.94,581.08,0.02,275.27,162443.75,1
2025-11-10,2025-11-10 12:16:00,581.08,581.23,581.08,581.23,0.03,275.27,162443.75,1
2025-11-10,2025-11-10 12:17:00,581.23,581.38,581.23,581.38,0.03,275.27,162443.75,1
2025-11-10,2025-11-10 12:18:00,581.38,581.52,581.38,581.52,0.02,275.27,162443.75,1
2025-11-10,2025-11-10 12:19:00,581.52,581.67,581.52,581.67,0.03,275.27,162443.75,1
2025-11-10,2025-11-10 12:20:00,581.67,581.81,581.67,581.81,0.02,275.27,162443.75,1
2025-11-10,2025-11-10 12:21:00,581.81,581.96,581.81,581.96,0.03,275.27,162443.75,1
2025-11-10,2025-11-10 12:22:00,581.96,582.1,581.96,582.1,0.02,275.27,162443.75,1
2025-11-10,2025-11-10 12:23:00,582.1,582.25,582.1,582.25,0.03,275.27,162443.75,1
2025-11-10,2025-11-10 12:24:00,582.25,582.4,582.25,582.4,0.03,275.27,162443.75,1
2025-11-10,2025-11-10 12:25:00,582.4,582.54,582.4,582.54,0.02,275.27,162443.75,1
2025-11-10,2025-11-10 12:26:00,582.54,582.69,582.54,582.69,0.03,275.27,162443.75,1
2025-11-10,2025-11-10 12:27:00,582.69,582.83,582.69,582.83,0.02,275.27,162443.75,1
2025-11-10,2025-11-10 12:28:00,582.83,582.98,582.83,582.98,0.03,275.27,162443.75,1
2025-11-10,2025-11-10 12:29:00,582.98,583.12,582.98,583.12,0.02,275.27,162443.75,1
2025-11-10,2025-11-10 12:30:00,583.12,583.27,583.12,583.27,0.03,275.27,162443.75,1
2025-11-10,2025-11-10 12:31:00,583.27,583.42,583.27,583.42,0.03,275.27,162443.75,1
2025-11-10,2025-11-10 12:32:00,583.42,583.56,583.42,583.56,0.02,275.27,162443.75,1
2025-11-10,2025-11-10 12:33:00,583.56,583.71,583.56,583.71,0.03,275.27,162443.75,1
2025-11-10,2025-11-10 12:34:00,583.71,583.85,583.71,583.85,0.02,275.27,162443.75,1
2025-11-10,2025-11-10 12:35:00,583.85,584.0,583.85,584.0,0.03,275.27,162443.75,1
2025-11-10,2025-11-10 12:36:00,584.0,584.15,584.0,584.15,0.03,275.27,162443.75,1
2025-11-10,2025-11-10 12:37:00,584.15,584.29,584.15,584.29,0.02,275.27,162443.75,1
2025-11-10,2025-11-10 12:38:00,584.29,584.44,584.29,584.44,0.03,275.27,162443.75,1
2025-11-10,2025-11-10 12:39:00,584.44,584.58,584.44,584.58,0.02,275.27,162443.75,1
2025-11-10,2025-11-10 12:40:00,584.58,584.73,584.58,584.73,0.03,275.27,162443.75,1
2025-11-10,2025-11-10 12:41:00,584.73,584.88,584.73,584.88,0.03,275.27,162443.75,1
2025-11-10,2025-11-10 12:42:00,584.88,585.02,584.88,585.02,0.02,275.27,162443.75,1
2025-11-10,2025-11-10 12:43:00,585.02,585.17,585.02,585.17,0.03,275.27,162443.75,1
2025-11-10,2025-11-10 12:44:00,585.17,585.31,585.17,585.31,0.02,275.27,162443.75,1
2025-11-10,2025-11-10 12:45:00,585.31,585.46,585.31,585.46,0.03,275.27,162443.75,1
2025-11-10,2025-11-10 12:46:00,585.46,585.6,585.46,585.6,0.02,275.27,162443.75,1
2025-11-10,2025-11-10 12:47:00,585.6,585.75,585.6,585.75,0.03,275.27,162443.75,1
2025-11-10,2025-11-10 12:48:00,585.75,585.9,585.75,585.9,0.03,275.27,162443.75,1
2025-11-10,2025-11-10 12:49:00,585.9,586.04,585.9,586.04,0.02,275.27,162443.75,1
2025-11-10,2025-11-10 12:50:00,586.04,586.19,586.04,586.19,0.03,275.27,162443.75,1
2025-11-10,2025-11-10 12:51:00,586.19,586.33,586.19,586.33,0.02,275.27,162443.75,1
2025-11-10,2025-11-10 12:52:00,586.33,586.48,586.33,586.48,0.03,275.27,162443.75,1
2025-11-10,2025-11-10 12:53:00,586.48,586.62,586.48,586.62,0.02,275.27,162443.75,1
2025-11-10,2025-11-10 12:54:00,586.62,586.77,586.62,586.77,0.03,275.27,162443.75,1
2025-11-10,2025-11-10 12:55:00,586.77,586.92,586.77,586.92,0.03,275.27,162443.75,1
2025-11-10,2025-11-10 12:56:00,586.92,587.06,586.92,587.06,0.02,275.27,162443.75,1
2025-11-10,2025-11-10 12:57:00,587.06,587.21,587.06,587.21,0.03,275.27,162443.75,1
2025-11-10,2025-11-10 12:58:00,587.21,587.35,587.21,587.35,0.02,275.27,162443.75,1
2025-11-10,2025-11-10 12:59:00,587.35,587.5,587.35,587.5,0.03,275.27,162443.75,1
2025-11-10,2025-11-10 13:00:00,587.5,606.0,560.1,587.65,0.03,275.27,162443.75,1
2025-11-10,2025-11-10 13:01:00,587.65,587.79,587.65,587.79,0.02,275.27,162443.75,1
2025-11-10,2025-11-10 13:02:00,587.79,587.94,587.79,587.94,0.03,275.27,162443.75,1
2025-11-10,2025-11-10 13:03:00,587.94,588.08,587.94,588.08,0.02,275.27,162443.75,1
2025-11-10,2025-11-10 13:04:00,588.08,588.23,588.08,588.23,0.03,275.27,162443.75,1
2025-11-10,2025-11-10 13:05:00,588.23,588.38,588.23,588.38,0.03,275.27,162443.75,1
2025-11-10,2025-11-10 13:06:00,588.38,588.52,588.38,588.52,0.02,275.27,162443.75,1
2025-11-10,2025-11-10 13:07:00,588.52,588.67,588.52,588.67,0.03,275.27,162443.75,1
2025-11-10,2025-11-10 13:08:00,588.67,588.81,588.67,588.81,0.02,275.27,162443.75,1
2025-11-10,2025-11-10 13:09:00,588.81,588.96,588.81,588.96,0.03,275.27,162443.75,1
2025-11-10,2025-11-10 13:10:00,588.96,589.1,588.96,589.1,0.02,275.27,162443.75,1
2025-11-10,2025-11-10 13:11:00,589.1,589.25,589.1,589.25,0.03,275.27,162443.75,1
2025-11-10,2025-11-10 13:12:00,589.25,589.4,589.25,589.4,0.03,275.27,162443.75,1
2025-11-10,2025-11-10 13:13:00,589.4,589.54,589.4,589.54,0.02,275.27,162443.75,1
2025-11-10,2025-11-10 13:14:00,589.54,589.69,589.54,589.69,0.03,275.27,162443.75,1
2025-11-10,2025-11-10 13:15:00,589.69,589.83,589.69,589.83,0.02,275.27,162443.75,1
2025-11-10,2025-11-10 13:16:00,589.83,589.98,589.83,589.98,0.03,275.27,162443.75,1
2025-11-10,2025-11-10 13:17:00,589.98,590.12,589.98,590.12,0.02,275.27,162443.75,1
2025-11-10,2025-11-10 13:18:00,590.12,590.27,590.12,590.27,0.03,275.27,162443.75,1
2025-11-10,2025-11-10 13:19:00,590.27,590.42,590.27,590.42,0.03,275.27,162443.75,1
2025-11-10,2025-11-10 13:20:00,590.42,590.56,590.42,590.56,0.02,275.27,162443.75,1
2025-11-10,2025-11-10 13:21:00,590.56,590.71,590.56,590.71,0.03,275.27,162443.75,1
2025-11-10,2025-11-10 13:22:00,590.71,590.85,590.71,590.85,0.02,275.27,162443.75,1
2025-11-10,2025-11-10 13:23:00,590.85,591.0,590.85,591.0,0.03,275.27,162443.75,1
2025-11-10,2025-11-10 13:24:00,591.0,591.15,591.0,591.15,0.03,275.27,162443.75,1
2025-11-10,2025-11-10 13:25:00,591.15,591.29,591.15,591.29,0.02,275.27,162443.75,1
2025-11-10,2025-11-10 13:26:00,591.29,591.44,591.29,591.44,0.03,275.27,162443.75,1
2025-11-10,2025-11-10 13:27:00,591.44,591.58,591.44,591.58,0.02,275.27,162443.75,1
2025-11-10,2025-11-10 13:28:00,591.58,591.73,591.58,591.73,0.03,275.27,162443.75,1
2025-11-10,2025-11-10 13:29:00,591.73,591.88,591.73,591.88,0.03,275.27,162443.75,1
2025-11-10,2025-11-10 13:30:00,591.88,592.02,591.88,592.02,0.02,275.27,162443.75,1
2025-11-10,2025-11-10 13:31:00,592.02,592.17,592.02,592.17,0.03,275.27,162443.75,1
2025-11-10,2025-11-10 13:32:00,592.17,592.31,592.17,592.31,0.02,275.27,162443.75,1
2025-11-10,2025-11-10 13:33:00,592.31,592.46,592.31,592.46,0.03,275.27,162443.75,1
2025-11-10,2025-11-10 13:34:00,592.46,592.6,592.46,592.6,0.02,275.27,162443.75,1
2025-11-10,2025-11-10 13:35:00,592.6,592.75,592.6,592.75,0.03,275.27,162443.75,1
2025-11-10,2025-11-10 13:36:00,592.75,592.9,592.75,592.9,0.03,275.27,162443.75,1
2025-11-10,2025-11-10 13:37:00,592.9,593.04,592.9,593.04,0.02,275.27,162443.75,1
2025-11-10,2025-11-10 13:38:00,593.04,593.19,593.04,593.19,0.03,275.27,162443.75,1
2025-11-10,2025-11-10 13:39:00,593.19,593.33,593.19,593.33,0.02,275.27,162443.75,1
2025-11-10,2025-11-10 13:40:00,593.33,593.48,593.33,593.48,0.03,275.27,162443.75,1
2025-11-10,2025-11-10 13:41:00,593.48,593.62,593.48,593.62,0.02,275.27,162443.75,1
2025-11-10,2025-11-10 13:42:00,593.62,593.77,593.62,593.77,0.03,275.27,162443.75,1
2025-11-10,2025-11-10 13:43:00,593.77,593.92,593.77,593.92,0.03,275.27,162443.75,1
2025-11-10,2025-11-10 13:44:00,593.92,594.06,593.92,594.06,0.02,275.27,162443.75,1
2025-11-10,2025-11-10 13:45:00,594.06,594.21,594.06,594.21,0.03,275.27,162443.75,1
2025-11-10,2025-11-10 13:46:00,594.21,594.35,594.21,594.35,0.02,275.27,162443.75,1
2025-11-10,2025-11-10 13:47:00,594.35,594.5,594.35,594.5,0.03,275.27,162443.75,1
2025-11-10,2025-11-10 13:48:00,594.5,594.65,594.5,594.65,0.03,275.27,162443.75,1
2025-11-10,2025-11-10 13:49:00,594.65,594.79,594.65,594.79,0.02,275.27,162443.75,1
2025-11-10,2025-11-10 13:50:00,594.79,594.94,594.79,594.94,0.03,275.27,162443.75,1
2025-11-10,2025-11-10 13:51:00,594.94,595.08,594.94,595.08,0.02,275.27,162443.75,1
2025-11-10,2025-11-10 13:52:00,595.08,595.23,595.08,595.23,0.03,275.27,162443.75,1
2025-11-10,2025-11-10 13:53:00,595.23,595.38,595.23,595.38,0.03,275.27,162443.75,1
2025-11-10,2025-11-10 13:54:00,595.38,595.52,595.38,595.52,0.02,275.27,162443.75,1
2025-11-10,2025-11-10 13:55:00,595.52,595.67,595.52,595.67,0.03,275.27,162443.75,1
2025-11-10,2025-11-10 13:56:00,595.67,595.81,595.67,595.81,0.02,275.27,162443.75,1
2025-11-10,2025-11-10 13:57:00,595.81,595.96,595.81,595.96,0.03,275.27,162443.75,1
2025-11-10,2025-11-10 13:58:00,595.96,596.1,595.96,596.1,0.02,275.27,162443.75,1
2025-11-10,2025-11-10 13:59:00,596.1,596.25,596.1,596.25,0.03,275.27,162443.75,1
2025-11-10,2025-11-10 14:00:00,596.25,596.4,596.25,596.4,0.03,275.27,162443.75,1
2025-11-10,2025-11-10 14:01:00,596.4,596.54,596.4,596.54,0.02,275.27,162443.75,1
2025-11-10,2025-11-10 14:02:00,596.54,596.69,596.54,596.69,0.03,275.27,162443.75,1
2025-11-10,2025-11-10 14:03:00,596.69,596.83,596.69,596.83,0.02,275.27,162443.75,1
2025-11-10,2025-11-10 14:04:00,596.83,596.98,596.83,596.98,0.03,275.27,162443.75,1
2025-11-10,2025-11-10 14:05:00,596.98,597.12,596.98,597.12,0.02,275.27,162443.75,1
2025-11-10,2025-11-10 14:06:00,597.12,597.27,597.12,597.27,0.03,275.27,162443.75,1
2025-11-10,2025-11-10 14:07:00,597.27,597.42,597.27,597.42,0.03,275.27,162443.75,1
2025-11-10,2025-11-10 14:08:00,597.42,597.56,597.42,597.56,0.02,275.27,162443.75,1
2025-11-10,2025-11-10 14:09:00,597.56,597.71,597.56,597.71,0.03,275.27,162443.75,1
2025-11-10,2025-11-10 14:10:00,597.71,597.85,597.71,597.85,0.02,275.27,162443.75,1
2025-11-10,2025-11-10 14:11:00,597.85,598.0,597.85,598.0,0.03,275.27,162443.75,1
2025-11-10,2025-11-10 14:12:00,598.0,598.15,598.0,598.15,0.03,275.27,162443.75,1
2025-11-10,2025-11-10 14:13:00,598.15,598.29,598.15,598.29,0.02,275.27,162443.75,1
2025-11-10,2025-11-10 14:14:00,598.29,598.44,598.29,598.44,0.03,275.27,162443.75,1
2025-11-10,2025-11-10 14:15:00,598.44,598.58,598.44,598.58,0.02,275.27,162443.75,1
2025-11-10,2025-11-10 14:16:00,598.58,598.73,598.58,598.73,0.03,275.27,162443.75,1
2025-11-10,2025-11-10 14:17:00,598.73,598.88,598.73,598.88,0.03,275.27,162443.75,1
2025-11-10,2025-11-10 14:18:00,598.88,599.02,598.88,599.02,0.02,275.27,162443.75,1
2025-11-10,2025-11-10 14:19:00,599.02,599.17,599.02,599.17,0.03,275.27,162443.75,1
2025-11-10,2025-11-10 14:20:00,599.17,599.31,599.17,599.31,0.02,275.27,162443.75,1
2025-11-10,2025-11-10 14:21:00,599.31,599.46,599.31,599.46,0.03,275.27,162443.75,1
2025-11-10,2025-11-10 14:22:00,599.46,599.6,599.46,599.6,0.02,275.27,162443.75,1
2025-11-10,2025-11-10 14:23:00,599.6,599.75,599.6,599.75,0.03,275.27,162443.75,1
2025-11-10,2025-11-10 14:24:00,599.75,599.9,599.75,599.9,0.03,275.27,162443.75,1
2025-11-10,2025-11-10 14:25:00,599.9,600.04,599.9,600.04,0.02,275.27,162443.75,1
2025-11-10,2025-11-10 14:26:00,600.04,600.19,600.04,600.19,0.02,275.27,162443.75,1
2025-11-10,2025-11-10 14:27:00,600.19,600.33,600.19,600.33,0.02,275.27,162443.75,1
2025-11-10,2025-11-10 14:28:00,600.33,600.48,600.33,600.48,0.02,275.27,162443.75,1
2025-11-10,2025-11-10 14:29:00,600.48,600.62,600.48,600.62,0.02,275.27,162443.75,1
2025-11-10,2025-11-10 14:30:00,600.62,600.77,600.62,600.77,0.02,275.27,162443.75,1
2025-11-10,2025-11-10 14:31:00,600.77,600.92,600.77,600.92,0.02,275.27,162443.75,1
2025-11-10,2025-11-10 14:32:00,600.92,601.06,600.92,601.06,0.02,275.27,162443.75,1
2025-11-10,2025-11-10 14:33:00,601.06,601.21,601.06,601.21,0.02,275.27,162443.75,1
2025-11-10,2025-11-10 14:34:00,601.21,601.35,601.21,601.35,0.02,275.27,162443.75,1
2025-11-10,2025-11-10 14:35:00,601.35,601.5,601.35,601.5,0.02,275.27,162443.75,1
2025-11-10,2025-11-10 14:36:00,601.5,601.65,601.5,601.65,0.02,275.27,162443.75,1
2025-11-10,2025-11-10 14:37:00,601.65,601.79,601.65,601.79,0.02,275.27,162443.75,1
2025-11-10,2025-11-10 14:38:00,601.79,601.94,601.79,601.94,0.02,275.27,162443.75,1
2025-11-10,2025-11-10 14:39:00,601.94,602.08,601.94,602.08,0.02,275.27,162443.75,1
2025-11-10,2025-11-10 14:40:00,602.08,602.23,602.08,602.23,0.02,275.27,162443.75,1
2025-11-10,2025-11-10 14:41:00,602.23,602.38,602.23,602.38,0.02,275.27,162443.75,1
2025-11-10,2025-11-10 14:42:00,602.38,602.52,602.38,602.52,0.02,275.27,162443.75,1
2025-11-10,2025-11-10 14:43:00,602.52,602.67,602.52,602.67,0.02,275.27,162443.75,1
2025-11-10,2025-11-10 14:44:00,602.67,602.81,602.67,602.81,0.02,275.27,162443.75,1
2025-11-10,2025-11-10 14:45:00,602.81,602.96,602.81,602.96,0.02,275.27,162443.75,1
2025-11-10,2025-11-10 14:46:00,602.96,603.1,602.96,603.1,0.02,275.27,162443.75,1
2025-11-10,2025-11-10 14:47:00,603.1,603.25,603.1,603.25,0.02,275.27,162443.75,1
2025-11-10,2025-11-10 14:48:00,603.25,603.4,603.25,603.4,0.02,275.27,162443.75,1
2025-11-10,2025-11-10 14:49:00,603.4,603.54,603.4,603.54,0.02,275.27,162443.75,1
2025-11-10,2025-11-10 14:50:00,603.54,603.69,603.54,603.69,0.02,275.27,162443.75,1
2025-11-10,2025-11-10 14:51:00,603.69,603.83,603.69,603.83,0.02,275.27,162443.75,1
2025-11-10,2025-11-10 14:52:00,603.83,603.98,603.83,603.98,0.02,275.27,162443.75,1
2025-11-10,2025-11-10 14:53:00,603.98,604.12,603.98,604.12,0.02,275.27,162443.75,1
2025-11-10,2025-11-10 14:54:00,604.12,604.27,604.12,604.27,0.02,275.27,162443.75,1
2025-11-10,2025-11-10 14:55:00,604.27,604.42,604.27,604.42,0.02,275.27,162443.75,1
2025-11-10,2025-11-10 14:56:00,604.42,604.56,604.42,604.56,0.02,275.27,162443.75,1
2025-11-10,2025-11-10 14:57:00,604.56,604.71,604.56,604.71,0.02,275.27,162443.75,1
2025-11-10,2025-11-10 14:58:00,604.71,604.85,604.71,604.85,0.02,275.27,162443.75,1
2025-11-10,2025-11-10 14:59:00,604.85,605.0,604.85,605.0,0.02,275.27,162443.75,1
2025-11-10,2025-11-10 15:00:00,605.0,606.0,560.1,605.0,0.0,275.27,162443.75,0
2025-11-11,2025-11-11 11:00:00,593.0,601.4,592.7,593.11,0.02,111.71,67909.6,1
2025-11-11,2025-11-11 11:01:00,593.11,593.23,593.11,593.23,0.02,111.71,67909.6,1
2025-11-11,2025-11-11 11:02:00,593.23,593.34,593.23,593.34,0.02,111.71,67909.6,1
2025-11-11,2025-11-11 11:03:00,593.34,593.45,593.34,593.45,0.02,111.71,67909.6,1
2025-11-11,2025-11-11 11:04:00,593.45,593.56,593.45,593.56,0.02,111.71,67909.6,1
2025-11-11,2025-11-11 11:05:00,593.56,593.67,593.56,593.67,0.02,111.71,67909.6,1
2025-11-11,2025-11-11 11:06:00,593.67,593.79,593.67,593.79,0.02,111.71,67909.6,1
2025-11-11,2025-11-11 11:07:00,593.79,593.9,593.79,593.9,0.02,111.71,67909.6,1
2025-11-11,2025-11-11 11:08:00,593.9,594.01,593.9,594.01,0.02,111.71,67909.6,1
2025-11-11,2025-11-11 11:09:00,594.01,594.12,594.01,594.12,0.02,111.71,67909.6,1
2025-11-11,2025-11-11 11:10:00,594.12,594.24,594.12,594.24,0.02,111.71,67909.6,1
2025-11-11,2025-11-11 11:11:00,594.24,594.35,594.24,594.35,0.02,111.71,67909.6,1
2025-11-11,2025-11-11 11:12:00,594.35,594.46,594.35,594.46,0.02,111.71,67909.6,1
2025-11-11,2025-11-11 11:13:00,594.46,594.58,594.46,594.58,0.02,111.71,67909.6,1
2025-11-11,2025-11-11 11:14:00,594.58,594.69,594.58,594.69,0.02,111.71,67909.6,1
2025-11-11,2025-11-11 11:15:00,594.69,594.8,594.69,594.8,0.02,111.71,67909.6,1
2025-11-11,2025-11-11 11:16:00,594.8,594.91,594.8,594.91,0.02,111.71,67909.6,1
2025-11-11,2025-11-11 11:17:00,594.91,595.02,594.91,595.02,0.02,111.71,67909.6,1
2025-11-11,2025-11-11 11:18:00,595.02,595.14,595.02,595.14,0.02,111.71,67909.6,1
2025-11-11,2025-11-11 11:19:00,595.14,595.25,595.14,595.25,0.02,111.71,67909.6,1
2025-11-11,2025-11-11 11:20:00,595.25,595.36,595.25,595.36,0.02,111.71,67909.6,1
2025-11-11,2025-11-11 11:21:00,595.36,595.48,595.36,595.48,0.02,111.71,67909.6,1
2025-11-11,2025-11-11 11:22:00,595.48,595.59,595.48,595.59,0.02,111.71,67909.6,1
2025-11-11,2025-11-11 11:23:00,595.59,595.7,595.59,595.7,0.02,111.71,67909.6,1
2025-11-11,2025-11-11 11:24:00,595.7,595.81,595.7,595.81,0.02,111.71,67909.6,1
2025-11-11,2025-11-11 11:25:00,595.81,595.92,595.81,595.92,0.02,111.71,67909.6,1
2025-11-11,2025-11-11 11:26:00,595.92,596.04,595.92,596.04,0.02,111.71,67909.6,1
2025-11-11,2025-11-11 11:27:00,596.04,596.15,596.04,596.15,0.02,111.71,67909.6,1
2025-11-11,2025-11-11 11:28:00,596.15,596.26,596.15,596.26,0.02,111.71,67909.6,1
2025-11-11,2025-11-11 11:29:00,596.26,596.38,596.26,596.38,0.02,111.71,67909.6,1
2025-11-11,2025-11-11 11:30:00,596.38,596.49,596.38,596.49,0.02,111.71,67909.6,1
2025-11-11,2025-11-11 11:31:00,596.49,596.6,596.49,596.6,0.02,111.71,67909.6,1
2025-11-11,2025-11-11 11:32:00,596.6,596.71,596.6,596.71,0.02,111.71,67909.6,1
2025-11-11,2025-11-11 11:33:00,596.71,596.83,596.71,596.83,0.02,111.71,67909.6,1
2025-11-11,2025-11-11 11:34:00,596.83,596.94,596.83,596.94,0.02,111.71,67909.6,1
2025-11-11,2025-11-11 11:35:00,596.94,597.05,596.94,597.05,0.02,111.71,67909.6,1
2025-11-11,2025-11-11 11:36:00,597.05,597.16,597.05,597.16,0.02,111.71,67909.6,1
2025-11-11,2025-11-11 11:37:00,597.16,597.27,597.16,597.27,0.02,111.71,67909.6,1
2025-11-11,2025-11-11 11:38:00,597.27,597.39,597.27,597.39,0.02,111.71,67909.6,1
2025-11-11,2025-11-11 11:39:00,597.39,597.5,597.39,597.5,0.02,111.71,67909.6,1
2025-11-11,2025-11-11 11:40:00,597.5,597.61,597.5,597.61,0.02,111.71,67909.6,1
2025-11-11,2025-11-11 11:41:00,597.61,597.73,597.61,597.73,0.02,111.71,67909.6,1
2025-11-11,2025-11-11 11:42:00,597.73,597.84,597.73,597.84,0.02,111.71,67909.6,1
2025-11-11,2025-11-11 11:43:00,597.84,597.95,597.84,597.95,0.02,111.71,67909.6,1
2025-11-11,2025-11-11 11:44:00,597.95,598.06,597.95,598.06,0.02,111.71,67909.6,1
2025-11-11,2025-11-11 11:45:00,598.06,598.17,598.06,598.17,0.02,111.71,67909.6,1
2025-11-11,2025-11-11 11:46:00,598.17,598.29,598.17,598.29,0.02,111.71,67909.6,1
2025-11-11,2025-11-11 11:47:00,598.29,598.4,598.29,598.4,0.02,111.71,67909.6,1
2025-11-11,2025-11-11 11:48:00,598.4,598.51,598.4,598.51,0.02,111.71,67909.6,1
2025-11-11,2025-11-11 11:49:00,598.51,598.62,598.51,598.62,0.02,111.71,67909.6,1
2025-11-11,2025-11-11 11:50:00,598.62,598.74,598.62,598.74,0.02,111.71,67909.6,1
2025-11-11,2025-11-11 11:51:00,598.74,598.85,598.74,598.85,0.02,111.71,67909.6,1
2025-11-11,2025-11-11 11:52:00,598.85,598.96,598.85,598.96,0.02,111.71,67909.6,1
2025-11-11,2025-11-11 11:53:00,598.96,599.08,598.96,599.08,0.02,111.71,67909.6,1
2025-11-11,2025-11-11 11:54:00,599.08,599.19,599.08,599.19,0.02,111.71,67909.6,1
2025-11-11,2025-11-11 11:55:00,599.19,599.3,599.19,599.3,0.02,111.71,67909.6,1
2025-11-11,2025-11-11 11:56:00,599.3,599.41,599.3,599.41,0.02,111.71,67909.6,1
2025-11-11,2025-11-11 11:57:00,599.41,599.52,599.41,599.52,0.02,111.71,67909.6,1
2025-11-11,2025-11-11 11:58:00,599.52,599.64,599.52,599.64,0.02,111.71,67909.6,1
2025-11-11,2025-11-11 11:59:00,599.64,599.75,599.64,599.75,0.02,111.71,67909.6,1
2025-11-11,2025-11-11 12:00:00,599.75,599.86,599.75,599.86,0.02,111.71,67909.6,1
2025-11-11,2025-11-11 12:01:00,599.86,599.98,599.86,599.98,0.02,111.71,67909.6,1
2025-11-11,2025-11-11 12:02:00,599.98,600.09,599.98,600.09,0.02,111.71,67909.6,1
2025-11-11,2025-11-11 12:03:00,600.09,600.2,600.09,600.2,0.02,111.71,67909.6,1
2025-11-11,2025-11-11 12:04:00,600.2,600.31,600.2,600.31,0.02,111.71,67909.6,1
2025-11-11,2025-11-11 12:05:00,600.31,600.42,600.31,600.42,0.02,111.71,67909.6,1
2025-11-11,2025-11-11 12:06:00,600.42,600.54,600.42,600.54,0.02,111.71,67909.6,1
2025-11-11,2025-11-11 12:07:00,600.54,600.65,600.54,600.65,0.02,111.71,67909.6,1
2025-11-11,2025-11-11 12:08:00,600.65,600.76,600.65,600.76,0.02,111.71,67909.6,1
2025-11-11,2025-11-11 12:09:00,600.76,600.88,600.76,600.88,0.02,111.71,67909.6,1
2025-11-11,2025-11-11 12:10:00,600.88,600.99,600.88,600.99,0.02,111.71,67909.6,1
2025-11-11,2025-11-11 12:11:00,600.99,601.1,600.99,601.1,0.02,111.71,67909.6,1
2025-11-11,2025-11-11 12:12:00,601.1,601.21,601.1,601.21,0.02,111.71,67909.6,1
2025-11-11,2025-11-11 12:13:00,601.21,601.33,601.21,601.33,0.02,111.71,67909.6,1
2025-11-11,2025-11-11 12:14:00,601.33,601.44,601.33,601.44,0.02,111.71,67909.6,1
2025-11-11,2025-11-11 12:15:00,601.44,601.55,601.44,601.55,0.02,111.71,67909.6,1
2025-11-11,2025-11-11 12:16:00,601.55,601.66,601.55,601.66,0.02,111.71,67909.6,1
2025-11-11,2025-11-11 12:17:00,601.66,601.77,601.66,601.77,0.02,111.71,67909.6,1
2025-11-11,2025-11-11 12:18:00,601.77,601.89,601.77,601.89,0.02,111.71,67909.6,1
2025-11-11,2025-11-11 12:19:00,601.89,602.0,601.89,602.0,0.02,111.71,67909.6,1
2025-11-11,2025-11-11 12:20:00,602.0,602.11,602.0,602.11,0.02,111.71,67909.6,1
2025-11-11,2025-11-11 12:21:00,602.11,602.23,602.11,602.23,0.02,111.71,67909.6,1
2025-11-11,2025-11-11 12:22:00,602.23,602.34,602.23,602.34,0.02,111.71,67909.6,1
2025-11-11,2025-11-11 12:23:00,602.34,602.45,602.34,602.45,0.02,111.71,67909.6,1
2025-11-11,2025-11-11 12:24:00,602.45,602.56,602.45,602.56,0.02,111.71,67909.6,1
2025-11-11,2025-11-11 12:25:00,602.56,602.67,602.56,602.67,0.02,111.71,67909.6,1
2025-11-11,2025-11-11 12:26:00,602.67,602.79,602.67,602.79,0.02,111.71,67909.6,1
2025-11-11,2025-11-11 12:27:00,602.79,602.9,602.79,602.9,0.02,111.71,67909.6,1
2025-11-11,2025-11-11 12:28:00,602.9,603.01,602.9,603.01,0.02,111.71,67909.6,1
2025-11-11,2025-11-11 12:29:00,603.01,603.12,603.01,603.12,0.02,111.71,67909.6,1
2025-11-11,2025-11-11 12:30:00,603.12,603.24,603.12,603.24,0.02,111.71,67909.6,1
2025-11-11,2025-11-11 12:31:00,603.24,603.35,603.24,603.35,0.02,111.71,67909.6,1
2025-11-11,2025-11-11 12:32:00,603.35,603.46,603.35,603.46,0.02,111.71,67909.6,1
2025-11-11,2025-11-11 12:33:00,603.46,603.58,603.46,603.58,0.02,111.71,67909.6,1
2025-11-11,2025-11-11 12:34:00,603.58,603.69,603.58,603.69,0.02,111.71,67909.6,1
2025-11-11,2025-11-11 12:35:00,603.69,603.8,603.69,603.8,0.02,111.71,67909.6,1
2025-11-11,2025-11-11 12:36:00,603.8,603.91,603.8,603.91,0.02,111.71,67909.6,1
2025-11-11,2025-11-11 12:37:00,603.91,604.02,603.91,604.02,0.02,111.71,67909.6,1
2025-11-11,2025-11-11 12:38:00,604.02,604.14,604.02,604.14,0.02,111.71,67909.6,1
2025-11-11,2025-11-11 12:39:00,604.14,604.25,604.14,604.25,0.02,111.71,67909.6,1
2025-11-11,2025-11-11 12:40:00,604.25,604.36,604.25,604.36,0.02,111.71,67909.6,1
2025-11-11,2025-11-11 12:41:00,604.36,604.48,604.36,604.48,0.02,111.71,67909.6,1
2025-11-11,2025-11-11 12:42:00,604.48,604.59,604.48,604.59,0.02,111.71,67909.6,1
2025-11-11,2025-11-11 12:43:00,604.59,604.7,604.59,604.7,0.02,111.71,67909.6,1
2025-11-11,2025-11-11 12:44:00,604.7,604.81,604.7,604.81,0.02,111.71,67909.6,1
2025-11-11,2025-11-11 12:45:00,604.81,604.92,604.81,604.92,0.02,111.71,67909.6,1
2025-11-11,2025-11-11 12:46:00,604.92,605.04,604.92,605.04,0.02,111.71,67909.6,1
2025-11-11,2025-11-11 12:47:00,605.04,605.15,605.04,605.15,0.02,111.71,67909.6,1
2025-11-11,2025-11-11 12:48:00,605.15,605.26,605.15,605.26,0.02,111.71,67909.6,1
2025-11-11,2025-11-11 12:49:00,605.26,605.38,605.26,605.38,0.02,111.71,67909.6,1
2025-11-11,2025-11-11 12:50:00,605.38,605.49,605.38,605.49,0.02,111.71,67909.6,1
2025-11-11,2025-11-11 12:51:00,605.49,605.6,605.49,605.6,0.02,111.71,67909.6,1
2025-11-11,2025-11-11 12:52:00,605.6,605.71,605.6,605.71,0.02,111.71,67909.6,1
2025-11-11,2025-11-11 12:53:00,605.71,605.83,605.71,605.83,0.02,111.71,67909.6,1
2025-11-11,2025-11-11 12:54:00,605.83,605.94,605.83,605.94,0.02,111.71,67909.6,1
2025-11-11,2025-11-11 12:55:00,605.94,606.05,605.94,606.05,0.02,111.71,67909.6,1
2025-11-11,2025-11-11 12:56:00,606.05,606.16,606.05,606.16,0.02,111.71,67909.6,1
2025-11-11,2025-11-11 12:57:00,606.16,606.27,606.16,606.27,0.02,111.71,67909.6,1
2025-11-11,2025-11-11 12:58:00,606.27,606.39,606.27,606.39,0.02,111.71,67909.6,1
2025-11-11,2025-11-11 12:59:00,606.39,606.5,606.39,606.5,0.02,111.71,67909.6,1
2025-11-11,2025-11-11 13:00:00,606.5,621.0,592.0,606.61,0.02,111.71,67909.6,1
2025-11-11,2025-11-11 13:01:00,606.61,606.73,606.61,606.73,0.02,111.71,67909.6,1
2025-11-11,2025-11-11 13:02:00,606.73,606.84,606.73,606.84,0.02,111.71,67909.6,1
2025-11-11,2025-11-11 13:03:00,606.84,606.95,606.84,606.95,0.02,111.71,67909.6,1
2025-11-11,2025-11-11 13:04:00,606.95,607.06,606.95,607.06,0.02,111.71,67909.6,1
2025-11-11,2025-11-11 13:05:00,607.06,607.17,607.06,607.17,0.02,111.71,67909.6,1
2025-11-11,2025-11-11 13:06:00,607.17,607.29,607.17,607.29,0.02,111.71,67909.6,1
2025-11-11,2025-11-11 13:07:00,607.29,607.4,607.29,607.4,0.02,111.71,67909.6,1
2025-11-11,2025-11-11 13:08:00,607.4,607.51,607.4,607.51,0.02,111.71,67909.6,1
2025-11-11,2025-11-11 13:09:00,607.51,607.62,607.51,607.62,0.02,111.71,67909.6,1
2025-11-11,2025-11-11 13:10:00,607.62,607.74,607.62,607.74,0.02,111.71,67909.6,1
2025-11-11,2025-11-11 13:11:00,607.74,607.85,607.74,607.85,0.02,111.71,67909.6,1
2025-11-11,2025-11-11 13:12:00,607.85,607.96,607.85,607.96,0.02,111.71,67909.6,1
2025-11-11,2025-11-11 13:13:00,607.96,608.08,607.96,608.08,0.02,111.71,67909.6,1
2025-11-11,2025-11-11 13:14:00,608.08,608.19,608.08,608.19,0.02,111.71,67909.6,1
2025-11-11,2025-11-11 13:15:00,608.19,608.3,608.19,608.3,0.02,111.71,67909.6,1
2025-11-11,2025-11-11 13:16:00,608.3,608.41,608.3,608.41,0.02,111.71,67909.6,1
2025-11-11,2025-11-11 13:17:00,608.41,608.52,608.41,608.52,0.02,111.71,67909.6,1
2025-11-11,2025-11-11 13:18:00,608.52,608.64,608.52,608.64,0.02,111.71,67909.6,1
2025-11-11,2025-11-11 13:19:00,608.64,608.75,608.64,608.75,0.02,111.71,67909.6,1
2025-11-11,2025-11-11 13:20:00,608.75,608.86,608.75,608.86,0.02,111.71,67909.6,1
2025-11-11,2025-11-11 13:21:00,608.86,608.98,608.86,608.98,0.02,111.71,67909.6,1
2025-11-11,2025-11-11 13:22:00,608.98,609.09,608.98,609.09,0.02,111.71,67909.6,1
2025-11-11,2025-11-11 13:23:00,609.09,609.2,609.09,609.2,0.02,111.71,67909.6,1
2025-11-11,2025-11-11 13:24:00,609.2,609.31,609.2,609.31,0.02,111.71,67909.6,1
2025-11-11,2025-11-11 13:25:00,609.31,609.42,609.31,609.42,0.02,111.71,67909.6,1
2025-11-11,2025-11-11 13:26:00,609.42,609.54,609.42,609.54,0.02,111.71,67909.6,1
2025-11-11,2025-11-11 13:27:00,609.54,609.65,609.54,609.65,0.02,111.71,67909.6,1
2025-11-11,2025-11-11 13:28:00,609.65,609.76,609.65,609.76,0.02,111.71,67909.6,1
2025-11-11,2025-11-11 13:29:00,609.76,609.88,609.76,609.88,0.02,111.71,67909.6,1
2025-11-11,2025-11-11 13:30:00,609.88,609.99,609.88,609.99,0.02,111.71,67909.6,1
2025-11-11,2025-11-11 13:31:00,609.99,610.1,609.99,610.1,0.02,111.71,67909.6,1
2025-11-11,2025-11-11 13:32:00,610.1,610.21,610.1,610.21,0.02,111.71,67909.6,1
2025-11-11,2025-11-11 13:33:00,610.21,610.33,610.21,610.33,0.02,111.71,67909.6,1
2025-11-11,2025-11-11 13:34:00,610.33,610.44,610.33,610.44,0.02,111.71,67909.6,1
2025-11-11,2025-11-11 13:35:00,610.44,610.55,610.44,610.55,0.02,111.71,67909.6,1
2025-11-11,2025-11-11 13:36:00,610.55,610.66,610.55,610.66,0.02,111.71,67909.6,1
2025-11-11,2025-11-11 13:37:00,610.66,610.77,610.66,610.77,0.02,111.71,67909.6,1
2025-11-11,2025-11-11 13:38:00,610.77,610.89,610.77,610.89,0.02,111.71,67909.6,1
2025-11-11,2025-11-11 13:39:00,610.89,611.0,610.89,611.0,0.02,111.71,67909.6,1
2025-11-11,2025-11-11 13:40:00,611.0,611.11,611.0,611.11,0.02,111.71,67909.6,1
2025-11-11,2025-11-11 13:41:00,611.11,611.23,611.11,611.23,0.02,111.71,67909.6,1
2025-11-11,2025-11-11 13:42:00,611.23,611.34,611.23,611.34,0.02,111.71,67909.6,1
2025-11-11,2025-11-11 13:43:00,611.34,611.45,611.34,611.45,0.02,111.71,67909.6,1
2025-11-11,2025-11-11 13:44:00,611.45,611.56,611.45,611.56,0.02,111.71,67909.6,1
2025-11-11,2025-11-11 13:45:00,611.56,611.67,611.56,611.67,0.02,111.71,67909.6,1
2025-11-11,2025-11-11 13:46:00,611.67,611.79,611.67,611.79,0.02,111.71,67909.6,1
2025-11-11,2025-11-11 13:47:00,611.79,611.9,611.79,611.9,0.02,111.71,67909.6,1
2025-11-11,2025-11-11 13:48:00,611.9,612.01,611.9,612.01,0.02,111.71,67909.6,1
2025-11-11,2025-11-11 13:49:00,612.01,612.12,612.01,612.12,0.02,111.71,67909.6,1
2025-11-11,2025-11-11 13:50:00,612.12,612.24,612.12,612.24,0.02,111.71,67909.6,1
2025-11-11,2025-11-11 13:51:00,612.24,612.35,612.24,612.35,0.02,111.71,67909.6,1
2025-11-11,2025-11-11 13:52:00,612.35,612.46,612.35,612.46,0.02,111.71,67909.6,1
2025-11-11,2025-11-11 13:53:00,612.46,612.58,612.46,612.58,0.02,111.71,67909.6,1
2025-11-11,2025-11-11 13:54:00,612.58,612.69,612.58,612.69,0.02,111.71,67909.6,1
2025-11-11,2025-11-11 13:55:00,612.69,612.8,612.69,612.8,0.02,111.71,67909.6,1
2025-11-11,2025-11-11 13:56:00,612.8,612.91,612.8,612.91,0.02,111.71,67909.6,1
2025-11-11,2025-11-11 13:57:00,612.91,613.02,612.91,613.02,0.02,111.71,67909.6,1
2025-11-11,2025-11-11 13:58:00,613.02,613.14,613.02,613.14,0.02,111.71,67909.6,1
2025-11-11,2025-11-11 13:59:00,613.14,613.25,613.14,613.25,0.02,111.71,67909.6,1
2025-11-11,2025-11-11 14:00:00,613.25,613.36,613.25,613.36,0.02,111.71,67909.6,1
2025-11-11,2025-11-11 14:01:00,613.36,613.48,613.36,613.48,0.02,111.71,67909.6,1
2025-11-11,2025-11-11 14:02:00,613.48,613.59,613.48,613.59,0.02,111.71,67909.6,1
2025-11-11,2025-11-11 14:03:00,613.59,613.7,613.59,613.7,0.02,111.71,67909.6,1
2025-11-11,2025-11-11 14:04:00,613.7,613.81,613.7,613.81,0.02,111.71,67909.6,1
2025-11-11,2025-11-11 14:05:00,613.81,613.92,613.81,613.92,0.02,111.71,67909.6,1
2025-11-11,2025-11-11 14:06:00,613.92,614.04,613.92,614.04,0.02,111.71,67909.6,1
2025-11-11,2025-11-11 14:07:00,614.04,614.15,614.04,614.15,0.02,111.71,67909.6,1
2025-11-11,2025-11-11 14:08:00,614.15,614.26,614.15,614.26,0.02,111.71,67909.6,1
2025-11-11,2025-11-11 14:09:00,614.26,614.38,614.26,614.38,0.02,111.71,67909.6,1
2025-11-11,2025-11-11 14:10:00,614.38,614.49,614.38,614.49,0.02,111.71,67909.6,1
2025-11-11,2025-11-11 14:11:00,614.49,614.6,614.49,614.6,0.02,111.71,67909.6,1
2025-11-11,2025-11-11 14:12:00,614.6,614.71,614.6,614.71,0.02,111.71,67909.6,1
2025-11-11,2025-11-11 14:13:00,614.71,614.83,614.71,614.83,0.02,111.71,67909.6,1
2025-11-11,2025-11-11 14:14:00,614.83,614.94,614.83,614.94,0.02,111.71,67909.6,1
2025-11-11,2025-11-11 14:15:00,614.94,615.05,614.94,615.05,0.02,111.71,67909.6,1
2025-11-11,2025-11-11 14:16:00,615.05,615.16,615.05,615.16,0.02,111.71,67909.6,1
2025-11-11,2025-11-11 14:17:00,615.16,615.27,615.16,615.27,0.02,111.71,67909.6,1
2025-11-11,2025-11-11 14:18:00,615.27,615.39,615.27,615.39,0.02,111.71,67909.6,1
2025-11-11,2025-11-11 14:19:00,615.39,615.5,615.39,615.5,0.02,111.71,67909.6,1
2025-11-11,2025-11-11 14:20:00,615.5,615.61,615.5,615.61,0.02,111.71,67909.6,1
2025-11-11,2025-11-11 14:21:00,615.61,615.73,615.61,615.73,0.02,111.71,67909.6,1
2025-11-11,2025-11-11 14:22:00,615.73,615.84,615.73,615.84,0.02,111.71,67909.6,1
2025-11-11,2025-11-11 14:23:00,615.84,615.95,615.84,615.95,0.02,111.71,67909.6,1
2025-11-11,2025-11-11 14:24:00,615.95,616.06,615.95,616.06,0.02,111.71,67909.6,1
2025-11-11,2025-11-11 14:25:00,616.06,616.17,616.06,616.17,0.02,111.71,67909.6,1
2025-11-11,2025-11-11 14:26:00,616.17,616.29,616.17,616.29,0.02,111.71,67909.6,1
2025-11-11,2025-11-11 14:27:00,616.29,616.4,616.29,616.4,0.02,111.71,67909.6,1
2025-11-11,2025-11-11 14:28:00,616.4,616.51,616.4,616.51,0.02,111.71,67909.6,1
2025-11-11,2025-11-11 14:29:00,616.51,616.62,616.51,616.62,0.02,111.71,67909.6,1
2025-11-11,2025-11-11 14:30:00,616.62,616.74,616.62,616.74,0.02,111.71,67909.6,1
2025-11-11,2025-11-11 14:31:00,616.74,616.85,616.74,616.85,0.02,111.71,67909.6,1
2025-11-11,2025-11-11 14:32:00,616.85,616.96,616.85,616.96,0.02,111.71,67909.6,1
2025-11-11,2025-11-11 14:33:00,616.96,617.08,616.96,617.08,0.02,111.71,67909.6,1
2025-11-11,2025-11-11 14:34:00,617.08,617.19,617.08,617.19,0.02,111.71,67909.6,1
2025-11-11,2025-11-11 14:35:00,617.19,617.3,617.19,617.3,0.02,111.71,67909.6,1
2025-11-11,2025-11-11 14:36:00,617.3,617.41,617.3,617.41,0.02,111.71,67909.6,1
2025-11-11,2025-11-11 14:37:00,617.41,617.52,617.41,617.52,0.02,111.71,67909.6,1
2025-11-11,2025-11-11 14:38:00,617.52,617.64,617.52,617.64,0.02,111.71,67909.6,1
2025-11-11,2025-11-11 14:39:00,617.64,617.75,617.64,617.75,0.02,111.71,67909.6,1
2025-11-11,2025-11-11 14:40:00,617.75,617.86,617.75,617.86,0.02,111.71,67909.6,1
2025-11-11,2025-11-11 14:41:00,617.86,617.98,617.86,617.98,0.02,111.71,67909.6,1
2025-11-11,2025-11-11 14:42:00,617.98,618.09,617.98,618.09,0.02,111.71,67909.6,1
2025-11-11,2025-11-11 14:43:00,618.09,618.2,618.09,618.2,0.02,111.71,67909.6,1
2025-11-11,2025-11-11 14:44:00,618.2,618.31,618.2,618.31,0.02,111.71,67909.6,1
2025-11-11,2025-11-11 14:45:00,618.31,618.42,618.31,618.42,0.02,111.71,67909.6,1
2025-11-11,2025-11-11 14:46:00,618.42,618.54,618.42,618.54,0.02,111.71,67909.6,1
2025-11-11,2025-11-11 14:47:00,618.54,618.65,618.54,618.65,0.02,111.71,67909.6,1
2025-11-11,2025-11-11 14:48:00,618.65,618.76,618.65,618.76,0.02,111.71,67909.6,1
2025-11-11,2025-11-11 14:49:00,618.76,618.88,618.76,618.88,0.02,111.71,67909.6,1
2025-11-11,2025-11-11 14:50:00,618.88,618.99,618.88,618.99,0.02,111.71,67909.6,1
2025-11-11,2025-11-11 14:51:00,618.99,619.1,618.99,619.1,0.02,111.71,67909.6,1
2025-11-11,2025-11-11 14:52:00,619.1,619.21,619.1,619.21,0.02,111.71,67909.6,1
2025-11-11,2025-11-11 14:53:00,619.21,619.33,619.21,619.33,0.02,111.71,67909.6,1
2025-11-11,2025-11-11 14:54:00,619.33,619.44,619.33,619.44,0.02,111.71,67909.6,1
2025-11-11,2025-11-11 14:55:00,619.44,619.55,619.44,619.55,0.02,111.71,67909.6,1
2025-11-11,2025-11-11 14:56:00,619.55,619.66,619.55,619.66,0.02,111.71,67909.6,1
2025-11-11,2025-11-11 14:57:00,619.66,619.77,619.66,619.77,0.02,111.71,67909.6,1
2025-11-11,2025-11-11 14:58:00,619.77,619.89,619.77,619.89,0.02,111.71,67909.6,1
2025-11-11,2025-11-11 14:59:00,619.89,620.0,619.89,620.0,0.02,111.71,67909.6,1
2025-11-11,2025-11-11 15:00:00,620.0,621.0,592.0,620.0,0.0,111.71,67909.6,0
2025-11-12,2025-11-12 11:00:00,607.6,629.92,603.97,607.91,0.05,408.93,267173.16,1
2025-11-12,2025-11-12 11:01:00,607.91,608.22,607.91,608.22,0.05,408.93,267173.16,1
2025-11-12,2025-11-12 11:02:00,608.22,608.53,608.22,608.53,0.05,408.93,267173.16,1
2025-11-12,2025-11-12 11:03:00,608.53,608.84,608.53,608.84,0.05,408.93,267173.16,1
2025-11-12,2025-11-12 11:04:00,608.84,609.15,608.84,609.15,0.05,408.93,267173.16,1
2025-11-12,2025-11-12 11:05:00,609.15,609.46,609.15,609.46,0.05,408.93,267173.16,1
2025-11-12,2025-11-12 11:06:00,609.46,609.77,609.46,609.77,0.05,408.93,267173.16,1
2025-11-12,2025-11-12 11:07:00,609.77,610.08,609.77,610.08,0.05,408.93,267173.16,1
2025-11-12,2025-11-12 11:08:00,610.08,610.39,610.08,610.39,0.05,408.93,267173.16,1
2025-11-12,2025-11-12 11:09:00,610.39,610.7,610.39,610.7,0.05,408.93,267173.16,1
2025-11-12,2025-11-12 11:10:00,610.7,611.01,610.7,611.01,0.05,408.93,267173.16,1
2025-11-12,2025-11-12 11:11:00,611.01,611.32,611.01,611.32,0.05,408.93,267173.16,1
2025-11-12,2025-11-12 11:12:00,611.32,611.63,611.32,611.63,0.05,408.93,267173.16,1
2025-11-12,2025-11-12 11:13:00,611.63,611.94,611.63,611.94,0.05,408.93,267173.16,1
2025-11-12,2025-11-12 11:14:00,611.94,612.25,611.94,612.25,0.05,408.93,267173.16,1
2025-11-12,2025-11-12 11:15:00,612.25,612.56,612.25,612.56,0.05,408.93,267173.16,1
2025-11-12,2025-11-12 11:16:00,612.56,612.87,612.56,612.87,0.05,408.93,267173.16,1
2025-11-12,2025-11-12 11:17:00,612.87,613.18,612.87,613.18,0.05,408.93,267173.16,1
2025-11-12,2025-11-12 11:18:00,613.18,613.49,613.18,613.49,0.05,408.93,267173.16,1
2025-11-12,2025-11-12 11:19:00,613.49,613.8,613.49,613.8,0.05,408.93,267173.16,1
2025-11-12,2025-11-12 11:20:00,613.8,614.11,613.8,614.11,0.05,408.93,267173.16,1
2025-11-12,2025-11-12 11:21:00,614.11,614.42,614.11,614.42,0.05,408.93,267173.16,1
2025-11-12,2025-11-12 11:22:00,614.42,614.73,614.42,614.73,0.05,408.93,267173.16,1
2025-11-12,2025-11-12 11:23:00,614.73,615.04,614.73,615.04,0.05,408.93,267173.16,1
2025-11-12,2025-11-12 11:24:00,615.04,615.35,615.04,615.35,0.05,408.93,267173.16,1
2025-11-12,2025-11-12 11:25:00,615.35,615.66,615.35,615.66,0.05,408.93,267173.16,1
2025-11-12,2025-11-12 11:26:00,615.66,615.97,615.66,615.97,0.05,408.93,267173.16,1
2025-11-12,2025-11-12 11:27:00,615.97,616.28,615.97,616.28,0.05,408.93,267173.16,1
2025-11-12,2025-11-12 11:28:00,616.28,616.59,616.28,616.59,0.05,408.93,267173.16,1
2025-11-12,2025-11-12 11:29:00,616.59,616.9,616.59,616.9,0.05,408.93,267173.16,1
2025-11-12,2025-11-12 11:30:00,616.9,617.21,616.9,617.21,0.05,408.93,267173.16,1
2025-11-12,2025-11-12 11:31:00,617.21,617.52,617.21,617.52,0.05,408.93,267173.16,1
2025-11-12,2025-11-12 11:32:00,617.52,617.83,617.52,617.83,0.05,408.93,267173.16,1
2025-11-12,2025-11-12 11:33:00,617.83,618.14,617.83,618.14,0.05,408.93,267173.16,1
2025-11-12,2025-11-12 11:34:00,618.14,618.45,618.14,618.45,0.05,408.93,267173.16,1
2025-11-12,2025-11-12 11:35:00,618.45,618.76,618.45,618.76,0.05,408.93,267173.16,1
2025-11-12,2025-11-12 11:36:00,618.76,619.07,618.76,619.07,0.05,408.93,267173.16,1
2025-11-12,2025-11-12 11:37:00,619.07,619.38,619.07,619.38,0.05,408.93,267173.16,1
2025-11-12,2025-11-12 11:38:00,619.38,619.69,619.38,619.69,0.05,408.93,267173.16,1
2025-11-12,2025-11-12 11:39:00,619.69,620.0,619.69,620.0,0.05,408.93,267173.16,1
2025-11-12,2025-11-12 11:40:00,620.0,620.31,620.0,620.31,0.05,408.93,267173.16,1
2025-11-12,2025-11-12 11:41:00,620.31,620.62,620.31,620.62,0.05,408.93,267173.16,1
2025-11-12,2025-11-12 11:42:00,620.62,620.93,620.62,620.93,0.05,408.93,267173.16,1
2025-11-12,2025-11-12 11:43:00,620.93,621.24,620.93,621.24,0.05,408.93,267173.16,1
2025-11-12,2025-11-12 11:44:00,621.24,621.55,621.24,621.55,0.05,408.93,267173.16,1
2025-11-12,2025-11-12 11:45:00,621.55,621.86,621.55,621.86,0.05,408.93,267173.16,1
2025-11-12,2025-11-12 11:46:00,621.86,622.17,621.86,622.17,0.05,408.93,267173.16,1
2025-11-12,2025-11-12 11:47:00,622.17,622.48,622.17,622.48,0.05,408.93,267173.16,1
2025-11-12,2025-11-12 11:48:00,622.48,622.79,622.48,622.79,0.05,408.93,267173.16,1
2025-11-12,2025-11-12 11:49:00,622.79,623.1,622.79,623.1,0.05,408.93,267173.16,1
2025-11-12,2025-11-12 11:50:00,623.1,623.41,623.1,623.41,0.05,408.93,267173.16,1
2025-11-12,2025-11-12 11:51:00,623.41,623.72,623.41,623.72,0.05,408.93,267173.16,1
2025-11-12,2025-11-12 11:52:00,623.72,624.03,623.72,624.03,0.05,408.93,267173.16,1
2025-11-12,2025-11-12 11:53:00,624.03,624.34,624.03,624.34,0.05,408.93,267173.16,1
2025-11-12,2025-11-12 11:54:00,624.34,624.65,624.34,624.65,0.05,408.93,267173.16,1
2025-11-12,2025-11-12 11:55:00,624.65,624.96,624.65,624.96,0.05,408.93,267173.16,1
2025-11-12,2025-11-12 11:56:00,624.96,625.27,624.96,625.27,0.05,408.93,267173.16,1
2025-11-12,2025-11-12 11:57:00,625.27,625.58,625.27,625.58,0.05,408.93,267173.16,1
2025-11-12,2025-11-12 11:58:00,625.58,625.89,625.58,625.89,0.05,408.93,267173.16,1
2025-11-12,2025-11-12 11:59:00,625.89,626.2,625.89,626.2,0.05,408.93,267173.16,1
2025-11-12,2025-11-12 12:00:00,626.2,626.51,626.2,626.51,0.05,408.93,267173.16,1
2025-11-12,2025-11-12 12:01:00,626.51,626.82,626.51,626.82,0.05,408.93,267173.16,1
2025-11-12,2025-11-12 12:02:00,626.82,627.13,626.82,627.13,0.05,408.93,267173.16,1
2025-11-12,2025-11-12 12:03:00,627.13,627.44,627.13,627.44,0.05,408.93,267173.16,1
2025-11-12,2025-11-12 12:04:00,627.44,627.75,627.44,627.75,0.05,408.93,267173.16,1
2025-11-12,2025-11-12 12:05:00,627.75,628.06,627.75,628.06,0.05,408.93,267173.16,1
2025-11-12,2025-11-12 12:06:00,628.06,628.37,628.06,628.37,0.05,408.93,267173.16,1
2025-11-12,2025-11-12 12:07:00,628.37,628.68,628.37,628.68,0.05,408.93,267173.16,1
2025-11-12,2025-11-12 12:08:00,628.68,628.99,628.68,628.99,0.05,408.93,267173.16,1
2025-11-12,2025-11-12 12:09:00,628.99,629.3,628.99,629.3,0.05,408.93,267173.16,1
2025-11-12,2025-11-12 12:10:00,629.3,629.61,629.3,629.61,0.05,408.93,267173.16,1
2025-11-12,2025-11-12 12:11:00,629.61,629.92,629.61,629.92,0.05,408.93,267173.16,1
2025-11-12,2025-11-12 12:12:00,629.92,630.23,629.92,630.23,0.05,408.93,267173.16,1
2025-11-12,2025-11-12 12:13:00,630.23,630.54,630.23,630.54,0.05,408.93,267173.16,1
2025-11-12,2025-11-12 12:14:00,630.54,630.85,630.54,630.85,0.05,408.93,267173.16,1
2025-11-12,2025-11-12 12:15:00,630.85,631.16,630.85,631.16,0.05,408.93,267173.16,1
2025-11-12,2025-11-12 12:16:00,631.16,631.47,631.16,631.47,0.05,408.93,267173.16,1
2025-11-12,2025-11-12 12:17:00,631.47,631.78,631.47,631.78,0.05,408.93,267173.16,1
2025-11-12,2025-11-12 12:18:00,631.78,632.09,631.78,632.09,0.05,408.93,267173.16,1
2025-11-12,2025-11-12 12:19:00,632.09,632.4,632.09,632.4,0.05,408.93,267173.16,1
2025-11-12,2025-11-12 12:20:00,632.4,632.71,632.4,632.71,0.05,408.93,267173.16,1
2025-11-12,2025-11-12 12:21:00,632.71,633.02,632.71,633.02,0.05,408.93,267173.16,1
2025-11-12,2025-11-12 12:22:00,633.02,633.33,633.02,633.33,0.05,408.93,267173.16,1
2025-11-12,2025-11-12 12:23:00,633.33,633.64,633.33,633.64,0.05,408.93,267173.16,1
2025-11-12,2025-11-12 12:24:00,633.64,633.95,633.64,633.95,0.05,408.93,267173.16,1
2025-11-12,2025-11-12 12:25:00,633.95,634.26,633.95,634.26,0.05,408.93,267173.16,1
2025-11-12,2025-11-12 12:26:00,634.26,634.57,634.26,634.57,0.05,408.93,267173.16,1
2025-11-12,2025-11-12 12:27:00,634.57,634.88,634.57,634.88,0.05,408.93,267173.16,1
2025-11-12,2025-11-12 12:28:00,634.88,635.19,634.88,635.19,0.05,408.93,267173.16,1
2025-11-12,2025-11-12 12:29:00,635.19,635.5,635.19,635.5,0.05,408.93,267173.16,1
2025-11-12,2025-11-12 12:30:00,635.5,635.81,635.5,635.81,0.05,408.93,267173.16,1
2025-11-12,2025-11-12 12:31:00,635.81,636.12,635.81,636.12,0.05,408.93,267173.16,1
2025-11-12,2025-11-12 12:32:00,636.12,636.43,636.12,636.43,0.05,408.93,267173.16,1
2025-11-12,2025-11-12 12:33:00,636.43,636.74,636.43,636.74,0.05,408.93,267173.16,1
2025-11-12,2025-11-12 12:34:00,636.74,637.05,636.74,637.05,0.05,408.93,267173.16,1
2025-11-12,2025-11-12 12:35:00,637.05,637.36,637.05,637.36,0.05,408.93,267173.16,1
2025-11-12,2025-11-12 12:36:00,637.36,637.67,637.36,637.67,0.05,408.93,267173.16,1
2025-11-12,2025-11-12 12:37:00,637.67,637.98,637.67,637.98,0.05,408.93,267173.16,1
2025-11-12,2025-11-12 12:38:00,637.98,638.29,637.98,638.29,0.05,408.93,267173.16,1
2025-11-12,2025-11-12 12:39:00,638.29,638.6,638.29,638.6,0.05,408.93,267173.16,1
2025-11-12,2025-11-12 12:40:00,638.6,638.91,638.6,638.91,0.05,408.93,267173.16,1
2025-11-12,2025-11-12 12:41:00,638.91,639.22,638.91,639.22,0.05,408.93,267173.16,1
2025-11-12,2025-11-12 12:42:00,639.22,639.53,639.22,639.53,0.05,408.93,267173.16,1
2025-11-12,2025-11-12 12:43:00,639.53,639.84,639.53,639.84,0.05,408.93,267173.16,1
2025-11-12,2025-11-12 12:44:00,639.84,640.15,639.84,640.15,0.05,408.93,267173.16,1
2025-11-12,2025-11-12 12:45:00,640.15,640.46,640.15,640.46,0.05,408.93,267173.16,1
2025-11-12,2025-11-12 12:46:00,640.46,640.77,640.46,640.77,0.05,408.93,267173.16,1
2025-11-12,2025-11-12 12:47:00,640.77,641.08,640.77,641.08,0.05,408.93,267173.16,1
2025-11-12,2025-11-12 12:48:00,641.08,641.39,641.08,641.39,0.05,408.93,267173.16,1
2025-11-12,2025-11-12 12:49:00,641.39,641.7,641.39,641.7,0.05,408.93,267173.16,1
2025-11-12,2025-11-12 12:50:00,641.7,642.01,641.7,642.01,0.05,408.93,267173.16,1
2025-11-12,2025-11-12 12:51:00,642.01,642.32,642.01,642.32,0.05,408.93,267173.16,1
2025-11-12,2025-11-12 12:52:00,642.32,642.63,642.32,642.63,0.05,408.93,267173.16,1
2025-11-12,2025-11-12 12:53:00,642.63,642.94,642.63,642.94,0.05,408.93,267173.16,1
2025-11-12,2025-11-12 12:54:00,642.94,643.25,642.94,643.25,0.05,408.93,267173.16,1
2025-11-12,2025-11-12 12:55:00,643.25,643.56,643.25,643.56,0.05,408.93,267173.16,1
2025-11-12,2025-11-12 12:56:00,643.56,643.87,643.56,643.87,0.05,408.93,267173.16,1
2025-11-12,2025-11-12 12:57:00,643.87,644.18,643.87,644.18,0.05,408.93,267173.16,1
2025-11-12,2025-11-12 12:58:00,644.18,644.49,644.18,644.49,0.05,408.93,267173.16,1
2025-11-12,2025-11-12 12:59:00,644.49,644.8,644.49,644.8,0.05,408.93,267173.16,1
2025-11-12,2025-11-12 13:00:00,644.8,682.0,595.5,645.11,0.05,408.93,267173.16,1
2025-11-12,2025-11-12 13:01:00,645.11,645.42,645.11,645.42,0.05,408.93,267173.16,1
2025-11-12,2025-11-12 13:02:00,645.42,645.73,645.42,645.73,0.05,408.93,267173.16,1
2025-11-12,2025-11-12 13:03:00,645.73,646.04,645.73,646.04,0.05,408.93,267173.16,1
2025-11-12,2025-11-12 13:04:00,646.04,646.35,646.04,646.35,0.05,408.93,267173.16,1
2025-11-12,2025-11-12 13:05:00,646.35,646.66,646.35,646.66,0.05,408.93,267173.16,1
2025-11-12,2025-11-12 13:06:00,646.66,646.97,646.66,646.97,0.05,408.93,267173.16,1
2025-11-12,2025-11-12 13:07:00,646.97,647.28,646.97,647.28,0.05,408.93,267173.16,1
2025-11-12,2025-11-12 13:08:00,647.28,647.59,647.28,647.59,0.05,408.93,267173.16,1
2025-11-12,2025-11-12 13:09:00,647.59,647.9,647.59,647.9,0.05,408.93,267173.16,1
2025-11-12,2025-11-12 13:10:00,647.9,648.21,647.9,648.21,0.05,408.93,267173.16,1
2025-11-12,2025-11-12 13:11:00,648.21,648.52,648.21,648.52,0.05,408.93,267173.16,1
2025-11-12,2025-11-12 13:12:00,648.52,648.83,648.52,648.83,0.05,408.93,267173.16,1
2025-11-12,2025-11-12 13:13:00,648.83,649.14,648.83,649.14,0.05,408.93,267173.16,1
2025-11-12,2025-11-12 13:14:00,649.14,649.45,649.14,649.45,0.05,408.93,267173.16,1
2025-11-12,2025-11-12 13:15:00,649.45,649.76,649.45,649.76,0.05,408.93,267173.16,1
2025-11-12,2025-11-12 13:16:00,649.76,650.07,649.76,650.07,0.05,408.93,267173.16,1
2025-11-12,2025-11-12 13:17:00,650.07,650.38,650.07,650.38,0.05,408.93,267173.16,1
2025-11-12,2025-11-12 13:18:00,650.38,650.69,650.38,650.69,0.05,408.93,267173.16,1
2025-11-12,2025-11-12 13:19:00,650.69,651.0,650.69,651.0,0.05,408.93,267173.16,1
2025-11-12,2025-11-12 13:20:00,651.0,651.31,651.0,651.31,0.05,408.93,267173.16,1
2025-11-12,2025-11-12 13:21:00,651.31,651.62,651.31,651.62,0.05,408.93,267173.16,1
2025-11-12,2025-11-12 13:22:00,651.62,651.93,651.62,651.93,0.05,408.93,267173.16,1
2025-11-12,2025-11-12 13:23:00,651.93,652.24,651.93,652.24,0.05,408.93,267173.16,1
2025-11-12,2025-11-12 13:24:00,652.24,652.55,652.24,652.55,0.05,408.93,267173.16,1
2025-11-12,2025-11-12 13:25:00,652.55,652.86,652.55,652.86,0.05,408.93,267173.16,1
2025-11-12,2025-11-12 13:26:00,652.86,653.17,652.86,653.17,0.05,408.93,267173.16,1
2025-11-12,2025-11-12 13:27:00,653.17,653.48,653.17,653.48,0.05,408.93,267173.16,1
2025-11-12,2025-11-12 13:28:00,653.48,653.79,653.48,653.79,0.05,408.93,267173.16,1
2025-11-12,2025-11-12 13:29:00,653.79,654.1,653.79,654.1,0.05,408.93,267173.16,1
2025-11-12,2025-11-12 13:30:00,654.1,654.41,654.1,654.41,0.05,408.93,267173.16,1
2025-11-12,2025-11-12 13:31:00,654.41,654.72,654.41,654.72,0.05,408.93,267173.16,1
2025-11-12,2025-11-12 13:32:00,654.72,655.03,654.72,655.03,0.05,408.93,267173.16,1
2025-11-12,2025-11-12 13:33:00,655.03,655.34,655.03,655.34,0.05,408.93,267173.16,1
2025-11-12,2025-11-12 13:34:00,655.34,655.65,655.34,655.65,0.05,408.93,267173.16,1
2025-11-12,2025-11-12 13:35:00,655.65,655.96,655.65,655.96,0.05,408.93,267173.16,1
2025-11-12,2025-11-12 13:36:00,655.96,656.27,655.96,656.27,0.05,408.93,267173.16,1
2025-11-12,2025-11-12 13:37:00,656.27,656.58,656.27,656.58,0.05,408.93,267173.16,1
2025-11-12,2025-11-12 13:38:00,656.58,656.89,656.58,656.89,0.05,408.93,267173.16,1
2025-11-12,2025-11-12 13:39:00,656.89,657.2,656.89,657.2,0.05,408.93,267173.16,1
2025-11-12,2025-11-12 13:40:00,657.2,657.51,657.2,657.51,0.05,408.93,267173.16,1
2025-11-12,2025-11-12 13:41:00,657.51,657.82,657.51,657.82,0.05,408.93,267173.16,1
2025-11-12,2025-11-12 13:42:00,657.82,658.13,657.82,658.13,0.05,408.93,267173.16,1
2025-11-12,2025-11-12 13:43:00,658.13,658.44,658.13,658.44,0.05,408.93,267173.16,1
2025-11-12,2025-11-12 13:44:00,658.44,658.75,658.44,658.75,0.05,408.93,267173.16,1
2025-11-12,2025-11-12 13:45:00,658.75,659.06,658.75,659.06,0.05,408.93,267173.16,1
2025-11-12,2025-11-12 13:46:00,659.06,659.37,659.06,659.37,0.05,408.93,267173.16,1
2025-11-12,2025-11-12 13:47:00,659.37,659.68,659.37,659.68,0.05,408.93,267173.16,1
2025-11-12,2025-11-12 13:48:00,659.68,659.99,659.68,659.99,0.05,408.93,267173.16,1
2025-11-12,2025-11-12 13:49:00,659.99,660.3,659.99,660.3,0.05,408.93,267173.16,1
2025-11-12,2025-11-12 13:50:00,660.3,660.61,660.3,660.61,0.05,408.93,267173.16,1
2025-11-12,2025-11-12 13:51:00,660.61,660.92,660.61,660.92,0.05,408.93,267173.16,1
2025-11-12,2025-11-12 13:52:00,660.92,661.23,660.92,661.23,0.05,408.93,267173.16,1
2025-11-12,2025-11-12 13:53:00,661.23,661.54,661.23,661.54,0.05,408.93,267173.16,1
2025-11-12,2025-11-12 13:54:00,661.54,661.85,661.54,661.85,0.05,408.93,267173.16,1
2025-11-12,2025-11-12 13:55:00,661.85,662.16,661.85,662.16,0.05,408.93,267173.16,1
2025-11-12,2025-11-12 13:56:00,662.16,662.47,662.16,662.47,0.05,408.93,267173.16,1
2025-11-12,2025-11-12 13:57:00,662.47,662.78,662.47,662.78,0.05,408.93,267173.16,1
2025-11-12,2025-11-12 13:58:00,662.78,663.09,662.78,663.09,0.05,408.93,267173.16,1
2025-11-12,2025-11-12 13:59:00,663.09,663.4,663.09,663.4,0.05,408.93,267173.16,1
2025-11-12,2025-11-12 14:00:00,663.4,663.71,663.4,663.71,0.05,408.93,267173.16,1
2025-11-12,2025-11-12 14:01:00,663.71,664.02,663.71,664.02,0.05,408.93,267173.16,1
2025-11-12,2025-11-12 14:02:00,664.02,664.33,664.02,664.33,0.05,408.93,267173.16,1
2025-11-12,2025-11-12 14:03:00,664.33,664.64,664.33,664.64,0.05,408.93,267173.16,1
2025-11-12,2025-11-12 14:04:00,664.64,664.95,664.64,664.95,0.05,408.93,267173.16,1
2025-11-12,2025-11-12 14:05:00,664.95,665.26,664.95,665.26,0.05,408.93,267173.16,1
2025-11-12,2025-11-12 14:06:00,665.26,665.57,665.26,665.57,0.05,408.93,267173.16,1
2025-11-12,2025-11-12 14:07:00,665.57,665.88,665.57,665.88,0.05,408.93,267173.16,1
2025-11-12,2025-11-12 14:08:00,665.88,666.19,665.88,666.19,0.05,408.93,267173.16,1
2025-11-12,2025-11-12 14:09:00,666.19,666.5,666.19,666.5,0.05,408.93,267173.16,1
2025-11-12,2025-11-12 14:10:00,666.5,666.81,666.5,666.81,0.05,408.93,267173.16,1
2025-11-12,2025-11-12 14:11:00,666.81,667.12,666.81,667.12,0.05,408.93,267173.16,1
2025-11-12,2025-11-12 14:12:00,667.12,667.43,667.12,667.43,0.05,408.93,267173.16,1
2025-11-12,2025-11-12 14:13:00,667.43,667.74,667.43,667.74,0.05,408.93,267173.16,1
2025-11-12,2025-11-12 14:14:00,667.74,668.05,667.74,668.05,0.05,408.93,267173.16,1
2025-11-12,2025-11-12 14:15:00,668.05,668.36,668.05,668.36,0.05,408.93,267173.16,1
2025-11-12,2025-11-12 14:16:00,668.36,668.67,668.36,668.67,0.05,408.93,267173.16,1
2025-11-12,2025-11-12 14:17:00,668.67,668.98,668.67,668.98,0.05,408.93,267173.16,1
2025-11-12,2025-11-12 14:18:00,668.98,669.29,668.98,669.29,0.05,408.93,267173.16,1
2025-11-12,2025-11-12 14:19:00,669.29,669.6,669.29,669.6,0.05,408.93,267173.16,1
2025-11-12,2025-11-12 14:20:00,669.6,669.91,669.6,669.91,0.05,408.93,267173.16,1
2025-11-12,2025-11-12 14:21:00,669.91,670.22,669.91,670.22,0.05,408.93,267173.16,1
2025-11-12,2025-11-12 14:22:00,670.22,670.53,670.22,670.53,0.05,408.93,267173.16,1
2025-11-12,2025-11-12 14:23:00,670.53,670.84,670.53,670.84,0.05,408.93,267173.16,1
2025-11-12,2025-11-12 14:24:00,670.84,671.15,670.84,671.15,0.05,408.93,267173.16,1
2025-11-12,2025-11-12 14:25:00,671.15,671.46,671.15,671.46,0.05,408.93,267173.16,1
2025-11-12,2025-11-12 14:26:00,671.46,671.77,671.46,671.77,0.05,408.93,267173.16,1
2025-11-12,2025-11-12 14:27:00,671.77,672.08,671.77,672.08,0.05,408.93,267173.16,1
2025-11-12,2025-11-12 14:28:00,672.08,672.39,672.08,672.39,0.05,408.93,267173.16,1
2025-11-12,2025-11-12 14:29:00,672.39,672.7,672.39,672.7,0.05,408.93,267173.16,1
2025-11-12,2025-11-12 14:30:00,672.7,673.01,672.7,673.01,0.05,408.93,267173.16,1
2025-11-12,2025-11-12 14:31:00,673.01,673.32,673.01,673.32,0.05,408.93,267173.16,1
2025-11-12,2025-11-12 14:32:00,673.32,673.63,673.32,673.63,0.05,408.93,267173.16,1
2025-11-12,2025-11-12 14:33:00,673.63,673.94,673.63,673.94,0.05,408.93,267173.16,1
2025-11-12,2025-11-12 14:34:00,673.94,674.25,673.94,674.25,0.05,408.93,267173.16,1
2025-11-12,2025-11-12 14:35:00,674.25,674.56,674.25,674.56,0.05,408.93,267173.16,1
2025-11-12,2025-11-12 14:36:00,674.56,674.87,674.56,674.87,0.05,408.93,267173.16,1
2025-11-12,2025-11-12 14:37:00,674.87,675.18,674.87,675.18,0.05,408.93,267173.16,1
2025-11-12,2025-11-12 14:38:00,675.18,675.49,675.18,675.49,0.05,408.93,267173.16,1
2025-11-12,2025-11-12 14:39:00,675.49,675.8,675.49,675.8,0.05,408.93,267173.16,1
2025-11-12,2025-11-12 14:40:00,675.8,676.11,675.8,676.11,0.05,408.93,267173.16,1
2025-11-12,2025-11-12 14:41:00,676.11,676.42,676.11,676.42,0.05,408.93,267173.16,1
2025-11-12,2025-11-12 14:42:00,676.42,676.73,676.42,676.73,0.05,408.93,267173.16,1
2025-11-12,2025-11-12 14:43:00,676.73,677.04,676.73,677.04,0.05,408.93,267173.16,1
2025-11-12,2025-11-12 14:44:00,677.04,677.35,677.04,677.35,0.05,408.93,267173.16,1
2025-11-12,2025-11-12 14:45:00,677.35,677.66,677.35,677.66,0.05,408.93,267173.16,1
2025-11-12,2025-11-12 14:46:00,677.66,677.97,677.66,677.97,0.05,408.93,267173.16,1
2025-11-12,2025-11-12 14:47:00,677.97,678.28,677.97,678.28,0.05,408.93,267173.16,1
2025-11-12,2025-11-12 14:48:00,678.28,678.59,678.28,678.59,0.05,408.93,267173.16,1
2025-11-12,2025-11-12 14:49:00,678.59,678.9,678.59,678.9,0.05,408.93,267173.16,1
2025-11-12,2025-11-12 14:50:00,678.9,679.21,678.9,679.21,0.05,408.93,267173.16,1
2025-11-12,2025-11-12 14:51:00,679.21,679.52,679.21,679.52,0.05,408.93,267173.16,1
2025-11-12,2025-11-12 14:52:00,679.52,679.83,679.52,679.83,0.05,408.93,267173.16,1
2025-11-12,2025-11-12 14:53:00,679.83,680.14,679.83,680.14,0.05,408.93,267173.16,1
2025-11-12,2025-11-12 14:54:00,680.14,680.45,680.14,680.45,0.05,408.93,267173.16,1
2025-11-12,2025-11-12 14:55:00,680.45,680.76,680.45,680.76,0.05,408.93,267173.16,1
2025-11-12,2025-11-12 14:56:00,680.76,681.07,680.76,681.07,0.05,408.93,267173.16,1
2025-11-12,2025-11-12 14:57:00,681.07,681.38,681.07,681.38,0.05,408.93,267173.16,1
2025-11-12,2025-11-12 14:58:00,681.38,681.69,681.38,681.69,0.05,408.93,267173.16,1
2025-11-12,2025-11-12 14:59:00,681.69,682.0,681.69,682.0,0.05,408.93,267173.16,1
2025-11-12,2025-11-12 15:00:00,682.0,682.0,595.5,682.0,0.0,408.93,267173.16,0
2025-11-13,2025-11-13 11:00:00,669.0,683.1,652.44,669.2,0.03,386.15,245196.55,1
2025-11-13,2025-11-13 11:01:00,669.2,669.39,669.2,669.39,0.03,386.15,245196.55,1
2025-11-13,2025-11-13 11:02:00,669.39,669.59,669.39,669.59,0.03,386.15,245196.55,1
2025-11-13,2025-11-13 11:03:00,669.59,669.78,669.59,669.78,0.03,386.15,245196.55,1
2025-11-13,2025-11-13 11:04:00,669.78,669.98,669.78,669.98,0.03,386.15,245196.55,1
2025-11-13,2025-11-13 11:05:00,669.98,670.17,669.98,670.17,0.03,386.15,245196.55,1
2025-11-13,2025-11-13 11:06:00,670.17,670.37,670.17,670.37,0.03,386.15,245196.55,1
2025-11-13,2025-11-13 11:07:00,670.37,670.57,670.37,670.57,0.03,386.15,245196.55,1
2025-11-13,2025-11-13 11:08:00,670.57,670.76,670.57,670.76,0.03,386.15,245196.55,1
2025-11-13,2025-11-13 11:09:00,670.76,670.96,670.76,670.96,0.03,386.15,245196.55,1
2025-11-13,2025-11-13 11:10:00,670.96,671.15,670.96,671.15,0.03,386.15,245196.55,1
2025-11-13,2025-11-13 11:11:00,671.15,671.35,671.15,671.35,0.03,386.15,245196.55,1
2025-11-13,2025-11-13 11:12:00,671.35,671.55,671.35,671.55,0.03,386.15,245196.55,1
2025-11-13,2025-11-13 11:13:00,671.55,671.74,671.55,671.74,0.03,386.15,245196.55,1
2025-11-13,2025-11-13 11:14:00,671.74,671.94,671.74,671.94,0.03,386.15,245196.55,1
2025-11-13,2025-11-13 11:15:00,671.94,672.13,671.94,672.13,0.03,386.15,245196.55,1
2025-11-13,2025-11-13 11:16:00,672.13,672.33,672.13,672.33,0.03,386.15,245196.55,1
2025-11-13,2025-11-13 11:17:00,672.33,672.52,672.33,672.52,0.03,386.15,245196.55,1
2025-11-13,2025-11-13 11:18:00,672.52,672.72,672.52,672.72,0.03,386.15,245196.55,1
2025-11-13,2025-11-13 11:19:00,672.72,672.92,672.72,672.92,0.03,386.15,245196.55,1
2025-11-13,2025-11-13 11:20:00,672.92,673.11,672.92,673.11,0.03,386.15,245196.55,1
2025-11-13,2025-11-13 11:21:00,673.11,673.31,673.11,673.31,0.03,386.15,245196.55,1
2025-11-13,2025-11-13 11:22:00,673.31,673.5,673.31,673.5,0.03,386.15,245196.55,1
2025-11-13,2025-11-13 11:23:00,673.5,673.7,673.5,673.7,0.03,386.15,245196.55,1
2025-11-13,2025-11-13 11:24:00,673.7,673.9,673.7,673.9,0.03,386.15,245196.55,1
2025-11-13,2025-11-13 11:25:00,673.9,674.09,673.9,674.09,0.03,386.15,245196.55,1
2025-11-13,2025-11-13 11:26:00,674.09,674.29,674.09,674.29,0.03,386.15,245196.55,1
2025-11-13,2025-11-13 11:27:00,674.29,674.48,674.29,674.48,0.03,386.15,245196.55,1
2025-11-13,2025-11-13 11:28:00,674.48,674.68,674.48,674.68,0.03,386.15,245196.55,1
2025-11-13,2025-11-13 11:29:00,674.68,674.88,674.68,674.88,0.03,386.15,245196.55,1
2025-11-13,2025-11-13 11:30:00,674.88,675.07,674.88,675.07,0.03,386.15,245196.55,1
2025-11-13,2025-11-13 11:31:00,675.07,675.27,675.07,675.27,0.03,386.15,245196.55,1
2025-11-13,2025-11-13 11:32:00,675.27,675.46,675.27,675.46,0.03,386.15,245196.55,1
2025-11-13,2025-11-13 11:33:00,675.46,675.66,675.46,675.66,0.03,386.15,245196.55,1
2025-11-13,2025-11-13 11:34:00,675.66,675.85,675.66,675.85,0.03,386.15,245196.55,1
2025-11-13,2025-11-13 11:35:00,675.85,676.05,675.85,676.05,0.03,386.15,245196.55,1
2025-11-13,2025-11-13 11:36:00,676.05,676.25,676.05,676.25,0.03,386.15,245196.55,1
2025-11-13,2025-11-13 11:37:00,676.25,676.44,676.25,676.44,0.03,386.15,245196.55,1
2025-11-13,2025-11-13 11:38:00,676.44,676.64,676.44,676.64,0.03,386.15,245196.55,1
2025-11-13,2025-11-13 11:39:00,676.64,676.83,676.64,676.83,0.03,386.15,245196.55,1
2025-11-13,2025-11-13 11:40:00,676.83,677.03,676.83,677.03,0.03,386.15,245196.55,1
2025-11-13,2025-11-13 11:41:00,677.03,677.23,677.03,677.23,0.03,386.15,245196.55,1
2025-11-13,2025-11-13 11:42:00,677.23,677.42,677.23,677.42,0.03,386.15,245196.55,1
2025-11-13,2025-11-13 11:43:00,677.42,677.62,677.42,677.62,0.03,386.15,245196.55,1
2025-11-13,2025-11-13 11:44:00,677.62,677.81,677.62,677.81,0.03,386.15,245196.55,1
2025-11-13,2025-11-13 11:45:00,677.81,678.01,677.81,678.01,0.03,386.15,245196.55,1
2025-11-13,2025-11-13 11:46:00,678.01,678.2,678.01,678.2,0.03,386.15,245196.55,1
2025-11-13,2025-11-13 11:47:00,678.2,678.4,678.2,678.4,0.03,386.15,245196.55,1
2025-11-13,2025-11-13 11:48:00,678.4,678.6,678.4,678.6,0.03,386.15,245196.55,1
2025-11-13,2025-11-13 11:49:00,678.6,678.79,678.6,678.79,0.03,386.15,245196.55,1
2025-11-13,2025-11-13 11:50:00,678.79,678.99,678.79,678.99,0.03,386.15,245196.55,1
2025-11-13,2025-11-13 11:51:00,678.99,679.18,678.99,679.18,0.03,386.15,245196.55,1
2025-11-13,2025-11-13 11:52:00,679.18,679.38,679.18,679.38,0.03,386.15,245196.55,1
2025-11-13,2025-11-13 11:53:00,679.38,679.58,679.38,679.58,0.03,386.15,245196.55,1
2025-11-13,2025-11-13 11:54:00,679.58,679.77,679.58,679.77,0.03,386.15,245196.55,1
2025-11-13,2025-11-13 11:55:00,679.77,679.97,679.77,679.97,0.03,386.15,245196.55,1
2025-11-13,2025-11-13 11:56:00,679.97,680.16,679.97,680.16,0.03,386.15,245196.55,1
2025-11-13,2025-11-13 11:57:00,680.16,680.36,680.16,680.36,0.03,386.15,245196.55,1
2025-11-13,2025-11-13 11:58:00,680.36,680.55,680.36,680.55,0.03,386.15,245196.55,1
2025-11-13,2025-11-13 11:59:00,680.55,680.75,680.55,680.75,0.03,386.15,245196.55,1
2025-11-13,2025-11-13 12:00:00,680.75,680.95,680.75,680.95,0.03,386.15,245196.55,1
2025-11-13,2025-11-13 12:01:00,680.95,681.14,680.95,681.14,0.03,386.15,245196.55,1
2025-11-13,2025-11-13 12:02:00,681.14,681.34,681.14,681.34,0.03,386.15,245196.55,1
2025-11-13,2025-11-13 12:03:00,681.34,681.53,681.34,681.53,0.03,386.15,245196.55,1
2025-11-13,2025-11-13 12:04:00,681.53,681.73,681.53,681.73,0.03,386.15,245196.55,1
2025-11-13,2025-11-13 12:05:00,681.73,681.92,681.73,681.92,0.03,386.15,245196.55,1
2025-11-13,2025-11-13 12:06:00,681.92,682.12,681.92,682.12,0.03,386.15,245196.55,1
2025-11-13,2025-11-13 12:07:00,682.12,682.32,682.12,682.32,0.03,386.15,245196.55,1
2025-11-13,2025-11-13 12:08:00,682.32,682.51,682.32,682.51,0.03,386.15,245196.55,1
2025-11-13,2025-11-13 12:09:00,682.51,682.71,682.51,682.71,0.03,386.15,245196.55,1
2025-11-13,2025-11-13 12:10:00,682.71,682.9,682.71,682.9,0.03,386.15,245196.55,1
2025-11-13,2025-11-13 12:11:00,682.9,683.1,682.9,683.1,0.03,386.15,245196.55,1
2025-11-13,2025-11-13 12:12:00,683.1,683.3,683.1,683.3,0.03,386.15,245196.55,1
2025-11-13,2025-11-13 12:13:00,683.3,683.49,683.3,683.49,0.03,386.15,245196.55,1
2025-11-13,2025-11-13 12:14:00,683.49,683.69,683.49,683.69,0.03,386.15,245196.55,1
2025-11-13,2025-11-13 12:15:00,683.69,683.88,683.69,683.88,0.03,386.15,245196.55,1
2025-11-13,2025-11-13 12:16:00,683.88,684.08,683.88,684.08,0.03,386.15,245196.55,1
2025-11-13,2025-11-13 12:17:00,684.08,684.27,684.08,684.27,0.03,386.15,245196.55,1
2025-11-13,2025-11-13 12:18:00,684.27,684.47,684.27,684.47,0.03,386.15,245196.55,1
2025-11-13,2025-11-13 12:19:00,684.47,684.67,684.47,684.67,0.03,386.15,245196.55,1
2025-11-13,2025-11-13 12:20:00,684.67,684.86,684.67,684.86,0.03,386.15,245196.55,1
2025-11-13,2025-11-13 12:21:00,684.86,685.06,684.86,685.06,0.03,386.15,245196.55,1
2025-11-13,2025-11-13 12:22:00,685.06,685.25,685.06,685.25,0.03,386.15,245196.55,1
2025-11-13,2025-11-13 12:23:00,685.25,685.45,685.25,685.45,0.03,386.15,245196.55,1
2025-11-13,2025-11-13 12:24:00,685.45,685.65,685.45,685.65,0.03,386.15,245196.55,1
2025-11-13,2025-11-13 12:25:00,685.65,685.84,685.65,685.84,0.03,386.15,245196.55,1
2025-11-13,2025-11-13 12:26:00,685.84,686.04,685.84,686.04,0.03,386.15,245196.55,1
2025-11-13,2025-11-13 12:27:00,686.04,686.23,686.04,686.23,0.03,386.15,245196.55,1
2025-11-13,2025-11-13 12:28:00,686.23,686.43,686.23,686.43,0.03,386.15,245196.55,1
2025-11-13,2025-11-13 12:29:00,686.43,686.62,686.43,686.62,0.03,386.15,245196.55,1
2025-11-13,2025-11-13 12:30:00,686.62,686.82,686.62,686.82,0.03,386.15,245196.55,1
2025-11-13,2025-11-13 12:31:00,686.82,687.02,686.82,687.02,0.03,386.15,245196.55,1
2025-11-13,2025-11-13 12:32:00,687.02,687.21,687.02,687.21,0.03,386.15,245196.55,1
2025-11-13,2025-11-13 12:33:00,687.21,687.41,687.21,687.41,0.03,386.15,245196.55,1
2025-11-13,2025-11-13 12:34:00,687.41,687.6,687.41,687.6,0.03,386.15,245196.55,1
2025-11-13,2025-11-13 12:35:00,687.6,687.8,687.6,687.8,0.03,386.15,245196.55,1
2025-11-13,2025-11-13 12:36:00,687.8,688.0,687.8,688.0,0.03,386.15,245196.55,1
2025-11-13,2025-11-13 12:37:00,688.0,688.19,688.0,688.19,0.03,386.15,245196.55,1
2025-11-13,2025-11-13 12:38:00,688.19,688.39,688.19,688.39,0.03,386.15,245196.55,1
2025-11-13,2025-11-13 12:39:00,688.39,688.58,688.39,688.58,0.03,386.15,245196.55,1
2025-11-13,2025-11-13 12:40:00,688.58,688.78,688.58,688.78,0.03,386.15,245196.55,1
2025-11-13,2025-11-13 12:41:00,688.78,688.98,688.78,688.98,0.03,386.15,245196.55,1
2025-11-13,2025-11-13 12:42:00,688.98,689.17,688.98,689.17,0.03,386.15,245196.55,1
2025-11-13,2025-11-13 12:43:00,689.17,689.37,689.17,689.37,0.03,386.15,245196.55,1
2025-11-13,2025-11-13 12:44:00,689.37,689.56,689.37,689.56,0.03,386.15,245196.55,1
2025-11-13,2025-11-13 12:45:00,689.56,689.76,689.56,689.76,0.03,386.15,245196.55,1
2025-11-13,2025-11-13 12:46:00,689.76,689.95,689.76,689.95,0.03,386.15,245196.55,1
2025-11-13,2025-11-13 12:47:00,689.95,690.15,689.95,690.15,0.03,386.15,245196.55,1
2025-11-13,2025-11-13 12:48:00,690.15,690.35,690.15,690.35,0.03,386.15,245196.55,1
2025-11-13,2025-11-13 12:49:00,690.35,690.54,690.35,690.54,0.03,386.15,245196.55,1
2025-11-13,2025-11-13 12:50:00,690.54,690.74,690.54,690.74,0.03,386.15,245196.55,1
2025-11-13,2025-11-13 12:51:00,690.74,690.93,690.74,690.93,0.03,386.15,245196.55,1
2025-11-13,2025-11-13 12:52:00,690.93,691.13,690.93,691.13,0.03,386.15,245196.55,1
2025-11-13,2025-11-13 12:53:00,691.13,691.33,691.13,691.33,0.03,386.15,245196.55,1
2025-11-13,2025-11-13 12:54:00,691.33,691.52,691.33,691.52,0.03,386.15,245196.55,1
2025-11-13,2025-11-13 12:55:00,691.52,691.72,691.52,691.72,0.03,386.15,245196.55,1
2025-11-13,2025-11-13 12:56:00,691.72,691.91,691.72,691.91,0.03,386.15,245196.55,1
2025-11-13,2025-11-13 12:57:00,691.91,692.11,691.91,692.11,0.03,386.15,245196.55,1
2025-11-13,2025-11-13 12:58:00,692.11,692.3,692.11,692.3,0.03,386.15,245196.55,1
2025-11-13,2025-11-13 12:59:00,692.3,692.5,692.3,692.5,0.03,386.15,245196.55,1
2025-11-13,2025-11-13 13:00:00,692.5,716.0,613.8,692.7,0.03,386.15,245196.55,1
2025-11-13,2025-11-13 13:01:00,692.7,692.89,692.7,692.89,0.03,386.15,245196.55,1
2025-11-13,2025-11-13 13:02:00,692.89,693.09,692.89,693.09,0.03,386.15,245196.55,1
2025-11-13,2025-11-13 13:03:00,693.09,693.28,693.09,693.28,0.03,386.15,245196.55,1
2025-11-13,2025-11-13 13:04:00,693.28,693.48,693.28,693.48,0.03,386.15,245196.55,1
2025-11-13,2025-11-13 13:05:00,693.48,693.67,693.48,693.67,0.03,386.15,245196.55,1
2025-11-13,2025-11-13 13:06:00,693.67,693.87,693.67,693.87,0.03,386.15,245196.55,1
2025-11-13,2025-11-13 13:07:00,693.87,694.07,693.87,694.07,0.03,386.15,245196.55,1
2025-11-13,2025-11-13 13:08:00,694.07,694.26,694.07,694.26,0.03,386.15,245196.55,1
2025-11-13,2025-11-13 13:09:00,694.26,694.46,694.26,694.46,0.03,386.15,245196.55,1
2025-11-13,2025-11-13 13:10:00,694.46,694.65,694.46,694.65,0.03,386.15,245196.55,1
2025-11-13,2025-11-13 13:11:00,694.65,694.85,694.65,694.85,0.03,386.15,245196.55,1
2025-11-13,2025-11-13 13:12:00,694.85,695.05,694.85,695.05,0.03,386.15,245196.55,1
2025-11-13,2025-11-13 13:13:00,695.05,695.24,695.05,695.24,0.03,386.15,245196.55,1
2025-11-13,2025-11-13 13:14:00,695.24,695.44,695.24,695.44,0.03,386.15,245196.55,1
2025-11-13,2025-11-13 13:15:00,695.44,695.63,695.44,695.63,0.03,386.15,245196.55,1
2025-11-13,2025-11-13 13:16:00,695.63,695.83,695.63,695.83,0.03,386.15,245196.55,1
2025-11-13,2025-11-13 13:17:00,695.83,696.02,695.83,696.02,0.03,386.15,245196.55,1
2025-11-13,2025-11-13 13:18:00,696.02,696.22,696.02,696.22,0.03,386.15,245196.55,1
2025-11-13,2025-11-13 13:19:00,696.22,696.42,696.22,696.42,0.03,386.15,245196.55,1
2025-11-13,2025-11-13 13:20:00,696.42,696.61,696.42,696.61,0.03,386.15,245196.55,1
2025-11-13,2025-11-13 13:21:00,696.61,696.81,696.61,696.81,0.03,386.15,245196.55,1
2025-11-13,2025-11-13 13:22:00,696.81,697.0,696.81,697.0,0.03,386.15,245196.55,1
2025-11-13,2025-11-13 13:23:00,697.0,697.2,697.0,697.2,0.03,386.15,245196.55,1
2025-11-13,2025-11-13 13:24:00,697.2,697.4,697.2,697.4,0.03,386.15,245196.55,1
2025-11-13,2025-11-13 13:25:00,697.4,697.59,697.4,697.59,0.03,386.15,245196.55,1
2025-11-13,2025-11-13 13:26:00,697.59,697.79,697.59,697.79,0.03,386.15,245196.55,1
2025-11-13,2025-11-13 13:27:00,697.79,697.98,697.79,697.98,0.03,386.15,245196.55,1
2025-11-13,2025-11-13 13:28:00,697.98,698.18,697.98,698.18,0.03,386.15,245196.55,1
2025-11-13,2025-11-13 13:29:00,698.18,698.38,698.18,698.38,0.03,386.15,245196.55,1
2025-11-13,2025-11-13 13:30:00,698.38,698.57,698.38,698.57,0.03,386.15,245196.55,1
2025-11-13,2025-11-13 13:31:00,698.57,698.77,698.57,698.77,0.03,386.15,245196.55,1
2025-11-13,2025-11-13 13:32:00,698.77,698.96,698.77,698.96,0.03,386.15,245196.55,1
2025-11-13,2025-11-13 13:33:00,698.96,699.16,698.96,699.16,0.03,386.15,245196.55,1
2025-11-13,2025-11-13 13:34:00,699.16,699.35,699.16,699.35,0.03,386.15,245196.55,1
2025-11-13,2025-11-13 13:35:00,699.35,699.55,699.35,699.55,0.03,386.15,245196.55,1
2025-11-13,2025-11-13 13:36:00,699.55,699.75,699.55,699.75,0.03,386.15,245196.55,1
2025-11-13,2025-11-13 13:37:00,699.75,699.94,699.75,699.94,0.03,386.15,245196.55,1
2025-11-13,2025-11-13 13:38:00,699.94,700.14,699.94,700.14,0.03,386.15,245196.55,1
2025-11-13,2025-11-13 13:39:00,700.14,700.33,700.14,700.33,0.03,386.15,245196.55,1
2025-11-13,2025-11-13 13:40:00,700.33,700.53,700.33,700.53,0.03,386.15,245196.55,1
2025-11-13,2025-11-13 13:41:00,700.53,700.73,700.53,700.73,0.03,386.15,245196.55,1
2025-11-13,2025-11-13 13:42:00,700.73,700.92,700.73,700.92,0.03,386.15,245196.55,1
2025-11-13,2025-11-13 13:43:00,700.92,701.12,700.92,701.12,0.03,386.15,245196.55,1
2025-11-13,2025-11-13 13:44:00,701.12,701.31,701.12,701.31,0.03,386.15,245196.55,1
2025-11-13,2025-11-13 13:45:00,701.31,701.51,701.31,701.51,0.03,386.15,245196.55,1
2025-11-13,2025-11-13 13:46:00,701.51,701.7,701.51,701.7,0.03,386.15,245196.55,1
2025-11-13,2025-11-13 13:47:00,701.7,701.9,701.7,701.9,0.03,386.15,245196.55,1
2025-11-13,2025-11-13 13:48:00,701.9,702.1,701.9,702.1,0.03,386.15,245196.55,1
2025-11-13,2025-11-13 13:49:00,702.1,702.29,702.1,702.29,0.03,386.15,245196.55,1
2025-11-13,2025-11-13 13:50:00,702.29,702.49,702.29,702.49,0.03,386.15,245196.55,1
2025-11-13,2025-11-13 13:51:00,702.49,702.68,702.49,702.68,0.03,386.15,245196.55,1
2025-11-13,2025-11-13 13:52:00,702.68,702.88,702.68,702.88,0.03,386.15,245196.55,1
2025-11-13,2025-11-13 13:53:00,702.88,703.08,702.88,703.08,0.03,386.15,245196.55,1
2025-11-13,2025-11-13 13:54:00,703.08,703.27,703.08,703.27,0.03,386.15,245196.55,1
2025-11-13,2025-11-13 13:55:00,703.27,703.47,703.27,703.47,0.03,386.15,245196.55,1
2025-11-13,2025-11-13 13:56:00,703.47,703.66,703.47,703.66,0.03,386.15,245196.55,1
2025-11-13,2025-11-13 13:57:00,703.66,703.86,703.66,703.86,0.03,386.15,245196.55,1
2025-11-13,2025-11-13 13:58:00,703.86,704.05,703.86,704.05,0.03,386.15,245196.55,1
2025-11-13,2025-11-13 13:59:00,704.05,704.25,704.05,704.25,0.03,386.15,245196.55,1
2025-11-13,2025-11-13 14:00:00,704.25,704.45,704.25,704.45,0.03,386.15,245196.55,1
2025-11-13,2025-11-13 14:01:00,704.45,704.64,704.45,704.64,0.03,386.15,245196.55,1
2025-11-13,2025-11-13 14:02:00,704.64,704.84,704.64,704.84,0.03,386.15,245196.55,1
2025-11-13,2025-11-13 14:03:00,704.84,705.03,704.84,705.03,0.03,386.15,245196.55,1
2025-11-13,2025-11-13 14:04:00,705.03,705.23,705.03,705.23,0.03,386.15,245196.55,1
2025-11-13,2025-11-13 14:05:00,705.23,705.42,705.23,705.42,0.03,386.15,245196.55,1
2025-11-13,2025-11-13 14:06:00,705.42,705.62,705.42,705.62,0.03,386.15,245196.55,1
2025-11-13,2025-11-13 14:07:00,705.62,705.82,705.62,705.82,0.03,386.15,245196.55,1
2025-11-13,2025-11-13 14:08:00,705.82,706.01,705.82,706.01,0.03,386.15,245196.55,1
2025-11-13,2025-11-13 14:09:00,706.01,706.21,706.01,706.21,0.03,386.15,245196.55,1
2025-11-13,2025-11-13 14:10:00,706.21,706.4,706.21,706.4,0.03,386.15,245196.55,1
2025-11-13,2025-11-13 14:11:00,706.4,706.6,706.4,706.6,0.03,386.15,245196.55,1
2025-11-13,2025-11-13 14:12:00,706.6,706.8,706.6,706.8,0.03,386.15,245196.55,1
2025-11-13,2025-11-13 14:13:00,706.8,706.99,706.8,706.99,0.03,386.15,245196.55,1
2025-11-13,2025-11-13 14:14:00,706.99,707.19,706.99,707.19,0.03,386.15,245196.55,1
2025-11-13,2025-11-13 14:15:00,707.19,707.38,707.19,707.38,0.03,386.15,245196.55,1
2025-11-13,2025-11-13 14:16:00,707.38,707.58,707.38,707.58,0.03,386.15,245196.55,1
2025-11-13,2025-11-13 14:17:00,707.58,707.77,707.58,707.77,0.03,386.15,245196.55,1
2025-11-13,2025-11-13 14:18:00,707.77,707.97,707.77,707.97,0.03,386.15,245196.55,1
2025-11-13,2025-11-13 14:19:00,707.97,708.17,707.97,708.17,0.03,386.15,245196.55,1
2025-11-13,2025-11-13 14:20:00,708.17,708.36,708.17,708.36,0.03,386.15,245196.55,1
2025-11-13,2025-11-13 14:21:00,708.36,708.56,708.36,708.56,0.03,386.15,245196.55,1
2025-11-13,2025-11-13 14:22:00,708.56,708.75,708.56,708.75,0.03,386.15,245196.55,1
2025-11-13,2025-11-13 14:23:00,708.75,708.95,708.75,708.95,0.03,386.15,245196.55,1
2025-11-13,2025-11-13 14:24:00,708.95,709.15,708.95,709.15,0.03,386.15,245196.55,1
2025-11-13,2025-11-13 14:25:00,709.15,709.34,709.15,709.34,0.03,386.15,245196.55,1
2025-11-13,2025-11-13 14:26:00,709.34,709.54,709.34,709.54,0.03,386.15,245196.55,1
2025-11-13,2025-11-13 14:27:00,709.54,709.73,709.54,709.73,0.03,386.15,245196.55,1
2025-11-13,2025-11-13 14:28:00,709.73,709.93,709.73,709.93,0.03,386.15,245196.55,1
2025-11-13,2025-11-13 14:29:00,709.93,710.12,709.93,710.12,0.03,386.15,245196.55,1
2025-11-13,2025-11-13 14:30:00,710.12,710.32,710.12,710.32,0.03,386.15,245196.55,1
2025-11-13,2025-11-13 14:31:00,710.32,710.52,710.32,710.52,0.03,386.15,245196.55,1
2025-11-13,2025-11-13 14:32:00,710.52,710.71,710.52,710.71,0.03,386.15,245196.55,1
2025-11-13,2025-11-13 14:33:00,710.71,710.91,710.71,710.91,0.03,386.15,245196.55,1
2025-11-13,2025-11-13 14:34:00,710.91,711.1,710.91,711.1,0.03,386.15,245196.55,1
2025-11-13,2025-11-13 14:35:00,711.1,711.3,711.1,711.3,0.03,386.15,245196.55,1
2025-11-13,2025-11-13 14:36:00,711.3,711.5,711.3,711.5,0.03,386.15,245196.55,1
2025-11-13,2025-11-13 14:37:00,711.5,711.69,711.5,711.69,0.03,386.15,245196.55,1
2025-11-13,2025-11-13 14:38:00,711.69,711.89,711.69,711.89,0.03,386.15,245196.55,1
2025-11-13,2025-11-13 14:39:00,711.89,712.08,711.89,712.08,0.03,386.15,245196.55,1
2025-11-13,2025-11-13 14:40:00,712.08,712.28,712.08,712.28,0.03,386.15,245196.55,1
2025-11-13,2025-11-13 14:41:00,712.28,712.48,712.28,712.48,0.03,386.15,245196.55,1
2025-11-13,2025-11-13 14:42:00,712.48,712.67,712.48,712.67,0.03,386.15,245196.55,1
2025-11-13,2025-11-13 14:43:00,712.67,712.87,712.67,712.87,0.03,386.15,245196.55,1
2025-11-13,2025-11-13 14:44:00,712.87,713.06,712.87,713.06,0.03,386.15,245196.55,1
2025-11-13,2025-11-13 14:45:00,713.06,713.26,713.06,713.26,0.03,386.15,245196.55,1
2025-11-13,2025-11-13 14:46:00,713.26,713.45,713.26,713.45,0.03,386.15,245196.55,1
2025-11-13,2025-11-13 14:47:00,713.45,713.65,713.45,713.65,0.03,386.15,245196.55,1
2025-11-13,2025-11-13 14:48:00,713.65,713.85,713.65,713.85,0.03,386.15,245196.55,1
2025-11-13,2025-11-13 14:49:00,713.85,714.04,713.85,714.04,0.03,386.15,245196.55,1
2025-11-13,2025-11-13 14:50:00,714.04,714.24,714.04,714.24,0.03,386.15,245196.55,1
2025-11-13,2025-11-13 14:51:00,714.24,714.43,714.24,714.43,0.03,386.15,245196.55,1
2025-11-13,2025-11-13 14:52:00,714.43,714.63,714.43,714.63,0.03,386.15,245196.55,1
2025-11-13,2025-11-13 14:53:00,714.63,714.83,714.63,714.83,0.03,386.15,245196.55,1
2025-11-13,2025-11-13 14:54:00,714.83,715.02,714.83,715.02,0.03,386.15,245196.55,1
2025-11-13,2025-11-13 14:55:00,715.02,715.22,715.02,715.22,0.03,386.15,245196.55,1
2025-11-13,2025-11-13 14:56:00,715.22,715.41,715.22,715.41,0.03,386.15,245196.55,1
2025-11-13,2025-11-13 14:57:00,715.41,715.61,715.41,715.61,0.03,386.15,245196.55,1
2025-11-13,2025-11-13 14:58:00,715.61,715.8,715.61,715.8,0.03,386.15,245196.55,1
2025-11-13,2025-11-13 14:59:00,715.8,716.0,715.8,716.0,0.03,386.15,245196.55,1
2025-11-13,2025-11-13 15:00:00,716.0,716.0,613.8,716.0,0.0,386.15,245196.55,0
2025-11-16,2025-11-16 11:00:00,701.7,701.7,684.51,701.46,-0.03,66.66,43001.9,-1
2025-11-16,2025-11-16 11:01:00,701.46,701.46,701.22,701.22,-0.03,66.66,43001.9,-1
2025-11-16,2025-11-16 11:02:00,701.22,701.22,700.98,700.98,-0.03,66.66,43001.9,-1
2025-11-16,2025-11-16 11:03:00,700.98,700.98,700.75,700.75,-0.03,66.66,43001.9,-1
2025-11-16,2025-11-16 11:04:00,700.75,700.75,700.51,700.51,-0.03,66.66,43001.9,-1
2025-11-16,2025-11-16 11:05:00,700.51,700.51,700.27,700.27,-0.03,66.66,43001.9,-1
2025-11-16,2025-11-16 11:06:00,700.27,700.27,700.03,700.03,-0.03,66.66,43001.9,-1
2025-11-16,2025-11-16 11:07:00,700.03,700.03,699.79,699.79,-0.03,66.66,43001.9,-1
2025-11-16,2025-11-16 11:08:00,699.79,699.79,699.55,699.55,-0.03,66.66,43001.9,-1
2025-11-16,2025-11-16 11:09:00,699.55,699.55,699.31,699.31,-0.03,66.66,43001.9,-1
2025-11-16,2025-11-16 11:10:00,699.31,699.31,699.07,699.07,-0.03,66.66,43001.9,-1
2025-11-16,2025-11-16 11:11:00,699.07,699.07,698.84,698.84,-0.03,66.66,43001.9,-1
2025-11-16,2025-11-16 11:12:00,698.84,698.84,698.6,698.6,-0.03,66.66,43001.9,-1
2025-11-16,2025-11-16 11:13:00,698.6,698.6,698.36,698.36,-0.03,66.66,43001.9,-1
2025-11-16,2025-11-16 11:14:00,698.36,698.36,698.12,698.12,-0.03,66.66,43001.9,-1
2025-11-16,2025-11-16 11:15:00,698.12,698.12,697.88,697.88,-0.03,66.66,43001.9,-1
2025-11-16,2025-11-16 11:16:00,697.88,697.88,697.64,697.64,-0.03,66.66,43001.9,-1
2025-11-16,2025-11-16 11:17:00,697.64,697.64,697.4,697.4,-0.03,66.66,43001.9,-1
2025-11-16,2025-11-16 11:18:00,697.4,697.4,697.16,697.16,-0.03,66.66,43001.9,-1
2025-11-16,2025-11-16 11:19:00,697.16,697.16,696.93,696.93,-0.03,66.66,43001.9,-1
2025-11-16,2025-11-16 11:20:00,696.93,696.93,696.69,696.69,-0.03,66.66,43001.9,-1
2025-11-16,2025-11-16 11:21:00,696.69,696.69,696.45,696.45,-0.03,66.66,43001.9,-1
2025-11-16,2025-11-16 11:22:00,696.45,696.45,696.21,696.21,-0.03,66.66,43001.9,-1
2025-11-16,2025-11-16 11:23:00,696.21,696.21,695.97,695.97,-0.03,66.66,43001.9,-1
2025-11-16,2025-11-16 11:24:00,695.97,695.97,695.73,695.73,-0.03,66.66,43001.9,-1
2025-11-16,2025-11-16 11:25:00,695.73,695.73,695.49,695.49,-0.03,66.66,43001.9,-1
2025-11-16,2025-11-16 11:26:00,695.49,695.49,695.25,695.25,-0.03,66.66,43001.9,-1
2025-11-16,2025-11-16 11:27:00,695.25,695.25,695.01,695.01,-0.03,66.66,43001.9,-1
2025-11-16,2025-11-16 11:28:00,695.01,695.01,694.78,694.78,-0.03,66.66,43001.9,-1
2025-11-16,2025-11-16 11:29:00,694.78,694.78,694.54,694.54,-0.03,66.66,43001.9,-1
2025-11-16,2025-11-16 11:30:00,694.54,694.54,694.3,694.3,-0.03,66.66,43001.9,-1
2025-11-16,2025-11-16 11:31:00,694.3,694.3,694.06,694.06,-0.03,66.66,43001.9,-1
2025-11-16,2025-11-16 11:32:00,694.06,694.06,693.82,693.82,-0.03,66.66,43001.9,-1
2025-11-16,2025-11-16 11:33:00,693.82,693.82,693.58,693.58,-0.03,66.66,43001.9,-1
2025-11-16,2025-11-16 11:34:00,693.58,693.58,693.34,693.34,-0.03,66.66,43001.9,-1
2025-11-16,2025-11-16 11:35:00,693.34,693.34,693.11,693.11,-0.03,66.66,43001.9,-1
2025-11-16,2025-11-16 11:36:00,693.11,693.11,692.87,692.87,-0.03,66.66,43001.9,-1
2025-11-16,2025-11-16 11:37:00,692.87,692.87,692.63,692.63,-0.03,66.66,43001.9,-1
2025-11-16,2025-11-16 11:38:00,692.63,692.63,692.39,692.39,-0.03,66.66,43001.9,-1
2025-11-16,2025-11-16 11:39:00,692.39,692.39,692.15,692.15,-0.03,66.66,43001.9,-1
2025-11-16,2025-11-16 11:40:00,692.15,692.15,691.91,691.91,-0.03,66.66,43001.9,-1
2025-11-16,2025-11-16 11:41:00,691.91,691.91,691.67,691.67,-0.03,66.66,43001.9,-1
2025-11-16,2025-11-16 11:42:00,691.67,691.67,691.43,691.43,-0.03,66.66,43001.9,-1
2025-11-16,2025-11-16 11:43:00,691.43,691.43,691.2,691.2,-0.03,66.66,43001.9,-1
2025-11-16,2025-11-16 11:44:00,691.2,691.2,690.96,690.96,-0.03,66.66,43001.9,-1
2025-11-16,2025-11-16 11:45:00,690.96,690.96,690.72,690.72,-0.03,66.66,43001.9,-1
2025-11-16,2025-11-16 11:46:00,690.72,690.72,690.48,690.48,-0.03,66.66,43001.9,-1
2025-11-16,2025-11-16 11:47:00,690.48,690.48,690.24,690.24,-0.03,66.66,43001.9,-1
2025-11-16,2025-11-16 11:48:00,690.24,690.24,690.0,690.0,-0.03,66.66,43001.9,-1
2025-11-16,2025-11-16 11:49:00,690.0,690.0,689.76,689.76,-0.03,66.66,43001.9,-1
2025-11-16,2025-11-16 11:50:00,689.76,689.76,689.52,689.52,-0.03,66.66,43001.9,-1
2025-11-16,2025-11-16 11:51:00,689.52,689.52,689.29,689.29,-0.03,66.66,43001.9,-1
2025-11-16,2025-11-16 11:52:00,689.29,689.29,689.05,689.05,-0.03,66.66,43001.9,-1
2025-11-16,2025-11-16 11:53:00,689.05,689.05,688.81,688.81,-0.03,66.66,43001.9,-1
2025-11-16,2025-11-16 11:54:00,688.81,688.81,688.57,688.57,-0.03,66.66,43001.9,-1
2025-11-16,2025-11-16 11:55:00,688.57,688.57,688.33,688.33,-0.03,66.66,43001.9,-1
2025-11-16,2025-11-16 11:56:00,688.33,688.33,688.09,688.09,-0.03,66.66,43001.9,-1
2025-11-16,2025-11-16 11:57:00,688.09,688.09,687.85,687.85,-0.03,66.66,43001.9,-1
2025-11-16,2025-11-16 11:58:00,687.85,687.85,687.61,687.61,-0.03,66.66,43001.9,-1
2025-11-16,2025-11-16 11:59:00,687.61,687.61,687.38,687.38,-0.03,66.66,43001.9,-1
2025-11-16,2025-11-16 12:00:00,687.38,687.38,687.14,687.14,-0.03,66.66,43001.9,-1
2025-11-16,2025-11-16 12:01:00,687.14,687.14,686.9,686.9,-0.03,66.66,43001.9,-1
2025-11-16,2025-11-16 12:02:00,686.9,686.9,686.66,686.66,-0.03,66.66,43001.9,-1
2025-11-16,2025-11-16 12:03:00,686.66,686.66,686.42,686.42,-0.03,66.66,43001.9,-1
2025-11-16,2025-11-16 12:04:00,686.42,686.42,686.18,686.18,-0.03,66.66,43001.9,-1
2025-11-16,2025-11-16 12:05:00,686.18,686.18,685.94,685.94,-0.03,66.66,43001.9,-1
2025-11-16,2025-11-16 12:06:00,685.94,685.94,685.7,685.7,-0.03,66.66,43001.9,-1
2025-11-16,2025-11-16 12:07:00,685.7,685.7,685.47,685.47,-0.03,66.66,43001.9,-1
2025-11-16,2025-11-16 12:08:00,685.47,685.47,685.23,685.23,-0.04,66.66,43001.9,-1
2025-11-16,2025-11-16 12:09:00,685.23,685.23,684.99,684.99,-0.04,66.66,43001.9,-1
2025-11-16,2025-11-16 12:10:00,684.99,684.99,684.75,684.75,-0.04,66.66,43001.9,-1
2025-11-16,2025-11-16 12:11:00,684.75,684.75,684.51,684.51,-0.04,66.66,43001.9,-1
2025-11-16,2025-11-16 12:12:00,684.51,684.51,684.27,684.27,-0.04,66.66,43001.9,-1
2025-11-16,2025-11-16 12:13:00,684.27,684.27,684.03,684.03,-0.04,66.66,43001.9,-1
2025-11-16,2025-11-16 12:14:00,684.03,684.03,683.79,683.79,-0.04,66.66,43001.9,-1
2025-11-16,2025-11-16 12:15:00,683.79,683.79,683.56,683.56,-0.03,66.66,43001.9,-1
2025-11-16,2025-11-16 12:16:00,683.56,683.56,683.32,683.32,-0.04,66.66,43001.9,-1
2025-11-16,2025-11-16 12:17:00,683.32,683.32,683.08,683.08,-0.04,66.66,43001.9,-1
2025-11-16,2025-11-16 12:18:00,683.08,683.08,682.84,682.84,-0.04,66.66,43001.9,-1
2025-11-16,2025-11-16 12:19:00,682.84,682.84,682.6,682.6,-0.04,66.66,43001.9,-1
2025-11-16,2025-11-16 12:20:00,682.6,682.6,682.36,682.36,-0.04,66.66,43001.9,-1
2025-11-16,2025-11-16 12:21:00,682.36,682.36,682.12,682.12,-0.04,66.66,43001.9,-1
2025-11-16,2025-11-16 12:22:00,682.12,682.12,681.88,681.88,-0.04,66.66,43001.9,-1
2025-11-16,2025-11-16 12:23:00,681.88,681.88,681.64,681.64,-0.04,66.66,43001.9,-1
2025-11-16,2025-11-16 12:24:00,681.64,681.64,681.41,681.41,-0.03,66.66,43001.9,-1
2025-11-16,2025-11-16 12:25:00,681.41,681.41,681.17,681.17,-0.04,66.66,43001.9,-1
2025-11-16,2025-11-16 12:26:00,681.17,681.17,680.93,680.93,-0.04,66.66,43001.9,-1
2025-11-16,2025-11-16 12:27:00,680.93,680.93,680.69,680.69,-0.04,66.66,43001.9,-1
2025-11-16,2025-11-16 12:28:00,680.69,680.69,680.45,680.45,-0.04,66.66,43001.9,-1
2025-11-16,2025-11-16 12:29:00,680.45,680.45,680.21,680.21,-0.04,66.66,43001.9,-1
2025-11-16,2025-11-16 12:30:00,680.21,680.21,679.97,679.97,-0.04,66.66,43001.9,-1
2025-11-16,2025-11-16 12:31:00,679.97,679.97,679.74,679.74,-0.03,66.66,43001.9,-1
2025-11-16,2025-11-16 12:32:00,679.74,679.74,679.5,679.5,-0.04,66.66,43001.9,-1
2025-11-16,2025-11-16 12:33:00,679.5,679.5,679.26,679.26,-0.04,66.66,43001.9,-1
2025-11-16,2025-11-16 12:34:00,679.26,679.26,679.02,679.02,-0.04,66.66,43001.9,-1
2025-11-16,2025-11-16 12:35:00,679.02,679.02,678.78,678.78,-0.04,66.66,43001.9,-1
2025-11-16,2025-11-16 12:36:00,678.78,678.78,678.54,678.54,-0.04,66.66,43001.9,-1
2025-11-16,2025-11-16 12:37:00,678.54,678.54,678.3,678.3,-0.04,66.66,43001.9,-1
2025-11-16,2025-11-16 12:38:00,678.3,678.3,678.06,678.06,-0.04,66.66,43001.9,-1
2025-11-16,2025-11-16 12:39:00,678.06,678.06,677.83,677.83,-0.03,66.66,43001.9,-1
2025-11-16,2025-11-16 12:40:00,677.83,677.83,677.59,677.59,-0.04,66.66,43001.9,-1
2025-11-16,2025-11-16 12:41:00,677.59,677.59,677.35,677.35,-0.04,66.66,43001.9,-1
2025-11-16,2025-11-16 12:42:00,677.35,677.35,677.11,677.11,-0.04,66.66,43001.9,-1
2025-11-16,2025-11-16 12:43:00,677.11,677.11,676.87,676.87,-0.04,66.66,43001.9,-1
2025-11-16,2025-11-16 12:44:00,676.87,676.87,676.63,676.63,-0.04,66.66,43001.9,-1
2025-11-16,2025-11-16 12:45:00,676.63,676.63,676.39,676.39,-0.04,66.66,43001.9,-1
2025-11-16,2025-11-16 12:46:00,676.39,676.39,676.15,676.15,-0.04,66.66,43001.9,-1
2025-11-16,2025-11-16 12:47:00,676.15,676.15,675.91,675.91,-0.04,66.66,43001.9,-1
2025-11-16,2025-11-16 12:48:00,675.91,675.91,675.68,675.68,-0.03,66.66,43001.9,-1
2025-11-16,2025-11-16 12:49:00,675.68,675.68,675.44,675.44,-0.04,66.66,43001.9,-1
2025-11-16,2025-11-16 12:50:00,675.44,675.44,675.2,675.2,-0.04,66.66,43001.9,-1
2025-11-16,2025-11-16 12:51:00,675.2,675.2,674.96,674.96,-0.04,66.66,43001.9,-1
2025-11-16,2025-11-16 12:52:00,674.96,674.96,674.72,674.72,-0.04,66.66,43001.9,-1
2025-11-16,2025-11-16 12:53:00,674.72,674.72,674.48,674.48,-0.04,66.66,43001.9,-1
2025-11-16,2025-11-16 12:54:00,674.48,674.48,674.24,674.24,-0.04,66.66,43001.9,-1
2025-11-16,2025-11-16 12:55:00,674.24,674.24,674.0,674.0,-0.04,66.66,43001.9,-1
2025-11-16,2025-11-16 12:56:00,674.0,674.0,673.77,673.77,-0.03,66.66,43001.9,-1
2025-11-16,2025-11-16 12:57:00,673.77,673.77,673.53,673.53,-0.04,66.66,43001.9,-1
2025-11-16,2025-11-16 12:58:00,673.53,673.53,673.29,673.29,-0.04,66.66,43001.9,-1
2025-11-16,2025-11-16 12:59:00,673.29,673.29,673.05,673.05,-0.04,66.66,43001.9,-1
2025-11-16,2025-11-16 13:00:00,673.05,701.7,644.4,672.81,-0.04,66.66,43001.9,-1
2025-11-16,2025-11-16 13:01:00,672.81,672.81,672.57,672.57,-0.04,66.66,43001.9,-1
2025-11-16,2025-11-16 13:02:00,672.57,672.57,672.33,672.33,-0.04,66.66,43001.9,-1
2025-11-16,2025-11-16 13:03:00,672.33,672.33,672.1,672.1,-0.03,66.66,43001.9,-1
2025-11-16,2025-11-16 13:04:00,672.1,672.1,671.86,671.86,-0.04,66.66,43001.9,-1
2025-11-16,2025-11-16 13:05:00,671.86,671.86,671.62,671.62,-0.04,66.66,43001.9,-1
2025-11-16,2025-11-16 13:06:00,671.62,671.62,671.38,671.38,-0.04,66.66,43001.9,-1
2025-11-16,2025-11-16 13:07:00,671.38,671.38,671.14,671.14,-0.04,66.66,43001.9,-1
2025-11-16,2025-11-16 13:08:00,671.14,671.14,670.9,670.9,-0.04,66.66,43001.9,-1
2025-11-16,2025-11-16 13:09:00,670.9,670.9,670.66,670.66,-0.04,66.66,43001.9,-1
2025-11-16,2025-11-16 13:10:00,670.66,670.66,670.42,670.42,-0.04,66.66,43001.9,-1
2025-11-16,2025-11-16 13:11:00,670.42,670.42,670.19,670.19,-0.03,66.66,43001.9,-1
2025-11-16,2025-11-16 13:12:00,670.19,670.19,669.95,669.95,-0.04,66.66,43001.9,-1
2025-11-16,2025-11-16 13:13:00,669.95,669.95,669.71,669.71,-0.04,66.66,43001.9,-1
2025-11-16,2025-11-16 13:14:00,669.71,669.71,669.47,669.47,-0.04,66.66,43001.9,-1
2025-11-16,2025-11-16 13:15:00,669.47,669.47,669.23,669.23,-0.04,66.66,43001.9,-1
2025-11-16,2025-11-16 13:16:00,669.23,669.23,668.99,668.99,-0.04,66.66,43001.9,-1
2025-11-16,2025-11-16 13:17:00,668.99,668.99,668.75,668.75,-0.04,66.66,43001.9,-1
2025-11-16,2025-11-16 13:18:00,668.75,668.75,668.51,668.51,-0.04,66.66,43001.9,-1
2025-11-16,2025-11-16 13:19:00,668.51,668.51,668.27,668.27,-0.04,66.66,43001.9,-1
2025-11-16,2025-11-16 13:20:00,668.27,668.27,668.04,668.04,-0.03,66.66,43001.9,-1
2025-11-16,2025-11-16 13:21:00,668.04,668.04,667.8,667.8,-0.04,66.66,43001.9,-1
2025-11-16,2025-11-16 13:22:00,667.8,667.8,667.56,667.56,-0.04,66.66,43001.9,-1
2025-11-16,2025-11-16 13:23:00,667.56,667.56,667.32,667.32,-0.04,66.66,43001.9,-1
2025-11-16,2025-11-16 13:24:00,667.32,667.32,667.08,667.08,-0.04,66.66,43001.9,-1
2025-11-16,2025-11-16 13:25:00,667.08,667.08,666.84,666.84,-0.04,66.66,43001.9,-1
2025-11-16,2025-11-16 13:26:00,666.84,666.84,666.6,666.6,-0.04,66.66,43001.9,-1
2025-11-16,2025-11-16 13:27:00,666.6,666.6,666.37,666.37,-0.03,66.66,43001.9,-1
2025-11-16,2025-11-16 13:28:00,666.37,666.37,666.13,666.13,-0.04,66.66,43001.9,-1
2025-11-16,2025-11-16 13:29:00,666.13,666.13,665.89,665.89,-0.04,66.66,43001.9,-1
2025-11-16,2025-11-16 13:30:00,665.89,665.89,665.65,665.65,-0.04,66.66,43001.9,-1
2025-11-16,2025-11-16 13:31:00,665.65,665.65,665.41,665.41,-0.04,66.66,43001.9,-1
2025-11-16,2025-11-16 13:32:00,665.41,665.41,665.17,665.17,-0.04,66.66,43001.9,-1
2025-11-16,2025-11-16 13:33:00,665.17,665.17,664.93,664.93,-0.04,66.66,43001.9,-1
2025-11-16,2025-11-16 13:34:00,664.93,664.93,664.69,664.69,-0.04,66.66,43001.9,-1
2025-11-16,2025-11-16 13:35:00,664.69,664.69,664.46,664.46,-0.03,66.66,43001.9,-1
2025-11-16,2025-11-16 13:36:00,664.46,664.46,664.22,664.22,-0.04,66.66,43001.9,-1
2025-11-16,2025-11-16 13:37:00,664.22,664.22,663.98,663.98,-0.04,66.66,43001.9,-1
2025-11-16,2025-11-16 13:38:00,663.98,663.98,663.74,663.74,-0.04,66.66,43001.9,-1
2025-11-16,2025-11-16 13:39:00,663.74,663.74,663.5,663.5,-0.04,66.66,43001.9,-1
2025-11-16,2025-11-16 13:40:00,663.5,663.5,663.26,663.26,-0.04,66.66,43001.9,-1
2025-11-16,2025-11-16 13:41:00,663.26,663.26,663.02,663.02,-0.04,66.66,43001.9,-1
2025-11-16,2025-11-16 13:42:00,663.02,663.02,662.78,662.78,-0.04,66.66,43001.9,-1
2025-11-16,2025-11-16 13:43:00,662.78,662.78,662.54,662.54,-0.04,66.66,43001.9,-1
2025-11-16,2025-11-16 13:44:00,662.54,662.54,662.31,662.31,-0.03,66.66,43001.9,-1
2025-11-16,2025-11-16 13:45:00,662.31,662.31,662.07,662.07,-0.04,66.66,43001.9,-1
2025-11-16,2025-11-16 13:46:00,662.07,662.07,661.83,661.83,-0.04,66.66,43001.9,-1
2025-11-16,2025-11-16 13:47:00,661.83,661.83,661.59,661.59,-0.04,66.66,43001.9,-1
2025-11-16,2025-11-16 13:48:00,661.59,661.59,661.35,661.35,-0.04,66.66,43001.9,-1
2025-11-16,2025-11-16 13:49:00,661.35,661.35,661.11,661.11,-0.04,66.66,43001.9,-1
2025-11-16,2025-11-16 13:50:00,661.11,661.11,660.87,660.87,-0.04,66.66,43001.9,-1
2025-11-16,2025-11-16 13:51:00,660.87,660.87,660.63,660.63,-0.04,66.66,43001.9,-1
2025-11-16,2025-11-16 13:52:00,660.63,660.63,660.4,660.4,-0.03,66.66,43001.9,-1
2025-11-16,2025-11-16 13:53:00,660.4,660.4,660.16,660.16,-0.04,66.66,43001.9,-1
2025-11-16,2025-11-16 13:54:00,660.16,660.16,659.92,659.92,-0.04,66.66,43001.9,-1
2025-11-16,2025-11-16 13:55:00,659.92,659.92,659.68,659.68,-0.04,66.66,43001.9,-1
2025-11-16,2025-11-16 13:56:00,659.68,659.68,659.44,659.44,-0.04,66.66,43001.9,-1
2025-11-16,2025-11-16 13:57:00,659.44,659.44,659.2,659.2,-0.04,66.66,43001.9,-1
2025-11-16,2025-11-16 13:58:00,659.2,659.2,658.96,658.96,-0.04,66.66,43001.9,-1
2025-11-16,2025-11-16 13:59:00,658.96,658.96,658.73,658.73,-0.03,66.66,43001.9,-1
2025-11-16,2025-11-16 14:00:00,658.73,658.73,658.49,658.49,-0.04,66.66,43001.9,-1
2025-11-16,2025-11-16 14:01:00,658.49,658.49,658.25,658.25,-0.04,66.66,43001.9,-1
2025-11-16,2025-11-16 14:02:00,658.25,658.25,658.01,658.01,-0.04,66.66,43001.9,-1
2025-11-16,2025-11-16 14:03:00,658.01,658.01,657.77,657.77,-0.04,66.66,43001.9,-1
2025-11-16,2025-11-16 14:04:00,657.77,657.77,657.53,657.53,-0.04,66.66,43001.9,-1
2025-11-16,2025-11-16 14:05:00,657.53,657.53,657.29,657.29,-0.04,66.66,43001.9,-1
2025-11-16,2025-11-16 14:06:00,657.29,657.29,657.05,657.05,-0.04,66.66,43001.9,-1
2025-11-16,2025-11-16 14:07:00,657.05,657.05,656.81,656.81,-0.04,66.66,43001.9,-1
2025-11-16,2025-11-16 14:08:00,656.81,656.81,656.58,656.58,-0.04,66.66,43001.9,-1
2025-11-16,2025-11-16 14:09:00,656.58,656.58,656.34,656.34,-0.04,66.66,43001.9,-1
2025-11-16,2025-11-16 14:10:00,656.34,656.34,656.1,656.1,-0.04,66.66,43001.9,-1
2025-11-16,2025-11-16 14:11:00,656.1,656.1,655.86,655.86,-0.04,66.66,43001.9,-1
2025-11-16,2025-11-16 14:12:00,655.86,655.86,655.62,655.62,-0.04,66.66,43001.9,-1
2025-11-16,2025-11-16 14:13:00,655.62,655.62,655.38,655.38,-0.04,66.66,43001.9,-1
2025-11-16,2025-11-16 14:14:00,655.38,655.38,655.14,655.14,-0.04,66.66,43001.9,-1
2025-11-16,2025-11-16 14:15:00,655.14,655.14,654.9,654.9,-0.04,66.66,43001.9,-1
2025-11-16,2025-11-16 14:16:00,654.9,654.9,654.67,654.67,-0.04,66.66,43001.9,-1
2025-11-16,2025-11-16 14:17:00,654.67,654.67,654.43,654.43,-0.04,66.66,43001.9,-1
2025-11-16,2025-11-16 14:18:00,654.43,654.43,654.19,654.19,-0.04,66.66,43001.9,-1
2025-11-16,2025-11-16 14:19:00,654.19,654.19,653.95,653.95,-0.04,66.66,43001.9,-1
2025-11-16,2025-11-16 14:20:00,653.95,653.95,653.71,653.71,-0.04,66.66,43001.9,-1
2025-11-16,2025-11-16 14:21:00,653.71,653.71,653.47,653.47,-0.04,66.66,43001.9,-1
2025-11-16,2025-11-16 14:22:00,653.47,653.47,653.23,653.23,-0.04,66.66,43001.9,-1
2025-11-16,2025-11-16 14:23:00,653.23,653.23,653.0,653.0,-0.04,66.66,43001.9,-1
2025-11-16,2025-11-16 14:24:00,653.0,653.0,652.76,652.76,-0.04,66.66,43001.9,-1
2025-11-16,2025-11-16 14:25:00,652.76,652.76,652.52,652.52,-0.04,66.66,43001.9,-1
2025-11-16,2025-11-16 14:26:00,652.52,652.52,652.28,652.28,-0.04,66.66,43001.9,-1
2025-11-16,2025-11-16 14:27:00,652.28,652.28,652.04,652.04,-0.04,66.66,43001.9,-1
2025-11-16,2025-11-16 14:28:00,652.04,652.04,651.8,651.8,-0.04,66.66,43001.9,-1
2025-11-16,2025-11-16 14:29:00,651.8,651.8,651.56,651.56,-0.04,66.66,43001.9,-1
2025-11-16,2025-11-16 14:30:00,651.56,651.56,651.32,651.32,-0.04,66.66,43001.9,-1
2025-11-16,2025-11-16 14:31:00,651.32,651.32,651.09,651.09,-0.04,66.66,43001.9,-1
2025-11-16,2025-11-16 14:32:00,651.09,651.09,650.85,650.85,-0.04,66.66,43001.9,-1
2025-11-16,2025-11-16 14:33:00,650.85,650.85,650.61,650.61,-0.04,66.66,43001.9,-1
2025-11-16,2025-11-16 14:34:00,650.61,650.61,650.37,650.37,-0.04,66.66,43001.9,-1
2025-11-16,2025-11-16 14:35:00,650.37,650.37,650.13,650.13,-0.04,66.66,43001.9,-1
2025-11-16,2025-11-16 14:36:00,650.13,650.13,649.89,649.89,-0.04,66.66,43001.9,-1
2025-11-16,2025-11-16 14:37:00,649.89,649.89,649.65,649.65,-0.04,66.66,43001.9,-1
2025-11-16,2025-11-16 14:38:00,649.65,649.65,649.41,649.41,-0.04,66.66,43001.9,-1
2025-11-16,2025-11-16 14:39:00,649.41,649.41,649.17,649.17,-0.04,66.66,43001.9,-1
2025-11-16,2025-11-16 14:40:00,649.17,649.17,648.94,648.94,-0.04,66.66,43001.9,-1
2025-11-16,2025-11-16 14:41:00,648.94,648.94,648.7,648.7,-0.04,66.66,43001.9,-1
2025-11-16,2025-11-16 14:42:00,648.7,648.7,648.46,648.46,-0.04,66.66,43001.9,-1
2025-11-16,2025-11-16 14:43:00,648.46,648.46,648.22,648.22,-0.04,66.66,43001.9,-1
2025-11-16,2025-11-16 14:44:00,648.22,648.22,647.98,647.98,-0.04,66.66,43001.9,-1
2025-11-16,2025-11-16 14:45:00,647.98,647.98,647.74,647.74,-0.04,66.66,43001.9,-1
2025-11-16,2025-11-16 14:46:00,647.74,647.74,647.5,647.5,-0.04,66.66,43001.9,-1
2025-11-16,2025-11-16 14:47:00,647.5,647.5,647.26,647.26,-0.04,66.66,43001.9,-1
2025-11-16,2025-11-16 14:48:00,647.26,647.26,647.03,647.03,-0.04,66.66,43001.9,-1
2025-11-16,2025-11-16 14:49:00,647.03,647.03,646.79,646.79,-0.04,66.66,43001.9,-1
2025-11-16,2025-11-16 14:50:00,646.79,646.79,646.55,646.55,-0.04,66.66,43001.9,-1
2025-11-16,2025-11-16 14:51:00,646.55,646.55,646.31,646.31,-0.04,66.66,43001.9,-1
2025-11-16,2025-11-16 14:52:00,646.31,646.31,646.07,646.07,-0.04,66.66,43001.9,-1
2025-11-16,2025-11-16 14:53:00,646.07,646.07,645.83,645.83,-0.04,66.66,43001.9,-1
2025-11-16,2025-11-16 14:54:00,645.83,645.83,645.59,645.59,-0.04,66.66,43001.9,-1
2025-11-16,2025-11-16 14:55:00,645.59,645.59,645.36,645.36,-0.04,66.66,43001.9,-1
2025-11-16,2025-11-16 14:56:00,645.36,645.36,645.12,645.12,-0.04,66.66,43001.9,-1
2025-11-16,2025-11-16 14:57:00,645.12,645.12,644.88,644.88,-0.04,66.66,43001.9,-1
2025-11-16,2025-11-16 14:58:00,644.88,644.88,644.64,644.64,-0.04,66.66,43001.9,-1
2025-11-16,2025-11-16 14:59:00,644.64,644.64,644.4,644.4,-0.04,66.66,43001.9,-1
2025-11-16,2025-11-16 15:00:00,644.4,701.7,644.4,644.4,0.0,66.66,43001.9,0
2025-11-17,2025-11-17 11:00:00,631.6,631.6,616.12,631.38,-0.03,494.63,290353.97,-1
2025-11-17,2025-11-17 11:01:00,631.38,631.38,631.17,631.17,-0.03,494.63,290353.97,-1
2025-11-17,2025-11-17 11:02:00,631.17,631.17,630.96,630.96,-0.03,494.63,290353.97,-1
2025-11-17,2025-11-17 11:03:00,630.96,630.96,630.74,630.74,-0.03,494.63,290353.97,-1
2025-11-17,2025-11-17 11:04:00,630.74,630.74,630.52,630.52,-0.03,494.63,290353.97,-1
2025-11-17,2025-11-17 11:05:00,630.52,630.52,630.31,630.31,-0.03,494.63,290353.97,-1
2025-11-17,2025-11-17 11:06:00,630.31,630.31,630.1,630.1,-0.03,494.63,290353.97,-1
2025-11-17,2025-11-17 11:07:00,630.1,630.1,629.88,629.88,-0.03,494.63,290353.97,-1
2025-11-17,2025-11-17 11:08:00,629.88,629.88,629.67,629.67,-0.03,494.63,290353.97,-1
2025-11-17,2025-11-17 11:09:00,629.67,629.67,629.45,629.45,-0.03,494.63,290353.97,-1
2025-11-17,2025-11-17 11:10:00,629.45,629.45,629.24,629.24,-0.03,494.63,290353.97,-1
2025-11-17,2025-11-17 11:11:00,629.24,629.24,629.02,629.02,-0.03,494.63,290353.97,-1
2025-11-17,2025-11-17 11:12:00,629.02,629.02,628.81,628.81,-0.03,494.63,290353.97,-1
2025-11-17,2025-11-17 11:13:00,628.81,628.81,628.59,628.59,-0.03,494.63,290353.97,-1
2025-11-17,2025-11-17 11:14:00,628.59,628.59,628.38,628.38,-0.03,494.63,290353.97,-1
2025-11-17,2025-11-17 11:15:00,628.38,628.38,628.16,628.16,-0.04,494.63,290353.97,-1
2025-11-17,2025-11-17 11:16:00,628.16,628.16,627.95,627.95,-0.03,494.63,290353.97,-1
2025-11-17,2025-11-17 11:17:00,627.95,627.95,627.73,627.73,-0.04,494.63,290353.97,-1
2025-11-17,2025-11-17 11:18:00,627.73,627.73,627.51,627.51,-0.04,494.63,290353.97,-1
2025-11-17,2025-11-17 11:19:00,627.51,627.51,627.3,627.3,-0.03,494.63,290353.97,-1
2025-11-17,2025-11-17 11:20:00,627.3,627.3,627.09,627.09,-0.03,494.63,290353.97,-1
2025-11-17,2025-11-17 11:21:00,627.09,627.09,626.87,626.87,-0.04,494.63,290353.97,-1
2025-11-17,2025-11-17 11:22:00,626.87,626.87,626.65,626.65,-0.04,494.63,290353.97,-1
2025-11-17,2025-11-17 11:23:00,626.65,626.65,626.44,626.44,-0.03,494.63,290353.97,-1
2025-11-17,2025-11-17 11:24:00,626.44,626.44,626.23,626.23,-0.03,494.63,290353.97,-1
2025-11-17,2025-11-17 11:25:00,626.23,626.23,626.01,626.01,-0.04,494.63,290353.97,-1
2025-11-17,2025-11-17 11:26:00,626.01,626.01,625.8,625.8,-0.03,494.63,290353.97,-1
2025-11-17,2025-11-17 11:27:00,625.8,625.8,625.58,625.58,-0.04,494.63,290353.97,-1
2025-11-17,2025-11-17 11:28:00,625.58,625.58,625.37,625.37,-0.03,494.63,290353.97,-1
2025-11-17,2025-11-17 11:29:00,625.37,625.37,625.15,625.15,-0.04,494.63,290353.97,-1
2025-11-17,2025-11-17 11:30:00,625.15,625.15,624.94,624.94,-0.03,494.63,290353.97,-1
2025-11-17,2025-11-17 11:31:00,624.94,624.94,624.72,624.72,-0.04,494.63,290353.97,-1
2025-11-17,2025-11-17 11:32:00,624.72,624.72,624.5,624.5,-0.04,494.63,290353.97,-1
2025-11-17,2025-11-17 11:33:00,624.5,624.5,624.29,624.29,-0.03,494.63,290353.97,-1
2025-11-17,2025-11-17 11:34:00,624.29,624.29,624.08,624.08,-0.03,494.63,290353.97,-1
2025-11-17,2025-11-17 11:35:00,624.08,624.08,623.86,623.86,-0.04,494.63,290353.97,-1
2025-11-17,2025-11-17 11:36:00,623.86,623.86,623.64,623.64,-0.04,494.63,290353.97,-1
2025-11-17,2025-11-17 11:37:00,623.64,623.64,623.43,623.43,-0.03,494.63,290353.97,-1
2025-11-17,2025-11-17 11:38:00,623.43,623.43,623.22,623.22,-0.03,494.63,290353.97,-1
2025-11-17,2025-11-17 11:39:00,623.22,623.22,623.0,623.0,-0.04,494.63,290353.97,-1
2025-11-17,2025-11-17 11:40:00,623.0,623.0,622.78,622.78,-0.04,494.63,290353.97,-1
2025-11-17,2025-11-17 11:41:00,622.78,622.78,622.57,622.57,-0.03,494.63,290353.97,-1
2025-11-17,2025-11-17 11:42:00,622.57,622.57,622.36,622.36,-0.03,494.63,290353.97,-1
2025-11-17,2025-11-17 11:43:00,622.36,622.36,622.14,622.14,-0.04,494.63,290353.97,-1
2025-11-17,2025-11-17 11:44:00,622.14,622.14,621.93,621.93,-0.03,494.63,290353.97,-1
2025-11-17,2025-11-17 11:45:00,621.93,621.93,621.71,621.71,-0.04,494.63,290353.97,-1
2025-11-17,2025-11-17 11:46:00,621.71,621.71,621.5,621.5,-0.03,494.63,290353.97,-1
2025-11-17,2025-11-17 11:47:00,621.5,621.5,621.28,621.28,-0.04,494.63,290353.97,-1
2025-11-17,2025-11-17 11:48:00,621.28,621.28,621.07,621.07,-0.03,494.63,290353.97,-1
2025-11-17,2025-11-17 11:49:00,621.07,621.07,620.85,620.85,-0.04,494.63,290353.97,-1
2025-11-17,2025-11-17 11:50:00,620.85,620.85,620.63,620.63,-0.04,494.63,290353.97,-1
2025-11-17,2025-11-17 11:51:00,620.63,620.63,620.42,620.42,-0.03,494.63,290353.97,-1
2025-11-17,2025-11-17 11:52:00,620.42,620.42,620.21,620.21,-0.03,494.63,290353.97,-1
2025-11-17,2025-11-17 11:53:00,620.21,620.21,619.99,619.99,-0.04,494.63,290353.97,-1
2025-11-17,2025-11-17 11:54:00,619.99,619.99,619.77,619.77,-0.04,494.63,290353.97,-1
2025-11-17,2025-11-17 11:55:00,619.77,619.77,619.56,619.56,-0.03,494.63,290353.97,-1
2025-11-17,2025-11-17 11:56:00,619.56,619.56,619.35,619.35,-0.03,494.63,290353.97,-1
2025-11-17,2025-11-17 11:57:00,619.35,619.35,619.13,619.13,-0.04,494.63,290353.97,-1
2025-11-17,2025-11-17 11:58:00,619.13,619.13,618.91,618.91,-0.04,494.63,290353.97,-1
2025-11-17,2025-11-17 11:59:00,618.91,618.91,618.7,618.7,-0.03,494.63,290353.97,-1
2025-11-17,2025-11-17 12:00:00,618.7,618.7,618.49,618.49,-0.03,494.63,290353.97,-1
2025-11-17,2025-11-17 12:01:00,618.49,618.49,618.27,618.27,-0.04,494.63,290353.97,-1
2025-11-17,2025-11-17 12:02:00,618.27,618.27,618.06,618.06,-0.03,494.63,290353.97,-1
2025-11-17,2025-11-17 12:03:00,618.06,618.06,617.84,617.84,-0.04,494.63,290353.97,-1
2025-11-17,2025-11-17 12:04:00,617.84,617.84,617.62,617.62,-0.04,494.63,290353.97,-1
2025-11-17,2025-11-17 12:05:00,617.62,617.62,617.41,617.41,-0.03,494.63,290353.97,-1
2025-11-17,2025-11-17 12:06:00,617.41,617.41,617.2,617.2,-0.03,494.63,290353.97,-1
2025-11-17,2025-11-17 12:07:00,617.2,617.2,616.98,616.98,-0.04,494.63,290353.97,-1
2025-11-17,2025-11-17 12:08:00,616.98,616.98,616.76,616.76,-0.04,494.63,290353.97,-1
2025-11-17,2025-11-17 12:09:00,616.76,616.76,616.55,616.55,-0.03,494.63,290353.97,-1
2025-11-17,2025-11-17 12:10:00,616.55,616.55,616.34,616.34,-0.03,494.63,290353.97,-1
2025-11-17,2025-11-17 12:11:00,616.34,616.34,616.12,616.12,-0.04,494.63,290353.97,-1
2025-11-17,2025-11-17 12:12:00,616.12,616.12,615.9,615.9,-0.04,494.63,290353.97,-1
2025-11-17,2025-11-17 12:13:00,615.9,615.9,615.69,615.69,-0.03,494.63,290353.97,-1
2025-11-17,2025-11-17 12:14:00,615.69,615.69,615.48,615.48,-0.03,494.63,290353.97,-1
2025-11-17,2025-11-17 12:15:00,615.48,615.48,615.26,615.26,-0.04,494.63,290353.97,-1
2025-11-17,2025-11-17 12:16:00,615.26,615.26,615.04,615.04,-0.04,494.63,290353.97,-1
2025-11-17,2025-11-17 12:17:00,615.04,615.04,614.83,614.83,-0.03,494.63,290353.97,-1
2025-11-17,2025-11-17 12:18:00,614.83,614.83,614.62,614.62,-0.03,494.63,290353.97,-1
2025-11-17,2025-11-17 12:19:00,614.62,614.62,614.4,614.4,-0.04,494.63,290353.97,-1
2025-11-17,2025-11-17 12:20:00,614.4,614.4,614.19,614.19,-0.03,494.63,290353.97,-1
2025-11-17,2025-11-17 12:21:00,614.19,614.19,613.97,613.97,-0.04,494.63,290353.97,-1
2025-11-17,2025-11-17 12:22:00,613.97,613.97,613.75,613.75,-0.04,494.63,290353.97,-1
2025-11-17,2025-11-17 12:23:00,613.75,613.75,613.54,613.54,-0.03,494.63,290353.97,-1
2025-11-17,2025-11-17 12:24:00,613.54,613.54,613.33,613.33,-0.03,494.63,290353.97,-1
2025-11-17,2025-11-17 12:25:00,613.33,613.33,613.11,613.11,-0.04,494.63,290353.97,-1
2025-11-17,2025-11-17 12:26:00,613.11,613.11,612.89,612.89,-0.04,494.63,290353.97,-1
2025-11-17,2025-11-17 12:27:00,612.89,612.89,612.68,612.68,-0.03,494.63,290353.97,-1
2025-11-17,2025-11-17 12:28:00,612.68,612.68,612.47,612.47,-0.03,494.63,290353.97,-1
2025-11-17,2025-11-17 12:29:00,612.47,612.47,612.25,612.25,-0.04,494.63,290353.97,-1
2025-11-17,2025-11-17 12:30:00,612.25,612.25,612.03,612.03,-0.04,494.63,290353.97,-1
2025-11-17,2025-11-17 12:31:00,612.03,612.03,611.82,611.82,-0.03,494.63,290353.97,-1
2025-11-17,2025-11-17 12:32:00,611.82,611.82,611.61,611.61,-0.03,494.63,290353.97,-1
2025-11-17,2025-11-17 12:33:00,611.61,611.61,611.39,611.39,-0.04,494.63,290353.97,-1
2025-11-17,2025-11-17 12:34:00,611.39,611.39,611.18,611.18,-0.03,494.63,290353.97,-1
2025-11-17,2025-11-17 12:35:00,611.18,611.18,610.96,610.96,-0.04,494.63,290353.97,-1
2025-11-17,2025-11-17 12:36:00,610.96,610.96,610.75,610.75,-0.03,494.63,290353.97,-1
2025-11-17,2025-11-17 12:37:00,610.75,610.75,610.53,610.53,-0.04,494.63,290353.97,-1
2025-11-17,2025-11-17 12:38:00,610.53,610.53,610.32,610.32,-0.03,494.63,290353.97,-1
2025-11-17,2025-11-17 12:39:00,610.32,610.32,610.1,610.1,-0.04,494.63,290353.97,-1
2025-11-17,2025-11-17 12:40:00,610.1,610.1,609.88,609.88,-0.04,494.63,290353.97,-1
2025-11-17,2025-11-17 12:41:00,609.88,609.88,609.67,609.67,-0.03,494.63,290353.97,-1
2025-11-17,2025-11-17 12:42:00,609.67,609.67,609.46,609.46,-0.03,494.63,290353.97,-1
2025-11-17,2025-11-17 12:43:00,609.46,609.46,609.24,609.24,-0.04,494.63,290353.97,-1
2025-11-17,2025-11-17 12:44:00,609.24,609.24,609.02,609.02,-0.04,494.63,290353.97,-1
2025-11-17,2025-11-17 12:45:00,609.02,609.02,608.81,608.81,-0.03,494.63,290353.97,-1
2025-11-17,2025-11-17 12:46:00,608.81,608.81,608.6,608.6,-0.03,494.63,290353.97,-1
2025-11-17,2025-11-17 12:47:00,608.6,608.6,608.38,608.38,-0.04,494.63,290353.97,-1
2025-11-17,2025-11-17 12:48:00,608.38,608.38,608.16,608.16,-0.04,494.63,290353.97,-1
2025-11-17,2025-11-17 12:49:00,608.16,608.16,607.95,607.95,-0.03,494.63,290353.97,-1
2025-11-17,2025-11-17 12:50:00,607.95,607.95,607.74,607.74,-0.03,494.63,290353.97,-1
2025-11-17,2025-11-17 12:51:00,607.74,607.74,607.52,607.52,-0.04,494.63,290353.97,-1
2025-11-17,2025-11-17 12:52:00,607.52,607.52,607.31,607.31,-0.03,494.63,290353.97,-1
2025-11-17,2025-11-17 12:53:00,607.31,607.31,607.09,607.09,-0.04,494.63,290353.97,-1
2025-11-17,2025-11-17 12:54:00,607.09,607.09,606.88,606.88,-0.03,494.63,290353.97,-1
2025-11-17,2025-11-17 12:55:00,606.88,606.88,606.66,606.66,-0.04,494.63,290353.97,-1
2025-11-17,2025-11-17 12:56:00,606.66,606.66,606.45,606.45,-0.03,494.63,290353.97,-1
2025-11-17,2025-11-17 12:57:00,606.45,606.45,606.23,606.23,-0.04,494.63,290353.97,-1
2025-11-17,2025-11-17 12:58:00,606.23,606.23,606.01,606.01,-0.04,494.63,290353.97,-1
2025-11-17,2025-11-17 12:59:00,606.01,606.01,605.8,605.8,-0.03,494.63,290353.97,-1
2025-11-17,2025-11-17 13:00:00,605.8,631.6,580.0,605.59,-0.03,494.63,290353.97,-1
2025-11-17,2025-11-17 13:01:00,605.59,605.59,605.37,605.37,-0.04,494.63,290353.97,-1
2025-11-17,2025-11-17 13:02:00,605.37,605.37,605.15,605.15,-0.04,494.63,290353.97,-1
2025-11-17,2025-11-17 13:03:00,605.15,605.15,604.94,604.94,-0.03,494.63,290353.97,-1
2025-11-17,2025-11-17 13:04:00,604.94,604.94,604.73,604.73,-0.03,494.63,290353.97,-1
2025-11-17,2025-11-17 13:05:00,604.73,604.73,604.51,604.51,-0.04,494.63,290353.97,-1
2025-11-17,2025-11-17 13:06:00,604.51,604.51,604.29,604.29,-0.04,494.63,290353.97,-1
2025-11-17,2025-11-17 13:07:00,604.29,604.29,604.08,604.08,-0.03,494.63,290353.97,-1
2025-11-17,2025-11-17 13:08:00,604.08,604.08,603.87,603.87,-0.03,494.63,290353.97,-1
2025-11-17,2025-11-17 13:09:00,603.87,603.87,603.65,603.65,-0.04,494.63,290353.97,-1
2025-11-17,2025-11-17 13:10:00,603.65,603.65,603.44,603.44,-0.03,494.63,290353.97,-1
2025-11-17,2025-11-17 13:11:00,603.44,603.44,603.22,603.22,-0.04,494.63,290353.97,-1
2025-11-17,2025-11-17 13:12:00,603.22,603.22,603.0,603.0,-0.04,494.63,290353.97,-1
2025-11-17,2025-11-17 13:13:00,603.0,603.0,602.79,602.79,-0.03,494.63,290353.97,-1
2025-11-17,2025-11-17 13:14:00,602.79,602.79,602.58,602.58,-0.03,494.63,290353.97,-1
2025-11-17,2025-11-17 13:15:00,602.58,602.58,602.36,602.36,-0.04,494.63,290353.97,-1
2025-11-17,2025-11-17 13:16:00,602.36,602.36,602.14,602.14,-0.04,494.63,290353.97,-1
2025-11-17,2025-11-17 13:17:00,602.14,602.14,601.93,601.93,-0.03,494.63,290353.97,-1
2025-11-17,2025-11-17 13:18:00,601.93,601.93,601.72,601.72,-0.03,494.63,290353.97,-1
2025-11-17,2025-11-17 13:19:00,601.72,601.72,601.5,601.5,-0.04,494.63,290353.97,-1
2025-11-17,2025-11-17 13:20:00,601.5,601.5,601.28,601.28,-0.04,494.63,290353.97,-1
2025-11-17,2025-11-17 13:21:00,601.28,601.28,601.07,601.07,-0.03,494.63,290353.97,-1
2025-11-17,2025-11-17 13:22:00,601.07,601.07,600.86,600.86,-0.03,494.63,290353.97,-1
2025-11-17,2025-11-17 13:23:00,600.86,600.86,600.64,600.64,-0.04,494.63,290353.97,-1
2025-11-17,2025-11-17 13:24:00,600.64,600.64,600.42,600.42,-0.04,494.63,290353.97,-1
2025-11-17,2025-11-17 13:25:00,600.42,600.42,600.21,600.21,-0.03,494.63,290353.97,-1
2025-11-17,2025-11-17 13:26:00,600.21,600.21,600.0,600.0,-0.03,494.63,290353.97,-1
2025-11-17,2025-11-17 13:27:00,600.0,600.0,599.78,599.78,-0.04,494.63,290353.97,-1
2025-11-17,2025-11-17 13:28:00,599.78,599.78,599.57,599.57,-0.04,494.63,290353.97,-1
2025-11-17,2025-11-17 13:29:00,599.57,599.57,599.35,599.35,-0.04,494.63,290353.97,-1
2025-11-17,2025-11-17 13:30:00,599.35,599.35,599.13,599.13,-0.04,494.63,290353.97,-1
2025-11-17,2025-11-17 13:31:00,599.13,599.13,598.92,598.92,-0.04,494.63,290353.97,-1
2025-11-17,2025-11-17 13:32:00,598.92,598.92,598.71,598.71,-0.04,494.63,290353.97,-1
2025-11-17,2025-11-17 13:33:00,598.71,598.71,598.49,598.49,-0.04,494.63,290353.97,-1
2025-11-17,2025-11-17 13:34:00,598.49,598.49,598.27,598.27,-0.04,494.63,290353.97,-1
2025-11-17,2025-11-17 13:35:00,598.27,598.27,598.06,598.06,-0.04,494.63,290353.97,-1
2025-11-17,2025-11-17 13:36:00,598.06,598.06,597.85,597.85,-0.04,494.63,290353.97,-1
2025-11-17,2025-11-17 13:37:00,597.85,597.85,597.63,597.63,-0.04,494.63,290353.97,-1
2025-11-17,2025-11-17 13:38:00,597.63,597.63,597.41,597.41,-0.04,494.63,290353.97,-1
2025-11-17,2025-11-17 13:39:00,597.41,597.41,597.2,597.2,-0.04,494.63,290353.97,-1
2025-11-17,2025-11-17 13:40:00,597.2,597.2,596.99,596.99,-0.04,494.63,290353.97,-1
2025-11-17,2025-11-17 13:41:00,596.99,596.99,596.77,596.77,-0.04,494.63,290353.97,-1
2025-11-17,2025-11-17 13:42:00,596.77,596.77,596.56,596.56,-0.04,494.63,290353.97,-1
2025-11-17,2025-11-17 13:43:00,596.56,596.56,596.34,596.34,-0.04,494.63,290353.97,-1
2025-11-17,2025-11-17 13:44:00,596.34,596.34,596.12,596.12,-0.04,494.63,290353.97,-1
2025-11-17,2025-11-17 13:45:00,596.12,596.12,595.91,595.91,-0.04,494.63,290353.97,-1
2025-11-17,2025-11-17 13:46:00,595.91,595.91,595.7,595.7,-0.04,494.63,290353.97,-1
2025-11-17,2025-11-17 13:47:00,595.7,595.7,595.48,595.48,-0.04,494.63,290353.97,-1
2025-11-17,2025-11-17 13:48:00,595.48,595.48,595.26,595.26,-0.04,494.63,290353.97,-1
2025-11-17,2025-11-17 13:49:00,595.26,595.26,595.05,595.05,-0.04,494.63,290353.97,-1
2025-11-17,2025-11-17 13:50:00,595.05,595.05,594.84,594.84,-0.04,494.63,290353.97,-1
2025-11-17,2025-11-17 13:51:00,594.84,594.84,594.62,594.62,-0.04,494.63,290353.97,-1
2025-11-17,2025-11-17 13:52:00,594.62,594.62,594.4,594.4,-0.04,494.63,290353.97,-1
2025-11-17,2025-11-17 13:53:00,594.4,594.4,594.19,594.19,-0.04,494.63,290353.97,-1
2025-11-17,2025-11-17 13:54:00,594.19,594.19,593.98,593.98,-0.04,494.63,290353.97,-1
2025-11-17,2025-11-17 13:55:00,593.98,593.98,593.76,593.76,-0.04,494.63,290353.97,-1
2025-11-17,2025-11-17 13:56:00,593.76,593.76,593.54,593.54,-0.04,494.63,290353.97,-1
2025-11-17,2025-11-17 13:57:00,593.54,593.54,593.33,593.33,-0.04,494.63,290353.97,-1
2025-11-17,2025-11-17 13:58:00,593.33,593.33,593.12,593.12,-0.04,494.63,290353.97,-1
2025-11-17,2025-11-17 13:59:00,593.12,593.12,592.9,592.9,-0.04,494.63,290353.97,-1
2025-11-17,2025-11-17 14:00:00,592.9,592.9,592.69,592.69,-0.04,494.63,290353.97,-1
2025-11-17,2025-11-17 14:01:00,592.69,592.69,592.47,592.47,-0.04,494.63,290353.97,-1
2025-11-17,2025-11-17 14:02:00,592.47,592.47,592.25,592.25,-0.04,494.63,290353.97,-1
2025-11-17,2025-11-17 14:03:00,592.25,592.25,592.04,592.04,-0.04,494.63,290353.97,-1
2025-11-17,2025-11-17 14:04:00,592.04,592.04,591.83,591.83,-0.04,494.63,290353.97,-1
2025-11-17,2025-11-17 14:05:00,591.83,591.83,591.61,591.61,-0.04,494.63,290353.97,-1
2025-11-17,2025-11-17 14:06:00,591.61,591.61,591.39,591.39,-0.04,494.63,290353.97,-1
2025-11-17,2025-11-17 14:07:00,591.39,591.39,591.18,591.18,-0.04,494.63,290353.97,-1
2025-11-17,2025-11-17 14:08:00,591.18,591.18,590.97,590.97,-0.04,494.63,290353.97,-1
2025-11-17,2025-11-17 14:09:00,590.97,590.97,590.75,590.75,-0.04,494.63,290353.97,-1
2025-11-17,2025-11-17 14:10:00,590.75,590.75,590.53,590.53,-0.04,494.63,290353.97,-1
2025-11-17,2025-11-17 14:11:00,590.53,590.53,590.32,590.32,-0.04,494.63,290353.97,-1
2025-11-17,2025-11-17 14:12:00,590.32,590.32,590.11,590.11,-0.04,494.63,290353.97,-1
2025-11-17,2025-11-17 14:13:00,590.11,590.11,589.89,589.89,-0.04,494.63,290353.97,-1
2025-11-17,2025-11-17 14:14:00,589.89,589.89,589.67,589.67,-0.04,494.63,290353.97,-1
2025-11-17,2025-11-17 14:15:00,589.67,589.67,589.46,589.46,-0.04,494.63,290353.97,-1
2025-11-17,2025-11-17 14:16:00,589.46,589.46,589.25,589.25,-0.04,494.63,290353.97,-1
2025-11-17,2025-11-17 14:17:00,589.25,589.25,589.03,589.03,-0.04,494.63,290353.97,-1
2025-11-17,2025-11-17 14:18:00,589.03,589.03,588.82,588.82,-0.04,494.63,290353.97,-1
2025-11-17,2025-11-17 14:19:00,588.82,588.82,588.6,588.6,-0.04,494.63,290353.97,-1
2025-11-17,2025-11-17 14:20:00,588.6,588.6,588.38,588.38,-0.04,494.63,290353.97,-1
2025-11-17,2025-11-17 14:21:00,588.38,588.38,588.17,588.17,-0.04,494.63,290353.97,-1
2025-11-17,2025-11-17 14:22:00,588.17,588.17,587.96,587.96,-0.04,494.63,290353.97,-1
2025-11-17,2025-11-17 14:23:00,587.96,587.96,587.74,587.74,-0.04,494.63,290353.97,-1
2025-11-17,2025-11-17 14:24:00,587.74,587.74,587.52,587.52,-0.04,494.63,290353.97,-1
2025-11-17,2025-11-17 14:25:00,587.52,587.52,587.31,587.31,-0.04,494.63,290353.97,-1
2025-11-17,2025-11-17 14:26:00,587.31,587.31,587.1,587.1,-0.04,494.63,290353.97,-1
2025-11-17,2025-11-17 14:27:00,587.1,587.1,586.88,586.88,-0.04,494.63,290353.97,-1
2025-11-17,2025-11-17 14:28:00,586.88,586.88,586.66,586.66,-0.04,494.63,290353.97,-1
2025-11-17,2025-11-17 14:29:00,586.66,586.66,586.45,586.45,-0.04,494.63,290353.97,-1
2025-11-17,2025-11-17 14:30:00,586.45,586.45,586.24,586.24,-0.04,494.63,290353.97,-1
2025-11-17,2025-11-17 14:31:00,586.24,586.24,586.02,586.02,-0.04,494.63,290353.97,-1
2025-11-17,2025-11-17 14:32:00,586.02,586.02,585.81,585.81,-0.04,494.63,290353.97,-1
2025-11-17,2025-11-17 14:33:00,585.81,585.81,585.59,585.59,-0.04,494.63,290353.97,-1
2025-11-17,2025-11-17 14:34:00,585.59,585.59,585.38,585.38,-0.04,494.63,290353.97,-1
2025-11-17,2025-11-17 14:35:00,585.38,585.38,585.16,585.16,-0.04,494.63,290353.97,-1
2025-11-17,2025-11-17 14:36:00,585.16,585.16,584.95,584.95,-0.04,494.63,290353.97,-1
2025-11-17,2025-11-17 14:37:00,584.95,584.95,584.73,584.73,-0.04,494.63,290353.97,-1
2025-11-17,2025-11-17 14:38:00,584.73,584.73,584.51,584.51,-0.04,494.63,290353.97,-1
2025-11-17,2025-11-17 14:39:00,584.51,584.51,584.3,584.3,-0.04,494.63,290353.97,-1
2025-11-17,2025-11-17 14:40:00,584.3,584.3,584.09,584.09,-0.04,494.63,290353.97,-1
2025-11-17,2025-11-17 14:41:00,584.09,584.09,583.87,583.87,-0.04,494.63,290353.97,-1
2025-11-17,2025-11-17 14:42:00,583.87,583.87,583.65,583.65,-0.04,494.63,290353.97,-1
2025-11-17,2025-11-17 14:43:00,583.65,583.65,583.44,583.44,-0.04,494.63,290353.97,-1
2025-11-17,2025-11-17 14:44:00,583.44,583.44,583.23,583.23,-0.04,494.63,290353.97,-1
2025-11-17,2025-11-17 14:45:00,583.23,583.23,583.01,583.01,-0.04,494.63,290353.97,-1
2025-11-17,2025-11-17 14:46:00,583.01,583.01,582.79,582.79,-0.04,494.63,290353.97,-1
2025-11-17,2025-11-17 14:47:00,582.79,582.79,582.58,582.58,-0.04,494.63,290353.97,-1
2025-11-17,2025-11-17 14:48:00,582.58,582.58,582.37,582.37,-0.04,494.63,290353.97,-1
2025-11-17,2025-11-17 14:49:00,582.37,582.37,582.15,582.15,-0.04,494.63,290353.97,-1
2025-11-17,2025-11-17 14:50:00,582.15,582.15,581.93,581.93,-0.04,494.63,290353.97,-1
2025-11-17,2025-11-17 14:51:00,581.93,581.93,581.72,581.72,-0.04,494.63,290353.97,-1
2025-11-17,2025-11-17 14:52:00,581.72,581.72,581.5,581.5,-0.04,494.63,290353.97,-1
2025-11-17,2025-11-17 14:53:00,581.5,581.5,581.29,581.29,-0.04,494.63,290353.97,-1
2025-11-17,2025-11-17 14:54:00,581.29,581.29,581.08,581.08,-0.04,494.63,290353.97,-1
2025-11-17,2025-11-17 14:55:00,581.08,581.08,580.86,580.86,-0.04,494.63,290353.97,-1
2025-11-17,2025-11-17 14:56:00,580.86,580.86,580.64,580.64,-0.04,494.63,290353.97,-1
2025-11-17,2025-11-17 14:57:00,580.64,580.64,580.43,580.43,-0.04,494.63,290353.97,-1
2025-11-17,2025-11-17 14:58:00,580.43,580.43,580.22,580.22,-0.04,494.63,290353.97,-1
2025-11-17,2025-11-17 14:59:00,580.22,580.22,580.0,580.0,-0.04,494.63,290353.97,-1
2025-11-17,2025-11-17 15:00:00,580.0,631.6,580.0,580.0,0.0,494.63,290353.97,0
2025-11-18,2025-11-18 11:00:00,583.4,586.91,579.41,583.41,0.0,86.99,50793.33,1
2025-11-18,2025-11-18 11:01:00,583.41,583.41,583.41,583.41,0.0,86.99,50793.33,0
2025-11-18,2025-11-18 11:02:00,583.41,583.42,583.41,583.42,0.0,86.99,50793.33,1
2025-11-18,2025-11-18 11:03:00,583.42,583.43,583.42,583.43,0.0,86.99,50793.33,1
2025-11-18,2025-11-18 11:04:00,583.43,583.43,583.43,583.43,0.0,86.99,50793.33,0
2025-11-18,2025-11-18 11:05:00,583.43,583.44,583.43,583.44,0.0,86.99,50793.33,1
2025-11-18,2025-11-18 11:06:00,583.44,583.45,583.44,583.45,0.0,86.99,50793.33,1
2025-11-18,2025-11-18 11:07:00,583.45,583.45,583.45,583.45,0.0,86.99,50793.33,0
2025-11-18,2025-11-18 11:08:00,583.45,583.46,583.45,583.46,0.0,86.99,50793.33,1
2025-11-18,2025-11-18 11:09:00,583.46,583.47,583.46,583.47,0.0,86.99,50793.33,1
2025-11-18,2025-11-18 11:10:00,583.47,583.47,583.47,583.47,0.0,86.99,50793.33,0
2025-11-18,2025-11-18 11:11:00,583.47,583.48,583.47,583.48,0.0,86.99,50793.33,1
2025-11-18,2025-11-18 11:12:00,583.48,583.49,583.48,583.49,0.0,86.99,50793.33,1
2025-11-18,2025-11-18 11:13:00,583.49,583.49,583.49,583.49,0.0,86.99,50793.33,0
2025-11-18,2025-11-18 11:14:00,583.49,583.5,583.49,583.5,0.0,86.99,50793.33,1
2025-11-18,2025-11-18 11:15:00,583.5,583.51,583.5,583.51,0.0,86.99,50793.33,1
2025-11-18,2025-11-18 11:16:00,583.51,583.51,583.51,583.51,0.0,86.99,50793.33,0
2025-11-18,2025-11-18 11:17:00,583.51,583.52,583.51,583.52,0.0,86.99,50793.33,1
2025-11-18,2025-11-18 11:18:00,583.52,583.53,583.52,583.53,0.0,86.99,50793.33,1
2025-11-18,2025-11-18 11:19:00,583.53,583.53,583.53,583.53,0.0,86.99,50793.33,0
2025-11-18,2025-11-18 11:20:00,583.53,583.54,583.53,583.54,0.0,86.99,50793.33,1
2025-11-18,2025-11-18 11:21:00,583.54,583.55,583.54,583.55,0.0,86.99,50793.33,1
2025-11-18,2025-11-18 11:22:00,583.55,583.55,583.55,583.55,0.0,86.99,50793.33,0
2025-11-18,2025-11-18 11:23:00,583.55,583.56,583.55,583.56,0.0,86.99,50793.33,1
2025-11-18,2025-11-18 11:24:00,583.56,583.57,583.56,583.57,0.0,86.99,50793.33,1
2025-11-18,2025-11-18 11:25:00,583.57,583.57,583.57,583.57,0.0,86.99,50793.33,0
2025-11-18,2025-11-18 11:26:00,583.57,583.58,583.57,583.58,0.0,86.99,50793.33,1
2025-11-18,2025-11-18 11:27:00,583.58,583.59,583.58,583.59,0.0,86.99,50793.33,1
2025-11-18,2025-11-18 11:28:00,583.59,583.59,583.59,583.59,0.0,86.99,50793.33,0
2025-11-18,2025-11-18 11:29:00,583.59,583.6,583.59,583.6,0.0,86.99,50793.33,1
2025-11-18,2025-11-18 11:30:00,583.6,583.61,583.6,583.61,0.0,86.99,50793.33,1
2025-11-18,2025-11-18 11:31:00,583.61,583.61,583.61,583.61,0.0,86.99,50793.33,0
2025-11-18,2025-11-18 11:32:00,583.61,583.62,583.61,583.62,0.0,86.99,50793.33,1
2025-11-18,2025-11-18 11:33:00,583.62,583.63,583.62,583.63,0.0,86.99,50793.33,1
2025-11-18,2025-11-18 11:34:00,583.63,583.63,583.63,583.63,0.0,86.99,50793.33,0
2025-11-18,2025-11-18 11:35:00,583.63,583.64,583.63,583.64,0.0,86.99,50793.33,1
2025-11-18,2025-11-18 11:36:00,583.64,583.65,583.64,583.65,0.0,86.99,50793.33,1
2025-11-18,2025-11-18 11:37:00,583.65,583.65,583.65,583.65,0.0,86.99,50793.33,0
2025-11-18,2025-11-18 11:38:00,583.65,583.66,583.65,583.66,0.0,86.99,50793.33,1
2025-11-18,2025-11-18 11:39:00,583.66,583.67,583.66,583.67,0.0,86.99,50793.33,1
2025-11-18,2025-11-18 11:40:00,583.67,583.67,583.67,583.67,0.0,86.99,50793.33,0
2025-11-18,2025-11-18 11:41:00,583.67,583.68,583.67,583.68,0.0,86.99,50793.33,1
2025-11-18,2025-11-18 11:42:00,583.68,583.69,583.68,583.69,0.0,86.99,50793.33,1
2025-11-18,2025-11-18 11:43:00,583.69,583.69,583.69,583.69,0.0,86.99,50793.33,0
2025-11-18,2025-11-18 11:44:00,583.69,583.7,583.69,583.7,0.0,86.99,50793.33,1
2025-11-18,2025-11-18 11:45:00,583.7,583.71,583.7,583.71,0.0,86.99,50793.33,1
2025-11-18,2025-11-18 11:46:00,583.71,583.71,583.71,583.71,0.0,86.99,50793.33,0
2025-11-18,2025-11-18 11:47:00,583.71,583.72,583.71,583.72,0.0,86.99,50793.33,1
2025-11-18,2025-11-18 11:48:00,583.72,583.73,583.72,583.73,0.0,86.99,50793.33,1
2025-11-18,2025-11-18 11:49:00,583.73,583.73,583.73,583.73,0.0,86.99,50793.33,0
2025-11-18,2025-11-18 11:50:00,583.73,583.74,583.73,583.74,0.0,86.99,50793.33,1
2025-11-18,2025-11-18 11:51:00,583.74,583.75,583.74,583.75,0.0,86.99,50793.33,1
2025-11-18,2025-11-18 11:52:00,583.75,583.75,583.75,583.75,0.0,86.99,50793.33,0
2025-11-18,2025-11-18 11:53:00,583.75,583.76,583.75,583.76,0.0,86.99,50793.33,1
2025-11-18,2025-11-18 11:54:00,583.76,583.77,583.76,583.77,0.0,86.99,50793.33,1
2025-11-18,2025-11-18 11:55:00,583.77,583.77,583.77,583.77,0.0,86.99,50793.33,0
2025-11-18,2025-11-18 11:56:00,583.77,583.78,583.77,583.78,0.0,86.99,50793.33,1
2025-11-18,2025-11-18 11:57:00,583.78,583.79,583.78,583.79,0.0,86.99,50793.33,1
2025-11-18,2025-11-18 11:58:00,583.79,583.79,583.79,583.79,0.0,86.99,50793.33,0
2025-11-18,2025-11-18 11:59:00,583.79,583.8,583.79,583.8,0.0,86.99,50793.33,1
2025-11-18,2025-11-18 12:00:00,583.8,583.81,583.8,583.81,0.0,86.99,50793.33,1
2025-11-18,2025-11-18 12:01:00,583.81,583.81,583.81,583.81,0.0,86.99,50793.33,0
2025-11-18,2025-11-18 12:02:00,583.81,583.82,583.81,583.82,0.0,86.99,50793.33,1
2025-11-18,2025-11-18 12:03:00,583.82,583.83,583.82,583.83,0.0,86.99,50793.33,1
2025-11-18,2025-11-18 12:04:00,583.83,583.83,583.83,583.83,0.0,86.99,50793.33,0
2025-11-18,2025-11-18 12:05:00,583.83,583.84,583.83,583.84,0.0,86.99,50793.33,1
2025-11-18,2025-11-18 12:06:00,583.84,583.85,583.84,583.85,0.0,86.99,50793.33,1
2025-11-18,2025-11-18 12:07:00,583.85,583.85,583.85,583.85,0.0,86.99,50793.33,0
2025-11-18,2025-11-18 12:08:00,583.85,583.86,583.85,583.86,0.0,86.99,50793.33,1
2025-11-18,2025-11-18 12:09:00,583.86,583.87,583.86,583.87,0.0,86.99,50793.33,1
2025-11-18,2025-11-18 12:10:00,583.87,583.87,583.87,583.87,0.0,86.99,50793.33,0
2025-11-18,2025-11-18 12:11:00,583.87,583.88,583.87,583.88,0.0,86.99,50793.33,1
2025-11-18,2025-11-18 12:12:00,583.88,583.89,583.88,583.89,0.0,86.99,50793.33,1
2025-11-18,2025-11-18 12:13:00,583.89,583.89,583.89,583.89,0.0,86.99,50793.33,0
2025-11-18,2025-11-18 12:14:00,583.89,583.9,583.89,583.9,0.0,86.99,50793.33,1
2025-11-18,2025-11-18 12:15:00,583.9,583.91,583.9,583.91,0.0,86.99,50793.33,1
2025-11-18,2025-11-18 12:16:00,583.91,583.91,583.91,583.91,0.0,86.99,50793.33,0
2025-11-18,2025-11-18 12:17:00,583.91,583.92,583.91,583.92,0.0,86.99,50793.33,1
2025-11-18,2025-11-18 12:18:00,583.92,583.93,583.92,583.93,0.0,86.99,50793.33,1
2025-11-18,2025-11-18 12:19:00,583.93,583.93,583.93,583.93,0.0,86.99,50793.33,0
2025-11-18,2025-11-18 12:20:00,583.93,583.94,583.93,583.94,0.0,86.99,50793.33,1
2025-11-18,2025-11-18 12:21:00,583.94,583.95,583.94,583.95,0.0,86.99,50793.33,1
2025-11-18,2025-11-18 12:22:00,583.95,583.95,583.95,583.95,0.0,86.99,50793.33,0
2025-11-18,2025-11-18 12:23:00,583.95,583.96,583.95,583.96,0.0,86.99,50793.33,1
2025-11-18,2025-11-18 12:24:00,583.96,583.97,583.96,583.97,0.0,86.99,50793.33,1
2025-11-18,2025-11-18 12:25:00,583.97,583.97,583.97,583.97,0.0,86.99,50793.33,0
2025-11-18,2025-11-18 12:26:00,583.97,583.98,583.97,583.98,0.0,86.99,50793.33,1
2025-11-18,2025-11-18 12:27:00,583.98,583.99,583.98,583.99,0.0,86.99,50793.33,1
2025-11-18,2025-11-18 12:28:00,583.99,583.99,583.99,583.99,0.0,86.99,50793.33,0
2025-11-18,2025-11-18 12:29:00,583.99,584.0,583.99,584.0,0.0,86.99,50793.33,1
2025-11-18,2025-11-18 12:30:00,584.0,584.01,584.0,584.01,0.0,86.99,50793.33,1
2025-11-18,2025-11-18 12:31:00,584.01,584.01,584.01,584.01,0.0,86.99,50793.33,0
2025-11-18,2025-11-18 12:32:00,584.01,584.02,584.01,584.02,0.0,86.99,50793.33,1
2025-11-18,2025-11-18 12:33:00,584.02,584.03,584.02,584.03,0.0,86.99,50793.33,1
2025-11-18,2025-11-18 12:34:00,584.03,584.03,584.03,584.03,0.0,86.99,50793.33,0
2025-11-18,2025-11-18 12:35:00,584.03,584.04,584.03,584.04,0.0,86.99,50793.33,1
2025-11-18,2025-11-18 12:36:00,584.04,584.05,584.04,584.05,0.0,86.99,50793.33,1
2025-11-18,2025-11-18 12:37:00,584.05,584.05,584.05,584.05,0.0,86.99,50793.33,0
2025-11-18,2025-11-18 12:38:00,584.05,584.06,584.05,584.06,0.0,86.99,50793.33,1
2025-11-18,2025-11-18 12:39:00,584.06,584.07,584.06,584.07,0.0,86.99,50793.33,1
2025-11-18,2025-11-18 12:40:00,584.07,584.07,584.07,584.07,0.0,86.99,50793.33,0
2025-11-18,2025-11-18 12:41:00,584.07,584.08,584.07,584.08,0.0,86.99,50793.33,1
2025-11-18,2025-11-18 12:42:00,584.08,584.09,584.08,584.09,0.0,86.99,50793.33,1
2025-11-18,2025-11-18 12:43:00,584.09,584.09,584.09,584.09,0.0,86.99,50793.33,0
2025-11-18,2025-11-18 12:44:00,584.09,584.1,584.09,584.1,0.0,86.99,50793.33,1
2025-11-18,2025-11-18 12:45:00,584.1,584.11,584.1,584.11,0.0,86.99,50793.33,1
2025-11-18,2025-11-18 12:46:00,584.11,584.11,584.11,584.11,0.0,86.99,50793.33,0
2025-11-18,2025-11-18 12:47:00,584.11,584.12,584.11,584.12,0.0,86.99,50793.33,1
2025-11-18,2025-11-18 12:48:00,584.12,584.13,584.12,584.13,0.0,86.99,50793.33,1
2025-11-18,2025-11-18 12:49:00,584.13,584.13,584.13,584.13,0.0,86.99,50793.33,0
2025-11-18,2025-11-18 12:50:00,584.13,584.14,584.13,584.14,0.0,86.99,50793.33,1
2025-11-18,2025-11-18 12:51:00,584.14,584.15,584.14,584.15,0.0,86.99,50793.33,1
2025-11-18,2025-11-18 12:52:00,584.15,584.15,584.15,584.15,0.0,86.99,50793.33,0
2025-11-18,2025-11-18 12:53:00,584.15,584.16,584.15,584.16,0.0,86.99,50793.33,1
2025-11-18,2025-11-18 12:54:00,584.16,584.17,584.16,584.17,0.0,86.99,50793.33,1
2025-11-18,2025-11-18 12:55:00,584.17,584.17,584.17,584.17,0.0,86.99,50793.33,0
2025-11-18,2025-11-18 12:56:00,584.17,584.18,584.17,584.18,0.0,86.99,50793.33,1
2025-11-18,2025-11-18 12:57:00,584.18,584.19,584.18,584.19,0.0,86.99,50793.33,1
2025-11-18,2025-11-18 12:58:00,584.19,584.19,584.19,584.19,0.0,86.99,50793.33,0
2025-11-18,2025-11-18 12:59:00,584.19,584.2,584.19,584.2,0.0,86.99,50793.33,1
2025-11-18,2025-11-18 13:00:00,584.2,595.1,570.1,584.21,0.0,86.99,50793.33,1
2025-11-18,2025-11-18 13:01:00,584.21,584.21,584.21,584.21,0.0,86.99,50793.33,0
2025-11-18,2025-11-18 13:02:00,584.21,584.22,584.21,584.22,0.0,86.99,50793.33,1
2025-11-18,2025-11-18 13:03:00,584.22,584.23,584.22,584.23,0.0,86.99,50793.33,1
2025-11-18,2025-11-18 13:04:00,584.23,584.23,584.23,584.23,0.0,86.99,50793.33,0
2025-11-18,2025-11-18 13:05:00,584.23,584.24,584.23,584.24,0.0,86.99,50793.33,1
2025-11-18,2025-11-18 13:06:00,584.24,584.25,584.24,584.25,0.0,86.99,50793.33,1
2025-11-18,2025-11-18 13:07:00,584.25,584.25,584.25,584.25,0.0,86.99,50793.33,0
2025-11-18,2025-11-18 13:08:00,584.25,584.26,584.25,584.26,0.0,86.99,50793.33,1
2025-11-18,2025-11-18 13:09:00,584.26,584.27,584.26,584.27,0.0,86.99,50793.33,1
2025-11-18,2025-11-18 13:10:00,584.27,584.27,584.27,584.27,0.0,86.99,50793.33,0
2025-11-18,2025-11-18 13:11:00,584.27,584.28,584.27,584.28,0.0,86.99,50793.33,1
2025-11-18,2025-11-18 13:12:00,584.28,584.29,584.28,584.29,0.0,86.99,50793.33,1
2025-11-18,2025-11-18 13:13:00,584.29,584.29,584.29,584.29,0.0,86.99,50793.33,0
2025-11-18,2025-11-18 13:14:00,584.29,584.3,584.29,584.3,0.0,86.99,50793.33,1
2025-11-18,2025-11-18 13:15:00,584.3,584.31,584.3,584.31,0.0,86.99,50793.33,1
2025-11-18,2025-11-18 13:16:00,584.31,584.31,584.31,584.31,0.0,86.99,50793.33,0
2025-11-18,2025-11-18 13:17:00,584.31,584.32,584.31,584.32,0.0,86.99,50793.33,1
2025-11-18,2025-11-18 13:18:00,584.32,584.33,584.32,584.33,0.0,86.99,50793.33,1
2025-11-18,2025-11-18 13:19:00,584.33,584.33,584.33,584.33,0.0,86.99,50793.33,0
2025-11-18,2025-11-18 13:20:00,584.33,584.34,584.33,584.34,0.0,86.99,50793.33,1
2025-11-18,2025-11-18 13:21:00,584.34,584.35,584.34,584.35,0.0,86.99,50793.33,1
2025-11-18,2025-11-18 13:22:00,584.35,584.35,584.35,584.35,0.0,86.99,50793.33,0
2025-11-18,2025-11-18 13:23:00,584.35,584.36,584.35,584.36,0.0,86.99,50793.33,1
2025-11-18,2025-11-18 13:24:00,584.36,584.37,584.36,584.37,0.0,86.99,50793.33,1
2025-11-18,2025-11-18 13:25:00,584.37,584.37,584.37,584.37,0.0,86.99,50793.33,0
2025-11-18,2025-11-18 13:26:00,584.37,584.38,584.37,584.38,0.0,86.99,50793.33,1
2025-11-18,2025-11-18 13:27:00,584.38,584.39,584.38,584.39,0.0,86.99,50793.33,1
2025-11-18,2025-11-18 13:28:00,584.39,584.39,584.39,584.39,0.0,86.99,50793.33,0
2025-11-18,2025-11-18 13:29:00,584.39,584.4,584.39,584.4,0.0,86.99,50793.33,1
2025-11-18,2025-11-18 13:30:00,584.4,584.41,584.4,584.41,0.0,86.99,50793.33,1
2025-11-18,2025-11-18 13:31:00,584.41,584.41,584.41,584.41,0.0,86.99,50793.33,0
2025-11-18,2025-11-18 13:32:00,584.41,584.42,584.41,584.42,0.0,86.99,50793.33,1
2025-11-18,2025-11-18 13:33:00,584.42,584.43,584.42,584.43,0.0,86.99,50793.33,1
2025-11-18,2025-11-18 13:34:00,584.43,584.43,584.43,584.43,0.0,86.99,50793.33,0
2025-11-18,2025-11-18 13:35:00,584.43,584.44,584.43,584.44,0.0,86.99,50793.33,1
2025-11-18,2025-11-18 13:36:00,584.44,584.45,584.44,584.45,0.0,86.99,50793.33,1
2025-11-18,2025-11-18 13:37:00,584.45,584.45,584.45,584.45,0.0,86.99,50793.33,0
2025-11-18,2025-11-18 13:38:00,584.45,584.46,584.45,584.46,0.0,86.99,50793.33,1
2025-11-18,2025-11-18 13:39:00,584.46,584.47,584.46,584.47,0.0,86.99,50793.33,1
2025-11-18,2025-11-18 13:40:00,584.47,584.47,584.47,584.47,0.0,86.99,50793.33,0
2025-11-18,2025-11-18 13:41:00,584.47,584.48,584.47,584.48,0.0,86.99,50793.33,1
2025-11-18,2025-11-18 13:42:00,584.48,584.49,584.48,584.49,0.0,86.99,50793.33,1
2025-11-18,2025-11-18 13:43:00,584.49,584.49,584.49,584.49,0.0,86.99,50793.33,0
2025-11-18,2025-11-18 13:44:00,584.49,584.5,584.49,584.5,0.0,86.99,50793.33,1
2025-11-18,2025-11-18 13:45:00,584.5,584.51,584.5,584.51,0.0,86.99,50793.33,1
2025-11-18,2025-11-18 13:46:00,584.51,584.51,584.51,584.51,0.0,86.99,50793.33,0
2025-11-18,2025-11-18 13:47:00,584.51,584.52,584.51,584.52,0.0,86.99,50793.33,1
2025-11-18,2025-11-18 13:48:00,584.52,584.53,584.52,584.53,0.0,86.99,50793.33,1
2025-11-18,2025-11-18 13:49:00,584.53,584.53,584.53,584.53,0.0,86.99,50793.33,0
2025-11-18,2025-11-18 13:50:00,584.53,584.54,584.53,584.54,0.0,86.99,50793.33,1
2025-11-18,2025-11-18 13:51:00,584.54,584.55,584.54,584.55,0.0,86.99,50793.33,1
2025-11-18,2025-11-18 13:52:00,584.55,584.55,584.55,584.55,0.0,86.99,50793.33,0
2025-11-18,2025-11-18 13:53:00,584.55,584.56,584.55,584.56,0.0,86.99,50793.33,1
2025-11-18,2025-11-18 13:54:00,584.56,584.57,584.56,584.57,0.0,86.99,50793.33,1
2025-11-18,2025-11-18 13:55:00,584.57,584.57,584.57,584.57,0.0,86.99,50793.33,0
2025-11-18,2025-11-18 13:56:00,584.57,584.58,584.57,584.58,0.0,86.99,50793.33,1
2025-11-18,2025-11-18 13:57:00,584.58,584.59,584.58,584.59,0.0,86.99,50793.33,1
2025-11-18,2025-11-18 13:58:00,584.59,584.59,584.59,584.59,0.0,86.99,50793.33,0
2025-11-18,2025-11-18 13:59:00,584.59,584.6,584.59,584.6,0.0,86.99,50793.33,1
2025-11-18,2025-11-18 14:00:00,584.6,584.61,584.6,584.61,0.0,86.99,50793.33,1
2025-11-18,2025-11-18 14:01:00,584.61,584.61,584.61,584.61,0.0,86.99,50793.33,0
2025-11-18,2025-11-18 14:02:00,584.61,584.62,584.61,584.62,0.0,86.99,50793.33,1
2025-11-18,2025-11-18 14:03:00,584.62,584.63,584.62,584.63,0.0,86.99,50793.33,1
2025-11-18,2025-11-18 14:04:00,584.63,584.63,584.63,584.63,0.0,86.99,50793.33,0
2025-11-18,2025-11-18 14:05:00,584.63,584.64,584.63,584.64,0.0,86.99,50793.33,1
2025-11-18,2025-11-18 14:06:00,584.64,584.65,584.64,584.65,0.0,86.99,50793.33,1
2025-11-18,2025-11-18 14:07:00,584.65,584.65,584.65,584.65,0.0,86.99,50793.33,0
2025-11-18,2025-11-18 14:08:00,584.65,584.66,584.65,584.66,0.0,86.99,50793.33,1
2025-11-18,2025-11-18 14:09:00,584.66,584.67,584.66,584.67,0.0,86.99,50793.33,1
2025-11-18,2025-11-18 14:10:00,584.67,584.67,584.67,584.67,0.0,86.99,50793.33,0
2025-11-18,2025-11-18 14:11:00,584.67,584.68,584.67,584.68,0.0,86.99,50793.33,1
2025-11-18,2025-11-18 14:12:00,584.68,584.69,584.68,584.69,0.0,86.99,50793.33,1
2025-11-18,2025-11-18 14:13:00,584.69,584.69,584.69,584.69,0.0,86.99,50793.33,0
2025-11-18,2025-11-18 14:14:00,584.69,584.7,584.69,584.7,0.0,86.99,50793.33,1
2025-11-18,2025-11-18 14:15:00,584.7,584.71,584.7,584.71,0.0,86.99,50793.33,1
2025-11-18,2025-11-18 14:16:00,584.71,584.71,584.71,584.71,0.0,86.99,50793.33,0
2025-11-18,2025-11-18 14:17:00,584.71,584.72,584.71,584.72,0.0,86.99,50793.33,1
2025-11-18,2025-11-18 14:18:00,584.72,584.73,584.72,584.73,0.0,86.99,50793.33,1
2025-11-18,2025-11-18 14:19:00,584.73,584.73,584.73,584.73,0.0,86.99,50793.33,0
2025-11-18,2025-11-18 14:20:00,584.73,584.74,584.73,584.74,0.0,86.99,50793.33,1
2025-11-18,2025-11-18 14:21:00,584.74,584.75,584.74,584.75,0.0,86.99,50793.33,1
2025-11-18,2025-11-18 14:22:00,584.75,584.75,584.75,584.75,0.0,86.99,50793.33,0
2025-11-18,2025-11-18 14:23:00,584.75,584.76,584.75,584.76,0.0,86.99,50793.33,1
2025-11-18,2025-11-18 14:24:00,584.76,584.77,584.76,584.77,0.0,86.99,50793.33,1
2025-11-18,2025-11-18 14:25:00,584.77,584.77,584.77,584.77,0.0,86.99,50793.33,0
2025-11-18,2025-11-18 14:26:00,584.77,584.78,584.77,584.78,0.0,86.99,50793.33,1
2025-11-18,2025-11-18 14:27:00,584.78,584.79,584.78,584.79,0.0,86.99,50793.33,1
2025-11-18,2025-11-18 14:28:00,584.79,584.79,584.79,584.79,0.0,86.99,50793.33,0
2025-11-18,2025-11-18 14:29:00,584.79,584.8,584.79,584.8,0.0,86.99,50793.33,1
2025-11-18,2025-11-18 14:30:00,584.8,584.81,584.8,584.81,0.0,86.99,50793.33,1
2025-11-18,2025-11-18 14:31:00,584.81,584.81,584.81,584.81,0.0,86.99,50793.33,0
2025-11-18,2025-11-18 14:32:00,584.81,584.82,584.81,584.82,0.0,86.99,50793.33,1
2025-11-18,2025-11-18 14:33:00,584.82,584.83,584.82,584.83,0.0,86.99,50793.33,1
2025-11-18,2025-11-18 14:34:00,584.83,584.83,584.83,584.83,0.0,86.99,50793.33,0
2025-11-18,2025-11-18 14:35:00,584.83,584.84,584.83,584.84,0.0,86.99,50793.33,1
2025-11-18,2025-11-18 14:36:00,584.84,584.85,584.84,584.85,0.0,86.99,50793.33,1
2025-11-18,2025-11-18 14:37:00,584.85,584.85,584.85,584.85,0.0,86.99,50793.33,0
2025-11-18,2025-11-18 14:38:00,584.85,584.86,584.85,584.86,0.0,86.99,50793.33,1
2025-11-18,2025-11-18 14:39:00,584.86,584.87,584.86,584.87,0.0,86.99,50793.33,1
2025-11-18,2025-11-18 14:40:00,584.87,584.87,584.87,584.87,0.0,86.99,50793.33,0
2025-11-18,2025-11-18 14:41:00,584.87,584.88,584.87,584.88,0.0,86.99,50793.33,1
2025-11-18,2025-11-18 14:42:00,584.88,584.89,584.88,584.89,0.0,86.99,50793.33,1
2025-11-18,2025-11-18 14:43:00,584.89,584.89,584.89,584.89,0.0,86.99,50793.33,0
2025-11-18,2025-11-18 14:44:00,584.89,584.9,584.89,584.9,0.0,86.99,50793.33,1
2025-11-18,2025-11-18 14:45:00,584.9,584.91,584.9,584.91,0.0,86.99,50793.33,1
2025-11-18,2025-11-18 14:46:00,584.91,584.91,584.91,584.91,0.0,86.99,50793.33,0
2025-11-18,2025-11-18 14:47:00,584.91,584.92,584.91,584.92,0.0,86.99,50793.33,1
2025-11-18,2025-11-18 14:48:00,584.92,584.93,584.92,584.93,0.0,86.99,50793.33,1
2025-11-18,2025-11-18 14:49:00,584.93,584.93,584.93,584.93,0.0,86.99,50793.33,0
2025-11-18,2025-11-18 14:50:00,584.93,584.94,584.93,584.94,0.0,86.99,50793.33,1
2025-11-18,2025-11-18 14:51:00,584.94,584.95,584.94,584.95,0.0,86.99,50793.33,1
2025-11-18,2025-11-18 14:52:00,584.95,584.95,584.95,584.95,0.0,86.99,50793.33,0
2025-11-18,2025-11-18 14:53:00,584.95,584.96,584.95,584.96,0.0,86.99,50793.33,1
2025-11-18,2025-11-18 14:54:00,584.96,584.97,584.96,584.97,0.0,86.99,50793.33,1
2025-11-18,2025-11-18 14:55:00,584.97,584.97,584.97,584.97,0.0,86.99,50793.33,0
2025-11-18,2025-11-18 14:56:00,584.97,584.98,584.97,584.98,0.0,86.99,50793.33,1
2025-11-18,2025-11-18 14:57:00,584.98,584.99,584.98,584.99,0.0,86.99,50793.33,1
2025-11-18,2025-11-18 14:58:00,584.99,584.99,584.99,584.99,0.0,86.99,50793.33,0
2025-11-18,2025-11-18 14:59:00,584.99,585.0,584.99,585.0,0.0,86.99,50793.33,1
2025-11-18,2025-11-18 15:00:00,585.0,595.1,570.1,585.0,0.0,86.99,50793.33,0
2025-11-19,2025-11-19 11:00:00,595.0,595.0,587.5,594.9,-0.02,64.52,37151.82,-1
2025-11-19,2025-11-19 11:01:00,594.9,594.9,594.79,594.79,-0.02,64.52,37151.82,-1
2025-11-19,2025-11-19 11:02:00,594.79,594.79,594.69,594.69,-0.02,64.52,37151.82,-1
2025-11-19,2025-11-19 11:03:00,594.69,594.69,594.58,594.58,-0.02,64.52,37151.82,-1
2025-11-19,2025-11-19 11:04:00,594.58,594.58,594.48,594.48,-0.02,64.52,37151.82,-1
2025-11-19,2025-11-19 11:05:00,594.48,594.48,594.38,594.38,-0.02,64.52,37151.82,-1
2025-11-19,2025-11-19 11:06:00,594.38,594.38,594.27,594.27,-0.02,64.52,37151.82,-1
2025-11-19,2025-11-19 11:07:00,594.27,594.27,594.17,594.17,-0.02,64.52,37151.82,-1
2025-11-19,2025-11-19 11:08:00,594.17,594.17,594.06,594.06,-0.02,64.52,37151.82,-1
2025-11-19,2025-11-19 11:09:00,594.06,594.06,593.96,593.96,-0.02,64.52,37151.82,-1
2025-11-19,2025-11-19 11:10:00,593.96,593.96,593.85,593.85,-0.02,64.52,37151.82,-1
2025-11-19,2025-11-19 11:11:00,593.85,593.85,593.75,593.75,-0.02,64.52,37151.82,-1
2025-11-19,2025-11-19 11:12:00,593.75,593.75,593.65,593.65,-0.02,64.52,37151.82,-1
2025-11-19,2025-11-19 11:13:00,593.65,593.65,593.54,593.54,-0.02,64.52,37151.82,-1
2025-11-19,2025-11-19 11:14:00,593.54,593.54,593.44,593.44,-0.02,64.52,37151.82,-1
2025-11-19,2025-11-19 11:15:00,593.44,593.44,593.33,593.33,-0.02,64.52,37151.82,-1
2025-11-19,2025-11-19 11:16:00,593.33,593.33,593.23,593.23,-0.02,64.52,37151.82,-1
2025-11-19,2025-11-19 11:17:00,593.23,593.23,593.12,593.12,-0.02,64.52,37151.82,-1
2025-11-19,2025-11-19 11:18:00,593.12,593.12,593.02,593.02,-0.02,64.52,37151.82,-1
2025-11-19,2025-11-19 11:19:00,593.02,593.02,592.92,592.92,-0.02,64.52,37151.82,-1
2025-11-19,2025-11-19 11:20:00,592.92,592.92,592.81,592.81,-0.02,64.52,37151.82,-1
2025-11-19,2025-11-19 11:21:00,592.81,592.81,592.71,592.71,-0.02,64.52,37151.82,-1
2025-11-19,2025-11-19 11:22:00,592.71,592.71,592.6,592.6,-0.02,64.52,37151.82,-1
2025-11-19,2025-11-19 11:23:00,592.6,592.6,592.5,592.5,-0.02,64.52,37151.82,-1
2025-11-19,2025-11-19 11:24:00,592.5,592.5,592.4,592.4,-0.02,64.52,37151.82,-1
2025-11-19,2025-11-19 11:25:00,592.4,592.4,592.29,592.29,-0.02,64.52,37151.82,-1
2025-11-19,2025-11-19 11:26:00,592.29,592.29,592.19,592.19,-0.02,64.52,37151.82,-1
2025-11-19,2025-11-19 11:27:00,592.19,592.19,592.08,592.08,-0.02,64.52,37151.82,-1
2025-11-19,2025-11-19 11:28:00,592.08,592.08,591.98,591.98,-0.02,64.52,37151.82,-1
2025-11-19,2025-11-19 11:29:00,591.98,591.98,591.88,591.88,-0.02,64.52,37151.82,-1
2025-11-19,2025-11-19 11:30:00,591.88,591.88,591.77,591.77,-0.02,64.52,37151.82,-1
2025-11-19,2025-11-19 11:31:00,591.77,591.77,591.67,591.67,-0.02,64.52,37151.82,-1
2025-11-19,2025-11-19 11:32:00,591.67,591.67,591.56,591.56,-0.02,64.52,37151.82,-1
2025-11-19,2025-11-19 11:33:00,591.56,591.56,591.46,591.46,-0.02,64.52,37151.82,-1
2025-11-19,2025-11-19 11:34:00,591.46,591.46,591.35,591.35,-0.02,64.52,37151.82,-1
2025-11-19,2025-11-19 11:35:00,591.35,591.35,591.25,591.25,-0.02,64.52,37151.82,-1
2025-11-19,2025-11-19 11:36:00,591.25,591.25,591.15,591.15,-0.02,64.52,37151.82,-1
2025-11-19,2025-11-19 11:37:00,591.15,591.15,591.04,591.04,-0.02,64.52,37151.82,-1
2025-11-19,2025-11-19 11:38:00,591.04,591.04,590.94,590.94,-0.02,64.52,37151.82,-1
2025-11-19,2025-11-19 11:39:00,590.94,590.94,590.83,590.83,-0.02,64.52,37151.82,-1
2025-11-19,2025-11-19 11:40:00,590.83,590.83,590.73,590.73,-0.02,64.52,37151.82,-1
2025-11-19,2025-11-19 11:41:00,590.73,590.73,590.62,590.62,-0.02,64.52,37151.82,-1
2025-11-19,2025-11-19 11:42:00,590.62,590.62,590.52,590.52,-0.02,64.52,37151.82,-1
2025-11-19,2025-11-19 11:43:00,590.52,590.52,590.42,590.42,-0.02,64.52,37151.82,-1
2025-11-19,2025-11-19 11:44:00,590.42,590.42,590.31,590.31,-0.02,64.52,37151.82,-1
2025-11-19,2025-11-19 11:45:00,590.31,590.31,590.21,590.21,-0.02,64.52,37151.82,-1
2025-11-19,2025-11-19 11:46:00,590.21,590.21,590.1,590.1,-0.02,64.52,37151.82,-1
2025-11-19,2025-11-19 11:47:00,590.1,590.1,590.0,590.0,-0.02,64.52,37151.82,-1
2025-11-19,2025-11-19 11:48:00,590.0,590.0,589.9,589.9,-0.02,64.52,37151.82,-1
2025-11-19,2025-11-19 11:49:00,589.9,589.9,589.79,589.79,-0.02,64.52,37151.82,-1
2025-11-19,2025-11-19 11:50:00,589.79,589.79,589.69,589.69,-0.02,64.52,37151.82,-1
2025-11-19,2025-11-19 11:51:00,589.69,589.69,589.58,589.58,-0.02,64.52,37151.82,-1
2025-11-19,2025-11-19 11:52:00,589.58,589.58,589.48,589.48,-0.02,64.52,37151.82,-1
2025-11-19,2025-11-19 11:53:00,589.48,589.48,589.38,589.38,-0.02,64.52,37151.82,-1
2025-11-19,2025-11-19 11:54:00,589.38,589.38,589.27,589.27,-0.02,64.52,37151.82,-1
2025-11-19,2025-11-19 11:55:00,589.27,589.27,589.17,589.17,-0.02,64.52,37151.82,-1
2025-11-19,2025-11-19 11:56:00,589.17,589.17,589.06,589.06,-0.02,64.52,37151.82,-1
2025-11-19,2025-11-19 11:57:00,589.06,589.06,588.96,588.96,-0.02,64.52,37151.82,-1
2025-11-19,2025-11-19 11:58:00,588.96,588.96,588.85,588.85,-0.02,64.52,37151.82,-1
2025-11-19,2025-11-19 11:59:00,588.85,588.85,588.75,588.75,-0.02,64.52,37151.82,-1
2025-11-19,2025-11-19 12:00:00,588.75,588.75,588.65,588.65,-0.02,64.52,37151.82,-1
2025-11-19,2025-11-19 12:01:00,588.65,588.65,588.54,588.54,-0.02,64.52,37151.82,-1
2025-11-19,2025-11-19 12:02:00,588.54,588.54,588.44,588.44,-0.02,64.52,37151.82,-1
2025-11-19,2025-11-19 12:03:00,588.44,588.44,588.33,588.33,-0.02,64.52,37151.82,-1
2025-11-19,2025-11-19 12:04:00,588.33,588.33,588.23,588.23,-0.02,64.52,37151.82,-1
2025-11-19,2025-11-19 12:05:00,588.23,588.23,588.12,588.12,-0.02,64.52,37151.82,-1
2025-11-19,2025-11-19 12:06:00,588.12,588.12,588.02,588.02,-0.02,64.52,37151.82,-1
2025-11-19,2025-11-19 12:07:00,588.02,588.02,587.92,587.92,-0.02,64.52,37151.82,-1
2025-11-19,2025-11-19 12:08:00,587.92,587.92,587.81,587.81,-0.02,64.52,37151.82,-1
2025-11-19,2025-11-19 12:09:00,587.81,587.81,587.71,587.71,-0.02,64.52,37151.82,-1
2025-11-19,2025-11-19 12:10:00,587.71,587.71,587.6,587.6,-0.02,64.52,37151.82,-1
2025-11-19,2025-11-19 12:11:00,587.6,587.6,587.5,587.5,-0.02,64.52,37151.82,-1
2025-11-19,2025-11-19 12:12:00,587.5,587.5,587.4,587.4,-0.02,64.52,37151.82,-1
2025-11-19,2025-11-19 12:13:00,587.4,587.4,587.29,587.29,-0.02,64.52,37151.82,-1
2025-11-19,2025-11-19 12:14:00,587.29,587.29,587.19,587.19,-0.02,64.52,37151.82,-1
2025-11-19,2025-11-19 12:15:00,587.19,587.19,587.08,587.08,-0.02,64.52,37151.82,-1
2025-11-19,2025-11-19 12:16:00,587.08,587.08,586.98,586.98,-0.02,64.52,37151.82,-1
2025-11-19,2025-11-19 12:17:00,586.98,586.98,586.88,586.88,-0.02,64.52,37151.82,-1
2025-11-19,2025-11-19 12:18:00,586.88,586.88,586.77,586.77,-0.02,64.52,37151.82,-1
2025-11-19,2025-11-19 12:19:00,586.77,586.77,586.67,586.67,-0.02,64.52,37151.82,-1
2025-11-19,2025-11-19 12:20:00,586.67,586.67,586.56,586.56,-0.02,64.52,37151.82,-1
2025-11-19,2025-11-19 12:21:00,586.56,586.56,586.46,586.46,-0.02,64.52,37151.82,-1
2025-11-19,2025-11-19 12:22:00,586.46,586.46,586.35,586.35,-0.02,64.52,37151.82,-1
2025-11-19,2025-11-19 12:23:00,586.35,586.35,586.25,586.25,-0.02,64.52,37151.82,-1
2025-11-19,2025-11-19 12:24:00,586.25,586.25,586.15,586.15,-0.02,64.52,37151.82,-1
2025-11-19,2025-11-19 12:25:00,586.15,586.15,586.04,586.04,-0.02,64.52,37151.82,-1
2025-11-19,2025-11-19 12:26:00,586.04,586.04,585.94,585.94,-0.02,64.52,37151.82,-1
2025-11-19,2025-11-19 12:27:00,585.94,585.94,585.83,585.83,-0.02,64.52,37151.82,-1
2025-11-19,2025-11-19 12:28:00,585.83,585.83,585.73,585.73,-0.02,64.52,37151.82,-1
2025-11-19,2025-11-19 12:29:00,585.73,585.73,585.62,585.62,-0.02,64.52,37151.82,-1
2025-11-19,2025-11-19 12:30:00,585.62,585.62,585.52,585.52,-0.02,64.52,37151.82,-1
2025-11-19,2025-11-19 12:31:00,585.52,585.52,585.42,585.42,-0.02,64.52,37151.82,-1
2025-11-19,2025-11-19 12:32:00,585.42,585.42,585.31,585.31,-0.02,64.52,37151.82,-1
2025-11-19,2025-11-19 12:33:00,585.31,585.31,585.21,585.21,-0.02,64.52,37151.82,-1
2025-11-19,2025-11-19 12:34:00,585.21,585.21,585.1,585.1,-0.02,64.52,37151.82,-1
2025-11-19,2025-11-19 12:35:00,585.1,585.1,585.0,585.0,-0.02,64.52,37151.82,-1
2025-11-19,2025-11-19 12:36:00,585.0,585.0,584.9,584.9,-0.02,64.52,37151.82,-1
2025-11-19,2025-11-19 12:37:00,584.9,584.9,584.79,584.79,-0.02,64.52,37151.82,-1
2025-11-19,2025-11-19 12:38:00,584.79,584.79,584.69,584.69,-0.02,64.52,37151.82,-1
2025-11-19,2025-11-19 12:39:00,584.69,584.69,584.58,584.58,-0.02,64.52,37151.82,-1
2025-11-19,2025-11-19 12:40:00,584.58,584.58,584.48,584.48,-0.02,64.52,37151.82,-1
2025-11-19,2025-11-19 12:41:00,584.48,584.48,584.38,584.38,-0.02,64.52,37151.82,-1
2025-11-19,2025-11-19 12:42:00,584.38,584.38,584.27,584.27,-0.02,64.52,37151.82,-1
2025-11-19,2025-11-19 12:43:00,584.27,584.27,584.17,584.17,-0.02,64.52,37151.82,-1
2025-11-19,2025-11-19 12:44:00,584.17,584.17,584.06,584.06,-0.02,64.52,37151.82,-1
2025-11-19,2025-11-19 12:45:00,584.06,584.06,583.96,583.96,-0.02,64.52,37151.82,-1
2025-11-19,2025-11-19 12:46:00,583.96,583.96,583.85,583.85,-0.02,64.52,37151.82,-1
2025-11-19,2025-11-19 12:47:00,583.85,583.85,583.75,583.75,-0.02,64.52,37151.82,-1
2025-11-19,2025-11-19 12:48:00,583.75,583.75,583.65,583.65,-0.02,64.52,37151.82,-1
2025-11-19,2025-11-19 12:49:00,583.65,583.65,583.54,583.54,-0.02,64.52,37151.82,-1
2025-11-19,2025-11-19 12:50:00,583.54,583.54,583.44,583.44,-0.02,64.52,37151.82,-1
2025-11-19,2025-11-19 12:51:00,583.44,583.44,583.33,583.33,-0.02,64.52,37151.82,-1
2025-11-19,2025-11-19 12:52:00,583.33,583.33,583.23,583.23,-0.02,64.52,37151.82,-1
2025-11-19,2025-11-19 12:53:00,583.23,583.23,583.12,583.12,-0.02,64.52,37151.82,-1
2025-11-19,2025-11-19 12:54:00,583.12,583.12,583.02,583.02,-0.02,64.52,37151.82,-1
2025-11-19,2025-11-19 12:55:00,583.02,583.02,582.92,582.92,-0.02,64.52,37151.82,-1
2025-11-19,2025-11-19 12:56:00,582.92,582.92,582.81,582.81,-0.02,64.52,37151.82,-1
2025-11-19,2025-11-19 12:57:00,582.81,582.81,582.71,582.71,-0.02,64.52,37151.82,-1
2025-11-19,2025-11-19 12:58:00,582.71,582.71,582.6,582.6,-0.02,64.52,37151.82,-1
2025-11-19,2025-11-19 12:59:00,582.6,582.6,582.5,582.5,-0.02,64.52,37151.82,-1
2025-11-19,2025-11-19 13:00:00,582.5,595.0,570.0,582.4,-0.02,64.52,37151.82,-1
2025-11-19,2025-11-19 13:01:00,582.4,582.4,582.29,582.29,-0.02,64.52,37151.82,-1
2025-11-19,2025-11-19 13:02:00,582.29,582.29,582.19,582.19,-0.02,64.52,37151.82,-1
2025-11-19,2025-11-19 13:03:00,582.19,582.19,582.08,582.08,-0.02,64.52,37151.82,-1
2025-11-19,2025-11-19 13:04:00,582.08,582.08,581.98,581.98,-0.02,64.52,37151.82,-1
2025-11-19,2025-11-19 13:05:00,581.98,581.98,581.88,581.88,-0.02,64.52,37151.82,-1
2025-11-19,2025-11-19 13:06:00,581.88,581.88,581.77,581.77,-0.02,64.52,37151.82,-1
2025-11-19,2025-11-19 13:07:00,581.77,581.77,581.67,581.67,-0.02,64.52,37151.82,-1
2025-11-19,2025-11-19 13:08:00,581.67,581.67,581.56,581.56,-0.02,64.52,37151.82,-1
2025-11-19,2025-11-19 13:09:00,581.56,581.56,581.46,581.46,-0.02,64.52,37151.82,-1
2025-11-19,2025-11-19 13:10:00,581.46,581.46,581.35,581.35,-0.02,64.52,37151.82,-1
2025-11-19,2025-11-19 13:11:00,581.35,581.35,581.25,581.25,-0.02,64.52,37151.82,-1
2025-11-19,2025-11-19 13:12:00,581.25,581.25,581.15,581.15,-0.02,64.52,37151.82,-1
2025-11-19,2025-11-19 13:13:00,581.15,581.15,581.04,581.04,-0.02,64.52,37151.82,-1
2025-11-19,2025-11-19 13:14:00,581.04,581.04,580.94,580.94,-0.02,64.52,37151.82,-1
2025-11-19,2025-11-19 13:15:00,580.94,580.94,580.83,580.83,-0.02,64.52,37151.82,-1
2025-11-19,2025-11-19 13:16:00,580.83,580.83,580.73,580.73,-0.02,64.52,37151.82,-1
2025-11-19,2025-11-19 13:17:00,580.73,580.73,580.62,580.62,-0.02,64.52,37151.82,-1
2025-11-19,2025-11-19 13:18:00,580.62,580.62,580.52,580.52,-0.02,64.52,37151.82,-1
2025-11-19,2025-11-19 13:19:00,580.52,580.52,580.42,580.42,-0.02,64.52,37151.82,-1
2025-11-19,2025-11-19 13:20:00,580.42,580.42,580.31,580.31,-0.02,64.52,37151.82,-1
2025-11-19,2025-11-19 13:21:00,580.31,580.31,580.21,580.21,-0.02,64.52,37151.82,-1
2025-11-19,2025-11-19 13:22:00,580.21,580.21,580.1,580.1,-0.02,64.52,37151.82,-1
2025-11-19,2025-11-19 13:23:00,580.1,580.1,580.0,580.0,-0.02,64.52,37151.82,-1
2025-11-19,2025-11-19 13:24:00,580.0,580.0,579.9,579.9,-0.02,64.52,37151.82,-1
2025-11-19,2025-11-19 13:25:00,579.9,579.9,579.79,579.79,-0.02,64.52,37151.82,-1
2025-11-19,2025-11-19 13:26:00,579.79,579.79,579.69,579.69,-0.02,64.52,37151.82,-1
2025-11-19,2025-11-19 13:27:00,579.69,579.69,579.58,579.58,-0.02,64.52,37151.82,-1
2025-11-19,2025-11-19 13:28:00,579.58,579.58,579.48,579.48,-0.02,64.52,37151.82,-1
2025-11-19,2025-11-19 13:29:00,579.48,579.48,579.38,579.38,-0.02,64.52,37151.82,-1
2025-11-19,2025-11-19 13:30:00,579.38,579.38,579.27,579.27,-0.02,64.52,37151.82,-1
2025-11-19,2025-11-19 13:31:00,579.27,579.27,579.17,579.17,-0.02,64.52,37151.82,-1
2025-11-19,2025-11-19 13:32:00,579.17,579.17,579.06,579.06,-0.02,64.52,37151.82,-1
2025-11-19,2025-11-19 13:33:00,579.06,579.06,578.96,578.96,-0.02,64.52,37151.82,-1
2025-11-19,2025-11-19 13:34:00,578.96,578.96,578.85,578.85,-0.02,64.52,37151.82,-1
2025-11-19,2025-11-19 13:35:00,578.85,578.85,578.75,578.75,-0.02,64.52,37151.82,-1
2025-11-19,2025-11-19 13:36:00,578.75,578.75,578.65,578.65,-0.02,64.52,37151.82,-1
2025-11-19,2025-11-19 13:37:00,578.65,578.65,578.54,578.54,-0.02,64.52,37151.82,-1
2025-11-19,2025-11-19 13:38:00,578.54,578.54,578.44,578.44,-0.02,64.52,37151.82,-1
2025-11-19,2025-11-19 13:39:00,578.44,578.44,578.33,578.33,-0.02,64.52,37151.82,-1
2025-11-19,2025-11-19 13:40:00,578.33,578.33,578.23,578.23,-0.02,64.52,37151.82,-1
2025-11-19,2025-11-19 13:41:00,578.23,578.23,578.12,578.12,-0.02,64.52,37151.82,-1
2025-11-19,2025-11-19 13:42:00,578.12,578.12,578.02,578.02,-0.02,64.52,37151.82,-1
2025-11-19,2025-11-19 13:43:00,578.02,578.02,577.92,577.92,-0.02,64.52,37151.82,-1
2025-11-19,2025-11-19 13:44:00,577.92,577.92,577.81,577.81,-0.02,64.52,37151.82,-1
2025-11-19,2025-11-19 13:45:00,577.81,577.81,577.71,577.71,-0.02,64.52,37151.82,-1
2025-11-19,2025-11-19 13:46:00,577.71,577.71,577.6,577.6,-0.02,64.52,37151.82,-1
2025-11-19,2025-11-19 13:47:00,577.6,577.6,577.5,577.5,-0.02,64.52,37151.82,-1
2025-11-19,2025-11-19 13:48:00,577.5,577.5,577.4,577.4,-0.02,64.52,37151.82,-1
2025-11-19,2025-11-19 13:49:00,577.4,577.4,577.29,577.29,-0.02,64.52,37151.82,-1
2025-11-19,2025-11-19 13:50:00,577.29,577.29,577.19,577.19,-0.02,64.52,37151.82,-1
2025-11-19,2025-11-19 13:51:00,577.19,577.19,577.08,577.08,-0.02,64.52,37151.82,-1
2025-11-19,2025-11-19 13:52:00,577.08,577.08,576.98,576.98,-0.02,64.52,37151.82,-1
2025-11-19,2025-11-19 13:53:00,576.98,576.98,576.88,576.88,-0.02,64.52,37151.82,-1
2025-11-19,2025-11-19 13:54:00,576.88,576.88,576.77,576.77,-0.02,64.52,37151.82,-1
2025-11-19,2025-11-19 13:55:00,576.77,576.77,576.67,576.67,-0.02,64.52,37151.82,-1
2025-11-19,2025-11-19 13:56:00,576.67,576.67,576.56,576.56,-0.02,64.52,37151.82,-1
2025-11-19,2025-11-19 13:57:00,576.56,576.56,576.46,576.46,-0.02,64.52,37151.82,-1
2025-11-19,2025-11-19 13:58:00,576.46,576.46,576.35,576.35,-0.02,64.52,37151.82,-1
2025-11-19,2025-11-19 13:59:00,576.35,576.35,576.25,576.25,-0.02,64.52,37151.82,-1
2025-11-19,2025-11-19 14:00:00,576.25,576.25,576.15,576.15,-0.02,64.52,37151.82,-1
2025-11-19,2025-11-19 14:01:00,576.15,576.15,576.04,576.04,-0.02,64.52,37151.82,-1
2025-11-19,2025-11-19 14:02:00,576.04,576.04,575.94,575.94,-0.02,64.52,37151.82,-1
2025-11-19,2025-11-19 14:03:00,575.94,575.94,575.83,575.83,-0.02,64.52,37151.82,-1
2025-11-19,2025-11-19 14:04:00,575.83,575.83,575.73,575.73,-0.02,64.52,37151.82,-1
2025-11-19,2025-11-19 14:05:00,575.73,575.73,575.62,575.62,-0.02,64.52,37151.82,-1
2025-11-19,2025-11-19 14:06:00,575.62,575.62,575.52,575.52,-0.02,64.52,37151.82,-1
2025-11-19,2025-11-19 14:07:00,575.52,575.52,575.42,575.42,-0.02,64.52,37151.82,-1
2025-11-19,2025-11-19 14:08:00,575.42,575.42,575.31,575.31,-0.02,64.52,37151.82,-1
2025-11-19,2025-11-19 14:09:00,575.31,575.31,575.21,575.21,-0.02,64.52,37151.82,-1
2025-11-19,2025-11-19 14:10:00,575.21,575.21,575.1,575.1,-0.02,64.52,37151.82,-1
2025-11-19,2025-11-19 14:11:00,575.1,575.1,575.0,575.0,-0.02,64.52,37151.82,-1
2025-11-19,2025-11-19 14:12:00,575.0,575.0,574.9,574.9,-0.02,64.52,37151.82,-1
2025-11-19,2025-11-19 14:13:00,574.9,574.9,574.79,574.79,-0.02,64.52,37151.82,-1
2025-11-19,2025-11-19 14:14:00,574.79,574.79,574.69,574.69,-0.02,64.52,37151.82,-1
2025-11-19,2025-11-19 14:15:00,574.69,574.69,574.58,574.58,-0.02,64.52,37151.82,-1
2025-11-19,2025-11-19 14:16:00,574.58,574.58,574.48,574.48,-0.02,64.52,37151.82,-1
2025-11-19,2025-11-19 14:17:00,574.48,574.48,574.38,574.38,-0.02,64.52,37151.82,-1
2025-11-19,2025-11-19 14:18:00,574.38,574.38,574.27,574.27,-0.02,64.52,37151.82,-1
2025-11-19,2025-11-19 14:19:00,574.27,574.27,574.17,574.17,-0.02,64.52,37151.82,-1
2025-11-19,2025-11-19 14:20:00,574.17,574.17,574.06,574.06,-0.02,64.52,37151.82,-1
2025-11-19,2025-11-19 14:21:00,574.06,574.06,573.96,573.96,-0.02,64.52,37151.82,-1
2025-11-19,2025-11-19 14:22:00,573.96,573.96,573.85,573.85,-0.02,64.52,37151.82,-1
2025-11-19,2025-11-19 14:23:00,573.85,573.85,573.75,573.75,-0.02,64.52,37151.82,-1
2025-11-19,2025-11-19 14:24:00,573.75,573.75,573.65,573.65,-0.02,64.52,37151.82,-1
2025-11-19,2025-11-19 14:25:00,573.65,573.65,573.54,573.54,-0.02,64.52,37151.82,-1
2025-11-19,2025-11-19 14:26:00,573.54,573.54,573.44,573.44,-0.02,64.52,37151.82,-1
2025-11-19,2025-11-19 14:27:00,573.44,573.44,573.33,573.33,-0.02,64.52,37151.82,-1
2025-11-19,2025-11-19 14:28:00,573.33,573.33,573.23,573.23,-0.02,64.52,37151.82,-1
2025-11-19,2025-11-19 14:29:00,573.23,573.23,573.12,573.12,-0.02,64.52,37151.82,-1
2025-11-19,2025-11-19 14:30:00,573.12,573.12,573.02,573.02,-0.02,64.52,37151.82,-1
2025-11-19,2025-11-19 14:31:00,573.02,573.02,572.92,572.92,-0.02,64.52,37151.82,-1
2025-11-19,2025-11-19 14:32:00,572.92,572.92,572.81,572.81,-0.02,64.52,37151.82,-1
2025-11-19,2025-11-19 14:33:00,572.81,572.81,572.71,572.71,-0.02,64.52,37151.82,-1
2025-11-19,2025-11-19 14:34:00,572.71,572.71,572.6,572.6,-0.02,64.52,37151.82,-1
2025-11-19,2025-11-19 14:35:00,572.6,572.6,572.5,572.5,-0.02,64.52,37151.82,-1
2025-11-19,2025-11-19 14:36:00,572.5,572.5,572.4,572.4,-0.02,64.52,37151.82,-1
2025-11-19,2025-11-19 14:37:00,572.4,572.4,572.29,572.29,-0.02,64.52,37151.82,-1
2025-11-19,2025-11-19 14:38:00,572.29,572.29,572.19,572.19,-0.02,64.52,37151.82,-1
2025-11-19,2025-11-19 14:39:00,572.19,572.19,572.08,572.08,-0.02,64.52,37151.82,-1
2025-11-19,2025-11-19 14:40:00,572.08,572.08,571.98,571.98,-0.02,64.52,37151.82,-1
2025-11-19,2025-11-19 14:41:00,571.98,571.98,571.88,571.88,-0.02,64.52,37151.82,-1
2025-11-19,2025-11-19 14:42:00,571.88,571.88,571.77,571.77,-0.02,64.52,37151.82,-1
2025-11-19,2025-11-19 14:43:00,571.77,571.77,571.67,571.67,-0.02,64.52,37151.82,-1
2025-11-19,2025-11-19 14:44:00,571.67,571.67,571.56,571.56,-0.02,64.52,37151.82,-1
2025-11-19,2025-11-19 14:45:00,571.56,571.56,571.46,571.46,-0.02,64.52,37151.82,-1
2025-11-19,2025-11-19 14:46:00,571.46,571.46,571.35,571.35,-0.02,64.52,37151.82,-1
2025-11-19,2025-11-19 14:47:00,571.35,571.35,571.25,571.25,-0.02,64.52,37151.82,-1
2025-11-19,2025-11-19 14:48:00,571.25,571.25,571.15,571.15,-0.02,64.52,37151.82,-1
2025-11-19,2025-11-19 14:49:00,571.15,571.15,571.04,571.04,-0.02,64.52,37151.82,-1
2025-11-19,2025-11-19 14:50:00,571.04,571.04,570.94,570.94,-0.02,64.52,37151.82,-1
2025-11-19,2025-11-19 14:51:00,570.94,570.94,570.83,570.83,-0.02,64.52,37151.82,-1
2025-11-19,2025-11-19 14:52:00,570.83,570.83,570.73,570.73,-0.02,64.52,37151.82,-1
2025-11-19,2025-11-19 14:53:00,570.73,570.73,570.62,570.62,-0.02,64.52,37151.82,-1
2025-11-19,2025-11-19 14:54:00,570.62,570.62,570.52,570.52,-0.02,64.52,37151.82,-1
2025-11-19,2025-11-19 14:55:00,570.52,570.52,570.42,570.42,-0.02,64.52,37151.82,-1
2025-11-19,2025-11-19 14:56:00,570.42,570.42,570.31,570.31,-0.02,64.52,37151.82,-1
2025-11-19,2025-11-19 14:57:00,570.31,570.31,570.21,570.21,-0.02,64.52,37151.82,-1
2025-11-19,2025-11-19 14:58:00,570.21,570.21,570.1,570.1,-0.02,64.52,37151.82,-1
2025-11-19,2025-11-19 14:59:00,570.1,570.1,570.0,570.0,-0.02,64.52,37151.82,-1
2025-11-19,2025-11-19 15:00:00,570.0,595.0,570.0,570.0,0.0,64.52,37151.82,0
2025-11-20,2025-11-20 11:00:00,581.4,581.4,574.68,581.34,-0.01,102.43,58248.62,-1
2025-11-20,2025-11-20 11:01:00,581.34,581.34,581.28,581.28,-0.01,102.43,58248.62,-1
2025-11-20,2025-11-20 11:02:00,581.28,581.28,581.22,581.22,-0.01,102.43,58248.62,-1
2025-11-20,2025-11-20 11:03:00,581.22,581.22,581.16,581.16,-0.01,102.43,58248.62,-1
2025-11-20,2025-11-20 11:04:00,581.16,581.16,581.1,581.1,-0.01,102.43,58248.62,-1
2025-11-20,2025-11-20 11:05:00,581.1,581.1,581.04,581.04,-0.01,102.43,58248.62,-1
2025-11-20,2025-11-20 11:06:00,581.04,581.04,580.98,580.98,-0.01,102.43,58248.62,-1
2025-11-20,2025-11-20 11:07:00,580.98,580.98,580.92,580.92,-0.01,102.43,58248.62,-1
2025-11-20,2025-11-20 11:08:00,580.92,580.92,580.86,580.86,-0.01,102.43,58248.62,-1
2025-11-20,2025-11-20 11:09:00,580.86,580.86,580.8,580.8,-0.01,102.43,58248.62,-1
2025-11-20,2025-11-20 11:10:00,580.8,580.8,580.74,580.74,-0.01,102.43,58248.62,-1
2025-11-20,2025-11-20 11:11:00,580.74,580.74,580.68,580.68,-0.01,102.43,58248.62,-1
2025-11-20,2025-11-20 11:12:00,580.68,580.68,580.63,580.63,-0.01,102.43,58248.62,-1
2025-11-20,2025-11-20 11:13:00,580.63,580.63,580.57,580.57,-0.01,102.43,58248.62,-1
2025-11-20,2025-11-20 11:14:00,580.57,580.57,580.51,580.51,-0.01,102.43,58248.62,-1
2025-11-20,2025-11-20 11:15:00,580.51,580.51,580.45,580.45,-0.01,102.43,58248.62,-1
2025-11-20,2025-11-20 11:16:00,580.45,580.45,580.39,580.39,-0.01,102.43,58248.62,-1
2025-11-20,2025-11-20 11:17:00,580.39,580.39,580.33,580.33,-0.01,102.43,58248.62,-1
2025-11-20,2025-11-20 11:18:00,580.33,580.33,580.27,580.27,-0.01,102.43,58248.62,-1
2025-11-20,2025-11-20 11:19:00,580.27,580.27,580.21,580.21,-0.01,102.43,58248.62,-1
2025-11-20,2025-11-20 11:20:00,580.21,580.21,580.15,580.15,-0.01,102.43,58248.62,-1
2025-11-20,2025-11-20 11:21:00,580.15,580.15,580.09,580.09,-0.01,102.43,58248.62,-1
2025-11-20,2025-11-20 11:22:00,580.09,580.09,580.03,580.03,-0.01,102.43,58248.62,-1
2025-11-20,2025-11-20 11:23:00,580.03,580.03,579.97,579.97,-0.01,102.43,58248.62,-1
2025-11-20,2025-11-20 11:24:00,579.97,579.97,579.91,579.91,-0.01,102.43,58248.62,-1
2025-11-20,2025-11-20 11:25:00,579.91,579.91,579.85,579.85,-0.01,102.43,58248.62,-1
2025-11-20,2025-11-20 11:26:00,579.85,579.85,579.79,579.79,-0.01,102.43,58248.62,-1
2025-11-20,2025-11-20 11:27:00,579.79,579.79,579.73,579.73,-0.01,102.43,58248.62,-1
2025-11-20,2025-11-20 11:28:00,579.73,579.73,579.67,579.67,-0.01,102.43,58248.62,-1
2025-11-20,2025-11-20 11:29:00,579.67,579.67,579.61,579.61,-0.01,102.43,58248.62,-1
2025-11-20,2025-11-20 11:30:00,579.61,579.61,579.55,579.55,-0.01,102.43,58248.62,-1
2025-11-20,2025-11-20 11:31:00,579.55,579.55,579.49,579.49,-0.01,102.43,58248.62,-1
2025-11-20,2025-11-20 11:32:00,579.49,579.49,579.43,579.43,-0.01,102.43,58248.62,-1
2025-11-20,2025-11-20 11:33:00,579.43,579.43,579.37,579.37,-0.01,102.43,58248.62,-1
2025-11-20,2025-11-20 11:34:00,579.37,579.37,579.31,579.31,-0.01,102.43,58248.62,-1
2025-11-20,2025-11-20 11:35:00,579.31,579.31,579.25,579.25,-0.01,102.43,58248.62,-1
2025-11-20,2025-11-20 11:36:00,579.25,579.25,579.2,579.2,-0.01,102.43,58248.62,-1
2025-11-20,2025-11-20 11:37:00,579.2,579.2,579.14,579.14,-0.01,102.43,58248.62,-1
2025-11-20,2025-11-20 11:38:00,579.14,579.14,579.08,579.08,-0.01,102.43,58248.62,-1
2025-11-20,2025-11-20 11:39:00,579.08,579.08,579.02,579.02,-0.01,102.43,58248.62,-1
2025-11-20,2025-11-20 11:40:00,579.02,579.02,578.96,578.96,-0.01,102.43,58248.62,-1
2025-11-20,2025-11-20 11:41:00,578.96,578.96,578.9,578.9,-0.01,102.43,58248.62,-1
2025-11-20,2025-11-20 11:42:00,578.9,578.9,578.84,578.84,-0.01,102.43,58248.62,-1
2025-11-20,2025-11-20 11:43:00,578.84,578.84,578.78,578.78,-0.01,102.43,58248.62,-1
2025-11-20,2025-11-20 11:44:00,578.78,578.78,578.72,578.72,-0.01,102.43,58248.62,-1
2025-11-20,2025-11-20 11:45:00,578.72,578.72,578.66,578.66,-0.01,102.43,58248.62,-1
2025-11-20,2025-11-20 11:46:00,578.66,578.66,578.6,578.6,-0.01,102.43,58248.62,-1
2025-11-20,2025-11-20 11:47:00,578.6,578.6,578.54,578.54,-0.01,102.43,58248.62,-1
2025-11-20,2025-11-20 11:48:00,578.54,578.54,578.48,578.48,-0.01,102.43,58248.62,-1
2025-11-20,2025-11-20 11:49:00,578.48,578.48,578.42,578.42,-0.01,102.43,58248.62,-1
2025-11-20,2025-11-20 11:50:00,578.42,578.42,578.36,578.36,-0.01,102.43,58248.62,-1
2025-11-20,2025-11-20 11:51:00,578.36,578.36,578.3,578.3,-0.01,102.43,58248.62,-1
2025-11-20,2025-11-20 11:52:00,578.3,578.3,578.24,578.24,-0.01,102.43,58248.62,-1
2025-11-20,2025-11-20 11:53:00,578.24,578.24,578.18,578.18,-0.01,102.43,58248.62,-1
2025-11-20,2025-11-20 11:54:00,578.18,578.18,578.12,578.12,-0.01,102.43,58248.62,-1
2025-11-20,2025-11-20 11:55:00,578.12,578.12,578.06,578.06,-0.01,102.43,58248.62,-1
2025-11-20,2025-11-20 11:56:00,578.06,578.06,578.0,578.0,-0.01,102.43,58248.62,-1
2025-11-20,2025-11-20 11:57:00,578.0,578.0,577.94,577.94,-0.01,102.43,58248.62,-1
2025-11-20,2025-11-20 11:58:00,577.94,577.94,577.88,577.88,-0.01,102.43,58248.62,-1
2025-11-20,2025-11-20 11:59:00,577.88,577.88,577.83,577.83,-0.01,102.43,58248.62,-1
2025-11-20,2025-11-20 12:00:00,577.83,577.83,577.77,577.77,-0.01,102.43,58248.62,-1
2025-11-20,2025-11-20 12:01:00,577.77,577.77,577.71,577.71,-0.01,102.43,58248.62,-1
2025-11-20,2025-11-20 12:02:00,577.71,577.71,577.65,577.65,-0.01,102.43,58248.62,-1
2025-11-20,2025-11-20 12:03:00,577.65,577.65,577.59,577.59,-0.01,102.43,58248.62,-1
2025-11-20,2025-11-20 12:04:00,577.59,577.59,577.53,577.53,-0.01,102.43,58248.62,-1
2025-11-20,2025-11-20 12:05:00,577.53,577.53,577.47,577.47,-0.01,102.43,58248.62,-1
2025-11-20,2025-11-20 12:06:00,577.47,577.47,577.41,577.41,-0.01,102.43,58248.62,-1
2025-11-20,2025-11-20 12:07:00,577.41,577.41,577.35,577.35,-0.01,102.43,58248.62,-1
2025-11-20,2025-11-20 12:08:00,577.35,577.35,577.29,577.29,-0.01,102.43,58248.62,-1
2025-11-20,2025-11-20 12:09:00,577.29,577.29,577.23,577.23,-0.01,102.43,58248.62,-1
2025-11-20,2025-11-20 12:10:00,577.23,577.23,577.17,577.17,-0.01,102.43,58248.62,-1
2025-11-20,2025-11-20 12:11:00,577.17,577.17,577.11,577.11,-0.01,102.43,58248.62,-1
2025-11-20,2025-11-20 12:12:00,577.11,577.11,577.05,577.05,-0.01,102.43,58248.62,-1
2025-11-20,2025-11-20 12:13:00,577.05,577.05,576.99,576.99,-0.01,102.43,58248.62,-1
2025-11-20,2025-11-20 12:14:00,576.99,576.99,576.93,576.93,-0.01,102.43,58248.62,-1
2025-11-20,2025-11-20 12:15:00,576.93,576.93,576.87,576.87,-0.01,102.43,58248.62,-1
2025-11-20,2025-11-20 12:16:00,576.87,576.87,576.81,576.81,-0.01,102.43,58248.62,-1
2025-11-20,2025-11-20 12:17:00,576.81,576.81,576.75,576.75,-0.01,102.43,58248.62,-1
2025-11-20,2025-11-20 12:18:00,576.75,576.75,576.69,576.69,-0.01,102.43,58248.62,-1
2025-11-20,2025-11-20 12:19:00,576.69,576.69,576.63,576.63,-0.01,102.43,58248.62,-1
2025-11-20,2025-11-20 12:20:00,576.63,576.63,576.57,576.57,-0.01,102.43,58248.62,-1
2025-11-20,2025-11-20 12:21:00,576.57,576.57,576.51,576.51,-0.01,102.43,58248.62,-1
2025-11-20,2025-11-20 12:22:00,576.51,576.51,576.45,576.45,-0.01,102.43,58248.62,-1
2025-11-20,2025-11-20 12:23:00,576.45,576.45,576.39,576.39,-0.01,102.43,58248.62,-1
2025-11-20,2025-11-20 12:24:00,576.39,576.39,576.34,576.34,-0.01,102.43,58248.62,-1
2025-11-20,2025-11-20 12:25:00,576.34,576.34,576.28,576.28,-0.01,102.43,58248.62,-1
2025-11-20,2025-11-20 12:26:00,576.28,576.28,576.22,576.22,-0.01,102.43,58248.62,-1
2025-11-20,2025-11-20 12:27:00,576.22,576.22,576.16,576.16,-0.01,102.43,58248.62,-1
2025-11-20,2025-11-20 12:28:00,576.16,576.16,576.1,576.1,-0.01,102.43,58248.62,-1
2025-11-20,2025-11-20 12:29:00,576.1,576.1,576.04,576.04,-0.01,102.43,58248.62,-1
2025-11-20,2025-11-20 12:30:00,576.04,576.04,575.98,575.98,-0.01,102.43,58248.62,-1
2025-11-20,2025-11-20 12:31:00,575.98,575.98,575.92,575.92,-0.01,102.43,58248.62,-1
2025-11-20,2025-11-20 12:32:00,575.92,575.92,575.86,575.86,-0.01,102.43,58248.62,-1
2025-11-20,2025-11-20 12:33:00,575.86,575.86,575.8,575.8,-0.01,102.43,58248.62,-1
2025-11-20,2025-11-20 12:34:00,575.8,575.8,575.74,575.74,-0.01,102.43,58248.62,-1
2025-11-20,2025-11-20 12:35:00,575.74,575.74,575.68,575.68,-0.01,102.43,58248.62,-1
2025-11-20,2025-11-20 12:36:00,575.68,575.68,575.62,575.62,-0.01,102.43,58248.62,-1
2025-11-20,2025-11-20 12:37:00,575.62,575.62,575.56,575.56,-0.01,102.43,58248.62,-1
2025-11-20,2025-11-20 12:38:00,575.56,575.56,575.5,575.5,-0.01,102.43,58248.62,-1
2025-11-20,2025-11-20 12:39:00,575.5,575.5,575.44,575.44,-0.01,102.43,58248.62,-1
2025-11-20,2025-11-20 12:40:00,575.44,575.44,575.38,575.38,-0.01,102.43,58248.62,-1
2025-11-20,2025-11-20 12:41:00,575.38,575.38,575.32,575.32,-0.01,102.43,58248.62,-1
2025-11-20,2025-11-20 12:42:00,575.32,575.32,575.26,575.26,-0.01,102.43,58248.62,-1
2025-11-20,2025-11-20 12:43:00,575.26,575.26,575.2,575.2,-0.01,102.43,58248.62,-1
2025-11-20,2025-11-20 12:44:00,575.2,575.2,575.14,575.14,-0.01,102.43,58248.62,-1
2025-11-20,2025-11-20 12:45:00,575.14,575.14,575.08,575.08,-0.01,102.43,58248.62,-1
2025-11-20,2025-11-20 12:46:00,575.08,575.08,575.02,575.02,-0.01,102.43,58248.62,-1
2025-11-20,2025-11-20 12:47:00,575.02,575.02,574.97,574.97,-0.01,102.43,58248.62,-1
2025-11-20,2025-11-20 12:48:00,574.97,574.97,574.91,574.91,-0.01,102.43,58248.62,-1
2025-11-20,2025-11-20 12:49:00,574.91,574.91,574.85,574.85,-0.01,102.43,58248.62,-1
2025-11-20,2025-11-20 12:50:00,574.85,574.85,574.79,574.79,-0.01,102.43,58248.62,-1
2025-11-20,2025-11-20 12:51:00,574.79,574.79,574.73,574.73,-0.01,102.43,58248.62,-1
2025-11-20,2025-11-20 12:52:00,574.73,574.73,574.67,574.67,-0.01,102.43,58248.62,-1
2025-11-20,2025-11-20 12:53:00,574.67,574.67,574.61,574.61,-0.01,102.43,58248.62,-1
2025-11-20,2025-11-20 12:54:00,574.61,574.61,574.55,574.55,-0.01,102.43,58248.62,-1
2025-11-20,2025-11-20 12:55:00,574.55,574.55,574.49,574.49,-0.01,102.43,58248.62,-1
2025-11-20,2025-11-20 12:56:00,574.49,574.49,574.43,574.43,-0.01,102.43,58248.62,-1
2025-11-20,2025-11-20 12:57:00,574.43,574.43,574.37,574.37,-0.01,102.43,58248.62,-1
2025-11-20,2025-11-20 12:58:00,574.37,574.37,574.31,574.31,-0.01,102.43,58248.62,-1
2025-11-20,2025-11-20 12:59:00,574.31,574.31,574.25,574.25,-0.01,102.43,58248.62,-1
2025-11-20,2025-11-20 13:00:00,574.25,581.4,559.0,574.19,-0.01,102.43,58248.62,-1
2025-11-20,2025-11-20 13:01:00,574.19,574.19,574.13,574.13,-0.01,102.43,58248.62,-1
2025-11-20,2025-11-20 13:02:00,574.13,574.13,574.07,574.07,-0.01,102.43,58248.62,-1
2025-11-20,2025-11-20 13:03:00,574.07,574.07,574.01,574.01,-0.01,102.43,58248.62,-1
2025-11-20,2025-11-20 13:04:00,574.01,574.01,573.95,573.95,-0.01,102.43,58248.62,-1
2025-11-20,2025-11-20 13:05:00,573.95,573.95,573.89,573.89,-0.01,102.43,58248.62,-1
2025-11-20,2025-11-20 13:06:00,573.89,573.89,573.83,573.83,-0.01,102.43,58248.62,-1
2025-11-20,2025-11-20 13:07:00,573.83,573.83,573.77,573.77,-0.01,102.43,58248.62,-1
2025-11-20,2025-11-20 13:08:00,573.77,573.77,573.71,573.71,-0.01,102.43,58248.62,-1
2025-11-20,2025-11-20 13:09:00,573.71,573.71,573.65,573.65,-0.01,102.43,58248.62,-1
2025-11-20,2025-11-20 13:10:00,573.65,573.65,573.59,573.59,-0.01,102.43,58248.62,-1
2025-11-20,2025-11-20 13:11:00,573.59,573.59,573.53,573.53,-0.01,102.43,58248.62,-1
2025-11-20,2025-11-20 13:12:00,573.53,573.53,573.48,573.48,-0.01,102.43,58248.62,-1
2025-11-20,2025-11-20 13:13:00,573.48,573.48,573.42,573.42,-0.01,102.43,58248.62,-1
2025-11-20,2025-11-20 13:14:00,573.42,573.42,573.36,573.36,-0.01,102.43,58248.62,-1
2025-11-20,2025-11-20 13:15:00,573.36,573.36,573.3,573.3,-0.01,102.43,58248.62,-1
2025-11-20,2025-11-20 13:16:00,573.3,573.3,573.24,573.24,-0.01,102.43,58248.62,-1
2025-11-20,2025-11-20 13:17:00,573.24,573.24,573.18,573.18,-0.01,102.43,58248.62,-1
2025-11-20,2025-11-20 13:18:00,573.18,573.18,573.12,573.12,-0.01,102.43,58248.62,-1
2025-11-20,2025-11-20 13:19:00,573.12,573.12,573.06,573.06,-0.01,102.43,58248.62,-1
2025-11-20,2025-11-20 13:20:00,573.06,573.06,573.0,573.0,-0.01,102.43,58248.62,-1
2025-11-20,2025-11-20 13:21:00,573.0,573.0,572.94,572.94,-0.01,102.43,58248.62,-1
2025-11-20,2025-11-20 13:22:00,572.94,572.94,572.88,572.88,-0.01,102.43,58248.62,-1
2025-11-20,2025-11-20 13:23:00,572.88,572.88,572.82,572.82,-0.01,102.43,58248.62,-1
2025-11-20,2025-11-20 13:24:00,572.82,572.82,572.76,572.76,-0.01,102.43,58248.62,-1
2025-11-20,2025-11-20 13:25:00,572.76,572.76,572.7,572.7,-0.01,102.43,58248.62,-1
2025-11-20,2025-11-20 13:26:00,572.7,572.7,572.64,572.64,-0.01,102.43,58248.62,-1
2025-11-20,2025-11-20 13:27:00,572.64,572.64,572.58,572.58,-0.01,102.43,58248.62,-1
2025-11-20,2025-11-20 13:28:00,572.58,572.58,572.52,572.52,-0.01,102.43,58248.62,-1
2025-11-20,2025-11-20 13:29:00,572.52,572.52,572.46,572.46,-0.01,102.43,58248.62,-1
2025-11-20,2025-11-20 13:30:00,572.46,572.46,572.4,572.4,-0.01,102.43,58248.62,-1
2025-11-20,2025-11-20 13:31:00,572.4,572.4,572.34,572.34,-0.01,102.43,58248.62,-1
2025-11-20,2025-11-20 13:32:00,572.34,572.34,572.28,572.28,-0.01,102.43,58248.62,-1
2025-11-20,2025-11-20 13:33:00,572.28,572.28,572.22,572.22,-0.01,102.43,58248.62,-1
2025-11-20,2025-11-20 13:34:00,572.22,572.22,572.16,572.16,-0.01,102.43,58248.62,-1
2025-11-20,2025-11-20 13:35:00,572.16,572.16,572.11,572.11,-0.01,102.43,58248.62,-1
2025-11-20,2025-11-20 13:36:00,572.11,572.11,572.05,572.05,-0.01,102.43,58248.62,-1
2025-11-20,2025-11-20 13:37:00,572.05,572.05,571.99,571.99,-0.01,102.43,58248.62,-1
2025-11-20,2025-11-20 13:38:00,571.99,571.99,571.93,571.93,-0.01,102.43,58248.62,-1
2025-11-20,2025-11-20 13:39:00,571.93,571.93,571.87,571.87,-0.01,102.43,58248.62,-1
2025-11-20,2025-11-20 13:40:00,571.87,571.87,571.81,571.81,-0.01,102.43,58248.62,-1
2025-11-20,2025-11-20 13:41:00,571.81,571.81,571.75,571.75,-0.01,102.43,58248.62,-1
2025-11-20,2025-11-20 13:42:00,571.75,571.75,571.69,571.69,-0.01,102.43,58248.62,-1
2025-11-20,2025-11-20 13:43:00,571.69,571.69,571.63,571.63,-0.01,102.43,58248.62,-1
2025-11-20,2025-11-20 13:44:00,571.63,571.63,571.57,571.57,-0.01,102.43,58248.62,-1
2025-11-20,2025-11-20 13:45:00,571.57,571.57,571.51,571.51,-0.01,102.43,58248.62,-1
2025-11-20,2025-11-20 13:46:00,571.51,571.51,571.45,571.45,-0.01,102.43,58248.62,-1
2025-11-20,2025-11-20 13:47:00,571.45,571.45,571.39,571.39,-0.01,102.43,58248.62,-1
2025-11-20,2025-11-20 13:48:00,571.39,571.39,571.33,571.33,-0.01,102.43,58248.62,-1
2025-11-20,2025-11-20 13:49:00,571.33,571.33,571.27,571.27,-0.01,102.43,58248.62,-1
2025-11-20,2025-11-20 13:50:00,571.27,571.27,571.21,571.21,-0.01,102.43,58248.62,-1
2025-11-20,2025-11-20 13:51:00,571.21,571.21,571.15,571.15,-0.01,102.43,58248.62,-1
2025-11-20,2025-11-20 13:52:00,571.15,571.15,571.09,571.09,-0.01,102.43,58248.62,-1
2025-11-20,2025-11-20 13:53:00,571.09,571.09,571.03,571.03,-0.01,102.43,58248.62,-1
2025-11-20,2025-11-20 13:54:00,571.03,571.03,570.97,570.97,-0.01,102.43,58248.62,-1
2025-11-20,2025-11-20 13:55:00,570.97,570.97,570.91,570.91,-0.01,102.43,58248.62,-1
2025-11-20,2025-11-20 13:56:00,570.91,570.91,570.85,570.85,-0.01,102.43,58248.62,-1
2025-11-20,2025-11-20 13:57:00,570.85,570.85,570.79,570.79,-0.01,102.43,58248.62,-1
2025-11-20,2025-11-20 13:58:00,570.79,570.79,570.73,570.73,-0.01,102.43,58248.62,-1
2025-11-20,2025-11-20 13:59:00,570.73,570.73,570.67,570.67,-0.01,102.43,58248.62,-1
2025-11-20,2025-11-20 14:00:00,570.67,570.67,570.62,570.62,-0.01,102.43,58248.62,-1
2025-11-20,2025-11-20 14:01:00,570.62,570.62,570.56,570.56,-0.01,102.43,58248.62,-1
2025-11-20,2025-11-20 14:02:00,570.56,570.56,570.5,570.5,-0.01,102.43,58248.62,-1
2025-11-20,2025-11-20 14:03:00,570.5,570.5,570.44,570.44,-0.01,102.43,58248.62,-1
2025-11-20,2025-11-20 14:04:00,570.44,570.44,570.38,570.38,-0.01,102.43,58248.62,-1
2025-11-20,2025-11-20 14:05:00,570.38,570.38,570.32,570.32,-0.01,102.43,58248.62,-1
2025-11-20,2025-11-20 14:06:00,570.32,570.32,570.26,570.26,-0.01,102.43,58248.62,-1
2025-11-20,2025-11-20 14:07:00,570.26,570.26,570.2,570.2,-0.01,102.43,58248.62,-1
2025-11-20,2025-11-20 14:08:00,570.2,570.2,570.14,570.14,-0.01,102.43,58248.62,-1
2025-11-20,2025-11-20 14:09:00,570.14,570.14,570.08,570.08,-0.01,102.43,58248.62,-1
2025-11-20,2025-11-20 14:10:00,570.08,570.08,570.02,570.02,-0.01,102.43,58248.62,-1
2025-11-20,2025-11-20 14:11:00,570.02,570.02,569.96,569.96,-0.01,102.43,58248.62,-1
2025-11-20,2025-11-20 14:12:00,569.96,569.96,569.9,569.9,-0.01,102.43,58248.62,-1
2025-11-20,2025-11-20 14:13:00,569.9,569.9,569.84,569.84,-0.01,102.43,58248.62,-1
2025-11-20,2025-11-20 14:14:00,569.84,569.84,569.78,569.78,-0.01,102.43,58248.62,-1
2025-11-20,2025-11-20 14:15:00,569.78,569.78,569.72,569.72,-0.01,102.43,58248.62,-1
2025-11-20,2025-11-20 14:16:00,569.72,569.72,569.66,569.66,-0.01,102.43,58248.62,-1
2025-11-20,2025-11-20 14:17:00,569.66,569.66,569.6,569.6,-0.01,102.43,58248.62,-1
2025-11-20,2025-11-20 14:18:00,569.6,569.6,569.54,569.54,-0.01,102.43,58248.62,-1
2025-11-20,2025-11-20 14:19:00,569.54,569.54,569.48,569.48,-0.01,102.43,58248.62,-1
2025-11-20,2025-11-20 14:20:00,569.48,569.48,569.42,569.42,-0.01,102.43,58248.62,-1
2025-11-20,2025-11-20 14:21:00,569.42,569.42,569.36,569.36,-0.01,102.43,58248.62,-1
2025-11-20,2025-11-20 14:22:00,569.36,569.36,569.3,569.3,-0.01,102.43,58248.62,-1
2025-11-20,2025-11-20 14:23:00,569.3,569.3,569.25,569.25,-0.01,102.43,58248.62,-1
2025-11-20,2025-11-20 14:24:00,569.25,569.25,569.19,569.19,-0.01,102.43,58248.62,-1
2025-11-20,2025-11-20 14:25:00,569.19,569.19,569.13,569.13,-0.01,102.43,58248.62,-1
2025-11-20,2025-11-20 14:26:00,569.13,569.13,569.07,569.07,-0.01,102.43,58248.62,-1
2025-11-20,2025-11-20 14:27:00,569.07,569.07,569.01,569.01,-0.01,102.43,58248.62,-1
2025-11-20,2025-11-20 14:28:00,569.01,569.01,568.95,568.95,-0.01,102.43,58248.62,-1
2025-11-20,2025-11-20 14:29:00,568.95,568.95,568.89,568.89,-0.01,102.43,58248.62,-1
2025-11-20,2025-11-20 14:30:00,568.89,568.89,568.83,568.83,-0.01,102.43,58248.62,-1
2025-11-20,2025-11-20 14:31:00,568.83,568.83,568.77,568.77,-0.01,102.43,58248.62,-1
2025-11-20,2025-11-20 14:32:00,568.77,568.77,568.71,568.71,-0.01,102.43,58248.62,-1
2025-11-20,2025-11-20 14:33:00,568.71,568.71,568.65,568.65,-0.01,102.43,58248.62,-1
2025-11-20,2025-11-20 14:34:00,568.65,568.65,568.59,568.59,-0.01,102.43,58248.62,-1
2025-11-20,2025-11-20 14:35:00,568.59,568.59,568.53,568.53,-0.01,102.43,58248.62,-1
2025-11-20,2025-11-20 14:36:00,568.53,568.53,568.47,568.47,-0.01,102.43,58248.62,-1
2025-11-20,2025-11-20 14:37:00,568.47,568.47,568.41,568.41,-0.01,102.43,58248.62,-1
2025-11-20,2025-11-20 14:38:00,568.41,568.41,568.35,568.35,-0.01,102.43,58248.62,-1
2025-11-20,2025-11-20 14:39:00,568.35,568.35,568.29,568.29,-0.01,102.43,58248.62,-1
2025-11-20,2025-11-20 14:40:00,568.29,568.29,568.23,568.23,-0.01,102.43,58248.62,-1
2025-11-20,2025-11-20 14:41:00,568.23,568.23,568.17,568.17,-0.01,102.43,58248.62,-1
2025-11-20,2025-11-20 14:42:00,568.17,568.17,568.11,568.11,-0.01,102.43,58248.62,-1
2025-11-20,2025-11-20 14:43:00,568.11,568.11,568.05,568.05,-0.01,102.43,58248.62,-1
2025-11-20,2025-11-20 14:44:00,568.05,568.05,567.99,567.99,-0.01,102.43,58248.62,-1
2025-11-20,2025-11-20 14:45:00,567.99,567.99,567.93,567.93,-0.01,102.43,58248.62,-1
2025-11-20,2025-11-20 14:46:00,567.93,567.93,567.87,567.87,-0.01,102.43,58248.62,-1
2025-11-20,2025-11-20 14:47:00,567.87,567.87,567.82,567.82,-0.01,102.43,58248.62,-1
2025-11-20,2025-11-20 14:48:00,567.82,567.82,567.76,567.76,-0.01,102.43,58248.62,-1
2025-11-20,2025-11-20 14:49:00,567.76,567.76,567.7,567.7,-0.01,102.43,58248.62,-1
2025-11-20,2025-11-20 14:50:00,567.7,567.7,567.64,567.64,-0.01,102.43,58248.62,-1
2025-11-20,2025-11-20 14:51:00,567.64,567.64,567.58,567.58,-0.01,102.43,58248.62,-1
2025-11-20,2025-11-20 14:52:00,567.58,567.58,567.52,567.52,-0.01,102.43,58248.62,-1
2025-11-20,2025-11-20 14:53:00,567.52,567.52,567.46,567.46,-0.01,102.43,58248.62,-1
2025-11-20,2025-11-20 14:54:00,567.46,567.46,567.4,567.4,-0.01,102.43,58248.62,-1
2025-11-20,2025-11-20 14:55:00,567.4,567.4,567.34,567.34,-0.01,102.43,58248.62,-1
2025-11-20,2025-11-20 14:56:00,567.34,567.34,567.28,567.28,-0.01,102.43,58248.62,-1
2025-11-20,2025-11-20 14:57:00,567.28,567.28,567.22,567.22,-0.01,102.43,58248.62,-1
2025-11-20,2025-11-20 14:58:00,567.22,567.22,567.16,567.16,-0.01,102.43,58248.62,-1
2025-11-20,2025-11-20 14:59:00,567.16,567.16,567.1,567.1,-0.01,102.43,58248.62,-1
2025-11-20,2025-11-20 15:00:00,567.1,581.4,559.0,567.1,0.0,102.43,58248.62,0
2025-11-23,2025-11-23 11:00:00,570.0,576.0,569.1,570.02,0.0,37.32,21639.4,1
2025-11-23,2025-11-23 11:01:00,570.02,570.04,570.02,570.04,0.0,37.32,21639.4,1
2025-11-23,2025-11-23 11:02:00,570.04,570.06,570.04,570.06,0.0,37.32,21639.4,1
2025-11-23,2025-11-23 11:03:00,570.06,570.08,570.06,570.08,0.0,37.32,21639.4,1
2025-11-23,2025-11-23 11:04:00,570.08,570.1,570.08,570.1,0.0,37.32,21639.4,1
2025-11-23,2025-11-23 11:05:00,570.1,570.12,570.1,570.12,0.0,37.32,21639.4,1
2025-11-23,2025-11-23 11:06:00,570.12,570.15,570.12,570.15,0.01,37.32,21639.4,1
2025-11-23,2025-11-23 11:07:00,570.15,570.17,570.15,570.17,0.0,37.32,21639.4,1
2025-11-23,2025-11-23 11:08:00,570.17,570.19,570.17,570.19,0.0,37.32,21639.4,1
2025-11-23,2025-11-23 11:09:00,570.19,570.21,570.19,570.21,0.0,37.32,21639.4,1
2025-11-23,2025-11-23 11:10:00,570.21,570.23,570.21,570.23,0.0,37.32,21639.4,1
2025-11-23,2025-11-23 11:11:00,570.23,570.25,570.23,570.25,0.0,37.32,21639.4,1
2025-11-23,2025-11-23 11:12:00,570.25,570.27,570.25,570.27,0.0,37.32,21639.4,1
2025-11-23,2025-11-23 11:13:00,570.27,570.29,570.27,570.29,0.0,37.32,21639.4,1
2025-11-23,2025-11-23 11:14:00,570.29,570.31,570.29,570.31,0.0,37.32,21639.4,1
2025-11-23,2025-11-23 11:15:00,570.31,570.33,570.31,570.33,0.0,37.32,21639.4,1
2025-11-23,2025-11-23 11:16:00,570.33,570.35,570.33,570.35,0.0,37.32,21639.4,1
2025-11-23,2025-11-23 11:17:00,570.35,570.38,570.35,570.38,0.01,37.32,21639.4,1
2025-11-23,2025-11-23 11:18:00,570.38,570.4,570.38,570.4,0.0,37.32,21639.4,1
2025-11-23,2025-11-23 11:19:00,570.4,570.42,570.4,570.42,0.0,37.32,21639.4,1
2025-11-23,2025-11-23 11:20:00,570.42,570.44,570.42,570.44,0.0,37.32,21639.4,1
2025-11-23,2025-11-23 11:21:00,570.44,570.46,570.44,570.46,0.0,37.32,21639.4,1
2025-11-23,2025-11-23 11:22:00,570.46,570.48,570.46,570.48,0.0,37.32,21639.4,1
2025-11-23,2025-11-23 11:23:00,570.48,570.5,570.48,570.5,0.0,37.32,21639.4,1
2025-11-23,2025-11-23 11:24:00,570.5,570.52,570.5,570.52,0.0,37.32,21639.4,1
2025-11-23,2025-11-23 11:25:00,570.52,570.54,570.52,570.54,0.0,37.32,21639.4,1
2025-11-23,2025-11-23 11:26:00,570.54,570.56,570.54,570.56,0.0,37.32,21639.4,1
2025-11-23,2025-11-23 11:27:00,570.56,570.58,570.56,570.58,0.0,37.32,21639.4,1
2025-11-23,2025-11-23 11:28:00,570.58,570.6,570.58,570.6,0.0,37.32,21639.4,1
2025-11-23,2025-11-23 11:29:00,570.6,570.62,570.6,570.62,0.0,37.32,21639.4,1
2025-11-23,2025-11-23 11:30:00,570.62,570.65,570.62,570.65,0.01,37.32,21639.4,1
2025-11-23,2025-11-23 11:31:00,570.65,570.67,570.65,570.67,0.0,37.32,21639.4,1
2025-11-23,2025-11-23 11:32:00,570.67,570.69,570.67,570.69,0.0,37.32,21639.4,1
2025-11-23,2025-11-23 11:33:00,570.69,570.71,570.69,570.71,0.0,37.32,21639.4,1
2025-11-23,2025-11-23 11:34:00,570.71,570.73,570.71,570.73,0.0,37.32,21639.4,1
2025-11-23,2025-11-23 11:35:00,570.73,570.75,570.73,570.75,0.0,37.32,21639.4,1
2025-11-23,2025-11-23 11:36:00,570.75,570.77,570.75,570.77,0.0,37.32,21639.4,1
2025-11-23,2025-11-23 11:37:00,570.77,570.79,570.77,570.79,0.0,37.32,21639.4,1
2025-11-23,2025-11-23 11:38:00,570.79,570.81,570.79,570.81,0.0,37.32,21639.4,1
2025-11-23,2025-11-23 11:39:00,570.81,570.83,570.81,570.83,0.0,37.32,21639.4,1
2025-11-23,2025-11-23 11:40:00,570.83,570.85,570.83,570.85,0.0,37.32,21639.4,1
2025-11-23,2025-11-23 11:41:00,570.85,570.88,570.85,570.88,0.01,37.32,21639.4,1
2025-11-23,2025-11-23 11:42:00,570.88,570.9,570.88,570.9,0.0,37.32,21639.4,1
2025-11-23,2025-11-23 11:43:00,570.9,570.92,570.9,570.92,0.0,37.32,21639.4,1
2025-11-23,2025-11-23 11:44:00,570.92,570.94,570.92,570.94,0.0,37.32,21639.4,1
2025-11-23,2025-11-23 11:45:00,570.94,570.96,570.94,570.96,0.0,37.32,21639.4,1
2025-11-23,2025-11-23 11:46:00,570.96,570.98,570.96,570.98,0.0,37.32,21639.4,1
2025-11-23,2025-11-23 11:47:00,570.98,571.0,570.98,571.0,0.0,37.32,21639.4,1
2025-11-23,2025-11-23 11:48:00,571.0,571.02,571.0,571.02,0.0,37.32,21639.4,1
2025-11-23,2025-11-23 11:49:00,571.02,571.04,571.02,571.04,0.0,37.32,21639.4,1
2025-11-23,2025-11-23 11:50:00,571.04,571.06,571.04,571.06,0.0,37.32,21639.4,1
2025-11-23,2025-11-23 11:51:00,571.06,571.08,571.06,571.08,0.0,37.32,21639.4,1
2025-11-23,2025-11-23 11:52:00,571.08,571.1,571.08,571.1,0.0,37.32,21639.4,1
2025-11-23,2025-11-23 11:53:00,571.1,571.12,571.1,571.12,0.0,37.32,21639.4,1
2025-11-23,2025-11-23 11:54:00,571.12,571.15,571.12,571.15,0.01,37.32,21639.4,1
2025-11-23,2025-11-23 11:55:00,571.15,571.17,571.15,571.17,0.0,37.32,21639.4,1
2025-11-23,2025-11-23 11:56:00,571.17,571.19,571.17,571.19,0.0,37.32,21639.4,1
2025-11-23,2025-11-23 11:57:00,571.19,571.21,571.19,571.21,0.0,37.32,21639.4,1
2025-11-23,2025-11-23 11:58:00,571.21,571.23,571.21,571.23,0.0,37.32,21639.4,1
2025-11-23,2025-11-23 11:59:00,571.23,571.25,571.23,571.25,0.0,37.32,21639.4,1
2025-11-23,2025-11-23 12:00:00,571.25,571.27,571.25,571.27,0.0,37.32,21639.4,1
2025-11-23,2025-11-23 12:01:00,571.27,571.29,571.27,571.29,0.0,37.32,21639.4,1
2025-11-23,2025-11-23 12:02:00,571.29,571.31,571.29,571.31,0.0,37.32,21639.4,1
2025-11-23,2025-11-23 12:03:00,571.31,571.33,571.31,571.33,0.0,37.32,21639.4,1
2025-11-23,2025-11-23 12:04:00,571.33,571.35,571.33,571.35,0.0,37.32,21639.4,1
2025-11-23,2025-11-23 12:05:00,571.35,571.38,571.35,571.38,0.01,37.32,21639.4,1
2025-11-23,2025-11-23 12:06:00,571.38,571.4,571.38,571.4,0.0,37.32,21639.4,1
2025-11-23,2025-11-23 12:07:00,571.4,571.42,571.4,571.42,0.0,37.32,21639.4,1
2025-11-23,2025-11-23 12:08:00,571.42,571.44,571.42,571.44,0.0,37.32,21639.4,1
2025-11-23,2025-11-23 12:09:00,571.44,571.46,571.44,571.46,0.0,37.32,21639.4,1
2025-11-23,2025-11-23 12:10:00,571.46,571.48,571.46,571.48,0.0,37.32,21639.4,1
2025-11-23,2025-11-23 12:11:00,571.48,571.5,571.48,571.5,0.0,37.32,21639.4,1
2025-11-23,2025-11-23 12:12:00,571.5,571.52,571.5,571.52,0.0,37.32,21639.4,1
2025-11-23,2025-11-23 12:13:00,571.52,571.54,571.52,571.54,0.0,37.32,21639.4,1
2025-11-23,2025-11-23 12:14:00,571.54,571.56,571.54,571.56,0.0,37.32,21639.4,1
2025-11-23,2025-11-23 12:15:00,571.56,571.58,571.56,571.58,0.0,37.32,21639.4,1
2025-11-23,2025-11-23 12:16:00,571.58,571.6,571.58,571.6,0.0,37.32,21639.4,1
2025-11-23,2025-11-23 12:17:00,571.6,571.62,571.6,571.62,0.0,37.32,21639.4,1
2025-11-23,2025-11-23 12:18:00,571.62,571.65,571.62,571.65,0.01,37.32,21639.4,1
2025-11-23,2025-11-23 12:19:00,571.65,571.67,571.65,571.67,0.0,37.32,21639.4,1
2025-11-23,2025-11-23 12:20:00,571.67,571.69,571.67,571.69,0.0,37.32,21639.4,1
2025-11-23,2025-11-23 12:21:00,571.69,571.71,571.69,571.71,0.0,37.32,21639.4,1
2025-11-23,2025-11-23 12:22:00,571.71,571.73,571.71,571.73,0.0,37.32,21639.4,1
2025-11-23,2025-11-23 12:23:00,571.73,571.75,571.73,571.75,0.0,37.32,21639.4,1
2025-11-23,2025-11-23 12:24:00,571.75,571.77,571.75,571.77,0.0,37.32,21639.4,1
2025-11-23,2025-11-23 12:25:00,571.77,571.79,571.77,571.79,0.0,37.32,21639.4,1
2025-11-23,2025-11-23 12:26:00,571.79,571.81,571.79,571.81,0.0,37.32,21639.4,1
2025-11-23,2025-11-23 12:27:00,571.81,571.83,571.81,571.83,0.0,37.32,21639.4,1
2025-11-23,2025-11-23 12:28:00,571.83,571.85,571.83,571.85,0.0,37.32,21639.4,1
2025-11-23,2025-11-23 12:29:00,571.85,571.88,571.85,571.88,0.01,37.32,21639.4,1
2025-11-23,2025-11-23 12:30:00,571.88,571.9,571.88,571.9,0.0,37.32,21639.4,1
2025-11-23,2025-11-23 12:31:00,571.9,571.92,571.9,571.92,0.0,37.32,21639.4,1
2025-11-23,2025-11-23 12:32:00,571.92,571.94,571.92,571.94,0.0,37.32,21639.4,1
2025-11-23,2025-11-23 12:33:00,571.94,571.96,571.94,571.96,0.0,37.32,21639.4,1
2025-11-23,2025-11-23 12:34:00,571.96,571.98,571.96,571.98,0.0,37.32,21639.4,1
2025-11-23,2025-11-23 12:35:00,571.98,572.0,571.98,572.0,0.0,37.32,21639.4,1
2025-11-23,2025-11-23 12:36:00,572.0,572.02,572.0,572.02,0.0,37.32,21639.4,1
2025-11-23,2025-11-23 12:37:00,572.02,572.04,572.02,572.04,0.0,37.32,21639.4,1
2025-11-23,2025-11-23 12:38:00,572.04,572.06,572.04,572.06,0.0,37.32,21639.4,1
2025-11-23,2025-11-23 12:39:00,572.06,572.08,572.06,572.08,0.0,37.32,21639.4,1
2025-11-23,2025-11-23 12:40:00,572.08,572.1,572.08,572.1,0.0,37.32,21639.4,1
2025-11-23,2025-11-23 12:41:00,572.1,572.12,572.1,572.12,0.0,37.32,21639.4,1
2025-11-23,2025-11-23 12:42:00,572.12,572.15,572.12,572.15,0.01,37.32,21639.4,1
2025-11-23,2025-11-23 12:43:00,572.15,572.17,572.15,572.17,0.0,37.32,21639.4,1
2025-11-23,2025-11-23 12:44:00,572.17,572.19,572.17,572.19,0.0,37.32,21639.4,1
2025-11-23,2025-11-23 12:45:00,572.19,572.21,572.19,572.21,0.0,37.32,21639.4,1
2025-11-23,2025-11-23 12:46:00,572.21,572.23,572.21,572.23,0.0,37.32,21639.4,1
2025-11-23,2025-11-23 12:47:00,572.23,572.25,572.23,572.25,0.0,37.32,21639.4,1
2025-11-23,2025-11-23 12:48:00,572.25,572.27,572.25,572.27,0.0,37.32,21639.4,1
2025-11-23,2025-11-23 12:49:00,572.27,572.29,572.27,572.29,0.0,37.32,21639.4,1
2025-11-23,2025-11-23 12:50:00,572.29,572.31,572.29,572.31,0.0,37.32,21639.4,1
2025-11-23,2025-11-23 12:51:00,572.31,572.33,572.31,572.33,0.0,37.32,21639.4,1
2025-11-23,2025-11-23 12:52:00,572.33,572.35,572.33,572.35,0.0,37.32,21639.4,1
2025-11-23,2025-11-23 12:53:00,572.35,572.38,572.35,572.38,0.01,37.32,21639.4,1
2025-11-23,2025-11-23 12:54:00,572.38,572.4,572.38,572.4,0.0,37.32,21639.4,1
2025-11-23,2025-11-23 12:55:00,572.4,572.42,572.4,572.42,0.0,37.32,21639.4,1
2025-11-23,2025-11-23 12:56:00,572.42,572.44,572.42,572.44,0.0,37.32,21639.4,1
2025-11-23,2025-11-23 12:57:00,572.44,572.46,572.44,572.46,0.0,37.32,21639.4,1
2025-11-23,2025-11-23 12:58:00,572.46,572.48,572.46,572.48,0.0,37.32,21639.4,1
2025-11-23,2025-11-23 12:59:00,572.48,572.5,572.48,572.5,0.0,37.32,21639.4,1
2025-11-23,2025-11-23 13:00:00,572.5,590.0,567.0,572.52,0.0,37.32,21639.4,1
2025-11-23,2025-11-23 13:01:00,572.52,572.54,572.52,572.54,0.0,37.32,21639.4,1
2025-11-23,2025-11-23 13:02:00,572.54,572.56,572.54,572.56,0.0,37.32,21639.4,1
2025-11-23,2025-11-23 13:03:00,572.56,572.58,572.56,572.58,0.0,37.32,21639.4,1
2025-11-23,2025-11-23 13:04:00,572.58,572.6,572.58,572.6,0.0,37.32,21639.4,1
2025-11-23,2025-11-23 13:05:00,572.6,572.62,572.6,572.62,0.0,37.32,21639.4,1
2025-11-23,2025-11-23 13:06:00,572.62,572.65,572.62,572.65,0.01,37.32,21639.4,1
2025-11-23,2025-11-23 13:07:00,572.65,572.67,572.65,572.67,0.0,37.32,21639.4,1
2025-11-23,2025-11-23 13:08:00,572.67,572.69,572.67,572.69,0.0,37.32,21639.4,1
2025-11-23,2025-11-23 13:09:00,572.69,572.71,572.69,572.71,0.0,37.32,21639.4,1
2025-11-23,2025-11-23 13:10:00,572.71,572.73,572.71,572.73,0.0,37.32,21639.4,1
2025-11-23,2025-11-23 13:11:00,572.73,572.75,572.73,572.75,0.0,37.32,21639.4,1
2025-11-23,2025-11-23 13:12:00,572.75,572.77,572.75,572.77,0.0,37.32,21639.4,1
2025-11-23,2025-11-23 13:13:00,572.77,572.79,572.77,572.79,0.0,37.32,21639.4,1
2025-11-23,2025-11-23 13:14:00,572.79,572.81,572.79,572.81,0.0,37.32,21639.4,1
2025-11-23,2025-11-23 13:15:00,572.81,572.83,572.81,572.83,0.0,37.32,21639.4,1
2025-11-23,2025-11-23 13:16:00,572.83,572.85,572.83,572.85,0.0,37.32,21639.4,1
2025-11-23,2025-11-23 13:17:00,572.85,572.88,572.85,572.88,0.01,37.32,21639.4,1
2025-11-23,2025-11-23 13:18:00,572.88,572.9,572.88,572.9,0.0,37.32,21639.4,1
2025-11-23,2025-11-23 13:19:00,572.9,572.92,572.9,572.92,0.0,37.32,21639.4,1
2025-11-23,2025-11-23 13:20:00,572.92,572.94,572.92,572.94,0.0,37.32,21639.4,1
2025-11-23,2025-11-23 13:21:00,572.94,572.96,572.94,572.96,0.0,37.32,21639.4,1
2025-11-23,2025-11-23 13:22:00,572.96,572.98,572.96,572.98,0.0,37.32,21639.4,1
2025-11-23,2025-11-23 13:23:00,572.98,573.0,572.98,573.0,0.0,37.32,21639.4,1
2025-11-23,2025-11-23 13:24:00,573.0,573.02,573.0,573.02,0.0,37.32,21639.4,1
2025-11-23,2025-11-23 13:25:00,573.02,573.04,573.02,573.04,0.0,37.32,21639.4,1
2025-11-23,2025-11-23 13:26:00,573.04,573.06,573.04,573.06,0.0,37.32,21639.4,1
2025-11-23,2025-11-23 13:27:00,573.06,573.08,573.06,573.08,0.0,37.32,21639.4,1
2025-11-23,2025-11-23 13:28:00,573.08,573.1,573.08,573.1,0.0,37.32,21639.4,1
2025-11-23,2025-11-23 13:29:00,573.1,573.12,573.1,573.12,0.0,37.32,21639.4,1
2025-11-23,2025-11-23 13:30:00,573.12,573.15,573.12,573.15,0.01,37.32,21639.4,1
2025-11-23,2025-11-23 13:31:00,573.15,573.17,573.15,573.17,0.0,37.32,21639.4,1
2025-11-23,2025-11-23 13:32:00,573.17,573.19,573.17,573.19,0.0,37.32,21639.4,1
2025-11-23,2025-11-23 13:33:00,573.19,573.21,573.19,573.21,0.0,37.32,21639.4,1
2025-11-23,2025-11-23 13:34:00,573.21,573.23,573.21,573.23,0.0,37.32,21639.4,1
2025-11-23,2025-11-23 13:35:00,573.23,573.25,573.23,573.25,0.0,37.32,21639.4,1
2025-11-23,2025-11-23 13:36:00,573.25,573.27,573.25,573.27,0.0,37.32,21639.4,1
2025-11-23,2025-11-23 13:37:00,573.27,573.29,573.27,573.29,0.0,37.32,21639.4,1
2025-11-23,2025-11-23 13:38:00,573.29,573.31,573.29,573.31,0.0,37.32,21639.4,1
2025-11-23,2025-11-23 13:39:00,573.31,573.33,573.31,573.33,0.0,37.32,21639.4,1
2025-11-23,2025-11-23 13:40:00,573.33,573.35,573.33,573.35,0.0,37.32,21639.4,1
2025-11-23,2025-11-23 13:41:00,573.35,573.38,573.35,573.38,0.01,37.32,21639.4,1
2025-11-23,2025-11-23 13:42:00,573.38,573.4,573.38,573.4,0.0,37.32,21639.4,1
2025-11-23,2025-11-23 13:43:00,573.4,573.42,573.4,573.42,0.0,37.32,21639.4,1
2025-11-23,2025-11-23 13:44:00,573.42,573.44,573.42,573.44,0.0,37.32,21639.4,1
2025-11-23,2025-11-23 13:45:00,573.44,573.46,573.44,573.46,0.0,37.32,21639.4,1
2025-11-23,2025-11-23 13:46:00,573.46,573.48,573.46,573.48,0.0,37.32,21639.4,1
2025-11-23,2025-11-23 13:47:00,573.48,573.5,573.48,573.5,0.0,37.32,21639.4,1
2025-11-23,2025-11-23 13:48:00,573.5,573.52,573.5,573.52,0.0,37.32,21639.4,1
2025-11-23,2025-11-23 13:49:00,573.52,573.54,573.52,573.54,0.0,37.32,21639.4,1
2025-11-23,2025-11-23 13:50:00,573.54,573.56,573.54,573.56,0.0,37.32,21639.4,1
2025-11-23,2025-11-23 13:51:00,573.56,573.58,573.56,573.58,0.0,37.32,21639.4,1
2025-11-23,2025-11-23 13:52:00,573.58,573.6,573.58,573.6,0.0,37.32,21639.4,1
2025-11-23,2025-11-23 13:53:00,573.6,573.62,573.6,573.62,0.0,37.32,21639.4,1
2025-11-23,2025-11-23 13:54:00,573.62,573.65,573.62,573.65,0.01,37.32,21639.4,1
2025-11-23,2025-11-23 13:55:00,573.65,573.67,573.65,573.67,0.0,37.32,21639.4,1
2025-11-23,2025-11-23 13:56:00,573.67,573.69,573.67,573.69,0.0,37.32,21639.4,1
2025-11-23,2025-11-23 13:57:00,573.69,573.71,573.69,573.71,0.0,37.32,21639.4,1
2025-11-23,2025-11-23 13:58:00,573.71,573.73,573.71,573.73,0.0,37.32,21639.4,1
2025-11-23,2025-11-23 13:59:00,573.73,573.75,573.73,573.75,0.0,37.32,21639.4,1
2025-11-23,2025-11-23 14:00:00,573.75,573.77,573.75,573.77,0.0,37.32,21639.4,1
2025-11-23,2025-11-23 14:01:00,573.77,573.79,573.77,573.79,0.0,37.32,21639.4,1
2025-11-23,2025-11-23 14:02:00,573.79,573.81,573.79,573.81,0.0,37.32,21639.4,1
2025-11-23,2025-11-23 14:03:00,573.81,573.83,573.81,573.83,0.0,37.32,21639.4,1
2025-11-23,2025-11-23 14:04:00,573.83,573.85,573.83,573.85,0.0,37.32,21639.4,1
2025-11-23,2025-11-23 14:05:00,573.85,573.88,573.85,573.88,0.01,37.32,21639.4,1
2025-11-23,2025-11-23 14:06:00,573.88,573.9,573.88,573.9,0.0,37.32,21639.4,1
2025-11-23,2025-11-23 14:07:00,573.9,573.92,573.9,573.92,0.0,37.32,21639.4,1
2025-11-23,2025-11-23 14:08:00,573.92,573.94,573.92,573.94,0.0,37.32,21639.4,1
2025-11-23,2025-11-23 14:09:00,573.94,573.96,573.94,573.96,0.0,37.32,21639.4,1
2025-11-23,2025-11-23 14:10:00,573.96,573.98,573.96,573.98,0.0,37.32,21639.4,1
2025-11-23,2025-11-23 14:11:00,573.98,574.0,573.98,574.0,0.0,37.32,21639.4,1
2025-11-23,2025-11-23 14:12:00,574.0,574.02,574.0,574.02,0.0,37.32,21639.4,1
2025-11-23,2025-11-23 14:13:00,574.02,574.04,574.02,574.04,0.0,37.32,21639.4,1
2025-11-23,2025-11-23 14:14:00,574.04,574.06,574.04,574.06,0.0,37.32,21639.4,1
2025-11-23,2025-11-23 14:15:00,574.06,574.08,574.06,574.08,0.0,37.32,21639.4,1
2025-11-23,2025-11-23 14:16:00,574.08,574.1,574.08,574.1,0.0,37.32,21639.4,1
2025-11-23,2025-11-23 14:17:00,574.1,574.12,574.1,574.12,0.0,37.32,21639.4,1
2025-11-23,2025-11-23 14:18:00,574.12,574.15,574.12,574.15,0.01,37.32,21639.4,1
2025-11-23,2025-11-23 14:19:00,574.15,574.17,574.15,574.17,0.0,37.32,21639.4,1
2025-11-23,2025-11-23 14:20:00,574.17,574.19,574.17,574.19,0.0,37.32,21639.4,1
2025-11-23,2025-11-23 14:21:00,574.19,574.21,574.19,574.21,0.0,37.32,21639.4,1
2025-11-23,2025-11-23 14:22:00,574.21,574.23,574.21,574.23,0.0,37.32,21639.4,1
2025-11-23,2025-11-23 14:23:00,574.23,574.25,574.23,574.25,0.0,37.32,21639.4,1
2025-11-23,2025-11-23 14:24:00,574.25,574.27,574.25,574.27,0.0,37.32,21639.4,1
2025-11-23,2025-11-23 14:25:00,574.27,574.29,574.27,574.29,0.0,37.32,21639.4,1
2025-11-23,2025-11-23 14:26:00,574.29,574.31,574.29,574.31,0.0,37.32,21639.4,1
2025-11-23,2025-11-23 14:27:00,574.31,574.33,574.31,574.33,0.0,37.32,21639.4,1
2025-11-23,2025-11-23 14:28:00,574.33,574.35,574.33,574.35,0.0,37.32,21639.4,1
2025-11-23,2025-11-23 14:29:00,574.35,574.38,574.35,574.38,0.01,37.32,21639.4,1
2025-11-23,2025-11-23 14:30:00,574.38,574.4,574.38,574.4,0.0,37.32,21639.4,1
2025-11-23,2025-11-23 14:31:00,574.4,574.42,574.4,574.42,0.0,37.32,21639.4,1
2025-11-23,2025-11-23 14:32:00,574.42,574.44,574.42,574.44,0.0,37.32,21639.4,1
2025-11-23,2025-11-23 14:33:00,574.44,574.46,574.44,574.46,0.0,37.32,21639.4,1
2025-11-23,2025-11-23 14:34:00,574.46,574.48,574.46,574.48,0.0,37.32,21639.4,1
2025-11-23,2025-11-23 14:35:00,574.48,574.5,574.48,574.5,0.0,37.32,21639.4,1
2025-11-23,2025-11-23 14:36:00,574.5,574.52,574.5,574.52,0.0,37.32,21639.4,1
2025-11-23,2025-11-23 14:37:00,574.52,574.54,574.52,574.54,0.0,37.32,21639.4,1
2025-11-23,2025-11-23 14:38:00,574.54,574.56,574.54,574.56,0.0,37.32,21639.4,1
2025-11-23,2025-11-23 14:39:00,574.56,574.58,574.56,574.58,0.0,37.32,21639.4,1
2025-11-23,2025-11-23 14:40:00,574.58,574.6,574.58,574.6,0.0,37.32,21639.4,1
2025-11-23,2025-11-23 14:41:00,574.6,574.62,574.6,574.62,0.0,37.32,21639.4,1
2025-11-23,2025-11-23 14:42:00,574.62,574.65,574.62,574.65,0.01,37.32,21639.4,1
2025-11-23,2025-11-23 14:43:00,574.65,574.67,574.65,574.67,0.0,37.32,21639.4,1
2025-11-23,2025-11-23 14:44:00,574.67,574.69,574.67,574.69,0.0,37.32,21639.4,1
2025-11-23,2025-11-23 14:45:00,574.69,574.71,574.69,574.71,0.0,37.32,21639.4,1
2025-11-23,2025-11-23 14:46:00,574.71,574.73,574.71,574.73,0.0,37.32,21639.4,1
2025-11-23,2025-11-23 14:47:00,574.73,574.75,574.73,574.75,0.0,37.32,21639.4,1
2025-11-23,2025-11-23 14:48:00,574.75,574.77,574.75,574.77,0.0,37.32,21639.4,1
2025-11-23,2025-11-23 14:49:00,574.77,574.79,574.77,574.79,0.0,37.32,21639.4,1
2025-11-23,2025-11-23 14:50:00,574.79,574.81,574.79,574.81,0.0,37.32,21639.4,1
2025-11-23,2025-11-23 14:51:00,574.81,574.83,574.81,574.83,0.0,37.32,21639.4,1
2025-11-23,2025-11-23 14:52:00,574.83,574.85,574.83,574.85,0.0,37.32,21639.4,1
2025-11-23,2025-11-23 14:53:00,574.85,574.88,574.85,574.88,0.01,37.32,21639.4,1
2025-11-23,2025-11-23 14:54:00,574.88,574.9,574.88,574.9,0.0,37.32,21639.4,1
2025-11-23,2025-11-23 14:55:00,574.9,574.92,574.9,574.92,0.0,37.32,21639.4,1
2025-11-23,2025-11-23 14:56:00,574.92,574.94,574.92,574.94,0.0,37.32,21639.4,1
2025-11-23,2025-11-23 14:57:00,574.94,574.96,574.94,574.96,0.0,37.32,21639.4,1
2025-11-23,2025-11-23 14:58:00,574.96,574.98,574.96,574.98,0.0,37.32,21639.4,1
2025-11-23,2025-11-23 14:59:00,574.98,575.0,574.98,575.0,0.0,37.32,21639.4,1
2025-11-23,2025-11-23 15:00:00,575.0,590.0,567.0,575.0,0.0,37.32,21639.4,0
2025-11-24,2025-11-24 11:00:00,577.0,580.3,576.4,577.02,0.0,82.93,48171.01,1
2025-11-24,2025-11-24 11:01:00,577.02,577.03,577.02,577.03,0.0,82.93,48171.01,1
2025-11-24,2025-11-24 11:02:00,577.03,577.05,577.03,577.05,0.0,82.93,48171.01,1
2025-11-24,2025-11-24 11:03:00,577.05,577.07,577.05,577.07,0.0,82.93,48171.01,1
2025-11-24,2025-11-24 11:04:00,577.07,577.08,577.07,577.08,0.0,82.93,48171.01,1
2025-11-24,2025-11-24 11:05:00,577.08,577.1,577.08,577.1,0.0,82.93,48171.01,1
2025-11-24,2025-11-24 11:06:00,577.1,577.11,577.1,577.11,0.0,82.93,48171.01,1
2025-11-24,2025-11-24 11:07:00,577.11,577.13,577.11,577.13,0.0,82.93,48171.01,1
2025-11-24,2025-11-24 11:08:00,577.13,577.15,577.13,577.15,0.0,82.93,48171.01,1
2025-11-24,2025-11-24 11:09:00,577.15,577.16,577.15,577.16,0.0,82.93,48171.01,1
2025-11-24,2025-11-24 11:10:00,577.16,577.18,577.16,577.18,0.0,82.93,48171.01,1
2025-11-24,2025-11-24 11:11:00,577.18,577.2,577.18,577.2,0.0,82.93,48171.01,1
2025-11-24,2025-11-24 11:12:00,577.2,577.21,577.2,577.21,0.0,82.93,48171.01,1
2025-11-24,2025-11-24 11:13:00,577.21,577.23,577.21,577.23,0.0,82.93,48171.01,1
2025-11-24,2025-11-24 11:14:00,577.23,577.24,577.23,577.24,0.0,82.93,48171.01,1
2025-11-24,2025-11-24 11:15:00,577.24,577.26,577.24,577.26,0.0,82.93,48171.01,1
2025-11-24,2025-11-24 11:16:00,577.26,577.28,577.26,577.28,0.0,82.93,48171.01,1
2025-11-24,2025-11-24 11:17:00,577.28,577.29,577.28,577.29,0.0,82.93,48171.01,1
2025-11-24,2025-11-24 11:18:00,577.29,577.31,577.29,577.31,0.0,82.93,48171.01,1
2025-11-24,2025-11-24 11:19:00,577.31,577.33,577.31,577.33,0.0,82.93,48171.01,1
2025-11-24,2025-11-24 11:20:00,577.33,577.34,577.33,577.34,0.0,82.93,48171.01,1
2025-11-24,2025-11-24 11:21:00,577.34,577.36,577.34,577.36,0.0,82.93,48171.01,1
2025-11-24,2025-11-24 11:22:00,577.36,577.37,577.36,577.37,0.0,82.93,48171.01,1
2025-11-24,2025-11-24 11:23:00,577.37,577.39,577.37,577.39,0.0,82.93,48171.01,1
2025-11-24,2025-11-24 11:24:00,577.39,577.41,577.39,577.41,0.0,82.93,48171.01,1
2025-11-24,2025-11-24 11:25:00,577.41,577.42,577.41,577.42,0.0,82.93,48171.01,1
2025-11-24,2025-11-24 11:26:00,577.42,577.44,577.42,577.44,0.0,82.93,48171.01,1
2025-11-24,2025-11-24 11:27:00,577.44,577.46,577.44,577.46,0.0,82.93,48171.01,1
2025-11-24,2025-11-24 11:28:00,577.46,577.47,577.46,577.47,0.0,82.93,48171.01,1
2025-11-24,2025-11-24 11:29:00,577.47,577.49,577.47,577.49,0.0,82.93,48171.01,1
2025-11-24,2025-11-24 11:30:00,577.49,577.5,577.49,577.5,0.0,82.93,48171.01,1
2025-11-24,2025-11-24 11:31:00,577.5,577.52,577.5,577.52,0.0,82.93,48171.01,1
2025-11-24,2025-11-24 11:32:00,577.52,577.54,577.52,577.54,0.0,82.93,48171.01,1
2025-11-24,2025-11-24 11:33:00,577.54,577.55,577.54,577.55,0.0,82.93,48171.01,1
2025-11-24,2025-11-24 11:34:00,577.55,577.57,577.55,577.57,0.0,82.93,48171.01,1
2025-11-24,2025-11-24 11:35:00,577.57,577.59,577.57,577.59,0.0,82.93,48171.01,1
2025-11-24,2025-11-24 11:36:00,577.59,577.6,577.59,577.6,0.0,82.93,48171.01,1
2025-11-24,2025-11-24 11:37:00,577.6,577.62,577.6,577.62,0.0,82.93,48171.01,1
2025-11-24,2025-11-24 11:38:00,577.62,577.63,577.62,577.63,0.0,82.93,48171.01,1
2025-11-24,2025-11-24 11:39:00,577.63,577.65,577.63,577.65,0.0,82.93,48171.01,1
2025-11-24,2025-11-24 11:40:00,577.65,577.67,577.65,577.67,0.0,82.93,48171.01,1
2025-11-24,2025-11-24 11:41:00,577.67,577.68,577.67,577.68,0.0,82.93,48171.01,1
2025-11-24,2025-11-24 11:42:00,577.68,577.7,577.68,577.7,0.0,82.93,48171.01,1
2025-11-24,2025-11-24 11:43:00,577.7,577.72,577.7,577.72,0.0,82.93,48171.01,1
2025-11-24,2025-11-24 11:44:00,577.72,577.73,577.72,577.73,0.0,82.93,48171.01,1
2025-11-24,2025-11-24 11:45:00,577.73,577.75,577.73,577.75,0.0,82.93,48171.01,1
2025-11-24,2025-11-24 11:46:00,577.75,577.76,577.75,577.76,0.0,82.93,48171.01,1
2025-11-24,2025-11-24 11:47:00,577.76,577.78,577.76,577.78,0.0,82.93,48171.01,1
2025-11-24,2025-11-24 11:48:00,577.78,577.8,577.78,577.8,0.0,82.93,48171.01,1
2025-11-24,2025-11-24 11:49:00,577.8,577.81,577.8,577.81,0.0,82.93,48171.01,1
2025-11-24,2025-11-24 11:50:00,577.81,577.83,577.81,577.83,0.0,82.93,48171.01,1
2025-11-24,2025-11-24 11:51:00,577.83,577.85,577.83,577.85,0.0,82.93,48171.01,1
2025-11-24,2025-11-24 11:52:00,577.85,577.86,577.85,577.86,0.0,82.93,48171.01,1
2025-11-24,2025-11-24 11:53:00,577.86,577.88,577.86,577.88,0.0,82.93,48171.01,1
2025-11-24,2025-11-24 11:54:00,577.88,577.89,577.88,577.89,0.0,82.93,48171.01,1
2025-11-24,2025-11-24 11:55:00,577.89,577.91,577.89,577.91,0.0,82.93,48171.01,1
2025-11-24,2025-11-24 11:56:00,577.91,577.93,577.91,577.93,0.0,82.93,48171.01,1
2025-11-24,2025-11-24 11:57:00,577.93,577.94,577.93,577.94,0.0,82.93,48171.01,1
2025-11-24,2025-11-24 11:58:00,577.94,577.96,577.94,577.96,0.0,82.93,48171.01,1
2025-11-24,2025-11-24 11:59:00,577.96,577.98,577.96,577.98,0.0,82.93,48171.01,1
2025-11-24,2025-11-24 12:00:00,577.98,577.99,577.98,577.99,0.0,82.93,48171.01,1
2025-11-24,2025-11-24 12:01:00,577.99,578.01,577.99,578.01,0.0,82.93,48171.01,1
2025-11-24,2025-11-24 12:02:00,578.01,578.02,578.01,578.02,0.0,82.93,48171.01,1
2025-11-24,2025-11-24 12:03:00,578.02,578.04,578.02,578.04,0.0,82.93,48171.01,1
2025-11-24,2025-11-24 12:04:00,578.04,578.06,578.04,578.06,0.0,82.93,48171.01,1
2025-11-24,2025-11-24 12:05:00,578.06,578.07,578.06,578.07,0.0,82.93,48171.01,1
2025-11-24,2025-11-24 12:06:00,578.07,578.09,578.07,578.09,0.0,82.93,48171.01,1
2025-11-24,2025-11-24 12:07:00,578.09,578.11,578.09,578.11,0.0,82.93,48171.01,1
2025-11-24,2025-11-24 12:08:00,578.11,578.12,578.11,578.12,0.0,82.93,48171.01,1
2025-11-24,2025-11-24 12:09:00,578.12,578.14,578.12,578.14,0.0,82.93,48171.01,1
2025-11-24,2025-11-24 12:10:00,578.14,578.15,578.14,578.15,0.0,82.93,48171.01,1
2025-11-24,2025-11-24 12:11:00,578.15,578.17,578.15,578.17,0.0,82.93,48171.01,1
2025-11-24,2025-11-24 12:12:00,578.17,578.19,578.17,578.19,0.0,82.93,48171.01,1
2025-11-24,2025-11-24 12:13:00,578.19,578.2,578.19,578.2,0.0,82.93,48171.01,1
2025-11-24,2025-11-24 12:14:00,578.2,578.22,578.2,578.22,0.0,82.93,48171.01,1
2025-11-24,2025-11-24 12:15:00,578.22,578.24,578.22,578.24,0.0,82.93,48171.01,1
2025-11-24,2025-11-24 12:16:00,578.24,578.25,578.24,578.25,0.0,82.93,48171.01,1
2025-11-24,2025-11-24 12:17:00,578.25,578.27,578.25,578.27,0.0,82.93,48171.01,1
2025-11-24,2025-11-24 12:18:00,578.27,578.28,578.27,578.28,0.0,82.93,48171.01,1
2025-11-24,2025-11-24 12:19:00,578.28,578.3,578.28,578.3,0.0,82.93,48171.01,1
2025-11-24,2025-11-24 12:20:00,578.3,578.32,578.3,578.32,0.0,82.93,48171.01,1
2025-11-24,2025-11-24 12:21:00,578.32,578.33,578.32,578.33,0.0,82.93,48171.01,1
2025-11-24,2025-11-24 12:22:00,578.33,578.35,578.33,578.35,0.0,82.93,48171.01,1
2025-11-24,2025-11-24 12:23:00,578.35,578.37,578.35,578.37,0.0,82.93,48171.01,1
2025-11-24,2025-11-24 12:24:00,578.37,578.38,578.37,578.38,0.0,82.93,48171.01,1
2025-11-24,2025-11-24 12:25:00,578.38,578.4,578.38,578.4,0.0,82.93,48171.01,1
2025-11-24,2025-11-24 12:26:00,578.4,578.41,578.4,578.41,0.0,82.93,48171.01,1
2025-11-24,2025-11-24 12:27:00,578.41,578.43,578.41,578.43,0.0,82.93,48171.01,1
2025-11-24,2025-11-24 12:28:00,578.43,578.45,578.43,578.45,0.0,82.93,48171.01,1
2025-11-24,2025-11-24 12:29:00,578.45,578.46,578.45,578.46,0.0,82.93,48171.01,1
2025-11-24,2025-11-24 12:30:00,578.46,578.48,578.46,578.48,0.0,82.93,48171.01,1
2025-11-24,2025-11-24 12:31:00,578.48,578.5,578.48,578.5,0.0,82.93,48171.01,1
2025-11-24,2025-11-24 12:32:00,578.5,578.51,578.5,578.51,0.0,82.93,48171.01,1
2025-11-24,2025-11-24 12:33:00,578.51,578.53,578.51,578.53,0.0,82.93,48171.01,1
2025-11-24,2025-11-24 12:34:00,578.53,578.54,578.53,578.54,0.0,82.93,48171.01,1
2025-11-24,2025-11-24 12:35:00,578.54,578.56,578.54,578.56,0.0,82.93,48171.01,1
2025-11-24,2025-11-24 12:36:00,578.56,578.58,578.56,578.58,0.0,82.93,48171.01,1
2025-11-24,2025-11-24 12:37:00,578.58,578.59,578.58,578.59,0.0,82.93,48171.01,1
2025-11-24,2025-11-24 12:38:00,578.59,578.61,578.59,578.61,0.0,82.93,48171.01,1
2025-11-24,2025-11-24 12:39:00,578.61,578.62,578.61,578.62,0.0,82.93,48171.01,1
2025-11-24,2025-11-24 12:40:00,578.62,578.64,578.62,578.64,0.0,82.93,48171.01,1
2025-11-24,2025-11-24 12:41:00,578.64,578.66,578.64,578.66,0.0,82.93,48171.01,1
2025-11-24,2025-11-24 12:42:00,578.66,578.67,578.66,578.67,0.0,82.93,48171.01,1
2025-11-24,2025-11-24 12:43:00,578.67,578.69,578.67,578.69,0.0,82.93,48171.01,1
2025-11-24,2025-11-24 12:44:00,578.69,578.71,578.69,578.71,0.0,82.93,48171.01,1
2025-11-24,2025-11-24 12:45:00,578.71,578.72,578.71,578.72,0.0,82.93,48171.01,1
2025-11-24,2025-11-24 12:46:00,578.72,578.74,578.72,578.74,0.0,82.93,48171.01,1
2025-11-24,2025-11-24 12:47:00,578.74,578.75,578.74,578.75,0.0,82.93,48171.01,1
2025-11-24,2025-11-24 12:48:00,578.75,578.77,578.75,578.77,0.0,82.93,48171.01,1
2025-11-24,2025-11-24 12:49:00,578.77,578.79,578.77,578.79,0.0,82.93,48171.01,1
2025-11-24,2025-11-24 12:50:00,578.79,578.8,578.79,578.8,0.0,82.93,48171.01,1
2025-11-24,2025-11-24 12:51:00,578.8,578.82,578.8,578.82,0.0,82.93,48171.01,1
2025-11-24,2025-11-24 12:52:00,578.82,578.84,578.82,578.84,0.0,82.93,48171.01,1
2025-11-24,2025-11-24 12:53:00,578.84,578.85,578.84,578.85,0.0,82.93,48171.01,1
2025-11-24,2025-11-24 12:54:00,578.85,578.87,578.85,578.87,0.0,82.93,48171.01,1
2025-11-24,2025-11-24 12:55:00,578.87,578.88,578.87,578.88,0.0,82.93,48171.01,1
2025-11-24,2025-11-24 12:56:00,578.88,578.9,578.88,578.9,0.0,82.93,48171.01,1
2025-11-24,2025-11-24 12:57:00,578.9,578.92,578.9,578.92,0.0,82.93,48171.01,1
2025-11-24,2025-11-24 12:58:00,578.92,578.93,578.92,578.93,0.0,82.93,48171.01,1
2025-11-24,2025-11-24 12:59:00,578.93,578.95,578.93,578.95,0.0,82.93,48171.01,1
2025-11-24,2025-11-24 13:00:00,578.95,588.0,575.0,578.97,0.0,82.93,48171.01,1
2025-11-24,2025-11-24 13:01:00,578.97,578.98,578.97,578.98,0.0,82.93,48171.01,1
2025-11-24,2025-11-24 13:02:00,578.98,579.0,578.98,579.0,0.0,82.93,48171.01,1
2025-11-24,2025-11-24 13:03:00,579.0,579.01,579.0,579.01,0.0,82.93,48171.01,1
2025-11-24,2025-11-24 13:04:00,579.01,579.03,579.01,579.03,0.0,82.93,48171.01,1
2025-11-24,2025-11-24 13:05:00,579.03,579.05,579.03,579.05,0.0,82.93,48171.01,1
2025-11-24,2025-11-24 13:06:00,579.05,579.06,579.05,579.06,0.0,82.93,48171.01,1
2025-11-24,2025-11-24 13:07:00,579.06,579.08,579.06,579.08,0.0,82.93,48171.01,1
2025-11-24,2025-11-24 13:08:00,579.08,579.1,579.08,579.1,0.0,82.93,48171.01,1
2025-11-24,2025-11-24 13:09:00,579.1,579.11,579.1,579.11,0.0,82.93,48171.01,1
2025-11-24,2025-11-24 13:10:00,579.11,579.13,579.11,579.13,0.0,82.93,48171.01,1
2025-11-24,2025-11-24 13:11:00,579.13,579.14,579.13,579.14,0.0,82.93,48171.01,1
2025-11-24,2025-11-24 13:12:00,579.14,579.16,579.14,579.16,0.0,82.93,48171.01,1
2025-11-24,2025-11-24 13:13:00,579.16,579.18,579.16,579.18,0.0,82.93,48171.01,1
2025-11-24,2025-11-24 13:14:00,579.18,579.19,579.18,579.19,0.0,82.93,48171.01,1
2025-11-24,2025-11-24 13:15:00,579.19,579.21,579.19,579.21,0.0,82.93,48171.01,1
2025-11-24,2025-11-24 13:16:00,579.21,579.23,579.21,579.23,0.0,82.93,48171.01,1
2025-11-24,2025-11-24 13:17:00,579.23,579.24,579.23,579.24,0.0,82.93,48171.01,1
2025-11-24,2025-11-24 13:18:00,579.24,579.26,579.24,579.26,0.0,82.93,48171.01,1
2025-11-24,2025-11-24 13:19:00,579.26,579.27,579.26,579.27,0.0,82.93,48171.01,1
2025-11-24,2025-11-24 13:20:00,579.27,579.29,579.27,579.29,0.0,82.93,48171.01,1
2025-11-24,2025-11-24 13:21:00,579.29,579.31,579.29,579.31,0.0,82.93,48171.01,1
2025-11-24,2025-11-24 13:22:00,579.31,579.32,579.31,579.32,0.0,82.93,48171.01,1
2025-11-24,2025-11-24 13:23:00,579.32,579.34,579.32,579.34,0.0,82.93,48171.01,1
2025-11-24,2025-11-24 13:24:00,579.34,579.36,579.34,579.36,0.0,82.93,48171.01,1
2025-11-24,2025-11-24 13:25:00,579.36,579.37,579.36,579.37,0.0,82.93,48171.01,1
2025-11-24,2025-11-24 13:26:00,579.37,579.39,579.37,579.39,0.0,82.93,48171.01,1
2025-11-24,2025-11-24 13:27:00,579.39,579.4,579.39,579.4,0.0,82.93,48171.01,1
2025-11-24,2025-11-24 13:28:00,579.4,579.42,579.4,579.42,0.0,82.93,48171.01,1
2025-11-24,2025-11-24 13:29:00,579.42,579.44,579.42,579.44,0.0,82.93,48171.01,1
2025-11-24,2025-11-24 13:30:00,579.44,579.45,579.44,579.45,0.0,82.93,48171.01,1
2025-11-24,2025-11-24 13:31:00,579.45,579.47,579.45,579.47,0.0,82.93,48171.01,1
2025-11-24,2025-11-24 13:32:00,579.47,579.49,579.47,579.49,0.0,82.93,48171.01,1
2025-11-24,2025-11-24 13:33:00,579.49,579.5,579.49,579.5,0.0,82.93,48171.01,1
2025-11-24,2025-11-24 13:34:00,579.5,579.52,579.5,579.52,0.0,82.93,48171.01,1
2025-11-24,2025-11-24 13:35:00,579.52,579.53,579.52,579.53,0.0,82.93,48171.01,1
2025-11-24,2025-11-24 13:36:00,579.53,579.55,579.53,579.55,0.0,82.93,48171.01,1
2025-11-24,2025-11-24 13:37:00,579.55,579.57,579.55,579.57,0.0,82.93,48171.01,1
2025-11-24,2025-11-24 13:38:00,579.57,579.58,579.57,579.58,0.0,82.93,48171.01,1
2025-11-24,2025-11-24 13:39:00,579.58,579.6,579.58,579.6,0.0,82.93,48171.01,1
2025-11-24,2025-11-24 13:40:00,579.6,579.62,579.6,579.62,0.0,82.93,48171.01,1
2025-11-24,2025-11-24 13:41:00,579.62,579.63,579.62,579.63,0.0,82.93,48171.01,1
2025-11-24,2025-11-24 13:42:00,579.63,579.65,579.63,579.65,0.0,82.93,48171.01,1
2025-11-24,2025-11-24 13:43:00,579.65,579.66,579.65,579.66,0.0,82.93,48171.01,1
2025-11-24,2025-11-24 13:44:00,579.66,579.68,579.66,579.68,0.0,82.93,48171.01,1
2025-11-24,2025-11-24 13:45:00,579.68,579.7,579.68,579.7,0.0,82.93,48171.01,1
2025-11-24,2025-11-24 13:46:00,579.7,579.71,579.7,579.71,0.0,82.93,48171.01,1
2025-11-24,2025-11-24 13:47:00,579.71,579.73,579.71,579.73,0.0,82.93,48171.01,1
2025-11-24,2025-11-24 13:48:00,579.73,579.75,579.73,579.75,0.0,82.93,48171.01,1
2025-11-24,2025-11-24 13:49:00,579.75,579.76,579.75,579.76,0.0,82.93,48171.01,1
2025-11-24,2025-11-24 13:50:00,579.76,579.78,579.76,579.78,0.0,82.93,48171.01,1
2025-11-24,2025-11-24 13:51:00,579.78,579.79,579.78,579.79,0.0,82.93,48171.01,1
2025-11-24,2025-11-24 13:52:00,579.79,579.81,579.79,579.81,0.0,82.93,48171.01,1
2025-11-24,2025-11-24 13:53:00,579.81,579.83,579.81,579.83,0.0,82.93,48171.01,1
2025-11-24,2025-11-24 13:54:00,579.83,579.84,579.83,579.84,0.0,82.93,48171.01,1
2025-11-24,2025-11-24 13:55:00,579.84,579.86,579.84,579.86,0.0,82.93,48171.01,1
2025-11-24,2025-11-24 13:56:00,579.86,579.88,579.86,579.88,0.0,82.93,48171.01,1
2025-11-24,2025-11-24 13:57:00,579.88,579.89,579.88,579.89,0.0,82.93,48171.01,1
2025-11-24,2025-11-24 13:58:00,579.89,579.91,579.89,579.91,0.0,82.93,48171.01,1
2025-11-24,2025-11-24 13:59:00,579.91,579.92,579.91,579.92,0.0,82.93,48171.01,1
2025-11-24,2025-11-24 14:00:00,579.92,579.94,579.92,579.94,0.0,82.93,48171.01,1
2025-11-24,2025-11-24 14:01:00,579.94,579.96,579.94,579.96,0.0,82.93,48171.01,1
2025-11-24,2025-11-24 14:02:00,579.96,579.97,579.96,579.97,0.0,82.93,48171.01,1
2025-11-24,2025-11-24 14:03:00,579.97,579.99,579.97,579.99,0.0,82.93,48171.01,1
2025-11-24,2025-11-24 14:04:00,579.99,580.01,579.99,580.01,0.0,82.93,48171.01,1
2025-11-24,2025-11-24 14:05:00,580.01,580.02,580.01,580.02,0.0,82.93,48171.01,1
2025-11-24,2025-11-24 14:06:00,580.02,580.04,580.02,580.04,0.0,82.93,48171.01,1
2025-11-24,2025-11-24 14:07:00,580.04,580.05,580.04,580.05,0.0,82.93,48171.01,1
2025-11-24,2025-11-24 14:08:00,580.05,580.07,580.05,580.07,0.0,82.93,48171.01,1
2025-11-24,2025-11-24 14:09:00,580.07,580.09,580.07,580.09,0.0,82.93,48171.01,1
2025-11-24,2025-11-24 14:10:00,580.09,580.1,580.09,580.1,0.0,82.93,48171.01,1
2025-11-24,2025-11-24 14:11:00,580.1,580.12,580.1,580.12,0.0,82.93,48171.01,1
2025-11-24,2025-11-24 14:12:00,580.12,580.14,580.12,580.14,0.0,82.93,48171.01,1
2025-11-24,2025-11-24 14:13:00,580.14,580.15,580.14,580.15,0.0,82.93,48171.01,1
2025-11-24,2025-11-24 14:14:00,580.15,580.17,580.15,580.17,0.0,82.93,48171.01,1
2025-11-24,2025-11-24 14:15:00,580.17,580.18,580.17,580.18,0.0,82.93,48171.01,1
2025-11-24,2025-11-24 14:16:00,580.18,580.2,580.18,580.2,0.0,82.93,48171.01,1
2025-11-24,2025-11-24 14:17:00,580.2,580.22,580.2,580.22,0.0,82.93,48171.01,1
2025-11-24,2025-11-24 14:18:00,580.22,580.23,580.22,580.23,0.0,82.93,48171.01,1
2025-11-24,2025-11-24 14:19:00,580.23,580.25,580.23,580.25,0.0,82.93,48171.01,1
2025-11-24,2025-11-24 14:20:00,580.25,580.27,580.25,580.27,0.0,82.93,48171.01,1
2025-11-24,2025-11-24 14:21:00,580.27,580.28,580.27,580.28,0.0,82.93,48171.01,1
2025-11-24,2025-11-24 14:22:00,580.28,580.3,580.28,580.3,0.0,82.93,48171.01,1
2025-11-24,2025-11-24 14:23:00,580.3,580.31,580.3,580.31,0.0,82.93,48171.01,1
2025-11-24,2025-11-24 14:24:00,580.31,580.33,580.31,580.33,0.0,82.93,48171.01,1
2025-11-24,2025-11-24 14:25:00,580.33,580.35,580.33,580.35,0.0,82.93,48171.01,1
2025-11-24,2025-11-24 14:26:00,580.35,580.36,580.35,580.36,0.0,82.93,48171.01,1
2025-11-24,2025-11-24 14:27:00,580.36,580.38,580.36,580.38,0.0,82.93,48171.01,1
2025-11-24,2025-11-24 14:28:00,580.38,580.4,580.38,580.4,0.0,82.93,48171.01,1
2025-11-24,2025-11-24 14:29:00,580.4,580.41,580.4,580.41,0.0,82.93,48171.01,1
2025-11-24,2025-11-24 14:30:00,580.41,580.43,580.41,580.43,0.0,82.93,48171.01,1
2025-11-24,2025-11-24 14:31:00,580.43,580.44,580.43,580.44,0.0,82.93,48171.01,1
2025-11-24,2025-11-24 14:32:00,580.44,580.46,580.44,580.46,0.0,82.93,48171.01,1
2025-11-24,2025-11-24 14:33:00,580.46,580.48,580.46,580.48,0.0,82.93,48171.01,1
2025-11-24,2025-11-24 14:34:00,580.48,580.49,580.48,580.49,0.0,82.93,48171.01,1
2025-11-24,2025-11-24 14:35:00,580.49,580.51,580.49,580.51,0.0,82.93,48171.01,1
2025-11-24,2025-11-24 14:36:00,580.51,580.53,580.51,580.53,0.0,82.93,48171.01,1
2025-11-24,2025-11-24 14:37:00,580.53,580.54,580.53,580.54,0.0,82.93,48171.01,1
2025-11-24,2025-11-24 14:38:00,580.54,580.56,580.54,580.56,0.0,82.93,48171.01,1
2025-11-24,2025-11-24 14:39:00,580.56,580.57,580.56,580.57,0.0,82.93,48171.01,1
2025-11-24,2025-11-24 14:40:00,580.57,580.59,580.57,580.59,0.0,82.93,48171.01,1
2025-11-24,2025-11-24 14:41:00,580.59,580.61,580.59,580.61,0.0,82.93,48171.01,1
2025-11-24,2025-11-24 14:42:00,580.61,580.62,580.61,580.62,0.0,82.93,48171.01,1
2025-11-24,2025-11-24 14:43:00,580.62,580.64,580.62,580.64,0.0,82.93,48171.01,1
2025-11-24,2025-11-24 14:44:00,580.64,580.66,580.64,580.66,0.0,82.93,48171.01,1
2025-11-24,2025-11-24 14:45:00,580.66,580.67,580.66,580.67,0.0,82.93,48171.01,1
2025-11-24,2025-11-24 14:46:00,580.67,580.69,580.67,580.69,0.0,82.93,48171.01,1
2025-11-24,2025-11-24 14:47:00,580.69,580.7,580.69,580.7,0.0,82.93,48171.01,1
2025-11-24,2025-11-24 14:48:00,580.7,580.72,580.7,580.72,0.0,82.93,48171.01,1
2025-11-24,2025-11-24 14:49:00,580.72,580.74,580.72,580.74,0.0,82.93,48171.01,1
2025-11-24,2025-11-24 14:50:00,580.74,580.75,580.74,580.75,0.0,82.93,48171.01,1
2025-11-24,2025-11-24 14:51:00,580.75,580.77,580.75,580.77,0.0,82.93,48171.01,1
2025-11-24,2025-11-24 14:52:00,580.77,580.79,580.77,580.79,0.0,82.93,48171.01,1
2025-11-24,2025-11-24 14:53:00,580.79,580.8,580.79,580.8,0.0,82.93,48171.01,1
2025-11-24,2025-11-24 14:54:00,580.8,580.82,580.8,580.82,0.0,82.93,48171.01,1
2025-11-24,2025-11-24 14:55:00,580.82,580.83,580.82,580.83,0.0,82.93,48171.01,1
2025-11-24,2025-11-24 14:56:00,580.83,580.85,580.83,580.85,0.0,82.93,48171.01,1
2025-11-24,2025-11-24 14:57:00,580.85,580.87,580.85,580.87,0.0,82.93,48171.01,1
2025-11-24,2025-11-24 14:58:00,580.87,580.88,580.87,580.88,0.0,82.93,48171.01,1
2025-11-24,2025-11-24 14:59:00,580.88,580.9,580.88,580.9,0.0,82.93,48171.01,1
2025-11-24,2025-11-24 15:00:00,580.9,588.0,575.0,580.9,0.0,82.93,48171.01,0
2025-11-25,2025-11-25 11:00:00,590.5,590.5,582.85,590.39,-0.02,99.06,56488.14,-1
2025-11-25,2025-11-25 11:01:00,590.39,590.39,590.29,590.29,-0.02,99.06,56488.14,-1
2025-11-25,2025-11-25 11:02:00,590.29,590.29,590.18,590.18,-0.02,99.06,56488.14,-1
2025-11-25,2025-11-25 11:03:00,590.18,590.18,590.08,590.08,-0.02,99.06,56488.14,-1
2025-11-25,2025-11-25 11:04:00,590.08,590.08,589.97,589.97,-0.02,99.06,56488.14,-1
2025-11-25,2025-11-25 11:05:00,589.97,589.97,589.86,589.86,-0.02,99.06,56488.14,-1
2025-11-25,2025-11-25 11:06:00,589.86,589.86,589.76,589.76,-0.02,99.06,56488.14,-1
2025-11-25,2025-11-25 11:07:00,589.76,589.76,589.65,589.65,-0.02,99.06,56488.14,-1
2025-11-25,2025-11-25 11:08:00,589.65,589.65,589.54,589.54,-0.02,99.06,56488.14,-1
2025-11-25,2025-11-25 11:09:00,589.54,589.54,589.44,589.44,-0.02,99.06,56488.14,-1
2025-11-25,2025-11-25 11:10:00,589.44,589.44,589.33,589.33,-0.02,99.06,56488.14,-1
2025-11-25,2025-11-25 11:11:00,589.33,589.33,589.23,589.23,-0.02,99.06,56488.14,-1
2025-11-25,2025-11-25 11:12:00,589.23,589.23,589.12,589.12,-0.02,99.06,56488.14,-1
2025-11-25,2025-11-25 11:13:00,589.12,589.12,589.01,589.01,-0.02,99.06,56488.14,-1
2025-11-25,2025-11-25 11:14:00,589.01,589.01,588.91,588.91,-0.02,99.06,56488.14,-1
2025-11-25,2025-11-25 11:15:00,588.91,588.91,588.8,588.8,-0.02,99.06,56488.14,-1
2025-11-25,2025-11-25 11:16:00,588.8,588.8,588.69,588.69,-0.02,99.06,56488.14,-1
2025-11-25,2025-11-25 11:17:00,588.69,588.69,588.59,588.59,-0.02,99.06,56488.14,-1
2025-11-25,2025-11-25 11:18:00,588.59,588.59,588.48,588.48,-0.02,99.06,56488.14,-1
2025-11-25,2025-11-25 11:19:00,588.48,588.48,588.38,588.38,-0.02,99.06,56488.14,-1
2025-11-25,2025-11-25 11:20:00,588.38,588.38,588.27,588.27,-0.02,99.06,56488.14,-1
2025-11-25,2025-11-25 11:21:00,588.27,588.27,588.16,588.16,-0.02,99.06,56488.14,-1
2025-11-25,2025-11-25 11:22:00,588.16,588.16,588.06,588.06,-0.02,99.06,56488.14,-1
2025-11-25,2025-11-25 11:23:00,588.06,588.06,587.95,587.95,-0.02,99.06,56488.14,-1
2025-11-25,2025-11-25 11:24:00,587.95,587.95,587.84,587.84,-0.02,99.06,56488.14,-1
2025-11-25,2025-11-25 11:25:00,587.84,587.84,587.74,587.74,-0.02,99.06,56488.14,-1
2025-11-25,2025-11-25 11:26:00,587.74,587.74,587.63,587.63,-0.02,99.06,56488.14,-1
2025-11-25,2025-11-25 11:27:00,587.63,587.63,587.52,587.52,-0.02,99.06,56488.14,-1
2025-11-25,2025-11-25 11:28:00,587.52,587.52,587.42,587.42,-0.02,99.06,56488.14,-1
2025-11-25,2025-11-25 11:29:00,587.42,587.42,587.31,587.31,-0.02,99.06,56488.14,-1
2025-11-25,2025-11-25 11:30:00,587.31,587.31,587.21,587.21,-0.02,99.06,56488.14,-1
2025-11-25,2025-11-25 11:31:00,587.21,587.21,587.1,587.1,-0.02,99.06,56488.14,-1
2025-11-25,2025-11-25 11:32:00,587.1,587.1,586.99,586.99,-0.02,99.06,56488.14,-1
2025-11-25,2025-11-25 11:33:00,586.99,586.99,586.89,586.89,-0.02,99.06,56488.14,-1
2025-11-25,2025-11-25 11:34:00,586.89,586.89,586.78,586.78,-0.02,99.06,56488.14,-1
2025-11-25,2025-11-25 11:35:00,586.78,586.78,586.67,586.67,-0.02,99.06,56488.14,-1
2025-11-25,2025-11-25 11:36:00,586.67,586.67,586.57,586.57,-0.02,99.06,56488.14,-1
2025-11-25,2025-11-25 11:37:00,586.57,586.57,586.46,586.46,-0.02,99.06,56488.14,-1
2025-11-25,2025-11-25 11:38:00,586.46,586.46,586.36,586.36,-0.02,99.06,56488.14,-1
2025-11-25,2025-11-25 11:39:00,586.36,586.36,586.25,586.25,-0.02,99.06,56488.14,-1
2025-11-25,2025-11-25 11:40:00,586.25,586.25,586.14,586.14,-0.02,99.06,56488.14,-1
2025-11-25,2025-11-25 11:41:00,586.14,586.14,586.04,586.04,-0.02,99.06,56488.14,-1
2025-11-25,2025-11-25 11:42:00,586.04,586.04,585.93,585.93,-0.02,99.06,56488.14,-1
2025-11-25,2025-11-25 11:43:00,585.93,585.93,585.83,585.83,-0.02,99.06,56488.14,-1
2025-11-25,2025-11-25 11:44:00,585.83,585.83,585.72,585.72,-0.02,99.06,56488.14,-1
2025-11-25,2025-11-25 11:45:00,585.72,585.72,585.61,585.61,-0.02,99.06,56488.14,-1
2025-11-25,2025-11-25 11:46:00,585.61,585.61,585.51,585.51,-0.02,99.06,56488.14,-1
2025-11-25,2025-11-25 11:47:00,585.51,585.51,585.4,585.4,-0.02,99.06,56488.14,-1
2025-11-25,2025-11-25 11:48:00,585.4,585.4,585.29,585.29,-0.02,99.06,56488.14,-1
2025-11-25,2025-11-25 11:49:00,585.29,585.29,585.19,585.19,-0.02,99.06,56488.14,-1
2025-11-25,2025-11-25 11:50:00,585.19,585.19,585.08,585.08,-0.02,99.06,56488.14,-1
2025-11-25,2025-11-25 11:51:00,585.08,585.08,584.98,584.98,-0.02,99.06,56488.14,-1
2025-11-25,2025-11-25 11:52:00,584.98,584.98,584.87,584.87,-0.02,99.06,56488.14,-1
2025-11-25,2025-11-25 11:53:00,584.87,584.87,584.76,584.76,-0.02,99.06,56488.14,-1
2025-11-25,2025-11-25 11:54:00,584.76,584.76,584.66,584.66,-0.02,99.06,56488.14,-1
2025-11-25,2025-11-25 11:55:00,584.66,584.66,584.55,584.55,-0.02,99.06,56488.14,-1
2025-11-25,2025-11-25 11:56:00,584.55,584.55,584.44,584.44,-0.02,99.06,56488.14,-1
2025-11-25,2025-11-25 11:57:00,584.44,584.44,584.34,584.34,-0.02,99.06,56488.14,-1
2025-11-25,2025-11-25 11:58:00,584.34,584.34,584.23,584.23,-0.02,99.06,56488.14,-1
2025-11-25,2025-11-25 11:59:00,584.23,584.23,584.12,584.12,-0.02,99.06,56488.14,-1
2025-11-25,2025-11-25 12:00:00,584.12,584.12,584.02,584.02,-0.02,99.06,56488.14,-1
2025-11-25,2025-11-25 12:01:00,584.02,584.02,583.91,583.91,-0.02,99.06,56488.14,-1
2025-11-25,2025-11-25 12:02:00,583.91,583.91,583.81,583.81,-0.02,99.06,56488.14,-1
2025-11-25,2025-11-25 12:03:00,583.81,583.81,583.7,583.7,-0.02,99.06,56488.14,-1
2025-11-25,2025-11-25 12:04:00,583.7,583.7,583.59,583.59,-0.02,99.06,56488.14,-1
2025-11-25,2025-11-25 12:05:00,583.59,583.59,583.49,583.49,-0.02,99.06,56488.14,-1
2025-11-25,2025-11-25 12:06:00,583.49,583.49,583.38,583.38,-0.02,99.06,56488.14,-1
2025-11-25,2025-11-25 12:07:00,583.38,583.38,583.27,583.27,-0.02,99.06,56488.14,-1
2025-11-25,2025-11-25 12:08:00,583.27,583.27,583.17,583.17,-0.02,99.06,56488.14,-1
2025-11-25,2025-11-25 12:09:00,583.17,583.17,583.06,583.06,-0.02,99.06,56488.14,-1
2025-11-25,2025-11-25 12:10:00,583.06,583.06,582.96,582.96,-0.02,99.06,56488.14,-1
2025-11-25,2025-11-25 12:11:00,582.96,582.96,582.85,582.85,-0.02,99.06,56488.14,-1
2025-11-25,2025-11-25 12:12:00,582.85,582.85,582.74,582.74,-0.02,99.06,56488.14,-1
2025-11-25,2025-11-25 12:13:00,582.74,582.74,582.64,582.64,-0.02,99.06,56488.14,-1
2025-11-25,2025-11-25 12:14:00,582.64,582.64,582.53,582.53,-0.02,99.06,56488.14,-1
2025-11-25,2025-11-25 12:15:00,582.53,582.53,582.42,582.42,-0.02,99.06,56488.14,-1
2025-11-25,2025-11-25 12:16:00,582.42,582.42,582.32,582.32,-0.02,99.06,56488.14,-1
2025-11-25,2025-11-25 12:17:00,582.32,582.32,582.21,582.21,-0.02,99.06,56488.14,-1
2025-11-25,2025-11-25 12:18:00,582.21,582.21,582.11,582.11,-0.02,99.06,56488.14,-1
2025-11-25,2025-11-25 12:19:00,582.11,582.11,582.0,582.0,-0.02,99.06,56488.14,-1
2025-11-25,2025-11-25 12:20:00,582.0,582.0,581.89,581.89,-0.02,99.06,56488.14,-1
2025-11-25,2025-11-25 12:21:00,581.89,581.89,581.79,581.79,-0.02,99.06,56488.14,-1
2025-11-25,2025-11-25 12:22:00,581.79,581.79,581.68,581.68,-0.02,99.06,56488.14,-1
2025-11-25,2025-11-25 12:23:00,581.68,581.68,581.58,581.58,-0.02,99.06,56488.14,-1
2025-11-25,2025-11-25 12:24:00,581.58,581.58,581.47,581.47,-0.02,99.06,56488.14,-1
2025-11-25,2025-11-25 12:25:00,581.47,581.47,581.36,581.36,-0.02,99.06,56488.14,-1
2025-11-25,2025-11-25 12:26:00,581.36,581.36,581.26,581.26,-0.02,99.06,56488.14,-1
2025-11-25,2025-11-25 12:27:00,581.26,581.26,581.15,581.15,-0.02,99.06,56488.14,-1
2025-11-25,2025-11-25 12:28:00,581.15,581.15,581.04,581.04,-0.02,99.06,56488.14,-1
2025-11-25,2025-11-25 12:29:00,581.04,581.04,580.94,580.94,-0.02,99.06,56488.14,-1
2025-11-25,2025-11-25 12:30:00,580.94,580.94,580.83,580.83,-0.02,99.06,56488.14,-1
2025-11-25,2025-11-25 12:31:00,580.83,580.83,580.73,580.73,-0.02,99.06,56488.14,-1
2025-11-25,2025-11-25 12:32:00,580.73,580.73,580.62,580.62,-0.02,99.06,56488.14,-1
2025-11-25,2025-11-25 12:33:00,580.62,580.62,580.51,580.51,-0.02,99.06,56488.14,-1
2025-11-25,2025-11-25 12:34:00,580.51,580.51,580.41,580.41,-0.02,99.06,56488.14,-1
2025-11-25,2025-11-25 12:35:00,580.41,580.41,580.3,580.3,-0.02,99.06,56488.14,-1
2025-11-25,2025-11-25 12:36:00,580.3,580.3,580.19,580.19,-0.02,99.06,56488.14,-1
2025-11-25,2025-11-25 12:37:00,580.19,580.19,580.09,580.09,-0.02,99.06,56488.14,-1
2025-11-25,2025-11-25 12:38:00,580.09,580.09,579.98,579.98,-0.02,99.06,56488.14,-1
2025-11-25,2025-11-25 12:39:00,579.98,579.98,579.88,579.88,-0.02,99.06,56488.14,-1
2025-11-25,2025-11-25 12:40:00,579.88,579.88,579.77,579.77,-0.02,99.06,56488.14,-1
2025-11-25,2025-11-25 12:41:00,579.77,579.77,579.66,579.66,-0.02,99.06,56488.14,-1
2025-11-25,2025-11-25 12:42:00,579.66,579.66,579.56,579.56,-0.02,99.06,56488.14,-1
2025-11-25,2025-11-25 12:43:00,579.56,579.56,579.45,579.45,-0.02,99.06,56488.14,-1
2025-11-25,2025-11-25 12:44:00,579.45,579.45,579.34,579.34,-0.02,99.06,56488.14,-1
2025-11-25,2025-11-25 12:45:00,579.34,579.34,579.24,579.24,-0.02,99.06,56488.14,-1
2025-11-25,2025-11-25 12:46:00,579.24,579.24,579.13,579.13,-0.02,99.06,56488.14,-1
2025-11-25,2025-11-25 12:47:00,579.13,579.13,579.02,579.02,-0.02,99.06,56488.14,-1
2025-11-25,2025-11-25 12:48:00,579.02,579.02,578.92,578.92,-0.02,99.06,56488.14,-1
2025-11-25,2025-11-25 12:49:00,578.92,578.92,578.81,578.81,-0.02,99.06,56488.14,-1
2025-11-25,2025-11-25 12:50:00,578.81,578.81,578.71,578.71,-0.02,99.06,56488.14,-1
2025-11-25,2025-11-25 12:51:00,578.71,578.71,578.6,578.6,-0.02,99.06,56488.14,-1
2025-11-25,2025-11-25 12:52:00,578.6,578.6,578.49,578.49,-0.02,99.06,56488.14,-1
2025-11-25,2025-11-25 12:53:00,578.49,578.49,578.39,578.39,-0.02,99.06,56488.14,-1
2025-11-25,2025-11-25 12:54:00,578.39,578.39,578.28,578.28,-0.02,99.06,56488.14,-1
2025-11-25,2025-11-25 12:55:00,578.28,578.28,578.17,578.17,-0.02,99.06,56488.14,-1
2025-11-25,2025-11-25 12:56:00,578.17,578.17,578.07,578.07,-0.02,99.06,56488.14,-1
2025-11-25,2025-11-25 12:57:00,578.07,578.07,577.96,577.96,-0.02,99.06,56488.14,-1
2025-11-25,2025-11-25 12:58:00,577.96,577.96,577.86,577.86,-0.02,99.06,56488.14,-1
2025-11-25,2025-11-25 12:59:00,577.86,577.86,577.75,577.75,-0.02,99.06,56488.14,-1
2025-11-25,2025-11-25 13:00:00,577.75,590.5,565.0,577.64,-0.02,99.06,56488.14,-1
2025-11-25,2025-11-25 13:01:00,577.64,577.64,577.54,577.54,-0.02,99.06,56488.14,-1
2025-11-25,2025-11-25 13:02:00,577.54,577.54,577.43,577.43,-0.02,99.06,56488.14,-1
2025-11-25,2025-11-25 13:03:00,577.43,577.43,577.33,577.33,-0.02,99.06,56488.14,-1
2025-11-25,2025-11-25 13:04:00,577.33,577.33,577.22,577.22,-0.02,99.06,56488.14,-1
2025-11-25,2025-11-25 13:05:00,577.22,577.22,577.11,577.11,-0.02,99.06,56488.14,-1
2025-11-25,2025-11-25 13:06:00,577.11,577.11,577.01,577.01,-0.02,99.06,56488.14,-1
2025-11-25,2025-11-25 13:07:00,577.01,577.01,576.9,576.9,-0.02,99.06,56488.14,-1
2025-11-25,2025-11-25 13:08:00,576.9,576.9,576.79,576.79,-0.02,99.06,56488.14,-1
2025-11-25,2025-11-25 13:09:00,576.79,576.79,576.69,576.69,-0.02,99.06,56488.14,-1
2025-11-25,2025-11-25 13:10:00,576.69,576.69,576.58,576.58,-0.02,99.06,56488.14,-1
2025-11-25,2025-11-25 13:11:00,576.58,576.58,576.48,576.48,-0.02,99.06,56488.14,-1
2025-11-25,2025-11-25 13:12:00,576.48,576.48,576.37,576.37,-0.02,99.06,56488.14,-1
2025-11-25,2025-11-25 13:13:00,576.37,576.37,576.26,576.26,-0.02,99.06,56488.14,-1
2025-11-25,2025-11-25 13:14:00,576.26,576.26,576.16,576.16,-0.02,99.06,56488.14,-1
2025-11-25,2025-11-25 13:15:00,576.16,576.16,576.05,576.05,-0.02,99.06,56488.14,-1
2025-11-25,2025-11-25 13:16:00,576.05,576.05,575.94,575.94,-0.02,99.06,56488.14,-1
2025-11-25,2025-11-25 13:17:00,575.94,575.94,575.84,575.84,-0.02,99.06,56488.14,-1
2025-11-25,2025-11-25 13:18:00,575.84,575.84,575.73,575.73,-0.02,99.06,56488.14,-1
2025-11-25,2025-11-25 13:19:00,575.73,575.73,575.62,575.62,-0.02,99.06,56488.14,-1
2025-11-25,2025-11-25 13:20:00,575.62,575.62,575.52,575.52,-0.02,99.06,56488.14,-1
2025-11-25,2025-11-25 13:21:00,575.52,575.52,575.41,575.41,-0.02,99.06,56488.14,-1
2025-11-25,2025-11-25 13:22:00,575.41,575.41,575.31,575.31,-0.02,99.06,56488.14,-1
2025-11-25,2025-11-25 13:23:00,575.31,575.31,575.2,575.2,-0.02,99.06,56488.14,-1
2025-11-25,2025-11-25 13:24:00,575.2,575.2,575.09,575.09,-0.02,99.06,56488.14,-1
2025-11-25,2025-11-25 13:25:00,575.09,575.09,574.99,574.99,-0.02,99.06,56488.14,-1
2025-11-25,2025-11-25 13:26:00,574.99,574.99,574.88,574.88,-0.02,99.06,56488.14,-1
2025-11-25,2025-11-25 13:27:00,574.88,574.88,574.77,574.77,-0.02,99.06,56488.14,-1
2025-11-25,2025-11-25 13:28:00,574.77,574.77,574.67,574.67,-0.02,99.06,56488.14,-1
2025-11-25,2025-11-25 13:29:00,574.67,574.67,574.56,574.56,-0.02,99.06,56488.14,-1
2025-11-25,2025-11-25 13:30:00,574.56,574.56,574.46,574.46,-0.02,99.06,56488.14,-1
2025-11-25,2025-11-25 13:31:00,574.46,574.46,574.35,574.35,-0.02,99.06,56488.14,-1
2025-11-25,2025-11-25 13:32:00,574.35,574.35,574.24,574.24,-0.02,99.06,56488.14,-1
2025-11-25,2025-11-25 13:33:00,574.24,574.24,574.14,574.14,-0.02,99.06,56488.14,-1
2025-11-25,2025-11-25 13:34:00,574.14,574.14,574.03,574.03,-0.02,99.06,56488.14,-1
2025-11-25,2025-11-25 13:35:00,574.03,574.03,573.92,573.92,-0.02,99.06,56488.14,-1
2025-11-25,2025-11-25 13:36:00,573.92,573.92,573.82,573.82,-0.02,99.06,56488.14,-1
2025-11-25,2025-11-25 13:37:00,573.82,573.82,573.71,573.71,-0.02,99.06,56488.14,-1
2025-11-25,2025-11-25 13:38:00,573.71,573.71,573.61,573.61,-0.02,99.06,56488.14,-1
2025-11-25,2025-11-25 13:39:00,573.61,573.61,573.5,573.5,-0.02,99.06,56488.14,-1
2025-11-25,2025-11-25 13:40:00,573.5,573.5,573.39,573.39,-0.02,99.06,56488.14,-1
2025-11-25,2025-11-25 13:41:00,573.39,573.39,573.29,573.29,-0.02,99.06,56488.14,-1
2025-11-25,2025-11-25 13:42:00,573.29,573.29,573.18,573.18,-0.02,99.06,56488.14,-1
2025-11-25,2025-11-25 13:43:00,573.18,573.18,573.08,573.08,-0.02,99.06,56488.14,-1
2025-11-25,2025-11-25 13:44:00,573.08,573.08,572.97,572.97,-0.02,99.06,56488.14,-1
2025-11-25,2025-11-25 13:45:00,572.97,572.97,572.86,572.86,-0.02,99.06,56488.14,-1
2025-11-25,2025-11-25 13:46:00,572.86,572.86,572.76,572.76,-0.02,99.06,56488.14,-1
2025-11-25,2025-11-25 13:47:00,572.76,572.76,572.65,572.65,-0.02,99.06,56488.14,-1
2025-11-25,2025-11-25 13:48:00,572.65,572.65,572.54,572.54,-0.02,99.06,56488.14,-1
2025-11-25,2025-11-25 13:49:00,572.54,572.54,572.44,572.44,-0.02,99.06,56488.14,-1
2025-11-25,2025-11-25 13:50:00,572.44,572.44,572.33,572.33,-0.02,99.06,56488.14,-1
2025-11-25,2025-11-25 13:51:00,572.33,572.33,572.23,572.23,-0.02,99.06,56488.14,-1
2025-11-25,2025-11-25 13:52:00,572.23,572.23,572.12,572.12,-0.02,99.06,56488.14,-1
2025-11-25,2025-11-25 13:53:00,572.12,572.12,572.01,572.01,-0.02,99.06,56488.14,-1
2025-11-25,2025-11-25 13:54:00,572.01,572.01,571.91,571.91,-0.02,99.06,56488.14,-1
2025-11-25,2025-11-25 13:55:00,571.91,571.91,571.8,571.8,-0.02,99.06,56488.14,-1
2025-11-25,2025-11-25 13:56:00,571.8,571.8,571.69,571.69,-0.02,99.06,56488.14,-1
2025-11-25,2025-11-25 13:57:00,571.69,571.69,571.59,571.59,-0.02,99.06,56488.14,-1
2025-11-25,2025-11-25 13:58:00,571.59,571.59,571.48,571.48,-0.02,99.06,56488.14,-1
2025-11-25,2025-11-25 13:59:00,571.48,571.48,571.38,571.38,-0.02,99.06,56488.14,-1
2025-11-25,2025-11-25 14:00:00,571.38,571.38,571.27,571.27,-0.02,99.06,56488.14,-1
2025-11-25,2025-11-25 14:01:00,571.27,571.27,571.16,571.16,-0.02,99.06,56488.14,-1
2025-11-25,2025-11-25 14:02:00,571.16,571.16,571.06,571.06,-0.02,99.06,56488.14,-1
2025-11-25,2025-11-25 14:03:00,571.06,571.06,570.95,570.95,-0.02,99.06,56488.14,-1
2025-11-25,2025-11-25 14:04:00,570.95,570.95,570.84,570.84,-0.02,99.06,56488.14,-1
2025-11-25,2025-11-25 14:05:00,570.84,570.84,570.74,570.74,-0.02,99.06,56488.14,-1
2025-11-25,2025-11-25 14:06:00,570.74,570.74,570.63,570.63,-0.02,99.06,56488.14,-1
2025-11-25,2025-11-25 14:07:00,570.63,570.63,570.52,570.52,-0.02,99.06,56488.14,-1
2025-11-25,2025-11-25 14:08:00,570.52,570.52,570.42,570.42,-0.02,99.06,56488.14,-1
2025-11-25,2025-11-25 14:09:00,570.42,570.42,570.31,570.31,-0.02,99.06,56488.14,-1
2025-11-25,2025-11-25 14:10:00,570.31,570.31,570.21,570.21,-0.02,99.06,56488.14,-1
2025-11-25,2025-11-25 14:11:00,570.21,570.21,570.1,570.1,-0.02,99.06,56488.14,-1
2025-11-25,2025-11-25 14:12:00,570.1,570.1,569.99,569.99,-0.02,99.06,56488.14,-1
2025-11-25,2025-11-25 14:13:00,569.99,569.99,569.89,569.89,-0.02,99.06,56488.14,-1
2025-11-25,2025-11-25 14:14:00,569.89,569.89,569.78,569.78,-0.02,99.06,56488.14,-1
2025-11-25,2025-11-25 14:15:00,569.78,569.78,569.67,569.67,-0.02,99.06,56488.14,-1
2025-11-25,2025-11-25 14:16:00,569.67,569.67,569.57,569.57,-0.02,99.06,56488.14,-1
2025-11-25,2025-11-25 14:17:00,569.57,569.57,569.46,569.46,-0.02,99.06,56488.14,-1
2025-11-25,2025-11-25 14:18:00,569.46,569.46,569.36,569.36,-0.02,99.06,56488.14,-1
2025-11-25,2025-11-25 14:19:00,569.36,569.36,569.25,569.25,-0.02,99.06,56488.14,-1
2025-11-25,2025-11-25 14:20:00,569.25,569.25,569.14,569.14,-0.02,99.06,56488.14,-1
2025-11-25,2025-11-25 14:21:00,569.14,569.14,569.04,569.04,-0.02,99.06,56488.14,-1
2025-11-25,2025-11-25 14:22:00,569.04,569.04,568.93,568.93,-0.02,99.06,56488.14,-1
2025-11-25,2025-11-25 14:23:00,568.93,568.93,568.83,568.83,-0.02,99.06,56488.14,-1
2025-11-25,2025-11-25 14:24:00,568.83,568.83,568.72,568.72,-0.02,99.06,56488.14,-1
2025-11-25,2025-11-25 14:25:00,568.72,568.72,568.61,568.61,-0.02,99.06,56488.14,-1
2025-11-25,2025-11-25 14:26:00,568.61,568.61,568.51,568.51,-0.02,99.06,56488.14,-1
2025-11-25,2025-11-25 14:27:00,568.51,568.51,568.4,568.4,-0.02,99.06,56488.14,-1
2025-11-25,2025-11-25 14:28:00,568.4,568.4,568.29,568.29,-0.02,99.06,56488.14,-1
2025-11-25,2025-11-25 14:29:00,568.29,568.29,568.19,568.19,-0.02,99.06,56488.14,-1
2025-11-25,2025-11-25 14:30:00,568.19,568.19,568.08,568.08,-0.02,99.06,56488.14,-1
2025-11-25,2025-11-25 14:31:00,568.08,568.08,567.98,567.98,-0.02,99.06,56488.14,-1
2025-11-25,2025-11-25 14:32:00,567.98,567.98,567.87,567.87,-0.02,99.06,56488.14,-1
2025-11-25,2025-11-25 14:33:00,567.87,567.87,567.76,567.76,-0.02,99.06,56488.14,-1
2025-11-25,2025-11-25 14:34:00,567.76,567.76,567.66,567.66,-0.02,99.06,56488.14,-1
2025-11-25,2025-11-25 14:35:00,567.66,567.66,567.55,567.55,-0.02,99.06,56488.14,-1
2025-11-25,2025-11-25 14:36:00,567.55,567.55,567.44,567.44,-0.02,99.06,56488.14,-1
2025-11-25,2025-11-25 14:37:00,567.44,567.44,567.34,567.34,-0.02,99.06,56488.14,-1
2025-11-25,2025-11-25 14:38:00,567.34,567.34,567.23,567.23,-0.02,99.06,56488.14,-1
2025-11-25,2025-11-25 14:39:00,567.23,567.23,567.12,567.12,-0.02,99.06,56488.14,-1
2025-11-25,2025-11-25 14:40:00,567.12,567.12,567.02,567.02,-0.02,99.06,56488.14,-1
2025-11-25,2025-11-25 14:41:00,567.02,567.02,566.91,566.91,-0.02,99.06,56488.14,-1
2025-11-25,2025-11-25 14:42:00,566.91,566.91,566.81,566.81,-0.02,99.06,56488.14,-1
2025-11-25,2025-11-25 14:43:00,566.81,566.81,566.7,566.7,-0.02,99.06,56488.14,-1
2025-11-25,2025-11-25 14:44:00,566.7,566.7,566.59,566.59,-0.02,99.06,56488.14,-1
2025-11-25,2025-11-25 14:45:00,566.59,566.59,566.49,566.49,-0.02,99.06,56488.14,-1
2025-11-25,2025-11-25 14:46:00,566.49,566.49,566.38,566.38,-0.02,99.06,56488.14,-1
2025-11-25,2025-11-25 14:47:00,566.38,566.38,566.27,566.27,-0.02,99.06,56488.14,-1
2025-11-25,2025-11-25 14:48:00,566.27,566.27,566.17,566.17,-0.02,99.06,56488.14,-1
2025-11-25,2025-11-25 14:49:00,566.17,566.17,566.06,566.06,-0.02,99.06,56488.14,-1
2025-11-25,2025-11-25 14:50:00,566.06,566.06,565.96,565.96,-0.02,99.06,56488.14,-1
2025-11-25,2025-11-25 14:51:00,565.96,565.96,565.85,565.85,-0.02,99.06,56488.14,-1
2025-11-25,2025-11-25 14:52:00,565.85,565.85,565.74,565.74,-0.02,99.06,56488.14,-1
2025-11-25,2025-11-25 14:53:00,565.74,565.74,565.64,565.64,-0.02,99.06,56488.14,-1
2025-11-25,2025-11-25 14:54:00,565.64,565.64,565.53,565.53,-0.02,99.06,56488.14,-1
2025-11-25,2025-11-25 14:55:00,565.53,565.53,565.42,565.42,-0.02,99.06,56488.14,-1
2025-11-25,2025-11-25 14:56:00,565.42,565.42,565.32,565.32,-0.02,99.06,56488.14,-1
2025-11-25,2025-11-25 14:57:00,565.32,565.32,565.21,565.21,-0.02,99.06,56488.14,-1
2025-11-25,2025-11-25 14:58:00,565.21,565.21,565.11,565.11,-0.02,99.06,56488.14,-1
2025-11-25,2025-11-25 14:59:00,565.11,565.11,565.0,565.0,-0.02,99.06,56488.14,-1
2025-11-25,2025-11-25 15:00:00,565.0,590.5,565.0,565.0,0.0,99.06,56488.14,0
2025-11-26,2025-11-26 11:00:00,571.0,573.7,570.7,571.03,0.01,97.0,55956.43,1
2025-11-26,2025-11-26 11:01:00,571.03,571.06,571.03,571.06,0.01,97.0,55956.43,1
2025-11-26,2025-11-26 11:02:00,571.06,571.09,571.06,571.09,0.01,97.0,55956.43,1
2025-11-26,2025-11-26 11:03:00,571.09,571.12,571.09,571.12,0.01,97.0,55956.43,1
2025-11-26,2025-11-26 11:04:00,571.12,571.15,571.12,571.15,0.01,97.0,55956.43,1
2025-11-26,2025-11-26 11:05:00,571.15,571.17,571.15,571.17,0.0,97.0,55956.43,1
2025-11-26,2025-11-26 11:06:00,571.17,571.2,571.17,571.2,0.01,97.0,55956.43,1
2025-11-26,2025-11-26 11:07:00,571.2,571.23,571.2,571.23,0.01,97.0,55956.43,1
2025-11-26,2025-11-26 11:08:00,571.23,571.26,571.23,571.26,0.01,97.0,55956.43,1
2025-11-26,2025-11-26 11:09:00,571.26,571.29,571.26,571.29,0.01,97.0,55956.43,1
2025-11-26,2025-11-26 11:10:00,571.29,571.32,571.29,571.32,0.01,97.0,55956.43,1
2025-11-26,2025-11-26 11:11:00,571.32,571.35,571.32,571.35,0.01,97.0,55956.43,1
2025-11-26,2025-11-26 11:12:00,571.35,571.38,571.35,571.38,0.01,97.0,55956.43,1
2025-11-26,2025-11-26 11:13:00,571.38,571.41,571.38,571.41,0.01,97.0,55956.43,1
2025-11-26,2025-11-26 11:14:00,571.41,571.44,571.41,571.44,0.01,97.0,55956.43,1
2025-11-26,2025-11-26 11:15:00,571.44,571.47,571.44,571.47,0.01,97.0,55956.43,1
2025-11-26,2025-11-26 11:16:00,571.47,571.5,571.47,571.5,0.01,97.0,55956.43,1
2025-11-26,2025-11-26 11:17:00,571.5,571.52,571.5,571.52,0.0,97.0,55956.43,1
2025-11-26,2025-11-26 11:18:00,571.52,571.55,571.52,571.55,0.01,97.0,55956.43,1
2025-11-26,2025-11-26 11:19:00,571.55,571.58,571.55,571.58,0.01,97.0,55956.43,1
2025-11-26,2025-11-26 11:20:00,571.58,571.61,571.58,571.61,0.01,97.0,55956.43,1
2025-11-26,2025-11-26 11:21:00,571.61,571.64,571.61,571.64,0.01,97.0,55956.43,1
2025-11-26,2025-11-26 11:22:00,571.64,571.67,571.64,571.67,0.01,97.0,55956.43,1
2025-11-26,2025-11-26 11:23:00,571.67,571.7,571.67,571.7,0.01,97.0,55956.43,1
2025-11-26,2025-11-26 11:24:00,571.7,571.73,571.7,571.73,0.01,97.0,55956.43,1
2025-11-26,2025-11-26 11:25:00,571.73,571.76,571.73,571.76,0.01,97.0,55956.43,1
2025-11-26,2025-11-26 11:26:00,571.76,571.79,571.76,571.79,0.01,97.0,55956.43,1
2025-11-26,2025-11-26 11:27:00,571.79,571.82,571.79,571.82,0.01,97.0,55956.43,1
2025-11-26,2025-11-26 11:28:00,571.82,571.85,571.82,571.85,0.01,97.0,55956.43,1
2025-11-26,2025-11-26 11:29:00,571.85,571.88,571.85,571.88,0.01,97.0,55956.43,1
2025-11-26,2025-11-26 11:30:00,571.88,571.9,571.88,571.9,0.0,97.0,55956.43,1
2025-11-26,2025-11-26 11:31:00,571.9,571.93,571.9,571.93,0.01,97.0,55956.43,1
2025-11-26,2025-11-26 11:32:00,571.93,571.96,571.93,571.96,0.01,97.0,55956.43,1
2025-11-26,2025-11-26 11:33:00,571.96,571.99,571.96,571.99,0.01,97.0,55956.43,1
2025-11-26,2025-11-26 11:34:00,571.99,572.02,571.99,572.02,0.01,97.0,55956.43,1
2025-11-26,2025-11-26 11:35:00,572.02,572.05,572.02,572.05,0.01,97.0,55956.43,1
2025-11-26,2025-11-26 11:36:00,572.05,572.08,572.05,572.08,0.01,97.0,55956.43,1
2025-11-26,2025-11-26 11:37:00,572.08,572.11,572.08,572.11,0.01,97.0,55956.43,1
2025-11-26,2025-11-26 11:38:00,572.11,572.14,572.11,572.14,0.01,97.0,55956.43,1
2025-11-26,2025-11-26 11:39:00,572.14,572.17,572.14,572.17,0.01,97.0,55956.43,1
2025-11-26,2025-11-26 11:40:00,572.17,572.2,572.17,572.2,0.01,97.0,55956.43,1
2025-11-26,2025-11-26 11:41:00,572.2,572.23,572.2,572.23,0.01,97.0,55956.43,1
2025-11-26,2025-11-26 11:42:00,572.23,572.25,572.23,572.25,0.0,97.0,55956.43,1
2025-11-26,2025-11-26 11:43:00,572.25,572.28,572.25,572.28,0.01,97.0,55956.43,1
2025-11-26,2025-11-26 11:44:00,572.28,572.31,572.28,572.31,0.01,97.0,55956.43,1
2025-11-26,2025-11-26 11:45:00,572.31,572.34,572.31,572.34,0.01,97.0,55956.43,1
2025-11-26,2025-11-26 11:46:00,572.34,572.37,572.34,572.37,0.01,97.0,55956.43,1
2025-11-26,2025-11-26 11:47:00,572.37,572.4,572.37,572.4,0.01,97.0,55956.43,1
2025-11-26,2025-11-26 11:48:00,572.4,572.43,572.4,572.43,0.01,97.0,55956.43,1
2025-11-26,2025-11-26 11:49:00,572.43,572.46,572.43,572.46,0.01,97.0,55956.43,1
2025-11-26,2025-11-26 11:50:00,572.46,572.49,572.46,572.49,0.01,97.0,55956.43,1
2025-11-26,2025-11-26 11:51:00,572.49,572.52,572.49,572.52,0.01,97.0,55956.43,1
2025-11-26,2025-11-26 11:52:00,572.52,572.55,572.52,572.55,0.01,97.0,55956.43,1
2025-11-26,2025-11-26 11:53:00,572.55,572.58,572.55,572.58,0.01,97.0,55956.43,1
2025-11-26,2025-11-26 11:54:00,572.58,572.6,572.58,572.6,0.0,97.0,55956.43,1
2025-11-26,2025-11-26 11:55:00,572.6,572.63,572.6,572.63,0.01,97.0,55956.43,1
2025-11-26,2025-11-26 11:56:00,572.63,572.66,572.63,572.66,0.01,97.0,55956.43,1
2025-11-26,2025-11-26 11:57:00,572.66,572.69,572.66,572.69,0.01,97.0,55956.43,1
2025-11-26,2025-11-26 11:58:00,572.69,572.72,572.69,572.72,0.01,97.0,55956.43,1
2025-11-26,2025-11-26 11:59:00,572.72,572.75,572.72,572.75,0.01,97.0,55956.43,1
2025-11-26,2025-11-26 12:00:00,572.75,572.78,572.75,572.78,0.01,97.0,55956.43,1
2025-11-26,2025-11-26 12:01:00,572.78,572.81,572.78,572.81,0.01,97.0,55956.43,1
2025-11-26,2025-11-26 12:02:00,572.81,572.84,572.81,572.84,0.01,97.0,55956.43,1
2025-11-26,2025-11-26 12:03:00,572.84,572.87,572.84,572.87,0.01,97.0,55956.43,1
2025-11-26,2025-11-26 12:04:00,572.87,572.9,572.87,572.9,0.01,97.0,55956.43,1
2025-11-26,2025-11-26 12:05:00,572.9,572.92,572.9,572.92,0.0,97.0,55956.43,1
2025-11-26,2025-11-26 12:06:00,572.92,572.95,572.92,572.95,0.01,97.0,55956.43,1
2025-11-26,2025-11-26 12:07:00,572.95,572.98,572.95,572.98,0.01,97.0,55956.43,1
2025-11-26,2025-11-26 12:08:00,572.98,573.01,572.98,573.01,0.01,97.0,55956.43,1
2025-11-26,2025-11-26 12:09:00,573.01,573.04,573.01,573.04,0.01,97.0,55956.43,1
2025-11-26,2025-11-26 12:10:00,573.04,573.07,573.04,573.07,0.01,97.0,55956.43,1
2025-11-26,2025-11-26 12:11:00,573.07,573.1,573.07,573.1,0.01,97.0,55956.43,1
2025-11-26,2025-11-26 12:12:00,573.1,573.13,573.1,573.13,0.01,97.0,55956.43,1
2025-11-26,2025-11-26 12:13:00,573.13,573.16,573.13,573.16,0.01,97.0,55956.43,1
2025-11-26,2025-11-26 12:14:00,573.16,573.19,573.16,573.19,0.01,97.0,55956.43,1
2025-11-26,2025-11-26 12:15:00,573.19,573.22,573.19,573.22,0.01,97.0,55956.43,1
2025-11-26,2025-11-26 12:16:00,573.22,573.25,573.22,573.25,0.01,97.0,55956.43,1
2025-11-26,2025-11-26 12:17:00,573.25,573.27,573.25,573.27,0.0,97.0,55956.43,1
2025-11-26,2025-11-26 12:18:00,573.27,573.3,573.27,573.3,0.01,97.0,55956.43,1
2025-11-26,2025-11-26 12:19:00,573.3,573.33,573.3,573.33,0.01,97.0,55956.43,1
2025-11-26,2025-11-26 12:20:00,573.33,573.36,573.33,573.36,0.01,97.0,55956.43,1
2025-11-26,2025-11-26 12:21:00,573.36,573.39,573.36,573.39,0.01,97.0,55956.43,1
2025-11-26,2025-11-26 12:22:00,573.39,573.42,573.39,573.42,0.01,97.0,55956.43,1
2025-11-26,2025-11-26 12:23:00,573.42,573.45,573.42,573.45,0.01,97.0,55956.43,1
2025-11-26,2025-11-26 12:24:00,573.45,573.48,573.45,573.48,0.01,97.0,55956.43,1
2025-11-26,2025-11-26 12:25:00,573.48,573.51,573.48,573.51,0.01,97.0,55956.43,1
2025-11-26,2025-11-26 12:26:00,573.51,573.54,573.51,573.54,0.01,97.0,55956.43,1
2025-11-26,2025-11-26 12:27:00,573.54,573.57,573.54,573.57,0.01,97.0,55956.43,1
2025-11-26,2025-11-26 12:28:00,573.57,573.6,573.57,573.6,0.01,97.0,55956.43,1
2025-11-26,2025-11-26 12:29:00,573.6,573.62,573.6,573.62,0.0,97.0,55956.43,1
2025-11-26,2025-11-26 12:30:00,573.62,573.65,573.62,573.65,0.01,97.0,55956.43,1
2025-11-26,2025-11-26 12:31:00,573.65,573.68,573.65,573.68,0.01,97.0,55956.43,1
2025-11-26,2025-11-26 12:32:00,573.68,573.71,573.68,573.71,0.01,97.0,55956.43,1
2025-11-26,2025-11-26 12:33:00,573.71,573.74,573.71,573.74,0.01,97.0,55956.43,1
2025-11-26,2025-11-26 12:34:00,573.74,573.77,573.74,573.77,0.01,97.0,55956.43,1
2025-11-26,2025-11-26 12:35:00,573.77,573.8,573.77,573.8,0.01,97.0,55956.43,1
2025-11-26,2025-11-26 12:36:00,573.8,573.83,573.8,573.83,0.01,97.0,55956.43,1
2025-11-26,2025-11-26 12:37:00,573.83,573.86,573.83,573.86,0.01,97.0,55956.43,1
2025-11-26,2025-11-26 12:38:00,573.86,573.89,573.86,573.89,0.01,97.0,55956.43,1
2025-11-26,2025-11-26 12:39:00,573.89,573.92,573.89,573.92,0.01,97.0,55956.43,1
2025-11-26,2025-11-26 12:40:00,573.92,573.95,573.92,573.95,0.01,97.0,55956.43,1
2025-11-26,2025-11-26 12:41:00,573.95,573.98,573.95,573.98,0.01,97.0,55956.43,1
2025-11-26,2025-11-26 12:42:00,573.98,574.0,573.98,574.0,0.0,97.0,55956.43,1
2025-11-26,2025-11-26 12:43:00,574.0,574.03,574.0,574.03,0.01,97.0,55956.43,1
2025-11-26,2025-11-26 12:44:00,574.03,574.06,574.03,574.06,0.01,97.0,55956.43,1
2025-11-26,2025-11-26 12:45:00,574.06,574.09,574.06,574.09,0.01,97.0,55956.43,1
2025-11-26,2025-11-26 12:46:00,574.09,574.12,574.09,574.12,0.01,97.0,55956.43,1
2025-11-26,2025-11-26 12:47:00,574.12,574.15,574.12,574.15,0.01,97.0,55956.43,1
2025-11-26,2025-11-26 12:48:00,574.15,574.18,574.15,574.18,0.01,97.0,55956.43,1
2025-11-26,2025-11-26 12:49:00,574.18,574.21,574.18,574.21,0.01,97.0,55956.43,1
2025-11-26,2025-11-26 12:50:00,574.21,574.24,574.21,574.24,0.01,97.0,55956.43,1
2025-11-26,2025-11-26 12:51:00,574.24,574.27,574.24,574.27,0.01,97.0,55956.43,1
2025-11-26,2025-11-26 12:52:00,574.27,574.3,574.27,574.3,0.01,97.0,55956.43,1
2025-11-26,2025-11-26 12:53:00,574.3,574.33,574.3,574.33,0.01,97.0,55956.43,1
2025-11-26,2025-11-26 12:54:00,574.33,574.35,574.33,574.35,0.0,97.0,55956.43,1
2025-11-26,2025-11-26 12:55:00,574.35,574.38,574.35,574.38,0.01,97.0,55956.43,1
2025-11-26,2025-11-26 12:56:00,574.38,574.41,574.38,574.41,0.01,97.0,55956.43,1
2025-11-26,2025-11-26 12:57:00,574.41,574.44,574.41,574.44,0.01,97.0,55956.43,1
2025-11-26,2025-11-26 12:58:00,574.44,574.47,574.44,574.47,0.01,97.0,55956.43,1
2025-11-26,2025-11-26 12:59:00,574.47,574.5,574.47,574.5,0.01,97.0,55956.43,1
2025-11-26,2025-11-26 13:00:00,574.5,580.0,570.0,574.53,0.01,97.0,55956.43,1
2025-11-26,2025-11-26 13:01:00,574.53,574.56,574.53,574.56,0.01,97.0,55956.43,1
2025-11-26,2025-11-26 13:02:00,574.56,574.59,574.56,574.59,0.01,97.0,55956.43,1
2025-11-26,2025-11-26 13:03:00,574.59,574.62,574.59,574.62,0.01,97.0,55956.43,1
2025-11-26,2025-11-26 13:04:00,574.62,574.65,574.62,574.65,0.01,97.0,55956.43,1
2025-11-26,2025-11-26 13:05:00,574.65,574.67,574.65,574.67,0.0,97.0,55956.43,1
2025-11-26,2025-11-26 13:06:00,574.67,574.7,574.67,574.7,0.01,97.0,55956.43,1
2025-11-26,2025-11-26 13:07:00,574.7,574.73,574.7,574.73,0.01,97.0,55956.43,1
2025-11-26,2025-11-26 13:08:00,574.73,574.76,574.73,574.76,0.01,97.0,55956.43,1
2025-11-26,2025-11-26 13:09:00,574.76,574.79,574.76,574.79,0.01,97.0,55956.43,1
2025-11-26,2025-11-26 13:10:00,574.79,574.82,574.79,574.82,0.01,97.0,55956.43,1
2025-11-26,2025-11-26 13:11:00,574.82,574.85,574.82,574.85,0.01,97.0,55956.43,1
2025-11-26,2025-11-26 13:12:00,574.85,574.88,574.85,574.88,0.01,97.0,55956.43,1
2025-11-26,2025-11-26 13:13:00,574.88,574.91,574.88,574.91,0.01,97.0,55956.43,1
2025-11-26,2025-11-26 13:14:00,574.91,574.94,574.91,574.94,0.01,97.0,55956.43,1
2025-11-26,2025-11-26 13:15:00,574.94,574.97,574.94,574.97,0.01,97.0,55956.43,1
2025-11-26,2025-11-26 13:16:00,574.97,575.0,574.97,575.0,0.01,97.0,55956.43,1
2025-11-26,2025-11-26 13:17:00,575.0,575.02,575.0,575.02,0.0,97.0,55956.43,1
2025-11-26,2025-11-26 13:18:00,575.02,575.05,575.02,575.05,0.01,97.0,55956.43,1
2025-11-26,2025-11-26 13:19:00,575.05,575.08,575.05,575.08,0.01,97.0,55956.43,1
2025-11-26,2025-11-26 13:20:00,575.08,575.11,575.08,575.11,0.01,97.0,55956.43,1
2025-11-26,2025-11-26 13:21:00,575.11,575.14,575.11,575.14,0.01,97.0,55956.43,1
2025-11-26,2025-11-26 13:22:00,575.14,575.17,575.14,575.17,0.01,97.0,55956.43,1
2025-11-26,2025-11-26 13:23:00,575.17,575.2,575.17,575.2,0.01,97.0,55956.43,1
2025-11-26,2025-11-26 13:24:00,575.2,575.23,575.2,575.23,0.01,97.0,55956.43,1
2025-11-26,2025-11-26 13:25:00,575.23,575.26,575.23,575.26,0.01,97.0,55956.43,1
2025-11-26,2025-11-26 13:26:00,575.26,575.29,575.26,575.29,0.01,97.0,55956.43,1
2025-11-26,2025-11-26 13:27:00,575.29,575.32,575.29,575.32,0.01,97.0,55956.43,1
2025-11-26,2025-11-26 13:28:00,575.32,575.35,575.32,575.35,0.01,97.0,55956.43,1
2025-11-26,2025-11-26 13:29:00,575.35,575.38,575.35,575.38,0.01,97.0,55956.43,1
2025-11-26,2025-11-26 13:30:00,575.38,575.4,575.38,575.4,0.0,97.0,55956.43,1
2025-11-26,2025-11-26 13:31:00,575.4,575.43,575.4,575.43,0.01,97.0,55956.43,1
2025-11-26,2025-11-26 13:32:00,575.43,575.46,575.43,575.46,0.01,97.0,55956.43,1
2025-11-26,2025-11-26 13:33:00,575.46,575.49,575.46,575.49,0.01,97.0,55956.43,1
2025-11-26,2025-11-26 13:34:00,575.49,575.52,575.49,575.52,0.01,97.0,55956.43,1
2025-11-26,2025-11-26 13:35:00,575.52,575.55,575.52,575.55,0.01,97.0,55956.43,1
2025-11-26,2025-11-26 13:36:00,575.55,575.58,575.55,575.58,0.01,97.0,55956.43,1
2025-11-26,2025-11-26 13:37:00,575.58,575.61,575.58,575.61,0.01,97.0,55956.43,1
2025-11-26,2025-11-26 13:38:00,575.61,575.64,575.61,575.64,0.01,97.0,55956.43,1
2025-11-26,2025-11-26 13:39:00,575.64,575.67,575.64,575.67,0.01,97.0,55956.43,1
2025-11-26,2025-11-26 13:40:00,575.67,575.7,575.67,575.7,0.01,97.0,55956.43,1
2025-11-26,2025-11-26 13:41:00,575.7,575.73,575.7,575.73,0.01,97.0,55956.43,1
2025-11-26,2025-11-26 13:42:00,575.73,575.75,575.73,575.75,0.0,97.0,55956.43,1
2025-11-26,2025-11-26 13:43:00,575.75,575.78,575.75,575.78,0.01,97.0,55956.43,1
2025-11-26,2025-11-26 13:44:00,575.78,575.81,575.78,575.81,0.01,97.0,55956.43,1
2025-11-26,2025-11-26 13:45:00,575.81,575.84,575.81,575.84,0.01,97.0,55956.43,1
2025-11-26,2025-11-26 13:46:00,575.84,575.87,575.84,575.87,0.01,97.0,55956.43,1
2025-11-26,2025-11-26 13:47:00,575.87,575.9,575.87,575.9,0.01,97.0,55956.43,1
2025-11-26,2025-11-26 13:48:00,575.9,575.93,575.9,575.93,0.01,97.0,55956.43,1
2025-11-26,2025-11-26 13:49:00,575.93,575.96,575.93,575.96,0.01,97.0,55956.43,1
2025-11-26,2025-11-26 13:50:00,575.96,575.99,575.96,575.99,0.01,97.0,55956.43,1
2025-11-26,2025-11-26 13:51:00,575.99,576.02,575.99,576.02,0.01,97.0,55956.43,1
2025-11-26,2025-11-26 13:52:00,576.02,576.05,576.02,576.05,0.01,97.0,55956.43,1
2025-11-26,2025-11-26 13:53:00,576.05,576.08,576.05,576.08,0.01,97.0,55956.43,1
2025-11-26,2025-11-26 13:54:00,576.08,576.1,576.08,576.1,0.0,97.0,55956.43,1
2025-11-26,2025-11-26 13:55:00,576.1,576.13,576.1,576.13,0.01,97.0,55956.43,1
2025-11-26,2025-11-26 13:56:00,576.13,576.16,576.13,576.16,0.01,97.0,55956.43,1
2025-11-26,2025-11-26 13:57:00,576.16,576.19,576.16,576.19,0.01,97.0,55956.43,1
2025-11-26,2025-11-26 13:58:00,576.19,576.22,576.19,576.22,0.01,97.0,55956.43,1
2025-11-26,2025-11-26 13:59:00,576.22,576.25,576.22,576.25,0.01,97.0,55956.43,1
2025-11-26,2025-11-26 14:00:00,576.25,576.28,576.25,576.28,0.01,97.0,55956.43,1
2025-11-26,2025-11-26 14:01:00,576.28,576.31,576.28,576.31,0.01,97.0,55956.43,1
2025-11-26,2025-11-26 14:02:00,576.31,576.34,576.31,576.34,0.01,97.0,55956.43,1
2025-11-26,2025-11-26 14:03:00,576.34,576.37,576.34,576.37,0.01,97.0,55956.43,1
2025-11-26,2025-11-26 14:04:00,576.37,576.4,576.37,576.4,0.01,97.0,55956.43,1
2025-11-26,2025-11-26 14:05:00,576.4,576.42,576.4,576.42,0.0,97.0,55956.43,1
2025-11-26,2025-11-26 14:06:00,576.42,576.45,576.42,576.45,0.01,97.0,55956.43,1
2025-11-26,2025-11-26 14:07:00,576.45,576.48,576.45,576.48,0.01,97.0,55956.43,1
2025-11-26,2025-11-26 14:08:00,576.48,576.51,576.48,576.51,0.01,97.0,55956.43,1
2025-11-26,2025-11-26 14:09:00,576.51,576.54,576.51,576.54,0.01,97.0,55956.43,1
2025-11-26,2025-11-26 14:10:00,576.54,576.57,576.54,576.57,0.01,97.0,55956.43,1
2025-11-26,2025-11-26 14:11:00,576.57,576.6,576.57,576.6,0.01,97.0,55956.43,1
2025-11-26,2025-11-26 14:12:00,576.6,576.63,576.6,576.63,0.01,97.0,55956.43,1
2025-11-26,2025-11-26 14:13:00,576.63,576.66,576.63,576.66,0.01,97.0,55956.43,1
2025-11-26,2025-11-26 14:14:00,576.66,576.69,576.66,576.69,0.01,97.0,55956.43,1
2025-11-26,2025-11-26 14:15:00,576.69,576.72,576.69,576.72,0.01,97.0,55956.43,1
2025-11-26,2025-11-26 14:16:00,576.72,576.75,576.72,576.75,0.01,97.0,55956.43,1
2025-11-26,2025-11-26 14:17:00,576.75,576.77,576.75,576.77,0.0,97.0,55956.43,1
2025-11-26,2025-11-26 14:18:00,576.77,576.8,576.77,576.8,0.01,97.0,55956.43,1
2025-11-26,2025-11-26 14:19:00,576.8,576.83,576.8,576.83,0.01,97.0,55956.43,1
2025-11-26,2025-11-26 14:20:00,576.83,576.86,576.83,576.86,0.01,97.0,55956.43,1
2025-11-26,2025-11-26 14:21:00,576.86,576.89,576.86,576.89,0.01,97.0,55956.43,1
2025-11-26,2025-11-26 14:22:00,576.89,576.92,576.89,576.92,0.01,97.0,55956.43,1
2025-11-26,2025-11-26 14:23:00,576.92,576.95,576.92,576.95,0.01,97.0,55956.43,1
2025-11-26,2025-11-26 14:24:00,576.95,576.98,576.95,576.98,0.01,97.0,55956.43,1
2025-11-26,2025-11-26 14:25:00,576.98,577.01,576.98,577.01,0.01,97.0,55956.43,1
2025-11-26,2025-11-26 14:26:00,577.01,577.04,577.01,577.04,0.01,97.0,55956.43,1
2025-11-26,2025-11-26 14:27:00,577.04,577.07,577.04,577.07,0.01,97.0,55956.43,1
2025-11-26,2025-11-26 14:28:00,577.07,577.1,577.07,577.1,0.01,97.0,55956.43,1
2025-11-26,2025-11-26 14:29:00,577.1,577.12,577.1,577.12,0.0,97.0,55956.43,1
2025-11-26,2025-11-26 14:30:00,577.12,577.15,577.12,577.15,0.01,97.0,55956.43,1
2025-11-26,2025-11-26 14:31:00,577.15,577.18,577.15,577.18,0.01,97.0,55956.43,1
2025-11-26,2025-11-26 14:32:00,577.18,577.21,577.18,577.21,0.01,97.0,55956.43,1
2025-11-26,2025-11-26 14:33:00,577.21,577.24,577.21,577.24,0.01,97.0,55956.43,1
2025-11-26,2025-11-26 14:34:00,577.24,577.27,577.24,577.27,0.01,97.0,55956.43,1
2025-11-26,2025-11-26 14:35:00,577.27,577.3,577.27,577.3,0.01,97.0,55956.43,1
2025-11-26,2025-11-26 14:36:00,577.3,577.33,577.3,577.33,0.01,97.0,55956.43,1
2025-11-26,2025-11-26 14:37:00,577.33,577.36,577.33,577.36,0.01,97.0,55956.43,1
2025-11-26,2025-11-26 14:38:00,577.36,577.39,577.36,577.39,0.01,97.0,55956.43,1
2025-11-26,2025-11-26 14:39:00,577.39,577.42,577.39,577.42,0.01,97.0,55956.43,1
2025-11-26,2025-11-26 14:40:00,577.42,577.45,577.42,577.45,0.01,97.0,55956.43,1
2025-11-26,2025-11-26 14:41:00,577.45,577.48,577.45,577.48,0.01,97.0,55956.43,1
2025-11-26,2025-11-26 14:42:00,577.48,577.5,577.48,577.5,0.0,97.0,55956.43,1
2025-11-26,2025-11-26 14:43:00,577.5,577.53,577.5,577.53,0.01,97.0,55956.43,1
2025-11-26,2025-11-26 14:44:00,577.53,577.56,577.53,577.56,0.01,97.0,55956.43,1
2025-11-26,2025-11-26 14:45:00,577.56,577.59,577.56,577.59,0.01,97.0,55956.43,1
2025-11-26,2025-11-26 14:46:00,577.59,577.62,577.59,577.62,0.01,97.0,55956.43,1
2025-11-26,2025-11-26 14:47:00,577.62,577.65,577.62,577.65,0.01,97.0,55956.43,1
2025-11-26,2025-11-26 14:48:00,577.65,577.68,577.65,577.68,0.01,97.0,55956.43,1
2025-11-26,2025-11-26 14:49:00,577.68,577.71,577.68,577.71,0.01,97.0,55956.43,1
2025-11-26,2025-11-26 14:50:00,577.71,577.74,577.71,577.74,0.01,97.0,55956.43,1
2025-11-26,2025-11-26 14:51:00,577.74,577.77,577.74,577.77,0.01,97.0,55956.43,1
2025-11-26,2025-11-26 14:52:00,577.77,577.8,577.77,577.8,0.01,97.0,55956.43,1
2025-11-26,2025-11-26 14:53:00,577.8,577.83,577.8,577.83,0.01,97.0,55956.43,1
2025-11-26,2025-11-26 14:54:00,577.83,577.85,577.83,577.85,0.0,97.0,55956.43,1
2025-11-26,2025-11-26 14:55:00,577.85,577.88,577.85,577.88,0.01,97.0,55956.43,1
2025-11-26,2025-11-26 14:56:00,577.88,577.91,577.88,577.91,0.01,97.0,55956.43,1
2025-11-26,2025-11-26 14:57:00,577.91,577.94,577.91,577.94,0.01,97.0,55956.43,1
2025-11-26,2025-11-26 14:58:00,577.94,577.97,577.94,577.97,0.01,97.0,55956.43,1
2025-11-26,2025-11-26 14:59:00,577.97,578.0,577.97,578.0,0.01,97.0,55956.43,1
2025-11-26,2025-11-26 15:00:00,578.0,580.0,570.0,578.0,0.0,97.0,55956.43,0
2025-11-27,2025-11-27 11:00:00,573.0,575.1,572.4,573.01,0.0,56.72,32591.07,1
2025-11-27,2025-11-27 11:01:00,573.01,573.02,573.01,573.02,0.0,56.72,32591.07,1
2025-11-27,2025-11-27 11:02:00,573.02,573.02,573.02,573.02,0.0,56.72,32591.07,0
2025-11-27,2025-11-27 11:03:00,573.02,573.03,573.02,573.03,0.0,56.72,32591.07,1
2025-11-27,2025-11-27 11:04:00,573.03,573.04,573.03,573.04,0.0,56.72,32591.07,1
2025-11-27,2025-11-27 11:05:00,573.04,573.05,573.04,573.05,0.0,56.72,32591.07,1
2025-11-27,2025-11-27 11:06:00,573.05,573.06,573.05,573.06,0.0,56.72,32591.07,1
2025-11-27,2025-11-27 11:07:00,573.06,573.07,573.06,573.07,0.0,56.72,32591.07,1
2025-11-27,2025-11-27 11:08:00,573.07,573.08,573.07,573.08,0.0,56.72,32591.07,1
2025-11-27,2025-11-27 11:09:00,573.08,573.08,573.08,573.08,0.0,56.72,32591.07,0
2025-11-27,2025-11-27 11:10:00,573.08,573.09,573.08,573.09,0.0,56.72,32591.07,1
2025-11-27,2025-11-27 11:11:00,573.09,573.1,573.09,573.1,0.0,56.72,32591.07,1
2025-11-27,2025-11-27 11:12:00,573.1,573.11,573.1,573.11,0.0,56.72,32591.07,1
2025-11-27,2025-11-27 11:13:00,573.11,573.12,573.11,573.12,0.0,56.72,32591.07,1
2025-11-27,2025-11-27 11:14:00,573.12,573.12,573.12,573.12,0.0,56.72,32591.07,0
2025-11-27,2025-11-27 11:15:00,573.12,573.13,573.12,573.13,0.0,56.72,32591.07,1
2025-11-27,2025-11-27 11:16:00,573.13,573.14,573.13,573.14,0.0,56.72,32591.07,1
2025-11-27,2025-11-27 11:17:00,573.14,573.15,573.14,573.15,0.0,56.72,32591.07,1
2025-11-27,2025-11-27 11:18:00,573.15,573.16,573.15,573.16,0.0,56.72,32591.07,1
2025-11-27,2025-11-27 11:19:00,573.16,573.17,573.16,573.17,0.0,56.72,32591.07,1
2025-11-27,2025-11-27 11:20:00,573.17,573.17,573.17,573.17,0.0,56.72,32591.07,0
2025-11-27,2025-11-27 11:21:00,573.17,573.18,573.17,573.18,0.0,56.72,32591.07,1
2025-11-27,2025-11-27 11:22:00,573.18,573.19,573.18,573.19,0.0,56.72,32591.07,1
2025-11-27,2025-11-27 11:23:00,573.19,573.2,573.19,573.2,0.0,56.72,32591.07,1
2025-11-27,2025-11-27 11:24:00,573.2,573.21,573.2,573.21,0.0,56.72,32591.07,1
2025-11-27,2025-11-27 11:25:00,573.21,573.22,573.21,573.22,0.0,56.72,32591.07,1
2025-11-27,2025-11-27 11:26:00,573.22,573.23,573.22,573.23,0.0,56.72,32591.07,1
2025-11-27,2025-11-27 11:27:00,573.23,573.23,573.23,573.23,0.0,56.72,32591.07,0
2025-11-27,2025-11-27 11:28:00,573.23,573.24,573.23,573.24,0.0,56.72,32591.07,1
2025-11-27,2025-11-27 11:29:00,573.24,573.25,573.24,573.25,0.0,56.72,32591.07,1
2025-11-27,2025-11-27 11:30:00,573.25,573.26,573.25,573.26,0.0,56.72,32591.07,1
2025-11-27,2025-11-27 11:31:00,573.26,573.27,573.26,573.27,0.0,56.72,32591.07,1
2025-11-27,2025-11-27 11:32:00,573.27,573.27,573.27,573.27,0.0,56.72,32591.07,0
2025-11-27,2025-11-27 11:33:00,573.27,573.28,573.27,573.28,0.0,56.72,32591.07,1
2025-11-27,2025-11-27 11:34:00,573.28,573.29,573.28,573.29,0.0,56.72,32591.07,1
2025-11-27,2025-11-27 11:35:00,573.29,573.3,573.29,573.3,0.0,56.72,32591.07,1
2025-11-27,2025-11-27 11:36:00,573.3,573.31,573.3,573.31,0.0,56.72,32591.07,1
2025-11-27,2025-11-27 11:37:00,573.31,573.32,573.31,573.32,0.0,56.72,32591.07,1
2025-11-27,2025-11-27 11:38:00,573.32,573.33,573.32,573.33,0.0,56.72,32591.07,1
2025-11-27,2025-11-27 11:39:00,573.33,573.33,573.33,573.33,0.0,56.72,32591.07,0
2025-11-27,2025-11-27 11:40:00,573.33,573.34,573.33,573.34,0.0,56.72,32591.07,1
2025-11-27,2025-11-27 11:41:00,573.34,573.35,573.34,573.35,0.0,56.72,32591.07,1
2025-11-27,2025-11-27 11:42:00,573.35,573.36,573.35,573.36,0.0,56.72,32591.07,1
2025-11-27,2025-11-27 11:43:00,573.36,573.37,573.36,573.37,0.0,56.72,32591.07,1
2025-11-27,2025-11-27 11:44:00,573.37,573.38,573.37,573.38,0.0,56.72,32591.07,1
2025-11-27,2025-11-27 11:45:00,573.38,573.38,573.38,573.38,0.0,56.72,32591.07,0
2025-11-27,2025-11-27 11:46:00,573.38,573.39,573.38,573.39,0.0,56.72,32591.07,1
2025-11-27,2025-11-27 11:47:00,573.39,573.4,573.39,573.4,0.0,56.72,32591.07,1
2025-11-27,2025-11-27 11:48:00,573.4,573.41,573.4,573.41,0.0,56.72,32591.07,1
2025-11-27,2025-11-27 11:49:00,573.41,573.42,573.41,573.42,0.0,56.72,32591.07,1
2025-11-27,2025-11-27 11:50:00,573.42,573.42,573.42,573.42,0.0,56.72,32591.07,0
2025-11-27,2025-11-27 11:51:00,573.42,573.43,573.42,573.43,0.0,56.72,32591.07,1
2025-11-27,2025-11-27 11:52:00,573.43,573.44,573.43,573.44,0.0,56.72,32591.07,1
2025-11-27,2025-11-27 11:53:00,573.44,573.45,573.44,573.45,0.0,56.72,32591.07,1
2025-11-27,2025-11-27 11:54:00,573.45,573.46,573.45,573.46,0.0,56.72,32591.07,1
2025-11-27,2025-11-27 11:55:00,573.46,573.47,573.46,573.47,0.0,56.72,32591.07,1
2025-11-27,2025-11-27 11:56:00,573.47,573.48,573.47,573.48,0.0,56.72,32591.07,1
2025-11-27,2025-11-27 11:57:00,573.48,573.48,573.48,573.48,0.0,56.72,32591.07,0
2025-11-27,2025-11-27 11:58:00,573.48,573.49,573.48,573.49,0.0,56.72,32591.07,1
2025-11-27,2025-11-27 11:59:00,573.49,573.5,573.49,573.5,0.0,56.72,32591.07,1
2025-11-27,2025-11-27 12:00:00,573.5,573.51,573.5,573.51,0.0,56.72,32591.07,1
2025-11-27,2025-11-27 12:01:00,573.51,573.52,573.51,573.52,0.0,56.72,32591.07,1
2025-11-27,2025-11-27 12:02:00,573.52,573.52,573.52,573.52,0.0,56.72,32591.07,0
2025-11-27,2025-11-27 12:03:00,573.52,573.53,573.52,573.53,0.0,56.72,32591.07,1
2025-11-27,2025-11-27 12:04:00,573.53,573.54,573.53,573.54,0.0,56.72,32591.07,1
2025-11-27,2025-11-27 12:05:00,573.54,573.55,573.54,573.55,0.0,56.72,32591.07,1
2025-11-27,2025-11-27 12:06:00,573.55,573.56,573.55,573.56,0.0,56.72,32591.07,1
2025-11-27,2025-11-27 12:07:00,573.56,573.57,573.56,573.57,0.0,56.72,32591.07,1
2025-11-27,2025-11-27 12:08:00,573.57,573.58,573.57,573.58,0.0,56.72,32591.07,1
2025-11-27,2025-11-27 12:09:00,573.58,573.58,573.58,573.58,0.0,56.72,32591.07,0
2025-11-27,2025-11-27 12:10:00,573.58,573.59,573.58,573.59,0.0,56.72,32591.07,1
2025-11-27,2025-11-27 12:11:00,573.59,573.6,573.59,573.6,0.0,56.72,32591.07,1
2025-11-27,2025-11-27 12:12:00,573.6,573.61,573.6,573.61,0.0,56.72,32591.07,1
2025-11-27,2025-11-27 12:13:00,573.61,573.62,573.61,573.62,0.0,56.72,32591.07,1
2025-11-27,2025-11-27 12:14:00,573.62,573.62,573.62,573.62,0.0,56.72,32591.07,0
2025-11-27,2025-11-27 12:15:00,573.62,573.63,573.62,573.63,0.0,56.72,32591.07,1
2025-11-27,2025-11-27 12:16:00,573.63,573.64,573.63,573.64,0.0,56.72,32591.07,1
2025-11-27,2025-11-27 12:17:00,573.64,573.65,573.64,573.65,0.0,56.72,32591.07,1
2025-11-27,2025-11-27 12:18:00,573.65,573.66,573.65,573.66,0.0,56.72,32591.07,1
2025-11-27,2025-11-27 12:19:00,573.66,573.67,573.66,573.67,0.0,56.72,32591.07,1
2025-11-27,2025-11-27 12:20:00,573.67,573.67,573.67,573.67,0.0,56.72,32591.07,0
2025-11-27,2025-11-27 12:21:00,573.67,573.68,573.67,573.68,0.0,56.72,32591.07,1
2025-11-27,2025-11-27 12:22:00,573.68,573.69,573.68,573.69,0.0,56.72,32591.07,1
2025-11-27,2025-11-27 12:23:00,573.69,573.7,573.69,573.7,0.0,56.72,32591.07,1
2025-11-27,2025-11-27 12:24:00,573.7,573.71,573.7,573.71,0.0,56.72,32591.07,1
2025-11-27,2025-11-27 12:25:00,573.71,573.72,573.71,573.72,0.0,56.72,32591.07,1
2025-11-27,2025-11-27 12:26:00,573.72,573.73,573.72,573.73,0.0,56.72,32591.07,1
2025-11-27,2025-11-27 12:27:00,573.73,573.73,573.73,573.73,0.0,56.72,32591.07,0
2025-11-27,2025-11-27 12:28:00,573.73,573.74,573.73,573.74,0.0,56.72,32591.07,1
2025-11-27,2025-11-27 12:29:00,573.74,573.75,573.74,573.75,0.0,56.72,32591.07,1
2025-11-27,2025-11-27 12:30:00,573.75,573.76,573.75,573.76,0.0,56.72,32591.07,1
2025-11-27,2025-11-27 12:31:00,573.76,573.77,573.76,573.77,0.0,56.72,32591.07,1
2025-11-27,2025-11-27 12:32:00,573.77,573.77,573.77,573.77,0.0,56.72,32591.07,0
2025-11-27,2025-11-27 12:33:00,573.77,573.78,573.77,573.78,0.0,56.72,32591.07,1
2025-11-27,2025-11-27 12:34:00,573.78,573.79,573.78,573.79,0.0,56.72,32591.07,1
2025-11-27,2025-11-27 12:35:00,573.79,573.8,573.79,573.8,0.0,56.72,32591.07,1
2025-11-27,2025-11-27 12:36:00,573.8,573.81,573.8,573.81,0.0,56.72,32591.07,1
2025-11-27,2025-11-27 12:37:00,573.81,573.82,573.81,573.82,0.0,56.72,32591.07,1
2025-11-27,2025-11-27 12:38:00,573.82,573.83,573.82,573.83,0.0,56.72,32591.07,1
2025-11-27,2025-11-27 12:39:00,573.83,573.83,573.83,573.83,0.0,56.72,32591.07,0
2025-11-27,2025-11-27 12:40:00,573.83,573.84,573.83,573.84,0.0,56.72,32591.07,1
2025-11-27,2025-11-27 12:41:00,573.84,573.85,573.84,573.85,0.0,56.72,32591.07,1
2025-11-27,2025-11-27 12:42:00,573.85,573.86,573.85,573.86,0.0,56.72,32591.07,1
2025-11-27,2025-11-27 12:43:00,573.86,573.87,573.86,573.87,0.0,56.72,32591.07,1
2025-11-27,2025-11-27 12:44:00,573.87,573.88,573.87,573.88,0.0,56.72,32591.07,1
2025-11-27,2025-11-27 12:45:00,573.88,573.88,573.88,573.88,0.0,56.72,32591.07,0
2025-11-27,2025-11-27 12:46:00,573.88,573.89,573.88,573.89,0.0,56.72,32591.07,1
2025-11-27,2025-11-27 12:47:00,573.89,573.9,573.89,573.9,0.0,56.72,32591.07,1
2025-11-27,2025-11-27 12:48:00,573.9,573.91,573.9,573.91,0.0,56.72,32591.07,1
2025-11-27,2025-11-27 12:49:00,573.91,573.92,573.91,573.92,0.0,56.72,32591.07,1
2025-11-27,2025-11-27 12:50:00,573.92,573.92,573.92,573.92,0.0,56.72,32591.07,0
2025-11-27,2025-11-27 12:51:00,573.92,573.93,573.92,573.93,0.0,56.72,32591.07,1
2025-11-27,2025-11-27 12:52:00,573.93,573.94,573.93,573.94,0.0,56.72,32591.07,1
2025-11-27,2025-11-27 12:53:00,573.94,573.95,573.94,573.95,0.0,56.72,32591.07,1
2025-11-27,2025-11-27 12:54:00,573.95,573.96,573.95,573.96,0.0,56.72,32591.07,1
2025-11-27,2025-11-27 12:55:00,573.96,573.97,573.96,573.97,0.0,56.72,32591.07,1
2025-11-27,2025-11-27 12:56:00,573.97,573.98,573.97,573.98,0.0,56.72,32591.07,1
2025-11-27,2025-11-27 12:57:00,573.98,573.98,573.98,573.98,0.0,56.72,32591.07,0
2025-11-27,2025-11-27 12:58:00,573.98,573.99,573.98,573.99,0.0,56.72,32591.07,1
2025-11-27,2025-11-27 12:59:00,573.99,574.0,573.99,574.0,0.0,56.72,32591.07,1
2025-11-27,2025-11-27 13:00:00,574.0,580.0,571.0,574.01,0.0,56.72,32591.07,1
2025-11-27,2025-11-27 13:01:00,574.01,574.02,574.01,574.02,0.0,56.72,32591.07,1
2025-11-27,2025-11-27 13:02:00,574.02,574.02,574.02,574.02,0.0,56.72,32591.07,0
2025-11-27,2025-11-27 13:03:00,574.02,574.03,574.02,574.03,0.0,56.72,32591.07,1
2025-11-27,2025-11-27 13:04:00,574.03,574.04,574.03,574.04,0.0,56.72,32591.07,1
2025-11-27,2025-11-27 13:05:00,574.04,574.05,574.04,574.05,0.0,56.72,32591.07,1
2025-11-27,2025-11-27 13:06:00,574.05,574.06,574.05,574.06,0.0,56.72,32591.07,1
2025-11-27,2025-11-27 13:07:00,574.06,574.07,574.06,574.07,0.0,56.72,32591.07,1
2025-11-27,2025-11-27 13:08:00,574.07,574.08,574.07,574.08,0.0,56.72,32591.07,1
2025-11-27,2025-11-27 13:09:00,574.08,574.08,574.08,574.08,0.0,56.72,32591.07,0
2025-11-27,2025-11-27 13:10:00,574.08,574.09,574.08,574.09,0.0,56.72,32591.07,1
2025-11-27,2025-11-27 13:11:00,574.09,574.1,574.09,574.1,0.0,56.72,32591.07,1
2025-11-27,2025-11-27 13:12:00,574.1,574.11,574.1,574.11,0.0,56.72,32591.07,1
2025-11-27,2025-11-27 13:13:00,574.11,574.12,574.11,574.12,0.0,56.72,32591.07,1
2025-11-27,2025-11-27 13:14:00,574.12,574.12,574.12,574.12,0.0,56.72,32591.07,0
2025-11-27,2025-11-27 13:15:00,574.12,574.13,574.12,574.13,0.0,56.72,32591.07,1
2025-11-27,2025-11-27 13:16:00,574.13,574.14,574.13,574.14,0.0,56.72,32591.07,1
2025-11-27,2025-11-27 13:17:00,574.14,574.15,574.14,574.15,0.0,56.72,32591.07,1
2025-11-27,2025-11-27 13:18:00,574.15,574.16,574.15,574.16,0.0,56.72,32591.07,1
2025-11-27,2025-11-27 13:19:00,574.16,574.17,574.16,574.17,0.0,56.72,32591.07,1
2025-11-27,2025-11-27 13:20:00,574.17,574.17,574.17,574.17,0.0,56.72,32591.07,0
2025-11-27,2025-11-27 13:21:00,574.17,574.18,574.17,574.18,0.0,56.72,32591.07,1
2025-11-27,2025-11-27 13:22:00,574.18,574.19,574.18,574.19,0.0,56.72,32591.07,1
2025-11-27,2025-11-27 13:23:00,574.19,574.2,574.19,574.2,0.0,56.72,32591.07,1
2025-11-27,2025-11-27 13:24:00,574.2,574.21,574.2,574.21,0.0,56.72,32591.07,1
2025-11-27,2025-11-27 13:25:00,574.21,574.22,574.21,574.22,0.0,56.72,32591.07,1
2025-11-27,2025-11-27 13:26:00,574.22,574.23,574.22,574.23,0.0,56.72,32591.07,1
2025-11-27,2025-11-27 13:27:00,574.23,574.23,574.23,574.23,0.0,56.72,32591.07,0
2025-11-27,2025-11-27 13:28:00,574.23,574.24,574.23,574.24,0.0,56.72,32591.07,1
2025-11-27,2025-11-27 13:29:00,574.24,574.25,574.24,574.25,0.0,56.72,32591.07,1
2025-11-27,2025-11-27 13:30:00,574.25,574.26,574.25,574.26,0.0,56.72,32591.07,1
2025-11-27,2025-11-27 13:31:00,574.26,574.27,574.26,574.27,0.0,56.72,32591.07,1
2025-11-27,2025-11-27 13:32:00,574.27,574.27,574.27,574.27,0.0,56.72,32591.07,0
2025-11-27,2025-11-27 13:33:00,574.27,574.28,574.27,574.28,0.0,56.72,32591.07,1
2025-11-27,2025-11-27 13:34:00,574.28,574.29,574.28,574.29,0.0,56.72,32591.07,1
2025-11-27,2025-11-27 13:35:00,574.29,574.3,574.29,574.3,0.0,56.72,32591.07,1
2025-11-27,2025-11-27 13:36:00,574.3,574.31,574.3,574.31,0.0,56.72,32591.07,1
2025-11-27,2025-11-27 13:37:00,574.31,574.32,574.31,574.32,0.0,56.72,32591.07,1
2025-11-27,2025-11-27 13:38:00,574.32,574.33,574.32,574.33,0.0,56.72,32591.07,1
2025-11-27,2025-11-27 13:39:00,574.33,574.33,574.33,574.33,0.0,56.72,32591.07,0
2025-11-27,2025-11-27 13:40:00,574.33,574.34,574.33,574.34,0.0,56.72,32591.07,1
2025-11-27,2025-11-27 13:41:00,574.34,574.35,574.34,574.35,0.0,56.72,32591.07,1
2025-11-27,2025-11-27 13:42:00,574.35,574.36,574.35,574.36,0.0,56.72,32591.07,1
2025-11-27,2025-11-27 13:43:00,574.36,574.37,574.36,574.37,0.0,56.72,32591.07,1
2025-11-27,2025-11-27 13:44:00,574.37,574.38,574.37,574.38,0.0,56.72,32591.07,1
2025-11-27,2025-11-27 13:45:00,574.38,574.38,574.38,574.38,0.0,56.72,32591.07,0
2025-11-27,2025-11-27 13:46:00,574.38,574.39,574.38,574.39,0.0,56.72,32591.07,1
2025-11-27,2025-11-27 13:47:00,574.39,574.4,574.39,574.4,0.0,56.72,32591.07,1
2025-11-27,2025-11-27 13:48:00,574.4,574.41,574.4,574.41,0.0,56.72,32591.07,1
2025-11-27,2025-11-27 13:49:00,574.41,574.42,574.41,574.42,0.0,56.72,32591.07,1
2025-11-27,2025-11-27 13:50:00,574.42,574.42,574.42,574.42,0.0,56.72,32591.07,0
2025-11-27,2025-11-27 13:51:00,574.42,574.43,574.42,574.43,0.0,56.72,32591.07,1
2025-11-27,2025-11-27 13:52:00,574.43,574.44,574.43,574.44,0.0,56.72,32591.07,1
2025-11-27,2025-11-27 13:53:00,574.44,574.45,574.44,574.45,0.0,56.72,32591.07,1
2025-11-27,2025-11-27 13:54:00,574.45,574.46,574.45,574.46,0.0,56.72,32591.07,1
2025-11-27,2025-11-27 13:55:00,574.46,574.47,574.46,574.47,0.0,56.72,32591.07,1
2025-11-27,2025-11-27 13:56:00,574.47,574.48,574.47,574.48,0.0,56.72,32591.07,1
2025-11-27,2025-11-27 13:57:00,574.48,574.48,574.48,574.48,0.0,56.72,32591.07,0
2025-11-27,2025-11-27 13:58:00,574.48,574.49,574.48,574.49,0.0,56.72,32591.07,1
2025-11-27,2025-11-27 13:59:00,574.49,574.5,574.49,574.5,0.0,56.72,32591.07,1
2025-11-27,2025-11-27 14:00:00,574.5,574.51,574.5,574.51,0.0,56.72,32591.07,1
2025-11-27,2025-11-27 14:01:00,574.51,574.52,574.51,574.52,0.0,56.72,32591.07,1
2025-11-27,2025-11-27 14:02:00,574.52,574.52,574.52,574.52,0.0,56.72,32591.07,0
2025-11-27,2025-11-27 14:03:00,574.52,574.53,574.52,574.53,0.0,56.72,32591.07,1
2025-11-27,2025-11-27 14:04:00,574.53,574.54,574.53,574.54,0.0,56.72,32591.07,1
2025-11-27,2025-11-27 14:05:00,574.54,574.55,574.54,574.55,0.0,56.72,32591.07,1
2025-11-27,2025-11-27 14:06:00,574.55,574.56,574.55,574.56,0.0,56.72,32591.07,1
2025-11-27,2025-11-27 14:07:00,574.56,574.57,574.56,574.57,0.0,56.72,32591.07,1
2025-11-27,2025-11-27 14:08:00,574.57,574.58,574.57,574.58,0.0,56.72,32591.07,1
2025-11-27,2025-11-27 14:09:00,574.58,574.58,574.58,574.58,0.0,56.72,32591.07,0
2025-11-27,2025-11-27 14:10:00,574.58,574.59,574.58,574.59,0.0,56.72,32591.07,1
2025-11-27,2025-11-27 14:11:00,574.59,574.6,574.59,574.6,0.0,56.72,32591.07,1
2025-11-27,2025-11-27 14:12:00,574.6,574.61,574.6,574.61,0.0,56.72,32591.07,1
2025-11-27,2025-11-27 14:13:00,574.61,574.62,574.61,574.62,0.0,56.72,32591.07,1
2025-11-27,2025-11-27 14:14:00,574.62,574.62,574.62,574.62,0.0,56.72,32591.07,0
2025-11-27,2025-11-27 14:15:00,574.62,574.63,574.62,574.63,0.0,56.72,32591.07,1
2025-11-27,2025-11-27 14:16:00,574.63,574.64,574.63,574.64,0.0,56.72,32591.07,1
2025-11-27,2025-11-27 14:17:00,574.64,574.65,574.64,574.65,0.0,56.72,32591.07,1
2025-11-27,2025-11-27 14:18:00,574.65,574.66,574.65,574.66,0.0,56.72,32591.07,1
2025-11-27,2025-11-27 14:19:00,574.66,574.67,574.66,574.67,0.0,56.72,32591.07,1
2025-11-27,2025-11-27 14:20:00,574.67,574.67,574.67,574.67,0.0,56.72,32591.07,0
2025-11-27,2025-11-27 14:21:00,574.67,574.68,574.67,574.68,0.0,56.72,32591.07,1
2025-11-27,2025-11-27 14:22:00,574.68,574.69,574.68,574.69,0.0,56.72,32591.07,1
2025-11-27,2025-11-27 14:23:00,574.69,574.7,574.69,574.7,0.0,56.72,32591.07,1
2025-11-27,2025-11-27 14:24:00,574.7,574.71,574.7,574.71,0.0,56.72,32591.07,1
2025-11-27,2025-11-27 14:25:00,574.71,574.72,574.71,574.72,0.0,56.72,32591.07,1
2025-11-27,2025-11-27 14:26:00,574.72,574.73,574.72,574.73,0.0,56.72,32591.07,1
2025-11-27,2025-11-27 14:27:00,574.73,574.73,574.73,574.73,0.0,56.72,32591.07,0
2025-11-27,2025-11-27 14:28:00,574.73,574.74,574.73,574.74,0.0,56.72,32591.07,1
2025-11-27,2025-11-27 14:29:00,574.74,574.75,574.74,574.75,0.0,56.72,32591.07,1
2025-11-27,2025-11-27 14:30:00,574.75,574.76,574.75,574.76,0.0,56.72,32591.07,1
2025-11-27,2025-11-27 14:31:00,574.76,574.77,574.76,574.77,0.0,56.72,32591.07,1
2025-11-27,2025-11-27 14:32:00,574.77,574.77,574.77,574.77,0.0,56.72,32591.07,0
2025-11-27,2025-11-27 14:33:00,574.77,574.78,574.77,574.78,0.0,56.72,32591.07,1
2025-11-27,2025-11-27 14:34:00,574.78,574.79,574.78,574.79,0.0,56.72,32591.07,1
2025-11-27,2025-11-27 14:35:00,574.79,574.8,574.79,574.8,0.0,56.72,32591.07,1
2025-11-27,2025-11-27 14:36:00,574.8,574.81,574.8,574.81,0.0,56.72,32591.07,1
2025-11-27,2025-11-27 14:37:00,574.81,574.82,574.81,574.82,0.0,56.72,32591.07,1
2025-11-27,2025-11-27 14:38:00,574.82,574.83,574.82,574.83,0.0,56.72,32591.07,1
2025-11-27,2025-11-27 14:39:00,574.83,574.83,574.83,574.83,0.0,56.72,32591.07,0
2025-11-27,2025-11-27 14:40:00,574.83,574.84,574.83,574.84,0.0,56.72,32591.07,1
2025-11-27,2025-11-27 14:41:00,574.84,574.85,574.84,574.85,0.0,56.72,32591.07,1
2025-11-27,2025-11-27 14:42:00,574.85,574.86,574.85,574.86,0.0,56.72,32591.07,1
2025-11-27,2025-11-27 14:43:00,574.86,574.87,574.86,574.87,0.0,56.72,32591.07,1
2025-11-27,2025-11-27 14:44:00,574.87,574.88,574.87,574.88,0.0,56.72,32591.07,1
2025-11-27,2025-11-27 14:45:00,574.88,574.88,574.88,574.88,0.0,56.72,32591.07,0
2025-11-27,2025-11-27 14:46:00,574.88,574.89,574.88,574.89,0.0,56.72,32591.07,1
2025-11-27,2025-11-27 14:47:00,574.89,574.9,574.89,574.9,0.0,56.72,32591.07,1
2025-11-27,2025-11-27 14:48:00,574.9,574.91,574.9,574.91,0.0,56.72,32591.07,1
2025-11-27,2025-11-27 14:49:00,574.91,574.92,574.91,574.92,0.0,56.72,32591.07,1
2025-11-27,2025-11-27 14:50:00,574.92,574.92,574.92,574.92,0.0,56.72,32591.07,0
2025-11-27,2025-11-27 14:51:00,574.92,574.93,574.92,574.93,0.0,56.72,32591.07,1
2025-11-27,2025-11-27 14:52:00,574.93,574.94,574.93,574.94,0.0,56.72,32591.07,1
2025-11-27,2025-11-27 14:53:00,574.94,574.95,574.94,574.95,0.0,56.72,32591.07,1
2025-11-27,2025-11-27 14:54:00,574.95,574.96,574.95,574.96,0.0,56.72,32591.07,1
2025-11-27,2025-11-27 14:55:00,574.96,574.97,574.96,574.97,0.0,56.72,32591.07,1
2025-11-27,2025-11-27 14:56:00,574.97,574.98,574.97,574.98,0.0,56.72,32591.07,1
2025-11-27,2025-11-27 14:57:00,574.98,574.98,574.98,574.98,0.0,56.72,32591.07,0
2025-11-27,2025-11-27 14:58:00,574.98,574.99,574.98,574.99,0.0,56.72,32591.07,1
2025-11-27,2025-11-27 14:59:00,574.99,575.0,574.99,575.0,0.0,56.72,32591.07,1
2025-11-27,2025-11-27 15:00:00,575.0,580.0,571.0,575.0,0.0,56.72,32591.07,0
2025-11-30,2025-11-30 11:00:00,572.0,572.6,569.9,571.98,-0.0,33.04,18808.0,-1
2025-11-30,2025-11-30 11:01:00,571.98,571.98,571.95,571.95,-0.01,33.04,18808.0,-1
2025-11-30,2025-11-30 11:02:00,571.95,571.95,571.92,571.92,-0.01,33.04,18808.0,-1
2025-11-30,2025-11-30 11:03:00,571.92,571.92,571.9,571.9,-0.0,33.04,18808.0,-1
2025-11-30,2025-11-30 11:04:00,571.9,571.9,571.88,571.88,-0.0,33.04,18808.0,-1
2025-11-30,2025-11-30 11:05:00,571.88,571.88,571.85,571.85,-0.01,33.04,18808.0,-1
2025-11-30,2025-11-30 11:06:00,571.85,571.85,571.83,571.83,-0.0,33.04,18808.0,-1
2025-11-30,2025-11-30 11:07:00,571.83,571.83,571.8,571.8,-0.01,33.04,18808.0,-1
2025-11-30,2025-11-30 11:08:00,571.8,571.8,571.77,571.77,-0.01,33.04,18808.0,-1
2025-11-30,2025-11-30 11:09:00,571.77,571.77,571.75,571.75,-0.0,33.04,18808.0,-1
2025-11-30,2025-11-30 11:10:00,571.75,571.75,571.73,571.73,-0.0,33.04,18808.0,-1
2025-11-30,2025-11-30 11:11:00,571.73,571.73,571.7,571.7,-0.01,33.04,18808.0,-1
2025-11-30,2025-11-30 11:12:00,571.7,571.7,571.67,571.67,-0.01,33.04,18808.0,-1
2025-11-30,2025-11-30 11:13:00,571.67,571.67,571.65,571.65,-0.0,33.04,18808.0,-1
2025-11-30,2025-11-30 11:14:00,571.65,571.65,571.62,571.62,-0.01,33.04,18808.0,-1
2025-11-30,2025-11-30 11:15:00,571.62,571.62,571.6,571.6,-0.0,33.04,18808.0,-1
2025-11-30,2025-11-30 11:16:00,571.6,571.6,571.58,571.58,-0.0,33.04,18808.0,-1
2025-11-30,2025-11-30 11:17:00,571.58,571.58,571.55,571.55,-0.01,33.04,18808.0,-1
2025-11-30,2025-11-30 11:18:00,571.55,571.55,571.52,571.52,-0.01,33.04,18808.0,-1
2025-11-30,2025-11-30 11:19:00,571.52,571.52,571.5,571.5,-0.0,33.04,18808.0,-1
2025-11-30,2025-11-30 11:20:00,571.5,571.5,571.48,571.48,-0.0,33.04,18808.0,-1
2025-11-30,2025-11-30 11:21:00,571.48,571.48,571.45,571.45,-0.01,33.04,18808.0,-1
2025-11-30,2025-11-30 11:22:00,571.45,571.45,571.42,571.42,-0.01,33.04,18808.0,-1
2025-11-30,2025-11-30 11:23:00,571.42,571.42,571.4,571.4,-0.0,33.04,18808.0,-1
2025-11-30,2025-11-30 11:24:00,571.4,571.4,571.38,571.38,-0.0,33.04,18808.0,-1
2025-11-30,2025-11-30 11:25:00,571.38,571.38,571.35,571.35,-0.01,33.04,18808.0,-1
2025-11-30,2025-11-30 11:26:00,571.35,571.35,571.33,571.33,-0.0,33.04,18808.0,-1
2025-11-30,2025-11-30 11:27:00,571.33,571.33,571.3,571.3,-0.01,33.04,18808.0,-1
2025-11-30,2025-11-30 11:28:00,571.3,571.3,571.27,571.27,-0.01,33.04,18808.0,-1
2025-11-30,2025-11-30 11:29:00,571.27,571.27,571.25,571.25,-0.0,33.04,18808.0,-1
2025-11-30,2025-11-30 11:30:00,571.25,571.25,571.23,571.23,-0.0,33.04,18808.0,-1
2025-11-30,2025-11-30 11:31:00,571.23,571.23,571.2,571.2,-0.01,33.04,18808.0,-1
2025-11-30,2025-11-30 11:32:00,571.2,571.2,571.17,571.17,-0.01,33.04,18808.0,-1
2025-11-30,2025-11-30 11:33:00,571.17,571.17,571.15,571.15,-0.0,33.04,18808.0,-1
2025-11-30,2025-11-30 11:34:00,571.15,571.15,571.12,571.12,-0.01,33.04,18808.0,-1
2025-11-30,2025-11-30 11:35:00,571.12,571.12,571.1,571.1,-0.0,33.04,18808.0,-1
2025-11-30,2025-11-30 11:36:00,571.1,571.1,571.08,571.08,-0.0,33.04,18808.0,-1
2025-11-30,2025-11-30 11:37:00,571.08,571.08,571.05,571.05,-0.01,33.04,18808.0,-1
2025-11-30,2025-11-30 11:38:00,571.05,571.05,571.02,571.02,-0.01,33.04,18808.0,-1
2025-11-30,2025-11-30 11:39:00,571.02,571.02,571.0,571.0,-0.0,33.04,18808.0,-1
2025-11-30,2025-11-30 11:40:00,571.0,571.0,570.98,570.98,-0.0,33.04,18808.0,-1
2025-11-30,2025-11-30 11:41:00,570.98,570.98,570.95,570.95,-0.01,33.04,18808.0,-1
2025-11-30,2025-11-30 11:42:00,570.95,570.95,570.92,570.92,-0.01,33.04,18808.0,-1
2025-11-30,2025-11-30 11:43:00,570.92,570.92,570.9,570.9,-0.0,33.04,18808.0,-1
2025-11-30,2025-11-30 11:44:00,570.9,570.9,570.88,570.88,-0.0,33.04,18808.0,-1
2025-11-30,2025-11-30 11:45:00,570.88,570.88,570.85,570.85,-0.01,33.04,18808.0,-1
2025-11-30,2025-11-30 11:46:00,570.85,570.85,570.83,570.83,-0.0,33.04,18808.0,-1
2025-11-30,2025-11-30 11:47:00,570.83,570.83,570.8,570.8,-0.01,33.04,18808.0,-1
2025-11-30,2025-11-30 11:48:00,570.8,570.8,570.77,570.77,-0.01,33.04,18808.0,-1
2025-11-30,2025-11-30 11:49:00,570.77,570.77,570.75,570.75,-0.0,33.04,18808.0,-1
2025-11-30,2025-11-30 11:50:00,570.75,570.75,570.73,570.73,-0.0,33.04,18808.0,-1
2025-11-30,2025-11-30 11:51:00,570.73,570.73,570.7,570.7,-0.01,33.04,18808.0,-1
2025-11-30,2025-11-30 11:52:00,570.7,570.7,570.67,570.67,-0.01,33.04,18808.0,-1
2025-11-30,2025-11-30 11:53:00,570.67,570.67,570.65,570.65,-0.0,33.04,18808.0,-1
2025-11-30,2025-11-30 11:54:00,570.65,570.65,570.62,570.62,-0.01,33.04,18808.0,-1
2025-11-30,2025-11-30 11:55:00,570.62,570.62,570.6,570.6,-0.0,33.04,18808.0,-1
2025-11-30,2025-11-30 11:56:00,570.6,570.6,570.58,570.58,-0.0,33.04,18808.0,-1
2025-11-30,2025-11-30 11:57:00,570.58,570.58,570.55,570.55,-0.01,33.04,18808.0,-1
2025-11-30,2025-11-30 11:58:00,570.55,570.55,570.52,570.52,-0.01,33.04,18808.0,-1
2025-11-30,2025-11-30 11:59:00,570.52,570.52,570.5,570.5,-0.0,33.04,18808.0,-1
2025-11-30,2025-11-30 12:00:00,570.5,570.5,570.48,570.48,-0.0,33.04,18808.0,-1
2025-11-30,2025-11-30 12:01:00,570.48,570.48,570.45,570.45,-0.01,33.04,18808.0,-1
2025-11-30,2025-11-30 12:02:00,570.45,570.45,570.42,570.42,-0.01,33.04,18808.0,-1
2025-11-30,2025-11-30 12:03:00,570.42,570.42,570.4,570.4,-0.0,33.04,18808.0,-1
2025-11-30,2025-11-30 12:04:00,570.4,570.4,570.38,570.38,-0.0,33.04,18808.0,-1
2025-11-30,2025-11-30 12:05:00,570.38,570.38,570.35,570.35,-0.01,33.04,18808.0,-1
2025-11-30,2025-11-30 12:06:00,570.35,570.35,570.33,570.33,-0.0,33.04,18808.0,-1
2025-11-30,2025-11-30 12:07:00,570.33,570.33,570.3,570.3,-0.01,33.04,18808.0,-1
2025-11-30,2025-11-30 12:08:00,570.3,570.3,570.27,570.27,-0.01,33.04,18808.0,-1
2025-11-30,2025-11-30 12:09:00,570.27,570.27,570.25,570.25,-0.0,33.04,18808.0,-1
2025-11-30,2025-11-30 12:10:00,570.25,570.25,570.23,570.23,-0.0,33.04,18808.0,-1
2025-11-30,2025-11-30 12:11:00,570.23,570.23,570.2,570.2,-0.01,33.04,18808.0,-1
2025-11-30,2025-11-30 12:12:00,570.2,570.2,570.17,570.17,-0.01,33.04,18808.0,-1
2025-11-30,2025-11-30 12:13:00,570.17,570.17,570.15,570.15,-0.0,33.04,18808.0,-1
2025-11-30,2025-11-30 12:14:00,570.15,570.15,570.12,570.12,-0.01,33.04,18808.0,-1
2025-11-30,2025-11-30 12:15:00,570.12,570.12,570.1,570.1,-0.0,33.04,18808.0,-1
2025-11-30,2025-11-30 12:16:00,570.1,570.1,570.08,570.08,-0.0,33.04,18808.0,-1
2025-11-30,2025-11-30 12:17:00,570.08,570.08,570.05,570.05,-0.01,33.04,18808.0,-1
2025-11-30,2025-11-30 12:18:00,570.05,570.05,570.02,570.02,-0.01,33.04,18808.0,-1
2025-11-30,2025-11-30 12:19:00,570.02,570.02,570.0,570.0,-0.0,33.04,18808.0,-1
2025-11-30,2025-11-30 12:20:00,570.0,570.0,569.98,569.98,-0.0,33.04,18808.0,-1
2025-11-30,2025-11-30 12:21:00,569.98,569.98,569.95,569.95,-0.01,33.04,18808.0,-1
2025-11-30,2025-11-30 12:22:00,569.95,569.95,569.92,569.92,-0.01,33.04,18808.0,-1
2025-11-30,2025-11-30 12:23:00,569.92,569.92,569.9,569.9,-0.0,33.04,18808.0,-1
2025-11-30,2025-11-30 12:24:00,569.9,569.9,569.88,569.88,-0.0,33.04,18808.0,-1
2025-11-30,2025-11-30 12:25:00,569.88,569.88,569.85,569.85,-0.01,33.04,18808.0,-1
2025-11-30,2025-11-30 12:26:00,569.85,569.85,569.83,569.83,-0.0,33.04,18808.0,-1
2025-11-30,2025-11-30 12:27:00,569.83,569.83,569.8,569.8,-0.01,33.04,18808.0,-1
2025-11-30,2025-11-30 12:28:00,569.8,569.8,569.77,569.77,-0.01,33.04,18808.0,-1
2025-11-30,2025-11-30 12:29:00,569.77,569.77,569.75,569.75,-0.0,33.04,18808.0,-1
2025-11-30,2025-11-30 12:30:00,569.75,569.75,569.73,569.73,-0.0,33.04,18808.0,-1
2025-11-30,2025-11-30 12:31:00,569.73,569.73,569.7,569.7,-0.01,33.04,18808.0,-1
2025-11-30,2025-11-30 12:32:00,569.7,569.7,569.67,569.67,-0.01,33.04,18808.0,-1
2025-11-30,2025-11-30 12:33:00,569.67,569.67,569.65,569.65,-0.0,33.04,18808.0,-1
2025-11-30,2025-11-30 12:34:00,569.65,569.65,569.62,569.62,-0.01,33.04,18808.0,-1
2025-11-30,2025-11-30 12:35:00,569.62,569.62,569.6,569.6,-0.0,33.04,18808.0,-1
2025-11-30,2025-11-30 12:36:00,569.6,569.6,569.58,569.58,-0.0,33.04,18808.0,-1
2025-11-30,2025-11-30 12:37:00,569.58,569.58,569.55,569.55,-0.01,33.04,18808.0,-1
2025-11-30,2025-11-30 12:38:00,569.55,569.55,569.52,569.52,-0.01,33.04,18808.0,-1
2025-11-30,2025-11-30 12:39:00,569.52,569.52,569.5,569.5,-0.0,33.04,18808.0,-1
2025-11-30,2025-11-30 12:40:00,569.5,569.5,569.48,569.48,-0.0,33.04,18808.0,-1
2025-11-30,2025-11-30 12:41:00,569.48,569.48,569.45,569.45,-0.01,33.04,18808.0,-1
2025-11-30,2025-11-30 12:42:00,569.45,569.45,569.42,569.42,-0.01,33.04,18808.0,-1
2025-11-30,2025-11-30 12:43:00,569.42,569.42,569.4,569.4,-0.0,33.04,18808.0,-1
2025-11-30,2025-11-30 12:44:00,569.4,569.4,569.38,569.38,-0.0,33.04,18808.0,-1
2025-11-30,2025-11-30 12:45:00,569.38,569.38,569.35,569.35,-0.01,33.04,18808.0,-1
2025-11-30,2025-11-30 12:46:00,569.35,569.35,569.33,569.33,-0.0,33.04,18808.0,-1
2025-11-30,2025-11-30 12:47:00,569.33,569.33,569.3,569.3,-0.01,33.04,18808.0,-1
2025-11-30,2025-11-30 12:48:00,569.3,569.3,569.27,569.27,-0.01,33.04,18808.0,-1
2025-11-30,2025-11-30 12:49:00,569.27,569.27,569.25,569.25,-0.0,33.04,18808.0,-1
2025-11-30,2025-11-30 12:50:00,569.25,569.25,569.23,569.23,-0.0,33.04,18808.0,-1
2025-11-30,2025-11-30 12:51:00,569.23,569.23,569.2,569.2,-0.01,33.04,18808.0,-1
2025-11-30,2025-11-30 12:52:00,569.2,569.2,569.17,569.17,-0.01,33.04,18808.0,-1
2025-11-30,2025-11-30 12:53:00,569.17,569.17,569.15,569.15,-0.0,33.04,18808.0,-1
2025-11-30,2025-11-30 12:54:00,569.15,569.15,569.12,569.12,-0.01,33.04,18808.0,-1
2025-11-30,2025-11-30 12:55:00,569.12,569.12,569.1,569.1,-0.0,33.04,18808.0,-1
2025-11-30,2025-11-30 12:56:00,569.1,569.1,569.08,569.08,-0.0,33.04,18808.0,-1
2025-11-30,2025-11-30 12:57:00,569.08,569.08,569.05,569.05,-0.01,33.04,18808.0,-1
2025-11-30,2025-11-30 12:58:00,569.05,569.05,569.02,569.02,-0.01,33.04,18808.0,-1
2025-11-30,2025-11-30 12:59:00,569.02,569.02,569.0,569.0,-0.0,33.04,18808.0,-1
2025-11-30,2025-11-30 13:00:00,569.0,574.0,565.0,568.98,-0.0,33.04,18808.0,-1
2025-11-30,2025-11-30 13:01:00,568.98,568.98,568.95,568.95,-0.01,33.04,18808.0,-1
2025-11-30,2025-11-30 13:02:00,568.95,568.95,568.92,568.92,-0.01,33.04,18808.0,-1
2025-11-30,2025-11-30 13:03:00,568.92,568.92,568.9,568.9,-0.0,33.04,18808.0,-1
2025-11-30,2025-11-30 13:04:00,568.9,568.9,568.88,568.88,-0.0,33.04,18808.0,-1
2025-11-30,2025-11-30 13:05:00,568.88,568.88,568.85,568.85,-0.01,33.04,18808.0,-1
2025-11-30,2025-11-30 13:06:00,568.85,568.85,568.83,568.83,-0.0,33.04,18808.0,-1
2025-11-30,2025-11-30 13:07:00,568.83,568.83,568.8,568.8,-0.01,33.04,18808.0,-1
2025-11-30,2025-11-30 13:08:00,568.8,568.8,568.77,568.77,-0.01,33.04,18808.0,-1
2025-11-30,2025-11-30 13:09:00,568.77,568.77,568.75,568.75,-0.0,33.04,18808.0,-1
2025-11-30,2025-11-30 13:10:00,568.75,568.75,568.73,568.73,-0.0,33.04,18808.0,-1
2025-11-30,2025-11-30 13:11:00,568.73,568.73,568.7,568.7,-0.01,33.04,18808.0,-1
2025-11-30,2025-11-30 13:12:00,568.7,568.7,568.67,568.67,-0.01,33.04,18808.0,-1
2025-11-30,2025-11-30 13:13:00,568.67,568.67,568.65,568.65,-0.0,33.04,18808.0,-1
2025-11-30,2025-11-30 13:14:00,568.65,568.65,568.62,568.62,-0.01,33.04,18808.0,-1
2025-11-30,2025-11-30 13:15:00,568.62,568.62,568.6,568.6,-0.0,33.04,18808.0,-1
2025-11-30,2025-11-30 13:16:00,568.6,568.6,568.58,568.58,-0.0,33.04,18808.0,-1
2025-11-30,2025-11-30 13:17:00,568.58,568.58,568.55,568.55,-0.01,33.04,18808.0,-1
2025-11-30,2025-11-30 13:18:00,568.55,568.55,568.52,568.52,-0.01,33.04,18808.0,-1
2025-11-30,2025-11-30 13:19:00,568.52,568.52,568.5,568.5,-0.0,33.04,18808.0,-1
2025-11-30,2025-11-30 13:20:00,568.5,568.5,568.48,568.48,-0.0,33.04,18808.0,-1
2025-11-30,2025-11-30 13:21:00,568.48,568.48,568.45,568.45,-0.01,33.04,18808.0,-1
2025-11-30,2025-11-30 13:22:00,568.45,568.45,568.42,568.42,-0.01,33.04,18808.0,-1
2025-11-30,2025-11-30 13:23:00,568.42,568.42,568.4,568.4,-0.0,33.04,18808.0,-1
2025-11-30,2025-11-30 13:24:00,568.4,568.4,568.38,568.38,-0.0,33.04,18808.0,-1
2025-11-30,2025-11-30 13:25:00,568.38,568.38,568.35,568.35,-0.01,33.04,18808.0,-1
2025-11-30,2025-11-30 13:26:00,568.35,568.35,568.33,568.33,-0.0,33.04,18808.0,-1
2025-11-30,2025-11-30 13:27:00,568.33,568.33,568.3,568.3,-0.01,33.04,18808.0,-1
2025-11-30,2025-11-30 13:28:00,568.3,568.3,568.27,568.27,-0.01,33.04,18808.0,-1
2025-11-30,2025-11-30 13:29:00,568.27,568.27,568.25,568.25,-0.0,33.04,18808.0,-1
2025-11-30,2025-11-30 13:30:00,568.25,568.25,568.23,568.23,-0.0,33.04,18808.0,-1
2025-11-30,2025-11-30 13:31:00,568.23,568.23,568.2,568.2,-0.01,33.04,18808.0,-1
2025-11-30,2025-11-30 13:32:00,568.2,568.2,568.17,568.17,-0.01,33.04,18808.0,-1
2025-11-30,2025-11-30 13:33:00,568.17,568.17,568.15,568.15,-0.0,33.04,18808.0,-1
2025-11-30,2025-11-30 13:34:00,568.15,568.15,568.12,568.12,-0.01,33.04,18808.0,-1
2025-11-30,2025-11-30 13:35:00,568.12,568.12,568.1,568.1,-0.0,33.04,18808.0,-1
2025-11-30,2025-11-30 13:36:00,568.1,568.1,568.08,568.08,-0.0,33.04,18808.0,-1
2025-11-30,2025-11-30 13:37:00,568.08,568.08,568.05,568.05,-0.01,33.04,18808.0,-1
2025-11-30,2025-11-30 13:38:00,568.05,568.05,568.02,568.02,-0.01,33.04,18808.0,-1
2025-11-30,2025-11-30 13:39:00,568.02,568.02,568.0,568.0,-0.0,33.04,18808.0,-1
2025-11-30,2025-11-30 13:40:00,568.0,568.0,567.98,567.98,-0.0,33.04,18808.0,-1
2025-11-30,2025-11-30 13:41:00,567.98,567.98,567.95,567.95,-0.01,33.04,18808.0,-1
2025-11-30,2025-11-30 13:42:00,567.95,567.95,567.92,567.92,-0.01,33.04,18808.0,-1
2025-11-30,2025-11-30 13:43:00,567.92,567.92,567.9,567.9,-0.0,33.04,18808.0,-1
2025-11-30,2025-11-30 13:44:00,567.9,567.9,567.88,567.88,-0.0,33.04,18808.0,-1
2025-11-30,2025-11-30 13:45:00,567.88,567.88,567.85,567.85,-0.01,33.04,18808.0,-1
2025-11-30,2025-11-30 13:46:00,567.85,567.85,567.83,567.83,-0.0,33.04,18808.0,-1
2025-11-30,2025-11-30 13:47:00,567.83,567.83,567.8,567.8,-0.01,33.04,18808.0,-1
2025-11-30,2025-11-30 13:48:00,567.8,567.8,567.77,567.77,-0.01,33.04,18808.0,-1
2025-11-30,2025-11-30 13:49:00,567.77,567.77,567.75,567.75,-0.0,33.04,18808.0,-1
2025-11-30,2025-11-30 13:50:00,567.75,567.75,567.73,567.73,-0.0,33.04,18808.0,-1
2025-11-30,2025-11-30 13:51:00,567.73,567.73,567.7,567.7,-0.01,33.04,18808.0,-1
2025-11-30,2025-11-30 13:52:00,567.7,567.7,567.67,567.67,-0.01,33.04,18808.0,-1
2025-11-30,2025-11-30 13:53:00,567.67,567.67,567.65,567.65,-0.0,33.04,18808.0,-1
2025-11-30,2025-11-30 13:54:00,567.65,567.65,567.62,567.62,-0.01,33.04,18808.0,-1
2025-11-30,2025-11-30 13:55:00,567.62,567.62,567.6,567.6,-0.0,33.04,18808.0,-1
2025-11-30,2025-11-30 13:56:00,567.6,567.6,567.58,567.58,-0.0,33.04,18808.0,-1
2025-11-30,2025-11-30 13:57:00,567.58,567.58,567.55,567.55,-0.01,33.04,18808.0,-1
2025-11-30,2025-11-30 13:58:00,567.55,567.55,567.52,567.52,-0.01,33.04,18808.0,-1
2025-11-30,2025-11-30 13:59:00,567.52,567.52,567.5,567.5,-0.0,33.04,18808.0,-1
2025-11-30,2025-11-30 14:00:00,567.5,567.5,567.48,567.48,-0.0,33.04,18808.0,-1
2025-11-30,2025-11-30 14:01:00,567.48,567.48,567.45,567.45,-0.01,33.04,18808.0,-1
2025-11-30,2025-11-30 14:02:00,567.45,567.45,567.42,567.42,-0.01,33.04,18808.0,-1
2025-11-30,2025-11-30 14:03:00,567.42,567.42,567.4,567.4,-0.0,33.04,18808.0,-1
2025-11-30,2025-11-30 14:04:00,567.4,567.4,567.38,567.38,-0.0,33.04,18808.0,-1
2025-11-30,2025-11-30 14:05:00,567.38,567.38,567.35,567.35,-0.01,33.04,18808.0,-1
2025-11-30,2025-11-30 14:06:00,567.35,567.35,567.33,567.33,-0.0,33.04,18808.0,-1
2025-11-30,2025-11-30 14:07:00,567.33,567.33,567.3,567.3,-0.01,33.04,18808.0,-1
2025-11-30,2025-11-30 14:08:00,567.3,567.3,567.27,567.27,-0.01,33.04,18808.0,-1
2025-11-30,2025-11-30 14:09:00,567.27,567.27,567.25,567.25,-0.0,33.04,18808.0,-1
2025-11-30,2025-11-30 14:10:00,567.25,567.25,567.23,567.23,-0.0,33.04,18808.0,-1
2025-11-30,2025-11-30 14:11:00,567.23,567.23,567.2,567.2,-0.01,33.04,18808.0,-1
2025-11-30,2025-11-30 14:12:00,567.2,567.2,567.17,567.17,-0.01,33.04,18808.0,-1
2025-11-30,2025-11-30 14:13:00,567.17,567.17,567.15,567.15,-0.0,33.04,18808.0,-1
2025-11-30,2025-11-30 14:14:00,567.15,567.15,567.12,567.12,-0.01,33.04,18808.0,-1
2025-11-30,2025-11-30 14:15:00,567.12,567.12,567.1,567.1,-0.0,33.04,18808.0,-1
2025-11-30,2025-11-30 14:16:00,567.1,567.1,567.08,567.08,-0.0,33.04,18808.0,-1
2025-11-30,2025-11-30 14:17:00,567.08,567.08,567.05,567.05,-0.01,33.04,18808.0,-1
2025-11-30,2025-11-30 14:18:00,567.05,567.05,567.02,567.02,-0.01,33.04,18808.0,-1
2025-11-30,2025-11-30 14:19:00,567.02,567.02,567.0,567.0,-0.0,33.04,18808.0,-1
2025-11-30,2025-11-30 14:20:00,567.0,567.0,566.98,566.98,-0.0,33.04,18808.0,-1
2025-11-30,2025-11-30 14:21:00,566.98,566.98,566.95,566.95,-0.01,33.04,18808.0,-1
2025-11-30,2025-11-30 14:22:00,566.95,566.95,566.92,566.92,-0.01,33.04,18808.0,-1
2025-11-30,2025-11-30 14:23:00,566.92,566.92,566.9,566.9,-0.0,33.04,18808.0,-1
2025-11-30,2025-11-30 14:24:00,566.9,566.9,566.88,566.88,-0.0,33.04,18808.0,-1
2025-11-30,2025-11-30 14:25:00,566.88,566.88,566.85,566.85,-0.01,33.04,18808.0,-1
2025-11-30,2025-11-30 14:26:00,566.85,566.85,566.83,566.83,-0.0,33.04,18808.0,-1
2025-11-30,2025-11-30 14:27:00,566.83,566.83,566.8,566.8,-0.01,33.04,18808.0,-1
2025-11-30,2025-11-30 14:28:00,566.8,566.8,566.77,566.77,-0.01,33.04,18808.0,-1
2025-11-30,2025-11-30 14:29:00,566.77,566.77,566.75,566.75,-0.0,33.04,18808.0,-1
2025-11-30,2025-11-30 14:30:00,566.75,566.75,566.73,566.73,-0.0,33.04,18808.0,-1
2025-11-30,2025-11-30 14:31:00,566.73,566.73,566.7,566.7,-0.01,33.04,18808.0,-1
2025-11-30,2025-11-30 14:32:00,566.7,566.7,566.67,566.67,-0.01,33.04,18808.0,-1
2025-11-30,2025-11-30 14:33:00,566.67,566.67,566.65,566.65,-0.0,33.04,18808.0,-1
2025-11-30,2025-11-30 14:34:00,566.65,566.65,566.62,566.62,-0.01,33.04,18808.0,-1
2025-11-30,2025-11-30 14:35:00,566.62,566.62,566.6,566.6,-0.0,33.04,18808.0,-1
2025-11-30,2025-11-30 14:36:00,566.6,566.6,566.58,566.58,-0.0,33.04,18808.0,-1
2025-11-30,2025-11-30 14:37:00,566.58,566.58,566.55,566.55,-0.01,33.04,18808.0,-1
2025-11-30,2025-11-30 14:38:00,566.55,566.55,566.52,566.52,-0.01,33.04,18808.0,-1
2025-11-30,2025-11-30 14:39:00,566.52,566.52,566.5,566.5,-0.0,33.04,18808.0,-1
2025-11-30,2025-11-30 14:40:00,566.5,566.5,566.48,566.48,-0.0,33.04,18808.0,-1
2025-11-30,2025-11-30 14:41:00,566.48,566.48,566.45,566.45,-0.01,33.04,18808.0,-1
2025-11-30,2025-11-30 14:42:00,566.45,566.45,566.42,566.42,-0.01,33.04,18808.0,-1
2025-11-30,2025-11-30 14:43:00,566.42,566.42,566.4,566.4,-0.0,33.04,18808.0,-1
2025-11-30,2025-11-30 14:44:00,566.4,566.4,566.38,566.38,-0.0,33.04,18808.0,-1
2025-11-30,2025-11-30 14:45:00,566.38,566.38,566.35,566.35,-0.01,33.04,18808.0,-1
2025-11-30,2025-11-30 14:46:00,566.35,566.35,566.33,566.33,-0.0,33.04,18808.0,-1
2025-11-30,2025-11-30 14:47:00,566.33,566.33,566.3,566.3,-0.01,33.04,18808.0,-1
2025-11-30,2025-11-30 14:48:00,566.3,566.3,566.27,566.27,-0.01,33.04,18808.0,-1
2025-11-30,2025-11-30 14:49:00,566.27,566.27,566.25,566.25,-0.0,33.04,18808.0,-1
2025-11-30,2025-11-30 14:50:00,566.25,566.25,566.23,566.23,-0.0,33.04,18808.0,-1
2025-11-30,2025-11-30 14:51:00,566.23,566.23,566.2,566.2,-0.01,33.04,18808.0,-1
2025-11-30,2025-11-30 14:52:00,566.2,566.2,566.17,566.17,-0.01,33.04,18808.0,-1
2025-11-30,2025-11-30 14:53:00,566.17,566.17,566.15,566.15,-0.0,33.04,18808.0,-1
2025-11-30,2025-11-30 14:54:00,566.15,566.15,566.12,566.12,-0.01,33.04,18808.0,-1
2025-11-30,2025-11-30 14:55:00,566.12,566.12,566.1,566.1,-0.0,33.04,18808.0,-1
2025-11-30,2025-11-30 14:56:00,566.1,566.1,566.08,566.08,-0.0,33.04,18808.0,-1
2025-11-30,2025-11-30 14:57:00,566.08,566.08,566.05,566.05,-0.01,33.04,18808.0,-1
2025-11-30,2025-11-30 14:58:00,566.05,566.05,566.02,566.02,-0.01,33.04,18808.0,-1
2025-11-30,2025-11-30 14:59:00,566.02,566.02,566.0,566.0,-0.0,33.04,18808.0,-1
2025-11-30,2025-11-30 15:00:00,566.0,574.0,565.0,566.0,0.0,33.04,18808.0,0
2025-12-01,2025-12-01 11:00:00,566.0,567.2,563.0,565.96,-0.01,67.65,38017.91,-1
2025-12-01,2025-12-01 11:01:00,565.96,565.96,565.92,565.92,-0.01,67.65,38017.91,-1
2025-12-01,2025-12-01 11:02:00,565.92,565.92,565.88,565.88,-0.01,67.65,38017.91,-1
2025-12-01,2025-12-01 11:03:00,565.88,565.88,565.83,565.83,-0.01,67.65,38017.91,-1
2025-12-01,2025-12-01 11:04:00,565.83,565.83,565.79,565.79,-0.01,67.65,38017.91,-1
2025-12-01,2025-12-01 11:05:00,565.79,565.79,565.75,565.75,-0.01,67.65,38017.91,-1
2025-12-01,2025-12-01 11:06:00,565.75,565.75,565.71,565.71,-0.01,67.65,38017.91,-1
2025-12-01,2025-12-01 11:07:00,565.71,565.71,565.67,565.67,-0.01,67.65,38017.91,-1
2025-12-01,2025-12-01 11:08:00,565.67,565.67,565.62,565.62,-0.01,67.65,38017.91,-1
2025-12-01,2025-12-01 11:09:00,565.62,565.62,565.58,565.58,-0.01,67.65,38017.91,-1
2025-12-01,2025-12-01 11:10:00,565.58,565.58,565.54,565.54,-0.01,67.65,38017.91,-1
2025-12-01,2025-12-01 11:11:00,565.54,565.54,565.5,565.5,-0.01,67.65,38017.91,-1
2025-12-01,2025-12-01 11:12:00,565.5,565.5,565.46,565.46,-0.01,67.65,38017.91,-1
2025-12-01,2025-12-01 11:13:00,565.46,565.46,565.42,565.42,-0.01,67.65,38017.91,-1
2025-12-01,2025-12-01 11:14:00,565.42,565.42,565.38,565.38,-0.01,67.65,38017.91,-1
2025-12-01,2025-12-01 11:15:00,565.38,565.38,565.33,565.33,-0.01,67.65,38017.91,-1
2025-12-01,2025-12-01 11:16:00,565.33,565.33,565.29,565.29,-0.01,67.65,38017.91,-1
2025-12-01,2025-12-01 11:17:00,565.29,565.29,565.25,565.25,-0.01,67.65,38017.91,-1
2025-12-01,2025-12-01 11:18:00,565.25,565.25,565.21,565.21,-0.01,67.65,38017.91,-1
2025-12-01,2025-12-01 11:19:00,565.21,565.21,565.17,565.17,-0.01,67.65,38017.91,-1
2025-12-01,2025-12-01 11:20:00,565.17,565.17,565.12,565.12,-0.01,67.65,38017.91,-1
2025-12-01,2025-12-01 11:21:00,565.12,565.12,565.08,565.08,-0.01,67.65,38017.91,-1
2025-12-01,2025-12-01 11:22:00,565.08,565.08,565.04,565.04,-0.01,67.65,38017.91,-1
2025-12-01,2025-12-01 11:23:00,565.04,565.04,565.0,565.0,-0.01,67.65,38017.91,-1
2025-12-01,2025-12-01 11:24:00,565.0,565.0,564.96,564.96,-0.01,67.65,38017.91,-1
2025-12-01,2025-12-01 11:25:00,564.96,564.96,564.92,564.92,-0.01,67.65,38017.91,-1
2025-12-01,2025-12-01 11:26:00,564.92,564.92,564.88,564.88,-0.01,67.65,38017.91,-1
2025-12-01,2025-12-01 11:27:00,564.88,564.88,564.83,564.83,-0.01,67.65,38017.91,-1
2025-12-01,2025-12-01 11:28:00,564.83,564.83,564.79,564.79,-0.01,67.65,38017.91,-1
2025-12-01,2025-12-01 11:29:00,564.79,564.79,564.75,564.75,-0.01,67.65,38017.91,-1
2025-12-01,2025-12-01 11:30:00,564.75,564.75,564.71,564.71,-0.01,67.65,38017.91,-1
2025-12-01,2025-12-01 11:31:00,564.71,564.71,564.67,564.67,-0.01,67.65,38017.91,-1
2025-12-01,2025-12-01 11:32:00,564.67,564.67,564.62,564.62,-0.01,67.65,38017.91,-1
2025-12-01,2025-12-01 11:33:00,564.62,564.62,564.58,564.58,-0.01,67.65,38017.91,-1
2025-12-01,2025-12-01 11:34:00,564.58,564.58,564.54,564.54,-0.01,67.65,38017.91,-1
2025-12-01,2025-12-01 11:35:00,564.54,564.54,564.5,564.5,-0.01,67.65,38017.91,-1
2025-12-01,2025-12-01 11:36:00,564.5,564.5,564.46,564.46,-0.01,67.65,38017.91,-1
2025-12-01,2025-12-01 11:37:00,564.46,564.46,564.42,564.42,-0.01,67.65,38017.91,-1
2025-12-01,2025-12-01 11:38:00,564.42,564.42,564.38,564.38,-0.01,67.65,38017.91,-1
2025-12-01,2025-12-01 11:39:00,564.38,564.38,564.33,564.33,-0.01,67.65,38017.91,-1
2025-12-01,2025-12-01 11:40:00,564.33,564.33,564.29,564.29,-0.01,67.65,38017.91,-1
2025-12-01,2025-12-01 11:41:00,564.29,564.29,564.25,564.25,-0.01,67.65,38017.91,-1
2025-12-01,2025-12-01 11:42:00,564.25,564.25,564.21,564.21,-0.01,67.65,38017.91,-1
2025-12-01,2025-12-01 11:43:00,564.21,564.21,564.17,564.17,-0.01,67.65,38017.91,-1
2025-12-01,2025-12-01 11:44:00,564.17,564.17,564.12,564.12,-0.01,67.65,38017.91,-1
2025-12-01,2025-12-01 11:45:00,564.12,564.12,564.08,564.08,-0.01,67.65,38017.91,-1
2025-12-01,2025-12-01 11:46:00,564.08,564.08,564.04,564.04,-0.01,67.65,38017.91,-1
2025-12-01,2025-12-01 11:47:00,564.04,564.04,564.0,564.0,-0.01,67.65,38017.91,-1
2025-12-01,2025-12-01 11:48:00,564.0,564.0,563.96,563.96,-0.01,67.65,38017.91,-1
2025-12-01,2025-12-01 11:49:00,563.96,563.96,563.92,563.92,-0.01,67.65,38017.91,-1
2025-12-01,2025-12-01 11:50:00,563.92,563.92,563.88,563.88,-0.01,67.65,38017.91,-1
2025-12-01,2025-12-01 11:51:00,563.88,563.88,563.83,563.83,-0.01,67.65,38017.91,-1
2025-12-01,2025-12-01 11:52:00,563.83,563.83,563.79,563.79,-0.01,67.65,38017.91,-1
2025-12-01,2025-12-01 11:53:00,563.79,563.79,563.75,563.75,-0.01,67.65,38017.91,-1
2025-12-01,2025-12-01 11:54:00,563.75,563.75,563.71,563.71,-0.01,67.65,38017.91,-1
2025-12-01,2025-12-01 11:55:00,563.71,563.71,563.67,563.67,-0.01,67.65,38017.91,-1
2025-12-01,2025-12-01 11:56:00,563.67,563.67,563.62,563.62,-0.01,67.65,38017.91,-1
2025-12-01,2025-12-01 11:57:00,563.62,563.62,563.58,563.58,-0.01,67.65,38017.91,-1
2025-12-01,2025-12-01 11:58:00,563.58,563.58,563.54,563.54,-0.01,67.65,38017.91,-1
2025-12-01,2025-12-01 11:59:00,563.54,563.54,563.5,563.5,-0.01,67.65,38017.91,-1
2025-12-01,2025-12-01 12:00:00,563.5,563.5,563.46,563.46,-0.01,67.65,38017.91,-1
2025-12-01,2025-12-01 12:01:00,563.46,563.46,563.42,563.42,-0.01,67.65,38017.91,-1
2025-12-01,2025-12-01 12:02:00,563.42,563.42,563.38,563.38,-0.01,67.65,38017.91,-1
2025-12-01,2025-12-01 12:03:00,563.38,563.38,563.33,563.33,-0.01,67.65,38017.91,-1
2025-12-01,2025-12-01 12:04:00,563.33,563.33,563.29,563.29,-0.01,67.65,38017.91,-1
2025-12-01,2025-12-01 12:05:00,563.29,563.29,563.25,563.25,-0.01,67.65,38017.91,-1
2025-12-01,2025-12-01 12:06:00,563.25,563.25,563.21,563.21,-0.01,67.65,38017.91,-1
2025-12-01,2025-12-01 12:07:00,563.21,563.21,563.17,563.17,-0.01,67.65,38017.91,-1
2025-12-01,2025-12-01 12:08:00,563.17,563.17,563.12,563.12,-0.01,67.65,38017.91,-1
2025-12-01,2025-12-01 12:09:00,563.12,563.12,563.08,563.08,-0.01,67.65,38017.91,-1
2025-12-01,2025-12-01 12:10:00,563.08,563.08,563.04,563.04,-0.01,67.65,38017.91,-1
2025-12-01,2025-12-01 12:11:00,563.04,563.04,563.0,563.0,-0.01,67.65,38017.91,-1
2025-12-01,2025-12-01 12:12:00,563.0,563.0,562.96,562.96,-0.01,67.65,38017.91,-1
2025-12-01,2025-12-01 12:13:00,562.96,562.96,562.92,562.92,-0.01,67.65,38017.91,-1
2025-12-01,2025-12-01 12:14:00,562.92,562.92,562.88,562.88,-0.01,67.65,38017.91,-1
2025-12-01,2025-12-01 12:15:00,562.88,562.88,562.83,562.83,-0.01,67.65,38017.91,-1
2025-12-01,2025-12-01 12:16:00,562.83,562.83,562.79,562.79,-0.01,67.65,38017.91,-1
2025-12-01,2025-12-01 12:17:00,562.79,562.79,562.75,562.75,-0.01,67.65,38017.91,-1
2025-12-01,2025-12-01 12:18:00,562.75,562.75,562.71,562.71,-0.01,67.65,38017.91,-1
2025-12-01,2025-12-01 12:19:00,562.71,562.71,562.67,562.67,-0.01,67.65,38017.91,-1
2025-12-01,2025-12-01 12:20:00,562.67,562.67,562.62,562.62,-0.01,67.65,38017.91,-1
2025-12-01,2025-12-01 12:21:00,562.62,562.62,562.58,562.58,-0.01,67.65,38017.91,-1
2025-12-01,2025-12-01 12:22:00,562.58,562.58,562.54,562.54,-0.01,67.65,38017.91,-1
2025-12-01,2025-12-01 12:23:00,562.54,562.54,562.5,562.5,-0.01,67.65,38017.91,-1
2025-12-01,2025-12-01 12:24:00,562.5,562.5,562.46,562.46,-0.01,67.65,38017.91,-1
2025-12-01,2025-12-01 12:25:00,562.46,562.46,562.42,562.42,-0.01,67.65,38017.91,-1
2025-12-01,2025-12-01 12:26:00,562.42,562.42,562.38,562.38,-0.01,67.65,38017.91,-1
2025-12-01,2025-12-01 12:27:00,562.38,562.38,562.33,562.33,-0.01,67.65,38017.91,-1
2025-12-01,2025-12-01 12:28:00,562.33,562.33,562.29,562.29,-0.01,67.65,38017.91,-1
2025-12-01,2025-12-01 12:29:00,562.29,562.29,562.25,562.25,-0.01,67.65,38017.91,-1
2025-12-01,2025-12-01 12:30:00,562.25,562.25,562.21,562.21,-0.01,67.65,38017.91,-1
2025-12-01,2025-12-01 12:31:00,562.21,562.21,562.17,562.17,-0.01,67.65,38017.91,-1
2025-12-01,2025-12-01 12:32:00,562.17,562.17,562.12,562.12,-0.01,67.65,38017.91,-1
2025-12-01,2025-12-01 12:33:00,562.12,562.12,562.08,562.08,-0.01,67.65,38017.91,-1
2025-12-01,2025-12-01 12:34:00,562.08,562.08,562.04,562.04,-0.01,67.65,38017.91,-1
2025-12-01,2025-12-01 12:35:00,562.04,562.04,562.0,562.0,-0.01,67.65,38017.91,-1
2025-12-01,2025-12-01 12:36:00,562.0,562.0,561.96,561.96,-0.01,67.65,38017.91,-1
2025-12-01,2025-12-01 12:37:00,561.96,561.96,561.92,561.92,-0.01,67.65,38017.91,-1
2025-12-01,2025-12-01 12:38:00,561.92,561.92,561.88,561.88,-0.01,67.65,38017.91,-1
2025-12-01,2025-12-01 12:39:00,561.88,561.88,561.83,561.83,-0.01,67.65,38017.91,-1
2025-12-01,2025-12-01 12:40:00,561.83,561.83,561.79,561.79,-0.01,67.65,38017.91,-1
2025-12-01,2025-12-01 12:41:00,561.79,561.79,561.75,561.75,-0.01,67.65,38017.91,-1
2025-12-01,2025-12-01 12:42:00,561.75,561.75,561.71,561.71,-0.01,67.65,38017.91,-1
2025-12-01,2025-12-01 12:43:00,561.71,561.71,561.67,561.67,-0.01,67.65,38017.91,-1
2025-12-01,2025-12-01 12:44:00,561.67,561.67,561.62,561.62,-0.01,67.65,38017.91,-1
2025-12-01,2025-12-01 12:45:00,561.62,561.62,561.58,561.58,-0.01,67.65,38017.91,-1
2025-12-01,2025-12-01 12:46:00,561.58,561.58,561.54,561.54,-0.01,67.65,38017.91,-1
2025-12-01,2025-12-01 12:47:00,561.54,561.54,561.5,561.5,-0.01,67.65,38017.91,-1
2025-12-01,2025-12-01 12:48:00,561.5,561.5,561.46,561.46,-0.01,67.65,38017.91,-1
2025-12-01,2025-12-01 12:49:00,561.46,561.46,561.42,561.42,-0.01,67.65,38017.91,-1
2025-12-01,2025-12-01 12:50:00,561.42,561.42,561.38,561.38,-0.01,67.65,38017.91,-1
2025-12-01,2025-12-01 12:51:00,561.38,561.38,561.33,561.33,-0.01,67.65,38017.91,-1
2025-12-01,2025-12-01 12:52:00,561.33,561.33,561.29,561.29,-0.01,67.65,38017.91,-1
2025-12-01,2025-12-01 12:53:00,561.29,561.29,561.25,561.25,-0.01,67.65,38017.91,-1
2025-12-01,2025-12-01 12:54:00,561.25,561.25,561.21,561.21,-0.01,67.65,38017.91,-1
2025-12-01,2025-12-01 12:55:00,561.21,561.21,561.17,561.17,-0.01,67.65,38017.91,-1
2025-12-01,2025-12-01 12:56:00,561.17,561.17,561.12,561.12,-0.01,67.65,38017.91,-1
2025-12-01,2025-12-01 12:57:00,561.12,561.12,561.08,561.08,-0.01,67.65,38017.91,-1
2025-12-01,2025-12-01 12:58:00,561.08,561.08,561.04,561.04,-0.01,67.65,38017.91,-1
2025-12-01,2025-12-01 12:59:00,561.04,561.04,561.0,561.0,-0.01,67.65,38017.91,-1
2025-12-01,2025-12-01 13:00:00,561.0,570.0,556.0,560.96,-0.01,67.65,38017.91,-1
2025-12-01,2025-12-01 13:01:00,560.96,560.96,560.92,560.92,-0.01,67.65,38017.91,-1
2025-12-01,2025-12-01 13:02:00,560.92,560.92,560.88,560.88,-0.01,67.65,38017.91,-1
2025-12-01,2025-12-01 13:03:00,560.88,560.88,560.83,560.83,-0.01,67.65,38017.91,-1
2025-12-01,2025-12-01 13:04:00,560.83,560.83,560.79,560.79,-0.01,67.65,38017.91,-1
2025-12-01,2025-12-01 13:05:00,560.79,560.79,560.75,560.75,-0.01,67.65,38017.91,-1
2025-12-01,2025-12-01 13:06:00,560.75,560.75,560.71,560.71,-0.01,67.65,38017.91,-1
2025-12-01,2025-12-01 13:07:00,560.71,560.71,560.67,560.67,-0.01,67.65,38017.91,-1
2025-12-01,2025-12-01 13:08:00,560.67,560.67,560.62,560.62,-0.01,67.65,38017.91,-1
2025-12-01,2025-12-01 13:09:00,560.62,560.62,560.58,560.58,-0.01,67.65,38017.91,-1
2025-12-01,2025-12-01 13:10:00,560.58,560.58,560.54,560.54,-0.01,67.65,38017.91,-1
2025-12-01,2025-12-01 13:11:00,560.54,560.54,560.5,560.5,-0.01,67.65,38017.91,-1
2025-12-01,2025-12-01 13:12:00,560.5,560.5,560.46,560.46,-0.01,67.65,38017.91,-1
2025-12-01,2025-12-01 13:13:00,560.46,560.46,560.42,560.42,-0.01,67.65,38017.91,-1
2025-12-01,2025-12-01 13:14:00,560.42,560.42,560.38,560.38,-0.01,67.65,38017.91,-1
2025-12-01,2025-12-01 13:15:00,560.38,560.38,560.33,560.33,-0.01,67.65,38017.91,-1
2025-12-01,2025-12-01 13:16:00,560.33,560.33,560.29,560.29,-0.01,67.65,38017.91,-1
2025-12-01,2025-12-01 13:17:00,560.29,560.29,560.25,560.25,-0.01,67.65,38017.91,-1
2025-12-01,2025-12-01 13:18:00,560.25,560.25,560.21,560.21,-0.01,67.65,38017.91,-1
2025-12-01,2025-12-01 13:19:00,560.21,560.21,560.17,560.17,-0.01,67.65,38017.91,-1
2025-12-01,2025-12-01 13:20:00,560.17,560.17,560.12,560.12,-0.01,67.65,38017.91,-1
2025-12-01,2025-12-01 13:21:00,560.12,560.12,560.08,560.08,-0.01,67.65,38017.91,-1
2025-12-01,2025-12-01 13:22:00,560.08,560.08,560.04,560.04,-0.01,67.65,38017.91,-1
2025-12-01,2025-12-01 13:23:00,560.04,560.04,560.0,560.0,-0.01,67.65,38017.91,-1
2025-12-01,2025-12-01 13:24:00,560.0,560.0,559.96,559.96,-0.01,67.65,38017.91,-1
2025-12-01,2025-12-01 13:25:00,559.96,559.96,559.92,559.92,-0.01,67.65,38017.91,-1
2025-12-01,2025-12-01 13:26:00,559.92,559.92,559.88,559.88,-0.01,67.65,38017.91,-1
2025-12-01,2025-12-01 13:27:00,559.88,559.88,559.83,559.83,-0.01,67.65,38017.91,-1
2025-12-01,2025-12-01 13:28:00,559.83,559.83,559.79,559.79,-0.01,67.65,38017.91,-1
2025-12-01,2025-12-01 13:29:00,559.79,559.79,559.75,559.75,-0.01,67.65,38017.91,-1
2025-12-01,2025-12-01 13:30:00,559.75,559.75,559.71,559.71,-0.01,67.65,38017.91,-1
2025-12-01,2025-12-01 13:31:00,559.71,559.71,559.67,559.67,-0.01,67.65,38017.91,-1
2025-12-01,2025-12-01 13:32:00,559.67,559.67,559.62,559.62,-0.01,67.65,38017.91,-1
2025-12-01,2025-12-01 13:33:00,559.62,559.62,559.58,559.58,-0.01,67.65,38017.91,-1
2025-12-01,2025-12-01 13:34:00,559.58,559.58,559.54,559.54,-0.01,67.65,38017.91,-1
2025-12-01,2025-12-01 13:35:00,559.54,559.54,559.5,559.5,-0.01,67.65,38017.91,-1
2025-12-01,2025-12-01 13:36:00,559.5,559.5,559.46,559.46,-0.01,67.65,38017.91,-1
2025-12-01,2025-12-01 13:37:00,559.46,559.46,559.42,559.42,-0.01,67.65,38017.91,-1
2025-12-01,2025-12-01 13:38:00,559.42,559.42,559.38,559.38,-0.01,67.65,38017.91,-1
2025-12-01,2025-12-01 13:39:00,559.38,559.38,559.33,559.33,-0.01,67.65,38017.91,-1
2025-12-01,2025-12-01 13:40:00,559.33,559.33,559.29,559.29,-0.01,67.65,38017.91,-1
2025-12-01,2025-12-01 13:41:00,559.29,559.29,559.25,559.25,-0.01,67.65,38017.91,-1
2025-12-01,2025-12-01 13:42:00,559.25,559.25,559.21,559.21,-0.01,67.65,38017.91,-1
2025-12-01,2025-12-01 13:43:00,559.21,559.21,559.17,559.17,-0.01,67.65,38017.91,-1
2025-12-01,2025-12-01 13:44:00,559.17,559.17,559.12,559.12,-0.01,67.65,38017.91,-1
2025-12-01,2025-12-01 13:45:00,559.12,559.12,559.08,559.08,-0.01,67.65,38017.91,-1
2025-12-01,2025-12-01 13:46:00,559.08,559.08,559.04,559.04,-0.01,67.65,38017.91,-1
2025-12-01,2025-12-01 13:47:00,559.04,559.04,559.0,559.0,-0.01,67.65,38017.91,-1
2025-12-01,2025-12-01 13:48:00,559.0,559.0,558.96,558.96,-0.01,67.65,38017.91,-1
2025-12-01,2025-12-01 13:49:00,558.96,558.96,558.92,558.92,-0.01,67.65,38017.91,-1
2025-12-01,2025-12-01 13:50:00,558.92,558.92,558.88,558.88,-0.01,67.65,38017.91,-1
2025-12-01,2025-12-01 13:51:00,558.88,558.88,558.83,558.83,-0.01,67.65,38017.91,-1
2025-12-01,2025-12-01 13:52:00,558.83,558.83,558.79,558.79,-0.01,67.65,38017.91,-1
2025-12-01,2025-12-01 13:53:00,558.79,558.79,558.75,558.75,-0.01,67.65,38017.91,-1
2025-12-01,2025-12-01 13:54:00,558.75,558.75,558.71,558.71,-0.01,67.65,38017.91,-1
2025-12-01,2025-12-01 13:55:00,558.71,558.71,558.67,558.67,-0.01,67.65,38017.91,-1
2025-12-01,2025-12-01 13:56:00,558.67,558.67,558.62,558.62,-0.01,67.65,38017.91,-1
2025-12-01,2025-12-01 13:57:00,558.62,558.62,558.58,558.58,-0.01,67.65,38017.91,-1
2025-12-01,2025-12-01 13:58:00,558.58,558.58,558.54,558.54,-0.01,67.65,38017.91,-1
2025-12-01,2025-12-01 13:59:00,558.54,558.54,558.5,558.5,-0.01,67.65,38017.91,-1
2025-12-01,2025-12-01 14:00:00,558.5,558.5,558.46,558.46,-0.01,67.65,38017.91,-1
2025-12-01,2025-12-01 14:01:00,558.46,558.46,558.42,558.42,-0.01,67.65,38017.91,-1
2025-12-01,2025-12-01 14:02:00,558.42,558.42,558.38,558.38,-0.01,67.65,38017.91,-1
2025-12-01,2025-12-01 14:03:00,558.38,558.38,558.33,558.33,-0.01,67.65,38017.91,-1
2025-12-01,2025-12-01 14:04:00,558.33,558.33,558.29,558.29,-0.01,67.65,38017.91,-1
2025-12-01,2025-12-01 14:05:00,558.29,558.29,558.25,558.25,-0.01,67.65,38017.91,-1
2025-12-01,2025-12-01 14:06:00,558.25,558.25,558.21,558.21,-0.01,67.65,38017.91,-1
2025-12-01,2025-12-01 14:07:00,558.21,558.21,558.17,558.17,-0.01,67.65,38017.91,-1
2025-12-01,2025-12-01 14:08:00,558.17,558.17,558.12,558.12,-0.01,67.65,38017.91,-1
2025-12-01,2025-12-01 14:09:00,558.12,558.12,558.08,558.08,-0.01,67.65,38017.91,-1
2025-12-01,2025-12-01 14:10:00,558.08,558.08,558.04,558.04,-0.01,67.65,38017.91,-1
2025-12-01,2025-12-01 14:11:00,558.04,558.04,558.0,558.0,-0.01,67.65,38017.91,-1
2025-12-01,2025-12-01 14:12:00,558.0,558.0,557.96,557.96,-0.01,67.65,38017.91,-1
2025-12-01,2025-12-01 14:13:00,557.96,557.96,557.92,557.92,-0.01,67.65,38017.91,-1
2025-12-01,2025-12-01 14:14:00,557.92,557.92,557.88,557.88,-0.01,67.65,38017.91,-1
2025-12-01,2025-12-01 14:15:00,557.88,557.88,557.83,557.83,-0.01,67.65,38017.91,-1
2025-12-01,2025-12-01 14:16:00,557.83,557.83,557.79,557.79,-0.01,67.65,38017.91,-1
2025-12-01,2025-12-01 14:17:00,557.79,557.79,557.75,557.75,-0.01,67.65,38017.91,-1
2025-12-01,2025-12-01 14:18:00,557.75,557.75,557.71,557.71,-0.01,67.65,38017.91,-1
2025-12-01,2025-12-01 14:19:00,557.71,557.71,557.67,557.67,-0.01,67.65,38017.91,-1
2025-12-01,2025-12-01 14:20:00,557.67,557.67,557.62,557.62,-0.01,67.65,38017.91,-1
2025-12-01,2025-12-01 14:21:00,557.62,557.62,557.58,557.58,-0.01,67.65,38017.91,-1
2025-12-01,2025-12-01 14:22:00,557.58,557.58,557.54,557.54,-0.01,67.65,38017.91,-1
2025-12-01,2025-12-01 14:23:00,557.54,557.54,557.5,557.5,-0.01,67.65,38017.91,-1
2025-12-01,2025-12-01 14:24:00,557.5,557.5,557.46,557.46,-0.01,67.65,38017.91,-1
2025-12-01,2025-12-01 14:25:00,557.46,557.46,557.42,557.42,-0.01,67.65,38017.91,-1
2025-12-01,2025-12-01 14:26:00,557.42,557.42,557.38,557.38,-0.01,67.65,38017.91,-1
2025-12-01,2025-12-01 14:27:00,557.38,557.38,557.33,557.33,-0.01,67.65,38017.91,-1
2025-12-01,2025-12-01 14:28:00,557.33,557.33,557.29,557.29,-0.01,67.65,38017.91,-1
2025-12-01,2025-12-01 14:29:00,557.29,557.29,557.25,557.25,-0.01,67.65,38017.91,-1
2025-12-01,2025-12-01 14:30:00,557.25,557.25,557.21,557.21,-0.01,67.65,38017.91,-1
2025-12-01,2025-12-01 14:31:00,557.21,557.21,557.17,557.17,-0.01,67.65,38017.91,-1
2025-12-01,2025-12-01 14:32:00,557.17,557.17,557.12,557.12,-0.01,67.65,38017.91,-1
2025-12-01,2025-12-01 14:33:00,557.12,557.12,557.08,557.08,-0.01,67.65,38017.91,-1
2025-12-01,2025-12-01 14:34:00,557.08,557.08,557.04,557.04,-0.01,67.65,38017.91,-1
2025-12-01,2025-12-01 14:35:00,557.04,557.04,557.0,557.0,-0.01,67.65,38017.91,-1
2025-12-01,2025-12-01 14:36:00,557.0,557.0,556.96,556.96,-0.01,67.65,38017.91,-1
2025-12-01,2025-12-01 14:37:00,556.96,556.96,556.92,556.92,-0.01,67.65,38017.91,-1
2025-12-01,2025-12-01 14:38:00,556.92,556.92,556.88,556.88,-0.01,67.65,38017.91,-1
2025-12-01,2025-12-01 14:39:00,556.88,556.88,556.83,556.83,-0.01,67.65,38017.91,-1
2025-12-01,2025-12-01 14:40:00,556.83,556.83,556.79,556.79,-0.01,67.65,38017.91,-1
2025-12-01,2025-12-01 14:41:00,556.79,556.79,556.75,556.75,-0.01,67.65,38017.91,-1
2025-12-01,2025-12-01 14:42:00,556.75,556.75,556.71,556.71,-0.01,67.65,38017.91,-1
2025-12-01,2025-12-01 14:43:00,556.71,556.71,556.67,556.67,-0.01,67.65,38017.91,-1
2025-12-01,2025-12-01 14:44:00,556.67,556.67,556.62,556.62,-0.01,67.65,38017.91,-1
2025-12-01,2025-12-01 14:45:00,556.62,556.62,556.58,556.58,-0.01,67.65,38017.91,-1
2025-12-01,2025-12-01 14:46:00,556.58,556.58,556.54,556.54,-0.01,67.65,38017.91,-1
2025-12-01,2025-12-01 14:47:00,556.54,556.54,556.5,556.5,-0.01,67.65,38017.91,-1
2025-12-01,2025-12-01 14:48:00,556.5,556.5,556.46,556.46,-0.01,67.65,38017.91,-1
2025-12-01,2025-12-01 14:49:00,556.46,556.46,556.42,556.42,-0.01,67.65,38017.91,-1
2025-12-01,2025-12-01 14:50:00,556.42,556.42,556.38,556.38,-0.01,67.65,38017.91,-1
2025-12-01,2025-12-01 14:51:00,556.38,556.38,556.33,556.33,-0.01,67.65,38017.91,-1
2025-12-01,2025-12-01 14:52:00,556.33,556.33,556.29,556.29,-0.01,67.65,38017.91,-1
2025-12-01,2025-12-01 14:53:00,556.29,556.29,556.25,556.25,-0.01,67.65,38017.91,-1
2025-12-01,2025-12-01 14:54:00,556.25,556.25,556.21,556.21,-0.01,67.65,38017.91,-1
2025-12-01,2025-12-01 14:55:00,556.21,556.21,556.17,556.17,-0.01,67.65,38017.91,-1
2025-12-01,2025-12-01 14:56:00,556.17,556.17,556.12,556.12,-0.01,67.65,38017.91,-1
2025-12-01,2025-12-01 14:57:00,556.12,556.12,556.08,556.08,-0.01,67.65,38017.91,-1
2025-12-01,2025-12-01 14:58:00,556.08,556.08,556.04,556.04,-0.01,67.65,38017.91,-1
2025-12-01,2025-12-01 14:59:00,556.04,556.04,556.0,556.0,-0.01,67.65,38017.91,-1
2025-12-01,2025-12-01 15:00:00,556.0,570.0,556.0,556.0,0.0,67.65,38017.91,0
2025-12-02,2025-12-02 11:00:00,553.0,557.2,550.6,553.03,0.01,44.64,24954.06,1
2025-12-02,2025-12-02 11:01:00,553.03,553.06,553.03,553.06,0.01,44.64,24954.06,1
2025-12-02,2025-12-02 11:02:00,553.06,553.09,553.06,553.09,0.01,44.64,24954.06,1
2025-12-02,2025-12-02 11:03:00,553.09,553.12,553.09,553.12,0.01,44.64,24954.06,1
2025-12-02,2025-12-02 11:04:00,553.12,553.15,553.12,553.15,0.01,44.64,24954.06,1
2025-12-02,2025-12-02 11:05:00,553.15,553.17,553.15,553.17,0.0,44.64,24954.06,1
2025-12-02,2025-12-02 11:06:00,553.17,553.2,553.17,553.2,0.01,44.64,24954.06,1
2025-12-02,2025-12-02 11:07:00,553.2,553.23,553.2,553.23,0.01,44.64,24954.06,1
2025-12-02,2025-12-02 11:08:00,553.23,553.26,553.23,553.26,0.01,44.64,24954.06,1
2025-12-02,2025-12-02 11:09:00,553.26,553.29,553.26,553.29,0.01,44.64,24954.06,1
2025-12-02,2025-12-02 11:10:00,553.29,553.32,553.29,553.32,0.01,44.64,24954.06,1
2025-12-02,2025-12-02 11:11:00,553.32,553.35,553.32,553.35,0.01,44.64,24954.06,1
2025-12-02,2025-12-02 11:12:00,553.35,553.38,553.35,553.38,0.01,44.64,24954.06,1
2025-12-02,2025-12-02 11:13:00,553.38,553.41,553.38,553.41,0.01,44.64,24954.06,1
2025-12-02,2025-12-02 11:14:00,553.41,553.44,553.41,553.44,0.01,44.64,24954.06,1
2025-12-02,2025-12-02 11:15:00,553.44,553.47,553.44,553.47,0.01,44.64,24954.06,1
2025-12-02,2025-12-02 11:16:00,553.47,553.5,553.47,553.5,0.01,44.64,24954.06,1
2025-12-02,2025-12-02 11:17:00,553.5,553.52,553.5,553.52,0.0,44.64,24954.06,1
2025-12-02,2025-12-02 11:18:00,553.52,553.55,553.52,553.55,0.01,44.64,24954.06,1
2025-12-02,2025-12-02 11:19:00,553.55,553.58,553.55,553.58,0.01,44.64,24954.06,1
2025-12-02,2025-12-02 11:20:00,553.58,553.61,553.58,553.61,0.01,44.64,24954.06,1
2025-12-02,2025-12-02 11:21:00,553.61,553.64,553.61,553.64,0.01,44.64,24954.06,1
2025-12-02,2025-12-02 11:22:00,553.64,553.67,553.64,553.67,0.01,44.64,24954.06,1
2025-12-02,2025-12-02 11:23:00,553.67,553.7,553.67,553.7,0.01,44.64,24954.06,1
2025-12-02,2025-12-02 11:24:00,553.7,553.73,553.7,553.73,0.01,44.64,24954.06,1
2025-12-02,2025-12-02 11:25:00,553.73,553.76,553.73,553.76,0.01,44.64,24954.06,1
2025-12-02,2025-12-02 11:26:00,553.76,553.79,553.76,553.79,0.01,44.64,24954.06,1
2025-12-02,2025-12-02 11:27:00,553.79,553.82,553.79,553.82,0.01,44.64,24954.06,1
2025-12-02,2025-12-02 11:28:00,553.82,553.85,553.82,553.85,0.01,44.64,24954.06,1
2025-12-02,2025-12-02 11:29:00,553.85,553.88,553.85,553.88,0.01,44.64,24954.06,1
2025-12-02,2025-12-02 11:30:00,553.88,553.9,553.88,553.9,0.0,44.64,24954.06,1
2025-12-02,2025-12-02 11:31:00,553.9,553.93,553.9,553.93,0.01,44.64,24954.06,1
2025-12-02,2025-12-02 11:32:00,553.93,553.96,553.93,553.96,0.01,44.64,24954.06,1
2025-12-02,2025-12-02 11:33:00,553.96,553.99,553.96,553.99,0.01,44.64,24954.06,1
2025-12-02,2025-12-02 11:34:00,553.99,554.02,553.99,554.02,0.01,44.64,24954.06,1
2025-12-02,2025-12-02 11:35:00,554.02,554.05,554.02,554.05,0.01,44.64,24954.06,1
2025-12-02,2025-12-02 11:36:00,554.05,554.08,554.05,554.08,0.01,44.64,24954.06,1
2025-12-02,2025-12-02 11:37:00,554.08,554.11,554.08,554.11,0.01,44.64,24954.06,1
2025-12-02,2025-12-02 11:38:00,554.11,554.14,554.11,554.14,0.01,44.64,24954.06,1
2025-12-02,2025-12-02 11:39:00,554.14,554.17,554.14,554.17,0.01,44.64,24954.06,1
2025-12-02,2025-12-02 11:40:00,554.17,554.2,554.17,554.2,0.01,44.64,24954.06,1
2025-12-02,2025-12-02 11:41:00,554.2,554.23,554.2,554.23,0.01,44.64,24954.06,1
2025-12-02,2025-12-02 11:42:00,554.23,554.25,554.23,554.25,0.0,44.64,24954.06,1
2025-12-02,2025-12-02 11:43:00,554.25,554.28,554.25,554.28,0.01,44.64,24954.06,1
2025-12-02,2025-12-02 11:44:00,554.28,554.31,554.28,554.31,0.01,44.64,24954.06,1
2025-12-02,2025-12-02 11:45:00,554.31,554.34,554.31,554.34,0.01,44.64,24954.06,1
2025-12-02,2025-12-02 11:46:00,554.34,554.37,554.34,554.37,0.01,44.64,24954.06,1
2025-12-02,2025-12-02 11:47:00,554.37,554.4,554.37,554.4,0.01,44.64,24954.06,1
2025-12-02,2025-12-02 11:48:00,554.4,554.43,554.4,554.43,0.01,44.64,24954.06,1
2025-12-02,2025-12-02 11:49:00,554.43,554.46,554.43,554.46,0.01,44.64,24954.06,1
2025-12-02,2025-12-02 11:50:00,554.46,554.49,554.46,554.49,0.01,44.64,24954.06,1
2025-12-02,2025-12-02 11:51:00,554.49,554.52,554.49,554.52,0.01,44.64,24954.06,1
2025-12-02,2025-12-02 11:52:00,554.52,554.55,554.52,554.55,0.01,44.64,24954.06,1
2025-12-02,2025-12-02 11:53:00,554.55,554.58,554.55,554.58,0.01,44.64,24954.06,1
2025-12-02,2025-12-02 11:54:00,554.58,554.6,554.58,554.6,0.0,44.64,24954.06,1
2025-12-02,2025-12-02 11:55:00,554.6,554.63,554.6,554.63,0.01,44.64,24954.06,1
2025-12-02,2025-12-02 11:56:00,554.63,554.66,554.63,554.66,0.01,44.64,24954.06,1
2025-12-02,2025-12-02 11:57:00,554.66,554.69,554.66,554.69,0.01,44.64,24954.06,1
2025-12-02,2025-12-02 11:58:00,554.69,554.72,554.69,554.72,0.01,44.64,24954.06,1
2025-12-02,2025-12-02 11:59:00,554.72,554.75,554.72,554.75,0.01,44.64,24954.06,1
2025-12-02,2025-12-02 12:00:00,554.75,554.78,554.75,554.78,0.01,44.64,24954.06,1
2025-12-02,2025-12-02 12:01:00,554.78,554.81,554.78,554.81,0.01,44.64,24954.06,1
2025-12-02,2025-12-02 12:02:00,554.81,554.84,554.81,554.84,0.01,44.64,24954.06,1
2025-12-02,2025-12-02 12:03:00,554.84,554.87,554.84,554.87,0.01,44.64,24954.06,1
2025-12-02,2025-12-02 12:04:00,554.87,554.9,554.87,554.9,0.01,44.64,24954.06,1
2025-12-02,2025-12-02 12:05:00,554.9,554.92,554.9,554.92,0.0,44.64,24954.06,1
2025-12-02,2025-12-02 12:06:00,554.92,554.95,554.92,554.95,0.01,44.64,24954.06,1
2025-12-02,2025-12-02 12:07:00,554.95,554.98,554.95,554.98,0.01,44.64,24954.06,1
2025-12-02,2025-12-02 12:08:00,554.98,555.01,554.98,555.01,0.01,44.64,24954.06,1
2025-12-02,2025-12-02 12:09:00,555.01,555.04,555.01,555.04,0.01,44.64,24954.06,1
2025-12-02,2025-12-02 12:10:00,555.04,555.07,555.04,555.07,0.01,44.64,24954.06,1
2025-12-02,2025-12-02 12:11:00,555.07,555.1,555.07,555.1,0.01,44.64,24954.06,1
2025-12-02,2025-12-02 12:12:00,555.1,555.13,555.1,555.13,0.01,44.64,24954.06,1
2025-12-02,2025-12-02 12:13:00,555.13,555.16,555.13,555.16,0.01,44.64,24954.06,1
2025-12-02,2025-12-02 12:14:00,555.16,555.19,555.16,555.19,0.01,44.64,24954.06,1
2025-12-02,2025-12-02 12:15:00,555.19,555.22,555.19,555.22,0.01,44.64,24954.06,1
2025-12-02,2025-12-02 12:16:00,555.22,555.25,555.22,555.25,0.01,44.64,24954.06,1
2025-12-02,2025-12-02 12:17:00,555.25,555.27,555.25,555.27,0.0,44.64,24954.06,1
2025-12-02,2025-12-02 12:18:00,555.27,555.3,555.27,555.3,0.01,44.64,24954.06,1
2025-12-02,2025-12-02 12:19:00,555.3,555.33,555.3,555.33,0.01,44.64,24954.06,1
2025-12-02,2025-12-02 12:20:00,555.33,555.36,555.33,555.36,0.01,44.64,24954.06,1
2025-12-02,2025-12-02 12:21:00,555.36,555.39,555.36,555.39,0.01,44.64,24954.06,1
2025-12-02,2025-12-02 12:22:00,555.39,555.42,555.39,555.42,0.01,44.64,24954.06,1
2025-12-02,2025-12-02 12:23:00,555.42,555.45,555.42,555.45,0.01,44.64,24954.06,1
2025-12-02,2025-12-02 12:24:00,555.45,555.48,555.45,555.48,0.01,44.64,24954.06,1
2025-12-02,2025-12-02 12:25:00,555.48,555.51,555.48,555.51,0.01,44.64,24954.06,1
2025-12-02,2025-12-02 12:26:00,555.51,555.54,555.51,555.54,0.01,44.64,24954.06,1
2025-12-02,2025-12-02 12:27:00,555.54,555.57,555.54,555.57,0.01,44.64,24954.06,1
2025-12-02,2025-12-02 12:28:00,555.57,555.6,555.57,555.6,0.01,44.64,24954.06,1
2025-12-02,2025-12-02 12:29:00,555.6,555.62,555.6,555.62,0.0,44.64,24954.06,1
2025-12-02,2025-12-02 12:30:00,555.62,555.65,555.62,555.65,0.01,44.64,24954.06,1
2025-12-02,2025-12-02 12:31:00,555.65,555.68,555.65,555.68,0.01,44.64,24954.06,1
2025-12-02,2025-12-02 12:32:00,555.68,555.71,555.68,555.71,0.01,44.64,24954.06,1
2025-12-02,2025-12-02 12:33:00,555.71,555.74,555.71,555.74,0.01,44.64,24954.06,1
2025-12-02,2025-12-02 12:34:00,555.74,555.77,555.74,555.77,0.01,44.64,24954.06,1
2025-12-02,2025-12-02 12:35:00,555.77,555.8,555.77,555.8,0.01,44.64,24954.06,1
2025-12-02,2025-12-02 12:36:00,555.8,555.83,555.8,555.83,0.01,44.64,24954.06,1
2025-12-02,2025-12-02 12:37:00,555.83,555.86,555.83,555.86,0.01,44.64,24954.06,1
2025-12-02,2025-12-02 12:38:00,555.86,555.89,555.86,555.89,0.01,44.64,24954.06,1
2025-12-02,2025-12-02 12:39:00,555.89,555.92,555.89,555.92,0.01,44.64,24954.06,1
2025-12-02,2025-12-02 12:40:00,555.92,555.95,555.92,555.95,0.01,44.64,24954.06,1
2025-12-02,2025-12-02 12:41:00,555.95,555.98,555.95,555.98,0.01,44.64,24954.06,1
2025-12-02,2025-12-02 12:42:00,555.98,556.0,555.98,556.0,0.0,44.64,24954.06,1
2025-12-02,2025-12-02 12:43:00,556.0,556.03,556.0,556.03,0.01,44.64,24954.06,1
2025-12-02,2025-12-02 12:44:00,556.03,556.06,556.03,556.06,0.01,44.64,24954.06,1
2025-12-02,2025-12-02 12:45:00,556.06,556.09,556.06,556.09,0.01,44.64,24954.06,1
2025-12-02,2025-12-02 12:46:00,556.09,556.12,556.09,556.12,0.01,44.64,24954.06,1
2025-12-02,2025-12-02 12:47:00,556.12,556.15,556.12,556.15,0.01,44.64,24954.06,1
2025-12-02,2025-12-02 12:48:00,556.15,556.18,556.15,556.18,0.01,44.64,24954.06,1
2025-12-02,2025-12-02 12:49:00,556.18,556.21,556.18,556.21,0.01,44.64,24954.06,1
2025-12-02,2025-12-02 12:50:00,556.21,556.24,556.21,556.24,0.01,44.64,24954.06,1
2025-12-02,2025-12-02 12:51:00,556.24,556.27,556.24,556.27,0.01,44.64,24954.06,1
2025-12-02,2025-12-02 12:52:00,556.27,556.3,556.27,556.3,0.01,44.64,24954.06,1
2025-12-02,2025-12-02 12:53:00,556.3,556.33,556.3,556.33,0.01,44.64,24954.06,1
2025-12-02,2025-12-02 12:54:00,556.33,556.35,556.33,556.35,0.0,44.64,24954.06,1
2025-12-02,2025-12-02 12:55:00,556.35,556.38,556.35,556.38,0.01,44.64,24954.06,1
2025-12-02,2025-12-02 12:56:00,556.38,556.41,556.38,556.41,0.01,44.64,24954.06,1
2025-12-02,2025-12-02 12:57:00,556.41,556.44,556.41,556.44,0.01,44.64,24954.06,1
2025-12-02,2025-12-02 12:58:00,556.44,556.47,556.44,556.47,0.01,44.64,24954.06,1
2025-12-02,2025-12-02 12:59:00,556.47,556.5,556.47,556.5,0.01,44.64,24954.06,1
2025-12-02,2025-12-02 13:00:00,556.5,567.0,545.0,556.53,0.01,44.64,24954.06,1
2025-12-02,2025-12-02 13:01:00,556.53,556.56,556.53,556.56,0.01,44.64,24954.06,1
2025-12-02,2025-12-02 13:02:00,556.56,556.59,556.56,556.59,0.01,44.64,24954.06,1
2025-12-02,2025-12-02 13:03:00,556.59,556.62,556.59,556.62,0.01,44.64,24954.06,1
2025-12-02,2025-12-02 13:04:00,556.62,556.65,556.62,556.65,0.01,44.64,24954.06,1
2025-12-02,2025-12-02 13:05:00,556.65,556.67,556.65,556.67,0.0,44.64,24954.06,1
2025-12-02,2025-12-02 13:06:00,556.67,556.7,556.67,556.7,0.01,44.64,24954.06,1
2025-12-02,2025-12-02 13:07:00,556.7,556.73,556.7,556.73,0.01,44.64,24954.06,1
2025-12-02,2025-12-02 13:08:00,556.73,556.76,556.73,556.76,0.01,44.64,24954.06,1
2025-12-02,2025-12-02 13:09:00,556.76,556.79,556.76,556.79,0.01,44.64,24954.06,1
2025-12-02,2025-12-02 13:10:00,556.79,556.82,556.79,556.82,0.01,44.64,24954.06,1
2025-12-02,2025-12-02 13:11:00,556.82,556.85,556.82,556.85,0.01,44.64,24954.06,1
2025-12-02,2025-12-02 13:12:00,556.85,556.88,556.85,556.88,0.01,44.64,24954.06,1
2025-12-02,2025-12-02 13:13:00,556.88,556.91,556.88,556.91,0.01,44.64,24954.06,1
2025-12-02,2025-12-02 13:14:00,556.91,556.94,556.91,556.94,0.01,44.64,24954.06,1
2025-12-02,2025-12-02 13:15:00,556.94,556.97,556.94,556.97,0.01,44.64,24954.06,1
2025-12-02,2025-12-02 13:16:00,556.97,557.0,556.97,557.0,0.01,44.64,24954.06,1
2025-12-02,2025-12-02 13:17:00,557.0,557.02,557.0,557.02,0.0,44.64,24954.06,1
2025-12-02,2025-12-02 13:18:00,557.02,557.05,557.02,557.05,0.01,44.64,24954.06,1
2025-12-02,2025-12-02 13:19:00,557.05,557.08,557.05,557.08,0.01,44.64,24954.06,1
2025-12-02,2025-12-02 13:20:00,557.08,557.11,557.08,557.11,0.01,44.64,24954.06,1
2025-12-02,2025-12-02 13:21:00,557.11,557.14,557.11,557.14,0.01,44.64,24954.06,1
2025-12-02,2025-12-02 13:22:00,557.14,557.17,557.14,557.17,0.01,44.64,24954.06,1
2025-12-02,2025-12-02 13:23:00,557.17,557.2,557.17,557.2,0.01,44.64,24954.06,1
2025-12-02,2025-12-02 13:24:00,557.2,557.23,557.2,557.23,0.01,44.64,24954.06,1
2025-12-02,2025-12-02 13:25:00,557.23,557.26,557.23,557.26,0.01,44.64,24954.06,1
2025-12-02,2025-12-02 13:26:00,557.26,557.29,557.26,557.29,0.01,44.64,24954.06,1
2025-12-02,2025-12-02 13:27:00,557.29,557.32,557.29,557.32,0.01,44.64,24954.06,1
2025-12-02,2025-12-02 13:28:00,557.32,557.35,557.32,557.35,0.01,44.64,24954.06,1
2025-12-02,2025-12-02 13:29:00,557.35,557.38,557.35,557.38,0.01,44.64,24954.06,1
2025-12-02,2025-12-02 13:30:00,557.38,557.4,557.38,557.4,0.0,44.64,24954.06,1
2025-12-02,2025-12-02 13:31:00,557.4,557.43,557.4,557.43,0.01,44.64,24954.06,1
2025-12-02,2025-12-02 13:32:00,557.43,557.46,557.43,557.46,0.01,44.64,24954.06,1
2025-12-02,2025-12-02 13:33:00,557.46,557.49,557.46,557.49,0.01,44.64,24954.06,1
2025-12-02,2025-12-02 13:34:00,557.49,557.52,557.49,557.52,0.01,44.64,24954.06,1
2025-12-02,2025-12-02 13:35:00,557.52,557.55,557.52,557.55,0.01,44.64,24954.06,1
2025-12-02,2025-12-02 13:36:00,557.55,557.58,557.55,557.58,0.01,44.64,24954.06,1
2025-12-02,2025-12-02 13:37:00,557.58,557.61,557.58,557.61,0.01,44.64,24954.06,1
2025-12-02,2025-12-02 13:38:00,557.61,557.64,557.61,557.64,0.01,44.64,24954.06,1
2025-12-02,2025-12-02 13:39:00,557.64,557.67,557.64,557.67,0.01,44.64,24954.06,1
2025-12-02,2025-12-02 13:40:00,557.67,557.7,557.67,557.7,0.01,44.64,24954.06,1
2025-12-02,2025-12-02 13:41:00,557.7,557.73,557.7,557.73,0.01,44.64,24954.06,1
2025-12-02,2025-12-02 13:42:00,557.73,557.75,557.73,557.75,0.0,44.64,24954.06,1
2025-12-02,2025-12-02 13:43:00,557.75,557.78,557.75,557.78,0.01,44.64,24954.06,1
2025-12-02,2025-12-02 13:44:00,557.78,557.81,557.78,557.81,0.01,44.64,24954.06,1
2025-12-02,2025-12-02 13:45:00,557.81,557.84,557.81,557.84,0.01,44.64,24954.06,1
2025-12-02,2025-12-02 13:46:00,557.84,557.87,557.84,557.87,0.01,44.64,24954.06,1
2025-12-02,2025-12-02 13:47:00,557.87,557.9,557.87,557.9,0.01,44.64,24954.06,1
2025-12-02,2025-12-02 13:48:00,557.9,557.93,557.9,557.93,0.01,44.64,24954.06,1
2025-12-02,2025-12-02 13:49:00,557.93,557.96,557.93,557.96,0.01,44.64,24954.06,1
2025-12-02,2025-12-02 13:50:00,557.96,557.99,557.96,557.99,0.01,44.64,24954.06,1
2025-12-02,2025-12-02 13:51:00,557.99,558.02,557.99,558.02,0.01,44.64,24954.06,1
2025-12-02,2025-12-02 13:52:00,558.02,558.05,558.02,558.05,0.01,44.64,24954.06,1
2025-12-02,2025-12-02 13:53:00,558.05,558.08,558.05,558.08,0.01,44.64,24954.06,1
2025-12-02,2025-12-02 13:54:00,558.08,558.1,558.08,558.1,0.0,44.64,24954.06,1
2025-12-02,2025-12-02 13:55:00,558.1,558.13,558.1,558.13,0.01,44.64,24954.06,1
2025-12-02,2025-12-02 13:56:00,558.13,558.16,558.13,558.16,0.01,44.64,24954.06,1
2025-12-02,2025-12-02 13:57:00,558.16,558.19,558.16,558.19,0.01,44.64,24954.06,1
2025-12-02,2025-12-02 13:58:00,558.19,558.22,558.19,558.22,0.01,44.64,24954.06,1
2025-12-02,2025-12-02 13:59:00,558.22,558.25,558.22,558.25,0.01,44.64,24954.06,1
2025-12-02,2025-12-02 14:00:00,558.25,558.28,558.25,558.28,0.01,44.64,24954.06,1
2025-12-02,2025-12-02 14:01:00,558.28,558.31,558.28,558.31,0.01,44.64,24954.06,1
2025-12-02,2025-12-02 14:02:00,558.31,558.34,558.31,558.34,0.01,44.64,24954.06,1
2025-12-02,2025-12-02 14:03:00,558.34,558.37,558.34,558.37,0.01,44.64,24954.06,1
2025-12-02,2025-12-02 14:04:00,558.37,558.4,558.37,558.4,0.01,44.64,24954.06,1
2025-12-02,2025-12-02 14:05:00,558.4,558.42,558.4,558.42,0.0,44.64,24954.06,1
2025-12-02,2025-12-02 14:06:00,558.42,558.45,558.42,558.45,0.01,44.64,24954.06,1
2025-12-02,2025-12-02 14:07:00,558.45,558.48,558.45,558.48,0.01,44.64,24954.06,1
2025-12-02,2025-12-02 14:08:00,558.48,558.51,558.48,558.51,0.01,44.64,24954.06,1
2025-12-02,2025-12-02 14:09:00,558.51,558.54,558.51,558.54,0.01,44.64,24954.06,1
2025-12-02,2025-12-02 14:10:00,558.54,558.57,558.54,558.57,0.01,44.64,24954.06,1
2025-12-02,2025-12-02 14:11:00,558.57,558.6,558.57,558.6,0.01,44.64,24954.06,1
2025-12-02,2025-12-02 14:12:00,558.6,558.63,558.6,558.63,0.01,44.64,24954.06,1
2025-12-02,2025-12-02 14:13:00,558.63,558.66,558.63,558.66,0.01,44.64,24954.06,1
2025-12-02,2025-12-02 14:14:00,558.66,558.69,558.66,558.69,0.01,44.64,24954.06,1
2025-12-02,2025-12-02 14:15:00,558.69,558.72,558.69,558.72,0.01,44.64,24954.06,1
2025-12-02,2025-12-02 14:16:00,558.72,558.75,558.72,558.75,0.01,44.64,24954.06,1
2025-12-02,2025-12-02 14:17:00,558.75,558.77,558.75,558.77,0.0,44.64,24954.06,1
2025-12-02,2025-12-02 14:18:00,558.77,558.8,558.77,558.8,0.01,44.64,24954.06,1
2025-12-02,2025-12-02 14:19:00,558.8,558.83,558.8,558.83,0.01,44.64,24954.06,1
2025-12-02,2025-12-02 14:20:00,558.83,558.86,558.83,558.86,0.01,44.64,24954.06,1
2025-12-02,2025-12-02 14:21:00,558.86,558.89,558.86,558.89,0.01,44.64,24954.06,1
2025-12-02,2025-12-02 14:22:00,558.89,558.92,558.89,558.92,0.01,44.64,24954.06,1
2025-12-02,2025-12-02 14:23:00,558.92,558.95,558.92,558.95,0.01,44.64,24954.06,1
2025-12-02,2025-12-02 14:24:00,558.95,558.98,558.95,558.98,0.01,44.64,24954.06,1
2025-12-02,2025-12-02 14:25:00,558.98,559.01,558.98,559.01,0.01,44.64,24954.06,1
2025-12-02,2025-12-02 14:26:00,559.01,559.04,559.01,559.04,0.01,44.64,24954.06,1
2025-12-02,2025-12-02 14:27:00,559.04,559.07,559.04,559.07,0.01,44.64,24954.06,1
2025-12-02,2025-12-02 14:28:00,559.07,559.1,559.07,559.1,0.01,44.64,24954.06,1
2025-12-02,2025-12-02 14:29:00,559.1,559.12,559.1,559.12,0.0,44.64,24954.06,1
2025-12-02,2025-12-02 14:30:00,559.12,559.15,559.12,559.15,0.01,44.64,24954.06,1
2025-12-02,2025-12-02 14:31:00,559.15,559.18,559.15,559.18,0.01,44.64,24954.06,1
2025-12-02,2025-12-02 14:32:00,559.18,559.21,559.18,559.21,0.01,44.64,24954.06,1
2025-12-02,2025-12-02 14:33:00,559.21,559.24,559.21,559.24,0.01,44.64,24954.06,1
2025-12-02,2025-12-02 14:34:00,559.24,559.27,559.24,559.27,0.01,44.64,24954.06,1
2025-12-02,2025-12-02 14:35:00,559.27,559.3,559.27,559.3,0.01,44.64,24954.06,1
2025-12-02,2025-12-02 14:36:00,559.3,559.33,559.3,559.33,0.01,44.64,24954.06,1
2025-12-02,2025-12-02 14:37:00,559.33,559.36,559.33,559.36,0.01,44.64,24954.06,1
2025-12-02,2025-12-02 14:38:00,559.36,559.39,559.36,559.39,0.01,44.64,24954.06,1
2025-12-02,2025-12-02 14:39:00,559.39,559.42,559.39,559.42,0.01,44.64,24954.06,1
2025-12-02,2025-12-02 14:40:00,559.42,559.45,559.42,559.45,0.01,44.64,24954.06,1
2025-12-02,2025-12-02 14:41:00,559.45,559.48,559.45,559.48,0.01,44.64,24954.06,1
2025-12-02,2025-12-02 14:42:00,559.48,559.5,559.48,559.5,0.0,44.64,24954.06,1
2025-12-02,2025-12-02 14:43:00,559.5,559.53,559.5,559.53,0.01,44.64,24954.06,1
2025-12-02,2025-12-02 14:44:00,559.53,559.56,559.53,559.56,0.01,44.64,24954.06,1
2025-12-02,2025-12-02 14:45:00,559.56,559.59,559.56,559.59,0.01,44.64,24954.06,1
2025-12-02,2025-12-02 14:46:00,559.59,559.62,559.59,559.62,0.01,44.64,24954.06,1
2025-12-02,2025-12-02 14:47:00,559.62,559.65,559.62,559.65,0.01,44.64,24954.06,1
2025-12-02,2025-12-02 14:48:00,559.65,559.68,559.65,559.68,0.01,44.64,24954.06,1
2025-12-02,2025-12-02 14:49:00,559.68,559.71,559.68,559.71,0.01,44.64,24954.06,1
2025-12-02,2025-12-02 14:50:00,559.71,559.74,559.71,559.74,0.01,44.64,24954.06,1
2025-12-02,2025-12-02 14:51:00,559.74,559.77,559.74,559.77,0.01,44.64,24954.06,1
2025-12-02,2025-12-02 14:52:00,559.77,559.8,559.77,559.8,0.01,44.64,24954.06,1
2025-12-02,2025-12-02 14:53:00,559.8,559.83,559.8,559.83,0.01,44.64,24954.06,1
2025-12-02,2025-12-02 14:54:00,559.83,559.85,559.83,559.85,0.0,44.64,24954.06,1
2025-12-02,2025-12-02 14:55:00,559.85,559.88,559.85,559.88,0.01,44.64,24954.06,1
2025-12-02,2025-12-02 14:56:00,559.88,559.91,559.88,559.91,0.01,44.64,24954.06,1
2025-12-02,2025-12-02 14:57:00,559.91,559.94,559.91,559.94,0.01,44.64,24954.06,1
2025-12-02,2025-12-02 14:58:00,559.94,559.97,559.94,559.97,0.01,44.64,24954.06,1
2025-12-02,2025-12-02 14:59:00,559.97,560.0,559.97,560.0,0.01,44.64,24954.06,1
2025-12-02,2025-12-02 15:00:00,560.0,567.0,545.0,560.0,0.0,44.64,24954.06,0
2025-12-03,2025-12-03 11:00:00,571.0,571.06,562.0,570.96,-0.01,139.46,77315.9,-1
2025-12-03,2025-12-03 11:01:00,570.96,570.96,570.92,570.92,-0.01,139.46,77315.9,-1
2025-12-03,2025-12-03 11:02:00,570.92,570.92,570.88,570.88,-0.01,139.46,77315.9,-1
2025-12-03,2025-12-03 11:03:00,570.88,570.88,570.83,570.83,-0.01,139.46,77315.9,-1
2025-12-03,2025-12-03 11:04:00,570.83,570.83,570.79,570.79,-0.01,139.46,77315.9,-1
2025-12-03,2025-12-03 11:05:00,570.79,570.79,570.75,570.75,-0.01,139.46,77315.9,-1
2025-12-03,2025-12-03 11:06:00,570.75,570.75,570.71,570.71,-0.01,139.46,77315.9,-1
2025-12-03,2025-12-03 11:07:00,570.71,570.71,570.67,570.67,-0.01,139.46,77315.9,-1
2025-12-03,2025-12-03 11:08:00,570.67,570.67,570.62,570.62,-0.01,139.46,77315.9,-1
2025-12-03,2025-12-03 11:09:00,570.62,570.62,570.58,570.58,-0.01,139.46,77315.9,-1
2025-12-03,2025-12-03 11:10:00,570.58,570.58,570.54,570.54,-0.01,139.46,77315.9,-1
2025-12-03,2025-12-03 11:11:00,570.54,570.54,570.5,570.5,-0.01,139.46,77315.9,-1
2025-12-03,2025-12-03 11:12:00,570.5,570.5,570.46,570.46,-0.01,139.46,77315.9,-1
2025-12-03,2025-12-03 11:13:00,570.46,570.46,570.42,570.42,-0.01,139.46,77315.9,-1
2025-12-03,2025-12-03 11:14:00,570.42,570.42,570.38,570.38,-0.01,139.46,77315.9,-1
2025-12-03,2025-12-03 11:15:00,570.38,570.38,570.33,570.33,-0.01,139.46,77315.9,-1
2025-12-03,2025-12-03 11:16:00,570.33,570.33,570.29,570.29,-0.01,139.46,77315.9,-1
2025-12-03,2025-12-03 11:17:00,570.29,570.29,570.25,570.25,-0.01,139.46,77315.9,-1
2025-12-03,2025-12-03 11:18:00,570.25,570.25,570.21,570.21,-0.01,139.46,77315.9,-1
2025-12-03,2025-12-03 11:19:00,570.21,570.21,570.17,570.17,-0.01,139.46,77315.9,-1
2025-12-03,2025-12-03 11:20:00,570.17,570.17,570.12,570.12,-0.01,139.46,77315.9,-1
2025-12-03,2025-12-03 11:21:00,570.12,570.12,570.08,570.08,-0.01,139.46,77315.9,-1
2025-12-03,2025-12-03 11:22:00,570.08,570.08,570.04,570.04,-0.01,139.46,77315.9,-1
2025-12-03,2025-12-03 11:23:00,570.04,570.04,570.0,570.0,-0.01,139.46,77315.9,-1
2025-12-03,2025-12-03 11:24:00,570.0,570.0,569.96,569.96,-0.01,139.46,77315.9,-1
2025-12-03,2025-12-03 11:25:00,569.96,569.96,569.92,569.92,-0.01,139.46,77315.9,-1
2025-12-03,2025-12-03 11:26:00,569.92,569.92,569.88,569.88,-0.01,139.46,77315.9,-1
2025-12-03,2025-12-03 11:27:00,569.88,569.88,569.83,569.83,-0.01,139.46,77315.9,-1
2025-12-03,2025-12-03 11:28:00,569.83,569.83,569.79,569.79,-0.01,139.46,77315.9,-1
2025-12-03,2025-12-03 11:29:00,569.79,569.79,569.75,569.75,-0.01,139.46,77315.9,-1
2025-12-03,2025-12-03 11:30:00,569.75,569.75,569.71,569.71,-0.01,139.46,77315.9,-1
2025-12-03,2025-12-03 11:31:00,569.71,569.71,569.67,569.67,-0.01,139.46,77315.9,-1
2025-12-03,2025-12-03 11:32:00,569.67,569.67,569.62,569.62,-0.01,139.46,77315.9,-1
2025-12-03,2025-12-03 11:33:00,569.62,569.62,569.58,569.58,-0.01,139.46,77315.9,-1
2025-12-03,2025-12-03 11:34:00,569.58,569.58,569.54,569.54,-0.01,139.46,77315.9,-1
2025-12-03,2025-12-03 11:35:00,569.54,569.54,569.5,569.5,-0.01,139.46,77315.9,-1
2025-12-03,2025-12-03 11:36:00,569.5,569.5,569.46,569.46,-0.01,139.46,77315.9,-1
2025-12-03,2025-12-03 11:37:00,569.46,569.46,569.42,569.42,-0.01,139.46,77315.9,-1
2025-12-03,2025-12-03 11:38:00,569.42,569.42,569.38,569.38,-0.01,139.46,77315.9,-1
2025-12-03,2025-12-03 11:39:00,569.38,569.38,569.33,569.33,-0.01,139.46,77315.9,-1
2025-12-03,2025-12-03 11:40:00,569.33,569.33,569.29,569.29,-0.01,139.46,77315.9,-1
2025-12-03,2025-12-03 11:41:00,569.29,569.29,569.25,569.25,-0.01,139.46,77315.9,-1
2025-12-03,2025-12-03 11:42:00,569.25,569.25,569.21,569.21,-0.01,139.46,77315.9,-1
2025-12-03,2025-12-03 11:43:00,569.21,569.21,569.17,569.17,-0.01,139.46,77315.9,-1
2025-12-03,2025-12-03 11:44:00,569.17,569.17,569.12,569.12,-0.01,139.46,77315.9,-1
2025-12-03,2025-12-03 11:45:00,569.12,569.12,569.08,569.08,-0.01,139.46,77315.9,-1
2025-12-03,2025-12-03 11:46:00,569.08,569.08,569.04,569.04,-0.01,139.46,77315.9,-1
2025-12-03,2025-12-03 11:47:00,569.04,569.04,569.0,569.0,-0.01,139.46,77315.9,-1
2025-12-03,2025-12-03 11:48:00,569.0,569.0,568.96,568.96,-0.01,139.46,77315.9,-1
2025-12-03,2025-12-03 11:49:00,568.96,568.96,568.92,568.92,-0.01,139.46,77315.9,-1
2025-12-03,2025-12-03 11:50:00,568.92,568.92,568.88,568.88,-0.01,139.46,77315.9,-1
2025-12-03,2025-12-03 11:51:00,568.88,568.88,568.83,568.83,-0.01,139.46,77315.9,-1
2025-12-03,2025-12-03 11:52:00,568.83,568.83,568.79,568.79,-0.01,139.46,77315.9,-1
2025-12-03,2025-12-03 11:53:00,568.79,568.79,568.75,568.75,-0.01,139.46,77315.9,-1
2025-12-03,2025-12-03 11:54:00,568.75,568.75,568.71,568.71,-0.01,139.46,77315.9,-1
2025-12-03,2025-12-03 11:55:00,568.71,568.71,568.67,568.67,-0.01,139.46,77315.9,-1
2025-12-03,2025-12-03 11:56:00,568.67,568.67,568.62,568.62,-0.01,139.46,77315.9,-1
2025-12-03,2025-12-03 11:57:00,568.62,568.62,568.58,568.58,-0.01,139.46,77315.9,-1
2025-12-03,2025-12-03 11:58:00,568.58,568.58,568.54,568.54,-0.01,139.46,77315.9,-1
2025-12-03,2025-12-03 11:59:00,568.54,568.54,568.5,568.5,-0.01,139.46,77315.9,-1
2025-12-03,2025-12-03 12:00:00,568.5,568.5,568.46,568.46,-0.01,139.46,77315.9,-1
2025-12-03,2025-12-03 12:01:00,568.46,568.46,568.42,568.42,-0.01,139.46,77315.9,-1
2025-12-03,2025-12-03 12:02:00,568.42,568.42,568.38,568.38,-0.01,139.46,77315.9,-1
2025-12-03,2025-12-03 12:03:00,568.38,568.38,568.33,568.33,-0.01,139.46,77315.9,-1
2025-12-03,2025-12-03 12:04:00,568.33,568.33,568.29,568.29,-0.01,139.46,77315.9,-1
2025-12-03,2025-12-03 12:05:00,568.29,568.29,568.25,568.25,-0.01,139.46,77315.9,-1
2025-12-03,2025-12-03 12:06:00,568.25,568.25,568.21,568.21,-0.01,139.46,77315.9,-1
2025-12-03,2025-12-03 12:07:00,568.21,568.21,568.17,568.17,-0.01,139.46,77315.9,-1
2025-12-03,2025-12-03 12:08:00,568.17,568.17,568.12,568.12,-0.01,139.46,77315.9,-1
2025-12-03,2025-12-03 12:09:00,568.12,568.12,568.08,568.08,-0.01,139.46,77315.9,-1
2025-12-03,2025-12-03 12:10:00,568.08,568.08,568.04,568.04,-0.01,139.46,77315.9,-1
2025-12-03,2025-12-03 12:11:00,568.04,568.04,568.0,568.0,-0.01,139.46,77315.9,-1
2025-12-03,2025-12-03 12:12:00,568.0,568.0,567.96,567.96,-0.01,139.46,77315.9,-1
2025-12-03,2025-12-03 12:13:00,567.96,567.96,567.92,567.92,-0.01,139.46,77315.9,-1
2025-12-03,2025-12-03 12:14:00,567.92,567.92,567.88,567.88,-0.01,139.46,77315.9,-1
2025-12-03,2025-12-03 12:15:00,567.88,567.88,567.83,567.83,-0.01,139.46,77315.9,-1
2025-12-03,2025-12-03 12:16:00,567.83,567.83,567.79,567.79,-0.01,139.46,77315.9,-1
2025-12-03,2025-12-03 12:17:00,567.79,567.79,567.75,567.75,-0.01,139.46,77315.9,-1
2025-12-03,2025-12-03 12:18:00,567.75,567.75,567.71,567.71,-0.01,139.46,77315.9,-1
2025-12-03,2025-12-03 12:19:00,567.71,567.71,567.67,567.67,-0.01,139.46,77315.9,-1
2025-12-03,2025-12-03 12:20:00,567.67,567.67,567.62,567.62,-0.01,139.46,77315.9,-1
2025-12-03,2025-12-03 12:21:00,567.62,567.62,567.58,567.58,-0.01,139.46,77315.9,-1
2025-12-03,2025-12-03 12:22:00,567.58,567.58,567.54,567.54,-0.01,139.46,77315.9,-1
2025-12-03,2025-12-03 12:23:00,567.54,567.54,567.5,567.5,-0.01,139.46,77315.9,-1
2025-12-03,2025-12-03 12:24:00,567.5,567.5,567.46,567.46,-0.01,139.46,77315.9,-1
2025-12-03,2025-12-03 12:25:00,567.46,567.46,567.42,567.42,-0.01,139.46,77315.9,-1
2025-12-03,2025-12-03 12:26:00,567.42,567.42,567.38,567.38,-0.01,139.46,77315.9,-1
2025-12-03,2025-12-03 12:27:00,567.38,567.38,567.33,567.33,-0.01,139.46,77315.9,-1
2025-12-03,2025-12-03 12:28:00,567.33,567.33,567.29,567.29,-0.01,139.46,77315.9,-1
2025-12-03,2025-12-03 12:29:00,567.29,567.29,567.25,567.25,-0.01,139.46,77315.9,-1
2025-12-03,2025-12-03 12:30:00,567.25,567.25,567.21,567.21,-0.01,139.46,77315.9,-1
2025-12-03,2025-12-03 12:31:00,567.21,567.21,567.17,567.17,-0.01,139.46,77315.9,-1
2025-12-03,2025-12-03 12:32:00,567.17,567.17,567.12,567.12,-0.01,139.46,77315.9,-1
2025-12-03,2025-12-03 12:33:00,567.12,567.12,567.08,567.08,-0.01,139.46,77315.9,-1
2025-12-03,2025-12-03 12:34:00,567.08,567.08,567.04,567.04,-0.01,139.46,77315.9,-1
2025-12-03,2025-12-03 12:35:00,567.04,567.04,567.0,567.0,-0.01,139.46,77315.9,-1
2025-12-03,2025-12-03 12:36:00,567.0,567.0,566.96,566.96,-0.01,139.46,77315.9,-1
2025-12-03,2025-12-03 12:37:00,566.96,566.96,566.92,566.92,-0.01,139.46,77315.9,-1
2025-12-03,2025-12-03 12:38:00,566.92,566.92,566.88,566.88,-0.01,139.46,77315.9,-1
2025-12-03,2025-12-03 12:39:00,566.88,566.88,566.83,566.83,-0.01,139.46,77315.9,-1
2025-12-03,2025-12-03 12:40:00,566.83,566.83,566.79,566.79,-0.01,139.46,77315.9,-1
2025-12-03,2025-12-03 12:41:00,566.79,566.79,566.75,566.75,-0.01,139.46,77315.9,-1
2025-12-03,2025-12-03 12:42:00,566.75,566.75,566.71,566.71,-0.01,139.46,77315.9,-1
2025-12-03,2025-12-03 12:43:00,566.71,566.71,566.67,566.67,-0.01,139.46,77315.9,-1
2025-12-03,2025-12-03 12:44:00,566.67,566.67,566.62,566.62,-0.01,139.46,77315.9,-1
2025-12-03,2025-12-03 12:45:00,566.62,566.62,566.58,566.58,-0.01,139.46,77315.9,-1
2025-12-03,2025-12-03 12:46:00,566.58,566.58,566.54,566.54,-0.01,139.46,77315.9,-1
2025-12-03,2025-12-03 12:47:00,566.54,566.54,566.5,566.5,-0.01,139.46,77315.9,-1
2025-12-03,2025-12-03 12:48:00,566.5,566.5,566.46,566.46,-0.01,139.46,77315.9,-1
2025-12-03,2025-12-03 12:49:00,566.46,566.46,566.42,566.42,-0.01,139.46,77315.9,-1
2025-12-03,2025-12-03 12:50:00,566.42,566.42,566.38,566.38,-0.01,139.46,77315.9,-1
2025-12-03,2025-12-03 12:51:00,566.38,566.38,566.33,566.33,-0.01,139.46,77315.9,-1
2025-12-03,2025-12-03 12:52:00,566.33,566.33,566.29,566.29,-0.01,139.46,77315.9,-1
2025-12-03,2025-12-03 12:53:00,566.29,566.29,566.25,566.25,-0.01,139.46,77315.9,-1
2025-12-03,2025-12-03 12:54:00,566.25,566.25,566.21,566.21,-0.01,139.46,77315.9,-1
2025-12-03,2025-12-03 12:55:00,566.21,566.21,566.17,566.17,-0.01,139.46,77315.9,-1
2025-12-03,2025-12-03 12:56:00,566.17,566.17,566.12,566.12,-0.01,139.46,77315.9,-1
2025-12-03,2025-12-03 12:57:00,566.12,566.12,566.08,566.08,-0.01,139.46,77315.9,-1
2025-12-03,2025-12-03 12:58:00,566.08,566.08,566.04,566.04,-0.01,139.46,77315.9,-1
2025-12-03,2025-12-03 12:59:00,566.04,566.04,566.0,566.0,-0.01,139.46,77315.9,-1
2025-12-03,2025-12-03 13:00:00,566.0,571.2,541.0,565.96,-0.01,139.46,77315.9,-1
2025-12-03,2025-12-03 13:01:00,565.96,565.96,565.92,565.92,-0.01,139.46,77315.9,-1
2025-12-03,2025-12-03 13:02:00,565.92,565.92,565.88,565.88,-0.01,139.46,77315.9,-1
2025-12-03,2025-12-03 13:03:00,565.88,565.88,565.83,565.83,-0.01,139.46,77315.9,-1
2025-12-03,2025-12-03 13:04:00,565.83,565.83,565.79,565.79,-0.01,139.46,77315.9,-1
2025-12-03,2025-12-03 13:05:00,565.79,565.79,565.75,565.75,-0.01,139.46,77315.9,-1
2025-12-03,2025-12-03 13:06:00,565.75,565.75,565.71,565.71,-0.01,139.46,77315.9,-1
2025-12-03,2025-12-03 13:07:00,565.71,565.71,565.67,565.67,-0.01,139.46,77315.9,-1
2025-12-03,2025-12-03 13:08:00,565.67,565.67,565.62,565.62,-0.01,139.46,77315.9,-1
2025-12-03,2025-12-03 13:09:00,565.62,565.62,565.58,565.58,-0.01,139.46,77315.9,-1
2025-12-03,2025-12-03 13:10:00,565.58,565.58,565.54,565.54,-0.01,139.46,77315.9,-1
2025-12-03,2025-12-03 13:11:00,565.54,565.54,565.5,565.5,-0.01,139.46,77315.9,-1
2025-12-03,2025-12-03 13:12:00,565.5,565.5,565.46,565.46,-0.01,139.46,77315.9,-1
2025-12-03,2025-12-03 13:13:00,565.46,565.46,565.42,565.42,-0.01,139.46,77315.9,-1
2025-12-03,2025-12-03 13:14:00,565.42,565.42,565.38,565.38,-0.01,139.46,77315.9,-1
2025-12-03,2025-12-03 13:15:00,565.38,565.38,565.33,565.33,-0.01,139.46,77315.9,-1
2025-12-03,2025-12-03 13:16:00,565.33,565.33,565.29,565.29,-0.01,139.46,77315.9,-1
2025-12-03,2025-12-03 13:17:00,565.29,565.29,565.25,565.25,-0.01,139.46,77315.9,-1
2025-12-03,2025-12-03 13:18:00,565.25,565.25,565.21,565.21,-0.01,139.46,77315.9,-1
2025-12-03,2025-12-03 13:19:00,565.21,565.21,565.17,565.17,-0.01,139.46,77315.9,-1
2025-12-03,2025-12-03 13:20:00,565.17,565.17,565.12,565.12,-0.01,139.46,77315.9,-1
2025-12-03,2025-12-03 13:21:00,565.12,565.12,565.08,565.08,-0.01,139.46,77315.9,-1
2025-12-03,2025-12-03 13:22:00,565.08,565.08,565.04,565.04,-0.01,139.46,77315.9,-1
2025-12-03,2025-12-03 13:23:00,565.04,565.04,565.0,565.0,-0.01,139.46,77315.9,-1
2025-12-03,2025-12-03 13:24:00,565.0,565.0,564.96,564.96,-0.01,139.46,77315.9,-1
2025-12-03,2025-12-03 13:25:00,564.96,564.96,564.92,564.92,-0.01,139.46,77315.9,-1
2025-12-03,2025-12-03 13:26:00,564.92,564.92,564.88,564.88,-0.01,139.46,77315.9,-1
2025-12-03,2025-12-03 13:27:00,564.88,564.88,564.83,564.83,-0.01,139.46,77315.9,-1
2025-12-03,2025-12-03 13:28:00,564.83,564.83,564.79,564.79,-0.01,139.46,77315.9,-1
2025-12-03,2025-12-03 13:29:00,564.79,564.79,564.75,564.75,-0.01,139.46,77315.9,-1
2025-12-03,2025-12-03 13:30:00,564.75,564.75,564.71,564.71,-0.01,139.46,77315.9,-1
2025-12-03,2025-12-03 13:31:00,564.71,564.71,564.67,564.67,-0.01,139.46,77315.9,-1
2025-12-03,2025-12-03 13:32:00,564.67,564.67,564.62,564.62,-0.01,139.46,77315.9,-1
2025-12-03,2025-12-03 13:33:00,564.62,564.62,564.58,564.58,-0.01,139.46,77315.9,-1
2025-12-03,2025-12-03 13:34:00,564.58,564.58,564.54,564.54,-0.01,139.46,77315.9,-1
2025-12-03,2025-12-03 13:35:00,564.54,564.54,564.5,564.5,-0.01,139.46,77315.9,-1
2025-12-03,2025-12-03 13:36:00,564.5,564.5,564.46,564.46,-0.01,139.46,77315.9,-1
2025-12-03,2025-12-03 13:37:00,564.46,564.46,564.42,564.42,-0.01,139.46,77315.9,-1
2025-12-03,2025-12-03 13:38:00,564.42,564.42,564.38,564.38,-0.01,139.46,77315.9,-1
2025-12-03,2025-12-03 13:39:00,564.38,564.38,564.33,564.33,-0.01,139.46,77315.9,-1
2025-12-03,2025-12-03 13:40:00,564.33,564.33,564.29,564.29,-0.01,139.46,77315.9,-1
2025-12-03,2025-12-03 13:41:00,564.29,564.29,564.25,564.25,-0.01,139.46,77315.9,-1
2025-12-03,2025-12-03 13:42:00,564.25,564.25,564.21,564.21,-0.01,139.46,77315.9,-1
2025-12-03,2025-12-03 13:43:00,564.21,564.21,564.17,564.17,-0.01,139.46,77315.9,-1
2025-12-03,2025-12-03 13:44:00,564.17,564.17,564.12,564.12,-0.01,139.46,77315.9,-1
2025-12-03,2025-12-03 13:45:00,564.12,564.12,564.08,564.08,-0.01,139.46,77315.9,-1
2025-12-03,2025-12-03 13:46:00,564.08,564.08,564.04,564.04,-0.01,139.46,77315.9,-1
2025-12-03,2025-12-03 13:47:00,564.04,564.04,564.0,564.0,-0.01,139.46,77315.9,-1
2025-12-03,2025-12-03 13:48:00,564.0,564.0,563.96,563.96,-0.01,139.46,77315.9,-1
2025-12-03,2025-12-03 13:49:00,563.96,563.96,563.92,563.92,-0.01,139.46,77315.9,-1
2025-12-03,2025-12-03 13:50:00,563.92,563.92,563.88,563.88,-0.01,139.46,77315.9,-1
2025-12-03,2025-12-03 13:51:00,563.88,563.88,563.83,563.83,-0.01,139.46,77315.9,-1
2025-12-03,2025-12-03 13:52:00,563.83,563.83,563.79,563.79,-0.01,139.46,77315.9,-1
2025-12-03,2025-12-03 13:53:00,563.79,563.79,563.75,563.75,-0.01,139.46,77315.9,-1
2025-12-03,2025-12-03 13:54:00,563.75,563.75,563.71,563.71,-0.01,139.46,77315.9,-1
2025-12-03,2025-12-03 13:55:00,563.71,563.71,563.67,563.67,-0.01,139.46,77315.9,-1
2025-12-03,2025-12-03 13:56:00,563.67,563.67,563.62,563.62,-0.01,139.46,77315.9,-1
2025-12-03,2025-12-03 13:57:00,563.62,563.62,563.58,563.58,-0.01,139.46,77315.9,-1
2025-12-03,2025-12-03 13:58:00,563.58,563.58,563.54,563.54,-0.01,139.46,77315.9,-1
2025-12-03,2025-12-03 13:59:00,563.54,563.54,563.5,563.5,-0.01,139.46,77315.9,-1
2025-12-03,2025-12-03 14:00:00,563.5,563.5,563.46,563.46,-0.01,139.46,77315.9,-1
2025-12-03,2025-12-03 14:01:00,563.46,563.46,563.42,563.42,-0.01,139.46,77315.9,-1
2025-12-03,2025-12-03 14:02:00,563.42,563.42,563.38,563.38,-0.01,139.46,77315.9,-1
2025-12-03,2025-12-03 14:03:00,563.38,563.38,563.33,563.33,-0.01,139.46,77315.9,-1
2025-12-03,2025-12-03 14:04:00,563.33,563.33,563.29,563.29,-0.01,139.46,77315.9,-1
2025-12-03,2025-12-03 14:05:00,563.29,563.29,563.25,563.25,-0.01,139.46,77315.9,-1
2025-12-03,2025-12-03 14:06:00,563.25,563.25,563.21,563.21,-0.01,139.46,77315.9,-1
2025-12-03,2025-12-03 14:07:00,563.21,563.21,563.17,563.17,-0.01,139.46,77315.9,-1
2025-12-03,2025-12-03 14:08:00,563.17,563.17,563.12,563.12,-0.01,139.46,77315.9,-1
2025-12-03,2025-12-03 14:09:00,563.12,563.12,563.08,563.08,-0.01,139.46,77315.9,-1
2025-12-03,2025-12-03 14:10:00,563.08,563.08,563.04,563.04,-0.01,139.46,77315.9,-1
2025-12-03,2025-12-03 14:11:00,563.04,563.04,563.0,563.0,-0.01,139.46,77315.9,-1
2025-12-03,2025-12-03 14:12:00,563.0,563.0,562.96,562.96,-0.01,139.46,77315.9,-1
2025-12-03,2025-12-03 14:13:00,562.96,562.96,562.92,562.92,-0.01,139.46,77315.9,-1
2025-12-03,2025-12-03 14:14:00,562.92,562.92,562.88,562.88,-0.01,139.46,77315.9,-1
2025-12-03,2025-12-03 14:15:00,562.88,562.88,562.83,562.83,-0.01,139.46,77315.9,-1
2025-12-03,2025-12-03 14:16:00,562.83,562.83,562.79,562.79,-0.01,139.46,77315.9,-1
2025-12-03,2025-12-03 14:17:00,562.79,562.79,562.75,562.75,-0.01,139.46,77315.9,-1
2025-12-03,2025-12-03 14:18:00,562.75,562.75,562.71,562.71,-0.01,139.46,77315.9,-1
2025-12-03,2025-12-03 14:19:00,562.71,562.71,562.67,562.67,-0.01,139.46,77315.9,-1
2025-12-03,2025-12-03 14:20:00,562.67,562.67,562.62,562.62,-0.01,139.46,77315.9,-1
2025-12-03,2025-12-03 14:21:00,562.62,562.62,562.58,562.58,-0.01,139.46,77315.9,-1
2025-12-03,2025-12-03 14:22:00,562.58,562.58,562.54,562.54,-0.01,139.46,77315.9,-1
2025-12-03,2025-12-03 14:23:00,562.54,562.54,562.5,562.5,-0.01,139.46,77315.9,-1
2025-12-03,2025-12-03 14:24:00,562.5,562.5,562.46,562.46,-0.01,139.46,77315.9,-1
2025-12-03,2025-12-03 14:25:00,562.46,562.46,562.42,562.42,-0.01,139.46,77315.9,-1
2025-12-03,2025-12-03 14:26:00,562.42,562.42,562.38,562.38,-0.01,139.46,77315.9,-1
2025-12-03,2025-12-03 14:27:00,562.38,562.38,562.33,562.33,-0.01,139.46,77315.9,-1
2025-12-03,2025-12-03 14:28:00,562.33,562.33,562.29,562.29,-0.01,139.46,77315.9,-1
2025-12-03,2025-12-03 14:29:00,562.29,562.29,562.25,562.25,-0.01,139.46,77315.9,-1
2025-12-03,2025-12-03 14:30:00,562.25,562.25,562.21,562.21,-0.01,139.46,77315.9,-1
2025-12-03,2025-12-03 14:31:00,562.21,562.21,562.17,562.17,-0.01,139.46,77315.9,-1
2025-12-03,2025-12-03 14:32:00,562.17,562.17,562.12,562.12,-0.01,139.46,77315.9,-1
2025-12-03,2025-12-03 14:33:00,562.12,562.12,562.08,562.08,-0.01,139.46,77315.9,-1
2025-12-03,2025-12-03 14:34:00,562.08,562.08,562.04,562.04,-0.01,139.46,77315.9,-1
2025-12-03,2025-12-03 14:35:00,562.04,562.04,562.0,562.0,-0.01,139.46,77315.9,-1
2025-12-03,2025-12-03 14:36:00,562.0,562.0,561.96,561.96,-0.01,139.46,77315.9,-1
2025-12-03,2025-12-03 14:37:00,561.96,561.96,561.92,561.92,-0.01,139.46,77315.9,-1
2025-12-03,2025-12-03 14:38:00,561.92,561.92,561.88,561.88,-0.01,139.46,77315.9,-1
2025-12-03,2025-12-03 14:39:00,561.88,561.88,561.83,561.83,-0.01,139.46,77315.9,-1
2025-12-03,2025-12-03 14:40:00,561.83,561.83,561.79,561.79,-0.01,139.46,77315.9,-1
2025-12-03,2025-12-03 14:41:00,561.79,561.79,561.75,561.75,-0.01,139.46,77315.9,-1
2025-12-03,2025-12-03 14:42:00,561.75,561.75,561.71,561.71,-0.01,139.46,77315.9,-1
2025-12-03,2025-12-03 14:43:00,561.71,561.71,561.67,561.67,-0.01,139.46,77315.9,-1
2025-12-03,2025-12-03 14:44:00,561.67,561.67,561.62,561.62,-0.01,139.46,77315.9,-1
2025-12-03,2025-12-03 14:45:00,561.62,561.62,561.58,561.58,-0.01,139.46,77315.9,-1
2025-12-03,2025-12-03 14:46:00,561.58,561.58,561.54,561.54,-0.01,139.46,77315.9,-1
2025-12-03,2025-12-03 14:47:00,561.54,561.54,561.5,561.5,-0.01,139.46,77315.9,-1
2025-12-03,2025-12-03 14:48:00,561.5,561.5,561.46,561.46,-0.01,139.46,77315.9,-1
2025-12-03,2025-12-03 14:49:00,561.46,561.46,561.42,561.42,-0.01,139.46,77315.9,-1
2025-12-03,2025-12-03 14:50:00,561.42,561.42,561.38,561.38,-0.01,139.46,77315.9,-1
2025-12-03,2025-12-03 14:51:00,561.38,561.38,561.33,561.33,-0.01,139.46,77315.9,-1
2025-12-03,2025-12-03 14:52:00,561.33,561.33,561.29,561.29,-0.01,139.46,77315.9,-1
2025-12-03,2025-12-03 14:53:00,561.29,561.29,561.25,561.25,-0.01,139.46,77315.9,-1
2025-12-03,2025-12-03 14:54:00,561.25,561.25,561.21,561.21,-0.01,139.46,77315.9,-1
2025-12-03,2025-12-03 14:55:00,561.21,561.21,561.17,561.17,-0.01,139.46,77315.9,-1
2025-12-03,2025-12-03 14:56:00,561.17,561.17,561.12,561.12,-0.01,139.46,77315.9,-1
2025-12-03,2025-12-03 14:57:00,561.12,561.12,561.08,561.08,-0.01,139.46,77315.9,-1
2025-12-03,2025-12-03 14:58:00,561.08,561.08,561.04,561.04,-0.01,139.46,77315.9,-1
2025-12-03,2025-12-03 14:59:00,561.04,561.04,561.0,561.0,-0.01,139.46,77315.9,-1
2025-12-03,2025-12-03 15:00:00,561.0,571.2,541.0,561.0,0.0,139.46,77315.9,0
2025-12-07,2025-12-07 11:00:00,561.0,562.77,557.64,560.96,-0.01,49.84,27561.35,-1
2025-12-07,2025-12-07 11:01:00,560.96,560.96,560.92,560.92,-0.01,49.84,27561.35,-1
2025-12-07,2025-12-07 11:02:00,560.92,560.92,560.88,560.88,-0.01,49.84,27561.35,-1
2025-12-07,2025-12-07 11:03:00,560.88,560.88,560.84,560.84,-0.01,49.84,27561.35,-1
2025-12-07,2025-12-07 11:04:00,560.84,560.84,560.8,560.8,-0.01,49.84,27561.35,-1
2025-12-07,2025-12-07 11:05:00,560.8,560.8,560.75,560.75,-0.01,49.84,27561.35,-1
2025-12-07,2025-12-07 11:06:00,560.75,560.75,560.71,560.71,-0.01,49.84,27561.35,-1
2025-12-07,2025-12-07 11:07:00,560.71,560.71,560.67,560.67,-0.01,49.84,27561.35,-1
2025-12-07,2025-12-07 11:08:00,560.67,560.67,560.63,560.63,-0.01,49.84,27561.35,-1
2025-12-07,2025-12-07 11:09:00,560.63,560.63,560.59,560.59,-0.01,49.84,27561.35,-1
2025-12-07,2025-12-07 11:10:00,560.59,560.59,560.55,560.55,-0.01,49.84,27561.35,-1
2025-12-07,2025-12-07 11:11:00,560.55,560.55,560.51,560.51,-0.01,49.84,27561.35,-1
2025-12-07,2025-12-07 11:12:00,560.51,560.51,560.47,560.47,-0.01,49.84,27561.35,-1
2025-12-07,2025-12-07 11:13:00,560.47,560.47,560.43,560.43,-0.01,49.84,27561.35,-1
2025-12-07,2025-12-07 11:14:00,560.43,560.43,560.39,560.39,-0.01,49.84,27561.35,-1
2025-12-07,2025-12-07 11:15:00,560.39,560.39,560.35,560.35,-0.01,49.84,27561.35,-1
2025-12-07,2025-12-07 11:16:00,560.35,560.35,560.31,560.31,-0.01,49.84,27561.35,-1
2025-12-07,2025-12-07 11:17:00,560.31,560.31,560.26,560.26,-0.01,49.84,27561.35,-1
2025-12-07,2025-12-07 11:18:00,560.26,560.26,560.22,560.22,-0.01,49.84,27561.35,-1
2025-12-07,2025-12-07 11:19:00,560.22,560.22,560.18,560.18,-0.01,49.84,27561.35,-1
2025-12-07,2025-12-07 11:20:00,560.18,560.18,560.14,560.14,-0.01,49.84,27561.35,-1
2025-12-07,2025-12-07 11:21:00,560.14,560.14,560.1,560.1,-0.01,49.84,27561.35,-1
2025-12-07,2025-12-07 11:22:00,560.1,560.1,560.06,560.06,-0.01,49.84,27561.35,-1
2025-12-07,2025-12-07 11:23:00,560.06,560.06,560.02,560.02,-0.01,49.84,27561.35,-1
2025-12-07,2025-12-07 11:24:00,560.02,560.02,559.98,559.98,-0.01,49.84,27561.35,-1
2025-12-07,2025-12-07 11:25:00,559.98,559.98,559.94,559.94,-0.01,49.84,27561.35,-1
2025-12-07,2025-12-07 11:26:00,559.94,559.94,559.9,559.9,-0.01,49.84,27561.35,-1
2025-12-07,2025-12-07 11:27:00,559.9,559.9,559.86,559.86,-0.01,49.84,27561.35,-1
2025-12-07,2025-12-07 11:28:00,559.86,559.86,559.82,559.82,-0.01,49.84,27561.35,-1
2025-12-07,2025-12-07 11:29:00,559.82,559.82,559.77,559.77,-0.01,49.84,27561.35,-1
2025-12-07,2025-12-07 11:30:00,559.77,559.77,559.73,559.73,-0.01,49.84,27561.35,-1
2025-12-07,2025-12-07 11:31:00,559.73,559.73,559.69,559.69,-0.01,49.84,27561.35,-1
2025-12-07,2025-12-07 11:32:00,559.69,559.69,559.65,559.65,-0.01,49.84,27561.35,-1
2025-12-07,2025-12-07 11:33:00,559.65,559.65,559.61,559.61,-0.01,49.84,27561.35,-1
2025-12-07,2025-12-07 11:34:00,559.61,559.61,559.57,559.57,-0.01,49.84,27561.35,-1
2025-12-07,2025-12-07 11:35:00,559.57,559.57,559.53,559.53,-0.01,49.84,27561.35,-1
2025-12-07,2025-12-07 11:36:00,559.53,559.53,559.49,559.49,-0.01,49.84,27561.35,-1
2025-12-07,2025-12-07 11:37:00,559.49,559.49,559.45,559.45,-0.01,49.84,27561.35,-1
2025-12-07,2025-12-07 11:38:00,559.45,559.45,559.41,559.41,-0.01,49.84,27561.35,-1
2025-12-07,2025-12-07 11:39:00,559.41,559.41,559.37,559.37,-0.01,49.84,27561.35,-1
2025-12-07,2025-12-07 11:40:00,559.37,559.37,559.33,559.33,-0.01,49.84,27561.35,-1
2025-12-07,2025-12-07 11:41:00,559.33,559.33,559.28,559.28,-0.01,49.84,27561.35,-1
2025-12-07,2025-12-07 11:42:00,559.28,559.28,559.24,559.24,-0.01,49.84,27561.35,-1
2025-12-07,2025-12-07 11:43:00,559.24,559.24,559.2,559.2,-0.01,49.84,27561.35,-1
2025-12-07,2025-12-07 11:44:00,559.2,559.2,559.16,559.16,-0.01,49.84,27561.35,-1
2025-12-07,2025-12-07 11:45:00,559.16,559.16,559.12,559.12,-0.01,49.84,27561.35,-1
2025-12-07,2025-12-07 11:46:00,559.12,559.12,559.08,559.08,-0.01,49.84,27561.35,-1
2025-12-07,2025-12-07 11:47:00,559.08,559.08,559.04,559.04,-0.01,49.84,27561.35,-1
2025-12-07,2025-12-07 11:48:00,559.04,559.04,559.0,559.0,-0.01,49.84,27561.35,-1
2025-12-07,2025-12-07 11:49:00,559.0,559.0,558.96,558.96,-0.01,49.84,27561.35,-1
2025-12-07,2025-12-07 11:50:00,558.96,558.96,558.92,558.92,-0.01,49.84,27561.35,-1
2025-12-07,2025-12-07 11:51:00,558.92,558.92,558.88,558.88,-0.01,49.84,27561.35,-1
2025-12-07,2025-12-07 11:52:00,558.88,558.88,558.84,558.84,-0.01,49.84,27561.35,-1
2025-12-07,2025-12-07 11:53:00,558.84,558.84,558.79,558.79,-0.01,49.84,27561.35,-1
2025-12-07,2025-12-07 11:54:00,558.79,558.79,558.75,558.75,-0.01,49.84,27561.35,-1
2025-12-07,2025-12-07 11:55:00,558.75,558.75,558.71,558.71,-0.01,49.84,27561.35,-1
2025-12-07,2025-12-07 11:56:00,558.71,558.71,558.67,558.67,-0.01,49.84,27561.35,-1
2025-12-07,2025-12-07 11:57:00,558.67,558.67,558.63,558.63,-0.01,49.84,27561.35,-1
2025-12-07,2025-12-07 11:58:00,558.63,558.63,558.59,558.59,-0.01,49.84,27561.35,-1
2025-12-07,2025-12-07 11:59:00,558.59,558.59,558.55,558.55,-0.01,49.84,27561.35,-1
2025-12-07,2025-12-07 12:00:00,558.55,558.55,558.51,558.51,-0.01,49.84,27561.35,-1
2025-12-07,2025-12-07 12:01:00,558.51,558.51,558.47,558.47,-0.01,49.84,27561.35,-1
2025-12-07,2025-12-07 12:02:00,558.47,558.47,558.43,558.43,-0.01,49.84,27561.35,-1
2025-12-07,2025-12-07 12:03:00,558.43,558.43,558.39,558.39,-0.01,49.84,27561.35,-1
2025-12-07,2025-12-07 12:04:00,558.39,558.39,558.35,558.35,-0.01,49.84,27561.35,-1
2025-12-07,2025-12-07 12:05:00,558.35,558.35,558.31,558.31,-0.01,49.84,27561.35,-1
2025-12-07,2025-12-07 12:06:00,558.31,558.31,558.26,558.26,-0.01,49.84,27561.35,-1
2025-12-07,2025-12-07 12:07:00,558.26,558.26,558.22,558.22,-0.01,49.84,27561.35,-1
2025-12-07,2025-12-07 12:08:00,558.22,558.22,558.18,558.18,-0.01,49.84,27561.35,-1
2025-12-07,2025-12-07 12:09:00,558.18,558.18,558.14,558.14,-0.01,49.84,27561.35,-1
2025-12-07,2025-12-07 12:10:00,558.14,558.14,558.1,558.1,-0.01,49.84,27561.35,-1
2025-12-07,2025-12-07 12:11:00,558.1,558.1,558.06,558.06,-0.01,49.84,27561.35,-1
2025-12-07,2025-12-07 12:12:00,558.06,558.06,558.02,558.02,-0.01,49.84,27561.35,-1
2025-12-07,2025-12-07 12:13:00,558.02,558.02,557.98,557.98,-0.01,49.84,27561.35,-1
2025-12-07,2025-12-07 12:14:00,557.98,557.98,557.94,557.94,-0.01,49.84,27561.35,-1
2025-12-07,2025-12-07 12:15:00,557.94,557.94,557.9,557.9,-0.01,49.84,27561.35,-1
2025-12-07,2025-12-07 12:16:00,557.9,557.9,557.86,557.86,-0.01,49.84,27561.35,-1
2025-12-07,2025-12-07 12:17:00,557.86,557.86,557.82,557.82,-0.01,49.84,27561.35,-1
2025-12-07,2025-12-07 12:18:00,557.82,557.82,557.77,557.77,-0.01,49.84,27561.35,-1
2025-12-07,2025-12-07 12:19:00,557.77,557.77,557.73,557.73,-0.01,49.84,27561.35,-1
2025-12-07,2025-12-07 12:20:00,557.73,557.73,557.69,557.69,-0.01,49.84,27561.35,-1
2025-12-07,2025-12-07 12:21:00,557.69,557.69,557.65,557.65,-0.01,49.84,27561.35,-1
2025-12-07,2025-12-07 12:22:00,557.65,557.65,557.61,557.61,-0.01,49.84,27561.35,-1
2025-12-07,2025-12-07 12:23:00,557.61,557.61,557.57,557.57,-0.01,49.84,27561.35,-1
2025-12-07,2025-12-07 12:24:00,557.57,557.57,557.53,557.53,-0.01,49.84,27561.35,-1
2025-12-07,2025-12-07 12:25:00,557.53,557.53,557.49,557.49,-0.01,49.84,27561.35,-1
2025-12-07,2025-12-07 12:26:00,557.49,557.49,557.45,557.45,-0.01,49.84,27561.35,-1
2025-12-07,2025-12-07 12:27:00,557.45,557.45,557.41,557.41,-0.01,49.84,27561.35,-1
2025-12-07,2025-12-07 12:28:00,557.41,557.41,557.37,557.37,-0.01,49.84,27561.35,-1
2025-12-07,2025-12-07 12:29:00,557.37,557.37,557.33,557.33,-0.01,49.84,27561.35,-1
2025-12-07,2025-12-07 12:30:00,557.33,557.33,557.28,557.28,-0.01,49.84,27561.35,-1
2025-12-07,2025-12-07 12:31:00,557.28,557.28,557.24,557.24,-0.01,49.84,27561.35,-1
2025-12-07,2025-12-07 12:32:00,557.24,557.24,557.2,557.2,-0.01,49.84,27561.35,-1
2025-12-07,2025-12-07 12:33:00,557.2,557.2,557.16,557.16,-0.01,49.84,27561.35,-1
2025-12-07,2025-12-07 12:34:00,557.16,557.16,557.12,557.12,-0.01,49.84,27561.35,-1
2025-12-07,2025-12-07 12:35:00,557.12,557.12,557.08,557.08,-0.01,49.84,27561.35,-1
2025-12-07,2025-12-07 12:36:00,557.08,557.08,557.04,557.04,-0.01,49.84,27561.35,-1
2025-12-07,2025-12-07 12:37:00,557.04,557.04,557.0,557.0,-0.01,49.84,27561.35,-1
2025-12-07,2025-12-07 12:38:00,557.0,557.0,556.96,556.96,-0.01,49.84,27561.35,-1
2025-12-07,2025-12-07 12:39:00,556.96,556.96,556.92,556.92,-0.01,49.84,27561.35,-1
2025-12-07,2025-12-07 12:40:00,556.92,556.92,556.88,556.88,-0.01,49.84,27561.35,-1
2025-12-07,2025-12-07 12:41:00,556.88,556.88,556.84,556.84,-0.01,49.84,27561.35,-1
2025-12-07,2025-12-07 12:42:00,556.84,556.84,556.79,556.79,-0.01,49.84,27561.35,-1
2025-12-07,2025-12-07 12:43:00,556.79,556.79,556.75,556.75,-0.01,49.84,27561.35,-1
2025-12-07,2025-12-07 12:44:00,556.75,556.75,556.71,556.71,-0.01,49.84,27561.35,-1
2025-12-07,2025-12-07 12:45:00,556.71,556.71,556.67,556.67,-0.01,49.84,27561.35,-1
2025-12-07,2025-12-07 12:46:00,556.67,556.67,556.63,556.63,-0.01,49.84,27561.35,-1
2025-12-07,2025-12-07 12:47:00,556.63,556.63,556.59,556.59,-0.01,49.84,27561.35,-1
2025-12-07,2025-12-07 12:48:00,556.59,556.59,556.55,556.55,-0.01,49.84,27561.35,-1
2025-12-07,2025-12-07 12:49:00,556.55,556.55,556.51,556.51,-0.01,49.84,27561.35,-1
2025-12-07,2025-12-07 12:50:00,556.51,556.51,556.47,556.47,-0.01,49.84,27561.35,-1
2025-12-07,2025-12-07 12:51:00,556.47,556.47,556.43,556.43,-0.01,49.84,27561.35,-1
2025-12-07,2025-12-07 12:52:00,556.43,556.43,556.39,556.39,-0.01,49.84,27561.35,-1
2025-12-07,2025-12-07 12:53:00,556.39,556.39,556.35,556.35,-0.01,49.84,27561.35,-1
2025-12-07,2025-12-07 12:54:00,556.35,556.35,556.3,556.3,-0.01,49.84,27561.35,-1
2025-12-07,2025-12-07 12:55:00,556.3,556.3,556.26,556.26,-0.01,49.84,27561.35,-1
2025-12-07,2025-12-07 12:56:00,556.26,556.26,556.22,556.22,-0.01,49.84,27561.35,-1
2025-12-07,2025-12-07 12:57:00,556.22,556.22,556.18,556.18,-0.01,49.84,27561.35,-1
2025-12-07,2025-12-07 12:58:00,556.18,556.18,556.14,556.14,-0.01,49.84,27561.35,-1
2025-12-07,2025-12-07 12:59:00,556.14,556.14,556.1,556.1,-0.01,49.84,27561.35,-1
2025-12-07,2025-12-07 13:00:00,556.1,566.9,549.8,556.06,-0.01,49.84,27561.35,-1
2025-12-07,2025-12-07 13:01:00,556.06,556.06,556.02,556.02,-0.01,49.84,27561.35,-1
2025-12-07,2025-12-07 13:02:00,556.02,556.02,555.98,555.98,-0.01,49.84,27561.35,-1
2025-12-07,2025-12-07 13:03:00,555.98,555.98,555.94,555.94,-0.01,49.84,27561.35,-1
2025-12-07,2025-12-07 13:04:00,555.94,555.94,555.9,555.9,-0.01,49.84,27561.35,-1
2025-12-07,2025-12-07 13:05:00,555.9,555.9,555.86,555.86,-0.01,49.84,27561.35,-1
2025-12-07,2025-12-07 13:06:00,555.86,555.86,555.81,555.81,-0.01,49.84,27561.35,-1
2025-12-07,2025-12-07 13:07:00,555.81,555.81,555.77,555.77,-0.01,49.84,27561.35,-1
2025-12-07,2025-12-07 13:08:00,555.77,555.77,555.73,555.73,-0.01,49.84,27561.35,-1
2025-12-07,2025-12-07 13:09:00,555.73,555.73,555.69,555.69,-0.01,49.84,27561.35,-1
2025-12-07,2025-12-07 13:10:00,555.69,555.69,555.65,555.65,-0.01,49.84,27561.35,-1
2025-12-07,2025-12-07 13:11:00,555.65,555.65,555.61,555.61,-0.01,49.84,27561.35,-1
2025-12-07,2025-12-07 13:12:00,555.61,555.61,555.57,555.57,-0.01,49.84,27561.35,-1
2025-12-07,2025-12-07 13:13:00,555.57,555.57,555.53,555.53,-0.01,49.84,27561.35,-1
2025-12-07,2025-12-07 13:14:00,555.53,555.53,555.49,555.49,-0.01,49.84,27561.35,-1
2025-12-07,2025-12-07 13:15:00,555.49,555.49,555.45,555.45,-0.01,49.84,27561.35,-1
2025-12-07,2025-12-07 13:16:00,555.45,555.45,555.41,555.41,-0.01,49.84,27561.35,-1
2025-12-07,2025-12-07 13:17:00,555.41,555.41,555.37,555.37,-0.01,49.84,27561.35,-1
2025-12-07,2025-12-07 13:18:00,555.37,555.37,555.32,555.32,-0.01,49.84,27561.35,-1
2025-12-07,2025-12-07 13:19:00,555.32,555.32,555.28,555.28,-0.01,49.84,27561.35,-1
2025-12-07,2025-12-07 13:20:00,555.28,555.28,555.24,555.24,-0.01,49.84,27561.35,-1
2025-12-07,2025-12-07 13:21:00,555.24,555.24,555.2,555.2,-0.01,49.84,27561.35,-1
2025-12-07,2025-12-07 13:22:00,555.2,555.2,555.16,555.16,-0.01,49.84,27561.35,-1
2025-12-07,2025-12-07 13:23:00,555.16,555.16,555.12,555.12,-0.01,49.84,27561.35,-1
2025-12-07,2025-12-07 13:24:00,555.12,555.12,555.08,555.08,-0.01,49.84,27561.35,-1
2025-12-07,2025-12-07 13:25:00,555.08,555.08,555.04,555.04,-0.01,49.84,27561.35,-1
2025-12-07,2025-12-07 13:26:00,555.04,555.04,555.0,555.0,-0.01,49.84,27561.35,-1
2025-12-07,2025-12-07 13:27:00,555.0,555.0,554.96,554.96,-0.01,49.84,27561.35,-1
2025-12-07,2025-12-07 13:28:00,554.96,554.96,554.92,554.92,-0.01,49.84,27561.35,-1
2025-12-07,2025-12-07 13:29:00,554.92,554.92,554.88,554.88,-0.01,49.84,27561.35,-1
2025-12-07,2025-12-07 13:30:00,554.88,554.88,554.83,554.83,-0.01,49.84,27561.35,-1
2025-12-07,2025-12-07 13:31:00,554.83,554.83,554.79,554.79,-0.01,49.84,27561.35,-1
2025-12-07,2025-12-07 13:32:00,554.79,554.79,554.75,554.75,-0.01,49.84,27561.35,-1
2025-12-07,2025-12-07 13:33:00,554.75,554.75,554.71,554.71,-0.01,49.84,27561.35,-1
2025-12-07,2025-12-07 13:34:00,554.71,554.71,554.67,554.67,-0.01,49.84,27561.35,-1
2025-12-07,2025-12-07 13:35:00,554.67,554.67,554.63,554.63,-0.01,49.84,27561.35,-1
2025-12-07,2025-12-07 13:36:00,554.63,554.63,554.59,554.59,-0.01,49.84,27561.35,-1
2025-12-07,2025-12-07 13:37:00,554.59,554.59,554.55,554.55,-0.01,49.84,27561.35,-1
2025-12-07,2025-12-07 13:38:00,554.55,554.55,554.51,554.51,-0.01,49.84,27561.35,-1
2025-12-07,2025-12-07 13:39:00,554.51,554.51,554.47,554.47,-0.01,49.84,27561.35,-1
2025-12-07,2025-12-07 13:40:00,554.47,554.47,554.43,554.43,-0.01,49.84,27561.35,-1
2025-12-07,2025-12-07 13:41:00,554.43,554.43,554.38,554.38,-0.01,49.84,27561.35,-1
2025-12-07,2025-12-07 13:42:00,554.38,554.38,554.34,554.34,-0.01,49.84,27561.35,-1
2025-12-07,2025-12-07 13:43:00,554.34,554.34,554.3,554.3,-0.01,49.84,27561.35,-1
2025-12-07,2025-12-07 13:44:00,554.3,554.3,554.26,554.26,-0.01,49.84,27561.35,-1
2025-12-07,2025-12-07 13:45:00,554.26,554.26,554.22,554.22,-0.01,49.84,27561.35,-1
2025-12-07,2025-12-07 13:46:00,554.22,554.22,554.18,554.18,-0.01,49.84,27561.35,-1
2025-12-07,2025-12-07 13:47:00,554.18,554.18,554.14,554.14,-0.01,49.84,27561.35,-1
2025-12-07,2025-12-07 13:48:00,554.14,554.14,554.1,554.1,-0.01,49.84,27561.35,-1
2025-12-07,2025-12-07 13:49:00,554.1,554.1,554.06,554.06,-0.01,49.84,27561.35,-1
2025-12-07,2025-12-07 13:50:00,554.06,554.06,554.02,554.02,-0.01,49.84,27561.35,-1
2025-12-07,2025-12-07 13:51:00,554.02,554.02,553.98,553.98,-0.01,49.84,27561.35,-1
2025-12-07,2025-12-07 13:52:00,553.98,553.98,553.94,553.94,-0.01,49.84,27561.35,-1
2025-12-07,2025-12-07 13:53:00,553.94,553.94,553.89,553.89,-0.01,49.84,27561.35,-1
2025-12-07,2025-12-07 13:54:00,553.89,553.89,553.85,553.85,-0.01,49.84,27561.35,-1
2025-12-07,2025-12-07 13:55:00,553.85,553.85,553.81,553.81,-0.01,49.84,27561.35,-1
2025-12-07,2025-12-07 13:56:00,553.81,553.81,553.77,553.77,-0.01,49.84,27561.35,-1
2025-12-07,2025-12-07 13:57:00,553.77,553.77,553.73,553.73,-0.01,49.84,27561.35,-1
2025-12-07,2025-12-07 13:58:00,553.73,553.73,553.69,553.69,-0.01,49.84,27561.35,-1
2025-12-07,2025-12-07 13:59:00,553.69,553.69,553.65,553.65,-0.01,49.84,27561.35,-1
2025-12-07,2025-12-07 14:00:00,553.65,553.65,553.61,553.61,-0.01,49.84,27561.35,-1
2025-12-07,2025-12-07 14:01:00,553.61,553.61,553.57,553.57,-0.01,49.84,27561.35,-1
2025-12-07,2025-12-07 14:02:00,553.57,553.57,553.53,553.53,-0.01,49.84,27561.35,-1
2025-12-07,2025-12-07 14:03:00,553.53,553.53,553.49,553.49,-0.01,49.84,27561.35,-1
2025-12-07,2025-12-07 14:04:00,553.49,553.49,553.45,553.45,-0.01,49.84,27561.35,-1
2025-12-07,2025-12-07 14:05:00,553.45,553.45,553.41,553.41,-0.01,49.84,27561.35,-1
2025-12-07,2025-12-07 14:06:00,553.41,553.41,553.36,553.36,-0.01,49.84,27561.35,-1
2025-12-07,2025-12-07 14:07:00,553.36,553.36,553.32,553.32,-0.01,49.84,27561.35,-1
2025-12-07,2025-12-07 14:08:00,553.32,553.32,553.28,553.28,-0.01,49.84,27561.35,-1
2025-12-07,2025-12-07 14:09:00,553.28,553.28,553.24,553.24,-0.01,49.84,27561.35,-1
2025-12-07,2025-12-07 14:10:00,553.24,553.24,553.2,553.2,-0.01,49.84,27561.35,-1
2025-12-07,2025-12-07 14:11:00,553.2,553.2,553.16,553.16,-0.01,49.84,27561.35,-1
2025-12-07,2025-12-07 14:12:00,553.16,553.16,553.12,553.12,-0.01,49.84,27561.35,-1
2025-12-07,2025-12-07 14:13:00,553.12,553.12,553.08,553.08,-0.01,49.84,27561.35,-1
2025-12-07,2025-12-07 14:14:00,553.08,553.08,553.04,553.04,-0.01,49.84,27561.35,-1
2025-12-07,2025-12-07 14:15:00,553.04,553.04,553.0,553.0,-0.01,49.84,27561.35,-1
2025-12-07,2025-12-07 14:16:00,553.0,553.0,552.96,552.96,-0.01,49.84,27561.35,-1
2025-12-07,2025-12-07 14:17:00,552.96,552.96,552.92,552.92,-0.01,49.84,27561.35,-1
2025-12-07,2025-12-07 14:18:00,552.92,552.92,552.87,552.87,-0.01,49.84,27561.35,-1
2025-12-07,2025-12-07 14:19:00,552.87,552.87,552.83,552.83,-0.01,49.84,27561.35,-1
2025-12-07,2025-12-07 14:20:00,552.83,552.83,552.79,552.79,-0.01,49.84,27561.35,-1
2025-12-07,2025-12-07 14:21:00,552.79,552.79,552.75,552.75,-0.01,49.84,27561.35,-1
2025-12-07,2025-12-07 14:22:00,552.75,552.75,552.71,552.71,-0.01,49.84,27561.35,-1
2025-12-07,2025-12-07 14:23:00,552.71,552.71,552.67,552.67,-0.01,49.84,27561.35,-1
2025-12-07,2025-12-07 14:24:00,552.67,552.67,552.63,552.63,-0.01,49.84,27561.35,-1
2025-12-07,2025-12-07 14:25:00,552.63,552.63,552.59,552.59,-0.01,49.84,27561.35,-1
2025-12-07,2025-12-07 14:26:00,552.59,552.59,552.55,552.55,-0.01,49.84,27561.35,-1
2025-12-07,2025-12-07 14:27:00,552.55,552.55,552.51,552.51,-0.01,49.84,27561.35,-1
2025-12-07,2025-12-07 14:28:00,552.51,552.51,552.47,552.47,-0.01,49.84,27561.35,-1
2025-12-07,2025-12-07 14:29:00,552.47,552.47,552.43,552.43,-0.01,49.84,27561.35,-1
2025-12-07,2025-12-07 14:30:00,552.43,552.43,552.38,552.38,-0.01,49.84,27561.35,-1
2025-12-07,2025-12-07 14:31:00,552.38,552.38,552.34,552.34,-0.01,49.84,27561.35,-1
2025-12-07,2025-12-07 14:32:00,552.34,552.34,552.3,552.3,-0.01,49.84,27561.35,-1
2025-12-07,2025-12-07 14:33:00,552.3,552.3,552.26,552.26,-0.01,49.84,27561.35,-1
2025-12-07,2025-12-07 14:34:00,552.26,552.26,552.22,552.22,-0.01,49.84,27561.35,-1
2025-12-07,2025-12-07 14:35:00,552.22,552.22,552.18,552.18,-0.01,49.84,27561.35,-1
2025-12-07,2025-12-07 14:36:00,552.18,552.18,552.14,552.14,-0.01,49.84,27561.35,-1
2025-12-07,2025-12-07 14:37:00,552.14,552.14,552.1,552.1,-0.01,49.84,27561.35,-1
2025-12-07,2025-12-07 14:38:00,552.1,552.1,552.06,552.06,-0.01,49.84,27561.35,-1
2025-12-07,2025-12-07 14:39:00,552.06,552.06,552.02,552.02,-0.01,49.84,27561.35,-1
2025-12-07,2025-12-07 14:40:00,552.02,552.02,551.98,551.98,-0.01,49.84,27561.35,-1
2025-12-07,2025-12-07 14:41:00,551.98,551.98,551.94,551.94,-0.01,49.84,27561.35,-1
2025-12-07,2025-12-07 14:42:00,551.94,551.94,551.89,551.89,-0.01,49.84,27561.35,-1
2025-12-07,2025-12-07 14:43:00,551.89,551.89,551.85,551.85,-0.01,49.84,27561.35,-1
2025-12-07,2025-12-07 14:44:00,551.85,551.85,551.81,551.81,-0.01,49.84,27561.35,-1
2025-12-07,2025-12-07 14:45:00,551.81,551.81,551.77,551.77,-0.01,49.84,27561.35,-1
2025-12-07,2025-12-07 14:46:00,551.77,551.77,551.73,551.73,-0.01,49.84,27561.35,-1
2025-12-07,2025-12-07 14:47:00,551.73,551.73,551.69,551.69,-0.01,49.84,27561.35,-1
2025-12-07,2025-12-07 14:48:00,551.69,551.69,551.65,551.65,-0.01,49.84,27561.35,-1
2025-12-07,2025-12-07 14:49:00,551.65,551.65,551.61,551.61,-0.01,49.84,27561.35,-1
2025-12-07,2025-12-07 14:50:00,551.61,551.61,551.57,551.57,-0.01,49.84,27561.35,-1
2025-12-07,2025-12-07 14:51:00,551.57,551.57,551.53,551.53,-0.01,49.84,27561.35,-1
2025-12-07,2025-12-07 14:52:00,551.53,551.53,551.49,551.49,-0.01,49.84,27561.35,-1
2025-12-07,2025-12-07 14:53:00,551.49,551.49,551.45,551.45,-0.01,49.84,27561.35,-1
2025-12-07,2025-12-07 14:54:00,551.45,551.45,551.4,551.4,-0.01,49.84,27561.35,-1
2025-12-07,2025-12-07 14:55:00,551.4,551.4,551.36,551.36,-0.01,49.84,27561.35,-1
2025-12-07,2025-12-07 14:56:00,551.36,551.36,551.32,551.32,-0.01,49.84,27561.35,-1
2025-12-07,2025-12-07 14:57:00,551.32,551.32,551.28,551.28,-0.01,49.84,27561.35,-1
2025-12-07,2025-12-07 14:58:00,551.28,551.28,551.24,551.24,-0.01,49.84,27561.35,-1
2025-12-07,2025-12-07 14:59:00,551.24,551.24,551.2,551.2,-0.01,49.84,27561.35,-1
2025-12-07,2025-12-07 15:00:00,551.2,566.9,549.8,551.2,0.0,49.84,27561.35,0
2025-12-08,2025-12-08 11:00:00,546.0,549.3,544.26,546.02,0.0,54.46,29706.58,1
2025-12-08,2025-12-08 11:01:00,546.02,546.03,546.02,546.03,0.0,54.46,29706.58,1
2025-12-08,2025-12-08 11:02:00,546.03,546.05,546.03,546.05,0.0,54.46,29706.58,1
2025-12-08,2025-12-08 11:03:00,546.05,546.07,546.05,546.07,0.0,54.46,29706.58,1
2025-12-08,2025-12-08 11:04:00,546.07,546.08,546.07,546.08,0.0,54.46,29706.58,1
2025-12-08,2025-12-08 11:05:00,546.08,546.1,546.08,546.1,0.0,54.46,29706.58,1
2025-12-08,2025-12-08 11:06:00,546.1,546.12,546.1,546.12,0.0,54.46,29706.58,1
2025-12-08,2025-12-08 11:07:00,546.12,546.13,546.12,546.13,0.0,54.46,29706.58,1
2025-12-08,2025-12-08 11:08:00,546.13,546.15,546.13,546.15,0.0,54.46,29706.58,1
2025-12-08,2025-12-08 11:09:00,546.15,546.17,546.15,546.17,0.0,54.46,29706.58,1
2025-12-08,2025-12-08 11:10:00,546.17,546.18,546.17,546.18,0.0,54.46,29706.58,1
2025-12-08,2025-12-08 11:11:00,546.18,546.2,546.18,546.2,0.0,54.46,29706.58,1
2025-12-08,2025-12-08 11:12:00,546.2,546.22,546.2,546.22,0.0,54.46,29706.58,1
2025-12-08,2025-12-08 11:13:00,546.22,546.23,546.22,546.23,0.0,54.46,29706.58,1
2025-12-08,2025-12-08 11:14:00,546.23,546.25,546.23,546.25,0.0,54.46,29706.58,1
2025-12-08,2025-12-08 11:15:00,546.25,546.27,546.25,546.27,0.0,54.46,29706.58,1
2025-12-08,2025-12-08 11:16:00,546.27,546.28,546.27,546.28,0.0,54.46,29706.58,1
2025-12-08,2025-12-08 11:17:00,546.28,546.3,546.28,546.3,0.0,54.46,29706.58,1
2025-12-08,2025-12-08 11:18:00,546.3,546.32,546.3,546.32,0.0,54.46,29706.58,1
2025-12-08,2025-12-08 11:19:00,546.32,546.33,546.32,546.33,0.0,54.46,29706.58,1
2025-12-08,2025-12-08 11:20:00,546.33,546.35,546.33,546.35,0.0,54.46,29706.58,1
2025-12-08,2025-12-08 11:21:00,546.35,546.37,546.35,546.37,0.0,54.46,29706.58,1
2025-12-08,2025-12-08 11:22:00,546.37,546.38,546.37,546.38,0.0,54.46,29706.58,1
2025-12-08,2025-12-08 11:23:00,546.38,546.4,546.38,546.4,0.0,54.46,29706.58,1
2025-12-08,2025-12-08 11:24:00,546.4,546.42,546.4,546.42,0.0,54.46,29706.58,1
2025-12-08,2025-12-08 11:25:00,546.42,546.43,546.42,546.43,0.0,54.46,29706.58,1
2025-12-08,2025-12-08 11:26:00,546.43,546.45,546.43,546.45,0.0,54.46,29706.58,1
2025-12-08,2025-12-08 11:27:00,546.45,546.47,546.45,546.47,0.0,54.46,29706.58,1
2025-12-08,2025-12-08 11:28:00,546.47,546.48,546.47,546.48,0.0,54.46,29706.58,1
2025-12-08,2025-12-08 11:29:00,546.48,546.5,546.48,546.5,0.0,54.46,29706.58,1
2025-12-08,2025-12-08 11:30:00,546.5,546.52,546.5,546.52,0.0,54.46,29706.58,1
2025-12-08,2025-12-08 11:31:00,546.52,546.53,546.52,546.53,0.0,54.46,29706.58,1
2025-12-08,2025-12-08 11:32:00,546.53,546.55,546.53,546.55,0.0,54.46,29706.58,1
2025-12-08,2025-12-08 11:33:00,546.55,546.57,546.55,546.57,0.0,54.46,29706.58,1
2025-12-08,2025-12-08 11:34:00,546.57,546.58,546.57,546.58,0.0,54.46,29706.58,1
2025-12-08,2025-12-08 11:35:00,546.58,546.6,546.58,546.6,0.0,54.46,29706.58,1
2025-12-08,2025-12-08 11:36:00,546.6,546.62,546.6,546.62,0.0,54.46,29706.58,1
2025-12-08,2025-12-08 11:37:00,546.62,546.63,546.62,546.63,0.0,54.46,29706.58,1
2025-12-08,2025-12-08 11:38:00,546.63,546.65,546.63,546.65,0.0,54.46,29706.58,1
2025-12-08,2025-12-08 11:39:00,546.65,546.67,546.65,546.67,0.0,54.46,29706.58,1
2025-12-08,2025-12-08 11:40:00,546.67,546.68,546.67,546.68,0.0,54.46,29706.58,1
2025-12-08,2025-12-08 11:41:00,546.68,546.7,546.68,546.7,0.0,54.46,29706.58,1
2025-12-08,2025-12-08 11:42:00,546.7,546.72,546.7,546.72,0.0,54.46,29706.58,1
2025-12-08,2025-12-08 11:43:00,546.72,546.73,546.72,546.73,0.0,54.46,29706.58,1
2025-12-08,2025-12-08 11:44:00,546.73,546.75,546.73,546.75,0.0,54.46,29706.58,1
2025-12-08,2025-12-08 11:45:00,546.75,546.77,546.75,546.77,0.0,54.46,29706.58,1
2025-12-08,2025-12-08 11:46:00,546.77,546.78,546.77,546.78,0.0,54.46,29706.58,1
2025-12-08,2025-12-08 11:47:00,546.78,546.8,546.78,546.8,0.0,54.46,29706.58,1
2025-12-08,2025-12-08 11:48:00,546.8,546.82,546.8,546.82,0.0,54.46,29706.58,1
2025-12-08,2025-12-08 11:49:00,546.82,546.83,546.82,546.83,0.0,54.46,29706.58,1
2025-12-08,2025-12-08 11:50:00,546.83,546.85,546.83,546.85,0.0,54.46,29706.58,1
2025-12-08,2025-12-08 11:51:00,546.85,546.87,546.85,546.87,0.0,54.46,29706.58,1
2025-12-08,2025-12-08 11:52:00,546.87,546.88,546.87,546.88,0.0,54.46,29706.58,1
2025-12-08,2025-12-08 11:53:00,546.88,546.9,546.88,546.9,0.0,54.46,29706.58,1
2025-12-08,2025-12-08 11:54:00,546.9,546.92,546.9,546.92,0.0,54.46,29706.58,1
2025-12-08,2025-12-08 11:55:00,546.92,546.93,546.92,546.93,0.0,54.46,29706.58,1
2025-12-08,2025-12-08 11:56:00,546.93,546.95,546.93,546.95,0.0,54.46,29706.58,1
2025-12-08,2025-12-08 11:57:00,546.95,546.97,546.95,546.97,0.0,54.46,29706.58,1
2025-12-08,2025-12-08 11:58:00,546.97,546.98,546.97,546.98,0.0,54.46,29706.58,1
2025-12-08,2025-12-08 11:59:00,546.98,547.0,546.98,547.0,0.0,54.46,29706.58,1
2025-12-08,2025-12-08 12:00:00,547.0,547.02,547.0,547.02,0.0,54.46,29706.58,1
2025-12-08,2025-12-08 12:01:00,547.02,547.03,547.02,547.03,0.0,54.46,29706.58,1
2025-12-08,2025-12-08 12:02:00,547.03,547.05,547.03,547.05,0.0,54.46,29706.58,1
2025-12-08,2025-12-08 12:03:00,547.05,547.07,547.05,547.07,0.0,54.46,29706.58,1
2025-12-08,2025-12-08 12:04:00,547.07,547.08,547.07,547.08,0.0,54.46,29706.58,1
2025-12-08,2025-12-08 12:05:00,547.08,547.1,547.08,547.1,0.0,54.46,29706.58,1
2025-12-08,2025-12-08 12:06:00,547.1,547.12,547.1,547.12,0.0,54.46,29706.58,1
2025-12-08,2025-12-08 12:07:00,547.12,547.13,547.12,547.13,0.0,54.46,29706.58,1
2025-12-08,2025-12-08 12:08:00,547.13,547.15,547.13,547.15,0.0,54.46,29706.58,1
2025-12-08,2025-12-08 12:09:00,547.15,547.17,547.15,547.17,0.0,54.46,29706.58,1
2025-12-08,2025-12-08 12:10:00,547.17,547.18,547.17,547.18,0.0,54.46,29706.58,1
2025-12-08,2025-12-08 12:11:00,547.18,547.2,547.18,547.2,0.0,54.46,29706.58,1
2025-12-08,2025-12-08 12:12:00,547.2,547.22,547.2,547.22,0.0,54.46,29706.58,1
2025-12-08,2025-12-08 12:13:00,547.22,547.23,547.22,547.23,0.0,54.46,29706.58,1
2025-12-08,2025-12-08 12:14:00,547.23,547.25,547.23,547.25,0.0,54.46,29706.58,1
2025-12-08,2025-12-08 12:15:00,547.25,547.27,547.25,547.27,0.0,54.46,29706.58,1
2025-12-08,2025-12-08 12:16:00,547.27,547.28,547.27,547.28,0.0,54.46,29706.58,1
2025-12-08,2025-12-08 12:17:00,547.28,547.3,547.28,547.3,0.0,54.46,29706.58,1
2025-12-08,2025-12-08 12:18:00,547.3,547.32,547.3,547.32,0.0,54.46,29706.58,1
2025-12-08,2025-12-08 12:19:00,547.32,547.33,547.32,547.33,0.0,54.46,29706.58,1
2025-12-08,2025-12-08 12:20:00,547.33,547.35,547.33,547.35,0.0,54.46,29706.58,1
2025-12-08,2025-12-08 12:21:00,547.35,547.37,547.35,547.37,0.0,54.46,29706.58,1
2025-12-08,2025-12-08 12:22:00,547.37,547.38,547.37,547.38,0.0,54.46,29706.58,1
2025-12-08,2025-12-08 12:23:00,547.38,547.4,547.38,547.4,0.0,54.46,29706.58,1
2025-12-08,2025-12-08 12:24:00,547.4,547.42,547.4,547.42,0.0,54.46,29706.58,1
2025-12-08,2025-12-08 12:25:00,547.42,547.43,547.42,547.43,0.0,54.46,29706.58,1
2025-12-08,2025-12-08 12:26:00,547.43,547.45,547.43,547.45,0.0,54.46,29706.58,1
2025-12-08,2025-12-08 12:27:00,547.45,547.47,547.45,547.47,0.0,54.46,29706.58,1
2025-12-08,2025-12-08 12:28:00,547.47,547.48,547.47,547.48,0.0,54.46,29706.58,1
2025-12-08,2025-12-08 12:29:00,547.48,547.5,547.48,547.5,0.0,54.46,29706.58,1
2025-12-08,2025-12-08 12:30:00,547.5,547.52,547.5,547.52,0.0,54.46,29706.58,1
2025-12-08,2025-12-08 12:31:00,547.52,547.53,547.52,547.53,0.0,54.46,29706.58,1
2025-12-08,2025-12-08 12:32:00,547.53,547.55,547.53,547.55,0.0,54.46,29706.58,1
2025-12-08,2025-12-08 12:33:00,547.55,547.57,547.55,547.57,0.0,54.46,29706.58,1
2025-12-08,2025-12-08 12:34:00,547.57,547.58,547.57,547.58,0.0,54.46,29706.58,1
2025-12-08,2025-12-08 12:35:00,547.58,547.6,547.58,547.6,0.0,54.46,29706.58,1
2025-12-08,2025-12-08 12:36:00,547.6,547.62,547.6,547.62,0.0,54.46,29706.58,1
2025-12-08,2025-12-08 12:37:00,547.62,547.63,547.62,547.63,0.0,54.46,29706.58,1
2025-12-08,2025-12-08 12:38:00,547.63,547.65,547.63,547.65,0.0,54.46,29706.58,1
2025-12-08,2025-12-08 12:39:00,547.65,547.67,547.65,547.67,0.0,54.46,29706.58,1
2025-12-08,2025-12-08 12:40:00,547.67,547.68,547.67,547.68,0.0,54.46,29706.58,1
2025-12-08,2025-12-08 12:41:00,547.68,547.7,547.68,547.7,0.0,54.46,29706.58,1
2025-12-08,2025-12-08 12:42:00,547.7,547.72,547.7,547.72,0.0,54.46,29706.58,1
2025-12-08,2025-12-08 12:43:00,547.72,547.73,547.72,547.73,0.0,54.46,29706.58,1
2025-12-08,2025-12-08 12:44:00,547.73,547.75,547.73,547.75,0.0,54.46,29706.58,1
2025-12-08,2025-12-08 12:45:00,547.75,547.77,547.75,547.77,0.0,54.46,29706.58,1
2025-12-08,2025-12-08 12:46:00,547.77,547.78,547.77,547.78,0.0,54.46,29706.58,1
2025-12-08,2025-12-08 12:47:00,547.78,547.8,547.78,547.8,0.0,54.46,29706.58,1
2025-12-08,2025-12-08 12:48:00,547.8,547.82,547.8,547.82,0.0,54.46,29706.58,1
2025-12-08,2025-12-08 12:49:00,547.82,547.83,547.82,547.83,0.0,54.46,29706.58,1
2025-12-08,2025-12-08 12:50:00,547.83,547.85,547.83,547.85,0.0,54.46,29706.58,1
2025-12-08,2025-12-08 12:51:00,547.85,547.87,547.85,547.87,0.0,54.46,29706.58,1
2025-12-08,2025-12-08 12:52:00,547.87,547.88,547.87,547.88,0.0,54.46,29706.58,1
2025-12-08,2025-12-08 12:53:00,547.88,547.9,547.88,547.9,0.0,54.46,29706.58,1
2025-12-08,2025-12-08 12:54:00,547.9,547.92,547.9,547.92,0.0,54.46,29706.58,1
2025-12-08,2025-12-08 12:55:00,547.92,547.93,547.92,547.93,0.0,54.46,29706.58,1
2025-12-08,2025-12-08 12:56:00,547.93,547.95,547.93,547.95,0.0,54.46,29706.58,1
2025-12-08,2025-12-08 12:57:00,547.95,547.97,547.95,547.97,0.0,54.46,29706.58,1
2025-12-08,2025-12-08 12:58:00,547.97,547.98,547.97,547.98,0.0,54.46,29706.58,1
2025-12-08,2025-12-08 12:59:00,547.98,548.0,547.98,548.0,0.0,54.46,29706.58,1
2025-12-08,2025-12-08 13:00:00,548.0,557.0,540.2,548.02,0.0,54.46,29706.58,1
2025-12-08,2025-12-08 13:01:00,548.02,548.03,548.02,548.03,0.0,54.46,29706.58,1
2025-12-08,2025-12-08 13:02:00,548.03,548.05,548.03,548.05,0.0,54.46,29706.58,1
2025-12-08,2025-12-08 13:03:00,548.05,548.07,548.05,548.07,0.0,54.46,29706.58,1
2025-12-08,2025-12-08 13:04:00,548.07,548.08,548.07,548.08,0.0,54.46,29706.58,1
2025-12-08,2025-12-08 13:05:00,548.08,548.1,548.08,548.1,0.0,54.46,29706.58,1
2025-12-08,2025-12-08 13:06:00,548.1,548.12,548.1,548.12,0.0,54.46,29706.58,1
2025-12-08,2025-12-08 13:07:00,548.12,548.13,548.12,548.13,0.0,54.46,29706.58,1
2025-12-08,2025-12-08 13:08:00,548.13,548.15,548.13,548.15,0.0,54.46,29706.58,1
2025-12-08,2025-12-08 13:09:00,548.15,548.17,548.15,548.17,0.0,54.46,29706.58,1
2025-12-08,2025-12-08 13:10:00,548.17,548.18,548.17,548.18,0.0,54.46,29706.58,1
2025-12-08,2025-12-08 13:11:00,548.18,548.2,548.18,548.2,0.0,54.46,29706.58,1
2025-12-08,2025-12-08 13:12:00,548.2,548.22,548.2,548.22,0.0,54.46,29706.58,1
2025-12-08,2025-12-08 13:13:00,548.22,548.23,548.22,548.23,0.0,54.46,29706.58,1
2025-12-08,2025-12-08 13:14:00,548.23,548.25,548.23,548.25,0.0,54.46,29706.58,1
2025-12-08,2025-12-08 13:15:00,548.25,548.27,548.25,548.27,0.0,54.46,29706.58,1
2025-12-08,2025-12-08 13:16:00,548.27,548.28,548.27,548.28,0.0,54.46,29706.58,1
2025-12-08,2025-12-08 13:17:00,548.28,548.3,548.28,548.3,0.0,54.46,29706.58,1
2025-12-08,2025-12-08 13:18:00,548.3,548.32,548.3,548.32,0.0,54.46,29706.58,1
2025-12-08,2025-12-08 13:19:00,548.32,548.33,548.32,548.33,0.0,54.46,29706.58,1
2025-12-08,2025-12-08 13:20:00,548.33,548.35,548.33,548.35,0.0,54.46,29706.58,1
2025-12-08,2025-12-08 13:21:00,548.35,548.37,548.35,548.37,0.0,54.46,29706.58,1
2025-12-08,2025-12-08 13:22:00,548.37,548.38,548.37,548.38,0.0,54.46,29706.58,1
2025-12-08,2025-12-08 13:23:00,548.38,548.4,548.38,548.4,0.0,54.46,29706.58,1
2025-12-08,2025-12-08 13:24:00,548.4,548.42,548.4,548.42,0.0,54.46,29706.58,1
2025-12-08,2025-12-08 13:25:00,548.42,548.43,548.42,548.43,0.0,54.46,29706.58,1
2025-12-08,2025-12-08 13:26:00,548.43,548.45,548.43,548.45,0.0,54.46,29706.58,1
2025-12-08,2025-12-08 13:27:00,548.45,548.47,548.45,548.47,0.0,54.46,29706.58,1
2025-12-08,2025-12-08 13:28:00,548.47,548.48,548.47,548.48,0.0,54.46,29706.58,1
2025-12-08,2025-12-08 13:29:00,548.48,548.5,548.48,548.5,0.0,54.46,29706.58,1
2025-12-08,2025-12-08 13:30:00,548.5,548.52,548.5,548.52,0.0,54.46,29706.58,1
2025-12-08,2025-12-08 13:31:00,548.52,548.53,548.52,548.53,0.0,54.46,29706.58,1
2025-12-08,2025-12-08 13:32:00,548.53,548.55,548.53,548.55,0.0,54.46,29706.58,1
2025-12-08,2025-12-08 13:33:00,548.55,548.57,548.55,548.57,0.0,54.46,29706.58,1
2025-12-08,2025-12-08 13:34:00,548.57,548.58,548.57,548.58,0.0,54.46,29706.58,1
2025-12-08,2025-12-08 13:35:00,548.58,548.6,548.58,548.6,0.0,54.46,29706.58,1
2025-12-08,2025-12-08 13:36:00,548.6,548.62,548.6,548.62,0.0,54.46,29706.58,1
2025-12-08,2025-12-08 13:37:00,548.62,548.63,548.62,548.63,0.0,54.46,29706.58,1
2025-12-08,2025-12-08 13:38:00,548.63,548.65,548.63,548.65,0.0,54.46,29706.58,1
2025-12-08,2025-12-08 13:39:00,548.65,548.67,548.65,548.67,0.0,54.46,29706.58,1
2025-12-08,2025-12-08 13:40:00,548.67,548.68,548.67,548.68,0.0,54.46,29706.58,1
2025-12-08,2025-12-08 13:41:00,548.68,548.7,548.68,548.7,0.0,54.46,29706.58,1
2025-12-08,2025-12-08 13:42:00,548.7,548.72,548.7,548.72,0.0,54.46,29706.58,1
2025-12-08,2025-12-08 13:43:00,548.72,548.73,548.72,548.73,0.0,54.46,29706.58,1
2025-12-08,2025-12-08 13:44:00,548.73,548.75,548.73,548.75,0.0,54.46,29706.58,1
2025-12-08,2025-12-08 13:45:00,548.75,548.77,548.75,548.77,0.0,54.46,29706.58,1
2025-12-08,2025-12-08 13:46:00,548.77,548.78,548.77,548.78,0.0,54.46,29706.58,1
2025-12-08,2025-12-08 13:47:00,548.78,548.8,548.78,548.8,0.0,54.46,29706.58,1
2025-12-08,2025-12-08 13:48:00,548.8,548.82,548.8,548.82,0.0,54.46,29706.58,1
2025-12-08,2025-12-08 13:49:00,548.82,548.83,548.82,548.83,0.0,54.46,29706.58,1
2025-12-08,2025-12-08 13:50:00,548.83,548.85,548.83,548.85,0.0,54.46,29706.58,1
2025-12-08,2025-12-08 13:51:00,548.85,548.87,548.85,548.87,0.0,54.46,29706.58,1
2025-12-08,2025-12-08 13:52:00,548.87,548.88,548.87,548.88,0.0,54.46,29706.58,1
2025-12-08,2025-12-08 13:53:00,548.88,548.9,548.88,548.9,0.0,54.46,29706.58,1
2025-12-08,2025-12-08 13:54:00,548.9,548.92,548.9,548.92,0.0,54.46,29706.58,1
2025-12-08,2025-12-08 13:55:00,548.92,548.93,548.92,548.93,0.0,54.46,29706.58,1
2025-12-08,2025-12-08 13:56:00,548.93,548.95,548.93,548.95,0.0,54.46,29706.58,1
2025-12-08,2025-12-08 13:57:00,548.95,548.97,548.95,548.97,0.0,54.46,29706.58,1
2025-12-08,2025-12-08 13:58:00,548.97,548.98,548.97,548.98,0.0,54.46,29706.58,1
2025-12-08,2025-12-08 13:59:00,548.98,549.0,548.98,549.0,0.0,54.46,29706.58,1
2025-12-08,2025-12-08 14:00:00,549.0,549.02,549.0,549.02,0.0,54.46,29706.58,1
2025-12-08,2025-12-08 14:01:00,549.02,549.03,549.02,549.03,0.0,54.46,29706.58,1
2025-12-08,2025-12-08 14:02:00,549.03,549.05,549.03,549.05,0.0,54.46,29706.58,1
2025-12-08,2025-12-08 14:03:00,549.05,549.07,549.05,549.07,0.0,54.46,29706.58,1
2025-12-08,2025-12-08 14:04:00,549.07,549.08,549.07,549.08,0.0,54.46,29706.58,1
2025-12-08,2025-12-08 14:05:00,549.08,549.1,549.08,549.1,0.0,54.46,29706.58,1
2025-12-08,2025-12-08 14:06:00,549.1,549.12,549.1,549.12,0.0,54.46,29706.58,1
2025-12-08,2025-12-08 14:07:00,549.12,549.13,549.12,549.13,0.0,54.46,29706.58,1
2025-12-08,2025-12-08 14:08:00,549.13,549.15,549.13,549.15,0.0,54.46,29706.58,1
2025-12-08,2025-12-08 14:09:00,549.15,549.17,549.15,549.17,0.0,54.46,29706.58,1
2025-12-08,2025-12-08 14:10:00,549.17,549.18,549.17,549.18,0.0,54.46,29706.58,1
2025-12-08,2025-12-08 14:11:00,549.18,549.2,549.18,549.2,0.0,54.46,29706.58,1
2025-12-08,2025-12-08 14:12:00,549.2,549.22,549.2,549.22,0.0,54.46,29706.58,1
2025-12-08,2025-12-08 14:13:00,549.22,549.23,549.22,549.23,0.0,54.46,29706.58,1
2025-12-08,2025-12-08 14:14:00,549.23,549.25,549.23,549.25,0.0,54.46,29706.58,1
2025-12-08,2025-12-08 14:15:00,549.25,549.27,549.25,549.27,0.0,54.46,29706.58,1
2025-12-08,2025-12-08 14:16:00,549.27,549.28,549.27,549.28,0.0,54.46,29706.58,1
2025-12-08,2025-12-08 14:17:00,549.28,549.3,549.28,549.3,0.0,54.46,29706.58,1
2025-12-08,2025-12-08 14:18:00,549.3,549.32,549.3,549.32,0.0,54.46,29706.58,1
2025-12-08,2025-12-08 14:19:00,549.32,549.33,549.32,549.33,0.0,54.46,29706.58,1
2025-12-08,2025-12-08 14:20:00,549.33,549.35,549.33,549.35,0.0,54.46,29706.58,1
2025-12-08,2025-12-08 14:21:00,549.35,549.37,549.35,549.37,0.0,54.46,29706.58,1
2025-12-08,2025-12-08 14:22:00,549.37,549.38,549.37,549.38,0.0,54.46,29706.58,1
2025-12-08,2025-12-08 14:23:00,549.38,549.4,549.38,549.4,0.0,54.46,29706.58,1
2025-12-08,2025-12-08 14:24:00,549.4,549.42,549.4,549.42,0.0,54.46,29706.58,1
2025-12-08,2025-12-08 14:25:00,549.42,549.43,549.42,549.43,0.0,54.46,29706.58,1
2025-12-08,2025-12-08 14:26:00,549.43,549.45,549.43,549.45,0.0,54.46,29706.58,1
2025-12-08,2025-12-08 14:27:00,549.45,549.47,549.45,549.47,0.0,54.46,29706.58,1
2025-12-08,2025-12-08 14:28:00,549.47,549.48,549.47,549.48,0.0,54.46,29706.58,1
2025-12-08,2025-12-08 14:29:00,549.48,549.5,549.48,549.5,0.0,54.46,29706.58,1
2025-12-08,2025-12-08 14:30:00,549.5,549.52,549.5,549.52,0.0,54.46,29706.58,1
2025-12-08,2025-12-08 14:31:00,549.52,549.53,549.52,549.53,0.0,54.46,29706.58,1
2025-12-08,2025-12-08 14:32:00,549.53,549.55,549.53,549.55,0.0,54.46,29706.58,1
2025-12-08,2025-12-08 14:33:00,549.55,549.57,549.55,549.57,0.0,54.46,29706.58,1
2025-12-08,2025-12-08 14:34:00,549.57,549.58,549.57,549.58,0.0,54.46,29706.58,1
2025-12-08,2025-12-08 14:35:00,549.58,549.6,549.58,549.6,0.0,54.46,29706.58,1
2025-12-08,2025-12-08 14:36:00,549.6,549.62,549.6,549.62,0.0,54.46,29706.58,1
2025-12-08,2025-12-08 14:37:00,549.62,549.63,549.62,549.63,0.0,54.46,29706.58,1
2025-12-08,2025-12-08 14:38:00,549.63,549.65,549.63,549.65,0.0,54.46,29706.58,1
2025-12-08,2025-12-08 14:39:00,549.65,549.67,549.65,549.67,0.0,54.46,29706.58,1
2025-12-08,2025-12-08 14:40:00,549.67,549.68,549.67,549.68,0.0,54.46,29706.58,1
2025-12-08,2025-12-08 14:41:00,549.68,549.7,549.68,549.7,0.0,54.46,29706.58,1
2025-12-08,2025-12-08 14:42:00,549.7,549.72,549.7,549.72,0.0,54.46,29706.58,1
2025-12-08,2025-12-08 14:43:00,549.72,549.73,549.72,549.73,0.0,54.46,29706.58,1
2025-12-08,2025-12-08 14:44:00,549.73,549.75,549.73,549.75,0.0,54.46,29706.58,1
2025-12-08,2025-12-08 14:45:00,549.75,549.77,549.75,549.77,0.0,54.46,29706.58,1
2025-12-08,2025-12-08 14:46:00,549.77,549.78,549.77,549.78,0.0,54.46,29706.58,1
2025-12-08,2025-12-08 14:47:00,549.78,549.8,549.78,549.8,0.0,54.46,29706.58,1
2025-12-08,2025-12-08 14:48:00,549.8,549.82,549.8,549.82,0.0,54.46,29706.58,1
2025-12-08,2025-12-08 14:49:00,549.82,549.83,549.82,549.83,0.0,54.46,29706.58,1
2025-12-08,2025-12-08 14:50:00,549.83,549.85,549.83,549.85,0.0,54.46,29706.58,1
2025-12-08,2025-12-08 14:51:00,549.85,549.87,549.85,549.87,0.0,54.46,29706.58,1
2025-12-08,2025-12-08 14:52:00,549.87,549.88,549.87,549.88,0.0,54.46,29706.58,1
2025-12-08,2025-12-08 14:53:00,549.88,549.9,549.88,549.9,0.0,54.46,29706.58,1
2025-12-08,2025-12-08 14:54:00,549.9,549.92,549.9,549.92,0.0,54.46,29706.58,1
2025-12-08,2025-12-08 14:55:00,549.92,549.93,549.92,549.93,0.0,54.46,29706.58,1
2025-12-08,2025-12-08 14:56:00,549.93,549.95,549.93,549.95,0.0,54.46,29706.58,1
2025-12-08,2025-12-08 14:57:00,549.95,549.97,549.95,549.97,0.0,54.46,29706.58,1
2025-12-08,2025-12-08 14:58:00,549.97,549.98,549.97,549.98,0.0,54.46,29706.58,1
2025-12-08,2025-12-08 14:59:00,549.98,550.0,549.98,550.0,0.0,54.46,29706.58,1
2025-12-08,2025-12-08 15:00:00,550.0,557.0,540.2,550.0,0.0,54.46,29706.58,0
2025-12-09,2025-12-09 11:00:00,553.0,554.65,549.1,553.0,0.0,28.49,15705.96,0
2025-12-09,2025-12-09 11:01:00,553.0,553.01,553.0,553.01,0.0,28.49,15705.96,1
2025-12-09,2025-12-09 11:02:00,553.01,553.01,553.01,553.01,0.0,28.49,15705.96,0
2025-12-09,2025-12-09 11:03:00,553.01,553.01,553.01,553.01,0.0,28.49,15705.96,0
2025-12-09,2025-12-09 11:04:00,553.01,553.02,553.01,553.02,0.0,28.49,15705.96,1
2025-12-09,2025-12-09 11:05:00,553.02,553.02,553.02,553.02,0.0,28.49,15705.96,0
2025-12-09,2025-12-09 11:06:00,553.02,553.03,553.02,553.03,0.0,28.49,15705.96,1
2025-12-09,2025-12-09 11:07:00,553.03,553.03,553.03,553.03,0.0,28.49,15705.96,0
2025-12-09,2025-12-09 11:08:00,553.03,553.03,553.03,553.03,0.0,28.49,15705.96,0
2025-12-09,2025-12-09 11:09:00,553.03,553.04,553.03,553.04,0.0,28.49,15705.96,1
2025-12-09,2025-12-09 11:10:00,553.04,553.04,553.04,553.04,0.0,28.49,15705.96,0
2025-12-09,2025-12-09 11:11:00,553.04,553.04,553.04,553.04,0.0,28.49,15705.96,0
2025-12-09,2025-12-09 11:12:00,553.04,553.05,553.04,553.05,0.0,28.49,15705.96,1
2025-12-09,2025-12-09 11:13:00,553.05,553.05,553.05,553.05,0.0,28.49,15705.96,0
2025-12-09,2025-12-09 11:14:00,553.05,553.06,553.05,553.06,0.0,28.49,15705.96,1
2025-12-09,2025-12-09 11:15:00,553.06,553.06,553.06,553.06,0.0,28.49,15705.96,0
2025-12-09,2025-12-09 11:16:00,553.06,553.06,553.06,553.06,0.0,28.49,15705.96,0
2025-12-09,2025-12-09 11:17:00,553.06,553.07,553.06,553.07,0.0,28.49,15705.96,1
2025-12-09,2025-12-09 11:18:00,553.07,553.07,553.07,553.07,0.0,28.49,15705.96,0
2025-12-09,2025-12-09 11:19:00,553.07,553.08,553.07,553.08,0.0,28.49,15705.96,1
2025-12-09,2025-12-09 11:20:00,553.08,553.08,553.08,553.08,0.0,28.49,15705.96,0
2025-12-09,2025-12-09 11:21:00,553.08,553.08,553.08,553.08,0.0,28.49,15705.96,0
2025-12-09,2025-12-09 11:22:00,553.08,553.09,553.08,553.09,0.0,28.49,15705.96,1
2025-12-09,2025-12-09 11:23:00,553.09,553.09,553.09,553.09,0.0,28.49,15705.96,0
2025-12-09,2025-12-09 11:24:00,553.09,553.09,553.09,553.09,0.0,28.49,15705.96,0
2025-12-09,2025-12-09 11:25:00,553.09,553.1,553.09,553.1,0.0,28.49,15705.96,1
2025-12-09,2025-12-09 11:26:00,553.1,553.1,553.1,553.1,0.0,28.49,15705.96,0
2025-12-09,2025-12-09 11:27:00,553.1,553.11,553.1,553.11,0.0,28.49,15705.96,1
2025-12-09,2025-12-09 11:28:00,553.11,553.11,553.11,553.11,0.0,28.49,15705.96,0
2025-12-09,2025-12-09 11:29:00,553.11,553.11,553.11,553.11,0.0,28.49,15705.96,0
2025-12-09,2025-12-09 11:30:00,553.11,553.12,553.11,553.12,0.0,28.49,15705.96,1
2025-12-09,2025-12-09 11:31:00,553.12,553.12,553.12,553.12,0.0,28.49,15705.96,0
2025-12-09,2025-12-09 11:32:00,553.12,553.12,553.12,553.12,0.0,28.49,15705.96,0
2025-12-09,2025-12-09 11:33:00,553.12,553.13,553.12,553.13,0.0,28.49,15705.96,1
2025-12-09,2025-12-09 11:34:00,553.13,553.13,553.13,553.13,0.0,28.49,15705.96,0
2025-12-09,2025-12-09 11:35:00,553.13,553.13,553.13,553.13,0.0,28.49,15705.96,0
2025-12-09,2025-12-09 11:36:00,553.13,553.14,553.13,553.14,0.0,28.49,15705.96,1
2025-12-09,2025-12-09 11:37:00,553.14,553.14,553.14,553.14,0.0,28.49,15705.96,0
2025-12-09,2025-12-09 11:38:00,553.14,553.15,553.14,553.15,0.0,28.49,15705.96,1
2025-12-09,2025-12-09 11:39:00,553.15,553.15,553.15,553.15,0.0,28.49,15705.96,0
2025-12-09,2025-12-09 11:40:00,553.15,553.15,553.15,553.15,0.0,28.49,15705.96,0
2025-12-09,2025-12-09 11:41:00,553.15,553.16,553.15,553.16,0.0,28.49,15705.96,1
2025-12-09,2025-12-09 11:42:00,553.16,553.16,553.16,553.16,0.0,28.49,15705.96,0
2025-12-09,2025-12-09 11:43:00,553.16,553.16,553.16,553.16,0.0,28.49,15705.96,0
2025-12-09,2025-12-09 11:44:00,553.16,553.17,553.16,553.17,0.0,28.49,15705.96,1
2025-12-09,2025-12-09 11:45:00,553.17,553.17,553.17,553.17,0.0,28.49,15705.96,0
2025-12-09,2025-12-09 11:46:00,553.17,553.18,553.17,553.18,0.0,28.49,15705.96,1
2025-12-09,2025-12-09 11:47:00,553.18,553.18,553.18,553.18,0.0,28.49,15705.96,0
2025-12-09,2025-12-09 11:48:00,553.18,553.18,553.18,553.18,0.0,28.49,15705.96,0
2025-12-09,2025-12-09 11:49:00,553.18,553.19,553.18,553.19,0.0,28.49,15705.96,1
2025-12-09,2025-12-09 11:50:00,553.19,553.19,553.19,553.19,0.0,28.49,15705.96,0
2025-12-09,2025-12-09 11:51:00,553.19,553.2,553.19,553.2,0.0,28.49,15705.96,1
2025-12-09,2025-12-09 11:52:00,553.2,553.2,553.2,553.2,0.0,28.49,15705.96,0
2025-12-09,2025-12-09 11:53:00,553.2,553.2,553.2,553.2,0.0,28.49,15705.96,0
2025-12-09,2025-12-09 11:54:00,553.2,553.21,553.2,553.21,0.0,28.49,15705.96,1
2025-12-09,2025-12-09 11:55:00,553.21,553.21,553.21,553.21,0.0,28.49,15705.96,0
2025-12-09,2025-12-09 11:56:00,553.21,553.21,553.21,553.21,0.0,28.49,15705.96,0
2025-12-09,2025-12-09 11:57:00,553.21,553.22,553.21,553.22,0.0,28.49,15705.96,1
2025-12-09,2025-12-09 11:58:00,553.22,553.22,553.22,553.22,0.0,28.49,15705.96,0
2025-12-09,2025-12-09 11:59:00,553.22,553.23,553.22,553.23,0.0,28.49,15705.96,1
2025-12-09,2025-12-09 12:00:00,553.23,553.23,553.23,553.23,0.0,28.49,15705.96,0
2025-12-09,2025-12-09 12:01:00,553.23,553.23,553.23,553.23,0.0,28.49,15705.96,0
2025-12-09,2025-12-09 12:02:00,553.23,553.24,553.23,553.24,0.0,28.49,15705.96,1
2025-12-09,2025-12-09 12:03:00,553.24,553.24,553.24,553.24,0.0,28.49,15705.96,0
2025-12-09,2025-12-09 12:04:00,553.24,553.24,553.24,553.24,0.0,28.49,15705.96,0
2025-12-09,2025-12-09 12:05:00,553.24,553.25,553.24,553.25,0.0,28.49,15705.96,1
2025-12-09,2025-12-09 12:06:00,553.25,553.25,553.25,553.25,0.0,28.49,15705.96,0
2025-12-09,2025-12-09 12:07:00,553.25,553.25,553.25,553.25,0.0,28.49,15705.96,0
2025-12-09,2025-12-09 12:08:00,553.25,553.26,553.25,553.26,0.0,28.49,15705.96,1
2025-12-09,2025-12-09 12:09:00,553.26,553.26,553.26,553.26,0.0,28.49,15705.96,0
2025-12-09,2025-12-09 12:10:00,553.26,553.27,553.26,553.27,0.0,28.49,15705.96,1
2025-12-09,2025-12-09 12:11:00,553.27,553.27,553.27,553.27,0.0,28.49,15705.96,0
2025-12-09,2025-12-09 12:12:00,553.27,553.27,553.27,553.27,0.0,28.49,15705.96,0
2025-12-09,2025-12-09 12:13:00,553.27,553.28,553.27,553.28,0.0,28.49,15705.96,1
2025-12-09,2025-12-09 12:14:00,553.28,553.28,553.28,553.28,0.0,28.49,15705.96,0
2025-12-09,2025-12-09 12:15:00,553.28,553.28,553.28,553.28,0.0,28.49,15705.96,0
2025-12-09,2025-12-09 12:16:00,553.28,553.29,553.28,553.29,0.0,28.49,15705.96,1
2025-12-09,2025-12-09 12:17:00,553.29,553.29,553.29,553.29,0.0,28.49,15705.96,0
2025-12-09,2025-12-09 12:18:00,553.29,553.3,553.29,553.3,0.0,28.49,15705.96,1
2025-12-09,2025-12-09 12:19:00,553.3,553.3,553.3,553.3,0.0,28.49,15705.96,0
2025-12-09,2025-12-09 12:20:00,553.3,553.3,553.3,553.3,0.0,28.49,15705.96,0
2025-12-09,2025-12-09 12:21:00,553.3,553.31,553.3,553.31,0.0,28.49,15705.96,1
2025-12-09,2025-12-09 12:22:00,553.31,553.31,553.31,553.31,0.0,28.49,15705.96,0
2025-12-09,2025-12-09 12:23:00,553.31,553.31,553.31,553.31,0.0,28.49,15705.96,0
2025-12-09,2025-12-09 12:24:00,553.31,553.32,553.31,553.32,0.0,28.49,15705.96,1
2025-12-09,2025-12-09 12:25:00,553.32,553.32,553.32,553.32,0.0,28.49,15705.96,0
2025-12-09,2025-12-09 12:26:00,553.32,553.33,553.32,553.33,0.0,28.49,15705.96,1
2025-12-09,2025-12-09 12:27:00,553.33,553.33,553.33,553.33,0.0,28.49,15705.96,0
2025-12-09,2025-12-09 12:28:00,553.33,553.33,553.33,553.33,0.0,28.49,15705.96,0
2025-12-09,2025-12-09 12:29:00,553.33,553.34,553.33,553.34,0.0,28.49,15705.96,1
2025-12-09,2025-12-09 12:30:00,553.34,553.34,553.34,553.34,0.0,28.49,15705.96,0
2025-12-09,2025-12-09 12:31:00,553.34,553.35,553.34,553.35,0.0,28.49,15705.96,1
2025-12-09,2025-12-09 12:32:00,553.35,553.35,553.35,553.35,0.0,28.49,15705.96,0
2025-12-09,2025-12-09 12:33:00,553.35,553.35,553.35,553.35,0.0,28.49,15705.96,0
2025-12-09,2025-12-09 12:34:00,553.35,553.36,553.35,553.36,0.0,28.49,15705.96,1
2025-12-09,2025-12-09 12:35:00,553.36,553.36,553.36,553.36,0.0,28.49,15705.96,0
2025-12-09,2025-12-09 12:36:00,553.36,553.36,553.36,553.36,0.0,28.49,15705.96,0
2025-12-09,2025-12-09 12:37:00,553.36,553.37,553.36,553.37,0.0,28.49,15705.96,1
2025-12-09,2025-12-09 12:38:00,553.37,553.37,553.37,553.37,0.0,28.49,15705.96,0
2025-12-09,2025-12-09 12:39:00,553.37,553.38,553.37,553.38,0.0,28.49,15705.96,1
2025-12-09,2025-12-09 12:40:00,553.38,553.38,553.38,553.38,0.0,28.49,15705.96,0
2025-12-09,2025-12-09 12:41:00,553.38,553.38,553.38,553.38,0.0,28.49,15705.96,0
2025-12-09,2025-12-09 12:42:00,553.38,553.39,553.38,553.39,0.0,28.49,15705.96,1
2025-12-09,2025-12-09 12:43:00,553.39,553.39,553.39,553.39,0.0,28.49,15705.96,0
2025-12-09,2025-12-09 12:44:00,553.39,553.39,553.39,553.39,0.0,28.49,15705.96,0
2025-12-09,2025-12-09 12:45:00,553.39,553.4,553.39,553.4,0.0,28.49,15705.96,1
2025-12-09,2025-12-09 12:46:00,553.4,553.4,553.4,553.4,0.0,28.49,15705.96,0
2025-12-09,2025-12-09 12:47:00,553.4,553.4,553.4,553.4,0.0,28.49,15705.96,0
2025-12-09,2025-12-09 12:48:00,553.4,553.41,553.4,553.41,0.0,28.49,15705.96,1
2025-12-09,2025-12-09 12:49:00,553.41,553.41,553.41,553.41,0.0,28.49,15705.96,0
2025-12-09,2025-12-09 12:50:00,553.41,553.42,553.41,553.42,0.0,28.49,15705.96,1
2025-12-09,2025-12-09 12:51:00,553.42,553.42,553.42,553.42,0.0,28.49,15705.96,0
2025-12-09,2025-12-09 12:52:00,553.42,553.42,553.42,553.42,0.0,28.49,15705.96,0
2025-12-09,2025-12-09 12:53:00,553.42,553.43,553.42,553.43,0.0,28.49,15705.96,1
2025-12-09,2025-12-09 12:54:00,553.43,553.43,553.43,553.43,0.0,28.49,15705.96,0
2025-12-09,2025-12-09 12:55:00,553.43,553.43,553.43,553.43,0.0,28.49,15705.96,0
2025-12-09,2025-12-09 12:56:00,553.43,553.44,553.43,553.44,0.0,28.49,15705.96,1
2025-12-09,2025-12-09 12:57:00,553.44,553.44,553.44,553.44,0.0,28.49,15705.96,0
2025-12-09,2025-12-09 12:58:00,553.44,553.45,553.44,553.45,0.0,28.49,15705.96,1
2025-12-09,2025-12-09 12:59:00,553.45,553.45,553.45,553.45,0.0,28.49,15705.96,0
2025-12-09,2025-12-09 13:00:00,553.45,558.5,540.0,553.45,0.0,28.49,15705.96,0
2025-12-09,2025-12-09 13:01:00,553.45,553.46,553.45,553.46,0.0,28.49,15705.96,1
2025-12-09,2025-12-09 13:02:00,553.46,553.46,553.46,553.46,0.0,28.49,15705.96,0
2025-12-09,2025-12-09 13:03:00,553.46,553.47,553.46,553.47,0.0,28.49,15705.96,1
2025-12-09,2025-12-09 13:04:00,553.47,553.47,553.47,553.47,0.0,28.49,15705.96,0
2025-12-09,2025-12-09 13:05:00,553.47,553.47,553.47,553.47,0.0,28.49,15705.96,0
2025-12-09,2025-12-09 13:06:00,553.47,553.48,553.47,553.48,0.0,28.49,15705.96,1
2025-12-09,2025-12-09 13:07:00,553.48,553.48,553.48,553.48,0.0,28.49,15705.96,0
2025-12-09,2025-12-09 13:08:00,553.48,553.48,553.48,553.48,0.0,28.49,15705.96,0
2025-12-09,2025-12-09 13:09:00,553.48,553.49,553.48,553.49,0.0,28.49,15705.96,1
2025-12-09,2025-12-09 13:10:00,553.49,553.49,553.49,553.49,0.0,28.49,15705.96,0
2025-12-09,2025-12-09 13:11:00,553.49,553.5,553.49,553.5,0.0,28.49,15705.96,1
2025-12-09,2025-12-09 13:12:00,553.5,553.5,553.5,553.5,0.0,28.49,15705.96,0
2025-12-09,2025-12-09 13:13:00,553.5,553.5,553.5,553.5,0.0,28.49,15705.96,0
2025-12-09,2025-12-09 13:14:00,553.5,553.51,553.5,553.51,0.0,28.49,15705.96,1
2025-12-09,2025-12-09 13:15:00,553.51,553.51,553.51,553.51,0.0,28.49,15705.96,0
2025-12-09,2025-12-09 13:16:00,553.51,553.51,553.51,553.51,0.0,28.49,15705.96,0
2025-12-09,2025-12-09 13:17:00,553.51,553.52,553.51,553.52,0.0,28.49,15705.96,1
2025-12-09,2025-12-09 13:18:00,553.52,553.52,553.52,553.52,0.0,28.49,15705.96,0
2025-12-09,2025-12-09 13:19:00,553.52,553.52,553.52,553.52,0.0,28.49,15705.96,0
2025-12-09,2025-12-09 13:20:00,553.52,553.53,553.52,553.53,0.0,28.49,15705.96,1
2025-12-09,2025-12-09 13:21:00,553.53,553.53,553.53,553.53,0.0,28.49,15705.96,0
2025-12-09,2025-12-09 13:22:00,553.53,553.54,553.53,553.54,0.0,28.49,15705.96,1
2025-12-09,2025-12-09 13:23:00,553.54,553.54,553.54,553.54,0.0,28.49,15705.96,0
2025-12-09,2025-12-09 13:24:00,553.54,553.54,553.54,553.54,0.0,28.49,15705.96,0
2025-12-09,2025-12-09 13:25:00,553.54,553.55,553.54,553.55,0.0,28.49,15705.96,1
2025-12-09,2025-12-09 13:26:00,553.55,553.55,553.55,553.55,0.0,28.49,15705.96,0
2025-12-09,2025-12-09 13:27:00,553.55,553.55,553.55,553.55,0.0,28.49,15705.96,0
2025-12-09,2025-12-09 13:28:00,553.55,553.56,553.55,553.56,0.0,28.49,15705.96,1
2025-12-09,2025-12-09 13:29:00,553.56,553.56,553.56,553.56,0.0,28.49,15705.96,0
2025-12-09,2025-12-09 13:30:00,553.56,553.57,553.56,553.57,0.0,28.49,15705.96,1
2025-12-09,2025-12-09 13:31:00,553.57,553.57,553.57,553.57,0.0,28.49,15705.96,0
2025-12-09,2025-12-09 13:32:00,553.57,553.57,553.57,553.57,0.0,28.49,15705.96,0
2025-12-09,2025-12-09 13:33:00,553.57,553.58,553.57,553.58,0.0,28.49,15705.96,1
2025-12-09,2025-12-09 13:34:00,553.58,553.58,553.58,553.58,0.0,28.49,15705.96,0
2025-12-09,2025-12-09 13:35:00,553.58,553.59,553.58,553.59,0.0,28.49,15705.96,1
2025-12-09,2025-12-09 13:36:00,553.59,553.59,553.59,553.59,0.0,28.49,15705.96,0
2025-12-09,2025-12-09 13:37:00,553.59,553.59,553.59,553.59,0.0,28.49,15705.96,0
2025-12-09,2025-12-09 13:38:00,553.59,553.6,553.59,553.6,0.0,28.49,15705.96,1
2025-12-09,2025-12-09 13:39:00,553.6,553.6,553.6,553.6,0.0,28.49,15705.96,0
2025-12-09,2025-12-09 13:40:00,553.6,553.6,553.6,553.6,0.0,28.49,15705.96,0
2025-12-09,2025-12-09 13:41:00,553.6,553.61,553.6,553.61,0.0,28.49,15705.96,1
2025-12-09,2025-12-09 13:42:00,553.61,553.61,553.61,553.61,0.0,28.49,15705.96,0
2025-12-09,2025-12-09 13:43:00,553.61,553.62,553.61,553.62,0.0,28.49,15705.96,1
2025-12-09,2025-12-09 13:44:00,553.62,553.62,553.62,553.62,0.0,28.49,15705.96,0
2025-12-09,2025-12-09 13:45:00,553.62,553.62,553.62,553.62,0.0,28.49,15705.96,0
2025-12-09,2025-12-09 13:46:00,553.62,553.63,553.62,553.63,0.0,28.49,15705.96,1
2025-12-09,2025-12-09 13:47:00,553.63,553.63,553.63,553.63,0.0,28.49,15705.96,0
2025-12-09,2025-12-09 13:48:00,553.63,553.63,553.63,553.63,0.0,28.49,15705.96,0
2025-12-09,2025-12-09 13:49:00,553.63,553.64,553.63,553.64,0.0,28.49,15705.96,1
2025-12-09,2025-12-09 13:50:00,553.64,553.64,553.64,553.64,0.0,28.49,15705.96,0
2025-12-09,2025-12-09 13:51:00,553.64,553.64,553.64,553.64,0.0,28.49,15705.96,0
2025-12-09,2025-12-09 13:52:00,553.64,553.65,553.64,553.65,0.0,28.49,15705.96,1
2025-12-09,2025-12-09 13:53:00,553.65,553.65,553.65,553.65,0.0,28.49,15705.96,0
2025-12-09,2025-12-09 13:54:00,553.65,553.66,553.65,553.66,0.0,28.49,15705.96,1
2025-12-09,2025-12-09 13:55:00,553.66,553.66,553.66,553.66,0.0,28.49,15705.96,0
2025-12-09,2025-12-09 13:56:00,553.66,553.66,553.66,553.66,0.0,28.49,15705.96,0
2025-12-09,2025-12-09 13:57:00,553.66,553.67,553.66,553.67,0.0,28.49,15705.96,1
2025-12-09,2025-12-09 13:58:00,553.67,553.67,553.67,553.67,0.0,28.49,15705.96,0
2025-12-09,2025-12-09 13:59:00,553.67,553.67,553.67,553.67,0.0,28.49,15705.96,0
2025-12-09,2025-12-09 14:00:00,553.67,553.68,553.67,553.68,0.0,28.49,15705.96,1
2025-12-09,2025-12-09 14:01:00,553.68,553.68,553.68,553.68,0.0,28.49,15705.96,0
2025-12-09,2025-12-09 14:02:00,553.68,553.69,553.68,553.69,0.0,28.49,15705.96,1
2025-12-09,2025-12-09 14:03:00,553.69,553.69,553.69,553.69,0.0,28.49,15705.96,0
2025-12-09,2025-12-09 14:04:00,553.69,553.69,553.69,553.69,0.0,28.49,15705.96,0
2025-12-09,2025-12-09 14:05:00,553.69,553.7,553.69,553.7,0.0,28.49,15705.96,1
2025-12-09,2025-12-09 14:06:00,553.7,553.7,553.7,553.7,0.0,28.49,15705.96,0
2025-12-09,2025-12-09 14:07:00,553.7,553.7,553.7,553.7,0.0,28.49,15705.96,0
2025-12-09,2025-12-09 14:08:00,553.7,553.71,553.7,553.71,0.0,28.49,15705.96,1
2025-12-09,2025-12-09 14:09:00,553.71,553.71,553.71,553.71,0.0,28.49,15705.96,0
2025-12-09,2025-12-09 14:10:00,553.71,553.72,553.71,553.72,0.0,28.49,15705.96,1
2025-12-09,2025-12-09 14:11:00,553.72,553.72,553.72,553.72,0.0,28.49,15705.96,0
2025-12-09,2025-12-09 14:12:00,553.72,553.72,553.72,553.72,0.0,28.49,15705.96,0
2025-12-09,2025-12-09 14:13:00,553.72,553.73,553.72,553.73,0.0,28.49,15705.96,1
2025-12-09,2025-12-09 14:14:00,553.73,553.73,553.73,553.73,0.0,28.49,15705.96,0
2025-12-09,2025-12-09 14:15:00,553.73,553.74,553.73,553.74,0.0,28.49,15705.96,1
2025-12-09,2025-12-09 14:16:00,553.74,553.74,553.74,553.74,0.0,28.49,15705.96,0
2025-12-09,2025-12-09 14:17:00,553.74,553.74,553.74,553.74,0.0,28.49,15705.96,0
2025-12-09,2025-12-09 14:18:00,553.74,553.75,553.74,553.75,0.0,28.49,15705.96,1
2025-12-09,2025-12-09 14:19:00,553.75,553.75,553.75,553.75,0.0,28.49,15705.96,0
2025-12-09,2025-12-09 14:20:00,553.75,553.75,553.75,553.75,0.0,28.49,15705.96,0
2025-12-09,2025-12-09 14:21:00,553.75,553.76,553.75,553.76,0.0,28.49,15705.96,1
2025-12-09,2025-12-09 14:22:00,553.76,553.76,553.76,553.76,0.0,28.49,15705.96,0
2025-12-09,2025-12-09 14:23:00,553.76,553.76,553.76,553.76,0.0,28.49,15705.96,0
2025-12-09,2025-12-09 14:24:00,553.76,553.77,553.76,553.77,0.0,28.49,15705.96,1
2025-12-09,2025-12-09 14:25:00,553.77,553.77,553.77,553.77,0.0,28.49,15705.96,0
2025-12-09,2025-12-09 14:26:00,553.77,553.78,553.77,553.78,0.0,28.49,15705.96,1
2025-12-09,2025-12-09 14:27:00,553.78,553.78,553.78,553.78,0.0,28.49,15705.96,0
2025-12-09,2025-12-09 14:28:00,553.78,553.78,553.78,553.78,0.0,28.49,15705.96,0
2025-12-09,2025-12-09 14:29:00,553.78,553.79,553.78,553.79,0.0,28.49,15705.96,1
2025-12-09,2025-12-09 14:30:00,553.79,553.79,553.79,553.79,0.0,28.49,15705.96,0
2025-12-09,2025-12-09 14:31:00,553.79,553.79,553.79,553.79,0.0,28.49,15705.96,0
2025-12-09,2025-12-09 14:32:00,553.79,553.8,553.79,553.8,0.0,28.49,15705.96,1
2025-12-09,2025-12-09 14:33:00,553.8,553.8,553.8,553.8,0.0,28.49,15705.96,0
2025-12-09,2025-12-09 14:34:00,553.8,553.81,553.8,553.81,0.0,28.49,15705.96,1
2025-12-09,2025-12-09 14:35:00,553.81,553.81,553.81,553.81,0.0,28.49,15705.96,0
2025-12-09,2025-12-09 14:36:00,553.81,553.81,553.81,553.81,0.0,28.49,15705.96,0
2025-12-09,2025-12-09 14:37:00,553.81,553.82,553.81,553.82,0.0,28.49,15705.96,1
2025-12-09,2025-12-09 14:38:00,553.82,553.82,553.82,553.82,0.0,28.49,15705.96,0
2025-12-09,2025-12-09 14:39:00,553.82,553.82,553.82,553.82,0.0,28.49,15705.96,0
2025-12-09,2025-12-09 14:40:00,553.82,553.83,553.82,553.83,0.0,28.49,15705.96,1
2025-12-09,2025-12-09 14:41:00,553.83,553.83,553.83,553.83,0.0,28.49,15705.96,0
2025-12-09,2025-12-09 14:42:00,553.83,553.84,553.83,553.84,0.0,28.49,15705.96,1
2025-12-09,2025-12-09 14:43:00,553.84,553.84,553.84,553.84,0.0,28.49,15705.96,0
2025-12-09,2025-12-09 14:44:00,553.84,553.84,553.84,553.84,0.0,28.49,15705.96,0
2025-12-09,2025-12-09 14:45:00,553.84,553.85,553.84,553.85,0.0,28.49,15705.96,1
2025-12-09,2025-12-09 14:46:00,553.85,553.85,553.85,553.85,0.0,28.49,15705.96,0
2025-12-09,2025-12-09 14:47:00,553.85,553.86,553.85,553.86,0.0,28.49,15705.96,1
2025-12-09,2025-12-09 14:48:00,553.86,553.86,553.86,553.86,0.0,28.49,15705.96,0
2025-12-09,2025-12-09 14:49:00,553.86,553.86,553.86,553.86,0.0,28.49,15705.96,0
2025-12-09,2025-12-09 14:50:00,553.86,553.87,553.86,553.87,0.0,28.49,15705.96,1
2025-12-09,2025-12-09 14:51:00,553.87,553.87,553.87,553.87,0.0,28.49,15705.96,0
2025-12-09,2025-12-09 14:52:00,553.87,553.87,553.87,553.87,0.0,28.49,15705.96,0
2025-12-09,2025-12-09 14:53:00,553.87,553.88,553.87,553.88,0.0,28.49,15705.96,1
2025-12-09,2025-12-09 14:54:00,553.88,553.88,553.88,553.88,0.0,28.49,15705.96,0
2025-12-09,2025-12-09 14:55:00,553.88,553.88,553.88,553.88,0.0,28.49,15705.96,0
2025-12-09,2025-12-09 14:56:00,553.88,553.89,553.88,553.89,0.0,28.49,15705.96,1
2025-12-09,2025-12-09 14:57:00,553.89,553.89,553.89,553.89,0.0,28.49,15705.96,0
2025-12-09,2025-12-09 14:58:00,553.89,553.9,553.89,553.9,0.0,28.49,15705.96,1
2025-12-09,2025-12-09 14:59:00,553.9,553.9,553.9,553.9,0.0,28.49,15705.96,0
2025-12-09,2025-12-09 15:00:00,553.9,558.5,540.0,553.9,0.0,28.49,15705.96,0
2025-12-10,2025-12-10 11:00:00,548.0,552.2,548.0,548.03,0.01,37.01,20546.29,1
2025-12-10,2025-12-10 11:01:00,548.03,548.06,548.03,548.06,0.01,37.01,20546.29,1
2025-12-10,2025-12-10 11:02:00,548.06,548.09,548.06,548.09,0.01,37.01,20546.29,1
2025-12-10,2025-12-10 11:03:00,548.09,548.12,548.09,548.12,0.01,37.01,20546.29,1
2025-12-10,2025-12-10 11:04:00,548.12,548.14,548.12,548.14,0.0,37.01,20546.29,1
2025-12-10,2025-12-10 11:05:00,548.14,548.17,548.14,548.17,0.01,37.01,20546.29,1
2025-12-10,2025-12-10 11:06:00,548.17,548.2,548.17,548.2,0.01,37.01,20546.29,1
2025-12-10,2025-12-10 11:07:00,548.2,548.23,548.2,548.23,0.01,37.01,20546.29,1
2025-12-10,2025-12-10 11:08:00,548.23,548.26,548.23,548.26,0.01,37.01,20546.29,1
2025-12-10,2025-12-10 11:09:00,548.26,548.29,548.26,548.29,0.01,37.01,20546.29,1
2025-12-10,2025-12-10 11:10:00,548.29,548.32,548.29,548.32,0.01,37.01,20546.29,1
2025-12-10,2025-12-10 11:11:00,548.32,548.35,548.32,548.35,0.01,37.01,20546.29,1
2025-12-10,2025-12-10 11:12:00,548.35,548.37,548.35,548.37,0.0,37.01,20546.29,1
2025-12-10,2025-12-10 11:13:00,548.37,548.4,548.37,548.4,0.01,37.01,20546.29,1
2025-12-10,2025-12-10 11:14:00,548.4,548.43,548.4,548.43,0.01,37.01,20546.29,1
2025-12-10,2025-12-10 11:15:00,548.43,548.46,548.43,548.46,0.01,37.01,20546.29,1
2025-12-10,2025-12-10 11:16:00,548.46,548.49,548.46,548.49,0.01,37.01,20546.29,1
2025-12-10,2025-12-10 11:17:00,548.49,548.52,548.49,548.52,0.01,37.01,20546.29,1
2025-12-10,2025-12-10 11:18:00,548.52,548.55,548.52,548.55,0.01,37.01,20546.29,1
2025-12-10,2025-12-10 11:19:00,548.55,548.58,548.55,548.58,0.01,37.01,20546.29,1
2025-12-10,2025-12-10 11:20:00,548.58,548.6,548.58,548.6,0.0,37.01,20546.29,1
2025-12-10,2025-12-10 11:21:00,548.6,548.63,548.6,548.63,0.01,37.01,20546.29,1
2025-12-10,2025-12-10 11:22:00,548.63,548.66,548.63,548.66,0.01,37.01,20546.29,1
2025-12-10,2025-12-10 11:23:00,548.66,548.69,548.66,548.69,0.01,37.01,20546.29,1
2025-12-10,2025-12-10 11:24:00,548.69,548.72,548.69,548.72,0.01,37.01,20546.29,1
2025-12-10,2025-12-10 11:25:00,548.72,548.75,548.72,548.75,0.01,37.01,20546.29,1
2025-12-10,2025-12-10 11:26:00,548.75,548.78,548.75,548.78,0.01,37.01,20546.29,1
2025-12-10,2025-12-10 11:27:00,548.78,548.8,548.78,548.8,0.0,37.01,20546.29,1
2025-12-10,2025-12-10 11:28:00,548.8,548.83,548.8,548.83,0.01,37.01,20546.29,1
2025-12-10,2025-12-10 11:29:00,548.83,548.86,548.83,548.86,0.01,37.01,20546.29,1
2025-12-10,2025-12-10 11:30:00,548.86,548.89,548.86,548.89,0.01,37.01,20546.29,1
2025-12-10,2025-12-10 11:31:00,548.89,548.92,548.89,548.92,0.01,37.01,20546.29,1
2025-12-10,2025-12-10 11:32:00,548.92,548.95,548.92,548.95,0.01,37.01,20546.29,1
2025-12-10,2025-12-10 11:33:00,548.95,548.98,548.95,548.98,0.01,37.01,20546.29,1
2025-12-10,2025-12-10 11:34:00,548.98,549.01,548.98,549.01,0.01,37.01,20546.29,1
2025-12-10,2025-12-10 11:35:00,549.01,549.03,549.01,549.03,0.0,37.01,20546.29,1
2025-12-10,2025-12-10 11:36:00,549.03,549.06,549.03,549.06,0.01,37.01,20546.29,1
2025-12-10,2025-12-10 11:37:00,549.06,549.09,549.06,549.09,0.01,37.01,20546.29,1
2025-12-10,2025-12-10 11:38:00,549.09,549.12,549.09,549.12,0.01,37.01,20546.29,1
2025-12-10,2025-12-10 11:39:00,549.12,549.15,549.12,549.15,0.01,37.01,20546.29,1
2025-12-10,2025-12-10 11:40:00,549.15,549.18,549.15,549.18,0.01,37.01,20546.29,1
2025-12-10,2025-12-10 11:41:00,549.18,549.21,549.18,549.21,0.01,37.01,20546.29,1
2025-12-10,2025-12-10 11:42:00,549.21,549.24,549.21,549.24,0.01,37.01,20546.29,1
2025-12-10,2025-12-10 11:43:00,549.24,549.26,549.24,549.26,0.0,37.01,20546.29,1
2025-12-10,2025-12-10 11:44:00,549.26,549.29,549.26,549.29,0.01,37.01,20546.29,1
2025-12-10,2025-12-10 11:45:00,549.29,549.32,549.29,549.32,0.01,37.01,20546.29,1
2025-12-10,2025-12-10 11:46:00,549.32,549.35,549.32,549.35,0.01,37.01,20546.29,1
2025-12-10,2025-12-10 11:47:00,549.35,549.38,549.35,549.38,0.01,37.01,20546.29,1
2025-12-10,2025-12-10 11:48:00,549.38,549.41,549.38,549.41,0.01,37.01,20546.29,1
2025-12-10,2025-12-10 11:49:00,549.41,549.44,549.41,549.44,0.01,37.01,20546.29,1
2025-12-10,2025-12-10 11:50:00,549.44,549.47,549.44,549.47,0.01,37.01,20546.29,1
2025-12-10,2025-12-10 11:51:00,549.47,549.5,549.47,549.5,0.01,37.01,20546.29,1
2025-12-10,2025-12-10 11:52:00,549.5,549.52,549.5,549.52,0.0,37.01,20546.29,1
2025-12-10,2025-12-10 11:53:00,549.52,549.55,549.52,549.55,0.01,37.01,20546.29,1
2025-12-10,2025-12-10 11:54:00,549.55,549.58,549.55,549.58,0.01,37.01,20546.29,1
2025-12-10,2025-12-10 11:55:00,549.58,549.61,549.58,549.61,0.01,37.01,20546.29,1
2025-12-10,2025-12-10 11:56:00,549.61,549.64,549.61,549.64,0.01,37.01,20546.29,1
2025-12-10,2025-12-10 11:57:00,549.64,549.67,549.64,549.67,0.01,37.01,20546.29,1
2025-12-10,2025-12-10 11:58:00,549.67,549.7,549.67,549.7,0.01,37.01,20546.29,1
2025-12-10,2025-12-10 11:59:00,549.7,549.73,549.7,549.73,0.01,37.01,20546.29,1
2025-12-10,2025-12-10 12:00:00,549.73,549.75,549.73,549.75,0.0,37.01,20546.29,1
2025-12-10,2025-12-10 12:01:00,549.75,549.78,549.75,549.78,0.01,37.01,20546.29,1
2025-12-10,2025-12-10 12:02:00,549.78,549.81,549.78,549.81,0.01,37.01,20546.29,1
2025-12-10,2025-12-10 12:03:00,549.81,549.84,549.81,549.84,0.01,37.01,20546.29,1
2025-12-10,2025-12-10 12:04:00,549.84,549.87,549.84,549.87,0.01,37.01,20546.29,1
2025-12-10,2025-12-10 12:05:00,549.87,549.9,549.87,549.9,0.01,37.01,20546.29,1
2025-12-10,2025-12-10 12:06:00,549.9,549.93,549.9,549.93,0.01,37.01,20546.29,1
2025-12-10,2025-12-10 12:07:00,549.93,549.96,549.93,549.96,0.01,37.01,20546.29,1
2025-12-10,2025-12-10 12:08:00,549.96,549.98,549.96,549.98,0.0,37.01,20546.29,1
2025-12-10,2025-12-10 12:09:00,549.98,550.01,549.98,550.01,0.01,37.01,20546.29,1
2025-12-10,2025-12-10 12:10:00,550.01,550.04,550.01,550.04,0.01,37.01,20546.29,1
2025-12-10,2025-12-10 12:11:00,550.04,550.07,550.04,550.07,0.01,37.01,20546.29,1
2025-12-10,2025-12-10 12:12:00,550.07,550.1,550.07,550.1,0.01,37.01,20546.29,1
2025-12-10,2025-12-10 12:13:00,550.1,550.13,550.1,550.13,0.01,37.01,20546.29,1
2025-12-10,2025-12-10 12:14:00,550.13,550.16,550.13,550.16,0.01,37.01,20546.29,1
2025-12-10,2025-12-10 12:15:00,550.16,550.18,550.16,550.18,0.0,37.01,20546.29,1
2025-12-10,2025-12-10 12:16:00,550.18,550.21,550.18,550.21,0.01,37.01,20546.29,1
2025-12-10,2025-12-10 12:17:00,550.21,550.24,550.21,550.24,0.01,37.01,20546.29,1
2025-12-10,2025-12-10 12:18:00,550.24,550.27,550.24,550.27,0.01,37.01,20546.29,1
2025-12-10,2025-12-10 12:19:00,550.27,550.3,550.27,550.3,0.01,37.01,20546.29,1
2025-12-10,2025-12-10 12:20:00,550.3,550.33,550.3,550.33,0.01,37.01,20546.29,1
2025-12-10,2025-12-10 12:21:00,550.33,550.36,550.33,550.36,0.01,37.01,20546.29,1
2025-12-10,2025-12-10 12:22:00,550.36,550.39,550.36,550.39,0.01,37.01,20546.29,1
2025-12-10,2025-12-10 12:23:00,550.39,550.41,550.39,550.41,0.0,37.01,20546.29,1
2025-12-10,2025-12-10 12:24:00,550.41,550.44,550.41,550.44,0.01,37.01,20546.29,1
2025-12-10,2025-12-10 12:25:00,550.44,550.47,550.44,550.47,0.01,37.01,20546.29,1
2025-12-10,2025-12-10 12:26:00,550.47,550.5,550.47,550.5,0.01,37.01,20546.29,1
2025-12-10,2025-12-10 12:27:00,550.5,550.53,550.5,550.53,0.01,37.01,20546.29,1
2025-12-10,2025-12-10 12:28:00,550.53,550.56,550.53,550.56,0.01,37.01,20546.29,1
2025-12-10,2025-12-10 12:29:00,550.56,550.59,550.56,550.59,0.01,37.01,20546.29,1
2025-12-10,2025-12-10 12:30:00,550.59,550.62,550.59,550.62,0.01,37.01,20546.29,1
2025-12-10,2025-12-10 12:31:00,550.62,550.64,550.62,550.64,0.0,37.01,20546.29,1
2025-12-10,2025-12-10 12:32:00,550.64,550.67,550.64,550.67,0.01,37.01,20546.29,1
2025-12-10,2025-12-10 12:33:00,550.67,550.7,550.67,550.7,0.01,37.01,20546.29,1
2025-12-10,2025-12-10 12:34:00,550.7,550.73,550.7,550.73,0.01,37.01,20546.29,1
2025-12-10,2025-12-10 12:35:00,550.73,550.76,550.73,550.76,0.01,37.01,20546.29,1
2025-12-10,2025-12-10 12:36:00,550.76,550.79,550.76,550.79,0.01,37.01,20546.29,1
2025-12-10,2025-12-10 12:37:00,550.79,550.82,550.79,550.82,0.01,37.01,20546.29,1
2025-12-10,2025-12-10 12:38:00,550.82,550.85,550.82,550.85,0.01,37.01,20546.29,1
2025-12-10,2025-12-10 12:39:00,550.85,550.88,550.85,550.88,0.01,37.01,20546.29,1
2025-12-10,2025-12-10 12:40:00,550.88,550.9,550.88,550.9,0.0,37.01,20546.29,1
2025-12-10,2025-12-10 12:41:00,550.9,550.93,550.9,550.93,0.01,37.01,20546.29,1
2025-12-10,2025-12-10 12:42:00,550.93,550.96,550.93,550.96,0.01,37.01,20546.29,1
2025-12-10,2025-12-10 12:43:00,550.96,550.99,550.96,550.99,0.01,37.01,20546.29,1
2025-12-10,2025-12-10 12:44:00,550.99,551.02,550.99,551.02,0.01,37.01,20546.29,1
2025-12-10,2025-12-10 12:45:00,551.02,551.05,551.02,551.05,0.01,37.01,20546.29,1
2025-12-10,2025-12-10 12:46:00,551.05,551.08,551.05,551.08,0.01,37.01,20546.29,1
2025-12-10,2025-12-10 12:47:00,551.08,551.11,551.08,551.11,0.01,37.01,20546.29,1
2025-12-10,2025-12-10 12:48:00,551.11,551.13,551.11,551.13,0.0,37.01,20546.29,1
2025-12-10,2025-12-10 12:49:00,551.13,551.16,551.13,551.16,0.01,37.01,20546.29,1
2025-12-10,2025-12-10 12:50:00,551.16,551.19,551.16,551.19,0.01,37.01,20546.29,1
2025-12-10,2025-12-10 12:51:00,551.19,551.22,551.19,551.22,0.01,37.01,20546.29,1
2025-12-10,2025-12-10 12:52:00,551.22,551.25,551.22,551.25,0.01,37.01,20546.29,1
2025-12-10,2025-12-10 12:53:00,551.25,551.28,551.25,551.28,0.01,37.01,20546.29,1
2025-12-10,2025-12-10 12:54:00,551.28,551.31,551.28,551.31,0.01,37.01,20546.29,1
2025-12-10,2025-12-10 12:55:00,551.31,551.34,551.31,551.34,0.01,37.01,20546.29,1
2025-12-10,2025-12-10 12:56:00,551.34,551.36,551.34,551.36,0.0,37.01,20546.29,1
2025-12-10,2025-12-10 12:57:00,551.36,551.39,551.36,551.39,0.01,37.01,20546.29,1
2025-12-10,2025-12-10 12:58:00,551.39,551.42,551.39,551.42,0.01,37.01,20546.29,1
2025-12-10,2025-12-10 12:59:00,551.42,551.45,551.42,551.45,0.01,37.01,20546.29,1
2025-12-10,2025-12-10 13:00:00,551.45,562.0,548.0,551.48,0.01,37.01,20546.29,1
2025-12-10,2025-12-10 13:01:00,551.48,551.51,551.48,551.51,0.01,37.01,20546.29,1
2025-12-10,2025-12-10 13:02:00,551.51,551.54,551.51,551.54,0.01,37.01,20546.29,1
2025-12-10,2025-12-10 13:03:00,551.54,551.56,551.54,551.56,0.0,37.01,20546.29,1
2025-12-10,2025-12-10 13:04:00,551.56,551.59,551.56,551.59,0.01,37.01,20546.29,1
2025-12-10,2025-12-10 13:05:00,551.59,551.62,551.59,551.62,0.01,37.01,20546.29,1
2025-12-10,2025-12-10 13:06:00,551.62,551.65,551.62,551.65,0.01,37.01,20546.29,1
2025-12-10,2025-12-10 13:07:00,551.65,551.68,551.65,551.68,0.01,37.01,20546.29,1
2025-12-10,2025-12-10 13:08:00,551.68,551.71,551.68,551.71,0.01,37.01,20546.29,1
2025-12-10,2025-12-10 13:09:00,551.71,551.74,551.71,551.74,0.01,37.01,20546.29,1
2025-12-10,2025-12-10 13:10:00,551.74,551.77,551.74,551.77,0.01,37.01,20546.29,1
2025-12-10,2025-12-10 13:11:00,551.77,551.79,551.77,551.79,0.0,37.01,20546.29,1
2025-12-10,2025-12-10 13:12:00,551.79,551.82,551.79,551.82,0.01,37.01,20546.29,1
2025-12-10,2025-12-10 13:13:00,551.82,551.85,551.82,551.85,0.01,37.01,20546.29,1
2025-12-10,2025-12-10 13:14:00,551.85,551.88,551.85,551.88,0.01,37.01,20546.29,1
2025-12-10,2025-12-10 13:15:00,551.88,551.91,551.88,551.91,0.01,37.01,20546.29,1
2025-12-10,2025-12-10 13:16:00,551.91,551.94,551.91,551.94,0.01,37.01,20546.29,1
2025-12-10,2025-12-10 13:17:00,551.94,551.97,551.94,551.97,0.01,37.01,20546.29,1
2025-12-10,2025-12-10 13:18:00,551.97,552.0,551.97,552.0,0.01,37.01,20546.29,1
2025-12-10,2025-12-10 13:19:00,552.0,552.02,552.0,552.02,0.0,37.01,20546.29,1
2025-12-10,2025-12-10 13:20:00,552.02,552.05,552.02,552.05,0.01,37.01,20546.29,1
2025-12-10,2025-12-10 13:21:00,552.05,552.08,552.05,552.08,0.01,37.01,20546.29,1
2025-12-10,2025-12-10 13:22:00,552.08,552.11,552.08,552.11,0.01,37.01,20546.29,1
2025-12-10,2025-12-10 13:23:00,552.11,552.14,552.11,552.14,0.01,37.01,20546.29,1
2025-12-10,2025-12-10 13:24:00,552.14,552.17,552.14,552.17,0.01,37.01,20546.29,1
2025-12-10,2025-12-10 13:25:00,552.17,552.2,552.17,552.2,0.01,37.01,20546.29,1
2025-12-10,2025-12-10 13:26:00,552.2,552.23,552.2,552.23,0.01,37.01,20546.29,1
2025-12-10,2025-12-10 13:27:00,552.23,552.25,552.23,552.25,0.0,37.01,20546.29,1
2025-12-10,2025-12-10 13:28:00,552.25,552.28,552.25,552.28,0.01,37.01,20546.29,1
2025-12-10,2025-12-10 13:29:00,552.28,552.31,552.28,552.31,0.01,37.01,20546.29,1
2025-12-10,2025-12-10 13:30:00,552.31,552.34,552.31,552.34,0.01,37.01,20546.29,1
2025-12-10,2025-12-10 13:31:00,552.34,552.37,552.34,552.37,0.01,37.01,20546.29,1
2025-12-10,2025-12-10 13:32:00,552.37,552.4,552.37,552.4,0.01,37.01,20546.29,1
2025-12-10,2025-12-10 13:33:00,552.4,552.43,552.4,552.43,0.01,37.01,20546.29,1
2025-12-10,2025-12-10 13:34:00,552.43,552.46,552.43,552.46,0.01,37.01,20546.29,1
2025-12-10,2025-12-10 13:35:00,552.46,552.49,552.46,552.49,0.01,37.01,20546.29,1
2025-12-10,2025-12-10 13:36:00,552.49,552.51,552.49,552.51,0.0,37.01,20546.29,1
2025-12-10,2025-12-10 13:37:00,552.51,552.54,552.51,552.54,0.01,37.01,20546.29,1
2025-12-10,2025-12-10 13:38:00,552.54,552.57,552.54,552.57,0.01,37.01,20546.29,1
2025-12-10,2025-12-10 13:39:00,552.57,552.6,552.57,552.6,0.01,37.01,20546.29,1
2025-12-10,2025-12-10 13:40:00,552.6,552.63,552.6,552.63,0.01,37.01,20546.29,1
2025-12-10,2025-12-10 13:41:00,552.63,552.66,552.63,552.66,0.01,37.01,20546.29,1
2025-12-10,2025-12-10 13:42:00,552.66,552.69,552.66,552.69,0.01,37.01,20546.29,1
2025-12-10,2025-12-10 13:43:00,552.69,552.72,552.69,552.72,0.01,37.01,20546.29,1
2025-12-10,2025-12-10 13:44:00,552.72,552.74,552.72,552.74,0.0,37.01,20546.29,1
2025-12-10,2025-12-10 13:45:00,552.74,552.77,552.74,552.77,0.01,37.01,20546.29,1
2025-12-10,2025-12-10 13:46:00,552.77,552.8,552.77,552.8,0.01,37.01,20546.29,1
2025-12-10,2025-12-10 13:47:00,552.8,552.83,552.8,552.83,0.01,37.01,20546.29,1
2025-12-10,2025-12-10 13:48:00,552.83,552.86,552.83,552.86,0.01,37.01,20546.29,1
2025-12-10,2025-12-10 13:49:00,552.86,552.89,552.86,552.89,0.01,37.01,20546.29,1
2025-12-10,2025-12-10 13:50:00,552.89,552.92,552.89,552.92,0.01,37.01,20546.29,1
2025-12-10,2025-12-10 13:51:00,552.92,552.94,552.92,552.94,0.0,37.01,20546.29,1
2025-12-10,2025-12-10 13:52:00,552.94,552.97,552.94,552.97,0.01,37.01,20546.29,1
2025-12-10,2025-12-10 13:53:00,552.97,553.0,552.97,553.0,0.01,37.01,20546.29,1
2025-12-10,2025-12-10 13:54:00,553.0,553.03,553.0,553.03,0.01,37.01,20546.29,1
2025-12-10,2025-12-10 13:55:00,553.03,553.06,553.03,553.06,0.01,37.01,20546.29,1
2025-12-10,2025-12-10 13:56:00,553.06,553.09,553.06,553.09,0.01,37.01,20546.29,1
2025-12-10,2025-12-10 13:57:00,553.09,553.12,553.09,553.12,0.01,37.01,20546.29,1
2025-12-10,2025-12-10 13:58:00,553.12,553.15,553.12,553.15,0.01,37.01,20546.29,1
2025-12-10,2025-12-10 13:59:00,553.15,553.17,553.15,553.17,0.0,37.01,20546.29,1
2025-12-10,2025-12-10 14:00:00,553.17,553.2,553.17,553.2,0.01,37.01,20546.29,1
2025-12-10,2025-12-10 14:01:00,553.2,553.23,553.2,553.23,0.01,37.01,20546.29,1
2025-12-10,2025-12-10 14:02:00,553.23,553.26,553.23,553.26,0.01,37.01,20546.29,1
2025-12-10,2025-12-10 14:03:00,553.26,553.29,553.26,553.29,0.01,37.01,20546.29,1
2025-12-10,2025-12-10 14:04:00,553.29,553.32,553.29,553.32,0.01,37.01,20546.29,1
2025-12-10,2025-12-10 14:05:00,553.32,553.35,553.32,553.35,0.01,37.01,20546.29,1
2025-12-10,2025-12-10 14:06:00,553.35,553.38,553.35,553.38,0.01,37.01,20546.29,1
2025-12-10,2025-12-10 14:07:00,553.38,553.4,553.38,553.4,0.0,37.01,20546.29,1
2025-12-10,2025-12-10 14:08:00,553.4,553.43,553.4,553.43,0.01,37.01,20546.29,1
2025-12-10,2025-12-10 14:09:00,553.43,553.46,553.43,553.46,0.01,37.01,20546.29,1
2025-12-10,2025-12-10 14:10:00,553.46,553.49,553.46,553.49,0.01,37.01,20546.29,1
2025-12-10,2025-12-10 14:11:00,553.49,553.52,553.49,553.52,0.01,37.01,20546.29,1
2025-12-10,2025-12-10 14:12:00,553.52,553.55,553.52,553.55,0.01,37.01,20546.29,1
2025-12-10,2025-12-10 14:13:00,553.55,553.58,553.55,553.58,0.01,37.01,20546.29,1
2025-12-10,2025-12-10 14:14:00,553.58,553.61,553.58,553.61,0.01,37.01,20546.29,1
2025-12-10,2025-12-10 14:15:00,553.61,553.63,553.61,553.63,0.0,37.01,20546.29,1
2025-12-10,2025-12-10 14:16:00,553.63,553.66,553.63,553.66,0.01,37.01,20546.29,1
2025-12-10,2025-12-10 14:17:00,553.66,553.69,553.66,553.69,0.01,37.01,20546.29,1
2025-12-10,2025-12-10 14:18:00,553.69,553.72,553.69,553.72,0.01,37.01,20546.29,1
2025-12-10,2025-12-10 14:19:00,553.72,553.75,553.72,553.75,0.01,37.01,20546.29,1
2025-12-10,2025-12-10 14:20:00,553.75,553.78,553.75,553.78,0.01,37.01,20546.29,1
2025-12-10,2025-12-10 14:21:00,553.78,553.81,553.78,553.81,0.01,37.01,20546.29,1
2025-12-10,2025-12-10 14:22:00,553.81,553.84,553.81,553.84,0.01,37.01,20546.29,1
2025-12-10,2025-12-10 14:23:00,553.84,553.87,553.84,553.87,0.01,37.01,20546.29,1
2025-12-10,2025-12-10 14:24:00,553.87,553.89,553.87,553.89,0.0,37.01,20546.29,1
2025-12-10,2025-12-10 14:25:00,553.89,553.92,553.89,553.92,0.01,37.01,20546.29,1
2025-12-10,2025-12-10 14:26:00,553.92,553.95,553.92,553.95,0.01,37.01,20546.29,1
2025-12-10,2025-12-10 14:27:00,553.95,553.98,553.95,553.98,0.01,37.01,20546.29,1
2025-12-10,2025-12-10 14:28:00,553.98,554.01,553.98,554.01,0.01,37.01,20546.29,1
2025-12-10,2025-12-10 14:29:00,554.01,554.04,554.01,554.04,0.01,37.01,20546.29,1
2025-12-10,2025-12-10 14:30:00,554.04,554.07,554.04,554.07,0.01,37.01,20546.29,1
2025-12-10,2025-12-10 14:31:00,554.07,554.1,554.07,554.1,0.01,37.01,20546.29,1
2025-12-10,2025-12-10 14:32:00,554.1,554.12,554.1,554.12,0.0,37.01,20546.29,1
2025-12-10,2025-12-10 14:33:00,554.12,554.15,554.12,554.15,0.01,37.01,20546.29,1
2025-12-10,2025-12-10 14:34:00,554.15,554.18,554.15,554.18,0.01,37.01,20546.29,1
2025-12-10,2025-12-10 14:35:00,554.18,554.21,554.18,554.21,0.01,37.01,20546.29,1
2025-12-10,2025-12-10 14:36:00,554.21,554.24,554.21,554.24,0.01,37.01,20546.29,1
2025-12-10,2025-12-10 14:37:00,554.24,554.27,554.24,554.27,0.01,37.01,20546.29,1
2025-12-10,2025-12-10 14:38:00,554.27,554.3,554.27,554.3,0.01,37.01,20546.29,1
2025-12-10,2025-12-10 14:39:00,554.3,554.32,554.3,554.32,0.0,37.01,20546.29,1
2025-12-10,2025-12-10 14:40:00,554.32,554.35,554.32,554.35,0.01,37.01,20546.29,1
2025-12-10,2025-12-10 14:41:00,554.35,554.38,554.35,554.38,0.01,37.01,20546.29,1
2025-12-10,2025-12-10 14:42:00,554.38,554.41,554.38,554.41,0.01,37.01,20546.29,1
2025-12-10,2025-12-10 14:43:00,554.41,554.44,554.41,554.44,0.01,37.01,20546.29,1
2025-12-10,2025-12-10 14:44:00,554.44,554.47,554.44,554.47,0.01,37.01,20546.29,1
2025-12-10,2025-12-10 14:45:00,554.47,554.5,554.47,554.5,0.01,37.01,20546.29,1
2025-12-10,2025-12-10 14:46:00,554.5,554.53,554.5,554.53,0.01,37.01,20546.29,1
2025-12-10,2025-12-10 14:47:00,554.53,554.55,554.53,554.55,0.0,37.01,20546.29,1
2025-12-10,2025-12-10 14:48:00,554.55,554.58,554.55,554.58,0.01,37.01,20546.29,1
2025-12-10,2025-12-10 14:49:00,554.58,554.61,554.58,554.61,0.01,37.01,20546.29,1
2025-12-10,2025-12-10 14:50:00,554.61,554.64,554.61,554.64,0.01,37.01,20546.29,1
2025-12-10,2025-12-10 14:51:00,554.64,554.67,554.64,554.67,0.01,37.01,20546.29,1
2025-12-10,2025-12-10 14:52:00,554.67,554.7,554.67,554.7,0.01,37.01,20546.29,1
2025-12-10,2025-12-10 14:53:00,554.7,554.73,554.7,554.73,0.01,37.01,20546.29,1
2025-12-10,2025-12-10 14:54:00,554.73,554.76,554.73,554.76,0.01,37.01,20546.29,1
2025-12-10,2025-12-10 14:55:00,554.76,554.78,554.76,554.78,0.0,37.01,20546.29,1
2025-12-10,2025-12-10 14:56:00,554.78,554.81,554.78,554.81,0.01,37.01,20546.29,1
2025-12-10,2025-12-10 14:57:00,554.81,554.84,554.81,554.84,0.01,37.01,20546.29,1
2025-12-10,2025-12-10 14:58:00,554.84,554.87,554.84,554.87,0.01,37.01,20546.29,1
2025-12-10,2025-12-10 14:59:00,554.87,554.9,554.87,554.9,0.01,37.01,20546.29,1
2025-12-10,2025-12-10 15:00:00,554.9,562.0,548.0,554.9,0.0,37.01,20546.29,0
2025-12-11,2025-12-11 11:00:00,550.0,552.22,550.0,550.02,0.0,44.19,24457.04,1
2025-12-11,2025-12-11 11:01:00,550.02,550.04,550.02,550.04,0.0,44.19,24457.04,1
2025-12-11,2025-12-11 11:02:00,550.04,550.06,550.04,550.06,0.0,44.19,24457.04,1
2025-12-11,2025-12-11 11:03:00,550.06,550.08,550.06,550.08,0.0,44.19,24457.04,1
2025-12-11,2025-12-11 11:04:00,550.08,550.1,550.08,550.1,0.0,44.19,24457.04,1
2025-12-11,2025-12-11 11:05:00,550.1,550.12,550.1,550.12,0.0,44.19,24457.04,1
2025-12-11,2025-12-11 11:06:00,550.12,550.14,550.12,550.14,0.0,44.19,24457.04,1
2025-12-11,2025-12-11 11:07:00,550.14,550.16,550.14,550.16,0.0,44.19,24457.04,1
2025-12-11,2025-12-11 11:08:00,550.16,550.18,550.16,550.18,0.0,44.19,24457.04,1
2025-12-11,2025-12-11 11:09:00,550.18,550.2,550.18,550.2,0.0,44.19,24457.04,1
2025-12-11,2025-12-11 11:10:00,550.2,550.22,550.2,550.22,0.0,44.19,24457.04,1
2025-12-11,2025-12-11 11:11:00,550.22,550.25,550.22,550.25,0.01,44.19,24457.04,1
2025-12-11,2025-12-11 11:12:00,550.25,550.27,550.25,550.27,0.0,44.19,24457.04,1
2025-12-11,2025-12-11 11:13:00,550.27,550.29,550.27,550.29,0.0,44.19,24457.04,1
2025-12-11,2025-12-11 11:14:00,550.29,550.31,550.29,550.31,0.0,44.19,24457.04,1
2025-12-11,2025-12-11 11:15:00,550.31,550.33,550.31,550.33,0.0,44.19,24457.04,1
2025-12-11,2025-12-11 11:16:00,550.33,550.35,550.33,550.35,0.0,44.19,24457.04,1
2025-12-11,2025-12-11 11:17:00,550.35,550.37,550.35,550.37,0.0,44.19,24457.04,1
2025-12-11,2025-12-11 11:18:00,550.37,550.39,550.37,550.39,0.0,44.19,24457.04,1
2025-12-11,2025-12-11 11:19:00,550.39,550.41,550.39,550.41,0.0,44.19,24457.04,1
2025-12-11,2025-12-11 11:20:00,550.41,550.43,550.41,550.43,0.0,44.19,24457.04,1
2025-12-11,2025-12-11 11:21:00,550.43,550.45,550.43,550.45,0.0,44.19,24457.04,1
2025-12-11,2025-12-11 11:22:00,550.45,550.47,550.45,550.47,0.0,44.19,24457.04,1
2025-12-11,2025-12-11 11:23:00,550.47,550.49,550.47,550.49,0.0,44.19,24457.04,1
2025-12-11,2025-12-11 11:24:00,550.49,550.51,550.49,550.51,0.0,44.19,24457.04,1
2025-12-11,2025-12-11 11:25:00,550.51,550.53,550.51,550.53,0.0,44.19,24457.04,1
2025-12-11,2025-12-11 11:26:00,550.53,550.55,550.53,550.55,0.0,44.19,24457.04,1
2025-12-11,2025-12-11 11:27:00,550.55,550.57,550.55,550.57,0.0,44.19,24457.04,1
2025-12-11,2025-12-11 11:28:00,550.57,550.59,550.57,550.59,0.0,44.19,24457.04,1
2025-12-11,2025-12-11 11:29:00,550.59,550.61,550.59,550.61,0.0,44.19,24457.04,1
2025-12-11,2025-12-11 11:30:00,550.61,550.63,550.61,550.63,0.0,44.19,24457.04,1
2025-12-11,2025-12-11 11:31:00,550.63,550.65,550.63,550.65,0.0,44.19,24457.04,1
2025-12-11,2025-12-11 11:32:00,550.65,550.67,550.65,550.67,0.0,44.19,24457.04,1
2025-12-11,2025-12-11 11:33:00,550.67,550.69,550.67,550.69,0.0,44.19,24457.04,1
2025-12-11,2025-12-11 11:34:00,550.69,550.71,550.69,550.71,0.0,44.19,24457.04,1
2025-12-11,2025-12-11 11:35:00,550.71,550.74,550.71,550.74,0.01,44.19,24457.04,1
2025-12-11,2025-12-11 11:36:00,550.74,550.76,550.74,550.76,0.0,44.19,24457.04,1
2025-12-11,2025-12-11 11:37:00,550.76,550.78,550.76,550.78,0.0,44.19,24457.04,1
2025-12-11,2025-12-11 11:38:00,550.78,550.8,550.78,550.8,0.0,44.19,24457.04,1
2025-12-11,2025-12-11 11:39:00,550.8,550.82,550.8,550.82,0.0,44.19,24457.04,1
2025-12-11,2025-12-11 11:40:00,550.82,550.84,550.82,550.84,0.0,44.19,24457.04,1
2025-12-11,2025-12-11 11:41:00,550.84,550.86,550.84,550.86,0.0,44.19,24457.04,1
2025-12-11,2025-12-11 11:42:00,550.86,550.88,550.86,550.88,0.0,44.19,24457.04,1
2025-12-11,2025-12-11 11:43:00,550.88,550.9,550.88,550.9,0.0,44.19,24457.04,1
2025-12-11,2025-12-11 11:44:00,550.9,550.92,550.9,550.92,0.0,44.19,24457.04,1
2025-12-11,2025-12-11 11:45:00,550.92,550.94,550.92,550.94,0.0,44.19,24457.04,1
2025-12-11,2025-12-11 11:46:00,550.94,550.96,550.94,550.96,0.0,44.19,24457.04,1
2025-12-11,2025-12-11 11:47:00,550.96,550.98,550.96,550.98,0.0,44.19,24457.04,1
2025-12-11,2025-12-11 11:48:00,550.98,551.0,550.98,551.0,0.0,44.19,24457.04,1
2025-12-11,2025-12-11 11:49:00,551.0,551.02,551.0,551.02,0.0,44.19,24457.04,1
2025-12-11,2025-12-11 11:50:00,551.02,551.04,551.02,551.04,0.0,44.19,24457.04,1
2025-12-11,2025-12-11 11:51:00,551.04,551.06,551.04,551.06,0.0,44.19,24457.04,1
2025-12-11,2025-12-11 11:52:00,551.06,551.08,551.06,551.08,0.0,44.19,24457.04,1
2025-12-11,2025-12-11 11:53:00,551.08,551.1,551.08,551.1,0.0,44.19,24457.04,1
2025-12-11,2025-12-11 11:54:00,551.1,551.12,551.1,551.12,0.0,44.19,24457.04,1
2025-12-11,2025-12-11 11:55:00,551.12,551.14,551.12,551.14,0.0,44.19,24457.04,1
2025-12-11,2025-12-11 11:56:00,551.14,551.16,551.14,551.16,0.0,44.19,24457.04,1
2025-12-11,2025-12-11 11:57:00,551.16,551.18,551.16,551.18,0.0,44.19,24457.04,1
2025-12-11,2025-12-11 11:58:00,551.18,551.2,551.18,551.2,0.0,44.19,24457.04,1
2025-12-11,2025-12-11 11:59:00,551.2,551.23,551.2,551.23,0.01,44.19,24457.04,1
2025-12-11,2025-12-11 12:00:00,551.23,551.25,551.23,551.25,0.0,44.19,24457.04,1
2025-12-11,2025-12-11 12:01:00,551.25,551.27,551.25,551.27,0.0,44.19,24457.04,1
2025-12-11,2025-12-11 12:02:00,551.27,551.29,551.27,551.29,0.0,44.19,24457.04,1
2025-12-11,2025-12-11 12:03:00,551.29,551.31,551.29,551.31,0.0,44.19,24457.04,1
2025-12-11,2025-12-11 12:04:00,551.31,551.33,551.31,551.33,0.0,44.19,24457.04,1
2025-12-11,2025-12-11 12:05:00,551.33,551.35,551.33,551.35,0.0,44.19,24457.04,1
2025-12-11,2025-12-11 12:06:00,551.35,551.37,551.35,551.37,0.0,44.19,24457.04,1
2025-12-11,2025-12-11 12:07:00,551.37,551.39,551.37,551.39,0.0,44.19,24457.04,1
2025-12-11,2025-12-11 12:08:00,551.39,551.41,551.39,551.41,0.0,44.19,24457.04,1
2025-12-11,2025-12-11 12:09:00,551.41,551.43,551.41,551.43,0.0,44.19,24457.04,1
2025-12-11,2025-12-11 12:10:00,551.43,551.45,551.43,551.45,0.0,44.19,24457.04,1
2025-12-11,2025-12-11 12:11:00,551.45,551.47,551.45,551.47,0.0,44.19,24457.04,1
2025-12-11,2025-12-11 12:12:00,551.47,551.49,551.47,551.49,0.0,44.19,24457.04,1
2025-12-11,2025-12-11 12:13:00,551.49,551.51,551.49,551.51,0.0,44.19,24457.04,1
2025-12-11,2025-12-11 12:14:00,551.51,551.53,551.51,551.53,0.0,44.19,24457.04,1
2025-12-11,2025-12-11 12:15:00,551.53,551.55,551.53,551.55,0.0,44.19,24457.04,1
2025-12-11,2025-12-11 12:16:00,551.55,551.57,551.55,551.57,0.0,44.19,24457.04,1
2025-12-11,2025-12-11 12:17:00,551.57,551.59,551.57,551.59,0.0,44.19,24457.04,1
2025-12-11,2025-12-11 12:18:00,551.59,551.61,551.59,551.61,0.0,44.19,24457.04,1
2025-12-11,2025-12-11 12:19:00,551.61,551.63,551.61,551.63,0.0,44.19,24457.04,1
2025-12-11,2025-12-11 12:20:00,551.63,551.65,551.63,551.65,0.0,44.19,24457.04,1
2025-12-11,2025-12-11 12:21:00,551.65,551.67,551.65,551.67,0.0,44.19,24457.04,1
2025-12-11,2025-12-11 12:22:00,551.67,551.69,551.67,551.69,0.0,44.19,24457.04,1
2025-12-11,2025-12-11 12:23:00,551.69,551.72,551.69,551.72,0.01,44.19,24457.04,1
2025-12-11,2025-12-11 12:24:00,551.72,551.74,551.72,551.74,0.0,44.19,24457.04,1
2025-12-11,2025-12-11 12:25:00,551.74,551.76,551.74,551.76,0.0,44.19,24457.04,1
2025-12-11,2025-12-11 12:26:00,551.76,551.78,551.76,551.78,0.0,44.19,24457.04,1
2025-12-11,2025-12-11 12:27:00,551.78,551.8,551.78,551.8,0.0,44.19,24457.04,1
2025-12-11,2025-12-11 12:28:00,551.8,551.82,551.8,551.82,0.0,44.19,24457.04,1
2025-12-11,2025-12-11 12:29:00,551.82,551.84,551.82,551.84,0.0,44.19,24457.04,1
2025-12-11,2025-12-11 12:30:00,551.84,551.86,551.84,551.86,0.0,44.19,24457.04,1
2025-12-11,2025-12-11 12:31:00,551.86,551.88,551.86,551.88,0.0,44.19,24457.04,1
2025-12-11,2025-12-11 12:32:00,551.88,551.9,551.88,551.9,0.0,44.19,24457.04,1
2025-12-11,2025-12-11 12:33:00,551.9,551.92,551.9,551.92,0.0,44.19,24457.04,1
2025-12-11,2025-12-11 12:34:00,551.92,551.94,551.92,551.94,0.0,44.19,24457.04,1
2025-12-11,2025-12-11 12:35:00,551.94,551.96,551.94,551.96,0.0,44.19,24457.04,1
2025-12-11,2025-12-11 12:36:00,551.96,551.98,551.96,551.98,0.0,44.19,24457.04,1
2025-12-11,2025-12-11 12:37:00,551.98,552.0,551.98,552.0,0.0,44.19,24457.04,1
2025-12-11,2025-12-11 12:38:00,552.0,552.02,552.0,552.02,0.0,44.19,24457.04,1
2025-12-11,2025-12-11 12:39:00,552.02,552.04,552.02,552.04,0.0,44.19,24457.04,1
2025-12-11,2025-12-11 12:40:00,552.04,552.06,552.04,552.06,0.0,44.19,24457.04,1
2025-12-11,2025-12-11 12:41:00,552.06,552.08,552.06,552.08,0.0,44.19,24457.04,1
2025-12-11,2025-12-11 12:42:00,552.08,552.1,552.08,552.1,0.0,44.19,24457.04,1
2025-12-11,2025-12-11 12:43:00,552.1,552.12,552.1,552.12,0.0,44.19,24457.04,1
2025-12-11,2025-12-11 12:44:00,552.12,552.14,552.12,552.14,0.0,44.19,24457.04,1
2025-12-11,2025-12-11 12:45:00,552.14,552.16,552.14,552.16,0.0,44.19,24457.04,1
2025-12-11,2025-12-11 12:46:00,552.16,552.18,552.16,552.18,0.0,44.19,24457.04,1
2025-12-11,2025-12-11 12:47:00,552.18,552.21,552.18,552.21,0.01,44.19,24457.04,1
2025-12-11,2025-12-11 12:48:00,552.21,552.23,552.21,552.23,0.0,44.19,24457.04,1
2025-12-11,2025-12-11 12:49:00,552.23,552.25,552.23,552.25,0.0,44.19,24457.04,1
2025-12-11,2025-12-11 12:50:00,552.25,552.27,552.25,552.27,0.0,44.19,24457.04,1
2025-12-11,2025-12-11 12:51:00,552.27,552.29,552.27,552.29,0.0,44.19,24457.04,1
2025-12-11,2025-12-11 12:52:00,552.29,552.31,552.29,552.31,0.0,44.19,24457.04,1
2025-12-11,2025-12-11 12:53:00,552.31,552.33,552.31,552.33,0.0,44.19,24457.04,1
2025-12-11,2025-12-11 12:54:00,552.33,552.35,552.33,552.35,0.0,44.19,24457.04,1
2025-12-11,2025-12-11 12:55:00,552.35,552.37,552.35,552.37,0.0,44.19,24457.04,1
2025-12-11,2025-12-11 12:56:00,552.37,552.39,552.37,552.39,0.0,44.19,24457.04,1
2025-12-11,2025-12-11 12:57:00,552.39,552.41,552.39,552.41,0.0,44.19,24457.04,1
2025-12-11,2025-12-11 12:58:00,552.41,552.43,552.41,552.43,0.0,44.19,24457.04,1
2025-12-11,2025-12-11 12:59:00,552.43,552.45,552.43,552.45,0.0,44.19,24457.04,1
2025-12-11,2025-12-11 13:00:00,552.45,557.4,550.0,552.47,0.0,44.19,24457.04,1
2025-12-11,2025-12-11 13:01:00,552.47,552.49,552.47,552.49,0.0,44.19,24457.04,1
2025-12-11,2025-12-11 13:02:00,552.49,552.51,552.49,552.51,0.0,44.19,24457.04,1
2025-12-11,2025-12-11 13:03:00,552.51,552.53,552.51,552.53,0.0,44.19,24457.04,1
2025-12-11,2025-12-11 13:04:00,552.53,552.55,552.53,552.55,0.0,44.19,24457.04,1
2025-12-11,2025-12-11 13:05:00,552.55,552.57,552.55,552.57,0.0,44.19,24457.04,1
2025-12-11,2025-12-11 13:06:00,552.57,552.59,552.57,552.59,0.0,44.19,24457.04,1
2025-12-11,2025-12-11 13:07:00,552.59,552.61,552.59,552.61,0.0,44.19,24457.04,1
2025-12-11,2025-12-11 13:08:00,552.61,552.63,552.61,552.63,0.0,44.19,24457.04,1
2025-12-11,2025-12-11 13:09:00,552.63,552.65,552.63,552.65,0.0,44.19,24457.04,1
2025-12-11,2025-12-11 13:10:00,552.65,552.67,552.65,552.67,0.0,44.19,24457.04,1
2025-12-11,2025-12-11 13:11:00,552.67,552.69,552.67,552.69,0.0,44.19,24457.04,1
2025-12-11,2025-12-11 13:12:00,552.69,552.72,552.69,552.72,0.01,44.19,24457.04,1
2025-12-11,2025-12-11 13:13:00,552.72,552.74,552.72,552.74,0.0,44.19,24457.04,1
2025-12-11,2025-12-11 13:14:00,552.74,552.76,552.74,552.76,0.0,44.19,24457.04,1
2025-12-11,2025-12-11 13:15:00,552.76,552.78,552.76,552.78,0.0,44.19,24457.04,1
2025-12-11,2025-12-11 13:16:00,552.78,552.8,552.78,552.8,0.0,44.19,24457.04,1
2025-12-11,2025-12-11 13:17:00,552.8,552.82,552.8,552.82,0.0,44.19,24457.04,1
2025-12-11,2025-12-11 13:18:00,552.82,552.84,552.82,552.84,0.0,44.19,24457.04,1
2025-12-11,2025-12-11 13:19:00,552.84,552.86,552.84,552.86,0.0,44.19,24457.04,1
2025-12-11,2025-12-11 13:20:00,552.86,552.88,552.86,552.88,0.0,44.19,24457.04,1
2025-12-11,2025-12-11 13:21:00,552.88,552.9,552.88,552.9,0.0,44.19,24457.04,1
2025-12-11,2025-12-11 13:22:00,552.9,552.92,552.9,552.92,0.0,44.19,24457.04,1
2025-12-11,2025-12-11 13:23:00,552.92,552.94,552.92,552.94,0.0,44.19,24457.04,1
2025-12-11,2025-12-11 13:24:00,552.94,552.96,552.94,552.96,0.0,44.19,24457.04,1
2025-12-11,2025-12-11 13:25:00,552.96,552.98,552.96,552.98,0.0,44.19,24457.04,1
2025-12-11,2025-12-11 13:26:00,552.98,553.0,552.98,553.0,0.0,44.19,24457.04,1
2025-12-11,2025-12-11 13:27:00,553.0,553.02,553.0,553.02,0.0,44.19,24457.04,1
2025-12-11,2025-12-11 13:28:00,553.02,553.04,553.02,553.04,0.0,44.19,24457.04,1
2025-12-11,2025-12-11 13:29:00,553.04,553.06,553.04,553.06,0.0,44.19,24457.04,1
2025-12-11,2025-12-11 13:30:00,553.06,553.08,553.06,553.08,0.0,44.19,24457.04,1
2025-12-11,2025-12-11 13:31:00,553.08,553.1,553.08,553.1,0.0,44.19,24457.04,1
2025-12-11,2025-12-11 13:32:00,553.1,553.12,553.1,553.12,0.0,44.19,24457.04,1
2025-12-11,2025-12-11 13:33:00,553.12,553.14,553.12,553.14,0.0,44.19,24457.04,1
2025-12-11,2025-12-11 13:34:00,553.14,553.16,553.14,553.16,0.0,44.19,24457.04,1
2025-12-11,2025-12-11 13:35:00,553.16,553.18,553.16,553.18,0.0,44.19,24457.04,1
2025-12-11,2025-12-11 13:36:00,553.18,553.21,553.18,553.21,0.01,44.19,24457.04,1
2025-12-11,2025-12-11 13:37:00,553.21,553.23,553.21,553.23,0.0,44.19,24457.04,1
2025-12-11,2025-12-11 13:38:00,553.23,553.25,553.23,553.25,0.0,44.19,24457.04,1
2025-12-11,2025-12-11 13:39:00,553.25,553.27,553.25,553.27,0.0,44.19,24457.04,1
2025-12-11,2025-12-11 13:40:00,553.27,553.29,553.27,553.29,0.0,44.19,24457.04,1
2025-12-11,2025-12-11 13:41:00,553.29,553.31,553.29,553.31,0.0,44.19,24457.04,1
2025-12-11,2025-12-11 13:42:00,553.31,553.33,553.31,553.33,0.0,44.19,24457.04,1
2025-12-11,2025-12-11 13:43:00,553.33,553.35,553.33,553.35,0.0,44.19,24457.04,1
2025-12-11,2025-12-11 13:44:00,553.35,553.37,553.35,553.37,0.0,44.19,24457.04,1
2025-12-11,2025-12-11 13:45:00,553.37,553.39,553.37,553.39,0.0,44.19,24457.04,1
2025-12-11,2025-12-11 13:46:00,553.39,553.41,553.39,553.41,0.0,44.19,24457.04,1
2025-12-11,2025-12-11 13:47:00,553.41,553.43,553.41,553.43,0.0,44.19,24457.04,1
2025-12-11,2025-12-11 13:48:00,553.43,553.45,553.43,553.45,0.0,44.19,24457.04,1
2025-12-11,2025-12-11 13:49:00,553.45,553.47,553.45,553.47,0.0,44.19,24457.04,1
2025-12-11,2025-12-11 13:50:00,553.47,553.49,553.47,553.49,0.0,44.19,24457.04,1
2025-12-11,2025-12-11 13:51:00,553.49,553.51,553.49,553.51,0.0,44.19,24457.04,1
2025-12-11,2025-12-11 13:52:00,553.51,553.53,553.51,553.53,0.0,44.19,24457.04,1
2025-12-11,2025-12-11 13:53:00,553.53,553.55,553.53,553.55,0.0,44.19,24457.04,1
2025-12-11,2025-12-11 13:54:00,553.55,553.57,553.55,553.57,0.0,44.19,24457.04,1
2025-12-11,2025-12-11 13:55:00,553.57,553.59,553.57,553.59,0.0,44.19,24457.04,1
2025-12-11,2025-12-11 13:56:00,553.59,553.61,553.59,553.61,0.0,44.19,24457.04,1
2025-12-11,2025-12-11 13:57:00,553.61,553.63,553.61,553.63,0.0,44.19,24457.04,1
2025-12-11,2025-12-11 13:58:00,553.63,553.65,553.63,553.65,0.0,44.19,24457.04,1
2025-12-11,2025-12-11 13:59:00,553.65,553.67,553.65,553.67,0.0,44.19,24457.04,1
2025-12-11,2025-12-11 14:00:00,553.67,553.7,553.67,553.7,0.01,44.19,24457.04,1
2025-12-11,2025-12-11 14:01:00,553.7,553.72,553.7,553.72,0.0,44.19,24457.04,1
2025-12-11,2025-12-11 14:02:00,553.72,553.74,553.72,553.74,0.0,44.19,24457.04,1
2025-12-11,2025-12-11 14:03:00,553.74,553.76,553.74,553.76,0.0,44.19,24457.04,1
2025-12-11,2025-12-11 14:04:00,553.76,553.78,553.76,553.78,0.0,44.19,24457.04,1
2025-12-11,2025-12-11 14:05:00,553.78,553.8,553.78,553.8,0.0,44.19,24457.04,1
2025-12-11,2025-12-11 14:06:00,553.8,553.82,553.8,553.82,0.0,44.19,24457.04,1
2025-12-11,2025-12-11 14:07:00,553.82,553.84,553.82,553.84,0.0,44.19,24457.04,1
2025-12-11,2025-12-11 14:08:00,553.84,553.86,553.84,553.86,0.0,44.19,24457.04,1
2025-12-11,2025-12-11 14:09:00,553.86,553.88,553.86,553.88,0.0,44.19,24457.04,1
2025-12-11,2025-12-11 14:10:00,553.88,553.9,553.88,553.9,0.0,44.19,24457.04,1
2025-12-11,2025-12-11 14:11:00,553.9,553.92,553.9,553.92,0.0,44.19,24457.04,1
2025-12-11,2025-12-11 14:12:00,553.92,553.94,553.92,553.94,0.0,44.19,24457.04,1
2025-12-11,2025-12-11 14:13:00,553.94,553.96,553.94,553.96,0.0,44.19,24457.04,1
2025-12-11,2025-12-11 14:14:00,553.96,553.98,553.96,553.98,0.0,44.19,24457.04,1
2025-12-11,2025-12-11 14:15:00,553.98,554.0,553.98,554.0,0.0,44.19,24457.04,1
2025-12-11,2025-12-11 14:16:00,554.0,554.02,554.0,554.02,0.0,44.19,24457.04,1
2025-12-11,2025-12-11 14:17:00,554.02,554.04,554.02,554.04,0.0,44.19,24457.04,1
2025-12-11,2025-12-11 14:18:00,554.04,554.06,554.04,554.06,0.0,44.19,24457.04,1
2025-12-11,2025-12-11 14:19:00,554.06,554.08,554.06,554.08,0.0,44.19,24457.04,1
2025-12-11,2025-12-11 14:20:00,554.08,554.1,554.08,554.1,0.0,44.19,24457.04,1
2025-12-11,2025-12-11 14:21:00,554.1,554.12,554.1,554.12,0.0,44.19,24457.04,1
2025-12-11,2025-12-11 14:22:00,554.12,554.14,554.12,554.14,0.0,44.19,24457.04,1
2025-12-11,2025-12-11 14:23:00,554.14,554.16,554.14,554.16,0.0,44.19,24457.04,1
2025-12-11,2025-12-11 14:24:00,554.16,554.19,554.16,554.19,0.01,44.19,24457.04,1
2025-12-11,2025-12-11 14:25:00,554.19,554.21,554.19,554.21,0.0,44.19,24457.04,1
2025-12-11,2025-12-11 14:26:00,554.21,554.23,554.21,554.23,0.0,44.19,24457.04,1
2025-12-11,2025-12-11 14:27:00,554.23,554.25,554.23,554.25,0.0,44.19,24457.04,1
2025-12-11,2025-12-11 14:28:00,554.25,554.27,554.25,554.27,0.0,44.19,24457.04,1
2025-12-11,2025-12-11 14:29:00,554.27,554.29,554.27,554.29,0.0,44.19,24457.04,1
2025-12-11,2025-12-11 14:30:00,554.29,554.31,554.29,554.31,0.0,44.19,24457.04,1
2025-12-11,2025-12-11 14:31:00,554.31,554.33,554.31,554.33,0.0,44.19,24457.04,1
2025-12-11,2025-12-11 14:32:00,554.33,554.35,554.33,554.35,0.0,44.19,24457.04,1
2025-12-11,2025-12-11 14:33:00,554.35,554.37,554.35,554.37,0.0,44.19,24457.04,1
2025-12-11,2025-12-11 14:34:00,554.37,554.39,554.37,554.39,0.0,44.19,24457.04,1
2025-12-11,2025-12-11 14:35:00,554.39,554.41,554.39,554.41,0.0,44.19,24457.04,1
2025-12-11,2025-12-11 14:36:00,554.41,554.43,554.41,554.43,0.0,44.19,24457.04,1
2025-12-11,2025-12-11 14:37:00,554.43,554.45,554.43,554.45,0.0,44.19,24457.04,1
2025-12-11,2025-12-11 14:38:00,554.45,554.47,554.45,554.47,0.0,44.19,24457.04,1
2025-12-11,2025-12-11 14:39:00,554.47,554.49,554.47,554.49,0.0,44.19,24457.04,1
2025-12-11,2025-12-11 14:40:00,554.49,554.51,554.49,554.51,0.0,44.19,24457.04,1
2025-12-11,2025-12-11 14:41:00,554.51,554.53,554.51,554.53,0.0,44.19,24457.04,1
2025-12-11,2025-12-11 14:42:00,554.53,554.55,554.53,554.55,0.0,44.19,24457.04,1
2025-12-11,2025-12-11 14:43:00,554.55,554.57,554.55,554.57,0.0,44.19,24457.04,1
2025-12-11,2025-12-11 14:44:00,554.57,554.59,554.57,554.59,0.0,44.19,24457.04,1
2025-12-11,2025-12-11 14:45:00,554.59,554.61,554.59,554.61,0.0,44.19,24457.04,1
2025-12-11,2025-12-11 14:46:00,554.61,554.63,554.61,554.63,0.0,44.19,24457.04,1
2025-12-11,2025-12-11 14:47:00,554.63,554.65,554.63,554.65,0.0,44.19,24457.04,1
2025-12-11,2025-12-11 14:48:00,554.65,554.68,554.65,554.68,0.01,44.19,24457.04,1
2025-12-11,2025-12-11 14:49:00,554.68,554.7,554.68,554.7,0.0,44.19,24457.04,1
2025-12-11,2025-12-11 14:50:00,554.7,554.72,554.7,554.72,0.0,44.19,24457.04,1
2025-12-11,2025-12-11 14:51:00,554.72,554.74,554.72,554.74,0.0,44.19,24457.04,1
2025-12-11,2025-12-11 14:52:00,554.74,554.76,554.74,554.76,0.0,44.19,24457.04,1
2025-12-11,2025-12-11 14:53:00,554.76,554.78,554.76,554.78,0.0,44.19,24457.04,1
2025-12-11,2025-12-11 14:54:00,554.78,554.8,554.78,554.8,0.0,44.19,24457.04,1
2025-12-11,2025-12-11 14:55:00,554.8,554.82,554.8,554.82,0.0,44.19,24457.04,1
2025-12-11,2025-12-11 14:56:00,554.82,554.84,554.82,554.84,0.0,44.19,24457.04,1
2025-12-11,2025-12-11 14:57:00,554.84,554.86,554.84,554.86,0.0,44.19,24457.04,1
2025-12-11,2025-12-11 14:58:00,554.86,554.88,554.86,554.88,0.0,44.19,24457.04,1
2025-12-11,2025-12-11 14:59:00,554.88,554.9,554.88,554.9,0.0,44.19,24457.04,1
2025-12-11,2025-12-11 15:00:00,554.9,557.4,550.0,554.9,0.0,44.19,24457.04,0
2025-12-14,2025-12-14 11:00:00,555.0,556.2,552.0,554.96,-0.01,23.62,12982.72,-1
2025-12-14,2025-12-14 11:01:00,554.96,554.96,554.92,554.92,-0.01,23.62,12982.72,-1
2025-12-14,2025-12-14 11:02:00,554.92,554.92,554.88,554.88,-0.01,23.62,12982.72,-1
2025-12-14,2025-12-14 11:03:00,554.88,554.88,554.84,554.84,-0.01,23.62,12982.72,-1
2025-12-14,2025-12-14 11:04:00,554.84,554.84,554.79,554.79,-0.01,23.62,12982.72,-1
2025-12-14,2025-12-14 11:05:00,554.79,554.79,554.75,554.75,-0.01,23.62,12982.72,-1
2025-12-14,2025-12-14 11:06:00,554.75,554.75,554.71,554.71,-0.01,23.62,12982.72,-1
2025-12-14,2025-12-14 11:07:00,554.71,554.71,554.67,554.67,-0.01,23.62,12982.72,-1
2025-12-14,2025-12-14 11:08:00,554.67,554.67,554.63,554.63,-0.01,23.62,12982.72,-1
2025-12-14,2025-12-14 11:09:00,554.63,554.63,554.59,554.59,-0.01,23.62,12982.72,-1
2025-12-14,2025-12-14 11:10:00,554.59,554.59,554.55,554.55,-0.01,23.62,12982.72,-1
2025-12-14,2025-12-14 11:11:00,554.55,554.55,554.5,554.5,-0.01,23.62,12982.72,-1
2025-12-14,2025-12-14 11:12:00,554.5,554.5,554.46,554.46,-0.01,23.62,12982.72,-1
2025-12-14,2025-12-14 11:13:00,554.46,554.46,554.42,554.42,-0.01,23.62,12982.72,-1
2025-12-14,2025-12-14 11:14:00,554.42,554.42,554.38,554.38,-0.01,23.62,12982.72,-1
2025-12-14,2025-12-14 11:15:00,554.38,554.38,554.34,554.34,-0.01,23.62,12982.72,-1
2025-12-14,2025-12-14 11:16:00,554.34,554.34,554.3,554.3,-0.01,23.62,12982.72,-1
2025-12-14,2025-12-14 11:17:00,554.3,554.3,554.26,554.26,-0.01,23.62,12982.72,-1
2025-12-14,2025-12-14 11:18:00,554.26,554.26,554.22,554.22,-0.01,23.62,12982.72,-1
2025-12-14,2025-12-14 11:19:00,554.22,554.22,554.17,554.17,-0.01,23.62,12982.72,-1
2025-12-14,2025-12-14 11:20:00,554.17,554.17,554.13,554.13,-0.01,23.62,12982.72,-1
2025-12-14,2025-12-14 11:21:00,554.13,554.13,554.09,554.09,-0.01,23.62,12982.72,-1
2025-12-14,2025-12-14 11:22:00,554.09,554.09,554.05,554.05,-0.01,23.62,12982.72,-1
2025-12-14,2025-12-14 11:23:00,554.05,554.05,554.01,554.01,-0.01,23.62,12982.72,-1
2025-12-14,2025-12-14 11:24:00,554.01,554.01,553.97,553.97,-0.01,23.62,12982.72,-1
2025-12-14,2025-12-14 11:25:00,553.97,553.97,553.93,553.93,-0.01,23.62,12982.72,-1
2025-12-14,2025-12-14 11:26:00,553.93,553.93,553.89,553.89,-0.01,23.62,12982.72,-1
2025-12-14,2025-12-14 11:27:00,553.89,553.89,553.85,553.85,-0.01,23.62,12982.72,-1
2025-12-14,2025-12-14 11:28:00,553.85,553.85,553.8,553.8,-0.01,23.62,12982.72,-1
2025-12-14,2025-12-14 11:29:00,553.8,553.8,553.76,553.76,-0.01,23.62,12982.72,-1
2025-12-14,2025-12-14 11:30:00,553.76,553.76,553.72,553.72,-0.01,23.62,12982.72,-1
2025-12-14,2025-12-14 11:31:00,553.72,553.72,553.68,553.68,-0.01,23.62,12982.72,-1
2025-12-14,2025-12-14 11:32:00,553.68,553.68,553.64,553.64,-0.01,23.62,12982.72,-1
2025-12-14,2025-12-14 11:33:00,553.64,553.64,553.6,553.6,-0.01,23.62,12982.72,-1
2025-12-14,2025-12-14 11:34:00,553.6,553.6,553.56,553.56,-0.01,23.62,12982.72,-1
2025-12-14,2025-12-14 11:35:00,553.56,553.56,553.51,553.51,-0.01,23.62,12982.72,-1
2025-12-14,2025-12-14 11:36:00,553.51,553.51,553.47,553.47,-0.01,23.62,12982.72,-1
2025-12-14,2025-12-14 11:37:00,553.47,553.47,553.43,553.43,-0.01,23.62,12982.72,-1
2025-12-14,2025-12-14 11:38:00,553.43,553.43,553.39,553.39,-0.01,23.62,12982.72,-1
2025-12-14,2025-12-14 11:39:00,553.39,553.39,553.35,553.35,-0.01,23.62,12982.72,-1
2025-12-14,2025-12-14 11:40:00,553.35,553.35,553.31,553.31,-0.01,23.62,12982.72,-1
2025-12-14,2025-12-14 11:41:00,553.31,553.31,553.27,553.27,-0.01,23.62,12982.72,-1
2025-12-14,2025-12-14 11:42:00,553.27,553.27,553.23,553.23,-0.01,23.62,12982.72,-1
2025-12-14,2025-12-14 11:43:00,553.23,553.23,553.19,553.19,-0.01,23.62,12982.72,-1
2025-12-14,2025-12-14 11:44:00,553.19,553.19,553.14,553.14,-0.01,23.62,12982.72,-1
2025-12-14,2025-12-14 11:45:00,553.14,553.14,553.1,553.1,-0.01,23.62,12982.72,-1
2025-12-14,2025-12-14 11:46:00,553.1,553.1,553.06,553.06,-0.01,23.62,12982.72,-1
2025-12-14,2025-12-14 11:47:00,553.06,553.06,553.02,553.02,-0.01,23.62,12982.72,-1
2025-12-14,2025-12-14 11:48:00,553.02,553.02,552.98,552.98,-0.01,23.62,12982.72,-1
2025-12-14,2025-12-14 11:49:00,552.98,552.98,552.94,552.94,-0.01,23.62,12982.72,-1
2025-12-14,2025-12-14 11:50:00,552.94,552.94,552.9,552.9,-0.01,23.62,12982.72,-1
2025-12-14,2025-12-14 11:51:00,552.9,552.9,552.86,552.86,-0.01,23.62,12982.72,-1
2025-12-14,2025-12-14 11:52:00,552.86,552.86,552.81,552.81,-0.01,23.62,12982.72,-1
2025-12-14,2025-12-14 11:53:00,552.81,552.81,552.77,552.77,-0.01,23.62,12982.72,-1
2025-12-14,2025-12-14 11:54:00,552.77,552.77,552.73,552.73,-0.01,23.62,12982.72,-1
2025-12-14,2025-12-14 11:55:00,552.73,552.73,552.69,552.69,-0.01,23.62,12982.72,-1
2025-12-14,2025-12-14 11:56:00,552.69,552.69,552.65,552.65,-0.01,23.62,12982.72,-1
2025-12-14,2025-12-14 11:57:00,552.65,552.65,552.61,552.61,-0.01,23.62,12982.72,-1
2025-12-14,2025-12-14 11:58:00,552.61,552.61,552.57,552.57,-0.01,23.62,12982.72,-1
2025-12-14,2025-12-14 11:59:00,552.57,552.57,552.52,552.52,-0.01,23.62,12982.72,-1
2025-12-14,2025-12-14 12:00:00,552.52,552.52,552.48,552.48,-0.01,23.62,12982.72,-1
2025-12-14,2025-12-14 12:01:00,552.48,552.48,552.44,552.44,-0.01,23.62,12982.72,-1
2025-12-14,2025-12-14 12:02:00,552.44,552.44,552.4,552.4,-0.01,23.62,12982.72,-1
2025-12-14,2025-12-14 12:03:00,552.4,552.4,552.36,552.36,-0.01,23.62,12982.72,-1
2025-12-14,2025-12-14 12:04:00,552.36,552.36,552.32,552.32,-0.01,23.62,12982.72,-1
2025-12-14,2025-12-14 12:05:00,552.32,552.32,552.28,552.28,-0.01,23.62,12982.72,-1
2025-12-14,2025-12-14 12:06:00,552.28,552.28,552.24,552.24,-0.01,23.62,12982.72,-1
2025-12-14,2025-12-14 12:07:00,552.24,552.24,552.2,552.2,-0.01,23.62,12982.72,-1
2025-12-14,2025-12-14 12:08:00,552.2,552.2,552.15,552.15,-0.01,23.62,12982.72,-1
2025-12-14,2025-12-14 12:09:00,552.15,552.15,552.11,552.11,-0.01,23.62,12982.72,-1
2025-12-14,2025-12-14 12:10:00,552.11,552.11,552.07,552.07,-0.01,23.62,12982.72,-1
2025-12-14,2025-12-14 12:11:00,552.07,552.07,552.03,552.03,-0.01,23.62,12982.72,-1
2025-12-14,2025-12-14 12:12:00,552.03,552.03,551.99,551.99,-0.01,23.62,12982.72,-1
2025-12-14,2025-12-14 12:13:00,551.99,551.99,551.95,551.95,-0.01,23.62,12982.72,-1
2025-12-14,2025-12-14 12:14:00,551.95,551.95,551.91,551.91,-0.01,23.62,12982.72,-1
2025-12-14,2025-12-14 12:15:00,551.91,551.91,551.87,551.87,-0.01,23.62,12982.72,-1
2025-12-14,2025-12-14 12:16:00,551.87,551.87,551.82,551.82,-0.01,23.62,12982.72,-1
2025-12-14,2025-12-14 12:17:00,551.82,551.82,551.78,551.78,-0.01,23.62,12982.72,-1
2025-12-14,2025-12-14 12:18:00,551.78,551.78,551.74,551.74,-0.01,23.62,12982.72,-1
2025-12-14,2025-12-14 12:19:00,551.74,551.74,551.7,551.7,-0.01,23.62,12982.72,-1
2025-12-14,2025-12-14 12:20:00,551.7,551.7,551.66,551.66,-0.01,23.62,12982.72,-1
2025-12-14,2025-12-14 12:21:00,551.66,551.66,551.62,551.62,-0.01,23.62,12982.72,-1
2025-12-14,2025-12-14 12:22:00,551.62,551.62,551.58,551.58,-0.01,23.62,12982.72,-1
2025-12-14,2025-12-14 12:23:00,551.58,551.58,551.53,551.53,-0.01,23.62,12982.72,-1
2025-12-14,2025-12-14 12:24:00,551.53,551.53,551.49,551.49,-0.01,23.62,12982.72,-1
2025-12-14,2025-12-14 12:25:00,551.49,551.49,551.45,551.45,-0.01,23.62,12982.72,-1
2025-12-14,2025-12-14 12:26:00,551.45,551.45,551.41,551.41,-0.01,23.62,12982.72,-1
2025-12-14,2025-12-14 12:27:00,551.41,551.41,551.37,551.37,-0.01,23.62,12982.72,-1
2025-12-14,2025-12-14 12:28:00,551.37,551.37,551.33,551.33,-0.01,23.62,12982.72,-1
2025-12-14,2025-12-14 12:29:00,551.33,551.33,551.29,551.29,-0.01,23.62,12982.72,-1
2025-12-14,2025-12-14 12:30:00,551.29,551.29,551.25,551.25,-0.01,23.62,12982.72,-1
2025-12-14,2025-12-14 12:31:00,551.25,551.25,551.21,551.21,-0.01,23.62,12982.72,-1
2025-12-14,2025-12-14 12:32:00,551.21,551.21,551.16,551.16,-0.01,23.62,12982.72,-1
2025-12-14,2025-12-14 12:33:00,551.16,551.16,551.12,551.12,-0.01,23.62,12982.72,-1
2025-12-14,2025-12-14 12:34:00,551.12,551.12,551.08,551.08,-0.01,23.62,12982.72,-1
2025-12-14,2025-12-14 12:35:00,551.08,551.08,551.04,551.04,-0.01,23.62,12982.72,-1
2025-12-14,2025-12-14 12:36:00,551.04,551.04,551.0,551.0,-0.01,23.62,12982.72,-1
2025-12-14,2025-12-14 12:37:00,551.0,551.0,550.96,550.96,-0.01,23.62,12982.72,-1
2025-12-14,2025-12-14 12:38:00,550.96,550.96,550.92,550.92,-0.01,23.62,12982.72,-1
2025-12-14,2025-12-14 12:39:00,550.92,550.92,550.88,550.88,-0.01,23.62,12982.72,-1
2025-12-14,2025-12-14 12:40:00,550.88,550.88,550.83,550.83,-0.01,23.62,12982.72,-1
2025-12-14,2025-12-14 12:41:00,550.83,550.83,550.79,550.79,-0.01,23.62,12982.72,-1
2025-12-14,2025-12-14 12:42:00,550.79,550.79,550.75,550.75,-0.01,23.62,12982.72,-1
2025-12-14,2025-12-14 12:43:00,550.75,550.75,550.71,550.71,-0.01,23.62,12982.72,-1
2025-12-14,2025-12-14 12:44:00,550.71,550.71,550.67,550.67,-0.01,23.62,12982.72,-1
2025-12-14,2025-12-14 12:45:00,550.67,550.67,550.63,550.63,-0.01,23.62,12982.72,-1
2025-12-14,2025-12-14 12:46:00,550.63,550.63,550.59,550.59,-0.01,23.62,12982.72,-1
2025-12-14,2025-12-14 12:47:00,550.59,550.59,550.54,550.54,-0.01,23.62,12982.72,-1
2025-12-14,2025-12-14 12:48:00,550.54,550.54,550.5,550.5,-0.01,23.62,12982.72,-1
2025-12-14,2025-12-14 12:49:00,550.5,550.5,550.46,550.46,-0.01,23.62,12982.72,-1
2025-12-14,2025-12-14 12:50:00,550.46,550.46,550.42,550.42,-0.01,23.62,12982.72,-1
2025-12-14,2025-12-14 12:51:00,550.42,550.42,550.38,550.38,-0.01,23.62,12982.72,-1
2025-12-14,2025-12-14 12:52:00,550.38,550.38,550.34,550.34,-0.01,23.62,12982.72,-1
2025-12-14,2025-12-14 12:53:00,550.34,550.34,550.3,550.3,-0.01,23.62,12982.72,-1
2025-12-14,2025-12-14 12:54:00,550.3,550.3,550.26,550.26,-0.01,23.62,12982.72,-1
2025-12-14,2025-12-14 12:55:00,550.26,550.26,550.22,550.22,-0.01,23.62,12982.72,-1
2025-12-14,2025-12-14 12:56:00,550.22,550.22,550.17,550.17,-0.01,23.62,12982.72,-1
2025-12-14,2025-12-14 12:57:00,550.17,550.17,550.13,550.13,-0.01,23.62,12982.72,-1
2025-12-14,2025-12-14 12:58:00,550.13,550.13,550.09,550.09,-0.01,23.62,12982.72,-1
2025-12-14,2025-12-14 12:59:00,550.09,550.09,550.05,550.05,-0.01,23.62,12982.72,-1
2025-12-14,2025-12-14 13:00:00,550.05,559.0,545.0,550.01,-0.01,23.62,12982.72,-1
2025-12-14,2025-12-14 13:01:00,550.01,550.01,549.97,549.97,-0.01,23.62,12982.72,-1
2025-12-14,2025-12-14 13:02:00,549.97,549.97,549.93,549.93,-0.01,23.62,12982.72,-1
2025-12-14,2025-12-14 13:03:00,549.93,549.93,549.88,549.88,-0.01,23.62,12982.72,-1
2025-12-14,2025-12-14 13:04:00,549.88,549.88,549.84,549.84,-0.01,23.62,12982.72,-1
2025-12-14,2025-12-14 13:05:00,549.84,549.84,549.8,549.8,-0.01,23.62,12982.72,-1
2025-12-14,2025-12-14 13:06:00,549.8,549.8,549.76,549.76,-0.01,23.62,12982.72,-1
2025-12-14,2025-12-14 13:07:00,549.76,549.76,549.72,549.72,-0.01,23.62,12982.72,-1
2025-12-14,2025-12-14 13:08:00,549.72,549.72,549.68,549.68,-0.01,23.62,12982.72,-1
2025-12-14,2025-12-14 13:09:00,549.68,549.68,549.64,549.64,-0.01,23.62,12982.72,-1
2025-12-14,2025-12-14 13:10:00,549.64,549.64,549.6,549.6,-0.01,23.62,12982.72,-1
2025-12-14,2025-12-14 13:11:00,549.6,549.6,549.56,549.56,-0.01,23.62,12982.72,-1
2025-12-14,2025-12-14 13:12:00,549.56,549.56,549.51,549.51,-0.01,23.62,12982.72,-1
2025-12-14,2025-12-14 13:13:00,549.51,549.51,549.47,549.47,-0.01,23.62,12982.72,-1
2025-12-14,2025-12-14 13:14:00,549.47,549.47,549.43,549.43,-0.01,23.62,12982.72,-1
2025-12-14,2025-12-14 13:15:00,549.43,549.43,549.39,549.39,-0.01,23.62,12982.72,-1
2025-12-14,2025-12-14 13:16:00,549.39,549.39,549.35,549.35,-0.01,23.62,12982.72,-1
2025-12-14,2025-12-14 13:17:00,549.35,549.35,549.31,549.31,-0.01,23.62,12982.72,-1
2025-12-14,2025-12-14 13:18:00,549.31,549.31,549.27,549.27,-0.01,23.62,12982.72,-1
2025-12-14,2025-12-14 13:19:00,549.27,549.27,549.23,549.23,-0.01,23.62,12982.72,-1
2025-12-14,2025-12-14 13:20:00,549.23,549.23,549.18,549.18,-0.01,23.62,12982.72,-1
2025-12-14,2025-12-14 13:21:00,549.18,549.18,549.14,549.14,-0.01,23.62,12982.72,-1
2025-12-14,2025-12-14 13:22:00,549.14,549.14,549.1,549.1,-0.01,23.62,12982.72,-1
2025-12-14,2025-12-14 13:23:00,549.1,549.1,549.06,549.06,-0.01,23.62,12982.72,-1
2025-12-14,2025-12-14 13:24:00,549.06,549.06,549.02,549.02,-0.01,23.62,12982.72,-1
2025-12-14,2025-12-14 13:25:00,549.02,549.02,548.98,548.98,-0.01,23.62,12982.72,-1
2025-12-14,2025-12-14 13:26:00,548.98,548.98,548.94,548.94,-0.01,23.62,12982.72,-1
2025-12-14,2025-12-14 13:27:00,548.94,548.94,548.89,548.89,-0.01,23.62,12982.72,-1
2025-12-14,2025-12-14 13:28:00,548.89,548.89,548.85,548.85,-0.01,23.62,12982.72,-1
2025-12-14,2025-12-14 13:29:00,548.85,548.85,548.81,548.81,-0.01,23.62,12982.72,-1
2025-12-14,2025-12-14 13:30:00,548.81,548.81,548.77,548.77,-0.01,23.62,12982.72,-1
2025-12-14,2025-12-14 13:31:00,548.77,548.77,548.73,548.73,-0.01,23.62,12982.72,-1
2025-12-14,2025-12-14 13:32:00,548.73,548.73,548.69,548.69,-0.01,23.62,12982.72,-1
2025-12-14,2025-12-14 13:33:00,548.69,548.69,548.65,548.65,-0.01,23.62,12982.72,-1
2025-12-14,2025-12-14 13:34:00,548.65,548.65,548.61,548.61,-0.01,23.62,12982.72,-1
2025-12-14,2025-12-14 13:35:00,548.61,548.61,548.57,548.57,-0.01,23.62,12982.72,-1
2025-12-14,2025-12-14 13:36:00,548.57,548.57,548.52,548.52,-0.01,23.62,12982.72,-1
2025-12-14,2025-12-14 13:37:00,548.52,548.52,548.48,548.48,-0.01,23.62,12982.72,-1
2025-12-14,2025-12-14 13:38:00,548.48,548.48,548.44,548.44,-0.01,23.62,12982.72,-1
2025-12-14,2025-12-14 13:39:00,548.44,548.44,548.4,548.4,-0.01,23.62,12982.72,-1
2025-12-14,2025-12-14 13:40:00,548.4,548.4,548.36,548.36,-0.01,23.62,12982.72,-1
2025-12-14,2025-12-14 13:41:00,548.36,548.36,548.32,548.32,-0.01,23.62,12982.72,-1
2025-12-14,2025-12-14 13:42:00,548.32,548.32,548.28,548.28,-0.01,23.62,12982.72,-1
2025-12-14,2025-12-14 13:43:00,548.28,548.28,548.24,548.24,-0.01,23.62,12982.72,-1
2025-12-14,2025-12-14 13:44:00,548.24,548.24,548.19,548.19,-0.01,23.62,12982.72,-1
2025-12-14,2025-12-14 13:45:00,548.19,548.19,548.15,548.15,-0.01,23.62,12982.72,-1
2025-12-14,2025-12-14 13:46:00,548.15,548.15,548.11,548.11,-0.01,23.62,12982.72,-1
2025-12-14,2025-12-14 13:47:00,548.11,548.11,548.07,548.07,-0.01,23.62,12982.72,-1
2025-12-14,2025-12-14 13:48:00,548.07,548.07,548.03,548.03,-0.01,23.62,12982.72,-1
2025-12-14,2025-12-14 13:49:00,548.03,548.03,547.99,547.99,-0.01,23.62,12982.72,-1
2025-12-14,2025-12-14 13:50:00,547.99,547.99,547.95,547.95,-0.01,23.62,12982.72,-1
2025-12-14,2025-12-14 13:51:00,547.95,547.95,547.9,547.9,-0.01,23.62,12982.72,-1
2025-12-14,2025-12-14 13:52:00,547.9,547.9,547.86,547.86,-0.01,23.62,12982.72,-1
2025-12-14,2025-12-14 13:53:00,547.86,547.86,547.82,547.82,-0.01,23.62,12982.72,-1
2025-12-14,2025-12-14 13:54:00,547.82,547.82,547.78,547.78,-0.01,23.62,12982.72,-1
2025-12-14,2025-12-14 13:55:00,547.78,547.78,547.74,547.74,-0.01,23.62,12982.72,-1
2025-12-14,2025-12-14 13:56:00,547.74,547.74,547.7,547.7,-0.01,23.62,12982.72,-1
2025-12-14,2025-12-14 13:57:00,547.7,547.7,547.66,547.66,-0.01,23.62,12982.72,-1
2025-12-14,2025-12-14 13:58:00,547.66,547.66,547.62,547.62,-0.01,23.62,12982.72,-1
2025-12-14,2025-12-14 13:59:00,547.62,547.62,547.58,547.58,-0.01,23.62,12982.72,-1
2025-12-14,2025-12-14 14:00:00,547.58,547.58,547.53,547.53,-0.01,23.62,12982.72,-1
2025-12-14,2025-12-14 14:01:00,547.53,547.53,547.49,547.49,-0.01,23.62,12982.72,-1
2025-12-14,2025-12-14 14:02:00,547.49,547.49,547.45,547.45,-0.01,23.62,12982.72,-1
2025-12-14,2025-12-14 14:03:00,547.45,547.45,547.41,547.41,-0.01,23.62,12982.72,-1
2025-12-14,2025-12-14 14:04:00,547.41,547.41,547.37,547.37,-0.01,23.62,12982.72,-1
2025-12-14,2025-12-14 14:05:00,547.37,547.37,547.33,547.33,-0.01,23.62,12982.72,-1
2025-12-14,2025-12-14 14:06:00,547.33,547.33,547.29,547.29,-0.01,23.62,12982.72,-1
2025-12-14,2025-12-14 14:07:00,547.29,547.29,547.25,547.25,-0.01,23.62,12982.72,-1
2025-12-14,2025-12-14 14:08:00,547.25,547.25,547.2,547.2,-0.01,23.62,12982.72,-1
2025-12-14,2025-12-14 14:09:00,547.2,547.2,547.16,547.16,-0.01,23.62,12982.72,-1
2025-12-14,2025-12-14 14:10:00,547.16,547.16,547.12,547.12,-0.01,23.62,12982.72,-1
2025-12-14,2025-12-14 14:11:00,547.12,547.12,547.08,547.08,-0.01,23.62,12982.72,-1
2025-12-14,2025-12-14 14:12:00,547.08,547.08,547.04,547.04,-0.01,23.62,12982.72,-1
2025-12-14,2025-12-14 14:13:00,547.04,547.04,547.0,547.0,-0.01,23.62,12982.72,-1
2025-12-14,2025-12-14 14:14:00,547.0,547.0,546.96,546.96,-0.01,23.62,12982.72,-1
2025-12-14,2025-12-14 14:15:00,546.96,546.96,546.91,546.91,-0.01,23.62,12982.72,-1
2025-12-14,2025-12-14 14:16:00,546.91,546.91,546.87,546.87,-0.01,23.62,12982.72,-1
2025-12-14,2025-12-14 14:17:00,546.87,546.87,546.83,546.83,-0.01,23.62,12982.72,-1
2025-12-14,2025-12-14 14:18:00,546.83,546.83,546.79,546.79,-0.01,23.62,12982.72,-1
2025-12-14,2025-12-14 14:19:00,546.79,546.79,546.75,546.75,-0.01,23.62,12982.72,-1
2025-12-14,2025-12-14 14:20:00,546.75,546.75,546.71,546.71,-0.01,23.62,12982.72,-1
2025-12-14,2025-12-14 14:21:00,546.71,546.71,546.67,546.67,-0.01,23.62,12982.72,-1
2025-12-14,2025-12-14 14:22:00,546.67,546.67,546.63,546.63,-0.01,23.62,12982.72,-1
2025-12-14,2025-12-14 14:23:00,546.63,546.63,546.59,546.59,-0.01,23.62,12982.72,-1
2025-12-14,2025-12-14 14:24:00,546.59,546.59,546.54,546.54,-0.01,23.62,12982.72,-1
2025-12-14,2025-12-14 14:25:00,546.54,546.54,546.5,546.5,-0.01,23.62,12982.72,-1
2025-12-14,2025-12-14 14:26:00,546.5,546.5,546.46,546.46,-0.01,23.62,12982.72,-1
2025-12-14,2025-12-14 14:27:00,546.46,546.46,546.42,546.42,-0.01,23.62,12982.72,-1
2025-12-14,2025-12-14 14:28:00,546.42,546.42,546.38,546.38,-0.01,23.62,12982.72,-1
2025-12-14,2025-12-14 14:29:00,546.38,546.38,546.34,546.34,-0.01,23.62,12982.72,-1
2025-12-14,2025-12-14 14:30:00,546.34,546.34,546.3,546.3,-0.01,23.62,12982.72,-1
2025-12-14,2025-12-14 14:31:00,546.3,546.3,546.25,546.25,-0.01,23.62,12982.72,-1
2025-12-14,2025-12-14 14:32:00,546.25,546.25,546.21,546.21,-0.01,23.62,12982.72,-1
2025-12-14,2025-12-14 14:33:00,546.21,546.21,546.17,546.17,-0.01,23.62,12982.72,-1
2025-12-14,2025-12-14 14:34:00,546.17,546.17,546.13,546.13,-0.01,23.62,12982.72,-1
2025-12-14,2025-12-14 14:35:00,546.13,546.13,546.09,546.09,-0.01,23.62,12982.72,-1
2025-12-14,2025-12-14 14:36:00,546.09,546.09,546.05,546.05,-0.01,23.62,12982.72,-1
2025-12-14,2025-12-14 14:37:00,546.05,546.05,546.01,546.01,-0.01,23.62,12982.72,-1
2025-12-14,2025-12-14 14:38:00,546.01,546.01,545.97,545.97,-0.01,23.62,12982.72,-1
2025-12-14,2025-12-14 14:39:00,545.97,545.97,545.93,545.93,-0.01,23.62,12982.72,-1
2025-12-14,2025-12-14 14:40:00,545.93,545.93,545.88,545.88,-0.01,23.62,12982.72,-1
2025-12-14,2025-12-14 14:41:00,545.88,545.88,545.84,545.84,-0.01,23.62,12982.72,-1
2025-12-14,2025-12-14 14:42:00,545.84,545.84,545.8,545.8,-0.01,23.62,12982.72,-1
2025-12-14,2025-12-14 14:43:00,545.8,545.8,545.76,545.76,-0.01,23.62,12982.72,-1
2025-12-14,2025-12-14 14:44:00,545.76,545.76,545.72,545.72,-0.01,23.62,12982.72,-1
2025-12-14,2025-12-14 14:45:00,545.72,545.72,545.68,545.68,-0.01,23.62,12982.72,-1
2025-12-14,2025-12-14 14:46:00,545.68,545.68,545.64,545.64,-0.01,23.62,12982.72,-1
2025-12-14,2025-12-14 14:47:00,545.64,545.64,545.6,545.6,-0.01,23.62,12982.72,-1
2025-12-14,2025-12-14 14:48:00,545.6,545.6,545.55,545.55,-0.01,23.62,12982.72,-1
2025-12-14,2025-12-14 14:49:00,545.55,545.55,545.51,545.51,-0.01,23.62,12982.72,-1
2025-12-14,2025-12-14 14:50:00,545.51,545.51,545.47,545.47,-0.01,23.62,12982.72,-1
2025-12-14,2025-12-14 14:51:00,545.47,545.47,545.43,545.43,-0.01,23.62,12982.72,-1
2025-12-14,2025-12-14 14:52:00,545.43,545.43,545.39,545.39,-0.01,23.62,12982.72,-1
2025-12-14,2025-12-14 14:53:00,545.39,545.39,545.35,545.35,-0.01,23.62,12982.72,-1
2025-12-14,2025-12-14 14:54:00,545.35,545.35,545.31,545.31,-0.01,23.62,12982.72,-1
2025-12-14,2025-12-14 14:55:00,545.31,545.31,545.26,545.26,-0.01,23.62,12982.72,-1
2025-12-14,2025-12-14 14:56:00,545.26,545.26,545.22,545.22,-0.01,23.62,12982.72,-1
2025-12-14,2025-12-14 14:57:00,545.22,545.22,545.18,545.18,-0.01,23.62,12982.72,-1
2025-12-14,2025-12-14 14:58:00,545.18,545.18,545.14,545.14,-0.01,23.62,12982.72,-1
2025-12-14,2025-12-14 14:59:00,545.14,545.14,545.1,545.1,-0.01,23.62,12982.72,-1
2025-12-14,2025-12-14 15:00:00,545.1,559.0,545.0,545.1,0.0,23.62,12982.72,0
2025-12-15,2025-12-15 11:00:00,539.0,542.0,539.0,539.01,0.0,15.99,8678.06,1
2025-12-15,2025-12-15 11:01:00,539.01,539.03,539.01,539.03,0.0,15.99,8678.06,1
2025-12-15,2025-12-15 11:02:00,539.03,539.04,539.03,539.04,0.0,15.99,8678.06,1
2025-12-15,2025-12-15 11:03:00,539.04,539.05,539.04,539.05,0.0,15.99,8678.06,1
2025-12-15,2025-12-15 11:04:00,539.05,539.06,539.05,539.06,0.0,15.99,8678.06,1
2025-12-15,2025-12-15 11:05:00,539.06,539.08,539.06,539.08,0.0,15.99,8678.06,1
2025-12-15,2025-12-15 11:06:00,539.08,539.09,539.08,539.09,0.0,15.99,8678.06,1
2025-12-15,2025-12-15 11:07:00,539.09,539.1,539.09,539.1,0.0,15.99,8678.06,1
2025-12-15,2025-12-15 11:08:00,539.1,539.12,539.1,539.12,0.0,15.99,8678.06,1
2025-12-15,2025-12-15 11:09:00,539.12,539.13,539.12,539.13,0.0,15.99,8678.06,1
2025-12-15,2025-12-15 11:10:00,539.13,539.14,539.13,539.14,0.0,15.99,8678.06,1
2025-12-15,2025-12-15 11:11:00,539.14,539.15,539.14,539.15,0.0,15.99,8678.06,1
2025-12-15,2025-12-15 11:12:00,539.15,539.17,539.15,539.17,0.0,15.99,8678.06,1
2025-12-15,2025-12-15 11:13:00,539.17,539.18,539.17,539.18,0.0,15.99,8678.06,1
2025-12-15,2025-12-15 11:14:00,539.18,539.19,539.18,539.19,0.0,15.99,8678.06,1
2025-12-15,2025-12-15 11:15:00,539.19,539.21,539.19,539.21,0.0,15.99,8678.06,1
2025-12-15,2025-12-15 11:16:00,539.21,539.22,539.21,539.22,0.0,15.99,8678.06,1
2025-12-15,2025-12-15 11:17:00,539.22,539.23,539.22,539.23,0.0,15.99,8678.06,1
2025-12-15,2025-12-15 11:18:00,539.23,539.25,539.23,539.25,0.0,15.99,8678.06,1
2025-12-15,2025-12-15 11:19:00,539.25,539.26,539.25,539.26,0.0,15.99,8678.06,1
2025-12-15,2025-12-15 11:20:00,539.26,539.27,539.26,539.27,0.0,15.99,8678.06,1
2025-12-15,2025-12-15 11:21:00,539.27,539.28,539.27,539.28,0.0,15.99,8678.06,1
2025-12-15,2025-12-15 11:22:00,539.28,539.3,539.28,539.3,0.0,15.99,8678.06,1
2025-12-15,2025-12-15 11:23:00,539.3,539.31,539.3,539.31,0.0,15.99,8678.06,1
2025-12-15,2025-12-15 11:24:00,539.31,539.32,539.31,539.32,0.0,15.99,8678.06,1
2025-12-15,2025-12-15 11:25:00,539.32,539.34,539.32,539.34,0.0,15.99,8678.06,1
2025-12-15,2025-12-15 11:26:00,539.34,539.35,539.34,539.35,0.0,15.99,8678.06,1
2025-12-15,2025-12-15 11:27:00,539.35,539.36,539.35,539.36,0.0,15.99,8678.06,1
2025-12-15,2025-12-15 11:28:00,539.36,539.37,539.36,539.37,0.0,15.99,8678.06,1
2025-12-15,2025-12-15 11:29:00,539.37,539.39,539.37,539.39,0.0,15.99,8678.06,1
2025-12-15,2025-12-15 11:30:00,539.39,539.4,539.39,539.4,0.0,15.99,8678.06,1
2025-12-15,2025-12-15 11:31:00,539.4,539.41,539.4,539.41,0.0,15.99,8678.06,1
2025-12-15,2025-12-15 11:32:00,539.41,539.43,539.41,539.43,0.0,15.99,8678.06,1
2025-12-15,2025-12-15 11:33:00,539.43,539.44,539.43,539.44,0.0,15.99,8678.06,1
2025-12-15,2025-12-15 11:34:00,539.44,539.45,539.44,539.45,0.0,15.99,8678.06,1
2025-12-15,2025-12-15 11:35:00,539.45,539.47,539.45,539.47,0.0,15.99,8678.06,1
2025-12-15,2025-12-15 11:36:00,539.47,539.48,539.47,539.48,0.0,15.99,8678.06,1
2025-12-15,2025-12-15 11:37:00,539.48,539.49,539.48,539.49,0.0,15.99,8678.06,1
2025-12-15,2025-12-15 11:38:00,539.49,539.5,539.49,539.5,0.0,15.99,8678.06,1
2025-12-15,2025-12-15 11:39:00,539.5,539.52,539.5,539.52,0.0,15.99,8678.06,1
2025-12-15,2025-12-15 11:40:00,539.52,539.53,539.52,539.53,0.0,15.99,8678.06,1
2025-12-15,2025-12-15 11:41:00,539.53,539.54,539.53,539.54,0.0,15.99,8678.06,1
2025-12-15,2025-12-15 11:42:00,539.54,539.56,539.54,539.56,0.0,15.99,8678.06,1
2025-12-15,2025-12-15 11:43:00,539.56,539.57,539.56,539.57,0.0,15.99,8678.06,1
2025-12-15,2025-12-15 11:44:00,539.57,539.58,539.57,539.58,0.0,15.99,8678.06,1
2025-12-15,2025-12-15 11:45:00,539.58,539.59,539.58,539.59,0.0,15.99,8678.06,1
2025-12-15,2025-12-15 11:46:00,539.59,539.61,539.59,539.61,0.0,15.99,8678.06,1
2025-12-15,2025-12-15 11:47:00,539.61,539.62,539.61,539.62,0.0,15.99,8678.06,1
2025-12-15,2025-12-15 11:48:00,539.62,539.63,539.62,539.63,0.0,15.99,8678.06,1
2025-12-15,2025-12-15 11:49:00,539.63,539.65,539.63,539.65,0.0,15.99,8678.06,1
2025-12-15,2025-12-15 11:50:00,539.65,539.66,539.65,539.66,0.0,15.99,8678.06,1
2025-12-15,2025-12-15 11:51:00,539.66,539.67,539.66,539.67,0.0,15.99,8678.06,1
2025-12-15,2025-12-15 11:52:00,539.67,539.68,539.67,539.68,0.0,15.99,8678.06,1
2025-12-15,2025-12-15 11:53:00,539.68,539.7,539.68,539.7,0.0,15.99,8678.06,1
2025-12-15,2025-12-15 11:54:00,539.7,539.71,539.7,539.71,0.0,15.99,8678.06,1
2025-12-15,2025-12-15 11:55:00,539.71,539.72,539.71,539.72,0.0,15.99,8678.06,1
2025-12-15,2025-12-15 11:56:00,539.72,539.74,539.72,539.74,0.0,15.99,8678.06,1
2025-12-15,2025-12-15 11:57:00,539.74,539.75,539.74,539.75,0.0,15.99,8678.06,1
2025-12-15,2025-12-15 11:58:00,539.75,539.76,539.75,539.76,0.0,15.99,8678.06,1
2025-12-15,2025-12-15 11:59:00,539.76,539.77,539.76,539.77,0.0,15.99,8678.06,1
2025-12-15,2025-12-15 12:00:00,539.77,539.79,539.77,539.79,0.0,15.99,8678.06,1
2025-12-15,2025-12-15 12:01:00,539.79,539.8,539.79,539.8,0.0,15.99,8678.06,1
2025-12-15,2025-12-15 12:02:00,539.8,539.81,539.8,539.81,0.0,15.99,8678.06,1
2025-12-15,2025-12-15 12:03:00,539.81,539.83,539.81,539.83,0.0,15.99,8678.06,1
2025-12-15,2025-12-15 12:04:00,539.83,539.84,539.83,539.84,0.0,15.99,8678.06,1
2025-12-15,2025-12-15 12:05:00,539.84,539.85,539.84,539.85,0.0,15.99,8678.06,1
2025-12-15,2025-12-15 12:06:00,539.85,539.87,539.85,539.87,0.0,15.99,8678.06,1
2025-12-15,2025-12-15 12:07:00,539.87,539.88,539.87,539.88,0.0,15.99,8678.06,1
2025-12-15,2025-12-15 12:08:00,539.88,539.89,539.88,539.89,0.0,15.99,8678.06,1
2025-12-15,2025-12-15 12:09:00,539.89,539.9,539.89,539.9,0.0,15.99,8678.06,1
2025-12-15,2025-12-15 12:10:00,539.9,539.92,539.9,539.92,0.0,15.99,8678.06,1
2025-12-15,2025-12-15 12:11:00,539.92,539.93,539.92,539.93,0.0,15.99,8678.06,1
2025-12-15,2025-12-15 12:12:00,539.93,539.94,539.93,539.94,0.0,15.99,8678.06,1
2025-12-15,2025-12-15 12:13:00,539.94,539.96,539.94,539.96,0.0,15.99,8678.06,1
2025-12-15,2025-12-15 12:14:00,539.96,539.97,539.96,539.97,0.0,15.99,8678.06,1
2025-12-15,2025-12-15 12:15:00,539.97,539.98,539.97,539.98,0.0,15.99,8678.06,1
2025-12-15,2025-12-15 12:16:00,539.98,539.99,539.98,539.99,0.0,15.99,8678.06,1
2025-12-15,2025-12-15 12:17:00,539.99,540.01,539.99,540.01,0.0,15.99,8678.06,1
2025-12-15,2025-12-15 12:18:00,540.01,540.02,540.01,540.02,0.0,15.99,8678.06,1
2025-12-15,2025-12-15 12:19:00,540.02,540.03,540.02,540.03,0.0,15.99,8678.06,1
2025-12-15,2025-12-15 12:20:00,540.03,540.05,540.03,540.05,0.0,15.99,8678.06,1
2025-12-15,2025-12-15 12:21:00,540.05,540.06,540.05,540.06,0.0,15.99,8678.06,1
2025-12-15,2025-12-15 12:22:00,540.06,540.07,540.06,540.07,0.0,15.99,8678.06,1
2025-12-15,2025-12-15 12:23:00,540.07,540.09,540.07,540.09,0.0,15.99,8678.06,1
2025-12-15,2025-12-15 12:24:00,540.09,540.1,540.09,540.1,0.0,15.99,8678.06,1
2025-12-15,2025-12-15 12:25:00,540.1,540.11,540.1,540.11,0.0,15.99,8678.06,1
2025-12-15,2025-12-15 12:26:00,540.11,540.12,540.11,540.12,0.0,15.99,8678.06,1
2025-12-15,2025-12-15 12:27:00,540.12,540.14,540.12,540.14,0.0,15.99,8678.06,1
2025-12-15,2025-12-15 12:28:00,540.14,540.15,540.14,540.15,0.0,15.99,8678.06,1
2025-12-15,2025-12-15 12:29:00,540.15,540.16,540.15,540.16,0.0,15.99,8678.06,1
2025-12-15,2025-12-15 12:30:00,540.16,540.18,540.16,540.18,0.0,15.99,8678.06,1
2025-12-15,2025-12-15 12:31:00,540.18,540.19,540.18,540.19,0.0,15.99,8678.06,1
2025-12-15,2025-12-15 12:32:00,540.19,540.2,540.19,540.2,0.0,15.99,8678.06,1
2025-12-15,2025-12-15 12:33:00,540.2,540.21,540.2,540.21,0.0,15.99,8678.06,1
2025-12-15,2025-12-15 12:34:00,540.21,540.23,540.21,540.23,0.0,15.99,8678.06,1
2025-12-15,2025-12-15 12:35:00,540.23,540.24,540.23,540.24,0.0,15.99,8678.06,1
2025-12-15,2025-12-15 12:36:00,540.24,540.25,540.24,540.25,0.0,15.99,8678.06,1
2025-12-15,2025-12-15 12:37:00,540.25,540.27,540.25,540.27,0.0,15.99,8678.06,1
2025-12-15,2025-12-15 12:38:00,540.27,540.28,540.27,540.28,0.0,15.99,8678.06,1
2025-12-15,2025-12-15 12:39:00,540.28,540.29,540.28,540.29,0.0,15.99,8678.06,1
2025-12-15,2025-12-15 12:40:00,540.29,540.3,540.29,540.3,0.0,15.99,8678.06,1
2025-12-15,2025-12-15 12:41:00,540.3,540.32,540.3,540.32,0.0,15.99,8678.06,1
2025-12-15,2025-12-15 12:42:00,540.32,540.33,540.32,540.33,0.0,15.99,8678.06,1
2025-12-15,2025-12-15 12:43:00,540.33,540.34,540.33,540.34,0.0,15.99,8678.06,1
2025-12-15,2025-12-15 12:44:00,540.34,540.36,540.34,540.36,0.0,15.99,8678.06,1
2025-12-15,2025-12-15 12:45:00,540.36,540.37,540.36,540.37,0.0,15.99,8678.06,1
2025-12-15,2025-12-15 12:46:00,540.37,540.38,540.37,540.38,0.0,15.99,8678.06,1
2025-12-15,2025-12-15 12:47:00,540.38,540.39,540.38,540.39,0.0,15.99,8678.06,1
2025-12-15,2025-12-15 12:48:00,540.39,540.41,540.39,540.41,0.0,15.99,8678.06,1
2025-12-15,2025-12-15 12:49:00,540.41,540.42,540.41,540.42,0.0,15.99,8678.06,1
2025-12-15,2025-12-15 12:50:00,540.42,540.43,540.42,540.43,0.0,15.99,8678.06,1
2025-12-15,2025-12-15 12:51:00,540.43,540.45,540.43,540.45,0.0,15.99,8678.06,1
2025-12-15,2025-12-15 12:52:00,540.45,540.46,540.45,540.46,0.0,15.99,8678.06,1
2025-12-15,2025-12-15 12:53:00,540.46,540.47,540.46,540.47,0.0,15.99,8678.06,1
2025-12-15,2025-12-15 12:54:00,540.47,540.49,540.47,540.49,0.0,15.99,8678.06,1
2025-12-15,2025-12-15 12:55:00,540.49,540.5,540.49,540.5,0.0,15.99,8678.06,1
2025-12-15,2025-12-15 12:56:00,540.5,540.51,540.5,540.51,0.0,15.99,8678.06,1
2025-12-15,2025-12-15 12:57:00,540.51,540.52,540.51,540.52,0.0,15.99,8678.06,1
2025-12-15,2025-12-15 12:58:00,540.52,540.54,540.52,540.54,0.0,15.99,8678.06,1
2025-12-15,2025-12-15 12:59:00,540.54,540.55,540.54,540.55,0.0,15.99,8678.06,1
2025-12-15,2025-12-15 13:00:00,540.55,549.0,539.0,540.56,0.0,15.99,8678.06,1
2025-12-15,2025-12-15 13:01:00,540.56,540.58,540.56,540.58,0.0,15.99,8678.06,1
2025-12-15,2025-12-15 13:02:00,540.58,540.59,540.58,540.59,0.0,15.99,8678.06,1
2025-12-15,2025-12-15 13:03:00,540.59,540.6,540.59,540.6,0.0,15.99,8678.06,1
2025-12-15,2025-12-15 13:04:00,540.6,540.61,540.6,540.61,0.0,15.99,8678.06,1
2025-12-15,2025-12-15 13:05:00,540.61,540.63,540.61,540.63,0.0,15.99,8678.06,1
2025-12-15,2025-12-15 13:06:00,540.63,540.64,540.63,540.64,0.0,15.99,8678.06,1
2025-12-15,2025-12-15 13:07:00,540.64,540.65,540.64,540.65,0.0,15.99,8678.06,1
2025-12-15,2025-12-15 13:08:00,540.65,540.67,540.65,540.67,0.0,15.99,8678.06,1
2025-12-15,2025-12-15 13:09:00,540.67,540.68,540.67,540.68,0.0,15.99,8678.06,1
2025-12-15,2025-12-15 13:10:00,540.68,540.69,540.68,540.69,0.0,15.99,8678.06,1
2025-12-15,2025-12-15 13:11:00,540.69,540.71,540.69,540.71,0.0,15.99,8678.06,1
2025-12-15,2025-12-15 13:12:00,540.71,540.72,540.71,540.72,0.0,15.99,8678.06,1
2025-12-15,2025-12-15 13:13:00,540.72,540.73,540.72,540.73,0.0,15.99,8678.06,1
2025-12-15,2025-12-15 13:14:00,540.73,540.74,540.73,540.74,0.0,15.99,8678.06,1
2025-12-15,2025-12-15 13:15:00,540.74,540.76,540.74,540.76,0.0,15.99,8678.06,1
2025-12-15,2025-12-15 13:16:00,540.76,540.77,540.76,540.77,0.0,15.99,8678.06,1
2025-12-15,2025-12-15 13:17:00,540.77,540.78,540.77,540.78,0.0,15.99,8678.06,1
2025-12-15,2025-12-15 13:18:00,540.78,540.8,540.78,540.8,0.0,15.99,8678.06,1
2025-12-15,2025-12-15 13:19:00,540.8,540.81,540.8,540.81,0.0,15.99,8678.06,1
2025-12-15,2025-12-15 13:20:00,540.81,540.82,540.81,540.82,0.0,15.99,8678.06,1
2025-12-15,2025-12-15 13:21:00,540.82,540.83,540.82,540.83,0.0,15.99,8678.06,1
2025-12-15,2025-12-15 13:22:00,540.83,540.85,540.83,540.85,0.0,15.99,8678.06,1
2025-12-15,2025-12-15 13:23:00,540.85,540.86,540.85,540.86,0.0,15.99,8678.06,1
2025-12-15,2025-12-15 13:24:00,540.86,540.87,540.86,540.87,0.0,15.99,8678.06,1
2025-12-15,2025-12-15 13:25:00,540.87,540.89,540.87,540.89,0.0,15.99,8678.06,1
2025-12-15,2025-12-15 13:26:00,540.89,540.9,540.89,540.9,0.0,15.99,8678.06,1
2025-12-15,2025-12-15 13:27:00,540.9,540.91,540.9,540.91,0.0,15.99,8678.06,1
2025-12-15,2025-12-15 13:28:00,540.91,540.92,540.91,540.92,0.0,15.99,8678.06,1
2025-12-15,2025-12-15 13:29:00,540.92,540.94,540.92,540.94,0.0,15.99,8678.06,1
2025-12-15,2025-12-15 13:30:00,540.94,540.95,540.94,540.95,0.0,15.99,8678.06,1
2025-12-15,2025-12-15 13:31:00,540.95,540.96,540.95,540.96,0.0,15.99,8678.06,1
2025-12-15,2025-12-15 13:32:00,540.96,540.98,540.96,540.98,0.0,15.99,8678.06,1
2025-12-15,2025-12-15 13:33:00,540.98,540.99,540.98,540.99,0.0,15.99,8678.06,1
2025-12-15,2025-12-15 13:34:00,540.99,541.0,540.99,541.0,0.0,15.99,8678.06,1
2025-12-15,2025-12-15 13:35:00,541.0,541.01,541.0,541.01,0.0,15.99,8678.06,1
2025-12-15,2025-12-15 13:36:00,541.01,541.03,541.01,541.03,0.0,15.99,8678.06,1
2025-12-15,2025-12-15 13:37:00,541.03,541.04,541.03,541.04,0.0,15.99,8678.06,1
2025-12-15,2025-12-15 13:38:00,541.04,541.05,541.04,541.05,0.0,15.99,8678.06,1
2025-12-15,2025-12-15 13:39:00,541.05,541.07,541.05,541.07,0.0,15.99,8678.06,1
2025-12-15,2025-12-15 13:40:00,541.07,541.08,541.07,541.08,0.0,15.99,8678.06,1
2025-12-15,2025-12-15 13:41:00,541.08,541.09,541.08,541.09,0.0,15.99,8678.06,1
2025-12-15,2025-12-15 13:42:00,541.09,541.11,541.09,541.11,0.0,15.99,8678.06,1
2025-12-15,2025-12-15 13:43:00,541.11,541.12,541.11,541.12,0.0,15.99,8678.06,1
2025-12-15,2025-12-15 13:44:00,541.12,541.13,541.12,541.13,0.0,15.99,8678.06,1
2025-12-15,2025-12-15 13:45:00,541.13,541.14,541.13,541.14,0.0,15.99,8678.06,1
2025-12-15,2025-12-15 13:46:00,541.14,541.16,541.14,541.16,0.0,15.99,8678.06,1
2025-12-15,2025-12-15 13:47:00,541.16,541.17,541.16,541.17,0.0,15.99,8678.06,1
2025-12-15,2025-12-15 13:48:00,541.17,541.18,541.17,541.18,0.0,15.99,8678.06,1
2025-12-15,2025-12-15 13:49:00,541.18,541.2,541.18,541.2,0.0,15.99,8678.06,1
2025-12-15,2025-12-15 13:50:00,541.2,541.21,541.2,541.21,0.0,15.99,8678.06,1
2025-12-15,2025-12-15 13:51:00,541.21,541.22,541.21,541.22,0.0,15.99,8678.06,1
2025-12-15,2025-12-15 13:52:00,541.22,541.23,541.22,541.23,0.0,15.99,8678.06,1
2025-12-15,2025-12-15 13:53:00,541.23,541.25,541.23,541.25,0.0,15.99,8678.06,1
2025-12-15,2025-12-15 13:54:00,541.25,541.26,541.25,541.26,0.0,15.99,8678.06,1
2025-12-15,2025-12-15 13:55:00,541.26,541.27,541.26,541.27,0.0,15.99,8678.06,1
2025-12-15,2025-12-15 13:56:00,541.27,541.29,541.27,541.29,0.0,15.99,8678.06,1
2025-12-15,2025-12-15 13:57:00,541.29,541.3,541.29,541.3,0.0,15.99,8678.06,1
2025-12-15,2025-12-15 13:58:00,541.3,541.31,541.3,541.31,0.0,15.99,8678.06,1
2025-12-15,2025-12-15 13:59:00,541.31,541.33,541.31,541.33,0.0,15.99,8678.06,1
2025-12-15,2025-12-15 14:00:00,541.33,541.34,541.33,541.34,0.0,15.99,8678.06,1
2025-12-15,2025-12-15 14:01:00,541.34,541.35,541.34,541.35,0.0,15.99,8678.06,1
2025-12-15,2025-12-15 14:02:00,541.35,541.36,541.35,541.36,0.0,15.99,8678.06,1
2025-12-15,2025-12-15 14:03:00,541.36,541.38,541.36,541.38,0.0,15.99,8678.06,1
2025-12-15,2025-12-15 14:04:00,541.38,541.39,541.38,541.39,0.0,15.99,8678.06,1
2025-12-15,2025-12-15 14:05:00,541.39,541.4,541.39,541.4,0.0,15.99,8678.06,1
2025-12-15,2025-12-15 14:06:00,541.4,541.42,541.4,541.42,0.0,15.99,8678.06,1
2025-12-15,2025-12-15 14:07:00,541.42,541.43,541.42,541.43,0.0,15.99,8678.06,1
2025-12-15,2025-12-15 14:08:00,541.43,541.44,541.43,541.44,0.0,15.99,8678.06,1
2025-12-15,2025-12-15 14:09:00,541.44,541.45,541.44,541.45,0.0,15.99,8678.06,1
2025-12-15,2025-12-15 14:10:00,541.45,541.47,541.45,541.47,0.0,15.99,8678.06,1
2025-12-15,2025-12-15 14:11:00,541.47,541.48,541.47,541.48,0.0,15.99,8678.06,1
2025-12-15,2025-12-15 14:12:00,541.48,541.49,541.48,541.49,0.0,15.99,8678.06,1
2025-12-15,2025-12-15 14:13:00,541.49,541.51,541.49,541.51,0.0,15.99,8678.06,1
2025-12-15,2025-12-15 14:14:00,541.51,541.52,541.51,541.52,0.0,15.99,8678.06,1
2025-12-15,2025-12-15 14:15:00,541.52,541.53,541.52,541.53,0.0,15.99,8678.06,1
2025-12-15,2025-12-15 14:16:00,541.53,541.54,541.53,541.54,0.0,15.99,8678.06,1
2025-12-15,2025-12-15 14:17:00,541.54,541.56,541.54,541.56,0.0,15.99,8678.06,1
2025-12-15,2025-12-15 14:18:00,541.56,541.57,541.56,541.57,0.0,15.99,8678.06,1
2025-12-15,2025-12-15 14:19:00,541.57,541.58,541.57,541.58,0.0,15.99,8678.06,1
2025-12-15,2025-12-15 14:20:00,541.58,541.6,541.58,541.6,0.0,15.99,8678.06,1
2025-12-15,2025-12-15 14:21:00,541.6,541.61,541.6,541.61,0.0,15.99,8678.06,1
2025-12-15,2025-12-15 14:22:00,541.61,541.62,541.61,541.62,0.0,15.99,8678.06,1
2025-12-15,2025-12-15 14:23:00,541.62,541.63,541.62,541.63,0.0,15.99,8678.06,1
2025-12-15,2025-12-15 14:24:00,541.63,541.65,541.63,541.65,0.0,15.99,8678.06,1
2025-12-15,2025-12-15 14:25:00,541.65,541.66,541.65,541.66,0.0,15.99,8678.06,1
2025-12-15,2025-12-15 14:26:00,541.66,541.67,541.66,541.67,0.0,15.99,8678.06,1
2025-12-15,2025-12-15 14:27:00,541.67,541.69,541.67,541.69,0.0,15.99,8678.06,1
2025-12-15,2025-12-15 14:28:00,541.69,541.7,541.69,541.7,0.0,15.99,8678.06,1
2025-12-15,2025-12-15 14:29:00,541.7,541.71,541.7,541.71,0.0,15.99,8678.06,1
2025-12-15,2025-12-15 14:30:00,541.71,541.73,541.71,541.73,0.0,15.99,8678.06,1
2025-12-15,2025-12-15 14:31:00,541.73,541.74,541.73,541.74,0.0,15.99,8678.06,1
2025-12-15,2025-12-15 14:32:00,541.74,541.75,541.74,541.75,0.0,15.99,8678.06,1
2025-12-15,2025-12-15 14:33:00,541.75,541.76,541.75,541.76,0.0,15.99,8678.06,1
2025-12-15,2025-12-15 14:34:00,541.76,541.78,541.76,541.78,0.0,15.99,8678.06,1
2025-12-15,2025-12-15 14:35:00,541.78,541.79,541.78,541.79,0.0,15.99,8678.06,1
2025-12-15,2025-12-15 14:36:00,541.79,541.8,541.79,541.8,0.0,15.99,8678.06,1
2025-12-15,2025-12-15 14:37:00,541.8,541.82,541.8,541.82,0.0,15.99,8678.06,1
2025-12-15,2025-12-15 14:38:00,541.82,541.83,541.82,541.83,0.0,15.99,8678.06,1
2025-12-15,2025-12-15 14:39:00,541.83,541.84,541.83,541.84,0.0,15.99,8678.06,1
2025-12-15,2025-12-15 14:40:00,541.84,541.85,541.84,541.85,0.0,15.99,8678.06,1
2025-12-15,2025-12-15 14:41:00,541.85,541.87,541.85,541.87,0.0,15.99,8678.06,1
2025-12-15,2025-12-15 14:42:00,541.87,541.88,541.87,541.88,0.0,15.99,8678.06,1
2025-12-15,2025-12-15 14:43:00,541.88,541.89,541.88,541.89,0.0,15.99,8678.06,1
2025-12-15,2025-12-15 14:44:00,541.89,541.91,541.89,541.91,0.0,15.99,8678.06,1
2025-12-15,2025-12-15 14:45:00,541.91,541.92,541.91,541.92,0.0,15.99,8678.06,1
2025-12-15,2025-12-15 14:46:00,541.92,541.93,541.92,541.93,0.0,15.99,8678.06,1
2025-12-15,2025-12-15 14:47:00,541.93,541.95,541.93,541.95,0.0,15.99,8678.06,1
2025-12-15,2025-12-15 14:48:00,541.95,541.96,541.95,541.96,0.0,15.99,8678.06,1
2025-12-15,2025-12-15 14:49:00,541.96,541.97,541.96,541.97,0.0,15.99,8678.06,1
2025-12-15,2025-12-15 14:50:00,541.97,541.98,541.97,541.98,0.0,15.99,8678.06,1
2025-12-15,2025-12-15 14:51:00,541.98,542.0,541.98,542.0,0.0,15.99,8678.06,1
2025-12-15,2025-12-15 14:52:00,542.0,542.01,542.0,542.01,0.0,15.99,8678.06,1
2025-12-15,2025-12-15 14:53:00,542.01,542.02,542.01,542.02,0.0,15.99,8678.06,1
2025-12-15,2025-12-15 14:54:00,542.02,542.04,542.02,542.04,0.0,15.99,8678.06,1
2025-12-15,2025-12-15 14:55:00,542.04,542.05,542.04,542.05,0.0,15.99,8678.06,1
2025-12-15,2025-12-15 14:56:00,542.05,542.06,542.05,542.06,0.0,15.99,8678.06,1
2025-12-15,2025-12-15 14:57:00,542.06,542.07,542.06,542.07,0.0,15.99,8678.06,1
2025-12-15,2025-12-15 14:58:00,542.07,542.09,542.07,542.09,0.0,15.99,8678.06,1
2025-12-15,2025-12-15 14:59:00,542.09,542.1,542.09,542.1,0.0,15.99,8678.06,1
2025-12-15,2025-12-15 15:00:00,542.1,549.0,539.0,542.1,0.0,15.99,8678.06,0
2025-12-16,2025-12-16 11:00:00,545.0,548.27,543.5,545.0,0.0,20.01,10955.39,0
2025-12-16,2025-12-16 11:01:00,545.0,545.0,544.99,544.99,-0.0,20.01,10955.39,-1
2025-12-16,2025-12-16 11:02:00,544.99,544.99,544.99,544.99,0.0,20.01,10955.39,0
2025-12-16,2025-12-16 11:03:00,544.99,544.99,544.98,544.98,-0.0,20.01,10955.39,-1
2025-12-16,2025-12-16 11:04:00,544.98,544.98,544.98,544.98,0.0,20.01,10955.39,0
2025-12-16,2025-12-16 11:05:00,544.98,544.98,544.98,544.98,0.0,20.01,10955.39,0
2025-12-16,2025-12-16 11:06:00,544.98,544.98,544.97,544.97,-0.0,20.01,10955.39,-1
2025-12-16,2025-12-16 11:07:00,544.97,544.97,544.97,544.97,0.0,20.01,10955.39,0
2025-12-16,2025-12-16 11:08:00,544.97,544.97,544.96,544.96,-0.0,20.01,10955.39,-1
2025-12-16,2025-12-16 11:09:00,544.96,544.96,544.96,544.96,0.0,20.01,10955.39,0
2025-12-16,2025-12-16 11:10:00,544.96,544.96,544.95,544.95,-0.0,20.01,10955.39,-1
2025-12-16,2025-12-16 11:11:00,544.95,544.95,544.95,544.95,0.0,20.01,10955.39,0
2025-12-16,2025-12-16 11:12:00,544.95,544.95,544.95,544.95,0.0,20.01,10955.39,0
2025-12-16,2025-12-16 11:13:00,544.95,544.95,544.94,544.94,-0.0,20.01,10955.39,-1
2025-12-16,2025-12-16 11:14:00,544.94,544.94,544.94,544.94,0.0,20.01,10955.39,0
2025-12-16,2025-12-16 11:15:00,544.94,544.94,544.93,544.93,-0.0,20.01,10955.39,-1
2025-12-16,2025-12-16 11:16:00,544.93,544.93,544.93,544.93,0.0,20.01,10955.39,0
2025-12-16,2025-12-16 11:17:00,544.93,544.93,544.92,544.92,-0.0,20.01,10955.39,-1
2025-12-16,2025-12-16 11:18:00,544.92,544.92,544.92,544.92,0.0,20.01,10955.39,0
2025-12-16,2025-12-16 11:19:00,544.92,544.92,544.92,544.92,0.0,20.01,10955.39,0
2025-12-16,2025-12-16 11:20:00,544.92,544.92,544.91,544.91,-0.0,20.01,10955.39,-1
2025-12-16,2025-12-16 11:21:00,544.91,544.91,544.91,544.91,0.0,20.01,10955.39,0
2025-12-16,2025-12-16 11:22:00,544.91,544.91,544.9,544.9,-0.0,20.01,10955.39,-1
2025-12-16,2025-12-16 11:23:00,544.9,544.9,544.9,544.9,0.0,20.01,10955.39,0
2025-12-16,2025-12-16 11:24:00,544.9,544.9,544.9,544.9,0.0,20.01,10955.39,0
2025-12-16,2025-12-16 11:25:00,544.9,544.9,544.89,544.89,-0.0,20.01,10955.39,-1
2025-12-16,2025-12-16 11:26:00,544.89,544.89,544.89,544.89,0.0,20.01,10955.39,0
2025-12-16,2025-12-16 11:27:00,544.89,544.89,544.88,544.88,-0.0,20.01,10955.39,-1
2025-12-16,2025-12-16 11:28:00,544.88,544.88,544.88,544.88,0.0,20.01,10955.39,0
2025-12-16,2025-12-16 11:29:00,544.88,544.88,544.88,544.88,0.0,20.01,10955.39,0
2025-12-16,2025-12-16 11:30:00,544.88,544.88,544.87,544.87,-0.0,20.01,10955.39,-1
2025-12-16,2025-12-16 11:31:00,544.87,544.87,544.87,544.87,0.0,20.01,10955.39,0
2025-12-16,2025-12-16 11:32:00,544.87,544.87,544.86,544.86,-0.0,20.01,10955.39,-1
2025-12-16,2025-12-16 11:33:00,544.86,544.86,544.86,544.86,0.0,20.01,10955.39,0
2025-12-16,2025-12-16 11:34:00,544.86,544.86,544.85,544.85,-0.0,20.01,10955.39,-1
2025-12-16,2025-12-16 11:35:00,544.85,544.85,544.85,544.85,0.0,20.01,10955.39,0
2025-12-16,2025-12-16 11:36:00,544.85,544.85,544.85,544.85,0.0,20.01,10955.39,0
2025-12-16,2025-12-16 11:37:00,544.85,544.85,544.84,544.84,-0.0,20.01,10955.39,-1
2025-12-16,2025-12-16 11:38:00,544.84,544.84,544.84,544.84,0.0,20.01,10955.39,0
2025-12-16,2025-12-16 11:39:00,544.84,544.84,544.83,544.83,-0.0,20.01,10955.39,-1
2025-12-16,2025-12-16 11:40:00,544.83,544.83,544.83,544.83,0.0,20.01,10955.39,0
2025-12-16,2025-12-16 11:41:00,544.83,544.83,544.83,544.83,0.0,20.01,10955.39,0
2025-12-16,2025-12-16 11:42:00,544.83,544.83,544.82,544.82,-0.0,20.01,10955.39,-1
2025-12-16,2025-12-16 11:43:00,544.82,544.82,544.82,544.82,0.0,20.01,10955.39,0
2025-12-16,2025-12-16 11:44:00,544.82,544.82,544.81,544.81,-0.0,20.01,10955.39,-1
2025-12-16,2025-12-16 11:45:00,544.81,544.81,544.81,544.81,0.0,20.01,10955.39,0
2025-12-16,2025-12-16 11:46:00,544.81,544.81,544.8,544.8,-0.0,20.01,10955.39,-1
2025-12-16,2025-12-16 11:47:00,544.8,544.8,544.8,544.8,0.0,20.01,10955.39,0
2025-12-16,2025-12-16 11:48:00,544.8,544.8,544.8,544.8,0.0,20.01,10955.39,0
2025-12-16,2025-12-16 11:49:00,544.8,544.8,544.79,544.79,-0.0,20.01,10955.39,-1
2025-12-16,2025-12-16 11:50:00,544.79,544.79,544.79,544.79,0.0,20.01,10955.39,0
2025-12-16,2025-12-16 11:51:00,544.79,544.79,544.78,544.78,-0.0,20.01,10955.39,-1
2025-12-16,2025-12-16 11:52:00,544.78,544.78,544.78,544.78,0.0,20.01,10955.39,0
2025-12-16,2025-12-16 11:53:00,544.78,544.78,544.77,544.77,-0.0,20.01,10955.39,-1
2025-12-16,2025-12-16 11:54:00,544.77,544.77,544.77,544.77,0.0,20.01,10955.39,0
2025-12-16,2025-12-16 11:55:00,544.77,544.77,544.77,544.77,0.0,20.01,10955.39,0
2025-12-16,2025-12-16 11:56:00,544.77,544.77,544.76,544.76,-0.0,20.01,10955.39,-1
2025-12-16,2025-12-16 11:57:00,544.76,544.76,544.76,544.76,0.0,20.01,10955.39,0
2025-12-16,2025-12-16 11:58:00,544.76,544.76,544.75,544.75,-0.0,20.01,10955.39,-1
2025-12-16,2025-12-16 11:59:00,544.75,544.75,544.75,544.75,0.0,20.01,10955.39,0
2025-12-16,2025-12-16 12:00:00,544.75,544.75,544.75,544.75,0.0,20.01,10955.39,0
2025-12-16,2025-12-16 12:01:00,544.75,544.75,544.74,544.74,-0.0,20.01,10955.39,-1
2025-12-16,2025-12-16 12:02:00,544.74,544.74,544.74,544.74,0.0,20.01,10955.39,0
2025-12-16,2025-12-16 12:03:00,544.74,544.74,544.73,544.73,-0.0,20.01,10955.39,-1
2025-12-16,2025-12-16 12:04:00,544.73,544.73,544.73,544.73,0.0,20.01,10955.39,0
2025-12-16,2025-12-16 12:05:00,544.73,544.73,544.73,544.73,0.0,20.01,10955.39,0
2025-12-16,2025-12-16 12:06:00,544.73,544.73,544.72,544.72,-0.0,20.01,10955.39,-1
2025-12-16,2025-12-16 12:07:00,544.72,544.72,544.72,544.72,0.0,20.01,10955.39,0
2025-12-16,2025-12-16 12:08:00,544.72,544.72,544.71,544.71,-0.0,20.01,10955.39,-1
2025-12-16,2025-12-16 12:09:00,544.71,544.71,544.71,544.71,0.0,20.01,10955.39,0
2025-12-16,2025-12-16 12:10:00,544.71,544.71,544.7,544.7,-0.0,20.01,10955.39,-1
2025-12-16,2025-12-16 12:11:00,544.7,544.7,544.7,544.7,0.0,20.01,10955.39,0
2025-12-16,2025-12-16 12:12:00,544.7,544.7,544.7,544.7,0.0,20.01,10955.39,0
2025-12-16,2025-12-16 12:13:00,544.7,544.7,544.69,544.69,-0.0,20.01,10955.39,-1
2025-12-16,2025-12-16 12:14:00,544.69,544.69,544.69,544.69,0.0,20.01,10955.39,0
2025-12-16,2025-12-16 12:15:00,544.69,544.69,544.68,544.68,-0.0,20.01,10955.39,-1
2025-12-16,2025-12-16 12:16:00,544.68,544.68,544.68,544.68,0.0,20.01,10955.39,0
2025-12-16,2025-12-16 12:17:00,544.68,544.68,544.67,544.67,-0.0,20.01,10955.39,-1
2025-12-16,2025-12-16 12:18:00,544.67,544.67,544.67,544.67,0.0,20.01,10955.39,0
2025-12-16,2025-12-16 12:19:00,544.67,544.67,544.67,544.67,0.0,20.01,10955.39,0
2025-12-16,2025-12-16 12:20:00,544.67,544.67,544.66,544.66,-0.0,20.01,10955.39,-1
2025-12-16,2025-12-16 12:21:00,544.66,544.66,544.66,544.66,0.0,20.01,10955.39,0
2025-12-16,2025-12-16 12:22:00,544.66,544.66,544.65,544.65,-0.0,20.01,10955.39,-1
2025-12-16,2025-12-16 12:23:00,544.65,544.65,544.65,544.65,0.0,20.01,10955.39,0
2025-12-16,2025-12-16 12:24:00,544.65,544.65,544.65,544.65,0.0,20.01,10955.39,0
2025-12-16,2025-12-16 12:25:00,544.65,544.65,544.64,544.64,-0.0,20.01,10955.39,-1
2025-12-16,2025-12-16 12:26:00,544.64,544.64,544.64,544.64,0.0,20.01,10955.39,0
2025-12-16,2025-12-16 12:27:00,544.64,544.64,544.63,544.63,-0.0,20.01,10955.39,-1
2025-12-16,2025-12-16 12:28:00,544.63,544.63,544.63,544.63,0.0,20.01,10955.39,0
2025-12-16,2025-12-16 12:29:00,544.63,544.63,544.62,544.62,-0.0,20.01,10955.39,-1
2025-12-16,2025-12-16 12:30:00,544.62,544.62,544.62,544.62,0.0,20.01,10955.39,0
2025-12-16,2025-12-16 12:31:00,544.62,544.62,544.62,544.62,0.0,20.01,10955.39,0
2025-12-16,2025-12-16 12:32:00,544.62,544.62,544.61,544.61,-0.0,20.01,10955.39,-1
2025-12-16,2025-12-16 12:33:00,544.61,544.61,544.61,544.61,0.0,20.01,10955.39,0
2025-12-16,2025-12-16 12:34:00,544.61,544.61,544.6,544.6,-0.0,20.01,10955.39,-1
2025-12-16,2025-12-16 12:35:00,544.6,544.6,544.6,544.6,0.0,20.01,10955.39,0
2025-12-16,2025-12-16 12:36:00,544.6,544.6,544.6,544.6,0.0,20.01,10955.39,0
2025-12-16,2025-12-16 12:37:00,544.6,544.6,544.59,544.59,-0.0,20.01,10955.39,-1
2025-12-16,2025-12-16 12:38:00,544.59,544.59,544.59,544.59,0.0,20.01,10955.39,0
2025-12-16,2025-12-16 12:39:00,544.59,544.59,544.58,544.58,-0.0,20.01,10955.39,-1
2025-12-16,2025-12-16 12:40:00,544.58,544.58,544.58,544.58,0.0,20.01,10955.39,0
2025-12-16,2025-12-16 12:41:00,544.58,544.58,544.58,544.58,0.0,20.01,10955.39,0
2025-12-16,2025-12-16 12:42:00,544.58,544.58,544.57,544.57,-0.0,20.01,10955.39,-1
2025-12-16,2025-12-16 12:43:00,544.57,544.57,544.57,544.57,0.0,20.01,10955.39,0
2025-12-16,2025-12-16 12:44:00,544.57,544.57,544.56,544.56,-0.0,20.01,10955.39,-1
2025-12-16,2025-12-16 12:45:00,544.56,544.56,544.56,544.56,0.0,20.01,10955.39,0
2025-12-16,2025-12-16 12:46:00,544.56,544.56,544.55,544.55,-0.0,20.01,10955.39,-1
2025-12-16,2025-12-16 12:47:00,544.55,544.55,544.55,544.55,0.0,20.01,10955.39,0
2025-12-16,2025-12-16 12:48:00,544.55,544.55,544.55,544.55,0.0,20.01,10955.39,0
2025-12-16,2025-12-16 12:49:00,544.55,544.55,544.54,544.54,-0.0,20.01,10955.39,-1
2025-12-16,2025-12-16 12:50:00,544.54,544.54,544.54,544.54,0.0,20.01,10955.39,0
2025-12-16,2025-12-16 12:51:00,544.54,544.54,544.53,544.53,-0.0,20.01,10955.39,-1
2025-12-16,2025-12-16 12:52:00,544.53,544.53,544.53,544.53,0.0,20.01,10955.39,0
2025-12-16,2025-12-16 12:53:00,544.53,544.53,544.52,544.52,-0.0,20.01,10955.39,-1
2025-12-16,2025-12-16 12:54:00,544.52,544.52,544.52,544.52,0.0,20.01,10955.39,0
2025-12-16,2025-12-16 12:55:00,544.52,544.52,544.52,544.52,0.0,20.01,10955.39,0
2025-12-16,2025-12-16 12:56:00,544.52,544.52,544.51,544.51,-0.0,20.01,10955.39,-1
2025-12-16,2025-12-16 12:57:00,544.51,544.51,544.51,544.51,0.0,20.01,10955.39,0
2025-12-16,2025-12-16 12:58:00,544.51,544.51,544.5,544.5,-0.0,20.01,10955.39,-1
2025-12-16,2025-12-16 12:59:00,544.5,544.5,544.5,544.5,0.0,20.01,10955.39,0
2025-12-16,2025-12-16 13:00:00,544.5,555.9,540.0,544.5,0.0,20.01,10955.39,0
2025-12-16,2025-12-16 13:01:00,544.5,544.5,544.49,544.49,-0.0,20.01,10955.39,-1
2025-12-16,2025-12-16 13:02:00,544.49,544.49,544.49,544.49,0.0,20.01,10955.39,0
2025-12-16,2025-12-16 13:03:00,544.49,544.49,544.48,544.48,-0.0,20.01,10955.39,-1
2025-12-16,2025-12-16 13:04:00,544.48,544.48,544.48,544.48,0.0,20.01,10955.39,0
2025-12-16,2025-12-16 13:05:00,544.48,544.48,544.48,544.48,0.0,20.01,10955.39,0
2025-12-16,2025-12-16 13:06:00,544.48,544.48,544.47,544.47,-0.0,20.01,10955.39,-1
2025-12-16,2025-12-16 13:07:00,544.47,544.47,544.47,544.47,0.0,20.01,10955.39,0
2025-12-16,2025-12-16 13:08:00,544.47,544.47,544.46,544.46,-0.0,20.01,10955.39,-1
2025-12-16,2025-12-16 13:09:00,544.46,544.46,544.46,544.46,0.0,20.01,10955.39,0
2025-12-16,2025-12-16 13:10:00,544.46,544.46,544.45,544.45,-0.0,20.01,10955.39,-1
2025-12-16,2025-12-16 13:11:00,544.45,544.45,544.45,544.45,0.0,20.01,10955.39,0
2025-12-16,2025-12-16 13:12:00,544.45,544.45,544.45,544.45,0.0,20.01,10955.39,0
2025-12-16,2025-12-16 13:13:00,544.45,544.45,544.44,544.44,-0.0,20.01,10955.39,-1
2025-12-16,2025-12-16 13:14:00,544.44,544.44,544.44,544.44,0.0,20.01,10955.39,0
2025-12-16,2025-12-16 13:15:00,544.44,544.44,544.43,544.43,-0.0,20.01,10955.39,-1
2025-12-16,2025-12-16 13:16:00,544.43,544.43,544.43,544.43,0.0,20.01,10955.39,0
2025-12-16,2025-12-16 13:17:00,544.43,544.43,544.42,544.42,-0.0,20.01,10955.39,-1
2025-12-16,2025-12-16 13:18:00,544.42,544.42,544.42,544.42,0.0,20.01,10955.39,0
2025-12-16,2025-12-16 13:19:00,544.42,544.42,544.42,544.42,0.0,20.01,10955.39,0
2025-12-16,2025-12-16 13:20:00,544.42,544.42,544.41,544.41,-0.0,20.01,10955.39,-1
2025-12-16,2025-12-16 13:21:00,544.41,544.41,544.41,544.41,0.0,20.01,10955.39,0
2025-12-16,2025-12-16 13:22:00,544.41,544.41,544.4,544.4,-0.0,20.01,10955.39,-1
2025-12-16,2025-12-16 13:23:00,544.4,544.4,544.4,544.4,0.0,20.01,10955.39,0
2025-12-16,2025-12-16 13:24:00,544.4,544.4,544.4,544.4,0.0,20.01,10955.39,0
2025-12-16,2025-12-16 13:25:00,544.4,544.4,544.39,544.39,-0.0,20.01,10955.39,-1
2025-12-16,2025-12-16 13:26:00,544.39,544.39,544.39,544.39,0.0,20.01,10955.39,0
2025-12-16,2025-12-16 13:27:00,544.39,544.39,544.38,544.38,-0.0,20.01,10955.39,-1
2025-12-16,2025-12-16 13:28:00,544.38,544.38,544.38,544.38,0.0,20.01,10955.39,0
2025-12-16,2025-12-16 13:29:00,544.38,544.38,544.38,544.38,0.0,20.01,10955.39,0
2025-12-16,2025-12-16 13:30:00,544.38,544.38,544.37,544.37,-0.0,20.01,10955.39,-1
2025-12-16,2025-12-16 13:31:00,544.37,544.37,544.37,544.37,0.0,20.01,10955.39,0
2025-12-16,2025-12-16 13:32:00,544.37,544.37,544.36,544.36,-0.0,20.01,10955.39,-1
2025-12-16,2025-12-16 13:33:00,544.36,544.36,544.36,544.36,0.0,20.01,10955.39,0
2025-12-16,2025-12-16 13:34:00,544.36,544.36,544.35,544.35,-0.0,20.01,10955.39,-1
2025-12-16,2025-12-16 13:35:00,544.35,544.35,544.35,544.35,0.0,20.01,10955.39,0
2025-12-16,2025-12-16 13:36:00,544.35,544.35,544.35,544.35,0.0,20.01,10955.39,0
2025-12-16,2025-12-16 13:37:00,544.35,544.35,544.34,544.34,-0.0,20.01,10955.39,-1
2025-12-16,2025-12-16 13:38:00,544.34,544.34,544.34,544.34,0.0,20.01,10955.39,0
2025-12-16,2025-12-16 13:39:00,544.34,544.34,544.33,544.33,-0.0,20.01,10955.39,-1
2025-12-16,2025-12-16 13:40:00,544.33,544.33,544.33,544.33,0.0,20.01,10955.39,0
2025-12-16,2025-12-16 13:41:00,544.33,544.33,544.33,544.33,0.0,20.01,10955.39,0
2025-12-16,2025-12-16 13:42:00,544.33,544.33,544.32,544.32,-0.0,20.01,10955.39,-1
2025-12-16,2025-12-16 13:43:00,544.32,544.32,544.32,544.32,0.0,20.01,10955.39,0
2025-12-16,2025-12-16 13:44:00,544.32,544.32,544.31,544.31,-0.0,20.01,10955.39,-1
2025-12-16,2025-12-16 13:45:00,544.31,544.31,544.31,544.31,0.0,20.01,10955.39,0
2025-12-16,2025-12-16 13:46:00,544.31,544.31,544.3,544.3,-0.0,20.01,10955.39,-1
2025-12-16,2025-12-16 13:47:00,544.3,544.3,544.3,544.3,0.0,20.01,10955.39,0
2025-12-16,2025-12-16 13:48:00,544.3,544.3,544.3,544.3,0.0,20.01,10955.39,0
2025-12-16,2025-12-16 13:49:00,544.3,544.3,544.29,544.29,-0.0,20.01,10955.39,-1
2025-12-16,2025-12-16 13:50:00,544.29,544.29,544.29,544.29,0.0,20.01,10955.39,0
2025-12-16,2025-12-16 13:51:00,544.29,544.29,544.28,544.28,-0.0,20.01,10955.39,-1
2025-12-16,2025-12-16 13:52:00,544.28,544.28,544.28,544.28,0.0,20.01,10955.39,0
2025-12-16,2025-12-16 13:53:00,544.28,544.28,544.27,544.27,-0.0,20.01,10955.39,-1
2025-12-16,2025-12-16 13:54:00,544.27,544.27,544.27,544.27,0.0,20.01,10955.39,0
2025-12-16,2025-12-16 13:55:00,544.27,544.27,544.27,544.27,0.0,20.01,10955.39,0
2025-12-16,2025-12-16 13:56:00,544.27,544.27,544.26,544.26,-0.0,20.01,10955.39,-1
2025-12-16,2025-12-16 13:57:00,544.26,544.26,544.26,544.26,0.0,20.01,10955.39,0
2025-12-16,2025-12-16 13:58:00,544.26,544.26,544.25,544.25,-0.0,20.01,10955.39,-1
2025-12-16,2025-12-16 13:59:00,544.25,544.25,544.25,544.25,0.0,20.01,10955.39,0
2025-12-16,2025-12-16 14:00:00,544.25,544.25,544.25,544.25,0.0,20.01,10955.39,0
2025-12-16,2025-12-16 14:01:00,544.25,544.25,544.24,544.24,-0.0,20.01,10955.39,-1
2025-12-16,2025-12-16 14:02:00,544.24,544.24,544.24,544.24,0.0,20.01,10955.39,0
2025-12-16,2025-12-16 14:03:00,544.24,544.24,544.23,544.23,-0.0,20.01,10955.39,-1
2025-12-16,2025-12-16 14:04:00,544.23,544.23,544.23,544.23,0.0,20.01,10955.39,0
2025-12-16,2025-12-16 14:05:00,544.23,544.23,544.23,544.23,0.0,20.01,10955.39,0
2025-12-16,2025-12-16 14:06:00,544.23,544.23,544.22,544.22,-0.0,20.01,10955.39,-1
2025-12-16,2025-12-16 14:07:00,544.22,544.22,544.22,544.22,0.0,20.01,10955.39,0
2025-12-16,2025-12-16 14:08:00,544.22,544.22,544.21,544.21,-0.0,20.01,10955.39,-1
2025-12-16,2025-12-16 14:09:00,544.21,544.21,544.21,544.21,0.0,20.01,10955.39,0
2025-12-16,2025-12-16 14:10:00,544.21,544.21,544.2,544.2,-0.0,20.01,10955.39,-1
2025-12-16,2025-12-16 14:11:00,544.2,544.2,544.2,544.2,0.0,20.01,10955.39,0
2025-12-16,2025-12-16 14:12:00,544.2,544.2,544.2,544.2,0.0,20.01,10955.39,0
2025-12-16,2025-12-16 14:13:00,544.2,544.2,544.19,544.19,-0.0,20.01,10955.39,-1
2025-12-16,2025-12-16 14:14:00,544.19,544.19,544.19,544.19,0.0,20.01,10955.39,0
2025-12-16,2025-12-16 14:15:00,544.19,544.19,544.18,544.18,-0.0,20.01,10955.39,-1
2025-12-16,2025-12-16 14:16:00,544.18,544.18,544.18,544.18,0.0,20.01,10955.39,0
2025-12-16,2025-12-16 14:17:00,544.18,544.18,544.17,544.17,-0.0,20.01,10955.39,-1
2025-12-16,2025-12-16 14:18:00,544.17,544.17,544.17,544.17,0.0,20.01,10955.39,0
2025-12-16,2025-12-16 14:19:00,544.17,544.17,544.17,544.17,0.0,20.01,10955.39,0
2025-12-16,2025-12-16 14:20:00,544.17,544.17,544.16,544.16,-0.0,20.01,10955.39,-1
2025-12-16,2025-12-16 14:21:00,544.16,544.16,544.16,544.16,0.0,20.01,10955.39,0
2025-12-16,2025-12-16 14:22:00,544.16,544.16,544.15,544.15,-0.0,20.01,10955.39,-1
2025-12-16,2025-12-16 14:23:00,544.15,544.15,544.15,544.15,0.0,20.01,10955.39,0
2025-12-16,2025-12-16 14:24:00,544.15,544.15,544.15,544.15,0.0,20.01,10955.39,0
2025-12-16,2025-12-16 14:25:00,544.15,544.15,544.14,544.14,-0.0,20.01,10955.39,-1
2025-12-16,2025-12-16 14:26:00,544.14,544.14,544.14,544.14,0.0,20.01,10955.39,0
2025-12-16,2025-12-16 14:27:00,544.14,544.14,544.13,544.13,-0.0,20.01,10955.39,-1
2025-12-16,2025-12-16 14:28:00,544.13,544.13,544.13,544.13,0.0,20.01,10955.39,0
2025-12-16,2025-12-16 14:29:00,544.13,544.13,544.12,544.12,-0.0,20.01,10955.39,-1
2025-12-16,2025-12-16 14:30:00,544.12,544.12,544.12,544.12,0.0,20.01,10955.39,0
2025-12-16,2025-12-16 14:31:00,544.12,544.12,544.12,544.12,0.0,20.01,10955.39,0
2025-12-16,2025-12-16 14:32:00,544.12,544.12,544.11,544.11,-0.0,20.01,10955.39,-1
2025-12-16,2025-12-16 14:33:00,544.11,544.11,544.11,544.11,0.0,20.01,10955.39,0
2025-12-16,2025-12-16 14:34:00,544.11,544.11,544.1,544.1,-0.0,20.01,10955.39,-1
2025-12-16,2025-12-16 14:35:00,544.1,544.1,544.1,544.1,0.0,20.01,10955.39,0
2025-12-16,2025-12-16 14:36:00,544.1,544.1,544.1,544.1,0.0,20.01,10955.39,0
2025-12-16,2025-12-16 14:37:00,544.1,544.1,544.09,544.09,-0.0,20.01,10955.39,-1
2025-12-16,2025-12-16 14:38:00,544.09,544.09,544.09,544.09,0.0,20.01,10955.39,0
2025-12-16,2025-12-16 14:39:00,544.09,544.09,544.08,544.08,-0.0,20.01,10955.39,-1
2025-12-16,2025-12-16 14:40:00,544.08,544.08,544.08,544.08,0.0,20.01,10955.39,0
2025-12-16,2025-12-16 14:41:00,544.08,544.08,544.08,544.08,0.0,20.01,10955.39,0
2025-12-16,2025-12-16 14:42:00,544.08,544.08,544.07,544.07,-0.0,20.01,10955.39,-1
2025-12-16,2025-12-16 14:43:00,544.07,544.07,544.07,544.07,0.0,20.01,10955.39,0
2025-12-16,2025-12-16 14:44:00,544.07,544.07,544.06,544.06,-0.0,20.01,10955.39,-1
2025-12-16,2025-12-16 14:45:00,544.06,544.06,544.06,544.06,0.0,20.01,10955.39,0
2025-12-16,2025-12-16 14:46:00,544.06,544.06,544.05,544.05,-0.0,20.01,10955.39,-1
2025-12-16,2025-12-16 14:47:00,544.05,544.05,544.05,544.05,0.0,20.01,10955.39,0
2025-12-16,2025-12-16 14:48:00,544.05,544.05,544.05,544.05,0.0,20.01,10955.39,0
2025-12-16,2025-12-16 14:49:00,544.05,544.05,544.04,544.04,-0.0,20.01,10955.39,-1
2025-12-16,2025-12-16 14:50:00,544.04,544.04,544.04,544.04,0.0,20.01,10955.39,0
2025-12-16,2025-12-16 14:51:00,544.04,544.04,544.03,544.03,-0.0,20.01,10955.39,-1
2025-12-16,2025-12-16 14:52:00,544.03,544.03,544.03,544.03,0.0,20.01,10955.39,0
2025-12-16,2025-12-16 14:53:00,544.03,544.03,544.02,544.02,-0.0,20.01,10955.39,-1
2025-12-16,2025-12-16 14:54:00,544.02,544.02,544.02,544.02,0.0,20.01,10955.39,0
2025-12-16,2025-12-16 14:55:00,544.02,544.02,544.02,544.02,0.0,20.01,10955.39,0
2025-12-16,2025-12-16 14:56:00,544.02,544.02,544.01,544.01,-0.0,20.01,10955.39,-1
2025-12-16,2025-12-16 14:57:00,544.01,544.01,544.01,544.01,0.0,20.01,10955.39,0
2025-12-16,2025-12-16 14:58:00,544.01,544.01,544.0,544.0,-0.0,20.01,10955.39,-1
2025-12-16,2025-12-16 14:59:00,544.0,544.0,544.0,544.0,0.0,20.01,10955.39,0
2025-12-16,2025-12-16 15:00:00,544.0,555.9,540.0,544.0,0.0,20.01,10955.39,0
2025-12-17,2025-12-17 11:00:00,548.0,548.9,545.9,547.98,-0.0,42.74,23280.7,-1
2025-12-17,2025-12-17 11:01:00,547.98,547.98,547.97,547.97,-0.0,42.74,23280.7,-1
2025-12-17,2025-12-17 11:02:00,547.97,547.97,547.95,547.95,-0.0,42.74,23280.7,-1
2025-12-17,2025-12-17 11:03:00,547.95,547.95,547.93,547.93,-0.0,42.74,23280.7,-1
2025-12-17,2025-12-17 11:04:00,547.93,547.93,547.92,547.92,-0.0,42.74,23280.7,-1
2025-12-17,2025-12-17 11:05:00,547.92,547.92,547.9,547.9,-0.0,42.74,23280.7,-1
2025-12-17,2025-12-17 11:06:00,547.9,547.9,547.88,547.88,-0.0,42.74,23280.7,-1
2025-12-17,2025-12-17 11:07:00,547.88,547.88,547.87,547.87,-0.0,42.74,23280.7,-1
2025-12-17,2025-12-17 11:08:00,547.87,547.87,547.85,547.85,-0.0,42.74,23280.7,-1
2025-12-17,2025-12-17 11:09:00,547.85,547.85,547.83,547.83,-0.0,42.74,23280.7,-1
2025-12-17,2025-12-17 11:10:00,547.83,547.83,547.82,547.82,-0.0,42.74,23280.7,-1
2025-12-17,2025-12-17 11:11:00,547.82,547.82,547.8,547.8,-0.0,42.74,23280.7,-1
2025-12-17,2025-12-17 11:12:00,547.8,547.8,547.78,547.78,-0.0,42.74,23280.7,-1
2025-12-17,2025-12-17 11:13:00,547.78,547.78,547.77,547.77,-0.0,42.74,23280.7,-1
2025-12-17,2025-12-17 11:14:00,547.77,547.77,547.75,547.75,-0.0,42.74,23280.7,-1
2025-12-17,2025-12-17 11:15:00,547.75,547.75,547.73,547.73,-0.0,42.74,23280.7,-1
2025-12-17,2025-12-17 11:16:00,547.73,547.73,547.72,547.72,-0.0,42.74,23280.7,-1
2025-12-17,2025-12-17 11:17:00,547.72,547.72,547.7,547.7,-0.0,42.74,23280.7,-1
2025-12-17,2025-12-17 11:18:00,547.7,547.7,547.68,547.68,-0.0,42.74,23280.7,-1
2025-12-17,2025-12-17 11:19:00,547.68,547.68,547.67,547.67,-0.0,42.74,23280.7,-1
2025-12-17,2025-12-17 11:20:00,547.67,547.67,547.65,547.65,-0.0,42.74,23280.7,-1
2025-12-17,2025-12-17 11:21:00,547.65,547.65,547.63,547.63,-0.0,42.74,23280.7,-1
2025-12-17,2025-12-17 11:22:00,547.63,547.63,547.62,547.62,-0.0,42.74,23280.7,-1
2025-12-17,2025-12-17 11:23:00,547.62,547.62,547.6,547.6,-0.0,42.74,23280.7,-1
2025-12-17,2025-12-17 11:24:00,547.6,547.6,547.58,547.58,-0.0,42.74,23280.7,-1
2025-12-17,2025-12-17 11:25:00,547.58,547.58,547.57,547.57,-0.0,42.74,23280.7,-1
2025-12-17,2025-12-17 11:26:00,547.57,547.57,547.55,547.55,-0.0,42.74,23280.7,-1
2025-12-17,2025-12-17 11:27:00,547.55,547.55,547.53,547.53,-0.0,42.74,23280.7,-1
2025-12-17,2025-12-17 11:28:00,547.53,547.53,547.52,547.52,-0.0,42.74,23280.7,-1
2025-12-17,2025-12-17 11:29:00,547.52,547.52,547.5,547.5,-0.0,42.74,23280.7,-1
2025-12-17,2025-12-17 11:30:00,547.5,547.5,547.48,547.48,-0.0,42.74,23280.7,-1
2025-12-17,2025-12-17 11:31:00,547.48,547.48,547.47,547.47,-0.0,42.74,23280.7,-1
2025-12-17,2025-12-17 11:32:00,547.47,547.47,547.45,547.45,-0.0,42.74,23280.7,-1
2025-12-17,2025-12-17 11:33:00,547.45,547.45,547.43,547.43,-0.0,42.74,23280.7,-1
2025-12-17,2025-12-17 11:34:00,547.43,547.43,547.42,547.42,-0.0,42.74,23280.7,-1
2025-12-17,2025-12-17 11:35:00,547.42,547.42,547.4,547.4,-0.0,42.74,23280.7,-1
2025-12-17,2025-12-17 11:36:00,547.4,547.4,547.38,547.38,-0.0,42.74,23280.7,-1
2025-12-17,2025-12-17 11:37:00,547.38,547.38,547.37,547.37,-0.0,42.74,23280.7,-1
2025-12-17,2025-12-17 11:38:00,547.37,547.37,547.35,547.35,-0.0,42.74,23280.7,-1
2025-12-17,2025-12-17 11:39:00,547.35,547.35,547.33,547.33,-0.0,42.74,23280.7,-1
2025-12-17,2025-12-17 11:40:00,547.33,547.33,547.32,547.32,-0.0,42.74,23280.7,-1
2025-12-17,2025-12-17 11:41:00,547.32,547.32,547.3,547.3,-0.0,42.74,23280.7,-1
2025-12-17,2025-12-17 11:42:00,547.3,547.3,547.28,547.28,-0.0,42.74,23280.7,-1
2025-12-17,2025-12-17 11:43:00,547.28,547.28,547.27,547.27,-0.0,42.74,23280.7,-1
2025-12-17,2025-12-17 11:44:00,547.27,547.27,547.25,547.25,-0.0,42.74,23280.7,-1
2025-12-17,2025-12-17 11:45:00,547.25,547.25,547.23,547.23,-0.0,42.74,23280.7,-1
2025-12-17,2025-12-17 11:46:00,547.23,547.23,547.22,547.22,-0.0,42.74,23280.7,-1
2025-12-17,2025-12-17 11:47:00,547.22,547.22,547.2,547.2,-0.0,42.74,23280.7,-1
2025-12-17,2025-12-17 11:48:00,547.2,547.2,547.18,547.18,-0.0,42.74,23280.7,-1
2025-12-17,2025-12-17 11:49:00,547.18,547.18,547.17,547.17,-0.0,42.74,23280.7,-1
2025-12-17,2025-12-17 11:50:00,547.17,547.17,547.15,547.15,-0.0,42.74,23280.7,-1
2025-12-17,2025-12-17 11:51:00,547.15,547.15,547.13,547.13,-0.0,42.74,23280.7,-1
2025-12-17,2025-12-17 11:52:00,547.13,547.13,547.12,547.12,-0.0,42.74,23280.7,-1
2025-12-17,2025-12-17 11:53:00,547.12,547.12,547.1,547.1,-0.0,42.74,23280.7,-1
2025-12-17,2025-12-17 11:54:00,547.1,547.1,547.08,547.08,-0.0,42.74,23280.7,-1
2025-12-17,2025-12-17 11:55:00,547.08,547.08,547.07,547.07,-0.0,42.74,23280.7,-1
2025-12-17,2025-12-17 11:56:00,547.07,547.07,547.05,547.05,-0.0,42.74,23280.7,-1
2025-12-17,2025-12-17 11:57:00,547.05,547.05,547.03,547.03,-0.0,42.74,23280.7,-1
2025-12-17,2025-12-17 11:58:00,547.03,547.03,547.02,547.02,-0.0,42.74,23280.7,-1
2025-12-17,2025-12-17 11:59:00,547.02,547.02,547.0,547.0,-0.0,42.74,23280.7,-1
2025-12-17,2025-12-17 12:00:00,547.0,547.0,546.98,546.98,-0.0,42.74,23280.7,-1
2025-12-17,2025-12-17 12:01:00,546.98,546.98,546.97,546.97,-0.0,42.74,23280.7,-1
2025-12-17,2025-12-17 12:02:00,546.97,546.97,546.95,546.95,-0.0,42.74,23280.7,-1
2025-12-17,2025-12-17 12:03:00,546.95,546.95,546.93,546.93,-0.0,42.74,23280.7,-1
2025-12-17,2025-12-17 12:04:00,546.93,546.93,546.92,546.92,-0.0,42.74,23280.7,-1
2025-12-17,2025-12-17 12:05:00,546.92,546.92,546.9,546.9,-0.0,42.74,23280.7,-1
2025-12-17,2025-12-17 12:06:00,546.9,546.9,546.88,546.88,-0.0,42.74,23280.7,-1
2025-12-17,2025-12-17 12:07:00,546.88,546.88,546.87,546.87,-0.0,42.74,23280.7,-1
2025-12-17,2025-12-17 12:08:00,546.87,546.87,546.85,546.85,-0.0,42.74,23280.7,-1
2025-12-17,2025-12-17 12:09:00,546.85,546.85,546.83,546.83,-0.0,42.74,23280.7,-1
2025-12-17,2025-12-17 12:10:00,546.83,546.83,546.82,546.82,-0.0,42.74,23280.7,-1
2025-12-17,2025-12-17 12:11:00,546.82,546.82,546.8,546.8,-0.0,42.74,23280.7,-1
2025-12-17,2025-12-17 12:12:00,546.8,546.8,546.78,546.78,-0.0,42.74,23280.7,-1
2025-12-17,2025-12-17 12:13:00,546.78,546.78,546.77,546.77,-0.0,42.74,23280.7,-1
2025-12-17,2025-12-17 12:14:00,546.77,546.77,546.75,546.75,-0.0,42.74,23280.7,-1
2025-12-17,2025-12-17 12:15:00,546.75,546.75,546.73,546.73,-0.0,42.74,23280.7,-1
2025-12-17,2025-12-17 12:16:00,546.73,546.73,546.72,546.72,-0.0,42.74,23280.7,-1
2025-12-17,2025-12-17 12:17:00,546.72,546.72,546.7,546.7,-0.0,42.74,23280.7,-1
2025-12-17,2025-12-17 12:18:00,546.7,546.7,546.68,546.68,-0.0,42.74,23280.7,-1
2025-12-17,2025-12-17 12:19:00,546.68,546.68,546.67,546.67,-0.0,42.74,23280.7,-1
2025-12-17,2025-12-17 12:20:00,546.67,546.67,546.65,546.65,-0.0,42.74,23280.7,-1
2025-12-17,2025-12-17 12:21:00,546.65,546.65,546.63,546.63,-0.0,42.74,23280.7,-1
2025-12-17,2025-12-17 12:22:00,546.63,546.63,546.62,546.62,-0.0,42.74,23280.7,-1
2025-12-17,2025-12-17 12:23:00,546.62,546.62,546.6,546.6,-0.0,42.74,23280.7,-1
2025-12-17,2025-12-17 12:24:00,546.6,546.6,546.58,546.58,-0.0,42.74,23280.7,-1
2025-12-17,2025-12-17 12:25:00,546.58,546.58,546.57,546.57,-0.0,42.74,23280.7,-1
2025-12-17,2025-12-17 12:26:00,546.57,546.57,546.55,546.55,-0.0,42.74,23280.7,-1
2025-12-17,2025-12-17 12:27:00,546.55,546.55,546.53,546.53,-0.0,42.74,23280.7,-1
2025-12-17,2025-12-17 12:28:00,546.53,546.53,546.52,546.52,-0.0,42.74,23280.7,-1
2025-12-17,2025-12-17 12:29:00,546.52,546.52,546.5,546.5,-0.0,42.74,23280.7,-1
2025-12-17,2025-12-17 12:30:00,546.5,546.5,546.48,546.48,-0.0,42.74,23280.7,-1
2025-12-17,2025-12-17 12:31:00,546.48,546.48,546.47,546.47,-0.0,42.74,23280.7,-1
2025-12-17,2025-12-17 12:32:00,546.47,546.47,546.45,546.45,-0.0,42.74,23280.7,-1
2025-12-17,2025-12-17 12:33:00,546.45,546.45,546.43,546.43,-0.0,42.74,23280.7,-1
2025-12-17,2025-12-17 12:34:00,546.43,546.43,546.42,546.42,-0.0,42.74,23280.7,-1
2025-12-17,2025-12-17 12:35:00,546.42,546.42,546.4,546.4,-0.0,42.74,23280.7,-1
2025-12-17,2025-12-17 12:36:00,546.4,546.4,546.38,546.38,-0.0,42.74,23280.7,-1
2025-12-17,2025-12-17 12:37:00,546.38,546.38,546.37,546.37,-0.0,42.74,23280.7,-1
2025-12-17,2025-12-17 12:38:00,546.37,546.37,546.35,546.35,-0.0,42.74,23280.7,-1
2025-12-17,2025-12-17 12:39:00,546.35,546.35,546.33,546.33,-0.0,42.74,23280.7,-1
2025-12-17,2025-12-17 12:40:00,546.33,546.33,546.32,546.32,-0.0,42.74,23280.7,-1
2025-12-17,2025-12-17 12:41:00,546.32,546.32,546.3,546.3,-0.0,42.74,23280.7,-1
2025-12-17,2025-12-17 12:42:00,546.3,546.3,546.28,546.28,-0.0,42.74,23280.7,-1
2025-12-17,2025-12-17 12:43:00,546.28,546.28,546.27,546.27,-0.0,42.74,23280.7,-1
2025-12-17,2025-12-17 12:44:00,546.27,546.27,546.25,546.25,-0.0,42.74,23280.7,-1
2025-12-17,2025-12-17 12:45:00,546.25,546.25,546.23,546.23,-0.0,42.74,23280.7,-1
2025-12-17,2025-12-17 12:46:00,546.23,546.23,546.22,546.22,-0.0,42.74,23280.7,-1
2025-12-17,2025-12-17 12:47:00,546.22,546.22,546.2,546.2,-0.0,42.74,23280.7,-1
2025-12-17,2025-12-17 12:48:00,546.2,546.2,546.18,546.18,-0.0,42.74,23280.7,-1
2025-12-17,2025-12-17 12:49:00,546.18,546.18,546.17,546.17,-0.0,42.74,23280.7,-1
2025-12-17,2025-12-17 12:50:00,546.17,546.17,546.15,546.15,-0.0,42.74,23280.7,-1
2025-12-17,2025-12-17 12:51:00,546.15,546.15,546.13,546.13,-0.0,42.74,23280.7,-1
2025-12-17,2025-12-17 12:52:00,546.13,546.13,546.12,546.12,-0.0,42.74,23280.7,-1
2025-12-17,2025-12-17 12:53:00,546.12,546.12,546.1,546.1,-0.0,42.74,23280.7,-1
2025-12-17,2025-12-17 12:54:00,546.1,546.1,546.08,546.08,-0.0,42.74,23280.7,-1
2025-12-17,2025-12-17 12:55:00,546.08,546.08,546.07,546.07,-0.0,42.74,23280.7,-1
2025-12-17,2025-12-17 12:56:00,546.07,546.07,546.05,546.05,-0.0,42.74,23280.7,-1
2025-12-17,2025-12-17 12:57:00,546.05,546.05,546.03,546.03,-0.0,42.74,23280.7,-1
2025-12-17,2025-12-17 12:58:00,546.03,546.03,546.02,546.02,-0.0,42.74,23280.7,-1
2025-12-17,2025-12-17 12:59:00,546.02,546.02,546.0,546.0,-0.0,42.74,23280.7,-1
2025-12-17,2025-12-17 13:00:00,546.0,551.0,541.0,545.98,-0.0,42.74,23280.7,-1
2025-12-17,2025-12-17 13:01:00,545.98,545.98,545.97,545.97,-0.0,42.74,23280.7,-1
2025-12-17,2025-12-17 13:02:00,545.97,545.97,545.95,545.95,-0.0,42.74,23280.7,-1
2025-12-17,2025-12-17 13:03:00,545.95,545.95,545.93,545.93,-0.0,42.74,23280.7,-1
2025-12-17,2025-12-17 13:04:00,545.93,545.93,545.92,545.92,-0.0,42.74,23280.7,-1
2025-12-17,2025-12-17 13:05:00,545.92,545.92,545.9,545.9,-0.0,42.74,23280.7,-1
2025-12-17,2025-12-17 13:06:00,545.9,545.9,545.88,545.88,-0.0,42.74,23280.7,-1
2025-12-17,2025-12-17 13:07:00,545.88,545.88,545.87,545.87,-0.0,42.74,23280.7,-1
2025-12-17,2025-12-17 13:08:00,545.87,545.87,545.85,545.85,-0.0,42.74,23280.7,-1
2025-12-17,2025-12-17 13:09:00,545.85,545.85,545.83,545.83,-0.0,42.74,23280.7,-1
2025-12-17,2025-12-17 13:10:00,545.83,545.83,545.82,545.82,-0.0,42.74,23280.7,-1
2025-12-17,2025-12-17 13:11:00,545.82,545.82,545.8,545.8,-0.0,42.74,23280.7,-1
2025-12-17,2025-12-17 13:12:00,545.8,545.8,545.78,545.78,-0.0,42.74,23280.7,-1
2025-12-17,2025-12-17 13:13:00,545.78,545.78,545.77,545.77,-0.0,42.74,23280.7,-1
2025-12-17,2025-12-17 13:14:00,545.77,545.77,545.75,545.75,-0.0,42.74,23280.7,-1
2025-12-17,2025-12-17 13:15:00,545.75,545.75,545.73,545.73,-0.0,42.74,23280.7,-1
2025-12-17,2025-12-17 13:16:00,545.73,545.73,545.72,545.72,-0.0,42.74,23280.7,-1
2025-12-17,2025-12-17 13:17:00,545.72,545.72,545.7,545.7,-0.0,42.74,23280.7,-1
2025-12-17,2025-12-17 13:18:00,545.7,545.7,545.68,545.68,-0.0,42.74,23280.7,-1
2025-12-17,2025-12-17 13:19:00,545.68,545.68,545.67,545.67,-0.0,42.74,23280.7,-1
2025-12-17,2025-12-17 13:20:00,545.67,545.67,545.65,545.65,-0.0,42.74,23280.7,-1
2025-12-17,2025-12-17 13:21:00,545.65,545.65,545.63,545.63,-0.0,42.74,23280.7,-1
2025-12-17,2025-12-17 13:22:00,545.63,545.63,545.62,545.62,-0.0,42.74,23280.7,-1
2025-12-17,2025-12-17 13:23:00,545.62,545.62,545.6,545.6,-0.0,42.74,23280.7,-1
2025-12-17,2025-12-17 13:24:00,545.6,545.6,545.58,545.58,-0.0,42.74,23280.7,-1
2025-12-17,2025-12-17 13:25:00,545.58,545.58,545.57,545.57,-0.0,42.74,23280.7,-1
2025-12-17,2025-12-17 13:26:00,545.57,545.57,545.55,545.55,-0.0,42.74,23280.7,-1
2025-12-17,2025-12-17 13:27:00,545.55,545.55,545.53,545.53,-0.0,42.74,23280.7,-1
2025-12-17,2025-12-17 13:28:00,545.53,545.53,545.52,545.52,-0.0,42.74,23280.7,-1
2025-12-17,2025-12-17 13:29:00,545.52,545.52,545.5,545.5,-0.0,42.74,23280.7,-1
2025-12-17,2025-12-17 13:30:00,545.5,545.5,545.48,545.48,-0.0,42.74,23280.7,-1
2025-12-17,2025-12-17 13:31:00,545.48,545.48,545.47,545.47,-0.0,42.74,23280.7,-1
2025-12-17,2025-12-17 13:32:00,545.47,545.47,545.45,545.45,-0.0,42.74,23280.7,-1
2025-12-17,2025-12-17 13:33:00,545.45,545.45,545.43,545.43,-0.0,42.74,23280.7,-1
2025-12-17,2025-12-17 13:34:00,545.43,545.43,545.42,545.42,-0.0,42.74,23280.7,-1
2025-12-17,2025-12-17 13:35:00,545.42,545.42,545.4,545.4,-0.0,42.74,23280.7,-1
2025-12-17,2025-12-17 13:36:00,545.4,545.4,545.38,545.38,-0.0,42.74,23280.7,-1
2025-12-17,2025-12-17 13:37:00,545.38,545.38,545.37,545.37,-0.0,42.74,23280.7,-1
2025-12-17,2025-12-17 13:38:00,545.37,545.37,545.35,545.35,-0.0,42.74,23280.7,-1
2025-12-17,2025-12-17 13:39:00,545.35,545.35,545.33,545.33,-0.0,42.74,23280.7,-1
2025-12-17,2025-12-17 13:40:00,545.33,545.33,545.32,545.32,-0.0,42.74,23280.7,-1
2025-12-17,2025-12-17 13:41:00,545.32,545.32,545.3,545.3,-0.0,42.74,23280.7,-1
2025-12-17,2025-12-17 13:42:00,545.3,545.3,545.28,545.28,-0.0,42.74,23280.7,-1
2025-12-17,2025-12-17 13:43:00,545.28,545.28,545.27,545.27,-0.0,42.74,23280.7,-1
2025-12-17,2025-12-17 13:44:00,545.27,545.27,545.25,545.25,-0.0,42.74,23280.7,-1
2025-12-17,2025-12-17 13:45:00,545.25,545.25,545.23,545.23,-0.0,42.74,23280.7,-1
2025-12-17,2025-12-17 13:46:00,545.23,545.23,545.22,545.22,-0.0,42.74,23280.7,-1
2025-12-17,2025-12-17 13:47:00,545.22,545.22,545.2,545.2,-0.0,42.74,23280.7,-1
2025-12-17,2025-12-17 13:48:00,545.2,545.2,545.18,545.18,-0.0,42.74,23280.7,-1
2025-12-17,2025-12-17 13:49:00,545.18,545.18,545.17,545.17,-0.0,42.74,23280.7,-1
2025-12-17,2025-12-17 13:50:00,545.17,545.17,545.15,545.15,-0.0,42.74,23280.7,-1
2025-12-17,2025-12-17 13:51:00,545.15,545.15,545.13,545.13,-0.0,42.74,23280.7,-1
2025-12-17,2025-12-17 13:52:00,545.13,545.13,545.12,545.12,-0.0,42.74,23280.7,-1
2025-12-17,2025-12-17 13:53:00,545.12,545.12,545.1,545.1,-0.0,42.74,23280.7,-1
2025-12-17,2025-12-17 13:54:00,545.1,545.1,545.08,545.08,-0.0,42.74,23280.7,-1
2025-12-17,2025-12-17 13:55:00,545.08,545.08,545.07,545.07,-0.0,42.74,23280.7,-1
2025-12-17,2025-12-17 13:56:00,545.07,545.07,545.05,545.05,-0.0,42.74,23280.7,-1
2025-12-17,2025-12-17 13:57:00,545.05,545.05,545.03,545.03,-0.0,42.74,23280.7,-1
2025-12-17,2025-12-17 13:58:00,545.03,545.03,545.02,545.02,-0.0,42.74,23280.7,-1
2025-12-17,2025-12-17 13:59:00,545.02,545.02,545.0,545.0,-0.0,42.74,23280.7,-1
2025-12-17,2025-12-17 14:00:00,545.0,545.0,544.98,544.98,-0.0,42.74,23280.7,-1
2025-12-17,2025-12-17 14:01:00,544.98,544.98,544.97,544.97,-0.0,42.74,23280.7,-1
2025-12-17,2025-12-17 14:02:00,544.97,544.97,544.95,544.95,-0.0,42.74,23280.7,-1
2025-12-17,2025-12-17 14:03:00,544.95,544.95,544.93,544.93,-0.0,42.74,23280.7,-1
2025-12-17,2025-12-17 14:04:00,544.93,544.93,544.92,544.92,-0.0,42.74,23280.7,-1
2025-12-17,2025-12-17 14:05:00,544.92,544.92,544.9,544.9,-0.0,42.74,23280.7,-1
2025-12-17,2025-12-17 14:06:00,544.9,544.9,544.88,544.88,-0.0,42.74,23280.7,-1
2025-12-17,2025-12-17 14:07:00,544.88,544.88,544.87,544.87,-0.0,42.74,23280.7,-1
2025-12-17,2025-12-17 14:08:00,544.87,544.87,544.85,544.85,-0.0,42.74,23280.7,-1
2025-12-17,2025-12-17 14:09:00,544.85,544.85,544.83,544.83,-0.0,42.74,23280.7,-1
2025-12-17,2025-12-17 14:10:00,544.83,544.83,544.82,544.82,-0.0,42.74,23280.7,-1
2025-12-17,2025-12-17 14:11:00,544.82,544.82,544.8,544.8,-0.0,42.74,23280.7,-1
2025-12-17,2025-12-17 14:12:00,544.8,544.8,544.78,544.78,-0.0,42.74,23280.7,-1
2025-12-17,2025-12-17 14:13:00,544.78,544.78,544.77,544.77,-0.0,42.74,23280.7,-1
2025-12-17,2025-12-17 14:14:00,544.77,544.77,544.75,544.75,-0.0,42.74,23280.7,-1
2025-12-17,2025-12-17 14:15:00,544.75,544.75,544.73,544.73,-0.0,42.74,23280.7,-1
2025-12-17,2025-12-17 14:16:00,544.73,544.73,544.72,544.72,-0.0,42.74,23280.7,-1
2025-12-17,2025-12-17 14:17:00,544.72,544.72,544.7,544.7,-0.0,42.74,23280.7,-1
2025-12-17,2025-12-17 14:18:00,544.7,544.7,544.68,544.68,-0.0,42.74,23280.7,-1
2025-12-17,2025-12-17 14:19:00,544.68,544.68,544.67,544.67,-0.0,42.74,23280.7,-1
2025-12-17,2025-12-17 14:20:00,544.67,544.67,544.65,544.65,-0.0,42.74,23280.7,-1
2025-12-17,2025-12-17 14:21:00,544.65,544.65,544.63,544.63,-0.0,42.74,23280.7,-1
2025-12-17,2025-12-17 14:22:00,544.63,544.63,544.62,544.62,-0.0,42.74,23280.7,-1
2025-12-17,2025-12-17 14:23:00,544.62,544.62,544.6,544.6,-0.0,42.74,23280.7,-1
2025-12-17,2025-12-17 14:24:00,544.6,544.6,544.58,544.58,-0.0,42.74,23280.7,-1
2025-12-17,2025-12-17 14:25:00,544.58,544.58,544.57,544.57,-0.0,42.74,23280.7,-1
2025-12-17,2025-12-17 14:26:00,544.57,544.57,544.55,544.55,-0.0,42.74,23280.7,-1
2025-12-17,2025-12-17 14:27:00,544.55,544.55,544.53,544.53,-0.0,42.74,23280.7,-1
2025-12-17,2025-12-17 14:28:00,544.53,544.53,544.52,544.52,-0.0,42.74,23280.7,-1
2025-12-17,2025-12-17 14:29:00,544.52,544.52,544.5,544.5,-0.0,42.74,23280.7,-1
2025-12-17,2025-12-17 14:30:00,544.5,544.5,544.48,544.48,-0.0,42.74,23280.7,-1
2025-12-17,2025-12-17 14:31:00,544.48,544.48,544.47,544.47,-0.0,42.74,23280.7,-1
2025-12-17,2025-12-17 14:32:00,544.47,544.47,544.45,544.45,-0.0,42.74,23280.7,-1
2025-12-17,2025-12-17 14:33:00,544.45,544.45,544.43,544.43,-0.0,42.74,23280.7,-1
2025-12-17,2025-12-17 14:34:00,544.43,544.43,544.42,544.42,-0.0,42.74,23280.7,-1
2025-12-17,2025-12-17 14:35:00,544.42,544.42,544.4,544.4,-0.0,42.74,23280.7,-1
2025-12-17,2025-12-17 14:36:00,544.4,544.4,544.38,544.38,-0.0,42.74,23280.7,-1
2025-12-17,2025-12-17 14:37:00,544.38,544.38,544.37,544.37,-0.0,42.74,23280.7,-1
2025-12-17,2025-12-17 14:38:00,544.37,544.37,544.35,544.35,-0.0,42.74,23280.7,-1
2025-12-17,2025-12-17 14:39:00,544.35,544.35,544.33,544.33,-0.0,42.74,23280.7,-1
2025-12-17,2025-12-17 14:40:00,544.33,544.33,544.32,544.32,-0.0,42.74,23280.7,-1
2025-12-17,2025-12-17 14:41:00,544.32,544.32,544.3,544.3,-0.0,42.74,23280.7,-1
2025-12-17,2025-12-17 14:42:00,544.3,544.3,544.28,544.28,-0.0,42.74,23280.7,-1
2025-12-17,2025-12-17 14:43:00,544.28,544.28,544.27,544.27,-0.0,42.74,23280.7,-1
2025-12-17,2025-12-17 14:44:00,544.27,544.27,544.25,544.25,-0.0,42.74,23280.7,-1
2025-12-17,2025-12-17 14:45:00,544.25,544.25,544.23,544.23,-0.0,42.74,23280.7,-1
2025-12-17,2025-12-17 14:46:00,544.23,544.23,544.22,544.22,-0.0,42.74,23280.7,-1
2025-12-17,2025-12-17 14:47:00,544.22,544.22,544.2,544.2,-0.0,42.74,23280.7,-1
2025-12-17,2025-12-17 14:48:00,544.2,544.2,544.18,544.18,-0.0,42.74,23280.7,-1
2025-12-17,2025-12-17 14:49:00,544.18,544.18,544.17,544.17,-0.0,42.74,23280.7,-1
2025-12-17,2025-12-17 14:50:00,544.17,544.17,544.15,544.15,-0.0,42.74,23280.7,-1
2025-12-17,2025-12-17 14:51:00,544.15,544.15,544.13,544.13,-0.0,42.74,23280.7,-1
2025-12-17,2025-12-17 14:52:00,544.13,544.13,544.12,544.12,-0.0,42.74,23280.7,-1
2025-12-17,2025-12-17 14:53:00,544.12,544.12,544.1,544.1,-0.0,42.74,23280.7,-1
2025-12-17,2025-12-17 14:54:00,544.1,544.1,544.08,544.08,-0.0,42.74,23280.7,-1
2025-12-17,2025-12-17 14:55:00,544.08,544.08,544.07,544.07,-0.0,42.74,23280.7,-1
2025-12-17,2025-12-17 14:56:00,544.07,544.07,544.05,544.05,-0.0,42.74,23280.7,-1
2025-12-17,2025-12-17 14:57:00,544.05,544.05,544.03,544.03,-0.0,42.74,23280.7,-1
2025-12-17,2025-12-17 14:58:00,544.03,544.03,544.02,544.02,-0.0,42.74,23280.7,-1
2025-12-17,2025-12-17 14:59:00,544.02,544.02,544.0,544.0,-0.0,42.74,23280.7,-1
2025-12-17,2025-12-17 15:00:00,544.0,551.0,541.0,544.0,0.0,42.74,23280.7,0
2025-12-18,2025-12-18 11:00:00,540.0,542.1,539.1,540.01,0.0,98.19,53087.51,1
2025-12-18,2025-12-18 11:01:00,540.01,540.02,540.01,540.02,0.0,98.19,53087.51,1
2025-12-18,2025-12-18 11:02:00,540.02,540.04,540.02,540.04,0.0,98.19,53087.51,1
2025-12-18,2025-12-18 11:03:00,540.04,540.05,540.04,540.05,0.0,98.19,53087.51,1
2025-12-18,2025-12-18 11:04:00,540.05,540.06,540.05,540.06,0.0,98.19,53087.51,1
2025-12-18,2025-12-18 11:05:00,540.06,540.07,540.06,540.07,0.0,98.19,53087.51,1
2025-12-18,2025-12-18 11:06:00,540.07,540.08,540.07,540.08,0.0,98.19,53087.51,1
2025-12-18,2025-12-18 11:07:00,540.08,540.1,540.08,540.1,0.0,98.19,53087.51,1
2025-12-18,2025-12-18 11:08:00,540.1,540.11,540.1,540.11,0.0,98.19,53087.51,1
2025-12-18,2025-12-18 11:09:00,540.11,540.12,540.11,540.12,0.0,98.19,53087.51,1
2025-12-18,2025-12-18 11:10:00,540.12,540.13,540.12,540.13,0.0,98.19,53087.51,1
2025-12-18,2025-12-18 11:11:00,540.13,540.14,540.13,540.14,0.0,98.19,53087.51,1
2025-12-18,2025-12-18 11:12:00,540.14,540.16,540.14,540.16,0.0,98.19,53087.51,1
2025-12-18,2025-12-18 11:13:00,540.16,540.17,540.16,540.17,0.0,98.19,53087.51,1
2025-12-18,2025-12-18 11:14:00,540.17,540.18,540.17,540.18,0.0,98.19,53087.51,1
2025-12-18,2025-12-18 11:15:00,540.18,540.19,540.18,540.19,0.0,98.19,53087.51,1
2025-12-18,2025-12-18 11:16:00,540.19,540.21,540.19,540.21,0.0,98.19,53087.51,1
2025-12-18,2025-12-18 11:17:00,540.21,540.22,540.21,540.22,0.0,98.19,53087.51,1
2025-12-18,2025-12-18 11:18:00,540.22,540.23,540.22,540.23,0.0,98.19,53087.51,1
2025-12-18,2025-12-18 11:19:00,540.23,540.24,540.23,540.24,0.0,98.19,53087.51,1
2025-12-18,2025-12-18 11:20:00,540.24,540.25,540.24,540.25,0.0,98.19,53087.51,1
2025-12-18,2025-12-18 11:21:00,540.25,540.27,540.25,540.27,0.0,98.19,53087.51,1
2025-12-18,2025-12-18 11:22:00,540.27,540.28,540.27,540.28,0.0,98.19,53087.51,1
2025-12-18,2025-12-18 11:23:00,540.28,540.29,540.28,540.29,0.0,98.19,53087.51,1
2025-12-18,2025-12-18 11:24:00,540.29,540.3,540.29,540.3,0.0,98.19,53087.51,1
2025-12-18,2025-12-18 11:25:00,540.3,540.31,540.3,540.31,0.0,98.19,53087.51,1
2025-12-18,2025-12-18 11:26:00,540.31,540.33,540.31,540.33,0.0,98.19,53087.51,1
2025-12-18,2025-12-18 11:27:00,540.33,540.34,540.33,540.34,0.0,98.19,53087.51,1
2025-12-18,2025-12-18 11:28:00,540.34,540.35,540.34,540.35,0.0,98.19,53087.51,1
2025-12-18,2025-12-18 11:29:00,540.35,540.36,540.35,540.36,0.0,98.19,53087.51,1
2025-12-18,2025-12-18 11:30:00,540.36,540.37,540.36,540.37,0.0,98.19,53087.51,1
2025-12-18,2025-12-18 11:31:00,540.37,540.39,540.37,540.39,0.0,98.19,53087.51,1
2025-12-18,2025-12-18 11:32:00,540.39,540.4,540.39,540.4,0.0,98.19,53087.51,1
2025-12-18,2025-12-18 11:33:00,540.4,540.41,540.4,540.41,0.0,98.19,53087.51,1
2025-12-18,2025-12-18 11:34:00,540.41,540.42,540.41,540.42,0.0,98.19,53087.51,1
2025-12-18,2025-12-18 11:35:00,540.42,540.43,540.42,540.43,0.0,98.19,53087.51,1
2025-12-18,2025-12-18 11:36:00,540.43,540.45,540.43,540.45,0.0,98.19,53087.51,1
2025-12-18,2025-12-18 11:37:00,540.45,540.46,540.45,540.46,0.0,98.19,53087.51,1
2025-12-18,2025-12-18 11:38:00,540.46,540.47,540.46,540.47,0.0,98.19,53087.51,1
2025-12-18,2025-12-18 11:39:00,540.47,540.48,540.47,540.48,0.0,98.19,53087.51,1
2025-12-18,2025-12-18 11:40:00,540.48,540.5,540.48,540.5,0.0,98.19,53087.51,1
2025-12-18,2025-12-18 11:41:00,540.5,540.51,540.5,540.51,0.0,98.19,53087.51,1
2025-12-18,2025-12-18 11:42:00,540.51,540.52,540.51,540.52,0.0,98.19,53087.51,1
2025-12-18,2025-12-18 11:43:00,540.52,540.53,540.52,540.53,0.0,98.19,53087.51,1
2025-12-18,2025-12-18 11:44:00,540.53,540.54,540.53,540.54,0.0,98.19,53087.51,1
2025-12-18,2025-12-18 11:45:00,540.54,540.56,540.54,540.56,0.0,98.19,53087.51,1
2025-12-18,2025-12-18 11:46:00,540.56,540.57,540.56,540.57,0.0,98.19,53087.51,1
2025-12-18,2025-12-18 11:47:00,540.57,540.58,540.57,540.58,0.0,98.19,53087.51,1
2025-12-18,2025-12-18 11:48:00,540.58,540.59,540.58,540.59,0.0,98.19,53087.51,1
2025-12-18,2025-12-18 11:49:00,540.59,540.6,540.59,540.6,0.0,98.19,53087.51,1
2025-12-18,2025-12-18 11:50:00,540.6,540.62,540.6,540.62,0.0,98.19,53087.51,1
2025-12-18,2025-12-18 11:51:00,540.62,540.63,540.62,540.63,0.0,98.19,53087.51,1
2025-12-18,2025-12-18 11:52:00,540.63,540.64,540.63,540.64,0.0,98.19,53087.51,1
2025-12-18,2025-12-18 11:53:00,540.64,540.65,540.64,540.65,0.0,98.19,53087.51,1
2025-12-18,2025-12-18 11:54:00,540.65,540.66,540.65,540.66,0.0,98.19,53087.51,1
2025-12-18,2025-12-18 11:55:00,540.66,540.68,540.66,540.68,0.0,98.19,53087.51,1
2025-12-18,2025-12-18 11:56:00,540.68,540.69,540.68,540.69,0.0,98.19,53087.51,1
2025-12-18,2025-12-18 11:57:00,540.69,540.7,540.69,540.7,0.0,98.19,53087.51,1
2025-12-18,2025-12-18 11:58:00,540.7,540.71,540.7,540.71,0.0,98.19,53087.51,1
2025-12-18,2025-12-18 11:59:00,540.71,540.73,540.71,540.73,0.0,98.19,53087.51,1
2025-12-18,2025-12-18 12:00:00,540.73,540.74,540.73,540.74,0.0,98.19,53087.51,1
2025-12-18,2025-12-18 12:01:00,540.74,540.75,540.74,540.75,0.0,98.19,53087.51,1
2025-12-18,2025-12-18 12:02:00,540.75,540.76,540.75,540.76,0.0,98.19,53087.51,1
2025-12-18,2025-12-18 12:03:00,540.76,540.77,540.76,540.77,0.0,98.19,53087.51,1
2025-12-18,2025-12-18 12:04:00,540.77,540.79,540.77,540.79,0.0,98.19,53087.51,1
2025-12-18,2025-12-18 12:05:00,540.79,540.8,540.79,540.8,0.0,98.19,53087.51,1
2025-12-18,2025-12-18 12:06:00,540.8,540.81,540.8,540.81,0.0,98.19,53087.51,1
2025-12-18,2025-12-18 12:07:00,540.81,540.82,540.81,540.82,0.0,98.19,53087.51,1
2025-12-18,2025-12-18 12:08:00,540.82,540.83,540.82,540.83,0.0,98.19,53087.51,1
2025-12-18,2025-12-18 12:09:00,540.83,540.85,540.83,540.85,0.0,98.19,53087.51,1
2025-12-18,2025-12-18 12:10:00,540.85,540.86,540.85,540.86,0.0,98.19,53087.51,1
2025-12-18,2025-12-18 12:11:00,540.86,540.87,540.86,540.87,0.0,98.19,53087.51,1
2025-12-18,2025-12-18 12:12:00,540.87,540.88,540.87,540.88,0.0,98.19,53087.51,1
2025-12-18,2025-12-18 12:13:00,540.88,540.89,540.88,540.89,0.0,98.19,53087.51,1
2025-12-18,2025-12-18 12:14:00,540.89,540.91,540.89,540.91,0.0,98.19,53087.51,1
2025-12-18,2025-12-18 12:15:00,540.91,540.92,540.91,540.92,0.0,98.19,53087.51,1
2025-12-18,2025-12-18 12:16:00,540.92,540.93,540.92,540.93,0.0,98.19,53087.51,1
2025-12-18,2025-12-18 12:17:00,540.93,540.94,540.93,540.94,0.0,98.19,53087.51,1
2025-12-18,2025-12-18 12:18:00,540.94,540.95,540.94,540.95,0.0,98.19,53087.51,1
2025-12-18,2025-12-18 12:19:00,540.95,540.97,540.95,540.97,0.0,98.19,53087.51,1
2025-12-18,2025-12-18 12:20:00,540.97,540.98,540.97,540.98,0.0,98.19,53087.51,1
2025-12-18,2025-12-18 12:21:00,540.98,540.99,540.98,540.99,0.0,98.19,53087.51,1
2025-12-18,2025-12-18 12:22:00,540.99,541.0,540.99,541.0,0.0,98.19,53087.51,1
2025-12-18,2025-12-18 12:23:00,541.0,541.01,541.0,541.01,0.0,98.19,53087.51,1
2025-12-18,2025-12-18 12:24:00,541.01,541.03,541.01,541.03,0.0,98.19,53087.51,1
2025-12-18,2025-12-18 12:25:00,541.03,541.04,541.03,541.04,0.0,98.19,53087.51,1
2025-12-18,2025-12-18 12:26:00,541.04,541.05,541.04,541.05,0.0,98.19,53087.51,1
2025-12-18,2025-12-18 12:27:00,541.05,541.06,541.05,541.06,0.0,98.19,53087.51,1
2025-12-18,2025-12-18 12:28:00,541.06,541.08,541.06,541.08,0.0,98.19,53087.51,1
2025-12-18,2025-12-18 12:29:00,541.08,541.09,541.08,541.09,0.0,98.19,53087.51,1
2025-12-18,2025-12-18 12:30:00,541.09,541.1,541.09,541.1,0.0,98.19,53087.51,1
2025-12-18,2025-12-18 12:31:00,541.1,541.11,541.1,541.11,0.0,98.19,53087.51,1
2025-12-18,2025-12-18 12:32:00,541.11,541.12,541.11,541.12,0.0,98.19,53087.51,1
2025-12-18,2025-12-18 12:33:00,541.12,541.14,541.12,541.14,0.0,98.19,53087.51,1
2025-12-18,2025-12-18 12:34:00,541.14,541.15,541.14,541.15,0.0,98.19,53087.51,1
2025-12-18,2025-12-18 12:35:00,541.15,541.16,541.15,541.16,0.0,98.19,53087.51,1
2025-12-18,2025-12-18 12:36:00,541.16,541.17,541.16,541.17,0.0,98.19,53087.51,1
2025-12-18,2025-12-18 12:37:00,541.17,541.18,541.17,541.18,0.0,98.19,53087.51,1
2025-12-18,2025-12-18 12:38:00,541.18,541.2,541.18,541.2,0.0,98.19,53087.51,1
2025-12-18,2025-12-18 12:39:00,541.2,541.21,541.2,541.21,0.0,98.19,53087.51,1
2025-12-18,2025-12-18 12:40:00,541.21,541.22,541.21,541.22,0.0,98.19,53087.51,1
2025-12-18,2025-12-18 12:41:00,541.22,541.23,541.22,541.23,0.0,98.19,53087.51,1
2025-12-18,2025-12-18 12:42:00,541.23,541.24,541.23,541.24,0.0,98.19,53087.51,1
2025-12-18,2025-12-18 12:43:00,541.24,541.26,541.24,541.26,0.0,98.19,53087.51,1
2025-12-18,2025-12-18 12:44:00,541.26,541.27,541.26,541.27,0.0,98.19,53087.51,1
2025-12-18,2025-12-18 12:45:00,541.27,541.28,541.27,541.28,0.0,98.19,53087.51,1
2025-12-18,2025-12-18 12:46:00,541.28,541.29,541.28,541.29,0.0,98.19,53087.51,1
2025-12-18,2025-12-18 12:47:00,541.29,541.3,541.29,541.3,0.0,98.19,53087.51,1
2025-12-18,2025-12-18 12:48:00,541.3,541.32,541.3,541.32,0.0,98.19,53087.51,1
2025-12-18,2025-12-18 12:49:00,541.32,541.33,541.32,541.33,0.0,98.19,53087.51,1
2025-12-18,2025-12-18 12:50:00,541.33,541.34,541.33,541.34,0.0,98.19,53087.51,1
2025-12-18,2025-12-18 12:51:00,541.34,541.35,541.34,541.35,0.0,98.19,53087.51,1
2025-12-18,2025-12-18 12:52:00,541.35,541.37,541.35,541.37,0.0,98.19,53087.51,1
2025-12-18,2025-12-18 12:53:00,541.37,541.38,541.37,541.38,0.0,98.19,53087.51,1
2025-12-18,2025-12-18 12:54:00,541.38,541.39,541.38,541.39,0.0,98.19,53087.51,1
2025-12-18,2025-12-18 12:55:00,541.39,541.4,541.39,541.4,0.0,98.19,53087.51,1
2025-12-18,2025-12-18 12:56:00,541.4,541.41,541.4,541.41,0.0,98.19,53087.51,1
2025-12-18,2025-12-18 12:57:00,541.41,541.43,541.41,541.43,0.0,98.19,53087.51,1
2025-12-18,2025-12-18 12:58:00,541.43,541.44,541.43,541.44,0.0,98.19,53087.51,1
2025-12-18,2025-12-18 12:59:00,541.44,541.45,541.44,541.45,0.0,98.19,53087.51,1
2025-12-18,2025-12-18 13:00:00,541.45,547.0,537.0,541.46,0.0,98.19,53087.51,1
2025-12-18,2025-12-18 13:01:00,541.46,541.47,541.46,541.47,0.0,98.19,53087.51,1
2025-12-18,2025-12-18 13:02:00,541.47,541.49,541.47,541.49,0.0,98.19,53087.51,1
2025-12-18,2025-12-18 13:03:00,541.49,541.5,541.49,541.5,0.0,98.19,53087.51,1
2025-12-18,2025-12-18 13:04:00,541.5,541.51,541.5,541.51,0.0,98.19,53087.51,1
2025-12-18,2025-12-18 13:05:00,541.51,541.52,541.51,541.52,0.0,98.19,53087.51,1
2025-12-18,2025-12-18 13:06:00,541.52,541.53,541.52,541.53,0.0,98.19,53087.51,1
2025-12-18,2025-12-18 13:07:00,541.53,541.55,541.53,541.55,0.0,98.19,53087.51,1
2025-12-18,2025-12-18 13:08:00,541.55,541.56,541.55,541.56,0.0,98.19,53087.51,1
2025-12-18,2025-12-18 13:09:00,541.56,541.57,541.56,541.57,0.0,98.19,53087.51,1
2025-12-18,2025-12-18 13:10:00,541.57,541.58,541.57,541.58,0.0,98.19,53087.51,1
2025-12-18,2025-12-18 13:11:00,541.58,541.6,541.58,541.6,0.0,98.19,53087.51,1
2025-12-18,2025-12-18 13:12:00,541.6,541.61,541.6,541.61,0.0,98.19,53087.51,1
2025-12-18,2025-12-18 13:13:00,541.61,541.62,541.61,541.62,0.0,98.19,53087.51,1
2025-12-18,2025-12-18 13:14:00,541.62,541.63,541.62,541.63,0.0,98.19,53087.51,1
2025-12-18,2025-12-18 13:15:00,541.63,541.64,541.63,541.64,0.0,98.19,53087.51,1
2025-12-18,2025-12-18 13:16:00,541.64,541.66,541.64,541.66,0.0,98.19,53087.51,1
2025-12-18,2025-12-18 13:17:00,541.66,541.67,541.66,541.67,0.0,98.19,53087.51,1
2025-12-18,2025-12-18 13:18:00,541.67,541.68,541.67,541.68,0.0,98.19,53087.51,1
2025-12-18,2025-12-18 13:19:00,541.68,541.69,541.68,541.69,0.0,98.19,53087.51,1
2025-12-18,2025-12-18 13:20:00,541.69,541.7,541.69,541.7,0.0,98.19,53087.51,1
2025-12-18,2025-12-18 13:21:00,541.7,541.72,541.7,541.72,0.0,98.19,53087.51,1
2025-12-18,2025-12-18 13:22:00,541.72,541.73,541.72,541.73,0.0,98.19,53087.51,1
2025-12-18,2025-12-18 13:23:00,541.73,541.74,541.73,541.74,0.0,98.19,53087.51,1
2025-12-18,2025-12-18 13:24:00,541.74,541.75,541.74,541.75,0.0,98.19,53087.51,1
2025-12-18,2025-12-18 13:25:00,541.75,541.76,541.75,541.76,0.0,98.19,53087.51,1
2025-12-18,2025-12-18 13:26:00,541.76,541.78,541.76,541.78,0.0,98.19,53087.51,1
2025-12-18,2025-12-18 13:27:00,541.78,541.79,541.78,541.79,0.0,98.19,53087.51,1
2025-12-18,2025-12-18 13:28:00,541.79,541.8,541.79,541.8,0.0,98.19,53087.51,1
2025-12-18,2025-12-18 13:29:00,541.8,541.81,541.8,541.81,0.0,98.19,53087.51,1
2025-12-18,2025-12-18 13:30:00,541.81,541.82,541.81,541.82,0.0,98.19,53087.51,1
2025-12-18,2025-12-18 13:31:00,541.82,541.84,541.82,541.84,0.0,98.19,53087.51,1
2025-12-18,2025-12-18 13:32:00,541.84,541.85,541.84,541.85,0.0,98.19,53087.51,1
2025-12-18,2025-12-18 13:33:00,541.85,541.86,541.85,541.86,0.0,98.19,53087.51,1
2025-12-18,2025-12-18 13:34:00,541.86,541.87,541.86,541.87,0.0,98.19,53087.51,1
2025-12-18,2025-12-18 13:35:00,541.87,541.88,541.87,541.88,0.0,98.19,53087.51,1
2025-12-18,2025-12-18 13:36:00,541.88,541.9,541.88,541.9,0.0,98.19,53087.51,1
2025-12-18,2025-12-18 13:37:00,541.9,541.91,541.9,541.91,0.0,98.19,53087.51,1
2025-12-18,2025-12-18 13:38:00,541.91,541.92,541.91,541.92,0.0,98.19,53087.51,1
2025-12-18,2025-12-18 13:39:00,541.92,541.93,541.92,541.93,0.0,98.19,53087.51,1
2025-12-18,2025-12-18 13:40:00,541.93,541.95,541.93,541.95,0.0,98.19,53087.51,1
2025-12-18,2025-12-18 13:41:00,541.95,541.96,541.95,541.96,0.0,98.19,53087.51,1
2025-12-18,2025-12-18 13:42:00,541.96,541.97,541.96,541.97,0.0,98.19,53087.51,1
2025-12-18,2025-12-18 13:43:00,541.97,541.98,541.97,541.98,0.0,98.19,53087.51,1
2025-12-18,2025-12-18 13:44:00,541.98,541.99,541.98,541.99,0.0,98.19,53087.51,1
2025-12-18,2025-12-18 13:45:00,541.99,542.01,541.99,542.01,0.0,98.19,53087.51,1
2025-12-18,2025-12-18 13:46:00,542.01,542.02,542.01,542.02,0.0,98.19,53087.51,1
2025-12-18,2025-12-18 13:47:00,542.02,542.03,542.02,542.03,0.0,98.19,53087.51,1
2025-12-18,2025-12-18 13:48:00,542.03,542.04,542.03,542.04,0.0,98.19,53087.51,1
2025-12-18,2025-12-18 13:49:00,542.04,542.05,542.04,542.05,0.0,98.19,53087.51,1
2025-12-18,2025-12-18 13:50:00,542.05,542.07,542.05,542.07,0.0,98.19,53087.51,1
2025-12-18,2025-12-18 13:51:00,542.07,542.08,542.07,542.08,0.0,98.19,53087.51,1
2025-12-18,2025-12-18 13:52:00,542.08,542.09,542.08,542.09,0.0,98.19,53087.51,1
2025-12-18,2025-12-18 13:53:00,542.09,542.1,542.09,542.1,0.0,98.19,53087.51,1
2025-12-18,2025-12-18 13:54:00,542.1,542.11,542.1,542.11,0.0,98.19,53087.51,1
2025-12-18,2025-12-18 13:55:00,542.11,542.13,542.11,542.13,0.0,98.19,53087.51,1
2025-12-18,2025-12-18 13:56:00,542.13,542.14,542.13,542.14,0.0,98.19,53087.51,1
2025-12-18,2025-12-18 13:57:00,542.14,542.15,542.14,542.15,0.0,98.19,53087.51,1
2025-12-18,2025-12-18 13:58:00,542.15,542.16,542.15,542.16,0.0,98.19,53087.51,1
2025-12-18,2025-12-18 13:59:00,542.16,542.17,542.16,542.17,0.0,98.19,53087.51,1
2025-12-18,2025-12-18 14:00:00,542.17,542.19,542.17,542.19,0.0,98.19,53087.51,1
2025-12-18,2025-12-18 14:01:00,542.19,542.2,542.19,542.2,0.0,98.19,53087.51,1
2025-12-18,2025-12-18 14:02:00,542.2,542.21,542.2,542.21,0.0,98.19,53087.51,1
2025-12-18,2025-12-18 14:03:00,542.21,542.22,542.21,542.22,0.0,98.19,53087.51,1
2025-12-18,2025-12-18 14:04:00,542.22,542.24,542.22,542.24,0.0,98.19,53087.51,1
2025-12-18,2025-12-18 14:05:00,542.24,542.25,542.24,542.25,0.0,98.19,53087.51,1
2025-12-18,2025-12-18 14:06:00,542.25,542.26,542.25,542.26,0.0,98.19,53087.51,1
2025-12-18,2025-12-18 14:07:00,542.26,542.27,542.26,542.27,0.0,98.19,53087.51,1
2025-12-18,2025-12-18 14:08:00,542.27,542.28,542.27,542.28,0.0,98.19,53087.51,1
2025-12-18,2025-12-18 14:09:00,542.28,542.3,542.28,542.3,0.0,98.19,53087.51,1
2025-12-18,2025-12-18 14:10:00,542.3,542.31,542.3,542.31,0.0,98.19,53087.51,1
2025-12-18,2025-12-18 14:11:00,542.31,542.32,542.31,542.32,0.0,98.19,53087.51,1
2025-12-18,2025-12-18 14:12:00,542.32,542.33,542.32,542.33,0.0,98.19,53087.51,1
2025-12-18,2025-12-18 14:13:00,542.33,542.34,542.33,542.34,0.0,98.19,53087.51,1
2025-12-18,2025-12-18 14:14:00,542.34,542.36,542.34,542.36,0.0,98.19,53087.51,1
2025-12-18,2025-12-18 14:15:00,542.36,542.37,542.36,542.37,0.0,98.19,53087.51,1
2025-12-18,2025-12-18 14:16:00,542.37,542.38,542.37,542.38,0.0,98.19,53087.51,1
2025-12-18,2025-12-18 14:17:00,542.38,542.39,542.38,542.39,0.0,98.19,53087.51,1
2025-12-18,2025-12-18 14:18:00,542.39,542.4,542.39,542.4,0.0,98.19,53087.51,1
2025-12-18,2025-12-18 14:19:00,542.4,542.42,542.4,542.42,0.0,98.19,53087.51,1
2025-12-18,2025-12-18 14:20:00,542.42,542.43,542.42,542.43,0.0,98.19,53087.51,1
2025-12-18,2025-12-18 14:21:00,542.43,542.44,542.43,542.44,0.0,98.19,53087.51,1
2025-12-18,2025-12-18 14:22:00,542.44,542.45,542.44,542.45,0.0,98.19,53087.51,1
2025-12-18,2025-12-18 14:23:00,542.45,542.47,542.45,542.47,0.0,98.19,53087.51,1
2025-12-18,2025-12-18 14:24:00,542.47,542.48,542.47,542.48,0.0,98.19,53087.51,1
2025-12-18,2025-12-18 14:25:00,542.48,542.49,542.48,542.49,0.0,98.19,53087.51,1
2025-12-18,2025-12-18 14:26:00,542.49,542.5,542.49,542.5,0.0,98.19,53087.51,1
2025-12-18,2025-12-18 14:27:00,542.5,542.51,542.5,542.51,0.0,98.19,53087.51,1
2025-12-18,2025-12-18 14:28:00,542.51,542.53,542.51,542.53,0.0,98.19,53087.51,1
2025-12-18,2025-12-18 14:29:00,542.53,542.54,542.53,542.54,0.0,98.19,53087.51,1
2025-12-18,2025-12-18 14:30:00,542.54,542.55,542.54,542.55,0.0,98.19,53087.51,1
2025-12-18,2025-12-18 14:31:00,542.55,542.56,542.55,542.56,0.0,98.19,53087.51,1
2025-12-18,2025-12-18 14:32:00,542.56,542.57,542.56,542.57,0.0,98.19,53087.51,1
2025-12-18,2025-12-18 14:33:00,542.57,542.59,542.57,542.59,0.0,98.19,53087.51,1
2025-12-18,2025-12-18 14:34:00,542.59,542.6,542.59,542.6,0.0,98.19,53087.51,1
2025-12-18,2025-12-18 14:35:00,542.6,542.61,542.6,542.61,0.0,98.19,53087.51,1
2025-12-18,2025-12-18 14:36:00,542.61,542.62,542.61,542.62,0.0,98.19,53087.51,1
2025-12-18,2025-12-18 14:37:00,542.62,542.63,542.62,542.63,0.0,98.19,53087.51,1
2025-12-18,2025-12-18 14:38:00,542.63,542.65,542.63,542.65,0.0,98.19,53087.51,1
2025-12-18,2025-12-18 14:39:00,542.65,542.66,542.65,542.66,0.0,98.19,53087.51,1
2025-12-18,2025-12-18 14:40:00,542.66,542.67,542.66,542.67,0.0,98.19,53087.51,1
2025-12-18,2025-12-18 14:41:00,542.67,542.68,542.67,542.68,0.0,98.19,53087.51,1
2025-12-18,2025-12-18 14:42:00,542.68,542.69,542.68,542.69,0.0,98.19,53087.51,1
2025-12-18,2025-12-18 14:43:00,542.69,542.71,542.69,542.71,0.0,98.19,53087.51,1
2025-12-18,2025-12-18 14:44:00,542.71,542.72,542.71,542.72,0.0,98.19,53087.51,1
2025-12-18,2025-12-18 14:45:00,542.72,542.73,542.72,542.73,0.0,98.19,53087.51,1
2025-12-18,2025-12-18 14:46:00,542.73,542.74,542.73,542.74,0.0,98.19,53087.51,1
2025-12-18,2025-12-18 14:47:00,542.74,542.75,542.74,542.75,0.0,98.19,53087.51,1
2025-12-18,2025-12-18 14:48:00,542.75,542.77,542.75,542.77,0.0,98.19,53087.51,1
2025-12-18,2025-12-18 14:49:00,542.77,542.78,542.77,542.78,0.0,98.19,53087.51,1
2025-12-18,2025-12-18 14:50:00,542.78,542.79,542.78,542.79,0.0,98.19,53087.51,1
2025-12-18,2025-12-18 14:51:00,542.79,542.8,542.79,542.8,0.0,98.19,53087.51,1
2025-12-18,2025-12-18 14:52:00,542.8,542.82,542.8,542.82,0.0,98.19,53087.51,1
2025-12-18,2025-12-18 14:53:00,542.82,542.83,542.82,542.83,0.0,98.19,53087.51,1
2025-12-18,2025-12-18 14:54:00,542.83,542.84,542.83,542.84,0.0,98.19,53087.51,1
2025-12-18,2025-12-18 14:55:00,542.84,542.85,542.84,542.85,0.0,98.19,53087.51,1
2025-12-18,2025-12-18 14:56:00,542.85,542.86,542.85,542.86,0.0,98.19,53087.51,1
2025-12-18,2025-12-18 14:57:00,542.86,542.88,542.86,542.88,0.0,98.19,53087.51,1
2025-12-18,2025-12-18 14:58:00,542.88,542.89,542.88,542.89,0.0,98.19,53087.51,1
2025-12-18,2025-12-18 14:59:00,542.89,542.9,542.89,542.9,0.0,98.19,53087.51,1
2025-12-18,2025-12-18 15:00:00,542.9,547.0,537.0,542.9,0.0,98.19,53087.51,0
2025-12-21,2025-12-21 11:00:00,541.0,541.0,537.7,540.95,-0.01,33.0,17660.38,-1
2025-12-21,2025-12-21 11:01:00,540.95,540.95,540.91,540.91,-0.01,33.0,17660.38,-1
2025-12-21,2025-12-21 11:02:00,540.91,540.91,540.86,540.86,-0.01,33.0,17660.38,-1
2025-12-21,2025-12-21 11:03:00,540.86,540.86,540.82,540.82,-0.01,33.0,17660.38,-1
2025-12-21,2025-12-21 11:04:00,540.82,540.82,540.77,540.77,-0.01,33.0,17660.38,-1
2025-12-21,2025-12-21 11:05:00,540.77,540.77,540.73,540.73,-0.01,33.0,17660.38,-1
2025-12-21,2025-12-21 11:06:00,540.73,540.73,540.68,540.68,-0.01,33.0,17660.38,-1
2025-12-21,2025-12-21 11:07:00,540.68,540.68,540.63,540.63,-0.01,33.0,17660.38,-1
2025-12-21,2025-12-21 11:08:00,540.63,540.63,540.59,540.59,-0.01,33.0,17660.38,-1
2025-12-21,2025-12-21 11:09:00,540.59,540.59,540.54,540.54,-0.01,33.0,17660.38,-1
2025-12-21,2025-12-21 11:10:00,540.54,540.54,540.5,540.5,-0.01,33.0,17660.38,-1
2025-12-21,2025-12-21 11:11:00,540.5,540.5,540.45,540.45,-0.01,33.0,17660.38,-1
2025-12-21,2025-12-21 11:12:00,540.45,540.45,540.4,540.4,-0.01,33.0,17660.38,-1
2025-12-21,2025-12-21 11:13:00,540.4,540.4,540.36,540.36,-0.01,33.0,17660.38,-1
2025-12-21,2025-12-21 11:14:00,540.36,540.36,540.31,540.31,-0.01,33.0,17660.38,-1
2025-12-21,2025-12-21 11:15:00,540.31,540.31,540.27,540.27,-0.01,33.0,17660.38,-1
2025-12-21,2025-12-21 11:16:00,540.27,540.27,540.22,540.22,-0.01,33.0,17660.38,-1
2025-12-21,2025-12-21 11:17:00,540.22,540.22,540.17,540.17,-0.01,33.0,17660.38,-1
2025-12-21,2025-12-21 11:18:00,540.17,540.17,540.13,540.13,-0.01,33.0,17660.38,-1
2025-12-21,2025-12-21 11:19:00,540.13,540.13,540.08,540.08,-0.01,33.0,17660.38,-1
2025-12-21,2025-12-21 11:20:00,540.08,540.08,540.04,540.04,-0.01,33.0,17660.38,-1
2025-12-21,2025-12-21 11:21:00,540.04,540.04,539.99,539.99,-0.01,33.0,17660.38,-1
2025-12-21,2025-12-21 11:22:00,539.99,539.99,539.95,539.95,-0.01,33.0,17660.38,-1
2025-12-21,2025-12-21 11:23:00,539.95,539.95,539.9,539.9,-0.01,33.0,17660.38,-1
2025-12-21,2025-12-21 11:24:00,539.9,539.9,539.85,539.85,-0.01,33.0,17660.38,-1
2025-12-21,2025-12-21 11:25:00,539.85,539.85,539.81,539.81,-0.01,33.0,17660.38,-1
2025-12-21,2025-12-21 11:26:00,539.81,539.81,539.76,539.76,-0.01,33.0,17660.38,-1
2025-12-21,2025-12-21 11:27:00,539.76,539.76,539.72,539.72,-0.01,33.0,17660.38,-1
2025-12-21,2025-12-21 11:28:00,539.72,539.72,539.67,539.67,-0.01,33.0,17660.38,-1
2025-12-21,2025-12-21 11:29:00,539.67,539.67,539.62,539.62,-0.01,33.0,17660.38,-1
2025-12-21,2025-12-21 11:30:00,539.62,539.62,539.58,539.58,-0.01,33.0,17660.38,-1
2025-12-21,2025-12-21 11:31:00,539.58,539.58,539.53,539.53,-0.01,33.0,17660.38,-1
2025-12-21,2025-12-21 11:32:00,539.53,539.53,539.49,539.49,-0.01,33.0,17660.38,-1
2025-12-21,2025-12-21 11:33:00,539.49,539.49,539.44,539.44,-0.01,33.0,17660.38,-1
2025-12-21,2025-12-21 11:34:00,539.44,539.44,539.4,539.4,-0.01,33.0,17660.38,-1
2025-12-21,2025-12-21 11:35:00,539.4,539.4,539.35,539.35,-0.01,33.0,17660.38,-1
2025-12-21,2025-12-21 11:36:00,539.35,539.35,539.3,539.3,-0.01,33.0,17660.38,-1
2025-12-21,2025-12-21 11:37:00,539.3,539.3,539.26,539.26,-0.01,33.0,17660.38,-1
2025-12-21,2025-12-21 11:38:00,539.26,539.26,539.21,539.21,-0.01,33.0,17660.38,-1
2025-12-21,2025-12-21 11:39:00,539.21,539.21,539.17,539.17,-0.01,33.0,17660.38,-1
2025-12-21,2025-12-21 11:40:00,539.17,539.17,539.12,539.12,-0.01,33.0,17660.38,-1
2025-12-21,2025-12-21 11:41:00,539.12,539.12,539.08,539.08,-0.01,33.0,17660.38,-1
2025-12-21,2025-12-21 11:42:00,539.08,539.08,539.03,539.03,-0.01,33.0,17660.38,-1
2025-12-21,2025-12-21 11:43:00,539.03,539.03,538.98,538.98,-0.01,33.0,17660.38,-1
2025-12-21,2025-12-21 11:44:00,538.98,538.98,538.94,538.94,-0.01,33.0,17660.38,-1
2025-12-21,2025-12-21 11:45:00,538.94,538.94,538.89,538.89,-0.01,33.0,17660.38,-1
2025-12-21,2025-12-21 11:46:00,538.89,538.89,538.85,538.85,-0.01,33.0,17660.38,-1
2025-12-21,2025-12-21 11:47:00,538.85,538.85,538.8,538.8,-0.01,33.0,17660.38,-1
2025-12-21,2025-12-21 11:48:00,538.8,538.8,538.75,538.75,-0.01,33.0,17660.38,-1
2025-12-21,2025-12-21 11:49:00,538.75,538.75,538.71,538.71,-0.01,33.0,17660.38,-1
2025-12-21,2025-12-21 11:50:00,538.71,538.71,538.66,538.66,-0.01,33.0,17660.38,-1
2025-12-21,2025-12-21 11:51:00,538.66,538.66,538.62,538.62,-0.01,33.0,17660.38,-1
2025-12-21,2025-12-21 11:52:00,538.62,538.62,538.57,538.57,-0.01,33.0,17660.38,-1
2025-12-21,2025-12-21 11:53:00,538.57,538.57,538.52,538.52,-0.01,33.0,17660.38,-1
2025-12-21,2025-12-21 11:54:00,538.52,538.52,538.48,538.48,-0.01,33.0,17660.38,-1
2025-12-21,2025-12-21 11:55:00,538.48,538.48,538.43,538.43,-0.01,33.0,17660.38,-1
2025-12-21,2025-12-21 11:56:00,538.43,538.43,538.39,538.39,-0.01,33.0,17660.38,-1
2025-12-21,2025-12-21 11:57:00,538.39,538.39,538.34,538.34,-0.01,33.0,17660.38,-1
2025-12-21,2025-12-21 11:58:00,538.34,538.34,538.3,538.3,-0.01,33.0,17660.38,-1
2025-12-21,2025-12-21 11:59:00,538.3,538.3,538.25,538.25,-0.01,33.0,17660.38,-1
2025-12-21,2025-12-21 12:00:00,538.25,538.25,538.2,538.2,-0.01,33.0,17660.38,-1
2025-12-21,2025-12-21 12:01:00,538.2,538.2,538.16,538.16,-0.01,33.0,17660.38,-1
2025-12-21,2025-12-21 12:02:00,538.16,538.16,538.11,538.11,-0.01,33.0,17660.38,-1
2025-12-21,2025-12-21 12:03:00,538.11,538.11,538.07,538.07,-0.01,33.0,17660.38,-1
2025-12-21,2025-12-21 12:04:00,538.07,538.07,538.02,538.02,-0.01,33.0,17660.38,-1
2025-12-21,2025-12-21 12:05:00,538.02,538.02,537.98,537.98,-0.01,33.0,17660.38,-1
2025-12-21,2025-12-21 12:06:00,537.98,537.98,537.93,537.93,-0.01,33.0,17660.38,-1
2025-12-21,2025-12-21 12:07:00,537.93,537.93,537.88,537.88,-0.01,33.0,17660.38,-1
2025-12-21,2025-12-21 12:08:00,537.88,537.88,537.84,537.84,-0.01,33.0,17660.38,-1
2025-12-21,2025-12-21 12:09:00,537.84,537.84,537.79,537.79,-0.01,33.0,17660.38,-1
2025-12-21,2025-12-21 12:10:00,537.79,537.79,537.75,537.75,-0.01,33.0,17660.38,-1
2025-12-21,2025-12-21 12:11:00,537.75,537.75,537.7,537.7,-0.01,33.0,17660.38,-1
2025-12-21,2025-12-21 12:12:00,537.7,537.7,537.65,537.65,-0.01,33.0,17660.38,-1
2025-12-21,2025-12-21 12:13:00,537.65,537.65,537.61,537.61,-0.01,33.0,17660.38,-1
2025-12-21,2025-12-21 12:14:00,537.61,537.61,537.56,537.56,-0.01,33.0,17660.38,-1
2025-12-21,2025-12-21 12:15:00,537.56,537.56,537.52,537.52,-0.01,33.0,17660.38,-1
2025-12-21,2025-12-21 12:16:00,537.52,537.52,537.47,537.47,-0.01,33.0,17660.38,-1
2025-12-21,2025-12-21 12:17:00,537.47,537.47,537.42,537.42,-0.01,33.0,17660.38,-1
2025-12-21,2025-12-21 12:18:00,537.42,537.42,537.38,537.38,-0.01,33.0,17660.38,-1
2025-12-21,2025-12-21 12:19:00,537.38,537.38,537.33,537.33,-0.01,33.0,17660.38,-1
2025-12-21,2025-12-21 12:20:00,537.33,537.33,537.29,537.29,-0.01,33.0,17660.38,-1
2025-12-21,2025-12-21 12:21:00,537.29,537.29,537.24,537.24,-0.01,33.0,17660.38,-1
2025-12-21,2025-12-21 12:22:00,537.24,537.24,537.2,537.2,-0.01,33.0,17660.38,-1
2025-12-21,2025-12-21 12:23:00,537.2,537.2,537.15,537.15,-0.01,33.0,17660.38,-1
2025-12-21,2025-12-21 12:24:00,537.15,537.15,537.1,537.1,-0.01,33.0,17660.38,-1
2025-12-21,2025-12-21 12:25:00,537.1,537.1,537.06,537.06,-0.01,33.0,17660.38,-1
2025-12-21,2025-12-21 12:26:00,537.06,537.06,537.01,537.01,-0.01,33.0,17660.38,-1
2025-12-21,2025-12-21 12:27:00,537.01,537.01,536.97,536.97,-0.01,33.0,17660.38,-1
2025-12-21,2025-12-21 12:28:00,536.97,536.97,536.92,536.92,-0.01,33.0,17660.38,-1
2025-12-21,2025-12-21 12:29:00,536.92,536.92,536.88,536.88,-0.01,33.0,17660.38,-1
2025-12-21,2025-12-21 12:30:00,536.88,536.88,536.83,536.83,-0.01,33.0,17660.38,-1
2025-12-21,2025-12-21 12:31:00,536.83,536.83,536.78,536.78,-0.01,33.0,17660.38,-1
2025-12-21,2025-12-21 12:32:00,536.78,536.78,536.74,536.74,-0.01,33.0,17660.38,-1
2025-12-21,2025-12-21 12:33:00,536.74,536.74,536.69,536.69,-0.01,33.0,17660.38,-1
2025-12-21,2025-12-21 12:34:00,536.69,536.69,536.65,536.65,-0.01,33.0,17660.38,-1
2025-12-21,2025-12-21 12:35:00,536.65,536.65,536.6,536.6,-0.01,33.0,17660.38,-1
2025-12-21,2025-12-21 12:36:00,536.6,536.6,536.55,536.55,-0.01,33.0,17660.38,-1
2025-12-21,2025-12-21 12:37:00,536.55,536.55,536.51,536.51,-0.01,33.0,17660.38,-1
2025-12-21,2025-12-21 12:38:00,536.51,536.51,536.46,536.46,-0.01,33.0,17660.38,-1
2025-12-21,2025-12-21 12:39:00,536.46,536.46,536.42,536.42,-0.01,33.0,17660.38,-1
2025-12-21,2025-12-21 12:40:00,536.42,536.42,536.37,536.37,-0.01,33.0,17660.38,-1
2025-12-21,2025-12-21 12:41:00,536.37,536.37,536.33,536.33,-0.01,33.0,17660.38,-1
2025-12-21,2025-12-21 12:42:00,536.33,536.33,536.28,536.28,-0.01,33.0,17660.38,-1
2025-12-21,2025-12-21 12:43:00,536.28,536.28,536.23,536.23,-0.01,33.0,17660.38,-1
2025-12-21,2025-12-21 12:44:00,536.23,536.23,536.19,536.19,-0.01,33.0,17660.38,-1
2025-12-21,2025-12-21 12:45:00,536.19,536.19,536.14,536.14,-0.01,33.0,17660.38,-1
2025-12-21,2025-12-21 12:46:00,536.14,536.14,536.1,536.1,-0.01,33.0,17660.38,-1
2025-12-21,2025-12-21 12:47:00,536.1,536.1,536.05,536.05,-0.01,33.0,17660.38,-1
2025-12-21,2025-12-21 12:48:00,536.05,536.05,536.0,536.0,-0.01,33.0,17660.38,-1
2025-12-21,2025-12-21 12:49:00,536.0,536.0,535.96,535.96,-0.01,33.0,17660.38,-1
2025-12-21,2025-12-21 12:50:00,535.96,535.96,535.91,535.91,-0.01,33.0,17660.38,-1
2025-12-21,2025-12-21 12:51:00,535.91,535.91,535.87,535.87,-0.01,33.0,17660.38,-1
2025-12-21,2025-12-21 12:52:00,535.87,535.87,535.82,535.82,-0.01,33.0,17660.38,-1
2025-12-21,2025-12-21 12:53:00,535.82,535.82,535.77,535.77,-0.01,33.0,17660.38,-1
2025-12-21,2025-12-21 12:54:00,535.77,535.77,535.73,535.73,-0.01,33.0,17660.38,-1
2025-12-21,2025-12-21 12:55:00,535.73,535.73,535.68,535.68,-0.01,33.0,17660.38,-1
2025-12-21,2025-12-21 12:56:00,535.68,535.68,535.64,535.64,-0.01,33.0,17660.38,-1
2025-12-21,2025-12-21 12:57:00,535.64,535.64,535.59,535.59,-0.01,33.0,17660.38,-1
2025-12-21,2025-12-21 12:58:00,535.59,535.59,535.55,535.55,-0.01,33.0,17660.38,-1
2025-12-21,2025-12-21 12:59:00,535.55,535.55,535.5,535.5,-0.01,33.0,17660.38,-1
2025-12-21,2025-12-21 13:00:00,535.5,541.0,530.0,535.45,-0.01,33.0,17660.38,-1
2025-12-21,2025-12-21 13:01:00,535.45,535.45,535.41,535.41,-0.01,33.0,17660.38,-1
2025-12-21,2025-12-21 13:02:00,535.41,535.41,535.36,535.36,-0.01,33.0,17660.38,-1
2025-12-21,2025-12-21 13:03:00,535.36,535.36,535.32,535.32,-0.01,33.0,17660.38,-1
2025-12-21,2025-12-21 13:04:00,535.32,535.32,535.27,535.27,-0.01,33.0,17660.38,-1
2025-12-21,2025-12-21 13:05:00,535.27,535.27,535.23,535.23,-0.01,33.0,17660.38,-1
2025-12-21,2025-12-21 13:06:00,535.23,535.23,535.18,535.18,-0.01,33.0,17660.38,-1
2025-12-21,2025-12-21 13:07:00,535.18,535.18,535.13,535.13,-0.01,33.0,17660.38,-1
2025-12-21,2025-12-21 13:08:00,535.13,535.13,535.09,535.09,-0.01,33.0,17660.38,-1
2025-12-21,2025-12-21 13:09:00,535.09,535.09,535.04,535.04,-0.01,33.0,17660.38,-1
2025-12-21,2025-12-21 13:10:00,535.04,535.04,535.0,535.0,-0.01,33.0,17660.38,-1
2025-12-21,2025-12-21 13:11:00,535.0,535.0,534.95,534.95,-0.01,33.0,17660.38,-1
2025-12-21,2025-12-21 13:12:00,534.95,534.95,534.9,534.9,-0.01,33.0,17660.38,-1
2025-12-21,2025-12-21 13:13:00,534.9,534.9,534.86,534.86,-0.01,33.0,17660.38,-1
2025-12-21,2025-12-21 13:14:00,534.86,534.86,534.81,534.81,-0.01,33.0,17660.38,-1
2025-12-21,2025-12-21 13:15:00,534.81,534.81,534.77,534.77,-0.01,33.0,17660.38,-1
2025-12-21,2025-12-21 13:16:00,534.77,534.77,534.72,534.72,-0.01,33.0,17660.38,-1
2025-12-21,2025-12-21 13:17:00,534.72,534.72,534.67,534.67,-0.01,33.0,17660.38,-1
2025-12-21,2025-12-21 13:18:00,534.67,534.67,534.63,534.63,-0.01,33.0,17660.38,-1
2025-12-21,2025-12-21 13:19:00,534.63,534.63,534.58,534.58,-0.01,33.0,17660.38,-1
2025-12-21,2025-12-21 13:20:00,534.58,534.58,534.54,534.54,-0.01,33.0,17660.38,-1
2025-12-21,2025-12-21 13:21:00,534.54,534.54,534.49,534.49,-0.01,33.0,17660.38,-1
2025-12-21,2025-12-21 13:22:00,534.49,534.49,534.45,534.45,-0.01,33.0,17660.38,-1
2025-12-21,2025-12-21 13:23:00,534.45,534.45,534.4,534.4,-0.01,33.0,17660.38,-1
2025-12-21,2025-12-21 13:24:00,534.4,534.4,534.35,534.35,-0.01,33.0,17660.38,-1
2025-12-21,2025-12-21 13:25:00,534.35,534.35,534.31,534.31,-0.01,33.0,17660.38,-1
2025-12-21,2025-12-21 13:26:00,534.31,534.31,534.26,534.26,-0.01,33.0,17660.38,-1
2025-12-21,2025-12-21 13:27:00,534.26,534.26,534.22,534.22,-0.01,33.0,17660.38,-1
2025-12-21,2025-12-21 13:28:00,534.22,534.22,534.17,534.17,-0.01,33.0,17660.38,-1
2025-12-21,2025-12-21 13:29:00,534.17,534.17,534.12,534.12,-0.01,33.0,17660.38,-1
2025-12-21,2025-12-21 13:30:00,534.12,534.12,534.08,534.08,-0.01,33.0,17660.38,-1
2025-12-21,2025-12-21 13:31:00,534.08,534.08,534.03,534.03,-0.01,33.0,17660.38,-1
2025-12-21,2025-12-21 13:32:00,534.03,534.03,533.99,533.99,-0.01,33.0,17660.38,-1
2025-12-21,2025-12-21 13:33:00,533.99,533.99,533.94,533.94,-0.01,33.0,17660.38,-1
2025-12-21,2025-12-21 13:34:00,533.94,533.94,533.9,533.9,-0.01,33.0,17660.38,-1
2025-12-21,2025-12-21 13:35:00,533.9,533.9,533.85,533.85,-0.01,33.0,17660.38,-1
2025-12-21,2025-12-21 13:36:00,533.85,533.85,533.8,533.8,-0.01,33.0,17660.38,-1
2025-12-21,2025-12-21 13:37:00,533.8,533.8,533.76,533.76,-0.01,33.0,17660.38,-1
2025-12-21,2025-12-21 13:38:00,533.76,533.76,533.71,533.71,-0.01,33.0,17660.38,-1
2025-12-21,2025-12-21 13:39:00,533.71,533.71,533.67,533.67,-0.01,33.0,17660.38,-1
2025-12-21,2025-12-21 13:40:00,533.67,533.67,533.62,533.62,-0.01,33.0,17660.38,-1
2025-12-21,2025-12-21 13:41:00,533.62,533.62,533.58,533.58,-0.01,33.0,17660.38,-1
2025-12-21,2025-12-21 13:42:00,533.58,533.58,533.53,533.53,-0.01,33.0,17660.38,-1
2025-12-21,2025-12-21 13:43:00,533.53,533.53,533.48,533.48,-0.01,33.0,17660.38,-1
2025-12-21,2025-12-21 13:44:00,533.48,533.48,533.44,533.44,-0.01,33.0,17660.38,-1
2025-12-21,2025-12-21 13:45:00,533.44,533.44,533.39,533.39,-0.01,33.0,17660.38,-1
2025-12-21,2025-12-21 13:46:00,533.39,533.39,533.35,533.35,-0.01,33.0,17660.38,-1
2025-12-21,2025-12-21 13:47:00,533.35,533.35,533.3,533.3,-0.01,33.0,17660.38,-1
2025-12-21,2025-12-21 13:48:00,533.3,533.3,533.25,533.25,-0.01,33.0,17660.38,-1
2025-12-21,2025-12-21 13:49:00,533.25,533.25,533.21,533.21,-0.01,33.0,17660.38,-1
2025-12-21,2025-12-21 13:50:00,533.21,533.21,533.16,533.16,-0.01,33.0,17660.38,-1
2025-12-21,2025-12-21 13:51:00,533.16,533.16,533.12,533.12,-0.01,33.0,17660.38,-1
2025-12-21,2025-12-21 13:52:00,533.12,533.12,533.07,533.07,-0.01,33.0,17660.38,-1
2025-12-21,2025-12-21 13:53:00,533.07,533.07,533.02,533.02,-0.01,33.0,17660.38,-1
2025-12-21,2025-12-21 13:54:00,533.02,533.02,532.98,532.98,-0.01,33.0,17660.38,-1
2025-12-21,2025-12-21 13:55:00,532.98,532.98,532.93,532.93,-0.01,33.0,17660.38,-1
2025-12-21,2025-12-21 13:56:00,532.93,532.93,532.89,532.89,-0.01,33.0,17660.38,-1
2025-12-21,2025-12-21 13:57:00,532.89,532.89,532.84,532.84,-0.01,33.0,17660.38,-1
2025-12-21,2025-12-21 13:58:00,532.84,532.84,532.8,532.8,-0.01,33.0,17660.38,-1
2025-12-21,2025-12-21 13:59:00,532.8,532.8,532.75,532.75,-0.01,33.0,17660.38,-1
2025-12-21,2025-12-21 14:00:00,532.75,532.75,532.7,532.7,-0.01,33.0,17660.38,-1
2025-12-21,2025-12-21 14:01:00,532.7,532.7,532.66,532.66,-0.01,33.0,17660.38,-1
2025-12-21,2025-12-21 14:02:00,532.66,532.66,532.61,532.61,-0.01,33.0,17660.38,-1
2025-12-21,2025-12-21 14:03:00,532.61,532.61,532.57,532.57,-0.01,33.0,17660.38,-1
2025-12-21,2025-12-21 14:04:00,532.57,532.57,532.52,532.52,-0.01,33.0,17660.38,-1
2025-12-21,2025-12-21 14:05:00,532.52,532.52,532.48,532.48,-0.01,33.0,17660.38,-1
2025-12-21,2025-12-21 14:06:00,532.48,532.48,532.43,532.43,-0.01,33.0,17660.38,-1
2025-12-21,2025-12-21 14:07:00,532.43,532.43,532.38,532.38,-0.01,33.0,17660.38,-1
2025-12-21,2025-12-21 14:08:00,532.38,532.38,532.34,532.34,-0.01,33.0,17660.38,-1
2025-12-21,2025-12-21 14:09:00,532.34,532.34,532.29,532.29,-0.01,33.0,17660.38,-1
2025-12-21,2025-12-21 14:10:00,532.29,532.29,532.25,532.25,-0.01,33.0,17660.38,-1
2025-12-21,2025-12-21 14:11:00,532.25,532.25,532.2,532.2,-0.01,33.0,17660.38,-1
2025-12-21,2025-12-21 14:12:00,532.2,532.2,532.15,532.15,-0.01,33.0,17660.38,-1
2025-12-21,2025-12-21 14:13:00,532.15,532.15,532.11,532.11,-0.01,33.0,17660.38,-1
2025-12-21,2025-12-21 14:14:00,532.11,532.11,532.06,532.06,-0.01,33.0,17660.38,-1
2025-12-21,2025-12-21 14:15:00,532.06,532.06,532.02,532.02,-0.01,33.0,17660.38,-1
2025-12-21,2025-12-21 14:16:00,532.02,532.02,531.97,531.97,-0.01,33.0,17660.38,-1
2025-12-21,2025-12-21 14:17:00,531.97,531.97,531.92,531.92,-0.01,33.0,17660.38,-1
2025-12-21,2025-12-21 14:18:00,531.92,531.92,531.88,531.88,-0.01,33.0,17660.38,-1
2025-12-21,2025-12-21 14:19:00,531.88,531.88,531.83,531.83,-0.01,33.0,17660.38,-1
2025-12-21,2025-12-21 14:20:00,531.83,531.83,531.79,531.79,-0.01,33.0,17660.38,-1
2025-12-21,2025-12-21 14:21:00,531.79,531.79,531.74,531.74,-0.01,33.0,17660.38,-1
2025-12-21,2025-12-21 14:22:00,531.74,531.74,531.7,531.7,-0.01,33.0,17660.38,-1
2025-12-21,2025-12-21 14:23:00,531.7,531.7,531.65,531.65,-0.01,33.0,17660.38,-1
2025-12-21,2025-12-21 14:24:00,531.65,531.65,531.6,531.6,-0.01,33.0,17660.38,-1
2025-12-21,2025-12-21 14:25:00,531.6,531.6,531.56,531.56,-0.01,33.0,17660.38,-1
2025-12-21,2025-12-21 14:26:00,531.56,531.56,531.51,531.51,-0.01,33.0,17660.38,-1
2025-12-21,2025-12-21 14:27:00,531.51,531.51,531.47,531.47,-0.01,33.0,17660.38,-1
2025-12-21,2025-12-21 14:28:00,531.47,531.47,531.42,531.42,-0.01,33.0,17660.38,-1
2025-12-21,2025-12-21 14:29:00,531.42,531.42,531.38,531.38,-0.01,33.0,17660.38,-1
2025-12-21,2025-12-21 14:30:00,531.38,531.38,531.33,531.33,-0.01,33.0,17660.38,-1
2025-12-21,2025-12-21 14:31:00,531.33,531.33,531.28,531.28,-0.01,33.0,17660.38,-1
2025-12-21,2025-12-21 14:32:00,531.28,531.28,531.24,531.24,-0.01,33.0,17660.38,-1
2025-12-21,2025-12-21 14:33:00,531.24,531.24,531.19,531.19,-0.01,33.0,17660.38,-1
2025-12-21,2025-12-21 14:34:00,531.19,531.19,531.15,531.15,-0.01,33.0,17660.38,-1
2025-12-21,2025-12-21 14:35:00,531.15,531.15,531.1,531.1,-0.01,33.0,17660.38,-1
2025-12-21,2025-12-21 14:36:00,531.1,531.1,531.05,531.05,-0.01,33.0,17660.38,-1
2025-12-21,2025-12-21 14:37:00,531.05,531.05,531.01,531.01,-0.01,33.0,17660.38,-1
2025-12-21,2025-12-21 14:38:00,531.01,531.01,530.96,530.96,-0.01,33.0,17660.38,-1
2025-12-21,2025-12-21 14:39:00,530.96,530.96,530.92,530.92,-0.01,33.0,17660.38,-1
2025-12-21,2025-12-21 14:40:00,530.92,530.92,530.87,530.87,-0.01,33.0,17660.38,-1
2025-12-21,2025-12-21 14:41:00,530.87,530.87,530.83,530.83,-0.01,33.0,17660.38,-1
2025-12-21,2025-12-21 14:42:00,530.83,530.83,530.78,530.78,-0.01,33.0,17660.38,-1
2025-12-21,2025-12-21 14:43:00,530.78,530.78,530.73,530.73,-0.01,33.0,17660.38,-1
2025-12-21,2025-12-21 14:44:00,530.73,530.73,530.69,530.69,-0.01,33.0,17660.38,-1
2025-12-21,2025-12-21 14:45:00,530.69,530.69,530.64,530.64,-0.01,33.0,17660.38,-1
2025-12-21,2025-12-21 14:46:00,530.64,530.64,530.6,530.6,-0.01,33.0,17660.38,-1
2025-12-21,2025-12-21 14:47:00,530.6,530.6,530.55,530.55,-0.01,33.0,17660.38,-1
2025-12-21,2025-12-21 14:48:00,530.55,530.55,530.5,530.5,-0.01,33.0,17660.38,-1
2025-12-21,2025-12-21 14:49:00,530.5,530.5,530.46,530.46,-0.01,33.0,17660.38,-1
2025-12-21,2025-12-21 14:50:00,530.46,530.46,530.41,530.41,-0.01,33.0,17660.38,-1
2025-12-21,2025-12-21 14:51:00,530.41,530.41,530.37,530.37,-0.01,33.0,17660.38,-1
2025-12-21,2025-12-21 14:52:00,530.37,530.37,530.32,530.32,-0.01,33.0,17660.38,-1
2025-12-21,2025-12-21 14:53:00,530.32,530.32,530.27,530.27,-0.01,33.0,17660.38,-1
2025-12-21,2025-12-21 14:54:00,530.27,530.27,530.23,530.23,-0.01,33.0,17660.38,-1
2025-12-21,2025-12-21 14:55:00,530.23,530.23,530.18,530.18,-0.01,33.0,17660.38,-1
2025-12-21,2025-12-21 14:56:00,530.18,530.18,530.14,530.14,-0.01,33.0,17660.38,-1
2025-12-21,2025-12-21 14:57:00,530.14,530.14,530.09,530.09,-0.01,33.0,17660.38,-1
2025-12-21,2025-12-21 14:58:00,530.09,530.09,530.05,530.05,-0.01,33.0,17660.38,-1
2025-12-21,2025-12-21 14:59:00,530.05,530.05,530.0,530.0,-0.01,33.0,17660.38,-1
2025-12-21,2025-12-21 15:00:00,530.0,541.0,530.0,530.0,0.0,33.0,17660.38,0
2025-12-22,2025-12-22 11:00:00,530.0,533.0,527.0,529.97,-0.01,44.57,23359.93,-1
2025-12-22,2025-12-22 11:01:00,529.97,529.97,529.94,529.94,-0.01,44.57,23359.93,-1
2025-12-22,2025-12-22 11:02:00,529.94,529.94,529.91,529.91,-0.01,44.57,23359.93,-1
2025-12-22,2025-12-22 11:03:00,529.91,529.91,529.88,529.88,-0.01,44.57,23359.93,-1
2025-12-22,2025-12-22 11:04:00,529.88,529.88,529.85,529.85,-0.01,44.57,23359.93,-1
2025-12-22,2025-12-22 11:05:00,529.85,529.85,529.83,529.83,-0.0,44.57,23359.93,-1
2025-12-22,2025-12-22 11:06:00,529.83,529.83,529.8,529.8,-0.01,44.57,23359.93,-1
2025-12-22,2025-12-22 11:07:00,529.8,529.8,529.77,529.77,-0.01,44.57,23359.93,-1
2025-12-22,2025-12-22 11:08:00,529.77,529.77,529.74,529.74,-0.01,44.57,23359.93,-1
2025-12-22,2025-12-22 11:09:00,529.74,529.74,529.71,529.71,-0.01,44.57,23359.93,-1
2025-12-22,2025-12-22 11:10:00,529.71,529.71,529.68,529.68,-0.01,44.57,23359.93,-1
2025-12-22,2025-12-22 11:11:00,529.68,529.68,529.65,529.65,-0.01,44.57,23359.93,-1
2025-12-22,2025-12-22 11:12:00,529.65,529.65,529.62,529.62,-0.01,44.57,23359.93,-1
2025-12-22,2025-12-22 11:13:00,529.62,529.62,529.59,529.59,-0.01,44.57,23359.93,-1
2025-12-22,2025-12-22 11:14:00,529.59,529.59,529.56,529.56,-0.01,44.57,23359.93,-1
2025-12-22,2025-12-22 11:15:00,529.56,529.56,529.53,529.53,-0.01,44.57,23359.93,-1
2025-12-22,2025-12-22 11:16:00,529.53,529.53,529.5,529.5,-0.01,44.57,23359.93,-1
2025-12-22,2025-12-22 11:17:00,529.5,529.5,529.48,529.48,-0.0,44.57,23359.93,-1
2025-12-22,2025-12-22 11:18:00,529.48,529.48,529.45,529.45,-0.01,44.57,23359.93,-1
2025-12-22,2025-12-22 11:19:00,529.45,529.45,529.42,529.42,-0.01,44.57,23359.93,-1
2025-12-22,2025-12-22 11:20:00,529.42,529.42,529.39,529.39,-0.01,44.57,23359.93,-1
2025-12-22,2025-12-22 11:21:00,529.39,529.39,529.36,529.36,-0.01,44.57,23359.93,-1
2025-12-22,2025-12-22 11:22:00,529.36,529.36,529.33,529.33,-0.01,44.57,23359.93,-1
2025-12-22,2025-12-22 11:23:00,529.33,529.33,529.3,529.3,-0.01,44.57,23359.93,-1
2025-12-22,2025-12-22 11:24:00,529.3,529.3,529.27,529.27,-0.01,44.57,23359.93,-1
2025-12-22,2025-12-22 11:25:00,529.27,529.27,529.24,529.24,-0.01,44.57,23359.93,-1
2025-12-22,2025-12-22 11:26:00,529.24,529.24,529.21,529.21,-0.01,44.57,23359.93,-1
2025-12-22,2025-12-22 11:27:00,529.21,529.21,529.18,529.18,-0.01,44.57,23359.93,-1
2025-12-22,2025-12-22 11:28:00,529.18,529.18,529.15,529.15,-0.01,44.57,23359.93,-1
2025-12-22,2025-12-22 11:29:00,529.15,529.15,529.12,529.12,-0.01,44.57,23359.93,-1
2025-12-22,2025-12-22 11:30:00,529.12,529.12,529.1,529.1,-0.0,44.57,23359.93,-1
2025-12-22,2025-12-22 11:31:00,529.1,529.1,529.07,529.07,-0.01,44.57,23359.93,-1
2025-12-22,2025-12-22 11:32:00,529.07,529.07,529.04,529.04,-0.01,44.57,23359.93,-1
2025-12-22,2025-12-22 11:33:00,529.04,529.04,529.01,529.01,-0.01,44.57,23359.93,-1
2025-12-22,2025-12-22 11:34:00,529.01,529.01,528.98,528.98,-0.01,44.57,23359.93,-1
2025-12-22,2025-12-22 11:35:00,528.98,528.98,528.95,528.95,-0.01,44.57,23359.93,-1
2025-12-22,2025-12-22 11:36:00,528.95,528.95,528.92,528.92,-0.01,44.57,23359.93,-1
2025-12-22,2025-12-22 11:37:00,528.92,528.92,528.89,528.89,-0.01,44.57,23359.93,-1
2025-12-22,2025-12-22 11:38:00,528.89,528.89,528.86,528.86,-0.01,44.57,23359.93,-1
2025-12-22,2025-12-22 11:39:00,528.86,528.86,528.83,528.83,-0.01,44.57,23359.93,-1
2025-12-22,2025-12-22 11:40:00,528.83,528.83,528.8,528.8,-0.01,44.57,23359.93,-1
2025-12-22,2025-12-22 11:41:00,528.8,528.8,528.77,528.77,-0.01,44.57,23359.93,-1
2025-12-22,2025-12-22 11:42:00,528.77,528.77,528.75,528.75,-0.0,44.57,23359.93,-1
2025-12-22,2025-12-22 11:43:00,528.75,528.75,528.72,528.72,-0.01,44.57,23359.93,-1
2025-12-22,2025-12-22 11:44:00,528.72,528.72,528.69,528.69,-0.01,44.57,23359.93,-1
2025-12-22,2025-12-22 11:45:00,528.69,528.69,528.66,528.66,-0.01,44.57,23359.93,-1
2025-12-22,2025-12-22 11:46:00,528.66,528.66,528.63,528.63,-0.01,44.57,23359.93,-1
2025-12-22,2025-12-22 11:47:00,528.63,528.63,528.6,528.6,-0.01,44.57,23359.93,-1
2025-12-22,2025-12-22 11:48:00,528.6,528.6,528.57,528.57,-0.01,44.57,23359.93,-1
2025-12-22,2025-12-22 11:49:00,528.57,528.57,528.54,528.54,-0.01,44.57,23359.93,-1
2025-12-22,2025-12-22 11:50:00,528.54,528.54,528.51,528.51,-0.01,44.57,23359.93,-1
2025-12-22,2025-12-22 11:51:00,528.51,528.51,528.48,528.48,-0.01,44.57,23359.93,-1
2025-12-22,2025-12-22 11:52:00,528.48,528.48,528.45,528.45,-0.01,44.57,23359.93,-1
2025-12-22,2025-12-22 11:53:00,528.45,528.45,528.42,528.42,-0.01,44.57,23359.93,-1
2025-12-22,2025-12-22 11:54:00,528.42,528.42,528.4,528.4,-0.0,44.57,23359.93,-1
2025-12-22,2025-12-22 11:55:00,528.4,528.4,528.37,528.37,-0.01,44.57,23359.93,-1
2025-12-22,2025-12-22 11:56:00,528.37,528.37,528.34,528.34,-0.01,44.57,23359.93,-1
2025-12-22,2025-12-22 11:57:00,528.34,528.34,528.31,528.31,-0.01,44.57,23359.93,-1
2025-12-22,2025-12-22 11:58:00,528.31,528.31,528.28,528.28,-0.01,44.57,23359.93,-1
2025-12-22,2025-12-22 11:59:00,528.28,528.28,528.25,528.25,-0.01,44.57,23359.93,-1
2025-12-22,2025-12-22 12:00:00,528.25,528.25,528.22,528.22,-0.01,44.57,23359.93,-1
2025-12-22,2025-12-22 12:01:00,528.22,528.22,528.19,528.19,-0.01,44.57,23359.93,-1
2025-12-22,2025-12-22 12:02:00,528.19,528.19,528.16,528.16,-0.01,44.57,23359.93,-1
2025-12-22,2025-12-22 12:03:00,528.16,528.16,528.13,528.13,-0.01,44.57,23359.93,-1
2025-12-22,2025-12-22 12:04:00,528.13,528.13,528.1,528.1,-0.01,44.57,23359.93,-1
2025-12-22,2025-12-22 12:05:00,528.1,528.1,528.08,528.08,-0.0,44.57,23359.93,-1
2025-12-22,2025-12-22 12:06:00,528.08,528.08,528.05,528.05,-0.01,44.57,23359.93,-1
2025-12-22,2025-12-22 12:07:00,528.05,528.05,528.02,528.02,-0.01,44.57,23359.93,-1
2025-12-22,2025-12-22 12:08:00,528.02,528.02,527.99,527.99,-0.01,44.57,23359.93,-1
2025-12-22,2025-12-22 12:09:00,527.99,527.99,527.96,527.96,-0.01,44.57,23359.93,-1
2025-12-22,2025-12-22 12:10:00,527.96,527.96,527.93,527.93,-0.01,44.57,23359.93,-1
2025-12-22,2025-12-22 12:11:00,527.93,527.93,527.9,527.9,-0.01,44.57,23359.93,-1
2025-12-22,2025-12-22 12:12:00,527.9,527.9,527.87,527.87,-0.01,44.57,23359.93,-1
2025-12-22,2025-12-22 12:13:00,527.87,527.87,527.84,527.84,-0.01,44.57,23359.93,-1
2025-12-22,2025-12-22 12:14:00,527.84,527.84,527.81,527.81,-0.01,44.57,23359.93,-1
2025-12-22,2025-12-22 12:15:00,527.81,527.81,527.78,527.78,-0.01,44.57,23359.93,-1
2025-12-22,2025-12-22 12:16:00,527.78,527.78,527.75,527.75,-0.01,44.57,23359.93,-1
2025-12-22,2025-12-22 12:17:00,527.75,527.75,527.73,527.73,-0.0,44.57,23359.93,-1
2025-12-22,2025-12-22 12:18:00,527.73,527.73,527.7,527.7,-0.01,44.57,23359.93,-1
2025-12-22,2025-12-22 12:19:00,527.7,527.7,527.67,527.67,-0.01,44.57,23359.93,-1
2025-12-22,2025-12-22 12:20:00,527.67,527.67,527.64,527.64,-0.01,44.57,23359.93,-1
2025-12-22,2025-12-22 12:21:00,527.64,527.64,527.61,527.61,-0.01,44.57,23359.93,-1
2025-12-22,2025-12-22 12:22:00,527.61,527.61,527.58,527.58,-0.01,44.57,23359.93,-1
2025-12-22,2025-12-22 12:23:00,527.58,527.58,527.55,527.55,-0.01,44.57,23359.93,-1
2025-12-22,2025-12-22 12:24:00,527.55,527.55,527.52,527.52,-0.01,44.57,23359.93,-1
2025-12-22,2025-12-22 12:25:00,527.52,527.52,527.49,527.49,-0.01,44.57,23359.93,-1
2025-12-22,2025-12-22 12:26:00,527.49,527.49,527.46,527.46,-0.01,44.57,23359.93,-1
2025-12-22,2025-12-22 12:27:00,527.46,527.46,527.43,527.43,-0.01,44.57,23359.93,-1
2025-12-22,2025-12-22 12:28:00,527.43,527.43,527.4,527.4,-0.01,44.57,23359.93,-1
2025-12-22,2025-12-22 12:29:00,527.4,527.4,527.38,527.38,-0.0,44.57,23359.93,-1
2025-12-22,2025-12-22 12:30:00,527.38,527.38,527.35,527.35,-0.01,44.57,23359.93,-1
2025-12-22,2025-12-22 12:31:00,527.35,527.35,527.32,527.32,-0.01,44.57,23359.93,-1
2025-12-22,2025-12-22 12:32:00,527.32,527.32,527.29,527.29,-0.01,44.57,23359.93,-1
2025-12-22,2025-12-22 12:33:00,527.29,527.29,527.26,527.26,-0.01,44.57,23359.93,-1
2025-12-22,2025-12-22 12:34:00,527.26,527.26,527.23,527.23,-0.01,44.57,23359.93,-1
2025-12-22,2025-12-22 12:35:00,527.23,527.23,527.2,527.2,-0.01,44.57,23359.93,-1
2025-12-22,2025-12-22 12:36:00,527.2,527.2,527.17,527.17,-0.01,44.57,23359.93,-1
2025-12-22,2025-12-22 12:37:00,527.17,527.17,527.14,527.14,-0.01,44.57,23359.93,-1
2025-12-22,2025-12-22 12:38:00,527.14,527.14,527.11,527.11,-0.01,44.57,23359.93,-1
2025-12-22,2025-12-22 12:39:00,527.11,527.11,527.08,527.08,-0.01,44.57,23359.93,-1
2025-12-22,2025-12-22 12:40:00,527.08,527.08,527.05,527.05,-0.01,44.57,23359.93,-1
2025-12-22,2025-12-22 12:41:00,527.05,527.05,527.02,527.02,-0.01,44.57,23359.93,-1
2025-12-22,2025-12-22 12:42:00,527.02,527.02,527.0,527.0,-0.0,44.57,23359.93,-1
2025-12-22,2025-12-22 12:43:00,527.0,527.0,526.97,526.97,-0.01,44.57,23359.93,-1
2025-12-22,2025-12-22 12:44:00,526.97,526.97,526.94,526.94,-0.01,44.57,23359.93,-1
2025-12-22,2025-12-22 12:45:00,526.94,526.94,526.91,526.91,-0.01,44.57,23359.93,-1
2025-12-22,2025-12-22 12:46:00,526.91,526.91,526.88,526.88,-0.01,44.57,23359.93,-1
2025-12-22,2025-12-22 12:47:00,526.88,526.88,526.85,526.85,-0.01,44.57,23359.93,-1
2025-12-22,2025-12-22 12:48:00,526.85,526.85,526.82,526.82,-0.01,44.57,23359.93,-1
2025-12-22,2025-12-22 12:49:00,526.82,526.82,526.79,526.79,-0.01,44.57,23359.93,-1
2025-12-22,2025-12-22 12:50:00,526.79,526.79,526.76,526.76,-0.01,44.57,23359.93,-1
2025-12-22,2025-12-22 12:51:00,526.76,526.76,526.73,526.73,-0.01,44.57,23359.93,-1
2025-12-22,2025-12-22 12:52:00,526.73,526.73,526.7,526.7,-0.01,44.57,23359.93,-1
2025-12-22,2025-12-22 12:53:00,526.7,526.7,526.67,526.67,-0.01,44.57,23359.93,-1
2025-12-22,2025-12-22 12:54:00,526.67,526.67,526.65,526.65,-0.0,44.57,23359.93,-1
2025-12-22,2025-12-22 12:55:00,526.65,526.65,526.62,526.62,-0.01,44.57,23359.93,-1
2025-12-22,2025-12-22 12:56:00,526.62,526.62,526.59,526.59,-0.01,44.57,23359.93,-1
2025-12-22,2025-12-22 12:57:00,526.59,526.59,526.56,526.56,-0.01,44.57,23359.93,-1
2025-12-22,2025-12-22 12:58:00,526.56,526.56,526.53,526.53,-0.01,44.57,23359.93,-1
2025-12-22,2025-12-22 12:59:00,526.53,526.53,526.5,526.5,-0.01,44.57,23359.93,-1
2025-12-22,2025-12-22 13:00:00,526.5,540.0,520.0,526.47,-0.01,44.57,23359.93,-1
2025-12-22,2025-12-22 13:01:00,526.47,526.47,526.44,526.44,-0.01,44.57,23359.93,-1
2025-12-22,2025-12-22 13:02:00,526.44,526.44,526.41,526.41,-0.01,44.57,23359.93,-1
2025-12-22,2025-12-22 13:03:00,526.41,526.41,526.38,526.38,-0.01,44.57,23359.93,-1
2025-12-22,2025-12-22 13:04:00,526.38,526.38,526.35,526.35,-0.01,44.57,23359.93,-1
2025-12-22,2025-12-22 13:05:00,526.35,526.35,526.33,526.33,-0.0,44.57,23359.93,-1
2025-12-22,2025-12-22 13:06:00,526.33,526.33,526.3,526.3,-0.01,44.57,23359.93,-1
2025-12-22,2025-12-22 13:07:00,526.3,526.3,526.27,526.27,-0.01,44.57,23359.93,-1
2025-12-22,2025-12-22 13:08:00,526.27,526.27,526.24,526.24,-0.01,44.57,23359.93,-1
2025-12-22,2025-12-22 13:09:00,526.24,526.24,526.21,526.21,-0.01,44.57,23359.93,-1
2025-12-22,2025-12-22 13:10:00,526.21,526.21,526.18,526.18,-0.01,44.57,23359.93,-1
2025-12-22,2025-12-22 13:11:00,526.18,526.18,526.15,526.15,-0.01,44.57,23359.93,-1
2025-12-22,2025-12-22 13:12:00,526.15,526.15,526.12,526.12,-0.01,44.57,23359.93,-1
2025-12-22,2025-12-22 13:13:00,526.12,526.12,526.09,526.09,-0.01,44.57,23359.93,-1
2025-12-22,2025-12-22 13:14:00,526.09,526.09,526.06,526.06,-0.01,44.57,23359.93,-1
2025-12-22,2025-12-22 13:15:00,526.06,526.06,526.03,526.03,-0.01,44.57,23359.93,-1
2025-12-22,2025-12-22 13:16:00,526.03,526.03,526.0,526.0,-0.01,44.57,23359.93,-1
2025-12-22,2025-12-22 13:17:00,526.0,526.0,525.98,525.98,-0.0,44.57,23359.93,-1
2025-12-22,2025-12-22 13:18:00,525.98,525.98,525.95,525.95,-0.01,44.57,23359.93,-1
2025-12-22,2025-12-22 13:19:00,525.95,525.95,525.92,525.92,-0.01,44.57,23359.93,-1
2025-12-22,2025-12-22 13:20:00,525.92,525.92,525.89,525.89,-0.01,44.57,23359.93,-1
2025-12-22,2025-12-22 13:21:00,525.89,525.89,525.86,525.86,-0.01,44.57,23359.93,-1
2025-12-22,2025-12-22 13:22:00,525.86,525.86,525.83,525.83,-0.01,44.57,23359.93,-1
2025-12-22,2025-12-22 13:23:00,525.83,525.83,525.8,525.8,-0.01,44.57,23359.93,-1
2025-12-22,2025-12-22 13:24:00,525.8,525.8,525.77,525.77,-0.01,44.57,23359.93,-1
2025-12-22,2025-12-22 13:25:00,525.77,525.77,525.74,525.74,-0.01,44.57,23359.93,-1
2025-12-22,2025-12-22 13:26:00,525.74,525.74,525.71,525.71,-0.01,44.57,23359.93,-1
2025-12-22,2025-12-22 13:27:00,525.71,525.71,525.68,525.68,-0.01,44.57,23359.93,-1
2025-12-22,2025-12-22 13:28:00,525.68,525.68,525.65,525.65,-0.01,44.57,23359.93,-1
2025-12-22,2025-12-22 13:29:00,525.65,525.65,525.62,525.62,-0.01,44.57,23359.93,-1
2025-12-22,2025-12-22 13:30:00,525.62,525.62,525.6,525.6,-0.0,44.57,23359.93,-1
2025-12-22,2025-12-22 13:31:00,525.6,525.6,525.57,525.57,-0.01,44.57,23359.93,-1
2025-12-22,2025-12-22 13:32:00,525.57,525.57,525.54,525.54,-0.01,44.57,23359.93,-1
2025-12-22,2025-12-22 13:33:00,525.54,525.54,525.51,525.51,-0.01,44.57,23359.93,-1
2025-12-22,2025-12-22 13:34:00,525.51,525.51,525.48,525.48,-0.01,44.57,23359.93,-1
2025-12-22,2025-12-22 13:35:00,525.48,525.48,525.45,525.45,-0.01,44.57,23359.93,-1
2025-12-22,2025-12-22 13:36:00,525.45,525.45,525.42,525.42,-0.01,44.57,23359.93,-1
2025-12-22,2025-12-22 13:37:00,525.42,525.42,525.39,525.39,-0.01,44.57,23359.93,-1
2025-12-22,2025-12-22 13:38:00,525.39,525.39,525.36,525.36,-0.01,44.57,23359.93,-1
2025-12-22,2025-12-22 13:39:00,525.36,525.36,525.33,525.33,-0.01,44.57,23359.93,-1
2025-12-22,2025-12-22 13:40:00,525.33,525.33,525.3,525.3,-0.01,44.57,23359.93,-1
2025-12-22,2025-12-22 13:41:00,525.3,525.3,525.27,525.27,-0.01,44.57,23359.93,-1
2025-12-22,2025-12-22 13:42:00,525.27,525.27,525.25,525.25,-0.0,44.57,23359.93,-1
2025-12-22,2025-12-22 13:43:00,525.25,525.25,525.22,525.22,-0.01,44.57,23359.93,-1
2025-12-22,2025-12-22 13:44:00,525.22,525.22,525.19,525.19,-0.01,44.57,23359.93,-1
2025-12-22,2025-12-22 13:45:00,525.19,525.19,525.16,525.16,-0.01,44.57,23359.93,-1
2025-12-22,2025-12-22 13:46:00,525.16,525.16,525.13,525.13,-0.01,44.57,23359.93,-1
2025-12-22,2025-12-22 13:47:00,525.13,525.13,525.1,525.1,-0.01,44.57,23359.93,-1
2025-12-22,2025-12-22 13:48:00,525.1,525.1,525.07,525.07,-0.01,44.57,23359.93,-1
2025-12-22,2025-12-22 13:49:00,525.07,525.07,525.04,525.04,-0.01,44.57,23359.93,-1
2025-12-22,2025-12-22 13:50:00,525.04,525.04,525.01,525.01,-0.01,44.57,23359.93,-1
2025-12-22,2025-12-22 13:51:00,525.01,525.01,524.98,524.98,-0.01,44.57,23359.93,-1
2025-12-22,2025-12-22 13:52:00,524.98,524.98,524.95,524.95,-0.01,44.57,23359.93,-1
2025-12-22,2025-12-22 13:53:00,524.95,524.95,524.92,524.92,-0.01,44.57,23359.93,-1
2025-12-22,2025-12-22 13:54:00,524.92,524.92,524.9,524.9,-0.0,44.57,23359.93,-1
2025-12-22,2025-12-22 13:55:00,524.9,524.9,524.87,524.87,-0.01,44.57,23359.93,-1
2025-12-22,2025-12-22 13:56:00,524.87,524.87,524.84,524.84,-0.01,44.57,23359.93,-1
2025-12-22,2025-12-22 13:57:00,524.84,524.84,524.81,524.81,-0.01,44.57,23359.93,-1
2025-12-22,2025-12-22 13:58:00,524.81,524.81,524.78,524.78,-0.01,44.57,23359.93,-1
2025-12-22,2025-12-22 13:59:00,524.78,524.78,524.75,524.75,-0.01,44.57,23359.93,-1
2025-12-22,2025-12-22 14:00:00,524.75,524.75,524.72,524.72,-0.01,44.57,23359.93,-1
2025-12-22,2025-12-22 14:01:00,524.72,524.72,524.69,524.69,-0.01,44.57,23359.93,-1
2025-12-22,2025-12-22 14:02:00,524.69,524.69,524.66,524.66,-0.01,44.57,23359.93,-1
2025-12-22,2025-12-22 14:03:00,524.66,524.66,524.63,524.63,-0.01,44.57,23359.93,-1
2025-12-22,2025-12-22 14:04:00,524.63,524.63,524.6,524.6,-0.01,44.57,23359.93,-1
2025-12-22,2025-12-22 14:05:00,524.6,524.6,524.58,524.58,-0.0,44.57,23359.93,-1
2025-12-22,2025-12-22 14:06:00,524.58,524.58,524.55,524.55,-0.01,44.57,23359.93,-1
2025-12-22,2025-12-22 14:07:00,524.55,524.55,524.52,524.52,-0.01,44.57,23359.93,-1
2025-12-22,2025-12-22 14:08:00,524.52,524.52,524.49,524.49,-0.01,44.57,23359.93,-1
2025-12-22,2025-12-22 14:09:00,524.49,524.49,524.46,524.46,-0.01,44.57,23359.93,-1
2025-12-22,2025-12-22 14:10:00,524.46,524.46,524.43,524.43,-0.01,44.57,23359.93,-1
2025-12-22,2025-12-22 14:11:00,524.43,524.43,524.4,524.4,-0.01,44.57,23359.93,-1
2025-12-22,2025-12-22 14:12:00,524.4,524.4,524.37,524.37,-0.01,44.57,23359.93,-1
2025-12-22,2025-12-22 14:13:00,524.37,524.37,524.34,524.34,-0.01,44.57,23359.93,-1
2025-12-22,2025-12-22 14:14:00,524.34,524.34,524.31,524.31,-0.01,44.57,23359.93,-1
2025-12-22,2025-12-22 14:15:00,524.31,524.31,524.28,524.28,-0.01,44.57,23359.93,-1
2025-12-22,2025-12-22 14:16:00,524.28,524.28,524.25,524.25,-0.01,44.57,23359.93,-1
2025-12-22,2025-12-22 14:17:00,524.25,524.25,524.23,524.23,-0.0,44.57,23359.93,-1
2025-12-22,2025-12-22 14:18:00,524.23,524.23,524.2,524.2,-0.01,44.57,23359.93,-1
2025-12-22,2025-12-22 14:19:00,524.2,524.2,524.17,524.17,-0.01,44.57,23359.93,-1
2025-12-22,2025-12-22 14:20:00,524.17,524.17,524.14,524.14,-0.01,44.57,23359.93,-1
2025-12-22,2025-12-22 14:21:00,524.14,524.14,524.11,524.11,-0.01,44.57,23359.93,-1
2025-12-22,2025-12-22 14:22:00,524.11,524.11,524.08,524.08,-0.01,44.57,23359.93,-1
2025-12-22,2025-12-22 14:23:00,524.08,524.08,524.05,524.05,-0.01,44.57,23359.93,-1
2025-12-22,2025-12-22 14:24:00,524.05,524.05,524.02,524.02,-0.01,44.57,23359.93,-1
2025-12-22,2025-12-22 14:25:00,524.02,524.02,523.99,523.99,-0.01,44.57,23359.93,-1
2025-12-22,2025-12-22 14:26:00,523.99,523.99,523.96,523.96,-0.01,44.57,23359.93,-1
2025-12-22,2025-12-22 14:27:00,523.96,523.96,523.93,523.93,-0.01,44.57,23359.93,-1
2025-12-22,2025-12-22 14:28:00,523.93,523.93,523.9,523.9,-0.01,44.57,23359.93,-1
2025-12-22,2025-12-22 14:29:00,523.9,523.9,523.88,523.88,-0.0,44.57,23359.93,-1
2025-12-22,2025-12-22 14:30:00,523.88,523.88,523.85,523.85,-0.01,44.57,23359.93,-1
2025-12-22,2025-12-22 14:31:00,523.85,523.85,523.82,523.82,-0.01,44.57,23359.93,-1
2025-12-22,2025-12-22 14:32:00,523.82,523.82,523.79,523.79,-0.01,44.57,23359.93,-1
2025-12-22,2025-12-22 14:33:00,523.79,523.79,523.76,523.76,-0.01,44.57,23359.93,-1
2025-12-22,2025-12-22 14:34:00,523.76,523.76,523.73,523.73,-0.01,44.57,23359.93,-1
2025-12-22,2025-12-22 14:35:00,523.73,523.73,523.7,523.7,-0.01,44.57,23359.93,-1
2025-12-22,2025-12-22 14:36:00,523.7,523.7,523.67,523.67,-0.01,44.57,23359.93,-1
2025-12-22,2025-12-22 14:37:00,523.67,523.67,523.64,523.64,-0.01,44.57,23359.93,-1
2025-12-22,2025-12-22 14:38:00,523.64,523.64,523.61,523.61,-0.01,44.57,23359.93,-1
2025-12-22,2025-12-22 14:39:00,523.61,523.61,523.58,523.58,-0.01,44.57,23359.93,-1
2025-12-22,2025-12-22 14:40:00,523.58,523.58,523.55,523.55,-0.01,44.57,23359.93,-1
2025-12-22,2025-12-22 14:41:00,523.55,523.55,523.52,523.52,-0.01,44.57,23359.93,-1
2025-12-22,2025-12-22 14:42:00,523.52,523.52,523.5,523.5,-0.0,44.57,23359.93,-1
2025-12-22,2025-12-22 14:43:00,523.5,523.5,523.47,523.47,-0.01,44.57,23359.93,-1
2025-12-22,2025-12-22 14:44:00,523.47,523.47,523.44,523.44,-0.01,44.57,23359.93,-1
2025-12-22,2025-12-22 14:45:00,523.44,523.44,523.41,523.41,-0.01,44.57,23359.93,-1
2025-12-22,2025-12-22 14:46:00,523.41,523.41,523.38,523.38,-0.01,44.57,23359.93,-1
2025-12-22,2025-12-22 14:47:00,523.38,523.38,523.35,523.35,-0.01,44.57,23359.93,-1
2025-12-22,2025-12-22 14:48:00,523.35,523.35,523.32,523.32,-0.01,44.57,23359.93,-1
2025-12-22,2025-12-22 14:49:00,523.32,523.32,523.29,523.29,-0.01,44.57,23359.93,-1
2025-12-22,2025-12-22 14:50:00,523.29,523.29,523.26,523.26,-0.01,44.57,23359.93,-1
2025-12-22,2025-12-22 14:51:00,523.26,523.26,523.23,523.23,-0.01,44.57,23359.93,-1
2025-12-22,2025-12-22 14:52:00,523.23,523.23,523.2,523.2,-0.01,44.57,23359.93,-1
2025-12-22,2025-12-22 14:53:00,523.2,523.2,523.17,523.17,-0.01,44.57,23359.93,-1
2025-12-22,2025-12-22 14:54:00,523.17,523.17,523.15,523.15,-0.0,44.57,23359.93,-1
2025-12-22,2025-12-22 14:55:00,523.15,523.15,523.12,523.12,-0.01,44.57,23359.93,-1
2025-12-22,2025-12-22 14:56:00,523.12,523.12,523.09,523.09,-0.01,44.57,23359.93,-1
2025-12-22,2025-12-22 14:57:00,523.09,523.09,523.06,523.06,-0.01,44.57,23359.93,-1
2025-12-22,2025-12-22 14:58:00,523.06,523.06,523.03,523.03,-0.01,44.57,23359.93,-1
2025-12-22,2025-12-22 14:59:00,523.03,523.03,523.0,523.0,-0.01,44.57,23359.93,-1
2025-12-22,2025-12-22 15:00:00,523.0,540.0,520.0,523.0,0.0,44.57,23359.93,0
2025-12-23,2025-12-23 11:00:00,533.4,536.28,529.32,533.36,-0.01,42.55,22237.18,-1
2025-12-23,2025-12-23 11:01:00,533.36,533.36,533.32,533.32,-0.01,42.55,22237.18,-1
2025-12-23,2025-12-23 11:02:00,533.32,533.32,533.28,533.28,-0.01,42.55,22237.18,-1
2025-12-23,2025-12-23 11:03:00,533.28,533.28,533.24,533.24,-0.01,42.55,22237.18,-1
2025-12-23,2025-12-23 11:04:00,533.24,533.24,533.2,533.2,-0.01,42.55,22237.18,-1
2025-12-23,2025-12-23 11:05:00,533.2,533.2,533.16,533.16,-0.01,42.55,22237.18,-1
2025-12-23,2025-12-23 11:06:00,533.16,533.16,533.13,533.13,-0.01,42.55,22237.18,-1
2025-12-23,2025-12-23 11:07:00,533.13,533.13,533.09,533.09,-0.01,42.55,22237.18,-1
2025-12-23,2025-12-23 11:08:00,533.09,533.09,533.05,533.05,-0.01,42.55,22237.18,-1
2025-12-23,2025-12-23 11:09:00,533.05,533.05,533.01,533.01,-0.01,42.55,22237.18,-1
2025-12-23,2025-12-23 11:10:00,533.01,533.01,532.97,532.97,-0.01,42.55,22237.18,-1
2025-12-23,2025-12-23 11:11:00,532.97,532.97,532.93,532.93,-0.01,42.55,22237.18,-1
2025-12-23,2025-12-23 11:12:00,532.93,532.93,532.89,532.89,-0.01,42.55,22237.18,-1
2025-12-23,2025-12-23 11:13:00,532.89,532.89,532.85,532.85,-0.01,42.55,22237.18,-1
2025-12-23,2025-12-23 11:14:00,532.85,532.85,532.81,532.81,-0.01,42.55,22237.18,-1
2025-12-23,2025-12-23 11:15:00,532.81,532.81,532.77,532.77,-0.01,42.55,22237.18,-1
2025-12-23,2025-12-23 11:16:00,532.77,532.77,532.73,532.73,-0.01,42.55,22237.18,-1
2025-12-23,2025-12-23 11:17:00,532.73,532.73,532.69,532.69,-0.01,42.55,22237.18,-1
2025-12-23,2025-12-23 11:18:00,532.69,532.69,532.66,532.66,-0.01,42.55,22237.18,-1
2025-12-23,2025-12-23 11:19:00,532.66,532.66,532.62,532.62,-0.01,42.55,22237.18,-1
2025-12-23,2025-12-23 11:20:00,532.62,532.62,532.58,532.58,-0.01,42.55,22237.18,-1
2025-12-23,2025-12-23 11:21:00,532.58,532.58,532.54,532.54,-0.01,42.55,22237.18,-1
2025-12-23,2025-12-23 11:22:00,532.54,532.54,532.5,532.5,-0.01,42.55,22237.18,-1
2025-12-23,2025-12-23 11:23:00,532.5,532.5,532.46,532.46,-0.01,42.55,22237.18,-1
2025-12-23,2025-12-23 11:24:00,532.46,532.46,532.42,532.42,-0.01,42.55,22237.18,-1
2025-12-23,2025-12-23 11:25:00,532.42,532.42,532.38,532.38,-0.01,42.55,22237.18,-1
2025-12-23,2025-12-23 11:26:00,532.38,532.38,532.34,532.34,-0.01,42.55,22237.18,-1
2025-12-23,2025-12-23 11:27:00,532.34,532.34,532.3,532.3,-0.01,42.55,22237.18,-1
2025-12-23,2025-12-23 11:28:00,532.3,532.3,532.26,532.26,-0.01,42.55,22237.18,-1
2025-12-23,2025-12-23 11:29:00,532.26,532.26,532.23,532.23,-0.01,42.55,22237.18,-1
2025-12-23,2025-12-23 11:30:00,532.23,532.23,532.19,532.19,-0.01,42.55,22237.18,-1
2025-12-23,2025-12-23 11:31:00,532.19,532.19,532.15,532.15,-0.01,42.55,22237.18,-1
2025-12-23,2025-12-23 11:32:00,532.15,532.15,532.11,532.11,-0.01,42.55,22237.18,-1
2025-12-23,2025-12-23 11:33:00,532.11,532.11,532.07,532.07,-0.01,42.55,22237.18,-1
2025-12-23,2025-12-23 11:34:00,532.07,532.07,532.03,532.03,-0.01,42.55,22237.18,-1
2025-12-23,2025-12-23 11:35:00,532.03,532.03,531.99,531.99,-0.01,42.55,22237.18,-1
2025-12-23,2025-12-23 11:36:00,531.99,531.99,531.95,531.95,-0.01,42.55,22237.18,-1
2025-12-23,2025-12-23 11:37:00,531.95,531.95,531.91,531.91,-0.01,42.55,22237.18,-1
2025-12-23,2025-12-23 11:38:00,531.91,531.91,531.87,531.87,-0.01,42.55,22237.18,-1
2025-12-23,2025-12-23 11:39:00,531.87,531.87,531.83,531.83,-0.01,42.55,22237.18,-1
2025-12-23,2025-12-23 11:40:00,531.83,531.83,531.79,531.79,-0.01,42.55,22237.18,-1
2025-12-23,2025-12-23 11:41:00,531.79,531.79,531.75,531.75,-0.01,42.55,22237.18,-1
2025-12-23,2025-12-23 11:42:00,531.75,531.75,531.72,531.72,-0.01,42.55,22237.18,-1
2025-12-23,2025-12-23 11:43:00,531.72,531.72,531.68,531.68,-0.01,42.55,22237.18,-1
2025-12-23,2025-12-23 11:44:00,531.68,531.68,531.64,531.64,-0.01,42.55,22237.18,-1
2025-12-23,2025-12-23 11:45:00,531.64,531.64,531.6,531.6,-0.01,42.55,22237.18,-1
2025-12-23,2025-12-23 11:46:00,531.6,531.6,531.56,531.56,-0.01,42.55,22237.18,-1
2025-12-23,2025-12-23 11:47:00,531.56,531.56,531.52,531.52,-0.01,42.55,22237.18,-1
2025-12-23,2025-12-23 11:48:00,531.52,531.52,531.48,531.48,-0.01,42.55,22237.18,-1
2025-12-23,2025-12-23 11:49:00,531.48,531.48,531.44,531.44,-0.01,42.55,22237.18,-1
2025-12-23,2025-12-23 11:50:00,531.44,531.44,531.4,531.4,-0.01,42.55,22237.18,-1
2025-12-23,2025-12-23 11:51:00,531.4,531.4,531.36,531.36,-0.01,42.55,22237.18,-1
2025-12-23,2025-12-23 11:52:00,531.36,531.36,531.32,531.32,-0.01,42.55,22237.18,-1
2025-12-23,2025-12-23 11:53:00,531.32,531.32,531.28,531.28,-0.01,42.55,22237.18,-1
2025-12-23,2025-12-23 11:54:00,531.28,531.28,531.25,531.25,-0.01,42.55,22237.18,-1
2025-12-23,2025-12-23 11:55:00,531.25,531.25,531.21,531.21,-0.01,42.55,22237.18,-1
2025-12-23,2025-12-23 11:56:00,531.21,531.21,531.17,531.17,-0.01,42.55,22237.18,-1
2025-12-23,2025-12-23 11:57:00,531.17,531.17,531.13,531.13,-0.01,42.55,22237.18,-1
2025-12-23,2025-12-23 11:58:00,531.13,531.13,531.09,531.09,-0.01,42.55,22237.18,-1
2025-12-23,2025-12-23 11:59:00,531.09,531.09,531.05,531.05,-0.01,42.55,22237.18,-1
2025-12-23,2025-12-23 12:00:00,531.05,531.05,531.01,531.01,-0.01,42.55,22237.18,-1
2025-12-23,2025-12-23 12:01:00,531.01,531.01,530.97,530.97,-0.01,42.55,22237.18,-1
2025-12-23,2025-12-23 12:02:00,530.97,530.97,530.93,530.93,-0.01,42.55,22237.18,-1
2025-12-23,2025-12-23 12:03:00,530.93,530.93,530.89,530.89,-0.01,42.55,22237.18,-1
2025-12-23,2025-12-23 12:04:00,530.89,530.89,530.85,530.85,-0.01,42.55,22237.18,-1
2025-12-23,2025-12-23 12:05:00,530.85,530.85,530.81,530.81,-0.01,42.55,22237.18,-1
2025-12-23,2025-12-23 12:06:00,530.81,530.81,530.78,530.78,-0.01,42.55,22237.18,-1
2025-12-23,2025-12-23 12:07:00,530.78,530.78,530.74,530.74,-0.01,42.55,22237.18,-1
2025-12-23,2025-12-23 12:08:00,530.74,530.74,530.7,530.7,-0.01,42.55,22237.18,-1
2025-12-23,2025-12-23 12:09:00,530.7,530.7,530.66,530.66,-0.01,42.55,22237.18,-1
2025-12-23,2025-12-23 12:10:00,530.66,530.66,530.62,530.62,-0.01,42.55,22237.18,-1
2025-12-23,2025-12-23 12:11:00,530.62,530.62,530.58,530.58,-0.01,42.55,22237.18,-1
2025-12-23,2025-12-23 12:12:00,530.58,530.58,530.54,530.54,-0.01,42.55,22237.18,-1
2025-12-23,2025-12-23 12:13:00,530.54,530.54,530.5,530.5,-0.01,42.55,22237.18,-1
2025-12-23,2025-12-23 12:14:00,530.5,530.5,530.46,530.46,-0.01,42.55,22237.18,-1
2025-12-23,2025-12-23 12:15:00,530.46,530.46,530.42,530.42,-0.01,42.55,22237.18,-1
2025-12-23,2025-12-23 12:16:00,530.42,530.42,530.38,530.38,-0.01,42.55,22237.18,-1
2025-12-23,2025-12-23 12:17:00,530.38,530.38,530.35,530.35,-0.01,42.55,22237.18,-1
2025-12-23,2025-12-23 12:18:00,530.35,530.35,530.31,530.31,-0.01,42.55,22237.18,-1
2025-12-23,2025-12-23 12:19:00,530.31,530.31,530.27,530.27,-0.01,42.55,22237.18,-1
2025-12-23,2025-12-23 12:20:00,530.27,530.27,530.23,530.23,-0.01,42.55,22237.18,-1
2025-12-23,2025-12-23 12:21:00,530.23,530.23,530.19,530.19,-0.01,42.55,22237.18,-1
2025-12-23,2025-12-23 12:22:00,530.19,530.19,530.15,530.15,-0.01,42.55,22237.18,-1
2025-12-23,2025-12-23 12:23:00,530.15,530.15,530.11,530.11,-0.01,42.55,22237.18,-1
2025-12-23,2025-12-23 12:24:00,530.11,530.11,530.07,530.07,-0.01,42.55,22237.18,-1
2025-12-23,2025-12-23 12:25:00,530.07,530.07,530.03,530.03,-0.01,42.55,22237.18,-1
2025-12-23,2025-12-23 12:26:00,530.03,530.03,529.99,529.99,-0.01,42.55,22237.18,-1
2025-12-23,2025-12-23 12:27:00,529.99,529.99,529.95,529.95,-0.01,42.55,22237.18,-1
2025-12-23,2025-12-23 12:28:00,529.95,529.95,529.91,529.91,-0.01,42.55,22237.18,-1
2025-12-23,2025-12-23 12:29:00,529.91,529.91,529.88,529.88,-0.01,42.55,22237.18,-1
2025-12-23,2025-12-23 12:30:00,529.88,529.88,529.84,529.84,-0.01,42.55,22237.18,-1
2025-12-23,2025-12-23 12:31:00,529.84,529.84,529.8,529.8,-0.01,42.55,22237.18,-1
2025-12-23,2025-12-23 12:32:00,529.8,529.8,529.76,529.76,-0.01,42.55,22237.18,-1
2025-12-23,2025-12-23 12:33:00,529.76,529.76,529.72,529.72,-0.01,42.55,22237.18,-1
2025-12-23,2025-12-23 12:34:00,529.72,529.72,529.68,529.68,-0.01,42.55,22237.18,-1
2025-12-23,2025-12-23 12:35:00,529.68,529.68,529.64,529.64,-0.01,42.55,22237.18,-1
2025-12-23,2025-12-23 12:36:00,529.64,529.64,529.6,529.6,-0.01,42.55,22237.18,-1
2025-12-23,2025-12-23 12:37:00,529.6,529.6,529.56,529.56,-0.01,42.55,22237.18,-1
2025-12-23,2025-12-23 12:38:00,529.56,529.56,529.52,529.52,-0.01,42.55,22237.18,-1
2025-12-23,2025-12-23 12:39:00,529.52,529.52,529.48,529.48,-0.01,42.55,22237.18,-1
2025-12-23,2025-12-23 12:40:00,529.48,529.48,529.44,529.44,-0.01,42.55,22237.18,-1
2025-12-23,2025-12-23 12:41:00,529.44,529.44,529.4,529.4,-0.01,42.55,22237.18,-1
2025-12-23,2025-12-23 12:42:00,529.4,529.4,529.37,529.37,-0.01,42.55,22237.18,-1
2025-12-23,2025-12-23 12:43:00,529.37,529.37,529.33,529.33,-0.01,42.55,22237.18,-1
2025-12-23,2025-12-23 12:44:00,529.33,529.33,529.29,529.29,-0.01,42.55,22237.18,-1
2025-12-23,2025-12-23 12:45:00,529.29,529.29,529.25,529.25,-0.01,42.55,22237.18,-1
2025-12-23,2025-12-23 12:46:00,529.25,529.25,529.21,529.21,-0.01,42.55,22237.18,-1
2025-12-23,2025-12-23 12:47:00,529.21,529.21,529.17,529.17,-0.01,42.55,22237.18,-1
2025-12-23,2025-12-23 12:48:00,529.17,529.17,529.13,529.13,-0.01,42.55,22237.18,-1
2025-12-23,2025-12-23 12:49:00,529.13,529.13,529.09,529.09,-0.01,42.55,22237.18,-1
2025-12-23,2025-12-23 12:50:00,529.09,529.09,529.05,529.05,-0.01,42.55,22237.18,-1
2025-12-23,2025-12-23 12:51:00,529.05,529.05,529.01,529.01,-0.01,42.55,22237.18,-1
2025-12-23,2025-12-23 12:52:00,529.01,529.01,528.97,528.97,-0.01,42.55,22237.18,-1
2025-12-23,2025-12-23 12:53:00,528.97,528.97,528.93,528.93,-0.01,42.55,22237.18,-1
2025-12-23,2025-12-23 12:54:00,528.93,528.93,528.9,528.9,-0.01,42.55,22237.18,-1
2025-12-23,2025-12-23 12:55:00,528.9,528.9,528.86,528.86,-0.01,42.55,22237.18,-1
2025-12-23,2025-12-23 12:56:00,528.86,528.86,528.82,528.82,-0.01,42.55,22237.18,-1
2025-12-23,2025-12-23 12:57:00,528.82,528.82,528.78,528.78,-0.01,42.55,22237.18,-1
2025-12-23,2025-12-23 12:58:00,528.78,528.78,528.74,528.74,-0.01,42.55,22237.18,-1
2025-12-23,2025-12-23 12:59:00,528.74,528.74,528.7,528.7,-0.01,42.55,22237.18,-1
2025-12-23,2025-12-23 13:00:00,528.7,543.0,519.8,528.66,-0.01,42.55,22237.18,-1
2025-12-23,2025-12-23 13:01:00,528.66,528.66,528.62,528.62,-0.01,42.55,22237.18,-1
2025-12-23,2025-12-23 13:02:00,528.62,528.62,528.58,528.58,-0.01,42.55,22237.18,-1
2025-12-23,2025-12-23 13:03:00,528.58,528.58,528.54,528.54,-0.01,42.55,22237.18,-1
2025-12-23,2025-12-23 13:04:00,528.54,528.54,528.5,528.5,-0.01,42.55,22237.18,-1
2025-12-23,2025-12-23 13:05:00,528.5,528.5,528.47,528.47,-0.01,42.55,22237.18,-1
2025-12-23,2025-12-23 13:06:00,528.47,528.47,528.43,528.43,-0.01,42.55,22237.18,-1
2025-12-23,2025-12-23 13:07:00,528.43,528.43,528.39,528.39,-0.01,42.55,22237.18,-1
2025-12-23,2025-12-23 13:08:00,528.39,528.39,528.35,528.35,-0.01,42.55,22237.18,-1
2025-12-23,2025-12-23 13:09:00,528.35,528.35,528.31,528.31,-0.01,42.55,22237.18,-1
2025-12-23,2025-12-23 13:10:00,528.31,528.31,528.27,528.27,-0.01,42.55,22237.18,-1
2025-12-23,2025-12-23 13:11:00,528.27,528.27,528.23,528.23,-0.01,42.55,22237.18,-1
2025-12-23,2025-12-23 13:12:00,528.23,528.23,528.19,528.19,-0.01,42.55,22237.18,-1
2025-12-23,2025-12-23 13:13:00,528.19,528.19,528.15,528.15,-0.01,42.55,22237.18,-1
2025-12-23,2025-12-23 13:14:00,528.15,528.15,528.11,528.11,-0.01,42.55,22237.18,-1
2025-12-23,2025-12-23 13:15:00,528.11,528.11,528.07,528.07,-0.01,42.55,22237.18,-1
2025-12-23,2025-12-23 13:16:00,528.07,528.07,528.03,528.03,-0.01,42.55,22237.18,-1
2025-12-23,2025-12-23 13:17:00,528.03,528.03,528.0,528.0,-0.01,42.55,22237.18,-1
2025-12-23,2025-12-23 13:18:00,528.0,528.0,527.96,527.96,-0.01,42.55,22237.18,-1
2025-12-23,2025-12-23 13:19:00,527.96,527.96,527.92,527.92,-0.01,42.55,22237.18,-1
2025-12-23,2025-12-23 13:20:00,527.92,527.92,527.88,527.88,-0.01,42.55,22237.18,-1
2025-12-23,2025-12-23 13:21:00,527.88,527.88,527.84,527.84,-0.01,42.55,22237.18,-1
2025-12-23,2025-12-23 13:22:00,527.84,527.84,527.8,527.8,-0.01,42.55,22237.18,-1
2025-12-23,2025-12-23 13:23:00,527.8,527.8,527.76,527.76,-0.01,42.55,22237.18,-1
2025-12-23,2025-12-23 13:24:00,527.76,527.76,527.72,527.72,-0.01,42.55,22237.18,-1
2025-12-23,2025-12-23 13:25:00,527.72,527.72,527.68,527.68,-0.01,42.55,22237.18,-1
2025-12-23,2025-12-23 13:26:00,527.68,527.68,527.64,527.64,-0.01,42.55,22237.18,-1
2025-12-23,2025-12-23 13:27:00,527.64,527.64,527.6,527.6,-0.01,42.55,22237.18,-1
2025-12-23,2025-12-23 13:28:00,527.6,527.6,527.56,527.56,-0.01,42.55,22237.18,-1
2025-12-23,2025-12-23 13:29:00,527.56,527.56,527.52,527.52,-0.01,42.55,22237.18,-1
2025-12-23,2025-12-23 13:30:00,527.52,527.52,527.49,527.49,-0.01,42.55,22237.18,-1
2025-12-23,2025-12-23 13:31:00,527.49,527.49,527.45,527.45,-0.01,42.55,22237.18,-1
2025-12-23,2025-12-23 13:32:00,527.45,527.45,527.41,527.41,-0.01,42.55,22237.18,-1
2025-12-23,2025-12-23 13:33:00,527.41,527.41,527.37,527.37,-0.01,42.55,22237.18,-1
2025-12-23,2025-12-23 13:34:00,527.37,527.37,527.33,527.33,-0.01,42.55,22237.18,-1
2025-12-23,2025-12-23 13:35:00,527.33,527.33,527.29,527.29,-0.01,42.55,22237.18,-1
2025-12-23,2025-12-23 13:36:00,527.29,527.29,527.25,527.25,-0.01,42.55,22237.18,-1
2025-12-23,2025-12-23 13:37:00,527.25,527.25,527.21,527.21,-0.01,42.55,22237.18,-1
2025-12-23,2025-12-23 13:38:00,527.21,527.21,527.17,527.17,-0.01,42.55,22237.18,-1
2025-12-23,2025-12-23 13:39:00,527.17,527.17,527.13,527.13,-0.01,42.55,22237.18,-1
2025-12-23,2025-12-23 13:40:00,527.13,527.13,527.09,527.09,-0.01,42.55,22237.18,-1
2025-12-23,2025-12-23 13:41:00,527.09,527.09,527.05,527.05,-0.01,42.55,22237.18,-1
2025-12-23,2025-12-23 13:42:00,527.05,527.05,527.02,527.02,-0.01,42.55,22237.18,-1
2025-12-23,2025-12-23 13:43:00,527.02,527.02,526.98,526.98,-0.01,42.55,22237.18,-1
2025-12-23,2025-12-23 13:44:00,526.98,526.98,526.94,526.94,-0.01,42.55,22237.18,-1
2025-12-23,2025-12-23 13:45:00,526.94,526.94,526.9,526.9,-0.01,42.55,22237.18,-1
2025-12-23,2025-12-23 13:46:00,526.9,526.9,526.86,526.86,-0.01,42.55,22237.18,-1
2025-12-23,2025-12-23 13:47:00,526.86,526.86,526.82,526.82,-0.01,42.55,22237.18,-1
2025-12-23,2025-12-23 13:48:00,526.82,526.82,526.78,526.78,-0.01,42.55,22237.18,-1
2025-12-23,2025-12-23 13:49:00,526.78,526.78,526.74,526.74,-0.01,42.55,22237.18,-1
2025-12-23,2025-12-23 13:50:00,526.74,526.74,526.7,526.7,-0.01,42.55,22237.18,-1
2025-12-23,2025-12-23 13:51:00,526.7,526.7,526.66,526.66,-0.01,42.55,22237.18,-1
2025-12-23,2025-12-23 13:52:00,526.66,526.66,526.62,526.62,-0.01,42.55,22237.18,-1
2025-12-23,2025-12-23 13:53:00,526.62,526.62,526.59,526.59,-0.01,42.55,22237.18,-1
2025-12-23,2025-12-23 13:54:00,526.59,526.59,526.55,526.55,-0.01,42.55,22237.18,-1
2025-12-23,2025-12-23 13:55:00,526.55,526.55,526.51,526.51,-0.01,42.55,22237.18,-1
2025-12-23,2025-12-23 13:56:00,526.51,526.51,526.47,526.47,-0.01,42.55,22237.18,-1
2025-12-23,2025-12-23 13:57:00,526.47,526.47,526.43,526.43,-0.01,42.55,22237.18,-1
2025-12-23,2025-12-23 13:58:00,526.43,526.43,526.39,526.39,-0.01,42.55,22237.18,-1
2025-12-23,2025-12-23 13:59:00,526.39,526.39,526.35,526.35,-0.01,42.55,22237.18,-1
2025-12-23,2025-12-23 14:00:00,526.35,526.35,526.31,526.31,-0.01,42.55,22237.18,-1
2025-12-23,2025-12-23 14:01:00,526.31,526.31,526.27,526.27,-0.01,42.55,22237.18,-1
2025-12-23,2025-12-23 14:02:00,526.27,526.27,526.23,526.23,-0.01,42.55,22237.18,-1
2025-12-23,2025-12-23 14:03:00,526.23,526.23,526.19,526.19,-0.01,42.55,22237.18,-1
2025-12-23,2025-12-23 14:04:00,526.19,526.19,526.15,526.15,-0.01,42.55,22237.18,-1
2025-12-23,2025-12-23 14:05:00,526.15,526.15,526.12,526.12,-0.01,42.55,22237.18,-1
2025-12-23,2025-12-23 14:06:00,526.12,526.12,526.08,526.08,-0.01,42.55,22237.18,-1
2025-12-23,2025-12-23 14:07:00,526.08,526.08,526.04,526.04,-0.01,42.55,22237.18,-1
2025-12-23,2025-12-23 14:08:00,526.04,526.04,526.0,526.0,-0.01,42.55,22237.18,-1
2025-12-23,2025-12-23 14:09:00,526.0,526.0,525.96,525.96,-0.01,42.55,22237.18,-1
2025-12-23,2025-12-23 14:10:00,525.96,525.96,525.92,525.92,-0.01,42.55,22237.18,-1
2025-12-23,2025-12-23 14:11:00,525.92,525.92,525.88,525.88,-0.01,42.55,22237.18,-1
2025-12-23,2025-12-23 14:12:00,525.88,525.88,525.84,525.84,-0.01,42.55,22237.18,-1
2025-12-23,2025-12-23 14:13:00,525.84,525.84,525.8,525.8,-0.01,42.55,22237.18,-1
2025-12-23,2025-12-23 14:14:00,525.8,525.8,525.76,525.76,-0.01,42.55,22237.18,-1
2025-12-23,2025-12-23 14:15:00,525.76,525.76,525.72,525.72,-0.01,42.55,22237.18,-1
2025-12-23,2025-12-23 14:16:00,525.72,525.72,525.68,525.68,-0.01,42.55,22237.18,-1
2025-12-23,2025-12-23 14:17:00,525.68,525.68,525.64,525.64,-0.01,42.55,22237.18,-1
2025-12-23,2025-12-23 14:18:00,525.64,525.64,525.61,525.61,-0.01,42.55,22237.18,-1
2025-12-23,2025-12-23 14:19:00,525.61,525.61,525.57,525.57,-0.01,42.55,22237.18,-1
2025-12-23,2025-12-23 14:20:00,525.57,525.57,525.53,525.53,-0.01,42.55,22237.18,-1
2025-12-23,2025-12-23 14:21:00,525.53,525.53,525.49,525.49,-0.01,42.55,22237.18,-1
2025-12-23,2025-12-23 14:22:00,525.49,525.49,525.45,525.45,-0.01,42.55,22237.18,-1
2025-12-23,2025-12-23 14:23:00,525.45,525.45,525.41,525.41,-0.01,42.55,22237.18,-1
2025-12-23,2025-12-23 14:24:00,525.41,525.41,525.37,525.37,-0.01,42.55,22237.18,-1
2025-12-23,2025-12-23 14:25:00,525.37,525.37,525.33,525.33,-0.01,42.55,22237.18,-1
2025-12-23,2025-12-23 14:26:00,525.33,525.33,525.29,525.29,-0.01,42.55,22237.18,-1
2025-12-23,2025-12-23 14:27:00,525.29,525.29,525.25,525.25,-0.01,42.55,22237.18,-1
2025-12-23,2025-12-23 14:28:00,525.25,525.25,525.21,525.21,-0.01,42.55,22237.18,-1
2025-12-23,2025-12-23 14:29:00,525.21,525.21,525.17,525.17,-0.01,42.55,22237.18,-1
2025-12-23,2025-12-23 14:30:00,525.17,525.17,525.14,525.14,-0.01,42.55,22237.18,-1
2025-12-23,2025-12-23 14:31:00,525.14,525.14,525.1,525.1,-0.01,42.55,22237.18,-1
2025-12-23,2025-12-23 14:32:00,525.1,525.1,525.06,525.06,-0.01,42.55,22237.18,-1
2025-12-23,2025-12-23 14:33:00,525.06,525.06,525.02,525.02,-0.01,42.55,22237.18,-1
2025-12-23,2025-12-23 14:34:00,525.02,525.02,524.98,524.98,-0.01,42.55,22237.18,-1
2025-12-23,2025-12-23 14:35:00,524.98,524.98,524.94,524.94,-0.01,42.55,22237.18,-1
2025-12-23,2025-12-23 14:36:00,524.94,524.94,524.9,524.9,-0.01,42.55,22237.18,-1
2025-12-23,2025-12-23 14:37:00,524.9,524.9,524.86,524.86,-0.01,42.55,22237.18,-1
2025-12-23,2025-12-23 14:38:00,524.86,524.86,524.82,524.82,-0.01,42.55,22237.18,-1
2025-12-23,2025-12-23 14:39:00,524.82,524.82,524.78,524.78,-0.01,42.55,22237.18,-1
2025-12-23,2025-12-23 14:40:00,524.78,524.78,524.74,524.74,-0.01,42.55,22237.18,-1
2025-12-23,2025-12-23 14:41:00,524.74,524.74,524.71,524.71,-0.01,42.55,22237.18,-1
2025-12-23,2025-12-23 14:42:00,524.71,524.71,524.67,524.67,-0.01,42.55,22237.18,-1
2025-12-23,2025-12-23 14:43:00,524.67,524.67,524.63,524.63,-0.01,42.55,22237.18,-1
2025-12-23,2025-12-23 14:44:00,524.63,524.63,524.59,524.59,-0.01,42.55,22237.18,-1
2025-12-23,2025-12-23 14:45:00,524.59,524.59,524.55,524.55,-0.01,42.55,22237.18,-1
2025-12-23,2025-12-23 14:46:00,524.55,524.55,524.51,524.51,-0.01,42.55,22237.18,-1
2025-12-23,2025-12-23 14:47:00,524.51,524.51,524.47,524.47,-0.01,42.55,22237.18,-1
2025-12-23,2025-12-23 14:48:00,524.47,524.47,524.43,524.43,-0.01,42.55,22237.18,-1
2025-12-23,2025-12-23 14:49:00,524.43,524.43,524.39,524.39,-0.01,42.55,22237.18,-1
2025-12-23,2025-12-23 14:50:00,524.39,524.39,524.35,524.35,-0.01,42.55,22237.18,-1
2025-12-23,2025-12-23 14:51:00,524.35,524.35,524.31,524.31,-0.01,42.55,22237.18,-1
2025-12-23,2025-12-23 14:52:00,524.31,524.31,524.27,524.27,-0.01,42.55,22237.18,-1
2025-12-23,2025-12-23 14:53:00,524.27,524.27,524.24,524.24,-0.01,42.55,22237.18,-1
2025-12-23,2025-12-23 14:54:00,524.24,524.24,524.2,524.2,-0.01,42.55,22237.18,-1
2025-12-23,2025-12-23 14:55:00,524.2,524.2,524.16,524.16,-0.01,42.55,22237.18,-1
2025-12-23,2025-12-23 14:56:00,524.16,524.16,524.12,524.12,-0.01,42.55,22237.18,-1
2025-12-23,2025-12-23 14:57:00,524.12,524.12,524.08,524.08,-0.01,42.55,22237.18,-1
2025-12-23,2025-12-23 14:58:00,524.08,524.08,524.04,524.04,-0.01,42.55,22237.18,-1
2025-12-23,2025-12-23 14:59:00,524.04,524.04,524.0,524.0,-0.01,42.55,22237.18,-1
2025-12-23,2025-12-23 15:00:00,524.0,543.0,519.8,524.0,0.0,42.55,22237.18,0
2025-12-24,2025-12-24 11:00:00,525.0,525.9,523.2,524.99,-0.0,16.79,8763.51,-1
2025-12-24,2025-12-24 11:01:00,524.99,524.99,524.98,524.98,-0.0,16.79,8763.51,-1
2025-12-24,2025-12-24 11:02:00,524.98,524.98,524.96,524.96,-0.0,16.79,8763.51,-1
2025-12-24,2025-12-24 11:03:00,524.96,524.96,524.95,524.95,-0.0,16.79,8763.51,-1
2025-12-24,2025-12-24 11:04:00,524.95,524.95,524.94,524.94,-0.0,16.79,8763.51,-1
2025-12-24,2025-12-24 11:05:00,524.94,524.94,524.92,524.92,-0.0,16.79,8763.51,-1
2025-12-24,2025-12-24 11:06:00,524.92,524.92,524.91,524.91,-0.0,16.79,8763.51,-1
2025-12-24,2025-12-24 11:07:00,524.91,524.91,524.9,524.9,-0.0,16.79,8763.51,-1
2025-12-24,2025-12-24 11:08:00,524.9,524.9,524.89,524.89,-0.0,16.79,8763.51,-1
2025-12-24,2025-12-24 11:09:00,524.89,524.89,524.88,524.88,-0.0,16.79,8763.51,-1
2025-12-24,2025-12-24 11:10:00,524.88,524.88,524.86,524.86,-0.0,16.79,8763.51,-1
2025-12-24,2025-12-24 11:11:00,524.86,524.86,524.85,524.85,-0.0,16.79,8763.51,-1
2025-12-24,2025-12-24 11:12:00,524.85,524.85,524.84,524.84,-0.0,16.79,8763.51,-1
2025-12-24,2025-12-24 11:13:00,524.84,524.84,524.83,524.83,-0.0,16.79,8763.51,-1
2025-12-24,2025-12-24 11:14:00,524.83,524.83,524.81,524.81,-0.0,16.79,8763.51,-1
2025-12-24,2025-12-24 11:15:00,524.81,524.81,524.8,524.8,-0.0,16.79,8763.51,-1
2025-12-24,2025-12-24 11:16:00,524.8,524.8,524.79,524.79,-0.0,16.79,8763.51,-1
2025-12-24,2025-12-24 11:17:00,524.79,524.79,524.77,524.77,-0.0,16.79,8763.51,-1
2025-12-24,2025-12-24 11:18:00,524.77,524.77,524.76,524.76,-0.0,16.79,8763.51,-1
2025-12-24,2025-12-24 11:19:00,524.76,524.76,524.75,524.75,-0.0,16.79,8763.51,-1
2025-12-24,2025-12-24 11:20:00,524.75,524.75,524.74,524.74,-0.0,16.79,8763.51,-1
2025-12-24,2025-12-24 11:21:00,524.74,524.74,524.73,524.73,-0.0,16.79,8763.51,-1
2025-12-24,2025-12-24 11:22:00,524.73,524.73,524.71,524.71,-0.0,16.79,8763.51,-1
2025-12-24,2025-12-24 11:23:00,524.71,524.71,524.7,524.7,-0.0,16.79,8763.51,-1
2025-12-24,2025-12-24 11:24:00,524.7,524.7,524.69,524.69,-0.0,16.79,8763.51,-1
2025-12-24,2025-12-24 11:25:00,524.69,524.69,524.67,524.67,-0.0,16.79,8763.51,-1
2025-12-24,2025-12-24 11:26:00,524.67,524.67,524.66,524.66,-0.0,16.79,8763.51,-1
2025-12-24,2025-12-24 11:27:00,524.66,524.66,524.65,524.65,-0.0,16.79,8763.51,-1
2025-12-24,2025-12-24 11:28:00,524.65,524.65,524.64,524.64,-0.0,16.79,8763.51,-1
2025-12-24,2025-12-24 11:29:00,524.64,524.64,524.62,524.62,-0.0,16.79,8763.51,-1
2025-12-24,2025-12-24 11:30:00,524.62,524.62,524.61,524.61,-0.0,16.79,8763.51,-1
2025-12-24,2025-12-24 11:31:00,524.61,524.61,524.6,524.6,-0.0,16.79,8763.51,-1
2025-12-24,2025-12-24 11:32:00,524.6,524.6,524.59,524.59,-0.0,16.79,8763.51,-1
2025-12-24,2025-12-24 11:33:00,524.59,524.59,524.58,524.58,-0.0,16.79,8763.51,-1
2025-12-24,2025-12-24 11:34:00,524.58,524.58,524.56,524.56,-0.0,16.79,8763.51,-1
2025-12-24,2025-12-24 11:35:00,524.56,524.56,524.55,524.55,-0.0,16.79,8763.51,-1
2025-12-24,2025-12-24 11:36:00,524.55,524.55,524.54,524.54,-0.0,16.79,8763.51,-1
2025-12-24,2025-12-24 11:37:00,524.54,524.54,524.52,524.52,-0.0,16.79,8763.51,-1
2025-12-24,2025-12-24 11:38:00,524.52,524.52,524.51,524.51,-0.0,16.79,8763.51,-1
2025-12-24,2025-12-24 11:39:00,524.51,524.51,524.5,524.5,-0.0,16.79,8763.51,-1
2025-12-24,2025-12-24 11:40:00,524.5,524.5,524.49,524.49,-0.0,16.79,8763.51,-1
2025-12-24,2025-12-24 11:41:00,524.49,524.49,524.48,524.48,-0.0,16.79,8763.51,-1
2025-12-24,2025-12-24 11:42:00,524.48,524.48,524.46,524.46,-0.0,16.79,8763.51,-1
2025-12-24,2025-12-24 11:43:00,524.46,524.46,524.45,524.45,-0.0,16.79,8763.51,-1
2025-12-24,2025-12-24 11:44:00,524.45,524.45,524.44,524.44,-0.0,16.79,8763.51,-1
2025-12-24,2025-12-24 11:45:00,524.44,524.44,524.42,524.42,-0.0,16.79,8763.51,-1
2025-12-24,2025-12-24 11:46:00,524.42,524.42,524.41,524.41,-0.0,16.79,8763.51,-1
2025-12-24,2025-12-24 11:47:00,524.41,524.41,524.4,524.4,-0.0,16.79,8763.51,-1
2025-12-24,2025-12-24 11:48:00,524.4,524.4,524.39,524.39,-0.0,16.79,8763.51,-1
2025-12-24,2025-12-24 11:49:00,524.39,524.39,524.38,524.38,-0.0,16.79,8763.51,-1
2025-12-24,2025-12-24 11:50:00,524.38,524.38,524.36,524.36,-0.0,16.79,8763.51,-1
2025-12-24,2025-12-24 11:51:00,524.36,524.36,524.35,524.35,-0.0,16.79,8763.51,-1
2025-12-24,2025-12-24 11:52:00,524.35,524.35,524.34,524.34,-0.0,16.79,8763.51,-1
2025-12-24,2025-12-24 11:53:00,524.34,524.34,524.33,524.33,-0.0,16.79,8763.51,-1
2025-12-24,2025-12-24 11:54:00,524.33,524.33,524.31,524.31,-0.0,16.79,8763.51,-1
2025-12-24,2025-12-24 11:55:00,524.31,524.31,524.3,524.3,-0.0,16.79,8763.51,-1
2025-12-24,2025-12-24 11:56:00,524.3,524.3,524.29,524.29,-0.0,16.79,8763.51,-1
2025-12-24,2025-12-24 11:57:00,524.29,524.29,524.27,524.27,-0.0,16.79,8763.51,-1
2025-12-24,2025-12-24 11:58:00,524.27,524.27,524.26,524.26,-0.0,16.79,8763.51,-1
2025-12-24,2025-12-24 11:59:00,524.26,524.26,524.25,524.25,-0.0,16.79,8763.51,-1
2025-12-24,2025-12-24 12:00:00,524.25,524.25,524.24,524.24,-0.0,16.79,8763.51,-1
2025-12-24,2025-12-24 12:01:00,524.24,524.24,524.23,524.23,-0.0,16.79,8763.51,-1
2025-12-24,2025-12-24 12:02:00,524.23,524.23,524.21,524.21,-0.0,16.79,8763.51,-1
2025-12-24,2025-12-24 12:03:00,524.21,524.21,524.2,524.2,-0.0,16.79,8763.51,-1
2025-12-24,2025-12-24 12:04:00,524.2,524.2,524.19,524.19,-0.0,16.79,8763.51,-1
2025-12-24,2025-12-24 12:05:00,524.19,524.19,524.17,524.17,-0.0,16.79,8763.51,-1
2025-12-24,2025-12-24 12:06:00,524.17,524.17,524.16,524.16,-0.0,16.79,8763.51,-1
2025-12-24,2025-12-24 12:07:00,524.16,524.16,524.15,524.15,-0.0,16.79,8763.51,-1
2025-12-24,2025-12-24 12:08:00,524.15,524.15,524.14,524.14,-0.0,16.79,8763.51,-1
2025-12-24,2025-12-24 12:09:00,524.14,524.14,524.12,524.12,-0.0,16.79,8763.51,-1
2025-12-24,2025-12-24 12:10:00,524.12,524.12,524.11,524.11,-0.0,16.79,8763.51,-1
2025-12-24,2025-12-24 12:11:00,524.11,524.11,524.1,524.1,-0.0,16.79,8763.51,-1
2025-12-24,2025-12-24 12:12:00,524.1,524.1,524.09,524.09,-0.0,16.79,8763.51,-1
2025-12-24,2025-12-24 12:13:00,524.09,524.09,524.08,524.08,-0.0,16.79,8763.51,-1
2025-12-24,2025-12-24 12:14:00,524.08,524.08,524.06,524.06,-0.0,16.79,8763.51,-1
2025-12-24,2025-12-24 12:15:00,524.06,524.06,524.05,524.05,-0.0,16.79,8763.51,-1
2025-12-24,2025-12-24 12:16:00,524.05,524.05,524.04,524.04,-0.0,16.79,8763.51,-1
2025-12-24,2025-12-24 12:17:00,524.04,524.04,524.02,524.02,-0.0,16.79,8763.51,-1
2025-12-24,2025-12-24 12:18:00,524.02,524.02,524.01,524.01,-0.0,16.79,8763.51,-1
2025-12-24,2025-12-24 12:19:00,524.01,524.01,524.0,524.0,-0.0,16.79,8763.51,-1
2025-12-24,2025-12-24 12:20:00,524.0,524.0,523.99,523.99,-0.0,16.79,8763.51,-1
2025-12-24,2025-12-24 12:21:00,523.99,523.99,523.98,523.98,-0.0,16.79,8763.51,-1
2025-12-24,2025-12-24 12:22:00,523.98,523.98,523.96,523.96,-0.0,16.79,8763.51,-1
2025-12-24,2025-12-24 12:23:00,523.96,523.96,523.95,523.95,-0.0,16.79,8763.51,-1
2025-12-24,2025-12-24 12:24:00,523.95,523.95,523.94,523.94,-0.0,16.79,8763.51,-1
2025-12-24,2025-12-24 12:25:00,523.94,523.94,523.92,523.92,-0.0,16.79,8763.51,-1
2025-12-24,2025-12-24 12:26:00,523.92,523.92,523.91,523.91,-0.0,16.79,8763.51,-1
2025-12-24,2025-12-24 12:27:00,523.91,523.91,523.9,523.9,-0.0,16.79,8763.51,-1
2025-12-24,2025-12-24 12:28:00,523.9,523.9,523.89,523.89,-0.0,16.79,8763.51,-1
2025-12-24,2025-12-24 12:29:00,523.89,523.89,523.88,523.88,-0.0,16.79,8763.51,-1
2025-12-24,2025-12-24 12:30:00,523.88,523.88,523.86,523.86,-0.0,16.79,8763.51,-1
2025-12-24,2025-12-24 12:31:00,523.86,523.86,523.85,523.85,-0.0,16.79,8763.51,-1
2025-12-24,2025-12-24 12:32:00,523.85,523.85,523.84,523.84,-0.0,16.79,8763.51,-1
2025-12-24,2025-12-24 12:33:00,523.84,523.84,523.83,523.83,-0.0,16.79,8763.51,-1
2025-12-24,2025-12-24 12:34:00,523.83,523.83,523.81,523.81,-0.0,16.79,8763.51,-1
2025-12-24,2025-12-24 12:35:00,523.81,523.81,523.8,523.8,-0.0,16.79,8763.51,-1
2025-12-24,2025-12-24 12:36:00,523.8,523.8,523.79,523.79,-0.0,16.79,8763.51,-1
2025-12-24,2025-12-24 12:37:00,523.79,523.79,523.77,523.77,-0.0,16.79,8763.51,-1
2025-12-24,2025-12-24 12:38:00,523.77,523.77,523.76,523.76,-0.0,16.79,8763.51,-1
2025-12-24,2025-12-24 12:39:00,523.76,523.76,523.75,523.75,-0.0,16.79,8763.51,-1
2025-12-24,2025-12-24 12:40:00,523.75,523.75,523.74,523.74,-0.0,16.79,8763.51,-1
2025-12-24,2025-12-24 12:41:00,523.74,523.74,523.73,523.73,-0.0,16.79,8763.51,-1
2025-12-24,2025-12-24 12:42:00,523.73,523.73,523.71,523.71,-0.0,16.79,8763.51,-1
2025-12-24,2025-12-24 12:43:00,523.71,523.71,523.7,523.7,-0.0,16.79,8763.51,-1
2025-12-24,2025-12-24 12:44:00,523.7,523.7,523.69,523.69,-0.0,16.79,8763.51,-1
2025-12-24,2025-12-24 12:45:00,523.69,523.69,523.67,523.67,-0.0,16.79,8763.51,-1
2025-12-24,2025-12-24 12:46:00,523.67,523.67,523.66,523.66,-0.0,16.79,8763.51,-1
2025-12-24,2025-12-24 12:47:00,523.66,523.66,523.65,523.65,-0.0,16.79,8763.51,-1
2025-12-24,2025-12-24 12:48:00,523.65,523.65,523.64,523.64,-0.0,16.79,8763.51,-1
2025-12-24,2025-12-24 12:49:00,523.64,523.64,523.62,523.62,-0.0,16.79,8763.51,-1
2025-12-24,2025-12-24 12:50:00,523.62,523.62,523.61,523.61,-0.0,16.79,8763.51,-1
2025-12-24,2025-12-24 12:51:00,523.61,523.61,523.6,523.6,-0.0,16.79,8763.51,-1
2025-12-24,2025-12-24 12:52:00,523.6,523.6,523.59,523.59,-0.0,16.79,8763.51,-1
2025-12-24,2025-12-24 12:53:00,523.59,523.59,523.58,523.58,-0.0,16.79,8763.51,-1
2025-12-24,2025-12-24 12:54:00,523.58,523.58,523.56,523.56,-0.0,16.79,8763.51,-1
2025-12-24,2025-12-24 12:55:00,523.56,523.56,523.55,523.55,-0.0,16.79,8763.51,-1
2025-12-24,2025-12-24 12:56:00,523.55,523.55,523.54,523.54,-0.0,16.79,8763.51,-1
2025-12-24,2025-12-24 12:57:00,523.54,523.54,523.52,523.52,-0.0,16.79,8763.51,-1
2025-12-24,2025-12-24 12:58:00,523.52,523.52,523.51,523.51,-0.0,16.79,8763.51,-1
2025-12-24,2025-12-24 12:59:00,523.51,523.51,523.5,523.5,-0.0,16.79,8763.51,-1
2025-12-24,2025-12-24 13:00:00,523.5,528.0,519.0,523.49,-0.0,16.79,8763.51,-1
2025-12-24,2025-12-24 13:01:00,523.49,523.49,523.48,523.48,-0.0,16.79,8763.51,-1
2025-12-24,2025-12-24 13:02:00,523.48,523.48,523.46,523.46,-0.0,16.79,8763.51,-1
2025-12-24,2025-12-24 13:03:00,523.46,523.46,523.45,523.45,-0.0,16.79,8763.51,-1
2025-12-24,2025-12-24 13:04:00,523.45,523.45,523.44,523.44,-0.0,16.79,8763.51,-1
2025-12-24,2025-12-24 13:05:00,523.44,523.44,523.42,523.42,-0.0,16.79,8763.51,-1
2025-12-24,2025-12-24 13:06:00,523.42,523.42,523.41,523.41,-0.0,16.79,8763.51,-1
2025-12-24,2025-12-24 13:07:00,523.41,523.41,523.4,523.4,-0.0,16.79,8763.51,-1
2025-12-24,2025-12-24 13:08:00,523.4,523.4,523.39,523.39,-0.0,16.79,8763.51,-1
2025-12-24,2025-12-24 13:09:00,523.39,523.39,523.38,523.38,-0.0,16.79,8763.51,-1
2025-12-24,2025-12-24 13:10:00,523.38,523.38,523.36,523.36,-0.0,16.79,8763.51,-1
2025-12-24,2025-12-24 13:11:00,523.36,523.36,523.35,523.35,-0.0,16.79,8763.51,-1
2025-12-24,2025-12-24 13:12:00,523.35,523.35,523.34,523.34,-0.0,16.79,8763.51,-1
2025-12-24,2025-12-24 13:13:00,523.34,523.34,523.33,523.33,-0.0,16.79,8763.51,-1
2025-12-24,2025-12-24 13:14:00,523.33,523.33,523.31,523.31,-0.0,16.79,8763.51,-1
2025-12-24,2025-12-24 13:15:00,523.31,523.31,523.3,523.3,-0.0,16.79,8763.51,-1
2025-12-24,2025-12-24 13:16:00,523.3,523.3,523.29,523.29,-0.0,16.79,8763.51,-1
2025-12-24,2025-12-24 13:17:00,523.29,523.29,523.27,523.27,-0.0,16.79,8763.51,-1
2025-12-24,2025-12-24 13:18:00,523.27,523.27,523.26,523.26,-0.0,16.79,8763.51,-1
2025-12-24,2025-12-24 13:19:00,523.26,523.26,523.25,523.25,-0.0,16.79,8763.51,-1
2025-12-24,2025-12-24 13:20:00,523.25,523.25,523.24,523.24,-0.0,16.79,8763.51,-1
2025-12-24,2025-12-24 13:21:00,523.24,523.24,523.23,523.23,-0.0,16.79,8763.51,-1
2025-12-24,2025-12-24 13:22:00,523.23,523.23,523.21,523.21,-0.0,16.79,8763.51,-1
2025-12-24,2025-12-24 13:23:00,523.21,523.21,523.2,523.2,-0.0,16.79,8763.51,-1
2025-12-24,2025-12-24 13:24:00,523.2,523.2,523.19,523.19,-0.0,16.79,8763.51,-1
2025-12-24,2025-12-24 13:25:00,523.19,523.19,523.17,523.17,-0.0,16.79,8763.51,-1
2025-12-24,2025-12-24 13:26:00,523.17,523.17,523.16,523.16,-0.0,16.79,8763.51,-1
2025-12-24,2025-12-24 13:27:00,523.16,523.16,523.15,523.15,-0.0,16.79,8763.51,-1
2025-12-24,2025-12-24 13:28:00,523.15,523.15,523.14,523.14,-0.0,16.79,8763.51,-1
2025-12-24,2025-12-24 13:29:00,523.14,523.14,523.12,523.12,-0.0,16.79,8763.51,-1
2025-12-24,2025-12-24 13:30:00,523.12,523.12,523.11,523.11,-0.0,16.79,8763.51,-1
2025-12-24,2025-12-24 13:31:00,523.11,523.11,523.1,523.1,-0.0,16.79,8763.51,-1
2025-12-24,2025-12-24 13:32:00,523.1,523.1,523.09,523.09,-0.0,16.79,8763.51,-1
2025-12-24,2025-12-24 13:33:00,523.09,523.09,523.08,523.08,-0.0,16.79,8763.51,-1
2025-12-24,2025-12-24 13:34:00,523.08,523.08,523.06,523.06,-0.0,16.79,8763.51,-1
2025-12-24,2025-12-24 13:35:00,523.06,523.06,523.05,523.05,-0.0,16.79,8763.51,-1
2025-12-24,2025-12-24 13:36:00,523.05,523.05,523.04,523.04,-0.0,16.79,8763.51,-1
2025-12-24,2025-12-24 13:37:00,523.04,523.04,523.02,523.02,-0.0,16.79,8763.51,-1
2025-12-24,2025-12-24 13:38:00,523.02,523.02,523.01,523.01,-0.0,16.79,8763.51,-1
2025-12-24,2025-12-24 13:39:00,523.01,523.01,523.0,523.0,-0.0,16.79,8763.51,-1
2025-12-24,2025-12-24 13:40:00,523.0,523.0,522.99,522.99,-0.0,16.79,8763.51,-1
2025-12-24,2025-12-24 13:41:00,522.99,522.99,522.98,522.98,-0.0,16.79,8763.51,-1
2025-12-24,2025-12-24 13:42:00,522.98,522.98,522.96,522.96,-0.0,16.79,8763.51,-1
2025-12-24,2025-12-24 13:43:00,522.96,522.96,522.95,522.95,-0.0,16.79,8763.51,-1
2025-12-24,2025-12-24 13:44:00,522.95,522.95,522.94,522.94,-0.0,16.79,8763.51,-1
2025-12-24,2025-12-24 13:45:00,522.94,522.94,522.92,522.92,-0.0,16.79,8763.51,-1
2025-12-24,2025-12-24 13:46:00,522.92,522.92,522.91,522.91,-0.0,16.79,8763.51,-1
2025-12-24,2025-12-24 13:47:00,522.91,522.91,522.9,522.9,-0.0,16.79,8763.51,-1
2025-12-24,2025-12-24 13:48:00,522.9,522.9,522.89,522.89,-0.0,16.79,8763.51,-1
2025-12-24,2025-12-24 13:49:00,522.89,522.89,522.88,522.88,-0.0,16.79,8763.51,-1
2025-12-24,2025-12-24 13:50:00,522.88,522.88,522.86,522.86,-0.0,16.79,8763.51,-1
2025-12-24,2025-12-24 13:51:00,522.86,522.86,522.85,522.85,-0.0,16.79,8763.51,-1
2025-12-24,2025-12-24 13:52:00,522.85,522.85,522.84,522.84,-0.0,16.79,8763.51,-1
2025-12-24,2025-12-24 13:53:00,522.84,522.84,522.83,522.83,-0.0,16.79,8763.51,-1
2025-12-24,2025-12-24 13:54:00,522.83,522.83,522.81,522.81,-0.0,16.79,8763.51,-1
2025-12-24,2025-12-24 13:55:00,522.81,522.81,522.8,522.8,-0.0,16.79,8763.51,-1
2025-12-24,2025-12-24 13:56:00,522.8,522.8,522.79,522.79,-0.0,16.79,8763.51,-1
2025-12-24,2025-12-24 13:57:00,522.79,522.79,522.77,522.77,-0.0,16.79,8763.51,-1
2025-12-24,2025-12-24 13:58:00,522.77,522.77,522.76,522.76,-0.0,16.79,8763.51,-1
2025-12-24,2025-12-24 13:59:00,522.76,522.76,522.75,522.75,-0.0,16.79,8763.51,-1
2025-12-24,2025-12-24 14:00:00,522.75,522.75,522.74,522.74,-0.0,16.79,8763.51,-1
2025-12-24,2025-12-24 14:01:00,522.74,522.74,522.73,522.73,-0.0,16.79,8763.51,-1
2025-12-24,2025-12-24 14:02:00,522.73,522.73,522.71,522.71,-0.0,16.79,8763.51,-1
2025-12-24,2025-12-24 14:03:00,522.71,522.71,522.7,522.7,-0.0,16.79,8763.51,-1
2025-12-24,2025-12-24 14:04:00,522.7,522.7,522.69,522.69,-0.0,16.79,8763.51,-1
2025-12-24,2025-12-24 14:05:00,522.69,522.69,522.67,522.67,-0.0,16.79,8763.51,-1
2025-12-24,2025-12-24 14:06:00,522.67,522.67,522.66,522.66,-0.0,16.79,8763.51,-1
2025-12-24,2025-12-24 14:07:00,522.66,522.66,522.65,522.65,-0.0,16.79,8763.51,-1
2025-12-24,2025-12-24 14:08:00,522.65,522.65,522.64,522.64,-0.0,16.79,8763.51,-1
2025-12-24,2025-12-24 14:09:00,522.64,522.64,522.62,522.62,-0.0,16.79,8763.51,-1
2025-12-24,2025-12-24 14:10:00,522.62,522.62,522.61,522.61,-0.0,16.79,8763.51,-1
2025-12-24,2025-12-24 14:11:00,522.61,522.61,522.6,522.6,-0.0,16.79,8763.51,-1
2025-12-24,2025-12-24 14:12:00,522.6,522.6,522.59,522.59,-0.0,16.79,8763.51,-1
2025-12-24,2025-12-24 14:13:00,522.59,522.59,522.58,522.58,-0.0,16.79,8763.51,-1
2025-12-24,2025-12-24 14:14:00,522.58,522.58,522.56,522.56,-0.0,16.79,8763.51,-1
2025-12-24,2025-12-24 14:15:00,522.56,522.56,522.55,522.55,-0.0,16.79,8763.51,-1
2025-12-24,2025-12-24 14:16:00,522.55,522.55,522.54,522.54,-0.0,16.79,8763.51,-1
2025-12-24,2025-12-24 14:17:00,522.54,522.54,522.52,522.52,-0.0,16.79,8763.51,-1
2025-12-24,2025-12-24 14:18:00,522.52,522.52,522.51,522.51,-0.0,16.79,8763.51,-1
2025-12-24,2025-12-24 14:19:00,522.51,522.51,522.5,522.5,-0.0,16.79,8763.51,-1
2025-12-24,2025-12-24 14:20:00,522.5,522.5,522.49,522.49,-0.0,16.79,8763.51,-1
2025-12-24,2025-12-24 14:21:00,522.49,522.49,522.48,522.48,-0.0,16.79,8763.51,-1
2025-12-24,2025-12-24 14:22:00,522.48,522.48,522.46,522.46,-0.0,16.79,8763.51,-1
2025-12-24,2025-12-24 14:23:00,522.46,522.46,522.45,522.45,-0.0,16.79,8763.51,-1
2025-12-24,2025-12-24 14:24:00,522.45,522.45,522.44,522.44,-0.0,16.79,8763.51,-1
2025-12-24,2025-12-24 14:25:00,522.44,522.44,522.42,522.42,-0.0,16.79,8763.51,-1
2025-12-24,2025-12-24 14:26:00,522.42,522.42,522.41,522.41,-0.0,16.79,8763.51,-1
2025-12-24,2025-12-24 14:27:00,522.41,522.41,522.4,522.4,-0.0,16.79,8763.51,-1
2025-12-24,2025-12-24 14:28:00,522.4,522.4,522.39,522.39,-0.0,16.79,8763.51,-1
2025-12-24,2025-12-24 14:29:00,522.39,522.39,522.38,522.38,-0.0,16.79,8763.51,-1
2025-12-24,2025-12-24 14:30:00,522.38,522.38,522.36,522.36,-0.0,16.79,8763.51,-1
2025-12-24,2025-12-24 14:31:00,522.36,522.36,522.35,522.35,-0.0,16.79,8763.51,-1
2025-12-24,2025-12-24 14:32:00,522.35,522.35,522.34,522.34,-0.0,16.79,8763.51,-1
2025-12-24,2025-12-24 14:33:00,522.34,522.34,522.33,522.33,-0.0,16.79,8763.51,-1
2025-12-24,2025-12-24 14:34:00,522.33,522.33,522.31,522.31,-0.0,16.79,8763.51,-1
2025-12-24,2025-12-24 14:35:00,522.31,522.31,522.3,522.3,-0.0,16.79,8763.51,-1
2025-12-24,2025-12-24 14:36:00,522.3,522.3,522.29,522.29,-0.0,16.79,8763.51,-1
2025-12-24,2025-12-24 14:37:00,522.29,522.29,522.27,522.27,-0.0,16.79,8763.51,-1
2025-12-24,2025-12-24 14:38:00,522.27,522.27,522.26,522.26,-0.0,16.79,8763.51,-1
2025-12-24,2025-12-24 14:39:00,522.26,522.26,522.25,522.25,-0.0,16.79,8763.51,-1
2025-12-24,2025-12-24 14:40:00,522.25,522.25,522.24,522.24,-0.0,16.79,8763.51,-1
2025-12-24,2025-12-24 14:41:00,522.24,522.24,522.23,522.23,-0.0,16.79,8763.51,-1
2025-12-24,2025-12-24 14:42:00,522.23,522.23,522.21,522.21,-0.0,16.79,8763.51,-1
2025-12-24,2025-12-24 14:43:00,522.21,522.21,522.2,522.2,-0.0,16.79,8763.51,-1
2025-12-24,2025-12-24 14:44:00,522.2,522.2,522.19,522.19,-0.0,16.79,8763.51,-1
2025-12-24,2025-12-24 14:45:00,522.19,522.19,522.17,522.17,-0.0,16.79,8763.51,-1
2025-12-24,2025-12-24 14:46:00,522.17,522.17,522.16,522.16,-0.0,16.79,8763.51,-1
2025-12-24,2025-12-24 14:47:00,522.16,522.16,522.15,522.15,-0.0,16.79,8763.51,-1
2025-12-24,2025-12-24 14:48:00,522.15,522.15,522.14,522.14,-0.0,16.79,8763.51,-1
2025-12-24,2025-12-24 14:49:00,522.14,522.14,522.12,522.12,-0.0,16.79,8763.51,-1
2025-12-24,2025-12-24 14:50:00,522.12,522.12,522.11,522.11,-0.0,16.79,8763.51,-1
2025-12-24,2025-12-24 14:51:00,522.11,522.11,522.1,522.1,-0.0,16.79,8763.51,-1
2025-12-24,2025-12-24 14:52:00,522.1,522.1,522.09,522.09,-0.0,16.79,8763.51,-1
2025-12-24,2025-12-24 14:53:00,522.09,522.09,522.08,522.08,-0.0,16.79,8763.51,-1
2025-12-24,2025-12-24 14:54:00,522.08,522.08,522.06,522.06,-0.0,16.79,8763.51,-1
2025-12-24,2025-12-24 14:55:00,522.06,522.06,522.05,522.05,-0.0,16.79,8763.51,-1
2025-12-24,2025-12-24 14:56:00,522.05,522.05,522.04,522.04,-0.0,16.79,8763.51,-1
2025-12-24,2025-12-24 14:57:00,522.04,522.04,522.02,522.02,-0.0,16.79,8763.51,-1
2025-12-24,2025-12-24 14:58:00,522.02,522.02,522.01,522.01,-0.0,16.79,8763.51,-1
2025-12-24,2025-12-24 14:59:00,522.01,522.01,522.0,522.0,-0.0,16.79,8763.51,-1
2025-12-24,2025-12-24 15:00:00,522.0,528.0,519.0,522.0,0.0,16.79,8763.51,0
2025-12-28,2025-12-28 11:00:00,522.0,529.77,521.4,522.02,0.0,77.15,40882.04,1
2025-12-28,2025-12-28 11:01:00,522.02,522.03,522.02,522.03,0.0,77.15,40882.04,1
2025-12-28,2025-12-28 11:02:00,522.03,522.05,522.03,522.05,0.0,77.15,40882.04,1
2025-12-28,2025-12-28 11:03:00,522.05,522.07,522.05,522.07,0.0,77.15,40882.04,1
2025-12-28,2025-12-28 11:04:00,522.07,522.08,522.07,522.08,0.0,77.15,40882.04,1
2025-12-28,2025-12-28 11:05:00,522.08,522.1,522.08,522.1,0.0,77.15,40882.04,1
2025-12-28,2025-12-28 11:06:00,522.1,522.12,522.1,522.12,0.0,77.15,40882.04,1
2025-12-28,2025-12-28 11:07:00,522.12,522.13,522.12,522.13,0.0,77.15,40882.04,1
2025-12-28,2025-12-28 11:08:00,522.13,522.15,522.13,522.15,0.0,77.15,40882.04,1
2025-12-28,2025-12-28 11:09:00,522.15,522.17,522.15,522.17,0.0,77.15,40882.04,1
2025-12-28,2025-12-28 11:10:00,522.17,522.18,522.17,522.18,0.0,77.15,40882.04,1
2025-12-28,2025-12-28 11:11:00,522.18,522.2,522.18,522.2,0.0,77.15,40882.04,1
2025-12-28,2025-12-28 11:12:00,522.2,522.22,522.2,522.22,0.0,77.15,40882.04,1
2025-12-28,2025-12-28 11:13:00,522.22,522.23,522.22,522.23,0.0,77.15,40882.04,1
2025-12-28,2025-12-28 11:14:00,522.23,522.25,522.23,522.25,0.0,77.15,40882.04,1
2025-12-28,2025-12-28 11:15:00,522.25,522.27,522.25,522.27,0.0,77.15,40882.04,1
2025-12-28,2025-12-28 11:16:00,522.27,522.28,522.27,522.28,0.0,77.15,40882.04,1
2025-12-28,2025-12-28 11:17:00,522.28,522.3,522.28,522.3,0.0,77.15,40882.04,1
2025-12-28,2025-12-28 11:18:00,522.3,522.32,522.3,522.32,0.0,77.15,40882.04,1
2025-12-28,2025-12-28 11:19:00,522.32,522.33,522.32,522.33,0.0,77.15,40882.04,1
2025-12-28,2025-12-28 11:20:00,522.33,522.35,522.33,522.35,0.0,77.15,40882.04,1
2025-12-28,2025-12-28 11:21:00,522.35,522.37,522.35,522.37,0.0,77.15,40882.04,1
2025-12-28,2025-12-28 11:22:00,522.37,522.38,522.37,522.38,0.0,77.15,40882.04,1
2025-12-28,2025-12-28 11:23:00,522.38,522.4,522.38,522.4,0.0,77.15,40882.04,1
2025-12-28,2025-12-28 11:24:00,522.4,522.42,522.4,522.42,0.0,77.15,40882.04,1
2025-12-28,2025-12-28 11:25:00,522.42,522.43,522.42,522.43,0.0,77.15,40882.04,1
2025-12-28,2025-12-28 11:26:00,522.43,522.45,522.43,522.45,0.0,77.15,40882.04,1
2025-12-28,2025-12-28 11:27:00,522.45,522.47,522.45,522.47,0.0,77.15,40882.04,1
2025-12-28,2025-12-28 11:28:00,522.47,522.48,522.47,522.48,0.0,77.15,40882.04,1
2025-12-28,2025-12-28 11:29:00,522.48,522.5,522.48,522.5,0.0,77.15,40882.04,1
2025-12-28,2025-12-28 11:30:00,522.5,522.52,522.5,522.52,0.0,77.15,40882.04,1
2025-12-28,2025-12-28 11:31:00,522.52,522.53,522.52,522.53,0.0,77.15,40882.04,1
2025-12-28,2025-12-28 11:32:00,522.53,522.55,522.53,522.55,0.0,77.15,40882.04,1
2025-12-28,2025-12-28 11:33:00,522.55,522.57,522.55,522.57,0.0,77.15,40882.04,1
2025-12-28,2025-12-28 11:34:00,522.57,522.58,522.57,522.58,0.0,77.15,40882.04,1
2025-12-28,2025-12-28 11:35:00,522.58,522.6,522.58,522.6,0.0,77.15,40882.04,1
2025-12-28,2025-12-28 11:36:00,522.6,522.62,522.6,522.62,0.0,77.15,40882.04,1
2025-12-28,2025-12-28 11:37:00,522.62,522.63,522.62,522.63,0.0,77.15,40882.04,1
2025-12-28,2025-12-28 11:38:00,522.63,522.65,522.63,522.65,0.0,77.15,40882.04,1
2025-12-28,2025-12-28 11:39:00,522.65,522.67,522.65,522.67,0.0,77.15,40882.04,1
2025-12-28,2025-12-28 11:40:00,522.67,522.68,522.67,522.68,0.0,77.15,40882.04,1
2025-12-28,2025-12-28 11:41:00,522.68,522.7,522.68,522.7,0.0,77.15,40882.04,1
2025-12-28,2025-12-28 11:42:00,522.7,522.72,522.7,522.72,0.0,77.15,40882.04,1
2025-12-28,2025-12-28 11:43:00,522.72,522.73,522.72,522.73,0.0,77.15,40882.04,1
2025-12-28,2025-12-28 11:44:00,522.73,522.75,522.73,522.75,0.0,77.15,40882.04,1
2025-12-28,2025-12-28 11:45:00,522.75,522.77,522.75,522.77,0.0,77.15,40882.04,1
2025-12-28,2025-12-28 11:46:00,522.77,522.78,522.77,522.78,0.0,77.15,40882.04,1
2025-12-28,2025-12-28 11:47:00,522.78,522.8,522.78,522.8,0.0,77.15,40882.04,1
2025-12-28,2025-12-28 11:48:00,522.8,522.82,522.8,522.82,0.0,77.15,40882.04,1
2025-12-28,2025-12-28 11:49:00,522.82,522.83,522.82,522.83,0.0,77.15,40882.04,1
2025-12-28,2025-12-28 11:50:00,522.83,522.85,522.83,522.85,0.0,77.15,40882.04,1
2025-12-28,2025-12-28 11:51:00,522.85,522.87,522.85,522.87,0.0,77.15,40882.04,1
2025-12-28,2025-12-28 11:52:00,522.87,522.88,522.87,522.88,0.0,77.15,40882.04,1
2025-12-28,2025-12-28 11:53:00,522.88,522.9,522.88,522.9,0.0,77.15,40882.04,1
2025-12-28,2025-12-28 11:54:00,522.9,522.92,522.9,522.92,0.0,77.15,40882.04,1
2025-12-28,2025-12-28 11:55:00,522.92,522.93,522.92,522.93,0.0,77.15,40882.04,1
2025-12-28,2025-12-28 11:56:00,522.93,522.95,522.93,522.95,0.0,77.15,40882.04,1
2025-12-28,2025-12-28 11:57:00,522.95,522.97,522.95,522.97,0.0,77.15,40882.04,1
2025-12-28,2025-12-28 11:58:00,522.97,522.98,522.97,522.98,0.0,77.15,40882.04,1
2025-12-28,2025-12-28 11:59:00,522.98,523.0,522.98,523.0,0.0,77.15,40882.04,1
2025-12-28,2025-12-28 12:00:00,523.0,523.02,523.0,523.02,0.0,77.15,40882.04,1
2025-12-28,2025-12-28 12:01:00,523.02,523.03,523.02,523.03,0.0,77.15,40882.04,1
2025-12-28,2025-12-28 12:02:00,523.03,523.05,523.03,523.05,0.0,77.15,40882.04,1
2025-12-28,2025-12-28 12:03:00,523.05,523.07,523.05,523.07,0.0,77.15,40882.04,1
2025-12-28,2025-12-28 12:04:00,523.07,523.08,523.07,523.08,0.0,77.15,40882.04,1
2025-12-28,2025-12-28 12:05:00,523.08,523.1,523.08,523.1,0.0,77.15,40882.04,1
2025-12-28,2025-12-28 12:06:00,523.1,523.12,523.1,523.12,0.0,77.15,40882.04,1
2025-12-28,2025-12-28 12:07:00,523.12,523.13,523.12,523.13,0.0,77.15,40882.04,1
2025-12-28,2025-12-28 12:08:00,523.13,523.15,523.13,523.15,0.0,77.15,40882.04,1
2025-12-28,2025-12-28 12:09:00,523.15,523.17,523.15,523.17,0.0,77.15,40882.04,1
2025-12-28,2025-12-28 12:10:00,523.17,523.18,523.17,523.18,0.0,77.15,40882.04,1
2025-12-28,2025-12-28 12:11:00,523.18,523.2,523.18,523.2,0.0,77.15,40882.04,1
2025-12-28,2025-12-28 12:12:00,523.2,523.22,523.2,523.22,0.0,77.15,40882.04,1
2025-12-28,2025-12-28 12:13:00,523.22,523.23,523.22,523.23,0.0,77.15,40882.04,1
2025-12-28,2025-12-28 12:14:00,523.23,523.25,523.23,523.25,0.0,77.15,40882.04,1
2025-12-28,2025-12-28 12:15:00,523.25,523.27,523.25,523.27,0.0,77.15,40882.04,1
2025-12-28,2025-12-28 12:16:00,523.27,523.28,523.27,523.28,0.0,77.15,40882.04,1
2025-12-28,2025-12-28 12:17:00,523.28,523.3,523.28,523.3,0.0,77.15,40882.04,1
2025-12-28,2025-12-28 12:18:00,523.3,523.32,523.3,523.32,0.0,77.15,40882.04,1
2025-12-28,2025-12-28 12:19:00,523.32,523.33,523.32,523.33,0.0,77.15,40882.04,1
2025-12-28,2025-12-28 12:20:00,523.33,523.35,523.33,523.35,0.0,77.15,40882.04,1
2025-12-28,2025-12-28 12:21:00,523.35,523.37,523.35,523.37,0.0,77.15,40882.04,1
2025-12-28,2025-12-28 12:22:00,523.37,523.38,523.37,523.38,0.0,77.15,40882.04,1
2025-12-28,2025-12-28 12:23:00,523.38,523.4,523.38,523.4,0.0,77.15,40882.04,1
2025-12-28,2025-12-28 12:24:00,523.4,523.42,523.4,523.42,0.0,77.15,40882.04,1
2025-12-28,2025-12-28 12:25:00,523.42,523.43,523.42,523.43,0.0,77.15,40882.04,1
2025-12-28,2025-12-28 12:26:00,523.43,523.45,523.43,523.45,0.0,77.15,40882.04,1
2025-12-28,2025-12-28 12:27:00,523.45,523.47,523.45,523.47,0.0,77.15,40882.04,1
2025-12-28,2025-12-28 12:28:00,523.47,523.48,523.47,523.48,0.0,77.15,40882.04,1
2025-12-28,2025-12-28 12:29:00,523.48,523.5,523.48,523.5,0.0,77.15,40882.04,1
2025-12-28,2025-12-28 12:30:00,523.5,523.52,523.5,523.52,0.0,77.15,40882.04,1
2025-12-28,2025-12-28 12:31:00,523.52,523.53,523.52,523.53,0.0,77.15,40882.04,1
2025-12-28,2025-12-28 12:32:00,523.53,523.55,523.53,523.55,0.0,77.15,40882.04,1
2025-12-28,2025-12-28 12:33:00,523.55,523.57,523.55,523.57,0.0,77.15,40882.04,1
2025-12-28,2025-12-28 12:34:00,523.57,523.58,523.57,523.58,0.0,77.15,40882.04,1
2025-12-28,2025-12-28 12:35:00,523.58,523.6,523.58,523.6,0.0,77.15,40882.04,1
2025-12-28,2025-12-28 12:36:00,523.6,523.62,523.6,523.62,0.0,77.15,40882.04,1
2025-12-28,2025-12-28 12:37:00,523.62,523.63,523.62,523.63,0.0,77.15,40882.04,1
2025-12-28,2025-12-28 12:38:00,523.63,523.65,523.63,523.65,0.0,77.15,40882.04,1
2025-12-28,2025-12-28 12:39:00,523.65,523.67,523.65,523.67,0.0,77.15,40882.04,1
2025-12-28,2025-12-28 12:40:00,523.67,523.68,523.67,523.68,0.0,77.15,40882.04,1
2025-12-28,2025-12-28 12:41:00,523.68,523.7,523.68,523.7,0.0,77.15,40882.04,1
2025-12-28,2025-12-28 12:42:00,523.7,523.72,523.7,523.72,0.0,77.15,40882.04,1
2025-12-28,2025-12-28 12:43:00,523.72,523.73,523.72,523.73,0.0,77.15,40882.04,1
2025-12-28,2025-12-28 12:44:00,523.73,523.75,523.73,523.75,0.0,77.15,40882.04,1
2025-12-28,2025-12-28 12:45:00,523.75,523.77,523.75,523.77,0.0,77.15,40882.04,1
2025-12-28,2025-12-28 12:46:00,523.77,523.78,523.77,523.78,0.0,77.15,40882.04,1
2025-12-28,2025-12-28 12:47:00,523.78,523.8,523.78,523.8,0.0,77.15,40882.04,1
2025-12-28,2025-12-28 12:48:00,523.8,523.82,523.8,523.82,0.0,77.15,40882.04,1
2025-12-28,2025-12-28 12:49:00,523.82,523.83,523.82,523.83,0.0,77.15,40882.04,1
2025-12-28,2025-12-28 12:50:00,523.83,523.85,523.83,523.85,0.0,77.15,40882.04,1
2025-12-28,2025-12-28 12:51:00,523.85,523.87,523.85,523.87,0.0,77.15,40882.04,1
2025-12-28,2025-12-28 12:52:00,523.87,523.88,523.87,523.88,0.0,77.15,40882.04,1
2025-12-28,2025-12-28 12:53:00,523.88,523.9,523.88,523.9,0.0,77.15,40882.04,1
2025-12-28,2025-12-28 12:54:00,523.9,523.92,523.9,523.92,0.0,77.15,40882.04,1
2025-12-28,2025-12-28 12:55:00,523.92,523.93,523.92,523.93,0.0,77.15,40882.04,1
2025-12-28,2025-12-28 12:56:00,523.93,523.95,523.93,523.95,0.0,77.15,40882.04,1
2025-12-28,2025-12-28 12:57:00,523.95,523.97,523.95,523.97,0.0,77.15,40882.04,1
2025-12-28,2025-12-28 12:58:00,523.97,523.98,523.97,523.98,0.0,77.15,40882.04,1
2025-12-28,2025-12-28 12:59:00,523.98,524.0,523.98,524.0,0.0,77.15,40882.04,1
2025-12-28,2025-12-28 13:00:00,524.0,547.9,520.0,524.02,0.0,77.15,40882.04,1
2025-12-28,2025-12-28 13:01:00,524.02,524.03,524.02,524.03,0.0,77.15,40882.04,1
2025-12-28,2025-12-28 13:02:00,524.03,524.05,524.03,524.05,0.0,77.15,40882.04,1
2025-12-28,2025-12-28 13:03:00,524.05,524.07,524.05,524.07,0.0,77.15,40882.04,1
2025-12-28,2025-12-28 13:04:00,524.07,524.08,524.07,524.08,0.0,77.15,40882.04,1
2025-12-28,2025-12-28 13:05:00,524.08,524.1,524.08,524.1,0.0,77.15,40882.04,1
2025-12-28,2025-12-28 13:06:00,524.1,524.12,524.1,524.12,0.0,77.15,40882.04,1
2025-12-28,2025-12-28 13:07:00,524.12,524.13,524.12,524.13,0.0,77.15,40882.04,1
2025-12-28,2025-12-28 13:08:00,524.13,524.15,524.13,524.15,0.0,77.15,40882.04,1
2025-12-28,2025-12-28 13:09:00,524.15,524.17,524.15,524.17,0.0,77.15,40882.04,1
2025-12-28,2025-12-28 13:10:00,524.17,524.18,524.17,524.18,0.0,77.15,40882.04,1
2025-12-28,2025-12-28 13:11:00,524.18,524.2,524.18,524.2,0.0,77.15,40882.04,1
2025-12-28,2025-12-28 13:12:00,524.2,524.22,524.2,524.22,0.0,77.15,40882.04,1
2025-12-28,2025-12-28 13:13:00,524.22,524.23,524.22,524.23,0.0,77.15,40882.04,1
2025-12-28,2025-12-28 13:14:00,524.23,524.25,524.23,524.25,0.0,77.15,40882.04,1
2025-12-28,2025-12-28 13:15:00,524.25,524.27,524.25,524.27,0.0,77.15,40882.04,1
2025-12-28,2025-12-28 13:16:00,524.27,524.28,524.27,524.28,0.0,77.15,40882.04,1
2025-12-28,2025-12-28 13:17:00,524.28,524.3,524.28,524.3,0.0,77.15,40882.04,1
2025-12-28,2025-12-28 13:18:00,524.3,524.32,524.3,524.32,0.0,77.15,40882.04,1
2025-12-28,2025-12-28 13:19:00,524.32,524.33,524.32,524.33,0.0,77.15,40882.04,1
2025-12-28,2025-12-28 13:20:00,524.33,524.35,524.33,524.35,0.0,77.15,40882.04,1
2025-12-28,2025-12-28 13:21:00,524.35,524.37,524.35,524.37,0.0,77.15,40882.04,1
2025-12-28,2025-12-28 13:22:00,524.37,524.38,524.37,524.38,0.0,77.15,40882.04,1
2025-12-28,2025-12-28 13:23:00,524.38,524.4,524.38,524.4,0.0,77.15,40882.04,1
2025-12-28,2025-12-28 13:24:00,524.4,524.42,524.4,524.42,0.0,77.15,40882.04,1
2025-12-28,2025-12-28 13:25:00,524.42,524.43,524.42,524.43,0.0,77.15,40882.04,1
2025-12-28,2025-12-28 13:26:00,524.43,524.45,524.43,524.45,0.0,77.15,40882.04,1
2025-12-28,2025-12-28 13:27:00,524.45,524.47,524.45,524.47,0.0,77.15,40882.04,1
2025-12-28,2025-12-28 13:28:00,524.47,524.48,524.47,524.48,0.0,77.15,40882.04,1
2025-12-28,2025-12-28 13:29:00,524.48,524.5,524.48,524.5,0.0,77.15,40882.04,1
2025-12-28,2025-12-28 13:30:00,524.5,524.52,524.5,524.52,0.0,77.15,40882.04,1
2025-12-28,2025-12-28 13:31:00,524.52,524.53,524.52,524.53,0.0,77.15,40882.04,1
2025-12-28,2025-12-28 13:32:00,524.53,524.55,524.53,524.55,0.0,77.15,40882.04,1
2025-12-28,2025-12-28 13:33:00,524.55,524.57,524.55,524.57,0.0,77.15,40882.04,1
2025-12-28,2025-12-28 13:34:00,524.57,524.58,524.57,524.58,0.0,77.15,40882.04,1
2025-12-28,2025-12-28 13:35:00,524.58,524.6,524.58,524.6,0.0,77.15,40882.04,1
2025-12-28,2025-12-28 13:36:00,524.6,524.62,524.6,524.62,0.0,77.15,40882.04,1
2025-12-28,2025-12-28 13:37:00,524.62,524.63,524.62,524.63,0.0,77.15,40882.04,1
2025-12-28,2025-12-28 13:38:00,524.63,524.65,524.63,524.65,0.0,77.15,40882.04,1
2025-12-28,2025-12-28 13:39:00,524.65,524.67,524.65,524.67,0.0,77.15,40882.04,1
2025-12-28,2025-12-28 13:40:00,524.67,524.68,524.67,524.68,0.0,77.15,40882.04,1
2025-12-28,2025-12-28 13:41:00,524.68,524.7,524.68,524.7,0.0,77.15,40882.04,1
2025-12-28,2025-12-28 13:42:00,524.7,524.72,524.7,524.72,0.0,77.15,40882.04,1
2025-12-28,2025-12-28 13:43:00,524.72,524.73,524.72,524.73,0.0,77.15,40882.04,1
2025-12-28,2025-12-28 13:44:00,524.73,524.75,524.73,524.75,0.0,77.15,40882.04,1
2025-12-28,2025-12-28 13:45:00,524.75,524.77,524.75,524.77,0.0,77.15,40882.04,1
2025-12-28,2025-12-28 13:46:00,524.77,524.78,524.77,524.78,0.0,77.15,40882.04,1
2025-12-28,2025-12-28 13:47:00,524.78,524.8,524.78,524.8,0.0,77.15,40882.04,1
2025-12-28,2025-12-28 13:48:00,524.8,524.82,524.8,524.82,0.0,77.15,40882.04,1
2025-12-28,2025-12-28 13:49:00,524.82,524.83,524.82,524.83,0.0,77.15,40882.04,1
2025-12-28,2025-12-28 13:50:00,524.83,524.85,524.83,524.85,0.0,77.15,40882.04,1
2025-12-28,2025-12-28 13:51:00,524.85,524.87,524.85,524.87,0.0,77.15,40882.04,1
2025-12-28,2025-12-28 13:52:00,524.87,524.88,524.87,524.88,0.0,77.15,40882.04,1
2025-12-28,2025-12-28 13:53:00,524.88,524.9,524.88,524.9,0.0,77.15,40882.04,1
2025-12-28,2025-12-28 13:54:00,524.9,524.92,524.9,524.92,0.0,77.15,40882.04,1
2025-12-28,2025-12-28 13:55:00,524.92,524.93,524.92,524.93,0.0,77.15,40882.04,1
2025-12-28,2025-12-28 13:56:00,524.93,524.95,524.93,524.95,0.0,77.15,40882.04,1
2025-12-28,2025-12-28 13:57:00,524.95,524.97,524.95,524.97,0.0,77.15,40882.04,1
2025-12-28,2025-12-28 13:58:00,524.97,524.98,524.97,524.98,0.0,77.15,40882.04,1
2025-12-28,2025-12-28 13:59:00,524.98,525.0,524.98,525.0,0.0,77.15,40882.04,1
2025-12-28,2025-12-28 14:00:00,525.0,525.02,525.0,525.02,0.0,77.15,40882.04,1
2025-12-28,2025-12-28 14:01:00,525.02,525.03,525.02,525.03,0.0,77.15,40882.04,1
2025-12-28,2025-12-28 14:02:00,525.03,525.05,525.03,525.05,0.0,77.15,40882.04,1
2025-12-28,2025-12-28 14:03:00,525.05,525.07,525.05,525.07,0.0,77.15,40882.04,1
2025-12-28,2025-12-28 14:04:00,525.07,525.08,525.07,525.08,0.0,77.15,40882.04,1
2025-12-28,2025-12-28 14:05:00,525.08,525.1,525.08,525.1,0.0,77.15,40882.04,1
2025-12-28,2025-12-28 14:06:00,525.1,525.12,525.1,525.12,0.0,77.15,40882.04,1
2025-12-28,2025-12-28 14:07:00,525.12,525.13,525.12,525.13,0.0,77.15,40882.04,1
2025-12-28,2025-12-28 14:08:00,525.13,525.15,525.13,525.15,0.0,77.15,40882.04,1
2025-12-28,2025-12-28 14:09:00,525.15,525.17,525.15,525.17,0.0,77.15,40882.04,1
2025-12-28,2025-12-28 14:10:00,525.17,525.18,525.17,525.18,0.0,77.15,40882.04,1
2025-12-28,2025-12-28 14:11:00,525.18,525.2,525.18,525.2,0.0,77.15,40882.04,1
2025-12-28,2025-12-28 14:12:00,525.2,525.22,525.2,525.22,0.0,77.15,40882.04,1
2025-12-28,2025-12-28 14:13:00,525.22,525.23,525.22,525.23,0.0,77.15,40882.04,1
2025-12-28,2025-12-28 14:14:00,525.23,525.25,525.23,525.25,0.0,77.15,40882.04,1
2025-12-28,2025-12-28 14:15:00,525.25,525.27,525.25,525.27,0.0,77.15,40882.04,1
2025-12-28,2025-12-28 14:16:00,525.27,525.28,525.27,525.28,0.0,77.15,40882.04,1
2025-12-28,2025-12-28 14:17:00,525.28,525.3,525.28,525.3,0.0,77.15,40882.04,1
2025-12-28,2025-12-28 14:18:00,525.3,525.32,525.3,525.32,0.0,77.15,40882.04,1
2025-12-28,2025-12-28 14:19:00,525.32,525.33,525.32,525.33,0.0,77.15,40882.04,1
2025-12-28,2025-12-28 14:20:00,525.33,525.35,525.33,525.35,0.0,77.15,40882.04,1
2025-12-28,2025-12-28 14:21:00,525.35,525.37,525.35,525.37,0.0,77.15,40882.04,1
2025-12-28,2025-12-28 14:22:00,525.37,525.38,525.37,525.38,0.0,77.15,40882.04,1
2025-12-28,2025-12-28 14:23:00,525.38,525.4,525.38,525.4,0.0,77.15,40882.04,1
2025-12-28,2025-12-28 14:24:00,525.4,525.42,525.4,525.42,0.0,77.15,40882.04,1
2025-12-28,2025-12-28 14:25:00,525.42,525.43,525.42,525.43,0.0,77.15,40882.04,1
2025-12-28,2025-12-28 14:26:00,525.43,525.45,525.43,525.45,0.0,77.15,40882.04,1
2025-12-28,2025-12-28 14:27:00,525.45,525.47,525.45,525.47,0.0,77.15,40882.04,1
2025-12-28,2025-12-28 14:28:00,525.47,525.48,525.47,525.48,0.0,77.15,40882.04,1
2025-12-28,2025-12-28 14:29:00,525.48,525.5,525.48,525.5,0.0,77.15,40882.04,1
2025-12-28,2025-12-28 14:30:00,525.5,525.52,525.5,525.52,0.0,77.15,40882.04,1
2025-12-28,2025-12-28 14:31:00,525.52,525.53,525.52,525.53,0.0,77.15,40882.04,1
2025-12-28,2025-12-28 14:32:00,525.53,525.55,525.53,525.55,0.0,77.15,40882.04,1
2025-12-28,2025-12-28 14:33:00,525.55,525.57,525.55,525.57,0.0,77.15,40882.04,1
2025-12-28,2025-12-28 14:34:00,525.57,525.58,525.57,525.58,0.0,77.15,40882.04,1
2025-12-28,2025-12-28 14:35:00,525.58,525.6,525.58,525.6,0.0,77.15,40882.04,1
2025-12-28,2025-12-28 14:36:00,525.6,525.62,525.6,525.62,0.0,77.15,40882.04,1
2025-12-28,2025-12-28 14:37:00,525.62,525.63,525.62,525.63,0.0,77.15,40882.04,1
2025-12-28,2025-12-28 14:38:00,525.63,525.65,525.63,525.65,0.0,77.15,40882.04,1
2025-12-28,2025-12-28 14:39:00,525.65,525.67,525.65,525.67,0.0,77.15,40882.04,1
2025-12-28,2025-12-28 14:40:00,525.67,525.68,525.67,525.68,0.0,77.15,40882.04,1
2025-12-28,2025-12-28 14:41:00,525.68,525.7,525.68,525.7,0.0,77.15,40882.04,1
2025-12-28,2025-12-28 14:42:00,525.7,525.72,525.7,525.72,0.0,77.15,40882.04,1
2025-12-28,2025-12-28 14:43:00,525.72,525.73,525.72,525.73,0.0,77.15,40882.04,1
2025-12-28,2025-12-28 14:44:00,525.73,525.75,525.73,525.75,0.0,77.15,40882.04,1
2025-12-28,2025-12-28 14:45:00,525.75,525.77,525.75,525.77,0.0,77.15,40882.04,1
2025-12-28,2025-12-28 14:46:00,525.77,525.78,525.77,525.78,0.0,77.15,40882.04,1
2025-12-28,2025-12-28 14:47:00,525.78,525.8,525.78,525.8,0.0,77.15,40882.04,1
2025-12-28,2025-12-28 14:48:00,525.8,525.82,525.8,525.82,0.0,77.15,40882.04,1
2025-12-28,2025-12-28 14:49:00,525.82,525.83,525.82,525.83,0.0,77.15,40882.04,1
2025-12-28,2025-12-28 14:50:00,525.83,525.85,525.83,525.85,0.0,77.15,40882.04,1
2025-12-28,2025-12-28 14:51:00,525.85,525.87,525.85,525.87,0.0,77.15,40882.04,1
2025-12-28,2025-12-28 14:52:00,525.87,525.88,525.87,525.88,0.0,77.15,40882.04,1
2025-12-28,2025-12-28 14:53:00,525.88,525.9,525.88,525.9,0.0,77.15,40882.04,1
2025-12-28,2025-12-28 14:54:00,525.9,525.92,525.9,525.92,0.0,77.15,40882.04,1
2025-12-28,2025-12-28 14:55:00,525.92,525.93,525.92,525.93,0.0,77.15,40882.04,1
2025-12-28,2025-12-28 14:56:00,525.93,525.95,525.93,525.95,0.0,77.15,40882.04,1
2025-12-28,2025-12-28 14:57:00,525.95,525.97,525.95,525.97,0.0,77.15,40882.04,1
2025-12-28,2025-12-28 14:58:00,525.97,525.98,525.97,525.98,0.0,77.15,40882.04,1
2025-12-28,2025-12-28 14:59:00,525.98,526.0,525.98,526.0,0.0,77.15,40882.04,1
2025-12-28,2025-12-28 15:00:00,526.0,547.9,520.0,526.0,0.0,77.15,40882.04,0
2025-12-29,2025-12-29 11:00:00,530.0,535.1,528.89,530.04,0.01,93.17,50542.83,1
2025-12-29,2025-12-29 11:01:00,530.04,530.08,530.04,530.08,0.01,93.17,50542.83,1
2025-12-29,2025-12-29 11:02:00,530.08,530.12,530.08,530.12,0.01,93.17,50542.83,1
2025-12-29,2025-12-29 11:03:00,530.12,530.16,530.12,530.16,0.01,93.17,50542.83,1
2025-12-29,2025-12-29 11:04:00,530.16,530.2,530.16,530.2,0.01,93.17,50542.83,1
2025-12-29,2025-12-29 11:05:00,530.2,530.25,530.2,530.25,0.01,93.17,50542.83,1
2025-12-29,2025-12-29 11:06:00,530.25,530.29,530.25,530.29,0.01,93.17,50542.83,1
2025-12-29,2025-12-29 11:07:00,530.29,530.33,530.29,530.33,0.01,93.17,50542.83,1
2025-12-29,2025-12-29 11:08:00,530.33,530.37,530.33,530.37,0.01,93.17,50542.83,1
2025-12-29,2025-12-29 11:09:00,530.37,530.41,530.37,530.41,0.01,93.17,50542.83,1
2025-12-29,2025-12-29 11:10:00,530.41,530.45,530.41,530.45,0.01,93.17,50542.83,1
2025-12-29,2025-12-29 11:11:00,530.45,530.49,530.45,530.49,0.01,93.17,50542.83,1
2025-12-29,2025-12-29 11:12:00,530.49,530.53,530.49,530.53,0.01,93.17,50542.83,1
2025-12-29,2025-12-29 11:13:00,530.53,530.57,530.53,530.57,0.01,93.17,50542.83,1
2025-12-29,2025-12-29 11:14:00,530.57,530.61,530.57,530.61,0.01,93.17,50542.83,1
2025-12-29,2025-12-29 11:15:00,530.61,530.65,530.61,530.65,0.01,93.17,50542.83,1
2025-12-29,2025-12-29 11:16:00,530.65,530.69,530.65,530.69,0.01,93.17,50542.83,1
2025-12-29,2025-12-29 11:17:00,530.69,530.74,530.69,530.74,0.01,93.17,50542.83,1
2025-12-29,2025-12-29 11:18:00,530.74,530.78,530.74,530.78,0.01,93.17,50542.83,1
2025-12-29,2025-12-29 11:19:00,530.78,530.82,530.78,530.82,0.01,93.17,50542.83,1
2025-12-29,2025-12-29 11:20:00,530.82,530.86,530.82,530.86,0.01,93.17,50542.83,1
2025-12-29,2025-12-29 11:21:00,530.86,530.9,530.86,530.9,0.01,93.17,50542.83,1
2025-12-29,2025-12-29 11:22:00,530.9,530.94,530.9,530.94,0.01,93.17,50542.83,1
2025-12-29,2025-12-29 11:23:00,530.94,530.98,530.94,530.98,0.01,93.17,50542.83,1
2025-12-29,2025-12-29 11:24:00,530.98,531.02,530.98,531.02,0.01,93.17,50542.83,1
2025-12-29,2025-12-29 11:25:00,531.02,531.06,531.02,531.06,0.01,93.17,50542.83,1
2025-12-29,2025-12-29 11:26:00,531.06,531.1,531.06,531.1,0.01,93.17,50542.83,1
2025-12-29,2025-12-29 11:27:00,531.1,531.14,531.1,531.14,0.01,93.17,50542.83,1
2025-12-29,2025-12-29 11:28:00,531.14,531.18,531.14,531.18,0.01,93.17,50542.83,1
2025-12-29,2025-12-29 11:29:00,531.18,531.23,531.18,531.23,0.01,93.17,50542.83,1
2025-12-29,2025-12-29 11:30:00,531.23,531.27,531.23,531.27,0.01,93.17,50542.83,1
2025-12-29,2025-12-29 11:31:00,531.27,531.31,531.27,531.31,0.01,93.17,50542.83,1
2025-12-29,2025-12-29 11:32:00,531.31,531.35,531.31,531.35,0.01,93.17,50542.83,1
2025-12-29,2025-12-29 11:33:00,531.35,531.39,531.35,531.39,0.01,93.17,50542.83,1
2025-12-29,2025-12-29 11:34:00,531.39,531.43,531.39,531.43,0.01,93.17,50542.83,1
2025-12-29,2025-12-29 11:35:00,531.43,531.47,531.43,531.47,0.01,93.17,50542.83,1
2025-12-29,2025-12-29 11:36:00,531.47,531.51,531.47,531.51,0.01,93.17,50542.83,1
2025-12-29,2025-12-29 11:37:00,531.51,531.55,531.51,531.55,0.01,93.17,50542.83,1
2025-12-29,2025-12-29 11:38:00,531.55,531.59,531.55,531.59,0.01,93.17,50542.83,1
2025-12-29,2025-12-29 11:39:00,531.59,531.63,531.59,531.63,0.01,93.17,50542.83,1
2025-12-29,2025-12-29 11:40:00,531.63,531.67,531.63,531.67,0.01,93.17,50542.83,1
2025-12-29,2025-12-29 11:41:00,531.67,531.72,531.67,531.72,0.01,93.17,50542.83,1
2025-12-29,2025-12-29 11:42:00,531.72,531.76,531.72,531.76,0.01,93.17,50542.83,1
2025-12-29,2025-12-29 11:43:00,531.76,531.8,531.76,531.8,0.01,93.17,50542.83,1
2025-12-29,2025-12-29 11:44:00,531.8,531.84,531.8,531.84,0.01,93.17,50542.83,1
2025-12-29,2025-12-29 11:45:00,531.84,531.88,531.84,531.88,0.01,93.17,50542.83,1
2025-12-29,2025-12-29 11:46:00,531.88,531.92,531.88,531.92,0.01,93.17,50542.83,1
2025-12-29,2025-12-29 11:47:00,531.92,531.96,531.92,531.96,0.01,93.17,50542.83,1
2025-12-29,2025-12-29 11:48:00,531.96,532.0,531.96,532.0,0.01,93.17,50542.83,1
2025-12-29,2025-12-29 11:49:00,532.0,532.04,532.0,532.04,0.01,93.17,50542.83,1
2025-12-29,2025-12-29 11:50:00,532.04,532.08,532.04,532.08,0.01,93.17,50542.83,1
2025-12-29,2025-12-29 11:51:00,532.08,532.12,532.08,532.12,0.01,93.17,50542.83,1
2025-12-29,2025-12-29 11:52:00,532.12,532.16,532.12,532.16,0.01,93.17,50542.83,1
2025-12-29,2025-12-29 11:53:00,532.16,532.21,532.16,532.21,0.01,93.17,50542.83,1
2025-12-29,2025-12-29 11:54:00,532.21,532.25,532.21,532.25,0.01,93.17,50542.83,1
2025-12-29,2025-12-29 11:55:00,532.25,532.29,532.25,532.29,0.01,93.17,50542.83,1
2025-12-29,2025-12-29 11:56:00,532.29,532.33,532.29,532.33,0.01,93.17,50542.83,1
2025-12-29,2025-12-29 11:57:00,532.33,532.37,532.33,532.37,0.01,93.17,50542.83,1
2025-12-29,2025-12-29 11:58:00,532.37,532.41,532.37,532.41,0.01,93.17,50542.83,1
2025-12-29,2025-12-29 11:59:00,532.41,532.45,532.41,532.45,0.01,93.17,50542.83,1
2025-12-29,2025-12-29 12:00:00,532.45,532.49,532.45,532.49,0.01,93.17,50542.83,1
2025-12-29,2025-12-29 12:01:00,532.49,532.53,532.49,532.53,0.01,93.17,50542.83,1
2025-12-29,2025-12-29 12:02:00,532.53,532.57,532.53,532.57,0.01,93.17,50542.83,1
2025-12-29,2025-12-29 12:03:00,532.57,532.61,532.57,532.61,0.01,93.17,50542.83,1
2025-12-29,2025-12-29 12:04:00,532.61,532.65,532.61,532.65,0.01,93.17,50542.83,1
2025-12-29,2025-12-29 12:05:00,532.65,532.69,532.65,532.69,0.01,93.17,50542.83,1
2025-12-29,2025-12-29 12:06:00,532.69,532.74,532.69,532.74,0.01,93.17,50542.83,1
2025-12-29,2025-12-29 12:07:00,532.74,532.78,532.74,532.78,0.01,93.17,50542.83,1
2025-12-29,2025-12-29 12:08:00,532.78,532.82,532.78,532.82,0.01,93.17,50542.83,1
2025-12-29,2025-12-29 12:09:00,532.82,532.86,532.82,532.86,0.01,93.17,50542.83,1
2025-12-29,2025-12-29 12:10:00,532.86,532.9,532.86,532.9,0.01,93.17,50542.83,1
2025-12-29,2025-12-29 12:11:00,532.9,532.94,532.9,532.94,0.01,93.17,50542.83,1
2025-12-29,2025-12-29 12:12:00,532.94,532.98,532.94,532.98,0.01,93.17,50542.83,1
2025-12-29,2025-12-29 12:13:00,532.98,533.02,532.98,533.02,0.01,93.17,50542.83,1
2025-12-29,2025-12-29 12:14:00,533.02,533.06,533.02,533.06,0.01,93.17,50542.83,1
2025-12-29,2025-12-29 12:15:00,533.06,533.1,533.06,533.1,0.01,93.17,50542.83,1
2025-12-29,2025-12-29 12:16:00,533.1,533.14,533.1,533.14,0.01,93.17,50542.83,1
2025-12-29,2025-12-29 12:17:00,533.14,533.18,533.14,533.18,0.01,93.17,50542.83,1
2025-12-29,2025-12-29 12:18:00,533.18,533.23,533.18,533.23,0.01,93.17,50542.83,1
2025-12-29,2025-12-29 12:19:00,533.23,533.27,533.23,533.27,0.01,93.17,50542.83,1
2025-12-29,2025-12-29 12:20:00,533.27,533.31,533.27,533.31,0.01,93.17,50542.83,1
2025-12-29,2025-12-29 12:21:00,533.31,533.35,533.31,533.35,0.01,93.17,50542.83,1
2025-12-29,2025-12-29 12:22:00,533.35,533.39,533.35,533.39,0.01,93.17,50542.83,1
2025-12-29,2025-12-29 12:23:00,533.39,533.43,533.39,533.43,0.01,93.17,50542.83,1
2025-12-29,2025-12-29 12:24:00,533.43,533.47,533.43,533.47,0.01,93.17,50542.83,1
2025-12-29,2025-12-29 12:25:00,533.47,533.51,533.47,533.51,0.01,93.17,50542.83,1
2025-12-29,2025-12-29 12:26:00,533.51,533.55,533.51,533.55,0.01,93.17,50542.83,1
2025-12-29,2025-12-29 12:27:00,533.55,533.59,533.55,533.59,0.01,93.17,50542.83,1
2025-12-29,2025-12-29 12:28:00,533.59,533.63,533.59,533.63,0.01,93.17,50542.83,1
2025-12-29,2025-12-29 12:29:00,533.63,533.67,533.63,533.67,0.01,93.17,50542.83,1
2025-12-29,2025-12-29 12:30:00,533.67,533.72,533.67,533.72,0.01,93.17,50542.83,1
2025-12-29,2025-12-29 12:31:00,533.72,533.76,533.72,533.76,0.01,93.17,50542.83,1
2025-12-29,2025-12-29 12:32:00,533.76,533.8,533.76,533.8,0.01,93.17,50542.83,1
2025-12-29,2025-12-29 12:33:00,533.8,533.84,533.8,533.84,0.01,93.17,50542.83,1
2025-12-29,2025-12-29 12:34:00,533.84,533.88,533.84,533.88,0.01,93.17,50542.83,1
2025-12-29,2025-12-29 12:35:00,533.88,533.92,533.88,533.92,0.01,93.17,50542.83,1
2025-12-29,2025-12-29 12:36:00,533.92,533.96,533.92,533.96,0.01,93.17,50542.83,1
2025-12-29,2025-12-29 12:37:00,533.96,534.0,533.96,534.0,0.01,93.17,50542.83,1
2025-12-29,2025-12-29 12:38:00,534.0,534.04,534.0,534.04,0.01,93.17,50542.83,1
2025-12-29,2025-12-29 12:39:00,534.04,534.08,534.04,534.08,0.01,93.17,50542.83,1
2025-12-29,2025-12-29 12:40:00,534.08,534.12,534.08,534.12,0.01,93.17,50542.83,1
2025-12-29,2025-12-29 12:41:00,534.12,534.16,534.12,534.16,0.01,93.17,50542.83,1
2025-12-29,2025-12-29 12:42:00,534.16,534.21,534.16,534.21,0.01,93.17,50542.83,1
2025-12-29,2025-12-29 12:43:00,534.21,534.25,534.21,534.25,0.01,93.17,50542.83,1
2025-12-29,2025-12-29 12:44:00,534.25,534.29,534.25,534.29,0.01,93.17,50542.83,1
2025-12-29,2025-12-29 12:45:00,534.29,534.33,534.29,534.33,0.01,93.17,50542.83,1
2025-12-29,2025-12-29 12:46:00,534.33,534.37,534.33,534.37,0.01,93.17,50542.83,1
2025-12-29,2025-12-29 12:47:00,534.37,534.41,534.37,534.41,0.01,93.17,50542.83,1
2025-12-29,2025-12-29 12:48:00,534.41,534.45,534.41,534.45,0.01,93.17,50542.83,1
2025-12-29,2025-12-29 12:49:00,534.45,534.49,534.45,534.49,0.01,93.17,50542.83,1
2025-12-29,2025-12-29 12:50:00,534.49,534.53,534.49,534.53,0.01,93.17,50542.83,1
2025-12-29,2025-12-29 12:51:00,534.53,534.57,534.53,534.57,0.01,93.17,50542.83,1
2025-12-29,2025-12-29 12:52:00,534.57,534.61,534.57,534.61,0.01,93.17,50542.83,1
2025-12-29,2025-12-29 12:53:00,534.61,534.65,534.61,534.65,0.01,93.17,50542.83,1
2025-12-29,2025-12-29 12:54:00,534.65,534.7,534.65,534.7,0.01,93.17,50542.83,1
2025-12-29,2025-12-29 12:55:00,534.7,534.74,534.7,534.74,0.01,93.17,50542.83,1
2025-12-29,2025-12-29 12:56:00,534.74,534.78,534.74,534.78,0.01,93.17,50542.83,1
2025-12-29,2025-12-29 12:57:00,534.78,534.82,534.78,534.82,0.01,93.17,50542.83,1
2025-12-29,2025-12-29 12:58:00,534.82,534.86,534.82,534.86,0.01,93.17,50542.83,1
2025-12-29,2025-12-29 12:59:00,534.86,534.9,534.86,534.9,0.01,93.17,50542.83,1
2025-12-29,2025-12-29 13:00:00,534.9,547.0,526.3,534.94,0.01,93.17,50542.83,1
2025-12-29,2025-12-29 13:01:00,534.94,534.98,534.94,534.98,0.01,93.17,50542.83,1
2025-12-29,2025-12-29 13:02:00,534.98,535.02,534.98,535.02,0.01,93.17,50542.83,1
2025-12-29,2025-12-29 13:03:00,535.02,535.06,535.02,535.06,0.01,93.17,50542.83,1
2025-12-29,2025-12-29 13:04:00,535.06,535.1,535.06,535.1,0.01,93.17,50542.83,1
2025-12-29,2025-12-29 13:05:00,535.1,535.14,535.1,535.14,0.01,93.17,50542.83,1
2025-12-29,2025-12-29 13:06:00,535.14,535.19,535.14,535.19,0.01,93.17,50542.83,1
2025-12-29,2025-12-29 13:07:00,535.19,535.23,535.19,535.23,0.01,93.17,50542.83,1
2025-12-29,2025-12-29 13:08:00,535.23,535.27,535.23,535.27,0.01,93.17,50542.83,1
2025-12-29,2025-12-29 13:09:00,535.27,535.31,535.27,535.31,0.01,93.17,50542.83,1
2025-12-29,2025-12-29 13:10:00,535.31,535.35,535.31,535.35,0.01,93.17,50542.83,1
2025-12-29,2025-12-29 13:11:00,535.35,535.39,535.35,535.39,0.01,93.17,50542.83,1
2025-12-29,2025-12-29 13:12:00,535.39,535.43,535.39,535.43,0.01,93.17,50542.83,1
2025-12-29,2025-12-29 13:13:00,535.43,535.47,535.43,535.47,0.01,93.17,50542.83,1
2025-12-29,2025-12-29 13:14:00,535.47,535.51,535.47,535.51,0.01,93.17,50542.83,1
2025-12-29,2025-12-29 13:15:00,535.51,535.55,535.51,535.55,0.01,93.17,50542.83,1
2025-12-29,2025-12-29 13:16:00,535.55,535.59,535.55,535.59,0.01,93.17,50542.83,1
2025-12-29,2025-12-29 13:17:00,535.59,535.63,535.59,535.63,0.01,93.17,50542.83,1
2025-12-29,2025-12-29 13:18:00,535.63,535.68,535.63,535.68,0.01,93.17,50542.83,1
2025-12-29,2025-12-29 13:19:00,535.68,535.72,535.68,535.72,0.01,93.17,50542.83,1
2025-12-29,2025-12-29 13:20:00,535.72,535.76,535.72,535.76,0.01,93.17,50542.83,1
2025-12-29,2025-12-29 13:21:00,535.76,535.8,535.76,535.8,0.01,93.17,50542.83,1
2025-12-29,2025-12-29 13:22:00,535.8,535.84,535.8,535.84,0.01,93.17,50542.83,1
2025-12-29,2025-12-29 13:23:00,535.84,535.88,535.84,535.88,0.01,93.17,50542.83,1
2025-12-29,2025-12-29 13:24:00,535.88,535.92,535.88,535.92,0.01,93.17,50542.83,1
2025-12-29,2025-12-29 13:25:00,535.92,535.96,535.92,535.96,0.01,93.17,50542.83,1
2025-12-29,2025-12-29 13:26:00,535.96,536.0,535.96,536.0,0.01,93.17,50542.83,1
2025-12-29,2025-12-29 13:27:00,536.0,536.04,536.0,536.04,0.01,93.17,50542.83,1
2025-12-29,2025-12-29 13:28:00,536.04,536.08,536.04,536.08,0.01,93.17,50542.83,1
2025-12-29,2025-12-29 13:29:00,536.08,536.12,536.08,536.12,0.01,93.17,50542.83,1
2025-12-29,2025-12-29 13:30:00,536.12,536.17,536.12,536.17,0.01,93.17,50542.83,1
2025-12-29,2025-12-29 13:31:00,536.17,536.21,536.17,536.21,0.01,93.17,50542.83,1
2025-12-29,2025-12-29 13:32:00,536.21,536.25,536.21,536.25,0.01,93.17,50542.83,1
2025-12-29,2025-12-29 13:33:00,536.25,536.29,536.25,536.29,0.01,93.17,50542.83,1
2025-12-29,2025-12-29 13:34:00,536.29,536.33,536.29,536.33,0.01,93.17,50542.83,1
2025-12-29,2025-12-29 13:35:00,536.33,536.37,536.33,536.37,0.01,93.17,50542.83,1
2025-12-29,2025-12-29 13:36:00,536.37,536.41,536.37,536.41,0.01,93.17,50542.83,1
2025-12-29,2025-12-29 13:37:00,536.41,536.45,536.41,536.45,0.01,93.17,50542.83,1
2025-12-29,2025-12-29 13:38:00,536.45,536.49,536.45,536.49,0.01,93.17,50542.83,1
2025-12-29,2025-12-29 13:39:00,536.49,536.53,536.49,536.53,0.01,93.17,50542.83,1
2025-12-29,2025-12-29 13:40:00,536.53,536.57,536.53,536.57,0.01,93.17,50542.83,1
2025-12-29,2025-12-29 13:41:00,536.57,536.62,536.57,536.62,0.01,93.17,50542.83,1
2025-12-29,2025-12-29 13:42:00,536.62,536.66,536.62,536.66,0.01,93.17,50542.83,1
2025-12-29,2025-12-29 13:43:00,536.66,536.7,536.66,536.7,0.01,93.17,50542.83,1
2025-12-29,2025-12-29 13:44:00,536.7,536.74,536.7,536.74,0.01,93.17,50542.83,1
2025-12-29,2025-12-29 13:45:00,536.74,536.78,536.74,536.78,0.01,93.17,50542.83,1
2025-12-29,2025-12-29 13:46:00,536.78,536.82,536.78,536.82,0.01,93.17,50542.83,1
2025-12-29,2025-12-29 13:47:00,536.82,536.86,536.82,536.86,0.01,93.17,50542.83,1
2025-12-29,2025-12-29 13:48:00,536.86,536.9,536.86,536.9,0.01,93.17,50542.83,1
2025-12-29,2025-12-29 13:49:00,536.9,536.94,536.9,536.94,0.01,93.17,50542.83,1
2025-12-29,2025-12-29 13:50:00,536.94,536.98,536.94,536.98,0.01,93.17,50542.83,1
2025-12-29,2025-12-29 13:51:00,536.98,537.02,536.98,537.02,0.01,93.17,50542.83,1
2025-12-29,2025-12-29 13:52:00,537.02,537.06,537.02,537.06,0.01,93.17,50542.83,1
2025-12-29,2025-12-29 13:53:00,537.06,537.11,537.06,537.11,0.01,93.17,50542.83,1
2025-12-29,2025-12-29 13:54:00,537.11,537.15,537.11,537.15,0.01,93.17,50542.83,1
2025-12-29,2025-12-29 13:55:00,537.15,537.19,537.15,537.19,0.01,93.17,50542.83,1
2025-12-29,2025-12-29 13:56:00,537.19,537.23,537.19,537.23,0.01,93.17,50542.83,1
2025-12-29,2025-12-29 13:57:00,537.23,537.27,537.23,537.27,0.01,93.17,50542.83,1
2025-12-29,2025-12-29 13:58:00,537.27,537.31,537.27,537.31,0.01,93.17,50542.83,1
2025-12-29,2025-12-29 13:59:00,537.31,537.35,537.31,537.35,0.01,93.17,50542.83,1
2025-12-29,2025-12-29 14:00:00,537.35,537.39,537.35,537.39,0.01,93.17,50542.83,1
2025-12-29,2025-12-29 14:01:00,537.39,537.43,537.39,537.43,0.01,93.17,50542.83,1
2025-12-29,2025-12-29 14:02:00,537.43,537.47,537.43,537.47,0.01,93.17,50542.83,1
2025-12-29,2025-12-29 14:03:00,537.47,537.51,537.47,537.51,0.01,93.17,50542.83,1
2025-12-29,2025-12-29 14:04:00,537.51,537.55,537.51,537.55,0.01,93.17,50542.83,1
2025-12-29,2025-12-29 14:05:00,537.55,537.59,537.55,537.59,0.01,93.17,50542.83,1
2025-12-29,2025-12-29 14:06:00,537.59,537.64,537.59,537.64,0.01,93.17,50542.83,1
2025-12-29,2025-12-29 14:07:00,537.64,537.68,537.64,537.68,0.01,93.17,50542.83,1
2025-12-29,2025-12-29 14:08:00,537.68,537.72,537.68,537.72,0.01,93.17,50542.83,1
2025-12-29,2025-12-29 14:09:00,537.72,537.76,537.72,537.76,0.01,93.17,50542.83,1
2025-12-29,2025-12-29 14:10:00,537.76,537.8,537.76,537.8,0.01,93.17,50542.83,1
2025-12-29,2025-12-29 14:11:00,537.8,537.84,537.8,537.84,0.01,93.17,50542.83,1
2025-12-29,2025-12-29 14:12:00,537.84,537.88,537.84,537.88,0.01,93.17,50542.83,1
2025-12-29,2025-12-29 14:13:00,537.88,537.92,537.88,537.92,0.01,93.17,50542.83,1
2025-12-29,2025-12-29 14:14:00,537.92,537.96,537.92,537.96,0.01,93.17,50542.83,1
2025-12-29,2025-12-29 14:15:00,537.96,538.0,537.96,538.0,0.01,93.17,50542.83,1
2025-12-29,2025-12-29 14:16:00,538.0,538.04,538.0,538.04,0.01,93.17,50542.83,1
2025-12-29,2025-12-29 14:17:00,538.04,538.08,538.04,538.08,0.01,93.17,50542.83,1
2025-12-29,2025-12-29 14:18:00,538.08,538.13,538.08,538.13,0.01,93.17,50542.83,1
2025-12-29,2025-12-29 14:19:00,538.13,538.17,538.13,538.17,0.01,93.17,50542.83,1
2025-12-29,2025-12-29 14:20:00,538.17,538.21,538.17,538.21,0.01,93.17,50542.83,1
2025-12-29,2025-12-29 14:21:00,538.21,538.25,538.21,538.25,0.01,93.17,50542.83,1
2025-12-29,2025-12-29 14:22:00,538.25,538.29,538.25,538.29,0.01,93.17,50542.83,1
2025-12-29,2025-12-29 14:23:00,538.29,538.33,538.29,538.33,0.01,93.17,50542.83,1
2025-12-29,2025-12-29 14:24:00,538.33,538.37,538.33,538.37,0.01,93.17,50542.83,1
2025-12-29,2025-12-29 14:25:00,538.37,538.41,538.37,538.41,0.01,93.17,50542.83,1
2025-12-29,2025-12-29 14:26:00,538.41,538.45,538.41,538.45,0.01,93.17,50542.83,1
2025-12-29,2025-12-29 14:27:00,538.45,538.49,538.45,538.49,0.01,93.17,50542.83,1
2025-12-29,2025-12-29 14:28:00,538.49,538.53,538.49,538.53,0.01,93.17,50542.83,1
2025-12-29,2025-12-29 14:29:00,538.53,538.57,538.53,538.57,0.01,93.17,50542.83,1
2025-12-29,2025-12-29 14:30:00,538.57,538.62,538.57,538.62,0.01,93.17,50542.83,1
2025-12-29,2025-12-29 14:31:00,538.62,538.66,538.62,538.66,0.01,93.17,50542.83,1
2025-12-29,2025-12-29 14:32:00,538.66,538.7,538.66,538.7,0.01,93.17,50542.83,1
2025-12-29,2025-12-29 14:33:00,538.7,538.74,538.7,538.74,0.01,93.17,50542.83,1
2025-12-29,2025-12-29 14:34:00,538.74,538.78,538.74,538.78,0.01,93.17,50542.83,1
2025-12-29,2025-12-29 14:35:00,538.78,538.82,538.78,538.82,0.01,93.17,50542.83,1
2025-12-29,2025-12-29 14:36:00,538.82,538.86,538.82,538.86,0.01,93.17,50542.83,1
2025-12-29,2025-12-29 14:37:00,538.86,538.9,538.86,538.9,0.01,93.17,50542.83,1
2025-12-29,2025-12-29 14:38:00,538.9,538.94,538.9,538.94,0.01,93.17,50542.83,1
2025-12-29,2025-12-29 14:39:00,538.94,538.98,538.94,538.98,0.01,93.17,50542.83,1
2025-12-29,2025-12-29 14:40:00,538.98,539.02,538.98,539.02,0.01,93.17,50542.83,1
2025-12-29,2025-12-29 14:41:00,539.02,539.06,539.02,539.06,0.01,93.17,50542.83,1
2025-12-29,2025-12-29 14:42:00,539.06,539.11,539.06,539.11,0.01,93.17,50542.83,1
2025-12-29,2025-12-29 14:43:00,539.11,539.15,539.11,539.15,0.01,93.17,50542.83,1
2025-12-29,2025-12-29 14:44:00,539.15,539.19,539.15,539.19,0.01,93.17,50542.83,1
2025-12-29,2025-12-29 14:45:00,539.19,539.23,539.19,539.23,0.01,93.17,50542.83,1
2025-12-29,2025-12-29 14:46:00,539.23,539.27,539.23,539.27,0.01,93.17,50542.83,1
2025-12-29,2025-12-29 14:47:00,539.27,539.31,539.27,539.31,0.01,93.17,50542.83,1
2025-12-29,2025-12-29 14:48:00,539.31,539.35,539.31,539.35,0.01,93.17,50542.83,1
2025-12-29,2025-12-29 14:49:00,539.35,539.39,539.35,539.39,0.01,93.17,50542.83,1
2025-12-29,2025-12-29 14:50:00,539.39,539.43,539.39,539.43,0.01,93.17,50542.83,1
2025-12-29,2025-12-29 14:51:00,539.43,539.47,539.43,539.47,0.01,93.17,50542.83,1
2025-12-29,2025-12-29 14:52:00,539.47,539.51,539.47,539.51,0.01,93.17,50542.83,1
2025-12-29,2025-12-29 14:53:00,539.51,539.55,539.51,539.55,0.01,93.17,50542.83,1
2025-12-29,2025-12-29 14:54:00,539.55,539.6,539.55,539.6,0.01,93.17,50542.83,1
2025-12-29,2025-12-29 14:55:00,539.6,539.64,539.6,539.64,0.01,93.17,50542.83,1
2025-12-29,2025-12-29 14:56:00,539.64,539.68,539.64,539.68,0.01,93.17,50542.83,1
2025-12-29,2025-12-29 14:57:00,539.68,539.72,539.68,539.72,0.01,93.17,50542.83,1
2025-12-29,2025-12-29 14:58:00,539.72,539.76,539.72,539.76,0.01,93.17,50542.83,1
2025-12-29,2025-12-29 14:59:00,539.76,539.8,539.76,539.8,0.01,93.17,50542.83,1
2025-12-29,2025-12-29 15:00:00,539.8,547.0,526.3,539.8,0.0,93.17,50542.83,0
2025-12-31,2025-12-31 11:00:00,540.0,542.67,539.7,540.0,0.0,29.78,16166.07,0
2025-12-31,2025-12-31 11:01:00,540.0,540.0,540.0,540.0,0.0,29.78,16166.07,0
2025-12-31,2025-12-31 11:02:00,540.0,540.0,540.0,540.0,0.0,29.78,16166.07,0
2025-12-31,2025-12-31 11:03:00,540.0,540.0,540.0,540.0,0.0,29.78,16166.07,0
2025-12-31,2025-12-31 11:04:00,540.0,540.0,540.0,540.0,0.0,29.78,16166.07,0
2025-12-31,2025-12-31 11:05:00,540.0,540.0,540.0,540.0,0.0,29.78,16166.07,0
2025-12-31,2025-12-31 11:06:00,540.0,540.0,540.0,540.0,0.0,29.78,16166.07,0
2025-12-31,2025-12-31 11:07:00,540.0,540.0,540.0,540.0,0.0,29.78,16166.07,0
2025-12-31,2025-12-31 11:08:00,540.0,540.0,540.0,540.0,0.0,29.78,16166.07,0
2025-12-31,2025-12-31 11:09:00,540.0,540.0,540.0,540.0,0.0,29.78,16166.07,0
2025-12-31,2025-12-31 11:10:00,540.0,540.0,540.0,540.0,0.0,29.78,16166.07,0
2025-12-31,2025-12-31 11:11:00,540.0,540.0,540.0,540.0,0.0,29.78,16166.07,0
2025-12-31,2025-12-31 11:12:00,540.0,540.0,540.0,540.0,0.0,29.78,16166.07,0
2025-12-31,2025-12-31 11:13:00,540.0,540.0,540.0,540.0,0.0,29.78,16166.07,0
2025-12-31,2025-12-31 11:14:00,540.0,540.0,540.0,540.0,0.0,29.78,16166.07,0
2025-12-31,2025-12-31 11:15:00,540.0,540.0,540.0,540.0,0.0,29.78,16166.07,0
2025-12-31,2025-12-31 11:16:00,540.0,540.0,540.0,540.0,0.0,29.78,16166.07,0
2025-12-31,2025-12-31 11:17:00,540.0,540.0,540.0,540.0,0.0,29.78,16166.07,0
2025-12-31,2025-12-31 11:18:00,540.0,540.0,540.0,540.0,0.0,29.78,16166.07,0
2025-12-31,2025-12-31 11:19:00,540.0,540.0,540.0,540.0,0.0,29.78,16166.07,0
2025-12-31,2025-12-31 11:20:00,540.0,540.0,540.0,540.0,0.0,29.78,16166.07,0
2025-12-31,2025-12-31 11:21:00,540.0,540.0,540.0,540.0,0.0,29.78,16166.07,0
2025-12-31,2025-12-31 11:22:00,540.0,540.0,540.0,540.0,0.0,29.78,16166.07,0
2025-12-31,2025-12-31 11:23:00,540.0,540.0,540.0,540.0,0.0,29.78,16166.07,0
2025-12-31,2025-12-31 11:24:00,540.0,540.0,540.0,540.0,0.0,29.78,16166.07,0
2025-12-31,2025-12-31 11:25:00,540.0,540.0,540.0,540.0,0.0,29.78,16166.07,0
2025-12-31,2025-12-31 11:26:00,540.0,540.0,540.0,540.0,0.0,29.78,16166.07,0
2025-12-31,2025-12-31 11:27:00,540.0,540.0,540.0,540.0,0.0,29.78,16166.07,0
2025-12-31,2025-12-31 11:28:00,540.0,540.0,540.0,540.0,0.0,29.78,16166.07,0
2025-12-31,2025-12-31 11:29:00,540.0,540.0,540.0,540.0,0.0,29.78,16166.07,0
2025-12-31,2025-12-31 11:30:00,540.0,540.0,540.0,540.0,0.0,29.78,16166.07,0
2025-12-31,2025-12-31 11:31:00,540.0,540.0,540.0,540.0,0.0,29.78,16166.07,0
2025-12-31,2025-12-31 11:32:00,540.0,540.0,540.0,540.0,0.0,29.78,16166.07,0
2025-12-31,2025-12-31 11:33:00,540.0,540.0,540.0,540.0,0.0,29.78,16166.07,0
2025-12-31,2025-12-31 11:34:00,540.0,540.0,540.0,540.0,0.0,29.78,16166.07,0
2025-12-31,2025-12-31 11:35:00,540.0,540.0,540.0,540.0,0.0,29.78,16166.07,0
2025-12-31,2025-12-31 11:36:00,540.0,540.0,540.0,540.0,0.0,29.78,16166.07,0
2025-12-31,2025-12-31 11:37:00,540.0,540.0,540.0,540.0,0.0,29.78,16166.07,0
2025-12-31,2025-12-31 11:38:00,540.0,540.0,540.0,540.0,0.0,29.78,16166.07,0
2025-12-31,2025-12-31 11:39:00,540.0,540.0,540.0,540.0,0.0,29.78,16166.07,0
2025-12-31,2025-12-31 11:40:00,540.0,540.0,540.0,540.0,0.0,29.78,16166.07,0
2025-12-31,2025-12-31 11:41:00,540.0,540.0,540.0,540.0,0.0,29.78,16166.07,0
2025-12-31,2025-12-31 11:42:00,540.0,540.0,540.0,540.0,0.0,29.78,16166.07,0
2025-12-31,2025-12-31 11:43:00,540.0,540.0,540.0,540.0,0.0,29.78,16166.07,0
2025-12-31,2025-12-31 11:44:00,540.0,540.0,540.0,540.0,0.0,29.78,16166.07,0
2025-12-31,2025-12-31 11:45:00,540.0,540.0,540.0,540.0,0.0,29.78,16166.07,0
2025-12-31,2025-12-31 11:46:00,540.0,540.0,540.0,540.0,0.0,29.78,16166.07,0
2025-12-31,2025-12-31 11:47:00,540.0,540.0,540.0,540.0,0.0,29.78,16166.07,0
2025-12-31,2025-12-31 11:48:00,540.0,540.0,540.0,540.0,0.0,29.78,16166.07,0
2025-12-31,2025-12-31 11:49:00,540.0,540.0,540.0,540.0,0.0,29.78,16166.07,0
2025-12-31,2025-12-31 11:50:00,540.0,540.0,540.0,540.0,0.0,29.78,16166.07,0
2025-12-31,2025-12-31 11:51:00,540.0,540.0,540.0,540.0,0.0,29.78,16166.07,0
2025-12-31,2025-12-31 11:52:00,540.0,540.0,540.0,540.0,0.0,29.78,16166.07,0
2025-12-31,2025-12-31 11:53:00,540.0,540.0,540.0,540.0,0.0,29.78,16166.07,0
2025-12-31,2025-12-31 11:54:00,540.0,540.0,540.0,540.0,0.0,29.78,16166.07,0
2025-12-31,2025-12-31 11:55:00,540.0,540.0,540.0,540.0,0.0,29.78,16166.07,0
2025-12-31,2025-12-31 11:56:00,540.0,540.0,540.0,540.0,0.0,29.78,16166.07,0
2025-12-31,2025-12-31 11:57:00,540.0,540.0,540.0,540.0,0.0,29.78,16166.07,0
2025-12-31,2025-12-31 11:58:00,540.0,540.0,540.0,540.0,0.0,29.78,16166.07,0
2025-12-31,2025-12-31 11:59:00,540.0,540.0,540.0,540.0,0.0,29.78,16166.07,0
2025-12-31,2025-12-31 12:00:00,540.0,540.0,540.0,540.0,0.0,29.78,16166.07,0
2025-12-31,2025-12-31 12:01:00,540.0,540.0,540.0,540.0,0.0,29.78,16166.07,0
2025-12-31,2025-12-31 12:02:00,540.0,540.0,540.0,540.0,0.0,29.78,16166.07,0
2025-12-31,2025-12-31 12:03:00,540.0,540.0,540.0,540.0,0.0,29.78,16166.07,0
2025-12-31,2025-12-31 12:04:00,540.0,540.0,540.0,540.0,0.0,29.78,16166.07,0
2025-12-31,2025-12-31 12:05:00,540.0,540.0,540.0,540.0,0.0,29.78,16166.07,0
2025-12-31,2025-12-31 12:06:00,540.0,540.0,540.0,540.0,0.0,29.78,16166.07,0
2025-12-31,2025-12-31 12:07:00,540.0,540.0,540.0,540.0,0.0,29.78,16166.07,0
2025-12-31,2025-12-31 12:08:00,540.0,540.0,540.0,540.0,0.0,29.78,16166.07,0
2025-12-31,2025-12-31 12:09:00,540.0,540.0,540.0,540.0,0.0,29.78,16166.07,0
2025-12-31,2025-12-31 12:10:00,540.0,540.0,540.0,540.0,0.0,29.78,16166.07,0
2025-12-31,2025-12-31 12:11:00,540.0,540.0,540.0,540.0,0.0,29.78,16166.07,0
2025-12-31,2025-12-31 12:12:00,540.0,540.0,540.0,540.0,0.0,29.78,16166.07,0
2025-12-31,2025-12-31 12:13:00,540.0,540.0,540.0,540.0,0.0,29.78,16166.07,0
2025-12-31,2025-12-31 12:14:00,540.0,540.0,540.0,540.0,0.0,29.78,16166.07,0
2025-12-31,2025-12-31 12:15:00,540.0,540.0,540.0,540.0,0.0,29.78,16166.07,0
2025-12-31,2025-12-31 12:16:00,540.0,540.0,540.0,540.0,0.0,29.78,16166.07,0
2025-12-31,2025-12-31 12:17:00,540.0,540.0,540.0,540.0,0.0,29.78,16166.07,0
2025-12-31,2025-12-31 12:18:00,540.0,540.0,540.0,540.0,0.0,29.78,16166.07,0
2025-12-31,2025-12-31 12:19:00,540.0,540.0,540.0,540.0,0.0,29.78,16166.07,0
2025-12-31,2025-12-31 12:20:00,540.0,540.0,540.0,540.0,0.0,29.78,16166.07,0
2025-12-31,2025-12-31 12:21:00,540.0,540.0,540.0,540.0,0.0,29.78,16166.07,0
2025-12-31,2025-12-31 12:22:00,540.0,540.0,540.0,540.0,0.0,29.78,16166.07,0
2025-12-31,2025-12-31 12:23:00,540.0,540.0,540.0,540.0,0.0,29.78,16166.07,0
2025-12-31,2025-12-31 12:24:00,540.0,540.0,540.0,540.0,0.0,29.78,16166.07,0
2025-12-31,2025-12-31 12:25:00,540.0,540.0,540.0,540.0,0.0,29.78,16166.07,0
2025-12-31,2025-12-31 12:26:00,540.0,540.0,540.0,540.0,0.0,29.78,16166.07,0
2025-12-31,2025-12-31 12:27:00,540.0,540.0,540.0,540.0,0.0,29.78,16166.07,0
2025-12-31,2025-12-31 12:28:00,540.0,540.0,540.0,540.0,0.0,29.78,16166.07,0
2025-12-31,2025-12-31 12:29:00,540.0,540.0,540.0,540.0,0.0,29.78,16166.07,0
2025-12-31,2025-12-31 12:30:00,540.0,540.0,540.0,540.0,0.0,29.78,16166.07,0
2025-12-31,2025-12-31 12:31:00,540.0,540.0,540.0,540.0,0.0,29.78,16166.07,0
2025-12-31,2025-12-31 12:32:00,540.0,540.0,540.0,540.0,0.0,29.78,16166.07,0
2025-12-31,2025-12-31 12:33:00,540.0,540.0,540.0,540.0,0.0,29.78,16166.07,0
2025-12-31,2025-12-31 12:34:00,540.0,540.0,540.0,540.0,0.0,29.78,16166.07,0
2025-12-31,2025-12-31 12:35:00,540.0,540.0,540.0,540.0,0.0,29.78,16166.07,0
2025-12-31,2025-12-31 12:36:00,540.0,540.0,540.0,540.0,0.0,29.78,16166.07,0
2025-12-31,2025-12-31 12:37:00,540.0,540.0,540.0,540.0,0.0,29.78,16166.07,0
2025-12-31,2025-12-31 12:38:00,540.0,540.0,540.0,540.0,0.0,29.78,16166.07,0
2025-12-31,2025-12-31 12:39:00,540.0,540.0,540.0,540.0,0.0,29.78,16166.07,0
2025-12-31,2025-12-31 12:40:00,540.0,540.0,540.0,540.0,0.0,29.78,16166.07,0
2025-12-31,2025-12-31 12:41:00,540.0,540.0,540.0,540.0,0.0,29.78,16166.07,0
2025-12-31,2025-12-31 12:42:00,540.0,540.0,540.0,540.0,0.0,29.78,16166.07,0
2025-12-31,2025-12-31 12:43:00,540.0,540.0,540.0,540.0,0.0,29.78,16166.07,0
2025-12-31,2025-12-31 12:44:00,540.0,540.0,540.0,540.0,0.0,29.78,16166.07,0
2025-12-31,2025-12-31 12:45:00,540.0,540.0,540.0,540.0,0.0,29.78,16166.07,0
2025-12-31,2025-12-31 12:46:00,540.0,540.0,540.0,540.0,0.0,29.78,16166.07,0
2025-12-31,2025-12-31 12:47:00,540.0,540.0,540.0,540.0,0.0,29.78,16166.07,0
2025-12-31,2025-12-31 12:48:00,540.0,540.0,540.0,540.0,0.0,29.78,16166.07,0
2025-12-31,2025-12-31 12:49:00,540.0,540.0,540.0,540.0,0.0,29.78,16166.07,0
2025-12-31,2025-12-31 12:50:00,540.0,540.0,540.0,540.0,0.0,29.78,16166.07,0
2025-12-31,2025-12-31 12:51:00,540.0,540.0,540.0,540.0,0.0,29.78,16166.07,0
2025-12-31,2025-12-31 12:52:00,540.0,540.0,540.0,540.0,0.0,29.78,16166.07,0
2025-12-31,2025-12-31 12:53:00,540.0,540.0,540.0,540.0,0.0,29.78,16166.07,0
2025-12-31,2025-12-31 12:54:00,540.0,540.0,540.0,540.0,0.0,29.78,16166.07,0
2025-12-31,2025-12-31 12:55:00,540.0,540.0,540.0,540.0,0.0,29.78,16166.07,0
2025-12-31,2025-12-31 12:56:00,540.0,540.0,540.0,540.0,0.0,29.78,16166.07,0
2025-12-31,2025-12-31 12:57:00,540.0,540.0,540.0,540.0,0.0,29.78,16166.07,0
2025-12-31,2025-12-31 12:58:00,540.0,540.0,540.0,540.0,0.0,29.78,16166.07,0
2025-12-31,2025-12-31 12:59:00,540.0,540.0,540.0,540.0,0.0,29.78,16166.07,0
2025-12-31,2025-12-31 13:00:00,540.0,548.9,539.0,540.0,0.0,29.78,16166.07,0
2025-12-31,2025-12-31 13:01:00,540.0,540.0,540.0,540.0,0.0,29.78,16166.07,0
2025-12-31,2025-12-31 13:02:00,540.0,540.0,540.0,540.0,0.0,29.78,16166.07,0
2025-12-31,2025-12-31 13:03:00,540.0,540.0,540.0,540.0,0.0,29.78,16166.07,0
2025-12-31,2025-12-31 13:04:00,540.0,540.0,540.0,540.0,0.0,29.78,16166.07,0
2025-12-31,2025-12-31 13:05:00,540.0,540.0,540.0,540.0,0.0,29.78,16166.07,0
2025-12-31,2025-12-31 13:06:00,540.0,540.0,540.0,540.0,0.0,29.78,16166.07,0
2025-12-31,2025-12-31 13:07:00,540.0,540.0,540.0,540.0,0.0,29.78,16166.07,0
2025-12-31,2025-12-31 13:08:00,540.0,540.0,540.0,540.0,0.0,29.78,16166.07,0
2025-12-31,2025-12-31 13:09:00,540.0,540.0,540.0,540.0,0.0,29.78,16166.07,0
2025-12-31,2025-12-31 13:10:00,540.0,540.0,540.0,540.0,0.0,29.78,16166.07,0
2025-12-31,2025-12-31 13:11:00,540.0,540.0,540.0,540.0,0.0,29.78,16166.07,0
2025-12-31,2025-12-31 13:12:00,540.0,540.0,540.0,540.0,0.0,29.78,16166.07,0
2025-12-31,2025-12-31 13:13:00,540.0,540.0,540.0,540.0,0.0,29.78,16166.07,0
2025-12-31,2025-12-31 13:14:00,540.0,540.0,540.0,540.0,0.0,29.78,16166.07,0
2025-12-31,2025-12-31 13:15:00,540.0,540.0,540.0,540.0,0.0,29.78,16166.07,0
2025-12-31,2025-12-31 13:16:00,540.0,540.0,540.0,540.0,0.0,29.78,16166.07,0
2025-12-31,2025-12-31 13:17:00,540.0,540.0,540.0,540.0,0.0,29.78,16166.07,0
2025-12-31,2025-12-31 13:18:00,540.0,540.0,540.0,540.0,0.0,29.78,16166.07,0
2025-12-31,2025-12-31 13:19:00,540.0,540.0,540.0,540.0,0.0,29.78,16166.07,0
2025-12-31,2025-12-31 13:20:00,540.0,540.0,540.0,540.0,0.0,29.78,16166.07,0
2025-12-31,2025-12-31 13:21:00,540.0,540.0,540.0,540.0,0.0,29.78,16166.07,0
2025-12-31,2025-12-31 13:22:00,540.0,540.0,540.0,540.0,0.0,29.78,16166.07,0
2025-12-31,2025-12-31 13:23:00,540.0,540.0,540.0,540.0,0.0,29.78,16166.07,0
2025-12-31,2025-12-31 13:24:00,540.0,540.0,540.0,540.0,0.0,29.78,16166.07,0
2025-12-31,2025-12-31 13:25:00,540.0,540.0,540.0,540.0,0.0,29.78,16166.07,0
2025-12-31,2025-12-31 13:26:00,540.0,540.0,540.0,540.0,0.0,29.78,16166.07,0
2025-12-31,2025-12-31 13:27:00,540.0,540.0,540.0,540.0,0.0,29.78,16166.07,0
2025-12-31,2025-12-31 13:28:00,540.0,540.0,540.0,540.0,0.0,29.78,16166.07,0
2025-12-31,2025-12-31 13:29:00,540.0,540.0,540.0,540.0,0.0,29.78,16166.07,0
2025-12-31,2025-12-31 13:30:00,540.0,540.0,540.0,540.0,0.0,29.78,16166.07,0
2025-12-31,2025-12-31 13:31:00,540.0,540.0,540.0,540.0,0.0,29.78,16166.07,0
2025-12-31,2025-12-31 13:32:00,540.0,540.0,540.0,540.0,0.0,29.78,16166.07,0
2025-12-31,2025-12-31 13:33:00,540.0,540.0,540.0,540.0,0.0,29.78,16166.07,0
2025-12-31,2025-12-31 13:34:00,540.0,540.0,540.0,540.0,0.0,29.78,16166.07,0
2025-12-31,2025-12-31 13:35:00,540.0,540.0,540.0,540.0,0.0,29.78,16166.07,0
2025-12-31,2025-12-31 13:36:00,540.0,540.0,540.0,540.0,0.0,29.78,16166.07,0
2025-12-31,2025-12-31 13:37:00,540.0,540.0,540.0,540.0,0.0,29.78,16166.07,0
2025-12-31,2025-12-31 13:38:00,540.0,540.0,540.0,540.0,0.0,29.78,16166.07,0
2025-12-31,2025-12-31 13:39:00,540.0,540.0,540.0,540.0,0.0,29.78,16166.07,0
2025-12-31,2025-12-31 13:40:00,540.0,540.0,540.0,540.0,0.0,29.78,16166.07,0
2025-12-31,2025-12-31 13:41:00,540.0,540.0,540.0,540.0,0.0,29.78,16166.07,0
2025-12-31,2025-12-31 13:42:00,540.0,540.0,540.0,540.0,0.0,29.78,16166.07,0
2025-12-31,2025-12-31 13:43:00,540.0,540.0,540.0,540.0,0.0,29.78,16166.07,0
2025-12-31,2025-12-31 13:44:00,540.0,540.0,540.0,540.0,0.0,29.78,16166.07,0
2025-12-31,2025-12-31 13:45:00,540.0,540.0,540.0,540.0,0.0,29.78,16166.07,0
2025-12-31,2025-12-31 13:46:00,540.0,540.0,540.0,540.0,0.0,29.78,16166.07,0
2025-12-31,2025-12-31 13:47:00,540.0,540.0,540.0,540.0,0.0,29.78,16166.07,0
2025-12-31,2025-12-31 13:48:00,540.0,540.0,540.0,540.0,0.0,29.78,16166.07,0
2025-12-31,2025-12-31 13:49:00,540.0,540.0,540.0,540.0,0.0,29.78,16166.07,0
2025-12-31,2025-12-31 13:50:00,540.0,540.0,540.0,540.0,0.0,29.78,16166.07,0
2025-12-31,2025-12-31 13:51:00,540.0,540.0,540.0,540.0,0.0,29.78,16166.07,0
2025-12-31,2025-12-31 13:52:00,540.0,540.0,540.0,540.0,0.0,29.78,16166.07,0
2025-12-31,2025-12-31 13:53:00,540.0,540.0,540.0,540.0,0.0,29.78,16166.07,0
2025-12-31,2025-12-31 13:54:00,540.0,540.0,540.0,540.0,0.0,29.78,16166.07,0
2025-12-31,2025-12-31 13:55:00,540.0,540.0,540.0,540.0,0.0,29.78,16166.07,0
2025-12-31,2025-12-31 13:56:00,540.0,540.0,540.0,540.0,0.0,29.78,16166.07,0
2025-12-31,2025-12-31 13:57:00,540.0,540.0,540.0,540.0,0.0,29.78,16166.07,0
2025-12-31,2025-12-31 13:58:00,540.0,540.0,540.0,540.0,0.0,29.78,16166.07,0
2025-12-31,2025-12-31 13:59:00,540.0,540.0,540.0,540.0,0.0,29.78,16166.07,0
2025-12-31,2025-12-31 14:00:00,540.0,540.0,540.0,540.0,0.0,29.78,16166.07,0
2025-12-31,2025-12-31 14:01:00,540.0,540.0,540.0,540.0,0.0,29.78,16166.07,0
2025-12-31,2025-12-31 14:02:00,540.0,540.0,540.0,540.0,0.0,29.78,16166.07,0
2025-12-31,2025-12-31 14:03:00,540.0,540.0,540.0,540.0,0.0,29.78,16166.07,0
2025-12-31,2025-12-31 14:04:00,540.0,540.0,540.0,540.0,0.0,29.78,16166.07,0
2025-12-31,2025-12-31 14:05:00,540.0,540.0,540.0,540.0,0.0,29.78,16166.07,0
2025-12-31,2025-12-31 14:06:00,540.0,540.0,540.0,540.0,0.0,29.78,16166.07,0
2025-12-31,2025-12-31 14:07:00,540.0,540.0,540.0,540.0,0.0,29.78,16166.07,0
2025-12-31,2025-12-31 14:08:00,540.0,540.0,540.0,540.0,0.0,29.78,16166.07,0
2025-12-31,2025-12-31 14:09:00,540.0,540.0,540.0,540.0,0.0,29.78,16166.07,0
2025-12-31,2025-12-31 14:10:00,540.0,540.0,540.0,540.0,0.0,29.78,16166.07,0
2025-12-31,2025-12-31 14:11:00,540.0,540.0,540.0,540.0,0.0,29.78,16166.07,0
2025-12-31,2025-12-31 14:12:00,540.0,540.0,540.0,540.0,0.0,29.78,16166.07,0
2025-12-31,2025-12-31 14:13:00,540.0,540.0,540.0,540.0,0.0,29.78,16166.07,0
2025-12-31,2025-12-31 14:14:00,540.0,540.0,540.0,540.0,0.0,29.78,16166.07,0
2025-12-31,2025-12-31 14:15:00,540.0,540.0,540.0,540.0,0.0,29.78,16166.07,0
2025-12-31,2025-12-31 14:16:00,540.0,540.0,540.0,540.0,0.0,29.78,16166.07,0
2025-12-31,2025-12-31 14:17:00,540.0,540.0,540.0,540.0,0.0,29.78,16166.07,0
2025-12-31,2025-12-31 14:18:00,540.0,540.0,540.0,540.0,0.0,29.78,16166.07,0
2025-12-31,2025-12-31 14:19:00,540.0,540.0,540.0,540.0,0.0,29.78,16166.07,0
2025-12-31,2025-12-31 14:20:00,540.0,540.0,540.0,540.0,0.0,29.78,16166.07,0
2025-12-31,2025-12-31 14:21:00,540.0,540.0,540.0,540.0,0.0,29.78,16166.07,0
2025-12-31,2025-12-31 14:22:00,540.0,540.0,540.0,540.0,0.0,29.78,16166.07,0
2025-12-31,2025-12-31 14:23:00,540.0,540.0,540.0,540.0,0.0,29.78,16166.07,0
2025-12-31,2025-12-31 14:24:00,540.0,540.0,540.0,540.0,0.0,29.78,16166.07,0
2025-12-31,2025-12-31 14:25:00,540.0,540.0,540.0,540.0,0.0,29.78,16166.07,0
2025-12-31,2025-12-31 14:26:00,540.0,540.0,540.0,540.0,0.0,29.78,16166.07,0
2025-12-31,2025-12-31 14:27:00,540.0,540.0,540.0,540.0,0.0,29.78,16166.07,0
2025-12-31,2025-12-31 14:28:00,540.0,540.0,540.0,540.0,0.0,29.78,16166.07,0
2025-12-31,2025-12-31 14:29:00,540.0,540.0,540.0,540.0,0.0,29.78,16166.07,0
2025-12-31,2025-12-31 14:30:00,540.0,540.0,540.0,540.0,0.0,29.78,16166.07,0
2025-12-31,2025-12-31 14:31:00,540.0,540.0,540.0,540.0,0.0,29.78,16166.07,0
2025-12-31,2025-12-31 14:32:00,540.0,540.0,540.0,540.0,0.0,29.78,16166.07,0
2025-12-31,2025-12-31 14:33:00,540.0,540.0,540.0,540.0,0.0,29.78,16166.07,0
2025-12-31,2025-12-31 14:34:00,540.0,540.0,540.0,540.0,0.0,29.78,16166.07,0
2025-12-31,2025-12-31 14:35:00,540.0,540.0,540.0,540.0,0.0,29.78,16166.07,0
2025-12-31,2025-12-31 14:36:00,540.0,540.0,540.0,540.0,0.0,29.78,16166.07,0
2025-12-31,2025-12-31 14:37:00,540.0,540.0,540.0,540.0,0.0,29.78,16166.07,0
2025-12-31,2025-12-31 14:38:00,540.0,540.0,540.0,540.0,0.0,29.78,16166.07,0
2025-12-31,2025-12-31 14:39:00,540.0,540.0,540.0,540.0,0.0,29.78,16166.07,0
2025-12-31,2025-12-31 14:40:00,540.0,540.0,540.0,540.0,0.0,29.78,16166.07,0
2025-12-31,2025-12-31 14:41:00,540.0,540.0,540.0,540.0,0.0,29.78,16166.07,0
2025-12-31,2025-12-31 14:42:00,540.0,540.0,540.0,540.0,0.0,29.78,16166.07,0
2025-12-31,2025-12-31 14:43:00,540.0,540.0,540.0,540.0,0.0,29.78,16166.07,0
2025-12-31,2025-12-31 14:44:00,540.0,540.0,540.0,540.0,0.0,29.78,16166.07,0
2025-12-31,2025-12-31 14:45:00,540.0,540.0,540.0,540.0,0.0,29.78,16166.07,0
2025-12-31,2025-12-31 14:46:00,540.0,540.0,540.0,540.0,0.0,29.78,16166.07,0
2025-12-31,2025-12-31 14:47:00,540.0,540.0,540.0,540.0,0.0,29.78,16166.07,0
2025-12-31,2025-12-31 14:48:00,540.0,540.0,540.0,540.0,0.0,29.78,16166.07,0
2025-12-31,2025-12-31 14:49:00,540.0,540.0,540.0,540.0,0.0,29.78,16166.07,0
2025-12-31,2025-12-31 14:50:00,540.0,540.0,540.0,540.0,0.0,29.78,16166.07,0
2025-12-31,2025-12-31 14:51:00,540.0,540.0,540.0,540.0,0.0,29.78,16166.07,0
2025-12-31,2025-12-31 14:52:00,540.0,540.0,540.0,540.0,0.0,29.78,16166.07,0
2025-12-31,2025-12-31 14:53:00,540.0,540.0,540.0,540.0,0.0,29.78,16166.07,0
2025-12-31,2025-12-31 14:54:00,540.0,540.0,540.0,540.0,0.0,29.78,16166.07,0
2025-12-31,2025-12-31 14:55:00,540.0,540.0,540.0,540.0,0.0,29.78,16166.07,0
2025-12-31,2025-12-31 14:56:00,540.0,540.0,540.0,540.0,0.0,29.78,16166.07,0
2025-12-31,2025-12-31 14:57:00,540.0,540.0,540.0,540.0,0.0,29.78,16166.07,0
2025-12-31,2025-12-31 14:58:00,540.0,540.0,540.0,540.0,0.0,29.78,16166.07,0
2025-12-31,2025-12-31 14:59:00,540.0,540.0,540.0,540.0,0.0,29.78,16166.07,0
2025-12-31,2025-12-31 15:00:00,540.0,548.9,539.0,540.0,0.0,29.78,16166.07,0
2026-01-01,2026-01-01 11:00:00,537.0,538.71,534.9,537.01,0.0,54.59,29314.98,1
2026-01-01,2026-01-01 11:01:00,537.01,537.02,537.01,537.02,0.0,54.59,29314.98,1
2026-01-01,2026-01-01 11:02:00,537.02,537.02,537.02,537.02,0.0,54.59,29314.98,0
2026-01-01,2026-01-01 11:03:00,537.02,537.03,537.02,537.03,0.0,54.59,29314.98,1
2026-01-01,2026-01-01 11:04:00,537.03,537.04,537.03,537.04,0.0,54.59,29314.98,1
2026-01-01,2026-01-01 11:05:00,537.04,537.05,537.04,537.05,0.0,54.59,29314.98,1
2026-01-01,2026-01-01 11:06:00,537.05,537.06,537.05,537.06,0.0,54.59,29314.98,1
2026-01-01,2026-01-01 11:07:00,537.06,537.07,537.06,537.07,0.0,54.59,29314.98,1
2026-01-01,2026-01-01 11:08:00,537.07,537.08,537.07,537.08,0.0,54.59,29314.98,1
2026-01-01,2026-01-01 11:09:00,537.08,537.08,537.08,537.08,0.0,54.59,29314.98,0
2026-01-01,2026-01-01 11:10:00,537.08,537.09,537.08,537.09,0.0,54.59,29314.98,1
2026-01-01,2026-01-01 11:11:00,537.09,537.1,537.09,537.1,0.0,54.59,29314.98,1
2026-01-01,2026-01-01 11:12:00,537.1,537.11,537.1,537.11,0.0,54.59,29314.98,1
2026-01-01,2026-01-01 11:13:00,537.11,537.12,537.11,537.12,0.0,54.59,29314.98,1
2026-01-01,2026-01-01 11:14:00,537.12,537.12,537.12,537.12,0.0,54.59,29314.98,0
2026-01-01,2026-01-01 11:15:00,537.12,537.13,537.12,537.13,0.0,54.59,29314.98,1
2026-01-01,2026-01-01 11:16:00,537.13,537.14,537.13,537.14,0.0,54.59,29314.98,1
2026-01-01,2026-01-01 11:17:00,537.14,537.15,537.14,537.15,0.0,54.59,29314.98,1
2026-01-01,2026-01-01 11:18:00,537.15,537.16,537.15,537.16,0.0,54.59,29314.98,1
2026-01-01,2026-01-01 11:19:00,537.16,537.17,537.16,537.17,0.0,54.59,29314.98,1
2026-01-01,2026-01-01 11:20:00,537.17,537.17,537.17,537.17,0.0,54.59,29314.98,0
2026-01-01,2026-01-01 11:21:00,537.17,537.18,537.17,537.18,0.0,54.59,29314.98,1
2026-01-01,2026-01-01 11:22:00,537.18,537.19,537.18,537.19,0.0,54.59,29314.98,1
2026-01-01,2026-01-01 11:23:00,537.19,537.2,537.19,537.2,0.0,54.59,29314.98,1
2026-01-01,2026-01-01 11:24:00,537.2,537.21,537.2,537.21,0.0,54.59,29314.98,1
2026-01-01,2026-01-01 11:25:00,537.21,537.22,537.21,537.22,0.0,54.59,29314.98,1
2026-01-01,2026-01-01 11:26:00,537.22,537.23,537.22,537.23,0.0,54.59,29314.98,1
2026-01-01,2026-01-01 11:27:00,537.23,537.23,537.23,537.23,0.0,54.59,29314.98,0
2026-01-01,2026-01-01 11:28:00,537.23,537.24,537.23,537.24,0.0,54.59,29314.98,1
2026-01-01,2026-01-01 11:29:00,537.24,537.25,537.24,537.25,0.0,54.59,29314.98,1
2026-01-01,2026-01-01 11:30:00,537.25,537.26,537.25,537.26,0.0,54.59,29314.98,1
2026-01-01,2026-01-01 11:31:00,537.26,537.27,537.26,537.27,0.0,54.59,29314.98,1
2026-01-01,2026-01-01 11:32:00,537.27,537.27,537.27,537.27,0.0,54.59,29314.98,0
2026-01-01,2026-01-01 11:33:00,537.27,537.28,537.27,537.28,0.0,54.59,29314.98,1
2026-01-01,2026-01-01 11:34:00,537.28,537.29,537.28,537.29,0.0,54.59,29314.98,1
2026-01-01,2026-01-01 11:35:00,537.29,537.3,537.29,537.3,0.0,54.59,29314.98,1
2026-01-01,2026-01-01 11:36:00,537.3,537.31,537.3,537.31,0.0,54.59,29314.98,1
2026-01-01,2026-01-01 11:37:00,537.31,537.32,537.31,537.32,0.0,54.59,29314.98,1
2026-01-01,2026-01-01 11:38:00,537.32,537.33,537.32,537.33,0.0,54.59,29314.98,1
2026-01-01,2026-01-01 11:39:00,537.33,537.33,537.33,537.33,0.0,54.59,29314.98,0
2026-01-01,2026-01-01 11:40:00,537.33,537.34,537.33,537.34,0.0,54.59,29314.98,1
2026-01-01,2026-01-01 11:41:00,537.34,537.35,537.34,537.35,0.0,54.59,29314.98,1
2026-01-01,2026-01-01 11:42:00,537.35,537.36,537.35,537.36,0.0,54.59,29314.98,1
2026-01-01,2026-01-01 11:43:00,537.36,537.37,537.36,537.37,0.0,54.59,29314.98,1
2026-01-01,2026-01-01 11:44:00,537.37,537.38,537.37,537.38,0.0,54.59,29314.98,1
2026-01-01,2026-01-01 11:45:00,537.38,537.38,537.38,537.38,0.0,54.59,29314.98,0
2026-01-01,2026-01-01 11:46:00,537.38,537.39,537.38,537.39,0.0,54.59,29314.98,1
2026-01-01,2026-01-01 11:47:00,537.39,537.4,537.39,537.4,0.0,54.59,29314.98,1
2026-01-01,2026-01-01 11:48:00,537.4,537.41,537.4,537.41,0.0,54.59,29314.98,1
2026-01-01,2026-01-01 11:49:00,537.41,537.42,537.41,537.42,0.0,54.59,29314.98,1
2026-01-01,2026-01-01 11:50:00,537.42,537.42,537.42,537.42,0.0,54.59,29314.98,0
2026-01-01,2026-01-01 11:51:00,537.42,537.43,537.42,537.43,0.0,54.59,29314.98,1
2026-01-01,2026-01-01 11:52:00,537.43,537.44,537.43,537.44,0.0,54.59,29314.98,1
2026-01-01,2026-01-01 11:53:00,537.44,537.45,537.44,537.45,0.0,54.59,29314.98,1
2026-01-01,2026-01-01 11:54:00,537.45,537.46,537.45,537.46,0.0,54.59,29314.98,1
2026-01-01,2026-01-01 11:55:00,537.46,537.47,537.46,537.47,0.0,54.59,29314.98,1
2026-01-01,2026-01-01 11:56:00,537.47,537.48,537.47,537.48,0.0,54.59,29314.98,1
2026-01-01,2026-01-01 11:57:00,537.48,537.48,537.48,537.48,0.0,54.59,29314.98,0
2026-01-01,2026-01-01 11:58:00,537.48,537.49,537.48,537.49,0.0,54.59,29314.98,1
2026-01-01,2026-01-01 11:59:00,537.49,537.5,537.49,537.5,0.0,54.59,29314.98,1
2026-01-01,2026-01-01 12:00:00,537.5,537.51,537.5,537.51,0.0,54.59,29314.98,1
2026-01-01,2026-01-01 12:01:00,537.51,537.52,537.51,537.52,0.0,54.59,29314.98,1
2026-01-01,2026-01-01 12:02:00,537.52,537.52,537.52,537.52,0.0,54.59,29314.98,0
2026-01-01,2026-01-01 12:03:00,537.52,537.53,537.52,537.53,0.0,54.59,29314.98,1
2026-01-01,2026-01-01 12:04:00,537.53,537.54,537.53,537.54,0.0,54.59,29314.98,1
2026-01-01,2026-01-01 12:05:00,537.54,537.55,537.54,537.55,0.0,54.59,29314.98,1
2026-01-01,2026-01-01 12:06:00,537.55,537.56,537.55,537.56,0.0,54.59,29314.98,1
2026-01-01,2026-01-01 12:07:00,537.56,537.57,537.56,537.57,0.0,54.59,29314.98,1
2026-01-01,2026-01-01 12:08:00,537.57,537.58,537.57,537.58,0.0,54.59,29314.98,1
2026-01-01,2026-01-01 12:09:00,537.58,537.58,537.58,537.58,0.0,54.59,29314.98,0
2026-01-01,2026-01-01 12:10:00,537.58,537.59,537.58,537.59,0.0,54.59,29314.98,1
2026-01-01,2026-01-01 12:11:00,537.59,537.6,537.59,537.6,0.0,54.59,29314.98,1
2026-01-01,2026-01-01 12:12:00,537.6,537.61,537.6,537.61,0.0,54.59,29314.98,1
2026-01-01,2026-01-01 12:13:00,537.61,537.62,537.61,537.62,0.0,54.59,29314.98,1
2026-01-01,2026-01-01 12:14:00,537.62,537.62,537.62,537.62,0.0,54.59,29314.98,0
2026-01-01,2026-01-01 12:15:00,537.62,537.63,537.62,537.63,0.0,54.59,29314.98,1
2026-01-01,2026-01-01 12:16:00,537.63,537.64,537.63,537.64,0.0,54.59,29314.98,1
2026-01-01,2026-01-01 12:17:00,537.64,537.65,537.64,537.65,0.0,54.59,29314.98,1
2026-01-01,2026-01-01 12:18:00,537.65,537.66,537.65,537.66,0.0,54.59,29314.98,1
2026-01-01,2026-01-01 12:19:00,537.66,537.67,537.66,537.67,0.0,54.59,29314.98,1
2026-01-01,2026-01-01 12:20:00,537.67,537.67,537.67,537.67,0.0,54.59,29314.98,0
2026-01-01,2026-01-01 12:21:00,537.67,537.68,537.67,537.68,0.0,54.59,29314.98,1
2026-01-01,2026-01-01 12:22:00,537.68,537.69,537.68,537.69,0.0,54.59,29314.98,1
2026-01-01,2026-01-01 12:23:00,537.69,537.7,537.69,537.7,0.0,54.59,29314.98,1
2026-01-01,2026-01-01 12:24:00,537.7,537.71,537.7,537.71,0.0,54.59,29314.98,1
2026-01-01,2026-01-01 12:25:00,537.71,537.72,537.71,537.72,0.0,54.59,29314.98,1
2026-01-01,2026-01-01 12:26:00,537.72,537.73,537.72,537.73,0.0,54.59,29314.98,1
2026-01-01,2026-01-01 12:27:00,537.73,537.73,537.73,537.73,0.0,54.59,29314.98,0
2026-01-01,2026-01-01 12:28:00,537.73,537.74,537.73,537.74,0.0,54.59,29314.98,1
2026-01-01,2026-01-01 12:29:00,537.74,537.75,537.74,537.75,0.0,54.59,29314.98,1
2026-01-01,2026-01-01 12:30:00,537.75,537.76,537.75,537.76,0.0,54.59,29314.98,1
2026-01-01,2026-01-01 12:31:00,537.76,537.77,537.76,537.77,0.0,54.59,29314.98,1
2026-01-01,2026-01-01 12:32:00,537.77,537.77,537.77,537.77,0.0,54.59,29314.98,0
2026-01-01,2026-01-01 12:33:00,537.77,537.78,537.77,537.78,0.0,54.59,29314.98,1
2026-01-01,2026-01-01 12:34:00,537.78,537.79,537.78,537.79,0.0,54.59,29314.98,1
2026-01-01,2026-01-01 12:35:00,537.79,537.8,537.79,537.8,0.0,54.59,29314.98,1
2026-01-01,2026-01-01 12:36:00,537.8,537.81,537.8,537.81,0.0,54.59,29314.98,1
2026-01-01,2026-01-01 12:37:00,537.81,537.82,537.81,537.82,0.0,54.59,29314.98,1
2026-01-01,2026-01-01 12:38:00,537.82,537.83,537.82,537.83,0.0,54.59,29314.98,1
2026-01-01,2026-01-01 12:39:00,537.83,537.83,537.83,537.83,0.0,54.59,29314.98,0
2026-01-01,2026-01-01 12:40:00,537.83,537.84,537.83,537.84,0.0,54.59,29314.98,1
2026-01-01,2026-01-01 12:41:00,537.84,537.85,537.84,537.85,0.0,54.59,29314.98,1
2026-01-01,2026-01-01 12:42:00,537.85,537.86,537.85,537.86,0.0,54.59,29314.98,1
2026-01-01,2026-01-01 12:43:00,537.86,537.87,537.86,537.87,0.0,54.59,29314.98,1
2026-01-01,2026-01-01 12:44:00,537.87,537.88,537.87,537.88,0.0,54.59,29314.98,1
2026-01-01,2026-01-01 12:45:00,537.88,537.88,537.88,537.88,0.0,54.59,29314.98,0
2026-01-01,2026-01-01 12:46:00,537.88,537.89,537.88,537.89,0.0,54.59,29314.98,1
2026-01-01,2026-01-01 12:47:00,537.89,537.9,537.89,537.9,0.0,54.59,29314.98,1
2026-01-01,2026-01-01 12:48:00,537.9,537.91,537.9,537.91,0.0,54.59,29314.98,1
2026-01-01,2026-01-01 12:49:00,537.91,537.92,537.91,537.92,0.0,54.59,29314.98,1
2026-01-01,2026-01-01 12:50:00,537.92,537.92,537.92,537.92,0.0,54.59,29314.98,0
2026-01-01,2026-01-01 12:51:00,537.92,537.93,537.92,537.93,0.0,54.59,29314.98,1
2026-01-01,2026-01-01 12:52:00,537.93,537.94,537.93,537.94,0.0,54.59,29314.98,1
2026-01-01,2026-01-01 12:53:00,537.94,537.95,537.94,537.95,0.0,54.59,29314.98,1
2026-01-01,2026-01-01 12:54:00,537.95,537.96,537.95,537.96,0.0,54.59,29314.98,1
2026-01-01,2026-01-01 12:55:00,537.96,537.97,537.96,537.97,0.0,54.59,29314.98,1
2026-01-01,2026-01-01 12:56:00,537.97,537.98,537.97,537.98,0.0,54.59,29314.98,1
2026-01-01,2026-01-01 12:57:00,537.98,537.98,537.98,537.98,0.0,54.59,29314.98,0
2026-01-01,2026-01-01 12:58:00,537.98,537.99,537.98,537.99,0.0,54.59,29314.98,1
2026-01-01,2026-01-01 12:59:00,537.99,538.0,537.99,538.0,0.0,54.59,29314.98,1
2026-01-01,2026-01-01 13:00:00,538.0,542.7,530.0,538.01,0.0,54.59,29314.98,1
2026-01-01,2026-01-01 13:01:00,538.01,538.02,538.01,538.02,0.0,54.59,29314.98,1
2026-01-01,2026-01-01 13:02:00,538.02,538.02,538.02,538.02,0.0,54.59,29314.98,0
2026-01-01,2026-01-01 13:03:00,538.02,538.03,538.02,538.03,0.0,54.59,29314.98,1
2026-01-01,2026-01-01 13:04:00,538.03,538.04,538.03,538.04,0.0,54.59,29314.98,1
2026-01-01,2026-01-01 13:05:00,538.04,538.05,538.04,538.05,0.0,54.59,29314.98,1
2026-01-01,2026-01-01 13:06:00,538.05,538.06,538.05,538.06,0.0,54.59,29314.98,1
2026-01-01,2026-01-01 13:07:00,538.06,538.07,538.06,538.07,0.0,54.59,29314.98,1
2026-01-01,2026-01-01 13:08:00,538.07,538.08,538.07,538.08,0.0,54.59,29314.98,1
2026-01-01,2026-01-01 13:09:00,538.08,538.08,538.08,538.08,0.0,54.59,29314.98,0
2026-01-01,2026-01-01 13:10:00,538.08,538.09,538.08,538.09,0.0,54.59,29314.98,1
2026-01-01,2026-01-01 13:11:00,538.09,538.1,538.09,538.1,0.0,54.59,29314.98,1
2026-01-01,2026-01-01 13:12:00,538.1,538.11,538.1,538.11,0.0,54.59,29314.98,1
2026-01-01,2026-01-01 13:13:00,538.11,538.12,538.11,538.12,0.0,54.59,29314.98,1
2026-01-01,2026-01-01 13:14:00,538.12,538.12,538.12,538.12,0.0,54.59,29314.98,0
2026-01-01,2026-01-01 13:15:00,538.12,538.13,538.12,538.13,0.0,54.59,29314.98,1
2026-01-01,2026-01-01 13:16:00,538.13,538.14,538.13,538.14,0.0,54.59,29314.98,1
2026-01-01,2026-01-01 13:17:00,538.14,538.15,538.14,538.15,0.0,54.59,29314.98,1
2026-01-01,2026-01-01 13:18:00,538.15,538.16,538.15,538.16,0.0,54.59,29314.98,1
2026-01-01,2026-01-01 13:19:00,538.16,538.17,538.16,538.17,0.0,54.59,29314.98,1
2026-01-01,2026-01-01 13:20:00,538.17,538.17,538.17,538.17,0.0,54.59,29314.98,0
2026-01-01,2026-01-01 13:21:00,538.17,538.18,538.17,538.18,0.0,54.59,29314.98,1
2026-01-01,2026-01-01 13:22:00,538.18,538.19,538.18,538.19,0.0,54.59,29314.98,1
2026-01-01,2026-01-01 13:23:00,538.19,538.2,538.19,538.2,0.0,54.59,29314.98,1
2026-01-01,2026-01-01 13:24:00,538.2,538.21,538.2,538.21,0.0,54.59,29314.98,1
2026-01-01,2026-01-01 13:25:00,538.21,538.22,538.21,538.22,0.0,54.59,29314.98,1
2026-01-01,2026-01-01 13:26:00,538.22,538.23,538.22,538.23,0.0,54.59,29314.98,1
2026-01-01,2026-01-01 13:27:00,538.23,538.23,538.23,538.23,0.0,54.59,29314.98,0
2026-01-01,2026-01-01 13:28:00,538.23,538.24,538.23,538.24,0.0,54.59,29314.98,1
2026-01-01,2026-01-01 13:29:00,538.24,538.25,538.24,538.25,0.0,54.59,29314.98,1
2026-01-01,2026-01-01 13:30:00,538.25,538.26,538.25,538.26,0.0,54.59,29314.98,1
2026-01-01,2026-01-01 13:31:00,538.26,538.27,538.26,538.27,0.0,54.59,29314.98,1
2026-01-01,2026-01-01 13:32:00,538.27,538.27,538.27,538.27,0.0,54.59,29314.98,0
2026-01-01,2026-01-01 13:33:00,538.27,538.28,538.27,538.28,0.0,54.59,29314.98,1
2026-01-01,2026-01-01 13:34:00,538.28,538.29,538.28,538.29,0.0,54.59,29314.98,1
2026-01-01,2026-01-01 13:35:00,538.29,538.3,538.29,538.3,0.0,54.59,29314.98,1
2026-01-01,2026-01-01 13:36:00,538.3,538.31,538.3,538.31,0.0,54.59,29314.98,1
2026-01-01,2026-01-01 13:37:00,538.31,538.32,538.31,538.32,0.0,54.59,29314.98,1
2026-01-01,2026-01-01 13:38:00,538.32,538.33,538.32,538.33,0.0,54.59,29314.98,1
2026-01-01,2026-01-01 13:39:00,538.33,538.33,538.33,538.33,0.0,54.59,29314.98,0
2026-01-01,2026-01-01 13:40:00,538.33,538.34,538.33,538.34,0.0,54.59,29314.98,1
2026-01-01,2026-01-01 13:41:00,538.34,538.35,538.34,538.35,0.0,54.59,29314.98,1
2026-01-01,2026-01-01 13:42:00,538.35,538.36,538.35,538.36,0.0,54.59,29314.98,1
2026-01-01,2026-01-01 13:43:00,538.36,538.37,538.36,538.37,0.0,54.59,29314.98,1
2026-01-01,2026-01-01 13:44:00,538.37,538.38,538.37,538.38,0.0,54.59,29314.98,1
2026-01-01,2026-01-01 13:45:00,538.38,538.38,538.38,538.38,0.0,54.59,29314.98,0
2026-01-01,2026-01-01 13:46:00,538.38,538.39,538.38,538.39,0.0,54.59,29314.98,1
2026-01-01,2026-01-01 13:47:00,538.39,538.4,538.39,538.4,0.0,54.59,29314.98,1
2026-01-01,2026-01-01 13:48:00,538.4,538.41,538.4,538.41,0.0,54.59,29314.98,1
2026-01-01,2026-01-01 13:49:00,538.41,538.42,538.41,538.42,0.0,54.59,29314.98,1
2026-01-01,2026-01-01 13:50:00,538.42,538.42,538.42,538.42,0.0,54.59,29314.98,0
2026-01-01,2026-01-01 13:51:00,538.42,538.43,538.42,538.43,0.0,54.59,29314.98,1
2026-01-01,2026-01-01 13:52:00,538.43,538.44,538.43,538.44,0.0,54.59,29314.98,1
2026-01-01,2026-01-01 13:53:00,538.44,538.45,538.44,538.45,0.0,54.59,29314.98,1
2026-01-01,2026-01-01 13:54:00,538.45,538.46,538.45,538.46,0.0,54.59,29314.98,1
2026-01-01,2026-01-01 13:55:00,538.46,538.47,538.46,538.47,0.0,54.59,29314.98,1
2026-01-01,2026-01-01 13:56:00,538.47,538.48,538.47,538.48,0.0,54.59,29314.98,1
2026-01-01,2026-01-01 13:57:00,538.48,538.48,538.48,538.48,0.0,54.59,29314.98,0
2026-01-01,2026-01-01 13:58:00,538.48,538.49,538.48,538.49,0.0,54.59,29314.98,1
2026-01-01,2026-01-01 13:59:00,538.49,538.5,538.49,538.5,0.0,54.59,29314.98,1
2026-01-01,2026-01-01 14:00:00,538.5,538.51,538.5,538.51,0.0,54.59,29314.98,1
2026-01-01,2026-01-01 14:01:00,538.51,538.52,538.51,538.52,0.0,54.59,29314.98,1
2026-01-01,2026-01-01 14:02:00,538.52,538.52,538.52,538.52,0.0,54.59,29314.98,0
2026-01-01,2026-01-01 14:03:00,538.52,538.53,538.52,538.53,0.0,54.59,29314.98,1
2026-01-01,2026-01-01 14:04:00,538.53,538.54,538.53,538.54,0.0,54.59,29314.98,1
2026-01-01,2026-01-01 14:05:00,538.54,538.55,538.54,538.55,0.0,54.59,29314.98,1
2026-01-01,2026-01-01 14:06:00,538.55,538.56,538.55,538.56,0.0,54.59,29314.98,1
2026-01-01,2026-01-01 14:07:00,538.56,538.57,538.56,538.57,0.0,54.59,29314.98,1
2026-01-01,2026-01-01 14:08:00,538.57,538.58,538.57,538.58,0.0,54.59,29314.98,1
2026-01-01,2026-01-01 14:09:00,538.58,538.58,538.58,538.58,0.0,54.59,29314.98,0
2026-01-01,2026-01-01 14:10:00,538.58,538.59,538.58,538.59,0.0,54.59,29314.98,1
2026-01-01,2026-01-01 14:11:00,538.59,538.6,538.59,538.6,0.0,54.59,29314.98,1
2026-01-01,2026-01-01 14:12:00,538.6,538.61,538.6,538.61,0.0,54.59,29314.98,1
2026-01-01,2026-01-01 14:13:00,538.61,538.62,538.61,538.62,0.0,54.59,29314.98,1
2026-01-01,2026-01-01 14:14:00,538.62,538.62,538.62,538.62,0.0,54.59,29314.98,0
2026-01-01,2026-01-01 14:15:00,538.62,538.63,538.62,538.63,0.0,54.59,29314.98,1
2026-01-01,2026-01-01 14:16:00,538.63,538.64,538.63,538.64,0.0,54.59,29314.98,1
2026-01-01,2026-01-01 14:17:00,538.64,538.65,538.64,538.65,0.0,54.59,29314.98,1
2026-01-01,2026-01-01 14:18:00,538.65,538.66,538.65,538.66,0.0,54.59,29314.98,1
2026-01-01,2026-01-01 14:19:00,538.66,538.67,538.66,538.67,0.0,54.59,29314.98,1
2026-01-01,2026-01-01 14:20:00,538.67,538.67,538.67,538.67,0.0,54.59,29314.98,0
2026-01-01,2026-01-01 14:21:00,538.67,538.68,538.67,538.68,0.0,54.59,29314.98,1
2026-01-01,2026-01-01 14:22:00,538.68,538.69,538.68,538.69,0.0,54.59,29314.98,1
2026-01-01,2026-01-01 14:23:00,538.69,538.7,538.69,538.7,0.0,54.59,29314.98,1
2026-01-01,2026-01-01 14:24:00,538.7,538.71,538.7,538.71,0.0,54.59,29314.98,1
2026-01-01,2026-01-01 14:25:00,538.71,538.72,538.71,538.72,0.0,54.59,29314.98,1
2026-01-01,2026-01-01 14:26:00,538.72,538.73,538.72,538.73,0.0,54.59,29314.98,1
2026-01-01,2026-01-01 14:27:00,538.73,538.73,538.73,538.73,0.0,54.59,29314.98,0
2026-01-01,2026-01-01 14:28:00,538.73,538.74,538.73,538.74,0.0,54.59,29314.98,1
2026-01-01,2026-01-01 14:29:00,538.74,538.75,538.74,538.75,0.0,54.59,29314.98,1
2026-01-01,2026-01-01 14:30:00,538.75,538.76,538.75,538.76,0.0,54.59,29314.98,1
2026-01-01,2026-01-01 14:31:00,538.76,538.77,538.76,538.77,0.0,54.59,29314.98,1
2026-01-01,2026-01-01 14:32:00,538.77,538.77,538.77,538.77,0.0,54.59,29314.98,0
2026-01-01,2026-01-01 14:33:00,538.77,538.78,538.77,538.78,0.0,54.59,29314.98,1
2026-01-01,2026-01-01 14:34:00,538.78,538.79,538.78,538.79,0.0,54.59,29314.98,1
2026-01-01,2026-01-01 14:35:00,538.79,538.8,538.79,538.8,0.0,54.59,29314.98,1
2026-01-01,2026-01-01 14:36:00,538.8,538.81,538.8,538.81,0.0,54.59,29314.98,1
2026-01-01,2026-01-01 14:37:00,538.81,538.82,538.81,538.82,0.0,54.59,29314.98,1
2026-01-01,2026-01-01 14:38:00,538.82,538.83,538.82,538.83,0.0,54.59,29314.98,1
2026-01-01,2026-01-01 14:39:00,538.83,538.83,538.83,538.83,0.0,54.59,29314.98,0
2026-01-01,2026-01-01 14:40:00,538.83,538.84,538.83,538.84,0.0,54.59,29314.98,1
2026-01-01,2026-01-01 14:41:00,538.84,538.85,538.84,538.85,0.0,54.59,29314.98,1
2026-01-01,2026-01-01 14:42:00,538.85,538.86,538.85,538.86,0.0,54.59,29314.98,1
2026-01-01,2026-01-01 14:43:00,538.86,538.87,538.86,538.87,0.0,54.59,29314.98,1
2026-01-01,2026-01-01 14:44:00,538.87,538.88,538.87,538.88,0.0,54.59,29314.98,1
2026-01-01,2026-01-01 14:45:00,538.88,538.88,538.88,538.88,0.0,54.59,29314.98,0
2026-01-01,2026-01-01 14:46:00,538.88,538.89,538.88,538.89,0.0,54.59,29314.98,1
2026-01-01,2026-01-01 14:47:00,538.89,538.9,538.89,538.9,0.0,54.59,29314.98,1
2026-01-01,2026-01-01 14:48:00,538.9,538.91,538.9,538.91,0.0,54.59,29314.98,1
2026-01-01,2026-01-01 14:49:00,538.91,538.92,538.91,538.92,0.0,54.59,29314.98,1
2026-01-01,2026-01-01 14:50:00,538.92,538.92,538.92,538.92,0.0,54.59,29314.98,0
2026-01-01,2026-01-01 14:51:00,538.92,538.93,538.92,538.93,0.0,54.59,29314.98,1
2026-01-01,2026-01-01 14:52:00,538.93,538.94,538.93,538.94,0.0,54.59,29314.98,1
2026-01-01,2026-01-01 14:53:00,538.94,538.95,538.94,538.95,0.0,54.59,29314.98,1
2026-01-01,2026-01-01 14:54:00,538.95,538.96,538.95,538.96,0.0,54.59,29314.98,1
2026-01-01,2026-01-01 14:55:00,538.96,538.97,538.96,538.97,0.0,54.59,29314.98,1
2026-01-01,2026-01-01 14:56:00,538.97,538.98,538.97,538.98,0.0,54.59,29314.98,1
2026-01-01,2026-01-01 14:57:00,538.98,538.98,538.98,538.98,0.0,54.59,29314.98,0
2026-01-01,2026-01-01 14:58:00,538.98,538.99,538.98,538.99,0.0,54.59,29314.98,1
2026-01-01,2026-01-01 14:59:00,538.99,539.0,538.99,539.0,0.0,54.59,29314.98,1
2026-01-01,2026-01-01 15:00:00,539.0,542.7,530.0,539.0,0.0,54.59,29314.98,0
2026-01-04,2026-01-04 11:00:00,537.0,537.0,534.9,536.98,-0.0,33.72,17988.73,-1
2026-01-04,2026-01-04 11:01:00,536.98,536.98,536.96,536.96,-0.0,33.72,17988.73,-1
2026-01-04,2026-01-04 11:02:00,536.96,536.96,536.94,536.94,-0.0,33.72,17988.73,-1
2026-01-04,2026-01-04 11:03:00,536.94,536.94,536.92,536.92,-0.0,33.72,17988.73,-1
2026-01-04,2026-01-04 11:04:00,536.92,536.92,536.9,536.9,-0.0,33.72,17988.73,-1
2026-01-04,2026-01-04 11:05:00,536.9,536.9,536.88,536.88,-0.0,33.72,17988.73,-1
2026-01-04,2026-01-04 11:06:00,536.88,536.88,536.85,536.85,-0.01,33.72,17988.73,-1
2026-01-04,2026-01-04 11:07:00,536.85,536.85,536.83,536.83,-0.0,33.72,17988.73,-1
2026-01-04,2026-01-04 11:08:00,536.83,536.83,536.81,536.81,-0.0,33.72,17988.73,-1
2026-01-04,2026-01-04 11:09:00,536.81,536.81,536.79,536.79,-0.0,33.72,17988.73,-1
2026-01-04,2026-01-04 11:10:00,536.79,536.79,536.77,536.77,-0.0,33.72,17988.73,-1
2026-01-04,2026-01-04 11:11:00,536.77,536.77,536.75,536.75,-0.0,33.72,17988.73,-1
2026-01-04,2026-01-04 11:12:00,536.75,536.75,536.73,536.73,-0.0,33.72,17988.73,-1
2026-01-04,2026-01-04 11:13:00,536.73,536.73,536.71,536.71,-0.0,33.72,17988.73,-1
2026-01-04,2026-01-04 11:14:00,536.71,536.71,536.69,536.69,-0.0,33.72,17988.73,-1
2026-01-04,2026-01-04 11:15:00,536.69,536.69,536.67,536.67,-0.0,33.72,17988.73,-1
2026-01-04,2026-01-04 11:16:00,536.67,536.67,536.65,536.65,-0.0,33.72,17988.73,-1
2026-01-04,2026-01-04 11:17:00,536.65,536.65,536.62,536.62,-0.01,33.72,17988.73,-1
2026-01-04,2026-01-04 11:18:00,536.62,536.62,536.6,536.6,-0.0,33.72,17988.73,-1
2026-01-04,2026-01-04 11:19:00,536.6,536.6,536.58,536.58,-0.0,33.72,17988.73,-1
2026-01-04,2026-01-04 11:20:00,536.58,536.58,536.56,536.56,-0.0,33.72,17988.73,-1
2026-01-04,2026-01-04 11:21:00,536.56,536.56,536.54,536.54,-0.0,33.72,17988.73,-1
2026-01-04,2026-01-04 11:22:00,536.54,536.54,536.52,536.52,-0.0,33.72,17988.73,-1
2026-01-04,2026-01-04 11:23:00,536.52,536.52,536.5,536.5,-0.0,33.72,17988.73,-1
2026-01-04,2026-01-04 11:24:00,536.5,536.5,536.48,536.48,-0.0,33.72,17988.73,-1
2026-01-04,2026-01-04 11:25:00,536.48,536.48,536.46,536.46,-0.0,33.72,17988.73,-1
2026-01-04,2026-01-04 11:26:00,536.46,536.46,536.44,536.44,-0.0,33.72,17988.73,-1
2026-01-04,2026-01-04 11:27:00,536.44,536.44,536.42,536.42,-0.0,33.72,17988.73,-1
2026-01-04,2026-01-04 11:28:00,536.42,536.42,536.4,536.4,-0.0,33.72,17988.73,-1
2026-01-04,2026-01-04 11:29:00,536.4,536.4,536.38,536.38,-0.0,33.72,17988.73,-1
2026-01-04,2026-01-04 11:30:00,536.38,536.38,536.35,536.35,-0.01,33.72,17988.73,-1
2026-01-04,2026-01-04 11:31:00,536.35,536.35,536.33,536.33,-0.0,33.72,17988.73,-1
2026-01-04,2026-01-04 11:32:00,536.33,536.33,536.31,536.31,-0.0,33.72,17988.73,-1
2026-01-04,2026-01-04 11:33:00,536.31,536.31,536.29,536.29,-0.0,33.72,17988.73,-1
2026-01-04,2026-01-04 11:34:00,536.29,536.29,536.27,536.27,-0.0,33.72,17988.73,-1
2026-01-04,2026-01-04 11:35:00,536.27,536.27,536.25,536.25,-0.0,33.72,17988.73,-1
2026-01-04,2026-01-04 11:36:00,536.25,536.25,536.23,536.23,-0.0,33.72,17988.73,-1
2026-01-04,2026-01-04 11:37:00,536.23,536.23,536.21,536.21,-0.0,33.72,17988.73,-1
2026-01-04,2026-01-04 11:38:00,536.21,536.21,536.19,536.19,-0.0,33.72,17988.73,-1
2026-01-04,2026-01-04 11:39:00,536.19,536.19,536.17,536.17,-0.0,33.72,17988.73,-1
2026-01-04,2026-01-04 11:40:00,536.17,536.17,536.15,536.15,-0.0,33.72,17988.73,-1
2026-01-04,2026-01-04 11:41:00,536.15,536.15,536.12,536.12,-0.01,33.72,17988.73,-1
2026-01-04,2026-01-04 11:42:00,536.12,536.12,536.1,536.1,-0.0,33.72,17988.73,-1
2026-01-04,2026-01-04 11:43:00,536.1,536.1,536.08,536.08,-0.0,33.72,17988.73,-1
2026-01-04,2026-01-04 11:44:00,536.08,536.08,536.06,536.06,-0.0,33.72,17988.73,-1
2026-01-04,2026-01-04 11:45:00,536.06,536.06,536.04,536.04,-0.0,33.72,17988.73,-1
2026-01-04,2026-01-04 11:46:00,536.04,536.04,536.02,536.02,-0.0,33.72,17988.73,-1
2026-01-04,2026-01-04 11:47:00,536.02,536.02,536.0,536.0,-0.0,33.72,17988.73,-1
2026-01-04,2026-01-04 11:48:00,536.0,536.0,535.98,535.98,-0.0,33.72,17988.73,-1
2026-01-04,2026-01-04 11:49:00,535.98,535.98,535.96,535.96,-0.0,33.72,17988.73,-1
2026-01-04,2026-01-04 11:50:00,535.96,535.96,535.94,535.94,-0.0,33.72,17988.73,-1
2026-01-04,2026-01-04 11:51:00,535.94,535.94,535.92,535.92,-0.0,33.72,17988.73,-1
2026-01-04,2026-01-04 11:52:00,535.92,535.92,535.9,535.9,-0.0,33.72,17988.73,-1
2026-01-04,2026-01-04 11:53:00,535.9,535.9,535.88,535.88,-0.0,33.72,17988.73,-1
2026-01-04,2026-01-04 11:54:00,535.88,535.88,535.85,535.85,-0.01,33.72,17988.73,-1
2026-01-04,2026-01-04 11:55:00,535.85,535.85,535.83,535.83,-0.0,33.72,17988.73,-1
2026-01-04,2026-01-04 11:56:00,535.83,535.83,535.81,535.81,-0.0,33.72,17988.73,-1
2026-01-04,2026-01-04 11:57:00,535.81,535.81,535.79,535.79,-0.0,33.72,17988.73,-1
2026-01-04,2026-01-04 11:58:00,535.79,535.79,535.77,535.77,-0.0,33.72,17988.73,-1
2026-01-04,2026-01-04 11:59:00,535.77,535.77,535.75,535.75,-0.0,33.72,17988.73,-1
2026-01-04,2026-01-04 12:00:00,535.75,535.75,535.73,535.73,-0.0,33.72,17988.73,-1
2026-01-04,2026-01-04 12:01:00,535.73,535.73,535.71,535.71,-0.0,33.72,17988.73,-1
2026-01-04,2026-01-04 12:02:00,535.71,535.71,535.69,535.69,-0.0,33.72,17988.73,-1
2026-01-04,2026-01-04 12:03:00,535.69,535.69,535.67,535.67,-0.0,33.72,17988.73,-1
2026-01-04,2026-01-04 12:04:00,535.67,535.67,535.65,535.65,-0.0,33.72,17988.73,-1
2026-01-04,2026-01-04 12:05:00,535.65,535.65,535.62,535.62,-0.01,33.72,17988.73,-1
2026-01-04,2026-01-04 12:06:00,535.62,535.62,535.6,535.6,-0.0,33.72,17988.73,-1
2026-01-04,2026-01-04 12:07:00,535.6,535.6,535.58,535.58,-0.0,33.72,17988.73,-1
2026-01-04,2026-01-04 12:08:00,535.58,535.58,535.56,535.56,-0.0,33.72,17988.73,-1
2026-01-04,2026-01-04 12:09:00,535.56,535.56,535.54,535.54,-0.0,33.72,17988.73,-1
2026-01-04,2026-01-04 12:10:00,535.54,535.54,535.52,535.52,-0.0,33.72,17988.73,-1
2026-01-04,2026-01-04 12:11:00,535.52,535.52,535.5,535.5,-0.0,33.72,17988.73,-1
2026-01-04,2026-01-04 12:12:00,535.5,535.5,535.48,535.48,-0.0,33.72,17988.73,-1
2026-01-04,2026-01-04 12:13:00,535.48,535.48,535.46,535.46,-0.0,33.72,17988.73,-1
2026-01-04,2026-01-04 12:14:00,535.46,535.46,535.44,535.44,-0.0,33.72,17988.73,-1
2026-01-04,2026-01-04 12:15:00,535.44,535.44,535.42,535.42,-0.0,33.72,17988.73,-1
2026-01-04,2026-01-04 12:16:00,535.42,535.42,535.4,535.4,-0.0,33.72,17988.73,-1
2026-01-04,2026-01-04 12:17:00,535.4,535.4,535.38,535.38,-0.0,33.72,17988.73,-1
2026-01-04,2026-01-04 12:18:00,535.38,535.38,535.35,535.35,-0.01,33.72,17988.73,-1
2026-01-04,2026-01-04 12:19:00,535.35,535.35,535.33,535.33,-0.0,33.72,17988.73,-1
2026-01-04,2026-01-04 12:20:00,535.33,535.33,535.31,535.31,-0.0,33.72,17988.73,-1
2026-01-04,2026-01-04 12:21:00,535.31,535.31,535.29,535.29,-0.0,33.72,17988.73,-1
2026-01-04,2026-01-04 12:22:00,535.29,535.29,535.27,535.27,-0.0,33.72,17988.73,-1
2026-01-04,2026-01-04 12:23:00,535.27,535.27,535.25,535.25,-0.0,33.72,17988.73,-1
2026-01-04,2026-01-04 12:24:00,535.25,535.25,535.23,535.23,-0.0,33.72,17988.73,-1
2026-01-04,2026-01-04 12:25:00,535.23,535.23,535.21,535.21,-0.0,33.72,17988.73,-1
2026-01-04,2026-01-04 12:26:00,535.21,535.21,535.19,535.19,-0.0,33.72,17988.73,-1
2026-01-04,2026-01-04 12:27:00,535.19,535.19,535.17,535.17,-0.0,33.72,17988.73,-1
2026-01-04,2026-01-04 12:28:00,535.17,535.17,535.15,535.15,-0.0,33.72,17988.73,-1
2026-01-04,2026-01-04 12:29:00,535.15,535.15,535.12,535.12,-0.01,33.72,17988.73,-1
2026-01-04,2026-01-04 12:30:00,535.12,535.12,535.1,535.1,-0.0,33.72,17988.73,-1
2026-01-04,2026-01-04 12:31:00,535.1,535.1,535.08,535.08,-0.0,33.72,17988.73,-1
2026-01-04,2026-01-04 12:32:00,535.08,535.08,535.06,535.06,-0.0,33.72,17988.73,-1
2026-01-04,2026-01-04 12:33:00,535.06,535.06,535.04,535.04,-0.0,33.72,17988.73,-1
2026-01-04,2026-01-04 12:34:00,535.04,535.04,535.02,535.02,-0.0,33.72,17988.73,-1
2026-01-04,2026-01-04 12:35:00,535.02,535.02,535.0,535.0,-0.0,33.72,17988.73,-1
2026-01-04,2026-01-04 12:36:00,535.0,535.0,534.98,534.98,-0.0,33.72,17988.73,-1
2026-01-04,2026-01-04 12:37:00,534.98,534.98,534.96,534.96,-0.0,33.72,17988.73,-1
2026-01-04,2026-01-04 12:38:00,534.96,534.96,534.94,534.94,-0.0,33.72,17988.73,-1
2026-01-04,2026-01-04 12:39:00,534.94,534.94,534.92,534.92,-0.0,33.72,17988.73,-1
2026-01-04,2026-01-04 12:40:00,534.92,534.92,534.9,534.9,-0.0,33.72,17988.73,-1
2026-01-04,2026-01-04 12:41:00,534.9,534.9,534.88,534.88,-0.0,33.72,17988.73,-1
2026-01-04,2026-01-04 12:42:00,534.88,534.88,534.85,534.85,-0.01,33.72,17988.73,-1
2026-01-04,2026-01-04 12:43:00,534.85,534.85,534.83,534.83,-0.0,33.72,17988.73,-1
2026-01-04,2026-01-04 12:44:00,534.83,534.83,534.81,534.81,-0.0,33.72,17988.73,-1
2026-01-04,2026-01-04 12:45:00,534.81,534.81,534.79,534.79,-0.0,33.72,17988.73,-1
2026-01-04,2026-01-04 12:46:00,534.79,534.79,534.77,534.77,-0.0,33.72,17988.73,-1
2026-01-04,2026-01-04 12:47:00,534.77,534.77,534.75,534.75,-0.0,33.72,17988.73,-1
2026-01-04,2026-01-04 12:48:00,534.75,534.75,534.73,534.73,-0.0,33.72,17988.73,-1
2026-01-04,2026-01-04 12:49:00,534.73,534.73,534.71,534.71,-0.0,33.72,17988.73,-1
2026-01-04,2026-01-04 12:50:00,534.71,534.71,534.69,534.69,-0.0,33.72,17988.73,-1
2026-01-04,2026-01-04 12:51:00,534.69,534.69,534.67,534.67,-0.0,33.72,17988.73,-1
2026-01-04,2026-01-04 12:52:00,534.67,534.67,534.65,534.65,-0.0,33.72,17988.73,-1
2026-01-04,2026-01-04 12:53:00,534.65,534.65,534.62,534.62,-0.01,33.72,17988.73,-1
2026-01-04,2026-01-04 12:54:00,534.62,534.62,534.6,534.6,-0.0,33.72,17988.73,-1
2026-01-04,2026-01-04 12:55:00,534.6,534.6,534.58,534.58,-0.0,33.72,17988.73,-1
2026-01-04,2026-01-04 12:56:00,534.58,534.58,534.56,534.56,-0.0,33.72,17988.73,-1
2026-01-04,2026-01-04 12:57:00,534.56,534.56,534.54,534.54,-0.0,33.72,17988.73,-1
2026-01-04,2026-01-04 12:58:00,534.54,534.54,534.52,534.52,-0.0,33.72,17988.73,-1
2026-01-04,2026-01-04 12:59:00,534.52,534.52,534.5,534.5,-0.0,33.72,17988.73,-1
2026-01-04,2026-01-04 13:00:00,534.5,537.0,530.0,534.48,-0.0,33.72,17988.73,-1
2026-01-04,2026-01-04 13:01:00,534.48,534.48,534.46,534.46,-0.0,33.72,17988.73,-1
2026-01-04,2026-01-04 13:02:00,534.46,534.46,534.44,534.44,-0.0,33.72,17988.73,-1
2026-01-04,2026-01-04 13:03:00,534.44,534.44,534.42,534.42,-0.0,33.72,17988.73,-1
2026-01-04,2026-01-04 13:04:00,534.42,534.42,534.4,534.4,-0.0,33.72,17988.73,-1
2026-01-04,2026-01-04 13:05:00,534.4,534.4,534.38,534.38,-0.0,33.72,17988.73,-1
2026-01-04,2026-01-04 13:06:00,534.38,534.38,534.35,534.35,-0.01,33.72,17988.73,-1
2026-01-04,2026-01-04 13:07:00,534.35,534.35,534.33,534.33,-0.0,33.72,17988.73,-1
2026-01-04,2026-01-04 13:08:00,534.33,534.33,534.31,534.31,-0.0,33.72,17988.73,-1
2026-01-04,2026-01-04 13:09:00,534.31,534.31,534.29,534.29,-0.0,33.72,17988.73,-1
2026-01-04,2026-01-04 13:10:00,534.29,534.29,534.27,534.27,-0.0,33.72,17988.73,-1
2026-01-04,2026-01-04 13:11:00,534.27,534.27,534.25,534.25,-0.0,33.72,17988.73,-1
2026-01-04,2026-01-04 13:12:00,534.25,534.25,534.23,534.23,-0.0,33.72,17988.73,-1
2026-01-04,2026-01-04 13:13:00,534.23,534.23,534.21,534.21,-0.0,33.72,17988.73,-1
2026-01-04,2026-01-04 13:14:00,534.21,534.21,534.19,534.19,-0.0,33.72,17988.73,-1
2026-01-04,2026-01-04 13:15:00,534.19,534.19,534.17,534.17,-0.0,33.72,17988.73,-1
2026-01-04,2026-01-04 13:16:00,534.17,534.17,534.15,534.15,-0.0,33.72,17988.73,-1
2026-01-04,2026-01-04 13:17:00,534.15,534.15,534.12,534.12,-0.01,33.72,17988.73,-1
2026-01-04,2026-01-04 13:18:00,534.12,534.12,534.1,534.1,-0.0,33.72,17988.73,-1
2026-01-04,2026-01-04 13:19:00,534.1,534.1,534.08,534.08,-0.0,33.72,17988.73,-1
2026-01-04,2026-01-04 13:20:00,534.08,534.08,534.06,534.06,-0.0,33.72,17988.73,-1
2026-01-04,2026-01-04 13:21:00,534.06,534.06,534.04,534.04,-0.0,33.72,17988.73,-1
2026-01-04,2026-01-04 13:22:00,534.04,534.04,534.02,534.02,-0.0,33.72,17988.73,-1
2026-01-04,2026-01-04 13:23:00,534.02,534.02,534.0,534.0,-0.0,33.72,17988.73,-1
2026-01-04,2026-01-04 13:24:00,534.0,534.0,533.98,533.98,-0.0,33.72,17988.73,-1
2026-01-04,2026-01-04 13:25:00,533.98,533.98,533.96,533.96,-0.0,33.72,17988.73,-1
2026-01-04,2026-01-04 13:26:00,533.96,533.96,533.94,533.94,-0.0,33.72,17988.73,-1
2026-01-04,2026-01-04 13:27:00,533.94,533.94,533.92,533.92,-0.0,33.72,17988.73,-1
2026-01-04,2026-01-04 13:28:00,533.92,533.92,533.9,533.9,-0.0,33.72,17988.73,-1
2026-01-04,2026-01-04 13:29:00,533.9,533.9,533.88,533.88,-0.0,33.72,17988.73,-1
2026-01-04,2026-01-04 13:30:00,533.88,533.88,533.85,533.85,-0.01,33.72,17988.73,-1
2026-01-04,2026-01-04 13:31:00,533.85,533.85,533.83,533.83,-0.0,33.72,17988.73,-1
2026-01-04,2026-01-04 13:32:00,533.83,533.83,533.81,533.81,-0.0,33.72,17988.73,-1
2026-01-04,2026-01-04 13:33:00,533.81,533.81,533.79,533.79,-0.0,33.72,17988.73,-1
2026-01-04,2026-01-04 13:34:00,533.79,533.79,533.77,533.77,-0.0,33.72,17988.73,-1
2026-01-04,2026-01-04 13:35:00,533.77,533.77,533.75,533.75,-0.0,33.72,17988.73,-1
2026-01-04,2026-01-04 13:36:00,533.75,533.75,533.73,533.73,-0.0,33.72,17988.73,-1
2026-01-04,2026-01-04 13:37:00,533.73,533.73,533.71,533.71,-0.0,33.72,17988.73,-1
2026-01-04,2026-01-04 13:38:00,533.71,533.71,533.69,533.69,-0.0,33.72,17988.73,-1
2026-01-04,2026-01-04 13:39:00,533.69,533.69,533.67,533.67,-0.0,33.72,17988.73,-1
2026-01-04,2026-01-04 13:40:00,533.67,533.67,533.65,533.65,-0.0,33.72,17988.73,-1
2026-01-04,2026-01-04 13:41:00,533.65,533.65,533.62,533.62,-0.01,33.72,17988.73,-1
2026-01-04,2026-01-04 13:42:00,533.62,533.62,533.6,533.6,-0.0,33.72,17988.73,-1
2026-01-04,2026-01-04 13:43:00,533.6,533.6,533.58,533.58,-0.0,33.72,17988.73,-1
2026-01-04,2026-01-04 13:44:00,533.58,533.58,533.56,533.56,-0.0,33.72,17988.73,-1
2026-01-04,2026-01-04 13:45:00,533.56,533.56,533.54,533.54,-0.0,33.72,17988.73,-1
2026-01-04,2026-01-04 13:46:00,533.54,533.54,533.52,533.52,-0.0,33.72,17988.73,-1
2026-01-04,2026-01-04 13:47:00,533.52,533.52,533.5,533.5,-0.0,33.72,17988.73,-1
2026-01-04,2026-01-04 13:48:00,533.5,533.5,533.48,533.48,-0.0,33.72,17988.73,-1
2026-01-04,2026-01-04 13:49:00,533.48,533.48,533.46,533.46,-0.0,33.72,17988.73,-1
2026-01-04,2026-01-04 13:50:00,533.46,533.46,533.44,533.44,-0.0,33.72,17988.73,-1
2026-01-04,2026-01-04 13:51:00,533.44,533.44,533.42,533.42,-0.0,33.72,17988.73,-1
2026-01-04,2026-01-04 13:52:00,533.42,533.42,533.4,533.4,-0.0,33.72,17988.73,-1
2026-01-04,2026-01-04 13:53:00,533.4,533.4,533.38,533.38,-0.0,33.72,17988.73,-1
2026-01-04,2026-01-04 13:54:00,533.38,533.38,533.35,533.35,-0.01,33.72,17988.73,-1
2026-01-04,2026-01-04 13:55:00,533.35,533.35,533.33,533.33,-0.0,33.72,17988.73,-1
2026-01-04,2026-01-04 13:56:00,533.33,533.33,533.31,533.31,-0.0,33.72,17988.73,-1
2026-01-04,2026-01-04 13:57:00,533.31,533.31,533.29,533.29,-0.0,33.72,17988.73,-1
2026-01-04,2026-01-04 13:58:00,533.29,533.29,533.27,533.27,-0.0,33.72,17988.73,-1
2026-01-04,2026-01-04 13:59:00,533.27,533.27,533.25,533.25,-0.0,33.72,17988.73,-1
2026-01-04,2026-01-04 14:00:00,533.25,533.25,533.23,533.23,-0.0,33.72,17988.73,-1
2026-01-04,2026-01-04 14:01:00,533.23,533.23,533.21,533.21,-0.0,33.72,17988.73,-1
2026-01-04,2026-01-04 14:02:00,533.21,533.21,533.19,533.19,-0.0,33.72,17988.73,-1
2026-01-04,2026-01-04 14:03:00,533.19,533.19,533.17,533.17,-0.0,33.72,17988.73,-1
2026-01-04,2026-01-04 14:04:00,533.17,533.17,533.15,533.15,-0.0,33.72,17988.73,-1
2026-01-04,2026-01-04 14:05:00,533.15,533.15,533.12,533.12,-0.01,33.72,17988.73,-1
2026-01-04,2026-01-04 14:06:00,533.12,533.12,533.1,533.1,-0.0,33.72,17988.73,-1
2026-01-04,2026-01-04 14:07:00,533.1,533.1,533.08,533.08,-0.0,33.72,17988.73,-1
2026-01-04,2026-01-04 14:08:00,533.08,533.08,533.06,533.06,-0.0,33.72,17988.73,-1
2026-01-04,2026-01-04 14:09:00,533.06,533.06,533.04,533.04,-0.0,33.72,17988.73,-1
2026-01-04,2026-01-04 14:10:00,533.04,533.04,533.02,533.02,-0.0,33.72,17988.73,-1
2026-01-04,2026-01-04 14:11:00,533.02,533.02,533.0,533.0,-0.0,33.72,17988.73,-1
2026-01-04,2026-01-04 14:12:00,533.0,533.0,532.98,532.98,-0.0,33.72,17988.73,-1
2026-01-04,2026-01-04 14:13:00,532.98,532.98,532.96,532.96,-0.0,33.72,17988.73,-1
2026-01-04,2026-01-04 14:14:00,532.96,532.96,532.94,532.94,-0.0,33.72,17988.73,-1
2026-01-04,2026-01-04 14:15:00,532.94,532.94,532.92,532.92,-0.0,33.72,17988.73,-1
2026-01-04,2026-01-04 14:16:00,532.92,532.92,532.9,532.9,-0.0,33.72,17988.73,-1
2026-01-04,2026-01-04 14:17:00,532.9,532.9,532.88,532.88,-0.0,33.72,17988.73,-1
2026-01-04,2026-01-04 14:18:00,532.88,532.88,532.85,532.85,-0.01,33.72,17988.73,-1
2026-01-04,2026-01-04 14:19:00,532.85,532.85,532.83,532.83,-0.0,33.72,17988.73,-1
2026-01-04,2026-01-04 14:20:00,532.83,532.83,532.81,532.81,-0.0,33.72,17988.73,-1
2026-01-04,2026-01-04 14:21:00,532.81,532.81,532.79,532.79,-0.0,33.72,17988.73,-1
2026-01-04,2026-01-04 14:22:00,532.79,532.79,532.77,532.77,-0.0,33.72,17988.73,-1
2026-01-04,2026-01-04 14:23:00,532.77,532.77,532.75,532.75,-0.0,33.72,17988.73,-1
2026-01-04,2026-01-04 14:24:00,532.75,532.75,532.73,532.73,-0.0,33.72,17988.73,-1
2026-01-04,2026-01-04 14:25:00,532.73,532.73,532.71,532.71,-0.0,33.72,17988.73,-1
2026-01-04,2026-01-04 14:26:00,532.71,532.71,532.69,532.69,-0.0,33.72,17988.73,-1
2026-01-04,2026-01-04 14:27:00,532.69,532.69,532.67,532.67,-0.0,33.72,17988.73,-1
2026-01-04,2026-01-04 14:28:00,532.67,532.67,532.65,532.65,-0.0,33.72,17988.73,-1
2026-01-04,2026-01-04 14:29:00,532.65,532.65,532.62,532.62,-0.01,33.72,17988.73,-1
2026-01-04,2026-01-04 14:30:00,532.62,532.62,532.6,532.6,-0.0,33.72,17988.73,-1
2026-01-04,2026-01-04 14:31:00,532.6,532.6,532.58,532.58,-0.0,33.72,17988.73,-1
2026-01-04,2026-01-04 14:32:00,532.58,532.58,532.56,532.56,-0.0,33.72,17988.73,-1
2026-01-04,2026-01-04 14:33:00,532.56,532.56,532.54,532.54,-0.0,33.72,17988.73,-1
2026-01-04,2026-01-04 14:34:00,532.54,532.54,532.52,532.52,-0.0,33.72,17988.73,-1
2026-01-04,2026-01-04 14:35:00,532.52,532.52,532.5,532.5,-0.0,33.72,17988.73,-1
2026-01-04,2026-01-04 14:36:00,532.5,532.5,532.48,532.48,-0.0,33.72,17988.73,-1
2026-01-04,2026-01-04 14:37:00,532.48,532.48,532.46,532.46,-0.0,33.72,17988.73,-1
2026-01-04,2026-01-04 14:38:00,532.46,532.46,532.44,532.44,-0.0,33.72,17988.73,-1
2026-01-04,2026-01-04 14:39:00,532.44,532.44,532.42,532.42,-0.0,33.72,17988.73,-1
2026-01-04,2026-01-04 14:40:00,532.42,532.42,532.4,532.4,-0.0,33.72,17988.73,-1
2026-01-04,2026-01-04 14:41:00,532.4,532.4,532.38,532.38,-0.0,33.72,17988.73,-1
2026-01-04,2026-01-04 14:42:00,532.38,532.38,532.35,532.35,-0.01,33.72,17988.73,-1
2026-01-04,2026-01-04 14:43:00,532.35,532.35,532.33,532.33,-0.0,33.72,17988.73,-1
2026-01-04,2026-01-04 14:44:00,532.33,532.33,532.31,532.31,-0.0,33.72,17988.73,-1
2026-01-04,2026-01-04 14:45:00,532.31,532.31,532.29,532.29,-0.0,33.72,17988.73,-1
2026-01-04,2026-01-04 14:46:00,532.29,532.29,532.27,532.27,-0.0,33.72,17988.73,-1
2026-01-04,2026-01-04 14:47:00,532.27,532.27,532.25,532.25,-0.0,33.72,17988.73,-1
2026-01-04,2026-01-04 14:48:00,532.25,532.25,532.23,532.23,-0.0,33.72,17988.73,-1
2026-01-04,2026-01-04 14:49:00,532.23,532.23,532.21,532.21,-0.0,33.72,17988.73,-1
2026-01-04,2026-01-04 14:50:00,532.21,532.21,532.19,532.19,-0.0,33.72,17988.73,-1
2026-01-04,2026-01-04 14:51:00,532.19,532.19,532.17,532.17,-0.0,33.72,17988.73,-1
2026-01-04,2026-01-04 14:52:00,532.17,532.17,532.15,532.15,-0.0,33.72,17988.73,-1
2026-01-04,2026-01-04 14:53:00,532.15,532.15,532.12,532.12,-0.01,33.72,17988.73,-1
2026-01-04,2026-01-04 14:54:00,532.12,532.12,532.1,532.1,-0.0,33.72,17988.73,-1
2026-01-04,2026-01-04 14:55:00,532.1,532.1,532.08,532.08,-0.0,33.72,17988.73,-1
2026-01-04,2026-01-04 14:56:00,532.08,532.08,532.06,532.06,-0.0,33.72,17988.73,-1
2026-01-04,2026-01-04 14:57:00,532.06,532.06,532.04,532.04,-0.0,33.72,17988.73,-1
2026-01-04,2026-01-04 14:58:00,532.04,532.04,532.02,532.02,-0.0,33.72,17988.73,-1
2026-01-04,2026-01-04 14:59:00,532.02,532.02,532.0,532.0,-0.0,33.72,17988.73,-1
2026-01-04,2026-01-04 15:00:00,532.0,537.0,530.0,532.0,0.0,33.72,17988.73,0
2026-01-05,2026-01-05 11:00:00,539.0,541.4,536.3,538.97,-0.01,99.71,53633.42,-1
2026-01-05,2026-01-05 11:01:00,538.97,538.97,538.94,538.94,-0.01,99.71,53633.42,-1
2026-01-05,2026-01-05 11:02:00,538.94,538.94,538.91,538.91,-0.01,99.71,53633.42,-1
2026-01-05,2026-01-05 11:03:00,538.91,538.91,538.88,538.88,-0.01,99.71,53633.42,-1
2026-01-05,2026-01-05 11:04:00,538.88,538.88,538.85,538.85,-0.01,99.71,53633.42,-1
2026-01-05,2026-01-05 11:05:00,538.85,538.85,538.83,538.83,-0.0,99.71,53633.42,-1
2026-01-05,2026-01-05 11:06:00,538.83,538.83,538.8,538.8,-0.01,99.71,53633.42,-1
2026-01-05,2026-01-05 11:07:00,538.8,538.8,538.77,538.77,-0.01,99.71,53633.42,-1
2026-01-05,2026-01-05 11:08:00,538.77,538.77,538.74,538.74,-0.01,99.71,53633.42,-1
2026-01-05,2026-01-05 11:09:00,538.74,538.74,538.71,538.71,-0.01,99.71,53633.42,-1
2026-01-05,2026-01-05 11:10:00,538.71,538.71,538.68,538.68,-0.01,99.71,53633.42,-1
2026-01-05,2026-01-05 11:11:00,538.68,538.68,538.65,538.65,-0.01,99.71,53633.42,-1
2026-01-05,2026-01-05 11:12:00,538.65,538.65,538.62,538.62,-0.01,99.71,53633.42,-1
2026-01-05,2026-01-05 11:13:00,538.62,538.62,538.59,538.59,-0.01,99.71,53633.42,-1
2026-01-05,2026-01-05 11:14:00,538.59,538.59,538.56,538.56,-0.01,99.71,53633.42,-1
2026-01-05,2026-01-05 11:15:00,538.56,538.56,538.53,538.53,-0.01,99.71,53633.42,-1
2026-01-05,2026-01-05 11:16:00,538.53,538.53,538.5,538.5,-0.01,99.71,53633.42,-1
2026-01-05,2026-01-05 11:17:00,538.5,538.5,538.48,538.48,-0.0,99.71,53633.42,-1
2026-01-05,2026-01-05 11:18:00,538.48,538.48,538.45,538.45,-0.01,99.71,53633.42,-1
2026-01-05,2026-01-05 11:19:00,538.45,538.45,538.42,538.42,-0.01,99.71,53633.42,-1
2026-01-05,2026-01-05 11:20:00,538.42,538.42,538.39,538.39,-0.01,99.71,53633.42,-1
2026-01-05,2026-01-05 11:21:00,538.39,538.39,538.36,538.36,-0.01,99.71,53633.42,-1
2026-01-05,2026-01-05 11:22:00,538.36,538.36,538.33,538.33,-0.01,99.71,53633.42,-1
2026-01-05,2026-01-05 11:23:00,538.33,538.33,538.3,538.3,-0.01,99.71,53633.42,-1
2026-01-05,2026-01-05 11:24:00,538.3,538.3,538.27,538.27,-0.01,99.71,53633.42,-1
2026-01-05,2026-01-05 11:25:00,538.27,538.27,538.24,538.24,-0.01,99.71,53633.42,-1
2026-01-05,2026-01-05 11:26:00,538.24,538.24,538.21,538.21,-0.01,99.71,53633.42,-1
2026-01-05,2026-01-05 11:27:00,538.21,538.21,538.18,538.18,-0.01,99.71,53633.42,-1
2026-01-05,2026-01-05 11:28:00,538.18,538.18,538.15,538.15,-0.01,99.71,53633.42,-1
2026-01-05,2026-01-05 11:29:00,538.15,538.15,538.12,538.12,-0.01,99.71,53633.42,-1
2026-01-05,2026-01-05 11:30:00,538.12,538.12,538.1,538.1,-0.0,99.71,53633.42,-1
2026-01-05,2026-01-05 11:31:00,538.1,538.1,538.07,538.07,-0.01,99.71,53633.42,-1
2026-01-05,2026-01-05 11:32:00,538.07,538.07,538.04,538.04,-0.01,99.71,53633.42,-1
2026-01-05,2026-01-05 11:33:00,538.04,538.04,538.01,538.01,-0.01,99.71,53633.42,-1
2026-01-05,2026-01-05 11:34:00,538.01,538.01,537.98,537.98,-0.01,99.71,53633.42,-1
2026-01-05,2026-01-05 11:35:00,537.98,537.98,537.95,537.95,-0.01,99.71,53633.42,-1
2026-01-05,2026-01-05 11:36:00,537.95,537.95,537.92,537.92,-0.01,99.71,53633.42,-1
2026-01-05,2026-01-05 11:37:00,537.92,537.92,537.89,537.89,-0.01,99.71,53633.42,-1
2026-01-05,2026-01-05 11:38:00,537.89,537.89,537.86,537.86,-0.01,99.71,53633.42,-1
2026-01-05,2026-01-05 11:39:00,537.86,537.86,537.83,537.83,-0.01,99.71,53633.42,-1
2026-01-05,2026-01-05 11:40:00,537.83,537.83,537.8,537.8,-0.01,99.71,53633.42,-1
2026-01-05,2026-01-05 11:41:00,537.8,537.8,537.77,537.77,-0.01,99.71,53633.42,-1
2026-01-05,2026-01-05 11:42:00,537.77,537.77,537.75,537.75,-0.0,99.71,53633.42,-1
2026-01-05,2026-01-05 11:43:00,537.75,537.75,537.72,537.72,-0.01,99.71,53633.42,-1
2026-01-05,2026-01-05 11:44:00,537.72,537.72,537.69,537.69,-0.01,99.71,53633.42,-1
2026-01-05,2026-01-05 11:45:00,537.69,537.69,537.66,537.66,-0.01,99.71,53633.42,-1
2026-01-05,2026-01-05 11:46:00,537.66,537.66,537.63,537.63,-0.01,99.71,53633.42,-1
2026-01-05,2026-01-05 11:47:00,537.63,537.63,537.6,537.6,-0.01,99.71,53633.42,-1
2026-01-05,2026-01-05 11:48:00,537.6,537.6,537.57,537.57,-0.01,99.71,53633.42,-1
2026-01-05,2026-01-05 11:49:00,537.57,537.57,537.54,537.54,-0.01,99.71,53633.42,-1
2026-01-05,2026-01-05 11:50:00,537.54,537.54,537.51,537.51,-0.01,99.71,53633.42,-1
2026-01-05,2026-01-05 11:51:00,537.51,537.51,537.48,537.48,-0.01,99.71,53633.42,-1
2026-01-05,2026-01-05 11:52:00,537.48,537.48,537.45,537.45,-0.01,99.71,53633.42,-1
2026-01-05,2026-01-05 11:53:00,537.45,537.45,537.42,537.42,-0.01,99.71,53633.42,-1
2026-01-05,2026-01-05 11:54:00,537.42,537.42,537.4,537.4,-0.0,99.71,53633.42,-1
2026-01-05,2026-01-05 11:55:00,537.4,537.4,537.37,537.37,-0.01,99.71,53633.42,-1
2026-01-05,2026-01-05 11:56:00,537.37,537.37,537.34,537.34,-0.01,99.71,53633.42,-1
2026-01-05,2026-01-05 11:57:00,537.34,537.34,537.31,537.31,-0.01,99.71,53633.42,-1
2026-01-05,2026-01-05 11:58:00,537.31,537.31,537.28,537.28,-0.01,99.71,53633.42,-1
2026-01-05,2026-01-05 11:59:00,537.28,537.28,537.25,537.25,-0.01,99.71,53633.42,-1
2026-01-05,2026-01-05 12:00:00,537.25,537.25,537.22,537.22,-0.01,99.71,53633.42,-1
2026-01-05,2026-01-05 12:01:00,537.22,537.22,537.19,537.19,-0.01,99.71,53633.42,-1
2026-01-05,2026-01-05 12:02:00,537.19,537.19,537.16,537.16,-0.01,99.71,53633.42,-1
2026-01-05,2026-01-05 12:03:00,537.16,537.16,537.13,537.13,-0.01,99.71,53633.42,-1
2026-01-05,2026-01-05 12:04:00,537.13,537.13,537.1,537.1,-0.01,99.71,53633.42,-1
2026-01-05,2026-01-05 12:05:00,537.1,537.1,537.08,537.08,-0.0,99.71,53633.42,-1
2026-01-05,2026-01-05 12:06:00,537.08,537.08,537.05,537.05,-0.01,99.71,53633.42,-1
2026-01-05,2026-01-05 12:07:00,537.05,537.05,537.02,537.02,-0.01,99.71,53633.42,-1
2026-01-05,2026-01-05 12:08:00,537.02,537.02,536.99,536.99,-0.01,99.71,53633.42,-1
2026-01-05,2026-01-05 12:09:00,536.99,536.99,536.96,536.96,-0.01,99.71,53633.42,-1
2026-01-05,2026-01-05 12:10:00,536.96,536.96,536.93,536.93,-0.01,99.71,53633.42,-1
2026-01-05,2026-01-05 12:11:00,536.93,536.93,536.9,536.9,-0.01,99.71,53633.42,-1
2026-01-05,2026-01-05 12:12:00,536.9,536.9,536.87,536.87,-0.01,99.71,53633.42,-1
2026-01-05,2026-01-05 12:13:00,536.87,536.87,536.84,536.84,-0.01,99.71,53633.42,-1
2026-01-05,2026-01-05 12:14:00,536.84,536.84,536.81,536.81,-0.01,99.71,53633.42,-1
2026-01-05,2026-01-05 12:15:00,536.81,536.81,536.78,536.78,-0.01,99.71,53633.42,-1
2026-01-05,2026-01-05 12:16:00,536.78,536.78,536.75,536.75,-0.01,99.71,53633.42,-1
2026-01-05,2026-01-05 12:17:00,536.75,536.75,536.73,536.73,-0.0,99.71,53633.42,-1
2026-01-05,2026-01-05 12:18:00,536.73,536.73,536.7,536.7,-0.01,99.71,53633.42,-1
2026-01-05,2026-01-05 12:19:00,536.7,536.7,536.67,536.67,-0.01,99.71,53633.42,-1
2026-01-05,2026-01-05 12:20:00,536.67,536.67,536.64,536.64,-0.01,99.71,53633.42,-1
2026-01-05,2026-01-05 12:21:00,536.64,536.64,536.61,536.61,-0.01,99.71,53633.42,-1
2026-01-05,2026-01-05 12:22:00,536.61,536.61,536.58,536.58,-0.01,99.71,53633.42,-1
2026-01-05,2026-01-05 12:23:00,536.58,536.58,536.55,536.55,-0.01,99.71,53633.42,-1
2026-01-05,2026-01-05 12:24:00,536.55,536.55,536.52,536.52,-0.01,99.71,53633.42,-1
2026-01-05,2026-01-05 12:25:00,536.52,536.52,536.49,536.49,-0.01,99.71,53633.42,-1
2026-01-05,2026-01-05 12:26:00,536.49,536.49,536.46,536.46,-0.01,99.71,53633.42,-1
2026-01-05,2026-01-05 12:27:00,536.46,536.46,536.43,536.43,-0.01,99.71,53633.42,-1
2026-01-05,2026-01-05 12:28:00,536.43,536.43,536.4,536.4,-0.01,99.71,53633.42,-1
2026-01-05,2026-01-05 12:29:00,536.4,536.4,536.38,536.38,-0.0,99.71,53633.42,-1
2026-01-05,2026-01-05 12:30:00,536.38,536.38,536.35,536.35,-0.01,99.71,53633.42,-1
2026-01-05,2026-01-05 12:31:00,536.35,536.35,536.32,536.32,-0.01,99.71,53633.42,-1
2026-01-05,2026-01-05 12:32:00,536.32,536.32,536.29,536.29,-0.01,99.71,53633.42,-1
2026-01-05,2026-01-05 12:33:00,536.29,536.29,536.26,536.26,-0.01,99.71,53633.42,-1
2026-01-05,2026-01-05 12:34:00,536.26,536.26,536.23,536.23,-0.01,99.71,53633.42,-1
2026-01-05,2026-01-05 12:35:00,536.23,536.23,536.2,536.2,-0.01,99.71,53633.42,-1
2026-01-05,2026-01-05 12:36:00,536.2,536.2,536.17,536.17,-0.01,99.71,53633.42,-1
2026-01-05,2026-01-05 12:37:00,536.17,536.17,536.14,536.14,-0.01,99.71,53633.42,-1
2026-01-05,2026-01-05 12:38:00,536.14,536.14,536.11,536.11,-0.01,99.71,53633.42,-1
2026-01-05,2026-01-05 12:39:00,536.11,536.11,536.08,536.08,-0.01,99.71,53633.42,-1
2026-01-05,2026-01-05 12:40:00,536.08,536.08,536.05,536.05,-0.01,99.71,53633.42,-1
2026-01-05,2026-01-05 12:41:00,536.05,536.05,536.02,536.02,-0.01,99.71,53633.42,-1
2026-01-05,2026-01-05 12:42:00,536.02,536.02,536.0,536.0,-0.0,99.71,53633.42,-1
2026-01-05,2026-01-05 12:43:00,536.0,536.0,535.97,535.97,-0.01,99.71,53633.42,-1
2026-01-05,2026-01-05 12:44:00,535.97,535.97,535.94,535.94,-0.01,99.71,53633.42,-1
2026-01-05,2026-01-05 12:45:00,535.94,535.94,535.91,535.91,-0.01,99.71,53633.42,-1
2026-01-05,2026-01-05 12:46:00,535.91,535.91,535.88,535.88,-0.01,99.71,53633.42,-1
2026-01-05,2026-01-05 12:47:00,535.88,535.88,535.85,535.85,-0.01,99.71,53633.42,-1
2026-01-05,2026-01-05 12:48:00,535.85,535.85,535.82,535.82,-0.01,99.71,53633.42,-1
2026-01-05,2026-01-05 12:49:00,535.82,535.82,535.79,535.79,-0.01,99.71,53633.42,-1
2026-01-05,2026-01-05 12:50:00,535.79,535.79,535.76,535.76,-0.01,99.71,53633.42,-1
2026-01-05,2026-01-05 12:51:00,535.76,535.76,535.73,535.73,-0.01,99.71,53633.42,-1
2026-01-05,2026-01-05 12:52:00,535.73,535.73,535.7,535.7,-0.01,99.71,53633.42,-1
2026-01-05,2026-01-05 12:53:00,535.7,535.7,535.67,535.67,-0.01,99.71,53633.42,-1
2026-01-05,2026-01-05 12:54:00,535.67,535.67,535.65,535.65,-0.0,99.71,53633.42,-1
2026-01-05,2026-01-05 12:55:00,535.65,535.65,535.62,535.62,-0.01,99.71,53633.42,-1
2026-01-05,2026-01-05 12:56:00,535.62,535.62,535.59,535.59,-0.01,99.71,53633.42,-1
2026-01-05,2026-01-05 12:57:00,535.59,535.59,535.56,535.56,-0.01,99.71,53633.42,-1
2026-01-05,2026-01-05 12:58:00,535.56,535.56,535.53,535.53,-0.01,99.71,53633.42,-1
2026-01-05,2026-01-05 12:59:00,535.53,535.53,535.5,535.5,-0.01,99.71,53633.42,-1
2026-01-05,2026-01-05 13:00:00,535.5,547.0,530.0,535.47,-0.01,99.71,53633.42,-1
2026-01-05,2026-01-05 13:01:00,535.47,535.47,535.44,535.44,-0.01,99.71,53633.42,-1
2026-01-05,2026-01-05 13:02:00,535.44,535.44,535.41,535.41,-0.01,99.71,53633.42,-1
2026-01-05,2026-01-05 13:03:00,535.41,535.41,535.38,535.38,-0.01,99.71,53633.42,-1
2026-01-05,2026-01-05 13:04:00,535.38,535.38,535.35,535.35,-0.01,99.71,53633.42,-1
2026-01-05,2026-01-05 13:05:00,535.35,535.35,535.33,535.33,-0.0,99.71,53633.42,-1
2026-01-05,2026-01-05 13:06:00,535.33,535.33,535.3,535.3,-0.01,99.71,53633.42,-1
2026-01-05,2026-01-05 13:07:00,535.3,535.3,535.27,535.27,-0.01,99.71,53633.42,-1
2026-01-05,2026-01-05 13:08:00,535.27,535.27,535.24,535.24,-0.01,99.71,53633.42,-1
2026-01-05,2026-01-05 13:09:00,535.24,535.24,535.21,535.21,-0.01,99.71,53633.42,-1
2026-01-05,2026-01-05 13:10:00,535.21,535.21,535.18,535.18,-0.01,99.71,53633.42,-1
2026-01-05,2026-01-05 13:11:00,535.18,535.18,535.15,535.15,-0.01,99.71,53633.42,-1
2026-01-05,2026-01-05 13:12:00,535.15,535.15,535.12,535.12,-0.01,99.71,53633.42,-1
2026-01-05,2026-01-05 13:13:00,535.12,535.12,535.09,535.09,-0.01,99.71,53633.42,-1
2026-01-05,2026-01-05 13:14:00,535.09,535.09,535.06,535.06,-0.01,99.71,53633.42,-1
2026-01-05,2026-01-05 13:15:00,535.06,535.06,535.03,535.03,-0.01,99.71,53633.42,-1
2026-01-05,2026-01-05 13:16:00,535.03,535.03,535.0,535.0,-0.01,99.71,53633.42,-1
2026-01-05,2026-01-05 13:17:00,535.0,535.0,534.98,534.98,-0.0,99.71,53633.42,-1
2026-01-05,2026-01-05 13:18:00,534.98,534.98,534.95,534.95,-0.01,99.71,53633.42,-1
2026-01-05,2026-01-05 13:19:00,534.95,534.95,534.92,534.92,-0.01,99.71,53633.42,-1
2026-01-05,2026-01-05 13:20:00,534.92,534.92,534.89,534.89,-0.01,99.71,53633.42,-1
2026-01-05,2026-01-05 13:21:00,534.89,534.89,534.86,534.86,-0.01,99.71,53633.42,-1
2026-01-05,2026-01-05 13:22:00,534.86,534.86,534.83,534.83,-0.01,99.71,53633.42,-1
2026-01-05,2026-01-05 13:23:00,534.83,534.83,534.8,534.8,-0.01,99.71,53633.42,-1
2026-01-05,2026-01-05 13:24:00,534.8,534.8,534.77,534.77,-0.01,99.71,53633.42,-1
2026-01-05,2026-01-05 13:25:00,534.77,534.77,534.74,534.74,-0.01,99.71,53633.42,-1
2026-01-05,2026-01-05 13:26:00,534.74,534.74,534.71,534.71,-0.01,99.71,53633.42,-1
2026-01-05,2026-01-05 13:27:00,534.71,534.71,534.68,534.68,-0.01,99.71,53633.42,-1
2026-01-05,2026-01-05 13:28:00,534.68,534.68,534.65,534.65,-0.01,99.71,53633.42,-1
2026-01-05,2026-01-05 13:29:00,534.65,534.65,534.62,534.62,-0.01,99.71,53633.42,-1
2026-01-05,2026-01-05 13:30:00,534.62,534.62,534.6,534.6,-0.0,99.71,53633.42,-1
2026-01-05,2026-01-05 13:31:00,534.6,534.6,534.57,534.57,-0.01,99.71,53633.42,-1
2026-01-05,2026-01-05 13:32:00,534.57,534.57,534.54,534.54,-0.01,99.71,53633.42,-1
2026-01-05,2026-01-05 13:33:00,534.54,534.54,534.51,534.51,-0.01,99.71,53633.42,-1
2026-01-05,2026-01-05 13:34:00,534.51,534.51,534.48,534.48,-0.01,99.71,53633.42,-1
2026-01-05,2026-01-05 13:35:00,534.48,534.48,534.45,534.45,-0.01,99.71,53633.42,-1
2026-01-05,2026-01-05 13:36:00,534.45,534.45,534.42,534.42,-0.01,99.71,53633.42,-1
2026-01-05,2026-01-05 13:37:00,534.42,534.42,534.39,534.39,-0.01,99.71,53633.42,-1
2026-01-05,2026-01-05 13:38:00,534.39,534.39,534.36,534.36,-0.01,99.71,53633.42,-1
2026-01-05,2026-01-05 13:39:00,534.36,534.36,534.33,534.33,-0.01,99.71,53633.42,-1
2026-01-05,2026-01-05 13:40:00,534.33,534.33,534.3,534.3,-0.01,99.71,53633.42,-1
2026-01-05,2026-01-05 13:41:00,534.3,534.3,534.27,534.27,-0.01,99.71,53633.42,-1
2026-01-05,2026-01-05 13:42:00,534.27,534.27,534.25,534.25,-0.0,99.71,53633.42,-1
2026-01-05,2026-01-05 13:43:00,534.25,534.25,534.22,534.22,-0.01,99.71,53633.42,-1
2026-01-05,2026-01-05 13:44:00,534.22,534.22,534.19,534.19,-0.01,99.71,53633.42,-1
2026-01-05,2026-01-05 13:45:00,534.19,534.19,534.16,534.16,-0.01,99.71,53633.42,-1
2026-01-05,2026-01-05 13:46:00,534.16,534.16,534.13,534.13,-0.01,99.71,53633.42,-1
2026-01-05,2026-01-05 13:47:00,534.13,534.13,534.1,534.1,-0.01,99.71,53633.42,-1
2026-01-05,2026-01-05 13:48:00,534.1,534.1,534.07,534.07,-0.01,99.71,53633.42,-1
2026-01-05,2026-01-05 13:49:00,534.07,534.07,534.04,534.04,-0.01,99.71,53633.42,-1
2026-01-05,2026-01-05 13:50:00,534.04,534.04,534.01,534.01,-0.01,99.71,53633.42,-1
2026-01-05,2026-01-05 13:51:00,534.01,534.01,533.98,533.98,-0.01,99.71,53633.42,-1
2026-01-05,2026-01-05 13:52:00,533.98,533.98,533.95,533.95,-0.01,99.71,53633.42,-1
2026-01-05,2026-01-05 13:53:00,533.95,533.95,533.92,533.92,-0.01,99.71,53633.42,-1
2026-01-05,2026-01-05 13:54:00,533.92,533.92,533.9,533.9,-0.0,99.71,53633.42,-1
2026-01-05,2026-01-05 13:55:00,533.9,533.9,533.87,533.87,-0.01,99.71,53633.42,-1
2026-01-05,2026-01-05 13:56:00,533.87,533.87,533.84,533.84,-0.01,99.71,53633.42,-1
2026-01-05,2026-01-05 13:57:00,533.84,533.84,533.81,533.81,-0.01,99.71,53633.42,-1
2026-01-05,2026-01-05 13:58:00,533.81,533.81,533.78,533.78,-0.01,99.71,53633.42,-1
2026-01-05,2026-01-05 13:59:00,533.78,533.78,533.75,533.75,-0.01,99.71,53633.42,-1
2026-01-05,2026-01-05 14:00:00,533.75,533.75,533.72,533.72,-0.01,99.71,53633.42,-1
2026-01-05,2026-01-05 14:01:00,533.72,533.72,533.69,533.69,-0.01,99.71,53633.42,-1
2026-01-05,2026-01-05 14:02:00,533.69,533.69,533.66,533.66,-0.01,99.71,53633.42,-1
2026-01-05,2026-01-05 14:03:00,533.66,533.66,533.63,533.63,-0.01,99.71,53633.42,-1
2026-01-05,2026-01-05 14:04:00,533.63,533.63,533.6,533.6,-0.01,99.71,53633.42,-1
2026-01-05,2026-01-05 14:05:00,533.6,533.6,533.58,533.58,-0.0,99.71,53633.42,-1
2026-01-05,2026-01-05 14:06:00,533.58,533.58,533.55,533.55,-0.01,99.71,53633.42,-1
2026-01-05,2026-01-05 14:07:00,533.55,533.55,533.52,533.52,-0.01,99.71,53633.42,-1
2026-01-05,2026-01-05 14:08:00,533.52,533.52,533.49,533.49,-0.01,99.71,53633.42,-1
2026-01-05,2026-01-05 14:09:00,533.49,533.49,533.46,533.46,-0.01,99.71,53633.42,-1
2026-01-05,2026-01-05 14:10:00,533.46,533.46,533.43,533.43,-0.01,99.71,53633.42,-1
2026-01-05,2026-01-05 14:11:00,533.43,533.43,533.4,533.4,-0.01,99.71,53633.42,-1
2026-01-05,2026-01-05 14:12:00,533.4,533.4,533.37,533.37,-0.01,99.71,53633.42,-1
2026-01-05,2026-01-05 14:13:00,533.37,533.37,533.34,533.34,-0.01,99.71,53633.42,-1
2026-01-05,2026-01-05 14:14:00,533.34,533.34,533.31,533.31,-0.01,99.71,53633.42,-1
2026-01-05,2026-01-05 14:15:00,533.31,533.31,533.28,533.28,-0.01,99.71,53633.42,-1
2026-01-05,2026-01-05 14:16:00,533.28,533.28,533.25,533.25,-0.01,99.71,53633.42,-1
2026-01-05,2026-01-05 14:17:00,533.25,533.25,533.23,533.23,-0.0,99.71,53633.42,-1
2026-01-05,2026-01-05 14:18:00,533.23,533.23,533.2,533.2,-0.01,99.71,53633.42,-1
2026-01-05,2026-01-05 14:19:00,533.2,533.2,533.17,533.17,-0.01,99.71,53633.42,-1
2026-01-05,2026-01-05 14:20:00,533.17,533.17,533.14,533.14,-0.01,99.71,53633.42,-1
2026-01-05,2026-01-05 14:21:00,533.14,533.14,533.11,533.11,-0.01,99.71,53633.42,-1
2026-01-05,2026-01-05 14:22:00,533.11,533.11,533.08,533.08,-0.01,99.71,53633.42,-1
2026-01-05,2026-01-05 14:23:00,533.08,533.08,533.05,533.05,-0.01,99.71,53633.42,-1
2026-01-05,2026-01-05 14:24:00,533.05,533.05,533.02,533.02,-0.01,99.71,53633.42,-1
2026-01-05,2026-01-05 14:25:00,533.02,533.02,532.99,532.99,-0.01,99.71,53633.42,-1
2026-01-05,2026-01-05 14:26:00,532.99,532.99,532.96,532.96,-0.01,99.71,53633.42,-1
2026-01-05,2026-01-05 14:27:00,532.96,532.96,532.93,532.93,-0.01,99.71,53633.42,-1
2026-01-05,2026-01-05 14:28:00,532.93,532.93,532.9,532.9,-0.01,99.71,53633.42,-1
2026-01-05,2026-01-05 14:29:00,532.9,532.9,532.88,532.88,-0.0,99.71,53633.42,-1
2026-01-05,2026-01-05 14:30:00,532.88,532.88,532.85,532.85,-0.01,99.71,53633.42,-1
2026-01-05,2026-01-05 14:31:00,532.85,532.85,532.82,532.82,-0.01,99.71,53633.42,-1
2026-01-05,2026-01-05 14:32:00,532.82,532.82,532.79,532.79,-0.01,99.71,53633.42,-1
2026-01-05,2026-01-05 14:33:00,532.79,532.79,532.76,532.76,-0.01,99.71,53633.42,-1
2026-01-05,2026-01-05 14:34:00,532.76,532.76,532.73,532.73,-0.01,99.71,53633.42,-1
2026-01-05,2026-01-05 14:35:00,532.73,532.73,532.7,532.7,-0.01,99.71,53633.42,-1
2026-01-05,2026-01-05 14:36:00,532.7,532.7,532.67,532.67,-0.01,99.71,53633.42,-1
2026-01-05,2026-01-05 14:37:00,532.67,532.67,532.64,532.64,-0.01,99.71,53633.42,-1
2026-01-05,2026-01-05 14:38:00,532.64,532.64,532.61,532.61,-0.01,99.71,53633.42,-1
2026-01-05,2026-01-05 14:39:00,532.61,532.61,532.58,532.58,-0.01,99.71,53633.42,-1
2026-01-05,2026-01-05 14:40:00,532.58,532.58,532.55,532.55,-0.01,99.71,53633.42,-1
2026-01-05,2026-01-05 14:41:00,532.55,532.55,532.52,532.52,-0.01,99.71,53633.42,-1
2026-01-05,2026-01-05 14:42:00,532.52,532.52,532.5,532.5,-0.0,99.71,53633.42,-1
2026-01-05,2026-01-05 14:43:00,532.5,532.5,532.47,532.47,-0.01,99.71,53633.42,-1
2026-01-05,2026-01-05 14:44:00,532.47,532.47,532.44,532.44,-0.01,99.71,53633.42,-1
2026-01-05,2026-01-05 14:45:00,532.44,532.44,532.41,532.41,-0.01,99.71,53633.42,-1
2026-01-05,2026-01-05 14:46:00,532.41,532.41,532.38,532.38,-0.01,99.71,53633.42,-1
2026-01-05,2026-01-05 14:47:00,532.38,532.38,532.35,532.35,-0.01,99.71,53633.42,-1
2026-01-05,2026-01-05 14:48:00,532.35,532.35,532.32,532.32,-0.01,99.71,53633.42,-1
2026-01-05,2026-01-05 14:49:00,532.32,532.32,532.29,532.29,-0.01,99.71,53633.42,-1
2026-01-05,2026-01-05 14:50:00,532.29,532.29,532.26,532.26,-0.01,99.71,53633.42,-1
2026-01-05,2026-01-05 14:51:00,532.26,532.26,532.23,532.23,-0.01,99.71,53633.42,-1
2026-01-05,2026-01-05 14:52:00,532.23,532.23,532.2,532.2,-0.01,99.71,53633.42,-1
2026-01-05,2026-01-05 14:53:00,532.2,532.2,532.17,532.17,-0.01,99.71,53633.42,-1
2026-01-05,2026-01-05 14:54:00,532.17,532.17,532.15,532.15,-0.0,99.71,53633.42,-1
2026-01-05,2026-01-05 14:55:00,532.15,532.15,532.12,532.12,-0.01,99.71,53633.42,-1
2026-01-05,2026-01-05 14:56:00,532.12,532.12,532.09,532.09,-0.01,99.71,53633.42,-1
2026-01-05,2026-01-05 14:57:00,532.09,532.09,532.06,532.06,-0.01,99.71,53633.42,-1
2026-01-05,2026-01-05 14:58:00,532.06,532.06,532.03,532.03,-0.01,99.71,53633.42,-1
2026-01-05,2026-01-05 14:59:00,532.03,532.03,532.0,532.0,-0.01,99.71,53633.42,-1
2026-01-05,2026-01-05 15:00:00,532.0,547.0,530.0,532.0,0.0,99.71,53633.42,0
2026-01-06,2026-01-06 11:00:00,522.0,528.0,522.0,522.05,0.01,38.76,20735.74,1
2026-01-06,2026-01-06 11:01:00,522.05,522.1,522.05,522.1,0.01,38.76,20735.74,1
2026-01-06,2026-01-06 11:02:00,522.1,522.15,522.1,522.15,0.01,38.76,20735.74,1
2026-01-06,2026-01-06 11:03:00,522.15,522.2,522.15,522.2,0.01,38.76,20735.74,1
2026-01-06,2026-01-06 11:04:00,522.2,522.25,522.2,522.25,0.01,38.76,20735.74,1
2026-01-06,2026-01-06 11:05:00,522.25,522.3,522.25,522.3,0.01,38.76,20735.74,1
2026-01-06,2026-01-06 11:06:00,522.3,522.35,522.3,522.35,0.01,38.76,20735.74,1
2026-01-06,2026-01-06 11:07:00,522.35,522.4,522.35,522.4,0.01,38.76,20735.74,1
2026-01-06,2026-01-06 11:08:00,522.4,522.45,522.4,522.45,0.01,38.76,20735.74,1
2026-01-06,2026-01-06 11:09:00,522.45,522.5,522.45,522.5,0.01,38.76,20735.74,1
2026-01-06,2026-01-06 11:10:00,522.5,522.55,522.5,522.55,0.01,38.76,20735.74,1
2026-01-06,2026-01-06 11:11:00,522.55,522.6,522.55,522.6,0.01,38.76,20735.74,1
2026-01-06,2026-01-06 11:12:00,522.6,522.65,522.6,522.65,0.01,38.76,20735.74,1
2026-01-06,2026-01-06 11:13:00,522.65,522.7,522.65,522.7,0.01,38.76,20735.74,1
2026-01-06,2026-01-06 11:14:00,522.7,522.75,522.7,522.75,0.01,38.76,20735.74,1
2026-01-06,2026-01-06 11:15:00,522.75,522.8,522.75,522.8,0.01,38.76,20735.74,1
2026-01-06,2026-01-06 11:16:00,522.8,522.85,522.8,522.85,0.01,38.76,20735.74,1
2026-01-06,2026-01-06 11:17:00,522.85,522.9,522.85,522.9,0.01,38.76,20735.74,1
2026-01-06,2026-01-06 11:18:00,522.9,522.95,522.9,522.95,0.01,38.76,20735.74,1
2026-01-06,2026-01-06 11:19:00,522.95,523.0,522.95,523.0,0.01,38.76,20735.74,1
2026-01-06,2026-01-06 11:20:00,523.0,523.05,523.0,523.05,0.01,38.76,20735.74,1
2026-01-06,2026-01-06 11:21:00,523.05,523.1,523.05,523.1,0.01,38.76,20735.74,1
2026-01-06,2026-01-06 11:22:00,523.1,523.15,523.1,523.15,0.01,38.76,20735.74,1
2026-01-06,2026-01-06 11:23:00,523.15,523.2,523.15,523.2,0.01,38.76,20735.74,1
2026-01-06,2026-01-06 11:24:00,523.2,523.25,523.2,523.25,0.01,38.76,20735.74,1
2026-01-06,2026-01-06 11:25:00,523.25,523.3,523.25,523.3,0.01,38.76,20735.74,1
2026-01-06,2026-01-06 11:26:00,523.3,523.35,523.3,523.35,0.01,38.76,20735.74,1
2026-01-06,2026-01-06 11:27:00,523.35,523.4,523.35,523.4,0.01,38.76,20735.74,1
2026-01-06,2026-01-06 11:28:00,523.4,523.45,523.4,523.45,0.01,38.76,20735.74,1
2026-01-06,2026-01-06 11:29:00,523.45,523.5,523.45,523.5,0.01,38.76,20735.74,1
2026-01-06,2026-01-06 11:30:00,523.5,523.55,523.5,523.55,0.01,38.76,20735.74,1
2026-01-06,2026-01-06 11:31:00,523.55,523.6,523.55,523.6,0.01,38.76,20735.74,1
2026-01-06,2026-01-06 11:32:00,523.6,523.65,523.6,523.65,0.01,38.76,20735.74,1
2026-01-06,2026-01-06 11:33:00,523.65,523.7,523.65,523.7,0.01,38.76,20735.74,1
2026-01-06,2026-01-06 11:34:00,523.7,523.75,523.7,523.75,0.01,38.76,20735.74,1
2026-01-06,2026-01-06 11:35:00,523.75,523.8,523.75,523.8,0.01,38.76,20735.74,1
2026-01-06,2026-01-06 11:36:00,523.8,523.85,523.8,523.85,0.01,38.76,20735.74,1
2026-01-06,2026-01-06 11:37:00,523.85,523.9,523.85,523.9,0.01,38.76,20735.74,1
2026-01-06,2026-01-06 11:38:00,523.9,523.95,523.9,523.95,0.01,38.76,20735.74,1
2026-01-06,2026-01-06 11:39:00,523.95,524.0,523.95,524.0,0.01,38.76,20735.74,1
2026-01-06,2026-01-06 11:40:00,524.0,524.05,524.0,524.05,0.01,38.76,20735.74,1
2026-01-06,2026-01-06 11:41:00,524.05,524.1,524.05,524.1,0.01,38.76,20735.74,1
2026-01-06,2026-01-06 11:42:00,524.1,524.15,524.1,524.15,0.01,38.76,20735.74,1
2026-01-06,2026-01-06 11:43:00,524.15,524.2,524.15,524.2,0.01,38.76,20735.74,1
2026-01-06,2026-01-06 11:44:00,524.2,524.25,524.2,524.25,0.01,38.76,20735.74,1
2026-01-06,2026-01-06 11:45:00,524.25,524.3,524.25,524.3,0.01,38.76,20735.74,1
2026-01-06,2026-01-06 11:46:00,524.3,524.35,524.3,524.35,0.01,38.76,20735.74,1
2026-01-06,2026-01-06 11:47:00,524.35,524.4,524.35,524.4,0.01,38.76,20735.74,1
2026-01-06,2026-01-06 11:48:00,524.4,524.45,524.4,524.45,0.01,38.76,20735.74,1
2026-01-06,2026-01-06 11:49:00,524.45,524.5,524.45,524.5,0.01,38.76,20735.74,1
2026-01-06,2026-01-06 11:50:00,524.5,524.55,524.5,524.55,0.01,38.76,20735.74,1
2026-01-06,2026-01-06 11:51:00,524.55,524.6,524.55,524.6,0.01,38.76,20735.74,1
2026-01-06,2026-01-06 11:52:00,524.6,524.65,524.6,524.65,0.01,38.76,20735.74,1
2026-01-06,2026-01-06 11:53:00,524.65,524.7,524.65,524.7,0.01,38.76,20735.74,1
2026-01-06,2026-01-06 11:54:00,524.7,524.75,524.7,524.75,0.01,38.76,20735.74,1
2026-01-06,2026-01-06 11:55:00,524.75,524.8,524.75,524.8,0.01,38.76,20735.74,1
2026-01-06,2026-01-06 11:56:00,524.8,524.85,524.8,524.85,0.01,38.76,20735.74,1
2026-01-06,2026-01-06 11:57:00,524.85,524.9,524.85,524.9,0.01,38.76,20735.74,1
2026-01-06,2026-01-06 11:58:00,524.9,524.95,524.9,524.95,0.01,38.76,20735.74,1
2026-01-06,2026-01-06 11:59:00,524.95,525.0,524.95,525.0,0.01,38.76,20735.74,1
2026-01-06,2026-01-06 12:00:00,525.0,525.05,525.0,525.05,0.01,38.76,20735.74,1
2026-01-06,2026-01-06 12:01:00,525.05,525.1,525.05,525.1,0.01,38.76,20735.74,1
2026-01-06,2026-01-06 12:02:00,525.1,525.15,525.1,525.15,0.01,38.76,20735.74,1
2026-01-06,2026-01-06 12:03:00,525.15,525.2,525.15,525.2,0.01,38.76,20735.74,1
2026-01-06,2026-01-06 12:04:00,525.2,525.25,525.2,525.25,0.01,38.76,20735.74,1
2026-01-06,2026-01-06 12:05:00,525.25,525.3,525.25,525.3,0.01,38.76,20735.74,1
2026-01-06,2026-01-06 12:06:00,525.3,525.35,525.3,525.35,0.01,38.76,20735.74,1
2026-01-06,2026-01-06 12:07:00,525.35,525.4,525.35,525.4,0.01,38.76,20735.74,1
2026-01-06,2026-01-06 12:08:00,525.4,525.45,525.4,525.45,0.01,38.76,20735.74,1
2026-01-06,2026-01-06 12:09:00,525.45,525.5,525.45,525.5,0.01,38.76,20735.74,1
2026-01-06,2026-01-06 12:10:00,525.5,525.55,525.5,525.55,0.01,38.76,20735.74,1
2026-01-06,2026-01-06 12:11:00,525.55,525.6,525.55,525.6,0.01,38.76,20735.74,1
2026-01-06,2026-01-06 12:12:00,525.6,525.65,525.6,525.65,0.01,38.76,20735.74,1
2026-01-06,2026-01-06 12:13:00,525.65,525.7,525.65,525.7,0.01,38.76,20735.74,1
2026-01-06,2026-01-06 12:14:00,525.7,525.75,525.7,525.75,0.01,38.76,20735.74,1
2026-01-06,2026-01-06 12:15:00,525.75,525.8,525.75,525.8,0.01,38.76,20735.74,1
2026-01-06,2026-01-06 12:16:00,525.8,525.85,525.8,525.85,0.01,38.76,20735.74,1
2026-01-06,2026-01-06 12:17:00,525.85,525.9,525.85,525.9,0.01,38.76,20735.74,1
2026-01-06,2026-01-06 12:18:00,525.9,525.95,525.9,525.95,0.01,38.76,20735.74,1
2026-01-06,2026-01-06 12:19:00,525.95,526.0,525.95,526.0,0.01,38.76,20735.74,1
2026-01-06,2026-01-06 12:20:00,526.0,526.05,526.0,526.05,0.01,38.76,20735.74,1
2026-01-06,2026-01-06 12:21:00,526.05,526.1,526.05,526.1,0.01,38.76,20735.74,1
2026-01-06,2026-01-06 12:22:00,526.1,526.15,526.1,526.15,0.01,38.76,20735.74,1
2026-01-06,2026-01-06 12:23:00,526.15,526.2,526.15,526.2,0.01,38.76,20735.74,1
2026-01-06,2026-01-06 12:24:00,526.2,526.25,526.2,526.25,0.01,38.76,20735.74,1
2026-01-06,2026-01-06 12:25:00,526.25,526.3,526.25,526.3,0.01,38.76,20735.74,1
2026-01-06,2026-01-06 12:26:00,526.3,526.35,526.3,526.35,0.01,38.76,20735.74,1
2026-01-06,2026-01-06 12:27:00,526.35,526.4,526.35,526.4,0.01,38.76,20735.74,1
2026-01-06,2026-01-06 12:28:00,526.4,526.45,526.4,526.45,0.01,38.76,20735.74,1
2026-01-06,2026-01-06 12:29:00,526.45,526.5,526.45,526.5,0.01,38.76,20735.74,1
2026-01-06,2026-01-06 12:30:00,526.5,526.55,526.5,526.55,0.01,38.76,20735.74,1
2026-01-06,2026-01-06 12:31:00,526.55,526.6,526.55,526.6,0.01,38.76,20735.74,1
2026-01-06,2026-01-06 12:32:00,526.6,526.65,526.6,526.65,0.01,38.76,20735.74,1
2026-01-06,2026-01-06 12:33:00,526.65,526.7,526.65,526.7,0.01,38.76,20735.74,1
2026-01-06,2026-01-06 12:34:00,526.7,526.75,526.7,526.75,0.01,38.76,20735.74,1
2026-01-06,2026-01-06 12:35:00,526.75,526.8,526.75,526.8,0.01,38.76,20735.74,1
2026-01-06,2026-01-06 12:36:00,526.8,526.85,526.8,526.85,0.01,38.76,20735.74,1
2026-01-06,2026-01-06 12:37:00,526.85,526.9,526.85,526.9,0.01,38.76,20735.74,1
2026-01-06,2026-01-06 12:38:00,526.9,526.95,526.9,526.95,0.01,38.76,20735.74,1
2026-01-06,2026-01-06 12:39:00,526.95,527.0,526.95,527.0,0.01,38.76,20735.74,1
2026-01-06,2026-01-06 12:40:00,527.0,527.05,527.0,527.05,0.01,38.76,20735.74,1
2026-01-06,2026-01-06 12:41:00,527.05,527.1,527.05,527.1,0.01,38.76,20735.74,1
2026-01-06,2026-01-06 12:42:00,527.1,527.15,527.1,527.15,0.01,38.76,20735.74,1
2026-01-06,2026-01-06 12:43:00,527.15,527.2,527.15,527.2,0.01,38.76,20735.74,1
2026-01-06,2026-01-06 12:44:00,527.2,527.25,527.2,527.25,0.01,38.76,20735.74,1
2026-01-06,2026-01-06 12:45:00,527.25,527.3,527.25,527.3,0.01,38.76,20735.74,1
2026-01-06,2026-01-06 12:46:00,527.3,527.35,527.3,527.35,0.01,38.76,20735.74,1
2026-01-06,2026-01-06 12:47:00,527.35,527.4,527.35,527.4,0.01,38.76,20735.74,1
2026-01-06,2026-01-06 12:48:00,527.4,527.45,527.4,527.45,0.01,38.76,20735.74,1
2026-01-06,2026-01-06 12:49:00,527.45,527.5,527.45,527.5,0.01,38.76,20735.74,1
2026-01-06,2026-01-06 12:50:00,527.5,527.55,527.5,527.55,0.01,38.76,20735.74,1
2026-01-06,2026-01-06 12:51:00,527.55,527.6,527.55,527.6,0.01,38.76,20735.74,1
2026-01-06,2026-01-06 12:52:00,527.6,527.65,527.6,527.65,0.01,38.76,20735.74,1
2026-01-06,2026-01-06 12:53:00,527.65,527.7,527.65,527.7,0.01,38.76,20735.74,1
2026-01-06,2026-01-06 12:54:00,527.7,527.75,527.7,527.75,0.01,38.76,20735.74,1
2026-01-06,2026-01-06 12:55:00,527.75,527.8,527.75,527.8,0.01,38.76,20735.74,1
2026-01-06,2026-01-06 12:56:00,527.8,527.85,527.8,527.85,0.01,38.76,20735.74,1
2026-01-06,2026-01-06 12:57:00,527.85,527.9,527.85,527.9,0.01,38.76,20735.74,1
2026-01-06,2026-01-06 12:58:00,527.9,527.95,527.9,527.95,0.01,38.76,20735.74,1
2026-01-06,2026-01-06 12:59:00,527.95,528.0,527.95,528.0,0.01,38.76,20735.74,1
2026-01-06,2026-01-06 13:00:00,528.0,542.0,522.0,528.05,0.01,38.76,20735.74,1
2026-01-06,2026-01-06 13:01:00,528.05,528.1,528.05,528.1,0.01,38.76,20735.74,1
2026-01-06,2026-01-06 13:02:00,528.1,528.15,528.1,528.15,0.01,38.76,20735.74,1
2026-01-06,2026-01-06 13:03:00,528.15,528.2,528.15,528.2,0.01,38.76,20735.74,1
2026-01-06,2026-01-06 13:04:00,528.2,528.25,528.2,528.25,0.01,38.76,20735.74,1
2026-01-06,2026-01-06 13:05:00,528.25,528.3,528.25,528.3,0.01,38.76,20735.74,1
2026-01-06,2026-01-06 13:06:00,528.3,528.35,528.3,528.35,0.01,38.76,20735.74,1
2026-01-06,2026-01-06 13:07:00,528.35,528.4,528.35,528.4,0.01,38.76,20735.74,1
2026-01-06,2026-01-06 13:08:00,528.4,528.45,528.4,528.45,0.01,38.76,20735.74,1
2026-01-06,2026-01-06 13:09:00,528.45,528.5,528.45,528.5,0.01,38.76,20735.74,1
2026-01-06,2026-01-06 13:10:00,528.5,528.55,528.5,528.55,0.01,38.76,20735.74,1
2026-01-06,2026-01-06 13:11:00,528.55,528.6,528.55,528.6,0.01,38.76,20735.74,1
2026-01-06,2026-01-06 13:12:00,528.6,528.65,528.6,528.65,0.01,38.76,20735.74,1
2026-01-06,2026-01-06 13:13:00,528.65,528.7,528.65,528.7,0.01,38.76,20735.74,1
2026-01-06,2026-01-06 13:14:00,528.7,528.75,528.7,528.75,0.01,38.76,20735.74,1
2026-01-06,2026-01-06 13:15:00,528.75,528.8,528.75,528.8,0.01,38.76,20735.74,1
2026-01-06,2026-01-06 13:16:00,528.8,528.85,528.8,528.85,0.01,38.76,20735.74,1
2026-01-06,2026-01-06 13:17:00,528.85,528.9,528.85,528.9,0.01,38.76,20735.74,1
2026-01-06,2026-01-06 13:18:00,528.9,528.95,528.9,528.95,0.01,38.76,20735.74,1
2026-01-06,2026-01-06 13:19:00,528.95,529.0,528.95,529.0,0.01,38.76,20735.74,1
2026-01-06,2026-01-06 13:20:00,529.0,529.05,529.0,529.05,0.01,38.76,20735.74,1
2026-01-06,2026-01-06 13:21:00,529.05,529.1,529.05,529.1,0.01,38.76,20735.74,1
2026-01-06,2026-01-06 13:22:00,529.1,529.15,529.1,529.15,0.01,38.76,20735.74,1
2026-01-06,2026-01-06 13:23:00,529.15,529.2,529.15,529.2,0.01,38.76,20735.74,1
2026-01-06,2026-01-06 13:24:00,529.2,529.25,529.2,529.25,0.01,38.76,20735.74,1
2026-01-06,2026-01-06 13:25:00,529.25,529.3,529.25,529.3,0.01,38.76,20735.74,1
2026-01-06,2026-01-06 13:26:00,529.3,529.35,529.3,529.35,0.01,38.76,20735.74,1
2026-01-06,2026-01-06 13:27:00,529.35,529.4,529.35,529.4,0.01,38.76,20735.74,1
2026-01-06,2026-01-06 13:28:00,529.4,529.45,529.4,529.45,0.01,38.76,20735.74,1
2026-01-06,2026-01-06 13:29:00,529.45,529.5,529.45,529.5,0.01,38.76,20735.74,1
2026-01-06,2026-01-06 13:30:00,529.5,529.55,529.5,529.55,0.01,38.76,20735.74,1
2026-01-06,2026-01-06 13:31:00,529.55,529.6,529.55,529.6,0.01,38.76,20735.74,1
2026-01-06,2026-01-06 13:32:00,529.6,529.65,529.6,529.65,0.01,38.76,20735.74,1
2026-01-06,2026-01-06 13:33:00,529.65,529.7,529.65,529.7,0.01,38.76,20735.74,1
2026-01-06,2026-01-06 13:34:00,529.7,529.75,529.7,529.75,0.01,38.76,20735.74,1
2026-01-06,2026-01-06 13:35:00,529.75,529.8,529.75,529.8,0.01,38.76,20735.74,1
2026-01-06,2026-01-06 13:36:00,529.8,529.85,529.8,529.85,0.01,38.76,20735.74,1
2026-01-06,2026-01-06 13:37:00,529.85,529.9,529.85,529.9,0.01,38.76,20735.74,1
2026-01-06,2026-01-06 13:38:00,529.9,529.95,529.9,529.95,0.01,38.76,20735.74,1
2026-01-06,2026-01-06 13:39:00,529.95,530.0,529.95,530.0,0.01,38.76,20735.74,1
2026-01-06,2026-01-06 13:40:00,530.0,530.05,530.0,530.05,0.01,38.76,20735.74,1
2026-01-06,2026-01-06 13:41:00,530.05,530.1,530.05,530.1,0.01,38.76,20735.74,1
2026-01-06,2026-01-06 13:42:00,530.1,530.15,530.1,530.15,0.01,38.76,20735.74,1
2026-01-06,2026-01-06 13:43:00,530.15,530.2,530.15,530.2,0.01,38.76,20735.74,1
2026-01-06,2026-01-06 13:44:00,530.2,530.25,530.2,530.25,0.01,38.76,20735.74,1
2026-01-06,2026-01-06 13:45:00,530.25,530.3,530.25,530.3,0.01,38.76,20735.74,1
2026-01-06,2026-01-06 13:46:00,530.3,530.35,530.3,530.35,0.01,38.76,20735.74,1
2026-01-06,2026-01-06 13:47:00,530.35,530.4,530.35,530.4,0.01,38.76,20735.74,1
2026-01-06,2026-01-06 13:48:00,530.4,530.45,530.4,530.45,0.01,38.76,20735.74,1
2026-01-06,2026-01-06 13:49:00,530.45,530.5,530.45,530.5,0.01,38.76,20735.74,1
2026-01-06,2026-01-06 13:50:00,530.5,530.55,530.5,530.55,0.01,38.76,20735.74,1
2026-01-06,2026-01-06 13:51:00,530.55,530.6,530.55,530.6,0.01,38.76,20735.74,1
2026-01-06,2026-01-06 13:52:00,530.6,530.65,530.6,530.65,0.01,38.76,20735.74,1
2026-01-06,2026-01-06 13:53:00,530.65,530.7,530.65,530.7,0.01,38.76,20735.74,1
2026-01-06,2026-01-06 13:54:00,530.7,530.75,530.7,530.75,0.01,38.76,20735.74,1
2026-01-06,2026-01-06 13:55:00,530.75,530.8,530.75,530.8,0.01,38.76,20735.74,1
2026-01-06,2026-01-06 13:56:00,530.8,530.85,530.8,530.85,0.01,38.76,20735.74,1
2026-01-06,2026-01-06 13:57:00,530.85,530.9,530.85,530.9,0.01,38.76,20735.74,1
2026-01-06,2026-01-06 13:58:00,530.9,530.95,530.9,530.95,0.01,38.76,20735.74,1
2026-01-06,2026-01-06 13:59:00,530.95,531.0,530.95,531.0,0.01,38.76,20735.74,1
2026-01-06,2026-01-06 14:00:00,531.0,531.05,531.0,531.05,0.01,38.76,20735.74,1
2026-01-06,2026-01-06 14:01:00,531.05,531.1,531.05,531.1,0.01,38.76,20735.74,1
2026-01-06,2026-01-06 14:02:00,531.1,531.15,531.1,531.15,0.01,38.76,20735.74,1
2026-01-06,2026-01-06 14:03:00,531.15,531.2,531.15,531.2,0.01,38.76,20735.74,1
2026-01-06,2026-01-06 14:04:00,531.2,531.25,531.2,531.25,0.01,38.76,20735.74,1
2026-01-06,2026-01-06 14:05:00,531.25,531.3,531.25,531.3,0.01,38.76,20735.74,1
2026-01-06,2026-01-06 14:06:00,531.3,531.35,531.3,531.35,0.01,38.76,20735.74,1
2026-01-06,2026-01-06 14:07:00,531.35,531.4,531.35,531.4,0.01,38.76,20735.74,1
2026-01-06,2026-01-06 14:08:00,531.4,531.45,531.4,531.45,0.01,38.76,20735.74,1
2026-01-06,2026-01-06 14:09:00,531.45,531.5,531.45,531.5,0.01,38.76,20735.74,1
2026-01-06,2026-01-06 14:10:00,531.5,531.55,531.5,531.55,0.01,38.76,20735.74,1
2026-01-06,2026-01-06 14:11:00,531.55,531.6,531.55,531.6,0.01,38.76,20735.74,1
2026-01-06,2026-01-06 14:12:00,531.6,531.65,531.6,531.65,0.01,38.76,20735.74,1
2026-01-06,2026-01-06 14:13:00,531.65,531.7,531.65,531.7,0.01,38.76,20735.74,1
2026-01-06,2026-01-06 14:14:00,531.7,531.75,531.7,531.75,0.01,38.76,20735.74,1
2026-01-06,2026-01-06 14:15:00,531.75,531.8,531.75,531.8,0.01,38.76,20735.74,1
2026-01-06,2026-01-06 14:16:00,531.8,531.85,531.8,531.85,0.01,38.76,20735.74,1
2026-01-06,2026-01-06 14:17:00,531.85,531.9,531.85,531.9,0.01,38.76,20735.74,1
2026-01-06,2026-01-06 14:18:00,531.9,531.95,531.9,531.95,0.01,38.76,20735.74,1
2026-01-06,2026-01-06 14:19:00,531.95,532.0,531.95,532.0,0.01,38.76,20735.74,1
2026-01-06,2026-01-06 14:20:00,532.0,532.05,532.0,532.05,0.01,38.76,20735.74,1
2026-01-06,2026-01-06 14:21:00,532.05,532.1,532.05,532.1,0.01,38.76,20735.74,1
2026-01-06,2026-01-06 14:22:00,532.1,532.15,532.1,532.15,0.01,38.76,20735.74,1
2026-01-06,2026-01-06 14:23:00,532.15,532.2,532.15,532.2,0.01,38.76,20735.74,1
2026-01-06,2026-01-06 14:24:00,532.2,532.25,532.2,532.25,0.01,38.76,20735.74,1
2026-01-06,2026-01-06 14:25:00,532.25,532.3,532.25,532.3,0.01,38.76,20735.74,1
2026-01-06,2026-01-06 14:26:00,532.3,532.35,532.3,532.35,0.01,38.76,20735.74,1
2026-01-06,2026-01-06 14:27:00,532.35,532.4,532.35,532.4,0.01,38.76,20735.74,1
2026-01-06,2026-01-06 14:28:00,532.4,532.45,532.4,532.45,0.01,38.76,20735.74,1
2026-01-06,2026-01-06 14:29:00,532.45,532.5,532.45,532.5,0.01,38.76,20735.74,1
2026-01-06,2026-01-06 14:30:00,532.5,532.55,532.5,532.55,0.01,38.76,20735.74,1
2026-01-06,2026-01-06 14:31:00,532.55,532.6,532.55,532.6,0.01,38.76,20735.74,1
2026-01-06,2026-01-06 14:32:00,532.6,532.65,532.6,532.65,0.01,38.76,20735.74,1
2026-01-06,2026-01-06 14:33:00,532.65,532.7,532.65,532.7,0.01,38.76,20735.74,1
2026-01-06,2026-01-06 14:34:00,532.7,532.75,532.7,532.75,0.01,38.76,20735.74,1
2026-01-06,2026-01-06 14:35:00,532.75,532.8,532.75,532.8,0.01,38.76,20735.74,1
2026-01-06,2026-01-06 14:36:00,532.8,532.85,532.8,532.85,0.01,38.76,20735.74,1
2026-01-06,2026-01-06 14:37:00,532.85,532.9,532.85,532.9,0.01,38.76,20735.74,1
2026-01-06,2026-01-06 14:38:00,532.9,532.95,532.9,532.95,0.01,38.76,20735.74,1
2026-01-06,2026-01-06 14:39:00,532.95,533.0,532.95,533.0,0.01,38.76,20735.74,1
2026-01-06,2026-01-06 14:40:00,533.0,533.05,533.0,533.05,0.01,38.76,20735.74,1
2026-01-06,2026-01-06 14:41:00,533.05,533.1,533.05,533.1,0.01,38.76,20735.74,1
2026-01-06,2026-01-06 14:42:00,533.1,533.15,533.1,533.15,0.01,38.76,20735.74,1
2026-01-06,2026-01-06 14:43:00,533.15,533.2,533.15,533.2,0.01,38.76,20735.74,1
2026-01-06,2026-01-06 14:44:00,533.2,533.25,533.2,533.25,0.01,38.76,20735.74,1
2026-01-06,2026-01-06 14:45:00,533.25,533.3,533.25,533.3,0.01,38.76,20735.74,1
2026-01-06,2026-01-06 14:46:00,533.3,533.35,533.3,533.35,0.01,38.76,20735.74,1
2026-01-06,2026-01-06 14:47:00,533.35,533.4,533.35,533.4,0.01,38.76,20735.74,1
2026-01-06,2026-01-06 14:48:00,533.4,533.45,533.4,533.45,0.01,38.76,20735.74,1
2026-01-06,2026-01-06 14:49:00,533.45,533.5,533.45,533.5,0.01,38.76,20735.74,1
2026-01-06,2026-01-06 14:50:00,533.5,533.55,533.5,533.55,0.01,38.76,20735.74,1
2026-01-06,2026-01-06 14:51:00,533.55,533.6,533.55,533.6,0.01,38.76,20735.74,1
2026-01-06,2026-01-06 14:52:00,533.6,533.65,533.6,533.65,0.01,38.76,20735.74,1
2026-01-06,2026-01-06 14:53:00,533.65,533.7,533.65,533.7,0.01,38.76,20735.74,1
2026-01-06,2026-01-06 14:54:00,533.7,533.75,533.7,533.75,0.01,38.76,20735.74,1
2026-01-06,2026-01-06 14:55:00,533.75,533.8,533.75,533.8,0.01,38.76,20735.74,1
2026-01-06,2026-01-06 14:56:00,533.8,533.85,533.8,533.85,0.01,38.76,20735.74,1
2026-01-06,2026-01-06 14:57:00,533.85,533.9,533.85,533.9,0.01,38.76,20735.74,1
2026-01-06,2026-01-06 14:58:00,533.9,533.95,533.9,533.95,0.01,38.76,20735.74,1
2026-01-06,2026-01-06 14:59:00,533.95,534.0,533.95,534.0,0.01,38.76,20735.74,1
2026-01-06,2026-01-06 15:00:00,534.0,542.0,522.0,534.0,0.0,38.76,20735.74,0
2026-01-07,2026-01-07 11:00:00,530.0,532.97,529.4,530.01,0.0,43.51,23177.19,1
2026-01-07,2026-01-07 11:01:00,530.01,530.03,530.01,530.03,0.0,43.51,23177.19,1
2026-01-07,2026-01-07 11:02:00,530.03,530.04,530.03,530.04,0.0,43.51,23177.19,1
2026-01-07,2026-01-07 11:03:00,530.04,530.05,530.04,530.05,0.0,43.51,23177.19,1
2026-01-07,2026-01-07 11:04:00,530.05,530.07,530.05,530.07,0.0,43.51,23177.19,1
2026-01-07,2026-01-07 11:05:00,530.07,530.08,530.07,530.08,0.0,43.51,23177.19,1
2026-01-07,2026-01-07 11:06:00,530.08,530.09,530.08,530.09,0.0,43.51,23177.19,1
2026-01-07,2026-01-07 11:07:00,530.09,530.11,530.09,530.11,0.0,43.51,23177.19,1
2026-01-07,2026-01-07 11:08:00,530.11,530.12,530.11,530.12,0.0,43.51,23177.19,1
2026-01-07,2026-01-07 11:09:00,530.12,530.13,530.12,530.13,0.0,43.51,23177.19,1
2026-01-07,2026-01-07 11:10:00,530.13,530.15,530.13,530.15,0.0,43.51,23177.19,1
2026-01-07,2026-01-07 11:11:00,530.15,530.16,530.15,530.16,0.0,43.51,23177.19,1
2026-01-07,2026-01-07 11:12:00,530.16,530.17,530.16,530.17,0.0,43.51,23177.19,1
2026-01-07,2026-01-07 11:13:00,530.17,530.19,530.17,530.19,0.0,43.51,23177.19,1
2026-01-07,2026-01-07 11:14:00,530.19,530.2,530.19,530.2,0.0,43.51,23177.19,1
2026-01-07,2026-01-07 11:15:00,530.2,530.21,530.2,530.21,0.0,43.51,23177.19,1
2026-01-07,2026-01-07 11:16:00,530.21,530.23,530.21,530.23,0.0,43.51,23177.19,1
2026-01-07,2026-01-07 11:17:00,530.23,530.24,530.23,530.24,0.0,43.51,23177.19,1
2026-01-07,2026-01-07 11:18:00,530.24,530.25,530.24,530.25,0.0,43.51,23177.19,1
2026-01-07,2026-01-07 11:19:00,530.25,530.27,530.25,530.27,0.0,43.51,23177.19,1
2026-01-07,2026-01-07 11:20:00,530.27,530.28,530.27,530.28,0.0,43.51,23177.19,1
2026-01-07,2026-01-07 11:21:00,530.28,530.29,530.28,530.29,0.0,43.51,23177.19,1
2026-01-07,2026-01-07 11:22:00,530.29,530.31,530.29,530.31,0.0,43.51,23177.19,1
2026-01-07,2026-01-07 11:23:00,530.31,530.32,530.31,530.32,0.0,43.51,23177.19,1
2026-01-07,2026-01-07 11:24:00,530.32,530.33,530.32,530.33,0.0,43.51,23177.19,1
2026-01-07,2026-01-07 11:25:00,530.33,530.35,530.33,530.35,0.0,43.51,23177.19,1
2026-01-07,2026-01-07 11:26:00,530.35,530.36,530.35,530.36,0.0,43.51,23177.19,1
2026-01-07,2026-01-07 11:27:00,530.36,530.37,530.36,530.37,0.0,43.51,23177.19,1
2026-01-07,2026-01-07 11:28:00,530.37,530.39,530.37,530.39,0.0,43.51,23177.19,1
2026-01-07,2026-01-07 11:29:00,530.39,530.4,530.39,530.4,0.0,43.51,23177.19,1
2026-01-07,2026-01-07 11:30:00,530.4,530.41,530.4,530.41,0.0,43.51,23177.19,1
2026-01-07,2026-01-07 11:31:00,530.41,530.43,530.41,530.43,0.0,43.51,23177.19,1
2026-01-07,2026-01-07 11:32:00,530.43,530.44,530.43,530.44,0.0,43.51,23177.19,1
2026-01-07,2026-01-07 11:33:00,530.44,530.45,530.44,530.45,0.0,43.51,23177.19,1
2026-01-07,2026-01-07 11:34:00,530.45,530.47,530.45,530.47,0.0,43.51,23177.19,1
2026-01-07,2026-01-07 11:35:00,530.47,530.48,530.47,530.48,0.0,43.51,23177.19,1
2026-01-07,2026-01-07 11:36:00,530.48,530.49,530.48,530.49,0.0,43.51,23177.19,1
2026-01-07,2026-01-07 11:37:00,530.49,530.51,530.49,530.51,0.0,43.51,23177.19,1
2026-01-07,2026-01-07 11:38:00,530.51,530.52,530.51,530.52,0.0,43.51,23177.19,1
2026-01-07,2026-01-07 11:39:00,530.52,530.53,530.52,530.53,0.0,43.51,23177.19,1
2026-01-07,2026-01-07 11:40:00,530.53,530.55,530.53,530.55,0.0,43.51,23177.19,1
2026-01-07,2026-01-07 11:41:00,530.55,530.56,530.55,530.56,0.0,43.51,23177.19,1
2026-01-07,2026-01-07 11:42:00,530.56,530.57,530.56,530.57,0.0,43.51,23177.19,1
2026-01-07,2026-01-07 11:43:00,530.57,530.59,530.57,530.59,0.0,43.51,23177.19,1
2026-01-07,2026-01-07 11:44:00,530.59,530.6,530.59,530.6,0.0,43.51,23177.19,1
2026-01-07,2026-01-07 11:45:00,530.6,530.61,530.6,530.61,0.0,43.51,23177.19,1
2026-01-07,2026-01-07 11:46:00,530.61,530.63,530.61,530.63,0.0,43.51,23177.19,1
2026-01-07,2026-01-07 11:47:00,530.63,530.64,530.63,530.64,0.0,43.51,23177.19,1
2026-01-07,2026-01-07 11:48:00,530.64,530.65,530.64,530.65,0.0,43.51,23177.19,1
2026-01-07,2026-01-07 11:49:00,530.65,530.67,530.65,530.67,0.0,43.51,23177.19,1
2026-01-07,2026-01-07 11:50:00,530.67,530.68,530.67,530.68,0.0,43.51,23177.19,1
2026-01-07,2026-01-07 11:51:00,530.68,530.69,530.68,530.69,0.0,43.51,23177.19,1
2026-01-07,2026-01-07 11:52:00,530.69,530.71,530.69,530.71,0.0,43.51,23177.19,1
2026-01-07,2026-01-07 11:53:00,530.71,530.72,530.71,530.72,0.0,43.51,23177.19,1
2026-01-07,2026-01-07 11:54:00,530.72,530.73,530.72,530.73,0.0,43.51,23177.19,1
2026-01-07,2026-01-07 11:55:00,530.73,530.75,530.73,530.75,0.0,43.51,23177.19,1
2026-01-07,2026-01-07 11:56:00,530.75,530.76,530.75,530.76,0.0,43.51,23177.19,1
2026-01-07,2026-01-07 11:57:00,530.76,530.77,530.76,530.77,0.0,43.51,23177.19,1
2026-01-07,2026-01-07 11:58:00,530.77,530.79,530.77,530.79,0.0,43.51,23177.19,1
2026-01-07,2026-01-07 11:59:00,530.79,530.8,530.79,530.8,0.0,43.51,23177.19,1
2026-01-07,2026-01-07 12:00:00,530.8,530.81,530.8,530.81,0.0,43.51,23177.19,1
2026-01-07,2026-01-07 12:01:00,530.81,530.83,530.81,530.83,0.0,43.51,23177.19,1
2026-01-07,2026-01-07 12:02:00,530.83,530.84,530.83,530.84,0.0,43.51,23177.19,1
2026-01-07,2026-01-07 12:03:00,530.84,530.85,530.84,530.85,0.0,43.51,23177.19,1
2026-01-07,2026-01-07 12:04:00,530.85,530.87,530.85,530.87,0.0,43.51,23177.19,1
2026-01-07,2026-01-07 12:05:00,530.87,530.88,530.87,530.88,0.0,43.51,23177.19,1
2026-01-07,2026-01-07 12:06:00,530.88,530.89,530.88,530.89,0.0,43.51,23177.19,1
2026-01-07,2026-01-07 12:07:00,530.89,530.91,530.89,530.91,0.0,43.51,23177.19,1
2026-01-07,2026-01-07 12:08:00,530.91,530.92,530.91,530.92,0.0,43.51,23177.19,1
2026-01-07,2026-01-07 12:09:00,530.92,530.93,530.92,530.93,0.0,43.51,23177.19,1
2026-01-07,2026-01-07 12:10:00,530.93,530.95,530.93,530.95,0.0,43.51,23177.19,1
2026-01-07,2026-01-07 12:11:00,530.95,530.96,530.95,530.96,0.0,43.51,23177.19,1
2026-01-07,2026-01-07 12:12:00,530.96,530.97,530.96,530.97,0.0,43.51,23177.19,1
2026-01-07,2026-01-07 12:13:00,530.97,530.99,530.97,530.99,0.0,43.51,23177.19,1
2026-01-07,2026-01-07 12:14:00,530.99,531.0,530.99,531.0,0.0,43.51,23177.19,1
2026-01-07,2026-01-07 12:15:00,531.0,531.01,531.0,531.01,0.0,43.51,23177.19,1
2026-01-07,2026-01-07 12:16:00,531.01,531.03,531.01,531.03,0.0,43.51,23177.19,1
2026-01-07,2026-01-07 12:17:00,531.03,531.04,531.03,531.04,0.0,43.51,23177.19,1
2026-01-07,2026-01-07 12:18:00,531.04,531.05,531.04,531.05,0.0,43.51,23177.19,1
2026-01-07,2026-01-07 12:19:00,531.05,531.07,531.05,531.07,0.0,43.51,23177.19,1
2026-01-07,2026-01-07 12:20:00,531.07,531.08,531.07,531.08,0.0,43.51,23177.19,1
2026-01-07,2026-01-07 12:21:00,531.08,531.09,531.08,531.09,0.0,43.51,23177.19,1
2026-01-07,2026-01-07 12:22:00,531.09,531.11,531.09,531.11,0.0,43.51,23177.19,1
2026-01-07,2026-01-07 12:23:00,531.11,531.12,531.11,531.12,0.0,43.51,23177.19,1
2026-01-07,2026-01-07 12:24:00,531.12,531.13,531.12,531.13,0.0,43.51,23177.19,1
2026-01-07,2026-01-07 12:25:00,531.13,531.15,531.13,531.15,0.0,43.51,23177.19,1
2026-01-07,2026-01-07 12:26:00,531.15,531.16,531.15,531.16,0.0,43.51,23177.19,1
2026-01-07,2026-01-07 12:27:00,531.16,531.17,531.16,531.17,0.0,43.51,23177.19,1
2026-01-07,2026-01-07 12:28:00,531.17,531.19,531.17,531.19,0.0,43.51,23177.19,1
2026-01-07,2026-01-07 12:29:00,531.19,531.2,531.19,531.2,0.0,43.51,23177.19,1
2026-01-07,2026-01-07 12:30:00,531.2,531.21,531.2,531.21,0.0,43.51,23177.19,1
2026-01-07,2026-01-07 12:31:00,531.21,531.23,531.21,531.23,0.0,43.51,23177.19,1
2026-01-07,2026-01-07 12:32:00,531.23,531.24,531.23,531.24,0.0,43.51,23177.19,1
2026-01-07,2026-01-07 12:33:00,531.24,531.25,531.24,531.25,0.0,43.51,23177.19,1
2026-01-07,2026-01-07 12:34:00,531.25,531.27,531.25,531.27,0.0,43.51,23177.19,1
2026-01-07,2026-01-07 12:35:00,531.27,531.28,531.27,531.28,0.0,43.51,23177.19,1
2026-01-07,2026-01-07 12:36:00,531.28,531.29,531.28,531.29,0.0,43.51,23177.19,1
2026-01-07,2026-01-07 12:37:00,531.29,531.31,531.29,531.31,0.0,43.51,23177.19,1
2026-01-07,2026-01-07 12:38:00,531.31,531.32,531.31,531.32,0.0,43.51,23177.19,1
2026-01-07,2026-01-07 12:39:00,531.32,531.33,531.32,531.33,0.0,43.51,23177.19,1
2026-01-07,2026-01-07 12:40:00,531.33,531.35,531.33,531.35,0.0,43.51,23177.19,1
2026-01-07,2026-01-07 12:41:00,531.35,531.36,531.35,531.36,0.0,43.51,23177.19,1
2026-01-07,2026-01-07 12:42:00,531.36,531.37,531.36,531.37,0.0,43.51,23177.19,1
2026-01-07,2026-01-07 12:43:00,531.37,531.39,531.37,531.39,0.0,43.51,23177.19,1
2026-01-07,2026-01-07 12:44:00,531.39,531.4,531.39,531.4,0.0,43.51,23177.19,1
2026-01-07,2026-01-07 12:45:00,531.4,531.41,531.4,531.41,0.0,43.51,23177.19,1
2026-01-07,2026-01-07 12:46:00,531.41,531.43,531.41,531.43,0.0,43.51,23177.19,1
2026-01-07,2026-01-07 12:47:00,531.43,531.44,531.43,531.44,0.0,43.51,23177.19,1
2026-01-07,2026-01-07 12:48:00,531.44,531.45,531.44,531.45,0.0,43.51,23177.19,1
2026-01-07,2026-01-07 12:49:00,531.45,531.47,531.45,531.47,0.0,43.51,23177.19,1
2026-01-07,2026-01-07 12:50:00,531.47,531.48,531.47,531.48,0.0,43.51,23177.19,1
2026-01-07,2026-01-07 12:51:00,531.48,531.49,531.48,531.49,0.0,43.51,23177.19,1
2026-01-07,2026-01-07 12:52:00,531.49,531.51,531.49,531.51,0.0,43.51,23177.19,1
2026-01-07,2026-01-07 12:53:00,531.51,531.52,531.51,531.52,0.0,43.51,23177.19,1
2026-01-07,2026-01-07 12:54:00,531.52,531.53,531.52,531.53,0.0,43.51,23177.19,1
2026-01-07,2026-01-07 12:55:00,531.53,531.55,531.53,531.55,0.0,43.51,23177.19,1
2026-01-07,2026-01-07 12:56:00,531.55,531.56,531.55,531.56,0.0,43.51,23177.19,1
2026-01-07,2026-01-07 12:57:00,531.56,531.57,531.56,531.57,0.0,43.51,23177.19,1
2026-01-07,2026-01-07 12:58:00,531.57,531.59,531.57,531.59,0.0,43.51,23177.19,1
2026-01-07,2026-01-07 12:59:00,531.59,531.6,531.59,531.6,0.0,43.51,23177.19,1
2026-01-07,2026-01-07 13:00:00,531.6,539.9,528.0,531.61,0.0,43.51,23177.19,1
2026-01-07,2026-01-07 13:01:00,531.61,531.63,531.61,531.63,0.0,43.51,23177.19,1
2026-01-07,2026-01-07 13:02:00,531.63,531.64,531.63,531.64,0.0,43.51,23177.19,1
2026-01-07,2026-01-07 13:03:00,531.64,531.65,531.64,531.65,0.0,43.51,23177.19,1
2026-01-07,2026-01-07 13:04:00,531.65,531.67,531.65,531.67,0.0,43.51,23177.19,1
2026-01-07,2026-01-07 13:05:00,531.67,531.68,531.67,531.68,0.0,43.51,23177.19,1
2026-01-07,2026-01-07 13:06:00,531.68,531.69,531.68,531.69,0.0,43.51,23177.19,1
2026-01-07,2026-01-07 13:07:00,531.69,531.71,531.69,531.71,0.0,43.51,23177.19,1
2026-01-07,2026-01-07 13:08:00,531.71,531.72,531.71,531.72,0.0,43.51,23177.19,1
2026-01-07,2026-01-07 13:09:00,531.72,531.73,531.72,531.73,0.0,43.51,23177.19,1
2026-01-07,2026-01-07 13:10:00,531.73,531.75,531.73,531.75,0.0,43.51,23177.19,1
2026-01-07,2026-01-07 13:11:00,531.75,531.76,531.75,531.76,0.0,43.51,23177.19,1
2026-01-07,2026-01-07 13:12:00,531.76,531.77,531.76,531.77,0.0,43.51,23177.19,1
2026-01-07,2026-01-07 13:13:00,531.77,531.79,531.77,531.79,0.0,43.51,23177.19,1
2026-01-07,2026-01-07 13:14:00,531.79,531.8,531.79,531.8,0.0,43.51,23177.19,1
2026-01-07,2026-01-07 13:15:00,531.8,531.81,531.8,531.81,0.0,43.51,23177.19,1
2026-01-07,2026-01-07 13:16:00,531.81,531.83,531.81,531.83,0.0,43.51,23177.19,1
2026-01-07,2026-01-07 13:17:00,531.83,531.84,531.83,531.84,0.0,43.51,23177.19,1
2026-01-07,2026-01-07 13:18:00,531.84,531.85,531.84,531.85,0.0,43.51,23177.19,1
2026-01-07,2026-01-07 13:19:00,531.85,531.87,531.85,531.87,0.0,43.51,23177.19,1
2026-01-07,2026-01-07 13:20:00,531.87,531.88,531.87,531.88,0.0,43.51,23177.19,1
2026-01-07,2026-01-07 13:21:00,531.88,531.89,531.88,531.89,0.0,43.51,23177.19,1
2026-01-07,2026-01-07 13:22:00,531.89,531.91,531.89,531.91,0.0,43.51,23177.19,1
2026-01-07,2026-01-07 13:23:00,531.91,531.92,531.91,531.92,0.0,43.51,23177.19,1
2026-01-07,2026-01-07 13:24:00,531.92,531.93,531.92,531.93,0.0,43.51,23177.19,1
2026-01-07,2026-01-07 13:25:00,531.93,531.95,531.93,531.95,0.0,43.51,23177.19,1
2026-01-07,2026-01-07 13:26:00,531.95,531.96,531.95,531.96,0.0,43.51,23177.19,1
2026-01-07,2026-01-07 13:27:00,531.96,531.97,531.96,531.97,0.0,43.51,23177.19,1
2026-01-07,2026-01-07 13:28:00,531.97,531.99,531.97,531.99,0.0,43.51,23177.19,1
2026-01-07,2026-01-07 13:29:00,531.99,532.0,531.99,532.0,0.0,43.51,23177.19,1
2026-01-07,2026-01-07 13:30:00,532.0,532.01,532.0,532.01,0.0,43.51,23177.19,1
2026-01-07,2026-01-07 13:31:00,532.01,532.03,532.01,532.03,0.0,43.51,23177.19,1
2026-01-07,2026-01-07 13:32:00,532.03,532.04,532.03,532.04,0.0,43.51,23177.19,1
2026-01-07,2026-01-07 13:33:00,532.04,532.05,532.04,532.05,0.0,43.51,23177.19,1
2026-01-07,2026-01-07 13:34:00,532.05,532.07,532.05,532.07,0.0,43.51,23177.19,1
2026-01-07,2026-01-07 13:35:00,532.07,532.08,532.07,532.08,0.0,43.51,23177.19,1
2026-01-07,2026-01-07 13:36:00,532.08,532.09,532.08,532.09,0.0,43.51,23177.19,1
2026-01-07,2026-01-07 13:37:00,532.09,532.11,532.09,532.11,0.0,43.51,23177.19,1
2026-01-07,2026-01-07 13:38:00,532.11,532.12,532.11,532.12,0.0,43.51,23177.19,1
2026-01-07,2026-01-07 13:39:00,532.12,532.13,532.12,532.13,0.0,43.51,23177.19,1
2026-01-07,2026-01-07 13:40:00,532.13,532.15,532.13,532.15,0.0,43.51,23177.19,1
2026-01-07,2026-01-07 13:41:00,532.15,532.16,532.15,532.16,0.0,43.51,23177.19,1
2026-01-07,2026-01-07 13:42:00,532.16,532.17,532.16,532.17,0.0,43.51,23177.19,1
2026-01-07,2026-01-07 13:43:00,532.17,532.19,532.17,532.19,0.0,43.51,23177.19,1
2026-01-07,2026-01-07 13:44:00,532.19,532.2,532.19,532.2,0.0,43.51,23177.19,1
2026-01-07,2026-01-07 13:45:00,532.2,532.21,532.2,532.21,0.0,43.51,23177.19,1
2026-01-07,2026-01-07 13:46:00,532.21,532.23,532.21,532.23,0.0,43.51,23177.19,1
2026-01-07,2026-01-07 13:47:00,532.23,532.24,532.23,532.24,0.0,43.51,23177.19,1
2026-01-07,2026-01-07 13:48:00,532.24,532.25,532.24,532.25,0.0,43.51,23177.19,1
2026-01-07,2026-01-07 13:49:00,532.25,532.27,532.25,532.27,0.0,43.51,23177.19,1
2026-01-07,2026-01-07 13:50:00,532.27,532.28,532.27,532.28,0.0,43.51,23177.19,1
2026-01-07,2026-01-07 13:51:00,532.28,532.29,532.28,532.29,0.0,43.51,23177.19,1
2026-01-07,2026-01-07 13:52:00,532.29,532.31,532.29,532.31,0.0,43.51,23177.19,1
2026-01-07,2026-01-07 13:53:00,532.31,532.32,532.31,532.32,0.0,43.51,23177.19,1
2026-01-07,2026-01-07 13:54:00,532.32,532.33,532.32,532.33,0.0,43.51,23177.19,1
2026-01-07,2026-01-07 13:55:00,532.33,532.35,532.33,532.35,0.0,43.51,23177.19,1
2026-01-07,2026-01-07 13:56:00,532.35,532.36,532.35,532.36,0.0,43.51,23177.19,1
2026-01-07,2026-01-07 13:57:00,532.36,532.37,532.36,532.37,0.0,43.51,23177.19,1
2026-01-07,2026-01-07 13:58:00,532.37,532.39,532.37,532.39,0.0,43.51,23177.19,1
2026-01-07,2026-01-07 13:59:00,532.39,532.4,532.39,532.4,0.0,43.51,23177.19,1
2026-01-07,2026-01-07 14:00:00,532.4,532.41,532.4,532.41,0.0,43.51,23177.19,1
2026-01-07,2026-01-07 14:01:00,532.41,532.43,532.41,532.43,0.0,43.51,23177.19,1
2026-01-07,2026-01-07 14:02:00,532.43,532.44,532.43,532.44,0.0,43.51,23177.19,1
2026-01-07,2026-01-07 14:03:00,532.44,532.45,532.44,532.45,0.0,43.51,23177.19,1
2026-01-07,2026-01-07 14:04:00,532.45,532.47,532.45,532.47,0.0,43.51,23177.19,1
2026-01-07,2026-01-07 14:05:00,532.47,532.48,532.47,532.48,0.0,43.51,23177.19,1
2026-01-07,2026-01-07 14:06:00,532.48,532.49,532.48,532.49,0.0,43.51,23177.19,1
2026-01-07,2026-01-07 14:07:00,532.49,532.51,532.49,532.51,0.0,43.51,23177.19,1
2026-01-07,2026-01-07 14:08:00,532.51,532.52,532.51,532.52,0.0,43.51,23177.19,1
2026-01-07,2026-01-07 14:09:00,532.52,532.53,532.52,532.53,0.0,43.51,23177.19,1
2026-01-07,2026-01-07 14:10:00,532.53,532.55,532.53,532.55,0.0,43.51,23177.19,1
2026-01-07,2026-01-07 14:11:00,532.55,532.56,532.55,532.56,0.0,43.51,23177.19,1
2026-01-07,2026-01-07 14:12:00,532.56,532.57,532.56,532.57,0.0,43.51,23177.19,1
2026-01-07,2026-01-07 14:13:00,532.57,532.59,532.57,532.59,0.0,43.51,23177.19,1
2026-01-07,2026-01-07 14:14:00,532.59,532.6,532.59,532.6,0.0,43.51,23177.19,1
2026-01-07,2026-01-07 14:15:00,532.6,532.61,532.6,532.61,0.0,43.51,23177.19,1
2026-01-07,2026-01-07 14:16:00,532.61,532.63,532.61,532.63,0.0,43.51,23177.19,1
2026-01-07,2026-01-07 14:17:00,532.63,532.64,532.63,532.64,0.0,43.51,23177.19,1
2026-01-07,2026-01-07 14:18:00,532.64,532.65,532.64,532.65,0.0,43.51,23177.19,1
2026-01-07,2026-01-07 14:19:00,532.65,532.67,532.65,532.67,0.0,43.51,23177.19,1
2026-01-07,2026-01-07 14:20:00,532.67,532.68,532.67,532.68,0.0,43.51,23177.19,1
2026-01-07,2026-01-07 14:21:00,532.68,532.69,532.68,532.69,0.0,43.51,23177.19,1
2026-01-07,2026-01-07 14:22:00,532.69,532.71,532.69,532.71,0.0,43.51,23177.19,1
2026-01-07,2026-01-07 14:23:00,532.71,532.72,532.71,532.72,0.0,43.51,23177.19,1
2026-01-07,2026-01-07 14:24:00,532.72,532.73,532.72,532.73,0.0,43.51,23177.19,1
2026-01-07,2026-01-07 14:25:00,532.73,532.75,532.73,532.75,0.0,43.51,23177.19,1
2026-01-07,2026-01-07 14:26:00,532.75,532.76,532.75,532.76,0.0,43.51,23177.19,1
2026-01-07,2026-01-07 14:27:00,532.76,532.77,532.76,532.77,0.0,43.51,23177.19,1
2026-01-07,2026-01-07 14:28:00,532.77,532.79,532.77,532.79,0.0,43.51,23177.19,1
2026-01-07,2026-01-07 14:29:00,532.79,532.8,532.79,532.8,0.0,43.51,23177.19,1
2026-01-07,2026-01-07 14:30:00,532.8,532.81,532.8,532.81,0.0,43.51,23177.19,1
2026-01-07,2026-01-07 14:31:00,532.81,532.83,532.81,532.83,0.0,43.51,23177.19,1
2026-01-07,2026-01-07 14:32:00,532.83,532.84,532.83,532.84,0.0,43.51,23177.19,1
2026-01-07,2026-01-07 14:33:00,532.84,532.85,532.84,532.85,0.0,43.51,23177.19,1
2026-01-07,2026-01-07 14:34:00,532.85,532.87,532.85,532.87,0.0,43.51,23177.19,1
2026-01-07,2026-01-07 14:35:00,532.87,532.88,532.87,532.88,0.0,43.51,23177.19,1
2026-01-07,2026-01-07 14:36:00,532.88,532.89,532.88,532.89,0.0,43.51,23177.19,1
2026-01-07,2026-01-07 14:37:00,532.89,532.91,532.89,532.91,0.0,43.51,23177.19,1
2026-01-07,2026-01-07 14:38:00,532.91,532.92,532.91,532.92,0.0,43.51,23177.19,1
2026-01-07,2026-01-07 14:39:00,532.92,532.93,532.92,532.93,0.0,43.51,23177.19,1
2026-01-07,2026-01-07 14:40:00,532.93,532.95,532.93,532.95,0.0,43.51,23177.19,1
2026-01-07,2026-01-07 14:41:00,532.95,532.96,532.95,532.96,0.0,43.51,23177.19,1
2026-01-07,2026-01-07 14:42:00,532.96,532.97,532.96,532.97,0.0,43.51,23177.19,1
2026-01-07,2026-01-07 14:43:00,532.97,532.99,532.97,532.99,0.0,43.51,23177.19,1
2026-01-07,2026-01-07 14:44:00,532.99,533.0,532.99,533.0,0.0,43.51,23177.19,1
2026-01-07,2026-01-07 14:45:00,533.0,533.01,533.0,533.01,0.0,43.51,23177.19,1
2026-01-07,2026-01-07 14:46:00,533.01,533.03,533.01,533.03,0.0,43.51,23177.19,1
2026-01-07,2026-01-07 14:47:00,533.03,533.04,533.03,533.04,0.0,43.51,23177.19,1
2026-01-07,2026-01-07 14:48:00,533.04,533.05,533.04,533.05,0.0,43.51,23177.19,1
2026-01-07,2026-01-07 14:49:00,533.05,533.07,533.05,533.07,0.0,43.51,23177.19,1
2026-01-07,2026-01-07 14:50:00,533.07,533.08,533.07,533.08,0.0,43.51,23177.19,1
2026-01-07,2026-01-07 14:51:00,533.08,533.09,533.08,533.09,0.0,43.51,23177.19,1
2026-01-07,2026-01-07 14:52:00,533.09,533.11,533.09,533.11,0.0,43.51,23177.19,1
2026-01-07,2026-01-07 14:53:00,533.11,533.12,533.11,533.12,0.0,43.51,23177.19,1
2026-01-07,2026-01-07 14:54:00,533.12,533.13,533.12,533.13,0.0,43.51,23177.19,1
2026-01-07,2026-01-07 14:55:00,533.13,533.15,533.13,533.15,0.0,43.51,23177.19,1
2026-01-07,2026-01-07 14:56:00,533.15,533.16,533.15,533.16,0.0,43.51,23177.19,1
2026-01-07,2026-01-07 14:57:00,533.16,533.17,533.16,533.17,0.0,43.51,23177.19,1
2026-01-07,2026-01-07 14:58:00,533.17,533.19,533.17,533.19,0.0,43.51,23177.19,1
2026-01-07,2026-01-07 14:59:00,533.19,533.2,533.19,533.2,0.0,43.51,23177.19,1
2026-01-07,2026-01-07 15:00:00,533.2,539.9,528.0,533.2,0.0,43.51,23177.19,0
2026-01-08,2026-01-08 11:00:00,523.0,528.04,523.0,523.07,0.01,25.38,13511.72,1
2026-01-08,2026-01-08 11:01:00,523.07,523.14,523.07,523.14,0.01,25.38,13511.72,1
2026-01-08,2026-01-08 11:02:00,523.14,523.21,523.14,523.21,0.01,25.38,13511.72,1
2026-01-08,2026-01-08 11:03:00,523.21,523.28,523.21,523.28,0.01,25.38,13511.72,1
2026-01-08,2026-01-08 11:04:00,523.28,523.35,523.28,523.35,0.01,25.38,13511.72,1
2026-01-08,2026-01-08 11:05:00,523.35,523.42,523.35,523.42,0.01,25.38,13511.72,1
2026-01-08,2026-01-08 11:06:00,523.42,523.49,523.42,523.49,0.01,25.38,13511.72,1
2026-01-08,2026-01-08 11:07:00,523.49,523.56,523.49,523.56,0.01,25.38,13511.72,1
2026-01-08,2026-01-08 11:08:00,523.56,523.63,523.56,523.63,0.01,25.38,13511.72,1
2026-01-08,2026-01-08 11:09:00,523.63,523.7,523.63,523.7,0.01,25.38,13511.72,1
2026-01-08,2026-01-08 11:10:00,523.7,523.77,523.7,523.77,0.01,25.38,13511.72,1
2026-01-08,2026-01-08 11:11:00,523.77,523.84,523.77,523.84,0.01,25.38,13511.72,1
2026-01-08,2026-01-08 11:12:00,523.84,523.91,523.84,523.91,0.01,25.38,13511.72,1
2026-01-08,2026-01-08 11:13:00,523.91,523.98,523.91,523.98,0.01,25.38,13511.72,1
2026-01-08,2026-01-08 11:14:00,523.98,524.05,523.98,524.05,0.01,25.38,13511.72,1
2026-01-08,2026-01-08 11:15:00,524.05,524.12,524.05,524.12,0.01,25.38,13511.72,1
2026-01-08,2026-01-08 11:16:00,524.12,524.19,524.12,524.19,0.01,25.38,13511.72,1
2026-01-08,2026-01-08 11:17:00,524.19,524.26,524.19,524.26,0.01,25.38,13511.72,1
2026-01-08,2026-01-08 11:18:00,524.26,524.33,524.26,524.33,0.01,25.38,13511.72,1
2026-01-08,2026-01-08 11:19:00,524.33,524.4,524.33,524.4,0.01,25.38,13511.72,1
2026-01-08,2026-01-08 11:20:00,524.4,524.47,524.4,524.47,0.01,25.38,13511.72,1
2026-01-08,2026-01-08 11:21:00,524.47,524.54,524.47,524.54,0.01,25.38,13511.72,1
2026-01-08,2026-01-08 11:22:00,524.54,524.61,524.54,524.61,0.01,25.38,13511.72,1
2026-01-08,2026-01-08 11:23:00,524.61,524.68,524.61,524.68,0.01,25.38,13511.72,1
2026-01-08,2026-01-08 11:24:00,524.68,524.75,524.68,524.75,0.01,25.38,13511.72,1
2026-01-08,2026-01-08 11:25:00,524.75,524.82,524.75,524.82,0.01,25.38,13511.72,1
2026-01-08,2026-01-08 11:26:00,524.82,524.89,524.82,524.89,0.01,25.38,13511.72,1
2026-01-08,2026-01-08 11:27:00,524.89,524.96,524.89,524.96,0.01,25.38,13511.72,1
2026-01-08,2026-01-08 11:28:00,524.96,525.03,524.96,525.03,0.01,25.38,13511.72,1
2026-01-08,2026-01-08 11:29:00,525.03,525.1,525.03,525.1,0.01,25.38,13511.72,1
2026-01-08,2026-01-08 11:30:00,525.1,525.17,525.1,525.17,0.01,25.38,13511.72,1
2026-01-08,2026-01-08 11:31:00,525.17,525.24,525.17,525.24,0.01,25.38,13511.72,1
2026-01-08,2026-01-08 11:32:00,525.24,525.31,525.24,525.31,0.01,25.38,13511.72,1
2026-01-08,2026-01-08 11:33:00,525.31,525.38,525.31,525.38,0.01,25.38,13511.72,1
2026-01-08,2026-01-08 11:34:00,525.38,525.45,525.38,525.45,0.01,25.38,13511.72,1
2026-01-08,2026-01-08 11:35:00,525.45,525.52,525.45,525.52,0.01,25.38,13511.72,1
2026-01-08,2026-01-08 11:36:00,525.52,525.59,525.52,525.59,0.01,25.38,13511.72,1
2026-01-08,2026-01-08 11:37:00,525.59,525.66,525.59,525.66,0.01,25.38,13511.72,1
2026-01-08,2026-01-08 11:38:00,525.66,525.73,525.66,525.73,0.01,25.38,13511.72,1
2026-01-08,2026-01-08 11:39:00,525.73,525.8,525.73,525.8,0.01,25.38,13511.72,1
2026-01-08,2026-01-08 11:40:00,525.8,525.87,525.8,525.87,0.01,25.38,13511.72,1
2026-01-08,2026-01-08 11:41:00,525.87,525.94,525.87,525.94,0.01,25.38,13511.72,1
2026-01-08,2026-01-08 11:42:00,525.94,526.01,525.94,526.01,0.01,25.38,13511.72,1
2026-01-08,2026-01-08 11:43:00,526.01,526.08,526.01,526.08,0.01,25.38,13511.72,1
2026-01-08,2026-01-08 11:44:00,526.08,526.15,526.08,526.15,0.01,25.38,13511.72,1
2026-01-08,2026-01-08 11:45:00,526.15,526.22,526.15,526.22,0.01,25.38,13511.72,1
2026-01-08,2026-01-08 11:46:00,526.22,526.29,526.22,526.29,0.01,25.38,13511.72,1
2026-01-08,2026-01-08 11:47:00,526.29,526.36,526.29,526.36,0.01,25.38,13511.72,1
2026-01-08,2026-01-08 11:48:00,526.36,526.43,526.36,526.43,0.01,25.38,13511.72,1
2026-01-08,2026-01-08 11:49:00,526.43,526.5,526.43,526.5,0.01,25.38,13511.72,1
2026-01-08,2026-01-08 11:50:00,526.5,526.57,526.5,526.57,0.01,25.38,13511.72,1
2026-01-08,2026-01-08 11:51:00,526.57,526.64,526.57,526.64,0.01,25.38,13511.72,1
2026-01-08,2026-01-08 11:52:00,526.64,526.71,526.64,526.71,0.01,25.38,13511.72,1
2026-01-08,2026-01-08 11:53:00,526.71,526.78,526.71,526.78,0.01,25.38,13511.72,1
2026-01-08,2026-01-08 11:54:00,526.78,526.85,526.78,526.85,0.01,25.38,13511.72,1
2026-01-08,2026-01-08 11:55:00,526.85,526.92,526.85,526.92,0.01,25.38,13511.72,1
2026-01-08,2026-01-08 11:56:00,526.92,526.99,526.92,526.99,0.01,25.38,13511.72,1
2026-01-08,2026-01-08 11:57:00,526.99,527.06,526.99,527.06,0.01,25.38,13511.72,1
2026-01-08,2026-01-08 11:58:00,527.06,527.13,527.06,527.13,0.01,25.38,13511.72,1
2026-01-08,2026-01-08 11:59:00,527.13,527.2,527.13,527.2,0.01,25.38,13511.72,1
2026-01-08,2026-01-08 12:00:00,527.2,527.27,527.2,527.27,0.01,25.38,13511.72,1
2026-01-08,2026-01-08 12:01:00,527.27,527.34,527.27,527.34,0.01,25.38,13511.72,1
2026-01-08,2026-01-08 12:02:00,527.34,527.41,527.34,527.41,0.01,25.38,13511.72,1
2026-01-08,2026-01-08 12:03:00,527.41,527.48,527.41,527.48,0.01,25.38,13511.72,1
2026-01-08,2026-01-08 12:04:00,527.48,527.55,527.48,527.55,0.01,25.38,13511.72,1
2026-01-08,2026-01-08 12:05:00,527.55,527.62,527.55,527.62,0.01,25.38,13511.72,1
2026-01-08,2026-01-08 12:06:00,527.62,527.69,527.62,527.69,0.01,25.38,13511.72,1
2026-01-08,2026-01-08 12:07:00,527.69,527.76,527.69,527.76,0.01,25.38,13511.72,1
2026-01-08,2026-01-08 12:08:00,527.76,527.83,527.76,527.83,0.01,25.38,13511.72,1
2026-01-08,2026-01-08 12:09:00,527.83,527.9,527.83,527.9,0.01,25.38,13511.72,1
2026-01-08,2026-01-08 12:10:00,527.9,527.97,527.9,527.97,0.01,25.38,13511.72,1
2026-01-08,2026-01-08 12:11:00,527.97,528.04,527.97,528.04,0.01,25.38,13511.72,1
2026-01-08,2026-01-08 12:12:00,528.04,528.11,528.04,528.11,0.01,25.38,13511.72,1
2026-01-08,2026-01-08 12:13:00,528.11,528.18,528.11,528.18,0.01,25.38,13511.72,1
2026-01-08,2026-01-08 12:14:00,528.18,528.25,528.18,528.25,0.01,25.38,13511.72,1
2026-01-08,2026-01-08 12:15:00,528.25,528.32,528.25,528.32,0.01,25.38,13511.72,1
2026-01-08,2026-01-08 12:16:00,528.32,528.39,528.32,528.39,0.01,25.38,13511.72,1
2026-01-08,2026-01-08 12:17:00,528.39,528.46,528.39,528.46,0.01,25.38,13511.72,1
2026-01-08,2026-01-08 12:18:00,528.46,528.53,528.46,528.53,0.01,25.38,13511.72,1
2026-01-08,2026-01-08 12:19:00,528.53,528.6,528.53,528.6,0.01,25.38,13511.72,1
2026-01-08,2026-01-08 12:20:00,528.6,528.67,528.6,528.67,0.01,25.38,13511.72,1
2026-01-08,2026-01-08 12:21:00,528.67,528.74,528.67,528.74,0.01,25.38,13511.72,1
2026-01-08,2026-01-08 12:22:00,528.74,528.81,528.74,528.81,0.01,25.38,13511.72,1
2026-01-08,2026-01-08 12:23:00,528.81,528.88,528.81,528.88,0.01,25.38,13511.72,1
2026-01-08,2026-01-08 12:24:00,528.88,528.95,528.88,528.95,0.01,25.38,13511.72,1
2026-01-08,2026-01-08 12:25:00,528.95,529.02,528.95,529.02,0.01,25.38,13511.72,1
2026-01-08,2026-01-08 12:26:00,529.02,529.09,529.02,529.09,0.01,25.38,13511.72,1
2026-01-08,2026-01-08 12:27:00,529.09,529.16,529.09,529.16,0.01,25.38,13511.72,1
2026-01-08,2026-01-08 12:28:00,529.16,529.23,529.16,529.23,0.01,25.38,13511.72,1
2026-01-08,2026-01-08 12:29:00,529.23,529.3,529.23,529.3,0.01,25.38,13511.72,1
2026-01-08,2026-01-08 12:30:00,529.3,529.37,529.3,529.37,0.01,25.38,13511.72,1
2026-01-08,2026-01-08 12:31:00,529.37,529.44,529.37,529.44,0.01,25.38,13511.72,1
2026-01-08,2026-01-08 12:32:00,529.44,529.51,529.44,529.51,0.01,25.38,13511.72,1
2026-01-08,2026-01-08 12:33:00,529.51,529.58,529.51,529.58,0.01,25.38,13511.72,1
2026-01-08,2026-01-08 12:34:00,529.58,529.65,529.58,529.65,0.01,25.38,13511.72,1
2026-01-08,2026-01-08 12:35:00,529.65,529.72,529.65,529.72,0.01,25.38,13511.72,1
2026-01-08,2026-01-08 12:36:00,529.72,529.79,529.72,529.79,0.01,25.38,13511.72,1
2026-01-08,2026-01-08 12:37:00,529.79,529.86,529.79,529.86,0.01,25.38,13511.72,1
2026-01-08,2026-01-08 12:38:00,529.86,529.93,529.86,529.93,0.01,25.38,13511.72,1
2026-01-08,2026-01-08 12:39:00,529.93,530.0,529.93,530.0,0.01,25.38,13511.72,1
2026-01-08,2026-01-08 12:40:00,530.0,530.07,530.0,530.07,0.01,25.38,13511.72,1
2026-01-08,2026-01-08 12:41:00,530.07,530.14,530.07,530.14,0.01,25.38,13511.72,1
2026-01-08,2026-01-08 12:42:00,530.14,530.21,530.14,530.21,0.01,25.38,13511.72,1
2026-01-08,2026-01-08 12:43:00,530.21,530.28,530.21,530.28,0.01,25.38,13511.72,1
2026-01-08,2026-01-08 12:44:00,530.28,530.35,530.28,530.35,0.01,25.38,13511.72,1
2026-01-08,2026-01-08 12:45:00,530.35,530.42,530.35,530.42,0.01,25.38,13511.72,1
2026-01-08,2026-01-08 12:46:00,530.42,530.49,530.42,530.49,0.01,25.38,13511.72,1
2026-01-08,2026-01-08 12:47:00,530.49,530.56,530.49,530.56,0.01,25.38,13511.72,1
2026-01-08,2026-01-08 12:48:00,530.56,530.63,530.56,530.63,0.01,25.38,13511.72,1
2026-01-08,2026-01-08 12:49:00,530.63,530.7,530.63,530.7,0.01,25.38,13511.72,1
2026-01-08,2026-01-08 12:50:00,530.7,530.77,530.7,530.77,0.01,25.38,13511.72,1
2026-01-08,2026-01-08 12:51:00,530.77,530.84,530.77,530.84,0.01,25.38,13511.72,1
2026-01-08,2026-01-08 12:52:00,530.84,530.91,530.84,530.91,0.01,25.38,13511.72,1
2026-01-08,2026-01-08 12:53:00,530.91,530.98,530.91,530.98,0.01,25.38,13511.72,1
2026-01-08,2026-01-08 12:54:00,530.98,531.05,530.98,531.05,0.01,25.38,13511.72,1
2026-01-08,2026-01-08 12:55:00,531.05,531.12,531.05,531.12,0.01,25.38,13511.72,1
2026-01-08,2026-01-08 12:56:00,531.12,531.19,531.12,531.19,0.01,25.38,13511.72,1
2026-01-08,2026-01-08 12:57:00,531.19,531.26,531.19,531.26,0.01,25.38,13511.72,1
2026-01-08,2026-01-08 12:58:00,531.26,531.33,531.26,531.33,0.01,25.38,13511.72,1
2026-01-08,2026-01-08 12:59:00,531.33,531.4,531.33,531.4,0.01,25.38,13511.72,1
2026-01-08,2026-01-08 13:00:00,531.4,539.8,523.0,531.47,0.01,25.38,13511.72,1
2026-01-08,2026-01-08 13:01:00,531.47,531.54,531.47,531.54,0.01,25.38,13511.72,1
2026-01-08,2026-01-08 13:02:00,531.54,531.61,531.54,531.61,0.01,25.38,13511.72,1
2026-01-08,2026-01-08 13:03:00,531.61,531.68,531.61,531.68,0.01,25.38,13511.72,1
2026-01-08,2026-01-08 13:04:00,531.68,531.75,531.68,531.75,0.01,25.38,13511.72,1
2026-01-08,2026-01-08 13:05:00,531.75,531.82,531.75,531.82,0.01,25.38,13511.72,1
2026-01-08,2026-01-08 13:06:00,531.82,531.89,531.82,531.89,0.01,25.38,13511.72,1
2026-01-08,2026-01-08 13:07:00,531.89,531.96,531.89,531.96,0.01,25.38,13511.72,1
2026-01-08,2026-01-08 13:08:00,531.96,532.03,531.96,532.03,0.01,25.38,13511.72,1
2026-01-08,2026-01-08 13:09:00,532.03,532.1,532.03,532.1,0.01,25.38,13511.72,1
2026-01-08,2026-01-08 13:10:00,532.1,532.17,532.1,532.17,0.01,25.38,13511.72,1
2026-01-08,2026-01-08 13:11:00,532.17,532.24,532.17,532.24,0.01,25.38,13511.72,1
2026-01-08,2026-01-08 13:12:00,532.24,532.31,532.24,532.31,0.01,25.38,13511.72,1
2026-01-08,2026-01-08 13:13:00,532.31,532.38,532.31,532.38,0.01,25.38,13511.72,1
2026-01-08,2026-01-08 13:14:00,532.38,532.45,532.38,532.45,0.01,25.38,13511.72,1
2026-01-08,2026-01-08 13:15:00,532.45,532.52,532.45,532.52,0.01,25.38,13511.72,1
2026-01-08,2026-01-08 13:16:00,532.52,532.59,532.52,532.59,0.01,25.38,13511.72,1
2026-01-08,2026-01-08 13:17:00,532.59,532.66,532.59,532.66,0.01,25.38,13511.72,1
2026-01-08,2026-01-08 13:18:00,532.66,532.73,532.66,532.73,0.01,25.38,13511.72,1
2026-01-08,2026-01-08 13:19:00,532.73,532.8,532.73,532.8,0.01,25.38,13511.72,1
2026-01-08,2026-01-08 13:20:00,532.8,532.87,532.8,532.87,0.01,25.38,13511.72,1
2026-01-08,2026-01-08 13:21:00,532.87,532.94,532.87,532.94,0.01,25.38,13511.72,1
2026-01-08,2026-01-08 13:22:00,532.94,533.01,532.94,533.01,0.01,25.38,13511.72,1
2026-01-08,2026-01-08 13:23:00,533.01,533.08,533.01,533.08,0.01,25.38,13511.72,1
2026-01-08,2026-01-08 13:24:00,533.08,533.15,533.08,533.15,0.01,25.38,13511.72,1
2026-01-08,2026-01-08 13:25:00,533.15,533.22,533.15,533.22,0.01,25.38,13511.72,1
2026-01-08,2026-01-08 13:26:00,533.22,533.29,533.22,533.29,0.01,25.38,13511.72,1
2026-01-08,2026-01-08 13:27:00,533.29,533.36,533.29,533.36,0.01,25.38,13511.72,1
2026-01-08,2026-01-08 13:28:00,533.36,533.43,533.36,533.43,0.01,25.38,13511.72,1
2026-01-08,2026-01-08 13:29:00,533.43,533.5,533.43,533.5,0.01,25.38,13511.72,1
2026-01-08,2026-01-08 13:30:00,533.5,533.57,533.5,533.57,0.01,25.38,13511.72,1
2026-01-08,2026-01-08 13:31:00,533.57,533.64,533.57,533.64,0.01,25.38,13511.72,1
2026-01-08,2026-01-08 13:32:00,533.64,533.71,533.64,533.71,0.01,25.38,13511.72,1
2026-01-08,2026-01-08 13:33:00,533.71,533.78,533.71,533.78,0.01,25.38,13511.72,1
2026-01-08,2026-01-08 13:34:00,533.78,533.85,533.78,533.85,0.01,25.38,13511.72,1
2026-01-08,2026-01-08 13:35:00,533.85,533.92,533.85,533.92,0.01,25.38,13511.72,1
2026-01-08,2026-01-08 13:36:00,533.92,533.99,533.92,533.99,0.01,25.38,13511.72,1
2026-01-08,2026-01-08 13:37:00,533.99,534.06,533.99,534.06,0.01,25.38,13511.72,1
2026-01-08,2026-01-08 13:38:00,534.06,534.13,534.06,534.13,0.01,25.38,13511.72,1
2026-01-08,2026-01-08 13:39:00,534.13,534.2,534.13,534.2,0.01,25.38,13511.72,1
2026-01-08,2026-01-08 13:40:00,534.2,534.27,534.2,534.27,0.01,25.38,13511.72,1
2026-01-08,2026-01-08 13:41:00,534.27,534.34,534.27,534.34,0.01,25.38,13511.72,1
2026-01-08,2026-01-08 13:42:00,534.34,534.41,534.34,534.41,0.01,25.38,13511.72,1
2026-01-08,2026-01-08 13:43:00,534.41,534.48,534.41,534.48,0.01,25.38,13511.72,1
2026-01-08,2026-01-08 13:44:00,534.48,534.55,534.48,534.55,0.01,25.38,13511.72,1
2026-01-08,2026-01-08 13:45:00,534.55,534.62,534.55,534.62,0.01,25.38,13511.72,1
2026-01-08,2026-01-08 13:46:00,534.62,534.69,534.62,534.69,0.01,25.38,13511.72,1
2026-01-08,2026-01-08 13:47:00,534.69,534.76,534.69,534.76,0.01,25.38,13511.72,1
2026-01-08,2026-01-08 13:48:00,534.76,534.83,534.76,534.83,0.01,25.38,13511.72,1
2026-01-08,2026-01-08 13:49:00,534.83,534.9,534.83,534.9,0.01,25.38,13511.72,1
2026-01-08,2026-01-08 13:50:00,534.9,534.97,534.9,534.97,0.01,25.38,13511.72,1
2026-01-08,2026-01-08 13:51:00,534.97,535.04,534.97,535.04,0.01,25.38,13511.72,1
2026-01-08,2026-01-08 13:52:00,535.04,535.11,535.04,535.11,0.01,25.38,13511.72,1
2026-01-08,2026-01-08 13:53:00,535.11,535.18,535.11,535.18,0.01,25.38,13511.72,1
2026-01-08,2026-01-08 13:54:00,535.18,535.25,535.18,535.25,0.01,25.38,13511.72,1
2026-01-08,2026-01-08 13:55:00,535.25,535.32,535.25,535.32,0.01,25.38,13511.72,1
2026-01-08,2026-01-08 13:56:00,535.32,535.39,535.32,535.39,0.01,25.38,13511.72,1
2026-01-08,2026-01-08 13:57:00,535.39,535.46,535.39,535.46,0.01,25.38,13511.72,1
2026-01-08,2026-01-08 13:58:00,535.46,535.53,535.46,535.53,0.01,25.38,13511.72,1
2026-01-08,2026-01-08 13:59:00,535.53,535.6,535.53,535.6,0.01,25.38,13511.72,1
2026-01-08,2026-01-08 14:00:00,535.6,535.67,535.6,535.67,0.01,25.38,13511.72,1
2026-01-08,2026-01-08 14:01:00,535.67,535.74,535.67,535.74,0.01,25.38,13511.72,1
2026-01-08,2026-01-08 14:02:00,535.74,535.81,535.74,535.81,0.01,25.38,13511.72,1
2026-01-08,2026-01-08 14:03:00,535.81,535.88,535.81,535.88,0.01,25.38,13511.72,1
2026-01-08,2026-01-08 14:04:00,535.88,535.95,535.88,535.95,0.01,25.38,13511.72,1
2026-01-08,2026-01-08 14:05:00,535.95,536.02,535.95,536.02,0.01,25.38,13511.72,1
2026-01-08,2026-01-08 14:06:00,536.02,536.09,536.02,536.09,0.01,25.38,13511.72,1
2026-01-08,2026-01-08 14:07:00,536.09,536.16,536.09,536.16,0.01,25.38,13511.72,1
2026-01-08,2026-01-08 14:08:00,536.16,536.23,536.16,536.23,0.01,25.38,13511.72,1
2026-01-08,2026-01-08 14:09:00,536.23,536.3,536.23,536.3,0.01,25.38,13511.72,1
2026-01-08,2026-01-08 14:10:00,536.3,536.37,536.3,536.37,0.01,25.38,13511.72,1
2026-01-08,2026-01-08 14:11:00,536.37,536.44,536.37,536.44,0.01,25.38,13511.72,1
2026-01-08,2026-01-08 14:12:00,536.44,536.51,536.44,536.51,0.01,25.38,13511.72,1
2026-01-08,2026-01-08 14:13:00,536.51,536.58,536.51,536.58,0.01,25.38,13511.72,1
2026-01-08,2026-01-08 14:14:00,536.58,536.65,536.58,536.65,0.01,25.38,13511.72,1
2026-01-08,2026-01-08 14:15:00,536.65,536.72,536.65,536.72,0.01,25.38,13511.72,1
2026-01-08,2026-01-08 14:16:00,536.72,536.79,536.72,536.79,0.01,25.38,13511.72,1
2026-01-08,2026-01-08 14:17:00,536.79,536.86,536.79,536.86,0.01,25.38,13511.72,1
2026-01-08,2026-01-08 14:18:00,536.86,536.93,536.86,536.93,0.01,25.38,13511.72,1
2026-01-08,2026-01-08 14:19:00,536.93,537.0,536.93,537.0,0.01,25.38,13511.72,1
2026-01-08,2026-01-08 14:20:00,537.0,537.07,537.0,537.07,0.01,25.38,13511.72,1
2026-01-08,2026-01-08 14:21:00,537.07,537.14,537.07,537.14,0.01,25.38,13511.72,1
2026-01-08,2026-01-08 14:22:00,537.14,537.21,537.14,537.21,0.01,25.38,13511.72,1
2026-01-08,2026-01-08 14:23:00,537.21,537.28,537.21,537.28,0.01,25.38,13511.72,1
2026-01-08,2026-01-08 14:24:00,537.28,537.35,537.28,537.35,0.01,25.38,13511.72,1
2026-01-08,2026-01-08 14:25:00,537.35,537.42,537.35,537.42,0.01,25.38,13511.72,1
2026-01-08,2026-01-08 14:26:00,537.42,537.49,537.42,537.49,0.01,25.38,13511.72,1
2026-01-08,2026-01-08 14:27:00,537.49,537.56,537.49,537.56,0.01,25.38,13511.72,1
2026-01-08,2026-01-08 14:28:00,537.56,537.63,537.56,537.63,0.01,25.38,13511.72,1
2026-01-08,2026-01-08 14:29:00,537.63,537.7,537.63,537.7,0.01,25.38,13511.72,1
2026-01-08,2026-01-08 14:30:00,537.7,537.77,537.7,537.77,0.01,25.38,13511.72,1
2026-01-08,2026-01-08 14:31:00,537.77,537.84,537.77,537.84,0.01,25.38,13511.72,1
2026-01-08,2026-01-08 14:32:00,537.84,537.91,537.84,537.91,0.01,25.38,13511.72,1
2026-01-08,2026-01-08 14:33:00,537.91,537.98,537.91,537.98,0.01,25.38,13511.72,1
2026-01-08,2026-01-08 14:34:00,537.98,538.05,537.98,538.05,0.01,25.38,13511.72,1
2026-01-08,2026-01-08 14:35:00,538.05,538.12,538.05,538.12,0.01,25.38,13511.72,1
2026-01-08,2026-01-08 14:36:00,538.12,538.19,538.12,538.19,0.01,25.38,13511.72,1
2026-01-08,2026-01-08 14:37:00,538.19,538.26,538.19,538.26,0.01,25.38,13511.72,1
2026-01-08,2026-01-08 14:38:00,538.26,538.33,538.26,538.33,0.01,25.38,13511.72,1
2026-01-08,2026-01-08 14:39:00,538.33,538.4,538.33,538.4,0.01,25.38,13511.72,1
2026-01-08,2026-01-08 14:40:00,538.4,538.47,538.4,538.47,0.01,25.38,13511.72,1
2026-01-08,2026-01-08 14:41:00,538.47,538.54,538.47,538.54,0.01,25.38,13511.72,1
2026-01-08,2026-01-08 14:42:00,538.54,538.61,538.54,538.61,0.01,25.38,13511.72,1
2026-01-08,2026-01-08 14:43:00,538.61,538.68,538.61,538.68,0.01,25.38,13511.72,1
2026-01-08,2026-01-08 14:44:00,538.68,538.75,538.68,538.75,0.01,25.38,13511.72,1
2026-01-08,2026-01-08 14:45:00,538.75,538.82,538.75,538.82,0.01,25.38,13511.72,1
2026-01-08,2026-01-08 14:46:00,538.82,538.89,538.82,538.89,0.01,25.38,13511.72,1
2026-01-08,2026-01-08 14:47:00,538.89,538.96,538.89,538.96,0.01,25.38,13511.72,1
2026-01-08,2026-01-08 14:48:00,538.96,539.03,538.96,539.03,0.01,25.38,13511.72,1
2026-01-08,2026-01-08 14:49:00,539.03,539.1,539.03,539.1,0.01,25.38,13511.72,1
2026-01-08,2026-01-08 14:50:00,539.1,539.17,539.1,539.17,0.01,25.38,13511.72,1
2026-01-08,2026-01-08 14:51:00,539.17,539.24,539.17,539.24,0.01,25.38,13511.72,1
2026-01-08,2026-01-08 14:52:00,539.24,539.31,539.24,539.31,0.01,25.38,13511.72,1
2026-01-08,2026-01-08 14:53:00,539.31,539.38,539.31,539.38,0.01,25.38,13511.72,1
2026-01-08,2026-01-08 14:54:00,539.38,539.45,539.38,539.45,0.01,25.38,13511.72,1
2026-01-08,2026-01-08 14:55:00,539.45,539.52,539.45,539.52,0.01,25.38,13511.72,1
2026-01-08,2026-01-08 14:56:00,539.52,539.59,539.52,539.59,0.01,25.38,13511.72,1
2026-01-08,2026-01-08 14:57:00,539.59,539.66,539.59,539.66,0.01,25.38,13511.72,1
2026-01-08,2026-01-08 14:58:00,539.66,539.73,539.66,539.73,0.01,25.38,13511.72,1
2026-01-08,2026-01-08 14:59:00,539.73,539.8,539.73,539.8,0.01,25.38,13511.72,1
2026-01-08,2026-01-08 15:00:00,539.8,539.8,523.0,539.8,0.0,25.38,13511.72,0
2026-01-12,2026-01-12 11:00:00,547.0,547.0,541.9,546.96,-0.01,20.6,10995.5,-1
2026-01-12,2026-01-12 11:01:00,546.96,546.96,546.92,546.92,-0.01,20.6,10995.5,-1
2026-01-12,2026-01-12 11:02:00,546.92,546.92,546.88,546.88,-0.01,20.6,10995.5,-1
2026-01-12,2026-01-12 11:03:00,546.88,546.88,546.83,546.83,-0.01,20.6,10995.5,-1
2026-01-12,2026-01-12 11:04:00,546.83,546.83,546.79,546.79,-0.01,20.6,10995.5,-1
2026-01-12,2026-01-12 11:05:00,546.79,546.79,546.75,546.75,-0.01,20.6,10995.5,-1
2026-01-12,2026-01-12 11:06:00,546.75,546.75,546.71,546.71,-0.01,20.6,10995.5,-1
2026-01-12,2026-01-12 11:07:00,546.71,546.71,546.67,546.67,-0.01,20.6,10995.5,-1
2026-01-12,2026-01-12 11:08:00,546.67,546.67,546.62,546.62,-0.01,20.6,10995.5,-1
2026-01-12,2026-01-12 11:09:00,546.62,546.62,546.58,546.58,-0.01,20.6,10995.5,-1
2026-01-12,2026-01-12 11:10:00,546.58,546.58,546.54,546.54,-0.01,20.6,10995.5,-1
2026-01-12,2026-01-12 11:11:00,546.54,546.54,546.5,546.5,-0.01,20.6,10995.5,-1
2026-01-12,2026-01-12 11:12:00,546.5,546.5,546.46,546.46,-0.01,20.6,10995.5,-1
2026-01-12,2026-01-12 11:13:00,546.46,546.46,546.42,546.42,-0.01,20.6,10995.5,-1
2026-01-12,2026-01-12 11:14:00,546.42,546.42,546.38,546.38,-0.01,20.6,10995.5,-1
2026-01-12,2026-01-12 11:15:00,546.38,546.38,546.33,546.33,-0.01,20.6,10995.5,-1
2026-01-12,2026-01-12 11:16:00,546.33,546.33,546.29,546.29,-0.01,20.6,10995.5,-1
2026-01-12,2026-01-12 11:17:00,546.29,546.29,546.25,546.25,-0.01,20.6,10995.5,-1
2026-01-12,2026-01-12 11:18:00,546.25,546.25,546.21,546.21,-0.01,20.6,10995.5,-1
2026-01-12,2026-01-12 11:19:00,546.21,546.21,546.17,546.17,-0.01,20.6,10995.5,-1
2026-01-12,2026-01-12 11:20:00,546.17,546.17,546.12,546.12,-0.01,20.6,10995.5,-1
2026-01-12,2026-01-12 11:21:00,546.12,546.12,546.08,546.08,-0.01,20.6,10995.5,-1
2026-01-12,2026-01-12 11:22:00,546.08,546.08,546.04,546.04,-0.01,20.6,10995.5,-1
2026-01-12,2026-01-12 11:23:00,546.04,546.04,546.0,546.0,-0.01,20.6,10995.5,-1
2026-01-12,2026-01-12 11:24:00,546.0,546.0,545.96,545.96,-0.01,20.6,10995.5,-1
2026-01-12,2026-01-12 11:25:00,545.96,545.96,545.92,545.92,-0.01,20.6,10995.5,-1
2026-01-12,2026-01-12 11:26:00,545.92,545.92,545.88,545.88,-0.01,20.6,10995.5,-1
2026-01-12,2026-01-12 11:27:00,545.88,545.88,545.83,545.83,-0.01,20.6,10995.5,-1
2026-01-12,2026-01-12 11:28:00,545.83,545.83,545.79,545.79,-0.01,20.6,10995.5,-1
2026-01-12,2026-01-12 11:29:00,545.79,545.79,545.75,545.75,-0.01,20.6,10995.5,-1
2026-01-12,2026-01-12 11:30:00,545.75,545.75,545.71,545.71,-0.01,20.6,10995.5,-1
2026-01-12,2026-01-12 11:31:00,545.71,545.71,545.67,545.67,-0.01,20.6,10995.5,-1
2026-01-12,2026-01-12 11:32:00,545.67,545.67,545.62,545.62,-0.01,20.6,10995.5,-1
2026-01-12,2026-01-12 11:33:00,545.62,545.62,545.58,545.58,-0.01,20.6,10995.5,-1
2026-01-12,2026-01-12 11:34:00,545.58,545.58,545.54,545.54,-0.01,20.6,10995.5,-1
2026-01-12,2026-01-12 11:35:00,545.54,545.54,545.5,545.5,-0.01,20.6,10995.5,-1
2026-01-12,2026-01-12 11:36:00,545.5,545.5,545.46,545.46,-0.01,20.6,10995.5,-1
2026-01-12,2026-01-12 11:37:00,545.46,545.46,545.42,545.42,-0.01,20.6,10995.5,-1
2026-01-12,2026-01-12 11:38:00,545.42,545.42,545.38,545.38,-0.01,20.6,10995.5,-1
2026-01-12,2026-01-12 11:39:00,545.38,545.38,545.33,545.33,-0.01,20.6,10995.5,-1
2026-01-12,2026-01-12 11:40:00,545.33,545.33,545.29,545.29,-0.01,20.6,10995.5,-1
2026-01-12,2026-01-12 11:41:00,545.29,545.29,545.25,545.25,-0.01,20.6,10995.5,-1
2026-01-12,2026-01-12 11:42:00,545.25,545.25,545.21,545.21,-0.01,20.6,10995.5,-1
2026-01-12,2026-01-12 11:43:00,545.21,545.21,545.17,545.17,-0.01,20.6,10995.5,-1
2026-01-12,2026-01-12 11:44:00,545.17,545.17,545.12,545.12,-0.01,20.6,10995.5,-1
2026-01-12,2026-01-12 11:45:00,545.12,545.12,545.08,545.08,-0.01,20.6,10995.5,-1
2026-01-12,2026-01-12 11:46:00,545.08,545.08,545.04,545.04,-0.01,20.6,10995.5,-1
2026-01-12,2026-01-12 11:47:00,545.04,545.04,545.0,545.0,-0.01,20.6,10995.5,-1
2026-01-12,2026-01-12 11:48:00,545.0,545.0,544.96,544.96,-0.01,20.6,10995.5,-1
2026-01-12,2026-01-12 11:49:00,544.96,544.96,544.92,544.92,-0.01,20.6,10995.5,-1
2026-01-12,2026-01-12 11:50:00,544.92,544.92,544.88,544.88,-0.01,20.6,10995.5,-1
2026-01-12,2026-01-12 11:51:00,544.88,544.88,544.83,544.83,-0.01,20.6,10995.5,-1
2026-01-12,2026-01-12 11:52:00,544.83,544.83,544.79,544.79,-0.01,20.6,10995.5,-1
2026-01-12,2026-01-12 11:53:00,544.79,544.79,544.75,544.75,-0.01,20.6,10995.5,-1
2026-01-12,2026-01-12 11:54:00,544.75,544.75,544.71,544.71,-0.01,20.6,10995.5,-1
2026-01-12,2026-01-12 11:55:00,544.71,544.71,544.67,544.67,-0.01,20.6,10995.5,-1
2026-01-12,2026-01-12 11:56:00,544.67,544.67,544.62,544.62,-0.01,20.6,10995.5,-1
2026-01-12,2026-01-12 11:57:00,544.62,544.62,544.58,544.58,-0.01,20.6,10995.5,-1
2026-01-12,2026-01-12 11:58:00,544.58,544.58,544.54,544.54,-0.01,20.6,10995.5,-1
2026-01-12,2026-01-12 11:59:00,544.54,544.54,544.5,544.5,-0.01,20.6,10995.5,-1
2026-01-12,2026-01-12 12:00:00,544.5,544.5,544.46,544.46,-0.01,20.6,10995.5,-1
2026-01-12,2026-01-12 12:01:00,544.46,544.46,544.42,544.42,-0.01,20.6,10995.5,-1
2026-01-12,2026-01-12 12:02:00,544.42,544.42,544.38,544.38,-0.01,20.6,10995.5,-1
2026-01-12,2026-01-12 12:03:00,544.38,544.38,544.33,544.33,-0.01,20.6,10995.5,-1
2026-01-12,2026-01-12 12:04:00,544.33,544.33,544.29,544.29,-0.01,20.6,10995.5,-1
2026-01-12,2026-01-12 12:05:00,544.29,544.29,544.25,544.25,-0.01,20.6,10995.5,-1
2026-01-12,2026-01-12 12:06:00,544.25,544.25,544.21,544.21,-0.01,20.6,10995.5,-1
2026-01-12,2026-01-12 12:07:00,544.21,544.21,544.17,544.17,-0.01,20.6,10995.5,-1
2026-01-12,2026-01-12 12:08:00,544.17,544.17,544.12,544.12,-0.01,20.6,10995.5,-1
2026-01-12,2026-01-12 12:09:00,544.12,544.12,544.08,544.08,-0.01,20.6,10995.5,-1
2026-01-12,2026-01-12 12:10:00,544.08,544.08,544.04,544.04,-0.01,20.6,10995.5,-1
2026-01-12,2026-01-12 12:11:00,544.04,544.04,544.0,544.0,-0.01,20.6,10995.5,-1
2026-01-12,2026-01-12 12:12:00,544.0,544.0,543.96,543.96,-0.01,20.6,10995.5,-1
2026-01-12,2026-01-12 12:13:00,543.96,543.96,543.92,543.92,-0.01,20.6,10995.5,-1
2026-01-12,2026-01-12 12:14:00,543.92,543.92,543.88,543.88,-0.01,20.6,10995.5,-1
2026-01-12,2026-01-12 12:15:00,543.88,543.88,543.83,543.83,-0.01,20.6,10995.5,-1
2026-01-12,2026-01-12 12:16:00,543.83,543.83,543.79,543.79,-0.01,20.6,10995.5,-1
2026-01-12,2026-01-12 12:17:00,543.79,543.79,543.75,543.75,-0.01,20.6,10995.5,-1
2026-01-12,2026-01-12 12:18:00,543.75,543.75,543.71,543.71,-0.01,20.6,10995.5,-1
2026-01-12,2026-01-12 12:19:00,543.71,543.71,543.67,543.67,-0.01,20.6,10995.5,-1
2026-01-12,2026-01-12 12:20:00,543.67,543.67,543.62,543.62,-0.01,20.6,10995.5,-1
2026-01-12,2026-01-12 12:21:00,543.62,543.62,543.58,543.58,-0.01,20.6,10995.5,-1
2026-01-12,2026-01-12 12:22:00,543.58,543.58,543.54,543.54,-0.01,20.6,10995.5,-1
2026-01-12,2026-01-12 12:23:00,543.54,543.54,543.5,543.5,-0.01,20.6,10995.5,-1
2026-01-12,2026-01-12 12:24:00,543.5,543.5,543.46,543.46,-0.01,20.6,10995.5,-1
2026-01-12,2026-01-12 12:25:00,543.46,543.46,543.42,543.42,-0.01,20.6,10995.5,-1
2026-01-12,2026-01-12 12:26:00,543.42,543.42,543.38,543.38,-0.01,20.6,10995.5,-1
2026-01-12,2026-01-12 12:27:00,543.38,543.38,543.33,543.33,-0.01,20.6,10995.5,-1
2026-01-12,2026-01-12 12:28:00,543.33,543.33,543.29,543.29,-0.01,20.6,10995.5,-1
2026-01-12,2026-01-12 12:29:00,543.29,543.29,543.25,543.25,-0.01,20.6,10995.5,-1
2026-01-12,2026-01-12 12:30:00,543.25,543.25,543.21,543.21,-0.01,20.6,10995.5,-1
2026-01-12,2026-01-12 12:31:00,543.21,543.21,543.17,543.17,-0.01,20.6,10995.5,-1
2026-01-12,2026-01-12 12:32:00,543.17,543.17,543.12,543.12,-0.01,20.6,10995.5,-1
2026-01-12,2026-01-12 12:33:00,543.12,543.12,543.08,543.08,-0.01,20.6,10995.5,-1
2026-01-12,2026-01-12 12:34:00,543.08,543.08,543.04,543.04,-0.01,20.6,10995.5,-1
2026-01-12,2026-01-12 12:35:00,543.04,543.04,543.0,543.0,-0.01,20.6,10995.5,-1
2026-01-12,2026-01-12 12:36:00,543.0,543.0,542.96,542.96,-0.01,20.6,10995.5,-1
2026-01-12,2026-01-12 12:37:00,542.96,542.96,542.92,542.92,-0.01,20.6,10995.5,-1
2026-01-12,2026-01-12 12:38:00,542.92,542.92,542.88,542.88,-0.01,20.6,10995.5,-1
2026-01-12,2026-01-12 12:39:00,542.88,542.88,542.83,542.83,-0.01,20.6,10995.5,-1
2026-01-12,2026-01-12 12:40:00,542.83,542.83,542.79,542.79,-0.01,20.6,10995.5,-1
2026-01-12,2026-01-12 12:41:00,542.79,542.79,542.75,542.75,-0.01,20.6,10995.5,-1
2026-01-12,2026-01-12 12:42:00,542.75,542.75,542.71,542.71,-0.01,20.6,10995.5,-1
2026-01-12,2026-01-12 12:43:00,542.71,542.71,542.67,542.67,-0.01,20.6,10995.5,-1
2026-01-12,2026-01-12 12:44:00,542.67,542.67,542.62,542.62,-0.01,20.6,10995.5,-1
2026-01-12,2026-01-12 12:45:00,542.62,542.62,542.58,542.58,-0.01,20.6,10995.5,-1
2026-01-12,2026-01-12 12:46:00,542.58,542.58,542.54,542.54,-0.01,20.6,10995.5,-1
2026-01-12,2026-01-12 12:47:00,542.54,542.54,542.5,542.5,-0.01,20.6,10995.5,-1
2026-01-12,2026-01-12 12:48:00,542.5,542.5,542.46,542.46,-0.01,20.6,10995.5,-1
2026-01-12,2026-01-12 12:49:00,542.46,542.46,542.42,542.42,-0.01,20.6,10995.5,-1
2026-01-12,2026-01-12 12:50:00,542.42,542.42,542.38,542.38,-0.01,20.6,10995.5,-1
2026-01-12,2026-01-12 12:51:00,542.38,542.38,542.33,542.33,-0.01,20.6,10995.5,-1
2026-01-12,2026-01-12 12:52:00,542.33,542.33,542.29,542.29,-0.01,20.6,10995.5,-1
2026-01-12,2026-01-12 12:53:00,542.29,542.29,542.25,542.25,-0.01,20.6,10995.5,-1
2026-01-12,2026-01-12 12:54:00,542.25,542.25,542.21,542.21,-0.01,20.6,10995.5,-1
2026-01-12,2026-01-12 12:55:00,542.21,542.21,542.17,542.17,-0.01,20.6,10995.5,-1
2026-01-12,2026-01-12 12:56:00,542.17,542.17,542.12,542.12,-0.01,20.6,10995.5,-1
2026-01-12,2026-01-12 12:57:00,542.12,542.12,542.08,542.08,-0.01,20.6,10995.5,-1
2026-01-12,2026-01-12 12:58:00,542.08,542.08,542.04,542.04,-0.01,20.6,10995.5,-1
2026-01-12,2026-01-12 12:59:00,542.04,542.04,542.0,542.0,-0.01,20.6,10995.5,-1
2026-01-12,2026-01-12 13:00:00,542.0,547.0,530.0,541.96,-0.01,20.6,10995.5,-1
2026-01-12,2026-01-12 13:01:00,541.96,541.96,541.92,541.92,-0.01,20.6,10995.5,-1
2026-01-12,2026-01-12 13:02:00,541.92,541.92,541.88,541.88,-0.01,20.6,10995.5,-1
2026-01-12,2026-01-12 13:03:00,541.88,541.88,541.83,541.83,-0.01,20.6,10995.5,-1
2026-01-12,2026-01-12 13:04:00,541.83,541.83,541.79,541.79,-0.01,20.6,10995.5,-1
2026-01-12,2026-01-12 13:05:00,541.79,541.79,541.75,541.75,-0.01,20.6,10995.5,-1
2026-01-12,2026-01-12 13:06:00,541.75,541.75,541.71,541.71,-0.01,20.6,10995.5,-1
2026-01-12,2026-01-12 13:07:00,541.71,541.71,541.67,541.67,-0.01,20.6,10995.5,-1
2026-01-12,2026-01-12 13:08:00,541.67,541.67,541.62,541.62,-0.01,20.6,10995.5,-1
2026-01-12,2026-01-12 13:09:00,541.62,541.62,541.58,541.58,-0.01,20.6,10995.5,-1
2026-01-12,2026-01-12 13:10:00,541.58,541.58,541.54,541.54,-0.01,20.6,10995.5,-1
2026-01-12,2026-01-12 13:11:00,541.54,541.54,541.5,541.5,-0.01,20.6,10995.5,-1
2026-01-12,2026-01-12 13:12:00,541.5,541.5,541.46,541.46,-0.01,20.6,10995.5,-1
2026-01-12,2026-01-12 13:13:00,541.46,541.46,541.42,541.42,-0.01,20.6,10995.5,-1
2026-01-12,2026-01-12 13:14:00,541.42,541.42,541.38,541.38,-0.01,20.6,10995.5,-1
2026-01-12,2026-01-12 13:15:00,541.38,541.38,541.33,541.33,-0.01,20.6,10995.5,-1
2026-01-12,2026-01-12 13:16:00,541.33,541.33,541.29,541.29,-0.01,20.6,10995.5,-1
2026-01-12,2026-01-12 13:17:00,541.29,541.29,541.25,541.25,-0.01,20.6,10995.5,-1
2026-01-12,2026-01-12 13:18:00,541.25,541.25,541.21,541.21,-0.01,20.6,10995.5,-1
2026-01-12,2026-01-12 13:19:00,541.21,541.21,541.17,541.17,-0.01,20.6,10995.5,-1
2026-01-12,2026-01-12 13:20:00,541.17,541.17,541.12,541.12,-0.01,20.6,10995.5,-1
2026-01-12,2026-01-12 13:21:00,541.12,541.12,541.08,541.08,-0.01,20.6,10995.5,-1
2026-01-12,2026-01-12 13:22:00,541.08,541.08,541.04,541.04,-0.01,20.6,10995.5,-1
2026-01-12,2026-01-12 13:23:00,541.04,541.04,541.0,541.0,-0.01,20.6,10995.5,-1
2026-01-12,2026-01-12 13:24:00,541.0,541.0,540.96,540.96,-0.01,20.6,10995.5,-1
2026-01-12,2026-01-12 13:25:00,540.96,540.96,540.92,540.92,-0.01,20.6,10995.5,-1
2026-01-12,2026-01-12 13:26:00,540.92,540.92,540.88,540.88,-0.01,20.6,10995.5,-1
2026-01-12,2026-01-12 13:27:00,540.88,540.88,540.83,540.83,-0.01,20.6,10995.5,-1
2026-01-12,2026-01-12 13:28:00,540.83,540.83,540.79,540.79,-0.01,20.6,10995.5,-1
2026-01-12,2026-01-12 13:29:00,540.79,540.79,540.75,540.75,-0.01,20.6,10995.5,-1
2026-01-12,2026-01-12 13:30:00,540.75,540.75,540.71,540.71,-0.01,20.6,10995.5,-1
2026-01-12,2026-01-12 13:31:00,540.71,540.71,540.67,540.67,-0.01,20.6,10995.5,-1
2026-01-12,2026-01-12 13:32:00,540.67,540.67,540.62,540.62,-0.01,20.6,10995.5,-1
2026-01-12,2026-01-12 13:33:00,540.62,540.62,540.58,540.58,-0.01,20.6,10995.5,-1
2026-01-12,2026-01-12 13:34:00,540.58,540.58,540.54,540.54,-0.01,20.6,10995.5,-1
2026-01-12,2026-01-12 13:35:00,540.54,540.54,540.5,540.5,-0.01,20.6,10995.5,-1
2026-01-12,2026-01-12 13:36:00,540.5,540.5,540.46,540.46,-0.01,20.6,10995.5,-1
2026-01-12,2026-01-12 13:37:00,540.46,540.46,540.42,540.42,-0.01,20.6,10995.5,-1
2026-01-12,2026-01-12 13:38:00,540.42,540.42,540.38,540.38,-0.01,20.6,10995.5,-1
2026-01-12,2026-01-12 13:39:00,540.38,540.38,540.33,540.33,-0.01,20.6,10995.5,-1
2026-01-12,2026-01-12 13:40:00,540.33,540.33,540.29,540.29,-0.01,20.6,10995.5,-1
2026-01-12,2026-01-12 13:41:00,540.29,540.29,540.25,540.25,-0.01,20.6,10995.5,-1
2026-01-12,2026-01-12 13:42:00,540.25,540.25,540.21,540.21,-0.01,20.6,10995.5,-1
2026-01-12,2026-01-12 13:43:00,540.21,540.21,540.17,540.17,-0.01,20.6,10995.5,-1
2026-01-12,2026-01-12 13:44:00,540.17,540.17,540.12,540.12,-0.01,20.6,10995.5,-1
2026-01-12,2026-01-12 13:45:00,540.12,540.12,540.08,540.08,-0.01,20.6,10995.5,-1
2026-01-12,2026-01-12 13:46:00,540.08,540.08,540.04,540.04,-0.01,20.6,10995.5,-1
2026-01-12,2026-01-12 13:47:00,540.04,540.04,540.0,540.0,-0.01,20.6,10995.5,-1
2026-01-12,2026-01-12 13:48:00,540.0,540.0,539.96,539.96,-0.01,20.6,10995.5,-1
2026-01-12,2026-01-12 13:49:00,539.96,539.96,539.92,539.92,-0.01,20.6,10995.5,-1
2026-01-12,2026-01-12 13:50:00,539.92,539.92,539.88,539.88,-0.01,20.6,10995.5,-1
2026-01-12,2026-01-12 13:51:00,539.88,539.88,539.83,539.83,-0.01,20.6,10995.5,-1
2026-01-12,2026-01-12 13:52:00,539.83,539.83,539.79,539.79,-0.01,20.6,10995.5,-1
2026-01-12,2026-01-12 13:53:00,539.79,539.79,539.75,539.75,-0.01,20.6,10995.5,-1
2026-01-12,2026-01-12 13:54:00,539.75,539.75,539.71,539.71,-0.01,20.6,10995.5,-1
2026-01-12,2026-01-12 13:55:00,539.71,539.71,539.67,539.67,-0.01,20.6,10995.5,-1
2026-01-12,2026-01-12 13:56:00,539.67,539.67,539.62,539.62,-0.01,20.6,10995.5,-1
2026-01-12,2026-01-12 13:57:00,539.62,539.62,539.58,539.58,-0.01,20.6,10995.5,-1
2026-01-12,2026-01-12 13:58:00,539.58,539.58,539.54,539.54,-0.01,20.6,10995.5,-1
2026-01-12,2026-01-12 13:59:00,539.54,539.54,539.5,539.5,-0.01,20.6,10995.5,-1
2026-01-12,2026-01-12 14:00:00,539.5,539.5,539.46,539.46,-0.01,20.6,10995.5,-1
2026-01-12,2026-01-12 14:01:00,539.46,539.46,539.42,539.42,-0.01,20.6,10995.5,-1
2026-01-12,2026-01-12 14:02:00,539.42,539.42,539.38,539.38,-0.01,20.6,10995.5,-1
2026-01-12,2026-01-12 14:03:00,539.38,539.38,539.33,539.33,-0.01,20.6,10995.5,-1
2026-01-12,2026-01-12 14:04:00,539.33,539.33,539.29,539.29,-0.01,20.6,10995.5,-1
2026-01-12,2026-01-12 14:05:00,539.29,539.29,539.25,539.25,-0.01,20.6,10995.5,-1
2026-01-12,2026-01-12 14:06:00,539.25,539.25,539.21,539.21,-0.01,20.6,10995.5,-1
2026-01-12,2026-01-12 14:07:00,539.21,539.21,539.17,539.17,-0.01,20.6,10995.5,-1
2026-01-12,2026-01-12 14:08:00,539.17,539.17,539.12,539.12,-0.01,20.6,10995.5,-1
2026-01-12,2026-01-12 14:09:00,539.12,539.12,539.08,539.08,-0.01,20.6,10995.5,-1
2026-01-12,2026-01-12 14:10:00,539.08,539.08,539.04,539.04,-0.01,20.6,10995.5,-1
2026-01-12,2026-01-12 14:11:00,539.04,539.04,539.0,539.0,-0.01,20.6,10995.5,-1
2026-01-12,2026-01-12 14:12:00,539.0,539.0,538.96,538.96,-0.01,20.6,10995.5,-1
2026-01-12,2026-01-12 14:13:00,538.96,538.96,538.92,538.92,-0.01,20.6,10995.5,-1
2026-01-12,2026-01-12 14:14:00,538.92,538.92,538.88,538.88,-0.01,20.6,10995.5,-1
2026-01-12,2026-01-12 14:15:00,538.88,538.88,538.83,538.83,-0.01,20.6,10995.5,-1
2026-01-12,2026-01-12 14:16:00,538.83,538.83,538.79,538.79,-0.01,20.6,10995.5,-1
2026-01-12,2026-01-12 14:17:00,538.79,538.79,538.75,538.75,-0.01,20.6,10995.5,-1
2026-01-12,2026-01-12 14:18:00,538.75,538.75,538.71,538.71,-0.01,20.6,10995.5,-1
2026-01-12,2026-01-12 14:19:00,538.71,538.71,538.67,538.67,-0.01,20.6,10995.5,-1
2026-01-12,2026-01-12 14:20:00,538.67,538.67,538.62,538.62,-0.01,20.6,10995.5,-1
2026-01-12,2026-01-12 14:21:00,538.62,538.62,538.58,538.58,-0.01,20.6,10995.5,-1
2026-01-12,2026-01-12 14:22:00,538.58,538.58,538.54,538.54,-0.01,20.6,10995.5,-1
2026-01-12,2026-01-12 14:23:00,538.54,538.54,538.5,538.5,-0.01,20.6,10995.5,-1
2026-01-12,2026-01-12 14:24:00,538.5,538.5,538.46,538.46,-0.01,20.6,10995.5,-1
2026-01-12,2026-01-12 14:25:00,538.46,538.46,538.42,538.42,-0.01,20.6,10995.5,-1
2026-01-12,2026-01-12 14:26:00,538.42,538.42,538.38,538.38,-0.01,20.6,10995.5,-1
2026-01-12,2026-01-12 14:27:00,538.38,538.38,538.33,538.33,-0.01,20.6,10995.5,-1
2026-01-12,2026-01-12 14:28:00,538.33,538.33,538.29,538.29,-0.01,20.6,10995.5,-1
2026-01-12,2026-01-12 14:29:00,538.29,538.29,538.25,538.25,-0.01,20.6,10995.5,-1
2026-01-12,2026-01-12 14:30:00,538.25,538.25,538.21,538.21,-0.01,20.6,10995.5,-1
2026-01-12,2026-01-12 14:31:00,538.21,538.21,538.17,538.17,-0.01,20.6,10995.5,-1
2026-01-12,2026-01-12 14:32:00,538.17,538.17,538.12,538.12,-0.01,20.6,10995.5,-1
2026-01-12,2026-01-12 14:33:00,538.12,538.12,538.08,538.08,-0.01,20.6,10995.5,-1
2026-01-12,2026-01-12 14:34:00,538.08,538.08,538.04,538.04,-0.01,20.6,10995.5,-1
2026-01-12,2026-01-12 14:35:00,538.04,538.04,538.0,538.0,-0.01,20.6,10995.5,-1
2026-01-12,2026-01-12 14:36:00,538.0,538.0,537.96,537.96,-0.01,20.6,10995.5,-1
2026-01-12,2026-01-12 14:37:00,537.96,537.96,537.92,537.92,-0.01,20.6,10995.5,-1
2026-01-12,2026-01-12 14:38:00,537.92,537.92,537.88,537.88,-0.01,20.6,10995.5,-1
2026-01-12,2026-01-12 14:39:00,537.88,537.88,537.83,537.83,-0.01,20.6,10995.5,-1
2026-01-12,2026-01-12 14:40:00,537.83,537.83,537.79,537.79,-0.01,20.6,10995.5,-1
2026-01-12,2026-01-12 14:41:00,537.79,537.79,537.75,537.75,-0.01,20.6,10995.5,-1
2026-01-12,2026-01-12 14:42:00,537.75,537.75,537.71,537.71,-0.01,20.6,10995.5,-1
2026-01-12,2026-01-12 14:43:00,537.71,537.71,537.67,537.67,-0.01,20.6,10995.5,-1
2026-01-12,2026-01-12 14:44:00,537.67,537.67,537.62,537.62,-0.01,20.6,10995.5,-1
2026-01-12,2026-01-12 14:45:00,537.62,537.62,537.58,537.58,-0.01,20.6,10995.5,-1
2026-01-12,2026-01-12 14:46:00,537.58,537.58,537.54,537.54,-0.01,20.6,10995.5,-1
2026-01-12,2026-01-12 14:47:00,537.54,537.54,537.5,537.5,-0.01,20.6,10995.5,-1
2026-01-12,2026-01-12 14:48:00,537.5,537.5,537.46,537.46,-0.01,20.6,10995.5,-1
2026-01-12,2026-01-12 14:49:00,537.46,537.46,537.42,537.42,-0.01,20.6,10995.5,-1
2026-01-12,2026-01-12 14:50:00,537.42,537.42,537.38,537.38,-0.01,20.6,10995.5,-1
2026-01-12,2026-01-12 14:51:00,537.38,537.38,537.33,537.33,-0.01,20.6,10995.5,-1
2026-01-12,2026-01-12 14:52:00,537.33,537.33,537.29,537.29,-0.01,20.6,10995.5,-1
2026-01-12,2026-01-12 14:53:00,537.29,537.29,537.25,537.25,-0.01,20.6,10995.5,-1
2026-01-12,2026-01-12 14:54:00,537.25,537.25,537.21,537.21,-0.01,20.6,10995.5,-1
2026-01-12,2026-01-12 14:55:00,537.21,537.21,537.17,537.17,-0.01,20.6,10995.5,-1
2026-01-12,2026-01-12 14:56:00,537.17,537.17,537.12,537.12,-0.01,20.6,10995.5,-1
2026-01-12,2026-01-12 14:57:00,537.12,537.12,537.08,537.08,-0.01,20.6,10995.5,-1
2026-01-12,2026-01-12 14:58:00,537.08,537.08,537.04,537.04,-0.01,20.6,10995.5,-1
2026-01-12,2026-01-12 14:59:00,537.04,537.04,537.0,537.0,-0.01,20.6,10995.5,-1
2026-01-12,2026-01-12 15:00:00,537.0,547.0,530.0,537.0,0.0,20.6,10995.5,0
2026-01-13,2026-01-13 11:00:00,527.0,530.0,523.1,527.01,0.0,277.41,144612.91,1
2026-01-13,2026-01-13 11:01:00,527.01,527.02,527.01,527.02,0.0,277.41,144612.91,1
2026-01-13,2026-01-13 11:02:00,527.02,527.04,527.02,527.04,0.0,277.41,144612.91,1
2026-01-13,2026-01-13 11:03:00,527.04,527.05,527.04,527.05,0.0,277.41,144612.91,1
2026-01-13,2026-01-13 11:04:00,527.05,527.06,527.05,527.06,0.0,277.41,144612.91,1
2026-01-13,2026-01-13 11:05:00,527.06,527.08,527.06,527.08,0.0,277.41,144612.91,1
2026-01-13,2026-01-13 11:06:00,527.08,527.09,527.08,527.09,0.0,277.41,144612.91,1
2026-01-13,2026-01-13 11:07:00,527.09,527.1,527.09,527.1,0.0,277.41,144612.91,1
2026-01-13,2026-01-13 11:08:00,527.1,527.11,527.1,527.11,0.0,277.41,144612.91,1
2026-01-13,2026-01-13 11:09:00,527.11,527.12,527.11,527.12,0.0,277.41,144612.91,1
2026-01-13,2026-01-13 11:10:00,527.12,527.14,527.12,527.14,0.0,277.41,144612.91,1
2026-01-13,2026-01-13 11:11:00,527.14,527.15,527.14,527.15,0.0,277.41,144612.91,1
2026-01-13,2026-01-13 11:12:00,527.15,527.16,527.15,527.16,0.0,277.41,144612.91,1
2026-01-13,2026-01-13 11:13:00,527.16,527.17,527.16,527.17,0.0,277.41,144612.91,1
2026-01-13,2026-01-13 11:14:00,527.17,527.19,527.17,527.19,0.0,277.41,144612.91,1
2026-01-13,2026-01-13 11:15:00,527.19,527.2,527.19,527.2,0.0,277.41,144612.91,1
2026-01-13,2026-01-13 11:16:00,527.2,527.21,527.2,527.21,0.0,277.41,144612.91,1
2026-01-13,2026-01-13 11:17:00,527.21,527.23,527.21,527.23,0.0,277.41,144612.91,1
2026-01-13,2026-01-13 11:18:00,527.23,527.24,527.23,527.24,0.0,277.41,144612.91,1
2026-01-13,2026-01-13 11:19:00,527.24,527.25,527.24,527.25,0.0,277.41,144612.91,1
2026-01-13,2026-01-13 11:20:00,527.25,527.26,527.25,527.26,0.0,277.41,144612.91,1
2026-01-13,2026-01-13 11:21:00,527.26,527.27,527.26,527.27,0.0,277.41,144612.91,1
2026-01-13,2026-01-13 11:22:00,527.27,527.29,527.27,527.29,0.0,277.41,144612.91,1
2026-01-13,2026-01-13 11:23:00,527.29,527.3,527.29,527.3,0.0,277.41,144612.91,1
2026-01-13,2026-01-13 11:24:00,527.3,527.31,527.3,527.31,0.0,277.41,144612.91,1
2026-01-13,2026-01-13 11:25:00,527.31,527.33,527.31,527.33,0.0,277.41,144612.91,1
2026-01-13,2026-01-13 11:26:00,527.33,527.34,527.33,527.34,0.0,277.41,144612.91,1
2026-01-13,2026-01-13 11:27:00,527.34,527.35,527.34,527.35,0.0,277.41,144612.91,1
2026-01-13,2026-01-13 11:28:00,527.35,527.36,527.35,527.36,0.0,277.41,144612.91,1
2026-01-13,2026-01-13 11:29:00,527.36,527.38,527.36,527.38,0.0,277.41,144612.91,1
2026-01-13,2026-01-13 11:30:00,527.38,527.39,527.38,527.39,0.0,277.41,144612.91,1
2026-01-13,2026-01-13 11:31:00,527.39,527.4,527.39,527.4,0.0,277.41,144612.91,1
2026-01-13,2026-01-13 11:32:00,527.4,527.41,527.4,527.41,0.0,277.41,144612.91,1
2026-01-13,2026-01-13 11:33:00,527.41,527.42,527.41,527.42,0.0,277.41,144612.91,1
2026-01-13,2026-01-13 11:34:00,527.42,527.44,527.42,527.44,0.0,277.41,144612.91,1
2026-01-13,2026-01-13 11:35:00,527.44,527.45,527.44,527.45,0.0,277.41,144612.91,1
2026-01-13,2026-01-13 11:36:00,527.45,527.46,527.45,527.46,0.0,277.41,144612.91,1
2026-01-13,2026-01-13 11:37:00,527.46,527.48,527.46,527.48,0.0,277.41,144612.91,1
2026-01-13,2026-01-13 11:38:00,527.48,527.49,527.48,527.49,0.0,277.41,144612.91,1
2026-01-13,2026-01-13 11:39:00,527.49,527.5,527.49,527.5,0.0,277.41,144612.91,1
2026-01-13,2026-01-13 11:40:00,527.5,527.51,527.5,527.51,0.0,277.41,144612.91,1
2026-01-13,2026-01-13 11:41:00,527.51,527.52,527.51,527.52,0.0,277.41,144612.91,1
2026-01-13,2026-01-13 11:42:00,527.52,527.54,527.52,527.54,0.0,277.41,144612.91,1
2026-01-13,2026-01-13 11:43:00,527.54,527.55,527.54,527.55,0.0,277.41,144612.91,1
2026-01-13,2026-01-13 11:44:00,527.55,527.56,527.55,527.56,0.0,277.41,144612.91,1
2026-01-13,2026-01-13 11:45:00,527.56,527.58,527.56,527.58,0.0,277.41,144612.91,1
2026-01-13,2026-01-13 11:46:00,527.58,527.59,527.58,527.59,0.0,277.41,144612.91,1
2026-01-13,2026-01-13 11:47:00,527.59,527.6,527.59,527.6,0.0,277.41,144612.91,1
2026-01-13,2026-01-13 11:48:00,527.6,527.61,527.6,527.61,0.0,277.41,144612.91,1
2026-01-13,2026-01-13 11:49:00,527.61,527.62,527.61,527.62,0.0,277.41,144612.91,1
2026-01-13,2026-01-13 11:50:00,527.62,527.64,527.62,527.64,0.0,277.41,144612.91,1
2026-01-13,2026-01-13 11:51:00,527.64,527.65,527.64,527.65,0.0,277.41,144612.91,1
2026-01-13,2026-01-13 11:52:00,527.65,527.66,527.65,527.66,0.0,277.41,144612.91,1
2026-01-13,2026-01-13 11:53:00,527.66,527.67,527.66,527.67,0.0,277.41,144612.91,1
2026-01-13,2026-01-13 11:54:00,527.67,527.69,527.67,527.69,0.0,277.41,144612.91,1
2026-01-13,2026-01-13 11:55:00,527.69,527.7,527.69,527.7,0.0,277.41,144612.91,1
2026-01-13,2026-01-13 11:56:00,527.7,527.71,527.7,527.71,0.0,277.41,144612.91,1
2026-01-13,2026-01-13 11:57:00,527.71,527.73,527.71,527.73,0.0,277.41,144612.91,1
2026-01-13,2026-01-13 11:58:00,527.73,527.74,527.73,527.74,0.0,277.41,144612.91,1
2026-01-13,2026-01-13 11:59:00,527.74,527.75,527.74,527.75,0.0,277.41,144612.91,1
2026-01-13,2026-01-13 12:00:00,527.75,527.76,527.75,527.76,0.0,277.41,144612.91,1
2026-01-13,2026-01-13 12:01:00,527.76,527.77,527.76,527.77,0.0,277.41,144612.91,1
2026-01-13,2026-01-13 12:02:00,527.77,527.79,527.77,527.79,0.0,277.41,144612.91,1
2026-01-13,2026-01-13 12:03:00,527.79,527.8,527.79,527.8,0.0,277.41,144612.91,1
2026-01-13,2026-01-13 12:04:00,527.8,527.81,527.8,527.81,0.0,277.41,144612.91,1
2026-01-13,2026-01-13 12:05:00,527.81,527.83,527.81,527.83,0.0,277.41,144612.91,1
2026-01-13,2026-01-13 12:06:00,527.83,527.84,527.83,527.84,0.0,277.41,144612.91,1
2026-01-13,2026-01-13 12:07:00,527.84,527.85,527.84,527.85,0.0,277.41,144612.91,1
2026-01-13,2026-01-13 12:08:00,527.85,527.86,527.85,527.86,0.0,277.41,144612.91,1
2026-01-13,2026-01-13 12:09:00,527.86,527.88,527.86,527.88,0.0,277.41,144612.91,1
2026-01-13,2026-01-13 12:10:00,527.88,527.89,527.88,527.89,0.0,277.41,144612.91,1
2026-01-13,2026-01-13 12:11:00,527.89,527.9,527.89,527.9,0.0,277.41,144612.91,1
2026-01-13,2026-01-13 12:12:00,527.9,527.91,527.9,527.91,0.0,277.41,144612.91,1
2026-01-13,2026-01-13 12:13:00,527.91,527.92,527.91,527.92,0.0,277.41,144612.91,1
2026-01-13,2026-01-13 12:14:00,527.92,527.94,527.92,527.94,0.0,277.41,144612.91,1
2026-01-13,2026-01-13 12:15:00,527.94,527.95,527.94,527.95,0.0,277.41,144612.91,1
2026-01-13,2026-01-13 12:16:00,527.95,527.96,527.95,527.96,0.0,277.41,144612.91,1
2026-01-13,2026-01-13 12:17:00,527.96,527.98,527.96,527.98,0.0,277.41,144612.91,1
2026-01-13,2026-01-13 12:18:00,527.98,527.99,527.98,527.99,0.0,277.41,144612.91,1
2026-01-13,2026-01-13 12:19:00,527.99,528.0,527.99,528.0,0.0,277.41,144612.91,1
2026-01-13,2026-01-13 12:20:00,528.0,528.01,528.0,528.01,0.0,277.41,144612.91,1
2026-01-13,2026-01-13 12:21:00,528.01,528.02,528.01,528.02,0.0,277.41,144612.91,1
2026-01-13,2026-01-13 12:22:00,528.02,528.04,528.02,528.04,0.0,277.41,144612.91,1
2026-01-13,2026-01-13 12:23:00,528.04,528.05,528.04,528.05,0.0,277.41,144612.91,1
2026-01-13,2026-01-13 12:24:00,528.05,528.06,528.05,528.06,0.0,277.41,144612.91,1
2026-01-13,2026-01-13 12:25:00,528.06,528.08,528.06,528.08,0.0,277.41,144612.91,1
2026-01-13,2026-01-13 12:26:00,528.08,528.09,528.08,528.09,0.0,277.41,144612.91,1
2026-01-13,2026-01-13 12:27:00,528.09,528.1,528.09,528.1,0.0,277.41,144612.91,1
2026-01-13,2026-01-13 12:28:00,528.1,528.11,528.1,528.11,0.0,277.41,144612.91,1
2026-01-13,2026-01-13 12:29:00,528.11,528.12,528.11,528.12,0.0,277.41,144612.91,1
2026-01-13,2026-01-13 12:30:00,528.12,528.14,528.12,528.14,0.0,277.41,144612.91,1
2026-01-13,2026-01-13 12:31:00,528.14,528.15,528.14,528.15,0.0,277.41,144612.91,1
2026-01-13,2026-01-13 12:32:00,528.15,528.16,528.15,528.16,0.0,277.41,144612.91,1
2026-01-13,2026-01-13 12:33:00,528.16,528.17,528.16,528.17,0.0,277.41,144612.91,1
2026-01-13,2026-01-13 12:34:00,528.17,528.19,528.17,528.19,0.0,277.41,144612.91,1
2026-01-13,2026-01-13 12:35:00,528.19,528.2,528.19,528.2,0.0,277.41,144612.91,1
2026-01-13,2026-01-13 12:36:00,528.2,528.21,528.2,528.21,0.0,277.41,144612.91,1
2026-01-13,2026-01-13 12:37:00,528.21,528.23,528.21,528.23,0.0,277.41,144612.91,1
2026-01-13,2026-01-13 12:38:00,528.23,528.24,528.23,528.24,0.0,277.41,144612.91,1
2026-01-13,2026-01-13 12:39:00,528.24,528.25,528.24,528.25,0.0,277.41,144612.91,1
2026-01-13,2026-01-13 12:40:00,528.25,528.26,528.25,528.26,0.0,277.41,144612.91,1
2026-01-13,2026-01-13 12:41:00,528.26,528.27,528.26,528.27,0.0,277.41,144612.91,1
2026-01-13,2026-01-13 12:42:00,528.27,528.29,528.27,528.29,0.0,277.41,144612.91,1
2026-01-13,2026-01-13 12:43:00,528.29,528.3,528.29,528.3,0.0,277.41,144612.91,1
2026-01-13,2026-01-13 12:44:00,528.3,528.31,528.3,528.31,0.0,277.41,144612.91,1
2026-01-13,2026-01-13 12:45:00,528.31,528.33,528.31,528.33,0.0,277.41,144612.91,1
2026-01-13,2026-01-13 12:46:00,528.33,528.34,528.33,528.34,0.0,277.41,144612.91,1
2026-01-13,2026-01-13 12:47:00,528.34,528.35,528.34,528.35,0.0,277.41,144612.91,1
2026-01-13,2026-01-13 12:48:00,528.35,528.36,528.35,528.36,0.0,277.41,144612.91,1
2026-01-13,2026-01-13 12:49:00,528.36,528.38,528.36,528.38,0.0,277.41,144612.91,1
2026-01-13,2026-01-13 12:50:00,528.38,528.39,528.38,528.39,0.0,277.41,144612.91,1
2026-01-13,2026-01-13 12:51:00,528.39,528.4,528.39,528.4,0.0,277.41,144612.91,1
2026-01-13,2026-01-13 12:52:00,528.4,528.41,528.4,528.41,0.0,277.41,144612.91,1
2026-01-13,2026-01-13 12:53:00,528.41,528.42,528.41,528.42,0.0,277.41,144612.91,1
2026-01-13,2026-01-13 12:54:00,528.42,528.44,528.42,528.44,0.0,277.41,144612.91,1
2026-01-13,2026-01-13 12:55:00,528.44,528.45,528.44,528.45,0.0,277.41,144612.91,1
2026-01-13,2026-01-13 12:56:00,528.45,528.46,528.45,528.46,0.0,277.41,144612.91,1
2026-01-13,2026-01-13 12:57:00,528.46,528.48,528.46,528.48,0.0,277.41,144612.91,1
2026-01-13,2026-01-13 12:58:00,528.48,528.49,528.48,528.49,0.0,277.41,144612.91,1
2026-01-13,2026-01-13 12:59:00,528.49,528.5,528.49,528.5,0.0,277.41,144612.91,1
2026-01-13,2026-01-13 13:00:00,528.5,537.0,514.0,528.51,0.0,277.41,144612.91,1
2026-01-13,2026-01-13 13:01:00,528.51,528.52,528.51,528.52,0.0,277.41,144612.91,1
2026-01-13,2026-01-13 13:02:00,528.52,528.54,528.52,528.54,0.0,277.41,144612.91,1
2026-01-13,2026-01-13 13:03:00,528.54,528.55,528.54,528.55,0.0,277.41,144612.91,1
2026-01-13,2026-01-13 13:04:00,528.55,528.56,528.55,528.56,0.0,277.41,144612.91,1
2026-01-13,2026-01-13 13:05:00,528.56,528.58,528.56,528.58,0.0,277.41,144612.91,1
2026-01-13,2026-01-13 13:06:00,528.58,528.59,528.58,528.59,0.0,277.41,144612.91,1
2026-01-13,2026-01-13 13:07:00,528.59,528.6,528.59,528.6,0.0,277.41,144612.91,1
2026-01-13,2026-01-13 13:08:00,528.6,528.61,528.6,528.61,0.0,277.41,144612.91,1
2026-01-13,2026-01-13 13:09:00,528.61,528.62,528.61,528.62,0.0,277.41,144612.91,1
2026-01-13,2026-01-13 13:10:00,528.62,528.64,528.62,528.64,0.0,277.41,144612.91,1
2026-01-13,2026-01-13 13:11:00,528.64,528.65,528.64,528.65,0.0,277.41,144612.91,1
2026-01-13,2026-01-13 13:12:00,528.65,528.66,528.65,528.66,0.0,277.41,144612.91,1
2026-01-13,2026-01-13 13:13:00,528.66,528.67,528.66,528.67,0.0,277.41,144612.91,1
2026-01-13,2026-01-13 13:14:00,528.67,528.69,528.67,528.69,0.0,277.41,144612.91,1
2026-01-13,2026-01-13 13:15:00,528.69,528.7,528.69,528.7,0.0,277.41,144612.91,1
2026-01-13,2026-01-13 13:16:00,528.7,528.71,528.7,528.71,0.0,277.41,144612.91,1
2026-01-13,2026-01-13 13:17:00,528.71,528.73,528.71,528.73,0.0,277.41,144612.91,1
2026-01-13,2026-01-13 13:18:00,528.73,528.74,528.73,528.74,0.0,277.41,144612.91,1
2026-01-13,2026-01-13 13:19:00,528.74,528.75,528.74,528.75,0.0,277.41,144612.91,1
2026-01-13,2026-01-13 13:20:00,528.75,528.76,528.75,528.76,0.0,277.41,144612.91,1
2026-01-13,2026-01-13 13:21:00,528.76,528.77,528.76,528.77,0.0,277.41,144612.91,1
2026-01-13,2026-01-13 13:22:00,528.77,528.79,528.77,528.79,0.0,277.41,144612.91,1
2026-01-13,2026-01-13 13:23:00,528.79,528.8,528.79,528.8,0.0,277.41,144612.91,1
2026-01-13,2026-01-13 13:24:00,528.8,528.81,528.8,528.81,0.0,277.41,144612.91,1
2026-01-13,2026-01-13 13:25:00,528.81,528.83,528.81,528.83,0.0,277.41,144612.91,1
2026-01-13,2026-01-13 13:26:00,528.83,528.84,528.83,528.84,0.0,277.41,144612.91,1
2026-01-13,2026-01-13 13:27:00,528.84,528.85,528.84,528.85,0.0,277.41,144612.91,1
2026-01-13,2026-01-13 13:28:00,528.85,528.86,528.85,528.86,0.0,277.41,144612.91,1
2026-01-13,2026-01-13 13:29:00,528.86,528.88,528.86,528.88,0.0,277.41,144612.91,1
2026-01-13,2026-01-13 13:30:00,528.88,528.89,528.88,528.89,0.0,277.41,144612.91,1
2026-01-13,2026-01-13 13:31:00,528.89,528.9,528.89,528.9,0.0,277.41,144612.91,1
2026-01-13,2026-01-13 13:32:00,528.9,528.91,528.9,528.91,0.0,277.41,144612.91,1
2026-01-13,2026-01-13 13:33:00,528.91,528.92,528.91,528.92,0.0,277.41,144612.91,1
2026-01-13,2026-01-13 13:34:00,528.92,528.94,528.92,528.94,0.0,277.41,144612.91,1
2026-01-13,2026-01-13 13:35:00,528.94,528.95,528.94,528.95,0.0,277.41,144612.91,1
2026-01-13,2026-01-13 13:36:00,528.95,528.96,528.95,528.96,0.0,277.41,144612.91,1
2026-01-13,2026-01-13 13:37:00,528.96,528.98,528.96,528.98,0.0,277.41,144612.91,1
2026-01-13,2026-01-13 13:38:00,528.98,528.99,528.98,528.99,0.0,277.41,144612.91,1
2026-01-13,2026-01-13 13:39:00,528.99,529.0,528.99,529.0,0.0,277.41,144612.91,1
2026-01-13,2026-01-13 13:40:00,529.0,529.01,529.0,529.01,0.0,277.41,144612.91,1
2026-01-13,2026-01-13 13:41:00,529.01,529.02,529.01,529.02,0.0,277.41,144612.91,1
2026-01-13,2026-01-13 13:42:00,529.02,529.04,529.02,529.04,0.0,277.41,144612.91,1
2026-01-13,2026-01-13 13:43:00,529.04,529.05,529.04,529.05,0.0,277.41,144612.91,1
2026-01-13,2026-01-13 13:44:00,529.05,529.06,529.05,529.06,0.0,277.41,144612.91,1
2026-01-13,2026-01-13 13:45:00,529.06,529.08,529.06,529.08,0.0,277.41,144612.91,1
2026-01-13,2026-01-13 13:46:00,529.08,529.09,529.08,529.09,0.0,277.41,144612.91,1
2026-01-13,2026-01-13 13:47:00,529.09,529.1,529.09,529.1,0.0,277.41,144612.91,1
2026-01-13,2026-01-13 13:48:00,529.1,529.11,529.1,529.11,0.0,277.41,144612.91,1
2026-01-13,2026-01-13 13:49:00,529.11,529.12,529.11,529.12,0.0,277.41,144612.91,1
2026-01-13,2026-01-13 13:50:00,529.12,529.14,529.12,529.14,0.0,277.41,144612.91,1
2026-01-13,2026-01-13 13:51:00,529.14,529.15,529.14,529.15,0.0,277.41,144612.91,1
2026-01-13,2026-01-13 13:52:00,529.15,529.16,529.15,529.16,0.0,277.41,144612.91,1
2026-01-13,2026-01-13 13:53:00,529.16,529.17,529.16,529.17,0.0,277.41,144612.91,1
2026-01-13,2026-01-13 13:54:00,529.17,529.19,529.17,529.19,0.0,277.41,144612.91,1
2026-01-13,2026-01-13 13:55:00,529.19,529.2,529.19,529.2,0.0,277.41,144612.91,1
2026-01-13,2026-01-13 13:56:00,529.2,529.21,529.2,529.21,0.0,277.41,144612.91,1
2026-01-13,2026-01-13 13:57:00,529.21,529.23,529.21,529.23,0.0,277.41,144612.91,1
2026-01-13,2026-01-13 13:58:00,529.23,529.24,529.23,529.24,0.0,277.41,144612.91,1
2026-01-13,2026-01-13 13:59:00,529.24,529.25,529.24,529.25,0.0,277.41,144612.91,1
2026-01-13,2026-01-13 14:00:00,529.25,529.26,529.25,529.26,0.0,277.41,144612.91,1
2026-01-13,2026-01-13 14:01:00,529.26,529.27,529.26,529.27,0.0,277.41,144612.91,1
2026-01-13,2026-01-13 14:02:00,529.27,529.29,529.27,529.29,0.0,277.41,144612.91,1
2026-01-13,2026-01-13 14:03:00,529.29,529.3,529.29,529.3,0.0,277.41,144612.91,1
2026-01-13,2026-01-13 14:04:00,529.3,529.31,529.3,529.31,0.0,277.41,144612.91,1
2026-01-13,2026-01-13 14:05:00,529.31,529.33,529.31,529.33,0.0,277.41,144612.91,1
2026-01-13,2026-01-13 14:06:00,529.33,529.34,529.33,529.34,0.0,277.41,144612.91,1
2026-01-13,2026-01-13 14:07:00,529.34,529.35,529.34,529.35,0.0,277.41,144612.91,1
2026-01-13,2026-01-13 14:08:00,529.35,529.36,529.35,529.36,0.0,277.41,144612.91,1
2026-01-13,2026-01-13 14:09:00,529.36,529.38,529.36,529.38,0.0,277.41,144612.91,1
2026-01-13,2026-01-13 14:10:00,529.38,529.39,529.38,529.39,0.0,277.41,144612.91,1
2026-01-13,2026-01-13 14:11:00,529.39,529.4,529.39,529.4,0.0,277.41,144612.91,1
2026-01-13,2026-01-13 14:12:00,529.4,529.41,529.4,529.41,0.0,277.41,144612.91,1
2026-01-13,2026-01-13 14:13:00,529.41,529.42,529.41,529.42,0.0,277.41,144612.91,1
2026-01-13,2026-01-13 14:14:00,529.42,529.44,529.42,529.44,0.0,277.41,144612.91,1
2026-01-13,2026-01-13 14:15:00,529.44,529.45,529.44,529.45,0.0,277.41,144612.91,1
2026-01-13,2026-01-13 14:16:00,529.45,529.46,529.45,529.46,0.0,277.41,144612.91,1
2026-01-13,2026-01-13 14:17:00,529.46,529.48,529.46,529.48,0.0,277.41,144612.91,1
2026-01-13,2026-01-13 14:18:00,529.48,529.49,529.48,529.49,0.0,277.41,144612.91,1
2026-01-13,2026-01-13 14:19:00,529.49,529.5,529.49,529.5,0.0,277.41,144612.91,1
2026-01-13,2026-01-13 14:20:00,529.5,529.51,529.5,529.51,0.0,277.41,144612.91,1
2026-01-13,2026-01-13 14:21:00,529.51,529.52,529.51,529.52,0.0,277.41,144612.91,1
2026-01-13,2026-01-13 14:22:00,529.52,529.54,529.52,529.54,0.0,277.41,144612.91,1
2026-01-13,2026-01-13 14:23:00,529.54,529.55,529.54,529.55,0.0,277.41,144612.91,1
2026-01-13,2026-01-13 14:24:00,529.55,529.56,529.55,529.56,0.0,277.41,144612.91,1
2026-01-13,2026-01-13 14:25:00,529.56,529.58,529.56,529.58,0.0,277.41,144612.91,1
2026-01-13,2026-01-13 14:26:00,529.58,529.59,529.58,529.59,0.0,277.41,144612.91,1
2026-01-13,2026-01-13 14:27:00,529.59,529.6,529.59,529.6,0.0,277.41,144612.91,1
2026-01-13,2026-01-13 14:28:00,529.6,529.61,529.6,529.61,0.0,277.41,144612.91,1
2026-01-13,2026-01-13 14:29:00,529.61,529.62,529.61,529.62,0.0,277.41,144612.91,1
2026-01-13,2026-01-13 14:30:00,529.62,529.64,529.62,529.64,0.0,277.41,144612.91,1
2026-01-13,2026-01-13 14:31:00,529.64,529.65,529.64,529.65,0.0,277.41,144612.91,1
2026-01-13,2026-01-13 14:32:00,529.65,529.66,529.65,529.66,0.0,277.41,144612.91,1
2026-01-13,2026-01-13 14:33:00,529.66,529.67,529.66,529.67,0.0,277.41,144612.91,1
2026-01-13,2026-01-13 14:34:00,529.67,529.69,529.67,529.69,0.0,277.41,144612.91,1
2026-01-13,2026-01-13 14:35:00,529.69,529.7,529.69,529.7,0.0,277.41,144612.91,1
2026-01-13,2026-01-13 14:36:00,529.7,529.71,529.7,529.71,0.0,277.41,144612.91,1
2026-01-13,2026-01-13 14:37:00,529.71,529.73,529.71,529.73,0.0,277.41,144612.91,1
2026-01-13,2026-01-13 14:38:00,529.73,529.74,529.73,529.74,0.0,277.41,144612.91,1
2026-01-13,2026-01-13 14:39:00,529.74,529.75,529.74,529.75,0.0,277.41,144612.91,1
2026-01-13,2026-01-13 14:40:00,529.75,529.76,529.75,529.76,0.0,277.41,144612.91,1
2026-01-13,2026-01-13 14:41:00,529.76,529.77,529.76,529.77,0.0,277.41,144612.91,1
2026-01-13,2026-01-13 14:42:00,529.77,529.79,529.77,529.79,0.0,277.41,144612.91,1
2026-01-13,2026-01-13 14:43:00,529.79,529.8,529.79,529.8,0.0,277.41,144612.91,1
2026-01-13,2026-01-13 14:44:00,529.8,529.81,529.8,529.81,0.0,277.41,144612.91,1
2026-01-13,2026-01-13 14:45:00,529.81,529.83,529.81,529.83,0.0,277.41,144612.91,1
2026-01-13,2026-01-13 14:46:00,529.83,529.84,529.83,529.84,0.0,277.41,144612.91,1
2026-01-13,2026-01-13 14:47:00,529.84,529.85,529.84,529.85,0.0,277.41,144612.91,1
2026-01-13,2026-01-13 14:48:00,529.85,529.86,529.85,529.86,0.0,277.41,144612.91,1
2026-01-13,2026-01-13 14:49:00,529.86,529.88,529.86,529.88,0.0,277.41,144612.91,1
2026-01-13,2026-01-13 14:50:00,529.88,529.89,529.88,529.89,0.0,277.41,144612.91,1
2026-01-13,2026-01-13 14:51:00,529.89,529.9,529.89,529.9,0.0,277.41,144612.91,1
2026-01-13,2026-01-13 14:52:00,529.9,529.91,529.9,529.91,0.0,277.41,144612.91,1
2026-01-13,2026-01-13 14:53:00,529.91,529.92,529.91,529.92,0.0,277.41,144612.91,1
2026-01-13,2026-01-13 14:54:00,529.92,529.94,529.92,529.94,0.0,277.41,144612.91,1
2026-01-13,2026-01-13 14:55:00,529.94,529.95,529.94,529.95,0.0,277.41,144612.91,1
2026-01-13,2026-01-13 14:56:00,529.95,529.96,529.95,529.96,0.0,277.41,144612.91,1
2026-01-13,2026-01-13 14:57:00,529.96,529.98,529.96,529.98,0.0,277.41,144612.91,1
2026-01-13,2026-01-13 14:58:00,529.98,529.99,529.98,529.99,0.0,277.41,144612.91,1
2026-01-13,2026-01-13 14:59:00,529.99,530.0,529.99,530.0,0.0,277.41,144612.91,1
2026-01-13,2026-01-13 15:00:00,530.0,537.0,514.0,530.0,0.0,277.41,144612.91,0
2026-01-14,2026-01-14 11:00:00,532.0,539.2,531.43,532.0,0.0,179.51,96918.35,0
2026-01-14,2026-01-14 11:01:00,532.0,532.0,531.99,531.99,-0.0,179.51,96918.35,-1
2026-01-14,2026-01-14 11:02:00,531.99,531.99,531.99,531.99,0.0,179.51,96918.35,0
2026-01-14,2026-01-14 11:03:00,531.99,531.99,531.98,531.98,-0.0,179.51,96918.35,-1
2026-01-14,2026-01-14 11:04:00,531.98,531.98,531.98,531.98,0.0,179.51,96918.35,0
2026-01-14,2026-01-14 11:05:00,531.98,531.98,531.98,531.98,0.0,179.51,96918.35,0
2026-01-14,2026-01-14 11:06:00,531.98,531.98,531.97,531.97,-0.0,179.51,96918.35,-1
2026-01-14,2026-01-14 11:07:00,531.97,531.97,531.97,531.97,0.0,179.51,96918.35,0
2026-01-14,2026-01-14 11:08:00,531.97,531.97,531.96,531.96,-0.0,179.51,96918.35,-1
2026-01-14,2026-01-14 11:09:00,531.96,531.96,531.96,531.96,0.0,179.51,96918.35,0
2026-01-14,2026-01-14 11:10:00,531.96,531.96,531.95,531.95,-0.0,179.51,96918.35,-1
2026-01-14,2026-01-14 11:11:00,531.95,531.95,531.95,531.95,0.0,179.51,96918.35,0
2026-01-14,2026-01-14 11:12:00,531.95,531.95,531.95,531.95,0.0,179.51,96918.35,0
2026-01-14,2026-01-14 11:13:00,531.95,531.95,531.94,531.94,-0.0,179.51,96918.35,-1
2026-01-14,2026-01-14 11:14:00,531.94,531.94,531.94,531.94,0.0,179.51,96918.35,0
2026-01-14,2026-01-14 11:15:00,531.94,531.94,531.93,531.93,-0.0,179.51,96918.35,-1
2026-01-14,2026-01-14 11:16:00,531.93,531.93,531.93,531.93,0.0,179.51,96918.35,0
2026-01-14,2026-01-14 11:17:00,531.93,531.93,531.92,531.92,-0.0,179.51,96918.35,-1
2026-01-14,2026-01-14 11:18:00,531.92,531.92,531.92,531.92,0.0,179.51,96918.35,0
2026-01-14,2026-01-14 11:19:00,531.92,531.92,531.92,531.92,0.0,179.51,96918.35,0
2026-01-14,2026-01-14 11:20:00,531.92,531.92,531.91,531.91,-0.0,179.51,96918.35,-1
2026-01-14,2026-01-14 11:21:00,531.91,531.91,531.91,531.91,0.0,179.51,96918.35,0
2026-01-14,2026-01-14 11:22:00,531.91,531.91,531.9,531.9,-0.0,179.51,96918.35,-1
2026-01-14,2026-01-14 11:23:00,531.9,531.9,531.9,531.9,0.0,179.51,96918.35,0
2026-01-14,2026-01-14 11:24:00,531.9,531.9,531.9,531.9,0.0,179.51,96918.35,0
2026-01-14,2026-01-14 11:25:00,531.9,531.9,531.89,531.89,-0.0,179.51,96918.35,-1
2026-01-14,2026-01-14 11:26:00,531.89,531.89,531.89,531.89,0.0,179.51,96918.35,0
2026-01-14,2026-01-14 11:27:00,531.89,531.89,531.88,531.88,-0.0,179.51,96918.35,-1
2026-01-14,2026-01-14 11:28:00,531.88,531.88,531.88,531.88,0.0,179.51,96918.35,0
2026-01-14,2026-01-14 11:29:00,531.88,531.88,531.88,531.88,0.0,179.51,96918.35,0
2026-01-14,2026-01-14 11:30:00,531.88,531.88,531.87,531.87,-0.0,179.51,96918.35,-1
2026-01-14,2026-01-14 11:31:00,531.87,531.87,531.87,531.87,0.0,179.51,96918.35,0
2026-01-14,2026-01-14 11:32:00,531.87,531.87,531.86,531.86,-0.0,179.51,96918.35,-1
2026-01-14,2026-01-14 11:33:00,531.86,531.86,531.86,531.86,0.0,179.51,96918.35,0
2026-01-14,2026-01-14 11:34:00,531.86,531.86,531.85,531.85,-0.0,179.51,96918.35,-1
2026-01-14,2026-01-14 11:35:00,531.85,531.85,531.85,531.85,0.0,179.51,96918.35,0
2026-01-14,2026-01-14 11:36:00,531.85,531.85,531.85,531.85,0.0,179.51,96918.35,0
2026-01-14,2026-01-14 11:37:00,531.85,531.85,531.84,531.84,-0.0,179.51,96918.35,-1
2026-01-14,2026-01-14 11:38:00,531.84,531.84,531.84,531.84,0.0,179.51,96918.35,0
2026-01-14,2026-01-14 11:39:00,531.84,531.84,531.83,531.83,-0.0,179.51,96918.35,-1
2026-01-14,2026-01-14 11:40:00,531.83,531.83,531.83,531.83,0.0,179.51,96918.35,0
2026-01-14,2026-01-14 11:41:00,531.83,531.83,531.83,531.83,0.0,179.51,96918.35,0
2026-01-14,2026-01-14 11:42:00,531.83,531.83,531.82,531.82,-0.0,179.51,96918.35,-1
2026-01-14,2026-01-14 11:43:00,531.82,531.82,531.82,531.82,0.0,179.51,96918.35,0
2026-01-14,2026-01-14 11:44:00,531.82,531.82,531.81,531.81,-0.0,179.51,96918.35,-1
2026-01-14,2026-01-14 11:45:00,531.81,531.81,531.81,531.81,0.0,179.51,96918.35,0
2026-01-14,2026-01-14 11:46:00,531.81,531.81,531.8,531.8,-0.0,179.51,96918.35,-1
2026-01-14,2026-01-14 11:47:00,531.8,531.8,531.8,531.8,0.0,179.51,96918.35,0
2026-01-14,2026-01-14 11:48:00,531.8,531.8,531.8,531.8,0.0,179.51,96918.35,0
2026-01-14,2026-01-14 11:49:00,531.8,531.8,531.79,531.79,-0.0,179.51,96918.35,-1
2026-01-14,2026-01-14 11:50:00,531.79,531.79,531.79,531.79,0.0,179.51,96918.35,0
2026-01-14,2026-01-14 11:51:00,531.79,531.79,531.78,531.78,-0.0,179.51,96918.35,-1
2026-01-14,2026-01-14 11:52:00,531.78,531.78,531.78,531.78,0.0,179.51,96918.35,0
2026-01-14,2026-01-14 11:53:00,531.78,531.78,531.77,531.77,-0.0,179.51,96918.35,-1
2026-01-14,2026-01-14 11:54:00,531.77,531.77,531.77,531.77,0.0,179.51,96918.35,0
2026-01-14,2026-01-14 11:55:00,531.77,531.77,531.77,531.77,0.0,179.51,96918.35,0
2026-01-14,2026-01-14 11:56:00,531.77,531.77,531.76,531.76,-0.0,179.51,96918.35,-1
2026-01-14,2026-01-14 11:57:00,531.76,531.76,531.76,531.76,0.0,179.51,96918.35,0
2026-01-14,2026-01-14 11:58:00,531.76,531.76,531.75,531.75,-0.0,179.51,96918.35,-1
2026-01-14,2026-01-14 11:59:00,531.75,531.75,531.75,531.75,0.0,179.51,96918.35,0
2026-01-14,2026-01-14 12:00:00,531.75,531.75,531.75,531.75,0.0,179.51,96918.35,0
2026-01-14,2026-01-14 12:01:00,531.75,531.75,531.74,531.74,-0.0,179.51,96918.35,-1
2026-01-14,2026-01-14 12:02:00,531.74,531.74,531.74,531.74,0.0,179.51,96918.35,0
2026-01-14,2026-01-14 12:03:00,531.74,531.74,531.73,531.73,-0.0,179.51,96918.35,-1
2026-01-14,2026-01-14 12:04:00,531.73,531.73,531.73,531.73,0.0,179.51,96918.35,0
2026-01-14,2026-01-14 12:05:00,531.73,531.73,531.73,531.73,0.0,179.51,96918.35,0
2026-01-14,2026-01-14 12:06:00,531.73,531.73,531.72,531.72,-0.0,179.51,96918.35,-1
2026-01-14,2026-01-14 12:07:00,531.72,531.72,531.72,531.72,0.0,179.51,96918.35,0
2026-01-14,2026-01-14 12:08:00,531.72,531.72,531.71,531.71,-0.0,179.51,96918.35,-1
2026-01-14,2026-01-14 12:09:00,531.71,531.71,531.71,531.71,0.0,179.51,96918.35,0
2026-01-14,2026-01-14 12:10:00,531.71,531.71,531.7,531.7,-0.0,179.51,96918.35,-1
2026-01-14,2026-01-14 12:11:00,531.7,531.7,531.7,531.7,0.0,179.51,96918.35,0
2026-01-14,2026-01-14 12:12:00,531.7,531.7,531.7,531.7,0.0,179.51,96918.35,0
2026-01-14,2026-01-14 12:13:00,531.7,531.7,531.69,531.69,-0.0,179.51,96918.35,-1
2026-01-14,2026-01-14 12:14:00,531.69,531.69,531.69,531.69,0.0,179.51,96918.35,0
2026-01-14,2026-01-14 12:15:00,531.69,531.69,531.68,531.68,-0.0,179.51,96918.35,-1
2026-01-14,2026-01-14 12:16:00,531.68,531.68,531.68,531.68,0.0,179.51,96918.35,0
2026-01-14,2026-01-14 12:17:00,531.68,531.68,531.67,531.67,-0.0,179.51,96918.35,-1
2026-01-14,2026-01-14 12:18:00,531.67,531.67,531.67,531.67,0.0,179.51,96918.35,0
2026-01-14,2026-01-14 12:19:00,531.67,531.67,531.67,531.67,0.0,179.51,96918.35,0
2026-01-14,2026-01-14 12:20:00,531.67,531.67,531.66,531.66,-0.0,179.51,96918.35,-1
2026-01-14,2026-01-14 12:21:00,531.66,531.66,531.66,531.66,0.0,179.51,96918.35,0
2026-01-14,2026-01-14 12:22:00,531.66,531.66,531.65,531.65,-0.0,179.51,96918.35,-1
2026-01-14,2026-01-14 12:23:00,531.65,531.65,531.65,531.65,0.0,179.51,96918.35,0
2026-01-14,2026-01-14 12:24:00,531.65,531.65,531.65,531.65,0.0,179.51,96918.35,0
2026-01-14,2026-01-14 12:25:00,531.65,531.65,531.64,531.64,-0.0,179.51,96918.35,-1
2026-01-14,2026-01-14 12:26:00,531.64,531.64,531.64,531.64,0.0,179.51,96918.35,0
2026-01-14,2026-01-14 12:27:00,531.64,531.64,531.63,531.63,-0.0,179.51,96918.35,-1
2026-01-14,2026-01-14 12:28:00,531.63,531.63,531.63,531.63,0.0,179.51,96918.35,0
2026-01-14,2026-01-14 12:29:00,531.63,531.63,531.62,531.62,-0.0,179.51,96918.35,-1
2026-01-14,2026-01-14 12:30:00,531.62,531.62,531.62,531.62,0.0,179.51,96918.35,0
2026-01-14,2026-01-14 12:31:00,531.62,531.62,531.62,531.62,0.0,179.51,96918.35,0
2026-01-14,2026-01-14 12:32:00,531.62,531.62,531.61,531.61,-0.0,179.51,96918.35,-1
2026-01-14,2026-01-14 12:33:00,531.61,531.61,531.61,531.61,0.0,179.51,96918.35,0
2026-01-14,2026-01-14 12:34:00,531.61,531.61,531.6,531.6,-0.0,179.51,96918.35,-1
2026-01-14,2026-01-14 12:35:00,531.6,531.6,531.6,531.6,0.0,179.51,96918.35,0
2026-01-14,2026-01-14 12:36:00,531.6,531.6,531.6,531.6,0.0,179.51,96918.35,0
2026-01-14,2026-01-14 12:37:00,531.6,531.6,531.59,531.59,-0.0,179.51,96918.35,-1
2026-01-14,2026-01-14 12:38:00,531.59,531.59,531.59,531.59,0.0,179.51,96918.35,0
2026-01-14,2026-01-14 12:39:00,531.59,531.59,531.58,531.58,-0.0,179.51,96918.35,-1
2026-01-14,2026-01-14 12:40:00,531.58,531.58,531.58,531.58,0.0,179.51,96918.35,0
2026-01-14,2026-01-14 12:41:00,531.58,531.58,531.58,531.58,0.0,179.51,96918.35,0
2026-01-14,2026-01-14 12:42:00,531.58,531.58,531.57,531.57,-0.0,179.51,96918.35,-1
2026-01-14,2026-01-14 12:43:00,531.57,531.57,531.57,531.57,0.0,179.51,96918.35,0
2026-01-14,2026-01-14 12:44:00,531.57,531.57,531.56,531.56,-0.0,179.51,96918.35,-1
2026-01-14,2026-01-14 12:45:00,531.56,531.56,531.56,531.56,0.0,179.51,96918.35,0
2026-01-14,2026-01-14 12:46:00,531.56,531.56,531.55,531.55,-0.0,179.51,96918.35,-1
2026-01-14,2026-01-14 12:47:00,531.55,531.55,531.55,531.55,0.0,179.51,96918.35,0
2026-01-14,2026-01-14 12:48:00,531.55,531.55,531.55,531.55,0.0,179.51,96918.35,0
2026-01-14,2026-01-14 12:49:00,531.55,531.55,531.54,531.54,-0.0,179.51,96918.35,-1
2026-01-14,2026-01-14 12:50:00,531.54,531.54,531.54,531.54,0.0,179.51,96918.35,0
2026-01-14,2026-01-14 12:51:00,531.54,531.54,531.53,531.53,-0.0,179.51,96918.35,-1
2026-01-14,2026-01-14 12:52:00,531.53,531.53,531.53,531.53,0.0,179.51,96918.35,0
2026-01-14,2026-01-14 12:53:00,531.53,531.53,531.52,531.52,-0.0,179.51,96918.35,-1
2026-01-14,2026-01-14 12:54:00,531.52,531.52,531.52,531.52,0.0,179.51,96918.35,0
2026-01-14,2026-01-14 12:55:00,531.52,531.52,531.52,531.52,0.0,179.51,96918.35,0
2026-01-14,2026-01-14 12:56:00,531.52,531.52,531.51,531.51,-0.0,179.51,96918.35,-1
2026-01-14,2026-01-14 12:57:00,531.51,531.51,531.51,531.51,0.0,179.51,96918.35,0
2026-01-14,2026-01-14 12:58:00,531.51,531.51,531.5,531.5,-0.0,179.51,96918.35,-1
2026-01-14,2026-01-14 12:59:00,531.5,531.5,531.5,531.5,0.0,179.51,96918.35,0
2026-01-14,2026-01-14 13:00:00,531.5,556.0,530.1,531.5,0.0,179.51,96918.35,0
2026-01-14,2026-01-14 13:01:00,531.5,531.5,531.49,531.49,-0.0,179.51,96918.35,-1
2026-01-14,2026-01-14 13:02:00,531.49,531.49,531.49,531.49,0.0,179.51,96918.35,0
2026-01-14,2026-01-14 13:03:00,531.49,531.49,531.48,531.48,-0.0,179.51,96918.35,-1
2026-01-14,2026-01-14 13:04:00,531.48,531.48,531.48,531.48,0.0,179.51,96918.35,0
2026-01-14,2026-01-14 13:05:00,531.48,531.48,531.48,531.48,0.0,179.51,96918.35,0
2026-01-14,2026-01-14 13:06:00,531.48,531.48,531.47,531.47,-0.0,179.51,96918.35,-1
2026-01-14,2026-01-14 13:07:00,531.47,531.47,531.47,531.47,0.0,179.51,96918.35,0
2026-01-14,2026-01-14 13:08:00,531.47,531.47,531.46,531.46,-0.0,179.51,96918.35,-1
2026-01-14,2026-01-14 13:09:00,531.46,531.46,531.46,531.46,0.0,179.51,96918.35,0
2026-01-14,2026-01-14 13:10:00,531.46,531.46,531.45,531.45,-0.0,179.51,96918.35,-1
2026-01-14,2026-01-14 13:11:00,531.45,531.45,531.45,531.45,0.0,179.51,96918.35,0
2026-01-14,2026-01-14 13:12:00,531.45,531.45,531.45,531.45,0.0,179.51,96918.35,0
2026-01-14,2026-01-14 13:13:00,531.45,531.45,531.44,531.44,-0.0,179.51,96918.35,-1
2026-01-14,2026-01-14 13:14:00,531.44,531.44,531.44,531.44,0.0,179.51,96918.35,0
2026-01-14,2026-01-14 13:15:00,531.44,531.44,531.43,531.43,-0.0,179.51,96918.35,-1
2026-01-14,2026-01-14 13:16:00,531.43,531.43,531.43,531.43,0.0,179.51,96918.35,0
2026-01-14,2026-01-14 13:17:00,531.43,531.43,531.42,531.42,-0.0,179.51,96918.35,-1
2026-01-14,2026-01-14 13:18:00,531.42,531.42,531.42,531.42,0.0,179.51,96918.35,0
2026-01-14,2026-01-14 13:19:00,531.42,531.42,531.42,531.42,0.0,179.51,96918.35,0
2026-01-14,2026-01-14 13:20:00,531.42,531.42,531.41,531.41,-0.0,179.51,96918.35,-1
2026-01-14,2026-01-14 13:21:00,531.41,531.41,531.41,531.41,0.0,179.51,96918.35,0
2026-01-14,2026-01-14 13:22:00,531.41,531.41,531.4,531.4,-0.0,179.51,96918.35,-1
2026-01-14,2026-01-14 13:23:00,531.4,531.4,531.4,531.4,0.0,179.51,96918.35,0
2026-01-14,2026-01-14 13:24:00,531.4,531.4,531.4,531.4,0.0,179.51,96918.35,0
2026-01-14,2026-01-14 13:25:00,531.4,531.4,531.39,531.39,-0.0,179.51,96918.35,-1
2026-01-14,2026-01-14 13:26:00,531.39,531.39,531.39,531.39,0.0,179.51,96918.35,0
2026-01-14,2026-01-14 13:27:00,531.39,531.39,531.38,531.38,-0.0,179.51,96918.35,-1
2026-01-14,2026-01-14 13:28:00,531.38,531.38,531.38,531.38,0.0,179.51,96918.35,0
2026-01-14,2026-01-14 13:29:00,531.38,531.38,531.38,531.38,0.0,179.51,96918.35,0
2026-01-14,2026-01-14 13:30:00,531.38,531.38,531.37,531.37,-0.0,179.51,96918.35,-1
2026-01-14,2026-01-14 13:31:00,531.37,531.37,531.37,531.37,0.0,179.51,96918.35,0
2026-01-14,2026-01-14 13:32:00,531.37,531.37,531.36,531.36,-0.0,179.51,96918.35,-1
2026-01-14,2026-01-14 13:33:00,531.36,531.36,531.36,531.36,0.0,179.51,96918.35,0
2026-01-14,2026-01-14 13:34:00,531.36,531.36,531.35,531.35,-0.0,179.51,96918.35,-1
2026-01-14,2026-01-14 13:35:00,531.35,531.35,531.35,531.35,0.0,179.51,96918.35,0
2026-01-14,2026-01-14 13:36:00,531.35,531.35,531.35,531.35,0.0,179.51,96918.35,0
2026-01-14,2026-01-14 13:37:00,531.35,531.35,531.34,531.34,-0.0,179.51,96918.35,-1
2026-01-14,2026-01-14 13:38:00,531.34,531.34,531.34,531.34,0.0,179.51,96918.35,0
2026-01-14,2026-01-14 13:39:00,531.34,531.34,531.33,531.33,-0.0,179.51,96918.35,-1
2026-01-14,2026-01-14 13:40:00,531.33,531.33,531.33,531.33,0.0,179.51,96918.35,0
2026-01-14,2026-01-14 13:41:00,531.33,531.33,531.33,531.33,0.0,179.51,96918.35,0
2026-01-14,2026-01-14 13:42:00,531.33,531.33,531.32,531.32,-0.0,179.51,96918.35,-1
2026-01-14,2026-01-14 13:43:00,531.32,531.32,531.32,531.32,0.0,179.51,96918.35,0
2026-01-14,2026-01-14 13:44:00,531.32,531.32,531.31,531.31,-0.0,179.51,96918.35,-1
2026-01-14,2026-01-14 13:45:00,531.31,531.31,531.31,531.31,0.0,179.51,96918.35,0
2026-01-14,2026-01-14 13:46:00,531.31,531.31,531.3,531.3,-0.0,179.51,96918.35,-1
2026-01-14,2026-01-14 13:47:00,531.3,531.3,531.3,531.3,0.0,179.51,96918.35,0
2026-01-14,2026-01-14 13:48:00,531.3,531.3,531.3,531.3,0.0,179.51,96918.35,0
2026-01-14,2026-01-14 13:49:00,531.3,531.3,531.29,531.29,-0.0,179.51,96918.35,-1
2026-01-14,2026-01-14 13:50:00,531.29,531.29,531.29,531.29,0.0,179.51,96918.35,0
2026-01-14,2026-01-14 13:51:00,531.29,531.29,531.28,531.28,-0.0,179.51,96918.35,-1
2026-01-14,2026-01-14 13:52:00,531.28,531.28,531.28,531.28,0.0,179.51,96918.35,0
2026-01-14,2026-01-14 13:53:00,531.28,531.28,531.27,531.27,-0.0,179.51,96918.35,-1
2026-01-14,2026-01-14 13:54:00,531.27,531.27,531.27,531.27,0.0,179.51,96918.35,0
2026-01-14,2026-01-14 13:55:00,531.27,531.27,531.27,531.27,0.0,179.51,96918.35,0
2026-01-14,2026-01-14 13:56:00,531.27,531.27,531.26,531.26,-0.0,179.51,96918.35,-1
2026-01-14,2026-01-14 13:57:00,531.26,531.26,531.26,531.26,0.0,179.51,96918.35,0
2026-01-14,2026-01-14 13:58:00,531.26,531.26,531.25,531.25,-0.0,179.51,96918.35,-1
2026-01-14,2026-01-14 13:59:00,531.25,531.25,531.25,531.25,0.0,179.51,96918.35,0
2026-01-14,2026-01-14 14:00:00,531.25,531.25,531.25,531.25,0.0,179.51,96918.35,0
2026-01-14,2026-01-14 14:01:00,531.25,531.25,531.24,531.24,-0.0,179.51,96918.35,-1
2026-01-14,2026-01-14 14:02:00,531.24,531.24,531.24,531.24,0.0,179.51,96918.35,0
2026-01-14,2026-01-14 14:03:00,531.24,531.24,531.23,531.23,-0.0,179.51,96918.35,-1
2026-01-14,2026-01-14 14:04:00,531.23,531.23,531.23,531.23,0.0,179.51,96918.35,0
2026-01-14,2026-01-14 14:05:00,531.23,531.23,531.23,531.23,0.0,179.51,96918.35,0
2026-01-14,2026-01-14 14:06:00,531.23,531.23,531.22,531.22,-0.0,179.51,96918.35,-1
2026-01-14,2026-01-14 14:07:00,531.22,531.22,531.22,531.22,0.0,179.51,96918.35,0
2026-01-14,2026-01-14 14:08:00,531.22,531.22,531.21,531.21,-0.0,179.51,96918.35,-1
2026-01-14,2026-01-14 14:09:00,531.21,531.21,531.21,531.21,0.0,179.51,96918.35,0
2026-01-14,2026-01-14 14:10:00,531.21,531.21,531.2,531.2,-0.0,179.51,96918.35,-1
2026-01-14,2026-01-14 14:11:00,531.2,531.2,531.2,531.2,0.0,179.51,96918.35,0
2026-01-14,2026-01-14 14:12:00,531.2,531.2,531.2,531.2,0.0,179.51,96918.35,0
2026-01-14,2026-01-14 14:13:00,531.2,531.2,531.19,531.19,-0.0,179.51,96918.35,-1
2026-01-14,2026-01-14 14:14:00,531.19,531.19,531.19,531.19,0.0,179.51,96918.35,0
2026-01-14,2026-01-14 14:15:00,531.19,531.19,531.18,531.18,-0.0,179.51,96918.35,-1
2026-01-14,2026-01-14 14:16:00,531.18,531.18,531.18,531.18,0.0,179.51,96918.35,0
2026-01-14,2026-01-14 14:17:00,531.18,531.18,531.17,531.17,-0.0,179.51,96918.35,-1
2026-01-14,2026-01-14 14:18:00,531.17,531.17,531.17,531.17,0.0,179.51,96918.35,0
2026-01-14,2026-01-14 14:19:00,531.17,531.17,531.17,531.17,0.0,179.51,96918.35,0
2026-01-14,2026-01-14 14:20:00,531.17,531.17,531.16,531.16,-0.0,179.51,96918.35,-1
2026-01-14,2026-01-14 14:21:00,531.16,531.16,531.16,531.16,0.0,179.51,96918.35,0
2026-01-14,2026-01-14 14:22:00,531.16,531.16,531.15,531.15,-0.0,179.51,96918.35,-1
2026-01-14,2026-01-14 14:23:00,531.15,531.15,531.15,531.15,0.0,179.51,96918.35,0
2026-01-14,2026-01-14 14:24:00,531.15,531.15,531.15,531.15,0.0,179.51,96918.35,0
2026-01-14,2026-01-14 14:25:00,531.15,531.15,531.14,531.14,-0.0,179.51,96918.35,-1
2026-01-14,2026-01-14 14:26:00,531.14,531.14,531.14,531.14,0.0,179.51,96918.35,0
2026-01-14,2026-01-14 14:27:00,531.14,531.14,531.13,531.13,-0.0,179.51,96918.35,-1
2026-01-14,2026-01-14 14:28:00,531.13,531.13,531.13,531.13,0.0,179.51,96918.35,0
2026-01-14,2026-01-14 14:29:00,531.13,531.13,531.12,531.12,-0.0,179.51,96918.35,-1
2026-01-14,2026-01-14 14:30:00,531.12,531.12,531.12,531.12,0.0,179.51,96918.35,0
2026-01-14,2026-01-14 14:31:00,531.12,531.12,531.12,531.12,0.0,179.51,96918.35,0
2026-01-14,2026-01-14 14:32:00,531.12,531.12,531.11,531.11,-0.0,179.51,96918.35,-1
2026-01-14,2026-01-14 14:33:00,531.11,531.11,531.11,531.11,0.0,179.51,96918.35,0
2026-01-14,2026-01-14 14:34:00,531.11,531.11,531.1,531.1,-0.0,179.51,96918.35,-1
2026-01-14,2026-01-14 14:35:00,531.1,531.1,531.1,531.1,0.0,179.51,96918.35,0
2026-01-14,2026-01-14 14:36:00,531.1,531.1,531.1,531.1,0.0,179.51,96918.35,0
2026-01-14,2026-01-14 14:37:00,531.1,531.1,531.09,531.09,-0.0,179.51,96918.35,-1
2026-01-14,2026-01-14 14:38:00,531.09,531.09,531.09,531.09,0.0,179.51,96918.35,0
2026-01-14,2026-01-14 14:39:00,531.09,531.09,531.08,531.08,-0.0,179.51,96918.35,-1
2026-01-14,2026-01-14 14:40:00,531.08,531.08,531.08,531.08,0.0,179.51,96918.35,0
2026-01-14,2026-01-14 14:41:00,531.08,531.08,531.08,531.08,0.0,179.51,96918.35,0
2026-01-14,2026-01-14 14:42:00,531.08,531.08,531.07,531.07,-0.0,179.51,96918.35,-1
2026-01-14,2026-01-14 14:43:00,531.07,531.07,531.07,531.07,0.0,179.51,96918.35,0
2026-01-14,2026-01-14 14:44:00,531.07,531.07,531.06,531.06,-0.0,179.51,96918.35,-1
2026-01-14,2026-01-14 14:45:00,531.06,531.06,531.06,531.06,0.0,179.51,96918.35,0
2026-01-14,2026-01-14 14:46:00,531.06,531.06,531.05,531.05,-0.0,179.51,96918.35,-1
2026-01-14,2026-01-14 14:47:00,531.05,531.05,531.05,531.05,0.0,179.51,96918.35,0
2026-01-14,2026-01-14 14:48:00,531.05,531.05,531.05,531.05,0.0,179.51,96918.35,0
2026-01-14,2026-01-14 14:49:00,531.05,531.05,531.04,531.04,-0.0,179.51,96918.35,-1
2026-01-14,2026-01-14 14:50:00,531.04,531.04,531.04,531.04,0.0,179.51,96918.35,0
2026-01-14,2026-01-14 14:51:00,531.04,531.04,531.03,531.03,-0.0,179.51,96918.35,-1
2026-01-14,2026-01-14 14:52:00,531.03,531.03,531.03,531.03,0.0,179.51,96918.35,0
2026-01-14,2026-01-14 14:53:00,531.03,531.03,531.02,531.02,-0.0,179.51,96918.35,-1
2026-01-14,2026-01-14 14:54:00,531.02,531.02,531.02,531.02,0.0,179.51,96918.35,0
2026-01-14,2026-01-14 14:55:00,531.02,531.02,531.02,531.02,0.0,179.51,96918.35,0
2026-01-14,2026-01-14 14:56:00,531.02,531.02,531.01,531.01,-0.0,179.51,96918.35,-1
2026-01-14,2026-01-14 14:57:00,531.01,531.01,531.01,531.01,0.0,179.51,96918.35,0
2026-01-14,2026-01-14 14:58:00,531.01,531.01,531.0,531.0,-0.0,179.51,96918.35,-1
2026-01-14,2026-01-14 14:59:00,531.0,531.0,531.0,531.0,0.0,179.51,96918.35,0
2026-01-14,2026-01-14 15:00:00,531.0,556.0,530.1,531.0,0.0,179.51,96918.35,0
2026-01-18,2026-01-18 11:00:00,540.0,540.0,535.53,539.95,-0.01,71.82,38031.82,-1
2026-01-18,2026-01-18 11:01:00,539.95,539.95,539.91,539.91,-0.01,71.82,38031.82,-1
2026-01-18,2026-01-18 11:02:00,539.91,539.91,539.86,539.86,-0.01,71.82,38031.82,-1
2026-01-18,2026-01-18 11:03:00,539.86,539.86,539.82,539.82,-0.01,71.82,38031.82,-1
2026-01-18,2026-01-18 11:04:00,539.82,539.82,539.77,539.77,-0.01,71.82,38031.82,-1
2026-01-18,2026-01-18 11:05:00,539.77,539.77,539.73,539.73,-0.01,71.82,38031.82,-1
2026-01-18,2026-01-18 11:06:00,539.73,539.73,539.68,539.68,-0.01,71.82,38031.82,-1
2026-01-18,2026-01-18 11:07:00,539.68,539.68,539.63,539.63,-0.01,71.82,38031.82,-1
2026-01-18,2026-01-18 11:08:00,539.63,539.63,539.59,539.59,-0.01,71.82,38031.82,-1
2026-01-18,2026-01-18 11:09:00,539.59,539.59,539.54,539.54,-0.01,71.82,38031.82,-1
2026-01-18,2026-01-18 11:10:00,539.54,539.54,539.5,539.5,-0.01,71.82,38031.82,-1
2026-01-18,2026-01-18 11:11:00,539.5,539.5,539.45,539.45,-0.01,71.82,38031.82,-1
2026-01-18,2026-01-18 11:12:00,539.45,539.45,539.4,539.4,-0.01,71.82,38031.82,-1
2026-01-18,2026-01-18 11:13:00,539.4,539.4,539.36,539.36,-0.01,71.82,38031.82,-1
2026-01-18,2026-01-18 11:14:00,539.36,539.36,539.31,539.31,-0.01,71.82,38031.82,-1
2026-01-18,2026-01-18 11:15:00,539.31,539.31,539.27,539.27,-0.01,71.82,38031.82,-1
2026-01-18,2026-01-18 11:16:00,539.27,539.27,539.22,539.22,-0.01,71.82,38031.82,-1
2026-01-18,2026-01-18 11:17:00,539.22,539.22,539.17,539.17,-0.01,71.82,38031.82,-1
2026-01-18,2026-01-18 11:18:00,539.17,539.17,539.13,539.13,-0.01,71.82,38031.82,-1
2026-01-18,2026-01-18 11:19:00,539.13,539.13,539.08,539.08,-0.01,71.82,38031.82,-1
2026-01-18,2026-01-18 11:20:00,539.08,539.08,539.04,539.04,-0.01,71.82,38031.82,-1
2026-01-18,2026-01-18 11:21:00,539.04,539.04,538.99,538.99,-0.01,71.82,38031.82,-1
2026-01-18,2026-01-18 11:22:00,538.99,538.99,538.95,538.95,-0.01,71.82,38031.82,-1
2026-01-18,2026-01-18 11:23:00,538.95,538.95,538.9,538.9,-0.01,71.82,38031.82,-1
2026-01-18,2026-01-18 11:24:00,538.9,538.9,538.85,538.85,-0.01,71.82,38031.82,-1
2026-01-18,2026-01-18 11:25:00,538.85,538.85,538.81,538.81,-0.01,71.82,38031.82,-1
2026-01-18,2026-01-18 11:26:00,538.81,538.81,538.76,538.76,-0.01,71.82,38031.82,-1
2026-01-18,2026-01-18 11:27:00,538.76,538.76,538.72,538.72,-0.01,71.82,38031.82,-1
2026-01-18,2026-01-18 11:28:00,538.72,538.72,538.67,538.67,-0.01,71.82,38031.82,-1
2026-01-18,2026-01-18 11:29:00,538.67,538.67,538.62,538.62,-0.01,71.82,38031.82,-1
2026-01-18,2026-01-18 11:30:00,538.62,538.62,538.58,538.58,-0.01,71.82,38031.82,-1
2026-01-18,2026-01-18 11:31:00,538.58,538.58,538.53,538.53,-0.01,71.82,38031.82,-1
2026-01-18,2026-01-18 11:32:00,538.53,538.53,538.49,538.49,-0.01,71.82,38031.82,-1
2026-01-18,2026-01-18 11:33:00,538.49,538.49,538.44,538.44,-0.01,71.82,38031.82,-1
2026-01-18,2026-01-18 11:34:00,538.44,538.44,538.4,538.4,-0.01,71.82,38031.82,-1
2026-01-18,2026-01-18 11:35:00,538.4,538.4,538.35,538.35,-0.01,71.82,38031.82,-1
2026-01-18,2026-01-18 11:36:00,538.35,538.35,538.3,538.3,-0.01,71.82,38031.82,-1
2026-01-18,2026-01-18 11:37:00,538.3,538.3,538.26,538.26,-0.01,71.82,38031.82,-1
2026-01-18,2026-01-18 11:38:00,538.26,538.26,538.21,538.21,-0.01,71.82,38031.82,-1
2026-01-18,2026-01-18 11:39:00,538.21,538.21,538.17,538.17,-0.01,71.82,38031.82,-1
2026-01-18,2026-01-18 11:40:00,538.17,538.17,538.12,538.12,-0.01,71.82,38031.82,-1
2026-01-18,2026-01-18 11:41:00,538.12,538.12,538.08,538.08,-0.01,71.82,38031.82,-1
2026-01-18,2026-01-18 11:42:00,538.08,538.08,538.03,538.03,-0.01,71.82,38031.82,-1
2026-01-18,2026-01-18 11:43:00,538.03,538.03,537.98,537.98,-0.01,71.82,38031.82,-1
2026-01-18,2026-01-18 11:44:00,537.98,537.98,537.94,537.94,-0.01,71.82,38031.82,-1
2026-01-18,2026-01-18 11:45:00,537.94,537.94,537.89,537.89,-0.01,71.82,38031.82,-1
2026-01-18,2026-01-18 11:46:00,537.89,537.89,537.85,537.85,-0.01,71.82,38031.82,-1
2026-01-18,2026-01-18 11:47:00,537.85,537.85,537.8,537.8,-0.01,71.82,38031.82,-1
2026-01-18,2026-01-18 11:48:00,537.8,537.8,537.75,537.75,-0.01,71.82,38031.82,-1
2026-01-18,2026-01-18 11:49:00,537.75,537.75,537.71,537.71,-0.01,71.82,38031.82,-1
2026-01-18,2026-01-18 11:50:00,537.71,537.71,537.66,537.66,-0.01,71.82,38031.82,-1
2026-01-18,2026-01-18 11:51:00,537.66,537.66,537.62,537.62,-0.01,71.82,38031.82,-1
2026-01-18,2026-01-18 11:52:00,537.62,537.62,537.57,537.57,-0.01,71.82,38031.82,-1
2026-01-18,2026-01-18 11:53:00,537.57,537.57,537.52,537.52,-0.01,71.82,38031.82,-1
2026-01-18,2026-01-18 11:54:00,537.52,537.52,537.48,537.48,-0.01,71.82,38031.82,-1
2026-01-18,2026-01-18 11:55:00,537.48,537.48,537.43,537.43,-0.01,71.82,38031.82,-1
2026-01-18,2026-01-18 11:56:00,537.43,537.43,537.39,537.39,-0.01,71.82,38031.82,-1
2026-01-18,2026-01-18 11:57:00,537.39,537.39,537.34,537.34,-0.01,71.82,38031.82,-1
2026-01-18,2026-01-18 11:58:00,537.34,537.34,537.3,537.3,-0.01,71.82,38031.82,-1
2026-01-18,2026-01-18 11:59:00,537.3,537.3,537.25,537.25,-0.01,71.82,38031.82,-1
2026-01-18,2026-01-18 12:00:00,537.25,537.25,537.2,537.2,-0.01,71.82,38031.82,-1
2026-01-18,2026-01-18 12:01:00,537.2,537.2,537.16,537.16,-0.01,71.82,38031.82,-1
2026-01-18,2026-01-18 12:02:00,537.16,537.16,537.11,537.11,-0.01,71.82,38031.82,-1
2026-01-18,2026-01-18 12:03:00,537.11,537.11,537.07,537.07,-0.01,71.82,38031.82,-1
2026-01-18,2026-01-18 12:04:00,537.07,537.07,537.02,537.02,-0.01,71.82,38031.82,-1
2026-01-18,2026-01-18 12:05:00,537.02,537.02,536.98,536.98,-0.01,71.82,38031.82,-1
2026-01-18,2026-01-18 12:06:00,536.98,536.98,536.93,536.93,-0.01,71.82,38031.82,-1
2026-01-18,2026-01-18 12:07:00,536.93,536.93,536.88,536.88,-0.01,71.82,38031.82,-1
2026-01-18,2026-01-18 12:08:00,536.88,536.88,536.84,536.84,-0.01,71.82,38031.82,-1
2026-01-18,2026-01-18 12:09:00,536.84,536.84,536.79,536.79,-0.01,71.82,38031.82,-1
2026-01-18,2026-01-18 12:10:00,536.79,536.79,536.75,536.75,-0.01,71.82,38031.82,-1
2026-01-18,2026-01-18 12:11:00,536.75,536.75,536.7,536.7,-0.01,71.82,38031.82,-1
2026-01-18,2026-01-18 12:12:00,536.7,536.7,536.65,536.65,-0.01,71.82,38031.82,-1
2026-01-18,2026-01-18 12:13:00,536.65,536.65,536.61,536.61,-0.01,71.82,38031.82,-1
2026-01-18,2026-01-18 12:14:00,536.61,536.61,536.56,536.56,-0.01,71.82,38031.82,-1
2026-01-18,2026-01-18 12:15:00,536.56,536.56,536.52,536.52,-0.01,71.82,38031.82,-1
2026-01-18,2026-01-18 12:16:00,536.52,536.52,536.47,536.47,-0.01,71.82,38031.82,-1
2026-01-18,2026-01-18 12:17:00,536.47,536.47,536.42,536.42,-0.01,71.82,38031.82,-1
2026-01-18,2026-01-18 12:18:00,536.42,536.42,536.38,536.38,-0.01,71.82,38031.82,-1
2026-01-18,2026-01-18 12:19:00,536.38,536.38,536.33,536.33,-0.01,71.82,38031.82,-1
2026-01-18,2026-01-18 12:20:00,536.33,536.33,536.29,536.29,-0.01,71.82,38031.82,-1
2026-01-18,2026-01-18 12:21:00,536.29,536.29,536.24,536.24,-0.01,71.82,38031.82,-1
2026-01-18,2026-01-18 12:22:00,536.24,536.24,536.2,536.2,-0.01,71.82,38031.82,-1
2026-01-18,2026-01-18 12:23:00,536.2,536.2,536.15,536.15,-0.01,71.82,38031.82,-1
2026-01-18,2026-01-18 12:24:00,536.15,536.15,536.1,536.1,-0.01,71.82,38031.82,-1
2026-01-18,2026-01-18 12:25:00,536.1,536.1,536.06,536.06,-0.01,71.82,38031.82,-1
2026-01-18,2026-01-18 12:26:00,536.06,536.06,536.01,536.01,-0.01,71.82,38031.82,-1
2026-01-18,2026-01-18 12:27:00,536.01,536.01,535.97,535.97,-0.01,71.82,38031.82,-1
2026-01-18,2026-01-18 12:28:00,535.97,535.97,535.92,535.92,-0.01,71.82,38031.82,-1
2026-01-18,2026-01-18 12:29:00,535.92,535.92,535.88,535.88,-0.01,71.82,38031.82,-1
2026-01-18,2026-01-18 12:30:00,535.88,535.88,535.83,535.83,-0.01,71.82,38031.82,-1
2026-01-18,2026-01-18 12:31:00,535.83,535.83,535.78,535.78,-0.01,71.82,38031.82,-1
2026-01-18,2026-01-18 12:32:00,535.78,535.78,535.74,535.74,-0.01,71.82,38031.82,-1
2026-01-18,2026-01-18 12:33:00,535.74,535.74,535.69,535.69,-0.01,71.82,38031.82,-1
2026-01-18,2026-01-18 12:34:00,535.69,535.69,535.65,535.65,-0.01,71.82,38031.82,-1
2026-01-18,2026-01-18 12:35:00,535.65,535.65,535.6,535.6,-0.01,71.82,38031.82,-1
2026-01-18,2026-01-18 12:36:00,535.6,535.6,535.55,535.55,-0.01,71.82,38031.82,-1
2026-01-18,2026-01-18 12:37:00,535.55,535.55,535.51,535.51,-0.01,71.82,38031.82,-1
2026-01-18,2026-01-18 12:38:00,535.51,535.51,535.46,535.46,-0.01,71.82,38031.82,-1
2026-01-18,2026-01-18 12:39:00,535.46,535.46,535.42,535.42,-0.01,71.82,38031.82,-1
2026-01-18,2026-01-18 12:40:00,535.42,535.42,535.37,535.37,-0.01,71.82,38031.82,-1
2026-01-18,2026-01-18 12:41:00,535.37,535.37,535.33,535.33,-0.01,71.82,38031.82,-1
2026-01-18,2026-01-18 12:42:00,535.33,535.33,535.28,535.28,-0.01,71.82,38031.82,-1
2026-01-18,2026-01-18 12:43:00,535.28,535.28,535.23,535.23,-0.01,71.82,38031.82,-1
2026-01-18,2026-01-18 12:44:00,535.23,535.23,535.19,535.19,-0.01,71.82,38031.82,-1
2026-01-18,2026-01-18 12:45:00,535.19,535.19,535.14,535.14,-0.01,71.82,38031.82,-1
2026-01-18,2026-01-18 12:46:00,535.14,535.14,535.1,535.1,-0.01,71.82,38031.82,-1
2026-01-18,2026-01-18 12:47:00,535.1,535.1,535.05,535.05,-0.01,71.82,38031.82,-1
2026-01-18,2026-01-18 12:48:00,535.05,535.05,535.0,535.0,-0.01,71.82,38031.82,-1
2026-01-18,2026-01-18 12:49:00,535.0,535.0,534.96,534.96,-0.01,71.82,38031.82,-1
2026-01-18,2026-01-18 12:50:00,534.96,534.96,534.91,534.91,-0.01,71.82,38031.82,-1
2026-01-18,2026-01-18 12:51:00,534.91,534.91,534.87,534.87,-0.01,71.82,38031.82,-1
2026-01-18,2026-01-18 12:52:00,534.87,534.87,534.82,534.82,-0.01,71.82,38031.82,-1
2026-01-18,2026-01-18 12:53:00,534.82,534.82,534.77,534.77,-0.01,71.82,38031.82,-1
2026-01-18,2026-01-18 12:54:00,534.77,534.77,534.73,534.73,-0.01,71.82,38031.82,-1
2026-01-18,2026-01-18 12:55:00,534.73,534.73,534.68,534.68,-0.01,71.82,38031.82,-1
2026-01-18,2026-01-18 12:56:00,534.68,534.68,534.64,534.64,-0.01,71.82,38031.82,-1
2026-01-18,2026-01-18 12:57:00,534.64,534.64,534.59,534.59,-0.01,71.82,38031.82,-1
2026-01-18,2026-01-18 12:58:00,534.59,534.59,534.55,534.55,-0.01,71.82,38031.82,-1
2026-01-18,2026-01-18 12:59:00,534.55,534.55,534.5,534.5,-0.01,71.82,38031.82,-1
2026-01-18,2026-01-18 13:00:00,534.5,540.0,525.1,534.45,-0.01,71.82,38031.82,-1
2026-01-18,2026-01-18 13:01:00,534.45,534.45,534.41,534.41,-0.01,71.82,38031.82,-1
2026-01-18,2026-01-18 13:02:00,534.41,534.41,534.36,534.36,-0.01,71.82,38031.82,-1
2026-01-18,2026-01-18 13:03:00,534.36,534.36,534.32,534.32,-0.01,71.82,38031.82,-1
2026-01-18,2026-01-18 13:04:00,534.32,534.32,534.27,534.27,-0.01,71.82,38031.82,-1
2026-01-18,2026-01-18 13:05:00,534.27,534.27,534.23,534.23,-0.01,71.82,38031.82,-1
2026-01-18,2026-01-18 13:06:00,534.23,534.23,534.18,534.18,-0.01,71.82,38031.82,-1
2026-01-18,2026-01-18 13:07:00,534.18,534.18,534.13,534.13,-0.01,71.82,38031.82,-1
2026-01-18,2026-01-18 13:08:00,534.13,534.13,534.09,534.09,-0.01,71.82,38031.82,-1
2026-01-18,2026-01-18 13:09:00,534.09,534.09,534.04,534.04,-0.01,71.82,38031.82,-1
2026-01-18,2026-01-18 13:10:00,534.04,534.04,534.0,534.0,-0.01,71.82,38031.82,-1
2026-01-18,2026-01-18 13:11:00,534.0,534.0,533.95,533.95,-0.01,71.82,38031.82,-1
2026-01-18,2026-01-18 13:12:00,533.95,533.95,533.9,533.9,-0.01,71.82,38031.82,-1
2026-01-18,2026-01-18 13:13:00,533.9,533.9,533.86,533.86,-0.01,71.82,38031.82,-1
2026-01-18,2026-01-18 13:14:00,533.86,533.86,533.81,533.81,-0.01,71.82,38031.82,-1
2026-01-18,2026-01-18 13:15:00,533.81,533.81,533.77,533.77,-0.01,71.82,38031.82,-1
2026-01-18,2026-01-18 13:16:00,533.77,533.77,533.72,533.72,-0.01,71.82,38031.82,-1
2026-01-18,2026-01-18 13:17:00,533.72,533.72,533.67,533.67,-0.01,71.82,38031.82,-1
2026-01-18,2026-01-18 13:18:00,533.67,533.67,533.63,533.63,-0.01,71.82,38031.82,-1
2026-01-18,2026-01-18 13:19:00,533.63,533.63,533.58,533.58,-0.01,71.82,38031.82,-1
2026-01-18,2026-01-18 13:20:00,533.58,533.58,533.54,533.54,-0.01,71.82,38031.82,-1
2026-01-18,2026-01-18 13:21:00,533.54,533.54,533.49,533.49,-0.01,71.82,38031.82,-1
2026-01-18,2026-01-18 13:22:00,533.49,533.49,533.45,533.45,-0.01,71.82,38031.82,-1
2026-01-18,2026-01-18 13:23:00,533.45,533.45,533.4,533.4,-0.01,71.82,38031.82,-1
2026-01-18,2026-01-18 13:24:00,533.4,533.4,533.35,533.35,-0.01,71.82,38031.82,-1
2026-01-18,2026-01-18 13:25:00,533.35,533.35,533.31,533.31,-0.01,71.82,38031.82,-1
2026-01-18,2026-01-18 13:26:00,533.31,533.31,533.26,533.26,-0.01,71.82,38031.82,-1
2026-01-18,2026-01-18 13:27:00,533.26,533.26,533.22,533.22,-0.01,71.82,38031.82,-1
2026-01-18,2026-01-18 13:28:00,533.22,533.22,533.17,533.17,-0.01,71.82,38031.82,-1
2026-01-18,2026-01-18 13:29:00,533.17,533.17,533.12,533.12,-0.01,71.82,38031.82,-1
2026-01-18,2026-01-18 13:30:00,533.12,533.12,533.08,533.08,-0.01,71.82,38031.82,-1
2026-01-18,2026-01-18 13:31:00,533.08,533.08,533.03,533.03,-0.01,71.82,38031.82,-1
2026-01-18,2026-01-18 13:32:00,533.03,533.03,532.99,532.99,-0.01,71.82,38031.82,-1
2026-01-18,2026-01-18 13:33:00,532.99,532.99,532.94,532.94,-0.01,71.82,38031.82,-1
2026-01-18,2026-01-18 13:34:00,532.94,532.94,532.9,532.9,-0.01,71.82,38031.82,-1
2026-01-18,2026-01-18 13:35:00,532.9,532.9,532.85,532.85,-0.01,71.82,38031.82,-1
2026-01-18,2026-01-18 13:36:00,532.85,532.85,532.8,532.8,-0.01,71.82,38031.82,-1
2026-01-18,2026-01-18 13:37:00,532.8,532.8,532.76,532.76,-0.01,71.82,38031.82,-1
2026-01-18,2026-01-18 13:38:00,532.76,532.76,532.71,532.71,-0.01,71.82,38031.82,-1
2026-01-18,2026-01-18 13:39:00,532.71,532.71,532.67,532.67,-0.01,71.82,38031.82,-1
2026-01-18,2026-01-18 13:40:00,532.67,532.67,532.62,532.62,-0.01,71.82,38031.82,-1
2026-01-18,2026-01-18 13:41:00,532.62,532.62,532.58,532.58,-0.01,71.82,38031.82,-1
2026-01-18,2026-01-18 13:42:00,532.58,532.58,532.53,532.53,-0.01,71.82,38031.82,-1
2026-01-18,2026-01-18 13:43:00,532.53,532.53,532.48,532.48,-0.01,71.82,38031.82,-1
2026-01-18,2026-01-18 13:44:00,532.48,532.48,532.44,532.44,-0.01,71.82,38031.82,-1
2026-01-18,2026-01-18 13:45:00,532.44,532.44,532.39,532.39,-0.01,71.82,38031.82,-1
2026-01-18,2026-01-18 13:46:00,532.39,532.39,532.35,532.35,-0.01,71.82,38031.82,-1
2026-01-18,2026-01-18 13:47:00,532.35,532.35,532.3,532.3,-0.01,71.82,38031.82,-1
2026-01-18,2026-01-18 13:48:00,532.3,532.3,532.25,532.25,-0.01,71.82,38031.82,-1
2026-01-18,2026-01-18 13:49:00,532.25,532.25,532.21,532.21,-0.01,71.82,38031.82,-1
2026-01-18,2026-01-18 13:50:00,532.21,532.21,532.16,532.16,-0.01,71.82,38031.82,-1
2026-01-18,2026-01-18 13:51:00,532.16,532.16,532.12,532.12,-0.01,71.82,38031.82,-1
2026-01-18,2026-01-18 13:52:00,532.12,532.12,532.07,532.07,-0.01,71.82,38031.82,-1
2026-01-18,2026-01-18 13:53:00,532.07,532.07,532.02,532.02,-0.01,71.82,38031.82,-1
2026-01-18,2026-01-18 13:54:00,532.02,532.02,531.98,531.98,-0.01,71.82,38031.82,-1
2026-01-18,2026-01-18 13:55:00,531.98,531.98,531.93,531.93,-0.01,71.82,38031.82,-1
2026-01-18,2026-01-18 13:56:00,531.93,531.93,531.89,531.89,-0.01,71.82,38031.82,-1
2026-01-18,2026-01-18 13:57:00,531.89,531.89,531.84,531.84,-0.01,71.82,38031.82,-1
2026-01-18,2026-01-18 13:58:00,531.84,531.84,531.8,531.8,-0.01,71.82,38031.82,-1
2026-01-18,2026-01-18 13:59:00,531.8,531.8,531.75,531.75,-0.01,71.82,38031.82,-1
2026-01-18,2026-01-18 14:00:00,531.75,531.75,531.7,531.7,-0.01,71.82,38031.82,-1
2026-01-18,2026-01-18 14:01:00,531.7,531.7,531.66,531.66,-0.01,71.82,38031.82,-1
2026-01-18,2026-01-18 14:02:00,531.66,531.66,531.61,531.61,-0.01,71.82,38031.82,-1
2026-01-18,2026-01-18 14:03:00,531.61,531.61,531.57,531.57,-0.01,71.82,38031.82,-1
2026-01-18,2026-01-18 14:04:00,531.57,531.57,531.52,531.52,-0.01,71.82,38031.82,-1
2026-01-18,2026-01-18 14:05:00,531.52,531.52,531.48,531.48,-0.01,71.82,38031.82,-1
2026-01-18,2026-01-18 14:06:00,531.48,531.48,531.43,531.43,-0.01,71.82,38031.82,-1
2026-01-18,2026-01-18 14:07:00,531.43,531.43,531.38,531.38,-0.01,71.82,38031.82,-1
2026-01-18,2026-01-18 14:08:00,531.38,531.38,531.34,531.34,-0.01,71.82,38031.82,-1
2026-01-18,2026-01-18 14:09:00,531.34,531.34,531.29,531.29,-0.01,71.82,38031.82,-1
2026-01-18,2026-01-18 14:10:00,531.29,531.29,531.25,531.25,-0.01,71.82,38031.82,-1
2026-01-18,2026-01-18 14:11:00,531.25,531.25,531.2,531.2,-0.01,71.82,38031.82,-1
2026-01-18,2026-01-18 14:12:00,531.2,531.2,531.15,531.15,-0.01,71.82,38031.82,-1
2026-01-18,2026-01-18 14:13:00,531.15,531.15,531.11,531.11,-0.01,71.82,38031.82,-1
2026-01-18,2026-01-18 14:14:00,531.11,531.11,531.06,531.06,-0.01,71.82,38031.82,-1
2026-01-18,2026-01-18 14:15:00,531.06,531.06,531.02,531.02,-0.01,71.82,38031.82,-1
2026-01-18,2026-01-18 14:16:00,531.02,531.02,530.97,530.97,-0.01,71.82,38031.82,-1
2026-01-18,2026-01-18 14:17:00,530.97,530.97,530.92,530.92,-0.01,71.82,38031.82,-1
2026-01-18,2026-01-18 14:18:00,530.92,530.92,530.88,530.88,-0.01,71.82,38031.82,-1
2026-01-18,2026-01-18 14:19:00,530.88,530.88,530.83,530.83,-0.01,71.82,38031.82,-1
2026-01-18,2026-01-18 14:20:00,530.83,530.83,530.79,530.79,-0.01,71.82,38031.82,-1
2026-01-18,2026-01-18 14:21:00,530.79,530.79,530.74,530.74,-0.01,71.82,38031.82,-1
2026-01-18,2026-01-18 14:22:00,530.74,530.74,530.7,530.7,-0.01,71.82,38031.82,-1
2026-01-18,2026-01-18 14:23:00,530.7,530.7,530.65,530.65,-0.01,71.82,38031.82,-1
2026-01-18,2026-01-18 14:24:00,530.65,530.65,530.6,530.6,-0.01,71.82,38031.82,-1
2026-01-18,2026-01-18 14:25:00,530.6,530.6,530.56,530.56,-0.01,71.82,38031.82,-1
2026-01-18,2026-01-18 14:26:00,530.56,530.56,530.51,530.51,-0.01,71.82,38031.82,-1
2026-01-18,2026-01-18 14:27:00,530.51,530.51,530.47,530.47,-0.01,71.82,38031.82,-1
2026-01-18,2026-01-18 14:28:00,530.47,530.47,530.42,530.42,-0.01,71.82,38031.82,-1
2026-01-18,2026-01-18 14:29:00,530.42,530.42,530.38,530.38,-0.01,71.82,38031.82,-1
2026-01-18,2026-01-18 14:30:00,530.38,530.38,530.33,530.33,-0.01,71.82,38031.82,-1
2026-01-18,2026-01-18 14:31:00,530.33,530.33,530.28,530.28,-0.01,71.82,38031.82,-1
2026-01-18,2026-01-18 14:32:00,530.28,530.28,530.24,530.24,-0.01,71.82,38031.82,-1
2026-01-18,2026-01-18 14:33:00,530.24,530.24,530.19,530.19,-0.01,71.82,38031.82,-1
2026-01-18,2026-01-18 14:34:00,530.19,530.19,530.15,530.15,-0.01,71.82,38031.82,-1
2026-01-18,2026-01-18 14:35:00,530.15,530.15,530.1,530.1,-0.01,71.82,38031.82,-1
2026-01-18,2026-01-18 14:36:00,530.1,530.1,530.05,530.05,-0.01,71.82,38031.82,-1
2026-01-18,2026-01-18 14:37:00,530.05,530.05,530.01,530.01,-0.01,71.82,38031.82,-1
2026-01-18,2026-01-18 14:38:00,530.01,530.01,529.96,529.96,-0.01,71.82,38031.82,-1
2026-01-18,2026-01-18 14:39:00,529.96,529.96,529.92,529.92,-0.01,71.82,38031.82,-1
2026-01-18,2026-01-18 14:40:00,529.92,529.92,529.87,529.87,-0.01,71.82,38031.82,-1
2026-01-18,2026-01-18 14:41:00,529.87,529.87,529.83,529.83,-0.01,71.82,38031.82,-1
2026-01-18,2026-01-18 14:42:00,529.83,529.83,529.78,529.78,-0.01,71.82,38031.82,-1
2026-01-18,2026-01-18 14:43:00,529.78,529.78,529.73,529.73,-0.01,71.82,38031.82,-1
2026-01-18,2026-01-18 14:44:00,529.73,529.73,529.69,529.69,-0.01,71.82,38031.82,-1
2026-01-18,2026-01-18 14:45:00,529.69,529.69,529.64,529.64,-0.01,71.82,38031.82,-1
2026-01-18,2026-01-18 14:46:00,529.64,529.64,529.6,529.6,-0.01,71.82,38031.82,-1
2026-01-18,2026-01-18 14:47:00,529.6,529.6,529.55,529.55,-0.01,71.82,38031.82,-1
2026-01-18,2026-01-18 14:48:00,529.55,529.55,529.5,529.5,-0.01,71.82,38031.82,-1
2026-01-18,2026-01-18 14:49:00,529.5,529.5,529.46,529.46,-0.01,71.82,38031.82,-1
2026-01-18,2026-01-18 14:50:00,529.46,529.46,529.41,529.41,-0.01,71.82,38031.82,-1
2026-01-18,2026-01-18 14:51:00,529.41,529.41,529.37,529.37,-0.01,71.82,38031.82,-1
2026-01-18,2026-01-18 14:52:00,529.37,529.37,529.32,529.32,-0.01,71.82,38031.82,-1
2026-01-18,2026-01-18 14:53:00,529.32,529.32,529.27,529.27,-0.01,71.82,38031.82,-1
2026-01-18,2026-01-18 14:54:00,529.27,529.27,529.23,529.23,-0.01,71.82,38031.82,-1
2026-01-18,2026-01-18 14:55:00,529.23,529.23,529.18,529.18,-0.01,71.82,38031.82,-1
2026-01-18,2026-01-18 14:56:00,529.18,529.18,529.14,529.14,-0.01,71.82,38031.82,-1
2026-01-18,2026-01-18 14:57:00,529.14,529.14,529.09,529.09,-0.01,71.82,38031.82,-1
2026-01-18,2026-01-18 14:58:00,529.09,529.09,529.05,529.05,-0.01,71.82,38031.82,-1
2026-01-18,2026-01-18 14:59:00,529.05,529.05,529.0,529.0,-0.01,71.82,38031.82,-1
2026-01-18,2026-01-18 15:00:00,529.0,540.0,525.1,529.0,0.0,71.82,38031.82,0
2026-01-20,2026-01-20 11:00:00,539.5,540.52,536.35,539.47,-0.01,92.36,49529.75,-1
2026-01-20,2026-01-20 11:01:00,539.47,539.47,539.44,539.44,-0.01,92.36,49529.75,-1
2026-01-20,2026-01-20 11:02:00,539.44,539.44,539.41,539.41,-0.01,92.36,49529.75,-1
2026-01-20,2026-01-20 11:03:00,539.41,539.41,539.38,539.38,-0.01,92.36,49529.75,-1
2026-01-20,2026-01-20 11:04:00,539.38,539.38,539.34,539.34,-0.01,92.36,49529.75,-1
2026-01-20,2026-01-20 11:05:00,539.34,539.34,539.31,539.31,-0.01,92.36,49529.75,-1
2026-01-20,2026-01-20 11:06:00,539.31,539.31,539.28,539.28,-0.01,92.36,49529.75,-1
2026-01-20,2026-01-20 11:07:00,539.28,539.28,539.25,539.25,-0.01,92.36,49529.75,-1
2026-01-20,2026-01-20 11:08:00,539.25,539.25,539.22,539.22,-0.01,92.36,49529.75,-1
2026-01-20,2026-01-20 11:09:00,539.22,539.22,539.19,539.19,-0.01,92.36,49529.75,-1
2026-01-20,2026-01-20 11:10:00,539.19,539.19,539.16,539.16,-0.01,92.36,49529.75,-1
2026-01-20,2026-01-20 11:11:00,539.16,539.16,539.12,539.12,-0.01,92.36,49529.75,-1
2026-01-20,2026-01-20 11:12:00,539.12,539.12,539.09,539.09,-0.01,92.36,49529.75,-1
2026-01-20,2026-01-20 11:13:00,539.09,539.09,539.06,539.06,-0.01,92.36,49529.75,-1
2026-01-20,2026-01-20 11:14:00,539.06,539.06,539.03,539.03,-0.01,92.36,49529.75,-1
2026-01-20,2026-01-20 11:15:00,539.03,539.03,539.0,539.0,-0.01,92.36,49529.75,-1
2026-01-20,2026-01-20 11:16:00,539.0,539.0,538.97,538.97,-0.01,92.36,49529.75,-1
2026-01-20,2026-01-20 11:17:00,538.97,538.97,538.94,538.94,-0.01,92.36,49529.75,-1
2026-01-20,2026-01-20 11:18:00,538.94,538.94,538.91,538.91,-0.01,92.36,49529.75,-1
2026-01-20,2026-01-20 11:19:00,538.91,538.91,538.88,538.88,-0.01,92.36,49529.75,-1
2026-01-20,2026-01-20 11:20:00,538.88,538.88,538.84,538.84,-0.01,92.36,49529.75,-1
2026-01-20,2026-01-20 11:21:00,538.84,538.84,538.81,538.81,-0.01,92.36,49529.75,-1
2026-01-20,2026-01-20 11:22:00,538.81,538.81,538.78,538.78,-0.01,92.36,49529.75,-1
2026-01-20,2026-01-20 11:23:00,538.78,538.78,538.75,538.75,-0.01,92.36,49529.75,-1
2026-01-20,2026-01-20 11:24:00,538.75,538.75,538.72,538.72,-0.01,92.36,49529.75,-1
2026-01-20,2026-01-20 11:25:00,538.72,538.72,538.69,538.69,-0.01,92.36,49529.75,-1
2026-01-20,2026-01-20 11:26:00,538.69,538.69,538.66,538.66,-0.01,92.36,49529.75,-1
2026-01-20,2026-01-20 11:27:00,538.66,538.66,538.62,538.62,-0.01,92.36,49529.75,-1
2026-01-20,2026-01-20 11:28:00,538.62,538.62,538.59,538.59,-0.01,92.36,49529.75,-1
2026-01-20,2026-01-20 11:29:00,538.59,538.59,538.56,538.56,-0.01,92.36,49529.75,-1
2026-01-20,2026-01-20 11:30:00,538.56,538.56,538.53,538.53,-0.01,92.36,49529.75,-1
2026-01-20,2026-01-20 11:31:00,538.53,538.53,538.5,538.5,-0.01,92.36,49529.75,-1
2026-01-20,2026-01-20 11:32:00,538.5,538.5,538.47,538.47,-0.01,92.36,49529.75,-1
2026-01-20,2026-01-20 11:33:00,538.47,538.47,538.44,538.44,-0.01,92.36,49529.75,-1
2026-01-20,2026-01-20 11:34:00,538.44,538.44,538.41,538.41,-0.01,92.36,49529.75,-1
2026-01-20,2026-01-20 11:35:00,538.41,538.41,538.38,538.38,-0.01,92.36,49529.75,-1
2026-01-20,2026-01-20 11:36:00,538.38,538.38,538.34,538.34,-0.01,92.36,49529.75,-1
2026-01-20,2026-01-20 11:37:00,538.34,538.34,538.31,538.31,-0.01,92.36,49529.75,-1
2026-01-20,2026-01-20 11:38:00,538.31,538.31,538.28,538.28,-0.01,92.36,49529.75,-1
2026-01-20,2026-01-20 11:39:00,538.28,538.28,538.25,538.25,-0.01,92.36,49529.75,-1
2026-01-20,2026-01-20 11:40:00,538.25,538.25,538.22,538.22,-0.01,92.36,49529.75,-1
2026-01-20,2026-01-20 11:41:00,538.22,538.22,538.19,538.19,-0.01,92.36,49529.75,-1
2026-01-20,2026-01-20 11:42:00,538.19,538.19,538.16,538.16,-0.01,92.36,49529.75,-1
2026-01-20,2026-01-20 11:43:00,538.16,538.16,538.12,538.12,-0.01,92.36,49529.75,-1
2026-01-20,2026-01-20 11:44:00,538.12,538.12,538.09,538.09,-0.01,92.36,49529.75,-1
2026-01-20,2026-01-20 11:45:00,538.09,538.09,538.06,538.06,-0.01,92.36,49529.75,-1
2026-01-20,2026-01-20 11:46:00,538.06,538.06,538.03,538.03,-0.01,92.36,49529.75,-1
2026-01-20,2026-01-20 11:47:00,538.03,538.03,538.0,538.0,-0.01,92.36,49529.75,-1
2026-01-20,2026-01-20 11:48:00,538.0,538.0,537.97,537.97,-0.01,92.36,49529.75,-1
2026-01-20,2026-01-20 11:49:00,537.97,537.97,537.94,537.94,-0.01,92.36,49529.75,-1
2026-01-20,2026-01-20 11:50:00,537.94,537.94,537.91,537.91,-0.01,92.36,49529.75,-1
2026-01-20,2026-01-20 11:51:00,537.91,537.91,537.88,537.88,-0.01,92.36,49529.75,-1
2026-01-20,2026-01-20 11:52:00,537.88,537.88,537.84,537.84,-0.01,92.36,49529.75,-1
2026-01-20,2026-01-20 11:53:00,537.84,537.84,537.81,537.81,-0.01,92.36,49529.75,-1
2026-01-20,2026-01-20 11:54:00,537.81,537.81,537.78,537.78,-0.01,92.36,49529.75,-1
2026-01-20,2026-01-20 11:55:00,537.78,537.78,537.75,537.75,-0.01,92.36,49529.75,-1
2026-01-20,2026-01-20 11:56:00,537.75,537.75,537.72,537.72,-0.01,92.36,49529.75,-1
2026-01-20,2026-01-20 11:57:00,537.72,537.72,537.69,537.69,-0.01,92.36,49529.75,-1
2026-01-20,2026-01-20 11:58:00,537.69,537.69,537.66,537.66,-0.01,92.36,49529.75,-1
2026-01-20,2026-01-20 11:59:00,537.66,537.66,537.62,537.62,-0.01,92.36,49529.75,-1
2026-01-20,2026-01-20 12:00:00,537.62,537.62,537.59,537.59,-0.01,92.36,49529.75,-1
2026-01-20,2026-01-20 12:01:00,537.59,537.59,537.56,537.56,-0.01,92.36,49529.75,-1
2026-01-20,2026-01-20 12:02:00,537.56,537.56,537.53,537.53,-0.01,92.36,49529.75,-1
2026-01-20,2026-01-20 12:03:00,537.53,537.53,537.5,537.5,-0.01,92.36,49529.75,-1
2026-01-20,2026-01-20 12:04:00,537.5,537.5,537.47,537.47,-0.01,92.36,49529.75,-1
2026-01-20,2026-01-20 12:05:00,537.47,537.47,537.44,537.44,-0.01,92.36,49529.75,-1
2026-01-20,2026-01-20 12:06:00,537.44,537.44,537.41,537.41,-0.01,92.36,49529.75,-1
2026-01-20,2026-01-20 12:07:00,537.41,537.41,537.38,537.38,-0.01,92.36,49529.75,-1
2026-01-20,2026-01-20 12:08:00,537.38,537.38,537.34,537.34,-0.01,92.36,49529.75,-1
2026-01-20,2026-01-20 12:09:00,537.34,537.34,537.31,537.31,-0.01,92.36,49529.75,-1
2026-01-20,2026-01-20 12:10:00,537.31,537.31,537.28,537.28,-0.01,92.36,49529.75,-1
2026-01-20,2026-01-20 12:11:00,537.28,537.28,537.25,537.25,-0.01,92.36,49529.75,-1
2026-01-20,2026-01-20 12:12:00,537.25,537.25,537.22,537.22,-0.01,92.36,49529.75,-1
2026-01-20,2026-01-20 12:13:00,537.22,537.22,537.19,537.19,-0.01,92.36,49529.75,-1
2026-01-20,2026-01-20 12:14:00,537.19,537.19,537.16,537.16,-0.01,92.36,49529.75,-1
2026-01-20,2026-01-20 12:15:00,537.16,537.16,537.12,537.12,-0.01,92.36,49529.75,-1
2026-01-20,2026-01-20 12:16:00,537.12,537.12,537.09,537.09,-0.01,92.36,49529.75,-1
2026-01-20,2026-01-20 12:17:00,537.09,537.09,537.06,537.06,-0.01,92.36,49529.75,-1
2026-01-20,2026-01-20 12:18:00,537.06,537.06,537.03,537.03,-0.01,92.36,49529.75,-1
2026-01-20,2026-01-20 12:19:00,537.03,537.03,537.0,537.0,-0.01,92.36,49529.75,-1
2026-01-20,2026-01-20 12:20:00,537.0,537.0,536.97,536.97,-0.01,92.36,49529.75,-1
2026-01-20,2026-01-20 12:21:00,536.97,536.97,536.94,536.94,-0.01,92.36,49529.75,-1
2026-01-20,2026-01-20 12:22:00,536.94,536.94,536.91,536.91,-0.01,92.36,49529.75,-1
2026-01-20,2026-01-20 12:23:00,536.91,536.91,536.88,536.88,-0.01,92.36,49529.75,-1
2026-01-20,2026-01-20 12:24:00,536.88,536.88,536.84,536.84,-0.01,92.36,49529.75,-1
2026-01-20,2026-01-20 12:25:00,536.84,536.84,536.81,536.81,-0.01,92.36,49529.75,-1
2026-01-20,2026-01-20 12:26:00,536.81,536.81,536.78,536.78,-0.01,92.36,49529.75,-1
2026-01-20,2026-01-20 12:27:00,536.78,536.78,536.75,536.75,-0.01,92.36,49529.75,-1
2026-01-20,2026-01-20 12:28:00,536.75,536.75,536.72,536.72,-0.01,92.36,49529.75,-1
2026-01-20,2026-01-20 12:29:00,536.72,536.72,536.69,536.69,-0.01,92.36,49529.75,-1
2026-01-20,2026-01-20 12:30:00,536.69,536.69,536.66,536.66,-0.01,92.36,49529.75,-1
2026-01-20,2026-01-20 12:31:00,536.66,536.66,536.62,536.62,-0.01,92.36,49529.75,-1
2026-01-20,2026-01-20 12:32:00,536.62,536.62,536.59,536.59,-0.01,92.36,49529.75,-1
2026-01-20,2026-01-20 12:33:00,536.59,536.59,536.56,536.56,-0.01,92.36,49529.75,-1
2026-01-20,2026-01-20 12:34:00,536.56,536.56,536.53,536.53,-0.01,92.36,49529.75,-1
2026-01-20,2026-01-20 12:35:00,536.53,536.53,536.5,536.5,-0.01,92.36,49529.75,-1
2026-01-20,2026-01-20 12:36:00,536.5,536.5,536.47,536.47,-0.01,92.36,49529.75,-1
2026-01-20,2026-01-20 12:37:00,536.47,536.47,536.44,536.44,-0.01,92.36,49529.75,-1
2026-01-20,2026-01-20 12:38:00,536.44,536.44,536.41,536.41,-0.01,92.36,49529.75,-1
2026-01-20,2026-01-20 12:39:00,536.41,536.41,536.38,536.38,-0.01,92.36,49529.75,-1
2026-01-20,2026-01-20 12:40:00,536.38,536.38,536.34,536.34,-0.01,92.36,49529.75,-1
2026-01-20,2026-01-20 12:41:00,536.34,536.34,536.31,536.31,-0.01,92.36,49529.75,-1
2026-01-20,2026-01-20 12:42:00,536.31,536.31,536.28,536.28,-0.01,92.36,49529.75,-1
2026-01-20,2026-01-20 12:43:00,536.28,536.28,536.25,536.25,-0.01,92.36,49529.75,-1
2026-01-20,2026-01-20 12:44:00,536.25,536.25,536.22,536.22,-0.01,92.36,49529.75,-1
2026-01-20,2026-01-20 12:45:00,536.22,536.22,536.19,536.19,-0.01,92.36,49529.75,-1
2026-01-20,2026-01-20 12:46:00,536.19,536.19,536.16,536.16,-0.01,92.36,49529.75,-1
2026-01-20,2026-01-20 12:47:00,536.16,536.16,536.12,536.12,-0.01,92.36,49529.75,-1
2026-01-20,2026-01-20 12:48:00,536.12,536.12,536.09,536.09,-0.01,92.36,49529.75,-1
2026-01-20,2026-01-20 12:49:00,536.09,536.09,536.06,536.06,-0.01,92.36,49529.75,-1
2026-01-20,2026-01-20 12:50:00,536.06,536.06,536.03,536.03,-0.01,92.36,49529.75,-1
2026-01-20,2026-01-20 12:51:00,536.03,536.03,536.0,536.0,-0.01,92.36,49529.75,-1
2026-01-20,2026-01-20 12:52:00,536.0,536.0,535.97,535.97,-0.01,92.36,49529.75,-1
2026-01-20,2026-01-20 12:53:00,535.97,535.97,535.94,535.94,-0.01,92.36,49529.75,-1
2026-01-20,2026-01-20 12:54:00,535.94,535.94,535.91,535.91,-0.01,92.36,49529.75,-1
2026-01-20,2026-01-20 12:55:00,535.91,535.91,535.88,535.88,-0.01,92.36,49529.75,-1
2026-01-20,2026-01-20 12:56:00,535.88,535.88,535.84,535.84,-0.01,92.36,49529.75,-1
2026-01-20,2026-01-20 12:57:00,535.84,535.84,535.81,535.81,-0.01,92.36,49529.75,-1
2026-01-20,2026-01-20 12:58:00,535.81,535.81,535.78,535.78,-0.01,92.36,49529.75,-1
2026-01-20,2026-01-20 12:59:00,535.78,535.78,535.75,535.75,-0.01,92.36,49529.75,-1
2026-01-20,2026-01-20 13:00:00,535.75,542.9,529.0,535.72,-0.01,92.36,49529.75,-1
2026-01-20,2026-01-20 13:01:00,535.72,535.72,535.69,535.69,-0.01,92.36,49529.75,-1
2026-01-20,2026-01-20 13:02:00,535.69,535.69,535.66,535.66,-0.01,92.36,49529.75,-1
2026-01-20,2026-01-20 13:03:00,535.66,535.66,535.62,535.62,-0.01,92.36,49529.75,-1
2026-01-20,2026-01-20 13:04:00,535.62,535.62,535.59,535.59,-0.01,92.36,49529.75,-1
2026-01-20,2026-01-20 13:05:00,535.59,535.59,535.56,535.56,-0.01,92.36,49529.75,-1
2026-01-20,2026-01-20 13:06:00,535.56,535.56,535.53,535.53,-0.01,92.36,49529.75,-1
2026-01-20,2026-01-20 13:07:00,535.53,535.53,535.5,535.5,-0.01,92.36,49529.75,-1
2026-01-20,2026-01-20 13:08:00,535.5,535.5,535.47,535.47,-0.01,92.36,49529.75,-1
2026-01-20,2026-01-20 13:09:00,535.47,535.47,535.44,535.44,-0.01,92.36,49529.75,-1
2026-01-20,2026-01-20 13:10:00,535.44,535.44,535.41,535.41,-0.01,92.36,49529.75,-1
2026-01-20,2026-01-20 13:11:00,535.41,535.41,535.38,535.38,-0.01,92.36,49529.75,-1
2026-01-20,2026-01-20 13:12:00,535.38,535.38,535.34,535.34,-0.01,92.36,49529.75,-1
2026-01-20,2026-01-20 13:13:00,535.34,535.34,535.31,535.31,-0.01,92.36,49529.75,-1
2026-01-20,2026-01-20 13:14:00,535.31,535.31,535.28,535.28,-0.01,92.36,49529.75,-1
2026-01-20,2026-01-20 13:15:00,535.28,535.28,535.25,535.25,-0.01,92.36,49529.75,-1
2026-01-20,2026-01-20 13:16:00,535.25,535.25,535.22,535.22,-0.01,92.36,49529.75,-1
2026-01-20,2026-01-20 13:17:00,535.22,535.22,535.19,535.19,-0.01,92.36,49529.75,-1
2026-01-20,2026-01-20 13:18:00,535.19,535.19,535.16,535.16,-0.01,92.36,49529.75,-1
2026-01-20,2026-01-20 13:19:00,535.16,535.16,535.12,535.12,-0.01,92.36,49529.75,-1
2026-01-20,2026-01-20 13:20:00,535.12,535.12,535.09,535.09,-0.01,92.36,49529.75,-1
2026-01-20,2026-01-20 13:21:00,535.09,535.09,535.06,535.06,-0.01,92.36,49529.75,-1
2026-01-20,2026-01-20 13:22:00,535.06,535.06,535.03,535.03,-0.01,92.36,49529.75,-1
2026-01-20,2026-01-20 13:23:00,535.03,535.03,535.0,535.0,-0.01,92.36,49529.75,-1
2026-01-20,2026-01-20 13:24:00,535.0,535.0,534.97,534.97,-0.01,92.36,49529.75,-1
2026-01-20,2026-01-20 13:25:00,534.97,534.97,534.94,534.94,-0.01,92.36,49529.75,-1
2026-01-20,2026-01-20 13:26:00,534.94,534.94,534.91,534.91,-0.01,92.36,49529.75,-1
2026-01-20,2026-01-20 13:27:00,534.91,534.91,534.88,534.88,-0.01,92.36,49529.75,-1
2026-01-20,2026-01-20 13:28:00,534.88,534.88,534.84,534.84,-0.01,92.36,49529.75,-1
2026-01-20,2026-01-20 13:29:00,534.84,534.84,534.81,534.81,-0.01,92.36,49529.75,-1
2026-01-20,2026-01-20 13:30:00,534.81,534.81,534.78,534.78,-0.01,92.36,49529.75,-1
2026-01-20,2026-01-20 13:31:00,534.78,534.78,534.75,534.75,-0.01,92.36,49529.75,-1
2026-01-20,2026-01-20 13:32:00,534.75,534.75,534.72,534.72,-0.01,92.36,49529.75,-1
2026-01-20,2026-01-20 13:33:00,534.72,534.72,534.69,534.69,-0.01,92.36,49529.75,-1
2026-01-20,2026-01-20 13:34:00,534.69,534.69,534.66,534.66,-0.01,92.36,49529.75,-1
2026-01-20,2026-01-20 13:35:00,534.66,534.66,534.62,534.62,-0.01,92.36,49529.75,-1
2026-01-20,2026-01-20 13:36:00,534.62,534.62,534.59,534.59,-0.01,92.36,49529.75,-1
2026-01-20,2026-01-20 13:37:00,534.59,534.59,534.56,534.56,-0.01,92.36,49529.75,-1
2026-01-20,2026-01-20 13:38:00,534.56,534.56,534.53,534.53,-0.01,92.36,49529.75,-1
2026-01-20,2026-01-20 13:39:00,534.53,534.53,534.5,534.5,-0.01,92.36,49529.75,-1
2026-01-20,2026-01-20 13:40:00,534.5,534.5,534.47,534.47,-0.01,92.36,49529.75,-1
2026-01-20,2026-01-20 13:41:00,534.47,534.47,534.44,534.44,-0.01,92.36,49529.75,-1
2026-01-20,2026-01-20 13:42:00,534.44,534.44,534.41,534.41,-0.01,92.36,49529.75,-1
2026-01-20,2026-01-20 13:43:00,534.41,534.41,534.38,534.38,-0.01,92.36,49529.75,-1
2026-01-20,2026-01-20 13:44:00,534.38,534.38,534.34,534.34,-0.01,92.36,49529.75,-1
2026-01-20,2026-01-20 13:45:00,534.34,534.34,534.31,534.31,-0.01,92.36,49529.75,-1
2026-01-20,2026-01-20 13:46:00,534.31,534.31,534.28,534.28,-0.01,92.36,49529.75,-1
2026-01-20,2026-01-20 13:47:00,534.28,534.28,534.25,534.25,-0.01,92.36,49529.75,-1
2026-01-20,2026-01-20 13:48:00,534.25,534.25,534.22,534.22,-0.01,92.36,49529.75,-1
2026-01-20,2026-01-20 13:49:00,534.22,534.22,534.19,534.19,-0.01,92.36,49529.75,-1
2026-01-20,2026-01-20 13:50:00,534.19,534.19,534.16,534.16,-0.01,92.36,49529.75,-1
2026-01-20,2026-01-20 13:51:00,534.16,534.16,534.12,534.12,-0.01,92.36,49529.75,-1
2026-01-20,2026-01-20 13:52:00,534.12,534.12,534.09,534.09,-0.01,92.36,49529.75,-1
2026-01-20,2026-01-20 13:53:00,534.09,534.09,534.06,534.06,-0.01,92.36,49529.75,-1
2026-01-20,2026-01-20 13:54:00,534.06,534.06,534.03,534.03,-0.01,92.36,49529.75,-1
2026-01-20,2026-01-20 13:55:00,534.03,534.03,534.0,534.0,-0.01,92.36,49529.75,-1
2026-01-20,2026-01-20 13:56:00,534.0,534.0,533.97,533.97,-0.01,92.36,49529.75,-1
2026-01-20,2026-01-20 13:57:00,533.97,533.97,533.94,533.94,-0.01,92.36,49529.75,-1
2026-01-20,2026-01-20 13:58:00,533.94,533.94,533.91,533.91,-0.01,92.36,49529.75,-1
2026-01-20,2026-01-20 13:59:00,533.91,533.91,533.88,533.88,-0.01,92.36,49529.75,-1
2026-01-20,2026-01-20 14:00:00,533.88,533.88,533.84,533.84,-0.01,92.36,49529.75,-1
2026-01-20,2026-01-20 14:01:00,533.84,533.84,533.81,533.81,-0.01,92.36,49529.75,-1
2026-01-20,2026-01-20 14:02:00,533.81,533.81,533.78,533.78,-0.01,92.36,49529.75,-1
2026-01-20,2026-01-20 14:03:00,533.78,533.78,533.75,533.75,-0.01,92.36,49529.75,-1
2026-01-20,2026-01-20 14:04:00,533.75,533.75,533.72,533.72,-0.01,92.36,49529.75,-1
2026-01-20,2026-01-20 14:05:00,533.72,533.72,533.69,533.69,-0.01,92.36,49529.75,-1
2026-01-20,2026-01-20 14:06:00,533.69,533.69,533.66,533.66,-0.01,92.36,49529.75,-1
2026-01-20,2026-01-20 14:07:00,533.66,533.66,533.62,533.62,-0.01,92.36,49529.75,-1
2026-01-20,2026-01-20 14:08:00,533.62,533.62,533.59,533.59,-0.01,92.36,49529.75,-1
2026-01-20,2026-01-20 14:09:00,533.59,533.59,533.56,533.56,-0.01,92.36,49529.75,-1
2026-01-20,2026-01-20 14:10:00,533.56,533.56,533.53,533.53,-0.01,92.36,49529.75,-1
2026-01-20,2026-01-20 14:11:00,533.53,533.53,533.5,533.5,-0.01,92.36,49529.75,-1
2026-01-20,2026-01-20 14:12:00,533.5,533.5,533.47,533.47,-0.01,92.36,49529.75,-1
2026-01-20,2026-01-20 14:13:00,533.47,533.47,533.44,533.44,-0.01,92.36,49529.75,-1
2026-01-20,2026-01-20 14:14:00,533.44,533.44,533.41,533.41,-0.01,92.36,49529.75,-1
2026-01-20,2026-01-20 14:15:00,533.41,533.41,533.38,533.38,-0.01,92.36,49529.75,-1
2026-01-20,2026-01-20 14:16:00,533.38,533.38,533.34,533.34,-0.01,92.36,49529.75,-1
2026-01-20,2026-01-20 14:17:00,533.34,533.34,533.31,533.31,-0.01,92.36,49529.75,-1
2026-01-20,2026-01-20 14:18:00,533.31,533.31,533.28,533.28,-0.01,92.36,49529.75,-1
2026-01-20,2026-01-20 14:19:00,533.28,533.28,533.25,533.25,-0.01,92.36,49529.75,-1
2026-01-20,2026-01-20 14:20:00,533.25,533.25,533.22,533.22,-0.01,92.36,49529.75,-1
2026-01-20,2026-01-20 14:21:00,533.22,533.22,533.19,533.19,-0.01,92.36,49529.75,-1
2026-01-20,2026-01-20 14:22:00,533.19,533.19,533.16,533.16,-0.01,92.36,49529.75,-1
2026-01-20,2026-01-20 14:23:00,533.16,533.16,533.12,533.12,-0.01,92.36,49529.75,-1
2026-01-20,2026-01-20 14:24:00,533.12,533.12,533.09,533.09,-0.01,92.36,49529.75,-1
2026-01-20,2026-01-20 14:25:00,533.09,533.09,533.06,533.06,-0.01,92.36,49529.75,-1
2026-01-20,2026-01-20 14:26:00,533.06,533.06,533.03,533.03,-0.01,92.36,49529.75,-1
2026-01-20,2026-01-20 14:27:00,533.03,533.03,533.0,533.0,-0.01,92.36,49529.75,-1
2026-01-20,2026-01-20 14:28:00,533.0,533.0,532.97,532.97,-0.01,92.36,49529.75,-1
2026-01-20,2026-01-20 14:29:00,532.97,532.97,532.94,532.94,-0.01,92.36,49529.75,-1
2026-01-20,2026-01-20 14:30:00,532.94,532.94,532.91,532.91,-0.01,92.36,49529.75,-1
2026-01-20,2026-01-20 14:31:00,532.91,532.91,532.88,532.88,-0.01,92.36,49529.75,-1
2026-01-20,2026-01-20 14:32:00,532.88,532.88,532.84,532.84,-0.01,92.36,49529.75,-1
2026-01-20,2026-01-20 14:33:00,532.84,532.84,532.81,532.81,-0.01,92.36,49529.75,-1
2026-01-20,2026-01-20 14:34:00,532.81,532.81,532.78,532.78,-0.01,92.36,49529.75,-1
2026-01-20,2026-01-20 14:35:00,532.78,532.78,532.75,532.75,-0.01,92.36,49529.75,-1
2026-01-20,2026-01-20 14:36:00,532.75,532.75,532.72,532.72,-0.01,92.36,49529.75,-1
2026-01-20,2026-01-20 14:37:00,532.72,532.72,532.69,532.69,-0.01,92.36,49529.75,-1
2026-01-20,2026-01-20 14:38:00,532.69,532.69,532.66,532.66,-0.01,92.36,49529.75,-1
2026-01-20,2026-01-20 14:39:00,532.66,532.66,532.62,532.62,-0.01,92.36,49529.75,-1
2026-01-20,2026-01-20 14:40:00,532.62,532.62,532.59,532.59,-0.01,92.36,49529.75,-1
2026-01-20,2026-01-20 14:41:00,532.59,532.59,532.56,532.56,-0.01,92.36,49529.75,-1
2026-01-20,2026-01-20 14:42:00,532.56,532.56,532.53,532.53,-0.01,92.36,49529.75,-1
2026-01-20,2026-01-20 14:43:00,532.53,532.53,532.5,532.5,-0.01,92.36,49529.75,-1
2026-01-20,2026-01-20 14:44:00,532.5,532.5,532.47,532.47,-0.01,92.36,49529.75,-1
2026-01-20,2026-01-20 14:45:00,532.47,532.47,532.44,532.44,-0.01,92.36,49529.75,-1
2026-01-20,2026-01-20 14:46:00,532.44,532.44,532.41,532.41,-0.01,92.36,49529.75,-1
2026-01-20,2026-01-20 14:47:00,532.41,532.41,532.38,532.38,-0.01,92.36,49529.75,-1
2026-01-20,2026-01-20 14:48:00,532.38,532.38,532.34,532.34,-0.01,92.36,49529.75,-1
2026-01-20,2026-01-20 14:49:00,532.34,532.34,532.31,532.31,-0.01,92.36,49529.75,-1
2026-01-20,2026-01-20 14:50:00,532.31,532.31,532.28,532.28,-0.01,92.36,49529.75,-1
2026-01-20,2026-01-20 14:51:00,532.28,532.28,532.25,532.25,-0.01,92.36,49529.75,-1
2026-01-20,2026-01-20 14:52:00,532.25,532.25,532.22,532.22,-0.01,92.36,49529.75,-1
2026-01-20,2026-01-20 14:53:00,532.22,532.22,532.19,532.19,-0.01,92.36,49529.75,-1
2026-01-20,2026-01-20 14:54:00,532.19,532.19,532.16,532.16,-0.01,92.36,49529.75,-1
2026-01-20,2026-01-20 14:55:00,532.16,532.16,532.12,532.12,-0.01,92.36,49529.75,-1
2026-01-20,2026-01-20 14:56:00,532.12,532.12,532.09,532.09,-0.01,92.36,49529.75,-1
2026-01-20,2026-01-20 14:57:00,532.09,532.09,532.06,532.06,-0.01,92.36,49529.75,-1
2026-01-20,2026-01-20 14:58:00,532.06,532.06,532.03,532.03,-0.01,92.36,49529.75,-1
2026-01-20,2026-01-20 14:59:00,532.03,532.03,532.0,532.0,-0.01,92.36,49529.75,-1
2026-01-20,2026-01-20 15:00:00,532.0,542.9,529.0,532.0,0.0,92.36,49529.75,0
2026-01-21,2026-01-21 11:00:00,539.9,539.9,536.48,539.86,-0.01,47.83,25417.69,-1
2026-01-21,2026-01-21 11:01:00,539.86,539.86,539.82,539.82,-0.01,47.83,25417.69,-1
2026-01-21,2026-01-21 11:02:00,539.82,539.82,539.78,539.78,-0.01,47.83,25417.69,-1
2026-01-21,2026-01-21 11:03:00,539.78,539.78,539.74,539.74,-0.01,47.83,25417.69,-1
2026-01-21,2026-01-21 11:04:00,539.74,539.74,539.69,539.69,-0.01,47.83,25417.69,-1
2026-01-21,2026-01-21 11:05:00,539.69,539.69,539.65,539.65,-0.01,47.83,25417.69,-1
2026-01-21,2026-01-21 11:06:00,539.65,539.65,539.61,539.61,-0.01,47.83,25417.69,-1
2026-01-21,2026-01-21 11:07:00,539.61,539.61,539.57,539.57,-0.01,47.83,25417.69,-1
2026-01-21,2026-01-21 11:08:00,539.57,539.57,539.53,539.53,-0.01,47.83,25417.69,-1
2026-01-21,2026-01-21 11:09:00,539.53,539.53,539.49,539.49,-0.01,47.83,25417.69,-1
2026-01-21,2026-01-21 11:10:00,539.49,539.49,539.45,539.45,-0.01,47.83,25417.69,-1
2026-01-21,2026-01-21 11:11:00,539.45,539.45,539.4,539.4,-0.01,47.83,25417.69,-1
2026-01-21,2026-01-21 11:12:00,539.4,539.4,539.36,539.36,-0.01,47.83,25417.69,-1
2026-01-21,2026-01-21 11:13:00,539.36,539.36,539.32,539.32,-0.01,47.83,25417.69,-1
2026-01-21,2026-01-21 11:14:00,539.32,539.32,539.28,539.28,-0.01,47.83,25417.69,-1
2026-01-21,2026-01-21 11:15:00,539.28,539.28,539.24,539.24,-0.01,47.83,25417.69,-1
2026-01-21,2026-01-21 11:16:00,539.24,539.24,539.2,539.2,-0.01,47.83,25417.69,-1
2026-01-21,2026-01-21 11:17:00,539.2,539.2,539.16,539.16,-0.01,47.83,25417.69,-1
2026-01-21,2026-01-21 11:18:00,539.16,539.16,539.12,539.12,-0.01,47.83,25417.69,-1
2026-01-21,2026-01-21 11:19:00,539.12,539.12,539.07,539.07,-0.01,47.83,25417.69,-1
2026-01-21,2026-01-21 11:20:00,539.07,539.07,539.03,539.03,-0.01,47.83,25417.69,-1
2026-01-21,2026-01-21 11:21:00,539.03,539.03,538.99,538.99,-0.01,47.83,25417.69,-1
2026-01-21,2026-01-21 11:22:00,538.99,538.99,538.95,538.95,-0.01,47.83,25417.69,-1
2026-01-21,2026-01-21 11:23:00,538.95,538.95,538.91,538.91,-0.01,47.83,25417.69,-1
2026-01-21,2026-01-21 11:24:00,538.91,538.91,538.87,538.87,-0.01,47.83,25417.69,-1
2026-01-21,2026-01-21 11:25:00,538.87,538.87,538.83,538.83,-0.01,47.83,25417.69,-1
2026-01-21,2026-01-21 11:26:00,538.83,538.83,538.79,538.79,-0.01,47.83,25417.69,-1
2026-01-21,2026-01-21 11:27:00,538.79,538.79,538.75,538.75,-0.01,47.83,25417.69,-1
2026-01-21,2026-01-21 11:28:00,538.75,538.75,538.7,538.7,-0.01,47.83,25417.69,-1
2026-01-21,2026-01-21 11:29:00,538.7,538.7,538.66,538.66,-0.01,47.83,25417.69,-1
2026-01-21,2026-01-21 11:30:00,538.66,538.66,538.62,538.62,-0.01,47.83,25417.69,-1
2026-01-21,2026-01-21 11:31:00,538.62,538.62,538.58,538.58,-0.01,47.83,25417.69,-1
2026-01-21,2026-01-21 11:32:00,538.58,538.58,538.54,538.54,-0.01,47.83,25417.69,-1
2026-01-21,2026-01-21 11:33:00,538.54,538.54,538.5,538.5,-0.01,47.83,25417.69,-1
2026-01-21,2026-01-21 11:34:00,538.5,538.5,538.46,538.46,-0.01,47.83,25417.69,-1
2026-01-21,2026-01-21 11:35:00,538.46,538.46,538.41,538.41,-0.01,47.83,25417.69,-1
2026-01-21,2026-01-21 11:36:00,538.41,538.41,538.37,538.37,-0.01,47.83,25417.69,-1
2026-01-21,2026-01-21 11:37:00,538.37,538.37,538.33,538.33,-0.01,47.83,25417.69,-1
2026-01-21,2026-01-21 11:38:00,538.33,538.33,538.29,538.29,-0.01,47.83,25417.69,-1
2026-01-21,2026-01-21 11:39:00,538.29,538.29,538.25,538.25,-0.01,47.83,25417.69,-1
2026-01-21,2026-01-21 11:40:00,538.25,538.25,538.21,538.21,-0.01,47.83,25417.69,-1
2026-01-21,2026-01-21 11:41:00,538.21,538.21,538.17,538.17,-0.01,47.83,25417.69,-1
2026-01-21,2026-01-21 11:42:00,538.17,538.17,538.13,538.13,-0.01,47.83,25417.69,-1
2026-01-21,2026-01-21 11:43:00,538.13,538.13,538.09,538.09,-0.01,47.83,25417.69,-1
2026-01-21,2026-01-21 11:44:00,538.09,538.09,538.04,538.04,-0.01,47.83,25417.69,-1
2026-01-21,2026-01-21 11:45:00,538.04,538.04,538.0,538.0,-0.01,47.83,25417.69,-1
2026-01-21,2026-01-21 11:46:00,538.0,538.0,537.96,537.96,-0.01,47.83,25417.69,-1
2026-01-21,2026-01-21 11:47:00,537.96,537.96,537.92,537.92,-0.01,47.83,25417.69,-1
2026-01-21,2026-01-21 11:48:00,537.92,537.92,537.88,537.88,-0.01,47.83,25417.69,-1
2026-01-21,2026-01-21 11:49:00,537.88,537.88,537.84,537.84,-0.01,47.83,25417.69,-1
2026-01-21,2026-01-21 11:50:00,537.84,537.84,537.8,537.8,-0.01,47.83,25417.69,-1
2026-01-21,2026-01-21 11:51:00,537.8,537.8,537.75,537.75,-0.01,47.83,25417.69,-1
2026-01-21,2026-01-21 11:52:00,537.75,537.75,537.71,537.71,-0.01,47.83,25417.69,-1
2026-01-21,2026-01-21 11:53:00,537.71,537.71,537.67,537.67,-0.01,47.83,25417.69,-1
2026-01-21,2026-01-21 11:54:00,537.67,537.67,537.63,537.63,-0.01,47.83,25417.69,-1
2026-01-21,2026-01-21 11:55:00,537.63,537.63,537.59,537.59,-0.01,47.83,25417.69,-1
2026-01-21,2026-01-21 11:56:00,537.59,537.59,537.55,537.55,-0.01,47.83,25417.69,-1
2026-01-21,2026-01-21 11:57:00,537.55,537.55,537.51,537.51,-0.01,47.83,25417.69,-1
2026-01-21,2026-01-21 11:58:00,537.51,537.51,537.47,537.47,-0.01,47.83,25417.69,-1
2026-01-21,2026-01-21 11:59:00,537.47,537.47,537.42,537.42,-0.01,47.83,25417.69,-1
2026-01-21,2026-01-21 12:00:00,537.42,537.42,537.38,537.38,-0.01,47.83,25417.69,-1
2026-01-21,2026-01-21 12:01:00,537.38,537.38,537.34,537.34,-0.01,47.83,25417.69,-1
2026-01-21,2026-01-21 12:02:00,537.34,537.34,537.3,537.3,-0.01,47.83,25417.69,-1
2026-01-21,2026-01-21 12:03:00,537.3,537.3,537.26,537.26,-0.01,47.83,25417.69,-1
2026-01-21,2026-01-21 12:04:00,537.26,537.26,537.22,537.22,-0.01,47.83,25417.69,-1
2026-01-21,2026-01-21 12:05:00,537.22,537.22,537.18,537.18,-0.01,47.83,25417.69,-1
2026-01-21,2026-01-21 12:06:00,537.18,537.18,537.14,537.14,-0.01,47.83,25417.69,-1
2026-01-21,2026-01-21 12:07:00,537.14,537.14,537.1,537.1,-0.01,47.83,25417.69,-1
2026-01-21,2026-01-21 12:08:00,537.1,537.1,537.05,537.05,-0.01,47.83,25417.69,-1
2026-01-21,2026-01-21 12:09:00,537.05,537.05,537.01,537.01,-0.01,47.83,25417.69,-1
2026-01-21,2026-01-21 12:10:00,537.01,537.01,536.97,536.97,-0.01,47.83,25417.69,-1
2026-01-21,2026-01-21 12:11:00,536.97,536.97,536.93,536.93,-0.01,47.83,25417.69,-1
2026-01-21,2026-01-21 12:12:00,536.93,536.93,536.89,536.89,-0.01,47.83,25417.69,-1
2026-01-21,2026-01-21 12:13:00,536.89,536.89,536.85,536.85,-0.01,47.83,25417.69,-1
2026-01-21,2026-01-21 12:14:00,536.85,536.85,536.81,536.81,-0.01,47.83,25417.69,-1
2026-01-21,2026-01-21 12:15:00,536.81,536.81,536.76,536.76,-0.01,47.83,25417.69,-1
2026-01-21,2026-01-21 12:16:00,536.76,536.76,536.72,536.72,-0.01,47.83,25417.69,-1
2026-01-21,2026-01-21 12:17:00,536.72,536.72,536.68,536.68,-0.01,47.83,25417.69,-1
2026-01-21,2026-01-21 12:18:00,536.68,536.68,536.64,536.64,-0.01,47.83,25417.69,-1
2026-01-21,2026-01-21 12:19:00,536.64,536.64,536.6,536.6,-0.01,47.83,25417.69,-1
2026-01-21,2026-01-21 12:20:00,536.6,536.6,536.56,536.56,-0.01,47.83,25417.69,-1
2026-01-21,2026-01-21 12:21:00,536.56,536.56,536.52,536.52,-0.01,47.83,25417.69,-1
2026-01-21,2026-01-21 12:22:00,536.52,536.52,536.48,536.48,-0.01,47.83,25417.69,-1
2026-01-21,2026-01-21 12:23:00,536.48,536.48,536.43,536.43,-0.01,47.83,25417.69,-1
2026-01-21,2026-01-21 12:24:00,536.43,536.43,536.39,536.39,-0.01,47.83,25417.69,-1
2026-01-21,2026-01-21 12:25:00,536.39,536.39,536.35,536.35,-0.01,47.83,25417.69,-1
2026-01-21,2026-01-21 12:26:00,536.35,536.35,536.31,536.31,-0.01,47.83,25417.69,-1
2026-01-21,2026-01-21 12:27:00,536.31,536.31,536.27,536.27,-0.01,47.83,25417.69,-1
2026-01-21,2026-01-21 12:28:00,536.27,536.27,536.23,536.23,-0.01,47.83,25417.69,-1
2026-01-21,2026-01-21 12:29:00,536.23,536.23,536.19,536.19,-0.01,47.83,25417.69,-1
2026-01-21,2026-01-21 12:30:00,536.19,536.19,536.15,536.15,-0.01,47.83,25417.69,-1
2026-01-21,2026-01-21 12:31:00,536.15,536.15,536.11,536.11,-0.01,47.83,25417.69,-1
2026-01-21,2026-01-21 12:32:00,536.11,536.11,536.06,536.06,-0.01,47.83,25417.69,-1
2026-01-21,2026-01-21 12:33:00,536.06,536.06,536.02,536.02,-0.01,47.83,25417.69,-1
2026-01-21,2026-01-21 12:34:00,536.02,536.02,535.98,535.98,-0.01,47.83,25417.69,-1
2026-01-21,2026-01-21 12:35:00,535.98,535.98,535.94,535.94,-0.01,47.83,25417.69,-1
2026-01-21,2026-01-21 12:36:00,535.94,535.94,535.9,535.9,-0.01,47.83,25417.69,-1
2026-01-21,2026-01-21 12:37:00,535.9,535.9,535.86,535.86,-0.01,47.83,25417.69,-1
2026-01-21,2026-01-21 12:38:00,535.86,535.86,535.82,535.82,-0.01,47.83,25417.69,-1
2026-01-21,2026-01-21 12:39:00,535.82,535.82,535.77,535.77,-0.01,47.83,25417.69,-1
2026-01-21,2026-01-21 12:40:00,535.77,535.77,535.73,535.73,-0.01,47.83,25417.69,-1
2026-01-21,2026-01-21 12:41:00,535.73,535.73,535.69,535.69,-0.01,47.83,25417.69,-1
2026-01-21,2026-01-21 12:42:00,535.69,535.69,535.65,535.65,-0.01,47.83,25417.69,-1
2026-01-21,2026-01-21 12:43:00,535.65,535.65,535.61,535.61,-0.01,47.83,25417.69,-1
2026-01-21,2026-01-21 12:44:00,535.61,535.61,535.57,535.57,-0.01,47.83,25417.69,-1
2026-01-21,2026-01-21 12:45:00,535.57,535.57,535.53,535.53,-0.01,47.83,25417.69,-1
2026-01-21,2026-01-21 12:46:00,535.53,535.53,535.49,535.49,-0.01,47.83,25417.69,-1
2026-01-21,2026-01-21 12:47:00,535.49,535.49,535.44,535.44,-0.01,47.83,25417.69,-1
2026-01-21,2026-01-21 12:48:00,535.44,535.44,535.4,535.4,-0.01,47.83,25417.69,-1
2026-01-21,2026-01-21 12:49:00,535.4,535.4,535.36,535.36,-0.01,47.83,25417.69,-1
2026-01-21,2026-01-21 12:50:00,535.36,535.36,535.32,535.32,-0.01,47.83,25417.69,-1
2026-01-21,2026-01-21 12:51:00,535.32,535.32,535.28,535.28,-0.01,47.83,25417.69,-1
2026-01-21,2026-01-21 12:52:00,535.28,535.28,535.24,535.24,-0.01,47.83,25417.69,-1
2026-01-21,2026-01-21 12:53:00,535.24,535.24,535.2,535.2,-0.01,47.83,25417.69,-1
2026-01-21,2026-01-21 12:54:00,535.2,535.2,535.16,535.16,-0.01,47.83,25417.69,-1
2026-01-21,2026-01-21 12:55:00,535.16,535.16,535.12,535.12,-0.01,47.83,25417.69,-1
2026-01-21,2026-01-21 12:56:00,535.12,535.12,535.07,535.07,-0.01,47.83,25417.69,-1
2026-01-21,2026-01-21 12:57:00,535.07,535.07,535.03,535.03,-0.01,47.83,25417.69,-1
2026-01-21,2026-01-21 12:58:00,535.03,535.03,534.99,534.99,-0.01,47.83,25417.69,-1
2026-01-21,2026-01-21 12:59:00,534.99,534.99,534.95,534.95,-0.01,47.83,25417.69,-1
2026-01-21,2026-01-21 13:00:00,534.95,539.9,528.5,534.91,-0.01,47.83,25417.69,-1
2026-01-21,2026-01-21 13:01:00,534.91,534.91,534.87,534.87,-0.01,47.83,25417.69,-1
2026-01-21,2026-01-21 13:02:00,534.87,534.87,534.83,534.83,-0.01,47.83,25417.69,-1
2026-01-21,2026-01-21 13:03:00,534.83,534.83,534.78,534.78,-0.01,47.83,25417.69,-1
2026-01-21,2026-01-21 13:04:00,534.78,534.78,534.74,534.74,-0.01,47.83,25417.69,-1
2026-01-21,2026-01-21 13:05:00,534.74,534.74,534.7,534.7,-0.01,47.83,25417.69,-1
2026-01-21,2026-01-21 13:06:00,534.7,534.7,534.66,534.66,-0.01,47.83,25417.69,-1
2026-01-21,2026-01-21 13:07:00,534.66,534.66,534.62,534.62,-0.01,47.83,25417.69,-1
2026-01-21,2026-01-21 13:08:00,534.62,534.62,534.58,534.58,-0.01,47.83,25417.69,-1
2026-01-21,2026-01-21 13:09:00,534.58,534.58,534.54,534.54,-0.01,47.83,25417.69,-1
2026-01-21,2026-01-21 13:10:00,534.54,534.54,534.5,534.5,-0.01,47.83,25417.69,-1
2026-01-21,2026-01-21 13:11:00,534.5,534.5,534.46,534.46,-0.01,47.83,25417.69,-1
2026-01-21,2026-01-21 13:12:00,534.46,534.46,534.41,534.41,-0.01,47.83,25417.69,-1
2026-01-21,2026-01-21 13:13:00,534.41,534.41,534.37,534.37,-0.01,47.83,25417.69,-1
2026-01-21,2026-01-21 13:14:00,534.37,534.37,534.33,534.33,-0.01,47.83,25417.69,-1
2026-01-21,2026-01-21 13:15:00,534.33,534.33,534.29,534.29,-0.01,47.83,25417.69,-1
2026-01-21,2026-01-21 13:16:00,534.29,534.29,534.25,534.25,-0.01,47.83,25417.69,-1
2026-01-21,2026-01-21 13:17:00,534.25,534.25,534.21,534.21,-0.01,47.83,25417.69,-1
2026-01-21,2026-01-21 13:18:00,534.21,534.21,534.17,534.17,-0.01,47.83,25417.69,-1
2026-01-21,2026-01-21 13:19:00,534.17,534.17,534.12,534.12,-0.01,47.83,25417.69,-1
2026-01-21,2026-01-21 13:20:00,534.12,534.12,534.08,534.08,-0.01,47.83,25417.69,-1
2026-01-21,2026-01-21 13:21:00,534.08,534.08,534.04,534.04,-0.01,47.83,25417.69,-1
2026-01-21,2026-01-21 13:22:00,534.04,534.04,534.0,534.0,-0.01,47.83,25417.69,-1
2026-01-21,2026-01-21 13:23:00,534.0,534.0,533.96,533.96,-0.01,47.83,25417.69,-1
2026-01-21,2026-01-21 13:24:00,533.96,533.96,533.92,533.92,-0.01,47.83,25417.69,-1
2026-01-21,2026-01-21 13:25:00,533.92,533.92,533.88,533.88,-0.01,47.83,25417.69,-1
2026-01-21,2026-01-21 13:26:00,533.88,533.88,533.84,533.84,-0.01,47.83,25417.69,-1
2026-01-21,2026-01-21 13:27:00,533.84,533.84,533.79,533.79,-0.01,47.83,25417.69,-1
2026-01-21,2026-01-21 13:28:00,533.79,533.79,533.75,533.75,-0.01,47.83,25417.69,-1
2026-01-21,2026-01-21 13:29:00,533.75,533.75,533.71,533.71,-0.01,47.83,25417.69,-1
2026-01-21,2026-01-21 13:30:00,533.71,533.71,533.67,533.67,-0.01,47.83,25417.69,-1
2026-01-21,2026-01-21 13:31:00,533.67,533.67,533.63,533.63,-0.01,47.83,25417.69,-1
2026-01-21,2026-01-21 13:32:00,533.63,533.63,533.59,533.59,-0.01,47.83,25417.69,-1
2026-01-21,2026-01-21 13:33:00,533.59,533.59,533.55,533.55,-0.01,47.83,25417.69,-1
2026-01-21,2026-01-21 13:34:00,533.55,533.55,533.51,533.51,-0.01,47.83,25417.69,-1
2026-01-21,2026-01-21 13:35:00,533.51,533.51,533.47,533.47,-0.01,47.83,25417.69,-1
2026-01-21,2026-01-21 13:36:00,533.47,533.47,533.42,533.42,-0.01,47.83,25417.69,-1
2026-01-21,2026-01-21 13:37:00,533.42,533.42,533.38,533.38,-0.01,47.83,25417.69,-1
2026-01-21,2026-01-21 13:38:00,533.38,533.38,533.34,533.34,-0.01,47.83,25417.69,-1
2026-01-21,2026-01-21 13:39:00,533.34,533.34,533.3,533.3,-0.01,47.83,25417.69,-1
2026-01-21,2026-01-21 13:40:00,533.3,533.3,533.26,533.26,-0.01,47.83,25417.69,-1
2026-01-21,2026-01-21 13:41:00,533.26,533.26,533.22,533.22,-0.01,47.83,25417.69,-1
2026-01-21,2026-01-21 13:42:00,533.22,533.22,533.18,533.18,-0.01,47.83,25417.69,-1
2026-01-21,2026-01-21 13:43:00,533.18,533.18,533.13,533.13,-0.01,47.83,25417.69,-1
2026-01-21,2026-01-21 13:44:00,533.13,533.13,533.09,533.09,-0.01,47.83,25417.69,-1
2026-01-21,2026-01-21 13:45:00,533.09,533.09,533.05,533.05,-0.01,47.83,25417.69,-1
2026-01-21,2026-01-21 13:46:00,533.05,533.05,533.01,533.01,-0.01,47.83,25417.69,-1
2026-01-21,2026-01-21 13:47:00,533.01,533.01,532.97,532.97,-0.01,47.83,25417.69,-1
2026-01-21,2026-01-21 13:48:00,532.97,532.97,532.93,532.93,-0.01,47.83,25417.69,-1
2026-01-21,2026-01-21 13:49:00,532.93,532.93,532.89,532.89,-0.01,47.83,25417.69,-1
2026-01-21,2026-01-21 13:50:00,532.89,532.89,532.85,532.85,-0.01,47.83,25417.69,-1
2026-01-21,2026-01-21 13:51:00,532.85,532.85,532.8,532.8,-0.01,47.83,25417.69,-1
2026-01-21,2026-01-21 13:52:00,532.8,532.8,532.76,532.76,-0.01,47.83,25417.69,-1
2026-01-21,2026-01-21 13:53:00,532.76,532.76,532.72,532.72,-0.01,47.83,25417.69,-1
2026-01-21,2026-01-21 13:54:00,532.72,532.72,532.68,532.68,-0.01,47.83,25417.69,-1
2026-01-21,2026-01-21 13:55:00,532.68,532.68,532.64,532.64,-0.01,47.83,25417.69,-1
2026-01-21,2026-01-21 13:56:00,532.64,532.64,532.6,532.6,-0.01,47.83,25417.69,-1
2026-01-21,2026-01-21 13:57:00,532.6,532.6,532.56,532.56,-0.01,47.83,25417.69,-1
2026-01-21,2026-01-21 13:58:00,532.56,532.56,532.52,532.52,-0.01,47.83,25417.69,-1
2026-01-21,2026-01-21 13:59:00,532.52,532.52,532.48,532.48,-0.01,47.83,25417.69,-1
2026-01-21,2026-01-21 14:00:00,532.48,532.48,532.43,532.43,-0.01,47.83,25417.69,-1
2026-01-21,2026-01-21 14:01:00,532.43,532.43,532.39,532.39,-0.01,47.83,25417.69,-1
2026-01-21,2026-01-21 14:02:00,532.39,532.39,532.35,532.35,-0.01,47.83,25417.69,-1
2026-01-21,2026-01-21 14:03:00,532.35,532.35,532.31,532.31,-0.01,47.83,25417.69,-1
2026-01-21,2026-01-21 14:04:00,532.31,532.31,532.27,532.27,-0.01,47.83,25417.69,-1
2026-01-21,2026-01-21 14:05:00,532.27,532.27,532.23,532.23,-0.01,47.83,25417.69,-1
2026-01-21,2026-01-21 14:06:00,532.23,532.23,532.19,532.19,-0.01,47.83,25417.69,-1
2026-01-21,2026-01-21 14:07:00,532.19,532.19,532.14,532.14,-0.01,47.83,25417.69,-1
2026-01-21,2026-01-21 14:08:00,532.14,532.14,532.1,532.1,-0.01,47.83,25417.69,-1
2026-01-21,2026-01-21 14:09:00,532.1,532.1,532.06,532.06,-0.01,47.83,25417.69,-1
2026-01-21,2026-01-21 14:10:00,532.06,532.06,532.02,532.02,-0.01,47.83,25417.69,-1
2026-01-21,2026-01-21 14:11:00,532.02,532.02,531.98,531.98,-0.01,47.83,25417.69,-1
2026-01-21,2026-01-21 14:12:00,531.98,531.98,531.94,531.94,-0.01,47.83,25417.69,-1
2026-01-21,2026-01-21 14:13:00,531.94,531.94,531.9,531.9,-0.01,47.83,25417.69,-1
2026-01-21,2026-01-21 14:14:00,531.9,531.9,531.86,531.86,-0.01,47.83,25417.69,-1
2026-01-21,2026-01-21 14:15:00,531.86,531.86,531.81,531.81,-0.01,47.83,25417.69,-1
2026-01-21,2026-01-21 14:16:00,531.81,531.81,531.77,531.77,-0.01,47.83,25417.69,-1
2026-01-21,2026-01-21 14:17:00,531.77,531.77,531.73,531.73,-0.01,47.83,25417.69,-1
2026-01-21,2026-01-21 14:18:00,531.73,531.73,531.69,531.69,-0.01,47.83,25417.69,-1
2026-01-21,2026-01-21 14:19:00,531.69,531.69,531.65,531.65,-0.01,47.83,25417.69,-1
2026-01-21,2026-01-21 14:20:00,531.65,531.65,531.61,531.61,-0.01,47.83,25417.69,-1
2026-01-21,2026-01-21 14:21:00,531.61,531.61,531.57,531.57,-0.01,47.83,25417.69,-1
2026-01-21,2026-01-21 14:22:00,531.57,531.57,531.53,531.53,-0.01,47.83,25417.69,-1
2026-01-21,2026-01-21 14:23:00,531.53,531.53,531.49,531.49,-0.01,47.83,25417.69,-1
2026-01-21,2026-01-21 14:24:00,531.49,531.49,531.44,531.44,-0.01,47.83,25417.69,-1
2026-01-21,2026-01-21 14:25:00,531.44,531.44,531.4,531.4,-0.01,47.83,25417.69,-1
2026-01-21,2026-01-21 14:26:00,531.4,531.4,531.36,531.36,-0.01,47.83,25417.69,-1
2026-01-21,2026-01-21 14:27:00,531.36,531.36,531.32,531.32,-0.01,47.83,25417.69,-1
2026-01-21,2026-01-21 14:28:00,531.32,531.32,531.28,531.28,-0.01,47.83,25417.69,-1
2026-01-21,2026-01-21 14:29:00,531.28,531.28,531.24,531.24,-0.01,47.83,25417.69,-1
2026-01-21,2026-01-21 14:30:00,531.24,531.24,531.2,531.2,-0.01,47.83,25417.69,-1
2026-01-21,2026-01-21 14:31:00,531.2,531.2,531.15,531.15,-0.01,47.83,25417.69,-1
2026-01-21,2026-01-21 14:32:00,531.15,531.15,531.11,531.11,-0.01,47.83,25417.69,-1
2026-01-21,2026-01-21 14:33:00,531.11,531.11,531.07,531.07,-0.01,47.83,25417.69,-1
2026-01-21,2026-01-21 14:34:00,531.07,531.07,531.03,531.03,-0.01,47.83,25417.69,-1
2026-01-21,2026-01-21 14:35:00,531.03,531.03,530.99,530.99,-0.01,47.83,25417.69,-1
2026-01-21,2026-01-21 14:36:00,530.99,530.99,530.95,530.95,-0.01,47.83,25417.69,-1
2026-01-21,2026-01-21 14:37:00,530.95,530.95,530.91,530.91,-0.01,47.83,25417.69,-1
2026-01-21,2026-01-21 14:38:00,530.91,530.91,530.87,530.87,-0.01,47.83,25417.69,-1
2026-01-21,2026-01-21 14:39:00,530.87,530.87,530.83,530.83,-0.01,47.83,25417.69,-1
2026-01-21,2026-01-21 14:40:00,530.83,530.83,530.78,530.78,-0.01,47.83,25417.69,-1
2026-01-21,2026-01-21 14:41:00,530.78,530.78,530.74,530.74,-0.01,47.83,25417.69,-1
2026-01-21,2026-01-21 14:42:00,530.74,530.74,530.7,530.7,-0.01,47.83,25417.69,-1
2026-01-21,2026-01-21 14:43:00,530.7,530.7,530.66,530.66,-0.01,47.83,25417.69,-1
2026-01-21,2026-01-21 14:44:00,530.66,530.66,530.62,530.62,-0.01,47.83,25417.69,-1
2026-01-21,2026-01-21 14:45:00,530.62,530.62,530.58,530.58,-0.01,47.83,25417.69,-1
2026-01-21,2026-01-21 14:46:00,530.58,530.58,530.54,530.54,-0.01,47.83,25417.69,-1
2026-01-21,2026-01-21 14:47:00,530.54,530.54,530.5,530.5,-0.01,47.83,25417.69,-1
2026-01-21,2026-01-21 14:48:00,530.5,530.5,530.45,530.45,-0.01,47.83,25417.69,-1
2026-01-21,2026-01-21 14:49:00,530.45,530.45,530.41,530.41,-0.01,47.83,25417.69,-1
2026-01-21,2026-01-21 14:50:00,530.41,530.41,530.37,530.37,-0.01,47.83,25417.69,-1
2026-01-21,2026-01-21 14:51:00,530.37,530.37,530.33,530.33,-0.01,47.83,25417.69,-1
2026-01-21,2026-01-21 14:52:00,530.33,530.33,530.29,530.29,-0.01,47.83,25417.69,-1
2026-01-21,2026-01-21 14:53:00,530.29,530.29,530.25,530.25,-0.01,47.83,25417.69,-1
2026-01-21,2026-01-21 14:54:00,530.25,530.25,530.21,530.21,-0.01,47.83,25417.69,-1
2026-01-21,2026-01-21 14:55:00,530.21,530.21,530.16,530.16,-0.01,47.83,25417.69,-1
2026-01-21,2026-01-21 14:56:00,530.16,530.16,530.12,530.12,-0.01,47.83,25417.69,-1
2026-01-21,2026-01-21 14:57:00,530.12,530.12,530.08,530.08,-0.01,47.83,25417.69,-1
2026-01-21,2026-01-21 14:58:00,530.08,530.08,530.04,530.04,-0.01,47.83,25417.69,-1
2026-01-21,2026-01-21 14:59:00,530.04,530.04,530.0,530.0,-0.01,47.83,25417.69,-1
2026-01-21,2026-01-21 15:00:00,530.0,539.9,528.5,530.0,0.0,47.83,25417.69,0
2026-01-22,2026-01-22 11:00:00,526.0,528.97,526.0,526.01,0.0,91.87,48522.77,1
2026-01-22,2026-01-22 11:01:00,526.01,526.02,526.01,526.02,0.0,91.87,48522.77,1
2026-01-22,2026-01-22 11:02:00,526.02,526.03,526.02,526.03,0.0,91.87,48522.77,1
2026-01-22,2026-01-22 11:03:00,526.03,526.04,526.03,526.04,0.0,91.87,48522.77,1
2026-01-22,2026-01-22 11:04:00,526.04,526.05,526.04,526.05,0.0,91.87,48522.77,1
2026-01-22,2026-01-22 11:05:00,526.05,526.06,526.05,526.06,0.0,91.87,48522.77,1
2026-01-22,2026-01-22 11:06:00,526.06,526.07,526.06,526.07,0.0,91.87,48522.77,1
2026-01-22,2026-01-22 11:07:00,526.07,526.08,526.07,526.08,0.0,91.87,48522.77,1
2026-01-22,2026-01-22 11:08:00,526.08,526.09,526.08,526.09,0.0,91.87,48522.77,1
2026-01-22,2026-01-22 11:09:00,526.09,526.1,526.09,526.1,0.0,91.87,48522.77,1
2026-01-22,2026-01-22 11:10:00,526.1,526.11,526.1,526.11,0.0,91.87,48522.77,1
2026-01-22,2026-01-22 11:11:00,526.11,526.12,526.11,526.12,0.0,91.87,48522.77,1
2026-01-22,2026-01-22 11:12:00,526.12,526.14,526.12,526.14,0.0,91.87,48522.77,1
2026-01-22,2026-01-22 11:13:00,526.14,526.15,526.14,526.15,0.0,91.87,48522.77,1
2026-01-22,2026-01-22 11:14:00,526.15,526.16,526.15,526.16,0.0,91.87,48522.77,1
2026-01-22,2026-01-22 11:15:00,526.16,526.17,526.16,526.17,0.0,91.87,48522.77,1
2026-01-22,2026-01-22 11:16:00,526.17,526.18,526.17,526.18,0.0,91.87,48522.77,1
2026-01-22,2026-01-22 11:17:00,526.18,526.19,526.18,526.19,0.0,91.87,48522.77,1
2026-01-22,2026-01-22 11:18:00,526.19,526.2,526.19,526.2,0.0,91.87,48522.77,1
2026-01-22,2026-01-22 11:19:00,526.2,526.21,526.2,526.21,0.0,91.87,48522.77,1
2026-01-22,2026-01-22 11:20:00,526.21,526.22,526.21,526.22,0.0,91.87,48522.77,1
2026-01-22,2026-01-22 11:21:00,526.22,526.23,526.22,526.23,0.0,91.87,48522.77,1
2026-01-22,2026-01-22 11:22:00,526.23,526.24,526.23,526.24,0.0,91.87,48522.77,1
2026-01-22,2026-01-22 11:23:00,526.24,526.25,526.24,526.25,0.0,91.87,48522.77,1
2026-01-22,2026-01-22 11:24:00,526.25,526.26,526.25,526.26,0.0,91.87,48522.77,1
2026-01-22,2026-01-22 11:25:00,526.26,526.27,526.26,526.27,0.0,91.87,48522.77,1
2026-01-22,2026-01-22 11:26:00,526.27,526.28,526.27,526.28,0.0,91.87,48522.77,1
2026-01-22,2026-01-22 11:27:00,526.28,526.29,526.28,526.29,0.0,91.87,48522.77,1
2026-01-22,2026-01-22 11:28:00,526.29,526.3,526.29,526.3,0.0,91.87,48522.77,1
2026-01-22,2026-01-22 11:29:00,526.3,526.31,526.3,526.31,0.0,91.87,48522.77,1
2026-01-22,2026-01-22 11:30:00,526.31,526.32,526.31,526.32,0.0,91.87,48522.77,1
2026-01-22,2026-01-22 11:31:00,526.32,526.33,526.32,526.33,0.0,91.87,48522.77,1
2026-01-22,2026-01-22 11:32:00,526.33,526.34,526.33,526.34,0.0,91.87,48522.77,1
2026-01-22,2026-01-22 11:33:00,526.34,526.35,526.34,526.35,0.0,91.87,48522.77,1
2026-01-22,2026-01-22 11:34:00,526.35,526.36,526.35,526.36,0.0,91.87,48522.77,1
2026-01-22,2026-01-22 11:35:00,526.36,526.38,526.36,526.38,0.0,91.87,48522.77,1
2026-01-22,2026-01-22 11:36:00,526.38,526.39,526.38,526.39,0.0,91.87,48522.77,1
2026-01-22,2026-01-22 11:37:00,526.39,526.4,526.39,526.4,0.0,91.87,48522.77,1
2026-01-22,2026-01-22 11:38:00,526.4,526.41,526.4,526.41,0.0,91.87,48522.77,1
2026-01-22,2026-01-22 11:39:00,526.41,526.42,526.41,526.42,0.0,91.87,48522.77,1
2026-01-22,2026-01-22 11:40:00,526.42,526.43,526.42,526.43,0.0,91.87,48522.77,1
2026-01-22,2026-01-22 11:41:00,526.43,526.44,526.43,526.44,0.0,91.87,48522.77,1
2026-01-22,2026-01-22 11:42:00,526.44,526.45,526.44,526.45,0.0,91.87,48522.77,1
2026-01-22,2026-01-22 11:43:00,526.45,526.46,526.45,526.46,0.0,91.87,48522.77,1
2026-01-22,2026-01-22 11:44:00,526.46,526.47,526.46,526.47,0.0,91.87,48522.77,1
2026-01-22,2026-01-22 11:45:00,526.47,526.48,526.47,526.48,0.0,91.87,48522.77,1
2026-01-22,2026-01-22 11:46:00,526.48,526.49,526.48,526.49,0.0,91.87,48522.77,1
2026-01-22,2026-01-22 11:47:00,526.49,526.5,526.49,526.5,0.0,91.87,48522.77,1
2026-01-22,2026-01-22 11:48:00,526.5,526.51,526.5,526.51,0.0,91.87,48522.77,1
2026-01-22,2026-01-22 11:49:00,526.51,526.52,526.51,526.52,0.0,91.87,48522.77,1
2026-01-22,2026-01-22 11:50:00,526.52,526.53,526.52,526.53,0.0,91.87,48522.77,1
2026-01-22,2026-01-22 11:51:00,526.53,526.54,526.53,526.54,0.0,91.87,48522.77,1
2026-01-22,2026-01-22 11:52:00,526.54,526.55,526.54,526.55,0.0,91.87,48522.77,1
2026-01-22,2026-01-22 11:53:00,526.55,526.56,526.55,526.56,0.0,91.87,48522.77,1
2026-01-22,2026-01-22 11:54:00,526.56,526.57,526.56,526.57,0.0,91.87,48522.77,1
2026-01-22,2026-01-22 11:55:00,526.57,526.58,526.57,526.58,0.0,91.87,48522.77,1
2026-01-22,2026-01-22 11:56:00,526.58,526.59,526.58,526.59,0.0,91.87,48522.77,1
2026-01-22,2026-01-22 11:57:00,526.59,526.6,526.59,526.6,0.0,91.87,48522.77,1
2026-01-22,2026-01-22 11:58:00,526.6,526.61,526.6,526.61,0.0,91.87,48522.77,1
2026-01-22,2026-01-22 11:59:00,526.61,526.62,526.61,526.62,0.0,91.87,48522.77,1
2026-01-22,2026-01-22 12:00:00,526.62,526.64,526.62,526.64,0.0,91.87,48522.77,1
2026-01-22,2026-01-22 12:01:00,526.64,526.65,526.64,526.65,0.0,91.87,48522.77,1
2026-01-22,2026-01-22 12:02:00,526.65,526.66,526.65,526.66,0.0,91.87,48522.77,1
2026-01-22,2026-01-22 12:03:00,526.66,526.67,526.66,526.67,0.0,91.87,48522.77,1
2026-01-22,2026-01-22 12:04:00,526.67,526.68,526.67,526.68,0.0,91.87,48522.77,1
2026-01-22,2026-01-22 12:05:00,526.68,526.69,526.68,526.69,0.0,91.87,48522.77,1
2026-01-22,2026-01-22 12:06:00,526.69,526.7,526.69,526.7,0.0,91.87,48522.77,1
2026-01-22,2026-01-22 12:07:00,526.7,526.71,526.7,526.71,0.0,91.87,48522.77,1
2026-01-22,2026-01-22 12:08:00,526.71,526.72,526.71,526.72,0.0,91.87,48522.77,1
2026-01-22,2026-01-22 12:09:00,526.72,526.73,526.72,526.73,0.0,91.87,48522.77,1
2026-01-22,2026-01-22 12:10:00,526.73,526.74,526.73,526.74,0.0,91.87,48522.77,1
2026-01-22,2026-01-22 12:11:00,526.74,526.75,526.74,526.75,0.0,91.87,48522.77,1
2026-01-22,2026-01-22 12:12:00,526.75,526.76,526.75,526.76,0.0,91.87,48522.77,1
2026-01-22,2026-01-22 12:13:00,526.76,526.77,526.76,526.77,0.0,91.87,48522.77,1
2026-01-22,2026-01-22 12:14:00,526.77,526.78,526.77,526.78,0.0,91.87,48522.77,1
2026-01-22,2026-01-22 12:15:00,526.78,526.79,526.78,526.79,0.0,91.87,48522.77,1
2026-01-22,2026-01-22 12:16:00,526.79,526.8,526.79,526.8,0.0,91.87,48522.77,1
2026-01-22,2026-01-22 12:17:00,526.8,526.81,526.8,526.81,0.0,91.87,48522.77,1
2026-01-22,2026-01-22 12:18:00,526.81,526.82,526.81,526.82,0.0,91.87,48522.77,1
2026-01-22,2026-01-22 12:19:00,526.82,526.83,526.82,526.83,0.0,91.87,48522.77,1
2026-01-22,2026-01-22 12:20:00,526.83,526.84,526.83,526.84,0.0,91.87,48522.77,1
2026-01-22,2026-01-22 12:21:00,526.84,526.85,526.84,526.85,0.0,91.87,48522.77,1
2026-01-22,2026-01-22 12:22:00,526.85,526.86,526.85,526.86,0.0,91.87,48522.77,1
2026-01-22,2026-01-22 12:23:00,526.86,526.88,526.86,526.88,0.0,91.87,48522.77,1
2026-01-22,2026-01-22 12:24:00,526.88,526.89,526.88,526.89,0.0,91.87,48522.77,1
2026-01-22,2026-01-22 12:25:00,526.89,526.9,526.89,526.9,0.0,91.87,48522.77,1
2026-01-22,2026-01-22 12:26:00,526.9,526.91,526.9,526.91,0.0,91.87,48522.77,1
2026-01-22,2026-01-22 12:27:00,526.91,526.92,526.91,526.92,0.0,91.87,48522.77,1
2026-01-22,2026-01-22 12:28:00,526.92,526.93,526.92,526.93,0.0,91.87,48522.77,1
2026-01-22,2026-01-22 12:29:00,526.93,526.94,526.93,526.94,0.0,91.87,48522.77,1
2026-01-22,2026-01-22 12:30:00,526.94,526.95,526.94,526.95,0.0,91.87,48522.77,1
2026-01-22,2026-01-22 12:31:00,526.95,526.96,526.95,526.96,0.0,91.87,48522.77,1
2026-01-22,2026-01-22 12:32:00,526.96,526.97,526.96,526.97,0.0,91.87,48522.77,1
2026-01-22,2026-01-22 12:33:00,526.97,526.98,526.97,526.98,0.0,91.87,48522.77,1
2026-01-22,2026-01-22 12:34:00,526.98,526.99,526.98,526.99,0.0,91.87,48522.77,1
2026-01-22,2026-01-22 12:35:00,526.99,527.0,526.99,527.0,0.0,91.87,48522.77,1
2026-01-22,2026-01-22 12:36:00,527.0,527.01,527.0,527.01,0.0,91.87,48522.77,1
2026-01-22,2026-01-22 12:37:00,527.01,527.02,527.01,527.02,0.0,91.87,48522.77,1
2026-01-22,2026-01-22 12:38:00,527.02,527.03,527.02,527.03,0.0,91.87,48522.77,1
2026-01-22,2026-01-22 12:39:00,527.03,527.04,527.03,527.04,0.0,91.87,48522.77,1
2026-01-22,2026-01-22 12:40:00,527.04,527.05,527.04,527.05,0.0,91.87,48522.77,1
2026-01-22,2026-01-22 12:41:00,527.05,527.06,527.05,527.06,0.0,91.87,48522.77,1
2026-01-22,2026-01-22 12:42:00,527.06,527.07,527.06,527.07,0.0,91.87,48522.77,1
2026-01-22,2026-01-22 12:43:00,527.07,527.08,527.07,527.08,0.0,91.87,48522.77,1
2026-01-22,2026-01-22 12:44:00,527.08,527.09,527.08,527.09,0.0,91.87,48522.77,1
2026-01-22,2026-01-22 12:45:00,527.09,527.1,527.09,527.1,0.0,91.87,48522.77,1
2026-01-22,2026-01-22 12:46:00,527.1,527.11,527.1,527.11,0.0,91.87,48522.77,1
2026-01-22,2026-01-22 12:47:00,527.11,527.12,527.11,527.12,0.0,91.87,48522.77,1
2026-01-22,2026-01-22 12:48:00,527.12,527.14,527.12,527.14,0.0,91.87,48522.77,1
2026-01-22,2026-01-22 12:49:00,527.14,527.15,527.14,527.15,0.0,91.87,48522.77,1
2026-01-22,2026-01-22 12:50:00,527.15,527.16,527.15,527.16,0.0,91.87,48522.77,1
2026-01-22,2026-01-22 12:51:00,527.16,527.17,527.16,527.17,0.0,91.87,48522.77,1
2026-01-22,2026-01-22 12:52:00,527.17,527.18,527.17,527.18,0.0,91.87,48522.77,1
2026-01-22,2026-01-22 12:53:00,527.18,527.19,527.18,527.19,0.0,91.87,48522.77,1
2026-01-22,2026-01-22 12:54:00,527.19,527.2,527.19,527.2,0.0,91.87,48522.77,1
2026-01-22,2026-01-22 12:55:00,527.2,527.21,527.2,527.21,0.0,91.87,48522.77,1
2026-01-22,2026-01-22 12:56:00,527.21,527.22,527.21,527.22,0.0,91.87,48522.77,1
2026-01-22,2026-01-22 12:57:00,527.22,527.23,527.22,527.23,0.0,91.87,48522.77,1
2026-01-22,2026-01-22 12:58:00,527.23,527.24,527.23,527.24,0.0,91.87,48522.77,1
2026-01-22,2026-01-22 12:59:00,527.24,527.25,527.24,527.25,0.0,91.87,48522.77,1
2026-01-22,2026-01-22 13:00:00,527.25,535.9,526.0,527.26,0.0,91.87,48522.77,1
2026-01-22,2026-01-22 13:01:00,527.26,527.27,527.26,527.27,0.0,91.87,48522.77,1
2026-01-22,2026-01-22 13:02:00,527.27,527.28,527.27,527.28,0.0,91.87,48522.77,1
2026-01-22,2026-01-22 13:03:00,527.28,527.29,527.28,527.29,0.0,91.87,48522.77,1
2026-01-22,2026-01-22 13:04:00,527.29,527.3,527.29,527.3,0.0,91.87,48522.77,1
2026-01-22,2026-01-22 13:05:00,527.3,527.31,527.3,527.31,0.0,91.87,48522.77,1
2026-01-22,2026-01-22 13:06:00,527.31,527.32,527.31,527.32,0.0,91.87,48522.77,1
2026-01-22,2026-01-22 13:07:00,527.32,527.33,527.32,527.33,0.0,91.87,48522.77,1
2026-01-22,2026-01-22 13:08:00,527.33,527.34,527.33,527.34,0.0,91.87,48522.77,1
2026-01-22,2026-01-22 13:09:00,527.34,527.35,527.34,527.35,0.0,91.87,48522.77,1
2026-01-22,2026-01-22 13:10:00,527.35,527.36,527.35,527.36,0.0,91.87,48522.77,1
2026-01-22,2026-01-22 13:11:00,527.36,527.38,527.36,527.38,0.0,91.87,48522.77,1
2026-01-22,2026-01-22 13:12:00,527.38,527.39,527.38,527.39,0.0,91.87,48522.77,1
2026-01-22,2026-01-22 13:13:00,527.39,527.4,527.39,527.4,0.0,91.87,48522.77,1
2026-01-22,2026-01-22 13:14:00,527.4,527.41,527.4,527.41,0.0,91.87,48522.77,1
2026-01-22,2026-01-22 13:15:00,527.41,527.42,527.41,527.42,0.0,91.87,48522.77,1
2026-01-22,2026-01-22 13:16:00,527.42,527.43,527.42,527.43,0.0,91.87,48522.77,1
2026-01-22,2026-01-22 13:17:00,527.43,527.44,527.43,527.44,0.0,91.87,48522.77,1
2026-01-22,2026-01-22 13:18:00,527.44,527.45,527.44,527.45,0.0,91.87,48522.77,1
2026-01-22,2026-01-22 13:19:00,527.45,527.46,527.45,527.46,0.0,91.87,48522.77,1
2026-01-22,2026-01-22 13:20:00,527.46,527.47,527.46,527.47,0.0,91.87,48522.77,1
2026-01-22,2026-01-22 13:21:00,527.47,527.48,527.47,527.48,0.0,91.87,48522.77,1
2026-01-22,2026-01-22 13:22:00,527.48,527.49,527.48,527.49,0.0,91.87,48522.77,1
2026-01-22,2026-01-22 13:23:00,527.49,527.5,527.49,527.5,0.0,91.87,48522.77,1
2026-01-22,2026-01-22 13:24:00,527.5,527.51,527.5,527.51,0.0,91.87,48522.77,1
2026-01-22,2026-01-22 13:25:00,527.51,527.52,527.51,527.52,0.0,91.87,48522.77,1
2026-01-22,2026-01-22 13:26:00,527.52,527.53,527.52,527.53,0.0,91.87,48522.77,1
2026-01-22,2026-01-22 13:27:00,527.53,527.54,527.53,527.54,0.0,91.87,48522.77,1
2026-01-22,2026-01-22 13:28:00,527.54,527.55,527.54,527.55,0.0,91.87,48522.77,1
2026-01-22,2026-01-22 13:29:00,527.55,527.56,527.55,527.56,0.0,91.87,48522.77,1
2026-01-22,2026-01-22 13:30:00,527.56,527.57,527.56,527.57,0.0,91.87,48522.77,1
2026-01-22,2026-01-22 13:31:00,527.57,527.58,527.57,527.58,0.0,91.87,48522.77,1
2026-01-22,2026-01-22 13:32:00,527.58,527.59,527.58,527.59,0.0,91.87,48522.77,1
2026-01-22,2026-01-22 13:33:00,527.59,527.6,527.59,527.6,0.0,91.87,48522.77,1
2026-01-22,2026-01-22 13:34:00,527.6,527.61,527.6,527.61,0.0,91.87,48522.77,1
2026-01-22,2026-01-22 13:35:00,527.61,527.62,527.61,527.62,0.0,91.87,48522.77,1
2026-01-22,2026-01-22 13:36:00,527.62,527.64,527.62,527.64,0.0,91.87,48522.77,1
2026-01-22,2026-01-22 13:37:00,527.64,527.65,527.64,527.65,0.0,91.87,48522.77,1
2026-01-22,2026-01-22 13:38:00,527.65,527.66,527.65,527.66,0.0,91.87,48522.77,1
2026-01-22,2026-01-22 13:39:00,527.66,527.67,527.66,527.67,0.0,91.87,48522.77,1
2026-01-22,2026-01-22 13:40:00,527.67,527.68,527.67,527.68,0.0,91.87,48522.77,1
2026-01-22,2026-01-22 13:41:00,527.68,527.69,527.68,527.69,0.0,91.87,48522.77,1
2026-01-22,2026-01-22 13:42:00,527.69,527.7,527.69,527.7,0.0,91.87,48522.77,1
2026-01-22,2026-01-22 13:43:00,527.7,527.71,527.7,527.71,0.0,91.87,48522.77,1
2026-01-22,2026-01-22 13:44:00,527.71,527.72,527.71,527.72,0.0,91.87,48522.77,1
2026-01-22,2026-01-22 13:45:00,527.72,527.73,527.72,527.73,0.0,91.87,48522.77,1
2026-01-22,2026-01-22 13:46:00,527.73,527.74,527.73,527.74,0.0,91.87,48522.77,1
2026-01-22,2026-01-22 13:47:00,527.74,527.75,527.74,527.75,0.0,91.87,48522.77,1
2026-01-22,2026-01-22 13:48:00,527.75,527.76,527.75,527.76,0.0,91.87,48522.77,1
2026-01-22,2026-01-22 13:49:00,527.76,527.77,527.76,527.77,0.0,91.87,48522.77,1
2026-01-22,2026-01-22 13:50:00,527.77,527.78,527.77,527.78,0.0,91.87,48522.77,1
2026-01-22,2026-01-22 13:51:00,527.78,527.79,527.78,527.79,0.0,91.87,48522.77,1
2026-01-22,2026-01-22 13:52:00,527.79,527.8,527.79,527.8,0.0,91.87,48522.77,1
2026-01-22,2026-01-22 13:53:00,527.8,527.81,527.8,527.81,0.0,91.87,48522.77,1
2026-01-22,2026-01-22 13:54:00,527.81,527.82,527.81,527.82,0.0,91.87,48522.77,1
2026-01-22,2026-01-22 13:55:00,527.82,527.83,527.82,527.83,0.0,91.87,48522.77,1
2026-01-22,2026-01-22 13:56:00,527.83,527.84,527.83,527.84,0.0,91.87,48522.77,1
2026-01-22,2026-01-22 13:57:00,527.84,527.85,527.84,527.85,0.0,91.87,48522.77,1
2026-01-22,2026-01-22 13:58:00,527.85,527.86,527.85,527.86,0.0,91.87,48522.77,1
2026-01-22,2026-01-22 13:59:00,527.86,527.88,527.86,527.88,0.0,91.87,48522.77,1
2026-01-22,2026-01-22 14:00:00,527.88,527.89,527.88,527.89,0.0,91.87,48522.77,1
2026-01-22,2026-01-22 14:01:00,527.89,527.9,527.89,527.9,0.0,91.87,48522.77,1
2026-01-22,2026-01-22 14:02:00,527.9,527.91,527.9,527.91,0.0,91.87,48522.77,1
2026-01-22,2026-01-22 14:03:00,527.91,527.92,527.91,527.92,0.0,91.87,48522.77,1
2026-01-22,2026-01-22 14:04:00,527.92,527.93,527.92,527.93,0.0,91.87,48522.77,1
2026-01-22,2026-01-22 14:05:00,527.93,527.94,527.93,527.94,0.0,91.87,48522.77,1
2026-01-22,2026-01-22 14:06:00,527.94,527.95,527.94,527.95,0.0,91.87,48522.77,1
2026-01-22,2026-01-22 14:07:00,527.95,527.96,527.95,527.96,0.0,91.87,48522.77,1
2026-01-22,2026-01-22 14:08:00,527.96,527.97,527.96,527.97,0.0,91.87,48522.77,1
2026-01-22,2026-01-22 14:09:00,527.97,527.98,527.97,527.98,0.0,91.87,48522.77,1
2026-01-22,2026-01-22 14:10:00,527.98,527.99,527.98,527.99,0.0,91.87,48522.77,1
2026-01-22,2026-01-22 14:11:00,527.99,528.0,527.99,528.0,0.0,91.87,48522.77,1
2026-01-22,2026-01-22 14:12:00,528.0,528.01,528.0,528.01,0.0,91.87,48522.77,1
2026-01-22,2026-01-22 14:13:00,528.01,528.02,528.01,528.02,0.0,91.87,48522.77,1
2026-01-22,2026-01-22 14:14:00,528.02,528.03,528.02,528.03,0.0,91.87,48522.77,1
2026-01-22,2026-01-22 14:15:00,528.03,528.04,528.03,528.04,0.0,91.87,48522.77,1
2026-01-22,2026-01-22 14:16:00,528.04,528.05,528.04,528.05,0.0,91.87,48522.77,1
2026-01-22,2026-01-22 14:17:00,528.05,528.06,528.05,528.06,0.0,91.87,48522.77,1
2026-01-22,2026-01-22 14:18:00,528.06,528.07,528.06,528.07,0.0,91.87,48522.77,1
2026-01-22,2026-01-22 14:19:00,528.07,528.08,528.07,528.08,0.0,91.87,48522.77,1
2026-01-22,2026-01-22 14:20:00,528.08,528.09,528.08,528.09,0.0,91.87,48522.77,1
2026-01-22,2026-01-22 14:21:00,528.09,528.1,528.09,528.1,0.0,91.87,48522.77,1
2026-01-22,2026-01-22 14:22:00,528.1,528.11,528.1,528.11,0.0,91.87,48522.77,1
2026-01-22,2026-01-22 14:23:00,528.11,528.12,528.11,528.12,0.0,91.87,48522.77,1
2026-01-22,2026-01-22 14:24:00,528.12,528.14,528.12,528.14,0.0,91.87,48522.77,1
2026-01-22,2026-01-22 14:25:00,528.14,528.15,528.14,528.15,0.0,91.87,48522.77,1
2026-01-22,2026-01-22 14:26:00,528.15,528.16,528.15,528.16,0.0,91.87,48522.77,1
2026-01-22,2026-01-22 14:27:00,528.16,528.17,528.16,528.17,0.0,91.87,48522.77,1
2026-01-22,2026-01-22 14:28:00,528.17,528.18,528.17,528.18,0.0,91.87,48522.77,1
2026-01-22,2026-01-22 14:29:00,528.18,528.19,528.18,528.19,0.0,91.87,48522.77,1
2026-01-22,2026-01-22 14:30:00,528.19,528.2,528.19,528.2,0.0,91.87,48522.77,1
2026-01-22,2026-01-22 14:31:00,528.2,528.21,528.2,528.21,0.0,91.87,48522.77,1
2026-01-22,2026-01-22 14:32:00,528.21,528.22,528.21,528.22,0.0,91.87,48522.77,1
2026-01-22,2026-01-22 14:33:00,528.22,528.23,528.22,528.23,0.0,91.87,48522.77,1
2026-01-22,2026-01-22 14:34:00,528.23,528.24,528.23,528.24,0.0,91.87,48522.77,1
2026-01-22,2026-01-22 14:35:00,528.24,528.25,528.24,528.25,0.0,91.87,48522.77,1
2026-01-22,2026-01-22 14:36:00,528.25,528.26,528.25,528.26,0.0,91.87,48522.77,1
2026-01-22,2026-01-22 14:37:00,528.26,528.27,528.26,528.27,0.0,91.87,48522.77,1
2026-01-22,2026-01-22 14:38:00,528.27,528.28,528.27,528.28,0.0,91.87,48522.77,1
2026-01-22,2026-01-22 14:39:00,528.28,528.29,528.28,528.29,0.0,91.87,48522.77,1
2026-01-22,2026-01-22 14:40:00,528.29,528.3,528.29,528.3,0.0,91.87,48522.77,1
2026-01-22,2026-01-22 14:41:00,528.3,528.31,528.3,528.31,0.0,91.87,48522.77,1
2026-01-22,2026-01-22 14:42:00,528.31,528.32,528.31,528.32,0.0,91.87,48522.77,1
2026-01-22,2026-01-22 14:43:00,528.32,528.33,528.32,528.33,0.0,91.87,48522.77,1
2026-01-22,2026-01-22 14:44:00,528.33,528.34,528.33,528.34,0.0,91.87,48522.77,1
2026-01-22,2026-01-22 14:45:00,528.34,528.35,528.34,528.35,0.0,91.87,48522.77,1
2026-01-22,2026-01-22 14:46:00,528.35,528.36,528.35,528.36,0.0,91.87,48522.77,1
2026-01-22,2026-01-22 14:47:00,528.36,528.38,528.36,528.38,0.0,91.87,48522.77,1
2026-01-22,2026-01-22 14:48:00,528.38,528.39,528.38,528.39,0.0,91.87,48522.77,1
2026-01-22,2026-01-22 14:49:00,528.39,528.4,528.39,528.4,0.0,91.87,48522.77,1
2026-01-22,2026-01-22 14:50:00,528.4,528.41,528.4,528.41,0.0,91.87,48522.77,1
2026-01-22,2026-01-22 14:51:00,528.41,528.42,528.41,528.42,0.0,91.87,48522.77,1
2026-01-22,2026-01-22 14:52:00,528.42,528.43,528.42,528.43,0.0,91.87,48522.77,1
2026-01-22,2026-01-22 14:53:00,528.43,528.44,528.43,528.44,0.0,91.87,48522.77,1
2026-01-22,2026-01-22 14:54:00,528.44,528.45,528.44,528.45,0.0,91.87,48522.77,1
2026-01-22,2026-01-22 14:55:00,528.45,528.46,528.45,528.46,0.0,91.87,48522.77,1
2026-01-22,2026-01-22 14:56:00,528.46,528.47,528.46,528.47,0.0,91.87,48522.77,1
2026-01-22,2026-01-22 14:57:00,528.47,528.48,528.47,528.48,0.0,91.87,48522.77,1
2026-01-22,2026-01-22 14:58:00,528.48,528.49,528.48,528.49,0.0,91.87,48522.77,1
2026-01-22,2026-01-22 14:59:00,528.49,528.5,528.49,528.5,0.0,91.87,48522.77,1
2026-01-22,2026-01-22 15:00:00,528.5,535.9,526.0,528.5,0.0,91.87,48522.77,0
2026-01-25,2026-01-25 11:00:00,527.0,530.57,527.0,527.04,0.01,87.46,46849.46,1
2026-01-25,2026-01-25 11:01:00,527.04,527.08,527.04,527.08,0.01,87.46,46849.46,1
2026-01-25,2026-01-25 11:02:00,527.08,527.11,527.08,527.11,0.01,87.46,46849.46,1
2026-01-25,2026-01-25 11:03:00,527.11,527.15,527.11,527.15,0.01,87.46,46849.46,1
2026-01-25,2026-01-25 11:04:00,527.15,527.19,527.15,527.19,0.01,87.46,46849.46,1
2026-01-25,2026-01-25 11:05:00,527.19,527.23,527.19,527.23,0.01,87.46,46849.46,1
2026-01-25,2026-01-25 11:06:00,527.23,527.26,527.23,527.26,0.01,87.46,46849.46,1
2026-01-25,2026-01-25 11:07:00,527.26,527.3,527.26,527.3,0.01,87.46,46849.46,1
2026-01-25,2026-01-25 11:08:00,527.3,527.34,527.3,527.34,0.01,87.46,46849.46,1
2026-01-25,2026-01-25 11:09:00,527.34,527.38,527.34,527.38,0.01,87.46,46849.46,1
2026-01-25,2026-01-25 11:10:00,527.38,527.41,527.38,527.41,0.01,87.46,46849.46,1
2026-01-25,2026-01-25 11:11:00,527.41,527.45,527.41,527.45,0.01,87.46,46849.46,1
2026-01-25,2026-01-25 11:12:00,527.45,527.49,527.45,527.49,0.01,87.46,46849.46,1
2026-01-25,2026-01-25 11:13:00,527.49,527.52,527.49,527.52,0.01,87.46,46849.46,1
2026-01-25,2026-01-25 11:14:00,527.52,527.56,527.52,527.56,0.01,87.46,46849.46,1
2026-01-25,2026-01-25 11:15:00,527.56,527.6,527.56,527.6,0.01,87.46,46849.46,1
2026-01-25,2026-01-25 11:16:00,527.6,527.64,527.6,527.64,0.01,87.46,46849.46,1
2026-01-25,2026-01-25 11:17:00,527.64,527.67,527.64,527.67,0.01,87.46,46849.46,1
2026-01-25,2026-01-25 11:18:00,527.67,527.71,527.67,527.71,0.01,87.46,46849.46,1
2026-01-25,2026-01-25 11:19:00,527.71,527.75,527.71,527.75,0.01,87.46,46849.46,1
2026-01-25,2026-01-25 11:20:00,527.75,527.79,527.75,527.79,0.01,87.46,46849.46,1
2026-01-25,2026-01-25 11:21:00,527.79,527.83,527.79,527.83,0.01,87.46,46849.46,1
2026-01-25,2026-01-25 11:22:00,527.83,527.86,527.83,527.86,0.01,87.46,46849.46,1
2026-01-25,2026-01-25 11:23:00,527.86,527.9,527.86,527.9,0.01,87.46,46849.46,1
2026-01-25,2026-01-25 11:24:00,527.9,527.94,527.9,527.94,0.01,87.46,46849.46,1
2026-01-25,2026-01-25 11:25:00,527.94,527.98,527.94,527.98,0.01,87.46,46849.46,1
2026-01-25,2026-01-25 11:26:00,527.98,528.01,527.98,528.01,0.01,87.46,46849.46,1
2026-01-25,2026-01-25 11:27:00,528.01,528.05,528.01,528.05,0.01,87.46,46849.46,1
2026-01-25,2026-01-25 11:28:00,528.05,528.09,528.05,528.09,0.01,87.46,46849.46,1
2026-01-25,2026-01-25 11:29:00,528.09,528.12,528.09,528.12,0.01,87.46,46849.46,1
2026-01-25,2026-01-25 11:30:00,528.12,528.16,528.12,528.16,0.01,87.46,46849.46,1
2026-01-25,2026-01-25 11:31:00,528.16,528.2,528.16,528.2,0.01,87.46,46849.46,1
2026-01-25,2026-01-25 11:32:00,528.2,528.24,528.2,528.24,0.01,87.46,46849.46,1
2026-01-25,2026-01-25 11:33:00,528.24,528.27,528.24,528.27,0.01,87.46,46849.46,1
2026-01-25,2026-01-25 11:34:00,528.27,528.31,528.27,528.31,0.01,87.46,46849.46,1
2026-01-25,2026-01-25 11:35:00,528.31,528.35,528.31,528.35,0.01,87.46,46849.46,1
2026-01-25,2026-01-25 11:36:00,528.35,528.39,528.35,528.39,0.01,87.46,46849.46,1
2026-01-25,2026-01-25 11:37:00,528.39,528.42,528.39,528.42,0.01,87.46,46849.46,1
2026-01-25,2026-01-25 11:38:00,528.42,528.46,528.42,528.46,0.01,87.46,46849.46,1
2026-01-25,2026-01-25 11:39:00,528.46,528.5,528.46,528.5,0.01,87.46,46849.46,1
2026-01-25,2026-01-25 11:40:00,528.5,528.54,528.5,528.54,0.01,87.46,46849.46,1
2026-01-25,2026-01-25 11:41:00,528.54,528.58,528.54,528.58,0.01,87.46,46849.46,1
2026-01-25,2026-01-25 11:42:00,528.58,528.61,528.58,528.61,0.01,87.46,46849.46,1
2026-01-25,2026-01-25 11:43:00,528.61,528.65,528.61,528.65,0.01,87.46,46849.46,1
2026-01-25,2026-01-25 11:44:00,528.65,528.69,528.65,528.69,0.01,87.46,46849.46,1
2026-01-25,2026-01-25 11:45:00,528.69,528.73,528.69,528.73,0.01,87.46,46849.46,1
2026-01-25,2026-01-25 11:46:00,528.73,528.76,528.73,528.76,0.01,87.46,46849.46,1
2026-01-25,2026-01-25 11:47:00,528.76,528.8,528.76,528.8,0.01,87.46,46849.46,1
2026-01-25,2026-01-25 11:48:00,528.8,528.84,528.8,528.84,0.01,87.46,46849.46,1
2026-01-25,2026-01-25 11:49:00,528.84,528.88,528.84,528.88,0.01,87.46,46849.46,1
2026-01-25,2026-01-25 11:50:00,528.88,528.91,528.88,528.91,0.01,87.46,46849.46,1
2026-01-25,2026-01-25 11:51:00,528.91,528.95,528.91,528.95,0.01,87.46,46849.46,1
2026-01-25,2026-01-25 11:52:00,528.95,528.99,528.95,528.99,0.01,87.46,46849.46,1
2026-01-25,2026-01-25 11:53:00,528.99,529.02,528.99,529.02,0.01,87.46,46849.46,1
2026-01-25,2026-01-25 11:54:00,529.02,529.06,529.02,529.06,0.01,87.46,46849.46,1
2026-01-25,2026-01-25 11:55:00,529.06,529.1,529.06,529.1,0.01,87.46,46849.46,1
2026-01-25,2026-01-25 11:56:00,529.1,529.14,529.1,529.14,0.01,87.46,46849.46,1
2026-01-25,2026-01-25 11:57:00,529.14,529.17,529.14,529.17,0.01,87.46,46849.46,1
2026-01-25,2026-01-25 11:58:00,529.17,529.21,529.17,529.21,0.01,87.46,46849.46,1
2026-01-25,2026-01-25 11:59:00,529.21,529.25,529.21,529.25,0.01,87.46,46849.46,1
2026-01-25,2026-01-25 12:00:00,529.25,529.29,529.25,529.29,0.01,87.46,46849.46,1
2026-01-25,2026-01-25 12:01:00,529.29,529.33,529.29,529.33,0.01,87.46,46849.46,1
2026-01-25,2026-01-25 12:02:00,529.33,529.36,529.33,529.36,0.01,87.46,46849.46,1
2026-01-25,2026-01-25 12:03:00,529.36,529.4,529.36,529.4,0.01,87.46,46849.46,1
2026-01-25,2026-01-25 12:04:00,529.4,529.44,529.4,529.44,0.01,87.46,46849.46,1
2026-01-25,2026-01-25 12:05:00,529.44,529.48,529.44,529.48,0.01,87.46,46849.46,1
2026-01-25,2026-01-25 12:06:00,529.48,529.51,529.48,529.51,0.01,87.46,46849.46,1
2026-01-25,2026-01-25 12:07:00,529.51,529.55,529.51,529.55,0.01,87.46,46849.46,1
2026-01-25,2026-01-25 12:08:00,529.55,529.59,529.55,529.59,0.01,87.46,46849.46,1
2026-01-25,2026-01-25 12:09:00,529.59,529.62,529.59,529.62,0.01,87.46,46849.46,1
2026-01-25,2026-01-25 12:10:00,529.62,529.66,529.62,529.66,0.01,87.46,46849.46,1
2026-01-25,2026-01-25 12:11:00,529.66,529.7,529.66,529.7,0.01,87.46,46849.46,1
2026-01-25,2026-01-25 12:12:00,529.7,529.74,529.7,529.74,0.01,87.46,46849.46,1
2026-01-25,2026-01-25 12:13:00,529.74,529.77,529.74,529.77,0.01,87.46,46849.46,1
2026-01-25,2026-01-25 12:14:00,529.77,529.81,529.77,529.81,0.01,87.46,46849.46,1
2026-01-25,2026-01-25 12:15:00,529.81,529.85,529.81,529.85,0.01,87.46,46849.46,1
2026-01-25,2026-01-25 12:16:00,529.85,529.89,529.85,529.89,0.01,87.46,46849.46,1
2026-01-25,2026-01-25 12:17:00,529.89,529.92,529.89,529.92,0.01,87.46,46849.46,1
2026-01-25,2026-01-25 12:18:00,529.92,529.96,529.92,529.96,0.01,87.46,46849.46,1
2026-01-25,2026-01-25 12:19:00,529.96,530.0,529.96,530.0,0.01,87.46,46849.46,1
2026-01-25,2026-01-25 12:20:00,530.0,530.04,530.0,530.04,0.01,87.46,46849.46,1
2026-01-25,2026-01-25 12:21:00,530.04,530.08,530.04,530.08,0.01,87.46,46849.46,1
2026-01-25,2026-01-25 12:22:00,530.08,530.11,530.08,530.11,0.01,87.46,46849.46,1
2026-01-25,2026-01-25 12:23:00,530.11,530.15,530.11,530.15,0.01,87.46,46849.46,1
2026-01-25,2026-01-25 12:24:00,530.15,530.19,530.15,530.19,0.01,87.46,46849.46,1
2026-01-25,2026-01-25 12:25:00,530.19,530.23,530.19,530.23,0.01,87.46,46849.46,1
2026-01-25,2026-01-25 12:26:00,530.23,530.26,530.23,530.26,0.01,87.46,46849.46,1
2026-01-25,2026-01-25 12:27:00,530.26,530.3,530.26,530.3,0.01,87.46,46849.46,1
2026-01-25,2026-01-25 12:28:00,530.3,530.34,530.3,530.34,0.01,87.46,46849.46,1
2026-01-25,2026-01-25 12:29:00,530.34,530.38,530.34,530.38,0.01,87.46,46849.46,1
2026-01-25,2026-01-25 12:30:00,530.38,530.41,530.38,530.41,0.01,87.46,46849.46,1
2026-01-25,2026-01-25 12:31:00,530.41,530.45,530.41,530.45,0.01,87.46,46849.46,1
2026-01-25,2026-01-25 12:32:00,530.45,530.49,530.45,530.49,0.01,87.46,46849.46,1
2026-01-25,2026-01-25 12:33:00,530.49,530.52,530.49,530.52,0.01,87.46,46849.46,1
2026-01-25,2026-01-25 12:34:00,530.52,530.56,530.52,530.56,0.01,87.46,46849.46,1
2026-01-25,2026-01-25 12:35:00,530.56,530.6,530.56,530.6,0.01,87.46,46849.46,1
2026-01-25,2026-01-25 12:36:00,530.6,530.64,530.6,530.64,0.01,87.46,46849.46,1
2026-01-25,2026-01-25 12:37:00,530.64,530.67,530.64,530.67,0.01,87.46,46849.46,1
2026-01-25,2026-01-25 12:38:00,530.67,530.71,530.67,530.71,0.01,87.46,46849.46,1
2026-01-25,2026-01-25 12:39:00,530.71,530.75,530.71,530.75,0.01,87.46,46849.46,1
2026-01-25,2026-01-25 12:40:00,530.75,530.79,530.75,530.79,0.01,87.46,46849.46,1
2026-01-25,2026-01-25 12:41:00,530.79,530.83,530.79,530.83,0.01,87.46,46849.46,1
2026-01-25,2026-01-25 12:42:00,530.83,530.86,530.83,530.86,0.01,87.46,46849.46,1
2026-01-25,2026-01-25 12:43:00,530.86,530.9,530.86,530.9,0.01,87.46,46849.46,1
2026-01-25,2026-01-25 12:44:00,530.9,530.94,530.9,530.94,0.01,87.46,46849.46,1
2026-01-25,2026-01-25 12:45:00,530.94,530.98,530.94,530.98,0.01,87.46,46849.46,1
2026-01-25,2026-01-25 12:46:00,530.98,531.01,530.98,531.01,0.01,87.46,46849.46,1
2026-01-25,2026-01-25 12:47:00,531.01,531.05,531.01,531.05,0.01,87.46,46849.46,1
2026-01-25,2026-01-25 12:48:00,531.05,531.09,531.05,531.09,0.01,87.46,46849.46,1
2026-01-25,2026-01-25 12:49:00,531.09,531.12,531.09,531.12,0.01,87.46,46849.46,1
2026-01-25,2026-01-25 12:50:00,531.12,531.16,531.12,531.16,0.01,87.46,46849.46,1
2026-01-25,2026-01-25 12:51:00,531.16,531.2,531.16,531.2,0.01,87.46,46849.46,1
2026-01-25,2026-01-25 12:52:00,531.2,531.24,531.2,531.24,0.01,87.46,46849.46,1
2026-01-25,2026-01-25 12:53:00,531.24,531.27,531.24,531.27,0.01,87.46,46849.46,1
2026-01-25,2026-01-25 12:54:00,531.27,531.31,531.27,531.31,0.01,87.46,46849.46,1
2026-01-25,2026-01-25 12:55:00,531.31,531.35,531.31,531.35,0.01,87.46,46849.46,1
2026-01-25,2026-01-25 12:56:00,531.35,531.39,531.35,531.39,0.01,87.46,46849.46,1
2026-01-25,2026-01-25 12:57:00,531.39,531.42,531.39,531.42,0.01,87.46,46849.46,1
2026-01-25,2026-01-25 12:58:00,531.42,531.46,531.42,531.46,0.01,87.46,46849.46,1
2026-01-25,2026-01-25 12:59:00,531.46,531.5,531.46,531.5,0.01,87.46,46849.46,1
2026-01-25,2026-01-25 13:00:00,531.5,538.9,527.0,531.54,0.01,87.46,46849.46,1
2026-01-25,2026-01-25 13:01:00,531.54,531.58,531.54,531.58,0.01,87.46,46849.46,1
2026-01-25,2026-01-25 13:02:00,531.58,531.61,531.58,531.61,0.01,87.46,46849.46,1
2026-01-25,2026-01-25 13:03:00,531.61,531.65,531.61,531.65,0.01,87.46,46849.46,1
2026-01-25,2026-01-25 13:04:00,531.65,531.69,531.65,531.69,0.01,87.46,46849.46,1
2026-01-25,2026-01-25 13:05:00,531.69,531.73,531.69,531.73,0.01,87.46,46849.46,1
2026-01-25,2026-01-25 13:06:00,531.73,531.76,531.73,531.76,0.01,87.46,46849.46,1
2026-01-25,2026-01-25 13:07:00,531.76,531.8,531.76,531.8,0.01,87.46,46849.46,1
2026-01-25,2026-01-25 13:08:00,531.8,531.84,531.8,531.84,0.01,87.46,46849.46,1
2026-01-25,2026-01-25 13:09:00,531.84,531.88,531.84,531.88,0.01,87.46,46849.46,1
2026-01-25,2026-01-25 13:10:00,531.88,531.91,531.88,531.91,0.01,87.46,46849.46,1
2026-01-25,2026-01-25 13:11:00,531.91,531.95,531.91,531.95,0.01,87.46,46849.46,1
2026-01-25,2026-01-25 13:12:00,531.95,531.99,531.95,531.99,0.01,87.46,46849.46,1
2026-01-25,2026-01-25 13:13:00,531.99,532.02,531.99,532.02,0.01,87.46,46849.46,1
2026-01-25,2026-01-25 13:14:00,532.02,532.06,532.02,532.06,0.01,87.46,46849.46,1
2026-01-25,2026-01-25 13:15:00,532.06,532.1,532.06,532.1,0.01,87.46,46849.46,1
2026-01-25,2026-01-25 13:16:00,532.1,532.14,532.1,532.14,0.01,87.46,46849.46,1
2026-01-25,2026-01-25 13:17:00,532.14,532.17,532.14,532.17,0.01,87.46,46849.46,1
2026-01-25,2026-01-25 13:18:00,532.17,532.21,532.17,532.21,0.01,87.46,46849.46,1
2026-01-25,2026-01-25 13:19:00,532.21,532.25,532.21,532.25,0.01,87.46,46849.46,1
2026-01-25,2026-01-25 13:20:00,532.25,532.29,532.25,532.29,0.01,87.46,46849.46,1
2026-01-25,2026-01-25 13:21:00,532.29,532.33,532.29,532.33,0.01,87.46,46849.46,1
2026-01-25,2026-01-25 13:22:00,532.33,532.36,532.33,532.36,0.01,87.46,46849.46,1
2026-01-25,2026-01-25 13:23:00,532.36,532.4,532.36,532.4,0.01,87.46,46849.46,1
2026-01-25,2026-01-25 13:24:00,532.4,532.44,532.4,532.44,0.01,87.46,46849.46,1
2026-01-25,2026-01-25 13:25:00,532.44,532.48,532.44,532.48,0.01,87.46,46849.46,1
2026-01-25,2026-01-25 13:26:00,532.48,532.51,532.48,532.51,0.01,87.46,46849.46,1
2026-01-25,2026-01-25 13:27:00,532.51,532.55,532.51,532.55,0.01,87.46,46849.46,1
2026-01-25,2026-01-25 13:28:00,532.55,532.59,532.55,532.59,0.01,87.46,46849.46,1
2026-01-25,2026-01-25 13:29:00,532.59,532.62,532.59,532.62,0.01,87.46,46849.46,1
2026-01-25,2026-01-25 13:30:00,532.62,532.66,532.62,532.66,0.01,87.46,46849.46,1
2026-01-25,2026-01-25 13:31:00,532.66,532.7,532.66,532.7,0.01,87.46,46849.46,1
2026-01-25,2026-01-25 13:32:00,532.7,532.74,532.7,532.74,0.01,87.46,46849.46,1
2026-01-25,2026-01-25 13:33:00,532.74,532.77,532.74,532.77,0.01,87.46,46849.46,1
2026-01-25,2026-01-25 13:34:00,532.77,532.81,532.77,532.81,0.01,87.46,46849.46,1
2026-01-25,2026-01-25 13:35:00,532.81,532.85,532.81,532.85,0.01,87.46,46849.46,1
2026-01-25,2026-01-25 13:36:00,532.85,532.89,532.85,532.89,0.01,87.46,46849.46,1
2026-01-25,2026-01-25 13:37:00,532.89,532.92,532.89,532.92,0.01,87.46,46849.46,1
2026-01-25,2026-01-25 13:38:00,532.92,532.96,532.92,532.96,0.01,87.46,46849.46,1
2026-01-25,2026-01-25 13:39:00,532.96,533.0,532.96,533.0,0.01,87.46,46849.46,1
2026-01-25,2026-01-25 13:40:00,533.0,533.04,533.0,533.04,0.01,87.46,46849.46,1
2026-01-25,2026-01-25 13:41:00,533.04,533.08,533.04,533.08,0.01,87.46,46849.46,1
2026-01-25,2026-01-25 13:42:00,533.08,533.11,533.08,533.11,0.01,87.46,46849.46,1
2026-01-25,2026-01-25 13:43:00,533.11,533.15,533.11,533.15,0.01,87.46,46849.46,1
2026-01-25,2026-01-25 13:44:00,533.15,533.19,533.15,533.19,0.01,87.46,46849.46,1
2026-01-25,2026-01-25 13:45:00,533.19,533.23,533.19,533.23,0.01,87.46,46849.46,1
2026-01-25,2026-01-25 13:46:00,533.23,533.26,533.23,533.26,0.01,87.46,46849.46,1
2026-01-25,2026-01-25 13:47:00,533.26,533.3,533.26,533.3,0.01,87.46,46849.46,1
2026-01-25,2026-01-25 13:48:00,533.3,533.34,533.3,533.34,0.01,87.46,46849.46,1
2026-01-25,2026-01-25 13:49:00,533.34,533.38,533.34,533.38,0.01,87.46,46849.46,1
2026-01-25,2026-01-25 13:50:00,533.38,533.41,533.38,533.41,0.01,87.46,46849.46,1
2026-01-25,2026-01-25 13:51:00,533.41,533.45,533.41,533.45,0.01,87.46,46849.46,1
2026-01-25,2026-01-25 13:52:00,533.45,533.49,533.45,533.49,0.01,87.46,46849.46,1
2026-01-25,2026-01-25 13:53:00,533.49,533.52,533.49,533.52,0.01,87.46,46849.46,1
2026-01-25,2026-01-25 13:54:00,533.52,533.56,533.52,533.56,0.01,87.46,46849.46,1
2026-01-25,2026-01-25 13:55:00,533.56,533.6,533.56,533.6,0.01,87.46,46849.46,1
2026-01-25,2026-01-25 13:56:00,533.6,533.64,533.6,533.64,0.01,87.46,46849.46,1
2026-01-25,2026-01-25 13:57:00,533.64,533.67,533.64,533.67,0.01,87.46,46849.46,1
2026-01-25,2026-01-25 13:58:00,533.67,533.71,533.67,533.71,0.01,87.46,46849.46,1
2026-01-25,2026-01-25 13:59:00,533.71,533.75,533.71,533.75,0.01,87.46,46849.46,1
2026-01-25,2026-01-25 14:00:00,533.75,533.79,533.75,533.79,0.01,87.46,46849.46,1
2026-01-25,2026-01-25 14:01:00,533.79,533.83,533.79,533.83,0.01,87.46,46849.46,1
2026-01-25,2026-01-25 14:02:00,533.83,533.86,533.83,533.86,0.01,87.46,46849.46,1
2026-01-25,2026-01-25 14:03:00,533.86,533.9,533.86,533.9,0.01,87.46,46849.46,1
2026-01-25,2026-01-25 14:04:00,533.9,533.94,533.9,533.94,0.01,87.46,46849.46,1
2026-01-25,2026-01-25 14:05:00,533.94,533.98,533.94,533.98,0.01,87.46,46849.46,1
2026-01-25,2026-01-25 14:06:00,533.98,534.01,533.98,534.01,0.01,87.46,46849.46,1
2026-01-25,2026-01-25 14:07:00,534.01,534.05,534.01,534.05,0.01,87.46,46849.46,1
2026-01-25,2026-01-25 14:08:00,534.05,534.09,534.05,534.09,0.01,87.46,46849.46,1
2026-01-25,2026-01-25 14:09:00,534.09,534.12,534.09,534.12,0.01,87.46,46849.46,1
2026-01-25,2026-01-25 14:10:00,534.12,534.16,534.12,534.16,0.01,87.46,46849.46,1
2026-01-25,2026-01-25 14:11:00,534.16,534.2,534.16,534.2,0.01,87.46,46849.46,1
2026-01-25,2026-01-25 14:12:00,534.2,534.24,534.2,534.24,0.01,87.46,46849.46,1
2026-01-25,2026-01-25 14:13:00,534.24,534.27,534.24,534.27,0.01,87.46,46849.46,1
2026-01-25,2026-01-25 14:14:00,534.27,534.31,534.27,534.31,0.01,87.46,46849.46,1
2026-01-25,2026-01-25 14:15:00,534.31,534.35,534.31,534.35,0.01,87.46,46849.46,1
2026-01-25,2026-01-25 14:16:00,534.35,534.39,534.35,534.39,0.01,87.46,46849.46,1
2026-01-25,2026-01-25 14:17:00,534.39,534.42,534.39,534.42,0.01,87.46,46849.46,1
2026-01-25,2026-01-25 14:18:00,534.42,534.46,534.42,534.46,0.01,87.46,46849.46,1
2026-01-25,2026-01-25 14:19:00,534.46,534.5,534.46,534.5,0.01,87.46,46849.46,1
2026-01-25,2026-01-25 14:20:00,534.5,534.54,534.5,534.54,0.01,87.46,46849.46,1
2026-01-25,2026-01-25 14:21:00,534.54,534.58,534.54,534.58,0.01,87.46,46849.46,1
2026-01-25,2026-01-25 14:22:00,534.58,534.61,534.58,534.61,0.01,87.46,46849.46,1
2026-01-25,2026-01-25 14:23:00,534.61,534.65,534.61,534.65,0.01,87.46,46849.46,1
2026-01-25,2026-01-25 14:24:00,534.65,534.69,534.65,534.69,0.01,87.46,46849.46,1
2026-01-25,2026-01-25 14:25:00,534.69,534.73,534.69,534.73,0.01,87.46,46849.46,1
2026-01-25,2026-01-25 14:26:00,534.73,534.76,534.73,534.76,0.01,87.46,46849.46,1
2026-01-25,2026-01-25 14:27:00,534.76,534.8,534.76,534.8,0.01,87.46,46849.46,1
2026-01-25,2026-01-25 14:28:00,534.8,534.84,534.8,534.84,0.01,87.46,46849.46,1
2026-01-25,2026-01-25 14:29:00,534.84,534.88,534.84,534.88,0.01,87.46,46849.46,1
2026-01-25,2026-01-25 14:30:00,534.88,534.91,534.88,534.91,0.01,87.46,46849.46,1
2026-01-25,2026-01-25 14:31:00,534.91,534.95,534.91,534.95,0.01,87.46,46849.46,1
2026-01-25,2026-01-25 14:32:00,534.95,534.99,534.95,534.99,0.01,87.46,46849.46,1
2026-01-25,2026-01-25 14:33:00,534.99,535.02,534.99,535.02,0.01,87.46,46849.46,1
2026-01-25,2026-01-25 14:34:00,535.02,535.06,535.02,535.06,0.01,87.46,46849.46,1
2026-01-25,2026-01-25 14:35:00,535.06,535.1,535.06,535.1,0.01,87.46,46849.46,1
2026-01-25,2026-01-25 14:36:00,535.1,535.14,535.1,535.14,0.01,87.46,46849.46,1
2026-01-25,2026-01-25 14:37:00,535.14,535.17,535.14,535.17,0.01,87.46,46849.46,1
2026-01-25,2026-01-25 14:38:00,535.17,535.21,535.17,535.21,0.01,87.46,46849.46,1
2026-01-25,2026-01-25 14:39:00,535.21,535.25,535.21,535.25,0.01,87.46,46849.46,1
2026-01-25,2026-01-25 14:40:00,535.25,535.29,535.25,535.29,0.01,87.46,46849.46,1
2026-01-25,2026-01-25 14:41:00,535.29,535.33,535.29,535.33,0.01,87.46,46849.46,1
2026-01-25,2026-01-25 14:42:00,535.33,535.36,535.33,535.36,0.01,87.46,46849.46,1
2026-01-25,2026-01-25 14:43:00,535.36,535.4,535.36,535.4,0.01,87.46,46849.46,1
2026-01-25,2026-01-25 14:44:00,535.4,535.44,535.4,535.44,0.01,87.46,46849.46,1
2026-01-25,2026-01-25 14:45:00,535.44,535.48,535.44,535.48,0.01,87.46,46849.46,1
2026-01-25,2026-01-25 14:46:00,535.48,535.51,535.48,535.51,0.01,87.46,46849.46,1
2026-01-25,2026-01-25 14:47:00,535.51,535.55,535.51,535.55,0.01,87.46,46849.46,1
2026-01-25,2026-01-25 14:48:00,535.55,535.59,535.55,535.59,0.01,87.46,46849.46,1
2026-01-25,2026-01-25 14:49:00,535.59,535.62,535.59,535.62,0.01,87.46,46849.46,1
2026-01-25,2026-01-25 14:50:00,535.62,535.66,535.62,535.66,0.01,87.46,46849.46,1
2026-01-25,2026-01-25 14:51:00,535.66,535.7,535.66,535.7,0.01,87.46,46849.46,1
2026-01-25,2026-01-25 14:52:00,535.7,535.74,535.7,535.74,0.01,87.46,46849.46,1
2026-01-25,2026-01-25 14:53:00,535.74,535.77,535.74,535.77,0.01,87.46,46849.46,1
2026-01-25,2026-01-25 14:54:00,535.77,535.81,535.77,535.81,0.01,87.46,46849.46,1
2026-01-25,2026-01-25 14:55:00,535.81,535.85,535.81,535.85,0.01,87.46,46849.46,1
2026-01-25,2026-01-25 14:56:00,535.85,535.89,535.85,535.89,0.01,87.46,46849.46,1
2026-01-25,2026-01-25 14:57:00,535.89,535.92,535.89,535.92,0.01,87.46,46849.46,1
2026-01-25,2026-01-25 14:58:00,535.92,535.96,535.92,535.96,0.01,87.46,46849.46,1
2026-01-25,2026-01-25 14:59:00,535.96,536.0,535.96,536.0,0.01,87.46,46849.46,1
2026-01-25,2026-01-25 15:00:00,536.0,538.9,527.0,536.0,0.0,87.46,46849.46,0
2026-01-26,2026-01-26 11:00:00,540.0,543.12,539.1,540.02,0.0,133.3,72512.11,1
2026-01-26,2026-01-26 11:01:00,540.02,540.05,540.02,540.05,0.01,133.3,72512.11,1
2026-01-26,2026-01-26 11:02:00,540.05,540.08,540.05,540.08,0.01,133.3,72512.11,1
2026-01-26,2026-01-26 11:03:00,540.08,540.1,540.08,540.1,0.0,133.3,72512.11,1
2026-01-26,2026-01-26 11:04:00,540.1,540.12,540.1,540.12,0.0,133.3,72512.11,1
2026-01-26,2026-01-26 11:05:00,540.12,540.15,540.12,540.15,0.01,133.3,72512.11,1
2026-01-26,2026-01-26 11:06:00,540.15,540.17,540.15,540.17,0.0,133.3,72512.11,1
2026-01-26,2026-01-26 11:07:00,540.17,540.2,540.17,540.2,0.01,133.3,72512.11,1
2026-01-26,2026-01-26 11:08:00,540.2,540.23,540.2,540.23,0.01,133.3,72512.11,1
2026-01-26,2026-01-26 11:09:00,540.23,540.25,540.23,540.25,0.0,133.3,72512.11,1
2026-01-26,2026-01-26 11:10:00,540.25,540.27,540.25,540.27,0.0,133.3,72512.11,1
2026-01-26,2026-01-26 11:11:00,540.27,540.3,540.27,540.3,0.01,133.3,72512.11,1
2026-01-26,2026-01-26 11:12:00,540.3,540.33,540.3,540.33,0.01,133.3,72512.11,1
2026-01-26,2026-01-26 11:13:00,540.33,540.35,540.33,540.35,0.0,133.3,72512.11,1
2026-01-26,2026-01-26 11:14:00,540.35,540.38,540.35,540.38,0.01,133.3,72512.11,1
2026-01-26,2026-01-26 11:15:00,540.38,540.4,540.38,540.4,0.0,133.3,72512.11,1
2026-01-26,2026-01-26 11:16:00,540.4,540.42,540.4,540.42,0.0,133.3,72512.11,1
2026-01-26,2026-01-26 11:17:00,540.42,540.45,540.42,540.45,0.01,133.3,72512.11,1
2026-01-26,2026-01-26 11:18:00,540.45,540.48,540.45,540.48,0.01,133.3,72512.11,1
2026-01-26,2026-01-26 11:19:00,540.48,540.5,540.48,540.5,0.0,133.3,72512.11,1
2026-01-26,2026-01-26 11:20:00,540.5,540.52,540.5,540.52,0.0,133.3,72512.11,1
2026-01-26,2026-01-26 11:21:00,540.52,540.55,540.52,540.55,0.01,133.3,72512.11,1
2026-01-26,2026-01-26 11:22:00,540.55,540.58,540.55,540.58,0.01,133.3,72512.11,1
2026-01-26,2026-01-26 11:23:00,540.58,540.6,540.58,540.6,0.0,133.3,72512.11,1
2026-01-26,2026-01-26 11:24:00,540.6,540.62,540.6,540.62,0.0,133.3,72512.11,1
2026-01-26,2026-01-26 11:25:00,540.62,540.65,540.62,540.65,0.01,133.3,72512.11,1
2026-01-26,2026-01-26 11:26:00,540.65,540.67,540.65,540.67,0.0,133.3,72512.11,1
2026-01-26,2026-01-26 11:27:00,540.67,540.7,540.67,540.7,0.01,133.3,72512.11,1
2026-01-26,2026-01-26 11:28:00,540.7,540.73,540.7,540.73,0.01,133.3,72512.11,1
2026-01-26,2026-01-26 11:29:00,540.73,540.75,540.73,540.75,0.0,133.3,72512.11,1
2026-01-26,2026-01-26 11:30:00,540.75,540.77,540.75,540.77,0.0,133.3,72512.11,1
2026-01-26,2026-01-26 11:31:00,540.77,540.8,540.77,540.8,0.01,133.3,72512.11,1
2026-01-26,2026-01-26 11:32:00,540.8,540.83,540.8,540.83,0.01,133.3,72512.11,1
2026-01-26,2026-01-26 11:33:00,540.83,540.85,540.83,540.85,0.0,133.3,72512.11,1
2026-01-26,2026-01-26 11:34:00,540.85,540.88,540.85,540.88,0.01,133.3,72512.11,1
2026-01-26,2026-01-26 11:35:00,540.88,540.9,540.88,540.9,0.0,133.3,72512.11,1
2026-01-26,2026-01-26 11:36:00,540.9,540.92,540.9,540.92,0.0,133.3,72512.11,1
2026-01-26,2026-01-26 11:37:00,540.92,540.95,540.92,540.95,0.01,133.3,72512.11,1
2026-01-26,2026-01-26 11:38:00,540.95,540.98,540.95,540.98,0.01,133.3,72512.11,1
2026-01-26,2026-01-26 11:39:00,540.98,541.0,540.98,541.0,0.0,133.3,72512.11,1
2026-01-26,2026-01-26 11:40:00,541.0,541.02,541.0,541.02,0.0,133.3,72512.11,1
2026-01-26,2026-01-26 11:41:00,541.02,541.05,541.02,541.05,0.01,133.3,72512.11,1
2026-01-26,2026-01-26 11:42:00,541.05,541.08,541.05,541.08,0.01,133.3,72512.11,1
2026-01-26,2026-01-26 11:43:00,541.08,541.1,541.08,541.1,0.0,133.3,72512.11,1
2026-01-26,2026-01-26 11:44:00,541.1,541.12,541.1,541.12,0.0,133.3,72512.11,1
2026-01-26,2026-01-26 11:45:00,541.12,541.15,541.12,541.15,0.01,133.3,72512.11,1
2026-01-26,2026-01-26 11:46:00,541.15,541.17,541.15,541.17,0.0,133.3,72512.11,1
2026-01-26,2026-01-26 11:47:00,541.17,541.2,541.17,541.2,0.01,133.3,72512.11,1
2026-01-26,2026-01-26 11:48:00,541.2,541.23,541.2,541.23,0.01,133.3,72512.11,1
2026-01-26,2026-01-26 11:49:00,541.23,541.25,541.23,541.25,0.0,133.3,72512.11,1
2026-01-26,2026-01-26 11:50:00,541.25,541.27,541.25,541.27,0.0,133.3,72512.11,1
2026-01-26,2026-01-26 11:51:00,541.27,541.3,541.27,541.3,0.01,133.3,72512.11,1
2026-01-26,2026-01-26 11:52:00,541.3,541.33,541.3,541.33,0.01,133.3,72512.11,1
2026-01-26,2026-01-26 11:53:00,541.33,541.35,541.33,541.35,0.0,133.3,72512.11,1
2026-01-26,2026-01-26 11:54:00,541.35,541.38,541.35,541.38,0.01,133.3,72512.11,1
2026-01-26,2026-01-26 11:55:00,541.38,541.4,541.38,541.4,0.0,133.3,72512.11,1
2026-01-26,2026-01-26 11:56:00,541.4,541.42,541.4,541.42,0.0,133.3,72512.11,1
2026-01-26,2026-01-26 11:57:00,541.42,541.45,541.42,541.45,0.01,133.3,72512.11,1
2026-01-26,2026-01-26 11:58:00,541.45,541.48,541.45,541.48,0.01,133.3,72512.11,1
2026-01-26,2026-01-26 11:59:00,541.48,541.5,541.48,541.5,0.0,133.3,72512.11,1
2026-01-26,2026-01-26 12:00:00,541.5,541.52,541.5,541.52,0.0,133.3,72512.11,1
2026-01-26,2026-01-26 12:01:00,541.52,541.55,541.52,541.55,0.01,133.3,72512.11,1
2026-01-26,2026-01-26 12:02:00,541.55,541.58,541.55,541.58,0.01,133.3,72512.11,1
2026-01-26,2026-01-26 12:03:00,541.58,541.6,541.58,541.6,0.0,133.3,72512.11,1
2026-01-26,2026-01-26 12:04:00,541.6,541.62,541.6,541.62,0.0,133.3,72512.11,1
2026-01-26,2026-01-26 12:05:00,541.62,541.65,541.62,541.65,0.01,133.3,72512.11,1
2026-01-26,2026-01-26 12:06:00,541.65,541.67,541.65,541.67,0.0,133.3,72512.11,1
2026-01-26,2026-01-26 12:07:00,541.67,541.7,541.67,541.7,0.01,133.3,72512.11,1
2026-01-26,2026-01-26 12:08:00,541.7,541.73,541.7,541.73,0.01,133.3,72512.11,1
2026-01-26,2026-01-26 12:09:00,541.73,541.75,541.73,541.75,0.0,133.3,72512.11,1
2026-01-26,2026-01-26 12:10:00,541.75,541.77,541.75,541.77,0.0,133.3,72512.11,1
2026-01-26,2026-01-26 12:11:00,541.77,541.8,541.77,541.8,0.01,133.3,72512.11,1
2026-01-26,2026-01-26 12:12:00,541.8,541.83,541.8,541.83,0.01,133.3,72512.11,1
2026-01-26,2026-01-26 12:13:00,541.83,541.85,541.83,541.85,0.0,133.3,72512.11,1
2026-01-26,2026-01-26 12:14:00,541.85,541.88,541.85,541.88,0.01,133.3,72512.11,1
2026-01-26,2026-01-26 12:15:00,541.88,541.9,541.88,541.9,0.0,133.3,72512.11,1
2026-01-26,2026-01-26 12:16:00,541.9,541.92,541.9,541.92,0.0,133.3,72512.11,1
2026-01-26,2026-01-26 12:17:00,541.92,541.95,541.92,541.95,0.01,133.3,72512.11,1
2026-01-26,2026-01-26 12:18:00,541.95,541.98,541.95,541.98,0.01,133.3,72512.11,1
2026-01-26,2026-01-26 12:19:00,541.98,542.0,541.98,542.0,0.0,133.3,72512.11,1
2026-01-26,2026-01-26 12:20:00,542.0,542.02,542.0,542.02,0.0,133.3,72512.11,1
2026-01-26,2026-01-26 12:21:00,542.02,542.05,542.02,542.05,0.01,133.3,72512.11,1
2026-01-26,2026-01-26 12:22:00,542.05,542.08,542.05,542.08,0.01,133.3,72512.11,1
2026-01-26,2026-01-26 12:23:00,542.08,542.1,542.08,542.1,0.0,133.3,72512.11,1
2026-01-26,2026-01-26 12:24:00,542.1,542.12,542.1,542.12,0.0,133.3,72512.11,1
2026-01-26,2026-01-26 12:25:00,542.12,542.15,542.12,542.15,0.01,133.3,72512.11,1
2026-01-26,2026-01-26 12:26:00,542.15,542.17,542.15,542.17,0.0,133.3,72512.11,1
2026-01-26,2026-01-26 12:27:00,542.17,542.2,542.17,542.2,0.01,133.3,72512.11,1
2026-01-26,2026-01-26 12:28:00,542.2,542.23,542.2,542.23,0.01,133.3,72512.11,1
2026-01-26,2026-01-26 12:29:00,542.23,542.25,542.23,542.25,0.0,133.3,72512.11,1
2026-01-26,2026-01-26 12:30:00,542.25,542.27,542.25,542.27,0.0,133.3,72512.11,1
2026-01-26,2026-01-26 12:31:00,542.27,542.3,542.27,542.3,0.01,133.3,72512.11,1
2026-01-26,2026-01-26 12:32:00,542.3,542.33,542.3,542.33,0.01,133.3,72512.11,1
2026-01-26,2026-01-26 12:33:00,542.33,542.35,542.33,542.35,0.0,133.3,72512.11,1
2026-01-26,2026-01-26 12:34:00,542.35,542.38,542.35,542.38,0.01,133.3,72512.11,1
2026-01-26,2026-01-26 12:35:00,542.38,542.4,542.38,542.4,0.0,133.3,72512.11,1
2026-01-26,2026-01-26 12:36:00,542.4,542.42,542.4,542.42,0.0,133.3,72512.11,1
2026-01-26,2026-01-26 12:37:00,542.42,542.45,542.42,542.45,0.01,133.3,72512.11,1
2026-01-26,2026-01-26 12:38:00,542.45,542.48,542.45,542.48,0.01,133.3,72512.11,1
2026-01-26,2026-01-26 12:39:00,542.48,542.5,542.48,542.5,0.0,133.3,72512.11,1
2026-01-26,2026-01-26 12:40:00,542.5,542.52,542.5,542.52,0.0,133.3,72512.11,1
2026-01-26,2026-01-26 12:41:00,542.52,542.55,542.52,542.55,0.01,133.3,72512.11,1
2026-01-26,2026-01-26 12:42:00,542.55,542.58,542.55,542.58,0.01,133.3,72512.11,1
2026-01-26,2026-01-26 12:43:00,542.58,542.6,542.58,542.6,0.0,133.3,72512.11,1
2026-01-26,2026-01-26 12:44:00,542.6,542.62,542.6,542.62,0.0,133.3,72512.11,1
2026-01-26,2026-01-26 12:45:00,542.62,542.65,542.62,542.65,0.01,133.3,72512.11,1
2026-01-26,2026-01-26 12:46:00,542.65,542.67,542.65,542.67,0.0,133.3,72512.11,1
2026-01-26,2026-01-26 12:47:00,542.67,542.7,542.67,542.7,0.01,133.3,72512.11,1
2026-01-26,2026-01-26 12:48:00,542.7,542.73,542.7,542.73,0.01,133.3,72512.11,1
2026-01-26,2026-01-26 12:49:00,542.73,542.75,542.73,542.75,0.0,133.3,72512.11,1
2026-01-26,2026-01-26 12:50:00,542.75,542.77,542.75,542.77,0.0,133.3,72512.11,1
2026-01-26,2026-01-26 12:51:00,542.77,542.8,542.77,542.8,0.01,133.3,72512.11,1
2026-01-26,2026-01-26 12:52:00,542.8,542.83,542.8,542.83,0.01,133.3,72512.11,1
2026-01-26,2026-01-26 12:53:00,542.83,542.85,542.83,542.85,0.0,133.3,72512.11,1
2026-01-26,2026-01-26 12:54:00,542.85,542.88,542.85,542.88,0.01,133.3,72512.11,1
2026-01-26,2026-01-26 12:55:00,542.88,542.9,542.88,542.9,0.0,133.3,72512.11,1
2026-01-26,2026-01-26 12:56:00,542.9,542.92,542.9,542.92,0.0,133.3,72512.11,1
2026-01-26,2026-01-26 12:57:00,542.92,542.95,542.92,542.95,0.01,133.3,72512.11,1
2026-01-26,2026-01-26 12:58:00,542.95,542.98,542.95,542.98,0.01,133.3,72512.11,1
2026-01-26,2026-01-26 12:59:00,542.98,543.0,542.98,543.0,0.0,133.3,72512.11,1
2026-01-26,2026-01-26 13:00:00,543.0,550.4,537.0,543.02,0.0,133.3,72512.11,1
2026-01-26,2026-01-26 13:01:00,543.02,543.05,543.02,543.05,0.01,133.3,72512.11,1
2026-01-26,2026-01-26 13:02:00,543.05,543.08,543.05,543.08,0.01,133.3,72512.11,1
2026-01-26,2026-01-26 13:03:00,543.08,543.1,543.08,543.1,0.0,133.3,72512.11,1
2026-01-26,2026-01-26 13:04:00,543.1,543.12,543.1,543.12,0.0,133.3,72512.11,1
2026-01-26,2026-01-26 13:05:00,543.12,543.15,543.12,543.15,0.01,133.3,72512.11,1
2026-01-26,2026-01-26 13:06:00,543.15,543.17,543.15,543.17,0.0,133.3,72512.11,1
2026-01-26,2026-01-26 13:07:00,543.17,543.2,543.17,543.2,0.01,133.3,72512.11,1
2026-01-26,2026-01-26 13:08:00,543.2,543.23,543.2,543.23,0.01,133.3,72512.11,1
2026-01-26,2026-01-26 13:09:00,543.23,543.25,543.23,543.25,0.0,133.3,72512.11,1
2026-01-26,2026-01-26 13:10:00,543.25,543.27,543.25,543.27,0.0,133.3,72512.11,1
2026-01-26,2026-01-26 13:11:00,543.27,543.3,543.27,543.3,0.01,133.3,72512.11,1
2026-01-26,2026-01-26 13:12:00,543.3,543.33,543.3,543.33,0.01,133.3,72512.11,1
2026-01-26,2026-01-26 13:13:00,543.33,543.35,543.33,543.35,0.0,133.3,72512.11,1
2026-01-26,2026-01-26 13:14:00,543.35,543.38,543.35,543.38,0.01,133.3,72512.11,1
2026-01-26,2026-01-26 13:15:00,543.38,543.4,543.38,543.4,0.0,133.3,72512.11,1
2026-01-26,2026-01-26 13:16:00,543.4,543.42,543.4,543.42,0.0,133.3,72512.11,1
2026-01-26,2026-01-26 13:17:00,543.42,543.45,543.42,543.45,0.01,133.3,72512.11,1
2026-01-26,2026-01-26 13:18:00,543.45,543.48,543.45,543.48,0.01,133.3,72512.11,1
2026-01-26,2026-01-26 13:19:00,543.48,543.5,543.48,543.5,0.0,133.3,72512.11,1
2026-01-26,2026-01-26 13:20:00,543.5,543.52,543.5,543.52,0.0,133.3,72512.11,1
2026-01-26,2026-01-26 13:21:00,543.52,543.55,543.52,543.55,0.01,133.3,72512.11,1
2026-01-26,2026-01-26 13:22:00,543.55,543.58,543.55,543.58,0.01,133.3,72512.11,1
2026-01-26,2026-01-26 13:23:00,543.58,543.6,543.58,543.6,0.0,133.3,72512.11,1
2026-01-26,2026-01-26 13:24:00,543.6,543.62,543.6,543.62,0.0,133.3,72512.11,1
2026-01-26,2026-01-26 13:25:00,543.62,543.65,543.62,543.65,0.01,133.3,72512.11,1
2026-01-26,2026-01-26 13:26:00,543.65,543.67,543.65,543.67,0.0,133.3,72512.11,1
2026-01-26,2026-01-26 13:27:00,543.67,543.7,543.67,543.7,0.01,133.3,72512.11,1
2026-01-26,2026-01-26 13:28:00,543.7,543.73,543.7,543.73,0.01,133.3,72512.11,1
2026-01-26,2026-01-26 13:29:00,543.73,543.75,543.73,543.75,0.0,133.3,72512.11,1
2026-01-26,2026-01-26 13:30:00,543.75,543.77,543.75,543.77,0.0,133.3,72512.11,1
2026-01-26,2026-01-26 13:31:00,543.77,543.8,543.77,543.8,0.01,133.3,72512.11,1
2026-01-26,2026-01-26 13:32:00,543.8,543.83,543.8,543.83,0.01,133.3,72512.11,1
2026-01-26,2026-01-26 13:33:00,543.83,543.85,543.83,543.85,0.0,133.3,72512.11,1
2026-01-26,2026-01-26 13:34:00,543.85,543.88,543.85,543.88,0.01,133.3,72512.11,1
2026-01-26,2026-01-26 13:35:00,543.88,543.9,543.88,543.9,0.0,133.3,72512.11,1
2026-01-26,2026-01-26 13:36:00,543.9,543.92,543.9,543.92,0.0,133.3,72512.11,1
2026-01-26,2026-01-26 13:37:00,543.92,543.95,543.92,543.95,0.01,133.3,72512.11,1
2026-01-26,2026-01-26 13:38:00,543.95,543.98,543.95,543.98,0.01,133.3,72512.11,1
2026-01-26,2026-01-26 13:39:00,543.98,544.0,543.98,544.0,0.0,133.3,72512.11,1
2026-01-26,2026-01-26 13:40:00,544.0,544.02,544.0,544.02,0.0,133.3,72512.11,1
2026-01-26,2026-01-26 13:41:00,544.02,544.05,544.02,544.05,0.01,133.3,72512.11,1
2026-01-26,2026-01-26 13:42:00,544.05,544.08,544.05,544.08,0.01,133.3,72512.11,1
2026-01-26,2026-01-26 13:43:00,544.08,544.1,544.08,544.1,0.0,133.3,72512.11,1
2026-01-26,2026-01-26 13:44:00,544.1,544.12,544.1,544.12,0.0,133.3,72512.11,1
2026-01-26,2026-01-26 13:45:00,544.12,544.15,544.12,544.15,0.01,133.3,72512.11,1
2026-01-26,2026-01-26 13:46:00,544.15,544.17,544.15,544.17,0.0,133.3,72512.11,1
2026-01-26,2026-01-26 13:47:00,544.17,544.2,544.17,544.2,0.01,133.3,72512.11,1
2026-01-26,2026-01-26 13:48:00,544.2,544.23,544.2,544.23,0.01,133.3,72512.11,1
2026-01-26,2026-01-26 13:49:00,544.23,544.25,544.23,544.25,0.0,133.3,72512.11,1
2026-01-26,2026-01-26 13:50:00,544.25,544.27,544.25,544.27,0.0,133.3,72512.11,1
2026-01-26,2026-01-26 13:51:00,544.27,544.3,544.27,544.3,0.01,133.3,72512.11,1
2026-01-26,2026-01-26 13:52:00,544.3,544.33,544.3,544.33,0.01,133.3,72512.11,1
2026-01-26,2026-01-26 13:53:00,544.33,544.35,544.33,544.35,0.0,133.3,72512.11,1
2026-01-26,2026-01-26 13:54:00,544.35,544.38,544.35,544.38,0.01,133.3,72512.11,1
2026-01-26,2026-01-26 13:55:00,544.38,544.4,544.38,544.4,0.0,133.3,72512.11,1
2026-01-26,2026-01-26 13:56:00,544.4,544.42,544.4,544.42,0.0,133.3,72512.11,1
2026-01-26,2026-01-26 13:57:00,544.42,544.45,544.42,544.45,0.01,133.3,72512.11,1
2026-01-26,2026-01-26 13:58:00,544.45,544.48,544.45,544.48,0.01,133.3,72512.11,1
2026-01-26,2026-01-26 13:59:00,544.48,544.5,544.48,544.5,0.0,133.3,72512.11,1
2026-01-26,2026-01-26 14:00:00,544.5,544.52,544.5,544.52,0.0,133.3,72512.11,1
2026-01-26,2026-01-26 14:01:00,544.52,544.55,544.52,544.55,0.01,133.3,72512.11,1
2026-01-26,2026-01-26 14:02:00,544.55,544.58,544.55,544.58,0.01,133.3,72512.11,1
2026-01-26,2026-01-26 14:03:00,544.58,544.6,544.58,544.6,0.0,133.3,72512.11,1
2026-01-26,2026-01-26 14:04:00,544.6,544.62,544.6,544.62,0.0,133.3,72512.11,1
2026-01-26,2026-01-26 14:05:00,544.62,544.65,544.62,544.65,0.01,133.3,72512.11,1
2026-01-26,2026-01-26 14:06:00,544.65,544.67,544.65,544.67,0.0,133.3,72512.11,1
2026-01-26,2026-01-26 14:07:00,544.67,544.7,544.67,544.7,0.01,133.3,72512.11,1
2026-01-26,2026-01-26 14:08:00,544.7,544.73,544.7,544.73,0.01,133.3,72512.11,1
2026-01-26,2026-01-26 14:09:00,544.73,544.75,544.73,544.75,0.0,133.3,72512.11,1
2026-01-26,2026-01-26 14:10:00,544.75,544.77,544.75,544.77,0.0,133.3,72512.11,1
2026-01-26,2026-01-26 14:11:00,544.77,544.8,544.77,544.8,0.01,133.3,72512.11,1
2026-01-26,2026-01-26 14:12:00,544.8,544.83,544.8,544.83,0.01,133.3,72512.11,1
2026-01-26,2026-01-26 14:13:00,544.83,544.85,544.83,544.85,0.0,133.3,72512.11,1
2026-01-26,2026-01-26 14:14:00,544.85,544.88,544.85,544.88,0.01,133.3,72512.11,1
2026-01-26,2026-01-26 14:15:00,544.88,544.9,544.88,544.9,0.0,133.3,72512.11,1
2026-01-26,2026-01-26 14:16:00,544.9,544.92,544.9,544.92,0.0,133.3,72512.11,1
2026-01-26,2026-01-26 14:17:00,544.92,544.95,544.92,544.95,0.01,133.3,72512.11,1
2026-01-26,2026-01-26 14:18:00,544.95,544.98,544.95,544.98,0.01,133.3,72512.11,1
2026-01-26,2026-01-26 14:19:00,544.98,545.0,544.98,545.0,0.0,133.3,72512.11,1
2026-01-26,2026-01-26 14:20:00,545.0,545.02,545.0,545.02,0.0,133.3,72512.11,1
2026-01-26,2026-01-26 14:21:00,545.02,545.05,545.02,545.05,0.01,133.3,72512.11,1
2026-01-26,2026-01-26 14:22:00,545.05,545.08,545.05,545.08,0.01,133.3,72512.11,1
2026-01-26,2026-01-26 14:23:00,545.08,545.1,545.08,545.1,0.0,133.3,72512.11,1
2026-01-26,2026-01-26 14:24:00,545.1,545.12,545.1,545.12,0.0,133.3,72512.11,1
2026-01-26,2026-01-26 14:25:00,545.12,545.15,545.12,545.15,0.01,133.3,72512.11,1
2026-01-26,2026-01-26 14:26:00,545.15,545.17,545.15,545.17,0.0,133.3,72512.11,1
2026-01-26,2026-01-26 14:27:00,545.17,545.2,545.17,545.2,0.01,133.3,72512.11,1
2026-01-26,2026-01-26 14:28:00,545.2,545.23,545.2,545.23,0.01,133.3,72512.11,1
2026-01-26,2026-01-26 14:29:00,545.23,545.25,545.23,545.25,0.0,133.3,72512.11,1
2026-01-26,2026-01-26 14:30:00,545.25,545.27,545.25,545.27,0.0,133.3,72512.11,1
2026-01-26,2026-01-26 14:31:00,545.27,545.3,545.27,545.3,0.01,133.3,72512.11,1
2026-01-26,2026-01-26 14:32:00,545.3,545.33,545.3,545.33,0.01,133.3,72512.11,1
2026-01-26,2026-01-26 14:33:00,545.33,545.35,545.33,545.35,0.0,133.3,72512.11,1
2026-01-26,2026-01-26 14:34:00,545.35,545.38,545.35,545.38,0.01,133.3,72512.11,1
2026-01-26,2026-01-26 14:35:00,545.38,545.4,545.38,545.4,0.0,133.3,72512.11,1
2026-01-26,2026-01-26 14:36:00,545.4,545.42,545.4,545.42,0.0,133.3,72512.11,1
2026-01-26,2026-01-26 14:37:00,545.42,545.45,545.42,545.45,0.01,133.3,72512.11,1
2026-01-26,2026-01-26 14:38:00,545.45,545.48,545.45,545.48,0.01,133.3,72512.11,1
2026-01-26,2026-01-26 14:39:00,545.48,545.5,545.48,545.5,0.0,133.3,72512.11,1
2026-01-26,2026-01-26 14:40:00,545.5,545.52,545.5,545.52,0.0,133.3,72512.11,1
2026-01-26,2026-01-26 14:41:00,545.52,545.55,545.52,545.55,0.01,133.3,72512.11,1
2026-01-26,2026-01-26 14:42:00,545.55,545.58,545.55,545.58,0.01,133.3,72512.11,1
2026-01-26,2026-01-26 14:43:00,545.58,545.6,545.58,545.6,0.0,133.3,72512.11,1
2026-01-26,2026-01-26 14:44:00,545.6,545.62,545.6,545.62,0.0,133.3,72512.11,1
2026-01-26,2026-01-26 14:45:00,545.62,545.65,545.62,545.65,0.01,133.3,72512.11,1
2026-01-26,2026-01-26 14:46:00,545.65,545.67,545.65,545.67,0.0,133.3,72512.11,1
2026-01-26,2026-01-26 14:47:00,545.67,545.7,545.67,545.7,0.01,133.3,72512.11,1
2026-01-26,2026-01-26 14:48:00,545.7,545.73,545.7,545.73,0.01,133.3,72512.11,1
2026-01-26,2026-01-26 14:49:00,545.73,545.75,545.73,545.75,0.0,133.3,72512.11,1
2026-01-26,2026-01-26 14:50:00,545.75,545.77,545.75,545.77,0.0,133.3,72512.11,1
2026-01-26,2026-01-26 14:51:00,545.77,545.8,545.77,545.8,0.01,133.3,72512.11,1
2026-01-26,2026-01-26 14:52:00,545.8,545.83,545.8,545.83,0.01,133.3,72512.11,1
2026-01-26,2026-01-26 14:53:00,545.83,545.85,545.83,545.85,0.0,133.3,72512.11,1
2026-01-26,2026-01-26 14:54:00,545.85,545.88,545.85,545.88,0.01,133.3,72512.11,1
2026-01-26,2026-01-26 14:55:00,545.88,545.9,545.88,545.9,0.0,133.3,72512.11,1
2026-01-26,2026-01-26 14:56:00,545.9,545.92,545.9,545.92,0.0,133.3,72512.11,1
2026-01-26,2026-01-26 14:57:00,545.92,545.95,545.92,545.95,0.01,133.3,72512.11,1
2026-01-26,2026-01-26 14:58:00,545.95,545.98,545.95,545.98,0.01,133.3,72512.11,1
2026-01-26,2026-01-26 14:59:00,545.98,546.0,545.98,546.0,0.0,133.3,72512.11,1
2026-01-26,2026-01-26 15:00:00,546.0,550.4,537.0,546.0,0.0,133.3,72512.11,0
2026-01-27,2026-01-27 11:00:00,550.3,551.71,546.31,550.25,-0.01,139.19,76434.85,-1
2026-01-27,2026-01-27 11:01:00,550.25,550.25,550.2,550.2,-0.01,139.19,76434.85,-1
2026-01-27,2026-01-27 11:02:00,550.2,550.2,550.15,550.15,-0.01,139.19,76434.85,-1
2026-01-27,2026-01-27 11:03:00,550.15,550.15,550.09,550.09,-0.01,139.19,76434.85,-1
2026-01-27,2026-01-27 11:04:00,550.09,550.09,550.04,550.04,-0.01,139.19,76434.85,-1
2026-01-27,2026-01-27 11:05:00,550.04,550.04,549.99,549.99,-0.01,139.19,76434.85,-1
2026-01-27,2026-01-27 11:06:00,549.99,549.99,549.94,549.94,-0.01,139.19,76434.85,-1
2026-01-27,2026-01-27 11:07:00,549.94,549.94,549.89,549.89,-0.01,139.19,76434.85,-1
2026-01-27,2026-01-27 11:08:00,549.89,549.89,549.84,549.84,-0.01,139.19,76434.85,-1
2026-01-27,2026-01-27 11:09:00,549.84,549.84,549.79,549.79,-0.01,139.19,76434.85,-1
2026-01-27,2026-01-27 11:10:00,549.79,549.79,549.74,549.74,-0.01,139.19,76434.85,-1
2026-01-27,2026-01-27 11:11:00,549.74,549.74,549.68,549.68,-0.01,139.19,76434.85,-1
2026-01-27,2026-01-27 11:12:00,549.68,549.68,549.63,549.63,-0.01,139.19,76434.85,-1
2026-01-27,2026-01-27 11:13:00,549.63,549.63,549.58,549.58,-0.01,139.19,76434.85,-1
2026-01-27,2026-01-27 11:14:00,549.58,549.58,549.53,549.53,-0.01,139.19,76434.85,-1
2026-01-27,2026-01-27 11:15:00,549.53,549.53,549.48,549.48,-0.01,139.19,76434.85,-1
2026-01-27,2026-01-27 11:16:00,549.48,549.48,549.43,549.43,-0.01,139.19,76434.85,-1
2026-01-27,2026-01-27 11:17:00,549.43,549.43,549.38,549.38,-0.01,139.19,76434.85,-1
2026-01-27,2026-01-27 11:18:00,549.38,549.38,549.33,549.33,-0.01,139.19,76434.85,-1
2026-01-27,2026-01-27 11:19:00,549.33,549.33,549.27,549.27,-0.01,139.19,76434.85,-1
2026-01-27,2026-01-27 11:20:00,549.27,549.27,549.22,549.22,-0.01,139.19,76434.85,-1
2026-01-27,2026-01-27 11:21:00,549.22,549.22,549.17,549.17,-0.01,139.19,76434.85,-1
2026-01-27,2026-01-27 11:22:00,549.17,549.17,549.12,549.12,-0.01,139.19,76434.85,-1
2026-01-27,2026-01-27 11:23:00,549.12,549.12,549.07,549.07,-0.01,139.19,76434.85,-1
2026-01-27,2026-01-27 11:24:00,549.07,549.07,549.02,549.02,-0.01,139.19,76434.85,-1
2026-01-27,2026-01-27 11:25:00,549.02,549.02,548.97,548.97,-0.01,139.19,76434.85,-1
2026-01-27,2026-01-27 11:26:00,548.97,548.97,548.92,548.92,-0.01,139.19,76434.85,-1
2026-01-27,2026-01-27 11:27:00,548.92,548.92,548.87,548.87,-0.01,139.19,76434.85,-1
2026-01-27,2026-01-27 11:28:00,548.87,548.87,548.81,548.81,-0.01,139.19,76434.85,-1
2026-01-27,2026-01-27 11:29:00,548.81,548.81,548.76,548.76,-0.01,139.19,76434.85,-1
2026-01-27,2026-01-27 11:30:00,548.76,548.76,548.71,548.71,-0.01,139.19,76434.85,-1
2026-01-27,2026-01-27 11:31:00,548.71,548.71,548.66,548.66,-0.01,139.19,76434.85,-1
2026-01-27,2026-01-27 11:32:00,548.66,548.66,548.61,548.61,-0.01,139.19,76434.85,-1
2026-01-27,2026-01-27 11:33:00,548.61,548.61,548.56,548.56,-0.01,139.19,76434.85,-1
2026-01-27,2026-01-27 11:34:00,548.56,548.56,548.51,548.51,-0.01,139.19,76434.85,-1
2026-01-27,2026-01-27 11:35:00,548.51,548.51,548.45,548.45,-0.01,139.19,76434.85,-1
2026-01-27,2026-01-27 11:36:00,548.45,548.45,548.4,548.4,-0.01,139.19,76434.85,-1
2026-01-27,2026-01-27 11:37:00,548.4,548.4,548.35,548.35,-0.01,139.19,76434.85,-1
2026-01-27,2026-01-27 11:38:00,548.35,548.35,548.3,548.3,-0.01,139.19,76434.85,-1
2026-01-27,2026-01-27 11:39:00,548.3,548.3,548.25,548.25,-0.01,139.19,76434.85,-1
2026-01-27,2026-01-27 11:40:00,548.25,548.25,548.2,548.2,-0.01,139.19,76434.85,-1
2026-01-27,2026-01-27 11:41:00,548.2,548.2,548.15,548.15,-0.01,139.19,76434.85,-1
2026-01-27,2026-01-27 11:42:00,548.15,548.15,548.1,548.1,-0.01,139.19,76434.85,-1
2026-01-27,2026-01-27 11:43:00,548.1,548.1,548.04,548.04,-0.01,139.19,76434.85,-1
2026-01-27,2026-01-27 11:44:00,548.04,548.04,547.99,547.99,-0.01,139.19,76434.85,-1
2026-01-27,2026-01-27 11:45:00,547.99,547.99,547.94,547.94,-0.01,139.19,76434.85,-1
2026-01-27,2026-01-27 11:46:00,547.94,547.94,547.89,547.89,-0.01,139.19,76434.85,-1
2026-01-27,2026-01-27 11:47:00,547.89,547.89,547.84,547.84,-0.01,139.19,76434.85,-1
2026-01-27,2026-01-27 11:48:00,547.84,547.84,547.79,547.79,-0.01,139.19,76434.85,-1
2026-01-27,2026-01-27 11:49:00,547.79,547.79,547.74,547.74,-0.01,139.19,76434.85,-1
2026-01-27,2026-01-27 11:50:00,547.74,547.74,547.69,547.69,-0.01,139.19,76434.85,-1
2026-01-27,2026-01-27 11:51:00,547.69,547.69,547.63,547.63,-0.01,139.19,76434.85,-1
2026-01-27,2026-01-27 11:52:00,547.63,547.63,547.58,547.58,-0.01,139.19,76434.85,-1
2026-01-27,2026-01-27 11:53:00,547.58,547.58,547.53,547.53,-0.01,139.19,76434.85,-1
2026-01-27,2026-01-27 11:54:00,547.53,547.53,547.48,547.48,-0.01,139.19,76434.85,-1
2026-01-27,2026-01-27 11:55:00,547.48,547.48,547.43,547.43,-0.01,139.19,76434.85,-1
2026-01-27,2026-01-27 11:56:00,547.43,547.43,547.38,547.38,-0.01,139.19,76434.85,-1
2026-01-27,2026-01-27 11:57:00,547.38,547.38,547.33,547.33,-0.01,139.19,76434.85,-1
2026-01-27,2026-01-27 11:58:00,547.33,547.33,547.28,547.28,-0.01,139.19,76434.85,-1
2026-01-27,2026-01-27 11:59:00,547.28,547.28,547.22,547.22,-0.01,139.19,76434.85,-1
2026-01-27,2026-01-27 12:00:00,547.22,547.22,547.17,547.17,-0.01,139.19,76434.85,-1
2026-01-27,2026-01-27 12:01:00,547.17,547.17,547.12,547.12,-0.01,139.19,76434.85,-1
2026-01-27,2026-01-27 12:02:00,547.12,547.12,547.07,547.07,-0.01,139.19,76434.85,-1
2026-01-27,2026-01-27 12:03:00,547.07,547.07,547.02,547.02,-0.01,139.19,76434.85,-1
2026-01-27,2026-01-27 12:04:00,547.02,547.02,546.97,546.97,-0.01,139.19,76434.85,-1
2026-01-27,2026-01-27 12:05:00,546.97,546.97,546.92,546.92,-0.01,139.19,76434.85,-1
2026-01-27,2026-01-27 12:06:00,546.92,546.92,546.87,546.87,-0.01,139.19,76434.85,-1
2026-01-27,2026-01-27 12:07:00,546.87,546.87,546.81,546.81,-0.01,139.19,76434.85,-1
2026-01-27,2026-01-27 12:08:00,546.81,546.81,546.76,546.76,-0.01,139.19,76434.85,-1
2026-01-27,2026-01-27 12:09:00,546.76,546.76,546.71,546.71,-0.01,139.19,76434.85,-1
2026-01-27,2026-01-27 12:10:00,546.71,546.71,546.66,546.66,-0.01,139.19,76434.85,-1
2026-01-27,2026-01-27 12:11:00,546.66,546.66,546.61,546.61,-0.01,139.19,76434.85,-1
2026-01-27,2026-01-27 12:12:00,546.61,546.61,546.56,546.56,-0.01,139.19,76434.85,-1
2026-01-27,2026-01-27 12:13:00,546.56,546.56,546.51,546.51,-0.01,139.19,76434.85,-1
2026-01-27,2026-01-27 12:14:00,546.51,546.51,546.46,546.46,-0.01,139.19,76434.85,-1
2026-01-27,2026-01-27 12:15:00,546.46,546.46,546.4,546.4,-0.01,139.19,76434.85,-1
2026-01-27,2026-01-27 12:16:00,546.4,546.4,546.35,546.35,-0.01,139.19,76434.85,-1
2026-01-27,2026-01-27 12:17:00,546.35,546.35,546.3,546.3,-0.01,139.19,76434.85,-1
2026-01-27,2026-01-27 12:18:00,546.3,546.3,546.25,546.25,-0.01,139.19,76434.85,-1
2026-01-27,2026-01-27 12:19:00,546.25,546.25,546.2,546.2,-0.01,139.19,76434.85,-1
2026-01-27,2026-01-27 12:20:00,546.2,546.2,546.15,546.15,-0.01,139.19,76434.85,-1
2026-01-27,2026-01-27 12:21:00,546.15,546.15,546.1,546.1,-0.01,139.19,76434.85,-1
2026-01-27,2026-01-27 12:22:00,546.1,546.1,546.05,546.05,-0.01,139.19,76434.85,-1
2026-01-27,2026-01-27 12:23:00,546.05,546.05,546.0,546.0,-0.01,139.19,76434.85,-1
2026-01-27,2026-01-27 12:24:00,546.0,546.0,545.94,545.94,-0.01,139.19,76434.85,-1
2026-01-27,2026-01-27 12:25:00,545.94,545.94,545.89,545.89,-0.01,139.19,76434.85,-1
2026-01-27,2026-01-27 12:26:00,545.89,545.89,545.84,545.84,-0.01,139.19,76434.85,-1
2026-01-27,2026-01-27 12:27:00,545.84,545.84,545.79,545.79,-0.01,139.19,76434.85,-1
2026-01-27,2026-01-27 12:28:00,545.79,545.79,545.74,545.74,-0.01,139.19,76434.85,-1
2026-01-27,2026-01-27 12:29:00,545.74,545.74,545.69,545.69,-0.01,139.19,76434.85,-1
2026-01-27,2026-01-27 12:30:00,545.69,545.69,545.64,545.64,-0.01,139.19,76434.85,-1
2026-01-27,2026-01-27 12:31:00,545.64,545.64,545.58,545.58,-0.01,139.19,76434.85,-1
2026-01-27,2026-01-27 12:32:00,545.58,545.58,545.53,545.53,-0.01,139.19,76434.85,-1
2026-01-27,2026-01-27 12:33:00,545.53,545.53,545.48,545.48,-0.01,139.19,76434.85,-1
2026-01-27,2026-01-27 12:34:00,545.48,545.48,545.43,545.43,-0.01,139.19,76434.85,-1
2026-01-27,2026-01-27 12:35:00,545.43,545.43,545.38,545.38,-0.01,139.19,76434.85,-1
2026-01-27,2026-01-27 12:36:00,545.38,545.38,545.33,545.33,-0.01,139.19,76434.85,-1
2026-01-27,2026-01-27 12:37:00,545.33,545.33,545.28,545.28,-0.01,139.19,76434.85,-1
2026-01-27,2026-01-27 12:38:00,545.28,545.28,545.23,545.23,-0.01,139.19,76434.85,-1
2026-01-27,2026-01-27 12:39:00,545.23,545.23,545.17,545.17,-0.01,139.19,76434.85,-1
2026-01-27,2026-01-27 12:40:00,545.17,545.17,545.12,545.12,-0.01,139.19,76434.85,-1
2026-01-27,2026-01-27 12:41:00,545.12,545.12,545.07,545.07,-0.01,139.19,76434.85,-1
2026-01-27,2026-01-27 12:42:00,545.07,545.07,545.02,545.02,-0.01,139.19,76434.85,-1
2026-01-27,2026-01-27 12:43:00,545.02,545.02,544.97,544.97,-0.01,139.19,76434.85,-1
2026-01-27,2026-01-27 12:44:00,544.97,544.97,544.92,544.92,-0.01,139.19,76434.85,-1
2026-01-27,2026-01-27 12:45:00,544.92,544.92,544.87,544.87,-0.01,139.19,76434.85,-1
2026-01-27,2026-01-27 12:46:00,544.87,544.87,544.82,544.82,-0.01,139.19,76434.85,-1
2026-01-27,2026-01-27 12:47:00,544.82,544.82,544.76,544.76,-0.01,139.19,76434.85,-1
2026-01-27,2026-01-27 12:48:00,544.76,544.76,544.71,544.71,-0.01,139.19,76434.85,-1
2026-01-27,2026-01-27 12:49:00,544.71,544.71,544.66,544.66,-0.01,139.19,76434.85,-1
2026-01-27,2026-01-27 12:50:00,544.66,544.66,544.61,544.61,-0.01,139.19,76434.85,-1
2026-01-27,2026-01-27 12:51:00,544.61,544.61,544.56,544.56,-0.01,139.19,76434.85,-1
2026-01-27,2026-01-27 12:52:00,544.56,544.56,544.51,544.51,-0.01,139.19,76434.85,-1
2026-01-27,2026-01-27 12:53:00,544.51,544.51,544.46,544.46,-0.01,139.19,76434.85,-1
2026-01-27,2026-01-27 12:54:00,544.46,544.46,544.41,544.41,-0.01,139.19,76434.85,-1
2026-01-27,2026-01-27 12:55:00,544.41,544.41,544.36,544.36,-0.01,139.19,76434.85,-1
2026-01-27,2026-01-27 12:56:00,544.36,544.36,544.3,544.3,-0.01,139.19,76434.85,-1
2026-01-27,2026-01-27 12:57:00,544.3,544.3,544.25,544.25,-0.01,139.19,76434.85,-1
2026-01-27,2026-01-27 12:58:00,544.25,544.25,544.2,544.2,-0.01,139.19,76434.85,-1
2026-01-27,2026-01-27 12:59:00,544.2,544.2,544.15,544.15,-0.01,139.19,76434.85,-1
2026-01-27,2026-01-27 13:00:00,544.15,555.0,537.0,544.1,-0.01,139.19,76434.85,-1
2026-01-27,2026-01-27 13:01:00,544.1,544.1,544.05,544.05,-0.01,139.19,76434.85,-1
2026-01-27,2026-01-27 13:02:00,544.05,544.05,544.0,544.0,-0.01,139.19,76434.85,-1
2026-01-27,2026-01-27 13:03:00,544.0,544.0,543.94,543.94,-0.01,139.19,76434.85,-1
2026-01-27,2026-01-27 13:04:00,543.94,543.94,543.89,543.89,-0.01,139.19,76434.85,-1
2026-01-27,2026-01-27 13:05:00,543.89,543.89,543.84,543.84,-0.01,139.19,76434.85,-1
2026-01-27,2026-01-27 13:06:00,543.84,543.84,543.79,543.79,-0.01,139.19,76434.85,-1
2026-01-27,2026-01-27 13:07:00,543.79,543.79,543.74,543.74,-0.01,139.19,76434.85,-1
2026-01-27,2026-01-27 13:08:00,543.74,543.74,543.69,543.69,-0.01,139.19,76434.85,-1
2026-01-27,2026-01-27 13:09:00,543.69,543.69,543.64,543.64,-0.01,139.19,76434.85,-1
2026-01-27,2026-01-27 13:10:00,543.64,543.64,543.59,543.59,-0.01,139.19,76434.85,-1
2026-01-27,2026-01-27 13:11:00,543.59,543.59,543.53,543.53,-0.01,139.19,76434.85,-1
2026-01-27,2026-01-27 13:12:00,543.53,543.53,543.48,543.48,-0.01,139.19,76434.85,-1
2026-01-27,2026-01-27 13:13:00,543.48,543.48,543.43,543.43,-0.01,139.19,76434.85,-1
2026-01-27,2026-01-27 13:14:00,543.43,543.43,543.38,543.38,-0.01,139.19,76434.85,-1
2026-01-27,2026-01-27 13:15:00,543.38,543.38,543.33,543.33,-0.01,139.19,76434.85,-1
2026-01-27,2026-01-27 13:16:00,543.33,543.33,543.28,543.28,-0.01,139.19,76434.85,-1
2026-01-27,2026-01-27 13:17:00,543.28,543.28,543.23,543.23,-0.01,139.19,76434.85,-1
2026-01-27,2026-01-27 13:18:00,543.23,543.23,543.18,543.18,-0.01,139.19,76434.85,-1
2026-01-27,2026-01-27 13:19:00,543.18,543.18,543.12,543.12,-0.01,139.19,76434.85,-1
2026-01-27,2026-01-27 13:20:00,543.12,543.12,543.07,543.07,-0.01,139.19,76434.85,-1
2026-01-27,2026-01-27 13:21:00,543.07,543.07,543.02,543.02,-0.01,139.19,76434.85,-1
2026-01-27,2026-01-27 13:22:00,543.02,543.02,542.97,542.97,-0.01,139.19,76434.85,-1
2026-01-27,2026-01-27 13:23:00,542.97,542.97,542.92,542.92,-0.01,139.19,76434.85,-1
2026-01-27,2026-01-27 13:24:00,542.92,542.92,542.87,542.87,-0.01,139.19,76434.85,-1
2026-01-27,2026-01-27 13:25:00,542.87,542.87,542.82,542.82,-0.01,139.19,76434.85,-1
2026-01-27,2026-01-27 13:26:00,542.82,542.82,542.77,542.77,-0.01,139.19,76434.85,-1
2026-01-27,2026-01-27 13:27:00,542.77,542.77,542.72,542.72,-0.01,139.19,76434.85,-1
2026-01-27,2026-01-27 13:28:00,542.72,542.72,542.66,542.66,-0.01,139.19,76434.85,-1
2026-01-27,2026-01-27 13:29:00,542.66,542.66,542.61,542.61,-0.01,139.19,76434.85,-1
2026-01-27,2026-01-27 13:30:00,542.61,542.61,542.56,542.56,-0.01,139.19,76434.85,-1
2026-01-27,2026-01-27 13:31:00,542.56,542.56,542.51,542.51,-0.01,139.19,76434.85,-1
2026-01-27,2026-01-27 13:32:00,542.51,542.51,542.46,542.46,-0.01,139.19,76434.85,-1
2026-01-27,2026-01-27 13:33:00,542.46,542.46,542.41,542.41,-0.01,139.19,76434.85,-1
2026-01-27,2026-01-27 13:34:00,542.41,542.41,542.36,542.36,-0.01,139.19,76434.85,-1
2026-01-27,2026-01-27 13:35:00,542.36,542.36,542.3,542.3,-0.01,139.19,76434.85,-1
2026-01-27,2026-01-27 13:36:00,542.3,542.3,542.25,542.25,-0.01,139.19,76434.85,-1
2026-01-27,2026-01-27 13:37:00,542.25,542.25,542.2,542.2,-0.01,139.19,76434.85,-1
2026-01-27,2026-01-27 13:38:00,542.2,542.2,542.15,542.15,-0.01,139.19,76434.85,-1
2026-01-27,2026-01-27 13:39:00,542.15,542.15,542.1,542.1,-0.01,139.19,76434.85,-1
2026-01-27,2026-01-27 13:40:00,542.1,542.1,542.05,542.05,-0.01,139.19,76434.85,-1
2026-01-27,2026-01-27 13:41:00,542.05,542.05,542.0,542.0,-0.01,139.19,76434.85,-1
2026-01-27,2026-01-27 13:42:00,542.0,542.0,541.95,541.95,-0.01,139.19,76434.85,-1
2026-01-27,2026-01-27 13:43:00,541.95,541.95,541.89,541.89,-0.01,139.19,76434.85,-1
2026-01-27,2026-01-27 13:44:00,541.89,541.89,541.84,541.84,-0.01,139.19,76434.85,-1
2026-01-27,2026-01-27 13:45:00,541.84,541.84,541.79,541.79,-0.01,139.19,76434.85,-1
2026-01-27,2026-01-27 13:46:00,541.79,541.79,541.74,541.74,-0.01,139.19,76434.85,-1
2026-01-27,2026-01-27 13:47:00,541.74,541.74,541.69,541.69,-0.01,139.19,76434.85,-1
2026-01-27,2026-01-27 13:48:00,541.69,541.69,541.64,541.64,-0.01,139.19,76434.85,-1
2026-01-27,2026-01-27 13:49:00,541.64,541.64,541.59,541.59,-0.01,139.19,76434.85,-1
2026-01-27,2026-01-27 13:50:00,541.59,541.59,541.54,541.54,-0.01,139.19,76434.85,-1
2026-01-27,2026-01-27 13:51:00,541.54,541.54,541.49,541.49,-0.01,139.19,76434.85,-1
2026-01-27,2026-01-27 13:52:00,541.49,541.49,541.43,541.43,-0.01,139.19,76434.85,-1
2026-01-27,2026-01-27 13:53:00,541.43,541.43,541.38,541.38,-0.01,139.19,76434.85,-1
2026-01-27,2026-01-27 13:54:00,541.38,541.38,541.33,541.33,-0.01,139.19,76434.85,-1
2026-01-27,2026-01-27 13:55:00,541.33,541.33,541.28,541.28,-0.01,139.19,76434.85,-1
2026-01-27,2026-01-27 13:56:00,541.28,541.28,541.23,541.23,-0.01,139.19,76434.85,-1
2026-01-27,2026-01-27 13:57:00,541.23,541.23,541.18,541.18,-0.01,139.19,76434.85,-1
2026-01-27,2026-01-27 13:58:00,541.18,541.18,541.13,541.13,-0.01,139.19,76434.85,-1
2026-01-27,2026-01-27 13:59:00,541.13,541.13,541.08,541.08,-0.01,139.19,76434.85,-1
2026-01-27,2026-01-27 14:00:00,541.08,541.08,541.02,541.02,-0.01,139.19,76434.85,-1
2026-01-27,2026-01-27 14:01:00,541.02,541.02,540.97,540.97,-0.01,139.19,76434.85,-1
2026-01-27,2026-01-27 14:02:00,540.97,540.97,540.92,540.92,-0.01,139.19,76434.85,-1
2026-01-27,2026-01-27 14:03:00,540.92,540.92,540.87,540.87,-0.01,139.19,76434.85,-1
2026-01-27,2026-01-27 14:04:00,540.87,540.87,540.82,540.82,-0.01,139.19,76434.85,-1
2026-01-27,2026-01-27 14:05:00,540.82,540.82,540.77,540.77,-0.01,139.19,76434.85,-1
2026-01-27,2026-01-27 14:06:00,540.77,540.77,540.72,540.72,-0.01,139.19,76434.85,-1
2026-01-27,2026-01-27 14:07:00,540.72,540.72,540.66,540.66,-0.01,139.19,76434.85,-1
2026-01-27,2026-01-27 14:08:00,540.66,540.66,540.61,540.61,-0.01,139.19,76434.85,-1
2026-01-27,2026-01-27 14:09:00,540.61,540.61,540.56,540.56,-0.01,139.19,76434.85,-1
2026-01-27,2026-01-27 14:10:00,540.56,540.56,540.51,540.51,-0.01,139.19,76434.85,-1
2026-01-27,2026-01-27 14:11:00,540.51,540.51,540.46,540.46,-0.01,139.19,76434.85,-1
2026-01-27,2026-01-27 14:12:00,540.46,540.46,540.41,540.41,-0.01,139.19,76434.85,-1
2026-01-27,2026-01-27 14:13:00,540.41,540.41,540.36,540.36,-0.01,139.19,76434.85,-1
2026-01-27,2026-01-27 14:14:00,540.36,540.36,540.31,540.31,-0.01,139.19,76434.85,-1
2026-01-27,2026-01-27 14:15:00,540.31,540.31,540.25,540.25,-0.01,139.19,76434.85,-1
2026-01-27,2026-01-27 14:16:00,540.25,540.25,540.2,540.2,-0.01,139.19,76434.85,-1
2026-01-27,2026-01-27 14:17:00,540.2,540.2,540.15,540.15,-0.01,139.19,76434.85,-1
2026-01-27,2026-01-27 14:18:00,540.15,540.15,540.1,540.1,-0.01,139.19,76434.85,-1
2026-01-27,2026-01-27 14:19:00,540.1,540.1,540.05,540.05,-0.01,139.19,76434.85,-1
2026-01-27,2026-01-27 14:20:00,540.05,540.05,540.0,540.0,-0.01,139.19,76434.85,-1
2026-01-27,2026-01-27 14:21:00,540.0,540.0,539.95,539.95,-0.01,139.19,76434.85,-1
2026-01-27,2026-01-27 14:22:00,539.95,539.95,539.9,539.9,-0.01,139.19,76434.85,-1
2026-01-27,2026-01-27 14:23:00,539.9,539.9,539.85,539.85,-0.01,139.19,76434.85,-1
2026-01-27,2026-01-27 14:24:00,539.85,539.85,539.79,539.79,-0.01,139.19,76434.85,-1
2026-01-27,2026-01-27 14:25:00,539.79,539.79,539.74,539.74,-0.01,139.19,76434.85,-1
2026-01-27,2026-01-27 14:26:00,539.74,539.74,539.69,539.69,-0.01,139.19,76434.85,-1
2026-01-27,2026-01-27 14:27:00,539.69,539.69,539.64,539.64,-0.01,139.19,76434.85,-1
2026-01-27,2026-01-27 14:28:00,539.64,539.64,539.59,539.59,-0.01,139.19,76434.85,-1
2026-01-27,2026-01-27 14:29:00,539.59,539.59,539.54,539.54,-0.01,139.19,76434.85,-1
2026-01-27,2026-01-27 14:30:00,539.54,539.54,539.49,539.49,-0.01,139.19,76434.85,-1
2026-01-27,2026-01-27 14:31:00,539.49,539.49,539.43,539.43,-0.01,139.19,76434.85,-1
2026-01-27,2026-01-27 14:32:00,539.43,539.43,539.38,539.38,-0.01,139.19,76434.85,-1
2026-01-27,2026-01-27 14:33:00,539.38,539.38,539.33,539.33,-0.01,139.19,76434.85,-1
2026-01-27,2026-01-27 14:34:00,539.33,539.33,539.28,539.28,-0.01,139.19,76434.85,-1
2026-01-27,2026-01-27 14:35:00,539.28,539.28,539.23,539.23,-0.01,139.19,76434.85,-1
2026-01-27,2026-01-27 14:36:00,539.23,539.23,539.18,539.18,-0.01,139.19,76434.85,-1
2026-01-27,2026-01-27 14:37:00,539.18,539.18,539.13,539.13,-0.01,139.19,76434.85,-1
2026-01-27,2026-01-27 14:38:00,539.13,539.13,539.08,539.08,-0.01,139.19,76434.85,-1
2026-01-27,2026-01-27 14:39:00,539.08,539.08,539.02,539.02,-0.01,139.19,76434.85,-1
2026-01-27,2026-01-27 14:40:00,539.02,539.02,538.97,538.97,-0.01,139.19,76434.85,-1
2026-01-27,2026-01-27 14:41:00,538.97,538.97,538.92,538.92,-0.01,139.19,76434.85,-1
2026-01-27,2026-01-27 14:42:00,538.92,538.92,538.87,538.87,-0.01,139.19,76434.85,-1
2026-01-27,2026-01-27 14:43:00,538.87,538.87,538.82,538.82,-0.01,139.19,76434.85,-1
2026-01-27,2026-01-27 14:44:00,538.82,538.82,538.77,538.77,-0.01,139.19,76434.85,-1
2026-01-27,2026-01-27 14:45:00,538.77,538.77,538.72,538.72,-0.01,139.19,76434.85,-1
2026-01-27,2026-01-27 14:46:00,538.72,538.72,538.67,538.67,-0.01,139.19,76434.85,-1
2026-01-27,2026-01-27 14:47:00,538.67,538.67,538.62,538.62,-0.01,139.19,76434.85,-1
2026-01-27,2026-01-27 14:48:00,538.62,538.62,538.56,538.56,-0.01,139.19,76434.85,-1
2026-01-27,2026-01-27 14:49:00,538.56,538.56,538.51,538.51,-0.01,139.19,76434.85,-1
2026-01-27,2026-01-27 14:50:00,538.51,538.51,538.46,538.46,-0.01,139.19,76434.85,-1
2026-01-27,2026-01-27 14:51:00,538.46,538.46,538.41,538.41,-0.01,139.19,76434.85,-1
2026-01-27,2026-01-27 14:52:00,538.41,538.41,538.36,538.36,-0.01,139.19,76434.85,-1
2026-01-27,2026-01-27 14:53:00,538.36,538.36,538.31,538.31,-0.01,139.19,76434.85,-1
2026-01-27,2026-01-27 14:54:00,538.31,538.31,538.26,538.26,-0.01,139.19,76434.85,-1
2026-01-27,2026-01-27 14:55:00,538.26,538.26,538.21,538.21,-0.01,139.19,76434.85,-1
2026-01-27,2026-01-27 14:56:00,538.21,538.21,538.15,538.15,-0.01,139.19,76434.85,-1
2026-01-27,2026-01-27 14:57:00,538.15,538.15,538.1,538.1,-0.01,139.19,76434.85,-1
2026-01-27,2026-01-27 14:58:00,538.1,538.1,538.05,538.05,-0.01,139.19,76434.85,-1
2026-01-27,2026-01-27 14:59:00,538.05,538.05,538.0,538.0,-0.01,139.19,76434.85,-1
2026-01-27,2026-01-27 15:00:00,538.0,555.0,537.0,538.0,0.0,139.19,76434.85,0
2026-01-28,2026-01-28 11:00:00,537.0,540.45,536.4,537.02,0.0,119.83,64936.41,1
2026-01-28,2026-01-28 11:01:00,537.02,537.05,537.02,537.05,0.01,119.83,64936.41,1
2026-01-28,2026-01-28 11:02:00,537.05,537.08,537.05,537.08,0.01,119.83,64936.41,1
2026-01-28,2026-01-28 11:03:00,537.08,537.1,537.08,537.1,0.0,119.83,64936.41,1
2026-01-28,2026-01-28 11:04:00,537.1,537.12,537.1,537.12,0.0,119.83,64936.41,1
2026-01-28,2026-01-28 11:05:00,537.12,537.15,537.12,537.15,0.01,119.83,64936.41,1
2026-01-28,2026-01-28 11:06:00,537.15,537.17,537.15,537.17,0.0,119.83,64936.41,1
2026-01-28,2026-01-28 11:07:00,537.17,537.2,537.17,537.2,0.01,119.83,64936.41,1
2026-01-28,2026-01-28 11:08:00,537.2,537.23,537.2,537.23,0.01,119.83,64936.41,1
2026-01-28,2026-01-28 11:09:00,537.23,537.25,537.23,537.25,0.0,119.83,64936.41,1
2026-01-28,2026-01-28 11:10:00,537.25,537.27,537.25,537.27,0.0,119.83,64936.41,1
2026-01-28,2026-01-28 11:11:00,537.27,537.3,537.27,537.3,0.01,119.83,64936.41,1
2026-01-28,2026-01-28 11:12:00,537.3,537.33,537.3,537.33,0.01,119.83,64936.41,1
2026-01-28,2026-01-28 11:13:00,537.33,537.35,537.33,537.35,0.0,119.83,64936.41,1
2026-01-28,2026-01-28 11:14:00,537.35,537.38,537.35,537.38,0.01,119.83,64936.41,1
2026-01-28,2026-01-28 11:15:00,537.38,537.4,537.38,537.4,0.0,119.83,64936.41,1
2026-01-28,2026-01-28 11:16:00,537.4,537.42,537.4,537.42,0.0,119.83,64936.41,1
2026-01-28,2026-01-28 11:17:00,537.42,537.45,537.42,537.45,0.01,119.83,64936.41,1
2026-01-28,2026-01-28 11:18:00,537.45,537.48,537.45,537.48,0.01,119.83,64936.41,1
2026-01-28,2026-01-28 11:19:00,537.48,537.5,537.48,537.5,0.0,119.83,64936.41,1
2026-01-28,2026-01-28 11:20:00,537.5,537.52,537.5,537.52,0.0,119.83,64936.41,1
2026-01-28,2026-01-28 11:21:00,537.52,537.55,537.52,537.55,0.01,119.83,64936.41,1
2026-01-28,2026-01-28 11:22:00,537.55,537.58,537.55,537.58,0.01,119.83,64936.41,1
2026-01-28,2026-01-28 11:23:00,537.58,537.6,537.58,537.6,0.0,119.83,64936.41,1
2026-01-28,2026-01-28 11:24:00,537.6,537.62,537.6,537.62,0.0,119.83,64936.41,1
2026-01-28,2026-01-28 11:25:00,537.62,537.65,537.62,537.65,0.01,119.83,64936.41,1
2026-01-28,2026-01-28 11:26:00,537.65,537.67,537.65,537.67,0.0,119.83,64936.41,1
2026-01-28,2026-01-28 11:27:00,537.67,537.7,537.67,537.7,0.01,119.83,64936.41,1
2026-01-28,2026-01-28 11:28:00,537.7,537.73,537.7,537.73,0.01,119.83,64936.41,1
2026-01-28,2026-01-28 11:29:00,537.73,537.75,537.73,537.75,0.0,119.83,64936.41,1
2026-01-28,2026-01-28 11:30:00,537.75,537.77,537.75,537.77,0.0,119.83,64936.41,1
2026-01-28,2026-01-28 11:31:00,537.77,537.8,537.77,537.8,0.01,119.83,64936.41,1
2026-01-28,2026-01-28 11:32:00,537.8,537.83,537.8,537.83,0.01,119.83,64936.41,1
2026-01-28,2026-01-28 11:33:00,537.83,537.85,537.83,537.85,0.0,119.83,64936.41,1
2026-01-28,2026-01-28 11:34:00,537.85,537.88,537.85,537.88,0.01,119.83,64936.41,1
2026-01-28,2026-01-28 11:35:00,537.88,537.9,537.88,537.9,0.0,119.83,64936.41,1
2026-01-28,2026-01-28 11:36:00,537.9,537.92,537.9,537.92,0.0,119.83,64936.41,1
2026-01-28,2026-01-28 11:37:00,537.92,537.95,537.92,537.95,0.01,119.83,64936.41,1
2026-01-28,2026-01-28 11:38:00,537.95,537.98,537.95,537.98,0.01,119.83,64936.41,1
2026-01-28,2026-01-28 11:39:00,537.98,538.0,537.98,538.0,0.0,119.83,64936.41,1
2026-01-28,2026-01-28 11:40:00,538.0,538.02,538.0,538.02,0.0,119.83,64936.41,1
2026-01-28,2026-01-28 11:41:00,538.02,538.05,538.02,538.05,0.01,119.83,64936.41,1
2026-01-28,2026-01-28 11:42:00,538.05,538.08,538.05,538.08,0.01,119.83,64936.41,1
2026-01-28,2026-01-28 11:43:00,538.08,538.1,538.08,538.1,0.0,119.83,64936.41,1
2026-01-28,2026-01-28 11:44:00,538.1,538.12,538.1,538.12,0.0,119.83,64936.41,1
2026-01-28,2026-01-28 11:45:00,538.12,538.15,538.12,538.15,0.01,119.83,64936.41,1
2026-01-28,2026-01-28 11:46:00,538.15,538.17,538.15,538.17,0.0,119.83,64936.41,1
2026-01-28,2026-01-28 11:47:00,538.17,538.2,538.17,538.2,0.01,119.83,64936.41,1
2026-01-28,2026-01-28 11:48:00,538.2,538.23,538.2,538.23,0.01,119.83,64936.41,1
2026-01-28,2026-01-28 11:49:00,538.23,538.25,538.23,538.25,0.0,119.83,64936.41,1
2026-01-28,2026-01-28 11:50:00,538.25,538.27,538.25,538.27,0.0,119.83,64936.41,1
2026-01-28,2026-01-28 11:51:00,538.27,538.3,538.27,538.3,0.01,119.83,64936.41,1
2026-01-28,2026-01-28 11:52:00,538.3,538.33,538.3,538.33,0.01,119.83,64936.41,1
2026-01-28,2026-01-28 11:53:00,538.33,538.35,538.33,538.35,0.0,119.83,64936.41,1
2026-01-28,2026-01-28 11:54:00,538.35,538.38,538.35,538.38,0.01,119.83,64936.41,1
2026-01-28,2026-01-28 11:55:00,538.38,538.4,538.38,538.4,0.0,119.83,64936.41,1
2026-01-28,2026-01-28 11:56:00,538.4,538.42,538.4,538.42,0.0,119.83,64936.41,1
2026-01-28,2026-01-28 11:57:00,538.42,538.45,538.42,538.45,0.01,119.83,64936.41,1
2026-01-28,2026-01-28 11:58:00,538.45,538.48,538.45,538.48,0.01,119.83,64936.41,1
2026-01-28,2026-01-28 11:59:00,538.48,538.5,538.48,538.5,0.0,119.83,64936.41,1
2026-01-28,2026-01-28 12:00:00,538.5,538.52,538.5,538.52,0.0,119.83,64936.41,1
2026-01-28,2026-01-28 12:01:00,538.52,538.55,538.52,538.55,0.01,119.83,64936.41,1
2026-01-28,2026-01-28 12:02:00,538.55,538.58,538.55,538.58,0.01,119.83,64936.41,1
2026-01-28,2026-01-28 12:03:00,538.58,538.6,538.58,538.6,0.0,119.83,64936.41,1
2026-01-28,2026-01-28 12:04:00,538.6,538.62,538.6,538.62,0.0,119.83,64936.41,1
2026-01-28,2026-01-28 12:05:00,538.62,538.65,538.62,538.65,0.01,119.83,64936.41,1
2026-01-28,2026-01-28 12:06:00,538.65,538.67,538.65,538.67,0.0,119.83,64936.41,1
2026-01-28,2026-01-28 12:07:00,538.67,538.7,538.67,538.7,0.01,119.83,64936.41,1
2026-01-28,2026-01-28 12:08:00,538.7,538.73,538.7,538.73,0.01,119.83,64936.41,1
2026-01-28,2026-01-28 12:09:00,538.73,538.75,538.73,538.75,0.0,119.83,64936.41,1
2026-01-28,2026-01-28 12:10:00,538.75,538.77,538.75,538.77,0.0,119.83,64936.41,1
2026-01-28,2026-01-28 12:11:00,538.77,538.8,538.77,538.8,0.01,119.83,64936.41,1
2026-01-28,2026-01-28 12:12:00,538.8,538.83,538.8,538.83,0.01,119.83,64936.41,1
2026-01-28,2026-01-28 12:13:00,538.83,538.85,538.83,538.85,0.0,119.83,64936.41,1
2026-01-28,2026-01-28 12:14:00,538.85,538.88,538.85,538.88,0.01,119.83,64936.41,1
2026-01-28,2026-01-28 12:15:00,538.88,538.9,538.88,538.9,0.0,119.83,64936.41,1
2026-01-28,2026-01-28 12:16:00,538.9,538.92,538.9,538.92,0.0,119.83,64936.41,1
2026-01-28,2026-01-28 12:17:00,538.92,538.95,538.92,538.95,0.01,119.83,64936.41,1
2026-01-28,2026-01-28 12:18:00,538.95,538.98,538.95,538.98,0.01,119.83,64936.41,1
2026-01-28,2026-01-28 12:19:00,538.98,539.0,538.98,539.0,0.0,119.83,64936.41,1
2026-01-28,2026-01-28 12:20:00,539.0,539.02,539.0,539.02,0.0,119.83,64936.41,1
2026-01-28,2026-01-28 12:21:00,539.02,539.05,539.02,539.05,0.01,119.83,64936.41,1
2026-01-28,2026-01-28 12:22:00,539.05,539.08,539.05,539.08,0.01,119.83,64936.41,1
2026-01-28,2026-01-28 12:23:00,539.08,539.1,539.08,539.1,0.0,119.83,64936.41,1
2026-01-28,2026-01-28 12:24:00,539.1,539.12,539.1,539.12,0.0,119.83,64936.41,1
2026-01-28,2026-01-28 12:25:00,539.12,539.15,539.12,539.15,0.01,119.83,64936.41,1
2026-01-28,2026-01-28 12:26:00,539.15,539.17,539.15,539.17,0.0,119.83,64936.41,1
2026-01-28,2026-01-28 12:27:00,539.17,539.2,539.17,539.2,0.01,119.83,64936.41,1
2026-01-28,2026-01-28 12:28:00,539.2,539.23,539.2,539.23,0.01,119.83,64936.41,1
2026-01-28,2026-01-28 12:29:00,539.23,539.25,539.23,539.25,0.0,119.83,64936.41,1
2026-01-28,2026-01-28 12:30:00,539.25,539.27,539.25,539.27,0.0,119.83,64936.41,1
2026-01-28,2026-01-28 12:31:00,539.27,539.3,539.27,539.3,0.01,119.83,64936.41,1
2026-01-28,2026-01-28 12:32:00,539.3,539.33,539.3,539.33,0.01,119.83,64936.41,1
2026-01-28,2026-01-28 12:33:00,539.33,539.35,539.33,539.35,0.0,119.83,64936.41,1
2026-01-28,2026-01-28 12:34:00,539.35,539.38,539.35,539.38,0.01,119.83,64936.41,1
2026-01-28,2026-01-28 12:35:00,539.38,539.4,539.38,539.4,0.0,119.83,64936.41,1
2026-01-28,2026-01-28 12:36:00,539.4,539.42,539.4,539.42,0.0,119.83,64936.41,1
2026-01-28,2026-01-28 12:37:00,539.42,539.45,539.42,539.45,0.01,119.83,64936.41,1
2026-01-28,2026-01-28 12:38:00,539.45,539.48,539.45,539.48,0.01,119.83,64936.41,1
2026-01-28,2026-01-28 12:39:00,539.48,539.5,539.48,539.5,0.0,119.83,64936.41,1
2026-01-28,2026-01-28 12:40:00,539.5,539.52,539.5,539.52,0.0,119.83,64936.41,1
2026-01-28,2026-01-28 12:41:00,539.52,539.55,539.52,539.55,0.01,119.83,64936.41,1
2026-01-28,2026-01-28 12:42:00,539.55,539.58,539.55,539.58,0.01,119.83,64936.41,1
2026-01-28,2026-01-28 12:43:00,539.58,539.6,539.58,539.6,0.0,119.83,64936.41,1
2026-01-28,2026-01-28 12:44:00,539.6,539.62,539.6,539.62,0.0,119.83,64936.41,1
2026-01-28,2026-01-28 12:45:00,539.62,539.65,539.62,539.65,0.01,119.83,64936.41,1
2026-01-28,2026-01-28 12:46:00,539.65,539.67,539.65,539.67,0.0,119.83,64936.41,1
2026-01-28,2026-01-28 12:47:00,539.67,539.7,539.67,539.7,0.01,119.83,64936.41,1
2026-01-28,2026-01-28 12:48:00,539.7,539.73,539.7,539.73,0.01,119.83,64936.41,1
2026-01-28,2026-01-28 12:49:00,539.73,539.75,539.73,539.75,0.0,119.83,64936.41,1
2026-01-28,2026-01-28 12:50:00,539.75,539.77,539.75,539.77,0.0,119.83,64936.41,1
2026-01-28,2026-01-28 12:51:00,539.77,539.8,539.77,539.8,0.01,119.83,64936.41,1
2026-01-28,2026-01-28 12:52:00,539.8,539.83,539.8,539.83,0.01,119.83,64936.41,1
2026-01-28,2026-01-28 12:53:00,539.83,539.85,539.83,539.85,0.0,119.83,64936.41,1
2026-01-28,2026-01-28 12:54:00,539.85,539.88,539.85,539.88,0.01,119.83,64936.41,1
2026-01-28,2026-01-28 12:55:00,539.88,539.9,539.88,539.9,0.0,119.83,64936.41,1
2026-01-28,2026-01-28 12:56:00,539.9,539.92,539.9,539.92,0.0,119.83,64936.41,1
2026-01-28,2026-01-28 12:57:00,539.92,539.95,539.92,539.95,0.01,119.83,64936.41,1
2026-01-28,2026-01-28 12:58:00,539.95,539.98,539.95,539.98,0.01,119.83,64936.41,1
2026-01-28,2026-01-28 12:59:00,539.98,540.0,539.98,540.0,0.0,119.83,64936.41,1
2026-01-28,2026-01-28 13:00:00,540.0,548.5,535.0,540.02,0.0,119.83,64936.41,1
2026-01-28,2026-01-28 13:01:00,540.02,540.05,540.02,540.05,0.01,119.83,64936.41,1
2026-01-28,2026-01-28 13:02:00,540.05,540.08,540.05,540.08,0.01,119.83,64936.41,1
2026-01-28,2026-01-28 13:03:00,540.08,540.1,540.08,540.1,0.0,119.83,64936.41,1
2026-01-28,2026-01-28 13:04:00,540.1,540.12,540.1,540.12,0.0,119.83,64936.41,1
2026-01-28,2026-01-28 13:05:00,540.12,540.15,540.12,540.15,0.01,119.83,64936.41,1
2026-01-28,2026-01-28 13:06:00,540.15,540.17,540.15,540.17,0.0,119.83,64936.41,1
2026-01-28,2026-01-28 13:07:00,540.17,540.2,540.17,540.2,0.01,119.83,64936.41,1
2026-01-28,2026-01-28 13:08:00,540.2,540.23,540.2,540.23,0.01,119.83,64936.41,1
2026-01-28,2026-01-28 13:09:00,540.23,540.25,540.23,540.25,0.0,119.83,64936.41,1
2026-01-28,2026-01-28 13:10:00,540.25,540.27,540.25,540.27,0.0,119.83,64936.41,1
2026-01-28,2026-01-28 13:11:00,540.27,540.3,540.27,540.3,0.01,119.83,64936.41,1
2026-01-28,2026-01-28 13:12:00,540.3,540.33,540.3,540.33,0.01,119.83,64936.41,1
2026-01-28,2026-01-28 13:13:00,540.33,540.35,540.33,540.35,0.0,119.83,64936.41,1
2026-01-28,2026-01-28 13:14:00,540.35,540.38,540.35,540.38,0.01,119.83,64936.41,1
2026-01-28,2026-01-28 13:15:00,540.38,540.4,540.38,540.4,0.0,119.83,64936.41,1
2026-01-28,2026-01-28 13:16:00,540.4,540.42,540.4,540.42,0.0,119.83,64936.41,1
2026-01-28,2026-01-28 13:17:00,540.42,540.45,540.42,540.45,0.01,119.83,64936.41,1
2026-01-28,2026-01-28 13:18:00,540.45,540.48,540.45,540.48,0.01,119.83,64936.41,1
2026-01-28,2026-01-28 13:19:00,540.48,540.5,540.48,540.5,0.0,119.83,64936.41,1
2026-01-28,2026-01-28 13:20:00,540.5,540.52,540.5,540.52,0.0,119.83,64936.41,1
2026-01-28,2026-01-28 13:21:00,540.52,540.55,540.52,540.55,0.01,119.83,64936.41,1
2026-01-28,2026-01-28 13:22:00,540.55,540.58,540.55,540.58,0.01,119.83,64936.41,1
2026-01-28,2026-01-28 13:23:00,540.58,540.6,540.58,540.6,0.0,119.83,64936.41,1
2026-01-28,2026-01-28 13:24:00,540.6,540.62,540.6,540.62,0.0,119.83,64936.41,1
2026-01-28,2026-01-28 13:25:00,540.62,540.65,540.62,540.65,0.01,119.83,64936.41,1
2026-01-28,2026-01-28 13:26:00,540.65,540.67,540.65,540.67,0.0,119.83,64936.41,1
2026-01-28,2026-01-28 13:27:00,540.67,540.7,540.67,540.7,0.01,119.83,64936.41,1
2026-01-28,2026-01-28 13:28:00,540.7,540.73,540.7,540.73,0.01,119.83,64936.41,1
2026-01-28,2026-01-28 13:29:00,540.73,540.75,540.73,540.75,0.0,119.83,64936.41,1
2026-01-28,2026-01-28 13:30:00,540.75,540.77,540.75,540.77,0.0,119.83,64936.41,1
2026-01-28,2026-01-28 13:31:00,540.77,540.8,540.77,540.8,0.01,119.83,64936.41,1
2026-01-28,2026-01-28 13:32:00,540.8,540.83,540.8,540.83,0.01,119.83,64936.41,1
2026-01-28,2026-01-28 13:33:00,540.83,540.85,540.83,540.85,0.0,119.83,64936.41,1
2026-01-28,2026-01-28 13:34:00,540.85,540.88,540.85,540.88,0.01,119.83,64936.41,1
2026-01-28,2026-01-28 13:35:00,540.88,540.9,540.88,540.9,0.0,119.83,64936.41,1
2026-01-28,2026-01-28 13:36:00,540.9,540.92,540.9,540.92,0.0,119.83,64936.41,1
2026-01-28,2026-01-28 13:37:00,540.92,540.95,540.92,540.95,0.01,119.83,64936.41,1
2026-01-28,2026-01-28 13:38:00,540.95,540.98,540.95,540.98,0.01,119.83,64936.41,1
2026-01-28,2026-01-28 13:39:00,540.98,541.0,540.98,541.0,0.0,119.83,64936.41,1
2026-01-28,2026-01-28 13:40:00,541.0,541.02,541.0,541.02,0.0,119.83,64936.41,1
2026-01-28,2026-01-28 13:41:00,541.02,541.05,541.02,541.05,0.01,119.83,64936.41,1
2026-01-28,2026-01-28 13:42:00,541.05,541.08,541.05,541.08,0.01,119.83,64936.41,1
2026-01-28,2026-01-28 13:43:00,541.08,541.1,541.08,541.1,0.0,119.83,64936.41,1
2026-01-28,2026-01-28 13:44:00,541.1,541.12,541.1,541.12,0.0,119.83,64936.41,1
2026-01-28,2026-01-28 13:45:00,541.12,541.15,541.12,541.15,0.01,119.83,64936.41,1
2026-01-28,2026-01-28 13:46:00,541.15,541.17,541.15,541.17,0.0,119.83,64936.41,1
2026-01-28,2026-01-28 13:47:00,541.17,541.2,541.17,541.2,0.01,119.83,64936.41,1
2026-01-28,2026-01-28 13:48:00,541.2,541.23,541.2,541.23,0.01,119.83,64936.41,1
2026-01-28,2026-01-28 13:49:00,541.23,541.25,541.23,541.25,0.0,119.83,64936.41,1
2026-01-28,2026-01-28 13:50:00,541.25,541.27,541.25,541.27,0.0,119.83,64936.41,1
2026-01-28,2026-01-28 13:51:00,541.27,541.3,541.27,541.3,0.01,119.83,64936.41,1
2026-01-28,2026-01-28 13:52:00,541.3,541.33,541.3,541.33,0.01,119.83,64936.41,1
2026-01-28,2026-01-28 13:53:00,541.33,541.35,541.33,541.35,0.0,119.83,64936.41,1
2026-01-28,2026-01-28 13:54:00,541.35,541.38,541.35,541.38,0.01,119.83,64936.41,1
2026-01-28,2026-01-28 13:55:00,541.38,541.4,541.38,541.4,0.0,119.83,64936.41,1
2026-01-28,2026-01-28 13:56:00,541.4,541.42,541.4,541.42,0.0,119.83,64936.41,1
2026-01-28,2026-01-28 13:57:00,541.42,541.45,541.42,541.45,0.01,119.83,64936.41,1
2026-01-28,2026-01-28 13:58:00,541.45,541.48,541.45,541.48,0.01,119.83,64936.41,1
2026-01-28,2026-01-28 13:59:00,541.48,541.5,541.48,541.5,0.0,119.83,64936.41,1
2026-01-28,2026-01-28 14:00:00,541.5,541.52,541.5,541.52,0.0,119.83,64936.41,1
2026-01-28,2026-01-28 14:01:00,541.52,541.55,541.52,541.55,0.01,119.83,64936.41,1
2026-01-28,2026-01-28 14:02:00,541.55,541.58,541.55,541.58,0.01,119.83,64936.41,1
2026-01-28,2026-01-28 14:03:00,541.58,541.6,541.58,541.6,0.0,119.83,64936.41,1
2026-01-28,2026-01-28 14:04:00,541.6,541.62,541.6,541.62,0.0,119.83,64936.41,1
2026-01-28,2026-01-28 14:05:00,541.62,541.65,541.62,541.65,0.01,119.83,64936.41,1
2026-01-28,2026-01-28 14:06:00,541.65,541.67,541.65,541.67,0.0,119.83,64936.41,1
2026-01-28,2026-01-28 14:07:00,541.67,541.7,541.67,541.7,0.01,119.83,64936.41,1
2026-01-28,2026-01-28 14:08:00,541.7,541.73,541.7,541.73,0.01,119.83,64936.41,1
2026-01-28,2026-01-28 14:09:00,541.73,541.75,541.73,541.75,0.0,119.83,64936.41,1
2026-01-28,2026-01-28 14:10:00,541.75,541.77,541.75,541.77,0.0,119.83,64936.41,1
2026-01-28,2026-01-28 14:11:00,541.77,541.8,541.77,541.8,0.01,119.83,64936.41,1
2026-01-28,2026-01-28 14:12:00,541.8,541.83,541.8,541.83,0.01,119.83,64936.41,1
2026-01-28,2026-01-28 14:13:00,541.83,541.85,541.83,541.85,0.0,119.83,64936.41,1
2026-01-28,2026-01-28 14:14:00,541.85,541.88,541.85,541.88,0.01,119.83,64936.41,1
2026-01-28,2026-01-28 14:15:00,541.88,541.9,541.88,541.9,0.0,119.83,64936.41,1
2026-01-28,2026-01-28 14:16:00,541.9,541.92,541.9,541.92,0.0,119.83,64936.41,1
2026-01-28,2026-01-28 14:17:00,541.92,541.95,541.92,541.95,0.01,119.83,64936.41,1
2026-01-28,2026-01-28 14:18:00,541.95,541.98,541.95,541.98,0.01,119.83,64936.41,1
2026-01-28,2026-01-28 14:19:00,541.98,542.0,541.98,542.0,0.0,119.83,64936.41,1
2026-01-28,2026-01-28 14:20:00,542.0,542.02,542.0,542.02,0.0,119.83,64936.41,1
2026-01-28,2026-01-28 14:21:00,542.02,542.05,542.02,542.05,0.01,119.83,64936.41,1
2026-01-28,2026-01-28 14:22:00,542.05,542.08,542.05,542.08,0.01,119.83,64936.41,1
2026-01-28,2026-01-28 14:23:00,542.08,542.1,542.08,542.1,0.0,119.83,64936.41,1
2026-01-28,2026-01-28 14:24:00,542.1,542.12,542.1,542.12,0.0,119.83,64936.41,1
2026-01-28,2026-01-28 14:25:00,542.12,542.15,542.12,542.15,0.01,119.83,64936.41,1
2026-01-28,2026-01-28 14:26:00,542.15,542.17,542.15,542.17,0.0,119.83,64936.41,1
2026-01-28,2026-01-28 14:27:00,542.17,542.2,542.17,542.2,0.01,119.83,64936.41,1
2026-01-28,2026-01-28 14:28:00,542.2,542.23,542.2,542.23,0.01,119.83,64936.41,1
2026-01-28,2026-01-28 14:29:00,542.23,542.25,542.23,542.25,0.0,119.83,64936.41,1
2026-01-28,2026-01-28 14:30:00,542.25,542.27,542.25,542.27,0.0,119.83,64936.41,1
2026-01-28,2026-01-28 14:31:00,542.27,542.3,542.27,542.3,0.01,119.83,64936.41,1
2026-01-28,2026-01-28 14:32:00,542.3,542.33,542.3,542.33,0.01,119.83,64936.41,1
2026-01-28,2026-01-28 14:33:00,542.33,542.35,542.33,542.35,0.0,119.83,64936.41,1
2026-01-28,2026-01-28 14:34:00,542.35,542.38,542.35,542.38,0.01,119.83,64936.41,1
2026-01-28,2026-01-28 14:35:00,542.38,542.4,542.38,542.4,0.0,119.83,64936.41,1
2026-01-28,2026-01-28 14:36:00,542.4,542.42,542.4,542.42,0.0,119.83,64936.41,1
2026-01-28,2026-01-28 14:37:00,542.42,542.45,542.42,542.45,0.01,119.83,64936.41,1
2026-01-28,2026-01-28 14:38:00,542.45,542.48,542.45,542.48,0.01,119.83,64936.41,1
2026-01-28,2026-01-28 14:39:00,542.48,542.5,542.48,542.5,0.0,119.83,64936.41,1
2026-01-28,2026-01-28 14:40:00,542.5,542.52,542.5,542.52,0.0,119.83,64936.41,1
2026-01-28,2026-01-28 14:41:00,542.52,542.55,542.52,542.55,0.01,119.83,64936.41,1
2026-01-28,2026-01-28 14:42:00,542.55,542.58,542.55,542.58,0.01,119.83,64936.41,1
2026-01-28,2026-01-28 14:43:00,542.58,542.6,542.58,542.6,0.0,119.83,64936.41,1
2026-01-28,2026-01-28 14:44:00,542.6,542.62,542.6,542.62,0.0,119.83,64936.41,1
2026-01-28,2026-01-28 14:45:00,542.62,542.65,542.62,542.65,0.01,119.83,64936.41,1
2026-01-28,2026-01-28 14:46:00,542.65,542.67,542.65,542.67,0.0,119.83,64936.41,1
2026-01-28,2026-01-28 14:47:00,542.67,542.7,542.67,542.7,0.01,119.83,64936.41,1
2026-01-28,2026-01-28 14:48:00,542.7,542.73,542.7,542.73,0.01,119.83,64936.41,1
2026-01-28,2026-01-28 14:49:00,542.73,542.75,542.73,542.75,0.0,119.83,64936.41,1
2026-01-28,2026-01-28 14:50:00,542.75,542.77,542.75,542.77,0.0,119.83,64936.41,1
2026-01-28,2026-01-28 14:51:00,542.77,542.8,542.77,542.8,0.01,119.83,64936.41,1
2026-01-28,2026-01-28 14:52:00,542.8,542.83,542.8,542.83,0.01,119.83,64936.41,1
2026-01-28,2026-01-28 14:53:00,542.83,542.85,542.83,542.85,0.0,119.83,64936.41,1
2026-01-28,2026-01-28 14:54:00,542.85,542.88,542.85,542.88,0.01,119.83,64936.41,1
2026-01-28,2026-01-28 14:55:00,542.88,542.9,542.88,542.9,0.0,119.83,64936.41,1
2026-01-28,2026-01-28 14:56:00,542.9,542.92,542.9,542.92,0.0,119.83,64936.41,1
2026-01-28,2026-01-28 14:57:00,542.92,542.95,542.92,542.95,0.01,119.83,64936.41,1
2026-01-28,2026-01-28 14:58:00,542.95,542.98,542.95,542.98,0.01,119.83,64936.41,1
2026-01-28,2026-01-28 14:59:00,542.98,543.0,542.98,543.0,0.0,119.83,64936.41,1
2026-01-28,2026-01-28 15:00:00,543.0,548.5,535.0,543.0,0.0,119.83,64936.41,0
2026-01-29,2026-01-29 11:00:00,550.0,551.35,548.5,550.0,0.0,181.69,100150.9,0
2026-01-29,2026-01-29 11:01:00,550.0,550.0,550.0,550.0,0.0,181.69,100150.9,0
2026-01-29,2026-01-29 11:02:00,550.0,550.0,550.0,550.0,0.0,181.69,100150.9,0
2026-01-29,2026-01-29 11:03:00,550.0,550.0,550.0,550.0,0.0,181.69,100150.9,0
2026-01-29,2026-01-29 11:04:00,550.0,550.0,550.0,550.0,0.0,181.69,100150.9,0
2026-01-29,2026-01-29 11:05:00,550.0,550.0,550.0,550.0,0.0,181.69,100150.9,0
2026-01-29,2026-01-29 11:06:00,550.0,550.0,550.0,550.0,0.0,181.69,100150.9,0
2026-01-29,2026-01-29 11:07:00,550.0,550.0,550.0,550.0,0.0,181.69,100150.9,0
2026-01-29,2026-01-29 11:08:00,550.0,550.0,550.0,550.0,0.0,181.69,100150.9,0
2026-01-29,2026-01-29 11:09:00,550.0,550.0,550.0,550.0,0.0,181.69,100150.9,0
2026-01-29,2026-01-29 11:10:00,550.0,550.0,550.0,550.0,0.0,181.69,100150.9,0
2026-01-29,2026-01-29 11:11:00,550.0,550.0,550.0,550.0,0.0,181.69,100150.9,0
2026-01-29,2026-01-29 11:12:00,550.0,550.0,550.0,550.0,0.0,181.69,100150.9,0
2026-01-29,2026-01-29 11:13:00,550.0,550.0,550.0,550.0,0.0,181.69,100150.9,0
2026-01-29,2026-01-29 11:14:00,550.0,550.0,550.0,550.0,0.0,181.69,100150.9,0
2026-01-29,2026-01-29 11:15:00,550.0,550.0,550.0,550.0,0.0,181.69,100150.9,0
2026-01-29,2026-01-29 11:16:00,550.0,550.0,550.0,550.0,0.0,181.69,100150.9,0
2026-01-29,2026-01-29 11:17:00,550.0,550.0,550.0,550.0,0.0,181.69,100150.9,0
2026-01-29,2026-01-29 11:18:00,550.0,550.0,550.0,550.0,0.0,181.69,100150.9,0
2026-01-29,2026-01-29 11:19:00,550.0,550.0,550.0,550.0,0.0,181.69,100150.9,0
2026-01-29,2026-01-29 11:20:00,550.0,550.0,550.0,550.0,0.0,181.69,100150.9,0
2026-01-29,2026-01-29 11:21:00,550.0,550.0,550.0,550.0,0.0,181.69,100150.9,0
2026-01-29,2026-01-29 11:22:00,550.0,550.0,550.0,550.0,0.0,181.69,100150.9,0
2026-01-29,2026-01-29 11:23:00,550.0,550.0,550.0,550.0,0.0,181.69,100150.9,0
2026-01-29,2026-01-29 11:24:00,550.0,550.0,550.0,550.0,0.0,181.69,100150.9,0
2026-01-29,2026-01-29 11:25:00,550.0,550.0,550.0,550.0,0.0,181.69,100150.9,0
2026-01-29,2026-01-29 11:26:00,550.0,550.0,550.0,550.0,0.0,181.69,100150.9,0
2026-01-29,2026-01-29 11:27:00,550.0,550.0,550.0,550.0,0.0,181.69,100150.9,0
2026-01-29,2026-01-29 11:28:00,550.0,550.0,550.0,550.0,0.0,181.69,100150.9,0
2026-01-29,2026-01-29 11:29:00,550.0,550.0,550.0,550.0,0.0,181.69,100150.9,0
2026-01-29,2026-01-29 11:30:00,550.0,550.0,550.0,550.0,0.0,181.69,100150.9,0
2026-01-29,2026-01-29 11:31:00,550.0,550.0,550.0,550.0,0.0,181.69,100150.9,0
2026-01-29,2026-01-29 11:32:00,550.0,550.0,550.0,550.0,0.0,181.69,100150.9,0
2026-01-29,2026-01-29 11:33:00,550.0,550.0,550.0,550.0,0.0,181.69,100150.9,0
2026-01-29,2026-01-29 11:34:00,550.0,550.0,550.0,550.0,0.0,181.69,100150.9,0
2026-01-29,2026-01-29 11:35:00,550.0,550.0,550.0,550.0,0.0,181.69,100150.9,0
2026-01-29,2026-01-29 11:36:00,550.0,550.0,550.0,550.0,0.0,181.69,100150.9,0
2026-01-29,2026-01-29 11:37:00,550.0,550.0,550.0,550.0,0.0,181.69,100150.9,0
2026-01-29,2026-01-29 11:38:00,550.0,550.0,550.0,550.0,0.0,181.69,100150.9,0
2026-01-29,2026-01-29 11:39:00,550.0,550.0,550.0,550.0,0.0,181.69,100150.9,0
2026-01-29,2026-01-29 11:40:00,550.0,550.0,550.0,550.0,0.0,181.69,100150.9,0
2026-01-29,2026-01-29 11:41:00,550.0,550.0,550.0,550.0,0.0,181.69,100150.9,0
2026-01-29,2026-01-29 11:42:00,550.0,550.0,550.0,550.0,0.0,181.69,100150.9,0
2026-01-29,2026-01-29 11:43:00,550.0,550.0,550.0,550.0,0.0,181.69,100150.9,0
2026-01-29,2026-01-29 11:44:00,550.0,550.0,550.0,550.0,0.0,181.69,100150.9,0
2026-01-29,2026-01-29 11:45:00,550.0,550.0,550.0,550.0,0.0,181.69,100150.9,0
2026-01-29,2026-01-29 11:46:00,550.0,550.0,550.0,550.0,0.0,181.69,100150.9,0
2026-01-29,2026-01-29 11:47:00,550.0,550.0,550.0,550.0,0.0,181.69,100150.9,0
2026-01-29,2026-01-29 11:48:00,550.0,550.0,550.0,550.0,0.0,181.69,100150.9,0
2026-01-29,2026-01-29 11:49:00,550.0,550.0,550.0,550.0,0.0,181.69,100150.9,0
2026-01-29,2026-01-29 11:50:00,550.0,550.0,550.0,550.0,0.0,181.69,100150.9,0
2026-01-29,2026-01-29 11:51:00,550.0,550.0,550.0,550.0,0.0,181.69,100150.9,0
2026-01-29,2026-01-29 11:52:00,550.0,550.0,550.0,550.0,0.0,181.69,100150.9,0
2026-01-29,2026-01-29 11:53:00,550.0,550.0,550.0,550.0,0.0,181.69,100150.9,0
2026-01-29,2026-01-29 11:54:00,550.0,550.0,550.0,550.0,0.0,181.69,100150.9,0
2026-01-29,2026-01-29 11:55:00,550.0,550.0,550.0,550.0,0.0,181.69,100150.9,0
2026-01-29,2026-01-29 11:56:00,550.0,550.0,550.0,550.0,0.0,181.69,100150.9,0
2026-01-29,2026-01-29 11:57:00,550.0,550.0,550.0,550.0,0.0,181.69,100150.9,0
2026-01-29,2026-01-29 11:58:00,550.0,550.0,550.0,550.0,0.0,181.69,100150.9,0
2026-01-29,2026-01-29 11:59:00,550.0,550.0,550.0,550.0,0.0,181.69,100150.9,0
2026-01-29,2026-01-29 12:00:00,550.0,550.0,550.0,550.0,0.0,181.69,100150.9,0
2026-01-29,2026-01-29 12:01:00,550.0,550.0,550.0,550.0,0.0,181.69,100150.9,0
2026-01-29,2026-01-29 12:02:00,550.0,550.0,550.0,550.0,0.0,181.69,100150.9,0
2026-01-29,2026-01-29 12:03:00,550.0,550.0,550.0,550.0,0.0,181.69,100150.9,0
2026-01-29,2026-01-29 12:04:00,550.0,550.0,550.0,550.0,0.0,181.69,100150.9,0
2026-01-29,2026-01-29 12:05:00,550.0,550.0,550.0,550.0,0.0,181.69,100150.9,0
2026-01-29,2026-01-29 12:06:00,550.0,550.0,550.0,550.0,0.0,181.69,100150.9,0
2026-01-29,2026-01-29 12:07:00,550.0,550.0,550.0,550.0,0.0,181.69,100150.9,0
2026-01-29,2026-01-29 12:08:00,550.0,550.0,550.0,550.0,0.0,181.69,100150.9,0
2026-01-29,2026-01-29 12:09:00,550.0,550.0,550.0,550.0,0.0,181.69,100150.9,0
2026-01-29,2026-01-29 12:10:00,550.0,550.0,550.0,550.0,0.0,181.69,100150.9,0
2026-01-29,2026-01-29 12:11:00,550.0,550.0,550.0,550.0,0.0,181.69,100150.9,0
2026-01-29,2026-01-29 12:12:00,550.0,550.0,550.0,550.0,0.0,181.69,100150.9,0
2026-01-29,2026-01-29 12:13:00,550.0,550.0,550.0,550.0,0.0,181.69,100150.9,0
2026-01-29,2026-01-29 12:14:00,550.0,550.0,550.0,550.0,0.0,181.69,100150.9,0
2026-01-29,2026-01-29 12:15:00,550.0,550.0,550.0,550.0,0.0,181.69,100150.9,0
2026-01-29,2026-01-29 12:16:00,550.0,550.0,550.0,550.0,0.0,181.69,100150.9,0
2026-01-29,2026-01-29 12:17:00,550.0,550.0,550.0,550.0,0.0,181.69,100150.9,0
2026-01-29,2026-01-29 12:18:00,550.0,550.0,550.0,550.0,0.0,181.69,100150.9,0
2026-01-29,2026-01-29 12:19:00,550.0,550.0,550.0,550.0,0.0,181.69,100150.9,0
2026-01-29,2026-01-29 12:20:00,550.0,550.0,550.0,550.0,0.0,181.69,100150.9,0
2026-01-29,2026-01-29 12:21:00,550.0,550.0,550.0,550.0,0.0,181.69,100150.9,0
2026-01-29,2026-01-29 12:22:00,550.0,550.0,550.0,550.0,0.0,181.69,100150.9,0
2026-01-29,2026-01-29 12:23:00,550.0,550.0,550.0,550.0,0.0,181.69,100150.9,0
2026-01-29,2026-01-29 12:24:00,550.0,550.0,550.0,550.0,0.0,181.69,100150.9,0
2026-01-29,2026-01-29 12:25:00,550.0,550.0,550.0,550.0,0.0,181.69,100150.9,0
2026-01-29,2026-01-29 12:26:00,550.0,550.0,550.0,550.0,0.0,181.69,100150.9,0
2026-01-29,2026-01-29 12:27:00,550.0,550.0,550.0,550.0,0.0,181.69,100150.9,0
2026-01-29,2026-01-29 12:28:00,550.0,550.0,550.0,550.0,0.0,181.69,100150.9,0
2026-01-29,2026-01-29 12:29:00,550.0,550.0,550.0,550.0,0.0,181.69,100150.9,0
2026-01-29,2026-01-29 12:30:00,550.0,550.0,550.0,550.0,0.0,181.69,100150.9,0
2026-01-29,2026-01-29 12:31:00,550.0,550.0,550.0,550.0,0.0,181.69,100150.9,0
2026-01-29,2026-01-29 12:32:00,550.0,550.0,550.0,550.0,0.0,181.69,100150.9,0
2026-01-29,2026-01-29 12:33:00,550.0,550.0,550.0,550.0,0.0,181.69,100150.9,0
2026-01-29,2026-01-29 12:34:00,550.0,550.0,550.0,550.0,0.0,181.69,100150.9,0
2026-01-29,2026-01-29 12:35:00,550.0,550.0,550.0,550.0,0.0,181.69,100150.9,0
2026-01-29,2026-01-29 12:36:00,550.0,550.0,550.0,550.0,0.0,181.69,100150.9,0
2026-01-29,2026-01-29 12:37:00,550.0,550.0,550.0,550.0,0.0,181.69,100150.9,0
2026-01-29,2026-01-29 12:38:00,550.0,550.0,550.0,550.0,0.0,181.69,100150.9,0
2026-01-29,2026-01-29 12:39:00,550.0,550.0,550.0,550.0,0.0,181.69,100150.9,0
2026-01-29,2026-01-29 12:40:00,550.0,550.0,550.0,550.0,0.0,181.69,100150.9,0
2026-01-29,2026-01-29 12:41:00,550.0,550.0,550.0,550.0,0.0,181.69,100150.9,0
2026-01-29,2026-01-29 12:42:00,550.0,550.0,550.0,550.0,0.0,181.69,100150.9,0
2026-01-29,2026-01-29 12:43:00,550.0,550.0,550.0,550.0,0.0,181.69,100150.9,0
2026-01-29,2026-01-29 12:44:00,550.0,550.0,550.0,550.0,0.0,181.69,100150.9,0
2026-01-29,2026-01-29 12:45:00,550.0,550.0,550.0,550.0,0.0,181.69,100150.9,0
2026-01-29,2026-01-29 12:46:00,550.0,550.0,550.0,550.0,0.0,181.69,100150.9,0
2026-01-29,2026-01-29 12:47:00,550.0,550.0,550.0,550.0,0.0,181.69,100150.9,0
2026-01-29,2026-01-29 12:48:00,550.0,550.0,550.0,550.0,0.0,181.69,100150.9,0
2026-01-29,2026-01-29 12:49:00,550.0,550.0,550.0,550.0,0.0,181.69,100150.9,0
2026-01-29,2026-01-29 12:50:00,550.0,550.0,550.0,550.0,0.0,181.69,100150.9,0
2026-01-29,2026-01-29 12:51:00,550.0,550.0,550.0,550.0,0.0,181.69,100150.9,0
2026-01-29,2026-01-29 12:52:00,550.0,550.0,550.0,550.0,0.0,181.69,100150.9,0
2026-01-29,2026-01-29 12:53:00,550.0,550.0,550.0,550.0,0.0,181.69,100150.9,0
2026-01-29,2026-01-29 12:54:00,550.0,550.0,550.0,550.0,0.0,181.69,100150.9,0
2026-01-29,2026-01-29 12:55:00,550.0,550.0,550.0,550.0,0.0,181.69,100150.9,0
2026-01-29,2026-01-29 12:56:00,550.0,550.0,550.0,550.0,0.0,181.69,100150.9,0
2026-01-29,2026-01-29 12:57:00,550.0,550.0,550.0,550.0,0.0,181.69,100150.9,0
2026-01-29,2026-01-29 12:58:00,550.0,550.0,550.0,550.0,0.0,181.69,100150.9,0
2026-01-29,2026-01-29 12:59:00,550.0,550.0,550.0,550.0,0.0,181.69,100150.9,0
2026-01-29,2026-01-29 13:00:00,550.0,554.5,545.0,550.0,0.0,181.69,100150.9,0
2026-01-29,2026-01-29 13:01:00,550.0,550.0,550.0,550.0,0.0,181.69,100150.9,0
2026-01-29,2026-01-29 13:02:00,550.0,550.0,550.0,550.0,0.0,181.69,100150.9,0
2026-01-29,2026-01-29 13:03:00,550.0,550.0,550.0,550.0,0.0,181.69,100150.9,0
2026-01-29,2026-01-29 13:04:00,550.0,550.0,550.0,550.0,0.0,181.69,100150.9,0
2026-01-29,2026-01-29 13:05:00,550.0,550.0,550.0,550.0,0.0,181.69,100150.9,0
2026-01-29,2026-01-29 13:06:00,550.0,550.0,550.0,550.0,0.0,181.69,100150.9,0
2026-01-29,2026-01-29 13:07:00,550.0,550.0,550.0,550.0,0.0,181.69,100150.9,0
2026-01-29,2026-01-29 13:08:00,550.0,550.0,550.0,550.0,0.0,181.69,100150.9,0
2026-01-29,2026-01-29 13:09:00,550.0,550.0,550.0,550.0,0.0,181.69,100150.9,0
2026-01-29,2026-01-29 13:10:00,550.0,550.0,550.0,550.0,0.0,181.69,100150.9,0
2026-01-29,2026-01-29 13:11:00,550.0,550.0,550.0,550.0,0.0,181.69,100150.9,0
2026-01-29,2026-01-29 13:12:00,550.0,550.0,550.0,550.0,0.0,181.69,100150.9,0
2026-01-29,2026-01-29 13:13:00,550.0,550.0,550.0,550.0,0.0,181.69,100150.9,0
2026-01-29,2026-01-29 13:14:00,550.0,550.0,550.0,550.0,0.0,181.69,100150.9,0
2026-01-29,2026-01-29 13:15:00,550.0,550.0,550.0,550.0,0.0,181.69,100150.9,0
2026-01-29,2026-01-29 13:16:00,550.0,550.0,550.0,550.0,0.0,181.69,100150.9,0
2026-01-29,2026-01-29 13:17:00,550.0,550.0,550.0,550.0,0.0,181.69,100150.9,0
2026-01-29,2026-01-29 13:18:00,550.0,550.0,550.0,550.0,0.0,181.69,100150.9,0
2026-01-29,2026-01-29 13:19:00,550.0,550.0,550.0,550.0,0.0,181.69,100150.9,0
2026-01-29,2026-01-29 13:20:00,550.0,550.0,550.0,550.0,0.0,181.69,100150.9,0
2026-01-29,2026-01-29 13:21:00,550.0,550.0,550.0,550.0,0.0,181.69,100150.9,0
2026-01-29,2026-01-29 13:22:00,550.0,550.0,550.0,550.0,0.0,181.69,100150.9,0
2026-01-29,2026-01-29 13:23:00,550.0,550.0,550.0,550.0,0.0,181.69,100150.9,0
2026-01-29,2026-01-29 13:24:00,550.0,550.0,550.0,550.0,0.0,181.69,100150.9,0
2026-01-29,2026-01-29 13:25:00,550.0,550.0,550.0,550.0,0.0,181.69,100150.9,0
2026-01-29,2026-01-29 13:26:00,550.0,550.0,550.0,550.0,0.0,181.69,100150.9,0
2026-01-29,2026-01-29 13:27:00,550.0,550.0,550.0,550.0,0.0,181.69,100150.9,0
2026-01-29,2026-01-29 13:28:00,550.0,550.0,550.0,550.0,0.0,181.69,100150.9,0
2026-01-29,2026-01-29 13:29:00,550.0,550.0,550.0,550.0,0.0,181.69,100150.9,0
2026-01-29,2026-01-29 13:30:00,550.0,550.0,550.0,550.0,0.0,181.69,100150.9,0
2026-01-29,2026-01-29 13:31:00,550.0,550.0,550.0,550.0,0.0,181.69,100150.9,0
2026-01-29,2026-01-29 13:32:00,550.0,550.0,550.0,550.0,0.0,181.69,100150.9,0
2026-01-29,2026-01-29 13:33:00,550.0,550.0,550.0,550.0,0.0,181.69,100150.9,0
2026-01-29,2026-01-29 13:34:00,550.0,550.0,550.0,550.0,0.0,181.69,100150.9,0
2026-01-29,2026-01-29 13:35:00,550.0,550.0,550.0,550.0,0.0,181.69,100150.9,0
2026-01-29,2026-01-29 13:36:00,550.0,550.0,550.0,550.0,0.0,181.69,100150.9,0
2026-01-29,2026-01-29 13:37:00,550.0,550.0,550.0,550.0,0.0,181.69,100150.9,0
2026-01-29,2026-01-29 13:38:00,550.0,550.0,550.0,550.0,0.0,181.69,100150.9,0
2026-01-29,2026-01-29 13:39:00,550.0,550.0,550.0,550.0,0.0,181.69,100150.9,0
2026-01-29,2026-01-29 13:40:00,550.0,550.0,550.0,550.0,0.0,181.69,100150.9,0
2026-01-29,2026-01-29 13:41:00,550.0,550.0,550.0,550.0,0.0,181.69,100150.9,0
2026-01-29,2026-01-29 13:42:00,550.0,550.0,550.0,550.0,0.0,181.69,100150.9,0
2026-01-29,2026-01-29 13:43:00,550.0,550.0,550.0,550.0,0.0,181.69,100150.9,0
2026-01-29,2026-01-29 13:44:00,550.0,550.0,550.0,550.0,0.0,181.69,100150.9,0
2026-01-29,2026-01-29 13:45:00,550.0,550.0,550.0,550.0,0.0,181.69,100150.9,0
2026-01-29,2026-01-29 13:46:00,550.0,550.0,550.0,550.0,0.0,181.69,100150.9,0
2026-01-29,2026-01-29 13:47:00,550.0,550.0,550.0,550.0,0.0,181.69,100150.9,0
2026-01-29,2026-01-29 13:48:00,550.0,550.0,550.0,550.0,0.0,181.69,100150.9,0
2026-01-29,2026-01-29 13:49:00,550.0,550.0,550.0,550.0,0.0,181.69,100150.9,0
2026-01-29,2026-01-29 13:50:00,550.0,550.0,550.0,550.0,0.0,181.69,100150.9,0
2026-01-29,2026-01-29 13:51:00,550.0,550.0,550.0,550.0,0.0,181.69,100150.9,0
2026-01-29,2026-01-29 13:52:00,550.0,550.0,550.0,550.0,0.0,181.69,100150.9,0
2026-01-29,2026-01-29 13:53:00,550.0,550.0,550.0,550.0,0.0,181.69,100150.9,0
2026-01-29,2026-01-29 13:54:00,550.0,550.0,550.0,550.0,0.0,181.69,100150.9,0
2026-01-29,2026-01-29 13:55:00,550.0,550.0,550.0,550.0,0.0,181.69,100150.9,0
2026-01-29,2026-01-29 13:56:00,550.0,550.0,550.0,550.0,0.0,181.69,100150.9,0
2026-01-29,2026-01-29 13:57:00,550.0,550.0,550.0,550.0,0.0,181.69,100150.9,0
2026-01-29,2026-01-29 13:58:00,550.0,550.0,550.0,550.0,0.0,181.69,100150.9,0
2026-01-29,2026-01-29 13:59:00,550.0,550.0,550.0,550.0,0.0,181.69,100150.9,0
2026-01-29,2026-01-29 14:00:00,550.0,550.0,550.0,550.0,0.0,181.69,100150.9,0
2026-01-29,2026-01-29 14:01:00,550.0,550.0,550.0,550.0,0.0,181.69,100150.9,0
2026-01-29,2026-01-29 14:02:00,550.0,550.0,550.0,550.0,0.0,181.69,100150.9,0
2026-01-29,2026-01-29 14:03:00,550.0,550.0,550.0,550.0,0.0,181.69,100150.9,0
2026-01-29,2026-01-29 14:04:00,550.0,550.0,550.0,550.0,0.0,181.69,100150.9,0
2026-01-29,2026-01-29 14:05:00,550.0,550.0,550.0,550.0,0.0,181.69,100150.9,0
2026-01-29,2026-01-29 14:06:00,550.0,550.0,550.0,550.0,0.0,181.69,100150.9,0
2026-01-29,2026-01-29 14:07:00,550.0,550.0,550.0,550.0,0.0,181.69,100150.9,0
2026-01-29,2026-01-29 14:08:00,550.0,550.0,550.0,550.0,0.0,181.69,100150.9,0
2026-01-29,2026-01-29 14:09:00,550.0,550.0,550.0,550.0,0.0,181.69,100150.9,0
2026-01-29,2026-01-29 14:10:00,550.0,550.0,550.0,550.0,0.0,181.69,100150.9,0
2026-01-29,2026-01-29 14:11:00,550.0,550.0,550.0,550.0,0.0,181.69,100150.9,0
2026-01-29,2026-01-29 14:12:00,550.0,550.0,550.0,550.0,0.0,181.69,100150.9,0
2026-01-29,2026-01-29 14:13:00,550.0,550.0,550.0,550.0,0.0,181.69,100150.9,0
2026-01-29,2026-01-29 14:14:00,550.0,550.0,550.0,550.0,0.0,181.69,100150.9,0
2026-01-29,2026-01-29 14:15:00,550.0,550.0,550.0,550.0,0.0,181.69,100150.9,0
2026-01-29,2026-01-29 14:16:00,550.0,550.0,550.0,550.0,0.0,181.69,100150.9,0
2026-01-29,2026-01-29 14:17:00,550.0,550.0,550.0,550.0,0.0,181.69,100150.9,0
2026-01-29,2026-01-29 14:18:00,550.0,550.0,550.0,550.0,0.0,181.69,100150.9,0
2026-01-29,2026-01-29 14:19:00,550.0,550.0,550.0,550.0,0.0,181.69,100150.9,0
2026-01-29,2026-01-29 14:20:00,550.0,550.0,550.0,550.0,0.0,181.69,100150.9,0
2026-01-29,2026-01-29 14:21:00,550.0,550.0,550.0,550.0,0.0,181.69,100150.9,0
2026-01-29,2026-01-29 14:22:00,550.0,550.0,550.0,550.0,0.0,181.69,100150.9,0
2026-01-29,2026-01-29 14:23:00,550.0,550.0,550.0,550.0,0.0,181.69,100150.9,0
2026-01-29,2026-01-29 14:24:00,550.0,550.0,550.0,550.0,0.0,181.69,100150.9,0
2026-01-29,2026-01-29 14:25:00,550.0,550.0,550.0,550.0,0.0,181.69,100150.9,0
2026-01-29,2026-01-29 14:26:00,550.0,550.0,550.0,550.0,0.0,181.69,100150.9,0
2026-01-29,2026-01-29 14:27:00,550.0,550.0,550.0,550.0,0.0,181.69,100150.9,0
2026-01-29,2026-01-29 14:28:00,550.0,550.0,550.0,550.0,0.0,181.69,100150.9,0
2026-01-29,2026-01-29 14:29:00,550.0,550.0,550.0,550.0,0.0,181.69,100150.9,0
2026-01-29,2026-01-29 14:30:00,550.0,550.0,550.0,550.0,0.0,181.69,100150.9,0
2026-01-29,2026-01-29 14:31:00,550.0,550.0,550.0,550.0,0.0,181.69,100150.9,0
2026-01-29,2026-01-29 14:32:00,550.0,550.0,550.0,550.0,0.0,181.69,100150.9,0
2026-01-29,2026-01-29 14:33:00,550.0,550.0,550.0,550.0,0.0,181.69,100150.9,0
2026-01-29,2026-01-29 14:34:00,550.0,550.0,550.0,550.0,0.0,181.69,100150.9,0
2026-01-29,2026-01-29 14:35:00,550.0,550.0,550.0,550.0,0.0,181.69,100150.9,0
2026-01-29,2026-01-29 14:36:00,550.0,550.0,550.0,550.0,0.0,181.69,100150.9,0
2026-01-29,2026-01-29 14:37:00,550.0,550.0,550.0,550.0,0.0,181.69,100150.9,0
2026-01-29,2026-01-29 14:38:00,550.0,550.0,550.0,550.0,0.0,181.69,100150.9,0
2026-01-29,2026-01-29 14:39:00,550.0,550.0,550.0,550.0,0.0,181.69,100150.9,0
2026-01-29,2026-01-29 14:40:00,550.0,550.0,550.0,550.0,0.0,181.69,100150.9,0
2026-01-29,2026-01-29 14:41:00,550.0,550.0,550.0,550.0,0.0,181.69,100150.9,0
2026-01-29,2026-01-29 14:42:00,550.0,550.0,550.0,550.0,0.0,181.69,100150.9,0
2026-01-29,2026-01-29 14:43:00,550.0,550.0,550.0,550.0,0.0,181.69,100150.9,0
2026-01-29,2026-01-29 14:44:00,550.0,550.0,550.0,550.0,0.0,181.69,100150.9,0
2026-01-29,2026-01-29 14:45:00,550.0,550.0,550.0,550.0,0.0,181.69,100150.9,0
2026-01-29,2026-01-29 14:46:00,550.0,550.0,550.0,550.0,0.0,181.69,100150.9,0
2026-01-29,2026-01-29 14:47:00,550.0,550.0,550.0,550.0,0.0,181.69,100150.9,0
2026-01-29,2026-01-29 14:48:00,550.0,550.0,550.0,550.0,0.0,181.69,100150.9,0
2026-01-29,2026-01-29 14:49:00,550.0,550.0,550.0,550.0,0.0,181.69,100150.9,0
2026-01-29,2026-01-29 14:50:00,550.0,550.0,550.0,550.0,0.0,181.69,100150.9,0
2026-01-29,2026-01-29 14:51:00,550.0,550.0,550.0,550.0,0.0,181.69,100150.9,0
2026-01-29,2026-01-29 14:52:00,550.0,550.0,550.0,550.0,0.0,181.69,100150.9,0
2026-01-29,2026-01-29 14:53:00,550.0,550.0,550.0,550.0,0.0,181.69,100150.9,0
2026-01-29,2026-01-29 14:54:00,550.0,550.0,550.0,550.0,0.0,181.69,100150.9,0
2026-01-29,2026-01-29 14:55:00,550.0,550.0,550.0,550.0,0.0,181.69,100150.9,0
2026-01-29,2026-01-29 14:56:00,550.0,550.0,550.0,550.0,0.0,181.69,100150.9,0
2026-01-29,2026-01-29 14:57:00,550.0,550.0,550.0,550.0,0.0,181.69,100150.9,0
2026-01-29,2026-01-29 14:58:00,550.0,550.0,550.0,550.0,0.0,181.69,100150.9,0
2026-01-29,2026-01-29 14:59:00,550.0,550.0,550.0,550.0,0.0,181.69,100150.9,0
2026-01-29,2026-01-29 15:00:00,550.0,554.5,545.0,550.0,0.0,181.69,100150.9,0
2026-02-01,2026-02-01 11:00:00,555.0,556.8,551.4,554.99,-0.0,80.56,44291.77,-1
2026-02-01,2026-02-01 11:01:00,554.99,554.99,554.98,554.98,-0.0,80.56,44291.77,-1
2026-02-01,2026-02-01 11:02:00,554.98,554.98,554.97,554.97,-0.0,80.56,44291.77,-1
2026-02-01,2026-02-01 11:03:00,554.97,554.97,554.97,554.97,0.0,80.56,44291.77,0
2026-02-01,2026-02-01 11:04:00,554.97,554.97,554.96,554.96,-0.0,80.56,44291.77,-1
2026-02-01,2026-02-01 11:05:00,554.96,554.96,554.95,554.95,-0.0,80.56,44291.77,-1
2026-02-01,2026-02-01 11:06:00,554.95,554.95,554.94,554.94,-0.0,80.56,44291.77,-1
2026-02-01,2026-02-01 11:07:00,554.94,554.94,554.93,554.93,-0.0,80.56,44291.77,-1
2026-02-01,2026-02-01 11:08:00,554.93,554.93,554.92,554.92,-0.0,80.56,44291.77,-1
2026-02-01,2026-02-01 11:09:00,554.92,554.92,554.91,554.91,-0.0,80.56,44291.77,-1
2026-02-01,2026-02-01 11:10:00,554.91,554.91,554.9,554.9,-0.0,80.56,44291.77,-1
2026-02-01,2026-02-01 11:11:00,554.9,554.9,554.89,554.89,-0.0,80.56,44291.77,-1
2026-02-01,2026-02-01 11:12:00,554.89,554.89,554.89,554.89,0.0,80.56,44291.77,0
2026-02-01,2026-02-01 11:13:00,554.89,554.89,554.88,554.88,-0.0,80.56,44291.77,-1
2026-02-01,2026-02-01 11:14:00,554.88,554.88,554.87,554.87,-0.0,80.56,44291.77,-1
2026-02-01,2026-02-01 11:15:00,554.87,554.87,554.86,554.86,-0.0,80.56,44291.77,-1
2026-02-01,2026-02-01 11:16:00,554.86,554.86,554.85,554.85,-0.0,80.56,44291.77,-1
2026-02-01,2026-02-01 11:17:00,554.85,554.85,554.84,554.84,-0.0,80.56,44291.77,-1
2026-02-01,2026-02-01 11:18:00,554.84,554.84,554.83,554.83,-0.0,80.56,44291.77,-1
2026-02-01,2026-02-01 11:19:00,554.83,554.83,554.83,554.83,0.0,80.56,44291.77,0
2026-02-01,2026-02-01 11:20:00,554.83,554.83,554.82,554.82,-0.0,80.56,44291.77,-1
2026-02-01,2026-02-01 11:21:00,554.82,554.82,554.81,554.81,-0.0,80.56,44291.77,-1
2026-02-01,2026-02-01 11:22:00,554.81,554.81,554.8,554.8,-0.0,80.56,44291.77,-1
2026-02-01,2026-02-01 11:23:00,554.8,554.8,554.79,554.79,-0.0,80.56,44291.77,-1
2026-02-01,2026-02-01 11:24:00,554.79,554.79,554.78,554.78,-0.0,80.56,44291.77,-1
2026-02-01,2026-02-01 11:25:00,554.78,554.78,554.77,554.77,-0.0,80.56,44291.77,-1
2026-02-01,2026-02-01 11:26:00,554.77,554.77,554.76,554.76,-0.0,80.56,44291.77,-1
2026-02-01,2026-02-01 11:27:00,554.76,554.76,554.75,554.75,-0.0,80.56,44291.77,-1
2026-02-01,2026-02-01 11:28:00,554.75,554.75,554.75,554.75,0.0,80.56,44291.77,0
2026-02-01,2026-02-01 11:29:00,554.75,554.75,554.74,554.74,-0.0,80.56,44291.77,-1
2026-02-01,2026-02-01 11:30:00,554.74,554.74,554.73,554.73,-0.0,80.56,44291.77,-1
2026-02-01,2026-02-01 11:31:00,554.73,554.73,554.72,554.72,-0.0,80.56,44291.77,-1
2026-02-01,2026-02-01 11:32:00,554.72,554.72,554.71,554.71,-0.0,80.56,44291.77,-1
2026-02-01,2026-02-01 11:33:00,554.71,554.71,554.7,554.7,-0.0,80.56,44291.77,-1
2026-02-01,2026-02-01 11:34:00,554.7,554.7,554.69,554.69,-0.0,80.56,44291.77,-1
2026-02-01,2026-02-01 11:35:00,554.69,554.69,554.68,554.68,-0.0,80.56,44291.77,-1
2026-02-01,2026-02-01 11:36:00,554.68,554.68,554.68,554.68,0.0,80.56,44291.77,0
2026-02-01,2026-02-01 11:37:00,554.68,554.68,554.67,554.67,-0.0,80.56,44291.77,-1
2026-02-01,2026-02-01 11:38:00,554.67,554.67,554.66,554.66,-0.0,80.56,44291.77,-1
2026-02-01,2026-02-01 11:39:00,554.66,554.66,554.65,554.65,-0.0,80.56,44291.77,-1
2026-02-01,2026-02-01 11:40:00,554.65,554.65,554.64,554.64,-0.0,80.56,44291.77,-1
2026-02-01,2026-02-01 11:41:00,554.64,554.64,554.63,554.63,-0.0,80.56,44291.77,-1
2026-02-01,2026-02-01 11:42:00,554.63,554.63,554.62,554.62,-0.0,80.56,44291.77,-1
2026-02-01,2026-02-01 11:43:00,554.62,554.62,554.62,554.62,0.0,80.56,44291.77,0
2026-02-01,2026-02-01 11:44:00,554.62,554.62,554.61,554.61,-0.0,80.56,44291.77,-1
2026-02-01,2026-02-01 11:45:00,554.61,554.61,554.6,554.6,-0.0,80.56,44291.77,-1
2026-02-01,2026-02-01 11:46:00,554.6,554.6,554.59,554.59,-0.0,80.56,44291.77,-1
2026-02-01,2026-02-01 11:47:00,554.59,554.59,554.58,554.58,-0.0,80.56,44291.77,-1
2026-02-01,2026-02-01 11:48:00,554.58,554.58,554.57,554.57,-0.0,80.56,44291.77,-1
2026-02-01,2026-02-01 11:49:00,554.57,554.57,554.56,554.56,-0.0,80.56,44291.77,-1
2026-02-01,2026-02-01 11:50:00,554.56,554.56,554.55,554.55,-0.0,80.56,44291.77,-1
2026-02-01,2026-02-01 11:51:00,554.55,554.55,554.54,554.54,-0.0,80.56,44291.77,-1
2026-02-01,2026-02-01 11:52:00,554.54,554.54,554.54,554.54,0.0,80.56,44291.77,0
2026-02-01,2026-02-01 11:53:00,554.54,554.54,554.53,554.53,-0.0,80.56,44291.77,-1
2026-02-01,2026-02-01 11:54:00,554.53,554.53,554.52,554.52,-0.0,80.56,44291.77,-1
2026-02-01,2026-02-01 11:55:00,554.52,554.52,554.51,554.51,-0.0,80.56,44291.77,-1
2026-02-01,2026-02-01 11:56:00,554.51,554.51,554.5,554.5,-0.0,80.56,44291.77,-1
2026-02-01,2026-02-01 11:57:00,554.5,554.5,554.49,554.49,-0.0,80.56,44291.77,-1
2026-02-01,2026-02-01 11:58:00,554.49,554.49,554.48,554.48,-0.0,80.56,44291.77,-1
2026-02-01,2026-02-01 11:59:00,554.48,554.48,554.48,554.48,0.0,80.56,44291.77,0
2026-02-01,2026-02-01 12:00:00,554.48,554.48,554.47,554.47,-0.0,80.56,44291.77,-1
2026-02-01,2026-02-01 12:01:00,554.47,554.47,554.46,554.46,-0.0,80.56,44291.77,-1
2026-02-01,2026-02-01 12:02:00,554.46,554.46,554.45,554.45,-0.0,80.56,44291.77,-1
2026-02-01,2026-02-01 12:03:00,554.45,554.45,554.44,554.44,-0.0,80.56,44291.77,-1
2026-02-01,2026-02-01 12:04:00,554.44,554.44,554.43,554.43,-0.0,80.56,44291.77,-1
2026-02-01,2026-02-01 12:05:00,554.43,554.43,554.42,554.42,-0.0,80.56,44291.77,-1
2026-02-01,2026-02-01 12:06:00,554.42,554.42,554.41,554.41,-0.0,80.56,44291.77,-1
2026-02-01,2026-02-01 12:07:00,554.41,554.41,554.4,554.4,-0.0,80.56,44291.77,-1
2026-02-01,2026-02-01 12:08:00,554.4,554.4,554.4,554.4,0.0,80.56,44291.77,0
2026-02-01,2026-02-01 12:09:00,554.4,554.4,554.39,554.39,-0.0,80.56,44291.77,-1
2026-02-01,2026-02-01 12:10:00,554.39,554.39,554.38,554.38,-0.0,80.56,44291.77,-1
2026-02-01,2026-02-01 12:11:00,554.38,554.38,554.37,554.37,-0.0,80.56,44291.77,-1
2026-02-01,2026-02-01 12:12:00,554.37,554.37,554.36,554.36,-0.0,80.56,44291.77,-1
2026-02-01,2026-02-01 12:13:00,554.36,554.36,554.35,554.35,-0.0,80.56,44291.77,-1
2026-02-01,2026-02-01 12:14:00,554.35,554.35,554.34,554.34,-0.0,80.56,44291.77,-1
2026-02-01,2026-02-01 12:15:00,554.34,554.34,554.34,554.34,0.0,80.56,44291.77,0
2026-02-01,2026-02-01 12:16:00,554.34,554.34,554.33,554.33,-0.0,80.56,44291.77,-1
2026-02-01,2026-02-01 12:17:00,554.33,554.33,554.32,554.32,-0.0,80.56,44291.77,-1
2026-02-01,2026-02-01 12:18:00,554.32,554.32,554.31,554.31,-0.0,80.56,44291.77,-1
2026-02-01,2026-02-01 12:19:00,554.31,554.31,554.3,554.3,-0.0,80.56,44291.77,-1
2026-02-01,2026-02-01 12:20:00,554.3,554.3,554.29,554.29,-0.0,80.56,44291.77,-1
2026-02-01,2026-02-01 12:21:00,554.29,554.29,554.28,554.28,-0.0,80.56,44291.77,-1
2026-02-01,2026-02-01 12:22:00,554.28,554.28,554.27,554.27,-0.0,80.56,44291.77,-1
2026-02-01,2026-02-01 12:23:00,554.27,554.27,554.26,554.26,-0.0,80.56,44291.77,-1
2026-02-01,2026-02-01 12:24:00,554.26,554.26,554.26,554.26,0.0,80.56,44291.77,0
2026-02-01,2026-02-01 12:25:00,554.26,554.26,554.25,554.25,-0.0,80.56,44291.77,-1
2026-02-01,2026-02-01 12:26:00,554.25,554.25,554.24,554.24,-0.0,80.56,44291.77,-1
2026-02-01,2026-02-01 12:27:00,554.24,554.24,554.23,554.23,-0.0,80.56,44291.77,-1
2026-02-01,2026-02-01 12:28:00,554.23,554.23,554.22,554.22,-0.0,80.56,44291.77,-1
2026-02-01,2026-02-01 12:29:00,554.22,554.22,554.21,554.21,-0.0,80.56,44291.77,-1
2026-02-01,2026-02-01 12:30:00,554.21,554.21,554.2,554.2,-0.0,80.56,44291.77,-1
2026-02-01,2026-02-01 12:31:00,554.2,554.2,554.19,554.19,-0.0,80.56,44291.77,-1
2026-02-01,2026-02-01 12:32:00,554.19,554.19,554.19,554.19,0.0,80.56,44291.77,0
2026-02-01,2026-02-01 12:33:00,554.19,554.19,554.18,554.18,-0.0,80.56,44291.77,-1
2026-02-01,2026-02-01 12:34:00,554.18,554.18,554.17,554.17,-0.0,80.56,44291.77,-1
2026-02-01,2026-02-01 12:35:00,554.17,554.17,554.16,554.16,-0.0,80.56,44291.77,-1
2026-02-01,2026-02-01 12:36:00,554.16,554.16,554.15,554.15,-0.0,80.56,44291.77,-1
2026-02-01,2026-02-01 12:37:00,554.15,554.15,554.14,554.14,-0.0,80.56,44291.77,-1
2026-02-01,2026-02-01 12:38:00,554.14,554.14,554.13,554.13,-0.0,80.56,44291.77,-1
2026-02-01,2026-02-01 12:39:00,554.13,554.13,554.12,554.12,-0.0,80.56,44291.77,-1
2026-02-01,2026-02-01 12:40:00,554.12,554.12,554.12,554.12,0.0,80.56,44291.77,0
2026-02-01,2026-02-01 12:41:00,554.12,554.12,554.11,554.11,-0.0,80.56,44291.77,-1
2026-02-01,2026-02-01 12:42:00,554.11,554.11,554.1,554.1,-0.0,80.56,44291.77,-1
2026-02-01,2026-02-01 12:43:00,554.1,554.1,554.09,554.09,-0.0,80.56,44291.77,-1
2026-02-01,2026-02-01 12:44:00,554.09,554.09,554.08,554.08,-0.0,80.56,44291.77,-1
2026-02-01,2026-02-01 12:45:00,554.08,554.08,554.07,554.07,-0.0,80.56,44291.77,-1
2026-02-01,2026-02-01 12:46:00,554.07,554.07,554.06,554.06,-0.0,80.56,44291.77,-1
2026-02-01,2026-02-01 12:47:00,554.06,554.06,554.05,554.05,-0.0,80.56,44291.77,-1
2026-02-01,2026-02-01 12:48:00,554.05,554.05,554.05,554.05,0.0,80.56,44291.77,0
2026-02-01,2026-02-01 12:49:00,554.05,554.05,554.04,554.04,-0.0,80.56,44291.77,-1
2026-02-01,2026-02-01 12:50:00,554.04,554.04,554.03,554.03,-0.0,80.56,44291.77,-1
2026-02-01,2026-02-01 12:51:00,554.03,554.03,554.02,554.02,-0.0,80.56,44291.77,-1
2026-02-01,2026-02-01 12:52:00,554.02,554.02,554.01,554.01,-0.0,80.56,44291.77,-1
2026-02-01,2026-02-01 12:53:00,554.01,554.01,554.0,554.0,-0.0,80.56,44291.77,-1
2026-02-01,2026-02-01 12:54:00,554.0,554.0,553.99,553.99,-0.0,80.56,44291.77,-1
2026-02-01,2026-02-01 12:55:00,553.99,553.99,553.99,553.99,0.0,80.56,44291.77,0
2026-02-01,2026-02-01 12:56:00,553.99,553.99,553.98,553.98,-0.0,80.56,44291.77,-1
2026-02-01,2026-02-01 12:57:00,553.98,553.98,553.97,553.97,-0.0,80.56,44291.77,-1
2026-02-01,2026-02-01 12:58:00,553.97,553.97,553.96,553.96,-0.0,80.56,44291.77,-1
2026-02-01,2026-02-01 12:59:00,553.96,553.96,553.95,553.95,-0.0,80.56,44291.77,-1
2026-02-01,2026-02-01 13:00:00,553.95,561.0,543.0,553.94,-0.0,80.56,44291.77,-1
2026-02-01,2026-02-01 13:01:00,553.94,553.94,553.93,553.93,-0.0,80.56,44291.77,-1
2026-02-01,2026-02-01 13:02:00,553.93,553.93,553.92,553.92,-0.0,80.56,44291.77,-1
2026-02-01,2026-02-01 13:03:00,553.92,553.92,553.91,553.91,-0.0,80.56,44291.77,-1
2026-02-01,2026-02-01 13:04:00,553.91,553.91,553.91,553.91,0.0,80.56,44291.77,0
2026-02-01,2026-02-01 13:05:00,553.91,553.91,553.9,553.9,-0.0,80.56,44291.77,-1
2026-02-01,2026-02-01 13:06:00,553.9,553.9,553.89,553.89,-0.0,80.56,44291.77,-1
2026-02-01,2026-02-01 13:07:00,553.89,553.89,553.88,553.88,-0.0,80.56,44291.77,-1
2026-02-01,2026-02-01 13:08:00,553.88,553.88,553.87,553.87,-0.0,80.56,44291.77,-1
2026-02-01,2026-02-01 13:09:00,553.87,553.87,553.86,553.86,-0.0,80.56,44291.77,-1
2026-02-01,2026-02-01 13:10:00,553.86,553.86,553.85,553.85,-0.0,80.56,44291.77,-1
2026-02-01,2026-02-01 13:11:00,553.85,553.85,553.85,553.85,0.0,80.56,44291.77,0
2026-02-01,2026-02-01 13:12:00,553.85,553.85,553.84,553.84,-0.0,80.56,44291.77,-1
2026-02-01,2026-02-01 13:13:00,553.84,553.84,553.83,553.83,-0.0,80.56,44291.77,-1
2026-02-01,2026-02-01 13:14:00,553.83,553.83,553.82,553.82,-0.0,80.56,44291.77,-1
2026-02-01,2026-02-01 13:15:00,553.82,553.82,553.81,553.81,-0.0,80.56,44291.77,-1
2026-02-01,2026-02-01 13:16:00,553.81,553.81,553.8,553.8,-0.0,80.56,44291.77,-1
2026-02-01,2026-02-01 13:17:00,553.8,553.8,553.79,553.79,-0.0,80.56,44291.77,-1
2026-02-01,2026-02-01 13:18:00,553.79,553.79,553.78,553.78,-0.0,80.56,44291.77,-1
2026-02-01,2026-02-01 13:19:00,553.78,553.78,553.77,553.77,-0.0,80.56,44291.77,-1
2026-02-01,2026-02-01 13:20:00,553.77,553.77,553.77,553.77,0.0,80.56,44291.77,0
2026-02-01,2026-02-01 13:21:00,553.77,553.77,553.76,553.76,-0.0,80.56,44291.77,-1
2026-02-01,2026-02-01 13:22:00,553.76,553.76,553.75,553.75,-0.0,80.56,44291.77,-1
2026-02-01,2026-02-01 13:23:00,553.75,553.75,553.74,553.74,-0.0,80.56,44291.77,-1
2026-02-01,2026-02-01 13:24:00,553.74,553.74,553.73,553.73,-0.0,80.56,44291.77,-1
2026-02-01,2026-02-01 13:25:00,553.73,553.73,553.72,553.72,-0.0,80.56,44291.77,-1
2026-02-01,2026-02-01 13:26:00,553.72,553.72,553.71,553.71,-0.0,80.56,44291.77,-1
2026-02-01,2026-02-01 13:27:00,553.71,553.71,553.71,553.71,0.0,80.56,44291.77,0
2026-02-01,2026-02-01 13:28:00,553.71,553.71,553.7,553.7,-0.0,80.56,44291.77,-1
2026-02-01,2026-02-01 13:29:00,553.7,553.7,553.69,553.69,-0.0,80.56,44291.77,-1
2026-02-01,2026-02-01 13:30:00,553.69,553.69,553.68,553.68,-0.0,80.56,44291.77,-1
2026-02-01,2026-02-01 13:31:00,553.68,553.68,553.67,553.67,-0.0,80.56,44291.77,-1
2026-02-01,2026-02-01 13:32:00,553.67,553.67,553.66,553.66,-0.0,80.56,44291.77,-1
2026-02-01,2026-02-01 13:33:00,553.66,553.66,553.65,553.65,-0.0,80.56,44291.77,-1
2026-02-01,2026-02-01 13:34:00,553.65,553.65,553.64,553.64,-0.0,80.56,44291.77,-1
2026-02-01,2026-02-01 13:35:00,553.64,553.64,553.63,553.63,-0.0,80.56,44291.77,-1
2026-02-01,2026-02-01 13:36:00,553.63,553.63,553.63,553.63,0.0,80.56,44291.77,0
2026-02-01,2026-02-01 13:37:00,553.63,553.63,553.62,553.62,-0.0,80.56,44291.77,-1
2026-02-01,2026-02-01 13:38:00,553.62,553.62,553.61,553.61,-0.0,80.56,44291.77,-1
2026-02-01,2026-02-01 13:39:00,553.61,553.61,553.6,553.6,-0.0,80.56,44291.77,-1
2026-02-01,2026-02-01 13:40:00,553.6,553.6,553.59,553.59,-0.0,80.56,44291.77,-1
2026-02-01,2026-02-01 13:41:00,553.59,553.59,553.58,553.58,-0.0,80.56,44291.77,-1
2026-02-01,2026-02-01 13:42:00,553.58,553.58,553.57,553.57,-0.0,80.56,44291.77,-1
2026-02-01,2026-02-01 13:43:00,553.57,553.57,553.56,553.56,-0.0,80.56,44291.77,-1
2026-02-01,2026-02-01 13:44:00,553.56,553.56,553.56,553.56,0.0,80.56,44291.77,0
2026-02-01,2026-02-01 13:45:00,553.56,553.56,553.55,553.55,-0.0,80.56,44291.77,-1
2026-02-01,2026-02-01 13:46:00,553.55,553.55,553.54,553.54,-0.0,80.56,44291.77,-1
2026-02-01,2026-02-01 13:47:00,553.54,553.54,553.53,553.53,-0.0,80.56,44291.77,-1
2026-02-01,2026-02-01 13:48:00,553.53,553.53,553.52,553.52,-0.0,80.56,44291.77,-1
2026-02-01,2026-02-01 13:49:00,553.52,553.52,553.51,553.51,-0.0,80.56,44291.77,-1
2026-02-01,2026-02-01 13:50:00,553.51,553.51,553.5,553.5,-0.0,80.56,44291.77,-1
2026-02-01,2026-02-01 13:51:00,553.5,553.5,553.5,553.5,0.0,80.56,44291.77,0
2026-02-01,2026-02-01 13:52:00,553.5,553.5,553.49,553.49,-0.0,80.56,44291.77,-1
2026-02-01,2026-02-01 13:53:00,553.49,553.49,553.48,553.48,-0.0,80.56,44291.77,-1
2026-02-01,2026-02-01 13:54:00,553.48,553.48,553.47,553.47,-0.0,80.56,44291.77,-1
2026-02-01,2026-02-01 13:55:00,553.47,553.47,553.46,553.46,-0.0,80.56,44291.77,-1
2026-02-01,2026-02-01 13:56:00,553.46,553.46,553.45,553.45,-0.0,80.56,44291.77,-1
2026-02-01,2026-02-01 13:57:00,553.45,553.45,553.44,553.44,-0.0,80.56,44291.77,-1
2026-02-01,2026-02-01 13:58:00,553.44,553.44,553.43,553.43,-0.0,80.56,44291.77,-1
2026-02-01,2026-02-01 13:59:00,553.43,553.43,553.42,553.42,-0.0,80.56,44291.77,-1
2026-02-01,2026-02-01 14:00:00,553.42,553.42,553.42,553.42,0.0,80.56,44291.77,0
2026-02-01,2026-02-01 14:01:00,553.42,553.42,553.41,553.41,-0.0,80.56,44291.77,-1
2026-02-01,2026-02-01 14:02:00,553.41,553.41,553.4,553.4,-0.0,80.56,44291.77,-1
2026-02-01,2026-02-01 14:03:00,553.4,553.4,553.39,553.39,-0.0,80.56,44291.77,-1
2026-02-01,2026-02-01 14:04:00,553.39,553.39,553.38,553.38,-0.0,80.56,44291.77,-1
2026-02-01,2026-02-01 14:05:00,553.38,553.38,553.37,553.37,-0.0,80.56,44291.77,-1
2026-02-01,2026-02-01 14:06:00,553.37,553.37,553.36,553.36,-0.0,80.56,44291.77,-1
2026-02-01,2026-02-01 14:07:00,553.36,553.36,553.36,553.36,0.0,80.56,44291.77,0
2026-02-01,2026-02-01 14:08:00,553.36,553.36,553.35,553.35,-0.0,80.56,44291.77,-1
2026-02-01,2026-02-01 14:09:00,553.35,553.35,553.34,553.34,-0.0,80.56,44291.77,-1
2026-02-01,2026-02-01 14:10:00,553.34,553.34,553.33,553.33,-0.0,80.56,44291.77,-1
2026-02-01,2026-02-01 14:11:00,553.33,553.33,553.32,553.32,-0.0,80.56,44291.77,-1
2026-02-01,2026-02-01 14:12:00,553.32,553.32,553.31,553.31,-0.0,80.56,44291.77,-1
2026-02-01,2026-02-01 14:13:00,553.31,553.31,553.3,553.3,-0.0,80.56,44291.77,-1
2026-02-01,2026-02-01 14:14:00,553.3,553.3,553.29,553.29,-0.0,80.56,44291.77,-1
2026-02-01,2026-02-01 14:15:00,553.29,553.29,553.28,553.28,-0.0,80.56,44291.77,-1
2026-02-01,2026-02-01 14:16:00,553.28,553.28,553.28,553.28,0.0,80.56,44291.77,0
2026-02-01,2026-02-01 14:17:00,553.28,553.28,553.27,553.27,-0.0,80.56,44291.77,-1
2026-02-01,2026-02-01 14:18:00,553.27,553.27,553.26,553.26,-0.0,80.56,44291.77,-1
2026-02-01,2026-02-01 14:19:00,553.26,553.26,553.25,553.25,-0.0,80.56,44291.77,-1
2026-02-01,2026-02-01 14:20:00,553.25,553.25,553.24,553.24,-0.0,80.56,44291.77,-1
2026-02-01,2026-02-01 14:21:00,553.24,553.24,553.23,553.23,-0.0,80.56,44291.77,-1
2026-02-01,2026-02-01 14:22:00,553.23,553.23,553.22,553.22,-0.0,80.56,44291.77,-1
2026-02-01,2026-02-01 14:23:00,553.22,553.22,553.22,553.22,0.0,80.56,44291.77,0
2026-02-01,2026-02-01 14:24:00,553.22,553.22,553.21,553.21,-0.0,80.56,44291.77,-1
2026-02-01,2026-02-01 14:25:00,553.21,553.21,553.2,553.2,-0.0,80.56,44291.77,-1
2026-02-01,2026-02-01 14:26:00,553.2,553.2,553.19,553.19,-0.0,80.56,44291.77,-1
2026-02-01,2026-02-01 14:27:00,553.19,553.19,553.18,553.18,-0.0,80.56,44291.77,-1
2026-02-01,2026-02-01 14:28:00,553.18,553.18,553.17,553.17,-0.0,80.56,44291.77,-1
2026-02-01,2026-02-01 14:29:00,553.17,553.17,553.16,553.16,-0.0,80.56,44291.77,-1
2026-02-01,2026-02-01 14:30:00,553.16,553.16,553.15,553.15,-0.0,80.56,44291.77,-1
2026-02-01,2026-02-01 14:31:00,553.15,553.15,553.14,553.14,-0.0,80.56,44291.77,-1
2026-02-01,2026-02-01 14:32:00,553.14,553.14,553.14,553.14,0.0,80.56,44291.77,0
2026-02-01,2026-02-01 14:33:00,553.14,553.14,553.13,553.13,-0.0,80.56,44291.77,-1
2026-02-01,2026-02-01 14:34:00,553.13,553.13,553.12,553.12,-0.0,80.56,44291.77,-1
2026-02-01,2026-02-01 14:35:00,553.12,553.12,553.11,553.11,-0.0,80.56,44291.77,-1
2026-02-01,2026-02-01 14:36:00,553.11,553.11,553.1,553.1,-0.0,80.56,44291.77,-1
2026-02-01,2026-02-01 14:37:00,553.1,553.1,553.09,553.09,-0.0,80.56,44291.77,-1
2026-02-01,2026-02-01 14:38:00,553.09,553.09,553.08,553.08,-0.0,80.56,44291.77,-1
2026-02-01,2026-02-01 14:39:00,553.08,553.08,553.07,553.07,-0.0,80.56,44291.77,-1
2026-02-01,2026-02-01 14:40:00,553.07,553.07,553.07,553.07,0.0,80.56,44291.77,0
2026-02-01,2026-02-01 14:41:00,553.07,553.07,553.06,553.06,-0.0,80.56,44291.77,-1
2026-02-01,2026-02-01 14:42:00,553.06,553.06,553.05,553.05,-0.0,80.56,44291.77,-1
2026-02-01,2026-02-01 14:43:00,553.05,553.05,553.04,553.04,-0.0,80.56,44291.77,-1
2026-02-01,2026-02-01 14:44:00,553.04,553.04,553.03,553.03,-0.0,80.56,44291.77,-1
2026-02-01,2026-02-01 14:45:00,553.03,553.03,553.02,553.02,-0.0,80.56,44291.77,-1
2026-02-01,2026-02-01 14:46:00,553.02,553.02,553.01,553.01,-0.0,80.56,44291.77,-1
2026-02-01,2026-02-01 14:47:00,553.01,553.01,553.0,553.0,-0.0,80.56,44291.77,-1
2026-02-01,2026-02-01 14:48:00,553.0,553.0,553.0,553.0,0.0,80.56,44291.77,0
2026-02-01,2026-02-01 14:49:00,553.0,553.0,552.99,552.99,-0.0,80.56,44291.77,-1
2026-02-01,2026-02-01 14:50:00,552.99,552.99,552.98,552.98,-0.0,80.56,44291.77,-1
2026-02-01,2026-02-01 14:51:00,552.98,552.98,552.97,552.97,-0.0,80.56,44291.77,-1
2026-02-01,2026-02-01 14:52:00,552.97,552.97,552.96,552.96,-0.0,80.56,44291.77,-1
2026-02-01,2026-02-01 14:53:00,552.96,552.96,552.95,552.95,-0.0,80.56,44291.77,-1
2026-02-01,2026-02-01 14:54:00,552.95,552.95,552.94,552.94,-0.0,80.56,44291.77,-1
2026-02-01,2026-02-01 14:55:00,552.94,552.94,552.93,552.93,-0.0,80.56,44291.77,-1
2026-02-01,2026-02-01 14:56:00,552.93,552.93,552.93,552.93,0.0,80.56,44291.77,0
2026-02-01,2026-02-01 14:57:00,552.93,552.93,552.92,552.92,-0.0,80.56,44291.77,-1
2026-02-01,2026-02-01 14:58:00,552.92,552.92,552.91,552.91,-0.0,80.56,44291.77,-1
2026-02-01,2026-02-01 14:59:00,552.91,552.91,552.9,552.9,-0.0,80.56,44291.77,-1
2026-02-01,2026-02-01 15:00:00,552.9,561.0,543.0,552.9,0.0,80.56,44291.77,0
2026-02-02,2026-02-02 11:00:00,551.0,551.0,545.6,550.95,-0.01,61.67,33527.38,-1
2026-02-02,2026-02-02 11:01:00,550.95,550.95,550.91,550.91,-0.01,61.67,33527.38,-1
2026-02-02,2026-02-02 11:02:00,550.91,550.91,550.86,550.86,-0.01,61.67,33527.38,-1
2026-02-02,2026-02-02 11:03:00,550.86,550.86,550.82,550.82,-0.01,61.67,33527.38,-1
2026-02-02,2026-02-02 11:04:00,550.82,550.82,550.77,550.77,-0.01,61.67,33527.38,-1
2026-02-02,2026-02-02 11:05:00,550.77,550.77,550.73,550.73,-0.01,61.67,33527.38,-1
2026-02-02,2026-02-02 11:06:00,550.73,550.73,550.68,550.68,-0.01,61.67,33527.38,-1
2026-02-02,2026-02-02 11:07:00,550.68,550.68,550.64,550.64,-0.01,61.67,33527.38,-1
2026-02-02,2026-02-02 11:08:00,550.64,550.64,550.59,550.59,-0.01,61.67,33527.38,-1
2026-02-02,2026-02-02 11:09:00,550.59,550.59,550.55,550.55,-0.01,61.67,33527.38,-1
2026-02-02,2026-02-02 11:10:00,550.55,550.55,550.5,550.5,-0.01,61.67,33527.38,-1
2026-02-02,2026-02-02 11:11:00,550.5,550.5,550.46,550.46,-0.01,61.67,33527.38,-1
2026-02-02,2026-02-02 11:12:00,550.46,550.46,550.41,550.41,-0.01,61.67,33527.38,-1
2026-02-02,2026-02-02 11:13:00,550.41,550.41,550.36,550.36,-0.01,61.67,33527.38,-1
2026-02-02,2026-02-02 11:14:00,550.36,550.36,550.32,550.32,-0.01,61.67,33527.38,-1
2026-02-02,2026-02-02 11:15:00,550.32,550.32,550.27,550.27,-0.01,61.67,33527.38,-1
2026-02-02,2026-02-02 11:16:00,550.27,550.27,550.23,550.23,-0.01,61.67,33527.38,-1
2026-02-02,2026-02-02 11:17:00,550.23,550.23,550.18,550.18,-0.01,61.67,33527.38,-1
2026-02-02,2026-02-02 11:18:00,550.18,550.18,550.14,550.14,-0.01,61.67,33527.38,-1
2026-02-02,2026-02-02 11:19:00,550.14,550.14,550.09,550.09,-0.01,61.67,33527.38,-1
2026-02-02,2026-02-02 11:20:00,550.09,550.09,550.05,550.05,-0.01,61.67,33527.38,-1
2026-02-02,2026-02-02 11:21:00,550.05,550.05,550.0,550.0,-0.01,61.67,33527.38,-1
2026-02-02,2026-02-02 11:22:00,550.0,550.0,549.96,549.96,-0.01,61.67,33527.38,-1
2026-02-02,2026-02-02 11:23:00,549.96,549.96,549.91,549.91,-0.01,61.67,33527.38,-1
2026-02-02,2026-02-02 11:24:00,549.91,549.91,549.86,549.86,-0.01,61.67,33527.38,-1
2026-02-02,2026-02-02 11:25:00,549.86,549.86,549.82,549.82,-0.01,61.67,33527.38,-1
2026-02-02,2026-02-02 11:26:00,549.82,549.82,549.77,549.77,-0.01,61.67,33527.38,-1
2026-02-02,2026-02-02 11:27:00,549.77,549.77,549.73,549.73,-0.01,61.67,33527.38,-1
2026-02-02,2026-02-02 11:28:00,549.73,549.73,549.68,549.68,-0.01,61.67,33527.38,-1
2026-02-02,2026-02-02 11:29:00,549.68,549.68,549.64,549.64,-0.01,61.67,33527.38,-1
2026-02-02,2026-02-02 11:30:00,549.64,549.64,549.59,549.59,-0.01,61.67,33527.38,-1
2026-02-02,2026-02-02 11:31:00,549.59,549.59,549.55,549.55,-0.01,61.67,33527.38,-1
2026-02-02,2026-02-02 11:32:00,549.55,549.55,549.5,549.5,-0.01,61.67,33527.38,-1
2026-02-02,2026-02-02 11:33:00,549.5,549.5,549.46,549.46,-0.01,61.67,33527.38,-1
2026-02-02,2026-02-02 11:34:00,549.46,549.46,549.41,549.41,-0.01,61.67,33527.38,-1
2026-02-02,2026-02-02 11:35:00,549.41,549.41,549.37,549.37,-0.01,61.67,33527.38,-1
2026-02-02,2026-02-02 11:36:00,549.37,549.37,549.32,549.32,-0.01,61.67,33527.38,-1
2026-02-02,2026-02-02 11:37:00,549.32,549.32,549.27,549.27,-0.01,61.67,33527.38,-1
2026-02-02,2026-02-02 11:38:00,549.27,549.27,549.23,549.23,-0.01,61.67,33527.38,-1
2026-02-02,2026-02-02 11:39:00,549.23,549.23,549.18,549.18,-0.01,61.67,33527.38,-1
2026-02-02,2026-02-02 11:40:00,549.18,549.18,549.14,549.14,-0.01,61.67,33527.38,-1
2026-02-02,2026-02-02 11:41:00,549.14,549.14,549.09,549.09,-0.01,61.67,33527.38,-1
2026-02-02,2026-02-02 11:42:00,549.09,549.09,549.05,549.05,-0.01,61.67,33527.38,-1
2026-02-02,2026-02-02 11:43:00,549.05,549.05,549.0,549.0,-0.01,61.67,33527.38,-1
2026-02-02,2026-02-02 11:44:00,549.0,549.0,548.96,548.96,-0.01,61.67,33527.38,-1
2026-02-02,2026-02-02 11:45:00,548.96,548.96,548.91,548.91,-0.01,61.67,33527.38,-1
2026-02-02,2026-02-02 11:46:00,548.91,548.91,548.87,548.87,-0.01,61.67,33527.38,-1
2026-02-02,2026-02-02 11:47:00,548.87,548.87,548.82,548.82,-0.01,61.67,33527.38,-1
2026-02-02,2026-02-02 11:48:00,548.82,548.82,548.77,548.77,-0.01,61.67,33527.38,-1
2026-02-02,2026-02-02 11:49:00,548.77,548.77,548.73,548.73,-0.01,61.67,33527.38,-1
2026-02-02,2026-02-02 11:50:00,548.73,548.73,548.68,548.68,-0.01,61.67,33527.38,-1
2026-02-02,2026-02-02 11:51:00,548.68,548.68,548.64,548.64,-0.01,61.67,33527.38,-1
2026-02-02,2026-02-02 11:52:00,548.64,548.64,548.59,548.59,-0.01,61.67,33527.38,-1
2026-02-02,2026-02-02 11:53:00,548.59,548.59,548.55,548.55,-0.01,61.67,33527.38,-1
2026-02-02,2026-02-02 11:54:00,548.55,548.55,548.5,548.5,-0.01,61.67,33527.38,-1
2026-02-02,2026-02-02 11:55:00,548.5,548.5,548.46,548.46,-0.01,61.67,33527.38,-1
2026-02-02,2026-02-02 11:56:00,548.46,548.46,548.41,548.41,-0.01,61.67,33527.38,-1
2026-02-02,2026-02-02 11:57:00,548.41,548.41,548.37,548.37,-0.01,61.67,33527.38,-1
2026-02-02,2026-02-02 11:58:00,548.37,548.37,548.32,548.32,-0.01,61.67,33527.38,-1
2026-02-02,2026-02-02 11:59:00,548.32,548.32,548.27,548.27,-0.01,61.67,33527.38,-1
2026-02-02,2026-02-02 12:00:00,548.27,548.27,548.23,548.23,-0.01,61.67,33527.38,-1
2026-02-02,2026-02-02 12:01:00,548.23,548.23,548.18,548.18,-0.01,61.67,33527.38,-1
2026-02-02,2026-02-02 12:02:00,548.18,548.18,548.14,548.14,-0.01,61.67,33527.38,-1
2026-02-02,2026-02-02 12:03:00,548.14,548.14,548.09,548.09,-0.01,61.67,33527.38,-1
2026-02-02,2026-02-02 12:04:00,548.09,548.09,548.05,548.05,-0.01,61.67,33527.38,-1
2026-02-02,2026-02-02 12:05:00,548.05,548.05,548.0,548.0,-0.01,61.67,33527.38,-1
2026-02-02,2026-02-02 12:06:00,548.0,548.0,547.96,547.96,-0.01,61.67,33527.38,-1
2026-02-02,2026-02-02 12:07:00,547.96,547.96,547.91,547.91,-0.01,61.67,33527.38,-1
2026-02-02,2026-02-02 12:08:00,547.91,547.91,547.87,547.87,-0.01,61.67,33527.38,-1
2026-02-02,2026-02-02 12:09:00,547.87,547.87,547.82,547.82,-0.01,61.67,33527.38,-1
2026-02-02,2026-02-02 12:10:00,547.82,547.82,547.78,547.78,-0.01,61.67,33527.38,-1
2026-02-02,2026-02-02 12:11:00,547.78,547.78,547.73,547.73,-0.01,61.67,33527.38,-1
2026-02-02,2026-02-02 12:12:00,547.73,547.73,547.68,547.68,-0.01,61.67,33527.38,-1
2026-02-02,2026-02-02 12:13:00,547.68,547.68,547.64,547.64,-0.01,61.67,33527.38,-1
2026-02-02,2026-02-02 12:14:00,547.64,547.64,547.59,547.59,-0.01,61.67,33527.38,-1
2026-02-02,2026-02-02 12:15:00,547.59,547.59,547.55,547.55,-0.01,61.67,33527.38,-1
2026-02-02,2026-02-02 12:16:00,547.55,547.55,547.5,547.5,-0.01,61.67,33527.38,-1
2026-02-02,2026-02-02 12:17:00,547.5,547.5,547.46,547.46,-0.01,61.67,33527.38,-1
2026-02-02,2026-02-02 12:18:00,547.46,547.46,547.41,547.41,-0.01,61.67,33527.38,-1
2026-02-02,2026-02-02 12:19:00,547.41,547.41,547.37,547.37,-0.01,61.67,33527.38,-1
2026-02-02,2026-02-02 12:20:00,547.37,547.37,547.32,547.32,-0.01,61.67,33527.38,-1
2026-02-02,2026-02-02 12:21:00,547.32,547.32,547.28,547.28,-0.01,61.67,33527.38,-1
2026-02-02,2026-02-02 12:22:00,547.28,547.28,547.23,547.23,-0.01,61.67,33527.38,-1
2026-02-02,2026-02-02 12:23:00,547.23,547.23,547.19,547.19,-0.01,61.67,33527.38,-1
2026-02-02,2026-02-02 12:24:00,547.19,547.19,547.14,547.14,-0.01,61.67,33527.38,-1
2026-02-02,2026-02-02 12:25:00,547.14,547.14,547.09,547.09,-0.01,61.67,33527.38,-1
2026-02-02,2026-02-02 12:26:00,547.09,547.09,547.05,547.05,-0.01,61.67,33527.38,-1
2026-02-02,2026-02-02 12:27:00,547.05,547.05,547.0,547.0,-0.01,61.67,33527.38,-1
2026-02-02,2026-02-02 12:28:00,547.0,547.0,546.96,546.96,-0.01,61.67,33527.38,-1
2026-02-02,2026-02-02 12:29:00,546.96,546.96,546.91,546.91,-0.01,61.67,33527.38,-1
2026-02-02,2026-02-02 12:30:00,546.91,546.91,546.87,546.87,-0.01,61.67,33527.38,-1
2026-02-02,2026-02-02 12:31:00,546.87,546.87,546.82,546.82,-0.01,61.67,33527.38,-1
2026-02-02,2026-02-02 12:32:00,546.82,546.82,546.78,546.78,-0.01,61.67,33527.38,-1
2026-02-02,2026-02-02 12:33:00,546.78,546.78,546.73,546.73,-0.01,61.67,33527.38,-1
2026-02-02,2026-02-02 12:34:00,546.73,546.73,546.69,546.69,-0.01,61.67,33527.38,-1
2026-02-02,2026-02-02 12:35:00,546.69,546.69,546.64,546.64,-0.01,61.67,33527.38,-1
2026-02-02,2026-02-02 12:36:00,546.64,546.64,546.59,546.59,-0.01,61.67,33527.38,-1
2026-02-02,2026-02-02 12:37:00,546.59,546.59,546.55,546.55,-0.01,61.67,33527.38,-1
2026-02-02,2026-02-02 12:38:00,546.55,546.55,546.5,546.5,-0.01,61.67,33527.38,-1
2026-02-02,2026-02-02 12:39:00,546.5,546.5,546.46,546.46,-0.01,61.67,33527.38,-1
2026-02-02,2026-02-02 12:40:00,546.46,546.46,546.41,546.41,-0.01,61.67,33527.38,-1
2026-02-02,2026-02-02 12:41:00,546.41,546.41,546.37,546.37,-0.01,61.67,33527.38,-1
2026-02-02,2026-02-02 12:42:00,546.37,546.37,546.32,546.32,-0.01,61.67,33527.38,-1
2026-02-02,2026-02-02 12:43:00,546.32,546.32,546.28,546.28,-0.01,61.67,33527.38,-1
2026-02-02,2026-02-02 12:44:00,546.28,546.28,546.23,546.23,-0.01,61.67,33527.38,-1
2026-02-02,2026-02-02 12:45:00,546.23,546.23,546.19,546.19,-0.01,61.67,33527.38,-1
2026-02-02,2026-02-02 12:46:00,546.19,546.19,546.14,546.14,-0.01,61.67,33527.38,-1
2026-02-02,2026-02-02 12:47:00,546.14,546.14,546.1,546.1,-0.01,61.67,33527.38,-1
2026-02-02,2026-02-02 12:48:00,546.1,546.1,546.05,546.05,-0.01,61.67,33527.38,-1
2026-02-02,2026-02-02 12:49:00,546.05,546.05,546.0,546.0,-0.01,61.67,33527.38,-1
2026-02-02,2026-02-02 12:50:00,546.0,546.0,545.96,545.96,-0.01,61.67,33527.38,-1
2026-02-02,2026-02-02 12:51:00,545.96,545.96,545.91,545.91,-0.01,61.67,33527.38,-1
2026-02-02,2026-02-02 12:52:00,545.91,545.91,545.87,545.87,-0.01,61.67,33527.38,-1
2026-02-02,2026-02-02 12:53:00,545.87,545.87,545.82,545.82,-0.01,61.67,33527.38,-1
2026-02-02,2026-02-02 12:54:00,545.82,545.82,545.78,545.78,-0.01,61.67,33527.38,-1
2026-02-02,2026-02-02 12:55:00,545.78,545.78,545.73,545.73,-0.01,61.67,33527.38,-1
2026-02-02,2026-02-02 12:56:00,545.73,545.73,545.69,545.69,-0.01,61.67,33527.38,-1
2026-02-02,2026-02-02 12:57:00,545.69,545.69,545.64,545.64,-0.01,61.67,33527.38,-1
2026-02-02,2026-02-02 12:58:00,545.64,545.64,545.6,545.6,-0.01,61.67,33527.38,-1
2026-02-02,2026-02-02 12:59:00,545.6,545.6,545.55,545.55,-0.01,61.67,33527.38,-1
2026-02-02,2026-02-02 13:00:00,545.55,551.0,533.0,545.5,-0.01,61.67,33527.38,-1
2026-02-02,2026-02-02 13:01:00,545.5,545.5,545.46,545.46,-0.01,61.67,33527.38,-1
2026-02-02,2026-02-02 13:02:00,545.46,545.46,545.41,545.41,-0.01,61.67,33527.38,-1
2026-02-02,2026-02-02 13:03:00,545.41,545.41,545.37,545.37,-0.01,61.67,33527.38,-1
2026-02-02,2026-02-02 13:04:00,545.37,545.37,545.32,545.32,-0.01,61.67,33527.38,-1
2026-02-02,2026-02-02 13:05:00,545.32,545.32,545.28,545.28,-0.01,61.67,33527.38,-1
2026-02-02,2026-02-02 13:06:00,545.28,545.28,545.23,545.23,-0.01,61.67,33527.38,-1
2026-02-02,2026-02-02 13:07:00,545.23,545.23,545.19,545.19,-0.01,61.67,33527.38,-1
2026-02-02,2026-02-02 13:08:00,545.19,545.19,545.14,545.14,-0.01,61.67,33527.38,-1
2026-02-02,2026-02-02 13:09:00,545.14,545.14,545.1,545.1,-0.01,61.67,33527.38,-1
2026-02-02,2026-02-02 13:10:00,545.1,545.1,545.05,545.05,-0.01,61.67,33527.38,-1
2026-02-02,2026-02-02 13:11:00,545.05,545.05,545.0,545.0,-0.01,61.67,33527.38,-1
2026-02-02,2026-02-02 13:12:00,545.0,545.0,544.96,544.96,-0.01,61.67,33527.38,-1
2026-02-02,2026-02-02 13:13:00,544.96,544.96,544.91,544.91,-0.01,61.67,33527.38,-1
2026-02-02,2026-02-02 13:14:00,544.91,544.91,544.87,544.87,-0.01,61.67,33527.38,-1
2026-02-02,2026-02-02 13:15:00,544.87,544.87,544.82,544.82,-0.01,61.67,33527.38,-1
2026-02-02,2026-02-02 13:16:00,544.82,544.82,544.78,544.78,-0.01,61.67,33527.38,-1
2026-02-02,2026-02-02 13:17:00,544.78,544.78,544.73,544.73,-0.01,61.67,33527.38,-1
2026-02-02,2026-02-02 13:18:00,544.73,544.73,544.69,544.69,-0.01,61.67,33527.38,-1
2026-02-02,2026-02-02 13:19:00,544.69,544.69,544.64,544.64,-0.01,61.67,33527.38,-1
2026-02-02,2026-02-02 13:20:00,544.64,544.64,544.6,544.6,-0.01,61.67,33527.38,-1
2026-02-02,2026-02-02 13:21:00,544.6,544.6,544.55,544.55,-0.01,61.67,33527.38,-1
2026-02-02,2026-02-02 13:22:00,544.55,544.55,544.51,544.51,-0.01,61.67,33527.38,-1
2026-02-02,2026-02-02 13:23:00,544.51,544.51,544.46,544.46,-0.01,61.67,33527.38,-1
2026-02-02,2026-02-02 13:24:00,544.46,544.46,544.41,544.41,-0.01,61.67,33527.38,-1
2026-02-02,2026-02-02 13:25:00,544.41,544.41,544.37,544.37,-0.01,61.67,33527.38,-1
2026-02-02,2026-02-02 13:26:00,544.37,544.37,544.32,544.32,-0.01,61.67,33527.38,-1
2026-02-02,2026-02-02 13:27:00,544.32,544.32,544.28,544.28,-0.01,61.67,33527.38,-1
2026-02-02,2026-02-02 13:28:00,544.28,544.28,544.23,544.23,-0.01,61.67,33527.38,-1
2026-02-02,2026-02-02 13:29:00,544.23,544.23,544.19,544.19,-0.01,61.67,33527.38,-1
2026-02-02,2026-02-02 13:30:00,544.19,544.19,544.14,544.14,-0.01,61.67,33527.38,-1
2026-02-02,2026-02-02 13:31:00,544.14,544.14,544.1,544.1,-0.01,61.67,33527.38,-1
2026-02-02,2026-02-02 13:32:00,544.1,544.1,544.05,544.05,-0.01,61.67,33527.38,-1
2026-02-02,2026-02-02 13:33:00,544.05,544.05,544.01,544.01,-0.01,61.67,33527.38,-1
2026-02-02,2026-02-02 13:34:00,544.01,544.01,543.96,543.96,-0.01,61.67,33527.38,-1
2026-02-02,2026-02-02 13:35:00,543.96,543.96,543.91,543.91,-0.01,61.67,33527.38,-1
2026-02-02,2026-02-02 13:36:00,543.91,543.91,543.87,543.87,-0.01,61.67,33527.38,-1
2026-02-02,2026-02-02 13:37:00,543.87,543.87,543.82,543.82,-0.01,61.67,33527.38,-1
2026-02-02,2026-02-02 13:38:00,543.82,543.82,543.78,543.78,-0.01,61.67,33527.38,-1
2026-02-02,2026-02-02 13:39:00,543.78,543.78,543.73,543.73,-0.01,61.67,33527.38,-1
2026-02-02,2026-02-02 13:40:00,543.73,543.73,543.69,543.69,-0.01,61.67,33527.38,-1
2026-02-02,2026-02-02 13:41:00,543.69,543.69,543.64,543.64,-0.01,61.67,33527.38,-1
2026-02-02,2026-02-02 13:42:00,543.64,543.64,543.6,543.6,-0.01,61.67,33527.38,-1
2026-02-02,2026-02-02 13:43:00,543.6,543.6,543.55,543.55,-0.01,61.67,33527.38,-1
2026-02-02,2026-02-02 13:44:00,543.55,543.55,543.51,543.51,-0.01,61.67,33527.38,-1
2026-02-02,2026-02-02 13:45:00,543.51,543.51,543.46,543.46,-0.01,61.67,33527.38,-1
2026-02-02,2026-02-02 13:46:00,543.46,543.46,543.42,543.42,-0.01,61.67,33527.38,-1
2026-02-02,2026-02-02 13:47:00,543.42,543.42,543.37,543.37,-0.01,61.67,33527.38,-1
2026-02-02,2026-02-02 13:48:00,543.37,543.37,543.32,543.32,-0.01,61.67,33527.38,-1
2026-02-02,2026-02-02 13:49:00,543.32,543.32,543.28,543.28,-0.01,61.67,33527.38,-1
2026-02-02,2026-02-02 13:50:00,543.28,543.28,543.23,543.23,-0.01,61.67,33527.38,-1
2026-02-02,2026-02-02 13:51:00,543.23,543.23,543.19,543.19,-0.01,61.67,33527.38,-1
2026-02-02,2026-02-02 13:52:00,543.19,543.19,543.14,543.14,-0.01,61.67,33527.38,-1
2026-02-02,2026-02-02 13:53:00,543.14,543.14,543.1,543.1,-0.01,61.67,33527.38,-1
2026-02-02,2026-02-02 13:54:00,543.1,543.1,543.05,543.05,-0.01,61.67,33527.38,-1
2026-02-02,2026-02-02 13:55:00,543.05,543.05,543.01,543.01,-0.01,61.67,33527.38,-1
2026-02-02,2026-02-02 13:56:00,543.01,543.01,542.96,542.96,-0.01,61.67,33527.38,-1
2026-02-02,2026-02-02 13:57:00,542.96,542.96,542.92,542.92,-0.01,61.67,33527.38,-1
2026-02-02,2026-02-02 13:58:00,542.92,542.92,542.87,542.87,-0.01,61.67,33527.38,-1
2026-02-02,2026-02-02 13:59:00,542.87,542.87,542.83,542.83,-0.01,61.67,33527.38,-1
2026-02-02,2026-02-02 14:00:00,542.83,542.83,542.78,542.78,-0.01,61.67,33527.38,-1
2026-02-02,2026-02-02 14:01:00,542.78,542.78,542.73,542.73,-0.01,61.67,33527.38,-1
2026-02-02,2026-02-02 14:02:00,542.73,542.73,542.69,542.69,-0.01,61.67,33527.38,-1
2026-02-02,2026-02-02 14:03:00,542.69,542.69,542.64,542.64,-0.01,61.67,33527.38,-1
2026-02-02,2026-02-02 14:04:00,542.64,542.64,542.6,542.6,-0.01,61.67,33527.38,-1
2026-02-02,2026-02-02 14:05:00,542.6,542.6,542.55,542.55,-0.01,61.67,33527.38,-1
2026-02-02,2026-02-02 14:06:00,542.55,542.55,542.51,542.51,-0.01,61.67,33527.38,-1
2026-02-02,2026-02-02 14:07:00,542.51,542.51,542.46,542.46,-0.01,61.67,33527.38,-1
2026-02-02,2026-02-02 14:08:00,542.46,542.46,542.42,542.42,-0.01,61.67,33527.38,-1
2026-02-02,2026-02-02 14:09:00,542.42,542.42,542.37,542.37,-0.01,61.67,33527.38,-1
2026-02-02,2026-02-02 14:10:00,542.37,542.37,542.33,542.33,-0.01,61.67,33527.38,-1
2026-02-02,2026-02-02 14:11:00,542.33,542.33,542.28,542.28,-0.01,61.67,33527.38,-1
2026-02-02,2026-02-02 14:12:00,542.28,542.28,542.23,542.23,-0.01,61.67,33527.38,-1
2026-02-02,2026-02-02 14:13:00,542.23,542.23,542.19,542.19,-0.01,61.67,33527.38,-1
2026-02-02,2026-02-02 14:14:00,542.19,542.19,542.14,542.14,-0.01,61.67,33527.38,-1
2026-02-02,2026-02-02 14:15:00,542.14,542.14,542.1,542.1,-0.01,61.67,33527.38,-1
2026-02-02,2026-02-02 14:16:00,542.1,542.1,542.05,542.05,-0.01,61.67,33527.38,-1
2026-02-02,2026-02-02 14:17:00,542.05,542.05,542.01,542.01,-0.01,61.67,33527.38,-1
2026-02-02,2026-02-02 14:18:00,542.01,542.01,541.96,541.96,-0.01,61.67,33527.38,-1
2026-02-02,2026-02-02 14:19:00,541.96,541.96,541.92,541.92,-0.01,61.67,33527.38,-1
2026-02-02,2026-02-02 14:20:00,541.92,541.92,541.87,541.87,-0.01,61.67,33527.38,-1
2026-02-02,2026-02-02 14:21:00,541.87,541.87,541.83,541.83,-0.01,61.67,33527.38,-1
2026-02-02,2026-02-02 14:22:00,541.83,541.83,541.78,541.78,-0.01,61.67,33527.38,-1
2026-02-02,2026-02-02 14:23:00,541.78,541.78,541.74,541.74,-0.01,61.67,33527.38,-1
2026-02-02,2026-02-02 14:24:00,541.74,541.74,541.69,541.69,-0.01,61.67,33527.38,-1
2026-02-02,2026-02-02 14:25:00,541.69,541.69,541.64,541.64,-0.01,61.67,33527.38,-1
2026-02-02,2026-02-02 14:26:00,541.64,541.64,541.6,541.6,-0.01,61.67,33527.38,-1
2026-02-02,2026-02-02 14:27:00,541.6,541.6,541.55,541.55,-0.01,61.67,33527.38,-1
2026-02-02,2026-02-02 14:28:00,541.55,541.55,541.51,541.51,-0.01,61.67,33527.38,-1
2026-02-02,2026-02-02 14:29:00,541.51,541.51,541.46,541.46,-0.01,61.67,33527.38,-1
2026-02-02,2026-02-02 14:30:00,541.46,541.46,541.42,541.42,-0.01,61.67,33527.38,-1
2026-02-02,2026-02-02 14:31:00,541.42,541.42,541.37,541.37,-0.01,61.67,33527.38,-1
2026-02-02,2026-02-02 14:32:00,541.37,541.37,541.33,541.33,-0.01,61.67,33527.38,-1
2026-02-02,2026-02-02 14:33:00,541.33,541.33,541.28,541.28,-0.01,61.67,33527.38,-1
2026-02-02,2026-02-02 14:34:00,541.28,541.28,541.24,541.24,-0.01,61.67,33527.38,-1
2026-02-02,2026-02-02 14:35:00,541.24,541.24,541.19,541.19,-0.01,61.67,33527.38,-1
2026-02-02,2026-02-02 14:36:00,541.19,541.19,541.14,541.14,-0.01,61.67,33527.38,-1
2026-02-02,2026-02-02 14:37:00,541.14,541.14,541.1,541.1,-0.01,61.67,33527.38,-1
2026-02-02,2026-02-02 14:38:00,541.1,541.1,541.05,541.05,-0.01,61.67,33527.38,-1
2026-02-02,2026-02-02 14:39:00,541.05,541.05,541.01,541.01,-0.01,61.67,33527.38,-1
2026-02-02,2026-02-02 14:40:00,541.01,541.01,540.96,540.96,-0.01,61.67,33527.38,-1
2026-02-02,2026-02-02 14:41:00,540.96,540.96,540.92,540.92,-0.01,61.67,33527.38,-1
2026-02-02,2026-02-02 14:42:00,540.92,540.92,540.87,540.87,-0.01,61.67,33527.38,-1
2026-02-02,2026-02-02 14:43:00,540.87,540.87,540.83,540.83,-0.01,61.67,33527.38,-1
2026-02-02,2026-02-02 14:44:00,540.83,540.83,540.78,540.78,-0.01,61.67,33527.38,-1
2026-02-02,2026-02-02 14:45:00,540.78,540.78,540.74,540.74,-0.01,61.67,33527.38,-1
2026-02-02,2026-02-02 14:46:00,540.74,540.74,540.69,540.69,-0.01,61.67,33527.38,-1
2026-02-02,2026-02-02 14:47:00,540.69,540.69,540.64,540.64,-0.01,61.67,33527.38,-1
2026-02-02,2026-02-02 14:48:00,540.64,540.64,540.6,540.6,-0.01,61.67,33527.38,-1
2026-02-02,2026-02-02 14:49:00,540.6,540.6,540.55,540.55,-0.01,61.67,33527.38,-1
2026-02-02,2026-02-02 14:50:00,540.55,540.55,540.51,540.51,-0.01,61.67,33527.38,-1
2026-02-02,2026-02-02 14:51:00,540.51,540.51,540.46,540.46,-0.01,61.67,33527.38,-1
2026-02-02,2026-02-02 14:52:00,540.46,540.46,540.42,540.42,-0.01,61.67,33527.38,-1
2026-02-02,2026-02-02 14:53:00,540.42,540.42,540.37,540.37,-0.01,61.67,33527.38,-1
2026-02-02,2026-02-02 14:54:00,540.37,540.37,540.33,540.33,-0.01,61.67,33527.38,-1
2026-02-02,2026-02-02 14:55:00,540.33,540.33,540.28,540.28,-0.01,61.67,33527.38,-1
2026-02-02,2026-02-02 14:56:00,540.28,540.28,540.24,540.24,-0.01,61.67,33527.38,-1
2026-02-02,2026-02-02 14:57:00,540.24,540.24,540.19,540.19,-0.01,61.67,33527.38,-1
2026-02-02,2026-02-02 14:58:00,540.19,540.19,540.15,540.15,-0.01,61.67,33527.38,-1
2026-02-02,2026-02-02 14:59:00,540.15,540.15,540.1,540.1,-0.01,61.67,33527.38,-1
2026-02-02,2026-02-02 15:00:00,540.1,551.0,533.0,540.1,0.0,61.67,33527.38,0
2026-02-03,2026-02-03 11:00:00,545.0,546.2,540.5,544.96,-0.01,59.28,31819.52,-1
2026-02-03,2026-02-03 11:01:00,544.96,544.96,544.92,544.92,-0.01,59.28,31819.52,-1
2026-02-03,2026-02-03 11:02:00,544.92,544.92,544.88,544.88,-0.01,59.28,31819.52,-1
2026-02-03,2026-02-03 11:03:00,544.88,544.88,544.83,544.83,-0.01,59.28,31819.52,-1
2026-02-03,2026-02-03 11:04:00,544.83,544.83,544.79,544.79,-0.01,59.28,31819.52,-1
2026-02-03,2026-02-03 11:05:00,544.79,544.79,544.75,544.75,-0.01,59.28,31819.52,-1
2026-02-03,2026-02-03 11:06:00,544.75,544.75,544.71,544.71,-0.01,59.28,31819.52,-1
2026-02-03,2026-02-03 11:07:00,544.71,544.71,544.67,544.67,-0.01,59.28,31819.52,-1
2026-02-03,2026-02-03 11:08:00,544.67,544.67,544.62,544.62,-0.01,59.28,31819.52,-1
2026-02-03,2026-02-03 11:09:00,544.62,544.62,544.58,544.58,-0.01,59.28,31819.52,-1
2026-02-03,2026-02-03 11:10:00,544.58,544.58,544.54,544.54,-0.01,59.28,31819.52,-1
2026-02-03,2026-02-03 11:11:00,544.54,544.54,544.5,544.5,-0.01,59.28,31819.52,-1
2026-02-03,2026-02-03 11:12:00,544.5,544.5,544.46,544.46,-0.01,59.28,31819.52,-1
2026-02-03,2026-02-03 11:13:00,544.46,544.46,544.42,544.42,-0.01,59.28,31819.52,-1
2026-02-03,2026-02-03 11:14:00,544.42,544.42,544.38,544.38,-0.01,59.28,31819.52,-1
2026-02-03,2026-02-03 11:15:00,544.38,544.38,544.33,544.33,-0.01,59.28,31819.52,-1
2026-02-03,2026-02-03 11:16:00,544.33,544.33,544.29,544.29,-0.01,59.28,31819.52,-1
2026-02-03,2026-02-03 11:17:00,544.29,544.29,544.25,544.25,-0.01,59.28,31819.52,-1
2026-02-03,2026-02-03 11:18:00,544.25,544.25,544.21,544.21,-0.01,59.28,31819.52,-1
2026-02-03,2026-02-03 11:19:00,544.21,544.21,544.17,544.17,-0.01,59.28,31819.52,-1
2026-02-03,2026-02-03 11:20:00,544.17,544.17,544.12,544.12,-0.01,59.28,31819.52,-1
2026-02-03,2026-02-03 11:21:00,544.12,544.12,544.08,544.08,-0.01,59.28,31819.52,-1
2026-02-03,2026-02-03 11:22:00,544.08,544.08,544.04,544.04,-0.01,59.28,31819.52,-1
2026-02-03,2026-02-03 11:23:00,544.04,544.04,544.0,544.0,-0.01,59.28,31819.52,-1
2026-02-03,2026-02-03 11:24:00,544.0,544.0,543.96,543.96,-0.01,59.28,31819.52,-1
2026-02-03,2026-02-03 11:25:00,543.96,543.96,543.92,543.92,-0.01,59.28,31819.52,-1
2026-02-03,2026-02-03 11:26:00,543.92,543.92,543.88,543.88,-0.01,59.28,31819.52,-1
2026-02-03,2026-02-03 11:27:00,543.88,543.88,543.83,543.83,-0.01,59.28,31819.52,-1
2026-02-03,2026-02-03 11:28:00,543.83,543.83,543.79,543.79,-0.01,59.28,31819.52,-1
2026-02-03,2026-02-03 11:29:00,543.79,543.79,543.75,543.75,-0.01,59.28,31819.52,-1
2026-02-03,2026-02-03 11:30:00,543.75,543.75,543.71,543.71,-0.01,59.28,31819.52,-1
2026-02-03,2026-02-03 11:31:00,543.71,543.71,543.67,543.67,-0.01,59.28,31819.52,-1
2026-02-03,2026-02-03 11:32:00,543.67,543.67,543.62,543.62,-0.01,59.28,31819.52,-1
2026-02-03,2026-02-03 11:33:00,543.62,543.62,543.58,543.58,-0.01,59.28,31819.52,-1
2026-02-03,2026-02-03 11:34:00,543.58,543.58,543.54,543.54,-0.01,59.28,31819.52,-1
2026-02-03,2026-02-03 11:35:00,543.54,543.54,543.5,543.5,-0.01,59.28,31819.52,-1
2026-02-03,2026-02-03 11:36:00,543.5,543.5,543.46,543.46,-0.01,59.28,31819.52,-1
2026-02-03,2026-02-03 11:37:00,543.46,543.46,543.42,543.42,-0.01,59.28,31819.52,-1
2026-02-03,2026-02-03 11:38:00,543.42,543.42,543.38,543.38,-0.01,59.28,31819.52,-1
2026-02-03,2026-02-03 11:39:00,543.38,543.38,543.33,543.33,-0.01,59.28,31819.52,-1
2026-02-03,2026-02-03 11:40:00,543.33,543.33,543.29,543.29,-0.01,59.28,31819.52,-1
2026-02-03,2026-02-03 11:41:00,543.29,543.29,543.25,543.25,-0.01,59.28,31819.52,-1
2026-02-03,2026-02-03 11:42:00,543.25,543.25,543.21,543.21,-0.01,59.28,31819.52,-1
2026-02-03,2026-02-03 11:43:00,543.21,543.21,543.17,543.17,-0.01,59.28,31819.52,-1
2026-02-03,2026-02-03 11:44:00,543.17,543.17,543.12,543.12,-0.01,59.28,31819.52,-1
2026-02-03,2026-02-03 11:45:00,543.12,543.12,543.08,543.08,-0.01,59.28,31819.52,-1
2026-02-03,2026-02-03 11:46:00,543.08,543.08,543.04,543.04,-0.01,59.28,31819.52,-1
2026-02-03,2026-02-03 11:47:00,543.04,543.04,543.0,543.0,-0.01,59.28,31819.52,-1
2026-02-03,2026-02-03 11:48:00,543.0,543.0,542.96,542.96,-0.01,59.28,31819.52,-1
2026-02-03,2026-02-03 11:49:00,542.96,542.96,542.92,542.92,-0.01,59.28,31819.52,-1
2026-02-03,2026-02-03 11:50:00,542.92,542.92,542.88,542.88,-0.01,59.28,31819.52,-1
2026-02-03,2026-02-03 11:51:00,542.88,542.88,542.83,542.83,-0.01,59.28,31819.52,-1
2026-02-03,2026-02-03 11:52:00,542.83,542.83,542.79,542.79,-0.01,59.28,31819.52,-1
2026-02-03,2026-02-03 11:53:00,542.79,542.79,542.75,542.75,-0.01,59.28,31819.52,-1
2026-02-03,2026-02-03 11:54:00,542.75,542.75,542.71,542.71,-0.01,59.28,31819.52,-1
2026-02-03,2026-02-03 11:55:00,542.71,542.71,542.67,542.67,-0.01,59.28,31819.52,-1
2026-02-03,2026-02-03 11:56:00,542.67,542.67,542.62,542.62,-0.01,59.28,31819.52,-1
2026-02-03,2026-02-03 11:57:00,542.62,542.62,542.58,542.58,-0.01,59.28,31819.52,-1
2026-02-03,2026-02-03 11:58:00,542.58,542.58,542.54,542.54,-0.01,59.28,31819.52,-1
2026-02-03,2026-02-03 11:59:00,542.54,542.54,542.5,542.5,-0.01,59.28,31819.52,-1
2026-02-03,2026-02-03 12:00:00,542.5,542.5,542.46,542.46,-0.01,59.28,31819.52,-1
2026-02-03,2026-02-03 12:01:00,542.46,542.46,542.42,542.42,-0.01,59.28,31819.52,-1
2026-02-03,2026-02-03 12:02:00,542.42,542.42,542.38,542.38,-0.01,59.28,31819.52,-1
2026-02-03,2026-02-03 12:03:00,542.38,542.38,542.33,542.33,-0.01,59.28,31819.52,-1
2026-02-03,2026-02-03 12:04:00,542.33,542.33,542.29,542.29,-0.01,59.28,31819.52,-1
2026-02-03,2026-02-03 12:05:00,542.29,542.29,542.25,542.25,-0.01,59.28,31819.52,-1
2026-02-03,2026-02-03 12:06:00,542.25,542.25,542.21,542.21,-0.01,59.28,31819.52,-1
2026-02-03,2026-02-03 12:07:00,542.21,542.21,542.17,542.17,-0.01,59.28,31819.52,-1
2026-02-03,2026-02-03 12:08:00,542.17,542.17,542.12,542.12,-0.01,59.28,31819.52,-1
2026-02-03,2026-02-03 12:09:00,542.12,542.12,542.08,542.08,-0.01,59.28,31819.52,-1
2026-02-03,2026-02-03 12:10:00,542.08,542.08,542.04,542.04,-0.01,59.28,31819.52,-1
2026-02-03,2026-02-03 12:11:00,542.04,542.04,542.0,542.0,-0.01,59.28,31819.52,-1
2026-02-03,2026-02-03 12:12:00,542.0,542.0,541.96,541.96,-0.01,59.28,31819.52,-1
2026-02-03,2026-02-03 12:13:00,541.96,541.96,541.92,541.92,-0.01,59.28,31819.52,-1
2026-02-03,2026-02-03 12:14:00,541.92,541.92,541.88,541.88,-0.01,59.28,31819.52,-1
2026-02-03,2026-02-03 12:15:00,541.88,541.88,541.83,541.83,-0.01,59.28,31819.52,-1
2026-02-03,2026-02-03 12:16:00,541.83,541.83,541.79,541.79,-0.01,59.28,31819.52,-1
2026-02-03,2026-02-03 12:17:00,541.79,541.79,541.75,541.75,-0.01,59.28,31819.52,-1
2026-02-03,2026-02-03 12:18:00,541.75,541.75,541.71,541.71,-0.01,59.28,31819.52,-1
2026-02-03,2026-02-03 12:19:00,541.71,541.71,541.67,541.67,-0.01,59.28,31819.52,-1
2026-02-03,2026-02-03 12:20:00,541.67,541.67,541.62,541.62,-0.01,59.28,31819.52,-1
2026-02-03,2026-02-03 12:21:00,541.62,541.62,541.58,541.58,-0.01,59.28,31819.52,-1
2026-02-03,2026-02-03 12:22:00,541.58,541.58,541.54,541.54,-0.01,59.28,31819.52,-1
2026-02-03,2026-02-03 12:23:00,541.54,541.54,541.5,541.5,-0.01,59.28,31819.52,-1
2026-02-03,2026-02-03 12:24:00,541.5,541.5,541.46,541.46,-0.01,59.28,31819.52,-1
2026-02-03,2026-02-03 12:25:00,541.46,541.46,541.42,541.42,-0.01,59.28,31819.52,-1
2026-02-03,2026-02-03 12:26:00,541.42,541.42,541.38,541.38,-0.01,59.28,31819.52,-1
2026-02-03,2026-02-03 12:27:00,541.38,541.38,541.33,541.33,-0.01,59.28,31819.52,-1
2026-02-03,2026-02-03 12:28:00,541.33,541.33,541.29,541.29,-0.01,59.28,31819.52,-1
2026-02-03,2026-02-03 12:29:00,541.29,541.29,541.25,541.25,-0.01,59.28,31819.52,-1
2026-02-03,2026-02-03 12:30:00,541.25,541.25,541.21,541.21,-0.01,59.28,31819.52,-1
2026-02-03,2026-02-03 12:31:00,541.21,541.21,541.17,541.17,-0.01,59.28,31819.52,-1
2026-02-03,2026-02-03 12:32:00,541.17,541.17,541.12,541.12,-0.01,59.28,31819.52,-1
2026-02-03,2026-02-03 12:33:00,541.12,541.12,541.08,541.08,-0.01,59.28,31819.52,-1
2026-02-03,2026-02-03 12:34:00,541.08,541.08,541.04,541.04,-0.01,59.28,31819.52,-1
2026-02-03,2026-02-03 12:35:00,541.04,541.04,541.0,541.0,-0.01,59.28,31819.52,-1
2026-02-03,2026-02-03 12:36:00,541.0,541.0,540.96,540.96,-0.01,59.28,31819.52,-1
2026-02-03,2026-02-03 12:37:00,540.96,540.96,540.92,540.92,-0.01,59.28,31819.52,-1
2026-02-03,2026-02-03 12:38:00,540.92,540.92,540.88,540.88,-0.01,59.28,31819.52,-1
2026-02-03,2026-02-03 12:39:00,540.88,540.88,540.83,540.83,-0.01,59.28,31819.52,-1
2026-02-03,2026-02-03 12:40:00,540.83,540.83,540.79,540.79,-0.01,59.28,31819.52,-1
2026-02-03,2026-02-03 12:41:00,540.79,540.79,540.75,540.75,-0.01,59.28,31819.52,-1
2026-02-03,2026-02-03 12:42:00,540.75,540.75,540.71,540.71,-0.01,59.28,31819.52,-1
2026-02-03,2026-02-03 12:43:00,540.71,540.71,540.67,540.67,-0.01,59.28,31819.52,-1
2026-02-03,2026-02-03 12:44:00,540.67,540.67,540.62,540.62,-0.01,59.28,31819.52,-1
2026-02-03,2026-02-03 12:45:00,540.62,540.62,540.58,540.58,-0.01,59.28,31819.52,-1
2026-02-03,2026-02-03 12:46:00,540.58,540.58,540.54,540.54,-0.01,59.28,31819.52,-1
2026-02-03,2026-02-03 12:47:00,540.54,540.54,540.5,540.5,-0.01,59.28,31819.52,-1
2026-02-03,2026-02-03 12:48:00,540.5,540.5,540.46,540.46,-0.01,59.28,31819.52,-1
2026-02-03,2026-02-03 12:49:00,540.46,540.46,540.42,540.42,-0.01,59.28,31819.52,-1
2026-02-03,2026-02-03 12:50:00,540.42,540.42,540.38,540.38,-0.01,59.28,31819.52,-1
2026-02-03,2026-02-03 12:51:00,540.38,540.38,540.33,540.33,-0.01,59.28,31819.52,-1
2026-02-03,2026-02-03 12:52:00,540.33,540.33,540.29,540.29,-0.01,59.28,31819.52,-1
2026-02-03,2026-02-03 12:53:00,540.29,540.29,540.25,540.25,-0.01,59.28,31819.52,-1
2026-02-03,2026-02-03 12:54:00,540.25,540.25,540.21,540.21,-0.01,59.28,31819.52,-1
2026-02-03,2026-02-03 12:55:00,540.21,540.21,540.17,540.17,-0.01,59.28,31819.52,-1
2026-02-03,2026-02-03 12:56:00,540.17,540.17,540.12,540.12,-0.01,59.28,31819.52,-1
2026-02-03,2026-02-03 12:57:00,540.12,540.12,540.08,540.08,-0.01,59.28,31819.52,-1
2026-02-03,2026-02-03 12:58:00,540.08,540.08,540.04,540.04,-0.01,59.28,31819.52,-1
2026-02-03,2026-02-03 12:59:00,540.04,540.04,540.0,540.0,-0.01,59.28,31819.52,-1
2026-02-03,2026-02-03 13:00:00,540.0,549.0,530.0,539.96,-0.01,59.28,31819.52,-1
2026-02-03,2026-02-03 13:01:00,539.96,539.96,539.92,539.92,-0.01,59.28,31819.52,-1
2026-02-03,2026-02-03 13:02:00,539.92,539.92,539.88,539.88,-0.01,59.28,31819.52,-1
2026-02-03,2026-02-03 13:03:00,539.88,539.88,539.83,539.83,-0.01,59.28,31819.52,-1
2026-02-03,2026-02-03 13:04:00,539.83,539.83,539.79,539.79,-0.01,59.28,31819.52,-1
2026-02-03,2026-02-03 13:05:00,539.79,539.79,539.75,539.75,-0.01,59.28,31819.52,-1
2026-02-03,2026-02-03 13:06:00,539.75,539.75,539.71,539.71,-0.01,59.28,31819.52,-1
2026-02-03,2026-02-03 13:07:00,539.71,539.71,539.67,539.67,-0.01,59.28,31819.52,-1
2026-02-03,2026-02-03 13:08:00,539.67,539.67,539.62,539.62,-0.01,59.28,31819.52,-1
2026-02-03,2026-02-03 13:09:00,539.62,539.62,539.58,539.58,-0.01,59.28,31819.52,-1
2026-02-03,2026-02-03 13:10:00,539.58,539.58,539.54,539.54,-0.01,59.28,31819.52,-1
2026-02-03,2026-02-03 13:11:00,539.54,539.54,539.5,539.5,-0.01,59.28,31819.52,-1
2026-02-03,2026-02-03 13:12:00,539.5,539.5,539.46,539.46,-0.01,59.28,31819.52,-1
2026-02-03,2026-02-03 13:13:00,539.46,539.46,539.42,539.42,-0.01,59.28,31819.52,-1
2026-02-03,2026-02-03 13:14:00,539.42,539.42,539.38,539.38,-0.01,59.28,31819.52,-1
2026-02-03,2026-02-03 13:15:00,539.38,539.38,539.33,539.33,-0.01,59.28,31819.52,-1
2026-02-03,2026-02-03 13:16:00,539.33,539.33,539.29,539.29,-0.01,59.28,31819.52,-1
2026-02-03,2026-02-03 13:17:00,539.29,539.29,539.25,539.25,-0.01,59.28,31819.52,-1
2026-02-03,2026-02-03 13:18:00,539.25,539.25,539.21,539.21,-0.01,59.28,31819.52,-1
2026-02-03,2026-02-03 13:19:00,539.21,539.21,539.17,539.17,-0.01,59.28,31819.52,-1
2026-02-03,2026-02-03 13:20:00,539.17,539.17,539.12,539.12,-0.01,59.28,31819.52,-1
2026-02-03,2026-02-03 13:21:00,539.12,539.12,539.08,539.08,-0.01,59.28,31819.52,-1
2026-02-03,2026-02-03 13:22:00,539.08,539.08,539.04,539.04,-0.01,59.28,31819.52,-1
2026-02-03,2026-02-03 13:23:00,539.04,539.04,539.0,539.0,-0.01,59.28,31819.52,-1
2026-02-03,2026-02-03 13:24:00,539.0,539.0,538.96,538.96,-0.01,59.28,31819.52,-1
2026-02-03,2026-02-03 13:25:00,538.96,538.96,538.92,538.92,-0.01,59.28,31819.52,-1
2026-02-03,2026-02-03 13:26:00,538.92,538.92,538.88,538.88,-0.01,59.28,31819.52,-1
2026-02-03,2026-02-03 13:27:00,538.88,538.88,538.83,538.83,-0.01,59.28,31819.52,-1
2026-02-03,2026-02-03 13:28:00,538.83,538.83,538.79,538.79,-0.01,59.28,31819.52,-1
2026-02-03,2026-02-03 13:29:00,538.79,538.79,538.75,538.75,-0.01,59.28,31819.52,-1
2026-02-03,2026-02-03 13:30:00,538.75,538.75,538.71,538.71,-0.01,59.28,31819.52,-1
2026-02-03,2026-02-03 13:31:00,538.71,538.71,538.67,538.67,-0.01,59.28,31819.52,-1
2026-02-03,2026-02-03 13:32:00,538.67,538.67,538.62,538.62,-0.01,59.28,31819.52,-1
2026-02-03,2026-02-03 13:33:00,538.62,538.62,538.58,538.58,-0.01,59.28,31819.52,-1
2026-02-03,2026-02-03 13:34:00,538.58,538.58,538.54,538.54,-0.01,59.28,31819.52,-1
2026-02-03,2026-02-03 13:35:00,538.54,538.54,538.5,538.5,-0.01,59.28,31819.52,-1
2026-02-03,2026-02-03 13:36:00,538.5,538.5,538.46,538.46,-0.01,59.28,31819.52,-1
2026-02-03,2026-02-03 13:37:00,538.46,538.46,538.42,538.42,-0.01,59.28,31819.52,-1
2026-02-03,2026-02-03 13:38:00,538.42,538.42,538.38,538.38,-0.01,59.28,31819.52,-1
2026-02-03,2026-02-03 13:39:00,538.38,538.38,538.33,538.33,-0.01,59.28,31819.52,-1
2026-02-03,2026-02-03 13:40:00,538.33,538.33,538.29,538.29,-0.01,59.28,31819.52,-1
2026-02-03,2026-02-03 13:41:00,538.29,538.29,538.25,538.25,-0.01,59.28,31819.52,-1
2026-02-03,2026-02-03 13:42:00,538.25,538.25,538.21,538.21,-0.01,59.28,31819.52,-1
2026-02-03,2026-02-03 13:43:00,538.21,538.21,538.17,538.17,-0.01,59.28,31819.52,-1
2026-02-03,2026-02-03 13:44:00,538.17,538.17,538.12,538.12,-0.01,59.28,31819.52,-1
2026-02-03,2026-02-03 13:45:00,538.12,538.12,538.08,538.08,-0.01,59.28,31819.52,-1
2026-02-03,2026-02-03 13:46:00,538.08,538.08,538.04,538.04,-0.01,59.28,31819.52,-1
2026-02-03,2026-02-03 13:47:00,538.04,538.04,538.0,538.0,-0.01,59.28,31819.52,-1
2026-02-03,2026-02-03 13:48:00,538.0,538.0,537.96,537.96,-0.01,59.28,31819.52,-1
2026-02-03,2026-02-03 13:49:00,537.96,537.96,537.92,537.92,-0.01,59.28,31819.52,-1
2026-02-03,2026-02-03 13:50:00,537.92,537.92,537.88,537.88,-0.01,59.28,31819.52,-1
2026-02-03,2026-02-03 13:51:00,537.88,537.88,537.83,537.83,-0.01,59.28,31819.52,-1
2026-02-03,2026-02-03 13:52:00,537.83,537.83,537.79,537.79,-0.01,59.28,31819.52,-1
2026-02-03,2026-02-03 13:53:00,537.79,537.79,537.75,537.75,-0.01,59.28,31819.52,-1
2026-02-03,2026-02-03 13:54:00,537.75,537.75,537.71,537.71,-0.01,59.28,31819.52,-1
2026-02-03,2026-02-03 13:55:00,537.71,537.71,537.67,537.67,-0.01,59.28,31819.52,-1
2026-02-03,2026-02-03 13:56:00,537.67,537.67,537.62,537.62,-0.01,59.28,31819.52,-1
2026-02-03,2026-02-03 13:57:00,537.62,537.62,537.58,537.58,-0.01,59.28,31819.52,-1
2026-02-03,2026-02-03 13:58:00,537.58,537.58,537.54,537.54,-0.01,59.28,31819.52,-1
2026-02-03,2026-02-03 13:59:00,537.54,537.54,537.5,537.5,-0.01,59.28,31819.52,-1
2026-02-03,2026-02-03 14:00:00,537.5,537.5,537.46,537.46,-0.01,59.28,31819.52,-1
2026-02-03,2026-02-03 14:01:00,537.46,537.46,537.42,537.42,-0.01,59.28,31819.52,-1
2026-02-03,2026-02-03 14:02:00,537.42,537.42,537.38,537.38,-0.01,59.28,31819.52,-1
2026-02-03,2026-02-03 14:03:00,537.38,537.38,537.33,537.33,-0.01,59.28,31819.52,-1
2026-02-03,2026-02-03 14:04:00,537.33,537.33,537.29,537.29,-0.01,59.28,31819.52,-1
2026-02-03,2026-02-03 14:05:00,537.29,537.29,537.25,537.25,-0.01,59.28,31819.52,-1
2026-02-03,2026-02-03 14:06:00,537.25,537.25,537.21,537.21,-0.01,59.28,31819.52,-1
2026-02-03,2026-02-03 14:07:00,537.21,537.21,537.17,537.17,-0.01,59.28,31819.52,-1
2026-02-03,2026-02-03 14:08:00,537.17,537.17,537.12,537.12,-0.01,59.28,31819.52,-1
2026-02-03,2026-02-03 14:09:00,537.12,537.12,537.08,537.08,-0.01,59.28,31819.52,-1
2026-02-03,2026-02-03 14:10:00,537.08,537.08,537.04,537.04,-0.01,59.28,31819.52,-1
2026-02-03,2026-02-03 14:11:00,537.04,537.04,537.0,537.0,-0.01,59.28,31819.52,-1
2026-02-03,2026-02-03 14:12:00,537.0,537.0,536.96,536.96,-0.01,59.28,31819.52,-1
2026-02-03,2026-02-03 14:13:00,536.96,536.96,536.92,536.92,-0.01,59.28,31819.52,-1
2026-02-03,2026-02-03 14:14:00,536.92,536.92,536.88,536.88,-0.01,59.28,31819.52,-1
2026-02-03,2026-02-03 14:15:00,536.88,536.88,536.83,536.83,-0.01,59.28,31819.52,-1
2026-02-03,2026-02-03 14:16:00,536.83,536.83,536.79,536.79,-0.01,59.28,31819.52,-1
2026-02-03,2026-02-03 14:17:00,536.79,536.79,536.75,536.75,-0.01,59.28,31819.52,-1
2026-02-03,2026-02-03 14:18:00,536.75,536.75,536.71,536.71,-0.01,59.28,31819.52,-1
2026-02-03,2026-02-03 14:19:00,536.71,536.71,536.67,536.67,-0.01,59.28,31819.52,-1
2026-02-03,2026-02-03 14:20:00,536.67,536.67,536.62,536.62,-0.01,59.28,31819.52,-1
2026-02-03,2026-02-03 14:21:00,536.62,536.62,536.58,536.58,-0.01,59.28,31819.52,-1
2026-02-03,2026-02-03 14:22:00,536.58,536.58,536.54,536.54,-0.01,59.28,31819.52,-1
2026-02-03,2026-02-03 14:23:00,536.54,536.54,536.5,536.5,-0.01,59.28,31819.52,-1
2026-02-03,2026-02-03 14:24:00,536.5,536.5,536.46,536.46,-0.01,59.28,31819.52,-1
2026-02-03,2026-02-03 14:25:00,536.46,536.46,536.42,536.42,-0.01,59.28,31819.52,-1
2026-02-03,2026-02-03 14:26:00,536.42,536.42,536.38,536.38,-0.01,59.28,31819.52,-1
2026-02-03,2026-02-03 14:27:00,536.38,536.38,536.33,536.33,-0.01,59.28,31819.52,-1
2026-02-03,2026-02-03 14:28:00,536.33,536.33,536.29,536.29,-0.01,59.28,31819.52,-1
2026-02-03,2026-02-03 14:29:00,536.29,536.29,536.25,536.25,-0.01,59.28,31819.52,-1
2026-02-03,2026-02-03 14:30:00,536.25,536.25,536.21,536.21,-0.01,59.28,31819.52,-1
2026-02-03,2026-02-03 14:31:00,536.21,536.21,536.17,536.17,-0.01,59.28,31819.52,-1
2026-02-03,2026-02-03 14:32:00,536.17,536.17,536.12,536.12,-0.01,59.28,31819.52,-1
2026-02-03,2026-02-03 14:33:00,536.12,536.12,536.08,536.08,-0.01,59.28,31819.52,-1
2026-02-03,2026-02-03 14:34:00,536.08,536.08,536.04,536.04,-0.01,59.28,31819.52,-1
2026-02-03,2026-02-03 14:35:00,536.04,536.04,536.0,536.0,-0.01,59.28,31819.52,-1
2026-02-03,2026-02-03 14:36:00,536.0,536.0,535.96,535.96,-0.01,59.28,31819.52,-1
2026-02-03,2026-02-03 14:37:00,535.96,535.96,535.92,535.92,-0.01,59.28,31819.52,-1
2026-02-03,2026-02-03 14:38:00,535.92,535.92,535.88,535.88,-0.01,59.28,31819.52,-1
2026-02-03,2026-02-03 14:39:00,535.88,535.88,535.83,535.83,-0.01,59.28,31819.52,-1
2026-02-03,2026-02-03 14:40:00,535.83,535.83,535.79,535.79,-0.01,59.28,31819.52,-1
2026-02-03,2026-02-03 14:41:00,535.79,535.79,535.75,535.75,-0.01,59.28,31819.52,-1
2026-02-03,2026-02-03 14:42:00,535.75,535.75,535.71,535.71,-0.01,59.28,31819.52,-1
2026-02-03,2026-02-03 14:43:00,535.71,535.71,535.67,535.67,-0.01,59.28,31819.52,-1
2026-02-03,2026-02-03 14:44:00,535.67,535.67,535.62,535.62,-0.01,59.28,31819.52,-1
2026-02-03,2026-02-03 14:45:00,535.62,535.62,535.58,535.58,-0.01,59.28,31819.52,-1
2026-02-03,2026-02-03 14:46:00,535.58,535.58,535.54,535.54,-0.01,59.28,31819.52,-1
2026-02-03,2026-02-03 14:47:00,535.54,535.54,535.5,535.5,-0.01,59.28,31819.52,-1
2026-02-03,2026-02-03 14:48:00,535.5,535.5,535.46,535.46,-0.01,59.28,31819.52,-1
2026-02-03,2026-02-03 14:49:00,535.46,535.46,535.42,535.42,-0.01,59.28,31819.52,-1
2026-02-03,2026-02-03 14:50:00,535.42,535.42,535.38,535.38,-0.01,59.28,31819.52,-1
2026-02-03,2026-02-03 14:51:00,535.38,535.38,535.33,535.33,-0.01,59.28,31819.52,-1
2026-02-03,2026-02-03 14:52:00,535.33,535.33,535.29,535.29,-0.01,59.28,31819.52,-1
2026-02-03,2026-02-03 14:53:00,535.29,535.29,535.25,535.25,-0.01,59.28,31819.52,-1
2026-02-03,2026-02-03 14:54:00,535.25,535.25,535.21,535.21,-0.01,59.28,31819.52,-1
2026-02-03,2026-02-03 14:55:00,535.21,535.21,535.17,535.17,-0.01,59.28,31819.52,-1
2026-02-03,2026-02-03 14:56:00,535.17,535.17,535.12,535.12,-0.01,59.28,31819.52,-1
2026-02-03,2026-02-03 14:57:00,535.12,535.12,535.08,535.08,-0.01,59.28,31819.52,-1
2026-02-03,2026-02-03 14:58:00,535.08,535.08,535.04,535.04,-0.01,59.28,31819.52,-1
2026-02-03,2026-02-03 14:59:00,535.04,535.04,535.0,535.0,-0.01,59.28,31819.52,-1
2026-02-03,2026-02-03 15:00:00,535.0,549.0,530.0,535.0,0.0,59.28,31819.52,0
2026-02-04,2026-02-04 11:00:00,535.0,537.1,533.5,535.0,0.0,82.63,44121.49,0
2026-02-04,2026-02-04 11:01:00,535.0,535.0,535.0,535.0,0.0,82.63,44121.49,0
2026-02-04,2026-02-04 11:02:00,535.0,535.0,535.0,535.0,0.0,82.63,44121.49,0
2026-02-04,2026-02-04 11:03:00,535.0,535.0,535.0,535.0,0.0,82.63,44121.49,0
2026-02-04,2026-02-04 11:04:00,535.0,535.0,535.0,535.0,0.0,82.63,44121.49,0
2026-02-04,2026-02-04 11:05:00,535.0,535.0,535.0,535.0,0.0,82.63,44121.49,0
2026-02-04,2026-02-04 11:06:00,535.0,535.0,535.0,535.0,0.0,82.63,44121.49,0
2026-02-04,2026-02-04 11:07:00,535.0,535.0,535.0,535.0,0.0,82.63,44121.49,0
2026-02-04,2026-02-04 11:08:00,535.0,535.0,535.0,535.0,0.0,82.63,44121.49,0
2026-02-04,2026-02-04 11:09:00,535.0,535.0,535.0,535.0,0.0,82.63,44121.49,0
2026-02-04,2026-02-04 11:10:00,535.0,535.0,535.0,535.0,0.0,82.63,44121.49,0
2026-02-04,2026-02-04 11:11:00,535.0,535.0,535.0,535.0,0.0,82.63,44121.49,0
2026-02-04,2026-02-04 11:12:00,535.0,535.0,535.0,535.0,0.0,82.63,44121.49,0
2026-02-04,2026-02-04 11:13:00,535.0,535.0,535.0,535.0,0.0,82.63,44121.49,0
2026-02-04,2026-02-04 11:14:00,535.0,535.0,535.0,535.0,0.0,82.63,44121.49,0
2026-02-04,2026-02-04 11:15:00,535.0,535.0,535.0,535.0,0.0,82.63,44121.49,0
2026-02-04,2026-02-04 11:16:00,535.0,535.0,535.0,535.0,0.0,82.63,44121.49,0
2026-02-04,2026-02-04 11:17:00,535.0,535.0,535.0,535.0,0.0,82.63,44121.49,0
2026-02-04,2026-02-04 11:18:00,535.0,535.0,535.0,535.0,0.0,82.63,44121.49,0
2026-02-04,2026-02-04 11:19:00,535.0,535.0,535.0,535.0,0.0,82.63,44121.49,0
2026-02-04,2026-02-04 11:20:00,535.0,535.0,535.0,535.0,0.0,82.63,44121.49,0
2026-02-04,2026-02-04 11:21:00,535.0,535.0,535.0,535.0,0.0,82.63,44121.49,0
2026-02-04,2026-02-04 11:22:00,535.0,535.0,535.0,535.0,0.0,82.63,44121.49,0
2026-02-04,2026-02-04 11:23:00,535.0,535.0,535.0,535.0,0.0,82.63,44121.49,0
2026-02-04,2026-02-04 11:24:00,535.0,535.0,535.0,535.0,0.0,82.63,44121.49,0
2026-02-04,2026-02-04 11:25:00,535.0,535.0,535.0,535.0,0.0,82.63,44121.49,0
2026-02-04,2026-02-04 11:26:00,535.0,535.0,535.0,535.0,0.0,82.63,44121.49,0
2026-02-04,2026-02-04 11:27:00,535.0,535.0,535.0,535.0,0.0,82.63,44121.49,0
2026-02-04,2026-02-04 11:28:00,535.0,535.0,535.0,535.0,0.0,82.63,44121.49,0
2026-02-04,2026-02-04 11:29:00,535.0,535.0,535.0,535.0,0.0,82.63,44121.49,0
2026-02-04,2026-02-04 11:30:00,535.0,535.0,535.0,535.0,0.0,82.63,44121.49,0
2026-02-04,2026-02-04 11:31:00,535.0,535.0,535.0,535.0,0.0,82.63,44121.49,0
2026-02-04,2026-02-04 11:32:00,535.0,535.0,535.0,535.0,0.0,82.63,44121.49,0
2026-02-04,2026-02-04 11:33:00,535.0,535.0,535.0,535.0,0.0,82.63,44121.49,0
2026-02-04,2026-02-04 11:34:00,535.0,535.0,535.0,535.0,0.0,82.63,44121.49,0
2026-02-04,2026-02-04 11:35:00,535.0,535.0,535.0,535.0,0.0,82.63,44121.49,0
2026-02-04,2026-02-04 11:36:00,535.0,535.0,535.0,535.0,0.0,82.63,44121.49,0
2026-02-04,2026-02-04 11:37:00,535.0,535.0,535.0,535.0,0.0,82.63,44121.49,0
2026-02-04,2026-02-04 11:38:00,535.0,535.0,535.0,535.0,0.0,82.63,44121.49,0
2026-02-04,2026-02-04 11:39:00,535.0,535.0,535.0,535.0,0.0,82.63,44121.49,0
2026-02-04,2026-02-04 11:40:00,535.0,535.0,535.0,535.0,0.0,82.63,44121.49,0
2026-02-04,2026-02-04 11:41:00,535.0,535.0,535.0,535.0,0.0,82.63,44121.49,0
2026-02-04,2026-02-04 11:42:00,535.0,535.0,535.0,535.0,0.0,82.63,44121.49,0
2026-02-04,2026-02-04 11:43:00,535.0,535.0,535.0,535.0,0.0,82.63,44121.49,0
2026-02-04,2026-02-04 11:44:00,535.0,535.0,535.0,535.0,0.0,82.63,44121.49,0
2026-02-04,2026-02-04 11:45:00,535.0,535.0,535.0,535.0,0.0,82.63,44121.49,0
2026-02-04,2026-02-04 11:46:00,535.0,535.0,535.0,535.0,0.0,82.63,44121.49,0
2026-02-04,2026-02-04 11:47:00,535.0,535.0,535.0,535.0,0.0,82.63,44121.49,0
2026-02-04,2026-02-04 11:48:00,535.0,535.0,535.0,535.0,0.0,82.63,44121.49,0
2026-02-04,2026-02-04 11:49:00,535.0,535.0,535.0,535.0,0.0,82.63,44121.49,0
2026-02-04,2026-02-04 11:50:00,535.0,535.0,535.0,535.0,0.0,82.63,44121.49,0
2026-02-04,2026-02-04 11:51:00,535.0,535.0,535.0,535.0,0.0,82.63,44121.49,0
2026-02-04,2026-02-04 11:52:00,535.0,535.0,535.0,535.0,0.0,82.63,44121.49,0
2026-02-04,2026-02-04 11:53:00,535.0,535.0,535.0,535.0,0.0,82.63,44121.49,0
2026-02-04,2026-02-04 11:54:00,535.0,535.0,535.0,535.0,0.0,82.63,44121.49,0
2026-02-04,2026-02-04 11:55:00,535.0,535.0,535.0,535.0,0.0,82.63,44121.49,0
2026-02-04,2026-02-04 11:56:00,535.0,535.0,535.0,535.0,0.0,82.63,44121.49,0
2026-02-04,2026-02-04 11:57:00,535.0,535.0,535.0,535.0,0.0,82.63,44121.49,0
2026-02-04,2026-02-04 11:58:00,535.0,535.0,535.0,535.0,0.0,82.63,44121.49,0
2026-02-04,2026-02-04 11:59:00,535.0,535.0,535.0,535.0,0.0,82.63,44121.49,0
2026-02-04,2026-02-04 12:00:00,535.0,535.0,535.0,535.0,0.0,82.63,44121.49,0
2026-02-04,2026-02-04 12:01:00,535.0,535.0,535.0,535.0,0.0,82.63,44121.49,0
2026-02-04,2026-02-04 12:02:00,535.0,535.0,535.0,535.0,0.0,82.63,44121.49,0
2026-02-04,2026-02-04 12:03:00,535.0,535.0,535.0,535.0,0.0,82.63,44121.49,0
2026-02-04,2026-02-04 12:04:00,535.0,535.0,535.0,535.0,0.0,82.63,44121.49,0
2026-02-04,2026-02-04 12:05:00,535.0,535.0,535.0,535.0,0.0,82.63,44121.49,0
2026-02-04,2026-02-04 12:06:00,535.0,535.0,535.0,535.0,0.0,82.63,44121.49,0
2026-02-04,2026-02-04 12:07:00,535.0,535.0,535.0,535.0,0.0,82.63,44121.49,0
2026-02-04,2026-02-04 12:08:00,535.0,535.0,535.0,535.0,0.0,82.63,44121.49,0
2026-02-04,2026-02-04 12:09:00,535.0,535.0,535.0,535.0,0.0,82.63,44121.49,0
2026-02-04,2026-02-04 12:10:00,535.0,535.0,535.0,535.0,0.0,82.63,44121.49,0
2026-02-04,2026-02-04 12:11:00,535.0,535.0,535.0,535.0,0.0,82.63,44121.49,0
2026-02-04,2026-02-04 12:12:00,535.0,535.0,535.0,535.0,0.0,82.63,44121.49,0
2026-02-04,2026-02-04 12:13:00,535.0,535.0,535.0,535.0,0.0,82.63,44121.49,0
2026-02-04,2026-02-04 12:14:00,535.0,535.0,535.0,535.0,0.0,82.63,44121.49,0
2026-02-04,2026-02-04 12:15:00,535.0,535.0,535.0,535.0,0.0,82.63,44121.49,0
2026-02-04,2026-02-04 12:16:00,535.0,535.0,535.0,535.0,0.0,82.63,44121.49,0
2026-02-04,2026-02-04 12:17:00,535.0,535.0,535.0,535.0,0.0,82.63,44121.49,0
2026-02-04,2026-02-04 12:18:00,535.0,535.0,535.0,535.0,0.0,82.63,44121.49,0
2026-02-04,2026-02-04 12:19:00,535.0,535.0,535.0,535.0,0.0,82.63,44121.49,0
2026-02-04,2026-02-04 12:20:00,535.0,535.0,535.0,535.0,0.0,82.63,44121.49,0
2026-02-04,2026-02-04 12:21:00,535.0,535.0,535.0,535.0,0.0,82.63,44121.49,0
2026-02-04,2026-02-04 12:22:00,535.0,535.0,535.0,535.0,0.0,82.63,44121.49,0
2026-02-04,2026-02-04 12:23:00,535.0,535.0,535.0,535.0,0.0,82.63,44121.49,0
2026-02-04,2026-02-04 12:24:00,535.0,535.0,535.0,535.0,0.0,82.63,44121.49,0
2026-02-04,2026-02-04 12:25:00,535.0,535.0,535.0,535.0,0.0,82.63,44121.49,0
2026-02-04,2026-02-04 12:26:00,535.0,535.0,535.0,535.0,0.0,82.63,44121.49,0
2026-02-04,2026-02-04 12:27:00,535.0,535.0,535.0,535.0,0.0,82.63,44121.49,0
2026-02-04,2026-02-04 12:28:00,535.0,535.0,535.0,535.0,0.0,82.63,44121.49,0
2026-02-04,2026-02-04 12:29:00,535.0,535.0,535.0,535.0,0.0,82.63,44121.49,0
2026-02-04,2026-02-04 12:30:00,535.0,535.0,535.0,535.0,0.0,82.63,44121.49,0
2026-02-04,2026-02-04 12:31:00,535.0,535.0,535.0,535.0,0.0,82.63,44121.49,0
2026-02-04,2026-02-04 12:32:00,535.0,535.0,535.0,535.0,0.0,82.63,44121.49,0
2026-02-04,2026-02-04 12:33:00,535.0,535.0,535.0,535.0,0.0,82.63,44121.49,0
2026-02-04,2026-02-04 12:34:00,535.0,535.0,535.0,535.0,0.0,82.63,44121.49,0
2026-02-04,2026-02-04 12:35:00,535.0,535.0,535.0,535.0,0.0,82.63,44121.49,0
2026-02-04,2026-02-04 12:36:00,535.0,535.0,535.0,535.0,0.0,82.63,44121.49,0
2026-02-04,2026-02-04 12:37:00,535.0,535.0,535.0,535.0,0.0,82.63,44121.49,0
2026-02-04,2026-02-04 12:38:00,535.0,535.0,535.0,535.0,0.0,82.63,44121.49,0
2026-02-04,2026-02-04 12:39:00,535.0,535.0,535.0,535.0,0.0,82.63,44121.49,0
2026-02-04,2026-02-04 12:40:00,535.0,535.0,535.0,535.0,0.0,82.63,44121.49,0
2026-02-04,2026-02-04 12:41:00,535.0,535.0,535.0,535.0,0.0,82.63,44121.49,0
2026-02-04,2026-02-04 12:42:00,535.0,535.0,535.0,535.0,0.0,82.63,44121.49,0
2026-02-04,2026-02-04 12:43:00,535.0,535.0,535.0,535.0,0.0,82.63,44121.49,0
2026-02-04,2026-02-04 12:44:00,535.0,535.0,535.0,535.0,0.0,82.63,44121.49,0
2026-02-04,2026-02-04 12:45:00,535.0,535.0,535.0,535.0,0.0,82.63,44121.49,0
2026-02-04,2026-02-04 12:46:00,535.0,535.0,535.0,535.0,0.0,82.63,44121.49,0
2026-02-04,2026-02-04 12:47:00,535.0,535.0,535.0,535.0,0.0,82.63,44121.49,0
2026-02-04,2026-02-04 12:48:00,535.0,535.0,535.0,535.0,0.0,82.63,44121.49,0
2026-02-04,2026-02-04 12:49:00,535.0,535.0,535.0,535.0,0.0,82.63,44121.49,0
2026-02-04,2026-02-04 12:50:00,535.0,535.0,535.0,535.0,0.0,82.63,44121.49,0
2026-02-04,2026-02-04 12:51:00,535.0,535.0,535.0,535.0,0.0,82.63,44121.49,0
2026-02-04,2026-02-04 12:52:00,535.0,535.0,535.0,535.0,0.0,82.63,44121.49,0
2026-02-04,2026-02-04 12:53:00,535.0,535.0,535.0,535.0,0.0,82.63,44121.49,0
2026-02-04,2026-02-04 12:54:00,535.0,535.0,535.0,535.0,0.0,82.63,44121.49,0
2026-02-04,2026-02-04 12:55:00,535.0,535.0,535.0,535.0,0.0,82.63,44121.49,0
2026-02-04,2026-02-04 12:56:00,535.0,535.0,535.0,535.0,0.0,82.63,44121.49,0
2026-02-04,2026-02-04 12:57:00,535.0,535.0,535.0,535.0,0.0,82.63,44121.49,0
2026-02-04,2026-02-04 12:58:00,535.0,535.0,535.0,535.0,0.0,82.63,44121.49,0
2026-02-04,2026-02-04 12:59:00,535.0,535.0,535.0,535.0,0.0,82.63,44121.49,0
2026-02-04,2026-02-04 13:00:00,535.0,542.0,530.0,535.0,0.0,82.63,44121.49,0
2026-02-04,2026-02-04 13:01:00,535.0,535.0,535.0,535.0,0.0,82.63,44121.49,0
2026-02-04,2026-02-04 13:02:00,535.0,535.0,535.0,535.0,0.0,82.63,44121.49,0
2026-02-04,2026-02-04 13:03:00,535.0,535.0,535.0,535.0,0.0,82.63,44121.49,0
2026-02-04,2026-02-04 13:04:00,535.0,535.0,535.0,535.0,0.0,82.63,44121.49,0
2026-02-04,2026-02-04 13:05:00,535.0,535.0,535.0,535.0,0.0,82.63,44121.49,0
2026-02-04,2026-02-04 13:06:00,535.0,535.0,535.0,535.0,0.0,82.63,44121.49,0
2026-02-04,2026-02-04 13:07:00,535.0,535.0,535.0,535.0,0.0,82.63,44121.49,0
2026-02-04,2026-02-04 13:08:00,535.0,535.0,535.0,535.0,0.0,82.63,44121.49,0
2026-02-04,2026-02-04 13:09:00,535.0,535.0,535.0,535.0,0.0,82.63,44121.49,0
2026-02-04,2026-02-04 13:10:00,535.0,535.0,535.0,535.0,0.0,82.63,44121.49,0
2026-02-04,2026-02-04 13:11:00,535.0,535.0,535.0,535.0,0.0,82.63,44121.49,0
2026-02-04,2026-02-04 13:12:00,535.0,535.0,535.0,535.0,0.0,82.63,44121.49,0
2026-02-04,2026-02-04 13:13:00,535.0,535.0,535.0,535.0,0.0,82.63,44121.49,0
2026-02-04,2026-02-04 13:14:00,535.0,535.0,535.0,535.0,0.0,82.63,44121.49,0
2026-02-04,2026-02-04 13:15:00,535.0,535.0,535.0,535.0,0.0,82.63,44121.49,0
2026-02-04,2026-02-04 13:16:00,535.0,535.0,535.0,535.0,0.0,82.63,44121.49,0
2026-02-04,2026-02-04 13:17:00,535.0,535.0,535.0,535.0,0.0,82.63,44121.49,0
2026-02-04,2026-02-04 13:18:00,535.0,535.0,535.0,535.0,0.0,82.63,44121.49,0
2026-02-04,2026-02-04 13:19:00,535.0,535.0,535.0,535.0,0.0,82.63,44121.49,0
2026-02-04,2026-02-04 13:20:00,535.0,535.0,535.0,535.0,0.0,82.63,44121.49,0
2026-02-04,2026-02-04 13:21:00,535.0,535.0,535.0,535.0,0.0,82.63,44121.49,0
2026-02-04,2026-02-04 13:22:00,535.0,535.0,535.0,535.0,0.0,82.63,44121.49,0
2026-02-04,2026-02-04 13:23:00,535.0,535.0,535.0,535.0,0.0,82.63,44121.49,0
2026-02-04,2026-02-04 13:24:00,535.0,535.0,535.0,535.0,0.0,82.63,44121.49,0
2026-02-04,2026-02-04 13:25:00,535.0,535.0,535.0,535.0,0.0,82.63,44121.49,0
2026-02-04,2026-02-04 13:26:00,535.0,535.0,535.0,535.0,0.0,82.63,44121.49,0
2026-02-04,2026-02-04 13:27:00,535.0,535.0,535.0,535.0,0.0,82.63,44121.49,0
2026-02-04,2026-02-04 13:28:00,535.0,535.0,535.0,535.0,0.0,82.63,44121.49,0
2026-02-04,2026-02-04 13:29:00,535.0,535.0,535.0,535.0,0.0,82.63,44121.49,0
2026-02-04,2026-02-04 13:30:00,535.0,535.0,535.0,535.0,0.0,82.63,44121.49,0
2026-02-04,2026-02-04 13:31:00,535.0,535.0,535.0,535.0,0.0,82.63,44121.49,0
2026-02-04,2026-02-04 13:32:00,535.0,535.0,535.0,535.0,0.0,82.63,44121.49,0
2026-02-04,2026-02-04 13:33:00,535.0,535.0,535.0,535.0,0.0,82.63,44121.49,0
2026-02-04,2026-02-04 13:34:00,535.0,535.0,535.0,535.0,0.0,82.63,44121.49,0
2026-02-04,2026-02-04 13:35:00,535.0,535.0,535.0,535.0,0.0,82.63,44121.49,0
2026-02-04,2026-02-04 13:36:00,535.0,535.0,535.0,535.0,0.0,82.63,44121.49,0
2026-02-04,2026-02-04 13:37:00,535.0,535.0,535.0,535.0,0.0,82.63,44121.49,0
2026-02-04,2026-02-04 13:38:00,535.0,535.0,535.0,535.0,0.0,82.63,44121.49,0
2026-02-04,2026-02-04 13:39:00,535.0,535.0,535.0,535.0,0.0,82.63,44121.49,0
2026-02-04,2026-02-04 13:40:00,535.0,535.0,535.0,535.0,0.0,82.63,44121.49,0
2026-02-04,2026-02-04 13:41:00,535.0,535.0,535.0,535.0,0.0,82.63,44121.49,0
2026-02-04,2026-02-04 13:42:00,535.0,535.0,535.0,535.0,0.0,82.63,44121.49,0
2026-02-04,2026-02-04 13:43:00,535.0,535.0,535.0,535.0,0.0,82.63,44121.49,0
2026-02-04,2026-02-04 13:44:00,535.0,535.0,535.0,535.0,0.0,82.63,44121.49,0
2026-02-04,2026-02-04 13:45:00,535.0,535.0,535.0,535.0,0.0,82.63,44121.49,0
2026-02-04,2026-02-04 13:46:00,535.0,535.0,535.0,535.0,0.0,82.63,44121.49,0
2026-02-04,2026-02-04 13:47:00,535.0,535.0,535.0,535.0,0.0,82.63,44121.49,0
2026-02-04,2026-02-04 13:48:00,535.0,535.0,535.0,535.0,0.0,82.63,44121.49,0
2026-02-04,2026-02-04 13:49:00,535.0,535.0,535.0,535.0,0.0,82.63,44121.49,0
2026-02-04,2026-02-04 13:50:00,535.0,535.0,535.0,535.0,0.0,82.63,44121.49,0
2026-02-04,2026-02-04 13:51:00,535.0,535.0,535.0,535.0,0.0,82.63,44121.49,0
2026-02-04,2026-02-04 13:52:00,535.0,535.0,535.0,535.0,0.0,82.63,44121.49,0
2026-02-04,2026-02-04 13:53:00,535.0,535.0,535.0,535.0,0.0,82.63,44121.49,0
2026-02-04,2026-02-04 13:54:00,535.0,535.0,535.0,535.0,0.0,82.63,44121.49,0
2026-02-04,2026-02-04 13:55:00,535.0,535.0,535.0,535.0,0.0,82.63,44121.49,0
2026-02-04,2026-02-04 13:56:00,535.0,535.0,535.0,535.0,0.0,82.63,44121.49,0
2026-02-04,2026-02-04 13:57:00,535.0,535.0,535.0,535.0,0.0,82.63,44121.49,0
2026-02-04,2026-02-04 13:58:00,535.0,535.0,535.0,535.0,0.0,82.63,44121.49,0
2026-02-04,2026-02-04 13:59:00,535.0,535.0,535.0,535.0,0.0,82.63,44121.49,0
2026-02-04,2026-02-04 14:00:00,535.0,535.0,535.0,535.0,0.0,82.63,44121.49,0
2026-02-04,2026-02-04 14:01:00,535.0,535.0,535.0,535.0,0.0,82.63,44121.49,0
2026-02-04,2026-02-04 14:02:00,535.0,535.0,535.0,535.0,0.0,82.63,44121.49,0
2026-02-04,2026-02-04 14:03:00,535.0,535.0,535.0,535.0,0.0,82.63,44121.49,0
2026-02-04,2026-02-04 14:04:00,535.0,535.0,535.0,535.0,0.0,82.63,44121.49,0
2026-02-04,2026-02-04 14:05:00,535.0,535.0,535.0,535.0,0.0,82.63,44121.49,0
2026-02-04,2026-02-04 14:06:00,535.0,535.0,535.0,535.0,0.0,82.63,44121.49,0
2026-02-04,2026-02-04 14:07:00,535.0,535.0,535.0,535.0,0.0,82.63,44121.49,0
2026-02-04,2026-02-04 14:08:00,535.0,535.0,535.0,535.0,0.0,82.63,44121.49,0
2026-02-04,2026-02-04 14:09:00,535.0,535.0,535.0,535.0,0.0,82.63,44121.49,0
2026-02-04,2026-02-04 14:10:00,535.0,535.0,535.0,535.0,0.0,82.63,44121.49,0
2026-02-04,2026-02-04 14:11:00,535.0,535.0,535.0,535.0,0.0,82.63,44121.49,0
2026-02-04,2026-02-04 14:12:00,535.0,535.0,535.0,535.0,0.0,82.63,44121.49,0
2026-02-04,2026-02-04 14:13:00,535.0,535.0,535.0,535.0,0.0,82.63,44121.49,0
2026-02-04,2026-02-04 14:14:00,535.0,535.0,535.0,535.0,0.0,82.63,44121.49,0
2026-02-04,2026-02-04 14:15:00,535.0,535.0,535.0,535.0,0.0,82.63,44121.49,0
2026-02-04,2026-02-04 14:16:00,535.0,535.0,535.0,535.0,0.0,82.63,44121.49,0
2026-02-04,2026-02-04 14:17:00,535.0,535.0,535.0,535.0,0.0,82.63,44121.49,0
2026-02-04,2026-02-04 14:18:00,535.0,535.0,535.0,535.0,0.0,82.63,44121.49,0
2026-02-04,2026-02-04 14:19:00,535.0,535.0,535.0,535.0,0.0,82.63,44121.49,0
2026-02-04,2026-02-04 14:20:00,535.0,535.0,535.0,535.0,0.0,82.63,44121.49,0
2026-02-04,2026-02-04 14:21:00,535.0,535.0,535.0,535.0,0.0,82.63,44121.49,0
2026-02-04,2026-02-04 14:22:00,535.0,535.0,535.0,535.0,0.0,82.63,44121.49,0
2026-02-04,2026-02-04 14:23:00,535.0,535.0,535.0,535.0,0.0,82.63,44121.49,0
2026-02-04,2026-02-04 14:24:00,535.0,535.0,535.0,535.0,0.0,82.63,44121.49,0
2026-02-04,2026-02-04 14:25:00,535.0,535.0,535.0,535.0,0.0,82.63,44121.49,0
2026-02-04,2026-02-04 14:26:00,535.0,535.0,535.0,535.0,0.0,82.63,44121.49,0
2026-02-04,2026-02-04 14:27:00,535.0,535.0,535.0,535.0,0.0,82.63,44121.49,0
2026-02-04,2026-02-04 14:28:00,535.0,535.0,535.0,535.0,0.0,82.63,44121.49,0
2026-02-04,2026-02-04 14:29:00,535.0,535.0,535.0,535.0,0.0,82.63,44121.49,0
2026-02-04,2026-02-04 14:30:00,535.0,535.0,535.0,535.0,0.0,82.63,44121.49,0
2026-02-04,2026-02-04 14:31:00,535.0,535.0,535.0,535.0,0.0,82.63,44121.49,0
2026-02-04,2026-02-04 14:32:00,535.0,535.0,535.0,535.0,0.0,82.63,44121.49,0
2026-02-04,2026-02-04 14:33:00,535.0,535.0,535.0,535.0,0.0,82.63,44121.49,0
2026-02-04,2026-02-04 14:34:00,535.0,535.0,535.0,535.0,0.0,82.63,44121.49,0
2026-02-04,2026-02-04 14:35:00,535.0,535.0,535.0,535.0,0.0,82.63,44121.49,0
2026-02-04,2026-02-04 14:36:00,535.0,535.0,535.0,535.0,0.0,82.63,44121.49,0
2026-02-04,2026-02-04 14:37:00,535.0,535.0,535.0,535.0,0.0,82.63,44121.49,0
2026-02-04,2026-02-04 14:38:00,535.0,535.0,535.0,535.0,0.0,82.63,44121.49,0
2026-02-04,2026-02-04 14:39:00,535.0,535.0,535.0,535.0,0.0,82.63,44121.49,0
2026-02-04,2026-02-04 14:40:00,535.0,535.0,535.0,535.0,0.0,82.63,44121.49,0
2026-02-04,2026-02-04 14:41:00,535.0,535.0,535.0,535.0,0.0,82.63,44121.49,0
2026-02-04,2026-02-04 14:42:00,535.0,535.0,535.0,535.0,0.0,82.63,44121.49,0
2026-02-04,2026-02-04 14:43:00,535.0,535.0,535.0,535.0,0.0,82.63,44121.49,0
2026-02-04,2026-02-04 14:44:00,535.0,535.0,535.0,535.0,0.0,82.63,44121.49,0
2026-02-04,2026-02-04 14:45:00,535.0,535.0,535.0,535.0,0.0,82.63,44121.49,0
2026-02-04,2026-02-04 14:46:00,535.0,535.0,535.0,535.0,0.0,82.63,44121.49,0
2026-02-04,2026-02-04 14:47:00,535.0,535.0,535.0,535.0,0.0,82.63,44121.49,0
2026-02-04,2026-02-04 14:48:00,535.0,535.0,535.0,535.0,0.0,82.63,44121.49,0
2026-02-04,2026-02-04 14:49:00,535.0,535.0,535.0,535.0,0.0,82.63,44121.49,0
2026-02-04,2026-02-04 14:50:00,535.0,535.0,535.0,535.0,0.0,82.63,44121.49,0
2026-02-04,2026-02-04 14:51:00,535.0,535.0,535.0,535.0,0.0,82.63,44121.49,0
2026-02-04,2026-02-04 14:52:00,535.0,535.0,535.0,535.0,0.0,82.63,44121.49,0
2026-02-04,2026-02-04 14:53:00,535.0,535.0,535.0,535.0,0.0,82.63,44121.49,0
2026-02-04,2026-02-04 14:54:00,535.0,535.0,535.0,535.0,0.0,82.63,44121.49,0
2026-02-04,2026-02-04 14:55:00,535.0,535.0,535.0,535.0,0.0,82.63,44121.49,0
2026-02-04,2026-02-04 14:56:00,535.0,535.0,535.0,535.0,0.0,82.63,44121.49,0
2026-02-04,2026-02-04 14:57:00,535.0,535.0,535.0,535.0,0.0,82.63,44121.49,0
2026-02-04,2026-02-04 14:58:00,535.0,535.0,535.0,535.0,0.0,82.63,44121.49,0
2026-02-04,2026-02-04 14:59:00,535.0,535.0,535.0,535.0,0.0,82.63,44121.49,0
2026-02-04,2026-02-04 15:00:00,535.0,542.0,530.0,535.0,0.0,82.63,44121.49,0
2026-02-05,2026-02-05 11:00:00,535.1,538.07,534.77,535.11,0.0,67.27,36254.13,1
2026-02-05,2026-02-05 11:01:00,535.11,535.12,535.11,535.12,0.0,67.27,36254.13,1
2026-02-05,2026-02-05 11:02:00,535.12,535.14,535.12,535.14,0.0,67.27,36254.13,1
2026-02-05,2026-02-05 11:03:00,535.14,535.15,535.14,535.15,0.0,67.27,36254.13,1
2026-02-05,2026-02-05 11:04:00,535.15,535.16,535.15,535.16,0.0,67.27,36254.13,1
2026-02-05,2026-02-05 11:05:00,535.16,535.17,535.16,535.17,0.0,67.27,36254.13,1
2026-02-05,2026-02-05 11:06:00,535.17,535.18,535.17,535.18,0.0,67.27,36254.13,1
2026-02-05,2026-02-05 11:07:00,535.18,535.2,535.18,535.2,0.0,67.27,36254.13,1
2026-02-05,2026-02-05 11:08:00,535.2,535.21,535.2,535.21,0.0,67.27,36254.13,1
2026-02-05,2026-02-05 11:09:00,535.21,535.22,535.21,535.22,0.0,67.27,36254.13,1
2026-02-05,2026-02-05 11:10:00,535.22,535.23,535.22,535.23,0.0,67.27,36254.13,1
2026-02-05,2026-02-05 11:11:00,535.23,535.25,535.23,535.25,0.0,67.27,36254.13,1
2026-02-05,2026-02-05 11:12:00,535.25,535.26,535.25,535.26,0.0,67.27,36254.13,1
2026-02-05,2026-02-05 11:13:00,535.26,535.27,535.26,535.27,0.0,67.27,36254.13,1
2026-02-05,2026-02-05 11:14:00,535.27,535.28,535.27,535.28,0.0,67.27,36254.13,1
2026-02-05,2026-02-05 11:15:00,535.28,535.29,535.28,535.29,0.0,67.27,36254.13,1
2026-02-05,2026-02-05 11:16:00,535.29,535.31,535.29,535.31,0.0,67.27,36254.13,1
2026-02-05,2026-02-05 11:17:00,535.31,535.32,535.31,535.32,0.0,67.27,36254.13,1
2026-02-05,2026-02-05 11:18:00,535.32,535.33,535.32,535.33,0.0,67.27,36254.13,1
2026-02-05,2026-02-05 11:19:00,535.33,535.34,535.33,535.34,0.0,67.27,36254.13,1
2026-02-05,2026-02-05 11:20:00,535.34,535.35,535.34,535.35,0.0,67.27,36254.13,1
2026-02-05,2026-02-05 11:21:00,535.35,535.37,535.35,535.37,0.0,67.27,36254.13,1
2026-02-05,2026-02-05 11:22:00,535.37,535.38,535.37,535.38,0.0,67.27,36254.13,1
2026-02-05,2026-02-05 11:23:00,535.38,535.39,535.38,535.39,0.0,67.27,36254.13,1
2026-02-05,2026-02-05 11:24:00,535.39,535.4,535.39,535.4,0.0,67.27,36254.13,1
2026-02-05,2026-02-05 11:25:00,535.4,535.41,535.4,535.41,0.0,67.27,36254.13,1
2026-02-05,2026-02-05 11:26:00,535.41,535.43,535.41,535.43,0.0,67.27,36254.13,1
2026-02-05,2026-02-05 11:27:00,535.43,535.44,535.43,535.44,0.0,67.27,36254.13,1
2026-02-05,2026-02-05 11:28:00,535.44,535.45,535.44,535.45,0.0,67.27,36254.13,1
2026-02-05,2026-02-05 11:29:00,535.45,535.46,535.45,535.46,0.0,67.27,36254.13,1
2026-02-05,2026-02-05 11:30:00,535.46,535.47,535.46,535.47,0.0,67.27,36254.13,1
2026-02-05,2026-02-05 11:31:00,535.47,535.49,535.47,535.49,0.0,67.27,36254.13,1
2026-02-05,2026-02-05 11:32:00,535.49,535.5,535.49,535.5,0.0,67.27,36254.13,1
2026-02-05,2026-02-05 11:33:00,535.5,535.51,535.5,535.51,0.0,67.27,36254.13,1
2026-02-05,2026-02-05 11:34:00,535.51,535.52,535.51,535.52,0.0,67.27,36254.13,1
2026-02-05,2026-02-05 11:35:00,535.52,535.53,535.52,535.53,0.0,67.27,36254.13,1
2026-02-05,2026-02-05 11:36:00,535.53,535.55,535.53,535.55,0.0,67.27,36254.13,1
2026-02-05,2026-02-05 11:37:00,535.55,535.56,535.55,535.56,0.0,67.27,36254.13,1
2026-02-05,2026-02-05 11:38:00,535.56,535.57,535.56,535.57,0.0,67.27,36254.13,1
2026-02-05,2026-02-05 11:39:00,535.57,535.58,535.57,535.58,0.0,67.27,36254.13,1
2026-02-05,2026-02-05 11:40:00,535.58,535.6,535.58,535.6,0.0,67.27,36254.13,1
2026-02-05,2026-02-05 11:41:00,535.6,535.61,535.6,535.61,0.0,67.27,36254.13,1
2026-02-05,2026-02-05 11:42:00,535.61,535.62,535.61,535.62,0.0,67.27,36254.13,1
2026-02-05,2026-02-05 11:43:00,535.62,535.63,535.62,535.63,0.0,67.27,36254.13,1
2026-02-05,2026-02-05 11:44:00,535.63,535.64,535.63,535.64,0.0,67.27,36254.13,1
2026-02-05,2026-02-05 11:45:00,535.64,535.66,535.64,535.66,0.0,67.27,36254.13,1
2026-02-05,2026-02-05 11:46:00,535.66,535.67,535.66,535.67,0.0,67.27,36254.13,1
2026-02-05,2026-02-05 11:47:00,535.67,535.68,535.67,535.68,0.0,67.27,36254.13,1
2026-02-05,2026-02-05 11:48:00,535.68,535.69,535.68,535.69,0.0,67.27,36254.13,1
2026-02-05,2026-02-05 11:49:00,535.69,535.7,535.69,535.7,0.0,67.27,36254.13,1
2026-02-05,2026-02-05 11:50:00,535.7,535.72,535.7,535.72,0.0,67.27,36254.13,1
2026-02-05,2026-02-05 11:51:00,535.72,535.73,535.72,535.73,0.0,67.27,36254.13,1
2026-02-05,2026-02-05 11:52:00,535.73,535.74,535.73,535.74,0.0,67.27,36254.13,1
2026-02-05,2026-02-05 11:53:00,535.74,535.75,535.74,535.75,0.0,67.27,36254.13,1
2026-02-05,2026-02-05 11:54:00,535.75,535.76,535.75,535.76,0.0,67.27,36254.13,1
2026-02-05,2026-02-05 11:55:00,535.76,535.78,535.76,535.78,0.0,67.27,36254.13,1
2026-02-05,2026-02-05 11:56:00,535.78,535.79,535.78,535.79,0.0,67.27,36254.13,1
2026-02-05,2026-02-05 11:57:00,535.79,535.8,535.79,535.8,0.0,67.27,36254.13,1
2026-02-05,2026-02-05 11:58:00,535.8,535.81,535.8,535.81,0.0,67.27,36254.13,1
2026-02-05,2026-02-05 11:59:00,535.81,535.83,535.81,535.83,0.0,67.27,36254.13,1
2026-02-05,2026-02-05 12:00:00,535.83,535.84,535.83,535.84,0.0,67.27,36254.13,1
2026-02-05,2026-02-05 12:01:00,535.84,535.85,535.84,535.85,0.0,67.27,36254.13,1
2026-02-05,2026-02-05 12:02:00,535.85,535.86,535.85,535.86,0.0,67.27,36254.13,1
2026-02-05,2026-02-05 12:03:00,535.86,535.87,535.86,535.87,0.0,67.27,36254.13,1
2026-02-05,2026-02-05 12:04:00,535.87,535.89,535.87,535.89,0.0,67.27,36254.13,1
2026-02-05,2026-02-05 12:05:00,535.89,535.9,535.89,535.9,0.0,67.27,36254.13,1
2026-02-05,2026-02-05 12:06:00,535.9,535.91,535.9,535.91,0.0,67.27,36254.13,1
2026-02-05,2026-02-05 12:07:00,535.91,535.92,535.91,535.92,0.0,67.27,36254.13,1
2026-02-05,2026-02-05 12:08:00,535.92,535.93,535.92,535.93,0.0,67.27,36254.13,1
2026-02-05,2026-02-05 12:09:00,535.93,535.95,535.93,535.95,0.0,67.27,36254.13,1
2026-02-05,2026-02-05 12:10:00,535.95,535.96,535.95,535.96,0.0,67.27,36254.13,1
2026-02-05,2026-02-05 12:11:00,535.96,535.97,535.96,535.97,0.0,67.27,36254.13,1
2026-02-05,2026-02-05 12:12:00,535.97,535.98,535.97,535.98,0.0,67.27,36254.13,1
2026-02-05,2026-02-05 12:13:00,535.98,535.99,535.98,535.99,0.0,67.27,36254.13,1
2026-02-05,2026-02-05 12:14:00,535.99,536.01,535.99,536.01,0.0,67.27,36254.13,1
2026-02-05,2026-02-05 12:15:00,536.01,536.02,536.01,536.02,0.0,67.27,36254.13,1
2026-02-05,2026-02-05 12:16:00,536.02,536.03,536.02,536.03,0.0,67.27,36254.13,1
2026-02-05,2026-02-05 12:17:00,536.03,536.04,536.03,536.04,0.0,67.27,36254.13,1
2026-02-05,2026-02-05 12:18:00,536.04,536.05,536.04,536.05,0.0,67.27,36254.13,1
2026-02-05,2026-02-05 12:19:00,536.05,536.07,536.05,536.07,0.0,67.27,36254.13,1
2026-02-05,2026-02-05 12:20:00,536.07,536.08,536.07,536.08,0.0,67.27,36254.13,1
2026-02-05,2026-02-05 12:21:00,536.08,536.09,536.08,536.09,0.0,67.27,36254.13,1
2026-02-05,2026-02-05 12:22:00,536.09,536.1,536.09,536.1,0.0,67.27,36254.13,1
2026-02-05,2026-02-05 12:23:00,536.1,536.12,536.1,536.12,0.0,67.27,36254.13,1
2026-02-05,2026-02-05 12:24:00,536.12,536.13,536.12,536.13,0.0,67.27,36254.13,1
2026-02-05,2026-02-05 12:25:00,536.13,536.14,536.13,536.14,0.0,67.27,36254.13,1
2026-02-05,2026-02-05 12:26:00,536.14,536.15,536.14,536.15,0.0,67.27,36254.13,1
2026-02-05,2026-02-05 12:27:00,536.15,536.16,536.15,536.16,0.0,67.27,36254.13,1
2026-02-05,2026-02-05 12:28:00,536.16,536.18,536.16,536.18,0.0,67.27,36254.13,1
2026-02-05,2026-02-05 12:29:00,536.18,536.19,536.18,536.19,0.0,67.27,36254.13,1
2026-02-05,2026-02-05 12:30:00,536.19,536.2,536.19,536.2,0.0,67.27,36254.13,1
2026-02-05,2026-02-05 12:31:00,536.2,536.21,536.2,536.21,0.0,67.27,36254.13,1
2026-02-05,2026-02-05 12:32:00,536.21,536.22,536.21,536.22,0.0,67.27,36254.13,1
2026-02-05,2026-02-05 12:33:00,536.22,536.24,536.22,536.24,0.0,67.27,36254.13,1
2026-02-05,2026-02-05 12:34:00,536.24,536.25,536.24,536.25,0.0,67.27,36254.13,1
2026-02-05,2026-02-05 12:35:00,536.25,536.26,536.25,536.26,0.0,67.27,36254.13,1
2026-02-05,2026-02-05 12:36:00,536.26,536.27,536.26,536.27,0.0,67.27,36254.13,1
2026-02-05,2026-02-05 12:37:00,536.27,536.28,536.27,536.28,0.0,67.27,36254.13,1
2026-02-05,2026-02-05 12:38:00,536.28,536.3,536.28,536.3,0.0,67.27,36254.13,1
2026-02-05,2026-02-05 12:39:00,536.3,536.31,536.3,536.31,0.0,67.27,36254.13,1
2026-02-05,2026-02-05 12:40:00,536.31,536.32,536.31,536.32,0.0,67.27,36254.13,1
2026-02-05,2026-02-05 12:41:00,536.32,536.33,536.32,536.33,0.0,67.27,36254.13,1
2026-02-05,2026-02-05 12:42:00,536.33,536.34,536.33,536.34,0.0,67.27,36254.13,1
2026-02-05,2026-02-05 12:43:00,536.34,536.36,536.34,536.36,0.0,67.27,36254.13,1
2026-02-05,2026-02-05 12:44:00,536.36,536.37,536.36,536.37,0.0,67.27,36254.13,1
2026-02-05,2026-02-05 12:45:00,536.37,536.38,536.37,536.38,0.0,67.27,36254.13,1
2026-02-05,2026-02-05 12:46:00,536.38,536.39,536.38,536.39,0.0,67.27,36254.13,1
2026-02-05,2026-02-05 12:47:00,536.39,536.4,536.39,536.4,0.0,67.27,36254.13,1
2026-02-05,2026-02-05 12:48:00,536.4,536.42,536.4,536.42,0.0,67.27,36254.13,1
2026-02-05,2026-02-05 12:49:00,536.42,536.43,536.42,536.43,0.0,67.27,36254.13,1
2026-02-05,2026-02-05 12:50:00,536.43,536.44,536.43,536.44,0.0,67.27,36254.13,1
2026-02-05,2026-02-05 12:51:00,536.44,536.45,536.44,536.45,0.0,67.27,36254.13,1
2026-02-05,2026-02-05 12:52:00,536.45,536.47,536.45,536.47,0.0,67.27,36254.13,1
2026-02-05,2026-02-05 12:53:00,536.47,536.48,536.47,536.48,0.0,67.27,36254.13,1
2026-02-05,2026-02-05 12:54:00,536.48,536.49,536.48,536.49,0.0,67.27,36254.13,1
2026-02-05,2026-02-05 12:55:00,536.49,536.5,536.49,536.5,0.0,67.27,36254.13,1
2026-02-05,2026-02-05 12:56:00,536.5,536.51,536.5,536.51,0.0,67.27,36254.13,1
2026-02-05,2026-02-05 12:57:00,536.51,536.53,536.51,536.53,0.0,67.27,36254.13,1
2026-02-05,2026-02-05 12:58:00,536.53,536.54,536.53,536.54,0.0,67.27,36254.13,1
2026-02-05,2026-02-05 12:59:00,536.54,536.55,536.54,536.55,0.0,67.27,36254.13,1
2026-02-05,2026-02-05 13:00:00,536.55,545.0,534.0,536.56,0.0,67.27,36254.13,1
2026-02-05,2026-02-05 13:01:00,536.56,536.57,536.56,536.57,0.0,67.27,36254.13,1
2026-02-05,2026-02-05 13:02:00,536.57,536.59,536.57,536.59,0.0,67.27,36254.13,1
2026-02-05,2026-02-05 13:03:00,536.59,536.6,536.59,536.6,0.0,67.27,36254.13,1
2026-02-05,2026-02-05 13:04:00,536.6,536.61,536.6,536.61,0.0,67.27,36254.13,1
2026-02-05,2026-02-05 13:05:00,536.61,536.62,536.61,536.62,0.0,67.27,36254.13,1
2026-02-05,2026-02-05 13:06:00,536.62,536.63,536.62,536.63,0.0,67.27,36254.13,1
2026-02-05,2026-02-05 13:07:00,536.63,536.65,536.63,536.65,0.0,67.27,36254.13,1
2026-02-05,2026-02-05 13:08:00,536.65,536.66,536.65,536.66,0.0,67.27,36254.13,1
2026-02-05,2026-02-05 13:09:00,536.66,536.67,536.66,536.67,0.0,67.27,36254.13,1
2026-02-05,2026-02-05 13:10:00,536.67,536.68,536.67,536.68,0.0,67.27,36254.13,1
2026-02-05,2026-02-05 13:11:00,536.68,536.7,536.68,536.7,0.0,67.27,36254.13,1
2026-02-05,2026-02-05 13:12:00,536.7,536.71,536.7,536.71,0.0,67.27,36254.13,1
2026-02-05,2026-02-05 13:13:00,536.71,536.72,536.71,536.72,0.0,67.27,36254.13,1
2026-02-05,2026-02-05 13:14:00,536.72,536.73,536.72,536.73,0.0,67.27,36254.13,1
2026-02-05,2026-02-05 13:15:00,536.73,536.74,536.73,536.74,0.0,67.27,36254.13,1
2026-02-05,2026-02-05 13:16:00,536.74,536.76,536.74,536.76,0.0,67.27,36254.13,1
2026-02-05,2026-02-05 13:17:00,536.76,536.77,536.76,536.77,0.0,67.27,36254.13,1
2026-02-05,2026-02-05 13:18:00,536.77,536.78,536.77,536.78,0.0,67.27,36254.13,1
2026-02-05,2026-02-05 13:19:00,536.78,536.79,536.78,536.79,0.0,67.27,36254.13,1
2026-02-05,2026-02-05 13:20:00,536.79,536.8,536.79,536.8,0.0,67.27,36254.13,1
2026-02-05,2026-02-05 13:21:00,536.8,536.82,536.8,536.82,0.0,67.27,36254.13,1
2026-02-05,2026-02-05 13:22:00,536.82,536.83,536.82,536.83,0.0,67.27,36254.13,1
2026-02-05,2026-02-05 13:23:00,536.83,536.84,536.83,536.84,0.0,67.27,36254.13,1
2026-02-05,2026-02-05 13:24:00,536.84,536.85,536.84,536.85,0.0,67.27,36254.13,1
2026-02-05,2026-02-05 13:25:00,536.85,536.86,536.85,536.86,0.0,67.27,36254.13,1
2026-02-05,2026-02-05 13:26:00,536.86,536.88,536.86,536.88,0.0,67.27,36254.13,1
2026-02-05,2026-02-05 13:27:00,536.88,536.89,536.88,536.89,0.0,67.27,36254.13,1
2026-02-05,2026-02-05 13:28:00,536.89,536.9,536.89,536.9,0.0,67.27,36254.13,1
2026-02-05,2026-02-05 13:29:00,536.9,536.91,536.9,536.91,0.0,67.27,36254.13,1
2026-02-05,2026-02-05 13:30:00,536.91,536.92,536.91,536.92,0.0,67.27,36254.13,1
2026-02-05,2026-02-05 13:31:00,536.92,536.94,536.92,536.94,0.0,67.27,36254.13,1
2026-02-05,2026-02-05 13:32:00,536.94,536.95,536.94,536.95,0.0,67.27,36254.13,1
2026-02-05,2026-02-05 13:33:00,536.95,536.96,536.95,536.96,0.0,67.27,36254.13,1
2026-02-05,2026-02-05 13:34:00,536.96,536.97,536.96,536.97,0.0,67.27,36254.13,1
2026-02-05,2026-02-05 13:35:00,536.97,536.99,536.97,536.99,0.0,67.27,36254.13,1
2026-02-05,2026-02-05 13:36:00,536.99,537.0,536.99,537.0,0.0,67.27,36254.13,1
2026-02-05,2026-02-05 13:37:00,537.0,537.01,537.0,537.01,0.0,67.27,36254.13,1
2026-02-05,2026-02-05 13:38:00,537.01,537.02,537.01,537.02,0.0,67.27,36254.13,1
2026-02-05,2026-02-05 13:39:00,537.02,537.03,537.02,537.03,0.0,67.27,36254.13,1
2026-02-05,2026-02-05 13:40:00,537.03,537.05,537.03,537.05,0.0,67.27,36254.13,1
2026-02-05,2026-02-05 13:41:00,537.05,537.06,537.05,537.06,0.0,67.27,36254.13,1
2026-02-05,2026-02-05 13:42:00,537.06,537.07,537.06,537.07,0.0,67.27,36254.13,1
2026-02-05,2026-02-05 13:43:00,537.07,537.08,537.07,537.08,0.0,67.27,36254.13,1
2026-02-05,2026-02-05 13:44:00,537.08,537.09,537.08,537.09,0.0,67.27,36254.13,1
2026-02-05,2026-02-05 13:45:00,537.09,537.11,537.09,537.11,0.0,67.27,36254.13,1
2026-02-05,2026-02-05 13:46:00,537.11,537.12,537.11,537.12,0.0,67.27,36254.13,1
2026-02-05,2026-02-05 13:47:00,537.12,537.13,537.12,537.13,0.0,67.27,36254.13,1
2026-02-05,2026-02-05 13:48:00,537.13,537.14,537.13,537.14,0.0,67.27,36254.13,1
2026-02-05,2026-02-05 13:49:00,537.14,537.15,537.14,537.15,0.0,67.27,36254.13,1
2026-02-05,2026-02-05 13:50:00,537.15,537.17,537.15,537.17,0.0,67.27,36254.13,1
2026-02-05,2026-02-05 13:51:00,537.17,537.18,537.17,537.18,0.0,67.27,36254.13,1
2026-02-05,2026-02-05 13:52:00,537.18,537.19,537.18,537.19,0.0,67.27,36254.13,1
2026-02-05,2026-02-05 13:53:00,537.19,537.2,537.19,537.2,0.0,67.27,36254.13,1
2026-02-05,2026-02-05 13:54:00,537.2,537.21,537.2,537.21,0.0,67.27,36254.13,1
2026-02-05,2026-02-05 13:55:00,537.21,537.23,537.21,537.23,0.0,67.27,36254.13,1
2026-02-05,2026-02-05 13:56:00,537.23,537.24,537.23,537.24,0.0,67.27,36254.13,1
2026-02-05,2026-02-05 13:57:00,537.24,537.25,537.24,537.25,0.0,67.27,36254.13,1
2026-02-05,2026-02-05 13:58:00,537.25,537.26,537.25,537.26,0.0,67.27,36254.13,1
2026-02-05,2026-02-05 13:59:00,537.26,537.27,537.26,537.27,0.0,67.27,36254.13,1
2026-02-05,2026-02-05 14:00:00,537.27,537.29,537.27,537.29,0.0,67.27,36254.13,1
2026-02-05,2026-02-05 14:01:00,537.29,537.3,537.29,537.3,0.0,67.27,36254.13,1
2026-02-05,2026-02-05 14:02:00,537.3,537.31,537.3,537.31,0.0,67.27,36254.13,1
2026-02-05,2026-02-05 14:03:00,537.31,537.32,537.31,537.32,0.0,67.27,36254.13,1
2026-02-05,2026-02-05 14:04:00,537.32,537.34,537.32,537.34,0.0,67.27,36254.13,1
2026-02-05,2026-02-05 14:05:00,537.34,537.35,537.34,537.35,0.0,67.27,36254.13,1
2026-02-05,2026-02-05 14:06:00,537.35,537.36,537.35,537.36,0.0,67.27,36254.13,1
2026-02-05,2026-02-05 14:07:00,537.36,537.37,537.36,537.37,0.0,67.27,36254.13,1
2026-02-05,2026-02-05 14:08:00,537.37,537.38,537.37,537.38,0.0,67.27,36254.13,1
2026-02-05,2026-02-05 14:09:00,537.38,537.4,537.38,537.4,0.0,67.27,36254.13,1
2026-02-05,2026-02-05 14:10:00,537.4,537.41,537.4,537.41,0.0,67.27,36254.13,1
2026-02-05,2026-02-05 14:11:00,537.41,537.42,537.41,537.42,0.0,67.27,36254.13,1
2026-02-05,2026-02-05 14:12:00,537.42,537.43,537.42,537.43,0.0,67.27,36254.13,1
2026-02-05,2026-02-05 14:13:00,537.43,537.44,537.43,537.44,0.0,67.27,36254.13,1
2026-02-05,2026-02-05 14:14:00,537.44,537.46,537.44,537.46,0.0,67.27,36254.13,1
2026-02-05,2026-02-05 14:15:00,537.46,537.47,537.46,537.47,0.0,67.27,36254.13,1
2026-02-05,2026-02-05 14:16:00,537.47,537.48,537.47,537.48,0.0,67.27,36254.13,1
2026-02-05,2026-02-05 14:17:00,537.48,537.49,537.48,537.49,0.0,67.27,36254.13,1
2026-02-05,2026-02-05 14:18:00,537.49,537.5,537.49,537.5,0.0,67.27,36254.13,1
2026-02-05,2026-02-05 14:19:00,537.5,537.52,537.5,537.52,0.0,67.27,36254.13,1
2026-02-05,2026-02-05 14:20:00,537.52,537.53,537.52,537.53,0.0,67.27,36254.13,1
2026-02-05,2026-02-05 14:21:00,537.53,537.54,537.53,537.54,0.0,67.27,36254.13,1
2026-02-05,2026-02-05 14:22:00,537.54,537.55,537.54,537.55,0.0,67.27,36254.13,1
2026-02-05,2026-02-05 14:23:00,537.55,537.57,537.55,537.57,0.0,67.27,36254.13,1
2026-02-05,2026-02-05 14:24:00,537.57,537.58,537.57,537.58,0.0,67.27,36254.13,1
2026-02-05,2026-02-05 14:25:00,537.58,537.59,537.58,537.59,0.0,67.27,36254.13,1
2026-02-05,2026-02-05 14:26:00,537.59,537.6,537.59,537.6,0.0,67.27,36254.13,1
2026-02-05,2026-02-05 14:27:00,537.6,537.61,537.6,537.61,0.0,67.27,36254.13,1
2026-02-05,2026-02-05 14:28:00,537.61,537.63,537.61,537.63,0.0,67.27,36254.13,1
2026-02-05,2026-02-05 14:29:00,537.63,537.64,537.63,537.64,0.0,67.27,36254.13,1
2026-02-05,2026-02-05 14:30:00,537.64,537.65,537.64,537.65,0.0,67.27,36254.13,1
2026-02-05,2026-02-05 14:31:00,537.65,537.66,537.65,537.66,0.0,67.27,36254.13,1
2026-02-05,2026-02-05 14:32:00,537.66,537.67,537.66,537.67,0.0,67.27,36254.13,1
2026-02-05,2026-02-05 14:33:00,537.67,537.69,537.67,537.69,0.0,67.27,36254.13,1
2026-02-05,2026-02-05 14:34:00,537.69,537.7,537.69,537.7,0.0,67.27,36254.13,1
2026-02-05,2026-02-05 14:35:00,537.7,537.71,537.7,537.71,0.0,67.27,36254.13,1
2026-02-05,2026-02-05 14:36:00,537.71,537.72,537.71,537.72,0.0,67.27,36254.13,1
2026-02-05,2026-02-05 14:37:00,537.72,537.73,537.72,537.73,0.0,67.27,36254.13,1
2026-02-05,2026-02-05 14:38:00,537.73,537.75,537.73,537.75,0.0,67.27,36254.13,1
2026-02-05,2026-02-05 14:39:00,537.75,537.76,537.75,537.76,0.0,67.27,36254.13,1
2026-02-05,2026-02-05 14:40:00,537.76,537.77,537.76,537.77,0.0,67.27,36254.13,1
2026-02-05,2026-02-05 14:41:00,537.77,537.78,537.77,537.78,0.0,67.27,36254.13,1
2026-02-05,2026-02-05 14:42:00,537.78,537.79,537.78,537.79,0.0,67.27,36254.13,1
2026-02-05,2026-02-05 14:43:00,537.79,537.81,537.79,537.81,0.0,67.27,36254.13,1
2026-02-05,2026-02-05 14:44:00,537.81,537.82,537.81,537.82,0.0,67.27,36254.13,1
2026-02-05,2026-02-05 14:45:00,537.82,537.83,537.82,537.83,0.0,67.27,36254.13,1
2026-02-05,2026-02-05 14:46:00,537.83,537.84,537.83,537.84,0.0,67.27,36254.13,1
2026-02-05,2026-02-05 14:47:00,537.84,537.86,537.84,537.86,0.0,67.27,36254.13,1
2026-02-05,2026-02-05 14:48:00,537.86,537.87,537.86,537.87,0.0,67.27,36254.13,1
2026-02-05,2026-02-05 14:49:00,537.87,537.88,537.87,537.88,0.0,67.27,36254.13,1
2026-02-05,2026-02-05 14:50:00,537.88,537.89,537.88,537.89,0.0,67.27,36254.13,1
2026-02-05,2026-02-05 14:51:00,537.89,537.9,537.89,537.9,0.0,67.27,36254.13,1
2026-02-05,2026-02-05 14:52:00,537.9,537.92,537.9,537.92,0.0,67.27,36254.13,1
2026-02-05,2026-02-05 14:53:00,537.92,537.93,537.92,537.93,0.0,67.27,36254.13,1
2026-02-05,2026-02-05 14:54:00,537.93,537.94,537.93,537.94,0.0,67.27,36254.13,1
2026-02-05,2026-02-05 14:55:00,537.94,537.95,537.94,537.95,0.0,67.27,36254.13,1
2026-02-05,2026-02-05 14:56:00,537.95,537.96,537.95,537.96,0.0,67.27,36254.13,1
2026-02-05,2026-02-05 14:57:00,537.96,537.98,537.96,537.98,0.0,67.27,36254.13,1
2026-02-05,2026-02-05 14:58:00,537.98,537.99,537.98,537.99,0.0,67.27,36254.13,1
2026-02-05,2026-02-05 14:59:00,537.99,538.0,537.99,538.0,0.0,67.27,36254.13,1
2026-02-05,2026-02-05 15:00:00,538.0,545.0,534.0,538.0,0.0,67.27,36254.13,0
2026-02-08,2026-02-08 11:00:00,540.0,542.97,539.4,540.0,0.0,69.9,37891.29,0
2026-02-08,2026-02-08 11:01:00,540.0,540.0,540.0,540.0,0.0,69.9,37891.29,0
2026-02-08,2026-02-08 11:02:00,540.0,540.0,540.0,540.0,0.0,69.9,37891.29,0
2026-02-08,2026-02-08 11:03:00,540.0,540.0,540.0,540.0,0.0,69.9,37891.29,0
2026-02-08,2026-02-08 11:04:00,540.0,540.0,540.0,540.0,0.0,69.9,37891.29,0
2026-02-08,2026-02-08 11:05:00,540.0,540.0,540.0,540.0,0.0,69.9,37891.29,0
2026-02-08,2026-02-08 11:06:00,540.0,540.0,540.0,540.0,0.0,69.9,37891.29,0
2026-02-08,2026-02-08 11:07:00,540.0,540.0,540.0,540.0,0.0,69.9,37891.29,0
2026-02-08,2026-02-08 11:08:00,540.0,540.0,540.0,540.0,0.0,69.9,37891.29,0
2026-02-08,2026-02-08 11:09:00,540.0,540.0,540.0,540.0,0.0,69.9,37891.29,0
2026-02-08,2026-02-08 11:10:00,540.0,540.0,540.0,540.0,0.0,69.9,37891.29,0
2026-02-08,2026-02-08 11:11:00,540.0,540.0,540.0,540.0,0.0,69.9,37891.29,0
2026-02-08,2026-02-08 11:12:00,540.0,540.0,540.0,540.0,0.0,69.9,37891.29,0
2026-02-08,2026-02-08 11:13:00,540.0,540.0,540.0,540.0,0.0,69.9,37891.29,0
2026-02-08,2026-02-08 11:14:00,540.0,540.0,540.0,540.0,0.0,69.9,37891.29,0
2026-02-08,2026-02-08 11:15:00,540.0,540.0,540.0,540.0,0.0,69.9,37891.29,0
2026-02-08,2026-02-08 11:16:00,540.0,540.0,540.0,540.0,0.0,69.9,37891.29,0
2026-02-08,2026-02-08 11:17:00,540.0,540.0,540.0,540.0,0.0,69.9,37891.29,0
2026-02-08,2026-02-08 11:18:00,540.0,540.0,540.0,540.0,0.0,69.9,37891.29,0
2026-02-08,2026-02-08 11:19:00,540.0,540.0,540.0,540.0,0.0,69.9,37891.29,0
2026-02-08,2026-02-08 11:20:00,540.0,540.0,540.0,540.0,0.0,69.9,37891.29,0
2026-02-08,2026-02-08 11:21:00,540.0,540.0,540.0,540.0,0.0,69.9,37891.29,0
2026-02-08,2026-02-08 11:22:00,540.0,540.0,540.0,540.0,0.0,69.9,37891.29,0
2026-02-08,2026-02-08 11:23:00,540.0,540.0,540.0,540.0,0.0,69.9,37891.29,0
2026-02-08,2026-02-08 11:24:00,540.0,540.0,540.0,540.0,0.0,69.9,37891.29,0
2026-02-08,2026-02-08 11:25:00,540.0,540.0,540.0,540.0,0.0,69.9,37891.29,0
2026-02-08,2026-02-08 11:26:00,540.0,540.0,540.0,540.0,0.0,69.9,37891.29,0
2026-02-08,2026-02-08 11:27:00,540.0,540.0,540.0,540.0,0.0,69.9,37891.29,0
2026-02-08,2026-02-08 11:28:00,540.0,540.0,540.0,540.0,0.0,69.9,37891.29,0
2026-02-08,2026-02-08 11:29:00,540.0,540.0,540.0,540.0,0.0,69.9,37891.29,0
2026-02-08,2026-02-08 11:30:00,540.0,540.0,540.0,540.0,0.0,69.9,37891.29,0
2026-02-08,2026-02-08 11:31:00,540.0,540.0,540.0,540.0,0.0,69.9,37891.29,0
2026-02-08,2026-02-08 11:32:00,540.0,540.0,540.0,540.0,0.0,69.9,37891.29,0
2026-02-08,2026-02-08 11:33:00,540.0,540.0,540.0,540.0,0.0,69.9,37891.29,0
2026-02-08,2026-02-08 11:34:00,540.0,540.0,540.0,540.0,0.0,69.9,37891.29,0
2026-02-08,2026-02-08 11:35:00,540.0,540.0,540.0,540.0,0.0,69.9,37891.29,0
2026-02-08,2026-02-08 11:36:00,540.0,540.0,540.0,540.0,0.0,69.9,37891.29,0
2026-02-08,2026-02-08 11:37:00,540.0,540.0,540.0,540.0,0.0,69.9,37891.29,0
2026-02-08,2026-02-08 11:38:00,540.0,540.0,540.0,540.0,0.0,69.9,37891.29,0
2026-02-08,2026-02-08 11:39:00,540.0,540.0,540.0,540.0,0.0,69.9,37891.29,0
2026-02-08,2026-02-08 11:40:00,540.0,540.0,540.0,540.0,0.0,69.9,37891.29,0
2026-02-08,2026-02-08 11:41:00,540.0,540.0,540.0,540.0,0.0,69.9,37891.29,0
2026-02-08,2026-02-08 11:42:00,540.0,540.0,540.0,540.0,0.0,69.9,37891.29,0
2026-02-08,2026-02-08 11:43:00,540.0,540.0,540.0,540.0,0.0,69.9,37891.29,0
2026-02-08,2026-02-08 11:44:00,540.0,540.0,540.0,540.0,0.0,69.9,37891.29,0
2026-02-08,2026-02-08 11:45:00,540.0,540.0,540.0,540.0,0.0,69.9,37891.29,0
2026-02-08,2026-02-08 11:46:00,540.0,540.0,540.0,540.0,0.0,69.9,37891.29,0
2026-02-08,2026-02-08 11:47:00,540.0,540.0,540.0,540.0,0.0,69.9,37891.29,0
2026-02-08,2026-02-08 11:48:00,540.0,540.0,540.0,540.0,0.0,69.9,37891.29,0
2026-02-08,2026-02-08 11:49:00,540.0,540.0,540.0,540.0,0.0,69.9,37891.29,0
2026-02-08,2026-02-08 11:50:00,540.0,540.0,540.0,540.0,0.0,69.9,37891.29,0
2026-02-08,2026-02-08 11:51:00,540.0,540.0,540.0,540.0,0.0,69.9,37891.29,0
2026-02-08,2026-02-08 11:52:00,540.0,540.0,540.0,540.0,0.0,69.9,37891.29,0
2026-02-08,2026-02-08 11:53:00,540.0,540.0,540.0,540.0,0.0,69.9,37891.29,0
2026-02-08,2026-02-08 11:54:00,540.0,540.0,540.0,540.0,0.0,69.9,37891.29,0
2026-02-08,2026-02-08 11:55:00,540.0,540.0,540.0,540.0,0.0,69.9,37891.29,0
2026-02-08,2026-02-08 11:56:00,540.0,540.0,540.0,540.0,0.0,69.9,37891.29,0
2026-02-08,2026-02-08 11:57:00,540.0,540.0,540.0,540.0,0.0,69.9,37891.29,0
2026-02-08,2026-02-08 11:58:00,540.0,540.0,540.0,540.0,0.0,69.9,37891.29,0
2026-02-08,2026-02-08 11:59:00,540.0,540.0,540.0,540.0,0.0,69.9,37891.29,0
2026-02-08,2026-02-08 12:00:00,540.0,540.0,540.0,540.0,0.0,69.9,37891.29,0
2026-02-08,2026-02-08 12:01:00,540.0,540.0,540.0,540.0,0.0,69.9,37891.29,0
2026-02-08,2026-02-08 12:02:00,540.0,540.0,540.0,540.0,0.0,69.9,37891.29,0
2026-02-08,2026-02-08 12:03:00,540.0,540.0,540.0,540.0,0.0,69.9,37891.29,0
2026-02-08,2026-02-08 12:04:00,540.0,540.0,540.0,540.0,0.0,69.9,37891.29,0
2026-02-08,2026-02-08 12:05:00,540.0,540.0,540.0,540.0,0.0,69.9,37891.29,0
2026-02-08,2026-02-08 12:06:00,540.0,540.0,540.0,540.0,0.0,69.9,37891.29,0
2026-02-08,2026-02-08 12:07:00,540.0,540.0,540.0,540.0,0.0,69.9,37891.29,0
2026-02-08,2026-02-08 12:08:00,540.0,540.0,540.0,540.0,0.0,69.9,37891.29,0
2026-02-08,2026-02-08 12:09:00,540.0,540.0,540.0,540.0,0.0,69.9,37891.29,0
2026-02-08,2026-02-08 12:10:00,540.0,540.0,540.0,540.0,0.0,69.9,37891.29,0
2026-02-08,2026-02-08 12:11:00,540.0,540.0,540.0,540.0,0.0,69.9,37891.29,0
2026-02-08,2026-02-08 12:12:00,540.0,540.0,540.0,540.0,0.0,69.9,37891.29,0
2026-02-08,2026-02-08 12:13:00,540.0,540.0,540.0,540.0,0.0,69.9,37891.29,0
2026-02-08,2026-02-08 12:14:00,540.0,540.0,540.0,540.0,0.0,69.9,37891.29,0
2026-02-08,2026-02-08 12:15:00,540.0,540.0,540.0,540.0,0.0,69.9,37891.29,0
2026-02-08,2026-02-08 12:16:00,540.0,540.0,540.0,540.0,0.0,69.9,37891.29,0
2026-02-08,2026-02-08 12:17:00,540.0,540.0,540.0,540.0,0.0,69.9,37891.29,0
2026-02-08,2026-02-08 12:18:00,540.0,540.0,540.0,540.0,0.0,69.9,37891.29,0
2026-02-08,2026-02-08 12:19:00,540.0,540.0,540.0,540.0,0.0,69.9,37891.29,0
2026-02-08,2026-02-08 12:20:00,540.0,540.0,540.0,540.0,0.0,69.9,37891.29,0
2026-02-08,2026-02-08 12:21:00,540.0,540.0,540.0,540.0,0.0,69.9,37891.29,0
2026-02-08,2026-02-08 12:22:00,540.0,540.0,540.0,540.0,0.0,69.9,37891.29,0
2026-02-08,2026-02-08 12:23:00,540.0,540.0,540.0,540.0,0.0,69.9,37891.29,0
2026-02-08,2026-02-08 12:24:00,540.0,540.0,540.0,540.0,0.0,69.9,37891.29,0
2026-02-08,2026-02-08 12:25:00,540.0,540.0,540.0,540.0,0.0,69.9,37891.29,0
2026-02-08,2026-02-08 12:26:00,540.0,540.0,540.0,540.0,0.0,69.9,37891.29,0
2026-02-08,2026-02-08 12:27:00,540.0,540.0,540.0,540.0,0.0,69.9,37891.29,0
2026-02-08,2026-02-08 12:28:00,540.0,540.0,540.0,540.0,0.0,69.9,37891.29,0
2026-02-08,2026-02-08 12:29:00,540.0,540.0,540.0,540.0,0.0,69.9,37891.29,0
2026-02-08,2026-02-08 12:30:00,540.0,540.0,540.0,540.0,0.0,69.9,37891.29,0
2026-02-08,2026-02-08 12:31:00,540.0,540.0,540.0,540.0,0.0,69.9,37891.29,0
2026-02-08,2026-02-08 12:32:00,540.0,540.0,540.0,540.0,0.0,69.9,37891.29,0
2026-02-08,2026-02-08 12:33:00,540.0,540.0,540.0,540.0,0.0,69.9,37891.29,0
2026-02-08,2026-02-08 12:34:00,540.0,540.0,540.0,540.0,0.0,69.9,37891.29,0
2026-02-08,2026-02-08 12:35:00,540.0,540.0,540.0,540.0,0.0,69.9,37891.29,0
2026-02-08,2026-02-08 12:36:00,540.0,540.0,540.0,540.0,0.0,69.9,37891.29,0
2026-02-08,2026-02-08 12:37:00,540.0,540.0,540.0,540.0,0.0,69.9,37891.29,0
2026-02-08,2026-02-08 12:38:00,540.0,540.0,540.0,540.0,0.0,69.9,37891.29,0
2026-02-08,2026-02-08 12:39:00,540.0,540.0,540.0,540.0,0.0,69.9,37891.29,0
2026-02-08,2026-02-08 12:40:00,540.0,540.0,540.0,540.0,0.0,69.9,37891.29,0
2026-02-08,2026-02-08 12:41:00,540.0,540.0,540.0,540.0,0.0,69.9,37891.29,0
2026-02-08,2026-02-08 12:42:00,540.0,540.0,540.0,540.0,0.0,69.9,37891.29,0
2026-02-08,2026-02-08 12:43:00,540.0,540.0,540.0,540.0,0.0,69.9,37891.29,0
2026-02-08,2026-02-08 12:44:00,540.0,540.0,540.0,540.0,0.0,69.9,37891.29,0
2026-02-08,2026-02-08 12:45:00,540.0,540.0,540.0,540.0,0.0,69.9,37891.29,0
2026-02-08,2026-02-08 12:46:00,540.0,540.0,540.0,540.0,0.0,69.9,37891.29,0
2026-02-08,2026-02-08 12:47:00,540.0,540.0,540.0,540.0,0.0,69.9,37891.29,0
2026-02-08,2026-02-08 12:48:00,540.0,540.0,540.0,540.0,0.0,69.9,37891.29,0
2026-02-08,2026-02-08 12:49:00,540.0,540.0,540.0,540.0,0.0,69.9,37891.29,0
2026-02-08,2026-02-08 12:50:00,540.0,540.0,540.0,540.0,0.0,69.9,37891.29,0
2026-02-08,2026-02-08 12:51:00,540.0,540.0,540.0,540.0,0.0,69.9,37891.29,0
2026-02-08,2026-02-08 12:52:00,540.0,540.0,540.0,540.0,0.0,69.9,37891.29,0
2026-02-08,2026-02-08 12:53:00,540.0,540.0,540.0,540.0,0.0,69.9,37891.29,0
2026-02-08,2026-02-08 12:54:00,540.0,540.0,540.0,540.0,0.0,69.9,37891.29,0
2026-02-08,2026-02-08 12:55:00,540.0,540.0,540.0,540.0,0.0,69.9,37891.29,0
2026-02-08,2026-02-08 12:56:00,540.0,540.0,540.0,540.0,0.0,69.9,37891.29,0
2026-02-08,2026-02-08 12:57:00,540.0,540.0,540.0,540.0,0.0,69.9,37891.29,0
2026-02-08,2026-02-08 12:58:00,540.0,540.0,540.0,540.0,0.0,69.9,37891.29,0
2026-02-08,2026-02-08 12:59:00,540.0,540.0,540.0,540.0,0.0,69.9,37891.29,0
2026-02-08,2026-02-08 13:00:00,540.0,549.9,538.0,540.0,0.0,69.9,37891.29,0
2026-02-08,2026-02-08 13:01:00,540.0,540.0,540.0,540.0,0.0,69.9,37891.29,0
2026-02-08,2026-02-08 13:02:00,540.0,540.0,540.0,540.0,0.0,69.9,37891.29,0
2026-02-08,2026-02-08 13:03:00,540.0,540.0,540.0,540.0,0.0,69.9,37891.29,0
2026-02-08,2026-02-08 13:04:00,540.0,540.0,540.0,540.0,0.0,69.9,37891.29,0
2026-02-08,2026-02-08 13:05:00,540.0,540.0,540.0,540.0,0.0,69.9,37891.29,0
2026-02-08,2026-02-08 13:06:00,540.0,540.0,540.0,540.0,0.0,69.9,37891.29,0
2026-02-08,2026-02-08 13:07:00,540.0,540.0,540.0,540.0,0.0,69.9,37891.29,0
2026-02-08,2026-02-08 13:08:00,540.0,540.0,540.0,540.0,0.0,69.9,37891.29,0
2026-02-08,2026-02-08 13:09:00,540.0,540.0,540.0,540.0,0.0,69.9,37891.29,0
2026-02-08,2026-02-08 13:10:00,540.0,540.0,540.0,540.0,0.0,69.9,37891.29,0
2026-02-08,2026-02-08 13:11:00,540.0,540.0,540.0,540.0,0.0,69.9,37891.29,0
2026-02-08,2026-02-08 13:12:00,540.0,540.0,540.0,540.0,0.0,69.9,37891.29,0
2026-02-08,2026-02-08 13:13:00,540.0,540.0,540.0,540.0,0.0,69.9,37891.29,0
2026-02-08,2026-02-08 13:14:00,540.0,540.0,540.0,540.0,0.0,69.9,37891.29,0
2026-02-08,2026-02-08 13:15:00,540.0,540.0,540.0,540.0,0.0,69.9,37891.29,0
2026-02-08,2026-02-08 13:16:00,540.0,540.0,540.0,540.0,0.0,69.9,37891.29,0
2026-02-08,2026-02-08 13:17:00,540.0,540.0,540.0,540.0,0.0,69.9,37891.29,0
2026-02-08,2026-02-08 13:18:00,540.0,540.0,540.0,540.0,0.0,69.9,37891.29,0
2026-02-08,2026-02-08 13:19:00,540.0,540.0,540.0,540.0,0.0,69.9,37891.29,0
2026-02-08,2026-02-08 13:20:00,540.0,540.0,540.0,540.0,0.0,69.9,37891.29,0
2026-02-08,2026-02-08 13:21:00,540.0,540.0,540.0,540.0,0.0,69.9,37891.29,0
2026-02-08,2026-02-08 13:22:00,540.0,540.0,540.0,540.0,0.0,69.9,37891.29,0
2026-02-08,2026-02-08 13:23:00,540.0,540.0,540.0,540.0,0.0,69.9,37891.29,0
2026-02-08,2026-02-08 13:24:00,540.0,540.0,540.0,540.0,0.0,69.9,37891.29,0
2026-02-08,2026-02-08 13:25:00,540.0,540.0,540.0,540.0,0.0,69.9,37891.29,0
2026-02-08,2026-02-08 13:26:00,540.0,540.0,540.0,540.0,0.0,69.9,37891.29,0
2026-02-08,2026-02-08 13:27:00,540.0,540.0,540.0,540.0,0.0,69.9,37891.29,0
2026-02-08,2026-02-08 13:28:00,540.0,540.0,540.0,540.0,0.0,69.9,37891.29,0
2026-02-08,2026-02-08 13:29:00,540.0,540.0,540.0,540.0,0.0,69.9,37891.29,0
2026-02-08,2026-02-08 13:30:00,540.0,540.0,540.0,540.0,0.0,69.9,37891.29,0
2026-02-08,2026-02-08 13:31:00,540.0,540.0,540.0,540.0,0.0,69.9,37891.29,0
2026-02-08,2026-02-08 13:32:00,540.0,540.0,540.0,540.0,0.0,69.9,37891.29,0
2026-02-08,2026-02-08 13:33:00,540.0,540.0,540.0,540.0,0.0,69.9,37891.29,0
2026-02-08,2026-02-08 13:34:00,540.0,540.0,540.0,540.0,0.0,69.9,37891.29,0
2026-02-08,2026-02-08 13:35:00,540.0,540.0,540.0,540.0,0.0,69.9,37891.29,0
2026-02-08,2026-02-08 13:36:00,540.0,540.0,540.0,540.0,0.0,69.9,37891.29,0
2026-02-08,2026-02-08 13:37:00,540.0,540.0,540.0,540.0,0.0,69.9,37891.29,0
2026-02-08,2026-02-08 13:38:00,540.0,540.0,540.0,540.0,0.0,69.9,37891.29,0
2026-02-08,2026-02-08 13:39:00,540.0,540.0,540.0,540.0,0.0,69.9,37891.29,0
2026-02-08,2026-02-08 13:40:00,540.0,540.0,540.0,540.0,0.0,69.9,37891.29,0
2026-02-08,2026-02-08 13:41:00,540.0,540.0,540.0,540.0,0.0,69.9,37891.29,0
2026-02-08,2026-02-08 13:42:00,540.0,540.0,540.0,540.0,0.0,69.9,37891.29,0
2026-02-08,2026-02-08 13:43:00,540.0,540.0,540.0,540.0,0.0,69.9,37891.29,0
2026-02-08,2026-02-08 13:44:00,540.0,540.0,540.0,540.0,0.0,69.9,37891.29,0
2026-02-08,2026-02-08 13:45:00,540.0,540.0,540.0,540.0,0.0,69.9,37891.29,0
2026-02-08,2026-02-08 13:46:00,540.0,540.0,540.0,540.0,0.0,69.9,37891.29,0
2026-02-08,2026-02-08 13:47:00,540.0,540.0,540.0,540.0,0.0,69.9,37891.29,0
2026-02-08,2026-02-08 13:48:00,540.0,540.0,540.0,540.0,0.0,69.9,37891.29,0
2026-02-08,2026-02-08 13:49:00,540.0,540.0,540.0,540.0,0.0,69.9,37891.29,0
2026-02-08,2026-02-08 13:50:00,540.0,540.0,540.0,540.0,0.0,69.9,37891.29,0
2026-02-08,2026-02-08 13:51:00,540.0,540.0,540.0,540.0,0.0,69.9,37891.29,0
2026-02-08,2026-02-08 13:52:00,540.0,540.0,540.0,540.0,0.0,69.9,37891.29,0
2026-02-08,2026-02-08 13:53:00,540.0,540.0,540.0,540.0,0.0,69.9,37891.29,0
2026-02-08,2026-02-08 13:54:00,540.0,540.0,540.0,540.0,0.0,69.9,37891.29,0
2026-02-08,2026-02-08 13:55:00,540.0,540.0,540.0,540.0,0.0,69.9,37891.29,0
2026-02-08,2026-02-08 13:56:00,540.0,540.0,540.0,540.0,0.0,69.9,37891.29,0
2026-02-08,2026-02-08 13:57:00,540.0,540.0,540.0,540.0,0.0,69.9,37891.29,0
2026-02-08,2026-02-08 13:58:00,540.0,540.0,540.0,540.0,0.0,69.9,37891.29,0
2026-02-08,2026-02-08 13:59:00,540.0,540.0,540.0,540.0,0.0,69.9,37891.29,0
2026-02-08,2026-02-08 14:00:00,540.0,540.0,540.0,540.0,0.0,69.9,37891.29,0
2026-02-08,2026-02-08 14:01:00,540.0,540.0,540.0,540.0,0.0,69.9,37891.29,0
2026-02-08,2026-02-08 14:02:00,540.0,540.0,540.0,540.0,0.0,69.9,37891.29,0
2026-02-08,2026-02-08 14:03:00,540.0,540.0,540.0,540.0,0.0,69.9,37891.29,0
2026-02-08,2026-02-08 14:04:00,540.0,540.0,540.0,540.0,0.0,69.9,37891.29,0
2026-02-08,2026-02-08 14:05:00,540.0,540.0,540.0,540.0,0.0,69.9,37891.29,0
2026-02-08,2026-02-08 14:06:00,540.0,540.0,540.0,540.0,0.0,69.9,37891.29,0
2026-02-08,2026-02-08 14:07:00,540.0,540.0,540.0,540.0,0.0,69.9,37891.29,0
2026-02-08,2026-02-08 14:08:00,540.0,540.0,540.0,540.0,0.0,69.9,37891.29,0
2026-02-08,2026-02-08 14:09:00,540.0,540.0,540.0,540.0,0.0,69.9,37891.29,0
2026-02-08,2026-02-08 14:10:00,540.0,540.0,540.0,540.0,0.0,69.9,37891.29,0
2026-02-08,2026-02-08 14:11:00,540.0,540.0,540.0,540.0,0.0,69.9,37891.29,0
2026-02-08,2026-02-08 14:12:00,540.0,540.0,540.0,540.0,0.0,69.9,37891.29,0
2026-02-08,2026-02-08 14:13:00,540.0,540.0,540.0,540.0,0.0,69.9,37891.29,0
2026-02-08,2026-02-08 14:14:00,540.0,540.0,540.0,540.0,0.0,69.9,37891.29,0
2026-02-08,2026-02-08 14:15:00,540.0,540.0,540.0,540.0,0.0,69.9,37891.29,0
2026-02-08,2026-02-08 14:16:00,540.0,540.0,540.0,540.0,0.0,69.9,37891.29,0
2026-02-08,2026-02-08 14:17:00,540.0,540.0,540.0,540.0,0.0,69.9,37891.29,0
2026-02-08,2026-02-08 14:18:00,540.0,540.0,540.0,540.0,0.0,69.9,37891.29,0
2026-02-08,2026-02-08 14:19:00,540.0,540.0,540.0,540.0,0.0,69.9,37891.29,0
2026-02-08,2026-02-08 14:20:00,540.0,540.0,540.0,540.0,0.0,69.9,37891.29,0
2026-02-08,2026-02-08 14:21:00,540.0,540.0,540.0,540.0,0.0,69.9,37891.29,0
2026-02-08,2026-02-08 14:22:00,540.0,540.0,540.0,540.0,0.0,69.9,37891.29,0
2026-02-08,2026-02-08 14:23:00,540.0,540.0,540.0,540.0,0.0,69.9,37891.29,0
2026-02-08,2026-02-08 14:24:00,540.0,540.0,540.0,540.0,0.0,69.9,37891.29,0
2026-02-08,2026-02-08 14:25:00,540.0,540.0,540.0,540.0,0.0,69.9,37891.29,0
2026-02-08,2026-02-08 14:26:00,540.0,540.0,540.0,540.0,0.0,69.9,37891.29,0
2026-02-08,2026-02-08 14:27:00,540.0,540.0,540.0,540.0,0.0,69.9,37891.29,0
2026-02-08,2026-02-08 14:28:00,540.0,540.0,540.0,540.0,0.0,69.9,37891.29,0
2026-02-08,2026-02-08 14:29:00,540.0,540.0,540.0,540.0,0.0,69.9,37891.29,0
2026-02-08,2026-02-08 14:30:00,540.0,540.0,540.0,540.0,0.0,69.9,37891.29,0
2026-02-08,2026-02-08 14:31:00,540.0,540.0,540.0,540.0,0.0,69.9,37891.29,0
2026-02-08,2026-02-08 14:32:00,540.0,540.0,540.0,540.0,0.0,69.9,37891.29,0
2026-02-08,2026-02-08 14:33:00,540.0,540.0,540.0,540.0,0.0,69.9,37891.29,0
2026-02-08,2026-02-08 14:34:00,540.0,540.0,540.0,540.0,0.0,69.9,37891.29,0
2026-02-08,2026-02-08 14:35:00,540.0,540.0,540.0,540.0,0.0,69.9,37891.29,0
2026-02-08,2026-02-08 14:36:00,540.0,540.0,540.0,540.0,0.0,69.9,37891.29,0
2026-02-08,2026-02-08 14:37:00,540.0,540.0,540.0,540.0,0.0,69.9,37891.29,0
2026-02-08,2026-02-08 14:38:00,540.0,540.0,540.0,540.0,0.0,69.9,37891.29,0
2026-02-08,2026-02-08 14:39:00,540.0,540.0,540.0,540.0,0.0,69.9,37891.29,0
2026-02-08,2026-02-08 14:40:00,540.0,540.0,540.0,540.0,0.0,69.9,37891.29,0
2026-02-08,2026-02-08 14:41:00,540.0,540.0,540.0,540.0,0.0,69.9,37891.29,0
2026-02-08,2026-02-08 14:42:00,540.0,540.0,540.0,540.0,0.0,69.9,37891.29,0
2026-02-08,2026-02-08 14:43:00,540.0,540.0,540.0,540.0,0.0,69.9,37891.29,0
2026-02-08,2026-02-08 14:44:00,540.0,540.0,540.0,540.0,0.0,69.9,37891.29,0
2026-02-08,2026-02-08 14:45:00,540.0,540.0,540.0,540.0,0.0,69.9,37891.29,0
2026-02-08,2026-02-08 14:46:00,540.0,540.0,540.0,540.0,0.0,69.9,37891.29,0
2026-02-08,2026-02-08 14:47:00,540.0,540.0,540.0,540.0,0.0,69.9,37891.29,0
2026-02-08,2026-02-08 14:48:00,540.0,540.0,540.0,540.0,0.0,69.9,37891.29,0
2026-02-08,2026-02-08 14:49:00,540.0,540.0,540.0,540.0,0.0,69.9,37891.29,0
2026-02-08,2026-02-08 14:50:00,540.0,540.0,540.0,540.0,0.0,69.9,37891.29,0
2026-02-08,2026-02-08 14:51:00,540.0,540.0,540.0,540.0,0.0,69.9,37891.29,0
2026-02-08,2026-02-08 14:52:00,540.0,540.0,540.0,540.0,0.0,69.9,37891.29,0
2026-02-08,2026-02-08 14:53:00,540.0,540.0,540.0,540.0,0.0,69.9,37891.29,0
2026-02-08,2026-02-08 14:54:00,540.0,540.0,540.0,540.0,0.0,69.9,37891.29,0
2026-02-08,2026-02-08 14:55:00,540.0,540.0,540.0,540.0,0.0,69.9,37891.29,0
2026-02-08,2026-02-08 14:56:00,540.0,540.0,540.0,540.0,0.0,69.9,37891.29,0
2026-02-08,2026-02-08 14:57:00,540.0,540.0,540.0,540.0,0.0,69.9,37891.29,0
2026-02-08,2026-02-08 14:58:00,540.0,540.0,540.0,540.0,0.0,69.9,37891.29,0
2026-02-08,2026-02-08 14:59:00,540.0,540.0,540.0,540.0,0.0,69.9,37891.29,0
2026-02-08,2026-02-08 15:00:00,540.0,549.9,538.0,540.0,0.0,69.9,37891.29,0
2026-02-09,2026-02-09 11:00:00,549.5,549.5,544.01,549.43,-0.01,58.2,31151.51,-1
2026-02-09,2026-02-09 11:01:00,549.43,549.43,549.35,549.35,-0.01,58.2,31151.51,-1
2026-02-09,2026-02-09 11:02:00,549.35,549.35,549.28,549.28,-0.01,58.2,31151.51,-1
2026-02-09,2026-02-09 11:03:00,549.28,549.28,549.21,549.21,-0.01,58.2,31151.51,-1
2026-02-09,2026-02-09 11:04:00,549.21,549.21,549.14,549.14,-0.01,58.2,31151.51,-1
2026-02-09,2026-02-09 11:05:00,549.14,549.14,549.06,549.06,-0.01,58.2,31151.51,-1
2026-02-09,2026-02-09 11:06:00,549.06,549.06,548.99,548.99,-0.01,58.2,31151.51,-1
2026-02-09,2026-02-09 11:07:00,548.99,548.99,548.92,548.92,-0.01,58.2,31151.51,-1
2026-02-09,2026-02-09 11:08:00,548.92,548.92,548.84,548.84,-0.01,58.2,31151.51,-1
2026-02-09,2026-02-09 11:09:00,548.84,548.84,548.77,548.77,-0.01,58.2,31151.51,-1
2026-02-09,2026-02-09 11:10:00,548.77,548.77,548.7,548.7,-0.01,58.2,31151.51,-1
2026-02-09,2026-02-09 11:11:00,548.7,548.7,548.62,548.62,-0.01,58.2,31151.51,-1
2026-02-09,2026-02-09 11:12:00,548.62,548.62,548.55,548.55,-0.01,58.2,31151.51,-1
2026-02-09,2026-02-09 11:13:00,548.55,548.55,548.48,548.48,-0.01,58.2,31151.51,-1
2026-02-09,2026-02-09 11:14:00,548.48,548.48,548.41,548.41,-0.01,58.2,31151.51,-1
2026-02-09,2026-02-09 11:15:00,548.41,548.41,548.33,548.33,-0.01,58.2,31151.51,-1
2026-02-09,2026-02-09 11:16:00,548.33,548.33,548.26,548.26,-0.01,58.2,31151.51,-1
2026-02-09,2026-02-09 11:17:00,548.26,548.26,548.19,548.19,-0.01,58.2,31151.51,-1
2026-02-09,2026-02-09 11:18:00,548.19,548.19,548.11,548.11,-0.01,58.2,31151.51,-1
2026-02-09,2026-02-09 11:19:00,548.11,548.11,548.04,548.04,-0.01,58.2,31151.51,-1
2026-02-09,2026-02-09 11:20:00,548.04,548.04,547.97,547.97,-0.01,58.2,31151.51,-1
2026-02-09,2026-02-09 11:21:00,547.97,547.97,547.9,547.9,-0.01,58.2,31151.51,-1
2026-02-09,2026-02-09 11:22:00,547.9,547.9,547.82,547.82,-0.01,58.2,31151.51,-1
2026-02-09,2026-02-09 11:23:00,547.82,547.82,547.75,547.75,-0.01,58.2,31151.51,-1
2026-02-09,2026-02-09 11:24:00,547.75,547.75,547.68,547.68,-0.01,58.2,31151.51,-1
2026-02-09,2026-02-09 11:25:00,547.68,547.68,547.6,547.6,-0.01,58.2,31151.51,-1
2026-02-09,2026-02-09 11:26:00,547.6,547.6,547.53,547.53,-0.01,58.2,31151.51,-1
2026-02-09,2026-02-09 11:27:00,547.53,547.53,547.46,547.46,-0.01,58.2,31151.51,-1
2026-02-09,2026-02-09 11:28:00,547.46,547.46,547.39,547.39,-0.01,58.2,31151.51,-1
2026-02-09,2026-02-09 11:29:00,547.39,547.39,547.31,547.31,-0.01,58.2,31151.51,-1
2026-02-09,2026-02-09 11:30:00,547.31,547.31,547.24,547.24,-0.01,58.2,31151.51,-1
2026-02-09,2026-02-09 11:31:00,547.24,547.24,547.17,547.17,-0.01,58.2,31151.51,-1
2026-02-09,2026-02-09 11:32:00,547.17,547.17,547.09,547.09,-0.01,58.2,31151.51,-1
2026-02-09,2026-02-09 11:33:00,547.09,547.09,547.02,547.02,-0.01,58.2,31151.51,-1
2026-02-09,2026-02-09 11:34:00,547.02,547.02,546.95,546.95,-0.01,58.2,31151.51,-1
2026-02-09,2026-02-09 11:35:00,546.95,546.95,546.88,546.88,-0.01,58.2,31151.51,-1
2026-02-09,2026-02-09 11:36:00,546.88,546.88,546.8,546.8,-0.01,58.2,31151.51,-1
2026-02-09,2026-02-09 11:37:00,546.8,546.8,546.73,546.73,-0.01,58.2,31151.51,-1
2026-02-09,2026-02-09 11:38:00,546.73,546.73,546.66,546.66,-0.01,58.2,31151.51,-1
2026-02-09,2026-02-09 11:39:00,546.66,546.66,546.58,546.58,-0.01,58.2,31151.51,-1
2026-02-09,2026-02-09 11:40:00,546.58,546.58,546.51,546.51,-0.01,58.2,31151.51,-1
2026-02-09,2026-02-09 11:41:00,546.51,546.51,546.44,546.44,-0.01,58.2,31151.51,-1
2026-02-09,2026-02-09 11:42:00,546.44,546.44,546.36,546.36,-0.01,58.2,31151.51,-1
2026-02-09,2026-02-09 11:43:00,546.36,546.36,546.29,546.29,-0.01,58.2,31151.51,-1
2026-02-09,2026-02-09 11:44:00,546.29,546.29,546.22,546.22,-0.01,58.2,31151.51,-1
2026-02-09,2026-02-09 11:45:00,546.22,546.22,546.15,546.15,-0.01,58.2,31151.51,-1
2026-02-09,2026-02-09 11:46:00,546.15,546.15,546.07,546.07,-0.01,58.2,31151.51,-1
2026-02-09,2026-02-09 11:47:00,546.07,546.07,546.0,546.0,-0.01,58.2,31151.51,-1
2026-02-09,2026-02-09 11:48:00,546.0,546.0,545.93,545.93,-0.01,58.2,31151.51,-1
2026-02-09,2026-02-09 11:49:00,545.93,545.93,545.85,545.85,-0.01,58.2,31151.51,-1
2026-02-09,2026-02-09 11:50:00,545.85,545.85,545.78,545.78,-0.01,58.2,31151.51,-1
2026-02-09,2026-02-09 11:51:00,545.78,545.78,545.71,545.71,-0.01,58.2,31151.51,-1
2026-02-09,2026-02-09 11:52:00,545.71,545.71,545.64,545.64,-0.01,58.2,31151.51,-1
2026-02-09,2026-02-09 11:53:00,545.64,545.64,545.56,545.56,-0.01,58.2,31151.51,-1
2026-02-09,2026-02-09 11:54:00,545.56,545.56,545.49,545.49,-0.01,58.2,31151.51,-1
2026-02-09,2026-02-09 11:55:00,545.49,545.49,545.42,545.42,-0.01,58.2,31151.51,-1
2026-02-09,2026-02-09 11:56:00,545.42,545.42,545.34,545.34,-0.01,58.2,31151.51,-1
2026-02-09,2026-02-09 11:57:00,545.34,545.34,545.27,545.27,-0.01,58.2,31151.51,-1
2026-02-09,2026-02-09 11:58:00,545.27,545.27,545.2,545.2,-0.01,58.2,31151.51,-1
2026-02-09,2026-02-09 11:59:00,545.2,545.2,545.12,545.12,-0.01,58.2,31151.51,-1
2026-02-09,2026-02-09 12:00:00,545.12,545.12,545.05,545.05,-0.01,58.2,31151.51,-1
2026-02-09,2026-02-09 12:01:00,545.05,545.05,544.98,544.98,-0.01,58.2,31151.51,-1
2026-02-09,2026-02-09 12:02:00,544.98,544.98,544.91,544.91,-0.01,58.2,31151.51,-1
2026-02-09,2026-02-09 12:03:00,544.91,544.91,544.83,544.83,-0.01,58.2,31151.51,-1
2026-02-09,2026-02-09 12:04:00,544.83,544.83,544.76,544.76,-0.01,58.2,31151.51,-1
2026-02-09,2026-02-09 12:05:00,544.76,544.76,544.69,544.69,-0.01,58.2,31151.51,-1
2026-02-09,2026-02-09 12:06:00,544.69,544.69,544.61,544.61,-0.01,58.2,31151.51,-1
2026-02-09,2026-02-09 12:07:00,544.61,544.61,544.54,544.54,-0.01,58.2,31151.51,-1
2026-02-09,2026-02-09 12:08:00,544.54,544.54,544.47,544.47,-0.01,58.2,31151.51,-1
2026-02-09,2026-02-09 12:09:00,544.47,544.47,544.4,544.4,-0.01,58.2,31151.51,-1
2026-02-09,2026-02-09 12:10:00,544.4,544.4,544.32,544.32,-0.01,58.2,31151.51,-1
2026-02-09,2026-02-09 12:11:00,544.32,544.32,544.25,544.25,-0.01,58.2,31151.51,-1
2026-02-09,2026-02-09 12:12:00,544.25,544.25,544.18,544.18,-0.01,58.2,31151.51,-1
2026-02-09,2026-02-09 12:13:00,544.18,544.18,544.1,544.1,-0.01,58.2,31151.51,-1
2026-02-09,2026-02-09 12:14:00,544.1,544.1,544.03,544.03,-0.01,58.2,31151.51,-1
2026-02-09,2026-02-09 12:15:00,544.03,544.03,543.96,543.96,-0.01,58.2,31151.51,-1
2026-02-09,2026-02-09 12:16:00,543.96,543.96,543.89,543.89,-0.01,58.2,31151.51,-1
2026-02-09,2026-02-09 12:17:00,543.89,543.89,543.81,543.81,-0.01,58.2,31151.51,-1
2026-02-09,2026-02-09 12:18:00,543.81,543.81,543.74,543.74,-0.01,58.2,31151.51,-1
2026-02-09,2026-02-09 12:19:00,543.74,543.74,543.67,543.67,-0.01,58.2,31151.51,-1
2026-02-09,2026-02-09 12:20:00,543.67,543.67,543.59,543.59,-0.01,58.2,31151.51,-1
2026-02-09,2026-02-09 12:21:00,543.59,543.59,543.52,543.52,-0.01,58.2,31151.51,-1
2026-02-09,2026-02-09 12:22:00,543.52,543.52,543.45,543.45,-0.01,58.2,31151.51,-1
2026-02-09,2026-02-09 12:23:00,543.45,543.45,543.38,543.38,-0.01,58.2,31151.51,-1
2026-02-09,2026-02-09 12:24:00,543.38,543.38,543.3,543.3,-0.01,58.2,31151.51,-1
2026-02-09,2026-02-09 12:25:00,543.3,543.3,543.23,543.23,-0.01,58.2,31151.51,-1
2026-02-09,2026-02-09 12:26:00,543.23,543.23,543.16,543.16,-0.01,58.2,31151.51,-1
2026-02-09,2026-02-09 12:27:00,543.16,543.16,543.08,543.08,-0.01,58.2,31151.51,-1
2026-02-09,2026-02-09 12:28:00,543.08,543.08,543.01,543.01,-0.01,58.2,31151.51,-1
2026-02-09,2026-02-09 12:29:00,543.01,543.01,542.94,542.94,-0.01,58.2,31151.51,-1
2026-02-09,2026-02-09 12:30:00,542.94,542.94,542.86,542.86,-0.01,58.2,31151.51,-1
2026-02-09,2026-02-09 12:31:00,542.86,542.86,542.79,542.79,-0.01,58.2,31151.51,-1
2026-02-09,2026-02-09 12:32:00,542.79,542.79,542.72,542.72,-0.01,58.2,31151.51,-1
2026-02-09,2026-02-09 12:33:00,542.72,542.72,542.65,542.65,-0.01,58.2,31151.51,-1
2026-02-09,2026-02-09 12:34:00,542.65,542.65,542.57,542.57,-0.01,58.2,31151.51,-1
2026-02-09,2026-02-09 12:35:00,542.57,542.57,542.5,542.5,-0.01,58.2,31151.51,-1
2026-02-09,2026-02-09 12:36:00,542.5,542.5,542.43,542.43,-0.01,58.2,31151.51,-1
2026-02-09,2026-02-09 12:37:00,542.43,542.43,542.35,542.35,-0.01,58.2,31151.51,-1
2026-02-09,2026-02-09 12:38:00,542.35,542.35,542.28,542.28,-0.01,58.2,31151.51,-1
2026-02-09,2026-02-09 12:39:00,542.28,542.28,542.21,542.21,-0.01,58.2,31151.51,-1
2026-02-09,2026-02-09 12:40:00,542.21,542.21,542.14,542.14,-0.01,58.2,31151.51,-1
2026-02-09,2026-02-09 12:41:00,542.14,542.14,542.06,542.06,-0.01,58.2,31151.51,-1
2026-02-09,2026-02-09 12:42:00,542.06,542.06,541.99,541.99,-0.01,58.2,31151.51,-1
2026-02-09,2026-02-09 12:43:00,541.99,541.99,541.92,541.92,-0.01,58.2,31151.51,-1
2026-02-09,2026-02-09 12:44:00,541.92,541.92,541.84,541.84,-0.01,58.2,31151.51,-1
2026-02-09,2026-02-09 12:45:00,541.84,541.84,541.77,541.77,-0.01,58.2,31151.51,-1
2026-02-09,2026-02-09 12:46:00,541.77,541.77,541.7,541.7,-0.01,58.2,31151.51,-1
2026-02-09,2026-02-09 12:47:00,541.7,541.7,541.62,541.62,-0.01,58.2,31151.51,-1
2026-02-09,2026-02-09 12:48:00,541.62,541.62,541.55,541.55,-0.01,58.2,31151.51,-1
2026-02-09,2026-02-09 12:49:00,541.55,541.55,541.48,541.48,-0.01,58.2,31151.51,-1
2026-02-09,2026-02-09 12:50:00,541.48,541.48,541.41,541.41,-0.01,58.2,31151.51,-1
2026-02-09,2026-02-09 12:51:00,541.41,541.41,541.33,541.33,-0.01,58.2,31151.51,-1
2026-02-09,2026-02-09 12:52:00,541.33,541.33,541.26,541.26,-0.01,58.2,31151.51,-1
2026-02-09,2026-02-09 12:53:00,541.26,541.26,541.19,541.19,-0.01,58.2,31151.51,-1
2026-02-09,2026-02-09 12:54:00,541.19,541.19,541.11,541.11,-0.01,58.2,31151.51,-1
2026-02-09,2026-02-09 12:55:00,541.11,541.11,541.04,541.04,-0.01,58.2,31151.51,-1
2026-02-09,2026-02-09 12:56:00,541.04,541.04,540.97,540.97,-0.01,58.2,31151.51,-1
2026-02-09,2026-02-09 12:57:00,540.97,540.97,540.9,540.9,-0.01,58.2,31151.51,-1
2026-02-09,2026-02-09 12:58:00,540.9,540.9,540.82,540.82,-0.01,58.2,31151.51,-1
2026-02-09,2026-02-09 12:59:00,540.82,540.82,540.75,540.75,-0.01,58.2,31151.51,-1
2026-02-09,2026-02-09 13:00:00,540.75,549.5,531.2,540.68,-0.01,58.2,31151.51,-1
2026-02-09,2026-02-09 13:01:00,540.68,540.68,540.6,540.6,-0.01,58.2,31151.51,-1
2026-02-09,2026-02-09 13:02:00,540.6,540.6,540.53,540.53,-0.01,58.2,31151.51,-1
2026-02-09,2026-02-09 13:03:00,540.53,540.53,540.46,540.46,-0.01,58.2,31151.51,-1
2026-02-09,2026-02-09 13:04:00,540.46,540.46,540.39,540.39,-0.01,58.2,31151.51,-1
2026-02-09,2026-02-09 13:05:00,540.39,540.39,540.31,540.31,-0.01,58.2,31151.51,-1
2026-02-09,2026-02-09 13:06:00,540.31,540.31,540.24,540.24,-0.01,58.2,31151.51,-1
2026-02-09,2026-02-09 13:07:00,540.24,540.24,540.17,540.17,-0.01,58.2,31151.51,-1
2026-02-09,2026-02-09 13:08:00,540.17,540.17,540.09,540.09,-0.01,58.2,31151.51,-1
2026-02-09,2026-02-09 13:09:00,540.09,540.09,540.02,540.02,-0.01,58.2,31151.51,-1
2026-02-09,2026-02-09 13:10:00,540.02,540.02,539.95,539.95,-0.01,58.2,31151.51,-1
2026-02-09,2026-02-09 13:11:00,539.95,539.95,539.88,539.88,-0.01,58.2,31151.51,-1
2026-02-09,2026-02-09 13:12:00,539.88,539.88,539.8,539.8,-0.01,58.2,31151.51,-1
2026-02-09,2026-02-09 13:13:00,539.8,539.8,539.73,539.73,-0.01,58.2,31151.51,-1
2026-02-09,2026-02-09 13:14:00,539.73,539.73,539.66,539.66,-0.01,58.2,31151.51,-1
2026-02-09,2026-02-09 13:15:00,539.66,539.66,539.58,539.58,-0.01,58.2,31151.51,-1
2026-02-09,2026-02-09 13:16:00,539.58,539.58,539.51,539.51,-0.01,58.2,31151.51,-1
2026-02-09,2026-02-09 13:17:00,539.51,539.51,539.44,539.44,-0.01,58.2,31151.51,-1
2026-02-09,2026-02-09 13:18:00,539.44,539.44,539.36,539.36,-0.01,58.2,31151.51,-1
2026-02-09,2026-02-09 13:19:00,539.36,539.36,539.29,539.29,-0.01,58.2,31151.51,-1
2026-02-09,2026-02-09 13:20:00,539.29,539.29,539.22,539.22,-0.01,58.2,31151.51,-1
2026-02-09,2026-02-09 13:21:00,539.22,539.22,539.15,539.15,-0.01,58.2,31151.51,-1
2026-02-09,2026-02-09 13:22:00,539.15,539.15,539.07,539.07,-0.01,58.2,31151.51,-1
2026-02-09,2026-02-09 13:23:00,539.07,539.07,539.0,539.0,-0.01,58.2,31151.51,-1
2026-02-09,2026-02-09 13:24:00,539.0,539.0,538.93,538.93,-0.01,58.2,31151.51,-1
2026-02-09,2026-02-09 13:25:00,538.93,538.93,538.85,538.85,-0.01,58.2,31151.51,-1
2026-02-09,2026-02-09 13:26:00,538.85,538.85,538.78,538.78,-0.01,58.2,31151.51,-1
2026-02-09,2026-02-09 13:27:00,538.78,538.78,538.71,538.71,-0.01,58.2,31151.51,-1
2026-02-09,2026-02-09 13:28:00,538.71,538.71,538.64,538.64,-0.01,58.2,31151.51,-1
2026-02-09,2026-02-09 13:29:00,538.64,538.64,538.56,538.56,-0.01,58.2,31151.51,-1
2026-02-09,2026-02-09 13:30:00,538.56,538.56,538.49,538.49,-0.01,58.2,31151.51,-1
2026-02-09,2026-02-09 13:31:00,538.49,538.49,538.42,538.42,-0.01,58.2,31151.51,-1
2026-02-09,2026-02-09 13:32:00,538.42,538.42,538.34,538.34,-0.01,58.2,31151.51,-1
2026-02-09,2026-02-09 13:33:00,538.34,538.34,538.27,538.27,-0.01,58.2,31151.51,-1
2026-02-09,2026-02-09 13:34:00,538.27,538.27,538.2,538.2,-0.01,58.2,31151.51,-1
2026-02-09,2026-02-09 13:35:00,538.2,538.2,538.12,538.12,-0.01,58.2,31151.51,-1
2026-02-09,2026-02-09 13:36:00,538.12,538.12,538.05,538.05,-0.01,58.2,31151.51,-1
2026-02-09,2026-02-09 13:37:00,538.05,538.05,537.98,537.98,-0.01,58.2,31151.51,-1
2026-02-09,2026-02-09 13:38:00,537.98,537.98,537.91,537.91,-0.01,58.2,31151.51,-1
2026-02-09,2026-02-09 13:39:00,537.91,537.91,537.83,537.83,-0.01,58.2,31151.51,-1
2026-02-09,2026-02-09 13:40:00,537.83,537.83,537.76,537.76,-0.01,58.2,31151.51,-1
2026-02-09,2026-02-09 13:41:00,537.76,537.76,537.69,537.69,-0.01,58.2,31151.51,-1
2026-02-09,2026-02-09 13:42:00,537.69,537.69,537.61,537.61,-0.01,58.2,31151.51,-1
2026-02-09,2026-02-09 13:43:00,537.61,537.61,537.54,537.54,-0.01,58.2,31151.51,-1
2026-02-09,2026-02-09 13:44:00,537.54,537.54,537.47,537.47,-0.01,58.2,31151.51,-1
2026-02-09,2026-02-09 13:45:00,537.47,537.47,537.4,537.4,-0.01,58.2,31151.51,-1
2026-02-09,2026-02-09 13:46:00,537.4,537.4,537.32,537.32,-0.01,58.2,31151.51,-1
2026-02-09,2026-02-09 13:47:00,537.32,537.32,537.25,537.25,-0.01,58.2,31151.51,-1
2026-02-09,2026-02-09 13:48:00,537.25,537.25,537.18,537.18,-0.01,58.2,31151.51,-1
2026-02-09,2026-02-09 13:49:00,537.18,537.18,537.1,537.1,-0.01,58.2,31151.51,-1
2026-02-09,2026-02-09 13:50:00,537.1,537.1,537.03,537.03,-0.01,58.2,31151.51,-1
2026-02-09,2026-02-09 13:51:00,537.03,537.03,536.96,536.96,-0.01,58.2,31151.51,-1
2026-02-09,2026-02-09 13:52:00,536.96,536.96,536.89,536.89,-0.01,58.2,31151.51,-1
2026-02-09,2026-02-09 13:53:00,536.89,536.89,536.81,536.81,-0.01,58.2,31151.51,-1
2026-02-09,2026-02-09 13:54:00,536.81,536.81,536.74,536.74,-0.01,58.2,31151.51,-1
2026-02-09,2026-02-09 13:55:00,536.74,536.74,536.67,536.67,-0.01,58.2,31151.51,-1
2026-02-09,2026-02-09 13:56:00,536.67,536.67,536.59,536.59,-0.01,58.2,31151.51,-1
2026-02-09,2026-02-09 13:57:00,536.59,536.59,536.52,536.52,-0.01,58.2,31151.51,-1
2026-02-09,2026-02-09 13:58:00,536.52,536.52,536.45,536.45,-0.01,58.2,31151.51,-1
2026-02-09,2026-02-09 13:59:00,536.45,536.45,536.38,536.38,-0.01,58.2,31151.51,-1
2026-02-09,2026-02-09 14:00:00,536.38,536.38,536.3,536.3,-0.01,58.2,31151.51,-1
2026-02-09,2026-02-09 14:01:00,536.3,536.3,536.23,536.23,-0.01,58.2,31151.51,-1
2026-02-09,2026-02-09 14:02:00,536.23,536.23,536.16,536.16,-0.01,58.2,31151.51,-1
2026-02-09,2026-02-09 14:03:00,536.16,536.16,536.08,536.08,-0.01,58.2,31151.51,-1
2026-02-09,2026-02-09 14:04:00,536.08,536.08,536.01,536.01,-0.01,58.2,31151.51,-1
2026-02-09,2026-02-09 14:05:00,536.01,536.01,535.94,535.94,-0.01,58.2,31151.51,-1
2026-02-09,2026-02-09 14:06:00,535.94,535.94,535.86,535.86,-0.01,58.2,31151.51,-1
2026-02-09,2026-02-09 14:07:00,535.86,535.86,535.79,535.79,-0.01,58.2,31151.51,-1
2026-02-09,2026-02-09 14:08:00,535.79,535.79,535.72,535.72,-0.01,58.2,31151.51,-1
2026-02-09,2026-02-09 14:09:00,535.72,535.72,535.65,535.65,-0.01,58.2,31151.51,-1
2026-02-09,2026-02-09 14:10:00,535.65,535.65,535.57,535.57,-0.01,58.2,31151.51,-1
2026-02-09,2026-02-09 14:11:00,535.57,535.57,535.5,535.5,-0.01,58.2,31151.51,-1
2026-02-09,2026-02-09 14:12:00,535.5,535.5,535.43,535.43,-0.01,58.2,31151.51,-1
2026-02-09,2026-02-09 14:13:00,535.43,535.43,535.35,535.35,-0.01,58.2,31151.51,-1
2026-02-09,2026-02-09 14:14:00,535.35,535.35,535.28,535.28,-0.01,58.2,31151.51,-1
2026-02-09,2026-02-09 14:15:00,535.28,535.28,535.21,535.21,-0.01,58.2,31151.51,-1
2026-02-09,2026-02-09 14:16:00,535.21,535.21,535.14,535.14,-0.01,58.2,31151.51,-1
2026-02-09,2026-02-09 14:17:00,535.14,535.14,535.06,535.06,-0.01,58.2,31151.51,-1
2026-02-09,2026-02-09 14:18:00,535.06,535.06,534.99,534.99,-0.01,58.2,31151.51,-1
2026-02-09,2026-02-09 14:19:00,534.99,534.99,534.92,534.92,-0.01,58.2,31151.51,-1
2026-02-09,2026-02-09 14:20:00,534.92,534.92,534.84,534.84,-0.01,58.2,31151.51,-1
2026-02-09,2026-02-09 14:21:00,534.84,534.84,534.77,534.77,-0.01,58.2,31151.51,-1
2026-02-09,2026-02-09 14:22:00,534.77,534.77,534.7,534.7,-0.01,58.2,31151.51,-1
2026-02-09,2026-02-09 14:23:00,534.7,534.7,534.62,534.62,-0.01,58.2,31151.51,-1
2026-02-09,2026-02-09 14:24:00,534.62,534.62,534.55,534.55,-0.01,58.2,31151.51,-1
2026-02-09,2026-02-09 14:25:00,534.55,534.55,534.48,534.48,-0.01,58.2,31151.51,-1
2026-02-09,2026-02-09 14:26:00,534.48,534.48,534.41,534.41,-0.01,58.2,31151.51,-1
2026-02-09,2026-02-09 14:27:00,534.41,534.41,534.33,534.33,-0.01,58.2,31151.51,-1
2026-02-09,2026-02-09 14:28:00,534.33,534.33,534.26,534.26,-0.01,58.2,31151.51,-1
2026-02-09,2026-02-09 14:29:00,534.26,534.26,534.19,534.19,-0.01,58.2,31151.51,-1
2026-02-09,2026-02-09 14:30:00,534.19,534.19,534.11,534.11,-0.01,58.2,31151.51,-1
2026-02-09,2026-02-09 14:31:00,534.11,534.11,534.04,534.04,-0.01,58.2,31151.51,-1
2026-02-09,2026-02-09 14:32:00,534.04,534.04,533.97,533.97,-0.01,58.2,31151.51,-1
2026-02-09,2026-02-09 14:33:00,533.97,533.97,533.9,533.9,-0.01,58.2,31151.51,-1
2026-02-09,2026-02-09 14:34:00,533.9,533.9,533.82,533.82,-0.01,58.2,31151.51,-1
2026-02-09,2026-02-09 14:35:00,533.82,533.82,533.75,533.75,-0.01,58.2,31151.51,-1
2026-02-09,2026-02-09 14:36:00,533.75,533.75,533.68,533.68,-0.01,58.2,31151.51,-1
2026-02-09,2026-02-09 14:37:00,533.68,533.68,533.6,533.6,-0.01,58.2,31151.51,-1
2026-02-09,2026-02-09 14:38:00,533.6,533.6,533.53,533.53,-0.01,58.2,31151.51,-1
2026-02-09,2026-02-09 14:39:00,533.53,533.53,533.46,533.46,-0.01,58.2,31151.51,-1
2026-02-09,2026-02-09 14:40:00,533.46,533.46,533.39,533.39,-0.01,58.2,31151.51,-1
2026-02-09,2026-02-09 14:41:00,533.39,533.39,533.31,533.31,-0.01,58.2,31151.51,-1
2026-02-09,2026-02-09 14:42:00,533.31,533.31,533.24,533.24,-0.01,58.2,31151.51,-1
2026-02-09,2026-02-09 14:43:00,533.24,533.24,533.17,533.17,-0.01,58.2,31151.51,-1
2026-02-09,2026-02-09 14:44:00,533.17,533.17,533.09,533.09,-0.02,58.2,31151.51,-1
2026-02-09,2026-02-09 14:45:00,533.09,533.09,533.02,533.02,-0.01,58.2,31151.51,-1
2026-02-09,2026-02-09 14:46:00,533.02,533.02,532.95,532.95,-0.01,58.2,31151.51,-1
2026-02-09,2026-02-09 14:47:00,532.95,532.95,532.88,532.88,-0.01,58.2,31151.51,-1
2026-02-09,2026-02-09 14:48:00,532.88,532.88,532.8,532.8,-0.02,58.2,31151.51,-1
2026-02-09,2026-02-09 14:49:00,532.8,532.8,532.73,532.73,-0.01,58.2,31151.51,-1
2026-02-09,2026-02-09 14:50:00,532.73,532.73,532.66,532.66,-0.01,58.2,31151.51,-1
2026-02-09,2026-02-09 14:51:00,532.66,532.66,532.58,532.58,-0.02,58.2,31151.51,-1
2026-02-09,2026-02-09 14:52:00,532.58,532.58,532.51,532.51,-0.01,58.2,31151.51,-1
2026-02-09,2026-02-09 14:53:00,532.51,532.51,532.44,532.44,-0.01,58.2,31151.51,-1
2026-02-09,2026-02-09 14:54:00,532.44,532.44,532.36,532.36,-0.02,58.2,31151.51,-1
2026-02-09,2026-02-09 14:55:00,532.36,532.36,532.29,532.29,-0.01,58.2,31151.51,-1
2026-02-09,2026-02-09 14:56:00,532.29,532.29,532.22,532.22,-0.01,58.2,31151.51,-1
2026-02-09,2026-02-09 14:57:00,532.22,532.22,532.15,532.15,-0.01,58.2,31151.51,-1
2026-02-09,2026-02-09 14:58:00,532.15,532.15,532.07,532.07,-0.02,58.2,31151.51,-1
2026-02-09,2026-02-09 14:59:00,532.07,532.07,532.0,532.0,-0.01,58.2,31151.51,-1
2026-02-09,2026-02-09 15:00:00,532.0,549.5,531.2,532.0,0.0,58.2,31151.51,0
2026-02-10,2026-02-10 11:00:00,539.0,539.0,535.73,538.98,-0.0,49.41,26219.27,-1
2026-02-10,2026-02-10 11:01:00,538.98,538.98,538.96,538.96,-0.0,49.41,26219.27,-1
2026-02-10,2026-02-10 11:02:00,538.96,538.96,538.94,538.94,-0.0,49.41,26219.27,-1
2026-02-10,2026-02-10 11:03:00,538.94,538.94,538.91,538.91,-0.01,49.41,26219.27,-1
2026-02-10,2026-02-10 11:04:00,538.91,538.91,538.89,538.89,-0.0,49.41,26219.27,-1
2026-02-10,2026-02-10 11:05:00,538.89,538.89,538.87,538.87,-0.0,49.41,26219.27,-1
2026-02-10,2026-02-10 11:06:00,538.87,538.87,538.85,538.85,-0.0,49.41,26219.27,-1
2026-02-10,2026-02-10 11:07:00,538.85,538.85,538.83,538.83,-0.0,49.41,26219.27,-1
2026-02-10,2026-02-10 11:08:00,538.83,538.83,538.81,538.81,-0.0,49.41,26219.27,-1
2026-02-10,2026-02-10 11:09:00,538.81,538.81,538.79,538.79,-0.0,49.41,26219.27,-1
2026-02-10,2026-02-10 11:10:00,538.79,538.79,538.77,538.77,-0.0,49.41,26219.27,-1
2026-02-10,2026-02-10 11:11:00,538.77,538.77,538.75,538.75,-0.0,49.41,26219.27,-1
2026-02-10,2026-02-10 11:12:00,538.75,538.75,538.72,538.72,-0.01,49.41,26219.27,-1
2026-02-10,2026-02-10 11:13:00,538.72,538.72,538.7,538.7,-0.0,49.41,26219.27,-1
2026-02-10,2026-02-10 11:14:00,538.7,538.7,538.68,538.68,-0.0,49.41,26219.27,-1
2026-02-10,2026-02-10 11:15:00,538.68,538.68,538.66,538.66,-0.0,49.41,26219.27,-1
2026-02-10,2026-02-10 11:16:00,538.66,538.66,538.64,538.64,-0.0,49.41,26219.27,-1
2026-02-10,2026-02-10 11:17:00,538.64,538.64,538.62,538.62,-0.0,49.41,26219.27,-1
2026-02-10,2026-02-10 11:18:00,538.62,538.62,538.6,538.6,-0.0,49.41,26219.27,-1
2026-02-10,2026-02-10 11:19:00,538.6,538.6,538.58,538.58,-0.0,49.41,26219.27,-1
2026-02-10,2026-02-10 11:20:00,538.58,538.58,538.55,538.55,-0.01,49.41,26219.27,-1
2026-02-10,2026-02-10 11:21:00,538.55,538.55,538.53,538.53,-0.0,49.41,26219.27,-1
2026-02-10,2026-02-10 11:22:00,538.53,538.53,538.51,538.51,-0.0,49.41,26219.27,-1
2026-02-10,2026-02-10 11:23:00,538.51,538.51,538.49,538.49,-0.0,49.41,26219.27,-1
2026-02-10,2026-02-10 11:24:00,538.49,538.49,538.47,538.47,-0.0,49.41,26219.27,-1
2026-02-10,2026-02-10 11:25:00,538.47,538.47,538.45,538.45,-0.0,49.41,26219.27,-1
2026-02-10,2026-02-10 11:26:00,538.45,538.45,538.43,538.43,-0.0,49.41,26219.27,-1
2026-02-10,2026-02-10 11:27:00,538.43,538.43,538.4,538.4,-0.01,49.41,26219.27,-1
2026-02-10,2026-02-10 11:28:00,538.4,538.4,538.38,538.38,-0.0,49.41,26219.27,-1
2026-02-10,2026-02-10 11:29:00,538.38,538.38,538.36,538.36,-0.0,49.41,26219.27,-1
2026-02-10,2026-02-10 11:30:00,538.36,538.36,538.34,538.34,-0.0,49.41,26219.27,-1
2026-02-10,2026-02-10 11:31:00,538.34,538.34,538.32,538.32,-0.0,49.41,26219.27,-1
2026-02-10,2026-02-10 11:32:00,538.32,538.32,538.3,538.3,-0.0,49.41,26219.27,-1
2026-02-10,2026-02-10 11:33:00,538.3,538.3,538.28,538.28,-0.0,49.41,26219.27,-1
2026-02-10,2026-02-10 11:34:00,538.28,538.28,538.26,538.26,-0.0,49.41,26219.27,-1
2026-02-10,2026-02-10 11:35:00,538.26,538.26,538.24,538.24,-0.0,49.41,26219.27,-1
2026-02-10,2026-02-10 11:36:00,538.24,538.24,538.21,538.21,-0.01,49.41,26219.27,-1
2026-02-10,2026-02-10 11:37:00,538.21,538.21,538.19,538.19,-0.0,49.41,26219.27,-1
2026-02-10,2026-02-10 11:38:00,538.19,538.19,538.17,538.17,-0.0,49.41,26219.27,-1
2026-02-10,2026-02-10 11:39:00,538.17,538.17,538.15,538.15,-0.0,49.41,26219.27,-1
2026-02-10,2026-02-10 11:40:00,538.15,538.15,538.13,538.13,-0.0,49.41,26219.27,-1
2026-02-10,2026-02-10 11:41:00,538.13,538.13,538.11,538.11,-0.0,49.41,26219.27,-1
2026-02-10,2026-02-10 11:42:00,538.11,538.11,538.09,538.09,-0.0,49.41,26219.27,-1
2026-02-10,2026-02-10 11:43:00,538.09,538.09,538.06,538.06,-0.01,49.41,26219.27,-1
2026-02-10,2026-02-10 11:44:00,538.06,538.06,538.04,538.04,-0.0,49.41,26219.27,-1
2026-02-10,2026-02-10 11:45:00,538.04,538.04,538.02,538.02,-0.0,49.41,26219.27,-1
2026-02-10,2026-02-10 11:46:00,538.02,538.02,538.0,538.0,-0.0,49.41,26219.27,-1
2026-02-10,2026-02-10 11:47:00,538.0,538.0,537.98,537.98,-0.0,49.41,26219.27,-1
2026-02-10,2026-02-10 11:48:00,537.98,537.98,537.96,537.96,-0.0,49.41,26219.27,-1
2026-02-10,2026-02-10 11:49:00,537.96,537.96,537.94,537.94,-0.0,49.41,26219.27,-1
2026-02-10,2026-02-10 11:50:00,537.94,537.94,537.92,537.92,-0.0,49.41,26219.27,-1
2026-02-10,2026-02-10 11:51:00,537.92,537.92,537.89,537.89,-0.01,49.41,26219.27,-1
2026-02-10,2026-02-10 11:52:00,537.89,537.89,537.87,537.87,-0.0,49.41,26219.27,-1
2026-02-10,2026-02-10 11:53:00,537.87,537.87,537.85,537.85,-0.0,49.41,26219.27,-1
2026-02-10,2026-02-10 11:54:00,537.85,537.85,537.83,537.83,-0.0,49.41,26219.27,-1
2026-02-10,2026-02-10 11:55:00,537.83,537.83,537.81,537.81,-0.0,49.41,26219.27,-1
2026-02-10,2026-02-10 11:56:00,537.81,537.81,537.79,537.79,-0.0,49.41,26219.27,-1
2026-02-10,2026-02-10 11:57:00,537.79,537.79,537.77,537.77,-0.0,49.41,26219.27,-1
2026-02-10,2026-02-10 11:58:00,537.77,537.77,537.75,537.75,-0.0,49.41,26219.27,-1
2026-02-10,2026-02-10 11:59:00,537.75,537.75,537.73,537.73,-0.0,49.41,26219.27,-1
2026-02-10,2026-02-10 12:00:00,537.73,537.73,537.7,537.7,-0.01,49.41,26219.27,-1
2026-02-10,2026-02-10 12:01:00,537.7,537.7,537.68,537.68,-0.0,49.41,26219.27,-1
2026-02-10,2026-02-10 12:02:00,537.68,537.68,537.66,537.66,-0.0,49.41,26219.27,-1
2026-02-10,2026-02-10 12:03:00,537.66,537.66,537.64,537.64,-0.0,49.41,26219.27,-1
2026-02-10,2026-02-10 12:04:00,537.64,537.64,537.62,537.62,-0.0,49.41,26219.27,-1
2026-02-10,2026-02-10 12:05:00,537.62,537.62,537.6,537.6,-0.0,49.41,26219.27,-1
2026-02-10,2026-02-10 12:06:00,537.6,537.6,537.58,537.58,-0.0,49.41,26219.27,-1
2026-02-10,2026-02-10 12:07:00,537.58,537.58,537.55,537.55,-0.01,49.41,26219.27,-1
2026-02-10,2026-02-10 12:08:00,537.55,537.55,537.53,537.53,-0.0,49.41,26219.27,-1
2026-02-10,2026-02-10 12:09:00,537.53,537.53,537.51,537.51,-0.0,49.41,26219.27,-1
2026-02-10,2026-02-10 12:10:00,537.51,537.51,537.49,537.49,-0.0,49.41,26219.27,-1
2026-02-10,2026-02-10 12:11:00,537.49,537.49,537.47,537.47,-0.0,49.41,26219.27,-1
2026-02-10,2026-02-10 12:12:00,537.47,537.47,537.45,537.45,-0.0,49.41,26219.27,-1
2026-02-10,2026-02-10 12:13:00,537.45,537.45,537.43,537.43,-0.0,49.41,26219.27,-1
2026-02-10,2026-02-10 12:14:00,537.43,537.43,537.41,537.41,-0.0,49.41,26219.27,-1
2026-02-10,2026-02-10 12:15:00,537.41,537.41,537.38,537.38,-0.01,49.41,26219.27,-1
2026-02-10,2026-02-10 12:16:00,537.38,537.38,537.36,537.36,-0.0,49.41,26219.27,-1
2026-02-10,2026-02-10 12:17:00,537.36,537.36,537.34,537.34,-0.0,49.41,26219.27,-1
2026-02-10,2026-02-10 12:18:00,537.34,537.34,537.32,537.32,-0.0,49.41,26219.27,-1
2026-02-10,2026-02-10 12:19:00,537.32,537.32,537.3,537.3,-0.0,49.41,26219.27,-1
2026-02-10,2026-02-10 12:20:00,537.3,537.3,537.28,537.28,-0.0,49.41,26219.27,-1
2026-02-10,2026-02-10 12:21:00,537.28,537.28,537.26,537.26,-0.0,49.41,26219.27,-1
2026-02-10,2026-02-10 12:22:00,537.26,537.26,537.24,537.24,-0.0,49.41,26219.27,-1
2026-02-10,2026-02-10 12:23:00,537.24,537.24,537.22,537.22,-0.0,49.41,26219.27,-1
2026-02-10,2026-02-10 12:24:00,537.22,537.22,537.19,537.19,-0.01,49.41,26219.27,-1
2026-02-10,2026-02-10 12:25:00,537.19,537.19,537.17,537.17,-0.0,49.41,26219.27,-1
2026-02-10,2026-02-10 12:26:00,537.17,537.17,537.15,537.15,-0.0,49.41,26219.27,-1
2026-02-10,2026-02-10 12:27:00,537.15,537.15,537.13,537.13,-0.0,49.41,26219.27,-1
2026-02-10,2026-02-10 12:28:00,537.13,537.13,537.11,537.11,-0.0,49.41,26219.27,-1
2026-02-10,2026-02-10 12:29:00,537.11,537.11,537.09,537.09,-0.0,49.41,26219.27,-1
2026-02-10,2026-02-10 12:30:00,537.09,537.09,537.07,537.07,-0.0,49.41,26219.27,-1
2026-02-10,2026-02-10 12:31:00,537.07,537.07,537.04,537.04,-0.01,49.41,26219.27,-1
2026-02-10,2026-02-10 12:32:00,537.04,537.04,537.02,537.02,-0.0,49.41,26219.27,-1
2026-02-10,2026-02-10 12:33:00,537.02,537.02,537.0,537.0,-0.0,49.41,26219.27,-1
2026-02-10,2026-02-10 12:34:00,537.0,537.0,536.98,536.98,-0.0,49.41,26219.27,-1
2026-02-10,2026-02-10 12:35:00,536.98,536.98,536.96,536.96,-0.0,49.41,26219.27,-1
2026-02-10,2026-02-10 12:36:00,536.96,536.96,536.94,536.94,-0.0,49.41,26219.27,-1
2026-02-10,2026-02-10 12:37:00,536.94,536.94,536.92,536.92,-0.0,49.41,26219.27,-1
2026-02-10,2026-02-10 12:38:00,536.92,536.92,536.9,536.9,-0.0,49.41,26219.27,-1
2026-02-10,2026-02-10 12:39:00,536.9,536.9,536.88,536.88,-0.0,49.41,26219.27,-1
2026-02-10,2026-02-10 12:40:00,536.88,536.88,536.85,536.85,-0.01,49.41,26219.27,-1
2026-02-10,2026-02-10 12:41:00,536.85,536.85,536.83,536.83,-0.0,49.41,26219.27,-1
2026-02-10,2026-02-10 12:42:00,536.83,536.83,536.81,536.81,-0.0,49.41,26219.27,-1
2026-02-10,2026-02-10 12:43:00,536.81,536.81,536.79,536.79,-0.0,49.41,26219.27,-1
2026-02-10,2026-02-10 12:44:00,536.79,536.79,536.77,536.77,-0.0,49.41,26219.27,-1
2026-02-10,2026-02-10 12:45:00,536.77,536.77,536.75,536.75,-0.0,49.41,26219.27,-1
2026-02-10,2026-02-10 12:46:00,536.75,536.75,536.73,536.73,-0.0,49.41,26219.27,-1
2026-02-10,2026-02-10 12:47:00,536.73,536.73,536.71,536.71,-0.0,49.41,26219.27,-1
2026-02-10,2026-02-10 12:48:00,536.71,536.71,536.68,536.68,-0.01,49.41,26219.27,-1
2026-02-10,2026-02-10 12:49:00,536.68,536.68,536.66,536.66,-0.0,49.41,26219.27,-1
2026-02-10,2026-02-10 12:50:00,536.66,536.66,536.64,536.64,-0.0,49.41,26219.27,-1
2026-02-10,2026-02-10 12:51:00,536.64,536.64,536.62,536.62,-0.0,49.41,26219.27,-1
2026-02-10,2026-02-10 12:52:00,536.62,536.62,536.6,536.6,-0.0,49.41,26219.27,-1
2026-02-10,2026-02-10 12:53:00,536.6,536.6,536.58,536.58,-0.0,49.41,26219.27,-1
2026-02-10,2026-02-10 12:54:00,536.58,536.58,536.56,536.56,-0.0,49.41,26219.27,-1
2026-02-10,2026-02-10 12:55:00,536.56,536.56,536.53,536.53,-0.01,49.41,26219.27,-1
2026-02-10,2026-02-10 12:56:00,536.53,536.53,536.51,536.51,-0.0,49.41,26219.27,-1
2026-02-10,2026-02-10 12:57:00,536.51,536.51,536.49,536.49,-0.0,49.41,26219.27,-1
2026-02-10,2026-02-10 12:58:00,536.49,536.49,536.47,536.47,-0.0,49.41,26219.27,-1
2026-02-10,2026-02-10 12:59:00,536.47,536.47,536.45,536.45,-0.0,49.41,26219.27,-1
2026-02-10,2026-02-10 13:00:00,536.45,539.0,528.1,536.43,-0.0,49.41,26219.27,-1
2026-02-10,2026-02-10 13:01:00,536.43,536.43,536.41,536.41,-0.0,49.41,26219.27,-1
2026-02-10,2026-02-10 13:02:00,536.41,536.41,536.39,536.39,-0.0,49.41,26219.27,-1
2026-02-10,2026-02-10 13:03:00,536.39,536.39,536.37,536.37,-0.0,49.41,26219.27,-1
2026-02-10,2026-02-10 13:04:00,536.37,536.37,536.34,536.34,-0.01,49.41,26219.27,-1
2026-02-10,2026-02-10 13:05:00,536.34,536.34,536.32,536.32,-0.0,49.41,26219.27,-1
2026-02-10,2026-02-10 13:06:00,536.32,536.32,536.3,536.3,-0.0,49.41,26219.27,-1
2026-02-10,2026-02-10 13:07:00,536.3,536.3,536.28,536.28,-0.0,49.41,26219.27,-1
2026-02-10,2026-02-10 13:08:00,536.28,536.28,536.26,536.26,-0.0,49.41,26219.27,-1
2026-02-10,2026-02-10 13:09:00,536.26,536.26,536.24,536.24,-0.0,49.41,26219.27,-1
2026-02-10,2026-02-10 13:10:00,536.24,536.24,536.22,536.22,-0.0,49.41,26219.27,-1
2026-02-10,2026-02-10 13:11:00,536.22,536.22,536.19,536.19,-0.01,49.41,26219.27,-1
2026-02-10,2026-02-10 13:12:00,536.19,536.19,536.17,536.17,-0.0,49.41,26219.27,-1
2026-02-10,2026-02-10 13:13:00,536.17,536.17,536.15,536.15,-0.0,49.41,26219.27,-1
2026-02-10,2026-02-10 13:14:00,536.15,536.15,536.13,536.13,-0.0,49.41,26219.27,-1
2026-02-10,2026-02-10 13:15:00,536.13,536.13,536.11,536.11,-0.0,49.41,26219.27,-1
2026-02-10,2026-02-10 13:16:00,536.11,536.11,536.09,536.09,-0.0,49.41,26219.27,-1
2026-02-10,2026-02-10 13:17:00,536.09,536.09,536.07,536.07,-0.0,49.41,26219.27,-1
2026-02-10,2026-02-10 13:18:00,536.07,536.07,536.05,536.05,-0.0,49.41,26219.27,-1
2026-02-10,2026-02-10 13:19:00,536.05,536.05,536.02,536.02,-0.01,49.41,26219.27,-1
2026-02-10,2026-02-10 13:20:00,536.02,536.02,536.0,536.0,-0.0,49.41,26219.27,-1
2026-02-10,2026-02-10 13:21:00,536.0,536.0,535.98,535.98,-0.0,49.41,26219.27,-1
2026-02-10,2026-02-10 13:22:00,535.98,535.98,535.96,535.96,-0.0,49.41,26219.27,-1
2026-02-10,2026-02-10 13:23:00,535.96,535.96,535.94,535.94,-0.0,49.41,26219.27,-1
2026-02-10,2026-02-10 13:24:00,535.94,535.94,535.92,535.92,-0.0,49.41,26219.27,-1
2026-02-10,2026-02-10 13:25:00,535.92,535.92,535.9,535.9,-0.0,49.41,26219.27,-1
2026-02-10,2026-02-10 13:26:00,535.9,535.9,535.88,535.88,-0.0,49.41,26219.27,-1
2026-02-10,2026-02-10 13:27:00,535.88,535.88,535.86,535.86,-0.0,49.41,26219.27,-1
2026-02-10,2026-02-10 13:28:00,535.86,535.86,535.83,535.83,-0.01,49.41,26219.27,-1
2026-02-10,2026-02-10 13:29:00,535.83,535.83,535.81,535.81,-0.0,49.41,26219.27,-1
2026-02-10,2026-02-10 13:30:00,535.81,535.81,535.79,535.79,-0.0,49.41,26219.27,-1
2026-02-10,2026-02-10 13:31:00,535.79,535.79,535.77,535.77,-0.0,49.41,26219.27,-1
2026-02-10,2026-02-10 13:32:00,535.77,535.77,535.75,535.75,-0.0,49.41,26219.27,-1
2026-02-10,2026-02-10 13:33:00,535.75,535.75,535.73,535.73,-0.0,49.41,26219.27,-1
2026-02-10,2026-02-10 13:34:00,535.73,535.73,535.71,535.71,-0.0,49.41,26219.27,-1
2026-02-10,2026-02-10 13:35:00,535.71,535.71,535.68,535.68,-0.01,49.41,26219.27,-1
2026-02-10,2026-02-10 13:36:00,535.68,535.68,535.66,535.66,-0.0,49.41,26219.27,-1
2026-02-10,2026-02-10 13:37:00,535.66,535.66,535.64,535.64,-0.0,49.41,26219.27,-1
2026-02-10,2026-02-10 13:38:00,535.64,535.64,535.62,535.62,-0.0,49.41,26219.27,-1
2026-02-10,2026-02-10 13:39:00,535.62,535.62,535.6,535.6,-0.0,49.41,26219.27,-1
2026-02-10,2026-02-10 13:40:00,535.6,535.6,535.58,535.58,-0.0,49.41,26219.27,-1
2026-02-10,2026-02-10 13:41:00,535.58,535.58,535.56,535.56,-0.0,49.41,26219.27,-1
2026-02-10,2026-02-10 13:42:00,535.56,535.56,535.54,535.54,-0.0,49.41,26219.27,-1
2026-02-10,2026-02-10 13:43:00,535.54,535.54,535.51,535.51,-0.01,49.41,26219.27,-1
2026-02-10,2026-02-10 13:44:00,535.51,535.51,535.49,535.49,-0.0,49.41,26219.27,-1
2026-02-10,2026-02-10 13:45:00,535.49,535.49,535.47,535.47,-0.0,49.41,26219.27,-1
2026-02-10,2026-02-10 13:46:00,535.47,535.47,535.45,535.45,-0.0,49.41,26219.27,-1
2026-02-10,2026-02-10 13:47:00,535.45,535.45,535.43,535.43,-0.0,49.41,26219.27,-1
2026-02-10,2026-02-10 13:48:00,535.43,535.43,535.41,535.41,-0.0,49.41,26219.27,-1
2026-02-10,2026-02-10 13:49:00,535.41,535.41,535.39,535.39,-0.0,49.41,26219.27,-1
2026-02-10,2026-02-10 13:50:00,535.39,535.39,535.37,535.37,-0.0,49.41,26219.27,-1
2026-02-10,2026-02-10 13:51:00,535.37,535.37,535.35,535.35,-0.0,49.41,26219.27,-1
2026-02-10,2026-02-10 13:52:00,535.35,535.35,535.32,535.32,-0.01,49.41,26219.27,-1
2026-02-10,2026-02-10 13:53:00,535.32,535.32,535.3,535.3,-0.0,49.41,26219.27,-1
2026-02-10,2026-02-10 13:54:00,535.3,535.3,535.28,535.28,-0.0,49.41,26219.27,-1
2026-02-10,2026-02-10 13:55:00,535.28,535.28,535.26,535.26,-0.0,49.41,26219.27,-1
2026-02-10,2026-02-10 13:56:00,535.26,535.26,535.24,535.24,-0.0,49.41,26219.27,-1
2026-02-10,2026-02-10 13:57:00,535.24,535.24,535.22,535.22,-0.0,49.41,26219.27,-1
2026-02-10,2026-02-10 13:58:00,535.22,535.22,535.2,535.2,-0.0,49.41,26219.27,-1
2026-02-10,2026-02-10 13:59:00,535.2,535.2,535.17,535.17,-0.01,49.41,26219.27,-1
2026-02-10,2026-02-10 14:00:00,535.17,535.17,535.15,535.15,-0.0,49.41,26219.27,-1
2026-02-10,2026-02-10 14:01:00,535.15,535.15,535.13,535.13,-0.0,49.41,26219.27,-1
2026-02-10,2026-02-10 14:02:00,535.13,535.13,535.11,535.11,-0.0,49.41,26219.27,-1
2026-02-10,2026-02-10 14:03:00,535.11,535.11,535.09,535.09,-0.0,49.41,26219.27,-1
2026-02-10,2026-02-10 14:04:00,535.09,535.09,535.07,535.07,-0.0,49.41,26219.27,-1
2026-02-10,2026-02-10 14:05:00,535.07,535.07,535.05,535.05,-0.0,49.41,26219.27,-1
2026-02-10,2026-02-10 14:06:00,535.05,535.05,535.03,535.03,-0.0,49.41,26219.27,-1
2026-02-10,2026-02-10 14:07:00,535.03,535.03,535.0,535.0,-0.01,49.41,26219.27,-1
2026-02-10,2026-02-10 14:08:00,535.0,535.0,534.98,534.98,-0.0,49.41,26219.27,-1
2026-02-10,2026-02-10 14:09:00,534.98,534.98,534.96,534.96,-0.0,49.41,26219.27,-1
2026-02-10,2026-02-10 14:10:00,534.96,534.96,534.94,534.94,-0.0,49.41,26219.27,-1
2026-02-10,2026-02-10 14:11:00,534.94,534.94,534.92,534.92,-0.0,49.41,26219.27,-1
2026-02-10,2026-02-10 14:12:00,534.92,534.92,534.9,534.9,-0.0,49.41,26219.27,-1
2026-02-10,2026-02-10 14:13:00,534.9,534.9,534.88,534.88,-0.0,49.41,26219.27,-1
2026-02-10,2026-02-10 14:14:00,534.88,534.88,534.86,534.86,-0.0,49.41,26219.27,-1
2026-02-10,2026-02-10 14:15:00,534.86,534.86,534.84,534.84,-0.0,49.41,26219.27,-1
2026-02-10,2026-02-10 14:16:00,534.84,534.84,534.81,534.81,-0.01,49.41,26219.27,-1
2026-02-10,2026-02-10 14:17:00,534.81,534.81,534.79,534.79,-0.0,49.41,26219.27,-1
2026-02-10,2026-02-10 14:18:00,534.79,534.79,534.77,534.77,-0.0,49.41,26219.27,-1
2026-02-10,2026-02-10 14:19:00,534.77,534.77,534.75,534.75,-0.0,49.41,26219.27,-1
2026-02-10,2026-02-10 14:20:00,534.75,534.75,534.73,534.73,-0.0,49.41,26219.27,-1
2026-02-10,2026-02-10 14:21:00,534.73,534.73,534.71,534.71,-0.0,49.41,26219.27,-1
2026-02-10,2026-02-10 14:22:00,534.71,534.71,534.69,534.69,-0.0,49.41,26219.27,-1
2026-02-10,2026-02-10 14:23:00,534.69,534.69,534.66,534.66,-0.01,49.41,26219.27,-1
2026-02-10,2026-02-10 14:24:00,534.66,534.66,534.64,534.64,-0.0,49.41,26219.27,-1
2026-02-10,2026-02-10 14:25:00,534.64,534.64,534.62,534.62,-0.0,49.41,26219.27,-1
2026-02-10,2026-02-10 14:26:00,534.62,534.62,534.6,534.6,-0.0,49.41,26219.27,-1
2026-02-10,2026-02-10 14:27:00,534.6,534.6,534.58,534.58,-0.0,49.41,26219.27,-1
2026-02-10,2026-02-10 14:28:00,534.58,534.58,534.56,534.56,-0.0,49.41,26219.27,-1
2026-02-10,2026-02-10 14:29:00,534.56,534.56,534.54,534.54,-0.0,49.41,26219.27,-1
2026-02-10,2026-02-10 14:30:00,534.54,534.54,534.52,534.52,-0.0,49.41,26219.27,-1
2026-02-10,2026-02-10 14:31:00,534.52,534.52,534.5,534.5,-0.0,49.41,26219.27,-1
2026-02-10,2026-02-10 14:32:00,534.5,534.5,534.47,534.47,-0.01,49.41,26219.27,-1
2026-02-10,2026-02-10 14:33:00,534.47,534.47,534.45,534.45,-0.0,49.41,26219.27,-1
2026-02-10,2026-02-10 14:34:00,534.45,534.45,534.43,534.43,-0.0,49.41,26219.27,-1
2026-02-10,2026-02-10 14:35:00,534.43,534.43,534.41,534.41,-0.0,49.41,26219.27,-1
2026-02-10,2026-02-10 14:36:00,534.41,534.41,534.39,534.39,-0.0,49.41,26219.27,-1
2026-02-10,2026-02-10 14:37:00,534.39,534.39,534.37,534.37,-0.0,49.41,26219.27,-1
2026-02-10,2026-02-10 14:38:00,534.37,534.37,534.35,534.35,-0.0,49.41,26219.27,-1
2026-02-10,2026-02-10 14:39:00,534.35,534.35,534.32,534.32,-0.01,49.41,26219.27,-1
2026-02-10,2026-02-10 14:40:00,534.32,534.32,534.3,534.3,-0.0,49.41,26219.27,-1
2026-02-10,2026-02-10 14:41:00,534.3,534.3,534.28,534.28,-0.0,49.41,26219.27,-1
2026-02-10,2026-02-10 14:42:00,534.28,534.28,534.26,534.26,-0.0,49.41,26219.27,-1
2026-02-10,2026-02-10 14:43:00,534.26,534.26,534.24,534.24,-0.0,49.41,26219.27,-1
2026-02-10,2026-02-10 14:44:00,534.24,534.24,534.22,534.22,-0.0,49.41,26219.27,-1
2026-02-10,2026-02-10 14:45:00,534.22,534.22,534.2,534.2,-0.0,49.41,26219.27,-1
2026-02-10,2026-02-10 14:46:00,534.2,534.2,534.18,534.18,-0.0,49.41,26219.27,-1
2026-02-10,2026-02-10 14:47:00,534.18,534.18,534.15,534.15,-0.01,49.41,26219.27,-1
2026-02-10,2026-02-10 14:48:00,534.15,534.15,534.13,534.13,-0.0,49.41,26219.27,-1
2026-02-10,2026-02-10 14:49:00,534.13,534.13,534.11,534.11,-0.0,49.41,26219.27,-1
2026-02-10,2026-02-10 14:50:00,534.11,534.11,534.09,534.09,-0.0,49.41,26219.27,-1
2026-02-10,2026-02-10 14:51:00,534.09,534.09,534.07,534.07,-0.0,49.41,26219.27,-1
2026-02-10,2026-02-10 14:52:00,534.07,534.07,534.05,534.05,-0.0,49.41,26219.27,-1
2026-02-10,2026-02-10 14:53:00,534.05,534.05,534.03,534.03,-0.0,49.41,26219.27,-1
2026-02-10,2026-02-10 14:54:00,534.03,534.03,534.01,534.01,-0.0,49.41,26219.27,-1
2026-02-10,2026-02-10 14:55:00,534.01,534.01,533.99,533.99,-0.0,49.41,26219.27,-1
2026-02-10,2026-02-10 14:56:00,533.99,533.99,533.96,533.96,-0.01,49.41,26219.27,-1
2026-02-10,2026-02-10 14:57:00,533.96,533.96,533.94,533.94,-0.0,49.41,26219.27,-1
2026-02-10,2026-02-10 14:58:00,533.94,533.94,533.92,533.92,-0.0,49.41,26219.27,-1
2026-02-10,2026-02-10 14:59:00,533.92,533.92,533.9,533.9,-0.0,49.41,26219.27,-1
2026-02-10,2026-02-10 15:00:00,533.9,539.0,528.1,533.9,0.0,49.41,26219.27,0
2026-02-11,2026-02-11 11:00:00,531.0,533.4,528.9,530.99,-0.0,27.47,14568.28,-1
2026-02-11,2026-02-11 11:01:00,530.99,530.99,530.98,530.98,-0.0,27.47,14568.28,-1
2026-02-11,2026-02-11 11:02:00,530.98,530.98,530.96,530.96,-0.0,27.47,14568.28,-1
2026-02-11,2026-02-11 11:03:00,530.96,530.96,530.95,530.95,-0.0,27.47,14568.28,-1
2026-02-11,2026-02-11 11:04:00,530.95,530.95,530.94,530.94,-0.0,27.47,14568.28,-1
2026-02-11,2026-02-11 11:05:00,530.94,530.94,530.93,530.93,-0.0,27.47,14568.28,-1
2026-02-11,2026-02-11 11:06:00,530.93,530.93,530.92,530.92,-0.0,27.47,14568.28,-1
2026-02-11,2026-02-11 11:07:00,530.92,530.92,530.9,530.9,-0.0,27.47,14568.28,-1
2026-02-11,2026-02-11 11:08:00,530.9,530.9,530.89,530.89,-0.0,27.47,14568.28,-1
2026-02-11,2026-02-11 11:09:00,530.89,530.89,530.88,530.88,-0.0,27.47,14568.28,-1
2026-02-11,2026-02-11 11:10:00,530.88,530.88,530.87,530.87,-0.0,27.47,14568.28,-1
2026-02-11,2026-02-11 11:11:00,530.87,530.87,530.86,530.86,-0.0,27.47,14568.28,-1
2026-02-11,2026-02-11 11:12:00,530.86,530.86,530.84,530.84,-0.0,27.47,14568.28,-1
2026-02-11,2026-02-11 11:13:00,530.84,530.84,530.83,530.83,-0.0,27.47,14568.28,-1
2026-02-11,2026-02-11 11:14:00,530.83,530.83,530.82,530.82,-0.0,27.47,14568.28,-1
2026-02-11,2026-02-11 11:15:00,530.82,530.82,530.81,530.81,-0.0,27.47,14568.28,-1
2026-02-11,2026-02-11 11:16:00,530.81,530.81,530.79,530.79,-0.0,27.47,14568.28,-1
2026-02-11,2026-02-11 11:17:00,530.79,530.79,530.78,530.78,-0.0,27.47,14568.28,-1
2026-02-11,2026-02-11 11:18:00,530.78,530.78,530.77,530.77,-0.0,27.47,14568.28,-1
2026-02-11,2026-02-11 11:19:00,530.77,530.77,530.76,530.76,-0.0,27.47,14568.28,-1
2026-02-11,2026-02-11 11:20:00,530.76,530.76,530.75,530.75,-0.0,27.47,14568.28,-1
2026-02-11,2026-02-11 11:21:00,530.75,530.75,530.73,530.73,-0.0,27.47,14568.28,-1
2026-02-11,2026-02-11 11:22:00,530.73,530.73,530.72,530.72,-0.0,27.47,14568.28,-1
2026-02-11,2026-02-11 11:23:00,530.72,530.72,530.71,530.71,-0.0,27.47,14568.28,-1
2026-02-11,2026-02-11 11:24:00,530.71,530.71,530.7,530.7,-0.0,27.47,14568.28,-1
2026-02-11,2026-02-11 11:25:00,530.7,530.7,530.69,530.69,-0.0,27.47,14568.28,-1
2026-02-11,2026-02-11 11:26:00,530.69,530.69,530.67,530.67,-0.0,27.47,14568.28,-1
2026-02-11,2026-02-11 11:27:00,530.67,530.67,530.66,530.66,-0.0,27.47,14568.28,-1
2026-02-11,2026-02-11 11:28:00,530.66,530.66,530.65,530.65,-0.0,27.47,14568.28,-1
2026-02-11,2026-02-11 11:29:00,530.65,530.65,530.64,530.64,-0.0,27.47,14568.28,-1
2026-02-11,2026-02-11 11:30:00,530.64,530.64,530.63,530.63,-0.0,27.47,14568.28,-1
2026-02-11,2026-02-11 11:31:00,530.63,530.63,530.61,530.61,-0.0,27.47,14568.28,-1
2026-02-11,2026-02-11 11:32:00,530.61,530.61,530.6,530.6,-0.0,27.47,14568.28,-1
2026-02-11,2026-02-11 11:33:00,530.6,530.6,530.59,530.59,-0.0,27.47,14568.28,-1
2026-02-11,2026-02-11 11:34:00,530.59,530.59,530.58,530.58,-0.0,27.47,14568.28,-1
2026-02-11,2026-02-11 11:35:00,530.58,530.58,530.57,530.57,-0.0,27.47,14568.28,-1
2026-02-11,2026-02-11 11:36:00,530.57,530.57,530.55,530.55,-0.0,27.47,14568.28,-1
2026-02-11,2026-02-11 11:37:00,530.55,530.55,530.54,530.54,-0.0,27.47,14568.28,-1
2026-02-11,2026-02-11 11:38:00,530.54,530.54,530.53,530.53,-0.0,27.47,14568.28,-1
2026-02-11,2026-02-11 11:39:00,530.53,530.53,530.52,530.52,-0.0,27.47,14568.28,-1
2026-02-11,2026-02-11 11:40:00,530.52,530.52,530.5,530.5,-0.0,27.47,14568.28,-1
2026-02-11,2026-02-11 11:41:00,530.5,530.5,530.49,530.49,-0.0,27.47,14568.28,-1
2026-02-11,2026-02-11 11:42:00,530.49,530.49,530.48,530.48,-0.0,27.47,14568.28,-1
2026-02-11,2026-02-11 11:43:00,530.48,530.48,530.47,530.47,-0.0,27.47,14568.28,-1
2026-02-11,2026-02-11 11:44:00,530.47,530.47,530.46,530.46,-0.0,27.47,14568.28,-1
2026-02-11,2026-02-11 11:45:00,530.46,530.46,530.44,530.44,-0.0,27.47,14568.28,-1
2026-02-11,2026-02-11 11:46:00,530.44,530.44,530.43,530.43,-0.0,27.47,14568.28,-1
2026-02-11,2026-02-11 11:47:00,530.43,530.43,530.42,530.42,-0.0,27.47,14568.28,-1
2026-02-11,2026-02-11 11:48:00,530.42,530.42,530.41,530.41,-0.0,27.47,14568.28,-1
2026-02-11,2026-02-11 11:49:00,530.41,530.41,530.4,530.4,-0.0,27.47,14568.28,-1
2026-02-11,2026-02-11 11:50:00,530.4,530.4,530.38,530.38,-0.0,27.47,14568.28,-1
2026-02-11,2026-02-11 11:51:00,530.38,530.38,530.37,530.37,-0.0,27.47,14568.28,-1
2026-02-11,2026-02-11 11:52:00,530.37,530.37,530.36,530.36,-0.0,27.47,14568.28,-1
2026-02-11,2026-02-11 11:53:00,530.36,530.36,530.35,530.35,-0.0,27.47,14568.28,-1
2026-02-11,2026-02-11 11:54:00,530.35,530.35,530.34,530.34,-0.0,27.47,14568.28,-1
2026-02-11,2026-02-11 11:55:00,530.34,530.34,530.32,530.32,-0.0,27.47,14568.28,-1
2026-02-11,2026-02-11 11:56:00,530.32,530.32,530.31,530.31,-0.0,27.47,14568.28,-1
2026-02-11,2026-02-11 11:57:00,530.31,530.31,530.3,530.3,-0.0,27.47,14568.28,-1
2026-02-11,2026-02-11 11:58:00,530.3,530.3,530.29,530.29,-0.0,27.47,14568.28,-1
2026-02-11,2026-02-11 11:59:00,530.29,530.29,530.27,530.27,-0.0,27.47,14568.28,-1
2026-02-11,2026-02-11 12:00:00,530.27,530.27,530.26,530.26,-0.0,27.47,14568.28,-1
2026-02-11,2026-02-11 12:01:00,530.26,530.26,530.25,530.25,-0.0,27.47,14568.28,-1
2026-02-11,2026-02-11 12:02:00,530.25,530.25,530.24,530.24,-0.0,27.47,14568.28,-1
2026-02-11,2026-02-11 12:03:00,530.24,530.24,530.23,530.23,-0.0,27.47,14568.28,-1
2026-02-11,2026-02-11 12:04:00,530.23,530.23,530.21,530.21,-0.0,27.47,14568.28,-1
2026-02-11,2026-02-11 12:05:00,530.21,530.21,530.2,530.2,-0.0,27.47,14568.28,-1
2026-02-11,2026-02-11 12:06:00,530.2,530.2,530.19,530.19,-0.0,27.47,14568.28,-1
2026-02-11,2026-02-11 12:07:00,530.19,530.19,530.18,530.18,-0.0,27.47,14568.28,-1
2026-02-11,2026-02-11 12:08:00,530.18,530.18,530.17,530.17,-0.0,27.47,14568.28,-1
2026-02-11,2026-02-11 12:09:00,530.17,530.17,530.15,530.15,-0.0,27.47,14568.28,-1
2026-02-11,2026-02-11 12:10:00,530.15,530.15,530.14,530.14,-0.0,27.47,14568.28,-1
2026-02-11,2026-02-11 12:11:00,530.14,530.14,530.13,530.13,-0.0,27.47,14568.28,-1
2026-02-11,2026-02-11 12:12:00,530.13,530.13,530.12,530.12,-0.0,27.47,14568.28,-1
2026-02-11,2026-02-11 12:13:00,530.12,530.12,530.11,530.11,-0.0,27.47,14568.28,-1
2026-02-11,2026-02-11 12:14:00,530.11,530.11,530.09,530.09,-0.0,27.47,14568.28,-1
2026-02-11,2026-02-11 12:15:00,530.09,530.09,530.08,530.08,-0.0,27.47,14568.28,-1
2026-02-11,2026-02-11 12:16:00,530.08,530.08,530.07,530.07,-0.0,27.47,14568.28,-1
2026-02-11,2026-02-11 12:17:00,530.07,530.07,530.06,530.06,-0.0,27.47,14568.28,-1
2026-02-11,2026-02-11 12:18:00,530.06,530.06,530.05,530.05,-0.0,27.47,14568.28,-1
2026-02-11,2026-02-11 12:19:00,530.05,530.05,530.03,530.03,-0.0,27.47,14568.28,-1
2026-02-11,2026-02-11 12:20:00,530.03,530.03,530.02,530.02,-0.0,27.47,14568.28,-1
2026-02-11,2026-02-11 12:21:00,530.02,530.02,530.01,530.01,-0.0,27.47,14568.28,-1
2026-02-11,2026-02-11 12:22:00,530.01,530.01,530.0,530.0,-0.0,27.47,14568.28,-1
2026-02-11,2026-02-11 12:23:00,530.0,530.0,529.99,529.99,-0.0,27.47,14568.28,-1
2026-02-11,2026-02-11 12:24:00,529.99,529.99,529.97,529.97,-0.0,27.47,14568.28,-1
2026-02-11,2026-02-11 12:25:00,529.97,529.97,529.96,529.96,-0.0,27.47,14568.28,-1
2026-02-11,2026-02-11 12:26:00,529.96,529.96,529.95,529.95,-0.0,27.47,14568.28,-1
2026-02-11,2026-02-11 12:27:00,529.95,529.95,529.94,529.94,-0.0,27.47,14568.28,-1
2026-02-11,2026-02-11 12:28:00,529.94,529.94,529.92,529.92,-0.0,27.47,14568.28,-1
2026-02-11,2026-02-11 12:29:00,529.92,529.92,529.91,529.91,-0.0,27.47,14568.28,-1
2026-02-11,2026-02-11 12:30:00,529.91,529.91,529.9,529.9,-0.0,27.47,14568.28,-1
2026-02-11,2026-02-11 12:31:00,529.9,529.9,529.89,529.89,-0.0,27.47,14568.28,-1
2026-02-11,2026-02-11 12:32:00,529.89,529.89,529.88,529.88,-0.0,27.47,14568.28,-1
2026-02-11,2026-02-11 12:33:00,529.88,529.88,529.86,529.86,-0.0,27.47,14568.28,-1
2026-02-11,2026-02-11 12:34:00,529.86,529.86,529.85,529.85,-0.0,27.47,14568.28,-1
2026-02-11,2026-02-11 12:35:00,529.85,529.85,529.84,529.84,-0.0,27.47,14568.28,-1
2026-02-11,2026-02-11 12:36:00,529.84,529.84,529.83,529.83,-0.0,27.47,14568.28,-1
2026-02-11,2026-02-11 12:37:00,529.83,529.83,529.82,529.82,-0.0,27.47,14568.28,-1
2026-02-11,2026-02-11 12:38:00,529.82,529.82,529.8,529.8,-0.0,27.47,14568.28,-1
2026-02-11,2026-02-11 12:39:00,529.8,529.8,529.79,529.79,-0.0,27.47,14568.28,-1
2026-02-11,2026-02-11 12:40:00,529.79,529.79,529.78,529.78,-0.0,27.47,14568.28,-1
2026-02-11,2026-02-11 12:41:00,529.78,529.78,529.77,529.77,-0.0,27.47,14568.28,-1
2026-02-11,2026-02-11 12:42:00,529.77,529.77,529.76,529.76,-0.0,27.47,14568.28,-1
2026-02-11,2026-02-11 12:43:00,529.76,529.76,529.74,529.74,-0.0,27.47,14568.28,-1
2026-02-11,2026-02-11 12:44:00,529.74,529.74,529.73,529.73,-0.0,27.47,14568.28,-1
2026-02-11,2026-02-11 12:45:00,529.73,529.73,529.72,529.72,-0.0,27.47,14568.28,-1
2026-02-11,2026-02-11 12:46:00,529.72,529.72,529.71,529.71,-0.0,27.47,14568.28,-1
2026-02-11,2026-02-11 12:47:00,529.71,529.71,529.7,529.7,-0.0,27.47,14568.28,-1
2026-02-11,2026-02-11 12:48:00,529.7,529.7,529.68,529.68,-0.0,27.47,14568.28,-1
2026-02-11,2026-02-11 12:49:00,529.68,529.68,529.67,529.67,-0.0,27.47,14568.28,-1
2026-02-11,2026-02-11 12:50:00,529.67,529.67,529.66,529.66,-0.0,27.47,14568.28,-1
2026-02-11,2026-02-11 12:51:00,529.66,529.66,529.65,529.65,-0.0,27.47,14568.28,-1
2026-02-11,2026-02-11 12:52:00,529.65,529.65,529.63,529.63,-0.0,27.47,14568.28,-1
2026-02-11,2026-02-11 12:53:00,529.63,529.63,529.62,529.62,-0.0,27.47,14568.28,-1
2026-02-11,2026-02-11 12:54:00,529.62,529.62,529.61,529.61,-0.0,27.47,14568.28,-1
2026-02-11,2026-02-11 12:55:00,529.61,529.61,529.6,529.6,-0.0,27.47,14568.28,-1
2026-02-11,2026-02-11 12:56:00,529.6,529.6,529.59,529.59,-0.0,27.47,14568.28,-1
2026-02-11,2026-02-11 12:57:00,529.59,529.59,529.57,529.57,-0.0,27.47,14568.28,-1
2026-02-11,2026-02-11 12:58:00,529.57,529.57,529.56,529.56,-0.0,27.47,14568.28,-1
2026-02-11,2026-02-11 12:59:00,529.56,529.56,529.55,529.55,-0.0,27.47,14568.28,-1
2026-02-11,2026-02-11 13:00:00,529.55,539.0,524.0,529.54,-0.0,27.47,14568.28,-1
2026-02-11,2026-02-11 13:01:00,529.54,529.54,529.53,529.53,-0.0,27.47,14568.28,-1
2026-02-11,2026-02-11 13:02:00,529.53,529.53,529.51,529.51,-0.0,27.47,14568.28,-1
2026-02-11,2026-02-11 13:03:00,529.51,529.51,529.5,529.5,-0.0,27.47,14568.28,-1
2026-02-11,2026-02-11 13:04:00,529.5,529.5,529.49,529.49,-0.0,27.47,14568.28,-1
2026-02-11,2026-02-11 13:05:00,529.49,529.49,529.48,529.48,-0.0,27.47,14568.28,-1
2026-02-11,2026-02-11 13:06:00,529.48,529.48,529.47,529.47,-0.0,27.47,14568.28,-1
2026-02-11,2026-02-11 13:07:00,529.47,529.47,529.45,529.45,-0.0,27.47,14568.28,-1
2026-02-11,2026-02-11 13:08:00,529.45,529.45,529.44,529.44,-0.0,27.47,14568.28,-1
2026-02-11,2026-02-11 13:09:00,529.44,529.44,529.43,529.43,-0.0,27.47,14568.28,-1
2026-02-11,2026-02-11 13:10:00,529.43,529.43,529.42,529.42,-0.0,27.47,14568.28,-1
2026-02-11,2026-02-11 13:11:00,529.42,529.42,529.4,529.4,-0.0,27.47,14568.28,-1
2026-02-11,2026-02-11 13:12:00,529.4,529.4,529.39,529.39,-0.0,27.47,14568.28,-1
2026-02-11,2026-02-11 13:13:00,529.39,529.39,529.38,529.38,-0.0,27.47,14568.28,-1
2026-02-11,2026-02-11 13:14:00,529.38,529.38,529.37,529.37,-0.0,27.47,14568.28,-1
2026-02-11,2026-02-11 13:15:00,529.37,529.37,529.36,529.36,-0.0,27.47,14568.28,-1
2026-02-11,2026-02-11 13:16:00,529.36,529.36,529.34,529.34,-0.0,27.47,14568.28,-1
2026-02-11,2026-02-11 13:17:00,529.34,529.34,529.33,529.33,-0.0,27.47,14568.28,-1
2026-02-11,2026-02-11 13:18:00,529.33,529.33,529.32,529.32,-0.0,27.47,14568.28,-1
2026-02-11,2026-02-11 13:19:00,529.32,529.32,529.31,529.31,-0.0,27.47,14568.28,-1
2026-02-11,2026-02-11 13:20:00,529.31,529.31,529.3,529.3,-0.0,27.47,14568.28,-1
2026-02-11,2026-02-11 13:21:00,529.3,529.3,529.28,529.28,-0.0,27.47,14568.28,-1
2026-02-11,2026-02-11 13:22:00,529.28,529.28,529.27,529.27,-0.0,27.47,14568.28,-1
2026-02-11,2026-02-11 13:23:00,529.27,529.27,529.26,529.26,-0.0,27.47,14568.28,-1
2026-02-11,2026-02-11 13:24:00,529.26,529.26,529.25,529.25,-0.0,27.47,14568.28,-1
2026-02-11,2026-02-11 13:25:00,529.25,529.25,529.24,529.24,-0.0,27.47,14568.28,-1
2026-02-11,2026-02-11 13:26:00,529.24,529.24,529.22,529.22,-0.0,27.47,14568.28,-1
2026-02-11,2026-02-11 13:27:00,529.22,529.22,529.21,529.21,-0.0,27.47,14568.28,-1
2026-02-11,2026-02-11 13:28:00,529.21,529.21,529.2,529.2,-0.0,27.47,14568.28,-1
2026-02-11,2026-02-11 13:29:00,529.2,529.2,529.19,529.19,-0.0,27.47,14568.28,-1
2026-02-11,2026-02-11 13:30:00,529.19,529.19,529.18,529.18,-0.0,27.47,14568.28,-1
2026-02-11,2026-02-11 13:31:00,529.18,529.18,529.16,529.16,-0.0,27.47,14568.28,-1
2026-02-11,2026-02-11 13:32:00,529.16,529.16,529.15,529.15,-0.0,27.47,14568.28,-1
2026-02-11,2026-02-11 13:33:00,529.15,529.15,529.14,529.14,-0.0,27.47,14568.28,-1
2026-02-11,2026-02-11 13:34:00,529.14,529.14,529.13,529.13,-0.0,27.47,14568.28,-1
2026-02-11,2026-02-11 13:35:00,529.13,529.13,529.12,529.12,-0.0,27.47,14568.28,-1
2026-02-11,2026-02-11 13:36:00,529.12,529.12,529.1,529.1,-0.0,27.47,14568.28,-1
2026-02-11,2026-02-11 13:37:00,529.1,529.1,529.09,529.09,-0.0,27.47,14568.28,-1
2026-02-11,2026-02-11 13:38:00,529.09,529.09,529.08,529.08,-0.0,27.47,14568.28,-1
2026-02-11,2026-02-11 13:39:00,529.08,529.08,529.07,529.07,-0.0,27.47,14568.28,-1
2026-02-11,2026-02-11 13:40:00,529.07,529.07,529.05,529.05,-0.0,27.47,14568.28,-1
2026-02-11,2026-02-11 13:41:00,529.05,529.05,529.04,529.04,-0.0,27.47,14568.28,-1
2026-02-11,2026-02-11 13:42:00,529.04,529.04,529.03,529.03,-0.0,27.47,14568.28,-1
2026-02-11,2026-02-11 13:43:00,529.03,529.03,529.02,529.02,-0.0,27.47,14568.28,-1
2026-02-11,2026-02-11 13:44:00,529.02,529.02,529.01,529.01,-0.0,27.47,14568.28,-1
2026-02-11,2026-02-11 13:45:00,529.01,529.01,528.99,528.99,-0.0,27.47,14568.28,-1
2026-02-11,2026-02-11 13:46:00,528.99,528.99,528.98,528.98,-0.0,27.47,14568.28,-1
2026-02-11,2026-02-11 13:47:00,528.98,528.98,528.97,528.97,-0.0,27.47,14568.28,-1
2026-02-11,2026-02-11 13:48:00,528.97,528.97,528.96,528.96,-0.0,27.47,14568.28,-1
2026-02-11,2026-02-11 13:49:00,528.96,528.96,528.95,528.95,-0.0,27.47,14568.28,-1
2026-02-11,2026-02-11 13:50:00,528.95,528.95,528.93,528.93,-0.0,27.47,14568.28,-1
2026-02-11,2026-02-11 13:51:00,528.93,528.93,528.92,528.92,-0.0,27.47,14568.28,-1
2026-02-11,2026-02-11 13:52:00,528.92,528.92,528.91,528.91,-0.0,27.47,14568.28,-1
2026-02-11,2026-02-11 13:53:00,528.91,528.91,528.9,528.9,-0.0,27.47,14568.28,-1
2026-02-11,2026-02-11 13:54:00,528.9,528.9,528.89,528.89,-0.0,27.47,14568.28,-1
2026-02-11,2026-02-11 13:55:00,528.89,528.89,528.87,528.87,-0.0,27.47,14568.28,-1
2026-02-11,2026-02-11 13:56:00,528.87,528.87,528.86,528.86,-0.0,27.47,14568.28,-1
2026-02-11,2026-02-11 13:57:00,528.86,528.86,528.85,528.85,-0.0,27.47,14568.28,-1
2026-02-11,2026-02-11 13:58:00,528.85,528.85,528.84,528.84,-0.0,27.47,14568.28,-1
2026-02-11,2026-02-11 13:59:00,528.84,528.84,528.83,528.83,-0.0,27.47,14568.28,-1
2026-02-11,2026-02-11 14:00:00,528.83,528.83,528.81,528.81,-0.0,27.47,14568.28,-1
2026-02-11,2026-02-11 14:01:00,528.81,528.81,528.8,528.8,-0.0,27.47,14568.28,-1
2026-02-11,2026-02-11 14:02:00,528.8,528.8,528.79,528.79,-0.0,27.47,14568.28,-1
2026-02-11,2026-02-11 14:03:00,528.79,528.79,528.78,528.78,-0.0,27.47,14568.28,-1
2026-02-11,2026-02-11 14:04:00,528.78,528.78,528.76,528.76,-0.0,27.47,14568.28,-1
2026-02-11,2026-02-11 14:05:00,528.76,528.76,528.75,528.75,-0.0,27.47,14568.28,-1
2026-02-11,2026-02-11 14:06:00,528.75,528.75,528.74,528.74,-0.0,27.47,14568.28,-1
2026-02-11,2026-02-11 14:07:00,528.74,528.74,528.73,528.73,-0.0,27.47,14568.28,-1
2026-02-11,2026-02-11 14:08:00,528.73,528.73,528.72,528.72,-0.0,27.47,14568.28,-1
2026-02-11,2026-02-11 14:09:00,528.72,528.72,528.7,528.7,-0.0,27.47,14568.28,-1
2026-02-11,2026-02-11 14:10:00,528.7,528.7,528.69,528.69,-0.0,27.47,14568.28,-1
2026-02-11,2026-02-11 14:11:00,528.69,528.69,528.68,528.68,-0.0,27.47,14568.28,-1
2026-02-11,2026-02-11 14:12:00,528.68,528.68,528.67,528.67,-0.0,27.47,14568.28,-1
2026-02-11,2026-02-11 14:13:00,528.67,528.67,528.66,528.66,-0.0,27.47,14568.28,-1
2026-02-11,2026-02-11 14:14:00,528.66,528.66,528.64,528.64,-0.0,27.47,14568.28,-1
2026-02-11,2026-02-11 14:15:00,528.64,528.64,528.63,528.63,-0.0,27.47,14568.28,-1
2026-02-11,2026-02-11 14:16:00,528.63,528.63,528.62,528.62,-0.0,27.47,14568.28,-1
2026-02-11,2026-02-11 14:17:00,528.62,528.62,528.61,528.61,-0.0,27.47,14568.28,-1
2026-02-11,2026-02-11 14:18:00,528.61,528.61,528.6,528.6,-0.0,27.47,14568.28,-1
2026-02-11,2026-02-11 14:19:00,528.6,528.6,528.58,528.58,-0.0,27.47,14568.28,-1
2026-02-11,2026-02-11 14:20:00,528.58,528.58,528.57,528.57,-0.0,27.47,14568.28,-1
2026-02-11,2026-02-11 14:21:00,528.57,528.57,528.56,528.56,-0.0,27.47,14568.28,-1
2026-02-11,2026-02-11 14:22:00,528.56,528.56,528.55,528.55,-0.0,27.47,14568.28,-1
2026-02-11,2026-02-11 14:23:00,528.55,528.55,528.53,528.53,-0.0,27.47,14568.28,-1
2026-02-11,2026-02-11 14:24:00,528.53,528.53,528.52,528.52,-0.0,27.47,14568.28,-1
2026-02-11,2026-02-11 14:25:00,528.52,528.52,528.51,528.51,-0.0,27.47,14568.28,-1
2026-02-11,2026-02-11 14:26:00,528.51,528.51,528.5,528.5,-0.0,27.47,14568.28,-1
2026-02-11,2026-02-11 14:27:00,528.5,528.5,528.49,528.49,-0.0,27.47,14568.28,-1
2026-02-11,2026-02-11 14:28:00,528.49,528.49,528.47,528.47,-0.0,27.47,14568.28,-1
2026-02-11,2026-02-11 14:29:00,528.47,528.47,528.46,528.46,-0.0,27.47,14568.28,-1
2026-02-11,2026-02-11 14:30:00,528.46,528.46,528.45,528.45,-0.0,27.47,14568.28,-1
2026-02-11,2026-02-11 14:31:00,528.45,528.45,528.44,528.44,-0.0,27.47,14568.28,-1
2026-02-11,2026-02-11 14:32:00,528.44,528.44,528.43,528.43,-0.0,27.47,14568.28,-1
2026-02-11,2026-02-11 14:33:00,528.43,528.43,528.41,528.41,-0.0,27.47,14568.28,-1
2026-02-11,2026-02-11 14:34:00,528.41,528.41,528.4,528.4,-0.0,27.47,14568.28,-1
2026-02-11,2026-02-11 14:35:00,528.4,528.4,528.39,528.39,-0.0,27.47,14568.28,-1
2026-02-11,2026-02-11 14:36:00,528.39,528.39,528.38,528.38,-0.0,27.47,14568.28,-1
2026-02-11,2026-02-11 14:37:00,528.38,528.38,528.37,528.37,-0.0,27.47,14568.28,-1
2026-02-11,2026-02-11 14:38:00,528.37,528.37,528.35,528.35,-0.0,27.47,14568.28,-1
2026-02-11,2026-02-11 14:39:00,528.35,528.35,528.34,528.34,-0.0,27.47,14568.28,-1
2026-02-11,2026-02-11 14:40:00,528.34,528.34,528.33,528.33,-0.0,27.47,14568.28,-1
2026-02-11,2026-02-11 14:41:00,528.33,528.33,528.32,528.32,-0.0,27.47,14568.28,-1
2026-02-11,2026-02-11 14:42:00,528.32,528.32,528.31,528.31,-0.0,27.47,14568.28,-1
2026-02-11,2026-02-11 14:43:00,528.31,528.31,528.29,528.29,-0.0,27.47,14568.28,-1
2026-02-11,2026-02-11 14:44:00,528.29,528.29,528.28,528.28,-0.0,27.47,14568.28,-1
2026-02-11,2026-02-11 14:45:00,528.28,528.28,528.27,528.27,-0.0,27.47,14568.28,-1
2026-02-11,2026-02-11 14:46:00,528.27,528.27,528.26,528.26,-0.0,27.47,14568.28,-1
2026-02-11,2026-02-11 14:47:00,528.26,528.26,528.25,528.25,-0.0,27.47,14568.28,-1
2026-02-11,2026-02-11 14:48:00,528.25,528.25,528.23,528.23,-0.0,27.47,14568.28,-1
2026-02-11,2026-02-11 14:49:00,528.23,528.23,528.22,528.22,-0.0,27.47,14568.28,-1
2026-02-11,2026-02-11 14:50:00,528.22,528.22,528.21,528.21,-0.0,27.47,14568.28,-1
2026-02-11,2026-02-11 14:51:00,528.21,528.21,528.2,528.2,-0.0,27.47,14568.28,-1
2026-02-11,2026-02-11 14:52:00,528.2,528.2,528.18,528.18,-0.0,27.47,14568.28,-1
2026-02-11,2026-02-11 14:53:00,528.18,528.18,528.17,528.17,-0.0,27.47,14568.28,-1
2026-02-11,2026-02-11 14:54:00,528.17,528.17,528.16,528.16,-0.0,27.47,14568.28,-1
2026-02-11,2026-02-11 14:55:00,528.16,528.16,528.15,528.15,-0.0,27.47,14568.28,-1
2026-02-11,2026-02-11 14:56:00,528.15,528.15,528.14,528.14,-0.0,27.47,14568.28,-1
2026-02-11,2026-02-11 14:57:00,528.14,528.14,528.12,528.12,-0.0,27.47,14568.28,-1
2026-02-11,2026-02-11 14:58:00,528.12,528.12,528.11,528.11,-0.0,27.47,14568.28,-1
2026-02-11,2026-02-11 14:59:00,528.11,528.11,528.1,528.1,-0.0,27.47,14568.28,-1
2026-02-11,2026-02-11 15:00:00,528.1,539.0,524.0,528.1,0.0,27.47,14568.28,0
2026-02-12,2026-02-12 11:00:00,525.0,526.5,523.2,524.98,-0.0,86.27,45148.3,-1
2026-02-12,2026-02-12 11:01:00,524.98,524.98,524.95,524.95,-0.01,86.27,45148.3,-1
2026-02-12,2026-02-12 11:02:00,524.95,524.95,524.93,524.93,-0.0,86.27,45148.3,-1
2026-02-12,2026-02-12 11:03:00,524.93,524.93,524.91,524.91,-0.0,86.27,45148.3,-1
2026-02-12,2026-02-12 11:04:00,524.91,524.91,524.89,524.89,-0.0,86.27,45148.3,-1
2026-02-12,2026-02-12 11:05:00,524.89,524.89,524.86,524.86,-0.01,86.27,45148.3,-1
2026-02-12,2026-02-12 11:06:00,524.86,524.86,524.84,524.84,-0.0,86.27,45148.3,-1
2026-02-12,2026-02-12 11:07:00,524.84,524.84,524.82,524.82,-0.0,86.27,45148.3,-1
2026-02-12,2026-02-12 11:08:00,524.82,524.82,524.79,524.79,-0.01,86.27,45148.3,-1
2026-02-12,2026-02-12 11:09:00,524.79,524.79,524.77,524.77,-0.0,86.27,45148.3,-1
2026-02-12,2026-02-12 11:10:00,524.77,524.77,524.75,524.75,-0.0,86.27,45148.3,-1
2026-02-12,2026-02-12 11:11:00,524.75,524.75,524.73,524.73,-0.0,86.27,45148.3,-1
2026-02-12,2026-02-12 11:12:00,524.73,524.73,524.7,524.7,-0.01,86.27,45148.3,-1
2026-02-12,2026-02-12 11:13:00,524.7,524.7,524.68,524.68,-0.0,86.27,45148.3,-1
2026-02-12,2026-02-12 11:14:00,524.68,524.68,524.66,524.66,-0.0,86.27,45148.3,-1
2026-02-12,2026-02-12 11:15:00,524.66,524.66,524.63,524.63,-0.01,86.27,45148.3,-1
2026-02-12,2026-02-12 11:16:00,524.63,524.63,524.61,524.61,-0.0,86.27,45148.3,-1
2026-02-12,2026-02-12 11:17:00,524.61,524.61,524.59,524.59,-0.0,86.27,45148.3,-1
2026-02-12,2026-02-12 11:18:00,524.59,524.59,524.56,524.56,-0.01,86.27,45148.3,-1
2026-02-12,2026-02-12 11:19:00,524.56,524.56,524.54,524.54,-0.0,86.27,45148.3,-1
2026-02-12,2026-02-12 11:20:00,524.54,524.54,524.52,524.52,-0.0,86.27,45148.3,-1
2026-02-12,2026-02-12 11:21:00,524.52,524.52,524.5,524.5,-0.0,86.27,45148.3,-1
2026-02-12,2026-02-12 11:22:00,524.5,524.5,524.47,524.47,-0.01,86.27,45148.3,-1
2026-02-12,2026-02-12 11:23:00,524.47,524.47,524.45,524.45,-0.0,86.27,45148.3,-1
2026-02-12,2026-02-12 11:24:00,524.45,524.45,524.43,524.43,-0.0,86.27,45148.3,-1
2026-02-12,2026-02-12 11:25:00,524.43,524.43,524.4,524.4,-0.01,86.27,45148.3,-1
2026-02-12,2026-02-12 11:26:00,524.4,524.4,524.38,524.38,-0.0,86.27,45148.3,-1
2026-02-12,2026-02-12 11:27:00,524.38,524.38,524.36,524.36,-0.0,86.27,45148.3,-1
2026-02-12,2026-02-12 11:28:00,524.36,524.36,524.34,524.34,-0.0,86.27,45148.3,-1
2026-02-12,2026-02-12 11:29:00,524.34,524.34,524.31,524.31,-0.01,86.27,45148.3,-1
2026-02-12,2026-02-12 11:30:00,524.31,524.31,524.29,524.29,-0.0,86.27,45148.3,-1
2026-02-12,2026-02-12 11:31:00,524.29,524.29,524.27,524.27,-0.0,86.27,45148.3,-1
2026-02-12,2026-02-12 11:32:00,524.27,524.27,524.24,524.24,-0.01,86.27,45148.3,-1
2026-02-12,2026-02-12 11:33:00,524.24,524.24,524.22,524.22,-0.0,86.27,45148.3,-1
2026-02-12,2026-02-12 11:34:00,524.22,524.22,524.2,524.2,-0.0,86.27,45148.3,-1
2026-02-12,2026-02-12 11:35:00,524.2,524.2,524.17,524.17,-0.01,86.27,45148.3,-1
2026-02-12,2026-02-12 11:36:00,524.17,524.17,524.15,524.15,-0.0,86.27,45148.3,-1
2026-02-12,2026-02-12 11:37:00,524.15,524.15,524.13,524.13,-0.0,86.27,45148.3,-1
2026-02-12,2026-02-12 11:38:00,524.13,524.13,524.11,524.11,-0.0,86.27,45148.3,-1
2026-02-12,2026-02-12 11:39:00,524.11,524.11,524.08,524.08,-0.01,86.27,45148.3,-1
2026-02-12,2026-02-12 11:40:00,524.08,524.08,524.06,524.06,-0.0,86.27,45148.3,-1
2026-02-12,2026-02-12 11:41:00,524.06,524.06,524.04,524.04,-0.0,86.27,45148.3,-1
2026-02-12,2026-02-12 11:42:00,524.04,524.04,524.01,524.01,-0.01,86.27,45148.3,-1
2026-02-12,2026-02-12 11:43:00,524.01,524.01,523.99,523.99,-0.0,86.27,45148.3,-1
2026-02-12,2026-02-12 11:44:00,523.99,523.99,523.97,523.97,-0.0,86.27,45148.3,-1
2026-02-12,2026-02-12 11:45:00,523.97,523.97,523.95,523.95,-0.0,86.27,45148.3,-1
2026-02-12,2026-02-12 11:46:00,523.95,523.95,523.92,523.92,-0.01,86.27,45148.3,-1
2026-02-12,2026-02-12 11:47:00,523.92,523.92,523.9,523.9,-0.0,86.27,45148.3,-1
2026-02-12,2026-02-12 11:48:00,523.9,523.9,523.88,523.88,-0.0,86.27,45148.3,-1
2026-02-12,2026-02-12 11:49:00,523.88,523.88,523.85,523.85,-0.01,86.27,45148.3,-1
2026-02-12,2026-02-12 11:50:00,523.85,523.85,523.83,523.83,-0.0,86.27,45148.3,-1
2026-02-12,2026-02-12 11:51:00,523.83,523.83,523.81,523.81,-0.0,86.27,45148.3,-1
2026-02-12,2026-02-12 11:52:00,523.81,523.81,523.79,523.79,-0.0,86.27,45148.3,-1
2026-02-12,2026-02-12 11:53:00,523.79,523.79,523.76,523.76,-0.01,86.27,45148.3,-1
2026-02-12,2026-02-12 11:54:00,523.76,523.76,523.74,523.74,-0.0,86.27,45148.3,-1
2026-02-12,2026-02-12 11:55:00,523.74,523.74,523.72,523.72,-0.0,86.27,45148.3,-1
2026-02-12,2026-02-12 11:56:00,523.72,523.72,523.69,523.69,-0.01,86.27,45148.3,-1
2026-02-12,2026-02-12 11:57:00,523.69,523.69,523.67,523.67,-0.0,86.27,45148.3,-1
2026-02-12,2026-02-12 11:58:00,523.67,523.67,523.65,523.65,-0.0,86.27,45148.3,-1
2026-02-12,2026-02-12 11:59:00,523.65,523.65,523.62,523.62,-0.01,86.27,45148.3,-1
2026-02-12,2026-02-12 12:00:00,523.62,523.62,523.6,523.6,-0.0,86.27,45148.3,-1
2026-02-12,2026-02-12 12:01:00,523.6,523.6,523.58,523.58,-0.0,86.27,45148.3,-1
2026-02-12,2026-02-12 12:02:00,523.58,523.58,523.56,523.56,-0.0,86.27,45148.3,-1
2026-02-12,2026-02-12 12:03:00,523.56,523.56,523.53,523.53,-0.01,86.27,45148.3,-1
2026-02-12,2026-02-12 12:04:00,523.53,523.53,523.51,523.51,-0.0,86.27,45148.3,-1
2026-02-12,2026-02-12 12:05:00,523.51,523.51,523.49,523.49,-0.0,86.27,45148.3,-1
2026-02-12,2026-02-12 12:06:00,523.49,523.49,523.46,523.46,-0.01,86.27,45148.3,-1
2026-02-12,2026-02-12 12:07:00,523.46,523.46,523.44,523.44,-0.0,86.27,45148.3,-1
2026-02-12,2026-02-12 12:08:00,523.44,523.44,523.42,523.42,-0.0,86.27,45148.3,-1
2026-02-12,2026-02-12 12:09:00,523.42,523.42,523.4,523.4,-0.0,86.27,45148.3,-1
2026-02-12,2026-02-12 12:10:00,523.4,523.4,523.37,523.37,-0.01,86.27,45148.3,-1
2026-02-12,2026-02-12 12:11:00,523.37,523.37,523.35,523.35,-0.0,86.27,45148.3,-1
2026-02-12,2026-02-12 12:12:00,523.35,523.35,523.33,523.33,-0.0,86.27,45148.3,-1
2026-02-12,2026-02-12 12:13:00,523.33,523.33,523.3,523.3,-0.01,86.27,45148.3,-1
2026-02-12,2026-02-12 12:14:00,523.3,523.3,523.28,523.28,-0.0,86.27,45148.3,-1
2026-02-12,2026-02-12 12:15:00,523.28,523.28,523.26,523.26,-0.0,86.27,45148.3,-1
2026-02-12,2026-02-12 12:16:00,523.26,523.26,523.24,523.24,-0.0,86.27,45148.3,-1
2026-02-12,2026-02-12 12:17:00,523.24,523.24,523.21,523.21,-0.01,86.27,45148.3,-1
2026-02-12,2026-02-12 12:18:00,523.21,523.21,523.19,523.19,-0.0,86.27,45148.3,-1
2026-02-12,2026-02-12 12:19:00,523.19,523.19,523.17,523.17,-0.0,86.27,45148.3,-1
2026-02-12,2026-02-12 12:20:00,523.17,523.17,523.14,523.14,-0.01,86.27,45148.3,-1
2026-02-12,2026-02-12 12:21:00,523.14,523.14,523.12,523.12,-0.0,86.27,45148.3,-1
2026-02-12,2026-02-12 12:22:00,523.12,523.12,523.1,523.1,-0.0,86.27,45148.3,-1
2026-02-12,2026-02-12 12:23:00,523.1,523.1,523.08,523.08,-0.0,86.27,45148.3,-1
2026-02-12,2026-02-12 12:24:00,523.08,523.08,523.05,523.05,-0.01,86.27,45148.3,-1
2026-02-12,2026-02-12 12:25:00,523.05,523.05,523.03,523.03,-0.0,86.27,45148.3,-1
2026-02-12,2026-02-12 12:26:00,523.03,523.03,523.01,523.01,-0.0,86.27,45148.3,-1
2026-02-12,2026-02-12 12:27:00,523.01,523.01,522.98,522.98,-0.01,86.27,45148.3,-1
2026-02-12,2026-02-12 12:28:00,522.98,522.98,522.96,522.96,-0.0,86.27,45148.3,-1
2026-02-12,2026-02-12 12:29:00,522.96,522.96,522.94,522.94,-0.0,86.27,45148.3,-1
2026-02-12,2026-02-12 12:30:00,522.94,522.94,522.91,522.91,-0.01,86.27,45148.3,-1
2026-02-12,2026-02-12 12:31:00,522.91,522.91,522.89,522.89,-0.0,86.27,45148.3,-1
2026-02-12,2026-02-12 12:32:00,522.89,522.89,522.87,522.87,-0.0,86.27,45148.3,-1
2026-02-12,2026-02-12 12:33:00,522.87,522.87,522.85,522.85,-0.0,86.27,45148.3,-1
2026-02-12,2026-02-12 12:34:00,522.85,522.85,522.82,522.82,-0.01,86.27,45148.3,-1
2026-02-12,2026-02-12 12:35:00,522.82,522.82,522.8,522.8,-0.0,86.27,45148.3,-1
2026-02-12,2026-02-12 12:36:00,522.8,522.8,522.78,522.78,-0.0,86.27,45148.3,-1
2026-02-12,2026-02-12 12:37:00,522.78,522.78,522.75,522.75,-0.01,86.27,45148.3,-1
2026-02-12,2026-02-12 12:38:00,522.75,522.75,522.73,522.73,-0.0,86.27,45148.3,-1
2026-02-12,2026-02-12 12:39:00,522.73,522.73,522.71,522.71,-0.0,86.27,45148.3,-1
2026-02-12,2026-02-12 12:40:00,522.71,522.71,522.69,522.69,-0.0,86.27,45148.3,-1
2026-02-12,2026-02-12 12:41:00,522.69,522.69,522.66,522.66,-0.01,86.27,45148.3,-1
2026-02-12,2026-02-12 12:42:00,522.66,522.66,522.64,522.64,-0.0,86.27,45148.3,-1
2026-02-12,2026-02-12 12:43:00,522.64,522.64,522.62,522.62,-0.0,86.27,45148.3,-1
2026-02-12,2026-02-12 12:44:00,522.62,522.62,522.59,522.59,-0.01,86.27,45148.3,-1
2026-02-12,2026-02-12 12:45:00,522.59,522.59,522.57,522.57,-0.0,86.27,45148.3,-1
2026-02-12,2026-02-12 12:46:00,522.57,522.57,522.55,522.55,-0.0,86.27,45148.3,-1
2026-02-12,2026-02-12 12:47:00,522.55,522.55,522.52,522.52,-0.01,86.27,45148.3,-1
2026-02-12,2026-02-12 12:48:00,522.52,522.52,522.5,522.5,-0.0,86.27,45148.3,-1
2026-02-12,2026-02-12 12:49:00,522.5,522.5,522.48,522.48,-0.0,86.27,45148.3,-1
2026-02-12,2026-02-12 12:50:00,522.48,522.48,522.46,522.46,-0.0,86.27,45148.3,-1
2026-02-12,2026-02-12 12:51:00,522.46,522.46,522.43,522.43,-0.01,86.27,45148.3,-1
2026-02-12,2026-02-12 12:52:00,522.43,522.43,522.41,522.41,-0.0,86.27,45148.3,-1
2026-02-12,2026-02-12 12:53:00,522.41,522.41,522.39,522.39,-0.0,86.27,45148.3,-1
2026-02-12,2026-02-12 12:54:00,522.39,522.39,522.36,522.36,-0.01,86.27,45148.3,-1
2026-02-12,2026-02-12 12:55:00,522.36,522.36,522.34,522.34,-0.0,86.27,45148.3,-1
2026-02-12,2026-02-12 12:56:00,522.34,522.34,522.32,522.32,-0.0,86.27,45148.3,-1
2026-02-12,2026-02-12 12:57:00,522.32,522.32,522.3,522.3,-0.0,86.27,45148.3,-1
2026-02-12,2026-02-12 12:58:00,522.3,522.3,522.27,522.27,-0.01,86.27,45148.3,-1
2026-02-12,2026-02-12 12:59:00,522.27,522.27,522.25,522.25,-0.0,86.27,45148.3,-1
2026-02-12,2026-02-12 13:00:00,522.25,530.0,519.0,522.23,-0.0,86.27,45148.3,-1
2026-02-12,2026-02-12 13:01:00,522.23,522.23,522.2,522.2,-0.01,86.27,45148.3,-1
2026-02-12,2026-02-12 13:02:00,522.2,522.2,522.18,522.18,-0.0,86.27,45148.3,-1
2026-02-12,2026-02-12 13:03:00,522.18,522.18,522.16,522.16,-0.0,86.27,45148.3,-1
2026-02-12,2026-02-12 13:04:00,522.16,522.16,522.14,522.14,-0.0,86.27,45148.3,-1
2026-02-12,2026-02-12 13:05:00,522.14,522.14,522.11,522.11,-0.01,86.27,45148.3,-1
2026-02-12,2026-02-12 13:06:00,522.11,522.11,522.09,522.09,-0.0,86.27,45148.3,-1
2026-02-12,2026-02-12 13:07:00,522.09,522.09,522.07,522.07,-0.0,86.27,45148.3,-1
2026-02-12,2026-02-12 13:08:00,522.07,522.07,522.04,522.04,-0.01,86.27,45148.3,-1
2026-02-12,2026-02-12 13:09:00,522.04,522.04,522.02,522.02,-0.0,86.27,45148.3,-1
2026-02-12,2026-02-12 13:10:00,522.02,522.02,522.0,522.0,-0.0,86.27,45148.3,-1
2026-02-12,2026-02-12 13:11:00,522.0,522.0,521.98,521.98,-0.0,86.27,45148.3,-1
2026-02-12,2026-02-12 13:12:00,521.98,521.98,521.95,521.95,-0.01,86.27,45148.3,-1
2026-02-12,2026-02-12 13:13:00,521.95,521.95,521.93,521.93,-0.0,86.27,45148.3,-1
2026-02-12,2026-02-12 13:14:00,521.93,521.93,521.91,521.91,-0.0,86.27,45148.3,-1
2026-02-12,2026-02-12 13:15:00,521.91,521.91,521.88,521.88,-0.01,86.27,45148.3,-1
2026-02-12,2026-02-12 13:16:00,521.88,521.88,521.86,521.86,-0.0,86.27,45148.3,-1
2026-02-12,2026-02-12 13:17:00,521.86,521.86,521.84,521.84,-0.0,86.27,45148.3,-1
2026-02-12,2026-02-12 13:18:00,521.84,521.84,521.81,521.81,-0.01,86.27,45148.3,-1
2026-02-12,2026-02-12 13:19:00,521.81,521.81,521.79,521.79,-0.0,86.27,45148.3,-1
2026-02-12,2026-02-12 13:20:00,521.79,521.79,521.77,521.77,-0.0,86.27,45148.3,-1
2026-02-12,2026-02-12 13:21:00,521.77,521.77,521.75,521.75,-0.0,86.27,45148.3,-1
2026-02-12,2026-02-12 13:22:00,521.75,521.75,521.72,521.72,-0.01,86.27,45148.3,-1
2026-02-12,2026-02-12 13:23:00,521.72,521.72,521.7,521.7,-0.0,86.27,45148.3,-1
2026-02-12,2026-02-12 13:24:00,521.7,521.7,521.68,521.68,-0.0,86.27,45148.3,-1
2026-02-12,2026-02-12 13:25:00,521.68,521.68,521.65,521.65,-0.01,86.27,45148.3,-1
2026-02-12,2026-02-12 13:26:00,521.65,521.65,521.63,521.63,-0.0,86.27,45148.3,-1
2026-02-12,2026-02-12 13:27:00,521.63,521.63,521.61,521.61,-0.0,86.27,45148.3,-1
2026-02-12,2026-02-12 13:28:00,521.61,521.61,521.59,521.59,-0.0,86.27,45148.3,-1
2026-02-12,2026-02-12 13:29:00,521.59,521.59,521.56,521.56,-0.01,86.27,45148.3,-1
2026-02-12,2026-02-12 13:30:00,521.56,521.56,521.54,521.54,-0.0,86.27,45148.3,-1
2026-02-12,2026-02-12 13:31:00,521.54,521.54,521.52,521.52,-0.0,86.27,45148.3,-1
2026-02-12,2026-02-12 13:32:00,521.52,521.52,521.49,521.49,-0.01,86.27,45148.3,-1
2026-02-12,2026-02-12 13:33:00,521.49,521.49,521.47,521.47,-0.0,86.27,45148.3,-1
2026-02-12,2026-02-12 13:34:00,521.47,521.47,521.45,521.45,-0.0,86.27,45148.3,-1
2026-02-12,2026-02-12 13:35:00,521.45,521.45,521.42,521.42,-0.01,86.27,45148.3,-1
2026-02-12,2026-02-12 13:36:00,521.42,521.42,521.4,521.4,-0.0,86.27,45148.3,-1
2026-02-12,2026-02-12 13:37:00,521.4,521.4,521.38,521.38,-0.0,86.27,45148.3,-1
2026-02-12,2026-02-12 13:38:00,521.38,521.38,521.36,521.36,-0.0,86.27,45148.3,-1
2026-02-12,2026-02-12 13:39:00,521.36,521.36,521.33,521.33,-0.01,86.27,45148.3,-1
2026-02-12,2026-02-12 13:40:00,521.33,521.33,521.31,521.31,-0.0,86.27,45148.3,-1
2026-02-12,2026-02-12 13:41:00,521.31,521.31,521.29,521.29,-0.0,86.27,45148.3,-1
2026-02-12,2026-02-12 13:42:00,521.29,521.29,521.26,521.26,-0.01,86.27,45148.3,-1
2026-02-12,2026-02-12 13:43:00,521.26,521.26,521.24,521.24,-0.0,86.27,45148.3,-1
2026-02-12,2026-02-12 13:44:00,521.24,521.24,521.22,521.22,-0.0,86.27,45148.3,-1
2026-02-12,2026-02-12 13:45:00,521.22,521.22,521.2,521.2,-0.0,86.27,45148.3,-1
2026-02-12,2026-02-12 13:46:00,521.2,521.2,521.17,521.17,-0.01,86.27,45148.3,-1
2026-02-12,2026-02-12 13:47:00,521.17,521.17,521.15,521.15,-0.0,86.27,45148.3,-1
2026-02-12,2026-02-12 13:48:00,521.15,521.15,521.13,521.13,-0.0,86.27,45148.3,-1
2026-02-12,2026-02-12 13:49:00,521.13,521.13,521.1,521.1,-0.01,86.27,45148.3,-1
2026-02-12,2026-02-12 13:50:00,521.1,521.1,521.08,521.08,-0.0,86.27,45148.3,-1
2026-02-12,2026-02-12 13:51:00,521.08,521.08,521.06,521.06,-0.0,86.27,45148.3,-1
2026-02-12,2026-02-12 13:52:00,521.06,521.06,521.04,521.04,-0.0,86.27,45148.3,-1
2026-02-12,2026-02-12 13:53:00,521.04,521.04,521.01,521.01,-0.01,86.27,45148.3,-1
2026-02-12,2026-02-12 13:54:00,521.01,521.01,520.99,520.99,-0.0,86.27,45148.3,-1
2026-02-12,2026-02-12 13:55:00,520.99,520.99,520.97,520.97,-0.0,86.27,45148.3,-1
2026-02-12,2026-02-12 13:56:00,520.97,520.97,520.94,520.94,-0.01,86.27,45148.3,-1
2026-02-12,2026-02-12 13:57:00,520.94,520.94,520.92,520.92,-0.0,86.27,45148.3,-1
2026-02-12,2026-02-12 13:58:00,520.92,520.92,520.9,520.9,-0.0,86.27,45148.3,-1
2026-02-12,2026-02-12 13:59:00,520.9,520.9,520.88,520.88,-0.0,86.27,45148.3,-1
2026-02-12,2026-02-12 14:00:00,520.88,520.88,520.85,520.85,-0.01,86.27,45148.3,-1
2026-02-12,2026-02-12 14:01:00,520.85,520.85,520.83,520.83,-0.0,86.27,45148.3,-1
2026-02-12,2026-02-12 14:02:00,520.83,520.83,520.81,520.81,-0.0,86.27,45148.3,-1
2026-02-12,2026-02-12 14:03:00,520.81,520.81,520.78,520.78,-0.01,86.27,45148.3,-1
2026-02-12,2026-02-12 14:04:00,520.78,520.78,520.76,520.76,-0.0,86.27,45148.3,-1
2026-02-12,2026-02-12 14:05:00,520.76,520.76,520.74,520.74,-0.0,86.27,45148.3,-1
2026-02-12,2026-02-12 14:06:00,520.74,520.74,520.71,520.71,-0.01,86.27,45148.3,-1
2026-02-12,2026-02-12 14:07:00,520.71,520.71,520.69,520.69,-0.0,86.27,45148.3,-1
2026-02-12,2026-02-12 14:08:00,520.69,520.69,520.67,520.67,-0.0,86.27,45148.3,-1
2026-02-12,2026-02-12 14:09:00,520.67,520.67,520.65,520.65,-0.0,86.27,45148.3,-1
2026-02-12,2026-02-12 14:10:00,520.65,520.65,520.62,520.62,-0.01,86.27,45148.3,-1
2026-02-12,2026-02-12 14:11:00,520.62,520.62,520.6,520.6,-0.0,86.27,45148.3,-1
2026-02-12,2026-02-12 14:12:00,520.6,520.6,520.58,520.58,-0.0,86.27,45148.3,-1
2026-02-12,2026-02-12 14:13:00,520.58,520.58,520.55,520.55,-0.01,86.27,45148.3,-1
2026-02-12,2026-02-12 14:14:00,520.55,520.55,520.53,520.53,-0.0,86.27,45148.3,-1
2026-02-12,2026-02-12 14:15:00,520.53,520.53,520.51,520.51,-0.0,86.27,45148.3,-1
2026-02-12,2026-02-12 14:16:00,520.51,520.51,520.49,520.49,-0.0,86.27,45148.3,-1
2026-02-12,2026-02-12 14:17:00,520.49,520.49,520.46,520.46,-0.01,86.27,45148.3,-1
2026-02-12,2026-02-12 14:18:00,520.46,520.46,520.44,520.44,-0.0,86.27,45148.3,-1
2026-02-12,2026-02-12 14:19:00,520.44,520.44,520.42,520.42,-0.0,86.27,45148.3,-1
2026-02-12,2026-02-12 14:20:00,520.42,520.42,520.39,520.39,-0.01,86.27,45148.3,-1
2026-02-12,2026-02-12 14:21:00,520.39,520.39,520.37,520.37,-0.0,86.27,45148.3,-1
2026-02-12,2026-02-12 14:22:00,520.37,520.37,520.35,520.35,-0.0,86.27,45148.3,-1
2026-02-12,2026-02-12 14:23:00,520.35,520.35,520.33,520.33,-0.0,86.27,45148.3,-1
2026-02-12,2026-02-12 14:24:00,520.33,520.33,520.3,520.3,-0.01,86.27,45148.3,-1
2026-02-12,2026-02-12 14:25:00,520.3,520.3,520.28,520.28,-0.0,86.27,45148.3,-1
2026-02-12,2026-02-12 14:26:00,520.28,520.28,520.26,520.26,-0.0,86.27,45148.3,-1
2026-02-12,2026-02-12 14:27:00,520.26,520.26,520.23,520.23,-0.01,86.27,45148.3,-1
2026-02-12,2026-02-12 14:28:00,520.23,520.23,520.21,520.21,-0.0,86.27,45148.3,-1
2026-02-12,2026-02-12 14:29:00,520.21,520.21,520.19,520.19,-0.0,86.27,45148.3,-1
2026-02-12,2026-02-12 14:30:00,520.19,520.19,520.16,520.16,-0.01,86.27,45148.3,-1
2026-02-12,2026-02-12 14:31:00,520.16,520.16,520.14,520.14,-0.0,86.27,45148.3,-1
2026-02-12,2026-02-12 14:32:00,520.14,520.14,520.12,520.12,-0.0,86.27,45148.3,-1
2026-02-12,2026-02-12 14:33:00,520.12,520.12,520.1,520.1,-0.0,86.27,45148.3,-1
2026-02-12,2026-02-12 14:34:00,520.1,520.1,520.07,520.07,-0.01,86.27,45148.3,-1
2026-02-12,2026-02-12 14:35:00,520.07,520.07,520.05,520.05,-0.0,86.27,45148.3,-1
2026-02-12,2026-02-12 14:36:00,520.05,520.05,520.03,520.03,-0.0,86.27,45148.3,-1
2026-02-12,2026-02-12 14:37:00,520.03,520.03,520.0,520.0,-0.01,86.27,45148.3,-1
2026-02-12,2026-02-12 14:38:00,520.0,520.0,519.98,519.98,-0.0,86.27,45148.3,-1
2026-02-12,2026-02-12 14:39:00,519.98,519.98,519.96,519.96,-0.0,86.27,45148.3,-1
2026-02-12,2026-02-12 14:40:00,519.96,519.96,519.94,519.94,-0.0,86.27,45148.3,-1
2026-02-12,2026-02-12 14:41:00,519.94,519.94,519.91,519.91,-0.01,86.27,45148.3,-1
2026-02-12,2026-02-12 14:42:00,519.91,519.91,519.89,519.89,-0.0,86.27,45148.3,-1
2026-02-12,2026-02-12 14:43:00,519.89,519.89,519.87,519.87,-0.0,86.27,45148.3,-1
2026-02-12,2026-02-12 14:44:00,519.87,519.87,519.84,519.84,-0.01,86.27,45148.3,-1
2026-02-12,2026-02-12 14:45:00,519.84,519.84,519.82,519.82,-0.0,86.27,45148.3,-1
2026-02-12,2026-02-12 14:46:00,519.82,519.82,519.8,519.8,-0.0,86.27,45148.3,-1
2026-02-12,2026-02-12 14:47:00,519.8,519.8,519.77,519.77,-0.01,86.27,45148.3,-1
2026-02-12,2026-02-12 14:48:00,519.77,519.77,519.75,519.75,-0.0,86.27,45148.3,-1
2026-02-12,2026-02-12 14:49:00,519.75,519.75,519.73,519.73,-0.0,86.27,45148.3,-1
2026-02-12,2026-02-12 14:50:00,519.73,519.73,519.71,519.71,-0.0,86.27,45148.3,-1
2026-02-12,2026-02-12 14:51:00,519.71,519.71,519.68,519.68,-0.01,86.27,45148.3,-1
2026-02-12,2026-02-12 14:52:00,519.68,519.68,519.66,519.66,-0.0,86.27,45148.3,-1
2026-02-12,2026-02-12 14:53:00,519.66,519.66,519.64,519.64,-0.0,86.27,45148.3,-1
2026-02-12,2026-02-12 14:54:00,519.64,519.64,519.61,519.61,-0.01,86.27,45148.3,-1
2026-02-12,2026-02-12 14:55:00,519.61,519.61,519.59,519.59,-0.0,86.27,45148.3,-1
2026-02-12,2026-02-12 14:56:00,519.59,519.59,519.57,519.57,-0.0,86.27,45148.3,-1
2026-02-12,2026-02-12 14:57:00,519.57,519.57,519.55,519.55,-0.0,86.27,45148.3,-1
2026-02-12,2026-02-12 14:58:00,519.55,519.55,519.52,519.52,-0.01,86.27,45148.3,-1
2026-02-12,2026-02-12 14:59:00,519.52,519.52,519.5,519.5,-0.0,86.27,45148.3,-1
2026-02-12,2026-02-12 15:00:00,519.5,530.0,519.0,519.5,0.0,86.27,45148.3,0
2026-02-16,2026-02-16 11:00:00,517.0,517.9,513.4,516.98,-0.0,67.07,34265.64,-1
2026-02-16,2026-02-16 11:01:00,516.98,516.98,516.95,516.95,-0.01,67.07,34265.64,-1
2026-02-16,2026-02-16 11:02:00,516.95,516.95,516.92,516.92,-0.01,67.07,34265.64,-1
2026-02-16,2026-02-16 11:03:00,516.92,516.92,516.9,516.9,-0.0,67.07,34265.64,-1
2026-02-16,2026-02-16 11:04:00,516.9,516.9,516.88,516.88,-0.0,67.07,34265.64,-1
2026-02-16,2026-02-16 11:05:00,516.88,516.88,516.85,516.85,-0.01,67.07,34265.64,-1
2026-02-16,2026-02-16 11:06:00,516.85,516.85,516.83,516.83,-0.0,67.07,34265.64,-1
2026-02-16,2026-02-16 11:07:00,516.83,516.83,516.8,516.8,-0.01,67.07,34265.64,-1
2026-02-16,2026-02-16 11:08:00,516.8,516.8,516.77,516.77,-0.01,67.07,34265.64,-1
2026-02-16,2026-02-16 11:09:00,516.77,516.77,516.75,516.75,-0.0,67.07,34265.64,-1
2026-02-16,2026-02-16 11:10:00,516.75,516.75,516.73,516.73,-0.0,67.07,34265.64,-1
2026-02-16,2026-02-16 11:11:00,516.73,516.73,516.7,516.7,-0.01,67.07,34265.64,-1
2026-02-16,2026-02-16 11:12:00,516.7,516.7,516.67,516.67,-0.01,67.07,34265.64,-1
2026-02-16,2026-02-16 11:13:00,516.67,516.67,516.65,516.65,-0.0,67.07,34265.64,-1
2026-02-16,2026-02-16 11:14:00,516.65,516.65,516.62,516.62,-0.01,67.07,34265.64,-1
2026-02-16,2026-02-16 11:15:00,516.62,516.62,516.6,516.6,-0.0,67.07,34265.64,-1
2026-02-16,2026-02-16 11:16:00,516.6,516.6,516.58,516.58,-0.0,67.07,34265.64,-1
2026-02-16,2026-02-16 11:17:00,516.58,516.58,516.55,516.55,-0.01,67.07,34265.64,-1
2026-02-16,2026-02-16 11:18:00,516.55,516.55,516.52,516.52,-0.01,67.07,34265.64,-1
2026-02-16,2026-02-16 11:19:00,516.52,516.52,516.5,516.5,-0.0,67.07,34265.64,-1
2026-02-16,2026-02-16 11:20:00,516.5,516.5,516.48,516.48,-0.0,67.07,34265.64,-1
2026-02-16,2026-02-16 11:21:00,516.48,516.48,516.45,516.45,-0.01,67.07,34265.64,-1
2026-02-16,2026-02-16 11:22:00,516.45,516.45,516.42,516.42,-0.01,67.07,34265.64,-1
2026-02-16,2026-02-16 11:23:00,516.42,516.42,516.4,516.4,-0.0,67.07,34265.64,-1
2026-02-16,2026-02-16 11:24:00,516.4,516.4,516.38,516.38,-0.0,67.07,34265.64,-1
2026-02-16,2026-02-16 11:25:00,516.38,516.38,516.35,516.35,-0.01,67.07,34265.64,-1
2026-02-16,2026-02-16 11:26:00,516.35,516.35,516.33,516.33,-0.0,67.07,34265.64,-1
2026-02-16,2026-02-16 11:27:00,516.33,516.33,516.3,516.3,-0.01,67.07,34265.64,-1
2026-02-16,2026-02-16 11:28:00,516.3,516.3,516.27,516.27,-0.01,67.07,34265.64,-1
2026-02-16,2026-02-16 11:29:00,516.27,516.27,516.25,516.25,-0.0,67.07,34265.64,-1
2026-02-16,2026-02-16 11:30:00,516.25,516.25,516.23,516.23,-0.0,67.07,34265.64,-1
2026-02-16,2026-02-16 11:31:00,516.23,516.23,516.2,516.2,-0.01,67.07,34265.64,-1
2026-02-16,2026-02-16 11:32:00,516.2,516.2,516.17,516.17,-0.01,67.07,34265.64,-1
2026-02-16,2026-02-16 11:33:00,516.17,516.17,516.15,516.15,-0.0,67.07,34265.64,-1
2026-02-16,2026-02-16 11:34:00,516.15,516.15,516.12,516.12,-0.01,67.07,34265.64,-1
2026-02-16,2026-02-16 11:35:00,516.12,516.12,516.1,516.1,-0.0,67.07,34265.64,-1
2026-02-16,2026-02-16 11:36:00,516.1,516.1,516.08,516.08,-0.0,67.07,34265.64,-1
2026-02-16,2026-02-16 11:37:00,516.08,516.08,516.05,516.05,-0.01,67.07,34265.64,-1
2026-02-16,2026-02-16 11:38:00,516.05,516.05,516.02,516.02,-0.01,67.07,34265.64,-1
2026-02-16,2026-02-16 11:39:00,516.02,516.02,516.0,516.0,-0.0,67.07,34265.64,-1
2026-02-16,2026-02-16 11:40:00,516.0,516.0,515.98,515.98,-0.0,67.07,34265.64,-1
2026-02-16,2026-02-16 11:41:00,515.98,515.98,515.95,515.95,-0.01,67.07,34265.64,-1
2026-02-16,2026-02-16 11:42:00,515.95,515.95,515.92,515.92,-0.01,67.07,34265.64,-1
2026-02-16,2026-02-16 11:43:00,515.92,515.92,515.9,515.9,-0.0,67.07,34265.64,-1
2026-02-16,2026-02-16 11:44:00,515.9,515.9,515.88,515.88,-0.0,67.07,34265.64,-1
2026-02-16,2026-02-16 11:45:00,515.88,515.88,515.85,515.85,-0.01,67.07,34265.64,-1
2026-02-16,2026-02-16 11:46:00,515.85,515.85,515.83,515.83,-0.0,67.07,34265.64,-1
2026-02-16,2026-02-16 11:47:00,515.83,515.83,515.8,515.8,-0.01,67.07,34265.64,-1
2026-02-16,2026-02-16 11:48:00,515.8,515.8,515.77,515.77,-0.01,67.07,34265.64,-1
2026-02-16,2026-02-16 11:49:00,515.77,515.77,515.75,515.75,-0.0,67.07,34265.64,-1
2026-02-16,2026-02-16 11:50:00,515.75,515.75,515.73,515.73,-0.0,67.07,34265.64,-1
2026-02-16,2026-02-16 11:51:00,515.73,515.73,515.7,515.7,-0.01,67.07,34265.64,-1
2026-02-16,2026-02-16 11:52:00,515.7,515.7,515.67,515.67,-0.01,67.07,34265.64,-1
2026-02-16,2026-02-16 11:53:00,515.67,515.67,515.65,515.65,-0.0,67.07,34265.64,-1
2026-02-16,2026-02-16 11:54:00,515.65,515.65,515.62,515.62,-0.01,67.07,34265.64,-1
2026-02-16,2026-02-16 11:55:00,515.62,515.62,515.6,515.6,-0.0,67.07,34265.64,-1
2026-02-16,2026-02-16 11:56:00,515.6,515.6,515.58,515.58,-0.0,67.07,34265.64,-1
2026-02-16,2026-02-16 11:57:00,515.58,515.58,515.55,515.55,-0.01,67.07,34265.64,-1
2026-02-16,2026-02-16 11:58:00,515.55,515.55,515.52,515.52,-0.01,67.07,34265.64,-1
2026-02-16,2026-02-16 11:59:00,515.52,515.52,515.5,515.5,-0.0,67.07,34265.64,-1
2026-02-16,2026-02-16 12:00:00,515.5,515.5,515.48,515.48,-0.0,67.07,34265.64,-1
2026-02-16,2026-02-16 12:01:00,515.48,515.48,515.45,515.45,-0.01,67.07,34265.64,-1
2026-02-16,2026-02-16 12:02:00,515.45,515.45,515.42,515.42,-0.01,67.07,34265.64,-1
2026-02-16,2026-02-16 12:03:00,515.42,515.42,515.4,515.4,-0.0,67.07,34265.64,-1
2026-02-16,2026-02-16 12:04:00,515.4,515.4,515.38,515.38,-0.0,67.07,34265.64,-1
2026-02-16,2026-02-16 12:05:00,515.38,515.38,515.35,515.35,-0.01,67.07,34265.64,-1
2026-02-16,2026-02-16 12:06:00,515.35,515.35,515.33,515.33,-0.0,67.07,34265.64,-1
2026-02-16,2026-02-16 12:07:00,515.33,515.33,515.3,515.3,-0.01,67.07,34265.64,-1
2026-02-16,2026-02-16 12:08:00,515.3,515.3,515.27,515.27,-0.01,67.07,34265.64,-1
2026-02-16,2026-02-16 12:09:00,515.27,515.27,515.25,515.25,-0.0,67.07,34265.64,-1
2026-02-16,2026-02-16 12:10:00,515.25,515.25,515.23,515.23,-0.0,67.07,34265.64,-1
2026-02-16,2026-02-16 12:11:00,515.23,515.23,515.2,515.2,-0.01,67.07,34265.64,-1
2026-02-16,2026-02-16 12:12:00,515.2,515.2,515.17,515.17,-0.01,67.07,34265.64,-1
2026-02-16,2026-02-16 12:13:00,515.17,515.17,515.15,515.15,-0.0,67.07,34265.64,-1
2026-02-16,2026-02-16 12:14:00,515.15,515.15,515.12,515.12,-0.01,67.07,34265.64,-1
2026-02-16,2026-02-16 12:15:00,515.12,515.12,515.1,515.1,-0.0,67.07,34265.64,-1
2026-02-16,2026-02-16 12:16:00,515.1,515.1,515.08,515.08,-0.0,67.07,34265.64,-1
2026-02-16,2026-02-16 12:17:00,515.08,515.08,515.05,515.05,-0.01,67.07,34265.64,-1
2026-02-16,2026-02-16 12:18:00,515.05,515.05,515.02,515.02,-0.01,67.07,34265.64,-1
2026-02-16,2026-02-16 12:19:00,515.02,515.02,515.0,515.0,-0.0,67.07,34265.64,-1
2026-02-16,2026-02-16 12:20:00,515.0,515.0,514.98,514.98,-0.0,67.07,34265.64,-1
2026-02-16,2026-02-16 12:21:00,514.98,514.98,514.95,514.95,-0.01,67.07,34265.64,-1
2026-02-16,2026-02-16 12:22:00,514.95,514.95,514.92,514.92,-0.01,67.07,34265.64,-1
2026-02-16,2026-02-16 12:23:00,514.92,514.92,514.9,514.9,-0.0,67.07,34265.64,-1
2026-02-16,2026-02-16 12:24:00,514.9,514.9,514.88,514.88,-0.0,67.07,34265.64,-1
2026-02-16,2026-02-16 12:25:00,514.88,514.88,514.85,514.85,-0.01,67.07,34265.64,-1
2026-02-16,2026-02-16 12:26:00,514.85,514.85,514.83,514.83,-0.0,67.07,34265.64,-1
2026-02-16,2026-02-16 12:27:00,514.83,514.83,514.8,514.8,-0.01,67.07,34265.64,-1
2026-02-16,2026-02-16 12:28:00,514.8,514.8,514.77,514.77,-0.01,67.07,34265.64,-1
2026-02-16,2026-02-16 12:29:00,514.77,514.77,514.75,514.75,-0.0,67.07,34265.64,-1
2026-02-16,2026-02-16 12:30:00,514.75,514.75,514.73,514.73,-0.0,67.07,34265.64,-1
2026-02-16,2026-02-16 12:31:00,514.73,514.73,514.7,514.7,-0.01,67.07,34265.64,-1
2026-02-16,2026-02-16 12:32:00,514.7,514.7,514.67,514.67,-0.01,67.07,34265.64,-1
2026-02-16,2026-02-16 12:33:00,514.67,514.67,514.65,514.65,-0.0,67.07,34265.64,-1
2026-02-16,2026-02-16 12:34:00,514.65,514.65,514.62,514.62,-0.01,67.07,34265.64,-1
2026-02-16,2026-02-16 12:35:00,514.62,514.62,514.6,514.6,-0.0,67.07,34265.64,-1
2026-02-16,2026-02-16 12:36:00,514.6,514.6,514.58,514.58,-0.0,67.07,34265.64,-1
2026-02-16,2026-02-16 12:37:00,514.58,514.58,514.55,514.55,-0.01,67.07,34265.64,-1
2026-02-16,2026-02-16 12:38:00,514.55,514.55,514.52,514.52,-0.01,67.07,34265.64,-1
2026-02-16,2026-02-16 12:39:00,514.52,514.52,514.5,514.5,-0.0,67.07,34265.64,-1
2026-02-16,2026-02-16 12:40:00,514.5,514.5,514.48,514.48,-0.0,67.07,34265.64,-1
2026-02-16,2026-02-16 12:41:00,514.48,514.48,514.45,514.45,-0.01,67.07,34265.64,-1
2026-02-16,2026-02-16 12:42:00,514.45,514.45,514.42,514.42,-0.01,67.07,34265.64,-1
2026-02-16,2026-02-16 12:43:00,514.42,514.42,514.4,514.4,-0.0,67.07,34265.64,-1
2026-02-16,2026-02-16 12:44:00,514.4,514.4,514.38,514.38,-0.0,67.07,34265.64,-1
2026-02-16,2026-02-16 12:45:00,514.38,514.38,514.35,514.35,-0.01,67.07,34265.64,-1
2026-02-16,2026-02-16 12:46:00,514.35,514.35,514.33,514.33,-0.0,67.07,34265.64,-1
2026-02-16,2026-02-16 12:47:00,514.33,514.33,514.3,514.3,-0.01,67.07,34265.64,-1
2026-02-16,2026-02-16 12:48:00,514.3,514.3,514.27,514.27,-0.01,67.07,34265.64,-1
2026-02-16,2026-02-16 12:49:00,514.27,514.27,514.25,514.25,-0.0,67.07,34265.64,-1
2026-02-16,2026-02-16 12:50:00,514.25,514.25,514.23,514.23,-0.0,67.07,34265.64,-1
2026-02-16,2026-02-16 12:51:00,514.23,514.23,514.2,514.2,-0.01,67.07,34265.64,-1
2026-02-16,2026-02-16 12:52:00,514.2,514.2,514.17,514.17,-0.01,67.07,34265.64,-1
2026-02-16,2026-02-16 12:53:00,514.17,514.17,514.15,514.15,-0.0,67.07,34265.64,-1
2026-02-16,2026-02-16 12:54:00,514.15,514.15,514.12,514.12,-0.01,67.07,34265.64,-1
2026-02-16,2026-02-16 12:55:00,514.12,514.12,514.1,514.1,-0.0,67.07,34265.64,-1
2026-02-16,2026-02-16 12:56:00,514.1,514.1,514.08,514.08,-0.0,67.07,34265.64,-1
2026-02-16,2026-02-16 12:57:00,514.08,514.08,514.05,514.05,-0.01,67.07,34265.64,-1
2026-02-16,2026-02-16 12:58:00,514.05,514.05,514.02,514.02,-0.01,67.07,34265.64,-1
2026-02-16,2026-02-16 12:59:00,514.02,514.02,514.0,514.0,-0.0,67.07,34265.64,-1
2026-02-16,2026-02-16 13:00:00,514.0,520.0,505.0,513.98,-0.0,67.07,34265.64,-1
2026-02-16,2026-02-16 13:01:00,513.98,513.98,513.95,513.95,-0.01,67.07,34265.64,-1
2026-02-16,2026-02-16 13:02:00,513.95,513.95,513.92,513.92,-0.01,67.07,34265.64,-1
2026-02-16,2026-02-16 13:03:00,513.92,513.92,513.9,513.9,-0.0,67.07,34265.64,-1
2026-02-16,2026-02-16 13:04:00,513.9,513.9,513.88,513.88,-0.0,67.07,34265.64,-1
2026-02-16,2026-02-16 13:05:00,513.88,513.88,513.85,513.85,-0.01,67.07,34265.64,-1
2026-02-16,2026-02-16 13:06:00,513.85,513.85,513.83,513.83,-0.0,67.07,34265.64,-1
2026-02-16,2026-02-16 13:07:00,513.83,513.83,513.8,513.8,-0.01,67.07,34265.64,-1
2026-02-16,2026-02-16 13:08:00,513.8,513.8,513.77,513.77,-0.01,67.07,34265.64,-1
2026-02-16,2026-02-16 13:09:00,513.77,513.77,513.75,513.75,-0.0,67.07,34265.64,-1
2026-02-16,2026-02-16 13:10:00,513.75,513.75,513.73,513.73,-0.0,67.07,34265.64,-1
2026-02-16,2026-02-16 13:11:00,513.73,513.73,513.7,513.7,-0.01,67.07,34265.64,-1
2026-02-16,2026-02-16 13:12:00,513.7,513.7,513.67,513.67,-0.01,67.07,34265.64,-1
2026-02-16,2026-02-16 13:13:00,513.67,513.67,513.65,513.65,-0.0,67.07,34265.64,-1
2026-02-16,2026-02-16 13:14:00,513.65,513.65,513.62,513.62,-0.01,67.07,34265.64,-1
2026-02-16,2026-02-16 13:15:00,513.62,513.62,513.6,513.6,-0.0,67.07,34265.64,-1
2026-02-16,2026-02-16 13:16:00,513.6,513.6,513.58,513.58,-0.0,67.07,34265.64,-1
2026-02-16,2026-02-16 13:17:00,513.58,513.58,513.55,513.55,-0.01,67.07,34265.64,-1
2026-02-16,2026-02-16 13:18:00,513.55,513.55,513.52,513.52,-0.01,67.07,34265.64,-1
2026-02-16,2026-02-16 13:19:00,513.52,513.52,513.5,513.5,-0.0,67.07,34265.64,-1
2026-02-16,2026-02-16 13:20:00,513.5,513.5,513.48,513.48,-0.0,67.07,34265.64,-1
2026-02-16,2026-02-16 13:21:00,513.48,513.48,513.45,513.45,-0.01,67.07,34265.64,-1
2026-02-16,2026-02-16 13:22:00,513.45,513.45,513.42,513.42,-0.01,67.07,34265.64,-1
2026-02-16,2026-02-16 13:23:00,513.42,513.42,513.4,513.4,-0.0,67.07,34265.64,-1
2026-02-16,2026-02-16 13:24:00,513.4,513.4,513.38,513.38,-0.0,67.07,34265.64,-1
2026-02-16,2026-02-16 13:25:00,513.38,513.38,513.35,513.35,-0.01,67.07,34265.64,-1
2026-02-16,2026-02-16 13:26:00,513.35,513.35,513.33,513.33,-0.0,67.07,34265.64,-1
2026-02-16,2026-02-16 13:27:00,513.33,513.33,513.3,513.3,-0.01,67.07,34265.64,-1
2026-02-16,2026-02-16 13:28:00,513.3,513.3,513.27,513.27,-0.01,67.07,34265.64,-1
2026-02-16,2026-02-16 13:29:00,513.27,513.27,513.25,513.25,-0.0,67.07,34265.64,-1
2026-02-16,2026-02-16 13:30:00,513.25,513.25,513.23,513.23,-0.0,67.07,34265.64,-1
2026-02-16,2026-02-16 13:31:00,513.23,513.23,513.2,513.2,-0.01,67.07,34265.64,-1
2026-02-16,2026-02-16 13:32:00,513.2,513.2,513.17,513.17,-0.01,67.07,34265.64,-1
2026-02-16,2026-02-16 13:33:00,513.17,513.17,513.15,513.15,-0.0,67.07,34265.64,-1
2026-02-16,2026-02-16 13:34:00,513.15,513.15,513.12,513.12,-0.01,67.07,34265.64,-1
2026-02-16,2026-02-16 13:35:00,513.12,513.12,513.1,513.1,-0.0,67.07,34265.64,-1
2026-02-16,2026-02-16 13:36:00,513.1,513.1,513.08,513.08,-0.0,67.07,34265.64,-1
2026-02-16,2026-02-16 13:37:00,513.08,513.08,513.05,513.05,-0.01,67.07,34265.64,-1
2026-02-16,2026-02-16 13:38:00,513.05,513.05,513.02,513.02,-0.01,67.07,34265.64,-1
2026-02-16,2026-02-16 13:39:00,513.02,513.02,513.0,513.0,-0.0,67.07,34265.64,-1
2026-02-16,2026-02-16 13:40:00,513.0,513.0,512.98,512.98,-0.0,67.07,34265.64,-1
2026-02-16,2026-02-16 13:41:00,512.98,512.98,512.95,512.95,-0.01,67.07,34265.64,-1
2026-02-16,2026-02-16 13:42:00,512.95,512.95,512.92,512.92,-0.01,67.07,34265.64,-1
2026-02-16,2026-02-16 13:43:00,512.92,512.92,512.9,512.9,-0.0,67.07,34265.64,-1
2026-02-16,2026-02-16 13:44:00,512.9,512.9,512.88,512.88,-0.0,67.07,34265.64,-1
2026-02-16,2026-02-16 13:45:00,512.88,512.88,512.85,512.85,-0.01,67.07,34265.64,-1
2026-02-16,2026-02-16 13:46:00,512.85,512.85,512.83,512.83,-0.0,67.07,34265.64,-1
2026-02-16,2026-02-16 13:47:00,512.83,512.83,512.8,512.8,-0.01,67.07,34265.64,-1
2026-02-16,2026-02-16 13:48:00,512.8,512.8,512.77,512.77,-0.01,67.07,34265.64,-1
2026-02-16,2026-02-16 13:49:00,512.77,512.77,512.75,512.75,-0.0,67.07,34265.64,-1
2026-02-16,2026-02-16 13:50:00,512.75,512.75,512.73,512.73,-0.0,67.07,34265.64,-1
2026-02-16,2026-02-16 13:51:00,512.73,512.73,512.7,512.7,-0.01,67.07,34265.64,-1
2026-02-16,2026-02-16 13:52:00,512.7,512.7,512.67,512.67,-0.01,67.07,34265.64,-1
2026-02-16,2026-02-16 13:53:00,512.67,512.67,512.65,512.65,-0.0,67.07,34265.64,-1
2026-02-16,2026-02-16 13:54:00,512.65,512.65,512.62,512.62,-0.01,67.07,34265.64,-1
2026-02-16,2026-02-16 13:55:00,512.62,512.62,512.6,512.6,-0.0,67.07,34265.64,-1
2026-02-16,2026-02-16 13:56:00,512.6,512.6,512.58,512.58,-0.0,67.07,34265.64,-1
2026-02-16,2026-02-16 13:57:00,512.58,512.58,512.55,512.55,-0.01,67.07,34265.64,-1
2026-02-16,2026-02-16 13:58:00,512.55,512.55,512.52,512.52,-0.01,67.07,34265.64,-1
2026-02-16,2026-02-16 13:59:00,512.52,512.52,512.5,512.5,-0.0,67.07,34265.64,-1
2026-02-16,2026-02-16 14:00:00,512.5,512.5,512.48,512.48,-0.0,67.07,34265.64,-1
2026-02-16,2026-02-16 14:01:00,512.48,512.48,512.45,512.45,-0.01,67.07,34265.64,-1
2026-02-16,2026-02-16 14:02:00,512.45,512.45,512.42,512.42,-0.01,67.07,34265.64,-1
2026-02-16,2026-02-16 14:03:00,512.42,512.42,512.4,512.4,-0.0,67.07,34265.64,-1
2026-02-16,2026-02-16 14:04:00,512.4,512.4,512.38,512.38,-0.0,67.07,34265.64,-1
2026-02-16,2026-02-16 14:05:00,512.38,512.38,512.35,512.35,-0.01,67.07,34265.64,-1
2026-02-16,2026-02-16 14:06:00,512.35,512.35,512.33,512.33,-0.0,67.07,34265.64,-1
2026-02-16,2026-02-16 14:07:00,512.33,512.33,512.3,512.3,-0.01,67.07,34265.64,-1
2026-02-16,2026-02-16 14:08:00,512.3,512.3,512.27,512.27,-0.01,67.07,34265.64,-1
2026-02-16,2026-02-16 14:09:00,512.27,512.27,512.25,512.25,-0.0,67.07,34265.64,-1
2026-02-16,2026-02-16 14:10:00,512.25,512.25,512.23,512.23,-0.0,67.07,34265.64,-1
2026-02-16,2026-02-16 14:11:00,512.23,512.23,512.2,512.2,-0.01,67.07,34265.64,-1
2026-02-16,2026-02-16 14:12:00,512.2,512.2,512.17,512.17,-0.01,67.07,34265.64,-1
2026-02-16,2026-02-16 14:13:00,512.17,512.17,512.15,512.15,-0.0,67.07,34265.64,-1
2026-02-16,2026-02-16 14:14:00,512.15,512.15,512.12,512.12,-0.01,67.07,34265.64,-1
2026-02-16,2026-02-16 14:15:00,512.12,512.12,512.1,512.1,-0.0,67.07,34265.64,-1
2026-02-16,2026-02-16 14:16:00,512.1,512.1,512.08,512.08,-0.0,67.07,34265.64,-1
2026-02-16,2026-02-16 14:17:00,512.08,512.08,512.05,512.05,-0.01,67.07,34265.64,-1
2026-02-16,2026-02-16 14:18:00,512.05,512.05,512.02,512.02,-0.01,67.07,34265.64,-1
2026-02-16,2026-02-16 14:19:00,512.02,512.02,512.0,512.0,-0.0,67.07,34265.64,-1
2026-02-16,2026-02-16 14:20:00,512.0,512.0,511.98,511.98,-0.0,67.07,34265.64,-1
2026-02-16,2026-02-16 14:21:00,511.98,511.98,511.95,511.95,-0.01,67.07,34265.64,-1
2026-02-16,2026-02-16 14:22:00,511.95,511.95,511.93,511.93,-0.0,67.07,34265.64,-1
2026-02-16,2026-02-16 14:23:00,511.93,511.93,511.9,511.9,-0.01,67.07,34265.64,-1
2026-02-16,2026-02-16 14:24:00,511.9,511.9,511.88,511.88,-0.0,67.07,34265.64,-1
2026-02-16,2026-02-16 14:25:00,511.88,511.88,511.85,511.85,-0.01,67.07,34265.64,-1
2026-02-16,2026-02-16 14:26:00,511.85,511.85,511.82,511.82,-0.01,67.07,34265.64,-1
2026-02-16,2026-02-16 14:27:00,511.82,511.82,511.8,511.8,-0.0,67.07,34265.64,-1
2026-02-16,2026-02-16 14:28:00,511.8,511.8,511.77,511.77,-0.01,67.07,34265.64,-1
2026-02-16,2026-02-16 14:29:00,511.77,511.77,511.75,511.75,-0.0,67.07,34265.64,-1
2026-02-16,2026-02-16 14:30:00,511.75,511.75,511.73,511.73,-0.0,67.07,34265.64,-1
2026-02-16,2026-02-16 14:31:00,511.73,511.73,511.7,511.7,-0.01,67.07,34265.64,-1
2026-02-16,2026-02-16 14:32:00,511.7,511.7,511.68,511.68,-0.0,67.07,34265.64,-1
2026-02-16,2026-02-16 14:33:00,511.68,511.68,511.65,511.65,-0.01,67.07,34265.64,-1
2026-02-16,2026-02-16 14:34:00,511.65,511.65,511.62,511.62,-0.01,67.07,34265.64,-1
2026-02-16,2026-02-16 14:35:00,511.62,511.62,511.6,511.6,-0.0,67.07,34265.64,-1
2026-02-16,2026-02-16 14:36:00,511.6,511.6,511.57,511.57,-0.01,67.07,34265.64,-1
2026-02-16,2026-02-16 14:37:00,511.57,511.57,511.55,511.55,-0.0,67.07,34265.64,-1
2026-02-16,2026-02-16 14:38:00,511.55,511.55,511.52,511.52,-0.01,67.07,34265.64,-1
2026-02-16,2026-02-16 14:39:00,511.52,511.52,511.5,511.5,-0.0,67.07,34265.64,-1
2026-02-16,2026-02-16 14:40:00,511.5,511.5,511.48,511.48,-0.0,67.07,34265.64,-1
2026-02-16,2026-02-16 14:41:00,511.48,511.48,511.45,511.45,-0.01,67.07,34265.64,-1
2026-02-16,2026-02-16 14:42:00,511.45,511.45,511.43,511.43,-0.0,67.07,34265.64,-1
2026-02-16,2026-02-16 14:43:00,511.43,511.43,511.4,511.4,-0.01,67.07,34265.64,-1
2026-02-16,2026-02-16 14:44:00,511.4,511.4,511.38,511.38,-0.0,67.07,34265.64,-1
2026-02-16,2026-02-16 14:45:00,511.38,511.38,511.35,511.35,-0.01,67.07,34265.64,-1
2026-02-16,2026-02-16 14:46:00,511.35,511.35,511.32,511.32,-0.01,67.07,34265.64,-1
2026-02-16,2026-02-16 14:47:00,511.32,511.32,511.3,511.3,-0.0,67.07,34265.64,-1
2026-02-16,2026-02-16 14:48:00,511.3,511.3,511.27,511.27,-0.01,67.07,34265.64,-1
2026-02-16,2026-02-16 14:49:00,511.27,511.27,511.25,511.25,-0.0,67.07,34265.64,-1
2026-02-16,2026-02-16 14:50:00,511.25,511.25,511.23,511.23,-0.0,67.07,34265.64,-1
2026-02-16,2026-02-16 14:51:00,511.23,511.23,511.2,511.2,-0.01,67.07,34265.64,-1
2026-02-16,2026-02-16 14:52:00,511.2,511.2,511.18,511.18,-0.0,67.07,34265.64,-1
2026-02-16,2026-02-16 14:53:00,511.18,511.18,511.15,511.15,-0.01,67.07,34265.64,-1
2026-02-16,2026-02-16 14:54:00,511.15,511.15,511.12,511.12,-0.01,67.07,34265.64,-1
2026-02-16,2026-02-16 14:55:00,511.12,511.12,511.1,511.1,-0.0,67.07,34265.64,-1
2026-02-16,2026-02-16 14:56:00,511.1,511.1,511.07,511.07,-0.01,67.07,34265.64,-1
2026-02-16,2026-02-16 14:57:00,511.07,511.07,511.05,511.05,-0.0,67.07,34265.64,-1
2026-02-16,2026-02-16 14:58:00,511.05,511.05,511.02,511.02,-0.01,67.07,34265.64,-1
2026-02-16,2026-02-16 14:59:00,511.02,511.02,511.0,511.0,-0.0,67.07,34265.64,-1
2026-02-16,2026-02-16 15:00:00,511.0,520.0,505.0,511.0,0.0,67.07,34265.64,0
2026-02-17,2026-02-17 11:00:00,508.0,517.6,508.0,508.06,0.01,71.99,37447.28,1
2026-02-17,2026-02-17 11:01:00,508.06,508.12,508.06,508.12,0.01,71.99,37447.28,1
2026-02-17,2026-02-17 11:02:00,508.12,508.18,508.12,508.18,0.01,71.99,37447.28,1
2026-02-17,2026-02-17 11:03:00,508.18,508.23,508.18,508.23,0.01,71.99,37447.28,1
2026-02-17,2026-02-17 11:04:00,508.23,508.29,508.23,508.29,0.01,71.99,37447.28,1
2026-02-17,2026-02-17 11:05:00,508.29,508.35,508.29,508.35,0.01,71.99,37447.28,1
2026-02-17,2026-02-17 11:06:00,508.35,508.41,508.35,508.41,0.01,71.99,37447.28,1
2026-02-17,2026-02-17 11:07:00,508.41,508.47,508.41,508.47,0.01,71.99,37447.28,1
2026-02-17,2026-02-17 11:08:00,508.47,508.52,508.47,508.52,0.01,71.99,37447.28,1
2026-02-17,2026-02-17 11:09:00,508.52,508.58,508.52,508.58,0.01,71.99,37447.28,1
2026-02-17,2026-02-17 11:10:00,508.58,508.64,508.58,508.64,0.01,71.99,37447.28,1
2026-02-17,2026-02-17 11:11:00,508.64,508.7,508.64,508.7,0.01,71.99,37447.28,1
2026-02-17,2026-02-17 11:12:00,508.7,508.76,508.7,508.76,0.01,71.99,37447.28,1
2026-02-17,2026-02-17 11:13:00,508.76,508.82,508.76,508.82,0.01,71.99,37447.28,1
2026-02-17,2026-02-17 11:14:00,508.82,508.88,508.82,508.88,0.01,71.99,37447.28,1
2026-02-17,2026-02-17 11:15:00,508.88,508.93,508.88,508.93,0.01,71.99,37447.28,1
2026-02-17,2026-02-17 11:16:00,508.93,508.99,508.93,508.99,0.01,71.99,37447.28,1
2026-02-17,2026-02-17 11:17:00,508.99,509.05,508.99,509.05,0.01,71.99,37447.28,1
2026-02-17,2026-02-17 11:18:00,509.05,509.11,509.05,509.11,0.01,71.99,37447.28,1
2026-02-17,2026-02-17 11:19:00,509.11,509.17,509.11,509.17,0.01,71.99,37447.28,1
2026-02-17,2026-02-17 11:20:00,509.17,509.23,509.17,509.23,0.01,71.99,37447.28,1
2026-02-17,2026-02-17 11:21:00,509.23,509.28,509.23,509.28,0.01,71.99,37447.28,1
2026-02-17,2026-02-17 11:22:00,509.28,509.34,509.28,509.34,0.01,71.99,37447.28,1
2026-02-17,2026-02-17 11:23:00,509.34,509.4,509.34,509.4,0.01,71.99,37447.28,1
2026-02-17,2026-02-17 11:24:00,509.4,509.46,509.4,509.46,0.01,71.99,37447.28,1
2026-02-17,2026-02-17 11:25:00,509.46,509.52,509.46,509.52,0.01,71.99,37447.28,1
2026-02-17,2026-02-17 11:26:00,509.52,509.57,509.52,509.57,0.01,71.99,37447.28,1
2026-02-17,2026-02-17 11:27:00,509.57,509.63,509.57,509.63,0.01,71.99,37447.28,1
2026-02-17,2026-02-17 11:28:00,509.63,509.69,509.63,509.69,0.01,71.99,37447.28,1
2026-02-17,2026-02-17 11:29:00,509.69,509.75,509.69,509.75,0.01,71.99,37447.28,1
2026-02-17,2026-02-17 11:30:00,509.75,509.81,509.75,509.81,0.01,71.99,37447.28,1
2026-02-17,2026-02-17 11:31:00,509.81,509.87,509.81,509.87,0.01,71.99,37447.28,1
2026-02-17,2026-02-17 11:32:00,509.87,509.93,509.87,509.93,0.01,71.99,37447.28,1
2026-02-17,2026-02-17 11:33:00,509.93,509.98,509.93,509.98,0.01,71.99,37447.28,1
2026-02-17,2026-02-17 11:34:00,509.98,510.04,509.98,510.04,0.01,71.99,37447.28,1
2026-02-17,2026-02-17 11:35:00,510.04,510.1,510.04,510.1,0.01,71.99,37447.28,1
2026-02-17,2026-02-17 11:36:00,510.1,510.16,510.1,510.16,0.01,71.99,37447.28,1
2026-02-17,2026-02-17 11:37:00,510.16,510.22,510.16,510.22,0.01,71.99,37447.28,1
2026-02-17,2026-02-17 11:38:00,510.22,510.27,510.22,510.27,0.01,71.99,37447.28,1
2026-02-17,2026-02-17 11:39:00,510.27,510.33,510.27,510.33,0.01,71.99,37447.28,1
2026-02-17,2026-02-17 11:40:00,510.33,510.39,510.33,510.39,0.01,71.99,37447.28,1
2026-02-17,2026-02-17 11:41:00,510.39,510.45,510.39,510.45,0.01,71.99,37447.28,1
2026-02-17,2026-02-17 11:42:00,510.45,510.51,510.45,510.51,0.01,71.99,37447.28,1
2026-02-17,2026-02-17 11:43:00,510.51,510.57,510.51,510.57,0.01,71.99,37447.28,1
2026-02-17,2026-02-17 11:44:00,510.57,510.62,510.57,510.62,0.01,71.99,37447.28,1
2026-02-17,2026-02-17 11:45:00,510.62,510.68,510.62,510.68,0.01,71.99,37447.28,1
2026-02-17,2026-02-17 11:46:00,510.68,510.74,510.68,510.74,0.01,71.99,37447.28,1
2026-02-17,2026-02-17 11:47:00,510.74,510.8,510.74,510.8,0.01,71.99,37447.28,1
2026-02-17,2026-02-17 11:48:00,510.8,510.86,510.8,510.86,0.01,71.99,37447.28,1
2026-02-17,2026-02-17 11:49:00,510.86,510.92,510.86,510.92,0.01,71.99,37447.28,1
2026-02-17,2026-02-17 11:50:00,510.92,510.98,510.92,510.98,0.01,71.99,37447.28,1
2026-02-17,2026-02-17 11:51:00,510.98,511.03,510.98,511.03,0.01,71.99,37447.28,1
2026-02-17,2026-02-17 11:52:00,511.03,511.09,511.03,511.09,0.01,71.99,37447.28,1
2026-02-17,2026-02-17 11:53:00,511.09,511.15,511.09,511.15,0.01,71.99,37447.28,1
2026-02-17,2026-02-17 11:54:00,511.15,511.21,511.15,511.21,0.01,71.99,37447.28,1
2026-02-17,2026-02-17 11:55:00,511.21,511.27,511.21,511.27,0.01,71.99,37447.28,1
2026-02-17,2026-02-17 11:56:00,511.27,511.32,511.27,511.32,0.01,71.99,37447.28,1
2026-02-17,2026-02-17 11:57:00,511.32,511.38,511.32,511.38,0.01,71.99,37447.28,1
2026-02-17,2026-02-17 11:58:00,511.38,511.44,511.38,511.44,0.01,71.99,37447.28,1
2026-02-17,2026-02-17 11:59:00,511.44,511.5,511.44,511.5,0.01,71.99,37447.28,1
2026-02-17,2026-02-17 12:00:00,511.5,511.56,511.5,511.56,0.01,71.99,37447.28,1
2026-02-17,2026-02-17 12:01:00,511.56,511.62,511.56,511.62,0.01,71.99,37447.28,1
2026-02-17,2026-02-17 12:02:00,511.62,511.68,511.62,511.68,0.01,71.99,37447.28,1
2026-02-17,2026-02-17 12:03:00,511.68,511.73,511.68,511.73,0.01,71.99,37447.28,1
2026-02-17,2026-02-17 12:04:00,511.73,511.79,511.73,511.79,0.01,71.99,37447.28,1
2026-02-17,2026-02-17 12:05:00,511.79,511.85,511.79,511.85,0.01,71.99,37447.28,1
2026-02-17,2026-02-17 12:06:00,511.85,511.91,511.85,511.91,0.01,71.99,37447.28,1
2026-02-17,2026-02-17 12:07:00,511.91,511.97,511.91,511.97,0.01,71.99,37447.28,1
2026-02-17,2026-02-17 12:08:00,511.97,512.02,511.97,512.02,0.01,71.99,37447.28,1
2026-02-17,2026-02-17 12:09:00,512.02,512.08,512.02,512.08,0.01,71.99,37447.28,1
2026-02-17,2026-02-17 12:10:00,512.08,512.14,512.08,512.14,0.01,71.99,37447.28,1
2026-02-17,2026-02-17 12:11:00,512.14,512.2,512.14,512.2,0.01,71.99,37447.28,1
2026-02-17,2026-02-17 12:12:00,512.2,512.26,512.2,512.26,0.01,71.99,37447.28,1
2026-02-17,2026-02-17 12:13:00,512.26,512.32,512.26,512.32,0.01,71.99,37447.28,1
2026-02-17,2026-02-17 12:14:00,512.32,512.38,512.32,512.38,0.01,71.99,37447.28,1
2026-02-17,2026-02-17 12:15:00,512.38,512.43,512.38,512.43,0.01,71.99,37447.28,1
2026-02-17,2026-02-17 12:16:00,512.43,512.49,512.43,512.49,0.01,71.99,37447.28,1
2026-02-17,2026-02-17 12:17:00,512.49,512.55,512.49,512.55,0.01,71.99,37447.28,1
2026-02-17,2026-02-17 12:18:00,512.55,512.61,512.55,512.61,0.01,71.99,37447.28,1
2026-02-17,2026-02-17 12:19:00,512.61,512.67,512.61,512.67,0.01,71.99,37447.28,1
2026-02-17,2026-02-17 12:20:00,512.67,512.73,512.67,512.73,0.01,71.99,37447.28,1
2026-02-17,2026-02-17 12:21:00,512.73,512.78,512.73,512.78,0.01,71.99,37447.28,1
2026-02-17,2026-02-17 12:22:00,512.78,512.84,512.78,512.84,0.01,71.99,37447.28,1
2026-02-17,2026-02-17 12:23:00,512.84,512.9,512.84,512.9,0.01,71.99,37447.28,1
2026-02-17,2026-02-17 12:24:00,512.9,512.96,512.9,512.96,0.01,71.99,37447.28,1
2026-02-17,2026-02-17 12:25:00,512.96,513.02,512.96,513.02,0.01,71.99,37447.28,1
2026-02-17,2026-02-17 12:26:00,513.02,513.08,513.02,513.08,0.01,71.99,37447.28,1
2026-02-17,2026-02-17 12:27:00,513.08,513.13,513.08,513.13,0.01,71.99,37447.28,1
2026-02-17,2026-02-17 12:28:00,513.13,513.19,513.13,513.19,0.01,71.99,37447.28,1
2026-02-17,2026-02-17 12:29:00,513.19,513.25,513.19,513.25,0.01,71.99,37447.28,1
2026-02-17,2026-02-17 12:30:00,513.25,513.31,513.25,513.31,0.01,71.99,37447.28,1
2026-02-17,2026-02-17 12:31:00,513.31,513.37,513.31,513.37,0.01,71.99,37447.28,1
2026-02-17,2026-02-17 12:32:00,513.37,513.42,513.37,513.42,0.01,71.99,37447.28,1
2026-02-17,2026-02-17 12:33:00,513.42,513.48,513.42,513.48,0.01,71.99,37447.28,1
2026-02-17,2026-02-17 12:34:00,513.48,513.54,513.48,513.54,0.01,71.99,37447.28,1
2026-02-17,2026-02-17 12:35:00,513.54,513.6,513.54,513.6,0.01,71.99,37447.28,1
2026-02-17,2026-02-17 12:36:00,513.6,513.66,513.6,513.66,0.01,71.99,37447.28,1
2026-02-17,2026-02-17 12:37:00,513.66,513.72,513.66,513.72,0.01,71.99,37447.28,1
2026-02-17,2026-02-17 12:38:00,513.72,513.77,513.72,513.77,0.01,71.99,37447.28,1
2026-02-17,2026-02-17 12:39:00,513.77,513.83,513.77,513.83,0.01,71.99,37447.28,1
2026-02-17,2026-02-17 12:40:00,513.83,513.89,513.83,513.89,0.01,71.99,37447.28,1
2026-02-17,2026-02-17 12:41:00,513.89,513.95,513.89,513.95,0.01,71.99,37447.28,1
2026-02-17,2026-02-17 12:42:00,513.95,514.01,513.95,514.01,0.01,71.99,37447.28,1
2026-02-17,2026-02-17 12:43:00,514.01,514.07,514.01,514.07,0.01,71.99,37447.28,1
2026-02-17,2026-02-17 12:44:00,514.07,514.12,514.07,514.12,0.01,71.99,37447.28,1
2026-02-17,2026-02-17 12:45:00,514.12,514.18,514.12,514.18,0.01,71.99,37447.28,1
2026-02-17,2026-02-17 12:46:00,514.18,514.24,514.18,514.24,0.01,71.99,37447.28,1
2026-02-17,2026-02-17 12:47:00,514.24,514.3,514.24,514.3,0.01,71.99,37447.28,1
2026-02-17,2026-02-17 12:48:00,514.3,514.36,514.3,514.36,0.01,71.99,37447.28,1
2026-02-17,2026-02-17 12:49:00,514.36,514.42,514.36,514.42,0.01,71.99,37447.28,1
2026-02-17,2026-02-17 12:50:00,514.42,514.48,514.42,514.48,0.01,71.99,37447.28,1
2026-02-17,2026-02-17 12:51:00,514.48,514.53,514.48,514.53,0.01,71.99,37447.28,1
2026-02-17,2026-02-17 12:52:00,514.53,514.59,514.53,514.59,0.01,71.99,37447.28,1
2026-02-17,2026-02-17 12:53:00,514.59,514.65,514.59,514.65,0.01,71.99,37447.28,1
2026-02-17,2026-02-17 12:54:00,514.65,514.71,514.65,514.71,0.01,71.99,37447.28,1
2026-02-17,2026-02-17 12:55:00,514.71,514.77,514.71,514.77,0.01,71.99,37447.28,1
2026-02-17,2026-02-17 12:56:00,514.77,514.83,514.77,514.83,0.01,71.99,37447.28,1
2026-02-17,2026-02-17 12:57:00,514.83,514.88,514.83,514.88,0.01,71.99,37447.28,1
2026-02-17,2026-02-17 12:58:00,514.88,514.94,514.88,514.94,0.01,71.99,37447.28,1
2026-02-17,2026-02-17 12:59:00,514.94,515.0,514.94,515.0,0.01,71.99,37447.28,1
2026-02-17,2026-02-17 13:00:00,515.0,540.0,508.0,515.06,0.01,71.99,37447.28,1
2026-02-17,2026-02-17 13:01:00,515.06,515.12,515.06,515.12,0.01,71.99,37447.28,1
2026-02-17,2026-02-17 13:02:00,515.12,515.17,515.12,515.17,0.01,71.99,37447.28,1
2026-02-17,2026-02-17 13:03:00,515.17,515.23,515.17,515.23,0.01,71.99,37447.28,1
2026-02-17,2026-02-17 13:04:00,515.23,515.29,515.23,515.29,0.01,71.99,37447.28,1
2026-02-17,2026-02-17 13:05:00,515.29,515.35,515.29,515.35,0.01,71.99,37447.28,1
2026-02-17,2026-02-17 13:06:00,515.35,515.41,515.35,515.41,0.01,71.99,37447.28,1
2026-02-17,2026-02-17 13:07:00,515.41,515.47,515.41,515.47,0.01,71.99,37447.28,1
2026-02-17,2026-02-17 13:08:00,515.47,515.52,515.47,515.52,0.01,71.99,37447.28,1
2026-02-17,2026-02-17 13:09:00,515.52,515.58,515.52,515.58,0.01,71.99,37447.28,1
2026-02-17,2026-02-17 13:10:00,515.58,515.64,515.58,515.64,0.01,71.99,37447.28,1
2026-02-17,2026-02-17 13:11:00,515.64,515.7,515.64,515.7,0.01,71.99,37447.28,1
2026-02-17,2026-02-17 13:12:00,515.7,515.76,515.7,515.76,0.01,71.99,37447.28,1
2026-02-17,2026-02-17 13:13:00,515.76,515.82,515.76,515.82,0.01,71.99,37447.28,1
2026-02-17,2026-02-17 13:14:00,515.82,515.88,515.82,515.88,0.01,71.99,37447.28,1
2026-02-17,2026-02-17 13:15:00,515.88,515.93,515.88,515.93,0.01,71.99,37447.28,1
2026-02-17,2026-02-17 13:16:00,515.93,515.99,515.93,515.99,0.01,71.99,37447.28,1
2026-02-17,2026-02-17 13:17:00,515.99,516.05,515.99,516.05,0.01,71.99,37447.28,1
2026-02-17,2026-02-17 13:18:00,516.05,516.11,516.05,516.11,0.01,71.99,37447.28,1
2026-02-17,2026-02-17 13:19:00,516.11,516.17,516.11,516.17,0.01,71.99,37447.28,1
2026-02-17,2026-02-17 13:20:00,516.17,516.23,516.17,516.23,0.01,71.99,37447.28,1
2026-02-17,2026-02-17 13:21:00,516.23,516.28,516.23,516.28,0.01,71.99,37447.28,1
2026-02-17,2026-02-17 13:22:00,516.28,516.34,516.28,516.34,0.01,71.99,37447.28,1
2026-02-17,2026-02-17 13:23:00,516.34,516.4,516.34,516.4,0.01,71.99,37447.28,1
2026-02-17,2026-02-17 13:24:00,516.4,516.46,516.4,516.46,0.01,71.99,37447.28,1
2026-02-17,2026-02-17 13:25:00,516.46,516.52,516.46,516.52,0.01,71.99,37447.28,1
2026-02-17,2026-02-17 13:26:00,516.52,516.58,516.52,516.58,0.01,71.99,37447.28,1
2026-02-17,2026-02-17 13:27:00,516.58,516.63,516.58,516.63,0.01,71.99,37447.28,1
2026-02-17,2026-02-17 13:28:00,516.63,516.69,516.63,516.69,0.01,71.99,37447.28,1
2026-02-17,2026-02-17 13:29:00,516.69,516.75,516.69,516.75,0.01,71.99,37447.28,1
2026-02-17,2026-02-17 13:30:00,516.75,516.81,516.75,516.81,0.01,71.99,37447.28,1
2026-02-17,2026-02-17 13:31:00,516.81,516.87,516.81,516.87,0.01,71.99,37447.28,1
2026-02-17,2026-02-17 13:32:00,516.87,516.92,516.87,516.92,0.01,71.99,37447.28,1
2026-02-17,2026-02-17 13:33:00,516.92,516.98,516.92,516.98,0.01,71.99,37447.28,1
2026-02-17,2026-02-17 13:34:00,516.98,517.04,516.98,517.04,0.01,71.99,37447.28,1
2026-02-17,2026-02-17 13:35:00,517.04,517.1,517.04,517.1,0.01,71.99,37447.28,1
2026-02-17,2026-02-17 13:36:00,517.1,517.16,517.1,517.16,0.01,71.99,37447.28,1
2026-02-17,2026-02-17 13:37:00,517.16,517.22,517.16,517.22,0.01,71.99,37447.28,1
2026-02-17,2026-02-17 13:38:00,517.22,517.27,517.22,517.27,0.01,71.99,37447.28,1
2026-02-17,2026-02-17 13:39:00,517.27,517.33,517.27,517.33,0.01,71.99,37447.28,1
2026-02-17,2026-02-17 13:40:00,517.33,517.39,517.33,517.39,0.01,71.99,37447.28,1
2026-02-17,2026-02-17 13:41:00,517.39,517.45,517.39,517.45,0.01,71.99,37447.28,1
2026-02-17,2026-02-17 13:42:00,517.45,517.51,517.45,517.51,0.01,71.99,37447.28,1
2026-02-17,2026-02-17 13:43:00,517.51,517.57,517.51,517.57,0.01,71.99,37447.28,1
2026-02-17,2026-02-17 13:44:00,517.57,517.62,517.57,517.62,0.01,71.99,37447.28,1
2026-02-17,2026-02-17 13:45:00,517.62,517.68,517.62,517.68,0.01,71.99,37447.28,1
2026-02-17,2026-02-17 13:46:00,517.68,517.74,517.68,517.74,0.01,71.99,37447.28,1
2026-02-17,2026-02-17 13:47:00,517.74,517.8,517.74,517.8,0.01,71.99,37447.28,1
2026-02-17,2026-02-17 13:48:00,517.8,517.86,517.8,517.86,0.01,71.99,37447.28,1
2026-02-17,2026-02-17 13:49:00,517.86,517.92,517.86,517.92,0.01,71.99,37447.28,1
2026-02-17,2026-02-17 13:50:00,517.92,517.98,517.92,517.98,0.01,71.99,37447.28,1
2026-02-17,2026-02-17 13:51:00,517.98,518.03,517.98,518.03,0.01,71.99,37447.28,1
2026-02-17,2026-02-17 13:52:00,518.03,518.09,518.03,518.09,0.01,71.99,37447.28,1
2026-02-17,2026-02-17 13:53:00,518.09,518.15,518.09,518.15,0.01,71.99,37447.28,1
2026-02-17,2026-02-17 13:54:00,518.15,518.21,518.15,518.21,0.01,71.99,37447.28,1
2026-02-17,2026-02-17 13:55:00,518.21,518.27,518.21,518.27,0.01,71.99,37447.28,1
2026-02-17,2026-02-17 13:56:00,518.27,518.33,518.27,518.33,0.01,71.99,37447.28,1
2026-02-17,2026-02-17 13:57:00,518.33,518.38,518.33,518.38,0.01,71.99,37447.28,1
2026-02-17,2026-02-17 13:58:00,518.38,518.44,518.38,518.44,0.01,71.99,37447.28,1
2026-02-17,2026-02-17 13:59:00,518.44,518.5,518.44,518.5,0.01,71.99,37447.28,1
2026-02-17,2026-02-17 14:00:00,518.5,518.56,518.5,518.56,0.01,71.99,37447.28,1
2026-02-17,2026-02-17 14:01:00,518.56,518.62,518.56,518.62,0.01,71.99,37447.28,1
2026-02-17,2026-02-17 14:02:00,518.62,518.67,518.62,518.67,0.01,71.99,37447.28,1
2026-02-17,2026-02-17 14:03:00,518.67,518.73,518.67,518.73,0.01,71.99,37447.28,1
2026-02-17,2026-02-17 14:04:00,518.73,518.79,518.73,518.79,0.01,71.99,37447.28,1
2026-02-17,2026-02-17 14:05:00,518.79,518.85,518.79,518.85,0.01,71.99,37447.28,1
2026-02-17,2026-02-17 14:06:00,518.85,518.91,518.85,518.91,0.01,71.99,37447.28,1
2026-02-17,2026-02-17 14:07:00,518.91,518.97,518.91,518.97,0.01,71.99,37447.28,1
2026-02-17,2026-02-17 14:08:00,518.97,519.02,518.97,519.02,0.01,71.99,37447.28,1
2026-02-17,2026-02-17 14:09:00,519.02,519.08,519.02,519.08,0.01,71.99,37447.28,1
2026-02-17,2026-02-17 14:10:00,519.08,519.14,519.08,519.14,0.01,71.99,37447.28,1
2026-02-17,2026-02-17 14:11:00,519.14,519.2,519.14,519.2,0.01,71.99,37447.28,1
2026-02-17,2026-02-17 14:12:00,519.2,519.26,519.2,519.26,0.01,71.99,37447.28,1
2026-02-17,2026-02-17 14:13:00,519.26,519.32,519.26,519.32,0.01,71.99,37447.28,1
2026-02-17,2026-02-17 14:14:00,519.32,519.38,519.32,519.38,0.01,71.99,37447.28,1
2026-02-17,2026-02-17 14:15:00,519.38,519.43,519.38,519.43,0.01,71.99,37447.28,1
2026-02-17,2026-02-17 14:16:00,519.43,519.49,519.43,519.49,0.01,71.99,37447.28,1
2026-02-17,2026-02-17 14:17:00,519.49,519.55,519.49,519.55,0.01,71.99,37447.28,1
2026-02-17,2026-02-17 14:18:00,519.55,519.61,519.55,519.61,0.01,71.99,37447.28,1
2026-02-17,2026-02-17 14:19:00,519.61,519.67,519.61,519.67,0.01,71.99,37447.28,1
2026-02-17,2026-02-17 14:20:00,519.67,519.73,519.67,519.73,0.01,71.99,37447.28,1
2026-02-17,2026-02-17 14:21:00,519.73,519.78,519.73,519.78,0.01,71.99,37447.28,1
2026-02-17,2026-02-17 14:22:00,519.78,519.84,519.78,519.84,0.01,71.99,37447.28,1
2026-02-17,2026-02-17 14:23:00,519.84,519.9,519.84,519.9,0.01,71.99,37447.28,1
2026-02-17,2026-02-17 14:24:00,519.9,519.96,519.9,519.96,0.01,71.99,37447.28,1
2026-02-17,2026-02-17 14:25:00,519.96,520.02,519.96,520.02,0.01,71.99,37447.28,1
2026-02-17,2026-02-17 14:26:00,520.02,520.08,520.02,520.08,0.01,71.99,37447.28,1
2026-02-17,2026-02-17 14:27:00,520.08,520.13,520.08,520.13,0.01,71.99,37447.28,1
2026-02-17,2026-02-17 14:28:00,520.13,520.19,520.13,520.19,0.01,71.99,37447.28,1
2026-02-17,2026-02-17 14:29:00,520.19,520.25,520.19,520.25,0.01,71.99,37447.28,1
2026-02-17,2026-02-17 14:30:00,520.25,520.31,520.25,520.31,0.01,71.99,37447.28,1
2026-02-17,2026-02-17 14:31:00,520.31,520.37,520.31,520.37,0.01,71.99,37447.28,1
2026-02-17,2026-02-17 14:32:00,520.37,520.42,520.37,520.42,0.01,71.99,37447.28,1
2026-02-17,2026-02-17 14:33:00,520.42,520.48,520.42,520.48,0.01,71.99,37447.28,1
2026-02-17,2026-02-17 14:34:00,520.48,520.54,520.48,520.54,0.01,71.99,37447.28,1
2026-02-17,2026-02-17 14:35:00,520.54,520.6,520.54,520.6,0.01,71.99,37447.28,1
2026-02-17,2026-02-17 14:36:00,520.6,520.66,520.6,520.66,0.01,71.99,37447.28,1
2026-02-17,2026-02-17 14:37:00,520.66,520.72,520.66,520.72,0.01,71.99,37447.28,1
2026-02-17,2026-02-17 14:38:00,520.72,520.77,520.72,520.77,0.01,71.99,37447.28,1
2026-02-17,2026-02-17 14:39:00,520.77,520.83,520.77,520.83,0.01,71.99,37447.28,1
2026-02-17,2026-02-17 14:40:00,520.83,520.89,520.83,520.89,0.01,71.99,37447.28,1
2026-02-17,2026-02-17 14:41:00,520.89,520.95,520.89,520.95,0.01,71.99,37447.28,1
2026-02-17,2026-02-17 14:42:00,520.95,521.01,520.95,521.01,0.01,71.99,37447.28,1
2026-02-17,2026-02-17 14:43:00,521.01,521.07,521.01,521.07,0.01,71.99,37447.28,1
2026-02-17,2026-02-17 14:44:00,521.07,521.12,521.07,521.12,0.01,71.99,37447.28,1
2026-02-17,2026-02-17 14:45:00,521.12,521.18,521.12,521.18,0.01,71.99,37447.28,1
2026-02-17,2026-02-17 14:46:00,521.18,521.24,521.18,521.24,0.01,71.99,37447.28,1
2026-02-17,2026-02-17 14:47:00,521.24,521.3,521.24,521.3,0.01,71.99,37447.28,1
2026-02-17,2026-02-17 14:48:00,521.3,521.36,521.3,521.36,0.01,71.99,37447.28,1
2026-02-17,2026-02-17 14:49:00,521.36,521.42,521.36,521.42,0.01,71.99,37447.28,1
2026-02-17,2026-02-17 14:50:00,521.42,521.48,521.42,521.48,0.01,71.99,37447.28,1
2026-02-17,2026-02-17 14:51:00,521.48,521.53,521.48,521.53,0.01,71.99,37447.28,1
2026-02-17,2026-02-17 14:52:00,521.53,521.59,521.53,521.59,0.01,71.99,37447.28,1
2026-02-17,2026-02-17 14:53:00,521.59,521.65,521.59,521.65,0.01,71.99,37447.28,1
2026-02-17,2026-02-17 14:54:00,521.65,521.71,521.65,521.71,0.01,71.99,37447.28,1
2026-02-17,2026-02-17 14:55:00,521.71,521.77,521.71,521.77,0.01,71.99,37447.28,1
2026-02-17,2026-02-17 14:56:00,521.77,521.83,521.77,521.83,0.01,71.99,37447.28,1
2026-02-17,2026-02-17 14:57:00,521.83,521.88,521.83,521.88,0.01,71.99,37447.28,1
2026-02-17,2026-02-17 14:58:00,521.88,521.94,521.88,521.94,0.01,71.99,37447.28,1
2026-02-17,2026-02-17 14:59:00,521.94,522.0,521.94,522.0,0.01,71.99,37447.28,1
2026-02-17,2026-02-17 15:00:00,522.0,540.0,508.0,522.0,0.0,71.99,37447.28,0
2026-02-22,2026-02-22 11:00:00,515.0,516.5,514.4,515.0,0.0,31.61,16309.28,0
2026-02-22,2026-02-22 11:01:00,515.0,515.0,514.99,514.99,-0.0,31.61,16309.28,-1
2026-02-22,2026-02-22 11:02:00,514.99,514.99,514.99,514.99,0.0,31.61,16309.28,0
2026-02-22,2026-02-22 11:03:00,514.99,514.99,514.99,514.99,0.0,31.61,16309.28,0
2026-02-22,2026-02-22 11:04:00,514.99,514.99,514.98,514.98,-0.0,31.61,16309.28,-1
2026-02-22,2026-02-22 11:05:00,514.98,514.98,514.98,514.98,0.0,31.61,16309.28,0
2026-02-22,2026-02-22 11:06:00,514.98,514.98,514.97,514.97,-0.0,31.61,16309.28,-1
2026-02-22,2026-02-22 11:07:00,514.97,514.97,514.97,514.97,0.0,31.61,16309.28,0
2026-02-22,2026-02-22 11:08:00,514.97,514.97,514.97,514.97,0.0,31.61,16309.28,0
2026-02-22,2026-02-22 11:09:00,514.97,514.97,514.96,514.96,-0.0,31.61,16309.28,-1
2026-02-22,2026-02-22 11:10:00,514.96,514.96,514.96,514.96,0.0,31.61,16309.28,0
2026-02-22,2026-02-22 11:11:00,514.96,514.96,514.96,514.96,0.0,31.61,16309.28,0
2026-02-22,2026-02-22 11:12:00,514.96,514.96,514.95,514.95,-0.0,31.61,16309.28,-1
2026-02-22,2026-02-22 11:13:00,514.95,514.95,514.95,514.95,0.0,31.61,16309.28,0
2026-02-22,2026-02-22 11:14:00,514.95,514.95,514.94,514.94,-0.0,31.61,16309.28,-1
2026-02-22,2026-02-22 11:15:00,514.94,514.94,514.94,514.94,0.0,31.61,16309.28,0
2026-02-22,2026-02-22 11:16:00,514.94,514.94,514.94,514.94,0.0,31.61,16309.28,0
2026-02-22,2026-02-22 11:17:00,514.94,514.94,514.93,514.93,-0.0,31.61,16309.28,-1
2026-02-22,2026-02-22 11:18:00,514.93,514.93,514.93,514.93,0.0,31.61,16309.28,0
2026-02-22,2026-02-22 11:19:00,514.93,514.93,514.92,514.92,-0.0,31.61,16309.28,-1
2026-02-22,2026-02-22 11:20:00,514.92,514.92,514.92,514.92,0.0,31.61,16309.28,0
2026-02-22,2026-02-22 11:21:00,514.92,514.92,514.92,514.92,0.0,31.61,16309.28,0
2026-02-22,2026-02-22 11:22:00,514.92,514.92,514.91,514.91,-0.0,31.61,16309.28,-1
2026-02-22,2026-02-22 11:23:00,514.91,514.91,514.91,514.91,0.0,31.61,16309.28,0
2026-02-22,2026-02-22 11:24:00,514.91,514.91,514.91,514.91,0.0,31.61,16309.28,0
2026-02-22,2026-02-22 11:25:00,514.91,514.91,514.9,514.9,-0.0,31.61,16309.28,-1
2026-02-22,2026-02-22 11:26:00,514.9,514.9,514.9,514.9,0.0,31.61,16309.28,0
2026-02-22,2026-02-22 11:27:00,514.9,514.9,514.89,514.89,-0.0,31.61,16309.28,-1
2026-02-22,2026-02-22 11:28:00,514.89,514.89,514.89,514.89,0.0,31.61,16309.28,0
2026-02-22,2026-02-22 11:29:00,514.89,514.89,514.89,514.89,0.0,31.61,16309.28,0
2026-02-22,2026-02-22 11:30:00,514.89,514.89,514.88,514.88,-0.0,31.61,16309.28,-1
2026-02-22,2026-02-22 11:31:00,514.88,514.88,514.88,514.88,0.0,31.61,16309.28,0
2026-02-22,2026-02-22 11:32:00,514.88,514.88,514.88,514.88,0.0,31.61,16309.28,0
2026-02-22,2026-02-22 11:33:00,514.88,514.88,514.87,514.87,-0.0,31.61,16309.28,-1
2026-02-22,2026-02-22 11:34:00,514.87,514.87,514.87,514.87,0.0,31.61,16309.28,0
2026-02-22,2026-02-22 11:35:00,514.87,514.87,514.87,514.87,0.0,31.61,16309.28,0
2026-02-22,2026-02-22 11:36:00,514.87,514.87,514.86,514.86,-0.0,31.61,16309.28,-1
2026-02-22,2026-02-22 11:37:00,514.86,514.86,514.86,514.86,0.0,31.61,16309.28,0
2026-02-22,2026-02-22 11:38:00,514.86,514.86,514.85,514.85,-0.0,31.61,16309.28,-1
2026-02-22,2026-02-22 11:39:00,514.85,514.85,514.85,514.85,0.0,31.61,16309.28,0
2026-02-22,2026-02-22 11:40:00,514.85,514.85,514.85,514.85,0.0,31.61,16309.28,0
2026-02-22,2026-02-22 11:41:00,514.85,514.85,514.84,514.84,-0.0,31.61,16309.28,-1
2026-02-22,2026-02-22 11:42:00,514.84,514.84,514.84,514.84,0.0,31.61,16309.28,0
2026-02-22,2026-02-22 11:43:00,514.84,514.84,514.84,514.84,0.0,31.61,16309.28,0
2026-02-22,2026-02-22 11:44:00,514.84,514.84,514.83,514.83,-0.0,31.61,16309.28,-1
2026-02-22,2026-02-22 11:45:00,514.83,514.83,514.83,514.83,0.0,31.61,16309.28,0
2026-02-22,2026-02-22 11:46:00,514.83,514.83,514.82,514.82,-0.0,31.61,16309.28,-1
2026-02-22,2026-02-22 11:47:00,514.82,514.82,514.82,514.82,0.0,31.61,16309.28,0
2026-02-22,2026-02-22 11:48:00,514.82,514.82,514.82,514.82,0.0,31.61,16309.28,0
2026-02-22,2026-02-22 11:49:00,514.82,514.82,514.81,514.81,-0.0,31.61,16309.28,-1
2026-02-22,2026-02-22 11:50:00,514.81,514.81,514.81,514.81,0.0,31.61,16309.28,0
2026-02-22,2026-02-22 11:51:00,514.81,514.81,514.8,514.8,-0.0,31.61,16309.28,-1
2026-02-22,2026-02-22 11:52:00,514.8,514.8,514.8,514.8,0.0,31.61,16309.28,0
2026-02-22,2026-02-22 11:53:00,514.8,514.8,514.8,514.8,0.0,31.61,16309.28,0
2026-02-22,2026-02-22 11:54:00,514.8,514.8,514.79,514.79,-0.0,31.61,16309.28,-1
2026-02-22,2026-02-22 11:55:00,514.79,514.79,514.79,514.79,0.0,31.61,16309.28,0
2026-02-22,2026-02-22 11:56:00,514.79,514.79,514.79,514.79,0.0,31.61,16309.28,0
2026-02-22,2026-02-22 11:57:00,514.79,514.79,514.78,514.78,-0.0,31.61,16309.28,-1
2026-02-22,2026-02-22 11:58:00,514.78,514.78,514.78,514.78,0.0,31.61,16309.28,0
2026-02-22,2026-02-22 11:59:00,514.78,514.78,514.77,514.77,-0.0,31.61,16309.28,-1
2026-02-22,2026-02-22 12:00:00,514.77,514.77,514.77,514.77,0.0,31.61,16309.28,0
2026-02-22,2026-02-22 12:01:00,514.77,514.77,514.77,514.77,0.0,31.61,16309.28,0
2026-02-22,2026-02-22 12:02:00,514.77,514.77,514.76,514.76,-0.0,31.61,16309.28,-1
2026-02-22,2026-02-22 12:03:00,514.76,514.76,514.76,514.76,0.0,31.61,16309.28,0
2026-02-22,2026-02-22 12:04:00,514.76,514.76,514.76,514.76,0.0,31.61,16309.28,0
2026-02-22,2026-02-22 12:05:00,514.76,514.76,514.75,514.75,-0.0,31.61,16309.28,-1
2026-02-22,2026-02-22 12:06:00,514.75,514.75,514.75,514.75,0.0,31.61,16309.28,0
2026-02-22,2026-02-22 12:07:00,514.75,514.75,514.75,514.75,0.0,31.61,16309.28,0
2026-02-22,2026-02-22 12:08:00,514.75,514.75,514.74,514.74,-0.0,31.61,16309.28,-1
2026-02-22,2026-02-22 12:09:00,514.74,514.74,514.74,514.74,0.0,31.61,16309.28,0
2026-02-22,2026-02-22 12:10:00,514.74,514.74,514.73,514.73,-0.0,31.61,16309.28,-1
2026-02-22,2026-02-22 12:11:00,514.73,514.73,514.73,514.73,0.0,31.61,16309.28,0
2026-02-22,2026-02-22 12:12:00,514.73,514.73,514.73,514.73,0.0,31.61,16309.28,0
2026-02-22,2026-02-22 12:13:00,514.73,514.73,514.72,514.72,-0.0,31.61,16309.28,-1
2026-02-22,2026-02-22 12:14:00,514.72,514.72,514.72,514.72,0.0,31.61,16309.28,0
2026-02-22,2026-02-22 12:15:00,514.72,514.72,514.72,514.72,0.0,31.61,16309.28,0
2026-02-22,2026-02-22 12:16:00,514.72,514.72,514.71,514.71,-0.0,31.61,16309.28,-1
2026-02-22,2026-02-22 12:17:00,514.71,514.71,514.71,514.71,0.0,31.61,16309.28,0
2026-02-22,2026-02-22 12:18:00,514.71,514.71,514.7,514.7,-0.0,31.61,16309.28,-1
2026-02-22,2026-02-22 12:19:00,514.7,514.7,514.7,514.7,0.0,31.61,16309.28,0
2026-02-22,2026-02-22 12:20:00,514.7,514.7,514.7,514.7,0.0,31.61,16309.28,0
2026-02-22,2026-02-22 12:21:00,514.7,514.7,514.69,514.69,-0.0,31.61,16309.28,-1
2026-02-22,2026-02-22 12:22:00,514.69,514.69,514.69,514.69,0.0,31.61,16309.28,0
2026-02-22,2026-02-22 12:23:00,514.69,514.69,514.69,514.69,0.0,31.61,16309.28,0
2026-02-22,2026-02-22 12:24:00,514.69,514.69,514.68,514.68,-0.0,31.61,16309.28,-1
2026-02-22,2026-02-22 12:25:00,514.68,514.68,514.68,514.68,0.0,31.61,16309.28,0
2026-02-22,2026-02-22 12:26:00,514.68,514.68,514.67,514.67,-0.0,31.61,16309.28,-1
2026-02-22,2026-02-22 12:27:00,514.67,514.67,514.67,514.67,0.0,31.61,16309.28,0
2026-02-22,2026-02-22 12:28:00,514.67,514.67,514.67,514.67,0.0,31.61,16309.28,0
2026-02-22,2026-02-22 12:29:00,514.67,514.67,514.66,514.66,-0.0,31.61,16309.28,-1
2026-02-22,2026-02-22 12:30:00,514.66,514.66,514.66,514.66,0.0,31.61,16309.28,0
2026-02-22,2026-02-22 12:31:00,514.66,514.66,514.65,514.65,-0.0,31.61,16309.28,-1
2026-02-22,2026-02-22 12:32:00,514.65,514.65,514.65,514.65,0.0,31.61,16309.28,0
2026-02-22,2026-02-22 12:33:00,514.65,514.65,514.65,514.65,0.0,31.61,16309.28,0
2026-02-22,2026-02-22 12:34:00,514.65,514.65,514.64,514.64,-0.0,31.61,16309.28,-1
2026-02-22,2026-02-22 12:35:00,514.64,514.64,514.64,514.64,0.0,31.61,16309.28,0
2026-02-22,2026-02-22 12:36:00,514.64,514.64,514.64,514.64,0.0,31.61,16309.28,0
2026-02-22,2026-02-22 12:37:00,514.64,514.64,514.63,514.63,-0.0,31.61,16309.28,-1
2026-02-22,2026-02-22 12:38:00,514.63,514.63,514.63,514.63,0.0,31.61,16309.28,0
2026-02-22,2026-02-22 12:39:00,514.63,514.63,514.62,514.62,-0.0,31.61,16309.28,-1
2026-02-22,2026-02-22 12:40:00,514.62,514.62,514.62,514.62,0.0,31.61,16309.28,0
2026-02-22,2026-02-22 12:41:00,514.62,514.62,514.62,514.62,0.0,31.61,16309.28,0
2026-02-22,2026-02-22 12:42:00,514.62,514.62,514.61,514.61,-0.0,31.61,16309.28,-1
2026-02-22,2026-02-22 12:43:00,514.61,514.61,514.61,514.61,0.0,31.61,16309.28,0
2026-02-22,2026-02-22 12:44:00,514.61,514.61,514.61,514.61,0.0,31.61,16309.28,0
2026-02-22,2026-02-22 12:45:00,514.61,514.61,514.6,514.6,-0.0,31.61,16309.28,-1
2026-02-22,2026-02-22 12:46:00,514.6,514.6,514.6,514.6,0.0,31.61,16309.28,0
2026-02-22,2026-02-22 12:47:00,514.6,514.6,514.6,514.6,0.0,31.61,16309.28,0
2026-02-22,2026-02-22 12:48:00,514.6,514.6,514.59,514.59,-0.0,31.61,16309.28,-1
2026-02-22,2026-02-22 12:49:00,514.59,514.59,514.59,514.59,0.0,31.61,16309.28,0
2026-02-22,2026-02-22 12:50:00,514.59,514.59,514.58,514.58,-0.0,31.61,16309.28,-1
2026-02-22,2026-02-22 12:51:00,514.58,514.58,514.58,514.58,0.0,31.61,16309.28,0
2026-02-22,2026-02-22 12:52:00,514.58,514.58,514.58,514.58,0.0,31.61,16309.28,0
2026-02-22,2026-02-22 12:53:00,514.58,514.58,514.57,514.57,-0.0,31.61,16309.28,-1
2026-02-22,2026-02-22 12:54:00,514.57,514.57,514.57,514.57,0.0,31.61,16309.28,0
2026-02-22,2026-02-22 12:55:00,514.57,514.57,514.57,514.57,0.0,31.61,16309.28,0
2026-02-22,2026-02-22 12:56:00,514.57,514.57,514.56,514.56,-0.0,31.61,16309.28,-1
2026-02-22,2026-02-22 12:57:00,514.56,514.56,514.56,514.56,0.0,31.61,16309.28,0
2026-02-22,2026-02-22 12:58:00,514.56,514.56,514.55,514.55,-0.0,31.61,16309.28,-1
2026-02-22,2026-02-22 12:59:00,514.55,514.55,514.55,514.55,0.0,31.61,16309.28,0
2026-02-22,2026-02-22 13:00:00,514.55,520.0,513.0,514.55,0.0,31.61,16309.28,0
2026-02-22,2026-02-22 13:01:00,514.55,514.55,514.54,514.54,-0.0,31.61,16309.28,-1
2026-02-22,2026-02-22 13:02:00,514.54,514.54,514.54,514.54,0.0,31.61,16309.28,0
2026-02-22,2026-02-22 13:03:00,514.54,514.54,514.53,514.53,-0.0,31.61,16309.28,-1
2026-02-22,2026-02-22 13:04:00,514.53,514.53,514.53,514.53,0.0,31.61,16309.28,0
2026-02-22,2026-02-22 13:05:00,514.53,514.53,514.53,514.53,0.0,31.61,16309.28,0
2026-02-22,2026-02-22 13:06:00,514.53,514.53,514.52,514.52,-0.0,31.61,16309.28,-1
2026-02-22,2026-02-22 13:07:00,514.52,514.52,514.52,514.52,0.0,31.61,16309.28,0
2026-02-22,2026-02-22 13:08:00,514.52,514.52,514.52,514.52,0.0,31.61,16309.28,0
2026-02-22,2026-02-22 13:09:00,514.52,514.52,514.51,514.51,-0.0,31.61,16309.28,-1
2026-02-22,2026-02-22 13:10:00,514.51,514.51,514.51,514.51,0.0,31.61,16309.28,0
2026-02-22,2026-02-22 13:11:00,514.51,514.51,514.5,514.5,-0.0,31.61,16309.28,-1
2026-02-22,2026-02-22 13:12:00,514.5,514.5,514.5,514.5,0.0,31.61,16309.28,0
2026-02-22,2026-02-22 13:13:00,514.5,514.5,514.5,514.5,0.0,31.61,16309.28,0
2026-02-22,2026-02-22 13:14:00,514.5,514.5,514.49,514.49,-0.0,31.61,16309.28,-1
2026-02-22,2026-02-22 13:15:00,514.49,514.49,514.49,514.49,0.0,31.61,16309.28,0
2026-02-22,2026-02-22 13:16:00,514.49,514.49,514.49,514.49,0.0,31.61,16309.28,0
2026-02-22,2026-02-22 13:17:00,514.49,514.49,514.48,514.48,-0.0,31.61,16309.28,-1
2026-02-22,2026-02-22 13:18:00,514.48,514.48,514.48,514.48,0.0,31.61,16309.28,0
2026-02-22,2026-02-22 13:19:00,514.48,514.48,514.48,514.48,0.0,31.61,16309.28,0
2026-02-22,2026-02-22 13:20:00,514.48,514.48,514.47,514.47,-0.0,31.61,16309.28,-1
2026-02-22,2026-02-22 13:21:00,514.47,514.47,514.47,514.47,0.0,31.61,16309.28,0
2026-02-22,2026-02-22 13:22:00,514.47,514.47,514.46,514.46,-0.0,31.61,16309.28,-1
2026-02-22,2026-02-22 13:23:00,514.46,514.46,514.46,514.46,0.0,31.61,16309.28,0
2026-02-22,2026-02-22 13:24:00,514.46,514.46,514.46,514.46,0.0,31.61,16309.28,0
2026-02-22,2026-02-22 13:25:00,514.46,514.46,514.45,514.45,-0.0,31.61,16309.28,-1
2026-02-22,2026-02-22 13:26:00,514.45,514.45,514.45,514.45,0.0,31.61,16309.28,0
2026-02-22,2026-02-22 13:27:00,514.45,514.45,514.45,514.45,0.0,31.61,16309.28,0
2026-02-22,2026-02-22 13:28:00,514.45,514.45,514.44,514.44,-0.0,31.61,16309.28,-1
2026-02-22,2026-02-22 13:29:00,514.44,514.44,514.44,514.44,0.0,31.61,16309.28,0
2026-02-22,2026-02-22 13:30:00,514.44,514.44,514.43,514.43,-0.0,31.61,16309.28,-1
2026-02-22,2026-02-22 13:31:00,514.43,514.43,514.43,514.43,0.0,31.61,16309.28,0
2026-02-22,2026-02-22 13:32:00,514.43,514.43,514.43,514.43,0.0,31.61,16309.28,0
2026-02-22,2026-02-22 13:33:00,514.43,514.43,514.42,514.42,-0.0,31.61,16309.28,-1
2026-02-22,2026-02-22 13:34:00,514.42,514.42,514.42,514.42,0.0,31.61,16309.28,0
2026-02-22,2026-02-22 13:35:00,514.42,514.42,514.41,514.41,-0.0,31.61,16309.28,-1
2026-02-22,2026-02-22 13:36:00,514.41,514.41,514.41,514.41,0.0,31.61,16309.28,0
2026-02-22,2026-02-22 13:37:00,514.41,514.41,514.41,514.41,0.0,31.61,16309.28,0
2026-02-22,2026-02-22 13:38:00,514.41,514.41,514.4,514.4,-0.0,31.61,16309.28,-1
2026-02-22,2026-02-22 13:39:00,514.4,514.4,514.4,514.4,0.0,31.61,16309.28,0
2026-02-22,2026-02-22 13:40:00,514.4,514.4,514.4,514.4,0.0,31.61,16309.28,0
2026-02-22,2026-02-22 13:41:00,514.4,514.4,514.39,514.39,-0.0,31.61,16309.28,-1
2026-02-22,2026-02-22 13:42:00,514.39,514.39,514.39,514.39,0.0,31.61,16309.28,0
2026-02-22,2026-02-22 13:43:00,514.39,514.39,514.38,514.38,-0.0,31.61,16309.28,-1
2026-02-22,2026-02-22 13:44:00,514.38,514.38,514.38,514.38,0.0,31.61,16309.28,0
2026-02-22,2026-02-22 13:45:00,514.38,514.38,514.38,514.38,0.0,31.61,16309.28,0
2026-02-22,2026-02-22 13:46:00,514.38,514.38,514.37,514.37,-0.0,31.61,16309.28,-1
2026-02-22,2026-02-22 13:47:00,514.37,514.37,514.37,514.37,0.0,31.61,16309.28,0
2026-02-22,2026-02-22 13:48:00,514.37,514.37,514.37,514.37,0.0,31.61,16309.28,0
2026-02-22,2026-02-22 13:49:00,514.37,514.37,514.36,514.36,-0.0,31.61,16309.28,-1
2026-02-22,2026-02-22 13:50:00,514.36,514.36,514.36,514.36,0.0,31.61,16309.28,0
2026-02-22,2026-02-22 13:51:00,514.36,514.36,514.36,514.36,0.0,31.61,16309.28,0
2026-02-22,2026-02-22 13:52:00,514.36,514.36,514.35,514.35,-0.0,31.61,16309.28,-1
2026-02-22,2026-02-22 13:53:00,514.35,514.35,514.35,514.35,0.0,31.61,16309.28,0
2026-02-22,2026-02-22 13:54:00,514.35,514.35,514.34,514.34,-0.0,31.61,16309.28,-1
2026-02-22,2026-02-22 13:55:00,514.34,514.34,514.34,514.34,0.0,31.61,16309.28,0
2026-02-22,2026-02-22 13:56:00,514.34,514.34,514.34,514.34,0.0,31.61,16309.28,0
2026-02-22,2026-02-22 13:57:00,514.34,514.34,514.33,514.33,-0.0,31.61,16309.28,-1
2026-02-22,2026-02-22 13:58:00,514.33,514.33,514.33,514.33,0.0,31.61,16309.28,0
2026-02-22,2026-02-22 13:59:00,514.33,514.33,514.33,514.33,0.0,31.61,16309.28,0
2026-02-22,2026-02-22 14:00:00,514.33,514.33,514.32,514.32,-0.0,31.61,16309.28,-1
2026-02-22,2026-02-22 14:01:00,514.32,514.32,514.32,514.32,0.0,31.61,16309.28,0
2026-02-22,2026-02-22 14:02:00,514.32,514.32,514.31,514.31,-0.0,31.61,16309.28,-1
2026-02-22,2026-02-22 14:03:00,514.31,514.31,514.31,514.31,0.0,31.61,16309.28,0
2026-02-22,2026-02-22 14:04:00,514.31,514.31,514.31,514.31,0.0,31.61,16309.28,0
2026-02-22,2026-02-22 14:05:00,514.31,514.31,514.3,514.3,-0.0,31.61,16309.28,-1
2026-02-22,2026-02-22 14:06:00,514.3,514.3,514.3,514.3,0.0,31.61,16309.28,0
2026-02-22,2026-02-22 14:07:00,514.3,514.3,514.3,514.3,0.0,31.61,16309.28,0
2026-02-22,2026-02-22 14:08:00,514.3,514.3,514.29,514.29,-0.0,31.61,16309.28,-1
2026-02-22,2026-02-22 14:09:00,514.29,514.29,514.29,514.29,0.0,31.61,16309.28,0
2026-02-22,2026-02-22 14:10:00,514.29,514.29,514.28,514.28,-0.0,31.61,16309.28,-1
2026-02-22,2026-02-22 14:11:00,514.28,514.28,514.28,514.28,0.0,31.61,16309.28,0
2026-02-22,2026-02-22 14:12:00,514.28,514.28,514.28,514.28,0.0,31.61,16309.28,0
2026-02-22,2026-02-22 14:13:00,514.28,514.28,514.27,514.27,-0.0,31.61,16309.28,-1
2026-02-22,2026-02-22 14:14:00,514.27,514.27,514.27,514.27,0.0,31.61,16309.28,0
2026-02-22,2026-02-22 14:15:00,514.27,514.27,514.26,514.26,-0.0,31.61,16309.28,-1
2026-02-22,2026-02-22 14:16:00,514.26,514.26,514.26,514.26,0.0,31.61,16309.28,0
2026-02-22,2026-02-22 14:17:00,514.26,514.26,514.26,514.26,0.0,31.61,16309.28,0
2026-02-22,2026-02-22 14:18:00,514.26,514.26,514.25,514.25,-0.0,31.61,16309.28,-1
2026-02-22,2026-02-22 14:19:00,514.25,514.25,514.25,514.25,0.0,31.61,16309.28,0
2026-02-22,2026-02-22 14:20:00,514.25,514.25,514.25,514.25,0.0,31.61,16309.28,0
2026-02-22,2026-02-22 14:21:00,514.25,514.25,514.24,514.24,-0.0,31.61,16309.28,-1
2026-02-22,2026-02-22 14:22:00,514.24,514.24,514.24,514.24,0.0,31.61,16309.28,0
2026-02-22,2026-02-22 14:23:00,514.24,514.24,514.24,514.24,0.0,31.61,16309.28,0
2026-02-22,2026-02-22 14:24:00,514.24,514.24,514.23,514.23,-0.0,31.61,16309.28,-1
2026-02-22,2026-02-22 14:25:00,514.23,514.23,514.23,514.23,0.0,31.61,16309.28,0
2026-02-22,2026-02-22 14:26:00,514.23,514.23,514.22,514.22,-0.0,31.61,16309.28,-1
2026-02-22,2026-02-22 14:27:00,514.22,514.22,514.22,514.22,0.0,31.61,16309.28,0
2026-02-22,2026-02-22 14:28:00,514.22,514.22,514.22,514.22,0.0,31.61,16309.28,0
2026-02-22,2026-02-22 14:29:00,514.22,514.22,514.21,514.21,-0.0,31.61,16309.28,-1
2026-02-22,2026-02-22 14:30:00,514.21,514.21,514.21,514.21,0.0,31.61,16309.28,0
2026-02-22,2026-02-22 14:31:00,514.21,514.21,514.21,514.21,0.0,31.61,16309.28,0
2026-02-22,2026-02-22 14:32:00,514.21,514.21,514.2,514.2,-0.0,31.61,16309.28,-1
2026-02-22,2026-02-22 14:33:00,514.2,514.2,514.2,514.2,0.0,31.61,16309.28,0
2026-02-22,2026-02-22 14:34:00,514.2,514.2,514.19,514.19,-0.0,31.61,16309.28,-1
2026-02-22,2026-02-22 14:35:00,514.19,514.19,514.19,514.19,0.0,31.61,16309.28,0
2026-02-22,2026-02-22 14:36:00,514.19,514.19,514.19,514.19,0.0,31.61,16309.28,0
2026-02-22,2026-02-22 14:37:00,514.19,514.19,514.18,514.18,-0.0,31.61,16309.28,-1
2026-02-22,2026-02-22 14:38:00,514.18,514.18,514.18,514.18,0.0,31.61,16309.28,0
2026-02-22,2026-02-22 14:39:00,514.18,514.18,514.18,514.18,0.0,31.61,16309.28,0
2026-02-22,2026-02-22 14:40:00,514.18,514.18,514.17,514.17,-0.0,31.61,16309.28,-1
2026-02-22,2026-02-22 14:41:00,514.17,514.17,514.17,514.17,0.0,31.61,16309.28,0
2026-02-22,2026-02-22 14:42:00,514.17,514.17,514.16,514.16,-0.0,31.61,16309.28,-1
2026-02-22,2026-02-22 14:43:00,514.16,514.16,514.16,514.16,0.0,31.61,16309.28,0
2026-02-22,2026-02-22 14:44:00,514.16,514.16,514.16,514.16,0.0,31.61,16309.28,0
2026-02-22,2026-02-22 14:45:00,514.16,514.16,514.15,514.15,-0.0,31.61,16309.28,-1
2026-02-22,2026-02-22 14:46:00,514.15,514.15,514.15,514.15,0.0,31.61,16309.28,0
2026-02-22,2026-02-22 14:47:00,514.15,514.15,514.14,514.14,-0.0,31.61,16309.28,-1
2026-02-22,2026-02-22 14:48:00,514.14,514.14,514.14,514.14,0.0,31.61,16309.28,0
2026-02-22,2026-02-22 14:49:00,514.14,514.14,514.14,514.14,0.0,31.61,16309.28,0
2026-02-22,2026-02-22 14:50:00,514.14,514.14,514.13,514.13,-0.0,31.61,16309.28,-1
2026-02-22,2026-02-22 14:51:00,514.13,514.13,514.13,514.13,0.0,31.61,16309.28,0
2026-02-22,2026-02-22 14:52:00,514.13,514.13,514.13,514.13,0.0,31.61,16309.28,0
2026-02-22,2026-02-22 14:53:00,514.13,514.13,514.12,514.12,-0.0,31.61,16309.28,-1
2026-02-22,2026-02-22 14:54:00,514.12,514.12,514.12,514.12,0.0,31.61,16309.28,0
2026-02-22,2026-02-22 14:55:00,514.12,514.12,514.12,514.12,0.0,31.61,16309.28,0
2026-02-22,2026-02-22 14:56:00,514.12,514.12,514.11,514.11,-0.0,31.61,16309.28,-1
2026-02-22,2026-02-22 14:57:00,514.11,514.11,514.11,514.11,0.0,31.61,16309.28,0
2026-02-22,2026-02-22 14:58:00,514.11,514.11,514.1,514.1,-0.0,31.61,16309.28,-1
2026-02-22,2026-02-22 14:59:00,514.1,514.1,514.1,514.1,0.0,31.61,16309.28,0
2026-02-22,2026-02-22 15:00:00,514.1,520.0,513.0,514.1,0.0,31.61,16309.28,0
2026-02-23,2026-02-23 11:00:00,507.1,515.62,507.1,507.13,0.01,27.63,14248.76,1
2026-02-23,2026-02-23 11:01:00,507.13,507.17,507.13,507.17,0.01,27.63,14248.76,1
2026-02-23,2026-02-23 11:02:00,507.17,507.2,507.17,507.2,0.01,27.63,14248.76,1
2026-02-23,2026-02-23 11:03:00,507.2,507.23,507.2,507.23,0.01,27.63,14248.76,1
2026-02-23,2026-02-23 11:04:00,507.23,507.26,507.23,507.26,0.01,27.63,14248.76,1
2026-02-23,2026-02-23 11:05:00,507.26,507.3,507.26,507.3,0.01,27.63,14248.76,1
2026-02-23,2026-02-23 11:06:00,507.3,507.33,507.3,507.33,0.01,27.63,14248.76,1
2026-02-23,2026-02-23 11:07:00,507.33,507.36,507.33,507.36,0.01,27.63,14248.76,1
2026-02-23,2026-02-23 11:08:00,507.36,507.39,507.36,507.39,0.01,27.63,14248.76,1
2026-02-23,2026-02-23 11:09:00,507.39,507.43,507.39,507.43,0.01,27.63,14248.76,1
2026-02-23,2026-02-23 11:10:00,507.43,507.46,507.43,507.46,0.01,27.63,14248.76,1
2026-02-23,2026-02-23 11:11:00,507.46,507.49,507.46,507.49,0.01,27.63,14248.76,1
2026-02-23,2026-02-23 11:12:00,507.49,507.52,507.49,507.52,0.01,27.63,14248.76,1
2026-02-23,2026-02-23 11:13:00,507.52,507.56,507.52,507.56,0.01,27.63,14248.76,1
2026-02-23,2026-02-23 11:14:00,507.56,507.59,507.56,507.59,0.01,27.63,14248.76,1
2026-02-23,2026-02-23 11:15:00,507.59,507.62,507.59,507.62,0.01,27.63,14248.76,1
2026-02-23,2026-02-23 11:16:00,507.62,507.65,507.62,507.65,0.01,27.63,14248.76,1
2026-02-23,2026-02-23 11:17:00,507.65,507.69,507.65,507.69,0.01,27.63,14248.76,1
2026-02-23,2026-02-23 11:18:00,507.69,507.72,507.69,507.72,0.01,27.63,14248.76,1
2026-02-23,2026-02-23 11:19:00,507.72,507.75,507.72,507.75,0.01,27.63,14248.76,1
2026-02-23,2026-02-23 11:20:00,507.75,507.78,507.75,507.78,0.01,27.63,14248.76,1
2026-02-23,2026-02-23 11:21:00,507.78,507.81,507.78,507.81,0.01,27.63,14248.76,1
2026-02-23,2026-02-23 11:22:00,507.81,507.85,507.81,507.85,0.01,27.63,14248.76,1
2026-02-23,2026-02-23 11:23:00,507.85,507.88,507.85,507.88,0.01,27.63,14248.76,1
2026-02-23,2026-02-23 11:24:00,507.88,507.91,507.88,507.91,0.01,27.63,14248.76,1
2026-02-23,2026-02-23 11:25:00,507.91,507.94,507.91,507.94,0.01,27.63,14248.76,1
2026-02-23,2026-02-23 11:26:00,507.94,507.98,507.94,507.98,0.01,27.63,14248.76,1
2026-02-23,2026-02-23 11:27:00,507.98,508.01,507.98,508.01,0.01,27.63,14248.76,1
2026-02-23,2026-02-23 11:28:00,508.01,508.04,508.01,508.04,0.01,27.63,14248.76,1
2026-02-23,2026-02-23 11:29:00,508.04,508.08,508.04,508.08,0.01,27.63,14248.76,1
2026-02-23,2026-02-23 11:30:00,508.08,508.11,508.08,508.11,0.01,27.63,14248.76,1
2026-02-23,2026-02-23 11:31:00,508.11,508.14,508.11,508.14,0.01,27.63,14248.76,1
2026-02-23,2026-02-23 11:32:00,508.14,508.17,508.14,508.17,0.01,27.63,14248.76,1
2026-02-23,2026-02-23 11:33:00,508.17,508.21,508.17,508.21,0.01,27.63,14248.76,1
2026-02-23,2026-02-23 11:34:00,508.21,508.24,508.21,508.24,0.01,27.63,14248.76,1
2026-02-23,2026-02-23 11:35:00,508.24,508.27,508.24,508.27,0.01,27.63,14248.76,1
2026-02-23,2026-02-23 11:36:00,508.27,508.3,508.27,508.3,0.01,27.63,14248.76,1
2026-02-23,2026-02-23 11:37:00,508.3,508.34,508.3,508.34,0.01,27.63,14248.76,1
2026-02-23,2026-02-23 11:38:00,508.34,508.37,508.34,508.37,0.01,27.63,14248.76,1
2026-02-23,2026-02-23 11:39:00,508.37,508.4,508.37,508.4,0.01,27.63,14248.76,1
2026-02-23,2026-02-23 11:40:00,508.4,508.43,508.4,508.43,0.01,27.63,14248.76,1
2026-02-23,2026-02-23 11:41:00,508.43,508.47,508.43,508.47,0.01,27.63,14248.76,1
2026-02-23,2026-02-23 11:42:00,508.47,508.5,508.47,508.5,0.01,27.63,14248.76,1
2026-02-23,2026-02-23 11:43:00,508.5,508.53,508.5,508.53,0.01,27.63,14248.76,1
2026-02-23,2026-02-23 11:44:00,508.53,508.56,508.53,508.56,0.01,27.63,14248.76,1
2026-02-23,2026-02-23 11:45:00,508.56,508.6,508.56,508.6,0.01,27.63,14248.76,1
2026-02-23,2026-02-23 11:46:00,508.6,508.63,508.6,508.63,0.01,27.63,14248.76,1
2026-02-23,2026-02-23 11:47:00,508.63,508.66,508.63,508.66,0.01,27.63,14248.76,1
2026-02-23,2026-02-23 11:48:00,508.66,508.69,508.66,508.69,0.01,27.63,14248.76,1
2026-02-23,2026-02-23 11:49:00,508.69,508.73,508.69,508.73,0.01,27.63,14248.76,1
2026-02-23,2026-02-23 11:50:00,508.73,508.76,508.73,508.76,0.01,27.63,14248.76,1
2026-02-23,2026-02-23 11:51:00,508.76,508.79,508.76,508.79,0.01,27.63,14248.76,1
2026-02-23,2026-02-23 11:52:00,508.79,508.82,508.79,508.82,0.01,27.63,14248.76,1
2026-02-23,2026-02-23 11:53:00,508.82,508.86,508.82,508.86,0.01,27.63,14248.76,1
2026-02-23,2026-02-23 11:54:00,508.86,508.89,508.86,508.89,0.01,27.63,14248.76,1
2026-02-23,2026-02-23 11:55:00,508.89,508.92,508.89,508.92,0.01,27.63,14248.76,1
2026-02-23,2026-02-23 11:56:00,508.92,508.95,508.92,508.95,0.01,27.63,14248.76,1
2026-02-23,2026-02-23 11:57:00,508.95,508.99,508.95,508.99,0.01,27.63,14248.76,1
2026-02-23,2026-02-23 11:58:00,508.99,509.02,508.99,509.02,0.01,27.63,14248.76,1
2026-02-23,2026-02-23 11:59:00,509.02,509.05,509.02,509.05,0.01,27.63,14248.76,1
2026-02-23,2026-02-23 12:00:00,509.05,509.08,509.05,509.08,0.01,27.63,14248.76,1
2026-02-23,2026-02-23 12:01:00,509.08,509.12,509.08,509.12,0.01,27.63,14248.76,1
2026-02-23,2026-02-23 12:02:00,509.12,509.15,509.12,509.15,0.01,27.63,14248.76,1
2026-02-23,2026-02-23 12:03:00,509.15,509.18,509.15,509.18,0.01,27.63,14248.76,1
2026-02-23,2026-02-23 12:04:00,509.18,509.21,509.18,509.21,0.01,27.63,14248.76,1
2026-02-23,2026-02-23 12:05:00,509.21,509.25,509.21,509.25,0.01,27.63,14248.76,1
2026-02-23,2026-02-23 12:06:00,509.25,509.28,509.25,509.28,0.01,27.63,14248.76,1
2026-02-23,2026-02-23 12:07:00,509.28,509.31,509.28,509.31,0.01,27.63,14248.76,1
2026-02-23,2026-02-23 12:08:00,509.31,509.34,509.31,509.34,0.01,27.63,14248.76,1
2026-02-23,2026-02-23 12:09:00,509.34,509.38,509.34,509.38,0.01,27.63,14248.76,1
2026-02-23,2026-02-23 12:10:00,509.38,509.41,509.38,509.41,0.01,27.63,14248.76,1
2026-02-23,2026-02-23 12:11:00,509.41,509.44,509.41,509.44,0.01,27.63,14248.76,1
2026-02-23,2026-02-23 12:12:00,509.44,509.47,509.44,509.47,0.01,27.63,14248.76,1
2026-02-23,2026-02-23 12:13:00,509.47,509.5,509.47,509.5,0.01,27.63,14248.76,1
2026-02-23,2026-02-23 12:14:00,509.5,509.54,509.5,509.54,0.01,27.63,14248.76,1
2026-02-23,2026-02-23 12:15:00,509.54,509.57,509.54,509.57,0.01,27.63,14248.76,1
2026-02-23,2026-02-23 12:16:00,509.57,509.6,509.57,509.6,0.01,27.63,14248.76,1
2026-02-23,2026-02-23 12:17:00,509.6,509.63,509.6,509.63,0.01,27.63,14248.76,1
2026-02-23,2026-02-23 12:18:00,509.63,509.67,509.63,509.67,0.01,27.63,14248.76,1
2026-02-23,2026-02-23 12:19:00,509.67,509.7,509.67,509.7,0.01,27.63,14248.76,1
2026-02-23,2026-02-23 12:20:00,509.7,509.73,509.7,509.73,0.01,27.63,14248.76,1
2026-02-23,2026-02-23 12:21:00,509.73,509.76,509.73,509.76,0.01,27.63,14248.76,1
2026-02-23,2026-02-23 12:22:00,509.76,509.8,509.76,509.8,0.01,27.63,14248.76,1
2026-02-23,2026-02-23 12:23:00,509.8,509.83,509.8,509.83,0.01,27.63,14248.76,1
2026-02-23,2026-02-23 12:24:00,509.83,509.86,509.83,509.86,0.01,27.63,14248.76,1
2026-02-23,2026-02-23 12:25:00,509.86,509.89,509.86,509.89,0.01,27.63,14248.76,1
2026-02-23,2026-02-23 12:26:00,509.89,509.93,509.89,509.93,0.01,27.63,14248.76,1
2026-02-23,2026-02-23 12:27:00,509.93,509.96,509.93,509.96,0.01,27.63,14248.76,1
2026-02-23,2026-02-23 12:28:00,509.96,509.99,509.96,509.99,0.01,27.63,14248.76,1
2026-02-23,2026-02-23 12:29:00,509.99,510.02,509.99,510.02,0.01,27.63,14248.76,1
2026-02-23,2026-02-23 12:30:00,510.02,510.06,510.02,510.06,0.01,27.63,14248.76,1
2026-02-23,2026-02-23 12:31:00,510.06,510.09,510.06,510.09,0.01,27.63,14248.76,1
2026-02-23,2026-02-23 12:32:00,510.09,510.12,510.09,510.12,0.01,27.63,14248.76,1
2026-02-23,2026-02-23 12:33:00,510.12,510.16,510.12,510.16,0.01,27.63,14248.76,1
2026-02-23,2026-02-23 12:34:00,510.16,510.19,510.16,510.19,0.01,27.63,14248.76,1
2026-02-23,2026-02-23 12:35:00,510.19,510.22,510.19,510.22,0.01,27.63,14248.76,1
2026-02-23,2026-02-23 12:36:00,510.22,510.25,510.22,510.25,0.01,27.63,14248.76,1
2026-02-23,2026-02-23 12:37:00,510.25,510.29,510.25,510.29,0.01,27.63,14248.76,1
2026-02-23,2026-02-23 12:38:00,510.29,510.32,510.29,510.32,0.01,27.63,14248.76,1
2026-02-23,2026-02-23 12:39:00,510.32,510.35,510.32,510.35,0.01,27.63,14248.76,1
2026-02-23,2026-02-23 12:40:00,510.35,510.38,510.35,510.38,0.01,27.63,14248.76,1
2026-02-23,2026-02-23 12:41:00,510.38,510.42,510.38,510.42,0.01,27.63,14248.76,1
2026-02-23,2026-02-23 12:42:00,510.42,510.45,510.42,510.45,0.01,27.63,14248.76,1
2026-02-23,2026-02-23 12:43:00,510.45,510.48,510.45,510.48,0.01,27.63,14248.76,1
2026-02-23,2026-02-23 12:44:00,510.48,510.51,510.48,510.51,0.01,27.63,14248.76,1
2026-02-23,2026-02-23 12:45:00,510.51,510.55,510.51,510.55,0.01,27.63,14248.76,1
2026-02-23,2026-02-23 12:46:00,510.55,510.58,510.55,510.58,0.01,27.63,14248.76,1
2026-02-23,2026-02-23 12:47:00,510.58,510.61,510.58,510.61,0.01,27.63,14248.76,1
2026-02-23,2026-02-23 12:48:00,510.61,510.64,510.61,510.64,0.01,27.63,14248.76,1
2026-02-23,2026-02-23 12:49:00,510.64,510.68,510.64,510.68,0.01,27.63,14248.76,1
2026-02-23,2026-02-23 12:50:00,510.68,510.71,510.68,510.71,0.01,27.63,14248.76,1
2026-02-23,2026-02-23 12:51:00,510.71,510.74,510.71,510.74,0.01,27.63,14248.76,1
2026-02-23,2026-02-23 12:52:00,510.74,510.77,510.74,510.77,0.01,27.63,14248.76,1
2026-02-23,2026-02-23 12:53:00,510.77,510.81,510.77,510.81,0.01,27.63,14248.76,1
2026-02-23,2026-02-23 12:54:00,510.81,510.84,510.81,510.84,0.01,27.63,14248.76,1
2026-02-23,2026-02-23 12:55:00,510.84,510.87,510.84,510.87,0.01,27.63,14248.76,1
2026-02-23,2026-02-23 12:56:00,510.87,510.9,510.87,510.9,0.01,27.63,14248.76,1
2026-02-23,2026-02-23 12:57:00,510.9,510.94,510.9,510.94,0.01,27.63,14248.76,1
2026-02-23,2026-02-23 12:58:00,510.94,510.97,510.94,510.97,0.01,27.63,14248.76,1
2026-02-23,2026-02-23 12:59:00,510.97,511.0,510.97,511.0,0.01,27.63,14248.76,1
2026-02-23,2026-02-23 13:00:00,511.0,535.5,507.1,511.03,0.01,27.63,14248.76,1
2026-02-23,2026-02-23 13:01:00,511.03,511.06,511.03,511.06,0.01,27.63,14248.76,1
2026-02-23,2026-02-23 13:02:00,511.06,511.1,511.06,511.1,0.01,27.63,14248.76,1
2026-02-23,2026-02-23 13:03:00,511.1,511.13,511.1,511.13,0.01,27.63,14248.76,1
2026-02-23,2026-02-23 13:04:00,511.13,511.16,511.13,511.16,0.01,27.63,14248.76,1
2026-02-23,2026-02-23 13:05:00,511.16,511.19,511.16,511.19,0.01,27.63,14248.76,1
2026-02-23,2026-02-23 13:06:00,511.19,511.23,511.19,511.23,0.01,27.63,14248.76,1
2026-02-23,2026-02-23 13:07:00,511.23,511.26,511.23,511.26,0.01,27.63,14248.76,1
2026-02-23,2026-02-23 13:08:00,511.26,511.29,511.26,511.29,0.01,27.63,14248.76,1
2026-02-23,2026-02-23 13:09:00,511.29,511.32,511.29,511.32,0.01,27.63,14248.76,1
2026-02-23,2026-02-23 13:10:00,511.32,511.36,511.32,511.36,0.01,27.63,14248.76,1
2026-02-23,2026-02-23 13:11:00,511.36,511.39,511.36,511.39,0.01,27.63,14248.76,1
2026-02-23,2026-02-23 13:12:00,511.39,511.42,511.39,511.42,0.01,27.63,14248.76,1
2026-02-23,2026-02-23 13:13:00,511.42,511.45,511.42,511.45,0.01,27.63,14248.76,1
2026-02-23,2026-02-23 13:14:00,511.45,511.49,511.45,511.49,0.01,27.63,14248.76,1
2026-02-23,2026-02-23 13:15:00,511.49,511.52,511.49,511.52,0.01,27.63,14248.76,1
2026-02-23,2026-02-23 13:16:00,511.52,511.55,511.52,511.55,0.01,27.63,14248.76,1
2026-02-23,2026-02-23 13:17:00,511.55,511.58,511.55,511.58,0.01,27.63,14248.76,1
2026-02-23,2026-02-23 13:18:00,511.58,511.62,511.58,511.62,0.01,27.63,14248.76,1
2026-02-23,2026-02-23 13:19:00,511.62,511.65,511.62,511.65,0.01,27.63,14248.76,1
2026-02-23,2026-02-23 13:20:00,511.65,511.68,511.65,511.68,0.01,27.63,14248.76,1
2026-02-23,2026-02-23 13:21:00,511.68,511.71,511.68,511.71,0.01,27.63,14248.76,1
2026-02-23,2026-02-23 13:22:00,511.71,511.75,511.71,511.75,0.01,27.63,14248.76,1
2026-02-23,2026-02-23 13:23:00,511.75,511.78,511.75,511.78,0.01,27.63,14248.76,1
2026-02-23,2026-02-23 13:24:00,511.78,511.81,511.78,511.81,0.01,27.63,14248.76,1
2026-02-23,2026-02-23 13:25:00,511.81,511.84,511.81,511.84,0.01,27.63,14248.76,1
2026-02-23,2026-02-23 13:26:00,511.84,511.88,511.84,511.88,0.01,27.63,14248.76,1
2026-02-23,2026-02-23 13:27:00,511.88,511.91,511.88,511.91,0.01,27.63,14248.76,1
2026-02-23,2026-02-23 13:28:00,511.91,511.94,511.91,511.94,0.01,27.63,14248.76,1
2026-02-23,2026-02-23 13:29:00,511.94,511.98,511.94,511.98,0.01,27.63,14248.76,1
2026-02-23,2026-02-23 13:30:00,511.98,512.01,511.98,512.01,0.01,27.63,14248.76,1
2026-02-23,2026-02-23 13:31:00,512.01,512.04,512.01,512.04,0.01,27.63,14248.76,1
2026-02-23,2026-02-23 13:32:00,512.04,512.07,512.04,512.07,0.01,27.63,14248.76,1
2026-02-23,2026-02-23 13:33:00,512.07,512.11,512.07,512.11,0.01,27.63,14248.76,1
2026-02-23,2026-02-23 13:34:00,512.11,512.14,512.11,512.14,0.01,27.63,14248.76,1
2026-02-23,2026-02-23 13:35:00,512.14,512.17,512.14,512.17,0.01,27.63,14248.76,1
2026-02-23,2026-02-23 13:36:00,512.17,512.2,512.17,512.2,0.01,27.63,14248.76,1
2026-02-23,2026-02-23 13:37:00,512.2,512.24,512.2,512.24,0.01,27.63,14248.76,1
2026-02-23,2026-02-23 13:38:00,512.24,512.27,512.24,512.27,0.01,27.63,14248.76,1
2026-02-23,2026-02-23 13:39:00,512.27,512.3,512.27,512.3,0.01,27.63,14248.76,1
2026-02-23,2026-02-23 13:40:00,512.3,512.33,512.3,512.33,0.01,27.63,14248.76,1
2026-02-23,2026-02-23 13:41:00,512.33,512.37,512.33,512.37,0.01,27.63,14248.76,1
2026-02-23,2026-02-23 13:42:00,512.37,512.4,512.37,512.4,0.01,27.63,14248.76,1
2026-02-23,2026-02-23 13:43:00,512.4,512.43,512.4,512.43,0.01,27.63,14248.76,1
2026-02-23,2026-02-23 13:44:00,512.43,512.46,512.43,512.46,0.01,27.63,14248.76,1
2026-02-23,2026-02-23 13:45:00,512.46,512.5,512.46,512.5,0.01,27.63,14248.76,1
2026-02-23,2026-02-23 13:46:00,512.5,512.53,512.5,512.53,0.01,27.63,14248.76,1
2026-02-23,2026-02-23 13:47:00,512.53,512.56,512.53,512.56,0.01,27.63,14248.76,1
2026-02-23,2026-02-23 13:48:00,512.56,512.59,512.56,512.59,0.01,27.63,14248.76,1
2026-02-23,2026-02-23 13:49:00,512.59,512.62,512.59,512.62,0.01,27.63,14248.76,1
2026-02-23,2026-02-23 13:50:00,512.62,512.66,512.62,512.66,0.01,27.63,14248.76,1
2026-02-23,2026-02-23 13:51:00,512.66,512.69,512.66,512.69,0.01,27.63,14248.76,1
2026-02-23,2026-02-23 13:52:00,512.69,512.72,512.69,512.72,0.01,27.63,14248.76,1
2026-02-23,2026-02-23 13:53:00,512.72,512.75,512.72,512.75,0.01,27.63,14248.76,1
2026-02-23,2026-02-23 13:54:00,512.75,512.79,512.75,512.79,0.01,27.63,14248.76,1
2026-02-23,2026-02-23 13:55:00,512.79,512.82,512.79,512.82,0.01,27.63,14248.76,1
2026-02-23,2026-02-23 13:56:00,512.82,512.85,512.82,512.85,0.01,27.63,14248.76,1
2026-02-23,2026-02-23 13:57:00,512.85,512.88,512.85,512.88,0.01,27.63,14248.76,1
2026-02-23,2026-02-23 13:58:00,512.88,512.92,512.88,512.92,0.01,27.63,14248.76,1
2026-02-23,2026-02-23 13:59:00,512.92,512.95,512.92,512.95,0.01,27.63,14248.76,1
2026-02-23,2026-02-23 14:00:00,512.95,512.98,512.95,512.98,0.01,27.63,14248.76,1
2026-02-23,2026-02-23 14:01:00,512.98,513.01,512.98,513.01,0.01,27.63,14248.76,1
2026-02-23,2026-02-23 14:02:00,513.01,513.05,513.01,513.05,0.01,27.63,14248.76,1
2026-02-23,2026-02-23 14:03:00,513.05,513.08,513.05,513.08,0.01,27.63,14248.76,1
2026-02-23,2026-02-23 14:04:00,513.08,513.11,513.08,513.11,0.01,27.63,14248.76,1
2026-02-23,2026-02-23 14:05:00,513.11,513.14,513.11,513.14,0.01,27.63,14248.76,1
2026-02-23,2026-02-23 14:06:00,513.14,513.18,513.14,513.18,0.01,27.63,14248.76,1
2026-02-23,2026-02-23 14:07:00,513.18,513.21,513.18,513.21,0.01,27.63,14248.76,1
2026-02-23,2026-02-23 14:08:00,513.21,513.24,513.21,513.24,0.01,27.63,14248.76,1
2026-02-23,2026-02-23 14:09:00,513.24,513.27,513.24,513.27,0.01,27.63,14248.76,1
2026-02-23,2026-02-23 14:10:00,513.27,513.31,513.27,513.31,0.01,27.63,14248.76,1
2026-02-23,2026-02-23 14:11:00,513.31,513.34,513.31,513.34,0.01,27.63,14248.76,1
2026-02-23,2026-02-23 14:12:00,513.34,513.37,513.34,513.37,0.01,27.63,14248.76,1
2026-02-23,2026-02-23 14:13:00,513.37,513.4,513.37,513.4,0.01,27.63,14248.76,1
2026-02-23,2026-02-23 14:14:00,513.4,513.44,513.4,513.44,0.01,27.63,14248.76,1
2026-02-23,2026-02-23 14:15:00,513.44,513.47,513.44,513.47,0.01,27.63,14248.76,1
2026-02-23,2026-02-23 14:16:00,513.47,513.5,513.47,513.5,0.01,27.63,14248.76,1
2026-02-23,2026-02-23 14:17:00,513.5,513.53,513.5,513.53,0.01,27.63,14248.76,1
2026-02-23,2026-02-23 14:18:00,513.53,513.57,513.53,513.57,0.01,27.63,14248.76,1
2026-02-23,2026-02-23 14:19:00,513.57,513.6,513.57,513.6,0.01,27.63,14248.76,1
2026-02-23,2026-02-23 14:20:00,513.6,513.63,513.6,513.63,0.01,27.63,14248.76,1
2026-02-23,2026-02-23 14:21:00,513.63,513.66,513.63,513.66,0.01,27.63,14248.76,1
2026-02-23,2026-02-23 14:22:00,513.66,513.7,513.66,513.7,0.01,27.63,14248.76,1
2026-02-23,2026-02-23 14:23:00,513.7,513.73,513.7,513.73,0.01,27.63,14248.76,1
2026-02-23,2026-02-23 14:24:00,513.73,513.76,513.73,513.76,0.01,27.63,14248.76,1
2026-02-23,2026-02-23 14:25:00,513.76,513.79,513.76,513.79,0.01,27.63,14248.76,1
2026-02-23,2026-02-23 14:26:00,513.79,513.83,513.79,513.83,0.01,27.63,14248.76,1
2026-02-23,2026-02-23 14:27:00,513.83,513.86,513.83,513.86,0.01,27.63,14248.76,1
2026-02-23,2026-02-23 14:28:00,513.86,513.89,513.86,513.89,0.01,27.63,14248.76,1
2026-02-23,2026-02-23 14:29:00,513.89,513.92,513.89,513.92,0.01,27.63,14248.76,1
2026-02-23,2026-02-23 14:30:00,513.92,513.96,513.92,513.96,0.01,27.63,14248.76,1
2026-02-23,2026-02-23 14:31:00,513.96,513.99,513.96,513.99,0.01,27.63,14248.76,1
2026-02-23,2026-02-23 14:32:00,513.99,514.02,513.99,514.02,0.01,27.63,14248.76,1
2026-02-23,2026-02-23 14:33:00,514.02,514.05,514.02,514.05,0.01,27.63,14248.76,1
2026-02-23,2026-02-23 14:34:00,514.05,514.09,514.05,514.09,0.01,27.63,14248.76,1
2026-02-23,2026-02-23 14:35:00,514.09,514.12,514.09,514.12,0.01,27.63,14248.76,1
2026-02-23,2026-02-23 14:36:00,514.12,514.15,514.12,514.15,0.01,27.63,14248.76,1
2026-02-23,2026-02-23 14:37:00,514.15,514.18,514.15,514.18,0.01,27.63,14248.76,1
2026-02-23,2026-02-23 14:38:00,514.18,514.22,514.18,514.22,0.01,27.63,14248.76,1
2026-02-23,2026-02-23 14:39:00,514.22,514.25,514.22,514.25,0.01,27.63,14248.76,1
2026-02-23,2026-02-23 14:40:00,514.25,514.28,514.25,514.28,0.01,27.63,14248.76,1
2026-02-23,2026-02-23 14:41:00,514.28,514.31,514.28,514.31,0.01,27.63,14248.76,1
2026-02-23,2026-02-23 14:42:00,514.31,514.35,514.31,514.35,0.01,27.63,14248.76,1
2026-02-23,2026-02-23 14:43:00,514.35,514.38,514.35,514.38,0.01,27.63,14248.76,1
2026-02-23,2026-02-23 14:44:00,514.38,514.41,514.38,514.41,0.01,27.63,14248.76,1
2026-02-23,2026-02-23 14:45:00,514.41,514.44,514.41,514.44,0.01,27.63,14248.76,1
2026-02-23,2026-02-23 14:46:00,514.44,514.48,514.44,514.48,0.01,27.63,14248.76,1
2026-02-23,2026-02-23 14:47:00,514.48,514.51,514.48,514.51,0.01,27.63,14248.76,1
2026-02-23,2026-02-23 14:48:00,514.51,514.54,514.51,514.54,0.01,27.63,14248.76,1
2026-02-23,2026-02-23 14:49:00,514.54,514.57,514.54,514.57,0.01,27.63,14248.76,1
2026-02-23,2026-02-23 14:50:00,514.57,514.61,514.57,514.61,0.01,27.63,14248.76,1
2026-02-23,2026-02-23 14:51:00,514.61,514.64,514.61,514.64,0.01,27.63,14248.76,1
2026-02-23,2026-02-23 14:52:00,514.64,514.67,514.64,514.67,0.01,27.63,14248.76,1
2026-02-23,2026-02-23 14:53:00,514.67,514.7,514.67,514.7,0.01,27.63,14248.76,1
2026-02-23,2026-02-23 14:54:00,514.7,514.74,514.7,514.74,0.01,27.63,14248.76,1
2026-02-23,2026-02-23 14:55:00,514.74,514.77,514.74,514.77,0.01,27.63,14248.76,1
2026-02-23,2026-02-23 14:56:00,514.77,514.8,514.77,514.8,0.01,27.63,14248.76,1
2026-02-23,2026-02-23 14:57:00,514.8,514.83,514.8,514.83,0.01,27.63,14248.76,1
2026-02-23,2026-02-23 14:58:00,514.83,514.87,514.83,514.87,0.01,27.63,14248.76,1
2026-02-23,2026-02-23 14:59:00,514.87,514.9,514.87,514.9,0.01,27.63,14248.76,1
2026-02-23,2026-02-23 15:00:00,514.9,535.5,507.1,514.9,0.0,27.63,14248.76,0
2026-02-24,2026-02-24 11:00:00,525.1,527.77,520.27,525.03,-0.01,24.1,12325.31,-1
2026-02-24,2026-02-24 11:01:00,525.03,525.03,524.97,524.97,-0.01,24.1,12325.31,-1
2026-02-24,2026-02-24 11:02:00,524.97,524.97,524.9,524.9,-0.01,24.1,12325.31,-1
2026-02-24,2026-02-24 11:03:00,524.9,524.9,524.83,524.83,-0.01,24.1,12325.31,-1
2026-02-24,2026-02-24 11:04:00,524.83,524.83,524.76,524.76,-0.01,24.1,12325.31,-1
2026-02-24,2026-02-24 11:05:00,524.76,524.76,524.7,524.7,-0.01,24.1,12325.31,-1
2026-02-24,2026-02-24 11:06:00,524.7,524.7,524.63,524.63,-0.01,24.1,12325.31,-1
2026-02-24,2026-02-24 11:07:00,524.63,524.63,524.56,524.56,-0.01,24.1,12325.31,-1
2026-02-24,2026-02-24 11:08:00,524.56,524.56,524.5,524.5,-0.01,24.1,12325.31,-1
2026-02-24,2026-02-24 11:09:00,524.5,524.5,524.43,524.43,-0.01,24.1,12325.31,-1
2026-02-24,2026-02-24 11:10:00,524.43,524.43,524.36,524.36,-0.01,24.1,12325.31,-1
2026-02-24,2026-02-24 11:11:00,524.36,524.36,524.3,524.3,-0.01,24.1,12325.31,-1
2026-02-24,2026-02-24 11:12:00,524.3,524.3,524.23,524.23,-0.01,24.1,12325.31,-1
2026-02-24,2026-02-24 11:13:00,524.23,524.23,524.16,524.16,-0.01,24.1,12325.31,-1
2026-02-24,2026-02-24 11:14:00,524.16,524.16,524.09,524.09,-0.01,24.1,12325.31,-1
2026-02-24,2026-02-24 11:15:00,524.09,524.09,524.03,524.03,-0.01,24.1,12325.31,-1
2026-02-24,2026-02-24 11:16:00,524.03,524.03,523.96,523.96,-0.01,24.1,12325.31,-1
2026-02-24,2026-02-24 11:17:00,523.96,523.96,523.89,523.89,-0.01,24.1,12325.31,-1
2026-02-24,2026-02-24 11:18:00,523.89,523.89,523.83,523.83,-0.01,24.1,12325.31,-1
2026-02-24,2026-02-24 11:19:00,523.83,523.83,523.76,523.76,-0.01,24.1,12325.31,-1
2026-02-24,2026-02-24 11:20:00,523.76,523.76,523.69,523.69,-0.01,24.1,12325.31,-1
2026-02-24,2026-02-24 11:21:00,523.69,523.69,523.62,523.62,-0.01,24.1,12325.31,-1
2026-02-24,2026-02-24 11:22:00,523.62,523.62,523.56,523.56,-0.01,24.1,12325.31,-1
2026-02-24,2026-02-24 11:23:00,523.56,523.56,523.49,523.49,-0.01,24.1,12325.31,-1
2026-02-24,2026-02-24 11:24:00,523.49,523.49,523.42,523.42,-0.01,24.1,12325.31,-1
2026-02-24,2026-02-24 11:25:00,523.42,523.42,523.36,523.36,-0.01,24.1,12325.31,-1
2026-02-24,2026-02-24 11:26:00,523.36,523.36,523.29,523.29,-0.01,24.1,12325.31,-1
2026-02-24,2026-02-24 11:27:00,523.29,523.29,523.22,523.22,-0.01,24.1,12325.31,-1
2026-02-24,2026-02-24 11:28:00,523.22,523.22,523.15,523.15,-0.01,24.1,12325.31,-1
2026-02-24,2026-02-24 11:29:00,523.15,523.15,523.09,523.09,-0.01,24.1,12325.31,-1
2026-02-24,2026-02-24 11:30:00,523.09,523.09,523.02,523.02,-0.01,24.1,12325.31,-1
2026-02-24,2026-02-24 11:31:00,523.02,523.02,522.95,522.95,-0.01,24.1,12325.31,-1
2026-02-24,2026-02-24 11:32:00,522.95,522.95,522.89,522.89,-0.01,24.1,12325.31,-1
2026-02-24,2026-02-24 11:33:00,522.89,522.89,522.82,522.82,-0.01,24.1,12325.31,-1
2026-02-24,2026-02-24 11:34:00,522.82,522.82,522.75,522.75,-0.01,24.1,12325.31,-1
2026-02-24,2026-02-24 11:35:00,522.75,522.75,522.69,522.69,-0.01,24.1,12325.31,-1
2026-02-24,2026-02-24 11:36:00,522.69,522.69,522.62,522.62,-0.01,24.1,12325.31,-1
2026-02-24,2026-02-24 11:37:00,522.62,522.62,522.55,522.55,-0.01,24.1,12325.31,-1
2026-02-24,2026-02-24 11:38:00,522.55,522.55,522.48,522.48,-0.01,24.1,12325.31,-1
2026-02-24,2026-02-24 11:39:00,522.48,522.48,522.42,522.42,-0.01,24.1,12325.31,-1
2026-02-24,2026-02-24 11:40:00,522.42,522.42,522.35,522.35,-0.01,24.1,12325.31,-1
2026-02-24,2026-02-24 11:41:00,522.35,522.35,522.28,522.28,-0.01,24.1,12325.31,-1
2026-02-24,2026-02-24 11:42:00,522.28,522.28,522.22,522.22,-0.01,24.1,12325.31,-1
2026-02-24,2026-02-24 11:43:00,522.22,522.22,522.15,522.15,-0.01,24.1,12325.31,-1
2026-02-24,2026-02-24 11:44:00,522.15,522.15,522.08,522.08,-0.01,24.1,12325.31,-1
2026-02-24,2026-02-24 11:45:00,522.08,522.08,522.01,522.01,-0.01,24.1,12325.31,-1
2026-02-24,2026-02-24 11:46:00,522.01,522.01,521.95,521.95,-0.01,24.1,12325.31,-1
2026-02-24,2026-02-24 11:47:00,521.95,521.95,521.88,521.88,-0.01,24.1,12325.31,-1
2026-02-24,2026-02-24 11:48:00,521.88,521.88,521.81,521.81,-0.01,24.1,12325.31,-1
2026-02-24,2026-02-24 11:49:00,521.81,521.81,521.75,521.75,-0.01,24.1,12325.31,-1
2026-02-24,2026-02-24 11:50:00,521.75,521.75,521.68,521.68,-0.01,24.1,12325.31,-1
2026-02-24,2026-02-24 11:51:00,521.68,521.68,521.61,521.61,-0.01,24.1,12325.31,-1
2026-02-24,2026-02-24 11:52:00,521.61,521.61,521.54,521.54,-0.01,24.1,12325.31,-1
2026-02-24,2026-02-24 11:53:00,521.54,521.54,521.48,521.48,-0.01,24.1,12325.31,-1
2026-02-24,2026-02-24 11:54:00,521.48,521.48,521.41,521.41,-0.01,24.1,12325.31,-1
2026-02-24,2026-02-24 11:55:00,521.41,521.41,521.34,521.34,-0.01,24.1,12325.31,-1
2026-02-24,2026-02-24 11:56:00,521.34,521.34,521.28,521.28,-0.01,24.1,12325.31,-1
2026-02-24,2026-02-24 11:57:00,521.28,521.28,521.21,521.21,-0.01,24.1,12325.31,-1
2026-02-24,2026-02-24 11:58:00,521.21,521.21,521.14,521.14,-0.01,24.1,12325.31,-1
2026-02-24,2026-02-24 11:59:00,521.14,521.14,521.08,521.08,-0.01,24.1,12325.31,-1
2026-02-24,2026-02-24 12:00:00,521.08,521.08,521.01,521.01,-0.01,24.1,12325.31,-1
2026-02-24,2026-02-24 12:01:00,521.01,521.01,520.94,520.94,-0.01,24.1,12325.31,-1
2026-02-24,2026-02-24 12:02:00,520.94,520.94,520.87,520.87,-0.01,24.1,12325.31,-1
2026-02-24,2026-02-24 12:03:00,520.87,520.87,520.81,520.81,-0.01,24.1,12325.31,-1
2026-02-24,2026-02-24 12:04:00,520.81,520.81,520.74,520.74,-0.01,24.1,12325.31,-1
2026-02-24,2026-02-24 12:05:00,520.74,520.74,520.67,520.67,-0.01,24.1,12325.31,-1
2026-02-24,2026-02-24 12:06:00,520.67,520.67,520.61,520.61,-0.01,24.1,12325.31,-1
2026-02-24,2026-02-24 12:07:00,520.61,520.61,520.54,520.54,-0.01,24.1,12325.31,-1
2026-02-24,2026-02-24 12:08:00,520.54,520.54,520.47,520.47,-0.01,24.1,12325.31,-1
2026-02-24,2026-02-24 12:09:00,520.47,520.47,520.4,520.4,-0.01,24.1,12325.31,-1
2026-02-24,2026-02-24 12:10:00,520.4,520.4,520.34,520.34,-0.01,24.1,12325.31,-1
2026-02-24,2026-02-24 12:11:00,520.34,520.34,520.27,520.27,-0.01,24.1,12325.31,-1
2026-02-24,2026-02-24 12:12:00,520.27,520.27,520.2,520.2,-0.01,24.1,12325.31,-1
2026-02-24,2026-02-24 12:13:00,520.2,520.2,520.14,520.14,-0.01,24.1,12325.31,-1
2026-02-24,2026-02-24 12:14:00,520.14,520.14,520.07,520.07,-0.01,24.1,12325.31,-1
2026-02-24,2026-02-24 12:15:00,520.07,520.07,520.0,520.0,-0.01,24.1,12325.31,-1
2026-02-24,2026-02-24 12:16:00,520.0,520.0,519.93,519.93,-0.01,24.1,12325.31,-1
2026-02-24,2026-02-24 12:17:00,519.93,519.93,519.87,519.87,-0.01,24.1,12325.31,-1
2026-02-24,2026-02-24 12:18:00,519.87,519.87,519.8,519.8,-0.01,24.1,12325.31,-1
2026-02-24,2026-02-24 12:19:00,519.8,519.8,519.73,519.73,-0.01,24.1,12325.31,-1
2026-02-24,2026-02-24 12:20:00,519.73,519.73,519.67,519.67,-0.01,24.1,12325.31,-1
2026-02-24,2026-02-24 12:21:00,519.67,519.67,519.6,519.6,-0.01,24.1,12325.31,-1
2026-02-24,2026-02-24 12:22:00,519.6,519.6,519.53,519.53,-0.01,24.1,12325.31,-1
2026-02-24,2026-02-24 12:23:00,519.53,519.53,519.47,519.47,-0.01,24.1,12325.31,-1
2026-02-24,2026-02-24 12:24:00,519.47,519.47,519.4,519.4,-0.01,24.1,12325.31,-1
2026-02-24,2026-02-24 12:25:00,519.4,519.4,519.33,519.33,-0.01,24.1,12325.31,-1
2026-02-24,2026-02-24 12:26:00,519.33,519.33,519.26,519.26,-0.01,24.1,12325.31,-1
2026-02-24,2026-02-24 12:27:00,519.26,519.26,519.2,519.2,-0.01,24.1,12325.31,-1
2026-02-24,2026-02-24 12:28:00,519.2,519.2,519.13,519.13,-0.01,24.1,12325.31,-1
2026-02-24,2026-02-24 12:29:00,519.13,519.13,519.06,519.06,-0.01,24.1,12325.31,-1
2026-02-24,2026-02-24 12:30:00,519.06,519.06,519.0,519.0,-0.01,24.1,12325.31,-1
2026-02-24,2026-02-24 12:31:00,519.0,519.0,518.93,518.93,-0.01,24.1,12325.31,-1
2026-02-24,2026-02-24 12:32:00,518.93,518.93,518.86,518.86,-0.01,24.1,12325.31,-1
2026-02-24,2026-02-24 12:33:00,518.86,518.86,518.79,518.79,-0.01,24.1,12325.31,-1
2026-02-24,2026-02-24 12:34:00,518.79,518.79,518.73,518.73,-0.01,24.1,12325.31,-1
2026-02-24,2026-02-24 12:35:00,518.73,518.73,518.66,518.66,-0.01,24.1,12325.31,-1
2026-02-24,2026-02-24 12:36:00,518.66,518.66,518.59,518.59,-0.01,24.1,12325.31,-1
2026-02-24,2026-02-24 12:37:00,518.59,518.59,518.53,518.53,-0.01,24.1,12325.31,-1
2026-02-24,2026-02-24 12:38:00,518.53,518.53,518.46,518.46,-0.01,24.1,12325.31,-1
2026-02-24,2026-02-24 12:39:00,518.46,518.46,518.39,518.39,-0.01,24.1,12325.31,-1
2026-02-24,2026-02-24 12:40:00,518.39,518.39,518.32,518.32,-0.01,24.1,12325.31,-1
2026-02-24,2026-02-24 12:41:00,518.32,518.32,518.26,518.26,-0.01,24.1,12325.31,-1
2026-02-24,2026-02-24 12:42:00,518.26,518.26,518.19,518.19,-0.01,24.1,12325.31,-1
2026-02-24,2026-02-24 12:43:00,518.19,518.19,518.12,518.12,-0.01,24.1,12325.31,-1
2026-02-24,2026-02-24 12:44:00,518.12,518.12,518.06,518.06,-0.01,24.1,12325.31,-1
2026-02-24,2026-02-24 12:45:00,518.06,518.06,517.99,517.99,-0.01,24.1,12325.31,-1
2026-02-24,2026-02-24 12:46:00,517.99,517.99,517.92,517.92,-0.01,24.1,12325.31,-1
2026-02-24,2026-02-24 12:47:00,517.92,517.92,517.86,517.86,-0.01,24.1,12325.31,-1
2026-02-24,2026-02-24 12:48:00,517.86,517.86,517.79,517.79,-0.01,24.1,12325.31,-1
2026-02-24,2026-02-24 12:49:00,517.79,517.79,517.72,517.72,-0.01,24.1,12325.31,-1
2026-02-24,2026-02-24 12:50:00,517.72,517.72,517.65,517.65,-0.01,24.1,12325.31,-1
2026-02-24,2026-02-24 12:51:00,517.65,517.65,517.59,517.59,-0.01,24.1,12325.31,-1
2026-02-24,2026-02-24 12:52:00,517.59,517.59,517.52,517.52,-0.01,24.1,12325.31,-1
2026-02-24,2026-02-24 12:53:00,517.52,517.52,517.45,517.45,-0.01,24.1,12325.31,-1
2026-02-24,2026-02-24 12:54:00,517.45,517.45,517.39,517.39,-0.01,24.1,12325.31,-1
2026-02-24,2026-02-24 12:55:00,517.39,517.39,517.32,517.32,-0.01,24.1,12325.31,-1
2026-02-24,2026-02-24 12:56:00,517.32,517.32,517.25,517.25,-0.01,24.1,12325.31,-1
2026-02-24,2026-02-24 12:57:00,517.25,517.25,517.18,517.18,-0.01,24.1,12325.31,-1
2026-02-24,2026-02-24 12:58:00,517.18,517.18,517.12,517.12,-0.01,24.1,12325.31,-1
2026-02-24,2026-02-24 12:59:00,517.12,517.12,517.05,517.05,-0.01,24.1,12325.31,-1
2026-02-24,2026-02-24 13:00:00,517.05,534.0,509.0,516.98,-0.01,24.1,12325.31,-1
2026-02-24,2026-02-24 13:01:00,516.98,516.98,516.92,516.92,-0.01,24.1,12325.31,-1
2026-02-24,2026-02-24 13:02:00,516.92,516.92,516.85,516.85,-0.01,24.1,12325.31,-1
2026-02-24,2026-02-24 13:03:00,516.85,516.85,516.78,516.78,-0.01,24.1,12325.31,-1
2026-02-24,2026-02-24 13:04:00,516.78,516.78,516.71,516.71,-0.01,24.1,12325.31,-1
2026-02-24,2026-02-24 13:05:00,516.71,516.71,516.65,516.65,-0.01,24.1,12325.31,-1
2026-02-24,2026-02-24 13:06:00,516.65,516.65,516.58,516.58,-0.01,24.1,12325.31,-1
2026-02-24,2026-02-24 13:07:00,516.58,516.58,516.51,516.51,-0.01,24.1,12325.31,-1
2026-02-24,2026-02-24 13:08:00,516.51,516.51,516.45,516.45,-0.01,24.1,12325.31,-1
2026-02-24,2026-02-24 13:09:00,516.45,516.45,516.38,516.38,-0.01,24.1,12325.31,-1
2026-02-24,2026-02-24 13:10:00,516.38,516.38,516.31,516.31,-0.01,24.1,12325.31,-1
2026-02-24,2026-02-24 13:11:00,516.31,516.31,516.25,516.25,-0.01,24.1,12325.31,-1
2026-02-24,2026-02-24 13:12:00,516.25,516.25,516.18,516.18,-0.01,24.1,12325.31,-1
2026-02-24,2026-02-24 13:13:00,516.18,516.18,516.11,516.11,-0.01,24.1,12325.31,-1
2026-02-24,2026-02-24 13:14:00,516.11,516.11,516.04,516.04,-0.01,24.1,12325.31,-1
2026-02-24,2026-02-24 13:15:00,516.04,516.04,515.98,515.98,-0.01,24.1,12325.31,-1
2026-02-24,2026-02-24 13:16:00,515.98,515.98,515.91,515.91,-0.01,24.1,12325.31,-1
2026-02-24,2026-02-24 13:17:00,515.91,515.91,515.84,515.84,-0.01,24.1,12325.31,-1
2026-02-24,2026-02-24 13:18:00,515.84,515.84,515.78,515.78,-0.01,24.1,12325.31,-1
2026-02-24,2026-02-24 13:19:00,515.78,515.78,515.71,515.71,-0.01,24.1,12325.31,-1
2026-02-24,2026-02-24 13:20:00,515.71,515.71,515.64,515.64,-0.01,24.1,12325.31,-1
2026-02-24,2026-02-24 13:21:00,515.64,515.64,515.57,515.57,-0.01,24.1,12325.31,-1
2026-02-24,2026-02-24 13:22:00,515.57,515.57,515.51,515.51,-0.01,24.1,12325.31,-1
2026-02-24,2026-02-24 13:23:00,515.51,515.51,515.44,515.44,-0.01,24.1,12325.31,-1
2026-02-24,2026-02-24 13:24:00,515.44,515.44,515.37,515.37,-0.01,24.1,12325.31,-1
2026-02-24,2026-02-24 13:25:00,515.37,515.37,515.31,515.31,-0.01,24.1,12325.31,-1
2026-02-24,2026-02-24 13:26:00,515.31,515.31,515.24,515.24,-0.01,24.1,12325.31,-1
2026-02-24,2026-02-24 13:27:00,515.24,515.24,515.17,515.17,-0.01,24.1,12325.31,-1
2026-02-24,2026-02-24 13:28:00,515.17,515.17,515.1,515.1,-0.01,24.1,12325.31,-1
2026-02-24,2026-02-24 13:29:00,515.1,515.1,515.04,515.04,-0.01,24.1,12325.31,-1
2026-02-24,2026-02-24 13:30:00,515.04,515.04,514.97,514.97,-0.01,24.1,12325.31,-1
2026-02-24,2026-02-24 13:31:00,514.97,514.97,514.9,514.9,-0.01,24.1,12325.31,-1
2026-02-24,2026-02-24 13:32:00,514.9,514.9,514.84,514.84,-0.01,24.1,12325.31,-1
2026-02-24,2026-02-24 13:33:00,514.84,514.84,514.77,514.77,-0.01,24.1,12325.31,-1
2026-02-24,2026-02-24 13:34:00,514.77,514.77,514.7,514.7,-0.01,24.1,12325.31,-1
2026-02-24,2026-02-24 13:35:00,514.7,514.7,514.63,514.63,-0.01,24.1,12325.31,-1
2026-02-24,2026-02-24 13:36:00,514.63,514.63,514.57,514.57,-0.01,24.1,12325.31,-1
2026-02-24,2026-02-24 13:37:00,514.57,514.57,514.5,514.5,-0.01,24.1,12325.31,-1
2026-02-24,2026-02-24 13:38:00,514.5,514.5,514.43,514.43,-0.01,24.1,12325.31,-1
2026-02-24,2026-02-24 13:39:00,514.43,514.43,514.37,514.37,-0.01,24.1,12325.31,-1
2026-02-24,2026-02-24 13:40:00,514.37,514.37,514.3,514.3,-0.01,24.1,12325.31,-1
2026-02-24,2026-02-24 13:41:00,514.3,514.3,514.23,514.23,-0.01,24.1,12325.31,-1
2026-02-24,2026-02-24 13:42:00,514.23,514.23,514.17,514.17,-0.01,24.1,12325.31,-1
2026-02-24,2026-02-24 13:43:00,514.17,514.17,514.1,514.1,-0.01,24.1,12325.31,-1
2026-02-24,2026-02-24 13:44:00,514.1,514.1,514.03,514.03,-0.01,24.1,12325.31,-1
2026-02-24,2026-02-24 13:45:00,514.03,514.03,513.96,513.96,-0.01,24.1,12325.31,-1
2026-02-24,2026-02-24 13:46:00,513.96,513.96,513.9,513.9,-0.01,24.1,12325.31,-1
2026-02-24,2026-02-24 13:47:00,513.9,513.9,513.83,513.83,-0.01,24.1,12325.31,-1
2026-02-24,2026-02-24 13:48:00,513.83,513.83,513.76,513.76,-0.01,24.1,12325.31,-1
2026-02-24,2026-02-24 13:49:00,513.76,513.76,513.7,513.7,-0.01,24.1,12325.31,-1
2026-02-24,2026-02-24 13:50:00,513.7,513.7,513.63,513.63,-0.01,24.1,12325.31,-1
2026-02-24,2026-02-24 13:51:00,513.63,513.63,513.56,513.56,-0.01,24.1,12325.31,-1
2026-02-24,2026-02-24 13:52:00,513.56,513.56,513.49,513.49,-0.01,24.1,12325.31,-1
2026-02-24,2026-02-24 13:53:00,513.49,513.49,513.43,513.43,-0.01,24.1,12325.31,-1
2026-02-24,2026-02-24 13:54:00,513.43,513.43,513.36,513.36,-0.01,24.1,12325.31,-1
2026-02-24,2026-02-24 13:55:00,513.36,513.36,513.29,513.29,-0.01,24.1,12325.31,-1
2026-02-24,2026-02-24 13:56:00,513.29,513.29,513.23,513.23,-0.01,24.1,12325.31,-1
2026-02-24,2026-02-24 13:57:00,513.23,513.23,513.16,513.16,-0.01,24.1,12325.31,-1
2026-02-24,2026-02-24 13:58:00,513.16,513.16,513.09,513.09,-0.01,24.1,12325.31,-1
2026-02-24,2026-02-24 13:59:00,513.09,513.09,513.02,513.02,-0.01,24.1,12325.31,-1
2026-02-24,2026-02-24 14:00:00,513.02,513.02,512.96,512.96,-0.01,24.1,12325.31,-1
2026-02-24,2026-02-24 14:01:00,512.96,512.96,512.89,512.89,-0.01,24.1,12325.31,-1
2026-02-24,2026-02-24 14:02:00,512.89,512.89,512.82,512.82,-0.01,24.1,12325.31,-1
2026-02-24,2026-02-24 14:03:00,512.82,512.82,512.76,512.76,-0.01,24.1,12325.31,-1
2026-02-24,2026-02-24 14:04:00,512.76,512.76,512.69,512.69,-0.01,24.1,12325.31,-1
2026-02-24,2026-02-24 14:05:00,512.69,512.69,512.62,512.62,-0.01,24.1,12325.31,-1
2026-02-24,2026-02-24 14:06:00,512.62,512.62,512.56,512.56,-0.01,24.1,12325.31,-1
2026-02-24,2026-02-24 14:07:00,512.56,512.56,512.49,512.49,-0.01,24.1,12325.31,-1
2026-02-24,2026-02-24 14:08:00,512.49,512.49,512.42,512.42,-0.01,24.1,12325.31,-1
2026-02-24,2026-02-24 14:09:00,512.42,512.42,512.35,512.35,-0.01,24.1,12325.31,-1
2026-02-24,2026-02-24 14:10:00,512.35,512.35,512.29,512.29,-0.01,24.1,12325.31,-1
2026-02-24,2026-02-24 14:11:00,512.29,512.29,512.22,512.22,-0.01,24.1,12325.31,-1
2026-02-24,2026-02-24 14:12:00,512.22,512.22,512.15,512.15,-0.01,24.1,12325.31,-1
2026-02-24,2026-02-24 14:13:00,512.15,512.15,512.09,512.09,-0.01,24.1,12325.31,-1
2026-02-24,2026-02-24 14:14:00,512.09,512.09,512.02,512.02,-0.01,24.1,12325.31,-1
2026-02-24,2026-02-24 14:15:00,512.02,512.02,511.95,511.95,-0.01,24.1,12325.31,-1
2026-02-24,2026-02-24 14:16:00,511.95,511.95,511.88,511.88,-0.01,24.1,12325.31,-1
2026-02-24,2026-02-24 14:17:00,511.88,511.88,511.82,511.82,-0.01,24.1,12325.31,-1
2026-02-24,2026-02-24 14:18:00,511.82,511.82,511.75,511.75,-0.01,24.1,12325.31,-1
2026-02-24,2026-02-24 14:19:00,511.75,511.75,511.68,511.68,-0.01,24.1,12325.31,-1
2026-02-24,2026-02-24 14:20:00,511.68,511.68,511.62,511.62,-0.01,24.1,12325.31,-1
2026-02-24,2026-02-24 14:21:00,511.62,511.62,511.55,511.55,-0.01,24.1,12325.31,-1
2026-02-24,2026-02-24 14:22:00,511.55,511.55,511.48,511.48,-0.01,24.1,12325.31,-1
2026-02-24,2026-02-24 14:23:00,511.48,511.48,511.42,511.42,-0.01,24.1,12325.31,-1
2026-02-24,2026-02-24 14:24:00,511.42,511.42,511.35,511.35,-0.01,24.1,12325.31,-1
2026-02-24,2026-02-24 14:25:00,511.35,511.35,511.28,511.28,-0.01,24.1,12325.31,-1
2026-02-24,2026-02-24 14:26:00,511.28,511.28,511.21,511.21,-0.01,24.1,12325.31,-1
2026-02-24,2026-02-24 14:27:00,511.21,511.21,511.15,511.15,-0.01,24.1,12325.31,-1
2026-02-24,2026-02-24 14:28:00,511.15,511.15,511.08,511.08,-0.01,24.1,12325.31,-1
2026-02-24,2026-02-24 14:29:00,511.08,511.08,511.01,511.01,-0.01,24.1,12325.31,-1
2026-02-24,2026-02-24 14:30:00,511.01,511.01,510.95,510.95,-0.01,24.1,12325.31,-1
2026-02-24,2026-02-24 14:31:00,510.95,510.95,510.88,510.88,-0.01,24.1,12325.31,-1
2026-02-24,2026-02-24 14:32:00,510.88,510.88,510.81,510.81,-0.01,24.1,12325.31,-1
2026-02-24,2026-02-24 14:33:00,510.81,510.81,510.74,510.74,-0.01,24.1,12325.31,-1
2026-02-24,2026-02-24 14:34:00,510.74,510.74,510.68,510.68,-0.01,24.1,12325.31,-1
2026-02-24,2026-02-24 14:35:00,510.68,510.68,510.61,510.61,-0.01,24.1,12325.31,-1
2026-02-24,2026-02-24 14:36:00,510.61,510.61,510.54,510.54,-0.01,24.1,12325.31,-1
2026-02-24,2026-02-24 14:37:00,510.54,510.54,510.48,510.48,-0.01,24.1,12325.31,-1
2026-02-24,2026-02-24 14:38:00,510.48,510.48,510.41,510.41,-0.01,24.1,12325.31,-1
2026-02-24,2026-02-24 14:39:00,510.41,510.41,510.34,510.34,-0.01,24.1,12325.31,-1
2026-02-24,2026-02-24 14:40:00,510.34,510.34,510.27,510.27,-0.01,24.1,12325.31,-1
2026-02-24,2026-02-24 14:41:00,510.27,510.27,510.21,510.21,-0.01,24.1,12325.31,-1
2026-02-24,2026-02-24 14:42:00,510.21,510.21,510.14,510.14,-0.01,24.1,12325.31,-1
2026-02-24,2026-02-24 14:43:00,510.14,510.14,510.07,510.07,-0.01,24.1,12325.31,-1
2026-02-24,2026-02-24 14:44:00,510.07,510.07,510.01,510.01,-0.01,24.1,12325.31,-1
2026-02-24,2026-02-24 14:45:00,510.01,510.01,509.94,509.94,-0.01,24.1,12325.31,-1
2026-02-24,2026-02-24 14:46:00,509.94,509.94,509.87,509.87,-0.01,24.1,12325.31,-1
2026-02-24,2026-02-24 14:47:00,509.87,509.87,509.81,509.81,-0.01,24.1,12325.31,-1
2026-02-24,2026-02-24 14:48:00,509.81,509.81,509.74,509.74,-0.01,24.1,12325.31,-1
2026-02-24,2026-02-24 14:49:00,509.74,509.74,509.67,509.67,-0.01,24.1,12325.31,-1
2026-02-24,2026-02-24 14:50:00,509.67,509.67,509.6,509.6,-0.01,24.1,12325.31,-1
2026-02-24,2026-02-24 14:51:00,509.6,509.6,509.54,509.54,-0.01,24.1,12325.31,-1
2026-02-24,2026-02-24 14:52:00,509.54,509.54,509.47,509.47,-0.01,24.1,12325.31,-1
2026-02-24,2026-02-24 14:53:00,509.47,509.47,509.4,509.4,-0.01,24.1,12325.31,-1
2026-02-24,2026-02-24 14:54:00,509.4,509.4,509.34,509.34,-0.01,24.1,12325.31,-1
2026-02-24,2026-02-24 14:55:00,509.34,509.34,509.27,509.27,-0.01,24.1,12325.31,-1
2026-02-24,2026-02-24 14:56:00,509.27,509.27,509.2,509.2,-0.01,24.1,12325.31,-1
2026-02-24,2026-02-24 14:57:00,509.2,509.2,509.13,509.13,-0.01,24.1,12325.31,-1
2026-02-24,2026-02-24 14:58:00,509.13,509.13,509.07,509.07,-0.01,24.1,12325.31,-1
2026-02-24,2026-02-24 14:59:00,509.07,509.07,509.0,509.0,-0.01,24.1,12325.31,-1
2026-02-24,2026-02-24 15:00:00,509.0,534.0,509.0,509.0,0.0,24.1,12325.31,0
2026-02-25,2026-02-25 11:00:00,518.0,518.3,515.3,517.97,-0.01,33.81,17317.22,-1
2026-02-25,2026-02-25 11:01:00,517.97,517.97,517.93,517.93,-0.01,33.81,17317.22,-1
2026-02-25,2026-02-25 11:02:00,517.93,517.93,517.9,517.9,-0.01,33.81,17317.22,-1
2026-02-25,2026-02-25 11:03:00,517.9,517.9,517.87,517.87,-0.01,33.81,17317.22,-1
2026-02-25,2026-02-25 11:04:00,517.87,517.87,517.83,517.83,-0.01,33.81,17317.22,-1
2026-02-25,2026-02-25 11:05:00,517.83,517.83,517.8,517.8,-0.01,33.81,17317.22,-1
2026-02-25,2026-02-25 11:06:00,517.8,517.8,517.77,517.77,-0.01,33.81,17317.22,-1
2026-02-25,2026-02-25 11:07:00,517.77,517.77,517.73,517.73,-0.01,33.81,17317.22,-1
2026-02-25,2026-02-25 11:08:00,517.73,517.73,517.7,517.7,-0.01,33.81,17317.22,-1
2026-02-25,2026-02-25 11:09:00,517.7,517.7,517.67,517.67,-0.01,33.81,17317.22,-1
2026-02-25,2026-02-25 11:10:00,517.67,517.67,517.63,517.63,-0.01,33.81,17317.22,-1
2026-02-25,2026-02-25 11:11:00,517.63,517.63,517.6,517.6,-0.01,33.81,17317.22,-1
2026-02-25,2026-02-25 11:12:00,517.6,517.6,517.57,517.57,-0.01,33.81,17317.22,-1
2026-02-25,2026-02-25 11:13:00,517.57,517.57,517.53,517.53,-0.01,33.81,17317.22,-1
2026-02-25,2026-02-25 11:14:00,517.53,517.53,517.5,517.5,-0.01,33.81,17317.22,-1
2026-02-25,2026-02-25 11:15:00,517.5,517.5,517.47,517.47,-0.01,33.81,17317.22,-1
2026-02-25,2026-02-25 11:16:00,517.47,517.47,517.43,517.43,-0.01,33.81,17317.22,-1
2026-02-25,2026-02-25 11:17:00,517.43,517.43,517.4,517.4,-0.01,33.81,17317.22,-1
2026-02-25,2026-02-25 11:18:00,517.4,517.4,517.37,517.37,-0.01,33.81,17317.22,-1
2026-02-25,2026-02-25 11:19:00,517.37,517.37,517.33,517.33,-0.01,33.81,17317.22,-1
2026-02-25,2026-02-25 11:20:00,517.33,517.33,517.3,517.3,-0.01,33.81,17317.22,-1
2026-02-25,2026-02-25 11:21:00,517.3,517.3,517.27,517.27,-0.01,33.81,17317.22,-1
2026-02-25,2026-02-25 11:22:00,517.27,517.27,517.23,517.23,-0.01,33.81,17317.22,-1
2026-02-25,2026-02-25 11:23:00,517.23,517.23,517.2,517.2,-0.01,33.81,17317.22,-1
2026-02-25,2026-02-25 11:24:00,517.2,517.2,517.17,517.17,-0.01,33.81,17317.22,-1
2026-02-25,2026-02-25 11:25:00,517.17,517.17,517.13,517.13,-0.01,33.81,17317.22,-1
2026-02-25,2026-02-25 11:26:00,517.13,517.13,517.1,517.1,-0.01,33.81,17317.22,-1
2026-02-25,2026-02-25 11:27:00,517.1,517.1,517.07,517.07,-0.01,33.81,17317.22,-1
2026-02-25,2026-02-25 11:28:00,517.07,517.07,517.03,517.03,-0.01,33.81,17317.22,-1
2026-02-25,2026-02-25 11:29:00,517.03,517.03,517.0,517.0,-0.01,33.81,17317.22,-1
2026-02-25,2026-02-25 11:30:00,517.0,517.0,516.97,516.97,-0.01,33.81,17317.22,-1
2026-02-25,2026-02-25 11:31:00,516.97,516.97,516.93,516.93,-0.01,33.81,17317.22,-1
2026-02-25,2026-02-25 11:32:00,516.93,516.93,516.9,516.9,-0.01,33.81,17317.22,-1
2026-02-25,2026-02-25 11:33:00,516.9,516.9,516.87,516.87,-0.01,33.81,17317.22,-1
2026-02-25,2026-02-25 11:34:00,516.87,516.87,516.83,516.83,-0.01,33.81,17317.22,-1
2026-02-25,2026-02-25 11:35:00,516.83,516.83,516.8,516.8,-0.01,33.81,17317.22,-1
2026-02-25,2026-02-25 11:36:00,516.8,516.8,516.77,516.77,-0.01,33.81,17317.22,-1
2026-02-25,2026-02-25 11:37:00,516.77,516.77,516.73,516.73,-0.01,33.81,17317.22,-1
2026-02-25,2026-02-25 11:38:00,516.73,516.73,516.7,516.7,-0.01,33.81,17317.22,-1
2026-02-25,2026-02-25 11:39:00,516.7,516.7,516.67,516.67,-0.01,33.81,17317.22,-1
2026-02-25,2026-02-25 11:40:00,516.67,516.67,516.63,516.63,-0.01,33.81,17317.22,-1
2026-02-25,2026-02-25 11:41:00,516.63,516.63,516.6,516.6,-0.01,33.81,17317.22,-1
2026-02-25,2026-02-25 11:42:00,516.6,516.6,516.57,516.57,-0.01,33.81,17317.22,-1
2026-02-25,2026-02-25 11:43:00,516.57,516.57,516.53,516.53,-0.01,33.81,17317.22,-1
2026-02-25,2026-02-25 11:44:00,516.53,516.53,516.5,516.5,-0.01,33.81,17317.22,-1
2026-02-25,2026-02-25 11:45:00,516.5,516.5,516.47,516.47,-0.01,33.81,17317.22,-1
2026-02-25,2026-02-25 11:46:00,516.47,516.47,516.43,516.43,-0.01,33.81,17317.22,-1
2026-02-25,2026-02-25 11:47:00,516.43,516.43,516.4,516.4,-0.01,33.81,17317.22,-1
2026-02-25,2026-02-25 11:48:00,516.4,516.4,516.37,516.37,-0.01,33.81,17317.22,-1
2026-02-25,2026-02-25 11:49:00,516.37,516.37,516.33,516.33,-0.01,33.81,17317.22,-1
2026-02-25,2026-02-25 11:50:00,516.33,516.33,516.3,516.3,-0.01,33.81,17317.22,-1
2026-02-25,2026-02-25 11:51:00,516.3,516.3,516.27,516.27,-0.01,33.81,17317.22,-1
2026-02-25,2026-02-25 11:52:00,516.27,516.27,516.23,516.23,-0.01,33.81,17317.22,-1
2026-02-25,2026-02-25 11:53:00,516.23,516.23,516.2,516.2,-0.01,33.81,17317.22,-1
2026-02-25,2026-02-25 11:54:00,516.2,516.2,516.17,516.17,-0.01,33.81,17317.22,-1
2026-02-25,2026-02-25 11:55:00,516.17,516.17,516.13,516.13,-0.01,33.81,17317.22,-1
2026-02-25,2026-02-25 11:56:00,516.13,516.13,516.1,516.1,-0.01,33.81,17317.22,-1
2026-02-25,2026-02-25 11:57:00,516.1,516.1,516.07,516.07,-0.01,33.81,17317.22,-1
2026-02-25,2026-02-25 11:58:00,516.07,516.07,516.03,516.03,-0.01,33.81,17317.22,-1
2026-02-25,2026-02-25 11:59:00,516.03,516.03,516.0,516.0,-0.01,33.81,17317.22,-1
2026-02-25,2026-02-25 12:00:00,516.0,516.0,515.97,515.97,-0.01,33.81,17317.22,-1
2026-02-25,2026-02-25 12:01:00,515.97,515.97,515.93,515.93,-0.01,33.81,17317.22,-1
2026-02-25,2026-02-25 12:02:00,515.93,515.93,515.9,515.9,-0.01,33.81,17317.22,-1
2026-02-25,2026-02-25 12:03:00,515.9,515.9,515.87,515.87,-0.01,33.81,17317.22,-1
2026-02-25,2026-02-25 12:04:00,515.87,515.87,515.83,515.83,-0.01,33.81,17317.22,-1
2026-02-25,2026-02-25 12:05:00,515.83,515.83,515.8,515.8,-0.01,33.81,17317.22,-1
2026-02-25,2026-02-25 12:06:00,515.8,515.8,515.77,515.77,-0.01,33.81,17317.22,-1
2026-02-25,2026-02-25 12:07:00,515.77,515.77,515.73,515.73,-0.01,33.81,17317.22,-1
2026-02-25,2026-02-25 12:08:00,515.73,515.73,515.7,515.7,-0.01,33.81,17317.22,-1
2026-02-25,2026-02-25 12:09:00,515.7,515.7,515.67,515.67,-0.01,33.81,17317.22,-1
2026-02-25,2026-02-25 12:10:00,515.67,515.67,515.63,515.63,-0.01,33.81,17317.22,-1
2026-02-25,2026-02-25 12:11:00,515.63,515.63,515.6,515.6,-0.01,33.81,17317.22,-1
2026-02-25,2026-02-25 12:12:00,515.6,515.6,515.57,515.57,-0.01,33.81,17317.22,-1
2026-02-25,2026-02-25 12:13:00,515.57,515.57,515.53,515.53,-0.01,33.81,17317.22,-1
2026-02-25,2026-02-25 12:14:00,515.53,515.53,515.5,515.5,-0.01,33.81,17317.22,-1
2026-02-25,2026-02-25 12:15:00,515.5,515.5,515.47,515.47,-0.01,33.81,17317.22,-1
2026-02-25,2026-02-25 12:16:00,515.47,515.47,515.43,515.43,-0.01,33.81,17317.22,-1
2026-02-25,2026-02-25 12:17:00,515.43,515.43,515.4,515.4,-0.01,33.81,17317.22,-1
2026-02-25,2026-02-25 12:18:00,515.4,515.4,515.37,515.37,-0.01,33.81,17317.22,-1
2026-02-25,2026-02-25 12:19:00,515.37,515.37,515.33,515.33,-0.01,33.81,17317.22,-1
2026-02-25,2026-02-25 12:20:00,515.33,515.33,515.3,515.3,-0.01,33.81,17317.22,-1
2026-02-25,2026-02-25 12:21:00,515.3,515.3,515.27,515.27,-0.01,33.81,17317.22,-1
2026-02-25,2026-02-25 12:22:00,515.27,515.27,515.23,515.23,-0.01,33.81,17317.22,-1
2026-02-25,2026-02-25 12:23:00,515.23,515.23,515.2,515.2,-0.01,33.81,17317.22,-1
2026-02-25,2026-02-25 12:24:00,515.2,515.2,515.17,515.17,-0.01,33.81,17317.22,-1
2026-02-25,2026-02-25 12:25:00,515.17,515.17,515.13,515.13,-0.01,33.81,17317.22,-1
2026-02-25,2026-02-25 12:26:00,515.13,515.13,515.1,515.1,-0.01,33.81,17317.22,-1
2026-02-25,2026-02-25 12:27:00,515.1,515.1,515.07,515.07,-0.01,33.81,17317.22,-1
2026-02-25,2026-02-25 12:28:00,515.07,515.07,515.03,515.03,-0.01,33.81,17317.22,-1
2026-02-25,2026-02-25 12:29:00,515.03,515.03,515.0,515.0,-0.01,33.81,17317.22,-1
2026-02-25,2026-02-25 12:30:00,515.0,515.0,514.97,514.97,-0.01,33.81,17317.22,-1
2026-02-25,2026-02-25 12:31:00,514.97,514.97,514.93,514.93,-0.01,33.81,17317.22,-1
2026-02-25,2026-02-25 12:32:00,514.93,514.93,514.9,514.9,-0.01,33.81,17317.22,-1
2026-02-25,2026-02-25 12:33:00,514.9,514.9,514.87,514.87,-0.01,33.81,17317.22,-1
2026-02-25,2026-02-25 12:34:00,514.87,514.87,514.83,514.83,-0.01,33.81,17317.22,-1
2026-02-25,2026-02-25 12:35:00,514.83,514.83,514.8,514.8,-0.01,33.81,17317.22,-1
2026-02-25,2026-02-25 12:36:00,514.8,514.8,514.77,514.77,-0.01,33.81,17317.22,-1
2026-02-25,2026-02-25 12:37:00,514.77,514.77,514.73,514.73,-0.01,33.81,17317.22,-1
2026-02-25,2026-02-25 12:38:00,514.73,514.73,514.7,514.7,-0.01,33.81,17317.22,-1
2026-02-25,2026-02-25 12:39:00,514.7,514.7,514.67,514.67,-0.01,33.81,17317.22,-1
2026-02-25,2026-02-25 12:40:00,514.67,514.67,514.63,514.63,-0.01,33.81,17317.22,-1
2026-02-25,2026-02-25 12:41:00,514.63,514.63,514.6,514.6,-0.01,33.81,17317.22,-1
2026-02-25,2026-02-25 12:42:00,514.6,514.6,514.57,514.57,-0.01,33.81,17317.22,-1
2026-02-25,2026-02-25 12:43:00,514.57,514.57,514.53,514.53,-0.01,33.81,17317.22,-1
2026-02-25,2026-02-25 12:44:00,514.53,514.53,514.5,514.5,-0.01,33.81,17317.22,-1
2026-02-25,2026-02-25 12:45:00,514.5,514.5,514.47,514.47,-0.01,33.81,17317.22,-1
2026-02-25,2026-02-25 12:46:00,514.47,514.47,514.43,514.43,-0.01,33.81,17317.22,-1
2026-02-25,2026-02-25 12:47:00,514.43,514.43,514.4,514.4,-0.01,33.81,17317.22,-1
2026-02-25,2026-02-25 12:48:00,514.4,514.4,514.37,514.37,-0.01,33.81,17317.22,-1
2026-02-25,2026-02-25 12:49:00,514.37,514.37,514.33,514.33,-0.01,33.81,17317.22,-1
2026-02-25,2026-02-25 12:50:00,514.33,514.33,514.3,514.3,-0.01,33.81,17317.22,-1
2026-02-25,2026-02-25 12:51:00,514.3,514.3,514.27,514.27,-0.01,33.81,17317.22,-1
2026-02-25,2026-02-25 12:52:00,514.27,514.27,514.23,514.23,-0.01,33.81,17317.22,-1
2026-02-25,2026-02-25 12:53:00,514.23,514.23,514.2,514.2,-0.01,33.81,17317.22,-1
2026-02-25,2026-02-25 12:54:00,514.2,514.2,514.17,514.17,-0.01,33.81,17317.22,-1
2026-02-25,2026-02-25 12:55:00,514.17,514.17,514.13,514.13,-0.01,33.81,17317.22,-1
2026-02-25,2026-02-25 12:56:00,514.13,514.13,514.1,514.1,-0.01,33.81,17317.22,-1
2026-02-25,2026-02-25 12:57:00,514.1,514.1,514.07,514.07,-0.01,33.81,17317.22,-1
2026-02-25,2026-02-25 12:58:00,514.07,514.07,514.03,514.03,-0.01,33.81,17317.22,-1
2026-02-25,2026-02-25 12:59:00,514.03,514.03,514.0,514.0,-0.01,33.81,17317.22,-1
2026-02-25,2026-02-25 13:00:00,514.0,519.0,509.0,513.97,-0.01,33.81,17317.22,-1
2026-02-25,2026-02-25 13:01:00,513.97,513.97,513.93,513.93,-0.01,33.81,17317.22,-1
2026-02-25,2026-02-25 13:02:00,513.93,513.93,513.9,513.9,-0.01,33.81,17317.22,-1
2026-02-25,2026-02-25 13:03:00,513.9,513.9,513.87,513.87,-0.01,33.81,17317.22,-1
2026-02-25,2026-02-25 13:04:00,513.87,513.87,513.83,513.83,-0.01,33.81,17317.22,-1
2026-02-25,2026-02-25 13:05:00,513.83,513.83,513.8,513.8,-0.01,33.81,17317.22,-1
2026-02-25,2026-02-25 13:06:00,513.8,513.8,513.77,513.77,-0.01,33.81,17317.22,-1
2026-02-25,2026-02-25 13:07:00,513.77,513.77,513.73,513.73,-0.01,33.81,17317.22,-1
2026-02-25,2026-02-25 13:08:00,513.73,513.73,513.7,513.7,-0.01,33.81,17317.22,-1
2026-02-25,2026-02-25 13:09:00,513.7,513.7,513.67,513.67,-0.01,33.81,17317.22,-1
2026-02-25,2026-02-25 13:10:00,513.67,513.67,513.63,513.63,-0.01,33.81,17317.22,-1
2026-02-25,2026-02-25 13:11:00,513.63,513.63,513.6,513.6,-0.01,33.81,17317.22,-1
2026-02-25,2026-02-25 13:12:00,513.6,513.6,513.57,513.57,-0.01,33.81,17317.22,-1
2026-02-25,2026-02-25 13:13:00,513.57,513.57,513.53,513.53,-0.01,33.81,17317.22,-1
2026-02-25,2026-02-25 13:14:00,513.53,513.53,513.5,513.5,-0.01,33.81,17317.22,-1
2026-02-25,2026-02-25 13:15:00,513.5,513.5,513.47,513.47,-0.01,33.81,17317.22,-1
2026-02-25,2026-02-25 13:16:00,513.47,513.47,513.43,513.43,-0.01,33.81,17317.22,-1
2026-02-25,2026-02-25 13:17:00,513.43,513.43,513.4,513.4,-0.01,33.81,17317.22,-1
2026-02-25,2026-02-25 13:18:00,513.4,513.4,513.37,513.37,-0.01,33.81,17317.22,-1
2026-02-25,2026-02-25 13:19:00,513.37,513.37,513.33,513.33,-0.01,33.81,17317.22,-1
2026-02-25,2026-02-25 13:20:00,513.33,513.33,513.3,513.3,-0.01,33.81,17317.22,-1
2026-02-25,2026-02-25 13:21:00,513.3,513.3,513.27,513.27,-0.01,33.81,17317.22,-1
2026-02-25,2026-02-25 13:22:00,513.27,513.27,513.23,513.23,-0.01,33.81,17317.22,-1
2026-02-25,2026-02-25 13:23:00,513.23,513.23,513.2,513.2,-0.01,33.81,17317.22,-1
2026-02-25,2026-02-25 13:24:00,513.2,513.2,513.17,513.17,-0.01,33.81,17317.22,-1
2026-02-25,2026-02-25 13:25:00,513.17,513.17,513.13,513.13,-0.01,33.81,17317.22,-1
2026-02-25,2026-02-25 13:26:00,513.13,513.13,513.1,513.1,-0.01,33.81,17317.22,-1
2026-02-25,2026-02-25 13:27:00,513.1,513.1,513.07,513.07,-0.01,33.81,17317.22,-1
2026-02-25,2026-02-25 13:28:00,513.07,513.07,513.03,513.03,-0.01,33.81,17317.22,-1
2026-02-25,2026-02-25 13:29:00,513.03,513.03,513.0,513.0,-0.01,33.81,17317.22,-1
2026-02-25,2026-02-25 13:30:00,513.0,513.0,512.97,512.97,-0.01,33.81,17317.22,-1
2026-02-25,2026-02-25 13:31:00,512.97,512.97,512.93,512.93,-0.01,33.81,17317.22,-1
2026-02-25,2026-02-25 13:32:00,512.93,512.93,512.9,512.9,-0.01,33.81,17317.22,-1
2026-02-25,2026-02-25 13:33:00,512.9,512.9,512.87,512.87,-0.01,33.81,17317.22,-1
2026-02-25,2026-02-25 13:34:00,512.87,512.87,512.83,512.83,-0.01,33.81,17317.22,-1
2026-02-25,2026-02-25 13:35:00,512.83,512.83,512.8,512.8,-0.01,33.81,17317.22,-1
2026-02-25,2026-02-25 13:36:00,512.8,512.8,512.77,512.77,-0.01,33.81,17317.22,-1
2026-02-25,2026-02-25 13:37:00,512.77,512.77,512.73,512.73,-0.01,33.81,17317.22,-1
2026-02-25,2026-02-25 13:38:00,512.73,512.73,512.7,512.7,-0.01,33.81,17317.22,-1
2026-02-25,2026-02-25 13:39:00,512.7,512.7,512.67,512.67,-0.01,33.81,17317.22,-1
2026-02-25,2026-02-25 13:40:00,512.67,512.67,512.63,512.63,-0.01,33.81,17317.22,-1
2026-02-25,2026-02-25 13:41:00,512.63,512.63,512.6,512.6,-0.01,33.81,17317.22,-1
2026-02-25,2026-02-25 13:42:00,512.6,512.6,512.57,512.57,-0.01,33.81,17317.22,-1
2026-02-25,2026-02-25 13:43:00,512.57,512.57,512.53,512.53,-0.01,33.81,17317.22,-1
2026-02-25,2026-02-25 13:44:00,512.53,512.53,512.5,512.5,-0.01,33.81,17317.22,-1
2026-02-25,2026-02-25 13:45:00,512.5,512.5,512.47,512.47,-0.01,33.81,17317.22,-1
2026-02-25,2026-02-25 13:46:00,512.47,512.47,512.43,512.43,-0.01,33.81,17317.22,-1
2026-02-25,2026-02-25 13:47:00,512.43,512.43,512.4,512.4,-0.01,33.81,17317.22,-1
2026-02-25,2026-02-25 13:48:00,512.4,512.4,512.37,512.37,-0.01,33.81,17317.22,-1
2026-02-25,2026-02-25 13:49:00,512.37,512.37,512.33,512.33,-0.01,33.81,17317.22,-1
2026-02-25,2026-02-25 13:50:00,512.33,512.33,512.3,512.3,-0.01,33.81,17317.22,-1
2026-02-25,2026-02-25 13:51:00,512.3,512.3,512.27,512.27,-0.01,33.81,17317.22,-1
2026-02-25,2026-02-25 13:52:00,512.27,512.27,512.23,512.23,-0.01,33.81,17317.22,-1
2026-02-25,2026-02-25 13:53:00,512.23,512.23,512.2,512.2,-0.01,33.81,17317.22,-1
2026-02-25,2026-02-25 13:54:00,512.2,512.2,512.17,512.17,-0.01,33.81,17317.22,-1
2026-02-25,2026-02-25 13:55:00,512.17,512.17,512.13,512.13,-0.01,33.81,17317.22,-1
2026-02-25,2026-02-25 13:56:00,512.13,512.13,512.1,512.1,-0.01,33.81,17317.22,-1
2026-02-25,2026-02-25 13:57:00,512.1,512.1,512.07,512.07,-0.01,33.81,17317.22,-1
2026-02-25,2026-02-25 13:58:00,512.07,512.07,512.03,512.03,-0.01,33.81,17317.22,-1
2026-02-25,2026-02-25 13:59:00,512.03,512.03,512.0,512.0,-0.01,33.81,17317.22,-1
2026-02-25,2026-02-25 14:00:00,512.0,512.0,511.97,511.97,-0.01,33.81,17317.22,-1
2026-02-25,2026-02-25 14:01:00,511.97,511.97,511.93,511.93,-0.01,33.81,17317.22,-1
2026-02-25,2026-02-25 14:02:00,511.93,511.93,511.9,511.9,-0.01,33.81,17317.22,-1
2026-02-25,2026-02-25 14:03:00,511.9,511.9,511.87,511.87,-0.01,33.81,17317.22,-1
2026-02-25,2026-02-25 14:04:00,511.87,511.87,511.83,511.83,-0.01,33.81,17317.22,-1
2026-02-25,2026-02-25 14:05:00,511.83,511.83,511.8,511.8,-0.01,33.81,17317.22,-1
2026-02-25,2026-02-25 14:06:00,511.8,511.8,511.77,511.77,-0.01,33.81,17317.22,-1
2026-02-25,2026-02-25 14:07:00,511.77,511.77,511.73,511.73,-0.01,33.81,17317.22,-1
2026-02-25,2026-02-25 14:08:00,511.73,511.73,511.7,511.7,-0.01,33.81,17317.22,-1
2026-02-25,2026-02-25 14:09:00,511.7,511.7,511.67,511.67,-0.01,33.81,17317.22,-1
2026-02-25,2026-02-25 14:10:00,511.67,511.67,511.63,511.63,-0.01,33.81,17317.22,-1
2026-02-25,2026-02-25 14:11:00,511.63,511.63,511.6,511.6,-0.01,33.81,17317.22,-1
2026-02-25,2026-02-25 14:12:00,511.6,511.6,511.57,511.57,-0.01,33.81,17317.22,-1
2026-02-25,2026-02-25 14:13:00,511.57,511.57,511.53,511.53,-0.01,33.81,17317.22,-1
2026-02-25,2026-02-25 14:14:00,511.53,511.53,511.5,511.5,-0.01,33.81,17317.22,-1
2026-02-25,2026-02-25 14:15:00,511.5,511.5,511.47,511.47,-0.01,33.81,17317.22,-1
2026-02-25,2026-02-25 14:16:00,511.47,511.47,511.43,511.43,-0.01,33.81,17317.22,-1
2026-02-25,2026-02-25 14:17:00,511.43,511.43,511.4,511.4,-0.01,33.81,17317.22,-1
2026-02-25,2026-02-25 14:18:00,511.4,511.4,511.37,511.37,-0.01,33.81,17317.22,-1
2026-02-25,2026-02-25 14:19:00,511.37,511.37,511.33,511.33,-0.01,33.81,17317.22,-1
2026-02-25,2026-02-25 14:20:00,511.33,511.33,511.3,511.3,-0.01,33.81,17317.22,-1
2026-02-25,2026-02-25 14:21:00,511.3,511.3,511.27,511.27,-0.01,33.81,17317.22,-1
2026-02-25,2026-02-25 14:22:00,511.27,511.27,511.23,511.23,-0.01,33.81,17317.22,-1
2026-02-25,2026-02-25 14:23:00,511.23,511.23,511.2,511.2,-0.01,33.81,17317.22,-1
2026-02-25,2026-02-25 14:24:00,511.2,511.2,511.17,511.17,-0.01,33.81,17317.22,-1
2026-02-25,2026-02-25 14:25:00,511.17,511.17,511.13,511.13,-0.01,33.81,17317.22,-1
2026-02-25,2026-02-25 14:26:00,511.13,511.13,511.1,511.1,-0.01,33.81,17317.22,-1
2026-02-25,2026-02-25 14:27:00,511.1,511.1,511.07,511.07,-0.01,33.81,17317.22,-1
2026-02-25,2026-02-25 14:28:00,511.07,511.07,511.03,511.03,-0.01,33.81,17317.22,-1
2026-02-25,2026-02-25 14:29:00,511.03,511.03,511.0,511.0,-0.01,33.81,17317.22,-1
2026-02-25,2026-02-25 14:30:00,511.0,511.0,510.97,510.97,-0.01,33.81,17317.22,-1
2026-02-25,2026-02-25 14:31:00,510.97,510.97,510.93,510.93,-0.01,33.81,17317.22,-1
2026-02-25,2026-02-25 14:32:00,510.93,510.93,510.9,510.9,-0.01,33.81,17317.22,-1
2026-02-25,2026-02-25 14:33:00,510.9,510.9,510.87,510.87,-0.01,33.81,17317.22,-1
2026-02-25,2026-02-25 14:34:00,510.87,510.87,510.83,510.83,-0.01,33.81,17317.22,-1
2026-02-25,2026-02-25 14:35:00,510.83,510.83,510.8,510.8,-0.01,33.81,17317.22,-1
2026-02-25,2026-02-25 14:36:00,510.8,510.8,510.77,510.77,-0.01,33.81,17317.22,-1
2026-02-25,2026-02-25 14:37:00,510.77,510.77,510.73,510.73,-0.01,33.81,17317.22,-1
2026-02-25,2026-02-25 14:38:00,510.73,510.73,510.7,510.7,-0.01,33.81,17317.22,-1
2026-02-25,2026-02-25 14:39:00,510.7,510.7,510.67,510.67,-0.01,33.81,17317.22,-1
2026-02-25,2026-02-25 14:40:00,510.67,510.67,510.63,510.63,-0.01,33.81,17317.22,-1
2026-02-25,2026-02-25 14:41:00,510.63,510.63,510.6,510.6,-0.01,33.81,17317.22,-1
2026-02-25,2026-02-25 14:42:00,510.6,510.6,510.57,510.57,-0.01,33.81,17317.22,-1
2026-02-25,2026-02-25 14:43:00,510.57,510.57,510.53,510.53,-0.01,33.81,17317.22,-1
2026-02-25,2026-02-25 14:44:00,510.53,510.53,510.5,510.5,-0.01,33.81,17317.22,-1
2026-02-25,2026-02-25 14:45:00,510.5,510.5,510.47,510.47,-0.01,33.81,17317.22,-1
2026-02-25,2026-02-25 14:46:00,510.47,510.47,510.43,510.43,-0.01,33.81,17317.22,-1
2026-02-25,2026-02-25 14:47:00,510.43,510.43,510.4,510.4,-0.01,33.81,17317.22,-1
2026-02-25,2026-02-25 14:48:00,510.4,510.4,510.37,510.37,-0.01,33.81,17317.22,-1
2026-02-25,2026-02-25 14:49:00,510.37,510.37,510.33,510.33,-0.01,33.81,17317.22,-1
2026-02-25,2026-02-25 14:50:00,510.33,510.33,510.3,510.3,-0.01,33.81,17317.22,-1
2026-02-25,2026-02-25 14:51:00,510.3,510.3,510.27,510.27,-0.01,33.81,17317.22,-1
2026-02-25,2026-02-25 14:52:00,510.27,510.27,510.23,510.23,-0.01,33.81,17317.22,-1
2026-02-25,2026-02-25 14:53:00,510.23,510.23,510.2,510.2,-0.01,33.81,17317.22,-1
2026-02-25,2026-02-25 14:54:00,510.2,510.2,510.17,510.17,-0.01,33.81,17317.22,-1
2026-02-25,2026-02-25 14:55:00,510.17,510.17,510.13,510.13,-0.01,33.81,17317.22,-1
2026-02-25,2026-02-25 14:56:00,510.13,510.13,510.1,510.1,-0.01,33.81,17317.22,-1
2026-02-25,2026-02-25 14:57:00,510.1,510.1,510.07,510.07,-0.01,33.81,17317.22,-1
2026-02-25,2026-02-25 14:58:00,510.07,510.07,510.03,510.03,-0.01,33.81,17317.22,-1
2026-02-25,2026-02-25 14:59:00,510.03,510.03,510.0,510.0,-0.01,33.81,17317.22,-1
2026-02-25,2026-02-25 15:00:00,510.0,519.0,509.0,510.0,0.0,33.81,17317.22,0
2026-02-26,2026-02-26 11:00:00,510.0,511.5,509.1,510.02,0.0,61.26,31319.23,1
2026-02-26,2026-02-26 11:01:00,510.02,510.03,510.02,510.03,0.0,61.26,31319.23,1
2026-02-26,2026-02-26 11:02:00,510.03,510.05,510.03,510.05,0.0,61.26,31319.23,1
2026-02-26,2026-02-26 11:03:00,510.05,510.06,510.05,510.06,0.0,61.26,31319.23,1
2026-02-26,2026-02-26 11:04:00,510.06,510.08,510.06,510.08,0.0,61.26,31319.23,1
2026-02-26,2026-02-26 11:05:00,510.08,510.1,510.08,510.1,0.0,61.26,31319.23,1
2026-02-26,2026-02-26 11:06:00,510.1,510.11,510.1,510.11,0.0,61.26,31319.23,1
2026-02-26,2026-02-26 11:07:00,510.11,510.13,510.11,510.13,0.0,61.26,31319.23,1
2026-02-26,2026-02-26 11:08:00,510.13,510.15,510.13,510.15,0.0,61.26,31319.23,1
2026-02-26,2026-02-26 11:09:00,510.15,510.16,510.15,510.16,0.0,61.26,31319.23,1
2026-02-26,2026-02-26 11:10:00,510.16,510.18,510.16,510.18,0.0,61.26,31319.23,1
2026-02-26,2026-02-26 11:11:00,510.18,510.19,510.18,510.19,0.0,61.26,31319.23,1
2026-02-26,2026-02-26 11:12:00,510.19,510.21,510.19,510.21,0.0,61.26,31319.23,1
2026-02-26,2026-02-26 11:13:00,510.21,510.23,510.21,510.23,0.0,61.26,31319.23,1
2026-02-26,2026-02-26 11:14:00,510.23,510.24,510.23,510.24,0.0,61.26,31319.23,1
2026-02-26,2026-02-26 11:15:00,510.24,510.26,510.24,510.26,0.0,61.26,31319.23,1
2026-02-26,2026-02-26 11:16:00,510.26,510.28,510.26,510.28,0.0,61.26,31319.23,1
2026-02-26,2026-02-26 11:17:00,510.28,510.29,510.28,510.29,0.0,61.26,31319.23,1
2026-02-26,2026-02-26 11:18:00,510.29,510.31,510.29,510.31,0.0,61.26,31319.23,1
2026-02-26,2026-02-26 11:19:00,510.31,510.32,510.31,510.32,0.0,61.26,31319.23,1
2026-02-26,2026-02-26 11:20:00,510.32,510.34,510.32,510.34,0.0,61.26,31319.23,1
2026-02-26,2026-02-26 11:21:00,510.34,510.36,510.34,510.36,0.0,61.26,31319.23,1
2026-02-26,2026-02-26 11:22:00,510.36,510.37,510.36,510.37,0.0,61.26,31319.23,1
2026-02-26,2026-02-26 11:23:00,510.37,510.39,510.37,510.39,0.0,61.26,31319.23,1
2026-02-26,2026-02-26 11:24:00,510.39,510.41,510.39,510.41,0.0,61.26,31319.23,1
2026-02-26,2026-02-26 11:25:00,510.41,510.42,510.41,510.42,0.0,61.26,31319.23,1
2026-02-26,2026-02-26 11:26:00,510.42,510.44,510.42,510.44,0.0,61.26,31319.23,1
2026-02-26,2026-02-26 11:27:00,510.44,510.45,510.44,510.45,0.0,61.26,31319.23,1
2026-02-26,2026-02-26 11:28:00,510.45,510.47,510.45,510.47,0.0,61.26,31319.23,1
2026-02-26,2026-02-26 11:29:00,510.47,510.49,510.47,510.49,0.0,61.26,31319.23,1
2026-02-26,2026-02-26 11:30:00,510.49,510.5,510.49,510.5,0.0,61.26,31319.23,1
2026-02-26,2026-02-26 11:31:00,510.5,510.52,510.5,510.52,0.0,61.26,31319.23,1
2026-02-26,2026-02-26 11:32:00,510.52,510.54,510.52,510.54,0.0,61.26,31319.23,1
2026-02-26,2026-02-26 11:33:00,510.54,510.55,510.54,510.55,0.0,61.26,31319.23,1
2026-02-26,2026-02-26 11:34:00,510.55,510.57,510.55,510.57,0.0,61.26,31319.23,1
2026-02-26,2026-02-26 11:35:00,510.57,510.58,510.57,510.58,0.0,61.26,31319.23,1
2026-02-26,2026-02-26 11:36:00,510.58,510.6,510.58,510.6,0.0,61.26,31319.23,1
2026-02-26,2026-02-26 11:37:00,510.6,510.62,510.6,510.62,0.0,61.26,31319.23,1
2026-02-26,2026-02-26 11:38:00,510.62,510.63,510.62,510.63,0.0,61.26,31319.23,1
2026-02-26,2026-02-26 11:39:00,510.63,510.65,510.63,510.65,0.0,61.26,31319.23,1
2026-02-26,2026-02-26 11:40:00,510.65,510.67,510.65,510.67,0.0,61.26,31319.23,1
2026-02-26,2026-02-26 11:41:00,510.67,510.68,510.67,510.68,0.0,61.26,31319.23,1
2026-02-26,2026-02-26 11:42:00,510.68,510.7,510.68,510.7,0.0,61.26,31319.23,1
2026-02-26,2026-02-26 11:43:00,510.7,510.71,510.7,510.71,0.0,61.26,31319.23,1
2026-02-26,2026-02-26 11:44:00,510.71,510.73,510.71,510.73,0.0,61.26,31319.23,1
2026-02-26,2026-02-26 11:45:00,510.73,510.75,510.73,510.75,0.0,61.26,31319.23,1
2026-02-26,2026-02-26 11:46:00,510.75,510.76,510.75,510.76,0.0,61.26,31319.23,1
2026-02-26,2026-02-26 11:47:00,510.76,510.78,510.76,510.78,0.0,61.26,31319.23,1
2026-02-26,2026-02-26 11:48:00,510.78,510.8,510.78,510.8,0.0,61.26,31319.23,1
2026-02-26,2026-02-26 11:49:00,510.8,510.81,510.8,510.81,0.0,61.26,31319.23,1
2026-02-26,2026-02-26 11:50:00,510.81,510.83,510.81,510.83,0.0,61.26,31319.23,1
2026-02-26,2026-02-26 11:51:00,510.83,510.84,510.83,510.84,0.0,61.26,31319.23,1
2026-02-26,2026-02-26 11:52:00,510.84,510.86,510.84,510.86,0.0,61.26,31319.23,1
2026-02-26,2026-02-26 11:53:00,510.86,510.88,510.86,510.88,0.0,61.26,31319.23,1
2026-02-26,2026-02-26 11:54:00,510.88,510.89,510.88,510.89,0.0,61.26,31319.23,1
2026-02-26,2026-02-26 11:55:00,510.89,510.91,510.89,510.91,0.0,61.26,31319.23,1
2026-02-26,2026-02-26 11:56:00,510.91,510.93,510.91,510.93,0.0,61.26,31319.23,1
2026-02-26,2026-02-26 11:57:00,510.93,510.94,510.93,510.94,0.0,61.26,31319.23,1
2026-02-26,2026-02-26 11:58:00,510.94,510.96,510.94,510.96,0.0,61.26,31319.23,1
2026-02-26,2026-02-26 11:59:00,510.96,510.98,510.96,510.98,0.0,61.26,31319.23,1
2026-02-26,2026-02-26 12:00:00,510.98,510.99,510.98,510.99,0.0,61.26,31319.23,1
2026-02-26,2026-02-26 12:01:00,510.99,511.01,510.99,511.01,0.0,61.26,31319.23,1
2026-02-26,2026-02-26 12:02:00,511.01,511.02,511.01,511.02,0.0,61.26,31319.23,1
2026-02-26,2026-02-26 12:03:00,511.02,511.04,511.02,511.04,0.0,61.26,31319.23,1
2026-02-26,2026-02-26 12:04:00,511.04,511.06,511.04,511.06,0.0,61.26,31319.23,1
2026-02-26,2026-02-26 12:05:00,511.06,511.07,511.06,511.07,0.0,61.26,31319.23,1
2026-02-26,2026-02-26 12:06:00,511.07,511.09,511.07,511.09,0.0,61.26,31319.23,1
2026-02-26,2026-02-26 12:07:00,511.09,511.11,511.09,511.11,0.0,61.26,31319.23,1
2026-02-26,2026-02-26 12:08:00,511.11,511.12,511.11,511.12,0.0,61.26,31319.23,1
2026-02-26,2026-02-26 12:09:00,511.12,511.14,511.12,511.14,0.0,61.26,31319.23,1
2026-02-26,2026-02-26 12:10:00,511.14,511.15,511.14,511.15,0.0,61.26,31319.23,1
2026-02-26,2026-02-26 12:11:00,511.15,511.17,511.15,511.17,0.0,61.26,31319.23,1
2026-02-26,2026-02-26 12:12:00,511.17,511.19,511.17,511.19,0.0,61.26,31319.23,1
2026-02-26,2026-02-26 12:13:00,511.19,511.2,511.19,511.2,0.0,61.26,31319.23,1
2026-02-26,2026-02-26 12:14:00,511.2,511.22,511.2,511.22,0.0,61.26,31319.23,1
2026-02-26,2026-02-26 12:15:00,511.22,511.24,511.22,511.24,0.0,61.26,31319.23,1
2026-02-26,2026-02-26 12:16:00,511.24,511.25,511.24,511.25,0.0,61.26,31319.23,1
2026-02-26,2026-02-26 12:17:00,511.25,511.27,511.25,511.27,0.0,61.26,31319.23,1
2026-02-26,2026-02-26 12:18:00,511.27,511.28,511.27,511.28,0.0,61.26,31319.23,1
2026-02-26,2026-02-26 12:19:00,511.28,511.3,511.28,511.3,0.0,61.26,31319.23,1
2026-02-26,2026-02-26 12:20:00,511.3,511.32,511.3,511.32,0.0,61.26,31319.23,1
2026-02-26,2026-02-26 12:21:00,511.32,511.33,511.32,511.33,0.0,61.26,31319.23,1
2026-02-26,2026-02-26 12:22:00,511.33,511.35,511.33,511.35,0.0,61.26,31319.23,1
2026-02-26,2026-02-26 12:23:00,511.35,511.37,511.35,511.37,0.0,61.26,31319.23,1
2026-02-26,2026-02-26 12:24:00,511.37,511.38,511.37,511.38,0.0,61.26,31319.23,1
2026-02-26,2026-02-26 12:25:00,511.38,511.4,511.38,511.4,0.0,61.26,31319.23,1
2026-02-26,2026-02-26 12:26:00,511.4,511.41,511.4,511.41,0.0,61.26,31319.23,1
2026-02-26,2026-02-26 12:27:00,511.41,511.43,511.41,511.43,0.0,61.26,31319.23,1
2026-02-26,2026-02-26 12:28:00,511.43,511.45,511.43,511.45,0.0,61.26,31319.23,1
2026-02-26,2026-02-26 12:29:00,511.45,511.46,511.45,511.46,0.0,61.26,31319.23,1
2026-02-26,2026-02-26 12:30:00,511.46,511.48,511.46,511.48,0.0,61.26,31319.23,1
2026-02-26,2026-02-26 12:31:00,511.48,511.5,511.48,511.5,0.0,61.26,31319.23,1
2026-02-26,2026-02-26 12:32:00,511.5,511.51,511.5,511.51,0.0,61.26,31319.23,1
2026-02-26,2026-02-26 12:33:00,511.51,511.53,511.51,511.53,0.0,61.26,31319.23,1
2026-02-26,2026-02-26 12:34:00,511.53,511.54,511.53,511.54,0.0,61.26,31319.23,1
2026-02-26,2026-02-26 12:35:00,511.54,511.56,511.54,511.56,0.0,61.26,31319.23,1
2026-02-26,2026-02-26 12:36:00,511.56,511.58,511.56,511.58,0.0,61.26,31319.23,1
2026-02-26,2026-02-26 12:37:00,511.58,511.59,511.58,511.59,0.0,61.26,31319.23,1
2026-02-26,2026-02-26 12:38:00,511.59,511.61,511.59,511.61,0.0,61.26,31319.23,1
2026-02-26,2026-02-26 12:39:00,511.61,511.62,511.61,511.62,0.0,61.26,31319.23,1
2026-02-26,2026-02-26 12:40:00,511.62,511.64,511.62,511.64,0.0,61.26,31319.23,1
2026-02-26,2026-02-26 12:41:00,511.64,511.66,511.64,511.66,0.0,61.26,31319.23,1
2026-02-26,2026-02-26 12:42:00,511.66,511.67,511.66,511.67,0.0,61.26,31319.23,1
2026-02-26,2026-02-26 12:43:00,511.67,511.69,511.67,511.69,0.0,61.26,31319.23,1
2026-02-26,2026-02-26 12:44:00,511.69,511.71,511.69,511.71,0.0,61.26,31319.23,1
2026-02-26,2026-02-26 12:45:00,511.71,511.72,511.71,511.72,0.0,61.26,31319.23,1
2026-02-26,2026-02-26 12:46:00,511.72,511.74,511.72,511.74,0.0,61.26,31319.23,1
2026-02-26,2026-02-26 12:47:00,511.74,511.75,511.74,511.75,0.0,61.26,31319.23,1
2026-02-26,2026-02-26 12:48:00,511.75,511.77,511.75,511.77,0.0,61.26,31319.23,1
2026-02-26,2026-02-26 12:49:00,511.77,511.79,511.77,511.79,0.0,61.26,31319.23,1
2026-02-26,2026-02-26 12:50:00,511.79,511.8,511.79,511.8,0.0,61.26,31319.23,1
2026-02-26,2026-02-26 12:51:00,511.8,511.82,511.8,511.82,0.0,61.26,31319.23,1
2026-02-26,2026-02-26 12:52:00,511.82,511.84,511.82,511.84,0.0,61.26,31319.23,1
2026-02-26,2026-02-26 12:53:00,511.84,511.85,511.84,511.85,0.0,61.26,31319.23,1
2026-02-26,2026-02-26 12:54:00,511.85,511.87,511.85,511.87,0.0,61.26,31319.23,1
2026-02-26,2026-02-26 12:55:00,511.87,511.88,511.87,511.88,0.0,61.26,31319.23,1
2026-02-26,2026-02-26 12:56:00,511.88,511.9,511.88,511.9,0.0,61.26,31319.23,1
2026-02-26,2026-02-26 12:57:00,511.9,511.92,511.9,511.92,0.0,61.26,31319.23,1
2026-02-26,2026-02-26 12:58:00,511.92,511.93,511.92,511.93,0.0,61.26,31319.23,1
2026-02-26,2026-02-26 12:59:00,511.93,511.95,511.93,511.95,0.0,61.26,31319.23,1
2026-02-26,2026-02-26 13:00:00,511.95,515.0,507.0,511.97,0.0,61.26,31319.23,1
2026-02-26,2026-02-26 13:01:00,511.97,511.98,511.97,511.98,0.0,61.26,31319.23,1
2026-02-26,2026-02-26 13:02:00,511.98,512.0,511.98,512.0,0.0,61.26,31319.23,1
2026-02-26,2026-02-26 13:03:00,512.0,512.01,512.0,512.01,0.0,61.26,31319.23,1
2026-02-26,2026-02-26 13:04:00,512.01,512.03,512.01,512.03,0.0,61.26,31319.23,1
2026-02-26,2026-02-26 13:05:00,512.03,512.05,512.03,512.05,0.0,61.26,31319.23,1
2026-02-26,2026-02-26 13:06:00,512.05,512.06,512.05,512.06,0.0,61.26,31319.23,1
2026-02-26,2026-02-26 13:07:00,512.06,512.08,512.06,512.08,0.0,61.26,31319.23,1
2026-02-26,2026-02-26 13:08:00,512.08,512.1,512.08,512.1,0.0,61.26,31319.23,1
2026-02-26,2026-02-26 13:09:00,512.1,512.11,512.1,512.11,0.0,61.26,31319.23,1
2026-02-26,2026-02-26 13:10:00,512.11,512.13,512.11,512.13,0.0,61.26,31319.23,1
2026-02-26,2026-02-26 13:11:00,512.13,512.14,512.13,512.14,0.0,61.26,31319.23,1
2026-02-26,2026-02-26 13:12:00,512.14,512.16,512.14,512.16,0.0,61.26,31319.23,1
2026-02-26,2026-02-26 13:13:00,512.16,512.18,512.16,512.18,0.0,61.26,31319.23,1
2026-02-26,2026-02-26 13:14:00,512.18,512.19,512.18,512.19,0.0,61.26,31319.23,1
2026-02-26,2026-02-26 13:15:00,512.19,512.21,512.19,512.21,0.0,61.26,31319.23,1
2026-02-26,2026-02-26 13:16:00,512.21,512.23,512.21,512.23,0.0,61.26,31319.23,1
2026-02-26,2026-02-26 13:17:00,512.23,512.24,512.23,512.24,0.0,61.26,31319.23,1
2026-02-26,2026-02-26 13:18:00,512.24,512.26,512.24,512.26,0.0,61.26,31319.23,1
2026-02-26,2026-02-26 13:19:00,512.26,512.27,512.26,512.27,0.0,61.26,31319.23,1
2026-02-26,2026-02-26 13:20:00,512.27,512.29,512.27,512.29,0.0,61.26,31319.23,1
2026-02-26,2026-02-26 13:21:00,512.29,512.31,512.29,512.31,0.0,61.26,31319.23,1
2026-02-26,2026-02-26 13:22:00,512.31,512.32,512.31,512.32,0.0,61.26,31319.23,1
2026-02-26,2026-02-26 13:23:00,512.32,512.34,512.32,512.34,0.0,61.26,31319.23,1
2026-02-26,2026-02-26 13:24:00,512.34,512.36,512.34,512.36,0.0,61.26,31319.23,1
2026-02-26,2026-02-26 13:25:00,512.36,512.37,512.36,512.37,0.0,61.26,31319.23,1
2026-02-26,2026-02-26 13:26:00,512.37,512.39,512.37,512.39,0.0,61.26,31319.23,1
2026-02-26,2026-02-26 13:27:00,512.39,512.4,512.39,512.4,0.0,61.26,31319.23,1
2026-02-26,2026-02-26 13:28:00,512.4,512.42,512.4,512.42,0.0,61.26,31319.23,1
2026-02-26,2026-02-26 13:29:00,512.42,512.44,512.42,512.44,0.0,61.26,31319.23,1
2026-02-26,2026-02-26 13:30:00,512.44,512.45,512.44,512.45,0.0,61.26,31319.23,1
2026-02-26,2026-02-26 13:31:00,512.45,512.47,512.45,512.47,0.0,61.26,31319.23,1
2026-02-26,2026-02-26 13:32:00,512.47,512.49,512.47,512.49,0.0,61.26,31319.23,1
2026-02-26,2026-02-26 13:33:00,512.49,512.5,512.49,512.5,0.0,61.26,31319.23,1
2026-02-26,2026-02-26 13:34:00,512.5,512.52,512.5,512.52,0.0,61.26,31319.23,1
2026-02-26,2026-02-26 13:35:00,512.52,512.53,512.52,512.53,0.0,61.26,31319.23,1
2026-02-26,2026-02-26 13:36:00,512.53,512.55,512.53,512.55,0.0,61.26,31319.23,1
2026-02-26,2026-02-26 13:37:00,512.55,512.57,512.55,512.57,0.0,61.26,31319.23,1
2026-02-26,2026-02-26 13:38:00,512.57,512.58,512.57,512.58,0.0,61.26,31319.23,1
2026-02-26,2026-02-26 13:39:00,512.58,512.6,512.58,512.6,0.0,61.26,31319.23,1
2026-02-26,2026-02-26 13:40:00,512.6,512.62,512.6,512.62,0.0,61.26,31319.23,1
2026-02-26,2026-02-26 13:41:00,512.62,512.63,512.62,512.63,0.0,61.26,31319.23,1
2026-02-26,2026-02-26 13:42:00,512.63,512.65,512.63,512.65,0.0,61.26,31319.23,1
2026-02-26,2026-02-26 13:43:00,512.65,512.66,512.65,512.66,0.0,61.26,31319.23,1
2026-02-26,2026-02-26 13:44:00,512.66,512.68,512.66,512.68,0.0,61.26,31319.23,1
2026-02-26,2026-02-26 13:45:00,512.68,512.7,512.68,512.7,0.0,61.26,31319.23,1
2026-02-26,2026-02-26 13:46:00,512.7,512.71,512.7,512.71,0.0,61.26,31319.23,1
2026-02-26,2026-02-26 13:47:00,512.71,512.73,512.71,512.73,0.0,61.26,31319.23,1
2026-02-26,2026-02-26 13:48:00,512.73,512.75,512.73,512.75,0.0,61.26,31319.23,1
2026-02-26,2026-02-26 13:49:00,512.75,512.76,512.75,512.76,0.0,61.26,31319.23,1
2026-02-26,2026-02-26 13:50:00,512.76,512.78,512.76,512.78,0.0,61.26,31319.23,1
2026-02-26,2026-02-26 13:51:00,512.78,512.79,512.78,512.79,0.0,61.26,31319.23,1
2026-02-26,2026-02-26 13:52:00,512.79,512.81,512.79,512.81,0.0,61.26,31319.23,1
2026-02-26,2026-02-26 13:53:00,512.81,512.83,512.81,512.83,0.0,61.26,31319.23,1
2026-02-26,2026-02-26 13:54:00,512.83,512.84,512.83,512.84,0.0,61.26,31319.23,1
2026-02-26,2026-02-26 13:55:00,512.84,512.86,512.84,512.86,0.0,61.26,31319.23,1
2026-02-26,2026-02-26 13:56:00,512.86,512.88,512.86,512.88,0.0,61.26,31319.23,1
2026-02-26,2026-02-26 13:57:00,512.88,512.89,512.88,512.89,0.0,61.26,31319.23,1
2026-02-26,2026-02-26 13:58:00,512.89,512.91,512.89,512.91,0.0,61.26,31319.23,1
2026-02-26,2026-02-26 13:59:00,512.91,512.92,512.91,512.92,0.0,61.26,31319.23,1
2026-02-26,2026-02-26 14:00:00,512.92,512.94,512.92,512.94,0.0,61.26,31319.23,1
2026-02-26,2026-02-26 14:01:00,512.94,512.96,512.94,512.96,0.0,61.26,31319.23,1
2026-02-26,2026-02-26 14:02:00,512.96,512.97,512.96,512.97,0.0,61.26,31319.23,1
2026-02-26,2026-02-26 14:03:00,512.97,512.99,512.97,512.99,0.0,61.26,31319.23,1
2026-02-26,2026-02-26 14:04:00,512.99,513.01,512.99,513.01,0.0,61.26,31319.23,1
2026-02-26,2026-02-26 14:05:00,513.01,513.02,513.01,513.02,0.0,61.26,31319.23,1
2026-02-26,2026-02-26 14:06:00,513.02,513.04,513.02,513.04,0.0,61.26,31319.23,1
2026-02-26,2026-02-26 14:07:00,513.04,513.05,513.04,513.05,0.0,61.26,31319.23,1
2026-02-26,2026-02-26 14:08:00,513.05,513.07,513.05,513.07,0.0,61.26,31319.23,1
2026-02-26,2026-02-26 14:09:00,513.07,513.09,513.07,513.09,0.0,61.26,31319.23,1
2026-02-26,2026-02-26 14:10:00,513.09,513.1,513.09,513.1,0.0,61.26,31319.23,1
2026-02-26,2026-02-26 14:11:00,513.1,513.12,513.1,513.12,0.0,61.26,31319.23,1
2026-02-26,2026-02-26 14:12:00,513.12,513.14,513.12,513.14,0.0,61.26,31319.23,1
2026-02-26,2026-02-26 14:13:00,513.14,513.15,513.14,513.15,0.0,61.26,31319.23,1
2026-02-26,2026-02-26 14:14:00,513.15,513.17,513.15,513.17,0.0,61.26,31319.23,1
2026-02-26,2026-02-26 14:15:00,513.17,513.18,513.17,513.18,0.0,61.26,31319.23,1
2026-02-26,2026-02-26 14:16:00,513.18,513.2,513.18,513.2,0.0,61.26,31319.23,1
2026-02-26,2026-02-26 14:17:00,513.2,513.22,513.2,513.22,0.0,61.26,31319.23,1
2026-02-26,2026-02-26 14:18:00,513.22,513.23,513.22,513.23,0.0,61.26,31319.23,1
2026-02-26,2026-02-26 14:19:00,513.23,513.25,513.23,513.25,0.0,61.26,31319.23,1
2026-02-26,2026-02-26 14:20:00,513.25,513.27,513.25,513.27,0.0,61.26,31319.23,1
2026-02-26,2026-02-26 14:21:00,513.27,513.28,513.27,513.28,0.0,61.26,31319.23,1
2026-02-26,2026-02-26 14:22:00,513.28,513.3,513.28,513.3,0.0,61.26,31319.23,1
2026-02-26,2026-02-26 14:23:00,513.3,513.31,513.3,513.31,0.0,61.26,31319.23,1
2026-02-26,2026-02-26 14:24:00,513.31,513.33,513.31,513.33,0.0,61.26,31319.23,1
2026-02-26,2026-02-26 14:25:00,513.33,513.35,513.33,513.35,0.0,61.26,31319.23,1
2026-02-26,2026-02-26 14:26:00,513.35,513.36,513.35,513.36,0.0,61.26,31319.23,1
2026-02-26,2026-02-26 14:27:00,513.36,513.38,513.36,513.38,0.0,61.26,31319.23,1
2026-02-26,2026-02-26 14:28:00,513.38,513.4,513.38,513.4,0.0,61.26,31319.23,1
2026-02-26,2026-02-26 14:29:00,513.4,513.41,513.4,513.41,0.0,61.26,31319.23,1
2026-02-26,2026-02-26 14:30:00,513.41,513.43,513.41,513.43,0.0,61.26,31319.23,1
2026-02-26,2026-02-26 14:31:00,513.43,513.44,513.43,513.44,0.0,61.26,31319.23,1
2026-02-26,2026-02-26 14:32:00,513.44,513.46,513.44,513.46,0.0,61.26,31319.23,1
2026-02-26,2026-02-26 14:33:00,513.46,513.48,513.46,513.48,0.0,61.26,31319.23,1
2026-02-26,2026-02-26 14:34:00,513.48,513.49,513.48,513.49,0.0,61.26,31319.23,1
2026-02-26,2026-02-26 14:35:00,513.49,513.51,513.49,513.51,0.0,61.26,31319.23,1
2026-02-26,2026-02-26 14:36:00,513.51,513.53,513.51,513.53,0.0,61.26,31319.23,1
2026-02-26,2026-02-26 14:37:00,513.53,513.54,513.53,513.54,0.0,61.26,31319.23,1
2026-02-26,2026-02-26 14:38:00,513.54,513.56,513.54,513.56,0.0,61.26,31319.23,1
2026-02-26,2026-02-26 14:39:00,513.56,513.57,513.56,513.57,0.0,61.26,31319.23,1
2026-02-26,2026-02-26 14:40:00,513.57,513.59,513.57,513.59,0.0,61.26,31319.23,1
2026-02-26,2026-02-26 14:41:00,513.59,513.61,513.59,513.61,0.0,61.26,31319.23,1
2026-02-26,2026-02-26 14:42:00,513.61,513.62,513.61,513.62,0.0,61.26,31319.23,1
2026-02-26,2026-02-26 14:43:00,513.62,513.64,513.62,513.64,0.0,61.26,31319.23,1
2026-02-26,2026-02-26 14:44:00,513.64,513.66,513.64,513.66,0.0,61.26,31319.23,1
2026-02-26,2026-02-26 14:45:00,513.66,513.67,513.66,513.67,0.0,61.26,31319.23,1
2026-02-26,2026-02-26 14:46:00,513.67,513.69,513.67,513.69,0.0,61.26,31319.23,1
2026-02-26,2026-02-26 14:47:00,513.69,513.7,513.69,513.7,0.0,61.26,31319.23,1
2026-02-26,2026-02-26 14:48:00,513.7,513.72,513.7,513.72,0.0,61.26,31319.23,1
2026-02-26,2026-02-26 14:49:00,513.72,513.74,513.72,513.74,0.0,61.26,31319.23,1
2026-02-26,2026-02-26 14:50:00,513.74,513.75,513.74,513.75,0.0,61.26,31319.23,1
2026-02-26,2026-02-26 14:51:00,513.75,513.77,513.75,513.77,0.0,61.26,31319.23,1
2026-02-26,2026-02-26 14:52:00,513.77,513.79,513.77,513.79,0.0,61.26,31319.23,1
2026-02-26,2026-02-26 14:53:00,513.79,513.8,513.79,513.8,0.0,61.26,31319.23,1
2026-02-26,2026-02-26 14:54:00,513.8,513.82,513.8,513.82,0.0,61.26,31319.23,1
2026-02-26,2026-02-26 14:55:00,513.82,513.83,513.82,513.83,0.0,61.26,31319.23,1
2026-02-26,2026-02-26 14:56:00,513.83,513.85,513.83,513.85,0.0,61.26,31319.23,1
2026-02-26,2026-02-26 14:57:00,513.85,513.87,513.85,513.87,0.0,61.26,31319.23,1
2026-02-26,2026-02-26 14:58:00,513.87,513.88,513.87,513.88,0.0,61.26,31319.23,1
2026-02-26,2026-02-26 14:59:00,513.88,513.9,513.88,513.9,0.0,61.26,31319.23,1
2026-02-26,2026-02-26 15:00:00,513.9,515.0,507.0,513.9,0.0,61.26,31319.23,0
2026-03-01,2026-03-01 11:00:00,510.0,512.37,510.0,510.03,0.01,22.44,11502.05,1
2026-03-01,2026-03-01 11:01:00,510.03,510.07,510.03,510.07,0.01,22.44,11502.05,1
2026-03-01,2026-03-01 11:02:00,510.07,510.1,510.07,510.1,0.01,22.44,11502.05,1
2026-03-01,2026-03-01 11:03:00,510.1,510.13,510.1,510.13,0.01,22.44,11502.05,1
2026-03-01,2026-03-01 11:04:00,510.13,510.16,510.13,510.16,0.01,22.44,11502.05,1
2026-03-01,2026-03-01 11:05:00,510.16,510.2,510.16,510.2,0.01,22.44,11502.05,1
2026-03-01,2026-03-01 11:06:00,510.2,510.23,510.2,510.23,0.01,22.44,11502.05,1
2026-03-01,2026-03-01 11:07:00,510.23,510.26,510.23,510.26,0.01,22.44,11502.05,1
2026-03-01,2026-03-01 11:08:00,510.26,510.3,510.26,510.3,0.01,22.44,11502.05,1
2026-03-01,2026-03-01 11:09:00,510.3,510.33,510.3,510.33,0.01,22.44,11502.05,1
2026-03-01,2026-03-01 11:10:00,510.33,510.36,510.33,510.36,0.01,22.44,11502.05,1
2026-03-01,2026-03-01 11:11:00,510.36,510.39,510.36,510.39,0.01,22.44,11502.05,1
2026-03-01,2026-03-01 11:12:00,510.39,510.43,510.39,510.43,0.01,22.44,11502.05,1
2026-03-01,2026-03-01 11:13:00,510.43,510.46,510.43,510.46,0.01,22.44,11502.05,1
2026-03-01,2026-03-01 11:14:00,510.46,510.49,510.46,510.49,0.01,22.44,11502.05,1
2026-03-01,2026-03-01 11:15:00,510.49,510.53,510.49,510.53,0.01,22.44,11502.05,1
2026-03-01,2026-03-01 11:16:00,510.53,510.56,510.53,510.56,0.01,22.44,11502.05,1
2026-03-01,2026-03-01 11:17:00,510.56,510.59,510.56,510.59,0.01,22.44,11502.05,1
2026-03-01,2026-03-01 11:18:00,510.59,510.63,510.59,510.63,0.01,22.44,11502.05,1
2026-03-01,2026-03-01 11:19:00,510.63,510.66,510.63,510.66,0.01,22.44,11502.05,1
2026-03-01,2026-03-01 11:20:00,510.66,510.69,510.66,510.69,0.01,22.44,11502.05,1
2026-03-01,2026-03-01 11:21:00,510.69,510.72,510.69,510.72,0.01,22.44,11502.05,1
2026-03-01,2026-03-01 11:22:00,510.72,510.76,510.72,510.76,0.01,22.44,11502.05,1
2026-03-01,2026-03-01 11:23:00,510.76,510.79,510.76,510.79,0.01,22.44,11502.05,1
2026-03-01,2026-03-01 11:24:00,510.79,510.82,510.79,510.82,0.01,22.44,11502.05,1
2026-03-01,2026-03-01 11:25:00,510.82,510.86,510.82,510.86,0.01,22.44,11502.05,1
2026-03-01,2026-03-01 11:26:00,510.86,510.89,510.86,510.89,0.01,22.44,11502.05,1
2026-03-01,2026-03-01 11:27:00,510.89,510.92,510.89,510.92,0.01,22.44,11502.05,1
2026-03-01,2026-03-01 11:28:00,510.92,510.95,510.92,510.95,0.01,22.44,11502.05,1
2026-03-01,2026-03-01 11:29:00,510.95,510.99,510.95,510.99,0.01,22.44,11502.05,1
2026-03-01,2026-03-01 11:30:00,510.99,511.02,510.99,511.02,0.01,22.44,11502.05,1
2026-03-01,2026-03-01 11:31:00,511.02,511.05,511.02,511.05,0.01,22.44,11502.05,1
2026-03-01,2026-03-01 11:32:00,511.05,511.09,511.05,511.09,0.01,22.44,11502.05,1
2026-03-01,2026-03-01 11:33:00,511.09,511.12,511.09,511.12,0.01,22.44,11502.05,1
2026-03-01,2026-03-01 11:34:00,511.12,511.15,511.12,511.15,0.01,22.44,11502.05,1
2026-03-01,2026-03-01 11:35:00,511.15,511.19,511.15,511.19,0.01,22.44,11502.05,1
2026-03-01,2026-03-01 11:36:00,511.19,511.22,511.19,511.22,0.01,22.44,11502.05,1
2026-03-01,2026-03-01 11:37:00,511.22,511.25,511.22,511.25,0.01,22.44,11502.05,1
2026-03-01,2026-03-01 11:38:00,511.25,511.28,511.25,511.28,0.01,22.44,11502.05,1
2026-03-01,2026-03-01 11:39:00,511.28,511.32,511.28,511.32,0.01,22.44,11502.05,1
2026-03-01,2026-03-01 11:40:00,511.32,511.35,511.32,511.35,0.01,22.44,11502.05,1
2026-03-01,2026-03-01 11:41:00,511.35,511.38,511.35,511.38,0.01,22.44,11502.05,1
2026-03-01,2026-03-01 11:42:00,511.38,511.42,511.38,511.42,0.01,22.44,11502.05,1
2026-03-01,2026-03-01 11:43:00,511.42,511.45,511.42,511.45,0.01,22.44,11502.05,1
2026-03-01,2026-03-01 11:44:00,511.45,511.48,511.45,511.48,0.01,22.44,11502.05,1
2026-03-01,2026-03-01 11:45:00,511.48,511.51,511.48,511.51,0.01,22.44,11502.05,1
2026-03-01,2026-03-01 11:46:00,511.51,511.55,511.51,511.55,0.01,22.44,11502.05,1
2026-03-01,2026-03-01 11:47:00,511.55,511.58,511.55,511.58,0.01,22.44,11502.05,1
2026-03-01,2026-03-01 11:48:00,511.58,511.61,511.58,511.61,0.01,22.44,11502.05,1
2026-03-01,2026-03-01 11:49:00,511.61,511.65,511.61,511.65,0.01,22.44,11502.05,1
2026-03-01,2026-03-01 11:50:00,511.65,511.68,511.65,511.68,0.01,22.44,11502.05,1
2026-03-01,2026-03-01 11:51:00,511.68,511.71,511.68,511.71,0.01,22.44,11502.05,1
2026-03-01,2026-03-01 11:52:00,511.71,511.74,511.71,511.74,0.01,22.44,11502.05,1
2026-03-01,2026-03-01 11:53:00,511.74,511.78,511.74,511.78,0.01,22.44,11502.05,1
2026-03-01,2026-03-01 11:54:00,511.78,511.81,511.78,511.81,0.01,22.44,11502.05,1
2026-03-01,2026-03-01 11:55:00,511.81,511.84,511.81,511.84,0.01,22.44,11502.05,1
2026-03-01,2026-03-01 11:56:00,511.84,511.88,511.84,511.88,0.01,22.44,11502.05,1
2026-03-01,2026-03-01 11:57:00,511.88,511.91,511.88,511.91,0.01,22.44,11502.05,1
2026-03-01,2026-03-01 11:58:00,511.91,511.94,511.91,511.94,0.01,22.44,11502.05,1
2026-03-01,2026-03-01 11:59:00,511.94,511.98,511.94,511.98,0.01,22.44,11502.05,1
2026-03-01,2026-03-01 12:00:00,511.98,512.01,511.98,512.01,0.01,22.44,11502.05,1
2026-03-01,2026-03-01 12:01:00,512.01,512.04,512.01,512.04,0.01,22.44,11502.05,1
2026-03-01,2026-03-01 12:02:00,512.04,512.07,512.04,512.07,0.01,22.44,11502.05,1
2026-03-01,2026-03-01 12:03:00,512.07,512.11,512.07,512.11,0.01,22.44,11502.05,1
2026-03-01,2026-03-01 12:04:00,512.11,512.14,512.11,512.14,0.01,22.44,11502.05,1
2026-03-01,2026-03-01 12:05:00,512.14,512.17,512.14,512.17,0.01,22.44,11502.05,1
2026-03-01,2026-03-01 12:06:00,512.17,512.21,512.17,512.21,0.01,22.44,11502.05,1
2026-03-01,2026-03-01 12:07:00,512.21,512.24,512.21,512.24,0.01,22.44,11502.05,1
2026-03-01,2026-03-01 12:08:00,512.24,512.27,512.24,512.27,0.01,22.44,11502.05,1
2026-03-01,2026-03-01 12:09:00,512.27,512.3,512.27,512.3,0.01,22.44,11502.05,1
2026-03-01,2026-03-01 12:10:00,512.3,512.34,512.3,512.34,0.01,22.44,11502.05,1
2026-03-01,2026-03-01 12:11:00,512.34,512.37,512.34,512.37,0.01,22.44,11502.05,1
2026-03-01,2026-03-01 12:12:00,512.37,512.4,512.37,512.4,0.01,22.44,11502.05,1
2026-03-01,2026-03-01 12:13:00,512.4,512.44,512.4,512.44,0.01,22.44,11502.05,1
2026-03-01,2026-03-01 12:14:00,512.44,512.47,512.44,512.47,0.01,22.44,11502.05,1
2026-03-01,2026-03-01 12:15:00,512.47,512.5,512.47,512.5,0.01,22.44,11502.05,1
2026-03-01,2026-03-01 12:16:00,512.5,512.53,512.5,512.53,0.01,22.44,11502.05,1
2026-03-01,2026-03-01 12:17:00,512.53,512.57,512.53,512.57,0.01,22.44,11502.05,1
2026-03-01,2026-03-01 12:18:00,512.57,512.6,512.57,512.6,0.01,22.44,11502.05,1
2026-03-01,2026-03-01 12:19:00,512.6,512.63,512.6,512.63,0.01,22.44,11502.05,1
2026-03-01,2026-03-01 12:20:00,512.63,512.67,512.63,512.67,0.01,22.44,11502.05,1
2026-03-01,2026-03-01 12:21:00,512.67,512.7,512.67,512.7,0.01,22.44,11502.05,1
2026-03-01,2026-03-01 12:22:00,512.7,512.73,512.7,512.73,0.01,22.44,11502.05,1
2026-03-01,2026-03-01 12:23:00,512.73,512.76,512.73,512.76,0.01,22.44,11502.05,1
2026-03-01,2026-03-01 12:24:00,512.76,512.8,512.76,512.8,0.01,22.44,11502.05,1
2026-03-01,2026-03-01 12:25:00,512.8,512.83,512.8,512.83,0.01,22.44,11502.05,1
2026-03-01,2026-03-01 12:26:00,512.83,512.86,512.83,512.86,0.01,22.44,11502.05,1
2026-03-01,2026-03-01 12:27:00,512.86,512.9,512.86,512.9,0.01,22.44,11502.05,1
2026-03-01,2026-03-01 12:28:00,512.9,512.93,512.9,512.93,0.01,22.44,11502.05,1
2026-03-01,2026-03-01 12:29:00,512.93,512.96,512.93,512.96,0.01,22.44,11502.05,1
2026-03-01,2026-03-01 12:30:00,512.96,513.0,512.96,513.0,0.01,22.44,11502.05,1
2026-03-01,2026-03-01 12:31:00,513.0,513.03,513.0,513.03,0.01,22.44,11502.05,1
2026-03-01,2026-03-01 12:32:00,513.03,513.06,513.03,513.06,0.01,22.44,11502.05,1
2026-03-01,2026-03-01 12:33:00,513.06,513.09,513.06,513.09,0.01,22.44,11502.05,1
2026-03-01,2026-03-01 12:34:00,513.09,513.13,513.09,513.13,0.01,22.44,11502.05,1
2026-03-01,2026-03-01 12:35:00,513.13,513.16,513.13,513.16,0.01,22.44,11502.05,1
2026-03-01,2026-03-01 12:36:00,513.16,513.19,513.16,513.19,0.01,22.44,11502.05,1
2026-03-01,2026-03-01 12:37:00,513.19,513.23,513.19,513.23,0.01,22.44,11502.05,1
2026-03-01,2026-03-01 12:38:00,513.23,513.26,513.23,513.26,0.01,22.44,11502.05,1
2026-03-01,2026-03-01 12:39:00,513.26,513.29,513.26,513.29,0.01,22.44,11502.05,1
2026-03-01,2026-03-01 12:40:00,513.29,513.32,513.29,513.32,0.01,22.44,11502.05,1
2026-03-01,2026-03-01 12:41:00,513.32,513.36,513.32,513.36,0.01,22.44,11502.05,1
2026-03-01,2026-03-01 12:42:00,513.36,513.39,513.36,513.39,0.01,22.44,11502.05,1
2026-03-01,2026-03-01 12:43:00,513.39,513.42,513.39,513.42,0.01,22.44,11502.05,1
2026-03-01,2026-03-01 12:44:00,513.42,513.46,513.42,513.46,0.01,22.44,11502.05,1
2026-03-01,2026-03-01 12:45:00,513.46,513.49,513.46,513.49,0.01,22.44,11502.05,1
2026-03-01,2026-03-01 12:46:00,513.49,513.52,513.49,513.52,0.01,22.44,11502.05,1
2026-03-01,2026-03-01 12:47:00,513.52,513.55,513.52,513.55,0.01,22.44,11502.05,1
2026-03-01,2026-03-01 12:48:00,513.55,513.59,513.55,513.59,0.01,22.44,11502.05,1
2026-03-01,2026-03-01 12:49:00,513.59,513.62,513.59,513.62,0.01,22.44,11502.05,1
2026-03-01,2026-03-01 12:50:00,513.62,513.65,513.62,513.65,0.01,22.44,11502.05,1
2026-03-01,2026-03-01 12:51:00,513.65,513.69,513.65,513.69,0.01,22.44,11502.05,1
2026-03-01,2026-03-01 12:52:00,513.69,513.72,513.69,513.72,0.01,22.44,11502.05,1
2026-03-01,2026-03-01 12:53:00,513.72,513.75,513.72,513.75,0.01,22.44,11502.05,1
2026-03-01,2026-03-01 12:54:00,513.75,513.79,513.75,513.79,0.01,22.44,11502.05,1
2026-03-01,2026-03-01 12:55:00,513.79,513.82,513.79,513.82,0.01,22.44,11502.05,1
2026-03-01,2026-03-01 12:56:00,513.82,513.85,513.82,513.85,0.01,22.44,11502.05,1
2026-03-01,2026-03-01 12:57:00,513.85,513.88,513.85,513.88,0.01,22.44,11502.05,1
2026-03-01,2026-03-01 12:58:00,513.88,513.92,513.88,513.92,0.01,22.44,11502.05,1
2026-03-01,2026-03-01 12:59:00,513.92,513.95,513.92,513.95,0.01,22.44,11502.05,1
2026-03-01,2026-03-01 13:00:00,513.95,517.9,510.0,513.98,0.01,22.44,11502.05,1
2026-03-01,2026-03-01 13:01:00,513.98,514.02,513.98,514.02,0.01,22.44,11502.05,1
2026-03-01,2026-03-01 13:02:00,514.02,514.05,514.02,514.05,0.01,22.44,11502.05,1
2026-03-01,2026-03-01 13:03:00,514.05,514.08,514.05,514.08,0.01,22.44,11502.05,1
2026-03-01,2026-03-01 13:04:00,514.08,514.11,514.08,514.11,0.01,22.44,11502.05,1
2026-03-01,2026-03-01 13:05:00,514.11,514.15,514.11,514.15,0.01,22.44,11502.05,1
2026-03-01,2026-03-01 13:06:00,514.15,514.18,514.15,514.18,0.01,22.44,11502.05,1
2026-03-01,2026-03-01 13:07:00,514.18,514.21,514.18,514.21,0.01,22.44,11502.05,1
2026-03-01,2026-03-01 13:08:00,514.21,514.25,514.21,514.25,0.01,22.44,11502.05,1
2026-03-01,2026-03-01 13:09:00,514.25,514.28,514.25,514.28,0.01,22.44,11502.05,1
2026-03-01,2026-03-01 13:10:00,514.28,514.31,514.28,514.31,0.01,22.44,11502.05,1
2026-03-01,2026-03-01 13:11:00,514.31,514.35,514.31,514.35,0.01,22.44,11502.05,1
2026-03-01,2026-03-01 13:12:00,514.35,514.38,514.35,514.38,0.01,22.44,11502.05,1
2026-03-01,2026-03-01 13:13:00,514.38,514.41,514.38,514.41,0.01,22.44,11502.05,1
2026-03-01,2026-03-01 13:14:00,514.41,514.44,514.41,514.44,0.01,22.44,11502.05,1
2026-03-01,2026-03-01 13:15:00,514.44,514.48,514.44,514.48,0.01,22.44,11502.05,1
2026-03-01,2026-03-01 13:16:00,514.48,514.51,514.48,514.51,0.01,22.44,11502.05,1
2026-03-01,2026-03-01 13:17:00,514.51,514.54,514.51,514.54,0.01,22.44,11502.05,1
2026-03-01,2026-03-01 13:18:00,514.54,514.58,514.54,514.58,0.01,22.44,11502.05,1
2026-03-01,2026-03-01 13:19:00,514.58,514.61,514.58,514.61,0.01,22.44,11502.05,1
2026-03-01,2026-03-01 13:20:00,514.61,514.64,514.61,514.64,0.01,22.44,11502.05,1
2026-03-01,2026-03-01 13:21:00,514.64,514.67,514.64,514.67,0.01,22.44,11502.05,1
2026-03-01,2026-03-01 13:22:00,514.67,514.71,514.67,514.71,0.01,22.44,11502.05,1
2026-03-01,2026-03-01 13:23:00,514.71,514.74,514.71,514.74,0.01,22.44,11502.05,1
2026-03-01,2026-03-01 13:24:00,514.74,514.77,514.74,514.77,0.01,22.44,11502.05,1
2026-03-01,2026-03-01 13:25:00,514.77,514.81,514.77,514.81,0.01,22.44,11502.05,1
2026-03-01,2026-03-01 13:26:00,514.81,514.84,514.81,514.84,0.01,22.44,11502.05,1
2026-03-01,2026-03-01 13:27:00,514.84,514.87,514.84,514.87,0.01,22.44,11502.05,1
2026-03-01,2026-03-01 13:28:00,514.87,514.9,514.87,514.9,0.01,22.44,11502.05,1
2026-03-01,2026-03-01 13:29:00,514.9,514.94,514.9,514.94,0.01,22.44,11502.05,1
2026-03-01,2026-03-01 13:30:00,514.94,514.97,514.94,514.97,0.01,22.44,11502.05,1
2026-03-01,2026-03-01 13:31:00,514.97,515.0,514.97,515.0,0.01,22.44,11502.05,1
2026-03-01,2026-03-01 13:32:00,515.0,515.04,515.0,515.04,0.01,22.44,11502.05,1
2026-03-01,2026-03-01 13:33:00,515.04,515.07,515.04,515.07,0.01,22.44,11502.05,1
2026-03-01,2026-03-01 13:34:00,515.07,515.1,515.07,515.1,0.01,22.44,11502.05,1
2026-03-01,2026-03-01 13:35:00,515.1,515.13,515.1,515.13,0.01,22.44,11502.05,1
2026-03-01,2026-03-01 13:36:00,515.13,515.17,515.13,515.17,0.01,22.44,11502.05,1
2026-03-01,2026-03-01 13:37:00,515.17,515.2,515.17,515.2,0.01,22.44,11502.05,1
2026-03-01,2026-03-01 13:38:00,515.2,515.23,515.2,515.23,0.01,22.44,11502.05,1
2026-03-01,2026-03-01 13:39:00,515.23,515.27,515.23,515.27,0.01,22.44,11502.05,1
2026-03-01,2026-03-01 13:40:00,515.27,515.3,515.27,515.3,0.01,22.44,11502.05,1
2026-03-01,2026-03-01 13:41:00,515.3,515.33,515.3,515.33,0.01,22.44,11502.05,1
2026-03-01,2026-03-01 13:42:00,515.33,515.37,515.33,515.37,0.01,22.44,11502.05,1
2026-03-01,2026-03-01 13:43:00,515.37,515.4,515.37,515.4,0.01,22.44,11502.05,1
2026-03-01,2026-03-01 13:44:00,515.4,515.43,515.4,515.43,0.01,22.44,11502.05,1
2026-03-01,2026-03-01 13:45:00,515.43,515.46,515.43,515.46,0.01,22.44,11502.05,1
2026-03-01,2026-03-01 13:46:00,515.46,515.5,515.46,515.5,0.01,22.44,11502.05,1
2026-03-01,2026-03-01 13:47:00,515.5,515.53,515.5,515.53,0.01,22.44,11502.05,1
2026-03-01,2026-03-01 13:48:00,515.53,515.56,515.53,515.56,0.01,22.44,11502.05,1
2026-03-01,2026-03-01 13:49:00,515.56,515.6,515.56,515.6,0.01,22.44,11502.05,1
2026-03-01,2026-03-01 13:50:00,515.6,515.63,515.6,515.63,0.01,22.44,11502.05,1
2026-03-01,2026-03-01 13:51:00,515.63,515.66,515.63,515.66,0.01,22.44,11502.05,1
2026-03-01,2026-03-01 13:52:00,515.66,515.69,515.66,515.69,0.01,22.44,11502.05,1
2026-03-01,2026-03-01 13:53:00,515.69,515.73,515.69,515.73,0.01,22.44,11502.05,1
2026-03-01,2026-03-01 13:54:00,515.73,515.76,515.73,515.76,0.01,22.44,11502.05,1
2026-03-01,2026-03-01 13:55:00,515.76,515.79,515.76,515.79,0.01,22.44,11502.05,1
2026-03-01,2026-03-01 13:56:00,515.79,515.83,515.79,515.83,0.01,22.44,11502.05,1
2026-03-01,2026-03-01 13:57:00,515.83,515.86,515.83,515.86,0.01,22.44,11502.05,1
2026-03-01,2026-03-01 13:58:00,515.86,515.89,515.86,515.89,0.01,22.44,11502.05,1
2026-03-01,2026-03-01 13:59:00,515.89,515.92,515.89,515.92,0.01,22.44,11502.05,1
2026-03-01,2026-03-01 14:00:00,515.92,515.96,515.92,515.96,0.01,22.44,11502.05,1
2026-03-01,2026-03-01 14:01:00,515.96,515.99,515.96,515.99,0.01,22.44,11502.05,1
2026-03-01,2026-03-01 14:02:00,515.99,516.02,515.99,516.02,0.01,22.44,11502.05,1
2026-03-01,2026-03-01 14:03:00,516.02,516.06,516.02,516.06,0.01,22.44,11502.05,1
2026-03-01,2026-03-01 14:04:00,516.06,516.09,516.06,516.09,0.01,22.44,11502.05,1
2026-03-01,2026-03-01 14:05:00,516.09,516.12,516.09,516.12,0.01,22.44,11502.05,1
2026-03-01,2026-03-01 14:06:00,516.12,516.16,516.12,516.16,0.01,22.44,11502.05,1
2026-03-01,2026-03-01 14:07:00,516.16,516.19,516.16,516.19,0.01,22.44,11502.05,1
2026-03-01,2026-03-01 14:08:00,516.19,516.22,516.19,516.22,0.01,22.44,11502.05,1
2026-03-01,2026-03-01 14:09:00,516.22,516.25,516.22,516.25,0.01,22.44,11502.05,1
2026-03-01,2026-03-01 14:10:00,516.25,516.29,516.25,516.29,0.01,22.44,11502.05,1
2026-03-01,2026-03-01 14:11:00,516.29,516.32,516.29,516.32,0.01,22.44,11502.05,1
2026-03-01,2026-03-01 14:12:00,516.32,516.35,516.32,516.35,0.01,22.44,11502.05,1
2026-03-01,2026-03-01 14:13:00,516.35,516.39,516.35,516.39,0.01,22.44,11502.05,1
2026-03-01,2026-03-01 14:14:00,516.39,516.42,516.39,516.42,0.01,22.44,11502.05,1
2026-03-01,2026-03-01 14:15:00,516.42,516.45,516.42,516.45,0.01,22.44,11502.05,1
2026-03-01,2026-03-01 14:16:00,516.45,516.48,516.45,516.48,0.01,22.44,11502.05,1
2026-03-01,2026-03-01 14:17:00,516.48,516.52,516.48,516.52,0.01,22.44,11502.05,1
2026-03-01,2026-03-01 14:18:00,516.52,516.55,516.52,516.55,0.01,22.44,11502.05,1
2026-03-01,2026-03-01 14:19:00,516.55,516.58,516.55,516.58,0.01,22.44,11502.05,1
2026-03-01,2026-03-01 14:20:00,516.58,516.62,516.58,516.62,0.01,22.44,11502.05,1
2026-03-01,2026-03-01 14:21:00,516.62,516.65,516.62,516.65,0.01,22.44,11502.05,1
2026-03-01,2026-03-01 14:22:00,516.65,516.68,516.65,516.68,0.01,22.44,11502.05,1
2026-03-01,2026-03-01 14:23:00,516.68,516.72,516.68,516.72,0.01,22.44,11502.05,1
2026-03-01,2026-03-01 14:24:00,516.72,516.75,516.72,516.75,0.01,22.44,11502.05,1
2026-03-01,2026-03-01 14:25:00,516.75,516.78,516.75,516.78,0.01,22.44,11502.05,1
2026-03-01,2026-03-01 14:26:00,516.78,516.81,516.78,516.81,0.01,22.44,11502.05,1
2026-03-01,2026-03-01 14:27:00,516.81,516.85,516.81,516.85,0.01,22.44,11502.05,1
2026-03-01,2026-03-01 14:28:00,516.85,516.88,516.85,516.88,0.01,22.44,11502.05,1
2026-03-01,2026-03-01 14:29:00,516.88,516.91,516.88,516.91,0.01,22.44,11502.05,1
2026-03-01,2026-03-01 14:30:00,516.91,516.95,516.91,516.95,0.01,22.44,11502.05,1
2026-03-01,2026-03-01 14:31:00,516.95,516.98,516.95,516.98,0.01,22.44,11502.05,1
2026-03-01,2026-03-01 14:32:00,516.98,517.01,516.98,517.01,0.01,22.44,11502.05,1
2026-03-01,2026-03-01 14:33:00,517.01,517.04,517.01,517.04,0.01,22.44,11502.05,1
2026-03-01,2026-03-01 14:34:00,517.04,517.08,517.04,517.08,0.01,22.44,11502.05,1
2026-03-01,2026-03-01 14:35:00,517.08,517.11,517.08,517.11,0.01,22.44,11502.05,1
2026-03-01,2026-03-01 14:36:00,517.11,517.14,517.11,517.14,0.01,22.44,11502.05,1
2026-03-01,2026-03-01 14:37:00,517.14,517.18,517.14,517.18,0.01,22.44,11502.05,1
2026-03-01,2026-03-01 14:38:00,517.18,517.21,517.18,517.21,0.01,22.44,11502.05,1
2026-03-01,2026-03-01 14:39:00,517.21,517.24,517.21,517.24,0.01,22.44,11502.05,1
2026-03-01,2026-03-01 14:40:00,517.24,517.27,517.24,517.27,0.01,22.44,11502.05,1
2026-03-01,2026-03-01 14:41:00,517.27,517.31,517.27,517.31,0.01,22.44,11502.05,1
2026-03-01,2026-03-01 14:42:00,517.31,517.34,517.31,517.34,0.01,22.44,11502.05,1
2026-03-01,2026-03-01 14:43:00,517.34,517.37,517.34,517.37,0.01,22.44,11502.05,1
2026-03-01,2026-03-01 14:44:00,517.37,517.41,517.37,517.41,0.01,22.44,11502.05,1
2026-03-01,2026-03-01 14:45:00,517.41,517.44,517.41,517.44,0.01,22.44,11502.05,1
2026-03-01,2026-03-01 14:46:00,517.44,517.47,517.44,517.47,0.01,22.44,11502.05,1
2026-03-01,2026-03-01 14:47:00,517.47,517.5,517.47,517.5,0.01,22.44,11502.05,1
2026-03-01,2026-03-01 14:48:00,517.5,517.54,517.5,517.54,0.01,22.44,11502.05,1
2026-03-01,2026-03-01 14:49:00,517.54,517.57,517.54,517.57,0.01,22.44,11502.05,1
2026-03-01,2026-03-01 14:50:00,517.57,517.6,517.57,517.6,0.01,22.44,11502.05,1
2026-03-01,2026-03-01 14:51:00,517.6,517.64,517.6,517.64,0.01,22.44,11502.05,1
2026-03-01,2026-03-01 14:52:00,517.64,517.67,517.64,517.67,0.01,22.44,11502.05,1
2026-03-01,2026-03-01 14:53:00,517.67,517.7,517.67,517.7,0.01,22.44,11502.05,1
2026-03-01,2026-03-01 14:54:00,517.7,517.74,517.7,517.74,0.01,22.44,11502.05,1
2026-03-01,2026-03-01 14:55:00,517.74,517.77,517.74,517.77,0.01,22.44,11502.05,1
2026-03-01,2026-03-01 14:56:00,517.77,517.8,517.77,517.8,0.01,22.44,11502.05,1
2026-03-01,2026-03-01 14:57:00,517.8,517.83,517.8,517.83,0.01,22.44,11502.05,1
2026-03-01,2026-03-01 14:58:00,517.83,517.87,517.83,517.87,0.01,22.44,11502.05,1
2026-03-01,2026-03-01 14:59:00,517.87,517.9,517.87,517.9,0.01,22.44,11502.05,1
2026-03-01,2026-03-01 15:00:00,517.9,517.9,510.0,517.9,0.0,22.44,11502.05,0
2026-03-03,2026-03-03 11:00:00,508.0,513.1,505.6,508.06,0.01,17.95,9291.36,1
2026-03-03,2026-03-03 11:01:00,508.06,508.12,508.06,508.12,0.01,17.95,9291.36,1
2026-03-03,2026-03-03 11:02:00,508.12,508.19,508.12,508.19,0.01,17.95,9291.36,1
2026-03-03,2026-03-03 11:03:00,508.19,508.25,508.19,508.25,0.01,17.95,9291.36,1
2026-03-03,2026-03-03 11:04:00,508.25,508.31,508.25,508.31,0.01,17.95,9291.36,1
2026-03-03,2026-03-03 11:05:00,508.31,508.37,508.31,508.37,0.01,17.95,9291.36,1
2026-03-03,2026-03-03 11:06:00,508.37,508.43,508.37,508.43,0.01,17.95,9291.36,1
2026-03-03,2026-03-03 11:07:00,508.43,508.5,508.43,508.5,0.01,17.95,9291.36,1
2026-03-03,2026-03-03 11:08:00,508.5,508.56,508.5,508.56,0.01,17.95,9291.36,1
2026-03-03,2026-03-03 11:09:00,508.56,508.62,508.56,508.62,0.01,17.95,9291.36,1
2026-03-03,2026-03-03 11:10:00,508.62,508.68,508.62,508.68,0.01,17.95,9291.36,1
2026-03-03,2026-03-03 11:11:00,508.68,508.75,508.68,508.75,0.01,17.95,9291.36,1
2026-03-03,2026-03-03 11:12:00,508.75,508.81,508.75,508.81,0.01,17.95,9291.36,1
2026-03-03,2026-03-03 11:13:00,508.81,508.87,508.81,508.87,0.01,17.95,9291.36,1
2026-03-03,2026-03-03 11:14:00,508.87,508.93,508.87,508.93,0.01,17.95,9291.36,1
2026-03-03,2026-03-03 11:15:00,508.93,508.99,508.93,508.99,0.01,17.95,9291.36,1
2026-03-03,2026-03-03 11:16:00,508.99,509.06,508.99,509.06,0.01,17.95,9291.36,1
2026-03-03,2026-03-03 11:17:00,509.06,509.12,509.06,509.12,0.01,17.95,9291.36,1
2026-03-03,2026-03-03 11:18:00,509.12,509.18,509.12,509.18,0.01,17.95,9291.36,1
2026-03-03,2026-03-03 11:19:00,509.18,509.24,509.18,509.24,0.01,17.95,9291.36,1
2026-03-03,2026-03-03 11:20:00,509.24,509.3,509.24,509.3,0.01,17.95,9291.36,1
2026-03-03,2026-03-03 11:21:00,509.3,509.37,509.3,509.37,0.01,17.95,9291.36,1
2026-03-03,2026-03-03 11:22:00,509.37,509.43,509.37,509.43,0.01,17.95,9291.36,1
2026-03-03,2026-03-03 11:23:00,509.43,509.49,509.43,509.49,0.01,17.95,9291.36,1
2026-03-03,2026-03-03 11:24:00,509.49,509.55,509.49,509.55,0.01,17.95,9291.36,1
2026-03-03,2026-03-03 11:25:00,509.55,509.61,509.55,509.61,0.01,17.95,9291.36,1
2026-03-03,2026-03-03 11:26:00,509.61,509.68,509.61,509.68,0.01,17.95,9291.36,1
2026-03-03,2026-03-03 11:27:00,509.68,509.74,509.68,509.74,0.01,17.95,9291.36,1
2026-03-03,2026-03-03 11:28:00,509.74,509.8,509.74,509.8,0.01,17.95,9291.36,1
2026-03-03,2026-03-03 11:29:00,509.8,509.86,509.8,509.86,0.01,17.95,9291.36,1
2026-03-03,2026-03-03 11:30:00,509.86,509.92,509.86,509.92,0.01,17.95,9291.36,1
2026-03-03,2026-03-03 11:31:00,509.92,509.99,509.92,509.99,0.01,17.95,9291.36,1
2026-03-03,2026-03-03 11:32:00,509.99,510.05,509.99,510.05,0.01,17.95,9291.36,1
2026-03-03,2026-03-03 11:33:00,510.05,510.11,510.05,510.11,0.01,17.95,9291.36,1
2026-03-03,2026-03-03 11:34:00,510.11,510.17,510.11,510.17,0.01,17.95,9291.36,1
2026-03-03,2026-03-03 11:35:00,510.17,510.24,510.17,510.24,0.01,17.95,9291.36,1
2026-03-03,2026-03-03 11:36:00,510.24,510.3,510.24,510.3,0.01,17.95,9291.36,1
2026-03-03,2026-03-03 11:37:00,510.3,510.36,510.3,510.36,0.01,17.95,9291.36,1
2026-03-03,2026-03-03 11:38:00,510.36,510.42,510.36,510.42,0.01,17.95,9291.36,1
2026-03-03,2026-03-03 11:39:00,510.42,510.48,510.42,510.48,0.01,17.95,9291.36,1
2026-03-03,2026-03-03 11:40:00,510.48,510.55,510.48,510.55,0.01,17.95,9291.36,1
2026-03-03,2026-03-03 11:41:00,510.55,510.61,510.55,510.61,0.01,17.95,9291.36,1
2026-03-03,2026-03-03 11:42:00,510.61,510.67,510.61,510.67,0.01,17.95,9291.36,1
2026-03-03,2026-03-03 11:43:00,510.67,510.73,510.67,510.73,0.01,17.95,9291.36,1
2026-03-03,2026-03-03 11:44:00,510.73,510.79,510.73,510.79,0.01,17.95,9291.36,1
2026-03-03,2026-03-03 11:45:00,510.79,510.86,510.79,510.86,0.01,17.95,9291.36,1
2026-03-03,2026-03-03 11:46:00,510.86,510.92,510.86,510.92,0.01,17.95,9291.36,1
2026-03-03,2026-03-03 11:47:00,510.92,510.98,510.92,510.98,0.01,17.95,9291.36,1
2026-03-03,2026-03-03 11:48:00,510.98,511.04,510.98,511.04,0.01,17.95,9291.36,1
2026-03-03,2026-03-03 11:49:00,511.04,511.1,511.04,511.1,0.01,17.95,9291.36,1
2026-03-03,2026-03-03 11:50:00,511.1,511.17,511.1,511.17,0.01,17.95,9291.36,1
2026-03-03,2026-03-03 11:51:00,511.17,511.23,511.17,511.23,0.01,17.95,9291.36,1
2026-03-03,2026-03-03 11:52:00,511.23,511.29,511.23,511.29,0.01,17.95,9291.36,1
2026-03-03,2026-03-03 11:53:00,511.29,511.35,511.29,511.35,0.01,17.95,9291.36,1
2026-03-03,2026-03-03 11:54:00,511.35,511.41,511.35,511.41,0.01,17.95,9291.36,1
2026-03-03,2026-03-03 11:55:00,511.41,511.48,511.41,511.48,0.01,17.95,9291.36,1
2026-03-03,2026-03-03 11:56:00,511.48,511.54,511.48,511.54,0.01,17.95,9291.36,1
2026-03-03,2026-03-03 11:57:00,511.54,511.6,511.54,511.6,0.01,17.95,9291.36,1
2026-03-03,2026-03-03 11:58:00,511.6,511.66,511.6,511.66,0.01,17.95,9291.36,1
2026-03-03,2026-03-03 11:59:00,511.66,511.73,511.66,511.73,0.01,17.95,9291.36,1
2026-03-03,2026-03-03 12:00:00,511.73,511.79,511.73,511.79,0.01,17.95,9291.36,1
2026-03-03,2026-03-03 12:01:00,511.79,511.85,511.79,511.85,0.01,17.95,9291.36,1
2026-03-03,2026-03-03 12:02:00,511.85,511.91,511.85,511.91,0.01,17.95,9291.36,1
2026-03-03,2026-03-03 12:03:00,511.91,511.97,511.91,511.97,0.01,17.95,9291.36,1
2026-03-03,2026-03-03 12:04:00,511.97,512.04,511.97,512.04,0.01,17.95,9291.36,1
2026-03-03,2026-03-03 12:05:00,512.04,512.1,512.04,512.1,0.01,17.95,9291.36,1
2026-03-03,2026-03-03 12:06:00,512.1,512.16,512.1,512.16,0.01,17.95,9291.36,1
2026-03-03,2026-03-03 12:07:00,512.16,512.22,512.16,512.22,0.01,17.95,9291.36,1
2026-03-03,2026-03-03 12:08:00,512.22,512.28,512.22,512.28,0.01,17.95,9291.36,1
2026-03-03,2026-03-03 12:09:00,512.28,512.35,512.28,512.35,0.01,17.95,9291.36,1
2026-03-03,2026-03-03 12:10:00,512.35,512.41,512.35,512.41,0.01,17.95,9291.36,1
2026-03-03,2026-03-03 12:11:00,512.41,512.47,512.41,512.47,0.01,17.95,9291.36,1
2026-03-03,2026-03-03 12:12:00,512.47,512.53,512.47,512.53,0.01,17.95,9291.36,1
2026-03-03,2026-03-03 12:13:00,512.53,512.59,512.53,512.59,0.01,17.95,9291.36,1
2026-03-03,2026-03-03 12:14:00,512.59,512.66,512.59,512.66,0.01,17.95,9291.36,1
2026-03-03,2026-03-03 12:15:00,512.66,512.72,512.66,512.72,0.01,17.95,9291.36,1
2026-03-03,2026-03-03 12:16:00,512.72,512.78,512.72,512.78,0.01,17.95,9291.36,1
2026-03-03,2026-03-03 12:17:00,512.78,512.84,512.78,512.84,0.01,17.95,9291.36,1
2026-03-03,2026-03-03 12:18:00,512.84,512.9,512.84,512.9,0.01,17.95,9291.36,1
2026-03-03,2026-03-03 12:19:00,512.9,512.97,512.9,512.97,0.01,17.95,9291.36,1
2026-03-03,2026-03-03 12:20:00,512.97,513.03,512.97,513.03,0.01,17.95,9291.36,1
2026-03-03,2026-03-03 12:21:00,513.03,513.09,513.03,513.09,0.01,17.95,9291.36,1
2026-03-03,2026-03-03 12:22:00,513.09,513.15,513.09,513.15,0.01,17.95,9291.36,1
2026-03-03,2026-03-03 12:23:00,513.15,513.22,513.15,513.22,0.01,17.95,9291.36,1
2026-03-03,2026-03-03 12:24:00,513.22,513.28,513.22,513.28,0.01,17.95,9291.36,1
2026-03-03,2026-03-03 12:25:00,513.28,513.34,513.28,513.34,0.01,17.95,9291.36,1
2026-03-03,2026-03-03 12:26:00,513.34,513.4,513.34,513.4,0.01,17.95,9291.36,1
2026-03-03,2026-03-03 12:27:00,513.4,513.46,513.4,513.46,0.01,17.95,9291.36,1
2026-03-03,2026-03-03 12:28:00,513.46,513.53,513.46,513.53,0.01,17.95,9291.36,1
2026-03-03,2026-03-03 12:29:00,513.53,513.59,513.53,513.59,0.01,17.95,9291.36,1
2026-03-03,2026-03-03 12:30:00,513.59,513.65,513.59,513.65,0.01,17.95,9291.36,1
2026-03-03,2026-03-03 12:31:00,513.65,513.71,513.65,513.71,0.01,17.95,9291.36,1
2026-03-03,2026-03-03 12:32:00,513.71,513.77,513.71,513.77,0.01,17.95,9291.36,1
2026-03-03,2026-03-03 12:33:00,513.77,513.84,513.77,513.84,0.01,17.95,9291.36,1
2026-03-03,2026-03-03 12:34:00,513.84,513.9,513.84,513.9,0.01,17.95,9291.36,1
2026-03-03,2026-03-03 12:35:00,513.9,513.96,513.9,513.96,0.01,17.95,9291.36,1
2026-03-03,2026-03-03 12:36:00,513.96,514.02,513.96,514.02,0.01,17.95,9291.36,1
2026-03-03,2026-03-03 12:37:00,514.02,514.08,514.02,514.08,0.01,17.95,9291.36,1
2026-03-03,2026-03-03 12:38:00,514.08,514.15,514.08,514.15,0.01,17.95,9291.36,1
2026-03-03,2026-03-03 12:39:00,514.15,514.21,514.15,514.21,0.01,17.95,9291.36,1
2026-03-03,2026-03-03 12:40:00,514.21,514.27,514.21,514.27,0.01,17.95,9291.36,1
2026-03-03,2026-03-03 12:41:00,514.27,514.33,514.27,514.33,0.01,17.95,9291.36,1
2026-03-03,2026-03-03 12:42:00,514.33,514.39,514.33,514.39,0.01,17.95,9291.36,1
2026-03-03,2026-03-03 12:43:00,514.39,514.46,514.39,514.46,0.01,17.95,9291.36,1
2026-03-03,2026-03-03 12:44:00,514.46,514.52,514.46,514.52,0.01,17.95,9291.36,1
2026-03-03,2026-03-03 12:45:00,514.52,514.58,514.52,514.58,0.01,17.95,9291.36,1
2026-03-03,2026-03-03 12:46:00,514.58,514.64,514.58,514.64,0.01,17.95,9291.36,1
2026-03-03,2026-03-03 12:47:00,514.64,514.71,514.64,514.71,0.01,17.95,9291.36,1
2026-03-03,2026-03-03 12:48:00,514.71,514.77,514.71,514.77,0.01,17.95,9291.36,1
2026-03-03,2026-03-03 12:49:00,514.77,514.83,514.77,514.83,0.01,17.95,9291.36,1
2026-03-03,2026-03-03 12:50:00,514.83,514.89,514.83,514.89,0.01,17.95,9291.36,1
2026-03-03,2026-03-03 12:51:00,514.89,514.95,514.89,514.95,0.01,17.95,9291.36,1
2026-03-03,2026-03-03 12:52:00,514.95,515.02,514.95,515.02,0.01,17.95,9291.36,1
2026-03-03,2026-03-03 12:53:00,515.02,515.08,515.02,515.08,0.01,17.95,9291.36,1
2026-03-03,2026-03-03 12:54:00,515.08,515.14,515.08,515.14,0.01,17.95,9291.36,1
2026-03-03,2026-03-03 12:55:00,515.14,515.2,515.14,515.2,0.01,17.95,9291.36,1
2026-03-03,2026-03-03 12:56:00,515.2,515.26,515.2,515.26,0.01,17.95,9291.36,1
2026-03-03,2026-03-03 12:57:00,515.26,515.33,515.26,515.33,0.01,17.95,9291.36,1
2026-03-03,2026-03-03 12:58:00,515.33,515.39,515.33,515.39,0.01,17.95,9291.36,1
2026-03-03,2026-03-03 12:59:00,515.39,515.45,515.39,515.45,0.01,17.95,9291.36,1
2026-03-03,2026-03-03 13:00:00,515.45,525.0,500.0,515.51,0.01,17.95,9291.36,1
2026-03-03,2026-03-03 13:01:00,515.51,515.57,515.51,515.57,0.01,17.95,9291.36,1
2026-03-03,2026-03-03 13:02:00,515.57,515.64,515.57,515.64,0.01,17.95,9291.36,1
2026-03-03,2026-03-03 13:03:00,515.64,515.7,515.64,515.7,0.01,17.95,9291.36,1
2026-03-03,2026-03-03 13:04:00,515.7,515.76,515.7,515.76,0.01,17.95,9291.36,1
2026-03-03,2026-03-03 13:05:00,515.76,515.82,515.76,515.82,0.01,17.95,9291.36,1
2026-03-03,2026-03-03 13:06:00,515.82,515.88,515.82,515.88,0.01,17.95,9291.36,1
2026-03-03,2026-03-03 13:07:00,515.88,515.95,515.88,515.95,0.01,17.95,9291.36,1
2026-03-03,2026-03-03 13:08:00,515.95,516.01,515.95,516.01,0.01,17.95,9291.36,1
2026-03-03,2026-03-03 13:09:00,516.01,516.07,516.01,516.07,0.01,17.95,9291.36,1
2026-03-03,2026-03-03 13:10:00,516.07,516.13,516.07,516.13,0.01,17.95,9291.36,1
2026-03-03,2026-03-03 13:11:00,516.13,516.19,516.13,516.19,0.01,17.95,9291.36,1
2026-03-03,2026-03-03 13:12:00,516.19,516.26,516.19,516.26,0.01,17.95,9291.36,1
2026-03-03,2026-03-03 13:13:00,516.26,516.32,516.26,516.32,0.01,17.95,9291.36,1
2026-03-03,2026-03-03 13:14:00,516.32,516.38,516.32,516.38,0.01,17.95,9291.36,1
2026-03-03,2026-03-03 13:15:00,516.38,516.44,516.38,516.44,0.01,17.95,9291.36,1
2026-03-03,2026-03-03 13:16:00,516.44,516.51,516.44,516.51,0.01,17.95,9291.36,1
2026-03-03,2026-03-03 13:17:00,516.51,516.57,516.51,516.57,0.01,17.95,9291.36,1
2026-03-03,2026-03-03 13:18:00,516.57,516.63,516.57,516.63,0.01,17.95,9291.36,1
2026-03-03,2026-03-03 13:19:00,516.63,516.69,516.63,516.69,0.01,17.95,9291.36,1
2026-03-03,2026-03-03 13:20:00,516.69,516.75,516.69,516.75,0.01,17.95,9291.36,1
2026-03-03,2026-03-03 13:21:00,516.75,516.82,516.75,516.82,0.01,17.95,9291.36,1
2026-03-03,2026-03-03 13:22:00,516.82,516.88,516.82,516.88,0.01,17.95,9291.36,1
2026-03-03,2026-03-03 13:23:00,516.88,516.94,516.88,516.94,0.01,17.95,9291.36,1
2026-03-03,2026-03-03 13:24:00,516.94,517.0,516.94,517.0,0.01,17.95,9291.36,1
2026-03-03,2026-03-03 13:25:00,517.0,517.06,517.0,517.06,0.01,17.95,9291.36,1
2026-03-03,2026-03-03 13:26:00,517.06,517.13,517.06,517.13,0.01,17.95,9291.36,1
2026-03-03,2026-03-03 13:27:00,517.13,517.19,517.13,517.19,0.01,17.95,9291.36,1
2026-03-03,2026-03-03 13:28:00,517.19,517.25,517.19,517.25,0.01,17.95,9291.36,1
2026-03-03,2026-03-03 13:29:00,517.25,517.31,517.25,517.31,0.01,17.95,9291.36,1
2026-03-03,2026-03-03 13:30:00,517.31,517.37,517.31,517.37,0.01,17.95,9291.36,1
2026-03-03,2026-03-03 13:31:00,517.37,517.44,517.37,517.44,0.01,17.95,9291.36,1
2026-03-03,2026-03-03 13:32:00,517.44,517.5,517.44,517.5,0.01,17.95,9291.36,1
2026-03-03,2026-03-03 13:33:00,517.5,517.56,517.5,517.56,0.01,17.95,9291.36,1
2026-03-03,2026-03-03 13:34:00,517.56,517.62,517.56,517.62,0.01,17.95,9291.36,1
2026-03-03,2026-03-03 13:35:00,517.62,517.68,517.62,517.68,0.01,17.95,9291.36,1
2026-03-03,2026-03-03 13:36:00,517.68,517.75,517.68,517.75,0.01,17.95,9291.36,1
2026-03-03,2026-03-03 13:37:00,517.75,517.81,517.75,517.81,0.01,17.95,9291.36,1
2026-03-03,2026-03-03 13:38:00,517.81,517.87,517.81,517.87,0.01,17.95,9291.36,1
2026-03-03,2026-03-03 13:39:00,517.87,517.93,517.87,517.93,0.01,17.95,9291.36,1
2026-03-03,2026-03-03 13:40:00,517.93,518.0,517.93,518.0,0.01,17.95,9291.36,1
2026-03-03,2026-03-03 13:41:00,518.0,518.06,518.0,518.06,0.01,17.95,9291.36,1
2026-03-03,2026-03-03 13:42:00,518.06,518.12,518.06,518.12,0.01,17.95,9291.36,1
2026-03-03,2026-03-03 13:43:00,518.12,518.18,518.12,518.18,0.01,17.95,9291.36,1
2026-03-03,2026-03-03 13:44:00,518.18,518.24,518.18,518.24,0.01,17.95,9291.36,1
2026-03-03,2026-03-03 13:45:00,518.24,518.31,518.24,518.31,0.01,17.95,9291.36,1
2026-03-03,2026-03-03 13:46:00,518.31,518.37,518.31,518.37,0.01,17.95,9291.36,1
2026-03-03,2026-03-03 13:47:00,518.37,518.43,518.37,518.43,0.01,17.95,9291.36,1
2026-03-03,2026-03-03 13:48:00,518.43,518.49,518.43,518.49,0.01,17.95,9291.36,1
2026-03-03,2026-03-03 13:49:00,518.49,518.55,518.49,518.55,0.01,17.95,9291.36,1
2026-03-03,2026-03-03 13:50:00,518.55,518.62,518.55,518.62,0.01,17.95,9291.36,1
2026-03-03,2026-03-03 13:51:00,518.62,518.68,518.62,518.68,0.01,17.95,9291.36,1
2026-03-03,2026-03-03 13:52:00,518.68,518.74,518.68,518.74,0.01,17.95,9291.36,1
2026-03-03,2026-03-03 13:53:00,518.74,518.8,518.74,518.8,0.01,17.95,9291.36,1
2026-03-03,2026-03-03 13:54:00,518.8,518.86,518.8,518.86,0.01,17.95,9291.36,1
2026-03-03,2026-03-03 13:55:00,518.86,518.93,518.86,518.93,0.01,17.95,9291.36,1
2026-03-03,2026-03-03 13:56:00,518.93,518.99,518.93,518.99,0.01,17.95,9291.36,1
2026-03-03,2026-03-03 13:57:00,518.99,519.05,518.99,519.05,0.01,17.95,9291.36,1
2026-03-03,2026-03-03 13:58:00,519.05,519.11,519.05,519.11,0.01,17.95,9291.36,1
2026-03-03,2026-03-03 13:59:00,519.11,519.17,519.11,519.17,0.01,17.95,9291.36,1
2026-03-03,2026-03-03 14:00:00,519.17,519.24,519.17,519.24,0.01,17.95,9291.36,1
2026-03-03,2026-03-03 14:01:00,519.24,519.3,519.24,519.3,0.01,17.95,9291.36,1
2026-03-03,2026-03-03 14:02:00,519.3,519.36,519.3,519.36,0.01,17.95,9291.36,1
2026-03-03,2026-03-03 14:03:00,519.36,519.42,519.36,519.42,0.01,17.95,9291.36,1
2026-03-03,2026-03-03 14:04:00,519.42,519.49,519.42,519.49,0.01,17.95,9291.36,1
2026-03-03,2026-03-03 14:05:00,519.49,519.55,519.49,519.55,0.01,17.95,9291.36,1
2026-03-03,2026-03-03 14:06:00,519.55,519.61,519.55,519.61,0.01,17.95,9291.36,1
2026-03-03,2026-03-03 14:07:00,519.61,519.67,519.61,519.67,0.01,17.95,9291.36,1
2026-03-03,2026-03-03 14:08:00,519.67,519.73,519.67,519.73,0.01,17.95,9291.36,1
2026-03-03,2026-03-03 14:09:00,519.73,519.8,519.73,519.8,0.01,17.95,9291.36,1
2026-03-03,2026-03-03 14:10:00,519.8,519.86,519.8,519.86,0.01,17.95,9291.36,1
2026-03-03,2026-03-03 14:11:00,519.86,519.92,519.86,519.92,0.01,17.95,9291.36,1
2026-03-03,2026-03-03 14:12:00,519.92,519.98,519.92,519.98,0.01,17.95,9291.36,1
2026-03-03,2026-03-03 14:13:00,519.98,520.04,519.98,520.04,0.01,17.95,9291.36,1
2026-03-03,2026-03-03 14:14:00,520.04,520.11,520.04,520.11,0.01,17.95,9291.36,1
2026-03-03,2026-03-03 14:15:00,520.11,520.17,520.11,520.17,0.01,17.95,9291.36,1
2026-03-03,2026-03-03 14:16:00,520.17,520.23,520.17,520.23,0.01,17.95,9291.36,1
2026-03-03,2026-03-03 14:17:00,520.23,520.29,520.23,520.29,0.01,17.95,9291.36,1
2026-03-03,2026-03-03 14:18:00,520.29,520.35,520.29,520.35,0.01,17.95,9291.36,1
2026-03-03,2026-03-03 14:19:00,520.35,520.42,520.35,520.42,0.01,17.95,9291.36,1
2026-03-03,2026-03-03 14:20:00,520.42,520.48,520.42,520.48,0.01,17.95,9291.36,1
2026-03-03,2026-03-03 14:21:00,520.48,520.54,520.48,520.54,0.01,17.95,9291.36,1
2026-03-03,2026-03-03 14:22:00,520.54,520.6,520.54,520.6,0.01,17.95,9291.36,1
2026-03-03,2026-03-03 14:23:00,520.6,520.66,520.6,520.66,0.01,17.95,9291.36,1
2026-03-03,2026-03-03 14:24:00,520.66,520.73,520.66,520.73,0.01,17.95,9291.36,1
2026-03-03,2026-03-03 14:25:00,520.73,520.79,520.73,520.79,0.01,17.95,9291.36,1
2026-03-03,2026-03-03 14:26:00,520.79,520.85,520.79,520.85,0.01,17.95,9291.36,1
2026-03-03,2026-03-03 14:27:00,520.85,520.91,520.85,520.91,0.01,17.95,9291.36,1
2026-03-03,2026-03-03 14:28:00,520.91,520.98,520.91,520.98,0.01,17.95,9291.36,1
2026-03-03,2026-03-03 14:29:00,520.98,521.04,520.98,521.04,0.01,17.95,9291.36,1
2026-03-03,2026-03-03 14:30:00,521.04,521.1,521.04,521.1,0.01,17.95,9291.36,1
2026-03-03,2026-03-03 14:31:00,521.1,521.16,521.1,521.16,0.01,17.95,9291.36,1
2026-03-03,2026-03-03 14:32:00,521.16,521.22,521.16,521.22,0.01,17.95,9291.36,1
2026-03-03,2026-03-03 14:33:00,521.22,521.29,521.22,521.29,0.01,17.95,9291.36,1
2026-03-03,2026-03-03 14:34:00,521.29,521.35,521.29,521.35,0.01,17.95,9291.36,1
2026-03-03,2026-03-03 14:35:00,521.35,521.41,521.35,521.41,0.01,17.95,9291.36,1
2026-03-03,2026-03-03 14:36:00,521.41,521.47,521.41,521.47,0.01,17.95,9291.36,1
2026-03-03,2026-03-03 14:37:00,521.47,521.53,521.47,521.53,0.01,17.95,9291.36,1
2026-03-03,2026-03-03 14:38:00,521.53,521.6,521.53,521.6,0.01,17.95,9291.36,1
2026-03-03,2026-03-03 14:39:00,521.6,521.66,521.6,521.66,0.01,17.95,9291.36,1
2026-03-03,2026-03-03 14:40:00,521.66,521.72,521.66,521.72,0.01,17.95,9291.36,1
2026-03-03,2026-03-03 14:41:00,521.72,521.78,521.72,521.78,0.01,17.95,9291.36,1
2026-03-03,2026-03-03 14:42:00,521.78,521.84,521.78,521.84,0.01,17.95,9291.36,1
2026-03-03,2026-03-03 14:43:00,521.84,521.91,521.84,521.91,0.01,17.95,9291.36,1
2026-03-03,2026-03-03 14:44:00,521.91,521.97,521.91,521.97,0.01,17.95,9291.36,1
2026-03-03,2026-03-03 14:45:00,521.97,522.03,521.97,522.03,0.01,17.95,9291.36,1
2026-03-03,2026-03-03 14:46:00,522.03,522.09,522.03,522.09,0.01,17.95,9291.36,1
2026-03-03,2026-03-03 14:47:00,522.09,522.15,522.09,522.15,0.01,17.95,9291.36,1
2026-03-03,2026-03-03 14:48:00,522.15,522.22,522.15,522.22,0.01,17.95,9291.36,1
2026-03-03,2026-03-03 14:49:00,522.22,522.28,522.22,522.28,0.01,17.95,9291.36,1
2026-03-03,2026-03-03 14:50:00,522.28,522.34,522.28,522.34,0.01,17.95,9291.36,1
2026-03-03,2026-03-03 14:51:00,522.34,522.4,522.34,522.4,0.01,17.95,9291.36,1
2026-03-03,2026-03-03 14:52:00,522.4,522.47,522.4,522.47,0.01,17.95,9291.36,1
2026-03-03,2026-03-03 14:53:00,522.47,522.53,522.47,522.53,0.01,17.95,9291.36,1
2026-03-03,2026-03-03 14:54:00,522.53,522.59,522.53,522.59,0.01,17.95,9291.36,1
2026-03-03,2026-03-03 14:55:00,522.59,522.65,522.59,522.65,0.01,17.95,9291.36,1
2026-03-03,2026-03-03 14:56:00,522.65,522.71,522.65,522.71,0.01,17.95,9291.36,1
2026-03-03,2026-03-03 14:57:00,522.71,522.78,522.71,522.78,0.01,17.95,9291.36,1
2026-03-03,2026-03-03 14:58:00,522.78,522.84,522.78,522.84,0.01,17.95,9291.36,1
2026-03-03,2026-03-03 14:59:00,522.84,522.9,522.84,522.9,0.01,17.95,9291.36,1
2026-03-03,2026-03-03 15:00:00,522.9,525.0,500.0,522.9,0.0,17.95,9291.36,0
2026-03-09,2026-03-09 11:00:00,533.3,536.48,533.3,533.34,0.01,0.08,44.7,1
2026-03-09,2026-03-09 11:01:00,533.34,533.39,533.34,533.39,0.01,0.08,44.7,1
2026-03-09,2026-03-09 11:02:00,533.39,533.43,533.39,533.43,0.01,0.08,44.7,1
2026-03-09,2026-03-09 11:03:00,533.43,533.48,533.43,533.48,0.01,0.08,44.7,1
2026-03-09,2026-03-09 11:04:00,533.48,533.52,533.48,533.52,0.01,0.08,44.7,1
2026-03-09,2026-03-09 11:05:00,533.52,533.56,533.52,533.56,0.01,0.08,44.7,1
2026-03-09,2026-03-09 11:06:00,533.56,533.61,533.56,533.61,0.01,0.08,44.7,1
2026-03-09,2026-03-09 11:07:00,533.61,533.65,533.61,533.65,0.01,0.08,44.7,1
2026-03-09,2026-03-09 11:08:00,533.65,533.7,533.65,533.7,0.01,0.08,44.7,1
2026-03-09,2026-03-09 11:09:00,533.7,533.74,533.7,533.74,0.01,0.08,44.7,1
2026-03-09,2026-03-09 11:10:00,533.74,533.79,533.74,533.79,0.01,0.08,44.7,1
2026-03-09,2026-03-09 11:11:00,533.79,533.83,533.79,533.83,0.01,0.08,44.7,1
2026-03-09,2026-03-09 11:12:00,533.83,533.87,533.83,533.87,0.01,0.08,44.7,1
2026-03-09,2026-03-09 11:13:00,533.87,533.92,533.87,533.92,0.01,0.08,44.7,1
2026-03-09,2026-03-09 11:14:00,533.92,533.96,533.92,533.96,0.01,0.08,44.7,1
2026-03-09,2026-03-09 11:15:00,533.96,534.01,533.96,534.01,0.01,0.08,44.7,1
2026-03-09,2026-03-09 11:16:00,534.01,534.05,534.01,534.05,0.01,0.08,44.7,1
2026-03-09,2026-03-09 11:17:00,534.05,534.09,534.05,534.09,0.01,0.08,44.7,1
2026-03-09,2026-03-09 11:18:00,534.09,534.14,534.09,534.14,0.01,0.08,44.7,1
2026-03-09,2026-03-09 11:19:00,534.14,534.18,534.14,534.18,0.01,0.08,44.7,1
2026-03-09,2026-03-09 11:20:00,534.18,534.23,534.18,534.23,0.01,0.08,44.7,1
2026-03-09,2026-03-09 11:21:00,534.23,534.27,534.23,534.27,0.01,0.08,44.7,1
2026-03-09,2026-03-09 11:22:00,534.27,534.32,534.27,534.32,0.01,0.08,44.7,1
2026-03-09,2026-03-09 11:23:00,534.32,534.36,534.32,534.36,0.01,0.08,44.7,1
2026-03-09,2026-03-09 11:24:00,534.36,534.4,534.36,534.4,0.01,0.08,44.7,1
2026-03-09,2026-03-09 11:25:00,534.4,534.45,534.4,534.45,0.01,0.08,44.7,1
2026-03-09,2026-03-09 11:26:00,534.45,534.49,534.45,534.49,0.01,0.08,44.7,1
2026-03-09,2026-03-09 11:27:00,534.49,534.54,534.49,534.54,0.01,0.08,44.7,1
2026-03-09,2026-03-09 11:28:00,534.54,534.58,534.54,534.58,0.01,0.08,44.7,1
2026-03-09,2026-03-09 11:29:00,534.58,534.62,534.58,534.62,0.01,0.08,44.7,1
2026-03-09,2026-03-09 11:30:00,534.62,534.67,534.62,534.67,0.01,0.08,44.7,1
2026-03-09,2026-03-09 11:31:00,534.67,534.71,534.67,534.71,0.01,0.08,44.7,1
2026-03-09,2026-03-09 11:32:00,534.71,534.76,534.71,534.76,0.01,0.08,44.7,1
2026-03-09,2026-03-09 11:33:00,534.76,534.8,534.76,534.8,0.01,0.08,44.7,1
2026-03-09,2026-03-09 11:34:00,534.8,534.85,534.8,534.85,0.01,0.08,44.7,1
2026-03-09,2026-03-09 11:35:00,534.85,534.89,534.85,534.89,0.01,0.08,44.7,1
2026-03-09,2026-03-09 11:36:00,534.89,534.93,534.89,534.93,0.01,0.08,44.7,1
2026-03-09,2026-03-09 11:37:00,534.93,534.98,534.93,534.98,0.01,0.08,44.7,1
2026-03-09,2026-03-09 11:38:00,534.98,535.02,534.98,535.02,0.01,0.08,44.7,1
2026-03-09,2026-03-09 11:39:00,535.02,535.07,535.02,535.07,0.01,0.08,44.7,1
2026-03-09,2026-03-09 11:40:00,535.07,535.11,535.07,535.11,0.01,0.08,44.7,1
2026-03-09,2026-03-09 11:41:00,535.11,535.15,535.11,535.15,0.01,0.08,44.7,1
2026-03-09,2026-03-09 11:42:00,535.15,535.2,535.15,535.2,0.01,0.08,44.7,1
2026-03-09,2026-03-09 11:43:00,535.2,535.24,535.2,535.24,0.01,0.08,44.7,1
2026-03-09,2026-03-09 11:44:00,535.24,535.29,535.24,535.29,0.01,0.08,44.7,1
2026-03-09,2026-03-09 11:45:00,535.29,535.33,535.29,535.33,0.01,0.08,44.7,1
2026-03-09,2026-03-09 11:46:00,535.33,535.38,535.33,535.38,0.01,0.08,44.7,1
2026-03-09,2026-03-09 11:47:00,535.38,535.42,535.38,535.42,0.01,0.08,44.7,1
2026-03-09,2026-03-09 11:48:00,535.42,535.46,535.42,535.46,0.01,0.08,44.7,1
2026-03-09,2026-03-09 11:49:00,535.46,535.51,535.46,535.51,0.01,0.08,44.7,1
2026-03-09,2026-03-09 11:50:00,535.51,535.55,535.51,535.55,0.01,0.08,44.7,1
2026-03-09,2026-03-09 11:51:00,535.55,535.6,535.55,535.6,0.01,0.08,44.7,1
2026-03-09,2026-03-09 11:52:00,535.6,535.64,535.6,535.64,0.01,0.08,44.7,1
2026-03-09,2026-03-09 11:53:00,535.64,535.68,535.64,535.68,0.01,0.08,44.7,1
2026-03-09,2026-03-09 11:54:00,535.68,535.73,535.68,535.73,0.01,0.08,44.7,1
2026-03-09,2026-03-09 11:55:00,535.73,535.77,535.73,535.77,0.01,0.08,44.7,1
2026-03-09,2026-03-09 11:56:00,535.77,535.82,535.77,535.82,0.01,0.08,44.7,1
2026-03-09,2026-03-09 11:57:00,535.82,535.86,535.82,535.86,0.01,0.08,44.7,1
2026-03-09,2026-03-09 11:58:00,535.86,535.91,535.86,535.91,0.01,0.08,44.7,1
2026-03-09,2026-03-09 11:59:00,535.91,535.95,535.91,535.95,0.01,0.08,44.7,1
2026-03-09,2026-03-09 12:00:00,535.95,535.99,535.95,535.99,0.01,0.08,44.7,1
2026-03-09,2026-03-09 12:01:00,535.99,536.04,535.99,536.04,0.01,0.08,44.7,1
2026-03-09,2026-03-09 12:02:00,536.04,536.08,536.04,536.08,0.01,0.08,44.7,1
2026-03-09,2026-03-09 12:03:00,536.08,536.13,536.08,536.13,0.01,0.08,44.7,1
2026-03-09,2026-03-09 12:04:00,536.13,536.17,536.13,536.17,0.01,0.08,44.7,1
2026-03-09,2026-03-09 12:05:00,536.17,536.21,536.17,536.21,0.01,0.08,44.7,1
2026-03-09,2026-03-09 12:06:00,536.21,536.26,536.21,536.26,0.01,0.08,44.7,1
2026-03-09,2026-03-09 12:07:00,536.26,536.3,536.26,536.3,0.01,0.08,44.7,1
2026-03-09,2026-03-09 12:08:00,536.3,536.35,536.3,536.35,0.01,0.08,44.7,1
2026-03-09,2026-03-09 12:09:00,536.35,536.39,536.35,536.39,0.01,0.08,44.7,1
2026-03-09,2026-03-09 12:10:00,536.39,536.44,536.39,536.44,0.01,0.08,44.7,1
2026-03-09,2026-03-09 12:11:00,536.44,536.48,536.44,536.48,0.01,0.08,44.7,1
2026-03-09,2026-03-09 12:12:00,536.48,536.52,536.48,536.52,0.01,0.08,44.7,1
2026-03-09,2026-03-09 12:13:00,536.52,536.57,536.52,536.57,0.01,0.08,44.7,1
2026-03-09,2026-03-09 12:14:00,536.57,536.61,536.57,536.61,0.01,0.08,44.7,1
2026-03-09,2026-03-09 12:15:00,536.61,536.66,536.61,536.66,0.01,0.08,44.7,1
2026-03-09,2026-03-09 12:16:00,536.66,536.7,536.66,536.7,0.01,0.08,44.7,1
2026-03-09,2026-03-09 12:17:00,536.7,536.75,536.7,536.75,0.01,0.08,44.7,1
2026-03-09,2026-03-09 12:18:00,536.75,536.79,536.75,536.79,0.01,0.08,44.7,1
2026-03-09,2026-03-09 12:19:00,536.79,536.83,536.79,536.83,0.01,0.08,44.7,1
2026-03-09,2026-03-09 12:20:00,536.83,536.88,536.83,536.88,0.01,0.08,44.7,1
2026-03-09,2026-03-09 12:21:00,536.88,536.92,536.88,536.92,0.01,0.08,44.7,1
2026-03-09,2026-03-09 12:22:00,536.92,536.97,536.92,536.97,0.01,0.08,44.7,1
2026-03-09,2026-03-09 12:23:00,536.97,537.01,536.97,537.01,0.01,0.08,44.7,1
2026-03-09,2026-03-09 12:24:00,537.01,537.05,537.01,537.05,0.01,0.08,44.7,1
2026-03-09,2026-03-09 12:25:00,537.05,537.1,537.05,537.1,0.01,0.08,44.7,1
2026-03-09,2026-03-09 12:26:00,537.1,537.14,537.1,537.14,0.01,0.08,44.7,1
2026-03-09,2026-03-09 12:27:00,537.14,537.19,537.14,537.19,0.01,0.08,44.7,1
2026-03-09,2026-03-09 12:28:00,537.19,537.23,537.19,537.23,0.01,0.08,44.7,1
2026-03-09,2026-03-09 12:29:00,537.23,537.27,537.23,537.27,0.01,0.08,44.7,1
2026-03-09,2026-03-09 12:30:00,537.27,537.32,537.27,537.32,0.01,0.08,44.7,1
2026-03-09,2026-03-09 12:31:00,537.32,537.36,537.32,537.36,0.01,0.08,44.7,1
2026-03-09,2026-03-09 12:32:00,537.36,537.41,537.36,537.41,0.01,0.08,44.7,1
2026-03-09,2026-03-09 12:33:00,537.41,537.45,537.41,537.45,0.01,0.08,44.7,1
2026-03-09,2026-03-09 12:34:00,537.45,537.5,537.45,537.5,0.01,0.08,44.7,1
2026-03-09,2026-03-09 12:35:00,537.5,537.54,537.5,537.54,0.01,0.08,44.7,1
2026-03-09,2026-03-09 12:36:00,537.54,537.58,537.54,537.58,0.01,0.08,44.7,1
2026-03-09,2026-03-09 12:37:00,537.58,537.63,537.58,537.63,0.01,0.08,44.7,1
2026-03-09,2026-03-09 12:38:00,537.63,537.67,537.63,537.67,0.01,0.08,44.7,1
2026-03-09,2026-03-09 12:39:00,537.67,537.72,537.67,537.72,0.01,0.08,44.7,1
2026-03-09,2026-03-09 12:40:00,537.72,537.76,537.72,537.76,0.01,0.08,44.7,1
2026-03-09,2026-03-09 12:41:00,537.76,537.8,537.76,537.8,0.01,0.08,44.7,1
2026-03-09,2026-03-09 12:42:00,537.8,537.85,537.8,537.85,0.01,0.08,44.7,1
2026-03-09,2026-03-09 12:43:00,537.85,537.89,537.85,537.89,0.01,0.08,44.7,1
2026-03-09,2026-03-09 12:44:00,537.89,537.94,537.89,537.94,0.01,0.08,44.7,1
2026-03-09,2026-03-09 12:45:00,537.94,537.98,537.94,537.98,0.01,0.08,44.7,1
2026-03-09,2026-03-09 12:46:00,537.98,538.03,537.98,538.03,0.01,0.08,44.7,1
2026-03-09,2026-03-09 12:47:00,538.03,538.07,538.03,538.07,0.01,0.08,44.7,1
2026-03-09,2026-03-09 12:48:00,538.07,538.11,538.07,538.11,0.01,0.08,44.7,1
2026-03-09,2026-03-09 12:49:00,538.11,538.16,538.11,538.16,0.01,0.08,44.7,1
2026-03-09,2026-03-09 12:50:00,538.16,538.2,538.16,538.2,0.01,0.08,44.7,1
2026-03-09,2026-03-09 12:51:00,538.2,538.25,538.2,538.25,0.01,0.08,44.7,1
2026-03-09,2026-03-09 12:52:00,538.25,538.29,538.25,538.29,0.01,0.08,44.7,1
2026-03-09,2026-03-09 12:53:00,538.29,538.33,538.29,538.33,0.01,0.08,44.7,1
2026-03-09,2026-03-09 12:54:00,538.33,538.38,538.33,538.38,0.01,0.08,44.7,1
2026-03-09,2026-03-09 12:55:00,538.38,538.42,538.38,538.42,0.01,0.08,44.7,1
2026-03-09,2026-03-09 12:56:00,538.42,538.47,538.42,538.47,0.01,0.08,44.7,1
2026-03-09,2026-03-09 12:57:00,538.47,538.51,538.47,538.51,0.01,0.08,44.7,1
2026-03-09,2026-03-09 12:58:00,538.51,538.56,538.51,538.56,0.01,0.08,44.7,1
2026-03-09,2026-03-09 12:59:00,538.56,538.6,538.56,538.6,0.01,0.08,44.7,1
2026-03-09,2026-03-09 13:00:00,538.6,543.9,533.3,538.64,0.01,0.08,44.7,1
2026-03-09,2026-03-09 13:01:00,538.64,538.69,538.64,538.69,0.01,0.08,44.7,1
2026-03-09,2026-03-09 13:02:00,538.69,538.73,538.69,538.73,0.01,0.08,44.7,1
2026-03-09,2026-03-09 13:03:00,538.73,538.78,538.73,538.78,0.01,0.08,44.7,1
2026-03-09,2026-03-09 13:04:00,538.78,538.82,538.78,538.82,0.01,0.08,44.7,1
2026-03-09,2026-03-09 13:05:00,538.82,538.87,538.82,538.87,0.01,0.08,44.7,1
2026-03-09,2026-03-09 13:06:00,538.87,538.91,538.87,538.91,0.01,0.08,44.7,1
2026-03-09,2026-03-09 13:07:00,538.91,538.95,538.91,538.95,0.01,0.08,44.7,1
2026-03-09,2026-03-09 13:08:00,538.95,539.0,538.95,539.0,0.01,0.08,44.7,1
2026-03-09,2026-03-09 13:09:00,539.0,539.04,539.0,539.04,0.01,0.08,44.7,1
2026-03-09,2026-03-09 13:10:00,539.04,539.09,539.04,539.09,0.01,0.08,44.7,1
2026-03-09,2026-03-09 13:11:00,539.09,539.13,539.09,539.13,0.01,0.08,44.7,1
2026-03-09,2026-03-09 13:12:00,539.13,539.17,539.13,539.17,0.01,0.08,44.7,1
2026-03-09,2026-03-09 13:13:00,539.17,539.22,539.17,539.22,0.01,0.08,44.7,1
2026-03-09,2026-03-09 13:14:00,539.22,539.26,539.22,539.26,0.01,0.08,44.7,1
2026-03-09,2026-03-09 13:15:00,539.26,539.31,539.26,539.31,0.01,0.08,44.7,1
2026-03-09,2026-03-09 13:16:00,539.31,539.35,539.31,539.35,0.01,0.08,44.7,1
2026-03-09,2026-03-09 13:17:00,539.35,539.39,539.35,539.39,0.01,0.08,44.7,1
2026-03-09,2026-03-09 13:18:00,539.39,539.44,539.39,539.44,0.01,0.08,44.7,1
2026-03-09,2026-03-09 13:19:00,539.44,539.48,539.44,539.48,0.01,0.08,44.7,1
2026-03-09,2026-03-09 13:20:00,539.48,539.53,539.48,539.53,0.01,0.08,44.7,1
2026-03-09,2026-03-09 13:21:00,539.53,539.57,539.53,539.57,0.01,0.08,44.7,1
2026-03-09,2026-03-09 13:22:00,539.57,539.62,539.57,539.62,0.01,0.08,44.7,1
2026-03-09,2026-03-09 13:23:00,539.62,539.66,539.62,539.66,0.01,0.08,44.7,1
2026-03-09,2026-03-09 13:24:00,539.66,539.7,539.66,539.7,0.01,0.08,44.7,1
2026-03-09,2026-03-09 13:25:00,539.7,539.75,539.7,539.75,0.01,0.08,44.7,1
2026-03-09,2026-03-09 13:26:00,539.75,539.79,539.75,539.79,0.01,0.08,44.7,1
2026-03-09,2026-03-09 13:27:00,539.79,539.84,539.79,539.84,0.01,0.08,44.7,1
2026-03-09,2026-03-09 13:28:00,539.84,539.88,539.84,539.88,0.01,0.08,44.7,1
2026-03-09,2026-03-09 13:29:00,539.88,539.92,539.88,539.92,0.01,0.08,44.7,1
2026-03-09,2026-03-09 13:30:00,539.92,539.97,539.92,539.97,0.01,0.08,44.7,1
2026-03-09,2026-03-09 13:31:00,539.97,540.01,539.97,540.01,0.01,0.08,44.7,1
2026-03-09,2026-03-09 13:32:00,540.01,540.06,540.01,540.06,0.01,0.08,44.7,1
2026-03-09,2026-03-09 13:33:00,540.06,540.1,540.06,540.1,0.01,0.08,44.7,1
2026-03-09,2026-03-09 13:34:00,540.1,540.15,540.1,540.15,0.01,0.08,44.7,1
2026-03-09,2026-03-09 13:35:00,540.15,540.19,540.15,540.19,0.01,0.08,44.7,1
2026-03-09,2026-03-09 13:36:00,540.19,540.23,540.19,540.23,0.01,0.08,44.7,1
2026-03-09,2026-03-09 13:37:00,540.23,540.28,540.23,540.28,0.01,0.08,44.7,1
2026-03-09,2026-03-09 13:38:00,540.28,540.32,540.28,540.32,0.01,0.08,44.7,1
2026-03-09,2026-03-09 13:39:00,540.32,540.37,540.32,540.37,0.01,0.08,44.7,1
2026-03-09,2026-03-09 13:40:00,540.37,540.41,540.37,540.41,0.01,0.08,44.7,1
2026-03-09,2026-03-09 13:41:00,540.41,540.45,540.41,540.45,0.01,0.08,44.7,1
2026-03-09,2026-03-09 13:42:00,540.45,540.5,540.45,540.5,0.01,0.08,44.7,1
2026-03-09,2026-03-09 13:43:00,540.5,540.54,540.5,540.54,0.01,0.08,44.7,1
2026-03-09,2026-03-09 13:44:00,540.54,540.59,540.54,540.59,0.01,0.08,44.7,1
2026-03-09,2026-03-09 13:45:00,540.59,540.63,540.59,540.63,0.01,0.08,44.7,1
2026-03-09,2026-03-09 13:46:00,540.63,540.68,540.63,540.68,0.01,0.08,44.7,1
2026-03-09,2026-03-09 13:47:00,540.68,540.72,540.68,540.72,0.01,0.08,44.7,1
2026-03-09,2026-03-09 13:48:00,540.72,540.76,540.72,540.76,0.01,0.08,44.7,1
2026-03-09,2026-03-09 13:49:00,540.76,540.81,540.76,540.81,0.01,0.08,44.7,1
2026-03-09,2026-03-09 13:50:00,540.81,540.85,540.81,540.85,0.01,0.08,44.7,1
2026-03-09,2026-03-09 13:51:00,540.85,540.9,540.85,540.9,0.01,0.08,44.7,1
2026-03-09,2026-03-09 13:52:00,540.9,540.94,540.9,540.94,0.01,0.08,44.7,1
2026-03-09,2026-03-09 13:53:00,540.94,540.99,540.94,540.99,0.01,0.08,44.7,1
2026-03-09,2026-03-09 13:54:00,540.99,541.03,540.99,541.03,0.01,0.08,44.7,1
2026-03-09,2026-03-09 13:55:00,541.03,541.07,541.03,541.07,0.01,0.08,44.7,1
2026-03-09,2026-03-09 13:56:00,541.07,541.12,541.07,541.12,0.01,0.08,44.7,1
2026-03-09,2026-03-09 13:57:00,541.12,541.16,541.12,541.16,0.01,0.08,44.7,1
2026-03-09,2026-03-09 13:58:00,541.16,541.21,541.16,541.21,0.01,0.08,44.7,1
2026-03-09,2026-03-09 13:59:00,541.21,541.25,541.21,541.25,0.01,0.08,44.7,1
2026-03-09,2026-03-09 14:00:00,541.25,541.29,541.25,541.29,0.01,0.08,44.7,1
2026-03-09,2026-03-09 14:01:00,541.29,541.34,541.29,541.34,0.01,0.08,44.7,1
2026-03-09,2026-03-09 14:02:00,541.34,541.38,541.34,541.38,0.01,0.08,44.7,1
2026-03-09,2026-03-09 14:03:00,541.38,541.43,541.38,541.43,0.01,0.08,44.7,1
2026-03-09,2026-03-09 14:04:00,541.43,541.47,541.43,541.47,0.01,0.08,44.7,1
2026-03-09,2026-03-09 14:05:00,541.47,541.51,541.47,541.51,0.01,0.08,44.7,1
2026-03-09,2026-03-09 14:06:00,541.51,541.56,541.51,541.56,0.01,0.08,44.7,1
2026-03-09,2026-03-09 14:07:00,541.56,541.6,541.56,541.6,0.01,0.08,44.7,1
2026-03-09,2026-03-09 14:08:00,541.6,541.65,541.6,541.65,0.01,0.08,44.7,1
2026-03-09,2026-03-09 14:09:00,541.65,541.69,541.65,541.69,0.01,0.08,44.7,1
2026-03-09,2026-03-09 14:10:00,541.69,541.74,541.69,541.74,0.01,0.08,44.7,1
2026-03-09,2026-03-09 14:11:00,541.74,541.78,541.74,541.78,0.01,0.08,44.7,1
2026-03-09,2026-03-09 14:12:00,541.78,541.82,541.78,541.82,0.01,0.08,44.7,1
2026-03-09,2026-03-09 14:13:00,541.82,541.87,541.82,541.87,0.01,0.08,44.7,1
2026-03-09,2026-03-09 14:14:00,541.87,541.91,541.87,541.91,0.01,0.08,44.7,1
2026-03-09,2026-03-09 14:15:00,541.91,541.96,541.91,541.96,0.01,0.08,44.7,1
2026-03-09,2026-03-09 14:16:00,541.96,542.0,541.96,542.0,0.01,0.08,44.7,1
2026-03-09,2026-03-09 14:17:00,542.0,542.04,542.0,542.04,0.01,0.08,44.7,1
2026-03-09,2026-03-09 14:18:00,542.04,542.09,542.04,542.09,0.01,0.08,44.7,1
2026-03-09,2026-03-09 14:19:00,542.09,542.13,542.09,542.13,0.01,0.08,44.7,1
2026-03-09,2026-03-09 14:20:00,542.13,542.18,542.13,542.18,0.01,0.08,44.7,1
2026-03-09,2026-03-09 14:21:00,542.18,542.22,542.18,542.22,0.01,0.08,44.7,1
2026-03-09,2026-03-09 14:22:00,542.22,542.27,542.22,542.27,0.01,0.08,44.7,1
2026-03-09,2026-03-09 14:23:00,542.27,542.31,542.27,542.31,0.01,0.08,44.7,1
2026-03-09,2026-03-09 14:24:00,542.31,542.35,542.31,542.35,0.01,0.08,44.7,1
2026-03-09,2026-03-09 14:25:00,542.35,542.4,542.35,542.4,0.01,0.08,44.7,1
2026-03-09,2026-03-09 14:26:00,542.4,542.44,542.4,542.44,0.01,0.08,44.7,1
2026-03-09,2026-03-09 14:27:00,542.44,542.49,542.44,542.49,0.01,0.08,44.7,1
2026-03-09,2026-03-09 14:28:00,542.49,542.53,542.49,542.53,0.01,0.08,44.7,1
2026-03-09,2026-03-09 14:29:00,542.53,542.57,542.53,542.57,0.01,0.08,44.7,1
2026-03-09,2026-03-09 14:30:00,542.57,542.62,542.57,542.62,0.01,0.08,44.7,1
2026-03-09,2026-03-09 14:31:00,542.62,542.66,542.62,542.66,0.01,0.08,44.7,1
2026-03-09,2026-03-09 14:32:00,542.66,542.71,542.66,542.71,0.01,0.08,44.7,1
2026-03-09,2026-03-09 14:33:00,542.71,542.75,542.71,542.75,0.01,0.08,44.7,1
2026-03-09,2026-03-09 14:34:00,542.75,542.8,542.75,542.8,0.01,0.08,44.7,1
2026-03-09,2026-03-09 14:35:00,542.8,542.84,542.8,542.84,0.01,0.08,44.7,1
2026-03-09,2026-03-09 14:36:00,542.84,542.88,542.84,542.88,0.01,0.08,44.7,1
2026-03-09,2026-03-09 14:37:00,542.88,542.93,542.88,542.93,0.01,0.08,44.7,1
2026-03-09,2026-03-09 14:38:00,542.93,542.97,542.93,542.97,0.01,0.08,44.7,1
2026-03-09,2026-03-09 14:39:00,542.97,543.02,542.97,543.02,0.01,0.08,44.7,1
2026-03-09,2026-03-09 14:40:00,543.02,543.06,543.02,543.06,0.01,0.08,44.7,1
2026-03-09,2026-03-09 14:41:00,543.06,543.11,543.06,543.11,0.01,0.08,44.7,1
2026-03-09,2026-03-09 14:42:00,543.11,543.15,543.11,543.15,0.01,0.08,44.7,1
2026-03-09,2026-03-09 14:43:00,543.15,543.19,543.15,543.19,0.01,0.08,44.7,1
2026-03-09,2026-03-09 14:44:00,543.19,543.24,543.19,543.24,0.01,0.08,44.7,1
2026-03-09,2026-03-09 14:45:00,543.24,543.28,543.24,543.28,0.01,0.08,44.7,1
2026-03-09,2026-03-09 14:46:00,543.28,543.33,543.28,543.33,0.01,0.08,44.7,1
2026-03-09,2026-03-09 14:47:00,543.33,543.37,543.33,543.37,0.01,0.08,44.7,1
2026-03-09,2026-03-09 14:48:00,543.37,543.41,543.37,543.41,0.01,0.08,44.7,1
2026-03-09,2026-03-09 14:49:00,543.41,543.46,543.41,543.46,0.01,0.08,44.7,1
2026-03-09,2026-03-09 14:50:00,543.46,543.5,543.46,543.5,0.01,0.08,44.7,1
2026-03-09,2026-03-09 14:51:00,543.5,543.55,543.5,543.55,0.01,0.08,44.7,1
2026-03-09,2026-03-09 14:52:00,543.55,543.59,543.55,543.59,0.01,0.08,44.7,1
2026-03-09,2026-03-09 14:53:00,543.59,543.63,543.59,543.63,0.01,0.08,44.7,1
2026-03-09,2026-03-09 14:54:00,543.63,543.68,543.63,543.68,0.01,0.08,44.7,1
2026-03-09,2026-03-09 14:55:00,543.68,543.72,543.68,543.72,0.01,0.08,44.7,1
2026-03-09,2026-03-09 14:56:00,543.72,543.77,543.72,543.77,0.01,0.08,44.7,1
2026-03-09,2026-03-09 14:57:00,543.77,543.81,543.77,543.81,0.01,0.08,44.7,1
2026-03-09,2026-03-09 14:58:00,543.81,543.86,543.81,543.86,0.01,0.08,44.7,1
2026-03-09,2026-03-09 14:59:00,543.86,543.9,543.86,543.9,0.01,0.08,44.7,1
2026-03-09,2026-03-09 15:00:00,543.9,543.9,533.3,543.9,0.0,0.08,44.7,0
2026-03-10,2026-03-10 11:00:00,554.7,554.97,542.79,554.64,-0.01,147.71,79572.24,-1
2026-03-10,2026-03-10 11:01:00,554.64,554.64,554.59,554.59,-0.01,147.71,79572.24,-1
2026-03-10,2026-03-10 11:02:00,554.59,554.59,554.53,554.53,-0.01,147.71,79572.24,-1
2026-03-10,2026-03-10 11:03:00,554.53,554.53,554.47,554.47,-0.01,147.71,79572.24,-1
2026-03-10,2026-03-10 11:04:00,554.47,554.47,554.41,554.41,-0.01,147.71,79572.24,-1
2026-03-10,2026-03-10 11:05:00,554.41,554.41,554.36,554.36,-0.01,147.71,79572.24,-1
2026-03-10,2026-03-10 11:06:00,554.36,554.36,554.3,554.3,-0.01,147.71,79572.24,-1
2026-03-10,2026-03-10 11:07:00,554.3,554.3,554.24,554.24,-0.01,147.71,79572.24,-1
2026-03-10,2026-03-10 11:08:00,554.24,554.24,554.19,554.19,-0.01,147.71,79572.24,-1
2026-03-10,2026-03-10 11:09:00,554.19,554.19,554.13,554.13,-0.01,147.71,79572.24,-1
2026-03-10,2026-03-10 11:10:00,554.13,554.13,554.07,554.07,-0.01,147.71,79572.24,-1
2026-03-10,2026-03-10 11:11:00,554.07,554.07,554.02,554.02,-0.01,147.71,79572.24,-1
2026-03-10,2026-03-10 11:12:00,554.02,554.02,553.96,553.96,-0.01,147.71,79572.24,-1
2026-03-10,2026-03-10 11:13:00,553.96,553.96,553.9,553.9,-0.01,147.71,79572.24,-1
2026-03-10,2026-03-10 11:14:00,553.9,553.9,553.84,553.84,-0.01,147.71,79572.24,-1
2026-03-10,2026-03-10 11:15:00,553.84,553.84,553.79,553.79,-0.01,147.71,79572.24,-1
2026-03-10,2026-03-10 11:16:00,553.79,553.79,553.73,553.73,-0.01,147.71,79572.24,-1
2026-03-10,2026-03-10 11:17:00,553.73,553.73,553.67,553.67,-0.01,147.71,79572.24,-1
2026-03-10,2026-03-10 11:18:00,553.67,553.67,553.62,553.62,-0.01,147.71,79572.24,-1
2026-03-10,2026-03-10 11:19:00,553.62,553.62,553.56,553.56,-0.01,147.71,79572.24,-1
2026-03-10,2026-03-10 11:20:00,553.56,553.56,553.5,553.5,-0.01,147.71,79572.24,-1
2026-03-10,2026-03-10 11:21:00,553.5,553.5,553.44,553.44,-0.01,147.71,79572.24,-1
2026-03-10,2026-03-10 11:22:00,553.44,553.44,553.39,553.39,-0.01,147.71,79572.24,-1
2026-03-10,2026-03-10 11:23:00,553.39,553.39,553.33,553.33,-0.01,147.71,79572.24,-1
2026-03-10,2026-03-10 11:24:00,553.33,553.33,553.27,553.27,-0.01,147.71,79572.24,-1
2026-03-10,2026-03-10 11:25:00,553.27,553.27,553.22,553.22,-0.01,147.71,79572.24,-1
2026-03-10,2026-03-10 11:26:00,553.22,553.22,553.16,553.16,-0.01,147.71,79572.24,-1
2026-03-10,2026-03-10 11:27:00,553.16,553.16,553.1,553.1,-0.01,147.71,79572.24,-1
2026-03-10,2026-03-10 11:28:00,553.1,553.1,553.04,553.04,-0.01,147.71,79572.24,-1
2026-03-10,2026-03-10 11:29:00,553.04,553.04,552.99,552.99,-0.01,147.71,79572.24,-1
2026-03-10,2026-03-10 11:30:00,552.99,552.99,552.93,552.93,-0.01,147.71,79572.24,-1
2026-03-10,2026-03-10 11:31:00,552.93,552.93,552.87,552.87,-0.01,147.71,79572.24,-1
2026-03-10,2026-03-10 11:32:00,552.87,552.87,552.82,552.82,-0.01,147.71,79572.24,-1
2026-03-10,2026-03-10 11:33:00,552.82,552.82,552.76,552.76,-0.01,147.71,79572.24,-1
2026-03-10,2026-03-10 11:34:00,552.76,552.76,552.7,552.7,-0.01,147.71,79572.24,-1
2026-03-10,2026-03-10 11:35:00,552.7,552.7,552.64,552.64,-0.01,147.71,79572.24,-1
2026-03-10,2026-03-10 11:36:00,552.64,552.64,552.59,552.59,-0.01,147.71,79572.24,-1
2026-03-10,2026-03-10 11:37:00,552.59,552.59,552.53,552.53,-0.01,147.71,79572.24,-1
2026-03-10,2026-03-10 11:38:00,552.53,552.53,552.47,552.47,-0.01,147.71,79572.24,-1
2026-03-10,2026-03-10 11:39:00,552.47,552.47,552.42,552.42,-0.01,147.71,79572.24,-1
2026-03-10,2026-03-10 11:40:00,552.42,552.42,552.36,552.36,-0.01,147.71,79572.24,-1
2026-03-10,2026-03-10 11:41:00,552.36,552.36,552.3,552.3,-0.01,147.71,79572.24,-1
2026-03-10,2026-03-10 11:42:00,552.3,552.3,552.25,552.25,-0.01,147.71,79572.24,-1
2026-03-10,2026-03-10 11:43:00,552.25,552.25,552.19,552.19,-0.01,147.71,79572.24,-1
2026-03-10,2026-03-10 11:44:00,552.19,552.19,552.13,552.13,-0.01,147.71,79572.24,-1
2026-03-10,2026-03-10 11:45:00,552.13,552.13,552.07,552.07,-0.01,147.71,79572.24,-1
2026-03-10,2026-03-10 11:46:00,552.07,552.07,552.02,552.02,-0.01,147.71,79572.24,-1
2026-03-10,2026-03-10 11:47:00,552.02,552.02,551.96,551.96,-0.01,147.71,79572.24,-1
2026-03-10,2026-03-10 11:48:00,551.96,551.96,551.9,551.9,-0.01,147.71,79572.24,-1
2026-03-10,2026-03-10 11:49:00,551.9,551.9,551.85,551.85,-0.01,147.71,79572.24,-1
2026-03-10,2026-03-10 11:50:00,551.85,551.85,551.79,551.79,-0.01,147.71,79572.24,-1
2026-03-10,2026-03-10 11:51:00,551.79,551.79,551.73,551.73,-0.01,147.71,79572.24,-1
2026-03-10,2026-03-10 11:52:00,551.73,551.73,551.67,551.67,-0.01,147.71,79572.24,-1
2026-03-10,2026-03-10 11:53:00,551.67,551.67,551.62,551.62,-0.01,147.71,79572.24,-1
2026-03-10,2026-03-10 11:54:00,551.62,551.62,551.56,551.56,-0.01,147.71,79572.24,-1
2026-03-10,2026-03-10 11:55:00,551.56,551.56,551.5,551.5,-0.01,147.71,79572.24,-1
2026-03-10,2026-03-10 11:56:00,551.5,551.5,551.45,551.45,-0.01,147.71,79572.24,-1
2026-03-10,2026-03-10 11:57:00,551.45,551.45,551.39,551.39,-0.01,147.71,79572.24,-1
2026-03-10,2026-03-10 11:58:00,551.39,551.39,551.33,551.33,-0.01,147.71,79572.24,-1
2026-03-10,2026-03-10 11:59:00,551.33,551.33,551.28,551.28,-0.01,147.71,79572.24,-1
2026-03-10,2026-03-10 12:00:00,551.28,551.28,551.22,551.22,-0.01,147.71,79572.24,-1
2026-03-10,2026-03-10 12:01:00,551.22,551.22,551.16,551.16,-0.01,147.71,79572.24,-1
2026-03-10,2026-03-10 12:02:00,551.16,551.16,551.1,551.1,-0.01,147.71,79572.24,-1
2026-03-10,2026-03-10 12:03:00,551.1,551.1,551.05,551.05,-0.01,147.71,79572.24,-1
2026-03-10,2026-03-10 12:04:00,551.05,551.05,550.99,550.99,-0.01,147.71,79572.24,-1
2026-03-10,2026-03-10 12:05:00,550.99,550.99,550.93,550.93,-0.01,147.71,79572.24,-1
2026-03-10,2026-03-10 12:06:00,550.93,550.93,550.88,550.88,-0.01,147.71,79572.24,-1
2026-03-10,2026-03-10 12:07:00,550.88,550.88,550.82,550.82,-0.01,147.71,79572.24,-1
2026-03-10,2026-03-10 12:08:00,550.82,550.82,550.76,550.76,-0.01,147.71,79572.24,-1
2026-03-10,2026-03-10 12:09:00,550.76,550.76,550.7,550.7,-0.01,147.71,79572.24,-1
2026-03-10,2026-03-10 12:10:00,550.7,550.7,550.65,550.65,-0.01,147.71,79572.24,-1
2026-03-10,2026-03-10 12:11:00,550.65,550.65,550.59,550.59,-0.01,147.71,79572.24,-1
2026-03-10,2026-03-10 12:12:00,550.59,550.59,550.53,550.53,-0.01,147.71,79572.24,-1
2026-03-10,2026-03-10 12:13:00,550.53,550.53,550.48,550.48,-0.01,147.71,79572.24,-1
2026-03-10,2026-03-10 12:14:00,550.48,550.48,550.42,550.42,-0.01,147.71,79572.24,-1
2026-03-10,2026-03-10 12:15:00,550.42,550.42,550.36,550.36,-0.01,147.71,79572.24,-1
2026-03-10,2026-03-10 12:16:00,550.36,550.36,550.3,550.3,-0.01,147.71,79572.24,-1
2026-03-10,2026-03-10 12:17:00,550.3,550.3,550.25,550.25,-0.01,147.71,79572.24,-1
2026-03-10,2026-03-10 12:18:00,550.25,550.25,550.19,550.19,-0.01,147.71,79572.24,-1
2026-03-10,2026-03-10 12:19:00,550.19,550.19,550.13,550.13,-0.01,147.71,79572.24,-1
2026-03-10,2026-03-10 12:20:00,550.13,550.13,550.08,550.08,-0.01,147.71,79572.24,-1
2026-03-10,2026-03-10 12:21:00,550.08,550.08,550.02,550.02,-0.01,147.71,79572.24,-1
2026-03-10,2026-03-10 12:22:00,550.02,550.02,549.96,549.96,-0.01,147.71,79572.24,-1
2026-03-10,2026-03-10 12:23:00,549.96,549.96,549.9,549.9,-0.01,147.71,79572.24,-1
2026-03-10,2026-03-10 12:24:00,549.9,549.9,549.85,549.85,-0.01,147.71,79572.24,-1
2026-03-10,2026-03-10 12:25:00,549.85,549.85,549.79,549.79,-0.01,147.71,79572.24,-1
2026-03-10,2026-03-10 12:26:00,549.79,549.79,549.73,549.73,-0.01,147.71,79572.24,-1
2026-03-10,2026-03-10 12:27:00,549.73,549.73,549.68,549.68,-0.01,147.71,79572.24,-1
2026-03-10,2026-03-10 12:28:00,549.68,549.68,549.62,549.62,-0.01,147.71,79572.24,-1
2026-03-10,2026-03-10 12:29:00,549.62,549.62,549.56,549.56,-0.01,147.71,79572.24,-1
2026-03-10,2026-03-10 12:30:00,549.56,549.56,549.51,549.51,-0.01,147.71,79572.24,-1
2026-03-10,2026-03-10 12:31:00,549.51,549.51,549.45,549.45,-0.01,147.71,79572.24,-1
2026-03-10,2026-03-10 12:32:00,549.45,549.45,549.39,549.39,-0.01,147.71,79572.24,-1
2026-03-10,2026-03-10 12:33:00,549.39,549.39,549.33,549.33,-0.01,147.71,79572.24,-1
2026-03-10,2026-03-10 12:34:00,549.33,549.33,549.28,549.28,-0.01,147.71,79572.24,-1
2026-03-10,2026-03-10 12:35:00,549.28,549.28,549.22,549.22,-0.01,147.71,79572.24,-1
2026-03-10,2026-03-10 12:36:00,549.22,549.22,549.16,549.16,-0.01,147.71,79572.24,-1
2026-03-10,2026-03-10 12:37:00,549.16,549.16,549.11,549.11,-0.01,147.71,79572.24,-1
2026-03-10,2026-03-10 12:38:00,549.11,549.11,549.05,549.05,-0.01,147.71,79572.24,-1
2026-03-10,2026-03-10 12:39:00,549.05,549.05,548.99,548.99,-0.01,147.71,79572.24,-1
2026-03-10,2026-03-10 12:40:00,548.99,548.99,548.93,548.93,-0.01,147.71,79572.24,-1
2026-03-10,2026-03-10 12:41:00,548.93,548.93,548.88,548.88,-0.01,147.71,79572.24,-1
2026-03-10,2026-03-10 12:42:00,548.88,548.88,548.82,548.82,-0.01,147.71,79572.24,-1
2026-03-10,2026-03-10 12:43:00,548.82,548.82,548.76,548.76,-0.01,147.71,79572.24,-1
2026-03-10,2026-03-10 12:44:00,548.76,548.76,548.71,548.71,-0.01,147.71,79572.24,-1
2026-03-10,2026-03-10 12:45:00,548.71,548.71,548.65,548.65,-0.01,147.71,79572.24,-1
2026-03-10,2026-03-10 12:46:00,548.65,548.65,548.59,548.59,-0.01,147.71,79572.24,-1
2026-03-10,2026-03-10 12:47:00,548.59,548.59,548.54,548.54,-0.01,147.71,79572.24,-1
2026-03-10,2026-03-10 12:48:00,548.54,548.54,548.48,548.48,-0.01,147.71,79572.24,-1
2026-03-10,2026-03-10 12:49:00,548.48,548.48,548.42,548.42,-0.01,147.71,79572.24,-1
2026-03-10,2026-03-10 12:50:00,548.42,548.42,548.36,548.36,-0.01,147.71,79572.24,-1
2026-03-10,2026-03-10 12:51:00,548.36,548.36,548.31,548.31,-0.01,147.71,79572.24,-1
2026-03-10,2026-03-10 12:52:00,548.31,548.31,548.25,548.25,-0.01,147.71,79572.24,-1
2026-03-10,2026-03-10 12:53:00,548.25,548.25,548.19,548.19,-0.01,147.71,79572.24,-1
2026-03-10,2026-03-10 12:54:00,548.19,548.19,548.14,548.14,-0.01,147.71,79572.24,-1
2026-03-10,2026-03-10 12:55:00,548.14,548.14,548.08,548.08,-0.01,147.71,79572.24,-1
2026-03-10,2026-03-10 12:56:00,548.08,548.08,548.02,548.02,-0.01,147.71,79572.24,-1
2026-03-10,2026-03-10 12:57:00,548.02,548.02,547.96,547.96,-0.01,147.71,79572.24,-1
2026-03-10,2026-03-10 12:58:00,547.96,547.96,547.91,547.91,-0.01,147.71,79572.24,-1
2026-03-10,2026-03-10 12:59:00,547.91,547.91,547.85,547.85,-0.01,147.71,79572.24,-1
2026-03-10,2026-03-10 13:00:00,547.85,555.6,515.0,547.79,-0.01,147.71,79572.24,-1
2026-03-10,2026-03-10 13:01:00,547.79,547.79,547.74,547.74,-0.01,147.71,79572.24,-1
2026-03-10,2026-03-10 13:02:00,547.74,547.74,547.68,547.68,-0.01,147.71,79572.24,-1
2026-03-10,2026-03-10 13:03:00,547.68,547.68,547.62,547.62,-0.01,147.71,79572.24,-1
2026-03-10,2026-03-10 13:04:00,547.62,547.62,547.56,547.56,-0.01,147.71,79572.24,-1
2026-03-10,2026-03-10 13:05:00,547.56,547.56,547.51,547.51,-0.01,147.71,79572.24,-1
2026-03-10,2026-03-10 13:06:00,547.51,547.51,547.45,547.45,-0.01,147.71,79572.24,-1
2026-03-10,2026-03-10 13:07:00,547.45,547.45,547.39,547.39,-0.01,147.71,79572.24,-1
2026-03-10,2026-03-10 13:08:00,547.39,547.39,547.34,547.34,-0.01,147.71,79572.24,-1
2026-03-10,2026-03-10 13:09:00,547.34,547.34,547.28,547.28,-0.01,147.71,79572.24,-1
2026-03-10,2026-03-10 13:10:00,547.28,547.28,547.22,547.22,-0.01,147.71,79572.24,-1
2026-03-10,2026-03-10 13:11:00,547.22,547.22,547.16,547.16,-0.01,147.71,79572.24,-1
2026-03-10,2026-03-10 13:12:00,547.16,547.16,547.11,547.11,-0.01,147.71,79572.24,-1
2026-03-10,2026-03-10 13:13:00,547.11,547.11,547.05,547.05,-0.01,147.71,79572.24,-1
2026-03-10,2026-03-10 13:14:00,547.05,547.05,546.99,546.99,-0.01,147.71,79572.24,-1
2026-03-10,2026-03-10 13:15:00,546.99,546.99,546.94,546.94,-0.01,147.71,79572.24,-1
2026-03-10,2026-03-10 13:16:00,546.94,546.94,546.88,546.88,-0.01,147.71,79572.24,-1
2026-03-10,2026-03-10 13:17:00,546.88,546.88,546.82,546.82,-0.01,147.71,79572.24,-1
2026-03-10,2026-03-10 13:18:00,546.82,546.82,546.77,546.77,-0.01,147.71,79572.24,-1
2026-03-10,2026-03-10 13:19:00,546.77,546.77,546.71,546.71,-0.01,147.71,79572.24,-1
2026-03-10,2026-03-10 13:20:00,546.71,546.71,546.65,546.65,-0.01,147.71,79572.24,-1
2026-03-10,2026-03-10 13:21:00,546.65,546.65,546.59,546.59,-0.01,147.71,79572.24,-1
2026-03-10,2026-03-10 13:22:00,546.59,546.59,546.54,546.54,-0.01,147.71,79572.24,-1
2026-03-10,2026-03-10 13:23:00,546.54,546.54,546.48,546.48,-0.01,147.71,79572.24,-1
2026-03-10,2026-03-10 13:24:00,546.48,546.48,546.42,546.42,-0.01,147.71,79572.24,-1
2026-03-10,2026-03-10 13:25:00,546.42,546.42,546.37,546.37,-0.01,147.71,79572.24,-1
2026-03-10,2026-03-10 13:26:00,546.37,546.37,546.31,546.31,-0.01,147.71,79572.24,-1
2026-03-10,2026-03-10 13:27:00,546.31,546.31,546.25,546.25,-0.01,147.71,79572.24,-1
2026-03-10,2026-03-10 13:28:00,546.25,546.25,546.19,546.19,-0.01,147.71,79572.24,-1
2026-03-10,2026-03-10 13:29:00,546.19,546.19,546.14,546.14,-0.01,147.71,79572.24,-1
2026-03-10,2026-03-10 13:30:00,546.14,546.14,546.08,546.08,-0.01,147.71,79572.24,-1
2026-03-10,2026-03-10 13:31:00,546.08,546.08,546.02,546.02,-0.01,147.71,79572.24,-1
2026-03-10,2026-03-10 13:32:00,546.02,546.02,545.97,545.97,-0.01,147.71,79572.24,-1
2026-03-10,2026-03-10 13:33:00,545.97,545.97,545.91,545.91,-0.01,147.71,79572.24,-1
2026-03-10,2026-03-10 13:34:00,545.91,545.91,545.85,545.85,-0.01,147.71,79572.24,-1
2026-03-10,2026-03-10 13:35:00,545.85,545.85,545.8,545.8,-0.01,147.71,79572.24,-1
2026-03-10,2026-03-10 13:36:00,545.8,545.8,545.74,545.74,-0.01,147.71,79572.24,-1
2026-03-10,2026-03-10 13:37:00,545.74,545.74,545.68,545.68,-0.01,147.71,79572.24,-1
2026-03-10,2026-03-10 13:38:00,545.68,545.68,545.62,545.62,-0.01,147.71,79572.24,-1
2026-03-10,2026-03-10 13:39:00,545.62,545.62,545.57,545.57,-0.01,147.71,79572.24,-1
2026-03-10,2026-03-10 13:40:00,545.57,545.57,545.51,545.51,-0.01,147.71,79572.24,-1
2026-03-10,2026-03-10 13:41:00,545.51,545.51,545.45,545.45,-0.01,147.71,79572.24,-1
2026-03-10,2026-03-10 13:42:00,545.45,545.45,545.4,545.4,-0.01,147.71,79572.24,-1
2026-03-10,2026-03-10 13:43:00,545.4,545.4,545.34,545.34,-0.01,147.71,79572.24,-1
2026-03-10,2026-03-10 13:44:00,545.34,545.34,545.28,545.28,-0.01,147.71,79572.24,-1
2026-03-10,2026-03-10 13:45:00,545.28,545.28,545.22,545.22,-0.01,147.71,79572.24,-1
2026-03-10,2026-03-10 13:46:00,545.22,545.22,545.17,545.17,-0.01,147.71,79572.24,-1
2026-03-10,2026-03-10 13:47:00,545.17,545.17,545.11,545.11,-0.01,147.71,79572.24,-1
2026-03-10,2026-03-10 13:48:00,545.11,545.11,545.05,545.05,-0.01,147.71,79572.24,-1
2026-03-10,2026-03-10 13:49:00,545.05,545.05,545.0,545.0,-0.01,147.71,79572.24,-1
2026-03-10,2026-03-10 13:50:00,545.0,545.0,544.94,544.94,-0.01,147.71,79572.24,-1
2026-03-10,2026-03-10 13:51:00,544.94,544.94,544.88,544.88,-0.01,147.71,79572.24,-1
2026-03-10,2026-03-10 13:52:00,544.88,544.88,544.82,544.82,-0.01,147.71,79572.24,-1
2026-03-10,2026-03-10 13:53:00,544.82,544.82,544.77,544.77,-0.01,147.71,79572.24,-1
2026-03-10,2026-03-10 13:54:00,544.77,544.77,544.71,544.71,-0.01,147.71,79572.24,-1
2026-03-10,2026-03-10 13:55:00,544.71,544.71,544.65,544.65,-0.01,147.71,79572.24,-1
2026-03-10,2026-03-10 13:56:00,544.65,544.65,544.6,544.6,-0.01,147.71,79572.24,-1
2026-03-10,2026-03-10 13:57:00,544.6,544.6,544.54,544.54,-0.01,147.71,79572.24,-1
2026-03-10,2026-03-10 13:58:00,544.54,544.54,544.48,544.48,-0.01,147.71,79572.24,-1
2026-03-10,2026-03-10 13:59:00,544.48,544.48,544.42,544.42,-0.01,147.71,79572.24,-1
2026-03-10,2026-03-10 14:00:00,544.42,544.42,544.37,544.37,-0.01,147.71,79572.24,-1
2026-03-10,2026-03-10 14:01:00,544.37,544.37,544.31,544.31,-0.01,147.71,79572.24,-1
2026-03-10,2026-03-10 14:02:00,544.31,544.31,544.25,544.25,-0.01,147.71,79572.24,-1
2026-03-10,2026-03-10 14:03:00,544.25,544.25,544.2,544.2,-0.01,147.71,79572.24,-1
2026-03-10,2026-03-10 14:04:00,544.2,544.2,544.14,544.14,-0.01,147.71,79572.24,-1
2026-03-10,2026-03-10 14:05:00,544.14,544.14,544.08,544.08,-0.01,147.71,79572.24,-1
2026-03-10,2026-03-10 14:06:00,544.08,544.08,544.03,544.03,-0.01,147.71,79572.24,-1
2026-03-10,2026-03-10 14:07:00,544.03,544.03,543.97,543.97,-0.01,147.71,79572.24,-1
2026-03-10,2026-03-10 14:08:00,543.97,543.97,543.91,543.91,-0.01,147.71,79572.24,-1
2026-03-10,2026-03-10 14:09:00,543.91,543.91,543.85,543.85,-0.01,147.71,79572.24,-1
2026-03-10,2026-03-10 14:10:00,543.85,543.85,543.8,543.8,-0.01,147.71,79572.24,-1
2026-03-10,2026-03-10 14:11:00,543.8,543.8,543.74,543.74,-0.01,147.71,79572.24,-1
2026-03-10,2026-03-10 14:12:00,543.74,543.74,543.68,543.68,-0.01,147.71,79572.24,-1
2026-03-10,2026-03-10 14:13:00,543.68,543.68,543.63,543.63,-0.01,147.71,79572.24,-1
2026-03-10,2026-03-10 14:14:00,543.63,543.63,543.57,543.57,-0.01,147.71,79572.24,-1
2026-03-10,2026-03-10 14:15:00,543.57,543.57,543.51,543.51,-0.01,147.71,79572.24,-1
2026-03-10,2026-03-10 14:16:00,543.51,543.51,543.45,543.45,-0.01,147.71,79572.24,-1
2026-03-10,2026-03-10 14:17:00,543.45,543.45,543.4,543.4,-0.01,147.71,79572.24,-1
2026-03-10,2026-03-10 14:18:00,543.4,543.4,543.34,543.34,-0.01,147.71,79572.24,-1
2026-03-10,2026-03-10 14:19:00,543.34,543.34,543.28,543.28,-0.01,147.71,79572.24,-1
2026-03-10,2026-03-10 14:20:00,543.28,543.28,543.23,543.23,-0.01,147.71,79572.24,-1
2026-03-10,2026-03-10 14:21:00,543.23,543.23,543.17,543.17,-0.01,147.71,79572.24,-1
2026-03-10,2026-03-10 14:22:00,543.17,543.17,543.11,543.11,-0.01,147.71,79572.24,-1
2026-03-10,2026-03-10 14:23:00,543.11,543.11,543.06,543.06,-0.01,147.71,79572.24,-1
2026-03-10,2026-03-10 14:24:00,543.06,543.06,543.0,543.0,-0.01,147.71,79572.24,-1
2026-03-10,2026-03-10 14:25:00,543.0,543.0,542.94,542.94,-0.01,147.71,79572.24,-1
2026-03-10,2026-03-10 14:26:00,542.94,542.94,542.88,542.88,-0.01,147.71,79572.24,-1
2026-03-10,2026-03-10 14:27:00,542.88,542.88,542.83,542.83,-0.01,147.71,79572.24,-1
2026-03-10,2026-03-10 14:28:00,542.83,542.83,542.77,542.77,-0.01,147.71,79572.24,-1
2026-03-10,2026-03-10 14:29:00,542.77,542.77,542.71,542.71,-0.01,147.71,79572.24,-1
2026-03-10,2026-03-10 14:30:00,542.71,542.71,542.66,542.66,-0.01,147.71,79572.24,-1
2026-03-10,2026-03-10 14:31:00,542.66,542.66,542.6,542.6,-0.01,147.71,79572.24,-1
2026-03-10,2026-03-10 14:32:00,542.6,542.6,542.54,542.54,-0.01,147.71,79572.24,-1
2026-03-10,2026-03-10 14:33:00,542.54,542.54,542.48,542.48,-0.01,147.71,79572.24,-1
2026-03-10,2026-03-10 14:34:00,542.48,542.48,542.43,542.43,-0.01,147.71,79572.24,-1
2026-03-10,2026-03-10 14:35:00,542.43,542.43,542.37,542.37,-0.01,147.71,79572.24,-1
2026-03-10,2026-03-10 14:36:00,542.37,542.37,542.31,542.31,-0.01,147.71,79572.24,-1
2026-03-10,2026-03-10 14:37:00,542.31,542.31,542.26,542.26,-0.01,147.71,79572.24,-1
2026-03-10,2026-03-10 14:38:00,542.26,542.26,542.2,542.2,-0.01,147.71,79572.24,-1
2026-03-10,2026-03-10 14:39:00,542.2,542.2,542.14,542.14,-0.01,147.71,79572.24,-1
2026-03-10,2026-03-10 14:40:00,542.14,542.14,542.08,542.08,-0.01,147.71,79572.24,-1
2026-03-10,2026-03-10 14:41:00,542.08,542.08,542.03,542.03,-0.01,147.71,79572.24,-1
2026-03-10,2026-03-10 14:42:00,542.03,542.03,541.97,541.97,-0.01,147.71,79572.24,-1
2026-03-10,2026-03-10 14:43:00,541.97,541.97,541.91,541.91,-0.01,147.71,79572.24,-1
2026-03-10,2026-03-10 14:44:00,541.91,541.91,541.86,541.86,-0.01,147.71,79572.24,-1
2026-03-10,2026-03-10 14:45:00,541.86,541.86,541.8,541.8,-0.01,147.71,79572.24,-1
2026-03-10,2026-03-10 14:46:00,541.8,541.8,541.74,541.74,-0.01,147.71,79572.24,-1
2026-03-10,2026-03-10 14:47:00,541.74,541.74,541.68,541.68,-0.01,147.71,79572.24,-1
2026-03-10,2026-03-10 14:48:00,541.68,541.68,541.63,541.63,-0.01,147.71,79572.24,-1
2026-03-10,2026-03-10 14:49:00,541.63,541.63,541.57,541.57,-0.01,147.71,79572.24,-1
2026-03-10,2026-03-10 14:50:00,541.57,541.57,541.51,541.51,-0.01,147.71,79572.24,-1
2026-03-10,2026-03-10 14:51:00,541.51,541.51,541.46,541.46,-0.01,147.71,79572.24,-1
2026-03-10,2026-03-10 14:52:00,541.46,541.46,541.4,541.4,-0.01,147.71,79572.24,-1
2026-03-10,2026-03-10 14:53:00,541.4,541.4,541.34,541.34,-0.01,147.71,79572.24,-1
2026-03-10,2026-03-10 14:54:00,541.34,541.34,541.29,541.29,-0.01,147.71,79572.24,-1
2026-03-10,2026-03-10 14:55:00,541.29,541.29,541.23,541.23,-0.01,147.71,79572.24,-1
2026-03-10,2026-03-10 14:56:00,541.23,541.23,541.17,541.17,-0.01,147.71,79572.24,-1
2026-03-10,2026-03-10 14:57:00,541.17,541.17,541.11,541.11,-0.01,147.71,79572.24,-1
2026-03-10,2026-03-10 14:58:00,541.11,541.11,541.06,541.06,-0.01,147.71,79572.24,-1
2026-03-10,2026-03-10 14:59:00,541.06,541.06,541.0,541.0,-0.01,147.71,79572.24,-1
2026-03-10,2026-03-10 15:00:00,541.0,555.6,515.0,541.0,0.0,147.71,79572.24,0
2026-03-11,2026-03-11 11:00:00,539.0,539.0,533.42,538.92,-0.01,49.08,25875.33,-1
2026-03-11,2026-03-11 11:01:00,538.92,538.92,538.85,538.85,-0.01,49.08,25875.33,-1
2026-03-11,2026-03-11 11:02:00,538.85,538.85,538.77,538.77,-0.01,49.08,25875.33,-1
2026-03-11,2026-03-11 11:03:00,538.77,538.77,538.7,538.7,-0.01,49.08,25875.33,-1
2026-03-11,2026-03-11 11:04:00,538.7,538.7,538.62,538.62,-0.01,49.08,25875.33,-1
2026-03-11,2026-03-11 11:05:00,538.62,538.62,538.55,538.55,-0.01,49.08,25875.33,-1
2026-03-11,2026-03-11 11:06:00,538.55,538.55,538.48,538.48,-0.01,49.08,25875.33,-1
2026-03-11,2026-03-11 11:07:00,538.48,538.48,538.4,538.4,-0.01,49.08,25875.33,-1
2026-03-11,2026-03-11 11:08:00,538.4,538.4,538.33,538.33,-0.01,49.08,25875.33,-1
2026-03-11,2026-03-11 11:09:00,538.33,538.33,538.25,538.25,-0.01,49.08,25875.33,-1
2026-03-11,2026-03-11 11:10:00,538.25,538.25,538.17,538.17,-0.01,49.08,25875.33,-1
2026-03-11,2026-03-11 11:11:00,538.17,538.17,538.1,538.1,-0.01,49.08,25875.33,-1
2026-03-11,2026-03-11 11:12:00,538.1,538.1,538.02,538.02,-0.01,49.08,25875.33,-1
2026-03-11,2026-03-11 11:13:00,538.02,538.02,537.95,537.95,-0.01,49.08,25875.33,-1
2026-03-11,2026-03-11 11:14:00,537.95,537.95,537.88,537.88,-0.01,49.08,25875.33,-1
2026-03-11,2026-03-11 11:15:00,537.88,537.88,537.8,537.8,-0.01,49.08,25875.33,-1
2026-03-11,2026-03-11 11:16:00,537.8,537.8,537.73,537.73,-0.01,49.08,25875.33,-1
2026-03-11,2026-03-11 11:17:00,537.73,537.73,537.65,537.65,-0.01,49.08,25875.33,-1
2026-03-11,2026-03-11 11:18:00,537.65,537.65,537.58,537.58,-0.01,49.08,25875.33,-1
2026-03-11,2026-03-11 11:19:00,537.58,537.58,537.5,537.5,-0.01,49.08,25875.33,-1
2026-03-11,2026-03-11 11:20:00,537.5,537.5,537.42,537.42,-0.01,49.08,25875.33,-1
2026-03-11,2026-03-11 11:21:00,537.42,537.42,537.35,537.35,-0.01,49.08,25875.33,-1
2026-03-11,2026-03-11 11:22:00,537.35,537.35,537.27,537.27,-0.01,49.08,25875.33,-1
2026-03-11,2026-03-11 11:23:00,537.27,537.27,537.2,537.2,-0.01,49.08,25875.33,-1
2026-03-11,2026-03-11 11:24:00,537.2,537.2,537.12,537.12,-0.01,49.08,25875.33,-1
2026-03-11,2026-03-11 11:25:00,537.12,537.12,537.05,537.05,-0.01,49.08,25875.33,-1
2026-03-11,2026-03-11 11:26:00,537.05,537.05,536.98,536.98,-0.01,49.08,25875.33,-1
2026-03-11,2026-03-11 11:27:00,536.98,536.98,536.9,536.9,-0.01,49.08,25875.33,-1
2026-03-11,2026-03-11 11:28:00,536.9,536.9,536.83,536.83,-0.01,49.08,25875.33,-1
2026-03-11,2026-03-11 11:29:00,536.83,536.83,536.75,536.75,-0.01,49.08,25875.33,-1
2026-03-11,2026-03-11 11:30:00,536.75,536.75,536.67,536.67,-0.01,49.08,25875.33,-1
2026-03-11,2026-03-11 11:31:00,536.67,536.67,536.6,536.6,-0.01,49.08,25875.33,-1
2026-03-11,2026-03-11 11:32:00,536.6,536.6,536.52,536.52,-0.01,49.08,25875.33,-1
2026-03-11,2026-03-11 11:33:00,536.52,536.52,536.45,536.45,-0.01,49.08,25875.33,-1
2026-03-11,2026-03-11 11:34:00,536.45,536.45,536.38,536.38,-0.01,49.08,25875.33,-1
2026-03-11,2026-03-11 11:35:00,536.38,536.38,536.3,536.3,-0.01,49.08,25875.33,-1
2026-03-11,2026-03-11 11:36:00,536.3,536.3,536.23,536.23,-0.01,49.08,25875.33,-1
2026-03-11,2026-03-11 11:37:00,536.23,536.23,536.15,536.15,-0.01,49.08,25875.33,-1
2026-03-11,2026-03-11 11:38:00,536.15,536.15,536.08,536.08,-0.01,49.08,25875.33,-1
2026-03-11,2026-03-11 11:39:00,536.08,536.08,536.0,536.0,-0.01,49.08,25875.33,-1
2026-03-11,2026-03-11 11:40:00,536.0,536.0,535.92,535.92,-0.01,49.08,25875.33,-1
2026-03-11,2026-03-11 11:41:00,535.92,535.92,535.85,535.85,-0.01,49.08,25875.33,-1
2026-03-11,2026-03-11 11:42:00,535.85,535.85,535.77,535.77,-0.01,49.08,25875.33,-1
2026-03-11,2026-03-11 11:43:00,535.77,535.77,535.7,535.7,-0.01,49.08,25875.33,-1
2026-03-11,2026-03-11 11:44:00,535.7,535.7,535.62,535.62,-0.01,49.08,25875.33,-1
2026-03-11,2026-03-11 11:45:00,535.62,535.62,535.55,535.55,-0.01,49.08,25875.33,-1
2026-03-11,2026-03-11 11:46:00,535.55,535.55,535.48,535.48,-0.01,49.08,25875.33,-1
2026-03-11,2026-03-11 11:47:00,535.48,535.48,535.4,535.4,-0.01,49.08,25875.33,-1
2026-03-11,2026-03-11 11:48:00,535.4,535.4,535.33,535.33,-0.01,49.08,25875.33,-1
2026-03-11,2026-03-11 11:49:00,535.33,535.33,535.25,535.25,-0.01,49.08,25875.33,-1
2026-03-11,2026-03-11 11:50:00,535.25,535.25,535.17,535.17,-0.01,49.08,25875.33,-1
2026-03-11,2026-03-11 11:51:00,535.17,535.17,535.1,535.1,-0.01,49.08,25875.33,-1
2026-03-11,2026-03-11 11:52:00,535.1,535.1,535.02,535.02,-0.01,49.08,25875.33,-1
2026-03-11,2026-03-11 11:53:00,535.02,535.02,534.95,534.95,-0.01,49.08,25875.33,-1
2026-03-11,2026-03-11 11:54:00,534.95,534.95,534.88,534.88,-0.01,49.08,25875.33,-1
2026-03-11,2026-03-11 11:55:00,534.88,534.88,534.8,534.8,-0.01,49.08,25875.33,-1
2026-03-11,2026-03-11 11:56:00,534.8,534.8,534.73,534.73,-0.01,49.08,25875.33,-1
2026-03-11,2026-03-11 11:57:00,534.73,534.73,534.65,534.65,-0.01,49.08,25875.33,-1
2026-03-11,2026-03-11 11:58:00,534.65,534.65,534.58,534.58,-0.01,49.08,25875.33,-1
2026-03-11,2026-03-11 11:59:00,534.58,534.58,534.5,534.5,-0.01,49.08,25875.33,-1
2026-03-11,2026-03-11 12:00:00,534.5,534.5,534.42,534.42,-0.01,49.08,25875.33,-1
2026-03-11,2026-03-11 12:01:00,534.42,534.42,534.35,534.35,-0.01,49.08,25875.33,-1
2026-03-11,2026-03-11 12:02:00,534.35,534.35,534.27,534.27,-0.01,49.08,25875.33,-1
2026-03-11,2026-03-11 12:03:00,534.27,534.27,534.2,534.2,-0.01,49.08,25875.33,-1
2026-03-11,2026-03-11 12:04:00,534.2,534.2,534.12,534.12,-0.01,49.08,25875.33,-1
2026-03-11,2026-03-11 12:05:00,534.12,534.12,534.05,534.05,-0.01,49.08,25875.33,-1
2026-03-11,2026-03-11 12:06:00,534.05,534.05,533.98,533.98,-0.01,49.08,25875.33,-1
2026-03-11,2026-03-11 12:07:00,533.98,533.98,533.9,533.9,-0.01,49.08,25875.33,-1
2026-03-11,2026-03-11 12:08:00,533.9,533.9,533.83,533.83,-0.01,49.08,25875.33,-1
2026-03-11,2026-03-11 12:09:00,533.83,533.83,533.75,533.75,-0.01,49.08,25875.33,-1
2026-03-11,2026-03-11 12:10:00,533.75,533.75,533.67,533.67,-0.01,49.08,25875.33,-1
2026-03-11,2026-03-11 12:11:00,533.67,533.67,533.6,533.6,-0.01,49.08,25875.33,-1
2026-03-11,2026-03-11 12:12:00,533.6,533.6,533.52,533.52,-0.01,49.08,25875.33,-1
2026-03-11,2026-03-11 12:13:00,533.52,533.52,533.45,533.45,-0.01,49.08,25875.33,-1
2026-03-11,2026-03-11 12:14:00,533.45,533.45,533.38,533.38,-0.01,49.08,25875.33,-1
2026-03-11,2026-03-11 12:15:00,533.38,533.38,533.3,533.3,-0.01,49.08,25875.33,-1
2026-03-11,2026-03-11 12:16:00,533.3,533.3,533.23,533.23,-0.01,49.08,25875.33,-1
2026-03-11,2026-03-11 12:17:00,533.23,533.23,533.15,533.15,-0.02,49.08,25875.33,-1
2026-03-11,2026-03-11 12:18:00,533.15,533.15,533.08,533.08,-0.01,49.08,25875.33,-1
2026-03-11,2026-03-11 12:19:00,533.08,533.08,533.0,533.0,-0.02,49.08,25875.33,-1
2026-03-11,2026-03-11 12:20:00,533.0,533.0,532.92,532.92,-0.02,49.08,25875.33,-1
2026-03-11,2026-03-11 12:21:00,532.92,532.92,532.85,532.85,-0.01,49.08,25875.33,-1
2026-03-11,2026-03-11 12:22:00,532.85,532.85,532.77,532.77,-0.02,49.08,25875.33,-1
2026-03-11,2026-03-11 12:23:00,532.77,532.77,532.7,532.7,-0.01,49.08,25875.33,-1
2026-03-11,2026-03-11 12:24:00,532.7,532.7,532.62,532.62,-0.02,49.08,25875.33,-1
2026-03-11,2026-03-11 12:25:00,532.62,532.62,532.55,532.55,-0.01,49.08,25875.33,-1
2026-03-11,2026-03-11 12:26:00,532.55,532.55,532.48,532.48,-0.01,49.08,25875.33,-1
2026-03-11,2026-03-11 12:27:00,532.48,532.48,532.4,532.4,-0.02,49.08,25875.33,-1
2026-03-11,2026-03-11 12:28:00,532.4,532.4,532.33,532.33,-0.01,49.08,25875.33,-1
2026-03-11,2026-03-11 12:29:00,532.33,532.33,532.25,532.25,-0.02,49.08,25875.33,-1
2026-03-11,2026-03-11 12:30:00,532.25,532.25,532.17,532.17,-0.02,49.08,25875.33,-1
2026-03-11,2026-03-11 12:31:00,532.17,532.17,532.1,532.1,-0.01,49.08,25875.33,-1
2026-03-11,2026-03-11 12:32:00,532.1,532.1,532.02,532.02,-0.02,49.08,25875.33,-1
2026-03-11,2026-03-11 12:33:00,532.02,532.02,531.95,531.95,-0.01,49.08,25875.33,-1
2026-03-11,2026-03-11 12:34:00,531.95,531.95,531.88,531.88,-0.01,49.08,25875.33,-1
2026-03-11,2026-03-11 12:35:00,531.88,531.88,531.8,531.8,-0.02,49.08,25875.33,-1
2026-03-11,2026-03-11 12:36:00,531.8,531.8,531.73,531.73,-0.01,49.08,25875.33,-1
2026-03-11,2026-03-11 12:37:00,531.73,531.73,531.65,531.65,-0.02,49.08,25875.33,-1
2026-03-11,2026-03-11 12:38:00,531.65,531.65,531.58,531.58,-0.01,49.08,25875.33,-1
2026-03-11,2026-03-11 12:39:00,531.58,531.58,531.5,531.5,-0.02,49.08,25875.33,-1
2026-03-11,2026-03-11 12:40:00,531.5,531.5,531.42,531.42,-0.02,49.08,25875.33,-1
2026-03-11,2026-03-11 12:41:00,531.42,531.42,531.35,531.35,-0.01,49.08,25875.33,-1
2026-03-11,2026-03-11 12:42:00,531.35,531.35,531.27,531.27,-0.02,49.08,25875.33,-1
2026-03-11,2026-03-11 12:43:00,531.27,531.27,531.2,531.2,-0.01,49.08,25875.33,-1
2026-03-11,2026-03-11 12:44:00,531.2,531.2,531.12,531.12,-0.02,49.08,25875.33,-1
2026-03-11,2026-03-11 12:45:00,531.12,531.12,531.05,531.05,-0.01,49.08,25875.33,-1
2026-03-11,2026-03-11 12:46:00,531.05,531.05,530.98,530.98,-0.01,49.08,25875.33,-1
2026-03-11,2026-03-11 12:47:00,530.98,530.98,530.9,530.9,-0.02,49.08,25875.33,-1
2026-03-11,2026-03-11 12:48:00,530.9,530.9,530.83,530.83,-0.01,49.08,25875.33,-1
2026-03-11,2026-03-11 12:49:00,530.83,530.83,530.75,530.75,-0.02,49.08,25875.33,-1
2026-03-11,2026-03-11 12:50:00,530.75,530.75,530.67,530.67,-0.02,49.08,25875.33,-1
2026-03-11,2026-03-11 12:51:00,530.67,530.67,530.6,530.6,-0.01,49.08,25875.33,-1
2026-03-11,2026-03-11 12:52:00,530.6,530.6,530.52,530.52,-0.02,49.08,25875.33,-1
2026-03-11,2026-03-11 12:53:00,530.52,530.52,530.45,530.45,-0.01,49.08,25875.33,-1
2026-03-11,2026-03-11 12:54:00,530.45,530.45,530.38,530.38,-0.01,49.08,25875.33,-1
2026-03-11,2026-03-11 12:55:00,530.38,530.38,530.3,530.3,-0.02,49.08,25875.33,-1
2026-03-11,2026-03-11 12:56:00,530.3,530.3,530.23,530.23,-0.01,49.08,25875.33,-1
2026-03-11,2026-03-11 12:57:00,530.23,530.23,530.15,530.15,-0.02,49.08,25875.33,-1
2026-03-11,2026-03-11 12:58:00,530.15,530.15,530.08,530.08,-0.01,49.08,25875.33,-1
2026-03-11,2026-03-11 12:59:00,530.08,530.08,530.0,530.0,-0.02,49.08,25875.33,-1
2026-03-11,2026-03-11 13:00:00,530.0,539.0,520.4,529.92,-0.02,49.08,25875.33,-1
2026-03-11,2026-03-11 13:01:00,529.92,529.92,529.85,529.85,-0.01,49.08,25875.33,-1
2026-03-11,2026-03-11 13:02:00,529.85,529.85,529.77,529.77,-0.02,49.08,25875.33,-1
2026-03-11,2026-03-11 13:03:00,529.77,529.77,529.7,529.7,-0.01,49.08,25875.33,-1
2026-03-11,2026-03-11 13:04:00,529.7,529.7,529.62,529.62,-0.02,49.08,25875.33,-1
2026-03-11,2026-03-11 13:05:00,529.62,529.62,529.55,529.55,-0.01,49.08,25875.33,-1
2026-03-11,2026-03-11 13:06:00,529.55,529.55,529.48,529.48,-0.01,49.08,25875.33,-1
2026-03-11,2026-03-11 13:07:00,529.48,529.48,529.4,529.4,-0.02,49.08,25875.33,-1
2026-03-11,2026-03-11 13:08:00,529.4,529.4,529.33,529.33,-0.01,49.08,25875.33,-1
2026-03-11,2026-03-11 13:09:00,529.33,529.33,529.25,529.25,-0.02,49.08,25875.33,-1
2026-03-11,2026-03-11 13:10:00,529.25,529.25,529.17,529.17,-0.02,49.08,25875.33,-1
2026-03-11,2026-03-11 13:11:00,529.17,529.17,529.1,529.1,-0.01,49.08,25875.33,-1
2026-03-11,2026-03-11 13:12:00,529.1,529.1,529.02,529.02,-0.02,49.08,25875.33,-1
2026-03-11,2026-03-11 13:13:00,529.02,529.02,528.95,528.95,-0.01,49.08,25875.33,-1
2026-03-11,2026-03-11 13:14:00,528.95,528.95,528.88,528.88,-0.01,49.08,25875.33,-1
2026-03-11,2026-03-11 13:15:00,528.88,528.88,528.8,528.8,-0.02,49.08,25875.33,-1
2026-03-11,2026-03-11 13:16:00,528.8,528.8,528.73,528.73,-0.01,49.08,25875.33,-1
2026-03-11,2026-03-11 13:17:00,528.73,528.73,528.65,528.65,-0.02,49.08,25875.33,-1
2026-03-11,2026-03-11 13:18:00,528.65,528.65,528.58,528.58,-0.01,49.08,25875.33,-1
2026-03-11,2026-03-11 13:19:00,528.58,528.58,528.5,528.5,-0.02,49.08,25875.33,-1
2026-03-11,2026-03-11 13:20:00,528.5,528.5,528.42,528.42,-0.02,49.08,25875.33,-1
2026-03-11,2026-03-11 13:21:00,528.42,528.42,528.35,528.35,-0.01,49.08,25875.33,-1
2026-03-11,2026-03-11 13:22:00,528.35,528.35,528.27,528.27,-0.02,49.08,25875.33,-1
2026-03-11,2026-03-11 13:23:00,528.27,528.27,528.2,528.2,-0.01,49.08,25875.33,-1
2026-03-11,2026-03-11 13:24:00,528.2,528.2,528.12,528.12,-0.02,49.08,25875.33,-1
2026-03-11,2026-03-11 13:25:00,528.12,528.12,528.05,528.05,-0.01,49.08,25875.33,-1
2026-03-11,2026-03-11 13:26:00,528.05,528.05,527.98,527.98,-0.01,49.08,25875.33,-1
2026-03-11,2026-03-11 13:27:00,527.98,527.98,527.9,527.9,-0.02,49.08,25875.33,-1
2026-03-11,2026-03-11 13:28:00,527.9,527.9,527.83,527.83,-0.01,49.08,25875.33,-1
2026-03-11,2026-03-11 13:29:00,527.83,527.83,527.75,527.75,-0.02,49.08,25875.33,-1
2026-03-11,2026-03-11 13:30:00,527.75,527.75,527.67,527.67,-0.02,49.08,25875.33,-1
2026-03-11,2026-03-11 13:31:00,527.67,527.67,527.6,527.6,-0.01,49.08,25875.33,-1
2026-03-11,2026-03-11 13:32:00,527.6,527.6,527.52,527.52,-0.02,49.08,25875.33,-1
2026-03-11,2026-03-11 13:33:00,527.52,527.52,527.45,527.45,-0.01,49.08,25875.33,-1
2026-03-11,2026-03-11 13:34:00,527.45,527.45,527.38,527.38,-0.01,49.08,25875.33,-1
2026-03-11,2026-03-11 13:35:00,527.38,527.38,527.3,527.3,-0.02,49.08,25875.33,-1
2026-03-11,2026-03-11 13:36:00,527.3,527.3,527.23,527.23,-0.01,49.08,25875.33,-1
2026-03-11,2026-03-11 13:37:00,527.23,527.23,527.15,527.15,-0.02,49.08,25875.33,-1
2026-03-11,2026-03-11 13:38:00,527.15,527.15,527.08,527.08,-0.01,49.08,25875.33,-1
2026-03-11,2026-03-11 13:39:00,527.08,527.08,527.0,527.0,-0.02,49.08,25875.33,-1
2026-03-11,2026-03-11 13:40:00,527.0,527.0,526.92,526.92,-0.02,49.08,25875.33,-1
2026-03-11,2026-03-11 13:41:00,526.92,526.92,526.85,526.85,-0.01,49.08,25875.33,-1
2026-03-11,2026-03-11 13:42:00,526.85,526.85,526.77,526.77,-0.02,49.08,25875.33,-1
2026-03-11,2026-03-11 13:43:00,526.77,526.77,526.7,526.7,-0.01,49.08,25875.33,-1
2026-03-11,2026-03-11 13:44:00,526.7,526.7,526.62,526.62,-0.02,49.08,25875.33,-1
2026-03-11,2026-03-11 13:45:00,526.62,526.62,526.55,526.55,-0.01,49.08,25875.33,-1
2026-03-11,2026-03-11 13:46:00,526.55,526.55,526.48,526.48,-0.01,49.08,25875.33,-1
2026-03-11,2026-03-11 13:47:00,526.48,526.48,526.4,526.4,-0.02,49.08,25875.33,-1
2026-03-11,2026-03-11 13:48:00,526.4,526.4,526.33,526.33,-0.01,49.08,25875.33,-1
2026-03-11,2026-03-11 13:49:00,526.33,526.33,526.25,526.25,-0.02,49.08,25875.33,-1
2026-03-11,2026-03-11 13:50:00,526.25,526.25,526.17,526.17,-0.02,49.08,25875.33,-1
2026-03-11,2026-03-11 13:51:00,526.17,526.17,526.1,526.1,-0.01,49.08,25875.33,-1
2026-03-11,2026-03-11 13:52:00,526.1,526.1,526.02,526.02,-0.02,49.08,25875.33,-1
2026-03-11,2026-03-11 13:53:00,526.02,526.02,525.95,525.95,-0.01,49.08,25875.33,-1
2026-03-11,2026-03-11 13:54:00,525.95,525.95,525.88,525.88,-0.01,49.08,25875.33,-1
2026-03-11,2026-03-11 13:55:00,525.88,525.88,525.8,525.8,-0.02,49.08,25875.33,-1
2026-03-11,2026-03-11 13:56:00,525.8,525.8,525.73,525.73,-0.01,49.08,25875.33,-1
2026-03-11,2026-03-11 13:57:00,525.73,525.73,525.65,525.65,-0.02,49.08,25875.33,-1
2026-03-11,2026-03-11 13:58:00,525.65,525.65,525.58,525.58,-0.01,49.08,25875.33,-1
2026-03-11,2026-03-11 13:59:00,525.58,525.58,525.5,525.5,-0.02,49.08,25875.33,-1
2026-03-11,2026-03-11 14:00:00,525.5,525.5,525.42,525.42,-0.02,49.08,25875.33,-1
2026-03-11,2026-03-11 14:01:00,525.42,525.42,525.35,525.35,-0.01,49.08,25875.33,-1
2026-03-11,2026-03-11 14:02:00,525.35,525.35,525.27,525.27,-0.02,49.08,25875.33,-1
2026-03-11,2026-03-11 14:03:00,525.27,525.27,525.2,525.2,-0.01,49.08,25875.33,-1
2026-03-11,2026-03-11 14:04:00,525.2,525.2,525.12,525.12,-0.02,49.08,25875.33,-1
2026-03-11,2026-03-11 14:05:00,525.12,525.12,525.05,525.05,-0.01,49.08,25875.33,-1
2026-03-11,2026-03-11 14:06:00,525.05,525.05,524.98,524.98,-0.01,49.08,25875.33,-1
2026-03-11,2026-03-11 14:07:00,524.98,524.98,524.9,524.9,-0.02,49.08,25875.33,-1
2026-03-11,2026-03-11 14:08:00,524.9,524.9,524.83,524.83,-0.01,49.08,25875.33,-1
2026-03-11,2026-03-11 14:09:00,524.83,524.83,524.75,524.75,-0.02,49.08,25875.33,-1
2026-03-11,2026-03-11 14:10:00,524.75,524.75,524.67,524.67,-0.02,49.08,25875.33,-1
2026-03-11,2026-03-11 14:11:00,524.67,524.67,524.6,524.6,-0.01,49.08,25875.33,-1
2026-03-11,2026-03-11 14:12:00,524.6,524.6,524.52,524.52,-0.02,49.08,25875.33,-1
2026-03-11,2026-03-11 14:13:00,524.52,524.52,524.45,524.45,-0.01,49.08,25875.33,-1
2026-03-11,2026-03-11 14:14:00,524.45,524.45,524.38,524.38,-0.01,49.08,25875.33,-1
2026-03-11,2026-03-11 14:15:00,524.38,524.38,524.3,524.3,-0.02,49.08,25875.33,-1
2026-03-11,2026-03-11 14:16:00,524.3,524.3,524.23,524.23,-0.01,49.08,25875.33,-1
2026-03-11,2026-03-11 14:17:00,524.23,524.23,524.15,524.15,-0.02,49.08,25875.33,-1
2026-03-11,2026-03-11 14:18:00,524.15,524.15,524.08,524.08,-0.01,49.08,25875.33,-1
2026-03-11,2026-03-11 14:19:00,524.08,524.08,524.0,524.0,-0.02,49.08,25875.33,-1
2026-03-11,2026-03-11 14:20:00,524.0,524.0,523.92,523.92,-0.02,49.08,25875.33,-1
2026-03-11,2026-03-11 14:21:00,523.92,523.92,523.85,523.85,-0.01,49.08,25875.33,-1
2026-03-11,2026-03-11 14:22:00,523.85,523.85,523.77,523.77,-0.02,49.08,25875.33,-1
2026-03-11,2026-03-11 14:23:00,523.77,523.77,523.7,523.7,-0.01,49.08,25875.33,-1
2026-03-11,2026-03-11 14:24:00,523.7,523.7,523.62,523.62,-0.02,49.08,25875.33,-1
2026-03-11,2026-03-11 14:25:00,523.62,523.62,523.55,523.55,-0.01,49.08,25875.33,-1
2026-03-11,2026-03-11 14:26:00,523.55,523.55,523.48,523.48,-0.01,49.08,25875.33,-1
2026-03-11,2026-03-11 14:27:00,523.48,523.48,523.4,523.4,-0.02,49.08,25875.33,-1
2026-03-11,2026-03-11 14:28:00,523.4,523.4,523.33,523.33,-0.01,49.08,25875.33,-1
2026-03-11,2026-03-11 14:29:00,523.33,523.33,523.25,523.25,-0.02,49.08,25875.33,-1
2026-03-11,2026-03-11 14:30:00,523.25,523.25,523.17,523.17,-0.02,49.08,25875.33,-1
2026-03-11,2026-03-11 14:31:00,523.17,523.17,523.1,523.1,-0.01,49.08,25875.33,-1
2026-03-11,2026-03-11 14:32:00,523.1,523.1,523.02,523.02,-0.02,49.08,25875.33,-1
2026-03-11,2026-03-11 14:33:00,523.02,523.02,522.95,522.95,-0.01,49.08,25875.33,-1
2026-03-11,2026-03-11 14:34:00,522.95,522.95,522.88,522.88,-0.01,49.08,25875.33,-1
2026-03-11,2026-03-11 14:35:00,522.88,522.88,522.8,522.8,-0.02,49.08,25875.33,-1
2026-03-11,2026-03-11 14:36:00,522.8,522.8,522.73,522.73,-0.01,49.08,25875.33,-1
2026-03-11,2026-03-11 14:37:00,522.73,522.73,522.65,522.65,-0.02,49.08,25875.33,-1
2026-03-11,2026-03-11 14:38:00,522.65,522.65,522.58,522.58,-0.01,49.08,25875.33,-1
2026-03-11,2026-03-11 14:39:00,522.58,522.58,522.5,522.5,-0.02,49.08,25875.33,-1
2026-03-11,2026-03-11 14:40:00,522.5,522.5,522.42,522.42,-0.02,49.08,25875.33,-1
2026-03-11,2026-03-11 14:41:00,522.42,522.42,522.35,522.35,-0.01,49.08,25875.33,-1
2026-03-11,2026-03-11 14:42:00,522.35,522.35,522.27,522.27,-0.02,49.08,25875.33,-1
2026-03-11,2026-03-11 14:43:00,522.27,522.27,522.2,522.2,-0.01,49.08,25875.33,-1
2026-03-11,2026-03-11 14:44:00,522.2,522.2,522.12,522.12,-0.02,49.08,25875.33,-1
2026-03-11,2026-03-11 14:45:00,522.12,522.12,522.05,522.05,-0.01,49.08,25875.33,-1
2026-03-11,2026-03-11 14:46:00,522.05,522.05,521.98,521.98,-0.01,49.08,25875.33,-1
2026-03-11,2026-03-11 14:47:00,521.98,521.98,521.9,521.9,-0.02,49.08,25875.33,-1
2026-03-11,2026-03-11 14:48:00,521.9,521.9,521.83,521.83,-0.01,49.08,25875.33,-1
2026-03-11,2026-03-11 14:49:00,521.83,521.83,521.75,521.75,-0.02,49.08,25875.33,-1
2026-03-11,2026-03-11 14:50:00,521.75,521.75,521.67,521.67,-0.02,49.08,25875.33,-1
2026-03-11,2026-03-11 14:51:00,521.67,521.67,521.6,521.6,-0.01,49.08,25875.33,-1
2026-03-11,2026-03-11 14:52:00,521.6,521.6,521.52,521.52,-0.02,49.08,25875.33,-1
2026-03-11,2026-03-11 14:53:00,521.52,521.52,521.45,521.45,-0.01,49.08,25875.33,-1
2026-03-11,2026-03-11 14:54:00,521.45,521.45,521.38,521.38,-0.01,49.08,25875.33,-1
2026-03-11,2026-03-11 14:55:00,521.38,521.38,521.3,521.3,-0.02,49.08,25875.33,-1
2026-03-11,2026-03-11 14:56:00,521.3,521.3,521.23,521.23,-0.01,49.08,25875.33,-1
2026-03-11,2026-03-11 14:57:00,521.23,521.23,521.15,521.15,-0.02,49.08,25875.33,-1
2026-03-11,2026-03-11 14:58:00,521.15,521.15,521.08,521.08,-0.01,49.08,25875.33,-1
2026-03-11,2026-03-11 14:59:00,521.08,521.08,521.0,521.0,-0.02,49.08,25875.33,-1
2026-03-11,2026-03-11 15:00:00,521.0,539.0,520.4,521.0,0.0,49.08,25875.33,0
2026-03-12,2026-03-12 11:00:00,520.0,523.42,520.0,520.03,0.01,69.48,36622.07,1
2026-03-12,2026-03-12 11:01:00,520.03,520.07,520.03,520.07,0.01,69.48,36622.07,1
2026-03-12,2026-03-12 11:02:00,520.07,520.1,520.07,520.1,0.01,69.48,36622.07,1
2026-03-12,2026-03-12 11:03:00,520.1,520.13,520.1,520.13,0.01,69.48,36622.07,1
2026-03-12,2026-03-12 11:04:00,520.13,520.17,520.13,520.17,0.01,69.48,36622.07,1
2026-03-12,2026-03-12 11:05:00,520.17,520.2,520.17,520.2,0.01,69.48,36622.07,1
2026-03-12,2026-03-12 11:06:00,520.2,520.23,520.2,520.23,0.01,69.48,36622.07,1
2026-03-12,2026-03-12 11:07:00,520.23,520.27,520.23,520.27,0.01,69.48,36622.07,1
2026-03-12,2026-03-12 11:08:00,520.27,520.3,520.27,520.3,0.01,69.48,36622.07,1
2026-03-12,2026-03-12 11:09:00,520.3,520.33,520.3,520.33,0.01,69.48,36622.07,1
2026-03-12,2026-03-12 11:10:00,520.33,520.37,520.33,520.37,0.01,69.48,36622.07,1
2026-03-12,2026-03-12 11:11:00,520.37,520.4,520.37,520.4,0.01,69.48,36622.07,1
2026-03-12,2026-03-12 11:12:00,520.4,520.43,520.4,520.43,0.01,69.48,36622.07,1
2026-03-12,2026-03-12 11:13:00,520.43,520.47,520.43,520.47,0.01,69.48,36622.07,1
2026-03-12,2026-03-12 11:14:00,520.47,520.5,520.47,520.5,0.01,69.48,36622.07,1
2026-03-12,2026-03-12 11:15:00,520.5,520.53,520.5,520.53,0.01,69.48,36622.07,1
2026-03-12,2026-03-12 11:16:00,520.53,520.57,520.53,520.57,0.01,69.48,36622.07,1
2026-03-12,2026-03-12 11:17:00,520.57,520.6,520.57,520.6,0.01,69.48,36622.07,1
2026-03-12,2026-03-12 11:18:00,520.6,520.63,520.6,520.63,0.01,69.48,36622.07,1
2026-03-12,2026-03-12 11:19:00,520.63,520.67,520.63,520.67,0.01,69.48,36622.07,1
2026-03-12,2026-03-12 11:20:00,520.67,520.7,520.67,520.7,0.01,69.48,36622.07,1
2026-03-12,2026-03-12 11:21:00,520.7,520.73,520.7,520.73,0.01,69.48,36622.07,1
2026-03-12,2026-03-12 11:22:00,520.73,520.77,520.73,520.77,0.01,69.48,36622.07,1
2026-03-12,2026-03-12 11:23:00,520.77,520.8,520.77,520.8,0.01,69.48,36622.07,1
2026-03-12,2026-03-12 11:24:00,520.8,520.83,520.8,520.83,0.01,69.48,36622.07,1
2026-03-12,2026-03-12 11:25:00,520.83,520.87,520.83,520.87,0.01,69.48,36622.07,1
2026-03-12,2026-03-12 11:26:00,520.87,520.9,520.87,520.9,0.01,69.48,36622.07,1
2026-03-12,2026-03-12 11:27:00,520.9,520.93,520.9,520.93,0.01,69.48,36622.07,1
2026-03-12,2026-03-12 11:28:00,520.93,520.97,520.93,520.97,0.01,69.48,36622.07,1
2026-03-12,2026-03-12 11:29:00,520.97,521.0,520.97,521.0,0.01,69.48,36622.07,1
2026-03-12,2026-03-12 11:30:00,521.0,521.03,521.0,521.03,0.01,69.48,36622.07,1
2026-03-12,2026-03-12 11:31:00,521.03,521.07,521.03,521.07,0.01,69.48,36622.07,1
2026-03-12,2026-03-12 11:32:00,521.07,521.1,521.07,521.1,0.01,69.48,36622.07,1
2026-03-12,2026-03-12 11:33:00,521.1,521.13,521.1,521.13,0.01,69.48,36622.07,1
2026-03-12,2026-03-12 11:34:00,521.13,521.17,521.13,521.17,0.01,69.48,36622.07,1
2026-03-12,2026-03-12 11:35:00,521.17,521.2,521.17,521.2,0.01,69.48,36622.07,1
2026-03-12,2026-03-12 11:36:00,521.2,521.23,521.2,521.23,0.01,69.48,36622.07,1
2026-03-12,2026-03-12 11:37:00,521.23,521.27,521.23,521.27,0.01,69.48,36622.07,1
2026-03-12,2026-03-12 11:38:00,521.27,521.3,521.27,521.3,0.01,69.48,36622.07,1
2026-03-12,2026-03-12 11:39:00,521.3,521.33,521.3,521.33,0.01,69.48,36622.07,1
2026-03-12,2026-03-12 11:40:00,521.33,521.37,521.33,521.37,0.01,69.48,36622.07,1
2026-03-12,2026-03-12 11:41:00,521.37,521.4,521.37,521.4,0.01,69.48,36622.07,1
2026-03-12,2026-03-12 11:42:00,521.4,521.43,521.4,521.43,0.01,69.48,36622.07,1
2026-03-12,2026-03-12 11:43:00,521.43,521.47,521.43,521.47,0.01,69.48,36622.07,1
2026-03-12,2026-03-12 11:44:00,521.47,521.5,521.47,521.5,0.01,69.48,36622.07,1
2026-03-12,2026-03-12 11:45:00,521.5,521.53,521.5,521.53,0.01,69.48,36622.07,1
2026-03-12,2026-03-12 11:46:00,521.53,521.57,521.53,521.57,0.01,69.48,36622.07,1
2026-03-12,2026-03-12 11:47:00,521.57,521.6,521.57,521.6,0.01,69.48,36622.07,1
2026-03-12,2026-03-12 11:48:00,521.6,521.63,521.6,521.63,0.01,69.48,36622.07,1
2026-03-12,2026-03-12 11:49:00,521.63,521.67,521.63,521.67,0.01,69.48,36622.07,1
2026-03-12,2026-03-12 11:50:00,521.67,521.7,521.67,521.7,0.01,69.48,36622.07,1
2026-03-12,2026-03-12 11:51:00,521.7,521.73,521.7,521.73,0.01,69.48,36622.07,1
2026-03-12,2026-03-12 11:52:00,521.73,521.77,521.73,521.77,0.01,69.48,36622.07,1
2026-03-12,2026-03-12 11:53:00,521.77,521.8,521.77,521.8,0.01,69.48,36622.07,1
2026-03-12,2026-03-12 11:54:00,521.8,521.83,521.8,521.83,0.01,69.48,36622.07,1
2026-03-12,2026-03-12 11:55:00,521.83,521.87,521.83,521.87,0.01,69.48,36622.07,1
2026-03-12,2026-03-12 11:56:00,521.87,521.9,521.87,521.9,0.01,69.48,36622.07,1
2026-03-12,2026-03-12 11:57:00,521.9,521.93,521.9,521.93,0.01,69.48,36622.07,1
2026-03-12,2026-03-12 11:58:00,521.93,521.97,521.93,521.97,0.01,69.48,36622.07,1
2026-03-12,2026-03-12 11:59:00,521.97,522.0,521.97,522.0,0.01,69.48,36622.07,1
2026-03-12,2026-03-12 12:00:00,522.0,522.03,522.0,522.03,0.01,69.48,36622.07,1
2026-03-12,2026-03-12 12:01:00,522.03,522.07,522.03,522.07,0.01,69.48,36622.07,1
2026-03-12,2026-03-12 12:02:00,522.07,522.1,522.07,522.1,0.01,69.48,36622.07,1
2026-03-12,2026-03-12 12:03:00,522.1,522.13,522.1,522.13,0.01,69.48,36622.07,1
2026-03-12,2026-03-12 12:04:00,522.13,522.17,522.13,522.17,0.01,69.48,36622.07,1
2026-03-12,2026-03-12 12:05:00,522.17,522.2,522.17,522.2,0.01,69.48,36622.07,1
2026-03-12,2026-03-12 12:06:00,522.2,522.23,522.2,522.23,0.01,69.48,36622.07,1
2026-03-12,2026-03-12 12:07:00,522.23,522.27,522.23,522.27,0.01,69.48,36622.07,1
2026-03-12,2026-03-12 12:08:00,522.27,522.3,522.27,522.3,0.01,69.48,36622.07,1
2026-03-12,2026-03-12 12:09:00,522.3,522.33,522.3,522.33,0.01,69.48,36622.07,1
2026-03-12,2026-03-12 12:10:00,522.33,522.37,522.33,522.37,0.01,69.48,36622.07,1
2026-03-12,2026-03-12 12:11:00,522.37,522.4,522.37,522.4,0.01,69.48,36622.07,1
2026-03-12,2026-03-12 12:12:00,522.4,522.43,522.4,522.43,0.01,69.48,36622.07,1
2026-03-12,2026-03-12 12:13:00,522.43,522.47,522.43,522.47,0.01,69.48,36622.07,1
2026-03-12,2026-03-12 12:14:00,522.47,522.5,522.47,522.5,0.01,69.48,36622.07,1
2026-03-12,2026-03-12 12:15:00,522.5,522.53,522.5,522.53,0.01,69.48,36622.07,1
2026-03-12,2026-03-12 12:16:00,522.53,522.57,522.53,522.57,0.01,69.48,36622.07,1
2026-03-12,2026-03-12 12:17:00,522.57,522.6,522.57,522.6,0.01,69.48,36622.07,1
2026-03-12,2026-03-12 12:18:00,522.6,522.63,522.6,522.63,0.01,69.48,36622.07,1
2026-03-12,2026-03-12 12:19:00,522.63,522.67,522.63,522.67,0.01,69.48,36622.07,1
2026-03-12,2026-03-12 12:20:00,522.67,522.7,522.67,522.7,0.01,69.48,36622.07,1
2026-03-12,2026-03-12 12:21:00,522.7,522.73,522.7,522.73,0.01,69.48,36622.07,1
2026-03-12,2026-03-12 12:22:00,522.73,522.77,522.73,522.77,0.01,69.48,36622.07,1
2026-03-12,2026-03-12 12:23:00,522.77,522.8,522.77,522.8,0.01,69.48,36622.07,1
2026-03-12,2026-03-12 12:24:00,522.8,522.83,522.8,522.83,0.01,69.48,36622.07,1
2026-03-12,2026-03-12 12:25:00,522.83,522.87,522.83,522.87,0.01,69.48,36622.07,1
2026-03-12,2026-03-12 12:26:00,522.87,522.9,522.87,522.9,0.01,69.48,36622.07,1
2026-03-12,2026-03-12 12:27:00,522.9,522.93,522.9,522.93,0.01,69.48,36622.07,1
2026-03-12,2026-03-12 12:28:00,522.93,522.97,522.93,522.97,0.01,69.48,36622.07,1
2026-03-12,2026-03-12 12:29:00,522.97,523.0,522.97,523.0,0.01,69.48,36622.07,1
2026-03-12,2026-03-12 12:30:00,523.0,523.03,523.0,523.03,0.01,69.48,36622.07,1
2026-03-12,2026-03-12 12:31:00,523.03,523.07,523.03,523.07,0.01,69.48,36622.07,1
2026-03-12,2026-03-12 12:32:00,523.07,523.1,523.07,523.1,0.01,69.48,36622.07,1
2026-03-12,2026-03-12 12:33:00,523.1,523.13,523.1,523.13,0.01,69.48,36622.07,1
2026-03-12,2026-03-12 12:34:00,523.13,523.17,523.13,523.17,0.01,69.48,36622.07,1
2026-03-12,2026-03-12 12:35:00,523.17,523.2,523.17,523.2,0.01,69.48,36622.07,1
2026-03-12,2026-03-12 12:36:00,523.2,523.23,523.2,523.23,0.01,69.48,36622.07,1
2026-03-12,2026-03-12 12:37:00,523.23,523.27,523.23,523.27,0.01,69.48,36622.07,1
2026-03-12,2026-03-12 12:38:00,523.27,523.3,523.27,523.3,0.01,69.48,36622.07,1
2026-03-12,2026-03-12 12:39:00,523.3,523.33,523.3,523.33,0.01,69.48,36622.07,1
2026-03-12,2026-03-12 12:40:00,523.33,523.37,523.33,523.37,0.01,69.48,36622.07,1
2026-03-12,2026-03-12 12:41:00,523.37,523.4,523.37,523.4,0.01,69.48,36622.07,1
2026-03-12,2026-03-12 12:42:00,523.4,523.43,523.4,523.43,0.01,69.48,36622.07,1
2026-03-12,2026-03-12 12:43:00,523.43,523.47,523.43,523.47,0.01,69.48,36622.07,1
2026-03-12,2026-03-12 12:44:00,523.47,523.5,523.47,523.5,0.01,69.48,36622.07,1
2026-03-12,2026-03-12 12:45:00,523.5,523.53,523.5,523.53,0.01,69.48,36622.07,1
2026-03-12,2026-03-12 12:46:00,523.53,523.57,523.53,523.57,0.01,69.48,36622.07,1
2026-03-12,2026-03-12 12:47:00,523.57,523.6,523.57,523.6,0.01,69.48,36622.07,1
2026-03-12,2026-03-12 12:48:00,523.6,523.63,523.6,523.63,0.01,69.48,36622.07,1
2026-03-12,2026-03-12 12:49:00,523.63,523.67,523.63,523.67,0.01,69.48,36622.07,1
2026-03-12,2026-03-12 12:50:00,523.67,523.7,523.67,523.7,0.01,69.48,36622.07,1
2026-03-12,2026-03-12 12:51:00,523.7,523.73,523.7,523.73,0.01,69.48,36622.07,1
2026-03-12,2026-03-12 12:52:00,523.73,523.77,523.73,523.77,0.01,69.48,36622.07,1
2026-03-12,2026-03-12 12:53:00,523.77,523.8,523.77,523.8,0.01,69.48,36622.07,1
2026-03-12,2026-03-12 12:54:00,523.8,523.83,523.8,523.83,0.01,69.48,36622.07,1
2026-03-12,2026-03-12 12:55:00,523.83,523.87,523.83,523.87,0.01,69.48,36622.07,1
2026-03-12,2026-03-12 12:56:00,523.87,523.9,523.87,523.9,0.01,69.48,36622.07,1
2026-03-12,2026-03-12 12:57:00,523.9,523.93,523.9,523.93,0.01,69.48,36622.07,1
2026-03-12,2026-03-12 12:58:00,523.93,523.97,523.93,523.97,0.01,69.48,36622.07,1
2026-03-12,2026-03-12 12:59:00,523.97,524.0,523.97,524.0,0.01,69.48,36622.07,1
2026-03-12,2026-03-12 13:00:00,524.0,531.4,520.0,524.03,0.01,69.48,36622.07,1
2026-03-12,2026-03-12 13:01:00,524.03,524.07,524.03,524.07,0.01,69.48,36622.07,1
2026-03-12,2026-03-12 13:02:00,524.07,524.1,524.07,524.1,0.01,69.48,36622.07,1
2026-03-12,2026-03-12 13:03:00,524.1,524.13,524.1,524.13,0.01,69.48,36622.07,1
2026-03-12,2026-03-12 13:04:00,524.13,524.17,524.13,524.17,0.01,69.48,36622.07,1
2026-03-12,2026-03-12 13:05:00,524.17,524.2,524.17,524.2,0.01,69.48,36622.07,1
2026-03-12,2026-03-12 13:06:00,524.2,524.23,524.2,524.23,0.01,69.48,36622.07,1
2026-03-12,2026-03-12 13:07:00,524.23,524.27,524.23,524.27,0.01,69.48,36622.07,1
2026-03-12,2026-03-12 13:08:00,524.27,524.3,524.27,524.3,0.01,69.48,36622.07,1
2026-03-12,2026-03-12 13:09:00,524.3,524.33,524.3,524.33,0.01,69.48,36622.07,1
2026-03-12,2026-03-12 13:10:00,524.33,524.37,524.33,524.37,0.01,69.48,36622.07,1
2026-03-12,2026-03-12 13:11:00,524.37,524.4,524.37,524.4,0.01,69.48,36622.07,1
2026-03-12,2026-03-12 13:12:00,524.4,524.43,524.4,524.43,0.01,69.48,36622.07,1
2026-03-12,2026-03-12 13:13:00,524.43,524.47,524.43,524.47,0.01,69.48,36622.07,1
2026-03-12,2026-03-12 13:14:00,524.47,524.5,524.47,524.5,0.01,69.48,36622.07,1
2026-03-12,2026-03-12 13:15:00,524.5,524.53,524.5,524.53,0.01,69.48,36622.07,1
2026-03-12,2026-03-12 13:16:00,524.53,524.57,524.53,524.57,0.01,69.48,36622.07,1
2026-03-12,2026-03-12 13:17:00,524.57,524.6,524.57,524.6,0.01,69.48,36622.07,1
2026-03-12,2026-03-12 13:18:00,524.6,524.63,524.6,524.63,0.01,69.48,36622.07,1
2026-03-12,2026-03-12 13:19:00,524.63,524.67,524.63,524.67,0.01,69.48,36622.07,1
2026-03-12,2026-03-12 13:20:00,524.67,524.7,524.67,524.7,0.01,69.48,36622.07,1
2026-03-12,2026-03-12 13:21:00,524.7,524.73,524.7,524.73,0.01,69.48,36622.07,1
2026-03-12,2026-03-12 13:22:00,524.73,524.77,524.73,524.77,0.01,69.48,36622.07,1
2026-03-12,2026-03-12 13:23:00,524.77,524.8,524.77,524.8,0.01,69.48,36622.07,1
2026-03-12,2026-03-12 13:24:00,524.8,524.83,524.8,524.83,0.01,69.48,36622.07,1
2026-03-12,2026-03-12 13:25:00,524.83,524.87,524.83,524.87,0.01,69.48,36622.07,1
2026-03-12,2026-03-12 13:26:00,524.87,524.9,524.87,524.9,0.01,69.48,36622.07,1
2026-03-12,2026-03-12 13:27:00,524.9,524.93,524.9,524.93,0.01,69.48,36622.07,1
2026-03-12,2026-03-12 13:28:00,524.93,524.97,524.93,524.97,0.01,69.48,36622.07,1
2026-03-12,2026-03-12 13:29:00,524.97,525.0,524.97,525.0,0.01,69.48,36622.07,1
2026-03-12,2026-03-12 13:30:00,525.0,525.03,525.0,525.03,0.01,69.48,36622.07,1
2026-03-12,2026-03-12 13:31:00,525.03,525.07,525.03,525.07,0.01,69.48,36622.07,1
2026-03-12,2026-03-12 13:32:00,525.07,525.1,525.07,525.1,0.01,69.48,36622.07,1
2026-03-12,2026-03-12 13:33:00,525.1,525.13,525.1,525.13,0.01,69.48,36622.07,1
2026-03-12,2026-03-12 13:34:00,525.13,525.17,525.13,525.17,0.01,69.48,36622.07,1
2026-03-12,2026-03-12 13:35:00,525.17,525.2,525.17,525.2,0.01,69.48,36622.07,1
2026-03-12,2026-03-12 13:36:00,525.2,525.23,525.2,525.23,0.01,69.48,36622.07,1
2026-03-12,2026-03-12 13:37:00,525.23,525.27,525.23,525.27,0.01,69.48,36622.07,1
2026-03-12,2026-03-12 13:38:00,525.27,525.3,525.27,525.3,0.01,69.48,36622.07,1
2026-03-12,2026-03-12 13:39:00,525.3,525.33,525.3,525.33,0.01,69.48,36622.07,1
2026-03-12,2026-03-12 13:40:00,525.33,525.37,525.33,525.37,0.01,69.48,36622.07,1
2026-03-12,2026-03-12 13:41:00,525.37,525.4,525.37,525.4,0.01,69.48,36622.07,1
2026-03-12,2026-03-12 13:42:00,525.4,525.43,525.4,525.43,0.01,69.48,36622.07,1
2026-03-12,2026-03-12 13:43:00,525.43,525.47,525.43,525.47,0.01,69.48,36622.07,1
2026-03-12,2026-03-12 13:44:00,525.47,525.5,525.47,525.5,0.01,69.48,36622.07,1
2026-03-12,2026-03-12 13:45:00,525.5,525.53,525.5,525.53,0.01,69.48,36622.07,1
2026-03-12,2026-03-12 13:46:00,525.53,525.57,525.53,525.57,0.01,69.48,36622.07,1
2026-03-12,2026-03-12 13:47:00,525.57,525.6,525.57,525.6,0.01,69.48,36622.07,1
2026-03-12,2026-03-12 13:48:00,525.6,525.63,525.6,525.63,0.01,69.48,36622.07,1
2026-03-12,2026-03-12 13:49:00,525.63,525.67,525.63,525.67,0.01,69.48,36622.07,1
2026-03-12,2026-03-12 13:50:00,525.67,525.7,525.67,525.7,0.01,69.48,36622.07,1
2026-03-12,2026-03-12 13:51:00,525.7,525.73,525.7,525.73,0.01,69.48,36622.07,1
2026-03-12,2026-03-12 13:52:00,525.73,525.77,525.73,525.77,0.01,69.48,36622.07,1
2026-03-12,2026-03-12 13:53:00,525.77,525.8,525.77,525.8,0.01,69.48,36622.07,1
2026-03-12,2026-03-12 13:54:00,525.8,525.83,525.8,525.83,0.01,69.48,36622.07,1
2026-03-12,2026-03-12 13:55:00,525.83,525.87,525.83,525.87,0.01,69.48,36622.07,1
2026-03-12,2026-03-12 13:56:00,525.87,525.9,525.87,525.9,0.01,69.48,36622.07,1
2026-03-12,2026-03-12 13:57:00,525.9,525.93,525.9,525.93,0.01,69.48,36622.07,1
2026-03-12,2026-03-12 13:58:00,525.93,525.97,525.93,525.97,0.01,69.48,36622.07,1
2026-03-12,2026-03-12 13:59:00,525.97,526.0,525.97,526.0,0.01,69.48,36622.07,1
2026-03-12,2026-03-12 14:00:00,526.0,526.03,526.0,526.03,0.01,69.48,36622.07,1
2026-03-12,2026-03-12 14:01:00,526.03,526.07,526.03,526.07,0.01,69.48,36622.07,1
2026-03-12,2026-03-12 14:02:00,526.07,526.1,526.07,526.1,0.01,69.48,36622.07,1
2026-03-12,2026-03-12 14:03:00,526.1,526.13,526.1,526.13,0.01,69.48,36622.07,1
2026-03-12,2026-03-12 14:04:00,526.13,526.17,526.13,526.17,0.01,69.48,36622.07,1
2026-03-12,2026-03-12 14:05:00,526.17,526.2,526.17,526.2,0.01,69.48,36622.07,1
2026-03-12,2026-03-12 14:06:00,526.2,526.23,526.2,526.23,0.01,69.48,36622.07,1
2026-03-12,2026-03-12 14:07:00,526.23,526.27,526.23,526.27,0.01,69.48,36622.07,1
2026-03-12,2026-03-12 14:08:00,526.27,526.3,526.27,526.3,0.01,69.48,36622.07,1
2026-03-12,2026-03-12 14:09:00,526.3,526.33,526.3,526.33,0.01,69.48,36622.07,1
2026-03-12,2026-03-12 14:10:00,526.33,526.37,526.33,526.37,0.01,69.48,36622.07,1
2026-03-12,2026-03-12 14:11:00,526.37,526.4,526.37,526.4,0.01,69.48,36622.07,1
2026-03-12,2026-03-12 14:12:00,526.4,526.43,526.4,526.43,0.01,69.48,36622.07,1
2026-03-12,2026-03-12 14:13:00,526.43,526.47,526.43,526.47,0.01,69.48,36622.07,1
2026-03-12,2026-03-12 14:14:00,526.47,526.5,526.47,526.5,0.01,69.48,36622.07,1
2026-03-12,2026-03-12 14:15:00,526.5,526.53,526.5,526.53,0.01,69.48,36622.07,1
2026-03-12,2026-03-12 14:16:00,526.53,526.57,526.53,526.57,0.01,69.48,36622.07,1
2026-03-12,2026-03-12 14:17:00,526.57,526.6,526.57,526.6,0.01,69.48,36622.07,1
2026-03-12,2026-03-12 14:18:00,526.6,526.63,526.6,526.63,0.01,69.48,36622.07,1
2026-03-12,2026-03-12 14:19:00,526.63,526.67,526.63,526.67,0.01,69.48,36622.07,1
2026-03-12,2026-03-12 14:20:00,526.67,526.7,526.67,526.7,0.01,69.48,36622.07,1
2026-03-12,2026-03-12 14:21:00,526.7,526.73,526.7,526.73,0.01,69.48,36622.07,1
2026-03-12,2026-03-12 14:22:00,526.73,526.77,526.73,526.77,0.01,69.48,36622.07,1
2026-03-12,2026-03-12 14:23:00,526.77,526.8,526.77,526.8,0.01,69.48,36622.07,1
2026-03-12,2026-03-12 14:24:00,526.8,526.83,526.8,526.83,0.01,69.48,36622.07,1
2026-03-12,2026-03-12 14:25:00,526.83,526.87,526.83,526.87,0.01,69.48,36622.07,1
2026-03-12,2026-03-12 14:26:00,526.87,526.9,526.87,526.9,0.01,69.48,36622.07,1
2026-03-12,2026-03-12 14:27:00,526.9,526.93,526.9,526.93,0.01,69.48,36622.07,1
2026-03-12,2026-03-12 14:28:00,526.93,526.97,526.93,526.97,0.01,69.48,36622.07,1
2026-03-12,2026-03-12 14:29:00,526.97,527.0,526.97,527.0,0.01,69.48,36622.07,1
2026-03-12,2026-03-12 14:30:00,527.0,527.03,527.0,527.03,0.01,69.48,36622.07,1
2026-03-12,2026-03-12 14:31:00,527.03,527.07,527.03,527.07,0.01,69.48,36622.07,1
2026-03-12,2026-03-12 14:32:00,527.07,527.1,527.07,527.1,0.01,69.48,36622.07,1
2026-03-12,2026-03-12 14:33:00,527.1,527.13,527.1,527.13,0.01,69.48,36622.07,1
2026-03-12,2026-03-12 14:34:00,527.13,527.17,527.13,527.17,0.01,69.48,36622.07,1
2026-03-12,2026-03-12 14:35:00,527.17,527.2,527.17,527.2,0.01,69.48,36622.07,1
2026-03-12,2026-03-12 14:36:00,527.2,527.23,527.2,527.23,0.01,69.48,36622.07,1
2026-03-12,2026-03-12 14:37:00,527.23,527.27,527.23,527.27,0.01,69.48,36622.07,1
2026-03-12,2026-03-12 14:38:00,527.27,527.3,527.27,527.3,0.01,69.48,36622.07,1
2026-03-12,2026-03-12 14:39:00,527.3,527.33,527.3,527.33,0.01,69.48,36622.07,1
2026-03-12,2026-03-12 14:40:00,527.33,527.37,527.33,527.37,0.01,69.48,36622.07,1
2026-03-12,2026-03-12 14:41:00,527.37,527.4,527.37,527.4,0.01,69.48,36622.07,1
2026-03-12,2026-03-12 14:42:00,527.4,527.43,527.4,527.43,0.01,69.48,36622.07,1
2026-03-12,2026-03-12 14:43:00,527.43,527.47,527.43,527.47,0.01,69.48,36622.07,1
2026-03-12,2026-03-12 14:44:00,527.47,527.5,527.47,527.5,0.01,69.48,36622.07,1
2026-03-12,2026-03-12 14:45:00,527.5,527.53,527.5,527.53,0.01,69.48,36622.07,1
2026-03-12,2026-03-12 14:46:00,527.53,527.57,527.53,527.57,0.01,69.48,36622.07,1
2026-03-12,2026-03-12 14:47:00,527.57,527.6,527.57,527.6,0.01,69.48,36622.07,1
2026-03-12,2026-03-12 14:48:00,527.6,527.63,527.6,527.63,0.01,69.48,36622.07,1
2026-03-12,2026-03-12 14:49:00,527.63,527.67,527.63,527.67,0.01,69.48,36622.07,1
2026-03-12,2026-03-12 14:50:00,527.67,527.7,527.67,527.7,0.01,69.48,36622.07,1
2026-03-12,2026-03-12 14:51:00,527.7,527.73,527.7,527.73,0.01,69.48,36622.07,1
2026-03-12,2026-03-12 14:52:00,527.73,527.77,527.73,527.77,0.01,69.48,36622.07,1
2026-03-12,2026-03-12 14:53:00,527.77,527.8,527.77,527.8,0.01,69.48,36622.07,1
2026-03-12,2026-03-12 14:54:00,527.8,527.83,527.8,527.83,0.01,69.48,36622.07,1
2026-03-12,2026-03-12 14:55:00,527.83,527.87,527.83,527.87,0.01,69.48,36622.07,1
2026-03-12,2026-03-12 14:56:00,527.87,527.9,527.87,527.9,0.01,69.48,36622.07,1
2026-03-12,2026-03-12 14:57:00,527.9,527.93,527.9,527.93,0.01,69.48,36622.07,1
2026-03-12,2026-03-12 14:58:00,527.93,527.97,527.93,527.97,0.01,69.48,36622.07,1
2026-03-12,2026-03-12 14:59:00,527.97,528.0,527.97,528.0,0.01,69.48,36622.07,1
2026-03-12,2026-03-12 15:00:00,528.0,531.4,520.0,528.0,0.0,69.48,36622.07,0
2026-03-15,2026-03-15 11:00:00,530.0,533.3,528.86,530.04,0.01,96.22,51375.54,1
2026-03-15,2026-03-15 11:01:00,530.04,530.08,530.04,530.08,0.01,96.22,51375.54,1
2026-03-15,2026-03-15 11:02:00,530.08,530.12,530.08,530.12,0.01,96.22,51375.54,1
2026-03-15,2026-03-15 11:03:00,530.12,530.17,530.12,530.17,0.01,96.22,51375.54,1
2026-03-15,2026-03-15 11:04:00,530.17,530.21,530.17,530.21,0.01,96.22,51375.54,1
2026-03-15,2026-03-15 11:05:00,530.21,530.25,530.21,530.25,0.01,96.22,51375.54,1
2026-03-15,2026-03-15 11:06:00,530.25,530.29,530.25,530.29,0.01,96.22,51375.54,1
2026-03-15,2026-03-15 11:07:00,530.29,530.33,530.29,530.33,0.01,96.22,51375.54,1
2026-03-15,2026-03-15 11:08:00,530.33,530.38,530.33,530.38,0.01,96.22,51375.54,1
2026-03-15,2026-03-15 11:09:00,530.38,530.42,530.38,530.42,0.01,96.22,51375.54,1
2026-03-15,2026-03-15 11:10:00,530.42,530.46,530.42,530.46,0.01,96.22,51375.54,1
2026-03-15,2026-03-15 11:11:00,530.46,530.5,530.46,530.5,0.01,96.22,51375.54,1
2026-03-15,2026-03-15 11:12:00,530.5,530.54,530.5,530.54,0.01,96.22,51375.54,1
2026-03-15,2026-03-15 11:13:00,530.54,530.58,530.54,530.58,0.01,96.22,51375.54,1
2026-03-15,2026-03-15 11:14:00,530.58,530.62,530.58,530.62,0.01,96.22,51375.54,1
2026-03-15,2026-03-15 11:15:00,530.62,530.67,530.62,530.67,0.01,96.22,51375.54,1
2026-03-15,2026-03-15 11:16:00,530.67,530.71,530.67,530.71,0.01,96.22,51375.54,1
2026-03-15,2026-03-15 11:17:00,530.71,530.75,530.71,530.75,0.01,96.22,51375.54,1
2026-03-15,2026-03-15 11:18:00,530.75,530.79,530.75,530.79,0.01,96.22,51375.54,1
2026-03-15,2026-03-15 11:19:00,530.79,530.83,530.79,530.83,0.01,96.22,51375.54,1
2026-03-15,2026-03-15 11:20:00,530.83,530.88,530.83,530.88,0.01,96.22,51375.54,1
2026-03-15,2026-03-15 11:21:00,530.88,530.92,530.88,530.92,0.01,96.22,51375.54,1
2026-03-15,2026-03-15 11:22:00,530.92,530.96,530.92,530.96,0.01,96.22,51375.54,1
2026-03-15,2026-03-15 11:23:00,530.96,531.0,530.96,531.0,0.01,96.22,51375.54,1
2026-03-15,2026-03-15 11:24:00,531.0,531.04,531.0,531.04,0.01,96.22,51375.54,1
2026-03-15,2026-03-15 11:25:00,531.04,531.08,531.04,531.08,0.01,96.22,51375.54,1
2026-03-15,2026-03-15 11:26:00,531.08,531.12,531.08,531.12,0.01,96.22,51375.54,1
2026-03-15,2026-03-15 11:27:00,531.12,531.17,531.12,531.17,0.01,96.22,51375.54,1
2026-03-15,2026-03-15 11:28:00,531.17,531.21,531.17,531.21,0.01,96.22,51375.54,1
2026-03-15,2026-03-15 11:29:00,531.21,531.25,531.21,531.25,0.01,96.22,51375.54,1
2026-03-15,2026-03-15 11:30:00,531.25,531.29,531.25,531.29,0.01,96.22,51375.54,1
2026-03-15,2026-03-15 11:31:00,531.29,531.33,531.29,531.33,0.01,96.22,51375.54,1
2026-03-15,2026-03-15 11:32:00,531.33,531.38,531.33,531.38,0.01,96.22,51375.54,1
2026-03-15,2026-03-15 11:33:00,531.38,531.42,531.38,531.42,0.01,96.22,51375.54,1
2026-03-15,2026-03-15 11:34:00,531.42,531.46,531.42,531.46,0.01,96.22,51375.54,1
2026-03-15,2026-03-15 11:35:00,531.46,531.5,531.46,531.5,0.01,96.22,51375.54,1
2026-03-15,2026-03-15 11:36:00,531.5,531.54,531.5,531.54,0.01,96.22,51375.54,1
2026-03-15,2026-03-15 11:37:00,531.54,531.58,531.54,531.58,0.01,96.22,51375.54,1
2026-03-15,2026-03-15 11:38:00,531.58,531.62,531.58,531.62,0.01,96.22,51375.54,1
2026-03-15,2026-03-15 11:39:00,531.62,531.67,531.62,531.67,0.01,96.22,51375.54,1
2026-03-15,2026-03-15 11:40:00,531.67,531.71,531.67,531.71,0.01,96.22,51375.54,1
2026-03-15,2026-03-15 11:41:00,531.71,531.75,531.71,531.75,0.01,96.22,51375.54,1
2026-03-15,2026-03-15 11:42:00,531.75,531.79,531.75,531.79,0.01,96.22,51375.54,1
2026-03-15,2026-03-15 11:43:00,531.79,531.83,531.79,531.83,0.01,96.22,51375.54,1
2026-03-15,2026-03-15 11:44:00,531.83,531.88,531.83,531.88,0.01,96.22,51375.54,1
2026-03-15,2026-03-15 11:45:00,531.88,531.92,531.88,531.92,0.01,96.22,51375.54,1
2026-03-15,2026-03-15 11:46:00,531.92,531.96,531.92,531.96,0.01,96.22,51375.54,1
2026-03-15,2026-03-15 11:47:00,531.96,532.0,531.96,532.0,0.01,96.22,51375.54,1
2026-03-15,2026-03-15 11:48:00,532.0,532.04,532.0,532.04,0.01,96.22,51375.54,1
2026-03-15,2026-03-15 11:49:00,532.04,532.08,532.04,532.08,0.01,96.22,51375.54,1
2026-03-15,2026-03-15 11:50:00,532.08,532.12,532.08,532.12,0.01,96.22,51375.54,1
2026-03-15,2026-03-15 11:51:00,532.12,532.17,532.12,532.17,0.01,96.22,51375.54,1
2026-03-15,2026-03-15 11:52:00,532.17,532.21,532.17,532.21,0.01,96.22,51375.54,1
2026-03-15,2026-03-15 11:53:00,532.21,532.25,532.21,532.25,0.01,96.22,51375.54,1
2026-03-15,2026-03-15 11:54:00,532.25,532.29,532.25,532.29,0.01,96.22,51375.54,1
2026-03-15,2026-03-15 11:55:00,532.29,532.33,532.29,532.33,0.01,96.22,51375.54,1
2026-03-15,2026-03-15 11:56:00,532.33,532.38,532.33,532.38,0.01,96.22,51375.54,1
2026-03-15,2026-03-15 11:57:00,532.38,532.42,532.38,532.42,0.01,96.22,51375.54,1
2026-03-15,2026-03-15 11:58:00,532.42,532.46,532.42,532.46,0.01,96.22,51375.54,1
2026-03-15,2026-03-15 11:59:00,532.46,532.5,532.46,532.5,0.01,96.22,51375.54,1
2026-03-15,2026-03-15 12:00:00,532.5,532.54,532.5,532.54,0.01,96.22,51375.54,1
2026-03-15,2026-03-15 12:01:00,532.54,532.58,532.54,532.58,0.01,96.22,51375.54,1
2026-03-15,2026-03-15 12:02:00,532.58,532.62,532.58,532.62,0.01,96.22,51375.54,1
2026-03-15,2026-03-15 12:03:00,532.62,532.67,532.62,532.67,0.01,96.22,51375.54,1
2026-03-15,2026-03-15 12:04:00,532.67,532.71,532.67,532.71,0.01,96.22,51375.54,1
2026-03-15,2026-03-15 12:05:00,532.71,532.75,532.71,532.75,0.01,96.22,51375.54,1
2026-03-15,2026-03-15 12:06:00,532.75,532.79,532.75,532.79,0.01,96.22,51375.54,1
2026-03-15,2026-03-15 12:07:00,532.79,532.83,532.79,532.83,0.01,96.22,51375.54,1
2026-03-15,2026-03-15 12:08:00,532.83,532.88,532.83,532.88,0.01,96.22,51375.54,1
2026-03-15,2026-03-15 12:09:00,532.88,532.92,532.88,532.92,0.01,96.22,51375.54,1
2026-03-15,2026-03-15 12:10:00,532.92,532.96,532.92,532.96,0.01,96.22,51375.54,1
2026-03-15,2026-03-15 12:11:00,532.96,533.0,532.96,533.0,0.01,96.22,51375.54,1
2026-03-15,2026-03-15 12:12:00,533.0,533.04,533.0,533.04,0.01,96.22,51375.54,1
2026-03-15,2026-03-15 12:13:00,533.04,533.08,533.04,533.08,0.01,96.22,51375.54,1
2026-03-15,2026-03-15 12:14:00,533.08,533.12,533.08,533.12,0.01,96.22,51375.54,1
2026-03-15,2026-03-15 12:15:00,533.12,533.17,533.12,533.17,0.01,96.22,51375.54,1
2026-03-15,2026-03-15 12:16:00,533.17,533.21,533.17,533.21,0.01,96.22,51375.54,1
2026-03-15,2026-03-15 12:17:00,533.21,533.25,533.21,533.25,0.01,96.22,51375.54,1
2026-03-15,2026-03-15 12:18:00,533.25,533.29,533.25,533.29,0.01,96.22,51375.54,1
2026-03-15,2026-03-15 12:19:00,533.29,533.33,533.29,533.33,0.01,96.22,51375.54,1
2026-03-15,2026-03-15 12:20:00,533.33,533.38,533.33,533.38,0.01,96.22,51375.54,1
2026-03-15,2026-03-15 12:21:00,533.38,533.42,533.38,533.42,0.01,96.22,51375.54,1
2026-03-15,2026-03-15 12:22:00,533.42,533.46,533.42,533.46,0.01,96.22,51375.54,1
2026-03-15,2026-03-15 12:23:00,533.46,533.5,533.46,533.5,0.01,96.22,51375.54,1
2026-03-15,2026-03-15 12:24:00,533.5,533.54,533.5,533.54,0.01,96.22,51375.54,1
2026-03-15,2026-03-15 12:25:00,533.54,533.58,533.54,533.58,0.01,96.22,51375.54,1
2026-03-15,2026-03-15 12:26:00,533.58,533.62,533.58,533.62,0.01,96.22,51375.54,1
2026-03-15,2026-03-15 12:27:00,533.62,533.67,533.62,533.67,0.01,96.22,51375.54,1
2026-03-15,2026-03-15 12:28:00,533.67,533.71,533.67,533.71,0.01,96.22,51375.54,1
2026-03-15,2026-03-15 12:29:00,533.71,533.75,533.71,533.75,0.01,96.22,51375.54,1
2026-03-15,2026-03-15 12:30:00,533.75,533.79,533.75,533.79,0.01,96.22,51375.54,1
2026-03-15,2026-03-15 12:31:00,533.79,533.83,533.79,533.83,0.01,96.22,51375.54,1
2026-03-15,2026-03-15 12:32:00,533.83,533.88,533.83,533.88,0.01,96.22,51375.54,1
2026-03-15,2026-03-15 12:33:00,533.88,533.92,533.88,533.92,0.01,96.22,51375.54,1
2026-03-15,2026-03-15 12:34:00,533.92,533.96,533.92,533.96,0.01,96.22,51375.54,1
2026-03-15,2026-03-15 12:35:00,533.96,534.0,533.96,534.0,0.01,96.22,51375.54,1
2026-03-15,2026-03-15 12:36:00,534.0,534.04,534.0,534.04,0.01,96.22,51375.54,1
2026-03-15,2026-03-15 12:37:00,534.04,534.08,534.04,534.08,0.01,96.22,51375.54,1
2026-03-15,2026-03-15 12:38:00,534.08,534.12,534.08,534.12,0.01,96.22,51375.54,1
2026-03-15,2026-03-15 12:39:00,534.12,534.17,534.12,534.17,0.01,96.22,51375.54,1
2026-03-15,2026-03-15 12:40:00,534.17,534.21,534.17,534.21,0.01,96.22,51375.54,1
2026-03-15,2026-03-15 12:41:00,534.21,534.25,534.21,534.25,0.01,96.22,51375.54,1
2026-03-15,2026-03-15 12:42:00,534.25,534.29,534.25,534.29,0.01,96.22,51375.54,1
2026-03-15,2026-03-15 12:43:00,534.29,534.33,534.29,534.33,0.01,96.22,51375.54,1
2026-03-15,2026-03-15 12:44:00,534.33,534.38,534.33,534.38,0.01,96.22,51375.54,1
2026-03-15,2026-03-15 12:45:00,534.38,534.42,534.38,534.42,0.01,96.22,51375.54,1
2026-03-15,2026-03-15 12:46:00,534.42,534.46,534.42,534.46,0.01,96.22,51375.54,1
2026-03-15,2026-03-15 12:47:00,534.46,534.5,534.46,534.5,0.01,96.22,51375.54,1
2026-03-15,2026-03-15 12:48:00,534.5,534.54,534.5,534.54,0.01,96.22,51375.54,1
2026-03-15,2026-03-15 12:49:00,534.54,534.58,534.54,534.58,0.01,96.22,51375.54,1
2026-03-15,2026-03-15 12:50:00,534.58,534.62,534.58,534.62,0.01,96.22,51375.54,1
2026-03-15,2026-03-15 12:51:00,534.62,534.67,534.62,534.67,0.01,96.22,51375.54,1
2026-03-15,2026-03-15 12:52:00,534.67,534.71,534.67,534.71,0.01,96.22,51375.54,1
2026-03-15,2026-03-15 12:53:00,534.71,534.75,534.71,534.75,0.01,96.22,51375.54,1
2026-03-15,2026-03-15 12:54:00,534.75,534.79,534.75,534.79,0.01,96.22,51375.54,1
2026-03-15,2026-03-15 12:55:00,534.79,534.83,534.79,534.83,0.01,96.22,51375.54,1
2026-03-15,2026-03-15 12:56:00,534.83,534.88,534.83,534.88,0.01,96.22,51375.54,1
2026-03-15,2026-03-15 12:57:00,534.88,534.92,534.88,534.92,0.01,96.22,51375.54,1
2026-03-15,2026-03-15 12:58:00,534.92,534.96,534.92,534.96,0.01,96.22,51375.54,1
2026-03-15,2026-03-15 12:59:00,534.96,535.0,534.96,535.0,0.01,96.22,51375.54,1
2026-03-15,2026-03-15 13:00:00,535.0,541.0,526.2,535.04,0.01,96.22,51375.54,1
2026-03-15,2026-03-15 13:01:00,535.04,535.08,535.04,535.08,0.01,96.22,51375.54,1
2026-03-15,2026-03-15 13:02:00,535.08,535.12,535.08,535.12,0.01,96.22,51375.54,1
2026-03-15,2026-03-15 13:03:00,535.12,535.17,535.12,535.17,0.01,96.22,51375.54,1
2026-03-15,2026-03-15 13:04:00,535.17,535.21,535.17,535.21,0.01,96.22,51375.54,1
2026-03-15,2026-03-15 13:05:00,535.21,535.25,535.21,535.25,0.01,96.22,51375.54,1
2026-03-15,2026-03-15 13:06:00,535.25,535.29,535.25,535.29,0.01,96.22,51375.54,1
2026-03-15,2026-03-15 13:07:00,535.29,535.33,535.29,535.33,0.01,96.22,51375.54,1
2026-03-15,2026-03-15 13:08:00,535.33,535.38,535.33,535.38,0.01,96.22,51375.54,1
2026-03-15,2026-03-15 13:09:00,535.38,535.42,535.38,535.42,0.01,96.22,51375.54,1
2026-03-15,2026-03-15 13:10:00,535.42,535.46,535.42,535.46,0.01,96.22,51375.54,1
2026-03-15,2026-03-15 13:11:00,535.46,535.5,535.46,535.5,0.01,96.22,51375.54,1
2026-03-15,2026-03-15 13:12:00,535.5,535.54,535.5,535.54,0.01,96.22,51375.54,1
2026-03-15,2026-03-15 13:13:00,535.54,535.58,535.54,535.58,0.01,96.22,51375.54,1
2026-03-15,2026-03-15 13:14:00,535.58,535.62,535.58,535.62,0.01,96.22,51375.54,1
2026-03-15,2026-03-15 13:15:00,535.62,535.67,535.62,535.67,0.01,96.22,51375.54,1
2026-03-15,2026-03-15 13:16:00,535.67,535.71,535.67,535.71,0.01,96.22,51375.54,1
2026-03-15,2026-03-15 13:17:00,535.71,535.75,535.71,535.75,0.01,96.22,51375.54,1
2026-03-15,2026-03-15 13:18:00,535.75,535.79,535.75,535.79,0.01,96.22,51375.54,1
2026-03-15,2026-03-15 13:19:00,535.79,535.83,535.79,535.83,0.01,96.22,51375.54,1
2026-03-15,2026-03-15 13:20:00,535.83,535.88,535.83,535.88,0.01,96.22,51375.54,1
2026-03-15,2026-03-15 13:21:00,535.88,535.92,535.88,535.92,0.01,96.22,51375.54,1
2026-03-15,2026-03-15 13:22:00,535.92,535.96,535.92,535.96,0.01,96.22,51375.54,1
2026-03-15,2026-03-15 13:23:00,535.96,536.0,535.96,536.0,0.01,96.22,51375.54,1
2026-03-15,2026-03-15 13:24:00,536.0,536.04,536.0,536.04,0.01,96.22,51375.54,1
2026-03-15,2026-03-15 13:25:00,536.04,536.08,536.04,536.08,0.01,96.22,51375.54,1
2026-03-15,2026-03-15 13:26:00,536.08,536.12,536.08,536.12,0.01,96.22,51375.54,1
2026-03-15,2026-03-15 13:27:00,536.12,536.17,536.12,536.17,0.01,96.22,51375.54,1
2026-03-15,2026-03-15 13:28:00,536.17,536.21,536.17,536.21,0.01,96.22,51375.54,1
2026-03-15,2026-03-15 13:29:00,536.21,536.25,536.21,536.25,0.01,96.22,51375.54,1
2026-03-15,2026-03-15 13:30:00,536.25,536.29,536.25,536.29,0.01,96.22,51375.54,1
2026-03-15,2026-03-15 13:31:00,536.29,536.33,536.29,536.33,0.01,96.22,51375.54,1
2026-03-15,2026-03-15 13:32:00,536.33,536.38,536.33,536.38,0.01,96.22,51375.54,1
2026-03-15,2026-03-15 13:33:00,536.38,536.42,536.38,536.42,0.01,96.22,51375.54,1
2026-03-15,2026-03-15 13:34:00,536.42,536.46,536.42,536.46,0.01,96.22,51375.54,1
2026-03-15,2026-03-15 13:35:00,536.46,536.5,536.46,536.5,0.01,96.22,51375.54,1
2026-03-15,2026-03-15 13:36:00,536.5,536.54,536.5,536.54,0.01,96.22,51375.54,1
2026-03-15,2026-03-15 13:37:00,536.54,536.58,536.54,536.58,0.01,96.22,51375.54,1
2026-03-15,2026-03-15 13:38:00,536.58,536.62,536.58,536.62,0.01,96.22,51375.54,1
2026-03-15,2026-03-15 13:39:00,536.62,536.67,536.62,536.67,0.01,96.22,51375.54,1
2026-03-15,2026-03-15 13:40:00,536.67,536.71,536.67,536.71,0.01,96.22,51375.54,1
2026-03-15,2026-03-15 13:41:00,536.71,536.75,536.71,536.75,0.01,96.22,51375.54,1
2026-03-15,2026-03-15 13:42:00,536.75,536.79,536.75,536.79,0.01,96.22,51375.54,1
2026-03-15,2026-03-15 13:43:00,536.79,536.83,536.79,536.83,0.01,96.22,51375.54,1
2026-03-15,2026-03-15 13:44:00,536.83,536.88,536.83,536.88,0.01,96.22,51375.54,1
2026-03-15,2026-03-15 13:45:00,536.88,536.92,536.88,536.92,0.01,96.22,51375.54,1
2026-03-15,2026-03-15 13:46:00,536.92,536.96,536.92,536.96,0.01,96.22,51375.54,1
2026-03-15,2026-03-15 13:47:00,536.96,537.0,536.96,537.0,0.01,96.22,51375.54,1
2026-03-15,2026-03-15 13:48:00,537.0,537.04,537.0,537.04,0.01,96.22,51375.54,1
2026-03-15,2026-03-15 13:49:00,537.04,537.08,537.04,537.08,0.01,96.22,51375.54,1
2026-03-15,2026-03-15 13:50:00,537.08,537.12,537.08,537.12,0.01,96.22,51375.54,1
2026-03-15,2026-03-15 13:51:00,537.12,537.17,537.12,537.17,0.01,96.22,51375.54,1
2026-03-15,2026-03-15 13:52:00,537.17,537.21,537.17,537.21,0.01,96.22,51375.54,1
2026-03-15,2026-03-15 13:53:00,537.21,537.25,537.21,537.25,0.01,96.22,51375.54,1
2026-03-15,2026-03-15 13:54:00,537.25,537.29,537.25,537.29,0.01,96.22,51375.54,1
2026-03-15,2026-03-15 13:55:00,537.29,537.33,537.29,537.33,0.01,96.22,51375.54,1
2026-03-15,2026-03-15 13:56:00,537.33,537.38,537.33,537.38,0.01,96.22,51375.54,1
2026-03-15,2026-03-15 13:57:00,537.38,537.42,537.38,537.42,0.01,96.22,51375.54,1
2026-03-15,2026-03-15 13:58:00,537.42,537.46,537.42,537.46,0.01,96.22,51375.54,1
2026-03-15,2026-03-15 13:59:00,537.46,537.5,537.46,537.5,0.01,96.22,51375.54,1
2026-03-15,2026-03-15 14:00:00,537.5,537.54,537.5,537.54,0.01,96.22,51375.54,1
2026-03-15,2026-03-15 14:01:00,537.54,537.58,537.54,537.58,0.01,96.22,51375.54,1
2026-03-15,2026-03-15 14:02:00,537.58,537.62,537.58,537.62,0.01,96.22,51375.54,1
2026-03-15,2026-03-15 14:03:00,537.62,537.67,537.62,537.67,0.01,96.22,51375.54,1
2026-03-15,2026-03-15 14:04:00,537.67,537.71,537.67,537.71,0.01,96.22,51375.54,1
2026-03-15,2026-03-15 14:05:00,537.71,537.75,537.71,537.75,0.01,96.22,51375.54,1
2026-03-15,2026-03-15 14:06:00,537.75,537.79,537.75,537.79,0.01,96.22,51375.54,1
2026-03-15,2026-03-15 14:07:00,537.79,537.83,537.79,537.83,0.01,96.22,51375.54,1
2026-03-15,2026-03-15 14:08:00,537.83,537.88,537.83,537.88,0.01,96.22,51375.54,1
2026-03-15,2026-03-15 14:09:00,537.88,537.92,537.88,537.92,0.01,96.22,51375.54,1
2026-03-15,2026-03-15 14:10:00,537.92,537.96,537.92,537.96,0.01,96.22,51375.54,1
2026-03-15,2026-03-15 14:11:00,537.96,538.0,537.96,538.0,0.01,96.22,51375.54,1
2026-03-15,2026-03-15 14:12:00,538.0,538.04,538.0,538.04,0.01,96.22,51375.54,1
2026-03-15,2026-03-15 14:13:00,538.04,538.08,538.04,538.08,0.01,96.22,51375.54,1
2026-03-15,2026-03-15 14:14:00,538.08,538.12,538.08,538.12,0.01,96.22,51375.54,1
2026-03-15,2026-03-15 14:15:00,538.12,538.17,538.12,538.17,0.01,96.22,51375.54,1
2026-03-15,2026-03-15 14:16:00,538.17,538.21,538.17,538.21,0.01,96.22,51375.54,1
2026-03-15,2026-03-15 14:17:00,538.21,538.25,538.21,538.25,0.01,96.22,51375.54,1
2026-03-15,2026-03-15 14:18:00,538.25,538.29,538.25,538.29,0.01,96.22,51375.54,1
2026-03-15,2026-03-15 14:19:00,538.29,538.33,538.29,538.33,0.01,96.22,51375.54,1
2026-03-15,2026-03-15 14:20:00,538.33,538.38,538.33,538.38,0.01,96.22,51375.54,1
2026-03-15,2026-03-15 14:21:00,538.38,538.42,538.38,538.42,0.01,96.22,51375.54,1
2026-03-15,2026-03-15 14:22:00,538.42,538.46,538.42,538.46,0.01,96.22,51375.54,1
2026-03-15,2026-03-15 14:23:00,538.46,538.5,538.46,538.5,0.01,96.22,51375.54,1
2026-03-15,2026-03-15 14:24:00,538.5,538.54,538.5,538.54,0.01,96.22,51375.54,1
2026-03-15,2026-03-15 14:25:00,538.54,538.58,538.54,538.58,0.01,96.22,51375.54,1
2026-03-15,2026-03-15 14:26:00,538.58,538.62,538.58,538.62,0.01,96.22,51375.54,1
2026-03-15,2026-03-15 14:27:00,538.62,538.67,538.62,538.67,0.01,96.22,51375.54,1
2026-03-15,2026-03-15 14:28:00,538.67,538.71,538.67,538.71,0.01,96.22,51375.54,1
2026-03-15,2026-03-15 14:29:00,538.71,538.75,538.71,538.75,0.01,96.22,51375.54,1
2026-03-15,2026-03-15 14:30:00,538.75,538.79,538.75,538.79,0.01,96.22,51375.54,1
2026-03-15,2026-03-15 14:31:00,538.79,538.83,538.79,538.83,0.01,96.22,51375.54,1
2026-03-15,2026-03-15 14:32:00,538.83,538.88,538.83,538.88,0.01,96.22,51375.54,1
2026-03-15,2026-03-15 14:33:00,538.88,538.92,538.88,538.92,0.01,96.22,51375.54,1
2026-03-15,2026-03-15 14:34:00,538.92,538.96,538.92,538.96,0.01,96.22,51375.54,1
2026-03-15,2026-03-15 14:35:00,538.96,539.0,538.96,539.0,0.01,96.22,51375.54,1
2026-03-15,2026-03-15 14:36:00,539.0,539.04,539.0,539.04,0.01,96.22,51375.54,1
2026-03-15,2026-03-15 14:37:00,539.04,539.08,539.04,539.08,0.01,96.22,51375.54,1
2026-03-15,2026-03-15 14:38:00,539.08,539.12,539.08,539.12,0.01,96.22,51375.54,1
2026-03-15,2026-03-15 14:39:00,539.12,539.17,539.12,539.17,0.01,96.22,51375.54,1
2026-03-15,2026-03-15 14:40:00,539.17,539.21,539.17,539.21,0.01,96.22,51375.54,1
2026-03-15,2026-03-15 14:41:00,539.21,539.25,539.21,539.25,0.01,96.22,51375.54,1
2026-03-15,2026-03-15 14:42:00,539.25,539.29,539.25,539.29,0.01,96.22,51375.54,1
2026-03-15,2026-03-15 14:43:00,539.29,539.33,539.29,539.33,0.01,96.22,51375.54,1
2026-03-15,2026-03-15 14:44:00,539.33,539.38,539.33,539.38,0.01,96.22,51375.54,1
2026-03-15,2026-03-15 14:45:00,539.38,539.42,539.38,539.42,0.01,96.22,51375.54,1
2026-03-15,2026-03-15 14:46:00,539.42,539.46,539.42,539.46,0.01,96.22,51375.54,1
2026-03-15,2026-03-15 14:47:00,539.46,539.5,539.46,539.5,0.01,96.22,51375.54,1
2026-03-15,2026-03-15 14:48:00,539.5,539.54,539.5,539.54,0.01,96.22,51375.54,1
2026-03-15,2026-03-15 14:49:00,539.54,539.58,539.54,539.58,0.01,96.22,51375.54,1
2026-03-15,2026-03-15 14:50:00,539.58,539.62,539.58,539.62,0.01,96.22,51375.54,1
2026-03-15,2026-03-15 14:51:00,539.62,539.67,539.62,539.67,0.01,96.22,51375.54,1
2026-03-15,2026-03-15 14:52:00,539.67,539.71,539.67,539.71,0.01,96.22,51375.54,1
2026-03-15,2026-03-15 14:53:00,539.71,539.75,539.71,539.75,0.01,96.22,51375.54,1
2026-03-15,2026-03-15 14:54:00,539.75,539.79,539.75,539.79,0.01,96.22,51375.54,1
2026-03-15,2026-03-15 14:55:00,539.79,539.83,539.79,539.83,0.01,96.22,51375.54,1
2026-03-15,2026-03-15 14:56:00,539.83,539.88,539.83,539.88,0.01,96.22,51375.54,1
2026-03-15,2026-03-15 14:57:00,539.88,539.92,539.88,539.92,0.01,96.22,51375.54,1
2026-03-15,2026-03-15 14:58:00,539.92,539.96,539.92,539.96,0.01,96.22,51375.54,1
2026-03-15,2026-03-15 14:59:00,539.96,540.0,539.96,540.0,0.01,96.22,51375.54,1
2026-03-15,2026-03-15 15:00:00,540.0,541.0,526.2,540.0,0.0,96.22,51375.54,0
2026-03-16,2026-03-16 11:00:00,545.0,545.12,540.2,544.95,-0.01,25.05,13407.86,-1
2026-03-16,2026-03-16 11:01:00,544.95,544.95,544.89,544.89,-0.01,25.05,13407.86,-1
2026-03-16,2026-03-16 11:02:00,544.89,544.89,544.84,544.84,-0.01,25.05,13407.86,-1
2026-03-16,2026-03-16 11:03:00,544.84,544.84,544.78,544.78,-0.01,25.05,13407.86,-1
2026-03-16,2026-03-16 11:04:00,544.78,544.78,544.73,544.73,-0.01,25.05,13407.86,-1
2026-03-16,2026-03-16 11:05:00,544.73,544.73,544.67,544.67,-0.01,25.05,13407.86,-1
2026-03-16,2026-03-16 11:06:00,544.67,544.67,544.62,544.62,-0.01,25.05,13407.86,-1
2026-03-16,2026-03-16 11:07:00,544.62,544.62,544.57,544.57,-0.01,25.05,13407.86,-1
2026-03-16,2026-03-16 11:08:00,544.57,544.57,544.51,544.51,-0.01,25.05,13407.86,-1
2026-03-16,2026-03-16 11:09:00,544.51,544.51,544.46,544.46,-0.01,25.05,13407.86,-1
2026-03-16,2026-03-16 11:10:00,544.46,544.46,544.4,544.4,-0.01,25.05,13407.86,-1
2026-03-16,2026-03-16 11:11:00,544.4,544.4,544.35,544.35,-0.01,25.05,13407.86,-1
2026-03-16,2026-03-16 11:12:00,544.35,544.35,544.3,544.3,-0.01,25.05,13407.86,-1
2026-03-16,2026-03-16 11:13:00,544.3,544.3,544.24,544.24,-0.01,25.05,13407.86,-1
2026-03-16,2026-03-16 11:14:00,544.24,544.24,544.19,544.19,-0.01,25.05,13407.86,-1
2026-03-16,2026-03-16 11:15:00,544.19,544.19,544.13,544.13,-0.01,25.05,13407.86,-1
2026-03-16,2026-03-16 11:16:00,544.13,544.13,544.08,544.08,-0.01,25.05,13407.86,-1
2026-03-16,2026-03-16 11:17:00,544.08,544.08,544.02,544.02,-0.01,25.05,13407.86,-1
2026-03-16,2026-03-16 11:18:00,544.02,544.02,543.97,543.97,-0.01,25.05,13407.86,-1
2026-03-16,2026-03-16 11:19:00,543.97,543.97,543.92,543.92,-0.01,25.05,13407.86,-1
2026-03-16,2026-03-16 11:20:00,543.92,543.92,543.86,543.86,-0.01,25.05,13407.86,-1
2026-03-16,2026-03-16 11:21:00,543.86,543.86,543.81,543.81,-0.01,25.05,13407.86,-1
2026-03-16,2026-03-16 11:22:00,543.81,543.81,543.75,543.75,-0.01,25.05,13407.86,-1
2026-03-16,2026-03-16 11:23:00,543.75,543.75,543.7,543.7,-0.01,25.05,13407.86,-1
2026-03-16,2026-03-16 11:24:00,543.7,543.7,543.65,543.65,-0.01,25.05,13407.86,-1
2026-03-16,2026-03-16 11:25:00,543.65,543.65,543.59,543.59,-0.01,25.05,13407.86,-1
2026-03-16,2026-03-16 11:26:00,543.59,543.59,543.54,543.54,-0.01,25.05,13407.86,-1
2026-03-16,2026-03-16 11:27:00,543.54,543.54,543.48,543.48,-0.01,25.05,13407.86,-1
2026-03-16,2026-03-16 11:28:00,543.48,543.48,543.43,543.43,-0.01,25.05,13407.86,-1
2026-03-16,2026-03-16 11:29:00,543.43,543.43,543.38,543.38,-0.01,25.05,13407.86,-1
2026-03-16,2026-03-16 11:30:00,543.38,543.38,543.32,543.32,-0.01,25.05,13407.86,-1
2026-03-16,2026-03-16 11:31:00,543.32,543.32,543.27,543.27,-0.01,25.05,13407.86,-1
2026-03-16,2026-03-16 11:32:00,543.27,543.27,543.21,543.21,-0.01,25.05,13407.86,-1
2026-03-16,2026-03-16 11:33:00,543.21,543.21,543.16,543.16,-0.01,25.05,13407.86,-1
2026-03-16,2026-03-16 11:34:00,543.16,543.16,543.1,543.1,-0.01,25.05,13407.86,-1
2026-03-16,2026-03-16 11:35:00,543.1,543.1,543.05,543.05,-0.01,25.05,13407.86,-1
2026-03-16,2026-03-16 11:36:00,543.05,543.05,543.0,543.0,-0.01,25.05,13407.86,-1
2026-03-16,2026-03-16 11:37:00,543.0,543.0,542.94,542.94,-0.01,25.05,13407.86,-1
2026-03-16,2026-03-16 11:38:00,542.94,542.94,542.89,542.89,-0.01,25.05,13407.86,-1
2026-03-16,2026-03-16 11:39:00,542.89,542.89,542.83,542.83,-0.01,25.05,13407.86,-1
2026-03-16,2026-03-16 11:40:00,542.83,542.83,542.78,542.78,-0.01,25.05,13407.86,-1
2026-03-16,2026-03-16 11:41:00,542.78,542.78,542.73,542.73,-0.01,25.05,13407.86,-1
2026-03-16,2026-03-16 11:42:00,542.73,542.73,542.67,542.67,-0.01,25.05,13407.86,-1
2026-03-16,2026-03-16 11:43:00,542.67,542.67,542.62,542.62,-0.01,25.05,13407.86,-1
2026-03-16,2026-03-16 11:44:00,542.62,542.62,542.56,542.56,-0.01,25.05,13407.86,-1
2026-03-16,2026-03-16 11:45:00,542.56,542.56,542.51,542.51,-0.01,25.05,13407.86,-1
2026-03-16,2026-03-16 11:46:00,542.51,542.51,542.45,542.45,-0.01,25.05,13407.86,-1
2026-03-16,2026-03-16 11:47:00,542.45,542.45,542.4,542.4,-0.01,25.05,13407.86,-1
2026-03-16,2026-03-16 11:48:00,542.4,542.4,542.35,542.35,-0.01,25.05,13407.86,-1
2026-03-16,2026-03-16 11:49:00,542.35,542.35,542.29,542.29,-0.01,25.05,13407.86,-1
2026-03-16,2026-03-16 11:50:00,542.29,542.29,542.24,542.24,-0.01,25.05,13407.86,-1
2026-03-16,2026-03-16 11:51:00,542.24,542.24,542.18,542.18,-0.01,25.05,13407.86,-1
2026-03-16,2026-03-16 11:52:00,542.18,542.18,542.13,542.13,-0.01,25.05,13407.86,-1
2026-03-16,2026-03-16 11:53:00,542.13,542.13,542.08,542.08,-0.01,25.05,13407.86,-1
2026-03-16,2026-03-16 11:54:00,542.08,542.08,542.02,542.02,-0.01,25.05,13407.86,-1
2026-03-16,2026-03-16 11:55:00,542.02,542.02,541.97,541.97,-0.01,25.05,13407.86,-1
2026-03-16,2026-03-16 11:56:00,541.97,541.97,541.91,541.91,-0.01,25.05,13407.86,-1
2026-03-16,2026-03-16 11:57:00,541.91,541.91,541.86,541.86,-0.01,25.05,13407.86,-1
2026-03-16,2026-03-16 11:58:00,541.86,541.86,541.8,541.8,-0.01,25.05,13407.86,-1
2026-03-16,2026-03-16 11:59:00,541.8,541.8,541.75,541.75,-0.01,25.05,13407.86,-1
2026-03-16,2026-03-16 12:00:00,541.75,541.75,541.7,541.7,-0.01,25.05,13407.86,-1
2026-03-16,2026-03-16 12:01:00,541.7,541.7,541.64,541.64,-0.01,25.05,13407.86,-1
2026-03-16,2026-03-16 12:02:00,541.64,541.64,541.59,541.59,-0.01,25.05,13407.86,-1
2026-03-16,2026-03-16 12:03:00,541.59,541.59,541.53,541.53,-0.01,25.05,13407.86,-1
2026-03-16,2026-03-16 12:04:00,541.53,541.53,541.48,541.48,-0.01,25.05,13407.86,-1
2026-03-16,2026-03-16 12:05:00,541.48,541.48,541.42,541.42,-0.01,25.05,13407.86,-1
2026-03-16,2026-03-16 12:06:00,541.42,541.42,541.37,541.37,-0.01,25.05,13407.86,-1
2026-03-16,2026-03-16 12:07:00,541.37,541.37,541.32,541.32,-0.01,25.05,13407.86,-1
2026-03-16,2026-03-16 12:08:00,541.32,541.32,541.26,541.26,-0.01,25.05,13407.86,-1
2026-03-16,2026-03-16 12:09:00,541.26,541.26,541.21,541.21,-0.01,25.05,13407.86,-1
2026-03-16,2026-03-16 12:10:00,541.21,541.21,541.15,541.15,-0.01,25.05,13407.86,-1
2026-03-16,2026-03-16 12:11:00,541.15,541.15,541.1,541.1,-0.01,25.05,13407.86,-1
2026-03-16,2026-03-16 12:12:00,541.1,541.1,541.05,541.05,-0.01,25.05,13407.86,-1
2026-03-16,2026-03-16 12:13:00,541.05,541.05,540.99,540.99,-0.01,25.05,13407.86,-1
2026-03-16,2026-03-16 12:14:00,540.99,540.99,540.94,540.94,-0.01,25.05,13407.86,-1
2026-03-16,2026-03-16 12:15:00,540.94,540.94,540.88,540.88,-0.01,25.05,13407.86,-1
2026-03-16,2026-03-16 12:16:00,540.88,540.88,540.83,540.83,-0.01,25.05,13407.86,-1
2026-03-16,2026-03-16 12:17:00,540.83,540.83,540.77,540.77,-0.01,25.05,13407.86,-1
2026-03-16,2026-03-16 12:18:00,540.77,540.77,540.72,540.72,-0.01,25.05,13407.86,-1
2026-03-16,2026-03-16 12:19:00,540.72,540.72,540.67,540.67,-0.01,25.05,13407.86,-1
2026-03-16,2026-03-16 12:20:00,540.67,540.67,540.61,540.61,-0.01,25.05,13407.86,-1
2026-03-16,2026-03-16 12:21:00,540.61,540.61,540.56,540.56,-0.01,25.05,13407.86,-1
2026-03-16,2026-03-16 12:22:00,540.56,540.56,540.5,540.5,-0.01,25.05,13407.86,-1
2026-03-16,2026-03-16 12:23:00,540.5,540.5,540.45,540.45,-0.01,25.05,13407.86,-1
2026-03-16,2026-03-16 12:24:00,540.45,540.45,540.4,540.4,-0.01,25.05,13407.86,-1
2026-03-16,2026-03-16 12:25:00,540.4,540.4,540.34,540.34,-0.01,25.05,13407.86,-1
2026-03-16,2026-03-16 12:26:00,540.34,540.34,540.29,540.29,-0.01,25.05,13407.86,-1
2026-03-16,2026-03-16 12:27:00,540.29,540.29,540.23,540.23,-0.01,25.05,13407.86,-1
2026-03-16,2026-03-16 12:28:00,540.23,540.23,540.18,540.18,-0.01,25.05,13407.86,-1
2026-03-16,2026-03-16 12:29:00,540.18,540.18,540.12,540.12,-0.01,25.05,13407.86,-1
2026-03-16,2026-03-16 12:30:00,540.12,540.12,540.07,540.07,-0.01,25.05,13407.86,-1
2026-03-16,2026-03-16 12:31:00,540.07,540.07,540.02,540.02,-0.01,25.05,13407.86,-1
2026-03-16,2026-03-16 12:32:00,540.02,540.02,539.96,539.96,-0.01,25.05,13407.86,-1
2026-03-16,2026-03-16 12:33:00,539.96,539.96,539.91,539.91,-0.01,25.05,13407.86,-1
2026-03-16,2026-03-16 12:34:00,539.91,539.91,539.85,539.85,-0.01,25.05,13407.86,-1
2026-03-16,2026-03-16 12:35:00,539.85,539.85,539.8,539.8,-0.01,25.05,13407.86,-1
2026-03-16,2026-03-16 12:36:00,539.8,539.8,539.75,539.75,-0.01,25.05,13407.86,-1
2026-03-16,2026-03-16 12:37:00,539.75,539.75,539.69,539.69,-0.01,25.05,13407.86,-1
2026-03-16,2026-03-16 12:38:00,539.69,539.69,539.64,539.64,-0.01,25.05,13407.86,-1
2026-03-16,2026-03-16 12:39:00,539.64,539.64,539.58,539.58,-0.01,25.05,13407.86,-1
2026-03-16,2026-03-16 12:40:00,539.58,539.58,539.53,539.53,-0.01,25.05,13407.86,-1
2026-03-16,2026-03-16 12:41:00,539.53,539.53,539.48,539.48,-0.01,25.05,13407.86,-1
2026-03-16,2026-03-16 12:42:00,539.48,539.48,539.42,539.42,-0.01,25.05,13407.86,-1
2026-03-16,2026-03-16 12:43:00,539.42,539.42,539.37,539.37,-0.01,25.05,13407.86,-1
2026-03-16,2026-03-16 12:44:00,539.37,539.37,539.31,539.31,-0.01,25.05,13407.86,-1
2026-03-16,2026-03-16 12:45:00,539.31,539.31,539.26,539.26,-0.01,25.05,13407.86,-1
2026-03-16,2026-03-16 12:46:00,539.26,539.26,539.2,539.2,-0.01,25.05,13407.86,-1
2026-03-16,2026-03-16 12:47:00,539.2,539.2,539.15,539.15,-0.01,25.05,13407.86,-1
2026-03-16,2026-03-16 12:48:00,539.15,539.15,539.1,539.1,-0.01,25.05,13407.86,-1
2026-03-16,2026-03-16 12:49:00,539.1,539.1,539.04,539.04,-0.01,25.05,13407.86,-1
2026-03-16,2026-03-16 12:50:00,539.04,539.04,538.99,538.99,-0.01,25.05,13407.86,-1
2026-03-16,2026-03-16 12:51:00,538.99,538.99,538.93,538.93,-0.01,25.05,13407.86,-1
2026-03-16,2026-03-16 12:52:00,538.93,538.93,538.88,538.88,-0.01,25.05,13407.86,-1
2026-03-16,2026-03-16 12:53:00,538.88,538.88,538.83,538.83,-0.01,25.05,13407.86,-1
2026-03-16,2026-03-16 12:54:00,538.83,538.83,538.77,538.77,-0.01,25.05,13407.86,-1
2026-03-16,2026-03-16 12:55:00,538.77,538.77,538.72,538.72,-0.01,25.05,13407.86,-1
2026-03-16,2026-03-16 12:56:00,538.72,538.72,538.66,538.66,-0.01,25.05,13407.86,-1
2026-03-16,2026-03-16 12:57:00,538.66,538.66,538.61,538.61,-0.01,25.05,13407.86,-1
2026-03-16,2026-03-16 12:58:00,538.61,538.61,538.55,538.55,-0.01,25.05,13407.86,-1
2026-03-16,2026-03-16 12:59:00,538.55,538.55,538.5,538.5,-0.01,25.05,13407.86,-1
2026-03-16,2026-03-16 13:00:00,538.5,545.4,529.0,538.45,-0.01,25.05,13407.86,-1
2026-03-16,2026-03-16 13:01:00,538.45,538.45,538.39,538.39,-0.01,25.05,13407.86,-1
2026-03-16,2026-03-16 13:02:00,538.39,538.39,538.34,538.34,-0.01,25.05,13407.86,-1
2026-03-16,2026-03-16 13:03:00,538.34,538.34,538.28,538.28,-0.01,25.05,13407.86,-1
2026-03-16,2026-03-16 13:04:00,538.28,538.28,538.23,538.23,-0.01,25.05,13407.86,-1
2026-03-16,2026-03-16 13:05:00,538.23,538.23,538.17,538.17,-0.01,25.05,13407.86,-1
2026-03-16,2026-03-16 13:06:00,538.17,538.17,538.12,538.12,-0.01,25.05,13407.86,-1
2026-03-16,2026-03-16 13:07:00,538.12,538.12,538.07,538.07,-0.01,25.05,13407.86,-1
2026-03-16,2026-03-16 13:08:00,538.07,538.07,538.01,538.01,-0.01,25.05,13407.86,-1
2026-03-16,2026-03-16 13:09:00,538.01,538.01,537.96,537.96,-0.01,25.05,13407.86,-1
2026-03-16,2026-03-16 13:10:00,537.96,537.96,537.9,537.9,-0.01,25.05,13407.86,-1
2026-03-16,2026-03-16 13:11:00,537.9,537.9,537.85,537.85,-0.01,25.05,13407.86,-1
2026-03-16,2026-03-16 13:12:00,537.85,537.85,537.8,537.8,-0.01,25.05,13407.86,-1
2026-03-16,2026-03-16 13:13:00,537.8,537.8,537.74,537.74,-0.01,25.05,13407.86,-1
2026-03-16,2026-03-16 13:14:00,537.74,537.74,537.69,537.69,-0.01,25.05,13407.86,-1
2026-03-16,2026-03-16 13:15:00,537.69,537.69,537.63,537.63,-0.01,25.05,13407.86,-1
2026-03-16,2026-03-16 13:16:00,537.63,537.63,537.58,537.58,-0.01,25.05,13407.86,-1
2026-03-16,2026-03-16 13:17:00,537.58,537.58,537.52,537.52,-0.01,25.05,13407.86,-1
2026-03-16,2026-03-16 13:18:00,537.52,537.52,537.47,537.47,-0.01,25.05,13407.86,-1
2026-03-16,2026-03-16 13:19:00,537.47,537.47,537.42,537.42,-0.01,25.05,13407.86,-1
2026-03-16,2026-03-16 13:20:00,537.42,537.42,537.36,537.36,-0.01,25.05,13407.86,-1
2026-03-16,2026-03-16 13:21:00,537.36,537.36,537.31,537.31,-0.01,25.05,13407.86,-1
2026-03-16,2026-03-16 13:22:00,537.31,537.31,537.25,537.25,-0.01,25.05,13407.86,-1
2026-03-16,2026-03-16 13:23:00,537.25,537.25,537.2,537.2,-0.01,25.05,13407.86,-1
2026-03-16,2026-03-16 13:24:00,537.2,537.2,537.15,537.15,-0.01,25.05,13407.86,-1
2026-03-16,2026-03-16 13:25:00,537.15,537.15,537.09,537.09,-0.01,25.05,13407.86,-1
2026-03-16,2026-03-16 13:26:00,537.09,537.09,537.04,537.04,-0.01,25.05,13407.86,-1
2026-03-16,2026-03-16 13:27:00,537.04,537.04,536.98,536.98,-0.01,25.05,13407.86,-1
2026-03-16,2026-03-16 13:28:00,536.98,536.98,536.93,536.93,-0.01,25.05,13407.86,-1
2026-03-16,2026-03-16 13:29:00,536.93,536.93,536.88,536.88,-0.01,25.05,13407.86,-1
2026-03-16,2026-03-16 13:30:00,536.88,536.88,536.82,536.82,-0.01,25.05,13407.86,-1
2026-03-16,2026-03-16 13:31:00,536.82,536.82,536.77,536.77,-0.01,25.05,13407.86,-1
2026-03-16,2026-03-16 13:32:00,536.77,536.77,536.71,536.71,-0.01,25.05,13407.86,-1
2026-03-16,2026-03-16 13:33:00,536.71,536.71,536.66,536.66,-0.01,25.05,13407.86,-1
2026-03-16,2026-03-16 13:34:00,536.66,536.66,536.6,536.6,-0.01,25.05,13407.86,-1
2026-03-16,2026-03-16 13:35:00,536.6,536.6,536.55,536.55,-0.01,25.05,13407.86,-1
2026-03-16,2026-03-16 13:36:00,536.55,536.55,536.5,536.5,-0.01,25.05,13407.86,-1
2026-03-16,2026-03-16 13:37:00,536.5,536.5,536.44,536.44,-0.01,25.05,13407.86,-1
2026-03-16,2026-03-16 13:38:00,536.44,536.44,536.39,536.39,-0.01,25.05,13407.86,-1
2026-03-16,2026-03-16 13:39:00,536.39,536.39,536.33,536.33,-0.01,25.05,13407.86,-1
2026-03-16,2026-03-16 13:40:00,536.33,536.33,536.28,536.28,-0.01,25.05,13407.86,-1
2026-03-16,2026-03-16 13:41:00,536.28,536.28,536.23,536.23,-0.01,25.05,13407.86,-1
2026-03-16,2026-03-16 13:42:00,536.23,536.23,536.17,536.17,-0.01,25.05,13407.86,-1
2026-03-16,2026-03-16 13:43:00,536.17,536.17,536.12,536.12,-0.01,25.05,13407.86,-1
2026-03-16,2026-03-16 13:44:00,536.12,536.12,536.06,536.06,-0.01,25.05,13407.86,-1
2026-03-16,2026-03-16 13:45:00,536.06,536.06,536.01,536.01,-0.01,25.05,13407.86,-1
2026-03-16,2026-03-16 13:46:00,536.01,536.01,535.95,535.95,-0.01,25.05,13407.86,-1
2026-03-16,2026-03-16 13:47:00,535.95,535.95,535.9,535.9,-0.01,25.05,13407.86,-1
2026-03-16,2026-03-16 13:48:00,535.9,535.9,535.85,535.85,-0.01,25.05,13407.86,-1
2026-03-16,2026-03-16 13:49:00,535.85,535.85,535.79,535.79,-0.01,25.05,13407.86,-1
2026-03-16,2026-03-16 13:50:00,535.79,535.79,535.74,535.74,-0.01,25.05,13407.86,-1
2026-03-16,2026-03-16 13:51:00,535.74,535.74,535.68,535.68,-0.01,25.05,13407.86,-1
2026-03-16,2026-03-16 13:52:00,535.68,535.68,535.63,535.63,-0.01,25.05,13407.86,-1
2026-03-16,2026-03-16 13:53:00,535.63,535.63,535.58,535.58,-0.01,25.05,13407.86,-1
2026-03-16,2026-03-16 13:54:00,535.58,535.58,535.52,535.52,-0.01,25.05,13407.86,-1
2026-03-16,2026-03-16 13:55:00,535.52,535.52,535.47,535.47,-0.01,25.05,13407.86,-1
2026-03-16,2026-03-16 13:56:00,535.47,535.47,535.41,535.41,-0.01,25.05,13407.86,-1
2026-03-16,2026-03-16 13:57:00,535.41,535.41,535.36,535.36,-0.01,25.05,13407.86,-1
2026-03-16,2026-03-16 13:58:00,535.36,535.36,535.3,535.3,-0.01,25.05,13407.86,-1
2026-03-16,2026-03-16 13:59:00,535.3,535.3,535.25,535.25,-0.01,25.05,13407.86,-1
2026-03-16,2026-03-16 14:00:00,535.25,535.25,535.2,535.2,-0.01,25.05,13407.86,-1
2026-03-16,2026-03-16 14:01:00,535.2,535.2,535.14,535.14,-0.01,25.05,13407.86,-1
2026-03-16,2026-03-16 14:02:00,535.14,535.14,535.09,535.09,-0.01,25.05,13407.86,-1
2026-03-16,2026-03-16 14:03:00,535.09,535.09,535.03,535.03,-0.01,25.05,13407.86,-1
2026-03-16,2026-03-16 14:04:00,535.03,535.03,534.98,534.98,-0.01,25.05,13407.86,-1
2026-03-16,2026-03-16 14:05:00,534.98,534.98,534.92,534.92,-0.01,25.05,13407.86,-1
2026-03-16,2026-03-16 14:06:00,534.92,534.92,534.87,534.87,-0.01,25.05,13407.86,-1
2026-03-16,2026-03-16 14:07:00,534.87,534.87,534.82,534.82,-0.01,25.05,13407.86,-1
2026-03-16,2026-03-16 14:08:00,534.82,534.82,534.76,534.76,-0.01,25.05,13407.86,-1
2026-03-16,2026-03-16 14:09:00,534.76,534.76,534.71,534.71,-0.01,25.05,13407.86,-1
2026-03-16,2026-03-16 14:10:00,534.71,534.71,534.65,534.65,-0.01,25.05,13407.86,-1
2026-03-16,2026-03-16 14:11:00,534.65,534.65,534.6,534.6,-0.01,25.05,13407.86,-1
2026-03-16,2026-03-16 14:12:00,534.6,534.6,534.55,534.55,-0.01,25.05,13407.86,-1
2026-03-16,2026-03-16 14:13:00,534.55,534.55,534.49,534.49,-0.01,25.05,13407.86,-1
2026-03-16,2026-03-16 14:14:00,534.49,534.49,534.44,534.44,-0.01,25.05,13407.86,-1
2026-03-16,2026-03-16 14:15:00,534.44,534.44,534.38,534.38,-0.01,25.05,13407.86,-1
2026-03-16,2026-03-16 14:16:00,534.38,534.38,534.33,534.33,-0.01,25.05,13407.86,-1
2026-03-16,2026-03-16 14:17:00,534.33,534.33,534.27,534.27,-0.01,25.05,13407.86,-1
2026-03-16,2026-03-16 14:18:00,534.27,534.27,534.22,534.22,-0.01,25.05,13407.86,-1
2026-03-16,2026-03-16 14:19:00,534.22,534.22,534.17,534.17,-0.01,25.05,13407.86,-1
2026-03-16,2026-03-16 14:20:00,534.17,534.17,534.11,534.11,-0.01,25.05,13407.86,-1
2026-03-16,2026-03-16 14:21:00,534.11,534.11,534.06,534.06,-0.01,25.05,13407.86,-1
2026-03-16,2026-03-16 14:22:00,534.06,534.06,534.0,534.0,-0.01,25.05,13407.86,-1
2026-03-16,2026-03-16 14:23:00,534.0,534.0,533.95,533.95,-0.01,25.05,13407.86,-1
2026-03-16,2026-03-16 14:24:00,533.95,533.95,533.9,533.9,-0.01,25.05,13407.86,-1
2026-03-16,2026-03-16 14:25:00,533.9,533.9,533.84,533.84,-0.01,25.05,13407.86,-1
2026-03-16,2026-03-16 14:26:00,533.84,533.84,533.79,533.79,-0.01,25.05,13407.86,-1
2026-03-16,2026-03-16 14:27:00,533.79,533.79,533.73,533.73,-0.01,25.05,13407.86,-1
2026-03-16,2026-03-16 14:28:00,533.73,533.73,533.68,533.68,-0.01,25.05,13407.86,-1
2026-03-16,2026-03-16 14:29:00,533.68,533.68,533.62,533.62,-0.01,25.05,13407.86,-1
2026-03-16,2026-03-16 14:30:00,533.62,533.62,533.57,533.57,-0.01,25.05,13407.86,-1
2026-03-16,2026-03-16 14:31:00,533.57,533.57,533.52,533.52,-0.01,25.05,13407.86,-1
2026-03-16,2026-03-16 14:32:00,533.52,533.52,533.46,533.46,-0.01,25.05,13407.86,-1
2026-03-16,2026-03-16 14:33:00,533.46,533.46,533.41,533.41,-0.01,25.05,13407.86,-1
2026-03-16,2026-03-16 14:34:00,533.41,533.41,533.35,533.35,-0.01,25.05,13407.86,-1
2026-03-16,2026-03-16 14:35:00,533.35,533.35,533.3,533.3,-0.01,25.05,13407.86,-1
2026-03-16,2026-03-16 14:36:00,533.3,533.3,533.25,533.25,-0.01,25.05,13407.86,-1
2026-03-16,2026-03-16 14:37:00,533.25,533.25,533.19,533.19,-0.01,25.05,13407.86,-1
2026-03-16,2026-03-16 14:38:00,533.19,533.19,533.14,533.14,-0.01,25.05,13407.86,-1
2026-03-16,2026-03-16 14:39:00,533.14,533.14,533.08,533.08,-0.01,25.05,13407.86,-1
2026-03-16,2026-03-16 14:40:00,533.08,533.08,533.03,533.03,-0.01,25.05,13407.86,-1
2026-03-16,2026-03-16 14:41:00,533.03,533.03,532.98,532.98,-0.01,25.05,13407.86,-1
2026-03-16,2026-03-16 14:42:00,532.98,532.98,532.92,532.92,-0.01,25.05,13407.86,-1
2026-03-16,2026-03-16 14:43:00,532.92,532.92,532.87,532.87,-0.01,25.05,13407.86,-1
2026-03-16,2026-03-16 14:44:00,532.87,532.87,532.81,532.81,-0.01,25.05,13407.86,-1
2026-03-16,2026-03-16 14:45:00,532.81,532.81,532.76,532.76,-0.01,25.05,13407.86,-1
2026-03-16,2026-03-16 14:46:00,532.76,532.76,532.7,532.7,-0.01,25.05,13407.86,-1
2026-03-16,2026-03-16 14:47:00,532.7,532.7,532.65,532.65,-0.01,25.05,13407.86,-1
2026-03-16,2026-03-16 14:48:00,532.65,532.65,532.6,532.6,-0.01,25.05,13407.86,-1
2026-03-16,2026-03-16 14:49:00,532.6,532.6,532.54,532.54,-0.01,25.05,13407.86,-1
2026-03-16,2026-03-16 14:50:00,532.54,532.54,532.49,532.49,-0.01,25.05,13407.86,-1
2026-03-16,2026-03-16 14:51:00,532.49,532.49,532.43,532.43,-0.01,25.05,13407.86,-1
2026-03-16,2026-03-16 14:52:00,532.43,532.43,532.38,532.38,-0.01,25.05,13407.86,-1
2026-03-16,2026-03-16 14:53:00,532.38,532.38,532.33,532.33,-0.01,25.05,13407.86,-1
2026-03-16,2026-03-16 14:54:00,532.33,532.33,532.27,532.27,-0.01,25.05,13407.86,-1
2026-03-16,2026-03-16 14:55:00,532.27,532.27,532.22,532.22,-0.01,25.05,13407.86,-1
2026-03-16,2026-03-16 14:56:00,532.22,532.22,532.16,532.16,-0.01,25.05,13407.86,-1
2026-03-16,2026-03-16 14:57:00,532.16,532.16,532.11,532.11,-0.01,25.05,13407.86,-1
2026-03-16,2026-03-16 14:58:00,532.11,532.11,532.05,532.05,-0.01,25.05,13407.86,-1
2026-03-16,2026-03-16 14:59:00,532.05,532.05,532.0,532.0,-0.01,25.05,13407.86,-1
2026-03-16,2026-03-16 15:00:00,532.0,545.4,529.0,532.0,0.0,25.05,13407.86,0
2026-03-17,2026-03-17 11:00:00,540.0,540.0,535.5,539.99,-0.0,61.75,32773.43,-1
2026-03-17,2026-03-17 11:01:00,539.99,539.99,539.99,539.99,0.0,61.75,32773.43,0
2026-03-17,2026-03-17 11:02:00,539.99,539.99,539.98,539.98,-0.0,61.75,32773.43,-1
2026-03-17,2026-03-17 11:03:00,539.98,539.98,539.98,539.98,0.0,61.75,32773.43,0
2026-03-17,2026-03-17 11:04:00,539.98,539.98,539.97,539.97,-0.0,61.75,32773.43,-1
2026-03-17,2026-03-17 11:05:00,539.97,539.97,539.96,539.96,-0.0,61.75,32773.43,-1
2026-03-17,2026-03-17 11:06:00,539.96,539.96,539.96,539.96,0.0,61.75,32773.43,0
2026-03-17,2026-03-17 11:07:00,539.96,539.96,539.95,539.95,-0.0,61.75,32773.43,-1
2026-03-17,2026-03-17 11:08:00,539.95,539.95,539.94,539.94,-0.0,61.75,32773.43,-1
2026-03-17,2026-03-17 11:09:00,539.94,539.94,539.94,539.94,0.0,61.75,32773.43,0
2026-03-17,2026-03-17 11:10:00,539.94,539.94,539.93,539.93,-0.0,61.75,32773.43,-1
2026-03-17,2026-03-17 11:11:00,539.93,539.93,539.92,539.92,-0.0,61.75,32773.43,-1
2026-03-17,2026-03-17 11:12:00,539.92,539.92,539.92,539.92,0.0,61.75,32773.43,0
2026-03-17,2026-03-17 11:13:00,539.92,539.92,539.91,539.91,-0.0,61.75,32773.43,-1
2026-03-17,2026-03-17 11:14:00,539.91,539.91,539.91,539.91,0.0,61.75,32773.43,0
2026-03-17,2026-03-17 11:15:00,539.91,539.91,539.9,539.9,-0.0,61.75,32773.43,-1
2026-03-17,2026-03-17 11:16:00,539.9,539.9,539.89,539.89,-0.0,61.75,32773.43,-1
2026-03-17,2026-03-17 11:17:00,539.89,539.89,539.89,539.89,0.0,61.75,32773.43,0
2026-03-17,2026-03-17 11:18:00,539.89,539.89,539.88,539.88,-0.0,61.75,32773.43,-1
2026-03-17,2026-03-17 11:19:00,539.88,539.88,539.88,539.88,0.0,61.75,32773.43,0
2026-03-17,2026-03-17 11:20:00,539.88,539.88,539.87,539.87,-0.0,61.75,32773.43,-1
2026-03-17,2026-03-17 11:21:00,539.87,539.87,539.86,539.86,-0.0,61.75,32773.43,-1
2026-03-17,2026-03-17 11:22:00,539.86,539.86,539.86,539.86,0.0,61.75,32773.43,0
2026-03-17,2026-03-17 11:23:00,539.86,539.86,539.85,539.85,-0.0,61.75,32773.43,-1
2026-03-17,2026-03-17 11:24:00,539.85,539.85,539.84,539.84,-0.0,61.75,32773.43,-1
2026-03-17,2026-03-17 11:25:00,539.84,539.84,539.84,539.84,0.0,61.75,32773.43,0
2026-03-17,2026-03-17 11:26:00,539.84,539.84,539.83,539.83,-0.0,61.75,32773.43,-1
2026-03-17,2026-03-17 11:27:00,539.83,539.83,539.83,539.83,0.0,61.75,32773.43,0
2026-03-17,2026-03-17 11:28:00,539.83,539.83,539.82,539.82,-0.0,61.75,32773.43,-1
2026-03-17,2026-03-17 11:29:00,539.82,539.82,539.81,539.81,-0.0,61.75,32773.43,-1
2026-03-17,2026-03-17 11:30:00,539.81,539.81,539.81,539.81,0.0,61.75,32773.43,0
2026-03-17,2026-03-17 11:31:00,539.81,539.81,539.8,539.8,-0.0,61.75,32773.43,-1
2026-03-17,2026-03-17 11:32:00,539.8,539.8,539.79,539.79,-0.0,61.75,32773.43,-1
2026-03-17,2026-03-17 11:33:00,539.79,539.79,539.79,539.79,0.0,61.75,32773.43,0
2026-03-17,2026-03-17 11:34:00,539.79,539.79,539.78,539.78,-0.0,61.75,32773.43,-1
2026-03-17,2026-03-17 11:35:00,539.78,539.78,539.77,539.77,-0.0,61.75,32773.43,-1
2026-03-17,2026-03-17 11:36:00,539.77,539.77,539.77,539.77,0.0,61.75,32773.43,0
2026-03-17,2026-03-17 11:37:00,539.77,539.77,539.76,539.76,-0.0,61.75,32773.43,-1
2026-03-17,2026-03-17 11:38:00,539.76,539.76,539.76,539.76,0.0,61.75,32773.43,0
2026-03-17,2026-03-17 11:39:00,539.76,539.76,539.75,539.75,-0.0,61.75,32773.43,-1
2026-03-17,2026-03-17 11:40:00,539.75,539.75,539.74,539.74,-0.0,61.75,32773.43,-1
2026-03-17,2026-03-17 11:41:00,539.74,539.74,539.74,539.74,0.0,61.75,32773.43,0
2026-03-17,2026-03-17 11:42:00,539.74,539.74,539.73,539.73,-0.0,61.75,32773.43,-1
2026-03-17,2026-03-17 11:43:00,539.73,539.73,539.73,539.73,0.0,61.75,32773.43,0
2026-03-17,2026-03-17 11:44:00,539.73,539.73,539.72,539.72,-0.0,61.75,32773.43,-1
2026-03-17,2026-03-17 11:45:00,539.72,539.72,539.71,539.71,-0.0,61.75,32773.43,-1
2026-03-17,2026-03-17 11:46:00,539.71,539.71,539.71,539.71,0.0,61.75,32773.43,0
2026-03-17,2026-03-17 11:47:00,539.71,539.71,539.7,539.7,-0.0,61.75,32773.43,-1
2026-03-17,2026-03-17 11:48:00,539.7,539.7,539.69,539.69,-0.0,61.75,32773.43,-1
2026-03-17,2026-03-17 11:49:00,539.69,539.69,539.69,539.69,0.0,61.75,32773.43,0
2026-03-17,2026-03-17 11:50:00,539.69,539.69,539.68,539.68,-0.0,61.75,32773.43,-1
2026-03-17,2026-03-17 11:51:00,539.68,539.68,539.67,539.67,-0.0,61.75,32773.43,-1
2026-03-17,2026-03-17 11:52:00,539.67,539.67,539.67,539.67,0.0,61.75,32773.43,0
2026-03-17,2026-03-17 11:53:00,539.67,539.67,539.66,539.66,-0.0,61.75,32773.43,-1
2026-03-17,2026-03-17 11:54:00,539.66,539.66,539.66,539.66,0.0,61.75,32773.43,0
2026-03-17,2026-03-17 11:55:00,539.66,539.66,539.65,539.65,-0.0,61.75,32773.43,-1
2026-03-17,2026-03-17 11:56:00,539.65,539.65,539.64,539.64,-0.0,61.75,32773.43,-1
2026-03-17,2026-03-17 11:57:00,539.64,539.64,539.64,539.64,0.0,61.75,32773.43,0
2026-03-17,2026-03-17 11:58:00,539.64,539.64,539.63,539.63,-0.0,61.75,32773.43,-1
2026-03-17,2026-03-17 11:59:00,539.63,539.63,539.62,539.62,-0.0,61.75,32773.43,-1
2026-03-17,2026-03-17 12:00:00,539.62,539.62,539.62,539.62,0.0,61.75,32773.43,0
2026-03-17,2026-03-17 12:01:00,539.62,539.62,539.61,539.61,-0.0,61.75,32773.43,-1
2026-03-17,2026-03-17 12:02:00,539.61,539.61,539.61,539.61,0.0,61.75,32773.43,0
2026-03-17,2026-03-17 12:03:00,539.61,539.61,539.6,539.6,-0.0,61.75,32773.43,-1
2026-03-17,2026-03-17 12:04:00,539.6,539.6,539.59,539.59,-0.0,61.75,32773.43,-1
2026-03-17,2026-03-17 12:05:00,539.59,539.59,539.59,539.59,0.0,61.75,32773.43,0
2026-03-17,2026-03-17 12:06:00,539.59,539.59,539.58,539.58,-0.0,61.75,32773.43,-1
2026-03-17,2026-03-17 12:07:00,539.58,539.58,539.58,539.58,0.0,61.75,32773.43,0
2026-03-17,2026-03-17 12:08:00,539.58,539.58,539.57,539.57,-0.0,61.75,32773.43,-1
2026-03-17,2026-03-17 12:09:00,539.57,539.57,539.56,539.56,-0.0,61.75,32773.43,-1
2026-03-17,2026-03-17 12:10:00,539.56,539.56,539.56,539.56,0.0,61.75,32773.43,0
2026-03-17,2026-03-17 12:11:00,539.56,539.56,539.55,539.55,-0.0,61.75,32773.43,-1
2026-03-17,2026-03-17 12:12:00,539.55,539.55,539.54,539.54,-0.0,61.75,32773.43,-1
2026-03-17,2026-03-17 12:13:00,539.54,539.54,539.54,539.54,0.0,61.75,32773.43,0
2026-03-17,2026-03-17 12:14:00,539.54,539.54,539.53,539.53,-0.0,61.75,32773.43,-1
2026-03-17,2026-03-17 12:15:00,539.53,539.53,539.52,539.52,-0.0,61.75,32773.43,-1
2026-03-17,2026-03-17 12:16:00,539.52,539.52,539.52,539.52,0.0,61.75,32773.43,0
2026-03-17,2026-03-17 12:17:00,539.52,539.52,539.51,539.51,-0.0,61.75,32773.43,-1
2026-03-17,2026-03-17 12:18:00,539.51,539.51,539.51,539.51,0.0,61.75,32773.43,0
2026-03-17,2026-03-17 12:19:00,539.51,539.51,539.5,539.5,-0.0,61.75,32773.43,-1
2026-03-17,2026-03-17 12:20:00,539.5,539.5,539.49,539.49,-0.0,61.75,32773.43,-1
2026-03-17,2026-03-17 12:21:00,539.49,539.49,539.49,539.49,0.0,61.75,32773.43,0
2026-03-17,2026-03-17 12:22:00,539.49,539.49,539.48,539.48,-0.0,61.75,32773.43,-1
2026-03-17,2026-03-17 12:23:00,539.48,539.48,539.48,539.48,0.0,61.75,32773.43,0
2026-03-17,2026-03-17 12:24:00,539.48,539.48,539.47,539.47,-0.0,61.75,32773.43,-1
2026-03-17,2026-03-17 12:25:00,539.47,539.47,539.46,539.46,-0.0,61.75,32773.43,-1
2026-03-17,2026-03-17 12:26:00,539.46,539.46,539.46,539.46,0.0,61.75,32773.43,0
2026-03-17,2026-03-17 12:27:00,539.46,539.46,539.45,539.45,-0.0,61.75,32773.43,-1
2026-03-17,2026-03-17 12:28:00,539.45,539.45,539.44,539.44,-0.0,61.75,32773.43,-1
2026-03-17,2026-03-17 12:29:00,539.44,539.44,539.44,539.44,0.0,61.75,32773.43,0
2026-03-17,2026-03-17 12:30:00,539.44,539.44,539.43,539.43,-0.0,61.75,32773.43,-1
2026-03-17,2026-03-17 12:31:00,539.43,539.43,539.42,539.42,-0.0,61.75,32773.43,-1
2026-03-17,2026-03-17 12:32:00,539.42,539.42,539.42,539.42,0.0,61.75,32773.43,0
2026-03-17,2026-03-17 12:33:00,539.42,539.42,539.41,539.41,-0.0,61.75,32773.43,-1
2026-03-17,2026-03-17 12:34:00,539.41,539.41,539.41,539.41,0.0,61.75,32773.43,0
2026-03-17,2026-03-17 12:35:00,539.41,539.41,539.4,539.4,-0.0,61.75,32773.43,-1
2026-03-17,2026-03-17 12:36:00,539.4,539.4,539.39,539.39,-0.0,61.75,32773.43,-1
2026-03-17,2026-03-17 12:37:00,539.39,539.39,539.39,539.39,0.0,61.75,32773.43,0
2026-03-17,2026-03-17 12:38:00,539.39,539.39,539.38,539.38,-0.0,61.75,32773.43,-1
2026-03-17,2026-03-17 12:39:00,539.38,539.38,539.38,539.38,0.0,61.75,32773.43,0
2026-03-17,2026-03-17 12:40:00,539.38,539.38,539.37,539.37,-0.0,61.75,32773.43,-1
2026-03-17,2026-03-17 12:41:00,539.37,539.37,539.36,539.36,-0.0,61.75,32773.43,-1
2026-03-17,2026-03-17 12:42:00,539.36,539.36,539.36,539.36,0.0,61.75,32773.43,0
2026-03-17,2026-03-17 12:43:00,539.36,539.36,539.35,539.35,-0.0,61.75,32773.43,-1
2026-03-17,2026-03-17 12:44:00,539.35,539.35,539.34,539.34,-0.0,61.75,32773.43,-1
2026-03-17,2026-03-17 12:45:00,539.34,539.34,539.34,539.34,0.0,61.75,32773.43,0
2026-03-17,2026-03-17 12:46:00,539.34,539.34,539.33,539.33,-0.0,61.75,32773.43,-1
2026-03-17,2026-03-17 12:47:00,539.33,539.33,539.33,539.33,0.0,61.75,32773.43,0
2026-03-17,2026-03-17 12:48:00,539.33,539.33,539.32,539.32,-0.0,61.75,32773.43,-1
2026-03-17,2026-03-17 12:49:00,539.32,539.32,539.31,539.31,-0.0,61.75,32773.43,-1
2026-03-17,2026-03-17 12:50:00,539.31,539.31,539.31,539.31,0.0,61.75,32773.43,0
2026-03-17,2026-03-17 12:51:00,539.31,539.31,539.3,539.3,-0.0,61.75,32773.43,-1
2026-03-17,2026-03-17 12:52:00,539.3,539.3,539.29,539.29,-0.0,61.75,32773.43,-1
2026-03-17,2026-03-17 12:53:00,539.29,539.29,539.29,539.29,0.0,61.75,32773.43,0
2026-03-17,2026-03-17 12:54:00,539.29,539.29,539.28,539.28,-0.0,61.75,32773.43,-1
2026-03-17,2026-03-17 12:55:00,539.28,539.28,539.27,539.27,-0.0,61.75,32773.43,-1
2026-03-17,2026-03-17 12:56:00,539.27,539.27,539.27,539.27,0.0,61.75,32773.43,0
2026-03-17,2026-03-17 12:57:00,539.27,539.27,539.26,539.26,-0.0,61.75,32773.43,-1
2026-03-17,2026-03-17 12:58:00,539.26,539.26,539.26,539.26,0.0,61.75,32773.43,0
2026-03-17,2026-03-17 12:59:00,539.26,539.26,539.25,539.25,-0.0,61.75,32773.43,-1
2026-03-17,2026-03-17 13:00:00,539.25,540.0,525.0,539.24,-0.0,61.75,32773.43,-1
2026-03-17,2026-03-17 13:01:00,539.24,539.24,539.24,539.24,0.0,61.75,32773.43,0
2026-03-17,2026-03-17 13:02:00,539.24,539.24,539.23,539.23,-0.0,61.75,32773.43,-1
2026-03-17,2026-03-17 13:03:00,539.23,539.23,539.23,539.23,0.0,61.75,32773.43,0
2026-03-17,2026-03-17 13:04:00,539.23,539.23,539.22,539.22,-0.0,61.75,32773.43,-1
2026-03-17,2026-03-17 13:05:00,539.22,539.22,539.21,539.21,-0.0,61.75,32773.43,-1
2026-03-17,2026-03-17 13:06:00,539.21,539.21,539.21,539.21,0.0,61.75,32773.43,0
2026-03-17,2026-03-17 13:07:00,539.21,539.21,539.2,539.2,-0.0,61.75,32773.43,-1
2026-03-17,2026-03-17 13:08:00,539.2,539.2,539.19,539.19,-0.0,61.75,32773.43,-1
2026-03-17,2026-03-17 13:09:00,539.19,539.19,539.19,539.19,0.0,61.75,32773.43,0
2026-03-17,2026-03-17 13:10:00,539.19,539.19,539.18,539.18,-0.0,61.75,32773.43,-1
2026-03-17,2026-03-17 13:11:00,539.18,539.18,539.17,539.17,-0.0,61.75,32773.43,-1
2026-03-17,2026-03-17 13:12:00,539.17,539.17,539.17,539.17,0.0,61.75,32773.43,0
2026-03-17,2026-03-17 13:13:00,539.17,539.17,539.16,539.16,-0.0,61.75,32773.43,-1
2026-03-17,2026-03-17 13:14:00,539.16,539.16,539.16,539.16,0.0,61.75,32773.43,0
2026-03-17,2026-03-17 13:15:00,539.16,539.16,539.15,539.15,-0.0,61.75,32773.43,-1
2026-03-17,2026-03-17 13:16:00,539.15,539.15,539.14,539.14,-0.0,61.75,32773.43,-1
2026-03-17,2026-03-17 13:17:00,539.14,539.14,539.14,539.14,0.0,61.75,32773.43,0
2026-03-17,2026-03-17 13:18:00,539.14,539.14,539.13,539.13,-0.0,61.75,32773.43,-1
2026-03-17,2026-03-17 13:19:00,539.13,539.13,539.12,539.12,-0.0,61.75,32773.43,-1
2026-03-17,2026-03-17 13:20:00,539.12,539.12,539.12,539.12,0.0,61.75,32773.43,0
2026-03-17,2026-03-17 13:21:00,539.12,539.12,539.11,539.11,-0.0,61.75,32773.43,-1
2026-03-17,2026-03-17 13:22:00,539.11,539.11,539.11,539.11,0.0,61.75,32773.43,0
2026-03-17,2026-03-17 13:23:00,539.11,539.11,539.1,539.1,-0.0,61.75,32773.43,-1
2026-03-17,2026-03-17 13:24:00,539.1,539.1,539.09,539.09,-0.0,61.75,32773.43,-1
2026-03-17,2026-03-17 13:25:00,539.09,539.09,539.09,539.09,0.0,61.75,32773.43,0
2026-03-17,2026-03-17 13:26:00,539.09,539.09,539.08,539.08,-0.0,61.75,32773.43,-1
2026-03-17,2026-03-17 13:27:00,539.08,539.08,539.08,539.08,0.0,61.75,32773.43,0
2026-03-17,2026-03-17 13:28:00,539.08,539.08,539.07,539.07,-0.0,61.75,32773.43,-1
2026-03-17,2026-03-17 13:29:00,539.07,539.07,539.06,539.06,-0.0,61.75,32773.43,-1
2026-03-17,2026-03-17 13:30:00,539.06,539.06,539.06,539.06,0.0,61.75,32773.43,0
2026-03-17,2026-03-17 13:31:00,539.06,539.06,539.05,539.05,-0.0,61.75,32773.43,-1
2026-03-17,2026-03-17 13:32:00,539.05,539.05,539.04,539.04,-0.0,61.75,32773.43,-1
2026-03-17,2026-03-17 13:33:00,539.04,539.04,539.04,539.04,0.0,61.75,32773.43,0
2026-03-17,2026-03-17 13:34:00,539.04,539.04,539.03,539.03,-0.0,61.75,32773.43,-1
2026-03-17,2026-03-17 13:35:00,539.03,539.03,539.02,539.02,-0.0,61.75,32773.43,-1
2026-03-17,2026-03-17 13:36:00,539.02,539.02,539.02,539.02,0.0,61.75,32773.43,0
2026-03-17,2026-03-17 13:37:00,539.02,539.02,539.01,539.01,-0.0,61.75,32773.43,-1
2026-03-17,2026-03-17 13:38:00,539.01,539.01,539.01,539.01,0.0,61.75,32773.43,0
2026-03-17,2026-03-17 13:39:00,539.01,539.01,539.0,539.0,-0.0,61.75,32773.43,-1
2026-03-17,2026-03-17 13:40:00,539.0,539.0,538.99,538.99,-0.0,61.75,32773.43,-1
2026-03-17,2026-03-17 13:41:00,538.99,538.99,538.99,538.99,0.0,61.75,32773.43,0
2026-03-17,2026-03-17 13:42:00,538.99,538.99,538.98,538.98,-0.0,61.75,32773.43,-1
2026-03-17,2026-03-17 13:43:00,538.98,538.98,538.98,538.98,0.0,61.75,32773.43,0
2026-03-17,2026-03-17 13:44:00,538.98,538.98,538.97,538.97,-0.0,61.75,32773.43,-1
2026-03-17,2026-03-17 13:45:00,538.97,538.97,538.96,538.96,-0.0,61.75,32773.43,-1
2026-03-17,2026-03-17 13:46:00,538.96,538.96,538.96,538.96,0.0,61.75,32773.43,0
2026-03-17,2026-03-17 13:47:00,538.96,538.96,538.95,538.95,-0.0,61.75,32773.43,-1
2026-03-17,2026-03-17 13:48:00,538.95,538.95,538.94,538.94,-0.0,61.75,32773.43,-1
2026-03-17,2026-03-17 13:49:00,538.94,538.94,538.94,538.94,0.0,61.75,32773.43,0
2026-03-17,2026-03-17 13:50:00,538.94,538.94,538.93,538.93,-0.0,61.75,32773.43,-1
2026-03-17,2026-03-17 13:51:00,538.93,538.93,538.92,538.92,-0.0,61.75,32773.43,-1
2026-03-17,2026-03-17 13:52:00,538.92,538.92,538.92,538.92,0.0,61.75,32773.43,0
2026-03-17,2026-03-17 13:53:00,538.92,538.92,538.91,538.91,-0.0,61.75,32773.43,-1
2026-03-17,2026-03-17 13:54:00,538.91,538.91,538.91,538.91,0.0,61.75,32773.43,0
2026-03-17,2026-03-17 13:55:00,538.91,538.91,538.9,538.9,-0.0,61.75,32773.43,-1
2026-03-17,2026-03-17 13:56:00,538.9,538.9,538.89,538.89,-0.0,61.75,32773.43,-1
2026-03-17,2026-03-17 13:57:00,538.89,538.89,538.89,538.89,0.0,61.75,32773.43,0
2026-03-17,2026-03-17 13:58:00,538.89,538.89,538.88,538.88,-0.0,61.75,32773.43,-1
2026-03-17,2026-03-17 13:59:00,538.88,538.88,538.88,538.88,0.0,61.75,32773.43,0
2026-03-17,2026-03-17 14:00:00,538.88,538.88,538.87,538.87,-0.0,61.75,32773.43,-1
2026-03-17,2026-03-17 14:01:00,538.87,538.87,538.86,538.86,-0.0,61.75,32773.43,-1
2026-03-17,2026-03-17 14:02:00,538.86,538.86,538.86,538.86,0.0,61.75,32773.43,0
2026-03-17,2026-03-17 14:03:00,538.86,538.86,538.85,538.85,-0.0,61.75,32773.43,-1
2026-03-17,2026-03-17 14:04:00,538.85,538.85,538.84,538.84,-0.0,61.75,32773.43,-1
2026-03-17,2026-03-17 14:05:00,538.84,538.84,538.84,538.84,0.0,61.75,32773.43,0
2026-03-17,2026-03-17 14:06:00,538.84,538.84,538.83,538.83,-0.0,61.75,32773.43,-1
2026-03-17,2026-03-17 14:07:00,538.83,538.83,538.83,538.83,0.0,61.75,32773.43,0
2026-03-17,2026-03-17 14:08:00,538.83,538.83,538.82,538.82,-0.0,61.75,32773.43,-1
2026-03-17,2026-03-17 14:09:00,538.82,538.82,538.81,538.81,-0.0,61.75,32773.43,-1
2026-03-17,2026-03-17 14:10:00,538.81,538.81,538.81,538.81,0.0,61.75,32773.43,0
2026-03-17,2026-03-17 14:11:00,538.81,538.81,538.8,538.8,-0.0,61.75,32773.43,-1
2026-03-17,2026-03-17 14:12:00,538.8,538.8,538.79,538.79,-0.0,61.75,32773.43,-1
2026-03-17,2026-03-17 14:13:00,538.79,538.79,538.79,538.79,0.0,61.75,32773.43,0
2026-03-17,2026-03-17 14:14:00,538.79,538.79,538.78,538.78,-0.0,61.75,32773.43,-1
2026-03-17,2026-03-17 14:15:00,538.78,538.78,538.77,538.77,-0.0,61.75,32773.43,-1
2026-03-17,2026-03-17 14:16:00,538.77,538.77,538.77,538.77,0.0,61.75,32773.43,0
2026-03-17,2026-03-17 14:17:00,538.77,538.77,538.76,538.76,-0.0,61.75,32773.43,-1
2026-03-17,2026-03-17 14:18:00,538.76,538.76,538.76,538.76,0.0,61.75,32773.43,0
2026-03-17,2026-03-17 14:19:00,538.76,538.76,538.75,538.75,-0.0,61.75,32773.43,-1
2026-03-17,2026-03-17 14:20:00,538.75,538.75,538.74,538.74,-0.0,61.75,32773.43,-1
2026-03-17,2026-03-17 14:21:00,538.74,538.74,538.74,538.74,0.0,61.75,32773.43,0
2026-03-17,2026-03-17 14:22:00,538.74,538.74,538.73,538.73,-0.0,61.75,32773.43,-1
2026-03-17,2026-03-17 14:23:00,538.73,538.73,538.73,538.73,0.0,61.75,32773.43,0
2026-03-17,2026-03-17 14:24:00,538.73,538.73,538.72,538.72,-0.0,61.75,32773.43,-1
2026-03-17,2026-03-17 14:25:00,538.72,538.72,538.71,538.71,-0.0,61.75,32773.43,-1
2026-03-17,2026-03-17 14:26:00,538.71,538.71,538.71,538.71,0.0,61.75,32773.43,0
2026-03-17,2026-03-17 14:27:00,538.71,538.71,538.7,538.7,-0.0,61.75,32773.43,-1
2026-03-17,2026-03-17 14:28:00,538.7,538.7,538.69,538.69,-0.0,61.75,32773.43,-1
2026-03-17,2026-03-17 14:29:00,538.69,538.69,538.69,538.69,0.0,61.75,32773.43,0
2026-03-17,2026-03-17 14:30:00,538.69,538.69,538.68,538.68,-0.0,61.75,32773.43,-1
2026-03-17,2026-03-17 14:31:00,538.68,538.68,538.67,538.67,-0.0,61.75,32773.43,-1
2026-03-17,2026-03-17 14:32:00,538.67,538.67,538.67,538.67,0.0,61.75,32773.43,0
2026-03-17,2026-03-17 14:33:00,538.67,538.67,538.66,538.66,-0.0,61.75,32773.43,-1
2026-03-17,2026-03-17 14:34:00,538.66,538.66,538.66,538.66,0.0,61.75,32773.43,0
2026-03-17,2026-03-17 14:35:00,538.66,538.66,538.65,538.65,-0.0,61.75,32773.43,-1
2026-03-17,2026-03-17 14:36:00,538.65,538.65,538.64,538.64,-0.0,61.75,32773.43,-1
2026-03-17,2026-03-17 14:37:00,538.64,538.64,538.64,538.64,0.0,61.75,32773.43,0
2026-03-17,2026-03-17 14:38:00,538.64,538.64,538.63,538.63,-0.0,61.75,32773.43,-1
2026-03-17,2026-03-17 14:39:00,538.63,538.63,538.62,538.62,-0.0,61.75,32773.43,-1
2026-03-17,2026-03-17 14:40:00,538.62,538.62,538.62,538.62,0.0,61.75,32773.43,0
2026-03-17,2026-03-17 14:41:00,538.62,538.62,538.61,538.61,-0.0,61.75,32773.43,-1
2026-03-17,2026-03-17 14:42:00,538.61,538.61,538.61,538.61,0.0,61.75,32773.43,0
2026-03-17,2026-03-17 14:43:00,538.61,538.61,538.6,538.6,-0.0,61.75,32773.43,-1
2026-03-17,2026-03-17 14:44:00,538.6,538.6,538.59,538.59,-0.0,61.75,32773.43,-1
2026-03-17,2026-03-17 14:45:00,538.59,538.59,538.59,538.59,0.0,61.75,32773.43,0
2026-03-17,2026-03-17 14:46:00,538.59,538.59,538.58,538.58,-0.0,61.75,32773.43,-1
2026-03-17,2026-03-17 14:47:00,538.58,538.58,538.58,538.58,0.0,61.75,32773.43,0
2026-03-17,2026-03-17 14:48:00,538.58,538.58,538.57,538.57,-0.0,61.75,32773.43,-1
2026-03-17,2026-03-17 14:49:00,538.57,538.57,538.56,538.56,-0.0,61.75,32773.43,-1
2026-03-17,2026-03-17 14:50:00,538.56,538.56,538.56,538.56,0.0,61.75,32773.43,0
2026-03-17,2026-03-17 14:51:00,538.56,538.56,538.55,538.55,-0.0,61.75,32773.43,-1
2026-03-17,2026-03-17 14:52:00,538.55,538.55,538.54,538.54,-0.0,61.75,32773.43,-1
2026-03-17,2026-03-17 14:53:00,538.54,538.54,538.54,538.54,0.0,61.75,32773.43,0
2026-03-17,2026-03-17 14:54:00,538.54,538.54,538.53,538.53,-0.0,61.75,32773.43,-1
2026-03-17,2026-03-17 14:55:00,538.53,538.53,538.52,538.52,-0.0,61.75,32773.43,-1
2026-03-17,2026-03-17 14:56:00,538.52,538.52,538.52,538.52,0.0,61.75,32773.43,0
2026-03-17,2026-03-17 14:57:00,538.52,538.52,538.51,538.51,-0.0,61.75,32773.43,-1
2026-03-17,2026-03-17 14:58:00,538.51,538.51,538.51,538.51,0.0,61.75,32773.43,0
2026-03-17,2026-03-17 14:59:00,538.51,538.51,538.5,538.5,-0.0,61.75,32773.43,-1
2026-03-17,2026-03-17 15:00:00,538.5,540.0,525.0,538.5,0.0,61.75,32773.43,0
2026-03-19,2026-03-19 11:00:00,538.0,540.31,534.4,537.98,-0.0,125.48,67217.88,-1
2026-03-19,2026-03-19 11:01:00,537.98,537.98,537.96,537.96,-0.0,125.48,67217.88,-1
2026-03-19,2026-03-19 11:02:00,537.96,537.96,537.94,537.94,-0.0,125.48,67217.88,-1
2026-03-19,2026-03-19 11:03:00,537.94,537.94,537.92,537.92,-0.0,125.48,67217.88,-1
2026-03-19,2026-03-19 11:04:00,537.92,537.92,537.91,537.91,-0.0,125.48,67217.88,-1
2026-03-19,2026-03-19 11:05:00,537.91,537.91,537.89,537.89,-0.0,125.48,67217.88,-1
2026-03-19,2026-03-19 11:06:00,537.89,537.89,537.87,537.87,-0.0,125.48,67217.88,-1
2026-03-19,2026-03-19 11:07:00,537.87,537.87,537.85,537.85,-0.0,125.48,67217.88,-1
2026-03-19,2026-03-19 11:08:00,537.85,537.85,537.83,537.83,-0.0,125.48,67217.88,-1
2026-03-19,2026-03-19 11:09:00,537.83,537.83,537.81,537.81,-0.0,125.48,67217.88,-1
2026-03-19,2026-03-19 11:10:00,537.81,537.81,537.79,537.79,-0.0,125.48,67217.88,-1
2026-03-19,2026-03-19 11:11:00,537.79,537.79,537.77,537.77,-0.0,125.48,67217.88,-1
2026-03-19,2026-03-19 11:12:00,537.77,537.77,537.76,537.76,-0.0,125.48,67217.88,-1
2026-03-19,2026-03-19 11:13:00,537.76,537.76,537.74,537.74,-0.0,125.48,67217.88,-1
2026-03-19,2026-03-19 11:14:00,537.74,537.74,537.72,537.72,-0.0,125.48,67217.88,-1
2026-03-19,2026-03-19 11:15:00,537.72,537.72,537.7,537.7,-0.0,125.48,67217.88,-1
2026-03-19,2026-03-19 11:16:00,537.7,537.7,537.68,537.68,-0.0,125.48,67217.88,-1
2026-03-19,2026-03-19 11:17:00,537.68,537.68,537.66,537.66,-0.0,125.48,67217.88,-1
2026-03-19,2026-03-19 11:18:00,537.66,537.66,537.64,537.64,-0.0,125.48,67217.88,-1
2026-03-19,2026-03-19 11:19:00,537.64,537.64,537.62,537.62,-0.0,125.48,67217.88,-1
2026-03-19,2026-03-19 11:20:00,537.62,537.62,537.61,537.61,-0.0,125.48,67217.88,-1
2026-03-19,2026-03-19 11:21:00,537.61,537.61,537.59,537.59,-0.0,125.48,67217.88,-1
2026-03-19,2026-03-19 11:22:00,537.59,537.59,537.57,537.57,-0.0,125.48,67217.88,-1
2026-03-19,2026-03-19 11:23:00,537.57,537.57,537.55,537.55,-0.0,125.48,67217.88,-1
2026-03-19,2026-03-19 11:24:00,537.55,537.55,537.53,537.53,-0.0,125.48,67217.88,-1
2026-03-19,2026-03-19 11:25:00,537.53,537.53,537.51,537.51,-0.0,125.48,67217.88,-1
2026-03-19,2026-03-19 11:26:00,537.51,537.51,537.49,537.49,-0.0,125.48,67217.88,-1
2026-03-19,2026-03-19 11:27:00,537.49,537.49,537.48,537.48,-0.0,125.48,67217.88,-1
2026-03-19,2026-03-19 11:28:00,537.48,537.48,537.46,537.46,-0.0,125.48,67217.88,-1
2026-03-19,2026-03-19 11:29:00,537.46,537.46,537.44,537.44,-0.0,125.48,67217.88,-1
2026-03-19,2026-03-19 11:30:00,537.44,537.44,537.42,537.42,-0.0,125.48,67217.88,-1
2026-03-19,2026-03-19 11:31:00,537.42,537.42,537.4,537.4,-0.0,125.48,67217.88,-1
2026-03-19,2026-03-19 11:32:00,537.4,537.4,537.38,537.38,-0.0,125.48,67217.88,-1
2026-03-19,2026-03-19 11:33:00,537.38,537.38,537.36,537.36,-0.0,125.48,67217.88,-1
2026-03-19,2026-03-19 11:34:00,537.36,537.36,537.34,537.34,-0.0,125.48,67217.88,-1
2026-03-19,2026-03-19 11:35:00,537.34,537.34,537.33,537.33,-0.0,125.48,67217.88,-1
2026-03-19,2026-03-19 11:36:00,537.33,537.33,537.31,537.31,-0.0,125.48,67217.88,-1
2026-03-19,2026-03-19 11:37:00,537.31,537.31,537.29,537.29,-0.0,125.48,67217.88,-1
2026-03-19,2026-03-19 11:38:00,537.29,537.29,537.27,537.27,-0.0,125.48,67217.88,-1
2026-03-19,2026-03-19 11:39:00,537.27,537.27,537.25,537.25,-0.0,125.48,67217.88,-1
2026-03-19,2026-03-19 11:40:00,537.25,537.25,537.23,537.23,-0.0,125.48,67217.88,-1
2026-03-19,2026-03-19 11:41:00,537.23,537.23,537.21,537.21,-0.0,125.48,67217.88,-1
2026-03-19,2026-03-19 11:42:00,537.21,537.21,537.19,537.19,-0.0,125.48,67217.88,-1
2026-03-19,2026-03-19 11:43:00,537.19,537.19,537.17,537.17,-0.0,125.48,67217.88,-1
2026-03-19,2026-03-19 11:44:00,537.17,537.17,537.16,537.16,-0.0,125.48,67217.88,-1
2026-03-19,2026-03-19 11:45:00,537.16,537.16,537.14,537.14,-0.0,125.48,67217.88,-1
2026-03-19,2026-03-19 11:46:00,537.14,537.14,537.12,537.12,-0.0,125.48,67217.88,-1
2026-03-19,2026-03-19 11:47:00,537.12,537.12,537.1,537.1,-0.0,125.48,67217.88,-1
2026-03-19,2026-03-19 11:48:00,537.1,537.1,537.08,537.08,-0.0,125.48,67217.88,-1
2026-03-19,2026-03-19 11:49:00,537.08,537.08,537.06,537.06,-0.0,125.48,67217.88,-1
2026-03-19,2026-03-19 11:50:00,537.06,537.06,537.04,537.04,-0.0,125.48,67217.88,-1
2026-03-19,2026-03-19 11:51:00,537.04,537.04,537.02,537.02,-0.0,125.48,67217.88,-1
2026-03-19,2026-03-19 11:52:00,537.02,537.02,537.01,537.01,-0.0,125.48,67217.88,-1
2026-03-19,2026-03-19 11:53:00,537.01,537.01,536.99,536.99,-0.0,125.48,67217.88,-1
2026-03-19,2026-03-19 11:54:00,536.99,536.99,536.97,536.97,-0.0,125.48,67217.88,-1
2026-03-19,2026-03-19 11:55:00,536.97,536.97,536.95,536.95,-0.0,125.48,67217.88,-1
2026-03-19,2026-03-19 11:56:00,536.95,536.95,536.93,536.93,-0.0,125.48,67217.88,-1
2026-03-19,2026-03-19 11:57:00,536.93,536.93,536.91,536.91,-0.0,125.48,67217.88,-1
2026-03-19,2026-03-19 11:58:00,536.91,536.91,536.89,536.89,-0.0,125.48,67217.88,-1
2026-03-19,2026-03-19 11:59:00,536.89,536.89,536.88,536.88,-0.0,125.48,67217.88,-1
2026-03-19,2026-03-19 12:00:00,536.88,536.88,536.86,536.86,-0.0,125.48,67217.88,-1
2026-03-19,2026-03-19 12:01:00,536.86,536.86,536.84,536.84,-0.0,125.48,67217.88,-1
2026-03-19,2026-03-19 12:02:00,536.84,536.84,536.82,536.82,-0.0,125.48,67217.88,-1
2026-03-19,2026-03-19 12:03:00,536.82,536.82,536.8,536.8,-0.0,125.48,67217.88,-1
2026-03-19,2026-03-19 12:04:00,536.8,536.8,536.78,536.78,-0.0,125.48,67217.88,-1
2026-03-19,2026-03-19 12:05:00,536.78,536.78,536.76,536.76,-0.0,125.48,67217.88,-1
2026-03-19,2026-03-19 12:06:00,536.76,536.76,536.74,536.74,-0.0,125.48,67217.88,-1
2026-03-19,2026-03-19 12:07:00,536.74,536.74,536.73,536.73,-0.0,125.48,67217.88,-1
2026-03-19,2026-03-19 12:08:00,536.73,536.73,536.71,536.71,-0.0,125.48,67217.88,-1
2026-03-19,2026-03-19 12:09:00,536.71,536.71,536.69,536.69,-0.0,125.48,67217.88,-1
2026-03-19,2026-03-19 12:10:00,536.69,536.69,536.67,536.67,-0.0,125.48,67217.88,-1
2026-03-19,2026-03-19 12:11:00,536.67,536.67,536.65,536.65,-0.0,125.48,67217.88,-1
2026-03-19,2026-03-19 12:12:00,536.65,536.65,536.63,536.63,-0.0,125.48,67217.88,-1
2026-03-19,2026-03-19 12:13:00,536.63,536.63,536.61,536.61,-0.0,125.48,67217.88,-1
2026-03-19,2026-03-19 12:14:00,536.61,536.61,536.59,536.59,-0.0,125.48,67217.88,-1
2026-03-19,2026-03-19 12:15:00,536.59,536.59,536.58,536.58,-0.0,125.48,67217.88,-1
2026-03-19,2026-03-19 12:16:00,536.58,536.58,536.56,536.56,-0.0,125.48,67217.88,-1
2026-03-19,2026-03-19 12:17:00,536.56,536.56,536.54,536.54,-0.0,125.48,67217.88,-1
2026-03-19,2026-03-19 12:18:00,536.54,536.54,536.52,536.52,-0.0,125.48,67217.88,-1
2026-03-19,2026-03-19 12:19:00,536.52,536.52,536.5,536.5,-0.0,125.48,67217.88,-1
2026-03-19,2026-03-19 12:20:00,536.5,536.5,536.48,536.48,-0.0,125.48,67217.88,-1
2026-03-19,2026-03-19 12:21:00,536.48,536.48,536.46,536.46,-0.0,125.48,67217.88,-1
2026-03-19,2026-03-19 12:22:00,536.46,536.46,536.44,536.44,-0.0,125.48,67217.88,-1
2026-03-19,2026-03-19 12:23:00,536.44,536.44,536.42,536.42,-0.0,125.48,67217.88,-1
2026-03-19,2026-03-19 12:24:00,536.42,536.42,536.41,536.41,-0.0,125.48,67217.88,-1
2026-03-19,2026-03-19 12:25:00,536.41,536.41,536.39,536.39,-0.0,125.48,67217.88,-1
2026-03-19,2026-03-19 12:26:00,536.39,536.39,536.37,536.37,-0.0,125.48,67217.88,-1
2026-03-19,2026-03-19 12:27:00,536.37,536.37,536.35,536.35,-0.0,125.48,67217.88,-1
2026-03-19,2026-03-19 12:28:00,536.35,536.35,536.33,536.33,-0.0,125.48,67217.88,-1
2026-03-19,2026-03-19 12:29:00,536.33,536.33,536.31,536.31,-0.0,125.48,67217.88,-1
2026-03-19,2026-03-19 12:30:00,536.31,536.31,536.29,536.29,-0.0,125.48,67217.88,-1
2026-03-19,2026-03-19 12:31:00,536.29,536.29,536.27,536.27,-0.0,125.48,67217.88,-1
2026-03-19,2026-03-19 12:32:00,536.27,536.27,536.26,536.26,-0.0,125.48,67217.88,-1
2026-03-19,2026-03-19 12:33:00,536.26,536.26,536.24,536.24,-0.0,125.48,67217.88,-1
2026-03-19,2026-03-19 12:34:00,536.24,536.24,536.22,536.22,-0.0,125.48,67217.88,-1
2026-03-19,2026-03-19 12:35:00,536.22,536.22,536.2,536.2,-0.0,125.48,67217.88,-1
2026-03-19,2026-03-19 12:36:00,536.2,536.2,536.18,536.18,-0.0,125.48,67217.88,-1
2026-03-19,2026-03-19 12:37:00,536.18,536.18,536.16,536.16,-0.0,125.48,67217.88,-1
2026-03-19,2026-03-19 12:38:00,536.16,536.16,536.14,536.14,-0.0,125.48,67217.88,-1
2026-03-19,2026-03-19 12:39:00,536.14,536.14,536.12,536.12,-0.0,125.48,67217.88,-1
2026-03-19,2026-03-19 12:40:00,536.12,536.12,536.11,536.11,-0.0,125.48,67217.88,-1
2026-03-19,2026-03-19 12:41:00,536.11,536.11,536.09,536.09,-0.0,125.48,67217.88,-1
2026-03-19,2026-03-19 12:42:00,536.09,536.09,536.07,536.07,-0.0,125.48,67217.88,-1
2026-03-19,2026-03-19 12:43:00,536.07,536.07,536.05,536.05,-0.0,125.48,67217.88,-1
2026-03-19,2026-03-19 12:44:00,536.05,536.05,536.03,536.03,-0.0,125.48,67217.88,-1
2026-03-19,2026-03-19 12:45:00,536.03,536.03,536.01,536.01,-0.0,125.48,67217.88,-1
2026-03-19,2026-03-19 12:46:00,536.01,536.01,535.99,535.99,-0.0,125.48,67217.88,-1
2026-03-19,2026-03-19 12:47:00,535.99,535.99,535.98,535.98,-0.0,125.48,67217.88,-1
2026-03-19,2026-03-19 12:48:00,535.98,535.98,535.96,535.96,-0.0,125.48,67217.88,-1
2026-03-19,2026-03-19 12:49:00,535.96,535.96,535.94,535.94,-0.0,125.48,67217.88,-1
2026-03-19,2026-03-19 12:50:00,535.94,535.94,535.92,535.92,-0.0,125.48,67217.88,-1
2026-03-19,2026-03-19 12:51:00,535.92,535.92,535.9,535.9,-0.0,125.48,67217.88,-1
2026-03-19,2026-03-19 12:52:00,535.9,535.9,535.88,535.88,-0.0,125.48,67217.88,-1
2026-03-19,2026-03-19 12:53:00,535.88,535.88,535.86,535.86,-0.0,125.48,67217.88,-1
2026-03-19,2026-03-19 12:54:00,535.86,535.86,535.84,535.84,-0.0,125.48,67217.88,-1
2026-03-19,2026-03-19 12:55:00,535.84,535.84,535.83,535.83,-0.0,125.48,67217.88,-1
2026-03-19,2026-03-19 12:56:00,535.83,535.83,535.81,535.81,-0.0,125.48,67217.88,-1
2026-03-19,2026-03-19 12:57:00,535.81,535.81,535.79,535.79,-0.0,125.48,67217.88,-1
2026-03-19,2026-03-19 12:58:00,535.79,535.79,535.77,535.77,-0.0,125.48,67217.88,-1
2026-03-19,2026-03-19 12:59:00,535.77,535.77,535.75,535.75,-0.0,125.48,67217.88,-1
2026-03-19,2026-03-19 13:00:00,535.75,545.7,526.0,535.73,-0.0,125.48,67217.88,-1
2026-03-19,2026-03-19 13:01:00,535.73,535.73,535.71,535.71,-0.0,125.48,67217.88,-1
2026-03-19,2026-03-19 13:02:00,535.71,535.71,535.69,535.69,-0.0,125.48,67217.88,-1
2026-03-19,2026-03-19 13:03:00,535.69,535.69,535.67,535.67,-0.0,125.48,67217.88,-1
2026-03-19,2026-03-19 13:04:00,535.67,535.67,535.66,535.66,-0.0,125.48,67217.88,-1
2026-03-19,2026-03-19 13:05:00,535.66,535.66,535.64,535.64,-0.0,125.48,67217.88,-1
2026-03-19,2026-03-19 13:06:00,535.64,535.64,535.62,535.62,-0.0,125.48,67217.88,-1
2026-03-19,2026-03-19 13:07:00,535.62,535.62,535.6,535.6,-0.0,125.48,67217.88,-1
2026-03-19,2026-03-19 13:08:00,535.6,535.6,535.58,535.58,-0.0,125.48,67217.88,-1
2026-03-19,2026-03-19 13:09:00,535.58,535.58,535.56,535.56,-0.0,125.48,67217.88,-1
2026-03-19,2026-03-19 13:10:00,535.56,535.56,535.54,535.54,-0.0,125.48,67217.88,-1
2026-03-19,2026-03-19 13:11:00,535.54,535.54,535.52,535.52,-0.0,125.48,67217.88,-1
2026-03-19,2026-03-19 13:12:00,535.52,535.52,535.51,535.51,-0.0,125.48,67217.88,-1
2026-03-19,2026-03-19 13:13:00,535.51,535.51,535.49,535.49,-0.0,125.48,67217.88,-1
2026-03-19,2026-03-19 13:14:00,535.49,535.49,535.47,535.47,-0.0,125.48,67217.88,-1
2026-03-19,2026-03-19 13:15:00,535.47,535.47,535.45,535.45,-0.0,125.48,67217.88,-1
2026-03-19,2026-03-19 13:16:00,535.45,535.45,535.43,535.43,-0.0,125.48,67217.88,-1
2026-03-19,2026-03-19 13:17:00,535.43,535.43,535.41,535.41,-0.0,125.48,67217.88,-1
2026-03-19,2026-03-19 13:18:00,535.41,535.41,535.39,535.39,-0.0,125.48,67217.88,-1
2026-03-19,2026-03-19 13:19:00,535.39,535.39,535.38,535.38,-0.0,125.48,67217.88,-1
2026-03-19,2026-03-19 13:20:00,535.38,535.38,535.36,535.36,-0.0,125.48,67217.88,-1
2026-03-19,2026-03-19 13:21:00,535.36,535.36,535.34,535.34,-0.0,125.48,67217.88,-1
2026-03-19,2026-03-19 13:22:00,535.34,535.34,535.32,535.32,-0.0,125.48,67217.88,-1
2026-03-19,2026-03-19 13:23:00,535.32,535.32,535.3,535.3,-0.0,125.48,67217.88,-1
2026-03-19,2026-03-19 13:24:00,535.3,535.3,535.28,535.28,-0.0,125.48,67217.88,-1
2026-03-19,2026-03-19 13:25:00,535.28,535.28,535.26,535.26,-0.0,125.48,67217.88,-1
2026-03-19,2026-03-19 13:26:00,535.26,535.26,535.24,535.24,-0.0,125.48,67217.88,-1
2026-03-19,2026-03-19 13:27:00,535.24,535.24,535.23,535.23,-0.0,125.48,67217.88,-1
2026-03-19,2026-03-19 13:28:00,535.23,535.23,535.21,535.21,-0.0,125.48,67217.88,-1
2026-03-19,2026-03-19 13:29:00,535.21,535.21,535.19,535.19,-0.0,125.48,67217.88,-1
2026-03-19,2026-03-19 13:30:00,535.19,535.19,535.17,535.17,-0.0,125.48,67217.88,-1
2026-03-19,2026-03-19 13:31:00,535.17,535.17,535.15,535.15,-0.0,125.48,67217.88,-1
2026-03-19,2026-03-19 13:32:00,535.15,535.15,535.13,535.13,-0.0,125.48,67217.88,-1
2026-03-19,2026-03-19 13:33:00,535.13,535.13,535.11,535.11,-0.0,125.48,67217.88,-1
2026-03-19,2026-03-19 13:34:00,535.11,535.11,535.09,535.09,-0.0,125.48,67217.88,-1
2026-03-19,2026-03-19 13:35:00,535.09,535.09,535.08,535.08,-0.0,125.48,67217.88,-1
2026-03-19,2026-03-19 13:36:00,535.08,535.08,535.06,535.06,-0.0,125.48,67217.88,-1
2026-03-19,2026-03-19 13:37:00,535.06,535.06,535.04,535.04,-0.0,125.48,67217.88,-1
2026-03-19,2026-03-19 13:38:00,535.04,535.04,535.02,535.02,-0.0,125.48,67217.88,-1
2026-03-19,2026-03-19 13:39:00,535.02,535.02,535.0,535.0,-0.0,125.48,67217.88,-1
2026-03-19,2026-03-19 13:40:00,535.0,535.0,534.98,534.98,-0.0,125.48,67217.88,-1
2026-03-19,2026-03-19 13:41:00,534.98,534.98,534.96,534.96,-0.0,125.48,67217.88,-1
2026-03-19,2026-03-19 13:42:00,534.96,534.96,534.94,534.94,-0.0,125.48,67217.88,-1
2026-03-19,2026-03-19 13:43:00,534.94,534.94,534.92,534.92,-0.0,125.48,67217.88,-1
2026-03-19,2026-03-19 13:44:00,534.92,534.92,534.91,534.91,-0.0,125.48,67217.88,-1
2026-03-19,2026-03-19 13:45:00,534.91,534.91,534.89,534.89,-0.0,125.48,67217.88,-1
2026-03-19,2026-03-19 13:46:00,534.89,534.89,534.87,534.87,-0.0,125.48,67217.88,-1
2026-03-19,2026-03-19 13:47:00,534.87,534.87,534.85,534.85,-0.0,125.48,67217.88,-1
2026-03-19,2026-03-19 13:48:00,534.85,534.85,534.83,534.83,-0.0,125.48,67217.88,-1
2026-03-19,2026-03-19 13:49:00,534.83,534.83,534.81,534.81,-0.0,125.48,67217.88,-1
2026-03-19,2026-03-19 13:50:00,534.81,534.81,534.79,534.79,-0.0,125.48,67217.88,-1
2026-03-19,2026-03-19 13:51:00,534.79,534.79,534.77,534.77,-0.0,125.48,67217.88,-1
2026-03-19,2026-03-19 13:52:00,534.77,534.77,534.76,534.76,-0.0,125.48,67217.88,-1
2026-03-19,2026-03-19 13:53:00,534.76,534.76,534.74,534.74,-0.0,125.48,67217.88,-1
2026-03-19,2026-03-19 13:54:00,534.74,534.74,534.72,534.72,-0.0,125.48,67217.88,-1
2026-03-19,2026-03-19 13:55:00,534.72,534.72,534.7,534.7,-0.0,125.48,67217.88,-1
2026-03-19,2026-03-19 13:56:00,534.7,534.7,534.68,534.68,-0.0,125.48,67217.88,-1
2026-03-19,2026-03-19 13:57:00,534.68,534.68,534.66,534.66,-0.0,125.48,67217.88,-1
2026-03-19,2026-03-19 13:58:00,534.66,534.66,534.64,534.64,-0.0,125.48,67217.88,-1
2026-03-19,2026-03-19 13:59:00,534.64,534.64,534.62,534.62,-0.0,125.48,67217.88,-1
2026-03-19,2026-03-19 14:00:00,534.62,534.62,534.61,534.61,-0.0,125.48,67217.88,-1
2026-03-19,2026-03-19 14:01:00,534.61,534.61,534.59,534.59,-0.0,125.48,67217.88,-1
2026-03-19,2026-03-19 14:02:00,534.59,534.59,534.57,534.57,-0.0,125.48,67217.88,-1
2026-03-19,2026-03-19 14:03:00,534.57,534.57,534.55,534.55,-0.0,125.48,67217.88,-1
2026-03-19,2026-03-19 14:04:00,534.55,534.55,534.53,534.53,-0.0,125.48,67217.88,-1
2026-03-19,2026-03-19 14:05:00,534.53,534.53,534.51,534.51,-0.0,125.48,67217.88,-1
2026-03-19,2026-03-19 14:06:00,534.51,534.51,534.49,534.49,-0.0,125.48,67217.88,-1
2026-03-19,2026-03-19 14:07:00,534.49,534.49,534.48,534.48,-0.0,125.48,67217.88,-1
2026-03-19,2026-03-19 14:08:00,534.48,534.48,534.46,534.46,-0.0,125.48,67217.88,-1
2026-03-19,2026-03-19 14:09:00,534.46,534.46,534.44,534.44,-0.0,125.48,67217.88,-1
2026-03-19,2026-03-19 14:10:00,534.44,534.44,534.42,534.42,-0.0,125.48,67217.88,-1
2026-03-19,2026-03-19 14:11:00,534.42,534.42,534.4,534.4,-0.0,125.48,67217.88,-1
2026-03-19,2026-03-19 14:12:00,534.4,534.4,534.38,534.38,-0.0,125.48,67217.88,-1
2026-03-19,2026-03-19 14:13:00,534.38,534.38,534.36,534.36,-0.0,125.48,67217.88,-1
2026-03-19,2026-03-19 14:14:00,534.36,534.36,534.34,534.34,-0.0,125.48,67217.88,-1
2026-03-19,2026-03-19 14:15:00,534.34,534.34,534.33,534.33,-0.0,125.48,67217.88,-1
2026-03-19,2026-03-19 14:16:00,534.33,534.33,534.31,534.31,-0.0,125.48,67217.88,-1
2026-03-19,2026-03-19 14:17:00,534.31,534.31,534.29,534.29,-0.0,125.48,67217.88,-1
2026-03-19,2026-03-19 14:18:00,534.29,534.29,534.27,534.27,-0.0,125.48,67217.88,-1
2026-03-19,2026-03-19 14:19:00,534.27,534.27,534.25,534.25,-0.0,125.48,67217.88,-1
2026-03-19,2026-03-19 14:20:00,534.25,534.25,534.23,534.23,-0.0,125.48,67217.88,-1
2026-03-19,2026-03-19 14:21:00,534.23,534.23,534.21,534.21,-0.0,125.48,67217.88,-1
2026-03-19,2026-03-19 14:22:00,534.21,534.21,534.19,534.19,-0.0,125.48,67217.88,-1
2026-03-19,2026-03-19 14:23:00,534.19,534.19,534.17,534.17,-0.0,125.48,67217.88,-1
2026-03-19,2026-03-19 14:24:00,534.17,534.17,534.16,534.16,-0.0,125.48,67217.88,-1
2026-03-19,2026-03-19 14:25:00,534.16,534.16,534.14,534.14,-0.0,125.48,67217.88,-1
2026-03-19,2026-03-19 14:26:00,534.14,534.14,534.12,534.12,-0.0,125.48,67217.88,-1
2026-03-19,2026-03-19 14:27:00,534.12,534.12,534.1,534.1,-0.0,125.48,67217.88,-1
2026-03-19,2026-03-19 14:28:00,534.1,534.1,534.08,534.08,-0.0,125.48,67217.88,-1
2026-03-19,2026-03-19 14:29:00,534.08,534.08,534.06,534.06,-0.0,125.48,67217.88,-1
2026-03-19,2026-03-19 14:30:00,534.06,534.06,534.04,534.04,-0.0,125.48,67217.88,-1
2026-03-19,2026-03-19 14:31:00,534.04,534.04,534.02,534.02,-0.0,125.48,67217.88,-1
2026-03-19,2026-03-19 14:32:00,534.02,534.02,534.01,534.01,-0.0,125.48,67217.88,-1
2026-03-19,2026-03-19 14:33:00,534.01,534.01,533.99,533.99,-0.0,125.48,67217.88,-1
2026-03-19,2026-03-19 14:34:00,533.99,533.99,533.97,533.97,-0.0,125.48,67217.88,-1
2026-03-19,2026-03-19 14:35:00,533.97,533.97,533.95,533.95,-0.0,125.48,67217.88,-1
2026-03-19,2026-03-19 14:36:00,533.95,533.95,533.93,533.93,-0.0,125.48,67217.88,-1
2026-03-19,2026-03-19 14:37:00,533.93,533.93,533.91,533.91,-0.0,125.48,67217.88,-1
2026-03-19,2026-03-19 14:38:00,533.91,533.91,533.89,533.89,-0.0,125.48,67217.88,-1
2026-03-19,2026-03-19 14:39:00,533.89,533.89,533.88,533.88,-0.0,125.48,67217.88,-1
2026-03-19,2026-03-19 14:40:00,533.88,533.88,533.86,533.86,-0.0,125.48,67217.88,-1
2026-03-19,2026-03-19 14:41:00,533.86,533.86,533.84,533.84,-0.0,125.48,67217.88,-1
2026-03-19,2026-03-19 14:42:00,533.84,533.84,533.82,533.82,-0.0,125.48,67217.88,-1
2026-03-19,2026-03-19 14:43:00,533.82,533.82,533.8,533.8,-0.0,125.48,67217.88,-1
2026-03-19,2026-03-19 14:44:00,533.8,533.8,533.78,533.78,-0.0,125.48,67217.88,-1
2026-03-19,2026-03-19 14:45:00,533.78,533.78,533.76,533.76,-0.0,125.48,67217.88,-1
2026-03-19,2026-03-19 14:46:00,533.76,533.76,533.74,533.74,-0.0,125.48,67217.88,-1
2026-03-19,2026-03-19 14:47:00,533.74,533.74,533.73,533.73,-0.0,125.48,67217.88,-1
2026-03-19,2026-03-19 14:48:00,533.73,533.73,533.71,533.71,-0.0,125.48,67217.88,-1
2026-03-19,2026-03-19 14:49:00,533.71,533.71,533.69,533.69,-0.0,125.48,67217.88,-1
2026-03-19,2026-03-19 14:50:00,533.69,533.69,533.67,533.67,-0.0,125.48,67217.88,-1
2026-03-19,2026-03-19 14:51:00,533.67,533.67,533.65,533.65,-0.0,125.48,67217.88,-1
2026-03-19,2026-03-19 14:52:00,533.65,533.65,533.63,533.63,-0.0,125.48,67217.88,-1
2026-03-19,2026-03-19 14:53:00,533.63,533.63,533.61,533.61,-0.0,125.48,67217.88,-1
2026-03-19,2026-03-19 14:54:00,533.61,533.61,533.59,533.59,-0.0,125.48,67217.88,-1
2026-03-19,2026-03-19 14:55:00,533.59,533.59,533.58,533.58,-0.0,125.48,67217.88,-1
2026-03-19,2026-03-19 14:56:00,533.58,533.58,533.56,533.56,-0.0,125.48,67217.88,-1
2026-03-19,2026-03-19 14:57:00,533.56,533.56,533.54,533.54,-0.0,125.48,67217.88,-1
2026-03-19,2026-03-19 14:58:00,533.54,533.54,533.52,533.52,-0.0,125.48,67217.88,-1
2026-03-19,2026-03-19 14:59:00,533.52,533.52,533.5,533.5,-0.0,125.48,67217.88,-1
2026-03-19,2026-03-19 15:00:00,533.5,545.7,526.0,533.5,0.0,125.48,67217.88,0
2026-03-22,2026-03-22 11:00:00,533.5,536.65,530.95,533.52,0.0,122.7,65152.5,1
2026-03-22,2026-03-22 11:01:00,533.52,533.53,533.52,533.53,0.0,122.7,65152.5,1
2026-03-22,2026-03-22 11:02:00,533.53,533.55,533.53,533.55,0.0,122.7,65152.5,1
2026-03-22,2026-03-22 11:03:00,533.55,533.57,533.55,533.57,0.0,122.7,65152.5,1
2026-03-22,2026-03-22 11:04:00,533.57,533.58,533.57,533.58,0.0,122.7,65152.5,1
2026-03-22,2026-03-22 11:05:00,533.58,533.6,533.58,533.6,0.0,122.7,65152.5,1
2026-03-22,2026-03-22 11:06:00,533.6,533.61,533.6,533.61,0.0,122.7,65152.5,1
2026-03-22,2026-03-22 11:07:00,533.61,533.63,533.61,533.63,0.0,122.7,65152.5,1
2026-03-22,2026-03-22 11:08:00,533.63,533.65,533.63,533.65,0.0,122.7,65152.5,1
2026-03-22,2026-03-22 11:09:00,533.65,533.66,533.65,533.66,0.0,122.7,65152.5,1
2026-03-22,2026-03-22 11:10:00,533.66,533.68,533.66,533.68,0.0,122.7,65152.5,1
2026-03-22,2026-03-22 11:11:00,533.68,533.7,533.68,533.7,0.0,122.7,65152.5,1
2026-03-22,2026-03-22 11:12:00,533.7,533.71,533.7,533.71,0.0,122.7,65152.5,1
2026-03-22,2026-03-22 11:13:00,533.71,533.73,533.71,533.73,0.0,122.7,65152.5,1
2026-03-22,2026-03-22 11:14:00,533.73,533.74,533.73,533.74,0.0,122.7,65152.5,1
2026-03-22,2026-03-22 11:15:00,533.74,533.76,533.74,533.76,0.0,122.7,65152.5,1
2026-03-22,2026-03-22 11:16:00,533.76,533.78,533.76,533.78,0.0,122.7,65152.5,1
2026-03-22,2026-03-22 11:17:00,533.78,533.79,533.78,533.79,0.0,122.7,65152.5,1
2026-03-22,2026-03-22 11:18:00,533.79,533.81,533.79,533.81,0.0,122.7,65152.5,1
2026-03-22,2026-03-22 11:19:00,533.81,533.83,533.81,533.83,0.0,122.7,65152.5,1
2026-03-22,2026-03-22 11:20:00,533.83,533.84,533.83,533.84,0.0,122.7,65152.5,1
2026-03-22,2026-03-22 11:21:00,533.84,533.86,533.84,533.86,0.0,122.7,65152.5,1
2026-03-22,2026-03-22 11:22:00,533.86,533.87,533.86,533.87,0.0,122.7,65152.5,1
2026-03-22,2026-03-22 11:23:00,533.87,533.89,533.87,533.89,0.0,122.7,65152.5,1
2026-03-22,2026-03-22 11:24:00,533.89,533.91,533.89,533.91,0.0,122.7,65152.5,1
2026-03-22,2026-03-22 11:25:00,533.91,533.92,533.91,533.92,0.0,122.7,65152.5,1
2026-03-22,2026-03-22 11:26:00,533.92,533.94,533.92,533.94,0.0,122.7,65152.5,1
2026-03-22,2026-03-22 11:27:00,533.94,533.96,533.94,533.96,0.0,122.7,65152.5,1
2026-03-22,2026-03-22 11:28:00,533.96,533.97,533.96,533.97,0.0,122.7,65152.5,1
2026-03-22,2026-03-22 11:29:00,533.97,533.99,533.97,533.99,0.0,122.7,65152.5,1
2026-03-22,2026-03-22 11:30:00,533.99,534.0,533.99,534.0,0.0,122.7,65152.5,1
2026-03-22,2026-03-22 11:31:00,534.0,534.02,534.0,534.02,0.0,122.7,65152.5,1
2026-03-22,2026-03-22 11:32:00,534.02,534.04,534.02,534.04,0.0,122.7,65152.5,1
2026-03-22,2026-03-22 11:33:00,534.04,534.05,534.04,534.05,0.0,122.7,65152.5,1
2026-03-22,2026-03-22 11:34:00,534.05,534.07,534.05,534.07,0.0,122.7,65152.5,1
2026-03-22,2026-03-22 11:35:00,534.07,534.09,534.07,534.09,0.0,122.7,65152.5,1
2026-03-22,2026-03-22 11:36:00,534.09,534.1,534.09,534.1,0.0,122.7,65152.5,1
2026-03-22,2026-03-22 11:37:00,534.1,534.12,534.1,534.12,0.0,122.7,65152.5,1
2026-03-22,2026-03-22 11:38:00,534.12,534.13,534.12,534.13,0.0,122.7,65152.5,1
2026-03-22,2026-03-22 11:39:00,534.13,534.15,534.13,534.15,0.0,122.7,65152.5,1
2026-03-22,2026-03-22 11:40:00,534.15,534.17,534.15,534.17,0.0,122.7,65152.5,1
2026-03-22,2026-03-22 11:41:00,534.17,534.18,534.17,534.18,0.0,122.7,65152.5,1
2026-03-22,2026-03-22 11:42:00,534.18,534.2,534.18,534.2,0.0,122.7,65152.5,1
2026-03-22,2026-03-22 11:43:00,534.2,534.22,534.2,534.22,0.0,122.7,65152.5,1
2026-03-22,2026-03-22 11:44:00,534.22,534.23,534.22,534.23,0.0,122.7,65152.5,1
2026-03-22,2026-03-22 11:45:00,534.23,534.25,534.23,534.25,0.0,122.7,65152.5,1
2026-03-22,2026-03-22 11:46:00,534.25,534.26,534.25,534.26,0.0,122.7,65152.5,1
2026-03-22,2026-03-22 11:47:00,534.26,534.28,534.26,534.28,0.0,122.7,65152.5,1
2026-03-22,2026-03-22 11:48:00,534.28,534.3,534.28,534.3,0.0,122.7,65152.5,1
2026-03-22,2026-03-22 11:49:00,534.3,534.31,534.3,534.31,0.0,122.7,65152.5,1
2026-03-22,2026-03-22 11:50:00,534.31,534.33,534.31,534.33,0.0,122.7,65152.5,1
2026-03-22,2026-03-22 11:51:00,534.33,534.35,534.33,534.35,0.0,122.7,65152.5,1
2026-03-22,2026-03-22 11:52:00,534.35,534.36,534.35,534.36,0.0,122.7,65152.5,1
2026-03-22,2026-03-22 11:53:00,534.36,534.38,534.36,534.38,0.0,122.7,65152.5,1
2026-03-22,2026-03-22 11:54:00,534.38,534.39,534.38,534.39,0.0,122.7,65152.5,1
2026-03-22,2026-03-22 11:55:00,534.39,534.41,534.39,534.41,0.0,122.7,65152.5,1
2026-03-22,2026-03-22 11:56:00,534.41,534.43,534.41,534.43,0.0,122.7,65152.5,1
2026-03-22,2026-03-22 11:57:00,534.43,534.44,534.43,534.44,0.0,122.7,65152.5,1
2026-03-22,2026-03-22 11:58:00,534.44,534.46,534.44,534.46,0.0,122.7,65152.5,1
2026-03-22,2026-03-22 11:59:00,534.46,534.48,534.46,534.48,0.0,122.7,65152.5,1
2026-03-22,2026-03-22 12:00:00,534.48,534.49,534.48,534.49,0.0,122.7,65152.5,1
2026-03-22,2026-03-22 12:01:00,534.49,534.51,534.49,534.51,0.0,122.7,65152.5,1
2026-03-22,2026-03-22 12:02:00,534.51,534.52,534.51,534.52,0.0,122.7,65152.5,1
2026-03-22,2026-03-22 12:03:00,534.52,534.54,534.52,534.54,0.0,122.7,65152.5,1
2026-03-22,2026-03-22 12:04:00,534.54,534.56,534.54,534.56,0.0,122.7,65152.5,1
2026-03-22,2026-03-22 12:05:00,534.56,534.57,534.56,534.57,0.0,122.7,65152.5,1
2026-03-22,2026-03-22 12:06:00,534.57,534.59,534.57,534.59,0.0,122.7,65152.5,1
2026-03-22,2026-03-22 12:07:00,534.59,534.61,534.59,534.61,0.0,122.7,65152.5,1
2026-03-22,2026-03-22 12:08:00,534.61,534.62,534.61,534.62,0.0,122.7,65152.5,1
2026-03-22,2026-03-22 12:09:00,534.62,534.64,534.62,534.64,0.0,122.7,65152.5,1
2026-03-22,2026-03-22 12:10:00,534.64,534.65,534.64,534.65,0.0,122.7,65152.5,1
2026-03-22,2026-03-22 12:11:00,534.65,534.67,534.65,534.67,0.0,122.7,65152.5,1
2026-03-22,2026-03-22 12:12:00,534.67,534.69,534.67,534.69,0.0,122.7,65152.5,1
2026-03-22,2026-03-22 12:13:00,534.69,534.7,534.69,534.7,0.0,122.7,65152.5,1
2026-03-22,2026-03-22 12:14:00,534.7,534.72,534.7,534.72,0.0,122.7,65152.5,1
2026-03-22,2026-03-22 12:15:00,534.72,534.74,534.72,534.74,0.0,122.7,65152.5,1
2026-03-22,2026-03-22 12:16:00,534.74,534.75,534.74,534.75,0.0,122.7,65152.5,1
2026-03-22,2026-03-22 12:17:00,534.75,534.77,534.75,534.77,0.0,122.7,65152.5,1
2026-03-22,2026-03-22 12:18:00,534.77,534.78,534.77,534.78,0.0,122.7,65152.5,1
2026-03-22,2026-03-22 12:19:00,534.78,534.8,534.78,534.8,0.0,122.7,65152.5,1
2026-03-22,2026-03-22 12:20:00,534.8,534.82,534.8,534.82,0.0,122.7,65152.5,1
2026-03-22,2026-03-22 12:21:00,534.82,534.83,534.82,534.83,0.0,122.7,65152.5,1
2026-03-22,2026-03-22 12:22:00,534.83,534.85,534.83,534.85,0.0,122.7,65152.5,1
2026-03-22,2026-03-22 12:23:00,534.85,534.87,534.85,534.87,0.0,122.7,65152.5,1
2026-03-22,2026-03-22 12:24:00,534.87,534.88,534.87,534.88,0.0,122.7,65152.5,1
2026-03-22,2026-03-22 12:25:00,534.88,534.9,534.88,534.9,0.0,122.7,65152.5,1
2026-03-22,2026-03-22 12:26:00,534.9,534.91,534.9,534.91,0.0,122.7,65152.5,1
2026-03-22,2026-03-22 12:27:00,534.91,534.93,534.91,534.93,0.0,122.7,65152.5,1
2026-03-22,2026-03-22 12:28:00,534.93,534.95,534.93,534.95,0.0,122.7,65152.5,1
2026-03-22,2026-03-22 12:29:00,534.95,534.96,534.95,534.96,0.0,122.7,65152.5,1
2026-03-22,2026-03-22 12:30:00,534.96,534.98,534.96,534.98,0.0,122.7,65152.5,1
2026-03-22,2026-03-22 12:31:00,534.98,535.0,534.98,535.0,0.0,122.7,65152.5,1
2026-03-22,2026-03-22 12:32:00,535.0,535.01,535.0,535.01,0.0,122.7,65152.5,1
2026-03-22,2026-03-22 12:33:00,535.01,535.03,535.01,535.03,0.0,122.7,65152.5,1
2026-03-22,2026-03-22 12:34:00,535.03,535.04,535.03,535.04,0.0,122.7,65152.5,1
2026-03-22,2026-03-22 12:35:00,535.04,535.06,535.04,535.06,0.0,122.7,65152.5,1
2026-03-22,2026-03-22 12:36:00,535.06,535.08,535.06,535.08,0.0,122.7,65152.5,1
2026-03-22,2026-03-22 12:37:00,535.08,535.09,535.08,535.09,0.0,122.7,65152.5,1
2026-03-22,2026-03-22 12:38:00,535.09,535.11,535.09,535.11,0.0,122.7,65152.5,1
2026-03-22,2026-03-22 12:39:00,535.11,535.12,535.11,535.12,0.0,122.7,65152.5,1
2026-03-22,2026-03-22 12:40:00,535.12,535.14,535.12,535.14,0.0,122.7,65152.5,1
2026-03-22,2026-03-22 12:41:00,535.14,535.16,535.14,535.16,0.0,122.7,65152.5,1
2026-03-22,2026-03-22 12:42:00,535.16,535.17,535.16,535.17,0.0,122.7,65152.5,1
2026-03-22,2026-03-22 12:43:00,535.17,535.19,535.17,535.19,0.0,122.7,65152.5,1
2026-03-22,2026-03-22 12:44:00,535.19,535.21,535.19,535.21,0.0,122.7,65152.5,1
2026-03-22,2026-03-22 12:45:00,535.21,535.22,535.21,535.22,0.0,122.7,65152.5,1
2026-03-22,2026-03-22 12:46:00,535.22,535.24,535.22,535.24,0.0,122.7,65152.5,1
2026-03-22,2026-03-22 12:47:00,535.24,535.25,535.24,535.25,0.0,122.7,65152.5,1
2026-03-22,2026-03-22 12:48:00,535.25,535.27,535.25,535.27,0.0,122.7,65152.5,1
2026-03-22,2026-03-22 12:49:00,535.27,535.29,535.27,535.29,0.0,122.7,65152.5,1
2026-03-22,2026-03-22 12:50:00,535.29,535.3,535.29,535.3,0.0,122.7,65152.5,1
2026-03-22,2026-03-22 12:51:00,535.3,535.32,535.3,535.32,0.0,122.7,65152.5,1
2026-03-22,2026-03-22 12:52:00,535.32,535.34,535.32,535.34,0.0,122.7,65152.5,1
2026-03-22,2026-03-22 12:53:00,535.34,535.35,535.34,535.35,0.0,122.7,65152.5,1
2026-03-22,2026-03-22 12:54:00,535.35,535.37,535.35,535.37,0.0,122.7,65152.5,1
2026-03-22,2026-03-22 12:55:00,535.37,535.38,535.37,535.38,0.0,122.7,65152.5,1
2026-03-22,2026-03-22 12:56:00,535.38,535.4,535.38,535.4,0.0,122.7,65152.5,1
2026-03-22,2026-03-22 12:57:00,535.4,535.42,535.4,535.42,0.0,122.7,65152.5,1
2026-03-22,2026-03-22 12:58:00,535.42,535.43,535.42,535.43,0.0,122.7,65152.5,1
2026-03-22,2026-03-22 12:59:00,535.43,535.45,535.43,535.45,0.0,122.7,65152.5,1
2026-03-22,2026-03-22 13:00:00,535.45,544.0,525.0,535.47,0.0,122.7,65152.5,1
2026-03-22,2026-03-22 13:01:00,535.47,535.48,535.47,535.48,0.0,122.7,65152.5,1
2026-03-22,2026-03-22 13:02:00,535.48,535.5,535.48,535.5,0.0,122.7,65152.5,1
2026-03-22,2026-03-22 13:03:00,535.5,535.51,535.5,535.51,0.0,122.7,65152.5,1
2026-03-22,2026-03-22 13:04:00,535.51,535.53,535.51,535.53,0.0,122.7,65152.5,1
2026-03-22,2026-03-22 13:05:00,535.53,535.55,535.53,535.55,0.0,122.7,65152.5,1
2026-03-22,2026-03-22 13:06:00,535.55,535.56,535.55,535.56,0.0,122.7,65152.5,1
2026-03-22,2026-03-22 13:07:00,535.56,535.58,535.56,535.58,0.0,122.7,65152.5,1
2026-03-22,2026-03-22 13:08:00,535.58,535.6,535.58,535.6,0.0,122.7,65152.5,1
2026-03-22,2026-03-22 13:09:00,535.6,535.61,535.6,535.61,0.0,122.7,65152.5,1
2026-03-22,2026-03-22 13:10:00,535.61,535.63,535.61,535.63,0.0,122.7,65152.5,1
2026-03-22,2026-03-22 13:11:00,535.63,535.64,535.63,535.64,0.0,122.7,65152.5,1
2026-03-22,2026-03-22 13:12:00,535.64,535.66,535.64,535.66,0.0,122.7,65152.5,1
2026-03-22,2026-03-22 13:13:00,535.66,535.68,535.66,535.68,0.0,122.7,65152.5,1
2026-03-22,2026-03-22 13:14:00,535.68,535.69,535.68,535.69,0.0,122.7,65152.5,1
2026-03-22,2026-03-22 13:15:00,535.69,535.71,535.69,535.71,0.0,122.7,65152.5,1
2026-03-22,2026-03-22 13:16:00,535.71,535.73,535.71,535.73,0.0,122.7,65152.5,1
2026-03-22,2026-03-22 13:17:00,535.73,535.74,535.73,535.74,0.0,122.7,65152.5,1
2026-03-22,2026-03-22 13:18:00,535.74,535.76,535.74,535.76,0.0,122.7,65152.5,1
2026-03-22,2026-03-22 13:19:00,535.76,535.77,535.76,535.77,0.0,122.7,65152.5,1
2026-03-22,2026-03-22 13:20:00,535.77,535.79,535.77,535.79,0.0,122.7,65152.5,1
2026-03-22,2026-03-22 13:21:00,535.79,535.81,535.79,535.81,0.0,122.7,65152.5,1
2026-03-22,2026-03-22 13:22:00,535.81,535.82,535.81,535.82,0.0,122.7,65152.5,1
2026-03-22,2026-03-22 13:23:00,535.82,535.84,535.82,535.84,0.0,122.7,65152.5,1
2026-03-22,2026-03-22 13:24:00,535.84,535.86,535.84,535.86,0.0,122.7,65152.5,1
2026-03-22,2026-03-22 13:25:00,535.86,535.87,535.86,535.87,0.0,122.7,65152.5,1
2026-03-22,2026-03-22 13:26:00,535.87,535.89,535.87,535.89,0.0,122.7,65152.5,1
2026-03-22,2026-03-22 13:27:00,535.89,535.9,535.89,535.9,0.0,122.7,65152.5,1
2026-03-22,2026-03-22 13:28:00,535.9,535.92,535.9,535.92,0.0,122.7,65152.5,1
2026-03-22,2026-03-22 13:29:00,535.92,535.94,535.92,535.94,0.0,122.7,65152.5,1
2026-03-22,2026-03-22 13:30:00,535.94,535.95,535.94,535.95,0.0,122.7,65152.5,1
2026-03-22,2026-03-22 13:31:00,535.95,535.97,535.95,535.97,0.0,122.7,65152.5,1
2026-03-22,2026-03-22 13:32:00,535.97,535.99,535.97,535.99,0.0,122.7,65152.5,1
2026-03-22,2026-03-22 13:33:00,535.99,536.0,535.99,536.0,0.0,122.7,65152.5,1
2026-03-22,2026-03-22 13:34:00,536.0,536.02,536.0,536.02,0.0,122.7,65152.5,1
2026-03-22,2026-03-22 13:35:00,536.02,536.03,536.02,536.03,0.0,122.7,65152.5,1
2026-03-22,2026-03-22 13:36:00,536.03,536.05,536.03,536.05,0.0,122.7,65152.5,1
2026-03-22,2026-03-22 13:37:00,536.05,536.07,536.05,536.07,0.0,122.7,65152.5,1
2026-03-22,2026-03-22 13:38:00,536.07,536.08,536.07,536.08,0.0,122.7,65152.5,1
2026-03-22,2026-03-22 13:39:00,536.08,536.1,536.08,536.1,0.0,122.7,65152.5,1
2026-03-22,2026-03-22 13:40:00,536.1,536.12,536.1,536.12,0.0,122.7,65152.5,1
2026-03-22,2026-03-22 13:41:00,536.12,536.13,536.12,536.13,0.0,122.7,65152.5,1
2026-03-22,2026-03-22 13:42:00,536.13,536.15,536.13,536.15,0.0,122.7,65152.5,1
2026-03-22,2026-03-22 13:43:00,536.15,536.16,536.15,536.16,0.0,122.7,65152.5,1
2026-03-22,2026-03-22 13:44:00,536.16,536.18,536.16,536.18,0.0,122.7,65152.5,1
2026-03-22,2026-03-22 13:45:00,536.18,536.2,536.18,536.2,0.0,122.7,65152.5,1
2026-03-22,2026-03-22 13:46:00,536.2,536.21,536.2,536.21,0.0,122.7,65152.5,1
2026-03-22,2026-03-22 13:47:00,536.21,536.23,536.21,536.23,0.0,122.7,65152.5,1
2026-03-22,2026-03-22 13:48:00,536.23,536.25,536.23,536.25,0.0,122.7,65152.5,1
2026-03-22,2026-03-22 13:49:00,536.25,536.26,536.25,536.26,0.0,122.7,65152.5,1
2026-03-22,2026-03-22 13:50:00,536.26,536.28,536.26,536.28,0.0,122.7,65152.5,1
2026-03-22,2026-03-22 13:51:00,536.28,536.29,536.28,536.29,0.0,122.7,65152.5,1
2026-03-22,2026-03-22 13:52:00,536.29,536.31,536.29,536.31,0.0,122.7,65152.5,1
2026-03-22,2026-03-22 13:53:00,536.31,536.33,536.31,536.33,0.0,122.7,65152.5,1
2026-03-22,2026-03-22 13:54:00,536.33,536.34,536.33,536.34,0.0,122.7,65152.5,1
2026-03-22,2026-03-22 13:55:00,536.34,536.36,536.34,536.36,0.0,122.7,65152.5,1
2026-03-22,2026-03-22 13:56:00,536.36,536.38,536.36,536.38,0.0,122.7,65152.5,1
2026-03-22,2026-03-22 13:57:00,536.38,536.39,536.38,536.39,0.0,122.7,65152.5,1
2026-03-22,2026-03-22 13:58:00,536.39,536.41,536.39,536.41,0.0,122.7,65152.5,1
2026-03-22,2026-03-22 13:59:00,536.41,536.42,536.41,536.42,0.0,122.7,65152.5,1
2026-03-22,2026-03-22 14:00:00,536.42,536.44,536.42,536.44,0.0,122.7,65152.5,1
2026-03-22,2026-03-22 14:01:00,536.44,536.46,536.44,536.46,0.0,122.7,65152.5,1
2026-03-22,2026-03-22 14:02:00,536.46,536.47,536.46,536.47,0.0,122.7,65152.5,1
2026-03-22,2026-03-22 14:03:00,536.47,536.49,536.47,536.49,0.0,122.7,65152.5,1
2026-03-22,2026-03-22 14:04:00,536.49,536.51,536.49,536.51,0.0,122.7,65152.5,1
2026-03-22,2026-03-22 14:05:00,536.51,536.52,536.51,536.52,0.0,122.7,65152.5,1
2026-03-22,2026-03-22 14:06:00,536.52,536.54,536.52,536.54,0.0,122.7,65152.5,1
2026-03-22,2026-03-22 14:07:00,536.54,536.55,536.54,536.55,0.0,122.7,65152.5,1
2026-03-22,2026-03-22 14:08:00,536.55,536.57,536.55,536.57,0.0,122.7,65152.5,1
2026-03-22,2026-03-22 14:09:00,536.57,536.59,536.57,536.59,0.0,122.7,65152.5,1
2026-03-22,2026-03-22 14:10:00,536.59,536.6,536.59,536.6,0.0,122.7,65152.5,1
2026-03-22,2026-03-22 14:11:00,536.6,536.62,536.6,536.62,0.0,122.7,65152.5,1
2026-03-22,2026-03-22 14:12:00,536.62,536.64,536.62,536.64,0.0,122.7,65152.5,1
2026-03-22,2026-03-22 14:13:00,536.64,536.65,536.64,536.65,0.0,122.7,65152.5,1
2026-03-22,2026-03-22 14:14:00,536.65,536.67,536.65,536.67,0.0,122.7,65152.5,1
2026-03-22,2026-03-22 14:15:00,536.67,536.68,536.67,536.68,0.0,122.7,65152.5,1
2026-03-22,2026-03-22 14:16:00,536.68,536.7,536.68,536.7,0.0,122.7,65152.5,1
2026-03-22,2026-03-22 14:17:00,536.7,536.72,536.7,536.72,0.0,122.7,65152.5,1
2026-03-22,2026-03-22 14:18:00,536.72,536.73,536.72,536.73,0.0,122.7,65152.5,1
2026-03-22,2026-03-22 14:19:00,536.73,536.75,536.73,536.75,0.0,122.7,65152.5,1
2026-03-22,2026-03-22 14:20:00,536.75,536.77,536.75,536.77,0.0,122.7,65152.5,1
2026-03-22,2026-03-22 14:21:00,536.77,536.78,536.77,536.78,0.0,122.7,65152.5,1
2026-03-22,2026-03-22 14:22:00,536.78,536.8,536.78,536.8,0.0,122.7,65152.5,1
2026-03-22,2026-03-22 14:23:00,536.8,536.81,536.8,536.81,0.0,122.7,65152.5,1
2026-03-22,2026-03-22 14:24:00,536.81,536.83,536.81,536.83,0.0,122.7,65152.5,1
2026-03-22,2026-03-22 14:25:00,536.83,536.85,536.83,536.85,0.0,122.7,65152.5,1
2026-03-22,2026-03-22 14:26:00,536.85,536.86,536.85,536.86,0.0,122.7,65152.5,1
2026-03-22,2026-03-22 14:27:00,536.86,536.88,536.86,536.88,0.0,122.7,65152.5,1
2026-03-22,2026-03-22 14:28:00,536.88,536.9,536.88,536.9,0.0,122.7,65152.5,1
2026-03-22,2026-03-22 14:29:00,536.9,536.91,536.9,536.91,0.0,122.7,65152.5,1
2026-03-22,2026-03-22 14:30:00,536.91,536.93,536.91,536.93,0.0,122.7,65152.5,1
2026-03-22,2026-03-22 14:31:00,536.93,536.94,536.93,536.94,0.0,122.7,65152.5,1
2026-03-22,2026-03-22 14:32:00,536.94,536.96,536.94,536.96,0.0,122.7,65152.5,1
2026-03-22,2026-03-22 14:33:00,536.96,536.98,536.96,536.98,0.0,122.7,65152.5,1
2026-03-22,2026-03-22 14:34:00,536.98,536.99,536.98,536.99,0.0,122.7,65152.5,1
2026-03-22,2026-03-22 14:35:00,536.99,537.01,536.99,537.01,0.0,122.7,65152.5,1
2026-03-22,2026-03-22 14:36:00,537.01,537.03,537.01,537.03,0.0,122.7,65152.5,1
2026-03-22,2026-03-22 14:37:00,537.03,537.04,537.03,537.04,0.0,122.7,65152.5,1
2026-03-22,2026-03-22 14:38:00,537.04,537.06,537.04,537.06,0.0,122.7,65152.5,1
2026-03-22,2026-03-22 14:39:00,537.06,537.07,537.06,537.07,0.0,122.7,65152.5,1
2026-03-22,2026-03-22 14:40:00,537.07,537.09,537.07,537.09,0.0,122.7,65152.5,1
2026-03-22,2026-03-22 14:41:00,537.09,537.11,537.09,537.11,0.0,122.7,65152.5,1
2026-03-22,2026-03-22 14:42:00,537.11,537.12,537.11,537.12,0.0,122.7,65152.5,1
2026-03-22,2026-03-22 14:43:00,537.12,537.14,537.12,537.14,0.0,122.7,65152.5,1
2026-03-22,2026-03-22 14:44:00,537.14,537.16,537.14,537.16,0.0,122.7,65152.5,1
2026-03-22,2026-03-22 14:45:00,537.16,537.17,537.16,537.17,0.0,122.7,65152.5,1
2026-03-22,2026-03-22 14:46:00,537.17,537.19,537.17,537.19,0.0,122.7,65152.5,1
2026-03-22,2026-03-22 14:47:00,537.19,537.2,537.19,537.2,0.0,122.7,65152.5,1
2026-03-22,2026-03-22 14:48:00,537.2,537.22,537.2,537.22,0.0,122.7,65152.5,1
2026-03-22,2026-03-22 14:49:00,537.22,537.24,537.22,537.24,0.0,122.7,65152.5,1
2026-03-22,2026-03-22 14:50:00,537.24,537.25,537.24,537.25,0.0,122.7,65152.5,1
2026-03-22,2026-03-22 14:51:00,537.25,537.27,537.25,537.27,0.0,122.7,65152.5,1
2026-03-22,2026-03-22 14:52:00,537.27,537.29,537.27,537.29,0.0,122.7,65152.5,1
2026-03-22,2026-03-22 14:53:00,537.29,537.3,537.29,537.3,0.0,122.7,65152.5,1
2026-03-22,2026-03-22 14:54:00,537.3,537.32,537.3,537.32,0.0,122.7,65152.5,1
2026-03-22,2026-03-22 14:55:00,537.32,537.33,537.32,537.33,0.0,122.7,65152.5,1
2026-03-22,2026-03-22 14:56:00,537.33,537.35,537.33,537.35,0.0,122.7,65152.5,1
2026-03-22,2026-03-22 14:57:00,537.35,537.37,537.35,537.37,0.0,122.7,65152.5,1
2026-03-22,2026-03-22 14:58:00,537.37,537.38,537.37,537.38,0.0,122.7,65152.5,1
2026-03-22,2026-03-22 14:59:00,537.38,537.4,537.38,537.4,0.0,122.7,65152.5,1
2026-03-22,2026-03-22 15:00:00,537.4,544.0,525.0,537.4,0.0,122.7,65152.5,0
2026-03-23,2026-03-23 11:00:00,543.0,543.0,538.8,542.96,-0.01,29.52,15683.25,-1
2026-03-23,2026-03-23 11:01:00,542.96,542.96,542.92,542.92,-0.01,29.52,15683.25,-1
2026-03-23,2026-03-23 11:02:00,542.92,542.92,542.89,542.89,-0.01,29.52,15683.25,-1
2026-03-23,2026-03-23 11:03:00,542.89,542.89,542.85,542.85,-0.01,29.52,15683.25,-1
2026-03-23,2026-03-23 11:04:00,542.85,542.85,542.81,542.81,-0.01,29.52,15683.25,-1
2026-03-23,2026-03-23 11:05:00,542.81,542.81,542.77,542.77,-0.01,29.52,15683.25,-1
2026-03-23,2026-03-23 11:06:00,542.77,542.77,542.74,542.74,-0.01,29.52,15683.25,-1
2026-03-23,2026-03-23 11:07:00,542.74,542.74,542.7,542.7,-0.01,29.52,15683.25,-1
2026-03-23,2026-03-23 11:08:00,542.7,542.7,542.66,542.66,-0.01,29.52,15683.25,-1
2026-03-23,2026-03-23 11:09:00,542.66,542.66,542.62,542.62,-0.01,29.52,15683.25,-1
2026-03-23,2026-03-23 11:10:00,542.62,542.62,542.59,542.59,-0.01,29.52,15683.25,-1
2026-03-23,2026-03-23 11:11:00,542.59,542.59,542.55,542.55,-0.01,29.52,15683.25,-1
2026-03-23,2026-03-23 11:12:00,542.55,542.55,542.51,542.51,-0.01,29.52,15683.25,-1
2026-03-23,2026-03-23 11:13:00,542.51,542.51,542.48,542.48,-0.01,29.52,15683.25,-1
2026-03-23,2026-03-23 11:14:00,542.48,542.48,542.44,542.44,-0.01,29.52,15683.25,-1
2026-03-23,2026-03-23 11:15:00,542.44,542.44,542.4,542.4,-0.01,29.52,15683.25,-1
2026-03-23,2026-03-23 11:16:00,542.4,542.4,542.36,542.36,-0.01,29.52,15683.25,-1
2026-03-23,2026-03-23 11:17:00,542.36,542.36,542.33,542.33,-0.01,29.52,15683.25,-1
2026-03-23,2026-03-23 11:18:00,542.33,542.33,542.29,542.29,-0.01,29.52,15683.25,-1
2026-03-23,2026-03-23 11:19:00,542.29,542.29,542.25,542.25,-0.01,29.52,15683.25,-1
2026-03-23,2026-03-23 11:20:00,542.25,542.25,542.21,542.21,-0.01,29.52,15683.25,-1
2026-03-23,2026-03-23 11:21:00,542.21,542.21,542.17,542.17,-0.01,29.52,15683.25,-1
2026-03-23,2026-03-23 11:22:00,542.17,542.17,542.14,542.14,-0.01,29.52,15683.25,-1
2026-03-23,2026-03-23 11:23:00,542.14,542.14,542.1,542.1,-0.01,29.52,15683.25,-1
2026-03-23,2026-03-23 11:24:00,542.1,542.1,542.06,542.06,-0.01,29.52,15683.25,-1
2026-03-23,2026-03-23 11:25:00,542.06,542.06,542.02,542.02,-0.01,29.52,15683.25,-1
2026-03-23,2026-03-23 11:26:00,542.02,542.02,541.99,541.99,-0.01,29.52,15683.25,-1
2026-03-23,2026-03-23 11:27:00,541.99,541.99,541.95,541.95,-0.01,29.52,15683.25,-1
2026-03-23,2026-03-23 11:28:00,541.95,541.95,541.91,541.91,-0.01,29.52,15683.25,-1
2026-03-23,2026-03-23 11:29:00,541.91,541.91,541.88,541.88,-0.01,29.52,15683.25,-1
2026-03-23,2026-03-23 11:30:00,541.88,541.88,541.84,541.84,-0.01,29.52,15683.25,-1
2026-03-23,2026-03-23 11:31:00,541.84,541.84,541.8,541.8,-0.01,29.52,15683.25,-1
2026-03-23,2026-03-23 11:32:00,541.8,541.8,541.76,541.76,-0.01,29.52,15683.25,-1
2026-03-23,2026-03-23 11:33:00,541.76,541.76,541.73,541.73,-0.01,29.52,15683.25,-1
2026-03-23,2026-03-23 11:34:00,541.73,541.73,541.69,541.69,-0.01,29.52,15683.25,-1
2026-03-23,2026-03-23 11:35:00,541.69,541.69,541.65,541.65,-0.01,29.52,15683.25,-1
2026-03-23,2026-03-23 11:36:00,541.65,541.65,541.61,541.61,-0.01,29.52,15683.25,-1
2026-03-23,2026-03-23 11:37:00,541.61,541.61,541.58,541.58,-0.01,29.52,15683.25,-1
2026-03-23,2026-03-23 11:38:00,541.58,541.58,541.54,541.54,-0.01,29.52,15683.25,-1
2026-03-23,2026-03-23 11:39:00,541.54,541.54,541.5,541.5,-0.01,29.52,15683.25,-1
2026-03-23,2026-03-23 11:40:00,541.5,541.5,541.46,541.46,-0.01,29.52,15683.25,-1
2026-03-23,2026-03-23 11:41:00,541.46,541.46,541.42,541.42,-0.01,29.52,15683.25,-1
2026-03-23,2026-03-23 11:42:00,541.42,541.42,541.39,541.39,-0.01,29.52,15683.25,-1
2026-03-23,2026-03-23 11:43:00,541.39,541.39,541.35,541.35,-0.01,29.52,15683.25,-1
2026-03-23,2026-03-23 11:44:00,541.35,541.35,541.31,541.31,-0.01,29.52,15683.25,-1
2026-03-23,2026-03-23 11:45:00,541.31,541.31,541.27,541.27,-0.01,29.52,15683.25,-1
2026-03-23,2026-03-23 11:46:00,541.27,541.27,541.24,541.24,-0.01,29.52,15683.25,-1
2026-03-23,2026-03-23 11:47:00,541.24,541.24,541.2,541.2,-0.01,29.52,15683.25,-1
2026-03-23,2026-03-23 11:48:00,541.2,541.2,541.16,541.16,-0.01,29.52,15683.25,-1
2026-03-23,2026-03-23 11:49:00,541.16,541.16,541.12,541.12,-0.01,29.52,15683.25,-1
2026-03-23,2026-03-23 11:50:00,541.12,541.12,541.09,541.09,-0.01,29.52,15683.25,-1
2026-03-23,2026-03-23 11:51:00,541.09,541.09,541.05,541.05,-0.01,29.52,15683.25,-1
2026-03-23,2026-03-23 11:52:00,541.05,541.05,541.01,541.01,-0.01,29.52,15683.25,-1
2026-03-23,2026-03-23 11:53:00,541.01,541.01,540.98,540.98,-0.01,29.52,15683.25,-1
2026-03-23,2026-03-23 11:54:00,540.98,540.98,540.94,540.94,-0.01,29.52,15683.25,-1
2026-03-23,2026-03-23 11:55:00,540.94,540.94,540.9,540.9,-0.01,29.52,15683.25,-1
2026-03-23,2026-03-23 11:56:00,540.9,540.9,540.86,540.86,-0.01,29.52,15683.25,-1
2026-03-23,2026-03-23 11:57:00,540.86,540.86,540.83,540.83,-0.01,29.52,15683.25,-1
2026-03-23,2026-03-23 11:58:00,540.83,540.83,540.79,540.79,-0.01,29.52,15683.25,-1
2026-03-23,2026-03-23 11:59:00,540.79,540.79,540.75,540.75,-0.01,29.52,15683.25,-1
2026-03-23,2026-03-23 12:00:00,540.75,540.75,540.71,540.71,-0.01,29.52,15683.25,-1
2026-03-23,2026-03-23 12:01:00,540.71,540.71,540.67,540.67,-0.01,29.52,15683.25,-1
2026-03-23,2026-03-23 12:02:00,540.67,540.67,540.64,540.64,-0.01,29.52,15683.25,-1
2026-03-23,2026-03-23 12:03:00,540.64,540.64,540.6,540.6,-0.01,29.52,15683.25,-1
2026-03-23,2026-03-23 12:04:00,540.6,540.6,540.56,540.56,-0.01,29.52,15683.25,-1
2026-03-23,2026-03-23 12:05:00,540.56,540.56,540.52,540.52,-0.01,29.52,15683.25,-1
2026-03-23,2026-03-23 12:06:00,540.52,540.52,540.49,540.49,-0.01,29.52,15683.25,-1
2026-03-23,2026-03-23 12:07:00,540.49,540.49,540.45,540.45,-0.01,29.52,15683.25,-1
2026-03-23,2026-03-23 12:08:00,540.45,540.45,540.41,540.41,-0.01,29.52,15683.25,-1
2026-03-23,2026-03-23 12:09:00,540.41,540.41,540.38,540.38,-0.01,29.52,15683.25,-1
2026-03-23,2026-03-23 12:10:00,540.38,540.38,540.34,540.34,-0.01,29.52,15683.25,-1
2026-03-23,2026-03-23 12:11:00,540.34,540.34,540.3,540.3,-0.01,29.52,15683.25,-1
2026-03-23,2026-03-23 12:12:00,540.3,540.3,540.26,540.26,-0.01,29.52,15683.25,-1
2026-03-23,2026-03-23 12:13:00,540.26,540.26,540.23,540.23,-0.01,29.52,15683.25,-1
2026-03-23,2026-03-23 12:14:00,540.23,540.23,540.19,540.19,-0.01,29.52,15683.25,-1
2026-03-23,2026-03-23 12:15:00,540.19,540.19,540.15,540.15,-0.01,29.52,15683.25,-1
2026-03-23,2026-03-23 12:16:00,540.15,540.15,540.11,540.11,-0.01,29.52,15683.25,-1
2026-03-23,2026-03-23 12:17:00,540.11,540.11,540.08,540.08,-0.01,29.52,15683.25,-1
2026-03-23,2026-03-23 12:18:00,540.08,540.08,540.04,540.04,-0.01,29.52,15683.25,-1
2026-03-23,2026-03-23 12:19:00,540.04,540.04,540.0,540.0,-0.01,29.52,15683.25,-1
2026-03-23,2026-03-23 12:20:00,540.0,540.0,539.96,539.96,-0.01,29.52,15683.25,-1
2026-03-23,2026-03-23 12:21:00,539.96,539.96,539.92,539.92,-0.01,29.52,15683.25,-1
2026-03-23,2026-03-23 12:22:00,539.92,539.92,539.89,539.89,-0.01,29.52,15683.25,-1
2026-03-23,2026-03-23 12:23:00,539.89,539.89,539.85,539.85,-0.01,29.52,15683.25,-1
2026-03-23,2026-03-23 12:24:00,539.85,539.85,539.81,539.81,-0.01,29.52,15683.25,-1
2026-03-23,2026-03-23 12:25:00,539.81,539.81,539.77,539.77,-0.01,29.52,15683.25,-1
2026-03-23,2026-03-23 12:26:00,539.77,539.77,539.74,539.74,-0.01,29.52,15683.25,-1
2026-03-23,2026-03-23 12:27:00,539.74,539.74,539.7,539.7,-0.01,29.52,15683.25,-1
2026-03-23,2026-03-23 12:28:00,539.7,539.7,539.66,539.66,-0.01,29.52,15683.25,-1
2026-03-23,2026-03-23 12:29:00,539.66,539.66,539.62,539.62,-0.01,29.52,15683.25,-1
2026-03-23,2026-03-23 12:30:00,539.62,539.62,539.59,539.59,-0.01,29.52,15683.25,-1
2026-03-23,2026-03-23 12:31:00,539.59,539.59,539.55,539.55,-0.01,29.52,15683.25,-1
2026-03-23,2026-03-23 12:32:00,539.55,539.55,539.51,539.51,-0.01,29.52,15683.25,-1
2026-03-23,2026-03-23 12:33:00,539.51,539.51,539.48,539.48,-0.01,29.52,15683.25,-1
2026-03-23,2026-03-23 12:34:00,539.48,539.48,539.44,539.44,-0.01,29.52,15683.25,-1
2026-03-23,2026-03-23 12:35:00,539.44,539.44,539.4,539.4,-0.01,29.52,15683.25,-1
2026-03-23,2026-03-23 12:36:00,539.4,539.4,539.36,539.36,-0.01,29.52,15683.25,-1
2026-03-23,2026-03-23 12:37:00,539.36,539.36,539.33,539.33,-0.01,29.52,15683.25,-1
2026-03-23,2026-03-23 12:38:00,539.33,539.33,539.29,539.29,-0.01,29.52,15683.25,-1
2026-03-23,2026-03-23 12:39:00,539.29,539.29,539.25,539.25,-0.01,29.52,15683.25,-1
2026-03-23,2026-03-23 12:40:00,539.25,539.25,539.21,539.21,-0.01,29.52,15683.25,-1
2026-03-23,2026-03-23 12:41:00,539.21,539.21,539.17,539.17,-0.01,29.52,15683.25,-1
2026-03-23,2026-03-23 12:42:00,539.17,539.17,539.14,539.14,-0.01,29.52,15683.25,-1
2026-03-23,2026-03-23 12:43:00,539.14,539.14,539.1,539.1,-0.01,29.52,15683.25,-1
2026-03-23,2026-03-23 12:44:00,539.1,539.1,539.06,539.06,-0.01,29.52,15683.25,-1
2026-03-23,2026-03-23 12:45:00,539.06,539.06,539.02,539.02,-0.01,29.52,15683.25,-1
2026-03-23,2026-03-23 12:46:00,539.02,539.02,538.99,538.99,-0.01,29.52,15683.25,-1
2026-03-23,2026-03-23 12:47:00,538.99,538.99,538.95,538.95,-0.01,29.52,15683.25,-1
2026-03-23,2026-03-23 12:48:00,538.95,538.95,538.91,538.91,-0.01,29.52,15683.25,-1
2026-03-23,2026-03-23 12:49:00,538.91,538.91,538.88,538.88,-0.01,29.52,15683.25,-1
2026-03-23,2026-03-23 12:50:00,538.88,538.88,538.84,538.84,-0.01,29.52,15683.25,-1
2026-03-23,2026-03-23 12:51:00,538.84,538.84,538.8,538.8,-0.01,29.52,15683.25,-1
2026-03-23,2026-03-23 12:52:00,538.8,538.8,538.76,538.76,-0.01,29.52,15683.25,-1
2026-03-23,2026-03-23 12:53:00,538.76,538.76,538.73,538.73,-0.01,29.52,15683.25,-1
2026-03-23,2026-03-23 12:54:00,538.73,538.73,538.69,538.69,-0.01,29.52,15683.25,-1
2026-03-23,2026-03-23 12:55:00,538.69,538.69,538.65,538.65,-0.01,29.52,15683.25,-1
2026-03-23,2026-03-23 12:56:00,538.65,538.65,538.61,538.61,-0.01,29.52,15683.25,-1
2026-03-23,2026-03-23 12:57:00,538.61,538.61,538.58,538.58,-0.01,29.52,15683.25,-1
2026-03-23,2026-03-23 12:58:00,538.58,538.58,538.54,538.54,-0.01,29.52,15683.25,-1
2026-03-23,2026-03-23 12:59:00,538.54,538.54,538.5,538.5,-0.01,29.52,15683.25,-1
2026-03-23,2026-03-23 13:00:00,538.5,543.0,529.0,538.46,-0.01,29.52,15683.25,-1
2026-03-23,2026-03-23 13:01:00,538.46,538.46,538.42,538.42,-0.01,29.52,15683.25,-1
2026-03-23,2026-03-23 13:02:00,538.42,538.42,538.39,538.39,-0.01,29.52,15683.25,-1
2026-03-23,2026-03-23 13:03:00,538.39,538.39,538.35,538.35,-0.01,29.52,15683.25,-1
2026-03-23,2026-03-23 13:04:00,538.35,538.35,538.31,538.31,-0.01,29.52,15683.25,-1
2026-03-23,2026-03-23 13:05:00,538.31,538.31,538.27,538.27,-0.01,29.52,15683.25,-1
2026-03-23,2026-03-23 13:06:00,538.27,538.27,538.24,538.24,-0.01,29.52,15683.25,-1
2026-03-23,2026-03-23 13:07:00,538.24,538.24,538.2,538.2,-0.01,29.52,15683.25,-1
2026-03-23,2026-03-23 13:08:00,538.2,538.2,538.16,538.16,-0.01,29.52,15683.25,-1
2026-03-23,2026-03-23 13:09:00,538.16,538.16,538.12,538.12,-0.01,29.52,15683.25,-1
2026-03-23,2026-03-23 13:10:00,538.12,538.12,538.09,538.09,-0.01,29.52,15683.25,-1
2026-03-23,2026-03-23 13:11:00,538.09,538.09,538.05,538.05,-0.01,29.52,15683.25,-1
2026-03-23,2026-03-23 13:12:00,538.05,538.05,538.01,538.01,-0.01,29.52,15683.25,-1
2026-03-23,2026-03-23 13:13:00,538.01,538.01,537.98,537.98,-0.01,29.52,15683.25,-1
2026-03-23,2026-03-23 13:14:00,537.98,537.98,537.94,537.94,-0.01,29.52,15683.25,-1
2026-03-23,2026-03-23 13:15:00,537.94,537.94,537.9,537.9,-0.01,29.52,15683.25,-1
2026-03-23,2026-03-23 13:16:00,537.9,537.9,537.86,537.86,-0.01,29.52,15683.25,-1
2026-03-23,2026-03-23 13:17:00,537.86,537.86,537.83,537.83,-0.01,29.52,15683.25,-1
2026-03-23,2026-03-23 13:18:00,537.83,537.83,537.79,537.79,-0.01,29.52,15683.25,-1
2026-03-23,2026-03-23 13:19:00,537.79,537.79,537.75,537.75,-0.01,29.52,15683.25,-1
2026-03-23,2026-03-23 13:20:00,537.75,537.75,537.71,537.71,-0.01,29.52,15683.25,-1
2026-03-23,2026-03-23 13:21:00,537.71,537.71,537.67,537.67,-0.01,29.52,15683.25,-1
2026-03-23,2026-03-23 13:22:00,537.67,537.67,537.64,537.64,-0.01,29.52,15683.25,-1
2026-03-23,2026-03-23 13:23:00,537.64,537.64,537.6,537.6,-0.01,29.52,15683.25,-1
2026-03-23,2026-03-23 13:24:00,537.6,537.6,537.56,537.56,-0.01,29.52,15683.25,-1
2026-03-23,2026-03-23 13:25:00,537.56,537.56,537.52,537.52,-0.01,29.52,15683.25,-1
2026-03-23,2026-03-23 13:26:00,537.52,537.52,537.49,537.49,-0.01,29.52,15683.25,-1
2026-03-23,2026-03-23 13:27:00,537.49,537.49,537.45,537.45,-0.01,29.52,15683.25,-1
2026-03-23,2026-03-23 13:28:00,537.45,537.45,537.41,537.41,-0.01,29.52,15683.25,-1
2026-03-23,2026-03-23 13:29:00,537.41,537.41,537.38,537.38,-0.01,29.52,15683.25,-1
2026-03-23,2026-03-23 13:30:00,537.38,537.38,537.34,537.34,-0.01,29.52,15683.25,-1
2026-03-23,2026-03-23 13:31:00,537.34,537.34,537.3,537.3,-0.01,29.52,15683.25,-1
2026-03-23,2026-03-23 13:32:00,537.3,537.3,537.26,537.26,-0.01,29.52,15683.25,-1
2026-03-23,2026-03-23 13:33:00,537.26,537.26,537.23,537.23,-0.01,29.52,15683.25,-1
2026-03-23,2026-03-23 13:34:00,537.23,537.23,537.19,537.19,-0.01,29.52,15683.25,-1
2026-03-23,2026-03-23 13:35:00,537.19,537.19,537.15,537.15,-0.01,29.52,15683.25,-1
2026-03-23,2026-03-23 13:36:00,537.15,537.15,537.11,537.11,-0.01,29.52,15683.25,-1
2026-03-23,2026-03-23 13:37:00,537.11,537.11,537.08,537.08,-0.01,29.52,15683.25,-1
2026-03-23,2026-03-23 13:38:00,537.08,537.08,537.04,537.04,-0.01,29.52,15683.25,-1
2026-03-23,2026-03-23 13:39:00,537.04,537.04,537.0,537.0,-0.01,29.52,15683.25,-1
2026-03-23,2026-03-23 13:40:00,537.0,537.0,536.96,536.96,-0.01,29.52,15683.25,-1
2026-03-23,2026-03-23 13:41:00,536.96,536.96,536.92,536.92,-0.01,29.52,15683.25,-1
2026-03-23,2026-03-23 13:42:00,536.92,536.92,536.89,536.89,-0.01,29.52,15683.25,-1
2026-03-23,2026-03-23 13:43:00,536.89,536.89,536.85,536.85,-0.01,29.52,15683.25,-1
2026-03-23,2026-03-23 13:44:00,536.85,536.85,536.81,536.81,-0.01,29.52,15683.25,-1
2026-03-23,2026-03-23 13:45:00,536.81,536.81,536.77,536.77,-0.01,29.52,15683.25,-1
2026-03-23,2026-03-23 13:46:00,536.77,536.77,536.74,536.74,-0.01,29.52,15683.25,-1
2026-03-23,2026-03-23 13:47:00,536.74,536.74,536.7,536.7,-0.01,29.52,15683.25,-1
2026-03-23,2026-03-23 13:48:00,536.7,536.7,536.66,536.66,-0.01,29.52,15683.25,-1
2026-03-23,2026-03-23 13:49:00,536.66,536.66,536.62,536.62,-0.01,29.52,15683.25,-1
2026-03-23,2026-03-23 13:50:00,536.62,536.62,536.59,536.59,-0.01,29.52,15683.25,-1
2026-03-23,2026-03-23 13:51:00,536.59,536.59,536.55,536.55,-0.01,29.52,15683.25,-1
2026-03-23,2026-03-23 13:52:00,536.55,536.55,536.51,536.51,-0.01,29.52,15683.25,-1
2026-03-23,2026-03-23 13:53:00,536.51,536.51,536.48,536.48,-0.01,29.52,15683.25,-1
2026-03-23,2026-03-23 13:54:00,536.48,536.48,536.44,536.44,-0.01,29.52,15683.25,-1
2026-03-23,2026-03-23 13:55:00,536.44,536.44,536.4,536.4,-0.01,29.52,15683.25,-1
2026-03-23,2026-03-23 13:56:00,536.4,536.4,536.36,536.36,-0.01,29.52,15683.25,-1
2026-03-23,2026-03-23 13:57:00,536.36,536.36,536.33,536.33,-0.01,29.52,15683.25,-1
2026-03-23,2026-03-23 13:58:00,536.33,536.33,536.29,536.29,-0.01,29.52,15683.25,-1
2026-03-23,2026-03-23 13:59:00,536.29,536.29,536.25,536.25,-0.01,29.52,15683.25,-1
2026-03-23,2026-03-23 14:00:00,536.25,536.25,536.21,536.21,-0.01,29.52,15683.25,-1
2026-03-23,2026-03-23 14:01:00,536.21,536.21,536.17,536.17,-0.01,29.52,15683.25,-1
2026-03-23,2026-03-23 14:02:00,536.17,536.17,536.14,536.14,-0.01,29.52,15683.25,-1
2026-03-23,2026-03-23 14:03:00,536.14,536.14,536.1,536.1,-0.01,29.52,15683.25,-1
2026-03-23,2026-03-23 14:04:00,536.1,536.1,536.06,536.06,-0.01,29.52,15683.25,-1
2026-03-23,2026-03-23 14:05:00,536.06,536.06,536.02,536.02,-0.01,29.52,15683.25,-1
2026-03-23,2026-03-23 14:06:00,536.02,536.02,535.99,535.99,-0.01,29.52,15683.25,-1
2026-03-23,2026-03-23 14:07:00,535.99,535.99,535.95,535.95,-0.01,29.52,15683.25,-1
2026-03-23,2026-03-23 14:08:00,535.95,535.95,535.91,535.91,-0.01,29.52,15683.25,-1
2026-03-23,2026-03-23 14:09:00,535.91,535.91,535.88,535.88,-0.01,29.52,15683.25,-1
2026-03-23,2026-03-23 14:10:00,535.88,535.88,535.84,535.84,-0.01,29.52,15683.25,-1
2026-03-23,2026-03-23 14:11:00,535.84,535.84,535.8,535.8,-0.01,29.52,15683.25,-1
2026-03-23,2026-03-23 14:12:00,535.8,535.8,535.76,535.76,-0.01,29.52,15683.25,-1
2026-03-23,2026-03-23 14:13:00,535.76,535.76,535.73,535.73,-0.01,29.52,15683.25,-1
2026-03-23,2026-03-23 14:14:00,535.73,535.73,535.69,535.69,-0.01,29.52,15683.25,-1
2026-03-23,2026-03-23 14:15:00,535.69,535.69,535.65,535.65,-0.01,29.52,15683.25,-1
2026-03-23,2026-03-23 14:16:00,535.65,535.65,535.61,535.61,-0.01,29.52,15683.25,-1
2026-03-23,2026-03-23 14:17:00,535.61,535.61,535.58,535.58,-0.01,29.52,15683.25,-1
2026-03-23,2026-03-23 14:18:00,535.58,535.58,535.54,535.54,-0.01,29.52,15683.25,-1
2026-03-23,2026-03-23 14:19:00,535.54,535.54,535.5,535.5,-0.01,29.52,15683.25,-1
2026-03-23,2026-03-23 14:20:00,535.5,535.5,535.46,535.46,-0.01,29.52,15683.25,-1
2026-03-23,2026-03-23 14:21:00,535.46,535.46,535.42,535.42,-0.01,29.52,15683.25,-1
2026-03-23,2026-03-23 14:22:00,535.42,535.42,535.39,535.39,-0.01,29.52,15683.25,-1
2026-03-23,2026-03-23 14:23:00,535.39,535.39,535.35,535.35,-0.01,29.52,15683.25,-1
2026-03-23,2026-03-23 14:24:00,535.35,535.35,535.31,535.31,-0.01,29.52,15683.25,-1
2026-03-23,2026-03-23 14:25:00,535.31,535.31,535.27,535.27,-0.01,29.52,15683.25,-1
2026-03-23,2026-03-23 14:26:00,535.27,535.27,535.24,535.24,-0.01,29.52,15683.25,-1
2026-03-23,2026-03-23 14:27:00,535.24,535.24,535.2,535.2,-0.01,29.52,15683.25,-1
2026-03-23,2026-03-23 14:28:00,535.2,535.2,535.16,535.16,-0.01,29.52,15683.25,-1
2026-03-23,2026-03-23 14:29:00,535.16,535.16,535.12,535.12,-0.01,29.52,15683.25,-1
2026-03-23,2026-03-23 14:30:00,535.12,535.12,535.09,535.09,-0.01,29.52,15683.25,-1
2026-03-23,2026-03-23 14:31:00,535.09,535.09,535.05,535.05,-0.01,29.52,15683.25,-1
2026-03-23,2026-03-23 14:32:00,535.05,535.05,535.01,535.01,-0.01,29.52,15683.25,-1
2026-03-23,2026-03-23 14:33:00,535.01,535.01,534.98,534.98,-0.01,29.52,15683.25,-1
2026-03-23,2026-03-23 14:34:00,534.98,534.98,534.94,534.94,-0.01,29.52,15683.25,-1
2026-03-23,2026-03-23 14:35:00,534.94,534.94,534.9,534.9,-0.01,29.52,15683.25,-1
2026-03-23,2026-03-23 14:36:00,534.9,534.9,534.86,534.86,-0.01,29.52,15683.25,-1
2026-03-23,2026-03-23 14:37:00,534.86,534.86,534.83,534.83,-0.01,29.52,15683.25,-1
2026-03-23,2026-03-23 14:38:00,534.83,534.83,534.79,534.79,-0.01,29.52,15683.25,-1
2026-03-23,2026-03-23 14:39:00,534.79,534.79,534.75,534.75,-0.01,29.52,15683.25,-1
2026-03-23,2026-03-23 14:40:00,534.75,534.75,534.71,534.71,-0.01,29.52,15683.25,-1
2026-03-23,2026-03-23 14:41:00,534.71,534.71,534.67,534.67,-0.01,29.52,15683.25,-1
2026-03-23,2026-03-23 14:42:00,534.67,534.67,534.64,534.64,-0.01,29.52,15683.25,-1
2026-03-23,2026-03-23 14:43:00,534.64,534.64,534.6,534.6,-0.01,29.52,15683.25,-1
2026-03-23,2026-03-23 14:44:00,534.6,534.6,534.56,534.56,-0.01,29.52,15683.25,-1
2026-03-23,2026-03-23 14:45:00,534.56,534.56,534.52,534.52,-0.01,29.52,15683.25,-1
2026-03-23,2026-03-23 14:46:00,534.52,534.52,534.49,534.49,-0.01,29.52,15683.25,-1
2026-03-23,2026-03-23 14:47:00,534.49,534.49,534.45,534.45,-0.01,29.52,15683.25,-1
2026-03-23,2026-03-23 14:48:00,534.45,534.45,534.41,534.41,-0.01,29.52,15683.25,-1
2026-03-23,2026-03-23 14:49:00,534.41,534.41,534.38,534.38,-0.01,29.52,15683.25,-1
2026-03-23,2026-03-23 14:50:00,534.38,534.38,534.34,534.34,-0.01,29.52,15683.25,-1
2026-03-23,2026-03-23 14:51:00,534.34,534.34,534.3,534.3,-0.01,29.52,15683.25,-1
2026-03-23,2026-03-23 14:52:00,534.3,534.3,534.26,534.26,-0.01,29.52,15683.25,-1
2026-03-23,2026-03-23 14:53:00,534.26,534.26,534.23,534.23,-0.01,29.52,15683.25,-1
2026-03-23,2026-03-23 14:54:00,534.23,534.23,534.19,534.19,-0.01,29.52,15683.25,-1
2026-03-23,2026-03-23 14:55:00,534.19,534.19,534.15,534.15,-0.01,29.52,15683.25,-1
2026-03-23,2026-03-23 14:56:00,534.15,534.15,534.11,534.11,-0.01,29.52,15683.25,-1
2026-03-23,2026-03-23 14:57:00,534.11,534.11,534.08,534.08,-0.01,29.52,15683.25,-1
2026-03-23,2026-03-23 14:58:00,534.08,534.08,534.04,534.04,-0.01,29.52,15683.25,-1
2026-03-23,2026-03-23 14:59:00,534.04,534.04,534.0,534.0,-0.01,29.52,15683.25,-1
2026-03-23,2026-03-23 15:00:00,534.0,543.0,529.0,534.0,0.0,29.52,15683.25,0
2026-03-24,2026-03-24 11:00:00,534.0,535.47,532.08,534.0,0.0,54.74,29011.31,0
2026-03-24,2026-03-24 11:01:00,534.0,534.0,533.99,533.99,-0.0,54.74,29011.31,-1
2026-03-24,2026-03-24 11:02:00,533.99,533.99,533.99,533.99,0.0,54.74,29011.31,0
2026-03-24,2026-03-24 11:03:00,533.99,533.99,533.98,533.98,-0.0,54.74,29011.31,-1
2026-03-24,2026-03-24 11:04:00,533.98,533.98,533.98,533.98,0.0,54.74,29011.31,0
2026-03-24,2026-03-24 11:05:00,533.98,533.98,533.98,533.98,0.0,54.74,29011.31,0
2026-03-24,2026-03-24 11:06:00,533.98,533.98,533.97,533.97,-0.0,54.74,29011.31,-1
2026-03-24,2026-03-24 11:07:00,533.97,533.97,533.97,533.97,0.0,54.74,29011.31,0
2026-03-24,2026-03-24 11:08:00,533.97,533.97,533.96,533.96,-0.0,54.74,29011.31,-1
2026-03-24,2026-03-24 11:09:00,533.96,533.96,533.96,533.96,0.0,54.74,29011.31,0
2026-03-24,2026-03-24 11:10:00,533.96,533.96,533.95,533.95,-0.0,54.74,29011.31,-1
2026-03-24,2026-03-24 11:11:00,533.95,533.95,533.95,533.95,0.0,54.74,29011.31,0
2026-03-24,2026-03-24 11:12:00,533.95,533.95,533.95,533.95,0.0,54.74,29011.31,0
2026-03-24,2026-03-24 11:13:00,533.95,533.95,533.94,533.94,-0.0,54.74,29011.31,-1
2026-03-24,2026-03-24 11:14:00,533.94,533.94,533.94,533.94,0.0,54.74,29011.31,0
2026-03-24,2026-03-24 11:15:00,533.94,533.94,533.93,533.93,-0.0,54.74,29011.31,-1
2026-03-24,2026-03-24 11:16:00,533.93,533.93,533.93,533.93,0.0,54.74,29011.31,0
2026-03-24,2026-03-24 11:17:00,533.93,533.93,533.92,533.92,-0.0,54.74,29011.31,-1
2026-03-24,2026-03-24 11:18:00,533.92,533.92,533.92,533.92,0.0,54.74,29011.31,0
2026-03-24,2026-03-24 11:19:00,533.92,533.92,533.92,533.92,0.0,54.74,29011.31,0
2026-03-24,2026-03-24 11:20:00,533.92,533.92,533.91,533.91,-0.0,54.74,29011.31,-1
2026-03-24,2026-03-24 11:21:00,533.91,533.91,533.91,533.91,0.0,54.74,29011.31,0
2026-03-24,2026-03-24 11:22:00,533.91,533.91,533.9,533.9,-0.0,54.74,29011.31,-1
2026-03-24,2026-03-24 11:23:00,533.9,533.9,533.9,533.9,0.0,54.74,29011.31,0
2026-03-24,2026-03-24 11:24:00,533.9,533.9,533.9,533.9,0.0,54.74,29011.31,0
2026-03-24,2026-03-24 11:25:00,533.9,533.9,533.89,533.89,-0.0,54.74,29011.31,-1
2026-03-24,2026-03-24 11:26:00,533.89,533.89,533.89,533.89,0.0,54.74,29011.31,0
2026-03-24,2026-03-24 11:27:00,533.89,533.89,533.88,533.88,-0.0,54.74,29011.31,-1
2026-03-24,2026-03-24 11:28:00,533.88,533.88,533.88,533.88,0.0,54.74,29011.31,0
2026-03-24,2026-03-24 11:29:00,533.88,533.88,533.88,533.88,0.0,54.74,29011.31,0
2026-03-24,2026-03-24 11:30:00,533.88,533.88,533.87,533.87,-0.0,54.74,29011.31,-1
2026-03-24,2026-03-24 11:31:00,533.87,533.87,533.87,533.87,0.0,54.74,29011.31,0
2026-03-24,2026-03-24 11:32:00,533.87,533.87,533.86,533.86,-0.0,54.74,29011.31,-1
2026-03-24,2026-03-24 11:33:00,533.86,533.86,533.86,533.86,0.0,54.74,29011.31,0
2026-03-24,2026-03-24 11:34:00,533.86,533.86,533.85,533.85,-0.0,54.74,29011.31,-1
2026-03-24,2026-03-24 11:35:00,533.85,533.85,533.85,533.85,0.0,54.74,29011.31,0
2026-03-24,2026-03-24 11:36:00,533.85,533.85,533.85,533.85,0.0,54.74,29011.31,0
2026-03-24,2026-03-24 11:37:00,533.85,533.85,533.84,533.84,-0.0,54.74,29011.31,-1
2026-03-24,2026-03-24 11:38:00,533.84,533.84,533.84,533.84,0.0,54.74,29011.31,0
2026-03-24,2026-03-24 11:39:00,533.84,533.84,533.83,533.83,-0.0,54.74,29011.31,-1
2026-03-24,2026-03-24 11:40:00,533.83,533.83,533.83,533.83,0.0,54.74,29011.31,0
2026-03-24,2026-03-24 11:41:00,533.83,533.83,533.83,533.83,0.0,54.74,29011.31,0
2026-03-24,2026-03-24 11:42:00,533.83,533.83,533.82,533.82,-0.0,54.74,29011.31,-1
2026-03-24,2026-03-24 11:43:00,533.82,533.82,533.82,533.82,0.0,54.74,29011.31,0
2026-03-24,2026-03-24 11:44:00,533.82,533.82,533.81,533.81,-0.0,54.74,29011.31,-1
2026-03-24,2026-03-24 11:45:00,533.81,533.81,533.81,533.81,0.0,54.74,29011.31,0
2026-03-24,2026-03-24 11:46:00,533.81,533.81,533.8,533.8,-0.0,54.74,29011.31,-1
2026-03-24,2026-03-24 11:47:00,533.8,533.8,533.8,533.8,0.0,54.74,29011.31,0
2026-03-24,2026-03-24 11:48:00,533.8,533.8,533.8,533.8,0.0,54.74,29011.31,0
2026-03-24,2026-03-24 11:49:00,533.8,533.8,533.79,533.79,-0.0,54.74,29011.31,-1
2026-03-24,2026-03-24 11:50:00,533.79,533.79,533.79,533.79,0.0,54.74,29011.31,0
2026-03-24,2026-03-24 11:51:00,533.79,533.79,533.78,533.78,-0.0,54.74,29011.31,-1
2026-03-24,2026-03-24 11:52:00,533.78,533.78,533.78,533.78,0.0,54.74,29011.31,0
2026-03-24,2026-03-24 11:53:00,533.78,533.78,533.77,533.77,-0.0,54.74,29011.31,-1
2026-03-24,2026-03-24 11:54:00,533.77,533.77,533.77,533.77,0.0,54.74,29011.31,0
2026-03-24,2026-03-24 11:55:00,533.77,533.77,533.77,533.77,0.0,54.74,29011.31,0
2026-03-24,2026-03-24 11:56:00,533.77,533.77,533.76,533.76,-0.0,54.74,29011.31,-1
2026-03-24,2026-03-24 11:57:00,533.76,533.76,533.76,533.76,0.0,54.74,29011.31,0
2026-03-24,2026-03-24 11:58:00,533.76,533.76,533.75,533.75,-0.0,54.74,29011.31,-1
2026-03-24,2026-03-24 11:59:00,533.75,533.75,533.75,533.75,0.0,54.74,29011.31,0
2026-03-24,2026-03-24 12:00:00,533.75,533.75,533.75,533.75,0.0,54.74,29011.31,0
2026-03-24,2026-03-24 12:01:00,533.75,533.75,533.74,533.74,-0.0,54.74,29011.31,-1
2026-03-24,2026-03-24 12:02:00,533.74,533.74,533.74,533.74,0.0,54.74,29011.31,0
2026-03-24,2026-03-24 12:03:00,533.74,533.74,533.73,533.73,-0.0,54.74,29011.31,-1
2026-03-24,2026-03-24 12:04:00,533.73,533.73,533.73,533.73,0.0,54.74,29011.31,0
2026-03-24,2026-03-24 12:05:00,533.73,533.73,533.73,533.73,0.0,54.74,29011.31,0
2026-03-24,2026-03-24 12:06:00,533.73,533.73,533.72,533.72,-0.0,54.74,29011.31,-1
2026-03-24,2026-03-24 12:07:00,533.72,533.72,533.72,533.72,0.0,54.74,29011.31,0
2026-03-24,2026-03-24 12:08:00,533.72,533.72,533.71,533.71,-0.0,54.74,29011.31,-1
2026-03-24,2026-03-24 12:09:00,533.71,533.71,533.71,533.71,0.0,54.74,29011.31,0
2026-03-24,2026-03-24 12:10:00,533.71,533.71,533.7,533.7,-0.0,54.74,29011.31,-1
2026-03-24,2026-03-24 12:11:00,533.7,533.7,533.7,533.7,0.0,54.74,29011.31,0
2026-03-24,2026-03-24 12:12:00,533.7,533.7,533.7,533.7,0.0,54.74,29011.31,0
2026-03-24,2026-03-24 12:13:00,533.7,533.7,533.69,533.69,-0.0,54.74,29011.31,-1
2026-03-24,2026-03-24 12:14:00,533.69,533.69,533.69,533.69,0.0,54.74,29011.31,0
2026-03-24,2026-03-24 12:15:00,533.69,533.69,533.68,533.68,-0.0,54.74,29011.31,-1
2026-03-24,2026-03-24 12:16:00,533.68,533.68,533.68,533.68,0.0,54.74,29011.31,0
2026-03-24,2026-03-24 12:17:00,533.68,533.68,533.67,533.67,-0.0,54.74,29011.31,-1
2026-03-24,2026-03-24 12:18:00,533.67,533.67,533.67,533.67,0.0,54.74,29011.31,0
2026-03-24,2026-03-24 12:19:00,533.67,533.67,533.67,533.67,0.0,54.74,29011.31,0
2026-03-24,2026-03-24 12:20:00,533.67,533.67,533.66,533.66,-0.0,54.74,29011.31,-1
2026-03-24,2026-03-24 12:21:00,533.66,533.66,533.66,533.66,0.0,54.74,29011.31,0
2026-03-24,2026-03-24 12:22:00,533.66,533.66,533.65,533.65,-0.0,54.74,29011.31,-1
2026-03-24,2026-03-24 12:23:00,533.65,533.65,533.65,533.65,0.0,54.74,29011.31,0
2026-03-24,2026-03-24 12:24:00,533.65,533.65,533.65,533.65,0.0,54.74,29011.31,0
2026-03-24,2026-03-24 12:25:00,533.65,533.65,533.64,533.64,-0.0,54.74,29011.31,-1
2026-03-24,2026-03-24 12:26:00,533.64,533.64,533.64,533.64,0.0,54.74,29011.31,0
2026-03-24,2026-03-24 12:27:00,533.64,533.64,533.63,533.63,-0.0,54.74,29011.31,-1
2026-03-24,2026-03-24 12:28:00,533.63,533.63,533.63,533.63,0.0,54.74,29011.31,0
2026-03-24,2026-03-24 12:29:00,533.63,533.63,533.62,533.62,-0.0,54.74,29011.31,-1
2026-03-24,2026-03-24 12:30:00,533.62,533.62,533.62,533.62,0.0,54.74,29011.31,0
2026-03-24,2026-03-24 12:31:00,533.62,533.62,533.62,533.62,0.0,54.74,29011.31,0
2026-03-24,2026-03-24 12:32:00,533.62,533.62,533.61,533.61,-0.0,54.74,29011.31,-1
2026-03-24,2026-03-24 12:33:00,533.61,533.61,533.61,533.61,0.0,54.74,29011.31,0
2026-03-24,2026-03-24 12:34:00,533.61,533.61,533.6,533.6,-0.0,54.74,29011.31,-1
2026-03-24,2026-03-24 12:35:00,533.6,533.6,533.6,533.6,0.0,54.74,29011.31,0
2026-03-24,2026-03-24 12:36:00,533.6,533.6,533.6,533.6,0.0,54.74,29011.31,0
2026-03-24,2026-03-24 12:37:00,533.6,533.6,533.59,533.59,-0.0,54.74,29011.31,-1
2026-03-24,2026-03-24 12:38:00,533.59,533.59,533.59,533.59,0.0,54.74,29011.31,0
2026-03-24,2026-03-24 12:39:00,533.59,533.59,533.58,533.58,-0.0,54.74,29011.31,-1
2026-03-24,2026-03-24 12:40:00,533.58,533.58,533.58,533.58,0.0,54.74,29011.31,0
2026-03-24,2026-03-24 12:41:00,533.58,533.58,533.58,533.58,0.0,54.74,29011.31,0
2026-03-24,2026-03-24 12:42:00,533.58,533.58,533.57,533.57,-0.0,54.74,29011.31,-1
2026-03-24,2026-03-24 12:43:00,533.57,533.57,533.57,533.57,0.0,54.74,29011.31,0
2026-03-24,2026-03-24 12:44:00,533.57,533.57,533.56,533.56,-0.0,54.74,29011.31,-1
2026-03-24,2026-03-24 12:45:00,533.56,533.56,533.56,533.56,0.0,54.74,29011.31,0
2026-03-24,2026-03-24 12:46:00,533.56,533.56,533.55,533.55,-0.0,54.74,29011.31,-1
2026-03-24,2026-03-24 12:47:00,533.55,533.55,533.55,533.55,0.0,54.74,29011.31,0
2026-03-24,2026-03-24 12:48:00,533.55,533.55,533.55,533.55,0.0,54.74,29011.31,0
2026-03-24,2026-03-24 12:49:00,533.55,533.55,533.54,533.54,-0.0,54.74,29011.31,-1
2026-03-24,2026-03-24 12:50:00,533.54,533.54,533.54,533.54,0.0,54.74,29011.31,0
2026-03-24,2026-03-24 12:51:00,533.54,533.54,533.53,533.53,-0.0,54.74,29011.31,-1
2026-03-24,2026-03-24 12:52:00,533.53,533.53,533.53,533.53,0.0,54.74,29011.31,0
2026-03-24,2026-03-24 12:53:00,533.53,533.53,533.52,533.52,-0.0,54.74,29011.31,-1
2026-03-24,2026-03-24 12:54:00,533.52,533.52,533.52,533.52,0.0,54.74,29011.31,0
2026-03-24,2026-03-24 12:55:00,533.52,533.52,533.52,533.52,0.0,54.74,29011.31,0
2026-03-24,2026-03-24 12:56:00,533.52,533.52,533.51,533.51,-0.0,54.74,29011.31,-1
2026-03-24,2026-03-24 12:57:00,533.51,533.51,533.51,533.51,0.0,54.74,29011.31,0
2026-03-24,2026-03-24 12:58:00,533.51,533.51,533.5,533.5,-0.0,54.74,29011.31,-1
2026-03-24,2026-03-24 12:59:00,533.5,533.5,533.5,533.5,0.0,54.74,29011.31,0
2026-03-24,2026-03-24 13:00:00,533.5,538.9,527.6,533.5,0.0,54.74,29011.31,0
2026-03-24,2026-03-24 13:01:00,533.5,533.5,533.49,533.49,-0.0,54.74,29011.31,-1
2026-03-24,2026-03-24 13:02:00,533.49,533.49,533.49,533.49,0.0,54.74,29011.31,0
2026-03-24,2026-03-24 13:03:00,533.49,533.49,533.48,533.48,-0.0,54.74,29011.31,-1
2026-03-24,2026-03-24 13:04:00,533.48,533.48,533.48,533.48,0.0,54.74,29011.31,0
2026-03-24,2026-03-24 13:05:00,533.48,533.48,533.48,533.48,0.0,54.74,29011.31,0
2026-03-24,2026-03-24 13:06:00,533.48,533.48,533.47,533.47,-0.0,54.74,29011.31,-1
2026-03-24,2026-03-24 13:07:00,533.47,533.47,533.47,533.47,0.0,54.74,29011.31,0
2026-03-24,2026-03-24 13:08:00,533.47,533.47,533.46,533.46,-0.0,54.74,29011.31,-1
2026-03-24,2026-03-24 13:09:00,533.46,533.46,533.46,533.46,0.0,54.74,29011.31,0
2026-03-24,2026-03-24 13:10:00,533.46,533.46,533.45,533.45,-0.0,54.74,29011.31,-1
2026-03-24,2026-03-24 13:11:00,533.45,533.45,533.45,533.45,0.0,54.74,29011.31,0
2026-03-24,2026-03-24 13:12:00,533.45,533.45,533.45,533.45,0.0,54.74,29011.31,0
2026-03-24,2026-03-24 13:13:00,533.45,533.45,533.44,533.44,-0.0,54.74,29011.31,-1
2026-03-24,2026-03-24 13:14:00,533.44,533.44,533.44,533.44,0.0,54.74,29011.31,0
2026-03-24,2026-03-24 13:15:00,533.44,533.44,533.43,533.43,-0.0,54.74,29011.31,-1
2026-03-24,2026-03-24 13:16:00,533.43,533.43,533.43,533.43,0.0,54.74,29011.31,0
2026-03-24,2026-03-24 13:17:00,533.43,533.43,533.42,533.42,-0.0,54.74,29011.31,-1
2026-03-24,2026-03-24 13:18:00,533.42,533.42,533.42,533.42,0.0,54.74,29011.31,0
2026-03-24,2026-03-24 13:19:00,533.42,533.42,533.42,533.42,0.0,54.74,29011.31,0
2026-03-24,2026-03-24 13:20:00,533.42,533.42,533.41,533.41,-0.0,54.74,29011.31,-1
2026-03-24,2026-03-24 13:21:00,533.41,533.41,533.41,533.41,0.0,54.74,29011.31,0
2026-03-24,2026-03-24 13:22:00,533.41,533.41,533.4,533.4,-0.0,54.74,29011.31,-1
2026-03-24,2026-03-24 13:23:00,533.4,533.4,533.4,533.4,0.0,54.74,29011.31,0
2026-03-24,2026-03-24 13:24:00,533.4,533.4,533.4,533.4,0.0,54.74,29011.31,0
2026-03-24,2026-03-24 13:25:00,533.4,533.4,533.39,533.39,-0.0,54.74,29011.31,-1
2026-03-24,2026-03-24 13:26:00,533.39,533.39,533.39,533.39,0.0,54.74,29011.31,0
2026-03-24,2026-03-24 13:27:00,533.39,533.39,533.38,533.38,-0.0,54.74,29011.31,-1
2026-03-24,2026-03-24 13:28:00,533.38,533.38,533.38,533.38,0.0,54.74,29011.31,0
2026-03-24,2026-03-24 13:29:00,533.38,533.38,533.38,533.38,0.0,54.74,29011.31,0
2026-03-24,2026-03-24 13:30:00,533.38,533.38,533.37,533.37,-0.0,54.74,29011.31,-1
2026-03-24,2026-03-24 13:31:00,533.37,533.37,533.37,533.37,0.0,54.74,29011.31,0
2026-03-24,2026-03-24 13:32:00,533.37,533.37,533.36,533.36,-0.0,54.74,29011.31,-1
2026-03-24,2026-03-24 13:33:00,533.36,533.36,533.36,533.36,0.0,54.74,29011.31,0
2026-03-24,2026-03-24 13:34:00,533.36,533.36,533.35,533.35,-0.0,54.74,29011.31,-1
2026-03-24,2026-03-24 13:35:00,533.35,533.35,533.35,533.35,0.0,54.74,29011.31,0
2026-03-24,2026-03-24 13:36:00,533.35,533.35,533.35,533.35,0.0,54.74,29011.31,0
2026-03-24,2026-03-24 13:37:00,533.35,533.35,533.34,533.34,-0.0,54.74,29011.31,-1
2026-03-24,2026-03-24 13:38:00,533.34,533.34,533.34,533.34,0.0,54.74,29011.31,0
2026-03-24,2026-03-24 13:39:00,533.34,533.34,533.33,533.33,-0.0,54.74,29011.31,-1
2026-03-24,2026-03-24 13:40:00,533.33,533.33,533.33,533.33,0.0,54.74,29011.31,0
2026-03-24,2026-03-24 13:41:00,533.33,533.33,533.33,533.33,0.0,54.74,29011.31,0
2026-03-24,2026-03-24 13:42:00,533.33,533.33,533.32,533.32,-0.0,54.74,29011.31,-1
2026-03-24,2026-03-24 13:43:00,533.32,533.32,533.32,533.32,0.0,54.74,29011.31,0
2026-03-24,2026-03-24 13:44:00,533.32,533.32,533.31,533.31,-0.0,54.74,29011.31,-1
2026-03-24,2026-03-24 13:45:00,533.31,533.31,533.31,533.31,0.0,54.74,29011.31,0
2026-03-24,2026-03-24 13:46:00,533.31,533.31,533.3,533.3,-0.0,54.74,29011.31,-1
2026-03-24,2026-03-24 13:47:00,533.3,533.3,533.3,533.3,0.0,54.74,29011.31,0
2026-03-24,2026-03-24 13:48:00,533.3,533.3,533.3,533.3,0.0,54.74,29011.31,0
2026-03-24,2026-03-24 13:49:00,533.3,533.3,533.29,533.29,-0.0,54.74,29011.31,-1
2026-03-24,2026-03-24 13:50:00,533.29,533.29,533.29,533.29,0.0,54.74,29011.31,0
2026-03-24,2026-03-24 13:51:00,533.29,533.29,533.28,533.28,-0.0,54.74,29011.31,-1
2026-03-24,2026-03-24 13:52:00,533.28,533.28,533.28,533.28,0.0,54.74,29011.31,0
2026-03-24,2026-03-24 13:53:00,533.28,533.28,533.27,533.27,-0.0,54.74,29011.31,-1
2026-03-24,2026-03-24 13:54:00,533.27,533.27,533.27,533.27,0.0,54.74,29011.31,0
2026-03-24,2026-03-24 13:55:00,533.27,533.27,533.27,533.27,0.0,54.74,29011.31,0
2026-03-24,2026-03-24 13:56:00,533.27,533.27,533.26,533.26,-0.0,54.74,29011.31,-1
2026-03-24,2026-03-24 13:57:00,533.26,533.26,533.26,533.26,0.0,54.74,29011.31,0
2026-03-24,2026-03-24 13:58:00,533.26,533.26,533.25,533.25,-0.0,54.74,29011.31,-1
2026-03-24,2026-03-24 13:59:00,533.25,533.25,533.25,533.25,0.0,54.74,29011.31,0
2026-03-24,2026-03-24 14:00:00,533.25,533.25,533.25,533.25,0.0,54.74,29011.31,0
2026-03-24,2026-03-24 14:01:00,533.25,533.25,533.24,533.24,-0.0,54.74,29011.31,-1
2026-03-24,2026-03-24 14:02:00,533.24,533.24,533.24,533.24,0.0,54.74,29011.31,0
2026-03-24,2026-03-24 14:03:00,533.24,533.24,533.23,533.23,-0.0,54.74,29011.31,-1
2026-03-24,2026-03-24 14:04:00,533.23,533.23,533.23,533.23,0.0,54.74,29011.31,0
2026-03-24,2026-03-24 14:05:00,533.23,533.23,533.23,533.23,0.0,54.74,29011.31,0
2026-03-24,2026-03-24 14:06:00,533.23,533.23,533.22,533.22,-0.0,54.74,29011.31,-1
2026-03-24,2026-03-24 14:07:00,533.22,533.22,533.22,533.22,0.0,54.74,29011.31,0
2026-03-24,2026-03-24 14:08:00,533.22,533.22,533.21,533.21,-0.0,54.74,29011.31,-1
2026-03-24,2026-03-24 14:09:00,533.21,533.21,533.21,533.21,0.0,54.74,29011.31,0
2026-03-24,2026-03-24 14:10:00,533.21,533.21,533.2,533.2,-0.0,54.74,29011.31,-1
2026-03-24,2026-03-24 14:11:00,533.2,533.2,533.2,533.2,0.0,54.74,29011.31,0
2026-03-24,2026-03-24 14:12:00,533.2,533.2,533.2,533.2,0.0,54.74,29011.31,0
2026-03-24,2026-03-24 14:13:00,533.2,533.2,533.19,533.19,-0.0,54.74,29011.31,-1
2026-03-24,2026-03-24 14:14:00,533.19,533.19,533.19,533.19,0.0,54.74,29011.31,0
2026-03-24,2026-03-24 14:15:00,533.19,533.19,533.18,533.18,-0.0,54.74,29011.31,-1
2026-03-24,2026-03-24 14:16:00,533.18,533.18,533.18,533.18,0.0,54.74,29011.31,0
2026-03-24,2026-03-24 14:17:00,533.18,533.18,533.17,533.17,-0.0,54.74,29011.31,-1
2026-03-24,2026-03-24 14:18:00,533.17,533.17,533.17,533.17,0.0,54.74,29011.31,0
2026-03-24,2026-03-24 14:19:00,533.17,533.17,533.17,533.17,0.0,54.74,29011.31,0
2026-03-24,2026-03-24 14:20:00,533.17,533.17,533.16,533.16,-0.0,54.74,29011.31,-1
2026-03-24,2026-03-24 14:21:00,533.16,533.16,533.16,533.16,0.0,54.74,29011.31,0
2026-03-24,2026-03-24 14:22:00,533.16,533.16,533.15,533.15,-0.0,54.74,29011.31,-1
2026-03-24,2026-03-24 14:23:00,533.15,533.15,533.15,533.15,0.0,54.74,29011.31,0
2026-03-24,2026-03-24 14:24:00,533.15,533.15,533.15,533.15,0.0,54.74,29011.31,0
2026-03-24,2026-03-24 14:25:00,533.15,533.15,533.14,533.14,-0.0,54.74,29011.31,-1
2026-03-24,2026-03-24 14:26:00,533.14,533.14,533.14,533.14,0.0,54.74,29011.31,0
2026-03-24,2026-03-24 14:27:00,533.14,533.14,533.13,533.13,-0.0,54.74,29011.31,-1
2026-03-24,2026-03-24 14:28:00,533.13,533.13,533.13,533.13,0.0,54.74,29011.31,0
2026-03-24,2026-03-24 14:29:00,533.13,533.13,533.12,533.12,-0.0,54.74,29011.31,-1
2026-03-24,2026-03-24 14:30:00,533.12,533.12,533.12,533.12,0.0,54.74,29011.31,0
2026-03-24,2026-03-24 14:31:00,533.12,533.12,533.12,533.12,0.0,54.74,29011.31,0
2026-03-24,2026-03-24 14:32:00,533.12,533.12,533.11,533.11,-0.0,54.74,29011.31,-1
2026-03-24,2026-03-24 14:33:00,533.11,533.11,533.11,533.11,0.0,54.74,29011.31,0
2026-03-24,2026-03-24 14:34:00,533.11,533.11,533.1,533.1,-0.0,54.74,29011.31,-1
2026-03-24,2026-03-24 14:35:00,533.1,533.1,533.1,533.1,0.0,54.74,29011.31,0
2026-03-24,2026-03-24 14:36:00,533.1,533.1,533.1,533.1,0.0,54.74,29011.31,0
2026-03-24,2026-03-24 14:37:00,533.1,533.1,533.09,533.09,-0.0,54.74,29011.31,-1
2026-03-24,2026-03-24 14:38:00,533.09,533.09,533.09,533.09,0.0,54.74,29011.31,0
2026-03-24,2026-03-24 14:39:00,533.09,533.09,533.08,533.08,-0.0,54.74,29011.31,-1
2026-03-24,2026-03-24 14:40:00,533.08,533.08,533.08,533.08,0.0,54.74,29011.31,0
2026-03-24,2026-03-24 14:41:00,533.08,533.08,533.08,533.08,0.0,54.74,29011.31,0
2026-03-24,2026-03-24 14:42:00,533.08,533.08,533.07,533.07,-0.0,54.74,29011.31,-1
2026-03-24,2026-03-24 14:43:00,533.07,533.07,533.07,533.07,0.0,54.74,29011.31,0
2026-03-24,2026-03-24 14:44:00,533.07,533.07,533.06,533.06,-0.0,54.74,29011.31,-1
2026-03-24,2026-03-24 14:45:00,533.06,533.06,533.06,533.06,0.0,54.74,29011.31,0
2026-03-24,2026-03-24 14:46:00,533.06,533.06,533.05,533.05,-0.0,54.74,29011.31,-1
2026-03-24,2026-03-24 14:47:00,533.05,533.05,533.05,533.05,0.0,54.74,29011.31,0
2026-03-24,2026-03-24 14:48:00,533.05,533.05,533.05,533.05,0.0,54.74,29011.31,0
2026-03-24,2026-03-24 14:49:00,533.05,533.05,533.04,533.04,-0.0,54.74,29011.31,-1
2026-03-24,2026-03-24 14:50:00,533.04,533.04,533.04,533.04,0.0,54.74,29011.31,0
2026-03-24,2026-03-24 14:51:00,533.04,533.04,533.03,533.03,-0.0,54.74,29011.31,-1
2026-03-24,2026-03-24 14:52:00,533.03,533.03,533.03,533.03,0.0,54.74,29011.31,0
2026-03-24,2026-03-24 14:53:00,533.03,533.03,533.02,533.02,-0.0,54.74,29011.31,-1
2026-03-24,2026-03-24 14:54:00,533.02,533.02,533.02,533.02,0.0,54.74,29011.31,0
2026-03-24,2026-03-24 14:55:00,533.02,533.02,533.02,533.02,0.0,54.74,29011.31,0
2026-03-24,2026-03-24 14:56:00,533.02,533.02,533.01,533.01,-0.0,54.74,29011.31,-1
2026-03-24,2026-03-24 14:57:00,533.01,533.01,533.01,533.01,0.0,54.74,29011.31,0
2026-03-24,2026-03-24 14:58:00,533.01,533.01,533.0,533.0,-0.0,54.74,29011.31,-1
2026-03-24,2026-03-24 14:59:00,533.0,533.0,533.0,533.0,0.0,54.74,29011.31,0
2026-03-24,2026-03-24 15:00:00,533.0,538.9,527.6,533.0,0.0,54.74,29011.31,0
2026-03-25,2026-03-25 11:00:00,523.2,526.74,523.2,523.25,0.01,56.47,29861.28,1
2026-03-25,2026-03-25 11:01:00,523.25,523.3,523.25,523.3,0.01,56.47,29861.28,1
2026-03-25,2026-03-25 11:02:00,523.3,523.35,523.3,523.35,0.01,56.47,29861.28,1
2026-03-25,2026-03-25 11:03:00,523.35,523.4,523.35,523.4,0.01,56.47,29861.28,1
2026-03-25,2026-03-25 11:04:00,523.4,523.45,523.4,523.45,0.01,56.47,29861.28,1
2026-03-25,2026-03-25 11:05:00,523.45,523.5,523.45,523.5,0.01,56.47,29861.28,1
2026-03-25,2026-03-25 11:06:00,523.5,523.54,523.5,523.54,0.01,56.47,29861.28,1
2026-03-25,2026-03-25 11:07:00,523.54,523.59,523.54,523.59,0.01,56.47,29861.28,1
2026-03-25,2026-03-25 11:08:00,523.59,523.64,523.59,523.64,0.01,56.47,29861.28,1
2026-03-25,2026-03-25 11:09:00,523.64,523.69,523.64,523.69,0.01,56.47,29861.28,1
2026-03-25,2026-03-25 11:10:00,523.69,523.74,523.69,523.74,0.01,56.47,29861.28,1
2026-03-25,2026-03-25 11:11:00,523.74,523.79,523.74,523.79,0.01,56.47,29861.28,1
2026-03-25,2026-03-25 11:12:00,523.79,523.84,523.79,523.84,0.01,56.47,29861.28,1
2026-03-25,2026-03-25 11:13:00,523.84,523.89,523.84,523.89,0.01,56.47,29861.28,1
2026-03-25,2026-03-25 11:14:00,523.89,523.94,523.89,523.94,0.01,56.47,29861.28,1
2026-03-25,2026-03-25 11:15:00,523.94,523.99,523.94,523.99,0.01,56.47,29861.28,1
2026-03-25,2026-03-25 11:16:00,523.99,524.04,523.99,524.04,0.01,56.47,29861.28,1
2026-03-25,2026-03-25 11:17:00,524.04,524.09,524.04,524.09,0.01,56.47,29861.28,1
2026-03-25,2026-03-25 11:18:00,524.09,524.13,524.09,524.13,0.01,56.47,29861.28,1
2026-03-25,2026-03-25 11:19:00,524.13,524.18,524.13,524.18,0.01,56.47,29861.28,1
2026-03-25,2026-03-25 11:20:00,524.18,524.23,524.18,524.23,0.01,56.47,29861.28,1
2026-03-25,2026-03-25 11:21:00,524.23,524.28,524.23,524.28,0.01,56.47,29861.28,1
2026-03-25,2026-03-25 11:22:00,524.28,524.33,524.28,524.33,0.01,56.47,29861.28,1
2026-03-25,2026-03-25 11:23:00,524.33,524.38,524.33,524.38,0.01,56.47,29861.28,1
2026-03-25,2026-03-25 11:24:00,524.38,524.43,524.38,524.43,0.01,56.47,29861.28,1
2026-03-25,2026-03-25 11:25:00,524.43,524.48,524.43,524.48,0.01,56.47,29861.28,1
2026-03-25,2026-03-25 11:26:00,524.48,524.53,524.48,524.53,0.01,56.47,29861.28,1
2026-03-25,2026-03-25 11:27:00,524.53,524.58,524.53,524.58,0.01,56.47,29861.28,1
2026-03-25,2026-03-25 11:28:00,524.58,524.63,524.58,524.63,0.01,56.47,29861.28,1
2026-03-25,2026-03-25 11:29:00,524.63,524.68,524.63,524.68,0.01,56.47,29861.28,1
2026-03-25,2026-03-25 11:30:00,524.68,524.72,524.68,524.72,0.01,56.47,29861.28,1
2026-03-25,2026-03-25 11:31:00,524.72,524.77,524.72,524.77,0.01,56.47,29861.28,1
2026-03-25,2026-03-25 11:32:00,524.77,524.82,524.77,524.82,0.01,56.47,29861.28,1
2026-03-25,2026-03-25 11:33:00,524.82,524.87,524.82,524.87,0.01,56.47,29861.28,1
2026-03-25,2026-03-25 11:34:00,524.87,524.92,524.87,524.92,0.01,56.47,29861.28,1
2026-03-25,2026-03-25 11:35:00,524.92,524.97,524.92,524.97,0.01,56.47,29861.28,1
2026-03-25,2026-03-25 11:36:00,524.97,525.02,524.97,525.02,0.01,56.47,29861.28,1
2026-03-25,2026-03-25 11:37:00,525.02,525.07,525.02,525.07,0.01,56.47,29861.28,1
2026-03-25,2026-03-25 11:38:00,525.07,525.12,525.07,525.12,0.01,56.47,29861.28,1
2026-03-25,2026-03-25 11:39:00,525.12,525.17,525.12,525.17,0.01,56.47,29861.28,1
2026-03-25,2026-03-25 11:40:00,525.17,525.22,525.17,525.22,0.01,56.47,29861.28,1
2026-03-25,2026-03-25 11:41:00,525.22,525.26,525.22,525.26,0.01,56.47,29861.28,1
2026-03-25,2026-03-25 11:42:00,525.26,525.31,525.26,525.31,0.01,56.47,29861.28,1
2026-03-25,2026-03-25 11:43:00,525.31,525.36,525.31,525.36,0.01,56.47,29861.28,1
2026-03-25,2026-03-25 11:44:00,525.36,525.41,525.36,525.41,0.01,56.47,29861.28,1
2026-03-25,2026-03-25 11:45:00,525.41,525.46,525.41,525.46,0.01,56.47,29861.28,1
2026-03-25,2026-03-25 11:46:00,525.46,525.51,525.46,525.51,0.01,56.47,29861.28,1
2026-03-25,2026-03-25 11:47:00,525.51,525.56,525.51,525.56,0.01,56.47,29861.28,1
2026-03-25,2026-03-25 11:48:00,525.56,525.61,525.56,525.61,0.01,56.47,29861.28,1
2026-03-25,2026-03-25 11:49:00,525.61,525.66,525.61,525.66,0.01,56.47,29861.28,1
2026-03-25,2026-03-25 11:50:00,525.66,525.71,525.66,525.71,0.01,56.47,29861.28,1
2026-03-25,2026-03-25 11:51:00,525.71,525.76,525.71,525.76,0.01,56.47,29861.28,1
2026-03-25,2026-03-25 11:52:00,525.76,525.81,525.76,525.81,0.01,56.47,29861.28,1
2026-03-25,2026-03-25 11:53:00,525.81,525.86,525.81,525.86,0.01,56.47,29861.28,1
2026-03-25,2026-03-25 11:54:00,525.86,525.9,525.86,525.9,0.01,56.47,29861.28,1
2026-03-25,2026-03-25 11:55:00,525.9,525.95,525.9,525.95,0.01,56.47,29861.28,1
2026-03-25,2026-03-25 11:56:00,525.95,526.0,525.95,526.0,0.01,56.47,29861.28,1
2026-03-25,2026-03-25 11:57:00,526.0,526.05,526.0,526.05,0.01,56.47,29861.28,1
2026-03-25,2026-03-25 11:58:00,526.05,526.1,526.05,526.1,0.01,56.47,29861.28,1
2026-03-25,2026-03-25 11:59:00,526.1,526.15,526.1,526.15,0.01,56.47,29861.28,1
2026-03-25,2026-03-25 12:00:00,526.15,526.2,526.15,526.2,0.01,56.47,29861.28,1
2026-03-25,2026-03-25 12:01:00,526.2,526.25,526.2,526.25,0.01,56.47,29861.28,1
2026-03-25,2026-03-25 12:02:00,526.25,526.3,526.25,526.3,0.01,56.47,29861.28,1
2026-03-25,2026-03-25 12:03:00,526.3,526.35,526.3,526.35,0.01,56.47,29861.28,1
2026-03-25,2026-03-25 12:04:00,526.35,526.4,526.35,526.4,0.01,56.47,29861.28,1
2026-03-25,2026-03-25 12:05:00,526.4,526.45,526.4,526.45,0.01,56.47,29861.28,1
2026-03-25,2026-03-25 12:06:00,526.45,526.49,526.45,526.49,0.01,56.47,29861.28,1
2026-03-25,2026-03-25 12:07:00,526.49,526.54,526.49,526.54,0.01,56.47,29861.28,1
2026-03-25,2026-03-25 12:08:00,526.54,526.59,526.54,526.59,0.01,56.47,29861.28,1
2026-03-25,2026-03-25 12:09:00,526.59,526.64,526.59,526.64,0.01,56.47,29861.28,1
2026-03-25,2026-03-25 12:10:00,526.64,526.69,526.64,526.69,0.01,56.47,29861.28,1
2026-03-25,2026-03-25 12:11:00,526.69,526.74,526.69,526.74,0.01,56.47,29861.28,1
2026-03-25,2026-03-25 12:12:00,526.74,526.79,526.74,526.79,0.01,56.47,29861.28,1
2026-03-25,2026-03-25 12:13:00,526.79,526.84,526.79,526.84,0.01,56.47,29861.28,1
2026-03-25,2026-03-25 12:14:00,526.84,526.89,526.84,526.89,0.01,56.47,29861.28,1
2026-03-25,2026-03-25 12:15:00,526.89,526.94,526.89,526.94,0.01,56.47,29861.28,1
2026-03-25,2026-03-25 12:16:00,526.94,526.99,526.94,526.99,0.01,56.47,29861.28,1
2026-03-25,2026-03-25 12:17:00,526.99,527.04,526.99,527.04,0.01,56.47,29861.28,1
2026-03-25,2026-03-25 12:18:00,527.04,527.08,527.04,527.08,0.01,56.47,29861.28,1
2026-03-25,2026-03-25 12:19:00,527.08,527.13,527.08,527.13,0.01,56.47,29861.28,1
2026-03-25,2026-03-25 12:20:00,527.13,527.18,527.13,527.18,0.01,56.47,29861.28,1
2026-03-25,2026-03-25 12:21:00,527.18,527.23,527.18,527.23,0.01,56.47,29861.28,1
2026-03-25,2026-03-25 12:22:00,527.23,527.28,527.23,527.28,0.01,56.47,29861.28,1
2026-03-25,2026-03-25 12:23:00,527.28,527.33,527.28,527.33,0.01,56.47,29861.28,1
2026-03-25,2026-03-25 12:24:00,527.33,527.38,527.33,527.38,0.01,56.47,29861.28,1
2026-03-25,2026-03-25 12:25:00,527.38,527.43,527.38,527.43,0.01,56.47,29861.28,1
2026-03-25,2026-03-25 12:26:00,527.43,527.48,527.43,527.48,0.01,56.47,29861.28,1
2026-03-25,2026-03-25 12:27:00,527.48,527.53,527.48,527.53,0.01,56.47,29861.28,1
2026-03-25,2026-03-25 12:28:00,527.53,527.58,527.53,527.58,0.01,56.47,29861.28,1
2026-03-25,2026-03-25 12:29:00,527.58,527.62,527.58,527.62,0.01,56.47,29861.28,1
2026-03-25,2026-03-25 12:30:00,527.62,527.67,527.62,527.67,0.01,56.47,29861.28,1
2026-03-25,2026-03-25 12:31:00,527.67,527.72,527.67,527.72,0.01,56.47,29861.28,1
2026-03-25,2026-03-25 12:32:00,527.72,527.77,527.72,527.77,0.01,56.47,29861.28,1
2026-03-25,2026-03-25 12:33:00,527.77,527.82,527.77,527.82,0.01,56.47,29861.28,1
2026-03-25,2026-03-25 12:34:00,527.82,527.87,527.82,527.87,0.01,56.47,29861.28,1
2026-03-25,2026-03-25 12:35:00,527.87,527.92,527.87,527.92,0.01,56.47,29861.28,1
2026-03-25,2026-03-25 12:36:00,527.92,527.97,527.92,527.97,0.01,56.47,29861.28,1
2026-03-25,2026-03-25 12:37:00,527.97,528.02,527.97,528.02,0.01,56.47,29861.28,1
2026-03-25,2026-03-25 12:38:00,528.02,528.07,528.02,528.07,0.01,56.47,29861.28,1
2026-03-25,2026-03-25 12:39:00,528.07,528.12,528.07,528.12,0.01,56.47,29861.28,1
2026-03-25,2026-03-25 12:40:00,528.12,528.17,528.12,528.17,0.01,56.47,29861.28,1
2026-03-25,2026-03-25 12:41:00,528.17,528.22,528.17,528.22,0.01,56.47,29861.28,1
2026-03-25,2026-03-25 12:42:00,528.22,528.26,528.22,528.26,0.01,56.47,29861.28,1
2026-03-25,2026-03-25 12:43:00,528.26,528.31,528.26,528.31,0.01,56.47,29861.28,1
2026-03-25,2026-03-25 12:44:00,528.31,528.36,528.31,528.36,0.01,56.47,29861.28,1
2026-03-25,2026-03-25 12:45:00,528.36,528.41,528.36,528.41,0.01,56.47,29861.28,1
2026-03-25,2026-03-25 12:46:00,528.41,528.46,528.41,528.46,0.01,56.47,29861.28,1
2026-03-25,2026-03-25 12:47:00,528.46,528.51,528.46,528.51,0.01,56.47,29861.28,1
2026-03-25,2026-03-25 12:48:00,528.51,528.56,528.51,528.56,0.01,56.47,29861.28,1
2026-03-25,2026-03-25 12:49:00,528.56,528.61,528.56,528.61,0.01,56.47,29861.28,1
2026-03-25,2026-03-25 12:50:00,528.61,528.66,528.61,528.66,0.01,56.47,29861.28,1
2026-03-25,2026-03-25 12:51:00,528.66,528.71,528.66,528.71,0.01,56.47,29861.28,1
2026-03-25,2026-03-25 12:52:00,528.71,528.76,528.71,528.76,0.01,56.47,29861.28,1
2026-03-25,2026-03-25 12:53:00,528.76,528.81,528.76,528.81,0.01,56.47,29861.28,1
2026-03-25,2026-03-25 12:54:00,528.81,528.85,528.81,528.85,0.01,56.47,29861.28,1
2026-03-25,2026-03-25 12:55:00,528.85,528.9,528.85,528.9,0.01,56.47,29861.28,1
2026-03-25,2026-03-25 12:56:00,528.9,528.95,528.9,528.95,0.01,56.47,29861.28,1
2026-03-25,2026-03-25 12:57:00,528.95,529.0,528.95,529.0,0.01,56.47,29861.28,1
2026-03-25,2026-03-25 12:58:00,529.0,529.05,529.0,529.05,0.01,56.47,29861.28,1
2026-03-25,2026-03-25 12:59:00,529.05,529.1,529.05,529.1,0.01,56.47,29861.28,1
2026-03-25,2026-03-25 13:00:00,529.1,535.0,523.2,529.15,0.01,56.47,29861.28,1
2026-03-25,2026-03-25 13:01:00,529.15,529.2,529.15,529.2,0.01,56.47,29861.28,1
2026-03-25,2026-03-25 13:02:00,529.2,529.25,529.2,529.25,0.01,56.47,29861.28,1
2026-03-25,2026-03-25 13:03:00,529.25,529.3,529.25,529.3,0.01,56.47,29861.28,1
2026-03-25,2026-03-25 13:04:00,529.3,529.35,529.3,529.35,0.01,56.47,29861.28,1
2026-03-25,2026-03-25 13:05:00,529.35,529.39,529.35,529.39,0.01,56.47,29861.28,1
2026-03-25,2026-03-25 13:06:00,529.39,529.44,529.39,529.44,0.01,56.47,29861.28,1
2026-03-25,2026-03-25 13:07:00,529.44,529.49,529.44,529.49,0.01,56.47,29861.28,1
2026-03-25,2026-03-25 13:08:00,529.49,529.54,529.49,529.54,0.01,56.47,29861.28,1
2026-03-25,2026-03-25 13:09:00,529.54,529.59,529.54,529.59,0.01,56.47,29861.28,1
2026-03-25,2026-03-25 13:10:00,529.59,529.64,529.59,529.64,0.01,56.47,29861.28,1
2026-03-25,2026-03-25 13:11:00,529.64,529.69,529.64,529.69,0.01,56.47,29861.28,1
2026-03-25,2026-03-25 13:12:00,529.69,529.74,529.69,529.74,0.01,56.47,29861.28,1
2026-03-25,2026-03-25 13:13:00,529.74,529.79,529.74,529.79,0.01,56.47,29861.28,1
2026-03-25,2026-03-25 13:14:00,529.79,529.84,529.79,529.84,0.01,56.47,29861.28,1
2026-03-25,2026-03-25 13:15:00,529.84,529.89,529.84,529.89,0.01,56.47,29861.28,1
2026-03-25,2026-03-25 13:16:00,529.89,529.94,529.89,529.94,0.01,56.47,29861.28,1
2026-03-25,2026-03-25 13:17:00,529.94,529.99,529.94,529.99,0.01,56.47,29861.28,1
2026-03-25,2026-03-25 13:18:00,529.99,530.03,529.99,530.03,0.01,56.47,29861.28,1
2026-03-25,2026-03-25 13:19:00,530.03,530.08,530.03,530.08,0.01,56.47,29861.28,1
2026-03-25,2026-03-25 13:20:00,530.08,530.13,530.08,530.13,0.01,56.47,29861.28,1
2026-03-25,2026-03-25 13:21:00,530.13,530.18,530.13,530.18,0.01,56.47,29861.28,1
2026-03-25,2026-03-25 13:22:00,530.18,530.23,530.18,530.23,0.01,56.47,29861.28,1
2026-03-25,2026-03-25 13:23:00,530.23,530.28,530.23,530.28,0.01,56.47,29861.28,1
2026-03-25,2026-03-25 13:24:00,530.28,530.33,530.28,530.33,0.01,56.47,29861.28,1
2026-03-25,2026-03-25 13:25:00,530.33,530.38,530.33,530.38,0.01,56.47,29861.28,1
2026-03-25,2026-03-25 13:26:00,530.38,530.43,530.38,530.43,0.01,56.47,29861.28,1
2026-03-25,2026-03-25 13:27:00,530.43,530.48,530.43,530.48,0.01,56.47,29861.28,1
2026-03-25,2026-03-25 13:28:00,530.48,530.53,530.48,530.53,0.01,56.47,29861.28,1
2026-03-25,2026-03-25 13:29:00,530.53,530.58,530.53,530.58,0.01,56.47,29861.28,1
2026-03-25,2026-03-25 13:30:00,530.58,530.62,530.58,530.62,0.01,56.47,29861.28,1
2026-03-25,2026-03-25 13:31:00,530.62,530.67,530.62,530.67,0.01,56.47,29861.28,1
2026-03-25,2026-03-25 13:32:00,530.67,530.72,530.67,530.72,0.01,56.47,29861.28,1
2026-03-25,2026-03-25 13:33:00,530.72,530.77,530.72,530.77,0.01,56.47,29861.28,1
2026-03-25,2026-03-25 13:34:00,530.77,530.82,530.77,530.82,0.01,56.47,29861.28,1
2026-03-25,2026-03-25 13:35:00,530.82,530.87,530.82,530.87,0.01,56.47,29861.28,1
2026-03-25,2026-03-25 13:36:00,530.87,530.92,530.87,530.92,0.01,56.47,29861.28,1
2026-03-25,2026-03-25 13:37:00,530.92,530.97,530.92,530.97,0.01,56.47,29861.28,1
2026-03-25,2026-03-25 13:38:00,530.97,531.02,530.97,531.02,0.01,56.47,29861.28,1
2026-03-25,2026-03-25 13:39:00,531.02,531.07,531.02,531.07,0.01,56.47,29861.28,1
2026-03-25,2026-03-25 13:40:00,531.07,531.12,531.07,531.12,0.01,56.47,29861.28,1
2026-03-25,2026-03-25 13:41:00,531.12,531.16,531.12,531.16,0.01,56.47,29861.28,1
2026-03-25,2026-03-25 13:42:00,531.16,531.21,531.16,531.21,0.01,56.47,29861.28,1
2026-03-25,2026-03-25 13:43:00,531.21,531.26,531.21,531.26,0.01,56.47,29861.28,1
2026-03-25,2026-03-25 13:44:00,531.26,531.31,531.26,531.31,0.01,56.47,29861.28,1
2026-03-25,2026-03-25 13:45:00,531.31,531.36,531.31,531.36,0.01,56.47,29861.28,1
2026-03-25,2026-03-25 13:46:00,531.36,531.41,531.36,531.41,0.01,56.47,29861.28,1
2026-03-25,2026-03-25 13:47:00,531.41,531.46,531.41,531.46,0.01,56.47,29861.28,1
2026-03-25,2026-03-25 13:48:00,531.46,531.51,531.46,531.51,0.01,56.47,29861.28,1
2026-03-25,2026-03-25 13:49:00,531.51,531.56,531.51,531.56,0.01,56.47,29861.28,1
2026-03-25,2026-03-25 13:50:00,531.56,531.61,531.56,531.61,0.01,56.47,29861.28,1
2026-03-25,2026-03-25 13:51:00,531.61,531.66,531.61,531.66,0.01,56.47,29861.28,1
2026-03-25,2026-03-25 13:52:00,531.66,531.71,531.66,531.71,0.01,56.47,29861.28,1
2026-03-25,2026-03-25 13:53:00,531.71,531.75,531.71,531.75,0.01,56.47,29861.28,1
2026-03-25,2026-03-25 13:54:00,531.75,531.8,531.75,531.8,0.01,56.47,29861.28,1
2026-03-25,2026-03-25 13:55:00,531.8,531.85,531.8,531.85,0.01,56.47,29861.28,1
2026-03-25,2026-03-25 13:56:00,531.85,531.9,531.85,531.9,0.01,56.47,29861.28,1
2026-03-25,2026-03-25 13:57:00,531.9,531.95,531.9,531.95,0.01,56.47,29861.28,1
2026-03-25,2026-03-25 13:58:00,531.95,532.0,531.95,532.0,0.01,56.47,29861.28,1
2026-03-25,2026-03-25 13:59:00,532.0,532.05,532.0,532.05,0.01,56.47,29861.28,1
2026-03-25,2026-03-25 14:00:00,532.05,532.1,532.05,532.1,0.01,56.47,29861.28,1
2026-03-25,2026-03-25 14:01:00,532.1,532.15,532.1,532.15,0.01,56.47,29861.28,1
2026-03-25,2026-03-25 14:02:00,532.15,532.2,532.15,532.2,0.01,56.47,29861.28,1
2026-03-25,2026-03-25 14:03:00,532.2,532.25,532.2,532.25,0.01,56.47,29861.28,1
2026-03-25,2026-03-25 14:04:00,532.25,532.3,532.25,532.3,0.01,56.47,29861.28,1
2026-03-25,2026-03-25 14:05:00,532.3,532.35,532.3,532.35,0.01,56.47,29861.28,1
2026-03-25,2026-03-25 14:06:00,532.35,532.39,532.35,532.39,0.01,56.47,29861.28,1
2026-03-25,2026-03-25 14:07:00,532.39,532.44,532.39,532.44,0.01,56.47,29861.28,1
2026-03-25,2026-03-25 14:08:00,532.44,532.49,532.44,532.49,0.01,56.47,29861.28,1
2026-03-25,2026-03-25 14:09:00,532.49,532.54,532.49,532.54,0.01,56.47,29861.28,1
2026-03-25,2026-03-25 14:10:00,532.54,532.59,532.54,532.59,0.01,56.47,29861.28,1
2026-03-25,2026-03-25 14:11:00,532.59,532.64,532.59,532.64,0.01,56.47,29861.28,1
2026-03-25,2026-03-25 14:12:00,532.64,532.69,532.64,532.69,0.01,56.47,29861.28,1
2026-03-25,2026-03-25 14:13:00,532.69,532.74,532.69,532.74,0.01,56.47,29861.28,1
2026-03-25,2026-03-25 14:14:00,532.74,532.79,532.74,532.79,0.01,56.47,29861.28,1
2026-03-25,2026-03-25 14:15:00,532.79,532.84,532.79,532.84,0.01,56.47,29861.28,1
2026-03-25,2026-03-25 14:16:00,532.84,532.89,532.84,532.89,0.01,56.47,29861.28,1
2026-03-25,2026-03-25 14:17:00,532.89,532.94,532.89,532.94,0.01,56.47,29861.28,1
2026-03-25,2026-03-25 14:18:00,532.94,532.98,532.94,532.98,0.01,56.47,29861.28,1
2026-03-25,2026-03-25 14:19:00,532.98,533.03,532.98,533.03,0.01,56.47,29861.28,1
2026-03-25,2026-03-25 14:20:00,533.03,533.08,533.03,533.08,0.01,56.47,29861.28,1
2026-03-25,2026-03-25 14:21:00,533.08,533.13,533.08,533.13,0.01,56.47,29861.28,1
2026-03-25,2026-03-25 14:22:00,533.13,533.18,533.13,533.18,0.01,56.47,29861.28,1
2026-03-25,2026-03-25 14:23:00,533.18,533.23,533.18,533.23,0.01,56.47,29861.28,1
2026-03-25,2026-03-25 14:24:00,533.23,533.28,533.23,533.28,0.01,56.47,29861.28,1
2026-03-25,2026-03-25 14:25:00,533.28,533.33,533.28,533.33,0.01,56.47,29861.28,1
2026-03-25,2026-03-25 14:26:00,533.33,533.38,533.33,533.38,0.01,56.47,29861.28,1
2026-03-25,2026-03-25 14:27:00,533.38,533.43,533.38,533.43,0.01,56.47,29861.28,1
2026-03-25,2026-03-25 14:28:00,533.43,533.48,533.43,533.48,0.01,56.47,29861.28,1
2026-03-25,2026-03-25 14:29:00,533.48,533.52,533.48,533.52,0.01,56.47,29861.28,1
2026-03-25,2026-03-25 14:30:00,533.52,533.57,533.52,533.57,0.01,56.47,29861.28,1
2026-03-25,2026-03-25 14:31:00,533.57,533.62,533.57,533.62,0.01,56.47,29861.28,1
2026-03-25,2026-03-25 14:32:00,533.62,533.67,533.62,533.67,0.01,56.47,29861.28,1
2026-03-25,2026-03-25 14:33:00,533.67,533.72,533.67,533.72,0.01,56.47,29861.28,1
2026-03-25,2026-03-25 14:34:00,533.72,533.77,533.72,533.77,0.01,56.47,29861.28,1
2026-03-25,2026-03-25 14:35:00,533.77,533.82,533.77,533.82,0.01,56.47,29861.28,1
2026-03-25,2026-03-25 14:36:00,533.82,533.87,533.82,533.87,0.01,56.47,29861.28,1
2026-03-25,2026-03-25 14:37:00,533.87,533.92,533.87,533.92,0.01,56.47,29861.28,1
2026-03-25,2026-03-25 14:38:00,533.92,533.97,533.92,533.97,0.01,56.47,29861.28,1
2026-03-25,2026-03-25 14:39:00,533.97,534.02,533.97,534.02,0.01,56.47,29861.28,1
2026-03-25,2026-03-25 14:40:00,534.02,534.07,534.02,534.07,0.01,56.47,29861.28,1
2026-03-25,2026-03-25 14:41:00,534.07,534.12,534.07,534.12,0.01,56.47,29861.28,1
2026-03-25,2026-03-25 14:42:00,534.12,534.16,534.12,534.16,0.01,56.47,29861.28,1
2026-03-25,2026-03-25 14:43:00,534.16,534.21,534.16,534.21,0.01,56.47,29861.28,1
2026-03-25,2026-03-25 14:44:00,534.21,534.26,534.21,534.26,0.01,56.47,29861.28,1
2026-03-25,2026-03-25 14:45:00,534.26,534.31,534.26,534.31,0.01,56.47,29861.28,1
2026-03-25,2026-03-25 14:46:00,534.31,534.36,534.31,534.36,0.01,56.47,29861.28,1
2026-03-25,2026-03-25 14:47:00,534.36,534.41,534.36,534.41,0.01,56.47,29861.28,1
2026-03-25,2026-03-25 14:48:00,534.41,534.46,534.41,534.46,0.01,56.47,29861.28,1
2026-03-25,2026-03-25 14:49:00,534.46,534.51,534.46,534.51,0.01,56.47,29861.28,1
2026-03-25,2026-03-25 14:50:00,534.51,534.56,534.51,534.56,0.01,56.47,29861.28,1
2026-03-25,2026-03-25 14:51:00,534.56,534.61,534.56,534.61,0.01,56.47,29861.28,1
2026-03-25,2026-03-25 14:52:00,534.61,534.66,534.61,534.66,0.01,56.47,29861.28,1
2026-03-25,2026-03-25 14:53:00,534.66,534.71,534.66,534.71,0.01,56.47,29861.28,1
2026-03-25,2026-03-25 14:54:00,534.71,534.75,534.71,534.75,0.01,56.47,29861.28,1
2026-03-25,2026-03-25 14:55:00,534.75,534.8,534.75,534.8,0.01,56.47,29861.28,1
2026-03-25,2026-03-25 14:56:00,534.8,534.85,534.8,534.85,0.01,56.47,29861.28,1
2026-03-25,2026-03-25 14:57:00,534.85,534.9,534.85,534.9,0.01,56.47,29861.28,1
2026-03-25,2026-03-25 14:58:00,534.9,534.95,534.9,534.95,0.01,56.47,29861.28,1
2026-03-25,2026-03-25 14:59:00,534.95,535.0,534.95,535.0,0.01,56.47,29861.28,1
2026-03-25,2026-03-25 15:00:00,535.0,535.0,523.2,535.0,0.0,56.47,29861.28,0
2026-03-26,2026-03-26 11:00:00,529.0,530.5,527.86,529.01,0.0,28.46,15036.21,1
2026-03-26,2026-03-26 11:01:00,529.01,529.02,529.01,529.02,0.0,28.46,15036.21,1
2026-03-26,2026-03-26 11:02:00,529.02,529.02,529.02,529.02,0.0,28.46,15036.21,0
2026-03-26,2026-03-26 11:03:00,529.02,529.03,529.02,529.03,0.0,28.46,15036.21,1
2026-03-26,2026-03-26 11:04:00,529.03,529.04,529.03,529.04,0.0,28.46,15036.21,1
2026-03-26,2026-03-26 11:05:00,529.04,529.05,529.04,529.05,0.0,28.46,15036.21,1
2026-03-26,2026-03-26 11:06:00,529.05,529.06,529.05,529.06,0.0,28.46,15036.21,1
2026-03-26,2026-03-26 11:07:00,529.06,529.07,529.06,529.07,0.0,28.46,15036.21,1
2026-03-26,2026-03-26 11:08:00,529.07,529.08,529.07,529.08,0.0,28.46,15036.21,1
2026-03-26,2026-03-26 11:09:00,529.08,529.08,529.08,529.08,0.0,28.46,15036.21,0
2026-03-26,2026-03-26 11:10:00,529.08,529.09,529.08,529.09,0.0,28.46,15036.21,1
2026-03-26,2026-03-26 11:11:00,529.09,529.1,529.09,529.1,0.0,28.46,15036.21,1
2026-03-26,2026-03-26 11:12:00,529.1,529.11,529.1,529.11,0.0,28.46,15036.21,1
2026-03-26,2026-03-26 11:13:00,529.11,529.12,529.11,529.12,0.0,28.46,15036.21,1
2026-03-26,2026-03-26 11:14:00,529.12,529.12,529.12,529.12,0.0,28.46,15036.21,0
2026-03-26,2026-03-26 11:15:00,529.12,529.13,529.12,529.13,0.0,28.46,15036.21,1
2026-03-26,2026-03-26 11:16:00,529.13,529.14,529.13,529.14,0.0,28.46,15036.21,1
2026-03-26,2026-03-26 11:17:00,529.14,529.15,529.14,529.15,0.0,28.46,15036.21,1
2026-03-26,2026-03-26 11:18:00,529.15,529.16,529.15,529.16,0.0,28.46,15036.21,1
2026-03-26,2026-03-26 11:19:00,529.16,529.17,529.16,529.17,0.0,28.46,15036.21,1
2026-03-26,2026-03-26 11:20:00,529.17,529.17,529.17,529.17,0.0,28.46,15036.21,0
2026-03-26,2026-03-26 11:21:00,529.17,529.18,529.17,529.18,0.0,28.46,15036.21,1
2026-03-26,2026-03-26 11:22:00,529.18,529.19,529.18,529.19,0.0,28.46,15036.21,1
2026-03-26,2026-03-26 11:23:00,529.19,529.2,529.19,529.2,0.0,28.46,15036.21,1
2026-03-26,2026-03-26 11:24:00,529.2,529.21,529.2,529.21,0.0,28.46,15036.21,1
2026-03-26,2026-03-26 11:25:00,529.21,529.22,529.21,529.22,0.0,28.46,15036.21,1
2026-03-26,2026-03-26 11:26:00,529.22,529.23,529.22,529.23,0.0,28.46,15036.21,1
2026-03-26,2026-03-26 11:27:00,529.23,529.23,529.23,529.23,0.0,28.46,15036.21,0
2026-03-26,2026-03-26 11:28:00,529.23,529.24,529.23,529.24,0.0,28.46,15036.21,1
2026-03-26,2026-03-26 11:29:00,529.24,529.25,529.24,529.25,0.0,28.46,15036.21,1
2026-03-26,2026-03-26 11:30:00,529.25,529.26,529.25,529.26,0.0,28.46,15036.21,1
2026-03-26,2026-03-26 11:31:00,529.26,529.27,529.26,529.27,0.0,28.46,15036.21,1
2026-03-26,2026-03-26 11:32:00,529.27,529.27,529.27,529.27,0.0,28.46,15036.21,0
2026-03-26,2026-03-26 11:33:00,529.27,529.28,529.27,529.28,0.0,28.46,15036.21,1
2026-03-26,2026-03-26 11:34:00,529.28,529.29,529.28,529.29,0.0,28.46,15036.21,1
2026-03-26,2026-03-26 11:35:00,529.29,529.3,529.29,529.3,0.0,28.46,15036.21,1
2026-03-26,2026-03-26 11:36:00,529.3,529.31,529.3,529.31,0.0,28.46,15036.21,1
2026-03-26,2026-03-26 11:37:00,529.31,529.32,529.31,529.32,0.0,28.46,15036.21,1
2026-03-26,2026-03-26 11:38:00,529.32,529.33,529.32,529.33,0.0,28.46,15036.21,1
2026-03-26,2026-03-26 11:39:00,529.33,529.33,529.33,529.33,0.0,28.46,15036.21,0
2026-03-26,2026-03-26 11:40:00,529.33,529.34,529.33,529.34,0.0,28.46,15036.21,1
2026-03-26,2026-03-26 11:41:00,529.34,529.35,529.34,529.35,0.0,28.46,15036.21,1
2026-03-26,2026-03-26 11:42:00,529.35,529.36,529.35,529.36,0.0,28.46,15036.21,1
2026-03-26,2026-03-26 11:43:00,529.36,529.37,529.36,529.37,0.0,28.46,15036.21,1
2026-03-26,2026-03-26 11:44:00,529.37,529.38,529.37,529.38,0.0,28.46,15036.21,1
2026-03-26,2026-03-26 11:45:00,529.38,529.38,529.38,529.38,0.0,28.46,15036.21,0
2026-03-26,2026-03-26 11:46:00,529.38,529.39,529.38,529.39,0.0,28.46,15036.21,1
2026-03-26,2026-03-26 11:47:00,529.39,529.4,529.39,529.4,0.0,28.46,15036.21,1
2026-03-26,2026-03-26 11:48:00,529.4,529.41,529.4,529.41,0.0,28.46,15036.21,1
2026-03-26,2026-03-26 11:49:00,529.41,529.42,529.41,529.42,0.0,28.46,15036.21,1
2026-03-26,2026-03-26 11:50:00,529.42,529.42,529.42,529.42,0.0,28.46,15036.21,0
2026-03-26,2026-03-26 11:51:00,529.42,529.43,529.42,529.43,0.0,28.46,15036.21,1
2026-03-26,2026-03-26 11:52:00,529.43,529.44,529.43,529.44,0.0,28.46,15036.21,1
2026-03-26,2026-03-26 11:53:00,529.44,529.45,529.44,529.45,0.0,28.46,15036.21,1
2026-03-26,2026-03-26 11:54:00,529.45,529.46,529.45,529.46,0.0,28.46,15036.21,1
2026-03-26,2026-03-26 11:55:00,529.46,529.47,529.46,529.47,0.0,28.46,15036.21,1
2026-03-26,2026-03-26 11:56:00,529.47,529.48,529.47,529.48,0.0,28.46,15036.21,1
2026-03-26,2026-03-26 11:57:00,529.48,529.48,529.48,529.48,0.0,28.46,15036.21,0
2026-03-26,2026-03-26 11:58:00,529.48,529.49,529.48,529.49,0.0,28.46,15036.21,1
2026-03-26,2026-03-26 11:59:00,529.49,529.5,529.49,529.5,0.0,28.46,15036.21,1
2026-03-26,2026-03-26 12:00:00,529.5,529.51,529.5,529.51,0.0,28.46,15036.21,1
2026-03-26,2026-03-26 12:01:00,529.51,529.52,529.51,529.52,0.0,28.46,15036.21,1
2026-03-26,2026-03-26 12:02:00,529.52,529.52,529.52,529.52,0.0,28.46,15036.21,0
2026-03-26,2026-03-26 12:03:00,529.52,529.53,529.52,529.53,0.0,28.46,15036.21,1
2026-03-26,2026-03-26 12:04:00,529.53,529.54,529.53,529.54,0.0,28.46,15036.21,1
2026-03-26,2026-03-26 12:05:00,529.54,529.55,529.54,529.55,0.0,28.46,15036.21,1
2026-03-26,2026-03-26 12:06:00,529.55,529.56,529.55,529.56,0.0,28.46,15036.21,1
2026-03-26,2026-03-26 12:07:00,529.56,529.57,529.56,529.57,0.0,28.46,15036.21,1
2026-03-26,2026-03-26 12:08:00,529.57,529.58,529.57,529.58,0.0,28.46,15036.21,1
2026-03-26,2026-03-26 12:09:00,529.58,529.58,529.58,529.58,0.0,28.46,15036.21,0
2026-03-26,2026-03-26 12:10:00,529.58,529.59,529.58,529.59,0.0,28.46,15036.21,1
2026-03-26,2026-03-26 12:11:00,529.59,529.6,529.59,529.6,0.0,28.46,15036.21,1
2026-03-26,2026-03-26 12:12:00,529.6,529.61,529.6,529.61,0.0,28.46,15036.21,1
2026-03-26,2026-03-26 12:13:00,529.61,529.62,529.61,529.62,0.0,28.46,15036.21,1
2026-03-26,2026-03-26 12:14:00,529.62,529.62,529.62,529.62,0.0,28.46,15036.21,0
2026-03-26,2026-03-26 12:15:00,529.62,529.63,529.62,529.63,0.0,28.46,15036.21,1
2026-03-26,2026-03-26 12:16:00,529.63,529.64,529.63,529.64,0.0,28.46,15036.21,1
2026-03-26,2026-03-26 12:17:00,529.64,529.65,529.64,529.65,0.0,28.46,15036.21,1
2026-03-26,2026-03-26 12:18:00,529.65,529.66,529.65,529.66,0.0,28.46,15036.21,1
2026-03-26,2026-03-26 12:19:00,529.66,529.67,529.66,529.67,0.0,28.46,15036.21,1
2026-03-26,2026-03-26 12:20:00,529.67,529.67,529.67,529.67,0.0,28.46,15036.21,0
2026-03-26,2026-03-26 12:21:00,529.67,529.68,529.67,529.68,0.0,28.46,15036.21,1
2026-03-26,2026-03-26 12:22:00,529.68,529.69,529.68,529.69,0.0,28.46,15036.21,1
2026-03-26,2026-03-26 12:23:00,529.69,529.7,529.69,529.7,0.0,28.46,15036.21,1
2026-03-26,2026-03-26 12:24:00,529.7,529.71,529.7,529.71,0.0,28.46,15036.21,1
2026-03-26,2026-03-26 12:25:00,529.71,529.72,529.71,529.72,0.0,28.46,15036.21,1
2026-03-26,2026-03-26 12:26:00,529.72,529.73,529.72,529.73,0.0,28.46,15036.21,1
2026-03-26,2026-03-26 12:27:00,529.73,529.73,529.73,529.73,0.0,28.46,15036.21,0
2026-03-26,2026-03-26 12:28:00,529.73,529.74,529.73,529.74,0.0,28.46,15036.21,1
2026-03-26,2026-03-26 12:29:00,529.74,529.75,529.74,529.75,0.0,28.46,15036.21,1
2026-03-26,2026-03-26 12:30:00,529.75,529.76,529.75,529.76,0.0,28.46,15036.21,1
2026-03-26,2026-03-26 12:31:00,529.76,529.77,529.76,529.77,0.0,28.46,15036.21,1
2026-03-26,2026-03-26 12:32:00,529.77,529.77,529.77,529.77,0.0,28.46,15036.21,0
2026-03-26,2026-03-26 12:33:00,529.77,529.78,529.77,529.78,0.0,28.46,15036.21,1
2026-03-26,2026-03-26 12:34:00,529.78,529.79,529.78,529.79,0.0,28.46,15036.21,1
2026-03-26,2026-03-26 12:35:00,529.79,529.8,529.79,529.8,0.0,28.46,15036.21,1
2026-03-26,2026-03-26 12:36:00,529.8,529.81,529.8,529.81,0.0,28.46,15036.21,1
2026-03-26,2026-03-26 12:37:00,529.81,529.82,529.81,529.82,0.0,28.46,15036.21,1
2026-03-26,2026-03-26 12:38:00,529.82,529.83,529.82,529.83,0.0,28.46,15036.21,1
2026-03-26,2026-03-26 12:39:00,529.83,529.83,529.83,529.83,0.0,28.46,15036.21,0
2026-03-26,2026-03-26 12:40:00,529.83,529.84,529.83,529.84,0.0,28.46,15036.21,1
2026-03-26,2026-03-26 12:41:00,529.84,529.85,529.84,529.85,0.0,28.46,15036.21,1
2026-03-26,2026-03-26 12:42:00,529.85,529.86,529.85,529.86,0.0,28.46,15036.21,1
2026-03-26,2026-03-26 12:43:00,529.86,529.87,529.86,529.87,0.0,28.46,15036.21,1
2026-03-26,2026-03-26 12:44:00,529.87,529.88,529.87,529.88,0.0,28.46,15036.21,1
2026-03-26,2026-03-26 12:45:00,529.88,529.88,529.88,529.88,0.0,28.46,15036.21,0
2026-03-26,2026-03-26 12:46:00,529.88,529.89,529.88,529.89,0.0,28.46,15036.21,1
2026-03-26,2026-03-26 12:47:00,529.89,529.9,529.89,529.9,0.0,28.46,15036.21,1
2026-03-26,2026-03-26 12:48:00,529.9,529.91,529.9,529.91,0.0,28.46,15036.21,1
2026-03-26,2026-03-26 12:49:00,529.91,529.92,529.91,529.92,0.0,28.46,15036.21,1
2026-03-26,2026-03-26 12:50:00,529.92,529.92,529.92,529.92,0.0,28.46,15036.21,0
2026-03-26,2026-03-26 12:51:00,529.92,529.93,529.92,529.93,0.0,28.46,15036.21,1
2026-03-26,2026-03-26 12:52:00,529.93,529.94,529.93,529.94,0.0,28.46,15036.21,1
2026-03-26,2026-03-26 12:53:00,529.94,529.95,529.94,529.95,0.0,28.46,15036.21,1
2026-03-26,2026-03-26 12:54:00,529.95,529.96,529.95,529.96,0.0,28.46,15036.21,1
2026-03-26,2026-03-26 12:55:00,529.96,529.97,529.96,529.97,0.0,28.46,15036.21,1
2026-03-26,2026-03-26 12:56:00,529.97,529.98,529.97,529.98,0.0,28.46,15036.21,1
2026-03-26,2026-03-26 12:57:00,529.98,529.98,529.98,529.98,0.0,28.46,15036.21,0
2026-03-26,2026-03-26 12:58:00,529.98,529.99,529.98,529.99,0.0,28.46,15036.21,1
2026-03-26,2026-03-26 12:59:00,529.99,530.0,529.99,530.0,0.0,28.46,15036.21,1
2026-03-26,2026-03-26 13:00:00,530.0,534.0,525.2,530.01,0.0,28.46,15036.21,1
2026-03-26,2026-03-26 13:01:00,530.01,530.02,530.01,530.02,0.0,28.46,15036.21,1
2026-03-26,2026-03-26 13:02:00,530.02,530.02,530.02,530.02,0.0,28.46,15036.21,0
2026-03-26,2026-03-26 13:03:00,530.02,530.03,530.02,530.03,0.0,28.46,15036.21,1
2026-03-26,2026-03-26 13:04:00,530.03,530.04,530.03,530.04,0.0,28.46,15036.21,1
2026-03-26,2026-03-26 13:05:00,530.04,530.05,530.04,530.05,0.0,28.46,15036.21,1
2026-03-26,2026-03-26 13:06:00,530.05,530.06,530.05,530.06,0.0,28.46,15036.21,1
2026-03-26,2026-03-26 13:07:00,530.06,530.07,530.06,530.07,0.0,28.46,15036.21,1
2026-03-26,2026-03-26 13:08:00,530.07,530.08,530.07,530.08,0.0,28.46,15036.21,1
2026-03-26,2026-03-26 13:09:00,530.08,530.08,530.08,530.08,0.0,28.46,15036.21,0
2026-03-26,2026-03-26 13:10:00,530.08,530.09,530.08,530.09,0.0,28.46,15036.21,1
2026-03-26,2026-03-26 13:11:00,530.09,530.1,530.09,530.1,0.0,28.46,15036.21,1
2026-03-26,2026-03-26 13:12:00,530.1,530.11,530.1,530.11,0.0,28.46,15036.21,1
2026-03-26,2026-03-26 13:13:00,530.11,530.12,530.11,530.12,0.0,28.46,15036.21,1
2026-03-26,2026-03-26 13:14:00,530.12,530.12,530.12,530.12,0.0,28.46,15036.21,0
2026-03-26,2026-03-26 13:15:00,530.12,530.13,530.12,530.13,0.0,28.46,15036.21,1
2026-03-26,2026-03-26 13:16:00,530.13,530.14,530.13,530.14,0.0,28.46,15036.21,1
2026-03-26,2026-03-26 13:17:00,530.14,530.15,530.14,530.15,0.0,28.46,15036.21,1
2026-03-26,2026-03-26 13:18:00,530.15,530.16,530.15,530.16,0.0,28.46,15036.21,1
2026-03-26,2026-03-26 13:19:00,530.16,530.17,530.16,530.17,0.0,28.46,15036.21,1
2026-03-26,2026-03-26 13:20:00,530.17,530.17,530.17,530.17,0.0,28.46,15036.21,0
2026-03-26,2026-03-26 13:21:00,530.17,530.18,530.17,530.18,0.0,28.46,15036.21,1
2026-03-26,2026-03-26 13:22:00,530.18,530.19,530.18,530.19,0.0,28.46,15036.21,1
2026-03-26,2026-03-26 13:23:00,530.19,530.2,530.19,530.2,0.0,28.46,15036.21,1
2026-03-26,2026-03-26 13:24:00,530.2,530.21,530.2,530.21,0.0,28.46,15036.21,1
2026-03-26,2026-03-26 13:25:00,530.21,530.22,530.21,530.22,0.0,28.46,15036.21,1
2026-03-26,2026-03-26 13:26:00,530.22,530.23,530.22,530.23,0.0,28.46,15036.21,1
2026-03-26,2026-03-26 13:27:00,530.23,530.23,530.23,530.23,0.0,28.46,15036.21,0
2026-03-26,2026-03-26 13:28:00,530.23,530.24,530.23,530.24,0.0,28.46,15036.21,1
2026-03-26,2026-03-26 13:29:00,530.24,530.25,530.24,530.25,0.0,28.46,15036.21,1
2026-03-26,2026-03-26 13:30:00,530.25,530.26,530.25,530.26,0.0,28.46,15036.21,1
2026-03-26,2026-03-26 13:31:00,530.26,530.27,530.26,530.27,0.0,28.46,15036.21,1
2026-03-26,2026-03-26 13:32:00,530.27,530.27,530.27,530.27,0.0,28.46,15036.21,0
2026-03-26,2026-03-26 13:33:00,530.27,530.28,530.27,530.28,0.0,28.46,15036.21,1
2026-03-26,2026-03-26 13:34:00,530.28,530.29,530.28,530.29,0.0,28.46,15036.21,1
2026-03-26,2026-03-26 13:35:00,530.29,530.3,530.29,530.3,0.0,28.46,15036.21,1
2026-03-26,2026-03-26 13:36:00,530.3,530.31,530.3,530.31,0.0,28.46,15036.21,1
2026-03-26,2026-03-26 13:37:00,530.31,530.32,530.31,530.32,0.0,28.46,15036.21,1
2026-03-26,2026-03-26 13:38:00,530.32,530.33,530.32,530.33,0.0,28.46,15036.21,1
2026-03-26,2026-03-26 13:39:00,530.33,530.33,530.33,530.33,0.0,28.46,15036.21,0
2026-03-26,2026-03-26 13:40:00,530.33,530.34,530.33,530.34,0.0,28.46,15036.21,1
2026-03-26,2026-03-26 13:41:00,530.34,530.35,530.34,530.35,0.0,28.46,15036.21,1
2026-03-26,2026-03-26 13:42:00,530.35,530.36,530.35,530.36,0.0,28.46,15036.21,1
2026-03-26,2026-03-26 13:43:00,530.36,530.37,530.36,530.37,0.0,28.46,15036.21,1
2026-03-26,2026-03-26 13:44:00,530.37,530.38,530.37,530.38,0.0,28.46,15036.21,1
2026-03-26,2026-03-26 13:45:00,530.38,530.38,530.38,530.38,0.0,28.46,15036.21,0
2026-03-26,2026-03-26 13:46:00,530.38,530.39,530.38,530.39,0.0,28.46,15036.21,1
2026-03-26,2026-03-26 13:47:00,530.39,530.4,530.39,530.4,0.0,28.46,15036.21,1
2026-03-26,2026-03-26 13:48:00,530.4,530.41,530.4,530.41,0.0,28.46,15036.21,1
2026-03-26,2026-03-26 13:49:00,530.41,530.42,530.41,530.42,0.0,28.46,15036.21,1
2026-03-26,2026-03-26 13:50:00,530.42,530.42,530.42,530.42,0.0,28.46,15036.21,0
2026-03-26,2026-03-26 13:51:00,530.42,530.43,530.42,530.43,0.0,28.46,15036.21,1
2026-03-26,2026-03-26 13:52:00,530.43,530.44,530.43,530.44,0.0,28.46,15036.21,1
2026-03-26,2026-03-26 13:53:00,530.44,530.45,530.44,530.45,0.0,28.46,15036.21,1
2026-03-26,2026-03-26 13:54:00,530.45,530.46,530.45,530.46,0.0,28.46,15036.21,1
2026-03-26,2026-03-26 13:55:00,530.46,530.47,530.46,530.47,0.0,28.46,15036.21,1
2026-03-26,2026-03-26 13:56:00,530.47,530.48,530.47,530.48,0.0,28.46,15036.21,1
2026-03-26,2026-03-26 13:57:00,530.48,530.48,530.48,530.48,0.0,28.46,15036.21,0
2026-03-26,2026-03-26 13:58:00,530.48,530.49,530.48,530.49,0.0,28.46,15036.21,1
2026-03-26,2026-03-26 13:59:00,530.49,530.5,530.49,530.5,0.0,28.46,15036.21,1
2026-03-26,2026-03-26 14:00:00,530.5,530.51,530.5,530.51,0.0,28.46,15036.21,1
2026-03-26,2026-03-26 14:01:00,530.51,530.52,530.51,530.52,0.0,28.46,15036.21,1
2026-03-26,2026-03-26 14:02:00,530.52,530.52,530.52,530.52,0.0,28.46,15036.21,0
2026-03-26,2026-03-26 14:03:00,530.52,530.53,530.52,530.53,0.0,28.46,15036.21,1
2026-03-26,2026-03-26 14:04:00,530.53,530.54,530.53,530.54,0.0,28.46,15036.21,1
2026-03-26,2026-03-26 14:05:00,530.54,530.55,530.54,530.55,0.0,28.46,15036.21,1
2026-03-26,2026-03-26 14:06:00,530.55,530.56,530.55,530.56,0.0,28.46,15036.21,1
2026-03-26,2026-03-26 14:07:00,530.56,530.57,530.56,530.57,0.0,28.46,15036.21,1
2026-03-26,2026-03-26 14:08:00,530.57,530.58,530.57,530.58,0.0,28.46,15036.21,1
2026-03-26,2026-03-26 14:09:00,530.58,530.58,530.58,530.58,0.0,28.46,15036.21,0
2026-03-26,2026-03-26 14:10:00,530.58,530.59,530.58,530.59,0.0,28.46,15036.21,1
2026-03-26,2026-03-26 14:11:00,530.59,530.6,530.59,530.6,0.0,28.46,15036.21,1
2026-03-26,2026-03-26 14:12:00,530.6,530.61,530.6,530.61,0.0,28.46,15036.21,1
2026-03-26,2026-03-26 14:13:00,530.61,530.62,530.61,530.62,0.0,28.46,15036.21,1
2026-03-26,2026-03-26 14:14:00,530.62,530.62,530.62,530.62,0.0,28.46,15036.21,0
2026-03-26,2026-03-26 14:15:00,530.62,530.63,530.62,530.63,0.0,28.46,15036.21,1
2026-03-26,2026-03-26 14:16:00,530.63,530.64,530.63,530.64,0.0,28.46,15036.21,1
2026-03-26,2026-03-26 14:17:00,530.64,530.65,530.64,530.65,0.0,28.46,15036.21,1
2026-03-26,2026-03-26 14:18:00,530.65,530.66,530.65,530.66,0.0,28.46,15036.21,1
2026-03-26,2026-03-26 14:19:00,530.66,530.67,530.66,530.67,0.0,28.46,15036.21,1
2026-03-26,2026-03-26 14:20:00,530.67,530.67,530.67,530.67,0.0,28.46,15036.21,0
2026-03-26,2026-03-26 14:21:00,530.67,530.68,530.67,530.68,0.0,28.46,15036.21,1
2026-03-26,2026-03-26 14:22:00,530.68,530.69,530.68,530.69,0.0,28.46,15036.21,1
2026-03-26,2026-03-26 14:23:00,530.69,530.7,530.69,530.7,0.0,28.46,15036.21,1
2026-03-26,2026-03-26 14:24:00,530.7,530.71,530.7,530.71,0.0,28.46,15036.21,1
2026-03-26,2026-03-26 14:25:00,530.71,530.72,530.71,530.72,0.0,28.46,15036.21,1
2026-03-26,2026-03-26 14:26:00,530.72,530.73,530.72,530.73,0.0,28.46,15036.21,1
2026-03-26,2026-03-26 14:27:00,530.73,530.73,530.73,530.73,0.0,28.46,15036.21,0
2026-03-26,2026-03-26 14:28:00,530.73,530.74,530.73,530.74,0.0,28.46,15036.21,1
2026-03-26,2026-03-26 14:29:00,530.74,530.75,530.74,530.75,0.0,28.46,15036.21,1
2026-03-26,2026-03-26 14:30:00,530.75,530.76,530.75,530.76,0.0,28.46,15036.21,1
2026-03-26,2026-03-26 14:31:00,530.76,530.77,530.76,530.77,0.0,28.46,15036.21,1
2026-03-26,2026-03-26 14:32:00,530.77,530.77,530.77,530.77,0.0,28.46,15036.21,0
2026-03-26,2026-03-26 14:33:00,530.77,530.78,530.77,530.78,0.0,28.46,15036.21,1
2026-03-26,2026-03-26 14:34:00,530.78,530.79,530.78,530.79,0.0,28.46,15036.21,1
2026-03-26,2026-03-26 14:35:00,530.79,530.8,530.79,530.8,0.0,28.46,15036.21,1
2026-03-26,2026-03-26 14:36:00,530.8,530.81,530.8,530.81,0.0,28.46,15036.21,1
2026-03-26,2026-03-26 14:37:00,530.81,530.82,530.81,530.82,0.0,28.46,15036.21,1
2026-03-26,2026-03-26 14:38:00,530.82,530.83,530.82,530.83,0.0,28.46,15036.21,1
2026-03-26,2026-03-26 14:39:00,530.83,530.83,530.83,530.83,0.0,28.46,15036.21,0
2026-03-26,2026-03-26 14:40:00,530.83,530.84,530.83,530.84,0.0,28.46,15036.21,1
2026-03-26,2026-03-26 14:41:00,530.84,530.85,530.84,530.85,0.0,28.46,15036.21,1
2026-03-26,2026-03-26 14:42:00,530.85,530.86,530.85,530.86,0.0,28.46,15036.21,1
2026-03-26,2026-03-26 14:43:00,530.86,530.87,530.86,530.87,0.0,28.46,15036.21,1
2026-03-26,2026-03-26 14:44:00,530.87,530.88,530.87,530.88,0.0,28.46,15036.21,1
2026-03-26,2026-03-26 14:45:00,530.88,530.88,530.88,530.88,0.0,28.46,15036.21,0
2026-03-26,2026-03-26 14:46:00,530.88,530.89,530.88,530.89,0.0,28.46,15036.21,1
2026-03-26,2026-03-26 14:47:00,530.89,530.9,530.89,530.9,0.0,28.46,15036.21,1
2026-03-26,2026-03-26 14:48:00,530.9,530.91,530.9,530.91,0.0,28.46,15036.21,1
2026-03-26,2026-03-26 14:49:00,530.91,530.92,530.91,530.92,0.0,28.46,15036.21,1
2026-03-26,2026-03-26 14:50:00,530.92,530.92,530.92,530.92,0.0,28.46,15036.21,0
2026-03-26,2026-03-26 14:51:00,530.92,530.93,530.92,530.93,0.0,28.46,15036.21,1
2026-03-26,2026-03-26 14:52:00,530.93,530.94,530.93,530.94,0.0,28.46,15036.21,1
2026-03-26,2026-03-26 14:53:00,530.94,530.95,530.94,530.95,0.0,28.46,15036.21,1
2026-03-26,2026-03-26 14:54:00,530.95,530.96,530.95,530.96,0.0,28.46,15036.21,1
2026-03-26,2026-03-26 14:55:00,530.96,530.97,530.96,530.97,0.0,28.46,15036.21,1
2026-03-26,2026-03-26 14:56:00,530.97,530.98,530.97,530.98,0.0,28.46,15036.21,1
2026-03-26,2026-03-26 14:57:00,530.98,530.98,530.98,530.98,0.0,28.46,15036.21,0
2026-03-26,2026-03-26 14:58:00,530.98,530.99,530.98,530.99,0.0,28.46,15036.21,1
2026-03-26,2026-03-26 14:59:00,530.99,531.0,530.99,531.0,0.0,28.46,15036.21,1
2026-03-26,2026-03-26 15:00:00,531.0,534.0,525.2,531.0,0.0,28.46,15036.21,0
2026-03-29,2026-03-29 11:00:00,534.0,535.5,529.8,533.95,-0.01,33.88,17804.56,-1
2026-03-29,2026-03-29 11:01:00,533.95,533.95,533.9,533.9,-0.01,33.88,17804.56,-1
2026-03-29,2026-03-29 11:02:00,533.9,533.9,533.85,533.85,-0.01,33.88,17804.56,-1
2026-03-29,2026-03-29 11:03:00,533.85,533.85,533.8,533.8,-0.01,33.88,17804.56,-1
2026-03-29,2026-03-29 11:04:00,533.8,533.8,533.75,533.75,-0.01,33.88,17804.56,-1
2026-03-29,2026-03-29 11:05:00,533.75,533.75,533.7,533.7,-0.01,33.88,17804.56,-1
2026-03-29,2026-03-29 11:06:00,533.7,533.7,533.65,533.65,-0.01,33.88,17804.56,-1
2026-03-29,2026-03-29 11:07:00,533.65,533.65,533.6,533.6,-0.01,33.88,17804.56,-1
2026-03-29,2026-03-29 11:08:00,533.6,533.6,533.55,533.55,-0.01,33.88,17804.56,-1
2026-03-29,2026-03-29 11:09:00,533.55,533.55,533.5,533.5,-0.01,33.88,17804.56,-1
2026-03-29,2026-03-29 11:10:00,533.5,533.5,533.45,533.45,-0.01,33.88,17804.56,-1
2026-03-29,2026-03-29 11:11:00,533.45,533.45,533.4,533.4,-0.01,33.88,17804.56,-1
2026-03-29,2026-03-29 11:12:00,533.4,533.4,533.35,533.35,-0.01,33.88,17804.56,-1
2026-03-29,2026-03-29 11:13:00,533.35,533.35,533.3,533.3,-0.01,33.88,17804.56,-1
2026-03-29,2026-03-29 11:14:00,533.3,533.3,533.25,533.25,-0.01,33.88,17804.56,-1
2026-03-29,2026-03-29 11:15:00,533.25,533.25,533.2,533.2,-0.01,33.88,17804.56,-1
2026-03-29,2026-03-29 11:16:00,533.2,533.2,533.15,533.15,-0.01,33.88,17804.56,-1
2026-03-29,2026-03-29 11:17:00,533.15,533.15,533.1,533.1,-0.01,33.88,17804.56,-1
2026-03-29,2026-03-29 11:18:00,533.1,533.1,533.05,533.05,-0.01,33.88,17804.56,-1
2026-03-29,2026-03-29 11:19:00,533.05,533.05,533.0,533.0,-0.01,33.88,17804.56,-1
2026-03-29,2026-03-29 11:20:00,533.0,533.0,532.95,532.95,-0.01,33.88,17804.56,-1
2026-03-29,2026-03-29 11:21:00,532.95,532.95,532.9,532.9,-0.01,33.88,17804.56,-1
2026-03-29,2026-03-29 11:22:00,532.9,532.9,532.85,532.85,-0.01,33.88,17804.56,-1
2026-03-29,2026-03-29 11:23:00,532.85,532.85,532.8,532.8,-0.01,33.88,17804.56,-1
2026-03-29,2026-03-29 11:24:00,532.8,532.8,532.75,532.75,-0.01,33.88,17804.56,-1
2026-03-29,2026-03-29 11:25:00,532.75,532.75,532.7,532.7,-0.01,33.88,17804.56,-1
2026-03-29,2026-03-29 11:26:00,532.7,532.7,532.65,532.65,-0.01,33.88,17804.56,-1
2026-03-29,2026-03-29 11:27:00,532.65,532.65,532.6,532.6,-0.01,33.88,17804.56,-1
2026-03-29,2026-03-29 11:28:00,532.6,532.6,532.55,532.55,-0.01,33.88,17804.56,-1
2026-03-29,2026-03-29 11:29:00,532.55,532.55,532.5,532.5,-0.01,33.88,17804.56,-1
2026-03-29,2026-03-29 11:30:00,532.5,532.5,532.45,532.45,-0.01,33.88,17804.56,-1
2026-03-29,2026-03-29 11:31:00,532.45,532.45,532.4,532.4,-0.01,33.88,17804.56,-1
2026-03-29,2026-03-29 11:32:00,532.4,532.4,532.35,532.35,-0.01,33.88,17804.56,-1
2026-03-29,2026-03-29 11:33:00,532.35,532.35,532.3,532.3,-0.01,33.88,17804.56,-1
2026-03-29,2026-03-29 11:34:00,532.3,532.3,532.25,532.25,-0.01,33.88,17804.56,-1
2026-03-29,2026-03-29 11:35:00,532.25,532.25,532.2,532.2,-0.01,33.88,17804.56,-1
2026-03-29,2026-03-29 11:36:00,532.2,532.2,532.15,532.15,-0.01,33.88,17804.56,-1
2026-03-29,2026-03-29 11:37:00,532.15,532.15,532.1,532.1,-0.01,33.88,17804.56,-1
2026-03-29,2026-03-29 11:38:00,532.1,532.1,532.05,532.05,-0.01,33.88,17804.56,-1
2026-03-29,2026-03-29 11:39:00,532.05,532.05,532.0,532.0,-0.01,33.88,17804.56,-1
2026-03-29,2026-03-29 11:40:00,532.0,532.0,531.95,531.95,-0.01,33.88,17804.56,-1
2026-03-29,2026-03-29 11:41:00,531.95,531.95,531.9,531.9,-0.01,33.88,17804.56,-1
2026-03-29,2026-03-29 11:42:00,531.9,531.9,531.85,531.85,-0.01,33.88,17804.56,-1
2026-03-29,2026-03-29 11:43:00,531.85,531.85,531.8,531.8,-0.01,33.88,17804.56,-1
2026-03-29,2026-03-29 11:44:00,531.8,531.8,531.75,531.75,-0.01,33.88,17804.56,-1
2026-03-29,2026-03-29 11:45:00,531.75,531.75,531.7,531.7,-0.01,33.88,17804.56,-1
2026-03-29,2026-03-29 11:46:00,531.7,531.7,531.65,531.65,-0.01,33.88,17804.56,-1
2026-03-29,2026-03-29 11:47:00,531.65,531.65,531.6,531.6,-0.01,33.88,17804.56,-1
2026-03-29,2026-03-29 11:48:00,531.6,531.6,531.55,531.55,-0.01,33.88,17804.56,-1
2026-03-29,2026-03-29 11:49:00,531.55,531.55,531.5,531.5,-0.01,33.88,17804.56,-1
2026-03-29,2026-03-29 11:50:00,531.5,531.5,531.45,531.45,-0.01,33.88,17804.56,-1
2026-03-29,2026-03-29 11:51:00,531.45,531.45,531.4,531.4,-0.01,33.88,17804.56,-1
2026-03-29,2026-03-29 11:52:00,531.4,531.4,531.35,531.35,-0.01,33.88,17804.56,-1
2026-03-29,2026-03-29 11:53:00,531.35,531.35,531.3,531.3,-0.01,33.88,17804.56,-1
2026-03-29,2026-03-29 11:54:00,531.3,531.3,531.25,531.25,-0.01,33.88,17804.56,-1
2026-03-29,2026-03-29 11:55:00,531.25,531.25,531.2,531.2,-0.01,33.88,17804.56,-1
2026-03-29,2026-03-29 11:56:00,531.2,531.2,531.15,531.15,-0.01,33.88,17804.56,-1
2026-03-29,2026-03-29 11:57:00,531.15,531.15,531.1,531.1,-0.01,33.88,17804.56,-1
2026-03-29,2026-03-29 11:58:00,531.1,531.1,531.05,531.05,-0.01,33.88,17804.56,-1
2026-03-29,2026-03-29 11:59:00,531.05,531.05,531.0,531.0,-0.01,33.88,17804.56,-1
2026-03-29,2026-03-29 12:00:00,531.0,531.0,530.95,530.95,-0.01,33.88,17804.56,-1
2026-03-29,2026-03-29 12:01:00,530.95,530.95,530.9,530.9,-0.01,33.88,17804.56,-1
2026-03-29,2026-03-29 12:02:00,530.9,530.9,530.85,530.85,-0.01,33.88,17804.56,-1
2026-03-29,2026-03-29 12:03:00,530.85,530.85,530.8,530.8,-0.01,33.88,17804.56,-1
2026-03-29,2026-03-29 12:04:00,530.8,530.8,530.75,530.75,-0.01,33.88,17804.56,-1
2026-03-29,2026-03-29 12:05:00,530.75,530.75,530.7,530.7,-0.01,33.88,17804.56,-1
2026-03-29,2026-03-29 12:06:00,530.7,530.7,530.65,530.65,-0.01,33.88,17804.56,-1
2026-03-29,2026-03-29 12:07:00,530.65,530.65,530.6,530.6,-0.01,33.88,17804.56,-1
2026-03-29,2026-03-29 12:08:00,530.6,530.6,530.55,530.55,-0.01,33.88,17804.56,-1
2026-03-29,2026-03-29 12:09:00,530.55,530.55,530.5,530.5,-0.01,33.88,17804.56,-1
2026-03-29,2026-03-29 12:10:00,530.5,530.5,530.45,530.45,-0.01,33.88,17804.56,-1
2026-03-29,2026-03-29 12:11:00,530.45,530.45,530.4,530.4,-0.01,33.88,17804.56,-1
2026-03-29,2026-03-29 12:12:00,530.4,530.4,530.35,530.35,-0.01,33.88,17804.56,-1
2026-03-29,2026-03-29 12:13:00,530.35,530.35,530.3,530.3,-0.01,33.88,17804.56,-1
2026-03-29,2026-03-29 12:14:00,530.3,530.3,530.25,530.25,-0.01,33.88,17804.56,-1
2026-03-29,2026-03-29 12:15:00,530.25,530.25,530.2,530.2,-0.01,33.88,17804.56,-1
2026-03-29,2026-03-29 12:16:00,530.2,530.2,530.15,530.15,-0.01,33.88,17804.56,-1
2026-03-29,2026-03-29 12:17:00,530.15,530.15,530.1,530.1,-0.01,33.88,17804.56,-1
2026-03-29,2026-03-29 12:18:00,530.1,530.1,530.05,530.05,-0.01,33.88,17804.56,-1
2026-03-29,2026-03-29 12:19:00,530.05,530.05,530.0,530.0,-0.01,33.88,17804.56,-1
2026-03-29,2026-03-29 12:20:00,530.0,530.0,529.95,529.95,-0.01,33.88,17804.56,-1
2026-03-29,2026-03-29 12:21:00,529.95,529.95,529.9,529.9,-0.01,33.88,17804.56,-1
2026-03-29,2026-03-29 12:22:00,529.9,529.9,529.85,529.85,-0.01,33.88,17804.56,-1
2026-03-29,2026-03-29 12:23:00,529.85,529.85,529.8,529.8,-0.01,33.88,17804.56,-1
2026-03-29,2026-03-29 12:24:00,529.8,529.8,529.75,529.75,-0.01,33.88,17804.56,-1
2026-03-29,2026-03-29 12:25:00,529.75,529.75,529.7,529.7,-0.01,33.88,17804.56,-1
2026-03-29,2026-03-29 12:26:00,529.7,529.7,529.65,529.65,-0.01,33.88,17804.56,-1
2026-03-29,2026-03-29 12:27:00,529.65,529.65,529.6,529.6,-0.01,33.88,17804.56,-1
2026-03-29,2026-03-29 12:28:00,529.6,529.6,529.55,529.55,-0.01,33.88,17804.56,-1
2026-03-29,2026-03-29 12:29:00,529.55,529.55,529.5,529.5,-0.01,33.88,17804.56,-1
2026-03-29,2026-03-29 12:30:00,529.5,529.5,529.45,529.45,-0.01,33.88,17804.56,-1
2026-03-29,2026-03-29 12:31:00,529.45,529.45,529.4,529.4,-0.01,33.88,17804.56,-1
2026-03-29,2026-03-29 12:32:00,529.4,529.4,529.35,529.35,-0.01,33.88,17804.56,-1
2026-03-29,2026-03-29 12:33:00,529.35,529.35,529.3,529.3,-0.01,33.88,17804.56,-1
2026-03-29,2026-03-29 12:34:00,529.3,529.3,529.25,529.25,-0.01,33.88,17804.56,-1
2026-03-29,2026-03-29 12:35:00,529.25,529.25,529.2,529.2,-0.01,33.88,17804.56,-1
2026-03-29,2026-03-29 12:36:00,529.2,529.2,529.15,529.15,-0.01,33.88,17804.56,-1
2026-03-29,2026-03-29 12:37:00,529.15,529.15,529.1,529.1,-0.01,33.88,17804.56,-1
2026-03-29,2026-03-29 12:38:00,529.1,529.1,529.05,529.05,-0.01,33.88,17804.56,-1
2026-03-29,2026-03-29 12:39:00,529.05,529.05,529.0,529.0,-0.01,33.88,17804.56,-1
2026-03-29,2026-03-29 12:40:00,529.0,529.0,528.95,528.95,-0.01,33.88,17804.56,-1
2026-03-29,2026-03-29 12:41:00,528.95,528.95,528.9,528.9,-0.01,33.88,17804.56,-1
2026-03-29,2026-03-29 12:42:00,528.9,528.9,528.85,528.85,-0.01,33.88,17804.56,-1
2026-03-29,2026-03-29 12:43:00,528.85,528.85,528.8,528.8,-0.01,33.88,17804.56,-1
2026-03-29,2026-03-29 12:44:00,528.8,528.8,528.75,528.75,-0.01,33.88,17804.56,-1
2026-03-29,2026-03-29 12:45:00,528.75,528.75,528.7,528.7,-0.01,33.88,17804.56,-1
2026-03-29,2026-03-29 12:46:00,528.7,528.7,528.65,528.65,-0.01,33.88,17804.56,-1
2026-03-29,2026-03-29 12:47:00,528.65,528.65,528.6,528.6,-0.01,33.88,17804.56,-1
2026-03-29,2026-03-29 12:48:00,528.6,528.6,528.55,528.55,-0.01,33.88,17804.56,-1
2026-03-29,2026-03-29 12:49:00,528.55,528.55,528.5,528.5,-0.01,33.88,17804.56,-1
2026-03-29,2026-03-29 12:50:00,528.5,528.5,528.45,528.45,-0.01,33.88,17804.56,-1
2026-03-29,2026-03-29 12:51:00,528.45,528.45,528.4,528.4,-0.01,33.88,17804.56,-1
2026-03-29,2026-03-29 12:52:00,528.4,528.4,528.35,528.35,-0.01,33.88,17804.56,-1
2026-03-29,2026-03-29 12:53:00,528.35,528.35,528.3,528.3,-0.01,33.88,17804.56,-1
2026-03-29,2026-03-29 12:54:00,528.3,528.3,528.25,528.25,-0.01,33.88,17804.56,-1
2026-03-29,2026-03-29 12:55:00,528.25,528.25,528.2,528.2,-0.01,33.88,17804.56,-1
2026-03-29,2026-03-29 12:56:00,528.2,528.2,528.15,528.15,-0.01,33.88,17804.56,-1
2026-03-29,2026-03-29 12:57:00,528.15,528.15,528.1,528.1,-0.01,33.88,17804.56,-1
2026-03-29,2026-03-29 12:58:00,528.1,528.1,528.05,528.05,-0.01,33.88,17804.56,-1
2026-03-29,2026-03-29 12:59:00,528.05,528.05,528.0,528.0,-0.01,33.88,17804.56,-1
2026-03-29,2026-03-29 13:00:00,528.0,539.0,520.0,527.95,-0.01,33.88,17804.56,-1
2026-03-29,2026-03-29 13:01:00,527.95,527.95,527.9,527.9,-0.01,33.88,17804.56,-1
2026-03-29,2026-03-29 13:02:00,527.9,527.9,527.85,527.85,-0.01,33.88,17804.56,-1
2026-03-29,2026-03-29 13:03:00,527.85,527.85,527.8,527.8,-0.01,33.88,17804.56,-1
2026-03-29,2026-03-29 13:04:00,527.8,527.8,527.75,527.75,-0.01,33.88,17804.56,-1
2026-03-29,2026-03-29 13:05:00,527.75,527.75,527.7,527.7,-0.01,33.88,17804.56,-1
2026-03-29,2026-03-29 13:06:00,527.7,527.7,527.65,527.65,-0.01,33.88,17804.56,-1
2026-03-29,2026-03-29 13:07:00,527.65,527.65,527.6,527.6,-0.01,33.88,17804.56,-1
2026-03-29,2026-03-29 13:08:00,527.6,527.6,527.55,527.55,-0.01,33.88,17804.56,-1
2026-03-29,2026-03-29 13:09:00,527.55,527.55,527.5,527.5,-0.01,33.88,17804.56,-1
2026-03-29,2026-03-29 13:10:00,527.5,527.5,527.45,527.45,-0.01,33.88,17804.56,-1
2026-03-29,2026-03-29 13:11:00,527.45,527.45,527.4,527.4,-0.01,33.88,17804.56,-1
2026-03-29,2026-03-29 13:12:00,527.4,527.4,527.35,527.35,-0.01,33.88,17804.56,-1
2026-03-29,2026-03-29 13:13:00,527.35,527.35,527.3,527.3,-0.01,33.88,17804.56,-1
2026-03-29,2026-03-29 13:14:00,527.3,527.3,527.25,527.25,-0.01,33.88,17804.56,-1
2026-03-29,2026-03-29 13:15:00,527.25,527.25,527.2,527.2,-0.01,33.88,17804.56,-1
2026-03-29,2026-03-29 13:16:00,527.2,527.2,527.15,527.15,-0.01,33.88,17804.56,-1
2026-03-29,2026-03-29 13:17:00,527.15,527.15,527.1,527.1,-0.01,33.88,17804.56,-1
2026-03-29,2026-03-29 13:18:00,527.1,527.1,527.05,527.05,-0.01,33.88,17804.56,-1
2026-03-29,2026-03-29 13:19:00,527.05,527.05,527.0,527.0,-0.01,33.88,17804.56,-1
2026-03-29,2026-03-29 13:20:00,527.0,527.0,526.95,526.95,-0.01,33.88,17804.56,-1
2026-03-29,2026-03-29 13:21:00,526.95,526.95,526.9,526.9,-0.01,33.88,17804.56,-1
2026-03-29,2026-03-29 13:22:00,526.9,526.9,526.85,526.85,-0.01,33.88,17804.56,-1
2026-03-29,2026-03-29 13:23:00,526.85,526.85,526.8,526.8,-0.01,33.88,17804.56,-1
2026-03-29,2026-03-29 13:24:00,526.8,526.8,526.75,526.75,-0.01,33.88,17804.56,-1
2026-03-29,2026-03-29 13:25:00,526.75,526.75,526.7,526.7,-0.01,33.88,17804.56,-1
2026-03-29,2026-03-29 13:26:00,526.7,526.7,526.65,526.65,-0.01,33.88,17804.56,-1
2026-03-29,2026-03-29 13:27:00,526.65,526.65,526.6,526.6,-0.01,33.88,17804.56,-1
2026-03-29,2026-03-29 13:28:00,526.6,526.6,526.55,526.55,-0.01,33.88,17804.56,-1
2026-03-29,2026-03-29 13:29:00,526.55,526.55,526.5,526.5,-0.01,33.88,17804.56,-1
2026-03-29,2026-03-29 13:30:00,526.5,526.5,526.45,526.45,-0.01,33.88,17804.56,-1
2026-03-29,2026-03-29 13:31:00,526.45,526.45,526.4,526.4,-0.01,33.88,17804.56,-1
2026-03-29,2026-03-29 13:32:00,526.4,526.4,526.35,526.35,-0.01,33.88,17804.56,-1
2026-03-29,2026-03-29 13:33:00,526.35,526.35,526.3,526.3,-0.01,33.88,17804.56,-1
2026-03-29,2026-03-29 13:34:00,526.3,526.3,526.25,526.25,-0.01,33.88,17804.56,-1
2026-03-29,2026-03-29 13:35:00,526.25,526.25,526.2,526.2,-0.01,33.88,17804.56,-1
2026-03-29,2026-03-29 13:36:00,526.2,526.2,526.15,526.15,-0.01,33.88,17804.56,-1
2026-03-29,2026-03-29 13:37:00,526.15,526.15,526.1,526.1,-0.01,33.88,17804.56,-1
2026-03-29,2026-03-29 13:38:00,526.1,526.1,526.05,526.05,-0.01,33.88,17804.56,-1
2026-03-29,2026-03-29 13:39:00,526.05,526.05,526.0,526.0,-0.01,33.88,17804.56,-1
2026-03-29,2026-03-29 13:40:00,526.0,526.0,525.95,525.95,-0.01,33.88,17804.56,-1
2026-03-29,2026-03-29 13:41:00,525.95,525.95,525.9,525.9,-0.01,33.88,17804.56,-1
2026-03-29,2026-03-29 13:42:00,525.9,525.9,525.85,525.85,-0.01,33.88,17804.56,-1
2026-03-29,2026-03-29 13:43:00,525.85,525.85,525.8,525.8,-0.01,33.88,17804.56,-1
2026-03-29,2026-03-29 13:44:00,525.8,525.8,525.75,525.75,-0.01,33.88,17804.56,-1
2026-03-29,2026-03-29 13:45:00,525.75,525.75,525.7,525.7,-0.01,33.88,17804.56,-1
2026-03-29,2026-03-29 13:46:00,525.7,525.7,525.65,525.65,-0.01,33.88,17804.56,-1
2026-03-29,2026-03-29 13:47:00,525.65,525.65,525.6,525.6,-0.01,33.88,17804.56,-1
2026-03-29,2026-03-29 13:48:00,525.6,525.6,525.55,525.55,-0.01,33.88,17804.56,-1
2026-03-29,2026-03-29 13:49:00,525.55,525.55,525.5,525.5,-0.01,33.88,17804.56,-1
2026-03-29,2026-03-29 13:50:00,525.5,525.5,525.45,525.45,-0.01,33.88,17804.56,-1
2026-03-29,2026-03-29 13:51:00,525.45,525.45,525.4,525.4,-0.01,33.88,17804.56,-1
2026-03-29,2026-03-29 13:52:00,525.4,525.4,525.35,525.35,-0.01,33.88,17804.56,-1
2026-03-29,2026-03-29 13:53:00,525.35,525.35,525.3,525.3,-0.01,33.88,17804.56,-1
2026-03-29,2026-03-29 13:54:00,525.3,525.3,525.25,525.25,-0.01,33.88,17804.56,-1
2026-03-29,2026-03-29 13:55:00,525.25,525.25,525.2,525.2,-0.01,33.88,17804.56,-1
2026-03-29,2026-03-29 13:56:00,525.2,525.2,525.15,525.15,-0.01,33.88,17804.56,-1
2026-03-29,2026-03-29 13:57:00,525.15,525.15,525.1,525.1,-0.01,33.88,17804.56,-1
2026-03-29,2026-03-29 13:58:00,525.1,525.1,525.05,525.05,-0.01,33.88,17804.56,-1
2026-03-29,2026-03-29 13:59:00,525.05,525.05,525.0,525.0,-0.01,33.88,17804.56,-1
2026-03-29,2026-03-29 14:00:00,525.0,525.0,524.95,524.95,-0.01,33.88,17804.56,-1
2026-03-29,2026-03-29 14:01:00,524.95,524.95,524.9,524.9,-0.01,33.88,17804.56,-1
2026-03-29,2026-03-29 14:02:00,524.9,524.9,524.85,524.85,-0.01,33.88,17804.56,-1
2026-03-29,2026-03-29 14:03:00,524.85,524.85,524.8,524.8,-0.01,33.88,17804.56,-1
2026-03-29,2026-03-29 14:04:00,524.8,524.8,524.75,524.75,-0.01,33.88,17804.56,-1
2026-03-29,2026-03-29 14:05:00,524.75,524.75,524.7,524.7,-0.01,33.88,17804.56,-1
2026-03-29,2026-03-29 14:06:00,524.7,524.7,524.65,524.65,-0.01,33.88,17804.56,-1
2026-03-29,2026-03-29 14:07:00,524.65,524.65,524.6,524.6,-0.01,33.88,17804.56,-1
2026-03-29,2026-03-29 14:08:00,524.6,524.6,524.55,524.55,-0.01,33.88,17804.56,-1
2026-03-29,2026-03-29 14:09:00,524.55,524.55,524.5,524.5,-0.01,33.88,17804.56,-1
2026-03-29,2026-03-29 14:10:00,524.5,524.5,524.45,524.45,-0.01,33.88,17804.56,-1
2026-03-29,2026-03-29 14:11:00,524.45,524.45,524.4,524.4,-0.01,33.88,17804.56,-1
2026-03-29,2026-03-29 14:12:00,524.4,524.4,524.35,524.35,-0.01,33.88,17804.56,-1
2026-03-29,2026-03-29 14:13:00,524.35,524.35,524.3,524.3,-0.01,33.88,17804.56,-1
2026-03-29,2026-03-29 14:14:00,524.3,524.3,524.25,524.25,-0.01,33.88,17804.56,-1
2026-03-29,2026-03-29 14:15:00,524.25,524.25,524.2,524.2,-0.01,33.88,17804.56,-1
2026-03-29,2026-03-29 14:16:00,524.2,524.2,524.15,524.15,-0.01,33.88,17804.56,-1
2026-03-29,2026-03-29 14:17:00,524.15,524.15,524.1,524.1,-0.01,33.88,17804.56,-1
2026-03-29,2026-03-29 14:18:00,524.1,524.1,524.05,524.05,-0.01,33.88,17804.56,-1
2026-03-29,2026-03-29 14:19:00,524.05,524.05,524.0,524.0,-0.01,33.88,17804.56,-1
2026-03-29,2026-03-29 14:20:00,524.0,524.0,523.95,523.95,-0.01,33.88,17804.56,-1
2026-03-29,2026-03-29 14:21:00,523.95,523.95,523.9,523.9,-0.01,33.88,17804.56,-1
2026-03-29,2026-03-29 14:22:00,523.9,523.9,523.85,523.85,-0.01,33.88,17804.56,-1
2026-03-29,2026-03-29 14:23:00,523.85,523.85,523.8,523.8,-0.01,33.88,17804.56,-1
2026-03-29,2026-03-29 14:24:00,523.8,523.8,523.75,523.75,-0.01,33.88,17804.56,-1
2026-03-29,2026-03-29 14:25:00,523.75,523.75,523.7,523.7,-0.01,33.88,17804.56,-1
2026-03-29,2026-03-29 14:26:00,523.7,523.7,523.65,523.65,-0.01,33.88,17804.56,-1
2026-03-29,2026-03-29 14:27:00,523.65,523.65,523.6,523.6,-0.01,33.88,17804.56,-1
2026-03-29,2026-03-29 14:28:00,523.6,523.6,523.55,523.55,-0.01,33.88,17804.56,-1
2026-03-29,2026-03-29 14:29:00,523.55,523.55,523.5,523.5,-0.01,33.88,17804.56,-1
2026-03-29,2026-03-29 14:30:00,523.5,523.5,523.45,523.45,-0.01,33.88,17804.56,-1
2026-03-29,2026-03-29 14:31:00,523.45,523.45,523.4,523.4,-0.01,33.88,17804.56,-1
2026-03-29,2026-03-29 14:32:00,523.4,523.4,523.35,523.35,-0.01,33.88,17804.56,-1
2026-03-29,2026-03-29 14:33:00,523.35,523.35,523.3,523.3,-0.01,33.88,17804.56,-1
2026-03-29,2026-03-29 14:34:00,523.3,523.3,523.25,523.25,-0.01,33.88,17804.56,-1
2026-03-29,2026-03-29 14:35:00,523.25,523.25,523.2,523.2,-0.01,33.88,17804.56,-1
2026-03-29,2026-03-29 14:36:00,523.2,523.2,523.15,523.15,-0.01,33.88,17804.56,-1
2026-03-29,2026-03-29 14:37:00,523.15,523.15,523.1,523.1,-0.01,33.88,17804.56,-1
2026-03-29,2026-03-29 14:38:00,523.1,523.1,523.05,523.05,-0.01,33.88,17804.56,-1
2026-03-29,2026-03-29 14:39:00,523.05,523.05,523.0,523.0,-0.01,33.88,17804.56,-1
2026-03-29,2026-03-29 14:40:00,523.0,523.0,522.95,522.95,-0.01,33.88,17804.56,-1
2026-03-29,2026-03-29 14:41:00,522.95,522.95,522.9,522.9,-0.01,33.88,17804.56,-1
2026-03-29,2026-03-29 14:42:00,522.9,522.9,522.85,522.85,-0.01,33.88,17804.56,-1
2026-03-29,2026-03-29 14:43:00,522.85,522.85,522.8,522.8,-0.01,33.88,17804.56,-1
2026-03-29,2026-03-29 14:44:00,522.8,522.8,522.75,522.75,-0.01,33.88,17804.56,-1
2026-03-29,2026-03-29 14:45:00,522.75,522.75,522.7,522.7,-0.01,33.88,17804.56,-1
2026-03-29,2026-03-29 14:46:00,522.7,522.7,522.65,522.65,-0.01,33.88,17804.56,-1
2026-03-29,2026-03-29 14:47:00,522.65,522.65,522.6,522.6,-0.01,33.88,17804.56,-1
2026-03-29,2026-03-29 14:48:00,522.6,522.6,522.55,522.55,-0.01,33.88,17804.56,-1
2026-03-29,2026-03-29 14:49:00,522.55,522.55,522.5,522.5,-0.01,33.88,17804.56,-1
2026-03-29,2026-03-29 14:50:00,522.5,522.5,522.45,522.45,-0.01,33.88,17804.56,-1
2026-03-29,2026-03-29 14:51:00,522.45,522.45,522.4,522.4,-0.01,33.88,17804.56,-1
2026-03-29,2026-03-29 14:52:00,522.4,522.4,522.35,522.35,-0.01,33.88,17804.56,-1
2026-03-29,2026-03-29 14:53:00,522.35,522.35,522.3,522.3,-0.01,33.88,17804.56,-1
2026-03-29,2026-03-29 14:54:00,522.3,522.3,522.25,522.25,-0.01,33.88,17804.56,-1
2026-03-29,2026-03-29 14:55:00,522.25,522.25,522.2,522.2,-0.01,33.88,17804.56,-1
2026-03-29,2026-03-29 14:56:00,522.2,522.2,522.15,522.15,-0.01,33.88,17804.56,-1
2026-03-29,2026-03-29 14:57:00,522.15,522.15,522.1,522.1,-0.01,33.88,17804.56,-1
2026-03-29,2026-03-29 14:58:00,522.1,522.1,522.05,522.05,-0.01,33.88,17804.56,-1
2026-03-29,2026-03-29 14:59:00,522.05,522.05,522.0,522.0,-0.01,33.88,17804.56,-1
2026-03-29,2026-03-29 15:00:00,522.0,539.0,520.0,522.0,0.0,33.88,17804.56,0
2026-03-30,2026-03-30 11:00:00,514.5,518.22,513.15,514.48,-0.0,52.73,27243.86,-1
2026-03-30,2026-03-30 11:01:00,514.48,514.48,514.47,514.47,-0.0,52.73,27243.86,-1
2026-03-30,2026-03-30 11:02:00,514.47,514.47,514.45,514.45,-0.0,52.73,27243.86,-1
2026-03-30,2026-03-30 11:03:00,514.45,514.45,514.43,514.43,-0.0,52.73,27243.86,-1
2026-03-30,2026-03-30 11:04:00,514.43,514.43,514.42,514.42,-0.0,52.73,27243.86,-1
2026-03-30,2026-03-30 11:05:00,514.42,514.42,514.4,514.4,-0.0,52.73,27243.86,-1
2026-03-30,2026-03-30 11:06:00,514.4,514.4,514.38,514.38,-0.0,52.73,27243.86,-1
2026-03-30,2026-03-30 11:07:00,514.38,514.38,514.37,514.37,-0.0,52.73,27243.86,-1
2026-03-30,2026-03-30 11:08:00,514.37,514.37,514.35,514.35,-0.0,52.73,27243.86,-1
2026-03-30,2026-03-30 11:09:00,514.35,514.35,514.33,514.33,-0.0,52.73,27243.86,-1
2026-03-30,2026-03-30 11:10:00,514.33,514.33,514.32,514.32,-0.0,52.73,27243.86,-1
2026-03-30,2026-03-30 11:11:00,514.32,514.32,514.3,514.3,-0.0,52.73,27243.86,-1
2026-03-30,2026-03-30 11:12:00,514.3,514.3,514.28,514.28,-0.0,52.73,27243.86,-1
2026-03-30,2026-03-30 11:13:00,514.28,514.28,514.27,514.27,-0.0,52.73,27243.86,-1
2026-03-30,2026-03-30 11:14:00,514.27,514.27,514.25,514.25,-0.0,52.73,27243.86,-1
2026-03-30,2026-03-30 11:15:00,514.25,514.25,514.23,514.23,-0.0,52.73,27243.86,-1
2026-03-30,2026-03-30 11:16:00,514.23,514.23,514.22,514.22,-0.0,52.73,27243.86,-1
2026-03-30,2026-03-30 11:17:00,514.22,514.22,514.2,514.2,-0.0,52.73,27243.86,-1
2026-03-30,2026-03-30 11:18:00,514.2,514.2,514.18,514.18,-0.0,52.73,27243.86,-1
2026-03-30,2026-03-30 11:19:00,514.18,514.18,514.17,514.17,-0.0,52.73,27243.86,-1
2026-03-30,2026-03-30 11:20:00,514.17,514.17,514.15,514.15,-0.0,52.73,27243.86,-1
2026-03-30,2026-03-30 11:21:00,514.15,514.15,514.13,514.13,-0.0,52.73,27243.86,-1
2026-03-30,2026-03-30 11:22:00,514.13,514.13,514.12,514.12,-0.0,52.73,27243.86,-1
2026-03-30,2026-03-30 11:23:00,514.12,514.12,514.1,514.1,-0.0,52.73,27243.86,-1
2026-03-30,2026-03-30 11:24:00,514.1,514.1,514.08,514.08,-0.0,52.73,27243.86,-1
2026-03-30,2026-03-30 11:25:00,514.08,514.08,514.07,514.07,-0.0,52.73,27243.86,-1
2026-03-30,2026-03-30 11:26:00,514.07,514.07,514.05,514.05,-0.0,52.73,27243.86,-1
2026-03-30,2026-03-30 11:27:00,514.05,514.05,514.03,514.03,-0.0,52.73,27243.86,-1
2026-03-30,2026-03-30 11:28:00,514.03,514.03,514.02,514.02,-0.0,52.73,27243.86,-1
2026-03-30,2026-03-30 11:29:00,514.02,514.02,514.0,514.0,-0.0,52.73,27243.86,-1
2026-03-30,2026-03-30 11:30:00,514.0,514.0,513.98,513.98,-0.0,52.73,27243.86,-1
2026-03-30,2026-03-30 11:31:00,513.98,513.98,513.97,513.97,-0.0,52.73,27243.86,-1
2026-03-30,2026-03-30 11:32:00,513.97,513.97,513.95,513.95,-0.0,52.73,27243.86,-1
2026-03-30,2026-03-30 11:33:00,513.95,513.95,513.93,513.93,-0.0,52.73,27243.86,-1
2026-03-30,2026-03-30 11:34:00,513.93,513.93,513.92,513.92,-0.0,52.73,27243.86,-1
2026-03-30,2026-03-30 11:35:00,513.92,513.92,513.9,513.9,-0.0,52.73,27243.86,-1
2026-03-30,2026-03-30 11:36:00,513.9,513.9,513.88,513.88,-0.0,52.73,27243.86,-1
2026-03-30,2026-03-30 11:37:00,513.88,513.88,513.87,513.87,-0.0,52.73,27243.86,-1
2026-03-30,2026-03-30 11:38:00,513.87,513.87,513.85,513.85,-0.0,52.73,27243.86,-1
2026-03-30,2026-03-30 11:39:00,513.85,513.85,513.83,513.83,-0.0,52.73,27243.86,-1
2026-03-30,2026-03-30 11:40:00,513.83,513.83,513.82,513.82,-0.0,52.73,27243.86,-1
2026-03-30,2026-03-30 11:41:00,513.82,513.82,513.8,513.8,-0.0,52.73,27243.86,-1
2026-03-30,2026-03-30 11:42:00,513.8,513.8,513.78,513.78,-0.0,52.73,27243.86,-1
2026-03-30,2026-03-30 11:43:00,513.78,513.78,513.77,513.77,-0.0,52.73,27243.86,-1
2026-03-30,2026-03-30 11:44:00,513.77,513.77,513.75,513.75,-0.0,52.73,27243.86,-1
2026-03-30,2026-03-30 11:45:00,513.75,513.75,513.73,513.73,-0.0,52.73,27243.86,-1
2026-03-30,2026-03-30 11:46:00,513.73,513.73,513.72,513.72,-0.0,52.73,27243.86,-1
2026-03-30,2026-03-30 11:47:00,513.72,513.72,513.7,513.7,-0.0,52.73,27243.86,-1
2026-03-30,2026-03-30 11:48:00,513.7,513.7,513.68,513.68,-0.0,52.73,27243.86,-1
2026-03-30,2026-03-30 11:49:00,513.68,513.68,513.67,513.67,-0.0,52.73,27243.86,-1
2026-03-30,2026-03-30 11:50:00,513.67,513.67,513.65,513.65,-0.0,52.73,27243.86,-1
2026-03-30,2026-03-30 11:51:00,513.65,513.65,513.63,513.63,-0.0,52.73,27243.86,-1
2026-03-30,2026-03-30 11:52:00,513.63,513.63,513.62,513.62,-0.0,52.73,27243.86,-1
2026-03-30,2026-03-30 11:53:00,513.62,513.62,513.6,513.6,-0.0,52.73,27243.86,-1
2026-03-30,2026-03-30 11:54:00,513.6,513.6,513.58,513.58,-0.0,52.73,27243.86,-1
2026-03-30,2026-03-30 11:55:00,513.58,513.58,513.57,513.57,-0.0,52.73,27243.86,-1
2026-03-30,2026-03-30 11:56:00,513.57,513.57,513.55,513.55,-0.0,52.73,27243.86,-1
2026-03-30,2026-03-30 11:57:00,513.55,513.55,513.53,513.53,-0.0,52.73,27243.86,-1
2026-03-30,2026-03-30 11:58:00,513.53,513.53,513.52,513.52,-0.0,52.73,27243.86,-1
2026-03-30,2026-03-30 11:59:00,513.52,513.52,513.5,513.5,-0.0,52.73,27243.86,-1
2026-03-30,2026-03-30 12:00:00,513.5,513.5,513.48,513.48,-0.0,52.73,27243.86,-1
2026-03-30,2026-03-30 12:01:00,513.48,513.48,513.47,513.47,-0.0,52.73,27243.86,-1
2026-03-30,2026-03-30 12:02:00,513.47,513.47,513.45,513.45,-0.0,52.73,27243.86,-1
2026-03-30,2026-03-30 12:03:00,513.45,513.45,513.43,513.43,-0.0,52.73,27243.86,-1
2026-03-30,2026-03-30 12:04:00,513.43,513.43,513.42,513.42,-0.0,52.73,27243.86,-1
2026-03-30,2026-03-30 12:05:00,513.42,513.42,513.4,513.4,-0.0,52.73,27243.86,-1
2026-03-30,2026-03-30 12:06:00,513.4,513.4,513.38,513.38,-0.0,52.73,27243.86,-1
2026-03-30,2026-03-30 12:07:00,513.38,513.38,513.37,513.37,-0.0,52.73,27243.86,-1
2026-03-30,2026-03-30 12:08:00,513.37,513.37,513.35,513.35,-0.0,52.73,27243.86,-1
2026-03-30,2026-03-30 12:09:00,513.35,513.35,513.33,513.33,-0.0,52.73,27243.86,-1
2026-03-30,2026-03-30 12:10:00,513.33,513.33,513.32,513.32,-0.0,52.73,27243.86,-1
2026-03-30,2026-03-30 12:11:00,513.32,513.32,513.3,513.3,-0.0,52.73,27243.86,-1
2026-03-30,2026-03-30 12:12:00,513.3,513.3,513.28,513.28,-0.0,52.73,27243.86,-1
2026-03-30,2026-03-30 12:13:00,513.28,513.28,513.27,513.27,-0.0,52.73,27243.86,-1
2026-03-30,2026-03-30 12:14:00,513.27,513.27,513.25,513.25,-0.0,52.73,27243.86,-1
2026-03-30,2026-03-30 12:15:00,513.25,513.25,513.23,513.23,-0.0,52.73,27243.86,-1
2026-03-30,2026-03-30 12:16:00,513.23,513.23,513.22,513.22,-0.0,52.73,27243.86,-1
2026-03-30,2026-03-30 12:17:00,513.22,513.22,513.2,513.2,-0.0,52.73,27243.86,-1
2026-03-30,2026-03-30 12:18:00,513.2,513.2,513.18,513.18,-0.0,52.73,27243.86,-1
2026-03-30,2026-03-30 12:19:00,513.18,513.18,513.17,513.17,-0.0,52.73,27243.86,-1
2026-03-30,2026-03-30 12:20:00,513.17,513.17,513.15,513.15,-0.0,52.73,27243.86,-1
2026-03-30,2026-03-30 12:21:00,513.15,513.15,513.13,513.13,-0.0,52.73,27243.86,-1
2026-03-30,2026-03-30 12:22:00,513.13,513.13,513.12,513.12,-0.0,52.73,27243.86,-1
2026-03-30,2026-03-30 12:23:00,513.12,513.12,513.1,513.1,-0.0,52.73,27243.86,-1
2026-03-30,2026-03-30 12:24:00,513.1,513.1,513.08,513.08,-0.0,52.73,27243.86,-1
2026-03-30,2026-03-30 12:25:00,513.08,513.08,513.07,513.07,-0.0,52.73,27243.86,-1
2026-03-30,2026-03-30 12:26:00,513.07,513.07,513.05,513.05,-0.0,52.73,27243.86,-1
2026-03-30,2026-03-30 12:27:00,513.05,513.05,513.03,513.03,-0.0,52.73,27243.86,-1
2026-03-30,2026-03-30 12:28:00,513.03,513.03,513.02,513.02,-0.0,52.73,27243.86,-1
2026-03-30,2026-03-30 12:29:00,513.02,513.02,513.0,513.0,-0.0,52.73,27243.86,-1
2026-03-30,2026-03-30 12:30:00,513.0,513.0,512.98,512.98,-0.0,52.73,27243.86,-1
2026-03-30,2026-03-30 12:31:00,512.98,512.98,512.97,512.97,-0.0,52.73,27243.86,-1
2026-03-30,2026-03-30 12:32:00,512.97,512.97,512.95,512.95,-0.0,52.73,27243.86,-1
2026-03-30,2026-03-30 12:33:00,512.95,512.95,512.93,512.93,-0.0,52.73,27243.86,-1
2026-03-30,2026-03-30 12:34:00,512.93,512.93,512.92,512.92,-0.0,52.73,27243.86,-1
2026-03-30,2026-03-30 12:35:00,512.92,512.92,512.9,512.9,-0.0,52.73,27243.86,-1
2026-03-30,2026-03-30 12:36:00,512.9,512.9,512.88,512.88,-0.0,52.73,27243.86,-1
2026-03-30,2026-03-30 12:37:00,512.88,512.88,512.87,512.87,-0.0,52.73,27243.86,-1
2026-03-30,2026-03-30 12:38:00,512.87,512.87,512.85,512.85,-0.0,52.73,27243.86,-1
2026-03-30,2026-03-30 12:39:00,512.85,512.85,512.83,512.83,-0.0,52.73,27243.86,-1
2026-03-30,2026-03-30 12:40:00,512.83,512.83,512.82,512.82,-0.0,52.73,27243.86,-1
2026-03-30,2026-03-30 12:41:00,512.82,512.82,512.8,512.8,-0.0,52.73,27243.86,-1
2026-03-30,2026-03-30 12:42:00,512.8,512.8,512.78,512.78,-0.0,52.73,27243.86,-1
2026-03-30,2026-03-30 12:43:00,512.78,512.78,512.77,512.77,-0.0,52.73,27243.86,-1
2026-03-30,2026-03-30 12:44:00,512.77,512.77,512.75,512.75,-0.0,52.73,27243.86,-1
2026-03-30,2026-03-30 12:45:00,512.75,512.75,512.73,512.73,-0.0,52.73,27243.86,-1
2026-03-30,2026-03-30 12:46:00,512.73,512.73,512.72,512.72,-0.0,52.73,27243.86,-1
2026-03-30,2026-03-30 12:47:00,512.72,512.72,512.7,512.7,-0.0,52.73,27243.86,-1
2026-03-30,2026-03-30 12:48:00,512.7,512.7,512.68,512.68,-0.0,52.73,27243.86,-1
2026-03-30,2026-03-30 12:49:00,512.68,512.68,512.67,512.67,-0.0,52.73,27243.86,-1
2026-03-30,2026-03-30 12:50:00,512.67,512.67,512.65,512.65,-0.0,52.73,27243.86,-1
2026-03-30,2026-03-30 12:51:00,512.65,512.65,512.63,512.63,-0.0,52.73,27243.86,-1
2026-03-30,2026-03-30 12:52:00,512.63,512.63,512.62,512.62,-0.0,52.73,27243.86,-1
2026-03-30,2026-03-30 12:53:00,512.62,512.62,512.6,512.6,-0.0,52.73,27243.86,-1
2026-03-30,2026-03-30 12:54:00,512.6,512.6,512.58,512.58,-0.0,52.73,27243.86,-1
2026-03-30,2026-03-30 12:55:00,512.58,512.58,512.57,512.57,-0.0,52.73,27243.86,-1
2026-03-30,2026-03-30 12:56:00,512.57,512.57,512.55,512.55,-0.0,52.73,27243.86,-1
2026-03-30,2026-03-30 12:57:00,512.55,512.55,512.53,512.53,-0.0,52.73,27243.86,-1
2026-03-30,2026-03-30 12:58:00,512.53,512.53,512.52,512.52,-0.0,52.73,27243.86,-1
2026-03-30,2026-03-30 12:59:00,512.52,512.52,512.5,512.5,-0.0,52.73,27243.86,-1
2026-03-30,2026-03-30 13:00:00,512.5,526.9,510.0,512.48,-0.0,52.73,27243.86,-1
2026-03-30,2026-03-30 13:01:00,512.48,512.48,512.47,512.47,-0.0,52.73,27243.86,-1
2026-03-30,2026-03-30 13:02:00,512.47,512.47,512.45,512.45,-0.0,52.73,27243.86,-1
2026-03-30,2026-03-30 13:03:00,512.45,512.45,512.43,512.43,-0.0,52.73,27243.86,-1
2026-03-30,2026-03-30 13:04:00,512.43,512.43,512.42,512.42,-0.0,52.73,27243.86,-1
2026-03-30,2026-03-30 13:05:00,512.42,512.42,512.4,512.4,-0.0,52.73,27243.86,-1
2026-03-30,2026-03-30 13:06:00,512.4,512.4,512.38,512.38,-0.0,52.73,27243.86,-1
2026-03-30,2026-03-30 13:07:00,512.38,512.38,512.37,512.37,-0.0,52.73,27243.86,-1
2026-03-30,2026-03-30 13:08:00,512.37,512.37,512.35,512.35,-0.0,52.73,27243.86,-1
2026-03-30,2026-03-30 13:09:00,512.35,512.35,512.33,512.33,-0.0,52.73,27243.86,-1
2026-03-30,2026-03-30 13:10:00,512.33,512.33,512.32,512.32,-0.0,52.73,27243.86,-1
2026-03-30,2026-03-30 13:11:00,512.32,512.32,512.3,512.3,-0.0,52.73,27243.86,-1
2026-03-30,2026-03-30 13:12:00,512.3,512.3,512.28,512.28,-0.0,52.73,27243.86,-1
2026-03-30,2026-03-30 13:13:00,512.28,512.28,512.27,512.27,-0.0,52.73,27243.86,-1
2026-03-30,2026-03-30 13:14:00,512.27,512.27,512.25,512.25,-0.0,52.73,27243.86,-1
2026-03-30,2026-03-30 13:15:00,512.25,512.25,512.23,512.23,-0.0,52.73,27243.86,-1
2026-03-30,2026-03-30 13:16:00,512.23,512.23,512.22,512.22,-0.0,52.73,27243.86,-1
2026-03-30,2026-03-30 13:17:00,512.22,512.22,512.2,512.2,-0.0,52.73,27243.86,-1
2026-03-30,2026-03-30 13:18:00,512.2,512.2,512.18,512.18,-0.0,52.73,27243.86,-1
2026-03-30,2026-03-30 13:19:00,512.18,512.18,512.17,512.17,-0.0,52.73,27243.86,-1
2026-03-30,2026-03-30 13:20:00,512.17,512.17,512.15,512.15,-0.0,52.73,27243.86,-1
2026-03-30,2026-03-30 13:21:00,512.15,512.15,512.13,512.13,-0.0,52.73,27243.86,-1
2026-03-30,2026-03-30 13:22:00,512.13,512.13,512.12,512.12,-0.0,52.73,27243.86,-1
2026-03-30,2026-03-30 13:23:00,512.12,512.12,512.1,512.1,-0.0,52.73,27243.86,-1
2026-03-30,2026-03-30 13:24:00,512.1,512.1,512.08,512.08,-0.0,52.73,27243.86,-1
2026-03-30,2026-03-30 13:25:00,512.08,512.08,512.07,512.07,-0.0,52.73,27243.86,-1
2026-03-30,2026-03-30 13:26:00,512.07,512.07,512.05,512.05,-0.0,52.73,27243.86,-1
2026-03-30,2026-03-30 13:27:00,512.05,512.05,512.03,512.03,-0.0,52.73,27243.86,-1
2026-03-30,2026-03-30 13:28:00,512.03,512.03,512.02,512.02,-0.0,52.73,27243.86,-1
2026-03-30,2026-03-30 13:29:00,512.02,512.02,512.0,512.0,-0.0,52.73,27243.86,-1
2026-03-30,2026-03-30 13:30:00,512.0,512.0,511.98,511.98,-0.0,52.73,27243.86,-1
2026-03-30,2026-03-30 13:31:00,511.98,511.98,511.97,511.97,-0.0,52.73,27243.86,-1
2026-03-30,2026-03-30 13:32:00,511.97,511.97,511.95,511.95,-0.0,52.73,27243.86,-1
2026-03-30,2026-03-30 13:33:00,511.95,511.95,511.93,511.93,-0.0,52.73,27243.86,-1
2026-03-30,2026-03-30 13:34:00,511.93,511.93,511.92,511.92,-0.0,52.73,27243.86,-1
2026-03-30,2026-03-30 13:35:00,511.92,511.92,511.9,511.9,-0.0,52.73,27243.86,-1
2026-03-30,2026-03-30 13:36:00,511.9,511.9,511.88,511.88,-0.0,52.73,27243.86,-1
2026-03-30,2026-03-30 13:37:00,511.88,511.88,511.87,511.87,-0.0,52.73,27243.86,-1
2026-03-30,2026-03-30 13:38:00,511.87,511.87,511.85,511.85,-0.0,52.73,27243.86,-1
2026-03-30,2026-03-30 13:39:00,511.85,511.85,511.83,511.83,-0.0,52.73,27243.86,-1
2026-03-30,2026-03-30 13:40:00,511.83,511.83,511.82,511.82,-0.0,52.73,27243.86,-1
2026-03-30,2026-03-30 13:41:00,511.82,511.82,511.8,511.8,-0.0,52.73,27243.86,-1
2026-03-30,2026-03-30 13:42:00,511.8,511.8,511.78,511.78,-0.0,52.73,27243.86,-1
2026-03-30,2026-03-30 13:43:00,511.78,511.78,511.77,511.77,-0.0,52.73,27243.86,-1
2026-03-30,2026-03-30 13:44:00,511.77,511.77,511.75,511.75,-0.0,52.73,27243.86,-1
2026-03-30,2026-03-30 13:45:00,511.75,511.75,511.73,511.73,-0.0,52.73,27243.86,-1
2026-03-30,2026-03-30 13:46:00,511.73,511.73,511.72,511.72,-0.0,52.73,27243.86,-1
2026-03-30,2026-03-30 13:47:00,511.72,511.72,511.7,511.7,-0.0,52.73,27243.86,-1
2026-03-30,2026-03-30 13:48:00,511.7,511.7,511.68,511.68,-0.0,52.73,27243.86,-1
2026-03-30,2026-03-30 13:49:00,511.68,511.68,511.67,511.67,-0.0,52.73,27243.86,-1
2026-03-30,2026-03-30 13:50:00,511.67,511.67,511.65,511.65,-0.0,52.73,27243.86,-1
2026-03-30,2026-03-30 13:51:00,511.65,511.65,511.63,511.63,-0.0,52.73,27243.86,-1
2026-03-30,2026-03-30 13:52:00,511.63,511.63,511.62,511.62,-0.0,52.73,27243.86,-1
2026-03-30,2026-03-30 13:53:00,511.62,511.62,511.6,511.6,-0.0,52.73,27243.86,-1
2026-03-30,2026-03-30 13:54:00,511.6,511.6,511.58,511.58,-0.0,52.73,27243.86,-1
2026-03-30,2026-03-30 13:55:00,511.58,511.58,511.57,511.57,-0.0,52.73,27243.86,-1
2026-03-30,2026-03-30 13:56:00,511.57,511.57,511.55,511.55,-0.0,52.73,27243.86,-1
2026-03-30,2026-03-30 13:57:00,511.55,511.55,511.53,511.53,-0.0,52.73,27243.86,-1
2026-03-30,2026-03-30 13:58:00,511.53,511.53,511.52,511.52,-0.0,52.73,27243.86,-1
2026-03-30,2026-03-30 13:59:00,511.52,511.52,511.5,511.5,-0.0,52.73,27243.86,-1
2026-03-30,2026-03-30 14:00:00,511.5,511.5,511.48,511.48,-0.0,52.73,27243.86,-1
2026-03-30,2026-03-30 14:01:00,511.48,511.48,511.47,511.47,-0.0,52.73,27243.86,-1
2026-03-30,2026-03-30 14:02:00,511.47,511.47,511.45,511.45,-0.0,52.73,27243.86,-1
2026-03-30,2026-03-30 14:03:00,511.45,511.45,511.43,511.43,-0.0,52.73,27243.86,-1
2026-03-30,2026-03-30 14:04:00,511.43,511.43,511.42,511.42,-0.0,52.73,27243.86,-1
2026-03-30,2026-03-30 14:05:00,511.42,511.42,511.4,511.4,-0.0,52.73,27243.86,-1
2026-03-30,2026-03-30 14:06:00,511.4,511.4,511.38,511.38,-0.0,52.73,27243.86,-1
2026-03-30,2026-03-30 14:07:00,511.38,511.38,511.37,511.37,-0.0,52.73,27243.86,-1
2026-03-30,2026-03-30 14:08:00,511.37,511.37,511.35,511.35,-0.0,52.73,27243.86,-1
2026-03-30,2026-03-30 14:09:00,511.35,511.35,511.33,511.33,-0.0,52.73,27243.86,-1
2026-03-30,2026-03-30 14:10:00,511.33,511.33,511.32,511.32,-0.0,52.73,27243.86,-1
2026-03-30,2026-03-30 14:11:00,511.32,511.32,511.3,511.3,-0.0,52.73,27243.86,-1
2026-03-30,2026-03-30 14:12:00,511.3,511.3,511.28,511.28,-0.0,52.73,27243.86,-1
2026-03-30,2026-03-30 14:13:00,511.28,511.28,511.27,511.27,-0.0,52.73,27243.86,-1
2026-03-30,2026-03-30 14:14:00,511.27,511.27,511.25,511.25,-0.0,52.73,27243.86,-1
2026-03-30,2026-03-30 14:15:00,511.25,511.25,511.23,511.23,-0.0,52.73,27243.86,-1
2026-03-30,2026-03-30 14:16:00,511.23,511.23,511.22,511.22,-0.0,52.73,27243.86,-1
2026-03-30,2026-03-30 14:17:00,511.22,511.22,511.2,511.2,-0.0,52.73,27243.86,-1
2026-03-30,2026-03-30 14:18:00,511.2,511.2,511.18,511.18,-0.0,52.73,27243.86,-1
2026-03-30,2026-03-30 14:19:00,511.18,511.18,511.17,511.17,-0.0,52.73,27243.86,-1
2026-03-30,2026-03-30 14:20:00,511.17,511.17,511.15,511.15,-0.0,52.73,27243.86,-1
2026-03-30,2026-03-30 14:21:00,511.15,511.15,511.13,511.13,-0.0,52.73,27243.86,-1
2026-03-30,2026-03-30 14:22:00,511.13,511.13,511.12,511.12,-0.0,52.73,27243.86,-1
2026-03-30,2026-03-30 14:23:00,511.12,511.12,511.1,511.1,-0.0,52.73,27243.86,-1
2026-03-30,2026-03-30 14:24:00,511.1,511.1,511.08,511.08,-0.0,52.73,27243.86,-1
2026-03-30,2026-03-30 14:25:00,511.08,511.08,511.07,511.07,-0.0,52.73,27243.86,-1
2026-03-30,2026-03-30 14:26:00,511.07,511.07,511.05,511.05,-0.0,52.73,27243.86,-1
2026-03-30,2026-03-30 14:27:00,511.05,511.05,511.03,511.03,-0.0,52.73,27243.86,-1
2026-03-30,2026-03-30 14:28:00,511.03,511.03,511.02,511.02,-0.0,52.73,27243.86,-1
2026-03-30,2026-03-30 14:29:00,511.02,511.02,511.0,511.0,-0.0,52.73,27243.86,-1
2026-03-30,2026-03-30 14:30:00,511.0,511.0,510.98,510.98,-0.0,52.73,27243.86,-1
2026-03-30,2026-03-30 14:31:00,510.98,510.98,510.97,510.97,-0.0,52.73,27243.86,-1
2026-03-30,2026-03-30 14:32:00,510.97,510.97,510.95,510.95,-0.0,52.73,27243.86,-1
2026-03-30,2026-03-30 14:33:00,510.95,510.95,510.93,510.93,-0.0,52.73,27243.86,-1
2026-03-30,2026-03-30 14:34:00,510.93,510.93,510.92,510.92,-0.0,52.73,27243.86,-1
2026-03-30,2026-03-30 14:35:00,510.92,510.92,510.9,510.9,-0.0,52.73,27243.86,-1
2026-03-30,2026-03-30 14:36:00,510.9,510.9,510.88,510.88,-0.0,52.73,27243.86,-1
2026-03-30,2026-03-30 14:37:00,510.88,510.88,510.87,510.87,-0.0,52.73,27243.86,-1
2026-03-30,2026-03-30 14:38:00,510.87,510.87,510.85,510.85,-0.0,52.73,27243.86,-1
2026-03-30,2026-03-30 14:39:00,510.85,510.85,510.83,510.83,-0.0,52.73,27243.86,-1
2026-03-30,2026-03-30 14:40:00,510.83,510.83,510.82,510.82,-0.0,52.73,27243.86,-1
2026-03-30,2026-03-30 14:41:00,510.82,510.82,510.8,510.8,-0.0,52.73,27243.86,-1
2026-03-30,2026-03-30 14:42:00,510.8,510.8,510.78,510.78,-0.0,52.73,27243.86,-1
2026-03-30,2026-03-30 14:43:00,510.78,510.78,510.77,510.77,-0.0,52.73,27243.86,-1
2026-03-30,2026-03-30 14:44:00,510.77,510.77,510.75,510.75,-0.0,52.73,27243.86,-1
2026-03-30,2026-03-30 14:45:00,510.75,510.75,510.73,510.73,-0.0,52.73,27243.86,-1
2026-03-30,2026-03-30 14:46:00,510.73,510.73,510.72,510.72,-0.0,52.73,27243.86,-1
2026-03-30,2026-03-30 14:47:00,510.72,510.72,510.7,510.7,-0.0,52.73,27243.86,-1
2026-03-30,2026-03-30 14:48:00,510.7,510.7,510.68,510.68,-0.0,52.73,27243.86,-1
2026-03-30,2026-03-30 14:49:00,510.68,510.68,510.67,510.67,-0.0,52.73,27243.86,-1
2026-03-30,2026-03-30 14:50:00,510.67,510.67,510.65,510.65,-0.0,52.73,27243.86,-1
2026-03-30,2026-03-30 14:51:00,510.65,510.65,510.63,510.63,-0.0,52.73,27243.86,-1
2026-03-30,2026-03-30 14:52:00,510.63,510.63,510.62,510.62,-0.0,52.73,27243.86,-1
2026-03-30,2026-03-30 14:53:00,510.62,510.62,510.6,510.6,-0.0,52.73,27243.86,-1
2026-03-30,2026-03-30 14:54:00,510.6,510.6,510.58,510.58,-0.0,52.73,27243.86,-1
2026-03-30,2026-03-30 14:55:00,510.58,510.58,510.57,510.57,-0.0,52.73,27243.86,-1
2026-03-30,2026-03-30 14:56:00,510.57,510.57,510.55,510.55,-0.0,52.73,27243.86,-1
2026-03-30,2026-03-30 14:57:00,510.55,510.55,510.53,510.53,-0.0,52.73,27243.86,-1
2026-03-30,2026-03-30 14:58:00,510.53,510.53,510.52,510.52,-0.0,52.73,27243.86,-1
2026-03-30,2026-03-30 14:59:00,510.52,510.52,510.5,510.5,-0.0,52.73,27243.86,-1
2026-03-30,2026-03-30 15:00:00,510.5,526.9,510.0,510.5,0.0,52.73,27243.86,0
2026-03-31,2026-03-31 11:00:00,510.0,511.5,501.6,510.0,0.0,60.84,30566.51,0
2026-03-31,2026-03-31 11:01:00,510.0,510.0,509.99,509.99,-0.0,60.84,30566.51,-1
2026-03-31,2026-03-31 11:02:00,509.99,509.99,509.99,509.99,0.0,60.84,30566.51,0
2026-03-31,2026-03-31 11:03:00,509.99,509.99,509.98,509.98,-0.0,60.84,30566.51,-1
2026-03-31,2026-03-31 11:04:00,509.98,509.98,509.98,509.98,0.0,60.84,30566.51,0
2026-03-31,2026-03-31 11:05:00,509.98,509.98,509.98,509.98,0.0,60.84,30566.51,0
2026-03-31,2026-03-31 11:06:00,509.98,509.98,509.97,509.97,-0.0,60.84,30566.51,-1
2026-03-31,2026-03-31 11:07:00,509.97,509.97,509.97,509.97,0.0,60.84,30566.51,0
2026-03-31,2026-03-31 11:08:00,509.97,509.97,509.96,509.96,-0.0,60.84,30566.51,-1
2026-03-31,2026-03-31 11:09:00,509.96,509.96,509.96,509.96,0.0,60.84,30566.51,0
2026-03-31,2026-03-31 11:10:00,509.96,509.96,509.95,509.95,-0.0,60.84,30566.51,-1
2026-03-31,2026-03-31 11:11:00,509.95,509.95,509.95,509.95,0.0,60.84,30566.51,0
2026-03-31,2026-03-31 11:12:00,509.95,509.95,509.95,509.95,0.0,60.84,30566.51,0
2026-03-31,2026-03-31 11:13:00,509.95,509.95,509.94,509.94,-0.0,60.84,30566.51,-1
2026-03-31,2026-03-31 11:14:00,509.94,509.94,509.94,509.94,0.0,60.84,30566.51,0
2026-03-31,2026-03-31 11:15:00,509.94,509.94,509.93,509.93,-0.0,60.84,30566.51,-1
2026-03-31,2026-03-31 11:16:00,509.93,509.93,509.93,509.93,0.0,60.84,30566.51,0
2026-03-31,2026-03-31 11:17:00,509.93,509.93,509.93,509.93,0.0,60.84,30566.51,0
2026-03-31,2026-03-31 11:18:00,509.93,509.93,509.92,509.92,-0.0,60.84,30566.51,-1
2026-03-31,2026-03-31 11:19:00,509.92,509.92,509.92,509.92,0.0,60.84,30566.51,0
2026-03-31,2026-03-31 11:20:00,509.92,509.92,509.91,509.91,-0.0,60.84,30566.51,-1
2026-03-31,2026-03-31 11:21:00,509.91,509.91,509.91,509.91,0.0,60.84,30566.51,0
2026-03-31,2026-03-31 11:22:00,509.91,509.91,509.9,509.9,-0.0,60.84,30566.51,-1
2026-03-31,2026-03-31 11:23:00,509.9,509.9,509.9,509.9,0.0,60.84,30566.51,0
2026-03-31,2026-03-31 11:24:00,509.9,509.9,509.9,509.9,0.0,60.84,30566.51,0
2026-03-31,2026-03-31 11:25:00,509.9,509.9,509.89,509.89,-0.0,60.84,30566.51,-1
2026-03-31,2026-03-31 11:26:00,509.89,509.89,509.89,509.89,0.0,60.84,30566.51,0
2026-03-31,2026-03-31 11:27:00,509.89,509.89,509.88,509.88,-0.0,60.84,30566.51,-1
2026-03-31,2026-03-31 11:28:00,509.88,509.88,509.88,509.88,0.0,60.84,30566.51,0
2026-03-31,2026-03-31 11:29:00,509.88,509.88,509.88,509.88,0.0,60.84,30566.51,0
2026-03-31,2026-03-31 11:30:00,509.88,509.88,509.87,509.87,-0.0,60.84,30566.51,-1
2026-03-31,2026-03-31 11:31:00,509.87,509.87,509.87,509.87,0.0,60.84,30566.51,0
2026-03-31,2026-03-31 11:32:00,509.87,509.87,509.86,509.86,-0.0,60.84,30566.51,-1
2026-03-31,2026-03-31 11:33:00,509.86,509.86,509.86,509.86,0.0,60.84,30566.51,0
2026-03-31,2026-03-31 11:34:00,509.86,509.86,509.85,509.85,-0.0,60.84,30566.51,-1
2026-03-31,2026-03-31 11:35:00,509.85,509.85,509.85,509.85,0.0,60.84,30566.51,0
2026-03-31,2026-03-31 11:36:00,509.85,509.85,509.85,509.85,0.0,60.84,30566.51,0
2026-03-31,2026-03-31 11:37:00,509.85,509.85,509.84,509.84,-0.0,60.84,30566.51,-1
2026-03-31,2026-03-31 11:38:00,509.84,509.84,509.84,509.84,0.0,60.84,30566.51,0
2026-03-31,2026-03-31 11:39:00,509.84,509.84,509.83,509.83,-0.0,60.84,30566.51,-1
2026-03-31,2026-03-31 11:40:00,509.83,509.83,509.83,509.83,0.0,60.84,30566.51,0
2026-03-31,2026-03-31 11:41:00,509.83,509.83,509.82,509.82,-0.0,60.84,30566.51,-1
2026-03-31,2026-03-31 11:42:00,509.82,509.82,509.82,509.82,0.0,60.84,30566.51,0
2026-03-31,2026-03-31 11:43:00,509.82,509.82,509.82,509.82,0.0,60.84,30566.51,0
2026-03-31,2026-03-31 11:44:00,509.82,509.82,509.81,509.81,-0.0,60.84,30566.51,-1
2026-03-31,2026-03-31 11:45:00,509.81,509.81,509.81,509.81,0.0,60.84,30566.51,0
2026-03-31,2026-03-31 11:46:00,509.81,509.81,509.8,509.8,-0.0,60.84,30566.51,-1
2026-03-31,2026-03-31 11:47:00,509.8,509.8,509.8,509.8,0.0,60.84,30566.51,0
2026-03-31,2026-03-31 11:48:00,509.8,509.8,509.8,509.8,0.0,60.84,30566.51,0
2026-03-31,2026-03-31 11:49:00,509.8,509.8,509.79,509.79,-0.0,60.84,30566.51,-1
2026-03-31,2026-03-31 11:50:00,509.79,509.79,509.79,509.79,0.0,60.84,30566.51,0
2026-03-31,2026-03-31 11:51:00,509.79,509.79,509.78,509.78,-0.0,60.84,30566.51,-1
2026-03-31,2026-03-31 11:52:00,509.78,509.78,509.78,509.78,0.0,60.84,30566.51,0
2026-03-31,2026-03-31 11:53:00,509.78,509.78,509.77,509.77,-0.0,60.84,30566.51,-1
2026-03-31,2026-03-31 11:54:00,509.77,509.77,509.77,509.77,0.0,60.84,30566.51,0
2026-03-31,2026-03-31 11:55:00,509.77,509.77,509.77,509.77,0.0,60.84,30566.51,0
2026-03-31,2026-03-31 11:56:00,509.77,509.77,509.76,509.76,-0.0,60.84,30566.51,-1
2026-03-31,2026-03-31 11:57:00,509.76,509.76,509.76,509.76,0.0,60.84,30566.51,0
2026-03-31,2026-03-31 11:58:00,509.76,509.76,509.75,509.75,-0.0,60.84,30566.51,-1
2026-03-31,2026-03-31 11:59:00,509.75,509.75,509.75,509.75,0.0,60.84,30566.51,0
2026-03-31,2026-03-31 12:00:00,509.75,509.75,509.75,509.75,0.0,60.84,30566.51,0
2026-03-31,2026-03-31 12:01:00,509.75,509.75,509.74,509.74,-0.0,60.84,30566.51,-1
2026-03-31,2026-03-31 12:02:00,509.74,509.74,509.74,509.74,0.0,60.84,30566.51,0
2026-03-31,2026-03-31 12:03:00,509.74,509.74,509.73,509.73,-0.0,60.84,30566.51,-1
2026-03-31,2026-03-31 12:04:00,509.73,509.73,509.73,509.73,0.0,60.84,30566.51,0
2026-03-31,2026-03-31 12:05:00,509.73,509.73,509.73,509.73,0.0,60.84,30566.51,0
2026-03-31,2026-03-31 12:06:00,509.73,509.73,509.72,509.72,-0.0,60.84,30566.51,-1
2026-03-31,2026-03-31 12:07:00,509.72,509.72,509.72,509.72,0.0,60.84,30566.51,0
2026-03-31,2026-03-31 12:08:00,509.72,509.72,509.71,509.71,-0.0,60.84,30566.51,-1
2026-03-31,2026-03-31 12:09:00,509.71,509.71,509.71,509.71,0.0,60.84,30566.51,0
2026-03-31,2026-03-31 12:10:00,509.71,509.71,509.7,509.7,-0.0,60.84,30566.51,-1
2026-03-31,2026-03-31 12:11:00,509.7,509.7,509.7,509.7,0.0,60.84,30566.51,0
2026-03-31,2026-03-31 12:12:00,509.7,509.7,509.7,509.7,0.0,60.84,30566.51,0
2026-03-31,2026-03-31 12:13:00,509.7,509.7,509.69,509.69,-0.0,60.84,30566.51,-1
2026-03-31,2026-03-31 12:14:00,509.69,509.69,509.69,509.69,0.0,60.84,30566.51,0
2026-03-31,2026-03-31 12:15:00,509.69,509.69,509.68,509.68,-0.0,60.84,30566.51,-1
2026-03-31,2026-03-31 12:16:00,509.68,509.68,509.68,509.68,0.0,60.84,30566.51,0
2026-03-31,2026-03-31 12:17:00,509.68,509.68,509.68,509.68,0.0,60.84,30566.51,0
2026-03-31,2026-03-31 12:18:00,509.68,509.68,509.67,509.67,-0.0,60.84,30566.51,-1
2026-03-31,2026-03-31 12:19:00,509.67,509.67,509.67,509.67,0.0,60.84,30566.51,0
2026-03-31,2026-03-31 12:20:00,509.67,509.67,509.66,509.66,-0.0,60.84,30566.51,-1
2026-03-31,2026-03-31 12:21:00,509.66,509.66,509.66,509.66,0.0,60.84,30566.51,0
2026-03-31,2026-03-31 12:22:00,509.66,509.66,509.65,509.65,-0.0,60.84,30566.51,-1
2026-03-31,2026-03-31 12:23:00,509.65,509.65,509.65,509.65,0.0,60.84,30566.51,0
2026-03-31,2026-03-31 12:24:00,509.65,509.65,509.65,509.65,0.0,60.84,30566.51,0
2026-03-31,2026-03-31 12:25:00,509.65,509.65,509.64,509.64,-0.0,60.84,30566.51,-1
2026-03-31,2026-03-31 12:26:00,509.64,509.64,509.64,509.64,0.0,60.84,30566.51,0
2026-03-31,2026-03-31 12:27:00,509.64,509.64,509.63,509.63,-0.0,60.84,30566.51,-1
2026-03-31,2026-03-31 12:28:00,509.63,509.63,509.63,509.63,0.0,60.84,30566.51,0
2026-03-31,2026-03-31 12:29:00,509.63,509.63,509.62,509.62,-0.0,60.84,30566.51,-1
2026-03-31,2026-03-31 12:30:00,509.62,509.62,509.62,509.62,0.0,60.84,30566.51,0
2026-03-31,2026-03-31 12:31:00,509.62,509.62,509.62,509.62,0.0,60.84,30566.51,0
2026-03-31,2026-03-31 12:32:00,509.62,509.62,509.61,509.61,-0.0,60.84,30566.51,-1
2026-03-31,2026-03-31 12:33:00,509.61,509.61,509.61,509.61,0.0,60.84,30566.51,0
2026-03-31,2026-03-31 12:34:00,509.61,509.61,509.6,509.6,-0.0,60.84,30566.51,-1
2026-03-31,2026-03-31 12:35:00,509.6,509.6,509.6,509.6,0.0,60.84,30566.51,0
2026-03-31,2026-03-31 12:36:00,509.6,509.6,509.6,509.6,0.0,60.84,30566.51,0
2026-03-31,2026-03-31 12:37:00,509.6,509.6,509.59,509.59,-0.0,60.84,30566.51,-1
2026-03-31,2026-03-31 12:38:00,509.59,509.59,509.59,509.59,0.0,60.84,30566.51,0
2026-03-31,2026-03-31 12:39:00,509.59,509.59,509.58,509.58,-0.0,60.84,30566.51,-1
2026-03-31,2026-03-31 12:40:00,509.58,509.58,509.58,509.58,0.0,60.84,30566.51,0
2026-03-31,2026-03-31 12:41:00,509.58,509.58,509.57,509.57,-0.0,60.84,30566.51,-1
2026-03-31,2026-03-31 12:42:00,509.57,509.57,509.57,509.57,0.0,60.84,30566.51,0
2026-03-31,2026-03-31 12:43:00,509.57,509.57,509.57,509.57,0.0,60.84,30566.51,0
2026-03-31,2026-03-31 12:44:00,509.57,509.57,509.56,509.56,-0.0,60.84,30566.51,-1
2026-03-31,2026-03-31 12:45:00,509.56,509.56,509.56,509.56,0.0,60.84,30566.51,0
2026-03-31,2026-03-31 12:46:00,509.56,509.56,509.55,509.55,-0.0,60.84,30566.51,-1
2026-03-31,2026-03-31 12:47:00,509.55,509.55,509.55,509.55,0.0,60.84,30566.51,0
2026-03-31,2026-03-31 12:48:00,509.55,509.55,509.55,509.55,0.0,60.84,30566.51,0
2026-03-31,2026-03-31 12:49:00,509.55,509.55,509.54,509.54,-0.0,60.84,30566.51,-1
2026-03-31,2026-03-31 12:50:00,509.54,509.54,509.54,509.54,0.0,60.84,30566.51,0
2026-03-31,2026-03-31 12:51:00,509.54,509.54,509.53,509.53,-0.0,60.84,30566.51,-1
2026-03-31,2026-03-31 12:52:00,509.53,509.53,509.53,509.53,0.0,60.84,30566.51,0
2026-03-31,2026-03-31 12:53:00,509.53,509.53,509.52,509.52,-0.0,60.84,30566.51,-1
2026-03-31,2026-03-31 12:54:00,509.52,509.52,509.52,509.52,0.0,60.84,30566.51,0
2026-03-31,2026-03-31 12:55:00,509.52,509.52,509.52,509.52,0.0,60.84,30566.51,0
2026-03-31,2026-03-31 12:56:00,509.52,509.52,509.51,509.51,-0.0,60.84,30566.51,-1
2026-03-31,2026-03-31 12:57:00,509.51,509.51,509.51,509.51,0.0,60.84,30566.51,0
2026-03-31,2026-03-31 12:58:00,509.51,509.51,509.5,509.5,-0.0,60.84,30566.51,-1
2026-03-31,2026-03-31 12:59:00,509.5,509.5,509.5,509.5,0.0,60.84,30566.51,0
2026-03-31,2026-03-31 13:00:00,509.5,515.0,482.0,509.5,0.0,60.84,30566.51,0
2026-03-31,2026-03-31 13:01:00,509.5,509.5,509.49,509.49,-0.0,60.84,30566.51,-1
2026-03-31,2026-03-31 13:02:00,509.49,509.49,509.49,509.49,0.0,60.84,30566.51,0
2026-03-31,2026-03-31 13:03:00,509.49,509.49,509.48,509.48,-0.0,60.84,30566.51,-1
2026-03-31,2026-03-31 13:04:00,509.48,509.48,509.48,509.48,0.0,60.84,30566.51,0
2026-03-31,2026-03-31 13:05:00,509.48,509.48,509.48,509.48,0.0,60.84,30566.51,0
2026-03-31,2026-03-31 13:06:00,509.48,509.48,509.47,509.47,-0.0,60.84,30566.51,-1
2026-03-31,2026-03-31 13:07:00,509.47,509.47,509.47,509.47,0.0,60.84,30566.51,0
2026-03-31,2026-03-31 13:08:00,509.47,509.47,509.46,509.46,-0.0,60.84,30566.51,-1
2026-03-31,2026-03-31 13:09:00,509.46,509.46,509.46,509.46,0.0,60.84,30566.51,0
2026-03-31,2026-03-31 13:10:00,509.46,509.46,509.45,509.45,-0.0,60.84,30566.51,-1
2026-03-31,2026-03-31 13:11:00,509.45,509.45,509.45,509.45,0.0,60.84,30566.51,0
2026-03-31,2026-03-31 13:12:00,509.45,509.45,509.45,509.45,0.0,60.84,30566.51,0
2026-03-31,2026-03-31 13:13:00,509.45,509.45,509.44,509.44,-0.0,60.84,30566.51,-1
2026-03-31,2026-03-31 13:14:00,509.44,509.44,509.44,509.44,0.0,60.84,30566.51,0
2026-03-31,2026-03-31 13:15:00,509.44,509.44,509.43,509.43,-0.0,60.84,30566.51,-1
2026-03-31,2026-03-31 13:16:00,509.43,509.43,509.43,509.43,0.0,60.84,30566.51,0
2026-03-31,2026-03-31 13:17:00,509.43,509.43,509.43,509.43,0.0,60.84,30566.51,0
2026-03-31,2026-03-31 13:18:00,509.43,509.43,509.42,509.42,-0.0,60.84,30566.51,-1
2026-03-31,2026-03-31 13:19:00,509.42,509.42,509.42,509.42,0.0,60.84,30566.51,0
2026-03-31,2026-03-31 13:20:00,509.42,509.42,509.41,509.41,-0.0,60.84,30566.51,-1
2026-03-31,2026-03-31 13:21:00,509.41,509.41,509.41,509.41,0.0,60.84,30566.51,0
2026-03-31,2026-03-31 13:22:00,509.41,509.41,509.4,509.4,-0.0,60.84,30566.51,-1
2026-03-31,2026-03-31 13:23:00,509.4,509.4,509.4,509.4,0.0,60.84,30566.51,0
2026-03-31,2026-03-31 13:24:00,509.4,509.4,509.4,509.4,0.0,60.84,30566.51,0
2026-03-31,2026-03-31 13:25:00,509.4,509.4,509.39,509.39,-0.0,60.84,30566.51,-1
2026-03-31,2026-03-31 13:26:00,509.39,509.39,509.39,509.39,0.0,60.84,30566.51,0
2026-03-31,2026-03-31 13:27:00,509.39,509.39,509.38,509.38,-0.0,60.84,30566.51,-1
2026-03-31,2026-03-31 13:28:00,509.38,509.38,509.38,509.38,0.0,60.84,30566.51,0
2026-03-31,2026-03-31 13:29:00,509.38,509.38,509.38,509.38,0.0,60.84,30566.51,0
2026-03-31,2026-03-31 13:30:00,509.38,509.38,509.37,509.37,-0.0,60.84,30566.51,-1
2026-03-31,2026-03-31 13:31:00,509.37,509.37,509.37,509.37,0.0,60.84,30566.51,0
2026-03-31,2026-03-31 13:32:00,509.37,509.37,509.36,509.36,-0.0,60.84,30566.51,-1
2026-03-31,2026-03-31 13:33:00,509.36,509.36,509.36,509.36,0.0,60.84,30566.51,0
2026-03-31,2026-03-31 13:34:00,509.36,509.36,509.35,509.35,-0.0,60.84,30566.51,-1
2026-03-31,2026-03-31 13:35:00,509.35,509.35,509.35,509.35,0.0,60.84,30566.51,0
2026-03-31,2026-03-31 13:36:00,509.35,509.35,509.35,509.35,0.0,60.84,30566.51,0
2026-03-31,2026-03-31 13:37:00,509.35,509.35,509.34,509.34,-0.0,60.84,30566.51,-1
2026-03-31,2026-03-31 13:38:00,509.34,509.34,509.34,509.34,0.0,60.84,30566.51,0
2026-03-31,2026-03-31 13:39:00,509.34,509.34,509.33,509.33,-0.0,60.84,30566.51,-1
2026-03-31,2026-03-31 13:40:00,509.33,509.33,509.33,509.33,0.0,60.84,30566.51,0
2026-03-31,2026-03-31 13:41:00,509.33,509.33,509.32,509.32,-0.0,60.84,30566.51,-1
2026-03-31,2026-03-31 13:42:00,509.32,509.32,509.32,509.32,0.0,60.84,30566.51,0
2026-03-31,2026-03-31 13:43:00,509.32,509.32,509.32,509.32,0.0,60.84,30566.51,0
2026-03-31,2026-03-31 13:44:00,509.32,509.32,509.31,509.31,-0.0,60.84,30566.51,-1
2026-03-31,2026-03-31 13:45:00,509.31,509.31,509.31,509.31,0.0,60.84,30566.51,0
2026-03-31,2026-03-31 13:46:00,509.31,509.31,509.3,509.3,-0.0,60.84,30566.51,-1
2026-03-31,2026-03-31 13:47:00,509.3,509.3,509.3,509.3,0.0,60.84,30566.51,0
2026-03-31,2026-03-31 13:48:00,509.3,509.3,509.3,509.3,0.0,60.84,30566.51,0
2026-03-31,2026-03-31 13:49:00,509.3,509.3,509.29,509.29,-0.0,60.84,30566.51,-1
2026-03-31,2026-03-31 13:50:00,509.29,509.29,509.29,509.29,0.0,60.84,30566.51,0
2026-03-31,2026-03-31 13:51:00,509.29,509.29,509.28,509.28,-0.0,60.84,30566.51,-1
2026-03-31,2026-03-31 13:52:00,509.28,509.28,509.28,509.28,0.0,60.84,30566.51,0
2026-03-31,2026-03-31 13:53:00,509.28,509.28,509.27,509.27,-0.0,60.84,30566.51,-1
2026-03-31,2026-03-31 13:54:00,509.27,509.27,509.27,509.27,0.0,60.84,30566.51,0
2026-03-31,2026-03-31 13:55:00,509.27,509.27,509.27,509.27,0.0,60.84,30566.51,0
2026-03-31,2026-03-31 13:56:00,509.27,509.27,509.26,509.26,-0.0,60.84,30566.51,-1
2026-03-31,2026-03-31 13:57:00,509.26,509.26,509.26,509.26,0.0,60.84,30566.51,0
2026-03-31,2026-03-31 13:58:00,509.26,509.26,509.25,509.25,-0.0,60.84,30566.51,-1
2026-03-31,2026-03-31 13:59:00,509.25,509.25,509.25,509.25,0.0,60.84,30566.51,0
2026-03-31,2026-03-31 14:00:00,509.25,509.25,509.25,509.25,0.0,60.84,30566.51,0
2026-03-31,2026-03-31 14:01:00,509.25,509.25,509.24,509.24,-0.0,60.84,30566.51,-1
2026-03-31,2026-03-31 14:02:00,509.24,509.24,509.24,509.24,0.0,60.84,30566.51,0
2026-03-31,2026-03-31 14:03:00,509.24,509.24,509.23,509.23,-0.0,60.84,30566.51,-1
2026-03-31,2026-03-31 14:04:00,509.23,509.23,509.23,509.23,0.0,60.84,30566.51,0
2026-03-31,2026-03-31 14:05:00,509.23,509.23,509.23,509.23,0.0,60.84,30566.51,0
2026-03-31,2026-03-31 14:06:00,509.23,509.23,509.22,509.22,-0.0,60.84,30566.51,-1
2026-03-31,2026-03-31 14:07:00,509.22,509.22,509.22,509.22,0.0,60.84,30566.51,0
2026-03-31,2026-03-31 14:08:00,509.22,509.22,509.21,509.21,-0.0,60.84,30566.51,-1
2026-03-31,2026-03-31 14:09:00,509.21,509.21,509.21,509.21,0.0,60.84,30566.51,0
2026-03-31,2026-03-31 14:10:00,509.21,509.21,509.2,509.2,-0.0,60.84,30566.51,-1
2026-03-31,2026-03-31 14:11:00,509.2,509.2,509.2,509.2,0.0,60.84,30566.51,0
2026-03-31,2026-03-31 14:12:00,509.2,509.2,509.2,509.2,0.0,60.84,30566.51,0
2026-03-31,2026-03-31 14:13:00,509.2,509.2,509.19,509.19,-0.0,60.84,30566.51,-1
2026-03-31,2026-03-31 14:14:00,509.19,509.19,509.19,509.19,0.0,60.84,30566.51,0
2026-03-31,2026-03-31 14:15:00,509.19,509.19,509.18,509.18,-0.0,60.84,30566.51,-1
2026-03-31,2026-03-31 14:16:00,509.18,509.18,509.18,509.18,0.0,60.84,30566.51,0
2026-03-31,2026-03-31 14:17:00,509.18,509.18,509.18,509.18,0.0,60.84,30566.51,0
2026-03-31,2026-03-31 14:18:00,509.18,509.18,509.17,509.17,-0.0,60.84,30566.51,-1
2026-03-31,2026-03-31 14:19:00,509.17,509.17,509.17,509.17,0.0,60.84,30566.51,0
2026-03-31,2026-03-31 14:20:00,509.17,509.17,509.16,509.16,-0.0,60.84,30566.51,-1
2026-03-31,2026-03-31 14:21:00,509.16,509.16,509.16,509.16,0.0,60.84,30566.51,0
2026-03-31,2026-03-31 14:22:00,509.16,509.16,509.15,509.15,-0.0,60.84,30566.51,-1
2026-03-31,2026-03-31 14:23:00,509.15,509.15,509.15,509.15,0.0,60.84,30566.51,0
2026-03-31,2026-03-31 14:24:00,509.15,509.15,509.15,509.15,0.0,60.84,30566.51,0
2026-03-31,2026-03-31 14:25:00,509.15,509.15,509.14,509.14,-0.0,60.84,30566.51,-1
2026-03-31,2026-03-31 14:26:00,509.14,509.14,509.14,509.14,0.0,60.84,30566.51,0
2026-03-31,2026-03-31 14:27:00,509.14,509.14,509.13,509.13,-0.0,60.84,30566.51,-1
2026-03-31,2026-03-31 14:28:00,509.13,509.13,509.13,509.13,0.0,60.84,30566.51,0
2026-03-31,2026-03-31 14:29:00,509.13,509.13,509.12,509.12,-0.0,60.84,30566.51,-1
2026-03-31,2026-03-31 14:30:00,509.12,509.12,509.12,509.12,0.0,60.84,30566.51,0
2026-03-31,2026-03-31 14:31:00,509.12,509.12,509.12,509.12,0.0,60.84,30566.51,0
2026-03-31,2026-03-31 14:32:00,509.12,509.12,509.11,509.11,-0.0,60.84,30566.51,-1
2026-03-31,2026-03-31 14:33:00,509.11,509.11,509.11,509.11,0.0,60.84,30566.51,0
2026-03-31,2026-03-31 14:34:00,509.11,509.11,509.1,509.1,-0.0,60.84,30566.51,-1
2026-03-31,2026-03-31 14:35:00,509.1,509.1,509.1,509.1,0.0,60.84,30566.51,0
2026-03-31,2026-03-31 14:36:00,509.1,509.1,509.1,509.1,0.0,60.84,30566.51,0
2026-03-31,2026-03-31 14:37:00,509.1,509.1,509.09,509.09,-0.0,60.84,30566.51,-1
2026-03-31,2026-03-31 14:38:00,509.09,509.09,509.09,509.09,0.0,60.84,30566.51,0
2026-03-31,2026-03-31 14:39:00,509.09,509.09,509.08,509.08,-0.0,60.84,30566.51,-1
2026-03-31,2026-03-31 14:40:00,509.08,509.08,509.08,509.08,0.0,60.84,30566.51,0
2026-03-31,2026-03-31 14:41:00,509.08,509.08,509.07,509.07,-0.0,60.84,30566.51,-1
2026-03-31,2026-03-31 14:42:00,509.07,509.07,509.07,509.07,0.0,60.84,30566.51,0
2026-03-31,2026-03-31 14:43:00,509.07,509.07,509.07,509.07,0.0,60.84,30566.51,0
2026-03-31,2026-03-31 14:44:00,509.07,509.07,509.06,509.06,-0.0,60.84,30566.51,-1
2026-03-31,2026-03-31 14:45:00,509.06,509.06,509.06,509.06,0.0,60.84,30566.51,0
2026-03-31,2026-03-31 14:46:00,509.06,509.06,509.05,509.05,-0.0,60.84,30566.51,-1
2026-03-31,2026-03-31 14:47:00,509.05,509.05,509.05,509.05,0.0,60.84,30566.51,0
2026-03-31,2026-03-31 14:48:00,509.05,509.05,509.05,509.05,0.0,60.84,30566.51,0
2026-03-31,2026-03-31 14:49:00,509.05,509.05,509.04,509.04,-0.0,60.84,30566.51,-1
2026-03-31,2026-03-31 14:50:00,509.04,509.04,509.04,509.04,0.0,60.84,30566.51,0
2026-03-31,2026-03-31 14:51:00,509.04,509.04,509.03,509.03,-0.0,60.84,30566.51,-1
2026-03-31,2026-03-31 14:52:00,509.03,509.03,509.03,509.03,0.0,60.84,30566.51,0
2026-03-31,2026-03-31 14:53:00,509.03,509.03,509.02,509.02,-0.0,60.84,30566.51,-1
2026-03-31,2026-03-31 14:54:00,509.02,509.02,509.02,509.02,0.0,60.84,30566.51,0
2026-03-31,2026-03-31 14:55:00,509.02,509.02,509.02,509.02,0.0,60.84,30566.51,0
2026-03-31,2026-03-31 14:56:00,509.02,509.02,509.01,509.01,-0.0,60.84,30566.51,-1
2026-03-31,2026-03-31 14:57:00,509.01,509.01,509.01,509.01,0.0,60.84,30566.51,0
2026-03-31,2026-03-31 14:58:00,509.01,509.01,509.0,509.0,-0.0,60.84,30566.51,-1
2026-03-31,2026-03-31 14:59:00,509.0,509.0,509.0,509.0,0.0,60.84,30566.51,0
2026-03-31,2026-03-31 15:00:00,509.0,515.0,482.0,509.0,0.0,60.84,30566.51,0
2026-04-01,2026-04-01 11:00:00,500.0,504.5,496.43,499.97,-0.01,54.24,26781.02,-1
2026-04-01,2026-04-01 11:01:00,499.97,499.97,499.94,499.94,-0.01,54.24,26781.02,-1
2026-04-01,2026-04-01 11:02:00,499.94,499.94,499.91,499.91,-0.01,54.24,26781.02,-1
2026-04-01,2026-04-01 11:03:00,499.91,499.91,499.88,499.88,-0.01,54.24,26781.02,-1
2026-04-01,2026-04-01 11:04:00,499.88,499.88,499.86,499.86,-0.0,54.24,26781.02,-1
2026-04-01,2026-04-01 11:05:00,499.86,499.86,499.83,499.83,-0.01,54.24,26781.02,-1
2026-04-01,2026-04-01 11:06:00,499.83,499.83,499.8,499.8,-0.01,54.24,26781.02,-1
2026-04-01,2026-04-01 11:07:00,499.8,499.8,499.77,499.77,-0.01,54.24,26781.02,-1
2026-04-01,2026-04-01 11:08:00,499.77,499.77,499.74,499.74,-0.01,54.24,26781.02,-1
2026-04-01,2026-04-01 11:09:00,499.74,499.74,499.71,499.71,-0.01,54.24,26781.02,-1
2026-04-01,2026-04-01 11:10:00,499.71,499.71,499.68,499.68,-0.01,54.24,26781.02,-1
2026-04-01,2026-04-01 11:11:00,499.68,499.68,499.65,499.65,-0.01,54.24,26781.02,-1
2026-04-01,2026-04-01 11:12:00,499.65,499.65,499.63,499.63,-0.0,54.24,26781.02,-1
2026-04-01,2026-04-01 11:13:00,499.63,499.63,499.6,499.6,-0.01,54.24,26781.02,-1
2026-04-01,2026-04-01 11:14:00,499.6,499.6,499.57,499.57,-0.01,54.24,26781.02,-1
2026-04-01,2026-04-01 11:15:00,499.57,499.57,499.54,499.54,-0.01,54.24,26781.02,-1
2026-04-01,2026-04-01 11:16:00,499.54,499.54,499.51,499.51,-0.01,54.24,26781.02,-1
2026-04-01,2026-04-01 11:17:00,499.51,499.51,499.48,499.48,-0.01,54.24,26781.02,-1
2026-04-01,2026-04-01 11:18:00,499.48,499.48,499.45,499.45,-0.01,54.24,26781.02,-1
2026-04-01,2026-04-01 11:19:00,499.45,499.45,499.43,499.43,-0.0,54.24,26781.02,-1
2026-04-01,2026-04-01 11:20:00,499.43,499.43,499.4,499.4,-0.01,54.24,26781.02,-1
2026-04-01,2026-04-01 11:21:00,499.4,499.4,499.37,499.37,-0.01,54.24,26781.02,-1
2026-04-01,2026-04-01 11:22:00,499.37,499.37,499.34,499.34,-0.01,54.24,26781.02,-1
2026-04-01,2026-04-01 11:23:00,499.34,499.34,499.31,499.31,-0.01,54.24,26781.02,-1
2026-04-01,2026-04-01 11:24:00,499.31,499.31,499.28,499.28,-0.01,54.24,26781.02,-1
2026-04-01,2026-04-01 11:25:00,499.28,499.28,499.25,499.25,-0.01,54.24,26781.02,-1
2026-04-01,2026-04-01 11:26:00,499.25,499.25,499.22,499.22,-0.01,54.24,26781.02,-1
2026-04-01,2026-04-01 11:27:00,499.22,499.22,499.19,499.19,-0.01,54.24,26781.02,-1
2026-04-01,2026-04-01 11:28:00,499.19,499.19,499.17,499.17,-0.0,54.24,26781.02,-1
2026-04-01,2026-04-01 11:29:00,499.17,499.17,499.14,499.14,-0.01,54.24,26781.02,-1
2026-04-01,2026-04-01 11:30:00,499.14,499.14,499.11,499.11,-0.01,54.24,26781.02,-1
2026-04-01,2026-04-01 11:31:00,499.11,499.11,499.08,499.08,-0.01,54.24,26781.02,-1
2026-04-01,2026-04-01 11:32:00,499.08,499.08,499.05,499.05,-0.01,54.24,26781.02,-1
2026-04-01,2026-04-01 11:33:00,499.05,499.05,499.02,499.02,-0.01,54.24,26781.02,-1
2026-04-01,2026-04-01 11:34:00,499.02,499.02,498.99,498.99,-0.01,54.24,26781.02,-1
2026-04-01,2026-04-01 11:35:00,498.99,498.99,498.97,498.97,-0.0,54.24,26781.02,-1
2026-04-01,2026-04-01 11:36:00,498.97,498.97,498.94,498.94,-0.01,54.24,26781.02,-1
2026-04-01,2026-04-01 11:37:00,498.94,498.94,498.91,498.91,-0.01,54.24,26781.02,-1
2026-04-01,2026-04-01 11:38:00,498.91,498.91,498.88,498.88,-0.01,54.24,26781.02,-1
2026-04-01,2026-04-01 11:39:00,498.88,498.88,498.85,498.85,-0.01,54.24,26781.02,-1
2026-04-01,2026-04-01 11:40:00,498.85,498.85,498.82,498.82,-0.01,54.24,26781.02,-1
2026-04-01,2026-04-01 11:41:00,498.82,498.82,498.79,498.79,-0.01,54.24,26781.02,-1
2026-04-01,2026-04-01 11:42:00,498.79,498.79,498.76,498.76,-0.01,54.24,26781.02,-1
2026-04-01,2026-04-01 11:43:00,498.76,498.76,498.74,498.74,-0.0,54.24,26781.02,-1
2026-04-01,2026-04-01 11:44:00,498.74,498.74,498.71,498.71,-0.01,54.24,26781.02,-1
2026-04-01,2026-04-01 11:45:00,498.71,498.71,498.68,498.68,-0.01,54.24,26781.02,-1
2026-04-01,2026-04-01 11:46:00,498.68,498.68,498.65,498.65,-0.01,54.24,26781.02,-1
2026-04-01,2026-04-01 11:47:00,498.65,498.65,498.62,498.62,-0.01,54.24,26781.02,-1
2026-04-01,2026-04-01 11:48:00,498.62,498.62,498.59,498.59,-0.01,54.24,26781.02,-1
2026-04-01,2026-04-01 11:49:00,498.59,498.59,498.56,498.56,-0.01,54.24,26781.02,-1
2026-04-01,2026-04-01 11:50:00,498.56,498.56,498.53,498.53,-0.01,54.24,26781.02,-1
2026-04-01,2026-04-01 11:51:00,498.53,498.53,498.5,498.5,-0.01,54.24,26781.02,-1
2026-04-01,2026-04-01 11:52:00,498.5,498.5,498.48,498.48,-0.0,54.24,26781.02,-1
2026-04-01,2026-04-01 11:53:00,498.48,498.48,498.45,498.45,-0.01,54.24,26781.02,-1
2026-04-01,2026-04-01 11:54:00,498.45,498.45,498.42,498.42,-0.01,54.24,26781.02,-1
2026-04-01,2026-04-01 11:55:00,498.42,498.42,498.39,498.39,-0.01,54.24,26781.02,-1
2026-04-01,2026-04-01 11:56:00,498.39,498.39,498.36,498.36,-0.01,54.24,26781.02,-1
2026-04-01,2026-04-01 11:57:00,498.36,498.36,498.33,498.33,-0.01,54.24,26781.02,-1
2026-04-01,2026-04-01 11:58:00,498.33,498.33,498.3,498.3,-0.01,54.24,26781.02,-1
2026-04-01,2026-04-01 11:59:00,498.3,498.3,498.27,498.27,-0.01,54.24,26781.02,-1
2026-04-01,2026-04-01 12:00:00,498.27,498.27,498.25,498.25,-0.0,54.24,26781.02,-1
2026-04-01,2026-04-01 12:01:00,498.25,498.25,498.22,498.22,-0.01,54.24,26781.02,-1
2026-04-01,2026-04-01 12:02:00,498.22,498.22,498.19,498.19,-0.01,54.24,26781.02,-1
2026-04-01,2026-04-01 12:03:00,498.19,498.19,498.16,498.16,-0.01,54.24,26781.02,-1
2026-04-01,2026-04-01 12:04:00,498.16,498.16,498.13,498.13,-0.01,54.24,26781.02,-1
2026-04-01,2026-04-01 12:05:00,498.13,498.13,498.1,498.1,-0.01,54.24,26781.02,-1
2026-04-01,2026-04-01 12:06:00,498.1,498.1,498.07,498.07,-0.01,54.24,26781.02,-1
2026-04-01,2026-04-01 12:07:00,498.07,498.07,498.05,498.05,-0.0,54.24,26781.02,-1
2026-04-01,2026-04-01 12:08:00,498.05,498.05,498.02,498.02,-0.01,54.24,26781.02,-1
2026-04-01,2026-04-01 12:09:00,498.02,498.02,497.99,497.99,-0.01,54.24,26781.02,-1
2026-04-01,2026-04-01 12:10:00,497.99,497.99,497.96,497.96,-0.01,54.24,26781.02,-1
2026-04-01,2026-04-01 12:11:00,497.96,497.96,497.93,497.93,-0.01,54.24,26781.02,-1
2026-04-01,2026-04-01 12:12:00,497.93,497.93,497.9,497.9,-0.01,54.24,26781.02,-1
2026-04-01,2026-04-01 12:13:00,497.9,497.9,497.87,497.87,-0.01,54.24,26781.02,-1
2026-04-01,2026-04-01 12:14:00,497.87,497.87,497.84,497.84,-0.01,54.24,26781.02,-1
2026-04-01,2026-04-01 12:15:00,497.84,497.84,497.81,497.81,-0.01,54.24,26781.02,-1
2026-04-01,2026-04-01 12:16:00,497.81,497.81,497.79,497.79,-0.0,54.24,26781.02,-1
2026-04-01,2026-04-01 12:17:00,497.79,497.79,497.76,497.76,-0.01,54.24,26781.02,-1
2026-04-01,2026-04-01 12:18:00,497.76,497.76,497.73,497.73,-0.01,54.24,26781.02,-1
2026-04-01,2026-04-01 12:19:00,497.73,497.73,497.7,497.7,-0.01,54.24,26781.02,-1
2026-04-01,2026-04-01 12:20:00,497.7,497.7,497.67,497.67,-0.01,54.24,26781.02,-1
2026-04-01,2026-04-01 12:21:00,497.67,497.67,497.64,497.64,-0.01,54.24,26781.02,-1
2026-04-01,2026-04-01 12:22:00,497.64,497.64,497.61,497.61,-0.01,54.24,26781.02,-1
2026-04-01,2026-04-01 12:23:00,497.61,497.61,497.59,497.59,-0.0,54.24,26781.02,-1
2026-04-01,2026-04-01 12:24:00,497.59,497.59,497.56,497.56,-0.01,54.24,26781.02,-1
2026-04-01,2026-04-01 12:25:00,497.56,497.56,497.53,497.53,-0.01,54.24,26781.02,-1
2026-04-01,2026-04-01 12:26:00,497.53,497.53,497.5,497.5,-0.01,54.24,26781.02,-1
2026-04-01,2026-04-01 12:27:00,497.5,497.5,497.47,497.47,-0.01,54.24,26781.02,-1
2026-04-01,2026-04-01 12:28:00,497.47,497.47,497.44,497.44,-0.01,54.24,26781.02,-1
2026-04-01,2026-04-01 12:29:00,497.44,497.44,497.41,497.41,-0.01,54.24,26781.02,-1
2026-04-01,2026-04-01 12:30:00,497.41,497.41,497.38,497.38,-0.01,54.24,26781.02,-1
2026-04-01,2026-04-01 12:31:00,497.38,497.38,497.36,497.36,-0.0,54.24,26781.02,-1
2026-04-01,2026-04-01 12:32:00,497.36,497.36,497.33,497.33,-0.01,54.24,26781.02,-1
2026-04-01,2026-04-01 12:33:00,497.33,497.33,497.3,497.3,-0.01,54.24,26781.02,-1
2026-04-01,2026-04-01 12:34:00,497.3,497.3,497.27,497.27,-0.01,54.24,26781.02,-1
2026-04-01,2026-04-01 12:35:00,497.27,497.27,497.24,497.24,-0.01,54.24,26781.02,-1
2026-04-01,2026-04-01 12:36:00,497.24,497.24,497.21,497.21,-0.01,54.24,26781.02,-1
2026-04-01,2026-04-01 12:37:00,497.21,497.21,497.18,497.18,-0.01,54.24,26781.02,-1
2026-04-01,2026-04-01 12:38:00,497.18,497.18,497.15,497.15,-0.01,54.24,26781.02,-1
2026-04-01,2026-04-01 12:39:00,497.15,497.15,497.12,497.12,-0.01,54.24,26781.02,-1
2026-04-01,2026-04-01 12:40:00,497.12,497.12,497.1,497.1,-0.0,54.24,26781.02,-1
2026-04-01,2026-04-01 12:41:00,497.1,497.1,497.07,497.07,-0.01,54.24,26781.02,-1
2026-04-01,2026-04-01 12:42:00,497.07,497.07,497.04,497.04,-0.01,54.24,26781.02,-1
2026-04-01,2026-04-01 12:43:00,497.04,497.04,497.01,497.01,-0.01,54.24,26781.02,-1
2026-04-01,2026-04-01 12:44:00,497.01,497.01,496.98,496.98,-0.01,54.24,26781.02,-1
2026-04-01,2026-04-01 12:45:00,496.98,496.98,496.95,496.95,-0.01,54.24,26781.02,-1
2026-04-01,2026-04-01 12:46:00,496.95,496.95,496.92,496.92,-0.01,54.24,26781.02,-1
2026-04-01,2026-04-01 12:47:00,496.92,496.92,496.89,496.89,-0.01,54.24,26781.02,-1
2026-04-01,2026-04-01 12:48:00,496.89,496.89,496.87,496.87,-0.0,54.24,26781.02,-1
2026-04-01,2026-04-01 12:49:00,496.87,496.87,496.84,496.84,-0.01,54.24,26781.02,-1
2026-04-01,2026-04-01 12:50:00,496.84,496.84,496.81,496.81,-0.01,54.24,26781.02,-1
2026-04-01,2026-04-01 12:51:00,496.81,496.81,496.78,496.78,-0.01,54.24,26781.02,-1
2026-04-01,2026-04-01 12:52:00,496.78,496.78,496.75,496.75,-0.01,54.24,26781.02,-1
2026-04-01,2026-04-01 12:53:00,496.75,496.75,496.72,496.72,-0.01,54.24,26781.02,-1
2026-04-01,2026-04-01 12:54:00,496.72,496.72,496.69,496.69,-0.01,54.24,26781.02,-1
2026-04-01,2026-04-01 12:55:00,496.69,496.69,496.67,496.67,-0.0,54.24,26781.02,-1
2026-04-01,2026-04-01 12:56:00,496.67,496.67,496.64,496.64,-0.01,54.24,26781.02,-1
2026-04-01,2026-04-01 12:57:00,496.64,496.64,496.61,496.61,-0.01,54.24,26781.02,-1
2026-04-01,2026-04-01 12:58:00,496.61,496.61,496.58,496.58,-0.01,54.24,26781.02,-1
2026-04-01,2026-04-01 12:59:00,496.58,496.58,496.55,496.55,-0.01,54.24,26781.02,-1
2026-04-01,2026-04-01 13:00:00,496.55,515.0,488.1,496.52,-0.01,54.24,26781.02,-1
2026-04-01,2026-04-01 13:01:00,496.52,496.52,496.49,496.49,-0.01,54.24,26781.02,-1
2026-04-01,2026-04-01 13:02:00,496.49,496.49,496.46,496.46,-0.01,54.24,26781.02,-1
2026-04-01,2026-04-01 13:03:00,496.46,496.46,496.44,496.44,-0.0,54.24,26781.02,-1
2026-04-01,2026-04-01 13:04:00,496.44,496.44,496.41,496.41,-0.01,54.24,26781.02,-1
2026-04-01,2026-04-01 13:05:00,496.41,496.41,496.38,496.38,-0.01,54.24,26781.02,-1
2026-04-01,2026-04-01 13:06:00,496.38,496.38,496.35,496.35,-0.01,54.24,26781.02,-1
2026-04-01,2026-04-01 13:07:00,496.35,496.35,496.32,496.32,-0.01,54.24,26781.02,-1
2026-04-01,2026-04-01 13:08:00,496.32,496.32,496.29,496.29,-0.01,54.24,26781.02,-1
2026-04-01,2026-04-01 13:09:00,496.29,496.29,496.26,496.26,-0.01,54.24,26781.02,-1
2026-04-01,2026-04-01 13:10:00,496.26,496.26,496.23,496.23,-0.01,54.24,26781.02,-1
2026-04-01,2026-04-01 13:11:00,496.23,496.23,496.2,496.2,-0.01,54.24,26781.02,-1
2026-04-01,2026-04-01 13:12:00,496.2,496.2,496.18,496.18,-0.0,54.24,26781.02,-1
2026-04-01,2026-04-01 13:13:00,496.18,496.18,496.15,496.15,-0.01,54.24,26781.02,-1
2026-04-01,2026-04-01 13:14:00,496.15,496.15,496.12,496.12,-0.01,54.24,26781.02,-1
2026-04-01,2026-04-01 13:15:00,496.12,496.12,496.09,496.09,-0.01,54.24,26781.02,-1
2026-04-01,2026-04-01 13:16:00,496.09,496.09,496.06,496.06,-0.01,54.24,26781.02,-1
2026-04-01,2026-04-01 13:17:00,496.06,496.06,496.03,496.03,-0.01,54.24,26781.02,-1
2026-04-01,2026-04-01 13:18:00,496.03,496.03,496.0,496.0,-0.01,54.24,26781.02,-1
2026-04-01,2026-04-01 13:19:00,496.0,496.0,495.98,495.98,-0.0,54.24,26781.02,-1
2026-04-01,2026-04-01 13:20:00,495.98,495.98,495.95,495.95,-0.01,54.24,26781.02,-1
2026-04-01,2026-04-01 13:21:00,495.95,495.95,495.92,495.92,-0.01,54.24,26781.02,-1
2026-04-01,2026-04-01 13:22:00,495.92,495.92,495.89,495.89,-0.01,54.24,26781.02,-1
2026-04-01,2026-04-01 13:23:00,495.89,495.89,495.86,495.86,-0.01,54.24,26781.02,-1
2026-04-01,2026-04-01 13:24:00,495.86,495.86,495.83,495.83,-0.01,54.24,26781.02,-1
2026-04-01,2026-04-01 13:25:00,495.83,495.83,495.8,495.8,-0.01,54.24,26781.02,-1
2026-04-01,2026-04-01 13:26:00,495.8,495.8,495.77,495.77,-0.01,54.24,26781.02,-1
2026-04-01,2026-04-01 13:27:00,495.77,495.77,495.75,495.75,-0.0,54.24,26781.02,-1
2026-04-01,2026-04-01 13:28:00,495.75,495.75,495.72,495.72,-0.01,54.24,26781.02,-1
2026-04-01,2026-04-01 13:29:00,495.72,495.72,495.69,495.69,-0.01,54.24,26781.02,-1
2026-04-01,2026-04-01 13:30:00,495.69,495.69,495.66,495.66,-0.01,54.24,26781.02,-1
2026-04-01,2026-04-01 13:31:00,495.66,495.66,495.63,495.63,-0.01,54.24,26781.02,-1
2026-04-01,2026-04-01 13:32:00,495.63,495.63,495.6,495.6,-0.01,54.24,26781.02,-1
2026-04-01,2026-04-01 13:33:00,495.6,495.6,495.57,495.57,-0.01,54.24,26781.02,-1
2026-04-01,2026-04-01 13:34:00,495.57,495.57,495.54,495.54,-0.01,54.24,26781.02,-1
2026-04-01,2026-04-01 13:35:00,495.54,495.54,495.51,495.51,-0.01,54.24,26781.02,-1
2026-04-01,2026-04-01 13:36:00,495.51,495.51,495.49,495.49,-0.0,54.24,26781.02,-1
2026-04-01,2026-04-01 13:37:00,495.49,495.49,495.46,495.46,-0.01,54.24,26781.02,-1
2026-04-01,2026-04-01 13:38:00,495.46,495.46,495.43,495.43,-0.01,54.24,26781.02,-1
2026-04-01,2026-04-01 13:39:00,495.43,495.43,495.4,495.4,-0.01,54.24,26781.02,-1
2026-04-01,2026-04-01 13:40:00,495.4,495.4,495.37,495.37,-0.01,54.24,26781.02,-1
2026-04-01,2026-04-01 13:41:00,495.37,495.37,495.34,495.34,-0.01,54.24,26781.02,-1
2026-04-01,2026-04-01 13:42:00,495.34,495.34,495.31,495.31,-0.01,54.24,26781.02,-1
2026-04-01,2026-04-01 13:43:00,495.31,495.31,495.29,495.29,-0.0,54.24,26781.02,-1
2026-04-01,2026-04-01 13:44:00,495.29,495.29,495.26,495.26,-0.01,54.24,26781.02,-1
2026-04-01,2026-04-01 13:45:00,495.26,495.26,495.23,495.23,-0.01,54.24,26781.02,-1
2026-04-01,2026-04-01 13:46:00,495.23,495.23,495.2,495.2,-0.01,54.24,26781.02,-1
2026-04-01,2026-04-01 13:47:00,495.2,495.2,495.17,495.17,-0.01,54.24,26781.02,-1
2026-04-01,2026-04-01 13:48:00,495.17,495.17,495.14,495.14,-0.01,54.24,26781.02,-1
2026-04-01,2026-04-01 13:49:00,495.14,495.14,495.11,495.11,-0.01,54.24,26781.02,-1
2026-04-01,2026-04-01 13:50:00,495.11,495.11,495.08,495.08,-0.01,54.24,26781.02,-1
2026-04-01,2026-04-01 13:51:00,495.08,495.08,495.06,495.06,-0.0,54.24,26781.02,-1
2026-04-01,2026-04-01 13:52:00,495.06,495.06,495.03,495.03,-0.01,54.24,26781.02,-1
2026-04-01,2026-04-01 13:53:00,495.03,495.03,495.0,495.0,-0.01,54.24,26781.02,-1
2026-04-01,2026-04-01 13:54:00,495.0,495.0,494.97,494.97,-0.01,54.24,26781.02,-1
2026-04-01,2026-04-01 13:55:00,494.97,494.97,494.94,494.94,-0.01,54.24,26781.02,-1
2026-04-01,2026-04-01 13:56:00,494.94,494.94,494.91,494.91,-0.01,54.24,26781.02,-1
2026-04-01,2026-04-01 13:57:00,494.91,494.91,494.88,494.88,-0.01,54.24,26781.02,-1
2026-04-01,2026-04-01 13:58:00,494.88,494.88,494.85,494.85,-0.01,54.24,26781.02,-1
2026-04-01,2026-04-01 13:59:00,494.85,494.85,494.83,494.83,-0.0,54.24,26781.02,-1
2026-04-01,2026-04-01 14:00:00,494.83,494.83,494.8,494.8,-0.01,54.24,26781.02,-1
2026-04-01,2026-04-01 14:01:00,494.8,494.8,494.77,494.77,-0.01,54.24,26781.02,-1
2026-04-01,2026-04-01 14:02:00,494.77,494.77,494.74,494.74,-0.01,54.24,26781.02,-1
2026-04-01,2026-04-01 14:03:00,494.74,494.74,494.71,494.71,-0.01,54.24,26781.02,-1
2026-04-01,2026-04-01 14:04:00,494.71,494.71,494.68,494.68,-0.01,54.24,26781.02,-1
2026-04-01,2026-04-01 14:05:00,494.68,494.68,494.65,494.65,-0.01,54.24,26781.02,-1
2026-04-01,2026-04-01 14:06:00,494.65,494.65,494.62,494.62,-0.01,54.24,26781.02,-1
2026-04-01,2026-04-01 14:07:00,494.62,494.62,494.6,494.6,-0.0,54.24,26781.02,-1
2026-04-01,2026-04-01 14:08:00,494.6,494.6,494.57,494.57,-0.01,54.24,26781.02,-1
2026-04-01,2026-04-01 14:09:00,494.57,494.57,494.54,494.54,-0.01,54.24,26781.02,-1
2026-04-01,2026-04-01 14:10:00,494.54,494.54,494.51,494.51,-0.01,54.24,26781.02,-1
2026-04-01,2026-04-01 14:11:00,494.51,494.51,494.48,494.48,-0.01,54.24,26781.02,-1
2026-04-01,2026-04-01 14:12:00,494.48,494.48,494.45,494.45,-0.01,54.24,26781.02,-1
2026-04-01,2026-04-01 14:13:00,494.45,494.45,494.42,494.42,-0.01,54.24,26781.02,-1
2026-04-01,2026-04-01 14:14:00,494.42,494.42,494.39,494.39,-0.01,54.24,26781.02,-1
2026-04-01,2026-04-01 14:15:00,494.39,494.39,494.37,494.37,-0.0,54.24,26781.02,-1
2026-04-01,2026-04-01 14:16:00,494.37,494.37,494.34,494.34,-0.01,54.24,26781.02,-1
2026-04-01,2026-04-01 14:17:00,494.34,494.34,494.31,494.31,-0.01,54.24,26781.02,-1
2026-04-01,2026-04-01 14:18:00,494.31,494.31,494.28,494.28,-0.01,54.24,26781.02,-1
2026-04-01,2026-04-01 14:19:00,494.28,494.28,494.25,494.25,-0.01,54.24,26781.02,-1
2026-04-01,2026-04-01 14:20:00,494.25,494.25,494.22,494.22,-0.01,54.24,26781.02,-1
2026-04-01,2026-04-01 14:21:00,494.22,494.22,494.19,494.19,-0.01,54.24,26781.02,-1
2026-04-01,2026-04-01 14:22:00,494.19,494.19,494.16,494.16,-0.01,54.24,26781.02,-1
2026-04-01,2026-04-01 14:23:00,494.16,494.16,494.13,494.13,-0.01,54.24,26781.02,-1
2026-04-01,2026-04-01 14:24:00,494.13,494.13,494.11,494.11,-0.0,54.24,26781.02,-1
2026-04-01,2026-04-01 14:25:00,494.11,494.11,494.08,494.08,-0.01,54.24,26781.02,-1
2026-04-01,2026-04-01 14:26:00,494.08,494.08,494.05,494.05,-0.01,54.24,26781.02,-1
2026-04-01,2026-04-01 14:27:00,494.05,494.05,494.02,494.02,-0.01,54.24,26781.02,-1
2026-04-01,2026-04-01 14:28:00,494.02,494.02,493.99,493.99,-0.01,54.24,26781.02,-1
2026-04-01,2026-04-01 14:29:00,493.99,493.99,493.96,493.96,-0.01,54.24,26781.02,-1
2026-04-01,2026-04-01 14:30:00,493.96,493.96,493.93,493.93,-0.01,54.24,26781.02,-1
2026-04-01,2026-04-01 14:31:00,493.93,493.93,493.91,493.91,-0.0,54.24,26781.02,-1
2026-04-01,2026-04-01 14:32:00,493.91,493.91,493.88,493.88,-0.01,54.24,26781.02,-1
2026-04-01,2026-04-01 14:33:00,493.88,493.88,493.85,493.85,-0.01,54.24,26781.02,-1
2026-04-01,2026-04-01 14:34:00,493.85,493.85,493.82,493.82,-0.01,54.24,26781.02,-1
2026-04-01,2026-04-01 14:35:00,493.82,493.82,493.79,493.79,-0.01,54.24,26781.02,-1
2026-04-01,2026-04-01 14:36:00,493.79,493.79,493.76,493.76,-0.01,54.24,26781.02,-1
2026-04-01,2026-04-01 14:37:00,493.76,493.76,493.73,493.73,-0.01,54.24,26781.02,-1
2026-04-01,2026-04-01 14:38:00,493.73,493.73,493.7,493.7,-0.01,54.24,26781.02,-1
2026-04-01,2026-04-01 14:39:00,493.7,493.7,493.68,493.68,-0.0,54.24,26781.02,-1
2026-04-01,2026-04-01 14:40:00,493.68,493.68,493.65,493.65,-0.01,54.24,26781.02,-1
2026-04-01,2026-04-01 14:41:00,493.65,493.65,493.62,493.62,-0.01,54.24,26781.02,-1
2026-04-01,2026-04-01 14:42:00,493.62,493.62,493.59,493.59,-0.01,54.24,26781.02,-1
2026-04-01,2026-04-01 14:43:00,493.59,493.59,493.56,493.56,-0.01,54.24,26781.02,-1
2026-04-01,2026-04-01 14:44:00,493.56,493.56,493.53,493.53,-0.01,54.24,26781.02,-1
2026-04-01,2026-04-01 14:45:00,493.53,493.53,493.5,493.5,-0.01,54.24,26781.02,-1
2026-04-01,2026-04-01 14:46:00,493.5,493.5,493.47,493.47,-0.01,54.24,26781.02,-1
2026-04-01,2026-04-01 14:47:00,493.47,493.47,493.45,493.45,-0.0,54.24,26781.02,-1
2026-04-01,2026-04-01 14:48:00,493.45,493.45,493.42,493.42,-0.01,54.24,26781.02,-1
2026-04-01,2026-04-01 14:49:00,493.42,493.42,493.39,493.39,-0.01,54.24,26781.02,-1
2026-04-01,2026-04-01 14:50:00,493.39,493.39,493.36,493.36,-0.01,54.24,26781.02,-1
2026-04-01,2026-04-01 14:51:00,493.36,493.36,493.33,493.33,-0.01,54.24,26781.02,-1
2026-04-01,2026-04-01 14:52:00,493.33,493.33,493.3,493.3,-0.01,54.24,26781.02,-1
2026-04-01,2026-04-01 14:53:00,493.3,493.3,493.27,493.27,-0.01,54.24,26781.02,-1
2026-04-01,2026-04-01 14:54:00,493.27,493.27,493.24,493.24,-0.01,54.24,26781.02,-1
2026-04-01,2026-04-01 14:55:00,493.24,493.24,493.22,493.22,-0.0,54.24,26781.02,-1
2026-04-01,2026-04-01 14:56:00,493.22,493.22,493.19,493.19,-0.01,54.24,26781.02,-1
2026-04-01,2026-04-01 14:57:00,493.19,493.19,493.16,493.16,-0.01,54.24,26781.02,-1
2026-04-01,2026-04-01 14:58:00,493.16,493.16,493.13,493.13,-0.01,54.24,26781.02,-1
2026-04-01,2026-04-01 14:59:00,493.13,493.13,493.1,493.1,-0.01,54.24,26781.02,-1
2026-04-01,2026-04-01 15:00:00,493.1,515.0,488.1,493.1,0.0,54.24,26781.02,0
2026-04-02,2026-04-02 11:00:00,490.0,490.0,486.4,489.95,-0.01,77.32,37261.61,-1
2026-04-02,2026-04-02 11:01:00,489.95,489.95,489.9,489.9,-0.01,77.32,37261.61,-1
2026-04-02,2026-04-02 11:02:00,489.9,489.9,489.85,489.85,-0.01,77.32,37261.61,-1
2026-04-02,2026-04-02 11:03:00,489.85,489.85,489.8,489.8,-0.01,77.32,37261.61,-1
2026-04-02,2026-04-02 11:04:00,489.8,489.8,489.75,489.75,-0.01,77.32,37261.61,-1
2026-04-02,2026-04-02 11:05:00,489.75,489.75,489.7,489.7,-0.01,77.32,37261.61,-1
2026-04-02,2026-04-02 11:06:00,489.7,489.7,489.65,489.65,-0.01,77.32,37261.61,-1
2026-04-02,2026-04-02 11:07:00,489.65,489.65,489.6,489.6,-0.01,77.32,37261.61,-1
2026-04-02,2026-04-02 11:08:00,489.6,489.6,489.55,489.55,-0.01,77.32,37261.61,-1
2026-04-02,2026-04-02 11:09:00,489.55,489.55,489.5,489.5,-0.01,77.32,37261.61,-1
2026-04-02,2026-04-02 11:10:00,489.5,489.5,489.45,489.45,-0.01,77.32,37261.61,-1
2026-04-02,2026-04-02 11:11:00,489.45,489.45,489.4,489.4,-0.01,77.32,37261.61,-1
2026-04-02,2026-04-02 11:12:00,489.4,489.4,489.35,489.35,-0.01,77.32,37261.61,-1
2026-04-02,2026-04-02 11:13:00,489.35,489.35,489.3,489.3,-0.01,77.32,37261.61,-1
2026-04-02,2026-04-02 11:14:00,489.3,489.3,489.25,489.25,-0.01,77.32,37261.61,-1
2026-04-02,2026-04-02 11:15:00,489.25,489.25,489.2,489.2,-0.01,77.32,37261.61,-1
2026-04-02,2026-04-02 11:16:00,489.2,489.2,489.15,489.15,-0.01,77.32,37261.61,-1
2026-04-02,2026-04-02 11:17:00,489.15,489.15,489.1,489.1,-0.01,77.32,37261.61,-1
2026-04-02,2026-04-02 11:18:00,489.1,489.1,489.05,489.05,-0.01,77.32,37261.61,-1
2026-04-02,2026-04-02 11:19:00,489.05,489.05,489.0,489.0,-0.01,77.32,37261.61,-1
2026-04-02,2026-04-02 11:20:00,489.0,489.0,488.95,488.95,-0.01,77.32,37261.61,-1
2026-04-02,2026-04-02 11:21:00,488.95,488.95,488.9,488.9,-0.01,77.32,37261.61,-1
2026-04-02,2026-04-02 11:22:00,488.9,488.9,488.85,488.85,-0.01,77.32,37261.61,-1
2026-04-02,2026-04-02 11:23:00,488.85,488.85,488.8,488.8,-0.01,77.32,37261.61,-1
2026-04-02,2026-04-02 11:24:00,488.8,488.8,488.75,488.75,-0.01,77.32,37261.61,-1
2026-04-02,2026-04-02 11:25:00,488.75,488.75,488.7,488.7,-0.01,77.32,37261.61,-1
2026-04-02,2026-04-02 11:26:00,488.7,488.7,488.65,488.65,-0.01,77.32,37261.61,-1
2026-04-02,2026-04-02 11:27:00,488.65,488.65,488.6,488.6,-0.01,77.32,37261.61,-1
2026-04-02,2026-04-02 11:28:00,488.6,488.6,488.55,488.55,-0.01,77.32,37261.61,-1
2026-04-02,2026-04-02 11:29:00,488.55,488.55,488.5,488.5,-0.01,77.32,37261.61,-1
2026-04-02,2026-04-02 11:30:00,488.5,488.5,488.45,488.45,-0.01,77.32,37261.61,-1
2026-04-02,2026-04-02 11:31:00,488.45,488.45,488.4,488.4,-0.01,77.32,37261.61,-1
2026-04-02,2026-04-02 11:32:00,488.4,488.4,488.35,488.35,-0.01,77.32,37261.61,-1
2026-04-02,2026-04-02 11:33:00,488.35,488.35,488.3,488.3,-0.01,77.32,37261.61,-1
2026-04-02,2026-04-02 11:34:00,488.3,488.3,488.25,488.25,-0.01,77.32,37261.61,-1
2026-04-02,2026-04-02 11:35:00,488.25,488.25,488.2,488.2,-0.01,77.32,37261.61,-1
2026-04-02,2026-04-02 11:36:00,488.2,488.2,488.15,488.15,-0.01,77.32,37261.61,-1
2026-04-02,2026-04-02 11:37:00,488.15,488.15,488.1,488.1,-0.01,77.32,37261.61,-1
2026-04-02,2026-04-02 11:38:00,488.1,488.1,488.05,488.05,-0.01,77.32,37261.61,-1
2026-04-02,2026-04-02 11:39:00,488.05,488.05,488.0,488.0,-0.01,77.32,37261.61,-1
2026-04-02,2026-04-02 11:40:00,488.0,488.0,487.95,487.95,-0.01,77.32,37261.61,-1
2026-04-02,2026-04-02 11:41:00,487.95,487.95,487.9,487.9,-0.01,77.32,37261.61,-1
2026-04-02,2026-04-02 11:42:00,487.9,487.9,487.85,487.85,-0.01,77.32,37261.61,-1
2026-04-02,2026-04-02 11:43:00,487.85,487.85,487.8,487.8,-0.01,77.32,37261.61,-1
2026-04-02,2026-04-02 11:44:00,487.8,487.8,487.75,487.75,-0.01,77.32,37261.61,-1
2026-04-02,2026-04-02 11:45:00,487.75,487.75,487.7,487.7,-0.01,77.32,37261.61,-1
2026-04-02,2026-04-02 11:46:00,487.7,487.7,487.65,487.65,-0.01,77.32,37261.61,-1
2026-04-02,2026-04-02 11:47:00,487.65,487.65,487.6,487.6,-0.01,77.32,37261.61,-1
2026-04-02,2026-04-02 11:48:00,487.6,487.6,487.55,487.55,-0.01,77.32,37261.61,-1
2026-04-02,2026-04-02 11:49:00,487.55,487.55,487.5,487.5,-0.01,77.32,37261.61,-1
2026-04-02,2026-04-02 11:50:00,487.5,487.5,487.45,487.45,-0.01,77.32,37261.61,-1
2026-04-02,2026-04-02 11:51:00,487.45,487.45,487.4,487.4,-0.01,77.32,37261.61,-1
2026-04-02,2026-04-02 11:52:00,487.4,487.4,487.35,487.35,-0.01,77.32,37261.61,-1
2026-04-02,2026-04-02 11:53:00,487.35,487.35,487.3,487.3,-0.01,77.32,37261.61,-1
2026-04-02,2026-04-02 11:54:00,487.3,487.3,487.25,487.25,-0.01,77.32,37261.61,-1
2026-04-02,2026-04-02 11:55:00,487.25,487.25,487.2,487.2,-0.01,77.32,37261.61,-1
2026-04-02,2026-04-02 11:56:00,487.2,487.2,487.15,487.15,-0.01,77.32,37261.61,-1
2026-04-02,2026-04-02 11:57:00,487.15,487.15,487.1,487.1,-0.01,77.32,37261.61,-1
2026-04-02,2026-04-02 11:58:00,487.1,487.1,487.05,487.05,-0.01,77.32,37261.61,-1
2026-04-02,2026-04-02 11:59:00,487.05,487.05,487.0,487.0,-0.01,77.32,37261.61,-1
2026-04-02,2026-04-02 12:00:00,487.0,487.0,486.95,486.95,-0.01,77.32,37261.61,-1
2026-04-02,2026-04-02 12:01:00,486.95,486.95,486.9,486.9,-0.01,77.32,37261.61,-1
2026-04-02,2026-04-02 12:02:00,486.9,486.9,486.85,486.85,-0.01,77.32,37261.61,-1
2026-04-02,2026-04-02 12:03:00,486.85,486.85,486.8,486.8,-0.01,77.32,37261.61,-1
2026-04-02,2026-04-02 12:04:00,486.8,486.8,486.75,486.75,-0.01,77.32,37261.61,-1
2026-04-02,2026-04-02 12:05:00,486.75,486.75,486.7,486.7,-0.01,77.32,37261.61,-1
2026-04-02,2026-04-02 12:06:00,486.7,486.7,486.65,486.65,-0.01,77.32,37261.61,-1
2026-04-02,2026-04-02 12:07:00,486.65,486.65,486.6,486.6,-0.01,77.32,37261.61,-1
2026-04-02,2026-04-02 12:08:00,486.6,486.6,486.55,486.55,-0.01,77.32,37261.61,-1
2026-04-02,2026-04-02 12:09:00,486.55,486.55,486.5,486.5,-0.01,77.32,37261.61,-1
2026-04-02,2026-04-02 12:10:00,486.5,486.5,486.45,486.45,-0.01,77.32,37261.61,-1
2026-04-02,2026-04-02 12:11:00,486.45,486.45,486.4,486.4,-0.01,77.32,37261.61,-1
2026-04-02,2026-04-02 12:12:00,486.4,486.4,486.35,486.35,-0.01,77.32,37261.61,-1
2026-04-02,2026-04-02 12:13:00,486.35,486.35,486.3,486.3,-0.01,77.32,37261.61,-1
2026-04-02,2026-04-02 12:14:00,486.3,486.3,486.25,486.25,-0.01,77.32,37261.61,-1
2026-04-02,2026-04-02 12:15:00,486.25,486.25,486.2,486.2,-0.01,77.32,37261.61,-1
2026-04-02,2026-04-02 12:16:00,486.2,486.2,486.15,486.15,-0.01,77.32,37261.61,-1
2026-04-02,2026-04-02 12:17:00,486.15,486.15,486.1,486.1,-0.01,77.32,37261.61,-1
2026-04-02,2026-04-02 12:18:00,486.1,486.1,486.05,486.05,-0.01,77.32,37261.61,-1
2026-04-02,2026-04-02 12:19:00,486.05,486.05,486.0,486.0,-0.01,77.32,37261.61,-1
2026-04-02,2026-04-02 12:20:00,486.0,486.0,485.95,485.95,-0.01,77.32,37261.61,-1
2026-04-02,2026-04-02 12:21:00,485.95,485.95,485.9,485.9,-0.01,77.32,37261.61,-1
2026-04-02,2026-04-02 12:22:00,485.9,485.9,485.85,485.85,-0.01,77.32,37261.61,-1
2026-04-02,2026-04-02 12:23:00,485.85,485.85,485.8,485.8,-0.01,77.32,37261.61,-1
2026-04-02,2026-04-02 12:24:00,485.8,485.8,485.75,485.75,-0.01,77.32,37261.61,-1
2026-04-02,2026-04-02 12:25:00,485.75,485.75,485.7,485.7,-0.01,77.32,37261.61,-1
2026-04-02,2026-04-02 12:26:00,485.7,485.7,485.65,485.65,-0.01,77.32,37261.61,-1
2026-04-02,2026-04-02 12:27:00,485.65,485.65,485.6,485.6,-0.01,77.32,37261.61,-1
2026-04-02,2026-04-02 12:28:00,485.6,485.6,485.55,485.55,-0.01,77.32,37261.61,-1
2026-04-02,2026-04-02 12:29:00,485.55,485.55,485.5,485.5,-0.01,77.32,37261.61,-1
2026-04-02,2026-04-02 12:30:00,485.5,485.5,485.45,485.45,-0.01,77.32,37261.61,-1
2026-04-02,2026-04-02 12:31:00,485.45,485.45,485.4,485.4,-0.01,77.32,37261.61,-1
2026-04-02,2026-04-02 12:32:00,485.4,485.4,485.35,485.35,-0.01,77.32,37261.61,-1
2026-04-02,2026-04-02 12:33:00,485.35,485.35,485.3,485.3,-0.01,77.32,37261.61,-1
2026-04-02,2026-04-02 12:34:00,485.3,485.3,485.25,485.25,-0.01,77.32,37261.61,-1
2026-04-02,2026-04-02 12:35:00,485.25,485.25,485.2,485.2,-0.01,77.32,37261.61,-1
2026-04-02,2026-04-02 12:36:00,485.2,485.2,485.15,485.15,-0.01,77.32,37261.61,-1
2026-04-02,2026-04-02 12:37:00,485.15,485.15,485.1,485.1,-0.01,77.32,37261.61,-1
2026-04-02,2026-04-02 12:38:00,485.1,485.1,485.05,485.05,-0.01,77.32,37261.61,-1
2026-04-02,2026-04-02 12:39:00,485.05,485.05,485.0,485.0,-0.01,77.32,37261.61,-1
2026-04-02,2026-04-02 12:40:00,485.0,485.0,484.95,484.95,-0.01,77.32,37261.61,-1
2026-04-02,2026-04-02 12:41:00,484.95,484.95,484.9,484.9,-0.01,77.32,37261.61,-1
2026-04-02,2026-04-02 12:42:00,484.9,484.9,484.85,484.85,-0.01,77.32,37261.61,-1
2026-04-02,2026-04-02 12:43:00,484.85,484.85,484.8,484.8,-0.01,77.32,37261.61,-1
2026-04-02,2026-04-02 12:44:00,484.8,484.8,484.75,484.75,-0.01,77.32,37261.61,-1
2026-04-02,2026-04-02 12:45:00,484.75,484.75,484.7,484.7,-0.01,77.32,37261.61,-1
2026-04-02,2026-04-02 12:46:00,484.7,484.7,484.65,484.65,-0.01,77.32,37261.61,-1
2026-04-02,2026-04-02 12:47:00,484.65,484.65,484.6,484.6,-0.01,77.32,37261.61,-1
2026-04-02,2026-04-02 12:48:00,484.6,484.6,484.55,484.55,-0.01,77.32,37261.61,-1
2026-04-02,2026-04-02 12:49:00,484.55,484.55,484.5,484.5,-0.01,77.32,37261.61,-1
2026-04-02,2026-04-02 12:50:00,484.5,484.5,484.45,484.45,-0.01,77.32,37261.61,-1
2026-04-02,2026-04-02 12:51:00,484.45,484.45,484.4,484.4,-0.01,77.32,37261.61,-1
2026-04-02,2026-04-02 12:52:00,484.4,484.4,484.35,484.35,-0.01,77.32,37261.61,-1
2026-04-02,2026-04-02 12:53:00,484.35,484.35,484.3,484.3,-0.01,77.32,37261.61,-1
2026-04-02,2026-04-02 12:54:00,484.3,484.3,484.25,484.25,-0.01,77.32,37261.61,-1
2026-04-02,2026-04-02 12:55:00,484.25,484.25,484.2,484.2,-0.01,77.32,37261.61,-1
2026-04-02,2026-04-02 12:56:00,484.2,484.2,484.15,484.15,-0.01,77.32,37261.61,-1
2026-04-02,2026-04-02 12:57:00,484.15,484.15,484.1,484.1,-0.01,77.32,37261.61,-1
2026-04-02,2026-04-02 12:58:00,484.1,484.1,484.05,484.05,-0.01,77.32,37261.61,-1
2026-04-02,2026-04-02 12:59:00,484.05,484.05,484.0,484.0,-0.01,77.32,37261.61,-1
2026-04-02,2026-04-02 13:00:00,484.0,490.0,478.0,483.95,-0.01,77.32,37261.61,-1
2026-04-02,2026-04-02 13:01:00,483.95,483.95,483.9,483.9,-0.01,77.32,37261.61,-1
2026-04-02,2026-04-02 13:02:00,483.9,483.9,483.85,483.85,-0.01,77.32,37261.61,-1
2026-04-02,2026-04-02 13:03:00,483.85,483.85,483.8,483.8,-0.01,77.32,37261.61,-1
2026-04-02,2026-04-02 13:04:00,483.8,483.8,483.75,483.75,-0.01,77.32,37261.61,-1
2026-04-02,2026-04-02 13:05:00,483.75,483.75,483.7,483.7,-0.01,77.32,37261.61,-1
2026-04-02,2026-04-02 13:06:00,483.7,483.7,483.65,483.65,-0.01,77.32,37261.61,-1
2026-04-02,2026-04-02 13:07:00,483.65,483.65,483.6,483.6,-0.01,77.32,37261.61,-1
2026-04-02,2026-04-02 13:08:00,483.6,483.6,483.55,483.55,-0.01,77.32,37261.61,-1
2026-04-02,2026-04-02 13:09:00,483.55,483.55,483.5,483.5,-0.01,77.32,37261.61,-1
2026-04-02,2026-04-02 13:10:00,483.5,483.5,483.45,483.45,-0.01,77.32,37261.61,-1
2026-04-02,2026-04-02 13:11:00,483.45,483.45,483.4,483.4,-0.01,77.32,37261.61,-1
2026-04-02,2026-04-02 13:12:00,483.4,483.4,483.35,483.35,-0.01,77.32,37261.61,-1
2026-04-02,2026-04-02 13:13:00,483.35,483.35,483.3,483.3,-0.01,77.32,37261.61,-1
2026-04-02,2026-04-02 13:14:00,483.3,483.3,483.25,483.25,-0.01,77.32,37261.61,-1
2026-04-02,2026-04-02 13:15:00,483.25,483.25,483.2,483.2,-0.01,77.32,37261.61,-1
2026-04-02,2026-04-02 13:16:00,483.2,483.2,483.15,483.15,-0.01,77.32,37261.61,-1
2026-04-02,2026-04-02 13:17:00,483.15,483.15,483.1,483.1,-0.01,77.32,37261.61,-1
2026-04-02,2026-04-02 13:18:00,483.1,483.1,483.05,483.05,-0.01,77.32,37261.61,-1
2026-04-02,2026-04-02 13:19:00,483.05,483.05,483.0,483.0,-0.01,77.32,37261.61,-1
2026-04-02,2026-04-02 13:20:00,483.0,483.0,482.95,482.95,-0.01,77.32,37261.61,-1
2026-04-02,2026-04-02 13:21:00,482.95,482.95,482.9,482.9,-0.01,77.32,37261.61,-1
2026-04-02,2026-04-02 13:22:00,482.9,482.9,482.85,482.85,-0.01,77.32,37261.61,-1
2026-04-02,2026-04-02 13:23:00,482.85,482.85,482.8,482.8,-0.01,77.32,37261.61,-1
2026-04-02,2026-04-02 13:24:00,482.8,482.8,482.75,482.75,-0.01,77.32,37261.61,-1
2026-04-02,2026-04-02 13:25:00,482.75,482.75,482.7,482.7,-0.01,77.32,37261.61,-1
2026-04-02,2026-04-02 13:26:00,482.7,482.7,482.65,482.65,-0.01,77.32,37261.61,-1
2026-04-02,2026-04-02 13:27:00,482.65,482.65,482.6,482.6,-0.01,77.32,37261.61,-1
2026-04-02,2026-04-02 13:28:00,482.6,482.6,482.55,482.55,-0.01,77.32,37261.61,-1
2026-04-02,2026-04-02 13:29:00,482.55,482.55,482.5,482.5,-0.01,77.32,37261.61,-1
2026-04-02,2026-04-02 13:30:00,482.5,482.5,482.45,482.45,-0.01,77.32,37261.61,-1
2026-04-02,2026-04-02 13:31:00,482.45,482.45,482.4,482.4,-0.01,77.32,37261.61,-1
2026-04-02,2026-04-02 13:32:00,482.4,482.4,482.35,482.35,-0.01,77.32,37261.61,-1
2026-04-02,2026-04-02 13:33:00,482.35,482.35,482.3,482.3,-0.01,77.32,37261.61,-1
2026-04-02,2026-04-02 13:34:00,482.3,482.3,482.25,482.25,-0.01,77.32,37261.61,-1
2026-04-02,2026-04-02 13:35:00,482.25,482.25,482.2,482.2,-0.01,77.32,37261.61,-1
2026-04-02,2026-04-02 13:36:00,482.2,482.2,482.15,482.15,-0.01,77.32,37261.61,-1
2026-04-02,2026-04-02 13:37:00,482.15,482.15,482.1,482.1,-0.01,77.32,37261.61,-1
2026-04-02,2026-04-02 13:38:00,482.1,482.1,482.05,482.05,-0.01,77.32,37261.61,-1
2026-04-02,2026-04-02 13:39:00,482.05,482.05,482.0,482.0,-0.01,77.32,37261.61,-1
2026-04-02,2026-04-02 13:40:00,482.0,482.0,481.95,481.95,-0.01,77.32,37261.61,-1
2026-04-02,2026-04-02 13:41:00,481.95,481.95,481.9,481.9,-0.01,77.32,37261.61,-1
2026-04-02,2026-04-02 13:42:00,481.9,481.9,481.85,481.85,-0.01,77.32,37261.61,-1
2026-04-02,2026-04-02 13:43:00,481.85,481.85,481.8,481.8,-0.01,77.32,37261.61,-1
2026-04-02,2026-04-02 13:44:00,481.8,481.8,481.75,481.75,-0.01,77.32,37261.61,-1
2026-04-02,2026-04-02 13:45:00,481.75,481.75,481.7,481.7,-0.01,77.32,37261.61,-1
2026-04-02,2026-04-02 13:46:00,481.7,481.7,481.65,481.65,-0.01,77.32,37261.61,-1
2026-04-02,2026-04-02 13:47:00,481.65,481.65,481.6,481.6,-0.01,77.32,37261.61,-1
2026-04-02,2026-04-02 13:48:00,481.6,481.6,481.55,481.55,-0.01,77.32,37261.61,-1
2026-04-02,2026-04-02 13:49:00,481.55,481.55,481.5,481.5,-0.01,77.32,37261.61,-1
2026-04-02,2026-04-02 13:50:00,481.5,481.5,481.45,481.45,-0.01,77.32,37261.61,-1
2026-04-02,2026-04-02 13:51:00,481.45,481.45,481.4,481.4,-0.01,77.32,37261.61,-1
2026-04-02,2026-04-02 13:52:00,481.4,481.4,481.35,481.35,-0.01,77.32,37261.61,-1
2026-04-02,2026-04-02 13:53:00,481.35,481.35,481.3,481.3,-0.01,77.32,37261.61,-1
2026-04-02,2026-04-02 13:54:00,481.3,481.3,481.25,481.25,-0.01,77.32,37261.61,-1
2026-04-02,2026-04-02 13:55:00,481.25,481.25,481.2,481.2,-0.01,77.32,37261.61,-1
2026-04-02,2026-04-02 13:56:00,481.2,481.2,481.15,481.15,-0.01,77.32,37261.61,-1
2026-04-02,2026-04-02 13:57:00,481.15,481.15,481.1,481.1,-0.01,77.32,37261.61,-1
2026-04-02,2026-04-02 13:58:00,481.1,481.1,481.05,481.05,-0.01,77.32,37261.61,-1
2026-04-02,2026-04-02 13:59:00,481.05,481.05,481.0,481.0,-0.01,77.32,37261.61,-1
2026-04-02,2026-04-02 14:00:00,481.0,481.0,480.95,480.95,-0.01,77.32,37261.61,-1
2026-04-02,2026-04-02 14:01:00,480.95,480.95,480.9,480.9,-0.01,77.32,37261.61,-1
2026-04-02,2026-04-02 14:02:00,480.9,480.9,480.85,480.85,-0.01,77.32,37261.61,-1
2026-04-02,2026-04-02 14:03:00,480.85,480.85,480.8,480.8,-0.01,77.32,37261.61,-1
2026-04-02,2026-04-02 14:04:00,480.8,480.8,480.75,480.75,-0.01,77.32,37261.61,-1
2026-04-02,2026-04-02 14:05:00,480.75,480.75,480.7,480.7,-0.01,77.32,37261.61,-1
2026-04-02,2026-04-02 14:06:00,480.7,480.7,480.65,480.65,-0.01,77.32,37261.61,-1
2026-04-02,2026-04-02 14:07:00,480.65,480.65,480.6,480.6,-0.01,77.32,37261.61,-1
2026-04-02,2026-04-02 14:08:00,480.6,480.6,480.55,480.55,-0.01,77.32,37261.61,-1
2026-04-02,2026-04-02 14:09:00,480.55,480.55,480.5,480.5,-0.01,77.32,37261.61,-1
2026-04-02,2026-04-02 14:10:00,480.5,480.5,480.45,480.45,-0.01,77.32,37261.61,-1
2026-04-02,2026-04-02 14:11:00,480.45,480.45,480.4,480.4,-0.01,77.32,37261.61,-1
2026-04-02,2026-04-02 14:12:00,480.4,480.4,480.35,480.35,-0.01,77.32,37261.61,-1
2026-04-02,2026-04-02 14:13:00,480.35,480.35,480.3,480.3,-0.01,77.32,37261.61,-1
2026-04-02,2026-04-02 14:14:00,480.3,480.3,480.25,480.25,-0.01,77.32,37261.61,-1
2026-04-02,2026-04-02 14:15:00,480.25,480.25,480.2,480.2,-0.01,77.32,37261.61,-1
2026-04-02,2026-04-02 14:16:00,480.2,480.2,480.15,480.15,-0.01,77.32,37261.61,-1
2026-04-02,2026-04-02 14:17:00,480.15,480.15,480.1,480.1,-0.01,77.32,37261.61,-1
2026-04-02,2026-04-02 14:18:00,480.1,480.1,480.05,480.05,-0.01,77.32,37261.61,-1
2026-04-02,2026-04-02 14:19:00,480.05,480.05,480.0,480.0,-0.01,77.32,37261.61,-1
2026-04-02,2026-04-02 14:20:00,480.0,480.0,479.95,479.95,-0.01,77.32,37261.61,-1
2026-04-02,2026-04-02 14:21:00,479.95,479.95,479.9,479.9,-0.01,77.32,37261.61,-1
2026-04-02,2026-04-02 14:22:00,479.9,479.9,479.85,479.85,-0.01,77.32,37261.61,-1
2026-04-02,2026-04-02 14:23:00,479.85,479.85,479.8,479.8,-0.01,77.32,37261.61,-1
2026-04-02,2026-04-02 14:24:00,479.8,479.8,479.75,479.75,-0.01,77.32,37261.61,-1
2026-04-02,2026-04-02 14:25:00,479.75,479.75,479.7,479.7,-0.01,77.32,37261.61,-1
2026-04-02,2026-04-02 14:26:00,479.7,479.7,479.65,479.65,-0.01,77.32,37261.61,-1
2026-04-02,2026-04-02 14:27:00,479.65,479.65,479.6,479.6,-0.01,77.32,37261.61,-1
2026-04-02,2026-04-02 14:28:00,479.6,479.6,479.55,479.55,-0.01,77.32,37261.61,-1
2026-04-02,2026-04-02 14:29:00,479.55,479.55,479.5,479.5,-0.01,77.32,37261.61,-1
2026-04-02,2026-04-02 14:30:00,479.5,479.5,479.45,479.45,-0.01,77.32,37261.61,-1
2026-04-02,2026-04-02 14:31:00,479.45,479.45,479.4,479.4,-0.01,77.32,37261.61,-1
2026-04-02,2026-04-02 14:32:00,479.4,479.4,479.35,479.35,-0.01,77.32,37261.61,-1
2026-04-02,2026-04-02 14:33:00,479.35,479.35,479.3,479.3,-0.01,77.32,37261.61,-1
2026-04-02,2026-04-02 14:34:00,479.3,479.3,479.25,479.25,-0.01,77.32,37261.61,-1
2026-04-02,2026-04-02 14:35:00,479.25,479.25,479.2,479.2,-0.01,77.32,37261.61,-1
2026-04-02,2026-04-02 14:36:00,479.2,479.2,479.15,479.15,-0.01,77.32,37261.61,-1
2026-04-02,2026-04-02 14:37:00,479.15,479.15,479.1,479.1,-0.01,77.32,37261.61,-1
2026-04-02,2026-04-02 14:38:00,479.1,479.1,479.05,479.05,-0.01,77.32,37261.61,-1
2026-04-02,2026-04-02 14:39:00,479.05,479.05,479.0,479.0,-0.01,77.32,37261.61,-1
2026-04-02,2026-04-02 14:40:00,479.0,479.0,478.95,478.95,-0.01,77.32,37261.61,-1
2026-04-02,2026-04-02 14:41:00,478.95,478.95,478.9,478.9,-0.01,77.32,37261.61,-1
2026-04-02,2026-04-02 14:42:00,478.9,478.9,478.85,478.85,-0.01,77.32,37261.61,-1
2026-04-02,2026-04-02 14:43:00,478.85,478.85,478.8,478.8,-0.01,77.32,37261.61,-1
2026-04-02,2026-04-02 14:44:00,478.8,478.8,478.75,478.75,-0.01,77.32,37261.61,-1
2026-04-02,2026-04-02 14:45:00,478.75,478.75,478.7,478.7,-0.01,77.32,37261.61,-1
2026-04-02,2026-04-02 14:46:00,478.7,478.7,478.65,478.65,-0.01,77.32,37261.61,-1
2026-04-02,2026-04-02 14:47:00,478.65,478.65,478.6,478.6,-0.01,77.32,37261.61,-1
2026-04-02,2026-04-02 14:48:00,478.6,478.6,478.55,478.55,-0.01,77.32,37261.61,-1
2026-04-02,2026-04-02 14:49:00,478.55,478.55,478.5,478.5,-0.01,77.32,37261.61,-1
2026-04-02,2026-04-02 14:50:00,478.5,478.5,478.45,478.45,-0.01,77.32,37261.61,-1
2026-04-02,2026-04-02 14:51:00,478.45,478.45,478.4,478.4,-0.01,77.32,37261.61,-1
2026-04-02,2026-04-02 14:52:00,478.4,478.4,478.35,478.35,-0.01,77.32,37261.61,-1
2026-04-02,2026-04-02 14:53:00,478.35,478.35,478.3,478.3,-0.01,77.32,37261.61,-1
2026-04-02,2026-04-02 14:54:00,478.3,478.3,478.25,478.25,-0.01,77.32,37261.61,-1
2026-04-02,2026-04-02 14:55:00,478.25,478.25,478.2,478.2,-0.01,77.32,37261.61,-1
2026-04-02,2026-04-02 14:56:00,478.2,478.2,478.15,478.15,-0.01,77.32,37261.61,-1
2026-04-02,2026-04-02 14:57:00,478.15,478.15,478.1,478.1,-0.01,77.32,37261.61,-1
2026-04-02,2026-04-02 14:58:00,478.1,478.1,478.05,478.05,-0.01,77.32,37261.61,-1
2026-04-02,2026-04-02 14:59:00,478.05,478.05,478.0,478.0,-0.01,77.32,37261.61,-1
2026-04-02,2026-04-02 15:00:00,478.0,490.0,478.0,478.0,0.0,77.32,37261.61,0
2026-04-05,2026-04-05 11:00:00,470.0,474.05,458.06,469.83,-0.04,99.63,44350.81,-1
2026-04-05,2026-04-05 11:01:00,469.83,469.83,469.67,469.67,-0.03,99.63,44350.81,-1
2026-04-05,2026-04-05 11:02:00,469.67,469.67,469.5,469.5,-0.04,99.63,44350.81,-1
2026-04-05,2026-04-05 11:03:00,469.5,469.5,469.34,469.34,-0.03,99.63,44350.81,-1
2026-04-05,2026-04-05 11:04:00,469.34,469.34,469.17,469.17,-0.04,99.63,44350.81,-1
2026-04-05,2026-04-05 11:05:00,469.17,469.17,469.0,469.0,-0.04,99.63,44350.81,-1
2026-04-05,2026-04-05 11:06:00,469.0,469.0,468.84,468.84,-0.03,99.63,44350.81,-1
2026-04-05,2026-04-05 11:07:00,468.84,468.84,468.67,468.67,-0.04,99.63,44350.81,-1
2026-04-05,2026-04-05 11:08:00,468.67,468.67,468.51,468.51,-0.03,99.63,44350.81,-1
2026-04-05,2026-04-05 11:09:00,468.51,468.51,468.34,468.34,-0.04,99.63,44350.81,-1
2026-04-05,2026-04-05 11:10:00,468.34,468.34,468.18,468.18,-0.03,99.63,44350.81,-1
2026-04-05,2026-04-05 11:11:00,468.18,468.18,468.01,468.01,-0.04,99.63,44350.81,-1
2026-04-05,2026-04-05 11:12:00,468.01,468.01,467.84,467.84,-0.04,99.63,44350.81,-1
2026-04-05,2026-04-05 11:13:00,467.84,467.84,467.68,467.68,-0.03,99.63,44350.81,-1
2026-04-05,2026-04-05 11:14:00,467.68,467.68,467.51,467.51,-0.04,99.63,44350.81,-1
2026-04-05,2026-04-05 11:15:00,467.51,467.51,467.35,467.35,-0.03,99.63,44350.81,-1
2026-04-05,2026-04-05 11:16:00,467.35,467.35,467.18,467.18,-0.04,99.63,44350.81,-1
2026-04-05,2026-04-05 11:17:00,467.18,467.18,467.01,467.01,-0.04,99.63,44350.81,-1
2026-04-05,2026-04-05 11:18:00,467.01,467.01,466.85,466.85,-0.03,99.63,44350.81,-1
2026-04-05,2026-04-05 11:19:00,466.85,466.85,466.68,466.68,-0.04,99.63,44350.81,-1
2026-04-05,2026-04-05 11:20:00,466.68,466.68,466.52,466.52,-0.03,99.63,44350.81,-1
2026-04-05,2026-04-05 11:21:00,466.52,466.52,466.35,466.35,-0.04,99.63,44350.81,-1
2026-04-05,2026-04-05 11:22:00,466.35,466.35,466.19,466.19,-0.03,99.63,44350.81,-1
2026-04-05,2026-04-05 11:23:00,466.19,466.19,466.02,466.02,-0.04,99.63,44350.81,-1
2026-04-05,2026-04-05 11:24:00,466.02,466.02,465.85,465.85,-0.04,99.63,44350.81,-1
2026-04-05,2026-04-05 11:25:00,465.85,465.85,465.69,465.69,-0.03,99.63,44350.81,-1
2026-04-05,2026-04-05 11:26:00,465.69,465.69,465.52,465.52,-0.04,99.63,44350.81,-1
2026-04-05,2026-04-05 11:27:00,465.52,465.52,465.36,465.36,-0.03,99.63,44350.81,-1
2026-04-05,2026-04-05 11:28:00,465.36,465.36,465.19,465.19,-0.04,99.63,44350.81,-1
2026-04-05,2026-04-05 11:29:00,465.19,465.19,465.02,465.02,-0.04,99.63,44350.81,-1
2026-04-05,2026-04-05 11:30:00,465.02,465.02,464.86,464.86,-0.03,99.63,44350.81,-1
2026-04-05,2026-04-05 11:31:00,464.86,464.86,464.69,464.69,-0.04,99.63,44350.81,-1
2026-04-05,2026-04-05 11:32:00,464.69,464.69,464.53,464.53,-0.03,99.63,44350.81,-1
2026-04-05,2026-04-05 11:33:00,464.53,464.53,464.36,464.36,-0.04,99.63,44350.81,-1
2026-04-05,2026-04-05 11:34:00,464.36,464.36,464.2,464.2,-0.03,99.63,44350.81,-1
2026-04-05,2026-04-05 11:35:00,464.2,464.2,464.03,464.03,-0.04,99.63,44350.81,-1
2026-04-05,2026-04-05 11:36:00,464.03,464.03,463.86,463.86,-0.04,99.63,44350.81,-1
2026-04-05,2026-04-05 11:37:00,463.86,463.86,463.7,463.7,-0.03,99.63,44350.81,-1
2026-04-05,2026-04-05 11:38:00,463.7,463.7,463.53,463.53,-0.04,99.63,44350.81,-1
2026-04-05,2026-04-05 11:39:00,463.53,463.53,463.37,463.37,-0.03,99.63,44350.81,-1
2026-04-05,2026-04-05 11:40:00,463.37,463.37,463.2,463.2,-0.04,99.63,44350.81,-1
2026-04-05,2026-04-05 11:41:00,463.2,463.2,463.04,463.04,-0.03,99.63,44350.81,-1
2026-04-05,2026-04-05 11:42:00,463.04,463.04,462.87,462.87,-0.04,99.63,44350.81,-1
2026-04-05,2026-04-05 11:43:00,462.87,462.87,462.7,462.7,-0.04,99.63,44350.81,-1
2026-04-05,2026-04-05 11:44:00,462.7,462.7,462.54,462.54,-0.03,99.63,44350.81,-1
2026-04-05,2026-04-05 11:45:00,462.54,462.54,462.37,462.37,-0.04,99.63,44350.81,-1
2026-04-05,2026-04-05 11:46:00,462.37,462.37,462.21,462.21,-0.03,99.63,44350.81,-1
2026-04-05,2026-04-05 11:47:00,462.21,462.21,462.04,462.04,-0.04,99.63,44350.81,-1
2026-04-05,2026-04-05 11:48:00,462.04,462.04,461.87,461.87,-0.04,99.63,44350.81,-1
2026-04-05,2026-04-05 11:49:00,461.87,461.87,461.71,461.71,-0.03,99.63,44350.81,-1
2026-04-05,2026-04-05 11:50:00,461.71,461.71,461.54,461.54,-0.04,99.63,44350.81,-1
2026-04-05,2026-04-05 11:51:00,461.54,461.54,461.38,461.38,-0.03,99.63,44350.81,-1
2026-04-05,2026-04-05 11:52:00,461.38,461.38,461.21,461.21,-0.04,99.63,44350.81,-1
2026-04-05,2026-04-05 11:53:00,461.21,461.21,461.05,461.05,-0.03,99.63,44350.81,-1
2026-04-05,2026-04-05 11:54:00,461.05,461.05,460.88,460.88,-0.04,99.63,44350.81,-1
2026-04-05,2026-04-05 11:55:00,460.88,460.88,460.71,460.71,-0.04,99.63,44350.81,-1
2026-04-05,2026-04-05 11:56:00,460.71,460.71,460.55,460.55,-0.03,99.63,44350.81,-1
2026-04-05,2026-04-05 11:57:00,460.55,460.55,460.38,460.38,-0.04,99.63,44350.81,-1
2026-04-05,2026-04-05 11:58:00,460.38,460.38,460.22,460.22,-0.03,99.63,44350.81,-1
2026-04-05,2026-04-05 11:59:00,460.22,460.22,460.05,460.05,-0.04,99.63,44350.81,-1
2026-04-05,2026-04-05 12:00:00,460.05,460.05,459.88,459.88,-0.04,99.63,44350.81,-1
2026-04-05,2026-04-05 12:01:00,459.88,459.88,459.72,459.72,-0.03,99.63,44350.81,-1
2026-04-05,2026-04-05 12:02:00,459.72,459.72,459.55,459.55,-0.04,99.63,44350.81,-1
2026-04-05,2026-04-05 12:03:00,459.55,459.55,459.39,459.39,-0.03,99.63,44350.81,-1
2026-04-05,2026-04-05 12:04:00,459.39,459.39,459.22,459.22,-0.04,99.63,44350.81,-1
2026-04-05,2026-04-05 12:05:00,459.22,459.22,459.06,459.06,-0.03,99.63,44350.81,-1
2026-04-05,2026-04-05 12:06:00,459.06,459.06,458.89,458.89,-0.04,99.63,44350.81,-1
2026-04-05,2026-04-05 12:07:00,458.89,458.89,458.72,458.72,-0.04,99.63,44350.81,-1
2026-04-05,2026-04-05 12:08:00,458.72,458.72,458.56,458.56,-0.03,99.63,44350.81,-1
2026-04-05,2026-04-05 12:09:00,458.56,458.56,458.39,458.39,-0.04,99.63,44350.81,-1
2026-04-05,2026-04-05 12:10:00,458.39,458.39,458.23,458.23,-0.03,99.63,44350.81,-1
2026-04-05,2026-04-05 12:11:00,458.23,458.23,458.06,458.06,-0.04,99.63,44350.81,-1
2026-04-05,2026-04-05 12:12:00,458.06,458.06,457.89,457.89,-0.04,99.63,44350.81,-1
2026-04-05,2026-04-05 12:13:00,457.89,457.89,457.73,457.73,-0.03,99.63,44350.81,-1
2026-04-05,2026-04-05 12:14:00,457.73,457.73,457.56,457.56,-0.04,99.63,44350.81,-1
2026-04-05,2026-04-05 12:15:00,457.56,457.56,457.4,457.4,-0.03,99.63,44350.81,-1
2026-04-05,2026-04-05 12:16:00,457.4,457.4,457.23,457.23,-0.04,99.63,44350.81,-1
2026-04-05,2026-04-05 12:17:00,457.23,457.23,457.06,457.06,-0.04,99.63,44350.81,-1
2026-04-05,2026-04-05 12:18:00,457.06,457.06,456.9,456.9,-0.04,99.63,44350.81,-1
2026-04-05,2026-04-05 12:19:00,456.9,456.9,456.73,456.73,-0.04,99.63,44350.81,-1
2026-04-05,2026-04-05 12:20:00,456.73,456.73,456.57,456.57,-0.04,99.63,44350.81,-1
2026-04-05,2026-04-05 12:21:00,456.57,456.57,456.4,456.4,-0.04,99.63,44350.81,-1
2026-04-05,2026-04-05 12:22:00,456.4,456.4,456.24,456.24,-0.04,99.63,44350.81,-1
2026-04-05,2026-04-05 12:23:00,456.24,456.24,456.07,456.07,-0.04,99.63,44350.81,-1
2026-04-05,2026-04-05 12:24:00,456.07,456.07,455.9,455.9,-0.04,99.63,44350.81,-1
2026-04-05,2026-04-05 12:25:00,455.9,455.9,455.74,455.74,-0.04,99.63,44350.81,-1
2026-04-05,2026-04-05 12:26:00,455.74,455.74,455.57,455.57,-0.04,99.63,44350.81,-1
2026-04-05,2026-04-05 12:27:00,455.57,455.57,455.41,455.41,-0.04,99.63,44350.81,-1
2026-04-05,2026-04-05 12:28:00,455.41,455.41,455.24,455.24,-0.04,99.63,44350.81,-1
2026-04-05,2026-04-05 12:29:00,455.24,455.24,455.07,455.07,-0.04,99.63,44350.81,-1
2026-04-05,2026-04-05 12:30:00,455.07,455.07,454.91,454.91,-0.04,99.63,44350.81,-1
2026-04-05,2026-04-05 12:31:00,454.91,454.91,454.74,454.74,-0.04,99.63,44350.81,-1
2026-04-05,2026-04-05 12:32:00,454.74,454.74,454.58,454.58,-0.04,99.63,44350.81,-1
2026-04-05,2026-04-05 12:33:00,454.58,454.58,454.41,454.41,-0.04,99.63,44350.81,-1
2026-04-05,2026-04-05 12:34:00,454.41,454.41,454.25,454.25,-0.04,99.63,44350.81,-1
2026-04-05,2026-04-05 12:35:00,454.25,454.25,454.08,454.08,-0.04,99.63,44350.81,-1
2026-04-05,2026-04-05 12:36:00,454.08,454.08,453.91,453.91,-0.04,99.63,44350.81,-1
2026-04-05,2026-04-05 12:37:00,453.91,453.91,453.75,453.75,-0.04,99.63,44350.81,-1
2026-04-05,2026-04-05 12:38:00,453.75,453.75,453.58,453.58,-0.04,99.63,44350.81,-1
2026-04-05,2026-04-05 12:39:00,453.58,453.58,453.42,453.42,-0.04,99.63,44350.81,-1
2026-04-05,2026-04-05 12:40:00,453.42,453.42,453.25,453.25,-0.04,99.63,44350.81,-1
2026-04-05,2026-04-05 12:41:00,453.25,453.25,453.08,453.08,-0.04,99.63,44350.81,-1
2026-04-05,2026-04-05 12:42:00,453.08,453.08,452.92,452.92,-0.04,99.63,44350.81,-1
2026-04-05,2026-04-05 12:43:00,452.92,452.92,452.75,452.75,-0.04,99.63,44350.81,-1
2026-04-05,2026-04-05 12:44:00,452.75,452.75,452.59,452.59,-0.04,99.63,44350.81,-1
2026-04-05,2026-04-05 12:45:00,452.59,452.59,452.42,452.42,-0.04,99.63,44350.81,-1
2026-04-05,2026-04-05 12:46:00,452.42,452.42,452.26,452.26,-0.04,99.63,44350.81,-1
2026-04-05,2026-04-05 12:47:00,452.26,452.26,452.09,452.09,-0.04,99.63,44350.81,-1
2026-04-05,2026-04-05 12:48:00,452.09,452.09,451.92,451.92,-0.04,99.63,44350.81,-1
2026-04-05,2026-04-05 12:49:00,451.92,451.92,451.76,451.76,-0.04,99.63,44350.81,-1
2026-04-05,2026-04-05 12:50:00,451.76,451.76,451.59,451.59,-0.04,99.63,44350.81,-1
2026-04-05,2026-04-05 12:51:00,451.59,451.59,451.43,451.43,-0.04,99.63,44350.81,-1
2026-04-05,2026-04-05 12:52:00,451.43,451.43,451.26,451.26,-0.04,99.63,44350.81,-1
2026-04-05,2026-04-05 12:53:00,451.26,451.26,451.09,451.09,-0.04,99.63,44350.81,-1
2026-04-05,2026-04-05 12:54:00,451.09,451.09,450.93,450.93,-0.04,99.63,44350.81,-1
2026-04-05,2026-04-05 12:55:00,450.93,450.93,450.76,450.76,-0.04,99.63,44350.81,-1
2026-04-05,2026-04-05 12:56:00,450.76,450.76,450.6,450.6,-0.04,99.63,44350.81,-1
2026-04-05,2026-04-05 12:57:00,450.6,450.6,450.43,450.43,-0.04,99.63,44350.81,-1
2026-04-05,2026-04-05 12:58:00,450.43,450.43,450.27,450.27,-0.04,99.63,44350.81,-1
2026-04-05,2026-04-05 12:59:00,450.27,450.27,450.1,450.1,-0.04,99.63,44350.81,-1
2026-04-05,2026-04-05 13:00:00,450.1,483.5,430.2,449.93,-0.04,99.63,44350.81,-1
2026-04-05,2026-04-05 13:01:00,449.93,449.93,449.77,449.77,-0.04,99.63,44350.81,-1
2026-04-05,2026-04-05 13:02:00,449.77,449.77,449.6,449.6,-0.04,99.63,44350.81,-1
2026-04-05,2026-04-05 13:03:00,449.6,449.6,449.44,449.44,-0.04,99.63,44350.81,-1
2026-04-05,2026-04-05 13:04:00,449.44,449.44,449.27,449.27,-0.04,99.63,44350.81,-1
2026-04-05,2026-04-05 13:05:00,449.27,449.27,449.11,449.11,-0.04,99.63,44350.81,-1
2026-04-05,2026-04-05 13:06:00,449.11,449.11,448.94,448.94,-0.04,99.63,44350.81,-1
2026-04-05,2026-04-05 13:07:00,448.94,448.94,448.77,448.77,-0.04,99.63,44350.81,-1
2026-04-05,2026-04-05 13:08:00,448.77,448.77,448.61,448.61,-0.04,99.63,44350.81,-1
2026-04-05,2026-04-05 13:09:00,448.61,448.61,448.44,448.44,-0.04,99.63,44350.81,-1
2026-04-05,2026-04-05 13:10:00,448.44,448.44,448.28,448.28,-0.04,99.63,44350.81,-1
2026-04-05,2026-04-05 13:11:00,448.28,448.28,448.11,448.11,-0.04,99.63,44350.81,-1
2026-04-05,2026-04-05 13:12:00,448.11,448.11,447.94,447.94,-0.04,99.63,44350.81,-1
2026-04-05,2026-04-05 13:13:00,447.94,447.94,447.78,447.78,-0.04,99.63,44350.81,-1
2026-04-05,2026-04-05 13:14:00,447.78,447.78,447.61,447.61,-0.04,99.63,44350.81,-1
2026-04-05,2026-04-05 13:15:00,447.61,447.61,447.45,447.45,-0.04,99.63,44350.81,-1
2026-04-05,2026-04-05 13:16:00,447.45,447.45,447.28,447.28,-0.04,99.63,44350.81,-1
2026-04-05,2026-04-05 13:17:00,447.28,447.28,447.12,447.12,-0.04,99.63,44350.81,-1
2026-04-05,2026-04-05 13:18:00,447.12,447.12,446.95,446.95,-0.04,99.63,44350.81,-1
2026-04-05,2026-04-05 13:19:00,446.95,446.95,446.78,446.78,-0.04,99.63,44350.81,-1
2026-04-05,2026-04-05 13:20:00,446.78,446.78,446.62,446.62,-0.04,99.63,44350.81,-1
2026-04-05,2026-04-05 13:21:00,446.62,446.62,446.45,446.45,-0.04,99.63,44350.81,-1
2026-04-05,2026-04-05 13:22:00,446.45,446.45,446.29,446.29,-0.04,99.63,44350.81,-1
2026-04-05,2026-04-05 13:23:00,446.29,446.29,446.12,446.12,-0.04,99.63,44350.81,-1
2026-04-05,2026-04-05 13:24:00,446.12,446.12,445.95,445.95,-0.04,99.63,44350.81,-1
2026-04-05,2026-04-05 13:25:00,445.95,445.95,445.79,445.79,-0.04,99.63,44350.81,-1
2026-04-05,2026-04-05 13:26:00,445.79,445.79,445.62,445.62,-0.04,99.63,44350.81,-1
2026-04-05,2026-04-05 13:27:00,445.62,445.62,445.46,445.46,-0.04,99.63,44350.81,-1
2026-04-05,2026-04-05 13:28:00,445.46,445.46,445.29,445.29,-0.04,99.63,44350.81,-1
2026-04-05,2026-04-05 13:29:00,445.29,445.29,445.12,445.12,-0.04,99.63,44350.81,-1
2026-04-05,2026-04-05 13:30:00,445.12,445.12,444.96,444.96,-0.04,99.63,44350.81,-1
2026-04-05,2026-04-05 13:31:00,444.96,444.96,444.79,444.79,-0.04,99.63,44350.81,-1
2026-04-05,2026-04-05 13:32:00,444.79,444.79,444.63,444.63,-0.04,99.63,44350.81,-1
2026-04-05,2026-04-05 13:33:00,444.63,444.63,444.46,444.46,-0.04,99.63,44350.81,-1
2026-04-05,2026-04-05 13:34:00,444.46,444.46,444.3,444.3,-0.04,99.63,44350.81,-1
2026-04-05,2026-04-05 13:35:00,444.3,444.3,444.13,444.13,-0.04,99.63,44350.81,-1
2026-04-05,2026-04-05 13:36:00,444.13,444.13,443.96,443.96,-0.04,99.63,44350.81,-1
2026-04-05,2026-04-05 13:37:00,443.96,443.96,443.8,443.8,-0.04,99.63,44350.81,-1
2026-04-05,2026-04-05 13:38:00,443.8,443.8,443.63,443.63,-0.04,99.63,44350.81,-1
2026-04-05,2026-04-05 13:39:00,443.63,443.63,443.47,443.47,-0.04,99.63,44350.81,-1
2026-04-05,2026-04-05 13:40:00,443.47,443.47,443.3,443.3,-0.04,99.63,44350.81,-1
2026-04-05,2026-04-05 13:41:00,443.3,443.3,443.13,443.13,-0.04,99.63,44350.81,-1
2026-04-05,2026-04-05 13:42:00,443.13,443.13,442.97,442.97,-0.04,99.63,44350.81,-1
2026-04-05,2026-04-05 13:43:00,442.97,442.97,442.8,442.8,-0.04,99.63,44350.81,-1
2026-04-05,2026-04-05 13:44:00,442.8,442.8,442.64,442.64,-0.04,99.63,44350.81,-1
2026-04-05,2026-04-05 13:45:00,442.64,442.64,442.47,442.47,-0.04,99.63,44350.81,-1
2026-04-05,2026-04-05 13:46:00,442.47,442.47,442.31,442.31,-0.04,99.63,44350.81,-1
2026-04-05,2026-04-05 13:47:00,442.31,442.31,442.14,442.14,-0.04,99.63,44350.81,-1
2026-04-05,2026-04-05 13:48:00,442.14,442.14,441.97,441.97,-0.04,99.63,44350.81,-1
2026-04-05,2026-04-05 13:49:00,441.97,441.97,441.81,441.81,-0.04,99.63,44350.81,-1
2026-04-05,2026-04-05 13:50:00,441.81,441.81,441.64,441.64,-0.04,99.63,44350.81,-1
2026-04-05,2026-04-05 13:51:00,441.64,441.64,441.48,441.48,-0.04,99.63,44350.81,-1
2026-04-05,2026-04-05 13:52:00,441.48,441.48,441.31,441.31,-0.04,99.63,44350.81,-1
2026-04-05,2026-04-05 13:53:00,441.31,441.31,441.14,441.14,-0.04,99.63,44350.81,-1
2026-04-05,2026-04-05 13:54:00,441.14,441.14,440.98,440.98,-0.04,99.63,44350.81,-1
2026-04-05,2026-04-05 13:55:00,440.98,440.98,440.81,440.81,-0.04,99.63,44350.81,-1
2026-04-05,2026-04-05 13:56:00,440.81,440.81,440.65,440.65,-0.04,99.63,44350.81,-1
2026-04-05,2026-04-05 13:57:00,440.65,440.65,440.48,440.48,-0.04,99.63,44350.81,-1
2026-04-05,2026-04-05 13:58:00,440.48,440.48,440.32,440.32,-0.04,99.63,44350.81,-1
2026-04-05,2026-04-05 13:59:00,440.32,440.32,440.15,440.15,-0.04,99.63,44350.81,-1
2026-04-05,2026-04-05 14:00:00,440.15,440.15,439.98,439.98,-0.04,99.63,44350.81,-1
2026-04-05,2026-04-05 14:01:00,439.98,439.98,439.82,439.82,-0.04,99.63,44350.81,-1
2026-04-05,2026-04-05 14:02:00,439.82,439.82,439.65,439.65,-0.04,99.63,44350.81,-1
2026-04-05,2026-04-05 14:03:00,439.65,439.65,439.49,439.49,-0.04,99.63,44350.81,-1
2026-04-05,2026-04-05 14:04:00,439.49,439.49,439.32,439.32,-0.04,99.63,44350.81,-1
2026-04-05,2026-04-05 14:05:00,439.32,439.32,439.15,439.15,-0.04,99.63,44350.81,-1
2026-04-05,2026-04-05 14:06:00,439.15,439.15,438.99,438.99,-0.04,99.63,44350.81,-1
2026-04-05,2026-04-05 14:07:00,438.99,438.99,438.82,438.82,-0.04,99.63,44350.81,-1
2026-04-05,2026-04-05 14:08:00,438.82,438.82,438.66,438.66,-0.04,99.63,44350.81,-1
2026-04-05,2026-04-05 14:09:00,438.66,438.66,438.49,438.49,-0.04,99.63,44350.81,-1
2026-04-05,2026-04-05 14:10:00,438.49,438.49,438.33,438.33,-0.04,99.63,44350.81,-1
2026-04-05,2026-04-05 14:11:00,438.33,438.33,438.16,438.16,-0.04,99.63,44350.81,-1
2026-04-05,2026-04-05 14:12:00,438.16,438.16,437.99,437.99,-0.04,99.63,44350.81,-1
2026-04-05,2026-04-05 14:13:00,437.99,437.99,437.83,437.83,-0.04,99.63,44350.81,-1
2026-04-05,2026-04-05 14:14:00,437.83,437.83,437.66,437.66,-0.04,99.63,44350.81,-1
2026-04-05,2026-04-05 14:15:00,437.66,437.66,437.5,437.5,-0.04,99.63,44350.81,-1
2026-04-05,2026-04-05 14:16:00,437.5,437.5,437.33,437.33,-0.04,99.63,44350.81,-1
2026-04-05,2026-04-05 14:17:00,437.33,437.33,437.16,437.16,-0.04,99.63,44350.81,-1
2026-04-05,2026-04-05 14:18:00,437.16,437.16,437.0,437.0,-0.04,99.63,44350.81,-1
2026-04-05,2026-04-05 14:19:00,437.0,437.0,436.83,436.83,-0.04,99.63,44350.81,-1
2026-04-05,2026-04-05 14:20:00,436.83,436.83,436.67,436.67,-0.04,99.63,44350.81,-1
2026-04-05,2026-04-05 14:21:00,436.67,436.67,436.5,436.5,-0.04,99.63,44350.81,-1
2026-04-05,2026-04-05 14:22:00,436.5,436.5,436.34,436.34,-0.04,99.63,44350.81,-1
2026-04-05,2026-04-05 14:23:00,436.34,436.34,436.17,436.17,-0.04,99.63,44350.81,-1
2026-04-05,2026-04-05 14:24:00,436.17,436.17,436.0,436.0,-0.04,99.63,44350.81,-1
2026-04-05,2026-04-05 14:25:00,436.0,436.0,435.84,435.84,-0.04,99.63,44350.81,-1
2026-04-05,2026-04-05 14:26:00,435.84,435.84,435.67,435.67,-0.04,99.63,44350.81,-1
2026-04-05,2026-04-05 14:27:00,435.67,435.67,435.51,435.51,-0.04,99.63,44350.81,-1
2026-04-05,2026-04-05 14:28:00,435.51,435.51,435.34,435.34,-0.04,99.63,44350.81,-1
2026-04-05,2026-04-05 14:29:00,435.34,435.34,435.18,435.18,-0.04,99.63,44350.81,-1
2026-04-05,2026-04-05 14:30:00,435.18,435.18,435.01,435.01,-0.04,99.63,44350.81,-1
2026-04-05,2026-04-05 14:31:00,435.01,435.01,434.84,434.84,-0.04,99.63,44350.81,-1
2026-04-05,2026-04-05 14:32:00,434.84,434.84,434.68,434.68,-0.04,99.63,44350.81,-1
2026-04-05,2026-04-05 14:33:00,434.68,434.68,434.51,434.51,-0.04,99.63,44350.81,-1
2026-04-05,2026-04-05 14:34:00,434.51,434.51,434.35,434.35,-0.04,99.63,44350.81,-1
2026-04-05,2026-04-05 14:35:00,434.35,434.35,434.18,434.18,-0.04,99.63,44350.81,-1
2026-04-05,2026-04-05 14:36:00,434.18,434.18,434.01,434.01,-0.04,99.63,44350.81,-1
2026-04-05,2026-04-05 14:37:00,434.01,434.01,433.85,433.85,-0.04,99.63,44350.81,-1
2026-04-05,2026-04-05 14:38:00,433.85,433.85,433.68,433.68,-0.04,99.63,44350.81,-1
2026-04-05,2026-04-05 14:39:00,433.68,433.68,433.52,433.52,-0.04,99.63,44350.81,-1
2026-04-05,2026-04-05 14:40:00,433.52,433.52,433.35,433.35,-0.04,99.63,44350.81,-1
2026-04-05,2026-04-05 14:41:00,433.35,433.35,433.19,433.19,-0.04,99.63,44350.81,-1
2026-04-05,2026-04-05 14:42:00,433.19,433.19,433.02,433.02,-0.04,99.63,44350.81,-1
2026-04-05,2026-04-05 14:43:00,433.02,433.02,432.85,432.85,-0.04,99.63,44350.81,-1
2026-04-05,2026-04-05 14:44:00,432.85,432.85,432.69,432.69,-0.04,99.63,44350.81,-1
2026-04-05,2026-04-05 14:45:00,432.69,432.69,432.52,432.52,-0.04,99.63,44350.81,-1
2026-04-05,2026-04-05 14:46:00,432.52,432.52,432.36,432.36,-0.04,99.63,44350.81,-1
2026-04-05,2026-04-05 14:47:00,432.36,432.36,432.19,432.19,-0.04,99.63,44350.81,-1
2026-04-05,2026-04-05 14:48:00,432.19,432.19,432.02,432.02,-0.04,99.63,44350.81,-1
2026-04-05,2026-04-05 14:49:00,432.02,432.02,431.86,431.86,-0.04,99.63,44350.81,-1
2026-04-05,2026-04-05 14:50:00,431.86,431.86,431.69,431.69,-0.04,99.63,44350.81,-1
2026-04-05,2026-04-05 14:51:00,431.69,431.69,431.53,431.53,-0.04,99.63,44350.81,-1
2026-04-05,2026-04-05 14:52:00,431.53,431.53,431.36,431.36,-0.04,99.63,44350.81,-1
2026-04-05,2026-04-05 14:53:00,431.36,431.36,431.19,431.19,-0.04,99.63,44350.81,-1
2026-04-05,2026-04-05 14:54:00,431.19,431.19,431.03,431.03,-0.04,99.63,44350.81,-1
2026-04-05,2026-04-05 14:55:00,431.03,431.03,430.86,430.86,-0.04,99.63,44350.81,-1
2026-04-05,2026-04-05 14:56:00,430.86,430.86,430.7,430.7,-0.04,99.63,44350.81,-1
2026-04-05,2026-04-05 14:57:00,430.7,430.7,430.53,430.53,-0.04,99.63,44350.81,-1
2026-04-05,2026-04-05 14:58:00,430.53,430.53,430.37,430.37,-0.04,99.63,44350.81,-1
2026-04-05,2026-04-05 14:59:00,430.37,430.37,430.2,430.2,-0.04,99.63,44350.81,-1
2026-04-05,2026-04-05 15:00:00,430.2,483.5,430.2,430.2,0.0,99.63,44350.81,0
2026-04-06,2026-04-06 11:00:00,424.0,436.3,424.0,424.1,0.02,52.71,23693.08,1
2026-04-06,2026-04-06 11:01:00,424.1,424.2,424.1,424.2,0.02,52.71,23693.08,1
2026-04-06,2026-04-06 11:02:00,424.2,424.3,424.2,424.3,0.02,52.71,23693.08,1
2026-04-06,2026-04-06 11:03:00,424.3,424.4,424.3,424.4,0.02,52.71,23693.08,1
2026-04-06,2026-04-06 11:04:00,424.4,424.5,424.4,424.5,0.02,52.71,23693.08,1
2026-04-06,2026-04-06 11:05:00,424.5,424.6,424.5,424.6,0.02,52.71,23693.08,1
2026-04-06,2026-04-06 11:06:00,424.6,424.7,424.6,424.7,0.02,52.71,23693.08,1
2026-04-06,2026-04-06 11:07:00,424.7,424.8,424.7,424.8,0.02,52.71,23693.08,1
2026-04-06,2026-04-06 11:08:00,424.8,424.9,424.8,424.9,0.02,52.71,23693.08,1
2026-04-06,2026-04-06 11:09:00,424.9,425.0,424.9,425.0,0.02,52.71,23693.08,1
2026-04-06,2026-04-06 11:10:00,425.0,425.1,425.0,425.1,0.02,52.71,23693.08,1
2026-04-06,2026-04-06 11:11:00,425.1,425.2,425.1,425.2,0.02,52.71,23693.08,1
2026-04-06,2026-04-06 11:12:00,425.2,425.3,425.2,425.3,0.02,52.71,23693.08,1
2026-04-06,2026-04-06 11:13:00,425.3,425.4,425.3,425.4,0.02,52.71,23693.08,1
2026-04-06,2026-04-06 11:14:00,425.4,425.5,425.4,425.5,0.02,52.71,23693.08,1
2026-04-06,2026-04-06 11:15:00,425.5,425.6,425.5,425.6,0.02,52.71,23693.08,1
2026-04-06,2026-04-06 11:16:00,425.6,425.7,425.6,425.7,0.02,52.71,23693.08,1
2026-04-06,2026-04-06 11:17:00,425.7,425.8,425.7,425.8,0.02,52.71,23693.08,1
2026-04-06,2026-04-06 11:18:00,425.8,425.9,425.8,425.9,0.02,52.71,23693.08,1
2026-04-06,2026-04-06 11:19:00,425.9,426.0,425.9,426.0,0.02,52.71,23693.08,1
2026-04-06,2026-04-06 11:20:00,426.0,426.1,426.0,426.1,0.02,52.71,23693.08,1
2026-04-06,2026-04-06 11:21:00,426.1,426.2,426.1,426.2,0.02,52.71,23693.08,1
2026-04-06,2026-04-06 11:22:00,426.2,426.3,426.2,426.3,0.02,52.71,23693.08,1
2026-04-06,2026-04-06 11:23:00,426.3,426.4,426.3,426.4,0.02,52.71,23693.08,1
2026-04-06,2026-04-06 11:24:00,426.4,426.5,426.4,426.5,0.02,52.71,23693.08,1
2026-04-06,2026-04-06 11:25:00,426.5,426.6,426.5,426.6,0.02,52.71,23693.08,1
2026-04-06,2026-04-06 11:26:00,426.6,426.7,426.6,426.7,0.02,52.71,23693.08,1
2026-04-06,2026-04-06 11:27:00,426.7,426.8,426.7,426.8,0.02,52.71,23693.08,1
2026-04-06,2026-04-06 11:28:00,426.8,426.9,426.8,426.9,0.02,52.71,23693.08,1
2026-04-06,2026-04-06 11:29:00,426.9,427.0,426.9,427.0,0.02,52.71,23693.08,1
2026-04-06,2026-04-06 11:30:00,427.0,427.1,427.0,427.1,0.02,52.71,23693.08,1
2026-04-06,2026-04-06 11:31:00,427.1,427.2,427.1,427.2,0.02,52.71,23693.08,1
2026-04-06,2026-04-06 11:32:00,427.2,427.3,427.2,427.3,0.02,52.71,23693.08,1
2026-04-06,2026-04-06 11:33:00,427.3,427.4,427.3,427.4,0.02,52.71,23693.08,1
2026-04-06,2026-04-06 11:34:00,427.4,427.5,427.4,427.5,0.02,52.71,23693.08,1
2026-04-06,2026-04-06 11:35:00,427.5,427.6,427.5,427.6,0.02,52.71,23693.08,1
2026-04-06,2026-04-06 11:36:00,427.6,427.7,427.6,427.7,0.02,52.71,23693.08,1
2026-04-06,2026-04-06 11:37:00,427.7,427.8,427.7,427.8,0.02,52.71,23693.08,1
2026-04-06,2026-04-06 11:38:00,427.8,427.9,427.8,427.9,0.02,52.71,23693.08,1
2026-04-06,2026-04-06 11:39:00,427.9,428.0,427.9,428.0,0.02,52.71,23693.08,1
2026-04-06,2026-04-06 11:40:00,428.0,428.1,428.0,428.1,0.02,52.71,23693.08,1
2026-04-06,2026-04-06 11:41:00,428.1,428.2,428.1,428.2,0.02,52.71,23693.08,1
2026-04-06,2026-04-06 11:42:00,428.2,428.3,428.2,428.3,0.02,52.71,23693.08,1
2026-04-06,2026-04-06 11:43:00,428.3,428.4,428.3,428.4,0.02,52.71,23693.08,1
2026-04-06,2026-04-06 11:44:00,428.4,428.5,428.4,428.5,0.02,52.71,23693.08,1
2026-04-06,2026-04-06 11:45:00,428.5,428.6,428.5,428.6,0.02,52.71,23693.08,1
2026-04-06,2026-04-06 11:46:00,428.6,428.7,428.6,428.7,0.02,52.71,23693.08,1
2026-04-06,2026-04-06 11:47:00,428.7,428.8,428.7,428.8,0.02,52.71,23693.08,1
2026-04-06,2026-04-06 11:48:00,428.8,428.9,428.8,428.9,0.02,52.71,23693.08,1
2026-04-06,2026-04-06 11:49:00,428.9,429.0,428.9,429.0,0.02,52.71,23693.08,1
2026-04-06,2026-04-06 11:50:00,429.0,429.1,429.0,429.1,0.02,52.71,23693.08,1
2026-04-06,2026-04-06 11:51:00,429.1,429.2,429.1,429.2,0.02,52.71,23693.08,1
2026-04-06,2026-04-06 11:52:00,429.2,429.3,429.2,429.3,0.02,52.71,23693.08,1
2026-04-06,2026-04-06 11:53:00,429.3,429.4,429.3,429.4,0.02,52.71,23693.08,1
2026-04-06,2026-04-06 11:54:00,429.4,429.5,429.4,429.5,0.02,52.71,23693.08,1
2026-04-06,2026-04-06 11:55:00,429.5,429.6,429.5,429.6,0.02,52.71,23693.08,1
2026-04-06,2026-04-06 11:56:00,429.6,429.7,429.6,429.7,0.02,52.71,23693.08,1
2026-04-06,2026-04-06 11:57:00,429.7,429.8,429.7,429.8,0.02,52.71,23693.08,1
2026-04-06,2026-04-06 11:58:00,429.8,429.9,429.8,429.9,0.02,52.71,23693.08,1
2026-04-06,2026-04-06 11:59:00,429.9,430.0,429.9,430.0,0.02,52.71,23693.08,1
2026-04-06,2026-04-06 12:00:00,430.0,430.1,430.0,430.1,0.02,52.71,23693.08,1
2026-04-06,2026-04-06 12:01:00,430.1,430.2,430.1,430.2,0.02,52.71,23693.08,1
2026-04-06,2026-04-06 12:02:00,430.2,430.3,430.2,430.3,0.02,52.71,23693.08,1
2026-04-06,2026-04-06 12:03:00,430.3,430.4,430.3,430.4,0.02,52.71,23693.08,1
2026-04-06,2026-04-06 12:04:00,430.4,430.5,430.4,430.5,0.02,52.71,23693.08,1
2026-04-06,2026-04-06 12:05:00,430.5,430.6,430.5,430.6,0.02,52.71,23693.08,1
2026-04-06,2026-04-06 12:06:00,430.6,430.7,430.6,430.7,0.02,52.71,23693.08,1
2026-04-06,2026-04-06 12:07:00,430.7,430.8,430.7,430.8,0.02,52.71,23693.08,1
2026-04-06,2026-04-06 12:08:00,430.8,430.9,430.8,430.9,0.02,52.71,23693.08,1
2026-04-06,2026-04-06 12:09:00,430.9,431.0,430.9,431.0,0.02,52.71,23693.08,1
2026-04-06,2026-04-06 12:10:00,431.0,431.1,431.0,431.1,0.02,52.71,23693.08,1
2026-04-06,2026-04-06 12:11:00,431.1,431.2,431.1,431.2,0.02,52.71,23693.08,1
2026-04-06,2026-04-06 12:12:00,431.2,431.3,431.2,431.3,0.02,52.71,23693.08,1
2026-04-06,2026-04-06 12:13:00,431.3,431.4,431.3,431.4,0.02,52.71,23693.08,1
2026-04-06,2026-04-06 12:14:00,431.4,431.5,431.4,431.5,0.02,52.71,23693.08,1
2026-04-06,2026-04-06 12:15:00,431.5,431.6,431.5,431.6,0.02,52.71,23693.08,1
2026-04-06,2026-04-06 12:16:00,431.6,431.7,431.6,431.7,0.02,52.71,23693.08,1
2026-04-06,2026-04-06 12:17:00,431.7,431.8,431.7,431.8,0.02,52.71,23693.08,1
2026-04-06,2026-04-06 12:18:00,431.8,431.9,431.8,431.9,0.02,52.71,23693.08,1
2026-04-06,2026-04-06 12:19:00,431.9,432.0,431.9,432.0,0.02,52.71,23693.08,1
2026-04-06,2026-04-06 12:20:00,432.0,432.1,432.0,432.1,0.02,52.71,23693.08,1
2026-04-06,2026-04-06 12:21:00,432.1,432.2,432.1,432.2,0.02,52.71,23693.08,1
2026-04-06,2026-04-06 12:22:00,432.2,432.3,432.2,432.3,0.02,52.71,23693.08,1
2026-04-06,2026-04-06 12:23:00,432.3,432.4,432.3,432.4,0.02,52.71,23693.08,1
2026-04-06,2026-04-06 12:24:00,432.4,432.5,432.4,432.5,0.02,52.71,23693.08,1
2026-04-06,2026-04-06 12:25:00,432.5,432.6,432.5,432.6,0.02,52.71,23693.08,1
2026-04-06,2026-04-06 12:26:00,432.6,432.7,432.6,432.7,0.02,52.71,23693.08,1
2026-04-06,2026-04-06 12:27:00,432.7,432.8,432.7,432.8,0.02,52.71,23693.08,1
2026-04-06,2026-04-06 12:28:00,432.8,432.9,432.8,432.9,0.02,52.71,23693.08,1
2026-04-06,2026-04-06 12:29:00,432.9,433.0,432.9,433.0,0.02,52.71,23693.08,1
2026-04-06,2026-04-06 12:30:00,433.0,433.1,433.0,433.1,0.02,52.71,23693.08,1
2026-04-06,2026-04-06 12:31:00,433.1,433.2,433.1,433.2,0.02,52.71,23693.08,1
2026-04-06,2026-04-06 12:32:00,433.2,433.3,433.2,433.3,0.02,52.71,23693.08,1
2026-04-06,2026-04-06 12:33:00,433.3,433.4,433.3,433.4,0.02,52.71,23693.08,1
2026-04-06,2026-04-06 12:34:00,433.4,433.5,433.4,433.5,0.02,52.71,23693.08,1
2026-04-06,2026-04-06 12:35:00,433.5,433.6,433.5,433.6,0.02,52.71,23693.08,1
2026-04-06,2026-04-06 12:36:00,433.6,433.7,433.6,433.7,0.02,52.71,23693.08,1
2026-04-06,2026-04-06 12:37:00,433.7,433.8,433.7,433.8,0.02,52.71,23693.08,1
2026-04-06,2026-04-06 12:38:00,433.8,433.9,433.8,433.9,0.02,52.71,23693.08,1
2026-04-06,2026-04-06 12:39:00,433.9,434.0,433.9,434.0,0.02,52.71,23693.08,1
2026-04-06,2026-04-06 12:40:00,434.0,434.1,434.0,434.1,0.02,52.71,23693.08,1
2026-04-06,2026-04-06 12:41:00,434.1,434.2,434.1,434.2,0.02,52.71,23693.08,1
2026-04-06,2026-04-06 12:42:00,434.2,434.3,434.2,434.3,0.02,52.71,23693.08,1
2026-04-06,2026-04-06 12:43:00,434.3,434.4,434.3,434.4,0.02,52.71,23693.08,1
2026-04-06,2026-04-06 12:44:00,434.4,434.5,434.4,434.5,0.02,52.71,23693.08,1
2026-04-06,2026-04-06 12:45:00,434.5,434.6,434.5,434.6,0.02,52.71,23693.08,1
2026-04-06,2026-04-06 12:46:00,434.6,434.7,434.6,434.7,0.02,52.71,23693.08,1
2026-04-06,2026-04-06 12:47:00,434.7,434.8,434.7,434.8,0.02,52.71,23693.08,1
2026-04-06,2026-04-06 12:48:00,434.8,434.9,434.8,434.9,0.02,52.71,23693.08,1
2026-04-06,2026-04-06 12:49:00,434.9,435.0,434.9,435.0,0.02,52.71,23693.08,1
2026-04-06,2026-04-06 12:50:00,435.0,435.1,435.0,435.1,0.02,52.71,23693.08,1
2026-04-06,2026-04-06 12:51:00,435.1,435.2,435.1,435.2,0.02,52.71,23693.08,1
2026-04-06,2026-04-06 12:52:00,435.2,435.3,435.2,435.3,0.02,52.71,23693.08,1
2026-04-06,2026-04-06 12:53:00,435.3,435.4,435.3,435.4,0.02,52.71,23693.08,1
2026-04-06,2026-04-06 12:54:00,435.4,435.5,435.4,435.5,0.02,52.71,23693.08,1
2026-04-06,2026-04-06 12:55:00,435.5,435.6,435.5,435.6,0.02,52.71,23693.08,1
2026-04-06,2026-04-06 12:56:00,435.6,435.7,435.6,435.7,0.02,52.71,23693.08,1
2026-04-06,2026-04-06 12:57:00,435.7,435.8,435.7,435.8,0.02,52.71,23693.08,1
2026-04-06,2026-04-06 12:58:00,435.8,435.9,435.8,435.9,0.02,52.71,23693.08,1
2026-04-06,2026-04-06 12:59:00,435.9,436.0,435.9,436.0,0.02,52.71,23693.08,1
2026-04-06,2026-04-06 13:00:00,436.0,465.0,424.0,436.1,0.02,52.71,23693.08,1
2026-04-06,2026-04-06 13:01:00,436.1,436.2,436.1,436.2,0.02,52.71,23693.08,1
2026-04-06,2026-04-06 13:02:00,436.2,436.3,436.2,436.3,0.02,52.71,23693.08,1
2026-04-06,2026-04-06 13:03:00,436.3,436.4,436.3,436.4,0.02,52.71,23693.08,1
2026-04-06,2026-04-06 13:04:00,436.4,436.5,436.4,436.5,0.02,52.71,23693.08,1
2026-04-06,2026-04-06 13:05:00,436.5,436.6,436.5,436.6,0.02,52.71,23693.08,1
2026-04-06,2026-04-06 13:06:00,436.6,436.7,436.6,436.7,0.02,52.71,23693.08,1
2026-04-06,2026-04-06 13:07:00,436.7,436.8,436.7,436.8,0.02,52.71,23693.08,1
2026-04-06,2026-04-06 13:08:00,436.8,436.9,436.8,436.9,0.02,52.71,23693.08,1
2026-04-06,2026-04-06 13:09:00,436.9,437.0,436.9,437.0,0.02,52.71,23693.08,1
2026-04-06,2026-04-06 13:10:00,437.0,437.1,437.0,437.1,0.02,52.71,23693.08,1
2026-04-06,2026-04-06 13:11:00,437.1,437.2,437.1,437.2,0.02,52.71,23693.08,1
2026-04-06,2026-04-06 13:12:00,437.2,437.3,437.2,437.3,0.02,52.71,23693.08,1
2026-04-06,2026-04-06 13:13:00,437.3,437.4,437.3,437.4,0.02,52.71,23693.08,1
2026-04-06,2026-04-06 13:14:00,437.4,437.5,437.4,437.5,0.02,52.71,23693.08,1
2026-04-06,2026-04-06 13:15:00,437.5,437.6,437.5,437.6,0.02,52.71,23693.08,1
2026-04-06,2026-04-06 13:16:00,437.6,437.7,437.6,437.7,0.02,52.71,23693.08,1
2026-04-06,2026-04-06 13:17:00,437.7,437.8,437.7,437.8,0.02,52.71,23693.08,1
2026-04-06,2026-04-06 13:18:00,437.8,437.9,437.8,437.9,0.02,52.71,23693.08,1
2026-04-06,2026-04-06 13:19:00,437.9,438.0,437.9,438.0,0.02,52.71,23693.08,1
2026-04-06,2026-04-06 13:20:00,438.0,438.1,438.0,438.1,0.02,52.71,23693.08,1
2026-04-06,2026-04-06 13:21:00,438.1,438.2,438.1,438.2,0.02,52.71,23693.08,1
2026-04-06,2026-04-06 13:22:00,438.2,438.3,438.2,438.3,0.02,52.71,23693.08,1
2026-04-06,2026-04-06 13:23:00,438.3,438.4,438.3,438.4,0.02,52.71,23693.08,1
2026-04-06,2026-04-06 13:24:00,438.4,438.5,438.4,438.5,0.02,52.71,23693.08,1
2026-04-06,2026-04-06 13:25:00,438.5,438.6,438.5,438.6,0.02,52.71,23693.08,1
2026-04-06,2026-04-06 13:26:00,438.6,438.7,438.6,438.7,0.02,52.71,23693.08,1
2026-04-06,2026-04-06 13:27:00,438.7,438.8,438.7,438.8,0.02,52.71,23693.08,1
2026-04-06,2026-04-06 13:28:00,438.8,438.9,438.8,438.9,0.02,52.71,23693.08,1
2026-04-06,2026-04-06 13:29:00,438.9,439.0,438.9,439.0,0.02,52.71,23693.08,1
2026-04-06,2026-04-06 13:30:00,439.0,439.1,439.0,439.1,0.02,52.71,23693.08,1
2026-04-06,2026-04-06 13:31:00,439.1,439.2,439.1,439.2,0.02,52.71,23693.08,1
2026-04-06,2026-04-06 13:32:00,439.2,439.3,439.2,439.3,0.02,52.71,23693.08,1
2026-04-06,2026-04-06 13:33:00,439.3,439.4,439.3,439.4,0.02,52.71,23693.08,1
2026-04-06,2026-04-06 13:34:00,439.4,439.5,439.4,439.5,0.02,52.71,23693.08,1
2026-04-06,2026-04-06 13:35:00,439.5,439.6,439.5,439.6,0.02,52.71,23693.08,1
2026-04-06,2026-04-06 13:36:00,439.6,439.7,439.6,439.7,0.02,52.71,23693.08,1
2026-04-06,2026-04-06 13:37:00,439.7,439.8,439.7,439.8,0.02,52.71,23693.08,1
2026-04-06,2026-04-06 13:38:00,439.8,439.9,439.8,439.9,0.02,52.71,23693.08,1
2026-04-06,2026-04-06 13:39:00,439.9,440.0,439.9,440.0,0.02,52.71,23693.08,1
2026-04-06,2026-04-06 13:40:00,440.0,440.1,440.0,440.1,0.02,52.71,23693.08,1
2026-04-06,2026-04-06 13:41:00,440.1,440.2,440.1,440.2,0.02,52.71,23693.08,1
2026-04-06,2026-04-06 13:42:00,440.2,440.3,440.2,440.3,0.02,52.71,23693.08,1
2026-04-06,2026-04-06 13:43:00,440.3,440.4,440.3,440.4,0.02,52.71,23693.08,1
2026-04-06,2026-04-06 13:44:00,440.4,440.5,440.4,440.5,0.02,52.71,23693.08,1
2026-04-06,2026-04-06 13:45:00,440.5,440.6,440.5,440.6,0.02,52.71,23693.08,1
2026-04-06,2026-04-06 13:46:00,440.6,440.7,440.6,440.7,0.02,52.71,23693.08,1
2026-04-06,2026-04-06 13:47:00,440.7,440.8,440.7,440.8,0.02,52.71,23693.08,1
2026-04-06,2026-04-06 13:48:00,440.8,440.9,440.8,440.9,0.02,52.71,23693.08,1
2026-04-06,2026-04-06 13:49:00,440.9,441.0,440.9,441.0,0.02,52.71,23693.08,1
2026-04-06,2026-04-06 13:50:00,441.0,441.1,441.0,441.1,0.02,52.71,23693.08,1
2026-04-06,2026-04-06 13:51:00,441.1,441.2,441.1,441.2,0.02,52.71,23693.08,1
2026-04-06,2026-04-06 13:52:00,441.2,441.3,441.2,441.3,0.02,52.71,23693.08,1
2026-04-06,2026-04-06 13:53:00,441.3,441.4,441.3,441.4,0.02,52.71,23693.08,1
2026-04-06,2026-04-06 13:54:00,441.4,441.5,441.4,441.5,0.02,52.71,23693.08,1
2026-04-06,2026-04-06 13:55:00,441.5,441.6,441.5,441.6,0.02,52.71,23693.08,1
2026-04-06,2026-04-06 13:56:00,441.6,441.7,441.6,441.7,0.02,52.71,23693.08,1
2026-04-06,2026-04-06 13:57:00,441.7,441.8,441.7,441.8,0.02,52.71,23693.08,1
2026-04-06,2026-04-06 13:58:00,441.8,441.9,441.8,441.9,0.02,52.71,23693.08,1
2026-04-06,2026-04-06 13:59:00,441.9,442.0,441.9,442.0,0.02,52.71,23693.08,1
2026-04-06,2026-04-06 14:00:00,442.0,442.1,442.0,442.1,0.02,52.71,23693.08,1
2026-04-06,2026-04-06 14:01:00,442.1,442.2,442.1,442.2,0.02,52.71,23693.08,1
2026-04-06,2026-04-06 14:02:00,442.2,442.3,442.2,442.3,0.02,52.71,23693.08,1
2026-04-06,2026-04-06 14:03:00,442.3,442.4,442.3,442.4,0.02,52.71,23693.08,1
2026-04-06,2026-04-06 14:04:00,442.4,442.5,442.4,442.5,0.02,52.71,23693.08,1
2026-04-06,2026-04-06 14:05:00,442.5,442.6,442.5,442.6,0.02,52.71,23693.08,1
2026-04-06,2026-04-06 14:06:00,442.6,442.7,442.6,442.7,0.02,52.71,23693.08,1
2026-04-06,2026-04-06 14:07:00,442.7,442.8,442.7,442.8,0.02,52.71,23693.08,1
2026-04-06,2026-04-06 14:08:00,442.8,442.9,442.8,442.9,0.02,52.71,23693.08,1
2026-04-06,2026-04-06 14:09:00,442.9,443.0,442.9,443.0,0.02,52.71,23693.08,1
2026-04-06,2026-04-06 14:10:00,443.0,443.1,443.0,443.1,0.02,52.71,23693.08,1
2026-04-06,2026-04-06 14:11:00,443.1,443.2,443.1,443.2,0.02,52.71,23693.08,1
2026-04-06,2026-04-06 14:12:00,443.2,443.3,443.2,443.3,0.02,52.71,23693.08,1
2026-04-06,2026-04-06 14:13:00,443.3,443.4,443.3,443.4,0.02,52.71,23693.08,1
2026-04-06,2026-04-06 14:14:00,443.4,443.5,443.4,443.5,0.02,52.71,23693.08,1
2026-04-06,2026-04-06 14:15:00,443.5,443.6,443.5,443.6,0.02,52.71,23693.08,1
2026-04-06,2026-04-06 14:16:00,443.6,443.7,443.6,443.7,0.02,52.71,23693.08,1
2026-04-06,2026-04-06 14:17:00,443.7,443.8,443.7,443.8,0.02,52.71,23693.08,1
2026-04-06,2026-04-06 14:18:00,443.8,443.9,443.8,443.9,0.02,52.71,23693.08,1
2026-04-06,2026-04-06 14:19:00,443.9,444.0,443.9,444.0,0.02,52.71,23693.08,1
2026-04-06,2026-04-06 14:20:00,444.0,444.1,444.0,444.1,0.02,52.71,23693.08,1
2026-04-06,2026-04-06 14:21:00,444.1,444.2,444.1,444.2,0.02,52.71,23693.08,1
2026-04-06,2026-04-06 14:22:00,444.2,444.3,444.2,444.3,0.02,52.71,23693.08,1
2026-04-06,2026-04-06 14:23:00,444.3,444.4,444.3,444.4,0.02,52.71,23693.08,1
2026-04-06,2026-04-06 14:24:00,444.4,444.5,444.4,444.5,0.02,52.71,23693.08,1
2026-04-06,2026-04-06 14:25:00,444.5,444.6,444.5,444.6,0.02,52.71,23693.08,1
2026-04-06,2026-04-06 14:26:00,444.6,444.7,444.6,444.7,0.02,52.71,23693.08,1
2026-04-06,2026-04-06 14:27:00,444.7,444.8,444.7,444.8,0.02,52.71,23693.08,1
2026-04-06,2026-04-06 14:28:00,444.8,444.9,444.8,444.9,0.02,52.71,23693.08,1
2026-04-06,2026-04-06 14:29:00,444.9,445.0,444.9,445.0,0.02,52.71,23693.08,1
2026-04-06,2026-04-06 14:30:00,445.0,445.1,445.0,445.1,0.02,52.71,23693.08,1
2026-04-06,2026-04-06 14:31:00,445.1,445.2,445.1,445.2,0.02,52.71,23693.08,1
2026-04-06,2026-04-06 14:32:00,445.2,445.3,445.2,445.3,0.02,52.71,23693.08,1
2026-04-06,2026-04-06 14:33:00,445.3,445.4,445.3,445.4,0.02,52.71,23693.08,1
2026-04-06,2026-04-06 14:34:00,445.4,445.5,445.4,445.5,0.02,52.71,23693.08,1
2026-04-06,2026-04-06 14:35:00,445.5,445.6,445.5,445.6,0.02,52.71,23693.08,1
2026-04-06,2026-04-06 14:36:00,445.6,445.7,445.6,445.7,0.02,52.71,23693.08,1
2026-04-06,2026-04-06 14:37:00,445.7,445.8,445.7,445.8,0.02,52.71,23693.08,1
2026-04-06,2026-04-06 14:38:00,445.8,445.9,445.8,445.9,0.02,52.71,23693.08,1
2026-04-06,2026-04-06 14:39:00,445.9,446.0,445.9,446.0,0.02,52.71,23693.08,1
2026-04-06,2026-04-06 14:40:00,446.0,446.1,446.0,446.1,0.02,52.71,23693.08,1
2026-04-06,2026-04-06 14:41:00,446.1,446.2,446.1,446.2,0.02,52.71,23693.08,1
2026-04-06,2026-04-06 14:42:00,446.2,446.3,446.2,446.3,0.02,52.71,23693.08,1
2026-04-06,2026-04-06 14:43:00,446.3,446.4,446.3,446.4,0.02,52.71,23693.08,1
2026-04-06,2026-04-06 14:44:00,446.4,446.5,446.4,446.5,0.02,52.71,23693.08,1
2026-04-06,2026-04-06 14:45:00,446.5,446.6,446.5,446.6,0.02,52.71,23693.08,1
2026-04-06,2026-04-06 14:46:00,446.6,446.7,446.6,446.7,0.02,52.71,23693.08,1
2026-04-06,2026-04-06 14:47:00,446.7,446.8,446.7,446.8,0.02,52.71,23693.08,1
2026-04-06,2026-04-06 14:48:00,446.8,446.9,446.8,446.9,0.02,52.71,23693.08,1
2026-04-06,2026-04-06 14:49:00,446.9,447.0,446.9,447.0,0.02,52.71,23693.08,1
2026-04-06,2026-04-06 14:50:00,447.0,447.1,447.0,447.1,0.02,52.71,23693.08,1
2026-04-06,2026-04-06 14:51:00,447.1,447.2,447.1,447.2,0.02,52.71,23693.08,1
2026-04-06,2026-04-06 14:52:00,447.2,447.3,447.2,447.3,0.02,52.71,23693.08,1
2026-04-06,2026-04-06 14:53:00,447.3,447.4,447.3,447.4,0.02,52.71,23693.08,1
2026-04-06,2026-04-06 14:54:00,447.4,447.5,447.4,447.5,0.02,52.71,23693.08,1
2026-04-06,2026-04-06 14:55:00,447.5,447.6,447.5,447.6,0.02,52.71,23693.08,1
2026-04-06,2026-04-06 14:56:00,447.6,447.7,447.6,447.7,0.02,52.71,23693.08,1
2026-04-06,2026-04-06 14:57:00,447.7,447.8,447.7,447.8,0.02,52.71,23693.08,1
2026-04-06,2026-04-06 14:58:00,447.8,447.9,447.8,447.9,0.02,52.71,23693.08,1
2026-04-06,2026-04-06 14:59:00,447.9,448.0,447.9,448.0,0.02,52.71,23693.08,1
2026-04-06,2026-04-06 15:00:00,448.0,465.0,424.0,448.0,0.0,52.71,23693.08,0
2026-04-07,2026-04-07 11:00:00,456.9,459.48,452.28,456.85,-0.01,54.12,24418.67,-1
2026-04-07,2026-04-07 11:01:00,456.85,456.85,456.8,456.8,-0.01,54.12,24418.67,-1
2026-04-07,2026-04-07 11:02:00,456.8,456.8,456.75,456.75,-0.01,54.12,24418.67,-1
2026-04-07,2026-04-07 11:03:00,456.75,456.75,456.7,456.7,-0.01,54.12,24418.67,-1
2026-04-07,2026-04-07 11:04:00,456.7,456.7,456.65,456.65,-0.01,54.12,24418.67,-1
2026-04-07,2026-04-07 11:05:00,456.65,456.65,456.6,456.6,-0.01,54.12,24418.67,-1
2026-04-07,2026-04-07 11:06:00,456.6,456.6,456.55,456.55,-0.01,54.12,24418.67,-1
2026-04-07,2026-04-07 11:07:00,456.55,456.55,456.5,456.5,-0.01,54.12,24418.67,-1
2026-04-07,2026-04-07 11:08:00,456.5,456.5,456.45,456.45,-0.01,54.12,24418.67,-1
2026-04-07,2026-04-07 11:09:00,456.45,456.45,456.4,456.4,-0.01,54.12,24418.67,-1
2026-04-07,2026-04-07 11:10:00,456.4,456.4,456.35,456.35,-0.01,54.12,24418.67,-1
2026-04-07,2026-04-07 11:11:00,456.35,456.35,456.3,456.3,-0.01,54.12,24418.67,-1
2026-04-07,2026-04-07 11:12:00,456.3,456.3,456.26,456.26,-0.01,54.12,24418.67,-1
2026-04-07,2026-04-07 11:13:00,456.26,456.26,456.21,456.21,-0.01,54.12,24418.67,-1
2026-04-07,2026-04-07 11:14:00,456.21,456.21,456.16,456.16,-0.01,54.12,24418.67,-1
2026-04-07,2026-04-07 11:15:00,456.16,456.16,456.11,456.11,-0.01,54.12,24418.67,-1
2026-04-07,2026-04-07 11:16:00,456.11,456.11,456.06,456.06,-0.01,54.12,24418.67,-1
2026-04-07,2026-04-07 11:17:00,456.06,456.06,456.01,456.01,-0.01,54.12,24418.67,-1
2026-04-07,2026-04-07 11:18:00,456.01,456.01,455.96,455.96,-0.01,54.12,24418.67,-1
2026-04-07,2026-04-07 11:19:00,455.96,455.96,455.91,455.91,-0.01,54.12,24418.67,-1
2026-04-07,2026-04-07 11:20:00,455.91,455.91,455.86,455.86,-0.01,54.12,24418.67,-1
2026-04-07,2026-04-07 11:21:00,455.86,455.86,455.81,455.81,-0.01,54.12,24418.67,-1
2026-04-07,2026-04-07 11:22:00,455.81,455.81,455.76,455.76,-0.01,54.12,24418.67,-1
2026-04-07,2026-04-07 11:23:00,455.76,455.76,455.71,455.71,-0.01,54.12,24418.67,-1
2026-04-07,2026-04-07 11:24:00,455.71,455.71,455.66,455.66,-0.01,54.12,24418.67,-1
2026-04-07,2026-04-07 11:25:00,455.66,455.66,455.61,455.61,-0.01,54.12,24418.67,-1
2026-04-07,2026-04-07 11:26:00,455.61,455.61,455.56,455.56,-0.01,54.12,24418.67,-1
2026-04-07,2026-04-07 11:27:00,455.56,455.56,455.51,455.51,-0.01,54.12,24418.67,-1
2026-04-07,2026-04-07 11:28:00,455.51,455.51,455.46,455.46,-0.01,54.12,24418.67,-1
2026-04-07,2026-04-07 11:29:00,455.46,455.46,455.41,455.41,-0.01,54.12,24418.67,-1
2026-04-07,2026-04-07 11:30:00,455.41,455.41,455.36,455.36,-0.01,54.12,24418.67,-1
2026-04-07,2026-04-07 11:31:00,455.36,455.36,455.31,455.31,-0.01,54.12,24418.67,-1
2026-04-07,2026-04-07 11:32:00,455.31,455.31,455.26,455.26,-0.01,54.12,24418.67,-1
2026-04-07,2026-04-07 11:33:00,455.26,455.26,455.21,455.21,-0.01,54.12,24418.67,-1
2026-04-07,2026-04-07 11:34:00,455.21,455.21,455.16,455.16,-0.01,54.12,24418.67,-1
2026-04-07,2026-04-07 11:35:00,455.16,455.16,455.12,455.12,-0.01,54.12,24418.67,-1
2026-04-07,2026-04-07 11:36:00,455.12,455.12,455.07,455.07,-0.01,54.12,24418.67,-1
2026-04-07,2026-04-07 11:37:00,455.07,455.07,455.02,455.02,-0.01,54.12,24418.67,-1
2026-04-07,2026-04-07 11:38:00,455.02,455.02,454.97,454.97,-0.01,54.12,24418.67,-1
2026-04-07,2026-04-07 11:39:00,454.97,454.97,454.92,454.92,-0.01,54.12,24418.67,-1
2026-04-07,2026-04-07 11:40:00,454.92,454.92,454.87,454.87,-0.01,54.12,24418.67,-1
2026-04-07,2026-04-07 11:41:00,454.87,454.87,454.82,454.82,-0.01,54.12,24418.67,-1
2026-04-07,2026-04-07 11:42:00,454.82,454.82,454.77,454.77,-0.01,54.12,24418.67,-1
2026-04-07,2026-04-07 11:43:00,454.77,454.77,454.72,454.72,-0.01,54.12,24418.67,-1
2026-04-07,2026-04-07 11:44:00,454.72,454.72,454.67,454.67,-0.01,54.12,24418.67,-1
2026-04-07,2026-04-07 11:45:00,454.67,454.67,454.62,454.62,-0.01,54.12,24418.67,-1
2026-04-07,2026-04-07 11:46:00,454.62,454.62,454.57,454.57,-0.01,54.12,24418.67,-1
2026-04-07,2026-04-07 11:47:00,454.57,454.57,454.52,454.52,-0.01,54.12,24418.67,-1
2026-04-07,2026-04-07 11:48:00,454.52,454.52,454.47,454.47,-0.01,54.12,24418.67,-1
2026-04-07,2026-04-07 11:49:00,454.47,454.47,454.42,454.42,-0.01,54.12,24418.67,-1
2026-04-07,2026-04-07 11:50:00,454.42,454.42,454.37,454.37,-0.01,54.12,24418.67,-1
2026-04-07,2026-04-07 11:51:00,454.37,454.37,454.32,454.32,-0.01,54.12,24418.67,-1
2026-04-07,2026-04-07 11:52:00,454.32,454.32,454.27,454.27,-0.01,54.12,24418.67,-1
2026-04-07,2026-04-07 11:53:00,454.27,454.27,454.22,454.22,-0.01,54.12,24418.67,-1
2026-04-07,2026-04-07 11:54:00,454.22,454.22,454.17,454.17,-0.01,54.12,24418.67,-1
2026-04-07,2026-04-07 11:55:00,454.17,454.17,454.12,454.12,-0.01,54.12,24418.67,-1
2026-04-07,2026-04-07 11:56:00,454.12,454.12,454.07,454.07,-0.01,54.12,24418.67,-1
2026-04-07,2026-04-07 11:57:00,454.07,454.07,454.02,454.02,-0.01,54.12,24418.67,-1
2026-04-07,2026-04-07 11:58:00,454.02,454.02,453.97,453.97,-0.01,54.12,24418.67,-1
2026-04-07,2026-04-07 11:59:00,453.97,453.97,453.92,453.92,-0.01,54.12,24418.67,-1
2026-04-07,2026-04-07 12:00:00,453.92,453.92,453.88,453.88,-0.01,54.12,24418.67,-1
2026-04-07,2026-04-07 12:01:00,453.88,453.88,453.83,453.83,-0.01,54.12,24418.67,-1
2026-04-07,2026-04-07 12:02:00,453.83,453.83,453.78,453.78,-0.01,54.12,24418.67,-1
2026-04-07,2026-04-07 12:03:00,453.78,453.78,453.73,453.73,-0.01,54.12,24418.67,-1
2026-04-07,2026-04-07 12:04:00,453.73,453.73,453.68,453.68,-0.01,54.12,24418.67,-1
2026-04-07,2026-04-07 12:05:00,453.68,453.68,453.63,453.63,-0.01,54.12,24418.67,-1
2026-04-07,2026-04-07 12:06:00,453.63,453.63,453.58,453.58,-0.01,54.12,24418.67,-1
2026-04-07,2026-04-07 12:07:00,453.58,453.58,453.53,453.53,-0.01,54.12,24418.67,-1
2026-04-07,2026-04-07 12:08:00,453.53,453.53,453.48,453.48,-0.01,54.12,24418.67,-1
2026-04-07,2026-04-07 12:09:00,453.48,453.48,453.43,453.43,-0.01,54.12,24418.67,-1
2026-04-07,2026-04-07 12:10:00,453.43,453.43,453.38,453.38,-0.01,54.12,24418.67,-1
2026-04-07,2026-04-07 12:11:00,453.38,453.38,453.33,453.33,-0.01,54.12,24418.67,-1
2026-04-07,2026-04-07 12:12:00,453.33,453.33,453.28,453.28,-0.01,54.12,24418.67,-1
2026-04-07,2026-04-07 12:13:00,453.28,453.28,453.23,453.23,-0.01,54.12,24418.67,-1
2026-04-07,2026-04-07 12:14:00,453.23,453.23,453.18,453.18,-0.01,54.12,24418.67,-1
2026-04-07,2026-04-07 12:15:00,453.18,453.18,453.13,453.13,-0.01,54.12,24418.67,-1
2026-04-07,2026-04-07 12:16:00,453.13,453.13,453.08,453.08,-0.01,54.12,24418.67,-1
2026-04-07,2026-04-07 12:17:00,453.08,453.08,453.03,453.03,-0.01,54.12,24418.67,-1
2026-04-07,2026-04-07 12:18:00,453.03,453.03,452.98,452.98,-0.01,54.12,24418.67,-1
2026-04-07,2026-04-07 12:19:00,452.98,452.98,452.93,452.93,-0.01,54.12,24418.67,-1
2026-04-07,2026-04-07 12:20:00,452.93,452.93,452.88,452.88,-0.01,54.12,24418.67,-1
2026-04-07,2026-04-07 12:21:00,452.88,452.88,452.83,452.83,-0.01,54.12,24418.67,-1
2026-04-07,2026-04-07 12:22:00,452.83,452.83,452.78,452.78,-0.01,54.12,24418.67,-1
2026-04-07,2026-04-07 12:23:00,452.78,452.78,452.74,452.74,-0.01,54.12,24418.67,-1
2026-04-07,2026-04-07 12:24:00,452.74,452.74,452.69,452.69,-0.01,54.12,24418.67,-1
2026-04-07,2026-04-07 12:25:00,452.69,452.69,452.64,452.64,-0.01,54.12,24418.67,-1
2026-04-07,2026-04-07 12:26:00,452.64,452.64,452.59,452.59,-0.01,54.12,24418.67,-1
2026-04-07,2026-04-07 12:27:00,452.59,452.59,452.54,452.54,-0.01,54.12,24418.67,-1
2026-04-07,2026-04-07 12:28:00,452.54,452.54,452.49,452.49,-0.01,54.12,24418.67,-1
2026-04-07,2026-04-07 12:29:00,452.49,452.49,452.44,452.44,-0.01,54.12,24418.67,-1
2026-04-07,2026-04-07 12:30:00,452.44,452.44,452.39,452.39,-0.01,54.12,24418.67,-1
2026-04-07,2026-04-07 12:31:00,452.39,452.39,452.34,452.34,-0.01,54.12,24418.67,-1
2026-04-07,2026-04-07 12:32:00,452.34,452.34,452.29,452.29,-0.01,54.12,24418.67,-1
2026-04-07,2026-04-07 12:33:00,452.29,452.29,452.24,452.24,-0.01,54.12,24418.67,-1
2026-04-07,2026-04-07 12:34:00,452.24,452.24,452.19,452.19,-0.01,54.12,24418.67,-1
2026-04-07,2026-04-07 12:35:00,452.19,452.19,452.14,452.14,-0.01,54.12,24418.67,-1
2026-04-07,2026-04-07 12:36:00,452.14,452.14,452.09,452.09,-0.01,54.12,24418.67,-1
2026-04-07,2026-04-07 12:37:00,452.09,452.09,452.04,452.04,-0.01,54.12,24418.67,-1
2026-04-07,2026-04-07 12:38:00,452.04,452.04,451.99,451.99,-0.01,54.12,24418.67,-1
2026-04-07,2026-04-07 12:39:00,451.99,451.99,451.94,451.94,-0.01,54.12,24418.67,-1
2026-04-07,2026-04-07 12:40:00,451.94,451.94,451.89,451.89,-0.01,54.12,24418.67,-1
2026-04-07,2026-04-07 12:41:00,451.89,451.89,451.84,451.84,-0.01,54.12,24418.67,-1
2026-04-07,2026-04-07 12:42:00,451.84,451.84,451.79,451.79,-0.01,54.12,24418.67,-1
2026-04-07,2026-04-07 12:43:00,451.79,451.79,451.74,451.74,-0.01,54.12,24418.67,-1
2026-04-07,2026-04-07 12:44:00,451.74,451.74,451.69,451.69,-0.01,54.12,24418.67,-1
2026-04-07,2026-04-07 12:45:00,451.69,451.69,451.64,451.64,-0.01,54.12,24418.67,-1
2026-04-07,2026-04-07 12:46:00,451.64,451.64,451.59,451.59,-0.01,54.12,24418.67,-1
2026-04-07,2026-04-07 12:47:00,451.59,451.59,451.54,451.54,-0.01,54.12,24418.67,-1
2026-04-07,2026-04-07 12:48:00,451.54,451.54,451.5,451.5,-0.01,54.12,24418.67,-1
2026-04-07,2026-04-07 12:49:00,451.5,451.5,451.45,451.45,-0.01,54.12,24418.67,-1
2026-04-07,2026-04-07 12:50:00,451.45,451.45,451.4,451.4,-0.01,54.12,24418.67,-1
2026-04-07,2026-04-07 12:51:00,451.4,451.4,451.35,451.35,-0.01,54.12,24418.67,-1
2026-04-07,2026-04-07 12:52:00,451.35,451.35,451.3,451.3,-0.01,54.12,24418.67,-1
2026-04-07,2026-04-07 12:53:00,451.3,451.3,451.25,451.25,-0.01,54.12,24418.67,-1
2026-04-07,2026-04-07 12:54:00,451.25,451.25,451.2,451.2,-0.01,54.12,24418.67,-1
2026-04-07,2026-04-07 12:55:00,451.2,451.2,451.15,451.15,-0.01,54.12,24418.67,-1
2026-04-07,2026-04-07 12:56:00,451.15,451.15,451.1,451.1,-0.01,54.12,24418.67,-1
2026-04-07,2026-04-07 12:57:00,451.1,451.1,451.05,451.05,-0.01,54.12,24418.67,-1
2026-04-07,2026-04-07 12:58:00,451.05,451.05,451.0,451.0,-0.01,54.12,24418.67,-1
2026-04-07,2026-04-07 12:59:00,451.0,451.0,450.95,450.95,-0.01,54.12,24418.67,-1
2026-04-07,2026-04-07 13:00:00,450.95,465.5,441.5,450.9,-0.01,54.12,24418.67,-1
2026-04-07,2026-04-07 13:01:00,450.9,450.9,450.85,450.85,-0.01,54.12,24418.67,-1
2026-04-07,2026-04-07 13:02:00,450.85,450.85,450.8,450.8,-0.01,54.12,24418.67,-1
2026-04-07,2026-04-07 13:03:00,450.8,450.8,450.75,450.75,-0.01,54.12,24418.67,-1
2026-04-07,2026-04-07 13:04:00,450.75,450.75,450.7,450.7,-0.01,54.12,24418.67,-1
2026-04-07,2026-04-07 13:05:00,450.7,450.7,450.65,450.65,-0.01,54.12,24418.67,-1
2026-04-07,2026-04-07 13:06:00,450.65,450.65,450.6,450.6,-0.01,54.12,24418.67,-1
2026-04-07,2026-04-07 13:07:00,450.6,450.6,450.55,450.55,-0.01,54.12,24418.67,-1
2026-04-07,2026-04-07 13:08:00,450.55,450.55,450.5,450.5,-0.01,54.12,24418.67,-1
2026-04-07,2026-04-07 13:09:00,450.5,450.5,450.45,450.45,-0.01,54.12,24418.67,-1
2026-04-07,2026-04-07 13:10:00,450.45,450.45,450.4,450.4,-0.01,54.12,24418.67,-1
2026-04-07,2026-04-07 13:11:00,450.4,450.4,450.35,450.35,-0.01,54.12,24418.67,-1
2026-04-07,2026-04-07 13:12:00,450.35,450.35,450.31,450.31,-0.01,54.12,24418.67,-1
2026-04-07,2026-04-07 13:13:00,450.31,450.31,450.26,450.26,-0.01,54.12,24418.67,-1
2026-04-07,2026-04-07 13:14:00,450.26,450.26,450.21,450.21,-0.01,54.12,24418.67,-1
2026-04-07,2026-04-07 13:15:00,450.21,450.21,450.16,450.16,-0.01,54.12,24418.67,-1
2026-04-07,2026-04-07 13:16:00,450.16,450.16,450.11,450.11,-0.01,54.12,24418.67,-1
2026-04-07,2026-04-07 13:17:00,450.11,450.11,450.06,450.06,-0.01,54.12,24418.67,-1
2026-04-07,2026-04-07 13:18:00,450.06,450.06,450.01,450.01,-0.01,54.12,24418.67,-1
2026-04-07,2026-04-07 13:19:00,450.01,450.01,449.96,449.96,-0.01,54.12,24418.67,-1
2026-04-07,2026-04-07 13:20:00,449.96,449.96,449.91,449.91,-0.01,54.12,24418.67,-1
2026-04-07,2026-04-07 13:21:00,449.91,449.91,449.86,449.86,-0.01,54.12,24418.67,-1
2026-04-07,2026-04-07 13:22:00,449.86,449.86,449.81,449.81,-0.01,54.12,24418.67,-1
2026-04-07,2026-04-07 13:23:00,449.81,449.81,449.76,449.76,-0.01,54.12,24418.67,-1
2026-04-07,2026-04-07 13:24:00,449.76,449.76,449.71,449.71,-0.01,54.12,24418.67,-1
2026-04-07,2026-04-07 13:25:00,449.71,449.71,449.66,449.66,-0.01,54.12,24418.67,-1
2026-04-07,2026-04-07 13:26:00,449.66,449.66,449.61,449.61,-0.01,54.12,24418.67,-1
2026-04-07,2026-04-07 13:27:00,449.61,449.61,449.56,449.56,-0.01,54.12,24418.67,-1
2026-04-07,2026-04-07 13:28:00,449.56,449.56,449.51,449.51,-0.01,54.12,24418.67,-1
2026-04-07,2026-04-07 13:29:00,449.51,449.51,449.46,449.46,-0.01,54.12,24418.67,-1
2026-04-07,2026-04-07 13:30:00,449.46,449.46,449.41,449.41,-0.01,54.12,24418.67,-1
2026-04-07,2026-04-07 13:31:00,449.41,449.41,449.36,449.36,-0.01,54.12,24418.67,-1
2026-04-07,2026-04-07 13:32:00,449.36,449.36,449.31,449.31,-0.01,54.12,24418.67,-1
2026-04-07,2026-04-07 13:33:00,449.31,449.31,449.26,449.26,-0.01,54.12,24418.67,-1
2026-04-07,2026-04-07 13:34:00,449.26,449.26,449.21,449.21,-0.01,54.12,24418.67,-1
2026-04-07,2026-04-07 13:35:00,449.21,449.21,449.16,449.16,-0.01,54.12,24418.67,-1
2026-04-07,2026-04-07 13:36:00,449.16,449.16,449.12,449.12,-0.01,54.12,24418.67,-1
2026-04-07,2026-04-07 13:37:00,449.12,449.12,449.07,449.07,-0.01,54.12,24418.67,-1
2026-04-07,2026-04-07 13:38:00,449.07,449.07,449.02,449.02,-0.01,54.12,24418.67,-1
2026-04-07,2026-04-07 13:39:00,449.02,449.02,448.97,448.97,-0.01,54.12,24418.67,-1
2026-04-07,2026-04-07 13:40:00,448.97,448.97,448.92,448.92,-0.01,54.12,24418.67,-1
2026-04-07,2026-04-07 13:41:00,448.92,448.92,448.87,448.87,-0.01,54.12,24418.67,-1
2026-04-07,2026-04-07 13:42:00,448.87,448.87,448.82,448.82,-0.01,54.12,24418.67,-1
2026-04-07,2026-04-07 13:43:00,448.82,448.82,448.77,448.77,-0.01,54.12,24418.67,-1
2026-04-07,2026-04-07 13:44:00,448.77,448.77,448.72,448.72,-0.01,54.12,24418.67,-1
2026-04-07,2026-04-07 13:45:00,448.72,448.72,448.67,448.67,-0.01,54.12,24418.67,-1
2026-04-07,2026-04-07 13:46:00,448.67,448.67,448.62,448.62,-0.01,54.12,24418.67,-1
2026-04-07,2026-04-07 13:47:00,448.62,448.62,448.57,448.57,-0.01,54.12,24418.67,-1
2026-04-07,2026-04-07 13:48:00,448.57,448.57,448.52,448.52,-0.01,54.12,24418.67,-1
2026-04-07,2026-04-07 13:49:00,448.52,448.52,448.47,448.47,-0.01,54.12,24418.67,-1
2026-04-07,2026-04-07 13:50:00,448.47,448.47,448.42,448.42,-0.01,54.12,24418.67,-1
2026-04-07,2026-04-07 13:51:00,448.42,448.42,448.37,448.37,-0.01,54.12,24418.67,-1
2026-04-07,2026-04-07 13:52:00,448.37,448.37,448.32,448.32,-0.01,54.12,24418.67,-1
2026-04-07,2026-04-07 13:53:00,448.32,448.32,448.27,448.27,-0.01,54.12,24418.67,-1
2026-04-07,2026-04-07 13:54:00,448.27,448.27,448.22,448.22,-0.01,54.12,24418.67,-1
2026-04-07,2026-04-07 13:55:00,448.22,448.22,448.17,448.17,-0.01,54.12,24418.67,-1
2026-04-07,2026-04-07 13:56:00,448.17,448.17,448.12,448.12,-0.01,54.12,24418.67,-1
2026-04-07,2026-04-07 13:57:00,448.12,448.12,448.07,448.07,-0.01,54.12,24418.67,-1
2026-04-07,2026-04-07 13:58:00,448.07,448.07,448.02,448.02,-0.01,54.12,24418.67,-1
2026-04-07,2026-04-07 13:59:00,448.02,448.02,447.98,447.98,-0.01,54.12,24418.67,-1
2026-04-07,2026-04-07 14:00:00,447.98,447.98,447.93,447.93,-0.01,54.12,24418.67,-1
2026-04-07,2026-04-07 14:01:00,447.93,447.93,447.88,447.88,-0.01,54.12,24418.67,-1
2026-04-07,2026-04-07 14:02:00,447.88,447.88,447.83,447.83,-0.01,54.12,24418.67,-1
2026-04-07,2026-04-07 14:03:00,447.83,447.83,447.78,447.78,-0.01,54.12,24418.67,-1
2026-04-07,2026-04-07 14:04:00,447.78,447.78,447.73,447.73,-0.01,54.12,24418.67,-1
2026-04-07,2026-04-07 14:05:00,447.73,447.73,447.68,447.68,-0.01,54.12,24418.67,-1
2026-04-07,2026-04-07 14:06:00,447.68,447.68,447.63,447.63,-0.01,54.12,24418.67,-1
2026-04-07,2026-04-07 14:07:00,447.63,447.63,447.58,447.58,-0.01,54.12,24418.67,-1
2026-04-07,2026-04-07 14:08:00,447.58,447.58,447.53,447.53,-0.01,54.12,24418.67,-1
2026-04-07,2026-04-07 14:09:00,447.53,447.53,447.48,447.48,-0.01,54.12,24418.67,-1
2026-04-07,2026-04-07 14:10:00,447.48,447.48,447.43,447.43,-0.01,54.12,24418.67,-1
2026-04-07,2026-04-07 14:11:00,447.43,447.43,447.38,447.38,-0.01,54.12,24418.67,-1
2026-04-07,2026-04-07 14:12:00,447.38,447.38,447.33,447.33,-0.01,54.12,24418.67,-1
2026-04-07,2026-04-07 14:13:00,447.33,447.33,447.28,447.28,-0.01,54.12,24418.67,-1
2026-04-07,2026-04-07 14:14:00,447.28,447.28,447.23,447.23,-0.01,54.12,24418.67,-1
2026-04-07,2026-04-07 14:15:00,447.23,447.23,447.18,447.18,-0.01,54.12,24418.67,-1
2026-04-07,2026-04-07 14:16:00,447.18,447.18,447.13,447.13,-0.01,54.12,24418.67,-1
2026-04-07,2026-04-07 14:17:00,447.13,447.13,447.08,447.08,-0.01,54.12,24418.67,-1
2026-04-07,2026-04-07 14:18:00,447.08,447.08,447.03,447.03,-0.01,54.12,24418.67,-1
2026-04-07,2026-04-07 14:19:00,447.03,447.03,446.98,446.98,-0.01,54.12,24418.67,-1
2026-04-07,2026-04-07 14:20:00,446.98,446.98,446.93,446.93,-0.01,54.12,24418.67,-1
2026-04-07,2026-04-07 14:21:00,446.93,446.93,446.88,446.88,-0.01,54.12,24418.67,-1
2026-04-07,2026-04-07 14:22:00,446.88,446.88,446.83,446.83,-0.01,54.12,24418.67,-1
2026-04-07,2026-04-07 14:23:00,446.83,446.83,446.78,446.78,-0.01,54.12,24418.67,-1
2026-04-07,2026-04-07 14:24:00,446.78,446.78,446.74,446.74,-0.01,54.12,24418.67,-1
2026-04-07,2026-04-07 14:25:00,446.74,446.74,446.69,446.69,-0.01,54.12,24418.67,-1
2026-04-07,2026-04-07 14:26:00,446.69,446.69,446.64,446.64,-0.01,54.12,24418.67,-1
2026-04-07,2026-04-07 14:27:00,446.64,446.64,446.59,446.59,-0.01,54.12,24418.67,-1
2026-04-07,2026-04-07 14:28:00,446.59,446.59,446.54,446.54,-0.01,54.12,24418.67,-1
2026-04-07,2026-04-07 14:29:00,446.54,446.54,446.49,446.49,-0.01,54.12,24418.67,-1
2026-04-07,2026-04-07 14:30:00,446.49,446.49,446.44,446.44,-0.01,54.12,24418.67,-1
2026-04-07,2026-04-07 14:31:00,446.44,446.44,446.39,446.39,-0.01,54.12,24418.67,-1
2026-04-07,2026-04-07 14:32:00,446.39,446.39,446.34,446.34,-0.01,54.12,24418.67,-1
2026-04-07,2026-04-07 14:33:00,446.34,446.34,446.29,446.29,-0.01,54.12,24418.67,-1
2026-04-07,2026-04-07 14:34:00,446.29,446.29,446.24,446.24,-0.01,54.12,24418.67,-1
2026-04-07,2026-04-07 14:35:00,446.24,446.24,446.19,446.19,-0.01,54.12,24418.67,-1
2026-04-07,2026-04-07 14:36:00,446.19,446.19,446.14,446.14,-0.01,54.12,24418.67,-1
2026-04-07,2026-04-07 14:37:00,446.14,446.14,446.09,446.09,-0.01,54.12,24418.67,-1
2026-04-07,2026-04-07 14:38:00,446.09,446.09,446.04,446.04,-0.01,54.12,24418.67,-1
2026-04-07,2026-04-07 14:39:00,446.04,446.04,445.99,445.99,-0.01,54.12,24418.67,-1
2026-04-07,2026-04-07 14:40:00,445.99,445.99,445.94,445.94,-0.01,54.12,24418.67,-1
2026-04-07,2026-04-07 14:41:00,445.94,445.94,445.89,445.89,-0.01,54.12,24418.67,-1
2026-04-07,2026-04-07 14:42:00,445.89,445.89,445.84,445.84,-0.01,54.12,24418.67,-1
2026-04-07,2026-04-07 14:43:00,445.84,445.84,445.79,445.79,-0.01,54.12,24418.67,-1
2026-04-07,2026-04-07 14:44:00,445.79,445.79,445.74,445.74,-0.01,54.12,24418.67,-1
2026-04-07,2026-04-07 14:45:00,445.74,445.74,445.69,445.69,-0.01,54.12,24418.67,-1
2026-04-07,2026-04-07 14:46:00,445.69,445.69,445.64,445.64,-0.01,54.12,24418.67,-1
2026-04-07,2026-04-07 14:47:00,445.64,445.64,445.6,445.6,-0.01,54.12,24418.67,-1
2026-04-07,2026-04-07 14:48:00,445.6,445.6,445.55,445.55,-0.01,54.12,24418.67,-1
2026-04-07,2026-04-07 14:49:00,445.55,445.55,445.5,445.5,-0.01,54.12,24418.67,-1
2026-04-07,2026-04-07 14:50:00,445.5,445.5,445.45,445.45,-0.01,54.12,24418.67,-1
2026-04-07,2026-04-07 14:51:00,445.45,445.45,445.4,445.4,-0.01,54.12,24418.67,-1
2026-04-07,2026-04-07 14:52:00,445.4,445.4,445.35,445.35,-0.01,54.12,24418.67,-1
2026-04-07,2026-04-07 14:53:00,445.35,445.35,445.3,445.3,-0.01,54.12,24418.67,-1
2026-04-07,2026-04-07 14:54:00,445.3,445.3,445.25,445.25,-0.01,54.12,24418.67,-1
2026-04-07,2026-04-07 14:55:00,445.25,445.25,445.2,445.2,-0.01,54.12,24418.67,-1
2026-04-07,2026-04-07 14:56:00,445.2,445.2,445.15,445.15,-0.01,54.12,24418.67,-1
2026-04-07,2026-04-07 14:57:00,445.15,445.15,445.1,445.1,-0.01,54.12,24418.67,-1
2026-04-07,2026-04-07 14:58:00,445.1,445.1,445.05,445.05,-0.01,54.12,24418.67,-1
2026-04-07,2026-04-07 14:59:00,445.05,445.05,445.0,445.0,-0.01,54.12,24418.67,-1
2026-04-07,2026-04-07 15:00:00,445.0,465.5,441.5,445.0,0.0,54.12,24418.67,0
2026-04-08,2026-04-08 11:00:00,446.0,448.1,445.85,446.0,0.0,38.1,17122.35,0
2026-04-08,2026-04-08 11:01:00,446.0,446.0,446.0,446.0,0.0,38.1,17122.35,0
2026-04-08,2026-04-08 11:02:00,446.0,446.01,446.0,446.01,0.0,38.1,17122.35,1
2026-04-08,2026-04-08 11:03:00,446.01,446.01,446.01,446.01,0.0,38.1,17122.35,0
2026-04-08,2026-04-08 11:04:00,446.01,446.01,446.01,446.01,0.0,38.1,17122.35,0
2026-04-08,2026-04-08 11:05:00,446.01,446.01,446.01,446.01,0.0,38.1,17122.35,0
2026-04-08,2026-04-08 11:06:00,446.01,446.02,446.01,446.02,0.0,38.1,17122.35,1
2026-04-08,2026-04-08 11:07:00,446.02,446.02,446.02,446.02,0.0,38.1,17122.35,0
2026-04-08,2026-04-08 11:08:00,446.02,446.02,446.02,446.02,0.0,38.1,17122.35,0
2026-04-08,2026-04-08 11:09:00,446.02,446.02,446.02,446.02,0.0,38.1,17122.35,0
2026-04-08,2026-04-08 11:10:00,446.02,446.03,446.02,446.03,0.0,38.1,17122.35,1
2026-04-08,2026-04-08 11:11:00,446.03,446.03,446.03,446.03,0.0,38.1,17122.35,0
2026-04-08,2026-04-08 11:12:00,446.03,446.03,446.03,446.03,0.0,38.1,17122.35,0
2026-04-08,2026-04-08 11:13:00,446.03,446.04,446.03,446.04,0.0,38.1,17122.35,1
2026-04-08,2026-04-08 11:14:00,446.04,446.04,446.04,446.04,0.0,38.1,17122.35,0
2026-04-08,2026-04-08 11:15:00,446.04,446.04,446.04,446.04,0.0,38.1,17122.35,0
2026-04-08,2026-04-08 11:16:00,446.04,446.04,446.04,446.04,0.0,38.1,17122.35,0
2026-04-08,2026-04-08 11:17:00,446.04,446.05,446.04,446.05,0.0,38.1,17122.35,1
2026-04-08,2026-04-08 11:18:00,446.05,446.05,446.05,446.05,0.0,38.1,17122.35,0
2026-04-08,2026-04-08 11:19:00,446.05,446.05,446.05,446.05,0.0,38.1,17122.35,0
2026-04-08,2026-04-08 11:20:00,446.05,446.05,446.05,446.05,0.0,38.1,17122.35,0
2026-04-08,2026-04-08 11:21:00,446.05,446.06,446.05,446.06,0.0,38.1,17122.35,1
2026-04-08,2026-04-08 11:22:00,446.06,446.06,446.06,446.06,0.0,38.1,17122.35,0
2026-04-08,2026-04-08 11:23:00,446.06,446.06,446.06,446.06,0.0,38.1,17122.35,0
2026-04-08,2026-04-08 11:24:00,446.06,446.06,446.06,446.06,0.0,38.1,17122.35,0
2026-04-08,2026-04-08 11:25:00,446.06,446.06,446.06,446.06,0.0,38.1,17122.35,0
2026-04-08,2026-04-08 11:26:00,446.06,446.07,446.06,446.07,0.0,38.1,17122.35,1
2026-04-08,2026-04-08 11:27:00,446.07,446.07,446.07,446.07,0.0,38.1,17122.35,0
2026-04-08,2026-04-08 11:28:00,446.07,446.07,446.07,446.07,0.0,38.1,17122.35,0
2026-04-08,2026-04-08 11:29:00,446.07,446.07,446.07,446.07,0.0,38.1,17122.35,0
2026-04-08,2026-04-08 11:30:00,446.07,446.08,446.07,446.08,0.0,38.1,17122.35,1
2026-04-08,2026-04-08 11:31:00,446.08,446.08,446.08,446.08,0.0,38.1,17122.35,0
2026-04-08,2026-04-08 11:32:00,446.08,446.08,446.08,446.08,0.0,38.1,17122.35,0
2026-04-08,2026-04-08 11:33:00,446.08,446.08,446.08,446.08,0.0,38.1,17122.35,0
2026-04-08,2026-04-08 11:34:00,446.08,446.09,446.08,446.09,0.0,38.1,17122.35,1
2026-04-08,2026-04-08 11:35:00,446.09,446.09,446.09,446.09,0.0,38.1,17122.35,0
2026-04-08,2026-04-08 11:36:00,446.09,446.09,446.09,446.09,0.0,38.1,17122.35,0
2026-04-08,2026-04-08 11:37:00,446.09,446.1,446.09,446.1,0.0,38.1,17122.35,1
2026-04-08,2026-04-08 11:38:00,446.1,446.1,446.1,446.1,0.0,38.1,17122.35,0
2026-04-08,2026-04-08 11:39:00,446.1,446.1,446.1,446.1,0.0,38.1,17122.35,0
2026-04-08,2026-04-08 11:40:00,446.1,446.1,446.1,446.1,0.0,38.1,17122.35,0
2026-04-08,2026-04-08 11:41:00,446.1,446.11,446.1,446.11,0.0,38.1,17122.35,1
2026-04-08,2026-04-08 11:42:00,446.11,446.11,446.11,446.11,0.0,38.1,17122.35,0
2026-04-08,2026-04-08 11:43:00,446.11,446.11,446.11,446.11,0.0,38.1,17122.35,0
2026-04-08,2026-04-08 11:44:00,446.11,446.11,446.11,446.11,0.0,38.1,17122.35,0
2026-04-08,2026-04-08 11:45:00,446.11,446.12,446.11,446.12,0.0,38.1,17122.35,1
2026-04-08,2026-04-08 11:46:00,446.12,446.12,446.12,446.12,0.0,38.1,17122.35,0
2026-04-08,2026-04-08 11:47:00,446.12,446.12,446.12,446.12,0.0,38.1,17122.35,0
2026-04-08,2026-04-08 11:48:00,446.12,446.12,446.12,446.12,0.0,38.1,17122.35,0
2026-04-08,2026-04-08 11:49:00,446.12,446.12,446.12,446.12,0.0,38.1,17122.35,0
2026-04-08,2026-04-08 11:50:00,446.12,446.13,446.12,446.13,0.0,38.1,17122.35,1
2026-04-08,2026-04-08 11:51:00,446.13,446.13,446.13,446.13,0.0,38.1,17122.35,0
2026-04-08,2026-04-08 11:52:00,446.13,446.13,446.13,446.13,0.0,38.1,17122.35,0
2026-04-08,2026-04-08 11:53:00,446.13,446.13,446.13,446.13,0.0,38.1,17122.35,0
2026-04-08,2026-04-08 11:54:00,446.13,446.14,446.13,446.14,0.0,38.1,17122.35,1
2026-04-08,2026-04-08 11:55:00,446.14,446.14,446.14,446.14,0.0,38.1,17122.35,0
2026-04-08,2026-04-08 11:56:00,446.14,446.14,446.14,446.14,0.0,38.1,17122.35,0
2026-04-08,2026-04-08 11:57:00,446.14,446.14,446.14,446.14,0.0,38.1,17122.35,0
2026-04-08,2026-04-08 11:58:00,446.14,446.15,446.14,446.15,0.0,38.1,17122.35,1
2026-04-08,2026-04-08 11:59:00,446.15,446.15,446.15,446.15,0.0,38.1,17122.35,0
2026-04-08,2026-04-08 12:00:00,446.15,446.15,446.15,446.15,0.0,38.1,17122.35,0
2026-04-08,2026-04-08 12:01:00,446.15,446.16,446.15,446.16,0.0,38.1,17122.35,1
2026-04-08,2026-04-08 12:02:00,446.16,446.16,446.16,446.16,0.0,38.1,17122.35,0
2026-04-08,2026-04-08 12:03:00,446.16,446.16,446.16,446.16,0.0,38.1,17122.35,0
2026-04-08,2026-04-08 12:04:00,446.16,446.16,446.16,446.16,0.0,38.1,17122.35,0
2026-04-08,2026-04-08 12:05:00,446.16,446.17,446.16,446.17,0.0,38.1,17122.35,1
2026-04-08,2026-04-08 12:06:00,446.17,446.17,446.17,446.17,0.0,38.1,17122.35,0
2026-04-08,2026-04-08 12:07:00,446.17,446.17,446.17,446.17,0.0,38.1,17122.35,0
2026-04-08,2026-04-08 12:08:00,446.17,446.17,446.17,446.17,0.0,38.1,17122.35,0
2026-04-08,2026-04-08 12:09:00,446.17,446.18,446.17,446.18,0.0,38.1,17122.35,1
2026-04-08,2026-04-08 12:10:00,446.18,446.18,446.18,446.18,0.0,38.1,17122.35,0
2026-04-08,2026-04-08 12:11:00,446.18,446.18,446.18,446.18,0.0,38.1,17122.35,0
2026-04-08,2026-04-08 12:12:00,446.18,446.18,446.18,446.18,0.0,38.1,17122.35,0
2026-04-08,2026-04-08 12:13:00,446.18,446.19,446.18,446.19,0.0,38.1,17122.35,1
2026-04-08,2026-04-08 12:14:00,446.19,446.19,446.19,446.19,0.0,38.1,17122.35,0
2026-04-08,2026-04-08 12:15:00,446.19,446.19,446.19,446.19,0.0,38.1,17122.35,0
2026-04-08,2026-04-08 12:16:00,446.19,446.19,446.19,446.19,0.0,38.1,17122.35,0
2026-04-08,2026-04-08 12:17:00,446.19,446.19,446.19,446.19,0.0,38.1,17122.35,0
2026-04-08,2026-04-08 12:18:00,446.19,446.2,446.19,446.2,0.0,38.1,17122.35,1
2026-04-08,2026-04-08 12:19:00,446.2,446.2,446.2,446.2,0.0,38.1,17122.35,0
2026-04-08,2026-04-08 12:20:00,446.2,446.2,446.2,446.2,0.0,38.1,17122.35,0
2026-04-08,2026-04-08 12:21:00,446.2,446.2,446.2,446.2,0.0,38.1,17122.35,0
2026-04-08,2026-04-08 12:22:00,446.2,446.21,446.2,446.21,0.0,38.1,17122.35,1
2026-04-08,2026-04-08 12:23:00,446.21,446.21,446.21,446.21,0.0,38.1,17122.35,0
2026-04-08,2026-04-08 12:24:00,446.21,446.21,446.21,446.21,0.0,38.1,17122.35,0
2026-04-08,2026-04-08 12:25:00,446.21,446.22,446.21,446.22,0.0,38.1,17122.35,1
2026-04-08,2026-04-08 12:26:00,446.22,446.22,446.22,446.22,0.0,38.1,17122.35,0
2026-04-08,2026-04-08 12:27:00,446.22,446.22,446.22,446.22,0.0,38.1,17122.35,0
2026-04-08,2026-04-08 12:28:00,446.22,446.22,446.22,446.22,0.0,38.1,17122.35,0
2026-04-08,2026-04-08 12:29:00,446.22,446.23,446.22,446.23,0.0,38.1,17122.35,1
2026-04-08,2026-04-08 12:30:00,446.23,446.23,446.23,446.23,0.0,38.1,17122.35,0
2026-04-08,2026-04-08 12:31:00,446.23,446.23,446.23,446.23,0.0,38.1,17122.35,0
2026-04-08,2026-04-08 12:32:00,446.23,446.23,446.23,446.23,0.0,38.1,17122.35,0
2026-04-08,2026-04-08 12:33:00,446.23,446.24,446.23,446.24,0.0,38.1,17122.35,1
2026-04-08,2026-04-08 12:34:00,446.24,446.24,446.24,446.24,0.0,38.1,17122.35,0
2026-04-08,2026-04-08 12:35:00,446.24,446.24,446.24,446.24,0.0,38.1,17122.35,0
2026-04-08,2026-04-08 12:36:00,446.24,446.24,446.24,446.24,0.0,38.1,17122.35,0
2026-04-08,2026-04-08 12:37:00,446.24,446.25,446.24,446.25,0.0,38.1,17122.35,1
2026-04-08,2026-04-08 12:38:00,446.25,446.25,446.25,446.25,0.0,38.1,17122.35,0
2026-04-08,2026-04-08 12:39:00,446.25,446.25,446.25,446.25,0.0,38.1,17122.35,0
2026-04-08,2026-04-08 12:40:00,446.25,446.25,446.25,446.25,0.0,38.1,17122.35,0
2026-04-08,2026-04-08 12:41:00,446.25,446.25,446.25,446.25,0.0,38.1,17122.35,0
2026-04-08,2026-04-08 12:42:00,446.25,446.26,446.25,446.26,0.0,38.1,17122.35,1
2026-04-08,2026-04-08 12:43:00,446.26,446.26,446.26,446.26,0.0,38.1,17122.35,0
2026-04-08,2026-04-08 12:44:00,446.26,446.26,446.26,446.26,0.0,38.1,17122.35,0
2026-04-08,2026-04-08 12:45:00,446.26,446.26,446.26,446.26,0.0,38.1,17122.35,0
2026-04-08,2026-04-08 12:46:00,446.26,446.27,446.26,446.27,0.0,38.1,17122.35,1
2026-04-08,2026-04-08 12:47:00,446.27,446.27,446.27,446.27,0.0,38.1,17122.35,0
2026-04-08,2026-04-08 12:48:00,446.27,446.27,446.27,446.27,0.0,38.1,17122.35,0
2026-04-08,2026-04-08 12:49:00,446.27,446.28,446.27,446.28,0.0,38.1,17122.35,1
2026-04-08,2026-04-08 12:50:00,446.28,446.28,446.28,446.28,0.0,38.1,17122.35,0
2026-04-08,2026-04-08 12:51:00,446.28,446.28,446.28,446.28,0.0,38.1,17122.35,0
2026-04-08,2026-04-08 12:52:00,446.28,446.28,446.28,446.28,0.0,38.1,17122.35,0
2026-04-08,2026-04-08 12:53:00,446.28,446.29,446.28,446.29,0.0,38.1,17122.35,1
2026-04-08,2026-04-08 12:54:00,446.29,446.29,446.29,446.29,0.0,38.1,17122.35,0
2026-04-08,2026-04-08 12:55:00,446.29,446.29,446.29,446.29,0.0,38.1,17122.35,0
2026-04-08,2026-04-08 12:56:00,446.29,446.29,446.29,446.29,0.0,38.1,17122.35,0
2026-04-08,2026-04-08 12:57:00,446.29,446.3,446.29,446.3,0.0,38.1,17122.35,1
2026-04-08,2026-04-08 12:58:00,446.3,446.3,446.3,446.3,0.0,38.1,17122.35,0
2026-04-08,2026-04-08 12:59:00,446.3,446.3,446.3,446.3,0.0,38.1,17122.35,0
2026-04-08,2026-04-08 13:00:00,446.3,453.0,445.5,446.3,0.0,38.1,17122.35,0
2026-04-08,2026-04-08 13:01:00,446.3,446.31,446.3,446.31,0.0,38.1,17122.35,1
2026-04-08,2026-04-08 13:02:00,446.31,446.31,446.31,446.31,0.0,38.1,17122.35,0
2026-04-08,2026-04-08 13:03:00,446.31,446.31,446.31,446.31,0.0,38.1,17122.35,0
2026-04-08,2026-04-08 13:04:00,446.31,446.31,446.31,446.31,0.0,38.1,17122.35,0
2026-04-08,2026-04-08 13:05:00,446.31,446.31,446.31,446.31,0.0,38.1,17122.35,0
2026-04-08,2026-04-08 13:06:00,446.31,446.32,446.31,446.32,0.0,38.1,17122.35,1
2026-04-08,2026-04-08 13:07:00,446.32,446.32,446.32,446.32,0.0,38.1,17122.35,0
2026-04-08,2026-04-08 13:08:00,446.32,446.32,446.32,446.32,0.0,38.1,17122.35,0
2026-04-08,2026-04-08 13:09:00,446.32,446.32,446.32,446.32,0.0,38.1,17122.35,0
2026-04-08,2026-04-08 13:10:00,446.32,446.33,446.32,446.33,0.0,38.1,17122.35,1
2026-04-08,2026-04-08 13:11:00,446.33,446.33,446.33,446.33,0.0,38.1,17122.35,0
2026-04-08,2026-04-08 13:12:00,446.33,446.33,446.33,446.33,0.0,38.1,17122.35,0
2026-04-08,2026-04-08 13:13:00,446.33,446.34,446.33,446.34,0.0,38.1,17122.35,1
2026-04-08,2026-04-08 13:14:00,446.34,446.34,446.34,446.34,0.0,38.1,17122.35,0
2026-04-08,2026-04-08 13:15:00,446.34,446.34,446.34,446.34,0.0,38.1,17122.35,0
2026-04-08,2026-04-08 13:16:00,446.34,446.34,446.34,446.34,0.0,38.1,17122.35,0
2026-04-08,2026-04-08 13:17:00,446.34,446.35,446.34,446.35,0.0,38.1,17122.35,1
2026-04-08,2026-04-08 13:18:00,446.35,446.35,446.35,446.35,0.0,38.1,17122.35,0
2026-04-08,2026-04-08 13:19:00,446.35,446.35,446.35,446.35,0.0,38.1,17122.35,0
2026-04-08,2026-04-08 13:20:00,446.35,446.35,446.35,446.35,0.0,38.1,17122.35,0
2026-04-08,2026-04-08 13:21:00,446.35,446.36,446.35,446.36,0.0,38.1,17122.35,1
2026-04-08,2026-04-08 13:22:00,446.36,446.36,446.36,446.36,0.0,38.1,17122.35,0
2026-04-08,2026-04-08 13:23:00,446.36,446.36,446.36,446.36,0.0,38.1,17122.35,0
2026-04-08,2026-04-08 13:24:00,446.36,446.36,446.36,446.36,0.0,38.1,17122.35,0
2026-04-08,2026-04-08 13:25:00,446.36,446.37,446.36,446.37,0.0,38.1,17122.35,1
2026-04-08,2026-04-08 13:26:00,446.37,446.37,446.37,446.37,0.0,38.1,17122.35,0
2026-04-08,2026-04-08 13:27:00,446.37,446.37,446.37,446.37,0.0,38.1,17122.35,0
2026-04-08,2026-04-08 13:28:00,446.37,446.37,446.37,446.37,0.0,38.1,17122.35,0
2026-04-08,2026-04-08 13:29:00,446.37,446.38,446.37,446.38,0.0,38.1,17122.35,1
2026-04-08,2026-04-08 13:30:00,446.38,446.38,446.38,446.38,0.0,38.1,17122.35,0
2026-04-08,2026-04-08 13:31:00,446.38,446.38,446.38,446.38,0.0,38.1,17122.35,0
2026-04-08,2026-04-08 13:32:00,446.38,446.38,446.38,446.38,0.0,38.1,17122.35,0
2026-04-08,2026-04-08 13:33:00,446.38,446.38,446.38,446.38,0.0,38.1,17122.35,0
2026-04-08,2026-04-08 13:34:00,446.38,446.39,446.38,446.39,0.0,38.1,17122.35,1
2026-04-08,2026-04-08 13:35:00,446.39,446.39,446.39,446.39,0.0,38.1,17122.35,0
2026-04-08,2026-04-08 13:36:00,446.39,446.39,446.39,446.39,0.0,38.1,17122.35,0
2026-04-08,2026-04-08 13:37:00,446.39,446.4,446.39,446.4,0.0,38.1,17122.35,1
2026-04-08,2026-04-08 13:38:00,446.4,446.4,446.4,446.4,0.0,38.1,17122.35,0
2026-04-08,2026-04-08 13:39:00,446.4,446.4,446.4,446.4,0.0,38.1,17122.35,0
2026-04-08,2026-04-08 13:40:00,446.4,446.4,446.4,446.4,0.0,38.1,17122.35,0
2026-04-08,2026-04-08 13:41:00,446.4,446.41,446.4,446.41,0.0,38.1,17122.35,1
2026-04-08,2026-04-08 13:42:00,446.41,446.41,446.41,446.41,0.0,38.1,17122.35,0
2026-04-08,2026-04-08 13:43:00,446.41,446.41,446.41,446.41,0.0,38.1,17122.35,0
2026-04-08,2026-04-08 13:44:00,446.41,446.41,446.41,446.41,0.0,38.1,17122.35,0
2026-04-08,2026-04-08 13:45:00,446.41,446.42,446.41,446.42,0.0,38.1,17122.35,1
2026-04-08,2026-04-08 13:46:00,446.42,446.42,446.42,446.42,0.0,38.1,17122.35,0
2026-04-08,2026-04-08 13:47:00,446.42,446.42,446.42,446.42,0.0,38.1,17122.35,0
2026-04-08,2026-04-08 13:48:00,446.42,446.42,446.42,446.42,0.0,38.1,17122.35,0
2026-04-08,2026-04-08 13:49:00,446.42,446.43,446.42,446.43,0.0,38.1,17122.35,1
2026-04-08,2026-04-08 13:50:00,446.43,446.43,446.43,446.43,0.0,38.1,17122.35,0
2026-04-08,2026-04-08 13:51:00,446.43,446.43,446.43,446.43,0.0,38.1,17122.35,0
2026-04-08,2026-04-08 13:52:00,446.43,446.43,446.43,446.43,0.0,38.1,17122.35,0
2026-04-08,2026-04-08 13:53:00,446.43,446.44,446.43,446.44,0.0,38.1,17122.35,1
2026-04-08,2026-04-08 13:54:00,446.44,446.44,446.44,446.44,0.0,38.1,17122.35,0
2026-04-08,2026-04-08 13:55:00,446.44,446.44,446.44,446.44,0.0,38.1,17122.35,0
2026-04-08,2026-04-08 13:56:00,446.44,446.44,446.44,446.44,0.0,38.1,17122.35,0
2026-04-08,2026-04-08 13:57:00,446.44,446.44,446.44,446.44,0.0,38.1,17122.35,0
2026-04-08,2026-04-08 13:58:00,446.44,446.45,446.44,446.45,0.0,38.1,17122.35,1
2026-04-08,2026-04-08 13:59:00,446.45,446.45,446.45,446.45,0.0,38.1,17122.35,0
2026-04-08,2026-04-08 14:00:00,446.45,446.45,446.45,446.45,0.0,38.1,17122.35,0
2026-04-08,2026-04-08 14:01:00,446.45,446.46,446.45,446.46,0.0,38.1,17122.35,1
2026-04-08,2026-04-08 14:02:00,446.46,446.46,446.46,446.46,0.0,38.1,17122.35,0
2026-04-08,2026-04-08 14:03:00,446.46,446.46,446.46,446.46,0.0,38.1,17122.35,0
2026-04-08,2026-04-08 14:04:00,446.46,446.46,446.46,446.46,0.0,38.1,17122.35,0
2026-04-08,2026-04-08 14:05:00,446.46,446.47,446.46,446.47,0.0,38.1,17122.35,1
2026-04-08,2026-04-08 14:06:00,446.47,446.47,446.47,446.47,0.0,38.1,17122.35,0
2026-04-08,2026-04-08 14:07:00,446.47,446.47,446.47,446.47,0.0,38.1,17122.35,0
2026-04-08,2026-04-08 14:08:00,446.47,446.47,446.47,446.47,0.0,38.1,17122.35,0
2026-04-08,2026-04-08 14:09:00,446.47,446.48,446.47,446.48,0.0,38.1,17122.35,1
2026-04-08,2026-04-08 14:10:00,446.48,446.48,446.48,446.48,0.0,38.1,17122.35,0
2026-04-08,2026-04-08 14:11:00,446.48,446.48,446.48,446.48,0.0,38.1,17122.35,0
2026-04-08,2026-04-08 14:12:00,446.48,446.48,446.48,446.48,0.0,38.1,17122.35,0
2026-04-08,2026-04-08 14:13:00,446.48,446.49,446.48,446.49,0.0,38.1,17122.35,1
2026-04-08,2026-04-08 14:14:00,446.49,446.49,446.49,446.49,0.0,38.1,17122.35,0
2026-04-08,2026-04-08 14:15:00,446.49,446.49,446.49,446.49,0.0,38.1,17122.35,0
2026-04-08,2026-04-08 14:16:00,446.49,446.49,446.49,446.49,0.0,38.1,17122.35,0
2026-04-08,2026-04-08 14:17:00,446.49,446.5,446.49,446.5,0.0,38.1,17122.35,1
2026-04-08,2026-04-08 14:18:00,446.5,446.5,446.5,446.5,0.0,38.1,17122.35,0
2026-04-08,2026-04-08 14:19:00,446.5,446.5,446.5,446.5,0.0,38.1,17122.35,0
2026-04-08,2026-04-08 14:20:00,446.5,446.5,446.5,446.5,0.0,38.1,17122.35,0
2026-04-08,2026-04-08 14:21:00,446.5,446.5,446.5,446.5,0.0,38.1,17122.35,0
2026-04-08,2026-04-08 14:22:00,446.5,446.51,446.5,446.51,0.0,38.1,17122.35,1
2026-04-08,2026-04-08 14:23:00,446.51,446.51,446.51,446.51,0.0,38.1,17122.35,0
2026-04-08,2026-04-08 14:24:00,446.51,446.51,446.51,446.51,0.0,38.1,17122.35,0
2026-04-08,2026-04-08 14:25:00,446.51,446.52,446.51,446.52,0.0,38.1,17122.35,1
2026-04-08,2026-04-08 14:26:00,446.52,446.52,446.52,446.52,0.0,38.1,17122.35,0
2026-04-08,2026-04-08 14:27:00,446.52,446.52,446.52,446.52,0.0,38.1,17122.35,0
2026-04-08,2026-04-08 14:28:00,446.52,446.52,446.52,446.52,0.0,38.1,17122.35,0
2026-04-08,2026-04-08 14:29:00,446.52,446.53,446.52,446.53,0.0,38.1,17122.35,1
2026-04-08,2026-04-08 14:30:00,446.53,446.53,446.53,446.53,0.0,38.1,17122.35,0
2026-04-08,2026-04-08 14:31:00,446.53,446.53,446.53,446.53,0.0,38.1,17122.35,0
2026-04-08,2026-04-08 14:32:00,446.53,446.53,446.53,446.53,0.0,38.1,17122.35,0
2026-04-08,2026-04-08 14:33:00,446.53,446.54,446.53,446.54,0.0,38.1,17122.35,1
2026-04-08,2026-04-08 14:34:00,446.54,446.54,446.54,446.54,0.0,38.1,17122.35,0
2026-04-08,2026-04-08 14:35:00,446.54,446.54,446.54,446.54,0.0,38.1,17122.35,0
2026-04-08,2026-04-08 14:36:00,446.54,446.54,446.54,446.54,0.0,38.1,17122.35,0
2026-04-08,2026-04-08 14:37:00,446.54,446.55,446.54,446.55,0.0,38.1,17122.35,1
2026-04-08,2026-04-08 14:38:00,446.55,446.55,446.55,446.55,0.0,38.1,17122.35,0
2026-04-08,2026-04-08 14:39:00,446.55,446.55,446.55,446.55,0.0,38.1,17122.35,0
2026-04-08,2026-04-08 14:40:00,446.55,446.55,446.55,446.55,0.0,38.1,17122.35,0
2026-04-08,2026-04-08 14:41:00,446.55,446.56,446.55,446.56,0.0,38.1,17122.35,1
2026-04-08,2026-04-08 14:42:00,446.56,446.56,446.56,446.56,0.0,38.1,17122.35,0
2026-04-08,2026-04-08 14:43:00,446.56,446.56,446.56,446.56,0.0,38.1,17122.35,0
2026-04-08,2026-04-08 14:44:00,446.56,446.56,446.56,446.56,0.0,38.1,17122.35,0
2026-04-08,2026-04-08 14:45:00,446.56,446.56,446.56,446.56,0.0,38.1,17122.35,0
2026-04-08,2026-04-08 14:46:00,446.56,446.57,446.56,446.57,0.0,38.1,17122.35,1
2026-04-08,2026-04-08 14:47:00,446.57,446.57,446.57,446.57,0.0,38.1,17122.35,0
2026-04-08,2026-04-08 14:48:00,446.57,446.57,446.57,446.57,0.0,38.1,17122.35,0
2026-04-08,2026-04-08 14:49:00,446.57,446.58,446.57,446.58,0.0,38.1,17122.35,1
2026-04-08,2026-04-08 14:50:00,446.58,446.58,446.58,446.58,0.0,38.1,17122.35,0
2026-04-08,2026-04-08 14:51:00,446.58,446.58,446.58,446.58,0.0,38.1,17122.35,0
2026-04-08,2026-04-08 14:52:00,446.58,446.58,446.58,446.58,0.0,38.1,17122.35,0
2026-04-08,2026-04-08 14:53:00,446.58,446.59,446.58,446.59,0.0,38.1,17122.35,1
2026-04-08,2026-04-08 14:54:00,446.59,446.59,446.59,446.59,0.0,38.1,17122.35,0
2026-04-08,2026-04-08 14:55:00,446.59,446.59,446.59,446.59,0.0,38.1,17122.35,0
2026-04-08,2026-04-08 14:56:00,446.59,446.59,446.59,446.59,0.0,38.1,17122.35,0
2026-04-08,2026-04-08 14:57:00,446.59,446.6,446.59,446.6,0.0,38.1,17122.35,1
2026-04-08,2026-04-08 14:58:00,446.6,446.6,446.6,446.6,0.0,38.1,17122.35,0
2026-04-08,2026-04-08 14:59:00,446.6,446.6,446.6,446.6,0.0,38.1,17122.35,0
2026-04-08,2026-04-08 15:00:00,446.6,453.0,445.5,446.6,0.0,38.1,17122.35,0
2026-04-09,2026-04-09 11:00:00,455.0,455.0,452.3,455.0,0.0,36.22,16312.47,0
2026-04-09,2026-04-09 11:01:00,455.0,455.0,455.0,455.0,0.0,36.22,16312.47,0
2026-04-09,2026-04-09 11:02:00,455.0,455.0,455.0,455.0,0.0,36.22,16312.47,0
2026-04-09,2026-04-09 11:03:00,455.0,455.0,455.0,455.0,0.0,36.22,16312.47,0
2026-04-09,2026-04-09 11:04:00,455.0,455.0,454.99,454.99,-0.0,36.22,16312.47,-1
2026-04-09,2026-04-09 11:05:00,454.99,454.99,454.99,454.99,0.0,36.22,16312.47,0
2026-04-09,2026-04-09 11:06:00,454.99,454.99,454.99,454.99,0.0,36.22,16312.47,0
2026-04-09,2026-04-09 11:07:00,454.99,454.99,454.99,454.99,0.0,36.22,16312.47,0
2026-04-09,2026-04-09 11:08:00,454.99,454.99,454.99,454.99,0.0,36.22,16312.47,0
2026-04-09,2026-04-09 11:09:00,454.99,454.99,454.99,454.99,0.0,36.22,16312.47,0
2026-04-09,2026-04-09 11:10:00,454.99,454.99,454.99,454.99,0.0,36.22,16312.47,0
2026-04-09,2026-04-09 11:11:00,454.99,454.99,454.99,454.99,0.0,36.22,16312.47,0
2026-04-09,2026-04-09 11:12:00,454.99,454.99,454.98,454.98,-0.0,36.22,16312.47,-1
2026-04-09,2026-04-09 11:13:00,454.98,454.98,454.98,454.98,0.0,36.22,16312.47,0
2026-04-09,2026-04-09 11:14:00,454.98,454.98,454.98,454.98,0.0,36.22,16312.47,0
2026-04-09,2026-04-09 11:15:00,454.98,454.98,454.98,454.98,0.0,36.22,16312.47,0
2026-04-09,2026-04-09 11:16:00,454.98,454.98,454.98,454.98,0.0,36.22,16312.47,0
2026-04-09,2026-04-09 11:17:00,454.98,454.98,454.98,454.98,0.0,36.22,16312.47,0
2026-04-09,2026-04-09 11:18:00,454.98,454.98,454.98,454.98,0.0,36.22,16312.47,0
2026-04-09,2026-04-09 11:19:00,454.98,454.98,454.98,454.98,0.0,36.22,16312.47,0
2026-04-09,2026-04-09 11:20:00,454.98,454.98,454.97,454.97,-0.0,36.22,16312.47,-1
2026-04-09,2026-04-09 11:21:00,454.97,454.97,454.97,454.97,0.0,36.22,16312.47,0
2026-04-09,2026-04-09 11:22:00,454.97,454.97,454.97,454.97,0.0,36.22,16312.47,0
2026-04-09,2026-04-09 11:23:00,454.97,454.97,454.97,454.97,0.0,36.22,16312.47,0
2026-04-09,2026-04-09 11:24:00,454.97,454.97,454.97,454.97,0.0,36.22,16312.47,0
2026-04-09,2026-04-09 11:25:00,454.97,454.97,454.97,454.97,0.0,36.22,16312.47,0
2026-04-09,2026-04-09 11:26:00,454.97,454.97,454.97,454.97,0.0,36.22,16312.47,0
2026-04-09,2026-04-09 11:27:00,454.97,454.97,454.96,454.96,-0.0,36.22,16312.47,-1
2026-04-09,2026-04-09 11:28:00,454.96,454.96,454.96,454.96,0.0,36.22,16312.47,0
2026-04-09,2026-04-09 11:29:00,454.96,454.96,454.96,454.96,0.0,36.22,16312.47,0
2026-04-09,2026-04-09 11:30:00,454.96,454.96,454.96,454.96,0.0,36.22,16312.47,0
2026-04-09,2026-04-09 11:31:00,454.96,454.96,454.96,454.96,0.0,36.22,16312.47,0
2026-04-09,2026-04-09 11:32:00,454.96,454.96,454.96,454.96,0.0,36.22,16312.47,0
2026-04-09,2026-04-09 11:33:00,454.96,454.96,454.96,454.96,0.0,36.22,16312.47,0
2026-04-09,2026-04-09 11:34:00,454.96,454.96,454.96,454.96,0.0,36.22,16312.47,0
2026-04-09,2026-04-09 11:35:00,454.96,454.96,454.95,454.95,-0.0,36.22,16312.47,-1
2026-04-09,2026-04-09 11:36:00,454.95,454.95,454.95,454.95,0.0,36.22,16312.47,0
2026-04-09,2026-04-09 11:37:00,454.95,454.95,454.95,454.95,0.0,36.22,16312.47,0
2026-04-09,2026-04-09 11:38:00,454.95,454.95,454.95,454.95,0.0,36.22,16312.47,0
2026-04-09,2026-04-09 11:39:00,454.95,454.95,454.95,454.95,0.0,36.22,16312.47,0
2026-04-09,2026-04-09 11:40:00,454.95,454.95,454.95,454.95,0.0,36.22,16312.47,0
2026-04-09,2026-04-09 11:41:00,454.95,454.95,454.95,454.95,0.0,36.22,16312.47,0
2026-04-09,2026-04-09 11:42:00,454.95,454.95,454.95,454.95,0.0,36.22,16312.47,0
2026-04-09,2026-04-09 11:43:00,454.95,454.95,454.94,454.94,-0.0,36.22,16312.47,-1
2026-04-09,2026-04-09 11:44:00,454.94,454.94,454.94,454.94,0.0,36.22,16312.47,0
2026-04-09,2026-04-09 11:45:00,454.94,454.94,454.94,454.94,0.0,36.22,16312.47,0
2026-04-09,2026-04-09 11:46:00,454.94,454.94,454.94,454.94,0.0,36.22,16312.47,0
2026-04-09,2026-04-09 11:47:00,454.94,454.94,454.94,454.94,0.0,36.22,16312.47,0
2026-04-09,2026-04-09 11:48:00,454.94,454.94,454.94,454.94,0.0,36.22,16312.47,0
2026-04-09,2026-04-09 11:49:00,454.94,454.94,454.94,454.94,0.0,36.22,16312.47,0
2026-04-09,2026-04-09 11:50:00,454.94,454.94,454.94,454.94,0.0,36.22,16312.47,0
2026-04-09,2026-04-09 11:51:00,454.94,454.94,454.94,454.94,0.0,36.22,16312.47,0
2026-04-09,2026-04-09 11:52:00,454.94,454.94,454.93,454.93,-0.0,36.22,16312.47,-1
2026-04-09,2026-04-09 11:53:00,454.93,454.93,454.93,454.93,0.0,36.22,16312.47,0
2026-04-09,2026-04-09 11:54:00,454.93,454.93,454.93,454.93,0.0,36.22,16312.47,0
2026-04-09,2026-04-09 11:55:00,454.93,454.93,454.93,454.93,0.0,36.22,16312.47,0
2026-04-09,2026-04-09 11:56:00,454.93,454.93,454.93,454.93,0.0,36.22,16312.47,0
2026-04-09,2026-04-09 11:57:00,454.93,454.93,454.93,454.93,0.0,36.22,16312.47,0
2026-04-09,2026-04-09 11:58:00,454.93,454.93,454.93,454.93,0.0,36.22,16312.47,0
2026-04-09,2026-04-09 11:59:00,454.93,454.93,454.93,454.93,0.0,36.22,16312.47,0
2026-04-09,2026-04-09 12:00:00,454.93,454.93,454.92,454.92,-0.0,36.22,16312.47,-1
2026-04-09,2026-04-09 12:01:00,454.92,454.92,454.92,454.92,0.0,36.22,16312.47,0
2026-04-09,2026-04-09 12:02:00,454.92,454.92,454.92,454.92,0.0,36.22,16312.47,0
2026-04-09,2026-04-09 12:03:00,454.92,454.92,454.92,454.92,0.0,36.22,16312.47,0
2026-04-09,2026-04-09 12:04:00,454.92,454.92,454.92,454.92,0.0,36.22,16312.47,0
2026-04-09,2026-04-09 12:05:00,454.92,454.92,454.92,454.92,0.0,36.22,16312.47,0
2026-04-09,2026-04-09 12:06:00,454.92,454.92,454.92,454.92,0.0,36.22,16312.47,0
2026-04-09,2026-04-09 12:07:00,454.92,454.92,454.92,454.92,0.0,36.22,16312.47,0
2026-04-09,2026-04-09 12:08:00,454.92,454.92,454.91,454.91,-0.0,36.22,16312.47,-1
2026-04-09,2026-04-09 12:09:00,454.91,454.91,454.91,454.91,0.0,36.22,16312.47,0
2026-04-09,2026-04-09 12:10:00,454.91,454.91,454.91,454.91,0.0,36.22,16312.47,0
2026-04-09,2026-04-09 12:11:00,454.91,454.91,454.91,454.91,0.0,36.22,16312.47,0
2026-04-09,2026-04-09 12:12:00,454.91,454.91,454.91,454.91,0.0,36.22,16312.47,0
2026-04-09,2026-04-09 12:13:00,454.91,454.91,454.91,454.91,0.0,36.22,16312.47,0
2026-04-09,2026-04-09 12:14:00,454.91,454.91,454.91,454.91,0.0,36.22,16312.47,0
2026-04-09,2026-04-09 12:15:00,454.91,454.91,454.9,454.9,-0.0,36.22,16312.47,-1
2026-04-09,2026-04-09 12:16:00,454.9,454.9,454.9,454.9,0.0,36.22,16312.47,0
2026-04-09,2026-04-09 12:17:00,454.9,454.9,454.9,454.9,0.0,36.22,16312.47,0
2026-04-09,2026-04-09 12:18:00,454.9,454.9,454.9,454.9,0.0,36.22,16312.47,0
2026-04-09,2026-04-09 12:19:00,454.9,454.9,454.9,454.9,0.0,36.22,16312.47,0
2026-04-09,2026-04-09 12:20:00,454.9,454.9,454.9,454.9,0.0,36.22,16312.47,0
2026-04-09,2026-04-09 12:21:00,454.9,454.9,454.9,454.9,0.0,36.22,16312.47,0
2026-04-09,2026-04-09 12:22:00,454.9,454.9,454.9,454.9,0.0,36.22,16312.47,0
2026-04-09,2026-04-09 12:23:00,454.9,454.9,454.89,454.89,-0.0,36.22,16312.47,-1
2026-04-09,2026-04-09 12:24:00,454.89,454.89,454.89,454.89,0.0,36.22,16312.47,0
2026-04-09,2026-04-09 12:25:00,454.89,454.89,454.89,454.89,0.0,36.22,16312.47,0
2026-04-09,2026-04-09 12:26:00,454.89,454.89,454.89,454.89,0.0,36.22,16312.47,0
2026-04-09,2026-04-09 12:27:00,454.89,454.89,454.89,454.89,0.0,36.22,16312.47,0
2026-04-09,2026-04-09 12:28:00,454.89,454.89,454.89,454.89,0.0,36.22,16312.47,0
2026-04-09,2026-04-09 12:29:00,454.89,454.89,454.89,454.89,0.0,36.22,16312.47,0
2026-04-09,2026-04-09 12:30:00,454.89,454.89,454.89,454.89,0.0,36.22,16312.47,0
2026-04-09,2026-04-09 12:31:00,454.89,454.89,454.88,454.88,-0.0,36.22,16312.47,-1
2026-04-09,2026-04-09 12:32:00,454.88,454.88,454.88,454.88,0.0,36.22,16312.47,0
2026-04-09,2026-04-09 12:33:00,454.88,454.88,454.88,454.88,0.0,36.22,16312.47,0
2026-04-09,2026-04-09 12:34:00,454.88,454.88,454.88,454.88,0.0,36.22,16312.47,0
2026-04-09,2026-04-09 12:35:00,454.88,454.88,454.88,454.88,0.0,36.22,16312.47,0
2026-04-09,2026-04-09 12:36:00,454.88,454.88,454.88,454.88,0.0,36.22,16312.47,0
2026-04-09,2026-04-09 12:37:00,454.88,454.88,454.88,454.88,0.0,36.22,16312.47,0
2026-04-09,2026-04-09 12:38:00,454.88,454.88,454.88,454.88,0.0,36.22,16312.47,0
2026-04-09,2026-04-09 12:39:00,454.88,454.88,454.88,454.88,0.0,36.22,16312.47,0
2026-04-09,2026-04-09 12:40:00,454.88,454.88,454.87,454.87,-0.0,36.22,16312.47,-1
2026-04-09,2026-04-09 12:41:00,454.87,454.87,454.87,454.87,0.0,36.22,16312.47,0
2026-04-09,2026-04-09 12:42:00,454.87,454.87,454.87,454.87,0.0,36.22,16312.47,0
2026-04-09,2026-04-09 12:43:00,454.87,454.87,454.87,454.87,0.0,36.22,16312.47,0
2026-04-09,2026-04-09 12:44:00,454.87,454.87,454.87,454.87,0.0,36.22,16312.47,0
2026-04-09,2026-04-09 12:45:00,454.87,454.87,454.87,454.87,0.0,36.22,16312.47,0
2026-04-09,2026-04-09 12:46:00,454.87,454.87,454.87,454.87,0.0,36.22,16312.47,0
2026-04-09,2026-04-09 12:47:00,454.87,454.87,454.87,454.87,0.0,36.22,16312.47,0
2026-04-09,2026-04-09 12:48:00,454.87,454.87,454.86,454.86,-0.0,36.22,16312.47,-1
2026-04-09,2026-04-09 12:49:00,454.86,454.86,454.86,454.86,0.0,36.22,16312.47,0
2026-04-09,2026-04-09 12:50:00,454.86,454.86,454.86,454.86,0.0,36.22,16312.47,0
2026-04-09,2026-04-09 12:51:00,454.86,454.86,454.86,454.86,0.0,36.22,16312.47,0
2026-04-09,2026-04-09 12:52:00,454.86,454.86,454.86,454.86,0.0,36.22,16312.47,0
2026-04-09,2026-04-09 12:53:00,454.86,454.86,454.86,454.86,0.0,36.22,16312.47,0
2026-04-09,2026-04-09 12:54:00,454.86,454.86,454.86,454.86,0.0,36.22,16312.47,0
2026-04-09,2026-04-09 12:55:00,454.86,454.86,454.86,454.86,0.0,36.22,16312.47,0
2026-04-09,2026-04-09 12:56:00,454.86,454.86,454.85,454.85,-0.0,36.22,16312.47,-1
2026-04-09,2026-04-09 12:57:00,454.85,454.85,454.85,454.85,0.0,36.22,16312.47,0
2026-04-09,2026-04-09 12:58:00,454.85,454.85,454.85,454.85,0.0,36.22,16312.47,0
2026-04-09,2026-04-09 12:59:00,454.85,454.85,454.85,454.85,0.0,36.22,16312.47,0
2026-04-09,2026-04-09 13:00:00,454.85,455.0,446.0,454.85,0.0,36.22,16312.47,0
2026-04-09,2026-04-09 13:01:00,454.85,454.85,454.85,454.85,0.0,36.22,16312.47,0
2026-04-09,2026-04-09 13:02:00,454.85,454.85,454.85,454.85,0.0,36.22,16312.47,0
2026-04-09,2026-04-09 13:03:00,454.85,454.85,454.84,454.84,-0.0,36.22,16312.47,-1
2026-04-09,2026-04-09 13:04:00,454.84,454.84,454.84,454.84,0.0,36.22,16312.47,0
2026-04-09,2026-04-09 13:05:00,454.84,454.84,454.84,454.84,0.0,36.22,16312.47,0
2026-04-09,2026-04-09 13:06:00,454.84,454.84,454.84,454.84,0.0,36.22,16312.47,0
2026-04-09,2026-04-09 13:07:00,454.84,454.84,454.84,454.84,0.0,36.22,16312.47,0
2026-04-09,2026-04-09 13:08:00,454.84,454.84,454.84,454.84,0.0,36.22,16312.47,0
2026-04-09,2026-04-09 13:09:00,454.84,454.84,454.84,454.84,0.0,36.22,16312.47,0
2026-04-09,2026-04-09 13:10:00,454.84,454.84,454.84,454.84,0.0,36.22,16312.47,0
2026-04-09,2026-04-09 13:11:00,454.84,454.84,454.83,454.83,-0.0,36.22,16312.47,-1
2026-04-09,2026-04-09 13:12:00,454.83,454.83,454.83,454.83,0.0,36.22,16312.47,0
2026-04-09,2026-04-09 13:13:00,454.83,454.83,454.83,454.83,0.0,36.22,16312.47,0
2026-04-09,2026-04-09 13:14:00,454.83,454.83,454.83,454.83,0.0,36.22,16312.47,0
2026-04-09,2026-04-09 13:15:00,454.83,454.83,454.83,454.83,0.0,36.22,16312.47,0
2026-04-09,2026-04-09 13:16:00,454.83,454.83,454.83,454.83,0.0,36.22,16312.47,0
2026-04-09,2026-04-09 13:17:00,454.83,454.83,454.83,454.83,0.0,36.22,16312.47,0
2026-04-09,2026-04-09 13:18:00,454.83,454.83,454.83,454.83,0.0,36.22,16312.47,0
2026-04-09,2026-04-09 13:19:00,454.83,454.83,454.82,454.82,-0.0,36.22,16312.47,-1
2026-04-09,2026-04-09 13:20:00,454.82,454.82,454.82,454.82,0.0,36.22,16312.47,0
2026-04-09,2026-04-09 13:21:00,454.82,454.82,454.82,454.82,0.0,36.22,16312.47,0
2026-04-09,2026-04-09 13:22:00,454.82,454.82,454.82,454.82,0.0,36.22,16312.47,0
2026-04-09,2026-04-09 13:23:00,454.82,454.82,454.82,454.82,0.0,36.22,16312.47,0
2026-04-09,2026-04-09 13:24:00,454.82,454.82,454.82,454.82,0.0,36.22,16312.47,0
2026-04-09,2026-04-09 13:25:00,454.82,454.82,454.82,454.82,0.0,36.22,16312.47,0
2026-04-09,2026-04-09 13:26:00,454.82,454.82,454.82,454.82,0.0,36.22,16312.47,0
2026-04-09,2026-04-09 13:27:00,454.82,454.82,454.81,454.81,-0.0,36.22,16312.47,-1
2026-04-09,2026-04-09 13:28:00,454.81,454.81,454.81,454.81,0.0,36.22,16312.47,0
2026-04-09,2026-04-09 13:29:00,454.81,454.81,454.81,454.81,0.0,36.22,16312.47,0
2026-04-09,2026-04-09 13:30:00,454.81,454.81,454.81,454.81,0.0,36.22,16312.47,0
2026-04-09,2026-04-09 13:31:00,454.81,454.81,454.81,454.81,0.0,36.22,16312.47,0
2026-04-09,2026-04-09 13:32:00,454.81,454.81,454.81,454.81,0.0,36.22,16312.47,0
2026-04-09,2026-04-09 13:33:00,454.81,454.81,454.81,454.81,0.0,36.22,16312.47,0
2026-04-09,2026-04-09 13:34:00,454.81,454.81,454.81,454.81,0.0,36.22,16312.47,0
2026-04-09,2026-04-09 13:35:00,454.81,454.81,454.81,454.81,0.0,36.22,16312.47,0
2026-04-09,2026-04-09 13:36:00,454.81,454.81,454.8,454.8,-0.0,36.22,16312.47,-1
2026-04-09,2026-04-09 13:37:00,454.8,454.8,454.8,454.8,0.0,36.22,16312.47,0
2026-04-09,2026-04-09 13:38:00,454.8,454.8,454.8,454.8,0.0,36.22,16312.47,0
2026-04-09,2026-04-09 13:39:00,454.8,454.8,454.8,454.8,0.0,36.22,16312.47,0
2026-04-09,2026-04-09 13:40:00,454.8,454.8,454.8,454.8,0.0,36.22,16312.47,0
2026-04-09,2026-04-09 13:41:00,454.8,454.8,454.8,454.8,0.0,36.22,16312.47,0
2026-04-09,2026-04-09 13:42:00,454.8,454.8,454.8,454.8,0.0,36.22,16312.47,0
2026-04-09,2026-04-09 13:43:00,454.8,454.8,454.8,454.8,0.0,36.22,16312.47,0
2026-04-09,2026-04-09 13:44:00,454.8,454.8,454.79,454.79,-0.0,36.22,16312.47,-1
2026-04-09,2026-04-09 13:45:00,454.79,454.79,454.79,454.79,0.0,36.22,16312.47,0
2026-04-09,2026-04-09 13:46:00,454.79,454.79,454.79,454.79,0.0,36.22,16312.47,0
2026-04-09,2026-04-09 13:47:00,454.79,454.79,454.79,454.79,0.0,36.22,16312.47,0
2026-04-09,2026-04-09 13:48:00,454.79,454.79,454.79,454.79,0.0,36.22,16312.47,0
2026-04-09,2026-04-09 13:49:00,454.79,454.79,454.79,454.79,0.0,36.22,16312.47,0
2026-04-09,2026-04-09 13:50:00,454.79,454.79,454.79,454.79,0.0,36.22,16312.47,0
2026-04-09,2026-04-09 13:51:00,454.79,454.79,454.78,454.78,-0.0,36.22,16312.47,-1
2026-04-09,2026-04-09 13:52:00,454.78,454.78,454.78,454.78,0.0,36.22,16312.47,0
2026-04-09,2026-04-09 13:53:00,454.78,454.78,454.78,454.78,0.0,36.22,16312.47,0
2026-04-09,2026-04-09 13:54:00,454.78,454.78,454.78,454.78,0.0,36.22,16312.47,0
2026-04-09,2026-04-09 13:55:00,454.78,454.78,454.78,454.78,0.0,36.22,16312.47,0
2026-04-09,2026-04-09 13:56:00,454.78,454.78,454.78,454.78,0.0,36.22,16312.47,0
2026-04-09,2026-04-09 13:57:00,454.78,454.78,454.78,454.78,0.0,36.22,16312.47,0
2026-04-09,2026-04-09 13:58:00,454.78,454.78,454.78,454.78,0.0,36.22,16312.47,0
2026-04-09,2026-04-09 13:59:00,454.78,454.78,454.77,454.77,-0.0,36.22,16312.47,-1
2026-04-09,2026-04-09 14:00:00,454.77,454.77,454.77,454.77,0.0,36.22,16312.47,0
2026-04-09,2026-04-09 14:01:00,454.77,454.77,454.77,454.77,0.0,36.22,16312.47,0
2026-04-09,2026-04-09 14:02:00,454.77,454.77,454.77,454.77,0.0,36.22,16312.47,0
2026-04-09,2026-04-09 14:03:00,454.77,454.77,454.77,454.77,0.0,36.22,16312.47,0
2026-04-09,2026-04-09 14:04:00,454.77,454.77,454.77,454.77,0.0,36.22,16312.47,0
2026-04-09,2026-04-09 14:05:00,454.77,454.77,454.77,454.77,0.0,36.22,16312.47,0
2026-04-09,2026-04-09 14:06:00,454.77,454.77,454.77,454.77,0.0,36.22,16312.47,0
2026-04-09,2026-04-09 14:07:00,454.77,454.77,454.76,454.76,-0.0,36.22,16312.47,-1
2026-04-09,2026-04-09 14:08:00,454.76,454.76,454.76,454.76,0.0,36.22,16312.47,0
2026-04-09,2026-04-09 14:09:00,454.76,454.76,454.76,454.76,0.0,36.22,16312.47,0
2026-04-09,2026-04-09 14:10:00,454.76,454.76,454.76,454.76,0.0,36.22,16312.47,0
2026-04-09,2026-04-09 14:11:00,454.76,454.76,454.76,454.76,0.0,36.22,16312.47,0
2026-04-09,2026-04-09 14:12:00,454.76,454.76,454.76,454.76,0.0,36.22,16312.47,0
2026-04-09,2026-04-09 14:13:00,454.76,454.76,454.76,454.76,0.0,36.22,16312.47,0
2026-04-09,2026-04-09 14:14:00,454.76,454.76,454.76,454.76,0.0,36.22,16312.47,0
2026-04-09,2026-04-09 14:15:00,454.76,454.76,454.75,454.75,-0.0,36.22,16312.47,-1
2026-04-09,2026-04-09 14:16:00,454.75,454.75,454.75,454.75,0.0,36.22,16312.47,0
2026-04-09,2026-04-09 14:17:00,454.75,454.75,454.75,454.75,0.0,36.22,16312.47,0
2026-04-09,2026-04-09 14:18:00,454.75,454.75,454.75,454.75,0.0,36.22,16312.47,0
2026-04-09,2026-04-09 14:19:00,454.75,454.75,454.75,454.75,0.0,36.22,16312.47,0
2026-04-09,2026-04-09 14:20:00,454.75,454.75,454.75,454.75,0.0,36.22,16312.47,0
2026-04-09,2026-04-09 14:21:00,454.75,454.75,454.75,454.75,0.0,36.22,16312.47,0
2026-04-09,2026-04-09 14:22:00,454.75,454.75,454.75,454.75,0.0,36.22,16312.47,0
2026-04-09,2026-04-09 14:23:00,454.75,454.75,454.75,454.75,0.0,36.22,16312.47,0
2026-04-09,2026-04-09 14:24:00,454.75,454.75,454.74,454.74,-0.0,36.22,16312.47,-1
2026-04-09,2026-04-09 14:25:00,454.74,454.74,454.74,454.74,0.0,36.22,16312.47,0
2026-04-09,2026-04-09 14:26:00,454.74,454.74,454.74,454.74,0.0,36.22,16312.47,0
2026-04-09,2026-04-09 14:27:00,454.74,454.74,454.74,454.74,0.0,36.22,16312.47,0
2026-04-09,2026-04-09 14:28:00,454.74,454.74,454.74,454.74,0.0,36.22,16312.47,0
2026-04-09,2026-04-09 14:29:00,454.74,454.74,454.74,454.74,0.0,36.22,16312.47,0
2026-04-09,2026-04-09 14:30:00,454.74,454.74,454.74,454.74,0.0,36.22,16312.47,0
2026-04-09,2026-04-09 14:31:00,454.74,454.74,454.74,454.74,0.0,36.22,16312.47,0
2026-04-09,2026-04-09 14:32:00,454.74,454.74,454.73,454.73,-0.0,36.22,16312.47,-1
2026-04-09,2026-04-09 14:33:00,454.73,454.73,454.73,454.73,0.0,36.22,16312.47,0
2026-04-09,2026-04-09 14:34:00,454.73,454.73,454.73,454.73,0.0,36.22,16312.47,0
2026-04-09,2026-04-09 14:35:00,454.73,454.73,454.73,454.73,0.0,36.22,16312.47,0
2026-04-09,2026-04-09 14:36:00,454.73,454.73,454.73,454.73,0.0,36.22,16312.47,0
2026-04-09,2026-04-09 14:37:00,454.73,454.73,454.73,454.73,0.0,36.22,16312.47,0
2026-04-09,2026-04-09 14:38:00,454.73,454.73,454.73,454.73,0.0,36.22,16312.47,0
2026-04-09,2026-04-09 14:39:00,454.73,454.73,454.72,454.72,-0.0,36.22,16312.47,-1
2026-04-09,2026-04-09 14:40:00,454.72,454.72,454.72,454.72,0.0,36.22,16312.47,0
2026-04-09,2026-04-09 14:41:00,454.72,454.72,454.72,454.72,0.0,36.22,16312.47,0
2026-04-09,2026-04-09 14:42:00,454.72,454.72,454.72,454.72,0.0,36.22,16312.47,0
2026-04-09,2026-04-09 14:43:00,454.72,454.72,454.72,454.72,0.0,36.22,16312.47,0
2026-04-09,2026-04-09 14:44:00,454.72,454.72,454.72,454.72,0.0,36.22,16312.47,0
2026-04-09,2026-04-09 14:45:00,454.72,454.72,454.72,454.72,0.0,36.22,16312.47,0
2026-04-09,2026-04-09 14:46:00,454.72,454.72,454.72,454.72,0.0,36.22,16312.47,0
2026-04-09,2026-04-09 14:47:00,454.72,454.72,454.71,454.71,-0.0,36.22,16312.47,-1
2026-04-09,2026-04-09 14:48:00,454.71,454.71,454.71,454.71,0.0,36.22,16312.47,0
2026-04-09,2026-04-09 14:49:00,454.71,454.71,454.71,454.71,0.0,36.22,16312.47,0
2026-04-09,2026-04-09 14:50:00,454.71,454.71,454.71,454.71,0.0,36.22,16312.47,0
2026-04-09,2026-04-09 14:51:00,454.71,454.71,454.71,454.71,0.0,36.22,16312.47,0
2026-04-09,2026-04-09 14:52:00,454.71,454.71,454.71,454.71,0.0,36.22,16312.47,0
2026-04-09,2026-04-09 14:53:00,454.71,454.71,454.71,454.71,0.0,36.22,16312.47,0
2026-04-09,2026-04-09 14:54:00,454.71,454.71,454.71,454.71,0.0,36.22,16312.47,0
2026-04-09,2026-04-09 14:55:00,454.71,454.71,454.7,454.7,-0.0,36.22,16312.47,-1
2026-04-09,2026-04-09 14:56:00,454.7,454.7,454.7,454.7,0.0,36.22,16312.47,0
2026-04-09,2026-04-09 14:57:00,454.7,454.7,454.7,454.7,0.0,36.22,16312.47,0
2026-04-09,2026-04-09 14:58:00,454.7,454.7,454.7,454.7,0.0,36.22,16312.47,0
2026-04-09,2026-04-09 14:59:00,454.7,454.7,454.7,454.7,0.0,36.22,16312.47,0
2026-04-09,2026-04-09 15:00:00,454.7,455.0,446.0,454.7,0.0,36.22,16312.47,0
2026-04-10,2026-04-10 11:00:00,447.0,449.67,446.1,447.02,0.0,54.08,24232.22,1
2026-04-10,2026-04-10 11:01:00,447.02,447.03,447.02,447.03,0.0,54.08,24232.22,1
2026-04-10,2026-04-10 11:02:00,447.03,447.05,447.03,447.05,0.0,54.08,24232.22,1
2026-04-10,2026-04-10 11:03:00,447.05,447.06,447.05,447.06,0.0,54.08,24232.22,1
2026-04-10,2026-04-10 11:04:00,447.06,447.08,447.06,447.08,0.0,54.08,24232.22,1
2026-04-10,2026-04-10 11:05:00,447.08,447.1,447.08,447.1,0.0,54.08,24232.22,1
2026-04-10,2026-04-10 11:06:00,447.1,447.11,447.1,447.11,0.0,54.08,24232.22,1
2026-04-10,2026-04-10 11:07:00,447.11,447.13,447.11,447.13,0.0,54.08,24232.22,1
2026-04-10,2026-04-10 11:08:00,447.13,447.14,447.13,447.14,0.0,54.08,24232.22,1
2026-04-10,2026-04-10 11:09:00,447.14,447.16,447.14,447.16,0.0,54.08,24232.22,1
2026-04-10,2026-04-10 11:10:00,447.16,447.17,447.16,447.17,0.0,54.08,24232.22,1
2026-04-10,2026-04-10 11:11:00,447.17,447.19,447.17,447.19,0.0,54.08,24232.22,1
2026-04-10,2026-04-10 11:12:00,447.19,447.21,447.19,447.21,0.0,54.08,24232.22,1
2026-04-10,2026-04-10 11:13:00,447.21,447.22,447.21,447.22,0.0,54.08,24232.22,1
2026-04-10,2026-04-10 11:14:00,447.22,447.24,447.22,447.24,0.0,54.08,24232.22,1
2026-04-10,2026-04-10 11:15:00,447.24,447.25,447.24,447.25,0.0,54.08,24232.22,1
2026-04-10,2026-04-10 11:16:00,447.25,447.27,447.25,447.27,0.0,54.08,24232.22,1
2026-04-10,2026-04-10 11:17:00,447.27,447.29,447.27,447.29,0.0,54.08,24232.22,1
2026-04-10,2026-04-10 11:18:00,447.29,447.3,447.29,447.3,0.0,54.08,24232.22,1
2026-04-10,2026-04-10 11:19:00,447.3,447.32,447.3,447.32,0.0,54.08,24232.22,1
2026-04-10,2026-04-10 11:20:00,447.32,447.33,447.32,447.33,0.0,54.08,24232.22,1
2026-04-10,2026-04-10 11:21:00,447.33,447.35,447.33,447.35,0.0,54.08,24232.22,1
2026-04-10,2026-04-10 11:22:00,447.35,447.36,447.35,447.36,0.0,54.08,24232.22,1
2026-04-10,2026-04-10 11:23:00,447.36,447.38,447.36,447.38,0.0,54.08,24232.22,1
2026-04-10,2026-04-10 11:24:00,447.38,447.4,447.38,447.4,0.0,54.08,24232.22,1
2026-04-10,2026-04-10 11:25:00,447.4,447.41,447.4,447.41,0.0,54.08,24232.22,1
2026-04-10,2026-04-10 11:26:00,447.41,447.43,447.41,447.43,0.0,54.08,24232.22,1
2026-04-10,2026-04-10 11:27:00,447.43,447.44,447.43,447.44,0.0,54.08,24232.22,1
2026-04-10,2026-04-10 11:28:00,447.44,447.46,447.44,447.46,0.0,54.08,24232.22,1
2026-04-10,2026-04-10 11:29:00,447.46,447.48,447.46,447.48,0.0,54.08,24232.22,1
2026-04-10,2026-04-10 11:30:00,447.48,447.49,447.48,447.49,0.0,54.08,24232.22,1
2026-04-10,2026-04-10 11:31:00,447.49,447.51,447.49,447.51,0.0,54.08,24232.22,1
2026-04-10,2026-04-10 11:32:00,447.51,447.52,447.51,447.52,0.0,54.08,24232.22,1
2026-04-10,2026-04-10 11:33:00,447.52,447.54,447.52,447.54,0.0,54.08,24232.22,1
2026-04-10,2026-04-10 11:34:00,447.54,447.55,447.54,447.55,0.0,54.08,24232.22,1
2026-04-10,2026-04-10 11:35:00,447.55,447.57,447.55,447.57,0.0,54.08,24232.22,1
2026-04-10,2026-04-10 11:36:00,447.57,447.59,447.57,447.59,0.0,54.08,24232.22,1
2026-04-10,2026-04-10 11:37:00,447.59,447.6,447.59,447.6,0.0,54.08,24232.22,1
2026-04-10,2026-04-10 11:38:00,447.6,447.62,447.6,447.62,0.0,54.08,24232.22,1
2026-04-10,2026-04-10 11:39:00,447.62,447.63,447.62,447.63,0.0,54.08,24232.22,1
2026-04-10,2026-04-10 11:40:00,447.63,447.65,447.63,447.65,0.0,54.08,24232.22,1
2026-04-10,2026-04-10 11:41:00,447.65,447.67,447.65,447.67,0.0,54.08,24232.22,1
2026-04-10,2026-04-10 11:42:00,447.67,447.68,447.67,447.68,0.0,54.08,24232.22,1
2026-04-10,2026-04-10 11:43:00,447.68,447.7,447.68,447.7,0.0,54.08,24232.22,1
2026-04-10,2026-04-10 11:44:00,447.7,447.71,447.7,447.71,0.0,54.08,24232.22,1
2026-04-10,2026-04-10 11:45:00,447.71,447.73,447.71,447.73,0.0,54.08,24232.22,1
2026-04-10,2026-04-10 11:46:00,447.73,447.74,447.73,447.74,0.0,54.08,24232.22,1
2026-04-10,2026-04-10 11:47:00,447.74,447.76,447.74,447.76,0.0,54.08,24232.22,1
2026-04-10,2026-04-10 11:48:00,447.76,447.78,447.76,447.78,0.0,54.08,24232.22,1
2026-04-10,2026-04-10 11:49:00,447.78,447.79,447.78,447.79,0.0,54.08,24232.22,1
2026-04-10,2026-04-10 11:50:00,447.79,447.81,447.79,447.81,0.0,54.08,24232.22,1
2026-04-10,2026-04-10 11:51:00,447.81,447.82,447.81,447.82,0.0,54.08,24232.22,1
2026-04-10,2026-04-10 11:52:00,447.82,447.84,447.82,447.84,0.0,54.08,24232.22,1
2026-04-10,2026-04-10 11:53:00,447.84,447.86,447.84,447.86,0.0,54.08,24232.22,1
2026-04-10,2026-04-10 11:54:00,447.86,447.87,447.86,447.87,0.0,54.08,24232.22,1
2026-04-10,2026-04-10 11:55:00,447.87,447.89,447.87,447.89,0.0,54.08,24232.22,1
2026-04-10,2026-04-10 11:56:00,447.89,447.9,447.89,447.9,0.0,54.08,24232.22,1
2026-04-10,2026-04-10 11:57:00,447.9,447.92,447.9,447.92,0.0,54.08,24232.22,1
2026-04-10,2026-04-10 11:58:00,447.92,447.93,447.92,447.93,0.0,54.08,24232.22,1
2026-04-10,2026-04-10 11:59:00,447.93,447.95,447.93,447.95,0.0,54.08,24232.22,1
2026-04-10,2026-04-10 12:00:00,447.95,447.97,447.95,447.97,0.0,54.08,24232.22,1
2026-04-10,2026-04-10 12:01:00,447.97,447.98,447.97,447.98,0.0,54.08,24232.22,1
2026-04-10,2026-04-10 12:02:00,447.98,448.0,447.98,448.0,0.0,54.08,24232.22,1
2026-04-10,2026-04-10 12:03:00,448.0,448.01,448.0,448.01,0.0,54.08,24232.22,1
2026-04-10,2026-04-10 12:04:00,448.01,448.03,448.01,448.03,0.0,54.08,24232.22,1
2026-04-10,2026-04-10 12:05:00,448.03,448.05,448.03,448.05,0.0,54.08,24232.22,1
2026-04-10,2026-04-10 12:06:00,448.05,448.06,448.05,448.06,0.0,54.08,24232.22,1
2026-04-10,2026-04-10 12:07:00,448.06,448.08,448.06,448.08,0.0,54.08,24232.22,1
2026-04-10,2026-04-10 12:08:00,448.08,448.09,448.08,448.09,0.0,54.08,24232.22,1
2026-04-10,2026-04-10 12:09:00,448.09,448.11,448.09,448.11,0.0,54.08,24232.22,1
2026-04-10,2026-04-10 12:10:00,448.11,448.12,448.11,448.12,0.0,54.08,24232.22,1
2026-04-10,2026-04-10 12:11:00,448.12,448.14,448.12,448.14,0.0,54.08,24232.22,1
2026-04-10,2026-04-10 12:12:00,448.14,448.16,448.14,448.16,0.0,54.08,24232.22,1
2026-04-10,2026-04-10 12:13:00,448.16,448.17,448.16,448.17,0.0,54.08,24232.22,1
2026-04-10,2026-04-10 12:14:00,448.17,448.19,448.17,448.19,0.0,54.08,24232.22,1
2026-04-10,2026-04-10 12:15:00,448.19,448.2,448.19,448.2,0.0,54.08,24232.22,1
2026-04-10,2026-04-10 12:16:00,448.2,448.22,448.2,448.22,0.0,54.08,24232.22,1
2026-04-10,2026-04-10 12:17:00,448.22,448.24,448.22,448.24,0.0,54.08,24232.22,1
2026-04-10,2026-04-10 12:18:00,448.24,448.25,448.24,448.25,0.0,54.08,24232.22,1
2026-04-10,2026-04-10 12:19:00,448.25,448.27,448.25,448.27,0.0,54.08,24232.22,1
2026-04-10,2026-04-10 12:20:00,448.27,448.28,448.27,448.28,0.0,54.08,24232.22,1
2026-04-10,2026-04-10 12:21:00,448.28,448.3,448.28,448.3,0.0,54.08,24232.22,1
2026-04-10,2026-04-10 12:22:00,448.3,448.31,448.3,448.31,0.0,54.08,24232.22,1
2026-04-10,2026-04-10 12:23:00,448.31,448.33,448.31,448.33,0.0,54.08,24232.22,1
2026-04-10,2026-04-10 12:24:00,448.33,448.35,448.33,448.35,0.0,54.08,24232.22,1
2026-04-10,2026-04-10 12:25:00,448.35,448.36,448.35,448.36,0.0,54.08,24232.22,1
2026-04-10,2026-04-10 12:26:00,448.36,448.38,448.36,448.38,0.0,54.08,24232.22,1
2026-04-10,2026-04-10 12:27:00,448.38,448.39,448.38,448.39,0.0,54.08,24232.22,1
2026-04-10,2026-04-10 12:28:00,448.39,448.41,448.39,448.41,0.0,54.08,24232.22,1
2026-04-10,2026-04-10 12:29:00,448.41,448.43,448.41,448.43,0.0,54.08,24232.22,1
2026-04-10,2026-04-10 12:30:00,448.43,448.44,448.43,448.44,0.0,54.08,24232.22,1
2026-04-10,2026-04-10 12:31:00,448.44,448.46,448.44,448.46,0.0,54.08,24232.22,1
2026-04-10,2026-04-10 12:32:00,448.46,448.47,448.46,448.47,0.0,54.08,24232.22,1
2026-04-10,2026-04-10 12:33:00,448.47,448.49,448.47,448.49,0.0,54.08,24232.22,1
2026-04-10,2026-04-10 12:34:00,448.49,448.5,448.49,448.5,0.0,54.08,24232.22,1
2026-04-10,2026-04-10 12:35:00,448.5,448.52,448.5,448.52,0.0,54.08,24232.22,1
2026-04-10,2026-04-10 12:36:00,448.52,448.54,448.52,448.54,0.0,54.08,24232.22,1
2026-04-10,2026-04-10 12:37:00,448.54,448.55,448.54,448.55,0.0,54.08,24232.22,1
2026-04-10,2026-04-10 12:38:00,448.55,448.57,448.55,448.57,0.0,54.08,24232.22,1
2026-04-10,2026-04-10 12:39:00,448.57,448.58,448.57,448.58,0.0,54.08,24232.22,1
2026-04-10,2026-04-10 12:40:00,448.58,448.6,448.58,448.6,0.0,54.08,24232.22,1
2026-04-10,2026-04-10 12:41:00,448.6,448.62,448.6,448.62,0.0,54.08,24232.22,1
2026-04-10,2026-04-10 12:42:00,448.62,448.63,448.62,448.63,0.0,54.08,24232.22,1
2026-04-10,2026-04-10 12:43:00,448.63,448.65,448.63,448.65,0.0,54.08,24232.22,1
2026-04-10,2026-04-10 12:44:00,448.65,448.66,448.65,448.66,0.0,54.08,24232.22,1
2026-04-10,2026-04-10 12:45:00,448.66,448.68,448.66,448.68,0.0,54.08,24232.22,1
2026-04-10,2026-04-10 12:46:00,448.68,448.69,448.68,448.69,0.0,54.08,24232.22,1
2026-04-10,2026-04-10 12:47:00,448.69,448.71,448.69,448.71,0.0,54.08,24232.22,1
2026-04-10,2026-04-10 12:48:00,448.71,448.73,448.71,448.73,0.0,54.08,24232.22,1
2026-04-10,2026-04-10 12:49:00,448.73,448.74,448.73,448.74,0.0,54.08,24232.22,1
2026-04-10,2026-04-10 12:50:00,448.74,448.76,448.74,448.76,0.0,54.08,24232.22,1
2026-04-10,2026-04-10 12:51:00,448.76,448.77,448.76,448.77,0.0,54.08,24232.22,1
2026-04-10,2026-04-10 12:52:00,448.77,448.79,448.77,448.79,0.0,54.08,24232.22,1
2026-04-10,2026-04-10 12:53:00,448.79,448.81,448.79,448.81,0.0,54.08,24232.22,1
2026-04-10,2026-04-10 12:54:00,448.81,448.82,448.81,448.82,0.0,54.08,24232.22,1
2026-04-10,2026-04-10 12:55:00,448.82,448.84,448.82,448.84,0.0,54.08,24232.22,1
2026-04-10,2026-04-10 12:56:00,448.84,448.85,448.84,448.85,0.0,54.08,24232.22,1
2026-04-10,2026-04-10 12:57:00,448.85,448.87,448.85,448.87,0.0,54.08,24232.22,1
2026-04-10,2026-04-10 12:58:00,448.87,448.88,448.87,448.88,0.0,54.08,24232.22,1
2026-04-10,2026-04-10 12:59:00,448.88,448.9,448.88,448.9,0.0,54.08,24232.22,1
2026-04-10,2026-04-10 13:00:00,448.9,455.9,444.0,448.92,0.0,54.08,24232.22,1
2026-04-10,2026-04-10 13:01:00,448.92,448.93,448.92,448.93,0.0,54.08,24232.22,1
2026-04-10,2026-04-10 13:02:00,448.93,448.95,448.93,448.95,0.0,54.08,24232.22,1
2026-04-10,2026-04-10 13:03:00,448.95,448.96,448.95,448.96,0.0,54.08,24232.22,1
2026-04-10,2026-04-10 13:04:00,448.96,448.98,448.96,448.98,0.0,54.08,24232.22,1
2026-04-10,2026-04-10 13:05:00,448.98,449.0,448.98,449.0,0.0,54.08,24232.22,1
2026-04-10,2026-04-10 13:06:00,449.0,449.01,449.0,449.01,0.0,54.08,24232.22,1
2026-04-10,2026-04-10 13:07:00,449.01,449.03,449.01,449.03,0.0,54.08,24232.22,1
2026-04-10,2026-04-10 13:08:00,449.03,449.04,449.03,449.04,0.0,54.08,24232.22,1
2026-04-10,2026-04-10 13:09:00,449.04,449.06,449.04,449.06,0.0,54.08,24232.22,1
2026-04-10,2026-04-10 13:10:00,449.06,449.07,449.06,449.07,0.0,54.08,24232.22,1
2026-04-10,2026-04-10 13:11:00,449.07,449.09,449.07,449.09,0.0,54.08,24232.22,1
2026-04-10,2026-04-10 13:12:00,449.09,449.11,449.09,449.11,0.0,54.08,24232.22,1
2026-04-10,2026-04-10 13:13:00,449.11,449.12,449.11,449.12,0.0,54.08,24232.22,1
2026-04-10,2026-04-10 13:14:00,449.12,449.14,449.12,449.14,0.0,54.08,24232.22,1
2026-04-10,2026-04-10 13:15:00,449.14,449.15,449.14,449.15,0.0,54.08,24232.22,1
2026-04-10,2026-04-10 13:16:00,449.15,449.17,449.15,449.17,0.0,54.08,24232.22,1
2026-04-10,2026-04-10 13:17:00,449.17,449.19,449.17,449.19,0.0,54.08,24232.22,1
2026-04-10,2026-04-10 13:18:00,449.19,449.2,449.19,449.2,0.0,54.08,24232.22,1
2026-04-10,2026-04-10 13:19:00,449.2,449.22,449.2,449.22,0.0,54.08,24232.22,1
2026-04-10,2026-04-10 13:20:00,449.22,449.23,449.22,449.23,0.0,54.08,24232.22,1
2026-04-10,2026-04-10 13:21:00,449.23,449.25,449.23,449.25,0.0,54.08,24232.22,1
2026-04-10,2026-04-10 13:22:00,449.25,449.26,449.25,449.26,0.0,54.08,24232.22,1
2026-04-10,2026-04-10 13:23:00,449.26,449.28,449.26,449.28,0.0,54.08,24232.22,1
2026-04-10,2026-04-10 13:24:00,449.28,449.3,449.28,449.3,0.0,54.08,24232.22,1
2026-04-10,2026-04-10 13:25:00,449.3,449.31,449.3,449.31,0.0,54.08,24232.22,1
2026-04-10,2026-04-10 13:26:00,449.31,449.33,449.31,449.33,0.0,54.08,24232.22,1
2026-04-10,2026-04-10 13:27:00,449.33,449.34,449.33,449.34,0.0,54.08,24232.22,1
2026-04-10,2026-04-10 13:28:00,449.34,449.36,449.34,449.36,0.0,54.08,24232.22,1
2026-04-10,2026-04-10 13:29:00,449.36,449.38,449.36,449.38,0.0,54.08,24232.22,1
2026-04-10,2026-04-10 13:30:00,449.38,449.39,449.38,449.39,0.0,54.08,24232.22,1
2026-04-10,2026-04-10 13:31:00,449.39,449.41,449.39,449.41,0.0,54.08,24232.22,1
2026-04-10,2026-04-10 13:32:00,449.41,449.42,449.41,449.42,0.0,54.08,24232.22,1
2026-04-10,2026-04-10 13:33:00,449.42,449.44,449.42,449.44,0.0,54.08,24232.22,1
2026-04-10,2026-04-10 13:34:00,449.44,449.45,449.44,449.45,0.0,54.08,24232.22,1
2026-04-10,2026-04-10 13:35:00,449.45,449.47,449.45,449.47,0.0,54.08,24232.22,1
2026-04-10,2026-04-10 13:36:00,449.47,449.49,449.47,449.49,0.0,54.08,24232.22,1
2026-04-10,2026-04-10 13:37:00,449.49,449.5,449.49,449.5,0.0,54.08,24232.22,1
2026-04-10,2026-04-10 13:38:00,449.5,449.52,449.5,449.52,0.0,54.08,24232.22,1
2026-04-10,2026-04-10 13:39:00,449.52,449.53,449.52,449.53,0.0,54.08,24232.22,1
2026-04-10,2026-04-10 13:40:00,449.53,449.55,449.53,449.55,0.0,54.08,24232.22,1
2026-04-10,2026-04-10 13:41:00,449.55,449.56,449.55,449.56,0.0,54.08,24232.22,1
2026-04-10,2026-04-10 13:42:00,449.56,449.58,449.56,449.58,0.0,54.08,24232.22,1
2026-04-10,2026-04-10 13:43:00,449.58,449.6,449.58,449.6,0.0,54.08,24232.22,1
2026-04-10,2026-04-10 13:44:00,449.6,449.61,449.6,449.61,0.0,54.08,24232.22,1
2026-04-10,2026-04-10 13:45:00,449.61,449.63,449.61,449.63,0.0,54.08,24232.22,1
2026-04-10,2026-04-10 13:46:00,449.63,449.64,449.63,449.64,0.0,54.08,24232.22,1
2026-04-10,2026-04-10 13:47:00,449.64,449.66,449.64,449.66,0.0,54.08,24232.22,1
2026-04-10,2026-04-10 13:48:00,449.66,449.68,449.66,449.68,0.0,54.08,24232.22,1
2026-04-10,2026-04-10 13:49:00,449.68,449.69,449.68,449.69,0.0,54.08,24232.22,1
2026-04-10,2026-04-10 13:50:00,449.69,449.71,449.69,449.71,0.0,54.08,24232.22,1
2026-04-10,2026-04-10 13:51:00,449.71,449.72,449.71,449.72,0.0,54.08,24232.22,1
2026-04-10,2026-04-10 13:52:00,449.72,449.74,449.72,449.74,0.0,54.08,24232.22,1
2026-04-10,2026-04-10 13:53:00,449.74,449.75,449.74,449.75,0.0,54.08,24232.22,1
2026-04-10,2026-04-10 13:54:00,449.75,449.77,449.75,449.77,0.0,54.08,24232.22,1
2026-04-10,2026-04-10 13:55:00,449.77,449.79,449.77,449.79,0.0,54.08,24232.22,1
2026-04-10,2026-04-10 13:56:00,449.79,449.8,449.79,449.8,0.0,54.08,24232.22,1
2026-04-10,2026-04-10 13:57:00,449.8,449.82,449.8,449.82,0.0,54.08,24232.22,1
2026-04-10,2026-04-10 13:58:00,449.82,449.83,449.82,449.83,0.0,54.08,24232.22,1
2026-04-10,2026-04-10 13:59:00,449.83,449.85,449.83,449.85,0.0,54.08,24232.22,1
2026-04-10,2026-04-10 14:00:00,449.85,449.87,449.85,449.87,0.0,54.08,24232.22,1
2026-04-10,2026-04-10 14:01:00,449.87,449.88,449.87,449.88,0.0,54.08,24232.22,1
2026-04-10,2026-04-10 14:02:00,449.88,449.9,449.88,449.9,0.0,54.08,24232.22,1
2026-04-10,2026-04-10 14:03:00,449.9,449.91,449.9,449.91,0.0,54.08,24232.22,1
2026-04-10,2026-04-10 14:04:00,449.91,449.93,449.91,449.93,0.0,54.08,24232.22,1
2026-04-10,2026-04-10 14:05:00,449.93,449.94,449.93,449.94,0.0,54.08,24232.22,1
2026-04-10,2026-04-10 14:06:00,449.94,449.96,449.94,449.96,0.0,54.08,24232.22,1
2026-04-10,2026-04-10 14:07:00,449.96,449.98,449.96,449.98,0.0,54.08,24232.22,1
2026-04-10,2026-04-10 14:08:00,449.98,449.99,449.98,449.99,0.0,54.08,24232.22,1
2026-04-10,2026-04-10 14:09:00,449.99,450.01,449.99,450.01,0.0,54.08,24232.22,1
2026-04-10,2026-04-10 14:10:00,450.01,450.02,450.01,450.02,0.0,54.08,24232.22,1
2026-04-10,2026-04-10 14:11:00,450.02,450.04,450.02,450.04,0.0,54.08,24232.22,1
2026-04-10,2026-04-10 14:12:00,450.04,450.06,450.04,450.06,0.0,54.08,24232.22,1
2026-04-10,2026-04-10 14:13:00,450.06,450.07,450.06,450.07,0.0,54.08,24232.22,1
2026-04-10,2026-04-10 14:14:00,450.07,450.09,450.07,450.09,0.0,54.08,24232.22,1
2026-04-10,2026-04-10 14:15:00,450.09,450.1,450.09,450.1,0.0,54.08,24232.22,1
2026-04-10,2026-04-10 14:16:00,450.1,450.12,450.1,450.12,0.0,54.08,24232.22,1
2026-04-10,2026-04-10 14:17:00,450.12,450.13,450.12,450.13,0.0,54.08,24232.22,1
2026-04-10,2026-04-10 14:18:00,450.13,450.15,450.13,450.15,0.0,54.08,24232.22,1
2026-04-10,2026-04-10 14:19:00,450.15,450.17,450.15,450.17,0.0,54.08,24232.22,1
2026-04-10,2026-04-10 14:20:00,450.17,450.18,450.17,450.18,0.0,54.08,24232.22,1
2026-04-10,2026-04-10 14:21:00,450.18,450.2,450.18,450.2,0.0,54.08,24232.22,1
2026-04-10,2026-04-10 14:22:00,450.2,450.21,450.2,450.21,0.0,54.08,24232.22,1
2026-04-10,2026-04-10 14:23:00,450.21,450.23,450.21,450.23,0.0,54.08,24232.22,1
2026-04-10,2026-04-10 14:24:00,450.23,450.25,450.23,450.25,0.0,54.08,24232.22,1
2026-04-10,2026-04-10 14:25:00,450.25,450.26,450.25,450.26,0.0,54.08,24232.22,1
2026-04-10,2026-04-10 14:26:00,450.26,450.28,450.26,450.28,0.0,54.08,24232.22,1
2026-04-10,2026-04-10 14:27:00,450.28,450.29,450.28,450.29,0.0,54.08,24232.22,1
2026-04-10,2026-04-10 14:28:00,450.29,450.31,450.29,450.31,0.0,54.08,24232.22,1
2026-04-10,2026-04-10 14:29:00,450.31,450.32,450.31,450.32,0.0,54.08,24232.22,1
2026-04-10,2026-04-10 14:30:00,450.32,450.34,450.32,450.34,0.0,54.08,24232.22,1
2026-04-10,2026-04-10 14:31:00,450.34,450.36,450.34,450.36,0.0,54.08,24232.22,1
2026-04-10,2026-04-10 14:32:00,450.36,450.37,450.36,450.37,0.0,54.08,24232.22,1
2026-04-10,2026-04-10 14:33:00,450.37,450.39,450.37,450.39,0.0,54.08,24232.22,1
2026-04-10,2026-04-10 14:34:00,450.39,450.4,450.39,450.4,0.0,54.08,24232.22,1
2026-04-10,2026-04-10 14:35:00,450.4,450.42,450.4,450.42,0.0,54.08,24232.22,1
2026-04-10,2026-04-10 14:36:00,450.42,450.44,450.42,450.44,0.0,54.08,24232.22,1
2026-04-10,2026-04-10 14:37:00,450.44,450.45,450.44,450.45,0.0,54.08,24232.22,1
2026-04-10,2026-04-10 14:38:00,450.45,450.47,450.45,450.47,0.0,54.08,24232.22,1
2026-04-10,2026-04-10 14:39:00,450.47,450.48,450.47,450.48,0.0,54.08,24232.22,1
2026-04-10,2026-04-10 14:40:00,450.48,450.5,450.48,450.5,0.0,54.08,24232.22,1
2026-04-10,2026-04-10 14:41:00,450.5,450.51,450.5,450.51,0.0,54.08,24232.22,1
2026-04-10,2026-04-10 14:42:00,450.51,450.53,450.51,450.53,0.0,54.08,24232.22,1
2026-04-10,2026-04-10 14:43:00,450.53,450.55,450.53,450.55,0.0,54.08,24232.22,1
2026-04-10,2026-04-10 14:44:00,450.55,450.56,450.55,450.56,0.0,54.08,24232.22,1
2026-04-10,2026-04-10 14:45:00,450.56,450.58,450.56,450.58,0.0,54.08,24232.22,1
2026-04-10,2026-04-10 14:46:00,450.58,450.59,450.58,450.59,0.0,54.08,24232.22,1
2026-04-10,2026-04-10 14:47:00,450.59,450.61,450.59,450.61,0.0,54.08,24232.22,1
2026-04-10,2026-04-10 14:48:00,450.61,450.63,450.61,450.63,0.0,54.08,24232.22,1
2026-04-10,2026-04-10 14:49:00,450.63,450.64,450.63,450.64,0.0,54.08,24232.22,1
2026-04-10,2026-04-10 14:50:00,450.64,450.66,450.64,450.66,0.0,54.08,24232.22,1
2026-04-10,2026-04-10 14:51:00,450.66,450.67,450.66,450.67,0.0,54.08,24232.22,1
2026-04-10,2026-04-10 14:52:00,450.67,450.69,450.67,450.69,0.0,54.08,24232.22,1
2026-04-10,2026-04-10 14:53:00,450.69,450.7,450.69,450.7,0.0,54.08,24232.22,1
2026-04-10,2026-04-10 14:54:00,450.7,450.72,450.7,450.72,0.0,54.08,24232.22,1
2026-04-10,2026-04-10 14:55:00,450.72,450.74,450.72,450.74,0.0,54.08,24232.22,1
2026-04-10,2026-04-10 14:56:00,450.74,450.75,450.74,450.75,0.0,54.08,24232.22,1
2026-04-10,2026-04-10 14:57:00,450.75,450.77,450.75,450.77,0.0,54.08,24232.22,1
2026-04-10,2026-04-10 14:58:00,450.77,450.78,450.77,450.78,0.0,54.08,24232.22,1
2026-04-10,2026-04-10 14:59:00,450.78,450.8,450.78,450.8,0.0,54.08,24232.22,1
2026-04-10,2026-04-10 15:00:00,450.8,455.9,444.0,450.8,0.0,54.08,24232.22,0
2026-04-13,2026-04-13 11:00:00,459.8,461.96,454.49,459.82,0.0,89.88,40987.42,1
2026-04-13,2026-04-13 11:01:00,459.82,459.84,459.82,459.84,0.0,89.88,40987.42,1
2026-04-13,2026-04-13 11:02:00,459.84,459.85,459.84,459.85,0.0,89.88,40987.42,1
2026-04-13,2026-04-13 11:03:00,459.85,459.87,459.85,459.87,0.0,89.88,40987.42,1
2026-04-13,2026-04-13 11:04:00,459.87,459.89,459.87,459.89,0.0,89.88,40987.42,1
2026-04-13,2026-04-13 11:05:00,459.89,459.91,459.89,459.91,0.0,89.88,40987.42,1
2026-04-13,2026-04-13 11:06:00,459.91,459.92,459.91,459.92,0.0,89.88,40987.42,1
2026-04-13,2026-04-13 11:07:00,459.92,459.94,459.92,459.94,0.0,89.88,40987.42,1
2026-04-13,2026-04-13 11:08:00,459.94,459.96,459.94,459.96,0.0,89.88,40987.42,1
2026-04-13,2026-04-13 11:09:00,459.96,459.98,459.96,459.98,0.0,89.88,40987.42,1
2026-04-13,2026-04-13 11:10:00,459.98,459.99,459.98,459.99,0.0,89.88,40987.42,1
2026-04-13,2026-04-13 11:11:00,459.99,460.01,459.99,460.01,0.0,89.88,40987.42,1
2026-04-13,2026-04-13 11:12:00,460.01,460.03,460.01,460.03,0.0,89.88,40987.42,1
2026-04-13,2026-04-13 11:13:00,460.03,460.05,460.03,460.05,0.0,89.88,40987.42,1
2026-04-13,2026-04-13 11:14:00,460.05,460.06,460.05,460.06,0.0,89.88,40987.42,1
2026-04-13,2026-04-13 11:15:00,460.06,460.08,460.06,460.08,0.0,89.88,40987.42,1
2026-04-13,2026-04-13 11:16:00,460.08,460.1,460.08,460.1,0.0,89.88,40987.42,1
2026-04-13,2026-04-13 11:17:00,460.1,460.12,460.1,460.12,0.0,89.88,40987.42,1
2026-04-13,2026-04-13 11:18:00,460.12,460.13,460.12,460.13,0.0,89.88,40987.42,1
2026-04-13,2026-04-13 11:19:00,460.13,460.15,460.13,460.15,0.0,89.88,40987.42,1
2026-04-13,2026-04-13 11:20:00,460.15,460.17,460.15,460.17,0.0,89.88,40987.42,1
2026-04-13,2026-04-13 11:21:00,460.17,460.19,460.17,460.19,0.0,89.88,40987.42,1
2026-04-13,2026-04-13 11:22:00,460.19,460.2,460.19,460.2,0.0,89.88,40987.42,1
2026-04-13,2026-04-13 11:23:00,460.2,460.22,460.2,460.22,0.0,89.88,40987.42,1
2026-04-13,2026-04-13 11:24:00,460.22,460.24,460.22,460.24,0.0,89.88,40987.42,1
2026-04-13,2026-04-13 11:25:00,460.24,460.25,460.24,460.25,0.0,89.88,40987.42,1
2026-04-13,2026-04-13 11:26:00,460.25,460.27,460.25,460.27,0.0,89.88,40987.42,1
2026-04-13,2026-04-13 11:27:00,460.27,460.29,460.27,460.29,0.0,89.88,40987.42,1
2026-04-13,2026-04-13 11:28:00,460.29,460.31,460.29,460.31,0.0,89.88,40987.42,1
2026-04-13,2026-04-13 11:29:00,460.31,460.32,460.31,460.32,0.0,89.88,40987.42,1
2026-04-13,2026-04-13 11:30:00,460.32,460.34,460.32,460.34,0.0,89.88,40987.42,1
2026-04-13,2026-04-13 11:31:00,460.34,460.36,460.34,460.36,0.0,89.88,40987.42,1
2026-04-13,2026-04-13 11:32:00,460.36,460.38,460.36,460.38,0.0,89.88,40987.42,1
2026-04-13,2026-04-13 11:33:00,460.38,460.39,460.38,460.39,0.0,89.88,40987.42,1
2026-04-13,2026-04-13 11:34:00,460.39,460.41,460.39,460.41,0.0,89.88,40987.42,1
2026-04-13,2026-04-13 11:35:00,460.41,460.43,460.41,460.43,0.0,89.88,40987.42,1
2026-04-13,2026-04-13 11:36:00,460.43,460.45,460.43,460.45,0.0,89.88,40987.42,1
2026-04-13,2026-04-13 11:37:00,460.45,460.47,460.45,460.47,0.0,89.88,40987.42,1
2026-04-13,2026-04-13 11:38:00,460.47,460.48,460.47,460.48,0.0,89.88,40987.42,1
2026-04-13,2026-04-13 11:39:00,460.48,460.5,460.48,460.5,0.0,89.88,40987.42,1
2026-04-13,2026-04-13 11:40:00,460.5,460.52,460.5,460.52,0.0,89.88,40987.42,1
2026-04-13,2026-04-13 11:41:00,460.52,460.54,460.52,460.54,0.0,89.88,40987.42,1
2026-04-13,2026-04-13 11:42:00,460.54,460.55,460.54,460.55,0.0,89.88,40987.42,1
2026-04-13,2026-04-13 11:43:00,460.55,460.57,460.55,460.57,0.0,89.88,40987.42,1
2026-04-13,2026-04-13 11:44:00,460.57,460.59,460.57,460.59,0.0,89.88,40987.42,1
2026-04-13,2026-04-13 11:45:00,460.59,460.61,460.59,460.61,0.0,89.88,40987.42,1
2026-04-13,2026-04-13 11:46:00,460.61,460.62,460.61,460.62,0.0,89.88,40987.42,1
2026-04-13,2026-04-13 11:47:00,460.62,460.64,460.62,460.64,0.0,89.88,40987.42,1
2026-04-13,2026-04-13 11:48:00,460.64,460.66,460.64,460.66,0.0,89.88,40987.42,1
2026-04-13,2026-04-13 11:49:00,460.66,460.68,460.66,460.68,0.0,89.88,40987.42,1
2026-04-13,2026-04-13 11:50:00,460.68,460.69,460.68,460.69,0.0,89.88,40987.42,1
2026-04-13,2026-04-13 11:51:00,460.69,460.71,460.69,460.71,0.0,89.88,40987.42,1
2026-04-13,2026-04-13 11:52:00,460.71,460.73,460.71,460.73,0.0,89.88,40987.42,1
2026-04-13,2026-04-13 11:53:00,460.73,460.75,460.73,460.75,0.0,89.88,40987.42,1
2026-04-13,2026-04-13 11:54:00,460.75,460.76,460.75,460.76,0.0,89.88,40987.42,1
2026-04-13,2026-04-13 11:55:00,460.76,460.78,460.76,460.78,0.0,89.88,40987.42,1
2026-04-13,2026-04-13 11:56:00,460.78,460.8,460.78,460.8,0.0,89.88,40987.42,1
2026-04-13,2026-04-13 11:57:00,460.8,460.81,460.8,460.81,0.0,89.88,40987.42,1
2026-04-13,2026-04-13 11:58:00,460.81,460.83,460.81,460.83,0.0,89.88,40987.42,1
2026-04-13,2026-04-13 11:59:00,460.83,460.85,460.83,460.85,0.0,89.88,40987.42,1
2026-04-13,2026-04-13 12:00:00,460.85,460.87,460.85,460.87,0.0,89.88,40987.42,1
2026-04-13,2026-04-13 12:01:00,460.87,460.88,460.87,460.88,0.0,89.88,40987.42,1
2026-04-13,2026-04-13 12:02:00,460.88,460.9,460.88,460.9,0.0,89.88,40987.42,1
2026-04-13,2026-04-13 12:03:00,460.9,460.92,460.9,460.92,0.0,89.88,40987.42,1
2026-04-13,2026-04-13 12:04:00,460.92,460.94,460.92,460.94,0.0,89.88,40987.42,1
2026-04-13,2026-04-13 12:05:00,460.94,460.95,460.94,460.95,0.0,89.88,40987.42,1
2026-04-13,2026-04-13 12:06:00,460.95,460.97,460.95,460.97,0.0,89.88,40987.42,1
2026-04-13,2026-04-13 12:07:00,460.97,460.99,460.97,460.99,0.0,89.88,40987.42,1
2026-04-13,2026-04-13 12:08:00,460.99,461.01,460.99,461.01,0.0,89.88,40987.42,1
2026-04-13,2026-04-13 12:09:00,461.01,461.03,461.01,461.03,0.0,89.88,40987.42,1
2026-04-13,2026-04-13 12:10:00,461.03,461.04,461.03,461.04,0.0,89.88,40987.42,1
2026-04-13,2026-04-13 12:11:00,461.04,461.06,461.04,461.06,0.0,89.88,40987.42,1
2026-04-13,2026-04-13 12:12:00,461.06,461.08,461.06,461.08,0.0,89.88,40987.42,1
2026-04-13,2026-04-13 12:13:00,461.08,461.1,461.08,461.1,0.0,89.88,40987.42,1
2026-04-13,2026-04-13 12:14:00,461.1,461.11,461.1,461.11,0.0,89.88,40987.42,1
2026-04-13,2026-04-13 12:15:00,461.11,461.13,461.11,461.13,0.0,89.88,40987.42,1
2026-04-13,2026-04-13 12:16:00,461.13,461.15,461.13,461.15,0.0,89.88,40987.42,1
2026-04-13,2026-04-13 12:17:00,461.15,461.17,461.15,461.17,0.0,89.88,40987.42,1
2026-04-13,2026-04-13 12:18:00,461.17,461.18,461.17,461.18,0.0,89.88,40987.42,1
2026-04-13,2026-04-13 12:19:00,461.18,461.2,461.18,461.2,0.0,89.88,40987.42,1
2026-04-13,2026-04-13 12:20:00,461.2,461.22,461.2,461.22,0.0,89.88,40987.42,1
2026-04-13,2026-04-13 12:21:00,461.22,461.24,461.22,461.24,0.0,89.88,40987.42,1
2026-04-13,2026-04-13 12:22:00,461.24,461.25,461.24,461.25,0.0,89.88,40987.42,1
2026-04-13,2026-04-13 12:23:00,461.25,461.27,461.25,461.27,0.0,89.88,40987.42,1
2026-04-13,2026-04-13 12:24:00,461.27,461.29,461.27,461.29,0.0,89.88,40987.42,1
2026-04-13,2026-04-13 12:25:00,461.29,461.31,461.29,461.31,0.0,89.88,40987.42,1
2026-04-13,2026-04-13 12:26:00,461.31,461.32,461.31,461.32,0.0,89.88,40987.42,1
2026-04-13,2026-04-13 12:27:00,461.32,461.34,461.32,461.34,0.0,89.88,40987.42,1
2026-04-13,2026-04-13 12:28:00,461.34,461.36,461.34,461.36,0.0,89.88,40987.42,1
2026-04-13,2026-04-13 12:29:00,461.36,461.38,461.36,461.38,0.0,89.88,40987.42,1
2026-04-13,2026-04-13 12:30:00,461.38,461.39,461.38,461.39,0.0,89.88,40987.42,1
2026-04-13,2026-04-13 12:31:00,461.39,461.41,461.39,461.41,0.0,89.88,40987.42,1
2026-04-13,2026-04-13 12:32:00,461.41,461.43,461.41,461.43,0.0,89.88,40987.42,1
2026-04-13,2026-04-13 12:33:00,461.43,461.44,461.43,461.44,0.0,89.88,40987.42,1
2026-04-13,2026-04-13 12:34:00,461.44,461.46,461.44,461.46,0.0,89.88,40987.42,1
2026-04-13,2026-04-13 12:35:00,461.46,461.48,461.46,461.48,0.0,89.88,40987.42,1
2026-04-13,2026-04-13 12:36:00,461.48,461.5,461.48,461.5,0.0,89.88,40987.42,1
2026-04-13,2026-04-13 12:37:00,461.5,461.51,461.5,461.51,0.0,89.88,40987.42,1
2026-04-13,2026-04-13 12:38:00,461.51,461.53,461.51,461.53,0.0,89.88,40987.42,1
2026-04-13,2026-04-13 12:39:00,461.53,461.55,461.53,461.55,0.0,89.88,40987.42,1
2026-04-13,2026-04-13 12:40:00,461.55,461.57,461.55,461.57,0.0,89.88,40987.42,1
2026-04-13,2026-04-13 12:41:00,461.57,461.58,461.57,461.58,0.0,89.88,40987.42,1
2026-04-13,2026-04-13 12:42:00,461.58,461.6,461.58,461.6,0.0,89.88,40987.42,1
2026-04-13,2026-04-13 12:43:00,461.6,461.62,461.6,461.62,0.0,89.88,40987.42,1
2026-04-13,2026-04-13 12:44:00,461.62,461.64,461.62,461.64,0.0,89.88,40987.42,1
2026-04-13,2026-04-13 12:45:00,461.64,461.66,461.64,461.66,0.0,89.88,40987.42,1
2026-04-13,2026-04-13 12:46:00,461.66,461.67,461.66,461.67,0.0,89.88,40987.42,1
2026-04-13,2026-04-13 12:47:00,461.67,461.69,461.67,461.69,0.0,89.88,40987.42,1
2026-04-13,2026-04-13 12:48:00,461.69,461.71,461.69,461.71,0.0,89.88,40987.42,1
2026-04-13,2026-04-13 12:49:00,461.71,461.73,461.71,461.73,0.0,89.88,40987.42,1
2026-04-13,2026-04-13 12:50:00,461.73,461.74,461.73,461.74,0.0,89.88,40987.42,1
2026-04-13,2026-04-13 12:51:00,461.74,461.76,461.74,461.76,0.0,89.88,40987.42,1
2026-04-13,2026-04-13 12:52:00,461.76,461.78,461.76,461.78,0.0,89.88,40987.42,1
2026-04-13,2026-04-13 12:53:00,461.78,461.8,461.78,461.8,0.0,89.88,40987.42,1
2026-04-13,2026-04-13 12:54:00,461.8,461.81,461.8,461.81,0.0,89.88,40987.42,1
2026-04-13,2026-04-13 12:55:00,461.81,461.83,461.81,461.83,0.0,89.88,40987.42,1
2026-04-13,2026-04-13 12:56:00,461.83,461.85,461.83,461.85,0.0,89.88,40987.42,1
2026-04-13,2026-04-13 12:57:00,461.85,461.87,461.85,461.87,0.0,89.88,40987.42,1
2026-04-13,2026-04-13 12:58:00,461.87,461.88,461.87,461.88,0.0,89.88,40987.42,1
2026-04-13,2026-04-13 12:59:00,461.88,461.9,461.88,461.9,0.0,89.88,40987.42,1
2026-04-13,2026-04-13 13:00:00,461.9,467.0,442.1,461.92,0.0,89.88,40987.42,1
2026-04-13,2026-04-13 13:01:00,461.92,461.94,461.92,461.94,0.0,89.88,40987.42,1
2026-04-13,2026-04-13 13:02:00,461.94,461.95,461.94,461.95,0.0,89.88,40987.42,1
2026-04-13,2026-04-13 13:03:00,461.95,461.97,461.95,461.97,0.0,89.88,40987.42,1
2026-04-13,2026-04-13 13:04:00,461.97,461.99,461.97,461.99,0.0,89.88,40987.42,1
2026-04-13,2026-04-13 13:05:00,461.99,462.0,461.99,462.0,0.0,89.88,40987.42,1
2026-04-13,2026-04-13 13:06:00,462.0,462.02,462.0,462.02,0.0,89.88,40987.42,1
2026-04-13,2026-04-13 13:07:00,462.02,462.04,462.02,462.04,0.0,89.88,40987.42,1
2026-04-13,2026-04-13 13:08:00,462.04,462.06,462.04,462.06,0.0,89.88,40987.42,1
2026-04-13,2026-04-13 13:09:00,462.06,462.07,462.06,462.07,0.0,89.88,40987.42,1
2026-04-13,2026-04-13 13:10:00,462.07,462.09,462.07,462.09,0.0,89.88,40987.42,1
2026-04-13,2026-04-13 13:11:00,462.09,462.11,462.09,462.11,0.0,89.88,40987.42,1
2026-04-13,2026-04-13 13:12:00,462.11,462.13,462.11,462.13,0.0,89.88,40987.42,1
2026-04-13,2026-04-13 13:13:00,462.13,462.14,462.13,462.14,0.0,89.88,40987.42,1
2026-04-13,2026-04-13 13:14:00,462.14,462.16,462.14,462.16,0.0,89.88,40987.42,1
2026-04-13,2026-04-13 13:15:00,462.16,462.18,462.16,462.18,0.0,89.88,40987.42,1
2026-04-13,2026-04-13 13:16:00,462.18,462.2,462.18,462.2,0.0,89.88,40987.42,1
2026-04-13,2026-04-13 13:17:00,462.2,462.22,462.2,462.22,0.0,89.88,40987.42,1
2026-04-13,2026-04-13 13:18:00,462.22,462.23,462.22,462.23,0.0,89.88,40987.42,1
2026-04-13,2026-04-13 13:19:00,462.23,462.25,462.23,462.25,0.0,89.88,40987.42,1
2026-04-13,2026-04-13 13:20:00,462.25,462.27,462.25,462.27,0.0,89.88,40987.42,1
2026-04-13,2026-04-13 13:21:00,462.27,462.29,462.27,462.29,0.0,89.88,40987.42,1
2026-04-13,2026-04-13 13:22:00,462.29,462.3,462.29,462.3,0.0,89.88,40987.42,1
2026-04-13,2026-04-13 13:23:00,462.3,462.32,462.3,462.32,0.0,89.88,40987.42,1
2026-04-13,2026-04-13 13:24:00,462.32,462.34,462.32,462.34,0.0,89.88,40987.42,1
2026-04-13,2026-04-13 13:25:00,462.34,462.36,462.34,462.36,0.0,89.88,40987.42,1
2026-04-13,2026-04-13 13:26:00,462.36,462.37,462.36,462.37,0.0,89.88,40987.42,1
2026-04-13,2026-04-13 13:27:00,462.37,462.39,462.37,462.39,0.0,89.88,40987.42,1
2026-04-13,2026-04-13 13:28:00,462.39,462.41,462.39,462.41,0.0,89.88,40987.42,1
2026-04-13,2026-04-13 13:29:00,462.41,462.43,462.41,462.43,0.0,89.88,40987.42,1
2026-04-13,2026-04-13 13:30:00,462.43,462.44,462.43,462.44,0.0,89.88,40987.42,1
2026-04-13,2026-04-13 13:31:00,462.44,462.46,462.44,462.46,0.0,89.88,40987.42,1
2026-04-13,2026-04-13 13:32:00,462.46,462.48,462.46,462.48,0.0,89.88,40987.42,1
2026-04-13,2026-04-13 13:33:00,462.48,462.5,462.48,462.5,0.0,89.88,40987.42,1
2026-04-13,2026-04-13 13:34:00,462.5,462.51,462.5,462.51,0.0,89.88,40987.42,1
2026-04-13,2026-04-13 13:35:00,462.51,462.53,462.51,462.53,0.0,89.88,40987.42,1
2026-04-13,2026-04-13 13:36:00,462.53,462.55,462.53,462.55,0.0,89.88,40987.42,1
2026-04-13,2026-04-13 13:37:00,462.55,462.56,462.55,462.56,0.0,89.88,40987.42,1
2026-04-13,2026-04-13 13:38:00,462.56,462.58,462.56,462.58,0.0,89.88,40987.42,1
2026-04-13,2026-04-13 13:39:00,462.58,462.6,462.58,462.6,0.0,89.88,40987.42,1
2026-04-13,2026-04-13 13:40:00,462.6,462.62,462.6,462.62,0.0,89.88,40987.42,1
2026-04-13,2026-04-13 13:41:00,462.62,462.63,462.62,462.63,0.0,89.88,40987.42,1
2026-04-13,2026-04-13 13:42:00,462.63,462.65,462.63,462.65,0.0,89.88,40987.42,1
2026-04-13,2026-04-13 13:43:00,462.65,462.67,462.65,462.67,0.0,89.88,40987.42,1
2026-04-13,2026-04-13 13:44:00,462.67,462.69,462.67,462.69,0.0,89.88,40987.42,1
2026-04-13,2026-04-13 13:45:00,462.69,462.7,462.69,462.7,0.0,89.88,40987.42,1
2026-04-13,2026-04-13 13:46:00,462.7,462.72,462.7,462.72,0.0,89.88,40987.42,1
2026-04-13,2026-04-13 13:47:00,462.72,462.74,462.72,462.74,0.0,89.88,40987.42,1
2026-04-13,2026-04-13 13:48:00,462.74,462.76,462.74,462.76,0.0,89.88,40987.42,1
2026-04-13,2026-04-13 13:49:00,462.76,462.77,462.76,462.77,0.0,89.88,40987.42,1
2026-04-13,2026-04-13 13:50:00,462.77,462.79,462.77,462.79,0.0,89.88,40987.42,1
2026-04-13,2026-04-13 13:51:00,462.79,462.81,462.79,462.81,0.0,89.88,40987.42,1
2026-04-13,2026-04-13 13:52:00,462.81,462.83,462.81,462.83,0.0,89.88,40987.42,1
2026-04-13,2026-04-13 13:53:00,462.83,462.85,462.83,462.85,0.0,89.88,40987.42,1
2026-04-13,2026-04-13 13:54:00,462.85,462.86,462.85,462.86,0.0,89.88,40987.42,1
2026-04-13,2026-04-13 13:55:00,462.86,462.88,462.86,462.88,0.0,89.88,40987.42,1
2026-04-13,2026-04-13 13:56:00,462.88,462.9,462.88,462.9,0.0,89.88,40987.42,1
2026-04-13,2026-04-13 13:57:00,462.9,462.92,462.9,462.92,0.0,89.88,40987.42,1
2026-04-13,2026-04-13 13:58:00,462.92,462.93,462.92,462.93,0.0,89.88,40987.42,1
2026-04-13,2026-04-13 13:59:00,462.93,462.95,462.93,462.95,0.0,89.88,40987.42,1
2026-04-13,2026-04-13 14:00:00,462.95,462.97,462.95,462.97,0.0,89.88,40987.42,1
2026-04-13,2026-04-13 14:01:00,462.97,462.99,462.97,462.99,0.0,89.88,40987.42,1
2026-04-13,2026-04-13 14:02:00,462.99,463.0,462.99,463.0,0.0,89.88,40987.42,1
2026-04-13,2026-04-13 14:03:00,463.0,463.02,463.0,463.02,0.0,89.88,40987.42,1
2026-04-13,2026-04-13 14:04:00,463.02,463.04,463.02,463.04,0.0,89.88,40987.42,1
2026-04-13,2026-04-13 14:05:00,463.04,463.06,463.04,463.06,0.0,89.88,40987.42,1
2026-04-13,2026-04-13 14:06:00,463.06,463.07,463.06,463.07,0.0,89.88,40987.42,1
2026-04-13,2026-04-13 14:07:00,463.07,463.09,463.07,463.09,0.0,89.88,40987.42,1
2026-04-13,2026-04-13 14:08:00,463.09,463.11,463.09,463.11,0.0,89.88,40987.42,1
2026-04-13,2026-04-13 14:09:00,463.11,463.12,463.11,463.12,0.0,89.88,40987.42,1
2026-04-13,2026-04-13 14:10:00,463.12,463.14,463.12,463.14,0.0,89.88,40987.42,1
2026-04-13,2026-04-13 14:11:00,463.14,463.16,463.14,463.16,0.0,89.88,40987.42,1
2026-04-13,2026-04-13 14:12:00,463.16,463.18,463.16,463.18,0.0,89.88,40987.42,1
2026-04-13,2026-04-13 14:13:00,463.18,463.19,463.18,463.19,0.0,89.88,40987.42,1
2026-04-13,2026-04-13 14:14:00,463.19,463.21,463.19,463.21,0.0,89.88,40987.42,1
2026-04-13,2026-04-13 14:15:00,463.21,463.23,463.21,463.23,0.0,89.88,40987.42,1
2026-04-13,2026-04-13 14:16:00,463.23,463.25,463.23,463.25,0.0,89.88,40987.42,1
2026-04-13,2026-04-13 14:17:00,463.25,463.26,463.25,463.26,0.0,89.88,40987.42,1
2026-04-13,2026-04-13 14:18:00,463.26,463.28,463.26,463.28,0.0,89.88,40987.42,1
2026-04-13,2026-04-13 14:19:00,463.28,463.3,463.28,463.3,0.0,89.88,40987.42,1
2026-04-13,2026-04-13 14:20:00,463.3,463.32,463.3,463.32,0.0,89.88,40987.42,1
2026-04-13,2026-04-13 14:21:00,463.32,463.33,463.32,463.33,0.0,89.88,40987.42,1
2026-04-13,2026-04-13 14:22:00,463.33,463.35,463.33,463.35,0.0,89.88,40987.42,1
2026-04-13,2026-04-13 14:23:00,463.35,463.37,463.35,463.37,0.0,89.88,40987.42,1
2026-04-13,2026-04-13 14:24:00,463.37,463.39,463.37,463.39,0.0,89.88,40987.42,1
2026-04-13,2026-04-13 14:25:00,463.39,463.41,463.39,463.41,0.0,89.88,40987.42,1
2026-04-13,2026-04-13 14:26:00,463.41,463.42,463.41,463.42,0.0,89.88,40987.42,1
2026-04-13,2026-04-13 14:27:00,463.42,463.44,463.42,463.44,0.0,89.88,40987.42,1
2026-04-13,2026-04-13 14:28:00,463.44,463.46,463.44,463.46,0.0,89.88,40987.42,1
2026-04-13,2026-04-13 14:29:00,463.46,463.48,463.46,463.48,0.0,89.88,40987.42,1
2026-04-13,2026-04-13 14:30:00,463.48,463.49,463.48,463.49,0.0,89.88,40987.42,1
2026-04-13,2026-04-13 14:31:00,463.49,463.51,463.49,463.51,0.0,89.88,40987.42,1
2026-04-13,2026-04-13 14:32:00,463.51,463.53,463.51,463.53,0.0,89.88,40987.42,1
2026-04-13,2026-04-13 14:33:00,463.53,463.55,463.53,463.55,0.0,89.88,40987.42,1
2026-04-13,2026-04-13 14:34:00,463.55,463.56,463.55,463.56,0.0,89.88,40987.42,1
2026-04-13,2026-04-13 14:35:00,463.56,463.58,463.56,463.58,0.0,89.88,40987.42,1
2026-04-13,2026-04-13 14:36:00,463.58,463.6,463.58,463.6,0.0,89.88,40987.42,1
2026-04-13,2026-04-13 14:37:00,463.6,463.62,463.6,463.62,0.0,89.88,40987.42,1
2026-04-13,2026-04-13 14:38:00,463.62,463.63,463.62,463.63,0.0,89.88,40987.42,1
2026-04-13,2026-04-13 14:39:00,463.63,463.65,463.63,463.65,0.0,89.88,40987.42,1
2026-04-13,2026-04-13 14:40:00,463.65,463.67,463.65,463.67,0.0,89.88,40987.42,1
2026-04-13,2026-04-13 14:41:00,463.67,463.69,463.67,463.69,0.0,89.88,40987.42,1
2026-04-13,2026-04-13 14:42:00,463.69,463.7,463.69,463.7,0.0,89.88,40987.42,1
2026-04-13,2026-04-13 14:43:00,463.7,463.72,463.7,463.72,0.0,89.88,40987.42,1
2026-04-13,2026-04-13 14:44:00,463.72,463.74,463.72,463.74,0.0,89.88,40987.42,1
2026-04-13,2026-04-13 14:45:00,463.74,463.75,463.74,463.75,0.0,89.88,40987.42,1
2026-04-13,2026-04-13 14:46:00,463.75,463.77,463.75,463.77,0.0,89.88,40987.42,1
2026-04-13,2026-04-13 14:47:00,463.77,463.79,463.77,463.79,0.0,89.88,40987.42,1
2026-04-13,2026-04-13 14:48:00,463.79,463.81,463.79,463.81,0.0,89.88,40987.42,1
2026-04-13,2026-04-13 14:49:00,463.81,463.82,463.81,463.82,0.0,89.88,40987.42,1
2026-04-13,2026-04-13 14:50:00,463.82,463.84,463.82,463.84,0.0,89.88,40987.42,1
2026-04-13,2026-04-13 14:51:00,463.84,463.86,463.84,463.86,0.0,89.88,40987.42,1
2026-04-13,2026-04-13 14:52:00,463.86,463.88,463.86,463.88,0.0,89.88,40987.42,1
2026-04-13,2026-04-13 14:53:00,463.88,463.89,463.88,463.89,0.0,89.88,40987.42,1
2026-04-13,2026-04-13 14:54:00,463.89,463.91,463.89,463.91,0.0,89.88,40987.42,1
2026-04-13,2026-04-13 14:55:00,463.91,463.93,463.91,463.93,0.0,89.88,40987.42,1
2026-04-13,2026-04-13 14:56:00,463.93,463.95,463.93,463.95,0.0,89.88,40987.42,1
2026-04-13,2026-04-13 14:57:00,463.95,463.96,463.95,463.96,0.0,89.88,40987.42,1
2026-04-13,2026-04-13 14:58:00,463.96,463.98,463.96,463.98,0.0,89.88,40987.42,1
2026-04-13,2026-04-13 14:59:00,463.98,464.0,463.98,464.0,0.0,89.88,40987.42,1
2026-04-13,2026-04-13 15:00:00,464.0,467.0,442.1,464.0,0.0,89.88,40987.42,0
2026-04-15,2026-04-15 11:00:00,464.0,467.3,462.8,464.05,0.01,44.51,20959.68,1
2026-04-15,2026-04-15 11:01:00,464.05,464.09,464.05,464.09,0.01,44.51,20959.68,1
2026-04-15,2026-04-15 11:02:00,464.09,464.14,464.09,464.14,0.01,44.51,20959.68,1
2026-04-15,2026-04-15 11:03:00,464.14,464.18,464.14,464.18,0.01,44.51,20959.68,1
2026-04-15,2026-04-15 11:04:00,464.18,464.23,464.18,464.23,0.01,44.51,20959.68,1
2026-04-15,2026-04-15 11:05:00,464.23,464.27,464.23,464.27,0.01,44.51,20959.68,1
2026-04-15,2026-04-15 11:06:00,464.27,464.32,464.27,464.32,0.01,44.51,20959.68,1
2026-04-15,2026-04-15 11:07:00,464.32,464.37,464.32,464.37,0.01,44.51,20959.68,1
2026-04-15,2026-04-15 11:08:00,464.37,464.41,464.37,464.41,0.01,44.51,20959.68,1
2026-04-15,2026-04-15 11:09:00,464.41,464.46,464.41,464.46,0.01,44.51,20959.68,1
2026-04-15,2026-04-15 11:10:00,464.46,464.5,464.46,464.5,0.01,44.51,20959.68,1
2026-04-15,2026-04-15 11:11:00,464.5,464.55,464.5,464.55,0.01,44.51,20959.68,1
2026-04-15,2026-04-15 11:12:00,464.55,464.6,464.55,464.6,0.01,44.51,20959.68,1
2026-04-15,2026-04-15 11:13:00,464.6,464.64,464.6,464.64,0.01,44.51,20959.68,1
2026-04-15,2026-04-15 11:14:00,464.64,464.69,464.64,464.69,0.01,44.51,20959.68,1
2026-04-15,2026-04-15 11:15:00,464.69,464.73,464.69,464.73,0.01,44.51,20959.68,1
2026-04-15,2026-04-15 11:16:00,464.73,464.78,464.73,464.78,0.01,44.51,20959.68,1
2026-04-15,2026-04-15 11:17:00,464.78,464.82,464.78,464.82,0.01,44.51,20959.68,1
2026-04-15,2026-04-15 11:18:00,464.82,464.87,464.82,464.87,0.01,44.51,20959.68,1
2026-04-15,2026-04-15 11:19:00,464.87,464.92,464.87,464.92,0.01,44.51,20959.68,1
2026-04-15,2026-04-15 11:20:00,464.92,464.96,464.92,464.96,0.01,44.51,20959.68,1
2026-04-15,2026-04-15 11:21:00,464.96,465.01,464.96,465.01,0.01,44.51,20959.68,1
2026-04-15,2026-04-15 11:22:00,465.01,465.05,465.01,465.05,0.01,44.51,20959.68,1
2026-04-15,2026-04-15 11:23:00,465.05,465.1,465.05,465.1,0.01,44.51,20959.68,1
2026-04-15,2026-04-15 11:24:00,465.1,465.15,465.1,465.15,0.01,44.51,20959.68,1
2026-04-15,2026-04-15 11:25:00,465.15,465.19,465.15,465.19,0.01,44.51,20959.68,1
2026-04-15,2026-04-15 11:26:00,465.19,465.24,465.19,465.24,0.01,44.51,20959.68,1
2026-04-15,2026-04-15 11:27:00,465.24,465.28,465.24,465.28,0.01,44.51,20959.68,1
2026-04-15,2026-04-15 11:28:00,465.28,465.33,465.28,465.33,0.01,44.51,20959.68,1
2026-04-15,2026-04-15 11:29:00,465.33,465.38,465.33,465.38,0.01,44.51,20959.68,1
2026-04-15,2026-04-15 11:30:00,465.38,465.42,465.38,465.42,0.01,44.51,20959.68,1
2026-04-15,2026-04-15 11:31:00,465.42,465.47,465.42,465.47,0.01,44.51,20959.68,1
2026-04-15,2026-04-15 11:32:00,465.47,465.51,465.47,465.51,0.01,44.51,20959.68,1
2026-04-15,2026-04-15 11:33:00,465.51,465.56,465.51,465.56,0.01,44.51,20959.68,1
2026-04-15,2026-04-15 11:34:00,465.56,465.6,465.56,465.6,0.01,44.51,20959.68,1
2026-04-15,2026-04-15 11:35:00,465.6,465.65,465.6,465.65,0.01,44.51,20959.68,1
2026-04-15,2026-04-15 11:36:00,465.65,465.7,465.65,465.7,0.01,44.51,20959.68,1
2026-04-15,2026-04-15 11:37:00,465.7,465.74,465.7,465.74,0.01,44.51,20959.68,1
2026-04-15,2026-04-15 11:38:00,465.74,465.79,465.74,465.79,0.01,44.51,20959.68,1
2026-04-15,2026-04-15 11:39:00,465.79,465.83,465.79,465.83,0.01,44.51,20959.68,1
2026-04-15,2026-04-15 11:40:00,465.83,465.88,465.83,465.88,0.01,44.51,20959.68,1
2026-04-15,2026-04-15 11:41:00,465.88,465.93,465.88,465.93,0.01,44.51,20959.68,1
2026-04-15,2026-04-15 11:42:00,465.93,465.97,465.93,465.97,0.01,44.51,20959.68,1
2026-04-15,2026-04-15 11:43:00,465.97,466.02,465.97,466.02,0.01,44.51,20959.68,1
2026-04-15,2026-04-15 11:44:00,466.02,466.06,466.02,466.06,0.01,44.51,20959.68,1
2026-04-15,2026-04-15 11:45:00,466.06,466.11,466.06,466.11,0.01,44.51,20959.68,1
2026-04-15,2026-04-15 11:46:00,466.11,466.15,466.11,466.15,0.01,44.51,20959.68,1
2026-04-15,2026-04-15 11:47:00,466.15,466.2,466.15,466.2,0.01,44.51,20959.68,1
2026-04-15,2026-04-15 11:48:00,466.2,466.25,466.2,466.25,0.01,44.51,20959.68,1
2026-04-15,2026-04-15 11:49:00,466.25,466.29,466.25,466.29,0.01,44.51,20959.68,1
2026-04-15,2026-04-15 11:50:00,466.29,466.34,466.29,466.34,0.01,44.51,20959.68,1
2026-04-15,2026-04-15 11:51:00,466.34,466.38,466.34,466.38,0.01,44.51,20959.68,1
2026-04-15,2026-04-15 11:52:00,466.38,466.43,466.38,466.43,0.01,44.51,20959.68,1
2026-04-15,2026-04-15 11:53:00,466.43,466.48,466.43,466.48,0.01,44.51,20959.68,1
2026-04-15,2026-04-15 11:54:00,466.48,466.52,466.48,466.52,0.01,44.51,20959.68,1
2026-04-15,2026-04-15 11:55:00,466.52,466.57,466.52,466.57,0.01,44.51,20959.68,1
2026-04-15,2026-04-15 11:56:00,466.57,466.61,466.57,466.61,0.01,44.51,20959.68,1
2026-04-15,2026-04-15 11:57:00,466.61,466.66,466.61,466.66,0.01,44.51,20959.68,1
2026-04-15,2026-04-15 11:58:00,466.66,466.7,466.66,466.7,0.01,44.51,20959.68,1
2026-04-15,2026-04-15 11:59:00,466.7,466.75,466.7,466.75,0.01,44.51,20959.68,1
2026-04-15,2026-04-15 12:00:00,466.75,466.8,466.75,466.8,0.01,44.51,20959.68,1
2026-04-15,2026-04-15 12:01:00,466.8,466.84,466.8,466.84,0.01,44.51,20959.68,1
2026-04-15,2026-04-15 12:02:00,466.84,466.89,466.84,466.89,0.01,44.51,20959.68,1
2026-04-15,2026-04-15 12:03:00,466.89,466.93,466.89,466.93,0.01,44.51,20959.68,1
2026-04-15,2026-04-15 12:04:00,466.93,466.98,466.93,466.98,0.01,44.51,20959.68,1
2026-04-15,2026-04-15 12:05:00,466.98,467.02,466.98,467.02,0.01,44.51,20959.68,1
2026-04-15,2026-04-15 12:06:00,467.02,467.07,467.02,467.07,0.01,44.51,20959.68,1
2026-04-15,2026-04-15 12:07:00,467.07,467.12,467.07,467.12,0.01,44.51,20959.68,1
2026-04-15,2026-04-15 12:08:00,467.12,467.16,467.12,467.16,0.01,44.51,20959.68,1
2026-04-15,2026-04-15 12:09:00,467.16,467.21,467.16,467.21,0.01,44.51,20959.68,1
2026-04-15,2026-04-15 12:10:00,467.21,467.25,467.21,467.25,0.01,44.51,20959.68,1
2026-04-15,2026-04-15 12:11:00,467.25,467.3,467.25,467.3,0.01,44.51,20959.68,1
2026-04-15,2026-04-15 12:12:00,467.3,467.35,467.3,467.35,0.01,44.51,20959.68,1
2026-04-15,2026-04-15 12:13:00,467.35,467.39,467.35,467.39,0.01,44.51,20959.68,1
2026-04-15,2026-04-15 12:14:00,467.39,467.44,467.39,467.44,0.01,44.51,20959.68,1
2026-04-15,2026-04-15 12:15:00,467.44,467.48,467.44,467.48,0.01,44.51,20959.68,1
2026-04-15,2026-04-15 12:16:00,467.48,467.53,467.48,467.53,0.01,44.51,20959.68,1
2026-04-15,2026-04-15 12:17:00,467.53,467.57,467.53,467.57,0.01,44.51,20959.68,1
2026-04-15,2026-04-15 12:18:00,467.57,467.62,467.57,467.62,0.01,44.51,20959.68,1
2026-04-15,2026-04-15 12:19:00,467.62,467.67,467.62,467.67,0.01,44.51,20959.68,1
2026-04-15,2026-04-15 12:20:00,467.67,467.71,467.67,467.71,0.01,44.51,20959.68,1
2026-04-15,2026-04-15 12:21:00,467.71,467.76,467.71,467.76,0.01,44.51,20959.68,1
2026-04-15,2026-04-15 12:22:00,467.76,467.8,467.76,467.8,0.01,44.51,20959.68,1
2026-04-15,2026-04-15 12:23:00,467.8,467.85,467.8,467.85,0.01,44.51,20959.68,1
2026-04-15,2026-04-15 12:24:00,467.85,467.9,467.85,467.9,0.01,44.51,20959.68,1
2026-04-15,2026-04-15 12:25:00,467.9,467.94,467.9,467.94,0.01,44.51,20959.68,1
2026-04-15,2026-04-15 12:26:00,467.94,467.99,467.94,467.99,0.01,44.51,20959.68,1
2026-04-15,2026-04-15 12:27:00,467.99,468.03,467.99,468.03,0.01,44.51,20959.68,1
2026-04-15,2026-04-15 12:28:00,468.03,468.08,468.03,468.08,0.01,44.51,20959.68,1
2026-04-15,2026-04-15 12:29:00,468.08,468.12,468.08,468.12,0.01,44.51,20959.68,1
2026-04-15,2026-04-15 12:30:00,468.12,468.17,468.12,468.17,0.01,44.51,20959.68,1
2026-04-15,2026-04-15 12:31:00,468.17,468.22,468.17,468.22,0.01,44.51,20959.68,1
2026-04-15,2026-04-15 12:32:00,468.22,468.26,468.22,468.26,0.01,44.51,20959.68,1
2026-04-15,2026-04-15 12:33:00,468.26,468.31,468.26,468.31,0.01,44.51,20959.68,1
2026-04-15,2026-04-15 12:34:00,468.31,468.35,468.31,468.35,0.01,44.51,20959.68,1
2026-04-15,2026-04-15 12:35:00,468.35,468.4,468.35,468.4,0.01,44.51,20959.68,1
2026-04-15,2026-04-15 12:36:00,468.4,468.45,468.4,468.45,0.01,44.51,20959.68,1
2026-04-15,2026-04-15 12:37:00,468.45,468.49,468.45,468.49,0.01,44.51,20959.68,1
2026-04-15,2026-04-15 12:38:00,468.49,468.54,468.49,468.54,0.01,44.51,20959.68,1
2026-04-15,2026-04-15 12:39:00,468.54,468.58,468.54,468.58,0.01,44.51,20959.68,1
2026-04-15,2026-04-15 12:40:00,468.58,468.63,468.58,468.63,0.01,44.51,20959.68,1
2026-04-15,2026-04-15 12:41:00,468.63,468.68,468.63,468.68,0.01,44.51,20959.68,1
2026-04-15,2026-04-15 12:42:00,468.68,468.72,468.68,468.72,0.01,44.51,20959.68,1
2026-04-15,2026-04-15 12:43:00,468.72,468.77,468.72,468.77,0.01,44.51,20959.68,1
2026-04-15,2026-04-15 12:44:00,468.77,468.81,468.77,468.81,0.01,44.51,20959.68,1
2026-04-15,2026-04-15 12:45:00,468.81,468.86,468.81,468.86,0.01,44.51,20959.68,1
2026-04-15,2026-04-15 12:46:00,468.86,468.9,468.86,468.9,0.01,44.51,20959.68,1
2026-04-15,2026-04-15 12:47:00,468.9,468.95,468.9,468.95,0.01,44.51,20959.68,1
2026-04-15,2026-04-15 12:48:00,468.95,469.0,468.95,469.0,0.01,44.51,20959.68,1
2026-04-15,2026-04-15 12:49:00,469.0,469.04,469.0,469.04,0.01,44.51,20959.68,1
2026-04-15,2026-04-15 12:50:00,469.04,469.09,469.04,469.09,0.01,44.51,20959.68,1
2026-04-15,2026-04-15 12:51:00,469.09,469.13,469.09,469.13,0.01,44.51,20959.68,1
2026-04-15,2026-04-15 12:52:00,469.13,469.18,469.13,469.18,0.01,44.51,20959.68,1
2026-04-15,2026-04-15 12:53:00,469.18,469.23,469.18,469.23,0.01,44.51,20959.68,1
2026-04-15,2026-04-15 12:54:00,469.23,469.27,469.23,469.27,0.01,44.51,20959.68,1
2026-04-15,2026-04-15 12:55:00,469.27,469.32,469.27,469.32,0.01,44.51,20959.68,1
2026-04-15,2026-04-15 12:56:00,469.32,469.36,469.32,469.36,0.01,44.51,20959.68,1
2026-04-15,2026-04-15 12:57:00,469.36,469.41,469.36,469.41,0.01,44.51,20959.68,1
2026-04-15,2026-04-15 12:58:00,469.41,469.45,469.41,469.45,0.01,44.51,20959.68,1
2026-04-15,2026-04-15 12:59:00,469.45,469.5,469.45,469.5,0.01,44.51,20959.68,1
2026-04-15,2026-04-15 13:00:00,469.5,475.0,460.0,469.55,0.01,44.51,20959.68,1
2026-04-15,2026-04-15 13:01:00,469.55,469.59,469.55,469.59,0.01,44.51,20959.68,1
2026-04-15,2026-04-15 13:02:00,469.59,469.64,469.59,469.64,0.01,44.51,20959.68,1
2026-04-15,2026-04-15 13:03:00,469.64,469.68,469.64,469.68,0.01,44.51,20959.68,1
2026-04-15,2026-04-15 13:04:00,469.68,469.73,469.68,469.73,0.01,44.51,20959.68,1
2026-04-15,2026-04-15 13:05:00,469.73,469.77,469.73,469.77,0.01,44.51,20959.68,1
2026-04-15,2026-04-15 13:06:00,469.77,469.82,469.77,469.82,0.01,44.51,20959.68,1
2026-04-15,2026-04-15 13:07:00,469.82,469.87,469.82,469.87,0.01,44.51,20959.68,1
2026-04-15,2026-04-15 13:08:00,469.87,469.91,469.87,469.91,0.01,44.51,20959.68,1
2026-04-15,2026-04-15 13:09:00,469.91,469.96,469.91,469.96,0.01,44.51,20959.68,1
2026-04-15,2026-04-15 13:10:00,469.96,470.0,469.96,470.0,0.01,44.51,20959.68,1
2026-04-15,2026-04-15 13:11:00,470.0,470.05,470.0,470.05,0.01,44.51,20959.68,1
2026-04-15,2026-04-15 13:12:00,470.05,470.1,470.05,470.1,0.01,44.51,20959.68,1
2026-04-15,2026-04-15 13:13:00,470.1,470.14,470.1,470.14,0.01,44.51,20959.68,1
2026-04-15,2026-04-15 13:14:00,470.14,470.19,470.14,470.19,0.01,44.51,20959.68,1
2026-04-15,2026-04-15 13:15:00,470.19,470.23,470.19,470.23,0.01,44.51,20959.68,1
2026-04-15,2026-04-15 13:16:00,470.23,470.28,470.23,470.28,0.01,44.51,20959.68,1
2026-04-15,2026-04-15 13:17:00,470.28,470.32,470.28,470.32,0.01,44.51,20959.68,1
2026-04-15,2026-04-15 13:18:00,470.32,470.37,470.32,470.37,0.01,44.51,20959.68,1
2026-04-15,2026-04-15 13:19:00,470.37,470.42,470.37,470.42,0.01,44.51,20959.68,1
2026-04-15,2026-04-15 13:20:00,470.42,470.46,470.42,470.46,0.01,44.51,20959.68,1
2026-04-15,2026-04-15 13:21:00,470.46,470.51,470.46,470.51,0.01,44.51,20959.68,1
2026-04-15,2026-04-15 13:22:00,470.51,470.55,470.51,470.55,0.01,44.51,20959.68,1
2026-04-15,2026-04-15 13:23:00,470.55,470.6,470.55,470.6,0.01,44.51,20959.68,1
2026-04-15,2026-04-15 13:24:00,470.6,470.65,470.6,470.65,0.01,44.51,20959.68,1
2026-04-15,2026-04-15 13:25:00,470.65,470.69,470.65,470.69,0.01,44.51,20959.68,1
2026-04-15,2026-04-15 13:26:00,470.69,470.74,470.69,470.74,0.01,44.51,20959.68,1
2026-04-15,2026-04-15 13:27:00,470.74,470.78,470.74,470.78,0.01,44.51,20959.68,1
2026-04-15,2026-04-15 13:28:00,470.78,470.83,470.78,470.83,0.01,44.51,20959.68,1
2026-04-15,2026-04-15 13:29:00,470.83,470.88,470.83,470.88,0.01,44.51,20959.68,1
2026-04-15,2026-04-15 13:30:00,470.88,470.92,470.88,470.92,0.01,44.51,20959.68,1
2026-04-15,2026-04-15 13:31:00,470.92,470.97,470.92,470.97,0.01,44.51,20959.68,1
2026-04-15,2026-04-15 13:32:00,470.97,471.01,470.97,471.01,0.01,44.51,20959.68,1
2026-04-15,2026-04-15 13:33:00,471.01,471.06,471.01,471.06,0.01,44.51,20959.68,1
2026-04-15,2026-04-15 13:34:00,471.06,471.1,471.06,471.1,0.01,44.51,20959.68,1
2026-04-15,2026-04-15 13:35:00,471.1,471.15,471.1,471.15,0.01,44.51,20959.68,1
2026-04-15,2026-04-15 13:36:00,471.15,471.2,471.15,471.2,0.01,44.51,20959.68,1
2026-04-15,2026-04-15 13:37:00,471.2,471.24,471.2,471.24,0.01,44.51,20959.68,1
2026-04-15,2026-04-15 13:38:00,471.24,471.29,471.24,471.29,0.01,44.51,20959.68,1
2026-04-15,2026-04-15 13:39:00,471.29,471.33,471.29,471.33,0.01,44.51,20959.68,1
2026-04-15,2026-04-15 13:40:00,471.33,471.38,471.33,471.38,0.01,44.51,20959.68,1
2026-04-15,2026-04-15 13:41:00,471.38,471.43,471.38,471.43,0.01,44.51,20959.68,1
2026-04-15,2026-04-15 13:42:00,471.43,471.47,471.43,471.47,0.01,44.51,20959.68,1
2026-04-15,2026-04-15 13:43:00,471.47,471.52,471.47,471.52,0.01,44.51,20959.68,1
2026-04-15,2026-04-15 13:44:00,471.52,471.56,471.52,471.56,0.01,44.51,20959.68,1
2026-04-15,2026-04-15 13:45:00,471.56,471.61,471.56,471.61,0.01,44.51,20959.68,1
2026-04-15,2026-04-15 13:46:00,471.61,471.65,471.61,471.65,0.01,44.51,20959.68,1
2026-04-15,2026-04-15 13:47:00,471.65,471.7,471.65,471.7,0.01,44.51,20959.68,1
2026-04-15,2026-04-15 13:48:00,471.7,471.75,471.7,471.75,0.01,44.51,20959.68,1
2026-04-15,2026-04-15 13:49:00,471.75,471.79,471.75,471.79,0.01,44.51,20959.68,1
2026-04-15,2026-04-15 13:50:00,471.79,471.84,471.79,471.84,0.01,44.51,20959.68,1
2026-04-15,2026-04-15 13:51:00,471.84,471.88,471.84,471.88,0.01,44.51,20959.68,1
2026-04-15,2026-04-15 13:52:00,471.88,471.93,471.88,471.93,0.01,44.51,20959.68,1
2026-04-15,2026-04-15 13:53:00,471.93,471.98,471.93,471.98,0.01,44.51,20959.68,1
2026-04-15,2026-04-15 13:54:00,471.98,472.02,471.98,472.02,0.01,44.51,20959.68,1
2026-04-15,2026-04-15 13:55:00,472.02,472.07,472.02,472.07,0.01,44.51,20959.68,1
2026-04-15,2026-04-15 13:56:00,472.07,472.11,472.07,472.11,0.01,44.51,20959.68,1
2026-04-15,2026-04-15 13:57:00,472.11,472.16,472.11,472.16,0.01,44.51,20959.68,1
2026-04-15,2026-04-15 13:58:00,472.16,472.2,472.16,472.2,0.01,44.51,20959.68,1
2026-04-15,2026-04-15 13:59:00,472.2,472.25,472.2,472.25,0.01,44.51,20959.68,1
2026-04-15,2026-04-15 14:00:00,472.25,472.3,472.25,472.3,0.01,44.51,20959.68,1
2026-04-15,2026-04-15 14:01:00,472.3,472.34,472.3,472.34,0.01,44.51,20959.68,1
2026-04-15,2026-04-15 14:02:00,472.34,472.39,472.34,472.39,0.01,44.51,20959.68,1
2026-04-15,2026-04-15 14:03:00,472.39,472.43,472.39,472.43,0.01,44.51,20959.68,1
2026-04-15,2026-04-15 14:04:00,472.43,472.48,472.43,472.48,0.01,44.51,20959.68,1
2026-04-15,2026-04-15 14:05:00,472.48,472.52,472.48,472.52,0.01,44.51,20959.68,1
2026-04-15,2026-04-15 14:06:00,472.52,472.57,472.52,472.57,0.01,44.51,20959.68,1
2026-04-15,2026-04-15 14:07:00,472.57,472.62,472.57,472.62,0.01,44.51,20959.68,1
2026-04-15,2026-04-15 14:08:00,472.62,472.66,472.62,472.66,0.01,44.51,20959.68,1
2026-04-15,2026-04-15 14:09:00,472.66,472.71,472.66,472.71,0.01,44.51,20959.68,1
2026-04-15,2026-04-15 14:10:00,472.71,472.75,472.71,472.75,0.01,44.51,20959.68,1
2026-04-15,2026-04-15 14:11:00,472.75,472.8,472.75,472.8,0.01,44.51,20959.68,1
2026-04-15,2026-04-15 14:12:00,472.8,472.85,472.8,472.85,0.01,44.51,20959.68,1
2026-04-15,2026-04-15 14:13:00,472.85,472.89,472.85,472.89,0.01,44.51,20959.68,1
2026-04-15,2026-04-15 14:14:00,472.89,472.94,472.89,472.94,0.01,44.51,20959.68,1
2026-04-15,2026-04-15 14:15:00,472.94,472.98,472.94,472.98,0.01,44.51,20959.68,1
2026-04-15,2026-04-15 14:16:00,472.98,473.03,472.98,473.03,0.01,44.51,20959.68,1
2026-04-15,2026-04-15 14:17:00,473.03,473.07,473.03,473.07,0.01,44.51,20959.68,1
2026-04-15,2026-04-15 14:18:00,473.07,473.12,473.07,473.12,0.01,44.51,20959.68,1
2026-04-15,2026-04-15 14:19:00,473.12,473.17,473.12,473.17,0.01,44.51,20959.68,1
2026-04-15,2026-04-15 14:20:00,473.17,473.21,473.17,473.21,0.01,44.51,20959.68,1
2026-04-15,2026-04-15 14:21:00,473.21,473.26,473.21,473.26,0.01,44.51,20959.68,1
2026-04-15,2026-04-15 14:22:00,473.26,473.3,473.26,473.3,0.01,44.51,20959.68,1
2026-04-15,2026-04-15 14:23:00,473.3,473.35,473.3,473.35,0.01,44.51,20959.68,1
2026-04-15,2026-04-15 14:24:00,473.35,473.4,473.35,473.4,0.01,44.51,20959.68,1
2026-04-15,2026-04-15 14:25:00,473.4,473.44,473.4,473.44,0.01,44.51,20959.68,1
2026-04-15,2026-04-15 14:26:00,473.44,473.49,473.44,473.49,0.01,44.51,20959.68,1
2026-04-15,2026-04-15 14:27:00,473.49,473.53,473.49,473.53,0.01,44.51,20959.68,1
2026-04-15,2026-04-15 14:28:00,473.53,473.58,473.53,473.58,0.01,44.51,20959.68,1
2026-04-15,2026-04-15 14:29:00,473.58,473.62,473.58,473.62,0.01,44.51,20959.68,1
2026-04-15,2026-04-15 14:30:00,473.62,473.67,473.62,473.67,0.01,44.51,20959.68,1
2026-04-15,2026-04-15 14:31:00,473.67,473.72,473.67,473.72,0.01,44.51,20959.68,1
2026-04-15,2026-04-15 14:32:00,473.72,473.76,473.72,473.76,0.01,44.51,20959.68,1
2026-04-15,2026-04-15 14:33:00,473.76,473.81,473.76,473.81,0.01,44.51,20959.68,1
2026-04-15,2026-04-15 14:34:00,473.81,473.85,473.81,473.85,0.01,44.51,20959.68,1
2026-04-15,2026-04-15 14:35:00,473.85,473.9,473.85,473.9,0.01,44.51,20959.68,1
2026-04-15,2026-04-15 14:36:00,473.9,473.95,473.9,473.95,0.01,44.51,20959.68,1
2026-04-15,2026-04-15 14:37:00,473.95,473.99,473.95,473.99,0.01,44.51,20959.68,1
2026-04-15,2026-04-15 14:38:00,473.99,474.04,473.99,474.04,0.01,44.51,20959.68,1
2026-04-15,2026-04-15 14:39:00,474.04,474.08,474.04,474.08,0.01,44.51,20959.68,1
2026-04-15,2026-04-15 14:40:00,474.08,474.13,474.08,474.13,0.01,44.51,20959.68,1
2026-04-15,2026-04-15 14:41:00,474.13,474.18,474.13,474.18,0.01,44.51,20959.68,1
2026-04-15,2026-04-15 14:42:00,474.18,474.22,474.18,474.22,0.01,44.51,20959.68,1
2026-04-15,2026-04-15 14:43:00,474.22,474.27,474.22,474.27,0.01,44.51,20959.68,1
2026-04-15,2026-04-15 14:44:00,474.27,474.31,474.27,474.31,0.01,44.51,20959.68,1
2026-04-15,2026-04-15 14:45:00,474.31,474.36,474.31,474.36,0.01,44.51,20959.68,1
2026-04-15,2026-04-15 14:46:00,474.36,474.4,474.36,474.4,0.01,44.51,20959.68,1
2026-04-15,2026-04-15 14:47:00,474.4,474.45,474.4,474.45,0.01,44.51,20959.68,1
2026-04-15,2026-04-15 14:48:00,474.45,474.5,474.45,474.5,0.01,44.51,20959.68,1
2026-04-15,2026-04-15 14:49:00,474.5,474.54,474.5,474.54,0.01,44.51,20959.68,1
2026-04-15,2026-04-15 14:50:00,474.54,474.59,474.54,474.59,0.01,44.51,20959.68,1
2026-04-15,2026-04-15 14:51:00,474.59,474.63,474.59,474.63,0.01,44.51,20959.68,1
2026-04-15,2026-04-15 14:52:00,474.63,474.68,474.63,474.68,0.01,44.51,20959.68,1
2026-04-15,2026-04-15 14:53:00,474.68,474.73,474.68,474.73,0.01,44.51,20959.68,1
2026-04-15,2026-04-15 14:54:00,474.73,474.77,474.73,474.77,0.01,44.51,20959.68,1
2026-04-15,2026-04-15 14:55:00,474.77,474.82,474.77,474.82,0.01,44.51,20959.68,1
2026-04-15,2026-04-15 14:56:00,474.82,474.86,474.82,474.86,0.01,44.51,20959.68,1
2026-04-15,2026-04-15 14:57:00,474.86,474.91,474.86,474.91,0.01,44.51,20959.68,1
2026-04-15,2026-04-15 14:58:00,474.91,474.95,474.91,474.95,0.01,44.51,20959.68,1
2026-04-15,2026-04-15 14:59:00,474.95,475.0,474.95,475.0,0.01,44.51,20959.68,1
2026-04-15,2026-04-15 15:00:00,475.0,475.0,460.0,475.0,0.0,44.51,20959.68,0
2026-04-16,2026-04-16 11:00:00,465.5,466.85,454.1,465.39,-0.02,2957.52,1290987.77,-1
2026-04-16,2026-04-16 11:01:00,465.39,465.39,465.27,465.27,-0.03,2957.52,1290987.77,-1
2026-04-16,2026-04-16 11:02:00,465.27,465.27,465.16,465.16,-0.02,2957.52,1290987.77,-1
2026-04-16,2026-04-16 11:03:00,465.16,465.16,465.04,465.04,-0.03,2957.52,1290987.77,-1
2026-04-16,2026-04-16 11:04:00,465.04,465.04,464.93,464.93,-0.02,2957.52,1290987.77,-1
2026-04-16,2026-04-16 11:05:00,464.93,464.93,464.81,464.81,-0.03,2957.52,1290987.77,-1
2026-04-16,2026-04-16 11:06:00,464.81,464.81,464.7,464.7,-0.02,2957.52,1290987.77,-1
2026-04-16,2026-04-16 11:07:00,464.7,464.7,464.58,464.58,-0.03,2957.52,1290987.77,-1
2026-04-16,2026-04-16 11:08:00,464.58,464.58,464.47,464.47,-0.02,2957.52,1290987.77,-1
2026-04-16,2026-04-16 11:09:00,464.47,464.47,464.35,464.35,-0.03,2957.52,1290987.77,-1
2026-04-16,2026-04-16 11:10:00,464.35,464.35,464.24,464.24,-0.02,2957.52,1290987.77,-1
2026-04-16,2026-04-16 11:11:00,464.24,464.24,464.12,464.12,-0.03,2957.52,1290987.77,-1
2026-04-16,2026-04-16 11:12:00,464.12,464.12,464.01,464.01,-0.02,2957.52,1290987.77,-1
2026-04-16,2026-04-16 11:13:00,464.01,464.01,463.9,463.9,-0.02,2957.52,1290987.77,-1
2026-04-16,2026-04-16 11:14:00,463.9,463.9,463.78,463.78,-0.03,2957.52,1290987.77,-1
2026-04-16,2026-04-16 11:15:00,463.78,463.78,463.67,463.67,-0.02,2957.52,1290987.77,-1
2026-04-16,2026-04-16 11:16:00,463.67,463.67,463.55,463.55,-0.03,2957.52,1290987.77,-1
2026-04-16,2026-04-16 11:17:00,463.55,463.55,463.44,463.44,-0.02,2957.52,1290987.77,-1
2026-04-16,2026-04-16 11:18:00,463.44,463.44,463.32,463.32,-0.03,2957.52,1290987.77,-1
2026-04-16,2026-04-16 11:19:00,463.32,463.32,463.21,463.21,-0.02,2957.52,1290987.77,-1
2026-04-16,2026-04-16 11:20:00,463.21,463.21,463.09,463.09,-0.03,2957.52,1290987.77,-1
2026-04-16,2026-04-16 11:21:00,463.09,463.09,462.98,462.98,-0.02,2957.52,1290987.77,-1
2026-04-16,2026-04-16 11:22:00,462.98,462.98,462.86,462.86,-0.03,2957.52,1290987.77,-1
2026-04-16,2026-04-16 11:23:00,462.86,462.86,462.75,462.75,-0.02,2957.52,1290987.77,-1
2026-04-16,2026-04-16 11:24:00,462.75,462.75,462.64,462.64,-0.02,2957.52,1290987.77,-1
2026-04-16,2026-04-16 11:25:00,462.64,462.64,462.52,462.52,-0.03,2957.52,1290987.77,-1
2026-04-16,2026-04-16 11:26:00,462.52,462.52,462.41,462.41,-0.02,2957.52,1290987.77,-1
2026-04-16,2026-04-16 11:27:00,462.41,462.41,462.29,462.29,-0.03,2957.52,1290987.77,-1
2026-04-16,2026-04-16 11:28:00,462.29,462.29,462.18,462.18,-0.02,2957.52,1290987.77,-1
2026-04-16,2026-04-16 11:29:00,462.18,462.18,462.06,462.06,-0.03,2957.52,1290987.77,-1
2026-04-16,2026-04-16 11:30:00,462.06,462.06,461.95,461.95,-0.02,2957.52,1290987.77,-1
2026-04-16,2026-04-16 11:31:00,461.95,461.95,461.83,461.83,-0.03,2957.52,1290987.77,-1
2026-04-16,2026-04-16 11:32:00,461.83,461.83,461.72,461.72,-0.02,2957.52,1290987.77,-1
2026-04-16,2026-04-16 11:33:00,461.72,461.72,461.6,461.6,-0.03,2957.52,1290987.77,-1
2026-04-16,2026-04-16 11:34:00,461.6,461.6,461.49,461.49,-0.02,2957.52,1290987.77,-1
2026-04-16,2026-04-16 11:35:00,461.49,461.49,461.38,461.38,-0.02,2957.52,1290987.77,-1
2026-04-16,2026-04-16 11:36:00,461.38,461.38,461.26,461.26,-0.03,2957.52,1290987.77,-1
2026-04-16,2026-04-16 11:37:00,461.26,461.26,461.15,461.15,-0.02,2957.52,1290987.77,-1
2026-04-16,2026-04-16 11:38:00,461.15,461.15,461.03,461.03,-0.03,2957.52,1290987.77,-1
2026-04-16,2026-04-16 11:39:00,461.03,461.03,460.92,460.92,-0.02,2957.52,1290987.77,-1
2026-04-16,2026-04-16 11:40:00,460.92,460.92,460.8,460.8,-0.03,2957.52,1290987.77,-1
2026-04-16,2026-04-16 11:41:00,460.8,460.8,460.69,460.69,-0.02,2957.52,1290987.77,-1
2026-04-16,2026-04-16 11:42:00,460.69,460.69,460.57,460.57,-0.03,2957.52,1290987.77,-1
2026-04-16,2026-04-16 11:43:00,460.57,460.57,460.46,460.46,-0.02,2957.52,1290987.77,-1
2026-04-16,2026-04-16 11:44:00,460.46,460.46,460.34,460.34,-0.03,2957.52,1290987.77,-1
2026-04-16,2026-04-16 11:45:00,460.34,460.34,460.23,460.23,-0.02,2957.52,1290987.77,-1
2026-04-16,2026-04-16 11:46:00,460.23,460.23,460.11,460.11,-0.03,2957.52,1290987.77,-1
2026-04-16,2026-04-16 11:47:00,460.11,460.11,460.0,460.0,-0.02,2957.52,1290987.77,-1
2026-04-16,2026-04-16 11:48:00,460.0,460.0,459.89,459.89,-0.02,2957.52,1290987.77,-1
2026-04-16,2026-04-16 11:49:00,459.89,459.89,459.77,459.77,-0.03,2957.52,1290987.77,-1
2026-04-16,2026-04-16 11:50:00,459.77,459.77,459.66,459.66,-0.02,2957.52,1290987.77,-1
2026-04-16,2026-04-16 11:51:00,459.66,459.66,459.54,459.54,-0.03,2957.52,1290987.77,-1
2026-04-16,2026-04-16 11:52:00,459.54,459.54,459.43,459.43,-0.02,2957.52,1290987.77,-1
2026-04-16,2026-04-16 11:53:00,459.43,459.43,459.31,459.31,-0.03,2957.52,1290987.77,-1
2026-04-16,2026-04-16 11:54:00,459.31,459.31,459.2,459.2,-0.02,2957.52,1290987.77,-1
2026-04-16,2026-04-16 11:55:00,459.2,459.2,459.08,459.08,-0.03,2957.52,1290987.77,-1
2026-04-16,2026-04-16 11:56:00,459.08,459.08,458.97,458.97,-0.02,2957.52,1290987.77,-1
2026-04-16,2026-04-16 11:57:00,458.97,458.97,458.85,458.85,-0.03,2957.52,1290987.77,-1
2026-04-16,2026-04-16 11:58:00,458.85,458.85,458.74,458.74,-0.02,2957.52,1290987.77,-1
2026-04-16,2026-04-16 11:59:00,458.74,458.74,458.62,458.62,-0.03,2957.52,1290987.77,-1
2026-04-16,2026-04-16 12:00:00,458.62,458.62,458.51,458.51,-0.02,2957.52,1290987.77,-1
2026-04-16,2026-04-16 12:01:00,458.51,458.51,458.4,458.4,-0.02,2957.52,1290987.77,-1
2026-04-16,2026-04-16 12:02:00,458.4,458.4,458.28,458.28,-0.03,2957.52,1290987.77,-1
2026-04-16,2026-04-16 12:03:00,458.28,458.28,458.17,458.17,-0.02,2957.52,1290987.77,-1
2026-04-16,2026-04-16 12:04:00,458.17,458.17,458.05,458.05,-0.03,2957.52,1290987.77,-1
2026-04-16,2026-04-16 12:05:00,458.05,458.05,457.94,457.94,-0.02,2957.52,1290987.77,-1
2026-04-16,2026-04-16 12:06:00,457.94,457.94,457.82,457.82,-0.03,2957.52,1290987.77,-1
2026-04-16,2026-04-16 12:07:00,457.82,457.82,457.71,457.71,-0.02,2957.52,1290987.77,-1
2026-04-16,2026-04-16 12:08:00,457.71,457.71,457.59,457.59,-0.03,2957.52,1290987.77,-1
2026-04-16,2026-04-16 12:09:00,457.59,457.59,457.48,457.48,-0.02,2957.52,1290987.77,-1
2026-04-16,2026-04-16 12:10:00,457.48,457.48,457.36,457.36,-0.03,2957.52,1290987.77,-1
2026-04-16,2026-04-16 12:11:00,457.36,457.36,457.25,457.25,-0.02,2957.52,1290987.77,-1
2026-04-16,2026-04-16 12:12:00,457.25,457.25,457.14,457.14,-0.02,2957.52,1290987.77,-1
2026-04-16,2026-04-16 12:13:00,457.14,457.14,457.02,457.02,-0.03,2957.52,1290987.77,-1
2026-04-16,2026-04-16 12:14:00,457.02,457.02,456.91,456.91,-0.02,2957.52,1290987.77,-1
2026-04-16,2026-04-16 12:15:00,456.91,456.91,456.79,456.79,-0.03,2957.52,1290987.77,-1
2026-04-16,2026-04-16 12:16:00,456.79,456.79,456.68,456.68,-0.02,2957.52,1290987.77,-1
2026-04-16,2026-04-16 12:17:00,456.68,456.68,456.56,456.56,-0.03,2957.52,1290987.77,-1
2026-04-16,2026-04-16 12:18:00,456.56,456.56,456.45,456.45,-0.02,2957.52,1290987.77,-1
2026-04-16,2026-04-16 12:19:00,456.45,456.45,456.33,456.33,-0.03,2957.52,1290987.77,-1
2026-04-16,2026-04-16 12:20:00,456.33,456.33,456.22,456.22,-0.02,2957.52,1290987.77,-1
2026-04-16,2026-04-16 12:21:00,456.22,456.22,456.1,456.1,-0.03,2957.52,1290987.77,-1
2026-04-16,2026-04-16 12:22:00,456.1,456.1,455.99,455.99,-0.02,2957.52,1290987.77,-1
2026-04-16,2026-04-16 12:23:00,455.99,455.99,455.88,455.88,-0.02,2957.52,1290987.77,-1
2026-04-16,2026-04-16 12:24:00,455.88,455.88,455.76,455.76,-0.03,2957.52,1290987.77,-1
2026-04-16,2026-04-16 12:25:00,455.76,455.76,455.65,455.65,-0.02,2957.52,1290987.77,-1
2026-04-16,2026-04-16 12:26:00,455.65,455.65,455.53,455.53,-0.03,2957.52,1290987.77,-1
2026-04-16,2026-04-16 12:27:00,455.53,455.53,455.42,455.42,-0.02,2957.52,1290987.77,-1
2026-04-16,2026-04-16 12:28:00,455.42,455.42,455.3,455.3,-0.03,2957.52,1290987.77,-1
2026-04-16,2026-04-16 12:29:00,455.3,455.3,455.19,455.19,-0.02,2957.52,1290987.77,-1
2026-04-16,2026-04-16 12:30:00,455.19,455.19,455.07,455.07,-0.03,2957.52,1290987.77,-1
2026-04-16,2026-04-16 12:31:00,455.07,455.07,454.96,454.96,-0.02,2957.52,1290987.77,-1
2026-04-16,2026-04-16 12:32:00,454.96,454.96,454.84,454.84,-0.03,2957.52,1290987.77,-1
2026-04-16,2026-04-16 12:33:00,454.84,454.84,454.73,454.73,-0.02,2957.52,1290987.77,-1
2026-04-16,2026-04-16 12:34:00,454.73,454.73,454.61,454.61,-0.03,2957.52,1290987.77,-1
2026-04-16,2026-04-16 12:35:00,454.61,454.61,454.5,454.5,-0.02,2957.52,1290987.77,-1
2026-04-16,2026-04-16 12:36:00,454.5,454.5,454.39,454.39,-0.02,2957.52,1290987.77,-1
2026-04-16,2026-04-16 12:37:00,454.39,454.39,454.27,454.27,-0.03,2957.52,1290987.77,-1
2026-04-16,2026-04-16 12:38:00,454.27,454.27,454.16,454.16,-0.02,2957.52,1290987.77,-1
2026-04-16,2026-04-16 12:39:00,454.16,454.16,454.04,454.04,-0.03,2957.52,1290987.77,-1
2026-04-16,2026-04-16 12:40:00,454.04,454.04,453.93,453.93,-0.02,2957.52,1290987.77,-1
2026-04-16,2026-04-16 12:41:00,453.93,453.93,453.81,453.81,-0.03,2957.52,1290987.77,-1
2026-04-16,2026-04-16 12:42:00,453.81,453.81,453.7,453.7,-0.02,2957.52,1290987.77,-1
2026-04-16,2026-04-16 12:43:00,453.7,453.7,453.58,453.58,-0.03,2957.52,1290987.77,-1
2026-04-16,2026-04-16 12:44:00,453.58,453.58,453.47,453.47,-0.02,2957.52,1290987.77,-1
2026-04-16,2026-04-16 12:45:00,453.47,453.47,453.35,453.35,-0.03,2957.52,1290987.77,-1
2026-04-16,2026-04-16 12:46:00,453.35,453.35,453.24,453.24,-0.02,2957.52,1290987.77,-1
2026-04-16,2026-04-16 12:47:00,453.24,453.24,453.12,453.12,-0.03,2957.52,1290987.77,-1
2026-04-16,2026-04-16 12:48:00,453.12,453.12,453.01,453.01,-0.02,2957.52,1290987.77,-1
2026-04-16,2026-04-16 12:49:00,453.01,453.01,452.9,452.9,-0.02,2957.52,1290987.77,-1
2026-04-16,2026-04-16 12:50:00,452.9,452.9,452.78,452.78,-0.03,2957.52,1290987.77,-1
2026-04-16,2026-04-16 12:51:00,452.78,452.78,452.67,452.67,-0.02,2957.52,1290987.77,-1
2026-04-16,2026-04-16 12:52:00,452.67,452.67,452.55,452.55,-0.03,2957.52,1290987.77,-1
2026-04-16,2026-04-16 12:53:00,452.55,452.55,452.44,452.44,-0.02,2957.52,1290987.77,-1
2026-04-16,2026-04-16 12:54:00,452.44,452.44,452.32,452.32,-0.03,2957.52,1290987.77,-1
2026-04-16,2026-04-16 12:55:00,452.32,452.32,452.21,452.21,-0.02,2957.52,1290987.77,-1
2026-04-16,2026-04-16 12:56:00,452.21,452.21,452.09,452.09,-0.03,2957.52,1290987.77,-1
2026-04-16,2026-04-16 12:57:00,452.09,452.09,451.98,451.98,-0.02,2957.52,1290987.77,-1
2026-04-16,2026-04-16 12:58:00,451.98,451.98,451.86,451.86,-0.03,2957.52,1290987.77,-1
2026-04-16,2026-04-16 12:59:00,451.86,451.86,451.75,451.75,-0.02,2957.52,1290987.77,-1
2026-04-16,2026-04-16 13:00:00,451.75,470.0,427.5,451.64,-0.02,2957.52,1290987.77,-1
2026-04-16,2026-04-16 13:01:00,451.64,451.64,451.52,451.52,-0.03,2957.52,1290987.77,-1
2026-04-16,2026-04-16 13:02:00,451.52,451.52,451.41,451.41,-0.02,2957.52,1290987.77,-1
2026-04-16,2026-04-16 13:03:00,451.41,451.41,451.29,451.29,-0.03,2957.52,1290987.77,-1
2026-04-16,2026-04-16 13:04:00,451.29,451.29,451.18,451.18,-0.02,2957.52,1290987.77,-1
2026-04-16,2026-04-16 13:05:00,451.18,451.18,451.06,451.06,-0.03,2957.52,1290987.77,-1
2026-04-16,2026-04-16 13:06:00,451.06,451.06,450.95,450.95,-0.02,2957.52,1290987.77,-1
2026-04-16,2026-04-16 13:07:00,450.95,450.95,450.83,450.83,-0.03,2957.52,1290987.77,-1
2026-04-16,2026-04-16 13:08:00,450.83,450.83,450.72,450.72,-0.02,2957.52,1290987.77,-1
2026-04-16,2026-04-16 13:09:00,450.72,450.72,450.6,450.6,-0.03,2957.52,1290987.77,-1
2026-04-16,2026-04-16 13:10:00,450.6,450.6,450.49,450.49,-0.02,2957.52,1290987.77,-1
2026-04-16,2026-04-16 13:11:00,450.49,450.49,450.38,450.38,-0.02,2957.52,1290987.77,-1
2026-04-16,2026-04-16 13:12:00,450.38,450.38,450.26,450.26,-0.03,2957.52,1290987.77,-1
2026-04-16,2026-04-16 13:13:00,450.26,450.26,450.15,450.15,-0.02,2957.52,1290987.77,-1
2026-04-16,2026-04-16 13:14:00,450.15,450.15,450.03,450.03,-0.03,2957.52,1290987.77,-1
2026-04-16,2026-04-16 13:15:00,450.03,450.03,449.92,449.92,-0.02,2957.52,1290987.77,-1
2026-04-16,2026-04-16 13:16:00,449.92,449.92,449.8,449.8,-0.03,2957.52,1290987.77,-1
2026-04-16,2026-04-16 13:17:00,449.8,449.8,449.69,449.69,-0.02,2957.52,1290987.77,-1
2026-04-16,2026-04-16 13:18:00,449.69,449.69,449.57,449.57,-0.03,2957.52,1290987.77,-1
2026-04-16,2026-04-16 13:19:00,449.57,449.57,449.46,449.46,-0.02,2957.52,1290987.77,-1
2026-04-16,2026-04-16 13:20:00,449.46,449.46,449.34,449.34,-0.03,2957.52,1290987.77,-1
2026-04-16,2026-04-16 13:21:00,449.34,449.34,449.23,449.23,-0.02,2957.52,1290987.77,-1
2026-04-16,2026-04-16 13:22:00,449.23,449.23,449.11,449.11,-0.03,2957.52,1290987.77,-1
2026-04-16,2026-04-16 13:23:00,449.11,449.11,449.0,449.0,-0.02,2957.52,1290987.77,-1
2026-04-16,2026-04-16 13:24:00,449.0,449.0,448.89,448.89,-0.02,2957.52,1290987.77,-1
2026-04-16,2026-04-16 13:25:00,448.89,448.89,448.77,448.77,-0.03,2957.52,1290987.77,-1
2026-04-16,2026-04-16 13:26:00,448.77,448.77,448.66,448.66,-0.02,2957.52,1290987.77,-1
2026-04-16,2026-04-16 13:27:00,448.66,448.66,448.54,448.54,-0.03,2957.52,1290987.77,-1
2026-04-16,2026-04-16 13:28:00,448.54,448.54,448.43,448.43,-0.02,2957.52,1290987.77,-1
2026-04-16,2026-04-16 13:29:00,448.43,448.43,448.31,448.31,-0.03,2957.52,1290987.77,-1
2026-04-16,2026-04-16 13:30:00,448.31,448.31,448.2,448.2,-0.02,2957.52,1290987.77,-1
2026-04-16,2026-04-16 13:31:00,448.2,448.2,448.08,448.08,-0.03,2957.52,1290987.77,-1
2026-04-16,2026-04-16 13:32:00,448.08,448.08,447.97,447.97,-0.02,2957.52,1290987.77,-1
2026-04-16,2026-04-16 13:33:00,447.97,447.97,447.85,447.85,-0.03,2957.52,1290987.77,-1
2026-04-16,2026-04-16 13:34:00,447.85,447.85,447.74,447.74,-0.02,2957.52,1290987.77,-1
2026-04-16,2026-04-16 13:35:00,447.74,447.74,447.62,447.62,-0.03,2957.52,1290987.77,-1
2026-04-16,2026-04-16 13:36:00,447.62,447.62,447.51,447.51,-0.02,2957.52,1290987.77,-1
2026-04-16,2026-04-16 13:37:00,447.51,447.51,447.4,447.4,-0.02,2957.52,1290987.77,-1
2026-04-16,2026-04-16 13:38:00,447.4,447.4,447.28,447.28,-0.03,2957.52,1290987.77,-1
2026-04-16,2026-04-16 13:39:00,447.28,447.28,447.17,447.17,-0.02,2957.52,1290987.77,-1
2026-04-16,2026-04-16 13:40:00,447.17,447.17,447.05,447.05,-0.03,2957.52,1290987.77,-1
2026-04-16,2026-04-16 13:41:00,447.05,447.05,446.94,446.94,-0.02,2957.52,1290987.77,-1
2026-04-16,2026-04-16 13:42:00,446.94,446.94,446.82,446.82,-0.03,2957.52,1290987.77,-1
2026-04-16,2026-04-16 13:43:00,446.82,446.82,446.71,446.71,-0.02,2957.52,1290987.77,-1
2026-04-16,2026-04-16 13:44:00,446.71,446.71,446.59,446.59,-0.03,2957.52,1290987.77,-1
2026-04-16,2026-04-16 13:45:00,446.59,446.59,446.48,446.48,-0.02,2957.52,1290987.77,-1
2026-04-16,2026-04-16 13:46:00,446.48,446.48,446.36,446.36,-0.03,2957.52,1290987.77,-1
2026-04-16,2026-04-16 13:47:00,446.36,446.36,446.25,446.25,-0.02,2957.52,1290987.77,-1
2026-04-16,2026-04-16 13:48:00,446.25,446.25,446.14,446.14,-0.02,2957.52,1290987.77,-1
2026-04-16,2026-04-16 13:49:00,446.14,446.14,446.02,446.02,-0.03,2957.52,1290987.77,-1
2026-04-16,2026-04-16 13:50:00,446.02,446.02,445.91,445.91,-0.02,2957.52,1290987.77,-1
2026-04-16,2026-04-16 13:51:00,445.91,445.91,445.79,445.79,-0.03,2957.52,1290987.77,-1
2026-04-16,2026-04-16 13:52:00,445.79,445.79,445.68,445.68,-0.02,2957.52,1290987.77,-1
2026-04-16,2026-04-16 13:53:00,445.68,445.68,445.56,445.56,-0.03,2957.52,1290987.77,-1
2026-04-16,2026-04-16 13:54:00,445.56,445.56,445.45,445.45,-0.02,2957.52,1290987.77,-1
2026-04-16,2026-04-16 13:55:00,445.45,445.45,445.33,445.33,-0.03,2957.52,1290987.77,-1
2026-04-16,2026-04-16 13:56:00,445.33,445.33,445.22,445.22,-0.02,2957.52,1290987.77,-1
2026-04-16,2026-04-16 13:57:00,445.22,445.22,445.1,445.1,-0.03,2957.52,1290987.77,-1
2026-04-16,2026-04-16 13:58:00,445.1,445.1,444.99,444.99,-0.02,2957.52,1290987.77,-1
2026-04-16,2026-04-16 13:59:00,444.99,444.99,444.88,444.88,-0.02,2957.52,1290987.77,-1
2026-04-16,2026-04-16 14:00:00,444.88,444.88,444.76,444.76,-0.03,2957.52,1290987.77,-1
2026-04-16,2026-04-16 14:01:00,444.76,444.76,444.65,444.65,-0.02,2957.52,1290987.77,-1
2026-04-16,2026-04-16 14:02:00,444.65,444.65,444.53,444.53,-0.03,2957.52,1290987.77,-1
2026-04-16,2026-04-16 14:03:00,444.53,444.53,444.42,444.42,-0.02,2957.52,1290987.77,-1
2026-04-16,2026-04-16 14:04:00,444.42,444.42,444.3,444.3,-0.03,2957.52,1290987.77,-1
2026-04-16,2026-04-16 14:05:00,444.3,444.3,444.19,444.19,-0.02,2957.52,1290987.77,-1
2026-04-16,2026-04-16 14:06:00,444.19,444.19,444.07,444.07,-0.03,2957.52,1290987.77,-1
2026-04-16,2026-04-16 14:07:00,444.07,444.07,443.96,443.96,-0.02,2957.52,1290987.77,-1
2026-04-16,2026-04-16 14:08:00,443.96,443.96,443.84,443.84,-0.03,2957.52,1290987.77,-1
2026-04-16,2026-04-16 14:09:00,443.84,443.84,443.73,443.73,-0.02,2957.52,1290987.77,-1
2026-04-16,2026-04-16 14:10:00,443.73,443.73,443.61,443.61,-0.03,2957.52,1290987.77,-1
2026-04-16,2026-04-16 14:11:00,443.61,443.61,443.5,443.5,-0.02,2957.52,1290987.77,-1
2026-04-16,2026-04-16 14:12:00,443.5,443.5,443.39,443.39,-0.02,2957.52,1290987.77,-1
2026-04-16,2026-04-16 14:13:00,443.39,443.39,443.27,443.27,-0.03,2957.52,1290987.77,-1
2026-04-16,2026-04-16 14:14:00,443.27,443.27,443.16,443.16,-0.02,2957.52,1290987.77,-1
2026-04-16,2026-04-16 14:15:00,443.16,443.16,443.04,443.04,-0.03,2957.52,1290987.77,-1
2026-04-16,2026-04-16 14:16:00,443.04,443.04,442.93,442.93,-0.02,2957.52,1290987.77,-1
2026-04-16,2026-04-16 14:17:00,442.93,442.93,442.81,442.81,-0.03,2957.52,1290987.77,-1
2026-04-16,2026-04-16 14:18:00,442.81,442.81,442.7,442.7,-0.02,2957.52,1290987.77,-1
2026-04-16,2026-04-16 14:19:00,442.7,442.7,442.58,442.58,-0.03,2957.52,1290987.77,-1
2026-04-16,2026-04-16 14:20:00,442.58,442.58,442.47,442.47,-0.02,2957.52,1290987.77,-1
2026-04-16,2026-04-16 14:21:00,442.47,442.47,442.35,442.35,-0.03,2957.52,1290987.77,-1
2026-04-16,2026-04-16 14:22:00,442.35,442.35,442.24,442.24,-0.02,2957.52,1290987.77,-1
2026-04-16,2026-04-16 14:23:00,442.24,442.24,442.12,442.12,-0.03,2957.52,1290987.77,-1
2026-04-16,2026-04-16 14:24:00,442.12,442.12,442.01,442.01,-0.02,2957.52,1290987.77,-1
2026-04-16,2026-04-16 14:25:00,442.01,442.01,441.9,441.9,-0.02,2957.52,1290987.77,-1
2026-04-16,2026-04-16 14:26:00,441.9,441.9,441.78,441.78,-0.03,2957.52,1290987.77,-1
2026-04-16,2026-04-16 14:27:00,441.78,441.78,441.67,441.67,-0.02,2957.52,1290987.77,-1
2026-04-16,2026-04-16 14:28:00,441.67,441.67,441.55,441.55,-0.03,2957.52,1290987.77,-1
2026-04-16,2026-04-16 14:29:00,441.55,441.55,441.44,441.44,-0.02,2957.52,1290987.77,-1
2026-04-16,2026-04-16 14:30:00,441.44,441.44,441.32,441.32,-0.03,2957.52,1290987.77,-1
2026-04-16,2026-04-16 14:31:00,441.32,441.32,441.21,441.21,-0.02,2957.52,1290987.77,-1
2026-04-16,2026-04-16 14:32:00,441.21,441.21,441.09,441.09,-0.03,2957.52,1290987.77,-1
2026-04-16,2026-04-16 14:33:00,441.09,441.09,440.98,440.98,-0.02,2957.52,1290987.77,-1
2026-04-16,2026-04-16 14:34:00,440.98,440.98,440.86,440.86,-0.03,2957.52,1290987.77,-1
2026-04-16,2026-04-16 14:35:00,440.86,440.86,440.75,440.75,-0.02,2957.52,1290987.77,-1
2026-04-16,2026-04-16 14:36:00,440.75,440.75,440.64,440.64,-0.02,2957.52,1290987.77,-1
2026-04-16,2026-04-16 14:37:00,440.64,440.64,440.52,440.52,-0.03,2957.52,1290987.77,-1
2026-04-16,2026-04-16 14:38:00,440.52,440.52,440.41,440.41,-0.02,2957.52,1290987.77,-1
2026-04-16,2026-04-16 14:39:00,440.41,440.41,440.29,440.29,-0.03,2957.52,1290987.77,-1
2026-04-16,2026-04-16 14:40:00,440.29,440.29,440.18,440.18,-0.02,2957.52,1290987.77,-1
2026-04-16,2026-04-16 14:41:00,440.18,440.18,440.06,440.06,-0.03,2957.52,1290987.77,-1
2026-04-16,2026-04-16 14:42:00,440.06,440.06,439.95,439.95,-0.02,2957.52,1290987.77,-1
2026-04-16,2026-04-16 14:43:00,439.95,439.95,439.83,439.83,-0.03,2957.52,1290987.77,-1
2026-04-16,2026-04-16 14:44:00,439.83,439.83,439.72,439.72,-0.03,2957.52,1290987.77,-1
2026-04-16,2026-04-16 14:45:00,439.72,439.72,439.6,439.6,-0.03,2957.52,1290987.77,-1
2026-04-16,2026-04-16 14:46:00,439.6,439.6,439.49,439.49,-0.03,2957.52,1290987.77,-1
2026-04-16,2026-04-16 14:47:00,439.49,439.49,439.38,439.38,-0.03,2957.52,1290987.77,-1
2026-04-16,2026-04-16 14:48:00,439.38,439.38,439.26,439.26,-0.03,2957.52,1290987.77,-1
2026-04-16,2026-04-16 14:49:00,439.26,439.26,439.15,439.15,-0.03,2957.52,1290987.77,-1
2026-04-16,2026-04-16 14:50:00,439.15,439.15,439.03,439.03,-0.03,2957.52,1290987.77,-1
2026-04-16,2026-04-16 14:51:00,439.03,439.03,438.92,438.92,-0.03,2957.52,1290987.77,-1
2026-04-16,2026-04-16 14:52:00,438.92,438.92,438.8,438.8,-0.03,2957.52,1290987.77,-1
2026-04-16,2026-04-16 14:53:00,438.8,438.8,438.69,438.69,-0.03,2957.52,1290987.77,-1
2026-04-16,2026-04-16 14:54:00,438.69,438.69,438.57,438.57,-0.03,2957.52,1290987.77,-1
2026-04-16,2026-04-16 14:55:00,438.57,438.57,438.46,438.46,-0.03,2957.52,1290987.77,-1
2026-04-16,2026-04-16 14:56:00,438.46,438.46,438.34,438.34,-0.03,2957.52,1290987.77,-1
2026-04-16,2026-04-16 14:57:00,438.34,438.34,438.23,438.23,-0.03,2957.52,1290987.77,-1
2026-04-16,2026-04-16 14:58:00,438.23,438.23,438.11,438.11,-0.03,2957.52,1290987.77,-1
2026-04-16,2026-04-16 14:59:00,438.11,438.11,438.0,438.0,-0.03,2957.52,1290987.77,-1
2026-04-16,2026-04-16 15:00:00,438.0,470.0,427.5,438.0,0.0,2957.52,1290987.77,0
2026-04-17,2026-04-17 11:00:00,442.0,442.0,432.4,441.94,-0.01,1449.13,606915.25,-1
2026-04-17,2026-04-17 11:01:00,441.94,441.94,441.88,441.88,-0.01,1449.13,606915.25,-1
2026-04-17,2026-04-17 11:02:00,441.88,441.88,441.82,441.82,-0.01,1449.13,606915.25,-1
2026-04-17,2026-04-17 11:03:00,441.82,441.82,441.76,441.76,-0.01,1449.13,606915.25,-1
2026-04-17,2026-04-17 11:04:00,441.76,441.76,441.7,441.7,-0.01,1449.13,606915.25,-1
2026-04-17,2026-04-17 11:05:00,441.7,441.7,441.64,441.64,-0.01,1449.13,606915.25,-1
2026-04-17,2026-04-17 11:06:00,441.64,441.64,441.58,441.58,-0.01,1449.13,606915.25,-1
2026-04-17,2026-04-17 11:07:00,441.58,441.58,441.52,441.52,-0.01,1449.13,606915.25,-1
2026-04-17,2026-04-17 11:08:00,441.52,441.52,441.46,441.46,-0.01,1449.13,606915.25,-1
2026-04-17,2026-04-17 11:09:00,441.46,441.46,441.4,441.4,-0.01,1449.13,606915.25,-1
2026-04-17,2026-04-17 11:10:00,441.4,441.4,441.34,441.34,-0.01,1449.13,606915.25,-1
2026-04-17,2026-04-17 11:11:00,441.34,441.34,441.28,441.28,-0.01,1449.13,606915.25,-1
2026-04-17,2026-04-17 11:12:00,441.28,441.28,441.22,441.22,-0.01,1449.13,606915.25,-1
2026-04-17,2026-04-17 11:13:00,441.22,441.22,441.16,441.16,-0.01,1449.13,606915.25,-1
2026-04-17,2026-04-17 11:14:00,441.16,441.16,441.1,441.1,-0.01,1449.13,606915.25,-1
2026-04-17,2026-04-17 11:15:00,441.1,441.1,441.04,441.04,-0.01,1449.13,606915.25,-1
2026-04-17,2026-04-17 11:16:00,441.04,441.04,440.98,440.98,-0.01,1449.13,606915.25,-1
2026-04-17,2026-04-17 11:17:00,440.98,440.98,440.92,440.92,-0.01,1449.13,606915.25,-1
2026-04-17,2026-04-17 11:18:00,440.92,440.92,440.86,440.86,-0.01,1449.13,606915.25,-1
2026-04-17,2026-04-17 11:19:00,440.86,440.86,440.8,440.8,-0.01,1449.13,606915.25,-1
2026-04-17,2026-04-17 11:20:00,440.8,440.8,440.74,440.74,-0.01,1449.13,606915.25,-1
2026-04-17,2026-04-17 11:21:00,440.74,440.74,440.68,440.68,-0.01,1449.13,606915.25,-1
2026-04-17,2026-04-17 11:22:00,440.68,440.68,440.62,440.62,-0.01,1449.13,606915.25,-1
2026-04-17,2026-04-17 11:23:00,440.62,440.62,440.56,440.56,-0.01,1449.13,606915.25,-1
2026-04-17,2026-04-17 11:24:00,440.56,440.56,440.5,440.5,-0.01,1449.13,606915.25,-1
2026-04-17,2026-04-17 11:25:00,440.5,440.5,440.44,440.44,-0.01,1449.13,606915.25,-1
2026-04-17,2026-04-17 11:26:00,440.44,440.44,440.38,440.38,-0.01,1449.13,606915.25,-1
2026-04-17,2026-04-17 11:27:00,440.38,440.38,440.32,440.32,-0.01,1449.13,606915.25,-1
2026-04-17,2026-04-17 11:28:00,440.32,440.32,440.26,440.26,-0.01,1449.13,606915.25,-1
2026-04-17,2026-04-17 11:29:00,440.26,440.26,440.2,440.2,-0.01,1449.13,606915.25,-1
2026-04-17,2026-04-17 11:30:00,440.2,440.2,440.14,440.14,-0.01,1449.13,606915.25,-1
2026-04-17,2026-04-17 11:31:00,440.14,440.14,440.08,440.08,-0.01,1449.13,606915.25,-1
2026-04-17,2026-04-17 11:32:00,440.08,440.08,440.02,440.02,-0.01,1449.13,606915.25,-1
2026-04-17,2026-04-17 11:33:00,440.02,440.02,439.96,439.96,-0.01,1449.13,606915.25,-1
2026-04-17,2026-04-17 11:34:00,439.96,439.96,439.9,439.9,-0.01,1449.13,606915.25,-1
2026-04-17,2026-04-17 11:35:00,439.9,439.9,439.84,439.84,-0.01,1449.13,606915.25,-1
2026-04-17,2026-04-17 11:36:00,439.84,439.84,439.78,439.78,-0.01,1449.13,606915.25,-1
2026-04-17,2026-04-17 11:37:00,439.78,439.78,439.72,439.72,-0.01,1449.13,606915.25,-1
2026-04-17,2026-04-17 11:38:00,439.72,439.72,439.66,439.66,-0.01,1449.13,606915.25,-1
2026-04-17,2026-04-17 11:39:00,439.66,439.66,439.6,439.6,-0.01,1449.13,606915.25,-1
2026-04-17,2026-04-17 11:40:00,439.6,439.6,439.54,439.54,-0.01,1449.13,606915.25,-1
2026-04-17,2026-04-17 11:41:00,439.54,439.54,439.48,439.48,-0.01,1449.13,606915.25,-1
2026-04-17,2026-04-17 11:42:00,439.48,439.48,439.42,439.42,-0.01,1449.13,606915.25,-1
2026-04-17,2026-04-17 11:43:00,439.42,439.42,439.36,439.36,-0.01,1449.13,606915.25,-1
2026-04-17,2026-04-17 11:44:00,439.36,439.36,439.3,439.3,-0.01,1449.13,606915.25,-1
2026-04-17,2026-04-17 11:45:00,439.3,439.3,439.24,439.24,-0.01,1449.13,606915.25,-1
2026-04-17,2026-04-17 11:46:00,439.24,439.24,439.18,439.18,-0.01,1449.13,606915.25,-1
2026-04-17,2026-04-17 11:47:00,439.18,439.18,439.12,439.12,-0.01,1449.13,606915.25,-1
2026-04-17,2026-04-17 11:48:00,439.12,439.12,439.06,439.06,-0.01,1449.13,606915.25,-1
2026-04-17,2026-04-17 11:49:00,439.06,439.06,439.0,439.0,-0.01,1449.13,606915.25,-1
2026-04-17,2026-04-17 11:50:00,439.0,439.0,438.94,438.94,-0.01,1449.13,606915.25,-1
2026-04-17,2026-04-17 11:51:00,438.94,438.94,438.88,438.88,-0.01,1449.13,606915.25,-1
2026-04-17,2026-04-17 11:52:00,438.88,438.88,438.82,438.82,-0.01,1449.13,606915.25,-1
2026-04-17,2026-04-17 11:53:00,438.82,438.82,438.76,438.76,-0.01,1449.13,606915.25,-1
2026-04-17,2026-04-17 11:54:00,438.76,438.76,438.7,438.7,-0.01,1449.13,606915.25,-1
2026-04-17,2026-04-17 11:55:00,438.7,438.7,438.64,438.64,-0.01,1449.13,606915.25,-1
2026-04-17,2026-04-17 11:56:00,438.64,438.64,438.58,438.58,-0.01,1449.13,606915.25,-1
2026-04-17,2026-04-17 11:57:00,438.58,438.58,438.52,438.52,-0.01,1449.13,606915.25,-1
2026-04-17,2026-04-17 11:58:00,438.52,438.52,438.46,438.46,-0.01,1449.13,606915.25,-1
2026-04-17,2026-04-17 11:59:00,438.46,438.46,438.4,438.4,-0.01,1449.13,606915.25,-1
2026-04-17,2026-04-17 12:00:00,438.4,438.4,438.34,438.34,-0.01,1449.13,606915.25,-1
2026-04-17,2026-04-17 12:01:00,438.34,438.34,438.28,438.28,-0.01,1449.13,606915.25,-1
2026-04-17,2026-04-17 12:02:00,438.28,438.28,438.22,438.22,-0.01,1449.13,606915.25,-1
2026-04-17,2026-04-17 12:03:00,438.22,438.22,438.16,438.16,-0.01,1449.13,606915.25,-1
2026-04-17,2026-04-17 12:04:00,438.16,438.16,438.1,438.1,-0.01,1449.13,606915.25,-1
2026-04-17,2026-04-17 12:05:00,438.1,438.1,438.04,438.04,-0.01,1449.13,606915.25,-1
2026-04-17,2026-04-17 12:06:00,438.04,438.04,437.98,437.98,-0.01,1449.13,606915.25,-1
2026-04-17,2026-04-17 12:07:00,437.98,437.98,437.92,437.92,-0.01,1449.13,606915.25,-1
2026-04-17,2026-04-17 12:08:00,437.92,437.92,437.86,437.86,-0.01,1449.13,606915.25,-1
2026-04-17,2026-04-17 12:09:00,437.86,437.86,437.8,437.8,-0.01,1449.13,606915.25,-1
2026-04-17,2026-04-17 12:10:00,437.8,437.8,437.74,437.74,-0.01,1449.13,606915.25,-1
2026-04-17,2026-04-17 12:11:00,437.74,437.74,437.68,437.68,-0.01,1449.13,606915.25,-1
2026-04-17,2026-04-17 12:12:00,437.68,437.68,437.62,437.62,-0.01,1449.13,606915.25,-1
2026-04-17,2026-04-17 12:13:00,437.62,437.62,437.56,437.56,-0.01,1449.13,606915.25,-1
2026-04-17,2026-04-17 12:14:00,437.56,437.56,437.5,437.5,-0.01,1449.13,606915.25,-1
2026-04-17,2026-04-17 12:15:00,437.5,437.5,437.44,437.44,-0.01,1449.13,606915.25,-1
2026-04-17,2026-04-17 12:16:00,437.44,437.44,437.38,437.38,-0.01,1449.13,606915.25,-1
2026-04-17,2026-04-17 12:17:00,437.38,437.38,437.32,437.32,-0.01,1449.13,606915.25,-1
2026-04-17,2026-04-17 12:18:00,437.32,437.32,437.26,437.26,-0.01,1449.13,606915.25,-1
2026-04-17,2026-04-17 12:19:00,437.26,437.26,437.2,437.2,-0.01,1449.13,606915.25,-1
2026-04-17,2026-04-17 12:20:00,437.2,437.2,437.14,437.14,-0.01,1449.13,606915.25,-1
2026-04-17,2026-04-17 12:21:00,437.14,437.14,437.08,437.08,-0.01,1449.13,606915.25,-1
2026-04-17,2026-04-17 12:22:00,437.08,437.08,437.02,437.02,-0.01,1449.13,606915.25,-1
2026-04-17,2026-04-17 12:23:00,437.02,437.02,436.96,436.96,-0.01,1449.13,606915.25,-1
2026-04-17,2026-04-17 12:24:00,436.96,436.96,436.9,436.9,-0.01,1449.13,606915.25,-1
2026-04-17,2026-04-17 12:25:00,436.9,436.9,436.84,436.84,-0.01,1449.13,606915.25,-1
2026-04-17,2026-04-17 12:26:00,436.84,436.84,436.78,436.78,-0.01,1449.13,606915.25,-1
2026-04-17,2026-04-17 12:27:00,436.78,436.78,436.72,436.72,-0.01,1449.13,606915.25,-1
2026-04-17,2026-04-17 12:28:00,436.72,436.72,436.66,436.66,-0.01,1449.13,606915.25,-1
2026-04-17,2026-04-17 12:29:00,436.66,436.66,436.6,436.6,-0.01,1449.13,606915.25,-1
2026-04-17,2026-04-17 12:30:00,436.6,436.6,436.54,436.54,-0.01,1449.13,606915.25,-1
2026-04-17,2026-04-17 12:31:00,436.54,436.54,436.48,436.48,-0.01,1449.13,606915.25,-1
2026-04-17,2026-04-17 12:32:00,436.48,436.48,436.42,436.42,-0.01,1449.13,606915.25,-1
2026-04-17,2026-04-17 12:33:00,436.42,436.42,436.36,436.36,-0.01,1449.13,606915.25,-1
2026-04-17,2026-04-17 12:34:00,436.36,436.36,436.3,436.3,-0.01,1449.13,606915.25,-1
2026-04-17,2026-04-17 12:35:00,436.3,436.3,436.24,436.24,-0.01,1449.13,606915.25,-1
2026-04-17,2026-04-17 12:36:00,436.24,436.24,436.18,436.18,-0.01,1449.13,606915.25,-1
2026-04-17,2026-04-17 12:37:00,436.18,436.18,436.12,436.12,-0.01,1449.13,606915.25,-1
2026-04-17,2026-04-17 12:38:00,436.12,436.12,436.06,436.06,-0.01,1449.13,606915.25,-1
2026-04-17,2026-04-17 12:39:00,436.06,436.06,436.0,436.0,-0.01,1449.13,606915.25,-1
2026-04-17,2026-04-17 12:40:00,436.0,436.0,435.94,435.94,-0.01,1449.13,606915.25,-1
2026-04-17,2026-04-17 12:41:00,435.94,435.94,435.88,435.88,-0.01,1449.13,606915.25,-1
2026-04-17,2026-04-17 12:42:00,435.88,435.88,435.82,435.82,-0.01,1449.13,606915.25,-1
2026-04-17,2026-04-17 12:43:00,435.82,435.82,435.76,435.76,-0.01,1449.13,606915.25,-1
2026-04-17,2026-04-17 12:44:00,435.76,435.76,435.7,435.7,-0.01,1449.13,606915.25,-1
2026-04-17,2026-04-17 12:45:00,435.7,435.7,435.64,435.64,-0.01,1449.13,606915.25,-1
2026-04-17,2026-04-17 12:46:00,435.64,435.64,435.58,435.58,-0.01,1449.13,606915.25,-1
2026-04-17,2026-04-17 12:47:00,435.58,435.58,435.52,435.52,-0.01,1449.13,606915.25,-1
2026-04-17,2026-04-17 12:48:00,435.52,435.52,435.46,435.46,-0.01,1449.13,606915.25,-1
2026-04-17,2026-04-17 12:49:00,435.46,435.46,435.4,435.4,-0.01,1449.13,606915.25,-1
2026-04-17,2026-04-17 12:50:00,435.4,435.4,435.34,435.34,-0.01,1449.13,606915.25,-1
2026-04-17,2026-04-17 12:51:00,435.34,435.34,435.28,435.28,-0.01,1449.13,606915.25,-1
2026-04-17,2026-04-17 12:52:00,435.28,435.28,435.22,435.22,-0.01,1449.13,606915.25,-1
2026-04-17,2026-04-17 12:53:00,435.22,435.22,435.16,435.16,-0.01,1449.13,606915.25,-1
2026-04-17,2026-04-17 12:54:00,435.16,435.16,435.1,435.1,-0.01,1449.13,606915.25,-1
2026-04-17,2026-04-17 12:55:00,435.1,435.1,435.04,435.04,-0.01,1449.13,606915.25,-1
2026-04-17,2026-04-17 12:56:00,435.04,435.04,434.98,434.98,-0.01,1449.13,606915.25,-1
2026-04-17,2026-04-17 12:57:00,434.98,434.98,434.92,434.92,-0.01,1449.13,606915.25,-1
2026-04-17,2026-04-17 12:58:00,434.92,434.92,434.86,434.86,-0.01,1449.13,606915.25,-1
2026-04-17,2026-04-17 12:59:00,434.86,434.86,434.8,434.8,-0.01,1449.13,606915.25,-1
2026-04-17,2026-04-17 13:00:00,434.8,442.0,410.0,434.74,-0.01,1449.13,606915.25,-1
2026-04-17,2026-04-17 13:01:00,434.74,434.74,434.68,434.68,-0.01,1449.13,606915.25,-1
2026-04-17,2026-04-17 13:02:00,434.68,434.68,434.62,434.62,-0.01,1449.13,606915.25,-1
2026-04-17,2026-04-17 13:03:00,434.62,434.62,434.56,434.56,-0.01,1449.13,606915.25,-1
2026-04-17,2026-04-17 13:04:00,434.56,434.56,434.5,434.5,-0.01,1449.13,606915.25,-1
2026-04-17,2026-04-17 13:05:00,434.5,434.5,434.44,434.44,-0.01,1449.13,606915.25,-1
2026-04-17,2026-04-17 13:06:00,434.44,434.44,434.38,434.38,-0.01,1449.13,606915.25,-1
2026-04-17,2026-04-17 13:07:00,434.38,434.38,434.32,434.32,-0.01,1449.13,606915.25,-1
2026-04-17,2026-04-17 13:08:00,434.32,434.32,434.26,434.26,-0.01,1449.13,606915.25,-1
2026-04-17,2026-04-17 13:09:00,434.26,434.26,434.2,434.2,-0.01,1449.13,606915.25,-1
2026-04-17,2026-04-17 13:10:00,434.2,434.2,434.14,434.14,-0.01,1449.13,606915.25,-1
2026-04-17,2026-04-17 13:11:00,434.14,434.14,434.08,434.08,-0.01,1449.13,606915.25,-1
2026-04-17,2026-04-17 13:12:00,434.08,434.08,434.02,434.02,-0.01,1449.13,606915.25,-1
2026-04-17,2026-04-17 13:13:00,434.02,434.02,433.96,433.96,-0.01,1449.13,606915.25,-1
2026-04-17,2026-04-17 13:14:00,433.96,433.96,433.9,433.9,-0.01,1449.13,606915.25,-1
2026-04-17,2026-04-17 13:15:00,433.9,433.9,433.84,433.84,-0.01,1449.13,606915.25,-1
2026-04-17,2026-04-17 13:16:00,433.84,433.84,433.78,433.78,-0.01,1449.13,606915.25,-1
2026-04-17,2026-04-17 13:17:00,433.78,433.78,433.72,433.72,-0.01,1449.13,606915.25,-1
2026-04-17,2026-04-17 13:18:00,433.72,433.72,433.66,433.66,-0.01,1449.13,606915.25,-1
2026-04-17,2026-04-17 13:19:00,433.66,433.66,433.6,433.6,-0.01,1449.13,606915.25,-1
2026-04-17,2026-04-17 13:20:00,433.6,433.6,433.54,433.54,-0.01,1449.13,606915.25,-1
2026-04-17,2026-04-17 13:21:00,433.54,433.54,433.48,433.48,-0.01,1449.13,606915.25,-1
2026-04-17,2026-04-17 13:22:00,433.48,433.48,433.42,433.42,-0.01,1449.13,606915.25,-1
2026-04-17,2026-04-17 13:23:00,433.42,433.42,433.36,433.36,-0.01,1449.13,606915.25,-1
2026-04-17,2026-04-17 13:24:00,433.36,433.36,433.3,433.3,-0.01,1449.13,606915.25,-1
2026-04-17,2026-04-17 13:25:00,433.3,433.3,433.24,433.24,-0.01,1449.13,606915.25,-1
2026-04-17,2026-04-17 13:26:00,433.24,433.24,433.18,433.18,-0.01,1449.13,606915.25,-1
2026-04-17,2026-04-17 13:27:00,433.18,433.18,433.12,433.12,-0.01,1449.13,606915.25,-1
2026-04-17,2026-04-17 13:28:00,433.12,433.12,433.06,433.06,-0.01,1449.13,606915.25,-1
2026-04-17,2026-04-17 13:29:00,433.06,433.06,433.0,433.0,-0.01,1449.13,606915.25,-1
2026-04-17,2026-04-17 13:30:00,433.0,433.0,432.94,432.94,-0.01,1449.13,606915.25,-1
2026-04-17,2026-04-17 13:31:00,432.94,432.94,432.88,432.88,-0.01,1449.13,606915.25,-1
2026-04-17,2026-04-17 13:32:00,432.88,432.88,432.82,432.82,-0.01,1449.13,606915.25,-1
2026-04-17,2026-04-17 13:33:00,432.82,432.82,432.76,432.76,-0.01,1449.13,606915.25,-1
2026-04-17,2026-04-17 13:34:00,432.76,432.76,432.7,432.7,-0.01,1449.13,606915.25,-1
2026-04-17,2026-04-17 13:35:00,432.7,432.7,432.64,432.64,-0.01,1449.13,606915.25,-1
2026-04-17,2026-04-17 13:36:00,432.64,432.64,432.58,432.58,-0.01,1449.13,606915.25,-1
2026-04-17,2026-04-17 13:37:00,432.58,432.58,432.52,432.52,-0.01,1449.13,606915.25,-1
2026-04-17,2026-04-17 13:38:00,432.52,432.52,432.46,432.46,-0.01,1449.13,606915.25,-1
2026-04-17,2026-04-17 13:39:00,432.46,432.46,432.4,432.4,-0.01,1449.13,606915.25,-1
2026-04-17,2026-04-17 13:40:00,432.4,432.4,432.34,432.34,-0.01,1449.13,606915.25,-1
2026-04-17,2026-04-17 13:41:00,432.34,432.34,432.28,432.28,-0.01,1449.13,606915.25,-1
2026-04-17,2026-04-17 13:42:00,432.28,432.28,432.22,432.22,-0.01,1449.13,606915.25,-1
2026-04-17,2026-04-17 13:43:00,432.22,432.22,432.16,432.16,-0.01,1449.13,606915.25,-1
2026-04-17,2026-04-17 13:44:00,432.16,432.16,432.1,432.1,-0.01,1449.13,606915.25,-1
2026-04-17,2026-04-17 13:45:00,432.1,432.1,432.04,432.04,-0.01,1449.13,606915.25,-1
2026-04-17,2026-04-17 13:46:00,432.04,432.04,431.98,431.98,-0.01,1449.13,606915.25,-1
2026-04-17,2026-04-17 13:47:00,431.98,431.98,431.92,431.92,-0.01,1449.13,606915.25,-1
2026-04-17,2026-04-17 13:48:00,431.92,431.92,431.86,431.86,-0.01,1449.13,606915.25,-1
2026-04-17,2026-04-17 13:49:00,431.86,431.86,431.8,431.8,-0.01,1449.13,606915.25,-1
2026-04-17,2026-04-17 13:50:00,431.8,431.8,431.74,431.74,-0.01,1449.13,606915.25,-1
2026-04-17,2026-04-17 13:51:00,431.74,431.74,431.68,431.68,-0.01,1449.13,606915.25,-1
2026-04-17,2026-04-17 13:52:00,431.68,431.68,431.62,431.62,-0.01,1449.13,606915.25,-1
2026-04-17,2026-04-17 13:53:00,431.62,431.62,431.56,431.56,-0.01,1449.13,606915.25,-1
2026-04-17,2026-04-17 13:54:00,431.56,431.56,431.5,431.5,-0.01,1449.13,606915.25,-1
2026-04-17,2026-04-17 13:55:00,431.5,431.5,431.44,431.44,-0.01,1449.13,606915.25,-1
2026-04-17,2026-04-17 13:56:00,431.44,431.44,431.38,431.38,-0.01,1449.13,606915.25,-1
2026-04-17,2026-04-17 13:57:00,431.38,431.38,431.32,431.32,-0.01,1449.13,606915.25,-1
2026-04-17,2026-04-17 13:58:00,431.32,431.32,431.26,431.26,-0.01,1449.13,606915.25,-1
2026-04-17,2026-04-17 13:59:00,431.26,431.26,431.2,431.2,-0.01,1449.13,606915.25,-1
2026-04-17,2026-04-17 14:00:00,431.2,431.2,431.14,431.14,-0.01,1449.13,606915.25,-1
2026-04-17,2026-04-17 14:01:00,431.14,431.14,431.08,431.08,-0.01,1449.13,606915.25,-1
2026-04-17,2026-04-17 14:02:00,431.08,431.08,431.02,431.02,-0.01,1449.13,606915.25,-1
2026-04-17,2026-04-17 14:03:00,431.02,431.02,430.96,430.96,-0.01,1449.13,606915.25,-1
2026-04-17,2026-04-17 14:04:00,430.96,430.96,430.9,430.9,-0.01,1449.13,606915.25,-1
2026-04-17,2026-04-17 14:05:00,430.9,430.9,430.84,430.84,-0.01,1449.13,606915.25,-1
2026-04-17,2026-04-17 14:06:00,430.84,430.84,430.78,430.78,-0.01,1449.13,606915.25,-1
2026-04-17,2026-04-17 14:07:00,430.78,430.78,430.72,430.72,-0.01,1449.13,606915.25,-1
2026-04-17,2026-04-17 14:08:00,430.72,430.72,430.66,430.66,-0.01,1449.13,606915.25,-1
2026-04-17,2026-04-17 14:09:00,430.66,430.66,430.6,430.6,-0.01,1449.13,606915.25,-1
2026-04-17,2026-04-17 14:10:00,430.6,430.6,430.54,430.54,-0.01,1449.13,606915.25,-1
2026-04-17,2026-04-17 14:11:00,430.54,430.54,430.48,430.48,-0.01,1449.13,606915.25,-1
2026-04-17,2026-04-17 14:12:00,430.48,430.48,430.42,430.42,-0.01,1449.13,606915.25,-1
2026-04-17,2026-04-17 14:13:00,430.42,430.42,430.36,430.36,-0.01,1449.13,606915.25,-1
2026-04-17,2026-04-17 14:14:00,430.36,430.36,430.3,430.3,-0.01,1449.13,606915.25,-1
2026-04-17,2026-04-17 14:15:00,430.3,430.3,430.24,430.24,-0.01,1449.13,606915.25,-1
2026-04-17,2026-04-17 14:16:00,430.24,430.24,430.18,430.18,-0.01,1449.13,606915.25,-1
2026-04-17,2026-04-17 14:17:00,430.18,430.18,430.12,430.12,-0.01,1449.13,606915.25,-1
2026-04-17,2026-04-17 14:18:00,430.12,430.12,430.06,430.06,-0.01,1449.13,606915.25,-1
2026-04-17,2026-04-17 14:19:00,430.06,430.06,430.0,430.0,-0.01,1449.13,606915.25,-1
2026-04-17,2026-04-17 14:20:00,430.0,430.0,429.94,429.94,-0.01,1449.13,606915.25,-1
2026-04-17,2026-04-17 14:21:00,429.94,429.94,429.88,429.88,-0.01,1449.13,606915.25,-1
2026-04-17,2026-04-17 14:22:00,429.88,429.88,429.82,429.82,-0.01,1449.13,606915.25,-1
2026-04-17,2026-04-17 14:23:00,429.82,429.82,429.76,429.76,-0.01,1449.13,606915.25,-1
2026-04-17,2026-04-17 14:24:00,429.76,429.76,429.7,429.7,-0.01,1449.13,606915.25,-1
2026-04-17,2026-04-17 14:25:00,429.7,429.7,429.64,429.64,-0.01,1449.13,606915.25,-1
2026-04-17,2026-04-17 14:26:00,429.64,429.64,429.58,429.58,-0.01,1449.13,606915.25,-1
2026-04-17,2026-04-17 14:27:00,429.58,429.58,429.52,429.52,-0.01,1449.13,606915.25,-1
2026-04-17,2026-04-17 14:28:00,429.52,429.52,429.46,429.46,-0.01,1449.13,606915.25,-1
2026-04-17,2026-04-17 14:29:00,429.46,429.46,429.4,429.4,-0.01,1449.13,606915.25,-1
2026-04-17,2026-04-17 14:30:00,429.4,429.4,429.34,429.34,-0.01,1449.13,606915.25,-1
2026-04-17,2026-04-17 14:31:00,429.34,429.34,429.28,429.28,-0.01,1449.13,606915.25,-1
2026-04-17,2026-04-17 14:32:00,429.28,429.28,429.22,429.22,-0.01,1449.13,606915.25,-1
2026-04-17,2026-04-17 14:33:00,429.22,429.22,429.16,429.16,-0.01,1449.13,606915.25,-1
2026-04-17,2026-04-17 14:34:00,429.16,429.16,429.1,429.1,-0.01,1449.13,606915.25,-1
2026-04-17,2026-04-17 14:35:00,429.1,429.1,429.04,429.04,-0.01,1449.13,606915.25,-1
2026-04-17,2026-04-17 14:36:00,429.04,429.04,428.98,428.98,-0.01,1449.13,606915.25,-1
2026-04-17,2026-04-17 14:37:00,428.98,428.98,428.92,428.92,-0.01,1449.13,606915.25,-1
2026-04-17,2026-04-17 14:38:00,428.92,428.92,428.86,428.86,-0.01,1449.13,606915.25,-1
2026-04-17,2026-04-17 14:39:00,428.86,428.86,428.8,428.8,-0.01,1449.13,606915.25,-1
2026-04-17,2026-04-17 14:40:00,428.8,428.8,428.74,428.74,-0.01,1449.13,606915.25,-1
2026-04-17,2026-04-17 14:41:00,428.74,428.74,428.68,428.68,-0.01,1449.13,606915.25,-1
2026-04-17,2026-04-17 14:42:00,428.68,428.68,428.62,428.62,-0.01,1449.13,606915.25,-1
2026-04-17,2026-04-17 14:43:00,428.62,428.62,428.56,428.56,-0.01,1449.13,606915.25,-1
2026-04-17,2026-04-17 14:44:00,428.56,428.56,428.5,428.5,-0.01,1449.13,606915.25,-1
2026-04-17,2026-04-17 14:45:00,428.5,428.5,428.44,428.44,-0.01,1449.13,606915.25,-1
2026-04-17,2026-04-17 14:46:00,428.44,428.44,428.38,428.38,-0.01,1449.13,606915.25,-1
2026-04-17,2026-04-17 14:47:00,428.38,428.38,428.32,428.32,-0.01,1449.13,606915.25,-1
2026-04-17,2026-04-17 14:48:00,428.32,428.32,428.26,428.26,-0.01,1449.13,606915.25,-1
2026-04-17,2026-04-17 14:49:00,428.26,428.26,428.2,428.2,-0.01,1449.13,606915.25,-1
2026-04-17,2026-04-17 14:50:00,428.2,428.2,428.14,428.14,-0.01,1449.13,606915.25,-1
2026-04-17,2026-04-17 14:51:00,428.14,428.14,428.08,428.08,-0.01,1449.13,606915.25,-1
2026-04-17,2026-04-17 14:52:00,428.08,428.08,428.02,428.02,-0.01,1449.13,606915.25,-1
2026-04-17,2026-04-17 14:53:00,428.02,428.02,427.96,427.96,-0.01,1449.13,606915.25,-1
2026-04-17,2026-04-17 14:54:00,427.96,427.96,427.9,427.9,-0.01,1449.13,606915.25,-1
2026-04-17,2026-04-17 14:55:00,427.9,427.9,427.84,427.84,-0.01,1449.13,606915.25,-1
2026-04-17,2026-04-17 14:56:00,427.84,427.84,427.78,427.78,-0.01,1449.13,606915.25,-1
2026-04-17,2026-04-17 14:57:00,427.78,427.78,427.72,427.72,-0.01,1449.13,606915.25,-1
2026-04-17,2026-04-17 14:58:00,427.72,427.72,427.66,427.66,-0.01,1449.13,606915.25,-1
2026-04-17,2026-04-17 14:59:00,427.66,427.66,427.6,427.6,-0.01,1449.13,606915.25,-1
2026-04-17,2026-04-17 15:00:00,427.6,442.0,410.0,427.6,0.0,1449.13,606915.25,0
2026-04-20,2026-04-20 11:00:00,425.0,426.8,419.3,424.96,-0.01,951.34,392222.06,-1
2026-04-20,2026-04-20 11:01:00,424.96,424.96,424.93,424.93,-0.01,951.34,392222.06,-1
2026-04-20,2026-04-20 11:02:00,424.93,424.93,424.89,424.89,-0.01,951.34,392222.06,-1
2026-04-20,2026-04-20 11:03:00,424.89,424.89,424.85,424.85,-0.01,951.34,392222.06,-1
2026-04-20,2026-04-20 11:04:00,424.85,424.85,424.81,424.81,-0.01,951.34,392222.06,-1
2026-04-20,2026-04-20 11:05:00,424.81,424.81,424.77,424.77,-0.01,951.34,392222.06,-1
2026-04-20,2026-04-20 11:06:00,424.77,424.77,424.74,424.74,-0.01,951.34,392222.06,-1
2026-04-20,2026-04-20 11:07:00,424.74,424.74,424.7,424.7,-0.01,951.34,392222.06,-1
2026-04-20,2026-04-20 11:08:00,424.7,424.7,424.66,424.66,-0.01,951.34,392222.06,-1
2026-04-20,2026-04-20 11:09:00,424.66,424.66,424.62,424.62,-0.01,951.34,392222.06,-1
2026-04-20,2026-04-20 11:10:00,424.62,424.62,424.59,424.59,-0.01,951.34,392222.06,-1
2026-04-20,2026-04-20 11:11:00,424.59,424.59,424.55,424.55,-0.01,951.34,392222.06,-1
2026-04-20,2026-04-20 11:12:00,424.55,424.55,424.51,424.51,-0.01,951.34,392222.06,-1
2026-04-20,2026-04-20 11:13:00,424.51,424.51,424.48,424.48,-0.01,951.34,392222.06,-1
2026-04-20,2026-04-20 11:14:00,424.48,424.48,424.44,424.44,-0.01,951.34,392222.06,-1
2026-04-20,2026-04-20 11:15:00,424.44,424.44,424.4,424.4,-0.01,951.34,392222.06,-1
2026-04-20,2026-04-20 11:16:00,424.4,424.4,424.36,424.36,-0.01,951.34,392222.06,-1
2026-04-20,2026-04-20 11:17:00,424.36,424.36,424.32,424.32,-0.01,951.34,392222.06,-1
2026-04-20,2026-04-20 11:18:00,424.32,424.32,424.29,424.29,-0.01,951.34,392222.06,-1
2026-04-20,2026-04-20 11:19:00,424.29,424.29,424.25,424.25,-0.01,951.34,392222.06,-1
2026-04-20,2026-04-20 11:20:00,424.25,424.25,424.21,424.21,-0.01,951.34,392222.06,-1
2026-04-20,2026-04-20 11:21:00,424.21,424.21,424.18,424.18,-0.01,951.34,392222.06,-1
2026-04-20,2026-04-20 11:22:00,424.18,424.18,424.14,424.14,-0.01,951.34,392222.06,-1
2026-04-20,2026-04-20 11:23:00,424.14,424.14,424.1,424.1,-0.01,951.34,392222.06,-1
2026-04-20,2026-04-20 11:24:00,424.1,424.1,424.06,424.06,-0.01,951.34,392222.06,-1
2026-04-20,2026-04-20 11:25:00,424.06,424.06,424.02,424.02,-0.01,951.34,392222.06,-1
2026-04-20,2026-04-20 11:26:00,424.02,424.02,423.99,423.99,-0.01,951.34,392222.06,-1
2026-04-20,2026-04-20 11:27:00,423.99,423.99,423.95,423.95,-0.01,951.34,392222.06,-1
2026-04-20,2026-04-20 11:28:00,423.95,423.95,423.91,423.91,-0.01,951.34,392222.06,-1
2026-04-20,2026-04-20 11:29:00,423.91,423.91,423.88,423.88,-0.01,951.34,392222.06,-1
2026-04-20,2026-04-20 11:30:00,423.88,423.88,423.84,423.84,-0.01,951.34,392222.06,-1
2026-04-20,2026-04-20 11:31:00,423.84,423.84,423.8,423.8,-0.01,951.34,392222.06,-1
2026-04-20,2026-04-20 11:32:00,423.8,423.8,423.76,423.76,-0.01,951.34,392222.06,-1
2026-04-20,2026-04-20 11:33:00,423.76,423.76,423.73,423.73,-0.01,951.34,392222.06,-1
2026-04-20,2026-04-20 11:34:00,423.73,423.73,423.69,423.69,-0.01,951.34,392222.06,-1
2026-04-20,2026-04-20 11:35:00,423.69,423.69,423.65,423.65,-0.01,951.34,392222.06,-1
2026-04-20,2026-04-20 11:36:00,423.65,423.65,423.61,423.61,-0.01,951.34,392222.06,-1
2026-04-20,2026-04-20 11:37:00,423.61,423.61,423.57,423.57,-0.01,951.34,392222.06,-1
2026-04-20,2026-04-20 11:38:00,423.57,423.57,423.54,423.54,-0.01,951.34,392222.06,-1
2026-04-20,2026-04-20 11:39:00,423.54,423.54,423.5,423.5,-0.01,951.34,392222.06,-1
2026-04-20,2026-04-20 11:40:00,423.5,423.5,423.46,423.46,-0.01,951.34,392222.06,-1
2026-04-20,2026-04-20 11:41:00,423.46,423.46,423.43,423.43,-0.01,951.34,392222.06,-1
2026-04-20,2026-04-20 11:42:00,423.43,423.43,423.39,423.39,-0.01,951.34,392222.06,-1
2026-04-20,2026-04-20 11:43:00,423.39,423.39,423.35,423.35,-0.01,951.34,392222.06,-1
2026-04-20,2026-04-20 11:44:00,423.35,423.35,423.31,423.31,-0.01,951.34,392222.06,-1
2026-04-20,2026-04-20 11:45:00,423.31,423.31,423.27,423.27,-0.01,951.34,392222.06,-1
2026-04-20,2026-04-20 11:46:00,423.27,423.27,423.24,423.24,-0.01,951.34,392222.06,-1
2026-04-20,2026-04-20 11:47:00,423.24,423.24,423.2,423.2,-0.01,951.34,392222.06,-1
2026-04-20,2026-04-20 11:48:00,423.2,423.2,423.16,423.16,-0.01,951.34,392222.06,-1
2026-04-20,2026-04-20 11:49:00,423.16,423.16,423.12,423.12,-0.01,951.34,392222.06,-1
2026-04-20,2026-04-20 11:50:00,423.12,423.12,423.09,423.09,-0.01,951.34,392222.06,-1
2026-04-20,2026-04-20 11:51:00,423.09,423.09,423.05,423.05,-0.01,951.34,392222.06,-1
2026-04-20,2026-04-20 11:52:00,423.05,423.05,423.01,423.01,-0.01,951.34,392222.06,-1
2026-04-20,2026-04-20 11:53:00,423.01,423.01,422.98,422.98,-0.01,951.34,392222.06,-1
2026-04-20,2026-04-20 11:54:00,422.98,422.98,422.94,422.94,-0.01,951.34,392222.06,-1
2026-04-20,2026-04-20 11:55:00,422.94,422.94,422.9,422.9,-0.01,951.34,392222.06,-1
2026-04-20,2026-04-20 11:56:00,422.9,422.9,422.86,422.86,-0.01,951.34,392222.06,-1
2026-04-20,2026-04-20 11:57:00,422.86,422.86,422.82,422.82,-0.01,951.34,392222.06,-1
2026-04-20,2026-04-20 11:58:00,422.82,422.82,422.79,422.79,-0.01,951.34,392222.06,-1
2026-04-20,2026-04-20 11:59:00,422.79,422.79,422.75,422.75,-0.01,951.34,392222.06,-1
2026-04-20,2026-04-20 12:00:00,422.75,422.75,422.71,422.71,-0.01,951.34,392222.06,-1
2026-04-20,2026-04-20 12:01:00,422.71,422.71,422.68,422.68,-0.01,951.34,392222.06,-1
2026-04-20,2026-04-20 12:02:00,422.68,422.68,422.64,422.64,-0.01,951.34,392222.06,-1
2026-04-20,2026-04-20 12:03:00,422.64,422.64,422.6,422.6,-0.01,951.34,392222.06,-1
2026-04-20,2026-04-20 12:04:00,422.6,422.6,422.56,422.56,-0.01,951.34,392222.06,-1
2026-04-20,2026-04-20 12:05:00,422.56,422.56,422.52,422.52,-0.01,951.34,392222.06,-1
2026-04-20,2026-04-20 12:06:00,422.52,422.52,422.49,422.49,-0.01,951.34,392222.06,-1
2026-04-20,2026-04-20 12:07:00,422.49,422.49,422.45,422.45,-0.01,951.34,392222.06,-1
2026-04-20,2026-04-20 12:08:00,422.45,422.45,422.41,422.41,-0.01,951.34,392222.06,-1
2026-04-20,2026-04-20 12:09:00,422.41,422.41,422.38,422.38,-0.01,951.34,392222.06,-1
2026-04-20,2026-04-20 12:10:00,422.38,422.38,422.34,422.34,-0.01,951.34,392222.06,-1
2026-04-20,2026-04-20 12:11:00,422.34,422.34,422.3,422.3,-0.01,951.34,392222.06,-1
2026-04-20,2026-04-20 12:12:00,422.3,422.3,422.26,422.26,-0.01,951.34,392222.06,-1
2026-04-20,2026-04-20 12:13:00,422.26,422.26,422.23,422.23,-0.01,951.34,392222.06,-1
2026-04-20,2026-04-20 12:14:00,422.23,422.23,422.19,422.19,-0.01,951.34,392222.06,-1
2026-04-20,2026-04-20 12:15:00,422.19,422.19,422.15,422.15,-0.01,951.34,392222.06,-1
2026-04-20,2026-04-20 12:16:00,422.15,422.15,422.11,422.11,-0.01,951.34,392222.06,-1
2026-04-20,2026-04-20 12:17:00,422.11,422.11,422.07,422.07,-0.01,951.34,392222.06,-1
2026-04-20,2026-04-20 12:18:00,422.07,422.07,422.04,422.04,-0.01,951.34,392222.06,-1
2026-04-20,2026-04-20 12:19:00,422.04,422.04,422.0,422.0,-0.01,951.34,392222.06,-1
2026-04-20,2026-04-20 12:20:00,422.0,422.0,421.96,421.96,-0.01,951.34,392222.06,-1
2026-04-20,2026-04-20 12:21:00,421.96,421.96,421.93,421.93,-0.01,951.34,392222.06,-1
2026-04-20,2026-04-20 12:22:00,421.93,421.93,421.89,421.89,-0.01,951.34,392222.06,-1
2026-04-20,2026-04-20 12:23:00,421.89,421.89,421.85,421.85,-0.01,951.34,392222.06,-1
2026-04-20,2026-04-20 12:24:00,421.85,421.85,421.81,421.81,-0.01,951.34,392222.06,-1
2026-04-20,2026-04-20 12:25:00,421.81,421.81,421.77,421.77,-0.01,951.34,392222.06,-1
2026-04-20,2026-04-20 12:26:00,421.77,421.77,421.74,421.74,-0.01,951.34,392222.06,-1
2026-04-20,2026-04-20 12:27:00,421.74,421.74,421.7,421.7,-0.01,951.34,392222.06,-1
2026-04-20,2026-04-20 12:28:00,421.7,421.7,421.66,421.66,-0.01,951.34,392222.06,-1
2026-04-20,2026-04-20 12:29:00,421.66,421.66,421.62,421.62,-0.01,951.34,392222.06,-1
2026-04-20,2026-04-20 12:30:00,421.62,421.62,421.59,421.59,-0.01,951.34,392222.06,-1
2026-04-20,2026-04-20 12:31:00,421.59,421.59,421.55,421.55,-0.01,951.34,392222.06,-1
2026-04-20,2026-04-20 12:32:00,421.55,421.55,421.51,421.51,-0.01,951.34,392222.06,-1
2026-04-20,2026-04-20 12:33:00,421.51,421.51,421.48,421.48,-0.01,951.34,392222.06,-1
2026-04-20,2026-04-20 12:34:00,421.48,421.48,421.44,421.44,-0.01,951.34,392222.06,-1
2026-04-20,2026-04-20 12:35:00,421.44,421.44,421.4,421.4,-0.01,951.34,392222.06,-1
2026-04-20,2026-04-20 12:36:00,421.4,421.4,421.36,421.36,-0.01,951.34,392222.06,-1
2026-04-20,2026-04-20 12:37:00,421.36,421.36,421.32,421.32,-0.01,951.34,392222.06,-1
2026-04-20,2026-04-20 12:38:00,421.32,421.32,421.29,421.29,-0.01,951.34,392222.06,-1
2026-04-20,2026-04-20 12:39:00,421.29,421.29,421.25,421.25,-0.01,951.34,392222.06,-1
2026-04-20,2026-04-20 12:40:00,421.25,421.25,421.21,421.21,-0.01,951.34,392222.06,-1
2026-04-20,2026-04-20 12:41:00,421.21,421.21,421.18,421.18,-0.01,951.34,392222.06,-1
2026-04-20,2026-04-20 12:42:00,421.18,421.18,421.14,421.14,-0.01,951.34,392222.06,-1
2026-04-20,2026-04-20 12:43:00,421.14,421.14,421.1,421.1,-0.01,951.34,392222.06,-1
2026-04-20,2026-04-20 12:44:00,421.1,421.1,421.06,421.06,-0.01,951.34,392222.06,-1
2026-04-20,2026-04-20 12:45:00,421.06,421.06,421.02,421.02,-0.01,951.34,392222.06,-1
2026-04-20,2026-04-20 12:46:00,421.02,421.02,420.99,420.99,-0.01,951.34,392222.06,-1
2026-04-20,2026-04-20 12:47:00,420.99,420.99,420.95,420.95,-0.01,951.34,392222.06,-1
2026-04-20,2026-04-20 12:48:00,420.95,420.95,420.91,420.91,-0.01,951.34,392222.06,-1
2026-04-20,2026-04-20 12:49:00,420.91,420.91,420.88,420.88,-0.01,951.34,392222.06,-1
2026-04-20,2026-04-20 12:50:00,420.88,420.88,420.84,420.84,-0.01,951.34,392222.06,-1
2026-04-20,2026-04-20 12:51:00,420.84,420.84,420.8,420.8,-0.01,951.34,392222.06,-1
2026-04-20,2026-04-20 12:52:00,420.8,420.8,420.76,420.76,-0.01,951.34,392222.06,-1
2026-04-20,2026-04-20 12:53:00,420.76,420.76,420.73,420.73,-0.01,951.34,392222.06,-1
2026-04-20,2026-04-20 12:54:00,420.73,420.73,420.69,420.69,-0.01,951.34,392222.06,-1
2026-04-20,2026-04-20 12:55:00,420.69,420.69,420.65,420.65,-0.01,951.34,392222.06,-1
2026-04-20,2026-04-20 12:56:00,420.65,420.65,420.61,420.61,-0.01,951.34,392222.06,-1
2026-04-20,2026-04-20 12:57:00,420.61,420.61,420.57,420.57,-0.01,951.34,392222.06,-1
2026-04-20,2026-04-20 12:58:00,420.57,420.57,420.54,420.54,-0.01,951.34,392222.06,-1
2026-04-20,2026-04-20 12:59:00,420.54,420.54,420.5,420.5,-0.01,951.34,392222.06,-1
2026-04-20,2026-04-20 13:00:00,420.5,431.0,406.0,420.46,-0.01,951.34,392222.06,-1
2026-04-20,2026-04-20 13:01:00,420.46,420.46,420.43,420.43,-0.01,951.34,392222.06,-1
2026-04-20,2026-04-20 13:02:00,420.43,420.43,420.39,420.39,-0.01,951.34,392222.06,-1
2026-04-20,2026-04-20 13:03:00,420.39,420.39,420.35,420.35,-0.01,951.34,392222.06,-1
2026-04-20,2026-04-20 13:04:00,420.35,420.35,420.31,420.31,-0.01,951.34,392222.06,-1
2026-04-20,2026-04-20 13:05:00,420.31,420.31,420.27,420.27,-0.01,951.34,392222.06,-1
2026-04-20,2026-04-20 13:06:00,420.27,420.27,420.24,420.24,-0.01,951.34,392222.06,-1
2026-04-20,2026-04-20 13:07:00,420.24,420.24,420.2,420.2,-0.01,951.34,392222.06,-1
2026-04-20,2026-04-20 13:08:00,420.2,420.2,420.16,420.16,-0.01,951.34,392222.06,-1
2026-04-20,2026-04-20 13:09:00,420.16,420.16,420.12,420.12,-0.01,951.34,392222.06,-1
2026-04-20,2026-04-20 13:10:00,420.12,420.12,420.09,420.09,-0.01,951.34,392222.06,-1
2026-04-20,2026-04-20 13:11:00,420.09,420.09,420.05,420.05,-0.01,951.34,392222.06,-1
2026-04-20,2026-04-20 13:12:00,420.05,420.05,420.01,420.01,-0.01,951.34,392222.06,-1
2026-04-20,2026-04-20 13:13:00,420.01,420.01,419.98,419.98,-0.01,951.34,392222.06,-1
2026-04-20,2026-04-20 13:14:00,419.98,419.98,419.94,419.94,-0.01,951.34,392222.06,-1
2026-04-20,2026-04-20 13:15:00,419.94,419.94,419.9,419.9,-0.01,951.34,392222.06,-1
2026-04-20,2026-04-20 13:16:00,419.9,419.9,419.86,419.86,-0.01,951.34,392222.06,-1
2026-04-20,2026-04-20 13:17:00,419.86,419.86,419.82,419.82,-0.01,951.34,392222.06,-1
2026-04-20,2026-04-20 13:18:00,419.82,419.82,419.79,419.79,-0.01,951.34,392222.06,-1
2026-04-20,2026-04-20 13:19:00,419.79,419.79,419.75,419.75,-0.01,951.34,392222.06,-1
2026-04-20,2026-04-20 13:20:00,419.75,419.75,419.71,419.71,-0.01,951.34,392222.06,-1
2026-04-20,2026-04-20 13:21:00,419.71,419.71,419.68,419.68,-0.01,951.34,392222.06,-1
2026-04-20,2026-04-20 13:22:00,419.68,419.68,419.64,419.64,-0.01,951.34,392222.06,-1
2026-04-20,2026-04-20 13:23:00,419.64,419.64,419.6,419.6,-0.01,951.34,392222.06,-1
2026-04-20,2026-04-20 13:24:00,419.6,419.6,419.56,419.56,-0.01,951.34,392222.06,-1
2026-04-20,2026-04-20 13:25:00,419.56,419.56,419.52,419.52,-0.01,951.34,392222.06,-1
2026-04-20,2026-04-20 13:26:00,419.52,419.52,419.49,419.49,-0.01,951.34,392222.06,-1
2026-04-20,2026-04-20 13:27:00,419.49,419.49,419.45,419.45,-0.01,951.34,392222.06,-1
2026-04-20,2026-04-20 13:28:00,419.45,419.45,419.41,419.41,-0.01,951.34,392222.06,-1
2026-04-20,2026-04-20 13:29:00,419.41,419.41,419.38,419.38,-0.01,951.34,392222.06,-1
2026-04-20,2026-04-20 13:30:00,419.38,419.38,419.34,419.34,-0.01,951.34,392222.06,-1
2026-04-20,2026-04-20 13:31:00,419.34,419.34,419.3,419.3,-0.01,951.34,392222.06,-1
2026-04-20,2026-04-20 13:32:00,419.3,419.3,419.26,419.26,-0.01,951.34,392222.06,-1
2026-04-20,2026-04-20 13:33:00,419.26,419.26,419.23,419.23,-0.01,951.34,392222.06,-1
2026-04-20,2026-04-20 13:34:00,419.23,419.23,419.19,419.19,-0.01,951.34,392222.06,-1
2026-04-20,2026-04-20 13:35:00,419.19,419.19,419.15,419.15,-0.01,951.34,392222.06,-1
2026-04-20,2026-04-20 13:36:00,419.15,419.15,419.11,419.11,-0.01,951.34,392222.06,-1
2026-04-20,2026-04-20 13:37:00,419.11,419.11,419.07,419.07,-0.01,951.34,392222.06,-1
2026-04-20,2026-04-20 13:38:00,419.07,419.07,419.04,419.04,-0.01,951.34,392222.06,-1
2026-04-20,2026-04-20 13:39:00,419.04,419.04,419.0,419.0,-0.01,951.34,392222.06,-1
2026-04-20,2026-04-20 13:40:00,419.0,419.0,418.96,418.96,-0.01,951.34,392222.06,-1
2026-04-20,2026-04-20 13:41:00,418.96,418.96,418.93,418.93,-0.01,951.34,392222.06,-1
2026-04-20,2026-04-20 13:42:00,418.93,418.93,418.89,418.89,-0.01,951.34,392222.06,-1
2026-04-20,2026-04-20 13:43:00,418.89,418.89,418.85,418.85,-0.01,951.34,392222.06,-1
2026-04-20,2026-04-20 13:44:00,418.85,418.85,418.81,418.81,-0.01,951.34,392222.06,-1
2026-04-20,2026-04-20 13:45:00,418.81,418.81,418.77,418.77,-0.01,951.34,392222.06,-1
2026-04-20,2026-04-20 13:46:00,418.77,418.77,418.74,418.74,-0.01,951.34,392222.06,-1
2026-04-20,2026-04-20 13:47:00,418.74,418.74,418.7,418.7,-0.01,951.34,392222.06,-1
2026-04-20,2026-04-20 13:48:00,418.7,418.7,418.66,418.66,-0.01,951.34,392222.06,-1
2026-04-20,2026-04-20 13:49:00,418.66,418.66,418.62,418.62,-0.01,951.34,392222.06,-1
2026-04-20,2026-04-20 13:50:00,418.62,418.62,418.59,418.59,-0.01,951.34,392222.06,-1
2026-04-20,2026-04-20 13:51:00,418.59,418.59,418.55,418.55,-0.01,951.34,392222.06,-1
2026-04-20,2026-04-20 13:52:00,418.55,418.55,418.51,418.51,-0.01,951.34,392222.06,-1
2026-04-20,2026-04-20 13:53:00,418.51,418.51,418.48,418.48,-0.01,951.34,392222.06,-1
2026-04-20,2026-04-20 13:54:00,418.48,418.48,418.44,418.44,-0.01,951.34,392222.06,-1
2026-04-20,2026-04-20 13:55:00,418.44,418.44,418.4,418.4,-0.01,951.34,392222.06,-1
2026-04-20,2026-04-20 13:56:00,418.4,418.4,418.36,418.36,-0.01,951.34,392222.06,-1
2026-04-20,2026-04-20 13:57:00,418.36,418.36,418.32,418.32,-0.01,951.34,392222.06,-1
2026-04-20,2026-04-20 13:58:00,418.32,418.32,418.29,418.29,-0.01,951.34,392222.06,-1
2026-04-20,2026-04-20 13:59:00,418.29,418.29,418.25,418.25,-0.01,951.34,392222.06,-1
2026-04-20,2026-04-20 14:00:00,418.25,418.25,418.21,418.21,-0.01,951.34,392222.06,-1
2026-04-20,2026-04-20 14:01:00,418.21,418.21,418.18,418.18,-0.01,951.34,392222.06,-1
2026-04-20,2026-04-20 14:02:00,418.18,418.18,418.14,418.14,-0.01,951.34,392222.06,-1
2026-04-20,2026-04-20 14:03:00,418.14,418.14,418.1,418.1,-0.01,951.34,392222.06,-1
2026-04-20,2026-04-20 14:04:00,418.1,418.1,418.06,418.06,-0.01,951.34,392222.06,-1
2026-04-20,2026-04-20 14:05:00,418.06,418.06,418.02,418.02,-0.01,951.34,392222.06,-1
2026-04-20,2026-04-20 14:06:00,418.02,418.02,417.99,417.99,-0.01,951.34,392222.06,-1
2026-04-20,2026-04-20 14:07:00,417.99,417.99,417.95,417.95,-0.01,951.34,392222.06,-1
2026-04-20,2026-04-20 14:08:00,417.95,417.95,417.91,417.91,-0.01,951.34,392222.06,-1
2026-04-20,2026-04-20 14:09:00,417.91,417.91,417.88,417.88,-0.01,951.34,392222.06,-1
2026-04-20,2026-04-20 14:10:00,417.88,417.88,417.84,417.84,-0.01,951.34,392222.06,-1
2026-04-20,2026-04-20 14:11:00,417.84,417.84,417.8,417.8,-0.01,951.34,392222.06,-1
2026-04-20,2026-04-20 14:12:00,417.8,417.8,417.76,417.76,-0.01,951.34,392222.06,-1
2026-04-20,2026-04-20 14:13:00,417.76,417.76,417.73,417.73,-0.01,951.34,392222.06,-1
2026-04-20,2026-04-20 14:14:00,417.73,417.73,417.69,417.69,-0.01,951.34,392222.06,-1
2026-04-20,2026-04-20 14:15:00,417.69,417.69,417.65,417.65,-0.01,951.34,392222.06,-1
2026-04-20,2026-04-20 14:16:00,417.65,417.65,417.61,417.61,-0.01,951.34,392222.06,-1
2026-04-20,2026-04-20 14:17:00,417.61,417.61,417.57,417.57,-0.01,951.34,392222.06,-1
2026-04-20,2026-04-20 14:18:00,417.57,417.57,417.54,417.54,-0.01,951.34,392222.06,-1
2026-04-20,2026-04-20 14:19:00,417.54,417.54,417.5,417.5,-0.01,951.34,392222.06,-1
2026-04-20,2026-04-20 14:20:00,417.5,417.5,417.46,417.46,-0.01,951.34,392222.06,-1
2026-04-20,2026-04-20 14:21:00,417.46,417.46,417.43,417.43,-0.01,951.34,392222.06,-1
2026-04-20,2026-04-20 14:22:00,417.43,417.43,417.39,417.39,-0.01,951.34,392222.06,-1
2026-04-20,2026-04-20 14:23:00,417.39,417.39,417.35,417.35,-0.01,951.34,392222.06,-1
2026-04-20,2026-04-20 14:24:00,417.35,417.35,417.31,417.31,-0.01,951.34,392222.06,-1
2026-04-20,2026-04-20 14:25:00,417.31,417.31,417.27,417.27,-0.01,951.34,392222.06,-1
2026-04-20,2026-04-20 14:26:00,417.27,417.27,417.24,417.24,-0.01,951.34,392222.06,-1
2026-04-20,2026-04-20 14:27:00,417.24,417.24,417.2,417.2,-0.01,951.34,392222.06,-1
2026-04-20,2026-04-20 14:28:00,417.2,417.2,417.16,417.16,-0.01,951.34,392222.06,-1
2026-04-20,2026-04-20 14:29:00,417.16,417.16,417.12,417.12,-0.01,951.34,392222.06,-1
2026-04-20,2026-04-20 14:30:00,417.12,417.12,417.09,417.09,-0.01,951.34,392222.06,-1
2026-04-20,2026-04-20 14:31:00,417.09,417.09,417.05,417.05,-0.01,951.34,392222.06,-1
2026-04-20,2026-04-20 14:32:00,417.05,417.05,417.01,417.01,-0.01,951.34,392222.06,-1
2026-04-20,2026-04-20 14:33:00,417.01,417.01,416.98,416.98,-0.01,951.34,392222.06,-1
2026-04-20,2026-04-20 14:34:00,416.98,416.98,416.94,416.94,-0.01,951.34,392222.06,-1
2026-04-20,2026-04-20 14:35:00,416.94,416.94,416.9,416.9,-0.01,951.34,392222.06,-1
2026-04-20,2026-04-20 14:36:00,416.9,416.9,416.86,416.86,-0.01,951.34,392222.06,-1
2026-04-20,2026-04-20 14:37:00,416.86,416.86,416.82,416.82,-0.01,951.34,392222.06,-1
2026-04-20,2026-04-20 14:38:00,416.82,416.82,416.79,416.79,-0.01,951.34,392222.06,-1
2026-04-20,2026-04-20 14:39:00,416.79,416.79,416.75,416.75,-0.01,951.34,392222.06,-1
2026-04-20,2026-04-20 14:40:00,416.75,416.75,416.71,416.71,-0.01,951.34,392222.06,-1
2026-04-20,2026-04-20 14:41:00,416.71,416.71,416.68,416.68,-0.01,951.34,392222.06,-1
2026-04-20,2026-04-20 14:42:00,416.68,416.68,416.64,416.64,-0.01,951.34,392222.06,-1
2026-04-20,2026-04-20 14:43:00,416.64,416.64,416.6,416.6,-0.01,951.34,392222.06,-1
2026-04-20,2026-04-20 14:44:00,416.6,416.6,416.56,416.56,-0.01,951.34,392222.06,-1
2026-04-20,2026-04-20 14:45:00,416.56,416.56,416.52,416.52,-0.01,951.34,392222.06,-1
2026-04-20,2026-04-20 14:46:00,416.52,416.52,416.49,416.49,-0.01,951.34,392222.06,-1
2026-04-20,2026-04-20 14:47:00,416.49,416.49,416.45,416.45,-0.01,951.34,392222.06,-1
2026-04-20,2026-04-20 14:48:00,416.45,416.45,416.41,416.41,-0.01,951.34,392222.06,-1
2026-04-20,2026-04-20 14:49:00,416.41,416.41,416.38,416.38,-0.01,951.34,392222.06,-1
2026-04-20,2026-04-20 14:50:00,416.38,416.38,416.34,416.34,-0.01,951.34,392222.06,-1
2026-04-20,2026-04-20 14:51:00,416.34,416.34,416.3,416.3,-0.01,951.34,392222.06,-1
2026-04-20,2026-04-20 14:52:00,416.3,416.3,416.26,416.26,-0.01,951.34,392222.06,-1
2026-04-20,2026-04-20 14:53:00,416.26,416.26,416.23,416.23,-0.01,951.34,392222.06,-1
2026-04-20,2026-04-20 14:54:00,416.23,416.23,416.19,416.19,-0.01,951.34,392222.06,-1
2026-04-20,2026-04-20 14:55:00,416.19,416.19,416.15,416.15,-0.01,951.34,392222.06,-1
2026-04-20,2026-04-20 14:56:00,416.15,416.15,416.11,416.11,-0.01,951.34,392222.06,-1
2026-04-20,2026-04-20 14:57:00,416.11,416.11,416.07,416.07,-0.01,951.34,392222.06,-1
2026-04-20,2026-04-20 14:58:00,416.07,416.07,416.04,416.04,-0.01,951.34,392222.06,-1
2026-04-20,2026-04-20 14:59:00,416.04,416.04,416.0,416.0,-0.01,951.34,392222.06,-1
2026-04-20,2026-04-20 15:00:00,416.0,431.0,406.0,416.0,0.0,951.34,392222.06,0
2026-04-21,2026-04-21 11:00:00,435.0,435.0,425.1,434.87,-0.03,336.99,137409.96,-1
2026-04-21,2026-04-21 11:01:00,434.87,434.87,434.74,434.74,-0.03,336.99,137409.96,-1
2026-04-21,2026-04-21 11:02:00,434.74,434.74,434.61,434.61,-0.03,336.99,137409.96,-1
2026-04-21,2026-04-21 11:03:00,434.61,434.61,434.48,434.48,-0.03,336.99,137409.96,-1
2026-04-21,2026-04-21 11:04:00,434.48,434.48,434.35,434.35,-0.03,336.99,137409.96,-1
2026-04-21,2026-04-21 11:05:00,434.35,434.35,434.23,434.23,-0.03,336.99,137409.96,-1
2026-04-21,2026-04-21 11:06:00,434.23,434.23,434.1,434.1,-0.03,336.99,137409.96,-1
2026-04-21,2026-04-21 11:07:00,434.1,434.1,433.97,433.97,-0.03,336.99,137409.96,-1
2026-04-21,2026-04-21 11:08:00,433.97,433.97,433.84,433.84,-0.03,336.99,137409.96,-1
2026-04-21,2026-04-21 11:09:00,433.84,433.84,433.71,433.71,-0.03,336.99,137409.96,-1
2026-04-21,2026-04-21 11:10:00,433.71,433.71,433.58,433.58,-0.03,336.99,137409.96,-1
2026-04-21,2026-04-21 11:11:00,433.58,433.58,433.45,433.45,-0.03,336.99,137409.96,-1
2026-04-21,2026-04-21 11:12:00,433.45,433.45,433.32,433.32,-0.03,336.99,137409.96,-1
2026-04-21,2026-04-21 11:13:00,433.32,433.32,433.19,433.19,-0.03,336.99,137409.96,-1
2026-04-21,2026-04-21 11:14:00,433.19,433.19,433.06,433.06,-0.03,336.99,137409.96,-1
2026-04-21,2026-04-21 11:15:00,433.06,433.06,432.93,432.93,-0.03,336.99,137409.96,-1
2026-04-21,2026-04-21 11:16:00,432.93,432.93,432.8,432.8,-0.03,336.99,137409.96,-1
2026-04-21,2026-04-21 11:17:00,432.8,432.8,432.68,432.68,-0.03,336.99,137409.96,-1
2026-04-21,2026-04-21 11:18:00,432.68,432.68,432.55,432.55,-0.03,336.99,137409.96,-1
2026-04-21,2026-04-21 11:19:00,432.55,432.55,432.42,432.42,-0.03,336.99,137409.96,-1
2026-04-21,2026-04-21 11:20:00,432.42,432.42,432.29,432.29,-0.03,336.99,137409.96,-1
2026-04-21,2026-04-21 11:21:00,432.29,432.29,432.16,432.16,-0.03,336.99,137409.96,-1
2026-04-21,2026-04-21 11:22:00,432.16,432.16,432.03,432.03,-0.03,336.99,137409.96,-1
2026-04-21,2026-04-21 11:23:00,432.03,432.03,431.9,431.9,-0.03,336.99,137409.96,-1
2026-04-21,2026-04-21 11:24:00,431.9,431.9,431.77,431.77,-0.03,336.99,137409.96,-1
2026-04-21,2026-04-21 11:25:00,431.77,431.77,431.64,431.64,-0.03,336.99,137409.96,-1
2026-04-21,2026-04-21 11:26:00,431.64,431.64,431.51,431.51,-0.03,336.99,137409.96,-1
2026-04-21,2026-04-21 11:27:00,431.51,431.51,431.38,431.38,-0.03,336.99,137409.96,-1
2026-04-21,2026-04-21 11:28:00,431.38,431.38,431.25,431.25,-0.03,336.99,137409.96,-1
2026-04-21,2026-04-21 11:29:00,431.25,431.25,431.12,431.12,-0.03,336.99,137409.96,-1
2026-04-21,2026-04-21 11:30:00,431.12,431.12,431.0,431.0,-0.03,336.99,137409.96,-1
2026-04-21,2026-04-21 11:31:00,431.0,431.0,430.87,430.87,-0.03,336.99,137409.96,-1
2026-04-21,2026-04-21 11:32:00,430.87,430.87,430.74,430.74,-0.03,336.99,137409.96,-1
2026-04-21,2026-04-21 11:33:00,430.74,430.74,430.61,430.61,-0.03,336.99,137409.96,-1
2026-04-21,2026-04-21 11:34:00,430.61,430.61,430.48,430.48,-0.03,336.99,137409.96,-1
2026-04-21,2026-04-21 11:35:00,430.48,430.48,430.35,430.35,-0.03,336.99,137409.96,-1
2026-04-21,2026-04-21 11:36:00,430.35,430.35,430.22,430.22,-0.03,336.99,137409.96,-1
2026-04-21,2026-04-21 11:37:00,430.22,430.22,430.09,430.09,-0.03,336.99,137409.96,-1
2026-04-21,2026-04-21 11:38:00,430.09,430.09,429.96,429.96,-0.03,336.99,137409.96,-1
2026-04-21,2026-04-21 11:39:00,429.96,429.96,429.83,429.83,-0.03,336.99,137409.96,-1
2026-04-21,2026-04-21 11:40:00,429.83,429.83,429.7,429.7,-0.03,336.99,137409.96,-1
2026-04-21,2026-04-21 11:41:00,429.7,429.7,429.57,429.57,-0.03,336.99,137409.96,-1
2026-04-21,2026-04-21 11:42:00,429.57,429.57,429.45,429.45,-0.03,336.99,137409.96,-1
2026-04-21,2026-04-21 11:43:00,429.45,429.45,429.32,429.32,-0.03,336.99,137409.96,-1
2026-04-21,2026-04-21 11:44:00,429.32,429.32,429.19,429.19,-0.03,336.99,137409.96,-1
2026-04-21,2026-04-21 11:45:00,429.19,429.19,429.06,429.06,-0.03,336.99,137409.96,-1
2026-04-21,2026-04-21 11:46:00,429.06,429.06,428.93,428.93,-0.03,336.99,137409.96,-1
2026-04-21,2026-04-21 11:47:00,428.93,428.93,428.8,428.8,-0.03,336.99,137409.96,-1
2026-04-21,2026-04-21 11:48:00,428.8,428.8,428.67,428.67,-0.03,336.99,137409.96,-1
2026-04-21,2026-04-21 11:49:00,428.67,428.67,428.54,428.54,-0.03,336.99,137409.96,-1
2026-04-21,2026-04-21 11:50:00,428.54,428.54,428.41,428.41,-0.03,336.99,137409.96,-1
2026-04-21,2026-04-21 11:51:00,428.41,428.41,428.28,428.28,-0.03,336.99,137409.96,-1
2026-04-21,2026-04-21 11:52:00,428.28,428.28,428.15,428.15,-0.03,336.99,137409.96,-1
2026-04-21,2026-04-21 11:53:00,428.15,428.15,428.02,428.02,-0.03,336.99,137409.96,-1
2026-04-21,2026-04-21 11:54:00,428.02,428.02,427.9,427.9,-0.03,336.99,137409.96,-1
2026-04-21,2026-04-21 11:55:00,427.9,427.9,427.77,427.77,-0.03,336.99,137409.96,-1
2026-04-21,2026-04-21 11:56:00,427.77,427.77,427.64,427.64,-0.03,336.99,137409.96,-1
2026-04-21,2026-04-21 11:57:00,427.64,427.64,427.51,427.51,-0.03,336.99,137409.96,-1
2026-04-21,2026-04-21 11:58:00,427.51,427.51,427.38,427.38,-0.03,336.99,137409.96,-1
2026-04-21,2026-04-21 11:59:00,427.38,427.38,427.25,427.25,-0.03,336.99,137409.96,-1
2026-04-21,2026-04-21 12:00:00,427.25,427.25,427.12,427.12,-0.03,336.99,137409.96,-1
2026-04-21,2026-04-21 12:01:00,427.12,427.12,426.99,426.99,-0.03,336.99,137409.96,-1
2026-04-21,2026-04-21 12:02:00,426.99,426.99,426.86,426.86,-0.03,336.99,137409.96,-1
2026-04-21,2026-04-21 12:03:00,426.86,426.86,426.73,426.73,-0.03,336.99,137409.96,-1
2026-04-21,2026-04-21 12:04:00,426.73,426.73,426.6,426.6,-0.03,336.99,137409.96,-1
2026-04-21,2026-04-21 12:05:00,426.6,426.6,426.48,426.48,-0.03,336.99,137409.96,-1
2026-04-21,2026-04-21 12:06:00,426.48,426.48,426.35,426.35,-0.03,336.99,137409.96,-1
2026-04-21,2026-04-21 12:07:00,426.35,426.35,426.22,426.22,-0.03,336.99,137409.96,-1
2026-04-21,2026-04-21 12:08:00,426.22,426.22,426.09,426.09,-0.03,336.99,137409.96,-1
2026-04-21,2026-04-21 12:09:00,426.09,426.09,425.96,425.96,-0.03,336.99,137409.96,-1
2026-04-21,2026-04-21 12:10:00,425.96,425.96,425.83,425.83,-0.03,336.99,137409.96,-1
2026-04-21,2026-04-21 12:11:00,425.83,425.83,425.7,425.7,-0.03,336.99,137409.96,-1
2026-04-21,2026-04-21 12:12:00,425.7,425.7,425.57,425.57,-0.03,336.99,137409.96,-1
2026-04-21,2026-04-21 12:13:00,425.57,425.57,425.44,425.44,-0.03,336.99,137409.96,-1
2026-04-21,2026-04-21 12:14:00,425.44,425.44,425.31,425.31,-0.03,336.99,137409.96,-1
2026-04-21,2026-04-21 12:15:00,425.31,425.31,425.18,425.18,-0.03,336.99,137409.96,-1
2026-04-21,2026-04-21 12:16:00,425.18,425.18,425.05,425.05,-0.03,336.99,137409.96,-1
2026-04-21,2026-04-21 12:17:00,425.05,425.05,424.93,424.93,-0.03,336.99,137409.96,-1
2026-04-21,2026-04-21 12:18:00,424.93,424.93,424.8,424.8,-0.03,336.99,137409.96,-1
2026-04-21,2026-04-21 12:19:00,424.8,424.8,424.67,424.67,-0.03,336.99,137409.96,-1
2026-04-21,2026-04-21 12:20:00,424.67,424.67,424.54,424.54,-0.03,336.99,137409.96,-1
2026-04-21,2026-04-21 12:21:00,424.54,424.54,424.41,424.41,-0.03,336.99,137409.96,-1
2026-04-21,2026-04-21 12:22:00,424.41,424.41,424.28,424.28,-0.03,336.99,137409.96,-1
2026-04-21,2026-04-21 12:23:00,424.28,424.28,424.15,424.15,-0.03,336.99,137409.96,-1
2026-04-21,2026-04-21 12:24:00,424.15,424.15,424.02,424.02,-0.03,336.99,137409.96,-1
2026-04-21,2026-04-21 12:25:00,424.02,424.02,423.89,423.89,-0.03,336.99,137409.96,-1
2026-04-21,2026-04-21 12:26:00,423.89,423.89,423.76,423.76,-0.03,336.99,137409.96,-1
2026-04-21,2026-04-21 12:27:00,423.76,423.76,423.63,423.63,-0.03,336.99,137409.96,-1
2026-04-21,2026-04-21 12:28:00,423.63,423.63,423.5,423.5,-0.03,336.99,137409.96,-1
2026-04-21,2026-04-21 12:29:00,423.5,423.5,423.38,423.38,-0.03,336.99,137409.96,-1
2026-04-21,2026-04-21 12:30:00,423.38,423.38,423.25,423.25,-0.03,336.99,137409.96,-1
2026-04-21,2026-04-21 12:31:00,423.25,423.25,423.12,423.12,-0.03,336.99,137409.96,-1
2026-04-21,2026-04-21 12:32:00,423.12,423.12,422.99,422.99,-0.03,336.99,137409.96,-1
2026-04-21,2026-04-21 12:33:00,422.99,422.99,422.86,422.86,-0.03,336.99,137409.96,-1
2026-04-21,2026-04-21 12:34:00,422.86,422.86,422.73,422.73,-0.03,336.99,137409.96,-1
2026-04-21,2026-04-21 12:35:00,422.73,422.73,422.6,422.6,-0.03,336.99,137409.96,-1
2026-04-21,2026-04-21 12:36:00,422.6,422.6,422.47,422.47,-0.03,336.99,137409.96,-1
2026-04-21,2026-04-21 12:37:00,422.47,422.47,422.34,422.34,-0.03,336.99,137409.96,-1
2026-04-21,2026-04-21 12:38:00,422.34,422.34,422.21,422.21,-0.03,336.99,137409.96,-1
2026-04-21,2026-04-21 12:39:00,422.21,422.21,422.08,422.08,-0.03,336.99,137409.96,-1
2026-04-21,2026-04-21 12:40:00,422.08,422.08,421.95,421.95,-0.03,336.99,137409.96,-1
2026-04-21,2026-04-21 12:41:00,421.95,421.95,421.82,421.82,-0.03,336.99,137409.96,-1
2026-04-21,2026-04-21 12:42:00,421.82,421.82,421.7,421.7,-0.03,336.99,137409.96,-1
2026-04-21,2026-04-21 12:43:00,421.7,421.7,421.57,421.57,-0.03,336.99,137409.96,-1
2026-04-21,2026-04-21 12:44:00,421.57,421.57,421.44,421.44,-0.03,336.99,137409.96,-1
2026-04-21,2026-04-21 12:45:00,421.44,421.44,421.31,421.31,-0.03,336.99,137409.96,-1
2026-04-21,2026-04-21 12:46:00,421.31,421.31,421.18,421.18,-0.03,336.99,137409.96,-1
2026-04-21,2026-04-21 12:47:00,421.18,421.18,421.05,421.05,-0.03,336.99,137409.96,-1
2026-04-21,2026-04-21 12:48:00,421.05,421.05,420.92,420.92,-0.03,336.99,137409.96,-1
2026-04-21,2026-04-21 12:49:00,420.92,420.92,420.79,420.79,-0.03,336.99,137409.96,-1
2026-04-21,2026-04-21 12:50:00,420.79,420.79,420.66,420.66,-0.03,336.99,137409.96,-1
2026-04-21,2026-04-21 12:51:00,420.66,420.66,420.53,420.53,-0.03,336.99,137409.96,-1
2026-04-21,2026-04-21 12:52:00,420.53,420.53,420.4,420.4,-0.03,336.99,137409.96,-1
2026-04-21,2026-04-21 12:53:00,420.4,420.4,420.27,420.27,-0.03,336.99,137409.96,-1
2026-04-21,2026-04-21 12:54:00,420.27,420.27,420.15,420.15,-0.03,336.99,137409.96,-1
2026-04-21,2026-04-21 12:55:00,420.15,420.15,420.02,420.02,-0.03,336.99,137409.96,-1
2026-04-21,2026-04-21 12:56:00,420.02,420.02,419.89,419.89,-0.03,336.99,137409.96,-1
2026-04-21,2026-04-21 12:57:00,419.89,419.89,419.76,419.76,-0.03,336.99,137409.96,-1
2026-04-21,2026-04-21 12:58:00,419.76,419.76,419.63,419.63,-0.03,336.99,137409.96,-1
2026-04-21,2026-04-21 12:59:00,419.63,419.63,419.5,419.5,-0.03,336.99,137409.96,-1
2026-04-21,2026-04-21 13:00:00,419.5,435.0,402.0,419.37,-0.03,336.99,137409.96,-1
2026-04-21,2026-04-21 13:01:00,419.37,419.37,419.24,419.24,-0.03,336.99,137409.96,-1
2026-04-21,2026-04-21 13:02:00,419.24,419.24,419.11,419.11,-0.03,336.99,137409.96,-1
2026-04-21,2026-04-21 13:03:00,419.11,419.11,418.98,418.98,-0.03,336.99,137409.96,-1
2026-04-21,2026-04-21 13:04:00,418.98,418.98,418.85,418.85,-0.03,336.99,137409.96,-1
2026-04-21,2026-04-21 13:05:00,418.85,418.85,418.73,418.73,-0.03,336.99,137409.96,-1
2026-04-21,2026-04-21 13:06:00,418.73,418.73,418.6,418.6,-0.03,336.99,137409.96,-1
2026-04-21,2026-04-21 13:07:00,418.6,418.6,418.47,418.47,-0.03,336.99,137409.96,-1
2026-04-21,2026-04-21 13:08:00,418.47,418.47,418.34,418.34,-0.03,336.99,137409.96,-1
2026-04-21,2026-04-21 13:09:00,418.34,418.34,418.21,418.21,-0.03,336.99,137409.96,-1
2026-04-21,2026-04-21 13:10:00,418.21,418.21,418.08,418.08,-0.03,336.99,137409.96,-1
2026-04-21,2026-04-21 13:11:00,418.08,418.08,417.95,417.95,-0.03,336.99,137409.96,-1
2026-04-21,2026-04-21 13:12:00,417.95,417.95,417.82,417.82,-0.03,336.99,137409.96,-1
2026-04-21,2026-04-21 13:13:00,417.82,417.82,417.69,417.69,-0.03,336.99,137409.96,-1
2026-04-21,2026-04-21 13:14:00,417.69,417.69,417.56,417.56,-0.03,336.99,137409.96,-1
2026-04-21,2026-04-21 13:15:00,417.56,417.56,417.43,417.43,-0.03,336.99,137409.96,-1
2026-04-21,2026-04-21 13:16:00,417.43,417.43,417.3,417.3,-0.03,336.99,137409.96,-1
2026-04-21,2026-04-21 13:17:00,417.3,417.3,417.18,417.18,-0.03,336.99,137409.96,-1
2026-04-21,2026-04-21 13:18:00,417.18,417.18,417.05,417.05,-0.03,336.99,137409.96,-1
2026-04-21,2026-04-21 13:19:00,417.05,417.05,416.92,416.92,-0.03,336.99,137409.96,-1
2026-04-21,2026-04-21 13:20:00,416.92,416.92,416.79,416.79,-0.03,336.99,137409.96,-1
2026-04-21,2026-04-21 13:21:00,416.79,416.79,416.66,416.66,-0.03,336.99,137409.96,-1
2026-04-21,2026-04-21 13:22:00,416.66,416.66,416.53,416.53,-0.03,336.99,137409.96,-1
2026-04-21,2026-04-21 13:23:00,416.53,416.53,416.4,416.4,-0.03,336.99,137409.96,-1
2026-04-21,2026-04-21 13:24:00,416.4,416.4,416.27,416.27,-0.03,336.99,137409.96,-1
2026-04-21,2026-04-21 13:25:00,416.27,416.27,416.14,416.14,-0.03,336.99,137409.96,-1
2026-04-21,2026-04-21 13:26:00,416.14,416.14,416.01,416.01,-0.03,336.99,137409.96,-1
2026-04-21,2026-04-21 13:27:00,416.01,416.01,415.88,415.88,-0.03,336.99,137409.96,-1
2026-04-21,2026-04-21 13:28:00,415.88,415.88,415.75,415.75,-0.03,336.99,137409.96,-1
2026-04-21,2026-04-21 13:29:00,415.75,415.75,415.62,415.62,-0.03,336.99,137409.96,-1
2026-04-21,2026-04-21 13:30:00,415.62,415.62,415.5,415.5,-0.03,336.99,137409.96,-1
2026-04-21,2026-04-21 13:31:00,415.5,415.5,415.37,415.37,-0.03,336.99,137409.96,-1
2026-04-21,2026-04-21 13:32:00,415.37,415.37,415.24,415.24,-0.03,336.99,137409.96,-1
2026-04-21,2026-04-21 13:33:00,415.24,415.24,415.11,415.11,-0.03,336.99,137409.96,-1
2026-04-21,2026-04-21 13:34:00,415.11,415.11,414.98,414.98,-0.03,336.99,137409.96,-1
2026-04-21,2026-04-21 13:35:00,414.98,414.98,414.85,414.85,-0.03,336.99,137409.96,-1
2026-04-21,2026-04-21 13:36:00,414.85,414.85,414.72,414.72,-0.03,336.99,137409.96,-1
2026-04-21,2026-04-21 13:37:00,414.72,414.72,414.59,414.59,-0.03,336.99,137409.96,-1
2026-04-21,2026-04-21 13:38:00,414.59,414.59,414.46,414.46,-0.03,336.99,137409.96,-1
2026-04-21,2026-04-21 13:39:00,414.46,414.46,414.33,414.33,-0.03,336.99,137409.96,-1
2026-04-21,2026-04-21 13:40:00,414.33,414.33,414.2,414.2,-0.03,336.99,137409.96,-1
2026-04-21,2026-04-21 13:41:00,414.2,414.2,414.07,414.07,-0.03,336.99,137409.96,-1
2026-04-21,2026-04-21 13:42:00,414.07,414.07,413.95,413.95,-0.03,336.99,137409.96,-1
2026-04-21,2026-04-21 13:43:00,413.95,413.95,413.82,413.82,-0.03,336.99,137409.96,-1
2026-04-21,2026-04-21 13:44:00,413.82,413.82,413.69,413.69,-0.03,336.99,137409.96,-1
2026-04-21,2026-04-21 13:45:00,413.69,413.69,413.56,413.56,-0.03,336.99,137409.96,-1
2026-04-21,2026-04-21 13:46:00,413.56,413.56,413.43,413.43,-0.03,336.99,137409.96,-1
2026-04-21,2026-04-21 13:47:00,413.43,413.43,413.3,413.3,-0.03,336.99,137409.96,-1
2026-04-21,2026-04-21 13:48:00,413.3,413.3,413.17,413.17,-0.03,336.99,137409.96,-1
2026-04-21,2026-04-21 13:49:00,413.17,413.17,413.04,413.04,-0.03,336.99,137409.96,-1
2026-04-21,2026-04-21 13:50:00,413.04,413.04,412.91,412.91,-0.03,336.99,137409.96,-1
2026-04-21,2026-04-21 13:51:00,412.91,412.91,412.78,412.78,-0.03,336.99,137409.96,-1
2026-04-21,2026-04-21 13:52:00,412.78,412.78,412.65,412.65,-0.03,336.99,137409.96,-1
2026-04-21,2026-04-21 13:53:00,412.65,412.65,412.52,412.52,-0.03,336.99,137409.96,-1
2026-04-21,2026-04-21 13:54:00,412.52,412.52,412.4,412.4,-0.03,336.99,137409.96,-1
2026-04-21,2026-04-21 13:55:00,412.4,412.4,412.27,412.27,-0.03,336.99,137409.96,-1
2026-04-21,2026-04-21 13:56:00,412.27,412.27,412.14,412.14,-0.03,336.99,137409.96,-1
2026-04-21,2026-04-21 13:57:00,412.14,412.14,412.01,412.01,-0.03,336.99,137409.96,-1
2026-04-21,2026-04-21 13:58:00,412.01,412.01,411.88,411.88,-0.03,336.99,137409.96,-1
2026-04-21,2026-04-21 13:59:00,411.88,411.88,411.75,411.75,-0.03,336.99,137409.96,-1
2026-04-21,2026-04-21 14:00:00,411.75,411.75,411.62,411.62,-0.03,336.99,137409.96,-1
2026-04-21,2026-04-21 14:01:00,411.62,411.62,411.49,411.49,-0.03,336.99,137409.96,-1
2026-04-21,2026-04-21 14:02:00,411.49,411.49,411.36,411.36,-0.03,336.99,137409.96,-1
2026-04-21,2026-04-21 14:03:00,411.36,411.36,411.23,411.23,-0.03,336.99,137409.96,-1
2026-04-21,2026-04-21 14:04:00,411.23,411.23,411.1,411.1,-0.03,336.99,137409.96,-1
2026-04-21,2026-04-21 14:05:00,411.1,411.1,410.98,410.98,-0.03,336.99,137409.96,-1
2026-04-21,2026-04-21 14:06:00,410.98,410.98,410.85,410.85,-0.03,336.99,137409.96,-1
2026-04-21,2026-04-21 14:07:00,410.85,410.85,410.72,410.72,-0.03,336.99,137409.96,-1
2026-04-21,2026-04-21 14:08:00,410.72,410.72,410.59,410.59,-0.03,336.99,137409.96,-1
2026-04-21,2026-04-21 14:09:00,410.59,410.59,410.46,410.46,-0.03,336.99,137409.96,-1
2026-04-21,2026-04-21 14:10:00,410.46,410.46,410.33,410.33,-0.03,336.99,137409.96,-1
2026-04-21,2026-04-21 14:11:00,410.33,410.33,410.2,410.2,-0.03,336.99,137409.96,-1
2026-04-21,2026-04-21 14:12:00,410.2,410.2,410.07,410.07,-0.03,336.99,137409.96,-1
2026-04-21,2026-04-21 14:13:00,410.07,410.07,409.94,409.94,-0.03,336.99,137409.96,-1
2026-04-21,2026-04-21 14:14:00,409.94,409.94,409.81,409.81,-0.03,336.99,137409.96,-1
2026-04-21,2026-04-21 14:15:00,409.81,409.81,409.68,409.68,-0.03,336.99,137409.96,-1
2026-04-21,2026-04-21 14:16:00,409.68,409.68,409.55,409.55,-0.03,336.99,137409.96,-1
2026-04-21,2026-04-21 14:17:00,409.55,409.55,409.43,409.43,-0.03,336.99,137409.96,-1
2026-04-21,2026-04-21 14:18:00,409.43,409.43,409.3,409.3,-0.03,336.99,137409.96,-1
2026-04-21,2026-04-21 14:19:00,409.3,409.3,409.17,409.17,-0.03,336.99,137409.96,-1
2026-04-21,2026-04-21 14:20:00,409.17,409.17,409.04,409.04,-0.03,336.99,137409.96,-1
2026-04-21,2026-04-21 14:21:00,409.04,409.04,408.91,408.91,-0.03,336.99,137409.96,-1
2026-04-21,2026-04-21 14:22:00,408.91,408.91,408.78,408.78,-0.03,336.99,137409.96,-1
2026-04-21,2026-04-21 14:23:00,408.78,408.78,408.65,408.65,-0.03,336.99,137409.96,-1
2026-04-21,2026-04-21 14:24:00,408.65,408.65,408.52,408.52,-0.03,336.99,137409.96,-1
2026-04-21,2026-04-21 14:25:00,408.52,408.52,408.39,408.39,-0.03,336.99,137409.96,-1
2026-04-21,2026-04-21 14:26:00,408.39,408.39,408.26,408.26,-0.03,336.99,137409.96,-1
2026-04-21,2026-04-21 14:27:00,408.26,408.26,408.13,408.13,-0.03,336.99,137409.96,-1
2026-04-21,2026-04-21 14:28:00,408.13,408.13,408.0,408.0,-0.03,336.99,137409.96,-1
2026-04-21,2026-04-21 14:29:00,408.0,408.0,407.88,407.88,-0.03,336.99,137409.96,-1
2026-04-21,2026-04-21 14:30:00,407.88,407.88,407.75,407.75,-0.03,336.99,137409.96,-1
2026-04-21,2026-04-21 14:31:00,407.75,407.75,407.62,407.62,-0.03,336.99,137409.96,-1
2026-04-21,2026-04-21 14:32:00,407.62,407.62,407.49,407.49,-0.03,336.99,137409.96,-1
2026-04-21,2026-04-21 14:33:00,407.49,407.49,407.36,407.36,-0.03,336.99,137409.96,-1
2026-04-21,2026-04-21 14:34:00,407.36,407.36,407.23,407.23,-0.03,336.99,137409.96,-1
2026-04-21,2026-04-21 14:35:00,407.23,407.23,407.1,407.1,-0.03,336.99,137409.96,-1
2026-04-21,2026-04-21 14:36:00,407.1,407.1,406.97,406.97,-0.03,336.99,137409.96,-1
2026-04-21,2026-04-21 14:37:00,406.97,406.97,406.84,406.84,-0.03,336.99,137409.96,-1
2026-04-21,2026-04-21 14:38:00,406.84,406.84,406.71,406.71,-0.03,336.99,137409.96,-1
2026-04-21,2026-04-21 14:39:00,406.71,406.71,406.58,406.58,-0.03,336.99,137409.96,-1
2026-04-21,2026-04-21 14:40:00,406.58,406.58,406.45,406.45,-0.03,336.99,137409.96,-1
2026-04-21,2026-04-21 14:41:00,406.45,406.45,406.32,406.32,-0.03,336.99,137409.96,-1
2026-04-21,2026-04-21 14:42:00,406.32,406.32,406.2,406.2,-0.03,336.99,137409.96,-1
2026-04-21,2026-04-21 14:43:00,406.2,406.2,406.07,406.07,-0.03,336.99,137409.96,-1
2026-04-21,2026-04-21 14:44:00,406.07,406.07,405.94,405.94,-0.03,336.99,137409.96,-1
2026-04-21,2026-04-21 14:45:00,405.94,405.94,405.81,405.81,-0.03,336.99,137409.96,-1
2026-04-21,2026-04-21 14:46:00,405.81,405.81,405.68,405.68,-0.03,336.99,137409.96,-1
2026-04-21,2026-04-21 14:47:00,405.68,405.68,405.55,405.55,-0.03,336.99,137409.96,-1
2026-04-21,2026-04-21 14:48:00,405.55,405.55,405.42,405.42,-0.03,336.99,137409.96,-1
2026-04-21,2026-04-21 14:49:00,405.42,405.42,405.29,405.29,-0.03,336.99,137409.96,-1
2026-04-21,2026-04-21 14:50:00,405.29,405.29,405.16,405.16,-0.03,336.99,137409.96,-1
2026-04-21,2026-04-21 14:51:00,405.16,405.16,405.03,405.03,-0.03,336.99,137409.96,-1
2026-04-21,2026-04-21 14:52:00,405.03,405.03,404.9,404.9,-0.03,336.99,137409.96,-1
2026-04-21,2026-04-21 14:53:00,404.9,404.9,404.77,404.77,-0.03,336.99,137409.96,-1
2026-04-21,2026-04-21 14:54:00,404.77,404.77,404.65,404.65,-0.03,336.99,137409.96,-1
2026-04-21,2026-04-21 14:55:00,404.65,404.65,404.52,404.52,-0.03,336.99,137409.96,-1
2026-04-21,2026-04-21 14:56:00,404.52,404.52,404.39,404.39,-0.03,336.99,137409.96,-1
2026-04-21,2026-04-21 14:57:00,404.39,404.39,404.26,404.26,-0.03,336.99,137409.96,-1
2026-04-21,2026-04-21 14:58:00,404.26,404.26,404.13,404.13,-0.03,336.99,137409.96,-1
2026-04-21,2026-04-21 14:59:00,404.13,404.13,404.0,404.0,-0.03,336.99,137409.96,-1
2026-04-21,2026-04-21 15:00:00,404.0,435.0,402.0,404.0,0.0,336.99,137409.96,0
2026-04-22,2026-04-22 11:00:00,404.1,404.76,400.95,404.08,-0.0,413.62,164303.19,-1
2026-04-22,2026-04-22 11:01:00,404.08,404.08,404.06,404.06,-0.0,413.62,164303.19,-1
2026-04-22,2026-04-22 11:02:00,404.06,404.06,404.05,404.05,-0.0,413.62,164303.19,-1
2026-04-22,2026-04-22 11:03:00,404.05,404.05,404.03,404.03,-0.0,413.62,164303.19,-1
2026-04-22,2026-04-22 11:04:00,404.03,404.03,404.01,404.01,-0.0,413.62,164303.19,-1
2026-04-22,2026-04-22 11:05:00,404.01,404.01,404.0,404.0,-0.0,413.62,164303.19,-1
2026-04-22,2026-04-22 11:06:00,404.0,404.0,403.98,403.98,-0.0,413.62,164303.19,-1
2026-04-22,2026-04-22 11:07:00,403.98,403.98,403.96,403.96,-0.0,413.62,164303.19,-1
2026-04-22,2026-04-22 11:08:00,403.96,403.96,403.94,403.94,-0.0,413.62,164303.19,-1
2026-04-22,2026-04-22 11:09:00,403.94,403.94,403.93,403.93,-0.0,413.62,164303.19,-1
2026-04-22,2026-04-22 11:10:00,403.93,403.93,403.91,403.91,-0.0,413.62,164303.19,-1
2026-04-22,2026-04-22 11:11:00,403.91,403.91,403.89,403.89,-0.0,413.62,164303.19,-1
2026-04-22,2026-04-22 11:12:00,403.89,403.89,403.87,403.87,-0.0,413.62,164303.19,-1
2026-04-22,2026-04-22 11:13:00,403.87,403.87,403.86,403.86,-0.0,413.62,164303.19,-1
2026-04-22,2026-04-22 11:14:00,403.86,403.86,403.84,403.84,-0.0,413.62,164303.19,-1
2026-04-22,2026-04-22 11:15:00,403.84,403.84,403.82,403.82,-0.0,413.62,164303.19,-1
2026-04-22,2026-04-22 11:16:00,403.82,403.82,403.8,403.8,-0.0,413.62,164303.19,-1
2026-04-22,2026-04-22 11:17:00,403.8,403.8,403.79,403.79,-0.0,413.62,164303.19,-1
2026-04-22,2026-04-22 11:18:00,403.79,403.79,403.77,403.77,-0.0,413.62,164303.19,-1
2026-04-22,2026-04-22 11:19:00,403.77,403.77,403.75,403.75,-0.0,413.62,164303.19,-1
2026-04-22,2026-04-22 11:20:00,403.75,403.75,403.73,403.73,-0.0,413.62,164303.19,-1
2026-04-22,2026-04-22 11:21:00,403.73,403.73,403.72,403.72,-0.0,413.62,164303.19,-1
2026-04-22,2026-04-22 11:22:00,403.72,403.72,403.7,403.7,-0.0,413.62,164303.19,-1
2026-04-22,2026-04-22 11:23:00,403.7,403.7,403.68,403.68,-0.0,413.62,164303.19,-1
2026-04-22,2026-04-22 11:24:00,403.68,403.68,403.66,403.66,-0.0,413.62,164303.19,-1
2026-04-22,2026-04-22 11:25:00,403.66,403.66,403.65,403.65,-0.0,413.62,164303.19,-1
2026-04-22,2026-04-22 11:26:00,403.65,403.65,403.63,403.63,-0.0,413.62,164303.19,-1
2026-04-22,2026-04-22 11:27:00,403.63,403.63,403.61,403.61,-0.0,413.62,164303.19,-1
2026-04-22,2026-04-22 11:28:00,403.61,403.61,403.59,403.59,-0.0,413.62,164303.19,-1
2026-04-22,2026-04-22 11:29:00,403.59,403.59,403.58,403.58,-0.0,413.62,164303.19,-1
2026-04-22,2026-04-22 11:30:00,403.58,403.58,403.56,403.56,-0.0,413.62,164303.19,-1
2026-04-22,2026-04-22 11:31:00,403.56,403.56,403.54,403.54,-0.0,413.62,164303.19,-1
2026-04-22,2026-04-22 11:32:00,403.54,403.54,403.52,403.52,-0.0,413.62,164303.19,-1
2026-04-22,2026-04-22 11:33:00,403.52,403.52,403.5,403.5,-0.0,413.62,164303.19,-1
2026-04-22,2026-04-22 11:34:00,403.5,403.5,403.49,403.49,-0.0,413.62,164303.19,-1
2026-04-22,2026-04-22 11:35:00,403.49,403.49,403.47,403.47,-0.0,413.62,164303.19,-1
2026-04-22,2026-04-22 11:36:00,403.47,403.47,403.45,403.45,-0.0,413.62,164303.19,-1
2026-04-22,2026-04-22 11:37:00,403.45,403.45,403.44,403.44,-0.0,413.62,164303.19,-1
2026-04-22,2026-04-22 11:38:00,403.44,403.44,403.42,403.42,-0.0,413.62,164303.19,-1
2026-04-22,2026-04-22 11:39:00,403.42,403.42,403.4,403.4,-0.0,413.62,164303.19,-1
2026-04-22,2026-04-22 11:40:00,403.4,403.4,403.38,403.38,-0.0,413.62,164303.19,-1
2026-04-22,2026-04-22 11:41:00,403.38,403.38,403.37,403.37,-0.0,413.62,164303.19,-1
2026-04-22,2026-04-22 11:42:00,403.37,403.37,403.35,403.35,-0.0,413.62,164303.19,-1
2026-04-22,2026-04-22 11:43:00,403.35,403.35,403.33,403.33,-0.0,413.62,164303.19,-1
2026-04-22,2026-04-22 11:44:00,403.33,403.33,403.31,403.31,-0.0,413.62,164303.19,-1
2026-04-22,2026-04-22 11:45:00,403.31,403.31,403.3,403.3,-0.0,413.62,164303.19,-1
2026-04-22,2026-04-22 11:46:00,403.3,403.3,403.28,403.28,-0.0,413.62,164303.19,-1
2026-04-22,2026-04-22 11:47:00,403.28,403.28,403.26,403.26,-0.0,413.62,164303.19,-1
2026-04-22,2026-04-22 11:48:00,403.26,403.26,403.24,403.24,-0.0,413.62,164303.19,-1
2026-04-22,2026-04-22 11:49:00,403.24,403.24,403.23,403.23,-0.0,413.62,164303.19,-1
2026-04-22,2026-04-22 11:50:00,403.23,403.23,403.21,403.21,-0.0,413.62,164303.19,-1
2026-04-22,2026-04-22 11:51:00,403.21,403.21,403.19,403.19,-0.0,413.62,164303.19,-1
2026-04-22,2026-04-22 11:52:00,403.19,403.19,403.17,403.17,-0.0,413.62,164303.19,-1
2026-04-22,2026-04-22 11:53:00,403.17,403.17,403.16,403.16,-0.0,413.62,164303.19,-1
2026-04-22,2026-04-22 11:54:00,403.16,403.16,403.14,403.14,-0.0,413.62,164303.19,-1
2026-04-22,2026-04-22 11:55:00,403.14,403.14,403.12,403.12,-0.0,413.62,164303.19,-1
2026-04-22,2026-04-22 11:56:00,403.12,403.12,403.1,403.1,-0.0,413.62,164303.19,-1
2026-04-22,2026-04-22 11:57:00,403.1,403.1,403.09,403.09,-0.0,413.62,164303.19,-1
2026-04-22,2026-04-22 11:58:00,403.09,403.09,403.07,403.07,-0.0,413.62,164303.19,-1
2026-04-22,2026-04-22 11:59:00,403.07,403.07,403.05,403.05,-0.0,413.62,164303.19,-1
2026-04-22,2026-04-22 12:00:00,403.05,403.05,403.03,403.03,-0.0,413.62,164303.19,-1
2026-04-22,2026-04-22 12:01:00,403.03,403.03,403.01,403.01,-0.0,413.62,164303.19,-1
2026-04-22,2026-04-22 12:02:00,403.01,403.01,403.0,403.0,-0.0,413.62,164303.19,-1
2026-04-22,2026-04-22 12:03:00,403.0,403.0,402.98,402.98,-0.0,413.62,164303.19,-1
2026-04-22,2026-04-22 12:04:00,402.98,402.98,402.96,402.96,-0.0,413.62,164303.19,-1
2026-04-22,2026-04-22 12:05:00,402.96,402.96,402.94,402.94,-0.0,413.62,164303.19,-1
2026-04-22,2026-04-22 12:06:00,402.94,402.94,402.93,402.93,-0.0,413.62,164303.19,-1
2026-04-22,2026-04-22 12:07:00,402.93,402.93,402.91,402.91,-0.0,413.62,164303.19,-1
2026-04-22,2026-04-22 12:08:00,402.91,402.91,402.89,402.89,-0.0,413.62,164303.19,-1
2026-04-22,2026-04-22 12:09:00,402.89,402.89,402.88,402.88,-0.0,413.62,164303.19,-1
2026-04-22,2026-04-22 12:10:00,402.88,402.88,402.86,402.86,-0.0,413.62,164303.19,-1
2026-04-22,2026-04-22 12:11:00,402.86,402.86,402.84,402.84,-0.0,413.62,164303.19,-1
2026-04-22,2026-04-22 12:12:00,402.84,402.84,402.82,402.82,-0.0,413.62,164303.19,-1
2026-04-22,2026-04-22 12:13:00,402.82,402.82,402.81,402.81,-0.0,413.62,164303.19,-1
2026-04-22,2026-04-22 12:14:00,402.81,402.81,402.79,402.79,-0.0,413.62,164303.19,-1
2026-04-22,2026-04-22 12:15:00,402.79,402.79,402.77,402.77,-0.0,413.62,164303.19,-1
2026-04-22,2026-04-22 12:16:00,402.77,402.77,402.75,402.75,-0.0,413.62,164303.19,-1
2026-04-22,2026-04-22 12:17:00,402.75,402.75,402.74,402.74,-0.0,413.62,164303.19,-1
2026-04-22,2026-04-22 12:18:00,402.74,402.74,402.72,402.72,-0.0,413.62,164303.19,-1
2026-04-22,2026-04-22 12:19:00,402.72,402.72,402.7,402.7,-0.0,413.62,164303.19,-1
2026-04-22,2026-04-22 12:20:00,402.7,402.7,402.68,402.68,-0.0,413.62,164303.19,-1
2026-04-22,2026-04-22 12:21:00,402.68,402.68,402.67,402.67,-0.0,413.62,164303.19,-1
2026-04-22,2026-04-22 12:22:00,402.67,402.67,402.65,402.65,-0.0,413.62,164303.19,-1
2026-04-22,2026-04-22 12:23:00,402.65,402.65,402.63,402.63,-0.0,413.62,164303.19,-1
2026-04-22,2026-04-22 12:24:00,402.63,402.63,402.61,402.61,-0.0,413.62,164303.19,-1
2026-04-22,2026-04-22 12:25:00,402.61,402.61,402.6,402.6,-0.0,413.62,164303.19,-1
2026-04-22,2026-04-22 12:26:00,402.6,402.6,402.58,402.58,-0.0,413.62,164303.19,-1
2026-04-22,2026-04-22 12:27:00,402.58,402.58,402.56,402.56,-0.0,413.62,164303.19,-1
2026-04-22,2026-04-22 12:28:00,402.56,402.56,402.54,402.54,-0.0,413.62,164303.19,-1
2026-04-22,2026-04-22 12:29:00,402.54,402.54,402.52,402.52,-0.0,413.62,164303.19,-1
2026-04-22,2026-04-22 12:30:00,402.52,402.52,402.51,402.51,-0.0,413.62,164303.19,-1
2026-04-22,2026-04-22 12:31:00,402.51,402.51,402.49,402.49,-0.0,413.62,164303.19,-1
2026-04-22,2026-04-22 12:32:00,402.49,402.49,402.47,402.47,-0.0,413.62,164303.19,-1
2026-04-22,2026-04-22 12:33:00,402.47,402.47,402.45,402.45,-0.0,413.62,164303.19,-1
2026-04-22,2026-04-22 12:34:00,402.45,402.45,402.44,402.44,-0.0,413.62,164303.19,-1
2026-04-22,2026-04-22 12:35:00,402.44,402.44,402.42,402.42,-0.0,413.62,164303.19,-1
2026-04-22,2026-04-22 12:36:00,402.42,402.42,402.4,402.4,-0.0,413.62,164303.19,-1
2026-04-22,2026-04-22 12:37:00,402.4,402.4,402.38,402.38,-0.0,413.62,164303.19,-1
2026-04-22,2026-04-22 12:38:00,402.38,402.38,402.37,402.37,-0.0,413.62,164303.19,-1
2026-04-22,2026-04-22 12:39:00,402.37,402.37,402.35,402.35,-0.0,413.62,164303.19,-1
2026-04-22,2026-04-22 12:40:00,402.35,402.35,402.33,402.33,-0.0,413.62,164303.19,-1
2026-04-22,2026-04-22 12:41:00,402.33,402.33,402.31,402.31,-0.0,413.62,164303.19,-1
2026-04-22,2026-04-22 12:42:00,402.31,402.31,402.3,402.3,-0.0,413.62,164303.19,-1
2026-04-22,2026-04-22 12:43:00,402.3,402.3,402.28,402.28,-0.0,413.62,164303.19,-1
2026-04-22,2026-04-22 12:44:00,402.28,402.28,402.26,402.26,-0.0,413.62,164303.19,-1
2026-04-22,2026-04-22 12:45:00,402.26,402.26,402.25,402.25,-0.0,413.62,164303.19,-1
2026-04-22,2026-04-22 12:46:00,402.25,402.25,402.23,402.23,-0.0,413.62,164303.19,-1
2026-04-22,2026-04-22 12:47:00,402.23,402.23,402.21,402.21,-0.0,413.62,164303.19,-1
2026-04-22,2026-04-22 12:48:00,402.21,402.21,402.19,402.19,-0.0,413.62,164303.19,-1
2026-04-22,2026-04-22 12:49:00,402.19,402.19,402.18,402.18,-0.0,413.62,164303.19,-1
2026-04-22,2026-04-22 12:50:00,402.18,402.18,402.16,402.16,-0.0,413.62,164303.19,-1
2026-04-22,2026-04-22 12:51:00,402.16,402.16,402.14,402.14,-0.0,413.62,164303.19,-1
2026-04-22,2026-04-22 12:52:00,402.14,402.14,402.12,402.12,-0.0,413.62,164303.19,-1
2026-04-22,2026-04-22 12:53:00,402.12,402.12,402.11,402.11,-0.0,413.62,164303.19,-1
2026-04-22,2026-04-22 12:54:00,402.11,402.11,402.09,402.09,-0.0,413.62,164303.19,-1
2026-04-22,2026-04-22 12:55:00,402.09,402.09,402.07,402.07,-0.0,413.62,164303.19,-1
2026-04-22,2026-04-22 12:56:00,402.07,402.07,402.05,402.05,-0.0,413.62,164303.19,-1
2026-04-22,2026-04-22 12:57:00,402.05,402.05,402.04,402.04,-0.0,413.62,164303.19,-1
2026-04-22,2026-04-22 12:58:00,402.04,402.04,402.02,402.02,-0.0,413.62,164303.19,-1
2026-04-22,2026-04-22 12:59:00,402.02,402.02,402.0,402.0,-0.0,413.62,164303.19,-1
2026-04-22,2026-04-22 13:00:00,402.0,406.3,393.6,401.98,-0.0,413.62,164303.19,-1
2026-04-22,2026-04-22 13:01:00,401.98,401.98,401.96,401.96,-0.0,413.62,164303.19,-1
2026-04-22,2026-04-22 13:02:00,401.96,401.96,401.95,401.95,-0.0,413.62,164303.19,-1
2026-04-22,2026-04-22 13:03:00,401.95,401.95,401.93,401.93,-0.0,413.62,164303.19,-1
2026-04-22,2026-04-22 13:04:00,401.93,401.93,401.91,401.91,-0.0,413.62,164303.19,-1
2026-04-22,2026-04-22 13:05:00,401.91,401.91,401.89,401.89,-0.0,413.62,164303.19,-1
2026-04-22,2026-04-22 13:06:00,401.89,401.89,401.88,401.88,-0.0,413.62,164303.19,-1
2026-04-22,2026-04-22 13:07:00,401.88,401.88,401.86,401.86,-0.0,413.62,164303.19,-1
2026-04-22,2026-04-22 13:08:00,401.86,401.86,401.84,401.84,-0.0,413.62,164303.19,-1
2026-04-22,2026-04-22 13:09:00,401.84,401.84,401.82,401.82,-0.0,413.62,164303.19,-1
2026-04-22,2026-04-22 13:10:00,401.82,401.82,401.81,401.81,-0.0,413.62,164303.19,-1
2026-04-22,2026-04-22 13:11:00,401.81,401.81,401.79,401.79,-0.0,413.62,164303.19,-1
2026-04-22,2026-04-22 13:12:00,401.79,401.79,401.77,401.77,-0.0,413.62,164303.19,-1
2026-04-22,2026-04-22 13:13:00,401.77,401.77,401.75,401.75,-0.0,413.62,164303.19,-1
2026-04-22,2026-04-22 13:14:00,401.75,401.75,401.74,401.74,-0.0,413.62,164303.19,-1
2026-04-22,2026-04-22 13:15:00,401.74,401.74,401.72,401.72,-0.0,413.62,164303.19,-1
2026-04-22,2026-04-22 13:16:00,401.72,401.72,401.7,401.7,-0.0,413.62,164303.19,-1
2026-04-22,2026-04-22 13:17:00,401.7,401.7,401.69,401.69,-0.0,413.62,164303.19,-1
2026-04-22,2026-04-22 13:18:00,401.69,401.69,401.67,401.67,-0.0,413.62,164303.19,-1
2026-04-22,2026-04-22 13:19:00,401.67,401.67,401.65,401.65,-0.0,413.62,164303.19,-1
2026-04-22,2026-04-22 13:20:00,401.65,401.65,401.63,401.63,-0.0,413.62,164303.19,-1
2026-04-22,2026-04-22 13:21:00,401.63,401.63,401.62,401.62,-0.0,413.62,164303.19,-1
2026-04-22,2026-04-22 13:22:00,401.62,401.62,401.6,401.6,-0.0,413.62,164303.19,-1
2026-04-22,2026-04-22 13:23:00,401.6,401.6,401.58,401.58,-0.0,413.62,164303.19,-1
2026-04-22,2026-04-22 13:24:00,401.58,401.58,401.56,401.56,-0.0,413.62,164303.19,-1
2026-04-22,2026-04-22 13:25:00,401.56,401.56,401.55,401.55,-0.0,413.62,164303.19,-1
2026-04-22,2026-04-22 13:26:00,401.55,401.55,401.53,401.53,-0.0,413.62,164303.19,-1
2026-04-22,2026-04-22 13:27:00,401.53,401.53,401.51,401.51,-0.0,413.62,164303.19,-1
2026-04-22,2026-04-22 13:28:00,401.51,401.51,401.49,401.49,-0.0,413.62,164303.19,-1
2026-04-22,2026-04-22 13:29:00,401.49,401.49,401.48,401.48,-0.0,413.62,164303.19,-1
2026-04-22,2026-04-22 13:30:00,401.48,401.48,401.46,401.46,-0.0,413.62,164303.19,-1
2026-04-22,2026-04-22 13:31:00,401.46,401.46,401.44,401.44,-0.0,413.62,164303.19,-1
2026-04-22,2026-04-22 13:32:00,401.44,401.44,401.42,401.42,-0.0,413.62,164303.19,-1
2026-04-22,2026-04-22 13:33:00,401.42,401.42,401.4,401.4,-0.0,413.62,164303.19,-1
2026-04-22,2026-04-22 13:34:00,401.4,401.4,401.39,401.39,-0.0,413.62,164303.19,-1
2026-04-22,2026-04-22 13:35:00,401.39,401.39,401.37,401.37,-0.0,413.62,164303.19,-1
2026-04-22,2026-04-22 13:36:00,401.37,401.37,401.35,401.35,-0.0,413.62,164303.19,-1
2026-04-22,2026-04-22 13:37:00,401.35,401.35,401.33,401.33,-0.0,413.62,164303.19,-1
2026-04-22,2026-04-22 13:38:00,401.33,401.33,401.32,401.32,-0.0,413.62,164303.19,-1
2026-04-22,2026-04-22 13:39:00,401.32,401.32,401.3,401.3,-0.0,413.62,164303.19,-1
2026-04-22,2026-04-22 13:40:00,401.3,401.3,401.28,401.28,-0.0,413.62,164303.19,-1
2026-04-22,2026-04-22 13:41:00,401.28,401.28,401.26,401.26,-0.0,413.62,164303.19,-1
2026-04-22,2026-04-22 13:42:00,401.26,401.26,401.25,401.25,-0.0,413.62,164303.19,-1
2026-04-22,2026-04-22 13:43:00,401.25,401.25,401.23,401.23,-0.0,413.62,164303.19,-1
2026-04-22,2026-04-22 13:44:00,401.23,401.23,401.21,401.21,-0.0,413.62,164303.19,-1
2026-04-22,2026-04-22 13:45:00,401.21,401.21,401.19,401.19,-0.0,413.62,164303.19,-1
2026-04-22,2026-04-22 13:46:00,401.19,401.19,401.18,401.18,-0.0,413.62,164303.19,-1
2026-04-22,2026-04-22 13:47:00,401.18,401.18,401.16,401.16,-0.0,413.62,164303.19,-1
2026-04-22,2026-04-22 13:48:00,401.16,401.16,401.14,401.14,-0.0,413.62,164303.19,-1
2026-04-22,2026-04-22 13:49:00,401.14,401.14,401.12,401.12,-0.0,413.62,164303.19,-1
2026-04-22,2026-04-22 13:50:00,401.12,401.12,401.11,401.11,-0.0,413.62,164303.19,-1
2026-04-22,2026-04-22 13:51:00,401.11,401.11,401.09,401.09,-0.0,413.62,164303.19,-1
2026-04-22,2026-04-22 13:52:00,401.09,401.09,401.07,401.07,-0.0,413.62,164303.19,-1
2026-04-22,2026-04-22 13:53:00,401.07,401.07,401.06,401.06,-0.0,413.62,164303.19,-1
2026-04-22,2026-04-22 13:54:00,401.06,401.06,401.04,401.04,-0.0,413.62,164303.19,-1
2026-04-22,2026-04-22 13:55:00,401.04,401.04,401.02,401.02,-0.0,413.62,164303.19,-1
2026-04-22,2026-04-22 13:56:00,401.02,401.02,401.0,401.0,-0.0,413.62,164303.19,-1
2026-04-22,2026-04-22 13:57:00,401.0,401.0,400.99,400.99,-0.0,413.62,164303.19,-1
2026-04-22,2026-04-22 13:58:00,400.99,400.99,400.97,400.97,-0.0,413.62,164303.19,-1
2026-04-22,2026-04-22 13:59:00,400.97,400.97,400.95,400.95,-0.0,413.62,164303.19,-1
2026-04-22,2026-04-22 14:00:00,400.95,400.95,400.93,400.93,-0.0,413.62,164303.19,-1
2026-04-22,2026-04-22 14:01:00,400.93,400.93,400.91,400.91,-0.0,413.62,164303.19,-1
2026-04-22,2026-04-22 14:02:00,400.91,400.91,400.9,400.9,-0.0,413.62,164303.19,-1
2026-04-22,2026-04-22 14:03:00,400.9,400.9,400.88,400.88,-0.0,413.62,164303.19,-1
2026-04-22,2026-04-22 14:04:00,400.88,400.88,400.86,400.86,-0.0,413.62,164303.19,-1
2026-04-22,2026-04-22 14:05:00,400.86,400.86,400.84,400.84,-0.0,413.62,164303.19,-1
2026-04-22,2026-04-22 14:06:00,400.84,400.84,400.83,400.83,-0.0,413.62,164303.19,-1
2026-04-22,2026-04-22 14:07:00,400.83,400.83,400.81,400.81,-0.0,413.62,164303.19,-1
2026-04-22,2026-04-22 14:08:00,400.81,400.81,400.79,400.79,-0.0,413.62,164303.19,-1
2026-04-22,2026-04-22 14:09:00,400.79,400.79,400.77,400.77,-0.0,413.62,164303.19,-1
2026-04-22,2026-04-22 14:10:00,400.77,400.77,400.76,400.76,-0.0,413.62,164303.19,-1
2026-04-22,2026-04-22 14:11:00,400.76,400.76,400.74,400.74,-0.0,413.62,164303.19,-1
2026-04-22,2026-04-22 14:12:00,400.74,400.74,400.72,400.72,-0.0,413.62,164303.19,-1
2026-04-22,2026-04-22 14:13:00,400.72,400.72,400.7,400.7,-0.0,413.62,164303.19,-1
2026-04-22,2026-04-22 14:14:00,400.7,400.7,400.69,400.69,-0.0,413.62,164303.19,-1
2026-04-22,2026-04-22 14:15:00,400.69,400.69,400.67,400.67,-0.0,413.62,164303.19,-1
2026-04-22,2026-04-22 14:16:00,400.67,400.67,400.65,400.65,-0.0,413.62,164303.19,-1
2026-04-22,2026-04-22 14:17:00,400.65,400.65,400.63,400.63,-0.0,413.62,164303.19,-1
2026-04-22,2026-04-22 14:18:00,400.63,400.63,400.62,400.62,-0.0,413.62,164303.19,-1
2026-04-22,2026-04-22 14:19:00,400.62,400.62,400.6,400.6,-0.0,413.62,164303.19,-1
2026-04-22,2026-04-22 14:20:00,400.6,400.6,400.58,400.58,-0.0,413.62,164303.19,-1
2026-04-22,2026-04-22 14:21:00,400.58,400.58,400.56,400.56,-0.0,413.62,164303.19,-1
2026-04-22,2026-04-22 14:22:00,400.56,400.56,400.55,400.55,-0.0,413.62,164303.19,-1
2026-04-22,2026-04-22 14:23:00,400.55,400.55,400.53,400.53,-0.0,413.62,164303.19,-1
2026-04-22,2026-04-22 14:24:00,400.53,400.53,400.51,400.51,-0.0,413.62,164303.19,-1
2026-04-22,2026-04-22 14:25:00,400.51,400.51,400.5,400.5,-0.0,413.62,164303.19,-1
2026-04-22,2026-04-22 14:26:00,400.5,400.5,400.48,400.48,-0.0,413.62,164303.19,-1
2026-04-22,2026-04-22 14:27:00,400.48,400.48,400.46,400.46,-0.0,413.62,164303.19,-1
2026-04-22,2026-04-22 14:28:00,400.46,400.46,400.44,400.44,-0.0,413.62,164303.19,-1
2026-04-22,2026-04-22 14:29:00,400.44,400.44,400.42,400.42,-0.0,413.62,164303.19,-1
2026-04-22,2026-04-22 14:30:00,400.42,400.42,400.41,400.41,-0.0,413.62,164303.19,-1
2026-04-22,2026-04-22 14:31:00,400.41,400.41,400.39,400.39,-0.0,413.62,164303.19,-1
2026-04-22,2026-04-22 14:32:00,400.39,400.39,400.37,400.37,-0.0,413.62,164303.19,-1
2026-04-22,2026-04-22 14:33:00,400.37,400.37,400.35,400.35,-0.0,413.62,164303.19,-1
2026-04-22,2026-04-22 14:34:00,400.35,400.35,400.34,400.34,-0.0,413.62,164303.19,-1
2026-04-22,2026-04-22 14:35:00,400.34,400.34,400.32,400.32,-0.0,413.62,164303.19,-1
2026-04-22,2026-04-22 14:36:00,400.32,400.32,400.3,400.3,-0.0,413.62,164303.19,-1
2026-04-22,2026-04-22 14:37:00,400.3,400.3,400.28,400.28,-0.0,413.62,164303.19,-1
2026-04-22,2026-04-22 14:38:00,400.28,400.28,400.27,400.27,-0.0,413.62,164303.19,-1
2026-04-22,2026-04-22 14:39:00,400.27,400.27,400.25,400.25,-0.0,413.62,164303.19,-1
2026-04-22,2026-04-22 14:40:00,400.25,400.25,400.23,400.23,-0.0,413.62,164303.19,-1
2026-04-22,2026-04-22 14:41:00,400.23,400.23,400.21,400.21,-0.0,413.62,164303.19,-1
2026-04-22,2026-04-22 14:42:00,400.21,400.21,400.2,400.2,-0.0,413.62,164303.19,-1
2026-04-22,2026-04-22 14:43:00,400.2,400.2,400.18,400.18,-0.0,413.62,164303.19,-1
2026-04-22,2026-04-22 14:44:00,400.18,400.18,400.16,400.16,-0.0,413.62,164303.19,-1
2026-04-22,2026-04-22 14:45:00,400.16,400.16,400.14,400.14,-0.0,413.62,164303.19,-1
2026-04-22,2026-04-22 14:46:00,400.14,400.14,400.13,400.13,-0.0,413.62,164303.19,-1
2026-04-22,2026-04-22 14:47:00,400.13,400.13,400.11,400.11,-0.0,413.62,164303.19,-1
2026-04-22,2026-04-22 14:48:00,400.11,400.11,400.09,400.09,-0.0,413.62,164303.19,-1
2026-04-22,2026-04-22 14:49:00,400.09,400.09,400.07,400.07,-0.0,413.62,164303.19,-1
2026-04-22,2026-04-22 14:50:00,400.07,400.07,400.06,400.06,-0.0,413.62,164303.19,-1
2026-04-22,2026-04-22 14:51:00,400.06,400.06,400.04,400.04,-0.0,413.62,164303.19,-1
2026-04-22,2026-04-22 14:52:00,400.04,400.04,400.02,400.02,-0.0,413.62,164303.19,-1
2026-04-22,2026-04-22 14:53:00,400.02,400.02,400.0,400.0,-0.0,413.62,164303.19,-1
2026-04-22,2026-04-22 14:54:00,400.0,400.0,399.99,399.99,-0.0,413.62,164303.19,-1
2026-04-22,2026-04-22 14:55:00,399.99,399.99,399.97,399.97,-0.01,413.62,164303.19,-1
2026-04-22,2026-04-22 14:56:00,399.97,399.97,399.95,399.95,-0.01,413.62,164303.19,-1
2026-04-22,2026-04-22 14:57:00,399.95,399.95,399.94,399.94,-0.0,413.62,164303.19,-1
2026-04-22,2026-04-22 14:58:00,399.94,399.94,399.92,399.92,-0.01,413.62,164303.19,-1
2026-04-22,2026-04-22 14:59:00,399.92,399.92,399.9,399.9,-0.01,413.62,164303.19,-1
2026-04-22,2026-04-22 15:00:00,399.9,406.3,393.6,399.9,0.0,413.62,164303.19,0
2026-04-23,2026-04-23 11:00:00,380.0,388.4,380.0,380.06,0.02,429.0,170054.59,1
2026-04-23,2026-04-23 11:01:00,380.06,380.12,380.06,380.12,0.02,429.0,170054.59,1
2026-04-23,2026-04-23 11:02:00,380.12,380.19,380.12,380.19,0.02,429.0,170054.59,1
2026-04-23,2026-04-23 11:03:00,380.19,380.25,380.19,380.25,0.02,429.0,170054.59,1
2026-04-23,2026-04-23 11:04:00,380.25,380.31,380.25,380.31,0.02,429.0,170054.59,1
2026-04-23,2026-04-23 11:05:00,380.31,380.38,380.31,380.38,0.02,429.0,170054.59,1
2026-04-23,2026-04-23 11:06:00,380.38,380.44,380.38,380.44,0.02,429.0,170054.59,1
2026-04-23,2026-04-23 11:07:00,380.44,380.5,380.44,380.5,0.02,429.0,170054.59,1
2026-04-23,2026-04-23 11:08:00,380.5,380.56,380.5,380.56,0.02,429.0,170054.59,1
2026-04-23,2026-04-23 11:09:00,380.56,380.62,380.56,380.62,0.02,429.0,170054.59,1
2026-04-23,2026-04-23 11:10:00,380.62,380.69,380.62,380.69,0.02,429.0,170054.59,1
2026-04-23,2026-04-23 11:11:00,380.69,380.75,380.69,380.75,0.02,429.0,170054.59,1
2026-04-23,2026-04-23 11:12:00,380.75,380.81,380.75,380.81,0.02,429.0,170054.59,1
2026-04-23,2026-04-23 11:13:00,380.81,380.88,380.81,380.88,0.02,429.0,170054.59,1
2026-04-23,2026-04-23 11:14:00,380.88,380.94,380.88,380.94,0.02,429.0,170054.59,1
2026-04-23,2026-04-23 11:15:00,380.94,381.0,380.94,381.0,0.02,429.0,170054.59,1
2026-04-23,2026-04-23 11:16:00,381.0,381.06,381.0,381.06,0.02,429.0,170054.59,1
2026-04-23,2026-04-23 11:17:00,381.06,381.12,381.06,381.12,0.02,429.0,170054.59,1
2026-04-23,2026-04-23 11:18:00,381.12,381.19,381.12,381.19,0.02,429.0,170054.59,1
2026-04-23,2026-04-23 11:19:00,381.19,381.25,381.19,381.25,0.02,429.0,170054.59,1
2026-04-23,2026-04-23 11:20:00,381.25,381.31,381.25,381.31,0.02,429.0,170054.59,1
2026-04-23,2026-04-23 11:21:00,381.31,381.38,381.31,381.38,0.02,429.0,170054.59,1
2026-04-23,2026-04-23 11:22:00,381.38,381.44,381.38,381.44,0.02,429.0,170054.59,1
2026-04-23,2026-04-23 11:23:00,381.44,381.5,381.44,381.5,0.02,429.0,170054.59,1
2026-04-23,2026-04-23 11:24:00,381.5,381.56,381.5,381.56,0.02,429.0,170054.59,1
2026-04-23,2026-04-23 11:25:00,381.56,381.62,381.56,381.62,0.02,429.0,170054.59,1
2026-04-23,2026-04-23 11:26:00,381.62,381.69,381.62,381.69,0.02,429.0,170054.59,1
2026-04-23,2026-04-23 11:27:00,381.69,381.75,381.69,381.75,0.02,429.0,170054.59,1
2026-04-23,2026-04-23 11:28:00,381.75,381.81,381.75,381.81,0.02,429.0,170054.59,1
2026-04-23,2026-04-23 11:29:00,381.81,381.88,381.81,381.88,0.02,429.0,170054.59,1
2026-04-23,2026-04-23 11:30:00,381.88,381.94,381.88,381.94,0.02,429.0,170054.59,1
2026-04-23,2026-04-23 11:31:00,381.94,382.0,381.94,382.0,0.02,429.0,170054.59,1
2026-04-23,2026-04-23 11:32:00,382.0,382.06,382.0,382.06,0.02,429.0,170054.59,1
2026-04-23,2026-04-23 11:33:00,382.06,382.12,382.06,382.12,0.02,429.0,170054.59,1
2026-04-23,2026-04-23 11:34:00,382.12,382.19,382.12,382.19,0.02,429.0,170054.59,1
2026-04-23,2026-04-23 11:35:00,382.19,382.25,382.19,382.25,0.02,429.0,170054.59,1
2026-04-23,2026-04-23 11:36:00,382.25,382.31,382.25,382.31,0.02,429.0,170054.59,1
2026-04-23,2026-04-23 11:37:00,382.31,382.38,382.31,382.38,0.02,429.0,170054.59,1
2026-04-23,2026-04-23 11:38:00,382.38,382.44,382.38,382.44,0.02,429.0,170054.59,1
2026-04-23,2026-04-23 11:39:00,382.44,382.5,382.44,382.5,0.02,429.0,170054.59,1
2026-04-23,2026-04-23 11:40:00,382.5,382.56,382.5,382.56,0.02,429.0,170054.59,1
2026-04-23,2026-04-23 11:41:00,382.56,382.62,382.56,382.62,0.02,429.0,170054.59,1
2026-04-23,2026-04-23 11:42:00,382.62,382.69,382.62,382.69,0.02,429.0,170054.59,1
2026-04-23,2026-04-23 11:43:00,382.69,382.75,382.69,382.75,0.02,429.0,170054.59,1
2026-04-23,2026-04-23 11:44:00,382.75,382.81,382.75,382.81,0.02,429.0,170054.59,1
2026-04-23,2026-04-23 11:45:00,382.81,382.88,382.81,382.88,0.02,429.0,170054.59,1
2026-04-23,2026-04-23 11:46:00,382.88,382.94,382.88,382.94,0.02,429.0,170054.59,1
2026-04-23,2026-04-23 11:47:00,382.94,383.0,382.94,383.0,0.02,429.0,170054.59,1
2026-04-23,2026-04-23 11:48:00,383.0,383.06,383.0,383.06,0.02,429.0,170054.59,1
2026-04-23,2026-04-23 11:49:00,383.06,383.12,383.06,383.12,0.02,429.0,170054.59,1
2026-04-23,2026-04-23 11:50:00,383.12,383.19,383.12,383.19,0.02,429.0,170054.59,1
2026-04-23,2026-04-23 11:51:00,383.19,383.25,383.19,383.25,0.02,429.0,170054.59,1
2026-04-23,2026-04-23 11:52:00,383.25,383.31,383.25,383.31,0.02,429.0,170054.59,1
2026-04-23,2026-04-23 11:53:00,383.31,383.38,383.31,383.38,0.02,429.0,170054.59,1
2026-04-23,2026-04-23 11:54:00,383.38,383.44,383.38,383.44,0.02,429.0,170054.59,1
2026-04-23,2026-04-23 11:55:00,383.44,383.5,383.44,383.5,0.02,429.0,170054.59,1
2026-04-23,2026-04-23 11:56:00,383.5,383.56,383.5,383.56,0.02,429.0,170054.59,1
2026-04-23,2026-04-23 11:57:00,383.56,383.62,383.56,383.62,0.02,429.0,170054.59,1
2026-04-23,2026-04-23 11:58:00,383.62,383.69,383.62,383.69,0.02,429.0,170054.59,1
2026-04-23,2026-04-23 11:59:00,383.69,383.75,383.69,383.75,0.02,429.0,170054.59,1
2026-04-23,2026-04-23 12:00:00,383.75,383.81,383.75,383.81,0.02,429.0,170054.59,1
2026-04-23,2026-04-23 12:01:00,383.81,383.88,383.81,383.88,0.02,429.0,170054.59,1
2026-04-23,2026-04-23 12:02:00,383.88,383.94,383.88,383.94,0.02,429.0,170054.59,1
2026-04-23,2026-04-23 12:03:00,383.94,384.0,383.94,384.0,0.02,429.0,170054.59,1
2026-04-23,2026-04-23 12:04:00,384.0,384.06,384.0,384.06,0.02,429.0,170054.59,1
2026-04-23,2026-04-23 12:05:00,384.06,384.12,384.06,384.12,0.02,429.0,170054.59,1
2026-04-23,2026-04-23 12:06:00,384.12,384.19,384.12,384.19,0.02,429.0,170054.59,1
2026-04-23,2026-04-23 12:07:00,384.19,384.25,384.19,384.25,0.02,429.0,170054.59,1
2026-04-23,2026-04-23 12:08:00,384.25,384.31,384.25,384.31,0.02,429.0,170054.59,1
2026-04-23,2026-04-23 12:09:00,384.31,384.38,384.31,384.38,0.02,429.0,170054.59,1
2026-04-23,2026-04-23 12:10:00,384.38,384.44,384.38,384.44,0.02,429.0,170054.59,1
2026-04-23,2026-04-23 12:11:00,384.44,384.5,384.44,384.5,0.02,429.0,170054.59,1
2026-04-23,2026-04-23 12:12:00,384.5,384.56,384.5,384.56,0.02,429.0,170054.59,1
2026-04-23,2026-04-23 12:13:00,384.56,384.62,384.56,384.62,0.02,429.0,170054.59,1
2026-04-23,2026-04-23 12:14:00,384.62,384.69,384.62,384.69,0.02,429.0,170054.59,1
2026-04-23,2026-04-23 12:15:00,384.69,384.75,384.69,384.75,0.02,429.0,170054.59,1
2026-04-23,2026-04-23 12:16:00,384.75,384.81,384.75,384.81,0.02,429.0,170054.59,1
2026-04-23,2026-04-23 12:17:00,384.81,384.88,384.81,384.88,0.02,429.0,170054.59,1
2026-04-23,2026-04-23 12:18:00,384.88,384.94,384.88,384.94,0.02,429.0,170054.59,1
2026-04-23,2026-04-23 12:19:00,384.94,385.0,384.94,385.0,0.02,429.0,170054.59,1
2026-04-23,2026-04-23 12:20:00,385.0,385.06,385.0,385.06,0.02,429.0,170054.59,1
2026-04-23,2026-04-23 12:21:00,385.06,385.12,385.06,385.12,0.02,429.0,170054.59,1
2026-04-23,2026-04-23 12:22:00,385.12,385.19,385.12,385.19,0.02,429.0,170054.59,1
2026-04-23,2026-04-23 12:23:00,385.19,385.25,385.19,385.25,0.02,429.0,170054.59,1
2026-04-23,2026-04-23 12:24:00,385.25,385.31,385.25,385.31,0.02,429.0,170054.59,1
2026-04-23,2026-04-23 12:25:00,385.31,385.38,385.31,385.38,0.02,429.0,170054.59,1
2026-04-23,2026-04-23 12:26:00,385.38,385.44,385.38,385.44,0.02,429.0,170054.59,1
2026-04-23,2026-04-23 12:27:00,385.44,385.5,385.44,385.5,0.02,429.0,170054.59,1
2026-04-23,2026-04-23 12:28:00,385.5,385.56,385.5,385.56,0.02,429.0,170054.59,1
2026-04-23,2026-04-23 12:29:00,385.56,385.62,385.56,385.62,0.02,429.0,170054.59,1
2026-04-23,2026-04-23 12:30:00,385.62,385.69,385.62,385.69,0.02,429.0,170054.59,1
2026-04-23,2026-04-23 12:31:00,385.69,385.75,385.69,385.75,0.02,429.0,170054.59,1
2026-04-23,2026-04-23 12:32:00,385.75,385.81,385.75,385.81,0.02,429.0,170054.59,1
2026-04-23,2026-04-23 12:33:00,385.81,385.88,385.81,385.88,0.02,429.0,170054.59,1
2026-04-23,2026-04-23 12:34:00,385.88,385.94,385.88,385.94,0.02,429.0,170054.59,1
2026-04-23,2026-04-23 12:35:00,385.94,386.0,385.94,386.0,0.02,429.0,170054.59,1
2026-04-23,2026-04-23 12:36:00,386.0,386.06,386.0,386.06,0.02,429.0,170054.59,1
2026-04-23,2026-04-23 12:37:00,386.06,386.12,386.06,386.12,0.02,429.0,170054.59,1
2026-04-23,2026-04-23 12:38:00,386.12,386.19,386.12,386.19,0.02,429.0,170054.59,1
2026-04-23,2026-04-23 12:39:00,386.19,386.25,386.19,386.25,0.02,429.0,170054.59,1
2026-04-23,2026-04-23 12:40:00,386.25,386.31,386.25,386.31,0.02,429.0,170054.59,1
2026-04-23,2026-04-23 12:41:00,386.31,386.38,386.31,386.38,0.02,429.0,170054.59,1
2026-04-23,2026-04-23 12:42:00,386.38,386.44,386.38,386.44,0.02,429.0,170054.59,1
2026-04-23,2026-04-23 12:43:00,386.44,386.5,386.44,386.5,0.02,429.0,170054.59,1
2026-04-23,2026-04-23 12:44:00,386.5,386.56,386.5,386.56,0.02,429.0,170054.59,1
2026-04-23,2026-04-23 12:45:00,386.56,386.62,386.56,386.62,0.02,429.0,170054.59,1
2026-04-23,2026-04-23 12:46:00,386.62,386.69,386.62,386.69,0.02,429.0,170054.59,1
2026-04-23,2026-04-23 12:47:00,386.69,386.75,386.69,386.75,0.02,429.0,170054.59,1
2026-04-23,2026-04-23 12:48:00,386.75,386.81,386.75,386.81,0.02,429.0,170054.59,1
2026-04-23,2026-04-23 12:49:00,386.81,386.88,386.81,386.88,0.02,429.0,170054.59,1
2026-04-23,2026-04-23 12:50:00,386.88,386.94,386.88,386.94,0.02,429.0,170054.59,1
2026-04-23,2026-04-23 12:51:00,386.94,387.0,386.94,387.0,0.02,429.0,170054.59,1
2026-04-23,2026-04-23 12:52:00,387.0,387.06,387.0,387.06,0.02,429.0,170054.59,1
2026-04-23,2026-04-23 12:53:00,387.06,387.12,387.06,387.12,0.02,429.0,170054.59,1
2026-04-23,2026-04-23 12:54:00,387.12,387.19,387.12,387.19,0.02,429.0,170054.59,1
2026-04-23,2026-04-23 12:55:00,387.19,387.25,387.19,387.25,0.02,429.0,170054.59,1
2026-04-23,2026-04-23 12:56:00,387.25,387.31,387.25,387.31,0.02,429.0,170054.59,1
2026-04-23,2026-04-23 12:57:00,387.31,387.38,387.31,387.38,0.02,429.0,170054.59,1
2026-04-23,2026-04-23 12:58:00,387.38,387.44,387.38,387.44,0.02,429.0,170054.59,1
2026-04-23,2026-04-23 12:59:00,387.44,387.5,387.44,387.5,0.02,429.0,170054.59,1
2026-04-23,2026-04-23 13:00:00,387.5,408.0,380.0,387.56,0.02,429.0,170054.59,1
2026-04-23,2026-04-23 13:01:00,387.56,387.62,387.56,387.62,0.02,429.0,170054.59,1
2026-04-23,2026-04-23 13:02:00,387.62,387.69,387.62,387.69,0.02,429.0,170054.59,1
2026-04-23,2026-04-23 13:03:00,387.69,387.75,387.69,387.75,0.02,429.0,170054.59,1
2026-04-23,2026-04-23 13:04:00,387.75,387.81,387.75,387.81,0.02,429.0,170054.59,1
2026-04-23,2026-04-23 13:05:00,387.81,387.88,387.81,387.88,0.02,429.0,170054.59,1
2026-04-23,2026-04-23 13:06:00,387.88,387.94,387.88,387.94,0.02,429.0,170054.59,1
2026-04-23,2026-04-23 13:07:00,387.94,388.0,387.94,388.0,0.02,429.0,170054.59,1
2026-04-23,2026-04-23 13:08:00,388.0,388.06,388.0,388.06,0.02,429.0,170054.59,1
2026-04-23,2026-04-23 13:09:00,388.06,388.12,388.06,388.12,0.02,429.0,170054.59,1
2026-04-23,2026-04-23 13:10:00,388.12,388.19,388.12,388.19,0.02,429.0,170054.59,1
2026-04-23,2026-04-23 13:11:00,388.19,388.25,388.19,388.25,0.02,429.0,170054.59,1
2026-04-23,2026-04-23 13:12:00,388.25,388.31,388.25,388.31,0.02,429.0,170054.59,1
2026-04-23,2026-04-23 13:13:00,388.31,388.38,388.31,388.38,0.02,429.0,170054.59,1
2026-04-23,2026-04-23 13:14:00,388.38,388.44,388.38,388.44,0.02,429.0,170054.59,1
2026-04-23,2026-04-23 13:15:00,388.44,388.5,388.44,388.5,0.02,429.0,170054.59,1
2026-04-23,2026-04-23 13:16:00,388.5,388.56,388.5,388.56,0.02,429.0,170054.59,1
2026-04-23,2026-04-23 13:17:00,388.56,388.62,388.56,388.62,0.02,429.0,170054.59,1
2026-04-23,2026-04-23 13:18:00,388.62,388.69,388.62,388.69,0.02,429.0,170054.59,1
2026-04-23,2026-04-23 13:19:00,388.69,388.75,388.69,388.75,0.02,429.0,170054.59,1
2026-04-23,2026-04-23 13:20:00,388.75,388.81,388.75,388.81,0.02,429.0,170054.59,1
2026-04-23,2026-04-23 13:21:00,388.81,388.88,388.81,388.88,0.02,429.0,170054.59,1
2026-04-23,2026-04-23 13:22:00,388.88,388.94,388.88,388.94,0.02,429.0,170054.59,1
2026-04-23,2026-04-23 13:23:00,388.94,389.0,388.94,389.0,0.02,429.0,170054.59,1
2026-04-23,2026-04-23 13:24:00,389.0,389.06,389.0,389.06,0.02,429.0,170054.59,1
2026-04-23,2026-04-23 13:25:00,389.06,389.12,389.06,389.12,0.02,429.0,170054.59,1
2026-04-23,2026-04-23 13:26:00,389.12,389.19,389.12,389.19,0.02,429.0,170054.59,1
2026-04-23,2026-04-23 13:27:00,389.19,389.25,389.19,389.25,0.02,429.0,170054.59,1
2026-04-23,2026-04-23 13:28:00,389.25,389.31,389.25,389.31,0.02,429.0,170054.59,1
2026-04-23,2026-04-23 13:29:00,389.31,389.38,389.31,389.38,0.02,429.0,170054.59,1
2026-04-23,2026-04-23 13:30:00,389.38,389.44,389.38,389.44,0.02,429.0,170054.59,1
2026-04-23,2026-04-23 13:31:00,389.44,389.5,389.44,389.5,0.02,429.0,170054.59,1
2026-04-23,2026-04-23 13:32:00,389.5,389.56,389.5,389.56,0.02,429.0,170054.59,1
2026-04-23,2026-04-23 13:33:00,389.56,389.62,389.56,389.62,0.02,429.0,170054.59,1
2026-04-23,2026-04-23 13:34:00,389.62,389.69,389.62,389.69,0.02,429.0,170054.59,1
2026-04-23,2026-04-23 13:35:00,389.69,389.75,389.69,389.75,0.02,429.0,170054.59,1
2026-04-23,2026-04-23 13:36:00,389.75,389.81,389.75,389.81,0.02,429.0,170054.59,1
2026-04-23,2026-04-23 13:37:00,389.81,389.88,389.81,389.88,0.02,429.0,170054.59,1
2026-04-23,2026-04-23 13:38:00,389.88,389.94,389.88,389.94,0.02,429.0,170054.59,1
2026-04-23,2026-04-23 13:39:00,389.94,390.0,389.94,390.0,0.02,429.0,170054.59,1
2026-04-23,2026-04-23 13:40:00,390.0,390.06,390.0,390.06,0.02,429.0,170054.59,1
2026-04-23,2026-04-23 13:41:00,390.06,390.12,390.06,390.12,0.02,429.0,170054.59,1
2026-04-23,2026-04-23 13:42:00,390.12,390.19,390.12,390.19,0.02,429.0,170054.59,1
2026-04-23,2026-04-23 13:43:00,390.19,390.25,390.19,390.25,0.02,429.0,170054.59,1
2026-04-23,2026-04-23 13:44:00,390.25,390.31,390.25,390.31,0.02,429.0,170054.59,1
2026-04-23,2026-04-23 13:45:00,390.31,390.38,390.31,390.38,0.02,429.0,170054.59,1
2026-04-23,2026-04-23 13:46:00,390.38,390.44,390.38,390.44,0.02,429.0,170054.59,1
2026-04-23,2026-04-23 13:47:00,390.44,390.5,390.44,390.5,0.02,429.0,170054.59,1
2026-04-23,2026-04-23 13:48:00,390.5,390.56,390.5,390.56,0.02,429.0,170054.59,1
2026-04-23,2026-04-23 13:49:00,390.56,390.62,390.56,390.62,0.02,429.0,170054.59,1
2026-04-23,2026-04-23 13:50:00,390.62,390.69,390.62,390.69,0.02,429.0,170054.59,1
2026-04-23,2026-04-23 13:51:00,390.69,390.75,390.69,390.75,0.02,429.0,170054.59,1
2026-04-23,2026-04-23 13:52:00,390.75,390.81,390.75,390.81,0.02,429.0,170054.59,1
2026-04-23,2026-04-23 13:53:00,390.81,390.88,390.81,390.88,0.02,429.0,170054.59,1
2026-04-23,2026-04-23 13:54:00,390.88,390.94,390.88,390.94,0.02,429.0,170054.59,1
2026-04-23,2026-04-23 13:55:00,390.94,391.0,390.94,391.0,0.02,429.0,170054.59,1
2026-04-23,2026-04-23 13:56:00,391.0,391.06,391.0,391.06,0.02,429.0,170054.59,1
2026-04-23,2026-04-23 13:57:00,391.06,391.12,391.06,391.12,0.02,429.0,170054.59,1
2026-04-23,2026-04-23 13:58:00,391.12,391.19,391.12,391.19,0.02,429.0,170054.59,1
2026-04-23,2026-04-23 13:59:00,391.19,391.25,391.19,391.25,0.02,429.0,170054.59,1
2026-04-23,2026-04-23 14:00:00,391.25,391.31,391.25,391.31,0.02,429.0,170054.59,1
2026-04-23,2026-04-23 14:01:00,391.31,391.38,391.31,391.38,0.02,429.0,170054.59,1
2026-04-23,2026-04-23 14:02:00,391.38,391.44,391.38,391.44,0.02,429.0,170054.59,1
2026-04-23,2026-04-23 14:03:00,391.44,391.5,391.44,391.5,0.02,429.0,170054.59,1
2026-04-23,2026-04-23 14:04:00,391.5,391.56,391.5,391.56,0.02,429.0,170054.59,1
2026-04-23,2026-04-23 14:05:00,391.56,391.62,391.56,391.62,0.02,429.0,170054.59,1
2026-04-23,2026-04-23 14:06:00,391.62,391.69,391.62,391.69,0.02,429.0,170054.59,1
2026-04-23,2026-04-23 14:07:00,391.69,391.75,391.69,391.75,0.02,429.0,170054.59,1
2026-04-23,2026-04-23 14:08:00,391.75,391.81,391.75,391.81,0.02,429.0,170054.59,1
2026-04-23,2026-04-23 14:09:00,391.81,391.88,391.81,391.88,0.02,429.0,170054.59,1
2026-04-23,2026-04-23 14:10:00,391.88,391.94,391.88,391.94,0.02,429.0,170054.59,1
2026-04-23,2026-04-23 14:11:00,391.94,392.0,391.94,392.0,0.02,429.0,170054.59,1
2026-04-23,2026-04-23 14:12:00,392.0,392.06,392.0,392.06,0.02,429.0,170054.59,1
2026-04-23,2026-04-23 14:13:00,392.06,392.12,392.06,392.12,0.02,429.0,170054.59,1
2026-04-23,2026-04-23 14:14:00,392.12,392.19,392.12,392.19,0.02,429.0,170054.59,1
2026-04-23,2026-04-23 14:15:00,392.19,392.25,392.19,392.25,0.02,429.0,170054.59,1
2026-04-23,2026-04-23 14:16:00,392.25,392.31,392.25,392.31,0.02,429.0,170054.59,1
2026-04-23,2026-04-23 14:17:00,392.31,392.38,392.31,392.38,0.02,429.0,170054.59,1
2026-04-23,2026-04-23 14:18:00,392.38,392.44,392.38,392.44,0.02,429.0,170054.59,1
2026-04-23,2026-04-23 14:19:00,392.44,392.5,392.44,392.5,0.02,429.0,170054.59,1
2026-04-23,2026-04-23 14:20:00,392.5,392.56,392.5,392.56,0.02,429.0,170054.59,1
2026-04-23,2026-04-23 14:21:00,392.56,392.62,392.56,392.62,0.02,429.0,170054.59,1
2026-04-23,2026-04-23 14:22:00,392.62,392.69,392.62,392.69,0.02,429.0,170054.59,1
2026-04-23,2026-04-23 14:23:00,392.69,392.75,392.69,392.75,0.02,429.0,170054.59,1
2026-04-23,2026-04-23 14:24:00,392.75,392.81,392.75,392.81,0.02,429.0,170054.59,1
2026-04-23,2026-04-23 14:25:00,392.81,392.88,392.81,392.88,0.02,429.0,170054.59,1
2026-04-23,2026-04-23 14:26:00,392.88,392.94,392.88,392.94,0.02,429.0,170054.59,1
2026-04-23,2026-04-23 14:27:00,392.94,393.0,392.94,393.0,0.02,429.0,170054.59,1
2026-04-23,2026-04-23 14:28:00,393.0,393.06,393.0,393.06,0.02,429.0,170054.59,1
2026-04-23,2026-04-23 14:29:00,393.06,393.12,393.06,393.12,0.02,429.0,170054.59,1
2026-04-23,2026-04-23 14:30:00,393.12,393.19,393.12,393.19,0.02,429.0,170054.59,1
2026-04-23,2026-04-23 14:31:00,393.19,393.25,393.19,393.25,0.02,429.0,170054.59,1
2026-04-23,2026-04-23 14:32:00,393.25,393.31,393.25,393.31,0.02,429.0,170054.59,1
2026-04-23,2026-04-23 14:33:00,393.31,393.38,393.31,393.38,0.02,429.0,170054.59,1
2026-04-23,2026-04-23 14:34:00,393.38,393.44,393.38,393.44,0.02,429.0,170054.59,1
2026-04-23,2026-04-23 14:35:00,393.44,393.5,393.44,393.5,0.02,429.0,170054.59,1
2026-04-23,2026-04-23 14:36:00,393.5,393.56,393.5,393.56,0.02,429.0,170054.59,1
2026-04-23,2026-04-23 14:37:00,393.56,393.62,393.56,393.62,0.02,429.0,170054.59,1
2026-04-23,2026-04-23 14:38:00,393.62,393.69,393.62,393.69,0.02,429.0,170054.59,1
2026-04-23,2026-04-23 14:39:00,393.69,393.75,393.69,393.75,0.02,429.0,170054.59,1
2026-04-23,2026-04-23 14:40:00,393.75,393.81,393.75,393.81,0.02,429.0,170054.59,1
2026-04-23,2026-04-23 14:41:00,393.81,393.88,393.81,393.88,0.02,429.0,170054.59,1
2026-04-23,2026-04-23 14:42:00,393.88,393.94,393.88,393.94,0.02,429.0,170054.59,1
2026-04-23,2026-04-23 14:43:00,393.94,394.0,393.94,394.0,0.02,429.0,170054.59,1
2026-04-23,2026-04-23 14:44:00,394.0,394.06,394.0,394.06,0.02,429.0,170054.59,1
2026-04-23,2026-04-23 14:45:00,394.06,394.12,394.06,394.12,0.02,429.0,170054.59,1
2026-04-23,2026-04-23 14:46:00,394.12,394.19,394.12,394.19,0.02,429.0,170054.59,1
2026-04-23,2026-04-23 14:47:00,394.19,394.25,394.19,394.25,0.02,429.0,170054.59,1
2026-04-23,2026-04-23 14:48:00,394.25,394.31,394.25,394.31,0.02,429.0,170054.59,1
2026-04-23,2026-04-23 14:49:00,394.31,394.38,394.31,394.38,0.02,429.0,170054.59,1
2026-04-23,2026-04-23 14:50:00,394.38,394.44,394.38,394.44,0.02,429.0,170054.59,1
2026-04-23,2026-04-23 14:51:00,394.44,394.5,394.44,394.5,0.02,429.0,170054.59,1
2026-04-23,2026-04-23 14:52:00,394.5,394.56,394.5,394.56,0.02,429.0,170054.59,1
2026-04-23,2026-04-23 14:53:00,394.56,394.62,394.56,394.62,0.02,429.0,170054.59,1
2026-04-23,2026-04-23 14:54:00,394.62,394.69,394.62,394.69,0.02,429.0,170054.59,1
2026-04-23,2026-04-23 14:55:00,394.69,394.75,394.69,394.75,0.02,429.0,170054.59,1
2026-04-23,2026-04-23 14:56:00,394.75,394.81,394.75,394.81,0.02,429.0,170054.59,1
2026-04-23,2026-04-23 14:57:00,394.81,394.88,394.81,394.88,0.02,429.0,170054.59,1
2026-04-23,2026-04-23 14:58:00,394.88,394.94,394.88,394.94,0.02,429.0,170054.59,1
2026-04-23,2026-04-23 14:59:00,394.94,395.0,394.94,395.0,0.02,429.0,170054.59,1
2026-04-23,2026-04-23 15:00:00,395.0,408.0,380.0,395.0,0.0,429.0,170054.59,0
2026-04-24,2026-04-24 11:00:00,414.7,414.7,405.79,414.58,-0.03,263.79,102344.78,-1
2026-04-24,2026-04-24 11:01:00,414.58,414.58,414.47,414.47,-0.03,263.79,102344.78,-1
2026-04-24,2026-04-24 11:02:00,414.47,414.47,414.35,414.35,-0.03,263.79,102344.78,-1
2026-04-24,2026-04-24 11:03:00,414.35,414.35,414.24,414.24,-0.03,263.79,102344.78,-1
2026-04-24,2026-04-24 11:04:00,414.24,414.24,414.12,414.12,-0.03,263.79,102344.78,-1
2026-04-24,2026-04-24 11:05:00,414.12,414.12,414.0,414.0,-0.03,263.79,102344.78,-1
2026-04-24,2026-04-24 11:06:00,414.0,414.0,413.89,413.89,-0.03,263.79,102344.78,-1
2026-04-24,2026-04-24 11:07:00,413.89,413.89,413.77,413.77,-0.03,263.79,102344.78,-1
2026-04-24,2026-04-24 11:08:00,413.77,413.77,413.66,413.66,-0.03,263.79,102344.78,-1
2026-04-24,2026-04-24 11:09:00,413.66,413.66,413.54,413.54,-0.03,263.79,102344.78,-1
2026-04-24,2026-04-24 11:10:00,413.54,413.54,413.43,413.43,-0.03,263.79,102344.78,-1
2026-04-24,2026-04-24 11:11:00,413.43,413.43,413.31,413.31,-0.03,263.79,102344.78,-1
2026-04-24,2026-04-24 11:12:00,413.31,413.31,413.19,413.19,-0.03,263.79,102344.78,-1
2026-04-24,2026-04-24 11:13:00,413.19,413.19,413.08,413.08,-0.03,263.79,102344.78,-1
2026-04-24,2026-04-24 11:14:00,413.08,413.08,412.96,412.96,-0.03,263.79,102344.78,-1
2026-04-24,2026-04-24 11:15:00,412.96,412.96,412.85,412.85,-0.03,263.79,102344.78,-1
2026-04-24,2026-04-24 11:16:00,412.85,412.85,412.73,412.73,-0.03,263.79,102344.78,-1
2026-04-24,2026-04-24 11:17:00,412.73,412.73,412.62,412.62,-0.03,263.79,102344.78,-1
2026-04-24,2026-04-24 11:18:00,412.62,412.62,412.5,412.5,-0.03,263.79,102344.78,-1
2026-04-24,2026-04-24 11:19:00,412.5,412.5,412.38,412.38,-0.03,263.79,102344.78,-1
2026-04-24,2026-04-24 11:20:00,412.38,412.38,412.27,412.27,-0.03,263.79,102344.78,-1
2026-04-24,2026-04-24 11:21:00,412.27,412.27,412.15,412.15,-0.03,263.79,102344.78,-1
2026-04-24,2026-04-24 11:22:00,412.15,412.15,412.04,412.04,-0.03,263.79,102344.78,-1
2026-04-24,2026-04-24 11:23:00,412.04,412.04,411.92,411.92,-0.03,263.79,102344.78,-1
2026-04-24,2026-04-24 11:24:00,411.92,411.92,411.8,411.8,-0.03,263.79,102344.78,-1
2026-04-24,2026-04-24 11:25:00,411.8,411.8,411.69,411.69,-0.03,263.79,102344.78,-1
2026-04-24,2026-04-24 11:26:00,411.69,411.69,411.57,411.57,-0.03,263.79,102344.78,-1
2026-04-24,2026-04-24 11:27:00,411.57,411.57,411.46,411.46,-0.03,263.79,102344.78,-1
2026-04-24,2026-04-24 11:28:00,411.46,411.46,411.34,411.34,-0.03,263.79,102344.78,-1
2026-04-24,2026-04-24 11:29:00,411.34,411.34,411.22,411.22,-0.03,263.79,102344.78,-1
2026-04-24,2026-04-24 11:30:00,411.22,411.22,411.11,411.11,-0.03,263.79,102344.78,-1
2026-04-24,2026-04-24 11:31:00,411.11,411.11,410.99,410.99,-0.03,263.79,102344.78,-1
2026-04-24,2026-04-24 11:32:00,410.99,410.99,410.88,410.88,-0.03,263.79,102344.78,-1
2026-04-24,2026-04-24 11:33:00,410.88,410.88,410.76,410.76,-0.03,263.79,102344.78,-1
2026-04-24,2026-04-24 11:34:00,410.76,410.76,410.65,410.65,-0.03,263.79,102344.78,-1
2026-04-24,2026-04-24 11:35:00,410.65,410.65,410.53,410.53,-0.03,263.79,102344.78,-1
2026-04-24,2026-04-24 11:36:00,410.53,410.53,410.41,410.41,-0.03,263.79,102344.78,-1
2026-04-24,2026-04-24 11:37:00,410.41,410.41,410.3,410.3,-0.03,263.79,102344.78,-1
2026-04-24,2026-04-24 11:38:00,410.3,410.3,410.18,410.18,-0.03,263.79,102344.78,-1
2026-04-24,2026-04-24 11:39:00,410.18,410.18,410.07,410.07,-0.03,263.79,102344.78,-1
2026-04-24,2026-04-24 11:40:00,410.07,410.07,409.95,409.95,-0.03,263.79,102344.78,-1
2026-04-24,2026-04-24 11:41:00,409.95,409.95,409.83,409.83,-0.03,263.79,102344.78,-1
2026-04-24,2026-04-24 11:42:00,409.83,409.83,409.72,409.72,-0.03,263.79,102344.78,-1
2026-04-24,2026-04-24 11:43:00,409.72,409.72,409.6,409.6,-0.03,263.79,102344.78,-1
2026-04-24,2026-04-24 11:44:00,409.6,409.6,409.49,409.49,-0.03,263.79,102344.78,-1
2026-04-24,2026-04-24 11:45:00,409.49,409.49,409.37,409.37,-0.03,263.79,102344.78,-1
2026-04-24,2026-04-24 11:46:00,409.37,409.37,409.26,409.26,-0.03,263.79,102344.78,-1
2026-04-24,2026-04-24 11:47:00,409.26,409.26,409.14,409.14,-0.03,263.79,102344.78,-1
2026-04-24,2026-04-24 11:48:00,409.14,409.14,409.02,409.02,-0.03,263.79,102344.78,-1
2026-04-24,2026-04-24 11:49:00,409.02,409.02,408.91,408.91,-0.03,263.79,102344.78,-1
2026-04-24,2026-04-24 11:50:00,408.91,408.91,408.79,408.79,-0.03,263.79,102344.78,-1
2026-04-24,2026-04-24 11:51:00,408.79,408.79,408.68,408.68,-0.03,263.79,102344.78,-1
2026-04-24,2026-04-24 11:52:00,408.68,408.68,408.56,408.56,-0.03,263.79,102344.78,-1
2026-04-24,2026-04-24 11:53:00,408.56,408.56,408.44,408.44,-0.03,263.79,102344.78,-1
2026-04-24,2026-04-24 11:54:00,408.44,408.44,408.33,408.33,-0.03,263.79,102344.78,-1
2026-04-24,2026-04-24 11:55:00,408.33,408.33,408.21,408.21,-0.03,263.79,102344.78,-1
2026-04-24,2026-04-24 11:56:00,408.21,408.21,408.1,408.1,-0.03,263.79,102344.78,-1
2026-04-24,2026-04-24 11:57:00,408.1,408.1,407.98,407.98,-0.03,263.79,102344.78,-1
2026-04-24,2026-04-24 11:58:00,407.98,407.98,407.87,407.87,-0.03,263.79,102344.78,-1
2026-04-24,2026-04-24 11:59:00,407.87,407.87,407.75,407.75,-0.03,263.79,102344.78,-1
2026-04-24,2026-04-24 12:00:00,407.75,407.75,407.63,407.63,-0.03,263.79,102344.78,-1
2026-04-24,2026-04-24 12:01:00,407.63,407.63,407.52,407.52,-0.03,263.79,102344.78,-1
2026-04-24,2026-04-24 12:02:00,407.52,407.52,407.4,407.4,-0.03,263.79,102344.78,-1
2026-04-24,2026-04-24 12:03:00,407.4,407.4,407.29,407.29,-0.03,263.79,102344.78,-1
2026-04-24,2026-04-24 12:04:00,407.29,407.29,407.17,407.17,-0.03,263.79,102344.78,-1
2026-04-24,2026-04-24 12:05:00,407.17,407.17,407.06,407.06,-0.03,263.79,102344.78,-1
2026-04-24,2026-04-24 12:06:00,407.06,407.06,406.94,406.94,-0.03,263.79,102344.78,-1
2026-04-24,2026-04-24 12:07:00,406.94,406.94,406.82,406.82,-0.03,263.79,102344.78,-1
2026-04-24,2026-04-24 12:08:00,406.82,406.82,406.71,406.71,-0.03,263.79,102344.78,-1
2026-04-24,2026-04-24 12:09:00,406.71,406.71,406.59,406.59,-0.03,263.79,102344.78,-1
2026-04-24,2026-04-24 12:10:00,406.59,406.59,406.48,406.48,-0.03,263.79,102344.78,-1
2026-04-24,2026-04-24 12:11:00,406.48,406.48,406.36,406.36,-0.03,263.79,102344.78,-1
2026-04-24,2026-04-24 12:12:00,406.36,406.36,406.24,406.24,-0.03,263.79,102344.78,-1
2026-04-24,2026-04-24 12:13:00,406.24,406.24,406.13,406.13,-0.03,263.79,102344.78,-1
2026-04-24,2026-04-24 12:14:00,406.13,406.13,406.01,406.01,-0.03,263.79,102344.78,-1
2026-04-24,2026-04-24 12:15:00,406.01,406.01,405.9,405.9,-0.03,263.79,102344.78,-1
2026-04-24,2026-04-24 12:16:00,405.9,405.9,405.78,405.78,-0.03,263.79,102344.78,-1
2026-04-24,2026-04-24 12:17:00,405.78,405.78,405.66,405.66,-0.03,263.79,102344.78,-1
2026-04-24,2026-04-24 12:18:00,405.66,405.66,405.55,405.55,-0.03,263.79,102344.78,-1
2026-04-24,2026-04-24 12:19:00,405.55,405.55,405.43,405.43,-0.03,263.79,102344.78,-1
2026-04-24,2026-04-24 12:20:00,405.43,405.43,405.32,405.32,-0.03,263.79,102344.78,-1
2026-04-24,2026-04-24 12:21:00,405.32,405.32,405.2,405.2,-0.03,263.79,102344.78,-1
2026-04-24,2026-04-24 12:22:00,405.2,405.2,405.09,405.09,-0.03,263.79,102344.78,-1
2026-04-24,2026-04-24 12:23:00,405.09,405.09,404.97,404.97,-0.03,263.79,102344.78,-1
2026-04-24,2026-04-24 12:24:00,404.97,404.97,404.85,404.85,-0.03,263.79,102344.78,-1
2026-04-24,2026-04-24 12:25:00,404.85,404.85,404.74,404.74,-0.03,263.79,102344.78,-1
2026-04-24,2026-04-24 12:26:00,404.74,404.74,404.62,404.62,-0.03,263.79,102344.78,-1
2026-04-24,2026-04-24 12:27:00,404.62,404.62,404.51,404.51,-0.03,263.79,102344.78,-1
2026-04-24,2026-04-24 12:28:00,404.51,404.51,404.39,404.39,-0.03,263.79,102344.78,-1
2026-04-24,2026-04-24 12:29:00,404.39,404.39,404.27,404.27,-0.03,263.79,102344.78,-1
2026-04-24,2026-04-24 12:30:00,404.27,404.27,404.16,404.16,-0.03,263.79,102344.78,-1
2026-04-24,2026-04-24 12:31:00,404.16,404.16,404.04,404.04,-0.03,263.79,102344.78,-1
2026-04-24,2026-04-24 12:32:00,404.04,404.04,403.93,403.93,-0.03,263.79,102344.78,-1
2026-04-24,2026-04-24 12:33:00,403.93,403.93,403.81,403.81,-0.03,263.79,102344.78,-1
2026-04-24,2026-04-24 12:34:00,403.81,403.81,403.7,403.7,-0.03,263.79,102344.78,-1
2026-04-24,2026-04-24 12:35:00,403.7,403.7,403.58,403.58,-0.03,263.79,102344.78,-1
2026-04-24,2026-04-24 12:36:00,403.58,403.58,403.46,403.46,-0.03,263.79,102344.78,-1
2026-04-24,2026-04-24 12:37:00,403.46,403.46,403.35,403.35,-0.03,263.79,102344.78,-1
2026-04-24,2026-04-24 12:38:00,403.35,403.35,403.23,403.23,-0.03,263.79,102344.78,-1
2026-04-24,2026-04-24 12:39:00,403.23,403.23,403.12,403.12,-0.03,263.79,102344.78,-1
2026-04-24,2026-04-24 12:40:00,403.12,403.12,403.0,403.0,-0.03,263.79,102344.78,-1
2026-04-24,2026-04-24 12:41:00,403.0,403.0,402.88,402.88,-0.03,263.79,102344.78,-1
2026-04-24,2026-04-24 12:42:00,402.88,402.88,402.77,402.77,-0.03,263.79,102344.78,-1
2026-04-24,2026-04-24 12:43:00,402.77,402.77,402.65,402.65,-0.03,263.79,102344.78,-1
2026-04-24,2026-04-24 12:44:00,402.65,402.65,402.54,402.54,-0.03,263.79,102344.78,-1
2026-04-24,2026-04-24 12:45:00,402.54,402.54,402.42,402.42,-0.03,263.79,102344.78,-1
2026-04-24,2026-04-24 12:46:00,402.42,402.42,402.31,402.31,-0.03,263.79,102344.78,-1
2026-04-24,2026-04-24 12:47:00,402.31,402.31,402.19,402.19,-0.03,263.79,102344.78,-1
2026-04-24,2026-04-24 12:48:00,402.19,402.19,402.07,402.07,-0.03,263.79,102344.78,-1
2026-04-24,2026-04-24 12:49:00,402.07,402.07,401.96,401.96,-0.03,263.79,102344.78,-1
2026-04-24,2026-04-24 12:50:00,401.96,401.96,401.84,401.84,-0.03,263.79,102344.78,-1
2026-04-24,2026-04-24 12:51:00,401.84,401.84,401.73,401.73,-0.03,263.79,102344.78,-1
2026-04-24,2026-04-24 12:52:00,401.73,401.73,401.61,401.61,-0.03,263.79,102344.78,-1
2026-04-24,2026-04-24 12:53:00,401.61,401.61,401.5,401.5,-0.03,263.79,102344.78,-1
2026-04-24,2026-04-24 12:54:00,401.5,401.5,401.38,401.38,-0.03,263.79,102344.78,-1
2026-04-24,2026-04-24 12:55:00,401.38,401.38,401.26,401.26,-0.03,263.79,102344.78,-1
2026-04-24,2026-04-24 12:56:00,401.26,401.26,401.15,401.15,-0.03,263.79,102344.78,-1
2026-04-24,2026-04-24 12:57:00,401.15,401.15,401.03,401.03,-0.03,263.79,102344.78,-1
2026-04-24,2026-04-24 12:58:00,401.03,401.03,400.92,400.92,-0.03,263.79,102344.78,-1
2026-04-24,2026-04-24 12:59:00,400.92,400.92,400.8,400.8,-0.03,263.79,102344.78,-1
2026-04-24,2026-04-24 13:00:00,400.8,414.7,385.0,400.68,-0.03,263.79,102344.78,-1
2026-04-24,2026-04-24 13:01:00,400.68,400.68,400.57,400.57,-0.03,263.79,102344.78,-1
2026-04-24,2026-04-24 13:02:00,400.57,400.57,400.45,400.45,-0.03,263.79,102344.78,-1
2026-04-24,2026-04-24 13:03:00,400.45,400.45,400.34,400.34,-0.03,263.79,102344.78,-1
2026-04-24,2026-04-24 13:04:00,400.34,400.34,400.22,400.22,-0.03,263.79,102344.78,-1
2026-04-24,2026-04-24 13:05:00,400.22,400.22,400.1,400.1,-0.03,263.79,102344.78,-1
2026-04-24,2026-04-24 13:06:00,400.1,400.1,399.99,399.99,-0.03,263.79,102344.78,-1
2026-04-24,2026-04-24 13:07:00,399.99,399.99,399.87,399.87,-0.03,263.79,102344.78,-1
2026-04-24,2026-04-24 13:08:00,399.87,399.87,399.76,399.76,-0.03,263.79,102344.78,-1
2026-04-24,2026-04-24 13:09:00,399.76,399.76,399.64,399.64,-0.03,263.79,102344.78,-1
2026-04-24,2026-04-24 13:10:00,399.64,399.64,399.53,399.53,-0.03,263.79,102344.78,-1
2026-04-24,2026-04-24 13:11:00,399.53,399.53,399.41,399.41,-0.03,263.79,102344.78,-1
2026-04-24,2026-04-24 13:12:00,399.41,399.41,399.29,399.29,-0.03,263.79,102344.78,-1
2026-04-24,2026-04-24 13:13:00,399.29,399.29,399.18,399.18,-0.03,263.79,102344.78,-1
2026-04-24,2026-04-24 13:14:00,399.18,399.18,399.06,399.06,-0.03,263.79,102344.78,-1
2026-04-24,2026-04-24 13:15:00,399.06,399.06,398.95,398.95,-0.03,263.79,102344.78,-1
2026-04-24,2026-04-24 13:16:00,398.95,398.95,398.83,398.83,-0.03,263.79,102344.78,-1
2026-04-24,2026-04-24 13:17:00,398.83,398.83,398.71,398.71,-0.03,263.79,102344.78,-1
2026-04-24,2026-04-24 13:18:00,398.71,398.71,398.6,398.6,-0.03,263.79,102344.78,-1
2026-04-24,2026-04-24 13:19:00,398.6,398.6,398.48,398.48,-0.03,263.79,102344.78,-1
2026-04-24,2026-04-24 13:20:00,398.48,398.48,398.37,398.37,-0.03,263.79,102344.78,-1
2026-04-24,2026-04-24 13:21:00,398.37,398.37,398.25,398.25,-0.03,263.79,102344.78,-1
2026-04-24,2026-04-24 13:22:00,398.25,398.25,398.14,398.14,-0.03,263.79,102344.78,-1
2026-04-24,2026-04-24 13:23:00,398.14,398.14,398.02,398.02,-0.03,263.79,102344.78,-1
2026-04-24,2026-04-24 13:24:00,398.02,398.02,397.9,397.9,-0.03,263.79,102344.78,-1
2026-04-24,2026-04-24 13:25:00,397.9,397.9,397.79,397.79,-0.03,263.79,102344.78,-1
2026-04-24,2026-04-24 13:26:00,397.79,397.79,397.67,397.67,-0.03,263.79,102344.78,-1
2026-04-24,2026-04-24 13:27:00,397.67,397.67,397.56,397.56,-0.03,263.79,102344.78,-1
2026-04-24,2026-04-24 13:28:00,397.56,397.56,397.44,397.44,-0.03,263.79,102344.78,-1
2026-04-24,2026-04-24 13:29:00,397.44,397.44,397.32,397.32,-0.03,263.79,102344.78,-1
2026-04-24,2026-04-24 13:30:00,397.32,397.32,397.21,397.21,-0.03,263.79,102344.78,-1
2026-04-24,2026-04-24 13:31:00,397.21,397.21,397.09,397.09,-0.03,263.79,102344.78,-1
2026-04-24,2026-04-24 13:32:00,397.09,397.09,396.98,396.98,-0.03,263.79,102344.78,-1
2026-04-24,2026-04-24 13:33:00,396.98,396.98,396.86,396.86,-0.03,263.79,102344.78,-1
2026-04-24,2026-04-24 13:34:00,396.86,396.86,396.75,396.75,-0.03,263.79,102344.78,-1
2026-04-24,2026-04-24 13:35:00,396.75,396.75,396.63,396.63,-0.03,263.79,102344.78,-1
2026-04-24,2026-04-24 13:36:00,396.63,396.63,396.51,396.51,-0.03,263.79,102344.78,-1
2026-04-24,2026-04-24 13:37:00,396.51,396.51,396.4,396.4,-0.03,263.79,102344.78,-1
2026-04-24,2026-04-24 13:38:00,396.4,396.4,396.28,396.28,-0.03,263.79,102344.78,-1
2026-04-24,2026-04-24 13:39:00,396.28,396.28,396.17,396.17,-0.03,263.79,102344.78,-1
2026-04-24,2026-04-24 13:40:00,396.17,396.17,396.05,396.05,-0.03,263.79,102344.78,-1
2026-04-24,2026-04-24 13:41:00,396.05,396.05,395.94,395.94,-0.03,263.79,102344.78,-1
2026-04-24,2026-04-24 13:42:00,395.94,395.94,395.82,395.82,-0.03,263.79,102344.78,-1
2026-04-24,2026-04-24 13:43:00,395.82,395.82,395.7,395.7,-0.03,263.79,102344.78,-1
2026-04-24,2026-04-24 13:44:00,395.7,395.7,395.59,395.59,-0.03,263.79,102344.78,-1
2026-04-24,2026-04-24 13:45:00,395.59,395.59,395.47,395.47,-0.03,263.79,102344.78,-1
2026-04-24,2026-04-24 13:46:00,395.47,395.47,395.36,395.36,-0.03,263.79,102344.78,-1
2026-04-24,2026-04-24 13:47:00,395.36,395.36,395.24,395.24,-0.03,263.79,102344.78,-1
2026-04-24,2026-04-24 13:48:00,395.24,395.24,395.12,395.12,-0.03,263.79,102344.78,-1
2026-04-24,2026-04-24 13:49:00,395.12,395.12,395.01,395.01,-0.03,263.79,102344.78,-1
2026-04-24,2026-04-24 13:50:00,395.01,395.01,394.89,394.89,-0.03,263.79,102344.78,-1
2026-04-24,2026-04-24 13:51:00,394.89,394.89,394.78,394.78,-0.03,263.79,102344.78,-1
2026-04-24,2026-04-24 13:52:00,394.78,394.78,394.66,394.66,-0.03,263.79,102344.78,-1
2026-04-24,2026-04-24 13:53:00,394.66,394.66,394.54,394.54,-0.03,263.79,102344.78,-1
2026-04-24,2026-04-24 13:54:00,394.54,394.54,394.43,394.43,-0.03,263.79,102344.78,-1
2026-04-24,2026-04-24 13:55:00,394.43,394.43,394.31,394.31,-0.03,263.79,102344.78,-1
2026-04-24,2026-04-24 13:56:00,394.31,394.31,394.2,394.2,-0.03,263.79,102344.78,-1
2026-04-24,2026-04-24 13:57:00,394.2,394.2,394.08,394.08,-0.03,263.79,102344.78,-1
2026-04-24,2026-04-24 13:58:00,394.08,394.08,393.97,393.97,-0.03,263.79,102344.78,-1
2026-04-24,2026-04-24 13:59:00,393.97,393.97,393.85,393.85,-0.03,263.79,102344.78,-1
2026-04-24,2026-04-24 14:00:00,393.85,393.85,393.73,393.73,-0.03,263.79,102344.78,-1
2026-04-24,2026-04-24 14:01:00,393.73,393.73,393.62,393.62,-0.03,263.79,102344.78,-1
2026-04-24,2026-04-24 14:02:00,393.62,393.62,393.5,393.5,-0.03,263.79,102344.78,-1
2026-04-24,2026-04-24 14:03:00,393.5,393.5,393.39,393.39,-0.03,263.79,102344.78,-1
2026-04-24,2026-04-24 14:04:00,393.39,393.39,393.27,393.27,-0.03,263.79,102344.78,-1
2026-04-24,2026-04-24 14:05:00,393.27,393.27,393.15,393.15,-0.03,263.79,102344.78,-1
2026-04-24,2026-04-24 14:06:00,393.15,393.15,393.04,393.04,-0.03,263.79,102344.78,-1
2026-04-24,2026-04-24 14:07:00,393.04,393.04,392.92,392.92,-0.03,263.79,102344.78,-1
2026-04-24,2026-04-24 14:08:00,392.92,392.92,392.81,392.81,-0.03,263.79,102344.78,-1
2026-04-24,2026-04-24 14:09:00,392.81,392.81,392.69,392.69,-0.03,263.79,102344.78,-1
2026-04-24,2026-04-24 14:10:00,392.69,392.69,392.58,392.58,-0.03,263.79,102344.78,-1
2026-04-24,2026-04-24 14:11:00,392.58,392.58,392.46,392.46,-0.03,263.79,102344.78,-1
2026-04-24,2026-04-24 14:12:00,392.46,392.46,392.34,392.34,-0.03,263.79,102344.78,-1
2026-04-24,2026-04-24 14:13:00,392.34,392.34,392.23,392.23,-0.03,263.79,102344.78,-1
2026-04-24,2026-04-24 14:14:00,392.23,392.23,392.11,392.11,-0.03,263.79,102344.78,-1
2026-04-24,2026-04-24 14:15:00,392.11,392.11,392.0,392.0,-0.03,263.79,102344.78,-1
2026-04-24,2026-04-24 14:16:00,392.0,392.0,391.88,391.88,-0.03,263.79,102344.78,-1
2026-04-24,2026-04-24 14:17:00,391.88,391.88,391.76,391.76,-0.03,263.79,102344.78,-1
2026-04-24,2026-04-24 14:18:00,391.76,391.76,391.65,391.65,-0.03,263.79,102344.78,-1
2026-04-24,2026-04-24 14:19:00,391.65,391.65,391.53,391.53,-0.03,263.79,102344.78,-1
2026-04-24,2026-04-24 14:20:00,391.53,391.53,391.42,391.42,-0.03,263.79,102344.78,-1
2026-04-24,2026-04-24 14:21:00,391.42,391.42,391.3,391.3,-0.03,263.79,102344.78,-1
2026-04-24,2026-04-24 14:22:00,391.3,391.3,391.19,391.19,-0.03,263.79,102344.78,-1
2026-04-24,2026-04-24 14:23:00,391.19,391.19,391.07,391.07,-0.03,263.79,102344.78,-1
2026-04-24,2026-04-24 14:24:00,391.07,391.07,390.95,390.95,-0.03,263.79,102344.78,-1
2026-04-24,2026-04-24 14:25:00,390.95,390.95,390.84,390.84,-0.03,263.79,102344.78,-1
2026-04-24,2026-04-24 14:26:00,390.84,390.84,390.72,390.72,-0.03,263.79,102344.78,-1
2026-04-24,2026-04-24 14:27:00,390.72,390.72,390.61,390.61,-0.03,263.79,102344.78,-1
2026-04-24,2026-04-24 14:28:00,390.61,390.61,390.49,390.49,-0.03,263.79,102344.78,-1
2026-04-24,2026-04-24 14:29:00,390.49,390.49,390.38,390.38,-0.03,263.79,102344.78,-1
2026-04-24,2026-04-24 14:30:00,390.38,390.38,390.26,390.26,-0.03,263.79,102344.78,-1
2026-04-24,2026-04-24 14:31:00,390.26,390.26,390.14,390.14,-0.03,263.79,102344.78,-1
2026-04-24,2026-04-24 14:32:00,390.14,390.14,390.03,390.03,-0.03,263.79,102344.78,-1
2026-04-24,2026-04-24 14:33:00,390.03,390.03,389.91,389.91,-0.03,263.79,102344.78,-1
2026-04-24,2026-04-24 14:34:00,389.91,389.91,389.8,389.8,-0.03,263.79,102344.78,-1
2026-04-24,2026-04-24 14:35:00,389.8,389.8,389.68,389.68,-0.03,263.79,102344.78,-1
2026-04-24,2026-04-24 14:36:00,389.68,389.68,389.56,389.56,-0.03,263.79,102344.78,-1
2026-04-24,2026-04-24 14:37:00,389.56,389.56,389.45,389.45,-0.03,263.79,102344.78,-1
2026-04-24,2026-04-24 14:38:00,389.45,389.45,389.33,389.33,-0.03,263.79,102344.78,-1
2026-04-24,2026-04-24 14:39:00,389.33,389.33,389.22,389.22,-0.03,263.79,102344.78,-1
2026-04-24,2026-04-24 14:40:00,389.22,389.22,389.1,389.1,-0.03,263.79,102344.78,-1
2026-04-24,2026-04-24 14:41:00,389.1,389.1,388.98,388.98,-0.03,263.79,102344.78,-1
2026-04-24,2026-04-24 14:42:00,388.98,388.98,388.87,388.87,-0.03,263.79,102344.78,-1
2026-04-24,2026-04-24 14:43:00,388.87,388.87,388.75,388.75,-0.03,263.79,102344.78,-1
2026-04-24,2026-04-24 14:44:00,388.75,388.75,388.64,388.64,-0.03,263.79,102344.78,-1
2026-04-24,2026-04-24 14:45:00,388.64,388.64,388.52,388.52,-0.03,263.79,102344.78,-1
2026-04-24,2026-04-24 14:46:00,388.52,388.52,388.41,388.41,-0.03,263.79,102344.78,-1
2026-04-24,2026-04-24 14:47:00,388.41,388.41,388.29,388.29,-0.03,263.79,102344.78,-1
2026-04-24,2026-04-24 14:48:00,388.29,388.29,388.17,388.17,-0.03,263.79,102344.78,-1
2026-04-24,2026-04-24 14:49:00,388.17,388.17,388.06,388.06,-0.03,263.79,102344.78,-1
2026-04-24,2026-04-24 14:50:00,388.06,388.06,387.94,387.94,-0.03,263.79,102344.78,-1
2026-04-24,2026-04-24 14:51:00,387.94,387.94,387.83,387.83,-0.03,263.79,102344.78,-1
2026-04-24,2026-04-24 14:52:00,387.83,387.83,387.71,387.71,-0.03,263.79,102344.78,-1
2026-04-24,2026-04-24 14:53:00,387.71,387.71,387.59,387.59,-0.03,263.79,102344.78,-1
2026-04-24,2026-04-24 14:54:00,387.59,387.59,387.48,387.48,-0.03,263.79,102344.78,-1
2026-04-24,2026-04-24 14:55:00,387.48,387.48,387.36,387.36,-0.03,263.79,102344.78,-1
2026-04-24,2026-04-24 14:56:00,387.36,387.36,387.25,387.25,-0.03,263.79,102344.78,-1
2026-04-24,2026-04-24 14:57:00,387.25,387.25,387.13,387.13,-0.03,263.79,102344.78,-1
2026-04-24,2026-04-24 14:58:00,387.13,387.13,387.02,387.02,-0.03,263.79,102344.78,-1
2026-04-24,2026-04-24 14:59:00,387.02,387.02,386.9,386.9,-0.03,263.79,102344.78,-1
2026-04-24,2026-04-24 15:00:00,386.9,414.7,385.0,386.9,0.0,263.79,102344.78,0
2026-04-27,2026-04-27 11:00:00,406.0,406.0,400.0,405.92,-0.02,152.35,59270.93,-1
2026-04-27,2026-04-27 11:01:00,405.92,405.92,405.84,405.84,-0.02,152.35,59270.93,-1
2026-04-27,2026-04-27 11:02:00,405.84,405.84,405.76,405.76,-0.02,152.35,59270.93,-1
2026-04-27,2026-04-27 11:03:00,405.76,405.76,405.68,405.68,-0.02,152.35,59270.93,-1
2026-04-27,2026-04-27 11:04:00,405.68,405.68,405.6,405.6,-0.02,152.35,59270.93,-1
2026-04-27,2026-04-27 11:05:00,405.6,405.6,405.52,405.52,-0.02,152.35,59270.93,-1
2026-04-27,2026-04-27 11:06:00,405.52,405.52,405.45,405.45,-0.02,152.35,59270.93,-1
2026-04-27,2026-04-27 11:07:00,405.45,405.45,405.37,405.37,-0.02,152.35,59270.93,-1
2026-04-27,2026-04-27 11:08:00,405.37,405.37,405.29,405.29,-0.02,152.35,59270.93,-1
2026-04-27,2026-04-27 11:09:00,405.29,405.29,405.21,405.21,-0.02,152.35,59270.93,-1
2026-04-27,2026-04-27 11:10:00,405.21,405.21,405.13,405.13,-0.02,152.35,59270.93,-1
2026-04-27,2026-04-27 11:11:00,405.13,405.13,405.05,405.05,-0.02,152.35,59270.93,-1
2026-04-27,2026-04-27 11:12:00,405.05,405.05,404.97,404.97,-0.02,152.35,59270.93,-1
2026-04-27,2026-04-27 11:13:00,404.97,404.97,404.89,404.89,-0.02,152.35,59270.93,-1
2026-04-27,2026-04-27 11:14:00,404.89,404.89,404.81,404.81,-0.02,152.35,59270.93,-1
2026-04-27,2026-04-27 11:15:00,404.81,404.81,404.73,404.73,-0.02,152.35,59270.93,-1
2026-04-27,2026-04-27 11:16:00,404.73,404.73,404.65,404.65,-0.02,152.35,59270.93,-1
2026-04-27,2026-04-27 11:17:00,404.65,404.65,404.57,404.57,-0.02,152.35,59270.93,-1
2026-04-27,2026-04-27 11:18:00,404.57,404.57,404.5,404.5,-0.02,152.35,59270.93,-1
2026-04-27,2026-04-27 11:19:00,404.5,404.5,404.42,404.42,-0.02,152.35,59270.93,-1
2026-04-27,2026-04-27 11:20:00,404.42,404.42,404.34,404.34,-0.02,152.35,59270.93,-1
2026-04-27,2026-04-27 11:21:00,404.34,404.34,404.26,404.26,-0.02,152.35,59270.93,-1
2026-04-27,2026-04-27 11:22:00,404.26,404.26,404.18,404.18,-0.02,152.35,59270.93,-1
2026-04-27,2026-04-27 11:23:00,404.18,404.18,404.1,404.1,-0.02,152.35,59270.93,-1
2026-04-27,2026-04-27 11:24:00,404.1,404.1,404.02,404.02,-0.02,152.35,59270.93,-1
2026-04-27,2026-04-27 11:25:00,404.02,404.02,403.94,403.94,-0.02,152.35,59270.93,-1
2026-04-27,2026-04-27 11:26:00,403.94,403.94,403.86,403.86,-0.02,152.35,59270.93,-1
2026-04-27,2026-04-27 11:27:00,403.86,403.86,403.78,403.78,-0.02,152.35,59270.93,-1
2026-04-27,2026-04-27 11:28:00,403.78,403.78,403.7,403.7,-0.02,152.35,59270.93,-1
2026-04-27,2026-04-27 11:29:00,403.7,403.7,403.62,403.62,-0.02,152.35,59270.93,-1
2026-04-27,2026-04-27 11:30:00,403.62,403.62,403.55,403.55,-0.02,152.35,59270.93,-1
2026-04-27,2026-04-27 11:31:00,403.55,403.55,403.47,403.47,-0.02,152.35,59270.93,-1
2026-04-27,2026-04-27 11:32:00,403.47,403.47,403.39,403.39,-0.02,152.35,59270.93,-1
2026-04-27,2026-04-27 11:33:00,403.39,403.39,403.31,403.31,-0.02,152.35,59270.93,-1
2026-04-27,2026-04-27 11:34:00,403.31,403.31,403.23,403.23,-0.02,152.35,59270.93,-1
2026-04-27,2026-04-27 11:35:00,403.23,403.23,403.15,403.15,-0.02,152.35,59270.93,-1
2026-04-27,2026-04-27 11:36:00,403.15,403.15,403.07,403.07,-0.02,152.35,59270.93,-1
2026-04-27,2026-04-27 11:37:00,403.07,403.07,402.99,402.99,-0.02,152.35,59270.93,-1
2026-04-27,2026-04-27 11:38:00,402.99,402.99,402.91,402.91,-0.02,152.35,59270.93,-1
2026-04-27,2026-04-27 11:39:00,402.91,402.91,402.83,402.83,-0.02,152.35,59270.93,-1
2026-04-27,2026-04-27 11:40:00,402.83,402.83,402.75,402.75,-0.02,152.35,59270.93,-1
2026-04-27,2026-04-27 11:41:00,402.75,402.75,402.68,402.68,-0.02,152.35,59270.93,-1
2026-04-27,2026-04-27 11:42:00,402.68,402.68,402.6,402.6,-0.02,152.35,59270.93,-1
2026-04-27,2026-04-27 11:43:00,402.6,402.6,402.52,402.52,-0.02,152.35,59270.93,-1
2026-04-27,2026-04-27 11:44:00,402.52,402.52,402.44,402.44,-0.02,152.35,59270.93,-1
2026-04-27,2026-04-27 11:45:00,402.44,402.44,402.36,402.36,-0.02,152.35,59270.93,-1
2026-04-27,2026-04-27 11:46:00,402.36,402.36,402.28,402.28,-0.02,152.35,59270.93,-1
2026-04-27,2026-04-27 11:47:00,402.28,402.28,402.2,402.2,-0.02,152.35,59270.93,-1
2026-04-27,2026-04-27 11:48:00,402.2,402.2,402.12,402.12,-0.02,152.35,59270.93,-1
2026-04-27,2026-04-27 11:49:00,402.12,402.12,402.04,402.04,-0.02,152.35,59270.93,-1
2026-04-27,2026-04-27 11:50:00,402.04,402.04,401.96,401.96,-0.02,152.35,59270.93,-1
2026-04-27,2026-04-27 11:51:00,401.96,401.96,401.88,401.88,-0.02,152.35,59270.93,-1
2026-04-27,2026-04-27 11:52:00,401.88,401.88,401.8,401.8,-0.02,152.35,59270.93,-1
2026-04-27,2026-04-27 11:53:00,401.8,401.8,401.73,401.73,-0.02,152.35,59270.93,-1
2026-04-27,2026-04-27 11:54:00,401.73,401.73,401.65,401.65,-0.02,152.35,59270.93,-1
2026-04-27,2026-04-27 11:55:00,401.65,401.65,401.57,401.57,-0.02,152.35,59270.93,-1
2026-04-27,2026-04-27 11:56:00,401.57,401.57,401.49,401.49,-0.02,152.35,59270.93,-1
2026-04-27,2026-04-27 11:57:00,401.49,401.49,401.41,401.41,-0.02,152.35,59270.93,-1
2026-04-27,2026-04-27 11:58:00,401.41,401.41,401.33,401.33,-0.02,152.35,59270.93,-1
2026-04-27,2026-04-27 11:59:00,401.33,401.33,401.25,401.25,-0.02,152.35,59270.93,-1
2026-04-27,2026-04-27 12:00:00,401.25,401.25,401.17,401.17,-0.02,152.35,59270.93,-1
2026-04-27,2026-04-27 12:01:00,401.17,401.17,401.09,401.09,-0.02,152.35,59270.93,-1
2026-04-27,2026-04-27 12:02:00,401.09,401.09,401.01,401.01,-0.02,152.35,59270.93,-1
2026-04-27,2026-04-27 12:03:00,401.01,401.01,400.93,400.93,-0.02,152.35,59270.93,-1
2026-04-27,2026-04-27 12:04:00,400.93,400.93,400.85,400.85,-0.02,152.35,59270.93,-1
2026-04-27,2026-04-27 12:05:00,400.85,400.85,400.77,400.77,-0.02,152.35,59270.93,-1
2026-04-27,2026-04-27 12:06:00,400.77,400.77,400.7,400.7,-0.02,152.35,59270.93,-1
2026-04-27,2026-04-27 12:07:00,400.7,400.7,400.62,400.62,-0.02,152.35,59270.93,-1
2026-04-27,2026-04-27 12:08:00,400.62,400.62,400.54,400.54,-0.02,152.35,59270.93,-1
2026-04-27,2026-04-27 12:09:00,400.54,400.54,400.46,400.46,-0.02,152.35,59270.93,-1
2026-04-27,2026-04-27 12:10:00,400.46,400.46,400.38,400.38,-0.02,152.35,59270.93,-1
2026-04-27,2026-04-27 12:11:00,400.38,400.38,400.3,400.3,-0.02,152.35,59270.93,-1
2026-04-27,2026-04-27 12:12:00,400.3,400.3,400.22,400.22,-0.02,152.35,59270.93,-1
2026-04-27,2026-04-27 12:13:00,400.22,400.22,400.14,400.14,-0.02,152.35,59270.93,-1
2026-04-27,2026-04-27 12:14:00,400.14,400.14,400.06,400.06,-0.02,152.35,59270.93,-1
2026-04-27,2026-04-27 12:15:00,400.06,400.06,399.98,399.98,-0.02,152.35,59270.93,-1
2026-04-27,2026-04-27 12:16:00,399.98,399.98,399.9,399.9,-0.02,152.35,59270.93,-1
2026-04-27,2026-04-27 12:17:00,399.9,399.9,399.82,399.82,-0.02,152.35,59270.93,-1
2026-04-27,2026-04-27 12:18:00,399.82,399.82,399.75,399.75,-0.02,152.35,59270.93,-1
2026-04-27,2026-04-27 12:19:00,399.75,399.75,399.67,399.67,-0.02,152.35,59270.93,-1
2026-04-27,2026-04-27 12:20:00,399.67,399.67,399.59,399.59,-0.02,152.35,59270.93,-1
2026-04-27,2026-04-27 12:21:00,399.59,399.59,399.51,399.51,-0.02,152.35,59270.93,-1
2026-04-27,2026-04-27 12:22:00,399.51,399.51,399.43,399.43,-0.02,152.35,59270.93,-1
2026-04-27,2026-04-27 12:23:00,399.43,399.43,399.35,399.35,-0.02,152.35,59270.93,-1
2026-04-27,2026-04-27 12:24:00,399.35,399.35,399.27,399.27,-0.02,152.35,59270.93,-1
2026-04-27,2026-04-27 12:25:00,399.27,399.27,399.19,399.19,-0.02,152.35,59270.93,-1
2026-04-27,2026-04-27 12:26:00,399.19,399.19,399.11,399.11,-0.02,152.35,59270.93,-1
2026-04-27,2026-04-27 12:27:00,399.11,399.11,399.03,399.03,-0.02,152.35,59270.93,-1
2026-04-27,2026-04-27 12:28:00,399.03,399.03,398.95,398.95,-0.02,152.35,59270.93,-1
2026-04-27,2026-04-27 12:29:00,398.95,398.95,398.88,398.88,-0.02,152.35,59270.93,-1
2026-04-27,2026-04-27 12:30:00,398.88,398.88,398.8,398.8,-0.02,152.35,59270.93,-1
2026-04-27,2026-04-27 12:31:00,398.8,398.8,398.72,398.72,-0.02,152.35,59270.93,-1
2026-04-27,2026-04-27 12:32:00,398.72,398.72,398.64,398.64,-0.02,152.35,59270.93,-1
2026-04-27,2026-04-27 12:33:00,398.64,398.64,398.56,398.56,-0.02,152.35,59270.93,-1
2026-04-27,2026-04-27 12:34:00,398.56,398.56,398.48,398.48,-0.02,152.35,59270.93,-1
2026-04-27,2026-04-27 12:35:00,398.48,398.48,398.4,398.4,-0.02,152.35,59270.93,-1
2026-04-27,2026-04-27 12:36:00,398.4,398.4,398.32,398.32,-0.02,152.35,59270.93,-1
2026-04-27,2026-04-27 12:37:00,398.32,398.32,398.24,398.24,-0.02,152.35,59270.93,-1
2026-04-27,2026-04-27 12:38:00,398.24,398.24,398.16,398.16,-0.02,152.35,59270.93,-1
2026-04-27,2026-04-27 12:39:00,398.16,398.16,398.08,398.08,-0.02,152.35,59270.93,-1
2026-04-27,2026-04-27 12:40:00,398.08,398.08,398.0,398.0,-0.02,152.35,59270.93,-1
2026-04-27,2026-04-27 12:41:00,398.0,398.0,397.93,397.93,-0.02,152.35,59270.93,-1
2026-04-27,2026-04-27 12:42:00,397.93,397.93,397.85,397.85,-0.02,152.35,59270.93,-1
2026-04-27,2026-04-27 12:43:00,397.85,397.85,397.77,397.77,-0.02,152.35,59270.93,-1
2026-04-27,2026-04-27 12:44:00,397.77,397.77,397.69,397.69,-0.02,152.35,59270.93,-1
2026-04-27,2026-04-27 12:45:00,397.69,397.69,397.61,397.61,-0.02,152.35,59270.93,-1
2026-04-27,2026-04-27 12:46:00,397.61,397.61,397.53,397.53,-0.02,152.35,59270.93,-1
2026-04-27,2026-04-27 12:47:00,397.53,397.53,397.45,397.45,-0.02,152.35,59270.93,-1
2026-04-27,2026-04-27 12:48:00,397.45,397.45,397.37,397.37,-0.02,152.35,59270.93,-1
2026-04-27,2026-04-27 12:49:00,397.37,397.37,397.29,397.29,-0.02,152.35,59270.93,-1
2026-04-27,2026-04-27 12:50:00,397.29,397.29,397.21,397.21,-0.02,152.35,59270.93,-1
2026-04-27,2026-04-27 12:51:00,397.21,397.21,397.13,397.13,-0.02,152.35,59270.93,-1
2026-04-27,2026-04-27 12:52:00,397.13,397.13,397.05,397.05,-0.02,152.35,59270.93,-1
2026-04-27,2026-04-27 12:53:00,397.05,397.05,396.98,396.98,-0.02,152.35,59270.93,-1
2026-04-27,2026-04-27 12:54:00,396.98,396.98,396.9,396.9,-0.02,152.35,59270.93,-1
2026-04-27,2026-04-27 12:55:00,396.9,396.9,396.82,396.82,-0.02,152.35,59270.93,-1
2026-04-27,2026-04-27 12:56:00,396.82,396.82,396.74,396.74,-0.02,152.35,59270.93,-1
2026-04-27,2026-04-27 12:57:00,396.74,396.74,396.66,396.66,-0.02,152.35,59270.93,-1
2026-04-27,2026-04-27 12:58:00,396.66,396.66,396.58,396.58,-0.02,152.35,59270.93,-1
2026-04-27,2026-04-27 12:59:00,396.58,396.58,396.5,396.5,-0.02,152.35,59270.93,-1
2026-04-27,2026-04-27 13:00:00,396.5,406.0,386.0,396.42,-0.02,152.35,59270.93,-1
2026-04-27,2026-04-27 13:01:00,396.42,396.42,396.34,396.34,-0.02,152.35,59270.93,-1
2026-04-27,2026-04-27 13:02:00,396.34,396.34,396.26,396.26,-0.02,152.35,59270.93,-1
2026-04-27,2026-04-27 13:03:00,396.26,396.26,396.18,396.18,-0.02,152.35,59270.93,-1
2026-04-27,2026-04-27 13:04:00,396.18,396.18,396.1,396.1,-0.02,152.35,59270.93,-1
2026-04-27,2026-04-27 13:05:00,396.1,396.1,396.02,396.02,-0.02,152.35,59270.93,-1
2026-04-27,2026-04-27 13:06:00,396.02,396.02,395.95,395.95,-0.02,152.35,59270.93,-1
2026-04-27,2026-04-27 13:07:00,395.95,395.95,395.87,395.87,-0.02,152.35,59270.93,-1
2026-04-27,2026-04-27 13:08:00,395.87,395.87,395.79,395.79,-0.02,152.35,59270.93,-1
2026-04-27,2026-04-27 13:09:00,395.79,395.79,395.71,395.71,-0.02,152.35,59270.93,-1
2026-04-27,2026-04-27 13:10:00,395.71,395.71,395.63,395.63,-0.02,152.35,59270.93,-1
2026-04-27,2026-04-27 13:11:00,395.63,395.63,395.55,395.55,-0.02,152.35,59270.93,-1
2026-04-27,2026-04-27 13:12:00,395.55,395.55,395.47,395.47,-0.02,152.35,59270.93,-1
2026-04-27,2026-04-27 13:13:00,395.47,395.47,395.39,395.39,-0.02,152.35,59270.93,-1
2026-04-27,2026-04-27 13:14:00,395.39,395.39,395.31,395.31,-0.02,152.35,59270.93,-1
2026-04-27,2026-04-27 13:15:00,395.31,395.31,395.23,395.23,-0.02,152.35,59270.93,-1
2026-04-27,2026-04-27 13:16:00,395.23,395.23,395.15,395.15,-0.02,152.35,59270.93,-1
2026-04-27,2026-04-27 13:17:00,395.15,395.15,395.07,395.07,-0.02,152.35,59270.93,-1
2026-04-27,2026-04-27 13:18:00,395.07,395.07,395.0,395.0,-0.02,152.35,59270.93,-1
2026-04-27,2026-04-27 13:19:00,395.0,395.0,394.92,394.92,-0.02,152.35,59270.93,-1
2026-04-27,2026-04-27 13:20:00,394.92,394.92,394.84,394.84,-0.02,152.35,59270.93,-1
2026-04-27,2026-04-27 13:21:00,394.84,394.84,394.76,394.76,-0.02,152.35,59270.93,-1
2026-04-27,2026-04-27 13:22:00,394.76,394.76,394.68,394.68,-0.02,152.35,59270.93,-1
2026-04-27,2026-04-27 13:23:00,394.68,394.68,394.6,394.6,-0.02,152.35,59270.93,-1
2026-04-27,2026-04-27 13:24:00,394.6,394.6,394.52,394.52,-0.02,152.35,59270.93,-1
2026-04-27,2026-04-27 13:25:00,394.52,394.52,394.44,394.44,-0.02,152.35,59270.93,-1
2026-04-27,2026-04-27 13:26:00,394.44,394.44,394.36,394.36,-0.02,152.35,59270.93,-1
2026-04-27,2026-04-27 13:27:00,394.36,394.36,394.28,394.28,-0.02,152.35,59270.93,-1
2026-04-27,2026-04-27 13:28:00,394.28,394.28,394.2,394.2,-0.02,152.35,59270.93,-1
2026-04-27,2026-04-27 13:29:00,394.2,394.2,394.12,394.12,-0.02,152.35,59270.93,-1
2026-04-27,2026-04-27 13:30:00,394.12,394.12,394.05,394.05,-0.02,152.35,59270.93,-1
2026-04-27,2026-04-27 13:31:00,394.05,394.05,393.97,393.97,-0.02,152.35,59270.93,-1
2026-04-27,2026-04-27 13:32:00,393.97,393.97,393.89,393.89,-0.02,152.35,59270.93,-1
2026-04-27,2026-04-27 13:33:00,393.89,393.89,393.81,393.81,-0.02,152.35,59270.93,-1
2026-04-27,2026-04-27 13:34:00,393.81,393.81,393.73,393.73,-0.02,152.35,59270.93,-1
2026-04-27,2026-04-27 13:35:00,393.73,393.73,393.65,393.65,-0.02,152.35,59270.93,-1
2026-04-27,2026-04-27 13:36:00,393.65,393.65,393.57,393.57,-0.02,152.35,59270.93,-1
2026-04-27,2026-04-27 13:37:00,393.57,393.57,393.49,393.49,-0.02,152.35,59270.93,-1
2026-04-27,2026-04-27 13:38:00,393.49,393.49,393.41,393.41,-0.02,152.35,59270.93,-1
2026-04-27,2026-04-27 13:39:00,393.41,393.41,393.33,393.33,-0.02,152.35,59270.93,-1
2026-04-27,2026-04-27 13:40:00,393.33,393.33,393.25,393.25,-0.02,152.35,59270.93,-1
2026-04-27,2026-04-27 13:41:00,393.25,393.25,393.18,393.18,-0.02,152.35,59270.93,-1
2026-04-27,2026-04-27 13:42:00,393.18,393.18,393.1,393.1,-0.02,152.35,59270.93,-1
2026-04-27,2026-04-27 13:43:00,393.1,393.1,393.02,393.02,-0.02,152.35,59270.93,-1
2026-04-27,2026-04-27 13:44:00,393.02,393.02,392.94,392.94,-0.02,152.35,59270.93,-1
2026-04-27,2026-04-27 13:45:00,392.94,392.94,392.86,392.86,-0.02,152.35,59270.93,-1
2026-04-27,2026-04-27 13:46:00,392.86,392.86,392.78,392.78,-0.02,152.35,59270.93,-1
2026-04-27,2026-04-27 13:47:00,392.78,392.78,392.7,392.7,-0.02,152.35,59270.93,-1
2026-04-27,2026-04-27 13:48:00,392.7,392.7,392.62,392.62,-0.02,152.35,59270.93,-1
2026-04-27,2026-04-27 13:49:00,392.62,392.62,392.54,392.54,-0.02,152.35,59270.93,-1
2026-04-27,2026-04-27 13:50:00,392.54,392.54,392.46,392.46,-0.02,152.35,59270.93,-1
2026-04-27,2026-04-27 13:51:00,392.46,392.46,392.38,392.38,-0.02,152.35,59270.93,-1
2026-04-27,2026-04-27 13:52:00,392.38,392.38,392.3,392.3,-0.02,152.35,59270.93,-1
2026-04-27,2026-04-27 13:53:00,392.3,392.3,392.23,392.23,-0.02,152.35,59270.93,-1
2026-04-27,2026-04-27 13:54:00,392.23,392.23,392.15,392.15,-0.02,152.35,59270.93,-1
2026-04-27,2026-04-27 13:55:00,392.15,392.15,392.07,392.07,-0.02,152.35,59270.93,-1
2026-04-27,2026-04-27 13:56:00,392.07,392.07,391.99,391.99,-0.02,152.35,59270.93,-1
2026-04-27,2026-04-27 13:57:00,391.99,391.99,391.91,391.91,-0.02,152.35,59270.93,-1
2026-04-27,2026-04-27 13:58:00,391.91,391.91,391.83,391.83,-0.02,152.35,59270.93,-1
2026-04-27,2026-04-27 13:59:00,391.83,391.83,391.75,391.75,-0.02,152.35,59270.93,-1
2026-04-27,2026-04-27 14:00:00,391.75,391.75,391.67,391.67,-0.02,152.35,59270.93,-1
2026-04-27,2026-04-27 14:01:00,391.67,391.67,391.59,391.59,-0.02,152.35,59270.93,-1
2026-04-27,2026-04-27 14:02:00,391.59,391.59,391.51,391.51,-0.02,152.35,59270.93,-1
2026-04-27,2026-04-27 14:03:00,391.51,391.51,391.43,391.43,-0.02,152.35,59270.93,-1
2026-04-27,2026-04-27 14:04:00,391.43,391.43,391.35,391.35,-0.02,152.35,59270.93,-1
2026-04-27,2026-04-27 14:05:00,391.35,391.35,391.27,391.27,-0.02,152.35,59270.93,-1
2026-04-27,2026-04-27 14:06:00,391.27,391.27,391.2,391.2,-0.02,152.35,59270.93,-1
2026-04-27,2026-04-27 14:07:00,391.2,391.2,391.12,391.12,-0.02,152.35,59270.93,-1
2026-04-27,2026-04-27 14:08:00,391.12,391.12,391.04,391.04,-0.02,152.35,59270.93,-1
2026-04-27,2026-04-27 14:09:00,391.04,391.04,390.96,390.96,-0.02,152.35,59270.93,-1
2026-04-27,2026-04-27 14:10:00,390.96,390.96,390.88,390.88,-0.02,152.35,59270.93,-1
2026-04-27,2026-04-27 14:11:00,390.88,390.88,390.8,390.8,-0.02,152.35,59270.93,-1
2026-04-27,2026-04-27 14:12:00,390.8,390.8,390.72,390.72,-0.02,152.35,59270.93,-1
2026-04-27,2026-04-27 14:13:00,390.72,390.72,390.64,390.64,-0.02,152.35,59270.93,-1
2026-04-27,2026-04-27 14:14:00,390.64,390.64,390.56,390.56,-0.02,152.35,59270.93,-1
2026-04-27,2026-04-27 14:15:00,390.56,390.56,390.48,390.48,-0.02,152.35,59270.93,-1
2026-04-27,2026-04-27 14:16:00,390.48,390.48,390.4,390.4,-0.02,152.35,59270.93,-1
2026-04-27,2026-04-27 14:17:00,390.4,390.4,390.32,390.32,-0.02,152.35,59270.93,-1
2026-04-27,2026-04-27 14:18:00,390.32,390.32,390.25,390.25,-0.02,152.35,59270.93,-1
2026-04-27,2026-04-27 14:19:00,390.25,390.25,390.17,390.17,-0.02,152.35,59270.93,-1
2026-04-27,2026-04-27 14:20:00,390.17,390.17,390.09,390.09,-0.02,152.35,59270.93,-1
2026-04-27,2026-04-27 14:21:00,390.09,390.09,390.01,390.01,-0.02,152.35,59270.93,-1
2026-04-27,2026-04-27 14:22:00,390.01,390.01,389.93,389.93,-0.02,152.35,59270.93,-1
2026-04-27,2026-04-27 14:23:00,389.93,389.93,389.85,389.85,-0.02,152.35,59270.93,-1
2026-04-27,2026-04-27 14:24:00,389.85,389.85,389.77,389.77,-0.02,152.35,59270.93,-1
2026-04-27,2026-04-27 14:25:00,389.77,389.77,389.69,389.69,-0.02,152.35,59270.93,-1
2026-04-27,2026-04-27 14:26:00,389.69,389.69,389.61,389.61,-0.02,152.35,59270.93,-1
2026-04-27,2026-04-27 14:27:00,389.61,389.61,389.53,389.53,-0.02,152.35,59270.93,-1
2026-04-27,2026-04-27 14:28:00,389.53,389.53,389.45,389.45,-0.02,152.35,59270.93,-1
2026-04-27,2026-04-27 14:29:00,389.45,389.45,389.38,389.38,-0.02,152.35,59270.93,-1
2026-04-27,2026-04-27 14:30:00,389.38,389.38,389.3,389.3,-0.02,152.35,59270.93,-1
2026-04-27,2026-04-27 14:31:00,389.3,389.3,389.22,389.22,-0.02,152.35,59270.93,-1
2026-04-27,2026-04-27 14:32:00,389.22,389.22,389.14,389.14,-0.02,152.35,59270.93,-1
2026-04-27,2026-04-27 14:33:00,389.14,389.14,389.06,389.06,-0.02,152.35,59270.93,-1
2026-04-27,2026-04-27 14:34:00,389.06,389.06,388.98,388.98,-0.02,152.35,59270.93,-1
2026-04-27,2026-04-27 14:35:00,388.98,388.98,388.9,388.9,-0.02,152.35,59270.93,-1
2026-04-27,2026-04-27 14:36:00,388.9,388.9,388.82,388.82,-0.02,152.35,59270.93,-1
2026-04-27,2026-04-27 14:37:00,388.82,388.82,388.74,388.74,-0.02,152.35,59270.93,-1
2026-04-27,2026-04-27 14:38:00,388.74,388.74,388.66,388.66,-0.02,152.35,59270.93,-1
2026-04-27,2026-04-27 14:39:00,388.66,388.66,388.58,388.58,-0.02,152.35,59270.93,-1
2026-04-27,2026-04-27 14:40:00,388.58,388.58,388.5,388.5,-0.02,152.35,59270.93,-1
2026-04-27,2026-04-27 14:41:00,388.5,388.5,388.43,388.43,-0.02,152.35,59270.93,-1
2026-04-27,2026-04-27 14:42:00,388.43,388.43,388.35,388.35,-0.02,152.35,59270.93,-1
2026-04-27,2026-04-27 14:43:00,388.35,388.35,388.27,388.27,-0.02,152.35,59270.93,-1
2026-04-27,2026-04-27 14:44:00,388.27,388.27,388.19,388.19,-0.02,152.35,59270.93,-1
2026-04-27,2026-04-27 14:45:00,388.19,388.19,388.11,388.11,-0.02,152.35,59270.93,-1
2026-04-27,2026-04-27 14:46:00,388.11,388.11,388.03,388.03,-0.02,152.35,59270.93,-1
2026-04-27,2026-04-27 14:47:00,388.03,388.03,387.95,387.95,-0.02,152.35,59270.93,-1
2026-04-27,2026-04-27 14:48:00,387.95,387.95,387.87,387.87,-0.02,152.35,59270.93,-1
2026-04-27,2026-04-27 14:49:00,387.87,387.87,387.79,387.79,-0.02,152.35,59270.93,-1
2026-04-27,2026-04-27 14:50:00,387.79,387.79,387.71,387.71,-0.02,152.35,59270.93,-1
2026-04-27,2026-04-27 14:51:00,387.71,387.71,387.63,387.63,-0.02,152.35,59270.93,-1
2026-04-27,2026-04-27 14:52:00,387.63,387.63,387.55,387.55,-0.02,152.35,59270.93,-1
2026-04-27,2026-04-27 14:53:00,387.55,387.55,387.48,387.48,-0.02,152.35,59270.93,-1
2026-04-27,2026-04-27 14:54:00,387.48,387.48,387.4,387.4,-0.02,152.35,59270.93,-1
2026-04-27,2026-04-27 14:55:00,387.4,387.4,387.32,387.32,-0.02,152.35,59270.93,-1
2026-04-27,2026-04-27 14:56:00,387.32,387.32,387.24,387.24,-0.02,152.35,59270.93,-1
2026-04-27,2026-04-27 14:57:00,387.24,387.24,387.16,387.16,-0.02,152.35,59270.93,-1
2026-04-27,2026-04-27 14:58:00,387.16,387.16,387.08,387.08,-0.02,152.35,59270.93,-1
2026-04-27,2026-04-27 14:59:00,387.08,387.08,387.0,387.0,-0.02,152.35,59270.93,-1
2026-04-27,2026-04-27 15:00:00,387.0,406.0,386.0,387.0,0.0,152.35,59270.93,0
2026-04-28,2026-04-28 11:00:00,388.0,389.8,384.4,387.96,-0.01,342.67,130707.18,-1
2026-04-28,2026-04-28 11:01:00,387.96,387.96,387.93,387.93,-0.01,342.67,130707.18,-1
2026-04-28,2026-04-28 11:02:00,387.93,387.93,387.89,387.89,-0.01,342.67,130707.18,-1
2026-04-28,2026-04-28 11:03:00,387.89,387.89,387.85,387.85,-0.01,342.67,130707.18,-1
2026-04-28,2026-04-28 11:04:00,387.85,387.85,387.81,387.81,-0.01,342.67,130707.18,-1
2026-04-28,2026-04-28 11:05:00,387.81,387.81,387.77,387.77,-0.01,342.67,130707.18,-1
2026-04-28,2026-04-28 11:06:00,387.77,387.77,387.74,387.74,-0.01,342.67,130707.18,-1
2026-04-28,2026-04-28 11:07:00,387.74,387.74,387.7,387.7,-0.01,342.67,130707.18,-1
2026-04-28,2026-04-28 11:08:00,387.7,387.7,387.66,387.66,-0.01,342.67,130707.18,-1
2026-04-28,2026-04-28 11:09:00,387.66,387.66,387.62,387.62,-0.01,342.67,130707.18,-1
2026-04-28,2026-04-28 11:10:00,387.62,387.62,387.59,387.59,-0.01,342.67,130707.18,-1
2026-04-28,2026-04-28 11:11:00,387.59,387.59,387.55,387.55,-0.01,342.67,130707.18,-1
2026-04-28,2026-04-28 11:12:00,387.55,387.55,387.51,387.51,-0.01,342.67,130707.18,-1
2026-04-28,2026-04-28 11:13:00,387.51,387.51,387.48,387.48,-0.01,342.67,130707.18,-1
2026-04-28,2026-04-28 11:14:00,387.48,387.48,387.44,387.44,-0.01,342.67,130707.18,-1
2026-04-28,2026-04-28 11:15:00,387.44,387.44,387.4,387.4,-0.01,342.67,130707.18,-1
2026-04-28,2026-04-28 11:16:00,387.4,387.4,387.36,387.36,-0.01,342.67,130707.18,-1
2026-04-28,2026-04-28 11:17:00,387.36,387.36,387.32,387.32,-0.01,342.67,130707.18,-1
2026-04-28,2026-04-28 11:18:00,387.32,387.32,387.29,387.29,-0.01,342.67,130707.18,-1
2026-04-28,2026-04-28 11:19:00,387.29,387.29,387.25,387.25,-0.01,342.67,130707.18,-1
2026-04-28,2026-04-28 11:20:00,387.25,387.25,387.21,387.21,-0.01,342.67,130707.18,-1
2026-04-28,2026-04-28 11:21:00,387.21,387.21,387.18,387.18,-0.01,342.67,130707.18,-1
2026-04-28,2026-04-28 11:22:00,387.18,387.18,387.14,387.14,-0.01,342.67,130707.18,-1
2026-04-28,2026-04-28 11:23:00,387.14,387.14,387.1,387.1,-0.01,342.67,130707.18,-1
2026-04-28,2026-04-28 11:24:00,387.1,387.1,387.06,387.06,-0.01,342.67,130707.18,-1
2026-04-28,2026-04-28 11:25:00,387.06,387.06,387.02,387.02,-0.01,342.67,130707.18,-1
2026-04-28,2026-04-28 11:26:00,387.02,387.02,386.99,386.99,-0.01,342.67,130707.18,-1
2026-04-28,2026-04-28 11:27:00,386.99,386.99,386.95,386.95,-0.01,342.67,130707.18,-1
2026-04-28,2026-04-28 11:28:00,386.95,386.95,386.91,386.91,-0.01,342.67,130707.18,-1
2026-04-28,2026-04-28 11:29:00,386.91,386.91,386.88,386.88,-0.01,342.67,130707.18,-1
2026-04-28,2026-04-28 11:30:00,386.88,386.88,386.84,386.84,-0.01,342.67,130707.18,-1
2026-04-28,2026-04-28 11:31:00,386.84,386.84,386.8,386.8,-0.01,342.67,130707.18,-1
2026-04-28,2026-04-28 11:32:00,386.8,386.8,386.76,386.76,-0.01,342.67,130707.18,-1
2026-04-28,2026-04-28 11:33:00,386.76,386.76,386.73,386.73,-0.01,342.67,130707.18,-1
2026-04-28,2026-04-28 11:34:00,386.73,386.73,386.69,386.69,-0.01,342.67,130707.18,-1
2026-04-28,2026-04-28 11:35:00,386.69,386.69,386.65,386.65,-0.01,342.67,130707.18,-1
2026-04-28,2026-04-28 11:36:00,386.65,386.65,386.61,386.61,-0.01,342.67,130707.18,-1
2026-04-28,2026-04-28 11:37:00,386.61,386.61,386.57,386.57,-0.01,342.67,130707.18,-1
2026-04-28,2026-04-28 11:38:00,386.57,386.57,386.54,386.54,-0.01,342.67,130707.18,-1
2026-04-28,2026-04-28 11:39:00,386.54,386.54,386.5,386.5,-0.01,342.67,130707.18,-1
2026-04-28,2026-04-28 11:40:00,386.5,386.5,386.46,386.46,-0.01,342.67,130707.18,-1
2026-04-28,2026-04-28 11:41:00,386.46,386.46,386.43,386.43,-0.01,342.67,130707.18,-1
2026-04-28,2026-04-28 11:42:00,386.43,386.43,386.39,386.39,-0.01,342.67,130707.18,-1
2026-04-28,2026-04-28 11:43:00,386.39,386.39,386.35,386.35,-0.01,342.67,130707.18,-1
2026-04-28,2026-04-28 11:44:00,386.35,386.35,386.31,386.31,-0.01,342.67,130707.18,-1
2026-04-28,2026-04-28 11:45:00,386.31,386.31,386.27,386.27,-0.01,342.67,130707.18,-1
2026-04-28,2026-04-28 11:46:00,386.27,386.27,386.24,386.24,-0.01,342.67,130707.18,-1
2026-04-28,2026-04-28 11:47:00,386.24,386.24,386.2,386.2,-0.01,342.67,130707.18,-1
2026-04-28,2026-04-28 11:48:00,386.2,386.2,386.16,386.16,-0.01,342.67,130707.18,-1
2026-04-28,2026-04-28 11:49:00,386.16,386.16,386.12,386.12,-0.01,342.67,130707.18,-1
2026-04-28,2026-04-28 11:50:00,386.12,386.12,386.09,386.09,-0.01,342.67,130707.18,-1
2026-04-28,2026-04-28 11:51:00,386.09,386.09,386.05,386.05,-0.01,342.67,130707.18,-1
2026-04-28,2026-04-28 11:52:00,386.05,386.05,386.01,386.01,-0.01,342.67,130707.18,-1
2026-04-28,2026-04-28 11:53:00,386.01,386.01,385.98,385.98,-0.01,342.67,130707.18,-1
2026-04-28,2026-04-28 11:54:00,385.98,385.98,385.94,385.94,-0.01,342.67,130707.18,-1
2026-04-28,2026-04-28 11:55:00,385.94,385.94,385.9,385.9,-0.01,342.67,130707.18,-1
2026-04-28,2026-04-28 11:56:00,385.9,385.9,385.86,385.86,-0.01,342.67,130707.18,-1
2026-04-28,2026-04-28 11:57:00,385.86,385.86,385.82,385.82,-0.01,342.67,130707.18,-1
2026-04-28,2026-04-28 11:58:00,385.82,385.82,385.79,385.79,-0.01,342.67,130707.18,-1
2026-04-28,2026-04-28 11:59:00,385.79,385.79,385.75,385.75,-0.01,342.67,130707.18,-1
2026-04-28,2026-04-28 12:00:00,385.75,385.75,385.71,385.71,-0.01,342.67,130707.18,-1
2026-04-28,2026-04-28 12:01:00,385.71,385.71,385.68,385.68,-0.01,342.67,130707.18,-1
2026-04-28,2026-04-28 12:02:00,385.68,385.68,385.64,385.64,-0.01,342.67,130707.18,-1
2026-04-28,2026-04-28 12:03:00,385.64,385.64,385.6,385.6,-0.01,342.67,130707.18,-1
2026-04-28,2026-04-28 12:04:00,385.6,385.6,385.56,385.56,-0.01,342.67,130707.18,-1
2026-04-28,2026-04-28 12:05:00,385.56,385.56,385.52,385.52,-0.01,342.67,130707.18,-1
2026-04-28,2026-04-28 12:06:00,385.52,385.52,385.49,385.49,-0.01,342.67,130707.18,-1
2026-04-28,2026-04-28 12:07:00,385.49,385.49,385.45,385.45,-0.01,342.67,130707.18,-1
2026-04-28,2026-04-28 12:08:00,385.45,385.45,385.41,385.41,-0.01,342.67,130707.18,-1
2026-04-28,2026-04-28 12:09:00,385.41,385.41,385.38,385.38,-0.01,342.67,130707.18,-1
2026-04-28,2026-04-28 12:10:00,385.38,385.38,385.34,385.34,-0.01,342.67,130707.18,-1
2026-04-28,2026-04-28 12:11:00,385.34,385.34,385.3,385.3,-0.01,342.67,130707.18,-1
2026-04-28,2026-04-28 12:12:00,385.3,385.3,385.26,385.26,-0.01,342.67,130707.18,-1
2026-04-28,2026-04-28 12:13:00,385.26,385.26,385.23,385.23,-0.01,342.67,130707.18,-1
2026-04-28,2026-04-28 12:14:00,385.23,385.23,385.19,385.19,-0.01,342.67,130707.18,-1
2026-04-28,2026-04-28 12:15:00,385.19,385.19,385.15,385.15,-0.01,342.67,130707.18,-1
2026-04-28,2026-04-28 12:16:00,385.15,385.15,385.11,385.11,-0.01,342.67,130707.18,-1
2026-04-28,2026-04-28 12:17:00,385.11,385.11,385.07,385.07,-0.01,342.67,130707.18,-1
2026-04-28,2026-04-28 12:18:00,385.07,385.07,385.04,385.04,-0.01,342.67,130707.18,-1
2026-04-28,2026-04-28 12:19:00,385.04,385.04,385.0,385.0,-0.01,342.67,130707.18,-1
2026-04-28,2026-04-28 12:20:00,385.0,385.0,384.96,384.96,-0.01,342.67,130707.18,-1
2026-04-28,2026-04-28 12:21:00,384.96,384.96,384.93,384.93,-0.01,342.67,130707.18,-1
2026-04-28,2026-04-28 12:22:00,384.93,384.93,384.89,384.89,-0.01,342.67,130707.18,-1
2026-04-28,2026-04-28 12:23:00,384.89,384.89,384.85,384.85,-0.01,342.67,130707.18,-1
2026-04-28,2026-04-28 12:24:00,384.85,384.85,384.81,384.81,-0.01,342.67,130707.18,-1
2026-04-28,2026-04-28 12:25:00,384.81,384.81,384.77,384.77,-0.01,342.67,130707.18,-1
2026-04-28,2026-04-28 12:26:00,384.77,384.77,384.74,384.74,-0.01,342.67,130707.18,-1
2026-04-28,2026-04-28 12:27:00,384.74,384.74,384.7,384.7,-0.01,342.67,130707.18,-1
2026-04-28,2026-04-28 12:28:00,384.7,384.7,384.66,384.66,-0.01,342.67,130707.18,-1
2026-04-28,2026-04-28 12:29:00,384.66,384.66,384.62,384.62,-0.01,342.67,130707.18,-1
2026-04-28,2026-04-28 12:30:00,384.62,384.62,384.59,384.59,-0.01,342.67,130707.18,-1
2026-04-28,2026-04-28 12:31:00,384.59,384.59,384.55,384.55,-0.01,342.67,130707.18,-1
2026-04-28,2026-04-28 12:32:00,384.55,384.55,384.51,384.51,-0.01,342.67,130707.18,-1
2026-04-28,2026-04-28 12:33:00,384.51,384.51,384.48,384.48,-0.01,342.67,130707.18,-1
2026-04-28,2026-04-28 12:34:00,384.48,384.48,384.44,384.44,-0.01,342.67,130707.18,-1
2026-04-28,2026-04-28 12:35:00,384.44,384.44,384.4,384.4,-0.01,342.67,130707.18,-1
2026-04-28,2026-04-28 12:36:00,384.4,384.4,384.36,384.36,-0.01,342.67,130707.18,-1
2026-04-28,2026-04-28 12:37:00,384.36,384.36,384.32,384.32,-0.01,342.67,130707.18,-1
2026-04-28,2026-04-28 12:38:00,384.32,384.32,384.29,384.29,-0.01,342.67,130707.18,-1
2026-04-28,2026-04-28 12:39:00,384.29,384.29,384.25,384.25,-0.01,342.67,130707.18,-1
2026-04-28,2026-04-28 12:40:00,384.25,384.25,384.21,384.21,-0.01,342.67,130707.18,-1
2026-04-28,2026-04-28 12:41:00,384.21,384.21,384.18,384.18,-0.01,342.67,130707.18,-1
2026-04-28,2026-04-28 12:42:00,384.18,384.18,384.14,384.14,-0.01,342.67,130707.18,-1
2026-04-28,2026-04-28 12:43:00,384.14,384.14,384.1,384.1,-0.01,342.67,130707.18,-1
2026-04-28,2026-04-28 12:44:00,384.1,384.1,384.06,384.06,-0.01,342.67,130707.18,-1
2026-04-28,2026-04-28 12:45:00,384.06,384.06,384.02,384.02,-0.01,342.67,130707.18,-1
2026-04-28,2026-04-28 12:46:00,384.02,384.02,383.99,383.99,-0.01,342.67,130707.18,-1
2026-04-28,2026-04-28 12:47:00,383.99,383.99,383.95,383.95,-0.01,342.67,130707.18,-1
2026-04-28,2026-04-28 12:48:00,383.95,383.95,383.91,383.91,-0.01,342.67,130707.18,-1
2026-04-28,2026-04-28 12:49:00,383.91,383.91,383.88,383.88,-0.01,342.67,130707.18,-1
2026-04-28,2026-04-28 12:50:00,383.88,383.88,383.84,383.84,-0.01,342.67,130707.18,-1
2026-04-28,2026-04-28 12:51:00,383.84,383.84,383.8,383.8,-0.01,342.67,130707.18,-1
2026-04-28,2026-04-28 12:52:00,383.8,383.8,383.76,383.76,-0.01,342.67,130707.18,-1
2026-04-28,2026-04-28 12:53:00,383.76,383.76,383.73,383.73,-0.01,342.67,130707.18,-1
2026-04-28,2026-04-28 12:54:00,383.73,383.73,383.69,383.69,-0.01,342.67,130707.18,-1
2026-04-28,2026-04-28 12:55:00,383.69,383.69,383.65,383.65,-0.01,342.67,130707.18,-1
2026-04-28,2026-04-28 12:56:00,383.65,383.65,383.61,383.61,-0.01,342.67,130707.18,-1
2026-04-28,2026-04-28 12:57:00,383.61,383.61,383.57,383.57,-0.01,342.67,130707.18,-1
2026-04-28,2026-04-28 12:58:00,383.57,383.57,383.54,383.54,-0.01,342.67,130707.18,-1
2026-04-28,2026-04-28 12:59:00,383.54,383.54,383.5,383.5,-0.01,342.67,130707.18,-1
2026-04-28,2026-04-28 13:00:00,383.5,394.0,376.0,383.46,-0.01,342.67,130707.18,-1
2026-04-28,2026-04-28 13:01:00,383.46,383.46,383.43,383.43,-0.01,342.67,130707.18,-1
2026-04-28,2026-04-28 13:02:00,383.43,383.43,383.39,383.39,-0.01,342.67,130707.18,-1
2026-04-28,2026-04-28 13:03:00,383.39,383.39,383.35,383.35,-0.01,342.67,130707.18,-1
2026-04-28,2026-04-28 13:04:00,383.35,383.35,383.31,383.31,-0.01,342.67,130707.18,-1
2026-04-28,2026-04-28 13:05:00,383.31,383.31,383.27,383.27,-0.01,342.67,130707.18,-1
2026-04-28,2026-04-28 13:06:00,383.27,383.27,383.24,383.24,-0.01,342.67,130707.18,-1
2026-04-28,2026-04-28 13:07:00,383.24,383.24,383.2,383.2,-0.01,342.67,130707.18,-1
2026-04-28,2026-04-28 13:08:00,383.2,383.2,383.16,383.16,-0.01,342.67,130707.18,-1
2026-04-28,2026-04-28 13:09:00,383.16,383.16,383.12,383.12,-0.01,342.67,130707.18,-1
2026-04-28,2026-04-28 13:10:00,383.12,383.12,383.09,383.09,-0.01,342.67,130707.18,-1
2026-04-28,2026-04-28 13:11:00,383.09,383.09,383.05,383.05,-0.01,342.67,130707.18,-1
2026-04-28,2026-04-28 13:12:00,383.05,383.05,383.01,383.01,-0.01,342.67,130707.18,-1
2026-04-28,2026-04-28 13:13:00,383.01,383.01,382.98,382.98,-0.01,342.67,130707.18,-1
2026-04-28,2026-04-28 13:14:00,382.98,382.98,382.94,382.94,-0.01,342.67,130707.18,-1
2026-04-28,2026-04-28 13:15:00,382.94,382.94,382.9,382.9,-0.01,342.67,130707.18,-1
2026-04-28,2026-04-28 13:16:00,382.9,382.9,382.86,382.86,-0.01,342.67,130707.18,-1
2026-04-28,2026-04-28 13:17:00,382.86,382.86,382.82,382.82,-0.01,342.67,130707.18,-1
2026-04-28,2026-04-28 13:18:00,382.82,382.82,382.79,382.79,-0.01,342.67,130707.18,-1
2026-04-28,2026-04-28 13:19:00,382.79,382.79,382.75,382.75,-0.01,342.67,130707.18,-1
2026-04-28,2026-04-28 13:20:00,382.75,382.75,382.71,382.71,-0.01,342.67,130707.18,-1
2026-04-28,2026-04-28 13:21:00,382.71,382.71,382.68,382.68,-0.01,342.67,130707.18,-1
2026-04-28,2026-04-28 13:22:00,382.68,382.68,382.64,382.64,-0.01,342.67,130707.18,-1
2026-04-28,2026-04-28 13:23:00,382.64,382.64,382.6,382.6,-0.01,342.67,130707.18,-1
2026-04-28,2026-04-28 13:24:00,382.6,382.6,382.56,382.56,-0.01,342.67,130707.18,-1
2026-04-28,2026-04-28 13:25:00,382.56,382.56,382.52,382.52,-0.01,342.67,130707.18,-1
2026-04-28,2026-04-28 13:26:00,382.52,382.52,382.49,382.49,-0.01,342.67,130707.18,-1
2026-04-28,2026-04-28 13:27:00,382.49,382.49,382.45,382.45,-0.01,342.67,130707.18,-1
2026-04-28,2026-04-28 13:28:00,382.45,382.45,382.41,382.41,-0.01,342.67,130707.18,-1
2026-04-28,2026-04-28 13:29:00,382.41,382.41,382.38,382.38,-0.01,342.67,130707.18,-1
2026-04-28,2026-04-28 13:30:00,382.38,382.38,382.34,382.34,-0.01,342.67,130707.18,-1
2026-04-28,2026-04-28 13:31:00,382.34,382.34,382.3,382.3,-0.01,342.67,130707.18,-1
2026-04-28,2026-04-28 13:32:00,382.3,382.3,382.26,382.26,-0.01,342.67,130707.18,-1
2026-04-28,2026-04-28 13:33:00,382.26,382.26,382.23,382.23,-0.01,342.67,130707.18,-1
2026-04-28,2026-04-28 13:34:00,382.23,382.23,382.19,382.19,-0.01,342.67,130707.18,-1
2026-04-28,2026-04-28 13:35:00,382.19,382.19,382.15,382.15,-0.01,342.67,130707.18,-1
2026-04-28,2026-04-28 13:36:00,382.15,382.15,382.11,382.11,-0.01,342.67,130707.18,-1
2026-04-28,2026-04-28 13:37:00,382.11,382.11,382.07,382.07,-0.01,342.67,130707.18,-1
2026-04-28,2026-04-28 13:38:00,382.07,382.07,382.04,382.04,-0.01,342.67,130707.18,-1
2026-04-28,2026-04-28 13:39:00,382.04,382.04,382.0,382.0,-0.01,342.67,130707.18,-1
2026-04-28,2026-04-28 13:40:00,382.0,382.0,381.96,381.96,-0.01,342.67,130707.18,-1
2026-04-28,2026-04-28 13:41:00,381.96,381.96,381.93,381.93,-0.01,342.67,130707.18,-1
2026-04-28,2026-04-28 13:42:00,381.93,381.93,381.89,381.89,-0.01,342.67,130707.18,-1
2026-04-28,2026-04-28 13:43:00,381.89,381.89,381.85,381.85,-0.01,342.67,130707.18,-1
2026-04-28,2026-04-28 13:44:00,381.85,381.85,381.81,381.81,-0.01,342.67,130707.18,-1
2026-04-28,2026-04-28 13:45:00,381.81,381.81,381.77,381.77,-0.01,342.67,130707.18,-1
2026-04-28,2026-04-28 13:46:00,381.77,381.77,381.74,381.74,-0.01,342.67,130707.18,-1
2026-04-28,2026-04-28 13:47:00,381.74,381.74,381.7,381.7,-0.01,342.67,130707.18,-1
2026-04-28,2026-04-28 13:48:00,381.7,381.7,381.66,381.66,-0.01,342.67,130707.18,-1
2026-04-28,2026-04-28 13:49:00,381.66,381.66,381.62,381.62,-0.01,342.67,130707.18,-1
2026-04-28,2026-04-28 13:50:00,381.62,381.62,381.59,381.59,-0.01,342.67,130707.18,-1
2026-04-28,2026-04-28 13:51:00,381.59,381.59,381.55,381.55,-0.01,342.67,130707.18,-1
2026-04-28,2026-04-28 13:52:00,381.55,381.55,381.51,381.51,-0.01,342.67,130707.18,-1
2026-04-28,2026-04-28 13:53:00,381.51,381.51,381.48,381.48,-0.01,342.67,130707.18,-1
2026-04-28,2026-04-28 13:54:00,381.48,381.48,381.44,381.44,-0.01,342.67,130707.18,-1
2026-04-28,2026-04-28 13:55:00,381.44,381.44,381.4,381.4,-0.01,342.67,130707.18,-1
2026-04-28,2026-04-28 13:56:00,381.4,381.4,381.36,381.36,-0.01,342.67,130707.18,-1
2026-04-28,2026-04-28 13:57:00,381.36,381.36,381.32,381.32,-0.01,342.67,130707.18,-1
2026-04-28,2026-04-28 13:58:00,381.32,381.32,381.29,381.29,-0.01,342.67,130707.18,-1
2026-04-28,2026-04-28 13:59:00,381.29,381.29,381.25,381.25,-0.01,342.67,130707.18,-1
2026-04-28,2026-04-28 14:00:00,381.25,381.25,381.21,381.21,-0.01,342.67,130707.18,-1
2026-04-28,2026-04-28 14:01:00,381.21,381.21,381.18,381.18,-0.01,342.67,130707.18,-1
2026-04-28,2026-04-28 14:02:00,381.18,381.18,381.14,381.14,-0.01,342.67,130707.18,-1
2026-04-28,2026-04-28 14:03:00,381.14,381.14,381.1,381.1,-0.01,342.67,130707.18,-1
2026-04-28,2026-04-28 14:04:00,381.1,381.1,381.06,381.06,-0.01,342.67,130707.18,-1
2026-04-28,2026-04-28 14:05:00,381.06,381.06,381.02,381.02,-0.01,342.67,130707.18,-1
2026-04-28,2026-04-28 14:06:00,381.02,381.02,380.99,380.99,-0.01,342.67,130707.18,-1
2026-04-28,2026-04-28 14:07:00,380.99,380.99,380.95,380.95,-0.01,342.67,130707.18,-1
2026-04-28,2026-04-28 14:08:00,380.95,380.95,380.91,380.91,-0.01,342.67,130707.18,-1
2026-04-28,2026-04-28 14:09:00,380.91,380.91,380.88,380.88,-0.01,342.67,130707.18,-1
2026-04-28,2026-04-28 14:10:00,380.88,380.88,380.84,380.84,-0.01,342.67,130707.18,-1
2026-04-28,2026-04-28 14:11:00,380.84,380.84,380.8,380.8,-0.01,342.67,130707.18,-1
2026-04-28,2026-04-28 14:12:00,380.8,380.8,380.76,380.76,-0.01,342.67,130707.18,-1
2026-04-28,2026-04-28 14:13:00,380.76,380.76,380.73,380.73,-0.01,342.67,130707.18,-1
2026-04-28,2026-04-28 14:14:00,380.73,380.73,380.69,380.69,-0.01,342.67,130707.18,-1
2026-04-28,2026-04-28 14:15:00,380.69,380.69,380.65,380.65,-0.01,342.67,130707.18,-1
2026-04-28,2026-04-28 14:16:00,380.65,380.65,380.61,380.61,-0.01,342.67,130707.18,-1
2026-04-28,2026-04-28 14:17:00,380.61,380.61,380.57,380.57,-0.01,342.67,130707.18,-1
2026-04-28,2026-04-28 14:18:00,380.57,380.57,380.54,380.54,-0.01,342.67,130707.18,-1
2026-04-28,2026-04-28 14:19:00,380.54,380.54,380.5,380.5,-0.01,342.67,130707.18,-1
2026-04-28,2026-04-28 14:20:00,380.5,380.5,380.46,380.46,-0.01,342.67,130707.18,-1
2026-04-28,2026-04-28 14:21:00,380.46,380.46,380.43,380.43,-0.01,342.67,130707.18,-1
2026-04-28,2026-04-28 14:22:00,380.43,380.43,380.39,380.39,-0.01,342.67,130707.18,-1
2026-04-28,2026-04-28 14:23:00,380.39,380.39,380.35,380.35,-0.01,342.67,130707.18,-1
2026-04-28,2026-04-28 14:24:00,380.35,380.35,380.31,380.31,-0.01,342.67,130707.18,-1
2026-04-28,2026-04-28 14:25:00,380.31,380.31,380.27,380.27,-0.01,342.67,130707.18,-1
2026-04-28,2026-04-28 14:26:00,380.27,380.27,380.24,380.24,-0.01,342.67,130707.18,-1
2026-04-28,2026-04-28 14:27:00,380.24,380.24,380.2,380.2,-0.01,342.67,130707.18,-1
2026-04-28,2026-04-28 14:28:00,380.2,380.2,380.16,380.16,-0.01,342.67,130707.18,-1
2026-04-28,2026-04-28 14:29:00,380.16,380.16,380.12,380.12,-0.01,342.67,130707.18,-1
2026-04-28,2026-04-28 14:30:00,380.12,380.12,380.09,380.09,-0.01,342.67,130707.18,-1
2026-04-28,2026-04-28 14:31:00,380.09,380.09,380.05,380.05,-0.01,342.67,130707.18,-1
2026-04-28,2026-04-28 14:32:00,380.05,380.05,380.01,380.01,-0.01,342.67,130707.18,-1
2026-04-28,2026-04-28 14:33:00,380.01,380.01,379.98,379.98,-0.01,342.67,130707.18,-1
2026-04-28,2026-04-28 14:34:00,379.98,379.98,379.94,379.94,-0.01,342.67,130707.18,-1
2026-04-28,2026-04-28 14:35:00,379.94,379.94,379.9,379.9,-0.01,342.67,130707.18,-1
2026-04-28,2026-04-28 14:36:00,379.9,379.9,379.86,379.86,-0.01,342.67,130707.18,-1
2026-04-28,2026-04-28 14:37:00,379.86,379.86,379.82,379.82,-0.01,342.67,130707.18,-1
2026-04-28,2026-04-28 14:38:00,379.82,379.82,379.79,379.79,-0.01,342.67,130707.18,-1
2026-04-28,2026-04-28 14:39:00,379.79,379.79,379.75,379.75,-0.01,342.67,130707.18,-1
2026-04-28,2026-04-28 14:40:00,379.75,379.75,379.71,379.71,-0.01,342.67,130707.18,-1
2026-04-28,2026-04-28 14:41:00,379.71,379.71,379.68,379.68,-0.01,342.67,130707.18,-1
2026-04-28,2026-04-28 14:42:00,379.68,379.68,379.64,379.64,-0.01,342.67,130707.18,-1
2026-04-28,2026-04-28 14:43:00,379.64,379.64,379.6,379.6,-0.01,342.67,130707.18,-1
2026-04-28,2026-04-28 14:44:00,379.6,379.6,379.56,379.56,-0.01,342.67,130707.18,-1
2026-04-28,2026-04-28 14:45:00,379.56,379.56,379.52,379.52,-0.01,342.67,130707.18,-1
2026-04-28,2026-04-28 14:46:00,379.52,379.52,379.49,379.49,-0.01,342.67,130707.18,-1
2026-04-28,2026-04-28 14:47:00,379.49,379.49,379.45,379.45,-0.01,342.67,130707.18,-1
2026-04-28,2026-04-28 14:48:00,379.45,379.45,379.41,379.41,-0.01,342.67,130707.18,-1
2026-04-28,2026-04-28 14:49:00,379.41,379.41,379.38,379.38,-0.01,342.67,130707.18,-1
2026-04-28,2026-04-28 14:50:00,379.38,379.38,379.34,379.34,-0.01,342.67,130707.18,-1
2026-04-28,2026-04-28 14:51:00,379.34,379.34,379.3,379.3,-0.01,342.67,130707.18,-1
2026-04-28,2026-04-28 14:52:00,379.3,379.3,379.26,379.26,-0.01,342.67,130707.18,-1
2026-04-28,2026-04-28 14:53:00,379.26,379.26,379.23,379.23,-0.01,342.67,130707.18,-1
2026-04-28,2026-04-28 14:54:00,379.23,379.23,379.19,379.19,-0.01,342.67,130707.18,-1
2026-04-28,2026-04-28 14:55:00,379.19,379.19,379.15,379.15,-0.01,342.67,130707.18,-1
2026-04-28,2026-04-28 14:56:00,379.15,379.15,379.11,379.11,-0.01,342.67,130707.18,-1
2026-04-28,2026-04-28 14:57:00,379.11,379.11,379.07,379.07,-0.01,342.67,130707.18,-1
2026-04-28,2026-04-28 14:58:00,379.07,379.07,379.04,379.04,-0.01,342.67,130707.18,-1
2026-04-28,2026-04-28 14:59:00,379.04,379.04,379.0,379.0,-0.01,342.67,130707.18,-1
2026-04-28,2026-04-28 15:00:00,379.0,394.0,376.0,379.0,0.0,342.67,130707.18,0
2026-04-29,2026-04-29 11:00:00,379.0,379.3,374.8,378.94,-0.02,356.54,131720.39,-1
2026-04-29,2026-04-29 11:01:00,378.94,378.94,378.88,378.88,-0.02,356.54,131720.39,-1
2026-04-29,2026-04-29 11:02:00,378.88,378.88,378.82,378.82,-0.02,356.54,131720.39,-1
2026-04-29,2026-04-29 11:03:00,378.82,378.82,378.77,378.77,-0.01,356.54,131720.39,-1
2026-04-29,2026-04-29 11:04:00,378.77,378.77,378.71,378.71,-0.02,356.54,131720.39,-1
2026-04-29,2026-04-29 11:05:00,378.71,378.71,378.65,378.65,-0.02,356.54,131720.39,-1
2026-04-29,2026-04-29 11:06:00,378.65,378.65,378.59,378.59,-0.02,356.54,131720.39,-1
2026-04-29,2026-04-29 11:07:00,378.59,378.59,378.53,378.53,-0.02,356.54,131720.39,-1
2026-04-29,2026-04-29 11:08:00,378.53,378.53,378.48,378.48,-0.01,356.54,131720.39,-1
2026-04-29,2026-04-29 11:09:00,378.48,378.48,378.42,378.42,-0.02,356.54,131720.39,-1
2026-04-29,2026-04-29 11:10:00,378.42,378.42,378.36,378.36,-0.02,356.54,131720.39,-1
2026-04-29,2026-04-29 11:11:00,378.36,378.36,378.3,378.3,-0.02,356.54,131720.39,-1
2026-04-29,2026-04-29 11:12:00,378.3,378.3,378.24,378.24,-0.02,356.54,131720.39,-1
2026-04-29,2026-04-29 11:13:00,378.24,378.24,378.18,378.18,-0.02,356.54,131720.39,-1
2026-04-29,2026-04-29 11:14:00,378.18,378.18,378.12,378.12,-0.02,356.54,131720.39,-1
2026-04-29,2026-04-29 11:15:00,378.12,378.12,378.07,378.07,-0.01,356.54,131720.39,-1
2026-04-29,2026-04-29 11:16:00,378.07,378.07,378.01,378.01,-0.02,356.54,131720.39,-1
2026-04-29,2026-04-29 11:17:00,378.01,378.01,377.95,377.95,-0.02,356.54,131720.39,-1
2026-04-29,2026-04-29 11:18:00,377.95,377.95,377.89,377.89,-0.02,356.54,131720.39,-1
2026-04-29,2026-04-29 11:19:00,377.89,377.89,377.83,377.83,-0.02,356.54,131720.39,-1
2026-04-29,2026-04-29 11:20:00,377.83,377.83,377.77,377.77,-0.02,356.54,131720.39,-1
2026-04-29,2026-04-29 11:21:00,377.77,377.77,377.72,377.72,-0.01,356.54,131720.39,-1
2026-04-29,2026-04-29 11:22:00,377.72,377.72,377.66,377.66,-0.02,356.54,131720.39,-1
2026-04-29,2026-04-29 11:23:00,377.66,377.66,377.6,377.6,-0.02,356.54,131720.39,-1
2026-04-29,2026-04-29 11:24:00,377.6,377.6,377.54,377.54,-0.02,356.54,131720.39,-1
2026-04-29,2026-04-29 11:25:00,377.54,377.54,377.48,377.48,-0.02,356.54,131720.39,-1
2026-04-29,2026-04-29 11:26:00,377.48,377.48,377.43,377.43,-0.01,356.54,131720.39,-1
2026-04-29,2026-04-29 11:27:00,377.43,377.43,377.37,377.37,-0.02,356.54,131720.39,-1
2026-04-29,2026-04-29 11:28:00,377.37,377.37,377.31,377.31,-0.02,356.54,131720.39,-1
2026-04-29,2026-04-29 11:29:00,377.31,377.31,377.25,377.25,-0.02,356.54,131720.39,-1
2026-04-29,2026-04-29 11:30:00,377.25,377.25,377.19,377.19,-0.02,356.54,131720.39,-1
2026-04-29,2026-04-29 11:31:00,377.19,377.19,377.13,377.13,-0.02,356.54,131720.39,-1
2026-04-29,2026-04-29 11:32:00,377.13,377.13,377.07,377.07,-0.02,356.54,131720.39,-1
2026-04-29,2026-04-29 11:33:00,377.07,377.07,377.02,377.02,-0.01,356.54,131720.39,-1
2026-04-29,2026-04-29 11:34:00,377.02,377.02,376.96,376.96,-0.02,356.54,131720.39,-1
2026-04-29,2026-04-29 11:35:00,376.96,376.96,376.9,376.9,-0.02,356.54,131720.39,-1
2026-04-29,2026-04-29 11:36:00,376.9,376.9,376.84,376.84,-0.02,356.54,131720.39,-1
2026-04-29,2026-04-29 11:37:00,376.84,376.84,376.78,376.78,-0.02,356.54,131720.39,-1
2026-04-29,2026-04-29 11:38:00,376.78,376.78,376.73,376.73,-0.01,356.54,131720.39,-1
2026-04-29,2026-04-29 11:39:00,376.73,376.73,376.67,376.67,-0.02,356.54,131720.39,-1
2026-04-29,2026-04-29 11:40:00,376.67,376.67,376.61,376.61,-0.02,356.54,131720.39,-1
2026-04-29,2026-04-29 11:41:00,376.61,376.61,376.55,376.55,-0.02,356.54,131720.39,-1
2026-04-29,2026-04-29 11:42:00,376.55,376.55,376.49,376.49,-0.02,356.54,131720.39,-1
2026-04-29,2026-04-29 11:43:00,376.49,376.49,376.43,376.43,-0.02,356.54,131720.39,-1
2026-04-29,2026-04-29 11:44:00,376.43,376.43,376.38,376.38,-0.01,356.54,131720.39,-1
2026-04-29,2026-04-29 11:45:00,376.38,376.38,376.32,376.32,-0.02,356.54,131720.39,-1
2026-04-29,2026-04-29 11:46:00,376.32,376.32,376.26,376.26,-0.02,356.54,131720.39,-1
2026-04-29,2026-04-29 11:47:00,376.26,376.26,376.2,376.2,-0.02,356.54,131720.39,-1
2026-04-29,2026-04-29 11:48:00,376.2,376.2,376.14,376.14,-0.02,356.54,131720.39,-1
2026-04-29,2026-04-29 11:49:00,376.14,376.14,376.08,376.08,-0.02,356.54,131720.39,-1
2026-04-29,2026-04-29 11:50:00,376.08,376.08,376.02,376.02,-0.02,356.54,131720.39,-1
2026-04-29,2026-04-29 11:51:00,376.02,376.02,375.97,375.97,-0.01,356.54,131720.39,-1
2026-04-29,2026-04-29 11:52:00,375.97,375.97,375.91,375.91,-0.02,356.54,131720.39,-1
2026-04-29,2026-04-29 11:53:00,375.91,375.91,375.85,375.85,-0.02,356.54,131720.39,-1
2026-04-29,2026-04-29 11:54:00,375.85,375.85,375.79,375.79,-0.02,356.54,131720.39,-1
2026-04-29,2026-04-29 11:55:00,375.79,375.79,375.73,375.73,-0.02,356.54,131720.39,-1
2026-04-29,2026-04-29 11:56:00,375.73,375.73,375.68,375.68,-0.01,356.54,131720.39,-1
2026-04-29,2026-04-29 11:57:00,375.68,375.68,375.62,375.62,-0.02,356.54,131720.39,-1
2026-04-29,2026-04-29 11:58:00,375.62,375.62,375.56,375.56,-0.02,356.54,131720.39,-1
2026-04-29,2026-04-29 11:59:00,375.56,375.56,375.5,375.5,-0.02,356.54,131720.39,-1
2026-04-29,2026-04-29 12:00:00,375.5,375.5,375.44,375.44,-0.02,356.54,131720.39,-1
2026-04-29,2026-04-29 12:01:00,375.44,375.44,375.38,375.38,-0.02,356.54,131720.39,-1
2026-04-29,2026-04-29 12:02:00,375.38,375.38,375.32,375.32,-0.02,356.54,131720.39,-1
2026-04-29,2026-04-29 12:03:00,375.32,375.32,375.27,375.27,-0.01,356.54,131720.39,-1
2026-04-29,2026-04-29 12:04:00,375.27,375.27,375.21,375.21,-0.02,356.54,131720.39,-1
2026-04-29,2026-04-29 12:05:00,375.21,375.21,375.15,375.15,-0.02,356.54,131720.39,-1
2026-04-29,2026-04-29 12:06:00,375.15,375.15,375.09,375.09,-0.02,356.54,131720.39,-1
2026-04-29,2026-04-29 12:07:00,375.09,375.09,375.03,375.03,-0.02,356.54,131720.39,-1
2026-04-29,2026-04-29 12:08:00,375.03,375.03,374.98,374.98,-0.01,356.54,131720.39,-1
2026-04-29,2026-04-29 12:09:00,374.98,374.98,374.92,374.92,-0.02,356.54,131720.39,-1
2026-04-29,2026-04-29 12:10:00,374.92,374.92,374.86,374.86,-0.02,356.54,131720.39,-1
2026-04-29,2026-04-29 12:11:00,374.86,374.86,374.8,374.8,-0.02,356.54,131720.39,-1
2026-04-29,2026-04-29 12:12:00,374.8,374.8,374.74,374.74,-0.02,356.54,131720.39,-1
2026-04-29,2026-04-29 12:13:00,374.74,374.74,374.68,374.68,-0.02,356.54,131720.39,-1
2026-04-29,2026-04-29 12:14:00,374.68,374.68,374.62,374.62,-0.02,356.54,131720.39,-1
2026-04-29,2026-04-29 12:15:00,374.62,374.62,374.57,374.57,-0.01,356.54,131720.39,-1
2026-04-29,2026-04-29 12:16:00,374.57,374.57,374.51,374.51,-0.02,356.54,131720.39,-1
2026-04-29,2026-04-29 12:17:00,374.51,374.51,374.45,374.45,-0.02,356.54,131720.39,-1
2026-04-29,2026-04-29 12:18:00,374.45,374.45,374.39,374.39,-0.02,356.54,131720.39,-1
2026-04-29,2026-04-29 12:19:00,374.39,374.39,374.33,374.33,-0.02,356.54,131720.39,-1
2026-04-29,2026-04-29 12:20:00,374.33,374.33,374.27,374.27,-0.02,356.54,131720.39,-1
2026-04-29,2026-04-29 12:21:00,374.27,374.27,374.22,374.22,-0.01,356.54,131720.39,-1
2026-04-29,2026-04-29 12:22:00,374.22,374.22,374.16,374.16,-0.02,356.54,131720.39,-1
2026-04-29,2026-04-29 12:23:00,374.16,374.16,374.1,374.1,-0.02,356.54,131720.39,-1
2026-04-29,2026-04-29 12:24:00,374.1,374.1,374.04,374.04,-0.02,356.54,131720.39,-1
2026-04-29,2026-04-29 12:25:00,374.04,374.04,373.98,373.98,-0.02,356.54,131720.39,-1
2026-04-29,2026-04-29 12:26:00,373.98,373.98,373.93,373.93,-0.01,356.54,131720.39,-1
2026-04-29,2026-04-29 12:27:00,373.93,373.93,373.87,373.87,-0.02,356.54,131720.39,-1
2026-04-29,2026-04-29 12:28:00,373.87,373.87,373.81,373.81,-0.02,356.54,131720.39,-1
2026-04-29,2026-04-29 12:29:00,373.81,373.81,373.75,373.75,-0.02,356.54,131720.39,-1
2026-04-29,2026-04-29 12:30:00,373.75,373.75,373.69,373.69,-0.02,356.54,131720.39,-1
2026-04-29,2026-04-29 12:31:00,373.69,373.69,373.63,373.63,-0.02,356.54,131720.39,-1
2026-04-29,2026-04-29 12:32:00,373.63,373.63,373.57,373.57,-0.02,356.54,131720.39,-1
2026-04-29,2026-04-29 12:33:00,373.57,373.57,373.52,373.52,-0.01,356.54,131720.39,-1
2026-04-29,2026-04-29 12:34:00,373.52,373.52,373.46,373.46,-0.02,356.54,131720.39,-1
2026-04-29,2026-04-29 12:35:00,373.46,373.46,373.4,373.4,-0.02,356.54,131720.39,-1
2026-04-29,2026-04-29 12:36:00,373.4,373.4,373.34,373.34,-0.02,356.54,131720.39,-1
2026-04-29,2026-04-29 12:37:00,373.34,373.34,373.28,373.28,-0.02,356.54,131720.39,-1
2026-04-29,2026-04-29 12:38:00,373.28,373.28,373.23,373.23,-0.01,356.54,131720.39,-1
2026-04-29,2026-04-29 12:39:00,373.23,373.23,373.17,373.17,-0.02,356.54,131720.39,-1
2026-04-29,2026-04-29 12:40:00,373.17,373.17,373.11,373.11,-0.02,356.54,131720.39,-1
2026-04-29,2026-04-29 12:41:00,373.11,373.11,373.05,373.05,-0.02,356.54,131720.39,-1
2026-04-29,2026-04-29 12:42:00,373.05,373.05,372.99,372.99,-0.02,356.54,131720.39,-1
2026-04-29,2026-04-29 12:43:00,372.99,372.99,372.93,372.93,-0.02,356.54,131720.39,-1
2026-04-29,2026-04-29 12:44:00,372.93,372.93,372.88,372.88,-0.01,356.54,131720.39,-1
2026-04-29,2026-04-29 12:45:00,372.88,372.88,372.82,372.82,-0.02,356.54,131720.39,-1
2026-04-29,2026-04-29 12:46:00,372.82,372.82,372.76,372.76,-0.02,356.54,131720.39,-1
2026-04-29,2026-04-29 12:47:00,372.76,372.76,372.7,372.7,-0.02,356.54,131720.39,-1
2026-04-29,2026-04-29 12:48:00,372.7,372.7,372.64,372.64,-0.02,356.54,131720.39,-1
2026-04-29,2026-04-29 12:49:00,372.64,372.64,372.58,372.58,-0.02,356.54,131720.39,-1
2026-04-29,2026-04-29 12:50:00,372.58,372.58,372.52,372.52,-0.02,356.54,131720.39,-1
2026-04-29,2026-04-29 12:51:00,372.52,372.52,372.47,372.47,-0.01,356.54,131720.39,-1
2026-04-29,2026-04-29 12:52:00,372.47,372.47,372.41,372.41,-0.02,356.54,131720.39,-1
2026-04-29,2026-04-29 12:53:00,372.41,372.41,372.35,372.35,-0.02,356.54,131720.39,-1
2026-04-29,2026-04-29 12:54:00,372.35,372.35,372.29,372.29,-0.02,356.54,131720.39,-1
2026-04-29,2026-04-29 12:55:00,372.29,372.29,372.23,372.23,-0.02,356.54,131720.39,-1
2026-04-29,2026-04-29 12:56:00,372.23,372.23,372.18,372.18,-0.01,356.54,131720.39,-1
2026-04-29,2026-04-29 12:57:00,372.18,372.18,372.12,372.12,-0.02,356.54,131720.39,-1
2026-04-29,2026-04-29 12:58:00,372.12,372.12,372.06,372.06,-0.02,356.54,131720.39,-1
2026-04-29,2026-04-29 12:59:00,372.06,372.06,372.0,372.0,-0.02,356.54,131720.39,-1
2026-04-29,2026-04-29 13:00:00,372.0,380.0,365.0,371.94,-0.02,356.54,131720.39,-1
2026-04-29,2026-04-29 13:01:00,371.94,371.94,371.88,371.88,-0.02,356.54,131720.39,-1
2026-04-29,2026-04-29 13:02:00,371.88,371.88,371.82,371.82,-0.02,356.54,131720.39,-1
2026-04-29,2026-04-29 13:03:00,371.82,371.82,371.77,371.77,-0.01,356.54,131720.39,-1
2026-04-29,2026-04-29 13:04:00,371.77,371.77,371.71,371.71,-0.02,356.54,131720.39,-1
2026-04-29,2026-04-29 13:05:00,371.71,371.71,371.65,371.65,-0.02,356.54,131720.39,-1
2026-04-29,2026-04-29 13:06:00,371.65,371.65,371.59,371.59,-0.02,356.54,131720.39,-1
2026-04-29,2026-04-29 13:07:00,371.59,371.59,371.53,371.53,-0.02,356.54,131720.39,-1
2026-04-29,2026-04-29 13:08:00,371.53,371.53,371.48,371.48,-0.01,356.54,131720.39,-1
2026-04-29,2026-04-29 13:09:00,371.48,371.48,371.42,371.42,-0.02,356.54,131720.39,-1
2026-04-29,2026-04-29 13:10:00,371.42,371.42,371.36,371.36,-0.02,356.54,131720.39,-1
2026-04-29,2026-04-29 13:11:00,371.36,371.36,371.3,371.3,-0.02,356.54,131720.39,-1
2026-04-29,2026-04-29 13:12:00,371.3,371.3,371.24,371.24,-0.02,356.54,131720.39,-1
2026-04-29,2026-04-29 13:13:00,371.24,371.24,371.18,371.18,-0.02,356.54,131720.39,-1
2026-04-29,2026-04-29 13:14:00,371.18,371.18,371.12,371.12,-0.02,356.54,131720.39,-1
2026-04-29,2026-04-29 13:15:00,371.12,371.12,371.07,371.07,-0.01,356.54,131720.39,-1
2026-04-29,2026-04-29 13:16:00,371.07,371.07,371.01,371.01,-0.02,356.54,131720.39,-1
2026-04-29,2026-04-29 13:17:00,371.01,371.01,370.95,370.95,-0.02,356.54,131720.39,-1
2026-04-29,2026-04-29 13:18:00,370.95,370.95,370.89,370.89,-0.02,356.54,131720.39,-1
2026-04-29,2026-04-29 13:19:00,370.89,370.89,370.83,370.83,-0.02,356.54,131720.39,-1
2026-04-29,2026-04-29 13:20:00,370.83,370.83,370.77,370.77,-0.02,356.54,131720.39,-1
2026-04-29,2026-04-29 13:21:00,370.77,370.77,370.72,370.72,-0.01,356.54,131720.39,-1
2026-04-29,2026-04-29 13:22:00,370.72,370.72,370.66,370.66,-0.02,356.54,131720.39,-1
2026-04-29,2026-04-29 13:23:00,370.66,370.66,370.6,370.6,-0.02,356.54,131720.39,-1
2026-04-29,2026-04-29 13:24:00,370.6,370.6,370.54,370.54,-0.02,356.54,131720.39,-1
2026-04-29,2026-04-29 13:25:00,370.54,370.54,370.48,370.48,-0.02,356.54,131720.39,-1
2026-04-29,2026-04-29 13:26:00,370.48,370.48,370.43,370.43,-0.01,356.54,131720.39,-1
2026-04-29,2026-04-29 13:27:00,370.43,370.43,370.37,370.37,-0.02,356.54,131720.39,-1
2026-04-29,2026-04-29 13:28:00,370.37,370.37,370.31,370.31,-0.02,356.54,131720.39,-1
2026-04-29,2026-04-29 13:29:00,370.31,370.31,370.25,370.25,-0.02,356.54,131720.39,-1
2026-04-29,2026-04-29 13:30:00,370.25,370.25,370.19,370.19,-0.02,356.54,131720.39,-1
2026-04-29,2026-04-29 13:31:00,370.19,370.19,370.13,370.13,-0.02,356.54,131720.39,-1
2026-04-29,2026-04-29 13:32:00,370.13,370.13,370.07,370.07,-0.02,356.54,131720.39,-1
2026-04-29,2026-04-29 13:33:00,370.07,370.07,370.02,370.02,-0.01,356.54,131720.39,-1
2026-04-29,2026-04-29 13:34:00,370.02,370.02,369.96,369.96,-0.02,356.54,131720.39,-1
2026-04-29,2026-04-29 13:35:00,369.96,369.96,369.9,369.9,-0.02,356.54,131720.39,-1
2026-04-29,2026-04-29 13:36:00,369.9,369.9,369.84,369.84,-0.02,356.54,131720.39,-1
2026-04-29,2026-04-29 13:37:00,369.84,369.84,369.78,369.78,-0.02,356.54,131720.39,-1
2026-04-29,2026-04-29 13:38:00,369.78,369.78,369.73,369.73,-0.01,356.54,131720.39,-1
2026-04-29,2026-04-29 13:39:00,369.73,369.73,369.67,369.67,-0.02,356.54,131720.39,-1
2026-04-29,2026-04-29 13:40:00,369.67,369.67,369.61,369.61,-0.02,356.54,131720.39,-1
2026-04-29,2026-04-29 13:41:00,369.61,369.61,369.55,369.55,-0.02,356.54,131720.39,-1
2026-04-29,2026-04-29 13:42:00,369.55,369.55,369.49,369.49,-0.02,356.54,131720.39,-1
2026-04-29,2026-04-29 13:43:00,369.49,369.49,369.43,369.43,-0.02,356.54,131720.39,-1
2026-04-29,2026-04-29 13:44:00,369.43,369.43,369.38,369.38,-0.01,356.54,131720.39,-1
2026-04-29,2026-04-29 13:45:00,369.38,369.38,369.32,369.32,-0.02,356.54,131720.39,-1
2026-04-29,2026-04-29 13:46:00,369.32,369.32,369.26,369.26,-0.02,356.54,131720.39,-1
2026-04-29,2026-04-29 13:47:00,369.26,369.26,369.2,369.2,-0.02,356.54,131720.39,-1
2026-04-29,2026-04-29 13:48:00,369.2,369.2,369.14,369.14,-0.02,356.54,131720.39,-1
2026-04-29,2026-04-29 13:49:00,369.14,369.14,369.08,369.08,-0.02,356.54,131720.39,-1
2026-04-29,2026-04-29 13:50:00,369.08,369.08,369.02,369.02,-0.02,356.54,131720.39,-1
2026-04-29,2026-04-29 13:51:00,369.02,369.02,368.97,368.97,-0.01,356.54,131720.39,-1
2026-04-29,2026-04-29 13:52:00,368.97,368.97,368.91,368.91,-0.02,356.54,131720.39,-1
2026-04-29,2026-04-29 13:53:00,368.91,368.91,368.85,368.85,-0.02,356.54,131720.39,-1
2026-04-29,2026-04-29 13:54:00,368.85,368.85,368.79,368.79,-0.02,356.54,131720.39,-1
2026-04-29,2026-04-29 13:55:00,368.79,368.79,368.73,368.73,-0.02,356.54,131720.39,-1
2026-04-29,2026-04-29 13:56:00,368.73,368.73,368.68,368.68,-0.01,356.54,131720.39,-1
2026-04-29,2026-04-29 13:57:00,368.68,368.68,368.62,368.62,-0.02,356.54,131720.39,-1
2026-04-29,2026-04-29 13:58:00,368.62,368.62,368.56,368.56,-0.02,356.54,131720.39,-1
2026-04-29,2026-04-29 13:59:00,368.56,368.56,368.5,368.5,-0.02,356.54,131720.39,-1
2026-04-29,2026-04-29 14:00:00,368.5,368.5,368.44,368.44,-0.02,356.54,131720.39,-1
2026-04-29,2026-04-29 14:01:00,368.44,368.44,368.38,368.38,-0.02,356.54,131720.39,-1
2026-04-29,2026-04-29 14:02:00,368.38,368.38,368.32,368.32,-0.02,356.54,131720.39,-1
2026-04-29,2026-04-29 14:03:00,368.32,368.32,368.27,368.27,-0.01,356.54,131720.39,-1
2026-04-29,2026-04-29 14:04:00,368.27,368.27,368.21,368.21,-0.02,356.54,131720.39,-1
2026-04-29,2026-04-29 14:05:00,368.21,368.21,368.15,368.15,-0.02,356.54,131720.39,-1
2026-04-29,2026-04-29 14:06:00,368.15,368.15,368.09,368.09,-0.02,356.54,131720.39,-1
2026-04-29,2026-04-29 14:07:00,368.09,368.09,368.03,368.03,-0.02,356.54,131720.39,-1
2026-04-29,2026-04-29 14:08:00,368.03,368.03,367.98,367.98,-0.01,356.54,131720.39,-1
2026-04-29,2026-04-29 14:09:00,367.98,367.98,367.92,367.92,-0.02,356.54,131720.39,-1
2026-04-29,2026-04-29 14:10:00,367.92,367.92,367.86,367.86,-0.02,356.54,131720.39,-1
2026-04-29,2026-04-29 14:11:00,367.86,367.86,367.8,367.8,-0.02,356.54,131720.39,-1
2026-04-29,2026-04-29 14:12:00,367.8,367.8,367.74,367.74,-0.02,356.54,131720.39,-1
2026-04-29,2026-04-29 14:13:00,367.74,367.74,367.68,367.68,-0.02,356.54,131720.39,-1
2026-04-29,2026-04-29 14:14:00,367.68,367.68,367.62,367.62,-0.02,356.54,131720.39,-1
2026-04-29,2026-04-29 14:15:00,367.62,367.62,367.57,367.57,-0.01,356.54,131720.39,-1
2026-04-29,2026-04-29 14:16:00,367.57,367.57,367.51,367.51,-0.02,356.54,131720.39,-1
2026-04-29,2026-04-29 14:17:00,367.51,367.51,367.45,367.45,-0.02,356.54,131720.39,-1
2026-04-29,2026-04-29 14:18:00,367.45,367.45,367.39,367.39,-0.02,356.54,131720.39,-1
2026-04-29,2026-04-29 14:19:00,367.39,367.39,367.33,367.33,-0.02,356.54,131720.39,-1
2026-04-29,2026-04-29 14:20:00,367.33,367.33,367.27,367.27,-0.02,356.54,131720.39,-1
2026-04-29,2026-04-29 14:21:00,367.27,367.27,367.22,367.22,-0.01,356.54,131720.39,-1
2026-04-29,2026-04-29 14:22:00,367.22,367.22,367.16,367.16,-0.02,356.54,131720.39,-1
2026-04-29,2026-04-29 14:23:00,367.16,367.16,367.1,367.1,-0.02,356.54,131720.39,-1
2026-04-29,2026-04-29 14:24:00,367.1,367.1,367.04,367.04,-0.02,356.54,131720.39,-1
2026-04-29,2026-04-29 14:25:00,367.04,367.04,366.98,366.98,-0.02,356.54,131720.39,-1
2026-04-29,2026-04-29 14:26:00,366.98,366.98,366.93,366.93,-0.01,356.54,131720.39,-1
2026-04-29,2026-04-29 14:27:00,366.93,366.93,366.87,366.87,-0.02,356.54,131720.39,-1
2026-04-29,2026-04-29 14:28:00,366.87,366.87,366.81,366.81,-0.02,356.54,131720.39,-1
2026-04-29,2026-04-29 14:29:00,366.81,366.81,366.75,366.75,-0.02,356.54,131720.39,-1
2026-04-29,2026-04-29 14:30:00,366.75,366.75,366.69,366.69,-0.02,356.54,131720.39,-1
2026-04-29,2026-04-29 14:31:00,366.69,366.69,366.63,366.63,-0.02,356.54,131720.39,-1
2026-04-29,2026-04-29 14:32:00,366.63,366.63,366.57,366.57,-0.02,356.54,131720.39,-1
2026-04-29,2026-04-29 14:33:00,366.57,366.57,366.52,366.52,-0.01,356.54,131720.39,-1
2026-04-29,2026-04-29 14:34:00,366.52,366.52,366.46,366.46,-0.02,356.54,131720.39,-1
2026-04-29,2026-04-29 14:35:00,366.46,366.46,366.4,366.4,-0.02,356.54,131720.39,-1
2026-04-29,2026-04-29 14:36:00,366.4,366.4,366.34,366.34,-0.02,356.54,131720.39,-1
2026-04-29,2026-04-29 14:37:00,366.34,366.34,366.28,366.28,-0.02,356.54,131720.39,-1
2026-04-29,2026-04-29 14:38:00,366.28,366.28,366.23,366.23,-0.01,356.54,131720.39,-1
2026-04-29,2026-04-29 14:39:00,366.23,366.23,366.17,366.17,-0.02,356.54,131720.39,-1
2026-04-29,2026-04-29 14:40:00,366.17,366.17,366.11,366.11,-0.02,356.54,131720.39,-1
2026-04-29,2026-04-29 14:41:00,366.11,366.11,366.05,366.05,-0.02,356.54,131720.39,-1
2026-04-29,2026-04-29 14:42:00,366.05,366.05,365.99,365.99,-0.02,356.54,131720.39,-1
2026-04-29,2026-04-29 14:43:00,365.99,365.99,365.93,365.93,-0.02,356.54,131720.39,-1
2026-04-29,2026-04-29 14:44:00,365.93,365.93,365.88,365.88,-0.01,356.54,131720.39,-1
2026-04-29,2026-04-29 14:45:00,365.88,365.88,365.82,365.82,-0.02,356.54,131720.39,-1
2026-04-29,2026-04-29 14:46:00,365.82,365.82,365.76,365.76,-0.02,356.54,131720.39,-1
2026-04-29,2026-04-29 14:47:00,365.76,365.76,365.7,365.7,-0.02,356.54,131720.39,-1
2026-04-29,2026-04-29 14:48:00,365.7,365.7,365.64,365.64,-0.02,356.54,131720.39,-1
2026-04-29,2026-04-29 14:49:00,365.64,365.64,365.58,365.58,-0.02,356.54,131720.39,-1
2026-04-29,2026-04-29 14:50:00,365.58,365.58,365.52,365.52,-0.02,356.54,131720.39,-1
2026-04-29,2026-04-29 14:51:00,365.52,365.52,365.47,365.47,-0.01,356.54,131720.39,-1
2026-04-29,2026-04-29 14:52:00,365.47,365.47,365.41,365.41,-0.02,356.54,131720.39,-1
2026-04-29,2026-04-29 14:53:00,365.41,365.41,365.35,365.35,-0.02,356.54,131720.39,-1
2026-04-29,2026-04-29 14:54:00,365.35,365.35,365.29,365.29,-0.02,356.54,131720.39,-1
2026-04-29,2026-04-29 14:55:00,365.29,365.29,365.23,365.23,-0.02,356.54,131720.39,-1
2026-04-29,2026-04-29 14:56:00,365.23,365.23,365.18,365.18,-0.01,356.54,131720.39,-1
2026-04-29,2026-04-29 14:57:00,365.18,365.18,365.12,365.12,-0.02,356.54,131720.39,-1
2026-04-29,2026-04-29 14:58:00,365.12,365.12,365.06,365.06,-0.02,356.54,131720.39,-1
2026-04-29,2026-04-29 14:59:00,365.06,365.06,365.0,365.0,-0.02,356.54,131720.39,-1
2026-04-29,2026-04-29 15:00:00,365.0,380.0,365.0,365.0,0.0,356.54,131720.39,0
2026-04-30,2026-04-30 11:00:00,346.8,352.56,346.8,346.88,0.02,296.02,107171.95,1
2026-04-30,2026-04-30 11:01:00,346.88,346.96,346.88,346.96,0.02,296.02,107171.95,1
2026-04-30,2026-04-30 11:02:00,346.96,347.04,346.96,347.04,0.02,296.02,107171.95,1
2026-04-30,2026-04-30 11:03:00,347.04,347.12,347.04,347.12,0.02,296.02,107171.95,1
2026-04-30,2026-04-30 11:04:00,347.12,347.2,347.12,347.2,0.02,296.02,107171.95,1
2026-04-30,2026-04-30 11:05:00,347.2,347.28,347.2,347.28,0.02,296.02,107171.95,1
2026-04-30,2026-04-30 11:06:00,347.28,347.36,347.28,347.36,0.02,296.02,107171.95,1
2026-04-30,2026-04-30 11:07:00,347.36,347.44,347.36,347.44,0.02,296.02,107171.95,1
2026-04-30,2026-04-30 11:08:00,347.44,347.52,347.44,347.52,0.02,296.02,107171.95,1
2026-04-30,2026-04-30 11:09:00,347.52,347.6,347.52,347.6,0.02,296.02,107171.95,1
2026-04-30,2026-04-30 11:10:00,347.6,347.68,347.6,347.68,0.02,296.02,107171.95,1
2026-04-30,2026-04-30 11:11:00,347.68,347.75,347.68,347.75,0.02,296.02,107171.95,1
2026-04-30,2026-04-30 11:12:00,347.75,347.83,347.75,347.83,0.02,296.02,107171.95,1
2026-04-30,2026-04-30 11:13:00,347.83,347.91,347.83,347.91,0.02,296.02,107171.95,1
2026-04-30,2026-04-30 11:14:00,347.91,347.99,347.91,347.99,0.02,296.02,107171.95,1
2026-04-30,2026-04-30 11:15:00,347.99,348.07,347.99,348.07,0.02,296.02,107171.95,1
2026-04-30,2026-04-30 11:16:00,348.07,348.15,348.07,348.15,0.02,296.02,107171.95,1
2026-04-30,2026-04-30 11:17:00,348.15,348.23,348.15,348.23,0.02,296.02,107171.95,1
2026-04-30,2026-04-30 11:18:00,348.23,348.31,348.23,348.31,0.02,296.02,107171.95,1
2026-04-30,2026-04-30 11:19:00,348.31,348.39,348.31,348.39,0.02,296.02,107171.95,1
2026-04-30,2026-04-30 11:20:00,348.39,348.47,348.39,348.47,0.02,296.02,107171.95,1
2026-04-30,2026-04-30 11:21:00,348.47,348.55,348.47,348.55,0.02,296.02,107171.95,1
2026-04-30,2026-04-30 11:22:00,348.55,348.63,348.55,348.63,0.02,296.02,107171.95,1
2026-04-30,2026-04-30 11:23:00,348.63,348.71,348.63,348.71,0.02,296.02,107171.95,1
2026-04-30,2026-04-30 11:24:00,348.71,348.79,348.71,348.79,0.02,296.02,107171.95,1
2026-04-30,2026-04-30 11:25:00,348.79,348.87,348.79,348.87,0.02,296.02,107171.95,1
2026-04-30,2026-04-30 11:26:00,348.87,348.95,348.87,348.95,0.02,296.02,107171.95,1
2026-04-30,2026-04-30 11:27:00,348.95,349.03,348.95,349.03,0.02,296.02,107171.95,1
2026-04-30,2026-04-30 11:28:00,349.03,349.11,349.03,349.11,0.02,296.02,107171.95,1
2026-04-30,2026-04-30 11:29:00,349.11,349.19,349.11,349.19,0.02,296.02,107171.95,1
2026-04-30,2026-04-30 11:30:00,349.19,349.27,349.19,349.27,0.02,296.02,107171.95,1
2026-04-30,2026-04-30 11:31:00,349.27,349.35,349.27,349.35,0.02,296.02,107171.95,1
2026-04-30,2026-04-30 11:32:00,349.35,349.43,349.35,349.43,0.02,296.02,107171.95,1
2026-04-30,2026-04-30 11:33:00,349.43,349.51,349.43,349.51,0.02,296.02,107171.95,1
2026-04-30,2026-04-30 11:34:00,349.51,349.59,349.51,349.59,0.02,296.02,107171.95,1
2026-04-30,2026-04-30 11:35:00,349.59,349.67,349.59,349.67,0.02,296.02,107171.95,1
2026-04-30,2026-04-30 11:36:00,349.67,349.74,349.67,349.74,0.02,296.02,107171.95,1
2026-04-30,2026-04-30 11:37:00,349.74,349.82,349.74,349.82,0.02,296.02,107171.95,1
2026-04-30,2026-04-30 11:38:00,349.82,349.9,349.82,349.9,0.02,296.02,107171.95,1
2026-04-30,2026-04-30 11:39:00,349.9,349.98,349.9,349.98,0.02,296.02,107171.95,1
2026-04-30,2026-04-30 11:40:00,349.98,350.06,349.98,350.06,0.02,296.02,107171.95,1
2026-04-30,2026-04-30 11:41:00,350.06,350.14,350.06,350.14,0.02,296.02,107171.95,1
2026-04-30,2026-04-30 11:42:00,350.14,350.22,350.14,350.22,0.02,296.02,107171.95,1
2026-04-30,2026-04-30 11:43:00,350.22,350.3,350.22,350.3,0.02,296.02,107171.95,1
2026-04-30,2026-04-30 11:44:00,350.3,350.38,350.3,350.38,0.02,296.02,107171.95,1
2026-04-30,2026-04-30 11:45:00,350.38,350.46,350.38,350.46,0.02,296.02,107171.95,1
2026-04-30,2026-04-30 11:46:00,350.46,350.54,350.46,350.54,0.02,296.02,107171.95,1
2026-04-30,2026-04-30 11:47:00,350.54,350.62,350.54,350.62,0.02,296.02,107171.95,1
2026-04-30,2026-04-30 11:48:00,350.62,350.7,350.62,350.7,0.02,296.02,107171.95,1
2026-04-30,2026-04-30 11:49:00,350.7,350.78,350.7,350.78,0.02,296.02,107171.95,1
2026-04-30,2026-04-30 11:50:00,350.78,350.86,350.78,350.86,0.02,296.02,107171.95,1
2026-04-30,2026-04-30 11:51:00,350.86,350.94,350.86,350.94,0.02,296.02,107171.95,1
2026-04-30,2026-04-30 11:52:00,350.94,351.02,350.94,351.02,0.02,296.02,107171.95,1
2026-04-30,2026-04-30 11:53:00,351.02,351.1,351.02,351.1,0.02,296.02,107171.95,1
2026-04-30,2026-04-30 11:54:00,351.1,351.18,351.1,351.18,0.02,296.02,107171.95,1
2026-04-30,2026-04-30 11:55:00,351.18,351.26,351.18,351.26,0.02,296.02,107171.95,1
2026-04-30,2026-04-30 11:56:00,351.26,351.34,351.26,351.34,0.02,296.02,107171.95,1
2026-04-30,2026-04-30 11:57:00,351.34,351.42,351.34,351.42,0.02,296.02,107171.95,1
2026-04-30,2026-04-30 11:58:00,351.42,351.5,351.42,351.5,0.02,296.02,107171.95,1
2026-04-30,2026-04-30 11:59:00,351.5,351.57,351.5,351.57,0.02,296.02,107171.95,1
2026-04-30,2026-04-30 12:00:00,351.57,351.65,351.57,351.65,0.02,296.02,107171.95,1
2026-04-30,2026-04-30 12:01:00,351.65,351.73,351.65,351.73,0.02,296.02,107171.95,1
2026-04-30,2026-04-30 12:02:00,351.73,351.81,351.73,351.81,0.02,296.02,107171.95,1
2026-04-30,2026-04-30 12:03:00,351.81,351.89,351.81,351.89,0.02,296.02,107171.95,1
2026-04-30,2026-04-30 12:04:00,351.89,351.97,351.89,351.97,0.02,296.02,107171.95,1
2026-04-30,2026-04-30 12:05:00,351.97,352.05,351.97,352.05,0.02,296.02,107171.95,1
2026-04-30,2026-04-30 12:06:00,352.05,352.13,352.05,352.13,0.02,296.02,107171.95,1
2026-04-30,2026-04-30 12:07:00,352.13,352.21,352.13,352.21,0.02,296.02,107171.95,1
2026-04-30,2026-04-30 12:08:00,352.21,352.29,352.21,352.29,0.02,296.02,107171.95,1
2026-04-30,2026-04-30 12:09:00,352.29,352.37,352.29,352.37,0.02,296.02,107171.95,1
2026-04-30,2026-04-30 12:10:00,352.37,352.45,352.37,352.45,0.02,296.02,107171.95,1
2026-04-30,2026-04-30 12:11:00,352.45,352.53,352.45,352.53,0.02,296.02,107171.95,1
2026-04-30,2026-04-30 12:12:00,352.53,352.61,352.53,352.61,0.02,296.02,107171.95,1
2026-04-30,2026-04-30 12:13:00,352.61,352.69,352.61,352.69,0.02,296.02,107171.95,1
2026-04-30,2026-04-30 12:14:00,352.69,352.77,352.69,352.77,0.02,296.02,107171.95,1
2026-04-30,2026-04-30 12:15:00,352.77,352.85,352.77,352.85,0.02,296.02,107171.95,1
2026-04-30,2026-04-30 12:16:00,352.85,352.93,352.85,352.93,0.02,296.02,107171.95,1
2026-04-30,2026-04-30 12:17:00,352.93,353.01,352.93,353.01,0.02,296.02,107171.95,1
2026-04-30,2026-04-30 12:18:00,353.01,353.09,353.01,353.09,0.02,296.02,107171.95,1
2026-04-30,2026-04-30 12:19:00,353.09,353.17,353.09,353.17,0.02,296.02,107171.95,1
2026-04-30,2026-04-30 12:20:00,353.17,353.25,353.17,353.25,0.02,296.02,107171.95,1
2026-04-30,2026-04-30 12:21:00,353.25,353.33,353.25,353.33,0.02,296.02,107171.95,1
2026-04-30,2026-04-30 12:22:00,353.33,353.41,353.33,353.41,0.02,296.02,107171.95,1
2026-04-30,2026-04-30 12:23:00,353.41,353.49,353.41,353.49,0.02,296.02,107171.95,1
2026-04-30,2026-04-30 12:24:00,353.49,353.56,353.49,353.56,0.02,296.02,107171.95,1
2026-04-30,2026-04-30 12:25:00,353.56,353.64,353.56,353.64,0.02,296.02,107171.95,1
2026-04-30,2026-04-30 12:26:00,353.64,353.72,353.64,353.72,0.02,296.02,107171.95,1
2026-04-30,2026-04-30 12:27:00,353.72,353.8,353.72,353.8,0.02,296.02,107171.95,1
2026-04-30,2026-04-30 12:28:00,353.8,353.88,353.8,353.88,0.02,296.02,107171.95,1
2026-04-30,2026-04-30 12:29:00,353.88,353.96,353.88,353.96,0.02,296.02,107171.95,1
2026-04-30,2026-04-30 12:30:00,353.96,354.04,353.96,354.04,0.02,296.02,107171.95,1
2026-04-30,2026-04-30 12:31:00,354.04,354.12,354.04,354.12,0.02,296.02,107171.95,1
2026-04-30,2026-04-30 12:32:00,354.12,354.2,354.12,354.2,0.02,296.02,107171.95,1
2026-04-30,2026-04-30 12:33:00,354.2,354.28,354.2,354.28,0.02,296.02,107171.95,1
2026-04-30,2026-04-30 12:34:00,354.28,354.36,354.28,354.36,0.02,296.02,107171.95,1
2026-04-30,2026-04-30 12:35:00,354.36,354.44,354.36,354.44,0.02,296.02,107171.95,1
2026-04-30,2026-04-30 12:36:00,354.44,354.52,354.44,354.52,0.02,296.02,107171.95,1
2026-04-30,2026-04-30 12:37:00,354.52,354.6,354.52,354.6,0.02,296.02,107171.95,1
2026-04-30,2026-04-30 12:38:00,354.6,354.68,354.6,354.68,0.02,296.02,107171.95,1
2026-04-30,2026-04-30 12:39:00,354.68,354.76,354.68,354.76,0.02,296.02,107171.95,1
2026-04-30,2026-04-30 12:40:00,354.76,354.84,354.76,354.84,0.02,296.02,107171.95,1
2026-04-30,2026-04-30 12:41:00,354.84,354.92,354.84,354.92,0.02,296.02,107171.95,1
2026-04-30,2026-04-30 12:42:00,354.92,355.0,354.92,355.0,0.02,296.02,107171.95,1
2026-04-30,2026-04-30 12:43:00,355.0,355.08,355.0,355.08,0.02,296.02,107171.95,1
2026-04-30,2026-04-30 12:44:00,355.08,355.16,355.08,355.16,0.02,296.02,107171.95,1
2026-04-30,2026-04-30 12:45:00,355.16,355.24,355.16,355.24,0.02,296.02,107171.95,1
2026-04-30,2026-04-30 12:46:00,355.24,355.32,355.24,355.32,0.02,296.02,107171.95,1
2026-04-30,2026-04-30 12:47:00,355.32,355.39,355.32,355.39,0.02,296.02,107171.95,1
2026-04-30,2026-04-30 12:48:00,355.39,355.47,355.39,355.47,0.02,296.02,107171.95,1
2026-04-30,2026-04-30 12:49:00,355.47,355.55,355.47,355.55,0.02,296.02,107171.95,1
2026-04-30,2026-04-30 12:50:00,355.55,355.63,355.55,355.63,0.02,296.02,107171.95,1
2026-04-30,2026-04-30 12:51:00,355.63,355.71,355.63,355.71,0.02,296.02,107171.95,1
2026-04-30,2026-04-30 12:52:00,355.71,355.79,355.71,355.79,0.02,296.02,107171.95,1
2026-04-30,2026-04-30 12:53:00,355.79,355.87,355.79,355.87,0.02,296.02,107171.95,1
2026-04-30,2026-04-30 12:54:00,355.87,355.95,355.87,355.95,0.02,296.02,107171.95,1
2026-04-30,2026-04-30 12:55:00,355.95,356.03,355.95,356.03,0.02,296.02,107171.95,1
2026-04-30,2026-04-30 12:56:00,356.03,356.11,356.03,356.11,0.02,296.02,107171.95,1
2026-04-30,2026-04-30 12:57:00,356.11,356.19,356.11,356.19,0.02,296.02,107171.95,1
2026-04-30,2026-04-30 12:58:00,356.19,356.27,356.19,356.27,0.02,296.02,107171.95,1
2026-04-30,2026-04-30 12:59:00,356.27,356.35,356.27,356.35,0.02,296.02,107171.95,1
2026-04-30,2026-04-30 13:00:00,356.35,366.0,346.8,356.43,0.02,296.02,107171.95,1
2026-04-30,2026-04-30 13:01:00,356.43,356.51,356.43,356.51,0.02,296.02,107171.95,1
2026-04-30,2026-04-30 13:02:00,356.51,356.59,356.51,356.59,0.02,296.02,107171.95,1
2026-04-30,2026-04-30 13:03:00,356.59,356.67,356.59,356.67,0.02,296.02,107171.95,1
2026-04-30,2026-04-30 13:04:00,356.67,356.75,356.67,356.75,0.02,296.02,107171.95,1
2026-04-30,2026-04-30 13:05:00,356.75,356.83,356.75,356.83,0.02,296.02,107171.95,1
2026-04-30,2026-04-30 13:06:00,356.83,356.91,356.83,356.91,0.02,296.02,107171.95,1
2026-04-30,2026-04-30 13:07:00,356.91,356.99,356.91,356.99,0.02,296.02,107171.95,1
2026-04-30,2026-04-30 13:08:00,356.99,357.07,356.99,357.07,0.02,296.02,107171.95,1
2026-04-30,2026-04-30 13:09:00,357.07,357.15,357.07,357.15,0.02,296.02,107171.95,1
2026-04-30,2026-04-30 13:10:00,357.15,357.23,357.15,357.23,0.02,296.02,107171.95,1
2026-04-30,2026-04-30 13:11:00,357.23,357.31,357.23,357.31,0.02,296.02,107171.95,1
2026-04-30,2026-04-30 13:12:00,357.31,357.38,357.31,357.38,0.02,296.02,107171.95,1
2026-04-30,2026-04-30 13:13:00,357.38,357.46,357.38,357.46,0.02,296.02,107171.95,1
2026-04-30,2026-04-30 13:14:00,357.46,357.54,357.46,357.54,0.02,296.02,107171.95,1
2026-04-30,2026-04-30 13:15:00,357.54,357.62,357.54,357.62,0.02,296.02,107171.95,1
2026-04-30,2026-04-30 13:16:00,357.62,357.7,357.62,357.7,0.02,296.02,107171.95,1
2026-04-30,2026-04-30 13:17:00,357.7,357.78,357.7,357.78,0.02,296.02,107171.95,1
2026-04-30,2026-04-30 13:18:00,357.78,357.86,357.78,357.86,0.02,296.02,107171.95,1
2026-04-30,2026-04-30 13:19:00,357.86,357.94,357.86,357.94,0.02,296.02,107171.95,1
2026-04-30,2026-04-30 13:20:00,357.94,358.02,357.94,358.02,0.02,296.02,107171.95,1
2026-04-30,2026-04-30 13:21:00,358.02,358.1,358.02,358.1,0.02,296.02,107171.95,1
2026-04-30,2026-04-30 13:22:00,358.1,358.18,358.1,358.18,0.02,296.02,107171.95,1
2026-04-30,2026-04-30 13:23:00,358.18,358.26,358.18,358.26,0.02,296.02,107171.95,1
2026-04-30,2026-04-30 13:24:00,358.26,358.34,358.26,358.34,0.02,296.02,107171.95,1
2026-04-30,2026-04-30 13:25:00,358.34,358.42,358.34,358.42,0.02,296.02,107171.95,1
2026-04-30,2026-04-30 13:26:00,358.42,358.5,358.42,358.5,0.02,296.02,107171.95,1
2026-04-30,2026-04-30 13:27:00,358.5,358.58,358.5,358.58,0.02,296.02,107171.95,1
2026-04-30,2026-04-30 13:28:00,358.58,358.66,358.58,358.66,0.02,296.02,107171.95,1
2026-04-30,2026-04-30 13:29:00,358.66,358.74,358.66,358.74,0.02,296.02,107171.95,1
2026-04-30,2026-04-30 13:30:00,358.74,358.82,358.74,358.82,0.02,296.02,107171.95,1
2026-04-30,2026-04-30 13:31:00,358.82,358.9,358.82,358.9,0.02,296.02,107171.95,1
2026-04-30,2026-04-30 13:32:00,358.9,358.98,358.9,358.98,0.02,296.02,107171.95,1
2026-04-30,2026-04-30 13:33:00,358.98,359.06,358.98,359.06,0.02,296.02,107171.95,1
2026-04-30,2026-04-30 13:34:00,359.06,359.14,359.06,359.14,0.02,296.02,107171.95,1
2026-04-30,2026-04-30 13:35:00,359.14,359.21,359.14,359.21,0.02,296.02,107171.95,1
2026-04-30,2026-04-30 13:36:00,359.21,359.29,359.21,359.29,0.02,296.02,107171.95,1
2026-04-30,2026-04-30 13:37:00,359.29,359.37,359.29,359.37,0.02,296.02,107171.95,1
2026-04-30,2026-04-30 13:38:00,359.37,359.45,359.37,359.45,0.02,296.02,107171.95,1
2026-04-30,2026-04-30 13:39:00,359.45,359.53,359.45,359.53,0.02,296.02,107171.95,1
2026-04-30,2026-04-30 13:40:00,359.53,359.61,359.53,359.61,0.02,296.02,107171.95,1
2026-04-30,2026-04-30 13:41:00,359.61,359.69,359.61,359.69,0.02,296.02,107171.95,1
2026-04-30,2026-04-30 13:42:00,359.69,359.77,359.69,359.77,0.02,296.02,107171.95,1
2026-04-30,2026-04-30 13:43:00,359.77,359.85,359.77,359.85,0.02,296.02,107171.95,1
2026-04-30,2026-04-30 13:44:00,359.85,359.93,359.85,359.93,0.02,296.02,107171.95,1
2026-04-30,2026-04-30 13:45:00,359.93,360.01,359.93,360.01,0.02,296.02,107171.95,1
2026-04-30,2026-04-30 13:46:00,360.01,360.09,360.01,360.09,0.02,296.02,107171.95,1
2026-04-30,2026-04-30 13:47:00,360.09,360.17,360.09,360.17,0.02,296.02,107171.95,1
2026-04-30,2026-04-30 13:48:00,360.17,360.25,360.17,360.25,0.02,296.02,107171.95,1
2026-04-30,2026-04-30 13:49:00,360.25,360.33,360.25,360.33,0.02,296.02,107171.95,1
2026-04-30,2026-04-30 13:50:00,360.33,360.41,360.33,360.41,0.02,296.02,107171.95,1
2026-04-30,2026-04-30 13:51:00,360.41,360.49,360.41,360.49,0.02,296.02,107171.95,1
2026-04-30,2026-04-30 13:52:00,360.49,360.57,360.49,360.57,0.02,296.02,107171.95,1
2026-04-30,2026-04-30 13:53:00,360.57,360.65,360.57,360.65,0.02,296.02,107171.95,1
2026-04-30,2026-04-30 13:54:00,360.65,360.73,360.65,360.73,0.02,296.02,107171.95,1
2026-04-30,2026-04-30 13:55:00,360.73,360.81,360.73,360.81,0.02,296.02,107171.95,1
2026-04-30,2026-04-30 13:56:00,360.81,360.89,360.81,360.89,0.02,296.02,107171.95,1
2026-04-30,2026-04-30 13:57:00,360.89,360.97,360.89,360.97,0.02,296.02,107171.95,1
2026-04-30,2026-04-30 13:58:00,360.97,361.05,360.97,361.05,0.02,296.02,107171.95,1
2026-04-30,2026-04-30 13:59:00,361.05,361.12,361.05,361.12,0.02,296.02,107171.95,1
2026-04-30,2026-04-30 14:00:00,361.12,361.2,361.12,361.2,0.02,296.02,107171.95,1
2026-04-30,2026-04-30 14:01:00,361.2,361.28,361.2,361.28,0.02,296.02,107171.95,1
2026-04-30,2026-04-30 14:02:00,361.28,361.36,361.28,361.36,0.02,296.02,107171.95,1
2026-04-30,2026-04-30 14:03:00,361.36,361.44,361.36,361.44,0.02,296.02,107171.95,1
2026-04-30,2026-04-30 14:04:00,361.44,361.52,361.44,361.52,0.02,296.02,107171.95,1
2026-04-30,2026-04-30 14:05:00,361.52,361.6,361.52,361.6,0.02,296.02,107171.95,1
2026-04-30,2026-04-30 14:06:00,361.6,361.68,361.6,361.68,0.02,296.02,107171.95,1
2026-04-30,2026-04-30 14:07:00,361.68,361.76,361.68,361.76,0.02,296.02,107171.95,1
2026-04-30,2026-04-30 14:08:00,361.76,361.84,361.76,361.84,0.02,296.02,107171.95,1
2026-04-30,2026-04-30 14:09:00,361.84,361.92,361.84,361.92,0.02,296.02,107171.95,1
2026-04-30,2026-04-30 14:10:00,361.92,362.0,361.92,362.0,0.02,296.02,107171.95,1
2026-04-30,2026-04-30 14:11:00,362.0,362.08,362.0,362.08,0.02,296.02,107171.95,1
2026-04-30,2026-04-30 14:12:00,362.08,362.16,362.08,362.16,0.02,296.02,107171.95,1
2026-04-30,2026-04-30 14:13:00,362.16,362.24,362.16,362.24,0.02,296.02,107171.95,1
2026-04-30,2026-04-30 14:14:00,362.24,362.32,362.24,362.32,0.02,296.02,107171.95,1
2026-04-30,2026-04-30 14:15:00,362.32,362.4,362.32,362.4,0.02,296.02,107171.95,1
2026-04-30,2026-04-30 14:16:00,362.4,362.48,362.4,362.48,0.02,296.02,107171.95,1
2026-04-30,2026-04-30 14:17:00,362.48,362.56,362.48,362.56,0.02,296.02,107171.95,1
2026-04-30,2026-04-30 14:18:00,362.56,362.64,362.56,362.64,0.02,296.02,107171.95,1
2026-04-30,2026-04-30 14:19:00,362.64,362.72,362.64,362.72,0.02,296.02,107171.95,1
2026-04-30,2026-04-30 14:20:00,362.72,362.8,362.72,362.8,0.02,296.02,107171.95,1
2026-04-30,2026-04-30 14:21:00,362.8,362.88,362.8,362.88,0.02,296.02,107171.95,1
2026-04-30,2026-04-30 14:22:00,362.88,362.96,362.88,362.96,0.02,296.02,107171.95,1
2026-04-30,2026-04-30 14:23:00,362.96,363.03,362.96,363.03,0.02,296.02,107171.95,1
2026-04-30,2026-04-30 14:24:00,363.03,363.11,363.03,363.11,0.02,296.02,107171.95,1
2026-04-30,2026-04-30 14:25:00,363.11,363.19,363.11,363.19,0.02,296.02,107171.95,1
2026-04-30,2026-04-30 14:26:00,363.19,363.27,363.19,363.27,0.02,296.02,107171.95,1
2026-04-30,2026-04-30 14:27:00,363.27,363.35,363.27,363.35,0.02,296.02,107171.95,1
2026-04-30,2026-04-30 14:28:00,363.35,363.43,363.35,363.43,0.02,296.02,107171.95,1
2026-04-30,2026-04-30 14:29:00,363.43,363.51,363.43,363.51,0.02,296.02,107171.95,1
2026-04-30,2026-04-30 14:30:00,363.51,363.59,363.51,363.59,0.02,296.02,107171.95,1
2026-04-30,2026-04-30 14:31:00,363.59,363.67,363.59,363.67,0.02,296.02,107171.95,1
2026-04-30,2026-04-30 14:32:00,363.67,363.75,363.67,363.75,0.02,296.02,107171.95,1
2026-04-30,2026-04-30 14:33:00,363.75,363.83,363.75,363.83,0.02,296.02,107171.95,1
2026-04-30,2026-04-30 14:34:00,363.83,363.91,363.83,363.91,0.02,296.02,107171.95,1
2026-04-30,2026-04-30 14:35:00,363.91,363.99,363.91,363.99,0.02,296.02,107171.95,1
2026-04-30,2026-04-30 14:36:00,363.99,364.07,363.99,364.07,0.02,296.02,107171.95,1
2026-04-30,2026-04-30 14:37:00,364.07,364.15,364.07,364.15,0.02,296.02,107171.95,1
2026-04-30,2026-04-30 14:38:00,364.15,364.23,364.15,364.23,0.02,296.02,107171.95,1
2026-04-30,2026-04-30 14:39:00,364.23,364.31,364.23,364.31,0.02,296.02,107171.95,1
2026-04-30,2026-04-30 14:40:00,364.31,364.39,364.31,364.39,0.02,296.02,107171.95,1
2026-04-30,2026-04-30 14:41:00,364.39,364.47,364.39,364.47,0.02,296.02,107171.95,1
2026-04-30,2026-04-30 14:42:00,364.47,364.55,364.47,364.55,0.02,296.02,107171.95,1
2026-04-30,2026-04-30 14:43:00,364.55,364.63,364.55,364.63,0.02,296.02,107171.95,1
2026-04-30,2026-04-30 14:44:00,364.63,364.71,364.63,364.71,0.02,296.02,107171.95,1
2026-04-30,2026-04-30 14:45:00,364.71,364.79,364.71,364.79,0.02,296.02,107171.95,1
2026-04-30,2026-04-30 14:46:00,364.79,364.87,364.79,364.87,0.02,296.02,107171.95,1
2026-04-30,2026-04-30 14:47:00,364.87,364.94,364.87,364.94,0.02,296.02,107171.95,1
2026-04-30,2026-04-30 14:48:00,364.94,365.02,364.94,365.02,0.02,296.02,107171.95,1
2026-04-30,2026-04-30 14:49:00,365.02,365.1,365.02,365.1,0.02,296.02,107171.95,1
2026-04-30,2026-04-30 14:50:00,365.1,365.18,365.1,365.18,0.02,296.02,107171.95,1
2026-04-30,2026-04-30 14:51:00,365.18,365.26,365.18,365.26,0.02,296.02,107171.95,1
2026-04-30,2026-04-30 14:52:00,365.26,365.34,365.26,365.34,0.02,296.02,107171.95,1
2026-04-30,2026-04-30 14:53:00,365.34,365.42,365.34,365.42,0.02,296.02,107171.95,1
2026-04-30,2026-04-30 14:54:00,365.42,365.5,365.42,365.5,0.02,296.02,107171.95,1
2026-04-30,2026-04-30 14:55:00,365.5,365.58,365.5,365.58,0.02,296.02,107171.95,1
2026-04-30,2026-04-30 14:56:00,365.58,365.66,365.58,365.66,0.02,296.02,107171.95,1
2026-04-30,2026-04-30 14:57:00,365.66,365.74,365.66,365.74,0.02,296.02,107171.95,1
2026-04-30,2026-04-30 14:58:00,365.74,365.82,365.74,365.82,0.02,296.02,107171.95,1
2026-04-30,2026-04-30 14:59:00,365.82,365.9,365.82,365.9,0.02,296.02,107171.95,1
2026-04-30,2026-04-30 15:00:00,365.9,366.0,346.8,365.9,0.0,296.02,107171.95,0
2026-05-04,2026-05-04 11:00:00,366.1,367.27,362.53,366.07,-0.01,237.35,85751.11,-1
2026-05-04,2026-05-04 11:01:00,366.07,366.07,366.03,366.03,-0.01,237.35,85751.11,-1
2026-05-04,2026-05-04 11:02:00,366.03,366.03,366.0,366.0,-0.01,237.35,85751.11,-1
2026-05-04,2026-05-04 11:03:00,366.0,366.0,365.97,365.97,-0.01,237.35,85751.11,-1
2026-05-04,2026-05-04 11:04:00,365.97,365.97,365.93,365.93,-0.01,237.35,85751.11,-1
2026-05-04,2026-05-04 11:05:00,365.93,365.93,365.9,365.9,-0.01,237.35,85751.11,-1
2026-05-04,2026-05-04 11:06:00,365.9,365.9,365.86,365.86,-0.01,237.35,85751.11,-1
2026-05-04,2026-05-04 11:07:00,365.86,365.86,365.83,365.83,-0.01,237.35,85751.11,-1
2026-05-04,2026-05-04 11:08:00,365.83,365.83,365.8,365.8,-0.01,237.35,85751.11,-1
2026-05-04,2026-05-04 11:09:00,365.8,365.8,365.76,365.76,-0.01,237.35,85751.11,-1
2026-05-04,2026-05-04 11:10:00,365.76,365.76,365.73,365.73,-0.01,237.35,85751.11,-1
2026-05-04,2026-05-04 11:11:00,365.73,365.73,365.7,365.7,-0.01,237.35,85751.11,-1
2026-05-04,2026-05-04 11:12:00,365.7,365.7,365.66,365.66,-0.01,237.35,85751.11,-1
2026-05-04,2026-05-04 11:13:00,365.66,365.66,365.63,365.63,-0.01,237.35,85751.11,-1
2026-05-04,2026-05-04 11:14:00,365.63,365.63,365.59,365.59,-0.01,237.35,85751.11,-1
2026-05-04,2026-05-04 11:15:00,365.59,365.59,365.56,365.56,-0.01,237.35,85751.11,-1
2026-05-04,2026-05-04 11:16:00,365.56,365.56,365.53,365.53,-0.01,237.35,85751.11,-1
2026-05-04,2026-05-04 11:17:00,365.53,365.53,365.49,365.49,-0.01,237.35,85751.11,-1
2026-05-04,2026-05-04 11:18:00,365.49,365.49,365.46,365.46,-0.01,237.35,85751.11,-1
2026-05-04,2026-05-04 11:19:00,365.46,365.46,365.43,365.43,-0.01,237.35,85751.11,-1
2026-05-04,2026-05-04 11:20:00,365.43,365.43,365.39,365.39,-0.01,237.35,85751.11,-1
2026-05-04,2026-05-04 11:21:00,365.39,365.39,365.36,365.36,-0.01,237.35,85751.11,-1
2026-05-04,2026-05-04 11:22:00,365.36,365.36,365.32,365.32,-0.01,237.35,85751.11,-1
2026-05-04,2026-05-04 11:23:00,365.32,365.32,365.29,365.29,-0.01,237.35,85751.11,-1
2026-05-04,2026-05-04 11:24:00,365.29,365.29,365.26,365.26,-0.01,237.35,85751.11,-1
2026-05-04,2026-05-04 11:25:00,365.26,365.26,365.22,365.22,-0.01,237.35,85751.11,-1
2026-05-04,2026-05-04 11:26:00,365.22,365.22,365.19,365.19,-0.01,237.35,85751.11,-1
2026-05-04,2026-05-04 11:27:00,365.19,365.19,365.16,365.16,-0.01,237.35,85751.11,-1
2026-05-04,2026-05-04 11:28:00,365.16,365.16,365.12,365.12,-0.01,237.35,85751.11,-1
2026-05-04,2026-05-04 11:29:00,365.12,365.12,365.09,365.09,-0.01,237.35,85751.11,-1
2026-05-04,2026-05-04 11:30:00,365.09,365.09,365.05,365.05,-0.01,237.35,85751.11,-1
2026-05-04,2026-05-04 11:31:00,365.05,365.05,365.02,365.02,-0.01,237.35,85751.11,-1
2026-05-04,2026-05-04 11:32:00,365.02,365.02,364.99,364.99,-0.01,237.35,85751.11,-1
2026-05-04,2026-05-04 11:33:00,364.99,364.99,364.95,364.95,-0.01,237.35,85751.11,-1
2026-05-04,2026-05-04 11:34:00,364.95,364.95,364.92,364.92,-0.01,237.35,85751.11,-1
2026-05-04,2026-05-04 11:35:00,364.92,364.92,364.88,364.88,-0.01,237.35,85751.11,-1
2026-05-04,2026-05-04 11:36:00,364.88,364.88,364.85,364.85,-0.01,237.35,85751.11,-1
2026-05-04,2026-05-04 11:37:00,364.85,364.85,364.82,364.82,-0.01,237.35,85751.11,-1
2026-05-04,2026-05-04 11:38:00,364.82,364.82,364.78,364.78,-0.01,237.35,85751.11,-1
2026-05-04,2026-05-04 11:39:00,364.78,364.78,364.75,364.75,-0.01,237.35,85751.11,-1
2026-05-04,2026-05-04 11:40:00,364.75,364.75,364.72,364.72,-0.01,237.35,85751.11,-1
2026-05-04,2026-05-04 11:41:00,364.72,364.72,364.68,364.68,-0.01,237.35,85751.11,-1
2026-05-04,2026-05-04 11:42:00,364.68,364.68,364.65,364.65,-0.01,237.35,85751.11,-1
2026-05-04,2026-05-04 11:43:00,364.65,364.65,364.62,364.62,-0.01,237.35,85751.11,-1
2026-05-04,2026-05-04 11:44:00,364.62,364.62,364.58,364.58,-0.01,237.35,85751.11,-1
2026-05-04,2026-05-04 11:45:00,364.58,364.58,364.55,364.55,-0.01,237.35,85751.11,-1
2026-05-04,2026-05-04 11:46:00,364.55,364.55,364.51,364.51,-0.01,237.35,85751.11,-1
2026-05-04,2026-05-04 11:47:00,364.51,364.51,364.48,364.48,-0.01,237.35,85751.11,-1
2026-05-04,2026-05-04 11:48:00,364.48,364.48,364.45,364.45,-0.01,237.35,85751.11,-1
2026-05-04,2026-05-04 11:49:00,364.45,364.45,364.41,364.41,-0.01,237.35,85751.11,-1
2026-05-04,2026-05-04 11:50:00,364.41,364.41,364.38,364.38,-0.01,237.35,85751.11,-1
2026-05-04,2026-05-04 11:51:00,364.38,364.38,364.35,364.35,-0.01,237.35,85751.11,-1
2026-05-04,2026-05-04 11:52:00,364.35,364.35,364.31,364.31,-0.01,237.35,85751.11,-1
2026-05-04,2026-05-04 11:53:00,364.31,364.31,364.28,364.28,-0.01,237.35,85751.11,-1
2026-05-04,2026-05-04 11:54:00,364.28,364.28,364.24,364.24,-0.01,237.35,85751.11,-1
2026-05-04,2026-05-04 11:55:00,364.24,364.24,364.21,364.21,-0.01,237.35,85751.11,-1
2026-05-04,2026-05-04 11:56:00,364.21,364.21,364.18,364.18,-0.01,237.35,85751.11,-1
2026-05-04,2026-05-04 11:57:00,364.18,364.18,364.14,364.14,-0.01,237.35,85751.11,-1
2026-05-04,2026-05-04 11:58:00,364.14,364.14,364.11,364.11,-0.01,237.35,85751.11,-1
2026-05-04,2026-05-04 11:59:00,364.11,364.11,364.08,364.08,-0.01,237.35,85751.11,-1
2026-05-04,2026-05-04 12:00:00,364.08,364.08,364.04,364.04,-0.01,237.35,85751.11,-1
2026-05-04,2026-05-04 12:01:00,364.04,364.04,364.01,364.01,-0.01,237.35,85751.11,-1
2026-05-04,2026-05-04 12:02:00,364.01,364.01,363.97,363.97,-0.01,237.35,85751.11,-1
2026-05-04,2026-05-04 12:03:00,363.97,363.97,363.94,363.94,-0.01,237.35,85751.11,-1
2026-05-04,2026-05-04 12:04:00,363.94,363.94,363.91,363.91,-0.01,237.35,85751.11,-1
2026-05-04,2026-05-04 12:05:00,363.91,363.91,363.87,363.87,-0.01,237.35,85751.11,-1
2026-05-04,2026-05-04 12:06:00,363.87,363.87,363.84,363.84,-0.01,237.35,85751.11,-1
2026-05-04,2026-05-04 12:07:00,363.84,363.84,363.81,363.81,-0.01,237.35,85751.11,-1
2026-05-04,2026-05-04 12:08:00,363.81,363.81,363.77,363.77,-0.01,237.35,85751.11,-1
2026-05-04,2026-05-04 12:09:00,363.77,363.77,363.74,363.74,-0.01,237.35,85751.11,-1
2026-05-04,2026-05-04 12:10:00,363.74,363.74,363.7,363.7,-0.01,237.35,85751.11,-1
2026-05-04,2026-05-04 12:11:00,363.7,363.7,363.67,363.67,-0.01,237.35,85751.11,-1
2026-05-04,2026-05-04 12:12:00,363.67,363.67,363.64,363.64,-0.01,237.35,85751.11,-1
2026-05-04,2026-05-04 12:13:00,363.64,363.64,363.6,363.6,-0.01,237.35,85751.11,-1
2026-05-04,2026-05-04 12:14:00,363.6,363.6,363.57,363.57,-0.01,237.35,85751.11,-1
2026-05-04,2026-05-04 12:15:00,363.57,363.57,363.54,363.54,-0.01,237.35,85751.11,-1
2026-05-04,2026-05-04 12:16:00,363.54,363.54,363.5,363.5,-0.01,237.35,85751.11,-1
2026-05-04,2026-05-04 12:17:00,363.5,363.5,363.47,363.47,-0.01,237.35,85751.11,-1
2026-05-04,2026-05-04 12:18:00,363.47,363.47,363.43,363.43,-0.01,237.35,85751.11,-1
2026-05-04,2026-05-04 12:19:00,363.43,363.43,363.4,363.4,-0.01,237.35,85751.11,-1
2026-05-04,2026-05-04 12:20:00,363.4,363.4,363.37,363.37,-0.01,237.35,85751.11,-1
2026-05-04,2026-05-04 12:21:00,363.37,363.37,363.33,363.33,-0.01,237.35,85751.11,-1
2026-05-04,2026-05-04 12:22:00,363.33,363.33,363.3,363.3,-0.01,237.35,85751.11,-1
2026-05-04,2026-05-04 12:23:00,363.3,363.3,363.26,363.26,-0.01,237.35,85751.11,-1
2026-05-04,2026-05-04 12:24:00,363.26,363.26,363.23,363.23,-0.01,237.35,85751.11,-1
2026-05-04,2026-05-04 12:25:00,363.23,363.23,363.2,363.2,-0.01,237.35,85751.11,-1
2026-05-04,2026-05-04 12:26:00,363.2,363.2,363.16,363.16,-0.01,237.35,85751.11,-1
2026-05-04,2026-05-04 12:27:00,363.16,363.16,363.13,363.13,-0.01,237.35,85751.11,-1
2026-05-04,2026-05-04 12:28:00,363.13,363.13,363.1,363.1,-0.01,237.35,85751.11,-1
2026-05-04,2026-05-04 12:29:00,363.1,363.1,363.06,363.06,-0.01,237.35,85751.11,-1
2026-05-04,2026-05-04 12:30:00,363.06,363.06,363.03,363.03,-0.01,237.35,85751.11,-1
2026-05-04,2026-05-04 12:31:00,363.03,363.03,363.0,363.0,-0.01,237.35,85751.11,-1
2026-05-04,2026-05-04 12:32:00,363.0,363.0,362.96,362.96,-0.01,237.35,85751.11,-1
2026-05-04,2026-05-04 12:33:00,362.96,362.96,362.93,362.93,-0.01,237.35,85751.11,-1
2026-05-04,2026-05-04 12:34:00,362.93,362.93,362.89,362.89,-0.01,237.35,85751.11,-1
2026-05-04,2026-05-04 12:35:00,362.89,362.89,362.86,362.86,-0.01,237.35,85751.11,-1
2026-05-04,2026-05-04 12:36:00,362.86,362.86,362.83,362.83,-0.01,237.35,85751.11,-1
2026-05-04,2026-05-04 12:37:00,362.83,362.83,362.79,362.79,-0.01,237.35,85751.11,-1
2026-05-04,2026-05-04 12:38:00,362.79,362.79,362.76,362.76,-0.01,237.35,85751.11,-1
2026-05-04,2026-05-04 12:39:00,362.76,362.76,362.73,362.73,-0.01,237.35,85751.11,-1
2026-05-04,2026-05-04 12:40:00,362.73,362.73,362.69,362.69,-0.01,237.35,85751.11,-1
2026-05-04,2026-05-04 12:41:00,362.69,362.69,362.66,362.66,-0.01,237.35,85751.11,-1
2026-05-04,2026-05-04 12:42:00,362.66,362.66,362.62,362.62,-0.01,237.35,85751.11,-1
2026-05-04,2026-05-04 12:43:00,362.62,362.62,362.59,362.59,-0.01,237.35,85751.11,-1
2026-05-04,2026-05-04 12:44:00,362.59,362.59,362.56,362.56,-0.01,237.35,85751.11,-1
2026-05-04,2026-05-04 12:45:00,362.56,362.56,362.52,362.52,-0.01,237.35,85751.11,-1
2026-05-04,2026-05-04 12:46:00,362.52,362.52,362.49,362.49,-0.01,237.35,85751.11,-1
2026-05-04,2026-05-04 12:47:00,362.49,362.49,362.46,362.46,-0.01,237.35,85751.11,-1
2026-05-04,2026-05-04 12:48:00,362.46,362.46,362.42,362.42,-0.01,237.35,85751.11,-1
2026-05-04,2026-05-04 12:49:00,362.42,362.42,362.39,362.39,-0.01,237.35,85751.11,-1
2026-05-04,2026-05-04 12:50:00,362.39,362.39,362.35,362.35,-0.01,237.35,85751.11,-1
2026-05-04,2026-05-04 12:51:00,362.35,362.35,362.32,362.32,-0.01,237.35,85751.11,-1
2026-05-04,2026-05-04 12:52:00,362.32,362.32,362.29,362.29,-0.01,237.35,85751.11,-1
2026-05-04,2026-05-04 12:53:00,362.29,362.29,362.25,362.25,-0.01,237.35,85751.11,-1
2026-05-04,2026-05-04 12:54:00,362.25,362.25,362.22,362.22,-0.01,237.35,85751.11,-1
2026-05-04,2026-05-04 12:55:00,362.22,362.22,362.19,362.19,-0.01,237.35,85751.11,-1
2026-05-04,2026-05-04 12:56:00,362.19,362.19,362.15,362.15,-0.01,237.35,85751.11,-1
2026-05-04,2026-05-04 12:57:00,362.15,362.15,362.12,362.12,-0.01,237.35,85751.11,-1
2026-05-04,2026-05-04 12:58:00,362.12,362.12,362.08,362.08,-0.01,237.35,85751.11,-1
2026-05-04,2026-05-04 12:59:00,362.08,362.08,362.05,362.05,-0.01,237.35,85751.11,-1
2026-05-04,2026-05-04 13:00:00,362.05,370.0,354.2,362.02,-0.01,237.35,85751.11,-1
2026-05-04,2026-05-04 13:01:00,362.02,362.02,361.98,361.98,-0.01,237.35,85751.11,-1
2026-05-04,2026-05-04 13:02:00,361.98,361.98,361.95,361.95,-0.01,237.35,85751.11,-1
2026-05-04,2026-05-04 13:03:00,361.95,361.95,361.92,361.92,-0.01,237.35,85751.11,-1
2026-05-04,2026-05-04 13:04:00,361.92,361.92,361.88,361.88,-0.01,237.35,85751.11,-1
2026-05-04,2026-05-04 13:05:00,361.88,361.88,361.85,361.85,-0.01,237.35,85751.11,-1
2026-05-04,2026-05-04 13:06:00,361.85,361.85,361.81,361.81,-0.01,237.35,85751.11,-1
2026-05-04,2026-05-04 13:07:00,361.81,361.81,361.78,361.78,-0.01,237.35,85751.11,-1
2026-05-04,2026-05-04 13:08:00,361.78,361.78,361.75,361.75,-0.01,237.35,85751.11,-1
2026-05-04,2026-05-04 13:09:00,361.75,361.75,361.71,361.71,-0.01,237.35,85751.11,-1
2026-05-04,2026-05-04 13:10:00,361.71,361.71,361.68,361.68,-0.01,237.35,85751.11,-1
2026-05-04,2026-05-04 13:11:00,361.68,361.68,361.64,361.64,-0.01,237.35,85751.11,-1
2026-05-04,2026-05-04 13:12:00,361.64,361.64,361.61,361.61,-0.01,237.35,85751.11,-1
2026-05-04,2026-05-04 13:13:00,361.61,361.61,361.58,361.58,-0.01,237.35,85751.11,-1
2026-05-04,2026-05-04 13:14:00,361.58,361.58,361.54,361.54,-0.01,237.35,85751.11,-1
2026-05-04,2026-05-04 13:15:00,361.54,361.54,361.51,361.51,-0.01,237.35,85751.11,-1
2026-05-04,2026-05-04 13:16:00,361.51,361.51,361.48,361.48,-0.01,237.35,85751.11,-1
2026-05-04,2026-05-04 13:17:00,361.48,361.48,361.44,361.44,-0.01,237.35,85751.11,-1
2026-05-04,2026-05-04 13:18:00,361.44,361.44,361.41,361.41,-0.01,237.35,85751.11,-1
2026-05-04,2026-05-04 13:19:00,361.41,361.41,361.38,361.38,-0.01,237.35,85751.11,-1
2026-05-04,2026-05-04 13:20:00,361.38,361.38,361.34,361.34,-0.01,237.35,85751.11,-1
2026-05-04,2026-05-04 13:21:00,361.34,361.34,361.31,361.31,-0.01,237.35,85751.11,-1
2026-05-04,2026-05-04 13:22:00,361.31,361.31,361.27,361.27,-0.01,237.35,85751.11,-1
2026-05-04,2026-05-04 13:23:00,361.27,361.27,361.24,361.24,-0.01,237.35,85751.11,-1
2026-05-04,2026-05-04 13:24:00,361.24,361.24,361.21,361.21,-0.01,237.35,85751.11,-1
2026-05-04,2026-05-04 13:25:00,361.21,361.21,361.17,361.17,-0.01,237.35,85751.11,-1
2026-05-04,2026-05-04 13:26:00,361.17,361.17,361.14,361.14,-0.01,237.35,85751.11,-1
2026-05-04,2026-05-04 13:27:00,361.14,361.14,361.11,361.11,-0.01,237.35,85751.11,-1
2026-05-04,2026-05-04 13:28:00,361.11,361.11,361.07,361.07,-0.01,237.35,85751.11,-1
2026-05-04,2026-05-04 13:29:00,361.07,361.07,361.04,361.04,-0.01,237.35,85751.11,-1
2026-05-04,2026-05-04 13:30:00,361.04,361.04,361.0,361.0,-0.01,237.35,85751.11,-1
2026-05-04,2026-05-04 13:31:00,361.0,361.0,360.97,360.97,-0.01,237.35,85751.11,-1
2026-05-04,2026-05-04 13:32:00,360.97,360.97,360.94,360.94,-0.01,237.35,85751.11,-1
2026-05-04,2026-05-04 13:33:00,360.94,360.94,360.9,360.9,-0.01,237.35,85751.11,-1
2026-05-04,2026-05-04 13:34:00,360.9,360.9,360.87,360.87,-0.01,237.35,85751.11,-1
2026-05-04,2026-05-04 13:35:00,360.87,360.87,360.84,360.84,-0.01,237.35,85751.11,-1
2026-05-04,2026-05-04 13:36:00,360.84,360.84,360.8,360.8,-0.01,237.35,85751.11,-1
2026-05-04,2026-05-04 13:37:00,360.8,360.8,360.77,360.77,-0.01,237.35,85751.11,-1
2026-05-04,2026-05-04 13:38:00,360.77,360.77,360.73,360.73,-0.01,237.35,85751.11,-1
2026-05-04,2026-05-04 13:39:00,360.73,360.73,360.7,360.7,-0.01,237.35,85751.11,-1
2026-05-04,2026-05-04 13:40:00,360.7,360.7,360.67,360.67,-0.01,237.35,85751.11,-1
2026-05-04,2026-05-04 13:41:00,360.67,360.67,360.63,360.63,-0.01,237.35,85751.11,-1
2026-05-04,2026-05-04 13:42:00,360.63,360.63,360.6,360.6,-0.01,237.35,85751.11,-1
2026-05-04,2026-05-04 13:43:00,360.6,360.6,360.56,360.56,-0.01,237.35,85751.11,-1
2026-05-04,2026-05-04 13:44:00,360.56,360.56,360.53,360.53,-0.01,237.35,85751.11,-1
2026-05-04,2026-05-04 13:45:00,360.53,360.53,360.5,360.5,-0.01,237.35,85751.11,-1
2026-05-04,2026-05-04 13:46:00,360.5,360.5,360.46,360.46,-0.01,237.35,85751.11,-1
2026-05-04,2026-05-04 13:47:00,360.46,360.46,360.43,360.43,-0.01,237.35,85751.11,-1
2026-05-04,2026-05-04 13:48:00,360.43,360.43,360.4,360.4,-0.01,237.35,85751.11,-1
2026-05-04,2026-05-04 13:49:00,360.4,360.4,360.36,360.36,-0.01,237.35,85751.11,-1
2026-05-04,2026-05-04 13:50:00,360.36,360.36,360.33,360.33,-0.01,237.35,85751.11,-1
2026-05-04,2026-05-04 13:51:00,360.33,360.33,360.3,360.3,-0.01,237.35,85751.11,-1
2026-05-04,2026-05-04 13:52:00,360.3,360.3,360.26,360.26,-0.01,237.35,85751.11,-1
2026-05-04,2026-05-04 13:53:00,360.26,360.26,360.23,360.23,-0.01,237.35,85751.11,-1
2026-05-04,2026-05-04 13:54:00,360.23,360.23,360.19,360.19,-0.01,237.35,85751.11,-1
2026-05-04,2026-05-04 13:55:00,360.19,360.19,360.16,360.16,-0.01,237.35,85751.11,-1
2026-05-04,2026-05-04 13:56:00,360.16,360.16,360.13,360.13,-0.01,237.35,85751.11,-1
2026-05-04,2026-05-04 13:57:00,360.13,360.13,360.09,360.09,-0.01,237.35,85751.11,-1
2026-05-04,2026-05-04 13:58:00,360.09,360.09,360.06,360.06,-0.01,237.35,85751.11,-1
2026-05-04,2026-05-04 13:59:00,360.06,360.06,360.02,360.02,-0.01,237.35,85751.11,-1
2026-05-04,2026-05-04 14:00:00,360.02,360.02,359.99,359.99,-0.01,237.35,85751.11,-1
2026-05-04,2026-05-04 14:01:00,359.99,359.99,359.96,359.96,-0.01,237.35,85751.11,-1
2026-05-04,2026-05-04 14:02:00,359.96,359.96,359.92,359.92,-0.01,237.35,85751.11,-1
2026-05-04,2026-05-04 14:03:00,359.92,359.92,359.89,359.89,-0.01,237.35,85751.11,-1
2026-05-04,2026-05-04 14:04:00,359.89,359.89,359.86,359.86,-0.01,237.35,85751.11,-1
2026-05-04,2026-05-04 14:05:00,359.86,359.86,359.82,359.82,-0.01,237.35,85751.11,-1
2026-05-04,2026-05-04 14:06:00,359.82,359.82,359.79,359.79,-0.01,237.35,85751.11,-1
2026-05-04,2026-05-04 14:07:00,359.79,359.79,359.75,359.75,-0.01,237.35,85751.11,-1
2026-05-04,2026-05-04 14:08:00,359.75,359.75,359.72,359.72,-0.01,237.35,85751.11,-1
2026-05-04,2026-05-04 14:09:00,359.72,359.72,359.69,359.69,-0.01,237.35,85751.11,-1
2026-05-04,2026-05-04 14:10:00,359.69,359.69,359.65,359.65,-0.01,237.35,85751.11,-1
2026-05-04,2026-05-04 14:11:00,359.65,359.65,359.62,359.62,-0.01,237.35,85751.11,-1
2026-05-04,2026-05-04 14:12:00,359.62,359.62,359.59,359.59,-0.01,237.35,85751.11,-1
2026-05-04,2026-05-04 14:13:00,359.59,359.59,359.55,359.55,-0.01,237.35,85751.11,-1
2026-05-04,2026-05-04 14:14:00,359.55,359.55,359.52,359.52,-0.01,237.35,85751.11,-1
2026-05-04,2026-05-04 14:15:00,359.52,359.52,359.49,359.49,-0.01,237.35,85751.11,-1
2026-05-04,2026-05-04 14:16:00,359.49,359.49,359.45,359.45,-0.01,237.35,85751.11,-1
2026-05-04,2026-05-04 14:17:00,359.45,359.45,359.42,359.42,-0.01,237.35,85751.11,-1
2026-05-04,2026-05-04 14:18:00,359.42,359.42,359.38,359.38,-0.01,237.35,85751.11,-1
2026-05-04,2026-05-04 14:19:00,359.38,359.38,359.35,359.35,-0.01,237.35,85751.11,-1
2026-05-04,2026-05-04 14:20:00,359.35,359.35,359.32,359.32,-0.01,237.35,85751.11,-1
2026-05-04,2026-05-04 14:21:00,359.32,359.32,359.28,359.28,-0.01,237.35,85751.11,-1
2026-05-04,2026-05-04 14:22:00,359.28,359.28,359.25,359.25,-0.01,237.35,85751.11,-1
2026-05-04,2026-05-04 14:23:00,359.25,359.25,359.22,359.22,-0.01,237.35,85751.11,-1
2026-05-04,2026-05-04 14:24:00,359.22,359.22,359.18,359.18,-0.01,237.35,85751.11,-1
2026-05-04,2026-05-04 14:25:00,359.18,359.18,359.15,359.15,-0.01,237.35,85751.11,-1
2026-05-04,2026-05-04 14:26:00,359.15,359.15,359.11,359.11,-0.01,237.35,85751.11,-1
2026-05-04,2026-05-04 14:27:00,359.11,359.11,359.08,359.08,-0.01,237.35,85751.11,-1
2026-05-04,2026-05-04 14:28:00,359.08,359.08,359.05,359.05,-0.01,237.35,85751.11,-1
2026-05-04,2026-05-04 14:29:00,359.05,359.05,359.01,359.01,-0.01,237.35,85751.11,-1
2026-05-04,2026-05-04 14:30:00,359.01,359.01,358.98,358.98,-0.01,237.35,85751.11,-1
2026-05-04,2026-05-04 14:31:00,358.98,358.98,358.94,358.94,-0.01,237.35,85751.11,-1
2026-05-04,2026-05-04 14:32:00,358.94,358.94,358.91,358.91,-0.01,237.35,85751.11,-1
2026-05-04,2026-05-04 14:33:00,358.91,358.91,358.88,358.88,-0.01,237.35,85751.11,-1
2026-05-04,2026-05-04 14:34:00,358.88,358.88,358.84,358.84,-0.01,237.35,85751.11,-1
2026-05-04,2026-05-04 14:35:00,358.84,358.84,358.81,358.81,-0.01,237.35,85751.11,-1
2026-05-04,2026-05-04 14:36:00,358.81,358.81,358.78,358.78,-0.01,237.35,85751.11,-1
2026-05-04,2026-05-04 14:37:00,358.78,358.78,358.74,358.74,-0.01,237.35,85751.11,-1
2026-05-04,2026-05-04 14:38:00,358.74,358.74,358.71,358.71,-0.01,237.35,85751.11,-1
2026-05-04,2026-05-04 14:39:00,358.71,358.71,358.68,358.68,-0.01,237.35,85751.11,-1
2026-05-04,2026-05-04 14:40:00,358.68,358.68,358.64,358.64,-0.01,237.35,85751.11,-1
2026-05-04,2026-05-04 14:41:00,358.64,358.64,358.61,358.61,-0.01,237.35,85751.11,-1
2026-05-04,2026-05-04 14:42:00,358.61,358.61,358.57,358.57,-0.01,237.35,85751.11,-1
2026-05-04,2026-05-04 14:43:00,358.57,358.57,358.54,358.54,-0.01,237.35,85751.11,-1
2026-05-04,2026-05-04 14:44:00,358.54,358.54,358.51,358.51,-0.01,237.35,85751.11,-1
2026-05-04,2026-05-04 14:45:00,358.51,358.51,358.47,358.47,-0.01,237.35,85751.11,-1
2026-05-04,2026-05-04 14:46:00,358.47,358.47,358.44,358.44,-0.01,237.35,85751.11,-1
2026-05-04,2026-05-04 14:47:00,358.44,358.44,358.4,358.4,-0.01,237.35,85751.11,-1
2026-05-04,2026-05-04 14:48:00,358.4,358.4,358.37,358.37,-0.01,237.35,85751.11,-1
2026-05-04,2026-05-04 14:49:00,358.37,358.37,358.34,358.34,-0.01,237.35,85751.11,-1
2026-05-04,2026-05-04 14:50:00,358.34,358.34,358.3,358.3,-0.01,237.35,85751.11,-1
2026-05-04,2026-05-04 14:51:00,358.3,358.3,358.27,358.27,-0.01,237.35,85751.11,-1
2026-05-04,2026-05-04 14:52:00,358.27,358.27,358.24,358.24,-0.01,237.35,85751.11,-1
2026-05-04,2026-05-04 14:53:00,358.24,358.24,358.2,358.2,-0.01,237.35,85751.11,-1
2026-05-04,2026-05-04 14:54:00,358.2,358.2,358.17,358.17,-0.01,237.35,85751.11,-1
2026-05-04,2026-05-04 14:55:00,358.17,358.17,358.13,358.13,-0.01,237.35,85751.11,-1
2026-05-04,2026-05-04 14:56:00,358.13,358.13,358.1,358.1,-0.01,237.35,85751.11,-1
2026-05-04,2026-05-04 14:57:00,358.1,358.1,358.07,358.07,-0.01,237.35,85751.11,-1
2026-05-04,2026-05-04 14:58:00,358.07,358.07,358.03,358.03,-0.01,237.35,85751.11,-1
2026-05-04,2026-05-04 14:59:00,358.03,358.03,358.0,358.0,-0.01,237.35,85751.11,-1
2026-05-04,2026-05-04 15:00:00,358.0,370.0,354.2,358.0,0.0,237.35,85751.11,0
2026-05-05,2026-05-05 11:00:00,358.0,359.5,354.1,358.0,0.0,251.36,88629.31,0
2026-05-05,2026-05-05 11:01:00,358.0,358.0,357.99,357.99,-0.0,251.36,88629.31,-1
2026-05-05,2026-05-05 11:02:00,357.99,357.99,357.99,357.99,0.0,251.36,88629.31,0
2026-05-05,2026-05-05 11:03:00,357.99,357.99,357.98,357.98,-0.0,251.36,88629.31,-1
2026-05-05,2026-05-05 11:04:00,357.98,357.98,357.98,357.98,0.0,251.36,88629.31,0
2026-05-05,2026-05-05 11:05:00,357.98,357.98,357.98,357.98,0.0,251.36,88629.31,0
2026-05-05,2026-05-05 11:06:00,357.98,357.98,357.97,357.97,-0.0,251.36,88629.31,-1
2026-05-05,2026-05-05 11:07:00,357.97,357.97,357.97,357.97,0.0,251.36,88629.31,0
2026-05-05,2026-05-05 11:08:00,357.97,357.97,357.96,357.96,-0.0,251.36,88629.31,-1
2026-05-05,2026-05-05 11:09:00,357.96,357.96,357.96,357.96,0.0,251.36,88629.31,0
2026-05-05,2026-05-05 11:10:00,357.96,357.96,357.95,357.95,-0.0,251.36,88629.31,-1
2026-05-05,2026-05-05 11:11:00,357.95,357.95,357.95,357.95,0.0,251.36,88629.31,0
2026-05-05,2026-05-05 11:12:00,357.95,357.95,357.95,357.95,0.0,251.36,88629.31,0
2026-05-05,2026-05-05 11:13:00,357.95,357.95,357.94,357.94,-0.0,251.36,88629.31,-1
2026-05-05,2026-05-05 11:14:00,357.94,357.94,357.94,357.94,0.0,251.36,88629.31,0
2026-05-05,2026-05-05 11:15:00,357.94,357.94,357.93,357.93,-0.0,251.36,88629.31,-1
2026-05-05,2026-05-05 11:16:00,357.93,357.93,357.93,357.93,0.0,251.36,88629.31,0
2026-05-05,2026-05-05 11:17:00,357.93,357.93,357.93,357.93,0.0,251.36,88629.31,0
2026-05-05,2026-05-05 11:18:00,357.93,357.93,357.92,357.92,-0.0,251.36,88629.31,-1
2026-05-05,2026-05-05 11:19:00,357.92,357.92,357.92,357.92,0.0,251.36,88629.31,0
2026-05-05,2026-05-05 11:20:00,357.92,357.92,357.91,357.91,-0.0,251.36,88629.31,-1
2026-05-05,2026-05-05 11:21:00,357.91,357.91,357.91,357.91,0.0,251.36,88629.31,0
2026-05-05,2026-05-05 11:22:00,357.91,357.91,357.9,357.9,-0.0,251.36,88629.31,-1
2026-05-05,2026-05-05 11:23:00,357.9,357.9,357.9,357.9,0.0,251.36,88629.31,0
2026-05-05,2026-05-05 11:24:00,357.9,357.9,357.9,357.9,0.0,251.36,88629.31,0
2026-05-05,2026-05-05 11:25:00,357.9,357.9,357.89,357.89,-0.0,251.36,88629.31,-1
2026-05-05,2026-05-05 11:26:00,357.89,357.89,357.89,357.89,0.0,251.36,88629.31,0
2026-05-05,2026-05-05 11:27:00,357.89,357.89,357.88,357.88,-0.0,251.36,88629.31,-1
2026-05-05,2026-05-05 11:28:00,357.88,357.88,357.88,357.88,0.0,251.36,88629.31,0
2026-05-05,2026-05-05 11:29:00,357.88,357.88,357.88,357.88,0.0,251.36,88629.31,0
2026-05-05,2026-05-05 11:30:00,357.88,357.88,357.87,357.87,-0.0,251.36,88629.31,-1
2026-05-05,2026-05-05 11:31:00,357.87,357.87,357.87,357.87,0.0,251.36,88629.31,0
2026-05-05,2026-05-05 11:32:00,357.87,357.87,357.86,357.86,-0.0,251.36,88629.31,-1
2026-05-05,2026-05-05 11:33:00,357.86,357.86,357.86,357.86,0.0,251.36,88629.31,0
2026-05-05,2026-05-05 11:34:00,357.86,357.86,357.85,357.85,-0.0,251.36,88629.31,-1
2026-05-05,2026-05-05 11:35:00,357.85,357.85,357.85,357.85,0.0,251.36,88629.31,0
2026-05-05,2026-05-05 11:36:00,357.85,357.85,357.85,357.85,0.0,251.36,88629.31,0
2026-05-05,2026-05-05 11:37:00,357.85,357.85,357.84,357.84,-0.0,251.36,88629.31,-1
2026-05-05,2026-05-05 11:38:00,357.84,357.84,357.84,357.84,0.0,251.36,88629.31,0
2026-05-05,2026-05-05 11:39:00,357.84,357.84,357.83,357.83,-0.0,251.36,88629.31,-1
2026-05-05,2026-05-05 11:40:00,357.83,357.83,357.83,357.83,0.0,251.36,88629.31,0
2026-05-05,2026-05-05 11:41:00,357.83,357.83,357.82,357.82,-0.0,251.36,88629.31,-1
2026-05-05,2026-05-05 11:42:00,357.82,357.82,357.82,357.82,0.0,251.36,88629.31,0
2026-05-05,2026-05-05 11:43:00,357.82,357.82,357.82,357.82,0.0,251.36,88629.31,0
2026-05-05,2026-05-05 11:44:00,357.82,357.82,357.81,357.81,-0.0,251.36,88629.31,-1
2026-05-05,2026-05-05 11:45:00,357.81,357.81,357.81,357.81,0.0,251.36,88629.31,0
2026-05-05,2026-05-05 11:46:00,357.81,357.81,357.8,357.8,-0.0,251.36,88629.31,-1
2026-05-05,2026-05-05 11:47:00,357.8,357.8,357.8,357.8,0.0,251.36,88629.31,0
2026-05-05,2026-05-05 11:48:00,357.8,357.8,357.8,357.8,0.0,251.36,88629.31,0
2026-05-05,2026-05-05 11:49:00,357.8,357.8,357.79,357.79,-0.0,251.36,88629.31,-1
2026-05-05,2026-05-05 11:50:00,357.79,357.79,357.79,357.79,0.0,251.36,88629.31,0
2026-05-05,2026-05-05 11:51:00,357.79,357.79,357.78,357.78,-0.0,251.36,88629.31,-1
2026-05-05,2026-05-05 11:52:00,357.78,357.78,357.78,357.78,0.0,251.36,88629.31,0
2026-05-05,2026-05-05 11:53:00,357.78,357.78,357.77,357.77,-0.0,251.36,88629.31,-1
2026-05-05,2026-05-05 11:54:00,357.77,357.77,357.77,357.77,0.0,251.36,88629.31,0
2026-05-05,2026-05-05 11:55:00,357.77,357.77,357.77,357.77,0.0,251.36,88629.31,0
2026-05-05,2026-05-05 11:56:00,357.77,357.77,357.76,357.76,-0.0,251.36,88629.31,-1
2026-05-05,2026-05-05 11:57:00,357.76,357.76,357.76,357.76,0.0,251.36,88629.31,0
2026-05-05,2026-05-05 11:58:00,357.76,357.76,357.75,357.75,-0.0,251.36,88629.31,-1
2026-05-05,2026-05-05 11:59:00,357.75,357.75,357.75,357.75,0.0,251.36,88629.31,0
2026-05-05,2026-05-05 12:00:00,357.75,357.75,357.75,357.75,0.0,251.36,88629.31,0
2026-05-05,2026-05-05 12:01:00,357.75,357.75,357.74,357.74,-0.0,251.36,88629.31,-1
2026-05-05,2026-05-05 12:02:00,357.74,357.74,357.74,357.74,0.0,251.36,88629.31,0
2026-05-05,2026-05-05 12:03:00,357.74,357.74,357.73,357.73,-0.0,251.36,88629.31,-1
2026-05-05,2026-05-05 12:04:00,357.73,357.73,357.73,357.73,0.0,251.36,88629.31,0
2026-05-05,2026-05-05 12:05:00,357.73,357.73,357.73,357.73,0.0,251.36,88629.31,0
2026-05-05,2026-05-05 12:06:00,357.73,357.73,357.72,357.72,-0.0,251.36,88629.31,-1
2026-05-05,2026-05-05 12:07:00,357.72,357.72,357.72,357.72,0.0,251.36,88629.31,0
2026-05-05,2026-05-05 12:08:00,357.72,357.72,357.71,357.71,-0.0,251.36,88629.31,-1
2026-05-05,2026-05-05 12:09:00,357.71,357.71,357.71,357.71,0.0,251.36,88629.31,0
2026-05-05,2026-05-05 12:10:00,357.71,357.71,357.7,357.7,-0.0,251.36,88629.31,-1
2026-05-05,2026-05-05 12:11:00,357.7,357.7,357.7,357.7,0.0,251.36,88629.31,0
2026-05-05,2026-05-05 12:12:00,357.7,357.7,357.7,357.7,0.0,251.36,88629.31,0
2026-05-05,2026-05-05 12:13:00,357.7,357.7,357.69,357.69,-0.0,251.36,88629.31,-1
2026-05-05,2026-05-05 12:14:00,357.69,357.69,357.69,357.69,0.0,251.36,88629.31,0
2026-05-05,2026-05-05 12:15:00,357.69,357.69,357.68,357.68,-0.0,251.36,88629.31,-1
2026-05-05,2026-05-05 12:16:00,357.68,357.68,357.68,357.68,0.0,251.36,88629.31,0
2026-05-05,2026-05-05 12:17:00,357.68,357.68,357.68,357.68,0.0,251.36,88629.31,0
2026-05-05,2026-05-05 12:18:00,357.68,357.68,357.67,357.67,-0.0,251.36,88629.31,-1
2026-05-05,2026-05-05 12:19:00,357.67,357.67,357.67,357.67,0.0,251.36,88629.31,0
2026-05-05,2026-05-05 12:20:00,357.67,357.67,357.66,357.66,-0.0,251.36,88629.31,-1
2026-05-05,2026-05-05 12:21:00,357.66,357.66,357.66,357.66,0.0,251.36,88629.31,0
2026-05-05,2026-05-05 12:22:00,357.66,357.66,357.65,357.65,-0.0,251.36,88629.31,-1
2026-05-05,2026-05-05 12:23:00,357.65,357.65,357.65,357.65,0.0,251.36,88629.31,0
2026-05-05,2026-05-05 12:24:00,357.65,357.65,357.65,357.65,0.0,251.36,88629.31,0
2026-05-05,2026-05-05 12:25:00,357.65,357.65,357.64,357.64,-0.0,251.36,88629.31,-1
2026-05-05,2026-05-05 12:26:00,357.64,357.64,357.64,357.64,0.0,251.36,88629.31,0
2026-05-05,2026-05-05 12:27:00,357.64,357.64,357.63,357.63,-0.0,251.36,88629.31,-1
2026-05-05,2026-05-05 12:28:00,357.63,357.63,357.63,357.63,0.0,251.36,88629.31,0
2026-05-05,2026-05-05 12:29:00,357.63,357.63,357.62,357.62,-0.0,251.36,88629.31,-1
2026-05-05,2026-05-05 12:30:00,357.62,357.62,357.62,357.62,0.0,251.36,88629.31,0
2026-05-05,2026-05-05 12:31:00,357.62,357.62,357.62,357.62,0.0,251.36,88629.31,0
2026-05-05,2026-05-05 12:32:00,357.62,357.62,357.61,357.61,-0.0,251.36,88629.31,-1
2026-05-05,2026-05-05 12:33:00,357.61,357.61,357.61,357.61,0.0,251.36,88629.31,0
2026-05-05,2026-05-05 12:34:00,357.61,357.61,357.6,357.6,-0.0,251.36,88629.31,-1
2026-05-05,2026-05-05 12:35:00,357.6,357.6,357.6,357.6,0.0,251.36,88629.31,0
2026-05-05,2026-05-05 12:36:00,357.6,357.6,357.6,357.6,0.0,251.36,88629.31,0
2026-05-05,2026-05-05 12:37:00,357.6,357.6,357.59,357.59,-0.0,251.36,88629.31,-1
2026-05-05,2026-05-05 12:38:00,357.59,357.59,357.59,357.59,0.0,251.36,88629.31,0
2026-05-05,2026-05-05 12:39:00,357.59,357.59,357.58,357.58,-0.0,251.36,88629.31,-1
2026-05-05,2026-05-05 12:40:00,357.58,357.58,357.58,357.58,0.0,251.36,88629.31,0
2026-05-05,2026-05-05 12:41:00,357.58,357.58,357.57,357.57,-0.0,251.36,88629.31,-1
2026-05-05,2026-05-05 12:42:00,357.57,357.57,357.57,357.57,0.0,251.36,88629.31,0
2026-05-05,2026-05-05 12:43:00,357.57,357.57,357.57,357.57,0.0,251.36,88629.31,0
2026-05-05,2026-05-05 12:44:00,357.57,357.57,357.56,357.56,-0.0,251.36,88629.31,-1
2026-05-05,2026-05-05 12:45:00,357.56,357.56,357.56,357.56,0.0,251.36,88629.31,0
2026-05-05,2026-05-05 12:46:00,357.56,357.56,357.55,357.55,-0.0,251.36,88629.31,-1
2026-05-05,2026-05-05 12:47:00,357.55,357.55,357.55,357.55,0.0,251.36,88629.31,0
2026-05-05,2026-05-05 12:48:00,357.55,357.55,357.55,357.55,0.0,251.36,88629.31,0
2026-05-05,2026-05-05 12:49:00,357.55,357.55,357.54,357.54,-0.0,251.36,88629.31,-1
2026-05-05,2026-05-05 12:50:00,357.54,357.54,357.54,357.54,0.0,251.36,88629.31,0
2026-05-05,2026-05-05 12:51:00,357.54,357.54,357.53,357.53,-0.0,251.36,88629.31,-1
2026-05-05,2026-05-05 12:52:00,357.53,357.53,357.53,357.53,0.0,251.36,88629.31,0
2026-05-05,2026-05-05 12:53:00,357.53,357.53,357.52,357.52,-0.0,251.36,88629.31,-1
2026-05-05,2026-05-05 12:54:00,357.52,357.52,357.52,357.52,0.0,251.36,88629.31,0
2026-05-05,2026-05-05 12:55:00,357.52,357.52,357.52,357.52,0.0,251.36,88629.31,0
2026-05-05,2026-05-05 12:56:00,357.52,357.52,357.51,357.51,-0.0,251.36,88629.31,-1
2026-05-05,2026-05-05 12:57:00,357.51,357.51,357.51,357.51,0.0,251.36,88629.31,0
2026-05-05,2026-05-05 12:58:00,357.51,357.51,357.5,357.5,-0.0,251.36,88629.31,-1
2026-05-05,2026-05-05 12:59:00,357.5,357.5,357.5,357.5,0.0,251.36,88629.31,0
2026-05-05,2026-05-05 13:00:00,357.5,363.0,345.0,357.5,0.0,251.36,88629.31,0
2026-05-05,2026-05-05 13:01:00,357.5,357.5,357.49,357.49,-0.0,251.36,88629.31,-1
2026-05-05,2026-05-05 13:02:00,357.49,357.49,357.49,357.49,0.0,251.36,88629.31,0
2026-05-05,2026-05-05 13:03:00,357.49,357.49,357.48,357.48,-0.0,251.36,88629.31,-1
2026-05-05,2026-05-05 13:04:00,357.48,357.48,357.48,357.48,0.0,251.36,88629.31,0
2026-05-05,2026-05-05 13:05:00,357.48,357.48,357.48,357.48,0.0,251.36,88629.31,0
2026-05-05,2026-05-05 13:06:00,357.48,357.48,357.47,357.47,-0.0,251.36,88629.31,-1
2026-05-05,2026-05-05 13:07:00,357.47,357.47,357.47,357.47,0.0,251.36,88629.31,0
2026-05-05,2026-05-05 13:08:00,357.47,357.47,357.46,357.46,-0.0,251.36,88629.31,-1
2026-05-05,2026-05-05 13:09:00,357.46,357.46,357.46,357.46,0.0,251.36,88629.31,0
2026-05-05,2026-05-05 13:10:00,357.46,357.46,357.45,357.45,-0.0,251.36,88629.31,-1
2026-05-05,2026-05-05 13:11:00,357.45,357.45,357.45,357.45,0.0,251.36,88629.31,0
2026-05-05,2026-05-05 13:12:00,357.45,357.45,357.45,357.45,0.0,251.36,88629.31,0
2026-05-05,2026-05-05 13:13:00,357.45,357.45,357.44,357.44,-0.0,251.36,88629.31,-1
2026-05-05,2026-05-05 13:14:00,357.44,357.44,357.44,357.44,0.0,251.36,88629.31,0
2026-05-05,2026-05-05 13:15:00,357.44,357.44,357.43,357.43,-0.0,251.36,88629.31,-1
2026-05-05,2026-05-05 13:16:00,357.43,357.43,357.43,357.43,0.0,251.36,88629.31,0
2026-05-05,2026-05-05 13:17:00,357.43,357.43,357.43,357.43,0.0,251.36,88629.31,0
2026-05-05,2026-05-05 13:18:00,357.43,357.43,357.42,357.42,-0.0,251.36,88629.31,-1
2026-05-05,2026-05-05 13:19:00,357.42,357.42,357.42,357.42,0.0,251.36,88629.31,0
2026-05-05,2026-05-05 13:20:00,357.42,357.42,357.41,357.41,-0.0,251.36,88629.31,-1
2026-05-05,2026-05-05 13:21:00,357.41,357.41,357.41,357.41,0.0,251.36,88629.31,0
2026-05-05,2026-05-05 13:22:00,357.41,357.41,357.4,357.4,-0.0,251.36,88629.31,-1
2026-05-05,2026-05-05 13:23:00,357.4,357.4,357.4,357.4,0.0,251.36,88629.31,0
2026-05-05,2026-05-05 13:24:00,357.4,357.4,357.4,357.4,0.0,251.36,88629.31,0
2026-05-05,2026-05-05 13:25:00,357.4,357.4,357.39,357.39,-0.0,251.36,88629.31,-1
2026-05-05,2026-05-05 13:26:00,357.39,357.39,357.39,357.39,0.0,251.36,88629.31,0
2026-05-05,2026-05-05 13:27:00,357.39,357.39,357.38,357.38,-0.0,251.36,88629.31,-1
2026-05-05,2026-05-05 13:28:00,357.38,357.38,357.38,357.38,0.0,251.36,88629.31,0
2026-05-05,2026-05-05 13:29:00,357.38,357.38,357.38,357.38,0.0,251.36,88629.31,0
2026-05-05,2026-05-05 13:30:00,357.38,357.38,357.37,357.37,-0.0,251.36,88629.31,-1
2026-05-05,2026-05-05 13:31:00,357.37,357.37,357.37,357.37,0.0,251.36,88629.31,0
2026-05-05,2026-05-05 13:32:00,357.37,357.37,357.36,357.36,-0.0,251.36,88629.31,-1
2026-05-05,2026-05-05 13:33:00,357.36,357.36,357.36,357.36,0.0,251.36,88629.31,0
2026-05-05,2026-05-05 13:34:00,357.36,357.36,357.35,357.35,-0.0,251.36,88629.31,-1
2026-05-05,2026-05-05 13:35:00,357.35,357.35,357.35,357.35,0.0,251.36,88629.31,0
2026-05-05,2026-05-05 13:36:00,357.35,357.35,357.35,357.35,0.0,251.36,88629.31,0
2026-05-05,2026-05-05 13:37:00,357.35,357.35,357.34,357.34,-0.0,251.36,88629.31,-1
2026-05-05,2026-05-05 13:38:00,357.34,357.34,357.34,357.34,0.0,251.36,88629.31,0
2026-05-05,2026-05-05 13:39:00,357.34,357.34,357.33,357.33,-0.0,251.36,88629.31,-1
2026-05-05,2026-05-05 13:40:00,357.33,357.33,357.33,357.33,0.0,251.36,88629.31,0
2026-05-05,2026-05-05 13:41:00,357.33,357.33,357.32,357.32,-0.0,251.36,88629.31,-1
2026-05-05,2026-05-05 13:42:00,357.32,357.32,357.32,357.32,0.0,251.36,88629.31,0
2026-05-05,2026-05-05 13:43:00,357.32,357.32,357.32,357.32,0.0,251.36,88629.31,0
2026-05-05,2026-05-05 13:44:00,357.32,357.32,357.31,357.31,-0.0,251.36,88629.31,-1
2026-05-05,2026-05-05 13:45:00,357.31,357.31,357.31,357.31,0.0,251.36,88629.31,0
2026-05-05,2026-05-05 13:46:00,357.31,357.31,357.3,357.3,-0.0,251.36,88629.31,-1
2026-05-05,2026-05-05 13:47:00,357.3,357.3,357.3,357.3,0.0,251.36,88629.31,0
2026-05-05,2026-05-05 13:48:00,357.3,357.3,357.3,357.3,0.0,251.36,88629.31,0
2026-05-05,2026-05-05 13:49:00,357.3,357.3,357.29,357.29,-0.0,251.36,88629.31,-1
2026-05-05,2026-05-05 13:50:00,357.29,357.29,357.29,357.29,0.0,251.36,88629.31,0
2026-05-05,2026-05-05 13:51:00,357.29,357.29,357.28,357.28,-0.0,251.36,88629.31,-1
2026-05-05,2026-05-05 13:52:00,357.28,357.28,357.28,357.28,0.0,251.36,88629.31,0
2026-05-05,2026-05-05 13:53:00,357.28,357.28,357.27,357.27,-0.0,251.36,88629.31,-1
2026-05-05,2026-05-05 13:54:00,357.27,357.27,357.27,357.27,0.0,251.36,88629.31,0
2026-05-05,2026-05-05 13:55:00,357.27,357.27,357.27,357.27,0.0,251.36,88629.31,0
2026-05-05,2026-05-05 13:56:00,357.27,357.27,357.26,357.26,-0.0,251.36,88629.31,-1
2026-05-05,2026-05-05 13:57:00,357.26,357.26,357.26,357.26,0.0,251.36,88629.31,0
2026-05-05,2026-05-05 13:58:00,357.26,357.26,357.25,357.25,-0.0,251.36,88629.31,-1
2026-05-05,2026-05-05 13:59:00,357.25,357.25,357.25,357.25,0.0,251.36,88629.31,0
2026-05-05,2026-05-05 14:00:00,357.25,357.25,357.25,357.25,0.0,251.36,88629.31,0
2026-05-05,2026-05-05 14:01:00,357.25,357.25,357.24,357.24,-0.0,251.36,88629.31,-1
2026-05-05,2026-05-05 14:02:00,357.24,357.24,357.24,357.24,0.0,251.36,88629.31,0
2026-05-05,2026-05-05 14:03:00,357.24,357.24,357.23,357.23,-0.0,251.36,88629.31,-1
2026-05-05,2026-05-05 14:04:00,357.23,357.23,357.23,357.23,0.0,251.36,88629.31,0
2026-05-05,2026-05-05 14:05:00,357.23,357.23,357.23,357.23,0.0,251.36,88629.31,0
2026-05-05,2026-05-05 14:06:00,357.23,357.23,357.22,357.22,-0.0,251.36,88629.31,-1
2026-05-05,2026-05-05 14:07:00,357.22,357.22,357.22,357.22,0.0,251.36,88629.31,0
2026-05-05,2026-05-05 14:08:00,357.22,357.22,357.21,357.21,-0.0,251.36,88629.31,-1
2026-05-05,2026-05-05 14:09:00,357.21,357.21,357.21,357.21,0.0,251.36,88629.31,0
2026-05-05,2026-05-05 14:10:00,357.21,357.21,357.2,357.2,-0.0,251.36,88629.31,-1
2026-05-05,2026-05-05 14:11:00,357.2,357.2,357.2,357.2,0.0,251.36,88629.31,0
2026-05-05,2026-05-05 14:12:00,357.2,357.2,357.2,357.2,0.0,251.36,88629.31,0
2026-05-05,2026-05-05 14:13:00,357.2,357.2,357.19,357.19,-0.0,251.36,88629.31,-1
2026-05-05,2026-05-05 14:14:00,357.19,357.19,357.19,357.19,0.0,251.36,88629.31,0
2026-05-05,2026-05-05 14:15:00,357.19,357.19,357.18,357.18,-0.0,251.36,88629.31,-1
2026-05-05,2026-05-05 14:16:00,357.18,357.18,357.18,357.18,0.0,251.36,88629.31,0
2026-05-05,2026-05-05 14:17:00,357.18,357.18,357.18,357.18,0.0,251.36,88629.31,0
2026-05-05,2026-05-05 14:18:00,357.18,357.18,357.17,357.17,-0.0,251.36,88629.31,-1
2026-05-05,2026-05-05 14:19:00,357.17,357.17,357.17,357.17,0.0,251.36,88629.31,0
2026-05-05,2026-05-05 14:20:00,357.17,357.17,357.16,357.16,-0.0,251.36,88629.31,-1
2026-05-05,2026-05-05 14:21:00,357.16,357.16,357.16,357.16,0.0,251.36,88629.31,0
2026-05-05,2026-05-05 14:22:00,357.16,357.16,357.15,357.15,-0.0,251.36,88629.31,-1
2026-05-05,2026-05-05 14:23:00,357.15,357.15,357.15,357.15,0.0,251.36,88629.31,0
2026-05-05,2026-05-05 14:24:00,357.15,357.15,357.15,357.15,0.0,251.36,88629.31,0
2026-05-05,2026-05-05 14:25:00,357.15,357.15,357.14,357.14,-0.0,251.36,88629.31,-1
2026-05-05,2026-05-05 14:26:00,357.14,357.14,357.14,357.14,0.0,251.36,88629.31,0
2026-05-05,2026-05-05 14:27:00,357.14,357.14,357.13,357.13,-0.0,251.36,88629.31,-1
2026-05-05,2026-05-05 14:28:00,357.13,357.13,357.13,357.13,0.0,251.36,88629.31,0
2026-05-05,2026-05-05 14:29:00,357.13,357.13,357.12,357.12,-0.0,251.36,88629.31,-1
2026-05-05,2026-05-05 14:30:00,357.12,357.12,357.12,357.12,0.0,251.36,88629.31,0
2026-05-05,2026-05-05 14:31:00,357.12,357.12,357.12,357.12,0.0,251.36,88629.31,0
2026-05-05,2026-05-05 14:32:00,357.12,357.12,357.11,357.11,-0.0,251.36,88629.31,-1
2026-05-05,2026-05-05 14:33:00,357.11,357.11,357.11,357.11,0.0,251.36,88629.31,0
2026-05-05,2026-05-05 14:34:00,357.11,357.11,357.1,357.1,-0.0,251.36,88629.31,-1
2026-05-05,2026-05-05 14:35:00,357.1,357.1,357.1,357.1,0.0,251.36,88629.31,0
2026-05-05,2026-05-05 14:36:00,357.1,357.1,357.1,357.1,0.0,251.36,88629.31,0
2026-05-05,2026-05-05 14:37:00,357.1,357.1,357.09,357.09,-0.0,251.36,88629.31,-1
2026-05-05,2026-05-05 14:38:00,357.09,357.09,357.09,357.09,0.0,251.36,88629.31,0
2026-05-05,2026-05-05 14:39:00,357.09,357.09,357.08,357.08,-0.0,251.36,88629.31,-1
2026-05-05,2026-05-05 14:40:00,357.08,357.08,357.08,357.08,0.0,251.36,88629.31,0
2026-05-05,2026-05-05 14:41:00,357.08,357.08,357.07,357.07,-0.0,251.36,88629.31,-1
2026-05-05,2026-05-05 14:42:00,357.07,357.07,357.07,357.07,0.0,251.36,88629.31,0
2026-05-05,2026-05-05 14:43:00,357.07,357.07,357.07,357.07,0.0,251.36,88629.31,0
2026-05-05,2026-05-05 14:44:00,357.07,357.07,357.06,357.06,-0.0,251.36,88629.31,-1
2026-05-05,2026-05-05 14:45:00,357.06,357.06,357.06,357.06,0.0,251.36,88629.31,0
2026-05-05,2026-05-05 14:46:00,357.06,357.06,357.05,357.05,-0.0,251.36,88629.31,-1
2026-05-05,2026-05-05 14:47:00,357.05,357.05,357.05,357.05,0.0,251.36,88629.31,0
2026-05-05,2026-05-05 14:48:00,357.05,357.05,357.05,357.05,0.0,251.36,88629.31,0
2026-05-05,2026-05-05 14:49:00,357.05,357.05,357.04,357.04,-0.0,251.36,88629.31,-1
2026-05-05,2026-05-05 14:50:00,357.04,357.04,357.04,357.04,0.0,251.36,88629.31,0
2026-05-05,2026-05-05 14:51:00,357.04,357.04,357.03,357.03,-0.0,251.36,88629.31,-1
2026-05-05,2026-05-05 14:52:00,357.03,357.03,357.03,357.03,0.0,251.36,88629.31,0
2026-05-05,2026-05-05 14:53:00,357.03,357.03,357.02,357.02,-0.0,251.36,88629.31,-1
2026-05-05,2026-05-05 14:54:00,357.02,357.02,357.02,357.02,0.0,251.36,88629.31,0
2026-05-05,2026-05-05 14:55:00,357.02,357.02,357.02,357.02,0.0,251.36,88629.31,0
2026-05-05,2026-05-05 14:56:00,357.02,357.02,357.01,357.01,-0.0,251.36,88629.31,-1
2026-05-05,2026-05-05 14:57:00,357.01,357.01,357.01,357.01,0.0,251.36,88629.31,0
2026-05-05,2026-05-05 14:58:00,357.01,357.01,357.0,357.0,-0.0,251.36,88629.31,-1
2026-05-05,2026-05-05 14:59:00,357.0,357.0,357.0,357.0,0.0,251.36,88629.31,0
2026-05-05,2026-05-05 15:00:00,357.0,363.0,345.0,357.0,0.0,251.36,88629.31,0
2026-05-06,2026-05-06 11:00:00,373.5,373.5,366.48,373.41,-0.02,127.69,45222.55,-1
2026-05-06,2026-05-06 11:01:00,373.41,373.41,373.33,373.33,-0.02,127.69,45222.55,-1
2026-05-06,2026-05-06 11:02:00,373.33,373.33,373.24,373.24,-0.02,127.69,45222.55,-1
2026-05-06,2026-05-06 11:03:00,373.24,373.24,373.16,373.16,-0.02,127.69,45222.55,-1
2026-05-06,2026-05-06 11:04:00,373.16,373.16,373.07,373.07,-0.02,127.69,45222.55,-1
2026-05-06,2026-05-06 11:05:00,373.07,373.07,372.99,372.99,-0.02,127.69,45222.55,-1
2026-05-06,2026-05-06 11:06:00,372.99,372.99,372.9,372.9,-0.02,127.69,45222.55,-1
2026-05-06,2026-05-06 11:07:00,372.9,372.9,372.82,372.82,-0.02,127.69,45222.55,-1
2026-05-06,2026-05-06 11:08:00,372.82,372.82,372.73,372.73,-0.02,127.69,45222.55,-1
2026-05-06,2026-05-06 11:09:00,372.73,372.73,372.65,372.65,-0.02,127.69,45222.55,-1
2026-05-06,2026-05-06 11:10:00,372.65,372.65,372.56,372.56,-0.02,127.69,45222.55,-1
2026-05-06,2026-05-06 11:11:00,372.56,372.56,372.48,372.48,-0.02,127.69,45222.55,-1
2026-05-06,2026-05-06 11:12:00,372.48,372.48,372.39,372.39,-0.02,127.69,45222.55,-1
2026-05-06,2026-05-06 11:13:00,372.39,372.39,372.3,372.3,-0.02,127.69,45222.55,-1
2026-05-06,2026-05-06 11:14:00,372.3,372.3,372.22,372.22,-0.02,127.69,45222.55,-1
2026-05-06,2026-05-06 11:15:00,372.22,372.22,372.13,372.13,-0.02,127.69,45222.55,-1
2026-05-06,2026-05-06 11:16:00,372.13,372.13,372.05,372.05,-0.02,127.69,45222.55,-1
2026-05-06,2026-05-06 11:17:00,372.05,372.05,371.96,371.96,-0.02,127.69,45222.55,-1
2026-05-06,2026-05-06 11:18:00,371.96,371.96,371.88,371.88,-0.02,127.69,45222.55,-1
2026-05-06,2026-05-06 11:19:00,371.88,371.88,371.79,371.79,-0.02,127.69,45222.55,-1
2026-05-06,2026-05-06 11:20:00,371.79,371.79,371.71,371.71,-0.02,127.69,45222.55,-1
2026-05-06,2026-05-06 11:21:00,371.71,371.71,371.62,371.62,-0.02,127.69,45222.55,-1
2026-05-06,2026-05-06 11:22:00,371.62,371.62,371.54,371.54,-0.02,127.69,45222.55,-1
2026-05-06,2026-05-06 11:23:00,371.54,371.54,371.45,371.45,-0.02,127.69,45222.55,-1
2026-05-06,2026-05-06 11:24:00,371.45,371.45,371.36,371.36,-0.02,127.69,45222.55,-1
2026-05-06,2026-05-06 11:25:00,371.36,371.36,371.28,371.28,-0.02,127.69,45222.55,-1
2026-05-06,2026-05-06 11:26:00,371.28,371.28,371.19,371.19,-0.02,127.69,45222.55,-1
2026-05-06,2026-05-06 11:27:00,371.19,371.19,371.11,371.11,-0.02,127.69,45222.55,-1
2026-05-06,2026-05-06 11:28:00,371.11,371.11,371.02,371.02,-0.02,127.69,45222.55,-1
2026-05-06,2026-05-06 11:29:00,371.02,371.02,370.94,370.94,-0.02,127.69,45222.55,-1
2026-05-06,2026-05-06 11:30:00,370.94,370.94,370.85,370.85,-0.02,127.69,45222.55,-1
2026-05-06,2026-05-06 11:31:00,370.85,370.85,370.77,370.77,-0.02,127.69,45222.55,-1
2026-05-06,2026-05-06 11:32:00,370.77,370.77,370.68,370.68,-0.02,127.69,45222.55,-1
2026-05-06,2026-05-06 11:33:00,370.68,370.68,370.6,370.6,-0.02,127.69,45222.55,-1
2026-05-06,2026-05-06 11:34:00,370.6,370.6,370.51,370.51,-0.02,127.69,45222.55,-1
2026-05-06,2026-05-06 11:35:00,370.51,370.51,370.43,370.43,-0.02,127.69,45222.55,-1
2026-05-06,2026-05-06 11:36:00,370.43,370.43,370.34,370.34,-0.02,127.69,45222.55,-1
2026-05-06,2026-05-06 11:37:00,370.34,370.34,370.25,370.25,-0.02,127.69,45222.55,-1
2026-05-06,2026-05-06 11:38:00,370.25,370.25,370.17,370.17,-0.02,127.69,45222.55,-1
2026-05-06,2026-05-06 11:39:00,370.17,370.17,370.08,370.08,-0.02,127.69,45222.55,-1
2026-05-06,2026-05-06 11:40:00,370.08,370.08,370.0,370.0,-0.02,127.69,45222.55,-1
2026-05-06,2026-05-06 11:41:00,370.0,370.0,369.91,369.91,-0.02,127.69,45222.55,-1
2026-05-06,2026-05-06 11:42:00,369.91,369.91,369.83,369.83,-0.02,127.69,45222.55,-1
2026-05-06,2026-05-06 11:43:00,369.83,369.83,369.74,369.74,-0.02,127.69,45222.55,-1
2026-05-06,2026-05-06 11:44:00,369.74,369.74,369.66,369.66,-0.02,127.69,45222.55,-1
2026-05-06,2026-05-06 11:45:00,369.66,369.66,369.57,369.57,-0.02,127.69,45222.55,-1
2026-05-06,2026-05-06 11:46:00,369.57,369.57,369.49,369.49,-0.02,127.69,45222.55,-1
2026-05-06,2026-05-06 11:47:00,369.49,369.49,369.4,369.4,-0.02,127.69,45222.55,-1
2026-05-06,2026-05-06 11:48:00,369.4,369.4,369.31,369.31,-0.02,127.69,45222.55,-1
2026-05-06,2026-05-06 11:49:00,369.31,369.31,369.23,369.23,-0.02,127.69,45222.55,-1
2026-05-06,2026-05-06 11:50:00,369.23,369.23,369.14,369.14,-0.02,127.69,45222.55,-1
2026-05-06,2026-05-06 11:51:00,369.14,369.14,369.06,369.06,-0.02,127.69,45222.55,-1
2026-05-06,2026-05-06 11:52:00,369.06,369.06,368.97,368.97,-0.02,127.69,45222.55,-1
2026-05-06,2026-05-06 11:53:00,368.97,368.97,368.89,368.89,-0.02,127.69,45222.55,-1
2026-05-06,2026-05-06 11:54:00,368.89,368.89,368.8,368.8,-0.02,127.69,45222.55,-1
2026-05-06,2026-05-06 11:55:00,368.8,368.8,368.72,368.72,-0.02,127.69,45222.55,-1
2026-05-06,2026-05-06 11:56:00,368.72,368.72,368.63,368.63,-0.02,127.69,45222.55,-1
2026-05-06,2026-05-06 11:57:00,368.63,368.63,368.55,368.55,-0.02,127.69,45222.55,-1
2026-05-06,2026-05-06 11:58:00,368.55,368.55,368.46,368.46,-0.02,127.69,45222.55,-1
2026-05-06,2026-05-06 11:59:00,368.46,368.46,368.38,368.38,-0.02,127.69,45222.55,-1
2026-05-06,2026-05-06 12:00:00,368.38,368.38,368.29,368.29,-0.02,127.69,45222.55,-1
2026-05-06,2026-05-06 12:01:00,368.29,368.29,368.2,368.2,-0.02,127.69,45222.55,-1
2026-05-06,2026-05-06 12:02:00,368.2,368.2,368.12,368.12,-0.02,127.69,45222.55,-1
2026-05-06,2026-05-06 12:03:00,368.12,368.12,368.03,368.03,-0.02,127.69,45222.55,-1
2026-05-06,2026-05-06 12:04:00,368.03,368.03,367.95,367.95,-0.02,127.69,45222.55,-1
2026-05-06,2026-05-06 12:05:00,367.95,367.95,367.86,367.86,-0.02,127.69,45222.55,-1
2026-05-06,2026-05-06 12:06:00,367.86,367.86,367.78,367.78,-0.02,127.69,45222.55,-1
2026-05-06,2026-05-06 12:07:00,367.78,367.78,367.69,367.69,-0.02,127.69,45222.55,-1
2026-05-06,2026-05-06 12:08:00,367.69,367.69,367.61,367.61,-0.02,127.69,45222.55,-1
2026-05-06,2026-05-06 12:09:00,367.61,367.61,367.52,367.52,-0.02,127.69,45222.55,-1
2026-05-06,2026-05-06 12:10:00,367.52,367.52,367.44,367.44,-0.02,127.69,45222.55,-1
2026-05-06,2026-05-06 12:11:00,367.44,367.44,367.35,367.35,-0.02,127.69,45222.55,-1
2026-05-06,2026-05-06 12:12:00,367.35,367.35,367.26,367.26,-0.02,127.69,45222.55,-1
2026-05-06,2026-05-06 12:13:00,367.26,367.26,367.18,367.18,-0.02,127.69,45222.55,-1
2026-05-06,2026-05-06 12:14:00,367.18,367.18,367.09,367.09,-0.02,127.69,45222.55,-1
2026-05-06,2026-05-06 12:15:00,367.09,367.09,367.01,367.01,-0.02,127.69,45222.55,-1
2026-05-06,2026-05-06 12:16:00,367.01,367.01,366.92,366.92,-0.02,127.69,45222.55,-1
2026-05-06,2026-05-06 12:17:00,366.92,366.92,366.84,366.84,-0.02,127.69,45222.55,-1
2026-05-06,2026-05-06 12:18:00,366.84,366.84,366.75,366.75,-0.02,127.69,45222.55,-1
2026-05-06,2026-05-06 12:19:00,366.75,366.75,366.67,366.67,-0.02,127.69,45222.55,-1
2026-05-06,2026-05-06 12:20:00,366.67,366.67,366.58,366.58,-0.02,127.69,45222.55,-1
2026-05-06,2026-05-06 12:21:00,366.58,366.58,366.5,366.5,-0.02,127.69,45222.55,-1
2026-05-06,2026-05-06 12:22:00,366.5,366.5,366.41,366.41,-0.02,127.69,45222.55,-1
2026-05-06,2026-05-06 12:23:00,366.41,366.41,366.32,366.32,-0.02,127.69,45222.55,-1
2026-05-06,2026-05-06 12:24:00,366.32,366.32,366.24,366.24,-0.02,127.69,45222.55,-1
2026-05-06,2026-05-06 12:25:00,366.24,366.24,366.15,366.15,-0.02,127.69,45222.55,-1
2026-05-06,2026-05-06 12:26:00,366.15,366.15,366.07,366.07,-0.02,127.69,45222.55,-1
2026-05-06,2026-05-06 12:27:00,366.07,366.07,365.98,365.98,-0.02,127.69,45222.55,-1
2026-05-06,2026-05-06 12:28:00,365.98,365.98,365.9,365.9,-0.02,127.69,45222.55,-1
2026-05-06,2026-05-06 12:29:00,365.9,365.9,365.81,365.81,-0.02,127.69,45222.55,-1
2026-05-06,2026-05-06 12:30:00,365.81,365.81,365.73,365.73,-0.02,127.69,45222.55,-1
2026-05-06,2026-05-06 12:31:00,365.73,365.73,365.64,365.64,-0.02,127.69,45222.55,-1
2026-05-06,2026-05-06 12:32:00,365.64,365.64,365.56,365.56,-0.02,127.69,45222.55,-1
2026-05-06,2026-05-06 12:33:00,365.56,365.56,365.47,365.47,-0.02,127.69,45222.55,-1
2026-05-06,2026-05-06 12:34:00,365.47,365.47,365.39,365.39,-0.02,127.69,45222.55,-1
2026-05-06,2026-05-06 12:35:00,365.39,365.39,365.3,365.3,-0.02,127.69,45222.55,-1
2026-05-06,2026-05-06 12:36:00,365.3,365.3,365.21,365.21,-0.02,127.69,45222.55,-1
2026-05-06,2026-05-06 12:37:00,365.21,365.21,365.13,365.13,-0.02,127.69,45222.55,-1
2026-05-06,2026-05-06 12:38:00,365.13,365.13,365.04,365.04,-0.02,127.69,45222.55,-1
2026-05-06,2026-05-06 12:39:00,365.04,365.04,364.96,364.96,-0.02,127.69,45222.55,-1
2026-05-06,2026-05-06 12:40:00,364.96,364.96,364.87,364.87,-0.02,127.69,45222.55,-1
2026-05-06,2026-05-06 12:41:00,364.87,364.87,364.79,364.79,-0.02,127.69,45222.55,-1
2026-05-06,2026-05-06 12:42:00,364.79,364.79,364.7,364.7,-0.02,127.69,45222.55,-1
2026-05-06,2026-05-06 12:43:00,364.7,364.7,364.62,364.62,-0.02,127.69,45222.55,-1
2026-05-06,2026-05-06 12:44:00,364.62,364.62,364.53,364.53,-0.02,127.69,45222.55,-1
2026-05-06,2026-05-06 12:45:00,364.53,364.53,364.45,364.45,-0.02,127.69,45222.55,-1
2026-05-06,2026-05-06 12:46:00,364.45,364.45,364.36,364.36,-0.02,127.69,45222.55,-1
2026-05-06,2026-05-06 12:47:00,364.36,364.36,364.27,364.27,-0.02,127.69,45222.55,-1
2026-05-06,2026-05-06 12:48:00,364.27,364.27,364.19,364.19,-0.02,127.69,45222.55,-1
2026-05-06,2026-05-06 12:49:00,364.19,364.19,364.1,364.1,-0.02,127.69,45222.55,-1
2026-05-06,2026-05-06 12:50:00,364.1,364.1,364.02,364.02,-0.02,127.69,45222.55,-1
2026-05-06,2026-05-06 12:51:00,364.02,364.02,363.93,363.93,-0.02,127.69,45222.55,-1
2026-05-06,2026-05-06 12:52:00,363.93,363.93,363.85,363.85,-0.02,127.69,45222.55,-1
2026-05-06,2026-05-06 12:53:00,363.85,363.85,363.76,363.76,-0.02,127.69,45222.55,-1
2026-05-06,2026-05-06 12:54:00,363.76,363.76,363.68,363.68,-0.02,127.69,45222.55,-1
2026-05-06,2026-05-06 12:55:00,363.68,363.68,363.59,363.59,-0.02,127.69,45222.55,-1
2026-05-06,2026-05-06 12:56:00,363.59,363.59,363.51,363.51,-0.02,127.69,45222.55,-1
2026-05-06,2026-05-06 12:57:00,363.51,363.51,363.42,363.42,-0.02,127.69,45222.55,-1
2026-05-06,2026-05-06 12:58:00,363.42,363.42,363.34,363.34,-0.02,127.69,45222.55,-1
2026-05-06,2026-05-06 12:59:00,363.34,363.34,363.25,363.25,-0.02,127.69,45222.55,-1
2026-05-06,2026-05-06 13:00:00,363.25,373.5,350.1,363.16,-0.02,127.69,45222.55,-1
2026-05-06,2026-05-06 13:01:00,363.16,363.16,363.08,363.08,-0.02,127.69,45222.55,-1
2026-05-06,2026-05-06 13:02:00,363.08,363.08,362.99,362.99,-0.02,127.69,45222.55,-1
2026-05-06,2026-05-06 13:03:00,362.99,362.99,362.91,362.91,-0.02,127.69,45222.55,-1
2026-05-06,2026-05-06 13:04:00,362.91,362.91,362.82,362.82,-0.02,127.69,45222.55,-1
2026-05-06,2026-05-06 13:05:00,362.82,362.82,362.74,362.74,-0.02,127.69,45222.55,-1
2026-05-06,2026-05-06 13:06:00,362.74,362.74,362.65,362.65,-0.02,127.69,45222.55,-1
2026-05-06,2026-05-06 13:07:00,362.65,362.65,362.57,362.57,-0.02,127.69,45222.55,-1
2026-05-06,2026-05-06 13:08:00,362.57,362.57,362.48,362.48,-0.02,127.69,45222.55,-1
2026-05-06,2026-05-06 13:09:00,362.48,362.48,362.4,362.4,-0.02,127.69,45222.55,-1
2026-05-06,2026-05-06 13:10:00,362.4,362.4,362.31,362.31,-0.02,127.69,45222.55,-1
2026-05-06,2026-05-06 13:11:00,362.31,362.31,362.23,362.23,-0.02,127.69,45222.55,-1
2026-05-06,2026-05-06 13:12:00,362.23,362.23,362.14,362.14,-0.02,127.69,45222.55,-1
2026-05-06,2026-05-06 13:13:00,362.14,362.14,362.05,362.05,-0.02,127.69,45222.55,-1
2026-05-06,2026-05-06 13:14:00,362.05,362.05,361.97,361.97,-0.02,127.69,45222.55,-1
2026-05-06,2026-05-06 13:15:00,361.97,361.97,361.88,361.88,-0.02,127.69,45222.55,-1
2026-05-06,2026-05-06 13:16:00,361.88,361.88,361.8,361.8,-0.02,127.69,45222.55,-1
2026-05-06,2026-05-06 13:17:00,361.8,361.8,361.71,361.71,-0.02,127.69,45222.55,-1
2026-05-06,2026-05-06 13:18:00,361.71,361.71,361.63,361.63,-0.02,127.69,45222.55,-1
2026-05-06,2026-05-06 13:19:00,361.63,361.63,361.54,361.54,-0.02,127.69,45222.55,-1
2026-05-06,2026-05-06 13:20:00,361.54,361.54,361.46,361.46,-0.02,127.69,45222.55,-1
2026-05-06,2026-05-06 13:21:00,361.46,361.46,361.37,361.37,-0.02,127.69,45222.55,-1
2026-05-06,2026-05-06 13:22:00,361.37,361.37,361.29,361.29,-0.02,127.69,45222.55,-1
2026-05-06,2026-05-06 13:23:00,361.29,361.29,361.2,361.2,-0.02,127.69,45222.55,-1
2026-05-06,2026-05-06 13:24:00,361.2,361.2,361.11,361.11,-0.02,127.69,45222.55,-1
2026-05-06,2026-05-06 13:25:00,361.11,361.11,361.03,361.03,-0.02,127.69,45222.55,-1
2026-05-06,2026-05-06 13:26:00,361.03,361.03,360.94,360.94,-0.02,127.69,45222.55,-1
2026-05-06,2026-05-06 13:27:00,360.94,360.94,360.86,360.86,-0.02,127.69,45222.55,-1
2026-05-06,2026-05-06 13:28:00,360.86,360.86,360.77,360.77,-0.02,127.69,45222.55,-1
2026-05-06,2026-05-06 13:29:00,360.77,360.77,360.69,360.69,-0.02,127.69,45222.55,-1
2026-05-06,2026-05-06 13:30:00,360.69,360.69,360.6,360.6,-0.02,127.69,45222.55,-1
2026-05-06,2026-05-06 13:31:00,360.6,360.6,360.52,360.52,-0.02,127.69,45222.55,-1
2026-05-06,2026-05-06 13:32:00,360.52,360.52,360.43,360.43,-0.02,127.69,45222.55,-1
2026-05-06,2026-05-06 13:33:00,360.43,360.43,360.35,360.35,-0.02,127.69,45222.55,-1
2026-05-06,2026-05-06 13:34:00,360.35,360.35,360.26,360.26,-0.02,127.69,45222.55,-1
2026-05-06,2026-05-06 13:35:00,360.26,360.26,360.18,360.18,-0.02,127.69,45222.55,-1
2026-05-06,2026-05-06 13:36:00,360.18,360.18,360.09,360.09,-0.02,127.69,45222.55,-1
2026-05-06,2026-05-06 13:37:00,360.09,360.09,360.0,360.0,-0.02,127.69,45222.55,-1
2026-05-06,2026-05-06 13:38:00,360.0,360.0,359.92,359.92,-0.02,127.69,45222.55,-1
2026-05-06,2026-05-06 13:39:00,359.92,359.92,359.83,359.83,-0.03,127.69,45222.55,-1
2026-05-06,2026-05-06 13:40:00,359.83,359.83,359.75,359.75,-0.02,127.69,45222.55,-1
2026-05-06,2026-05-06 13:41:00,359.75,359.75,359.66,359.66,-0.03,127.69,45222.55,-1
2026-05-06,2026-05-06 13:42:00,359.66,359.66,359.58,359.58,-0.02,127.69,45222.55,-1
2026-05-06,2026-05-06 13:43:00,359.58,359.58,359.49,359.49,-0.03,127.69,45222.55,-1
2026-05-06,2026-05-06 13:44:00,359.49,359.49,359.41,359.41,-0.02,127.69,45222.55,-1
2026-05-06,2026-05-06 13:45:00,359.41,359.41,359.32,359.32,-0.03,127.69,45222.55,-1
2026-05-06,2026-05-06 13:46:00,359.32,359.32,359.24,359.24,-0.02,127.69,45222.55,-1
2026-05-06,2026-05-06 13:47:00,359.24,359.24,359.15,359.15,-0.03,127.69,45222.55,-1
2026-05-06,2026-05-06 13:48:00,359.15,359.15,359.06,359.06,-0.03,127.69,45222.55,-1
2026-05-06,2026-05-06 13:49:00,359.06,359.06,358.98,358.98,-0.02,127.69,45222.55,-1
2026-05-06,2026-05-06 13:50:00,358.98,358.98,358.89,358.89,-0.03,127.69,45222.55,-1
2026-05-06,2026-05-06 13:51:00,358.89,358.89,358.81,358.81,-0.02,127.69,45222.55,-1
2026-05-06,2026-05-06 13:52:00,358.81,358.81,358.72,358.72,-0.03,127.69,45222.55,-1
2026-05-06,2026-05-06 13:53:00,358.72,358.72,358.64,358.64,-0.02,127.69,45222.55,-1
2026-05-06,2026-05-06 13:54:00,358.64,358.64,358.55,358.55,-0.03,127.69,45222.55,-1
2026-05-06,2026-05-06 13:55:00,358.55,358.55,358.47,358.47,-0.02,127.69,45222.55,-1
2026-05-06,2026-05-06 13:56:00,358.47,358.47,358.38,358.38,-0.03,127.69,45222.55,-1
2026-05-06,2026-05-06 13:57:00,358.38,358.38,358.3,358.3,-0.02,127.69,45222.55,-1
2026-05-06,2026-05-06 13:58:00,358.3,358.3,358.21,358.21,-0.03,127.69,45222.55,-1
2026-05-06,2026-05-06 13:59:00,358.21,358.21,358.12,358.12,-0.03,127.69,45222.55,-1
2026-05-06,2026-05-06 14:00:00,358.12,358.12,358.04,358.04,-0.02,127.69,45222.55,-1
2026-05-06,2026-05-06 14:01:00,358.04,358.04,357.95,357.95,-0.03,127.69,45222.55,-1
2026-05-06,2026-05-06 14:02:00,357.95,357.95,357.87,357.87,-0.02,127.69,45222.55,-1
2026-05-06,2026-05-06 14:03:00,357.87,357.87,357.78,357.78,-0.03,127.69,45222.55,-1
2026-05-06,2026-05-06 14:04:00,357.78,357.78,357.7,357.7,-0.02,127.69,45222.55,-1
2026-05-06,2026-05-06 14:05:00,357.7,357.7,357.61,357.61,-0.03,127.69,45222.55,-1
2026-05-06,2026-05-06 14:06:00,357.61,357.61,357.53,357.53,-0.02,127.69,45222.55,-1
2026-05-06,2026-05-06 14:07:00,357.53,357.53,357.44,357.44,-0.03,127.69,45222.55,-1
2026-05-06,2026-05-06 14:08:00,357.44,357.44,357.36,357.36,-0.02,127.69,45222.55,-1
2026-05-06,2026-05-06 14:09:00,357.36,357.36,357.27,357.27,-0.03,127.69,45222.55,-1
2026-05-06,2026-05-06 14:10:00,357.27,357.27,357.19,357.19,-0.02,127.69,45222.55,-1
2026-05-06,2026-05-06 14:11:00,357.19,357.19,357.1,357.1,-0.03,127.69,45222.55,-1
2026-05-06,2026-05-06 14:12:00,357.1,357.1,357.01,357.01,-0.03,127.69,45222.55,-1
2026-05-06,2026-05-06 14:13:00,357.01,357.01,356.93,356.93,-0.02,127.69,45222.55,-1
2026-05-06,2026-05-06 14:14:00,356.93,356.93,356.84,356.84,-0.03,127.69,45222.55,-1
2026-05-06,2026-05-06 14:15:00,356.84,356.84,356.76,356.76,-0.02,127.69,45222.55,-1
2026-05-06,2026-05-06 14:16:00,356.76,356.76,356.67,356.67,-0.03,127.69,45222.55,-1
2026-05-06,2026-05-06 14:17:00,356.67,356.67,356.59,356.59,-0.02,127.69,45222.55,-1
2026-05-06,2026-05-06 14:18:00,356.59,356.59,356.5,356.5,-0.03,127.69,45222.55,-1
2026-05-06,2026-05-06 14:19:00,356.5,356.5,356.42,356.42,-0.02,127.69,45222.55,-1
2026-05-06,2026-05-06 14:20:00,356.42,356.42,356.33,356.33,-0.03,127.69,45222.55,-1
2026-05-06,2026-05-06 14:21:00,356.33,356.33,356.25,356.25,-0.02,127.69,45222.55,-1
2026-05-06,2026-05-06 14:22:00,356.25,356.25,356.16,356.16,-0.03,127.69,45222.55,-1
2026-05-06,2026-05-06 14:23:00,356.16,356.16,356.07,356.07,-0.03,127.69,45222.55,-1
2026-05-06,2026-05-06 14:24:00,356.07,356.07,355.99,355.99,-0.02,127.69,45222.55,-1
2026-05-06,2026-05-06 14:25:00,355.99,355.99,355.9,355.9,-0.03,127.69,45222.55,-1
2026-05-06,2026-05-06 14:26:00,355.9,355.9,355.82,355.82,-0.02,127.69,45222.55,-1
2026-05-06,2026-05-06 14:27:00,355.82,355.82,355.73,355.73,-0.03,127.69,45222.55,-1
2026-05-06,2026-05-06 14:28:00,355.73,355.73,355.65,355.65,-0.02,127.69,45222.55,-1
2026-05-06,2026-05-06 14:29:00,355.65,355.65,355.56,355.56,-0.03,127.69,45222.55,-1
2026-05-06,2026-05-06 14:30:00,355.56,355.56,355.48,355.48,-0.02,127.69,45222.55,-1
2026-05-06,2026-05-06 14:31:00,355.48,355.48,355.39,355.39,-0.03,127.69,45222.55,-1
2026-05-06,2026-05-06 14:32:00,355.39,355.39,355.31,355.31,-0.02,127.69,45222.55,-1
2026-05-06,2026-05-06 14:33:00,355.31,355.31,355.22,355.22,-0.03,127.69,45222.55,-1
2026-05-06,2026-05-06 14:34:00,355.22,355.22,355.14,355.14,-0.02,127.69,45222.55,-1
2026-05-06,2026-05-06 14:35:00,355.14,355.14,355.05,355.05,-0.03,127.69,45222.55,-1
2026-05-06,2026-05-06 14:36:00,355.05,355.05,354.96,354.96,-0.03,127.69,45222.55,-1
2026-05-06,2026-05-06 14:37:00,354.96,354.96,354.88,354.88,-0.02,127.69,45222.55,-1
2026-05-06,2026-05-06 14:38:00,354.88,354.88,354.79,354.79,-0.03,127.69,45222.55,-1
2026-05-06,2026-05-06 14:39:00,354.79,354.79,354.71,354.71,-0.02,127.69,45222.55,-1
2026-05-06,2026-05-06 14:40:00,354.71,354.71,354.62,354.62,-0.03,127.69,45222.55,-1
2026-05-06,2026-05-06 14:41:00,354.62,354.62,354.54,354.54,-0.02,127.69,45222.55,-1
2026-05-06,2026-05-06 14:42:00,354.54,354.54,354.45,354.45,-0.03,127.69,45222.55,-1
2026-05-06,2026-05-06 14:43:00,354.45,354.45,354.37,354.37,-0.02,127.69,45222.55,-1
2026-05-06,2026-05-06 14:44:00,354.37,354.37,354.28,354.28,-0.03,127.69,45222.55,-1
2026-05-06,2026-05-06 14:45:00,354.28,354.28,354.2,354.2,-0.02,127.69,45222.55,-1
2026-05-06,2026-05-06 14:46:00,354.2,354.2,354.11,354.11,-0.03,127.69,45222.55,-1
2026-05-06,2026-05-06 14:47:00,354.11,354.11,354.02,354.02,-0.03,127.69,45222.55,-1
2026-05-06,2026-05-06 14:48:00,354.02,354.02,353.94,353.94,-0.02,127.69,45222.55,-1
2026-05-06,2026-05-06 14:49:00,353.94,353.94,353.85,353.85,-0.03,127.69,45222.55,-1
2026-05-06,2026-05-06 14:50:00,353.85,353.85,353.77,353.77,-0.02,127.69,45222.55,-1
2026-05-06,2026-05-06 14:51:00,353.77,353.77,353.68,353.68,-0.03,127.69,45222.55,-1
2026-05-06,2026-05-06 14:52:00,353.68,353.68,353.6,353.6,-0.02,127.69,45222.55,-1
2026-05-06,2026-05-06 14:53:00,353.6,353.6,353.51,353.51,-0.03,127.69,45222.55,-1
2026-05-06,2026-05-06 14:54:00,353.51,353.51,353.43,353.43,-0.02,127.69,45222.55,-1
2026-05-06,2026-05-06 14:55:00,353.43,353.43,353.34,353.34,-0.03,127.69,45222.55,-1
2026-05-06,2026-05-06 14:56:00,353.34,353.34,353.26,353.26,-0.02,127.69,45222.55,-1
2026-05-06,2026-05-06 14:57:00,353.26,353.26,353.17,353.17,-0.03,127.69,45222.55,-1
2026-05-06,2026-05-06 14:58:00,353.17,353.17,353.09,353.09,-0.02,127.69,45222.55,-1
2026-05-06,2026-05-06 14:59:00,353.09,353.09,353.0,353.0,-0.03,127.69,45222.55,-1
2026-05-06,2026-05-06 15:00:00,353.0,373.5,350.1,353.0,0.0,127.69,45222.55,0
2026-05-07,2026-05-07 11:00:00,359.6,359.6,356.72,359.58,-0.01,97.3,34254.41,-1
2026-05-07,2026-05-07 11:01:00,359.58,359.58,359.56,359.56,-0.01,97.3,34254.41,-1
2026-05-07,2026-05-07 11:02:00,359.56,359.56,359.54,359.54,-0.01,97.3,34254.41,-1
2026-05-07,2026-05-07 11:03:00,359.54,359.54,359.52,359.52,-0.01,97.3,34254.41,-1
2026-05-07,2026-05-07 11:04:00,359.52,359.52,359.5,359.5,-0.01,97.3,34254.41,-1
2026-05-07,2026-05-07 11:05:00,359.5,359.5,359.48,359.48,-0.01,97.3,34254.41,-1
2026-05-07,2026-05-07 11:06:00,359.48,359.48,359.46,359.46,-0.01,97.3,34254.41,-1
2026-05-07,2026-05-07 11:07:00,359.46,359.46,359.44,359.44,-0.01,97.3,34254.41,-1
2026-05-07,2026-05-07 11:08:00,359.44,359.44,359.42,359.42,-0.01,97.3,34254.41,-1
2026-05-07,2026-05-07 11:09:00,359.42,359.42,359.4,359.4,-0.01,97.3,34254.41,-1
2026-05-07,2026-05-07 11:10:00,359.4,359.4,359.38,359.38,-0.01,97.3,34254.41,-1
2026-05-07,2026-05-07 11:11:00,359.38,359.38,359.36,359.36,-0.01,97.3,34254.41,-1
2026-05-07,2026-05-07 11:12:00,359.36,359.36,359.33,359.33,-0.01,97.3,34254.41,-1
2026-05-07,2026-05-07 11:13:00,359.33,359.33,359.31,359.31,-0.01,97.3,34254.41,-1
2026-05-07,2026-05-07 11:14:00,359.31,359.31,359.29,359.29,-0.01,97.3,34254.41,-1
2026-05-07,2026-05-07 11:15:00,359.29,359.29,359.27,359.27,-0.01,97.3,34254.41,-1
2026-05-07,2026-05-07 11:16:00,359.27,359.27,359.25,359.25,-0.01,97.3,34254.41,-1
2026-05-07,2026-05-07 11:17:00,359.25,359.25,359.23,359.23,-0.01,97.3,34254.41,-1
2026-05-07,2026-05-07 11:18:00,359.23,359.23,359.21,359.21,-0.01,97.3,34254.41,-1
2026-05-07,2026-05-07 11:19:00,359.21,359.21,359.19,359.19,-0.01,97.3,34254.41,-1
2026-05-07,2026-05-07 11:20:00,359.19,359.19,359.17,359.17,-0.01,97.3,34254.41,-1
2026-05-07,2026-05-07 11:21:00,359.17,359.17,359.15,359.15,-0.01,97.3,34254.41,-1
2026-05-07,2026-05-07 11:22:00,359.15,359.15,359.13,359.13,-0.01,97.3,34254.41,-1
2026-05-07,2026-05-07 11:23:00,359.13,359.13,359.11,359.11,-0.01,97.3,34254.41,-1
2026-05-07,2026-05-07 11:24:00,359.11,359.11,359.09,359.09,-0.01,97.3,34254.41,-1
2026-05-07,2026-05-07 11:25:00,359.09,359.09,359.07,359.07,-0.01,97.3,34254.41,-1
2026-05-07,2026-05-07 11:26:00,359.07,359.07,359.05,359.05,-0.01,97.3,34254.41,-1
2026-05-07,2026-05-07 11:27:00,359.05,359.05,359.03,359.03,-0.01,97.3,34254.41,-1
2026-05-07,2026-05-07 11:28:00,359.03,359.03,359.01,359.01,-0.01,97.3,34254.41,-1
2026-05-07,2026-05-07 11:29:00,359.01,359.01,358.99,358.99,-0.01,97.3,34254.41,-1
2026-05-07,2026-05-07 11:30:00,358.99,358.99,358.97,358.97,-0.01,97.3,34254.41,-1
2026-05-07,2026-05-07 11:31:00,358.97,358.97,358.95,358.95,-0.01,97.3,34254.41,-1
2026-05-07,2026-05-07 11:32:00,358.95,358.95,358.93,358.93,-0.01,97.3,34254.41,-1
2026-05-07,2026-05-07 11:33:00,358.93,358.93,358.91,358.91,-0.01,97.3,34254.41,-1
2026-05-07,2026-05-07 11:34:00,358.91,358.91,358.89,358.89,-0.01,97.3,34254.41,-1
2026-05-07,2026-05-07 11:35:00,358.89,358.89,358.87,358.87,-0.01,97.3,34254.41,-1
2026-05-07,2026-05-07 11:36:00,358.87,358.87,358.84,358.84,-0.01,97.3,34254.41,-1
2026-05-07,2026-05-07 11:37:00,358.84,358.84,358.82,358.82,-0.01,97.3,34254.41,-1
2026-05-07,2026-05-07 11:38:00,358.82,358.82,358.8,358.8,-0.01,97.3,34254.41,-1
2026-05-07,2026-05-07 11:39:00,358.8,358.8,358.78,358.78,-0.01,97.3,34254.41,-1
2026-05-07,2026-05-07 11:40:00,358.78,358.78,358.76,358.76,-0.01,97.3,34254.41,-1
2026-05-07,2026-05-07 11:41:00,358.76,358.76,358.74,358.74,-0.01,97.3,34254.41,-1
2026-05-07,2026-05-07 11:42:00,358.74,358.74,358.72,358.72,-0.01,97.3,34254.41,-1
2026-05-07,2026-05-07 11:43:00,358.72,358.72,358.7,358.7,-0.01,97.3,34254.41,-1
2026-05-07,2026-05-07 11:44:00,358.7,358.7,358.68,358.68,-0.01,97.3,34254.41,-1
2026-05-07,2026-05-07 11:45:00,358.68,358.68,358.66,358.66,-0.01,97.3,34254.41,-1
2026-05-07,2026-05-07 11:46:00,358.66,358.66,358.64,358.64,-0.01,97.3,34254.41,-1
2026-05-07,2026-05-07 11:47:00,358.64,358.64,358.62,358.62,-0.01,97.3,34254.41,-1
2026-05-07,2026-05-07 11:48:00,358.62,358.62,358.6,358.6,-0.01,97.3,34254.41,-1
2026-05-07,2026-05-07 11:49:00,358.6,358.6,358.58,358.58,-0.01,97.3,34254.41,-1
2026-05-07,2026-05-07 11:50:00,358.58,358.58,358.56,358.56,-0.01,97.3,34254.41,-1
2026-05-07,2026-05-07 11:51:00,358.56,358.56,358.54,358.54,-0.01,97.3,34254.41,-1
2026-05-07,2026-05-07 11:52:00,358.54,358.54,358.52,358.52,-0.01,97.3,34254.41,-1
2026-05-07,2026-05-07 11:53:00,358.52,358.52,358.5,358.5,-0.01,97.3,34254.41,-1
2026-05-07,2026-05-07 11:54:00,358.5,358.5,358.48,358.48,-0.01,97.3,34254.41,-1
2026-05-07,2026-05-07 11:55:00,358.48,358.48,358.46,358.46,-0.01,97.3,34254.41,-1
2026-05-07,2026-05-07 11:56:00,358.46,358.46,358.44,358.44,-0.01,97.3,34254.41,-1
2026-05-07,2026-05-07 11:57:00,358.44,358.44,358.42,358.42,-0.01,97.3,34254.41,-1
2026-05-07,2026-05-07 11:58:00,358.42,358.42,358.4,358.4,-0.01,97.3,34254.41,-1
2026-05-07,2026-05-07 11:59:00,358.4,358.4,358.38,358.38,-0.01,97.3,34254.41,-1
2026-05-07,2026-05-07 12:00:00,358.38,358.38,358.35,358.35,-0.01,97.3,34254.41,-1
2026-05-07,2026-05-07 12:01:00,358.35,358.35,358.33,358.33,-0.01,97.3,34254.41,-1
2026-05-07,2026-05-07 12:02:00,358.33,358.33,358.31,358.31,-0.01,97.3,34254.41,-1
2026-05-07,2026-05-07 12:03:00,358.31,358.31,358.29,358.29,-0.01,97.3,34254.41,-1
2026-05-07,2026-05-07 12:04:00,358.29,358.29,358.27,358.27,-0.01,97.3,34254.41,-1
2026-05-07,2026-05-07 12:05:00,358.27,358.27,358.25,358.25,-0.01,97.3,34254.41,-1
2026-05-07,2026-05-07 12:06:00,358.25,358.25,358.23,358.23,-0.01,97.3,34254.41,-1
2026-05-07,2026-05-07 12:07:00,358.23,358.23,358.21,358.21,-0.01,97.3,34254.41,-1
2026-05-07,2026-05-07 12:08:00,358.21,358.21,358.19,358.19,-0.01,97.3,34254.41,-1
2026-05-07,2026-05-07 12:09:00,358.19,358.19,358.17,358.17,-0.01,97.3,34254.41,-1
2026-05-07,2026-05-07 12:10:00,358.17,358.17,358.15,358.15,-0.01,97.3,34254.41,-1
2026-05-07,2026-05-07 12:11:00,358.15,358.15,358.13,358.13,-0.01,97.3,34254.41,-1
2026-05-07,2026-05-07 12:12:00,358.13,358.13,358.11,358.11,-0.01,97.3,34254.41,-1
2026-05-07,2026-05-07 12:13:00,358.11,358.11,358.09,358.09,-0.01,97.3,34254.41,-1
2026-05-07,2026-05-07 12:14:00,358.09,358.09,358.07,358.07,-0.01,97.3,34254.41,-1
2026-05-07,2026-05-07 12:15:00,358.07,358.07,358.05,358.05,-0.01,97.3,34254.41,-1
2026-05-07,2026-05-07 12:16:00,358.05,358.05,358.03,358.03,-0.01,97.3,34254.41,-1
2026-05-07,2026-05-07 12:17:00,358.03,358.03,358.01,358.01,-0.01,97.3,34254.41,-1
2026-05-07,2026-05-07 12:18:00,358.01,358.01,357.99,357.99,-0.01,97.3,34254.41,-1
2026-05-07,2026-05-07 12:19:00,357.99,357.99,357.97,357.97,-0.01,97.3,34254.41,-1
2026-05-07,2026-05-07 12:20:00,357.97,357.97,357.95,357.95,-0.01,97.3,34254.41,-1
2026-05-07,2026-05-07 12:21:00,357.95,357.95,357.93,357.93,-0.01,97.3,34254.41,-1
2026-05-07,2026-05-07 12:22:00,357.93,357.93,357.91,357.91,-0.01,97.3,34254.41,-1
2026-05-07,2026-05-07 12:23:00,357.91,357.91,357.88,357.88,-0.01,97.3,34254.41,-1
2026-05-07,2026-05-07 12:24:00,357.88,357.88,357.86,357.86,-0.01,97.3,34254.41,-1
2026-05-07,2026-05-07 12:25:00,357.86,357.86,357.84,357.84,-0.01,97.3,34254.41,-1
2026-05-07,2026-05-07 12:26:00,357.84,357.84,357.82,357.82,-0.01,97.3,34254.41,-1
2026-05-07,2026-05-07 12:27:00,357.82,357.82,357.8,357.8,-0.01,97.3,34254.41,-1
2026-05-07,2026-05-07 12:28:00,357.8,357.8,357.78,357.78,-0.01,97.3,34254.41,-1
2026-05-07,2026-05-07 12:29:00,357.78,357.78,357.76,357.76,-0.01,97.3,34254.41,-1
2026-05-07,2026-05-07 12:30:00,357.76,357.76,357.74,357.74,-0.01,97.3,34254.41,-1
2026-05-07,2026-05-07 12:31:00,357.74,357.74,357.72,357.72,-0.01,97.3,34254.41,-1
2026-05-07,2026-05-07 12:32:00,357.72,357.72,357.7,357.7,-0.01,97.3,34254.41,-1
2026-05-07,2026-05-07 12:33:00,357.7,357.7,357.68,357.68,-0.01,97.3,34254.41,-1
2026-05-07,2026-05-07 12:34:00,357.68,357.68,357.66,357.66,-0.01,97.3,34254.41,-1
2026-05-07,2026-05-07 12:35:00,357.66,357.66,357.64,357.64,-0.01,97.3,34254.41,-1
2026-05-07,2026-05-07 12:36:00,357.64,357.64,357.62,357.62,-0.01,97.3,34254.41,-1
2026-05-07,2026-05-07 12:37:00,357.62,357.62,357.6,357.6,-0.01,97.3,34254.41,-1
2026-05-07,2026-05-07 12:38:00,357.6,357.6,357.58,357.58,-0.01,97.3,34254.41,-1
2026-05-07,2026-05-07 12:39:00,357.58,357.58,357.56,357.56,-0.01,97.3,34254.41,-1
2026-05-07,2026-05-07 12:40:00,357.56,357.56,357.54,357.54,-0.01,97.3,34254.41,-1
2026-05-07,2026-05-07 12:41:00,357.54,357.54,357.52,357.52,-0.01,97.3,34254.41,-1
2026-05-07,2026-05-07 12:42:00,357.52,357.52,357.5,357.5,-0.01,97.3,34254.41,-1
2026-05-07,2026-05-07 12:43:00,357.5,357.5,357.48,357.48,-0.01,97.3,34254.41,-1
2026-05-07,2026-05-07 12:44:00,357.48,357.48,357.46,357.46,-0.01,97.3,34254.41,-1
2026-05-07,2026-05-07 12:45:00,357.46,357.46,357.44,357.44,-0.01,97.3,34254.41,-1
2026-05-07,2026-05-07 12:46:00,357.44,357.44,357.42,357.42,-0.01,97.3,34254.41,-1
2026-05-07,2026-05-07 12:47:00,357.42,357.42,357.39,357.39,-0.01,97.3,34254.41,-1
2026-05-07,2026-05-07 12:48:00,357.39,357.39,357.37,357.37,-0.01,97.3,34254.41,-1
2026-05-07,2026-05-07 12:49:00,357.37,357.37,357.35,357.35,-0.01,97.3,34254.41,-1
2026-05-07,2026-05-07 12:50:00,357.35,357.35,357.33,357.33,-0.01,97.3,34254.41,-1
2026-05-07,2026-05-07 12:51:00,357.33,357.33,357.31,357.31,-0.01,97.3,34254.41,-1
2026-05-07,2026-05-07 12:52:00,357.31,357.31,357.29,357.29,-0.01,97.3,34254.41,-1
2026-05-07,2026-05-07 12:53:00,357.29,357.29,357.27,357.27,-0.01,97.3,34254.41,-1
2026-05-07,2026-05-07 12:54:00,357.27,357.27,357.25,357.25,-0.01,97.3,34254.41,-1
2026-05-07,2026-05-07 12:55:00,357.25,357.25,357.23,357.23,-0.01,97.3,34254.41,-1
2026-05-07,2026-05-07 12:56:00,357.23,357.23,357.21,357.21,-0.01,97.3,34254.41,-1
2026-05-07,2026-05-07 12:57:00,357.21,357.21,357.19,357.19,-0.01,97.3,34254.41,-1
2026-05-07,2026-05-07 12:58:00,357.19,357.19,357.17,357.17,-0.01,97.3,34254.41,-1
2026-05-07,2026-05-07 12:59:00,357.17,357.17,357.15,357.15,-0.01,97.3,34254.41,-1
2026-05-07,2026-05-07 13:00:00,357.15,359.6,350.0,357.13,-0.01,97.3,34254.41,-1
2026-05-07,2026-05-07 13:01:00,357.13,357.13,357.11,357.11,-0.01,97.3,34254.41,-1
2026-05-07,2026-05-07 13:02:00,357.11,357.11,357.09,357.09,-0.01,97.3,34254.41,-1
2026-05-07,2026-05-07 13:03:00,357.09,357.09,357.07,357.07,-0.01,97.3,34254.41,-1
2026-05-07,2026-05-07 13:04:00,357.07,357.07,357.05,357.05,-0.01,97.3,34254.41,-1
2026-05-07,2026-05-07 13:05:00,357.05,357.05,357.03,357.03,-0.01,97.3,34254.41,-1
2026-05-07,2026-05-07 13:06:00,357.03,357.03,357.01,357.01,-0.01,97.3,34254.41,-1
2026-05-07,2026-05-07 13:07:00,357.01,357.01,356.99,356.99,-0.01,97.3,34254.41,-1
2026-05-07,2026-05-07 13:08:00,356.99,356.99,356.97,356.97,-0.01,97.3,34254.41,-1
2026-05-07,2026-05-07 13:09:00,356.97,356.97,356.95,356.95,-0.01,97.3,34254.41,-1
2026-05-07,2026-05-07 13:10:00,356.95,356.95,356.93,356.93,-0.01,97.3,34254.41,-1
2026-05-07,2026-05-07 13:11:00,356.93,356.93,356.91,356.91,-0.01,97.3,34254.41,-1
2026-05-07,2026-05-07 13:12:00,356.91,356.91,356.88,356.88,-0.01,97.3,34254.41,-1
2026-05-07,2026-05-07 13:13:00,356.88,356.88,356.86,356.86,-0.01,97.3,34254.41,-1
2026-05-07,2026-05-07 13:14:00,356.86,356.86,356.84,356.84,-0.01,97.3,34254.41,-1
2026-05-07,2026-05-07 13:15:00,356.84,356.84,356.82,356.82,-0.01,97.3,34254.41,-1
2026-05-07,2026-05-07 13:16:00,356.82,356.82,356.8,356.8,-0.01,97.3,34254.41,-1
2026-05-07,2026-05-07 13:17:00,356.8,356.8,356.78,356.78,-0.01,97.3,34254.41,-1
2026-05-07,2026-05-07 13:18:00,356.78,356.78,356.76,356.76,-0.01,97.3,34254.41,-1
2026-05-07,2026-05-07 13:19:00,356.76,356.76,356.74,356.74,-0.01,97.3,34254.41,-1
2026-05-07,2026-05-07 13:20:00,356.74,356.74,356.72,356.72,-0.01,97.3,34254.41,-1
2026-05-07,2026-05-07 13:21:00,356.72,356.72,356.7,356.7,-0.01,97.3,34254.41,-1
2026-05-07,2026-05-07 13:22:00,356.7,356.7,356.68,356.68,-0.01,97.3,34254.41,-1
2026-05-07,2026-05-07 13:23:00,356.68,356.68,356.66,356.66,-0.01,97.3,34254.41,-1
2026-05-07,2026-05-07 13:24:00,356.66,356.66,356.64,356.64,-0.01,97.3,34254.41,-1
2026-05-07,2026-05-07 13:25:00,356.64,356.64,356.62,356.62,-0.01,97.3,34254.41,-1
2026-05-07,2026-05-07 13:26:00,356.62,356.62,356.6,356.6,-0.01,97.3,34254.41,-1
2026-05-07,2026-05-07 13:27:00,356.6,356.6,356.58,356.58,-0.01,97.3,34254.41,-1
2026-05-07,2026-05-07 13:28:00,356.58,356.58,356.56,356.56,-0.01,97.3,34254.41,-1
2026-05-07,2026-05-07 13:29:00,356.56,356.56,356.54,356.54,-0.01,97.3,34254.41,-1
2026-05-07,2026-05-07 13:30:00,356.54,356.54,356.52,356.52,-0.01,97.3,34254.41,-1
2026-05-07,2026-05-07 13:31:00,356.52,356.52,356.5,356.5,-0.01,97.3,34254.41,-1
2026-05-07,2026-05-07 13:32:00,356.5,356.5,356.48,356.48,-0.01,97.3,34254.41,-1
2026-05-07,2026-05-07 13:33:00,356.48,356.48,356.46,356.46,-0.01,97.3,34254.41,-1
2026-05-07,2026-05-07 13:34:00,356.46,356.46,356.44,356.44,-0.01,97.3,34254.41,-1
2026-05-07,2026-05-07 13:35:00,356.44,356.44,356.42,356.42,-0.01,97.3,34254.41,-1
2026-05-07,2026-05-07 13:36:00,356.42,356.42,356.39,356.39,-0.01,97.3,34254.41,-1
2026-05-07,2026-05-07 13:37:00,356.39,356.39,356.37,356.37,-0.01,97.3,34254.41,-1
2026-05-07,2026-05-07 13:38:00,356.37,356.37,356.35,356.35,-0.01,97.3,34254.41,-1
2026-05-07,2026-05-07 13:39:00,356.35,356.35,356.33,356.33,-0.01,97.3,34254.41,-1
2026-05-07,2026-05-07 13:40:00,356.33,356.33,356.31,356.31,-0.01,97.3,34254.41,-1
2026-05-07,2026-05-07 13:41:00,356.31,356.31,356.29,356.29,-0.01,97.3,34254.41,-1
2026-05-07,2026-05-07 13:42:00,356.29,356.29,356.27,356.27,-0.01,97.3,34254.41,-1
2026-05-07,2026-05-07 13:43:00,356.27,356.27,356.25,356.25,-0.01,97.3,34254.41,-1
2026-05-07,2026-05-07 13:44:00,356.25,356.25,356.23,356.23,-0.01,97.3,34254.41,-1
2026-05-07,2026-05-07 13:45:00,356.23,356.23,356.21,356.21,-0.01,97.3,34254.41,-1
2026-05-07,2026-05-07 13:46:00,356.21,356.21,356.19,356.19,-0.01,97.3,34254.41,-1
2026-05-07,2026-05-07 13:47:00,356.19,356.19,356.17,356.17,-0.01,97.3,34254.41,-1
2026-05-07,2026-05-07 13:48:00,356.17,356.17,356.15,356.15,-0.01,97.3,34254.41,-1
2026-05-07,2026-05-07 13:49:00,356.15,356.15,356.13,356.13,-0.01,97.3,34254.41,-1
2026-05-07,2026-05-07 13:50:00,356.13,356.13,356.11,356.11,-0.01,97.3,34254.41,-1
2026-05-07,2026-05-07 13:51:00,356.11,356.11,356.09,356.09,-0.01,97.3,34254.41,-1
2026-05-07,2026-05-07 13:52:00,356.09,356.09,356.07,356.07,-0.01,97.3,34254.41,-1
2026-05-07,2026-05-07 13:53:00,356.07,356.07,356.05,356.05,-0.01,97.3,34254.41,-1
2026-05-07,2026-05-07 13:54:00,356.05,356.05,356.03,356.03,-0.01,97.3,34254.41,-1
2026-05-07,2026-05-07 13:55:00,356.03,356.03,356.01,356.01,-0.01,97.3,34254.41,-1
2026-05-07,2026-05-07 13:56:00,356.01,356.01,355.99,355.99,-0.01,97.3,34254.41,-1
2026-05-07,2026-05-07 13:57:00,355.99,355.99,355.97,355.97,-0.01,97.3,34254.41,-1
2026-05-07,2026-05-07 13:58:00,355.97,355.97,355.95,355.95,-0.01,97.3,34254.41,-1
2026-05-07,2026-05-07 13:59:00,355.95,355.95,355.93,355.93,-0.01,97.3,34254.41,-1
2026-05-07,2026-05-07 14:00:00,355.93,355.93,355.9,355.9,-0.01,97.3,34254.41,-1
2026-05-07,2026-05-07 14:01:00,355.9,355.9,355.88,355.88,-0.01,97.3,34254.41,-1
2026-05-07,2026-05-07 14:02:00,355.88,355.88,355.86,355.86,-0.01,97.3,34254.41,-1
2026-05-07,2026-05-07 14:03:00,355.86,355.86,355.84,355.84,-0.01,97.3,34254.41,-1
2026-05-07,2026-05-07 14:04:00,355.84,355.84,355.82,355.82,-0.01,97.3,34254.41,-1
2026-05-07,2026-05-07 14:05:00,355.82,355.82,355.8,355.8,-0.01,97.3,34254.41,-1
2026-05-07,2026-05-07 14:06:00,355.8,355.8,355.78,355.78,-0.01,97.3,34254.41,-1
2026-05-07,2026-05-07 14:07:00,355.78,355.78,355.76,355.76,-0.01,97.3,34254.41,-1
2026-05-07,2026-05-07 14:08:00,355.76,355.76,355.74,355.74,-0.01,97.3,34254.41,-1
2026-05-07,2026-05-07 14:09:00,355.74,355.74,355.72,355.72,-0.01,97.3,34254.41,-1
2026-05-07,2026-05-07 14:10:00,355.72,355.72,355.7,355.7,-0.01,97.3,34254.41,-1
2026-05-07,2026-05-07 14:11:00,355.7,355.7,355.68,355.68,-0.01,97.3,34254.41,-1
2026-05-07,2026-05-07 14:12:00,355.68,355.68,355.66,355.66,-0.01,97.3,34254.41,-1
2026-05-07,2026-05-07 14:13:00,355.66,355.66,355.64,355.64,-0.01,97.3,34254.41,-1
2026-05-07,2026-05-07 14:14:00,355.64,355.64,355.62,355.62,-0.01,97.3,34254.41,-1
2026-05-07,2026-05-07 14:15:00,355.62,355.62,355.6,355.6,-0.01,97.3,34254.41,-1
2026-05-07,2026-05-07 14:16:00,355.6,355.6,355.58,355.58,-0.01,97.3,34254.41,-1
2026-05-07,2026-05-07 14:17:00,355.58,355.58,355.56,355.56,-0.01,97.3,34254.41,-1
2026-05-07,2026-05-07 14:18:00,355.56,355.56,355.54,355.54,-0.01,97.3,34254.41,-1
2026-05-07,2026-05-07 14:19:00,355.54,355.54,355.52,355.52,-0.01,97.3,34254.41,-1
2026-05-07,2026-05-07 14:20:00,355.52,355.52,355.5,355.5,-0.01,97.3,34254.41,-1
2026-05-07,2026-05-07 14:21:00,355.5,355.5,355.48,355.48,-0.01,97.3,34254.41,-1
2026-05-07,2026-05-07 14:22:00,355.48,355.48,355.46,355.46,-0.01,97.3,34254.41,-1
2026-05-07,2026-05-07 14:23:00,355.46,355.46,355.44,355.44,-0.01,97.3,34254.41,-1
2026-05-07,2026-05-07 14:24:00,355.44,355.44,355.41,355.41,-0.01,97.3,34254.41,-1
2026-05-07,2026-05-07 14:25:00,355.41,355.41,355.39,355.39,-0.01,97.3,34254.41,-1
2026-05-07,2026-05-07 14:26:00,355.39,355.39,355.37,355.37,-0.01,97.3,34254.41,-1
2026-05-07,2026-05-07 14:27:00,355.37,355.37,355.35,355.35,-0.01,97.3,34254.41,-1
2026-05-07,2026-05-07 14:28:00,355.35,355.35,355.33,355.33,-0.01,97.3,34254.41,-1
2026-05-07,2026-05-07 14:29:00,355.33,355.33,355.31,355.31,-0.01,97.3,34254.41,-1
2026-05-07,2026-05-07 14:30:00,355.31,355.31,355.29,355.29,-0.01,97.3,34254.41,-1
2026-05-07,2026-05-07 14:31:00,355.29,355.29,355.27,355.27,-0.01,97.3,34254.41,-1
2026-05-07,2026-05-07 14:32:00,355.27,355.27,355.25,355.25,-0.01,97.3,34254.41,-1
2026-05-07,2026-05-07 14:33:00,355.25,355.25,355.23,355.23,-0.01,97.3,34254.41,-1
2026-05-07,2026-05-07 14:34:00,355.23,355.23,355.21,355.21,-0.01,97.3,34254.41,-1
2026-05-07,2026-05-07 14:35:00,355.21,355.21,355.19,355.19,-0.01,97.3,34254.41,-1
2026-05-07,2026-05-07 14:36:00,355.19,355.19,355.17,355.17,-0.01,97.3,34254.41,-1
2026-05-07,2026-05-07 14:37:00,355.17,355.17,355.15,355.15,-0.01,97.3,34254.41,-1
2026-05-07,2026-05-07 14:38:00,355.15,355.15,355.13,355.13,-0.01,97.3,34254.41,-1
2026-05-07,2026-05-07 14:39:00,355.13,355.13,355.11,355.11,-0.01,97.3,34254.41,-1
2026-05-07,2026-05-07 14:40:00,355.11,355.11,355.09,355.09,-0.01,97.3,34254.41,-1
2026-05-07,2026-05-07 14:41:00,355.09,355.09,355.07,355.07,-0.01,97.3,34254.41,-1
2026-05-07,2026-05-07 14:42:00,355.07,355.07,355.05,355.05,-0.01,97.3,34254.41,-1
2026-05-07,2026-05-07 14:43:00,355.05,355.05,355.03,355.03,-0.01,97.3,34254.41,-1
2026-05-07,2026-05-07 14:44:00,355.03,355.03,355.01,355.01,-0.01,97.3,34254.41,-1
2026-05-07,2026-05-07 14:45:00,355.01,355.01,354.99,354.99,-0.01,97.3,34254.41,-1
2026-05-07,2026-05-07 14:46:00,354.99,354.99,354.97,354.97,-0.01,97.3,34254.41,-1
2026-05-07,2026-05-07 14:47:00,354.97,354.97,354.94,354.94,-0.01,97.3,34254.41,-1
2026-05-07,2026-05-07 14:48:00,354.94,354.94,354.92,354.92,-0.01,97.3,34254.41,-1
2026-05-07,2026-05-07 14:49:00,354.92,354.92,354.9,354.9,-0.01,97.3,34254.41,-1
2026-05-07,2026-05-07 14:50:00,354.9,354.9,354.88,354.88,-0.01,97.3,34254.41,-1
2026-05-07,2026-05-07 14:51:00,354.88,354.88,354.86,354.86,-0.01,97.3,34254.41,-1
2026-05-07,2026-05-07 14:52:00,354.86,354.86,354.84,354.84,-0.01,97.3,34254.41,-1
2026-05-07,2026-05-07 14:53:00,354.84,354.84,354.82,354.82,-0.01,97.3,34254.41,-1
2026-05-07,2026-05-07 14:54:00,354.82,354.82,354.8,354.8,-0.01,97.3,34254.41,-1
2026-05-07,2026-05-07 14:55:00,354.8,354.8,354.78,354.78,-0.01,97.3,34254.41,-1
2026-05-07,2026-05-07 14:56:00,354.78,354.78,354.76,354.76,-0.01,97.3,34254.41,-1
2026-05-07,2026-05-07 14:57:00,354.76,354.76,354.74,354.74,-0.01,97.3,34254.41,-1
2026-05-07,2026-05-07 14:58:00,354.74,354.74,354.72,354.72,-0.01,97.3,34254.41,-1
2026-05-07,2026-05-07 14:59:00,354.72,354.72,354.7,354.7,-0.01,97.3,34254.41,-1
2026-05-07,2026-05-07 15:00:00,354.7,359.6,350.0,354.7,0.0,97.3,34254.41,0
2026-05-08,2026-05-08 11:00:00,356.7,357.69,355.29,356.71,0.0,117.72,42014.91,1
2026-05-08,2026-05-08 11:01:00,356.71,356.73,356.71,356.73,0.01,117.72,42014.91,1
2026-05-08,2026-05-08 11:02:00,356.73,356.74,356.73,356.74,0.0,117.72,42014.91,1
2026-05-08,2026-05-08 11:03:00,356.74,356.75,356.74,356.75,0.0,117.72,42014.91,1
2026-05-08,2026-05-08 11:04:00,356.75,356.77,356.75,356.77,0.01,117.72,42014.91,1
2026-05-08,2026-05-08 11:05:00,356.77,356.78,356.77,356.78,0.0,117.72,42014.91,1
2026-05-08,2026-05-08 11:06:00,356.78,356.8,356.78,356.8,0.01,117.72,42014.91,1
2026-05-08,2026-05-08 11:07:00,356.8,356.81,356.8,356.81,0.0,117.72,42014.91,1
2026-05-08,2026-05-08 11:08:00,356.81,356.82,356.81,356.82,0.0,117.72,42014.91,1
2026-05-08,2026-05-08 11:09:00,356.82,356.84,356.82,356.84,0.01,117.72,42014.91,1
2026-05-08,2026-05-08 11:10:00,356.84,356.85,356.84,356.85,0.0,117.72,42014.91,1
2026-05-08,2026-05-08 11:11:00,356.85,356.87,356.85,356.87,0.01,117.72,42014.91,1
2026-05-08,2026-05-08 11:12:00,356.87,356.88,356.87,356.88,0.0,117.72,42014.91,1
2026-05-08,2026-05-08 11:13:00,356.88,356.89,356.88,356.89,0.0,117.72,42014.91,1
2026-05-08,2026-05-08 11:14:00,356.89,356.91,356.89,356.91,0.01,117.72,42014.91,1
2026-05-08,2026-05-08 11:15:00,356.91,356.92,356.91,356.92,0.0,117.72,42014.91,1
2026-05-08,2026-05-08 11:16:00,356.92,356.93,356.92,356.93,0.0,117.72,42014.91,1
2026-05-08,2026-05-08 11:17:00,356.93,356.95,356.93,356.95,0.01,117.72,42014.91,1
2026-05-08,2026-05-08 11:18:00,356.95,356.96,356.95,356.96,0.0,117.72,42014.91,1
2026-05-08,2026-05-08 11:19:00,356.96,356.97,356.96,356.97,0.0,117.72,42014.91,1
2026-05-08,2026-05-08 11:20:00,356.97,356.99,356.97,356.99,0.01,117.72,42014.91,1
2026-05-08,2026-05-08 11:21:00,356.99,357.0,356.99,357.0,0.0,117.72,42014.91,1
2026-05-08,2026-05-08 11:22:00,357.0,357.02,357.0,357.02,0.01,117.72,42014.91,1
2026-05-08,2026-05-08 11:23:00,357.02,357.03,357.02,357.03,0.0,117.72,42014.91,1
2026-05-08,2026-05-08 11:24:00,357.03,357.04,357.03,357.04,0.0,117.72,42014.91,1
2026-05-08,2026-05-08 11:25:00,357.04,357.06,357.04,357.06,0.01,117.72,42014.91,1
2026-05-08,2026-05-08 11:26:00,357.06,357.07,357.06,357.07,0.0,117.72,42014.91,1
2026-05-08,2026-05-08 11:27:00,357.07,357.08,357.07,357.08,0.0,117.72,42014.91,1
2026-05-08,2026-05-08 11:28:00,357.08,357.1,357.08,357.1,0.01,117.72,42014.91,1
2026-05-08,2026-05-08 11:29:00,357.1,357.11,357.1,357.11,0.0,117.72,42014.91,1
2026-05-08,2026-05-08 11:30:00,357.11,357.13,357.11,357.13,0.01,117.72,42014.91,1
2026-05-08,2026-05-08 11:31:00,357.13,357.14,357.13,357.14,0.0,117.72,42014.91,1
2026-05-08,2026-05-08 11:32:00,357.14,357.15,357.14,357.15,0.0,117.72,42014.91,1
2026-05-08,2026-05-08 11:33:00,357.15,357.17,357.15,357.17,0.01,117.72,42014.91,1
2026-05-08,2026-05-08 11:34:00,357.17,357.18,357.17,357.18,0.0,117.72,42014.91,1
2026-05-08,2026-05-08 11:35:00,357.18,357.19,357.18,357.19,0.0,117.72,42014.91,1
2026-05-08,2026-05-08 11:36:00,357.19,357.21,357.19,357.21,0.01,117.72,42014.91,1
2026-05-08,2026-05-08 11:37:00,357.21,357.22,357.21,357.22,0.0,117.72,42014.91,1
2026-05-08,2026-05-08 11:38:00,357.22,357.24,357.22,357.24,0.01,117.72,42014.91,1
2026-05-08,2026-05-08 11:39:00,357.24,357.25,357.24,357.25,0.0,117.72,42014.91,1
2026-05-08,2026-05-08 11:40:00,357.25,357.26,357.25,357.26,0.0,117.72,42014.91,1
2026-05-08,2026-05-08 11:41:00,357.26,357.28,357.26,357.28,0.01,117.72,42014.91,1
2026-05-08,2026-05-08 11:42:00,357.28,357.29,357.28,357.29,0.0,117.72,42014.91,1
2026-05-08,2026-05-08 11:43:00,357.29,357.31,357.29,357.31,0.01,117.72,42014.91,1
2026-05-08,2026-05-08 11:44:00,357.31,357.32,357.31,357.32,0.0,117.72,42014.91,1
2026-05-08,2026-05-08 11:45:00,357.32,357.33,357.32,357.33,0.0,117.72,42014.91,1
2026-05-08,2026-05-08 11:46:00,357.33,357.35,357.33,357.35,0.01,117.72,42014.91,1
2026-05-08,2026-05-08 11:47:00,357.35,357.36,357.35,357.36,0.0,117.72,42014.91,1
2026-05-08,2026-05-08 11:48:00,357.36,357.37,357.36,357.37,0.0,117.72,42014.91,1
2026-05-08,2026-05-08 11:49:00,357.37,357.39,357.37,357.39,0.01,117.72,42014.91,1
2026-05-08,2026-05-08 11:50:00,357.39,357.4,357.39,357.4,0.0,117.72,42014.91,1
2026-05-08,2026-05-08 11:51:00,357.4,357.41,357.4,357.41,0.0,117.72,42014.91,1
2026-05-08,2026-05-08 11:52:00,357.41,357.43,357.41,357.43,0.01,117.72,42014.91,1
2026-05-08,2026-05-08 11:53:00,357.43,357.44,357.43,357.44,0.0,117.72,42014.91,1
2026-05-08,2026-05-08 11:54:00,357.44,357.46,357.44,357.46,0.01,117.72,42014.91,1
2026-05-08,2026-05-08 11:55:00,357.46,357.47,357.46,357.47,0.0,117.72,42014.91,1
2026-05-08,2026-05-08 11:56:00,357.47,357.48,357.47,357.48,0.0,117.72,42014.91,1
2026-05-08,2026-05-08 11:57:00,357.48,357.5,357.48,357.5,0.01,117.72,42014.91,1
2026-05-08,2026-05-08 11:58:00,357.5,357.51,357.5,357.51,0.0,117.72,42014.91,1
2026-05-08,2026-05-08 11:59:00,357.51,357.52,357.51,357.52,0.0,117.72,42014.91,1
2026-05-08,2026-05-08 12:00:00,357.52,357.54,357.52,357.54,0.01,117.72,42014.91,1
2026-05-08,2026-05-08 12:01:00,357.54,357.55,357.54,357.55,0.0,117.72,42014.91,1
2026-05-08,2026-05-08 12:02:00,357.55,357.57,357.55,357.57,0.01,117.72,42014.91,1
2026-05-08,2026-05-08 12:03:00,357.57,357.58,357.57,357.58,0.0,117.72,42014.91,1
2026-05-08,2026-05-08 12:04:00,357.58,357.59,357.58,357.59,0.0,117.72,42014.91,1
2026-05-08,2026-05-08 12:05:00,357.59,357.61,357.59,357.61,0.01,117.72,42014.91,1
2026-05-08,2026-05-08 12:06:00,357.61,357.62,357.61,357.62,0.0,117.72,42014.91,1
2026-05-08,2026-05-08 12:07:00,357.62,357.63,357.62,357.63,0.0,117.72,42014.91,1
2026-05-08,2026-05-08 12:08:00,357.63,357.65,357.63,357.65,0.01,117.72,42014.91,1
2026-05-08,2026-05-08 12:09:00,357.65,357.66,357.65,357.66,0.0,117.72,42014.91,1
2026-05-08,2026-05-08 12:10:00,357.66,357.68,357.66,357.68,0.01,117.72,42014.91,1
2026-05-08,2026-05-08 12:11:00,357.68,357.69,357.68,357.69,0.0,117.72,42014.91,1
2026-05-08,2026-05-08 12:12:00,357.69,357.7,357.69,357.7,0.0,117.72,42014.91,1
2026-05-08,2026-05-08 12:13:00,357.7,357.72,357.7,357.72,0.01,117.72,42014.91,1
2026-05-08,2026-05-08 12:14:00,357.72,357.73,357.72,357.73,0.0,117.72,42014.91,1
2026-05-08,2026-05-08 12:15:00,357.73,357.75,357.73,357.75,0.01,117.72,42014.91,1
2026-05-08,2026-05-08 12:16:00,357.75,357.76,357.75,357.76,0.0,117.72,42014.91,1
2026-05-08,2026-05-08 12:17:00,357.76,357.77,357.76,357.77,0.0,117.72,42014.91,1
2026-05-08,2026-05-08 12:18:00,357.77,357.79,357.77,357.79,0.01,117.72,42014.91,1
2026-05-08,2026-05-08 12:19:00,357.79,357.8,357.79,357.8,0.0,117.72,42014.91,1
2026-05-08,2026-05-08 12:20:00,357.8,357.81,357.8,357.81,0.0,117.72,42014.91,1
2026-05-08,2026-05-08 12:21:00,357.81,357.83,357.81,357.83,0.01,117.72,42014.91,1
2026-05-08,2026-05-08 12:22:00,357.83,357.84,357.83,357.84,0.0,117.72,42014.91,1
2026-05-08,2026-05-08 12:23:00,357.84,357.86,357.84,357.86,0.01,117.72,42014.91,1
2026-05-08,2026-05-08 12:24:00,357.86,357.87,357.86,357.87,0.0,117.72,42014.91,1
2026-05-08,2026-05-08 12:25:00,357.87,357.88,357.87,357.88,0.0,117.72,42014.91,1
2026-05-08,2026-05-08 12:26:00,357.88,357.9,357.88,357.9,0.01,117.72,42014.91,1
2026-05-08,2026-05-08 12:27:00,357.9,357.91,357.9,357.91,0.0,117.72,42014.91,1
2026-05-08,2026-05-08 12:28:00,357.91,357.92,357.91,357.92,0.0,117.72,42014.91,1
2026-05-08,2026-05-08 12:29:00,357.92,357.94,357.92,357.94,0.01,117.72,42014.91,1
2026-05-08,2026-05-08 12:30:00,357.94,357.95,357.94,357.95,0.0,117.72,42014.91,1
2026-05-08,2026-05-08 12:31:00,357.95,357.96,357.95,357.96,0.0,117.72,42014.91,1
2026-05-08,2026-05-08 12:32:00,357.96,357.98,357.96,357.98,0.01,117.72,42014.91,1
2026-05-08,2026-05-08 12:33:00,357.98,357.99,357.98,357.99,0.0,117.72,42014.91,1
2026-05-08,2026-05-08 12:34:00,357.99,358.01,357.99,358.01,0.01,117.72,42014.91,1
2026-05-08,2026-05-08 12:35:00,358.01,358.02,358.01,358.02,0.0,117.72,42014.91,1
2026-05-08,2026-05-08 12:36:00,358.02,358.03,358.02,358.03,0.0,117.72,42014.91,1
2026-05-08,2026-05-08 12:37:00,358.03,358.05,358.03,358.05,0.01,117.72,42014.91,1
2026-05-08,2026-05-08 12:38:00,358.05,358.06,358.05,358.06,0.0,117.72,42014.91,1
2026-05-08,2026-05-08 12:39:00,358.06,358.07,358.06,358.07,0.0,117.72,42014.91,1
2026-05-08,2026-05-08 12:40:00,358.07,358.09,358.07,358.09,0.01,117.72,42014.91,1
2026-05-08,2026-05-08 12:41:00,358.09,358.1,358.09,358.1,0.0,117.72,42014.91,1
2026-05-08,2026-05-08 12:42:00,358.1,358.12,358.1,358.12,0.01,117.72,42014.91,1
2026-05-08,2026-05-08 12:43:00,358.12,358.13,358.12,358.13,0.0,117.72,42014.91,1
2026-05-08,2026-05-08 12:44:00,358.13,358.14,358.13,358.14,0.0,117.72,42014.91,1
2026-05-08,2026-05-08 12:45:00,358.14,358.16,358.14,358.16,0.01,117.72,42014.91,1
2026-05-08,2026-05-08 12:46:00,358.16,358.17,358.16,358.17,0.0,117.72,42014.91,1
2026-05-08,2026-05-08 12:47:00,358.17,358.19,358.17,358.19,0.01,117.72,42014.91,1
2026-05-08,2026-05-08 12:48:00,358.19,358.2,358.19,358.2,0.0,117.72,42014.91,1
2026-05-08,2026-05-08 12:49:00,358.2,358.21,358.2,358.21,0.0,117.72,42014.91,1
2026-05-08,2026-05-08 12:50:00,358.21,358.23,358.21,358.23,0.01,117.72,42014.91,1
2026-05-08,2026-05-08 12:51:00,358.23,358.24,358.23,358.24,0.0,117.72,42014.91,1
2026-05-08,2026-05-08 12:52:00,358.24,358.25,358.24,358.25,0.0,117.72,42014.91,1
2026-05-08,2026-05-08 12:53:00,358.25,358.27,358.25,358.27,0.01,117.72,42014.91,1
2026-05-08,2026-05-08 12:54:00,358.27,358.28,358.27,358.28,0.0,117.72,42014.91,1
2026-05-08,2026-05-08 12:55:00,358.28,358.3,358.28,358.3,0.01,117.72,42014.91,1
2026-05-08,2026-05-08 12:56:00,358.3,358.31,358.3,358.31,0.0,117.72,42014.91,1
2026-05-08,2026-05-08 12:57:00,358.31,358.32,358.31,358.32,0.0,117.72,42014.91,1
2026-05-08,2026-05-08 12:58:00,358.32,358.34,358.32,358.34,0.01,117.72,42014.91,1
2026-05-08,2026-05-08 12:59:00,358.34,358.35,358.34,358.35,0.0,117.72,42014.91,1
2026-05-08,2026-05-08 13:00:00,358.35,360.0,352.0,358.36,0.0,117.72,42014.91,1
2026-05-08,2026-05-08 13:01:00,358.36,358.38,358.36,358.38,0.01,117.72,42014.91,1
2026-05-08,2026-05-08 13:02:00,358.38,358.39,358.38,358.39,0.0,117.72,42014.91,1
2026-05-08,2026-05-08 13:03:00,358.39,358.4,358.39,358.4,0.0,117.72,42014.91,1
2026-05-08,2026-05-08 13:04:00,358.4,358.42,358.4,358.42,0.01,117.72,42014.91,1
2026-05-08,2026-05-08 13:05:00,358.42,358.43,358.42,358.43,0.0,117.72,42014.91,1
2026-05-08,2026-05-08 13:06:00,358.43,358.45,358.43,358.45,0.01,117.72,42014.91,1
2026-05-08,2026-05-08 13:07:00,358.45,358.46,358.45,358.46,0.0,117.72,42014.91,1
2026-05-08,2026-05-08 13:08:00,358.46,358.47,358.46,358.47,0.0,117.72,42014.91,1
2026-05-08,2026-05-08 13:09:00,358.47,358.49,358.47,358.49,0.01,117.72,42014.91,1
2026-05-08,2026-05-08 13:10:00,358.49,358.5,358.49,358.5,0.0,117.72,42014.91,1
2026-05-08,2026-05-08 13:11:00,358.5,358.51,358.5,358.51,0.0,117.72,42014.91,1
2026-05-08,2026-05-08 13:12:00,358.51,358.53,358.51,358.53,0.01,117.72,42014.91,1
2026-05-08,2026-05-08 13:13:00,358.53,358.54,358.53,358.54,0.0,117.72,42014.91,1
2026-05-08,2026-05-08 13:14:00,358.54,358.56,358.54,358.56,0.01,117.72,42014.91,1
2026-05-08,2026-05-08 13:15:00,358.56,358.57,358.56,358.57,0.0,117.72,42014.91,1
2026-05-08,2026-05-08 13:16:00,358.57,358.58,358.57,358.58,0.0,117.72,42014.91,1
2026-05-08,2026-05-08 13:17:00,358.58,358.6,358.58,358.6,0.01,117.72,42014.91,1
2026-05-08,2026-05-08 13:18:00,358.6,358.61,358.6,358.61,0.0,117.72,42014.91,1
2026-05-08,2026-05-08 13:19:00,358.61,358.62,358.61,358.62,0.0,117.72,42014.91,1
2026-05-08,2026-05-08 13:20:00,358.62,358.64,358.62,358.64,0.01,117.72,42014.91,1
2026-05-08,2026-05-08 13:21:00,358.64,358.65,358.64,358.65,0.0,117.72,42014.91,1
2026-05-08,2026-05-08 13:22:00,358.65,358.67,358.65,358.67,0.01,117.72,42014.91,1
2026-05-08,2026-05-08 13:23:00,358.67,358.68,358.67,358.68,0.0,117.72,42014.91,1
2026-05-08,2026-05-08 13:24:00,358.68,358.69,358.68,358.69,0.0,117.72,42014.91,1
2026-05-08,2026-05-08 13:25:00,358.69,358.71,358.69,358.71,0.01,117.72,42014.91,1
2026-05-08,2026-05-08 13:26:00,358.71,358.72,358.71,358.72,0.0,117.72,42014.91,1
2026-05-08,2026-05-08 13:27:00,358.72,358.74,358.72,358.74,0.01,117.72,42014.91,1
2026-05-08,2026-05-08 13:28:00,358.74,358.75,358.74,358.75,0.0,117.72,42014.91,1
2026-05-08,2026-05-08 13:29:00,358.75,358.76,358.75,358.76,0.0,117.72,42014.91,1
2026-05-08,2026-05-08 13:30:00,358.76,358.78,358.76,358.78,0.01,117.72,42014.91,1
2026-05-08,2026-05-08 13:31:00,358.78,358.79,358.78,358.79,0.0,117.72,42014.91,1
2026-05-08,2026-05-08 13:32:00,358.79,358.8,358.79,358.8,0.0,117.72,42014.91,1
2026-05-08,2026-05-08 13:33:00,358.8,358.82,358.8,358.82,0.01,117.72,42014.91,1
2026-05-08,2026-05-08 13:34:00,358.82,358.83,358.82,358.83,0.0,117.72,42014.91,1
2026-05-08,2026-05-08 13:35:00,358.83,358.84,358.83,358.84,0.0,117.72,42014.91,1
2026-05-08,2026-05-08 13:36:00,358.84,358.86,358.84,358.86,0.01,117.72,42014.91,1
2026-05-08,2026-05-08 13:37:00,358.86,358.87,358.86,358.87,0.0,117.72,42014.91,1
2026-05-08,2026-05-08 13:38:00,358.87,358.89,358.87,358.89,0.01,117.72,42014.91,1
2026-05-08,2026-05-08 13:39:00,358.89,358.9,358.89,358.9,0.0,117.72,42014.91,1
2026-05-08,2026-05-08 13:40:00,358.9,358.91,358.9,358.91,0.0,117.72,42014.91,1
2026-05-08,2026-05-08 13:41:00,358.91,358.93,358.91,358.93,0.01,117.72,42014.91,1
2026-05-08,2026-05-08 13:42:00,358.93,358.94,358.93,358.94,0.0,117.72,42014.91,1
2026-05-08,2026-05-08 13:43:00,358.94,358.95,358.94,358.95,0.0,117.72,42014.91,1
2026-05-08,2026-05-08 13:44:00,358.95,358.97,358.95,358.97,0.01,117.72,42014.91,1
2026-05-08,2026-05-08 13:45:00,358.97,358.98,358.97,358.98,0.0,117.72,42014.91,1
2026-05-08,2026-05-08 13:46:00,358.98,359.0,358.98,359.0,0.01,117.72,42014.91,1
2026-05-08,2026-05-08 13:47:00,359.0,359.01,359.0,359.01,0.0,117.72,42014.91,1
2026-05-08,2026-05-08 13:48:00,359.01,359.02,359.01,359.02,0.0,117.72,42014.91,1
2026-05-08,2026-05-08 13:49:00,359.02,359.04,359.02,359.04,0.01,117.72,42014.91,1
2026-05-08,2026-05-08 13:50:00,359.04,359.05,359.04,359.05,0.0,117.72,42014.91,1
2026-05-08,2026-05-08 13:51:00,359.05,359.06,359.05,359.06,0.0,117.72,42014.91,1
2026-05-08,2026-05-08 13:52:00,359.06,359.08,359.06,359.08,0.01,117.72,42014.91,1
2026-05-08,2026-05-08 13:53:00,359.08,359.09,359.08,359.09,0.0,117.72,42014.91,1
2026-05-08,2026-05-08 13:54:00,359.09,359.11,359.09,359.11,0.01,117.72,42014.91,1
2026-05-08,2026-05-08 13:55:00,359.11,359.12,359.11,359.12,0.0,117.72,42014.91,1
2026-05-08,2026-05-08 13:56:00,359.12,359.13,359.12,359.13,0.0,117.72,42014.91,1
2026-05-08,2026-05-08 13:57:00,359.13,359.15,359.13,359.15,0.01,117.72,42014.91,1
2026-05-08,2026-05-08 13:58:00,359.15,359.16,359.15,359.16,0.0,117.72,42014.91,1
2026-05-08,2026-05-08 13:59:00,359.16,359.18,359.16,359.18,0.01,117.72,42014.91,1
2026-05-08,2026-05-08 14:00:00,359.18,359.19,359.18,359.19,0.0,117.72,42014.91,1
2026-05-08,2026-05-08 14:01:00,359.19,359.2,359.19,359.2,0.0,117.72,42014.91,1
2026-05-08,2026-05-08 14:02:00,359.2,359.22,359.2,359.22,0.01,117.72,42014.91,1
2026-05-08,2026-05-08 14:03:00,359.22,359.23,359.22,359.23,0.0,117.72,42014.91,1
2026-05-08,2026-05-08 14:04:00,359.23,359.24,359.23,359.24,0.0,117.72,42014.91,1
2026-05-08,2026-05-08 14:05:00,359.24,359.26,359.24,359.26,0.01,117.72,42014.91,1
2026-05-08,2026-05-08 14:06:00,359.26,359.27,359.26,359.27,0.0,117.72,42014.91,1
2026-05-08,2026-05-08 14:07:00,359.27,359.29,359.27,359.29,0.01,117.72,42014.91,1
2026-05-08,2026-05-08 14:08:00,359.29,359.3,359.29,359.3,0.0,117.72,42014.91,1
2026-05-08,2026-05-08 14:09:00,359.3,359.31,359.3,359.31,0.0,117.72,42014.91,1
2026-05-08,2026-05-08 14:10:00,359.31,359.33,359.31,359.33,0.01,117.72,42014.91,1
2026-05-08,2026-05-08 14:11:00,359.33,359.34,359.33,359.34,0.0,117.72,42014.91,1
2026-05-08,2026-05-08 14:12:00,359.34,359.35,359.34,359.35,0.0,117.72,42014.91,1
2026-05-08,2026-05-08 14:13:00,359.35,359.37,359.35,359.37,0.01,117.72,42014.91,1
2026-05-08,2026-05-08 14:14:00,359.37,359.38,359.37,359.38,0.0,117.72,42014.91,1
2026-05-08,2026-05-08 14:15:00,359.38,359.39,359.38,359.39,0.0,117.72,42014.91,1
2026-05-08,2026-05-08 14:16:00,359.39,359.41,359.39,359.41,0.01,117.72,42014.91,1
2026-05-08,2026-05-08 14:17:00,359.41,359.42,359.41,359.42,0.0,117.72,42014.91,1
2026-05-08,2026-05-08 14:18:00,359.42,359.44,359.42,359.44,0.01,117.72,42014.91,1
2026-05-08,2026-05-08 14:19:00,359.44,359.45,359.44,359.45,0.0,117.72,42014.91,1
2026-05-08,2026-05-08 14:20:00,359.45,359.46,359.45,359.46,0.0,117.72,42014.91,1
2026-05-08,2026-05-08 14:21:00,359.46,359.48,359.46,359.48,0.01,117.72,42014.91,1
2026-05-08,2026-05-08 14:22:00,359.48,359.49,359.48,359.49,0.0,117.72,42014.91,1
2026-05-08,2026-05-08 14:23:00,359.49,359.5,359.49,359.5,0.0,117.72,42014.91,1
2026-05-08,2026-05-08 14:24:00,359.5,359.52,359.5,359.52,0.01,117.72,42014.91,1
2026-05-08,2026-05-08 14:25:00,359.52,359.53,359.52,359.53,0.0,117.72,42014.91,1
2026-05-08,2026-05-08 14:26:00,359.53,359.55,359.53,359.55,0.01,117.72,42014.91,1
2026-05-08,2026-05-08 14:27:00,359.55,359.56,359.55,359.56,0.0,117.72,42014.91,1
2026-05-08,2026-05-08 14:28:00,359.56,359.57,359.56,359.57,0.0,117.72,42014.91,1
2026-05-08,2026-05-08 14:29:00,359.57,359.59,359.57,359.59,0.01,117.72,42014.91,1
2026-05-08,2026-05-08 14:30:00,359.59,359.6,359.59,359.6,0.0,117.72,42014.91,1
2026-05-08,2026-05-08 14:31:00,359.6,359.62,359.6,359.62,0.01,117.72,42014.91,1
2026-05-08,2026-05-08 14:32:00,359.62,359.63,359.62,359.63,0.0,117.72,42014.91,1
2026-05-08,2026-05-08 14:33:00,359.63,359.64,359.63,359.64,0.0,117.72,42014.91,1
2026-05-08,2026-05-08 14:34:00,359.64,359.66,359.64,359.66,0.01,117.72,42014.91,1
2026-05-08,2026-05-08 14:35:00,359.66,359.67,359.66,359.67,0.0,117.72,42014.91,1
2026-05-08,2026-05-08 14:36:00,359.67,359.68,359.67,359.68,0.0,117.72,42014.91,1
2026-05-08,2026-05-08 14:37:00,359.68,359.7,359.68,359.7,0.01,117.72,42014.91,1
2026-05-08,2026-05-08 14:38:00,359.7,359.71,359.7,359.71,0.0,117.72,42014.91,1
2026-05-08,2026-05-08 14:39:00,359.71,359.73,359.71,359.73,0.01,117.72,42014.91,1
2026-05-08,2026-05-08 14:40:00,359.73,359.74,359.73,359.74,0.0,117.72,42014.91,1
2026-05-08,2026-05-08 14:41:00,359.74,359.75,359.74,359.75,0.0,117.72,42014.91,1
2026-05-08,2026-05-08 14:42:00,359.75,359.77,359.75,359.77,0.01,117.72,42014.91,1
2026-05-08,2026-05-08 14:43:00,359.77,359.78,359.77,359.78,0.0,117.72,42014.91,1
2026-05-08,2026-05-08 14:44:00,359.78,359.79,359.78,359.79,0.0,117.72,42014.91,1
2026-05-08,2026-05-08 14:45:00,359.79,359.81,359.79,359.81,0.01,117.72,42014.91,1
2026-05-08,2026-05-08 14:46:00,359.81,359.82,359.81,359.82,0.0,117.72,42014.91,1
2026-05-08,2026-05-08 14:47:00,359.82,359.83,359.82,359.83,0.0,117.72,42014.91,1
2026-05-08,2026-05-08 14:48:00,359.83,359.85,359.83,359.85,0.01,117.72,42014.91,1
2026-05-08,2026-05-08 14:49:00,359.85,359.86,359.85,359.86,0.0,117.72,42014.91,1
2026-05-08,2026-05-08 14:50:00,359.86,359.88,359.86,359.88,0.01,117.72,42014.91,1
2026-05-08,2026-05-08 14:51:00,359.88,359.89,359.88,359.89,0.0,117.72,42014.91,1
2026-05-08,2026-05-08 14:52:00,359.89,359.9,359.89,359.9,0.0,117.72,42014.91,1
2026-05-08,2026-05-08 14:53:00,359.9,359.92,359.9,359.92,0.01,117.72,42014.91,1
2026-05-08,2026-05-08 14:54:00,359.92,359.93,359.92,359.93,0.0,117.72,42014.91,1
2026-05-08,2026-05-08 14:55:00,359.93,359.94,359.93,359.94,0.0,117.72,42014.91,1
2026-05-08,2026-05-08 14:56:00,359.94,359.96,359.94,359.96,0.01,117.72,42014.91,1
2026-05-08,2026-05-08 14:57:00,359.96,359.97,359.96,359.97,0.0,117.72,42014.91,1
2026-05-08,2026-05-08 14:58:00,359.97,359.99,359.97,359.99,0.01,117.72,42014.91,1
2026-05-08,2026-05-08 14:59:00,359.99,360.0,359.99,360.0,0.0,117.72,42014.91,1
2026-05-08,2026-05-08 15:00:00,360.0,360.0,352.0,360.0,0.0,117.72,42014.91,0
2026-05-11,2026-05-11 11:00:00,378.0,379.8,373.5,378.01,0.0,284.07,106414.46,1
2026-05-11,2026-05-11 11:01:00,378.01,378.02,378.01,378.02,0.0,284.07,106414.46,1
2026-05-11,2026-05-11 11:02:00,378.02,378.02,378.02,378.02,0.0,284.07,106414.46,0
2026-05-11,2026-05-11 11:03:00,378.02,378.03,378.02,378.03,0.0,284.07,106414.46,1
2026-05-11,2026-05-11 11:04:00,378.03,378.04,378.03,378.04,0.0,284.07,106414.46,1
2026-05-11,2026-05-11 11:05:00,378.04,378.05,378.04,378.05,0.0,284.07,106414.46,1
2026-05-11,2026-05-11 11:06:00,378.05,378.06,378.05,378.06,0.0,284.07,106414.46,1
2026-05-11,2026-05-11 11:07:00,378.06,378.07,378.06,378.07,0.0,284.07,106414.46,1
2026-05-11,2026-05-11 11:08:00,378.07,378.07,378.07,378.07,0.0,284.07,106414.46,0
2026-05-11,2026-05-11 11:09:00,378.07,378.08,378.07,378.08,0.0,284.07,106414.46,1
2026-05-11,2026-05-11 11:10:00,378.08,378.09,378.08,378.09,0.0,284.07,106414.46,1
2026-05-11,2026-05-11 11:11:00,378.09,378.1,378.09,378.1,0.0,284.07,106414.46,1
2026-05-11,2026-05-11 11:12:00,378.1,378.11,378.1,378.11,0.0,284.07,106414.46,1
2026-05-11,2026-05-11 11:13:00,378.11,378.12,378.11,378.12,0.0,284.07,106414.46,1
2026-05-11,2026-05-11 11:14:00,378.12,378.12,378.12,378.12,0.0,284.07,106414.46,0
2026-05-11,2026-05-11 11:15:00,378.12,378.13,378.12,378.13,0.0,284.07,106414.46,1
2026-05-11,2026-05-11 11:16:00,378.13,378.14,378.13,378.14,0.0,284.07,106414.46,1
2026-05-11,2026-05-11 11:17:00,378.14,378.15,378.14,378.15,0.0,284.07,106414.46,1
2026-05-11,2026-05-11 11:18:00,378.15,378.16,378.15,378.16,0.0,284.07,106414.46,1
2026-05-11,2026-05-11 11:19:00,378.16,378.17,378.16,378.17,0.0,284.07,106414.46,1
2026-05-11,2026-05-11 11:20:00,378.17,378.18,378.17,378.18,0.0,284.07,106414.46,1
2026-05-11,2026-05-11 11:21:00,378.18,378.18,378.18,378.18,0.0,284.07,106414.46,0
2026-05-11,2026-05-11 11:22:00,378.18,378.19,378.18,378.19,0.0,284.07,106414.46,1
2026-05-11,2026-05-11 11:23:00,378.19,378.2,378.19,378.2,0.0,284.07,106414.46,1
2026-05-11,2026-05-11 11:24:00,378.2,378.21,378.2,378.21,0.0,284.07,106414.46,1
2026-05-11,2026-05-11 11:25:00,378.21,378.22,378.21,378.22,0.0,284.07,106414.46,1
2026-05-11,2026-05-11 11:26:00,378.22,378.23,378.22,378.23,0.0,284.07,106414.46,1
2026-05-11,2026-05-11 11:27:00,378.23,378.23,378.23,378.23,0.0,284.07,106414.46,0
2026-05-11,2026-05-11 11:28:00,378.23,378.24,378.23,378.24,0.0,284.07,106414.46,1
2026-05-11,2026-05-11 11:29:00,378.24,378.25,378.24,378.25,0.0,284.07,106414.46,1
2026-05-11,2026-05-11 11:30:00,378.25,378.26,378.25,378.26,0.0,284.07,106414.46,1
2026-05-11,2026-05-11 11:31:00,378.26,378.27,378.26,378.27,0.0,284.07,106414.46,1
2026-05-11,2026-05-11 11:32:00,378.27,378.27,378.27,378.27,0.0,284.07,106414.46,0
2026-05-11,2026-05-11 11:33:00,378.27,378.28,378.27,378.28,0.0,284.07,106414.46,1
2026-05-11,2026-05-11 11:34:00,378.28,378.29,378.28,378.29,0.0,284.07,106414.46,1
2026-05-11,2026-05-11 11:35:00,378.29,378.3,378.29,378.3,0.0,284.07,106414.46,1
2026-05-11,2026-05-11 11:36:00,378.3,378.31,378.3,378.31,0.0,284.07,106414.46,1
2026-05-11,2026-05-11 11:37:00,378.31,378.32,378.31,378.32,0.0,284.07,106414.46,1
2026-05-11,2026-05-11 11:38:00,378.32,378.32,378.32,378.32,0.0,284.07,106414.46,0
2026-05-11,2026-05-11 11:39:00,378.32,378.33,378.32,378.33,0.0,284.07,106414.46,1
2026-05-11,2026-05-11 11:40:00,378.33,378.34,378.33,378.34,0.0,284.07,106414.46,1
2026-05-11,2026-05-11 11:41:00,378.34,378.35,378.34,378.35,0.0,284.07,106414.46,1
2026-05-11,2026-05-11 11:42:00,378.35,378.36,378.35,378.36,0.0,284.07,106414.46,1
2026-05-11,2026-05-11 11:43:00,378.36,378.37,378.36,378.37,0.0,284.07,106414.46,1
2026-05-11,2026-05-11 11:44:00,378.37,378.38,378.37,378.38,0.0,284.07,106414.46,1
2026-05-11,2026-05-11 11:45:00,378.38,378.38,378.38,378.38,0.0,284.07,106414.46,0
2026-05-11,2026-05-11 11:46:00,378.38,378.39,378.38,378.39,0.0,284.07,106414.46,1
2026-05-11,2026-05-11 11:47:00,378.39,378.4,378.39,378.4,0.0,284.07,106414.46,1
2026-05-11,2026-05-11 11:48:00,378.4,378.41,378.4,378.41,0.0,284.07,106414.46,1
2026-05-11,2026-05-11 11:49:00,378.41,378.42,378.41,378.42,0.0,284.07,106414.46,1
2026-05-11,2026-05-11 11:50:00,378.42,378.43,378.42,378.43,0.0,284.07,106414.46,1
2026-05-11,2026-05-11 11:51:00,378.43,378.43,378.43,378.43,0.0,284.07,106414.46,0
2026-05-11,2026-05-11 11:52:00,378.43,378.44,378.43,378.44,0.0,284.07,106414.46,1
2026-05-11,2026-05-11 11:53:00,378.44,378.45,378.44,378.45,0.0,284.07,106414.46,1
2026-05-11,2026-05-11 11:54:00,378.45,378.46,378.45,378.46,0.0,284.07,106414.46,1
2026-05-11,2026-05-11 11:55:00,378.46,378.47,378.46,378.47,0.0,284.07,106414.46,1
2026-05-11,2026-05-11 11:56:00,378.47,378.48,378.47,378.48,0.0,284.07,106414.46,1
2026-05-11,2026-05-11 11:57:00,378.48,378.48,378.48,378.48,0.0,284.07,106414.46,0
2026-05-11,2026-05-11 11:58:00,378.48,378.49,378.48,378.49,0.0,284.07,106414.46,1
2026-05-11,2026-05-11 11:59:00,378.49,378.5,378.49,378.5,0.0,284.07,106414.46,1
2026-05-11,2026-05-11 12:00:00,378.5,378.51,378.5,378.51,0.0,284.07,106414.46,1
2026-05-11,2026-05-11 12:01:00,378.51,378.52,378.51,378.52,0.0,284.07,106414.46,1
2026-05-11,2026-05-11 12:02:00,378.52,378.52,378.52,378.52,0.0,284.07,106414.46,0
2026-05-11,2026-05-11 12:03:00,378.52,378.53,378.52,378.53,0.0,284.07,106414.46,1
2026-05-11,2026-05-11 12:04:00,378.53,378.54,378.53,378.54,0.0,284.07,106414.46,1
2026-05-11,2026-05-11 12:05:00,378.54,378.55,378.54,378.55,0.0,284.07,106414.46,1
2026-05-11,2026-05-11 12:06:00,378.55,378.56,378.55,378.56,0.0,284.07,106414.46,1
2026-05-11,2026-05-11 12:07:00,378.56,378.57,378.56,378.57,0.0,284.07,106414.46,1
2026-05-11,2026-05-11 12:08:00,378.57,378.57,378.57,378.57,0.0,284.07,106414.46,0
2026-05-11,2026-05-11 12:09:00,378.57,378.58,378.57,378.58,0.0,284.07,106414.46,1
2026-05-11,2026-05-11 12:10:00,378.58,378.59,378.58,378.59,0.0,284.07,106414.46,1
2026-05-11,2026-05-11 12:11:00,378.59,378.6,378.59,378.6,0.0,284.07,106414.46,1
2026-05-11,2026-05-11 12:12:00,378.6,378.61,378.6,378.61,0.0,284.07,106414.46,1
2026-05-11,2026-05-11 12:13:00,378.61,378.62,378.61,378.62,0.0,284.07,106414.46,1
2026-05-11,2026-05-11 12:14:00,378.62,378.62,378.62,378.62,0.0,284.07,106414.46,0
2026-05-11,2026-05-11 12:15:00,378.62,378.63,378.62,378.63,0.0,284.07,106414.46,1
2026-05-11,2026-05-11 12:16:00,378.63,378.64,378.63,378.64,0.0,284.07,106414.46,1
2026-05-11,2026-05-11 12:17:00,378.64,378.65,378.64,378.65,0.0,284.07,106414.46,1
2026-05-11,2026-05-11 12:18:00,378.65,378.66,378.65,378.66,0.0,284.07,106414.46,1
2026-05-11,2026-05-11 12:19:00,378.66,378.67,378.66,378.67,0.0,284.07,106414.46,1
2026-05-11,2026-05-11 12:20:00,378.67,378.68,378.67,378.68,0.0,284.07,106414.46,1
2026-05-11,2026-05-11 12:21:00,378.68,378.68,378.68,378.68,0.0,284.07,106414.46,0
2026-05-11,2026-05-11 12:22:00,378.68,378.69,378.68,378.69,0.0,284.07,106414.46,1
2026-05-11,2026-05-11 12:23:00,378.69,378.7,378.69,378.7,0.0,284.07,106414.46,1
2026-05-11,2026-05-11 12:24:00,378.7,378.71,378.7,378.71,0.0,284.07,106414.46,1
2026-05-11,2026-05-11 12:25:00,378.71,378.72,378.71,378.72,0.0,284.07,106414.46,1
2026-05-11,2026-05-11 12:26:00,378.72,378.73,378.72,378.73,0.0,284.07,106414.46,1
2026-05-11,2026-05-11 12:27:00,378.73,378.73,378.73,378.73,0.0,284.07,106414.46,0
2026-05-11,2026-05-11 12:28:00,378.73,378.74,378.73,378.74,0.0,284.07,106414.46,1
2026-05-11,2026-05-11 12:29:00,378.74,378.75,378.74,378.75,0.0,284.07,106414.46,1
2026-05-11,2026-05-11 12:30:00,378.75,378.76,378.75,378.76,0.0,284.07,106414.46,1
2026-05-11,2026-05-11 12:31:00,378.76,378.77,378.76,378.77,0.0,284.07,106414.46,1
2026-05-11,2026-05-11 12:32:00,378.77,378.77,378.77,378.77,0.0,284.07,106414.46,0
2026-05-11,2026-05-11 12:33:00,378.77,378.78,378.77,378.78,0.0,284.07,106414.46,1
2026-05-11,2026-05-11 12:34:00,378.78,378.79,378.78,378.79,0.0,284.07,106414.46,1
2026-05-11,2026-05-11 12:35:00,378.79,378.8,378.79,378.8,0.0,284.07,106414.46,1
2026-05-11,2026-05-11 12:36:00,378.8,378.81,378.8,378.81,0.0,284.07,106414.46,1
2026-05-11,2026-05-11 12:37:00,378.81,378.82,378.81,378.82,0.0,284.07,106414.46,1
2026-05-11,2026-05-11 12:38:00,378.82,378.82,378.82,378.82,0.0,284.07,106414.46,0
2026-05-11,2026-05-11 12:39:00,378.82,378.83,378.82,378.83,0.0,284.07,106414.46,1
2026-05-11,2026-05-11 12:40:00,378.83,378.84,378.83,378.84,0.0,284.07,106414.46,1
2026-05-11,2026-05-11 12:41:00,378.84,378.85,378.84,378.85,0.0,284.07,106414.46,1
2026-05-11,2026-05-11 12:42:00,378.85,378.86,378.85,378.86,0.0,284.07,106414.46,1
2026-05-11,2026-05-11 12:43:00,378.86,378.87,378.86,378.87,0.0,284.07,106414.46,1
2026-05-11,2026-05-11 12:44:00,378.87,378.88,378.87,378.88,0.0,284.07,106414.46,1
2026-05-11,2026-05-11 12:45:00,378.88,378.88,378.88,378.88,0.0,284.07,106414.46,0
2026-05-11,2026-05-11 12:46:00,378.88,378.89,378.88,378.89,0.0,284.07,106414.46,1
2026-05-11,2026-05-11 12:47:00,378.89,378.9,378.89,378.9,0.0,284.07,106414.46,1
2026-05-11,2026-05-11 12:48:00,378.9,378.91,378.9,378.91,0.0,284.07,106414.46,1
2026-05-11,2026-05-11 12:49:00,378.91,378.92,378.91,378.92,0.0,284.07,106414.46,1
2026-05-11,2026-05-11 12:50:00,378.92,378.93,378.92,378.93,0.0,284.07,106414.46,1
2026-05-11,2026-05-11 12:51:00,378.93,378.93,378.93,378.93,0.0,284.07,106414.46,0
2026-05-11,2026-05-11 12:52:00,378.93,378.94,378.93,378.94,0.0,284.07,106414.46,1
2026-05-11,2026-05-11 12:53:00,378.94,378.95,378.94,378.95,0.0,284.07,106414.46,1
2026-05-11,2026-05-11 12:54:00,378.95,378.96,378.95,378.96,0.0,284.07,106414.46,1
2026-05-11,2026-05-11 12:55:00,378.96,378.97,378.96,378.97,0.0,284.07,106414.46,1
2026-05-11,2026-05-11 12:56:00,378.97,378.98,378.97,378.98,0.0,284.07,106414.46,1
2026-05-11,2026-05-11 12:57:00,378.98,378.98,378.98,378.98,0.0,284.07,106414.46,0
2026-05-11,2026-05-11 12:58:00,378.98,378.99,378.98,378.99,0.0,284.07,106414.46,1
2026-05-11,2026-05-11 12:59:00,378.99,379.0,378.99,379.0,0.0,284.07,106414.46,1
2026-05-11,2026-05-11 13:00:00,379.0,384.0,363.0,379.01,0.0,284.07,106414.46,1
2026-05-11,2026-05-11 13:01:00,379.01,379.02,379.01,379.02,0.0,284.07,106414.46,1
2026-05-11,2026-05-11 13:02:00,379.02,379.02,379.02,379.02,0.0,284.07,106414.46,0
2026-05-11,2026-05-11 13:03:00,379.02,379.03,379.02,379.03,0.0,284.07,106414.46,1
2026-05-11,2026-05-11 13:04:00,379.03,379.04,379.03,379.04,0.0,284.07,106414.46,1
2026-05-11,2026-05-11 13:05:00,379.04,379.05,379.04,379.05,0.0,284.07,106414.46,1
2026-05-11,2026-05-11 13:06:00,379.05,379.06,379.05,379.06,0.0,284.07,106414.46,1
2026-05-11,2026-05-11 13:07:00,379.06,379.07,379.06,379.07,0.0,284.07,106414.46,1
2026-05-11,2026-05-11 13:08:00,379.07,379.07,379.07,379.07,0.0,284.07,106414.46,0
2026-05-11,2026-05-11 13:09:00,379.07,379.08,379.07,379.08,0.0,284.07,106414.46,1
2026-05-11,2026-05-11 13:10:00,379.08,379.09,379.08,379.09,0.0,284.07,106414.46,1
2026-05-11,2026-05-11 13:11:00,379.09,379.1,379.09,379.1,0.0,284.07,106414.46,1
2026-05-11,2026-05-11 13:12:00,379.1,379.11,379.1,379.11,0.0,284.07,106414.46,1
2026-05-11,2026-05-11 13:13:00,379.11,379.12,379.11,379.12,0.0,284.07,106414.46,1
2026-05-11,2026-05-11 13:14:00,379.12,379.12,379.12,379.12,0.0,284.07,106414.46,0
2026-05-11,2026-05-11 13:15:00,379.12,379.13,379.12,379.13,0.0,284.07,106414.46,1
2026-05-11,2026-05-11 13:16:00,379.13,379.14,379.13,379.14,0.0,284.07,106414.46,1
2026-05-11,2026-05-11 13:17:00,379.14,379.15,379.14,379.15,0.0,284.07,106414.46,1
2026-05-11,2026-05-11 13:18:00,379.15,379.16,379.15,379.16,0.0,284.07,106414.46,1
2026-05-11,2026-05-11 13:19:00,379.16,379.17,379.16,379.17,0.0,284.07,106414.46,1
2026-05-11,2026-05-11 13:20:00,379.17,379.18,379.17,379.18,0.0,284.07,106414.46,1
2026-05-11,2026-05-11 13:21:00,379.18,379.18,379.18,379.18,0.0,284.07,106414.46,0
2026-05-11,2026-05-11 13:22:00,379.18,379.19,379.18,379.19,0.0,284.07,106414.46,1
2026-05-11,2026-05-11 13:23:00,379.19,379.2,379.19,379.2,0.0,284.07,106414.46,1
2026-05-11,2026-05-11 13:24:00,379.2,379.21,379.2,379.21,0.0,284.07,106414.46,1
2026-05-11,2026-05-11 13:25:00,379.21,379.22,379.21,379.22,0.0,284.07,106414.46,1
2026-05-11,2026-05-11 13:26:00,379.22,379.23,379.22,379.23,0.0,284.07,106414.46,1
2026-05-11,2026-05-11 13:27:00,379.23,379.23,379.23,379.23,0.0,284.07,106414.46,0
2026-05-11,2026-05-11 13:28:00,379.23,379.24,379.23,379.24,0.0,284.07,106414.46,1
2026-05-11,2026-05-11 13:29:00,379.24,379.25,379.24,379.25,0.0,284.07,106414.46,1
2026-05-11,2026-05-11 13:30:00,379.25,379.26,379.25,379.26,0.0,284.07,106414.46,1
2026-05-11,2026-05-11 13:31:00,379.26,379.27,379.26,379.27,0.0,284.07,106414.46,1
2026-05-11,2026-05-11 13:32:00,379.27,379.27,379.27,379.27,0.0,284.07,106414.46,0
2026-05-11,2026-05-11 13:33:00,379.27,379.28,379.27,379.28,0.0,284.07,106414.46,1
2026-05-11,2026-05-11 13:34:00,379.28,379.29,379.28,379.29,0.0,284.07,106414.46,1
2026-05-11,2026-05-11 13:35:00,379.29,379.3,379.29,379.3,0.0,284.07,106414.46,1
2026-05-11,2026-05-11 13:36:00,379.3,379.31,379.3,379.31,0.0,284.07,106414.46,1
2026-05-11,2026-05-11 13:37:00,379.31,379.32,379.31,379.32,0.0,284.07,106414.46,1
2026-05-11,2026-05-11 13:38:00,379.32,379.32,379.32,379.32,0.0,284.07,106414.46,0
2026-05-11,2026-05-11 13:39:00,379.32,379.33,379.32,379.33,0.0,284.07,106414.46,1
2026-05-11,2026-05-11 13:40:00,379.33,379.34,379.33,379.34,0.0,284.07,106414.46,1
2026-05-11,2026-05-11 13:41:00,379.34,379.35,379.34,379.35,0.0,284.07,106414.46,1
2026-05-11,2026-05-11 13:42:00,379.35,379.36,379.35,379.36,0.0,284.07,106414.46,1
2026-05-11,2026-05-11 13:43:00,379.36,379.37,379.36,379.37,0.0,284.07,106414.46,1
2026-05-11,2026-05-11 13:44:00,379.37,379.38,379.37,379.38,0.0,284.07,106414.46,1
2026-05-11,2026-05-11 13:45:00,379.38,379.38,379.38,379.38,0.0,284.07,106414.46,0
2026-05-11,2026-05-11 13:46:00,379.38,379.39,379.38,379.39,0.0,284.07,106414.46,1
2026-05-11,2026-05-11 13:47:00,379.39,379.4,379.39,379.4,0.0,284.07,106414.46,1
2026-05-11,2026-05-11 13:48:00,379.4,379.41,379.4,379.41,0.0,284.07,106414.46,1
2026-05-11,2026-05-11 13:49:00,379.41,379.42,379.41,379.42,0.0,284.07,106414.46,1
2026-05-11,2026-05-11 13:50:00,379.42,379.43,379.42,379.43,0.0,284.07,106414.46,1
2026-05-11,2026-05-11 13:51:00,379.43,379.43,379.43,379.43,0.0,284.07,106414.46,0
2026-05-11,2026-05-11 13:52:00,379.43,379.44,379.43,379.44,0.0,284.07,106414.46,1
2026-05-11,2026-05-11 13:53:00,379.44,379.45,379.44,379.45,0.0,284.07,106414.46,1
2026-05-11,2026-05-11 13:54:00,379.45,379.46,379.45,379.46,0.0,284.07,106414.46,1
2026-05-11,2026-05-11 13:55:00,379.46,379.47,379.46,379.47,0.0,284.07,106414.46,1
2026-05-11,2026-05-11 13:56:00,379.47,379.48,379.47,379.48,0.0,284.07,106414.46,1
2026-05-11,2026-05-11 13:57:00,379.48,379.48,379.48,379.48,0.0,284.07,106414.46,0
2026-05-11,2026-05-11 13:58:00,379.48,379.49,379.48,379.49,0.0,284.07,106414.46,1
2026-05-11,2026-05-11 13:59:00,379.49,379.5,379.49,379.5,0.0,284.07,106414.46,1
2026-05-11,2026-05-11 14:00:00,379.5,379.51,379.5,379.51,0.0,284.07,106414.46,1
2026-05-11,2026-05-11 14:01:00,379.51,379.52,379.51,379.52,0.0,284.07,106414.46,1
2026-05-11,2026-05-11 14:02:00,379.52,379.52,379.52,379.52,0.0,284.07,106414.46,0
2026-05-11,2026-05-11 14:03:00,379.52,379.53,379.52,379.53,0.0,284.07,106414.46,1
2026-05-11,2026-05-11 14:04:00,379.53,379.54,379.53,379.54,0.0,284.07,106414.46,1
2026-05-11,2026-05-11 14:05:00,379.54,379.55,379.54,379.55,0.0,284.07,106414.46,1
2026-05-11,2026-05-11 14:06:00,379.55,379.56,379.55,379.56,0.0,284.07,106414.46,1
2026-05-11,2026-05-11 14:07:00,379.56,379.57,379.56,379.57,0.0,284.07,106414.46,1
2026-05-11,2026-05-11 14:08:00,379.57,379.57,379.57,379.57,0.0,284.07,106414.46,0
2026-05-11,2026-05-11 14:09:00,379.57,379.58,379.57,379.58,0.0,284.07,106414.46,1
2026-05-11,2026-05-11 14:10:00,379.58,379.59,379.58,379.59,0.0,284.07,106414.46,1
2026-05-11,2026-05-11 14:11:00,379.59,379.6,379.59,379.6,0.0,284.07,106414.46,1
2026-05-11,2026-05-11 14:12:00,379.6,379.61,379.6,379.61,0.0,284.07,106414.46,1
2026-05-11,2026-05-11 14:13:00,379.61,379.62,379.61,379.62,0.0,284.07,106414.46,1
2026-05-11,2026-05-11 14:14:00,379.62,379.62,379.62,379.62,0.0,284.07,106414.46,0
2026-05-11,2026-05-11 14:15:00,379.62,379.63,379.62,379.63,0.0,284.07,106414.46,1
2026-05-11,2026-05-11 14:16:00,379.63,379.64,379.63,379.64,0.0,284.07,106414.46,1
2026-05-11,2026-05-11 14:17:00,379.64,379.65,379.64,379.65,0.0,284.07,106414.46,1
2026-05-11,2026-05-11 14:18:00,379.65,379.66,379.65,379.66,0.0,284.07,106414.46,1
2026-05-11,2026-05-11 14:19:00,379.66,379.67,379.66,379.67,0.0,284.07,106414.46,1
2026-05-11,2026-05-11 14:20:00,379.67,379.68,379.67,379.68,0.0,284.07,106414.46,1
2026-05-11,2026-05-11 14:21:00,379.68,379.68,379.68,379.68,0.0,284.07,106414.46,0
2026-05-11,2026-05-11 14:22:00,379.68,379.69,379.68,379.69,0.0,284.07,106414.46,1
2026-05-11,2026-05-11 14:23:00,379.69,379.7,379.69,379.7,0.0,284.07,106414.46,1
2026-05-11,2026-05-11 14:24:00,379.7,379.71,379.7,379.71,0.0,284.07,106414.46,1
2026-05-11,2026-05-11 14:25:00,379.71,379.72,379.71,379.72,0.0,284.07,106414.46,1
2026-05-11,2026-05-11 14:26:00,379.72,379.73,379.72,379.73,0.0,284.07,106414.46,1
2026-05-11,2026-05-11 14:27:00,379.73,379.73,379.73,379.73,0.0,284.07,106414.46,0
2026-05-11,2026-05-11 14:28:00,379.73,379.74,379.73,379.74,0.0,284.07,106414.46,1
2026-05-11,2026-05-11 14:29:00,379.74,379.75,379.74,379.75,0.0,284.07,106414.46,1
2026-05-11,2026-05-11 14:30:00,379.75,379.76,379.75,379.76,0.0,284.07,106414.46,1
2026-05-11,2026-05-11 14:31:00,379.76,379.77,379.76,379.77,0.0,284.07,106414.46,1
2026-05-11,2026-05-11 14:32:00,379.77,379.77,379.77,379.77,0.0,284.07,106414.46,0
2026-05-11,2026-05-11 14:33:00,379.77,379.78,379.77,379.78,0.0,284.07,106414.46,1
2026-05-11,2026-05-11 14:34:00,379.78,379.79,379.78,379.79,0.0,284.07,106414.46,1
2026-05-11,2026-05-11 14:35:00,379.79,379.8,379.79,379.8,0.0,284.07,106414.46,1
2026-05-11,2026-05-11 14:36:00,379.8,379.81,379.8,379.81,0.0,284.07,106414.46,1
2026-05-11,2026-05-11 14:37:00,379.81,379.82,379.81,379.82,0.0,284.07,106414.46,1
2026-05-11,2026-05-11 14:38:00,379.82,379.82,379.82,379.82,0.0,284.07,106414.46,0
2026-05-11,2026-05-11 14:39:00,379.82,379.83,379.82,379.83,0.0,284.07,106414.46,1
2026-05-11,2026-05-11 14:40:00,379.83,379.84,379.83,379.84,0.0,284.07,106414.46,1
2026-05-11,2026-05-11 14:41:00,379.84,379.85,379.84,379.85,0.0,284.07,106414.46,1
2026-05-11,2026-05-11 14:42:00,379.85,379.86,379.85,379.86,0.0,284.07,106414.46,1
2026-05-11,2026-05-11 14:43:00,379.86,379.87,379.86,379.87,0.0,284.07,106414.46,1
2026-05-11,2026-05-11 14:44:00,379.87,379.88,379.87,379.88,0.0,284.07,106414.46,1
2026-05-11,2026-05-11 14:45:00,379.88,379.88,379.88,379.88,0.0,284.07,106414.46,0
2026-05-11,2026-05-11 14:46:00,379.88,379.89,379.88,379.89,0.0,284.07,106414.46,1
2026-05-11,2026-05-11 14:47:00,379.89,379.9,379.89,379.9,0.0,284.07,106414.46,1
2026-05-11,2026-05-11 14:48:00,379.9,379.91,379.9,379.91,0.0,284.07,106414.46,1
2026-05-11,2026-05-11 14:49:00,379.91,379.92,379.91,379.92,0.0,284.07,106414.46,1
2026-05-11,2026-05-11 14:50:00,379.92,379.93,379.92,379.93,0.0,284.07,106414.46,1
2026-05-11,2026-05-11 14:51:00,379.93,379.93,379.93,379.93,0.0,284.07,106414.46,0
2026-05-11,2026-05-11 14:52:00,379.93,379.94,379.93,379.94,0.0,284.07,106414.46,1
2026-05-11,2026-05-11 14:53:00,379.94,379.95,379.94,379.95,0.0,284.07,106414.46,1
2026-05-11,2026-05-11 14:54:00,379.95,379.96,379.95,379.96,0.0,284.07,106414.46,1
2026-05-11,2026-05-11 14:55:00,379.96,379.97,379.96,379.97,0.0,284.07,106414.46,1
2026-05-11,2026-05-11 14:56:00,379.97,379.98,379.97,379.98,0.0,284.07,106414.46,1
2026-05-11,2026-05-11 14:57:00,379.98,379.98,379.98,379.98,0.0,284.07,106414.46,0
2026-05-11,2026-05-11 14:58:00,379.98,379.99,379.98,379.99,0.0,284.07,106414.46,1
2026-05-11,2026-05-11 14:59:00,379.99,380.0,379.99,380.0,0.0,284.07,106414.46,1
2026-05-11,2026-05-11 15:00:00,380.0,384.0,363.0,380.0,0.0,284.07,106414.46,0
2026-05-12,2026-05-12 11:00:00,399.0,399.0,388.5,398.87,-0.03,223.15,83423.54,-1
2026-05-12,2026-05-12 11:01:00,398.87,398.87,398.75,398.75,-0.03,223.15,83423.54,-1
2026-05-12,2026-05-12 11:02:00,398.75,398.75,398.62,398.62,-0.03,223.15,83423.54,-1
2026-05-12,2026-05-12 11:03:00,398.62,398.62,398.49,398.49,-0.03,223.15,83423.54,-1
2026-05-12,2026-05-12 11:04:00,398.49,398.49,398.36,398.36,-0.03,223.15,83423.54,-1
2026-05-12,2026-05-12 11:05:00,398.36,398.36,398.24,398.24,-0.03,223.15,83423.54,-1
2026-05-12,2026-05-12 11:06:00,398.24,398.24,398.11,398.11,-0.03,223.15,83423.54,-1
2026-05-12,2026-05-12 11:07:00,398.11,398.11,397.98,397.98,-0.03,223.15,83423.54,-1
2026-05-12,2026-05-12 11:08:00,397.98,397.98,397.86,397.86,-0.03,223.15,83423.54,-1
2026-05-12,2026-05-12 11:09:00,397.86,397.86,397.73,397.73,-0.03,223.15,83423.54,-1
2026-05-12,2026-05-12 11:10:00,397.73,397.73,397.6,397.6,-0.03,223.15,83423.54,-1
2026-05-12,2026-05-12 11:11:00,397.6,397.6,397.48,397.48,-0.03,223.15,83423.54,-1
2026-05-12,2026-05-12 11:12:00,397.48,397.48,397.35,397.35,-0.03,223.15,83423.54,-1
2026-05-12,2026-05-12 11:13:00,397.35,397.35,397.22,397.22,-0.03,223.15,83423.54,-1
2026-05-12,2026-05-12 11:14:00,397.22,397.22,397.09,397.09,-0.03,223.15,83423.54,-1
2026-05-12,2026-05-12 11:15:00,397.09,397.09,396.97,396.97,-0.03,223.15,83423.54,-1
2026-05-12,2026-05-12 11:16:00,396.97,396.97,396.84,396.84,-0.03,223.15,83423.54,-1
2026-05-12,2026-05-12 11:17:00,396.84,396.84,396.71,396.71,-0.03,223.15,83423.54,-1
2026-05-12,2026-05-12 11:18:00,396.71,396.71,396.59,396.59,-0.03,223.15,83423.54,-1
2026-05-12,2026-05-12 11:19:00,396.59,396.59,396.46,396.46,-0.03,223.15,83423.54,-1
2026-05-12,2026-05-12 11:20:00,396.46,396.46,396.33,396.33,-0.03,223.15,83423.54,-1
2026-05-12,2026-05-12 11:21:00,396.33,396.33,396.2,396.2,-0.03,223.15,83423.54,-1
2026-05-12,2026-05-12 11:22:00,396.2,396.2,396.08,396.08,-0.03,223.15,83423.54,-1
2026-05-12,2026-05-12 11:23:00,396.08,396.08,395.95,395.95,-0.03,223.15,83423.54,-1
2026-05-12,2026-05-12 11:24:00,395.95,395.95,395.82,395.82,-0.03,223.15,83423.54,-1
2026-05-12,2026-05-12 11:25:00,395.82,395.82,395.7,395.7,-0.03,223.15,83423.54,-1
2026-05-12,2026-05-12 11:26:00,395.7,395.7,395.57,395.57,-0.03,223.15,83423.54,-1
2026-05-12,2026-05-12 11:27:00,395.57,395.57,395.44,395.44,-0.03,223.15,83423.54,-1
2026-05-12,2026-05-12 11:28:00,395.44,395.44,395.31,395.31,-0.03,223.15,83423.54,-1
2026-05-12,2026-05-12 11:29:00,395.31,395.31,395.19,395.19,-0.03,223.15,83423.54,-1
2026-05-12,2026-05-12 11:30:00,395.19,395.19,395.06,395.06,-0.03,223.15,83423.54,-1
2026-05-12,2026-05-12 11:31:00,395.06,395.06,394.93,394.93,-0.03,223.15,83423.54,-1
2026-05-12,2026-05-12 11:32:00,394.93,394.93,394.81,394.81,-0.03,223.15,83423.54,-1
2026-05-12,2026-05-12 11:33:00,394.81,394.81,394.68,394.68,-0.03,223.15,83423.54,-1
2026-05-12,2026-05-12 11:34:00,394.68,394.68,394.55,394.55,-0.03,223.15,83423.54,-1
2026-05-12,2026-05-12 11:35:00,394.55,394.55,394.43,394.43,-0.03,223.15,83423.54,-1
2026-05-12,2026-05-12 11:36:00,394.43,394.43,394.3,394.3,-0.03,223.15,83423.54,-1
2026-05-12,2026-05-12 11:37:00,394.3,394.3,394.17,394.17,-0.03,223.15,83423.54,-1
2026-05-12,2026-05-12 11:38:00,394.17,394.17,394.04,394.04,-0.03,223.15,83423.54,-1
2026-05-12,2026-05-12 11:39:00,394.04,394.04,393.92,393.92,-0.03,223.15,83423.54,-1
2026-05-12,2026-05-12 11:40:00,393.92,393.92,393.79,393.79,-0.03,223.15,83423.54,-1
2026-05-12,2026-05-12 11:41:00,393.79,393.79,393.66,393.66,-0.03,223.15,83423.54,-1
2026-05-12,2026-05-12 11:42:00,393.66,393.66,393.54,393.54,-0.03,223.15,83423.54,-1
2026-05-12,2026-05-12 11:43:00,393.54,393.54,393.41,393.41,-0.03,223.15,83423.54,-1
2026-05-12,2026-05-12 11:44:00,393.41,393.41,393.28,393.28,-0.03,223.15,83423.54,-1
2026-05-12,2026-05-12 11:45:00,393.28,393.28,393.15,393.15,-0.03,223.15,83423.54,-1
2026-05-12,2026-05-12 11:46:00,393.15,393.15,393.03,393.03,-0.03,223.15,83423.54,-1
2026-05-12,2026-05-12 11:47:00,393.03,393.03,392.9,392.9,-0.03,223.15,83423.54,-1
2026-05-12,2026-05-12 11:48:00,392.9,392.9,392.77,392.77,-0.03,223.15,83423.54,-1
2026-05-12,2026-05-12 11:49:00,392.77,392.77,392.65,392.65,-0.03,223.15,83423.54,-1
2026-05-12,2026-05-12 11:50:00,392.65,392.65,392.52,392.52,-0.03,223.15,83423.54,-1
2026-05-12,2026-05-12 11:51:00,392.52,392.52,392.39,392.39,-0.03,223.15,83423.54,-1
2026-05-12,2026-05-12 11:52:00,392.39,392.39,392.26,392.26,-0.03,223.15,83423.54,-1
2026-05-12,2026-05-12 11:53:00,392.26,392.26,392.14,392.14,-0.03,223.15,83423.54,-1
2026-05-12,2026-05-12 11:54:00,392.14,392.14,392.01,392.01,-0.03,223.15,83423.54,-1
2026-05-12,2026-05-12 11:55:00,392.01,392.01,391.88,391.88,-0.03,223.15,83423.54,-1
2026-05-12,2026-05-12 11:56:00,391.88,391.88,391.76,391.76,-0.03,223.15,83423.54,-1
2026-05-12,2026-05-12 11:57:00,391.76,391.76,391.63,391.63,-0.03,223.15,83423.54,-1
2026-05-12,2026-05-12 11:58:00,391.63,391.63,391.5,391.5,-0.03,223.15,83423.54,-1
2026-05-12,2026-05-12 11:59:00,391.5,391.5,391.38,391.38,-0.03,223.15,83423.54,-1
2026-05-12,2026-05-12 12:00:00,391.38,391.38,391.25,391.25,-0.03,223.15,83423.54,-1
2026-05-12,2026-05-12 12:01:00,391.25,391.25,391.12,391.12,-0.03,223.15,83423.54,-1
2026-05-12,2026-05-12 12:02:00,391.12,391.12,390.99,390.99,-0.03,223.15,83423.54,-1
2026-05-12,2026-05-12 12:03:00,390.99,390.99,390.87,390.87,-0.03,223.15,83423.54,-1
2026-05-12,2026-05-12 12:04:00,390.87,390.87,390.74,390.74,-0.03,223.15,83423.54,-1
2026-05-12,2026-05-12 12:05:00,390.74,390.74,390.61,390.61,-0.03,223.15,83423.54,-1
2026-05-12,2026-05-12 12:06:00,390.61,390.61,390.49,390.49,-0.03,223.15,83423.54,-1
2026-05-12,2026-05-12 12:07:00,390.49,390.49,390.36,390.36,-0.03,223.15,83423.54,-1
2026-05-12,2026-05-12 12:08:00,390.36,390.36,390.23,390.23,-0.03,223.15,83423.54,-1
2026-05-12,2026-05-12 12:09:00,390.23,390.23,390.1,390.1,-0.03,223.15,83423.54,-1
2026-05-12,2026-05-12 12:10:00,390.1,390.1,389.98,389.98,-0.03,223.15,83423.54,-1
2026-05-12,2026-05-12 12:11:00,389.98,389.98,389.85,389.85,-0.03,223.15,83423.54,-1
2026-05-12,2026-05-12 12:12:00,389.85,389.85,389.72,389.72,-0.03,223.15,83423.54,-1
2026-05-12,2026-05-12 12:13:00,389.72,389.72,389.6,389.6,-0.03,223.15,83423.54,-1
2026-05-12,2026-05-12 12:14:00,389.6,389.6,389.47,389.47,-0.03,223.15,83423.54,-1
2026-05-12,2026-05-12 12:15:00,389.47,389.47,389.34,389.34,-0.03,223.15,83423.54,-1
2026-05-12,2026-05-12 12:16:00,389.34,389.34,389.21,389.21,-0.03,223.15,83423.54,-1
2026-05-12,2026-05-12 12:17:00,389.21,389.21,389.09,389.09,-0.03,223.15,83423.54,-1
2026-05-12,2026-05-12 12:18:00,389.09,389.09,388.96,388.96,-0.03,223.15,83423.54,-1
2026-05-12,2026-05-12 12:19:00,388.96,388.96,388.83,388.83,-0.03,223.15,83423.54,-1
2026-05-12,2026-05-12 12:20:00,388.83,388.83,388.71,388.71,-0.03,223.15,83423.54,-1
2026-05-12,2026-05-12 12:21:00,388.71,388.71,388.58,388.58,-0.03,223.15,83423.54,-1
2026-05-12,2026-05-12 12:22:00,388.58,388.58,388.45,388.45,-0.03,223.15,83423.54,-1
2026-05-12,2026-05-12 12:23:00,388.45,388.45,388.32,388.32,-0.03,223.15,83423.54,-1
2026-05-12,2026-05-12 12:24:00,388.32,388.32,388.2,388.2,-0.03,223.15,83423.54,-1
2026-05-12,2026-05-12 12:25:00,388.2,388.2,388.07,388.07,-0.03,223.15,83423.54,-1
2026-05-12,2026-05-12 12:26:00,388.07,388.07,387.94,387.94,-0.03,223.15,83423.54,-1
2026-05-12,2026-05-12 12:27:00,387.94,387.94,387.82,387.82,-0.03,223.15,83423.54,-1
2026-05-12,2026-05-12 12:28:00,387.82,387.82,387.69,387.69,-0.03,223.15,83423.54,-1
2026-05-12,2026-05-12 12:29:00,387.69,387.69,387.56,387.56,-0.03,223.15,83423.54,-1
2026-05-12,2026-05-12 12:30:00,387.56,387.56,387.44,387.44,-0.03,223.15,83423.54,-1
2026-05-12,2026-05-12 12:31:00,387.44,387.44,387.31,387.31,-0.03,223.15,83423.54,-1
2026-05-12,2026-05-12 12:32:00,387.31,387.31,387.18,387.18,-0.03,223.15,83423.54,-1
2026-05-12,2026-05-12 12:33:00,387.18,387.18,387.05,387.05,-0.03,223.15,83423.54,-1
2026-05-12,2026-05-12 12:34:00,387.05,387.05,386.93,386.93,-0.03,223.15,83423.54,-1
2026-05-12,2026-05-12 12:35:00,386.93,386.93,386.8,386.8,-0.03,223.15,83423.54,-1
2026-05-12,2026-05-12 12:36:00,386.8,386.8,386.67,386.67,-0.03,223.15,83423.54,-1
2026-05-12,2026-05-12 12:37:00,386.67,386.67,386.55,386.55,-0.03,223.15,83423.54,-1
2026-05-12,2026-05-12 12:38:00,386.55,386.55,386.42,386.42,-0.03,223.15,83423.54,-1
2026-05-12,2026-05-12 12:39:00,386.42,386.42,386.29,386.29,-0.03,223.15,83423.54,-1
2026-05-12,2026-05-12 12:40:00,386.29,386.29,386.16,386.16,-0.03,223.15,83423.54,-1
2026-05-12,2026-05-12 12:41:00,386.16,386.16,386.04,386.04,-0.03,223.15,83423.54,-1
2026-05-12,2026-05-12 12:42:00,386.04,386.04,385.91,385.91,-0.03,223.15,83423.54,-1
2026-05-12,2026-05-12 12:43:00,385.91,385.91,385.78,385.78,-0.03,223.15,83423.54,-1
2026-05-12,2026-05-12 12:44:00,385.78,385.78,385.66,385.66,-0.03,223.15,83423.54,-1
2026-05-12,2026-05-12 12:45:00,385.66,385.66,385.53,385.53,-0.03,223.15,83423.54,-1
2026-05-12,2026-05-12 12:46:00,385.53,385.53,385.4,385.4,-0.03,223.15,83423.54,-1
2026-05-12,2026-05-12 12:47:00,385.4,385.4,385.27,385.27,-0.03,223.15,83423.54,-1
2026-05-12,2026-05-12 12:48:00,385.27,385.27,385.15,385.15,-0.03,223.15,83423.54,-1
2026-05-12,2026-05-12 12:49:00,385.15,385.15,385.02,385.02,-0.03,223.15,83423.54,-1
2026-05-12,2026-05-12 12:50:00,385.02,385.02,384.89,384.89,-0.03,223.15,83423.54,-1
2026-05-12,2026-05-12 12:51:00,384.89,384.89,384.77,384.77,-0.03,223.15,83423.54,-1
2026-05-12,2026-05-12 12:52:00,384.77,384.77,384.64,384.64,-0.03,223.15,83423.54,-1
2026-05-12,2026-05-12 12:53:00,384.64,384.64,384.51,384.51,-0.03,223.15,83423.54,-1
2026-05-12,2026-05-12 12:54:00,384.51,384.51,384.39,384.39,-0.03,223.15,83423.54,-1
2026-05-12,2026-05-12 12:55:00,384.39,384.39,384.26,384.26,-0.03,223.15,83423.54,-1
2026-05-12,2026-05-12 12:56:00,384.26,384.26,384.13,384.13,-0.03,223.15,83423.54,-1
2026-05-12,2026-05-12 12:57:00,384.13,384.13,384.0,384.0,-0.03,223.15,83423.54,-1
2026-05-12,2026-05-12 12:58:00,384.0,384.0,383.88,383.88,-0.03,223.15,83423.54,-1
2026-05-12,2026-05-12 12:59:00,383.88,383.88,383.75,383.75,-0.03,223.15,83423.54,-1
2026-05-12,2026-05-12 13:00:00,383.75,399.0,364.0,383.62,-0.03,223.15,83423.54,-1
2026-05-12,2026-05-12 13:01:00,383.62,383.62,383.5,383.5,-0.03,223.15,83423.54,-1
2026-05-12,2026-05-12 13:02:00,383.5,383.5,383.37,383.37,-0.03,223.15,83423.54,-1
2026-05-12,2026-05-12 13:03:00,383.37,383.37,383.24,383.24,-0.03,223.15,83423.54,-1
2026-05-12,2026-05-12 13:04:00,383.24,383.24,383.11,383.11,-0.03,223.15,83423.54,-1
2026-05-12,2026-05-12 13:05:00,383.11,383.11,382.99,382.99,-0.03,223.15,83423.54,-1
2026-05-12,2026-05-12 13:06:00,382.99,382.99,382.86,382.86,-0.03,223.15,83423.54,-1
2026-05-12,2026-05-12 13:07:00,382.86,382.86,382.73,382.73,-0.03,223.15,83423.54,-1
2026-05-12,2026-05-12 13:08:00,382.73,382.73,382.61,382.61,-0.03,223.15,83423.54,-1
2026-05-12,2026-05-12 13:09:00,382.61,382.61,382.48,382.48,-0.03,223.15,83423.54,-1
2026-05-12,2026-05-12 13:10:00,382.48,382.48,382.35,382.35,-0.03,223.15,83423.54,-1
2026-05-12,2026-05-12 13:11:00,382.35,382.35,382.23,382.23,-0.03,223.15,83423.54,-1
2026-05-12,2026-05-12 13:12:00,382.23,382.23,382.1,382.1,-0.03,223.15,83423.54,-1
2026-05-12,2026-05-12 13:13:00,382.1,382.1,381.97,381.97,-0.03,223.15,83423.54,-1
2026-05-12,2026-05-12 13:14:00,381.97,381.97,381.84,381.84,-0.03,223.15,83423.54,-1
2026-05-12,2026-05-12 13:15:00,381.84,381.84,381.72,381.72,-0.03,223.15,83423.54,-1
2026-05-12,2026-05-12 13:16:00,381.72,381.72,381.59,381.59,-0.03,223.15,83423.54,-1
2026-05-12,2026-05-12 13:17:00,381.59,381.59,381.46,381.46,-0.03,223.15,83423.54,-1
2026-05-12,2026-05-12 13:18:00,381.46,381.46,381.34,381.34,-0.03,223.15,83423.54,-1
2026-05-12,2026-05-12 13:19:00,381.34,381.34,381.21,381.21,-0.03,223.15,83423.54,-1
2026-05-12,2026-05-12 13:20:00,381.21,381.21,381.08,381.08,-0.03,223.15,83423.54,-1
2026-05-12,2026-05-12 13:21:00,381.08,381.08,380.95,380.95,-0.03,223.15,83423.54,-1
2026-05-12,2026-05-12 13:22:00,380.95,380.95,380.83,380.83,-0.03,223.15,83423.54,-1
2026-05-12,2026-05-12 13:23:00,380.83,380.83,380.7,380.7,-0.03,223.15,83423.54,-1
2026-05-12,2026-05-12 13:24:00,380.7,380.7,380.57,380.57,-0.03,223.15,83423.54,-1
2026-05-12,2026-05-12 13:25:00,380.57,380.57,380.45,380.45,-0.03,223.15,83423.54,-1
2026-05-12,2026-05-12 13:26:00,380.45,380.45,380.32,380.32,-0.03,223.15,83423.54,-1
2026-05-12,2026-05-12 13:27:00,380.32,380.32,380.19,380.19,-0.03,223.15,83423.54,-1
2026-05-12,2026-05-12 13:28:00,380.19,380.19,380.06,380.06,-0.03,223.15,83423.54,-1
2026-05-12,2026-05-12 13:29:00,380.06,380.06,379.94,379.94,-0.03,223.15,83423.54,-1
2026-05-12,2026-05-12 13:30:00,379.94,379.94,379.81,379.81,-0.03,223.15,83423.54,-1
2026-05-12,2026-05-12 13:31:00,379.81,379.81,379.68,379.68,-0.03,223.15,83423.54,-1
2026-05-12,2026-05-12 13:32:00,379.68,379.68,379.56,379.56,-0.03,223.15,83423.54,-1
2026-05-12,2026-05-12 13:33:00,379.56,379.56,379.43,379.43,-0.03,223.15,83423.54,-1
2026-05-12,2026-05-12 13:34:00,379.43,379.43,379.3,379.3,-0.03,223.15,83423.54,-1
2026-05-12,2026-05-12 13:35:00,379.3,379.3,379.18,379.18,-0.03,223.15,83423.54,-1
2026-05-12,2026-05-12 13:36:00,379.18,379.18,379.05,379.05,-0.03,223.15,83423.54,-1
2026-05-12,2026-05-12 13:37:00,379.05,379.05,378.92,378.92,-0.03,223.15,83423.54,-1
2026-05-12,2026-05-12 13:38:00,378.92,378.92,378.79,378.79,-0.03,223.15,83423.54,-1
2026-05-12,2026-05-12 13:39:00,378.79,378.79,378.67,378.67,-0.03,223.15,83423.54,-1
2026-05-12,2026-05-12 13:40:00,378.67,378.67,378.54,378.54,-0.03,223.15,83423.54,-1
2026-05-12,2026-05-12 13:41:00,378.54,378.54,378.41,378.41,-0.03,223.15,83423.54,-1
2026-05-12,2026-05-12 13:42:00,378.41,378.41,378.29,378.29,-0.03,223.15,83423.54,-1
2026-05-12,2026-05-12 13:43:00,378.29,378.29,378.16,378.16,-0.03,223.15,83423.54,-1
2026-05-12,2026-05-12 13:44:00,378.16,378.16,378.03,378.03,-0.03,223.15,83423.54,-1
2026-05-12,2026-05-12 13:45:00,378.03,378.03,377.9,377.9,-0.03,223.15,83423.54,-1
2026-05-12,2026-05-12 13:46:00,377.9,377.9,377.78,377.78,-0.03,223.15,83423.54,-1
2026-05-12,2026-05-12 13:47:00,377.78,377.78,377.65,377.65,-0.03,223.15,83423.54,-1
2026-05-12,2026-05-12 13:48:00,377.65,377.65,377.52,377.52,-0.03,223.15,83423.54,-1
2026-05-12,2026-05-12 13:49:00,377.52,377.52,377.4,377.4,-0.03,223.15,83423.54,-1
2026-05-12,2026-05-12 13:50:00,377.4,377.4,377.27,377.27,-0.03,223.15,83423.54,-1
2026-05-12,2026-05-12 13:51:00,377.27,377.27,377.14,377.14,-0.03,223.15,83423.54,-1
2026-05-12,2026-05-12 13:52:00,377.14,377.14,377.01,377.01,-0.03,223.15,83423.54,-1
2026-05-12,2026-05-12 13:53:00,377.01,377.01,376.89,376.89,-0.03,223.15,83423.54,-1
2026-05-12,2026-05-12 13:54:00,376.89,376.89,376.76,376.76,-0.03,223.15,83423.54,-1
2026-05-12,2026-05-12 13:55:00,376.76,376.76,376.63,376.63,-0.03,223.15,83423.54,-1
2026-05-12,2026-05-12 13:56:00,376.63,376.63,376.51,376.51,-0.03,223.15,83423.54,-1
2026-05-12,2026-05-12 13:57:00,376.51,376.51,376.38,376.38,-0.03,223.15,83423.54,-1
2026-05-12,2026-05-12 13:58:00,376.38,376.38,376.25,376.25,-0.03,223.15,83423.54,-1
2026-05-12,2026-05-12 13:59:00,376.25,376.25,376.12,376.12,-0.03,223.15,83423.54,-1
2026-05-12,2026-05-12 14:00:00,376.12,376.12,376.0,376.0,-0.03,223.15,83423.54,-1
2026-05-12,2026-05-12 14:01:00,376.0,376.0,375.87,375.87,-0.03,223.15,83423.54,-1
2026-05-12,2026-05-12 14:02:00,375.87,375.87,375.74,375.74,-0.03,223.15,83423.54,-1
2026-05-12,2026-05-12 14:03:00,375.74,375.74,375.62,375.62,-0.03,223.15,83423.54,-1
2026-05-12,2026-05-12 14:04:00,375.62,375.62,375.49,375.49,-0.03,223.15,83423.54,-1
2026-05-12,2026-05-12 14:05:00,375.49,375.49,375.36,375.36,-0.03,223.15,83423.54,-1
2026-05-12,2026-05-12 14:06:00,375.36,375.36,375.24,375.24,-0.03,223.15,83423.54,-1
2026-05-12,2026-05-12 14:07:00,375.24,375.24,375.11,375.11,-0.03,223.15,83423.54,-1
2026-05-12,2026-05-12 14:08:00,375.11,375.11,374.98,374.98,-0.03,223.15,83423.54,-1
2026-05-12,2026-05-12 14:09:00,374.98,374.98,374.85,374.85,-0.03,223.15,83423.54,-1
2026-05-12,2026-05-12 14:10:00,374.85,374.85,374.73,374.73,-0.03,223.15,83423.54,-1
2026-05-12,2026-05-12 14:11:00,374.73,374.73,374.6,374.6,-0.03,223.15,83423.54,-1
2026-05-12,2026-05-12 14:12:00,374.6,374.6,374.47,374.47,-0.03,223.15,83423.54,-1
2026-05-12,2026-05-12 14:13:00,374.47,374.47,374.35,374.35,-0.03,223.15,83423.54,-1
2026-05-12,2026-05-12 14:14:00,374.35,374.35,374.22,374.22,-0.03,223.15,83423.54,-1
2026-05-12,2026-05-12 14:15:00,374.22,374.22,374.09,374.09,-0.03,223.15,83423.54,-1
2026-05-12,2026-05-12 14:16:00,374.09,374.09,373.96,373.96,-0.03,223.15,83423.54,-1
2026-05-12,2026-05-12 14:17:00,373.96,373.96,373.84,373.84,-0.03,223.15,83423.54,-1
2026-05-12,2026-05-12 14:18:00,373.84,373.84,373.71,373.71,-0.03,223.15,83423.54,-1
2026-05-12,2026-05-12 14:19:00,373.71,373.71,373.58,373.58,-0.03,223.15,83423.54,-1
2026-05-12,2026-05-12 14:20:00,373.58,373.58,373.46,373.46,-0.03,223.15,83423.54,-1
2026-05-12,2026-05-12 14:21:00,373.46,373.46,373.33,373.33,-0.03,223.15,83423.54,-1
2026-05-12,2026-05-12 14:22:00,373.33,373.33,373.2,373.2,-0.03,223.15,83423.54,-1
2026-05-12,2026-05-12 14:23:00,373.2,373.2,373.07,373.07,-0.03,223.15,83423.54,-1
2026-05-12,2026-05-12 14:24:00,373.07,373.07,372.95,372.95,-0.03,223.15,83423.54,-1
2026-05-12,2026-05-12 14:25:00,372.95,372.95,372.82,372.82,-0.03,223.15,83423.54,-1
2026-05-12,2026-05-12 14:26:00,372.82,372.82,372.69,372.69,-0.03,223.15,83423.54,-1
2026-05-12,2026-05-12 14:27:00,372.69,372.69,372.57,372.57,-0.03,223.15,83423.54,-1
2026-05-12,2026-05-12 14:28:00,372.57,372.57,372.44,372.44,-0.03,223.15,83423.54,-1
2026-05-12,2026-05-12 14:29:00,372.44,372.44,372.31,372.31,-0.03,223.15,83423.54,-1
2026-05-12,2026-05-12 14:30:00,372.31,372.31,372.19,372.19,-0.03,223.15,83423.54,-1
2026-05-12,2026-05-12 14:31:00,372.19,372.19,372.06,372.06,-0.03,223.15,83423.54,-1
2026-05-12,2026-05-12 14:32:00,372.06,372.06,371.93,371.93,-0.03,223.15,83423.54,-1
2026-05-12,2026-05-12 14:33:00,371.93,371.93,371.8,371.8,-0.03,223.15,83423.54,-1
2026-05-12,2026-05-12 14:34:00,371.8,371.8,371.68,371.68,-0.03,223.15,83423.54,-1
2026-05-12,2026-05-12 14:35:00,371.68,371.68,371.55,371.55,-0.03,223.15,83423.54,-1
2026-05-12,2026-05-12 14:36:00,371.55,371.55,371.42,371.42,-0.03,223.15,83423.54,-1
2026-05-12,2026-05-12 14:37:00,371.42,371.42,371.3,371.3,-0.03,223.15,83423.54,-1
2026-05-12,2026-05-12 14:38:00,371.3,371.3,371.17,371.17,-0.04,223.15,83423.54,-1
2026-05-12,2026-05-12 14:39:00,371.17,371.17,371.04,371.04,-0.04,223.15,83423.54,-1
2026-05-12,2026-05-12 14:40:00,371.04,371.04,370.91,370.91,-0.04,223.15,83423.54,-1
2026-05-12,2026-05-12 14:41:00,370.91,370.91,370.79,370.79,-0.03,223.15,83423.54,-1
2026-05-12,2026-05-12 14:42:00,370.79,370.79,370.66,370.66,-0.04,223.15,83423.54,-1
2026-05-12,2026-05-12 14:43:00,370.66,370.66,370.53,370.53,-0.04,223.15,83423.54,-1
2026-05-12,2026-05-12 14:44:00,370.53,370.53,370.41,370.41,-0.03,223.15,83423.54,-1
2026-05-12,2026-05-12 14:45:00,370.41,370.41,370.28,370.28,-0.04,223.15,83423.54,-1
2026-05-12,2026-05-12 14:46:00,370.28,370.28,370.15,370.15,-0.04,223.15,83423.54,-1
2026-05-12,2026-05-12 14:47:00,370.15,370.15,370.02,370.02,-0.04,223.15,83423.54,-1
2026-05-12,2026-05-12 14:48:00,370.02,370.02,369.9,369.9,-0.03,223.15,83423.54,-1
2026-05-12,2026-05-12 14:49:00,369.9,369.9,369.77,369.77,-0.04,223.15,83423.54,-1
2026-05-12,2026-05-12 14:50:00,369.77,369.77,369.64,369.64,-0.04,223.15,83423.54,-1
2026-05-12,2026-05-12 14:51:00,369.64,369.64,369.52,369.52,-0.03,223.15,83423.54,-1
2026-05-12,2026-05-12 14:52:00,369.52,369.52,369.39,369.39,-0.04,223.15,83423.54,-1
2026-05-12,2026-05-12 14:53:00,369.39,369.39,369.26,369.26,-0.04,223.15,83423.54,-1
2026-05-12,2026-05-12 14:54:00,369.26,369.26,369.14,369.14,-0.03,223.15,83423.54,-1
2026-05-12,2026-05-12 14:55:00,369.14,369.14,369.01,369.01,-0.04,223.15,83423.54,-1
2026-05-12,2026-05-12 14:56:00,369.01,369.01,368.88,368.88,-0.04,223.15,83423.54,-1
2026-05-12,2026-05-12 14:57:00,368.88,368.88,368.75,368.75,-0.04,223.15,83423.54,-1
2026-05-12,2026-05-12 14:58:00,368.75,368.75,368.63,368.63,-0.03,223.15,83423.54,-1
2026-05-12,2026-05-12 14:59:00,368.63,368.63,368.5,368.5,-0.04,223.15,83423.54,-1
2026-05-12,2026-05-12 15:00:00,368.5,399.0,364.0,368.5,0.0,223.15,83423.54,0
2026-05-13,2026-05-13 11:00:00,386.9,386.9,378.38,386.79,-0.03,111.62,40353.35,-1
2026-05-13,2026-05-13 11:01:00,386.79,386.79,386.68,386.68,-0.03,111.62,40353.35,-1
2026-05-13,2026-05-13 11:02:00,386.68,386.68,386.57,386.57,-0.03,111.62,40353.35,-1
2026-05-13,2026-05-13 11:03:00,386.57,386.57,386.45,386.45,-0.03,111.62,40353.35,-1
2026-05-13,2026-05-13 11:04:00,386.45,386.45,386.34,386.34,-0.03,111.62,40353.35,-1
2026-05-13,2026-05-13 11:05:00,386.34,386.34,386.23,386.23,-0.03,111.62,40353.35,-1
2026-05-13,2026-05-13 11:06:00,386.23,386.23,386.12,386.12,-0.03,111.62,40353.35,-1
2026-05-13,2026-05-13 11:07:00,386.12,386.12,386.01,386.01,-0.03,111.62,40353.35,-1
2026-05-13,2026-05-13 11:08:00,386.01,386.01,385.9,385.9,-0.03,111.62,40353.35,-1
2026-05-13,2026-05-13 11:09:00,385.9,385.9,385.79,385.79,-0.03,111.62,40353.35,-1
2026-05-13,2026-05-13 11:10:00,385.79,385.79,385.68,385.68,-0.03,111.62,40353.35,-1
2026-05-13,2026-05-13 11:11:00,385.68,385.68,385.56,385.56,-0.03,111.62,40353.35,-1
2026-05-13,2026-05-13 11:12:00,385.56,385.56,385.45,385.45,-0.03,111.62,40353.35,-1
2026-05-13,2026-05-13 11:13:00,385.45,385.45,385.34,385.34,-0.03,111.62,40353.35,-1
2026-05-13,2026-05-13 11:14:00,385.34,385.34,385.23,385.23,-0.03,111.62,40353.35,-1
2026-05-13,2026-05-13 11:15:00,385.23,385.23,385.12,385.12,-0.03,111.62,40353.35,-1
2026-05-13,2026-05-13 11:16:00,385.12,385.12,385.01,385.01,-0.03,111.62,40353.35,-1
2026-05-13,2026-05-13 11:17:00,385.01,385.01,384.9,384.9,-0.03,111.62,40353.35,-1
2026-05-13,2026-05-13 11:18:00,384.9,384.9,384.79,384.79,-0.03,111.62,40353.35,-1
2026-05-13,2026-05-13 11:19:00,384.79,384.79,384.67,384.67,-0.03,111.62,40353.35,-1
2026-05-13,2026-05-13 11:20:00,384.67,384.67,384.56,384.56,-0.03,111.62,40353.35,-1
2026-05-13,2026-05-13 11:21:00,384.56,384.56,384.45,384.45,-0.03,111.62,40353.35,-1
2026-05-13,2026-05-13 11:22:00,384.45,384.45,384.34,384.34,-0.03,111.62,40353.35,-1
2026-05-13,2026-05-13 11:23:00,384.34,384.34,384.23,384.23,-0.03,111.62,40353.35,-1
2026-05-13,2026-05-13 11:24:00,384.23,384.23,384.12,384.12,-0.03,111.62,40353.35,-1
2026-05-13,2026-05-13 11:25:00,384.12,384.12,384.01,384.01,-0.03,111.62,40353.35,-1
2026-05-13,2026-05-13 11:26:00,384.01,384.01,383.9,383.9,-0.03,111.62,40353.35,-1
2026-05-13,2026-05-13 11:27:00,383.9,383.9,383.78,383.78,-0.03,111.62,40353.35,-1
2026-05-13,2026-05-13 11:28:00,383.78,383.78,383.67,383.67,-0.03,111.62,40353.35,-1
2026-05-13,2026-05-13 11:29:00,383.67,383.67,383.56,383.56,-0.03,111.62,40353.35,-1
2026-05-13,2026-05-13 11:30:00,383.56,383.56,383.45,383.45,-0.03,111.62,40353.35,-1
2026-05-13,2026-05-13 11:31:00,383.45,383.45,383.34,383.34,-0.03,111.62,40353.35,-1
2026-05-13,2026-05-13 11:32:00,383.34,383.34,383.23,383.23,-0.03,111.62,40353.35,-1
2026-05-13,2026-05-13 11:33:00,383.23,383.23,383.12,383.12,-0.03,111.62,40353.35,-1
2026-05-13,2026-05-13 11:34:00,383.12,383.12,383.01,383.01,-0.03,111.62,40353.35,-1
2026-05-13,2026-05-13 11:35:00,383.01,383.01,382.89,382.89,-0.03,111.62,40353.35,-1
2026-05-13,2026-05-13 11:36:00,382.89,382.89,382.78,382.78,-0.03,111.62,40353.35,-1
2026-05-13,2026-05-13 11:37:00,382.78,382.78,382.67,382.67,-0.03,111.62,40353.35,-1
2026-05-13,2026-05-13 11:38:00,382.67,382.67,382.56,382.56,-0.03,111.62,40353.35,-1
2026-05-13,2026-05-13 11:39:00,382.56,382.56,382.45,382.45,-0.03,111.62,40353.35,-1
2026-05-13,2026-05-13 11:40:00,382.45,382.45,382.34,382.34,-0.03,111.62,40353.35,-1
2026-05-13,2026-05-13 11:41:00,382.34,382.34,382.23,382.23,-0.03,111.62,40353.35,-1
2026-05-13,2026-05-13 11:42:00,382.23,382.23,382.12,382.12,-0.03,111.62,40353.35,-1
2026-05-13,2026-05-13 11:43:00,382.12,382.12,382.0,382.0,-0.03,111.62,40353.35,-1
2026-05-13,2026-05-13 11:44:00,382.0,382.0,381.89,381.89,-0.03,111.62,40353.35,-1
2026-05-13,2026-05-13 11:45:00,381.89,381.89,381.78,381.78,-0.03,111.62,40353.35,-1
2026-05-13,2026-05-13 11:46:00,381.78,381.78,381.67,381.67,-0.03,111.62,40353.35,-1
2026-05-13,2026-05-13 11:47:00,381.67,381.67,381.56,381.56,-0.03,111.62,40353.35,-1
2026-05-13,2026-05-13 11:48:00,381.56,381.56,381.45,381.45,-0.03,111.62,40353.35,-1
2026-05-13,2026-05-13 11:49:00,381.45,381.45,381.34,381.34,-0.03,111.62,40353.35,-1
2026-05-13,2026-05-13 11:50:00,381.34,381.34,381.23,381.23,-0.03,111.62,40353.35,-1
2026-05-13,2026-05-13 11:51:00,381.23,381.23,381.11,381.11,-0.03,111.62,40353.35,-1
2026-05-13,2026-05-13 11:52:00,381.11,381.11,381.0,381.0,-0.03,111.62,40353.35,-1
2026-05-13,2026-05-13 11:53:00,381.0,381.0,380.89,380.89,-0.03,111.62,40353.35,-1
2026-05-13,2026-05-13 11:54:00,380.89,380.89,380.78,380.78,-0.03,111.62,40353.35,-1
2026-05-13,2026-05-13 11:55:00,380.78,380.78,380.67,380.67,-0.03,111.62,40353.35,-1
2026-05-13,2026-05-13 11:56:00,380.67,380.67,380.56,380.56,-0.03,111.62,40353.35,-1
2026-05-13,2026-05-13 11:57:00,380.56,380.56,380.45,380.45,-0.03,111.62,40353.35,-1
2026-05-13,2026-05-13 11:58:00,380.45,380.45,380.34,380.34,-0.03,111.62,40353.35,-1
2026-05-13,2026-05-13 11:59:00,380.34,380.34,380.22,380.22,-0.03,111.62,40353.35,-1
2026-05-13,2026-05-13 12:00:00,380.22,380.22,380.11,380.11,-0.03,111.62,40353.35,-1
2026-05-13,2026-05-13 12:01:00,380.11,380.11,380.0,380.0,-0.03,111.62,40353.35,-1
2026-05-13,2026-05-13 12:02:00,380.0,380.0,379.89,379.89,-0.03,111.62,40353.35,-1
2026-05-13,2026-05-13 12:03:00,379.89,379.89,379.78,379.78,-0.03,111.62,40353.35,-1
2026-05-13,2026-05-13 12:04:00,379.78,379.78,379.67,379.67,-0.03,111.62,40353.35,-1
2026-05-13,2026-05-13 12:05:00,379.67,379.67,379.56,379.56,-0.03,111.62,40353.35,-1
2026-05-13,2026-05-13 12:06:00,379.56,379.56,379.45,379.45,-0.03,111.62,40353.35,-1
2026-05-13,2026-05-13 12:07:00,379.45,379.45,379.33,379.33,-0.03,111.62,40353.35,-1
2026-05-13,2026-05-13 12:08:00,379.33,379.33,379.22,379.22,-0.03,111.62,40353.35,-1
2026-05-13,2026-05-13 12:09:00,379.22,379.22,379.11,379.11,-0.03,111.62,40353.35,-1
2026-05-13,2026-05-13 12:10:00,379.11,379.11,379.0,379.0,-0.03,111.62,40353.35,-1
2026-05-13,2026-05-13 12:11:00,379.0,379.0,378.89,378.89,-0.03,111.62,40353.35,-1
2026-05-13,2026-05-13 12:12:00,378.89,378.89,378.78,378.78,-0.03,111.62,40353.35,-1
2026-05-13,2026-05-13 12:13:00,378.78,378.78,378.67,378.67,-0.03,111.62,40353.35,-1
2026-05-13,2026-05-13 12:14:00,378.67,378.67,378.56,378.56,-0.03,111.62,40353.35,-1
2026-05-13,2026-05-13 12:15:00,378.56,378.56,378.44,378.44,-0.03,111.62,40353.35,-1
2026-05-13,2026-05-13 12:16:00,378.44,378.44,378.33,378.33,-0.03,111.62,40353.35,-1
2026-05-13,2026-05-13 12:17:00,378.33,378.33,378.22,378.22,-0.03,111.62,40353.35,-1
2026-05-13,2026-05-13 12:18:00,378.22,378.22,378.11,378.11,-0.03,111.62,40353.35,-1
2026-05-13,2026-05-13 12:19:00,378.11,378.11,378.0,378.0,-0.03,111.62,40353.35,-1
2026-05-13,2026-05-13 12:20:00,378.0,378.0,377.89,377.89,-0.03,111.62,40353.35,-1
2026-05-13,2026-05-13 12:21:00,377.89,377.89,377.78,377.78,-0.03,111.62,40353.35,-1
2026-05-13,2026-05-13 12:22:00,377.78,377.78,377.67,377.67,-0.03,111.62,40353.35,-1
2026-05-13,2026-05-13 12:23:00,377.67,377.67,377.56,377.56,-0.03,111.62,40353.35,-1
2026-05-13,2026-05-13 12:24:00,377.56,377.56,377.44,377.44,-0.03,111.62,40353.35,-1
2026-05-13,2026-05-13 12:25:00,377.44,377.44,377.33,377.33,-0.03,111.62,40353.35,-1
2026-05-13,2026-05-13 12:26:00,377.33,377.33,377.22,377.22,-0.03,111.62,40353.35,-1
2026-05-13,2026-05-13 12:27:00,377.22,377.22,377.11,377.11,-0.03,111.62,40353.35,-1
2026-05-13,2026-05-13 12:28:00,377.11,377.11,377.0,377.0,-0.03,111.62,40353.35,-1
2026-05-13,2026-05-13 12:29:00,377.0,377.0,376.89,376.89,-0.03,111.62,40353.35,-1
2026-05-13,2026-05-13 12:30:00,376.89,376.89,376.78,376.78,-0.03,111.62,40353.35,-1
2026-05-13,2026-05-13 12:31:00,376.78,376.78,376.66,376.66,-0.03,111.62,40353.35,-1
2026-05-13,2026-05-13 12:32:00,376.66,376.66,376.55,376.55,-0.03,111.62,40353.35,-1
2026-05-13,2026-05-13 12:33:00,376.55,376.55,376.44,376.44,-0.03,111.62,40353.35,-1
2026-05-13,2026-05-13 12:34:00,376.44,376.44,376.33,376.33,-0.03,111.62,40353.35,-1
2026-05-13,2026-05-13 12:35:00,376.33,376.33,376.22,376.22,-0.03,111.62,40353.35,-1
2026-05-13,2026-05-13 12:36:00,376.22,376.22,376.11,376.11,-0.03,111.62,40353.35,-1
2026-05-13,2026-05-13 12:37:00,376.11,376.11,376.0,376.0,-0.03,111.62,40353.35,-1
2026-05-13,2026-05-13 12:38:00,376.0,376.0,375.89,375.89,-0.03,111.62,40353.35,-1
2026-05-13,2026-05-13 12:39:00,375.89,375.89,375.77,375.77,-0.03,111.62,40353.35,-1
2026-05-13,2026-05-13 12:40:00,375.77,375.77,375.66,375.66,-0.03,111.62,40353.35,-1
2026-05-13,2026-05-13 12:41:00,375.66,375.66,375.55,375.55,-0.03,111.62,40353.35,-1
2026-05-13,2026-05-13 12:42:00,375.55,375.55,375.44,375.44,-0.03,111.62,40353.35,-1
2026-05-13,2026-05-13 12:43:00,375.44,375.44,375.33,375.33,-0.03,111.62,40353.35,-1
2026-05-13,2026-05-13 12:44:00,375.33,375.33,375.22,375.22,-0.03,111.62,40353.35,-1
2026-05-13,2026-05-13 12:45:00,375.22,375.22,375.11,375.11,-0.03,111.62,40353.35,-1
2026-05-13,2026-05-13 12:46:00,375.11,375.11,375.0,375.0,-0.03,111.62,40353.35,-1
2026-05-13,2026-05-13 12:47:00,375.0,375.0,374.88,374.88,-0.03,111.62,40353.35,-1
2026-05-13,2026-05-13 12:48:00,374.88,374.88,374.77,374.77,-0.03,111.62,40353.35,-1
2026-05-13,2026-05-13 12:49:00,374.77,374.77,374.66,374.66,-0.03,111.62,40353.35,-1
2026-05-13,2026-05-13 12:50:00,374.66,374.66,374.55,374.55,-0.03,111.62,40353.35,-1
2026-05-13,2026-05-13 12:51:00,374.55,374.55,374.44,374.44,-0.03,111.62,40353.35,-1
2026-05-13,2026-05-13 12:52:00,374.44,374.44,374.33,374.33,-0.03,111.62,40353.35,-1
2026-05-13,2026-05-13 12:53:00,374.33,374.33,374.22,374.22,-0.03,111.62,40353.35,-1
2026-05-13,2026-05-13 12:54:00,374.22,374.22,374.11,374.11,-0.03,111.62,40353.35,-1
2026-05-13,2026-05-13 12:55:00,374.11,374.11,374.0,374.0,-0.03,111.62,40353.35,-1
2026-05-13,2026-05-13 12:56:00,374.0,374.0,373.88,373.88,-0.03,111.62,40353.35,-1
2026-05-13,2026-05-13 12:57:00,373.88,373.88,373.77,373.77,-0.03,111.62,40353.35,-1
2026-05-13,2026-05-13 12:58:00,373.77,373.77,373.66,373.66,-0.03,111.62,40353.35,-1
2026-05-13,2026-05-13 12:59:00,373.66,373.66,373.55,373.55,-0.03,111.62,40353.35,-1
2026-05-13,2026-05-13 13:00:00,373.55,386.9,358.5,373.44,-0.03,111.62,40353.35,-1
2026-05-13,2026-05-13 13:01:00,373.44,373.44,373.33,373.33,-0.03,111.62,40353.35,-1
2026-05-13,2026-05-13 13:02:00,373.33,373.33,373.22,373.22,-0.03,111.62,40353.35,-1
2026-05-13,2026-05-13 13:03:00,373.22,373.22,373.1,373.1,-0.03,111.62,40353.35,-1
2026-05-13,2026-05-13 13:04:00,373.1,373.1,372.99,372.99,-0.03,111.62,40353.35,-1
2026-05-13,2026-05-13 13:05:00,372.99,372.99,372.88,372.88,-0.03,111.62,40353.35,-1
2026-05-13,2026-05-13 13:06:00,372.88,372.88,372.77,372.77,-0.03,111.62,40353.35,-1
2026-05-13,2026-05-13 13:07:00,372.77,372.77,372.66,372.66,-0.03,111.62,40353.35,-1
2026-05-13,2026-05-13 13:08:00,372.66,372.66,372.55,372.55,-0.03,111.62,40353.35,-1
2026-05-13,2026-05-13 13:09:00,372.55,372.55,372.44,372.44,-0.03,111.62,40353.35,-1
2026-05-13,2026-05-13 13:10:00,372.44,372.44,372.33,372.33,-0.03,111.62,40353.35,-1
2026-05-13,2026-05-13 13:11:00,372.33,372.33,372.21,372.21,-0.03,111.62,40353.35,-1
2026-05-13,2026-05-13 13:12:00,372.21,372.21,372.1,372.1,-0.03,111.62,40353.35,-1
2026-05-13,2026-05-13 13:13:00,372.1,372.1,371.99,371.99,-0.03,111.62,40353.35,-1
2026-05-13,2026-05-13 13:14:00,371.99,371.99,371.88,371.88,-0.03,111.62,40353.35,-1
2026-05-13,2026-05-13 13:15:00,371.88,371.88,371.77,371.77,-0.03,111.62,40353.35,-1
2026-05-13,2026-05-13 13:16:00,371.77,371.77,371.66,371.66,-0.03,111.62,40353.35,-1
2026-05-13,2026-05-13 13:17:00,371.66,371.66,371.55,371.55,-0.03,111.62,40353.35,-1
2026-05-13,2026-05-13 13:18:00,371.55,371.55,371.44,371.44,-0.03,111.62,40353.35,-1
2026-05-13,2026-05-13 13:19:00,371.44,371.44,371.32,371.32,-0.03,111.62,40353.35,-1
2026-05-13,2026-05-13 13:20:00,371.32,371.32,371.21,371.21,-0.03,111.62,40353.35,-1
2026-05-13,2026-05-13 13:21:00,371.21,371.21,371.1,371.1,-0.03,111.62,40353.35,-1
2026-05-13,2026-05-13 13:22:00,371.1,371.1,370.99,370.99,-0.03,111.62,40353.35,-1
2026-05-13,2026-05-13 13:23:00,370.99,370.99,370.88,370.88,-0.03,111.62,40353.35,-1
2026-05-13,2026-05-13 13:24:00,370.88,370.88,370.77,370.77,-0.03,111.62,40353.35,-1
2026-05-13,2026-05-13 13:25:00,370.77,370.77,370.66,370.66,-0.03,111.62,40353.35,-1
2026-05-13,2026-05-13 13:26:00,370.66,370.66,370.55,370.55,-0.03,111.62,40353.35,-1
2026-05-13,2026-05-13 13:27:00,370.55,370.55,370.44,370.44,-0.03,111.62,40353.35,-1
2026-05-13,2026-05-13 13:28:00,370.44,370.44,370.32,370.32,-0.03,111.62,40353.35,-1
2026-05-13,2026-05-13 13:29:00,370.32,370.32,370.21,370.21,-0.03,111.62,40353.35,-1
2026-05-13,2026-05-13 13:30:00,370.21,370.21,370.1,370.1,-0.03,111.62,40353.35,-1
2026-05-13,2026-05-13 13:31:00,370.1,370.1,369.99,369.99,-0.03,111.62,40353.35,-1
2026-05-13,2026-05-13 13:32:00,369.99,369.99,369.88,369.88,-0.03,111.62,40353.35,-1
2026-05-13,2026-05-13 13:33:00,369.88,369.88,369.77,369.77,-0.03,111.62,40353.35,-1
2026-05-13,2026-05-13 13:34:00,369.77,369.77,369.66,369.66,-0.03,111.62,40353.35,-1
2026-05-13,2026-05-13 13:35:00,369.66,369.66,369.54,369.54,-0.03,111.62,40353.35,-1
2026-05-13,2026-05-13 13:36:00,369.54,369.54,369.43,369.43,-0.03,111.62,40353.35,-1
2026-05-13,2026-05-13 13:37:00,369.43,369.43,369.32,369.32,-0.03,111.62,40353.35,-1
2026-05-13,2026-05-13 13:38:00,369.32,369.32,369.21,369.21,-0.03,111.62,40353.35,-1
2026-05-13,2026-05-13 13:39:00,369.21,369.21,369.1,369.1,-0.03,111.62,40353.35,-1
2026-05-13,2026-05-13 13:40:00,369.1,369.1,368.99,368.99,-0.03,111.62,40353.35,-1
2026-05-13,2026-05-13 13:41:00,368.99,368.99,368.88,368.88,-0.03,111.62,40353.35,-1
2026-05-13,2026-05-13 13:42:00,368.88,368.88,368.77,368.77,-0.03,111.62,40353.35,-1
2026-05-13,2026-05-13 13:43:00,368.77,368.77,368.65,368.65,-0.03,111.62,40353.35,-1
2026-05-13,2026-05-13 13:44:00,368.65,368.65,368.54,368.54,-0.03,111.62,40353.35,-1
2026-05-13,2026-05-13 13:45:00,368.54,368.54,368.43,368.43,-0.03,111.62,40353.35,-1
2026-05-13,2026-05-13 13:46:00,368.43,368.43,368.32,368.32,-0.03,111.62,40353.35,-1
2026-05-13,2026-05-13 13:47:00,368.32,368.32,368.21,368.21,-0.03,111.62,40353.35,-1
2026-05-13,2026-05-13 13:48:00,368.21,368.21,368.1,368.1,-0.03,111.62,40353.35,-1
2026-05-13,2026-05-13 13:49:00,368.1,368.1,367.99,367.99,-0.03,111.62,40353.35,-1
2026-05-13,2026-05-13 13:50:00,367.99,367.99,367.88,367.88,-0.03,111.62,40353.35,-1
2026-05-13,2026-05-13 13:51:00,367.88,367.88,367.76,367.76,-0.03,111.62,40353.35,-1
2026-05-13,2026-05-13 13:52:00,367.76,367.76,367.65,367.65,-0.03,111.62,40353.35,-1
2026-05-13,2026-05-13 13:53:00,367.65,367.65,367.54,367.54,-0.03,111.62,40353.35,-1
2026-05-13,2026-05-13 13:54:00,367.54,367.54,367.43,367.43,-0.03,111.62,40353.35,-1
2026-05-13,2026-05-13 13:55:00,367.43,367.43,367.32,367.32,-0.03,111.62,40353.35,-1
2026-05-13,2026-05-13 13:56:00,367.32,367.32,367.21,367.21,-0.03,111.62,40353.35,-1
2026-05-13,2026-05-13 13:57:00,367.21,367.21,367.1,367.1,-0.03,111.62,40353.35,-1
2026-05-13,2026-05-13 13:58:00,367.1,367.1,366.99,366.99,-0.03,111.62,40353.35,-1
2026-05-13,2026-05-13 13:59:00,366.99,366.99,366.88,366.88,-0.03,111.62,40353.35,-1
2026-05-13,2026-05-13 14:00:00,366.88,366.88,366.76,366.76,-0.03,111.62,40353.35,-1
2026-05-13,2026-05-13 14:01:00,366.76,366.76,366.65,366.65,-0.03,111.62,40353.35,-1
2026-05-13,2026-05-13 14:02:00,366.65,366.65,366.54,366.54,-0.03,111.62,40353.35,-1
2026-05-13,2026-05-13 14:03:00,366.54,366.54,366.43,366.43,-0.03,111.62,40353.35,-1
2026-05-13,2026-05-13 14:04:00,366.43,366.43,366.32,366.32,-0.03,111.62,40353.35,-1
2026-05-13,2026-05-13 14:05:00,366.32,366.32,366.21,366.21,-0.03,111.62,40353.35,-1
2026-05-13,2026-05-13 14:06:00,366.21,366.21,366.1,366.1,-0.03,111.62,40353.35,-1
2026-05-13,2026-05-13 14:07:00,366.1,366.1,365.99,365.99,-0.03,111.62,40353.35,-1
2026-05-13,2026-05-13 14:08:00,365.99,365.99,365.87,365.87,-0.03,111.62,40353.35,-1
2026-05-13,2026-05-13 14:09:00,365.87,365.87,365.76,365.76,-0.03,111.62,40353.35,-1
2026-05-13,2026-05-13 14:10:00,365.76,365.76,365.65,365.65,-0.03,111.62,40353.35,-1
2026-05-13,2026-05-13 14:11:00,365.65,365.65,365.54,365.54,-0.03,111.62,40353.35,-1
2026-05-13,2026-05-13 14:12:00,365.54,365.54,365.43,365.43,-0.03,111.62,40353.35,-1
2026-05-13,2026-05-13 14:13:00,365.43,365.43,365.32,365.32,-0.03,111.62,40353.35,-1
2026-05-13,2026-05-13 14:14:00,365.32,365.32,365.21,365.21,-0.03,111.62,40353.35,-1
2026-05-13,2026-05-13 14:15:00,365.21,365.21,365.09,365.09,-0.03,111.62,40353.35,-1
2026-05-13,2026-05-13 14:16:00,365.09,365.09,364.98,364.98,-0.03,111.62,40353.35,-1
2026-05-13,2026-05-13 14:17:00,364.98,364.98,364.87,364.87,-0.03,111.62,40353.35,-1
2026-05-13,2026-05-13 14:18:00,364.87,364.87,364.76,364.76,-0.03,111.62,40353.35,-1
2026-05-13,2026-05-13 14:19:00,364.76,364.76,364.65,364.65,-0.03,111.62,40353.35,-1
2026-05-13,2026-05-13 14:20:00,364.65,364.65,364.54,364.54,-0.03,111.62,40353.35,-1
2026-05-13,2026-05-13 14:21:00,364.54,364.54,364.43,364.43,-0.03,111.62,40353.35,-1
2026-05-13,2026-05-13 14:22:00,364.43,364.43,364.32,364.32,-0.03,111.62,40353.35,-1
2026-05-13,2026-05-13 14:23:00,364.32,364.32,364.2,364.2,-0.03,111.62,40353.35,-1
2026-05-13,2026-05-13 14:24:00,364.2,364.2,364.09,364.09,-0.03,111.62,40353.35,-1
2026-05-13,2026-05-13 14:25:00,364.09,364.09,363.98,363.98,-0.03,111.62,40353.35,-1
2026-05-13,2026-05-13 14:26:00,363.98,363.98,363.87,363.87,-0.03,111.62,40353.35,-1
2026-05-13,2026-05-13 14:27:00,363.87,363.87,363.76,363.76,-0.03,111.62,40353.35,-1
2026-05-13,2026-05-13 14:28:00,363.76,363.76,363.65,363.65,-0.03,111.62,40353.35,-1
2026-05-13,2026-05-13 14:29:00,363.65,363.65,363.54,363.54,-0.03,111.62,40353.35,-1
2026-05-13,2026-05-13 14:30:00,363.54,363.54,363.43,363.43,-0.03,111.62,40353.35,-1
2026-05-13,2026-05-13 14:31:00,363.43,363.43,363.31,363.31,-0.03,111.62,40353.35,-1
2026-05-13,2026-05-13 14:32:00,363.31,363.31,363.2,363.2,-0.03,111.62,40353.35,-1
2026-05-13,2026-05-13 14:33:00,363.2,363.2,363.09,363.09,-0.03,111.62,40353.35,-1
2026-05-13,2026-05-13 14:34:00,363.09,363.09,362.98,362.98,-0.03,111.62,40353.35,-1
2026-05-13,2026-05-13 14:35:00,362.98,362.98,362.87,362.87,-0.03,111.62,40353.35,-1
2026-05-13,2026-05-13 14:36:00,362.87,362.87,362.76,362.76,-0.03,111.62,40353.35,-1
2026-05-13,2026-05-13 14:37:00,362.76,362.76,362.65,362.65,-0.03,111.62,40353.35,-1
2026-05-13,2026-05-13 14:38:00,362.65,362.65,362.54,362.54,-0.03,111.62,40353.35,-1
2026-05-13,2026-05-13 14:39:00,362.54,362.54,362.43,362.43,-0.03,111.62,40353.35,-1
2026-05-13,2026-05-13 14:40:00,362.43,362.43,362.31,362.31,-0.03,111.62,40353.35,-1
2026-05-13,2026-05-13 14:41:00,362.31,362.31,362.2,362.2,-0.03,111.62,40353.35,-1
2026-05-13,2026-05-13 14:42:00,362.2,362.2,362.09,362.09,-0.03,111.62,40353.35,-1
2026-05-13,2026-05-13 14:43:00,362.09,362.09,361.98,361.98,-0.03,111.62,40353.35,-1
2026-05-13,2026-05-13 14:44:00,361.98,361.98,361.87,361.87,-0.03,111.62,40353.35,-1
2026-05-13,2026-05-13 14:45:00,361.87,361.87,361.76,361.76,-0.03,111.62,40353.35,-1
2026-05-13,2026-05-13 14:46:00,361.76,361.76,361.65,361.65,-0.03,111.62,40353.35,-1
2026-05-13,2026-05-13 14:47:00,361.65,361.65,361.53,361.53,-0.03,111.62,40353.35,-1
2026-05-13,2026-05-13 14:48:00,361.53,361.53,361.42,361.42,-0.03,111.62,40353.35,-1
2026-05-13,2026-05-13 14:49:00,361.42,361.42,361.31,361.31,-0.03,111.62,40353.35,-1
2026-05-13,2026-05-13 14:50:00,361.31,361.31,361.2,361.2,-0.03,111.62,40353.35,-1
2026-05-13,2026-05-13 14:51:00,361.2,361.2,361.09,361.09,-0.03,111.62,40353.35,-1
2026-05-13,2026-05-13 14:52:00,361.09,361.09,360.98,360.98,-0.03,111.62,40353.35,-1
2026-05-13,2026-05-13 14:53:00,360.98,360.98,360.87,360.87,-0.03,111.62,40353.35,-1
2026-05-13,2026-05-13 14:54:00,360.87,360.87,360.76,360.76,-0.03,111.62,40353.35,-1
2026-05-13,2026-05-13 14:55:00,360.76,360.76,360.64,360.64,-0.03,111.62,40353.35,-1
2026-05-13,2026-05-13 14:56:00,360.64,360.64,360.53,360.53,-0.03,111.62,40353.35,-1
2026-05-13,2026-05-13 14:57:00,360.53,360.53,360.42,360.42,-0.03,111.62,40353.35,-1
2026-05-13,2026-05-13 14:58:00,360.42,360.42,360.31,360.31,-0.03,111.62,40353.35,-1
2026-05-13,2026-05-13 14:59:00,360.31,360.31,360.2,360.2,-0.03,111.62,40353.35,-1
2026-05-13,2026-05-13 15:00:00,360.2,386.9,358.5,360.2,0.0,111.62,40353.35,0
2026-05-14,2026-05-14 11:00:00,377.0,377.0,370.4,376.94,-0.02,39.91,14338.59,-1
2026-05-14,2026-05-14 11:01:00,376.94,376.94,376.87,376.87,-0.02,39.91,14338.59,-1
2026-05-14,2026-05-14 11:02:00,376.87,376.87,376.81,376.81,-0.02,39.91,14338.59,-1
2026-05-14,2026-05-14 11:03:00,376.81,376.81,376.75,376.75,-0.02,39.91,14338.59,-1
2026-05-14,2026-05-14 11:04:00,376.75,376.75,376.69,376.69,-0.02,39.91,14338.59,-1
2026-05-14,2026-05-14 11:05:00,376.69,376.69,376.62,376.62,-0.02,39.91,14338.59,-1
2026-05-14,2026-05-14 11:06:00,376.62,376.62,376.56,376.56,-0.02,39.91,14338.59,-1
2026-05-14,2026-05-14 11:07:00,376.56,376.56,376.5,376.5,-0.02,39.91,14338.59,-1
2026-05-14,2026-05-14 11:08:00,376.5,376.5,376.43,376.43,-0.02,39.91,14338.59,-1
2026-05-14,2026-05-14 11:09:00,376.43,376.43,376.37,376.37,-0.02,39.91,14338.59,-1
2026-05-14,2026-05-14 11:10:00,376.37,376.37,376.31,376.31,-0.02,39.91,14338.59,-1
2026-05-14,2026-05-14 11:11:00,376.31,376.31,376.25,376.25,-0.02,39.91,14338.59,-1
2026-05-14,2026-05-14 11:12:00,376.25,376.25,376.18,376.18,-0.02,39.91,14338.59,-1
2026-05-14,2026-05-14 11:13:00,376.18,376.18,376.12,376.12,-0.02,39.91,14338.59,-1
2026-05-14,2026-05-14 11:14:00,376.12,376.12,376.06,376.06,-0.02,39.91,14338.59,-1
2026-05-14,2026-05-14 11:15:00,376.06,376.06,375.99,375.99,-0.02,39.91,14338.59,-1
2026-05-14,2026-05-14 11:16:00,375.99,375.99,375.93,375.93,-0.02,39.91,14338.59,-1
2026-05-14,2026-05-14 11:17:00,375.93,375.93,375.87,375.87,-0.02,39.91,14338.59,-1
2026-05-14,2026-05-14 11:18:00,375.87,375.87,375.8,375.8,-0.02,39.91,14338.59,-1
2026-05-14,2026-05-14 11:19:00,375.8,375.8,375.74,375.74,-0.02,39.91,14338.59,-1
2026-05-14,2026-05-14 11:20:00,375.74,375.74,375.68,375.68,-0.02,39.91,14338.59,-1
2026-05-14,2026-05-14 11:21:00,375.68,375.68,375.62,375.62,-0.02,39.91,14338.59,-1
2026-05-14,2026-05-14 11:22:00,375.62,375.62,375.55,375.55,-0.02,39.91,14338.59,-1
2026-05-14,2026-05-14 11:23:00,375.55,375.55,375.49,375.49,-0.02,39.91,14338.59,-1
2026-05-14,2026-05-14 11:24:00,375.49,375.49,375.43,375.43,-0.02,39.91,14338.59,-1
2026-05-14,2026-05-14 11:25:00,375.43,375.43,375.36,375.36,-0.02,39.91,14338.59,-1
2026-05-14,2026-05-14 11:26:00,375.36,375.36,375.3,375.3,-0.02,39.91,14338.59,-1
2026-05-14,2026-05-14 11:27:00,375.3,375.3,375.24,375.24,-0.02,39.91,14338.59,-1
2026-05-14,2026-05-14 11:28:00,375.24,375.24,375.18,375.18,-0.02,39.91,14338.59,-1
2026-05-14,2026-05-14 11:29:00,375.18,375.18,375.11,375.11,-0.02,39.91,14338.59,-1
2026-05-14,2026-05-14 11:30:00,375.11,375.11,375.05,375.05,-0.02,39.91,14338.59,-1
2026-05-14,2026-05-14 11:31:00,375.05,375.05,374.99,374.99,-0.02,39.91,14338.59,-1
2026-05-14,2026-05-14 11:32:00,374.99,374.99,374.92,374.92,-0.02,39.91,14338.59,-1
2026-05-14,2026-05-14 11:33:00,374.92,374.92,374.86,374.86,-0.02,39.91,14338.59,-1
2026-05-14,2026-05-14 11:34:00,374.86,374.86,374.8,374.8,-0.02,39.91,14338.59,-1
2026-05-14,2026-05-14 11:35:00,374.8,374.8,374.74,374.74,-0.02,39.91,14338.59,-1
2026-05-14,2026-05-14 11:36:00,374.74,374.74,374.67,374.67,-0.02,39.91,14338.59,-1
2026-05-14,2026-05-14 11:37:00,374.67,374.67,374.61,374.61,-0.02,39.91,14338.59,-1
2026-05-14,2026-05-14 11:38:00,374.61,374.61,374.55,374.55,-0.02,39.91,14338.59,-1
2026-05-14,2026-05-14 11:39:00,374.55,374.55,374.48,374.48,-0.02,39.91,14338.59,-1
2026-05-14,2026-05-14 11:40:00,374.48,374.48,374.42,374.42,-0.02,39.91,14338.59,-1
2026-05-14,2026-05-14 11:41:00,374.42,374.42,374.36,374.36,-0.02,39.91,14338.59,-1
2026-05-14,2026-05-14 11:42:00,374.36,374.36,374.29,374.29,-0.02,39.91,14338.59,-1
2026-05-14,2026-05-14 11:43:00,374.29,374.29,374.23,374.23,-0.02,39.91,14338.59,-1
2026-05-14,2026-05-14 11:44:00,374.23,374.23,374.17,374.17,-0.02,39.91,14338.59,-1
2026-05-14,2026-05-14 11:45:00,374.17,374.17,374.11,374.11,-0.02,39.91,14338.59,-1
2026-05-14,2026-05-14 11:46:00,374.11,374.11,374.04,374.04,-0.02,39.91,14338.59,-1
2026-05-14,2026-05-14 11:47:00,374.04,374.04,373.98,373.98,-0.02,39.91,14338.59,-1
2026-05-14,2026-05-14 11:48:00,373.98,373.98,373.92,373.92,-0.02,39.91,14338.59,-1
2026-05-14,2026-05-14 11:49:00,373.92,373.92,373.85,373.85,-0.02,39.91,14338.59,-1
2026-05-14,2026-05-14 11:50:00,373.85,373.85,373.79,373.79,-0.02,39.91,14338.59,-1
2026-05-14,2026-05-14 11:51:00,373.79,373.79,373.73,373.73,-0.02,39.91,14338.59,-1
2026-05-14,2026-05-14 11:52:00,373.73,373.73,373.67,373.67,-0.02,39.91,14338.59,-1
2026-05-14,2026-05-14 11:53:00,373.67,373.67,373.6,373.6,-0.02,39.91,14338.59,-1
2026-05-14,2026-05-14 11:54:00,373.6,373.6,373.54,373.54,-0.02,39.91,14338.59,-1
2026-05-14,2026-05-14 11:55:00,373.54,373.54,373.48,373.48,-0.02,39.91,14338.59,-1
2026-05-14,2026-05-14 11:56:00,373.48,373.48,373.41,373.41,-0.02,39.91,14338.59,-1
2026-05-14,2026-05-14 11:57:00,373.41,373.41,373.35,373.35,-0.02,39.91,14338.59,-1
2026-05-14,2026-05-14 11:58:00,373.35,373.35,373.29,373.29,-0.02,39.91,14338.59,-1
2026-05-14,2026-05-14 11:59:00,373.29,373.29,373.23,373.23,-0.02,39.91,14338.59,-1
2026-05-14,2026-05-14 12:00:00,373.23,373.23,373.16,373.16,-0.02,39.91,14338.59,-1
2026-05-14,2026-05-14 12:01:00,373.16,373.16,373.1,373.1,-0.02,39.91,14338.59,-1
2026-05-14,2026-05-14 12:02:00,373.1,373.1,373.04,373.04,-0.02,39.91,14338.59,-1
2026-05-14,2026-05-14 12:03:00,373.04,373.04,372.97,372.97,-0.02,39.91,14338.59,-1
2026-05-14,2026-05-14 12:04:00,372.97,372.97,372.91,372.91,-0.02,39.91,14338.59,-1
2026-05-14,2026-05-14 12:05:00,372.91,372.91,372.85,372.85,-0.02,39.91,14338.59,-1
2026-05-14,2026-05-14 12:06:00,372.85,372.85,372.78,372.78,-0.02,39.91,14338.59,-1
2026-05-14,2026-05-14 12:07:00,372.78,372.78,372.72,372.72,-0.02,39.91,14338.59,-1
2026-05-14,2026-05-14 12:08:00,372.72,372.72,372.66,372.66,-0.02,39.91,14338.59,-1
2026-05-14,2026-05-14 12:09:00,372.66,372.66,372.6,372.6,-0.02,39.91,14338.59,-1
2026-05-14,2026-05-14 12:10:00,372.6,372.6,372.53,372.53,-0.02,39.91,14338.59,-1
2026-05-14,2026-05-14 12:11:00,372.53,372.53,372.47,372.47,-0.02,39.91,14338.59,-1
2026-05-14,2026-05-14 12:12:00,372.47,372.47,372.41,372.41,-0.02,39.91,14338.59,-1
2026-05-14,2026-05-14 12:13:00,372.41,372.41,372.34,372.34,-0.02,39.91,14338.59,-1
2026-05-14,2026-05-14 12:14:00,372.34,372.34,372.28,372.28,-0.02,39.91,14338.59,-1
2026-05-14,2026-05-14 12:15:00,372.28,372.28,372.22,372.22,-0.02,39.91,14338.59,-1
2026-05-14,2026-05-14 12:16:00,372.22,372.22,372.16,372.16,-0.02,39.91,14338.59,-1
2026-05-14,2026-05-14 12:17:00,372.16,372.16,372.09,372.09,-0.02,39.91,14338.59,-1
2026-05-14,2026-05-14 12:18:00,372.09,372.09,372.03,372.03,-0.02,39.91,14338.59,-1
2026-05-14,2026-05-14 12:19:00,372.03,372.03,371.97,371.97,-0.02,39.91,14338.59,-1
2026-05-14,2026-05-14 12:20:00,371.97,371.97,371.9,371.9,-0.02,39.91,14338.59,-1
2026-05-14,2026-05-14 12:21:00,371.9,371.9,371.84,371.84,-0.02,39.91,14338.59,-1
2026-05-14,2026-05-14 12:22:00,371.84,371.84,371.78,371.78,-0.02,39.91,14338.59,-1
2026-05-14,2026-05-14 12:23:00,371.78,371.78,371.71,371.71,-0.02,39.91,14338.59,-1
2026-05-14,2026-05-14 12:24:00,371.71,371.71,371.65,371.65,-0.02,39.91,14338.59,-1
2026-05-14,2026-05-14 12:25:00,371.65,371.65,371.59,371.59,-0.02,39.91,14338.59,-1
2026-05-14,2026-05-14 12:26:00,371.59,371.59,371.53,371.53,-0.02,39.91,14338.59,-1
2026-05-14,2026-05-14 12:27:00,371.53,371.53,371.46,371.46,-0.02,39.91,14338.59,-1
2026-05-14,2026-05-14 12:28:00,371.46,371.46,371.4,371.4,-0.02,39.91,14338.59,-1
2026-05-14,2026-05-14 12:29:00,371.4,371.4,371.34,371.34,-0.02,39.91,14338.59,-1
2026-05-14,2026-05-14 12:30:00,371.34,371.34,371.27,371.27,-0.02,39.91,14338.59,-1
2026-05-14,2026-05-14 12:31:00,371.27,371.27,371.21,371.21,-0.02,39.91,14338.59,-1
2026-05-14,2026-05-14 12:32:00,371.21,371.21,371.15,371.15,-0.02,39.91,14338.59,-1
2026-05-14,2026-05-14 12:33:00,371.15,371.15,371.09,371.09,-0.02,39.91,14338.59,-1
2026-05-14,2026-05-14 12:34:00,371.09,371.09,371.02,371.02,-0.02,39.91,14338.59,-1
2026-05-14,2026-05-14 12:35:00,371.02,371.02,370.96,370.96,-0.02,39.91,14338.59,-1
2026-05-14,2026-05-14 12:36:00,370.96,370.96,370.9,370.9,-0.02,39.91,14338.59,-1
2026-05-14,2026-05-14 12:37:00,370.9,370.9,370.83,370.83,-0.02,39.91,14338.59,-1
2026-05-14,2026-05-14 12:38:00,370.83,370.83,370.77,370.77,-0.02,39.91,14338.59,-1
2026-05-14,2026-05-14 12:39:00,370.77,370.77,370.71,370.71,-0.02,39.91,14338.59,-1
2026-05-14,2026-05-14 12:40:00,370.71,370.71,370.65,370.65,-0.02,39.91,14338.59,-1
2026-05-14,2026-05-14 12:41:00,370.65,370.65,370.58,370.58,-0.02,39.91,14338.59,-1
2026-05-14,2026-05-14 12:42:00,370.58,370.58,370.52,370.52,-0.02,39.91,14338.59,-1
2026-05-14,2026-05-14 12:43:00,370.52,370.52,370.46,370.46,-0.02,39.91,14338.59,-1
2026-05-14,2026-05-14 12:44:00,370.46,370.46,370.39,370.39,-0.02,39.91,14338.59,-1
2026-05-14,2026-05-14 12:45:00,370.39,370.39,370.33,370.33,-0.02,39.91,14338.59,-1
2026-05-14,2026-05-14 12:46:00,370.33,370.33,370.27,370.27,-0.02,39.91,14338.59,-1
2026-05-14,2026-05-14 12:47:00,370.27,370.27,370.2,370.2,-0.02,39.91,14338.59,-1
2026-05-14,2026-05-14 12:48:00,370.2,370.2,370.14,370.14,-0.02,39.91,14338.59,-1
2026-05-14,2026-05-14 12:49:00,370.14,370.14,370.08,370.08,-0.02,39.91,14338.59,-1
2026-05-14,2026-05-14 12:50:00,370.08,370.08,370.02,370.02,-0.02,39.91,14338.59,-1
2026-05-14,2026-05-14 12:51:00,370.02,370.02,369.95,369.95,-0.02,39.91,14338.59,-1
2026-05-14,2026-05-14 12:52:00,369.95,369.95,369.89,369.89,-0.02,39.91,14338.59,-1
2026-05-14,2026-05-14 12:53:00,369.89,369.89,369.83,369.83,-0.02,39.91,14338.59,-1
2026-05-14,2026-05-14 12:54:00,369.83,369.83,369.76,369.76,-0.02,39.91,14338.59,-1
2026-05-14,2026-05-14 12:55:00,369.76,369.76,369.7,369.7,-0.02,39.91,14338.59,-1
2026-05-14,2026-05-14 12:56:00,369.7,369.7,369.64,369.64,-0.02,39.91,14338.59,-1
2026-05-14,2026-05-14 12:57:00,369.64,369.64,369.58,369.58,-0.02,39.91,14338.59,-1
2026-05-14,2026-05-14 12:58:00,369.58,369.58,369.51,369.51,-0.02,39.91,14338.59,-1
2026-05-14,2026-05-14 12:59:00,369.51,369.51,369.45,369.45,-0.02,39.91,14338.59,-1
2026-05-14,2026-05-14 13:00:00,369.45,377.0,355.0,369.39,-0.02,39.91,14338.59,-1
2026-05-14,2026-05-14 13:01:00,369.39,369.39,369.32,369.32,-0.02,39.91,14338.59,-1
2026-05-14,2026-05-14 13:02:00,369.32,369.32,369.26,369.26,-0.02,39.91,14338.59,-1
2026-05-14,2026-05-14 13:03:00,369.26,369.26,369.2,369.2,-0.02,39.91,14338.59,-1
2026-05-14,2026-05-14 13:04:00,369.2,369.2,369.14,369.14,-0.02,39.91,14338.59,-1
2026-05-14,2026-05-14 13:05:00,369.14,369.14,369.07,369.07,-0.02,39.91,14338.59,-1
2026-05-14,2026-05-14 13:06:00,369.07,369.07,369.01,369.01,-0.02,39.91,14338.59,-1
2026-05-14,2026-05-14 13:07:00,369.01,369.01,368.95,368.95,-0.02,39.91,14338.59,-1
2026-05-14,2026-05-14 13:08:00,368.95,368.95,368.88,368.88,-0.02,39.91,14338.59,-1
2026-05-14,2026-05-14 13:09:00,368.88,368.88,368.82,368.82,-0.02,39.91,14338.59,-1
2026-05-14,2026-05-14 13:10:00,368.82,368.82,368.76,368.76,-0.02,39.91,14338.59,-1
2026-05-14,2026-05-14 13:11:00,368.76,368.76,368.69,368.69,-0.02,39.91,14338.59,-1
2026-05-14,2026-05-14 13:12:00,368.69,368.69,368.63,368.63,-0.02,39.91,14338.59,-1
2026-05-14,2026-05-14 13:13:00,368.63,368.63,368.57,368.57,-0.02,39.91,14338.59,-1
2026-05-14,2026-05-14 13:14:00,368.57,368.57,368.51,368.51,-0.02,39.91,14338.59,-1
2026-05-14,2026-05-14 13:15:00,368.51,368.51,368.44,368.44,-0.02,39.91,14338.59,-1
2026-05-14,2026-05-14 13:16:00,368.44,368.44,368.38,368.38,-0.02,39.91,14338.59,-1
2026-05-14,2026-05-14 13:17:00,368.38,368.38,368.32,368.32,-0.02,39.91,14338.59,-1
2026-05-14,2026-05-14 13:18:00,368.32,368.32,368.25,368.25,-0.02,39.91,14338.59,-1
2026-05-14,2026-05-14 13:19:00,368.25,368.25,368.19,368.19,-0.02,39.91,14338.59,-1
2026-05-14,2026-05-14 13:20:00,368.19,368.19,368.13,368.13,-0.02,39.91,14338.59,-1
2026-05-14,2026-05-14 13:21:00,368.13,368.13,368.07,368.07,-0.02,39.91,14338.59,-1
2026-05-14,2026-05-14 13:22:00,368.07,368.07,368.0,368.0,-0.02,39.91,14338.59,-1
2026-05-14,2026-05-14 13:23:00,368.0,368.0,367.94,367.94,-0.02,39.91,14338.59,-1
2026-05-14,2026-05-14 13:24:00,367.94,367.94,367.88,367.88,-0.02,39.91,14338.59,-1
2026-05-14,2026-05-14 13:25:00,367.88,367.88,367.81,367.81,-0.02,39.91,14338.59,-1
2026-05-14,2026-05-14 13:26:00,367.81,367.81,367.75,367.75,-0.02,39.91,14338.59,-1
2026-05-14,2026-05-14 13:27:00,367.75,367.75,367.69,367.69,-0.02,39.91,14338.59,-1
2026-05-14,2026-05-14 13:28:00,367.69,367.69,367.63,367.63,-0.02,39.91,14338.59,-1
2026-05-14,2026-05-14 13:29:00,367.63,367.63,367.56,367.56,-0.02,39.91,14338.59,-1
2026-05-14,2026-05-14 13:30:00,367.56,367.56,367.5,367.5,-0.02,39.91,14338.59,-1
2026-05-14,2026-05-14 13:31:00,367.5,367.5,367.44,367.44,-0.02,39.91,14338.59,-1
2026-05-14,2026-05-14 13:32:00,367.44,367.44,367.37,367.37,-0.02,39.91,14338.59,-1
2026-05-14,2026-05-14 13:33:00,367.37,367.37,367.31,367.31,-0.02,39.91,14338.59,-1
2026-05-14,2026-05-14 13:34:00,367.31,367.31,367.25,367.25,-0.02,39.91,14338.59,-1
2026-05-14,2026-05-14 13:35:00,367.25,367.25,367.19,367.19,-0.02,39.91,14338.59,-1
2026-05-14,2026-05-14 13:36:00,367.19,367.19,367.12,367.12,-0.02,39.91,14338.59,-1
2026-05-14,2026-05-14 13:37:00,367.12,367.12,367.06,367.06,-0.02,39.91,14338.59,-1
2026-05-14,2026-05-14 13:38:00,367.06,367.06,367.0,367.0,-0.02,39.91,14338.59,-1
2026-05-14,2026-05-14 13:39:00,367.0,367.0,366.93,366.93,-0.02,39.91,14338.59,-1
2026-05-14,2026-05-14 13:40:00,366.93,366.93,366.87,366.87,-0.02,39.91,14338.59,-1
2026-05-14,2026-05-14 13:41:00,366.87,366.87,366.81,366.81,-0.02,39.91,14338.59,-1
2026-05-14,2026-05-14 13:42:00,366.81,366.81,366.74,366.74,-0.02,39.91,14338.59,-1
2026-05-14,2026-05-14 13:43:00,366.74,366.74,366.68,366.68,-0.02,39.91,14338.59,-1
2026-05-14,2026-05-14 13:44:00,366.68,366.68,366.62,366.62,-0.02,39.91,14338.59,-1
2026-05-14,2026-05-14 13:45:00,366.62,366.62,366.56,366.56,-0.02,39.91,14338.59,-1
2026-05-14,2026-05-14 13:46:00,366.56,366.56,366.49,366.49,-0.02,39.91,14338.59,-1
2026-05-14,2026-05-14 13:47:00,366.49,366.49,366.43,366.43,-0.02,39.91,14338.59,-1
2026-05-14,2026-05-14 13:48:00,366.43,366.43,366.37,366.37,-0.02,39.91,14338.59,-1
2026-05-14,2026-05-14 13:49:00,366.37,366.37,366.3,366.3,-0.02,39.91,14338.59,-1
2026-05-14,2026-05-14 13:50:00,366.3,366.3,366.24,366.24,-0.02,39.91,14338.59,-1
2026-05-14,2026-05-14 13:51:00,366.24,366.24,366.18,366.18,-0.02,39.91,14338.59,-1
2026-05-14,2026-05-14 13:52:00,366.18,366.18,366.12,366.12,-0.02,39.91,14338.59,-1
2026-05-14,2026-05-14 13:53:00,366.12,366.12,366.05,366.05,-0.02,39.91,14338.59,-1
2026-05-14,2026-05-14 13:54:00,366.05,366.05,365.99,365.99,-0.02,39.91,14338.59,-1
2026-05-14,2026-05-14 13:55:00,365.99,365.99,365.93,365.93,-0.02,39.91,14338.59,-1
2026-05-14,2026-05-14 13:56:00,365.93,365.93,365.86,365.86,-0.02,39.91,14338.59,-1
2026-05-14,2026-05-14 13:57:00,365.86,365.86,365.8,365.8,-0.02,39.91,14338.59,-1
2026-05-14,2026-05-14 13:58:00,365.8,365.8,365.74,365.74,-0.02,39.91,14338.59,-1
2026-05-14,2026-05-14 13:59:00,365.74,365.74,365.67,365.67,-0.02,39.91,14338.59,-1
2026-05-14,2026-05-14 14:00:00,365.67,365.67,365.61,365.61,-0.02,39.91,14338.59,-1
2026-05-14,2026-05-14 14:01:00,365.61,365.61,365.55,365.55,-0.02,39.91,14338.59,-1
2026-05-14,2026-05-14 14:02:00,365.55,365.55,365.49,365.49,-0.02,39.91,14338.59,-1
2026-05-14,2026-05-14 14:03:00,365.49,365.49,365.42,365.42,-0.02,39.91,14338.59,-1
2026-05-14,2026-05-14 14:04:00,365.42,365.42,365.36,365.36,-0.02,39.91,14338.59,-1
2026-05-14,2026-05-14 14:05:00,365.36,365.36,365.3,365.3,-0.02,39.91,14338.59,-1
2026-05-14,2026-05-14 14:06:00,365.3,365.3,365.23,365.23,-0.02,39.91,14338.59,-1
2026-05-14,2026-05-14 14:07:00,365.23,365.23,365.17,365.17,-0.02,39.91,14338.59,-1
2026-05-14,2026-05-14 14:08:00,365.17,365.17,365.11,365.11,-0.02,39.91,14338.59,-1
2026-05-14,2026-05-14 14:09:00,365.11,365.11,365.05,365.05,-0.02,39.91,14338.59,-1
2026-05-14,2026-05-14 14:10:00,365.05,365.05,364.98,364.98,-0.02,39.91,14338.59,-1
2026-05-14,2026-05-14 14:11:00,364.98,364.98,364.92,364.92,-0.02,39.91,14338.59,-1
2026-05-14,2026-05-14 14:12:00,364.92,364.92,364.86,364.86,-0.02,39.91,14338.59,-1
2026-05-14,2026-05-14 14:13:00,364.86,364.86,364.79,364.79,-0.02,39.91,14338.59,-1
2026-05-14,2026-05-14 14:14:00,364.79,364.79,364.73,364.73,-0.02,39.91,14338.59,-1
2026-05-14,2026-05-14 14:15:00,364.73,364.73,364.67,364.67,-0.02,39.91,14338.59,-1
2026-05-14,2026-05-14 14:16:00,364.67,364.67,364.61,364.61,-0.02,39.91,14338.59,-1
2026-05-14,2026-05-14 14:17:00,364.61,364.61,364.54,364.54,-0.02,39.91,14338.59,-1
2026-05-14,2026-05-14 14:18:00,364.54,364.54,364.48,364.48,-0.02,39.91,14338.59,-1
2026-05-14,2026-05-14 14:19:00,364.48,364.48,364.42,364.42,-0.02,39.91,14338.59,-1
2026-05-14,2026-05-14 14:20:00,364.42,364.42,364.35,364.35,-0.02,39.91,14338.59,-1
2026-05-14,2026-05-14 14:21:00,364.35,364.35,364.29,364.29,-0.02,39.91,14338.59,-1
2026-05-14,2026-05-14 14:22:00,364.29,364.29,364.23,364.23,-0.02,39.91,14338.59,-1
2026-05-14,2026-05-14 14:23:00,364.23,364.23,364.16,364.16,-0.02,39.91,14338.59,-1
2026-05-14,2026-05-14 14:24:00,364.16,364.16,364.1,364.1,-0.02,39.91,14338.59,-1
2026-05-14,2026-05-14 14:25:00,364.1,364.1,364.04,364.04,-0.02,39.91,14338.59,-1
2026-05-14,2026-05-14 14:26:00,364.04,364.04,363.98,363.98,-0.02,39.91,14338.59,-1
2026-05-14,2026-05-14 14:27:00,363.98,363.98,363.91,363.91,-0.02,39.91,14338.59,-1
2026-05-14,2026-05-14 14:28:00,363.91,363.91,363.85,363.85,-0.02,39.91,14338.59,-1
2026-05-14,2026-05-14 14:29:00,363.85,363.85,363.79,363.79,-0.02,39.91,14338.59,-1
2026-05-14,2026-05-14 14:30:00,363.79,363.79,363.72,363.72,-0.02,39.91,14338.59,-1
2026-05-14,2026-05-14 14:31:00,363.72,363.72,363.66,363.66,-0.02,39.91,14338.59,-1
2026-05-14,2026-05-14 14:32:00,363.66,363.66,363.6,363.6,-0.02,39.91,14338.59,-1
2026-05-14,2026-05-14 14:33:00,363.6,363.6,363.54,363.54,-0.02,39.91,14338.59,-1
2026-05-14,2026-05-14 14:34:00,363.54,363.54,363.47,363.47,-0.02,39.91,14338.59,-1
2026-05-14,2026-05-14 14:35:00,363.47,363.47,363.41,363.41,-0.02,39.91,14338.59,-1
2026-05-14,2026-05-14 14:36:00,363.41,363.41,363.35,363.35,-0.02,39.91,14338.59,-1
2026-05-14,2026-05-14 14:37:00,363.35,363.35,363.28,363.28,-0.02,39.91,14338.59,-1
2026-05-14,2026-05-14 14:38:00,363.28,363.28,363.22,363.22,-0.02,39.91,14338.59,-1
2026-05-14,2026-05-14 14:39:00,363.22,363.22,363.16,363.16,-0.02,39.91,14338.59,-1
2026-05-14,2026-05-14 14:40:00,363.16,363.16,363.1,363.1,-0.02,39.91,14338.59,-1
2026-05-14,2026-05-14 14:41:00,363.1,363.1,363.03,363.03,-0.02,39.91,14338.59,-1
2026-05-14,2026-05-14 14:42:00,363.03,363.03,362.97,362.97,-0.02,39.91,14338.59,-1
2026-05-14,2026-05-14 14:43:00,362.97,362.97,362.91,362.91,-0.02,39.91,14338.59,-1
2026-05-14,2026-05-14 14:44:00,362.91,362.91,362.84,362.84,-0.02,39.91,14338.59,-1
2026-05-14,2026-05-14 14:45:00,362.84,362.84,362.78,362.78,-0.02,39.91,14338.59,-1
2026-05-14,2026-05-14 14:46:00,362.78,362.78,362.72,362.72,-0.02,39.91,14338.59,-1
2026-05-14,2026-05-14 14:47:00,362.72,362.72,362.65,362.65,-0.02,39.91,14338.59,-1
2026-05-14,2026-05-14 14:48:00,362.65,362.65,362.59,362.59,-0.02,39.91,14338.59,-1
2026-05-14,2026-05-14 14:49:00,362.59,362.59,362.53,362.53,-0.02,39.91,14338.59,-1
2026-05-14,2026-05-14 14:50:00,362.53,362.53,362.47,362.47,-0.02,39.91,14338.59,-1
2026-05-14,2026-05-14 14:51:00,362.47,362.47,362.4,362.4,-0.02,39.91,14338.59,-1
2026-05-14,2026-05-14 14:52:00,362.4,362.4,362.34,362.34,-0.02,39.91,14338.59,-1
2026-05-14,2026-05-14 14:53:00,362.34,362.34,362.28,362.28,-0.02,39.91,14338.59,-1
2026-05-14,2026-05-14 14:54:00,362.28,362.28,362.21,362.21,-0.02,39.91,14338.59,-1
2026-05-14,2026-05-14 14:55:00,362.21,362.21,362.15,362.15,-0.02,39.91,14338.59,-1
2026-05-14,2026-05-14 14:56:00,362.15,362.15,362.09,362.09,-0.02,39.91,14338.59,-1
2026-05-14,2026-05-14 14:57:00,362.09,362.09,362.03,362.03,-0.02,39.91,14338.59,-1
2026-05-14,2026-05-14 14:58:00,362.03,362.03,361.96,361.96,-0.02,39.91,14338.59,-1
2026-05-14,2026-05-14 14:59:00,361.96,361.96,361.9,361.9,-0.02,39.91,14338.59,-1
2026-05-14,2026-05-14 15:00:00,361.9,377.0,355.0,361.9,0.0,39.91,14338.59,0
2026-05-15,2026-05-15 11:00:00,343.9,351.73,343.9,343.97,0.02,47.77,17363.11,1
2026-05-15,2026-05-15 11:01:00,343.97,344.05,343.97,344.05,0.02,47.77,17363.11,1
2026-05-15,2026-05-15 11:02:00,344.05,344.12,344.05,344.12,0.02,47.77,17363.11,1
2026-05-15,2026-05-15 11:03:00,344.12,344.19,344.12,344.19,0.02,47.77,17363.11,1
2026-05-15,2026-05-15 11:04:00,344.19,344.27,344.19,344.27,0.02,47.77,17363.11,1
2026-05-15,2026-05-15 11:05:00,344.27,344.34,344.27,344.34,0.02,47.77,17363.11,1
2026-05-15,2026-05-15 11:06:00,344.34,344.41,344.34,344.41,0.02,47.77,17363.11,1
2026-05-15,2026-05-15 11:07:00,344.41,344.49,344.41,344.49,0.02,47.77,17363.11,1
2026-05-15,2026-05-15 11:08:00,344.49,344.56,344.49,344.56,0.02,47.77,17363.11,1
2026-05-15,2026-05-15 11:09:00,344.56,344.63,344.56,344.63,0.02,47.77,17363.11,1
2026-05-15,2026-05-15 11:10:00,344.63,344.71,344.63,344.71,0.02,47.77,17363.11,1
2026-05-15,2026-05-15 11:11:00,344.71,344.78,344.71,344.78,0.02,47.77,17363.11,1
2026-05-15,2026-05-15 11:12:00,344.78,344.85,344.78,344.85,0.02,47.77,17363.11,1
2026-05-15,2026-05-15 11:13:00,344.85,344.93,344.85,344.93,0.02,47.77,17363.11,1
2026-05-15,2026-05-15 11:14:00,344.93,345.0,344.93,345.0,0.02,47.77,17363.11,1
2026-05-15,2026-05-15 11:15:00,345.0,345.07,345.0,345.07,0.02,47.77,17363.11,1
2026-05-15,2026-05-15 11:16:00,345.07,345.15,345.07,345.15,0.02,47.77,17363.11,1
2026-05-15,2026-05-15 11:17:00,345.15,345.22,345.15,345.22,0.02,47.77,17363.11,1
2026-05-15,2026-05-15 11:18:00,345.22,345.29,345.22,345.29,0.02,47.77,17363.11,1
2026-05-15,2026-05-15 11:19:00,345.29,345.37,345.29,345.37,0.02,47.77,17363.11,1
2026-05-15,2026-05-15 11:20:00,345.37,345.44,345.37,345.44,0.02,47.77,17363.11,1
2026-05-15,2026-05-15 11:21:00,345.44,345.51,345.44,345.51,0.02,47.77,17363.11,1
2026-05-15,2026-05-15 11:22:00,345.51,345.59,345.51,345.59,0.02,47.77,17363.11,1
2026-05-15,2026-05-15 11:23:00,345.59,345.66,345.59,345.66,0.02,47.77,17363.11,1
2026-05-15,2026-05-15 11:24:00,345.66,345.73,345.66,345.73,0.02,47.77,17363.11,1
2026-05-15,2026-05-15 11:25:00,345.73,345.81,345.73,345.81,0.02,47.77,17363.11,1
2026-05-15,2026-05-15 11:26:00,345.81,345.88,345.81,345.88,0.02,47.77,17363.11,1
2026-05-15,2026-05-15 11:27:00,345.88,345.95,345.88,345.95,0.02,47.77,17363.11,1
2026-05-15,2026-05-15 11:28:00,345.95,346.03,345.95,346.03,0.02,47.77,17363.11,1
2026-05-15,2026-05-15 11:29:00,346.03,346.1,346.03,346.1,0.02,47.77,17363.11,1
2026-05-15,2026-05-15 11:30:00,346.1,346.17,346.1,346.17,0.02,47.77,17363.11,1
2026-05-15,2026-05-15 11:31:00,346.17,346.25,346.17,346.25,0.02,47.77,17363.11,1
2026-05-15,2026-05-15 11:32:00,346.25,346.32,346.25,346.32,0.02,47.77,17363.11,1
2026-05-15,2026-05-15 11:33:00,346.32,346.39,346.32,346.39,0.02,47.77,17363.11,1
2026-05-15,2026-05-15 11:34:00,346.39,346.47,346.39,346.47,0.02,47.77,17363.11,1
2026-05-15,2026-05-15 11:35:00,346.47,346.54,346.47,346.54,0.02,47.77,17363.11,1
2026-05-15,2026-05-15 11:36:00,346.54,346.61,346.54,346.61,0.02,47.77,17363.11,1
2026-05-15,2026-05-15 11:37:00,346.61,346.69,346.61,346.69,0.02,47.77,17363.11,1
2026-05-15,2026-05-15 11:38:00,346.69,346.76,346.69,346.76,0.02,47.77,17363.11,1
2026-05-15,2026-05-15 11:39:00,346.76,346.83,346.76,346.83,0.02,47.77,17363.11,1
2026-05-15,2026-05-15 11:40:00,346.83,346.91,346.83,346.91,0.02,47.77,17363.11,1
2026-05-15,2026-05-15 11:41:00,346.91,346.98,346.91,346.98,0.02,47.77,17363.11,1
2026-05-15,2026-05-15 11:42:00,346.98,347.05,346.98,347.05,0.02,47.77,17363.11,1
2026-05-15,2026-05-15 11:43:00,347.05,347.13,347.05,347.13,0.02,47.77,17363.11,1
2026-05-15,2026-05-15 11:44:00,347.13,347.2,347.13,347.2,0.02,47.77,17363.11,1
2026-05-15,2026-05-15 11:45:00,347.2,347.27,347.2,347.27,0.02,47.77,17363.11,1
2026-05-15,2026-05-15 11:46:00,347.27,347.35,347.27,347.35,0.02,47.77,17363.11,1
2026-05-15,2026-05-15 11:47:00,347.35,347.42,347.35,347.42,0.02,47.77,17363.11,1
2026-05-15,2026-05-15 11:48:00,347.42,347.49,347.42,347.49,0.02,47.77,17363.11,1
2026-05-15,2026-05-15 11:49:00,347.49,347.57,347.49,347.57,0.02,47.77,17363.11,1
2026-05-15,2026-05-15 11:50:00,347.57,347.64,347.57,347.64,0.02,47.77,17363.11,1
2026-05-15,2026-05-15 11:51:00,347.64,347.71,347.64,347.71,0.02,47.77,17363.11,1
2026-05-15,2026-05-15 11:52:00,347.71,347.79,347.71,347.79,0.02,47.77,17363.11,1
2026-05-15,2026-05-15 11:53:00,347.79,347.86,347.79,347.86,0.02,47.77,17363.11,1
2026-05-15,2026-05-15 11:54:00,347.86,347.93,347.86,347.93,0.02,47.77,17363.11,1
2026-05-15,2026-05-15 11:55:00,347.93,348.01,347.93,348.01,0.02,47.77,17363.11,1
2026-05-15,2026-05-15 11:56:00,348.01,348.08,348.01,348.08,0.02,47.77,17363.11,1
2026-05-15,2026-05-15 11:57:00,348.08,348.15,348.08,348.15,0.02,47.77,17363.11,1
2026-05-15,2026-05-15 11:58:00,348.15,348.23,348.15,348.23,0.02,47.77,17363.11,1
2026-05-15,2026-05-15 11:59:00,348.23,348.3,348.23,348.3,0.02,47.77,17363.11,1
2026-05-15,2026-05-15 12:00:00,348.3,348.37,348.3,348.37,0.02,47.77,17363.11,1
2026-05-15,2026-05-15 12:01:00,348.37,348.45,348.37,348.45,0.02,47.77,17363.11,1
2026-05-15,2026-05-15 12:02:00,348.45,348.52,348.45,348.52,0.02,47.77,17363.11,1
2026-05-15,2026-05-15 12:03:00,348.52,348.59,348.52,348.59,0.02,47.77,17363.11,1
2026-05-15,2026-05-15 12:04:00,348.59,348.67,348.59,348.67,0.02,47.77,17363.11,1
2026-05-15,2026-05-15 12:05:00,348.67,348.74,348.67,348.74,0.02,47.77,17363.11,1
2026-05-15,2026-05-15 12:06:00,348.74,348.81,348.74,348.81,0.02,47.77,17363.11,1
2026-05-15,2026-05-15 12:07:00,348.81,348.89,348.81,348.89,0.02,47.77,17363.11,1
2026-05-15,2026-05-15 12:08:00,348.89,348.96,348.89,348.96,0.02,47.77,17363.11,1
2026-05-15,2026-05-15 12:09:00,348.96,349.03,348.96,349.03,0.02,47.77,17363.11,1
2026-05-15,2026-05-15 12:10:00,349.03,349.11,349.03,349.11,0.02,47.77,17363.11,1
2026-05-15,2026-05-15 12:11:00,349.11,349.18,349.11,349.18,0.02,47.77,17363.11,1
2026-05-15,2026-05-15 12:12:00,349.18,349.25,349.18,349.25,0.02,47.77,17363.11,1
2026-05-15,2026-05-15 12:13:00,349.25,349.33,349.25,349.33,0.02,47.77,17363.11,1
2026-05-15,2026-05-15 12:14:00,349.33,349.4,349.33,349.4,0.02,47.77,17363.11,1
2026-05-15,2026-05-15 12:15:00,349.4,349.47,349.4,349.47,0.02,47.77,17363.11,1
2026-05-15,2026-05-15 12:16:00,349.47,349.55,349.47,349.55,0.02,47.77,17363.11,1
2026-05-15,2026-05-15 12:17:00,349.55,349.62,349.55,349.62,0.02,47.77,17363.11,1
2026-05-15,2026-05-15 12:18:00,349.62,349.69,349.62,349.69,0.02,47.77,17363.11,1
2026-05-15,2026-05-15 12:19:00,349.69,349.77,349.69,349.77,0.02,47.77,17363.11,1
2026-05-15,2026-05-15 12:20:00,349.77,349.84,349.77,349.84,0.02,47.77,17363.11,1
2026-05-15,2026-05-15 12:21:00,349.84,349.91,349.84,349.91,0.02,47.77,17363.11,1
2026-05-15,2026-05-15 12:22:00,349.91,349.99,349.91,349.99,0.02,47.77,17363.11,1
2026-05-15,2026-05-15 12:23:00,349.99,350.06,349.99,350.06,0.02,47.77,17363.11,1
2026-05-15,2026-05-15 12:24:00,350.06,350.13,350.06,350.13,0.02,47.77,17363.11,1
2026-05-15,2026-05-15 12:25:00,350.13,350.21,350.13,350.21,0.02,47.77,17363.11,1
2026-05-15,2026-05-15 12:26:00,350.21,350.28,350.21,350.28,0.02,47.77,17363.11,1
2026-05-15,2026-05-15 12:27:00,350.28,350.35,350.28,350.35,0.02,47.77,17363.11,1
2026-05-15,2026-05-15 12:28:00,350.35,350.43,350.35,350.43,0.02,47.77,17363.11,1
2026-05-15,2026-05-15 12:29:00,350.43,350.5,350.43,350.5,0.02,47.77,17363.11,1
2026-05-15,2026-05-15 12:30:00,350.5,350.57,350.5,350.57,0.02,47.77,17363.11,1
2026-05-15,2026-05-15 12:31:00,350.57,350.65,350.57,350.65,0.02,47.77,17363.11,1
2026-05-15,2026-05-15 12:32:00,350.65,350.72,350.65,350.72,0.02,47.77,17363.11,1
2026-05-15,2026-05-15 12:33:00,350.72,350.79,350.72,350.79,0.02,47.77,17363.11,1
2026-05-15,2026-05-15 12:34:00,350.79,350.87,350.79,350.87,0.02,47.77,17363.11,1
2026-05-15,2026-05-15 12:35:00,350.87,350.94,350.87,350.94,0.02,47.77,17363.11,1
2026-05-15,2026-05-15 12:36:00,350.94,351.01,350.94,351.01,0.02,47.77,17363.11,1
2026-05-15,2026-05-15 12:37:00,351.01,351.09,351.01,351.09,0.02,47.77,17363.11,1
2026-05-15,2026-05-15 12:38:00,351.09,351.16,351.09,351.16,0.02,47.77,17363.11,1
2026-05-15,2026-05-15 12:39:00,351.16,351.23,351.16,351.23,0.02,47.77,17363.11,1
2026-05-15,2026-05-15 12:40:00,351.23,351.31,351.23,351.31,0.02,47.77,17363.11,1
2026-05-15,2026-05-15 12:41:00,351.31,351.38,351.31,351.38,0.02,47.77,17363.11,1
2026-05-15,2026-05-15 12:42:00,351.38,351.45,351.38,351.45,0.02,47.77,17363.11,1
2026-05-15,2026-05-15 12:43:00,351.45,351.53,351.45,351.53,0.02,47.77,17363.11,1
2026-05-15,2026-05-15 12:44:00,351.53,351.6,351.53,351.6,0.02,47.77,17363.11,1
2026-05-15,2026-05-15 12:45:00,351.6,351.67,351.6,351.67,0.02,47.77,17363.11,1
2026-05-15,2026-05-15 12:46:00,351.67,351.75,351.67,351.75,0.02,47.77,17363.11,1
2026-05-15,2026-05-15 12:47:00,351.75,351.82,351.75,351.82,0.02,47.77,17363.11,1
2026-05-15,2026-05-15 12:48:00,351.82,351.89,351.82,351.89,0.02,47.77,17363.11,1
2026-05-15,2026-05-15 12:49:00,351.89,351.97,351.89,351.97,0.02,47.77,17363.11,1
2026-05-15,2026-05-15 12:50:00,351.97,352.04,351.97,352.04,0.02,47.77,17363.11,1
2026-05-15,2026-05-15 12:51:00,352.04,352.11,352.04,352.11,0.02,47.77,17363.11,1
2026-05-15,2026-05-15 12:52:00,352.11,352.19,352.11,352.19,0.02,47.77,17363.11,1
2026-05-15,2026-05-15 12:53:00,352.19,352.26,352.19,352.26,0.02,47.77,17363.11,1
2026-05-15,2026-05-15 12:54:00,352.26,352.33,352.26,352.33,0.02,47.77,17363.11,1
2026-05-15,2026-05-15 12:55:00,352.33,352.41,352.33,352.41,0.02,47.77,17363.11,1
2026-05-15,2026-05-15 12:56:00,352.41,352.48,352.41,352.48,0.02,47.77,17363.11,1
2026-05-15,2026-05-15 12:57:00,352.48,352.55,352.48,352.55,0.02,47.77,17363.11,1
2026-05-15,2026-05-15 12:58:00,352.55,352.63,352.55,352.63,0.02,47.77,17363.11,1
2026-05-15,2026-05-15 12:59:00,352.63,352.7,352.63,352.7,0.02,47.77,17363.11,1
2026-05-15,2026-05-15 13:00:00,352.7,370.0,343.9,352.77,0.02,47.77,17363.11,1
2026-05-15,2026-05-15 13:01:00,352.77,352.85,352.77,352.85,0.02,47.77,17363.11,1
2026-05-15,2026-05-15 13:02:00,352.85,352.92,352.85,352.92,0.02,47.77,17363.11,1
2026-05-15,2026-05-15 13:03:00,352.92,352.99,352.92,352.99,0.02,47.77,17363.11,1
2026-05-15,2026-05-15 13:04:00,352.99,353.07,352.99,353.07,0.02,47.77,17363.11,1
2026-05-15,2026-05-15 13:05:00,353.07,353.14,353.07,353.14,0.02,47.77,17363.11,1
2026-05-15,2026-05-15 13:06:00,353.14,353.21,353.14,353.21,0.02,47.77,17363.11,1
2026-05-15,2026-05-15 13:07:00,353.21,353.29,353.21,353.29,0.02,47.77,17363.11,1
2026-05-15,2026-05-15 13:08:00,353.29,353.36,353.29,353.36,0.02,47.77,17363.11,1
2026-05-15,2026-05-15 13:09:00,353.36,353.43,353.36,353.43,0.02,47.77,17363.11,1
2026-05-15,2026-05-15 13:10:00,353.43,353.51,353.43,353.51,0.02,47.77,17363.11,1
2026-05-15,2026-05-15 13:11:00,353.51,353.58,353.51,353.58,0.02,47.77,17363.11,1
2026-05-15,2026-05-15 13:12:00,353.58,353.65,353.58,353.65,0.02,47.77,17363.11,1
2026-05-15,2026-05-15 13:13:00,353.65,353.73,353.65,353.73,0.02,47.77,17363.11,1
2026-05-15,2026-05-15 13:14:00,353.73,353.8,353.73,353.8,0.02,47.77,17363.11,1
2026-05-15,2026-05-15 13:15:00,353.8,353.87,353.8,353.87,0.02,47.77,17363.11,1
2026-05-15,2026-05-15 13:16:00,353.87,353.95,353.87,353.95,0.02,47.77,17363.11,1
2026-05-15,2026-05-15 13:17:00,353.95,354.02,353.95,354.02,0.02,47.77,17363.11,1
2026-05-15,2026-05-15 13:18:00,354.02,354.09,354.02,354.09,0.02,47.77,17363.11,1
2026-05-15,2026-05-15 13:19:00,354.09,354.17,354.09,354.17,0.02,47.77,17363.11,1
2026-05-15,2026-05-15 13:20:00,354.17,354.24,354.17,354.24,0.02,47.77,17363.11,1
2026-05-15,2026-05-15 13:21:00,354.24,354.31,354.24,354.31,0.02,47.77,17363.11,1
2026-05-15,2026-05-15 13:22:00,354.31,354.39,354.31,354.39,0.02,47.77,17363.11,1
2026-05-15,2026-05-15 13:23:00,354.39,354.46,354.39,354.46,0.02,47.77,17363.11,1
2026-05-15,2026-05-15 13:24:00,354.46,354.53,354.46,354.53,0.02,47.77,17363.11,1
2026-05-15,2026-05-15 13:25:00,354.53,354.61,354.53,354.61,0.02,47.77,17363.11,1
2026-05-15,2026-05-15 13:26:00,354.61,354.68,354.61,354.68,0.02,47.77,17363.11,1
2026-05-15,2026-05-15 13:27:00,354.68,354.75,354.68,354.75,0.02,47.77,17363.11,1
2026-05-15,2026-05-15 13:28:00,354.75,354.83,354.75,354.83,0.02,47.77,17363.11,1
2026-05-15,2026-05-15 13:29:00,354.83,354.9,354.83,354.9,0.02,47.77,17363.11,1
2026-05-15,2026-05-15 13:30:00,354.9,354.97,354.9,354.97,0.02,47.77,17363.11,1
2026-05-15,2026-05-15 13:31:00,354.97,355.05,354.97,355.05,0.02,47.77,17363.11,1
2026-05-15,2026-05-15 13:32:00,355.05,355.12,355.05,355.12,0.02,47.77,17363.11,1
2026-05-15,2026-05-15 13:33:00,355.12,355.19,355.12,355.19,0.02,47.77,17363.11,1
2026-05-15,2026-05-15 13:34:00,355.19,355.27,355.19,355.27,0.02,47.77,17363.11,1
2026-05-15,2026-05-15 13:35:00,355.27,355.34,355.27,355.34,0.02,47.77,17363.11,1
2026-05-15,2026-05-15 13:36:00,355.34,355.41,355.34,355.41,0.02,47.77,17363.11,1
2026-05-15,2026-05-15 13:37:00,355.41,355.49,355.41,355.49,0.02,47.77,17363.11,1
2026-05-15,2026-05-15 13:38:00,355.49,355.56,355.49,355.56,0.02,47.77,17363.11,1
2026-05-15,2026-05-15 13:39:00,355.56,355.63,355.56,355.63,0.02,47.77,17363.11,1
2026-05-15,2026-05-15 13:40:00,355.63,355.71,355.63,355.71,0.02,47.77,17363.11,1
2026-05-15,2026-05-15 13:41:00,355.71,355.78,355.71,355.78,0.02,47.77,17363.11,1
2026-05-15,2026-05-15 13:42:00,355.78,355.85,355.78,355.85,0.02,47.77,17363.11,1
2026-05-15,2026-05-15 13:43:00,355.85,355.93,355.85,355.93,0.02,47.77,17363.11,1
2026-05-15,2026-05-15 13:44:00,355.93,356.0,355.93,356.0,0.02,47.77,17363.11,1
2026-05-15,2026-05-15 13:45:00,356.0,356.07,356.0,356.07,0.02,47.77,17363.11,1
2026-05-15,2026-05-15 13:46:00,356.07,356.15,356.07,356.15,0.02,47.77,17363.11,1
2026-05-15,2026-05-15 13:47:00,356.15,356.22,356.15,356.22,0.02,47.77,17363.11,1
2026-05-15,2026-05-15 13:48:00,356.22,356.29,356.22,356.29,0.02,47.77,17363.11,1
2026-05-15,2026-05-15 13:49:00,356.29,356.37,356.29,356.37,0.02,47.77,17363.11,1
2026-05-15,2026-05-15 13:50:00,356.37,356.44,356.37,356.44,0.02,47.77,17363.11,1
2026-05-15,2026-05-15 13:51:00,356.44,356.51,356.44,356.51,0.02,47.77,17363.11,1
2026-05-15,2026-05-15 13:52:00,356.51,356.59,356.51,356.59,0.02,47.77,17363.11,1
2026-05-15,2026-05-15 13:53:00,356.59,356.66,356.59,356.66,0.02,47.77,17363.11,1
2026-05-15,2026-05-15 13:54:00,356.66,356.73,356.66,356.73,0.02,47.77,17363.11,1
2026-05-15,2026-05-15 13:55:00,356.73,356.81,356.73,356.81,0.02,47.77,17363.11,1
2026-05-15,2026-05-15 13:56:00,356.81,356.88,356.81,356.88,0.02,47.77,17363.11,1
2026-05-15,2026-05-15 13:57:00,356.88,356.95,356.88,356.95,0.02,47.77,17363.11,1
2026-05-15,2026-05-15 13:58:00,356.95,357.03,356.95,357.03,0.02,47.77,17363.11,1
2026-05-15,2026-05-15 13:59:00,357.03,357.1,357.03,357.1,0.02,47.77,17363.11,1
2026-05-15,2026-05-15 14:00:00,357.1,357.17,357.1,357.17,0.02,47.77,17363.11,1
2026-05-15,2026-05-15 14:01:00,357.17,357.25,357.17,357.25,0.02,47.77,17363.11,1
2026-05-15,2026-05-15 14:02:00,357.25,357.32,357.25,357.32,0.02,47.77,17363.11,1
2026-05-15,2026-05-15 14:03:00,357.32,357.39,357.32,357.39,0.02,47.77,17363.11,1
2026-05-15,2026-05-15 14:04:00,357.39,357.47,357.39,357.47,0.02,47.77,17363.11,1
2026-05-15,2026-05-15 14:05:00,357.47,357.54,357.47,357.54,0.02,47.77,17363.11,1
2026-05-15,2026-05-15 14:06:00,357.54,357.61,357.54,357.61,0.02,47.77,17363.11,1
2026-05-15,2026-05-15 14:07:00,357.61,357.69,357.61,357.69,0.02,47.77,17363.11,1
2026-05-15,2026-05-15 14:08:00,357.69,357.76,357.69,357.76,0.02,47.77,17363.11,1
2026-05-15,2026-05-15 14:09:00,357.76,357.83,357.76,357.83,0.02,47.77,17363.11,1
2026-05-15,2026-05-15 14:10:00,357.83,357.91,357.83,357.91,0.02,47.77,17363.11,1
2026-05-15,2026-05-15 14:11:00,357.91,357.98,357.91,357.98,0.02,47.77,17363.11,1
2026-05-15,2026-05-15 14:12:00,357.98,358.05,357.98,358.05,0.02,47.77,17363.11,1
2026-05-15,2026-05-15 14:13:00,358.05,358.13,358.05,358.13,0.02,47.77,17363.11,1
2026-05-15,2026-05-15 14:14:00,358.13,358.2,358.13,358.2,0.02,47.77,17363.11,1
2026-05-15,2026-05-15 14:15:00,358.2,358.27,358.2,358.27,0.02,47.77,17363.11,1
2026-05-15,2026-05-15 14:16:00,358.27,358.35,358.27,358.35,0.02,47.77,17363.11,1
2026-05-15,2026-05-15 14:17:00,358.35,358.42,358.35,358.42,0.02,47.77,17363.11,1
2026-05-15,2026-05-15 14:18:00,358.42,358.49,358.42,358.49,0.02,47.77,17363.11,1
2026-05-15,2026-05-15 14:19:00,358.49,358.57,358.49,358.57,0.02,47.77,17363.11,1
2026-05-15,2026-05-15 14:20:00,358.57,358.64,358.57,358.64,0.02,47.77,17363.11,1
2026-05-15,2026-05-15 14:21:00,358.64,358.71,358.64,358.71,0.02,47.77,17363.11,1
2026-05-15,2026-05-15 14:22:00,358.71,358.79,358.71,358.79,0.02,47.77,17363.11,1
2026-05-15,2026-05-15 14:23:00,358.79,358.86,358.79,358.86,0.02,47.77,17363.11,1
2026-05-15,2026-05-15 14:24:00,358.86,358.93,358.86,358.93,0.02,47.77,17363.11,1
2026-05-15,2026-05-15 14:25:00,358.93,359.01,358.93,359.01,0.02,47.77,17363.11,1
2026-05-15,2026-05-15 14:26:00,359.01,359.08,359.01,359.08,0.02,47.77,17363.11,1
2026-05-15,2026-05-15 14:27:00,359.08,359.15,359.08,359.15,0.02,47.77,17363.11,1
2026-05-15,2026-05-15 14:28:00,359.15,359.23,359.15,359.23,0.02,47.77,17363.11,1
2026-05-15,2026-05-15 14:29:00,359.23,359.3,359.23,359.3,0.02,47.77,17363.11,1
2026-05-15,2026-05-15 14:30:00,359.3,359.37,359.3,359.37,0.02,47.77,17363.11,1
2026-05-15,2026-05-15 14:31:00,359.37,359.45,359.37,359.45,0.02,47.77,17363.11,1
2026-05-15,2026-05-15 14:32:00,359.45,359.52,359.45,359.52,0.02,47.77,17363.11,1
2026-05-15,2026-05-15 14:33:00,359.52,359.59,359.52,359.59,0.02,47.77,17363.11,1
2026-05-15,2026-05-15 14:34:00,359.59,359.67,359.59,359.67,0.02,47.77,17363.11,1
2026-05-15,2026-05-15 14:35:00,359.67,359.74,359.67,359.74,0.02,47.77,17363.11,1
2026-05-15,2026-05-15 14:36:00,359.74,359.81,359.74,359.81,0.02,47.77,17363.11,1
2026-05-15,2026-05-15 14:37:00,359.81,359.89,359.81,359.89,0.02,47.77,17363.11,1
2026-05-15,2026-05-15 14:38:00,359.89,359.96,359.89,359.96,0.02,47.77,17363.11,1
2026-05-15,2026-05-15 14:39:00,359.96,360.03,359.96,360.03,0.02,47.77,17363.11,1
2026-05-15,2026-05-15 14:40:00,360.03,360.11,360.03,360.11,0.02,47.77,17363.11,1
2026-05-15,2026-05-15 14:41:00,360.11,360.18,360.11,360.18,0.02,47.77,17363.11,1
2026-05-15,2026-05-15 14:42:00,360.18,360.25,360.18,360.25,0.02,47.77,17363.11,1
2026-05-15,2026-05-15 14:43:00,360.25,360.33,360.25,360.33,0.02,47.77,17363.11,1
2026-05-15,2026-05-15 14:44:00,360.33,360.4,360.33,360.4,0.02,47.77,17363.11,1
2026-05-15,2026-05-15 14:45:00,360.4,360.47,360.4,360.47,0.02,47.77,17363.11,1
2026-05-15,2026-05-15 14:46:00,360.47,360.55,360.47,360.55,0.02,47.77,17363.11,1
2026-05-15,2026-05-15 14:47:00,360.55,360.62,360.55,360.62,0.02,47.77,17363.11,1
2026-05-15,2026-05-15 14:48:00,360.62,360.69,360.62,360.69,0.02,47.77,17363.11,1
2026-05-15,2026-05-15 14:49:00,360.69,360.77,360.69,360.77,0.02,47.77,17363.11,1
2026-05-15,2026-05-15 14:50:00,360.77,360.84,360.77,360.84,0.02,47.77,17363.11,1
2026-05-15,2026-05-15 14:51:00,360.84,360.91,360.84,360.91,0.02,47.77,17363.11,1
2026-05-15,2026-05-15 14:52:00,360.91,360.99,360.91,360.99,0.02,47.77,17363.11,1
2026-05-15,2026-05-15 14:53:00,360.99,361.06,360.99,361.06,0.02,47.77,17363.11,1
2026-05-15,2026-05-15 14:54:00,361.06,361.13,361.06,361.13,0.02,47.77,17363.11,1
2026-05-15,2026-05-15 14:55:00,361.13,361.21,361.13,361.21,0.02,47.77,17363.11,1
2026-05-15,2026-05-15 14:56:00,361.21,361.28,361.21,361.28,0.02,47.77,17363.11,1
2026-05-15,2026-05-15 14:57:00,361.28,361.35,361.28,361.35,0.02,47.77,17363.11,1
2026-05-15,2026-05-15 14:58:00,361.35,361.43,361.35,361.43,0.02,47.77,17363.11,1
2026-05-15,2026-05-15 14:59:00,361.43,361.5,361.43,361.5,0.02,47.77,17363.11,1
2026-05-15,2026-05-15 15:00:00,361.5,370.0,343.9,361.5,0.0,47.77,17363.11,0
2026-05-18,2026-05-18 11:00:00,379.5,379.5,371.34,379.44,-0.02,64.22,23254.2,-1
2026-05-18,2026-05-18 11:01:00,379.44,379.44,379.37,379.37,-0.02,64.22,23254.2,-1
2026-05-18,2026-05-18 11:02:00,379.37,379.37,379.31,379.31,-0.02,64.22,23254.2,-1
2026-05-18,2026-05-18 11:03:00,379.31,379.31,379.25,379.25,-0.02,64.22,23254.2,-1
2026-05-18,2026-05-18 11:04:00,379.25,379.25,379.18,379.18,-0.02,64.22,23254.2,-1
2026-05-18,2026-05-18 11:05:00,379.18,379.18,379.12,379.12,-0.02,64.22,23254.2,-1
2026-05-18,2026-05-18 11:06:00,379.12,379.12,379.05,379.05,-0.02,64.22,23254.2,-1
2026-05-18,2026-05-18 11:07:00,379.05,379.05,378.99,378.99,-0.02,64.22,23254.2,-1
2026-05-18,2026-05-18 11:08:00,378.99,378.99,378.93,378.93,-0.02,64.22,23254.2,-1
2026-05-18,2026-05-18 11:09:00,378.93,378.93,378.86,378.86,-0.02,64.22,23254.2,-1
2026-05-18,2026-05-18 11:10:00,378.86,378.86,378.8,378.8,-0.02,64.22,23254.2,-1
2026-05-18,2026-05-18 11:11:00,378.8,378.8,378.74,378.74,-0.02,64.22,23254.2,-1
2026-05-18,2026-05-18 11:12:00,378.74,378.74,378.67,378.67,-0.02,64.22,23254.2,-1
2026-05-18,2026-05-18 11:13:00,378.67,378.67,378.61,378.61,-0.02,64.22,23254.2,-1
2026-05-18,2026-05-18 11:14:00,378.61,378.61,378.54,378.54,-0.02,64.22,23254.2,-1
2026-05-18,2026-05-18 11:15:00,378.54,378.54,378.48,378.48,-0.02,64.22,23254.2,-1
2026-05-18,2026-05-18 11:16:00,378.48,378.48,378.42,378.42,-0.02,64.22,23254.2,-1
2026-05-18,2026-05-18 11:17:00,378.42,378.42,378.35,378.35,-0.02,64.22,23254.2,-1
2026-05-18,2026-05-18 11:18:00,378.35,378.35,378.29,378.29,-0.02,64.22,23254.2,-1
2026-05-18,2026-05-18 11:19:00,378.29,378.29,378.23,378.23,-0.02,64.22,23254.2,-1
2026-05-18,2026-05-18 11:20:00,378.23,378.23,378.16,378.16,-0.02,64.22,23254.2,-1
2026-05-18,2026-05-18 11:21:00,378.16,378.16,378.1,378.1,-0.02,64.22,23254.2,-1
2026-05-18,2026-05-18 11:22:00,378.1,378.1,378.03,378.03,-0.02,64.22,23254.2,-1
2026-05-18,2026-05-18 11:23:00,378.03,378.03,377.97,377.97,-0.02,64.22,23254.2,-1
2026-05-18,2026-05-18 11:24:00,377.97,377.97,377.91,377.91,-0.02,64.22,23254.2,-1
2026-05-18,2026-05-18 11:25:00,377.91,377.91,377.84,377.84,-0.02,64.22,23254.2,-1
2026-05-18,2026-05-18 11:26:00,377.84,377.84,377.78,377.78,-0.02,64.22,23254.2,-1
2026-05-18,2026-05-18 11:27:00,377.78,377.78,377.71,377.71,-0.02,64.22,23254.2,-1
2026-05-18,2026-05-18 11:28:00,377.71,377.71,377.65,377.65,-0.02,64.22,23254.2,-1
2026-05-18,2026-05-18 11:29:00,377.65,377.65,377.59,377.59,-0.02,64.22,23254.2,-1
2026-05-18,2026-05-18 11:30:00,377.59,377.59,377.52,377.52,-0.02,64.22,23254.2,-1
2026-05-18,2026-05-18 11:31:00,377.52,377.52,377.46,377.46,-0.02,64.22,23254.2,-1
2026-05-18,2026-05-18 11:32:00,377.46,377.46,377.4,377.4,-0.02,64.22,23254.2,-1
2026-05-18,2026-05-18 11:33:00,377.4,377.4,377.33,377.33,-0.02,64.22,23254.2,-1
2026-05-18,2026-05-18 11:34:00,377.33,377.33,377.27,377.27,-0.02,64.22,23254.2,-1
2026-05-18,2026-05-18 11:35:00,377.27,377.27,377.2,377.2,-0.02,64.22,23254.2,-1
2026-05-18,2026-05-18 11:36:00,377.2,377.2,377.14,377.14,-0.02,64.22,23254.2,-1
2026-05-18,2026-05-18 11:37:00,377.14,377.14,377.08,377.08,-0.02,64.22,23254.2,-1
2026-05-18,2026-05-18 11:38:00,377.08,377.08,377.01,377.01,-0.02,64.22,23254.2,-1
2026-05-18,2026-05-18 11:39:00,377.01,377.01,376.95,376.95,-0.02,64.22,23254.2,-1
2026-05-18,2026-05-18 11:40:00,376.95,376.95,376.89,376.89,-0.02,64.22,23254.2,-1
2026-05-18,2026-05-18 11:41:00,376.89,376.89,376.82,376.82,-0.02,64.22,23254.2,-1
2026-05-18,2026-05-18 11:42:00,376.82,376.82,376.76,376.76,-0.02,64.22,23254.2,-1
2026-05-18,2026-05-18 11:43:00,376.76,376.76,376.69,376.69,-0.02,64.22,23254.2,-1
2026-05-18,2026-05-18 11:44:00,376.69,376.69,376.63,376.63,-0.02,64.22,23254.2,-1
2026-05-18,2026-05-18 11:45:00,376.63,376.63,376.57,376.57,-0.02,64.22,23254.2,-1
2026-05-18,2026-05-18 11:46:00,376.57,376.57,376.5,376.5,-0.02,64.22,23254.2,-1
2026-05-18,2026-05-18 11:47:00,376.5,376.5,376.44,376.44,-0.02,64.22,23254.2,-1
2026-05-18,2026-05-18 11:48:00,376.44,376.44,376.38,376.38,-0.02,64.22,23254.2,-1
2026-05-18,2026-05-18 11:49:00,376.38,376.38,376.31,376.31,-0.02,64.22,23254.2,-1
2026-05-18,2026-05-18 11:50:00,376.31,376.31,376.25,376.25,-0.02,64.22,23254.2,-1
2026-05-18,2026-05-18 11:51:00,376.25,376.25,376.19,376.19,-0.02,64.22,23254.2,-1
2026-05-18,2026-05-18 11:52:00,376.19,376.19,376.12,376.12,-0.02,64.22,23254.2,-1
2026-05-18,2026-05-18 11:53:00,376.12,376.12,376.06,376.06,-0.02,64.22,23254.2,-1
2026-05-18,2026-05-18 11:54:00,376.06,376.06,375.99,375.99,-0.02,64.22,23254.2,-1
2026-05-18,2026-05-18 11:55:00,375.99,375.99,375.93,375.93,-0.02,64.22,23254.2,-1
2026-05-18,2026-05-18 11:56:00,375.93,375.93,375.87,375.87,-0.02,64.22,23254.2,-1
2026-05-18,2026-05-18 11:57:00,375.87,375.87,375.8,375.8,-0.02,64.22,23254.2,-1
2026-05-18,2026-05-18 11:58:00,375.8,375.8,375.74,375.74,-0.02,64.22,23254.2,-1
2026-05-18,2026-05-18 11:59:00,375.74,375.74,375.68,375.68,-0.02,64.22,23254.2,-1
2026-05-18,2026-05-18 12:00:00,375.68,375.68,375.61,375.61,-0.02,64.22,23254.2,-1
2026-05-18,2026-05-18 12:01:00,375.61,375.61,375.55,375.55,-0.02,64.22,23254.2,-1
2026-05-18,2026-05-18 12:02:00,375.55,375.55,375.48,375.48,-0.02,64.22,23254.2,-1
2026-05-18,2026-05-18 12:03:00,375.48,375.48,375.42,375.42,-0.02,64.22,23254.2,-1
2026-05-18,2026-05-18 12:04:00,375.42,375.42,375.36,375.36,-0.02,64.22,23254.2,-1
2026-05-18,2026-05-18 12:05:00,375.36,375.36,375.29,375.29,-0.02,64.22,23254.2,-1
2026-05-18,2026-05-18 12:06:00,375.29,375.29,375.23,375.23,-0.02,64.22,23254.2,-1
2026-05-18,2026-05-18 12:07:00,375.23,375.23,375.17,375.17,-0.02,64.22,23254.2,-1
2026-05-18,2026-05-18 12:08:00,375.17,375.17,375.1,375.1,-0.02,64.22,23254.2,-1
2026-05-18,2026-05-18 12:09:00,375.1,375.1,375.04,375.04,-0.02,64.22,23254.2,-1
2026-05-18,2026-05-18 12:10:00,375.04,375.04,374.97,374.97,-0.02,64.22,23254.2,-1
2026-05-18,2026-05-18 12:11:00,374.97,374.97,374.91,374.91,-0.02,64.22,23254.2,-1
2026-05-18,2026-05-18 12:12:00,374.91,374.91,374.85,374.85,-0.02,64.22,23254.2,-1
2026-05-18,2026-05-18 12:13:00,374.85,374.85,374.78,374.78,-0.02,64.22,23254.2,-1
2026-05-18,2026-05-18 12:14:00,374.78,374.78,374.72,374.72,-0.02,64.22,23254.2,-1
2026-05-18,2026-05-18 12:15:00,374.72,374.72,374.65,374.65,-0.02,64.22,23254.2,-1
2026-05-18,2026-05-18 12:16:00,374.65,374.65,374.59,374.59,-0.02,64.22,23254.2,-1
2026-05-18,2026-05-18 12:17:00,374.59,374.59,374.53,374.53,-0.02,64.22,23254.2,-1
2026-05-18,2026-05-18 12:18:00,374.53,374.53,374.46,374.46,-0.02,64.22,23254.2,-1
2026-05-18,2026-05-18 12:19:00,374.46,374.46,374.4,374.4,-0.02,64.22,23254.2,-1
2026-05-18,2026-05-18 12:20:00,374.4,374.4,374.34,374.34,-0.02,64.22,23254.2,-1
2026-05-18,2026-05-18 12:21:00,374.34,374.34,374.27,374.27,-0.02,64.22,23254.2,-1
2026-05-18,2026-05-18 12:22:00,374.27,374.27,374.21,374.21,-0.02,64.22,23254.2,-1
2026-05-18,2026-05-18 12:23:00,374.21,374.21,374.14,374.14,-0.02,64.22,23254.2,-1
2026-05-18,2026-05-18 12:24:00,374.14,374.14,374.08,374.08,-0.02,64.22,23254.2,-1
2026-05-18,2026-05-18 12:25:00,374.08,374.08,374.02,374.02,-0.02,64.22,23254.2,-1
2026-05-18,2026-05-18 12:26:00,374.02,374.02,373.95,373.95,-0.02,64.22,23254.2,-1
2026-05-18,2026-05-18 12:27:00,373.95,373.95,373.89,373.89,-0.02,64.22,23254.2,-1
2026-05-18,2026-05-18 12:28:00,373.89,373.89,373.83,373.83,-0.02,64.22,23254.2,-1
2026-05-18,2026-05-18 12:29:00,373.83,373.83,373.76,373.76,-0.02,64.22,23254.2,-1
2026-05-18,2026-05-18 12:30:00,373.76,373.76,373.7,373.7,-0.02,64.22,23254.2,-1
2026-05-18,2026-05-18 12:31:00,373.7,373.7,373.63,373.63,-0.02,64.22,23254.2,-1
2026-05-18,2026-05-18 12:32:00,373.63,373.63,373.57,373.57,-0.02,64.22,23254.2,-1
2026-05-18,2026-05-18 12:33:00,373.57,373.57,373.51,373.51,-0.02,64.22,23254.2,-1
2026-05-18,2026-05-18 12:34:00,373.51,373.51,373.44,373.44,-0.02,64.22,23254.2,-1
2026-05-18,2026-05-18 12:35:00,373.44,373.44,373.38,373.38,-0.02,64.22,23254.2,-1
2026-05-18,2026-05-18 12:36:00,373.38,373.38,373.32,373.32,-0.02,64.22,23254.2,-1
2026-05-18,2026-05-18 12:37:00,373.32,373.32,373.25,373.25,-0.02,64.22,23254.2,-1
2026-05-18,2026-05-18 12:38:00,373.25,373.25,373.19,373.19,-0.02,64.22,23254.2,-1
2026-05-18,2026-05-18 12:39:00,373.19,373.19,373.12,373.12,-0.02,64.22,23254.2,-1
2026-05-18,2026-05-18 12:40:00,373.12,373.12,373.06,373.06,-0.02,64.22,23254.2,-1
2026-05-18,2026-05-18 12:41:00,373.06,373.06,373.0,373.0,-0.02,64.22,23254.2,-1
2026-05-18,2026-05-18 12:42:00,373.0,373.0,372.93,372.93,-0.02,64.22,23254.2,-1
2026-05-18,2026-05-18 12:43:00,372.93,372.93,372.87,372.87,-0.02,64.22,23254.2,-1
2026-05-18,2026-05-18 12:44:00,372.87,372.87,372.81,372.81,-0.02,64.22,23254.2,-1
2026-05-18,2026-05-18 12:45:00,372.81,372.81,372.74,372.74,-0.02,64.22,23254.2,-1
2026-05-18,2026-05-18 12:46:00,372.74,372.74,372.68,372.68,-0.02,64.22,23254.2,-1
2026-05-18,2026-05-18 12:47:00,372.68,372.68,372.62,372.62,-0.02,64.22,23254.2,-1
2026-05-18,2026-05-18 12:48:00,372.62,372.62,372.55,372.55,-0.02,64.22,23254.2,-1
2026-05-18,2026-05-18 12:49:00,372.55,372.55,372.49,372.49,-0.02,64.22,23254.2,-1
2026-05-18,2026-05-18 12:50:00,372.49,372.49,372.42,372.42,-0.02,64.22,23254.2,-1
2026-05-18,2026-05-18 12:51:00,372.42,372.42,372.36,372.36,-0.02,64.22,23254.2,-1
2026-05-18,2026-05-18 12:52:00,372.36,372.36,372.3,372.3,-0.02,64.22,23254.2,-1
2026-05-18,2026-05-18 12:53:00,372.3,372.3,372.23,372.23,-0.02,64.22,23254.2,-1
2026-05-18,2026-05-18 12:54:00,372.23,372.23,372.17,372.17,-0.02,64.22,23254.2,-1
2026-05-18,2026-05-18 12:55:00,372.17,372.17,372.11,372.11,-0.02,64.22,23254.2,-1
2026-05-18,2026-05-18 12:56:00,372.11,372.11,372.04,372.04,-0.02,64.22,23254.2,-1
2026-05-18,2026-05-18 12:57:00,372.04,372.04,371.98,371.98,-0.02,64.22,23254.2,-1
2026-05-18,2026-05-18 12:58:00,371.98,371.98,371.91,371.91,-0.02,64.22,23254.2,-1
2026-05-18,2026-05-18 12:59:00,371.91,371.91,371.85,371.85,-0.02,64.22,23254.2,-1
2026-05-18,2026-05-18 13:00:00,371.85,379.5,352.3,371.79,-0.02,64.22,23254.2,-1
2026-05-18,2026-05-18 13:01:00,371.79,371.79,371.72,371.72,-0.02,64.22,23254.2,-1
2026-05-18,2026-05-18 13:02:00,371.72,371.72,371.66,371.66,-0.02,64.22,23254.2,-1
2026-05-18,2026-05-18 13:03:00,371.66,371.66,371.59,371.59,-0.02,64.22,23254.2,-1
2026-05-18,2026-05-18 13:04:00,371.59,371.59,371.53,371.53,-0.02,64.22,23254.2,-1
2026-05-18,2026-05-18 13:05:00,371.53,371.53,371.47,371.47,-0.02,64.22,23254.2,-1
2026-05-18,2026-05-18 13:06:00,371.47,371.47,371.4,371.4,-0.02,64.22,23254.2,-1
2026-05-18,2026-05-18 13:07:00,371.4,371.4,371.34,371.34,-0.02,64.22,23254.2,-1
2026-05-18,2026-05-18 13:08:00,371.34,371.34,371.28,371.28,-0.02,64.22,23254.2,-1
2026-05-18,2026-05-18 13:09:00,371.28,371.28,371.21,371.21,-0.02,64.22,23254.2,-1
2026-05-18,2026-05-18 13:10:00,371.21,371.21,371.15,371.15,-0.02,64.22,23254.2,-1
2026-05-18,2026-05-18 13:11:00,371.15,371.15,371.08,371.08,-0.02,64.22,23254.2,-1
2026-05-18,2026-05-18 13:12:00,371.08,371.08,371.02,371.02,-0.02,64.22,23254.2,-1
2026-05-18,2026-05-18 13:13:00,371.02,371.02,370.96,370.96,-0.02,64.22,23254.2,-1
2026-05-18,2026-05-18 13:14:00,370.96,370.96,370.89,370.89,-0.02,64.22,23254.2,-1
2026-05-18,2026-05-18 13:15:00,370.89,370.89,370.83,370.83,-0.02,64.22,23254.2,-1
2026-05-18,2026-05-18 13:16:00,370.83,370.83,370.77,370.77,-0.02,64.22,23254.2,-1
2026-05-18,2026-05-18 13:17:00,370.77,370.77,370.7,370.7,-0.02,64.22,23254.2,-1
2026-05-18,2026-05-18 13:18:00,370.7,370.7,370.64,370.64,-0.02,64.22,23254.2,-1
2026-05-18,2026-05-18 13:19:00,370.64,370.64,370.57,370.57,-0.02,64.22,23254.2,-1
2026-05-18,2026-05-18 13:20:00,370.57,370.57,370.51,370.51,-0.02,64.22,23254.2,-1
2026-05-18,2026-05-18 13:21:00,370.51,370.51,370.45,370.45,-0.02,64.22,23254.2,-1
2026-05-18,2026-05-18 13:22:00,370.45,370.45,370.38,370.38,-0.02,64.22,23254.2,-1
2026-05-18,2026-05-18 13:23:00,370.38,370.38,370.32,370.32,-0.02,64.22,23254.2,-1
2026-05-18,2026-05-18 13:24:00,370.32,370.32,370.26,370.26,-0.02,64.22,23254.2,-1
2026-05-18,2026-05-18 13:25:00,370.26,370.26,370.19,370.19,-0.02,64.22,23254.2,-1
2026-05-18,2026-05-18 13:26:00,370.19,370.19,370.13,370.13,-0.02,64.22,23254.2,-1
2026-05-18,2026-05-18 13:27:00,370.13,370.13,370.06,370.06,-0.02,64.22,23254.2,-1
2026-05-18,2026-05-18 13:28:00,370.06,370.06,370.0,370.0,-0.02,64.22,23254.2,-1
2026-05-18,2026-05-18 13:29:00,370.0,370.0,369.94,369.94,-0.02,64.22,23254.2,-1
2026-05-18,2026-05-18 13:30:00,369.94,369.94,369.87,369.87,-0.02,64.22,23254.2,-1
2026-05-18,2026-05-18 13:31:00,369.87,369.87,369.81,369.81,-0.02,64.22,23254.2,-1
2026-05-18,2026-05-18 13:32:00,369.81,369.81,369.75,369.75,-0.02,64.22,23254.2,-1
2026-05-18,2026-05-18 13:33:00,369.75,369.75,369.68,369.68,-0.02,64.22,23254.2,-1
2026-05-18,2026-05-18 13:34:00,369.68,369.68,369.62,369.62,-0.02,64.22,23254.2,-1
2026-05-18,2026-05-18 13:35:00,369.62,369.62,369.56,369.56,-0.02,64.22,23254.2,-1
2026-05-18,2026-05-18 13:36:00,369.56,369.56,369.49,369.49,-0.02,64.22,23254.2,-1
2026-05-18,2026-05-18 13:37:00,369.49,369.49,369.43,369.43,-0.02,64.22,23254.2,-1
2026-05-18,2026-05-18 13:38:00,369.43,369.43,369.36,369.36,-0.02,64.22,23254.2,-1
2026-05-18,2026-05-18 13:39:00,369.36,369.36,369.3,369.3,-0.02,64.22,23254.2,-1
2026-05-18,2026-05-18 13:40:00,369.3,369.3,369.24,369.24,-0.02,64.22,23254.2,-1
2026-05-18,2026-05-18 13:41:00,369.24,369.24,369.17,369.17,-0.02,64.22,23254.2,-1
2026-05-18,2026-05-18 13:42:00,369.17,369.17,369.11,369.11,-0.02,64.22,23254.2,-1
2026-05-18,2026-05-18 13:43:00,369.11,369.11,369.05,369.05,-0.02,64.22,23254.2,-1
2026-05-18,2026-05-18 13:44:00,369.05,369.05,368.98,368.98,-0.02,64.22,23254.2,-1
2026-05-18,2026-05-18 13:45:00,368.98,368.98,368.92,368.92,-0.02,64.22,23254.2,-1
2026-05-18,2026-05-18 13:46:00,368.92,368.92,368.85,368.85,-0.02,64.22,23254.2,-1
2026-05-18,2026-05-18 13:47:00,368.85,368.85,368.79,368.79,-0.02,64.22,23254.2,-1
2026-05-18,2026-05-18 13:48:00,368.79,368.79,368.73,368.73,-0.02,64.22,23254.2,-1
2026-05-18,2026-05-18 13:49:00,368.73,368.73,368.66,368.66,-0.02,64.22,23254.2,-1
2026-05-18,2026-05-18 13:50:00,368.66,368.66,368.6,368.6,-0.02,64.22,23254.2,-1
2026-05-18,2026-05-18 13:51:00,368.6,368.6,368.53,368.53,-0.02,64.22,23254.2,-1
2026-05-18,2026-05-18 13:52:00,368.53,368.53,368.47,368.47,-0.02,64.22,23254.2,-1
2026-05-18,2026-05-18 13:53:00,368.47,368.47,368.41,368.41,-0.02,64.22,23254.2,-1
2026-05-18,2026-05-18 13:54:00,368.41,368.41,368.34,368.34,-0.02,64.22,23254.2,-1
2026-05-18,2026-05-18 13:55:00,368.34,368.34,368.28,368.28,-0.02,64.22,23254.2,-1
2026-05-18,2026-05-18 13:56:00,368.28,368.28,368.22,368.22,-0.02,64.22,23254.2,-1
2026-05-18,2026-05-18 13:57:00,368.22,368.22,368.15,368.15,-0.02,64.22,23254.2,-1
2026-05-18,2026-05-18 13:58:00,368.15,368.15,368.09,368.09,-0.02,64.22,23254.2,-1
2026-05-18,2026-05-18 13:59:00,368.09,368.09,368.02,368.02,-0.02,64.22,23254.2,-1
2026-05-18,2026-05-18 14:00:00,368.02,368.02,367.96,367.96,-0.02,64.22,23254.2,-1
2026-05-18,2026-05-18 14:01:00,367.96,367.96,367.9,367.9,-0.02,64.22,23254.2,-1
2026-05-18,2026-05-18 14:02:00,367.9,367.9,367.83,367.83,-0.02,64.22,23254.2,-1
2026-05-18,2026-05-18 14:03:00,367.83,367.83,367.77,367.77,-0.02,64.22,23254.2,-1
2026-05-18,2026-05-18 14:04:00,367.77,367.77,367.71,367.71,-0.02,64.22,23254.2,-1
2026-05-18,2026-05-18 14:05:00,367.71,367.71,367.64,367.64,-0.02,64.22,23254.2,-1
2026-05-18,2026-05-18 14:06:00,367.64,367.64,367.58,367.58,-0.02,64.22,23254.2,-1
2026-05-18,2026-05-18 14:07:00,367.58,367.58,367.51,367.51,-0.02,64.22,23254.2,-1
2026-05-18,2026-05-18 14:08:00,367.51,367.51,367.45,367.45,-0.02,64.22,23254.2,-1
2026-05-18,2026-05-18 14:09:00,367.45,367.45,367.39,367.39,-0.02,64.22,23254.2,-1
2026-05-18,2026-05-18 14:10:00,367.39,367.39,367.32,367.32,-0.02,64.22,23254.2,-1
2026-05-18,2026-05-18 14:11:00,367.32,367.32,367.26,367.26,-0.02,64.22,23254.2,-1
2026-05-18,2026-05-18 14:12:00,367.26,367.26,367.2,367.2,-0.02,64.22,23254.2,-1
2026-05-18,2026-05-18 14:13:00,367.2,367.2,367.13,367.13,-0.02,64.22,23254.2,-1
2026-05-18,2026-05-18 14:14:00,367.13,367.13,367.07,367.07,-0.02,64.22,23254.2,-1
2026-05-18,2026-05-18 14:15:00,367.07,367.07,367.0,367.0,-0.02,64.22,23254.2,-1
2026-05-18,2026-05-18 14:16:00,367.0,367.0,366.94,366.94,-0.02,64.22,23254.2,-1
2026-05-18,2026-05-18 14:17:00,366.94,366.94,366.88,366.88,-0.02,64.22,23254.2,-1
2026-05-18,2026-05-18 14:18:00,366.88,366.88,366.81,366.81,-0.02,64.22,23254.2,-1
2026-05-18,2026-05-18 14:19:00,366.81,366.81,366.75,366.75,-0.02,64.22,23254.2,-1
2026-05-18,2026-05-18 14:20:00,366.75,366.75,366.69,366.69,-0.02,64.22,23254.2,-1
2026-05-18,2026-05-18 14:21:00,366.69,366.69,366.62,366.62,-0.02,64.22,23254.2,-1
2026-05-18,2026-05-18 14:22:00,366.62,366.62,366.56,366.56,-0.02,64.22,23254.2,-1
2026-05-18,2026-05-18 14:23:00,366.56,366.56,366.5,366.5,-0.02,64.22,23254.2,-1
2026-05-18,2026-05-18 14:24:00,366.5,366.5,366.43,366.43,-0.02,64.22,23254.2,-1
2026-05-18,2026-05-18 14:25:00,366.43,366.43,366.37,366.37,-0.02,64.22,23254.2,-1
2026-05-18,2026-05-18 14:26:00,366.37,366.37,366.3,366.3,-0.02,64.22,23254.2,-1
2026-05-18,2026-05-18 14:27:00,366.3,366.3,366.24,366.24,-0.02,64.22,23254.2,-1
2026-05-18,2026-05-18 14:28:00,366.24,366.24,366.18,366.18,-0.02,64.22,23254.2,-1
2026-05-18,2026-05-18 14:29:00,366.18,366.18,366.11,366.11,-0.02,64.22,23254.2,-1
2026-05-18,2026-05-18 14:30:00,366.11,366.11,366.05,366.05,-0.02,64.22,23254.2,-1
2026-05-18,2026-05-18 14:31:00,366.05,366.05,365.99,365.99,-0.02,64.22,23254.2,-1
2026-05-18,2026-05-18 14:32:00,365.99,365.99,365.92,365.92,-0.02,64.22,23254.2,-1
2026-05-18,2026-05-18 14:33:00,365.92,365.92,365.86,365.86,-0.02,64.22,23254.2,-1
2026-05-18,2026-05-18 14:34:00,365.86,365.86,365.79,365.79,-0.02,64.22,23254.2,-1
2026-05-18,2026-05-18 14:35:00,365.79,365.79,365.73,365.73,-0.02,64.22,23254.2,-1
2026-05-18,2026-05-18 14:36:00,365.73,365.73,365.67,365.67,-0.02,64.22,23254.2,-1
2026-05-18,2026-05-18 14:37:00,365.67,365.67,365.6,365.6,-0.02,64.22,23254.2,-1
2026-05-18,2026-05-18 14:38:00,365.6,365.6,365.54,365.54,-0.02,64.22,23254.2,-1
2026-05-18,2026-05-18 14:39:00,365.54,365.54,365.47,365.47,-0.02,64.22,23254.2,-1
2026-05-18,2026-05-18 14:40:00,365.47,365.47,365.41,365.41,-0.02,64.22,23254.2,-1
2026-05-18,2026-05-18 14:41:00,365.41,365.41,365.35,365.35,-0.02,64.22,23254.2,-1
2026-05-18,2026-05-18 14:42:00,365.35,365.35,365.28,365.28,-0.02,64.22,23254.2,-1
2026-05-18,2026-05-18 14:43:00,365.28,365.28,365.22,365.22,-0.02,64.22,23254.2,-1
2026-05-18,2026-05-18 14:44:00,365.22,365.22,365.16,365.16,-0.02,64.22,23254.2,-1
2026-05-18,2026-05-18 14:45:00,365.16,365.16,365.09,365.09,-0.02,64.22,23254.2,-1
2026-05-18,2026-05-18 14:46:00,365.09,365.09,365.03,365.03,-0.02,64.22,23254.2,-1
2026-05-18,2026-05-18 14:47:00,365.03,365.03,364.96,364.96,-0.02,64.22,23254.2,-1
2026-05-18,2026-05-18 14:48:00,364.96,364.96,364.9,364.9,-0.02,64.22,23254.2,-1
2026-05-18,2026-05-18 14:49:00,364.9,364.9,364.84,364.84,-0.02,64.22,23254.2,-1
2026-05-18,2026-05-18 14:50:00,364.84,364.84,364.77,364.77,-0.02,64.22,23254.2,-1
2026-05-18,2026-05-18 14:51:00,364.77,364.77,364.71,364.71,-0.02,64.22,23254.2,-1
2026-05-18,2026-05-18 14:52:00,364.71,364.71,364.65,364.65,-0.02,64.22,23254.2,-1
2026-05-18,2026-05-18 14:53:00,364.65,364.65,364.58,364.58,-0.02,64.22,23254.2,-1
2026-05-18,2026-05-18 14:54:00,364.58,364.58,364.52,364.52,-0.02,64.22,23254.2,-1
2026-05-18,2026-05-18 14:55:00,364.52,364.52,364.45,364.45,-0.02,64.22,23254.2,-1
2026-05-18,2026-05-18 14:56:00,364.45,364.45,364.39,364.39,-0.02,64.22,23254.2,-1
2026-05-18,2026-05-18 14:57:00,364.39,364.39,364.33,364.33,-0.02,64.22,23254.2,-1
2026-05-18,2026-05-18 14:58:00,364.33,364.33,364.26,364.26,-0.02,64.22,23254.2,-1
2026-05-18,2026-05-18 14:59:00,364.26,364.26,364.2,364.2,-0.02,64.22,23254.2,-1
2026-05-18,2026-05-18 15:00:00,364.2,379.5,352.3,364.2,0.0,64.22,23254.2,0
2026-05-19,2026-05-19 11:00:00,367.0,367.87,366.1,367.0,0.0,59.32,21762.6,0
2026-05-19,2026-05-19 11:01:00,367.0,367.0,366.99,366.99,-0.0,59.32,21762.6,-1
2026-05-19,2026-05-19 11:02:00,366.99,366.99,366.99,366.99,0.0,59.32,21762.6,0
2026-05-19,2026-05-19 11:03:00,366.99,366.99,366.98,366.98,-0.0,59.32,21762.6,-1
2026-05-19,2026-05-19 11:04:00,366.98,366.98,366.98,366.98,0.0,59.32,21762.6,0
2026-05-19,2026-05-19 11:05:00,366.98,366.98,366.98,366.98,0.0,59.32,21762.6,0
2026-05-19,2026-05-19 11:06:00,366.98,366.98,366.97,366.97,-0.0,59.32,21762.6,-1
2026-05-19,2026-05-19 11:07:00,366.97,366.97,366.97,366.97,0.0,59.32,21762.6,0
2026-05-19,2026-05-19 11:08:00,366.97,366.97,366.96,366.96,-0.0,59.32,21762.6,-1
2026-05-19,2026-05-19 11:09:00,366.96,366.96,366.96,366.96,0.0,59.32,21762.6,0
2026-05-19,2026-05-19 11:10:00,366.96,366.96,366.95,366.95,-0.0,59.32,21762.6,-1
2026-05-19,2026-05-19 11:11:00,366.95,366.95,366.95,366.95,0.0,59.32,21762.6,0
2026-05-19,2026-05-19 11:12:00,366.95,366.95,366.95,366.95,0.0,59.32,21762.6,0
2026-05-19,2026-05-19 11:13:00,366.95,366.95,366.94,366.94,-0.0,59.32,21762.6,-1
2026-05-19,2026-05-19 11:14:00,366.94,366.94,366.94,366.94,0.0,59.32,21762.6,0
2026-05-19,2026-05-19 11:15:00,366.94,366.94,366.93,366.93,-0.0,59.32,21762.6,-1
2026-05-19,2026-05-19 11:16:00,366.93,366.93,366.93,366.93,0.0,59.32,21762.6,0
2026-05-19,2026-05-19 11:17:00,366.93,366.93,366.93,366.93,0.0,59.32,21762.6,0
2026-05-19,2026-05-19 11:18:00,366.93,366.93,366.92,366.92,-0.0,59.32,21762.6,-1
2026-05-19,2026-05-19 11:19:00,366.92,366.92,366.92,366.92,0.0,59.32,21762.6,0
2026-05-19,2026-05-19 11:20:00,366.92,366.92,366.91,366.91,-0.0,59.32,21762.6,-1
2026-05-19,2026-05-19 11:21:00,366.91,366.91,366.91,366.91,0.0,59.32,21762.6,0
2026-05-19,2026-05-19 11:22:00,366.91,366.91,366.9,366.9,-0.0,59.32,21762.6,-1
2026-05-19,2026-05-19 11:23:00,366.9,366.9,366.9,366.9,0.0,59.32,21762.6,0
2026-05-19,2026-05-19 11:24:00,366.9,366.9,366.9,366.9,0.0,59.32,21762.6,0
2026-05-19,2026-05-19 11:25:00,366.9,366.9,366.89,366.89,-0.0,59.32,21762.6,-1
2026-05-19,2026-05-19 11:26:00,366.89,366.89,366.89,366.89,0.0,59.32,21762.6,0
2026-05-19,2026-05-19 11:27:00,366.89,366.89,366.88,366.88,-0.0,59.32,21762.6,-1
2026-05-19,2026-05-19 11:28:00,366.88,366.88,366.88,366.88,0.0,59.32,21762.6,0
2026-05-19,2026-05-19 11:29:00,366.88,366.88,366.88,366.88,0.0,59.32,21762.6,0
2026-05-19,2026-05-19 11:30:00,366.88,366.88,366.87,366.87,-0.0,59.32,21762.6,-1
2026-05-19,2026-05-19 11:31:00,366.87,366.87,366.87,366.87,0.0,59.32,21762.6,0
2026-05-19,2026-05-19 11:32:00,366.87,366.87,366.86,366.86,-0.0,59.32,21762.6,-1
2026-05-19,2026-05-19 11:33:00,366.86,366.86,366.86,366.86,0.0,59.32,21762.6,0
2026-05-19,2026-05-19 11:34:00,366.86,366.86,366.85,366.85,-0.0,59.32,21762.6,-1
2026-05-19,2026-05-19 11:35:00,366.85,366.85,366.85,366.85,0.0,59.32,21762.6,0
2026-05-19,2026-05-19 11:36:00,366.85,366.85,366.85,366.85,0.0,59.32,21762.6,0
2026-05-19,2026-05-19 11:37:00,366.85,366.85,366.84,366.84,-0.0,59.32,21762.6,-1
2026-05-19,2026-05-19 11:38:00,366.84,366.84,366.84,366.84,0.0,59.32,21762.6,0
2026-05-19,2026-05-19 11:39:00,366.84,366.84,366.83,366.83,-0.0,59.32,21762.6,-1
2026-05-19,2026-05-19 11:40:00,366.83,366.83,366.83,366.83,0.0,59.32,21762.6,0
2026-05-19,2026-05-19 11:41:00,366.83,366.83,366.82,366.82,-0.0,59.32,21762.6,-1
2026-05-19,2026-05-19 11:42:00,366.82,366.82,366.82,366.82,0.0,59.32,21762.6,0
2026-05-19,2026-05-19 11:43:00,366.82,366.82,366.82,366.82,0.0,59.32,21762.6,0
2026-05-19,2026-05-19 11:44:00,366.82,366.82,366.81,366.81,-0.0,59.32,21762.6,-1
2026-05-19,2026-05-19 11:45:00,366.81,366.81,366.81,366.81,0.0,59.32,21762.6,0
2026-05-19,2026-05-19 11:46:00,366.81,366.81,366.8,366.8,-0.0,59.32,21762.6,-1
2026-05-19,2026-05-19 11:47:00,366.8,366.8,366.8,366.8,0.0,59.32,21762.6,0
2026-05-19,2026-05-19 11:48:00,366.8,366.8,366.8,366.8,0.0,59.32,21762.6,0
2026-05-19,2026-05-19 11:49:00,366.8,366.8,366.79,366.79,-0.0,59.32,21762.6,-1
2026-05-19,2026-05-19 11:50:00,366.79,366.79,366.79,366.79,0.0,59.32,21762.6,0
2026-05-19,2026-05-19 11:51:00,366.79,366.79,366.78,366.78,-0.0,59.32,21762.6,-1
2026-05-19,2026-05-19 11:52:00,366.78,366.78,366.78,366.78,0.0,59.32,21762.6,0
2026-05-19,2026-05-19 11:53:00,366.78,366.78,366.77,366.77,-0.0,59.32,21762.6,-1
2026-05-19,2026-05-19 11:54:00,366.77,366.77,366.77,366.77,0.0,59.32,21762.6,0
2026-05-19,2026-05-19 11:55:00,366.77,366.77,366.77,366.77,0.0,59.32,21762.6,0
2026-05-19,2026-05-19 11:56:00,366.77,366.77,366.76,366.76,-0.0,59.32,21762.6,-1
2026-05-19,2026-05-19 11:57:00,366.76,366.76,366.76,366.76,0.0,59.32,21762.6,0
2026-05-19,2026-05-19 11:58:00,366.76,366.76,366.75,366.75,-0.0,59.32,21762.6,-1
2026-05-19,2026-05-19 11:59:00,366.75,366.75,366.75,366.75,0.0,59.32,21762.6,0
2026-05-19,2026-05-19 12:00:00,366.75,366.75,366.75,366.75,0.0,59.32,21762.6,0
2026-05-19,2026-05-19 12:01:00,366.75,366.75,366.74,366.74,-0.0,59.32,21762.6,-1
2026-05-19,2026-05-19 12:02:00,366.74,366.74,366.74,366.74,0.0,59.32,21762.6,0
2026-05-19,2026-05-19 12:03:00,366.74,366.74,366.73,366.73,-0.0,59.32,21762.6,-1
2026-05-19,2026-05-19 12:04:00,366.73,366.73,366.73,366.73,0.0,59.32,21762.6,0
2026-05-19,2026-05-19 12:05:00,366.73,366.73,366.73,366.73,0.0,59.32,21762.6,0
2026-05-19,2026-05-19 12:06:00,366.73,366.73,366.72,366.72,-0.0,59.32,21762.6,-1
2026-05-19,2026-05-19 12:07:00,366.72,366.72,366.72,366.72,0.0,59.32,21762.6,0
2026-05-19,2026-05-19 12:08:00,366.72,366.72,366.71,366.71,-0.0,59.32,21762.6,-1
2026-05-19,2026-05-19 12:09:00,366.71,366.71,366.71,366.71,0.0,59.32,21762.6,0
2026-05-19,2026-05-19 12:10:00,366.71,366.71,366.7,366.7,-0.0,59.32,21762.6,-1
2026-05-19,2026-05-19 12:11:00,366.7,366.7,366.7,366.7,0.0,59.32,21762.6,0
2026-05-19,2026-05-19 12:12:00,366.7,366.7,366.7,366.7,0.0,59.32,21762.6,0
2026-05-19,2026-05-19 12:13:00,366.7,366.7,366.69,366.69,-0.0,59.32,21762.6,-1
2026-05-19,2026-05-19 12:14:00,366.69,366.69,366.69,366.69,0.0,59.32,21762.6,0
2026-05-19,2026-05-19 12:15:00,366.69,366.69,366.68,366.68,-0.0,59.32,21762.6,-1
2026-05-19,2026-05-19 12:16:00,366.68,366.68,366.68,366.68,0.0,59.32,21762.6,0
2026-05-19,2026-05-19 12:17:00,366.68,366.68,366.68,366.68,0.0,59.32,21762.6,0
2026-05-19,2026-05-19 12:18:00,366.68,366.68,366.67,366.67,-0.0,59.32,21762.6,-1
2026-05-19,2026-05-19 12:19:00,366.67,366.67,366.67,366.67,0.0,59.32,21762.6,0
2026-05-19,2026-05-19 12:20:00,366.67,366.67,366.66,366.66,-0.0,59.32,21762.6,-1
2026-05-19,2026-05-19 12:21:00,366.66,366.66,366.66,366.66,0.0,59.32,21762.6,0
2026-05-19,2026-05-19 12:22:00,366.66,366.66,366.65,366.65,-0.0,59.32,21762.6,-1
2026-05-19,2026-05-19 12:23:00,366.65,366.65,366.65,366.65,0.0,59.32,21762.6,0
2026-05-19,2026-05-19 12:24:00,366.65,366.65,366.65,366.65,0.0,59.32,21762.6,0
2026-05-19,2026-05-19 12:25:00,366.65,366.65,366.64,366.64,-0.0,59.32,21762.6,-1
2026-05-19,2026-05-19 12:26:00,366.64,366.64,366.64,366.64,0.0,59.32,21762.6,0
2026-05-19,2026-05-19 12:27:00,366.64,366.64,366.63,366.63,-0.0,59.32,21762.6,-1
2026-05-19,2026-05-19 12:28:00,366.63,366.63,366.63,366.63,0.0,59.32,21762.6,0
2026-05-19,2026-05-19 12:29:00,366.63,366.63,366.62,366.62,-0.0,59.32,21762.6,-1
2026-05-19,2026-05-19 12:30:00,366.62,366.62,366.62,366.62,0.0,59.32,21762.6,0
2026-05-19,2026-05-19 12:31:00,366.62,366.62,366.62,366.62,0.0,59.32,21762.6,0
2026-05-19,2026-05-19 12:32:00,366.62,366.62,366.61,366.61,-0.0,59.32,21762.6,-1
2026-05-19,2026-05-19 12:33:00,366.61,366.61,366.61,366.61,0.0,59.32,21762.6,0
2026-05-19,2026-05-19 12:34:00,366.61,366.61,366.6,366.6,-0.0,59.32,21762.6,-1
2026-05-19,2026-05-19 12:35:00,366.6,366.6,366.6,366.6,0.0,59.32,21762.6,0
2026-05-19,2026-05-19 12:36:00,366.6,366.6,366.6,366.6,0.0,59.32,21762.6,0
2026-05-19,2026-05-19 12:37:00,366.6,366.6,366.59,366.59,-0.0,59.32,21762.6,-1
2026-05-19,2026-05-19 12:38:00,366.59,366.59,366.59,366.59,0.0,59.32,21762.6,0
2026-05-19,2026-05-19 12:39:00,366.59,366.59,366.58,366.58,-0.0,59.32,21762.6,-1
2026-05-19,2026-05-19 12:40:00,366.58,366.58,366.58,366.58,0.0,59.32,21762.6,0
2026-05-19,2026-05-19 12:41:00,366.58,366.58,366.57,366.57,-0.0,59.32,21762.6,-1
2026-05-19,2026-05-19 12:42:00,366.57,366.57,366.57,366.57,0.0,59.32,21762.6,0
2026-05-19,2026-05-19 12:43:00,366.57,366.57,366.57,366.57,0.0,59.32,21762.6,0
2026-05-19,2026-05-19 12:44:00,366.57,366.57,366.56,366.56,-0.0,59.32,21762.6,-1
2026-05-19,2026-05-19 12:45:00,366.56,366.56,366.56,366.56,0.0,59.32,21762.6,0
2026-05-19,2026-05-19 12:46:00,366.56,366.56,366.55,366.55,-0.0,59.32,21762.6,-1
2026-05-19,2026-05-19 12:47:00,366.55,366.55,366.55,366.55,0.0,59.32,21762.6,0
2026-05-19,2026-05-19 12:48:00,366.55,366.55,366.55,366.55,0.0,59.32,21762.6,0
2026-05-19,2026-05-19 12:49:00,366.55,366.55,366.54,366.54,-0.0,59.32,21762.6,-1
2026-05-19,2026-05-19 12:50:00,366.54,366.54,366.54,366.54,0.0,59.32,21762.6,0
2026-05-19,2026-05-19 12:51:00,366.54,366.54,366.53,366.53,-0.0,59.32,21762.6,-1
2026-05-19,2026-05-19 12:52:00,366.53,366.53,366.53,366.53,0.0,59.32,21762.6,0
2026-05-19,2026-05-19 12:53:00,366.53,366.53,366.52,366.52,-0.0,59.32,21762.6,-1
2026-05-19,2026-05-19 12:54:00,366.52,366.52,366.52,366.52,0.0,59.32,21762.6,0
2026-05-19,2026-05-19 12:55:00,366.52,366.52,366.52,366.52,0.0,59.32,21762.6,0
2026-05-19,2026-05-19 12:56:00,366.52,366.52,366.51,366.51,-0.0,59.32,21762.6,-1
2026-05-19,2026-05-19 12:57:00,366.51,366.51,366.51,366.51,0.0,59.32,21762.6,0
2026-05-19,2026-05-19 12:58:00,366.51,366.51,366.5,366.5,-0.0,59.32,21762.6,-1
2026-05-19,2026-05-19 12:59:00,366.5,366.5,366.5,366.5,0.0,59.32,21762.6,0
2026-05-19,2026-05-19 13:00:00,366.5,369.9,364.0,366.5,0.0,59.32,21762.6,0
2026-05-19,2026-05-19 13:01:00,366.5,366.5,366.49,366.49,-0.0,59.32,21762.6,-1
2026-05-19,2026-05-19 13:02:00,366.49,366.49,366.49,366.49,0.0,59.32,21762.6,0
2026-05-19,2026-05-19 13:03:00,366.49,366.49,366.48,366.48,-0.0,59.32,21762.6,-1
2026-05-19,2026-05-19 13:04:00,366.48,366.48,366.48,366.48,0.0,59.32,21762.6,0
2026-05-19,2026-05-19 13:05:00,366.48,366.48,366.48,366.48,0.0,59.32,21762.6,0
2026-05-19,2026-05-19 13:06:00,366.48,366.48,366.47,366.47,-0.0,59.32,21762.6,-1
2026-05-19,2026-05-19 13:07:00,366.47,366.47,366.47,366.47,0.0,59.32,21762.6,0
2026-05-19,2026-05-19 13:08:00,366.47,366.47,366.46,366.46,-0.0,59.32,21762.6,-1
2026-05-19,2026-05-19 13:09:00,366.46,366.46,366.46,366.46,0.0,59.32,21762.6,0
2026-05-19,2026-05-19 13:10:00,366.46,366.46,366.45,366.45,-0.0,59.32,21762.6,-1
2026-05-19,2026-05-19 13:11:00,366.45,366.45,366.45,366.45,0.0,59.32,21762.6,0
2026-05-19,2026-05-19 13:12:00,366.45,366.45,366.45,366.45,0.0,59.32,21762.6,0
2026-05-19,2026-05-19 13:13:00,366.45,366.45,366.44,366.44,-0.0,59.32,21762.6,-1
2026-05-19,2026-05-19 13:14:00,366.44,366.44,366.44,366.44,0.0,59.32,21762.6,0
2026-05-19,2026-05-19 13:15:00,366.44,366.44,366.43,366.43,-0.0,59.32,21762.6,-1
2026-05-19,2026-05-19 13:16:00,366.43,366.43,366.43,366.43,0.0,59.32,21762.6,0
2026-05-19,2026-05-19 13:17:00,366.43,366.43,366.43,366.43,0.0,59.32,21762.6,0
2026-05-19,2026-05-19 13:18:00,366.43,366.43,366.42,366.42,-0.0,59.32,21762.6,-1
2026-05-19,2026-05-19 13:19:00,366.42,366.42,366.42,366.42,0.0,59.32,21762.6,0
2026-05-19,2026-05-19 13:20:00,366.42,366.42,366.41,366.41,-0.0,59.32,21762.6,-1
2026-05-19,2026-05-19 13:21:00,366.41,366.41,366.41,366.41,0.0,59.32,21762.6,0
2026-05-19,2026-05-19 13:22:00,366.41,366.41,366.4,366.4,-0.0,59.32,21762.6,-1
2026-05-19,2026-05-19 13:23:00,366.4,366.4,366.4,366.4,0.0,59.32,21762.6,0
2026-05-19,2026-05-19 13:24:00,366.4,366.4,366.4,366.4,0.0,59.32,21762.6,0
2026-05-19,2026-05-19 13:25:00,366.4,366.4,366.39,366.39,-0.0,59.32,21762.6,-1
2026-05-19,2026-05-19 13:26:00,366.39,366.39,366.39,366.39,0.0,59.32,21762.6,0
2026-05-19,2026-05-19 13:27:00,366.39,366.39,366.38,366.38,-0.0,59.32,21762.6,-1
2026-05-19,2026-05-19 13:28:00,366.38,366.38,366.38,366.38,0.0,59.32,21762.6,0
2026-05-19,2026-05-19 13:29:00,366.38,366.38,366.38,366.38,0.0,59.32,21762.6,0
2026-05-19,2026-05-19 13:30:00,366.38,366.38,366.37,366.37,-0.0,59.32,21762.6,-1
2026-05-19,2026-05-19 13:31:00,366.37,366.37,366.37,366.37,0.0,59.32,21762.6,0
2026-05-19,2026-05-19 13:32:00,366.37,366.37,366.36,366.36,-0.0,59.32,21762.6,-1
2026-05-19,2026-05-19 13:33:00,366.36,366.36,366.36,366.36,0.0,59.32,21762.6,0
2026-05-19,2026-05-19 13:34:00,366.36,366.36,366.35,366.35,-0.0,59.32,21762.6,-1
2026-05-19,2026-05-19 13:35:00,366.35,366.35,366.35,366.35,0.0,59.32,21762.6,0
2026-05-19,2026-05-19 13:36:00,366.35,366.35,366.35,366.35,0.0,59.32,21762.6,0
2026-05-19,2026-05-19 13:37:00,366.35,366.35,366.34,366.34,-0.0,59.32,21762.6,-1
2026-05-19,2026-05-19 13:38:00,366.34,366.34,366.34,366.34,0.0,59.32,21762.6,0
2026-05-19,2026-05-19 13:39:00,366.34,366.34,366.33,366.33,-0.0,59.32,21762.6,-1
2026-05-19,2026-05-19 13:40:00,366.33,366.33,366.33,366.33,0.0,59.32,21762.6,0
2026-05-19,2026-05-19 13:41:00,366.33,366.33,366.32,366.32,-0.0,59.32,21762.6,-1
2026-05-19,2026-05-19 13:42:00,366.32,366.32,366.32,366.32,0.0,59.32,21762.6,0
2026-05-19,2026-05-19 13:43:00,366.32,366.32,366.32,366.32,0.0,59.32,21762.6,0
2026-05-19,2026-05-19 13:44:00,366.32,366.32,366.31,366.31,-0.0,59.32,21762.6,-1
2026-05-19,2026-05-19 13:45:00,366.31,366.31,366.31,366.31,0.0,59.32,21762.6,0
2026-05-19,2026-05-19 13:46:00,366.31,366.31,366.3,366.3,-0.0,59.32,21762.6,-1
2026-05-19,2026-05-19 13:47:00,366.3,366.3,366.3,366.3,0.0,59.32,21762.6,0
2026-05-19,2026-05-19 13:48:00,366.3,366.3,366.3,366.3,0.0,59.32,21762.6,0
2026-05-19,2026-05-19 13:49:00,366.3,366.3,366.29,366.29,-0.0,59.32,21762.6,-1
2026-05-19,2026-05-19 13:50:00,366.29,366.29,366.29,366.29,0.0,59.32,21762.6,0
2026-05-19,2026-05-19 13:51:00,366.29,366.29,366.28,366.28,-0.0,59.32,21762.6,-1
2026-05-19,2026-05-19 13:52:00,366.28,366.28,366.28,366.28,0.0,59.32,21762.6,0
2026-05-19,2026-05-19 13:53:00,366.28,366.28,366.27,366.27,-0.0,59.32,21762.6,-1
2026-05-19,2026-05-19 13:54:00,366.27,366.27,366.27,366.27,0.0,59.32,21762.6,0
2026-05-19,2026-05-19 13:55:00,366.27,366.27,366.27,366.27,0.0,59.32,21762.6,0
2026-05-19,2026-05-19 13:56:00,366.27,366.27,366.26,366.26,-0.0,59.32,21762.6,-1
2026-05-19,2026-05-19 13:57:00,366.26,366.26,366.26,366.26,0.0,59.32,21762.6,0
2026-05-19,2026-05-19 13:58:00,366.26,366.26,366.25,366.25,-0.0,59.32,21762.6,-1
2026-05-19,2026-05-19 13:59:00,366.25,366.25,366.25,366.25,0.0,59.32,21762.6,0
2026-05-19,2026-05-19 14:00:00,366.25,366.25,366.25,366.25,0.0,59.32,21762.6,0
2026-05-19,2026-05-19 14:01:00,366.25,366.25,366.24,366.24,-0.0,59.32,21762.6,-1
2026-05-19,2026-05-19 14:02:00,366.24,366.24,366.24,366.24,0.0,59.32,21762.6,0
2026-05-19,2026-05-19 14:03:00,366.24,366.24,366.23,366.23,-0.0,59.32,21762.6,-1
2026-05-19,2026-05-19 14:04:00,366.23,366.23,366.23,366.23,0.0,59.32,21762.6,0
2026-05-19,2026-05-19 14:05:00,366.23,366.23,366.23,366.23,0.0,59.32,21762.6,0
2026-05-19,2026-05-19 14:06:00,366.23,366.23,366.22,366.22,-0.0,59.32,21762.6,-1
2026-05-19,2026-05-19 14:07:00,366.22,366.22,366.22,366.22,0.0,59.32,21762.6,0
2026-05-19,2026-05-19 14:08:00,366.22,366.22,366.21,366.21,-0.0,59.32,21762.6,-1
2026-05-19,2026-05-19 14:09:00,366.21,366.21,366.21,366.21,0.0,59.32,21762.6,0
2026-05-19,2026-05-19 14:10:00,366.21,366.21,366.2,366.2,-0.0,59.32,21762.6,-1
2026-05-19,2026-05-19 14:11:00,366.2,366.2,366.2,366.2,0.0,59.32,21762.6,0
2026-05-19,2026-05-19 14:12:00,366.2,366.2,366.2,366.2,0.0,59.32,21762.6,0
2026-05-19,2026-05-19 14:13:00,366.2,366.2,366.19,366.19,-0.0,59.32,21762.6,-1
2026-05-19,2026-05-19 14:14:00,366.19,366.19,366.19,366.19,0.0,59.32,21762.6,0
2026-05-19,2026-05-19 14:15:00,366.19,366.19,366.18,366.18,-0.0,59.32,21762.6,-1
2026-05-19,2026-05-19 14:16:00,366.18,366.18,366.18,366.18,0.0,59.32,21762.6,0
2026-05-19,2026-05-19 14:17:00,366.18,366.18,366.18,366.18,0.0,59.32,21762.6,0
2026-05-19,2026-05-19 14:18:00,366.18,366.18,366.17,366.17,-0.0,59.32,21762.6,-1
2026-05-19,2026-05-19 14:19:00,366.17,366.17,366.17,366.17,0.0,59.32,21762.6,0
2026-05-19,2026-05-19 14:20:00,366.17,366.17,366.16,366.16,-0.0,59.32,21762.6,-1
2026-05-19,2026-05-19 14:21:00,366.16,366.16,366.16,366.16,0.0,59.32,21762.6,0
2026-05-19,2026-05-19 14:22:00,366.16,366.16,366.15,366.15,-0.0,59.32,21762.6,-1
2026-05-19,2026-05-19 14:23:00,366.15,366.15,366.15,366.15,0.0,59.32,21762.6,0
2026-05-19,2026-05-19 14:24:00,366.15,366.15,366.15,366.15,0.0,59.32,21762.6,0
2026-05-19,2026-05-19 14:25:00,366.15,366.15,366.14,366.14,-0.0,59.32,21762.6,-1
2026-05-19,2026-05-19 14:26:00,366.14,366.14,366.14,366.14,0.0,59.32,21762.6,0
2026-05-19,2026-05-19 14:27:00,366.14,366.14,366.13,366.13,-0.0,59.32,21762.6,-1
2026-05-19,2026-05-19 14:28:00,366.13,366.13,366.13,366.13,0.0,59.32,21762.6,0
2026-05-19,2026-05-19 14:29:00,366.13,366.13,366.12,366.12,-0.0,59.32,21762.6,-1
2026-05-19,2026-05-19 14:30:00,366.12,366.12,366.12,366.12,0.0,59.32,21762.6,0
2026-05-19,2026-05-19 14:31:00,366.12,366.12,366.12,366.12,0.0,59.32,21762.6,0
2026-05-19,2026-05-19 14:32:00,366.12,366.12,366.11,366.11,-0.0,59.32,21762.6,-1
2026-05-19,2026-05-19 14:33:00,366.11,366.11,366.11,366.11,0.0,59.32,21762.6,0
2026-05-19,2026-05-19 14:34:00,366.11,366.11,366.1,366.1,-0.0,59.32,21762.6,-1
2026-05-19,2026-05-19 14:35:00,366.1,366.1,366.1,366.1,0.0,59.32,21762.6,0
2026-05-19,2026-05-19 14:36:00,366.1,366.1,366.1,366.1,0.0,59.32,21762.6,0
2026-05-19,2026-05-19 14:37:00,366.1,366.1,366.09,366.09,-0.0,59.32,21762.6,-1
2026-05-19,2026-05-19 14:38:00,366.09,366.09,366.09,366.09,0.0,59.32,21762.6,0
2026-05-19,2026-05-19 14:39:00,366.09,366.09,366.08,366.08,-0.0,59.32,21762.6,-1
2026-05-19,2026-05-19 14:40:00,366.08,366.08,366.08,366.08,0.0,59.32,21762.6,0
2026-05-19,2026-05-19 14:41:00,366.08,366.08,366.07,366.07,-0.0,59.32,21762.6,-1
2026-05-19,2026-05-19 14:42:00,366.07,366.07,366.07,366.07,0.0,59.32,21762.6,0
2026-05-19,2026-05-19 14:43:00,366.07,366.07,366.07,366.07,0.0,59.32,21762.6,0
2026-05-19,2026-05-19 14:44:00,366.07,366.07,366.06,366.06,-0.0,59.32,21762.6,-1
2026-05-19,2026-05-19 14:45:00,366.06,366.06,366.06,366.06,0.0,59.32,21762.6,0
2026-05-19,2026-05-19 14:46:00,366.06,366.06,366.05,366.05,-0.0,59.32,21762.6,-1
2026-05-19,2026-05-19 14:47:00,366.05,366.05,366.05,366.05,0.0,59.32,21762.6,0
2026-05-19,2026-05-19 14:48:00,366.05,366.05,366.05,366.05,0.0,59.32,21762.6,0
2026-05-19,2026-05-19 14:49:00,366.05,366.05,366.04,366.04,-0.0,59.32,21762.6,-1
2026-05-19,2026-05-19 14:50:00,366.04,366.04,366.04,366.04,0.0,59.32,21762.6,0
2026-05-19,2026-05-19 14:51:00,366.04,366.04,366.03,366.03,-0.0,59.32,21762.6,-1
2026-05-19,2026-05-19 14:52:00,366.03,366.03,366.03,366.03,0.0,59.32,21762.6,0
2026-05-19,2026-05-19 14:53:00,366.03,366.03,366.02,366.02,-0.0,59.32,21762.6,-1
2026-05-19,2026-05-19 14:54:00,366.02,366.02,366.02,366.02,0.0,59.32,21762.6,0
2026-05-19,2026-05-19 14:55:00,366.02,366.02,366.02,366.02,0.0,59.32,21762.6,0
2026-05-19,2026-05-19 14:56:00,366.02,366.02,366.01,366.01,-0.0,59.32,21762.6,-1
2026-05-19,2026-05-19 14:57:00,366.01,366.01,366.01,366.01,0.0,59.32,21762.6,0
2026-05-19,2026-05-19 14:58:00,366.01,366.01,366.0,366.0,-0.0,59.32,21762.6,-1
2026-05-19,2026-05-19 14:59:00,366.0,366.0,366.0,366.0,0.0,59.32,21762.6,0
2026-05-19,2026-05-19 15:00:00,366.0,369.9,364.0,366.0,0.0,59.32,21762.6,0
2026-05-20,2026-05-20 11:00:00,369.9,371.43,368.43,369.92,0.01,136.88,50769.46,1
2026-05-20,2026-05-20 11:01:00,369.92,369.94,369.92,369.94,0.01,136.88,50769.46,1
2026-05-20,2026-05-20 11:02:00,369.94,369.96,369.94,369.96,0.01,136.88,50769.46,1
2026-05-20,2026-05-20 11:03:00,369.96,369.98,369.96,369.98,0.01,136.88,50769.46,1
2026-05-20,2026-05-20 11:04:00,369.98,370.01,369.98,370.01,0.01,136.88,50769.46,1
2026-05-20,2026-05-20 11:05:00,370.01,370.03,370.01,370.03,0.01,136.88,50769.46,1
2026-05-20,2026-05-20 11:06:00,370.03,370.05,370.03,370.05,0.01,136.88,50769.46,1
2026-05-20,2026-05-20 11:07:00,370.05,370.07,370.05,370.07,0.01,136.88,50769.46,1
2026-05-20,2026-05-20 11:08:00,370.07,370.09,370.07,370.09,0.01,136.88,50769.46,1
2026-05-20,2026-05-20 11:09:00,370.09,370.11,370.09,370.11,0.01,136.88,50769.46,1
2026-05-20,2026-05-20 11:10:00,370.11,370.13,370.11,370.13,0.01,136.88,50769.46,1
2026-05-20,2026-05-20 11:11:00,370.13,370.15,370.13,370.15,0.01,136.88,50769.46,1
2026-05-20,2026-05-20 11:12:00,370.15,370.18,370.15,370.18,0.01,136.88,50769.46,1
2026-05-20,2026-05-20 11:13:00,370.18,370.2,370.18,370.2,0.01,136.88,50769.46,1
2026-05-20,2026-05-20 11:14:00,370.2,370.22,370.2,370.22,0.01,136.88,50769.46,1
2026-05-20,2026-05-20 11:15:00,370.22,370.24,370.22,370.24,0.01,136.88,50769.46,1
2026-05-20,2026-05-20 11:16:00,370.24,370.26,370.24,370.26,0.01,136.88,50769.46,1
2026-05-20,2026-05-20 11:17:00,370.26,370.28,370.26,370.28,0.01,136.88,50769.46,1
2026-05-20,2026-05-20 11:18:00,370.28,370.3,370.28,370.3,0.01,136.88,50769.46,1
2026-05-20,2026-05-20 11:19:00,370.3,370.32,370.3,370.32,0.01,136.88,50769.46,1
2026-05-20,2026-05-20 11:20:00,370.32,370.35,370.32,370.35,0.01,136.88,50769.46,1
2026-05-20,2026-05-20 11:21:00,370.35,370.37,370.35,370.37,0.01,136.88,50769.46,1
2026-05-20,2026-05-20 11:22:00,370.37,370.39,370.37,370.39,0.01,136.88,50769.46,1
2026-05-20,2026-05-20 11:23:00,370.39,370.41,370.39,370.41,0.01,136.88,50769.46,1
2026-05-20,2026-05-20 11:24:00,370.41,370.43,370.41,370.43,0.01,136.88,50769.46,1
2026-05-20,2026-05-20 11:25:00,370.43,370.45,370.43,370.45,0.01,136.88,50769.46,1
2026-05-20,2026-05-20 11:26:00,370.45,370.47,370.45,370.47,0.01,136.88,50769.46,1
2026-05-20,2026-05-20 11:27:00,370.47,370.5,370.47,370.5,0.01,136.88,50769.46,1
2026-05-20,2026-05-20 11:28:00,370.5,370.52,370.5,370.52,0.01,136.88,50769.46,1
2026-05-20,2026-05-20 11:29:00,370.52,370.54,370.52,370.54,0.01,136.88,50769.46,1
2026-05-20,2026-05-20 11:30:00,370.54,370.56,370.54,370.56,0.01,136.88,50769.46,1
2026-05-20,2026-05-20 11:31:00,370.56,370.58,370.56,370.58,0.01,136.88,50769.46,1
2026-05-20,2026-05-20 11:32:00,370.58,370.6,370.58,370.6,0.01,136.88,50769.46,1
2026-05-20,2026-05-20 11:33:00,370.6,370.62,370.6,370.62,0.01,136.88,50769.46,1
2026-05-20,2026-05-20 11:34:00,370.62,370.64,370.62,370.64,0.01,136.88,50769.46,1
2026-05-20,2026-05-20 11:35:00,370.64,370.66,370.64,370.66,0.01,136.88,50769.46,1
2026-05-20,2026-05-20 11:36:00,370.66,370.69,370.66,370.69,0.01,136.88,50769.46,1
2026-05-20,2026-05-20 11:37:00,370.69,370.71,370.69,370.71,0.01,136.88,50769.46,1
2026-05-20,2026-05-20 11:38:00,370.71,370.73,370.71,370.73,0.01,136.88,50769.46,1
2026-05-20,2026-05-20 11:39:00,370.73,370.75,370.73,370.75,0.01,136.88,50769.46,1
2026-05-20,2026-05-20 11:40:00,370.75,370.77,370.75,370.77,0.01,136.88,50769.46,1
2026-05-20,2026-05-20 11:41:00,370.77,370.79,370.77,370.79,0.01,136.88,50769.46,1
2026-05-20,2026-05-20 11:42:00,370.79,370.81,370.79,370.81,0.01,136.88,50769.46,1
2026-05-20,2026-05-20 11:43:00,370.81,370.83,370.81,370.83,0.01,136.88,50769.46,1
2026-05-20,2026-05-20 11:44:00,370.83,370.86,370.83,370.86,0.01,136.88,50769.46,1
2026-05-20,2026-05-20 11:45:00,370.86,370.88,370.86,370.88,0.01,136.88,50769.46,1
2026-05-20,2026-05-20 11:46:00,370.88,370.9,370.88,370.9,0.01,136.88,50769.46,1
2026-05-20,2026-05-20 11:47:00,370.9,370.92,370.9,370.92,0.01,136.88,50769.46,1
2026-05-20,2026-05-20 11:48:00,370.92,370.94,370.92,370.94,0.01,136.88,50769.46,1
2026-05-20,2026-05-20 11:49:00,370.94,370.96,370.94,370.96,0.01,136.88,50769.46,1
2026-05-20,2026-05-20 11:50:00,370.96,370.98,370.96,370.98,0.01,136.88,50769.46,1
2026-05-20,2026-05-20 11:51:00,370.98,371.0,370.98,371.0,0.01,136.88,50769.46,1
2026-05-20,2026-05-20 11:52:00,371.0,371.03,371.0,371.03,0.01,136.88,50769.46,1
2026-05-20,2026-05-20 11:53:00,371.03,371.05,371.03,371.05,0.01,136.88,50769.46,1
2026-05-20,2026-05-20 11:54:00,371.05,371.07,371.05,371.07,0.01,136.88,50769.46,1
2026-05-20,2026-05-20 11:55:00,371.07,371.09,371.07,371.09,0.01,136.88,50769.46,1
2026-05-20,2026-05-20 11:56:00,371.09,371.11,371.09,371.11,0.01,136.88,50769.46,1
2026-05-20,2026-05-20 11:57:00,371.11,371.13,371.11,371.13,0.01,136.88,50769.46,1
2026-05-20,2026-05-20 11:58:00,371.13,371.15,371.13,371.15,0.01,136.88,50769.46,1
2026-05-20,2026-05-20 11:59:00,371.15,371.17,371.15,371.17,0.01,136.88,50769.46,1
2026-05-20,2026-05-20 12:00:00,371.17,371.2,371.17,371.2,0.01,136.88,50769.46,1
2026-05-20,2026-05-20 12:01:00,371.2,371.22,371.2,371.22,0.01,136.88,50769.46,1
2026-05-20,2026-05-20 12:02:00,371.22,371.24,371.22,371.24,0.01,136.88,50769.46,1
2026-05-20,2026-05-20 12:03:00,371.24,371.26,371.24,371.26,0.01,136.88,50769.46,1
2026-05-20,2026-05-20 12:04:00,371.26,371.28,371.26,371.28,0.01,136.88,50769.46,1
2026-05-20,2026-05-20 12:05:00,371.28,371.3,371.28,371.3,0.01,136.88,50769.46,1
2026-05-20,2026-05-20 12:06:00,371.3,371.32,371.3,371.32,0.01,136.88,50769.46,1
2026-05-20,2026-05-20 12:07:00,371.32,371.34,371.32,371.34,0.01,136.88,50769.46,1
2026-05-20,2026-05-20 12:08:00,371.34,371.37,371.34,371.37,0.01,136.88,50769.46,1
2026-05-20,2026-05-20 12:09:00,371.37,371.39,371.37,371.39,0.01,136.88,50769.46,1
2026-05-20,2026-05-20 12:10:00,371.39,371.41,371.39,371.41,0.01,136.88,50769.46,1
2026-05-20,2026-05-20 12:11:00,371.41,371.43,371.41,371.43,0.01,136.88,50769.46,1
2026-05-20,2026-05-20 12:12:00,371.43,371.45,371.43,371.45,0.01,136.88,50769.46,1
2026-05-20,2026-05-20 12:13:00,371.45,371.47,371.45,371.47,0.01,136.88,50769.46,1
2026-05-20,2026-05-20 12:14:00,371.47,371.49,371.47,371.49,0.01,136.88,50769.46,1
2026-05-20,2026-05-20 12:15:00,371.49,371.51,371.49,371.51,0.01,136.88,50769.46,1
2026-05-20,2026-05-20 12:16:00,371.51,371.54,371.51,371.54,0.01,136.88,50769.46,1
2026-05-20,2026-05-20 12:17:00,371.54,371.56,371.54,371.56,0.01,136.88,50769.46,1
2026-05-20,2026-05-20 12:18:00,371.56,371.58,371.56,371.58,0.01,136.88,50769.46,1
2026-05-20,2026-05-20 12:19:00,371.58,371.6,371.58,371.6,0.01,136.88,50769.46,1
2026-05-20,2026-05-20 12:20:00,371.6,371.62,371.6,371.62,0.01,136.88,50769.46,1
2026-05-20,2026-05-20 12:21:00,371.62,371.64,371.62,371.64,0.01,136.88,50769.46,1
2026-05-20,2026-05-20 12:22:00,371.64,371.66,371.64,371.66,0.01,136.88,50769.46,1
2026-05-20,2026-05-20 12:23:00,371.66,371.69,371.66,371.69,0.01,136.88,50769.46,1
2026-05-20,2026-05-20 12:24:00,371.69,371.71,371.69,371.71,0.01,136.88,50769.46,1
2026-05-20,2026-05-20 12:25:00,371.71,371.73,371.71,371.73,0.01,136.88,50769.46,1
2026-05-20,2026-05-20 12:26:00,371.73,371.75,371.73,371.75,0.01,136.88,50769.46,1
2026-05-20,2026-05-20 12:27:00,371.75,371.77,371.75,371.77,0.01,136.88,50769.46,1
2026-05-20,2026-05-20 12:28:00,371.77,371.79,371.77,371.79,0.01,136.88,50769.46,1
2026-05-20,2026-05-20 12:29:00,371.79,371.81,371.79,371.81,0.01,136.88,50769.46,1
2026-05-20,2026-05-20 12:30:00,371.81,371.83,371.81,371.83,0.01,136.88,50769.46,1
2026-05-20,2026-05-20 12:31:00,371.83,371.85,371.83,371.85,0.01,136.88,50769.46,1
2026-05-20,2026-05-20 12:32:00,371.85,371.88,371.85,371.88,0.01,136.88,50769.46,1
2026-05-20,2026-05-20 12:33:00,371.88,371.9,371.88,371.9,0.01,136.88,50769.46,1
2026-05-20,2026-05-20 12:34:00,371.9,371.92,371.9,371.92,0.01,136.88,50769.46,1
2026-05-20,2026-05-20 12:35:00,371.92,371.94,371.92,371.94,0.01,136.88,50769.46,1
2026-05-20,2026-05-20 12:36:00,371.94,371.96,371.94,371.96,0.01,136.88,50769.46,1
2026-05-20,2026-05-20 12:37:00,371.96,371.98,371.96,371.98,0.01,136.88,50769.46,1
2026-05-20,2026-05-20 12:38:00,371.98,372.0,371.98,372.0,0.01,136.88,50769.46,1
2026-05-20,2026-05-20 12:39:00,372.0,372.02,372.0,372.02,0.01,136.88,50769.46,1
2026-05-20,2026-05-20 12:40:00,372.02,372.05,372.02,372.05,0.01,136.88,50769.46,1
2026-05-20,2026-05-20 12:41:00,372.05,372.07,372.05,372.07,0.01,136.88,50769.46,1
2026-05-20,2026-05-20 12:42:00,372.07,372.09,372.07,372.09,0.01,136.88,50769.46,1
2026-05-20,2026-05-20 12:43:00,372.09,372.11,372.09,372.11,0.01,136.88,50769.46,1
2026-05-20,2026-05-20 12:44:00,372.11,372.13,372.11,372.13,0.01,136.88,50769.46,1
2026-05-20,2026-05-20 12:45:00,372.13,372.15,372.13,372.15,0.01,136.88,50769.46,1
2026-05-20,2026-05-20 12:46:00,372.15,372.17,372.15,372.17,0.01,136.88,50769.46,1
2026-05-20,2026-05-20 12:47:00,372.17,372.19,372.17,372.19,0.01,136.88,50769.46,1
2026-05-20,2026-05-20 12:48:00,372.19,372.22,372.19,372.22,0.01,136.88,50769.46,1
2026-05-20,2026-05-20 12:49:00,372.22,372.24,372.22,372.24,0.01,136.88,50769.46,1
2026-05-20,2026-05-20 12:50:00,372.24,372.26,372.24,372.26,0.01,136.88,50769.46,1
2026-05-20,2026-05-20 12:51:00,372.26,372.28,372.26,372.28,0.01,136.88,50769.46,1
2026-05-20,2026-05-20 12:52:00,372.28,372.3,372.28,372.3,0.01,136.88,50769.46,1
2026-05-20,2026-05-20 12:53:00,372.3,372.32,372.3,372.32,0.01,136.88,50769.46,1
2026-05-20,2026-05-20 12:54:00,372.32,372.34,372.32,372.34,0.01,136.88,50769.46,1
2026-05-20,2026-05-20 12:55:00,372.34,372.37,372.34,372.37,0.01,136.88,50769.46,1
2026-05-20,2026-05-20 12:56:00,372.37,372.39,372.37,372.39,0.01,136.88,50769.46,1
2026-05-20,2026-05-20 12:57:00,372.39,372.41,372.39,372.41,0.01,136.88,50769.46,1
2026-05-20,2026-05-20 12:58:00,372.41,372.43,372.41,372.43,0.01,136.88,50769.46,1
2026-05-20,2026-05-20 12:59:00,372.43,372.45,372.43,372.45,0.01,136.88,50769.46,1
2026-05-20,2026-05-20 13:00:00,372.45,375.0,365.0,372.47,0.01,136.88,50769.46,1
2026-05-20,2026-05-20 13:01:00,372.47,372.49,372.47,372.49,0.01,136.88,50769.46,1
2026-05-20,2026-05-20 13:02:00,372.49,372.51,372.49,372.51,0.01,136.88,50769.46,1
2026-05-20,2026-05-20 13:03:00,372.51,372.53,372.51,372.53,0.01,136.88,50769.46,1
2026-05-20,2026-05-20 13:04:00,372.53,372.56,372.53,372.56,0.01,136.88,50769.46,1
2026-05-20,2026-05-20 13:05:00,372.56,372.58,372.56,372.58,0.01,136.88,50769.46,1
2026-05-20,2026-05-20 13:06:00,372.58,372.6,372.58,372.6,0.01,136.88,50769.46,1
2026-05-20,2026-05-20 13:07:00,372.6,372.62,372.6,372.62,0.01,136.88,50769.46,1
2026-05-20,2026-05-20 13:08:00,372.62,372.64,372.62,372.64,0.01,136.88,50769.46,1
2026-05-20,2026-05-20 13:09:00,372.64,372.66,372.64,372.66,0.01,136.88,50769.46,1
2026-05-20,2026-05-20 13:10:00,372.66,372.68,372.66,372.68,0.01,136.88,50769.46,1
2026-05-20,2026-05-20 13:11:00,372.68,372.7,372.68,372.7,0.01,136.88,50769.46,1
2026-05-20,2026-05-20 13:12:00,372.7,372.73,372.7,372.73,0.01,136.88,50769.46,1
2026-05-20,2026-05-20 13:13:00,372.73,372.75,372.73,372.75,0.01,136.88,50769.46,1
2026-05-20,2026-05-20 13:14:00,372.75,372.77,372.75,372.77,0.01,136.88,50769.46,1
2026-05-20,2026-05-20 13:15:00,372.77,372.79,372.77,372.79,0.01,136.88,50769.46,1
2026-05-20,2026-05-20 13:16:00,372.79,372.81,372.79,372.81,0.01,136.88,50769.46,1
2026-05-20,2026-05-20 13:17:00,372.81,372.83,372.81,372.83,0.01,136.88,50769.46,1
2026-05-20,2026-05-20 13:18:00,372.83,372.85,372.83,372.85,0.01,136.88,50769.46,1
2026-05-20,2026-05-20 13:19:00,372.85,372.88,372.85,372.88,0.01,136.88,50769.46,1
2026-05-20,2026-05-20 13:20:00,372.88,372.9,372.88,372.9,0.01,136.88,50769.46,1
2026-05-20,2026-05-20 13:21:00,372.9,372.92,372.9,372.92,0.01,136.88,50769.46,1
2026-05-20,2026-05-20 13:22:00,372.92,372.94,372.92,372.94,0.01,136.88,50769.46,1
2026-05-20,2026-05-20 13:23:00,372.94,372.96,372.94,372.96,0.01,136.88,50769.46,1
2026-05-20,2026-05-20 13:24:00,372.96,372.98,372.96,372.98,0.01,136.88,50769.46,1
2026-05-20,2026-05-20 13:25:00,372.98,373.0,372.98,373.0,0.01,136.88,50769.46,1
2026-05-20,2026-05-20 13:26:00,373.0,373.02,373.0,373.02,0.01,136.88,50769.46,1
2026-05-20,2026-05-20 13:27:00,373.02,373.05,373.02,373.05,0.01,136.88,50769.46,1
2026-05-20,2026-05-20 13:28:00,373.05,373.07,373.05,373.07,0.01,136.88,50769.46,1
2026-05-20,2026-05-20 13:29:00,373.07,373.09,373.07,373.09,0.01,136.88,50769.46,1
2026-05-20,2026-05-20 13:30:00,373.09,373.11,373.09,373.11,0.01,136.88,50769.46,1
2026-05-20,2026-05-20 13:31:00,373.11,373.13,373.11,373.13,0.01,136.88,50769.46,1
2026-05-20,2026-05-20 13:32:00,373.13,373.15,373.13,373.15,0.01,136.88,50769.46,1
2026-05-20,2026-05-20 13:33:00,373.15,373.17,373.15,373.17,0.01,136.88,50769.46,1
2026-05-20,2026-05-20 13:34:00,373.17,373.19,373.17,373.19,0.01,136.88,50769.46,1
2026-05-20,2026-05-20 13:35:00,373.19,373.21,373.19,373.21,0.01,136.88,50769.46,1
2026-05-20,2026-05-20 13:36:00,373.21,373.24,373.21,373.24,0.01,136.88,50769.46,1
2026-05-20,2026-05-20 13:37:00,373.24,373.26,373.24,373.26,0.01,136.88,50769.46,1
2026-05-20,2026-05-20 13:38:00,373.26,373.28,373.26,373.28,0.01,136.88,50769.46,1
2026-05-20,2026-05-20 13:39:00,373.28,373.3,373.28,373.3,0.01,136.88,50769.46,1
2026-05-20,2026-05-20 13:40:00,373.3,373.32,373.3,373.32,0.01,136.88,50769.46,1
2026-05-20,2026-05-20 13:41:00,373.32,373.34,373.32,373.34,0.01,136.88,50769.46,1
2026-05-20,2026-05-20 13:42:00,373.34,373.36,373.34,373.36,0.01,136.88,50769.46,1
2026-05-20,2026-05-20 13:43:00,373.36,373.38,373.36,373.38,0.01,136.88,50769.46,1
2026-05-20,2026-05-20 13:44:00,373.38,373.41,373.38,373.41,0.01,136.88,50769.46,1
2026-05-20,2026-05-20 13:45:00,373.41,373.43,373.41,373.43,0.01,136.88,50769.46,1
2026-05-20,2026-05-20 13:46:00,373.43,373.45,373.43,373.45,0.01,136.88,50769.46,1
2026-05-20,2026-05-20 13:47:00,373.45,373.47,373.45,373.47,0.01,136.88,50769.46,1
2026-05-20,2026-05-20 13:48:00,373.47,373.49,373.47,373.49,0.01,136.88,50769.46,1
2026-05-20,2026-05-20 13:49:00,373.49,373.51,373.49,373.51,0.01,136.88,50769.46,1
2026-05-20,2026-05-20 13:50:00,373.51,373.53,373.51,373.53,0.01,136.88,50769.46,1
2026-05-20,2026-05-20 13:51:00,373.53,373.56,373.53,373.56,0.01,136.88,50769.46,1
2026-05-20,2026-05-20 13:52:00,373.56,373.58,373.56,373.58,0.01,136.88,50769.46,1
2026-05-20,2026-05-20 13:53:00,373.58,373.6,373.58,373.6,0.01,136.88,50769.46,1
2026-05-20,2026-05-20 13:54:00,373.6,373.62,373.6,373.62,0.01,136.88,50769.46,1
2026-05-20,2026-05-20 13:55:00,373.62,373.64,373.62,373.64,0.01,136.88,50769.46,1
2026-05-20,2026-05-20 13:56:00,373.64,373.66,373.64,373.66,0.01,136.88,50769.46,1
2026-05-20,2026-05-20 13:57:00,373.66,373.68,373.66,373.68,0.01,136.88,50769.46,1
2026-05-20,2026-05-20 13:58:00,373.68,373.7,373.68,373.7,0.01,136.88,50769.46,1
2026-05-20,2026-05-20 13:59:00,373.7,373.73,373.7,373.73,0.01,136.88,50769.46,1
2026-05-20,2026-05-20 14:00:00,373.73,373.75,373.73,373.75,0.01,136.88,50769.46,1
2026-05-20,2026-05-20 14:01:00,373.75,373.77,373.75,373.77,0.01,136.88,50769.46,1
2026-05-20,2026-05-20 14:02:00,373.77,373.79,373.77,373.79,0.01,136.88,50769.46,1
2026-05-20,2026-05-20 14:03:00,373.79,373.81,373.79,373.81,0.01,136.88,50769.46,1
2026-05-20,2026-05-20 14:04:00,373.81,373.83,373.81,373.83,0.01,136.88,50769.46,1
2026-05-20,2026-05-20 14:05:00,373.83,373.85,373.83,373.85,0.01,136.88,50769.46,1
2026-05-20,2026-05-20 14:06:00,373.85,373.87,373.85,373.87,0.01,136.88,50769.46,1
2026-05-20,2026-05-20 14:07:00,373.87,373.89,373.87,373.89,0.01,136.88,50769.46,1
2026-05-20,2026-05-20 14:08:00,373.89,373.92,373.89,373.92,0.01,136.88,50769.46,1
2026-05-20,2026-05-20 14:09:00,373.92,373.94,373.92,373.94,0.01,136.88,50769.46,1
2026-05-20,2026-05-20 14:10:00,373.94,373.96,373.94,373.96,0.01,136.88,50769.46,1
2026-05-20,2026-05-20 14:11:00,373.96,373.98,373.96,373.98,0.01,136.88,50769.46,1
2026-05-20,2026-05-20 14:12:00,373.98,374.0,373.98,374.0,0.01,136.88,50769.46,1
2026-05-20,2026-05-20 14:13:00,374.0,374.02,374.0,374.02,0.01,136.88,50769.46,1
2026-05-20,2026-05-20 14:14:00,374.02,374.04,374.02,374.04,0.01,136.88,50769.46,1
2026-05-20,2026-05-20 14:15:00,374.04,374.06,374.04,374.06,0.01,136.88,50769.46,1
2026-05-20,2026-05-20 14:16:00,374.06,374.09,374.06,374.09,0.01,136.88,50769.46,1
2026-05-20,2026-05-20 14:17:00,374.09,374.11,374.09,374.11,0.01,136.88,50769.46,1
2026-05-20,2026-05-20 14:18:00,374.11,374.13,374.11,374.13,0.01,136.88,50769.46,1
2026-05-20,2026-05-20 14:19:00,374.13,374.15,374.13,374.15,0.01,136.88,50769.46,1
2026-05-20,2026-05-20 14:20:00,374.15,374.17,374.15,374.17,0.01,136.88,50769.46,1
2026-05-20,2026-05-20 14:21:00,374.17,374.19,374.17,374.19,0.01,136.88,50769.46,1
2026-05-20,2026-05-20 14:22:00,374.19,374.21,374.19,374.21,0.01,136.88,50769.46,1
2026-05-20,2026-05-20 14:23:00,374.21,374.24,374.21,374.24,0.01,136.88,50769.46,1
2026-05-20,2026-05-20 14:24:00,374.24,374.26,374.24,374.26,0.01,136.88,50769.46,1
2026-05-20,2026-05-20 14:25:00,374.26,374.28,374.26,374.28,0.01,136.88,50769.46,1
2026-05-20,2026-05-20 14:26:00,374.28,374.3,374.28,374.3,0.01,136.88,50769.46,1
2026-05-20,2026-05-20 14:27:00,374.3,374.32,374.3,374.32,0.01,136.88,50769.46,1
2026-05-20,2026-05-20 14:28:00,374.32,374.34,374.32,374.34,0.01,136.88,50769.46,1
2026-05-20,2026-05-20 14:29:00,374.34,374.36,374.34,374.36,0.01,136.88,50769.46,1
2026-05-20,2026-05-20 14:30:00,374.36,374.38,374.36,374.38,0.01,136.88,50769.46,1
2026-05-20,2026-05-20 14:31:00,374.38,374.4,374.38,374.4,0.01,136.88,50769.46,1
2026-05-20,2026-05-20 14:32:00,374.4,374.43,374.4,374.43,0.01,136.88,50769.46,1
2026-05-20,2026-05-20 14:33:00,374.43,374.45,374.43,374.45,0.01,136.88,50769.46,1
2026-05-20,2026-05-20 14:34:00,374.45,374.47,374.45,374.47,0.01,136.88,50769.46,1
2026-05-20,2026-05-20 14:35:00,374.47,374.49,374.47,374.49,0.01,136.88,50769.46,1
2026-05-20,2026-05-20 14:36:00,374.49,374.51,374.49,374.51,0.01,136.88,50769.46,1
2026-05-20,2026-05-20 14:37:00,374.51,374.53,374.51,374.53,0.01,136.88,50769.46,1
2026-05-20,2026-05-20 14:38:00,374.53,374.55,374.53,374.55,0.01,136.88,50769.46,1
2026-05-20,2026-05-20 14:39:00,374.55,374.57,374.55,374.57,0.01,136.88,50769.46,1
2026-05-20,2026-05-20 14:40:00,374.57,374.6,374.57,374.6,0.01,136.88,50769.46,1
2026-05-20,2026-05-20 14:41:00,374.6,374.62,374.6,374.62,0.01,136.88,50769.46,1
2026-05-20,2026-05-20 14:42:00,374.62,374.64,374.62,374.64,0.01,136.88,50769.46,1
2026-05-20,2026-05-20 14:43:00,374.64,374.66,374.64,374.66,0.01,136.88,50769.46,1
2026-05-20,2026-05-20 14:44:00,374.66,374.68,374.66,374.68,0.01,136.88,50769.46,1
2026-05-20,2026-05-20 14:45:00,374.68,374.7,374.68,374.7,0.01,136.88,50769.46,1
2026-05-20,2026-05-20 14:46:00,374.7,374.72,374.7,374.72,0.01,136.88,50769.46,1
2026-05-20,2026-05-20 14:47:00,374.72,374.75,374.72,374.75,0.01,136.88,50769.46,1
2026-05-20,2026-05-20 14:48:00,374.75,374.77,374.75,374.77,0.01,136.88,50769.46,1
2026-05-20,2026-05-20 14:49:00,374.77,374.79,374.77,374.79,0.01,136.88,50769.46,1
2026-05-20,2026-05-20 14:50:00,374.79,374.81,374.79,374.81,0.01,136.88,50769.46,1
2026-05-20,2026-05-20 14:51:00,374.81,374.83,374.81,374.83,0.01,136.88,50769.46,1
2026-05-20,2026-05-20 14:52:00,374.83,374.85,374.83,374.85,0.01,136.88,50769.46,1
2026-05-20,2026-05-20 14:53:00,374.85,374.87,374.85,374.87,0.01,136.88,50769.46,1
2026-05-20,2026-05-20 14:54:00,374.87,374.89,374.87,374.89,0.01,136.88,50769.46,1
2026-05-20,2026-05-20 14:55:00,374.89,374.92,374.89,374.92,0.01,136.88,50769.46,1
2026-05-20,2026-05-20 14:56:00,374.92,374.94,374.92,374.94,0.01,136.88,50769.46,1
2026-05-20,2026-05-20 14:57:00,374.94,374.96,374.94,374.96,0.01,136.88,50769.46,1
2026-05-20,2026-05-20 14:58:00,374.96,374.98,374.96,374.98,0.01,136.88,50769.46,1
2026-05-20,2026-05-20 14:59:00,374.98,375.0,374.98,375.0,0.01,136.88,50769.46,1
2026-05-20,2026-05-20 15:00:00,375.0,375.0,365.0,375.0,0.0,136.88,50769.46,0
2026-05-21,2026-05-21 11:00:00,375.5,375.95,372.8,375.48,-0.01,114.91,42521.06,-1
2026-05-21,2026-05-21 11:01:00,375.48,375.48,375.45,375.45,-0.01,114.91,42521.06,-1
2026-05-21,2026-05-21 11:02:00,375.45,375.45,375.43,375.43,-0.01,114.91,42521.06,-1
2026-05-21,2026-05-21 11:03:00,375.43,375.43,375.4,375.4,-0.01,114.91,42521.06,-1
2026-05-21,2026-05-21 11:04:00,375.4,375.4,375.38,375.38,-0.01,114.91,42521.06,-1
2026-05-21,2026-05-21 11:05:00,375.38,375.38,375.36,375.36,-0.01,114.91,42521.06,-1
2026-05-21,2026-05-21 11:06:00,375.36,375.36,375.33,375.33,-0.01,114.91,42521.06,-1
2026-05-21,2026-05-21 11:07:00,375.33,375.33,375.31,375.31,-0.01,114.91,42521.06,-1
2026-05-21,2026-05-21 11:08:00,375.31,375.31,375.29,375.29,-0.01,114.91,42521.06,-1
2026-05-21,2026-05-21 11:09:00,375.29,375.29,375.26,375.26,-0.01,114.91,42521.06,-1
2026-05-21,2026-05-21 11:10:00,375.26,375.26,375.24,375.24,-0.01,114.91,42521.06,-1
2026-05-21,2026-05-21 11:11:00,375.24,375.24,375.21,375.21,-0.01,114.91,42521.06,-1
2026-05-21,2026-05-21 11:12:00,375.21,375.21,375.19,375.19,-0.01,114.91,42521.06,-1
2026-05-21,2026-05-21 11:13:00,375.19,375.19,375.17,375.17,-0.01,114.91,42521.06,-1
2026-05-21,2026-05-21 11:14:00,375.17,375.17,375.14,375.14,-0.01,114.91,42521.06,-1
2026-05-21,2026-05-21 11:15:00,375.14,375.14,375.12,375.12,-0.01,114.91,42521.06,-1
2026-05-21,2026-05-21 11:16:00,375.12,375.12,375.1,375.1,-0.01,114.91,42521.06,-1
2026-05-21,2026-05-21 11:17:00,375.1,375.1,375.07,375.07,-0.01,114.91,42521.06,-1
2026-05-21,2026-05-21 11:18:00,375.07,375.07,375.05,375.05,-0.01,114.91,42521.06,-1
2026-05-21,2026-05-21 11:19:00,375.05,375.05,375.02,375.02,-0.01,114.91,42521.06,-1
2026-05-21,2026-05-21 11:20:00,375.02,375.02,375.0,375.0,-0.01,114.91,42521.06,-1
2026-05-21,2026-05-21 11:21:00,375.0,375.0,374.98,374.98,-0.01,114.91,42521.06,-1
2026-05-21,2026-05-21 11:22:00,374.98,374.98,374.95,374.95,-0.01,114.91,42521.06,-1
2026-05-21,2026-05-21 11:23:00,374.95,374.95,374.93,374.93,-0.01,114.91,42521.06,-1
2026-05-21,2026-05-21 11:24:00,374.93,374.93,374.91,374.91,-0.01,114.91,42521.06,-1
2026-05-21,2026-05-21 11:25:00,374.91,374.91,374.88,374.88,-0.01,114.91,42521.06,-1
2026-05-21,2026-05-21 11:26:00,374.88,374.88,374.86,374.86,-0.01,114.91,42521.06,-1
2026-05-21,2026-05-21 11:27:00,374.86,374.86,374.83,374.83,-0.01,114.91,42521.06,-1
2026-05-21,2026-05-21 11:28:00,374.83,374.83,374.81,374.81,-0.01,114.91,42521.06,-1
2026-05-21,2026-05-21 11:29:00,374.81,374.81,374.79,374.79,-0.01,114.91,42521.06,-1
2026-05-21,2026-05-21 11:30:00,374.79,374.79,374.76,374.76,-0.01,114.91,42521.06,-1
2026-05-21,2026-05-21 11:31:00,374.76,374.76,374.74,374.74,-0.01,114.91,42521.06,-1
2026-05-21,2026-05-21 11:32:00,374.74,374.74,374.72,374.72,-0.01,114.91,42521.06,-1
2026-05-21,2026-05-21 11:33:00,374.72,374.72,374.69,374.69,-0.01,114.91,42521.06,-1
2026-05-21,2026-05-21 11:34:00,374.69,374.69,374.67,374.67,-0.01,114.91,42521.06,-1
2026-05-21,2026-05-21 11:35:00,374.67,374.67,374.64,374.64,-0.01,114.91,42521.06,-1
2026-05-21,2026-05-21 11:36:00,374.64,374.64,374.62,374.62,-0.01,114.91,42521.06,-1
2026-05-21,2026-05-21 11:37:00,374.62,374.62,374.6,374.6,-0.01,114.91,42521.06,-1
2026-05-21,2026-05-21 11:38:00,374.6,374.6,374.57,374.57,-0.01,114.91,42521.06,-1
2026-05-21,2026-05-21 11:39:00,374.57,374.57,374.55,374.55,-0.01,114.91,42521.06,-1
2026-05-21,2026-05-21 11:40:00,374.55,374.55,374.53,374.53,-0.01,114.91,42521.06,-1
2026-05-21,2026-05-21 11:41:00,374.53,374.53,374.5,374.5,-0.01,114.91,42521.06,-1
2026-05-21,2026-05-21 11:42:00,374.5,374.5,374.48,374.48,-0.01,114.91,42521.06,-1
2026-05-21,2026-05-21 11:43:00,374.48,374.48,374.45,374.45,-0.01,114.91,42521.06,-1
2026-05-21,2026-05-21 11:44:00,374.45,374.45,374.43,374.43,-0.01,114.91,42521.06,-1
2026-05-21,2026-05-21 11:45:00,374.43,374.43,374.41,374.41,-0.01,114.91,42521.06,-1
2026-05-21,2026-05-21 11:46:00,374.41,374.41,374.38,374.38,-0.01,114.91,42521.06,-1
2026-05-21,2026-05-21 11:47:00,374.38,374.38,374.36,374.36,-0.01,114.91,42521.06,-1
2026-05-21,2026-05-21 11:48:00,374.36,374.36,374.34,374.34,-0.01,114.91,42521.06,-1
2026-05-21,2026-05-21 11:49:00,374.34,374.34,374.31,374.31,-0.01,114.91,42521.06,-1
2026-05-21,2026-05-21 11:50:00,374.31,374.31,374.29,374.29,-0.01,114.91,42521.06,-1
2026-05-21,2026-05-21 11:51:00,374.29,374.29,374.26,374.26,-0.01,114.91,42521.06,-1
2026-05-21,2026-05-21 11:52:00,374.26,374.26,374.24,374.24,-0.01,114.91,42521.06,-1
2026-05-21,2026-05-21 11:53:00,374.24,374.24,374.22,374.22,-0.01,114.91,42521.06,-1
2026-05-21,2026-05-21 11:54:00,374.22,374.22,374.19,374.19,-0.01,114.91,42521.06,-1
2026-05-21,2026-05-21 11:55:00,374.19,374.19,374.17,374.17,-0.01,114.91,42521.06,-1
2026-05-21,2026-05-21 11:56:00,374.17,374.17,374.15,374.15,-0.01,114.91,42521.06,-1
2026-05-21,2026-05-21 11:57:00,374.15,374.15,374.12,374.12,-0.01,114.91,42521.06,-1
2026-05-21,2026-05-21 11:58:00,374.12,374.12,374.1,374.1,-0.01,114.91,42521.06,-1
2026-05-21,2026-05-21 11:59:00,374.1,374.1,374.07,374.07,-0.01,114.91,42521.06,-1
2026-05-21,2026-05-21 12:00:00,374.07,374.07,374.05,374.05,-0.01,114.91,42521.06,-1
2026-05-21,2026-05-21 12:01:00,374.05,374.05,374.03,374.03,-0.01,114.91,42521.06,-1
2026-05-21,2026-05-21 12:02:00,374.03,374.03,374.0,374.0,-0.01,114.91,42521.06,-1
2026-05-21,2026-05-21 12:03:00,374.0,374.0,373.98,373.98,-0.01,114.91,42521.06,-1
2026-05-21,2026-05-21 12:04:00,373.98,373.98,373.96,373.96,-0.01,114.91,42521.06,-1
2026-05-21,2026-05-21 12:05:00,373.96,373.96,373.93,373.93,-0.01,114.91,42521.06,-1
2026-05-21,2026-05-21 12:06:00,373.93,373.93,373.91,373.91,-0.01,114.91,42521.06,-1
2026-05-21,2026-05-21 12:07:00,373.91,373.91,373.88,373.88,-0.01,114.91,42521.06,-1
2026-05-21,2026-05-21 12:08:00,373.88,373.88,373.86,373.86,-0.01,114.91,42521.06,-1
2026-05-21,2026-05-21 12:09:00,373.86,373.86,373.84,373.84,-0.01,114.91,42521.06,-1
2026-05-21,2026-05-21 12:10:00,373.84,373.84,373.81,373.81,-0.01,114.91,42521.06,-1
2026-05-21,2026-05-21 12:11:00,373.81,373.81,373.79,373.79,-0.01,114.91,42521.06,-1
2026-05-21,2026-05-21 12:12:00,373.79,373.79,373.77,373.77,-0.01,114.91,42521.06,-1
2026-05-21,2026-05-21 12:13:00,373.77,373.77,373.74,373.74,-0.01,114.91,42521.06,-1
2026-05-21,2026-05-21 12:14:00,373.74,373.74,373.72,373.72,-0.01,114.91,42521.06,-1
2026-05-21,2026-05-21 12:15:00,373.72,373.72,373.69,373.69,-0.01,114.91,42521.06,-1
2026-05-21,2026-05-21 12:16:00,373.69,373.69,373.67,373.67,-0.01,114.91,42521.06,-1
2026-05-21,2026-05-21 12:17:00,373.67,373.67,373.65,373.65,-0.01,114.91,42521.06,-1
2026-05-21,2026-05-21 12:18:00,373.65,373.65,373.62,373.62,-0.01,114.91,42521.06,-1
2026-05-21,2026-05-21 12:19:00,373.62,373.62,373.6,373.6,-0.01,114.91,42521.06,-1
2026-05-21,2026-05-21 12:20:00,373.6,373.6,373.58,373.58,-0.01,114.91,42521.06,-1
2026-05-21,2026-05-21 12:21:00,373.58,373.58,373.55,373.55,-0.01,114.91,42521.06,-1
2026-05-21,2026-05-21 12:22:00,373.55,373.55,373.53,373.53,-0.01,114.91,42521.06,-1
2026-05-21,2026-05-21 12:23:00,373.53,373.53,373.5,373.5,-0.01,114.91,42521.06,-1
2026-05-21,2026-05-21 12:24:00,373.5,373.5,373.48,373.48,-0.01,114.91,42521.06,-1
2026-05-21,2026-05-21 12:25:00,373.48,373.48,373.46,373.46,-0.01,114.91,42521.06,-1
2026-05-21,2026-05-21 12:26:00,373.46,373.46,373.43,373.43,-0.01,114.91,42521.06,-1
2026-05-21,2026-05-21 12:27:00,373.43,373.43,373.41,373.41,-0.01,114.91,42521.06,-1
2026-05-21,2026-05-21 12:28:00,373.41,373.41,373.39,373.39,-0.01,114.91,42521.06,-1
2026-05-21,2026-05-21 12:29:00,373.39,373.39,373.36,373.36,-0.01,114.91,42521.06,-1
2026-05-21,2026-05-21 12:30:00,373.36,373.36,373.34,373.34,-0.01,114.91,42521.06,-1
2026-05-21,2026-05-21 12:31:00,373.34,373.34,373.31,373.31,-0.01,114.91,42521.06,-1
2026-05-21,2026-05-21 12:32:00,373.31,373.31,373.29,373.29,-0.01,114.91,42521.06,-1
2026-05-21,2026-05-21 12:33:00,373.29,373.29,373.27,373.27,-0.01,114.91,42521.06,-1
2026-05-21,2026-05-21 12:34:00,373.27,373.27,373.24,373.24,-0.01,114.91,42521.06,-1
2026-05-21,2026-05-21 12:35:00,373.24,373.24,373.22,373.22,-0.01,114.91,42521.06,-1
2026-05-21,2026-05-21 12:36:00,373.22,373.22,373.2,373.2,-0.01,114.91,42521.06,-1
2026-05-21,2026-05-21 12:37:00,373.2,373.2,373.17,373.17,-0.01,114.91,42521.06,-1
2026-05-21,2026-05-21 12:38:00,373.17,373.17,373.15,373.15,-0.01,114.91,42521.06,-1
2026-05-21,2026-05-21 12:39:00,373.15,373.15,373.12,373.12,-0.01,114.91,42521.06,-1
2026-05-21,2026-05-21 12:40:00,373.12,373.12,373.1,373.1,-0.01,114.91,42521.06,-1
2026-05-21,2026-05-21 12:41:00,373.1,373.1,373.08,373.08,-0.01,114.91,42521.06,-1
2026-05-21,2026-05-21 12:42:00,373.08,373.08,373.05,373.05,-0.01,114.91,42521.06,-1
2026-05-21,2026-05-21 12:43:00,373.05,373.05,373.03,373.03,-0.01,114.91,42521.06,-1
2026-05-21,2026-05-21 12:44:00,373.03,373.03,373.01,373.01,-0.01,114.91,42521.06,-1
2026-05-21,2026-05-21 12:45:00,373.01,373.01,372.98,372.98,-0.01,114.91,42521.06,-1
2026-05-21,2026-05-21 12:46:00,372.98,372.98,372.96,372.96,-0.01,114.91,42521.06,-1
2026-05-21,2026-05-21 12:47:00,372.96,372.96,372.94,372.94,-0.01,114.91,42521.06,-1
2026-05-21,2026-05-21 12:48:00,372.94,372.94,372.91,372.91,-0.01,114.91,42521.06,-1
2026-05-21,2026-05-21 12:49:00,372.91,372.91,372.89,372.89,-0.01,114.91,42521.06,-1
2026-05-21,2026-05-21 12:50:00,372.89,372.89,372.86,372.86,-0.01,114.91,42521.06,-1
2026-05-21,2026-05-21 12:51:00,372.86,372.86,372.84,372.84,-0.01,114.91,42521.06,-1
2026-05-21,2026-05-21 12:52:00,372.84,372.84,372.82,372.82,-0.01,114.91,42521.06,-1
2026-05-21,2026-05-21 12:53:00,372.82,372.82,372.79,372.79,-0.01,114.91,42521.06,-1
2026-05-21,2026-05-21 12:54:00,372.79,372.79,372.77,372.77,-0.01,114.91,42521.06,-1
2026-05-21,2026-05-21 12:55:00,372.77,372.77,372.75,372.75,-0.01,114.91,42521.06,-1
2026-05-21,2026-05-21 12:56:00,372.75,372.75,372.72,372.72,-0.01,114.91,42521.06,-1
2026-05-21,2026-05-21 12:57:00,372.72,372.72,372.7,372.7,-0.01,114.91,42521.06,-1
2026-05-21,2026-05-21 12:58:00,372.7,372.7,372.67,372.67,-0.01,114.91,42521.06,-1
2026-05-21,2026-05-21 12:59:00,372.67,372.67,372.65,372.65,-0.01,114.91,42521.06,-1
2026-05-21,2026-05-21 13:00:00,372.65,377.0,366.5,372.63,-0.01,114.91,42521.06,-1
2026-05-21,2026-05-21 13:01:00,372.63,372.63,372.6,372.6,-0.01,114.91,42521.06,-1
2026-05-21,2026-05-21 13:02:00,372.6,372.6,372.58,372.58,-0.01,114.91,42521.06,-1
2026-05-21,2026-05-21 13:03:00,372.58,372.58,372.56,372.56,-0.01,114.91,42521.06,-1
2026-05-21,2026-05-21 13:04:00,372.56,372.56,372.53,372.53,-0.01,114.91,42521.06,-1
2026-05-21,2026-05-21 13:05:00,372.53,372.53,372.51,372.51,-0.01,114.91,42521.06,-1
2026-05-21,2026-05-21 13:06:00,372.51,372.51,372.48,372.48,-0.01,114.91,42521.06,-1
2026-05-21,2026-05-21 13:07:00,372.48,372.48,372.46,372.46,-0.01,114.91,42521.06,-1
2026-05-21,2026-05-21 13:08:00,372.46,372.46,372.44,372.44,-0.01,114.91,42521.06,-1
2026-05-21,2026-05-21 13:09:00,372.44,372.44,372.41,372.41,-0.01,114.91,42521.06,-1
2026-05-21,2026-05-21 13:10:00,372.41,372.41,372.39,372.39,-0.01,114.91,42521.06,-1
2026-05-21,2026-05-21 13:11:00,372.39,372.39,372.37,372.37,-0.01,114.91,42521.06,-1
2026-05-21,2026-05-21 13:12:00,372.37,372.37,372.34,372.34,-0.01,114.91,42521.06,-1
2026-05-21,2026-05-21 13:13:00,372.34,372.34,372.32,372.32,-0.01,114.91,42521.06,-1
2026-05-21,2026-05-21 13:14:00,372.32,372.32,372.29,372.29,-0.01,114.91,42521.06,-1
2026-05-21,2026-05-21 13:15:00,372.29,372.29,372.27,372.27,-0.01,114.91,42521.06,-1
2026-05-21,2026-05-21 13:16:00,372.27,372.27,372.25,372.25,-0.01,114.91,42521.06,-1
2026-05-21,2026-05-21 13:17:00,372.25,372.25,372.22,372.22,-0.01,114.91,42521.06,-1
2026-05-21,2026-05-21 13:18:00,372.22,372.22,372.2,372.2,-0.01,114.91,42521.06,-1
2026-05-21,2026-05-21 13:19:00,372.2,372.2,372.18,372.18,-0.01,114.91,42521.06,-1
2026-05-21,2026-05-21 13:20:00,372.18,372.18,372.15,372.15,-0.01,114.91,42521.06,-1
2026-05-21,2026-05-21 13:21:00,372.15,372.15,372.13,372.13,-0.01,114.91,42521.06,-1
2026-05-21,2026-05-21 13:22:00,372.13,372.13,372.1,372.1,-0.01,114.91,42521.06,-1
2026-05-21,2026-05-21 13:23:00,372.1,372.1,372.08,372.08,-0.01,114.91,42521.06,-1
2026-05-21,2026-05-21 13:24:00,372.08,372.08,372.06,372.06,-0.01,114.91,42521.06,-1
2026-05-21,2026-05-21 13:25:00,372.06,372.06,372.03,372.03,-0.01,114.91,42521.06,-1
2026-05-21,2026-05-21 13:26:00,372.03,372.03,372.01,372.01,-0.01,114.91,42521.06,-1
2026-05-21,2026-05-21 13:27:00,372.01,372.01,371.99,371.99,-0.01,114.91,42521.06,-1
2026-05-21,2026-05-21 13:28:00,371.99,371.99,371.96,371.96,-0.01,114.91,42521.06,-1
2026-05-21,2026-05-21 13:29:00,371.96,371.96,371.94,371.94,-0.01,114.91,42521.06,-1
2026-05-21,2026-05-21 13:30:00,371.94,371.94,371.91,371.91,-0.01,114.91,42521.06,-1
2026-05-21,2026-05-21 13:31:00,371.91,371.91,371.89,371.89,-0.01,114.91,42521.06,-1
2026-05-21,2026-05-21 13:32:00,371.89,371.89,371.87,371.87,-0.01,114.91,42521.06,-1
2026-05-21,2026-05-21 13:33:00,371.87,371.87,371.84,371.84,-0.01,114.91,42521.06,-1
2026-05-21,2026-05-21 13:34:00,371.84,371.84,371.82,371.82,-0.01,114.91,42521.06,-1
2026-05-21,2026-05-21 13:35:00,371.82,371.82,371.8,371.8,-0.01,114.91,42521.06,-1
2026-05-21,2026-05-21 13:36:00,371.8,371.8,371.77,371.77,-0.01,114.91,42521.06,-1
2026-05-21,2026-05-21 13:37:00,371.77,371.77,371.75,371.75,-0.01,114.91,42521.06,-1
2026-05-21,2026-05-21 13:38:00,371.75,371.75,371.72,371.72,-0.01,114.91,42521.06,-1
2026-05-21,2026-05-21 13:39:00,371.72,371.72,371.7,371.7,-0.01,114.91,42521.06,-1
2026-05-21,2026-05-21 13:40:00,371.7,371.7,371.68,371.68,-0.01,114.91,42521.06,-1
2026-05-21,2026-05-21 13:41:00,371.68,371.68,371.65,371.65,-0.01,114.91,42521.06,-1
2026-05-21,2026-05-21 13:42:00,371.65,371.65,371.63,371.63,-0.01,114.91,42521.06,-1
2026-05-21,2026-05-21 13:43:00,371.63,371.63,371.61,371.61,-0.01,114.91,42521.06,-1
2026-05-21,2026-05-21 13:44:00,371.61,371.61,371.58,371.58,-0.01,114.91,42521.06,-1
2026-05-21,2026-05-21 13:45:00,371.58,371.58,371.56,371.56,-0.01,114.91,42521.06,-1
2026-05-21,2026-05-21 13:46:00,371.56,371.56,371.53,371.53,-0.01,114.91,42521.06,-1
2026-05-21,2026-05-21 13:47:00,371.53,371.53,371.51,371.51,-0.01,114.91,42521.06,-1
2026-05-21,2026-05-21 13:48:00,371.51,371.51,371.49,371.49,-0.01,114.91,42521.06,-1
2026-05-21,2026-05-21 13:49:00,371.49,371.49,371.46,371.46,-0.01,114.91,42521.06,-1
2026-05-21,2026-05-21 13:50:00,371.46,371.46,371.44,371.44,-0.01,114.91,42521.06,-1
2026-05-21,2026-05-21 13:51:00,371.44,371.44,371.42,371.42,-0.01,114.91,42521.06,-1
2026-05-21,2026-05-21 13:52:00,371.42,371.42,371.39,371.39,-0.01,114.91,42521.06,-1
2026-05-21,2026-05-21 13:53:00,371.39,371.39,371.37,371.37,-0.01,114.91,42521.06,-1
2026-05-21,2026-05-21 13:54:00,371.37,371.37,371.34,371.34,-0.01,114.91,42521.06,-1
2026-05-21,2026-05-21 13:55:00,371.34,371.34,371.32,371.32,-0.01,114.91,42521.06,-1
2026-05-21,2026-05-21 13:56:00,371.32,371.32,371.3,371.3,-0.01,114.91,42521.06,-1
2026-05-21,2026-05-21 13:57:00,371.3,371.3,371.27,371.27,-0.01,114.91,42521.06,-1
2026-05-21,2026-05-21 13:58:00,371.27,371.27,371.25,371.25,-0.01,114.91,42521.06,-1
2026-05-21,2026-05-21 13:59:00,371.25,371.25,371.23,371.23,-0.01,114.91,42521.06,-1
2026-05-21,2026-05-21 14:00:00,371.23,371.23,371.2,371.2,-0.01,114.91,42521.06,-1
2026-05-21,2026-05-21 14:01:00,371.2,371.2,371.18,371.18,-0.01,114.91,42521.06,-1
2026-05-21,2026-05-21 14:02:00,371.18,371.18,371.15,371.15,-0.01,114.91,42521.06,-1
2026-05-21,2026-05-21 14:03:00,371.15,371.15,371.13,371.13,-0.01,114.91,42521.06,-1
2026-05-21,2026-05-21 14:04:00,371.13,371.13,371.11,371.11,-0.01,114.91,42521.06,-1
2026-05-21,2026-05-21 14:05:00,371.11,371.11,371.08,371.08,-0.01,114.91,42521.06,-1
2026-05-21,2026-05-21 14:06:00,371.08,371.08,371.06,371.06,-0.01,114.91,42521.06,-1
2026-05-21,2026-05-21 14:07:00,371.06,371.06,371.04,371.04,-0.01,114.91,42521.06,-1
2026-05-21,2026-05-21 14:08:00,371.04,371.04,371.01,371.01,-0.01,114.91,42521.06,-1
2026-05-21,2026-05-21 14:09:00,371.01,371.01,370.99,370.99,-0.01,114.91,42521.06,-1
2026-05-21,2026-05-21 14:10:00,370.99,370.99,370.96,370.96,-0.01,114.91,42521.06,-1
2026-05-21,2026-05-21 14:11:00,370.96,370.96,370.94,370.94,-0.01,114.91,42521.06,-1
2026-05-21,2026-05-21 14:12:00,370.94,370.94,370.92,370.92,-0.01,114.91,42521.06,-1
2026-05-21,2026-05-21 14:13:00,370.92,370.92,370.89,370.89,-0.01,114.91,42521.06,-1
2026-05-21,2026-05-21 14:14:00,370.89,370.89,370.87,370.87,-0.01,114.91,42521.06,-1
2026-05-21,2026-05-21 14:15:00,370.87,370.87,370.85,370.85,-0.01,114.91,42521.06,-1
2026-05-21,2026-05-21 14:16:00,370.85,370.85,370.82,370.82,-0.01,114.91,42521.06,-1
2026-05-21,2026-05-21 14:17:00,370.82,370.82,370.8,370.8,-0.01,114.91,42521.06,-1
2026-05-21,2026-05-21 14:18:00,370.8,370.8,370.77,370.77,-0.01,114.91,42521.06,-1
2026-05-21,2026-05-21 14:19:00,370.77,370.77,370.75,370.75,-0.01,114.91,42521.06,-1
2026-05-21,2026-05-21 14:20:00,370.75,370.75,370.73,370.73,-0.01,114.91,42521.06,-1
2026-05-21,2026-05-21 14:21:00,370.73,370.73,370.7,370.7,-0.01,114.91,42521.06,-1
2026-05-21,2026-05-21 14:22:00,370.7,370.7,370.68,370.68,-0.01,114.91,42521.06,-1
2026-05-21,2026-05-21 14:23:00,370.68,370.68,370.66,370.66,-0.01,114.91,42521.06,-1
2026-05-21,2026-05-21 14:24:00,370.66,370.66,370.63,370.63,-0.01,114.91,42521.06,-1
2026-05-21,2026-05-21 14:25:00,370.63,370.63,370.61,370.61,-0.01,114.91,42521.06,-1
2026-05-21,2026-05-21 14:26:00,370.61,370.61,370.58,370.58,-0.01,114.91,42521.06,-1
2026-05-21,2026-05-21 14:27:00,370.58,370.58,370.56,370.56,-0.01,114.91,42521.06,-1
2026-05-21,2026-05-21 14:28:00,370.56,370.56,370.54,370.54,-0.01,114.91,42521.06,-1
2026-05-21,2026-05-21 14:29:00,370.54,370.54,370.51,370.51,-0.01,114.91,42521.06,-1
2026-05-21,2026-05-21 14:30:00,370.51,370.51,370.49,370.49,-0.01,114.91,42521.06,-1
2026-05-21,2026-05-21 14:31:00,370.49,370.49,370.47,370.47,-0.01,114.91,42521.06,-1
2026-05-21,2026-05-21 14:32:00,370.47,370.47,370.44,370.44,-0.01,114.91,42521.06,-1
2026-05-21,2026-05-21 14:33:00,370.44,370.44,370.42,370.42,-0.01,114.91,42521.06,-1
2026-05-21,2026-05-21 14:34:00,370.42,370.42,370.39,370.39,-0.01,114.91,42521.06,-1
2026-05-21,2026-05-21 14:35:00,370.39,370.39,370.37,370.37,-0.01,114.91,42521.06,-1
2026-05-21,2026-05-21 14:36:00,370.37,370.37,370.35,370.35,-0.01,114.91,42521.06,-1
2026-05-21,2026-05-21 14:37:00,370.35,370.35,370.32,370.32,-0.01,114.91,42521.06,-1
2026-05-21,2026-05-21 14:38:00,370.32,370.32,370.3,370.3,-0.01,114.91,42521.06,-1
2026-05-21,2026-05-21 14:39:00,370.3,370.3,370.28,370.28,-0.01,114.91,42521.06,-1
2026-05-21,2026-05-21 14:40:00,370.28,370.28,370.25,370.25,-0.01,114.91,42521.06,-1
2026-05-21,2026-05-21 14:41:00,370.25,370.25,370.23,370.23,-0.01,114.91,42521.06,-1
2026-05-21,2026-05-21 14:42:00,370.23,370.23,370.2,370.2,-0.01,114.91,42521.06,-1
2026-05-21,2026-05-21 14:43:00,370.2,370.2,370.18,370.18,-0.01,114.91,42521.06,-1
2026-05-21,2026-05-21 14:44:00,370.18,370.18,370.16,370.16,-0.01,114.91,42521.06,-1
2026-05-21,2026-05-21 14:45:00,370.16,370.16,370.13,370.13,-0.01,114.91,42521.06,-1
2026-05-21,2026-05-21 14:46:00,370.13,370.13,370.11,370.11,-0.01,114.91,42521.06,-1
2026-05-21,2026-05-21 14:47:00,370.11,370.11,370.09,370.09,-0.01,114.91,42521.06,-1
2026-05-21,2026-05-21 14:48:00,370.09,370.09,370.06,370.06,-0.01,114.91,42521.06,-1
2026-05-21,2026-05-21 14:49:00,370.06,370.06,370.04,370.04,-0.01,114.91,42521.06,-1
2026-05-21,2026-05-21 14:50:00,370.04,370.04,370.01,370.01,-0.01,114.91,42521.06,-1
2026-05-21,2026-05-21 14:51:00,370.01,370.01,369.99,369.99,-0.01,114.91,42521.06,-1
2026-05-21,2026-05-21 14:52:00,369.99,369.99,369.97,369.97,-0.01,114.91,42521.06,-1
2026-05-21,2026-05-21 14:53:00,369.97,369.97,369.94,369.94,-0.01,114.91,42521.06,-1
2026-05-21,2026-05-21 14:54:00,369.94,369.94,369.92,369.92,-0.01,114.91,42521.06,-1
2026-05-21,2026-05-21 14:55:00,369.92,369.92,369.9,369.9,-0.01,114.91,42521.06,-1
2026-05-21,2026-05-21 14:56:00,369.9,369.9,369.87,369.87,-0.01,114.91,42521.06,-1
2026-05-21,2026-05-21 14:57:00,369.87,369.87,369.85,369.85,-0.01,114.91,42521.06,-1
2026-05-21,2026-05-21 14:58:00,369.85,369.85,369.82,369.82,-0.01,114.91,42521.06,-1
2026-05-21,2026-05-21 14:59:00,369.82,369.82,369.8,369.8,-0.01,114.91,42521.06,-1
2026-05-21,2026-05-21 15:00:00,369.8,377.0,366.5,369.8,0.0,114.91,42521.06,0
2026-05-22,2026-05-22 11:00:00,374.0,374.99,371.87,374.01,0.0,174.46,65249.95,1
2026-05-22,2026-05-22 11:01:00,374.01,374.02,374.01,374.02,0.0,174.46,65249.95,1
2026-05-22,2026-05-22 11:02:00,374.02,374.04,374.02,374.04,0.01,174.46,65249.95,1
2026-05-22,2026-05-22 11:03:00,374.04,374.05,374.04,374.05,0.0,174.46,65249.95,1
2026-05-22,2026-05-22 11:04:00,374.05,374.06,374.05,374.06,0.0,174.46,65249.95,1
2026-05-22,2026-05-22 11:05:00,374.06,374.07,374.06,374.07,0.0,174.46,65249.95,1
2026-05-22,2026-05-22 11:06:00,374.07,374.08,374.07,374.08,0.0,174.46,65249.95,1
2026-05-22,2026-05-22 11:07:00,374.08,374.1,374.08,374.1,0.01,174.46,65249.95,1
2026-05-22,2026-05-22 11:08:00,374.1,374.11,374.1,374.11,0.0,174.46,65249.95,1
2026-05-22,2026-05-22 11:09:00,374.11,374.12,374.11,374.12,0.0,174.46,65249.95,1
2026-05-22,2026-05-22 11:10:00,374.12,374.13,374.12,374.13,0.0,174.46,65249.95,1
2026-05-22,2026-05-22 11:11:00,374.13,374.14,374.13,374.14,0.0,174.46,65249.95,1
2026-05-22,2026-05-22 11:12:00,374.14,374.16,374.14,374.16,0.01,174.46,65249.95,1
2026-05-22,2026-05-22 11:13:00,374.16,374.17,374.16,374.17,0.0,174.46,65249.95,1
2026-05-22,2026-05-22 11:14:00,374.17,374.18,374.17,374.18,0.0,174.46,65249.95,1
2026-05-22,2026-05-22 11:15:00,374.18,374.19,374.18,374.19,0.0,174.46,65249.95,1
2026-05-22,2026-05-22 11:16:00,374.19,374.21,374.19,374.21,0.01,174.46,65249.95,1
2026-05-22,2026-05-22 11:17:00,374.21,374.22,374.21,374.22,0.0,174.46,65249.95,1
2026-05-22,2026-05-22 11:18:00,374.22,374.23,374.22,374.23,0.0,174.46,65249.95,1
2026-05-22,2026-05-22 11:19:00,374.23,374.24,374.23,374.24,0.0,174.46,65249.95,1
2026-05-22,2026-05-22 11:20:00,374.24,374.25,374.24,374.25,0.0,174.46,65249.95,1
2026-05-22,2026-05-22 11:21:00,374.25,374.27,374.25,374.27,0.01,174.46,65249.95,1
2026-05-22,2026-05-22 11:22:00,374.27,374.28,374.27,374.28,0.0,174.46,65249.95,1
2026-05-22,2026-05-22 11:23:00,374.28,374.29,374.28,374.29,0.0,174.46,65249.95,1
2026-05-22,2026-05-22 11:24:00,374.29,374.3,374.29,374.3,0.0,174.46,65249.95,1
2026-05-22,2026-05-22 11:25:00,374.3,374.31,374.3,374.31,0.0,174.46,65249.95,1
2026-05-22,2026-05-22 11:26:00,374.31,374.33,374.31,374.33,0.01,174.46,65249.95,1
2026-05-22,2026-05-22 11:27:00,374.33,374.34,374.33,374.34,0.0,174.46,65249.95,1
2026-05-22,2026-05-22 11:28:00,374.34,374.35,374.34,374.35,0.0,174.46,65249.95,1
2026-05-22,2026-05-22 11:29:00,374.35,374.36,374.35,374.36,0.0,174.46,65249.95,1
2026-05-22,2026-05-22 11:30:00,374.36,374.37,374.36,374.37,0.0,174.46,65249.95,1
2026-05-22,2026-05-22 11:31:00,374.37,374.39,374.37,374.39,0.01,174.46,65249.95,1
2026-05-22,2026-05-22 11:32:00,374.39,374.4,374.39,374.4,0.0,174.46,65249.95,1
2026-05-22,2026-05-22 11:33:00,374.4,374.41,374.4,374.41,0.0,174.46,65249.95,1
2026-05-22,2026-05-22 11:34:00,374.41,374.42,374.41,374.42,0.0,174.46,65249.95,1
2026-05-22,2026-05-22 11:35:00,374.42,374.44,374.42,374.44,0.01,174.46,65249.95,1
2026-05-22,2026-05-22 11:36:00,374.44,374.45,374.44,374.45,0.0,174.46,65249.95,1
2026-05-22,2026-05-22 11:37:00,374.45,374.46,374.45,374.46,0.0,174.46,65249.95,1
2026-05-22,2026-05-22 11:38:00,374.46,374.47,374.46,374.47,0.0,174.46,65249.95,1
2026-05-22,2026-05-22 11:39:00,374.47,374.48,374.47,374.48,0.0,174.46,65249.95,1
2026-05-22,2026-05-22 11:40:00,374.48,374.5,374.48,374.5,0.01,174.46,65249.95,1
2026-05-22,2026-05-22 11:41:00,374.5,374.51,374.5,374.51,0.0,174.46,65249.95,1
2026-05-22,2026-05-22 11:42:00,374.51,374.52,374.51,374.52,0.0,174.46,65249.95,1
2026-05-22,2026-05-22 11:43:00,374.52,374.53,374.52,374.53,0.0,174.46,65249.95,1
2026-05-22,2026-05-22 11:44:00,374.53,374.54,374.53,374.54,0.0,174.46,65249.95,1
2026-05-22,2026-05-22 11:45:00,374.54,374.56,374.54,374.56,0.01,174.46,65249.95,1
2026-05-22,2026-05-22 11:46:00,374.56,374.57,374.56,374.57,0.0,174.46,65249.95,1
2026-05-22,2026-05-22 11:47:00,374.57,374.58,374.57,374.58,0.0,174.46,65249.95,1
2026-05-22,2026-05-22 11:48:00,374.58,374.59,374.58,374.59,0.0,174.46,65249.95,1
2026-05-22,2026-05-22 11:49:00,374.59,374.6,374.59,374.6,0.0,174.46,65249.95,1
2026-05-22,2026-05-22 11:50:00,374.6,374.62,374.6,374.62,0.01,174.46,65249.95,1
2026-05-22,2026-05-22 11:51:00,374.62,374.63,374.62,374.63,0.0,174.46,65249.95,1
2026-05-22,2026-05-22 11:52:00,374.63,374.64,374.63,374.64,0.0,174.46,65249.95,1
2026-05-22,2026-05-22 11:53:00,374.64,374.65,374.64,374.65,0.0,174.46,65249.95,1
2026-05-22,2026-05-22 11:54:00,374.65,374.66,374.65,374.66,0.0,174.46,65249.95,1
2026-05-22,2026-05-22 11:55:00,374.66,374.68,374.66,374.68,0.01,174.46,65249.95,1
2026-05-22,2026-05-22 11:56:00,374.68,374.69,374.68,374.69,0.0,174.46,65249.95,1
2026-05-22,2026-05-22 11:57:00,374.69,374.7,374.69,374.7,0.0,174.46,65249.95,1
2026-05-22,2026-05-22 11:58:00,374.7,374.71,374.7,374.71,0.0,174.46,65249.95,1
2026-05-22,2026-05-22 11:59:00,374.71,374.73,374.71,374.73,0.01,174.46,65249.95,1
2026-05-22,2026-05-22 12:00:00,374.73,374.74,374.73,374.74,0.0,174.46,65249.95,1
2026-05-22,2026-05-22 12:01:00,374.74,374.75,374.74,374.75,0.0,174.46,65249.95,1
2026-05-22,2026-05-22 12:02:00,374.75,374.76,374.75,374.76,0.0,174.46,65249.95,1
2026-05-22,2026-05-22 12:03:00,374.76,374.77,374.76,374.77,0.0,174.46,65249.95,1
2026-05-22,2026-05-22 12:04:00,374.77,374.79,374.77,374.79,0.01,174.46,65249.95,1
2026-05-22,2026-05-22 12:05:00,374.79,374.8,374.79,374.8,0.0,174.46,65249.95,1
2026-05-22,2026-05-22 12:06:00,374.8,374.81,374.8,374.81,0.0,174.46,65249.95,1
2026-05-22,2026-05-22 12:07:00,374.81,374.82,374.81,374.82,0.0,174.46,65249.95,1
2026-05-22,2026-05-22 12:08:00,374.82,374.83,374.82,374.83,0.0,174.46,65249.95,1
2026-05-22,2026-05-22 12:09:00,374.83,374.85,374.83,374.85,0.01,174.46,65249.95,1
2026-05-22,2026-05-22 12:10:00,374.85,374.86,374.85,374.86,0.0,174.46,65249.95,1
2026-05-22,2026-05-22 12:11:00,374.86,374.87,374.86,374.87,0.0,174.46,65249.95,1
2026-05-22,2026-05-22 12:12:00,374.87,374.88,374.87,374.88,0.0,174.46,65249.95,1
2026-05-22,2026-05-22 12:13:00,374.88,374.89,374.88,374.89,0.0,174.46,65249.95,1
2026-05-22,2026-05-22 12:14:00,374.89,374.91,374.89,374.91,0.01,174.46,65249.95,1
2026-05-22,2026-05-22 12:15:00,374.91,374.92,374.91,374.92,0.0,174.46,65249.95,1
2026-05-22,2026-05-22 12:16:00,374.92,374.93,374.92,374.93,0.0,174.46,65249.95,1
2026-05-22,2026-05-22 12:17:00,374.93,374.94,374.93,374.94,0.0,174.46,65249.95,1
2026-05-22,2026-05-22 12:18:00,374.94,374.95,374.94,374.95,0.0,174.46,65249.95,1
2026-05-22,2026-05-22 12:19:00,374.95,374.97,374.95,374.97,0.01,174.46,65249.95,1
2026-05-22,2026-05-22 12:20:00,374.97,374.98,374.97,374.98,0.0,174.46,65249.95,1
2026-05-22,2026-05-22 12:21:00,374.98,374.99,374.98,374.99,0.0,174.46,65249.95,1
2026-05-22,2026-05-22 12:22:00,374.99,375.0,374.99,375.0,0.0,174.46,65249.95,1
2026-05-22,2026-05-22 12:23:00,375.0,375.01,375.0,375.01,0.0,174.46,65249.95,1
2026-05-22,2026-05-22 12:24:00,375.01,375.03,375.01,375.03,0.01,174.46,65249.95,1
2026-05-22,2026-05-22 12:25:00,375.03,375.04,375.03,375.04,0.0,174.46,65249.95,1
2026-05-22,2026-05-22 12:26:00,375.04,375.05,375.04,375.05,0.0,174.46,65249.95,1
2026-05-22,2026-05-22 12:27:00,375.05,375.06,375.05,375.06,0.0,174.46,65249.95,1
2026-05-22,2026-05-22 12:28:00,375.06,375.08,375.06,375.08,0.01,174.46,65249.95,1
2026-05-22,2026-05-22 12:29:00,375.08,375.09,375.08,375.09,0.0,174.46,65249.95,1
2026-05-22,2026-05-22 12:30:00,375.09,375.1,375.09,375.1,0.0,174.46,65249.95,1
2026-05-22,2026-05-22 12:31:00,375.1,375.11,375.1,375.11,0.0,174.46,65249.95,1
2026-05-22,2026-05-22 12:32:00,375.11,375.12,375.11,375.12,0.0,174.46,65249.95,1
2026-05-22,2026-05-22 12:33:00,375.12,375.14,375.12,375.14,0.01,174.46,65249.95,1
2026-05-22,2026-05-22 12:34:00,375.14,375.15,375.14,375.15,0.0,174.46,65249.95,1
2026-05-22,2026-05-22 12:35:00,375.15,375.16,375.15,375.16,0.0,174.46,65249.95,1
2026-05-22,2026-05-22 12:36:00,375.16,375.17,375.16,375.17,0.0,174.46,65249.95,1
2026-05-22,2026-05-22 12:37:00,375.17,375.18,375.17,375.18,0.0,174.46,65249.95,1
2026-05-22,2026-05-22 12:38:00,375.18,375.2,375.18,375.2,0.01,174.46,65249.95,1
2026-05-22,2026-05-22 12:39:00,375.2,375.21,375.2,375.21,0.0,174.46,65249.95,1
2026-05-22,2026-05-22 12:40:00,375.21,375.22,375.21,375.22,0.0,174.46,65249.95,1
2026-05-22,2026-05-22 12:41:00,375.22,375.23,375.22,375.23,0.0,174.46,65249.95,1
2026-05-22,2026-05-22 12:42:00,375.23,375.24,375.23,375.24,0.0,174.46,65249.95,1
2026-05-22,2026-05-22 12:43:00,375.24,375.26,375.24,375.26,0.01,174.46,65249.95,1
2026-05-22,2026-05-22 12:44:00,375.26,375.27,375.26,375.27,0.0,174.46,65249.95,1
2026-05-22,2026-05-22 12:45:00,375.27,375.28,375.27,375.28,0.0,174.46,65249.95,1
2026-05-22,2026-05-22 12:46:00,375.28,375.29,375.28,375.29,0.0,174.46,65249.95,1
2026-05-22,2026-05-22 12:47:00,375.29,375.31,375.29,375.31,0.01,174.46,65249.95,1
2026-05-22,2026-05-22 12:48:00,375.31,375.32,375.31,375.32,0.0,174.46,65249.95,1
2026-05-22,2026-05-22 12:49:00,375.32,375.33,375.32,375.33,0.0,174.46,65249.95,1
2026-05-22,2026-05-22 12:50:00,375.33,375.34,375.33,375.34,0.0,174.46,65249.95,1
2026-05-22,2026-05-22 12:51:00,375.34,375.35,375.34,375.35,0.0,174.46,65249.95,1
2026-05-22,2026-05-22 12:52:00,375.35,375.37,375.35,375.37,0.01,174.46,65249.95,1
2026-05-22,2026-05-22 12:53:00,375.37,375.38,375.37,375.38,0.0,174.46,65249.95,1
2026-05-22,2026-05-22 12:54:00,375.38,375.39,375.38,375.39,0.0,174.46,65249.95,1
2026-05-22,2026-05-22 12:55:00,375.39,375.4,375.39,375.4,0.0,174.46,65249.95,1
2026-05-22,2026-05-22 12:56:00,375.4,375.41,375.4,375.41,0.0,174.46,65249.95,1
2026-05-22,2026-05-22 12:57:00,375.41,375.43,375.41,375.43,0.01,174.46,65249.95,1
2026-05-22,2026-05-22 12:58:00,375.43,375.44,375.43,375.44,0.0,174.46,65249.95,1
2026-05-22,2026-05-22 12:59:00,375.44,375.45,375.44,375.45,0.0,174.46,65249.95,1
2026-05-22,2026-05-22 13:00:00,375.45,377.3,366.9,375.46,0.0,174.46,65249.95,1
2026-05-22,2026-05-22 13:01:00,375.46,375.47,375.46,375.47,0.0,174.46,65249.95,1
2026-05-22,2026-05-22 13:02:00,375.47,375.49,375.47,375.49,0.01,174.46,65249.95,1
2026-05-22,2026-05-22 13:03:00,375.49,375.5,375.49,375.5,0.0,174.46,65249.95,1
2026-05-22,2026-05-22 13:04:00,375.5,375.51,375.5,375.51,0.0,174.46,65249.95,1
2026-05-22,2026-05-22 13:05:00,375.51,375.52,375.51,375.52,0.0,174.46,65249.95,1
2026-05-22,2026-05-22 13:06:00,375.52,375.53,375.52,375.53,0.0,174.46,65249.95,1
2026-05-22,2026-05-22 13:07:00,375.53,375.55,375.53,375.55,0.01,174.46,65249.95,1
2026-05-22,2026-05-22 13:08:00,375.55,375.56,375.55,375.56,0.0,174.46,65249.95,1
2026-05-22,2026-05-22 13:09:00,375.56,375.57,375.56,375.57,0.0,174.46,65249.95,1
2026-05-22,2026-05-22 13:10:00,375.57,375.58,375.57,375.58,0.0,174.46,65249.95,1
2026-05-22,2026-05-22 13:11:00,375.58,375.59,375.58,375.59,0.0,174.46,65249.95,1
2026-05-22,2026-05-22 13:12:00,375.59,375.61,375.59,375.61,0.01,174.46,65249.95,1
2026-05-22,2026-05-22 13:13:00,375.61,375.62,375.61,375.62,0.0,174.46,65249.95,1
2026-05-22,2026-05-22 13:14:00,375.62,375.63,375.62,375.63,0.0,174.46,65249.95,1
2026-05-22,2026-05-22 13:15:00,375.63,375.64,375.63,375.64,0.0,174.46,65249.95,1
2026-05-22,2026-05-22 13:16:00,375.64,375.66,375.64,375.66,0.01,174.46,65249.95,1
2026-05-22,2026-05-22 13:17:00,375.66,375.67,375.66,375.67,0.0,174.46,65249.95,1
2026-05-22,2026-05-22 13:18:00,375.67,375.68,375.67,375.68,0.0,174.46,65249.95,1
2026-05-22,2026-05-22 13:19:00,375.68,375.69,375.68,375.69,0.0,174.46,65249.95,1
2026-05-22,2026-05-22 13:20:00,375.69,375.7,375.69,375.7,0.0,174.46,65249.95,1
2026-05-22,2026-05-22 13:21:00,375.7,375.72,375.7,375.72,0.01,174.46,65249.95,1
2026-05-22,2026-05-22 13:22:00,375.72,375.73,375.72,375.73,0.0,174.46,65249.95,1
2026-05-22,2026-05-22 13:23:00,375.73,375.74,375.73,375.74,0.0,174.46,65249.95,1
2026-05-22,2026-05-22 13:24:00,375.74,375.75,375.74,375.75,0.0,174.46,65249.95,1
2026-05-22,2026-05-22 13:25:00,375.75,375.76,375.75,375.76,0.0,174.46,65249.95,1
2026-05-22,2026-05-22 13:26:00,375.76,375.78,375.76,375.78,0.01,174.46,65249.95,1
2026-05-22,2026-05-22 13:27:00,375.78,375.79,375.78,375.79,0.0,174.46,65249.95,1
2026-05-22,2026-05-22 13:28:00,375.79,375.8,375.79,375.8,0.0,174.46,65249.95,1
2026-05-22,2026-05-22 13:29:00,375.8,375.81,375.8,375.81,0.0,174.46,65249.95,1
2026-05-22,2026-05-22 13:30:00,375.81,375.82,375.81,375.82,0.0,174.46,65249.95,1
2026-05-22,2026-05-22 13:31:00,375.82,375.84,375.82,375.84,0.01,174.46,65249.95,1
2026-05-22,2026-05-22 13:32:00,375.84,375.85,375.84,375.85,0.0,174.46,65249.95,1
2026-05-22,2026-05-22 13:33:00,375.85,375.86,375.85,375.86,0.0,174.46,65249.95,1
2026-05-22,2026-05-22 13:34:00,375.86,375.87,375.86,375.87,0.0,174.46,65249.95,1
2026-05-22,2026-05-22 13:35:00,375.87,375.88,375.87,375.88,0.0,174.46,65249.95,1
2026-05-22,2026-05-22 13:36:00,375.88,375.9,375.88,375.9,0.01,174.46,65249.95,1
2026-05-22,2026-05-22 13:37:00,375.9,375.91,375.9,375.91,0.0,174.46,65249.95,1
2026-05-22,2026-05-22 13:38:00,375.91,375.92,375.91,375.92,0.0,174.46,65249.95,1
2026-05-22,2026-05-22 13:39:00,375.92,375.93,375.92,375.93,0.0,174.46,65249.95,1
2026-05-22,2026-05-22 13:40:00,375.93,375.95,375.93,375.95,0.01,174.46,65249.95,1
2026-05-22,2026-05-22 13:41:00,375.95,375.96,375.95,375.96,0.0,174.46,65249.95,1
2026-05-22,2026-05-22 13:42:00,375.96,375.97,375.96,375.97,0.0,174.46,65249.95,1
2026-05-22,2026-05-22 13:43:00,375.97,375.98,375.97,375.98,0.0,174.46,65249.95,1
2026-05-22,2026-05-22 13:44:00,375.98,375.99,375.98,375.99,0.0,174.46,65249.95,1
2026-05-22,2026-05-22 13:45:00,375.99,376.01,375.99,376.01,0.01,174.46,65249.95,1
2026-05-22,2026-05-22 13:46:00,376.01,376.02,376.01,376.02,0.0,174.46,65249.95,1
2026-05-22,2026-05-22 13:47:00,376.02,376.03,376.02,376.03,0.0,174.46,65249.95,1
2026-05-22,2026-05-22 13:48:00,376.03,376.04,376.03,376.04,0.0,174.46,65249.95,1
2026-05-22,2026-05-22 13:49:00,376.04,376.05,376.04,376.05,0.0,174.46,65249.95,1
2026-05-22,2026-05-22 13:50:00,376.05,376.07,376.05,376.07,0.01,174.46,65249.95,1
2026-05-22,2026-05-22 13:51:00,376.07,376.08,376.07,376.08,0.0,174.46,65249.95,1
2026-05-22,2026-05-22 13:52:00,376.08,376.09,376.08,376.09,0.0,174.46,65249.95,1
2026-05-22,2026-05-22 13:53:00,376.09,376.1,376.09,376.1,0.0,174.46,65249.95,1
2026-05-22,2026-05-22 13:54:00,376.1,376.11,376.1,376.11,0.0,174.46,65249.95,1
2026-05-22,2026-05-22 13:55:00,376.11,376.13,376.11,376.13,0.01,174.46,65249.95,1
2026-05-22,2026-05-22 13:56:00,376.13,376.14,376.13,376.14,0.0,174.46,65249.95,1
2026-05-22,2026-05-22 13:57:00,376.14,376.15,376.14,376.15,0.0,174.46,65249.95,1
2026-05-22,2026-05-22 13:58:00,376.15,376.16,376.15,376.16,0.0,174.46,65249.95,1
2026-05-22,2026-05-22 13:59:00,376.16,376.17,376.16,376.17,0.0,174.46,65249.95,1
2026-05-22,2026-05-22 14:00:00,376.17,376.19,376.17,376.19,0.01,174.46,65249.95,1
2026-05-22,2026-05-22 14:01:00,376.19,376.2,376.19,376.2,0.0,174.46,65249.95,1
2026-05-22,2026-05-22 14:02:00,376.2,376.21,376.2,376.21,0.0,174.46,65249.95,1
2026-05-22,2026-05-22 14:03:00,376.21,376.22,376.21,376.22,0.0,174.46,65249.95,1
2026-05-22,2026-05-22 14:04:00,376.22,376.24,376.22,376.24,0.01,174.46,65249.95,1
2026-05-22,2026-05-22 14:05:00,376.24,376.25,376.24,376.25,0.0,174.46,65249.95,1
2026-05-22,2026-05-22 14:06:00,376.25,376.26,376.25,376.26,0.0,174.46,65249.95,1
2026-05-22,2026-05-22 14:07:00,376.26,376.27,376.26,376.27,0.0,174.46,65249.95,1
2026-05-22,2026-05-22 14:08:00,376.27,376.28,376.27,376.28,0.0,174.46,65249.95,1
2026-05-22,2026-05-22 14:09:00,376.28,376.3,376.28,376.3,0.01,174.46,65249.95,1
2026-05-22,2026-05-22 14:10:00,376.3,376.31,376.3,376.31,0.0,174.46,65249.95,1
2026-05-22,2026-05-22 14:11:00,376.31,376.32,376.31,376.32,0.0,174.46,65249.95,1
2026-05-22,2026-05-22 14:12:00,376.32,376.33,376.32,376.33,0.0,174.46,65249.95,1
2026-05-22,2026-05-22 14:13:00,376.33,376.34,376.33,376.34,0.0,174.46,65249.95,1
2026-05-22,2026-05-22 14:14:00,376.34,376.36,376.34,376.36,0.01,174.46,65249.95,1
2026-05-22,2026-05-22 14:15:00,376.36,376.37,376.36,376.37,0.0,174.46,65249.95,1
2026-05-22,2026-05-22 14:16:00,376.37,376.38,376.37,376.38,0.0,174.46,65249.95,1
2026-05-22,2026-05-22 14:17:00,376.38,376.39,376.38,376.39,0.0,174.46,65249.95,1
2026-05-22,2026-05-22 14:18:00,376.39,376.4,376.39,376.4,0.0,174.46,65249.95,1
2026-05-22,2026-05-22 14:19:00,376.4,376.42,376.4,376.42,0.01,174.46,65249.95,1
2026-05-22,2026-05-22 14:20:00,376.42,376.43,376.42,376.43,0.0,174.46,65249.95,1
2026-05-22,2026-05-22 14:21:00,376.43,376.44,376.43,376.44,0.0,174.46,65249.95,1
2026-05-22,2026-05-22 14:22:00,376.44,376.45,376.44,376.45,0.0,174.46,65249.95,1
2026-05-22,2026-05-22 14:23:00,376.45,376.46,376.45,376.46,0.0,174.46,65249.95,1
2026-05-22,2026-05-22 14:24:00,376.46,376.48,376.46,376.48,0.01,174.46,65249.95,1
2026-05-22,2026-05-22 14:25:00,376.48,376.49,376.48,376.49,0.0,174.46,65249.95,1
2026-05-22,2026-05-22 14:26:00,376.49,376.5,376.49,376.5,0.0,174.46,65249.95,1
2026-05-22,2026-05-22 14:27:00,376.5,376.51,376.5,376.51,0.0,174.46,65249.95,1
2026-05-22,2026-05-22 14:28:00,376.51,376.53,376.51,376.53,0.01,174.46,65249.95,1
2026-05-22,2026-05-22 14:29:00,376.53,376.54,376.53,376.54,0.0,174.46,65249.95,1
2026-05-22,2026-05-22 14:30:00,376.54,376.55,376.54,376.55,0.0,174.46,65249.95,1
2026-05-22,2026-05-22 14:31:00,376.55,376.56,376.55,376.56,0.0,174.46,65249.95,1
2026-05-22,2026-05-22 14:32:00,376.56,376.57,376.56,376.57,0.0,174.46,65249.95,1
2026-05-22,2026-05-22 14:33:00,376.57,376.59,376.57,376.59,0.01,174.46,65249.95,1
2026-05-22,2026-05-22 14:34:00,376.59,376.6,376.59,376.6,0.0,174.46,65249.95,1
2026-05-22,2026-05-22 14:35:00,376.6,376.61,376.6,376.61,0.0,174.46,65249.95,1
2026-05-22,2026-05-22 14:36:00,376.61,376.62,376.61,376.62,0.0,174.46,65249.95,1
2026-05-22,2026-05-22 14:37:00,376.62,376.63,376.62,376.63,0.0,174.46,65249.95,1
2026-05-22,2026-05-22 14:38:00,376.63,376.65,376.63,376.65,0.01,174.46,65249.95,1
2026-05-22,2026-05-22 14:39:00,376.65,376.66,376.65,376.66,0.0,174.46,65249.95,1
2026-05-22,2026-05-22 14:40:00,376.66,376.67,376.66,376.67,0.0,174.46,65249.95,1
2026-05-22,2026-05-22 14:41:00,376.67,376.68,376.67,376.68,0.0,174.46,65249.95,1
2026-05-22,2026-05-22 14:42:00,376.68,376.69,376.68,376.69,0.0,174.46,65249.95,1
2026-05-22,2026-05-22 14:43:00,376.69,376.71,376.69,376.71,0.01,174.46,65249.95,1
2026-05-22,2026-05-22 14:44:00,376.71,376.72,376.71,376.72,0.0,174.46,65249.95,1
2026-05-22,2026-05-22 14:45:00,376.72,376.73,376.72,376.73,0.0,174.46,65249.95,1
2026-05-22,2026-05-22 14:46:00,376.73,376.74,376.73,376.74,0.0,174.46,65249.95,1
2026-05-22,2026-05-22 14:47:00,376.74,376.75,376.74,376.75,0.0,174.46,65249.95,1
2026-05-22,2026-05-22 14:48:00,376.75,376.77,376.75,376.77,0.01,174.46,65249.95,1
2026-05-22,2026-05-22 14:49:00,376.77,376.78,376.77,376.78,0.0,174.46,65249.95,1
2026-05-22,2026-05-22 14:50:00,376.78,376.79,376.78,376.79,0.0,174.46,65249.95,1
2026-05-22,2026-05-22 14:51:00,376.79,376.8,376.79,376.8,0.0,174.46,65249.95,1
2026-05-22,2026-05-22 14:52:00,376.8,376.82,376.8,376.82,0.01,174.46,65249.95,1
2026-05-22,2026-05-22 14:53:00,376.82,376.83,376.82,376.83,0.0,174.46,65249.95,1
2026-05-22,2026-05-22 14:54:00,376.83,376.84,376.83,376.84,0.0,174.46,65249.95,1
2026-05-22,2026-05-22 14:55:00,376.84,376.85,376.84,376.85,0.0,174.46,65249.95,1
2026-05-22,2026-05-22 14:56:00,376.85,376.86,376.85,376.86,0.0,174.46,65249.95,1
2026-05-22,2026-05-22 14:57:00,376.86,376.88,376.86,376.88,0.01,174.46,65249.95,1
2026-05-22,2026-05-22 14:58:00,376.88,376.89,376.88,376.89,0.0,174.46,65249.95,1
2026-05-22,2026-05-22 14:59:00,376.89,376.9,376.89,376.9,0.0,174.46,65249.95,1
2026-05-22,2026-05-22 15:00:00,376.9,377.3,366.9,376.9,0.0,174.46,65249.95,0
2026-05-25,2026-05-25 11:00:00,395.7,395.7,390.18,395.64,-0.02,192.17,73355.14,-1
2026-05-25,2026-05-25 11:01:00,395.64,395.64,395.58,395.58,-0.02,192.17,73355.14,-1
2026-05-25,2026-05-25 11:02:00,395.58,395.58,395.52,395.52,-0.02,192.17,73355.14,-1
2026-05-25,2026-05-25 11:03:00,395.52,395.52,395.46,395.46,-0.02,192.17,73355.14,-1
2026-05-25,2026-05-25 11:04:00,395.46,395.46,395.4,395.4,-0.02,192.17,73355.14,-1
2026-05-25,2026-05-25 11:05:00,395.4,395.4,395.33,395.33,-0.02,192.17,73355.14,-1
2026-05-25,2026-05-25 11:06:00,395.33,395.33,395.27,395.27,-0.02,192.17,73355.14,-1
2026-05-25,2026-05-25 11:07:00,395.27,395.27,395.21,395.21,-0.02,192.17,73355.14,-1
2026-05-25,2026-05-25 11:08:00,395.21,395.21,395.15,395.15,-0.02,192.17,73355.14,-1
2026-05-25,2026-05-25 11:09:00,395.15,395.15,395.09,395.09,-0.02,192.17,73355.14,-1
2026-05-25,2026-05-25 11:10:00,395.09,395.09,395.03,395.03,-0.02,192.17,73355.14,-1
2026-05-25,2026-05-25 11:11:00,395.03,395.03,394.97,394.97,-0.02,192.17,73355.14,-1
2026-05-25,2026-05-25 11:12:00,394.97,394.97,394.91,394.91,-0.02,192.17,73355.14,-1
2026-05-25,2026-05-25 11:13:00,394.91,394.91,394.85,394.85,-0.02,192.17,73355.14,-1
2026-05-25,2026-05-25 11:14:00,394.85,394.85,394.79,394.79,-0.02,192.17,73355.14,-1
2026-05-25,2026-05-25 11:15:00,394.79,394.79,394.73,394.73,-0.02,192.17,73355.14,-1
2026-05-25,2026-05-25 11:16:00,394.73,394.73,394.67,394.67,-0.02,192.17,73355.14,-1
2026-05-25,2026-05-25 11:17:00,394.67,394.67,394.61,394.61,-0.02,192.17,73355.14,-1
2026-05-25,2026-05-25 11:18:00,394.61,394.61,394.54,394.54,-0.02,192.17,73355.14,-1
2026-05-25,2026-05-25 11:19:00,394.54,394.54,394.48,394.48,-0.02,192.17,73355.14,-1
2026-05-25,2026-05-25 11:20:00,394.48,394.48,394.42,394.42,-0.02,192.17,73355.14,-1
2026-05-25,2026-05-25 11:21:00,394.42,394.42,394.36,394.36,-0.02,192.17,73355.14,-1
2026-05-25,2026-05-25 11:22:00,394.36,394.36,394.3,394.3,-0.02,192.17,73355.14,-1
2026-05-25,2026-05-25 11:23:00,394.3,394.3,394.24,394.24,-0.02,192.17,73355.14,-1
2026-05-25,2026-05-25 11:24:00,394.24,394.24,394.18,394.18,-0.02,192.17,73355.14,-1
2026-05-25,2026-05-25 11:25:00,394.18,394.18,394.12,394.12,-0.02,192.17,73355.14,-1
2026-05-25,2026-05-25 11:26:00,394.12,394.12,394.06,394.06,-0.02,192.17,73355.14,-1
2026-05-25,2026-05-25 11:27:00,394.06,394.06,394.0,394.0,-0.02,192.17,73355.14,-1
2026-05-25,2026-05-25 11:28:00,394.0,394.0,393.94,393.94,-0.02,192.17,73355.14,-1
2026-05-25,2026-05-25 11:29:00,393.94,393.94,393.88,393.88,-0.02,192.17,73355.14,-1
2026-05-25,2026-05-25 11:30:00,393.88,393.88,393.81,393.81,-0.02,192.17,73355.14,-1
2026-05-25,2026-05-25 11:31:00,393.81,393.81,393.75,393.75,-0.02,192.17,73355.14,-1
2026-05-25,2026-05-25 11:32:00,393.75,393.75,393.69,393.69,-0.02,192.17,73355.14,-1
2026-05-25,2026-05-25 11:33:00,393.69,393.69,393.63,393.63,-0.02,192.17,73355.14,-1
2026-05-25,2026-05-25 11:34:00,393.63,393.63,393.57,393.57,-0.02,192.17,73355.14,-1
2026-05-25,2026-05-25 11:35:00,393.57,393.57,393.51,393.51,-0.02,192.17,73355.14,-1
2026-05-25,2026-05-25 11:36:00,393.51,393.51,393.45,393.45,-0.02,192.17,73355.14,-1
2026-05-25,2026-05-25 11:37:00,393.45,393.45,393.39,393.39,-0.02,192.17,73355.14,-1
2026-05-25,2026-05-25 11:38:00,393.39,393.39,393.33,393.33,-0.02,192.17,73355.14,-1
2026-05-25,2026-05-25 11:39:00,393.33,393.33,393.27,393.27,-0.02,192.17,73355.14,-1
2026-05-25,2026-05-25 11:40:00,393.27,393.27,393.21,393.21,-0.02,192.17,73355.14,-1
2026-05-25,2026-05-25 11:41:00,393.21,393.21,393.14,393.14,-0.02,192.17,73355.14,-1
2026-05-25,2026-05-25 11:42:00,393.14,393.14,393.08,393.08,-0.02,192.17,73355.14,-1
2026-05-25,2026-05-25 11:43:00,393.08,393.08,393.02,393.02,-0.02,192.17,73355.14,-1
2026-05-25,2026-05-25 11:44:00,393.02,393.02,392.96,392.96,-0.02,192.17,73355.14,-1
2026-05-25,2026-05-25 11:45:00,392.96,392.96,392.9,392.9,-0.02,192.17,73355.14,-1
2026-05-25,2026-05-25 11:46:00,392.9,392.9,392.84,392.84,-0.02,192.17,73355.14,-1
2026-05-25,2026-05-25 11:47:00,392.84,392.84,392.78,392.78,-0.02,192.17,73355.14,-1
2026-05-25,2026-05-25 11:48:00,392.78,392.78,392.72,392.72,-0.02,192.17,73355.14,-1
2026-05-25,2026-05-25 11:49:00,392.72,392.72,392.66,392.66,-0.02,192.17,73355.14,-1
2026-05-25,2026-05-25 11:50:00,392.66,392.66,392.6,392.6,-0.02,192.17,73355.14,-1
2026-05-25,2026-05-25 11:51:00,392.6,392.6,392.54,392.54,-0.02,192.17,73355.14,-1
2026-05-25,2026-05-25 11:52:00,392.54,392.54,392.48,392.48,-0.02,192.17,73355.14,-1
2026-05-25,2026-05-25 11:53:00,392.48,392.48,392.42,392.42,-0.02,192.17,73355.14,-1
2026-05-25,2026-05-25 11:54:00,392.42,392.42,392.35,392.35,-0.02,192.17,73355.14,-1
2026-05-25,2026-05-25 11:55:00,392.35,392.35,392.29,392.29,-0.02,192.17,73355.14,-1
2026-05-25,2026-05-25 11:56:00,392.29,392.29,392.23,392.23,-0.02,192.17,73355.14,-1
2026-05-25,2026-05-25 11:57:00,392.23,392.23,392.17,392.17,-0.02,192.17,73355.14,-1
2026-05-25,2026-05-25 11:58:00,392.17,392.17,392.11,392.11,-0.02,192.17,73355.14,-1
2026-05-25,2026-05-25 11:59:00,392.11,392.11,392.05,392.05,-0.02,192.17,73355.14,-1
2026-05-25,2026-05-25 12:00:00,392.05,392.05,391.99,391.99,-0.02,192.17,73355.14,-1
2026-05-25,2026-05-25 12:01:00,391.99,391.99,391.93,391.93,-0.02,192.17,73355.14,-1
2026-05-25,2026-05-25 12:02:00,391.93,391.93,391.87,391.87,-0.02,192.17,73355.14,-1
2026-05-25,2026-05-25 12:03:00,391.87,391.87,391.81,391.81,-0.02,192.17,73355.14,-1
2026-05-25,2026-05-25 12:04:00,391.81,391.81,391.75,391.75,-0.02,192.17,73355.14,-1
2026-05-25,2026-05-25 12:05:00,391.75,391.75,391.69,391.69,-0.02,192.17,73355.14,-1
2026-05-25,2026-05-25 12:06:00,391.69,391.69,391.62,391.62,-0.02,192.17,73355.14,-1
2026-05-25,2026-05-25 12:07:00,391.62,391.62,391.56,391.56,-0.02,192.17,73355.14,-1
2026-05-25,2026-05-25 12:08:00,391.56,391.56,391.5,391.5,-0.02,192.17,73355.14,-1
2026-05-25,2026-05-25 12:09:00,391.5,391.5,391.44,391.44,-0.02,192.17,73355.14,-1
2026-05-25,2026-05-25 12:10:00,391.44,391.44,391.38,391.38,-0.02,192.17,73355.14,-1
2026-05-25,2026-05-25 12:11:00,391.38,391.38,391.32,391.32,-0.02,192.17,73355.14,-1
2026-05-25,2026-05-25 12:12:00,391.32,391.32,391.26,391.26,-0.02,192.17,73355.14,-1
2026-05-25,2026-05-25 12:13:00,391.26,391.26,391.2,391.2,-0.02,192.17,73355.14,-1
2026-05-25,2026-05-25 12:14:00,391.2,391.2,391.14,391.14,-0.02,192.17,73355.14,-1
2026-05-25,2026-05-25 12:15:00,391.14,391.14,391.08,391.08,-0.02,192.17,73355.14,-1
2026-05-25,2026-05-25 12:16:00,391.08,391.08,391.02,391.02,-0.02,192.17,73355.14,-1
2026-05-25,2026-05-25 12:17:00,391.02,391.02,390.95,390.95,-0.02,192.17,73355.14,-1
2026-05-25,2026-05-25 12:18:00,390.95,390.95,390.89,390.89,-0.02,192.17,73355.14,-1
2026-05-25,2026-05-25 12:19:00,390.89,390.89,390.83,390.83,-0.02,192.17,73355.14,-1
2026-05-25,2026-05-25 12:20:00,390.83,390.83,390.77,390.77,-0.02,192.17,73355.14,-1
2026-05-25,2026-05-25 12:21:00,390.77,390.77,390.71,390.71,-0.02,192.17,73355.14,-1
2026-05-25,2026-05-25 12:22:00,390.71,390.71,390.65,390.65,-0.02,192.17,73355.14,-1
2026-05-25,2026-05-25 12:23:00,390.65,390.65,390.59,390.59,-0.02,192.17,73355.14,-1
2026-05-25,2026-05-25 12:24:00,390.59,390.59,390.53,390.53,-0.02,192.17,73355.14,-1
2026-05-25,2026-05-25 12:25:00,390.53,390.53,390.47,390.47,-0.02,192.17,73355.14,-1
2026-05-25,2026-05-25 12:26:00,390.47,390.47,390.41,390.41,-0.02,192.17,73355.14,-1
2026-05-25,2026-05-25 12:27:00,390.41,390.41,390.35,390.35,-0.02,192.17,73355.14,-1
2026-05-25,2026-05-25 12:28:00,390.35,390.35,390.29,390.29,-0.02,192.17,73355.14,-1
2026-05-25,2026-05-25 12:29:00,390.29,390.29,390.23,390.23,-0.02,192.17,73355.14,-1
2026-05-25,2026-05-25 12:30:00,390.23,390.23,390.16,390.16,-0.02,192.17,73355.14,-1
2026-05-25,2026-05-25 12:31:00,390.16,390.16,390.1,390.1,-0.02,192.17,73355.14,-1
2026-05-25,2026-05-25 12:32:00,390.1,390.1,390.04,390.04,-0.02,192.17,73355.14,-1
2026-05-25,2026-05-25 12:33:00,390.04,390.04,389.98,389.98,-0.02,192.17,73355.14,-1
2026-05-25,2026-05-25 12:34:00,389.98,389.98,389.92,389.92,-0.02,192.17,73355.14,-1
2026-05-25,2026-05-25 12:35:00,389.92,389.92,389.86,389.86,-0.02,192.17,73355.14,-1
2026-05-25,2026-05-25 12:36:00,389.86,389.86,389.8,389.8,-0.02,192.17,73355.14,-1
2026-05-25,2026-05-25 12:37:00,389.8,389.8,389.74,389.74,-0.02,192.17,73355.14,-1
2026-05-25,2026-05-25 12:38:00,389.74,389.74,389.68,389.68,-0.02,192.17,73355.14,-1
2026-05-25,2026-05-25 12:39:00,389.68,389.68,389.62,389.62,-0.02,192.17,73355.14,-1
2026-05-25,2026-05-25 12:40:00,389.62,389.62,389.56,389.56,-0.02,192.17,73355.14,-1
2026-05-25,2026-05-25 12:41:00,389.56,389.56,389.5,389.5,-0.02,192.17,73355.14,-1
2026-05-25,2026-05-25 12:42:00,389.5,389.5,389.43,389.43,-0.02,192.17,73355.14,-1
2026-05-25,2026-05-25 12:43:00,389.43,389.43,389.37,389.37,-0.02,192.17,73355.14,-1
2026-05-25,2026-05-25 12:44:00,389.37,389.37,389.31,389.31,-0.02,192.17,73355.14,-1
2026-05-25,2026-05-25 12:45:00,389.31,389.31,389.25,389.25,-0.02,192.17,73355.14,-1
2026-05-25,2026-05-25 12:46:00,389.25,389.25,389.19,389.19,-0.02,192.17,73355.14,-1
2026-05-25,2026-05-25 12:47:00,389.19,389.19,389.13,389.13,-0.02,192.17,73355.14,-1
2026-05-25,2026-05-25 12:48:00,389.13,389.13,389.07,389.07,-0.02,192.17,73355.14,-1
2026-05-25,2026-05-25 12:49:00,389.07,389.07,389.01,389.01,-0.02,192.17,73355.14,-1
2026-05-25,2026-05-25 12:50:00,389.01,389.01,388.95,388.95,-0.02,192.17,73355.14,-1
2026-05-25,2026-05-25 12:51:00,388.95,388.95,388.89,388.89,-0.02,192.17,73355.14,-1
2026-05-25,2026-05-25 12:52:00,388.89,388.89,388.83,388.83,-0.02,192.17,73355.14,-1
2026-05-25,2026-05-25 12:53:00,388.83,388.83,388.76,388.76,-0.02,192.17,73355.14,-1
2026-05-25,2026-05-25 12:54:00,388.76,388.76,388.7,388.7,-0.02,192.17,73355.14,-1
2026-05-25,2026-05-25 12:55:00,388.7,388.7,388.64,388.64,-0.02,192.17,73355.14,-1
2026-05-25,2026-05-25 12:56:00,388.64,388.64,388.58,388.58,-0.02,192.17,73355.14,-1
2026-05-25,2026-05-25 12:57:00,388.58,388.58,388.52,388.52,-0.02,192.17,73355.14,-1
2026-05-25,2026-05-25 12:58:00,388.52,388.52,388.46,388.46,-0.02,192.17,73355.14,-1
2026-05-25,2026-05-25 12:59:00,388.46,388.46,388.4,388.4,-0.02,192.17,73355.14,-1
2026-05-25,2026-05-25 13:00:00,388.4,395.7,377.3,388.34,-0.02,192.17,73355.14,-1
2026-05-25,2026-05-25 13:01:00,388.34,388.34,388.28,388.28,-0.02,192.17,73355.14,-1
2026-05-25,2026-05-25 13:02:00,388.28,388.28,388.22,388.22,-0.02,192.17,73355.14,-1
2026-05-25,2026-05-25 13:03:00,388.22,388.22,388.16,388.16,-0.02,192.17,73355.14,-1
2026-05-25,2026-05-25 13:04:00,388.16,388.16,388.1,388.1,-0.02,192.17,73355.14,-1
2026-05-25,2026-05-25 13:05:00,388.1,388.1,388.04,388.04,-0.02,192.17,73355.14,-1
2026-05-25,2026-05-25 13:06:00,388.04,388.04,387.97,387.97,-0.02,192.17,73355.14,-1
2026-05-25,2026-05-25 13:07:00,387.97,387.97,387.91,387.91,-0.02,192.17,73355.14,-1
2026-05-25,2026-05-25 13:08:00,387.91,387.91,387.85,387.85,-0.02,192.17,73355.14,-1
2026-05-25,2026-05-25 13:09:00,387.85,387.85,387.79,387.79,-0.02,192.17,73355.14,-1
2026-05-25,2026-05-25 13:10:00,387.79,387.79,387.73,387.73,-0.02,192.17,73355.14,-1
2026-05-25,2026-05-25 13:11:00,387.73,387.73,387.67,387.67,-0.02,192.17,73355.14,-1
2026-05-25,2026-05-25 13:12:00,387.67,387.67,387.61,387.61,-0.02,192.17,73355.14,-1
2026-05-25,2026-05-25 13:13:00,387.61,387.61,387.55,387.55,-0.02,192.17,73355.14,-1
2026-05-25,2026-05-25 13:14:00,387.55,387.55,387.49,387.49,-0.02,192.17,73355.14,-1
2026-05-25,2026-05-25 13:15:00,387.49,387.49,387.43,387.43,-0.02,192.17,73355.14,-1
2026-05-25,2026-05-25 13:16:00,387.43,387.43,387.37,387.37,-0.02,192.17,73355.14,-1
2026-05-25,2026-05-25 13:17:00,387.37,387.37,387.31,387.31,-0.02,192.17,73355.14,-1
2026-05-25,2026-05-25 13:18:00,387.31,387.31,387.24,387.24,-0.02,192.17,73355.14,-1
2026-05-25,2026-05-25 13:19:00,387.24,387.24,387.18,387.18,-0.02,192.17,73355.14,-1
2026-05-25,2026-05-25 13:20:00,387.18,387.18,387.12,387.12,-0.02,192.17,73355.14,-1
2026-05-25,2026-05-25 13:21:00,387.12,387.12,387.06,387.06,-0.02,192.17,73355.14,-1
2026-05-25,2026-05-25 13:22:00,387.06,387.06,387.0,387.0,-0.02,192.17,73355.14,-1
2026-05-25,2026-05-25 13:23:00,387.0,387.0,386.94,386.94,-0.02,192.17,73355.14,-1
2026-05-25,2026-05-25 13:24:00,386.94,386.94,386.88,386.88,-0.02,192.17,73355.14,-1
2026-05-25,2026-05-25 13:25:00,386.88,386.88,386.82,386.82,-0.02,192.17,73355.14,-1
2026-05-25,2026-05-25 13:26:00,386.82,386.82,386.76,386.76,-0.02,192.17,73355.14,-1
2026-05-25,2026-05-25 13:27:00,386.76,386.76,386.7,386.7,-0.02,192.17,73355.14,-1
2026-05-25,2026-05-25 13:28:00,386.7,386.7,386.64,386.64,-0.02,192.17,73355.14,-1
2026-05-25,2026-05-25 13:29:00,386.64,386.64,386.57,386.57,-0.02,192.17,73355.14,-1
2026-05-25,2026-05-25 13:30:00,386.57,386.57,386.51,386.51,-0.02,192.17,73355.14,-1
2026-05-25,2026-05-25 13:31:00,386.51,386.51,386.45,386.45,-0.02,192.17,73355.14,-1
2026-05-25,2026-05-25 13:32:00,386.45,386.45,386.39,386.39,-0.02,192.17,73355.14,-1
2026-05-25,2026-05-25 13:33:00,386.39,386.39,386.33,386.33,-0.02,192.17,73355.14,-1
2026-05-25,2026-05-25 13:34:00,386.33,386.33,386.27,386.27,-0.02,192.17,73355.14,-1
2026-05-25,2026-05-25 13:35:00,386.27,386.27,386.21,386.21,-0.02,192.17,73355.14,-1
2026-05-25,2026-05-25 13:36:00,386.21,386.21,386.15,386.15,-0.02,192.17,73355.14,-1
2026-05-25,2026-05-25 13:37:00,386.15,386.15,386.09,386.09,-0.02,192.17,73355.14,-1
2026-05-25,2026-05-25 13:38:00,386.09,386.09,386.03,386.03,-0.02,192.17,73355.14,-1
2026-05-25,2026-05-25 13:39:00,386.03,386.03,385.97,385.97,-0.02,192.17,73355.14,-1
2026-05-25,2026-05-25 13:40:00,385.97,385.97,385.91,385.91,-0.02,192.17,73355.14,-1
2026-05-25,2026-05-25 13:41:00,385.91,385.91,385.85,385.85,-0.02,192.17,73355.14,-1
2026-05-25,2026-05-25 13:42:00,385.85,385.85,385.78,385.78,-0.02,192.17,73355.14,-1
2026-05-25,2026-05-25 13:43:00,385.78,385.78,385.72,385.72,-0.02,192.17,73355.14,-1
2026-05-25,2026-05-25 13:44:00,385.72,385.72,385.66,385.66,-0.02,192.17,73355.14,-1
2026-05-25,2026-05-25 13:45:00,385.66,385.66,385.6,385.6,-0.02,192.17,73355.14,-1
2026-05-25,2026-05-25 13:46:00,385.6,385.6,385.54,385.54,-0.02,192.17,73355.14,-1
2026-05-25,2026-05-25 13:47:00,385.54,385.54,385.48,385.48,-0.02,192.17,73355.14,-1
2026-05-25,2026-05-25 13:48:00,385.48,385.48,385.42,385.42,-0.02,192.17,73355.14,-1
2026-05-25,2026-05-25 13:49:00,385.42,385.42,385.36,385.36,-0.02,192.17,73355.14,-1
2026-05-25,2026-05-25 13:50:00,385.36,385.36,385.3,385.3,-0.02,192.17,73355.14,-1
2026-05-25,2026-05-25 13:51:00,385.3,385.3,385.24,385.24,-0.02,192.17,73355.14,-1
2026-05-25,2026-05-25 13:52:00,385.24,385.24,385.18,385.18,-0.02,192.17,73355.14,-1
2026-05-25,2026-05-25 13:53:00,385.18,385.18,385.12,385.12,-0.02,192.17,73355.14,-1
2026-05-25,2026-05-25 13:54:00,385.12,385.12,385.05,385.05,-0.02,192.17,73355.14,-1
2026-05-25,2026-05-25 13:55:00,385.05,385.05,384.99,384.99,-0.02,192.17,73355.14,-1
2026-05-25,2026-05-25 13:56:00,384.99,384.99,384.93,384.93,-0.02,192.17,73355.14,-1
2026-05-25,2026-05-25 13:57:00,384.93,384.93,384.87,384.87,-0.02,192.17,73355.14,-1
2026-05-25,2026-05-25 13:58:00,384.87,384.87,384.81,384.81,-0.02,192.17,73355.14,-1
2026-05-25,2026-05-25 13:59:00,384.81,384.81,384.75,384.75,-0.02,192.17,73355.14,-1
2026-05-25,2026-05-25 14:00:00,384.75,384.75,384.69,384.69,-0.02,192.17,73355.14,-1
2026-05-25,2026-05-25 14:01:00,384.69,384.69,384.63,384.63,-0.02,192.17,73355.14,-1
2026-05-25,2026-05-25 14:02:00,384.63,384.63,384.57,384.57,-0.02,192.17,73355.14,-1
2026-05-25,2026-05-25 14:03:00,384.57,384.57,384.51,384.51,-0.02,192.17,73355.14,-1
2026-05-25,2026-05-25 14:04:00,384.51,384.51,384.45,384.45,-0.02,192.17,73355.14,-1
2026-05-25,2026-05-25 14:05:00,384.45,384.45,384.38,384.38,-0.02,192.17,73355.14,-1
2026-05-25,2026-05-25 14:06:00,384.38,384.38,384.32,384.32,-0.02,192.17,73355.14,-1
2026-05-25,2026-05-25 14:07:00,384.32,384.32,384.26,384.26,-0.02,192.17,73355.14,-1
2026-05-25,2026-05-25 14:08:00,384.26,384.26,384.2,384.2,-0.02,192.17,73355.14,-1
2026-05-25,2026-05-25 14:09:00,384.2,384.2,384.14,384.14,-0.02,192.17,73355.14,-1
2026-05-25,2026-05-25 14:10:00,384.14,384.14,384.08,384.08,-0.02,192.17,73355.14,-1
2026-05-25,2026-05-25 14:11:00,384.08,384.08,384.02,384.02,-0.02,192.17,73355.14,-1
2026-05-25,2026-05-25 14:12:00,384.02,384.02,383.96,383.96,-0.02,192.17,73355.14,-1
2026-05-25,2026-05-25 14:13:00,383.96,383.96,383.9,383.9,-0.02,192.17,73355.14,-1
2026-05-25,2026-05-25 14:14:00,383.9,383.9,383.84,383.84,-0.02,192.17,73355.14,-1
2026-05-25,2026-05-25 14:15:00,383.84,383.84,383.78,383.78,-0.02,192.17,73355.14,-1
2026-05-25,2026-05-25 14:16:00,383.78,383.78,383.72,383.72,-0.02,192.17,73355.14,-1
2026-05-25,2026-05-25 14:17:00,383.72,383.72,383.66,383.66,-0.02,192.17,73355.14,-1
2026-05-25,2026-05-25 14:18:00,383.66,383.66,383.59,383.59,-0.02,192.17,73355.14,-1
2026-05-25,2026-05-25 14:19:00,383.59,383.59,383.53,383.53,-0.02,192.17,73355.14,-1
2026-05-25,2026-05-25 14:20:00,383.53,383.53,383.47,383.47,-0.02,192.17,73355.14,-1
2026-05-25,2026-05-25 14:21:00,383.47,383.47,383.41,383.41,-0.02,192.17,73355.14,-1
2026-05-25,2026-05-25 14:22:00,383.41,383.41,383.35,383.35,-0.02,192.17,73355.14,-1
2026-05-25,2026-05-25 14:23:00,383.35,383.35,383.29,383.29,-0.02,192.17,73355.14,-1
2026-05-25,2026-05-25 14:24:00,383.29,383.29,383.23,383.23,-0.02,192.17,73355.14,-1
2026-05-25,2026-05-25 14:25:00,383.23,383.23,383.17,383.17,-0.02,192.17,73355.14,-1
2026-05-25,2026-05-25 14:26:00,383.17,383.17,383.11,383.11,-0.02,192.17,73355.14,-1
2026-05-25,2026-05-25 14:27:00,383.11,383.11,383.05,383.05,-0.02,192.17,73355.14,-1
2026-05-25,2026-05-25 14:28:00,383.05,383.05,382.99,382.99,-0.02,192.17,73355.14,-1
2026-05-25,2026-05-25 14:29:00,382.99,382.99,382.93,382.93,-0.02,192.17,73355.14,-1
2026-05-25,2026-05-25 14:30:00,382.93,382.93,382.86,382.86,-0.02,192.17,73355.14,-1
2026-05-25,2026-05-25 14:31:00,382.86,382.86,382.8,382.8,-0.02,192.17,73355.14,-1
2026-05-25,2026-05-25 14:32:00,382.8,382.8,382.74,382.74,-0.02,192.17,73355.14,-1
2026-05-25,2026-05-25 14:33:00,382.74,382.74,382.68,382.68,-0.02,192.17,73355.14,-1
2026-05-25,2026-05-25 14:34:00,382.68,382.68,382.62,382.62,-0.02,192.17,73355.14,-1
2026-05-25,2026-05-25 14:35:00,382.62,382.62,382.56,382.56,-0.02,192.17,73355.14,-1
2026-05-25,2026-05-25 14:36:00,382.56,382.56,382.5,382.5,-0.02,192.17,73355.14,-1
2026-05-25,2026-05-25 14:37:00,382.5,382.5,382.44,382.44,-0.02,192.17,73355.14,-1
2026-05-25,2026-05-25 14:38:00,382.44,382.44,382.38,382.38,-0.02,192.17,73355.14,-1
2026-05-25,2026-05-25 14:39:00,382.38,382.38,382.32,382.32,-0.02,192.17,73355.14,-1
2026-05-25,2026-05-25 14:40:00,382.32,382.32,382.26,382.26,-0.02,192.17,73355.14,-1
2026-05-25,2026-05-25 14:41:00,382.26,382.26,382.19,382.19,-0.02,192.17,73355.14,-1
2026-05-25,2026-05-25 14:42:00,382.19,382.19,382.13,382.13,-0.02,192.17,73355.14,-1
2026-05-25,2026-05-25 14:43:00,382.13,382.13,382.07,382.07,-0.02,192.17,73355.14,-1
2026-05-25,2026-05-25 14:44:00,382.07,382.07,382.01,382.01,-0.02,192.17,73355.14,-1
2026-05-25,2026-05-25 14:45:00,382.01,382.01,381.95,381.95,-0.02,192.17,73355.14,-1
2026-05-25,2026-05-25 14:46:00,381.95,381.95,381.89,381.89,-0.02,192.17,73355.14,-1
2026-05-25,2026-05-25 14:47:00,381.89,381.89,381.83,381.83,-0.02,192.17,73355.14,-1
2026-05-25,2026-05-25 14:48:00,381.83,381.83,381.77,381.77,-0.02,192.17,73355.14,-1
2026-05-25,2026-05-25 14:49:00,381.77,381.77,381.71,381.71,-0.02,192.17,73355.14,-1
2026-05-25,2026-05-25 14:50:00,381.71,381.71,381.65,381.65,-0.02,192.17,73355.14,-1
2026-05-25,2026-05-25 14:51:00,381.65,381.65,381.59,381.59,-0.02,192.17,73355.14,-1
2026-05-25,2026-05-25 14:52:00,381.59,381.59,381.53,381.53,-0.02,192.17,73355.14,-1
2026-05-25,2026-05-25 14:53:00,381.53,381.53,381.47,381.47,-0.02,192.17,73355.14,-1
2026-05-25,2026-05-25 14:54:00,381.47,381.47,381.4,381.4,-0.02,192.17,73355.14,-1
2026-05-25,2026-05-25 14:55:00,381.4,381.4,381.34,381.34,-0.02,192.17,73355.14,-1
2026-05-25,2026-05-25 14:56:00,381.34,381.34,381.28,381.28,-0.02,192.17,73355.14,-1
2026-05-25,2026-05-25 14:57:00,381.28,381.28,381.22,381.22,-0.02,192.17,73355.14,-1
2026-05-25,2026-05-25 14:58:00,381.22,381.22,381.16,381.16,-0.02,192.17,73355.14,-1
2026-05-25,2026-05-25 14:59:00,381.16,381.16,381.1,381.1,-0.02,192.17,73355.14,-1
2026-05-25,2026-05-25 15:00:00,381.1,395.7,377.3,381.1,0.0,192.17,73355.14,0
2026-05-26,2026-05-26 11:00:00,400.0,400.0,392.5,399.9,-0.03,113.21,42687.36,-1
2026-05-26,2026-05-26 11:01:00,399.9,399.9,399.81,399.81,-0.02,113.21,42687.36,-1
2026-05-26,2026-05-26 11:02:00,399.81,399.81,399.71,399.71,-0.03,113.21,42687.36,-1
2026-05-26,2026-05-26 11:03:00,399.71,399.71,399.62,399.62,-0.02,113.21,42687.36,-1
2026-05-26,2026-05-26 11:04:00,399.62,399.62,399.52,399.52,-0.03,113.21,42687.36,-1
2026-05-26,2026-05-26 11:05:00,399.52,399.52,399.42,399.42,-0.03,113.21,42687.36,-1
2026-05-26,2026-05-26 11:06:00,399.42,399.42,399.33,399.33,-0.02,113.21,42687.36,-1
2026-05-26,2026-05-26 11:07:00,399.33,399.33,399.23,399.23,-0.03,113.21,42687.36,-1
2026-05-26,2026-05-26 11:08:00,399.23,399.23,399.13,399.13,-0.03,113.21,42687.36,-1
2026-05-26,2026-05-26 11:09:00,399.13,399.13,399.04,399.04,-0.02,113.21,42687.36,-1
2026-05-26,2026-05-26 11:10:00,399.04,399.04,398.94,398.94,-0.03,113.21,42687.36,-1
2026-05-26,2026-05-26 11:11:00,398.94,398.94,398.85,398.85,-0.02,113.21,42687.36,-1
2026-05-26,2026-05-26 11:12:00,398.85,398.85,398.75,398.75,-0.03,113.21,42687.36,-1
2026-05-26,2026-05-26 11:13:00,398.75,398.75,398.65,398.65,-0.03,113.21,42687.36,-1
2026-05-26,2026-05-26 11:14:00,398.65,398.65,398.56,398.56,-0.02,113.21,42687.36,-1
2026-05-26,2026-05-26 11:15:00,398.56,398.56,398.46,398.46,-0.03,113.21,42687.36,-1
2026-05-26,2026-05-26 11:16:00,398.46,398.46,398.36,398.36,-0.03,113.21,42687.36,-1
2026-05-26,2026-05-26 11:17:00,398.36,398.36,398.27,398.27,-0.02,113.21,42687.36,-1
2026-05-26,2026-05-26 11:18:00,398.27,398.27,398.17,398.17,-0.03,113.21,42687.36,-1
2026-05-26,2026-05-26 11:19:00,398.17,398.17,398.07,398.07,-0.03,113.21,42687.36,-1
2026-05-26,2026-05-26 11:20:00,398.07,398.07,397.98,397.98,-0.02,113.21,42687.36,-1
2026-05-26,2026-05-26 11:21:00,397.98,397.98,397.88,397.88,-0.03,113.21,42687.36,-1
2026-05-26,2026-05-26 11:22:00,397.88,397.88,397.79,397.79,-0.02,113.21,42687.36,-1
2026-05-26,2026-05-26 11:23:00,397.79,397.79,397.69,397.69,-0.03,113.21,42687.36,-1
2026-05-26,2026-05-26 11:24:00,397.69,397.69,397.59,397.59,-0.03,113.21,42687.36,-1
2026-05-26,2026-05-26 11:25:00,397.59,397.59,397.5,397.5,-0.02,113.21,42687.36,-1
2026-05-26,2026-05-26 11:26:00,397.5,397.5,397.4,397.4,-0.03,113.21,42687.36,-1
2026-05-26,2026-05-26 11:27:00,397.4,397.4,397.31,397.31,-0.02,113.21,42687.36,-1
2026-05-26,2026-05-26 11:28:00,397.31,397.31,397.21,397.21,-0.03,113.21,42687.36,-1
2026-05-26,2026-05-26 11:29:00,397.21,397.21,397.11,397.11,-0.03,113.21,42687.36,-1
2026-05-26,2026-05-26 11:30:00,397.11,397.11,397.02,397.02,-0.02,113.21,42687.36,-1
2026-05-26,2026-05-26 11:31:00,397.02,397.02,396.92,396.92,-0.03,113.21,42687.36,-1
2026-05-26,2026-05-26 11:32:00,396.92,396.92,396.82,396.82,-0.03,113.21,42687.36,-1
2026-05-26,2026-05-26 11:33:00,396.82,396.82,396.73,396.73,-0.02,113.21,42687.36,-1
2026-05-26,2026-05-26 11:34:00,396.73,396.73,396.63,396.63,-0.03,113.21,42687.36,-1
2026-05-26,2026-05-26 11:35:00,396.63,396.63,396.53,396.53,-0.03,113.21,42687.36,-1
2026-05-26,2026-05-26 11:36:00,396.53,396.53,396.44,396.44,-0.02,113.21,42687.36,-1
2026-05-26,2026-05-26 11:37:00,396.44,396.44,396.34,396.34,-0.03,113.21,42687.36,-1
2026-05-26,2026-05-26 11:38:00,396.34,396.34,396.25,396.25,-0.02,113.21,42687.36,-1
2026-05-26,2026-05-26 11:39:00,396.25,396.25,396.15,396.15,-0.03,113.21,42687.36,-1
2026-05-26,2026-05-26 11:40:00,396.15,396.15,396.05,396.05,-0.03,113.21,42687.36,-1
2026-05-26,2026-05-26 11:41:00,396.05,396.05,395.96,395.96,-0.02,113.21,42687.36,-1
2026-05-26,2026-05-26 11:42:00,395.96,395.96,395.86,395.86,-0.03,113.21,42687.36,-1
2026-05-26,2026-05-26 11:43:00,395.86,395.86,395.76,395.76,-0.03,113.21,42687.36,-1
2026-05-26,2026-05-26 11:44:00,395.76,395.76,395.67,395.67,-0.02,113.21,42687.36,-1
2026-05-26,2026-05-26 11:45:00,395.67,395.67,395.57,395.57,-0.03,113.21,42687.36,-1
2026-05-26,2026-05-26 11:46:00,395.57,395.57,395.48,395.48,-0.02,113.21,42687.36,-1
2026-05-26,2026-05-26 11:47:00,395.48,395.48,395.38,395.38,-0.03,113.21,42687.36,-1
2026-05-26,2026-05-26 11:48:00,395.38,395.38,395.28,395.28,-0.03,113.21,42687.36,-1
2026-05-26,2026-05-26 11:49:00,395.28,395.28,395.19,395.19,-0.02,113.21,42687.36,-1
2026-05-26,2026-05-26 11:50:00,395.19,395.19,395.09,395.09,-0.03,113.21,42687.36,-1
2026-05-26,2026-05-26 11:51:00,395.09,395.09,395.0,395.0,-0.02,113.21,42687.36,-1
2026-05-26,2026-05-26 11:52:00,395.0,395.0,394.9,394.9,-0.03,113.21,42687.36,-1
2026-05-26,2026-05-26 11:53:00,394.9,394.9,394.8,394.8,-0.03,113.21,42687.36,-1
2026-05-26,2026-05-26 11:54:00,394.8,394.8,394.71,394.71,-0.02,113.21,42687.36,-1
2026-05-26,2026-05-26 11:55:00,394.71,394.71,394.61,394.61,-0.03,113.21,42687.36,-1
2026-05-26,2026-05-26 11:56:00,394.61,394.61,394.51,394.51,-0.03,113.21,42687.36,-1
2026-05-26,2026-05-26 11:57:00,394.51,394.51,394.42,394.42,-0.02,113.21,42687.36,-1
2026-05-26,2026-05-26 11:58:00,394.42,394.42,394.32,394.32,-0.03,113.21,42687.36,-1
2026-05-26,2026-05-26 11:59:00,394.32,394.32,394.23,394.23,-0.02,113.21,42687.36,-1
2026-05-26,2026-05-26 12:00:00,394.23,394.23,394.13,394.13,-0.03,113.21,42687.36,-1
2026-05-26,2026-05-26 12:01:00,394.13,394.13,394.03,394.03,-0.03,113.21,42687.36,-1
2026-05-26,2026-05-26 12:02:00,394.03,394.03,393.94,393.94,-0.02,113.21,42687.36,-1
2026-05-26,2026-05-26 12:03:00,393.94,393.94,393.84,393.84,-0.03,113.21,42687.36,-1
2026-05-26,2026-05-26 12:04:00,393.84,393.84,393.74,393.74,-0.03,113.21,42687.36,-1
2026-05-26,2026-05-26 12:05:00,393.74,393.74,393.65,393.65,-0.02,113.21,42687.36,-1
2026-05-26,2026-05-26 12:06:00,393.65,393.65,393.55,393.55,-0.03,113.21,42687.36,-1
2026-05-26,2026-05-26 12:07:00,393.55,393.55,393.45,393.45,-0.03,113.21,42687.36,-1
2026-05-26,2026-05-26 12:08:00,393.45,393.45,393.36,393.36,-0.02,113.21,42687.36,-1
2026-05-26,2026-05-26 12:09:00,393.36,393.36,393.26,393.26,-0.03,113.21,42687.36,-1
2026-05-26,2026-05-26 12:10:00,393.26,393.26,393.17,393.17,-0.02,113.21,42687.36,-1
2026-05-26,2026-05-26 12:11:00,393.17,393.17,393.07,393.07,-0.03,113.21,42687.36,-1
2026-05-26,2026-05-26 12:12:00,393.07,393.07,392.97,392.97,-0.03,113.21,42687.36,-1
2026-05-26,2026-05-26 12:13:00,392.97,392.97,392.88,392.88,-0.02,113.21,42687.36,-1
2026-05-26,2026-05-26 12:14:00,392.88,392.88,392.78,392.78,-0.03,113.21,42687.36,-1
2026-05-26,2026-05-26 12:15:00,392.78,392.78,392.69,392.69,-0.02,113.21,42687.36,-1
2026-05-26,2026-05-26 12:16:00,392.69,392.69,392.59,392.59,-0.03,113.21,42687.36,-1
2026-05-26,2026-05-26 12:17:00,392.59,392.59,392.49,392.49,-0.03,113.21,42687.36,-1
2026-05-26,2026-05-26 12:18:00,392.49,392.49,392.4,392.4,-0.02,113.21,42687.36,-1
2026-05-26,2026-05-26 12:19:00,392.4,392.4,392.3,392.3,-0.03,113.21,42687.36,-1
2026-05-26,2026-05-26 12:20:00,392.3,392.3,392.2,392.2,-0.03,113.21,42687.36,-1
2026-05-26,2026-05-26 12:21:00,392.2,392.2,392.11,392.11,-0.02,113.21,42687.36,-1
2026-05-26,2026-05-26 12:22:00,392.11,392.11,392.01,392.01,-0.03,113.21,42687.36,-1
2026-05-26,2026-05-26 12:23:00,392.01,392.01,391.91,391.91,-0.03,113.21,42687.36,-1
2026-05-26,2026-05-26 12:24:00,391.91,391.91,391.82,391.82,-0.02,113.21,42687.36,-1
2026-05-26,2026-05-26 12:25:00,391.82,391.82,391.72,391.72,-0.03,113.21,42687.36,-1
2026-05-26,2026-05-26 12:26:00,391.72,391.72,391.63,391.63,-0.02,113.21,42687.36,-1
2026-05-26,2026-05-26 12:27:00,391.63,391.63,391.53,391.53,-0.03,113.21,42687.36,-1
2026-05-26,2026-05-26 12:28:00,391.53,391.53,391.43,391.43,-0.03,113.21,42687.36,-1
2026-05-26,2026-05-26 12:29:00,391.43,391.43,391.34,391.34,-0.02,113.21,42687.36,-1
2026-05-26,2026-05-26 12:30:00,391.34,391.34,391.24,391.24,-0.03,113.21,42687.36,-1
2026-05-26,2026-05-26 12:31:00,391.24,391.24,391.14,391.14,-0.03,113.21,42687.36,-1
2026-05-26,2026-05-26 12:32:00,391.14,391.14,391.05,391.05,-0.02,113.21,42687.36,-1
2026-05-26,2026-05-26 12:33:00,391.05,391.05,390.95,390.95,-0.03,113.21,42687.36,-1
2026-05-26,2026-05-26 12:34:00,390.95,390.95,390.86,390.86,-0.02,113.21,42687.36,-1
2026-05-26,2026-05-26 12:35:00,390.86,390.86,390.76,390.76,-0.03,113.21,42687.36,-1
2026-05-26,2026-05-26 12:36:00,390.76,390.76,390.66,390.66,-0.03,113.21,42687.36,-1
2026-05-26,2026-05-26 12:37:00,390.66,390.66,390.57,390.57,-0.02,113.21,42687.36,-1
2026-05-26,2026-05-26 12:38:00,390.57,390.57,390.47,390.47,-0.03,113.21,42687.36,-1
2026-05-26,2026-05-26 12:39:00,390.47,390.47,390.38,390.38,-0.02,113.21,42687.36,-1
2026-05-26,2026-05-26 12:40:00,390.38,390.38,390.28,390.28,-0.03,113.21,42687.36,-1
2026-05-26,2026-05-26 12:41:00,390.28,390.28,390.18,390.18,-0.03,113.21,42687.36,-1
2026-05-26,2026-05-26 12:42:00,390.18,390.18,390.09,390.09,-0.02,113.21,42687.36,-1
2026-05-26,2026-05-26 12:43:00,390.09,390.09,389.99,389.99,-0.03,113.21,42687.36,-1
2026-05-26,2026-05-26 12:44:00,389.99,389.99,389.89,389.89,-0.03,113.21,42687.36,-1
2026-05-26,2026-05-26 12:45:00,389.89,389.89,389.8,389.8,-0.02,113.21,42687.36,-1
2026-05-26,2026-05-26 12:46:00,389.8,389.8,389.7,389.7,-0.03,113.21,42687.36,-1
2026-05-26,2026-05-26 12:47:00,389.7,389.7,389.61,389.61,-0.02,113.21,42687.36,-1
2026-05-26,2026-05-26 12:48:00,389.61,389.61,389.51,389.51,-0.03,113.21,42687.36,-1
2026-05-26,2026-05-26 12:49:00,389.51,389.51,389.41,389.41,-0.03,113.21,42687.36,-1
2026-05-26,2026-05-26 12:50:00,389.41,389.41,389.32,389.32,-0.02,113.21,42687.36,-1
2026-05-26,2026-05-26 12:51:00,389.32,389.32,389.22,389.22,-0.03,113.21,42687.36,-1
2026-05-26,2026-05-26 12:52:00,389.22,389.22,389.12,389.12,-0.03,113.21,42687.36,-1
2026-05-26,2026-05-26 12:53:00,389.12,389.12,389.03,389.03,-0.02,113.21,42687.36,-1
2026-05-26,2026-05-26 12:54:00,389.03,389.03,388.93,388.93,-0.03,113.21,42687.36,-1
2026-05-26,2026-05-26 12:55:00,388.93,388.93,388.83,388.83,-0.03,113.21,42687.36,-1
2026-05-26,2026-05-26 12:56:00,388.83,388.83,388.74,388.74,-0.02,113.21,42687.36,-1
2026-05-26,2026-05-26 12:57:00,388.74,388.74,388.64,388.64,-0.03,113.21,42687.36,-1
2026-05-26,2026-05-26 12:58:00,388.64,388.64,388.55,388.55,-0.02,113.21,42687.36,-1
2026-05-26,2026-05-26 12:59:00,388.55,388.55,388.45,388.45,-0.03,113.21,42687.36,-1
2026-05-26,2026-05-26 13:00:00,388.45,400.0,375.0,388.35,-0.03,113.21,42687.36,-1
2026-05-26,2026-05-26 13:01:00,388.35,388.35,388.26,388.26,-0.02,113.21,42687.36,-1
2026-05-26,2026-05-26 13:02:00,388.26,388.26,388.16,388.16,-0.03,113.21,42687.36,-1
2026-05-26,2026-05-26 13:03:00,388.16,388.16,388.06,388.06,-0.03,113.21,42687.36,-1
2026-05-26,2026-05-26 13:04:00,388.06,388.06,387.97,387.97,-0.02,113.21,42687.36,-1
2026-05-26,2026-05-26 13:05:00,387.97,387.97,387.87,387.87,-0.03,113.21,42687.36,-1
2026-05-26,2026-05-26 13:06:00,387.87,387.87,387.78,387.78,-0.02,113.21,42687.36,-1
2026-05-26,2026-05-26 13:07:00,387.78,387.78,387.68,387.68,-0.03,113.21,42687.36,-1
2026-05-26,2026-05-26 13:08:00,387.68,387.68,387.58,387.58,-0.03,113.21,42687.36,-1
2026-05-26,2026-05-26 13:09:00,387.58,387.58,387.49,387.49,-0.02,113.21,42687.36,-1
2026-05-26,2026-05-26 13:10:00,387.49,387.49,387.39,387.39,-0.03,113.21,42687.36,-1
2026-05-26,2026-05-26 13:11:00,387.39,387.39,387.29,387.29,-0.03,113.21,42687.36,-1
2026-05-26,2026-05-26 13:12:00,387.29,387.29,387.2,387.2,-0.02,113.21,42687.36,-1
2026-05-26,2026-05-26 13:13:00,387.2,387.2,387.1,387.1,-0.03,113.21,42687.36,-1
2026-05-26,2026-05-26 13:14:00,387.1,387.1,387.01,387.01,-0.02,113.21,42687.36,-1
2026-05-26,2026-05-26 13:15:00,387.01,387.01,386.91,386.91,-0.03,113.21,42687.36,-1
2026-05-26,2026-05-26 13:16:00,386.91,386.91,386.81,386.81,-0.03,113.21,42687.36,-1
2026-05-26,2026-05-26 13:17:00,386.81,386.81,386.72,386.72,-0.02,113.21,42687.36,-1
2026-05-26,2026-05-26 13:18:00,386.72,386.72,386.62,386.62,-0.03,113.21,42687.36,-1
2026-05-26,2026-05-26 13:19:00,386.62,386.62,386.52,386.52,-0.03,113.21,42687.36,-1
2026-05-26,2026-05-26 13:20:00,386.52,386.52,386.43,386.43,-0.02,113.21,42687.36,-1
2026-05-26,2026-05-26 13:21:00,386.43,386.43,386.33,386.33,-0.03,113.21,42687.36,-1
2026-05-26,2026-05-26 13:22:00,386.33,386.33,386.24,386.24,-0.02,113.21,42687.36,-1
2026-05-26,2026-05-26 13:23:00,386.24,386.24,386.14,386.14,-0.03,113.21,42687.36,-1
2026-05-26,2026-05-26 13:24:00,386.14,386.14,386.04,386.04,-0.03,113.21,42687.36,-1
2026-05-26,2026-05-26 13:25:00,386.04,386.04,385.95,385.95,-0.02,113.21,42687.36,-1
2026-05-26,2026-05-26 13:26:00,385.95,385.95,385.85,385.85,-0.03,113.21,42687.36,-1
2026-05-26,2026-05-26 13:27:00,385.85,385.85,385.75,385.75,-0.03,113.21,42687.36,-1
2026-05-26,2026-05-26 13:28:00,385.75,385.75,385.66,385.66,-0.02,113.21,42687.36,-1
2026-05-26,2026-05-26 13:29:00,385.66,385.66,385.56,385.56,-0.03,113.21,42687.36,-1
2026-05-26,2026-05-26 13:30:00,385.56,385.56,385.47,385.47,-0.02,113.21,42687.36,-1
2026-05-26,2026-05-26 13:31:00,385.47,385.47,385.37,385.37,-0.03,113.21,42687.36,-1
2026-05-26,2026-05-26 13:32:00,385.37,385.37,385.27,385.27,-0.03,113.21,42687.36,-1
2026-05-26,2026-05-26 13:33:00,385.27,385.27,385.18,385.18,-0.02,113.21,42687.36,-1
2026-05-26,2026-05-26 13:34:00,385.18,385.18,385.08,385.08,-0.03,113.21,42687.36,-1
2026-05-26,2026-05-26 13:35:00,385.08,385.08,384.99,384.99,-0.02,113.21,42687.36,-1
2026-05-26,2026-05-26 13:36:00,384.99,384.99,384.89,384.89,-0.03,113.21,42687.36,-1
2026-05-26,2026-05-26 13:37:00,384.89,384.89,384.79,384.79,-0.03,113.21,42687.36,-1
2026-05-26,2026-05-26 13:38:00,384.79,384.79,384.7,384.7,-0.02,113.21,42687.36,-1
2026-05-26,2026-05-26 13:39:00,384.7,384.7,384.6,384.6,-0.03,113.21,42687.36,-1
2026-05-26,2026-05-26 13:40:00,384.6,384.6,384.5,384.5,-0.03,113.21,42687.36,-1
2026-05-26,2026-05-26 13:41:00,384.5,384.5,384.41,384.41,-0.02,113.21,42687.36,-1
2026-05-26,2026-05-26 13:42:00,384.41,384.41,384.31,384.31,-0.03,113.21,42687.36,-1
2026-05-26,2026-05-26 13:43:00,384.31,384.31,384.21,384.21,-0.03,113.21,42687.36,-1
2026-05-26,2026-05-26 13:44:00,384.21,384.21,384.12,384.12,-0.02,113.21,42687.36,-1
2026-05-26,2026-05-26 13:45:00,384.12,384.12,384.02,384.02,-0.03,113.21,42687.36,-1
2026-05-26,2026-05-26 13:46:00,384.02,384.02,383.93,383.93,-0.02,113.21,42687.36,-1
2026-05-26,2026-05-26 13:47:00,383.93,383.93,383.83,383.83,-0.03,113.21,42687.36,-1
2026-05-26,2026-05-26 13:48:00,383.83,383.83,383.73,383.73,-0.03,113.21,42687.36,-1
2026-05-26,2026-05-26 13:49:00,383.73,383.73,383.64,383.64,-0.02,113.21,42687.36,-1
2026-05-26,2026-05-26 13:50:00,383.64,383.64,383.54,383.54,-0.03,113.21,42687.36,-1
2026-05-26,2026-05-26 13:51:00,383.54,383.54,383.44,383.44,-0.03,113.21,42687.36,-1
2026-05-26,2026-05-26 13:52:00,383.44,383.44,383.35,383.35,-0.02,113.21,42687.36,-1
2026-05-26,2026-05-26 13:53:00,383.35,383.35,383.25,383.25,-0.03,113.21,42687.36,-1
2026-05-26,2026-05-26 13:54:00,383.25,383.25,383.16,383.16,-0.02,113.21,42687.36,-1
2026-05-26,2026-05-26 13:55:00,383.16,383.16,383.06,383.06,-0.03,113.21,42687.36,-1
2026-05-26,2026-05-26 13:56:00,383.06,383.06,382.96,382.96,-0.03,113.21,42687.36,-1
2026-05-26,2026-05-26 13:57:00,382.96,382.96,382.87,382.87,-0.02,113.21,42687.36,-1
2026-05-26,2026-05-26 13:58:00,382.87,382.87,382.77,382.77,-0.03,113.21,42687.36,-1
2026-05-26,2026-05-26 13:59:00,382.77,382.77,382.67,382.67,-0.03,113.21,42687.36,-1
2026-05-26,2026-05-26 14:00:00,382.67,382.67,382.58,382.58,-0.02,113.21,42687.36,-1
2026-05-26,2026-05-26 14:01:00,382.58,382.58,382.48,382.48,-0.03,113.21,42687.36,-1
2026-05-26,2026-05-26 14:02:00,382.48,382.48,382.39,382.39,-0.02,113.21,42687.36,-1
2026-05-26,2026-05-26 14:03:00,382.39,382.39,382.29,382.29,-0.03,113.21,42687.36,-1
2026-05-26,2026-05-26 14:04:00,382.29,382.29,382.19,382.19,-0.03,113.21,42687.36,-1
2026-05-26,2026-05-26 14:05:00,382.19,382.19,382.1,382.1,-0.02,113.21,42687.36,-1
2026-05-26,2026-05-26 14:06:00,382.1,382.1,382.0,382.0,-0.03,113.21,42687.36,-1
2026-05-26,2026-05-26 14:07:00,382.0,382.0,381.9,381.9,-0.03,113.21,42687.36,-1
2026-05-26,2026-05-26 14:08:00,381.9,381.9,381.81,381.81,-0.02,113.21,42687.36,-1
2026-05-26,2026-05-26 14:09:00,381.81,381.81,381.71,381.71,-0.03,113.21,42687.36,-1
2026-05-26,2026-05-26 14:10:00,381.71,381.71,381.62,381.62,-0.02,113.21,42687.36,-1
2026-05-26,2026-05-26 14:11:00,381.62,381.62,381.52,381.52,-0.03,113.21,42687.36,-1
2026-05-26,2026-05-26 14:12:00,381.52,381.52,381.42,381.42,-0.03,113.21,42687.36,-1
2026-05-26,2026-05-26 14:13:00,381.42,381.42,381.33,381.33,-0.02,113.21,42687.36,-1
2026-05-26,2026-05-26 14:14:00,381.33,381.33,381.23,381.23,-0.03,113.21,42687.36,-1
2026-05-26,2026-05-26 14:15:00,381.23,381.23,381.13,381.13,-0.03,113.21,42687.36,-1
2026-05-26,2026-05-26 14:16:00,381.13,381.13,381.04,381.04,-0.02,113.21,42687.36,-1
2026-05-26,2026-05-26 14:17:00,381.04,381.04,380.94,380.94,-0.03,113.21,42687.36,-1
2026-05-26,2026-05-26 14:18:00,380.94,380.94,380.85,380.85,-0.02,113.21,42687.36,-1
2026-05-26,2026-05-26 14:19:00,380.85,380.85,380.75,380.75,-0.03,113.21,42687.36,-1
2026-05-26,2026-05-26 14:20:00,380.75,380.75,380.65,380.65,-0.03,113.21,42687.36,-1
2026-05-26,2026-05-26 14:21:00,380.65,380.65,380.56,380.56,-0.02,113.21,42687.36,-1
2026-05-26,2026-05-26 14:22:00,380.56,380.56,380.46,380.46,-0.03,113.21,42687.36,-1
2026-05-26,2026-05-26 14:23:00,380.46,380.46,380.37,380.37,-0.02,113.21,42687.36,-1
2026-05-26,2026-05-26 14:24:00,380.37,380.37,380.27,380.27,-0.03,113.21,42687.36,-1
2026-05-26,2026-05-26 14:25:00,380.27,380.27,380.17,380.17,-0.03,113.21,42687.36,-1
2026-05-26,2026-05-26 14:26:00,380.17,380.17,380.08,380.08,-0.02,113.21,42687.36,-1
2026-05-26,2026-05-26 14:27:00,380.08,380.08,379.98,379.98,-0.03,113.21,42687.36,-1
2026-05-26,2026-05-26 14:28:00,379.98,379.98,379.88,379.88,-0.03,113.21,42687.36,-1
2026-05-26,2026-05-26 14:29:00,379.88,379.88,379.79,379.79,-0.02,113.21,42687.36,-1
2026-05-26,2026-05-26 14:30:00,379.79,379.79,379.69,379.69,-0.03,113.21,42687.36,-1
2026-05-26,2026-05-26 14:31:00,379.69,379.69,379.59,379.59,-0.03,113.21,42687.36,-1
2026-05-26,2026-05-26 14:32:00,379.59,379.59,379.5,379.5,-0.02,113.21,42687.36,-1
2026-05-26,2026-05-26 14:33:00,379.5,379.5,379.4,379.4,-0.03,113.21,42687.36,-1
2026-05-26,2026-05-26 14:34:00,379.4,379.4,379.31,379.31,-0.02,113.21,42687.36,-1
2026-05-26,2026-05-26 14:35:00,379.31,379.31,379.21,379.21,-0.03,113.21,42687.36,-1
2026-05-26,2026-05-26 14:36:00,379.21,379.21,379.11,379.11,-0.03,113.21,42687.36,-1
2026-05-26,2026-05-26 14:37:00,379.11,379.11,379.02,379.02,-0.02,113.21,42687.36,-1
2026-05-26,2026-05-26 14:38:00,379.02,379.02,378.92,378.92,-0.03,113.21,42687.36,-1
2026-05-26,2026-05-26 14:39:00,378.92,378.92,378.82,378.82,-0.03,113.21,42687.36,-1
2026-05-26,2026-05-26 14:40:00,378.82,378.82,378.73,378.73,-0.02,113.21,42687.36,-1
2026-05-26,2026-05-26 14:41:00,378.73,378.73,378.63,378.63,-0.03,113.21,42687.36,-1
2026-05-26,2026-05-26 14:42:00,378.63,378.63,378.54,378.54,-0.02,113.21,42687.36,-1
2026-05-26,2026-05-26 14:43:00,378.54,378.54,378.44,378.44,-0.03,113.21,42687.36,-1
2026-05-26,2026-05-26 14:44:00,378.44,378.44,378.34,378.34,-0.03,113.21,42687.36,-1
2026-05-26,2026-05-26 14:45:00,378.34,378.34,378.25,378.25,-0.02,113.21,42687.36,-1
2026-05-26,2026-05-26 14:46:00,378.25,378.25,378.15,378.15,-0.03,113.21,42687.36,-1
2026-05-26,2026-05-26 14:47:00,378.15,378.15,378.05,378.05,-0.03,113.21,42687.36,-1
2026-05-26,2026-05-26 14:48:00,378.05,378.05,377.96,377.96,-0.02,113.21,42687.36,-1
2026-05-26,2026-05-26 14:49:00,377.96,377.96,377.86,377.86,-0.03,113.21,42687.36,-1
2026-05-26,2026-05-26 14:50:00,377.86,377.86,377.77,377.77,-0.02,113.21,42687.36,-1
2026-05-26,2026-05-26 14:51:00,377.77,377.77,377.67,377.67,-0.03,113.21,42687.36,-1
2026-05-26,2026-05-26 14:52:00,377.67,377.67,377.57,377.57,-0.03,113.21,42687.36,-1
2026-05-26,2026-05-26 14:53:00,377.57,377.57,377.48,377.48,-0.02,113.21,42687.36,-1
2026-05-26,2026-05-26 14:54:00,377.48,377.48,377.38,377.38,-0.03,113.21,42687.36,-1
2026-05-26,2026-05-26 14:55:00,377.38,377.38,377.28,377.28,-0.03,113.21,42687.36,-1
2026-05-26,2026-05-26 14:56:00,377.28,377.28,377.19,377.19,-0.02,113.21,42687.36,-1
2026-05-26,2026-05-26 14:57:00,377.19,377.19,377.09,377.09,-0.03,113.21,42687.36,-1
2026-05-26,2026-05-26 14:58:00,377.09,377.09,377.0,377.0,-0.02,113.21,42687.36,-1
2026-05-26,2026-05-26 14:59:00,377.0,377.0,376.9,376.9,-0.03,113.21,42687.36,-1
2026-05-26,2026-05-26 15:00:00,376.9,400.0,375.0,376.9,0.0,113.21,42687.36,0
2026-05-27,2026-05-27 11:00:00,395.0,395.0,387.5,394.93,-0.02,96.83,36481.38,-1
2026-05-27,2026-05-27 11:01:00,394.93,394.93,394.86,394.86,-0.02,96.83,36481.38,-1
2026-05-27,2026-05-27 11:02:00,394.86,394.86,394.8,394.8,-0.02,96.83,36481.38,-1
2026-05-27,2026-05-27 11:03:00,394.8,394.8,394.73,394.73,-0.02,96.83,36481.38,-1
2026-05-27,2026-05-27 11:04:00,394.73,394.73,394.66,394.66,-0.02,96.83,36481.38,-1
2026-05-27,2026-05-27 11:05:00,394.66,394.66,394.59,394.59,-0.02,96.83,36481.38,-1
2026-05-27,2026-05-27 11:06:00,394.59,394.59,394.52,394.52,-0.02,96.83,36481.38,-1
2026-05-27,2026-05-27 11:07:00,394.52,394.52,394.45,394.45,-0.02,96.83,36481.38,-1
2026-05-27,2026-05-27 11:08:00,394.45,394.45,394.38,394.38,-0.02,96.83,36481.38,-1
2026-05-27,2026-05-27 11:09:00,394.38,394.38,394.32,394.32,-0.02,96.83,36481.38,-1
2026-05-27,2026-05-27 11:10:00,394.32,394.32,394.25,394.25,-0.02,96.83,36481.38,-1
2026-05-27,2026-05-27 11:11:00,394.25,394.25,394.18,394.18,-0.02,96.83,36481.38,-1
2026-05-27,2026-05-27 11:12:00,394.18,394.18,394.11,394.11,-0.02,96.83,36481.38,-1
2026-05-27,2026-05-27 11:13:00,394.11,394.11,394.04,394.04,-0.02,96.83,36481.38,-1
2026-05-27,2026-05-27 11:14:00,394.04,394.04,393.98,393.98,-0.02,96.83,36481.38,-1
2026-05-27,2026-05-27 11:15:00,393.98,393.98,393.91,393.91,-0.02,96.83,36481.38,-1
2026-05-27,2026-05-27 11:16:00,393.91,393.91,393.84,393.84,-0.02,96.83,36481.38,-1
2026-05-27,2026-05-27 11:17:00,393.84,393.84,393.77,393.77,-0.02,96.83,36481.38,-1
2026-05-27,2026-05-27 11:18:00,393.77,393.77,393.7,393.7,-0.02,96.83,36481.38,-1
2026-05-27,2026-05-27 11:19:00,393.7,393.7,393.63,393.63,-0.02,96.83,36481.38,-1
2026-05-27,2026-05-27 11:20:00,393.63,393.63,393.56,393.56,-0.02,96.83,36481.38,-1
2026-05-27,2026-05-27 11:21:00,393.56,393.56,393.5,393.5,-0.02,96.83,36481.38,-1
2026-05-27,2026-05-27 11:22:00,393.5,393.5,393.43,393.43,-0.02,96.83,36481.38,-1
2026-05-27,2026-05-27 11:23:00,393.43,393.43,393.36,393.36,-0.02,96.83,36481.38,-1
2026-05-27,2026-05-27 11:24:00,393.36,393.36,393.29,393.29,-0.02,96.83,36481.38,-1
2026-05-27,2026-05-27 11:25:00,393.29,393.29,393.22,393.22,-0.02,96.83,36481.38,-1
2026-05-27,2026-05-27 11:26:00,393.22,393.22,393.16,393.16,-0.02,96.83,36481.38,-1
2026-05-27,2026-05-27 11:27:00,393.16,393.16,393.09,393.09,-0.02,96.83,36481.38,-1
2026-05-27,2026-05-27 11:28:00,393.09,393.09,393.02,393.02,-0.02,96.83,36481.38,-1
2026-05-27,2026-05-27 11:29:00,393.02,393.02,392.95,392.95,-0.02,96.83,36481.38,-1
2026-05-27,2026-05-27 11:30:00,392.95,392.95,392.88,392.88,-0.02,96.83,36481.38,-1
2026-05-27,2026-05-27 11:31:00,392.88,392.88,392.81,392.81,-0.02,96.83,36481.38,-1
2026-05-27,2026-05-27 11:32:00,392.81,392.81,392.75,392.75,-0.02,96.83,36481.38,-1
2026-05-27,2026-05-27 11:33:00,392.75,392.75,392.68,392.68,-0.02,96.83,36481.38,-1
2026-05-27,2026-05-27 11:34:00,392.68,392.68,392.61,392.61,-0.02,96.83,36481.38,-1
2026-05-27,2026-05-27 11:35:00,392.61,392.61,392.54,392.54,-0.02,96.83,36481.38,-1
2026-05-27,2026-05-27 11:36:00,392.54,392.54,392.47,392.47,-0.02,96.83,36481.38,-1
2026-05-27,2026-05-27 11:37:00,392.47,392.47,392.4,392.4,-0.02,96.83,36481.38,-1
2026-05-27,2026-05-27 11:38:00,392.4,392.4,392.33,392.33,-0.02,96.83,36481.38,-1
2026-05-27,2026-05-27 11:39:00,392.33,392.33,392.27,392.27,-0.02,96.83,36481.38,-1
2026-05-27,2026-05-27 11:40:00,392.27,392.27,392.2,392.2,-0.02,96.83,36481.38,-1
2026-05-27,2026-05-27 11:41:00,392.2,392.2,392.13,392.13,-0.02,96.83,36481.38,-1
2026-05-27,2026-05-27 11:42:00,392.13,392.13,392.06,392.06,-0.02,96.83,36481.38,-1
2026-05-27,2026-05-27 11:43:00,392.06,392.06,391.99,391.99,-0.02,96.83,36481.38,-1
2026-05-27,2026-05-27 11:44:00,391.99,391.99,391.93,391.93,-0.02,96.83,36481.38,-1
2026-05-27,2026-05-27 11:45:00,391.93,391.93,391.86,391.86,-0.02,96.83,36481.38,-1
2026-05-27,2026-05-27 11:46:00,391.86,391.86,391.79,391.79,-0.02,96.83,36481.38,-1
2026-05-27,2026-05-27 11:47:00,391.79,391.79,391.72,391.72,-0.02,96.83,36481.38,-1
2026-05-27,2026-05-27 11:48:00,391.72,391.72,391.65,391.65,-0.02,96.83,36481.38,-1
2026-05-27,2026-05-27 11:49:00,391.65,391.65,391.58,391.58,-0.02,96.83,36481.38,-1
2026-05-27,2026-05-27 11:50:00,391.58,391.58,391.51,391.51,-0.02,96.83,36481.38,-1
2026-05-27,2026-05-27 11:51:00,391.51,391.51,391.45,391.45,-0.02,96.83,36481.38,-1
2026-05-27,2026-05-27 11:52:00,391.45,391.45,391.38,391.38,-0.02,96.83,36481.38,-1
2026-05-27,2026-05-27 11:53:00,391.38,391.38,391.31,391.31,-0.02,96.83,36481.38,-1
2026-05-27,2026-05-27 11:54:00,391.31,391.31,391.24,391.24,-0.02,96.83,36481.38,-1
2026-05-27,2026-05-27 11:55:00,391.24,391.24,391.17,391.17,-0.02,96.83,36481.38,-1
2026-05-27,2026-05-27 11:56:00,391.17,391.17,391.11,391.11,-0.02,96.83,36481.38,-1
2026-05-27,2026-05-27 11:57:00,391.11,391.11,391.04,391.04,-0.02,96.83,36481.38,-1
2026-05-27,2026-05-27 11:58:00,391.04,391.04,390.97,390.97,-0.02,96.83,36481.38,-1
2026-05-27,2026-05-27 11:59:00,390.97,390.97,390.9,390.9,-0.02,96.83,36481.38,-1
2026-05-27,2026-05-27 12:00:00,390.9,390.9,390.83,390.83,-0.02,96.83,36481.38,-1
2026-05-27,2026-05-27 12:01:00,390.83,390.83,390.76,390.76,-0.02,96.83,36481.38,-1
2026-05-27,2026-05-27 12:02:00,390.76,390.76,390.69,390.69,-0.02,96.83,36481.38,-1
2026-05-27,2026-05-27 12:03:00,390.69,390.69,390.63,390.63,-0.02,96.83,36481.38,-1
2026-05-27,2026-05-27 12:04:00,390.63,390.63,390.56,390.56,-0.02,96.83,36481.38,-1
2026-05-27,2026-05-27 12:05:00,390.56,390.56,390.49,390.49,-0.02,96.83,36481.38,-1
2026-05-27,2026-05-27 12:06:00,390.49,390.49,390.42,390.42,-0.02,96.83,36481.38,-1
2026-05-27,2026-05-27 12:07:00,390.42,390.42,390.35,390.35,-0.02,96.83,36481.38,-1
2026-05-27,2026-05-27 12:08:00,390.35,390.35,390.29,390.29,-0.02,96.83,36481.38,-1
2026-05-27,2026-05-27 12:09:00,390.29,390.29,390.22,390.22,-0.02,96.83,36481.38,-1
2026-05-27,2026-05-27 12:10:00,390.22,390.22,390.15,390.15,-0.02,96.83,36481.38,-1
2026-05-27,2026-05-27 12:11:00,390.15,390.15,390.08,390.08,-0.02,96.83,36481.38,-1
2026-05-27,2026-05-27 12:12:00,390.08,390.08,390.01,390.01,-0.02,96.83,36481.38,-1
2026-05-27,2026-05-27 12:13:00,390.01,390.01,389.94,389.94,-0.02,96.83,36481.38,-1
2026-05-27,2026-05-27 12:14:00,389.94,389.94,389.88,389.88,-0.02,96.83,36481.38,-1
2026-05-27,2026-05-27 12:15:00,389.88,389.88,389.81,389.81,-0.02,96.83,36481.38,-1
2026-05-27,2026-05-27 12:16:00,389.81,389.81,389.74,389.74,-0.02,96.83,36481.38,-1
2026-05-27,2026-05-27 12:17:00,389.74,389.74,389.67,389.67,-0.02,96.83,36481.38,-1
2026-05-27,2026-05-27 12:18:00,389.67,389.67,389.6,389.6,-0.02,96.83,36481.38,-1
2026-05-27,2026-05-27 12:19:00,389.6,389.6,389.53,389.53,-0.02,96.83,36481.38,-1
2026-05-27,2026-05-27 12:20:00,389.53,389.53,389.47,389.47,-0.02,96.83,36481.38,-1
2026-05-27,2026-05-27 12:21:00,389.47,389.47,389.4,389.4,-0.02,96.83,36481.38,-1
2026-05-27,2026-05-27 12:22:00,389.4,389.4,389.33,389.33,-0.02,96.83,36481.38,-1
2026-05-27,2026-05-27 12:23:00,389.33,389.33,389.26,389.26,-0.02,96.83,36481.38,-1
2026-05-27,2026-05-27 12:24:00,389.26,389.26,389.19,389.19,-0.02,96.83,36481.38,-1
2026-05-27,2026-05-27 12:25:00,389.19,389.19,389.12,389.12,-0.02,96.83,36481.38,-1
2026-05-27,2026-05-27 12:26:00,389.12,389.12,389.06,389.06,-0.02,96.83,36481.38,-1
2026-05-27,2026-05-27 12:27:00,389.06,389.06,388.99,388.99,-0.02,96.83,36481.38,-1
2026-05-27,2026-05-27 12:28:00,388.99,388.99,388.92,388.92,-0.02,96.83,36481.38,-1
2026-05-27,2026-05-27 12:29:00,388.92,388.92,388.85,388.85,-0.02,96.83,36481.38,-1
2026-05-27,2026-05-27 12:30:00,388.85,388.85,388.78,388.78,-0.02,96.83,36481.38,-1
2026-05-27,2026-05-27 12:31:00,388.78,388.78,388.71,388.71,-0.02,96.83,36481.38,-1
2026-05-27,2026-05-27 12:32:00,388.71,388.71,388.64,388.64,-0.02,96.83,36481.38,-1
2026-05-27,2026-05-27 12:33:00,388.64,388.64,388.58,388.58,-0.02,96.83,36481.38,-1
2026-05-27,2026-05-27 12:34:00,388.58,388.58,388.51,388.51,-0.02,96.83,36481.38,-1
2026-05-27,2026-05-27 12:35:00,388.51,388.51,388.44,388.44,-0.02,96.83,36481.38,-1
2026-05-27,2026-05-27 12:36:00,388.44,388.44,388.37,388.37,-0.02,96.83,36481.38,-1
2026-05-27,2026-05-27 12:37:00,388.37,388.37,388.3,388.3,-0.02,96.83,36481.38,-1
2026-05-27,2026-05-27 12:38:00,388.3,388.3,388.24,388.24,-0.02,96.83,36481.38,-1
2026-05-27,2026-05-27 12:39:00,388.24,388.24,388.17,388.17,-0.02,96.83,36481.38,-1
2026-05-27,2026-05-27 12:40:00,388.17,388.17,388.1,388.1,-0.02,96.83,36481.38,-1
2026-05-27,2026-05-27 12:41:00,388.1,388.1,388.03,388.03,-0.02,96.83,36481.38,-1
2026-05-27,2026-05-27 12:42:00,388.03,388.03,387.96,387.96,-0.02,96.83,36481.38,-1
2026-05-27,2026-05-27 12:43:00,387.96,387.96,387.89,387.89,-0.02,96.83,36481.38,-1
2026-05-27,2026-05-27 12:44:00,387.89,387.89,387.82,387.82,-0.02,96.83,36481.38,-1
2026-05-27,2026-05-27 12:45:00,387.82,387.82,387.76,387.76,-0.02,96.83,36481.38,-1
2026-05-27,2026-05-27 12:46:00,387.76,387.76,387.69,387.69,-0.02,96.83,36481.38,-1
2026-05-27,2026-05-27 12:47:00,387.69,387.69,387.62,387.62,-0.02,96.83,36481.38,-1
2026-05-27,2026-05-27 12:48:00,387.62,387.62,387.55,387.55,-0.02,96.83,36481.38,-1
2026-05-27,2026-05-27 12:49:00,387.55,387.55,387.48,387.48,-0.02,96.83,36481.38,-1
2026-05-27,2026-05-27 12:50:00,387.48,387.48,387.42,387.42,-0.02,96.83,36481.38,-1
2026-05-27,2026-05-27 12:51:00,387.42,387.42,387.35,387.35,-0.02,96.83,36481.38,-1
2026-05-27,2026-05-27 12:52:00,387.35,387.35,387.28,387.28,-0.02,96.83,36481.38,-1
2026-05-27,2026-05-27 12:53:00,387.28,387.28,387.21,387.21,-0.02,96.83,36481.38,-1
2026-05-27,2026-05-27 12:54:00,387.21,387.21,387.14,387.14,-0.02,96.83,36481.38,-1
2026-05-27,2026-05-27 12:55:00,387.14,387.14,387.07,387.07,-0.02,96.83,36481.38,-1
2026-05-27,2026-05-27 12:56:00,387.07,387.07,387.0,387.0,-0.02,96.83,36481.38,-1
2026-05-27,2026-05-27 12:57:00,387.0,387.0,386.94,386.94,-0.02,96.83,36481.38,-1
2026-05-27,2026-05-27 12:58:00,386.94,386.94,386.87,386.87,-0.02,96.83,36481.38,-1
2026-05-27,2026-05-27 12:59:00,386.87,386.87,386.8,386.8,-0.02,96.83,36481.38,-1
2026-05-27,2026-05-27 13:00:00,386.8,395.0,370.0,386.73,-0.02,96.83,36481.38,-1
2026-05-27,2026-05-27 13:01:00,386.73,386.73,386.66,386.66,-0.02,96.83,36481.38,-1
2026-05-27,2026-05-27 13:02:00,386.66,386.66,386.6,386.6,-0.02,96.83,36481.38,-1
2026-05-27,2026-05-27 13:03:00,386.6,386.6,386.53,386.53,-0.02,96.83,36481.38,-1
2026-05-27,2026-05-27 13:04:00,386.53,386.53,386.46,386.46,-0.02,96.83,36481.38,-1
2026-05-27,2026-05-27 13:05:00,386.46,386.46,386.39,386.39,-0.02,96.83,36481.38,-1
2026-05-27,2026-05-27 13:06:00,386.39,386.39,386.32,386.32,-0.02,96.83,36481.38,-1
2026-05-27,2026-05-27 13:07:00,386.32,386.32,386.25,386.25,-0.02,96.83,36481.38,-1
2026-05-27,2026-05-27 13:08:00,386.25,386.25,386.19,386.19,-0.02,96.83,36481.38,-1
2026-05-27,2026-05-27 13:09:00,386.19,386.19,386.12,386.12,-0.02,96.83,36481.38,-1
2026-05-27,2026-05-27 13:10:00,386.12,386.12,386.05,386.05,-0.02,96.83,36481.38,-1
2026-05-27,2026-05-27 13:11:00,386.05,386.05,385.98,385.98,-0.02,96.83,36481.38,-1
2026-05-27,2026-05-27 13:12:00,385.98,385.98,385.91,385.91,-0.02,96.83,36481.38,-1
2026-05-27,2026-05-27 13:13:00,385.91,385.91,385.84,385.84,-0.02,96.83,36481.38,-1
2026-05-27,2026-05-27 13:14:00,385.84,385.84,385.78,385.78,-0.02,96.83,36481.38,-1
2026-05-27,2026-05-27 13:15:00,385.78,385.78,385.71,385.71,-0.02,96.83,36481.38,-1
2026-05-27,2026-05-27 13:16:00,385.71,385.71,385.64,385.64,-0.02,96.83,36481.38,-1
2026-05-27,2026-05-27 13:17:00,385.64,385.64,385.57,385.57,-0.02,96.83,36481.38,-1
2026-05-27,2026-05-27 13:18:00,385.57,385.57,385.5,385.5,-0.02,96.83,36481.38,-1
2026-05-27,2026-05-27 13:19:00,385.5,385.5,385.43,385.43,-0.02,96.83,36481.38,-1
2026-05-27,2026-05-27 13:20:00,385.43,385.43,385.37,385.37,-0.02,96.83,36481.38,-1
2026-05-27,2026-05-27 13:21:00,385.37,385.37,385.3,385.3,-0.02,96.83,36481.38,-1
2026-05-27,2026-05-27 13:22:00,385.3,385.3,385.23,385.23,-0.02,96.83,36481.38,-1
2026-05-27,2026-05-27 13:23:00,385.23,385.23,385.16,385.16,-0.02,96.83,36481.38,-1
2026-05-27,2026-05-27 13:24:00,385.16,385.16,385.09,385.09,-0.02,96.83,36481.38,-1
2026-05-27,2026-05-27 13:25:00,385.09,385.09,385.02,385.02,-0.02,96.83,36481.38,-1
2026-05-27,2026-05-27 13:26:00,385.02,385.02,384.96,384.96,-0.02,96.83,36481.38,-1
2026-05-27,2026-05-27 13:27:00,384.96,384.96,384.89,384.89,-0.02,96.83,36481.38,-1
2026-05-27,2026-05-27 13:28:00,384.89,384.89,384.82,384.82,-0.02,96.83,36481.38,-1
2026-05-27,2026-05-27 13:29:00,384.82,384.82,384.75,384.75,-0.02,96.83,36481.38,-1
2026-05-27,2026-05-27 13:30:00,384.75,384.75,384.68,384.68,-0.02,96.83,36481.38,-1
2026-05-27,2026-05-27 13:31:00,384.68,384.68,384.61,384.61,-0.02,96.83,36481.38,-1
2026-05-27,2026-05-27 13:32:00,384.61,384.61,384.55,384.55,-0.02,96.83,36481.38,-1
2026-05-27,2026-05-27 13:33:00,384.55,384.55,384.48,384.48,-0.02,96.83,36481.38,-1
2026-05-27,2026-05-27 13:34:00,384.48,384.48,384.41,384.41,-0.02,96.83,36481.38,-1
2026-05-27,2026-05-27 13:35:00,384.41,384.41,384.34,384.34,-0.02,96.83,36481.38,-1
2026-05-27,2026-05-27 13:36:00,384.34,384.34,384.27,384.27,-0.02,96.83,36481.38,-1
2026-05-27,2026-05-27 13:37:00,384.27,384.27,384.2,384.2,-0.02,96.83,36481.38,-1
2026-05-27,2026-05-27 13:38:00,384.2,384.2,384.13,384.13,-0.02,96.83,36481.38,-1
2026-05-27,2026-05-27 13:39:00,384.13,384.13,384.07,384.07,-0.02,96.83,36481.38,-1
2026-05-27,2026-05-27 13:40:00,384.07,384.07,384.0,384.0,-0.02,96.83,36481.38,-1
2026-05-27,2026-05-27 13:41:00,384.0,384.0,383.93,383.93,-0.02,96.83,36481.38,-1
2026-05-27,2026-05-27 13:42:00,383.93,383.93,383.86,383.86,-0.02,96.83,36481.38,-1
2026-05-27,2026-05-27 13:43:00,383.86,383.86,383.79,383.79,-0.02,96.83,36481.38,-1
2026-05-27,2026-05-27 13:44:00,383.79,383.79,383.73,383.73,-0.02,96.83,36481.38,-1
2026-05-27,2026-05-27 13:45:00,383.73,383.73,383.66,383.66,-0.02,96.83,36481.38,-1
2026-05-27,2026-05-27 13:46:00,383.66,383.66,383.59,383.59,-0.02,96.83,36481.38,-1
2026-05-27,2026-05-27 13:47:00,383.59,383.59,383.52,383.52,-0.02,96.83,36481.38,-1
2026-05-27,2026-05-27 13:48:00,383.52,383.52,383.45,383.45,-0.02,96.83,36481.38,-1
2026-05-27,2026-05-27 13:49:00,383.45,383.45,383.38,383.38,-0.02,96.83,36481.38,-1
2026-05-27,2026-05-27 13:50:00,383.38,383.38,383.31,383.31,-0.02,96.83,36481.38,-1
2026-05-27,2026-05-27 13:51:00,383.31,383.31,383.25,383.25,-0.02,96.83,36481.38,-1
2026-05-27,2026-05-27 13:52:00,383.25,383.25,383.18,383.18,-0.02,96.83,36481.38,-1
2026-05-27,2026-05-27 13:53:00,383.18,383.18,383.11,383.11,-0.02,96.83,36481.38,-1
2026-05-27,2026-05-27 13:54:00,383.11,383.11,383.04,383.04,-0.02,96.83,36481.38,-1
2026-05-27,2026-05-27 13:55:00,383.04,383.04,382.97,382.97,-0.02,96.83,36481.38,-1
2026-05-27,2026-05-27 13:56:00,382.97,382.97,382.91,382.91,-0.02,96.83,36481.38,-1
2026-05-27,2026-05-27 13:57:00,382.91,382.91,382.84,382.84,-0.02,96.83,36481.38,-1
2026-05-27,2026-05-27 13:58:00,382.84,382.84,382.77,382.77,-0.02,96.83,36481.38,-1
2026-05-27,2026-05-27 13:59:00,382.77,382.77,382.7,382.7,-0.02,96.83,36481.38,-1
2026-05-27,2026-05-27 14:00:00,382.7,382.7,382.63,382.63,-0.02,96.83,36481.38,-1
2026-05-27,2026-05-27 14:01:00,382.63,382.63,382.56,382.56,-0.02,96.83,36481.38,-1
2026-05-27,2026-05-27 14:02:00,382.56,382.56,382.5,382.5,-0.02,96.83,36481.38,-1
2026-05-27,2026-05-27 14:03:00,382.5,382.5,382.43,382.43,-0.02,96.83,36481.38,-1
2026-05-27,2026-05-27 14:04:00,382.43,382.43,382.36,382.36,-0.02,96.83,36481.38,-1
2026-05-27,2026-05-27 14:05:00,382.36,382.36,382.29,382.29,-0.02,96.83,36481.38,-1
2026-05-27,2026-05-27 14:06:00,382.29,382.29,382.22,382.22,-0.02,96.83,36481.38,-1
2026-05-27,2026-05-27 14:07:00,382.22,382.22,382.15,382.15,-0.02,96.83,36481.38,-1
2026-05-27,2026-05-27 14:08:00,382.15,382.15,382.09,382.09,-0.02,96.83,36481.38,-1
2026-05-27,2026-05-27 14:09:00,382.09,382.09,382.02,382.02,-0.02,96.83,36481.38,-1
2026-05-27,2026-05-27 14:10:00,382.02,382.02,381.95,381.95,-0.02,96.83,36481.38,-1
2026-05-27,2026-05-27 14:11:00,381.95,381.95,381.88,381.88,-0.02,96.83,36481.38,-1
2026-05-27,2026-05-27 14:12:00,381.88,381.88,381.81,381.81,-0.02,96.83,36481.38,-1
2026-05-27,2026-05-27 14:13:00,381.81,381.81,381.74,381.74,-0.02,96.83,36481.38,-1
2026-05-27,2026-05-27 14:14:00,381.74,381.74,381.68,381.68,-0.02,96.83,36481.38,-1
2026-05-27,2026-05-27 14:15:00,381.68,381.68,381.61,381.61,-0.02,96.83,36481.38,-1
2026-05-27,2026-05-27 14:16:00,381.61,381.61,381.54,381.54,-0.02,96.83,36481.38,-1
2026-05-27,2026-05-27 14:17:00,381.54,381.54,381.47,381.47,-0.02,96.83,36481.38,-1
2026-05-27,2026-05-27 14:18:00,381.47,381.47,381.4,381.4,-0.02,96.83,36481.38,-1
2026-05-27,2026-05-27 14:19:00,381.4,381.4,381.33,381.33,-0.02,96.83,36481.38,-1
2026-05-27,2026-05-27 14:20:00,381.33,381.33,381.27,381.27,-0.02,96.83,36481.38,-1
2026-05-27,2026-05-27 14:21:00,381.27,381.27,381.2,381.2,-0.02,96.83,36481.38,-1
2026-05-27,2026-05-27 14:22:00,381.2,381.2,381.13,381.13,-0.02,96.83,36481.38,-1
2026-05-27,2026-05-27 14:23:00,381.13,381.13,381.06,381.06,-0.02,96.83,36481.38,-1
2026-05-27,2026-05-27 14:24:00,381.06,381.06,380.99,380.99,-0.02,96.83,36481.38,-1
2026-05-27,2026-05-27 14:25:00,380.99,380.99,380.92,380.92,-0.02,96.83,36481.38,-1
2026-05-27,2026-05-27 14:26:00,380.92,380.92,380.86,380.86,-0.02,96.83,36481.38,-1
2026-05-27,2026-05-27 14:27:00,380.86,380.86,380.79,380.79,-0.02,96.83,36481.38,-1
2026-05-27,2026-05-27 14:28:00,380.79,380.79,380.72,380.72,-0.02,96.83,36481.38,-1
2026-05-27,2026-05-27 14:29:00,380.72,380.72,380.65,380.65,-0.02,96.83,36481.38,-1
2026-05-27,2026-05-27 14:30:00,380.65,380.65,380.58,380.58,-0.02,96.83,36481.38,-1
2026-05-27,2026-05-27 14:31:00,380.58,380.58,380.51,380.51,-0.02,96.83,36481.38,-1
2026-05-27,2026-05-27 14:32:00,380.51,380.51,380.45,380.45,-0.02,96.83,36481.38,-1
2026-05-27,2026-05-27 14:33:00,380.45,380.45,380.38,380.38,-0.02,96.83,36481.38,-1
2026-05-27,2026-05-27 14:34:00,380.38,380.38,380.31,380.31,-0.02,96.83,36481.38,-1
2026-05-27,2026-05-27 14:35:00,380.31,380.31,380.24,380.24,-0.02,96.83,36481.38,-1
2026-05-27,2026-05-27 14:36:00,380.24,380.24,380.17,380.17,-0.02,96.83,36481.38,-1
2026-05-27,2026-05-27 14:37:00,380.17,380.17,380.1,380.1,-0.02,96.83,36481.38,-1
2026-05-27,2026-05-27 14:38:00,380.1,380.1,380.04,380.04,-0.02,96.83,36481.38,-1
2026-05-27,2026-05-27 14:39:00,380.04,380.04,379.97,379.97,-0.02,96.83,36481.38,-1
2026-05-27,2026-05-27 14:40:00,379.97,379.97,379.9,379.9,-0.02,96.83,36481.38,-1
2026-05-27,2026-05-27 14:41:00,379.9,379.9,379.83,379.83,-0.02,96.83,36481.38,-1
2026-05-27,2026-05-27 14:42:00,379.83,379.83,379.76,379.76,-0.02,96.83,36481.38,-1
2026-05-27,2026-05-27 14:43:00,379.76,379.76,379.69,379.69,-0.02,96.83,36481.38,-1
2026-05-27,2026-05-27 14:44:00,379.69,379.69,379.62,379.62,-0.02,96.83,36481.38,-1
2026-05-27,2026-05-27 14:45:00,379.62,379.62,379.56,379.56,-0.02,96.83,36481.38,-1
2026-05-27,2026-05-27 14:46:00,379.56,379.56,379.49,379.49,-0.02,96.83,36481.38,-1
2026-05-27,2026-05-27 14:47:00,379.49,379.49,379.42,379.42,-0.02,96.83,36481.38,-1
2026-05-27,2026-05-27 14:48:00,379.42,379.42,379.35,379.35,-0.02,96.83,36481.38,-1
2026-05-27,2026-05-27 14:49:00,379.35,379.35,379.28,379.28,-0.02,96.83,36481.38,-1
2026-05-27,2026-05-27 14:50:00,379.28,379.28,379.22,379.22,-0.02,96.83,36481.38,-1
2026-05-27,2026-05-27 14:51:00,379.22,379.22,379.15,379.15,-0.02,96.83,36481.38,-1
2026-05-27,2026-05-27 14:52:00,379.15,379.15,379.08,379.08,-0.02,96.83,36481.38,-1
2026-05-27,2026-05-27 14:53:00,379.08,379.08,379.01,379.01,-0.02,96.83,36481.38,-1
2026-05-27,2026-05-27 14:54:00,379.01,379.01,378.94,378.94,-0.02,96.83,36481.38,-1
2026-05-27,2026-05-27 14:55:00,378.94,378.94,378.87,378.87,-0.02,96.83,36481.38,-1
2026-05-27,2026-05-27 14:56:00,378.87,378.87,378.81,378.81,-0.02,96.83,36481.38,-1
2026-05-27,2026-05-27 14:57:00,378.81,378.81,378.74,378.74,-0.02,96.83,36481.38,-1
2026-05-27,2026-05-27 14:58:00,378.74,378.74,378.67,378.67,-0.02,96.83,36481.38,-1
2026-05-27,2026-05-27 14:59:00,378.67,378.67,378.6,378.6,-0.02,96.83,36481.38,-1
2026-05-27,2026-05-27 15:00:00,378.6,395.0,370.0,378.6,0.0,96.83,36481.38,0
2026-06-01,2026-06-01 11:00:00,380.0,380.0,375.8,379.95,-0.01,126.23,47024.6,-1
2026-06-01,2026-06-01 11:01:00,379.95,379.95,379.91,379.91,-0.01,126.23,47024.6,-1
2026-06-01,2026-06-01 11:02:00,379.91,379.91,379.86,379.86,-0.01,126.23,47024.6,-1
2026-06-01,2026-06-01 11:03:00,379.86,379.86,379.81,379.81,-0.01,126.23,47024.6,-1
2026-06-01,2026-06-01 11:04:00,379.81,379.81,379.77,379.77,-0.01,126.23,47024.6,-1
2026-06-01,2026-06-01 11:05:00,379.77,379.77,379.72,379.72,-0.01,126.23,47024.6,-1
2026-06-01,2026-06-01 11:06:00,379.72,379.72,379.68,379.68,-0.01,126.23,47024.6,-1
2026-06-01,2026-06-01 11:07:00,379.68,379.68,379.63,379.63,-0.01,126.23,47024.6,-1
2026-06-01,2026-06-01 11:08:00,379.63,379.63,379.58,379.58,-0.01,126.23,47024.6,-1
2026-06-01,2026-06-01 11:09:00,379.58,379.58,379.54,379.54,-0.01,126.23,47024.6,-1
2026-06-01,2026-06-01 11:10:00,379.54,379.54,379.49,379.49,-0.01,126.23,47024.6,-1
2026-06-01,2026-06-01 11:11:00,379.49,379.49,379.44,379.44,-0.01,126.23,47024.6,-1
2026-06-01,2026-06-01 11:12:00,379.44,379.44,379.4,379.4,-0.01,126.23,47024.6,-1
2026-06-01,2026-06-01 11:13:00,379.4,379.4,379.35,379.35,-0.01,126.23,47024.6,-1
2026-06-01,2026-06-01 11:14:00,379.35,379.35,379.31,379.31,-0.01,126.23,47024.6,-1
2026-06-01,2026-06-01 11:15:00,379.31,379.31,379.26,379.26,-0.01,126.23,47024.6,-1
2026-06-01,2026-06-01 11:16:00,379.26,379.26,379.21,379.21,-0.01,126.23,47024.6,-1
2026-06-01,2026-06-01 11:17:00,379.21,379.21,379.17,379.17,-0.01,126.23,47024.6,-1
2026-06-01,2026-06-01 11:18:00,379.17,379.17,379.12,379.12,-0.01,126.23,47024.6,-1
2026-06-01,2026-06-01 11:19:00,379.12,379.12,379.07,379.07,-0.01,126.23,47024.6,-1
2026-06-01,2026-06-01 11:20:00,379.07,379.07,379.03,379.03,-0.01,126.23,47024.6,-1
2026-06-01,2026-06-01 11:21:00,379.03,379.03,378.98,378.98,-0.01,126.23,47024.6,-1
2026-06-01,2026-06-01 11:22:00,378.98,378.98,378.94,378.94,-0.01,126.23,47024.6,-1
2026-06-01,2026-06-01 11:23:00,378.94,378.94,378.89,378.89,-0.01,126.23,47024.6,-1
2026-06-01,2026-06-01 11:24:00,378.89,378.89,378.84,378.84,-0.01,126.23,47024.6,-1
2026-06-01,2026-06-01 11:25:00,378.84,378.84,378.8,378.8,-0.01,126.23,47024.6,-1
2026-06-01,2026-06-01 11:26:00,378.8,378.8,378.75,378.75,-0.01,126.23,47024.6,-1
2026-06-01,2026-06-01 11:27:00,378.75,378.75,378.7,378.7,-0.01,126.23,47024.6,-1
2026-06-01,2026-06-01 11:28:00,378.7,378.7,378.66,378.66,-0.01,126.23,47024.6,-1
2026-06-01,2026-06-01 11:29:00,378.66,378.66,378.61,378.61,-0.01,126.23,47024.6,-1
2026-06-01,2026-06-01 11:30:00,378.61,378.61,378.57,378.57,-0.01,126.23,47024.6,-1
2026-06-01,2026-06-01 11:31:00,378.57,378.57,378.52,378.52,-0.01,126.23,47024.6,-1
2026-06-01,2026-06-01 11:32:00,378.52,378.52,378.47,378.47,-0.01,126.23,47024.6,-1
2026-06-01,2026-06-01 11:33:00,378.47,378.47,378.43,378.43,-0.01,126.23,47024.6,-1
2026-06-01,2026-06-01 11:34:00,378.43,378.43,378.38,378.38,-0.01,126.23,47024.6,-1
2026-06-01,2026-06-01 11:35:00,378.38,378.38,378.33,378.33,-0.01,126.23,47024.6,-1
2026-06-01,2026-06-01 11:36:00,378.33,378.33,378.29,378.29,-0.01,126.23,47024.6,-1
2026-06-01,2026-06-01 11:37:00,378.29,378.29,378.24,378.24,-0.01,126.23,47024.6,-1
2026-06-01,2026-06-01 11:38:00,378.24,378.24,378.2,378.2,-0.01,126.23,47024.6,-1
2026-06-01,2026-06-01 11:39:00,378.2,378.2,378.15,378.15,-0.01,126.23,47024.6,-1
2026-06-01,2026-06-01 11:40:00,378.15,378.15,378.1,378.1,-0.01,126.23,47024.6,-1
2026-06-01,2026-06-01 11:41:00,378.1,378.1,378.06,378.06,-0.01,126.23,47024.6,-1
2026-06-01,2026-06-01 11:42:00,378.06,378.06,378.01,378.01,-0.01,126.23,47024.6,-1
2026-06-01,2026-06-01 11:43:00,378.01,378.01,377.96,377.96,-0.01,126.23,47024.6,-1
2026-06-01,2026-06-01 11:44:00,377.96,377.96,377.92,377.92,-0.01,126.23,47024.6,-1
2026-06-01,2026-06-01 11:45:00,377.92,377.92,377.87,377.87,-0.01,126.23,47024.6,-1
2026-06-01,2026-06-01 11:46:00,377.87,377.87,377.83,377.83,-0.01,126.23,47024.6,-1
2026-06-01,2026-06-01 11:47:00,377.83,377.83,377.78,377.78,-0.01,126.23,47024.6,-1
2026-06-01,2026-06-01 11:48:00,377.78,377.78,377.73,377.73,-0.01,126.23,47024.6,-1
2026-06-01,2026-06-01 11:49:00,377.73,377.73,377.69,377.69,-0.01,126.23,47024.6,-1
2026-06-01,2026-06-01 11:50:00,377.69,377.69,377.64,377.64,-0.01,126.23,47024.6,-1
2026-06-01,2026-06-01 11:51:00,377.64,377.64,377.59,377.59,-0.01,126.23,47024.6,-1
2026-06-01,2026-06-01 11:52:00,377.59,377.59,377.55,377.55,-0.01,126.23,47024.6,-1
2026-06-01,2026-06-01 11:53:00,377.55,377.55,377.5,377.5,-0.01,126.23,47024.6,-1
2026-06-01,2026-06-01 11:54:00,377.5,377.5,377.46,377.46,-0.01,126.23,47024.6,-1
2026-06-01,2026-06-01 11:55:00,377.46,377.46,377.41,377.41,-0.01,126.23,47024.6,-1
2026-06-01,2026-06-01 11:56:00,377.41,377.41,377.36,377.36,-0.01,126.23,47024.6,-1
2026-06-01,2026-06-01 11:57:00,377.36,377.36,377.32,377.32,-0.01,126.23,47024.6,-1
2026-06-01,2026-06-01 11:58:00,377.32,377.32,377.27,377.27,-0.01,126.23,47024.6,-1
2026-06-01,2026-06-01 11:59:00,377.27,377.27,377.23,377.23,-0.01,126.23,47024.6,-1
2026-06-01,2026-06-01 12:00:00,377.23,377.23,377.18,377.18,-0.01,126.23,47024.6,-1
2026-06-01,2026-06-01 12:01:00,377.18,377.18,377.13,377.13,-0.01,126.23,47024.6,-1
2026-06-01,2026-06-01 12:02:00,377.13,377.13,377.09,377.09,-0.01,126.23,47024.6,-1
2026-06-01,2026-06-01 12:03:00,377.09,377.09,377.04,377.04,-0.01,126.23,47024.6,-1
2026-06-01,2026-06-01 12:04:00,377.04,377.04,376.99,376.99,-0.01,126.23,47024.6,-1
2026-06-01,2026-06-01 12:05:00,376.99,376.99,376.95,376.95,-0.01,126.23,47024.6,-1
2026-06-01,2026-06-01 12:06:00,376.95,376.95,376.9,376.9,-0.01,126.23,47024.6,-1
2026-06-01,2026-06-01 12:07:00,376.9,376.9,376.86,376.86,-0.01,126.23,47024.6,-1
2026-06-01,2026-06-01 12:08:00,376.86,376.86,376.81,376.81,-0.01,126.23,47024.6,-1
2026-06-01,2026-06-01 12:09:00,376.81,376.81,376.76,376.76,-0.01,126.23,47024.6,-1
2026-06-01,2026-06-01 12:10:00,376.76,376.76,376.72,376.72,-0.01,126.23,47024.6,-1
2026-06-01,2026-06-01 12:11:00,376.72,376.72,376.67,376.67,-0.01,126.23,47024.6,-1
2026-06-01,2026-06-01 12:12:00,376.67,376.67,376.62,376.62,-0.01,126.23,47024.6,-1
2026-06-01,2026-06-01 12:13:00,376.62,376.62,376.58,376.58,-0.01,126.23,47024.6,-1
2026-06-01,2026-06-01 12:14:00,376.58,376.58,376.53,376.53,-0.01,126.23,47024.6,-1
2026-06-01,2026-06-01 12:15:00,376.53,376.53,376.49,376.49,-0.01,126.23,47024.6,-1
2026-06-01,2026-06-01 12:16:00,376.49,376.49,376.44,376.44,-0.01,126.23,47024.6,-1
2026-06-01,2026-06-01 12:17:00,376.44,376.44,376.39,376.39,-0.01,126.23,47024.6,-1
2026-06-01,2026-06-01 12:18:00,376.39,376.39,376.35,376.35,-0.01,126.23,47024.6,-1
2026-06-01,2026-06-01 12:19:00,376.35,376.35,376.3,376.3,-0.01,126.23,47024.6,-1
2026-06-01,2026-06-01 12:20:00,376.3,376.3,376.25,376.25,-0.01,126.23,47024.6,-1
2026-06-01,2026-06-01 12:21:00,376.25,376.25,376.21,376.21,-0.01,126.23,47024.6,-1
2026-06-01,2026-06-01 12:22:00,376.21,376.21,376.16,376.16,-0.01,126.23,47024.6,-1
2026-06-01,2026-06-01 12:23:00,376.16,376.16,376.12,376.12,-0.01,126.23,47024.6,-1
2026-06-01,2026-06-01 12:24:00,376.12,376.12,376.07,376.07,-0.01,126.23,47024.6,-1
2026-06-01,2026-06-01 12:25:00,376.07,376.07,376.02,376.02,-0.01,126.23,47024.6,-1
2026-06-01,2026-06-01 12:26:00,376.02,376.02,375.98,375.98,-0.01,126.23,47024.6,-1
2026-06-01,2026-06-01 12:27:00,375.98,375.98,375.93,375.93,-0.01,126.23,47024.6,-1
2026-06-01,2026-06-01 12:28:00,375.93,375.93,375.88,375.88,-0.01,126.23,47024.6,-1
2026-06-01,2026-06-01 12:29:00,375.88,375.88,375.84,375.84,-0.01,126.23,47024.6,-1
2026-06-01,2026-06-01 12:30:00,375.84,375.84,375.79,375.79,-0.01,126.23,47024.6,-1
2026-06-01,2026-06-01 12:31:00,375.79,375.79,375.75,375.75,-0.01,126.23,47024.6,-1
2026-06-01,2026-06-01 12:32:00,375.75,375.75,375.7,375.7,-0.01,126.23,47024.6,-1
2026-06-01,2026-06-01 12:33:00,375.7,375.7,375.65,375.65,-0.01,126.23,47024.6,-1
2026-06-01,2026-06-01 12:34:00,375.65,375.65,375.61,375.61,-0.01,126.23,47024.6,-1
2026-06-01,2026-06-01 12:35:00,375.61,375.61,375.56,375.56,-0.01,126.23,47024.6,-1
2026-06-01,2026-06-01 12:36:00,375.56,375.56,375.51,375.51,-0.01,126.23,47024.6,-1
2026-06-01,2026-06-01 12:37:00,375.51,375.51,375.47,375.47,-0.01,126.23,47024.6,-1
2026-06-01,2026-06-01 12:38:00,375.47,375.47,375.42,375.42,-0.01,126.23,47024.6,-1
2026-06-01,2026-06-01 12:39:00,375.42,375.42,375.38,375.38,-0.01,126.23,47024.6,-1
2026-06-01,2026-06-01 12:40:00,375.38,375.38,375.33,375.33,-0.01,126.23,47024.6,-1
2026-06-01,2026-06-01 12:41:00,375.33,375.33,375.28,375.28,-0.01,126.23,47024.6,-1
2026-06-01,2026-06-01 12:42:00,375.28,375.28,375.24,375.24,-0.01,126.23,47024.6,-1
2026-06-01,2026-06-01 12:43:00,375.24,375.24,375.19,375.19,-0.01,126.23,47024.6,-1
2026-06-01,2026-06-01 12:44:00,375.19,375.19,375.14,375.14,-0.01,126.23,47024.6,-1
2026-06-01,2026-06-01 12:45:00,375.14,375.14,375.1,375.1,-0.01,126.23,47024.6,-1
2026-06-01,2026-06-01 12:46:00,375.1,375.1,375.05,375.05,-0.01,126.23,47024.6,-1
2026-06-01,2026-06-01 12:47:00,375.05,375.05,375.0,375.0,-0.01,126.23,47024.6,-1
2026-06-01,2026-06-01 12:48:00,375.0,375.0,374.96,374.96,-0.01,126.23,47024.6,-1
2026-06-01,2026-06-01 12:49:00,374.96,374.96,374.91,374.91,-0.01,126.23,47024.6,-1
2026-06-01,2026-06-01 12:50:00,374.91,374.91,374.87,374.87,-0.01,126.23,47024.6,-1
2026-06-01,2026-06-01 12:51:00,374.87,374.87,374.82,374.82,-0.01,126.23,47024.6,-1
2026-06-01,2026-06-01 12:52:00,374.82,374.82,374.77,374.77,-0.01,126.23,47024.6,-1
2026-06-01,2026-06-01 12:53:00,374.77,374.77,374.73,374.73,-0.01,126.23,47024.6,-1
2026-06-01,2026-06-01 12:54:00,374.73,374.73,374.68,374.68,-0.01,126.23,47024.6,-1
2026-06-01,2026-06-01 12:55:00,374.68,374.68,374.63,374.63,-0.01,126.23,47024.6,-1
2026-06-01,2026-06-01 12:56:00,374.63,374.63,374.59,374.59,-0.01,126.23,47024.6,-1
2026-06-01,2026-06-01 12:57:00,374.59,374.59,374.54,374.54,-0.01,126.23,47024.6,-1
2026-06-01,2026-06-01 12:58:00,374.54,374.54,374.5,374.5,-0.01,126.23,47024.6,-1
2026-06-01,2026-06-01 12:59:00,374.5,374.5,374.45,374.45,-0.01,126.23,47024.6,-1
2026-06-01,2026-06-01 13:00:00,374.45,380.0,366.0,374.4,-0.01,126.23,47024.6,-1
2026-06-01,2026-06-01 13:01:00,374.4,374.4,374.36,374.36,-0.01,126.23,47024.6,-1
2026-06-01,2026-06-01 13:02:00,374.36,374.36,374.31,374.31,-0.01,126.23,47024.6,-1
2026-06-01,2026-06-01 13:03:00,374.31,374.31,374.26,374.26,-0.01,126.23,47024.6,-1
2026-06-01,2026-06-01 13:04:00,374.26,374.26,374.22,374.22,-0.01,126.23,47024.6,-1
2026-06-01,2026-06-01 13:05:00,374.22,374.22,374.17,374.17,-0.01,126.23,47024.6,-1
2026-06-01,2026-06-01 13:06:00,374.17,374.17,374.13,374.13,-0.01,126.23,47024.6,-1
2026-06-01,2026-06-01 13:07:00,374.13,374.13,374.08,374.08,-0.01,126.23,47024.6,-1
2026-06-01,2026-06-01 13:08:00,374.08,374.08,374.03,374.03,-0.01,126.23,47024.6,-1
2026-06-01,2026-06-01 13:09:00,374.03,374.03,373.99,373.99,-0.01,126.23,47024.6,-1
2026-06-01,2026-06-01 13:10:00,373.99,373.99,373.94,373.94,-0.01,126.23,47024.6,-1
2026-06-01,2026-06-01 13:11:00,373.94,373.94,373.89,373.89,-0.01,126.23,47024.6,-1
2026-06-01,2026-06-01 13:12:00,373.89,373.89,373.85,373.85,-0.01,126.23,47024.6,-1
2026-06-01,2026-06-01 13:13:00,373.85,373.85,373.8,373.8,-0.01,126.23,47024.6,-1
2026-06-01,2026-06-01 13:14:00,373.8,373.8,373.76,373.76,-0.01,126.23,47024.6,-1
2026-06-01,2026-06-01 13:15:00,373.76,373.76,373.71,373.71,-0.01,126.23,47024.6,-1
2026-06-01,2026-06-01 13:16:00,373.71,373.71,373.66,373.66,-0.01,126.23,47024.6,-1
2026-06-01,2026-06-01 13:17:00,373.66,373.66,373.62,373.62,-0.01,126.23,47024.6,-1
2026-06-01,2026-06-01 13:18:00,373.62,373.62,373.57,373.57,-0.01,126.23,47024.6,-1
2026-06-01,2026-06-01 13:19:00,373.57,373.57,373.52,373.52,-0.01,126.23,47024.6,-1
2026-06-01,2026-06-01 13:20:00,373.52,373.52,373.48,373.48,-0.01,126.23,47024.6,-1
2026-06-01,2026-06-01 13:21:00,373.48,373.48,373.43,373.43,-0.01,126.23,47024.6,-1
2026-06-01,2026-06-01 13:22:00,373.43,373.43,373.39,373.39,-0.01,126.23,47024.6,-1
2026-06-01,2026-06-01 13:23:00,373.39,373.39,373.34,373.34,-0.01,126.23,47024.6,-1
2026-06-01,2026-06-01 13:24:00,373.34,373.34,373.29,373.29,-0.01,126.23,47024.6,-1
2026-06-01,2026-06-01 13:25:00,373.29,373.29,373.25,373.25,-0.01,126.23,47024.6,-1
2026-06-01,2026-06-01 13:26:00,373.25,373.25,373.2,373.2,-0.01,126.23,47024.6,-1
2026-06-01,2026-06-01 13:27:00,373.2,373.2,373.15,373.15,-0.01,126.23,47024.6,-1
2026-06-01,2026-06-01 13:28:00,373.15,373.15,373.11,373.11,-0.01,126.23,47024.6,-1
2026-06-01,2026-06-01 13:29:00,373.11,373.11,373.06,373.06,-0.01,126.23,47024.6,-1
2026-06-01,2026-06-01 13:30:00,373.06,373.06,373.02,373.02,-0.01,126.23,47024.6,-1
2026-06-01,2026-06-01 13:31:00,373.02,373.02,372.97,372.97,-0.01,126.23,47024.6,-1
2026-06-01,2026-06-01 13:32:00,372.97,372.97,372.92,372.92,-0.01,126.23,47024.6,-1
2026-06-01,2026-06-01 13:33:00,372.92,372.92,372.88,372.88,-0.01,126.23,47024.6,-1
2026-06-01,2026-06-01 13:34:00,372.88,372.88,372.83,372.83,-0.01,126.23,47024.6,-1
2026-06-01,2026-06-01 13:35:00,372.83,372.83,372.78,372.78,-0.01,126.23,47024.6,-1
2026-06-01,2026-06-01 13:36:00,372.78,372.78,372.74,372.74,-0.01,126.23,47024.6,-1
2026-06-01,2026-06-01 13:37:00,372.74,372.74,372.69,372.69,-0.01,126.23,47024.6,-1
2026-06-01,2026-06-01 13:38:00,372.69,372.69,372.65,372.65,-0.01,126.23,47024.6,-1
2026-06-01,2026-06-01 13:39:00,372.65,372.65,372.6,372.6,-0.01,126.23,47024.6,-1
2026-06-01,2026-06-01 13:40:00,372.6,372.6,372.55,372.55,-0.01,126.23,47024.6,-1
2026-06-01,2026-06-01 13:41:00,372.55,372.55,372.51,372.51,-0.01,126.23,47024.6,-1
2026-06-01,2026-06-01 13:42:00,372.51,372.51,372.46,372.46,-0.01,126.23,47024.6,-1
2026-06-01,2026-06-01 13:43:00,372.46,372.46,372.41,372.41,-0.01,126.23,47024.6,-1
2026-06-01,2026-06-01 13:44:00,372.41,372.41,372.37,372.37,-0.01,126.23,47024.6,-1
2026-06-01,2026-06-01 13:45:00,372.37,372.37,372.32,372.32,-0.01,126.23,47024.6,-1
2026-06-01,2026-06-01 13:46:00,372.32,372.32,372.28,372.28,-0.01,126.23,47024.6,-1
2026-06-01,2026-06-01 13:47:00,372.28,372.28,372.23,372.23,-0.01,126.23,47024.6,-1
2026-06-01,2026-06-01 13:48:00,372.23,372.23,372.18,372.18,-0.01,126.23,47024.6,-1
2026-06-01,2026-06-01 13:49:00,372.18,372.18,372.14,372.14,-0.01,126.23,47024.6,-1
2026-06-01,2026-06-01 13:50:00,372.14,372.14,372.09,372.09,-0.01,126.23,47024.6,-1
2026-06-01,2026-06-01 13:51:00,372.09,372.09,372.04,372.04,-0.01,126.23,47024.6,-1
2026-06-01,2026-06-01 13:52:00,372.04,372.04,372.0,372.0,-0.01,126.23,47024.6,-1
2026-06-01,2026-06-01 13:53:00,372.0,372.0,371.95,371.95,-0.01,126.23,47024.6,-1
2026-06-01,2026-06-01 13:54:00,371.95,371.95,371.91,371.91,-0.01,126.23,47024.6,-1
2026-06-01,2026-06-01 13:55:00,371.91,371.91,371.86,371.86,-0.01,126.23,47024.6,-1
2026-06-01,2026-06-01 13:56:00,371.86,371.86,371.81,371.81,-0.01,126.23,47024.6,-1
2026-06-01,2026-06-01 13:57:00,371.81,371.81,371.77,371.77,-0.01,126.23,47024.6,-1
2026-06-01,2026-06-01 13:58:00,371.77,371.77,371.72,371.72,-0.01,126.23,47024.6,-1
2026-06-01,2026-06-01 13:59:00,371.72,371.72,371.67,371.67,-0.01,126.23,47024.6,-1
2026-06-01,2026-06-01 14:00:00,371.67,371.67,371.63,371.63,-0.01,126.23,47024.6,-1
2026-06-01,2026-06-01 14:01:00,371.63,371.63,371.58,371.58,-0.01,126.23,47024.6,-1
2026-06-01,2026-06-01 14:02:00,371.58,371.58,371.54,371.54,-0.01,126.23,47024.6,-1
2026-06-01,2026-06-01 14:03:00,371.54,371.54,371.49,371.49,-0.01,126.23,47024.6,-1
2026-06-01,2026-06-01 14:04:00,371.49,371.49,371.44,371.44,-0.01,126.23,47024.6,-1
2026-06-01,2026-06-01 14:05:00,371.44,371.44,371.4,371.4,-0.01,126.23,47024.6,-1
2026-06-01,2026-06-01 14:06:00,371.4,371.4,371.35,371.35,-0.01,126.23,47024.6,-1
2026-06-01,2026-06-01 14:07:00,371.35,371.35,371.31,371.31,-0.01,126.23,47024.6,-1
2026-06-01,2026-06-01 14:08:00,371.31,371.31,371.26,371.26,-0.01,126.23,47024.6,-1
2026-06-01,2026-06-01 14:09:00,371.26,371.26,371.21,371.21,-0.01,126.23,47024.6,-1
2026-06-01,2026-06-01 14:10:00,371.21,371.21,371.17,371.17,-0.01,126.23,47024.6,-1
2026-06-01,2026-06-01 14:11:00,371.17,371.17,371.12,371.12,-0.01,126.23,47024.6,-1
2026-06-01,2026-06-01 14:12:00,371.12,371.12,371.07,371.07,-0.01,126.23,47024.6,-1
2026-06-01,2026-06-01 14:13:00,371.07,371.07,371.03,371.03,-0.01,126.23,47024.6,-1
2026-06-01,2026-06-01 14:14:00,371.03,371.03,370.98,370.98,-0.01,126.23,47024.6,-1
2026-06-01,2026-06-01 14:15:00,370.98,370.98,370.94,370.94,-0.01,126.23,47024.6,-1
2026-06-01,2026-06-01 14:16:00,370.94,370.94,370.89,370.89,-0.01,126.23,47024.6,-1
2026-06-01,2026-06-01 14:17:00,370.89,370.89,370.84,370.84,-0.01,126.23,47024.6,-1
2026-06-01,2026-06-01 14:18:00,370.84,370.84,370.8,370.8,-0.01,126.23,47024.6,-1
2026-06-01,2026-06-01 14:19:00,370.8,370.8,370.75,370.75,-0.01,126.23,47024.6,-1
2026-06-01,2026-06-01 14:20:00,370.75,370.75,370.7,370.7,-0.01,126.23,47024.6,-1
2026-06-01,2026-06-01 14:21:00,370.7,370.7,370.66,370.66,-0.01,126.23,47024.6,-1
2026-06-01,2026-06-01 14:22:00,370.66,370.66,370.61,370.61,-0.01,126.23,47024.6,-1
2026-06-01,2026-06-01 14:23:00,370.61,370.61,370.56,370.56,-0.01,126.23,47024.6,-1
2026-06-01,2026-06-01 14:24:00,370.56,370.56,370.52,370.52,-0.01,126.23,47024.6,-1
2026-06-01,2026-06-01 14:25:00,370.52,370.52,370.47,370.47,-0.01,126.23,47024.6,-1
2026-06-01,2026-06-01 14:26:00,370.47,370.47,370.43,370.43,-0.01,126.23,47024.6,-1
2026-06-01,2026-06-01 14:27:00,370.43,370.43,370.38,370.38,-0.01,126.23,47024.6,-1
2026-06-01,2026-06-01 14:28:00,370.38,370.38,370.33,370.33,-0.01,126.23,47024.6,-1
2026-06-01,2026-06-01 14:29:00,370.33,370.33,370.29,370.29,-0.01,126.23,47024.6,-1
2026-06-01,2026-06-01 14:30:00,370.29,370.29,370.24,370.24,-0.01,126.23,47024.6,-1
2026-06-01,2026-06-01 14:31:00,370.24,370.24,370.19,370.19,-0.01,126.23,47024.6,-1
2026-06-01,2026-06-01 14:32:00,370.19,370.19,370.15,370.15,-0.01,126.23,47024.6,-1
2026-06-01,2026-06-01 14:33:00,370.15,370.15,370.1,370.1,-0.01,126.23,47024.6,-1
2026-06-01,2026-06-01 14:34:00,370.1,370.1,370.06,370.06,-0.01,126.23,47024.6,-1
2026-06-01,2026-06-01 14:35:00,370.06,370.06,370.01,370.01,-0.01,126.23,47024.6,-1
2026-06-01,2026-06-01 14:36:00,370.01,370.01,369.96,369.96,-0.01,126.23,47024.6,-1
2026-06-01,2026-06-01 14:37:00,369.96,369.96,369.92,369.92,-0.01,126.23,47024.6,-1
2026-06-01,2026-06-01 14:38:00,369.92,369.92,369.87,369.87,-0.01,126.23,47024.6,-1
2026-06-01,2026-06-01 14:39:00,369.87,369.87,369.82,369.82,-0.01,126.23,47024.6,-1
2026-06-01,2026-06-01 14:40:00,369.82,369.82,369.78,369.78,-0.01,126.23,47024.6,-1
2026-06-01,2026-06-01 14:41:00,369.78,369.78,369.73,369.73,-0.01,126.23,47024.6,-1
2026-06-01,2026-06-01 14:42:00,369.73,369.73,369.69,369.69,-0.01,126.23,47024.6,-1
2026-06-01,2026-06-01 14:43:00,369.69,369.69,369.64,369.64,-0.01,126.23,47024.6,-1
2026-06-01,2026-06-01 14:44:00,369.64,369.64,369.59,369.59,-0.01,126.23,47024.6,-1
2026-06-01,2026-06-01 14:45:00,369.59,369.59,369.55,369.55,-0.01,126.23,47024.6,-1
2026-06-01,2026-06-01 14:46:00,369.55,369.55,369.5,369.5,-0.01,126.23,47024.6,-1
2026-06-01,2026-06-01 14:47:00,369.5,369.5,369.45,369.45,-0.01,126.23,47024.6,-1
2026-06-01,2026-06-01 14:48:00,369.45,369.45,369.41,369.41,-0.01,126.23,47024.6,-1
2026-06-01,2026-06-01 14:49:00,369.41,369.41,369.36,369.36,-0.01,126.23,47024.6,-1
2026-06-01,2026-06-01 14:50:00,369.36,369.36,369.32,369.32,-0.01,126.23,47024.6,-1
2026-06-01,2026-06-01 14:51:00,369.32,369.32,369.27,369.27,-0.01,126.23,47024.6,-1
2026-06-01,2026-06-01 14:52:00,369.27,369.27,369.22,369.22,-0.01,126.23,47024.6,-1
2026-06-01,2026-06-01 14:53:00,369.22,369.22,369.18,369.18,-0.01,126.23,47024.6,-1
2026-06-01,2026-06-01 14:54:00,369.18,369.18,369.13,369.13,-0.01,126.23,47024.6,-1
2026-06-01,2026-06-01 14:55:00,369.13,369.13,369.08,369.08,-0.01,126.23,47024.6,-1
2026-06-01,2026-06-01 14:56:00,369.08,369.08,369.04,369.04,-0.01,126.23,47024.6,-1
2026-06-01,2026-06-01 14:57:00,369.04,369.04,368.99,368.99,-0.01,126.23,47024.6,-1
2026-06-01,2026-06-01 14:58:00,368.99,368.99,368.95,368.95,-0.01,126.23,47024.6,-1
2026-06-01,2026-06-01 14:59:00,368.95,368.95,368.9,368.9,-0.01,126.23,47024.6,-1
2026-06-01,2026-06-01 15:00:00,368.9,380.0,366.0,368.9,0.0,126.23,47024.6,0
2026-06-02,2026-06-02 11:00:00,387.3,387.3,380.7,387.23,-0.02,55.18,20344.69,-1
2026-06-02,2026-06-02 11:01:00,387.23,387.23,387.16,387.16,-0.02,55.18,20344.69,-1
2026-06-02,2026-06-02 11:02:00,387.16,387.16,387.08,387.08,-0.02,55.18,20344.69,-1
2026-06-02,2026-06-02 11:03:00,387.08,387.08,387.01,387.01,-0.02,55.18,20344.69,-1
2026-06-02,2026-06-02 11:04:00,387.01,387.01,386.94,386.94,-0.02,55.18,20344.69,-1
2026-06-02,2026-06-02 11:05:00,386.94,386.94,386.87,386.87,-0.02,55.18,20344.69,-1
2026-06-02,2026-06-02 11:06:00,386.87,386.87,386.8,386.8,-0.02,55.18,20344.69,-1
2026-06-02,2026-06-02 11:07:00,386.8,386.8,386.72,386.72,-0.02,55.18,20344.69,-1
2026-06-02,2026-06-02 11:08:00,386.72,386.72,386.65,386.65,-0.02,55.18,20344.69,-1
2026-06-02,2026-06-02 11:09:00,386.65,386.65,386.58,386.58,-0.02,55.18,20344.69,-1
2026-06-02,2026-06-02 11:10:00,386.58,386.58,386.51,386.51,-0.02,55.18,20344.69,-1
2026-06-02,2026-06-02 11:11:00,386.51,386.51,386.44,386.44,-0.02,55.18,20344.69,-1
2026-06-02,2026-06-02 11:12:00,386.44,386.44,386.36,386.36,-0.02,55.18,20344.69,-1
2026-06-02,2026-06-02 11:13:00,386.36,386.36,386.29,386.29,-0.02,55.18,20344.69,-1
2026-06-02,2026-06-02 11:14:00,386.29,386.29,386.22,386.22,-0.02,55.18,20344.69,-1
2026-06-02,2026-06-02 11:15:00,386.22,386.22,386.15,386.15,-0.02,55.18,20344.69,-1
2026-06-02,2026-06-02 11:16:00,386.15,386.15,386.07,386.07,-0.02,55.18,20344.69,-1
2026-06-02,2026-06-02 11:17:00,386.07,386.07,386.0,386.0,-0.02,55.18,20344.69,-1
2026-06-02,2026-06-02 11:18:00,386.0,386.0,385.93,385.93,-0.02,55.18,20344.69,-1
2026-06-02,2026-06-02 11:19:00,385.93,385.93,385.86,385.86,-0.02,55.18,20344.69,-1
2026-06-02,2026-06-02 11:20:00,385.86,385.86,385.79,385.79,-0.02,55.18,20344.69,-1
2026-06-02,2026-06-02 11:21:00,385.79,385.79,385.71,385.71,-0.02,55.18,20344.69,-1
2026-06-02,2026-06-02 11:22:00,385.71,385.71,385.64,385.64,-0.02,55.18,20344.69,-1
2026-06-02,2026-06-02 11:23:00,385.64,385.64,385.57,385.57,-0.02,55.18,20344.69,-1
2026-06-02,2026-06-02 11:24:00,385.57,385.57,385.5,385.5,-0.02,55.18,20344.69,-1
2026-06-02,2026-06-02 11:25:00,385.5,385.5,385.43,385.43,-0.02,55.18,20344.69,-1
2026-06-02,2026-06-02 11:26:00,385.43,385.43,385.35,385.35,-0.02,55.18,20344.69,-1
2026-06-02,2026-06-02 11:27:00,385.35,385.35,385.28,385.28,-0.02,55.18,20344.69,-1
2026-06-02,2026-06-02 11:28:00,385.28,385.28,385.21,385.21,-0.02,55.18,20344.69,-1
2026-06-02,2026-06-02 11:29:00,385.21,385.21,385.14,385.14,-0.02,55.18,20344.69,-1
2026-06-02,2026-06-02 11:30:00,385.14,385.14,385.07,385.07,-0.02,55.18,20344.69,-1
2026-06-02,2026-06-02 11:31:00,385.07,385.07,384.99,384.99,-0.02,55.18,20344.69,-1
2026-06-02,2026-06-02 11:32:00,384.99,384.99,384.92,384.92,-0.02,55.18,20344.69,-1
2026-06-02,2026-06-02 11:33:00,384.92,384.92,384.85,384.85,-0.02,55.18,20344.69,-1
2026-06-02,2026-06-02 11:34:00,384.85,384.85,384.78,384.78,-0.02,55.18,20344.69,-1
2026-06-02,2026-06-02 11:35:00,384.78,384.78,384.7,384.7,-0.02,55.18,20344.69,-1
2026-06-02,2026-06-02 11:36:00,384.7,384.7,384.63,384.63,-0.02,55.18,20344.69,-1
2026-06-02,2026-06-02 11:37:00,384.63,384.63,384.56,384.56,-0.02,55.18,20344.69,-1
2026-06-02,2026-06-02 11:38:00,384.56,384.56,384.49,384.49,-0.02,55.18,20344.69,-1
2026-06-02,2026-06-02 11:39:00,384.49,384.49,384.42,384.42,-0.02,55.18,20344.69,-1
2026-06-02,2026-06-02 11:40:00,384.42,384.42,384.34,384.34,-0.02,55.18,20344.69,-1
2026-06-02,2026-06-02 11:41:00,384.34,384.34,384.27,384.27,-0.02,55.18,20344.69,-1
2026-06-02,2026-06-02 11:42:00,384.27,384.27,384.2,384.2,-0.02,55.18,20344.69,-1
2026-06-02,2026-06-02 11:43:00,384.2,384.2,384.13,384.13,-0.02,55.18,20344.69,-1
2026-06-02,2026-06-02 11:44:00,384.13,384.13,384.06,384.06,-0.02,55.18,20344.69,-1
2026-06-02,2026-06-02 11:45:00,384.06,384.06,383.98,383.98,-0.02,55.18,20344.69,-1
2026-06-02,2026-06-02 11:46:00,383.98,383.98,383.91,383.91,-0.02,55.18,20344.69,-1
2026-06-02,2026-06-02 11:47:00,383.91,383.91,383.84,383.84,-0.02,55.18,20344.69,-1
2026-06-02,2026-06-02 11:48:00,383.84,383.84,383.77,383.77,-0.02,55.18,20344.69,-1
2026-06-02,2026-06-02 11:49:00,383.77,383.77,383.7,383.7,-0.02,55.18,20344.69,-1
2026-06-02,2026-06-02 11:50:00,383.7,383.7,383.62,383.62,-0.02,55.18,20344.69,-1
2026-06-02,2026-06-02 11:51:00,383.62,383.62,383.55,383.55,-0.02,55.18,20344.69,-1
2026-06-02,2026-06-02 11:52:00,383.55,383.55,383.48,383.48,-0.02,55.18,20344.69,-1
2026-06-02,2026-06-02 11:53:00,383.48,383.48,383.41,383.41,-0.02,55.18,20344.69,-1
2026-06-02,2026-06-02 11:54:00,383.41,383.41,383.34,383.34,-0.02,55.18,20344.69,-1
2026-06-02,2026-06-02 11:55:00,383.34,383.34,383.26,383.26,-0.02,55.18,20344.69,-1
2026-06-02,2026-06-02 11:56:00,383.26,383.26,383.19,383.19,-0.02,55.18,20344.69,-1
2026-06-02,2026-06-02 11:57:00,383.19,383.19,383.12,383.12,-0.02,55.18,20344.69,-1
2026-06-02,2026-06-02 11:58:00,383.12,383.12,383.05,383.05,-0.02,55.18,20344.69,-1
2026-06-02,2026-06-02 11:59:00,383.05,383.05,382.98,382.98,-0.02,55.18,20344.69,-1
2026-06-02,2026-06-02 12:00:00,382.98,382.98,382.9,382.9,-0.02,55.18,20344.69,-1
2026-06-02,2026-06-02 12:01:00,382.9,382.9,382.83,382.83,-0.02,55.18,20344.69,-1
2026-06-02,2026-06-02 12:02:00,382.83,382.83,382.76,382.76,-0.02,55.18,20344.69,-1
2026-06-02,2026-06-02 12:03:00,382.76,382.76,382.69,382.69,-0.02,55.18,20344.69,-1
2026-06-02,2026-06-02 12:04:00,382.69,382.69,382.61,382.61,-0.02,55.18,20344.69,-1
2026-06-02,2026-06-02 12:05:00,382.61,382.61,382.54,382.54,-0.02,55.18,20344.69,-1
2026-06-02,2026-06-02 12:06:00,382.54,382.54,382.47,382.47,-0.02,55.18,20344.69,-1
2026-06-02,2026-06-02 12:07:00,382.47,382.47,382.4,382.4,-0.02,55.18,20344.69,-1
2026-06-02,2026-06-02 12:08:00,382.4,382.4,382.33,382.33,-0.02,55.18,20344.69,-1
2026-06-02,2026-06-02 12:09:00,382.33,382.33,382.25,382.25,-0.02,55.18,20344.69,-1
2026-06-02,2026-06-02 12:10:00,382.25,382.25,382.18,382.18,-0.02,55.18,20344.69,-1
2026-06-02,2026-06-02 12:11:00,382.18,382.18,382.11,382.11,-0.02,55.18,20344.69,-1
2026-06-02,2026-06-02 12:12:00,382.11,382.11,382.04,382.04,-0.02,55.18,20344.69,-1
2026-06-02,2026-06-02 12:13:00,382.04,382.04,381.97,381.97,-0.02,55.18,20344.69,-1
2026-06-02,2026-06-02 12:14:00,381.97,381.97,381.89,381.89,-0.02,55.18,20344.69,-1
2026-06-02,2026-06-02 12:15:00,381.89,381.89,381.82,381.82,-0.02,55.18,20344.69,-1
2026-06-02,2026-06-02 12:16:00,381.82,381.82,381.75,381.75,-0.02,55.18,20344.69,-1
2026-06-02,2026-06-02 12:17:00,381.75,381.75,381.68,381.68,-0.02,55.18,20344.69,-1
2026-06-02,2026-06-02 12:18:00,381.68,381.68,381.61,381.61,-0.02,55.18,20344.69,-1
2026-06-02,2026-06-02 12:19:00,381.61,381.61,381.53,381.53,-0.02,55.18,20344.69,-1
2026-06-02,2026-06-02 12:20:00,381.53,381.53,381.46,381.46,-0.02,55.18,20344.69,-1
2026-06-02,2026-06-02 12:21:00,381.46,381.46,381.39,381.39,-0.02,55.18,20344.69,-1
2026-06-02,2026-06-02 12:22:00,381.39,381.39,381.32,381.32,-0.02,55.18,20344.69,-1
2026-06-02,2026-06-02 12:23:00,381.32,381.32,381.25,381.25,-0.02,55.18,20344.69,-1
2026-06-02,2026-06-02 12:24:00,381.25,381.25,381.17,381.17,-0.02,55.18,20344.69,-1
2026-06-02,2026-06-02 12:25:00,381.17,381.17,381.1,381.1,-0.02,55.18,20344.69,-1
2026-06-02,2026-06-02 12:26:00,381.1,381.1,381.03,381.03,-0.02,55.18,20344.69,-1
2026-06-02,2026-06-02 12:27:00,381.03,381.03,380.96,380.96,-0.02,55.18,20344.69,-1
2026-06-02,2026-06-02 12:28:00,380.96,380.96,380.88,380.88,-0.02,55.18,20344.69,-1
2026-06-02,2026-06-02 12:29:00,380.88,380.88,380.81,380.81,-0.02,55.18,20344.69,-1
2026-06-02,2026-06-02 12:30:00,380.81,380.81,380.74,380.74,-0.02,55.18,20344.69,-1
2026-06-02,2026-06-02 12:31:00,380.74,380.74,380.67,380.67,-0.02,55.18,20344.69,-1
2026-06-02,2026-06-02 12:32:00,380.67,380.67,380.6,380.6,-0.02,55.18,20344.69,-1
2026-06-02,2026-06-02 12:33:00,380.6,380.6,380.52,380.52,-0.02,55.18,20344.69,-1
2026-06-02,2026-06-02 12:34:00,380.52,380.52,380.45,380.45,-0.02,55.18,20344.69,-1
2026-06-02,2026-06-02 12:35:00,380.45,380.45,380.38,380.38,-0.02,55.18,20344.69,-1
2026-06-02,2026-06-02 12:36:00,380.38,380.38,380.31,380.31,-0.02,55.18,20344.69,-1
2026-06-02,2026-06-02 12:37:00,380.31,380.31,380.24,380.24,-0.02,55.18,20344.69,-1
2026-06-02,2026-06-02 12:38:00,380.24,380.24,380.16,380.16,-0.02,55.18,20344.69,-1
2026-06-02,2026-06-02 12:39:00,380.16,380.16,380.09,380.09,-0.02,55.18,20344.69,-1
2026-06-02,2026-06-02 12:40:00,380.09,380.09,380.02,380.02,-0.02,55.18,20344.69,-1
2026-06-02,2026-06-02 12:41:00,380.02,380.02,379.95,379.95,-0.02,55.18,20344.69,-1
2026-06-02,2026-06-02 12:42:00,379.95,379.95,379.88,379.88,-0.02,55.18,20344.69,-1
2026-06-02,2026-06-02 12:43:00,379.88,379.88,379.8,379.8,-0.02,55.18,20344.69,-1
2026-06-02,2026-06-02 12:44:00,379.8,379.8,379.73,379.73,-0.02,55.18,20344.69,-1
2026-06-02,2026-06-02 12:45:00,379.73,379.73,379.66,379.66,-0.02,55.18,20344.69,-1
2026-06-02,2026-06-02 12:46:00,379.66,379.66,379.59,379.59,-0.02,55.18,20344.69,-1
2026-06-02,2026-06-02 12:47:00,379.59,379.59,379.51,379.51,-0.02,55.18,20344.69,-1
2026-06-02,2026-06-02 12:48:00,379.51,379.51,379.44,379.44,-0.02,55.18,20344.69,-1
2026-06-02,2026-06-02 12:49:00,379.44,379.44,379.37,379.37,-0.02,55.18,20344.69,-1
2026-06-02,2026-06-02 12:50:00,379.37,379.37,379.3,379.3,-0.02,55.18,20344.69,-1
2026-06-02,2026-06-02 12:51:00,379.3,379.3,379.23,379.23,-0.02,55.18,20344.69,-1
2026-06-02,2026-06-02 12:52:00,379.23,379.23,379.15,379.15,-0.02,55.18,20344.69,-1
2026-06-02,2026-06-02 12:53:00,379.15,379.15,379.08,379.08,-0.02,55.18,20344.69,-1
2026-06-02,2026-06-02 12:54:00,379.08,379.08,379.01,379.01,-0.02,55.18,20344.69,-1
2026-06-02,2026-06-02 12:55:00,379.01,379.01,378.94,378.94,-0.02,55.18,20344.69,-1
2026-06-02,2026-06-02 12:56:00,378.94,378.94,378.87,378.87,-0.02,55.18,20344.69,-1
2026-06-02,2026-06-02 12:57:00,378.87,378.87,378.79,378.79,-0.02,55.18,20344.69,-1
2026-06-02,2026-06-02 12:58:00,378.79,378.79,378.72,378.72,-0.02,55.18,20344.69,-1
2026-06-02,2026-06-02 12:59:00,378.72,378.72,378.65,378.65,-0.02,55.18,20344.69,-1
2026-06-02,2026-06-02 13:00:00,378.65,387.3,365.3,378.58,-0.02,55.18,20344.69,-1
2026-06-02,2026-06-02 13:01:00,378.58,378.58,378.51,378.51,-0.02,55.18,20344.69,-1
2026-06-02,2026-06-02 13:02:00,378.51,378.51,378.43,378.43,-0.02,55.18,20344.69,-1
2026-06-02,2026-06-02 13:03:00,378.43,378.43,378.36,378.36,-0.02,55.18,20344.69,-1
2026-06-02,2026-06-02 13:04:00,378.36,378.36,378.29,378.29,-0.02,55.18,20344.69,-1
2026-06-02,2026-06-02 13:05:00,378.29,378.29,378.22,378.22,-0.02,55.18,20344.69,-1
2026-06-02,2026-06-02 13:06:00,378.22,378.22,378.15,378.15,-0.02,55.18,20344.69,-1
2026-06-02,2026-06-02 13:07:00,378.15,378.15,378.07,378.07,-0.02,55.18,20344.69,-1
2026-06-02,2026-06-02 13:08:00,378.07,378.07,378.0,378.0,-0.02,55.18,20344.69,-1
2026-06-02,2026-06-02 13:09:00,378.0,378.0,377.93,377.93,-0.02,55.18,20344.69,-1
2026-06-02,2026-06-02 13:10:00,377.93,377.93,377.86,377.86,-0.02,55.18,20344.69,-1
2026-06-02,2026-06-02 13:11:00,377.86,377.86,377.79,377.79,-0.02,55.18,20344.69,-1
2026-06-02,2026-06-02 13:12:00,377.79,377.79,377.71,377.71,-0.02,55.18,20344.69,-1
2026-06-02,2026-06-02 13:13:00,377.71,377.71,377.64,377.64,-0.02,55.18,20344.69,-1
2026-06-02,2026-06-02 13:14:00,377.64,377.64,377.57,377.57,-0.02,55.18,20344.69,-1
2026-06-02,2026-06-02 13:15:00,377.57,377.57,377.5,377.5,-0.02,55.18,20344.69,-1
2026-06-02,2026-06-02 13:16:00,377.5,377.5,377.42,377.42,-0.02,55.18,20344.69,-1
2026-06-02,2026-06-02 13:17:00,377.42,377.42,377.35,377.35,-0.02,55.18,20344.69,-1
2026-06-02,2026-06-02 13:18:00,377.35,377.35,377.28,377.28,-0.02,55.18,20344.69,-1
2026-06-02,2026-06-02 13:19:00,377.28,377.28,377.21,377.21,-0.02,55.18,20344.69,-1
2026-06-02,2026-06-02 13:20:00,377.21,377.21,377.14,377.14,-0.02,55.18,20344.69,-1
2026-06-02,2026-06-02 13:21:00,377.14,377.14,377.06,377.06,-0.02,55.18,20344.69,-1
2026-06-02,2026-06-02 13:22:00,377.06,377.06,376.99,376.99,-0.02,55.18,20344.69,-1
2026-06-02,2026-06-02 13:23:00,376.99,376.99,376.92,376.92,-0.02,55.18,20344.69,-1
2026-06-02,2026-06-02 13:24:00,376.92,376.92,376.85,376.85,-0.02,55.18,20344.69,-1
2026-06-02,2026-06-02 13:25:00,376.85,376.85,376.78,376.78,-0.02,55.18,20344.69,-1
2026-06-02,2026-06-02 13:26:00,376.78,376.78,376.7,376.7,-0.02,55.18,20344.69,-1
2026-06-02,2026-06-02 13:27:00,376.7,376.7,376.63,376.63,-0.02,55.18,20344.69,-1
2026-06-02,2026-06-02 13:28:00,376.63,376.63,376.56,376.56,-0.02,55.18,20344.69,-1
2026-06-02,2026-06-02 13:29:00,376.56,376.56,376.49,376.49,-0.02,55.18,20344.69,-1
2026-06-02,2026-06-02 13:30:00,376.49,376.49,376.42,376.42,-0.02,55.18,20344.69,-1
2026-06-02,2026-06-02 13:31:00,376.42,376.42,376.34,376.34,-0.02,55.18,20344.69,-1
2026-06-02,2026-06-02 13:32:00,376.34,376.34,376.27,376.27,-0.02,55.18,20344.69,-1
2026-06-02,2026-06-02 13:33:00,376.27,376.27,376.2,376.2,-0.02,55.18,20344.69,-1
2026-06-02,2026-06-02 13:34:00,376.2,376.2,376.13,376.13,-0.02,55.18,20344.69,-1
2026-06-02,2026-06-02 13:35:00,376.13,376.13,376.06,376.06,-0.02,55.18,20344.69,-1
2026-06-02,2026-06-02 13:36:00,376.06,376.06,375.98,375.98,-0.02,55.18,20344.69,-1
2026-06-02,2026-06-02 13:37:00,375.98,375.98,375.91,375.91,-0.02,55.18,20344.69,-1
2026-06-02,2026-06-02 13:38:00,375.91,375.91,375.84,375.84,-0.02,55.18,20344.69,-1
2026-06-02,2026-06-02 13:39:00,375.84,375.84,375.77,375.77,-0.02,55.18,20344.69,-1
2026-06-02,2026-06-02 13:40:00,375.77,375.77,375.69,375.69,-0.02,55.18,20344.69,-1
2026-06-02,2026-06-02 13:41:00,375.69,375.69,375.62,375.62,-0.02,55.18,20344.69,-1
2026-06-02,2026-06-02 13:42:00,375.62,375.62,375.55,375.55,-0.02,55.18,20344.69,-1
2026-06-02,2026-06-02 13:43:00,375.55,375.55,375.48,375.48,-0.02,55.18,20344.69,-1
2026-06-02,2026-06-02 13:44:00,375.48,375.48,375.41,375.41,-0.02,55.18,20344.69,-1
2026-06-02,2026-06-02 13:45:00,375.41,375.41,375.33,375.33,-0.02,55.18,20344.69,-1
2026-06-02,2026-06-02 13:46:00,375.33,375.33,375.26,375.26,-0.02,55.18,20344.69,-1
2026-06-02,2026-06-02 13:47:00,375.26,375.26,375.19,375.19,-0.02,55.18,20344.69,-1
2026-06-02,2026-06-02 13:48:00,375.19,375.19,375.12,375.12,-0.02,55.18,20344.69,-1
2026-06-02,2026-06-02 13:49:00,375.12,375.12,375.05,375.05,-0.02,55.18,20344.69,-1
2026-06-02,2026-06-02 13:50:00,375.05,375.05,374.97,374.97,-0.02,55.18,20344.69,-1
2026-06-02,2026-06-02 13:51:00,374.97,374.97,374.9,374.9,-0.02,55.18,20344.69,-1
2026-06-02,2026-06-02 13:52:00,374.9,374.9,374.83,374.83,-0.02,55.18,20344.69,-1
2026-06-02,2026-06-02 13:53:00,374.83,374.83,374.76,374.76,-0.02,55.18,20344.69,-1
2026-06-02,2026-06-02 13:54:00,374.76,374.76,374.69,374.69,-0.02,55.18,20344.69,-1
2026-06-02,2026-06-02 13:55:00,374.69,374.69,374.61,374.61,-0.02,55.18,20344.69,-1
2026-06-02,2026-06-02 13:56:00,374.61,374.61,374.54,374.54,-0.02,55.18,20344.69,-1
2026-06-02,2026-06-02 13:57:00,374.54,374.54,374.47,374.47,-0.02,55.18,20344.69,-1
2026-06-02,2026-06-02 13:58:00,374.47,374.47,374.4,374.4,-0.02,55.18,20344.69,-1
2026-06-02,2026-06-02 13:59:00,374.4,374.4,374.32,374.32,-0.02,55.18,20344.69,-1
2026-06-02,2026-06-02 14:00:00,374.32,374.32,374.25,374.25,-0.02,55.18,20344.69,-1
2026-06-02,2026-06-02 14:01:00,374.25,374.25,374.18,374.18,-0.02,55.18,20344.69,-1
2026-06-02,2026-06-02 14:02:00,374.18,374.18,374.11,374.11,-0.02,55.18,20344.69,-1
2026-06-02,2026-06-02 14:03:00,374.11,374.11,374.04,374.04,-0.02,55.18,20344.69,-1
2026-06-02,2026-06-02 14:04:00,374.04,374.04,373.96,373.96,-0.02,55.18,20344.69,-1
2026-06-02,2026-06-02 14:05:00,373.96,373.96,373.89,373.89,-0.02,55.18,20344.69,-1
2026-06-02,2026-06-02 14:06:00,373.89,373.89,373.82,373.82,-0.02,55.18,20344.69,-1
2026-06-02,2026-06-02 14:07:00,373.82,373.82,373.75,373.75,-0.02,55.18,20344.69,-1
2026-06-02,2026-06-02 14:08:00,373.75,373.75,373.68,373.68,-0.02,55.18,20344.69,-1
2026-06-02,2026-06-02 14:09:00,373.68,373.68,373.6,373.6,-0.02,55.18,20344.69,-1
2026-06-02,2026-06-02 14:10:00,373.6,373.6,373.53,373.53,-0.02,55.18,20344.69,-1
2026-06-02,2026-06-02 14:11:00,373.53,373.53,373.46,373.46,-0.02,55.18,20344.69,-1
2026-06-02,2026-06-02 14:12:00,373.46,373.46,373.39,373.39,-0.02,55.18,20344.69,-1
2026-06-02,2026-06-02 14:13:00,373.39,373.39,373.32,373.32,-0.02,55.18,20344.69,-1
2026-06-02,2026-06-02 14:14:00,373.32,373.32,373.24,373.24,-0.02,55.18,20344.69,-1
2026-06-02,2026-06-02 14:15:00,373.24,373.24,373.17,373.17,-0.02,55.18,20344.69,-1
2026-06-02,2026-06-02 14:16:00,373.17,373.17,373.1,373.1,-0.02,55.18,20344.69,-1
2026-06-02,2026-06-02 14:17:00,373.1,373.1,373.03,373.03,-0.02,55.18,20344.69,-1
2026-06-02,2026-06-02 14:18:00,373.03,373.03,372.96,372.96,-0.02,55.18,20344.69,-1
2026-06-02,2026-06-02 14:19:00,372.96,372.96,372.88,372.88,-0.02,55.18,20344.69,-1
2026-06-02,2026-06-02 14:20:00,372.88,372.88,372.81,372.81,-0.02,55.18,20344.69,-1
2026-06-02,2026-06-02 14:21:00,372.81,372.81,372.74,372.74,-0.02,55.18,20344.69,-1
2026-06-02,2026-06-02 14:22:00,372.74,372.74,372.67,372.67,-0.02,55.18,20344.69,-1
2026-06-02,2026-06-02 14:23:00,372.67,372.67,372.6,372.6,-0.02,55.18,20344.69,-1
2026-06-02,2026-06-02 14:24:00,372.6,372.6,372.52,372.52,-0.02,55.18,20344.69,-1
2026-06-02,2026-06-02 14:25:00,372.52,372.52,372.45,372.45,-0.02,55.18,20344.69,-1
2026-06-02,2026-06-02 14:26:00,372.45,372.45,372.38,372.38,-0.02,55.18,20344.69,-1
2026-06-02,2026-06-02 14:27:00,372.38,372.38,372.31,372.31,-0.02,55.18,20344.69,-1
2026-06-02,2026-06-02 14:28:00,372.31,372.31,372.23,372.23,-0.02,55.18,20344.69,-1
2026-06-02,2026-06-02 14:29:00,372.23,372.23,372.16,372.16,-0.02,55.18,20344.69,-1
2026-06-02,2026-06-02 14:30:00,372.16,372.16,372.09,372.09,-0.02,55.18,20344.69,-1
2026-06-02,2026-06-02 14:31:00,372.09,372.09,372.02,372.02,-0.02,55.18,20344.69,-1
2026-06-02,2026-06-02 14:32:00,372.02,372.02,371.95,371.95,-0.02,55.18,20344.69,-1
2026-06-02,2026-06-02 14:33:00,371.95,371.95,371.87,371.87,-0.02,55.18,20344.69,-1
2026-06-02,2026-06-02 14:34:00,371.87,371.87,371.8,371.8,-0.02,55.18,20344.69,-1
2026-06-02,2026-06-02 14:35:00,371.8,371.8,371.73,371.73,-0.02,55.18,20344.69,-1
2026-06-02,2026-06-02 14:36:00,371.73,371.73,371.66,371.66,-0.02,55.18,20344.69,-1
2026-06-02,2026-06-02 14:37:00,371.66,371.66,371.59,371.59,-0.02,55.18,20344.69,-1
2026-06-02,2026-06-02 14:38:00,371.59,371.59,371.51,371.51,-0.02,55.18,20344.69,-1
2026-06-02,2026-06-02 14:39:00,371.51,371.51,371.44,371.44,-0.02,55.18,20344.69,-1
2026-06-02,2026-06-02 14:40:00,371.44,371.44,371.37,371.37,-0.02,55.18,20344.69,-1
2026-06-02,2026-06-02 14:41:00,371.37,371.37,371.3,371.3,-0.02,55.18,20344.69,-1
2026-06-02,2026-06-02 14:42:00,371.3,371.3,371.23,371.23,-0.02,55.18,20344.69,-1
2026-06-02,2026-06-02 14:43:00,371.23,371.23,371.15,371.15,-0.02,55.18,20344.69,-1
2026-06-02,2026-06-02 14:44:00,371.15,371.15,371.08,371.08,-0.02,55.18,20344.69,-1
2026-06-02,2026-06-02 14:45:00,371.08,371.08,371.01,371.01,-0.02,55.18,20344.69,-1
2026-06-02,2026-06-02 14:46:00,371.01,371.01,370.94,370.94,-0.02,55.18,20344.69,-1
2026-06-02,2026-06-02 14:47:00,370.94,370.94,370.87,370.87,-0.02,55.18,20344.69,-1
2026-06-02,2026-06-02 14:48:00,370.87,370.87,370.79,370.79,-0.02,55.18,20344.69,-1
2026-06-02,2026-06-02 14:49:00,370.79,370.79,370.72,370.72,-0.02,55.18,20344.69,-1
2026-06-02,2026-06-02 14:50:00,370.72,370.72,370.65,370.65,-0.02,55.18,20344.69,-1
2026-06-02,2026-06-02 14:51:00,370.65,370.65,370.58,370.58,-0.02,55.18,20344.69,-1
2026-06-02,2026-06-02 14:52:00,370.58,370.58,370.5,370.5,-0.02,55.18,20344.69,-1
2026-06-02,2026-06-02 14:53:00,370.5,370.5,370.43,370.43,-0.02,55.18,20344.69,-1
2026-06-02,2026-06-02 14:54:00,370.43,370.43,370.36,370.36,-0.02,55.18,20344.69,-1
2026-06-02,2026-06-02 14:55:00,370.36,370.36,370.29,370.29,-0.02,55.18,20344.69,-1
2026-06-02,2026-06-02 14:56:00,370.29,370.29,370.22,370.22,-0.02,55.18,20344.69,-1
2026-06-02,2026-06-02 14:57:00,370.22,370.22,370.14,370.14,-0.02,55.18,20344.69,-1
2026-06-02,2026-06-02 14:58:00,370.14,370.14,370.07,370.07,-0.02,55.18,20344.69,-1
2026-06-02,2026-06-02 14:59:00,370.07,370.07,370.0,370.0,-0.02,55.18,20344.69,-1
2026-06-02,2026-06-02 15:00:00,370.0,387.3,365.3,370.0,0.0,55.18,20344.69,0
2026-06-03,2026-06-03 11:00:00,380.0,380.0,376.13,379.95,-0.01,102.67,37992.09,-1
2026-06-03,2026-06-03 11:01:00,379.95,379.95,379.9,379.9,-0.01,102.67,37992.09,-1
2026-06-03,2026-06-03 11:02:00,379.9,379.9,379.85,379.85,-0.01,102.67,37992.09,-1
2026-06-03,2026-06-03 11:03:00,379.85,379.85,379.8,379.8,-0.01,102.67,37992.09,-1
2026-06-03,2026-06-03 11:04:00,379.8,379.8,379.75,379.75,-0.01,102.67,37992.09,-1
2026-06-03,2026-06-03 11:05:00,379.75,379.75,379.7,379.7,-0.01,102.67,37992.09,-1
2026-06-03,2026-06-03 11:06:00,379.7,379.7,379.65,379.65,-0.01,102.67,37992.09,-1
2026-06-03,2026-06-03 11:07:00,379.65,379.65,379.6,379.6,-0.01,102.67,37992.09,-1
2026-06-03,2026-06-03 11:08:00,379.6,379.6,379.55,379.55,-0.01,102.67,37992.09,-1
2026-06-03,2026-06-03 11:09:00,379.55,379.55,379.5,379.5,-0.01,102.67,37992.09,-1
2026-06-03,2026-06-03 11:10:00,379.5,379.5,379.45,379.45,-0.01,102.67,37992.09,-1
2026-06-03,2026-06-03 11:11:00,379.45,379.45,379.4,379.4,-0.01,102.67,37992.09,-1
2026-06-03,2026-06-03 11:12:00,379.4,379.4,379.35,379.35,-0.01,102.67,37992.09,-1
2026-06-03,2026-06-03 11:13:00,379.35,379.35,379.3,379.3,-0.01,102.67,37992.09,-1
2026-06-03,2026-06-03 11:14:00,379.3,379.3,379.25,379.25,-0.01,102.67,37992.09,-1
2026-06-03,2026-06-03 11:15:00,379.25,379.25,379.2,379.2,-0.01,102.67,37992.09,-1
2026-06-03,2026-06-03 11:16:00,379.2,379.2,379.15,379.15,-0.01,102.67,37992.09,-1
2026-06-03,2026-06-03 11:17:00,379.15,379.15,379.1,379.1,-0.01,102.67,37992.09,-1
2026-06-03,2026-06-03 11:18:00,379.1,379.1,379.05,379.05,-0.01,102.67,37992.09,-1
2026-06-03,2026-06-03 11:19:00,379.05,379.05,379.0,379.0,-0.01,102.67,37992.09,-1
2026-06-03,2026-06-03 11:20:00,379.0,379.0,378.95,378.95,-0.01,102.67,37992.09,-1
2026-06-03,2026-06-03 11:21:00,378.95,378.95,378.9,378.9,-0.01,102.67,37992.09,-1
2026-06-03,2026-06-03 11:22:00,378.9,378.9,378.85,378.85,-0.01,102.67,37992.09,-1
2026-06-03,2026-06-03 11:23:00,378.85,378.85,378.8,378.8,-0.01,102.67,37992.09,-1
2026-06-03,2026-06-03 11:24:00,378.8,378.8,378.75,378.75,-0.01,102.67,37992.09,-1
2026-06-03,2026-06-03 11:25:00,378.75,378.75,378.7,378.7,-0.01,102.67,37992.09,-1
2026-06-03,2026-06-03 11:26:00,378.7,378.7,378.65,378.65,-0.01,102.67,37992.09,-1
2026-06-03,2026-06-03 11:27:00,378.65,378.65,378.6,378.6,-0.01,102.67,37992.09,-1
2026-06-03,2026-06-03 11:28:00,378.6,378.6,378.55,378.55,-0.01,102.67,37992.09,-1
2026-06-03,2026-06-03 11:29:00,378.55,378.55,378.5,378.5,-0.01,102.67,37992.09,-1
2026-06-03,2026-06-03 11:30:00,378.5,378.5,378.45,378.45,-0.01,102.67,37992.09,-1
2026-06-03,2026-06-03 11:31:00,378.45,378.45,378.4,378.4,-0.01,102.67,37992.09,-1
2026-06-03,2026-06-03 11:32:00,378.4,378.4,378.35,378.35,-0.01,102.67,37992.09,-1
2026-06-03,2026-06-03 11:33:00,378.35,378.35,378.3,378.3,-0.01,102.67,37992.09,-1
2026-06-03,2026-06-03 11:34:00,378.3,378.3,378.25,378.25,-0.01,102.67,37992.09,-1
2026-06-03,2026-06-03 11:35:00,378.25,378.25,378.2,378.2,-0.01,102.67,37992.09,-1
2026-06-03,2026-06-03 11:36:00,378.2,378.2,378.15,378.15,-0.01,102.67,37992.09,-1
2026-06-03,2026-06-03 11:37:00,378.15,378.15,378.1,378.1,-0.01,102.67,37992.09,-1
2026-06-03,2026-06-03 11:38:00,378.1,378.1,378.05,378.05,-0.01,102.67,37992.09,-1
2026-06-03,2026-06-03 11:39:00,378.05,378.05,378.0,378.0,-0.01,102.67,37992.09,-1
2026-06-03,2026-06-03 11:40:00,378.0,378.0,377.95,377.95,-0.01,102.67,37992.09,-1
2026-06-03,2026-06-03 11:41:00,377.95,377.95,377.9,377.9,-0.01,102.67,37992.09,-1
2026-06-03,2026-06-03 11:42:00,377.9,377.9,377.85,377.85,-0.01,102.67,37992.09,-1
2026-06-03,2026-06-03 11:43:00,377.85,377.85,377.8,377.8,-0.01,102.67,37992.09,-1
2026-06-03,2026-06-03 11:44:00,377.8,377.8,377.75,377.75,-0.01,102.67,37992.09,-1
2026-06-03,2026-06-03 11:45:00,377.75,377.75,377.7,377.7,-0.01,102.67,37992.09,-1
2026-06-03,2026-06-03 11:46:00,377.7,377.7,377.65,377.65,-0.01,102.67,37992.09,-1
2026-06-03,2026-06-03 11:47:00,377.65,377.65,377.6,377.6,-0.01,102.67,37992.09,-1
2026-06-03,2026-06-03 11:48:00,377.6,377.6,377.55,377.55,-0.01,102.67,37992.09,-1
2026-06-03,2026-06-03 11:49:00,377.55,377.55,377.5,377.5,-0.01,102.67,37992.09,-1
2026-06-03,2026-06-03 11:50:00,377.5,377.5,377.45,377.45,-0.01,102.67,37992.09,-1
2026-06-03,2026-06-03 11:51:00,377.45,377.45,377.4,377.4,-0.01,102.67,37992.09,-1
2026-06-03,2026-06-03 11:52:00,377.4,377.4,377.35,377.35,-0.01,102.67,37992.09,-1
2026-06-03,2026-06-03 11:53:00,377.35,377.35,377.3,377.3,-0.01,102.67,37992.09,-1
2026-06-03,2026-06-03 11:54:00,377.3,377.3,377.25,377.25,-0.01,102.67,37992.09,-1
2026-06-03,2026-06-03 11:55:00,377.25,377.25,377.2,377.2,-0.01,102.67,37992.09,-1
2026-06-03,2026-06-03 11:56:00,377.2,377.2,377.15,377.15,-0.01,102.67,37992.09,-1
2026-06-03,2026-06-03 11:57:00,377.15,377.15,377.1,377.1,-0.01,102.67,37992.09,-1
2026-06-03,2026-06-03 11:58:00,377.1,377.1,377.05,377.05,-0.01,102.67,37992.09,-1
2026-06-03,2026-06-03 11:59:00,377.05,377.05,377.0,377.0,-0.01,102.67,37992.09,-1
2026-06-03,2026-06-03 12:00:00,377.0,377.0,376.95,376.95,-0.01,102.67,37992.09,-1
2026-06-03,2026-06-03 12:01:00,376.95,376.95,376.9,376.9,-0.01,102.67,37992.09,-1
2026-06-03,2026-06-03 12:02:00,376.9,376.9,376.85,376.85,-0.01,102.67,37992.09,-1
2026-06-03,2026-06-03 12:03:00,376.85,376.85,376.8,376.8,-0.01,102.67,37992.09,-1
2026-06-03,2026-06-03 12:04:00,376.8,376.8,376.75,376.75,-0.01,102.67,37992.09,-1
2026-06-03,2026-06-03 12:05:00,376.75,376.75,376.7,376.7,-0.01,102.67,37992.09,-1
2026-06-03,2026-06-03 12:06:00,376.7,376.7,376.65,376.65,-0.01,102.67,37992.09,-1
2026-06-03,2026-06-03 12:07:00,376.65,376.65,376.6,376.6,-0.01,102.67,37992.09,-1
2026-06-03,2026-06-03 12:08:00,376.6,376.6,376.55,376.55,-0.01,102.67,37992.09,-1
2026-06-03,2026-06-03 12:09:00,376.55,376.55,376.5,376.5,-0.01,102.67,37992.09,-1
2026-06-03,2026-06-03 12:10:00,376.5,376.5,376.45,376.45,-0.01,102.67,37992.09,-1
2026-06-03,2026-06-03 12:11:00,376.45,376.45,376.4,376.4,-0.01,102.67,37992.09,-1
2026-06-03,2026-06-03 12:12:00,376.4,376.4,376.35,376.35,-0.01,102.67,37992.09,-1
2026-06-03,2026-06-03 12:13:00,376.35,376.35,376.3,376.3,-0.01,102.67,37992.09,-1
2026-06-03,2026-06-03 12:14:00,376.3,376.3,376.25,376.25,-0.01,102.67,37992.09,-1
2026-06-03,2026-06-03 12:15:00,376.25,376.25,376.2,376.2,-0.01,102.67,37992.09,-1
2026-06-03,2026-06-03 12:16:00,376.2,376.2,376.15,376.15,-0.01,102.67,37992.09,-1
2026-06-03,2026-06-03 12:17:00,376.15,376.15,376.1,376.1,-0.01,102.67,37992.09,-1
2026-06-03,2026-06-03 12:18:00,376.1,376.1,376.05,376.05,-0.01,102.67,37992.09,-1
2026-06-03,2026-06-03 12:19:00,376.05,376.05,376.0,376.0,-0.01,102.67,37992.09,-1
2026-06-03,2026-06-03 12:20:00,376.0,376.0,375.95,375.95,-0.01,102.67,37992.09,-1
2026-06-03,2026-06-03 12:21:00,375.95,375.95,375.9,375.9,-0.01,102.67,37992.09,-1
2026-06-03,2026-06-03 12:22:00,375.9,375.9,375.85,375.85,-0.01,102.67,37992.09,-1
2026-06-03,2026-06-03 12:23:00,375.85,375.85,375.8,375.8,-0.01,102.67,37992.09,-1
2026-06-03,2026-06-03 12:24:00,375.8,375.8,375.75,375.75,-0.01,102.67,37992.09,-1
2026-06-03,2026-06-03 12:25:00,375.75,375.75,375.7,375.7,-0.01,102.67,37992.09,-1
2026-06-03,2026-06-03 12:26:00,375.7,375.7,375.65,375.65,-0.01,102.67,37992.09,-1
2026-06-03,2026-06-03 12:27:00,375.65,375.65,375.6,375.6,-0.01,102.67,37992.09,-1
2026-06-03,2026-06-03 12:28:00,375.6,375.6,375.55,375.55,-0.01,102.67,37992.09,-1
2026-06-03,2026-06-03 12:29:00,375.55,375.55,375.5,375.5,-0.01,102.67,37992.09,-1
2026-06-03,2026-06-03 12:30:00,375.5,375.5,375.45,375.45,-0.01,102.67,37992.09,-1
2026-06-03,2026-06-03 12:31:00,375.45,375.45,375.4,375.4,-0.01,102.67,37992.09,-1
2026-06-03,2026-06-03 12:32:00,375.4,375.4,375.35,375.35,-0.01,102.67,37992.09,-1
2026-06-03,2026-06-03 12:33:00,375.35,375.35,375.3,375.3,-0.01,102.67,37992.09,-1
2026-06-03,2026-06-03 12:34:00,375.3,375.3,375.25,375.25,-0.01,102.67,37992.09,-1
2026-06-03,2026-06-03 12:35:00,375.25,375.25,375.2,375.2,-0.01,102.67,37992.09,-1
2026-06-03,2026-06-03 12:36:00,375.2,375.2,375.15,375.15,-0.01,102.67,37992.09,-1
2026-06-03,2026-06-03 12:37:00,375.15,375.15,375.1,375.1,-0.01,102.67,37992.09,-1
2026-06-03,2026-06-03 12:38:00,375.1,375.1,375.05,375.05,-0.01,102.67,37992.09,-1
2026-06-03,2026-06-03 12:39:00,375.05,375.05,375.0,375.0,-0.01,102.67,37992.09,-1
2026-06-03,2026-06-03 12:40:00,375.0,375.0,374.95,374.95,-0.01,102.67,37992.09,-1
2026-06-03,2026-06-03 12:41:00,374.95,374.95,374.9,374.9,-0.01,102.67,37992.09,-1
2026-06-03,2026-06-03 12:42:00,374.9,374.9,374.85,374.85,-0.01,102.67,37992.09,-1
2026-06-03,2026-06-03 12:43:00,374.85,374.85,374.8,374.8,-0.01,102.67,37992.09,-1
2026-06-03,2026-06-03 12:44:00,374.8,374.8,374.75,374.75,-0.01,102.67,37992.09,-1
2026-06-03,2026-06-03 12:45:00,374.75,374.75,374.7,374.7,-0.01,102.67,37992.09,-1
2026-06-03,2026-06-03 12:46:00,374.7,374.7,374.65,374.65,-0.01,102.67,37992.09,-1
2026-06-03,2026-06-03 12:47:00,374.65,374.65,374.6,374.6,-0.01,102.67,37992.09,-1
2026-06-03,2026-06-03 12:48:00,374.6,374.6,374.55,374.55,-0.01,102.67,37992.09,-1
2026-06-03,2026-06-03 12:49:00,374.55,374.55,374.5,374.5,-0.01,102.67,37992.09,-1
2026-06-03,2026-06-03 12:50:00,374.5,374.5,374.45,374.45,-0.01,102.67,37992.09,-1
2026-06-03,2026-06-03 12:51:00,374.45,374.45,374.4,374.4,-0.01,102.67,37992.09,-1
2026-06-03,2026-06-03 12:52:00,374.4,374.4,374.35,374.35,-0.01,102.67,37992.09,-1
2026-06-03,2026-06-03 12:53:00,374.35,374.35,374.3,374.3,-0.01,102.67,37992.09,-1
2026-06-03,2026-06-03 12:54:00,374.3,374.3,374.25,374.25,-0.01,102.67,37992.09,-1
2026-06-03,2026-06-03 12:55:00,374.25,374.25,374.2,374.2,-0.01,102.67,37992.09,-1
2026-06-03,2026-06-03 12:56:00,374.2,374.2,374.15,374.15,-0.01,102.67,37992.09,-1
2026-06-03,2026-06-03 12:57:00,374.15,374.15,374.1,374.1,-0.01,102.67,37992.09,-1
2026-06-03,2026-06-03 12:58:00,374.1,374.1,374.05,374.05,-0.01,102.67,37992.09,-1
2026-06-03,2026-06-03 12:59:00,374.05,374.05,374.0,374.0,-0.01,102.67,37992.09,-1
2026-06-03,2026-06-03 13:00:00,374.0,380.0,367.1,373.95,-0.01,102.67,37992.09,-1
2026-06-03,2026-06-03 13:01:00,373.95,373.95,373.9,373.9,-0.01,102.67,37992.09,-1
2026-06-03,2026-06-03 13:02:00,373.9,373.9,373.85,373.85,-0.01,102.67,37992.09,-1
2026-06-03,2026-06-03 13:03:00,373.85,373.85,373.8,373.8,-0.01,102.67,37992.09,-1
2026-06-03,2026-06-03 13:04:00,373.8,373.8,373.75,373.75,-0.01,102.67,37992.09,-1
2026-06-03,2026-06-03 13:05:00,373.75,373.75,373.7,373.7,-0.01,102.67,37992.09,-1
2026-06-03,2026-06-03 13:06:00,373.7,373.7,373.65,373.65,-0.01,102.67,37992.09,-1
2026-06-03,2026-06-03 13:07:00,373.65,373.65,373.6,373.6,-0.01,102.67,37992.09,-1
2026-06-03,2026-06-03 13:08:00,373.6,373.6,373.55,373.55,-0.01,102.67,37992.09,-1
2026-06-03,2026-06-03 13:09:00,373.55,373.55,373.5,373.5,-0.01,102.67,37992.09,-1
2026-06-03,2026-06-03 13:10:00,373.5,373.5,373.45,373.45,-0.01,102.67,37992.09,-1
2026-06-03,2026-06-03 13:11:00,373.45,373.45,373.4,373.4,-0.01,102.67,37992.09,-1
2026-06-03,2026-06-03 13:12:00,373.4,373.4,373.35,373.35,-0.01,102.67,37992.09,-1
2026-06-03,2026-06-03 13:13:00,373.35,373.35,373.3,373.3,-0.01,102.67,37992.09,-1
2026-06-03,2026-06-03 13:14:00,373.3,373.3,373.25,373.25,-0.01,102.67,37992.09,-1
2026-06-03,2026-06-03 13:15:00,373.25,373.25,373.2,373.2,-0.01,102.67,37992.09,-1
2026-06-03,2026-06-03 13:16:00,373.2,373.2,373.15,373.15,-0.01,102.67,37992.09,-1
2026-06-03,2026-06-03 13:17:00,373.15,373.15,373.1,373.1,-0.01,102.67,37992.09,-1
2026-06-03,2026-06-03 13:18:00,373.1,373.1,373.05,373.05,-0.01,102.67,37992.09,-1
2026-06-03,2026-06-03 13:19:00,373.05,373.05,373.0,373.0,-0.01,102.67,37992.09,-1
2026-06-03,2026-06-03 13:20:00,373.0,373.0,372.95,372.95,-0.01,102.67,37992.09,-1
2026-06-03,2026-06-03 13:21:00,372.95,372.95,372.9,372.9,-0.01,102.67,37992.09,-1
2026-06-03,2026-06-03 13:22:00,372.9,372.9,372.85,372.85,-0.01,102.67,37992.09,-1
2026-06-03,2026-06-03 13:23:00,372.85,372.85,372.8,372.8,-0.01,102.67,37992.09,-1
2026-06-03,2026-06-03 13:24:00,372.8,372.8,372.75,372.75,-0.01,102.67,37992.09,-1
2026-06-03,2026-06-03 13:25:00,372.75,372.75,372.7,372.7,-0.01,102.67,37992.09,-1
2026-06-03,2026-06-03 13:26:00,372.7,372.7,372.65,372.65,-0.01,102.67,37992.09,-1
2026-06-03,2026-06-03 13:27:00,372.65,372.65,372.6,372.6,-0.01,102.67,37992.09,-1
2026-06-03,2026-06-03 13:28:00,372.6,372.6,372.55,372.55,-0.01,102.67,37992.09,-1
2026-06-03,2026-06-03 13:29:00,372.55,372.55,372.5,372.5,-0.01,102.67,37992.09,-1
2026-06-03,2026-06-03 13:30:00,372.5,372.5,372.45,372.45,-0.01,102.67,37992.09,-1
2026-06-03,2026-06-03 13:31:00,372.45,372.45,372.4,372.4,-0.01,102.67,37992.09,-1
2026-06-03,2026-06-03 13:32:00,372.4,372.4,372.35,372.35,-0.01,102.67,37992.09,-1
2026-06-03,2026-06-03 13:33:00,372.35,372.35,372.3,372.3,-0.01,102.67,37992.09,-1
2026-06-03,2026-06-03 13:34:00,372.3,372.3,372.25,372.25,-0.01,102.67,37992.09,-1
2026-06-03,2026-06-03 13:35:00,372.25,372.25,372.2,372.2,-0.01,102.67,37992.09,-1
2026-06-03,2026-06-03 13:36:00,372.2,372.2,372.15,372.15,-0.01,102.67,37992.09,-1
2026-06-03,2026-06-03 13:37:00,372.15,372.15,372.1,372.1,-0.01,102.67,37992.09,-1
2026-06-03,2026-06-03 13:38:00,372.1,372.1,372.05,372.05,-0.01,102.67,37992.09,-1
2026-06-03,2026-06-03 13:39:00,372.05,372.05,372.0,372.0,-0.01,102.67,37992.09,-1
2026-06-03,2026-06-03 13:40:00,372.0,372.0,371.95,371.95,-0.01,102.67,37992.09,-1
2026-06-03,2026-06-03 13:41:00,371.95,371.95,371.9,371.9,-0.01,102.67,37992.09,-1
2026-06-03,2026-06-03 13:42:00,371.9,371.9,371.85,371.85,-0.01,102.67,37992.09,-1
2026-06-03,2026-06-03 13:43:00,371.85,371.85,371.8,371.8,-0.01,102.67,37992.09,-1
2026-06-03,2026-06-03 13:44:00,371.8,371.8,371.75,371.75,-0.01,102.67,37992.09,-1
2026-06-03,2026-06-03 13:45:00,371.75,371.75,371.7,371.7,-0.01,102.67,37992.09,-1
2026-06-03,2026-06-03 13:46:00,371.7,371.7,371.65,371.65,-0.01,102.67,37992.09,-1
2026-06-03,2026-06-03 13:47:00,371.65,371.65,371.6,371.6,-0.01,102.67,37992.09,-1
2026-06-03,2026-06-03 13:48:00,371.6,371.6,371.55,371.55,-0.01,102.67,37992.09,-1
2026-06-03,2026-06-03 13:49:00,371.55,371.55,371.5,371.5,-0.01,102.67,37992.09,-1
2026-06-03,2026-06-03 13:50:00,371.5,371.5,371.45,371.45,-0.01,102.67,37992.09,-1
2026-06-03,2026-06-03 13:51:00,371.45,371.45,371.4,371.4,-0.01,102.67,37992.09,-1
2026-06-03,2026-06-03 13:52:00,371.4,371.4,371.35,371.35,-0.01,102.67,37992.09,-1
2026-06-03,2026-06-03 13:53:00,371.35,371.35,371.3,371.3,-0.01,102.67,37992.09,-1
2026-06-03,2026-06-03 13:54:00,371.3,371.3,371.25,371.25,-0.01,102.67,37992.09,-1
2026-06-03,2026-06-03 13:55:00,371.25,371.25,371.2,371.2,-0.01,102.67,37992.09,-1
2026-06-03,2026-06-03 13:56:00,371.2,371.2,371.15,371.15,-0.01,102.67,37992.09,-1
2026-06-03,2026-06-03 13:57:00,371.15,371.15,371.1,371.1,-0.01,102.67,37992.09,-1
2026-06-03,2026-06-03 13:58:00,371.1,371.1,371.05,371.05,-0.01,102.67,37992.09,-1
2026-06-03,2026-06-03 13:59:00,371.05,371.05,371.0,371.0,-0.01,102.67,37992.09,-1
2026-06-03,2026-06-03 14:00:00,371.0,371.0,370.95,370.95,-0.01,102.67,37992.09,-1
2026-06-03,2026-06-03 14:01:00,370.95,370.95,370.9,370.9,-0.01,102.67,37992.09,-1
2026-06-03,2026-06-03 14:02:00,370.9,370.9,370.85,370.85,-0.01,102.67,37992.09,-1
2026-06-03,2026-06-03 14:03:00,370.85,370.85,370.8,370.8,-0.01,102.67,37992.09,-1
2026-06-03,2026-06-03 14:04:00,370.8,370.8,370.75,370.75,-0.01,102.67,37992.09,-1
2026-06-03,2026-06-03 14:05:00,370.75,370.75,370.7,370.7,-0.01,102.67,37992.09,-1
2026-06-03,2026-06-03 14:06:00,370.7,370.7,370.65,370.65,-0.01,102.67,37992.09,-1
2026-06-03,2026-06-03 14:07:00,370.65,370.65,370.6,370.6,-0.01,102.67,37992.09,-1
2026-06-03,2026-06-03 14:08:00,370.6,370.6,370.55,370.55,-0.01,102.67,37992.09,-1
2026-06-03,2026-06-03 14:09:00,370.55,370.55,370.5,370.5,-0.01,102.67,37992.09,-1
2026-06-03,2026-06-03 14:10:00,370.5,370.5,370.45,370.45,-0.01,102.67,37992.09,-1
2026-06-03,2026-06-03 14:11:00,370.45,370.45,370.4,370.4,-0.01,102.67,37992.09,-1
2026-06-03,2026-06-03 14:12:00,370.4,370.4,370.35,370.35,-0.01,102.67,37992.09,-1
2026-06-03,2026-06-03 14:13:00,370.35,370.35,370.3,370.3,-0.01,102.67,37992.09,-1
2026-06-03,2026-06-03 14:14:00,370.3,370.3,370.25,370.25,-0.01,102.67,37992.09,-1
2026-06-03,2026-06-03 14:15:00,370.25,370.25,370.2,370.2,-0.01,102.67,37992.09,-1
2026-06-03,2026-06-03 14:16:00,370.2,370.2,370.15,370.15,-0.01,102.67,37992.09,-1
2026-06-03,2026-06-03 14:17:00,370.15,370.15,370.1,370.1,-0.01,102.67,37992.09,-1
2026-06-03,2026-06-03 14:18:00,370.1,370.1,370.05,370.05,-0.01,102.67,37992.09,-1
2026-06-03,2026-06-03 14:19:00,370.05,370.05,370.0,370.0,-0.01,102.67,37992.09,-1
2026-06-03,2026-06-03 14:20:00,370.0,370.0,369.95,369.95,-0.01,102.67,37992.09,-1
2026-06-03,2026-06-03 14:21:00,369.95,369.95,369.9,369.9,-0.01,102.67,37992.09,-1
2026-06-03,2026-06-03 14:22:00,369.9,369.9,369.85,369.85,-0.01,102.67,37992.09,-1
2026-06-03,2026-06-03 14:23:00,369.85,369.85,369.8,369.8,-0.01,102.67,37992.09,-1
2026-06-03,2026-06-03 14:24:00,369.8,369.8,369.75,369.75,-0.01,102.67,37992.09,-1
2026-06-03,2026-06-03 14:25:00,369.75,369.75,369.7,369.7,-0.01,102.67,37992.09,-1
2026-06-03,2026-06-03 14:26:00,369.7,369.7,369.65,369.65,-0.01,102.67,37992.09,-1
2026-06-03,2026-06-03 14:27:00,369.65,369.65,369.6,369.6,-0.01,102.67,37992.09,-1
2026-06-03,2026-06-03 14:28:00,369.6,369.6,369.55,369.55,-0.01,102.67,37992.09,-1
2026-06-03,2026-06-03 14:29:00,369.55,369.55,369.5,369.5,-0.01,102.67,37992.09,-1
2026-06-03,2026-06-03 14:30:00,369.5,369.5,369.45,369.45,-0.01,102.67,37992.09,-1
2026-06-03,2026-06-03 14:31:00,369.45,369.45,369.4,369.4,-0.01,102.67,37992.09,-1
2026-06-03,2026-06-03 14:32:00,369.4,369.4,369.35,369.35,-0.01,102.67,37992.09,-1
2026-06-03,2026-06-03 14:33:00,369.35,369.35,369.3,369.3,-0.01,102.67,37992.09,-1
2026-06-03,2026-06-03 14:34:00,369.3,369.3,369.25,369.25,-0.01,102.67,37992.09,-1
2026-06-03,2026-06-03 14:35:00,369.25,369.25,369.2,369.2,-0.01,102.67,37992.09,-1
2026-06-03,2026-06-03 14:36:00,369.2,369.2,369.15,369.15,-0.01,102.67,37992.09,-1
2026-06-03,2026-06-03 14:37:00,369.15,369.15,369.1,369.1,-0.01,102.67,37992.09,-1
2026-06-03,2026-06-03 14:38:00,369.1,369.1,369.05,369.05,-0.01,102.67,37992.09,-1
2026-06-03,2026-06-03 14:39:00,369.05,369.05,369.0,369.0,-0.01,102.67,37992.09,-1
2026-06-03,2026-06-03 14:40:00,369.0,369.0,368.95,368.95,-0.01,102.67,37992.09,-1
2026-06-03,2026-06-03 14:41:00,368.95,368.95,368.9,368.9,-0.01,102.67,37992.09,-1
2026-06-03,2026-06-03 14:42:00,368.9,368.9,368.85,368.85,-0.01,102.67,37992.09,-1
2026-06-03,2026-06-03 14:43:00,368.85,368.85,368.8,368.8,-0.01,102.67,37992.09,-1
2026-06-03,2026-06-03 14:44:00,368.8,368.8,368.75,368.75,-0.01,102.67,37992.09,-1
2026-06-03,2026-06-03 14:45:00,368.75,368.75,368.7,368.7,-0.01,102.67,37992.09,-1
2026-06-03,2026-06-03 14:46:00,368.7,368.7,368.65,368.65,-0.01,102.67,37992.09,-1
2026-06-03,2026-06-03 14:47:00,368.65,368.65,368.6,368.6,-0.01,102.67,37992.09,-1
2026-06-03,2026-06-03 14:48:00,368.6,368.6,368.55,368.55,-0.01,102.67,37992.09,-1
2026-06-03,2026-06-03 14:49:00,368.55,368.55,368.5,368.5,-0.01,102.67,37992.09,-1
2026-06-03,2026-06-03 14:50:00,368.5,368.5,368.45,368.45,-0.01,102.67,37992.09,-1
2026-06-03,2026-06-03 14:51:00,368.45,368.45,368.4,368.4,-0.01,102.67,37992.09,-1
2026-06-03,2026-06-03 14:52:00,368.4,368.4,368.35,368.35,-0.01,102.67,37992.09,-1
2026-06-03,2026-06-03 14:53:00,368.35,368.35,368.3,368.3,-0.01,102.67,37992.09,-1
2026-06-03,2026-06-03 14:54:00,368.3,368.3,368.25,368.25,-0.01,102.67,37992.09,-1
2026-06-03,2026-06-03 14:55:00,368.25,368.25,368.2,368.2,-0.01,102.67,37992.09,-1
2026-06-03,2026-06-03 14:56:00,368.2,368.2,368.15,368.15,-0.01,102.67,37992.09,-1
2026-06-03,2026-06-03 14:57:00,368.15,368.15,368.1,368.1,-0.01,102.67,37992.09,-1
2026-06-03,2026-06-03 14:58:00,368.1,368.1,368.05,368.05,-0.01,102.67,37992.09,-1
2026-06-03,2026-06-03 14:59:00,368.05,368.05,368.0,368.0,-0.01,102.67,37992.09,-1
2026-06-03,2026-06-03 15:00:00,368.0,380.0,367.1,368.0,0.0,102.67,37992.09,0
2026-06-04,2026-06-04 11:00:00,374.0,374.0,371.0,373.96,-0.01,75.44,27592.81,-1
2026-06-04,2026-06-04 11:01:00,373.96,373.96,373.92,373.92,-0.01,75.44,27592.81,-1
2026-06-04,2026-06-04 11:02:00,373.92,373.92,373.88,373.88,-0.01,75.44,27592.81,-1
2026-06-04,2026-06-04 11:03:00,373.88,373.88,373.83,373.83,-0.01,75.44,27592.81,-1
2026-06-04,2026-06-04 11:04:00,373.83,373.83,373.79,373.79,-0.01,75.44,27592.81,-1
2026-06-04,2026-06-04 11:05:00,373.79,373.79,373.75,373.75,-0.01,75.44,27592.81,-1
2026-06-04,2026-06-04 11:06:00,373.75,373.75,373.71,373.71,-0.01,75.44,27592.81,-1
2026-06-04,2026-06-04 11:07:00,373.71,373.71,373.67,373.67,-0.01,75.44,27592.81,-1
2026-06-04,2026-06-04 11:08:00,373.67,373.67,373.62,373.62,-0.01,75.44,27592.81,-1
2026-06-04,2026-06-04 11:09:00,373.62,373.62,373.58,373.58,-0.01,75.44,27592.81,-1
2026-06-04,2026-06-04 11:10:00,373.58,373.58,373.54,373.54,-0.01,75.44,27592.81,-1
2026-06-04,2026-06-04 11:11:00,373.54,373.54,373.5,373.5,-0.01,75.44,27592.81,-1
2026-06-04,2026-06-04 11:12:00,373.5,373.5,373.46,373.46,-0.01,75.44,27592.81,-1
2026-06-04,2026-06-04 11:13:00,373.46,373.46,373.42,373.42,-0.01,75.44,27592.81,-1
2026-06-04,2026-06-04 11:14:00,373.42,373.42,373.38,373.38,-0.01,75.44,27592.81,-1
2026-06-04,2026-06-04 11:15:00,373.38,373.38,373.33,373.33,-0.01,75.44,27592.81,-1
2026-06-04,2026-06-04 11:16:00,373.33,373.33,373.29,373.29,-0.01,75.44,27592.81,-1
2026-06-04,2026-06-04 11:17:00,373.29,373.29,373.25,373.25,-0.01,75.44,27592.81,-1
2026-06-04,2026-06-04 11:18:00,373.25,373.25,373.21,373.21,-0.01,75.44,27592.81,-1
2026-06-04,2026-06-04 11:19:00,373.21,373.21,373.17,373.17,-0.01,75.44,27592.81,-1
2026-06-04,2026-06-04 11:20:00,373.17,373.17,373.12,373.12,-0.01,75.44,27592.81,-1
2026-06-04,2026-06-04 11:21:00,373.12,373.12,373.08,373.08,-0.01,75.44,27592.81,-1
2026-06-04,2026-06-04 11:22:00,373.08,373.08,373.04,373.04,-0.01,75.44,27592.81,-1
2026-06-04,2026-06-04 11:23:00,373.04,373.04,373.0,373.0,-0.01,75.44,27592.81,-1
2026-06-04,2026-06-04 11:24:00,373.0,373.0,372.96,372.96,-0.01,75.44,27592.81,-1
2026-06-04,2026-06-04 11:25:00,372.96,372.96,372.92,372.92,-0.01,75.44,27592.81,-1
2026-06-04,2026-06-04 11:26:00,372.92,372.92,372.88,372.88,-0.01,75.44,27592.81,-1
2026-06-04,2026-06-04 11:27:00,372.88,372.88,372.83,372.83,-0.01,75.44,27592.81,-1
2026-06-04,2026-06-04 11:28:00,372.83,372.83,372.79,372.79,-0.01,75.44,27592.81,-1
2026-06-04,2026-06-04 11:29:00,372.79,372.79,372.75,372.75,-0.01,75.44,27592.81,-1
2026-06-04,2026-06-04 11:30:00,372.75,372.75,372.71,372.71,-0.01,75.44,27592.81,-1
2026-06-04,2026-06-04 11:31:00,372.71,372.71,372.67,372.67,-0.01,75.44,27592.81,-1
2026-06-04,2026-06-04 11:32:00,372.67,372.67,372.62,372.62,-0.01,75.44,27592.81,-1
2026-06-04,2026-06-04 11:33:00,372.62,372.62,372.58,372.58,-0.01,75.44,27592.81,-1
2026-06-04,2026-06-04 11:34:00,372.58,372.58,372.54,372.54,-0.01,75.44,27592.81,-1
2026-06-04,2026-06-04 11:35:00,372.54,372.54,372.5,372.5,-0.01,75.44,27592.81,-1
2026-06-04,2026-06-04 11:36:00,372.5,372.5,372.46,372.46,-0.01,75.44,27592.81,-1
2026-06-04,2026-06-04 11:37:00,372.46,372.46,372.42,372.42,-0.01,75.44,27592.81,-1
2026-06-04,2026-06-04 11:38:00,372.42,372.42,372.38,372.38,-0.01,75.44,27592.81,-1
2026-06-04,2026-06-04 11:39:00,372.38,372.38,372.33,372.33,-0.01,75.44,27592.81,-1
2026-06-04,2026-06-04 11:40:00,372.33,372.33,372.29,372.29,-0.01,75.44,27592.81,-1
2026-06-04,2026-06-04 11:41:00,372.29,372.29,372.25,372.25,-0.01,75.44,27592.81,-1
2026-06-04,2026-06-04 11:42:00,372.25,372.25,372.21,372.21,-0.01,75.44,27592.81,-1
2026-06-04,2026-06-04 11:43:00,372.21,372.21,372.17,372.17,-0.01,75.44,27592.81,-1
2026-06-04,2026-06-04 11:44:00,372.17,372.17,372.12,372.12,-0.01,75.44,27592.81,-1
2026-06-04,2026-06-04 11:45:00,372.12,372.12,372.08,372.08,-0.01,75.44,27592.81,-1
2026-06-04,2026-06-04 11:46:00,372.08,372.08,372.04,372.04,-0.01,75.44,27592.81,-1
2026-06-04,2026-06-04 11:47:00,372.04,372.04,372.0,372.0,-0.01,75.44,27592.81,-1
2026-06-04,2026-06-04 11:48:00,372.0,372.0,371.96,371.96,-0.01,75.44,27592.81,-1
2026-06-04,2026-06-04 11:49:00,371.96,371.96,371.92,371.92,-0.01,75.44,27592.81,-1
2026-06-04,2026-06-04 11:50:00,371.92,371.92,371.88,371.88,-0.01,75.44,27592.81,-1
2026-06-04,2026-06-04 11:51:00,371.88,371.88,371.83,371.83,-0.01,75.44,27592.81,-1
2026-06-04,2026-06-04 11:52:00,371.83,371.83,371.79,371.79,-0.01,75.44,27592.81,-1
2026-06-04,2026-06-04 11:53:00,371.79,371.79,371.75,371.75,-0.01,75.44,27592.81,-1
2026-06-04,2026-06-04 11:54:00,371.75,371.75,371.71,371.71,-0.01,75.44,27592.81,-1
2026-06-04,2026-06-04 11:55:00,371.71,371.71,371.67,371.67,-0.01,75.44,27592.81,-1
2026-06-04,2026-06-04 11:56:00,371.67,371.67,371.62,371.62,-0.01,75.44,27592.81,-1
2026-06-04,2026-06-04 11:57:00,371.62,371.62,371.58,371.58,-0.01,75.44,27592.81,-1
2026-06-04,2026-06-04 11:58:00,371.58,371.58,371.54,371.54,-0.01,75.44,27592.81,-1
2026-06-04,2026-06-04 11:59:00,371.54,371.54,371.5,371.5,-0.01,75.44,27592.81,-1
2026-06-04,2026-06-04 12:00:00,371.5,371.5,371.46,371.46,-0.01,75.44,27592.81,-1
2026-06-04,2026-06-04 12:01:00,371.46,371.46,371.42,371.42,-0.01,75.44,27592.81,-1
2026-06-04,2026-06-04 12:02:00,371.42,371.42,371.38,371.38,-0.01,75.44,27592.81,-1
2026-06-04,2026-06-04 12:03:00,371.38,371.38,371.33,371.33,-0.01,75.44,27592.81,-1
2026-06-04,2026-06-04 12:04:00,371.33,371.33,371.29,371.29,-0.01,75.44,27592.81,-1
2026-06-04,2026-06-04 12:05:00,371.29,371.29,371.25,371.25,-0.01,75.44,27592.81,-1
2026-06-04,2026-06-04 12:06:00,371.25,371.25,371.21,371.21,-0.01,75.44,27592.81,-1
2026-06-04,2026-06-04 12:07:00,371.21,371.21,371.17,371.17,-0.01,75.44,27592.81,-1
2026-06-04,2026-06-04 12:08:00,371.17,371.17,371.12,371.12,-0.01,75.44,27592.81,-1
2026-06-04,2026-06-04 12:09:00,371.12,371.12,371.08,371.08,-0.01,75.44,27592.81,-1
2026-06-04,2026-06-04 12:10:00,371.08,371.08,371.04,371.04,-0.01,75.44,27592.81,-1
2026-06-04,2026-06-04 12:11:00,371.04,371.04,371.0,371.0,-0.01,75.44,27592.81,-1
2026-06-04,2026-06-04 12:12:00,371.0,371.0,370.96,370.96,-0.01,75.44,27592.81,-1
2026-06-04,2026-06-04 12:13:00,370.96,370.96,370.92,370.92,-0.01,75.44,27592.81,-1
2026-06-04,2026-06-04 12:14:00,370.92,370.92,370.88,370.88,-0.01,75.44,27592.81,-1
2026-06-04,2026-06-04 12:15:00,370.88,370.88,370.83,370.83,-0.01,75.44,27592.81,-1
2026-06-04,2026-06-04 12:16:00,370.83,370.83,370.79,370.79,-0.01,75.44,27592.81,-1
2026-06-04,2026-06-04 12:17:00,370.79,370.79,370.75,370.75,-0.01,75.44,27592.81,-1
2026-06-04,2026-06-04 12:18:00,370.75,370.75,370.71,370.71,-0.01,75.44,27592.81,-1
2026-06-04,2026-06-04 12:19:00,370.71,370.71,370.67,370.67,-0.01,75.44,27592.81,-1
2026-06-04,2026-06-04 12:20:00,370.67,370.67,370.62,370.62,-0.01,75.44,27592.81,-1
2026-06-04,2026-06-04 12:21:00,370.62,370.62,370.58,370.58,-0.01,75.44,27592.81,-1
2026-06-04,2026-06-04 12:22:00,370.58,370.58,370.54,370.54,-0.01,75.44,27592.81,-1
2026-06-04,2026-06-04 12:23:00,370.54,370.54,370.5,370.5,-0.01,75.44,27592.81,-1
2026-06-04,2026-06-04 12:24:00,370.5,370.5,370.46,370.46,-0.01,75.44,27592.81,-1
2026-06-04,2026-06-04 12:25:00,370.46,370.46,370.42,370.42,-0.01,75.44,27592.81,-1
2026-06-04,2026-06-04 12:26:00,370.42,370.42,370.38,370.38,-0.01,75.44,27592.81,-1
2026-06-04,2026-06-04 12:27:00,370.38,370.38,370.33,370.33,-0.01,75.44,27592.81,-1
2026-06-04,2026-06-04 12:28:00,370.33,370.33,370.29,370.29,-0.01,75.44,27592.81,-1
2026-06-04,2026-06-04 12:29:00,370.29,370.29,370.25,370.25,-0.01,75.44,27592.81,-1
2026-06-04,2026-06-04 12:30:00,370.25,370.25,370.21,370.21,-0.01,75.44,27592.81,-1
2026-06-04,2026-06-04 12:31:00,370.21,370.21,370.17,370.17,-0.01,75.44,27592.81,-1
2026-06-04,2026-06-04 12:32:00,370.17,370.17,370.12,370.12,-0.01,75.44,27592.81,-1
2026-06-04,2026-06-04 12:33:00,370.12,370.12,370.08,370.08,-0.01,75.44,27592.81,-1
2026-06-04,2026-06-04 12:34:00,370.08,370.08,370.04,370.04,-0.01,75.44,27592.81,-1
2026-06-04,2026-06-04 12:35:00,370.04,370.04,370.0,370.0,-0.01,75.44,27592.81,-1
2026-06-04,2026-06-04 12:36:00,370.0,370.0,369.96,369.96,-0.01,75.44,27592.81,-1
2026-06-04,2026-06-04 12:37:00,369.96,369.96,369.92,369.92,-0.01,75.44,27592.81,-1
2026-06-04,2026-06-04 12:38:00,369.92,369.92,369.88,369.88,-0.01,75.44,27592.81,-1
2026-06-04,2026-06-04 12:39:00,369.88,369.88,369.83,369.83,-0.01,75.44,27592.81,-1
2026-06-04,2026-06-04 12:40:00,369.83,369.83,369.79,369.79,-0.01,75.44,27592.81,-1
2026-06-04,2026-06-04 12:41:00,369.79,369.79,369.75,369.75,-0.01,75.44,27592.81,-1
2026-06-04,2026-06-04 12:42:00,369.75,369.75,369.71,369.71,-0.01,75.44,27592.81,-1
2026-06-04,2026-06-04 12:43:00,369.71,369.71,369.67,369.67,-0.01,75.44,27592.81,-1
2026-06-04,2026-06-04 12:44:00,369.67,369.67,369.62,369.62,-0.01,75.44,27592.81,-1
2026-06-04,2026-06-04 12:45:00,369.62,369.62,369.58,369.58,-0.01,75.44,27592.81,-1
2026-06-04,2026-06-04 12:46:00,369.58,369.58,369.54,369.54,-0.01,75.44,27592.81,-1
2026-06-04,2026-06-04 12:47:00,369.54,369.54,369.5,369.5,-0.01,75.44,27592.81,-1
2026-06-04,2026-06-04 12:48:00,369.5,369.5,369.46,369.46,-0.01,75.44,27592.81,-1
2026-06-04,2026-06-04 12:49:00,369.46,369.46,369.42,369.42,-0.01,75.44,27592.81,-1
2026-06-04,2026-06-04 12:50:00,369.42,369.42,369.38,369.38,-0.01,75.44,27592.81,-1
2026-06-04,2026-06-04 12:51:00,369.38,369.38,369.33,369.33,-0.01,75.44,27592.81,-1
2026-06-04,2026-06-04 12:52:00,369.33,369.33,369.29,369.29,-0.01,75.44,27592.81,-1
2026-06-04,2026-06-04 12:53:00,369.29,369.29,369.25,369.25,-0.01,75.44,27592.81,-1
2026-06-04,2026-06-04 12:54:00,369.25,369.25,369.21,369.21,-0.01,75.44,27592.81,-1
2026-06-04,2026-06-04 12:55:00,369.21,369.21,369.17,369.17,-0.01,75.44,27592.81,-1
2026-06-04,2026-06-04 12:56:00,369.17,369.17,369.12,369.12,-0.01,75.44,27592.81,-1
2026-06-04,2026-06-04 12:57:00,369.12,369.12,369.08,369.08,-0.01,75.44,27592.81,-1
2026-06-04,2026-06-04 12:58:00,369.08,369.08,369.04,369.04,-0.01,75.44,27592.81,-1
2026-06-04,2026-06-04 12:59:00,369.04,369.04,369.0,369.0,-0.01,75.44,27592.81,-1
2026-06-04,2026-06-04 13:00:00,369.0,374.0,364.0,368.96,-0.01,75.44,27592.81,-1
2026-06-04,2026-06-04 13:01:00,368.96,368.96,368.92,368.92,-0.01,75.44,27592.81,-1
2026-06-04,2026-06-04 13:02:00,368.92,368.92,368.88,368.88,-0.01,75.44,27592.81,-1
2026-06-04,2026-06-04 13:03:00,368.88,368.88,368.83,368.83,-0.01,75.44,27592.81,-1
2026-06-04,2026-06-04 13:04:00,368.83,368.83,368.79,368.79,-0.01,75.44,27592.81,-1
2026-06-04,2026-06-04 13:05:00,368.79,368.79,368.75,368.75,-0.01,75.44,27592.81,-1
2026-06-04,2026-06-04 13:06:00,368.75,368.75,368.71,368.71,-0.01,75.44,27592.81,-1
2026-06-04,2026-06-04 13:07:00,368.71,368.71,368.67,368.67,-0.01,75.44,27592.81,-1
2026-06-04,2026-06-04 13:08:00,368.67,368.67,368.62,368.62,-0.01,75.44,27592.81,-1
2026-06-04,2026-06-04 13:09:00,368.62,368.62,368.58,368.58,-0.01,75.44,27592.81,-1
2026-06-04,2026-06-04 13:10:00,368.58,368.58,368.54,368.54,-0.01,75.44,27592.81,-1
2026-06-04,2026-06-04 13:11:00,368.54,368.54,368.5,368.5,-0.01,75.44,27592.81,-1
2026-06-04,2026-06-04 13:12:00,368.5,368.5,368.46,368.46,-0.01,75.44,27592.81,-1
2026-06-04,2026-06-04 13:13:00,368.46,368.46,368.42,368.42,-0.01,75.44,27592.81,-1
2026-06-04,2026-06-04 13:14:00,368.42,368.42,368.38,368.38,-0.01,75.44,27592.81,-1
2026-06-04,2026-06-04 13:15:00,368.38,368.38,368.33,368.33,-0.01,75.44,27592.81,-1
2026-06-04,2026-06-04 13:16:00,368.33,368.33,368.29,368.29,-0.01,75.44,27592.81,-1
2026-06-04,2026-06-04 13:17:00,368.29,368.29,368.25,368.25,-0.01,75.44,27592.81,-1
2026-06-04,2026-06-04 13:18:00,368.25,368.25,368.21,368.21,-0.01,75.44,27592.81,-1
2026-06-04,2026-06-04 13:19:00,368.21,368.21,368.17,368.17,-0.01,75.44,27592.81,-1
2026-06-04,2026-06-04 13:20:00,368.17,368.17,368.12,368.12,-0.01,75.44,27592.81,-1
2026-06-04,2026-06-04 13:21:00,368.12,368.12,368.08,368.08,-0.01,75.44,27592.81,-1
2026-06-04,2026-06-04 13:22:00,368.08,368.08,368.04,368.04,-0.01,75.44,27592.81,-1
2026-06-04,2026-06-04 13:23:00,368.04,368.04,368.0,368.0,-0.01,75.44,27592.81,-1
2026-06-04,2026-06-04 13:24:00,368.0,368.0,367.96,367.96,-0.01,75.44,27592.81,-1
2026-06-04,2026-06-04 13:25:00,367.96,367.96,367.92,367.92,-0.01,75.44,27592.81,-1
2026-06-04,2026-06-04 13:26:00,367.92,367.92,367.88,367.88,-0.01,75.44,27592.81,-1
2026-06-04,2026-06-04 13:27:00,367.88,367.88,367.83,367.83,-0.01,75.44,27592.81,-1
2026-06-04,2026-06-04 13:28:00,367.83,367.83,367.79,367.79,-0.01,75.44,27592.81,-1
2026-06-04,2026-06-04 13:29:00,367.79,367.79,367.75,367.75,-0.01,75.44,27592.81,-1
2026-06-04,2026-06-04 13:30:00,367.75,367.75,367.71,367.71,-0.01,75.44,27592.81,-1
2026-06-04,2026-06-04 13:31:00,367.71,367.71,367.67,367.67,-0.01,75.44,27592.81,-1
2026-06-04,2026-06-04 13:32:00,367.67,367.67,367.62,367.62,-0.01,75.44,27592.81,-1
2026-06-04,2026-06-04 13:33:00,367.62,367.62,367.58,367.58,-0.01,75.44,27592.81,-1
2026-06-04,2026-06-04 13:34:00,367.58,367.58,367.54,367.54,-0.01,75.44,27592.81,-1
2026-06-04,2026-06-04 13:35:00,367.54,367.54,367.5,367.5,-0.01,75.44,27592.81,-1
2026-06-04,2026-06-04 13:36:00,367.5,367.5,367.46,367.46,-0.01,75.44,27592.81,-1
2026-06-04,2026-06-04 13:37:00,367.46,367.46,367.42,367.42,-0.01,75.44,27592.81,-1
2026-06-04,2026-06-04 13:38:00,367.42,367.42,367.38,367.38,-0.01,75.44,27592.81,-1
2026-06-04,2026-06-04 13:39:00,367.38,367.38,367.33,367.33,-0.01,75.44,27592.81,-1
2026-06-04,2026-06-04 13:40:00,367.33,367.33,367.29,367.29,-0.01,75.44,27592.81,-1
2026-06-04,2026-06-04 13:41:00,367.29,367.29,367.25,367.25,-0.01,75.44,27592.81,-1
2026-06-04,2026-06-04 13:42:00,367.25,367.25,367.21,367.21,-0.01,75.44,27592.81,-1
2026-06-04,2026-06-04 13:43:00,367.21,367.21,367.17,367.17,-0.01,75.44,27592.81,-1
2026-06-04,2026-06-04 13:44:00,367.17,367.17,367.12,367.12,-0.01,75.44,27592.81,-1
2026-06-04,2026-06-04 13:45:00,367.12,367.12,367.08,367.08,-0.01,75.44,27592.81,-1
2026-06-04,2026-06-04 13:46:00,367.08,367.08,367.04,367.04,-0.01,75.44,27592.81,-1
2026-06-04,2026-06-04 13:47:00,367.04,367.04,367.0,367.0,-0.01,75.44,27592.81,-1
2026-06-04,2026-06-04 13:48:00,367.0,367.0,366.96,366.96,-0.01,75.44,27592.81,-1
2026-06-04,2026-06-04 13:49:00,366.96,366.96,366.92,366.92,-0.01,75.44,27592.81,-1
2026-06-04,2026-06-04 13:50:00,366.92,366.92,366.88,366.88,-0.01,75.44,27592.81,-1
2026-06-04,2026-06-04 13:51:00,366.88,366.88,366.83,366.83,-0.01,75.44,27592.81,-1
2026-06-04,2026-06-04 13:52:00,366.83,366.83,366.79,366.79,-0.01,75.44,27592.81,-1
2026-06-04,2026-06-04 13:53:00,366.79,366.79,366.75,366.75,-0.01,75.44,27592.81,-1
2026-06-04,2026-06-04 13:54:00,366.75,366.75,366.71,366.71,-0.01,75.44,27592.81,-1
2026-06-04,2026-06-04 13:55:00,366.71,366.71,366.67,366.67,-0.01,75.44,27592.81,-1
2026-06-04,2026-06-04 13:56:00,366.67,366.67,366.62,366.62,-0.01,75.44,27592.81,-1
2026-06-04,2026-06-04 13:57:00,366.62,366.62,366.58,366.58,-0.01,75.44,27592.81,-1
2026-06-04,2026-06-04 13:58:00,366.58,366.58,366.54,366.54,-0.01,75.44,27592.81,-1
2026-06-04,2026-06-04 13:59:00,366.54,366.54,366.5,366.5,-0.01,75.44,27592.81,-1
2026-06-04,2026-06-04 14:00:00,366.5,366.5,366.46,366.46,-0.01,75.44,27592.81,-1
2026-06-04,2026-06-04 14:01:00,366.46,366.46,366.42,366.42,-0.01,75.44,27592.81,-1
2026-06-04,2026-06-04 14:02:00,366.42,366.42,366.38,366.38,-0.01,75.44,27592.81,-1
2026-06-04,2026-06-04 14:03:00,366.38,366.38,366.33,366.33,-0.01,75.44,27592.81,-1
2026-06-04,2026-06-04 14:04:00,366.33,366.33,366.29,366.29,-0.01,75.44,27592.81,-1
2026-06-04,2026-06-04 14:05:00,366.29,366.29,366.25,366.25,-0.01,75.44,27592.81,-1
2026-06-04,2026-06-04 14:06:00,366.25,366.25,366.21,366.21,-0.01,75.44,27592.81,-1
2026-06-04,2026-06-04 14:07:00,366.21,366.21,366.17,366.17,-0.01,75.44,27592.81,-1
2026-06-04,2026-06-04 14:08:00,366.17,366.17,366.12,366.12,-0.01,75.44,27592.81,-1
2026-06-04,2026-06-04 14:09:00,366.12,366.12,366.08,366.08,-0.01,75.44,27592.81,-1
2026-06-04,2026-06-04 14:10:00,366.08,366.08,366.04,366.04,-0.01,75.44,27592.81,-1
2026-06-04,2026-06-04 14:11:00,366.04,366.04,366.0,366.0,-0.01,75.44,27592.81,-1
2026-06-04,2026-06-04 14:12:00,366.0,366.0,365.96,365.96,-0.01,75.44,27592.81,-1
2026-06-04,2026-06-04 14:13:00,365.96,365.96,365.92,365.92,-0.01,75.44,27592.81,-1
2026-06-04,2026-06-04 14:14:00,365.92,365.92,365.88,365.88,-0.01,75.44,27592.81,-1
2026-06-04,2026-06-04 14:15:00,365.88,365.88,365.83,365.83,-0.01,75.44,27592.81,-1
2026-06-04,2026-06-04 14:16:00,365.83,365.83,365.79,365.79,-0.01,75.44,27592.81,-1
2026-06-04,2026-06-04 14:17:00,365.79,365.79,365.75,365.75,-0.01,75.44,27592.81,-1
2026-06-04,2026-06-04 14:18:00,365.75,365.75,365.71,365.71,-0.01,75.44,27592.81,-1
2026-06-04,2026-06-04 14:19:00,365.71,365.71,365.67,365.67,-0.01,75.44,27592.81,-1
2026-06-04,2026-06-04 14:20:00,365.67,365.67,365.62,365.62,-0.01,75.44,27592.81,-1
2026-06-04,2026-06-04 14:21:00,365.62,365.62,365.58,365.58,-0.01,75.44,27592.81,-1
2026-06-04,2026-06-04 14:22:00,365.58,365.58,365.54,365.54,-0.01,75.44,27592.81,-1
2026-06-04,2026-06-04 14:23:00,365.54,365.54,365.5,365.5,-0.01,75.44,27592.81,-1
2026-06-04,2026-06-04 14:24:00,365.5,365.5,365.46,365.46,-0.01,75.44,27592.81,-1
2026-06-04,2026-06-04 14:25:00,365.46,365.46,365.42,365.42,-0.01,75.44,27592.81,-1
2026-06-04,2026-06-04 14:26:00,365.42,365.42,365.38,365.38,-0.01,75.44,27592.81,-1
2026-06-04,2026-06-04 14:27:00,365.38,365.38,365.33,365.33,-0.01,75.44,27592.81,-1
2026-06-04,2026-06-04 14:28:00,365.33,365.33,365.29,365.29,-0.01,75.44,27592.81,-1
2026-06-04,2026-06-04 14:29:00,365.29,365.29,365.25,365.25,-0.01,75.44,27592.81,-1
2026-06-04,2026-06-04 14:30:00,365.25,365.25,365.21,365.21,-0.01,75.44,27592.81,-1
2026-06-04,2026-06-04 14:31:00,365.21,365.21,365.17,365.17,-0.01,75.44,27592.81,-1
2026-06-04,2026-06-04 14:32:00,365.17,365.17,365.12,365.12,-0.01,75.44,27592.81,-1
2026-06-04,2026-06-04 14:33:00,365.12,365.12,365.08,365.08,-0.01,75.44,27592.81,-1
2026-06-04,2026-06-04 14:34:00,365.08,365.08,365.04,365.04,-0.01,75.44,27592.81,-1
2026-06-04,2026-06-04 14:35:00,365.04,365.04,365.0,365.0,-0.01,75.44,27592.81,-1
2026-06-04,2026-06-04 14:36:00,365.0,365.0,364.96,364.96,-0.01,75.44,27592.81,-1
2026-06-04,2026-06-04 14:37:00,364.96,364.96,364.92,364.92,-0.01,75.44,27592.81,-1
2026-06-04,2026-06-04 14:38:00,364.92,364.92,364.88,364.88,-0.01,75.44,27592.81,-1
2026-06-04,2026-06-04 14:39:00,364.88,364.88,364.83,364.83,-0.01,75.44,27592.81,-1
2026-06-04,2026-06-04 14:40:00,364.83,364.83,364.79,364.79,-0.01,75.44,27592.81,-1
2026-06-04,2026-06-04 14:41:00,364.79,364.79,364.75,364.75,-0.01,75.44,27592.81,-1
2026-06-04,2026-06-04 14:42:00,364.75,364.75,364.71,364.71,-0.01,75.44,27592.81,-1
2026-06-04,2026-06-04 14:43:00,364.71,364.71,364.67,364.67,-0.01,75.44,27592.81,-1
2026-06-04,2026-06-04 14:44:00,364.67,364.67,364.62,364.62,-0.01,75.44,27592.81,-1
2026-06-04,2026-06-04 14:45:00,364.62,364.62,364.58,364.58,-0.01,75.44,27592.81,-1
2026-06-04,2026-06-04 14:46:00,364.58,364.58,364.54,364.54,-0.01,75.44,27592.81,-1
2026-06-04,2026-06-04 14:47:00,364.54,364.54,364.5,364.5,-0.01,75.44,27592.81,-1
2026-06-04,2026-06-04 14:48:00,364.5,364.5,364.46,364.46,-0.01,75.44,27592.81,-1
2026-06-04,2026-06-04 14:49:00,364.46,364.46,364.42,364.42,-0.01,75.44,27592.81,-1
2026-06-04,2026-06-04 14:50:00,364.42,364.42,364.38,364.38,-0.01,75.44,27592.81,-1
2026-06-04,2026-06-04 14:51:00,364.38,364.38,364.33,364.33,-0.01,75.44,27592.81,-1
2026-06-04,2026-06-04 14:52:00,364.33,364.33,364.29,364.29,-0.01,75.44,27592.81,-1
2026-06-04,2026-06-04 14:53:00,364.29,364.29,364.25,364.25,-0.01,75.44,27592.81,-1
2026-06-04,2026-06-04 14:54:00,364.25,364.25,364.21,364.21,-0.01,75.44,27592.81,-1
2026-06-04,2026-06-04 14:55:00,364.21,364.21,364.17,364.17,-0.01,75.44,27592.81,-1
2026-06-04,2026-06-04 14:56:00,364.17,364.17,364.12,364.12,-0.01,75.44,27592.81,-1
2026-06-04,2026-06-04 14:57:00,364.12,364.12,364.08,364.08,-0.01,75.44,27592.81,-1
2026-06-04,2026-06-04 14:58:00,364.08,364.08,364.04,364.04,-0.01,75.44,27592.81,-1
2026-06-04,2026-06-04 14:59:00,364.04,364.04,364.0,364.0,-0.01,75.44,27592.81,-1
2026-06-04,2026-06-04 15:00:00,364.0,374.0,364.0,364.0,0.0,75.44,27592.81,0
2026-06-05,2026-06-05 11:00:00,362.0,362.9,361.4,362.0,0.0,79.92,28904.23,0
2026-06-05,2026-06-05 11:01:00,362.0,362.0,361.99,361.99,-0.0,79.92,28904.23,-1
2026-06-05,2026-06-05 11:02:00,361.99,361.99,361.99,361.99,0.0,79.92,28904.23,0
2026-06-05,2026-06-05 11:03:00,361.99,361.99,361.98,361.98,-0.0,79.92,28904.23,-1
2026-06-05,2026-06-05 11:04:00,361.98,361.98,361.98,361.98,0.0,79.92,28904.23,0
2026-06-05,2026-06-05 11:05:00,361.98,361.98,361.98,361.98,0.0,79.92,28904.23,0
2026-06-05,2026-06-05 11:06:00,361.98,361.98,361.97,361.97,-0.0,79.92,28904.23,-1
2026-06-05,2026-06-05 11:07:00,361.97,361.97,361.97,361.97,0.0,79.92,28904.23,0
2026-06-05,2026-06-05 11:08:00,361.97,361.97,361.96,361.96,-0.0,79.92,28904.23,-1
2026-06-05,2026-06-05 11:09:00,361.96,361.96,361.96,361.96,0.0,79.92,28904.23,0
2026-06-05,2026-06-05 11:10:00,361.96,361.96,361.95,361.95,-0.0,79.92,28904.23,-1
2026-06-05,2026-06-05 11:11:00,361.95,361.95,361.95,361.95,0.0,79.92,28904.23,0
2026-06-05,2026-06-05 11:12:00,361.95,361.95,361.95,361.95,0.0,79.92,28904.23,0
2026-06-05,2026-06-05 11:13:00,361.95,361.95,361.94,361.94,-0.0,79.92,28904.23,-1
2026-06-05,2026-06-05 11:14:00,361.94,361.94,361.94,361.94,0.0,79.92,28904.23,0
2026-06-05,2026-06-05 11:15:00,361.94,361.94,361.93,361.93,-0.0,79.92,28904.23,-1
2026-06-05,2026-06-05 11:16:00,361.93,361.93,361.93,361.93,0.0,79.92,28904.23,0
2026-06-05,2026-06-05 11:17:00,361.93,361.93,361.93,361.93,0.0,79.92,28904.23,0
2026-06-05,2026-06-05 11:18:00,361.93,361.93,361.92,361.92,-0.0,79.92,28904.23,-1
2026-06-05,2026-06-05 11:19:00,361.92,361.92,361.92,361.92,0.0,79.92,28904.23,0
2026-06-05,2026-06-05 11:20:00,361.92,361.92,361.91,361.91,-0.0,79.92,28904.23,-1
2026-06-05,2026-06-05 11:21:00,361.91,361.91,361.91,361.91,0.0,79.92,28904.23,0
2026-06-05,2026-06-05 11:22:00,361.91,361.91,361.9,361.9,-0.0,79.92,28904.23,-1
2026-06-05,2026-06-05 11:23:00,361.9,361.9,361.9,361.9,0.0,79.92,28904.23,0
2026-06-05,2026-06-05 11:24:00,361.9,361.9,361.9,361.9,0.0,79.92,28904.23,0
2026-06-05,2026-06-05 11:25:00,361.9,361.9,361.89,361.89,-0.0,79.92,28904.23,-1
2026-06-05,2026-06-05 11:26:00,361.89,361.89,361.89,361.89,0.0,79.92,28904.23,0
2026-06-05,2026-06-05 11:27:00,361.89,361.89,361.88,361.88,-0.0,79.92,28904.23,-1
2026-06-05,2026-06-05 11:28:00,361.88,361.88,361.88,361.88,0.0,79.92,28904.23,0
2026-06-05,2026-06-05 11:29:00,361.88,361.88,361.88,361.88,0.0,79.92,28904.23,0
2026-06-05,2026-06-05 11:30:00,361.88,361.88,361.87,361.87,-0.0,79.92,28904.23,-1
2026-06-05,2026-06-05 11:31:00,361.87,361.87,361.87,361.87,0.0,79.92,28904.23,0
2026-06-05,2026-06-05 11:32:00,361.87,361.87,361.86,361.86,-0.0,79.92,28904.23,-1
2026-06-05,2026-06-05 11:33:00,361.86,361.86,361.86,361.86,0.0,79.92,28904.23,0
2026-06-05,2026-06-05 11:34:00,361.86,361.86,361.85,361.85,-0.0,79.92,28904.23,-1
2026-06-05,2026-06-05 11:35:00,361.85,361.85,361.85,361.85,0.0,79.92,28904.23,0
2026-06-05,2026-06-05 11:36:00,361.85,361.85,361.85,361.85,0.0,79.92,28904.23,0
2026-06-05,2026-06-05 11:37:00,361.85,361.85,361.84,361.84,-0.0,79.92,28904.23,-1
2026-06-05,2026-06-05 11:38:00,361.84,361.84,361.84,361.84,0.0,79.92,28904.23,0
2026-06-05,2026-06-05 11:39:00,361.84,361.84,361.83,361.83,-0.0,79.92,28904.23,-1
2026-06-05,2026-06-05 11:40:00,361.83,361.83,361.83,361.83,0.0,79.92,28904.23,0
2026-06-05,2026-06-05 11:41:00,361.83,361.83,361.82,361.82,-0.0,79.92,28904.23,-1
2026-06-05,2026-06-05 11:42:00,361.82,361.82,361.82,361.82,0.0,79.92,28904.23,0
2026-06-05,2026-06-05 11:43:00,361.82,361.82,361.82,361.82,0.0,79.92,28904.23,0
2026-06-05,2026-06-05 11:44:00,361.82,361.82,361.81,361.81,-0.0,79.92,28904.23,-1
2026-06-05,2026-06-05 11:45:00,361.81,361.81,361.81,361.81,0.0,79.92,28904.23,0
2026-06-05,2026-06-05 11:46:00,361.81,361.81,361.8,361.8,-0.0,79.92,28904.23,-1
2026-06-05,2026-06-05 11:47:00,361.8,361.8,361.8,361.8,0.0,79.92,28904.23,0
2026-06-05,2026-06-05 11:48:00,361.8,361.8,361.8,361.8,0.0,79.92,28904.23,0
2026-06-05,2026-06-05 11:49:00,361.8,361.8,361.79,361.79,-0.0,79.92,28904.23,-1
2026-06-05,2026-06-05 11:50:00,361.79,361.79,361.79,361.79,0.0,79.92,28904.23,0
2026-06-05,2026-06-05 11:51:00,361.79,361.79,361.78,361.78,-0.0,79.92,28904.23,-1
2026-06-05,2026-06-05 11:52:00,361.78,361.78,361.78,361.78,0.0,79.92,28904.23,0
2026-06-05,2026-06-05 11:53:00,361.78,361.78,361.77,361.77,-0.0,79.92,28904.23,-1
2026-06-05,2026-06-05 11:54:00,361.77,361.77,361.77,361.77,0.0,79.92,28904.23,0
2026-06-05,2026-06-05 11:55:00,361.77,361.77,361.77,361.77,0.0,79.92,28904.23,0
2026-06-05,2026-06-05 11:56:00,361.77,361.77,361.76,361.76,-0.0,79.92,28904.23,-1
2026-06-05,2026-06-05 11:57:00,361.76,361.76,361.76,361.76,0.0,79.92,28904.23,0
2026-06-05,2026-06-05 11:58:00,361.76,361.76,361.75,361.75,-0.0,79.92,28904.23,-1
2026-06-05,2026-06-05 11:59:00,361.75,361.75,361.75,361.75,0.0,79.92,28904.23,0
2026-06-05,2026-06-05 12:00:00,361.75,361.75,361.75,361.75,0.0,79.92,28904.23,0
2026-06-05,2026-06-05 12:01:00,361.75,361.75,361.74,361.74,-0.0,79.92,28904.23,-1
2026-06-05,2026-06-05 12:02:00,361.74,361.74,361.74,361.74,0.0,79.92,28904.23,0
2026-06-05,2026-06-05 12:03:00,361.74,361.74,361.73,361.73,-0.0,79.92,28904.23,-1
2026-06-05,2026-06-05 12:04:00,361.73,361.73,361.73,361.73,0.0,79.92,28904.23,0
2026-06-05,2026-06-05 12:05:00,361.73,361.73,361.73,361.73,0.0,79.92,28904.23,0
2026-06-05,2026-06-05 12:06:00,361.73,361.73,361.72,361.72,-0.0,79.92,28904.23,-1
2026-06-05,2026-06-05 12:07:00,361.72,361.72,361.72,361.72,0.0,79.92,28904.23,0
2026-06-05,2026-06-05 12:08:00,361.72,361.72,361.71,361.71,-0.0,79.92,28904.23,-1
2026-06-05,2026-06-05 12:09:00,361.71,361.71,361.71,361.71,0.0,79.92,28904.23,0
2026-06-05,2026-06-05 12:10:00,361.71,361.71,361.7,361.7,-0.0,79.92,28904.23,-1
2026-06-05,2026-06-05 12:11:00,361.7,361.7,361.7,361.7,0.0,79.92,28904.23,0
2026-06-05,2026-06-05 12:12:00,361.7,361.7,361.7,361.7,0.0,79.92,28904.23,0
2026-06-05,2026-06-05 12:13:00,361.7,361.7,361.69,361.69,-0.0,79.92,28904.23,-1
2026-06-05,2026-06-05 12:14:00,361.69,361.69,361.69,361.69,0.0,79.92,28904.23,0
2026-06-05,2026-06-05 12:15:00,361.69,361.69,361.68,361.68,-0.0,79.92,28904.23,-1
2026-06-05,2026-06-05 12:16:00,361.68,361.68,361.68,361.68,0.0,79.92,28904.23,0
2026-06-05,2026-06-05 12:17:00,361.68,361.68,361.68,361.68,0.0,79.92,28904.23,0
2026-06-05,2026-06-05 12:18:00,361.68,361.68,361.67,361.67,-0.0,79.92,28904.23,-1
2026-06-05,2026-06-05 12:19:00,361.67,361.67,361.67,361.67,0.0,79.92,28904.23,0
2026-06-05,2026-06-05 12:20:00,361.67,361.67,361.66,361.66,-0.0,79.92,28904.23,-1
2026-06-05,2026-06-05 12:21:00,361.66,361.66,361.66,361.66,0.0,79.92,28904.23,0
2026-06-05,2026-06-05 12:22:00,361.66,361.66,361.65,361.65,-0.0,79.92,28904.23,-1
2026-06-05,2026-06-05 12:23:00,361.65,361.65,361.65,361.65,0.0,79.92,28904.23,0
2026-06-05,2026-06-05 12:24:00,361.65,361.65,361.65,361.65,0.0,79.92,28904.23,0
2026-06-05,2026-06-05 12:25:00,361.65,361.65,361.64,361.64,-0.0,79.92,28904.23,-1
2026-06-05,2026-06-05 12:26:00,361.64,361.64,361.64,361.64,0.0,79.92,28904.23,0
2026-06-05,2026-06-05 12:27:00,361.64,361.64,361.63,361.63,-0.0,79.92,28904.23,-1
2026-06-05,2026-06-05 12:28:00,361.63,361.63,361.63,361.63,0.0,79.92,28904.23,0
2026-06-05,2026-06-05 12:29:00,361.63,361.63,361.62,361.62,-0.0,79.92,28904.23,-1
2026-06-05,2026-06-05 12:30:00,361.62,361.62,361.62,361.62,0.0,79.92,28904.23,0
2026-06-05,2026-06-05 12:31:00,361.62,361.62,361.62,361.62,0.0,79.92,28904.23,0
2026-06-05,2026-06-05 12:32:00,361.62,361.62,361.61,361.61,-0.0,79.92,28904.23,-1
2026-06-05,2026-06-05 12:33:00,361.61,361.61,361.61,361.61,0.0,79.92,28904.23,0
2026-06-05,2026-06-05 12:34:00,361.61,361.61,361.6,361.6,-0.0,79.92,28904.23,-1
2026-06-05,2026-06-05 12:35:00,361.6,361.6,361.6,361.6,0.0,79.92,28904.23,0
2026-06-05,2026-06-05 12:36:00,361.6,361.6,361.6,361.6,0.0,79.92,28904.23,0
2026-06-05,2026-06-05 12:37:00,361.6,361.6,361.59,361.59,-0.0,79.92,28904.23,-1
2026-06-05,2026-06-05 12:38:00,361.59,361.59,361.59,361.59,0.0,79.92,28904.23,0
2026-06-05,2026-06-05 12:39:00,361.59,361.59,361.58,361.58,-0.0,79.92,28904.23,-1
2026-06-05,2026-06-05 12:40:00,361.58,361.58,361.58,361.58,0.0,79.92,28904.23,0
2026-06-05,2026-06-05 12:41:00,361.58,361.58,361.57,361.57,-0.0,79.92,28904.23,-1
2026-06-05,2026-06-05 12:42:00,361.57,361.57,361.57,361.57,0.0,79.92,28904.23,0
2026-06-05,2026-06-05 12:43:00,361.57,361.57,361.57,361.57,0.0,79.92,28904.23,0
2026-06-05,2026-06-05 12:44:00,361.57,361.57,361.56,361.56,-0.0,79.92,28904.23,-1
2026-06-05,2026-06-05 12:45:00,361.56,361.56,361.56,361.56,0.0,79.92,28904.23,0
2026-06-05,2026-06-05 12:46:00,361.56,361.56,361.55,361.55,-0.0,79.92,28904.23,-1
2026-06-05,2026-06-05 12:47:00,361.55,361.55,361.55,361.55,0.0,79.92,28904.23,0
2026-06-05,2026-06-05 12:48:00,361.55,361.55,361.55,361.55,0.0,79.92,28904.23,0
2026-06-05,2026-06-05 12:49:00,361.55,361.55,361.54,361.54,-0.0,79.92,28904.23,-1
2026-06-05,2026-06-05 12:50:00,361.54,361.54,361.54,361.54,0.0,79.92,28904.23,0
2026-06-05,2026-06-05 12:51:00,361.54,361.54,361.53,361.53,-0.0,79.92,28904.23,-1
2026-06-05,2026-06-05 12:52:00,361.53,361.53,361.53,361.53,0.0,79.92,28904.23,0
2026-06-05,2026-06-05 12:53:00,361.53,361.53,361.52,361.52,-0.0,79.92,28904.23,-1
2026-06-05,2026-06-05 12:54:00,361.52,361.52,361.52,361.52,0.0,79.92,28904.23,0
2026-06-05,2026-06-05 12:55:00,361.52,361.52,361.52,361.52,0.0,79.92,28904.23,0
2026-06-05,2026-06-05 12:56:00,361.52,361.52,361.51,361.51,-0.0,79.92,28904.23,-1
2026-06-05,2026-06-05 12:57:00,361.51,361.51,361.51,361.51,0.0,79.92,28904.23,0
2026-06-05,2026-06-05 12:58:00,361.51,361.51,361.5,361.5,-0.0,79.92,28904.23,-1
2026-06-05,2026-06-05 12:59:00,361.5,361.5,361.5,361.5,0.0,79.92,28904.23,0
2026-06-05,2026-06-05 13:00:00,361.5,365.0,360.0,361.5,0.0,79.92,28904.23,0
2026-06-05,2026-06-05 13:01:00,361.5,361.5,361.49,361.49,-0.0,79.92,28904.23,-1
2026-06-05,2026-06-05 13:02:00,361.49,361.49,361.49,361.49,0.0,79.92,28904.23,0
2026-06-05,2026-06-05 13:03:00,361.49,361.49,361.48,361.48,-0.0,79.92,28904.23,-1
2026-06-05,2026-06-05 13:04:00,361.48,361.48,361.48,361.48,0.0,79.92,28904.23,0
2026-06-05,2026-06-05 13:05:00,361.48,361.48,361.48,361.48,0.0,79.92,28904.23,0
2026-06-05,2026-06-05 13:06:00,361.48,361.48,361.47,361.47,-0.0,79.92,28904.23,-1
2026-06-05,2026-06-05 13:07:00,361.47,361.47,361.47,361.47,0.0,79.92,28904.23,0
2026-06-05,2026-06-05 13:08:00,361.47,361.47,361.46,361.46,-0.0,79.92,28904.23,-1
2026-06-05,2026-06-05 13:09:00,361.46,361.46,361.46,361.46,0.0,79.92,28904.23,0
2026-06-05,2026-06-05 13:10:00,361.46,361.46,361.45,361.45,-0.0,79.92,28904.23,-1
2026-06-05,2026-06-05 13:11:00,361.45,361.45,361.45,361.45,0.0,79.92,28904.23,0
2026-06-05,2026-06-05 13:12:00,361.45,361.45,361.45,361.45,0.0,79.92,28904.23,0
2026-06-05,2026-06-05 13:13:00,361.45,361.45,361.44,361.44,-0.0,79.92,28904.23,-1
2026-06-05,2026-06-05 13:14:00,361.44,361.44,361.44,361.44,0.0,79.92,28904.23,0
2026-06-05,2026-06-05 13:15:00,361.44,361.44,361.43,361.43,-0.0,79.92,28904.23,-1
2026-06-05,2026-06-05 13:16:00,361.43,361.43,361.43,361.43,0.0,79.92,28904.23,0
2026-06-05,2026-06-05 13:17:00,361.43,361.43,361.43,361.43,0.0,79.92,28904.23,0
2026-06-05,2026-06-05 13:18:00,361.43,361.43,361.42,361.42,-0.0,79.92,28904.23,-1
2026-06-05,2026-06-05 13:19:00,361.42,361.42,361.42,361.42,0.0,79.92,28904.23,0
2026-06-05,2026-06-05 13:20:00,361.42,361.42,361.41,361.41,-0.0,79.92,28904.23,-1
2026-06-05,2026-06-05 13:21:00,361.41,361.41,361.41,361.41,0.0,79.92,28904.23,0
2026-06-05,2026-06-05 13:22:00,361.41,361.41,361.4,361.4,-0.0,79.92,28904.23,-1
2026-06-05,2026-06-05 13:23:00,361.4,361.4,361.4,361.4,0.0,79.92,28904.23,0
2026-06-05,2026-06-05 13:24:00,361.4,361.4,361.4,361.4,0.0,79.92,28904.23,0
2026-06-05,2026-06-05 13:25:00,361.4,361.4,361.39,361.39,-0.0,79.92,28904.23,-1
2026-06-05,2026-06-05 13:26:00,361.39,361.39,361.39,361.39,0.0,79.92,28904.23,0
2026-06-05,2026-06-05 13:27:00,361.39,361.39,361.38,361.38,-0.0,79.92,28904.23,-1
2026-06-05,2026-06-05 13:28:00,361.38,361.38,361.38,361.38,0.0,79.92,28904.23,0
2026-06-05,2026-06-05 13:29:00,361.38,361.38,361.38,361.38,0.0,79.92,28904.23,0
2026-06-05,2026-06-05 13:30:00,361.38,361.38,361.37,361.37,-0.0,79.92,28904.23,-1
2026-06-05,2026-06-05 13:31:00,361.37,361.37,361.37,361.37,0.0,79.92,28904.23,0
2026-06-05,2026-06-05 13:32:00,361.37,361.37,361.36,361.36,-0.0,79.92,28904.23,-1
2026-06-05,2026-06-05 13:33:00,361.36,361.36,361.36,361.36,0.0,79.92,28904.23,0
2026-06-05,2026-06-05 13:34:00,361.36,361.36,361.35,361.35,-0.0,79.92,28904.23,-1
2026-06-05,2026-06-05 13:35:00,361.35,361.35,361.35,361.35,0.0,79.92,28904.23,0
2026-06-05,2026-06-05 13:36:00,361.35,361.35,361.35,361.35,0.0,79.92,28904.23,0
2026-06-05,2026-06-05 13:37:00,361.35,361.35,361.34,361.34,-0.0,79.92,28904.23,-1
2026-06-05,2026-06-05 13:38:00,361.34,361.34,361.34,361.34,0.0,79.92,28904.23,0
2026-06-05,2026-06-05 13:39:00,361.34,361.34,361.33,361.33,-0.0,79.92,28904.23,-1
2026-06-05,2026-06-05 13:40:00,361.33,361.33,361.33,361.33,0.0,79.92,28904.23,0
2026-06-05,2026-06-05 13:41:00,361.33,361.33,361.32,361.32,-0.0,79.92,28904.23,-1
2026-06-05,2026-06-05 13:42:00,361.32,361.32,361.32,361.32,0.0,79.92,28904.23,0
2026-06-05,2026-06-05 13:43:00,361.32,361.32,361.32,361.32,0.0,79.92,28904.23,0
2026-06-05,2026-06-05 13:44:00,361.32,361.32,361.31,361.31,-0.0,79.92,28904.23,-1
2026-06-05,2026-06-05 13:45:00,361.31,361.31,361.31,361.31,0.0,79.92,28904.23,0
2026-06-05,2026-06-05 13:46:00,361.31,361.31,361.3,361.3,-0.0,79.92,28904.23,-1
2026-06-05,2026-06-05 13:47:00,361.3,361.3,361.3,361.3,0.0,79.92,28904.23,0
2026-06-05,2026-06-05 13:48:00,361.3,361.3,361.3,361.3,0.0,79.92,28904.23,0
2026-06-05,2026-06-05 13:49:00,361.3,361.3,361.29,361.29,-0.0,79.92,28904.23,-1
2026-06-05,2026-06-05 13:50:00,361.29,361.29,361.29,361.29,0.0,79.92,28904.23,0
2026-06-05,2026-06-05 13:51:00,361.29,361.29,361.28,361.28,-0.0,79.92,28904.23,-1
2026-06-05,2026-06-05 13:52:00,361.28,361.28,361.28,361.28,0.0,79.92,28904.23,0
2026-06-05,2026-06-05 13:53:00,361.28,361.28,361.27,361.27,-0.0,79.92,28904.23,-1
2026-06-05,2026-06-05 13:54:00,361.27,361.27,361.27,361.27,0.0,79.92,28904.23,0
2026-06-05,2026-06-05 13:55:00,361.27,361.27,361.27,361.27,0.0,79.92,28904.23,0
2026-06-05,2026-06-05 13:56:00,361.27,361.27,361.26,361.26,-0.0,79.92,28904.23,-1
2026-06-05,2026-06-05 13:57:00,361.26,361.26,361.26,361.26,0.0,79.92,28904.23,0
2026-06-05,2026-06-05 13:58:00,361.26,361.26,361.25,361.25,-0.0,79.92,28904.23,-1
2026-06-05,2026-06-05 13:59:00,361.25,361.25,361.25,361.25,0.0,79.92,28904.23,0
2026-06-05,2026-06-05 14:00:00,361.25,361.25,361.25,361.25,0.0,79.92,28904.23,0
2026-06-05,2026-06-05 14:01:00,361.25,361.25,361.24,361.24,-0.0,79.92,28904.23,-1
2026-06-05,2026-06-05 14:02:00,361.24,361.24,361.24,361.24,0.0,79.92,28904.23,0
2026-06-05,2026-06-05 14:03:00,361.24,361.24,361.23,361.23,-0.0,79.92,28904.23,-1
2026-06-05,2026-06-05 14:04:00,361.23,361.23,361.23,361.23,0.0,79.92,28904.23,0
2026-06-05,2026-06-05 14:05:00,361.23,361.23,361.23,361.23,0.0,79.92,28904.23,0
2026-06-05,2026-06-05 14:06:00,361.23,361.23,361.22,361.22,-0.0,79.92,28904.23,-1
2026-06-05,2026-06-05 14:07:00,361.22,361.22,361.22,361.22,0.0,79.92,28904.23,0
2026-06-05,2026-06-05 14:08:00,361.22,361.22,361.21,361.21,-0.0,79.92,28904.23,-1
2026-06-05,2026-06-05 14:09:00,361.21,361.21,361.21,361.21,0.0,79.92,28904.23,0
2026-06-05,2026-06-05 14:10:00,361.21,361.21,361.2,361.2,-0.0,79.92,28904.23,-1
2026-06-05,2026-06-05 14:11:00,361.2,361.2,361.2,361.2,0.0,79.92,28904.23,0
2026-06-05,2026-06-05 14:12:00,361.2,361.2,361.2,361.2,0.0,79.92,28904.23,0
2026-06-05,2026-06-05 14:13:00,361.2,361.2,361.19,361.19,-0.0,79.92,28904.23,-1
2026-06-05,2026-06-05 14:14:00,361.19,361.19,361.19,361.19,0.0,79.92,28904.23,0
2026-06-05,2026-06-05 14:15:00,361.19,361.19,361.18,361.18,-0.0,79.92,28904.23,-1
2026-06-05,2026-06-05 14:16:00,361.18,361.18,361.18,361.18,0.0,79.92,28904.23,0
2026-06-05,2026-06-05 14:17:00,361.18,361.18,361.18,361.18,0.0,79.92,28904.23,0
2026-06-05,2026-06-05 14:18:00,361.18,361.18,361.17,361.17,-0.0,79.92,28904.23,-1
2026-06-05,2026-06-05 14:19:00,361.17,361.17,361.17,361.17,0.0,79.92,28904.23,0
2026-06-05,2026-06-05 14:20:00,361.17,361.17,361.16,361.16,-0.0,79.92,28904.23,-1
2026-06-05,2026-06-05 14:21:00,361.16,361.16,361.16,361.16,0.0,79.92,28904.23,0
2026-06-05,2026-06-05 14:22:00,361.16,361.16,361.15,361.15,-0.0,79.92,28904.23,-1
2026-06-05,2026-06-05 14:23:00,361.15,361.15,361.15,361.15,0.0,79.92,28904.23,0
2026-06-05,2026-06-05 14:24:00,361.15,361.15,361.15,361.15,0.0,79.92,28904.23,0
2026-06-05,2026-06-05 14:25:00,361.15,361.15,361.14,361.14,-0.0,79.92,28904.23,-1
2026-06-05,2026-06-05 14:26:00,361.14,361.14,361.14,361.14,0.0,79.92,28904.23,0
2026-06-05,2026-06-05 14:27:00,361.14,361.14,361.13,361.13,-0.0,79.92,28904.23,-1
2026-06-05,2026-06-05 14:28:00,361.13,361.13,361.13,361.13,0.0,79.92,28904.23,0
2026-06-05,2026-06-05 14:29:00,361.13,361.13,361.12,361.12,-0.0,79.92,28904.23,-1
2026-06-05,2026-06-05 14:30:00,361.12,361.12,361.12,361.12,0.0,79.92,28904.23,0
2026-06-05,2026-06-05 14:31:00,361.12,361.12,361.12,361.12,0.0,79.92,28904.23,0
2026-06-05,2026-06-05 14:32:00,361.12,361.12,361.11,361.11,-0.0,79.92,28904.23,-1
2026-06-05,2026-06-05 14:33:00,361.11,361.11,361.11,361.11,0.0,79.92,28904.23,0
2026-06-05,2026-06-05 14:34:00,361.11,361.11,361.1,361.1,-0.0,79.92,28904.23,-1
2026-06-05,2026-06-05 14:35:00,361.1,361.1,361.1,361.1,0.0,79.92,28904.23,0
2026-06-05,2026-06-05 14:36:00,361.1,361.1,361.1,361.1,0.0,79.92,28904.23,0
2026-06-05,2026-06-05 14:37:00,361.1,361.1,361.09,361.09,-0.0,79.92,28904.23,-1
2026-06-05,2026-06-05 14:38:00,361.09,361.09,361.09,361.09,0.0,79.92,28904.23,0
2026-06-05,2026-06-05 14:39:00,361.09,361.09,361.08,361.08,-0.0,79.92,28904.23,-1
2026-06-05,2026-06-05 14:40:00,361.08,361.08,361.08,361.08,0.0,79.92,28904.23,0
2026-06-05,2026-06-05 14:41:00,361.08,361.08,361.07,361.07,-0.0,79.92,28904.23,-1
2026-06-05,2026-06-05 14:42:00,361.07,361.07,361.07,361.07,0.0,79.92,28904.23,0
2026-06-05,2026-06-05 14:43:00,361.07,361.07,361.07,361.07,0.0,79.92,28904.23,0
2026-06-05,2026-06-05 14:44:00,361.07,361.07,361.06,361.06,-0.0,79.92,28904.23,-1
2026-06-05,2026-06-05 14:45:00,361.06,361.06,361.06,361.06,0.0,79.92,28904.23,0
2026-06-05,2026-06-05 14:46:00,361.06,361.06,361.05,361.05,-0.0,79.92,28904.23,-1
2026-06-05,2026-06-05 14:47:00,361.05,361.05,361.05,361.05,0.0,79.92,28904.23,0
2026-06-05,2026-06-05 14:48:00,361.05,361.05,361.05,361.05,0.0,79.92,28904.23,0
2026-06-05,2026-06-05 14:49:00,361.05,361.05,361.04,361.04,-0.0,79.92,28904.23,-1
2026-06-05,2026-06-05 14:50:00,361.04,361.04,361.04,361.04,0.0,79.92,28904.23,0
2026-06-05,2026-06-05 14:51:00,361.04,361.04,361.03,361.03,-0.0,79.92,28904.23,-1
2026-06-05,2026-06-05 14:52:00,361.03,361.03,361.03,361.03,0.0,79.92,28904.23,0
2026-06-05,2026-06-05 14:53:00,361.03,361.03,361.02,361.02,-0.0,79.92,28904.23,-1
2026-06-05,2026-06-05 14:54:00,361.02,361.02,361.02,361.02,0.0,79.92,28904.23,0
2026-06-05,2026-06-05 14:55:00,361.02,361.02,361.02,361.02,0.0,79.92,28904.23,0
2026-06-05,2026-06-05 14:56:00,361.02,361.02,361.01,361.01,-0.0,79.92,28904.23,-1
2026-06-05,2026-06-05 14:57:00,361.01,361.01,361.01,361.01,0.0,79.92,28904.23,0
2026-06-05,2026-06-05 14:58:00,361.01,361.01,361.0,361.0,-0.0,79.92,28904.23,-1
2026-06-05,2026-06-05 14:59:00,361.0,361.0,361.0,361.0,0.0,79.92,28904.23,0
2026-06-05,2026-06-05 15:00:00,361.0,365.0,360.0,361.0,0.0,79.92,28904.23,0
2026-06-08,2026-06-08 11:00:00,360.0,360.0,358.95,360.0,0.0,72.93,26122.17,0
2026-06-08,2026-06-08 11:01:00,360.0,360.0,359.99,359.99,-0.0,72.93,26122.17,-1
2026-06-08,2026-06-08 11:02:00,359.99,359.99,359.99,359.99,0.0,72.93,26122.17,0
2026-06-08,2026-06-08 11:03:00,359.99,359.99,359.98,359.98,-0.0,72.93,26122.17,-1
2026-06-08,2026-06-08 11:04:00,359.98,359.98,359.98,359.98,0.0,72.93,26122.17,0
2026-06-08,2026-06-08 11:05:00,359.98,359.98,359.98,359.98,0.0,72.93,26122.17,0
2026-06-08,2026-06-08 11:06:00,359.98,359.98,359.97,359.97,-0.0,72.93,26122.17,-1
2026-06-08,2026-06-08 11:07:00,359.97,359.97,359.97,359.97,0.0,72.93,26122.17,0
2026-06-08,2026-06-08 11:08:00,359.97,359.97,359.96,359.96,-0.0,72.93,26122.17,-1
2026-06-08,2026-06-08 11:09:00,359.96,359.96,359.96,359.96,0.0,72.93,26122.17,0
2026-06-08,2026-06-08 11:10:00,359.96,359.96,359.95,359.95,-0.0,72.93,26122.17,-1
2026-06-08,2026-06-08 11:11:00,359.95,359.95,359.95,359.95,0.0,72.93,26122.17,0
2026-06-08,2026-06-08 11:12:00,359.95,359.95,359.95,359.95,0.0,72.93,26122.17,0
2026-06-08,2026-06-08 11:13:00,359.95,359.95,359.94,359.94,-0.0,72.93,26122.17,-1
2026-06-08,2026-06-08 11:14:00,359.94,359.94,359.94,359.94,0.0,72.93,26122.17,0
2026-06-08,2026-06-08 11:15:00,359.94,359.94,359.93,359.93,-0.0,72.93,26122.17,-1
2026-06-08,2026-06-08 11:16:00,359.93,359.93,359.93,359.93,0.0,72.93,26122.17,0
2026-06-08,2026-06-08 11:17:00,359.93,359.93,359.93,359.93,0.0,72.93,26122.17,0
2026-06-08,2026-06-08 11:18:00,359.93,359.93,359.92,359.92,-0.0,72.93,26122.17,-1
2026-06-08,2026-06-08 11:19:00,359.92,359.92,359.92,359.92,0.0,72.93,26122.17,0
2026-06-08,2026-06-08 11:20:00,359.92,359.92,359.91,359.91,-0.0,72.93,26122.17,-1
2026-06-08,2026-06-08 11:21:00,359.91,359.91,359.91,359.91,0.0,72.93,26122.17,0
2026-06-08,2026-06-08 11:22:00,359.91,359.91,359.9,359.9,-0.0,72.93,26122.17,-1
2026-06-08,2026-06-08 11:23:00,359.9,359.9,359.9,359.9,0.0,72.93,26122.17,0
2026-06-08,2026-06-08 11:24:00,359.9,359.9,359.9,359.9,0.0,72.93,26122.17,0
2026-06-08,2026-06-08 11:25:00,359.9,359.9,359.89,359.89,-0.0,72.93,26122.17,-1
2026-06-08,2026-06-08 11:26:00,359.89,359.89,359.89,359.89,0.0,72.93,26122.17,0
2026-06-08,2026-06-08 11:27:00,359.89,359.89,359.88,359.88,-0.0,72.93,26122.17,-1
2026-06-08,2026-06-08 11:28:00,359.88,359.88,359.88,359.88,0.0,72.93,26122.17,0
2026-06-08,2026-06-08 11:29:00,359.88,359.88,359.88,359.88,0.0,72.93,26122.17,0
2026-06-08,2026-06-08 11:30:00,359.88,359.88,359.87,359.87,-0.0,72.93,26122.17,-1
2026-06-08,2026-06-08 11:31:00,359.87,359.87,359.87,359.87,0.0,72.93,26122.17,0
2026-06-08,2026-06-08 11:32:00,359.87,359.87,359.86,359.86,-0.0,72.93,26122.17,-1
2026-06-08,2026-06-08 11:33:00,359.86,359.86,359.86,359.86,0.0,72.93,26122.17,0
2026-06-08,2026-06-08 11:34:00,359.86,359.86,359.85,359.85,-0.0,72.93,26122.17,-1
2026-06-08,2026-06-08 11:35:00,359.85,359.85,359.85,359.85,0.0,72.93,26122.17,0
2026-06-08,2026-06-08 11:36:00,359.85,359.85,359.85,359.85,0.0,72.93,26122.17,0
2026-06-08,2026-06-08 11:37:00,359.85,359.85,359.84,359.84,-0.0,72.93,26122.17,-1
2026-06-08,2026-06-08 11:38:00,359.84,359.84,359.84,359.84,0.0,72.93,26122.17,0
2026-06-08,2026-06-08 11:39:00,359.84,359.84,359.83,359.83,-0.0,72.93,26122.17,-1
2026-06-08,2026-06-08 11:40:00,359.83,359.83,359.83,359.83,0.0,72.93,26122.17,0
2026-06-08,2026-06-08 11:41:00,359.83,359.83,359.82,359.82,-0.0,72.93,26122.17,-1
2026-06-08,2026-06-08 11:42:00,359.82,359.82,359.82,359.82,0.0,72.93,26122.17,0
2026-06-08,2026-06-08 11:43:00,359.82,359.82,359.82,359.82,0.0,72.93,26122.17,0
2026-06-08,2026-06-08 11:44:00,359.82,359.82,359.81,359.81,-0.0,72.93,26122.17,-1
2026-06-08,2026-06-08 11:45:00,359.81,359.81,359.81,359.81,0.0,72.93,26122.17,0
2026-06-08,2026-06-08 11:46:00,359.81,359.81,359.8,359.8,-0.0,72.93,26122.17,-1
2026-06-08,2026-06-08 11:47:00,359.8,359.8,359.8,359.8,0.0,72.93,26122.17,0
2026-06-08,2026-06-08 11:48:00,359.8,359.8,359.8,359.8,0.0,72.93,26122.17,0
2026-06-08,2026-06-08 11:49:00,359.8,359.8,359.79,359.79,-0.0,72.93,26122.17,-1
2026-06-08,2026-06-08 11:50:00,359.79,359.79,359.79,359.79,0.0,72.93,26122.17,0
2026-06-08,2026-06-08 11:51:00,359.79,359.79,359.78,359.78,-0.0,72.93,26122.17,-1
2026-06-08,2026-06-08 11:52:00,359.78,359.78,359.78,359.78,0.0,72.93,26122.17,0
2026-06-08,2026-06-08 11:53:00,359.78,359.78,359.77,359.77,-0.0,72.93,26122.17,-1
2026-06-08,2026-06-08 11:54:00,359.77,359.77,359.77,359.77,0.0,72.93,26122.17,0
2026-06-08,2026-06-08 11:55:00,359.77,359.77,359.77,359.77,0.0,72.93,26122.17,0
2026-06-08,2026-06-08 11:56:00,359.77,359.77,359.76,359.76,-0.0,72.93,26122.17,-1
2026-06-08,2026-06-08 11:57:00,359.76,359.76,359.76,359.76,0.0,72.93,26122.17,0
2026-06-08,2026-06-08 11:58:00,359.76,359.76,359.75,359.75,-0.0,72.93,26122.17,-1
2026-06-08,2026-06-08 11:59:00,359.75,359.75,359.75,359.75,0.0,72.93,26122.17,0
2026-06-08,2026-06-08 12:00:00,359.75,359.75,359.75,359.75,0.0,72.93,26122.17,0
2026-06-08,2026-06-08 12:01:00,359.75,359.75,359.74,359.74,-0.0,72.93,26122.17,-1
2026-06-08,2026-06-08 12:02:00,359.74,359.74,359.74,359.74,0.0,72.93,26122.17,0
2026-06-08,2026-06-08 12:03:00,359.74,359.74,359.73,359.73,-0.0,72.93,26122.17,-1
2026-06-08,2026-06-08 12:04:00,359.73,359.73,359.73,359.73,0.0,72.93,26122.17,0
2026-06-08,2026-06-08 12:05:00,359.73,359.73,359.73,359.73,0.0,72.93,26122.17,0
2026-06-08,2026-06-08 12:06:00,359.73,359.73,359.72,359.72,-0.0,72.93,26122.17,-1
2026-06-08,2026-06-08 12:07:00,359.72,359.72,359.72,359.72,0.0,72.93,26122.17,0
2026-06-08,2026-06-08 12:08:00,359.72,359.72,359.71,359.71,-0.0,72.93,26122.17,-1
2026-06-08,2026-06-08 12:09:00,359.71,359.71,359.71,359.71,0.0,72.93,26122.17,0
2026-06-08,2026-06-08 12:10:00,359.71,359.71,359.7,359.7,-0.0,72.93,26122.17,-1
2026-06-08,2026-06-08 12:11:00,359.7,359.7,359.7,359.7,0.0,72.93,26122.17,0
2026-06-08,2026-06-08 12:12:00,359.7,359.7,359.7,359.7,0.0,72.93,26122.17,0
2026-06-08,2026-06-08 12:13:00,359.7,359.7,359.69,359.69,-0.0,72.93,26122.17,-1
2026-06-08,2026-06-08 12:14:00,359.69,359.69,359.69,359.69,0.0,72.93,26122.17,0
2026-06-08,2026-06-08 12:15:00,359.69,359.69,359.68,359.68,-0.0,72.93,26122.17,-1
2026-06-08,2026-06-08 12:16:00,359.68,359.68,359.68,359.68,0.0,72.93,26122.17,0
2026-06-08,2026-06-08 12:17:00,359.68,359.68,359.68,359.68,0.0,72.93,26122.17,0
2026-06-08,2026-06-08 12:18:00,359.68,359.68,359.67,359.67,-0.0,72.93,26122.17,-1
2026-06-08,2026-06-08 12:19:00,359.67,359.67,359.67,359.67,0.0,72.93,26122.17,0
2026-06-08,2026-06-08 12:20:00,359.67,359.67,359.66,359.66,-0.0,72.93,26122.17,-1
2026-06-08,2026-06-08 12:21:00,359.66,359.66,359.66,359.66,0.0,72.93,26122.17,0
2026-06-08,2026-06-08 12:22:00,359.66,359.66,359.65,359.65,-0.0,72.93,26122.17,-1
2026-06-08,2026-06-08 12:23:00,359.65,359.65,359.65,359.65,0.0,72.93,26122.17,0
2026-06-08,2026-06-08 12:24:00,359.65,359.65,359.65,359.65,0.0,72.93,26122.17,0
2026-06-08,2026-06-08 12:25:00,359.65,359.65,359.64,359.64,-0.0,72.93,26122.17,-1
2026-06-08,2026-06-08 12:26:00,359.64,359.64,359.64,359.64,0.0,72.93,26122.17,0
2026-06-08,2026-06-08 12:27:00,359.64,359.64,359.63,359.63,-0.0,72.93,26122.17,-1
2026-06-08,2026-06-08 12:28:00,359.63,359.63,359.63,359.63,0.0,72.93,26122.17,0
2026-06-08,2026-06-08 12:29:00,359.63,359.63,359.62,359.62,-0.0,72.93,26122.17,-1
2026-06-08,2026-06-08 12:30:00,359.62,359.62,359.62,359.62,0.0,72.93,26122.17,0
2026-06-08,2026-06-08 12:31:00,359.62,359.62,359.62,359.62,0.0,72.93,26122.17,0
2026-06-08,2026-06-08 12:32:00,359.62,359.62,359.61,359.61,-0.0,72.93,26122.17,-1
2026-06-08,2026-06-08 12:33:00,359.61,359.61,359.61,359.61,0.0,72.93,26122.17,0
2026-06-08,2026-06-08 12:34:00,359.61,359.61,359.6,359.6,-0.0,72.93,26122.17,-1
2026-06-08,2026-06-08 12:35:00,359.6,359.6,359.6,359.6,0.0,72.93,26122.17,0
2026-06-08,2026-06-08 12:36:00,359.6,359.6,359.6,359.6,0.0,72.93,26122.17,0
2026-06-08,2026-06-08 12:37:00,359.6,359.6,359.59,359.59,-0.0,72.93,26122.17,-1
2026-06-08,2026-06-08 12:38:00,359.59,359.59,359.59,359.59,0.0,72.93,26122.17,0
2026-06-08,2026-06-08 12:39:00,359.59,359.59,359.58,359.58,-0.0,72.93,26122.17,-1
2026-06-08,2026-06-08 12:40:00,359.58,359.58,359.58,359.58,0.0,72.93,26122.17,0
2026-06-08,2026-06-08 12:41:00,359.58,359.58,359.57,359.57,-0.0,72.93,26122.17,-1
2026-06-08,2026-06-08 12:42:00,359.57,359.57,359.57,359.57,0.0,72.93,26122.17,0
2026-06-08,2026-06-08 12:43:00,359.57,359.57,359.57,359.57,0.0,72.93,26122.17,0
2026-06-08,2026-06-08 12:44:00,359.57,359.57,359.56,359.56,-0.0,72.93,26122.17,-1
2026-06-08,2026-06-08 12:45:00,359.56,359.56,359.56,359.56,0.0,72.93,26122.17,0
2026-06-08,2026-06-08 12:46:00,359.56,359.56,359.55,359.55,-0.0,72.93,26122.17,-1
2026-06-08,2026-06-08 12:47:00,359.55,359.55,359.55,359.55,0.0,72.93,26122.17,0
2026-06-08,2026-06-08 12:48:00,359.55,359.55,359.55,359.55,0.0,72.93,26122.17,0
2026-06-08,2026-06-08 12:49:00,359.55,359.55,359.54,359.54,-0.0,72.93,26122.17,-1
2026-06-08,2026-06-08 12:50:00,359.54,359.54,359.54,359.54,0.0,72.93,26122.17,0
2026-06-08,2026-06-08 12:51:00,359.54,359.54,359.53,359.53,-0.0,72.93,26122.17,-1
2026-06-08,2026-06-08 12:52:00,359.53,359.53,359.53,359.53,0.0,72.93,26122.17,0
2026-06-08,2026-06-08 12:53:00,359.53,359.53,359.52,359.52,-0.0,72.93,26122.17,-1
2026-06-08,2026-06-08 12:54:00,359.52,359.52,359.52,359.52,0.0,72.93,26122.17,0
2026-06-08,2026-06-08 12:55:00,359.52,359.52,359.52,359.52,0.0,72.93,26122.17,0
2026-06-08,2026-06-08 12:56:00,359.52,359.52,359.51,359.51,-0.0,72.93,26122.17,-1
2026-06-08,2026-06-08 12:57:00,359.51,359.51,359.51,359.51,0.0,72.93,26122.17,0
2026-06-08,2026-06-08 12:58:00,359.51,359.51,359.5,359.5,-0.0,72.93,26122.17,-1
2026-06-08,2026-06-08 12:59:00,359.5,359.5,359.5,359.5,0.0,72.93,26122.17,0
2026-06-08,2026-06-08 13:00:00,359.5,360.0,356.5,359.5,0.0,72.93,26122.17,0
2026-06-08,2026-06-08 13:01:00,359.5,359.5,359.49,359.49,-0.0,72.93,26122.17,-1
2026-06-08,2026-06-08 13:02:00,359.49,359.49,359.49,359.49,0.0,72.93,26122.17,0
2026-06-08,2026-06-08 13:03:00,359.49,359.49,359.48,359.48,-0.0,72.93,26122.17,-1
2026-06-08,2026-06-08 13:04:00,359.48,359.48,359.48,359.48,0.0,72.93,26122.17,0
2026-06-08,2026-06-08 13:05:00,359.48,359.48,359.48,359.48,0.0,72.93,26122.17,0
2026-06-08,2026-06-08 13:06:00,359.48,359.48,359.47,359.47,-0.0,72.93,26122.17,-1
2026-06-08,2026-06-08 13:07:00,359.47,359.47,359.47,359.47,0.0,72.93,26122.17,0
2026-06-08,2026-06-08 13:08:00,359.47,359.47,359.46,359.46,-0.0,72.93,26122.17,-1
2026-06-08,2026-06-08 13:09:00,359.46,359.46,359.46,359.46,0.0,72.93,26122.17,0
2026-06-08,2026-06-08 13:10:00,359.46,359.46,359.45,359.45,-0.0,72.93,26122.17,-1
2026-06-08,2026-06-08 13:11:00,359.45,359.45,359.45,359.45,0.0,72.93,26122.17,0
2026-06-08,2026-06-08 13:12:00,359.45,359.45,359.45,359.45,0.0,72.93,26122.17,0
2026-06-08,2026-06-08 13:13:00,359.45,359.45,359.44,359.44,-0.0,72.93,26122.17,-1
2026-06-08,2026-06-08 13:14:00,359.44,359.44,359.44,359.44,0.0,72.93,26122.17,0
2026-06-08,2026-06-08 13:15:00,359.44,359.44,359.43,359.43,-0.0,72.93,26122.17,-1
2026-06-08,2026-06-08 13:16:00,359.43,359.43,359.43,359.43,0.0,72.93,26122.17,0
2026-06-08,2026-06-08 13:17:00,359.43,359.43,359.43,359.43,0.0,72.93,26122.17,0
2026-06-08,2026-06-08 13:18:00,359.43,359.43,359.42,359.42,-0.0,72.93,26122.17,-1
2026-06-08,2026-06-08 13:19:00,359.42,359.42,359.42,359.42,0.0,72.93,26122.17,0
2026-06-08,2026-06-08 13:20:00,359.42,359.42,359.41,359.41,-0.0,72.93,26122.17,-1
2026-06-08,2026-06-08 13:21:00,359.41,359.41,359.41,359.41,0.0,72.93,26122.17,0
2026-06-08,2026-06-08 13:22:00,359.41,359.41,359.4,359.4,-0.0,72.93,26122.17,-1
2026-06-08,2026-06-08 13:23:00,359.4,359.4,359.4,359.4,0.0,72.93,26122.17,0
2026-06-08,2026-06-08 13:24:00,359.4,359.4,359.4,359.4,0.0,72.93,26122.17,0
2026-06-08,2026-06-08 13:25:00,359.4,359.4,359.39,359.39,-0.0,72.93,26122.17,-1
2026-06-08,2026-06-08 13:26:00,359.39,359.39,359.39,359.39,0.0,72.93,26122.17,0
2026-06-08,2026-06-08 13:27:00,359.39,359.39,359.38,359.38,-0.0,72.93,26122.17,-1
2026-06-08,2026-06-08 13:28:00,359.38,359.38,359.38,359.38,0.0,72.93,26122.17,0
2026-06-08,2026-06-08 13:29:00,359.38,359.38,359.38,359.38,0.0,72.93,26122.17,0
2026-06-08,2026-06-08 13:30:00,359.38,359.38,359.37,359.37,-0.0,72.93,26122.17,-1
2026-06-08,2026-06-08 13:31:00,359.37,359.37,359.37,359.37,0.0,72.93,26122.17,0
2026-06-08,2026-06-08 13:32:00,359.37,359.37,359.36,359.36,-0.0,72.93,26122.17,-1
2026-06-08,2026-06-08 13:33:00,359.36,359.36,359.36,359.36,0.0,72.93,26122.17,0
2026-06-08,2026-06-08 13:34:00,359.36,359.36,359.35,359.35,-0.0,72.93,26122.17,-1
2026-06-08,2026-06-08 13:35:00,359.35,359.35,359.35,359.35,0.0,72.93,26122.17,0
2026-06-08,2026-06-08 13:36:00,359.35,359.35,359.35,359.35,0.0,72.93,26122.17,0
2026-06-08,2026-06-08 13:37:00,359.35,359.35,359.34,359.34,-0.0,72.93,26122.17,-1
2026-06-08,2026-06-08 13:38:00,359.34,359.34,359.34,359.34,0.0,72.93,26122.17,0
2026-06-08,2026-06-08 13:39:00,359.34,359.34,359.33,359.33,-0.0,72.93,26122.17,-1
2026-06-08,2026-06-08 13:40:00,359.33,359.33,359.33,359.33,0.0,72.93,26122.17,0
2026-06-08,2026-06-08 13:41:00,359.33,359.33,359.32,359.32,-0.0,72.93,26122.17,-1
2026-06-08,2026-06-08 13:42:00,359.32,359.32,359.32,359.32,0.0,72.93,26122.17,0
2026-06-08,2026-06-08 13:43:00,359.32,359.32,359.32,359.32,0.0,72.93,26122.17,0
2026-06-08,2026-06-08 13:44:00,359.32,359.32,359.31,359.31,-0.0,72.93,26122.17,-1
2026-06-08,2026-06-08 13:45:00,359.31,359.31,359.31,359.31,0.0,72.93,26122.17,0
2026-06-08,2026-06-08 13:46:00,359.31,359.31,359.3,359.3,-0.0,72.93,26122.17,-1
2026-06-08,2026-06-08 13:47:00,359.3,359.3,359.3,359.3,0.0,72.93,26122.17,0
2026-06-08,2026-06-08 13:48:00,359.3,359.3,359.3,359.3,0.0,72.93,26122.17,0
2026-06-08,2026-06-08 13:49:00,359.3,359.3,359.29,359.29,-0.0,72.93,26122.17,-1
2026-06-08,2026-06-08 13:50:00,359.29,359.29,359.29,359.29,0.0,72.93,26122.17,0
2026-06-08,2026-06-08 13:51:00,359.29,359.29,359.28,359.28,-0.0,72.93,26122.17,-1
2026-06-08,2026-06-08 13:52:00,359.28,359.28,359.28,359.28,0.0,72.93,26122.17,0
2026-06-08,2026-06-08 13:53:00,359.28,359.28,359.27,359.27,-0.0,72.93,26122.17,-1
2026-06-08,2026-06-08 13:54:00,359.27,359.27,359.27,359.27,0.0,72.93,26122.17,0
2026-06-08,2026-06-08 13:55:00,359.27,359.27,359.27,359.27,0.0,72.93,26122.17,0
2026-06-08,2026-06-08 13:56:00,359.27,359.27,359.26,359.26,-0.0,72.93,26122.17,-1
2026-06-08,2026-06-08 13:57:00,359.26,359.26,359.26,359.26,0.0,72.93,26122.17,0
2026-06-08,2026-06-08 13:58:00,359.26,359.26,359.25,359.25,-0.0,72.93,26122.17,-1
2026-06-08,2026-06-08 13:59:00,359.25,359.25,359.25,359.25,0.0,72.93,26122.17,0
2026-06-08,2026-06-08 14:00:00,359.25,359.25,359.25,359.25,0.0,72.93,26122.17,0
2026-06-08,2026-06-08 14:01:00,359.25,359.25,359.24,359.24,-0.0,72.93,26122.17,-1
2026-06-08,2026-06-08 14:02:00,359.24,359.24,359.24,359.24,0.0,72.93,26122.17,0
2026-06-08,2026-06-08 14:03:00,359.24,359.24,359.23,359.23,-0.0,72.93,26122.17,-1
2026-06-08,2026-06-08 14:04:00,359.23,359.23,359.23,359.23,0.0,72.93,26122.17,0
2026-06-08,2026-06-08 14:05:00,359.23,359.23,359.23,359.23,0.0,72.93,26122.17,0
2026-06-08,2026-06-08 14:06:00,359.23,359.23,359.22,359.22,-0.0,72.93,26122.17,-1
2026-06-08,2026-06-08 14:07:00,359.22,359.22,359.22,359.22,0.0,72.93,26122.17,0
2026-06-08,2026-06-08 14:08:00,359.22,359.22,359.21,359.21,-0.0,72.93,26122.17,-1
2026-06-08,2026-06-08 14:09:00,359.21,359.21,359.21,359.21,0.0,72.93,26122.17,0
2026-06-08,2026-06-08 14:10:00,359.21,359.21,359.2,359.2,-0.0,72.93,26122.17,-1
2026-06-08,2026-06-08 14:11:00,359.2,359.2,359.2,359.2,0.0,72.93,26122.17,0
2026-06-08,2026-06-08 14:12:00,359.2,359.2,359.2,359.2,0.0,72.93,26122.17,0
2026-06-08,2026-06-08 14:13:00,359.2,359.2,359.19,359.19,-0.0,72.93,26122.17,-1
2026-06-08,2026-06-08 14:14:00,359.19,359.19,359.19,359.19,0.0,72.93,26122.17,0
2026-06-08,2026-06-08 14:15:00,359.19,359.19,359.18,359.18,-0.0,72.93,26122.17,-1
2026-06-08,2026-06-08 14:16:00,359.18,359.18,359.18,359.18,0.0,72.93,26122.17,0
2026-06-08,2026-06-08 14:17:00,359.18,359.18,359.18,359.18,0.0,72.93,26122.17,0
2026-06-08,2026-06-08 14:18:00,359.18,359.18,359.17,359.17,-0.0,72.93,26122.17,-1
2026-06-08,2026-06-08 14:19:00,359.17,359.17,359.17,359.17,0.0,72.93,26122.17,0
2026-06-08,2026-06-08 14:20:00,359.17,359.17,359.16,359.16,-0.0,72.93,26122.17,-1
2026-06-08,2026-06-08 14:21:00,359.16,359.16,359.16,359.16,0.0,72.93,26122.17,0
2026-06-08,2026-06-08 14:22:00,359.16,359.16,359.15,359.15,-0.0,72.93,26122.17,-1
2026-06-08,2026-06-08 14:23:00,359.15,359.15,359.15,359.15,0.0,72.93,26122.17,0
2026-06-08,2026-06-08 14:24:00,359.15,359.15,359.15,359.15,0.0,72.93,26122.17,0
2026-06-08,2026-06-08 14:25:00,359.15,359.15,359.14,359.14,-0.0,72.93,26122.17,-1
2026-06-08,2026-06-08 14:26:00,359.14,359.14,359.14,359.14,0.0,72.93,26122.17,0
2026-06-08,2026-06-08 14:27:00,359.14,359.14,359.13,359.13,-0.0,72.93,26122.17,-1
2026-06-08,2026-06-08 14:28:00,359.13,359.13,359.13,359.13,0.0,72.93,26122.17,0
2026-06-08,2026-06-08 14:29:00,359.13,359.13,359.12,359.12,-0.0,72.93,26122.17,-1
2026-06-08,2026-06-08 14:30:00,359.12,359.12,359.12,359.12,0.0,72.93,26122.17,0
2026-06-08,2026-06-08 14:31:00,359.12,359.12,359.12,359.12,0.0,72.93,26122.17,0
2026-06-08,2026-06-08 14:32:00,359.12,359.12,359.11,359.11,-0.0,72.93,26122.17,-1
2026-06-08,2026-06-08 14:33:00,359.11,359.11,359.11,359.11,0.0,72.93,26122.17,0
2026-06-08,2026-06-08 14:34:00,359.11,359.11,359.1,359.1,-0.0,72.93,26122.17,-1
2026-06-08,2026-06-08 14:35:00,359.1,359.1,359.1,359.1,0.0,72.93,26122.17,0
2026-06-08,2026-06-08 14:36:00,359.1,359.1,359.1,359.1,0.0,72.93,26122.17,0
2026-06-08,2026-06-08 14:37:00,359.1,359.1,359.09,359.09,-0.0,72.93,26122.17,-1
2026-06-08,2026-06-08 14:38:00,359.09,359.09,359.09,359.09,0.0,72.93,26122.17,0
2026-06-08,2026-06-08 14:39:00,359.09,359.09,359.08,359.08,-0.0,72.93,26122.17,-1
2026-06-08,2026-06-08 14:40:00,359.08,359.08,359.08,359.08,0.0,72.93,26122.17,0
2026-06-08,2026-06-08 14:41:00,359.08,359.08,359.07,359.07,-0.0,72.93,26122.17,-1
2026-06-08,2026-06-08 14:42:00,359.07,359.07,359.07,359.07,0.0,72.93,26122.17,0
2026-06-08,2026-06-08 14:43:00,359.07,359.07,359.07,359.07,0.0,72.93,26122.17,0
2026-06-08,2026-06-08 14:44:00,359.07,359.07,359.06,359.06,-0.0,72.93,26122.17,-1
2026-06-08,2026-06-08 14:45:00,359.06,359.06,359.06,359.06,0.0,72.93,26122.17,0
2026-06-08,2026-06-08 14:46:00,359.06,359.06,359.05,359.05,-0.0,72.93,26122.17,-1
2026-06-08,2026-06-08 14:47:00,359.05,359.05,359.05,359.05,0.0,72.93,26122.17,0
2026-06-08,2026-06-08 14:48:00,359.05,359.05,359.05,359.05,0.0,72.93,26122.17,0
2026-06-08,2026-06-08 14:49:00,359.05,359.05,359.04,359.04,-0.0,72.93,26122.17,-1
2026-06-08,2026-06-08 14:50:00,359.04,359.04,359.04,359.04,0.0,72.93,26122.17,0
2026-06-08,2026-06-08 14:51:00,359.04,359.04,359.03,359.03,-0.0,72.93,26122.17,-1
2026-06-08,2026-06-08 14:52:00,359.03,359.03,359.03,359.03,0.0,72.93,26122.17,0
2026-06-08,2026-06-08 14:53:00,359.03,359.03,359.02,359.02,-0.0,72.93,26122.17,-1
2026-06-08,2026-06-08 14:54:00,359.02,359.02,359.02,359.02,0.0,72.93,26122.17,0
2026-06-08,2026-06-08 14:55:00,359.02,359.02,359.02,359.02,0.0,72.93,26122.17,0
2026-06-08,2026-06-08 14:56:00,359.02,359.02,359.01,359.01,-0.0,72.93,26122.17,-1
2026-06-08,2026-06-08 14:57:00,359.01,359.01,359.01,359.01,0.0,72.93,26122.17,0
2026-06-08,2026-06-08 14:58:00,359.01,359.01,359.0,359.0,-0.0,72.93,26122.17,-1
2026-06-08,2026-06-08 14:59:00,359.0,359.0,359.0,359.0,0.0,72.93,26122.17,0
2026-06-08,2026-06-08 15:00:00,359.0,360.0,356.5,359.0,0.0,72.93,26122.17,0
2026-06-09,2026-06-09 11:00:00,359.0,359.3,357.65,359.0,0.0,53.21,18964.97,0
2026-06-09,2026-06-09 11:01:00,359.0,359.0,359.0,359.0,0.0,53.21,18964.97,0
2026-06-09,2026-06-09 11:02:00,359.0,359.0,359.0,359.0,0.0,53.21,18964.97,0
2026-06-09,2026-06-09 11:03:00,359.0,359.0,359.0,359.0,0.0,53.21,18964.97,0
2026-06-09,2026-06-09 11:04:00,359.0,359.0,359.0,359.0,0.0,53.21,18964.97,0
2026-06-09,2026-06-09 11:05:00,359.0,359.0,359.0,359.0,0.0,53.21,18964.97,0
2026-06-09,2026-06-09 11:06:00,359.0,359.0,358.99,358.99,-0.0,53.21,18964.97,-1
2026-06-09,2026-06-09 11:07:00,358.99,358.99,358.99,358.99,0.0,53.21,18964.97,0
2026-06-09,2026-06-09 11:08:00,358.99,358.99,358.99,358.99,0.0,53.21,18964.97,0
2026-06-09,2026-06-09 11:09:00,358.99,358.99,358.99,358.99,0.0,53.21,18964.97,0
2026-06-09,2026-06-09 11:10:00,358.99,358.99,358.99,358.99,0.0,53.21,18964.97,0
2026-06-09,2026-06-09 11:11:00,358.99,358.99,358.99,358.99,0.0,53.21,18964.97,0
2026-06-09,2026-06-09 11:12:00,358.99,358.99,358.99,358.99,0.0,53.21,18964.97,0
2026-06-09,2026-06-09 11:13:00,358.99,358.99,358.99,358.99,0.0,53.21,18964.97,0
2026-06-09,2026-06-09 11:14:00,358.99,358.99,358.99,358.99,0.0,53.21,18964.97,0
2026-06-09,2026-06-09 11:15:00,358.99,358.99,358.99,358.99,0.0,53.21,18964.97,0
2026-06-09,2026-06-09 11:16:00,358.99,358.99,358.99,358.99,0.0,53.21,18964.97,0
2026-06-09,2026-06-09 11:17:00,358.99,358.99,358.99,358.99,0.0,53.21,18964.97,0
2026-06-09,2026-06-09 11:18:00,358.99,358.99,358.98,358.98,-0.0,53.21,18964.97,-1
2026-06-09,2026-06-09 11:19:00,358.98,358.98,358.98,358.98,0.0,53.21,18964.97,0
2026-06-09,2026-06-09 11:20:00,358.98,358.98,358.98,358.98,0.0,53.21,18964.97,0
2026-06-09,2026-06-09 11:21:00,358.98,358.98,358.98,358.98,0.0,53.21,18964.97,0
2026-06-09,2026-06-09 11:22:00,358.98,358.98,358.98,358.98,0.0,53.21,18964.97,0
2026-06-09,2026-06-09 11:23:00,358.98,358.98,358.98,358.98,0.0,53.21,18964.97,0
2026-06-09,2026-06-09 11:24:00,358.98,358.98,358.98,358.98,0.0,53.21,18964.97,0
2026-06-09,2026-06-09 11:25:00,358.98,358.98,358.98,358.98,0.0,53.21,18964.97,0
2026-06-09,2026-06-09 11:26:00,358.98,358.98,358.98,358.98,0.0,53.21,18964.97,0
2026-06-09,2026-06-09 11:27:00,358.98,358.98,358.98,358.98,0.0,53.21,18964.97,0
2026-06-09,2026-06-09 11:28:00,358.98,358.98,358.98,358.98,0.0,53.21,18964.97,0
2026-06-09,2026-06-09 11:29:00,358.98,358.98,358.98,358.98,0.0,53.21,18964.97,0
2026-06-09,2026-06-09 11:30:00,358.98,358.98,358.97,358.97,-0.0,53.21,18964.97,-1
2026-06-09,2026-06-09 11:31:00,358.97,358.97,358.97,358.97,0.0,53.21,18964.97,0
2026-06-09,2026-06-09 11:32:00,358.97,358.97,358.97,358.97,0.0,53.21,18964.97,0
2026-06-09,2026-06-09 11:33:00,358.97,358.97,358.97,358.97,0.0,53.21,18964.97,0
2026-06-09,2026-06-09 11:34:00,358.97,358.97,358.97,358.97,0.0,53.21,18964.97,0
2026-06-09,2026-06-09 11:35:00,358.97,358.97,358.97,358.97,0.0,53.21,18964.97,0
2026-06-09,2026-06-09 11:36:00,358.97,358.97,358.97,358.97,0.0,53.21,18964.97,0
2026-06-09,2026-06-09 11:37:00,358.97,358.97,358.97,358.97,0.0,53.21,18964.97,0
2026-06-09,2026-06-09 11:38:00,358.97,358.97,358.97,358.97,0.0,53.21,18964.97,0
2026-06-09,2026-06-09 11:39:00,358.97,358.97,358.97,358.97,0.0,53.21,18964.97,0
2026-06-09,2026-06-09 11:40:00,358.97,358.97,358.97,358.97,0.0,53.21,18964.97,0
2026-06-09,2026-06-09 11:41:00,358.97,358.97,358.96,358.96,-0.0,53.21,18964.97,-1
2026-06-09,2026-06-09 11:42:00,358.96,358.96,358.96,358.96,0.0,53.21,18964.97,0
2026-06-09,2026-06-09 11:43:00,358.96,358.96,358.96,358.96,0.0,53.21,18964.97,0
2026-06-09,2026-06-09 11:44:00,358.96,358.96,358.96,358.96,0.0,53.21,18964.97,0
2026-06-09,2026-06-09 11:45:00,358.96,358.96,358.96,358.96,0.0,53.21,18964.97,0
2026-06-09,2026-06-09 11:46:00,358.96,358.96,358.96,358.96,0.0,53.21,18964.97,0
2026-06-09,2026-06-09 11:47:00,358.96,358.96,358.96,358.96,0.0,53.21,18964.97,0
2026-06-09,2026-06-09 11:48:00,358.96,358.96,358.96,358.96,0.0,53.21,18964.97,0
2026-06-09,2026-06-09 11:49:00,358.96,358.96,358.96,358.96,0.0,53.21,18964.97,0
2026-06-09,2026-06-09 11:50:00,358.96,358.96,358.96,358.96,0.0,53.21,18964.97,0
2026-06-09,2026-06-09 11:51:00,358.96,358.96,358.96,358.96,0.0,53.21,18964.97,0
2026-06-09,2026-06-09 11:52:00,358.96,358.96,358.96,358.96,0.0,53.21,18964.97,0
2026-06-09,2026-06-09 11:53:00,358.96,358.96,358.95,358.95,-0.0,53.21,18964.97,-1
2026-06-09,2026-06-09 11:54:00,358.95,358.95,358.95,358.95,0.0,53.21,18964.97,0
2026-06-09,2026-06-09 11:55:00,358.95,358.95,358.95,358.95,0.0,53.21,18964.97,0
2026-06-09,2026-06-09 11:56:00,358.95,358.95,358.95,358.95,0.0,53.21,18964.97,0
2026-06-09,2026-06-09 11:57:00,358.95,358.95,358.95,358.95,0.0,53.21,18964.97,0
2026-06-09,2026-06-09 11:58:00,358.95,358.95,358.95,358.95,0.0,53.21,18964.97,0
2026-06-09,2026-06-09 11:59:00,358.95,358.95,358.95,358.95,0.0,53.21,18964.97,0
2026-06-09,2026-06-09 12:00:00,358.95,358.95,358.95,358.95,0.0,53.21,18964.97,0
2026-06-09,2026-06-09 12:01:00,358.95,358.95,358.95,358.95,0.0,53.21,18964.97,0
2026-06-09,2026-06-09 12:02:00,358.95,358.95,358.95,358.95,0.0,53.21,18964.97,0
2026-06-09,2026-06-09 12:03:00,358.95,358.95,358.95,358.95,0.0,53.21,18964.97,0
2026-06-09,2026-06-09 12:04:00,358.95,358.95,358.95,358.95,0.0,53.21,18964.97,0
2026-06-09,2026-06-09 12:05:00,358.95,358.95,358.94,358.94,-0.0,53.21,18964.97,-1
2026-06-09,2026-06-09 12:06:00,358.94,358.94,358.94,358.94,0.0,53.21,18964.97,0
2026-06-09,2026-06-09 12:07:00,358.94,358.94,358.94,358.94,0.0,53.21,18964.97,0
2026-06-09,2026-06-09 12:08:00,358.94,358.94,358.94,358.94,0.0,53.21,18964.97,0
2026-06-09,2026-06-09 12:09:00,358.94,358.94,358.94,358.94,0.0,53.21,18964.97,0
2026-06-09,2026-06-09 12:10:00,358.94,358.94,358.94,358.94,0.0,53.21,18964.97,0
2026-06-09,2026-06-09 12:11:00,358.94,358.94,358.94,358.94,0.0,53.21,18964.97,0
2026-06-09,2026-06-09 12:12:00,358.94,358.94,358.94,358.94,0.0,53.21,18964.97,0
2026-06-09,2026-06-09 12:13:00,358.94,358.94,358.94,358.94,0.0,53.21,18964.97,0
2026-06-09,2026-06-09 12:14:00,358.94,358.94,358.94,358.94,0.0,53.21,18964.97,0
2026-06-09,2026-06-09 12:15:00,358.94,358.94,358.94,358.94,0.0,53.21,18964.97,0
2026-06-09,2026-06-09 12:16:00,358.94,358.94,358.94,358.94,0.0,53.21,18964.97,0
2026-06-09,2026-06-09 12:17:00,358.94,358.94,358.94,358.94,0.0,53.21,18964.97,0
2026-06-09,2026-06-09 12:18:00,358.94,358.94,358.93,358.93,-0.0,53.21,18964.97,-1
2026-06-09,2026-06-09 12:19:00,358.93,358.93,358.93,358.93,0.0,53.21,18964.97,0
2026-06-09,2026-06-09 12:20:00,358.93,358.93,358.93,358.93,0.0,53.21,18964.97,0
2026-06-09,2026-06-09 12:21:00,358.93,358.93,358.93,358.93,0.0,53.21,18964.97,0
2026-06-09,2026-06-09 12:22:00,358.93,358.93,358.93,358.93,0.0,53.21,18964.97,0
2026-06-09,2026-06-09 12:23:00,358.93,358.93,358.93,358.93,0.0,53.21,18964.97,0
2026-06-09,2026-06-09 12:24:00,358.93,358.93,358.93,358.93,0.0,53.21,18964.97,0
2026-06-09,2026-06-09 12:25:00,358.93,358.93,358.93,358.93,0.0,53.21,18964.97,0
2026-06-09,2026-06-09 12:26:00,358.93,358.93,358.93,358.93,0.0,53.21,18964.97,0
2026-06-09,2026-06-09 12:27:00,358.93,358.93,358.93,358.93,0.0,53.21,18964.97,0
2026-06-09,2026-06-09 12:28:00,358.93,358.93,358.93,358.93,0.0,53.21,18964.97,0
2026-06-09,2026-06-09 12:29:00,358.93,358.93,358.93,358.93,0.0,53.21,18964.97,0
2026-06-09,2026-06-09 12:30:00,358.93,358.93,358.92,358.92,-0.0,53.21,18964.97,-1
2026-06-09,2026-06-09 12:31:00,358.92,358.92,358.92,358.92,0.0,53.21,18964.97,0
2026-06-09,2026-06-09 12:32:00,358.92,358.92,358.92,358.92,0.0,53.21,18964.97,0
2026-06-09,2026-06-09 12:33:00,358.92,358.92,358.92,358.92,0.0,53.21,18964.97,0
2026-06-09,2026-06-09 12:34:00,358.92,358.92,358.92,358.92,0.0,53.21,18964.97,0
2026-06-09,2026-06-09 12:35:00,358.92,358.92,358.92,358.92,0.0,53.21,18964.97,0
2026-06-09,2026-06-09 12:36:00,358.92,358.92,358.92,358.92,0.0,53.21,18964.97,0
2026-06-09,2026-06-09 12:37:00,358.92,358.92,358.92,358.92,0.0,53.21,18964.97,0
2026-06-09,2026-06-09 12:38:00,358.92,358.92,358.92,358.92,0.0,53.21,18964.97,0
2026-06-09,2026-06-09 12:39:00,358.92,358.92,358.92,358.92,0.0,53.21,18964.97,0
2026-06-09,2026-06-09 12:40:00,358.92,358.92,358.92,358.92,0.0,53.21,18964.97,0
2026-06-09,2026-06-09 12:41:00,358.92,358.92,358.92,358.92,0.0,53.21,18964.97,0
2026-06-09,2026-06-09 12:42:00,358.92,358.92,358.91,358.91,-0.0,53.21,18964.97,-1
2026-06-09,2026-06-09 12:43:00,358.91,358.91,358.91,358.91,0.0,53.21,18964.97,0
2026-06-09,2026-06-09 12:44:00,358.91,358.91,358.91,358.91,0.0,53.21,18964.97,0
2026-06-09,2026-06-09 12:45:00,358.91,358.91,358.91,358.91,0.0,53.21,18964.97,0
2026-06-09,2026-06-09 12:46:00,358.91,358.91,358.91,358.91,0.0,53.21,18964.97,0
2026-06-09,2026-06-09 12:47:00,358.91,358.91,358.91,358.91,0.0,53.21,18964.97,0
2026-06-09,2026-06-09 12:48:00,358.91,358.91,358.91,358.91,0.0,53.21,18964.97,0
2026-06-09,2026-06-09 12:49:00,358.91,358.91,358.91,358.91,0.0,53.21,18964.97,0
2026-06-09,2026-06-09 12:50:00,358.91,358.91,358.91,358.91,0.0,53.21,18964.97,0
2026-06-09,2026-06-09 12:51:00,358.91,358.91,358.91,358.91,0.0,53.21,18964.97,0
2026-06-09,2026-06-09 12:52:00,358.91,358.91,358.91,358.91,0.0,53.21,18964.97,0
2026-06-09,2026-06-09 12:53:00,358.91,358.91,358.91,358.91,0.0,53.21,18964.97,0
2026-06-09,2026-06-09 12:54:00,358.91,358.91,358.9,358.9,-0.0,53.21,18964.97,-1
2026-06-09,2026-06-09 12:55:00,358.9,358.9,358.9,358.9,0.0,53.21,18964.97,0
2026-06-09,2026-06-09 12:56:00,358.9,358.9,358.9,358.9,0.0,53.21,18964.97,0
2026-06-09,2026-06-09 12:57:00,358.9,358.9,358.9,358.9,0.0,53.21,18964.97,0
2026-06-09,2026-06-09 12:58:00,358.9,358.9,358.9,358.9,0.0,53.21,18964.97,0
2026-06-09,2026-06-09 12:59:00,358.9,358.9,358.9,358.9,0.0,53.21,18964.97,0
2026-06-09,2026-06-09 13:00:00,358.9,360.0,354.5,358.9,0.0,53.21,18964.97,0
2026-06-09,2026-06-09 13:01:00,358.9,358.9,358.9,358.9,0.0,53.21,18964.97,0
2026-06-09,2026-06-09 13:02:00,358.9,358.9,358.9,358.9,0.0,53.21,18964.97,0
2026-06-09,2026-06-09 13:03:00,358.9,358.9,358.9,358.9,0.0,53.21,18964.97,0
2026-06-09,2026-06-09 13:04:00,358.9,358.9,358.9,358.9,0.0,53.21,18964.97,0
2026-06-09,2026-06-09 13:05:00,358.9,358.9,358.89,358.89,-0.0,53.21,18964.97,-1
2026-06-09,2026-06-09 13:06:00,358.89,358.89,358.89,358.89,0.0,53.21,18964.97,0
2026-06-09,2026-06-09 13:07:00,358.89,358.89,358.89,358.89,0.0,53.21,18964.97,0
2026-06-09,2026-06-09 13:08:00,358.89,358.89,358.89,358.89,0.0,53.21,18964.97,0
2026-06-09,2026-06-09 13:09:00,358.89,358.89,358.89,358.89,0.0,53.21,18964.97,0
2026-06-09,2026-06-09 13:10:00,358.89,358.89,358.89,358.89,0.0,53.21,18964.97,0
2026-06-09,2026-06-09 13:11:00,358.89,358.89,358.89,358.89,0.0,53.21,18964.97,0
2026-06-09,2026-06-09 13:12:00,358.89,358.89,358.89,358.89,0.0,53.21,18964.97,0
2026-06-09,2026-06-09 13:13:00,358.89,358.89,358.89,358.89,0.0,53.21,18964.97,0
2026-06-09,2026-06-09 13:14:00,358.89,358.89,358.89,358.89,0.0,53.21,18964.97,0
2026-06-09,2026-06-09 13:15:00,358.89,358.89,358.89,358.89,0.0,53.21,18964.97,0
2026-06-09,2026-06-09 13:16:00,358.89,358.89,358.89,358.89,0.0,53.21,18964.97,0
2026-06-09,2026-06-09 13:17:00,358.89,358.89,358.88,358.88,-0.0,53.21,18964.97,-1
2026-06-09,2026-06-09 13:18:00,358.88,358.88,358.88,358.88,0.0,53.21,18964.97,0
2026-06-09,2026-06-09 13:19:00,358.88,358.88,358.88,358.88,0.0,53.21,18964.97,0
2026-06-09,2026-06-09 13:20:00,358.88,358.88,358.88,358.88,0.0,53.21,18964.97,0
2026-06-09,2026-06-09 13:21:00,358.88,358.88,358.88,358.88,0.0,53.21,18964.97,0
2026-06-09,2026-06-09 13:22:00,358.88,358.88,358.88,358.88,0.0,53.21,18964.97,0
2026-06-09,2026-06-09 13:23:00,358.88,358.88,358.88,358.88,0.0,53.21,18964.97,0
2026-06-09,2026-06-09 13:24:00,358.88,358.88,358.88,358.88,0.0,53.21,18964.97,0
2026-06-09,2026-06-09 13:25:00,358.88,358.88,358.88,358.88,0.0,53.21,18964.97,0
2026-06-09,2026-06-09 13:26:00,358.88,358.88,358.88,358.88,0.0,53.21,18964.97,0
2026-06-09,2026-06-09 13:27:00,358.88,358.88,358.88,358.88,0.0,53.21,18964.97,0
2026-06-09,2026-06-09 13:28:00,358.88,358.88,358.88,358.88,0.0,53.21,18964.97,0
2026-06-09,2026-06-09 13:29:00,358.88,358.88,358.88,358.88,0.0,53.21,18964.97,0
2026-06-09,2026-06-09 13:30:00,358.88,358.88,358.87,358.87,-0.0,53.21,18964.97,-1
2026-06-09,2026-06-09 13:31:00,358.87,358.87,358.87,358.87,0.0,53.21,18964.97,0
2026-06-09,2026-06-09 13:32:00,358.87,358.87,358.87,358.87,0.0,53.21,18964.97,0
2026-06-09,2026-06-09 13:33:00,358.87,358.87,358.87,358.87,0.0,53.21,18964.97,0
2026-06-09,2026-06-09 13:34:00,358.87,358.87,358.87,358.87,0.0,53.21,18964.97,0
2026-06-09,2026-06-09 13:35:00,358.87,358.87,358.87,358.87,0.0,53.21,18964.97,0
2026-06-09,2026-06-09 13:36:00,358.87,358.87,358.87,358.87,0.0,53.21,18964.97,0
2026-06-09,2026-06-09 13:37:00,358.87,358.87,358.87,358.87,0.0,53.21,18964.97,0
2026-06-09,2026-06-09 13:38:00,358.87,358.87,358.87,358.87,0.0,53.21,18964.97,0
2026-06-09,2026-06-09 13:39:00,358.87,358.87,358.87,358.87,0.0,53.21,18964.97,0
2026-06-09,2026-06-09 13:40:00,358.87,358.87,358.87,358.87,0.0,53.21,18964.97,0
2026-06-09,2026-06-09 13:41:00,358.87,358.87,358.87,358.87,0.0,53.21,18964.97,0
2026-06-09,2026-06-09 13:42:00,358.87,358.87,358.86,358.86,-0.0,53.21,18964.97,-1
2026-06-09,2026-06-09 13:43:00,358.86,358.86,358.86,358.86,0.0,53.21,18964.97,0
2026-06-09,2026-06-09 13:44:00,358.86,358.86,358.86,358.86,0.0,53.21,18964.97,0
2026-06-09,2026-06-09 13:45:00,358.86,358.86,358.86,358.86,0.0,53.21,18964.97,0
2026-06-09,2026-06-09 13:46:00,358.86,358.86,358.86,358.86,0.0,53.21,18964.97,0
2026-06-09,2026-06-09 13:47:00,358.86,358.86,358.86,358.86,0.0,53.21,18964.97,0
2026-06-09,2026-06-09 13:48:00,358.86,358.86,358.86,358.86,0.0,53.21,18964.97,0
2026-06-09,2026-06-09 13:49:00,358.86,358.86,358.86,358.86,0.0,53.21,18964.97,0
2026-06-09,2026-06-09 13:50:00,358.86,358.86,358.86,358.86,0.0,53.21,18964.97,0
2026-06-09,2026-06-09 13:51:00,358.86,358.86,358.86,358.86,0.0,53.21,18964.97,0
2026-06-09,2026-06-09 13:52:00,358.86,358.86,358.86,358.86,0.0,53.21,18964.97,0
2026-06-09,2026-06-09 13:53:00,358.86,358.86,358.86,358.86,0.0,53.21,18964.97,0
2026-06-09,2026-06-09 13:54:00,358.86,358.86,358.85,358.85,-0.0,53.21,18964.97,-1
2026-06-09,2026-06-09 13:55:00,358.85,358.85,358.85,358.85,0.0,53.21,18964.97,0
2026-06-09,2026-06-09 13:56:00,358.85,358.85,358.85,358.85,0.0,53.21,18964.97,0
2026-06-09,2026-06-09 13:57:00,358.85,358.85,358.85,358.85,0.0,53.21,18964.97,0
2026-06-09,2026-06-09 13:58:00,358.85,358.85,358.85,358.85,0.0,53.21,18964.97,0
2026-06-09,2026-06-09 13:59:00,358.85,358.85,358.85,358.85,0.0,53.21,18964.97,0
2026-06-09,2026-06-09 14:00:00,358.85,358.85,358.85,358.85,0.0,53.21,18964.97,0
2026-06-09,2026-06-09 14:01:00,358.85,358.85,358.85,358.85,0.0,53.21,18964.97,0
2026-06-09,2026-06-09 14:02:00,358.85,358.85,358.85,358.85,0.0,53.21,18964.97,0
2026-06-09,2026-06-09 14:03:00,358.85,358.85,358.85,358.85,0.0,53.21,18964.97,0
2026-06-09,2026-06-09 14:04:00,358.85,358.85,358.85,358.85,0.0,53.21,18964.97,0
2026-06-09,2026-06-09 14:05:00,358.85,358.85,358.85,358.85,0.0,53.21,18964.97,0
2026-06-09,2026-06-09 14:06:00,358.85,358.85,358.84,358.84,-0.0,53.21,18964.97,-1
2026-06-09,2026-06-09 14:07:00,358.84,358.84,358.84,358.84,0.0,53.21,18964.97,0
2026-06-09,2026-06-09 14:08:00,358.84,358.84,358.84,358.84,0.0,53.21,18964.97,0
2026-06-09,2026-06-09 14:09:00,358.84,358.84,358.84,358.84,0.0,53.21,18964.97,0
2026-06-09,2026-06-09 14:10:00,358.84,358.84,358.84,358.84,0.0,53.21,18964.97,0
2026-06-09,2026-06-09 14:11:00,358.84,358.84,358.84,358.84,0.0,53.21,18964.97,0
2026-06-09,2026-06-09 14:12:00,358.84,358.84,358.84,358.84,0.0,53.21,18964.97,0
2026-06-09,2026-06-09 14:13:00,358.84,358.84,358.84,358.84,0.0,53.21,18964.97,0
2026-06-09,2026-06-09 14:14:00,358.84,358.84,358.84,358.84,0.0,53.21,18964.97,0
2026-06-09,2026-06-09 14:15:00,358.84,358.84,358.84,358.84,0.0,53.21,18964.97,0
2026-06-09,2026-06-09 14:16:00,358.84,358.84,358.84,358.84,0.0,53.21,18964.97,0
2026-06-09,2026-06-09 14:17:00,358.84,358.84,358.84,358.84,0.0,53.21,18964.97,0
2026-06-09,2026-06-09 14:18:00,358.84,358.84,358.83,358.83,-0.0,53.21,18964.97,-1
2026-06-09,2026-06-09 14:19:00,358.83,358.83,358.83,358.83,0.0,53.21,18964.97,0
2026-06-09,2026-06-09 14:20:00,358.83,358.83,358.83,358.83,0.0,53.21,18964.97,0
2026-06-09,2026-06-09 14:21:00,358.83,358.83,358.83,358.83,0.0,53.21,18964.97,0
2026-06-09,2026-06-09 14:22:00,358.83,358.83,358.83,358.83,0.0,53.21,18964.97,0
2026-06-09,2026-06-09 14:23:00,358.83,358.83,358.83,358.83,0.0,53.21,18964.97,0
2026-06-09,2026-06-09 14:24:00,358.83,358.83,358.83,358.83,0.0,53.21,18964.97,0
2026-06-09,2026-06-09 14:25:00,358.83,358.83,358.83,358.83,0.0,53.21,18964.97,0
2026-06-09,2026-06-09 14:26:00,358.83,358.83,358.83,358.83,0.0,53.21,18964.97,0
2026-06-09,2026-06-09 14:27:00,358.83,358.83,358.83,358.83,0.0,53.21,18964.97,0
2026-06-09,2026-06-09 14:28:00,358.83,358.83,358.83,358.83,0.0,53.21,18964.97,0
2026-06-09,2026-06-09 14:29:00,358.83,358.83,358.82,358.82,-0.0,53.21,18964.97,-1
2026-06-09,2026-06-09 14:30:00,358.82,358.82,358.82,358.82,0.0,53.21,18964.97,0
2026-06-09,2026-06-09 14:31:00,358.82,358.82,358.82,358.82,0.0,53.21,18964.97,0
2026-06-09,2026-06-09 14:32:00,358.82,358.82,358.82,358.82,0.0,53.21,18964.97,0
2026-06-09,2026-06-09 14:33:00,358.82,358.82,358.82,358.82,0.0,53.21,18964.97,0
2026-06-09,2026-06-09 14:34:00,358.82,358.82,358.82,358.82,0.0,53.21,18964.97,0
2026-06-09,2026-06-09 14:35:00,358.82,358.82,358.82,358.82,0.0,53.21,18964.97,0
2026-06-09,2026-06-09 14:36:00,358.82,358.82,358.82,358.82,0.0,53.21,18964.97,0
2026-06-09,2026-06-09 14:37:00,358.82,358.82,358.82,358.82,0.0,53.21,18964.97,0
2026-06-09,2026-06-09 14:38:00,358.82,358.82,358.82,358.82,0.0,53.21,18964.97,0
2026-06-09,2026-06-09 14:39:00,358.82,358.82,358.82,358.82,0.0,53.21,18964.97,0
2026-06-09,2026-06-09 14:40:00,358.82,358.82,358.82,358.82,0.0,53.21,18964.97,0
2026-06-09,2026-06-09 14:41:00,358.82,358.82,358.81,358.81,-0.0,53.21,18964.97,-1
2026-06-09,2026-06-09 14:42:00,358.81,358.81,358.81,358.81,0.0,53.21,18964.97,0
2026-06-09,2026-06-09 14:43:00,358.81,358.81,358.81,358.81,0.0,53.21,18964.97,0
2026-06-09,2026-06-09 14:44:00,358.81,358.81,358.81,358.81,0.0,53.21,18964.97,0
2026-06-09,2026-06-09 14:45:00,358.81,358.81,358.81,358.81,0.0,53.21,18964.97,0
2026-06-09,2026-06-09 14:46:00,358.81,358.81,358.81,358.81,0.0,53.21,18964.97,0
2026-06-09,2026-06-09 14:47:00,358.81,358.81,358.81,358.81,0.0,53.21,18964.97,0
2026-06-09,2026-06-09 14:48:00,358.81,358.81,358.81,358.81,0.0,53.21,18964.97,0
2026-06-09,2026-06-09 14:49:00,358.81,358.81,358.81,358.81,0.0,53.21,18964.97,0
2026-06-09,2026-06-09 14:50:00,358.81,358.81,358.81,358.81,0.0,53.21,18964.97,0
2026-06-09,2026-06-09 14:51:00,358.81,358.81,358.81,358.81,0.0,53.21,18964.97,0
2026-06-09,2026-06-09 14:52:00,358.81,358.81,358.81,358.81,0.0,53.21,18964.97,0
2026-06-09,2026-06-09 14:53:00,358.81,358.81,358.81,358.81,0.0,53.21,18964.97,0
2026-06-09,2026-06-09 14:54:00,358.81,358.81,358.8,358.8,-0.0,53.21,18964.97,-1
2026-06-09,2026-06-09 14:55:00,358.8,358.8,358.8,358.8,0.0,53.21,18964.97,0
2026-06-09,2026-06-09 14:56:00,358.8,358.8,358.8,358.8,0.0,53.21,18964.97,0
2026-06-09,2026-06-09 14:57:00,358.8,358.8,358.8,358.8,0.0,53.21,18964.97,0
2026-06-09,2026-06-09 14:58:00,358.8,358.8,358.8,358.8,0.0,53.21,18964.97,0
2026-06-09,2026-06-09 14:59:00,358.8,358.8,358.8,358.8,0.0,53.21,18964.97,0
2026-06-09,2026-06-09 15:00:00,358.8,360.0,354.5,358.8,0.0,53.21,18964.97,0
2026-06-10,2026-06-10 11:00:00,350.0,354.5,350.0,350.05,0.01,41.73,15104.0,1
2026-06-10,2026-06-10 11:01:00,350.05,350.1,350.05,350.1,0.01,41.73,15104.0,1
2026-06-10,2026-06-10 11:02:00,350.1,350.15,350.1,350.15,0.01,41.73,15104.0,1
2026-06-10,2026-06-10 11:03:00,350.15,350.2,350.15,350.2,0.01,41.73,15104.0,1
2026-06-10,2026-06-10 11:04:00,350.2,350.25,350.2,350.25,0.01,41.73,15104.0,1
2026-06-10,2026-06-10 11:05:00,350.25,350.3,350.25,350.3,0.01,41.73,15104.0,1
2026-06-10,2026-06-10 11:06:00,350.3,350.35,350.3,350.35,0.01,41.73,15104.0,1
2026-06-10,2026-06-10 11:07:00,350.35,350.4,350.35,350.4,0.01,41.73,15104.0,1
2026-06-10,2026-06-10 11:08:00,350.4,350.45,350.4,350.45,0.01,41.73,15104.0,1
2026-06-10,2026-06-10 11:09:00,350.45,350.5,350.45,350.5,0.01,41.73,15104.0,1
2026-06-10,2026-06-10 11:10:00,350.5,350.55,350.5,350.55,0.01,41.73,15104.0,1
2026-06-10,2026-06-10 11:11:00,350.55,350.6,350.55,350.6,0.01,41.73,15104.0,1
2026-06-10,2026-06-10 11:12:00,350.6,350.65,350.6,350.65,0.01,41.73,15104.0,1
2026-06-10,2026-06-10 11:13:00,350.65,350.7,350.65,350.7,0.01,41.73,15104.0,1
2026-06-10,2026-06-10 11:14:00,350.7,350.75,350.7,350.75,0.01,41.73,15104.0,1
2026-06-10,2026-06-10 11:15:00,350.75,350.8,350.75,350.8,0.01,41.73,15104.0,1
2026-06-10,2026-06-10 11:16:00,350.8,350.85,350.8,350.85,0.01,41.73,15104.0,1
2026-06-10,2026-06-10 11:17:00,350.85,350.9,350.85,350.9,0.01,41.73,15104.0,1
2026-06-10,2026-06-10 11:18:00,350.9,350.95,350.9,350.95,0.01,41.73,15104.0,1
2026-06-10,2026-06-10 11:19:00,350.95,351.0,350.95,351.0,0.01,41.73,15104.0,1
2026-06-10,2026-06-10 11:20:00,351.0,351.05,351.0,351.05,0.01,41.73,15104.0,1
2026-06-10,2026-06-10 11:21:00,351.05,351.1,351.05,351.1,0.01,41.73,15104.0,1
2026-06-10,2026-06-10 11:22:00,351.1,351.15,351.1,351.15,0.01,41.73,15104.0,1
2026-06-10,2026-06-10 11:23:00,351.15,351.2,351.15,351.2,0.01,41.73,15104.0,1
2026-06-10,2026-06-10 11:24:00,351.2,351.25,351.2,351.25,0.01,41.73,15104.0,1
2026-06-10,2026-06-10 11:25:00,351.25,351.3,351.25,351.3,0.01,41.73,15104.0,1
2026-06-10,2026-06-10 11:26:00,351.3,351.35,351.3,351.35,0.01,41.73,15104.0,1
2026-06-10,2026-06-10 11:27:00,351.35,351.4,351.35,351.4,0.01,41.73,15104.0,1
2026-06-10,2026-06-10 11:28:00,351.4,351.45,351.4,351.45,0.01,41.73,15104.0,1
2026-06-10,2026-06-10 11:29:00,351.45,351.5,351.45,351.5,0.01,41.73,15104.0,1
2026-06-10,2026-06-10 11:30:00,351.5,351.55,351.5,351.55,0.01,41.73,15104.0,1
2026-06-10,2026-06-10 11:31:00,351.55,351.6,351.55,351.6,0.01,41.73,15104.0,1
2026-06-10,2026-06-10 11:32:00,351.6,351.65,351.6,351.65,0.01,41.73,15104.0,1
2026-06-10,2026-06-10 11:33:00,351.65,351.7,351.65,351.7,0.01,41.73,15104.0,1
2026-06-10,2026-06-10 11:34:00,351.7,351.75,351.7,351.75,0.01,41.73,15104.0,1
2026-06-10,2026-06-10 11:35:00,351.75,351.8,351.75,351.8,0.01,41.73,15104.0,1
2026-06-10,2026-06-10 11:36:00,351.8,351.85,351.8,351.85,0.01,41.73,15104.0,1
2026-06-10,2026-06-10 11:37:00,351.85,351.9,351.85,351.9,0.01,41.73,15104.0,1
2026-06-10,2026-06-10 11:38:00,351.9,351.95,351.9,351.95,0.01,41.73,15104.0,1
2026-06-10,2026-06-10 11:39:00,351.95,352.0,351.95,352.0,0.01,41.73,15104.0,1
2026-06-10,2026-06-10 11:40:00,352.0,352.05,352.0,352.05,0.01,41.73,15104.0,1
2026-06-10,2026-06-10 11:41:00,352.05,352.1,352.05,352.1,0.01,41.73,15104.0,1
2026-06-10,2026-06-10 11:42:00,352.1,352.15,352.1,352.15,0.01,41.73,15104.0,1
2026-06-10,2026-06-10 11:43:00,352.15,352.2,352.15,352.2,0.01,41.73,15104.0,1
2026-06-10,2026-06-10 11:44:00,352.2,352.25,352.2,352.25,0.01,41.73,15104.0,1
2026-06-10,2026-06-10 11:45:00,352.25,352.3,352.25,352.3,0.01,41.73,15104.0,1
2026-06-10,2026-06-10 11:46:00,352.3,352.35,352.3,352.35,0.01,41.73,15104.0,1
2026-06-10,2026-06-10 11:47:00,352.35,352.4,352.35,352.4,0.01,41.73,15104.0,1
2026-06-10,2026-06-10 11:48:00,352.4,352.45,352.4,352.45,0.01,41.73,15104.0,1
2026-06-10,2026-06-10 11:49:00,352.45,352.5,352.45,352.5,0.01,41.73,15104.0,1
2026-06-10,2026-06-10 11:50:00,352.5,352.55,352.5,352.55,0.01,41.73,15104.0,1
2026-06-10,2026-06-10 11:51:00,352.55,352.6,352.55,352.6,0.01,41.73,15104.0,1
2026-06-10,2026-06-10 11:52:00,352.6,352.65,352.6,352.65,0.01,41.73,15104.0,1
2026-06-10,2026-06-10 11:53:00,352.65,352.7,352.65,352.7,0.01,41.73,15104.0,1
2026-06-10,2026-06-10 11:54:00,352.7,352.75,352.7,352.75,0.01,41.73,15104.0,1
2026-06-10,2026-06-10 11:55:00,352.75,352.8,352.75,352.8,0.01,41.73,15104.0,1
2026-06-10,2026-06-10 11:56:00,352.8,352.85,352.8,352.85,0.01,41.73,15104.0,1
2026-06-10,2026-06-10 11:57:00,352.85,352.9,352.85,352.9,0.01,41.73,15104.0,1
2026-06-10,2026-06-10 11:58:00,352.9,352.95,352.9,352.95,0.01,41.73,15104.0,1
2026-06-10,2026-06-10 11:59:00,352.95,353.0,352.95,353.0,0.01,41.73,15104.0,1
2026-06-10,2026-06-10 12:00:00,353.0,353.05,353.0,353.05,0.01,41.73,15104.0,1
2026-06-10,2026-06-10 12:01:00,353.05,353.1,353.05,353.1,0.01,41.73,15104.0,1
2026-06-10,2026-06-10 12:02:00,353.1,353.15,353.1,353.15,0.01,41.73,15104.0,1
2026-06-10,2026-06-10 12:03:00,353.15,353.2,353.15,353.2,0.01,41.73,15104.0,1
2026-06-10,2026-06-10 12:04:00,353.2,353.25,353.2,353.25,0.01,41.73,15104.0,1
2026-06-10,2026-06-10 12:05:00,353.25,353.3,353.25,353.3,0.01,41.73,15104.0,1
2026-06-10,2026-06-10 12:06:00,353.3,353.35,353.3,353.35,0.01,41.73,15104.0,1
2026-06-10,2026-06-10 12:07:00,353.35,353.4,353.35,353.4,0.01,41.73,15104.0,1
2026-06-10,2026-06-10 12:08:00,353.4,353.45,353.4,353.45,0.01,41.73,15104.0,1
2026-06-10,2026-06-10 12:09:00,353.45,353.5,353.45,353.5,0.01,41.73,15104.0,1
2026-06-10,2026-06-10 12:10:00,353.5,353.55,353.5,353.55,0.01,41.73,15104.0,1
2026-06-10,2026-06-10 12:11:00,353.55,353.6,353.55,353.6,0.01,41.73,15104.0,1
2026-06-10,2026-06-10 12:12:00,353.6,353.65,353.6,353.65,0.01,41.73,15104.0,1
2026-06-10,2026-06-10 12:13:00,353.65,353.7,353.65,353.7,0.01,41.73,15104.0,1
2026-06-10,2026-06-10 12:14:00,353.7,353.75,353.7,353.75,0.01,41.73,15104.0,1
2026-06-10,2026-06-10 12:15:00,353.75,353.8,353.75,353.8,0.01,41.73,15104.0,1
2026-06-10,2026-06-10 12:16:00,353.8,353.85,353.8,353.85,0.01,41.73,15104.0,1
2026-06-10,2026-06-10 12:17:00,353.85,353.9,353.85,353.9,0.01,41.73,15104.0,1
2026-06-10,2026-06-10 12:18:00,353.9,353.95,353.9,353.95,0.01,41.73,15104.0,1
2026-06-10,2026-06-10 12:19:00,353.95,354.0,353.95,354.0,0.01,41.73,15104.0,1
2026-06-10,2026-06-10 12:20:00,354.0,354.05,354.0,354.05,0.01,41.73,15104.0,1
2026-06-10,2026-06-10 12:21:00,354.05,354.1,354.05,354.1,0.01,41.73,15104.0,1
2026-06-10,2026-06-10 12:22:00,354.1,354.15,354.1,354.15,0.01,41.73,15104.0,1
2026-06-10,2026-06-10 12:23:00,354.15,354.2,354.15,354.2,0.01,41.73,15104.0,1
2026-06-10,2026-06-10 12:24:00,354.2,354.25,354.2,354.25,0.01,41.73,15104.0,1
2026-06-10,2026-06-10 12:25:00,354.25,354.3,354.25,354.3,0.01,41.73,15104.0,1
2026-06-10,2026-06-10 12:26:00,354.3,354.35,354.3,354.35,0.01,41.73,15104.0,1
2026-06-10,2026-06-10 12:27:00,354.35,354.4,354.35,354.4,0.01,41.73,15104.0,1
2026-06-10,2026-06-10 12:28:00,354.4,354.45,354.4,354.45,0.01,41.73,15104.0,1
2026-06-10,2026-06-10 12:29:00,354.45,354.5,354.45,354.5,0.01,41.73,15104.0,1
2026-06-10,2026-06-10 12:30:00,354.5,354.55,354.5,354.55,0.01,41.73,15104.0,1
2026-06-10,2026-06-10 12:31:00,354.55,354.6,354.55,354.6,0.01,41.73,15104.0,1
2026-06-10,2026-06-10 12:32:00,354.6,354.65,354.6,354.65,0.01,41.73,15104.0,1
2026-06-10,2026-06-10 12:33:00,354.65,354.7,354.65,354.7,0.01,41.73,15104.0,1
2026-06-10,2026-06-10 12:34:00,354.7,354.75,354.7,354.75,0.01,41.73,15104.0,1
2026-06-10,2026-06-10 12:35:00,354.75,354.8,354.75,354.8,0.01,41.73,15104.0,1
2026-06-10,2026-06-10 12:36:00,354.8,354.85,354.8,354.85,0.01,41.73,15104.0,1
2026-06-10,2026-06-10 12:37:00,354.85,354.9,354.85,354.9,0.01,41.73,15104.0,1
2026-06-10,2026-06-10 12:38:00,354.9,354.95,354.9,354.95,0.01,41.73,15104.0,1
2026-06-10,2026-06-10 12:39:00,354.95,355.0,354.95,355.0,0.01,41.73,15104.0,1
2026-06-10,2026-06-10 12:40:00,355.0,355.05,355.0,355.05,0.01,41.73,15104.0,1
2026-06-10,2026-06-10 12:41:00,355.05,355.1,355.05,355.1,0.01,41.73,15104.0,1
2026-06-10,2026-06-10 12:42:00,355.1,355.15,355.1,355.15,0.01,41.73,15104.0,1
2026-06-10,2026-06-10 12:43:00,355.15,355.2,355.15,355.2,0.01,41.73,15104.0,1
2026-06-10,2026-06-10 12:44:00,355.2,355.25,355.2,355.25,0.01,41.73,15104.0,1
2026-06-10,2026-06-10 12:45:00,355.25,355.3,355.25,355.3,0.01,41.73,15104.0,1
2026-06-10,2026-06-10 12:46:00,355.3,355.35,355.3,355.35,0.01,41.73,15104.0,1
2026-06-10,2026-06-10 12:47:00,355.35,355.4,355.35,355.4,0.01,41.73,15104.0,1
2026-06-10,2026-06-10 12:48:00,355.4,355.45,355.4,355.45,0.01,41.73,15104.0,1
2026-06-10,2026-06-10 12:49:00,355.45,355.5,355.45,355.5,0.01,41.73,15104.0,1
2026-06-10,2026-06-10 12:50:00,355.5,355.55,355.5,355.55,0.01,41.73,15104.0,1
2026-06-10,2026-06-10 12:51:00,355.55,355.6,355.55,355.6,0.01,41.73,15104.0,1
2026-06-10,2026-06-10 12:52:00,355.6,355.65,355.6,355.65,0.01,41.73,15104.0,1
2026-06-10,2026-06-10 12:53:00,355.65,355.7,355.65,355.7,0.01,41.73,15104.0,1
2026-06-10,2026-06-10 12:54:00,355.7,355.75,355.7,355.75,0.01,41.73,15104.0,1
2026-06-10,2026-06-10 12:55:00,355.75,355.8,355.75,355.8,0.01,41.73,15104.0,1
2026-06-10,2026-06-10 12:56:00,355.8,355.85,355.8,355.85,0.01,41.73,15104.0,1
2026-06-10,2026-06-10 12:57:00,355.85,355.9,355.85,355.9,0.01,41.73,15104.0,1
2026-06-10,2026-06-10 12:58:00,355.9,355.95,355.9,355.95,0.01,41.73,15104.0,1
2026-06-10,2026-06-10 12:59:00,355.95,356.0,355.95,356.0,0.01,41.73,15104.0,1
2026-06-10,2026-06-10 13:00:00,356.0,365.0,350.0,356.05,0.01,41.73,15104.0,1
2026-06-10,2026-06-10 13:01:00,356.05,356.1,356.05,356.1,0.01,41.73,15104.0,1
2026-06-10,2026-06-10 13:02:00,356.1,356.15,356.1,356.15,0.01,41.73,15104.0,1
2026-06-10,2026-06-10 13:03:00,356.15,356.2,356.15,356.2,0.01,41.73,15104.0,1
2026-06-10,2026-06-10 13:04:00,356.2,356.25,356.2,356.25,0.01,41.73,15104.0,1
2026-06-10,2026-06-10 13:05:00,356.25,356.3,356.25,356.3,0.01,41.73,15104.0,1
2026-06-10,2026-06-10 13:06:00,356.3,356.35,356.3,356.35,0.01,41.73,15104.0,1
2026-06-10,2026-06-10 13:07:00,356.35,356.4,356.35,356.4,0.01,41.73,15104.0,1
2026-06-10,2026-06-10 13:08:00,356.4,356.45,356.4,356.45,0.01,41.73,15104.0,1
2026-06-10,2026-06-10 13:09:00,356.45,356.5,356.45,356.5,0.01,41.73,15104.0,1
2026-06-10,2026-06-10 13:10:00,356.5,356.55,356.5,356.55,0.01,41.73,15104.0,1
2026-06-10,2026-06-10 13:11:00,356.55,356.6,356.55,356.6,0.01,41.73,15104.0,1
2026-06-10,2026-06-10 13:12:00,356.6,356.65,356.6,356.65,0.01,41.73,15104.0,1
2026-06-10,2026-06-10 13:13:00,356.65,356.7,356.65,356.7,0.01,41.73,15104.0,1
2026-06-10,2026-06-10 13:14:00,356.7,356.75,356.7,356.75,0.01,41.73,15104.0,1
2026-06-10,2026-06-10 13:15:00,356.75,356.8,356.75,356.8,0.01,41.73,15104.0,1
2026-06-10,2026-06-10 13:16:00,356.8,356.85,356.8,356.85,0.01,41.73,15104.0,1
2026-06-10,2026-06-10 13:17:00,356.85,356.9,356.85,356.9,0.01,41.73,15104.0,1
2026-06-10,2026-06-10 13:18:00,356.9,356.95,356.9,356.95,0.01,41.73,15104.0,1
2026-06-10,2026-06-10 13:19:00,356.95,357.0,356.95,357.0,0.01,41.73,15104.0,1
2026-06-10,2026-06-10 13:20:00,357.0,357.05,357.0,357.05,0.01,41.73,15104.0,1
2026-06-10,2026-06-10 13:21:00,357.05,357.1,357.05,357.1,0.01,41.73,15104.0,1
2026-06-10,2026-06-10 13:22:00,357.1,357.15,357.1,357.15,0.01,41.73,15104.0,1
2026-06-10,2026-06-10 13:23:00,357.15,357.2,357.15,357.2,0.01,41.73,15104.0,1
2026-06-10,2026-06-10 13:24:00,357.2,357.25,357.2,357.25,0.01,41.73,15104.0,1
2026-06-10,2026-06-10 13:25:00,357.25,357.3,357.25,357.3,0.01,41.73,15104.0,1
2026-06-10,2026-06-10 13:26:00,357.3,357.35,357.3,357.35,0.01,41.73,15104.0,1
2026-06-10,2026-06-10 13:27:00,357.35,357.4,357.35,357.4,0.01,41.73,15104.0,1
2026-06-10,2026-06-10 13:28:00,357.4,357.45,357.4,357.45,0.01,41.73,15104.0,1
2026-06-10,2026-06-10 13:29:00,357.45,357.5,357.45,357.5,0.01,41.73,15104.0,1
2026-06-10,2026-06-10 13:30:00,357.5,357.55,357.5,357.55,0.01,41.73,15104.0,1
2026-06-10,2026-06-10 13:31:00,357.55,357.6,357.55,357.6,0.01,41.73,15104.0,1
2026-06-10,2026-06-10 13:32:00,357.6,357.65,357.6,357.65,0.01,41.73,15104.0,1
2026-06-10,2026-06-10 13:33:00,357.65,357.7,357.65,357.7,0.01,41.73,15104.0,1
2026-06-10,2026-06-10 13:34:00,357.7,357.75,357.7,357.75,0.01,41.73,15104.0,1
2026-06-10,2026-06-10 13:35:00,357.75,357.8,357.75,357.8,0.01,41.73,15104.0,1
2026-06-10,2026-06-10 13:36:00,357.8,357.85,357.8,357.85,0.01,41.73,15104.0,1
2026-06-10,2026-06-10 13:37:00,357.85,357.9,357.85,357.9,0.01,41.73,15104.0,1
2026-06-10,2026-06-10 13:38:00,357.9,357.95,357.9,357.95,0.01,41.73,15104.0,1
2026-06-10,2026-06-10 13:39:00,357.95,358.0,357.95,358.0,0.01,41.73,15104.0,1
2026-06-10,2026-06-10 13:40:00,358.0,358.05,358.0,358.05,0.01,41.73,15104.0,1
2026-06-10,2026-06-10 13:41:00,358.05,358.1,358.05,358.1,0.01,41.73,15104.0,1
2026-06-10,2026-06-10 13:42:00,358.1,358.15,358.1,358.15,0.01,41.73,15104.0,1
2026-06-10,2026-06-10 13:43:00,358.15,358.2,358.15,358.2,0.01,41.73,15104.0,1
2026-06-10,2026-06-10 13:44:00,358.2,358.25,358.2,358.25,0.01,41.73,15104.0,1
2026-06-10,2026-06-10 13:45:00,358.25,358.3,358.25,358.3,0.01,41.73,15104.0,1
2026-06-10,2026-06-10 13:46:00,358.3,358.35,358.3,358.35,0.01,41.73,15104.0,1
2026-06-10,2026-06-10 13:47:00,358.35,358.4,358.35,358.4,0.01,41.73,15104.0,1
2026-06-10,2026-06-10 13:48:00,358.4,358.45,358.4,358.45,0.01,41.73,15104.0,1
2026-06-10,2026-06-10 13:49:00,358.45,358.5,358.45,358.5,0.01,41.73,15104.0,1
2026-06-10,2026-06-10 13:50:00,358.5,358.55,358.5,358.55,0.01,41.73,15104.0,1
2026-06-10,2026-06-10 13:51:00,358.55,358.6,358.55,358.6,0.01,41.73,15104.0,1
2026-06-10,2026-06-10 13:52:00,358.6,358.65,358.6,358.65,0.01,41.73,15104.0,1
2026-06-10,2026-06-10 13:53:00,358.65,358.7,358.65,358.7,0.01,41.73,15104.0,1
2026-06-10,2026-06-10 13:54:00,358.7,358.75,358.7,358.75,0.01,41.73,15104.0,1
2026-06-10,2026-06-10 13:55:00,358.75,358.8,358.75,358.8,0.01,41.73,15104.0,1
2026-06-10,2026-06-10 13:56:00,358.8,358.85,358.8,358.85,0.01,41.73,15104.0,1
2026-06-10,2026-06-10 13:57:00,358.85,358.9,358.85,358.9,0.01,41.73,15104.0,1
2026-06-10,2026-06-10 13:58:00,358.9,358.95,358.9,358.95,0.01,41.73,15104.0,1
2026-06-10,2026-06-10 13:59:00,358.95,359.0,358.95,359.0,0.01,41.73,15104.0,1
2026-06-10,2026-06-10 14:00:00,359.0,359.05,359.0,359.05,0.01,41.73,15104.0,1
2026-06-10,2026-06-10 14:01:00,359.05,359.1,359.05,359.1,0.01,41.73,15104.0,1
2026-06-10,2026-06-10 14:02:00,359.1,359.15,359.1,359.15,0.01,41.73,15104.0,1
2026-06-10,2026-06-10 14:03:00,359.15,359.2,359.15,359.2,0.01,41.73,15104.0,1
2026-06-10,2026-06-10 14:04:00,359.2,359.25,359.2,359.25,0.01,41.73,15104.0,1
2026-06-10,2026-06-10 14:05:00,359.25,359.3,359.25,359.3,0.01,41.73,15104.0,1
2026-06-10,2026-06-10 14:06:00,359.3,359.35,359.3,359.35,0.01,41.73,15104.0,1
2026-06-10,2026-06-10 14:07:00,359.35,359.4,359.35,359.4,0.01,41.73,15104.0,1
2026-06-10,2026-06-10 14:08:00,359.4,359.45,359.4,359.45,0.01,41.73,15104.0,1
2026-06-10,2026-06-10 14:09:00,359.45,359.5,359.45,359.5,0.01,41.73,15104.0,1
2026-06-10,2026-06-10 14:10:00,359.5,359.55,359.5,359.55,0.01,41.73,15104.0,1
2026-06-10,2026-06-10 14:11:00,359.55,359.6,359.55,359.6,0.01,41.73,15104.0,1
2026-06-10,2026-06-10 14:12:00,359.6,359.65,359.6,359.65,0.01,41.73,15104.0,1
2026-06-10,2026-06-10 14:13:00,359.65,359.7,359.65,359.7,0.01,41.73,15104.0,1
2026-06-10,2026-06-10 14:14:00,359.7,359.75,359.7,359.75,0.01,41.73,15104.0,1
2026-06-10,2026-06-10 14:15:00,359.75,359.8,359.75,359.8,0.01,41.73,15104.0,1
2026-06-10,2026-06-10 14:16:00,359.8,359.85,359.8,359.85,0.01,41.73,15104.0,1
2026-06-10,2026-06-10 14:17:00,359.85,359.9,359.85,359.9,0.01,41.73,15104.0,1
2026-06-10,2026-06-10 14:18:00,359.9,359.95,359.9,359.95,0.01,41.73,15104.0,1
2026-06-10,2026-06-10 14:19:00,359.95,360.0,359.95,360.0,0.01,41.73,15104.0,1
2026-06-10,2026-06-10 14:20:00,360.0,360.05,360.0,360.05,0.01,41.73,15104.0,1
2026-06-10,2026-06-10 14:21:00,360.05,360.1,360.05,360.1,0.01,41.73,15104.0,1
2026-06-10,2026-06-10 14:22:00,360.1,360.15,360.1,360.15,0.01,41.73,15104.0,1
2026-06-10,2026-06-10 14:23:00,360.15,360.2,360.15,360.2,0.01,41.73,15104.0,1
2026-06-10,2026-06-10 14:24:00,360.2,360.25,360.2,360.25,0.01,41.73,15104.0,1
2026-06-10,2026-06-10 14:25:00,360.25,360.3,360.25,360.3,0.01,41.73,15104.0,1
2026-06-10,2026-06-10 14:26:00,360.3,360.35,360.3,360.35,0.01,41.73,15104.0,1
2026-06-10,2026-06-10 14:27:00,360.35,360.4,360.35,360.4,0.01,41.73,15104.0,1
2026-06-10,2026-06-10 14:28:00,360.4,360.45,360.4,360.45,0.01,41.73,15104.0,1
2026-06-10,2026-06-10 14:29:00,360.45,360.5,360.45,360.5,0.01,41.73,15104.0,1
2026-06-10,2026-06-10 14:30:00,360.5,360.55,360.5,360.55,0.01,41.73,15104.0,1
2026-06-10,2026-06-10 14:31:00,360.55,360.6,360.55,360.6,0.01,41.73,15104.0,1
2026-06-10,2026-06-10 14:32:00,360.6,360.65,360.6,360.65,0.01,41.73,15104.0,1
2026-06-10,2026-06-10 14:33:00,360.65,360.7,360.65,360.7,0.01,41.73,15104.0,1
2026-06-10,2026-06-10 14:34:00,360.7,360.75,360.7,360.75,0.01,41.73,15104.0,1
2026-06-10,2026-06-10 14:35:00,360.75,360.8,360.75,360.8,0.01,41.73,15104.0,1
2026-06-10,2026-06-10 14:36:00,360.8,360.85,360.8,360.85,0.01,41.73,15104.0,1
2026-06-10,2026-06-10 14:37:00,360.85,360.9,360.85,360.9,0.01,41.73,15104.0,1
2026-06-10,2026-06-10 14:38:00,360.9,360.95,360.9,360.95,0.01,41.73,15104.0,1
2026-06-10,2026-06-10 14:39:00,360.95,361.0,360.95,361.0,0.01,41.73,15104.0,1
2026-06-10,2026-06-10 14:40:00,361.0,361.05,361.0,361.05,0.01,41.73,15104.0,1
2026-06-10,2026-06-10 14:41:00,361.05,361.1,361.05,361.1,0.01,41.73,15104.0,1
2026-06-10,2026-06-10 14:42:00,361.1,361.15,361.1,361.15,0.01,41.73,15104.0,1
2026-06-10,2026-06-10 14:43:00,361.15,361.2,361.15,361.2,0.01,41.73,15104.0,1
2026-06-10,2026-06-10 14:44:00,361.2,361.25,361.2,361.25,0.01,41.73,15104.0,1
2026-06-10,2026-06-10 14:45:00,361.25,361.3,361.25,361.3,0.01,41.73,15104.0,1
2026-06-10,2026-06-10 14:46:00,361.3,361.35,361.3,361.35,0.01,41.73,15104.0,1
2026-06-10,2026-06-10 14:47:00,361.35,361.4,361.35,361.4,0.01,41.73,15104.0,1
2026-06-10,2026-06-10 14:48:00,361.4,361.45,361.4,361.45,0.01,41.73,15104.0,1
2026-06-10,2026-06-10 14:49:00,361.45,361.5,361.45,361.5,0.01,41.73,15104.0,1
2026-06-10,2026-06-10 14:50:00,361.5,361.55,361.5,361.55,0.01,41.73,15104.0,1
2026-06-10,2026-06-10 14:51:00,361.55,361.6,361.55,361.6,0.01,41.73,15104.0,1
2026-06-10,2026-06-10 14:52:00,361.6,361.65,361.6,361.65,0.01,41.73,15104.0,1
2026-06-10,2026-06-10 14:53:00,361.65,361.7,361.65,361.7,0.01,41.73,15104.0,1
2026-06-10,2026-06-10 14:54:00,361.7,361.75,361.7,361.75,0.01,41.73,15104.0,1
2026-06-10,2026-06-10 14:55:00,361.75,361.8,361.75,361.8,0.01,41.73,15104.0,1
2026-06-10,2026-06-10 14:56:00,361.8,361.85,361.8,361.85,0.01,41.73,15104.0,1
2026-06-10,2026-06-10 14:57:00,361.85,361.9,361.85,361.9,0.01,41.73,15104.0,1
2026-06-10,2026-06-10 14:58:00,361.9,361.95,361.9,361.95,0.01,41.73,15104.0,1
2026-06-10,2026-06-10 14:59:00,361.95,362.0,361.95,362.0,0.01,41.73,15104.0,1
2026-06-10,2026-06-10 15:00:00,362.0,365.0,350.0,362.0,0.0,41.73,15104.0,0
2026-06-11,2026-06-11 11:00:00,360.0,361.47,358.23,359.99,-0.0,34.28,12284.52,-1
2026-06-11,2026-06-11 11:01:00,359.99,359.99,359.98,359.98,-0.0,34.28,12284.52,-1
2026-06-11,2026-06-11 11:02:00,359.98,359.98,359.96,359.96,-0.01,34.28,12284.52,-1
2026-06-11,2026-06-11 11:03:00,359.96,359.96,359.95,359.95,-0.0,34.28,12284.52,-1
2026-06-11,2026-06-11 11:04:00,359.95,359.95,359.94,359.94,-0.0,34.28,12284.52,-1
2026-06-11,2026-06-11 11:05:00,359.94,359.94,359.93,359.93,-0.0,34.28,12284.52,-1
2026-06-11,2026-06-11 11:06:00,359.93,359.93,359.91,359.91,-0.01,34.28,12284.52,-1
2026-06-11,2026-06-11 11:07:00,359.91,359.91,359.9,359.9,-0.0,34.28,12284.52,-1
2026-06-11,2026-06-11 11:08:00,359.9,359.9,359.89,359.89,-0.0,34.28,12284.52,-1
2026-06-11,2026-06-11 11:09:00,359.89,359.89,359.88,359.88,-0.0,34.28,12284.52,-1
2026-06-11,2026-06-11 11:10:00,359.88,359.88,359.86,359.86,-0.01,34.28,12284.52,-1
2026-06-11,2026-06-11 11:11:00,359.86,359.86,359.85,359.85,-0.0,34.28,12284.52,-1
2026-06-11,2026-06-11 11:12:00,359.85,359.85,359.84,359.84,-0.0,34.28,12284.52,-1
2026-06-11,2026-06-11 11:13:00,359.84,359.84,359.82,359.82,-0.01,34.28,12284.52,-1
2026-06-11,2026-06-11 11:14:00,359.82,359.82,359.81,359.81,-0.0,34.28,12284.52,-1
2026-06-11,2026-06-11 11:15:00,359.81,359.81,359.8,359.8,-0.0,34.28,12284.52,-1
2026-06-11,2026-06-11 11:16:00,359.8,359.8,359.79,359.79,-0.0,34.28,12284.52,-1
2026-06-11,2026-06-11 11:17:00,359.79,359.79,359.77,359.77,-0.01,34.28,12284.52,-1
2026-06-11,2026-06-11 11:18:00,359.77,359.77,359.76,359.76,-0.0,34.28,12284.52,-1
2026-06-11,2026-06-11 11:19:00,359.76,359.76,359.75,359.75,-0.0,34.28,12284.52,-1
2026-06-11,2026-06-11 11:20:00,359.75,359.75,359.74,359.74,-0.0,34.28,12284.52,-1
2026-06-11,2026-06-11 11:21:00,359.74,359.74,359.73,359.73,-0.0,34.28,12284.52,-1
2026-06-11,2026-06-11 11:22:00,359.73,359.73,359.71,359.71,-0.01,34.28,12284.52,-1
2026-06-11,2026-06-11 11:23:00,359.71,359.71,359.7,359.7,-0.0,34.28,12284.52,-1
2026-06-11,2026-06-11 11:24:00,359.7,359.7,359.69,359.69,-0.0,34.28,12284.52,-1
2026-06-11,2026-06-11 11:25:00,359.69,359.69,359.68,359.68,-0.0,34.28,12284.52,-1
2026-06-11,2026-06-11 11:26:00,359.68,359.68,359.66,359.66,-0.01,34.28,12284.52,-1
2026-06-11,2026-06-11 11:27:00,359.66,359.66,359.65,359.65,-0.0,34.28,12284.52,-1
2026-06-11,2026-06-11 11:28:00,359.65,359.65,359.64,359.64,-0.0,34.28,12284.52,-1
2026-06-11,2026-06-11 11:29:00,359.64,359.64,359.62,359.62,-0.01,34.28,12284.52,-1
2026-06-11,2026-06-11 11:30:00,359.62,359.62,359.61,359.61,-0.0,34.28,12284.52,-1
2026-06-11,2026-06-11 11:31:00,359.61,359.61,359.6,359.6,-0.0,34.28,12284.52,-1
2026-06-11,2026-06-11 11:32:00,359.6,359.6,359.59,359.59,-0.0,34.28,12284.52,-1
2026-06-11,2026-06-11 11:33:00,359.59,359.59,359.57,359.57,-0.01,34.28,12284.52,-1
2026-06-11,2026-06-11 11:34:00,359.57,359.57,359.56,359.56,-0.0,34.28,12284.52,-1
2026-06-11,2026-06-11 11:35:00,359.56,359.56,359.55,359.55,-0.0,34.28,12284.52,-1
2026-06-11,2026-06-11 11:36:00,359.55,359.55,359.54,359.54,-0.0,34.28,12284.52,-1
2026-06-11,2026-06-11 11:37:00,359.54,359.54,359.52,359.52,-0.01,34.28,12284.52,-1
2026-06-11,2026-06-11 11:38:00,359.52,359.52,359.51,359.51,-0.0,34.28,12284.52,-1
2026-06-11,2026-06-11 11:39:00,359.51,359.51,359.5,359.5,-0.0,34.28,12284.52,-1
2026-06-11,2026-06-11 11:40:00,359.5,359.5,359.49,359.49,-0.0,34.28,12284.52,-1
2026-06-11,2026-06-11 11:41:00,359.49,359.49,359.48,359.48,-0.0,34.28,12284.52,-1
2026-06-11,2026-06-11 11:42:00,359.48,359.48,359.46,359.46,-0.01,34.28,12284.52,-1
2026-06-11,2026-06-11 11:43:00,359.46,359.46,359.45,359.45,-0.0,34.28,12284.52,-1
2026-06-11,2026-06-11 11:44:00,359.45,359.45,359.44,359.44,-0.0,34.28,12284.52,-1
2026-06-11,2026-06-11 11:45:00,359.44,359.44,359.43,359.43,-0.0,34.28,12284.52,-1
2026-06-11,2026-06-11 11:46:00,359.43,359.43,359.41,359.41,-0.01,34.28,12284.52,-1
2026-06-11,2026-06-11 11:47:00,359.41,359.41,359.4,359.4,-0.0,34.28,12284.52,-1
2026-06-11,2026-06-11 11:48:00,359.4,359.4,359.39,359.39,-0.0,34.28,12284.52,-1
2026-06-11,2026-06-11 11:49:00,359.39,359.39,359.38,359.38,-0.0,34.28,12284.52,-1
2026-06-11,2026-06-11 11:50:00,359.38,359.38,359.36,359.36,-0.01,34.28,12284.52,-1
2026-06-11,2026-06-11 11:51:00,359.36,359.36,359.35,359.35,-0.0,34.28,12284.52,-1
2026-06-11,2026-06-11 11:52:00,359.35,359.35,359.34,359.34,-0.0,34.28,12284.52,-1
2026-06-11,2026-06-11 11:53:00,359.34,359.34,359.32,359.32,-0.01,34.28,12284.52,-1
2026-06-11,2026-06-11 11:54:00,359.32,359.32,359.31,359.31,-0.0,34.28,12284.52,-1
2026-06-11,2026-06-11 11:55:00,359.31,359.31,359.3,359.3,-0.0,34.28,12284.52,-1
2026-06-11,2026-06-11 11:56:00,359.3,359.3,359.29,359.29,-0.0,34.28,12284.52,-1
2026-06-11,2026-06-11 11:57:00,359.29,359.29,359.27,359.27,-0.01,34.28,12284.52,-1
2026-06-11,2026-06-11 11:58:00,359.27,359.27,359.26,359.26,-0.0,34.28,12284.52,-1
2026-06-11,2026-06-11 11:59:00,359.26,359.26,359.25,359.25,-0.0,34.28,12284.52,-1
2026-06-11,2026-06-11 12:00:00,359.25,359.25,359.24,359.24,-0.0,34.28,12284.52,-1
2026-06-11,2026-06-11 12:01:00,359.24,359.24,359.23,359.23,-0.0,34.28,12284.52,-1
2026-06-11,2026-06-11 12:02:00,359.23,359.23,359.21,359.21,-0.01,34.28,12284.52,-1
2026-06-11,2026-06-11 12:03:00,359.21,359.21,359.2,359.2,-0.0,34.28,12284.52,-1
2026-06-11,2026-06-11 12:04:00,359.2,359.2,359.19,359.19,-0.0,34.28,12284.52,-1
2026-06-11,2026-06-11 12:05:00,359.19,359.19,359.18,359.18,-0.0,34.28,12284.52,-1
2026-06-11,2026-06-11 12:06:00,359.18,359.18,359.16,359.16,-0.01,34.28,12284.52,-1
2026-06-11,2026-06-11 12:07:00,359.16,359.16,359.15,359.15,-0.0,34.28,12284.52,-1
2026-06-11,2026-06-11 12:08:00,359.15,359.15,359.14,359.14,-0.0,34.28,12284.52,-1
2026-06-11,2026-06-11 12:09:00,359.14,359.14,359.12,359.12,-0.01,34.28,12284.52,-1
2026-06-11,2026-06-11 12:10:00,359.12,359.12,359.11,359.11,-0.0,34.28,12284.52,-1
2026-06-11,2026-06-11 12:11:00,359.11,359.11,359.1,359.1,-0.0,34.28,12284.52,-1
2026-06-11,2026-06-11 12:12:00,359.1,359.1,359.09,359.09,-0.0,34.28,12284.52,-1
2026-06-11,2026-06-11 12:13:00,359.09,359.09,359.07,359.07,-0.01,34.28,12284.52,-1
2026-06-11,2026-06-11 12:14:00,359.07,359.07,359.06,359.06,-0.0,34.28,12284.52,-1
2026-06-11,2026-06-11 12:15:00,359.06,359.06,359.05,359.05,-0.0,34.28,12284.52,-1
2026-06-11,2026-06-11 12:16:00,359.05,359.05,359.04,359.04,-0.0,34.28,12284.52,-1
2026-06-11,2026-06-11 12:17:00,359.04,359.04,359.02,359.02,-0.01,34.28,12284.52,-1
2026-06-11,2026-06-11 12:18:00,359.02,359.02,359.01,359.01,-0.0,34.28,12284.52,-1
2026-06-11,2026-06-11 12:19:00,359.01,359.01,359.0,359.0,-0.0,34.28,12284.52,-1
2026-06-11,2026-06-11 12:20:00,359.0,359.0,358.99,358.99,-0.0,34.28,12284.52,-1
2026-06-11,2026-06-11 12:21:00,358.99,358.99,358.98,358.98,-0.0,34.28,12284.52,-1
2026-06-11,2026-06-11 12:22:00,358.98,358.98,358.96,358.96,-0.01,34.28,12284.52,-1
2026-06-11,2026-06-11 12:23:00,358.96,358.96,358.95,358.95,-0.0,34.28,12284.52,-1
2026-06-11,2026-06-11 12:24:00,358.95,358.95,358.94,358.94,-0.0,34.28,12284.52,-1
2026-06-11,2026-06-11 12:25:00,358.94,358.94,358.93,358.93,-0.0,34.28,12284.52,-1
2026-06-11,2026-06-11 12:26:00,358.93,358.93,358.91,358.91,-0.01,34.28,12284.52,-1
2026-06-11,2026-06-11 12:27:00,358.91,358.91,358.9,358.9,-0.0,34.28,12284.52,-1
2026-06-11,2026-06-11 12:28:00,358.9,358.9,358.89,358.89,-0.0,34.28,12284.52,-1
2026-06-11,2026-06-11 12:29:00,358.89,358.89,358.88,358.88,-0.0,34.28,12284.52,-1
2026-06-11,2026-06-11 12:30:00,358.88,358.88,358.86,358.86,-0.01,34.28,12284.52,-1
2026-06-11,2026-06-11 12:31:00,358.86,358.86,358.85,358.85,-0.0,34.28,12284.52,-1
2026-06-11,2026-06-11 12:32:00,358.85,358.85,358.84,358.84,-0.0,34.28,12284.52,-1
2026-06-11,2026-06-11 12:33:00,358.84,358.84,358.82,358.82,-0.01,34.28,12284.52,-1
2026-06-11,2026-06-11 12:34:00,358.82,358.82,358.81,358.81,-0.0,34.28,12284.52,-1
2026-06-11,2026-06-11 12:35:00,358.81,358.81,358.8,358.8,-0.0,34.28,12284.52,-1
2026-06-11,2026-06-11 12:36:00,358.8,358.8,358.79,358.79,-0.0,34.28,12284.52,-1
2026-06-11,2026-06-11 12:37:00,358.79,358.79,358.77,358.77,-0.01,34.28,12284.52,-1
2026-06-11,2026-06-11 12:38:00,358.77,358.77,358.76,358.76,-0.0,34.28,12284.52,-1
2026-06-11,2026-06-11 12:39:00,358.76,358.76,358.75,358.75,-0.0,34.28,12284.52,-1
2026-06-11,2026-06-11 12:40:00,358.75,358.75,358.74,358.74,-0.0,34.28,12284.52,-1
2026-06-11,2026-06-11 12:41:00,358.74,358.74,358.73,358.73,-0.0,34.28,12284.52,-1
2026-06-11,2026-06-11 12:42:00,358.73,358.73,358.71,358.71,-0.01,34.28,12284.52,-1
2026-06-11,2026-06-11 12:43:00,358.71,358.71,358.7,358.7,-0.0,34.28,12284.52,-1
2026-06-11,2026-06-11 12:44:00,358.7,358.7,358.69,358.69,-0.0,34.28,12284.52,-1
2026-06-11,2026-06-11 12:45:00,358.69,358.69,358.68,358.68,-0.0,34.28,12284.52,-1
2026-06-11,2026-06-11 12:46:00,358.68,358.68,358.66,358.66,-0.01,34.28,12284.52,-1
2026-06-11,2026-06-11 12:47:00,358.66,358.66,358.65,358.65,-0.0,34.28,12284.52,-1
2026-06-11,2026-06-11 12:48:00,358.65,358.65,358.64,358.64,-0.0,34.28,12284.52,-1
2026-06-11,2026-06-11 12:49:00,358.64,358.64,358.62,358.62,-0.01,34.28,12284.52,-1
2026-06-11,2026-06-11 12:50:00,358.62,358.62,358.61,358.61,-0.0,34.28,12284.52,-1
2026-06-11,2026-06-11 12:51:00,358.61,358.61,358.6,358.6,-0.0,34.28,12284.52,-1
2026-06-11,2026-06-11 12:52:00,358.6,358.6,358.59,358.59,-0.0,34.28,12284.52,-1
2026-06-11,2026-06-11 12:53:00,358.59,358.59,358.57,358.57,-0.01,34.28,12284.52,-1
2026-06-11,2026-06-11 12:54:00,358.57,358.57,358.56,358.56,-0.0,34.28,12284.52,-1
2026-06-11,2026-06-11 12:55:00,358.56,358.56,358.55,358.55,-0.0,34.28,12284.52,-1
2026-06-11,2026-06-11 12:56:00,358.55,358.55,358.54,358.54,-0.0,34.28,12284.52,-1
2026-06-11,2026-06-11 12:57:00,358.54,358.54,358.52,358.52,-0.01,34.28,12284.52,-1
2026-06-11,2026-06-11 12:58:00,358.52,358.52,358.51,358.51,-0.0,34.28,12284.52,-1
2026-06-11,2026-06-11 12:59:00,358.51,358.51,358.5,358.5,-0.0,34.28,12284.52,-1
2026-06-11,2026-06-11 13:00:00,358.5,364.9,354.1,358.49,-0.0,34.28,12284.52,-1
2026-06-11,2026-06-11 13:01:00,358.49,358.49,358.48,358.48,-0.0,34.28,12284.52,-1
2026-06-11,2026-06-11 13:02:00,358.48,358.48,358.46,358.46,-0.01,34.28,12284.52,-1
2026-06-11,2026-06-11 13:03:00,358.46,358.46,358.45,358.45,-0.0,34.28,12284.52,-1
2026-06-11,2026-06-11 13:04:00,358.45,358.45,358.44,358.44,-0.0,34.28,12284.52,-1
2026-06-11,2026-06-11 13:05:00,358.44,358.44,358.43,358.43,-0.0,34.28,12284.52,-1
2026-06-11,2026-06-11 13:06:00,358.43,358.43,358.41,358.41,-0.01,34.28,12284.52,-1
2026-06-11,2026-06-11 13:07:00,358.41,358.41,358.4,358.4,-0.0,34.28,12284.52,-1
2026-06-11,2026-06-11 13:08:00,358.4,358.4,358.39,358.39,-0.0,34.28,12284.52,-1
2026-06-11,2026-06-11 13:09:00,358.39,358.39,358.38,358.38,-0.0,34.28,12284.52,-1
2026-06-11,2026-06-11 13:10:00,358.38,358.38,358.36,358.36,-0.01,34.28,12284.52,-1
2026-06-11,2026-06-11 13:11:00,358.36,358.36,358.35,358.35,-0.0,34.28,12284.52,-1
2026-06-11,2026-06-11 13:12:00,358.35,358.35,358.34,358.34,-0.0,34.28,12284.52,-1
2026-06-11,2026-06-11 13:13:00,358.34,358.34,358.32,358.32,-0.01,34.28,12284.52,-1
2026-06-11,2026-06-11 13:14:00,358.32,358.32,358.31,358.31,-0.0,34.28,12284.52,-1
2026-06-11,2026-06-11 13:15:00,358.31,358.31,358.3,358.3,-0.0,34.28,12284.52,-1
2026-06-11,2026-06-11 13:16:00,358.3,358.3,358.29,358.29,-0.0,34.28,12284.52,-1
2026-06-11,2026-06-11 13:17:00,358.29,358.29,358.27,358.27,-0.01,34.28,12284.52,-1
2026-06-11,2026-06-11 13:18:00,358.27,358.27,358.26,358.26,-0.0,34.28,12284.52,-1
2026-06-11,2026-06-11 13:19:00,358.26,358.26,358.25,358.25,-0.0,34.28,12284.52,-1
2026-06-11,2026-06-11 13:20:00,358.25,358.25,358.24,358.24,-0.0,34.28,12284.52,-1
2026-06-11,2026-06-11 13:21:00,358.24,358.24,358.23,358.23,-0.0,34.28,12284.52,-1
2026-06-11,2026-06-11 13:22:00,358.23,358.23,358.21,358.21,-0.01,34.28,12284.52,-1
2026-06-11,2026-06-11 13:23:00,358.21,358.21,358.2,358.2,-0.0,34.28,12284.52,-1
2026-06-11,2026-06-11 13:24:00,358.2,358.2,358.19,358.19,-0.0,34.28,12284.52,-1
2026-06-11,2026-06-11 13:25:00,358.19,358.19,358.18,358.18,-0.0,34.28,12284.52,-1
2026-06-11,2026-06-11 13:26:00,358.18,358.18,358.16,358.16,-0.01,34.28,12284.52,-1
2026-06-11,2026-06-11 13:27:00,358.16,358.16,358.15,358.15,-0.0,34.28,12284.52,-1
2026-06-11,2026-06-11 13:28:00,358.15,358.15,358.14,358.14,-0.0,34.28,12284.52,-1
2026-06-11,2026-06-11 13:29:00,358.14,358.14,358.12,358.12,-0.01,34.28,12284.52,-1
2026-06-11,2026-06-11 13:30:00,358.12,358.12,358.11,358.11,-0.0,34.28,12284.52,-1
2026-06-11,2026-06-11 13:31:00,358.11,358.11,358.1,358.1,-0.0,34.28,12284.52,-1
2026-06-11,2026-06-11 13:32:00,358.1,358.1,358.09,358.09,-0.0,34.28,12284.52,-1
2026-06-11,2026-06-11 13:33:00,358.09,358.09,358.07,358.07,-0.01,34.28,12284.52,-1
2026-06-11,2026-06-11 13:34:00,358.07,358.07,358.06,358.06,-0.0,34.28,12284.52,-1
2026-06-11,2026-06-11 13:35:00,358.06,358.06,358.05,358.05,-0.0,34.28,12284.52,-1
2026-06-11,2026-06-11 13:36:00,358.05,358.05,358.04,358.04,-0.0,34.28,12284.52,-1
2026-06-11,2026-06-11 13:37:00,358.04,358.04,358.02,358.02,-0.01,34.28,12284.52,-1
2026-06-11,2026-06-11 13:38:00,358.02,358.02,358.01,358.01,-0.0,34.28,12284.52,-1
2026-06-11,2026-06-11 13:39:00,358.01,358.01,358.0,358.0,-0.0,34.28,12284.52,-1
2026-06-11,2026-06-11 13:40:00,358.0,358.0,357.99,357.99,-0.0,34.28,12284.52,-1
2026-06-11,2026-06-11 13:41:00,357.99,357.99,357.98,357.98,-0.0,34.28,12284.52,-1
2026-06-11,2026-06-11 13:42:00,357.98,357.98,357.96,357.96,-0.01,34.28,12284.52,-1
2026-06-11,2026-06-11 13:43:00,357.96,357.96,357.95,357.95,-0.0,34.28,12284.52,-1
2026-06-11,2026-06-11 13:44:00,357.95,357.95,357.94,357.94,-0.0,34.28,12284.52,-1
2026-06-11,2026-06-11 13:45:00,357.94,357.94,357.93,357.93,-0.0,34.28,12284.52,-1
2026-06-11,2026-06-11 13:46:00,357.93,357.93,357.91,357.91,-0.01,34.28,12284.52,-1
2026-06-11,2026-06-11 13:47:00,357.91,357.91,357.9,357.9,-0.0,34.28,12284.52,-1
2026-06-11,2026-06-11 13:48:00,357.9,357.9,357.89,357.89,-0.0,34.28,12284.52,-1
2026-06-11,2026-06-11 13:49:00,357.89,357.89,357.88,357.88,-0.0,34.28,12284.52,-1
2026-06-11,2026-06-11 13:50:00,357.88,357.88,357.86,357.86,-0.01,34.28,12284.52,-1
2026-06-11,2026-06-11 13:51:00,357.86,357.86,357.85,357.85,-0.0,34.28,12284.52,-1
2026-06-11,2026-06-11 13:52:00,357.85,357.85,357.84,357.84,-0.0,34.28,12284.52,-1
2026-06-11,2026-06-11 13:53:00,357.84,357.84,357.82,357.82,-0.01,34.28,12284.52,-1
2026-06-11,2026-06-11 13:54:00,357.82,357.82,357.81,357.81,-0.0,34.28,12284.52,-1
2026-06-11,2026-06-11 13:55:00,357.81,357.81,357.8,357.8,-0.0,34.28,12284.52,-1
2026-06-11,2026-06-11 13:56:00,357.8,357.8,357.79,357.79,-0.0,34.28,12284.52,-1
2026-06-11,2026-06-11 13:57:00,357.79,357.79,357.77,357.77,-0.01,34.28,12284.52,-1
2026-06-11,2026-06-11 13:58:00,357.77,357.77,357.76,357.76,-0.0,34.28,12284.52,-1
2026-06-11,2026-06-11 13:59:00,357.76,357.76,357.75,357.75,-0.0,34.28,12284.52,-1
2026-06-11,2026-06-11 14:00:00,357.75,357.75,357.74,357.74,-0.0,34.28,12284.52,-1
2026-06-11,2026-06-11 14:01:00,357.74,357.74,357.73,357.73,-0.0,34.28,12284.52,-1
2026-06-11,2026-06-11 14:02:00,357.73,357.73,357.71,357.71,-0.01,34.28,12284.52,-1
2026-06-11,2026-06-11 14:03:00,357.71,357.71,357.7,357.7,-0.0,34.28,12284.52,-1
2026-06-11,2026-06-11 14:04:00,357.7,357.7,357.69,357.69,-0.0,34.28,12284.52,-1
2026-06-11,2026-06-11 14:05:00,357.69,357.69,357.68,357.68,-0.0,34.28,12284.52,-1
2026-06-11,2026-06-11 14:06:00,357.68,357.68,357.66,357.66,-0.01,34.28,12284.52,-1
2026-06-11,2026-06-11 14:07:00,357.66,357.66,357.65,357.65,-0.0,34.28,12284.52,-1
2026-06-11,2026-06-11 14:08:00,357.65,357.65,357.64,357.64,-0.0,34.28,12284.52,-1
2026-06-11,2026-06-11 14:09:00,357.64,357.64,357.62,357.62,-0.01,34.28,12284.52,-1
2026-06-11,2026-06-11 14:10:00,357.62,357.62,357.61,357.61,-0.0,34.28,12284.52,-1
2026-06-11,2026-06-11 14:11:00,357.61,357.61,357.6,357.6,-0.0,34.28,12284.52,-1
2026-06-11,2026-06-11 14:12:00,357.6,357.6,357.59,357.59,-0.0,34.28,12284.52,-1
2026-06-11,2026-06-11 14:13:00,357.59,357.59,357.57,357.57,-0.01,34.28,12284.52,-1
2026-06-11,2026-06-11 14:14:00,357.57,357.57,357.56,357.56,-0.0,34.28,12284.52,-1
2026-06-11,2026-06-11 14:15:00,357.56,357.56,357.55,357.55,-0.0,34.28,12284.52,-1
2026-06-11,2026-06-11 14:16:00,357.55,357.55,357.54,357.54,-0.0,34.28,12284.52,-1
2026-06-11,2026-06-11 14:17:00,357.54,357.54,357.52,357.52,-0.01,34.28,12284.52,-1
2026-06-11,2026-06-11 14:18:00,357.52,357.52,357.51,357.51,-0.0,34.28,12284.52,-1
2026-06-11,2026-06-11 14:19:00,357.51,357.51,357.5,357.5,-0.0,34.28,12284.52,-1
2026-06-11,2026-06-11 14:20:00,357.5,357.5,357.49,357.49,-0.0,34.28,12284.52,-1
2026-06-11,2026-06-11 14:21:00,357.49,357.49,357.48,357.48,-0.0,34.28,12284.52,-1
2026-06-11,2026-06-11 14:22:00,357.48,357.48,357.46,357.46,-0.01,34.28,12284.52,-1
2026-06-11,2026-06-11 14:23:00,357.46,357.46,357.45,357.45,-0.0,34.28,12284.52,-1
2026-06-11,2026-06-11 14:24:00,357.45,357.45,357.44,357.44,-0.0,34.28,12284.52,-1
2026-06-11,2026-06-11 14:25:00,357.44,357.44,357.43,357.43,-0.0,34.28,12284.52,-1
2026-06-11,2026-06-11 14:26:00,357.43,357.43,357.41,357.41,-0.01,34.28,12284.52,-1
2026-06-11,2026-06-11 14:27:00,357.41,357.41,357.4,357.4,-0.0,34.28,12284.52,-1
2026-06-11,2026-06-11 14:28:00,357.4,357.4,357.39,357.39,-0.0,34.28,12284.52,-1
2026-06-11,2026-06-11 14:29:00,357.39,357.39,357.38,357.38,-0.0,34.28,12284.52,-1
2026-06-11,2026-06-11 14:30:00,357.38,357.38,357.36,357.36,-0.01,34.28,12284.52,-1
2026-06-11,2026-06-11 14:31:00,357.36,357.36,357.35,357.35,-0.0,34.28,12284.52,-1
2026-06-11,2026-06-11 14:32:00,357.35,357.35,357.34,357.34,-0.0,34.28,12284.52,-1
2026-06-11,2026-06-11 14:33:00,357.34,357.34,357.32,357.32,-0.01,34.28,12284.52,-1
2026-06-11,2026-06-11 14:34:00,357.32,357.32,357.31,357.31,-0.0,34.28,12284.52,-1
2026-06-11,2026-06-11 14:35:00,357.31,357.31,357.3,357.3,-0.0,34.28,12284.52,-1
2026-06-11,2026-06-11 14:36:00,357.3,357.3,357.29,357.29,-0.0,34.28,12284.52,-1
2026-06-11,2026-06-11 14:37:00,357.29,357.29,357.27,357.27,-0.01,34.28,12284.52,-1
2026-06-11,2026-06-11 14:38:00,357.27,357.27,357.26,357.26,-0.0,34.28,12284.52,-1
2026-06-11,2026-06-11 14:39:00,357.26,357.26,357.25,357.25,-0.0,34.28,12284.52,-1
2026-06-11,2026-06-11 14:40:00,357.25,357.25,357.24,357.24,-0.0,34.28,12284.52,-1
2026-06-11,2026-06-11 14:41:00,357.24,357.24,357.23,357.23,-0.0,34.28,12284.52,-1
2026-06-11,2026-06-11 14:42:00,357.23,357.23,357.21,357.21,-0.01,34.28,12284.52,-1
2026-06-11,2026-06-11 14:43:00,357.21,357.21,357.2,357.2,-0.0,34.28,12284.52,-1
2026-06-11,2026-06-11 14:44:00,357.2,357.2,357.19,357.19,-0.0,34.28,12284.52,-1
2026-06-11,2026-06-11 14:45:00,357.19,357.19,357.18,357.18,-0.0,34.28,12284.52,-1
2026-06-11,2026-06-11 14:46:00,357.18,357.18,357.16,357.16,-0.01,34.28,12284.52,-1
2026-06-11,2026-06-11 14:47:00,357.16,357.16,357.15,357.15,-0.0,34.28,12284.52,-1
2026-06-11,2026-06-11 14:48:00,357.15,357.15,357.14,357.14,-0.0,34.28,12284.52,-1
2026-06-11,2026-06-11 14:49:00,357.14,357.14,357.12,357.12,-0.01,34.28,12284.52,-1
2026-06-11,2026-06-11 14:50:00,357.12,357.12,357.11,357.11,-0.0,34.28,12284.52,-1
2026-06-11,2026-06-11 14:51:00,357.11,357.11,357.1,357.1,-0.0,34.28,12284.52,-1
2026-06-11,2026-06-11 14:52:00,357.1,357.1,357.09,357.09,-0.0,34.28,12284.52,-1
2026-06-11,2026-06-11 14:53:00,357.09,357.09,357.07,357.07,-0.01,34.28,12284.52,-1
2026-06-11,2026-06-11 14:54:00,357.07,357.07,357.06,357.06,-0.0,34.28,12284.52,-1
2026-06-11,2026-06-11 14:55:00,357.06,357.06,357.05,357.05,-0.0,34.28,12284.52,-1
2026-06-11,2026-06-11 14:56:00,357.05,357.05,357.04,357.04,-0.0,34.28,12284.52,-1
2026-06-11,2026-06-11 14:57:00,357.04,357.04,357.02,357.02,-0.01,34.28,12284.52,-1
2026-06-11,2026-06-11 14:58:00,357.02,357.02,357.01,357.01,-0.0,34.28,12284.52,-1
2026-06-11,2026-06-11 14:59:00,357.01,357.01,357.0,357.0,-0.0,34.28,12284.52,-1
2026-06-11,2026-06-11 15:00:00,357.0,364.9,354.1,357.0,0.0,34.28,12284.52,0
2026-06-12,2026-06-12 11:00:00,355.0,357.34,355.0,355.02,0.01,24.33,8751.14,1
2026-06-12,2026-06-12 11:01:00,355.02,355.03,355.02,355.03,0.0,24.33,8751.14,1
2026-06-12,2026-06-12 11:02:00,355.03,355.05,355.03,355.05,0.01,24.33,8751.14,1
2026-06-12,2026-06-12 11:03:00,355.05,355.07,355.05,355.07,0.01,24.33,8751.14,1
2026-06-12,2026-06-12 11:04:00,355.07,355.08,355.07,355.08,0.0,24.33,8751.14,1
2026-06-12,2026-06-12 11:05:00,355.08,355.1,355.08,355.1,0.01,24.33,8751.14,1
2026-06-12,2026-06-12 11:06:00,355.1,355.12,355.1,355.12,0.01,24.33,8751.14,1
2026-06-12,2026-06-12 11:07:00,355.12,355.13,355.12,355.13,0.0,24.33,8751.14,1
2026-06-12,2026-06-12 11:08:00,355.13,355.15,355.13,355.15,0.01,24.33,8751.14,1
2026-06-12,2026-06-12 11:09:00,355.15,355.17,355.15,355.17,0.01,24.33,8751.14,1
2026-06-12,2026-06-12 11:10:00,355.17,355.18,355.17,355.18,0.0,24.33,8751.14,1
2026-06-12,2026-06-12 11:11:00,355.18,355.2,355.18,355.2,0.01,24.33,8751.14,1
2026-06-12,2026-06-12 11:12:00,355.2,355.22,355.2,355.22,0.01,24.33,8751.14,1
2026-06-12,2026-06-12 11:13:00,355.22,355.23,355.22,355.23,0.0,24.33,8751.14,1
2026-06-12,2026-06-12 11:14:00,355.23,355.25,355.23,355.25,0.01,24.33,8751.14,1
2026-06-12,2026-06-12 11:15:00,355.25,355.27,355.25,355.27,0.01,24.33,8751.14,1
2026-06-12,2026-06-12 11:16:00,355.27,355.28,355.27,355.28,0.0,24.33,8751.14,1
2026-06-12,2026-06-12 11:17:00,355.28,355.3,355.28,355.3,0.01,24.33,8751.14,1
2026-06-12,2026-06-12 11:18:00,355.3,355.32,355.3,355.32,0.01,24.33,8751.14,1
2026-06-12,2026-06-12 11:19:00,355.32,355.33,355.32,355.33,0.0,24.33,8751.14,1
2026-06-12,2026-06-12 11:20:00,355.33,355.35,355.33,355.35,0.01,24.33,8751.14,1
2026-06-12,2026-06-12 11:21:00,355.35,355.37,355.35,355.37,0.01,24.33,8751.14,1
2026-06-12,2026-06-12 11:22:00,355.37,355.38,355.37,355.38,0.0,24.33,8751.14,1
2026-06-12,2026-06-12 11:23:00,355.38,355.4,355.38,355.4,0.01,24.33,8751.14,1
2026-06-12,2026-06-12 11:24:00,355.4,355.42,355.4,355.42,0.01,24.33,8751.14,1
2026-06-12,2026-06-12 11:25:00,355.42,355.43,355.42,355.43,0.0,24.33,8751.14,1
2026-06-12,2026-06-12 11:26:00,355.43,355.45,355.43,355.45,0.01,24.33,8751.14,1
2026-06-12,2026-06-12 11:27:00,355.45,355.47,355.45,355.47,0.01,24.33,8751.14,1
2026-06-12,2026-06-12 11:28:00,355.47,355.48,355.47,355.48,0.0,24.33,8751.14,1
2026-06-12,2026-06-12 11:29:00,355.48,355.5,355.48,355.5,0.01,24.33,8751.14,1
2026-06-12,2026-06-12 11:30:00,355.5,355.52,355.5,355.52,0.01,24.33,8751.14,1
2026-06-12,2026-06-12 11:31:00,355.52,355.53,355.52,355.53,0.0,24.33,8751.14,1
2026-06-12,2026-06-12 11:32:00,355.53,355.55,355.53,355.55,0.01,24.33,8751.14,1
2026-06-12,2026-06-12 11:33:00,355.55,355.57,355.55,355.57,0.01,24.33,8751.14,1
2026-06-12,2026-06-12 11:34:00,355.57,355.58,355.57,355.58,0.0,24.33,8751.14,1
2026-06-12,2026-06-12 11:35:00,355.58,355.6,355.58,355.6,0.01,24.33,8751.14,1
2026-06-12,2026-06-12 11:36:00,355.6,355.62,355.6,355.62,0.01,24.33,8751.14,1
2026-06-12,2026-06-12 11:37:00,355.62,355.63,355.62,355.63,0.0,24.33,8751.14,1
2026-06-12,2026-06-12 11:38:00,355.63,355.65,355.63,355.65,0.01,24.33,8751.14,1
2026-06-12,2026-06-12 11:39:00,355.65,355.67,355.65,355.67,0.01,24.33,8751.14,1
2026-06-12,2026-06-12 11:40:00,355.67,355.68,355.67,355.68,0.0,24.33,8751.14,1
2026-06-12,2026-06-12 11:41:00,355.68,355.7,355.68,355.7,0.01,24.33,8751.14,1
2026-06-12,2026-06-12 11:42:00,355.7,355.72,355.7,355.72,0.01,24.33,8751.14,1
2026-06-12,2026-06-12 11:43:00,355.72,355.73,355.72,355.73,0.0,24.33,8751.14,1
2026-06-12,2026-06-12 11:44:00,355.73,355.75,355.73,355.75,0.01,24.33,8751.14,1
2026-06-12,2026-06-12 11:45:00,355.75,355.77,355.75,355.77,0.01,24.33,8751.14,1
2026-06-12,2026-06-12 11:46:00,355.77,355.78,355.77,355.78,0.0,24.33,8751.14,1
2026-06-12,2026-06-12 11:47:00,355.78,355.8,355.78,355.8,0.01,24.33,8751.14,1
2026-06-12,2026-06-12 11:48:00,355.8,355.82,355.8,355.82,0.01,24.33,8751.14,1
2026-06-12,2026-06-12 11:49:00,355.82,355.83,355.82,355.83,0.0,24.33,8751.14,1
2026-06-12,2026-06-12 11:50:00,355.83,355.85,355.83,355.85,0.01,24.33,8751.14,1
2026-06-12,2026-06-12 11:51:00,355.85,355.87,355.85,355.87,0.01,24.33,8751.14,1
2026-06-12,2026-06-12 11:52:00,355.87,355.88,355.87,355.88,0.0,24.33,8751.14,1
2026-06-12,2026-06-12 11:53:00,355.88,355.9,355.88,355.9,0.01,24.33,8751.14,1
2026-06-12,2026-06-12 11:54:00,355.9,355.92,355.9,355.92,0.01,24.33,8751.14,1
2026-06-12,2026-06-12 11:55:00,355.92,355.93,355.92,355.93,0.0,24.33,8751.14,1
2026-06-12,2026-06-12 11:56:00,355.93,355.95,355.93,355.95,0.01,24.33,8751.14,1
2026-06-12,2026-06-12 11:57:00,355.95,355.97,355.95,355.97,0.01,24.33,8751.14,1
2026-06-12,2026-06-12 11:58:00,355.97,355.98,355.97,355.98,0.0,24.33,8751.14,1
2026-06-12,2026-06-12 11:59:00,355.98,356.0,355.98,356.0,0.01,24.33,8751.14,1
2026-06-12,2026-06-12 12:00:00,356.0,356.02,356.0,356.02,0.01,24.33,8751.14,1
2026-06-12,2026-06-12 12:01:00,356.02,356.03,356.02,356.03,0.0,24.33,8751.14,1
2026-06-12,2026-06-12 12:02:00,356.03,356.05,356.03,356.05,0.01,24.33,8751.14,1
2026-06-12,2026-06-12 12:03:00,356.05,356.07,356.05,356.07,0.01,24.33,8751.14,1
2026-06-12,2026-06-12 12:04:00,356.07,356.08,356.07,356.08,0.0,24.33,8751.14,1
2026-06-12,2026-06-12 12:05:00,356.08,356.1,356.08,356.1,0.01,24.33,8751.14,1
2026-06-12,2026-06-12 12:06:00,356.1,356.12,356.1,356.12,0.01,24.33,8751.14,1
2026-06-12,2026-06-12 12:07:00,356.12,356.13,356.12,356.13,0.0,24.33,8751.14,1
2026-06-12,2026-06-12 12:08:00,356.13,356.15,356.13,356.15,0.01,24.33,8751.14,1
2026-06-12,2026-06-12 12:09:00,356.15,356.17,356.15,356.17,0.01,24.33,8751.14,1
2026-06-12,2026-06-12 12:10:00,356.17,356.18,356.17,356.18,0.0,24.33,8751.14,1
2026-06-12,2026-06-12 12:11:00,356.18,356.2,356.18,356.2,0.01,24.33,8751.14,1
2026-06-12,2026-06-12 12:12:00,356.2,356.22,356.2,356.22,0.01,24.33,8751.14,1
2026-06-12,2026-06-12 12:13:00,356.22,356.23,356.22,356.23,0.0,24.33,8751.14,1
2026-06-12,2026-06-12 12:14:00,356.23,356.25,356.23,356.25,0.01,24.33,8751.14,1
2026-06-12,2026-06-12 12:15:00,356.25,356.27,356.25,356.27,0.01,24.33,8751.14,1
2026-06-12,2026-06-12 12:16:00,356.27,356.28,356.27,356.28,0.0,24.33,8751.14,1
2026-06-12,2026-06-12 12:17:00,356.28,356.3,356.28,356.3,0.01,24.33,8751.14,1
2026-06-12,2026-06-12 12:18:00,356.3,356.32,356.3,356.32,0.01,24.33,8751.14,1
2026-06-12,2026-06-12 12:19:00,356.32,356.33,356.32,356.33,0.0,24.33,8751.14,1
2026-06-12,2026-06-12 12:20:00,356.33,356.35,356.33,356.35,0.01,24.33,8751.14,1
2026-06-12,2026-06-12 12:21:00,356.35,356.37,356.35,356.37,0.01,24.33,8751.14,1
2026-06-12,2026-06-12 12:22:00,356.37,356.38,356.37,356.38,0.0,24.33,8751.14,1
2026-06-12,2026-06-12 12:23:00,356.38,356.4,356.38,356.4,0.01,24.33,8751.14,1
2026-06-12,2026-06-12 12:24:00,356.4,356.42,356.4,356.42,0.01,24.33,8751.14,1
2026-06-12,2026-06-12 12:25:00,356.42,356.43,356.42,356.43,0.0,24.33,8751.14,1
2026-06-12,2026-06-12 12:26:00,356.43,356.45,356.43,356.45,0.01,24.33,8751.14,1
2026-06-12,2026-06-12 12:27:00,356.45,356.47,356.45,356.47,0.01,24.33,8751.14,1
2026-06-12,2026-06-12 12:28:00,356.47,356.48,356.47,356.48,0.0,24.33,8751.14,1
2026-06-12,2026-06-12 12:29:00,356.48,356.5,356.48,356.5,0.01,24.33,8751.14,1
2026-06-12,2026-06-12 12:30:00,356.5,356.52,356.5,356.52,0.01,24.33,8751.14,1
2026-06-12,2026-06-12 12:31:00,356.52,356.53,356.52,356.53,0.0,24.33,8751.14,1
2026-06-12,2026-06-12 12:32:00,356.53,356.55,356.53,356.55,0.01,24.33,8751.14,1
2026-06-12,2026-06-12 12:33:00,356.55,356.57,356.55,356.57,0.01,24.33,8751.14,1
2026-06-12,2026-06-12 12:34:00,356.57,356.58,356.57,356.58,0.0,24.33,8751.14,1
2026-06-12,2026-06-12 12:35:00,356.58,356.6,356.58,356.6,0.01,24.33,8751.14,1
2026-06-12,2026-06-12 12:36:00,356.6,356.62,356.6,356.62,0.01,24.33,8751.14,1
2026-06-12,2026-06-12 12:37:00,356.62,356.63,356.62,356.63,0.0,24.33,8751.14,1
2026-06-12,2026-06-12 12:38:00,356.63,356.65,356.63,356.65,0.01,24.33,8751.14,1
2026-06-12,2026-06-12 12:39:00,356.65,356.67,356.65,356.67,0.01,24.33,8751.14,1
2026-06-12,2026-06-12 12:40:00,356.67,356.68,356.67,356.68,0.0,24.33,8751.14,1
2026-06-12,2026-06-12 12:41:00,356.68,356.7,356.68,356.7,0.01,24.33,8751.14,1
2026-06-12,2026-06-12 12:42:00,356.7,356.72,356.7,356.72,0.01,24.33,8751.14,1
2026-06-12,2026-06-12 12:43:00,356.72,356.73,356.72,356.73,0.0,24.33,8751.14,1
2026-06-12,2026-06-12 12:44:00,356.73,356.75,356.73,356.75,0.01,24.33,8751.14,1
2026-06-12,2026-06-12 12:45:00,356.75,356.77,356.75,356.77,0.01,24.33,8751.14,1
2026-06-12,2026-06-12 12:46:00,356.77,356.78,356.77,356.78,0.0,24.33,8751.14,1
2026-06-12,2026-06-12 12:47:00,356.78,356.8,356.78,356.8,0.01,24.33,8751.14,1
2026-06-12,2026-06-12 12:48:00,356.8,356.82,356.8,356.82,0.01,24.33,8751.14,1
2026-06-12,2026-06-12 12:49:00,356.82,356.83,356.82,356.83,0.0,24.33,8751.14,1
2026-06-12,2026-06-12 12:50:00,356.83,356.85,356.83,356.85,0.01,24.33,8751.14,1
2026-06-12,2026-06-12 12:51:00,356.85,356.87,356.85,356.87,0.01,24.33,8751.14,1
2026-06-12,2026-06-12 12:52:00,356.87,356.88,356.87,356.88,0.0,24.33,8751.14,1
2026-06-12,2026-06-12 12:53:00,356.88,356.9,356.88,356.9,0.01,24.33,8751.14,1
2026-06-12,2026-06-12 12:54:00,356.9,356.92,356.9,356.92,0.01,24.33,8751.14,1
2026-06-12,2026-06-12 12:55:00,356.92,356.93,356.92,356.93,0.0,24.33,8751.14,1
2026-06-12,2026-06-12 12:56:00,356.93,356.95,356.93,356.95,0.01,24.33,8751.14,1
2026-06-12,2026-06-12 12:57:00,356.95,356.97,356.95,356.97,0.01,24.33,8751.14,1
2026-06-12,2026-06-12 12:58:00,356.97,356.98,356.97,356.98,0.0,24.33,8751.14,1
2026-06-12,2026-06-12 12:59:00,356.98,357.0,356.98,357.0,0.01,24.33,8751.14,1
2026-06-12,2026-06-12 13:00:00,357.0,362.8,355.0,357.02,0.01,24.33,8751.14,1
2026-06-12,2026-06-12 13:01:00,357.02,357.03,357.02,357.03,0.0,24.33,8751.14,1
2026-06-12,2026-06-12 13:02:00,357.03,357.05,357.03,357.05,0.01,24.33,8751.14,1
2026-06-12,2026-06-12 13:03:00,357.05,357.07,357.05,357.07,0.01,24.33,8751.14,1
2026-06-12,2026-06-12 13:04:00,357.07,357.08,357.07,357.08,0.0,24.33,8751.14,1
2026-06-12,2026-06-12 13:05:00,357.08,357.1,357.08,357.1,0.01,24.33,8751.14,1
2026-06-12,2026-06-12 13:06:00,357.1,357.12,357.1,357.12,0.01,24.33,8751.14,1
2026-06-12,2026-06-12 13:07:00,357.12,357.13,357.12,357.13,0.0,24.33,8751.14,1
2026-06-12,2026-06-12 13:08:00,357.13,357.15,357.13,357.15,0.01,24.33,8751.14,1
2026-06-12,2026-06-12 13:09:00,357.15,357.17,357.15,357.17,0.01,24.33,8751.14,1
2026-06-12,2026-06-12 13:10:00,357.17,357.18,357.17,357.18,0.0,24.33,8751.14,1
2026-06-12,2026-06-12 13:11:00,357.18,357.2,357.18,357.2,0.01,24.33,8751.14,1
2026-06-12,2026-06-12 13:12:00,357.2,357.22,357.2,357.22,0.01,24.33,8751.14,1
2026-06-12,2026-06-12 13:13:00,357.22,357.23,357.22,357.23,0.0,24.33,8751.14,1
2026-06-12,2026-06-12 13:14:00,357.23,357.25,357.23,357.25,0.01,24.33,8751.14,1
2026-06-12,2026-06-12 13:15:00,357.25,357.27,357.25,357.27,0.01,24.33,8751.14,1
2026-06-12,2026-06-12 13:16:00,357.27,357.28,357.27,357.28,0.0,24.33,8751.14,1
2026-06-12,2026-06-12 13:17:00,357.28,357.3,357.28,357.3,0.01,24.33,8751.14,1
2026-06-12,2026-06-12 13:18:00,357.3,357.32,357.3,357.32,0.01,24.33,8751.14,1
2026-06-12,2026-06-12 13:19:00,357.32,357.33,357.32,357.33,0.0,24.33,8751.14,1
2026-06-12,2026-06-12 13:20:00,357.33,357.35,357.33,357.35,0.01,24.33,8751.14,1
2026-06-12,2026-06-12 13:21:00,357.35,357.37,357.35,357.37,0.01,24.33,8751.14,1
2026-06-12,2026-06-12 13:22:00,357.37,357.38,357.37,357.38,0.0,24.33,8751.14,1
2026-06-12,2026-06-12 13:23:00,357.38,357.4,357.38,357.4,0.01,24.33,8751.14,1
2026-06-12,2026-06-12 13:24:00,357.4,357.42,357.4,357.42,0.01,24.33,8751.14,1
2026-06-12,2026-06-12 13:25:00,357.42,357.43,357.42,357.43,0.0,24.33,8751.14,1
2026-06-12,2026-06-12 13:26:00,357.43,357.45,357.43,357.45,0.01,24.33,8751.14,1
2026-06-12,2026-06-12 13:27:00,357.45,357.47,357.45,357.47,0.01,24.33,8751.14,1
2026-06-12,2026-06-12 13:28:00,357.47,357.48,357.47,357.48,0.0,24.33,8751.14,1
2026-06-12,2026-06-12 13:29:00,357.48,357.5,357.48,357.5,0.01,24.33,8751.14,1
2026-06-12,2026-06-12 13:30:00,357.5,357.52,357.5,357.52,0.01,24.33,8751.14,1
2026-06-12,2026-06-12 13:31:00,357.52,357.53,357.52,357.53,0.0,24.33,8751.14,1
2026-06-12,2026-06-12 13:32:00,357.53,357.55,357.53,357.55,0.01,24.33,8751.14,1
2026-06-12,2026-06-12 13:33:00,357.55,357.57,357.55,357.57,0.01,24.33,8751.14,1
2026-06-12,2026-06-12 13:34:00,357.57,357.58,357.57,357.58,0.0,24.33,8751.14,1
2026-06-12,2026-06-12 13:35:00,357.58,357.6,357.58,357.6,0.01,24.33,8751.14,1
2026-06-12,2026-06-12 13:36:00,357.6,357.62,357.6,357.62,0.01,24.33,8751.14,1
2026-06-12,2026-06-12 13:37:00,357.62,357.63,357.62,357.63,0.0,24.33,8751.14,1
2026-06-12,2026-06-12 13:38:00,357.63,357.65,357.63,357.65,0.01,24.33,8751.14,1
2026-06-12,2026-06-12 13:39:00,357.65,357.67,357.65,357.67,0.01,24.33,8751.14,1
2026-06-12,2026-06-12 13:40:00,357.67,357.68,357.67,357.68,0.0,24.33,8751.14,1
2026-06-12,2026-06-12 13:41:00,357.68,357.7,357.68,357.7,0.01,24.33,8751.14,1
2026-06-12,2026-06-12 13:42:00,357.7,357.72,357.7,357.72,0.01,24.33,8751.14,1
2026-06-12,2026-06-12 13:43:00,357.72,357.73,357.72,357.73,0.0,24.33,8751.14,1
2026-06-12,2026-06-12 13:44:00,357.73,357.75,357.73,357.75,0.01,24.33,8751.14,1
2026-06-12,2026-06-12 13:45:00,357.75,357.77,357.75,357.77,0.01,24.33,8751.14,1
2026-06-12,2026-06-12 13:46:00,357.77,357.78,357.77,357.78,0.0,24.33,8751.14,1
2026-06-12,2026-06-12 13:47:00,357.78,357.8,357.78,357.8,0.01,24.33,8751.14,1
2026-06-12,2026-06-12 13:48:00,357.8,357.82,357.8,357.82,0.01,24.33,8751.14,1
2026-06-12,2026-06-12 13:49:00,357.82,357.83,357.82,357.83,0.0,24.33,8751.14,1
2026-06-12,2026-06-12 13:50:00,357.83,357.85,357.83,357.85,0.01,24.33,8751.14,1
2026-06-12,2026-06-12 13:51:00,357.85,357.87,357.85,357.87,0.01,24.33,8751.14,1
2026-06-12,2026-06-12 13:52:00,357.87,357.88,357.87,357.88,0.0,24.33,8751.14,1
2026-06-12,2026-06-12 13:53:00,357.88,357.9,357.88,357.9,0.01,24.33,8751.14,1
2026-06-12,2026-06-12 13:54:00,357.9,357.92,357.9,357.92,0.01,24.33,8751.14,1
2026-06-12,2026-06-12 13:55:00,357.92,357.93,357.92,357.93,0.0,24.33,8751.14,1
2026-06-12,2026-06-12 13:56:00,357.93,357.95,357.93,357.95,0.01,24.33,8751.14,1
2026-06-12,2026-06-12 13:57:00,357.95,357.97,357.95,357.97,0.01,24.33,8751.14,1
2026-06-12,2026-06-12 13:58:00,357.97,357.98,357.97,357.98,0.0,24.33,8751.14,1
2026-06-12,2026-06-12 13:59:00,357.98,358.0,357.98,358.0,0.01,24.33,8751.14,1
2026-06-12,2026-06-12 14:00:00,358.0,358.02,358.0,358.02,0.01,24.33,8751.14,1
2026-06-12,2026-06-12 14:01:00,358.02,358.03,358.02,358.03,0.0,24.33,8751.14,1
2026-06-12,2026-06-12 14:02:00,358.03,358.05,358.03,358.05,0.01,24.33,8751.14,1
2026-06-12,2026-06-12 14:03:00,358.05,358.07,358.05,358.07,0.01,24.33,8751.14,1
2026-06-12,2026-06-12 14:04:00,358.07,358.08,358.07,358.08,0.0,24.33,8751.14,1
2026-06-12,2026-06-12 14:05:00,358.08,358.1,358.08,358.1,0.01,24.33,8751.14,1
2026-06-12,2026-06-12 14:06:00,358.1,358.12,358.1,358.12,0.01,24.33,8751.14,1
2026-06-12,2026-06-12 14:07:00,358.12,358.13,358.12,358.13,0.0,24.33,8751.14,1
2026-06-12,2026-06-12 14:08:00,358.13,358.15,358.13,358.15,0.01,24.33,8751.14,1
2026-06-12,2026-06-12 14:09:00,358.15,358.17,358.15,358.17,0.01,24.33,8751.14,1
2026-06-12,2026-06-12 14:10:00,358.17,358.18,358.17,358.18,0.0,24.33,8751.14,1
2026-06-12,2026-06-12 14:11:00,358.18,358.2,358.18,358.2,0.01,24.33,8751.14,1
2026-06-12,2026-06-12 14:12:00,358.2,358.22,358.2,358.22,0.01,24.33,8751.14,1
2026-06-12,2026-06-12 14:13:00,358.22,358.23,358.22,358.23,0.0,24.33,8751.14,1
2026-06-12,2026-06-12 14:14:00,358.23,358.25,358.23,358.25,0.01,24.33,8751.14,1
2026-06-12,2026-06-12 14:15:00,358.25,358.27,358.25,358.27,0.01,24.33,8751.14,1
2026-06-12,2026-06-12 14:16:00,358.27,358.28,358.27,358.28,0.0,24.33,8751.14,1
2026-06-12,2026-06-12 14:17:00,358.28,358.3,358.28,358.3,0.01,24.33,8751.14,1
2026-06-12,2026-06-12 14:18:00,358.3,358.32,358.3,358.32,0.01,24.33,8751.14,1
2026-06-12,2026-06-12 14:19:00,358.32,358.33,358.32,358.33,0.0,24.33,8751.14,1
2026-06-12,2026-06-12 14:20:00,358.33,358.35,358.33,358.35,0.01,24.33,8751.14,1
2026-06-12,2026-06-12 14:21:00,358.35,358.37,358.35,358.37,0.01,24.33,8751.14,1
2026-06-12,2026-06-12 14:22:00,358.37,358.38,358.37,358.38,0.0,24.33,8751.14,1
2026-06-12,2026-06-12 14:23:00,358.38,358.4,358.38,358.4,0.01,24.33,8751.14,1
2026-06-12,2026-06-12 14:24:00,358.4,358.42,358.4,358.42,0.01,24.33,8751.14,1
2026-06-12,2026-06-12 14:25:00,358.42,358.43,358.42,358.43,0.0,24.33,8751.14,1
2026-06-12,2026-06-12 14:26:00,358.43,358.45,358.43,358.45,0.01,24.33,8751.14,1
2026-06-12,2026-06-12 14:27:00,358.45,358.47,358.45,358.47,0.01,24.33,8751.14,1
2026-06-12,2026-06-12 14:28:00,358.47,358.48,358.47,358.48,0.0,24.33,8751.14,1
2026-06-12,2026-06-12 14:29:00,358.48,358.5,358.48,358.5,0.01,24.33,8751.14,1
2026-06-12,2026-06-12 14:30:00,358.5,358.52,358.5,358.52,0.01,24.33,8751.14,1
2026-06-12,2026-06-12 14:31:00,358.52,358.53,358.52,358.53,0.0,24.33,8751.14,1
2026-06-12,2026-06-12 14:32:00,358.53,358.55,358.53,358.55,0.01,24.33,8751.14,1
2026-06-12,2026-06-12 14:33:00,358.55,358.57,358.55,358.57,0.01,24.33,8751.14,1
2026-06-12,2026-06-12 14:34:00,358.57,358.58,358.57,358.58,0.0,24.33,8751.14,1
2026-06-12,2026-06-12 14:35:00,358.58,358.6,358.58,358.6,0.01,24.33,8751.14,1
2026-06-12,2026-06-12 14:36:00,358.6,358.62,358.6,358.62,0.01,24.33,8751.14,1
2026-06-12,2026-06-12 14:37:00,358.62,358.63,358.62,358.63,0.0,24.33,8751.14,1
2026-06-12,2026-06-12 14:38:00,358.63,358.65,358.63,358.65,0.01,24.33,8751.14,1
2026-06-12,2026-06-12 14:39:00,358.65,358.67,358.65,358.67,0.01,24.33,8751.14,1
2026-06-12,2026-06-12 14:40:00,358.67,358.68,358.67,358.68,0.0,24.33,8751.14,1
2026-06-12,2026-06-12 14:41:00,358.68,358.7,358.68,358.7,0.01,24.33,8751.14,1
2026-06-12,2026-06-12 14:42:00,358.7,358.72,358.7,358.72,0.01,24.33,8751.14,1
2026-06-12,2026-06-12 14:43:00,358.72,358.73,358.72,358.73,0.0,24.33,8751.14,1
2026-06-12,2026-06-12 14:44:00,358.73,358.75,358.73,358.75,0.01,24.33,8751.14,1
2026-06-12,2026-06-12 14:45:00,358.75,358.77,358.75,358.77,0.01,24.33,8751.14,1
2026-06-12,2026-06-12 14:46:00,358.77,358.78,358.77,358.78,0.0,24.33,8751.14,1
2026-06-12,2026-06-12 14:47:00,358.78,358.8,358.78,358.8,0.01,24.33,8751.14,1
2026-06-12,2026-06-12 14:48:00,358.8,358.82,358.8,358.82,0.01,24.33,8751.14,1
2026-06-12,2026-06-12 14:49:00,358.82,358.83,358.82,358.83,0.0,24.33,8751.14,1
2026-06-12,2026-06-12 14:50:00,358.83,358.85,358.83,358.85,0.01,24.33,8751.14,1
2026-06-12,2026-06-12 14:51:00,358.85,358.87,358.85,358.87,0.01,24.33,8751.14,1
2026-06-12,2026-06-12 14:52:00,358.87,358.88,358.87,358.88,0.0,24.33,8751.14,1
2026-06-12,2026-06-12 14:53:00,358.88,358.9,358.88,358.9,0.01,24.33,8751.14,1
2026-06-12,2026-06-12 14:54:00,358.9,358.92,358.9,358.92,0.01,24.33,8751.14,1
2026-06-12,2026-06-12 14:55:00,358.92,358.93,358.92,358.93,0.0,24.33,8751.14,1
2026-06-12,2026-06-12 14:56:00,358.93,358.95,358.93,358.95,0.01,24.33,8751.14,1
2026-06-12,2026-06-12 14:57:00,358.95,358.97,358.95,358.97,0.01,24.33,8751.14,1
2026-06-12,2026-06-12 14:58:00,358.97,358.98,358.97,358.98,0.0,24.33,8751.14,1
2026-06-12,2026-06-12 14:59:00,358.98,359.0,358.98,359.0,0.01,24.33,8751.14,1
2026-06-12,2026-06-12 15:00:00,359.0,362.8,355.0,359.0,0.0,24.33,8751.14,0
2026-06-15,2026-06-15 11:00:00,360.0,362.4,359.52,360.01,0.0,187.32,67998.29,1
2026-06-15,2026-06-15 11:01:00,360.01,360.02,360.01,360.02,0.0,187.32,67998.29,1
2026-06-15,2026-06-15 11:02:00,360.02,360.04,360.02,360.04,0.01,187.32,67998.29,1
2026-06-15,2026-06-15 11:03:00,360.04,360.05,360.04,360.05,0.0,187.32,67998.29,1
2026-06-15,2026-06-15 11:04:00,360.05,360.06,360.05,360.06,0.0,187.32,67998.29,1
2026-06-15,2026-06-15 11:05:00,360.06,360.07,360.06,360.07,0.0,187.32,67998.29,1
2026-06-15,2026-06-15 11:06:00,360.07,360.09,360.07,360.09,0.01,187.32,67998.29,1
2026-06-15,2026-06-15 11:07:00,360.09,360.1,360.09,360.1,0.0,187.32,67998.29,1
2026-06-15,2026-06-15 11:08:00,360.1,360.11,360.1,360.11,0.0,187.32,67998.29,1
2026-06-15,2026-06-15 11:09:00,360.11,360.12,360.11,360.12,0.0,187.32,67998.29,1
2026-06-15,2026-06-15 11:10:00,360.12,360.14,360.12,360.14,0.01,187.32,67998.29,1
2026-06-15,2026-06-15 11:11:00,360.14,360.15,360.14,360.15,0.0,187.32,67998.29,1
2026-06-15,2026-06-15 11:12:00,360.15,360.16,360.15,360.16,0.0,187.32,67998.29,1
2026-06-15,2026-06-15 11:13:00,360.16,360.18,360.16,360.18,0.01,187.32,67998.29,1
2026-06-15,2026-06-15 11:14:00,360.18,360.19,360.18,360.19,0.0,187.32,67998.29,1
2026-06-15,2026-06-15 11:15:00,360.19,360.2,360.19,360.2,0.0,187.32,67998.29,1
2026-06-15,2026-06-15 11:16:00,360.2,360.21,360.2,360.21,0.0,187.32,67998.29,1
2026-06-15,2026-06-15 11:17:00,360.21,360.23,360.21,360.23,0.01,187.32,67998.29,1
2026-06-15,2026-06-15 11:18:00,360.23,360.24,360.23,360.24,0.0,187.32,67998.29,1
2026-06-15,2026-06-15 11:19:00,360.24,360.25,360.24,360.25,0.0,187.32,67998.29,1
2026-06-15,2026-06-15 11:20:00,360.25,360.26,360.25,360.26,0.0,187.32,67998.29,1
2026-06-15,2026-06-15 11:21:00,360.26,360.27,360.26,360.27,0.0,187.32,67998.29,1
2026-06-15,2026-06-15 11:22:00,360.27,360.29,360.27,360.29,0.01,187.32,67998.29,1
2026-06-15,2026-06-15 11:23:00,360.29,360.3,360.29,360.3,0.0,187.32,67998.29,1
2026-06-15,2026-06-15 11:24:00,360.3,360.31,360.3,360.31,0.0,187.32,67998.29,1
2026-06-15,2026-06-15 11:25:00,360.31,360.32,360.31,360.32,0.0,187.32,67998.29,1
2026-06-15,2026-06-15 11:26:00,360.32,360.34,360.32,360.34,0.01,187.32,67998.29,1
2026-06-15,2026-06-15 11:27:00,360.34,360.35,360.34,360.35,0.0,187.32,67998.29,1
2026-06-15,2026-06-15 11:28:00,360.35,360.36,360.35,360.36,0.0,187.32,67998.29,1
2026-06-15,2026-06-15 11:29:00,360.36,360.38,360.36,360.38,0.01,187.32,67998.29,1
2026-06-15,2026-06-15 11:30:00,360.38,360.39,360.38,360.39,0.0,187.32,67998.29,1
2026-06-15,2026-06-15 11:31:00,360.39,360.4,360.39,360.4,0.0,187.32,67998.29,1
2026-06-15,2026-06-15 11:32:00,360.4,360.41,360.4,360.41,0.0,187.32,67998.29,1
2026-06-15,2026-06-15 11:33:00,360.41,360.43,360.41,360.43,0.01,187.32,67998.29,1
2026-06-15,2026-06-15 11:34:00,360.43,360.44,360.43,360.44,0.0,187.32,67998.29,1
2026-06-15,2026-06-15 11:35:00,360.44,360.45,360.44,360.45,0.0,187.32,67998.29,1
2026-06-15,2026-06-15 11:36:00,360.45,360.46,360.45,360.46,0.0,187.32,67998.29,1
2026-06-15,2026-06-15 11:37:00,360.46,360.48,360.46,360.48,0.01,187.32,67998.29,1
2026-06-15,2026-06-15 11:38:00,360.48,360.49,360.48,360.49,0.0,187.32,67998.29,1
2026-06-15,2026-06-15 11:39:00,360.49,360.5,360.49,360.5,0.0,187.32,67998.29,1
2026-06-15,2026-06-15 11:40:00,360.5,360.51,360.5,360.51,0.0,187.32,67998.29,1
2026-06-15,2026-06-15 11:41:00,360.51,360.52,360.51,360.52,0.0,187.32,67998.29,1
2026-06-15,2026-06-15 11:42:00,360.52,360.54,360.52,360.54,0.01,187.32,67998.29,1
2026-06-15,2026-06-15 11:43:00,360.54,360.55,360.54,360.55,0.0,187.32,67998.29,1
2026-06-15,2026-06-15 11:44:00,360.55,360.56,360.55,360.56,0.0,187.32,67998.29,1
2026-06-15,2026-06-15 11:45:00,360.56,360.57,360.56,360.57,0.0,187.32,67998.29,1
2026-06-15,2026-06-15 11:46:00,360.57,360.59,360.57,360.59,0.01,187.32,67998.29,1
2026-06-15,2026-06-15 11:47:00,360.59,360.6,360.59,360.6,0.0,187.32,67998.29,1
2026-06-15,2026-06-15 11:48:00,360.6,360.61,360.6,360.61,0.0,187.32,67998.29,1
2026-06-15,2026-06-15 11:49:00,360.61,360.62,360.61,360.62,0.0,187.32,67998.29,1
2026-06-15,2026-06-15 11:50:00,360.62,360.64,360.62,360.64,0.01,187.32,67998.29,1
2026-06-15,2026-06-15 11:51:00,360.64,360.65,360.64,360.65,0.0,187.32,67998.29,1
2026-06-15,2026-06-15 11:52:00,360.65,360.66,360.65,360.66,0.0,187.32,67998.29,1
2026-06-15,2026-06-15 11:53:00,360.66,360.68,360.66,360.68,0.01,187.32,67998.29,1
2026-06-15,2026-06-15 11:54:00,360.68,360.69,360.68,360.69,0.0,187.32,67998.29,1
2026-06-15,2026-06-15 11:55:00,360.69,360.7,360.69,360.7,0.0,187.32,67998.29,1
2026-06-15,2026-06-15 11:56:00,360.7,360.71,360.7,360.71,0.0,187.32,67998.29,1
2026-06-15,2026-06-15 11:57:00,360.71,360.73,360.71,360.73,0.01,187.32,67998.29,1
2026-06-15,2026-06-15 11:58:00,360.73,360.74,360.73,360.74,0.0,187.32,67998.29,1
2026-06-15,2026-06-15 11:59:00,360.74,360.75,360.74,360.75,0.0,187.32,67998.29,1
2026-06-15,2026-06-15 12:00:00,360.75,360.76,360.75,360.76,0.0,187.32,67998.29,1
2026-06-15,2026-06-15 12:01:00,360.76,360.77,360.76,360.77,0.0,187.32,67998.29,1
2026-06-15,2026-06-15 12:02:00,360.77,360.79,360.77,360.79,0.01,187.32,67998.29,1
2026-06-15,2026-06-15 12:03:00,360.79,360.8,360.79,360.8,0.0,187.32,67998.29,1
2026-06-15,2026-06-15 12:04:00,360.8,360.81,360.8,360.81,0.0,187.32,67998.29,1
2026-06-15,2026-06-15 12:05:00,360.81,360.82,360.81,360.82,0.0,187.32,67998.29,1
2026-06-15,2026-06-15 12:06:00,360.82,360.84,360.82,360.84,0.01,187.32,67998.29,1
2026-06-15,2026-06-15 12:07:00,360.84,360.85,360.84,360.85,0.0,187.32,67998.29,1
2026-06-15,2026-06-15 12:08:00,360.85,360.86,360.85,360.86,0.0,187.32,67998.29,1
2026-06-15,2026-06-15 12:09:00,360.86,360.88,360.86,360.88,0.01,187.32,67998.29,1
2026-06-15,2026-06-15 12:10:00,360.88,360.89,360.88,360.89,0.0,187.32,67998.29,1
2026-06-15,2026-06-15 12:11:00,360.89,360.9,360.89,360.9,0.0,187.32,67998.29,1
2026-06-15,2026-06-15 12:12:00,360.9,360.91,360.9,360.91,0.0,187.32,67998.29,1
2026-06-15,2026-06-15 12:13:00,360.91,360.93,360.91,360.93,0.01,187.32,67998.29,1
2026-06-15,2026-06-15 12:14:00,360.93,360.94,360.93,360.94,0.0,187.32,67998.29,1
2026-06-15,2026-06-15 12:15:00,360.94,360.95,360.94,360.95,0.0,187.32,67998.29,1
2026-06-15,2026-06-15 12:16:00,360.95,360.96,360.95,360.96,0.0,187.32,67998.29,1
2026-06-15,2026-06-15 12:17:00,360.96,360.98,360.96,360.98,0.01,187.32,67998.29,1
2026-06-15,2026-06-15 12:18:00,360.98,360.99,360.98,360.99,0.0,187.32,67998.29,1
2026-06-15,2026-06-15 12:19:00,360.99,361.0,360.99,361.0,0.0,187.32,67998.29,1
2026-06-15,2026-06-15 12:20:00,361.0,361.01,361.0,361.01,0.0,187.32,67998.29,1
2026-06-15,2026-06-15 12:21:00,361.01,361.02,361.01,361.02,0.0,187.32,67998.29,1
2026-06-15,2026-06-15 12:22:00,361.02,361.04,361.02,361.04,0.01,187.32,67998.29,1
2026-06-15,2026-06-15 12:23:00,361.04,361.05,361.04,361.05,0.0,187.32,67998.29,1
2026-06-15,2026-06-15 12:24:00,361.05,361.06,361.05,361.06,0.0,187.32,67998.29,1
2026-06-15,2026-06-15 12:25:00,361.06,361.07,361.06,361.07,0.0,187.32,67998.29,1
2026-06-15,2026-06-15 12:26:00,361.07,361.09,361.07,361.09,0.01,187.32,67998.29,1
2026-06-15,2026-06-15 12:27:00,361.09,361.1,361.09,361.1,0.0,187.32,67998.29,1
2026-06-15,2026-06-15 12:28:00,361.1,361.11,361.1,361.11,0.0,187.32,67998.29,1
2026-06-15,2026-06-15 12:29:00,361.11,361.12,361.11,361.12,0.0,187.32,67998.29,1
2026-06-15,2026-06-15 12:30:00,361.12,361.14,361.12,361.14,0.01,187.32,67998.29,1
2026-06-15,2026-06-15 12:31:00,361.14,361.15,361.14,361.15,0.0,187.32,67998.29,1
2026-06-15,2026-06-15 12:32:00,361.15,361.16,361.15,361.16,0.0,187.32,67998.29,1
2026-06-15,2026-06-15 12:33:00,361.16,361.18,361.16,361.18,0.01,187.32,67998.29,1
2026-06-15,2026-06-15 12:34:00,361.18,361.19,361.18,361.19,0.0,187.32,67998.29,1
2026-06-15,2026-06-15 12:35:00,361.19,361.2,361.19,361.2,0.0,187.32,67998.29,1
2026-06-15,2026-06-15 12:36:00,361.2,361.21,361.2,361.21,0.0,187.32,67998.29,1
2026-06-15,2026-06-15 12:37:00,361.21,361.23,361.21,361.23,0.01,187.32,67998.29,1
2026-06-15,2026-06-15 12:38:00,361.23,361.24,361.23,361.24,0.0,187.32,67998.29,1
2026-06-15,2026-06-15 12:39:00,361.24,361.25,361.24,361.25,0.0,187.32,67998.29,1
2026-06-15,2026-06-15 12:40:00,361.25,361.26,361.25,361.26,0.0,187.32,67998.29,1
2026-06-15,2026-06-15 12:41:00,361.26,361.27,361.26,361.27,0.0,187.32,67998.29,1
2026-06-15,2026-06-15 12:42:00,361.27,361.29,361.27,361.29,0.01,187.32,67998.29,1
2026-06-15,2026-06-15 12:43:00,361.29,361.3,361.29,361.3,0.0,187.32,67998.29,1
2026-06-15,2026-06-15 12:44:00,361.3,361.31,361.3,361.31,0.0,187.32,67998.29,1
2026-06-15,2026-06-15 12:45:00,361.31,361.32,361.31,361.32,0.0,187.32,67998.29,1
2026-06-15,2026-06-15 12:46:00,361.32,361.34,361.32,361.34,0.01,187.32,67998.29,1
2026-06-15,2026-06-15 12:47:00,361.34,361.35,361.34,361.35,0.0,187.32,67998.29,1
2026-06-15,2026-06-15 12:48:00,361.35,361.36,361.35,361.36,0.0,187.32,67998.29,1
2026-06-15,2026-06-15 12:49:00,361.36,361.38,361.36,361.38,0.01,187.32,67998.29,1
2026-06-15,2026-06-15 12:50:00,361.38,361.39,361.38,361.39,0.0,187.32,67998.29,1
2026-06-15,2026-06-15 12:51:00,361.39,361.4,361.39,361.4,0.0,187.32,67998.29,1
2026-06-15,2026-06-15 12:52:00,361.4,361.41,361.4,361.41,0.0,187.32,67998.29,1
2026-06-15,2026-06-15 12:53:00,361.41,361.43,361.41,361.43,0.01,187.32,67998.29,1
2026-06-15,2026-06-15 12:54:00,361.43,361.44,361.43,361.44,0.0,187.32,67998.29,1
2026-06-15,2026-06-15 12:55:00,361.44,361.45,361.44,361.45,0.0,187.32,67998.29,1
2026-06-15,2026-06-15 12:56:00,361.45,361.46,361.45,361.46,0.0,187.32,67998.29,1
2026-06-15,2026-06-15 12:57:00,361.46,361.48,361.46,361.48,0.01,187.32,67998.29,1
2026-06-15,2026-06-15 12:58:00,361.48,361.49,361.48,361.49,0.0,187.32,67998.29,1
2026-06-15,2026-06-15 12:59:00,361.49,361.5,361.49,361.5,0.0,187.32,67998.29,1
2026-06-15,2026-06-15 13:00:00,361.5,368.0,358.4,361.51,0.0,187.32,67998.29,1
2026-06-15,2026-06-15 13:01:00,361.51,361.52,361.51,361.52,0.0,187.32,67998.29,1
2026-06-15,2026-06-15 13:02:00,361.52,361.54,361.52,361.54,0.01,187.32,67998.29,1
2026-06-15,2026-06-15 13:03:00,361.54,361.55,361.54,361.55,0.0,187.32,67998.29,1
2026-06-15,2026-06-15 13:04:00,361.55,361.56,361.55,361.56,0.0,187.32,67998.29,1
2026-06-15,2026-06-15 13:05:00,361.56,361.57,361.56,361.57,0.0,187.32,67998.29,1
2026-06-15,2026-06-15 13:06:00,361.57,361.59,361.57,361.59,0.01,187.32,67998.29,1
2026-06-15,2026-06-15 13:07:00,361.59,361.6,361.59,361.6,0.0,187.32,67998.29,1
2026-06-15,2026-06-15 13:08:00,361.6,361.61,361.6,361.61,0.0,187.32,67998.29,1
2026-06-15,2026-06-15 13:09:00,361.61,361.62,361.61,361.62,0.0,187.32,67998.29,1
2026-06-15,2026-06-15 13:10:00,361.62,361.64,361.62,361.64,0.01,187.32,67998.29,1
2026-06-15,2026-06-15 13:11:00,361.64,361.65,361.64,361.65,0.0,187.32,67998.29,1
2026-06-15,2026-06-15 13:12:00,361.65,361.66,361.65,361.66,0.0,187.32,67998.29,1
2026-06-15,2026-06-15 13:13:00,361.66,361.68,361.66,361.68,0.01,187.32,67998.29,1
2026-06-15,2026-06-15 13:14:00,361.68,361.69,361.68,361.69,0.0,187.32,67998.29,1
2026-06-15,2026-06-15 13:15:00,361.69,361.7,361.69,361.7,0.0,187.32,67998.29,1
2026-06-15,2026-06-15 13:16:00,361.7,361.71,361.7,361.71,0.0,187.32,67998.29,1
2026-06-15,2026-06-15 13:17:00,361.71,361.73,361.71,361.73,0.01,187.32,67998.29,1
2026-06-15,2026-06-15 13:18:00,361.73,361.74,361.73,361.74,0.0,187.32,67998.29,1
2026-06-15,2026-06-15 13:19:00,361.74,361.75,361.74,361.75,0.0,187.32,67998.29,1
2026-06-15,2026-06-15 13:20:00,361.75,361.76,361.75,361.76,0.0,187.32,67998.29,1
2026-06-15,2026-06-15 13:21:00,361.76,361.77,361.76,361.77,0.0,187.32,67998.29,1
2026-06-15,2026-06-15 13:22:00,361.77,361.79,361.77,361.79,0.01,187.32,67998.29,1
2026-06-15,2026-06-15 13:23:00,361.79,361.8,361.79,361.8,0.0,187.32,67998.29,1
2026-06-15,2026-06-15 13:24:00,361.8,361.81,361.8,361.81,0.0,187.32,67998.29,1
2026-06-15,2026-06-15 13:25:00,361.81,361.82,361.81,361.82,0.0,187.32,67998.29,1
2026-06-15,2026-06-15 13:26:00,361.82,361.84,361.82,361.84,0.01,187.32,67998.29,1
2026-06-15,2026-06-15 13:27:00,361.84,361.85,361.84,361.85,0.0,187.32,67998.29,1
2026-06-15,2026-06-15 13:28:00,361.85,361.86,361.85,361.86,0.0,187.32,67998.29,1
2026-06-15,2026-06-15 13:29:00,361.86,361.88,361.86,361.88,0.01,187.32,67998.29,1
2026-06-15,2026-06-15 13:30:00,361.88,361.89,361.88,361.89,0.0,187.32,67998.29,1
2026-06-15,2026-06-15 13:31:00,361.89,361.9,361.89,361.9,0.0,187.32,67998.29,1
2026-06-15,2026-06-15 13:32:00,361.9,361.91,361.9,361.91,0.0,187.32,67998.29,1
2026-06-15,2026-06-15 13:33:00,361.91,361.93,361.91,361.93,0.01,187.32,67998.29,1
2026-06-15,2026-06-15 13:34:00,361.93,361.94,361.93,361.94,0.0,187.32,67998.29,1
2026-06-15,2026-06-15 13:35:00,361.94,361.95,361.94,361.95,0.0,187.32,67998.29,1
2026-06-15,2026-06-15 13:36:00,361.95,361.96,361.95,361.96,0.0,187.32,67998.29,1
2026-06-15,2026-06-15 13:37:00,361.96,361.98,361.96,361.98,0.01,187.32,67998.29,1
2026-06-15,2026-06-15 13:38:00,361.98,361.99,361.98,361.99,0.0,187.32,67998.29,1
2026-06-15,2026-06-15 13:39:00,361.99,362.0,361.99,362.0,0.0,187.32,67998.29,1
2026-06-15,2026-06-15 13:40:00,362.0,362.01,362.0,362.01,0.0,187.32,67998.29,1
2026-06-15,2026-06-15 13:41:00,362.01,362.02,362.01,362.02,0.0,187.32,67998.29,1
2026-06-15,2026-06-15 13:42:00,362.02,362.04,362.02,362.04,0.01,187.32,67998.29,1
2026-06-15,2026-06-15 13:43:00,362.04,362.05,362.04,362.05,0.0,187.32,67998.29,1
2026-06-15,2026-06-15 13:44:00,362.05,362.06,362.05,362.06,0.0,187.32,67998.29,1
2026-06-15,2026-06-15 13:45:00,362.06,362.07,362.06,362.07,0.0,187.32,67998.29,1
2026-06-15,2026-06-15 13:46:00,362.07,362.09,362.07,362.09,0.01,187.32,67998.29,1
2026-06-15,2026-06-15 13:47:00,362.09,362.1,362.09,362.1,0.0,187.32,67998.29,1
2026-06-15,2026-06-15 13:48:00,362.1,362.11,362.1,362.11,0.0,187.32,67998.29,1
2026-06-15,2026-06-15 13:49:00,362.11,362.12,362.11,362.12,0.0,187.32,67998.29,1
2026-06-15,2026-06-15 13:50:00,362.12,362.14,362.12,362.14,0.01,187.32,67998.29,1
2026-06-15,2026-06-15 13:51:00,362.14,362.15,362.14,362.15,0.0,187.32,67998.29,1
2026-06-15,2026-06-15 13:52:00,362.15,362.16,362.15,362.16,0.0,187.32,67998.29,1
2026-06-15,2026-06-15 13:53:00,362.16,362.18,362.16,362.18,0.01,187.32,67998.29,1
2026-06-15,2026-06-15 13:54:00,362.18,362.19,362.18,362.19,0.0,187.32,67998.29,1
2026-06-15,2026-06-15 13:55:00,362.19,362.2,362.19,362.2,0.0,187.32,67998.29,1
2026-06-15,2026-06-15 13:56:00,362.2,362.21,362.2,362.21,0.0,187.32,67998.29,1
2026-06-15,2026-06-15 13:57:00,362.21,362.23,362.21,362.23,0.01,187.32,67998.29,1
2026-06-15,2026-06-15 13:58:00,362.23,362.24,362.23,362.24,0.0,187.32,67998.29,1
2026-06-15,2026-06-15 13:59:00,362.24,362.25,362.24,362.25,0.0,187.32,67998.29,1
2026-06-15,2026-06-15 14:00:00,362.25,362.26,362.25,362.26,0.0,187.32,67998.29,1
2026-06-15,2026-06-15 14:01:00,362.26,362.27,362.26,362.27,0.0,187.32,67998.29,1
2026-06-15,2026-06-15 14:02:00,362.27,362.29,362.27,362.29,0.01,187.32,67998.29,1
2026-06-15,2026-06-15 14:03:00,362.29,362.3,362.29,362.3,0.0,187.32,67998.29,1
2026-06-15,2026-06-15 14:04:00,362.3,362.31,362.3,362.31,0.0,187.32,67998.29,1
2026-06-15,2026-06-15 14:05:00,362.31,362.32,362.31,362.32,0.0,187.32,67998.29,1
2026-06-15,2026-06-15 14:06:00,362.32,362.34,362.32,362.34,0.01,187.32,67998.29,1
2026-06-15,2026-06-15 14:07:00,362.34,362.35,362.34,362.35,0.0,187.32,67998.29,1
2026-06-15,2026-06-15 14:08:00,362.35,362.36,362.35,362.36,0.0,187.32,67998.29,1
2026-06-15,2026-06-15 14:09:00,362.36,362.38,362.36,362.38,0.01,187.32,67998.29,1
2026-06-15,2026-06-15 14:10:00,362.38,362.39,362.38,362.39,0.0,187.32,67998.29,1
2026-06-15,2026-06-15 14:11:00,362.39,362.4,362.39,362.4,0.0,187.32,67998.29,1
2026-06-15,2026-06-15 14:12:00,362.4,362.41,362.4,362.41,0.0,187.32,67998.29,1
2026-06-15,2026-06-15 14:13:00,362.41,362.43,362.41,362.43,0.01,187.32,67998.29,1
2026-06-15,2026-06-15 14:14:00,362.43,362.44,362.43,362.44,0.0,187.32,67998.29,1
2026-06-15,2026-06-15 14:15:00,362.44,362.45,362.44,362.45,0.0,187.32,67998.29,1
2026-06-15,2026-06-15 14:16:00,362.45,362.46,362.45,362.46,0.0,187.32,67998.29,1
2026-06-15,2026-06-15 14:17:00,362.46,362.48,362.46,362.48,0.01,187.32,67998.29,1
2026-06-15,2026-06-15 14:18:00,362.48,362.49,362.48,362.49,0.0,187.32,67998.29,1
2026-06-15,2026-06-15 14:19:00,362.49,362.5,362.49,362.5,0.0,187.32,67998.29,1
2026-06-15,2026-06-15 14:20:00,362.5,362.51,362.5,362.51,0.0,187.32,67998.29,1
2026-06-15,2026-06-15 14:21:00,362.51,362.52,362.51,362.52,0.0,187.32,67998.29,1
2026-06-15,2026-06-15 14:22:00,362.52,362.54,362.52,362.54,0.01,187.32,67998.29,1
2026-06-15,2026-06-15 14:23:00,362.54,362.55,362.54,362.55,0.0,187.32,67998.29,1
2026-06-15,2026-06-15 14:24:00,362.55,362.56,362.55,362.56,0.0,187.32,67998.29,1
2026-06-15,2026-06-15 14:25:00,362.56,362.57,362.56,362.57,0.0,187.32,67998.29,1
2026-06-15,2026-06-15 14:26:00,362.57,362.59,362.57,362.59,0.01,187.32,67998.29,1
2026-06-15,2026-06-15 14:27:00,362.59,362.6,362.59,362.6,0.0,187.32,67998.29,1
2026-06-15,2026-06-15 14:28:00,362.6,362.61,362.6,362.61,0.0,187.32,67998.29,1
2026-06-15,2026-06-15 14:29:00,362.61,362.62,362.61,362.62,0.0,187.32,67998.29,1
2026-06-15,2026-06-15 14:30:00,362.62,362.64,362.62,362.64,0.01,187.32,67998.29,1
2026-06-15,2026-06-15 14:31:00,362.64,362.65,362.64,362.65,0.0,187.32,67998.29,1
2026-06-15,2026-06-15 14:32:00,362.65,362.66,362.65,362.66,0.0,187.32,67998.29,1
2026-06-15,2026-06-15 14:33:00,362.66,362.68,362.66,362.68,0.01,187.32,67998.29,1
2026-06-15,2026-06-15 14:34:00,362.68,362.69,362.68,362.69,0.0,187.32,67998.29,1
2026-06-15,2026-06-15 14:35:00,362.69,362.7,362.69,362.7,0.0,187.32,67998.29,1
2026-06-15,2026-06-15 14:36:00,362.7,362.71,362.7,362.71,0.0,187.32,67998.29,1
2026-06-15,2026-06-15 14:37:00,362.71,362.73,362.71,362.73,0.01,187.32,67998.29,1
2026-06-15,2026-06-15 14:38:00,362.73,362.74,362.73,362.74,0.0,187.32,67998.29,1
2026-06-15,2026-06-15 14:39:00,362.74,362.75,362.74,362.75,0.0,187.32,67998.29,1
2026-06-15,2026-06-15 14:40:00,362.75,362.76,362.75,362.76,0.0,187.32,67998.29,1
2026-06-15,2026-06-15 14:41:00,362.76,362.77,362.76,362.77,0.0,187.32,67998.29,1
2026-06-15,2026-06-15 14:42:00,362.77,362.79,362.77,362.79,0.01,187.32,67998.29,1
2026-06-15,2026-06-15 14:43:00,362.79,362.8,362.79,362.8,0.0,187.32,67998.29,1
2026-06-15,2026-06-15 14:44:00,362.8,362.81,362.8,362.81,0.0,187.32,67998.29,1
2026-06-15,2026-06-15 14:45:00,362.81,362.82,362.81,362.82,0.0,187.32,67998.29,1
2026-06-15,2026-06-15 14:46:00,362.82,362.84,362.82,362.84,0.01,187.32,67998.29,1
2026-06-15,2026-06-15 14:47:00,362.84,362.85,362.84,362.85,0.0,187.32,67998.29,1
2026-06-15,2026-06-15 14:48:00,362.85,362.86,362.85,362.86,0.0,187.32,67998.29,1
2026-06-15,2026-06-15 14:49:00,362.86,362.88,362.86,362.88,0.01,187.32,67998.29,1
2026-06-15,2026-06-15 14:50:00,362.88,362.89,362.88,362.89,0.0,187.32,67998.29,1
2026-06-15,2026-06-15 14:51:00,362.89,362.9,362.89,362.9,0.0,187.32,67998.29,1
2026-06-15,2026-06-15 14:52:00,362.9,362.91,362.9,362.91,0.0,187.32,67998.29,1
2026-06-15,2026-06-15 14:53:00,362.91,362.93,362.91,362.93,0.01,187.32,67998.29,1
2026-06-15,2026-06-15 14:54:00,362.93,362.94,362.93,362.94,0.0,187.32,67998.29,1
2026-06-15,2026-06-15 14:55:00,362.94,362.95,362.94,362.95,0.0,187.32,67998.29,1
2026-06-15,2026-06-15 14:56:00,362.95,362.96,362.95,362.96,0.0,187.32,67998.29,1
2026-06-15,2026-06-15 14:57:00,362.96,362.98,362.96,362.98,0.01,187.32,67998.29,1
2026-06-15,2026-06-15 14:58:00,362.98,362.99,362.98,362.99,0.0,187.32,67998.29,1
2026-06-15,2026-06-15 14:59:00,362.99,363.0,362.99,363.0,0.0,187.32,67998.29,1
2026-06-15,2026-06-15 15:00:00,363.0,368.0,358.4,363.0,0.0,187.32,67998.29,0
2026-06-16,2026-06-16 11:00:00,362.0,368.0,359.9,362.06,0.02,758.08,281267.61,1
2026-06-16,2026-06-16 11:01:00,362.06,362.12,362.06,362.12,0.02,758.08,281267.61,1
2026-06-16,2026-06-16 11:02:00,362.12,362.19,362.12,362.19,0.02,758.08,281267.61,1
2026-06-16,2026-06-16 11:03:00,362.19,362.25,362.19,362.25,0.02,758.08,281267.61,1
2026-06-16,2026-06-16 11:04:00,362.25,362.31,362.25,362.31,0.02,758.08,281267.61,1
2026-06-16,2026-06-16 11:05:00,362.31,362.38,362.31,362.38,0.02,758.08,281267.61,1
2026-06-16,2026-06-16 11:06:00,362.38,362.44,362.38,362.44,0.02,758.08,281267.61,1
2026-06-16,2026-06-16 11:07:00,362.44,362.5,362.44,362.5,0.02,758.08,281267.61,1
2026-06-16,2026-06-16 11:08:00,362.5,362.56,362.5,362.56,0.02,758.08,281267.61,1
2026-06-16,2026-06-16 11:09:00,362.56,362.62,362.56,362.62,0.02,758.08,281267.61,1
2026-06-16,2026-06-16 11:10:00,362.62,362.69,362.62,362.69,0.02,758.08,281267.61,1
2026-06-16,2026-06-16 11:11:00,362.69,362.75,362.69,362.75,0.02,758.08,281267.61,1
2026-06-16,2026-06-16 11:12:00,362.75,362.81,362.75,362.81,0.02,758.08,281267.61,1
2026-06-16,2026-06-16 11:13:00,362.81,362.88,362.81,362.88,0.02,758.08,281267.61,1
2026-06-16,2026-06-16 11:14:00,362.88,362.94,362.88,362.94,0.02,758.08,281267.61,1
2026-06-16,2026-06-16 11:15:00,362.94,363.0,362.94,363.0,0.02,758.08,281267.61,1
2026-06-16,2026-06-16 11:16:00,363.0,363.06,363.0,363.06,0.02,758.08,281267.61,1
2026-06-16,2026-06-16 11:17:00,363.06,363.12,363.06,363.12,0.02,758.08,281267.61,1
2026-06-16,2026-06-16 11:18:00,363.12,363.19,363.12,363.19,0.02,758.08,281267.61,1
2026-06-16,2026-06-16 11:19:00,363.19,363.25,363.19,363.25,0.02,758.08,281267.61,1
2026-06-16,2026-06-16 11:20:00,363.25,363.31,363.25,363.31,0.02,758.08,281267.61,1
2026-06-16,2026-06-16 11:21:00,363.31,363.38,363.31,363.38,0.02,758.08,281267.61,1
2026-06-16,2026-06-16 11:22:00,363.38,363.44,363.38,363.44,0.02,758.08,281267.61,1
2026-06-16,2026-06-16 11:23:00,363.44,363.5,363.44,363.5,0.02,758.08,281267.61,1
2026-06-16,2026-06-16 11:24:00,363.5,363.56,363.5,363.56,0.02,758.08,281267.61,1
2026-06-16,2026-06-16 11:25:00,363.56,363.62,363.56,363.62,0.02,758.08,281267.61,1
2026-06-16,2026-06-16 11:26:00,363.62,363.69,363.62,363.69,0.02,758.08,281267.61,1
2026-06-16,2026-06-16 11:27:00,363.69,363.75,363.69,363.75,0.02,758.08,281267.61,1
2026-06-16,2026-06-16 11:28:00,363.75,363.81,363.75,363.81,0.02,758.08,281267.61,1
2026-06-16,2026-06-16 11:29:00,363.81,363.88,363.81,363.88,0.02,758.08,281267.61,1
2026-06-16,2026-06-16 11:30:00,363.88,363.94,363.88,363.94,0.02,758.08,281267.61,1
2026-06-16,2026-06-16 11:31:00,363.94,364.0,363.94,364.0,0.02,758.08,281267.61,1
2026-06-16,2026-06-16 11:32:00,364.0,364.06,364.0,364.06,0.02,758.08,281267.61,1
2026-06-16,2026-06-16 11:33:00,364.06,364.12,364.06,364.12,0.02,758.08,281267.61,1
2026-06-16,2026-06-16 11:34:00,364.12,364.19,364.12,364.19,0.02,758.08,281267.61,1
2026-06-16,2026-06-16 11:35:00,364.19,364.25,364.19,364.25,0.02,758.08,281267.61,1
2026-06-16,2026-06-16 11:36:00,364.25,364.31,364.25,364.31,0.02,758.08,281267.61,1
2026-06-16,2026-06-16 11:37:00,364.31,364.38,364.31,364.38,0.02,758.08,281267.61,1
2026-06-16,2026-06-16 11:38:00,364.38,364.44,364.38,364.44,0.02,758.08,281267.61,1
2026-06-16,2026-06-16 11:39:00,364.44,364.5,364.44,364.5,0.02,758.08,281267.61,1
2026-06-16,2026-06-16 11:40:00,364.5,364.56,364.5,364.56,0.02,758.08,281267.61,1
2026-06-16,2026-06-16 11:41:00,364.56,364.62,364.56,364.62,0.02,758.08,281267.61,1
2026-06-16,2026-06-16 11:42:00,364.62,364.69,364.62,364.69,0.02,758.08,281267.61,1
2026-06-16,2026-06-16 11:43:00,364.69,364.75,364.69,364.75,0.02,758.08,281267.61,1
2026-06-16,2026-06-16 11:44:00,364.75,364.81,364.75,364.81,0.02,758.08,281267.61,1
2026-06-16,2026-06-16 11:45:00,364.81,364.88,364.81,364.88,0.02,758.08,281267.61,1
2026-06-16,2026-06-16 11:46:00,364.88,364.94,364.88,364.94,0.02,758.08,281267.61,1
2026-06-16,2026-06-16 11:47:00,364.94,365.0,364.94,365.0,0.02,758.08,281267.61,1
2026-06-16,2026-06-16 11:48:00,365.0,365.06,365.0,365.06,0.02,758.08,281267.61,1
2026-06-16,2026-06-16 11:49:00,365.06,365.12,365.06,365.12,0.02,758.08,281267.61,1
2026-06-16,2026-06-16 11:50:00,365.12,365.19,365.12,365.19,0.02,758.08,281267.61,1
2026-06-16,2026-06-16 11:51:00,365.19,365.25,365.19,365.25,0.02,758.08,281267.61,1
2026-06-16,2026-06-16 11:52:00,365.25,365.31,365.25,365.31,0.02,758.08,281267.61,1
2026-06-16,2026-06-16 11:53:00,365.31,365.38,365.31,365.38,0.02,758.08,281267.61,1
2026-06-16,2026-06-16 11:54:00,365.38,365.44,365.38,365.44,0.02,758.08,281267.61,1
2026-06-16,2026-06-16 11:55:00,365.44,365.5,365.44,365.5,0.02,758.08,281267.61,1
2026-06-16,2026-06-16 11:56:00,365.5,365.56,365.5,365.56,0.02,758.08,281267.61,1
2026-06-16,2026-06-16 11:57:00,365.56,365.62,365.56,365.62,0.02,758.08,281267.61,1
2026-06-16,2026-06-16 11:58:00,365.62,365.69,365.62,365.69,0.02,758.08,281267.61,1
2026-06-16,2026-06-16 11:59:00,365.69,365.75,365.69,365.75,0.02,758.08,281267.61,1
2026-06-16,2026-06-16 12:00:00,365.75,365.81,365.75,365.81,0.02,758.08,281267.61,1
2026-06-16,2026-06-16 12:01:00,365.81,365.88,365.81,365.88,0.02,758.08,281267.61,1
2026-06-16,2026-06-16 12:02:00,365.88,365.94,365.88,365.94,0.02,758.08,281267.61,1
2026-06-16,2026-06-16 12:03:00,365.94,366.0,365.94,366.0,0.02,758.08,281267.61,1
2026-06-16,2026-06-16 12:04:00,366.0,366.06,366.0,366.06,0.02,758.08,281267.61,1
2026-06-16,2026-06-16 12:05:00,366.06,366.12,366.06,366.12,0.02,758.08,281267.61,1
2026-06-16,2026-06-16 12:06:00,366.12,366.19,366.12,366.19,0.02,758.08,281267.61,1
2026-06-16,2026-06-16 12:07:00,366.19,366.25,366.19,366.25,0.02,758.08,281267.61,1
2026-06-16,2026-06-16 12:08:00,366.25,366.31,366.25,366.31,0.02,758.08,281267.61,1
2026-06-16,2026-06-16 12:09:00,366.31,366.38,366.31,366.38,0.02,758.08,281267.61,1
2026-06-16,2026-06-16 12:10:00,366.38,366.44,366.38,366.44,0.02,758.08,281267.61,1
2026-06-16,2026-06-16 12:11:00,366.44,366.5,366.44,366.5,0.02,758.08,281267.61,1
2026-06-16,2026-06-16 12:12:00,366.5,366.56,366.5,366.56,0.02,758.08,281267.61,1
2026-06-16,2026-06-16 12:13:00,366.56,366.62,366.56,366.62,0.02,758.08,281267.61,1
2026-06-16,2026-06-16 12:14:00,366.62,366.69,366.62,366.69,0.02,758.08,281267.61,1
2026-06-16,2026-06-16 12:15:00,366.69,366.75,366.69,366.75,0.02,758.08,281267.61,1
2026-06-16,2026-06-16 12:16:00,366.75,366.81,366.75,366.81,0.02,758.08,281267.61,1
2026-06-16,2026-06-16 12:17:00,366.81,366.88,366.81,366.88,0.02,758.08,281267.61,1
2026-06-16,2026-06-16 12:18:00,366.88,366.94,366.88,366.94,0.02,758.08,281267.61,1
2026-06-16,2026-06-16 12:19:00,366.94,367.0,366.94,367.0,0.02,758.08,281267.61,1
2026-06-16,2026-06-16 12:20:00,367.0,367.06,367.0,367.06,0.02,758.08,281267.61,1
2026-06-16,2026-06-16 12:21:00,367.06,367.12,367.06,367.12,0.02,758.08,281267.61,1
2026-06-16,2026-06-16 12:22:00,367.12,367.19,367.12,367.19,0.02,758.08,281267.61,1
2026-06-16,2026-06-16 12:23:00,367.19,367.25,367.19,367.25,0.02,758.08,281267.61,1
2026-06-16,2026-06-16 12:24:00,367.25,367.31,367.25,367.31,0.02,758.08,281267.61,1
2026-06-16,2026-06-16 12:25:00,367.31,367.38,367.31,367.38,0.02,758.08,281267.61,1
2026-06-16,2026-06-16 12:26:00,367.38,367.44,367.38,367.44,0.02,758.08,281267.61,1
2026-06-16,2026-06-16 12:27:00,367.44,367.5,367.44,367.5,0.02,758.08,281267.61,1
2026-06-16,2026-06-16 12:28:00,367.5,367.56,367.5,367.56,0.02,758.08,281267.61,1
2026-06-16,2026-06-16 12:29:00,367.56,367.62,367.56,367.62,0.02,758.08,281267.61,1
2026-06-16,2026-06-16 12:30:00,367.62,367.69,367.62,367.69,0.02,758.08,281267.61,1
2026-06-16,2026-06-16 12:31:00,367.69,367.75,367.69,367.75,0.02,758.08,281267.61,1
2026-06-16,2026-06-16 12:32:00,367.75,367.81,367.75,367.81,0.02,758.08,281267.61,1
2026-06-16,2026-06-16 12:33:00,367.81,367.88,367.81,367.88,0.02,758.08,281267.61,1
2026-06-16,2026-06-16 12:34:00,367.88,367.94,367.88,367.94,0.02,758.08,281267.61,1
2026-06-16,2026-06-16 12:35:00,367.94,368.0,367.94,368.0,0.02,758.08,281267.61,1
2026-06-16,2026-06-16 12:36:00,368.0,368.06,368.0,368.06,0.02,758.08,281267.61,1
2026-06-16,2026-06-16 12:37:00,368.06,368.12,368.06,368.12,0.02,758.08,281267.61,1
2026-06-16,2026-06-16 12:38:00,368.12,368.19,368.12,368.19,0.02,758.08,281267.61,1
2026-06-16,2026-06-16 12:39:00,368.19,368.25,368.19,368.25,0.02,758.08,281267.61,1
2026-06-16,2026-06-16 12:40:00,368.25,368.31,368.25,368.31,0.02,758.08,281267.61,1
2026-06-16,2026-06-16 12:41:00,368.31,368.38,368.31,368.38,0.02,758.08,281267.61,1
2026-06-16,2026-06-16 12:42:00,368.38,368.44,368.38,368.44,0.02,758.08,281267.61,1
2026-06-16,2026-06-16 12:43:00,368.44,368.5,368.44,368.5,0.02,758.08,281267.61,1
2026-06-16,2026-06-16 12:44:00,368.5,368.56,368.5,368.56,0.02,758.08,281267.61,1
2026-06-16,2026-06-16 12:45:00,368.56,368.62,368.56,368.62,0.02,758.08,281267.61,1
2026-06-16,2026-06-16 12:46:00,368.62,368.69,368.62,368.69,0.02,758.08,281267.61,1
2026-06-16,2026-06-16 12:47:00,368.69,368.75,368.69,368.75,0.02,758.08,281267.61,1
2026-06-16,2026-06-16 12:48:00,368.75,368.81,368.75,368.81,0.02,758.08,281267.61,1
2026-06-16,2026-06-16 12:49:00,368.81,368.88,368.81,368.88,0.02,758.08,281267.61,1
2026-06-16,2026-06-16 12:50:00,368.88,368.94,368.88,368.94,0.02,758.08,281267.61,1
2026-06-16,2026-06-16 12:51:00,368.94,369.0,368.94,369.0,0.02,758.08,281267.61,1
2026-06-16,2026-06-16 12:52:00,369.0,369.06,369.0,369.06,0.02,758.08,281267.61,1
2026-06-16,2026-06-16 12:53:00,369.06,369.12,369.06,369.12,0.02,758.08,281267.61,1
2026-06-16,2026-06-16 12:54:00,369.12,369.19,369.12,369.19,0.02,758.08,281267.61,1
2026-06-16,2026-06-16 12:55:00,369.19,369.25,369.19,369.25,0.02,758.08,281267.61,1
2026-06-16,2026-06-16 12:56:00,369.25,369.31,369.25,369.31,0.02,758.08,281267.61,1
2026-06-16,2026-06-16 12:57:00,369.31,369.38,369.31,369.38,0.02,758.08,281267.61,1
2026-06-16,2026-06-16 12:58:00,369.38,369.44,369.38,369.44,0.02,758.08,281267.61,1
2026-06-16,2026-06-16 12:59:00,369.44,369.5,369.44,369.5,0.02,758.08,281267.61,1
2026-06-16,2026-06-16 13:00:00,369.5,382.0,355.0,369.56,0.02,758.08,281267.61,1
2026-06-16,2026-06-16 13:01:00,369.56,369.62,369.56,369.62,0.02,758.08,281267.61,1
2026-06-16,2026-06-16 13:02:00,369.62,369.69,369.62,369.69,0.02,758.08,281267.61,1
2026-06-16,2026-06-16 13:03:00,369.69,369.75,369.69,369.75,0.02,758.08,281267.61,1
2026-06-16,2026-06-16 13:04:00,369.75,369.81,369.75,369.81,0.02,758.08,281267.61,1
2026-06-16,2026-06-16 13:05:00,369.81,369.88,369.81,369.88,0.02,758.08,281267.61,1
2026-06-16,2026-06-16 13:06:00,369.88,369.94,369.88,369.94,0.02,758.08,281267.61,1
2026-06-16,2026-06-16 13:07:00,369.94,370.0,369.94,370.0,0.02,758.08,281267.61,1
2026-06-16,2026-06-16 13:08:00,370.0,370.06,370.0,370.06,0.02,758.08,281267.61,1
2026-06-16,2026-06-16 13:09:00,370.06,370.12,370.06,370.12,0.02,758.08,281267.61,1
2026-06-16,2026-06-16 13:10:00,370.12,370.19,370.12,370.19,0.02,758.08,281267.61,1
2026-06-16,2026-06-16 13:11:00,370.19,370.25,370.19,370.25,0.02,758.08,281267.61,1
2026-06-16,2026-06-16 13:12:00,370.25,370.31,370.25,370.31,0.02,758.08,281267.61,1
2026-06-16,2026-06-16 13:13:00,370.31,370.38,370.31,370.38,0.02,758.08,281267.61,1
2026-06-16,2026-06-16 13:14:00,370.38,370.44,370.38,370.44,0.02,758.08,281267.61,1
2026-06-16,2026-06-16 13:15:00,370.44,370.5,370.44,370.5,0.02,758.08,281267.61,1
2026-06-16,2026-06-16 13:16:00,370.5,370.56,370.5,370.56,0.02,758.08,281267.61,1
2026-06-16,2026-06-16 13:17:00,370.56,370.62,370.56,370.62,0.02,758.08,281267.61,1
2026-06-16,2026-06-16 13:18:00,370.62,370.69,370.62,370.69,0.02,758.08,281267.61,1
2026-06-16,2026-06-16 13:19:00,370.69,370.75,370.69,370.75,0.02,758.08,281267.61,1
2026-06-16,2026-06-16 13:20:00,370.75,370.81,370.75,370.81,0.02,758.08,281267.61,1
2026-06-16,2026-06-16 13:21:00,370.81,370.88,370.81,370.88,0.02,758.08,281267.61,1
2026-06-16,2026-06-16 13:22:00,370.88,370.94,370.88,370.94,0.02,758.08,281267.61,1
2026-06-16,2026-06-16 13:23:00,370.94,371.0,370.94,371.0,0.02,758.08,281267.61,1
2026-06-16,2026-06-16 13:24:00,371.0,371.06,371.0,371.06,0.02,758.08,281267.61,1
2026-06-16,2026-06-16 13:25:00,371.06,371.12,371.06,371.12,0.02,758.08,281267.61,1
2026-06-16,2026-06-16 13:26:00,371.12,371.19,371.12,371.19,0.02,758.08,281267.61,1
2026-06-16,2026-06-16 13:27:00,371.19,371.25,371.19,371.25,0.02,758.08,281267.61,1
2026-06-16,2026-06-16 13:28:00,371.25,371.31,371.25,371.31,0.02,758.08,281267.61,1
2026-06-16,2026-06-16 13:29:00,371.31,371.38,371.31,371.38,0.02,758.08,281267.61,1
2026-06-16,2026-06-16 13:30:00,371.38,371.44,371.38,371.44,0.02,758.08,281267.61,1
2026-06-16,2026-06-16 13:31:00,371.44,371.5,371.44,371.5,0.02,758.08,281267.61,1
2026-06-16,2026-06-16 13:32:00,371.5,371.56,371.5,371.56,0.02,758.08,281267.61,1
2026-06-16,2026-06-16 13:33:00,371.56,371.62,371.56,371.62,0.02,758.08,281267.61,1
2026-06-16,2026-06-16 13:34:00,371.62,371.69,371.62,371.69,0.02,758.08,281267.61,1
2026-06-16,2026-06-16 13:35:00,371.69,371.75,371.69,371.75,0.02,758.08,281267.61,1
2026-06-16,2026-06-16 13:36:00,371.75,371.81,371.75,371.81,0.02,758.08,281267.61,1
2026-06-16,2026-06-16 13:37:00,371.81,371.88,371.81,371.88,0.02,758.08,281267.61,1
2026-06-16,2026-06-16 13:38:00,371.88,371.94,371.88,371.94,0.02,758.08,281267.61,1
2026-06-16,2026-06-16 13:39:00,371.94,372.0,371.94,372.0,0.02,758.08,281267.61,1
2026-06-16,2026-06-16 13:40:00,372.0,372.06,372.0,372.06,0.02,758.08,281267.61,1
2026-06-16,2026-06-16 13:41:00,372.06,372.12,372.06,372.12,0.02,758.08,281267.61,1
2026-06-16,2026-06-16 13:42:00,372.12,372.19,372.12,372.19,0.02,758.08,281267.61,1
2026-06-16,2026-06-16 13:43:00,372.19,372.25,372.19,372.25,0.02,758.08,281267.61,1
2026-06-16,2026-06-16 13:44:00,372.25,372.31,372.25,372.31,0.02,758.08,281267.61,1
2026-06-16,2026-06-16 13:45:00,372.31,372.38,372.31,372.38,0.02,758.08,281267.61,1
2026-06-16,2026-06-16 13:46:00,372.38,372.44,372.38,372.44,0.02,758.08,281267.61,1
2026-06-16,2026-06-16 13:47:00,372.44,372.5,372.44,372.5,0.02,758.08,281267.61,1
2026-06-16,2026-06-16 13:48:00,372.5,372.56,372.5,372.56,0.02,758.08,281267.61,1
2026-06-16,2026-06-16 13:49:00,372.56,372.62,372.56,372.62,0.02,758.08,281267.61,1
2026-06-16,2026-06-16 13:50:00,372.62,372.69,372.62,372.69,0.02,758.08,281267.61,1
2026-06-16,2026-06-16 13:51:00,372.69,372.75,372.69,372.75,0.02,758.08,281267.61,1
2026-06-16,2026-06-16 13:52:00,372.75,372.81,372.75,372.81,0.02,758.08,281267.61,1
2026-06-16,2026-06-16 13:53:00,372.81,372.88,372.81,372.88,0.02,758.08,281267.61,1
2026-06-16,2026-06-16 13:54:00,372.88,372.94,372.88,372.94,0.02,758.08,281267.61,1
2026-06-16,2026-06-16 13:55:00,372.94,373.0,372.94,373.0,0.02,758.08,281267.61,1
2026-06-16,2026-06-16 13:56:00,373.0,373.06,373.0,373.06,0.02,758.08,281267.61,1
2026-06-16,2026-06-16 13:57:00,373.06,373.12,373.06,373.12,0.02,758.08,281267.61,1
2026-06-16,2026-06-16 13:58:00,373.12,373.19,373.12,373.19,0.02,758.08,281267.61,1
2026-06-16,2026-06-16 13:59:00,373.19,373.25,373.19,373.25,0.02,758.08,281267.61,1
2026-06-16,2026-06-16 14:00:00,373.25,373.31,373.25,373.31,0.02,758.08,281267.61,1
2026-06-16,2026-06-16 14:01:00,373.31,373.38,373.31,373.38,0.02,758.08,281267.61,1
2026-06-16,2026-06-16 14:02:00,373.38,373.44,373.38,373.44,0.02,758.08,281267.61,1
2026-06-16,2026-06-16 14:03:00,373.44,373.5,373.44,373.5,0.02,758.08,281267.61,1
2026-06-16,2026-06-16 14:04:00,373.5,373.56,373.5,373.56,0.02,758.08,281267.61,1
2026-06-16,2026-06-16 14:05:00,373.56,373.62,373.56,373.62,0.02,758.08,281267.61,1
2026-06-16,2026-06-16 14:06:00,373.62,373.69,373.62,373.69,0.02,758.08,281267.61,1
2026-06-16,2026-06-16 14:07:00,373.69,373.75,373.69,373.75,0.02,758.08,281267.61,1
2026-06-16,2026-06-16 14:08:00,373.75,373.81,373.75,373.81,0.02,758.08,281267.61,1
2026-06-16,2026-06-16 14:09:00,373.81,373.88,373.81,373.88,0.02,758.08,281267.61,1
2026-06-16,2026-06-16 14:10:00,373.88,373.94,373.88,373.94,0.02,758.08,281267.61,1
2026-06-16,2026-06-16 14:11:00,373.94,374.0,373.94,374.0,0.02,758.08,281267.61,1
2026-06-16,2026-06-16 14:12:00,374.0,374.06,374.0,374.06,0.02,758.08,281267.61,1
2026-06-16,2026-06-16 14:13:00,374.06,374.12,374.06,374.12,0.02,758.08,281267.61,1
2026-06-16,2026-06-16 14:14:00,374.12,374.19,374.12,374.19,0.02,758.08,281267.61,1
2026-06-16,2026-06-16 14:15:00,374.19,374.25,374.19,374.25,0.02,758.08,281267.61,1
2026-06-16,2026-06-16 14:16:00,374.25,374.31,374.25,374.31,0.02,758.08,281267.61,1
2026-06-16,2026-06-16 14:17:00,374.31,374.38,374.31,374.38,0.02,758.08,281267.61,1
2026-06-16,2026-06-16 14:18:00,374.38,374.44,374.38,374.44,0.02,758.08,281267.61,1
2026-06-16,2026-06-16 14:19:00,374.44,374.5,374.44,374.5,0.02,758.08,281267.61,1
2026-06-16,2026-06-16 14:20:00,374.5,374.56,374.5,374.56,0.02,758.08,281267.61,1
2026-06-16,2026-06-16 14:21:00,374.56,374.62,374.56,374.62,0.02,758.08,281267.61,1
2026-06-16,2026-06-16 14:22:00,374.62,374.69,374.62,374.69,0.02,758.08,281267.61,1
2026-06-16,2026-06-16 14:23:00,374.69,374.75,374.69,374.75,0.02,758.08,281267.61,1
2026-06-16,2026-06-16 14:24:00,374.75,374.81,374.75,374.81,0.02,758.08,281267.61,1
2026-06-16,2026-06-16 14:25:00,374.81,374.88,374.81,374.88,0.02,758.08,281267.61,1
2026-06-16,2026-06-16 14:26:00,374.88,374.94,374.88,374.94,0.02,758.08,281267.61,1
2026-06-16,2026-06-16 14:27:00,374.94,375.0,374.94,375.0,0.02,758.08,281267.61,1
2026-06-16,2026-06-16 14:28:00,375.0,375.06,375.0,375.06,0.02,758.08,281267.61,1
2026-06-16,2026-06-16 14:29:00,375.06,375.12,375.06,375.12,0.02,758.08,281267.61,1
2026-06-16,2026-06-16 14:30:00,375.12,375.19,375.12,375.19,0.02,758.08,281267.61,1
2026-06-16,2026-06-16 14:31:00,375.19,375.25,375.19,375.25,0.02,758.08,281267.61,1
2026-06-16,2026-06-16 14:32:00,375.25,375.31,375.25,375.31,0.02,758.08,281267.61,1
2026-06-16,2026-06-16 14:33:00,375.31,375.38,375.31,375.38,0.02,758.08,281267.61,1
2026-06-16,2026-06-16 14:34:00,375.38,375.44,375.38,375.44,0.02,758.08,281267.61,1
2026-06-16,2026-06-16 14:35:00,375.44,375.5,375.44,375.5,0.02,758.08,281267.61,1
2026-06-16,2026-06-16 14:36:00,375.5,375.56,375.5,375.56,0.02,758.08,281267.61,1
2026-06-16,2026-06-16 14:37:00,375.56,375.62,375.56,375.62,0.02,758.08,281267.61,1
2026-06-16,2026-06-16 14:38:00,375.62,375.69,375.62,375.69,0.02,758.08,281267.61,1
2026-06-16,2026-06-16 14:39:00,375.69,375.75,375.69,375.75,0.02,758.08,281267.61,1
2026-06-16,2026-06-16 14:40:00,375.75,375.81,375.75,375.81,0.02,758.08,281267.61,1
2026-06-16,2026-06-16 14:41:00,375.81,375.88,375.81,375.88,0.02,758.08,281267.61,1
2026-06-16,2026-06-16 14:42:00,375.88,375.94,375.88,375.94,0.02,758.08,281267.61,1
2026-06-16,2026-06-16 14:43:00,375.94,376.0,375.94,376.0,0.02,758.08,281267.61,1
2026-06-16,2026-06-16 14:44:00,376.0,376.06,376.0,376.06,0.02,758.08,281267.61,1
2026-06-16,2026-06-16 14:45:00,376.06,376.12,376.06,376.12,0.02,758.08,281267.61,1
2026-06-16,2026-06-16 14:46:00,376.12,376.19,376.12,376.19,0.02,758.08,281267.61,1
2026-06-16,2026-06-16 14:47:00,376.19,376.25,376.19,376.25,0.02,758.08,281267.61,1
2026-06-16,2026-06-16 14:48:00,376.25,376.31,376.25,376.31,0.02,758.08,281267.61,1
2026-06-16,2026-06-16 14:49:00,376.31,376.38,376.31,376.38,0.02,758.08,281267.61,1
2026-06-16,2026-06-16 14:50:00,376.38,376.44,376.38,376.44,0.02,758.08,281267.61,1
2026-06-16,2026-06-16 14:51:00,376.44,376.5,376.44,376.5,0.02,758.08,281267.61,1
2026-06-16,2026-06-16 14:52:00,376.5,376.56,376.5,376.56,0.02,758.08,281267.61,1
2026-06-16,2026-06-16 14:53:00,376.56,376.62,376.56,376.62,0.02,758.08,281267.61,1
2026-06-16,2026-06-16 14:54:00,376.62,376.69,376.62,376.69,0.02,758.08,281267.61,1
2026-06-16,2026-06-16 14:55:00,376.69,376.75,376.69,376.75,0.02,758.08,281267.61,1
2026-06-16,2026-06-16 14:56:00,376.75,376.81,376.75,376.81,0.02,758.08,281267.61,1
2026-06-16,2026-06-16 14:57:00,376.81,376.88,376.81,376.88,0.02,758.08,281267.61,1
2026-06-16,2026-06-16 14:58:00,376.88,376.94,376.88,376.94,0.02,758.08,281267.61,1
2026-06-16,2026-06-16 14:59:00,376.94,377.0,376.94,377.0,0.02,758.08,281267.61,1
2026-06-16,2026-06-16 15:00:00,377.0,382.0,355.0,377.0,0.0,758.08,281267.61,0
2026-06-17,2026-06-17 11:00:00,385.0,385.9,381.88,384.96,-0.01,393.04,149594.17,-1
2026-06-17,2026-06-17 11:01:00,384.96,384.96,384.92,384.92,-0.01,393.04,149594.17,-1
2026-06-17,2026-06-17 11:02:00,384.92,384.92,384.88,384.88,-0.01,393.04,149594.17,-1
2026-06-17,2026-06-17 11:03:00,384.88,384.88,384.83,384.83,-0.01,393.04,149594.17,-1
2026-06-17,2026-06-17 11:04:00,384.83,384.83,384.79,384.79,-0.01,393.04,149594.17,-1
2026-06-17,2026-06-17 11:05:00,384.79,384.79,384.75,384.75,-0.01,393.04,149594.17,-1
2026-06-17,2026-06-17 11:06:00,384.75,384.75,384.71,384.71,-0.01,393.04,149594.17,-1
2026-06-17,2026-06-17 11:07:00,384.71,384.71,384.67,384.67,-0.01,393.04,149594.17,-1
2026-06-17,2026-06-17 11:08:00,384.67,384.67,384.62,384.62,-0.01,393.04,149594.17,-1
2026-06-17,2026-06-17 11:09:00,384.62,384.62,384.58,384.58,-0.01,393.04,149594.17,-1
2026-06-17,2026-06-17 11:10:00,384.58,384.58,384.54,384.54,-0.01,393.04,149594.17,-1
2026-06-17,2026-06-17 11:11:00,384.54,384.54,384.5,384.5,-0.01,393.04,149594.17,-1
2026-06-17,2026-06-17 11:12:00,384.5,384.5,384.46,384.46,-0.01,393.04,149594.17,-1
2026-06-17,2026-06-17 11:13:00,384.46,384.46,384.42,384.42,-0.01,393.04,149594.17,-1
2026-06-17,2026-06-17 11:14:00,384.42,384.42,384.38,384.38,-0.01,393.04,149594.17,-1
2026-06-17,2026-06-17 11:15:00,384.38,384.38,384.33,384.33,-0.01,393.04,149594.17,-1
2026-06-17,2026-06-17 11:16:00,384.33,384.33,384.29,384.29,-0.01,393.04,149594.17,-1
2026-06-17,2026-06-17 11:17:00,384.29,384.29,384.25,384.25,-0.01,393.04,149594.17,-1
2026-06-17,2026-06-17 11:18:00,384.25,384.25,384.21,384.21,-0.01,393.04,149594.17,-1
2026-06-17,2026-06-17 11:19:00,384.21,384.21,384.17,384.17,-0.01,393.04,149594.17,-1
2026-06-17,2026-06-17 11:20:00,384.17,384.17,384.12,384.12,-0.01,393.04,149594.17,-1
2026-06-17,2026-06-17 11:21:00,384.12,384.12,384.08,384.08,-0.01,393.04,149594.17,-1
2026-06-17,2026-06-17 11:22:00,384.08,384.08,384.04,384.04,-0.01,393.04,149594.17,-1
2026-06-17,2026-06-17 11:23:00,384.04,384.04,384.0,384.0,-0.01,393.04,149594.17,-1
2026-06-17,2026-06-17 11:24:00,384.0,384.0,383.96,383.96,-0.01,393.04,149594.17,-1
2026-06-17,2026-06-17 11:25:00,383.96,383.96,383.92,383.92,-0.01,393.04,149594.17,-1
2026-06-17,2026-06-17 11:26:00,383.92,383.92,383.88,383.88,-0.01,393.04,149594.17,-1
2026-06-17,2026-06-17 11:27:00,383.88,383.88,383.83,383.83,-0.01,393.04,149594.17,-1
2026-06-17,2026-06-17 11:28:00,383.83,383.83,383.79,383.79,-0.01,393.04,149594.17,-1
2026-06-17,2026-06-17 11:29:00,383.79,383.79,383.75,383.75,-0.01,393.04,149594.17,-1
2026-06-17,2026-06-17 11:30:00,383.75,383.75,383.71,383.71,-0.01,393.04,149594.17,-1
2026-06-17,2026-06-17 11:31:00,383.71,383.71,383.67,383.67,-0.01,393.04,149594.17,-1
2026-06-17,2026-06-17 11:32:00,383.67,383.67,383.62,383.62,-0.01,393.04,149594.17,-1
2026-06-17,2026-06-17 11:33:00,383.62,383.62,383.58,383.58,-0.01,393.04,149594.17,-1
2026-06-17,2026-06-17 11:34:00,383.58,383.58,383.54,383.54,-0.01,393.04,149594.17,-1
2026-06-17,2026-06-17 11:35:00,383.54,383.54,383.5,383.5,-0.01,393.04,149594.17,-1
2026-06-17,2026-06-17 11:36:00,383.5,383.5,383.46,383.46,-0.01,393.04,149594.17,-1
2026-06-17,2026-06-17 11:37:00,383.46,383.46,383.42,383.42,-0.01,393.04,149594.17,-1
2026-06-17,2026-06-17 11:38:00,383.42,383.42,383.38,383.38,-0.01,393.04,149594.17,-1
2026-06-17,2026-06-17 11:39:00,383.38,383.38,383.33,383.33,-0.01,393.04,149594.17,-1
2026-06-17,2026-06-17 11:40:00,383.33,383.33,383.29,383.29,-0.01,393.04,149594.17,-1
2026-06-17,2026-06-17 11:41:00,383.29,383.29,383.25,383.25,-0.01,393.04,149594.17,-1
2026-06-17,2026-06-17 11:42:00,383.25,383.25,383.21,383.21,-0.01,393.04,149594.17,-1
2026-06-17,2026-06-17 11:43:00,383.21,383.21,383.17,383.17,-0.01,393.04,149594.17,-1
2026-06-17,2026-06-17 11:44:00,383.17,383.17,383.12,383.12,-0.01,393.04,149594.17,-1
2026-06-17,2026-06-17 11:45:00,383.12,383.12,383.08,383.08,-0.01,393.04,149594.17,-1
2026-06-17,2026-06-17 11:46:00,383.08,383.08,383.04,383.04,-0.01,393.04,149594.17,-1
2026-06-17,2026-06-17 11:47:00,383.04,383.04,383.0,383.0,-0.01,393.04,149594.17,-1
2026-06-17,2026-06-17 11:48:00,383.0,383.0,382.96,382.96,-0.01,393.04,149594.17,-1
2026-06-17,2026-06-17 11:49:00,382.96,382.96,382.92,382.92,-0.01,393.04,149594.17,-1
2026-06-17,2026-06-17 11:50:00,382.92,382.92,382.88,382.88,-0.01,393.04,149594.17,-1
2026-06-17,2026-06-17 11:51:00,382.88,382.88,382.83,382.83,-0.01,393.04,149594.17,-1
2026-06-17,2026-06-17 11:52:00,382.83,382.83,382.79,382.79,-0.01,393.04,149594.17,-1
2026-06-17,2026-06-17 11:53:00,382.79,382.79,382.75,382.75,-0.01,393.04,149594.17,-1
2026-06-17,2026-06-17 11:54:00,382.75,382.75,382.71,382.71,-0.01,393.04,149594.17,-1
2026-06-17,2026-06-17 11:55:00,382.71,382.71,382.67,382.67,-0.01,393.04,149594.17,-1
2026-06-17,2026-06-17 11:56:00,382.67,382.67,382.62,382.62,-0.01,393.04,149594.17,-1
2026-06-17,2026-06-17 11:57:00,382.62,382.62,382.58,382.58,-0.01,393.04,149594.17,-1
2026-06-17,2026-06-17 11:58:00,382.58,382.58,382.54,382.54,-0.01,393.04,149594.17,-1
2026-06-17,2026-06-17 11:59:00,382.54,382.54,382.5,382.5,-0.01,393.04,149594.17,-1
2026-06-17,2026-06-17 12:00:00,382.5,382.5,382.46,382.46,-0.01,393.04,149594.17,-1
2026-06-17,2026-06-17 12:01:00,382.46,382.46,382.42,382.42,-0.01,393.04,149594.17,-1
2026-06-17,2026-06-17 12:02:00,382.42,382.42,382.38,382.38,-0.01,393.04,149594.17,-1
2026-06-17,2026-06-17 12:03:00,382.38,382.38,382.33,382.33,-0.01,393.04,149594.17,-1
2026-06-17,2026-06-17 12:04:00,382.33,382.33,382.29,382.29,-0.01,393.04,149594.17,-1
2026-06-17,2026-06-17 12:05:00,382.29,382.29,382.25,382.25,-0.01,393.04,149594.17,-1
2026-06-17,2026-06-17 12:06:00,382.25,382.25,382.21,382.21,-0.01,393.04,149594.17,-1
2026-06-17,2026-06-17 12:07:00,382.21,382.21,382.17,382.17,-0.01,393.04,149594.17,-1
2026-06-17,2026-06-17 12:08:00,382.17,382.17,382.12,382.12,-0.01,393.04,149594.17,-1
2026-06-17,2026-06-17 12:09:00,382.12,382.12,382.08,382.08,-0.01,393.04,149594.17,-1
2026-06-17,2026-06-17 12:10:00,382.08,382.08,382.04,382.04,-0.01,393.04,149594.17,-1
2026-06-17,2026-06-17 12:11:00,382.04,382.04,382.0,382.0,-0.01,393.04,149594.17,-1
2026-06-17,2026-06-17 12:12:00,382.0,382.0,381.96,381.96,-0.01,393.04,149594.17,-1
2026-06-17,2026-06-17 12:13:00,381.96,381.96,381.92,381.92,-0.01,393.04,149594.17,-1
2026-06-17,2026-06-17 12:14:00,381.92,381.92,381.88,381.88,-0.01,393.04,149594.17,-1
2026-06-17,2026-06-17 12:15:00,381.88,381.88,381.83,381.83,-0.01,393.04,149594.17,-1
2026-06-17,2026-06-17 12:16:00,381.83,381.83,381.79,381.79,-0.01,393.04,149594.17,-1
2026-06-17,2026-06-17 12:17:00,381.79,381.79,381.75,381.75,-0.01,393.04,149594.17,-1
2026-06-17,2026-06-17 12:18:00,381.75,381.75,381.71,381.71,-0.01,393.04,149594.17,-1
2026-06-17,2026-06-17 12:19:00,381.71,381.71,381.67,381.67,-0.01,393.04,149594.17,-1
2026-06-17,2026-06-17 12:20:00,381.67,381.67,381.62,381.62,-0.01,393.04,149594.17,-1
2026-06-17,2026-06-17 12:21:00,381.62,381.62,381.58,381.58,-0.01,393.04,149594.17,-1
2026-06-17,2026-06-17 12:22:00,381.58,381.58,381.54,381.54,-0.01,393.04,149594.17,-1
2026-06-17,2026-06-17 12:23:00,381.54,381.54,381.5,381.5,-0.01,393.04,149594.17,-1
2026-06-17,2026-06-17 12:24:00,381.5,381.5,381.46,381.46,-0.01,393.04,149594.17,-1
2026-06-17,2026-06-17 12:25:00,381.46,381.46,381.42,381.42,-0.01,393.04,149594.17,-1
2026-06-17,2026-06-17 12:26:00,381.42,381.42,381.38,381.38,-0.01,393.04,149594.17,-1
2026-06-17,2026-06-17 12:27:00,381.38,381.38,381.33,381.33,-0.01,393.04,149594.17,-1
2026-06-17,2026-06-17 12:28:00,381.33,381.33,381.29,381.29,-0.01,393.04,149594.17,-1
2026-06-17,2026-06-17 12:29:00,381.29,381.29,381.25,381.25,-0.01,393.04,149594.17,-1
2026-06-17,2026-06-17 12:30:00,381.25,381.25,381.21,381.21,-0.01,393.04,149594.17,-1
2026-06-17,2026-06-17 12:31:00,381.21,381.21,381.17,381.17,-0.01,393.04,149594.17,-1
2026-06-17,2026-06-17 12:32:00,381.17,381.17,381.12,381.12,-0.01,393.04,149594.17,-1
2026-06-17,2026-06-17 12:33:00,381.12,381.12,381.08,381.08,-0.01,393.04,149594.17,-1
2026-06-17,2026-06-17 12:34:00,381.08,381.08,381.04,381.04,-0.01,393.04,149594.17,-1
2026-06-17,2026-06-17 12:35:00,381.04,381.04,381.0,381.0,-0.01,393.04,149594.17,-1
2026-06-17,2026-06-17 12:36:00,381.0,381.0,380.96,380.96,-0.01,393.04,149594.17,-1
2026-06-17,2026-06-17 12:37:00,380.96,380.96,380.92,380.92,-0.01,393.04,149594.17,-1
2026-06-17,2026-06-17 12:38:00,380.92,380.92,380.88,380.88,-0.01,393.04,149594.17,-1
2026-06-17,2026-06-17 12:39:00,380.88,380.88,380.83,380.83,-0.01,393.04,149594.17,-1
2026-06-17,2026-06-17 12:40:00,380.83,380.83,380.79,380.79,-0.01,393.04,149594.17,-1
2026-06-17,2026-06-17 12:41:00,380.79,380.79,380.75,380.75,-0.01,393.04,149594.17,-1
2026-06-17,2026-06-17 12:42:00,380.75,380.75,380.71,380.71,-0.01,393.04,149594.17,-1
2026-06-17,2026-06-17 12:43:00,380.71,380.71,380.67,380.67,-0.01,393.04,149594.17,-1
2026-06-17,2026-06-17 12:44:00,380.67,380.67,380.62,380.62,-0.01,393.04,149594.17,-1
2026-06-17,2026-06-17 12:45:00,380.62,380.62,380.58,380.58,-0.01,393.04,149594.17,-1
2026-06-17,2026-06-17 12:46:00,380.58,380.58,380.54,380.54,-0.01,393.04,149594.17,-1
2026-06-17,2026-06-17 12:47:00,380.54,380.54,380.5,380.5,-0.01,393.04,149594.17,-1
2026-06-17,2026-06-17 12:48:00,380.5,380.5,380.46,380.46,-0.01,393.04,149594.17,-1
2026-06-17,2026-06-17 12:49:00,380.46,380.46,380.42,380.42,-0.01,393.04,149594.17,-1
2026-06-17,2026-06-17 12:50:00,380.42,380.42,380.38,380.38,-0.01,393.04,149594.17,-1
2026-06-17,2026-06-17 12:51:00,380.38,380.38,380.33,380.33,-0.01,393.04,149594.17,-1
2026-06-17,2026-06-17 12:52:00,380.33,380.33,380.29,380.29,-0.01,393.04,149594.17,-1
2026-06-17,2026-06-17 12:53:00,380.29,380.29,380.25,380.25,-0.01,393.04,149594.17,-1
2026-06-17,2026-06-17 12:54:00,380.25,380.25,380.21,380.21,-0.01,393.04,149594.17,-1
2026-06-17,2026-06-17 12:55:00,380.21,380.21,380.17,380.17,-0.01,393.04,149594.17,-1
2026-06-17,2026-06-17 12:56:00,380.17,380.17,380.12,380.12,-0.01,393.04,149594.17,-1
2026-06-17,2026-06-17 12:57:00,380.12,380.12,380.08,380.08,-0.01,393.04,149594.17,-1
2026-06-17,2026-06-17 12:58:00,380.08,380.08,380.04,380.04,-0.01,393.04,149594.17,-1
2026-06-17,2026-06-17 12:59:00,380.04,380.04,380.0,380.0,-0.01,393.04,149594.17,-1
2026-06-17,2026-06-17 13:00:00,380.0,388.0,374.6,379.96,-0.01,393.04,149594.17,-1
2026-06-17,2026-06-17 13:01:00,379.96,379.96,379.92,379.92,-0.01,393.04,149594.17,-1
2026-06-17,2026-06-17 13:02:00,379.92,379.92,379.88,379.88,-0.01,393.04,149594.17,-1
2026-06-17,2026-06-17 13:03:00,379.88,379.88,379.83,379.83,-0.01,393.04,149594.17,-1
2026-06-17,2026-06-17 13:04:00,379.83,379.83,379.79,379.79,-0.01,393.04,149594.17,-1
2026-06-17,2026-06-17 13:05:00,379.79,379.79,379.75,379.75,-0.01,393.04,149594.17,-1
2026-06-17,2026-06-17 13:06:00,379.75,379.75,379.71,379.71,-0.01,393.04,149594.17,-1
2026-06-17,2026-06-17 13:07:00,379.71,379.71,379.67,379.67,-0.01,393.04,149594.17,-1
2026-06-17,2026-06-17 13:08:00,379.67,379.67,379.62,379.62,-0.01,393.04,149594.17,-1
2026-06-17,2026-06-17 13:09:00,379.62,379.62,379.58,379.58,-0.01,393.04,149594.17,-1
2026-06-17,2026-06-17 13:10:00,379.58,379.58,379.54,379.54,-0.01,393.04,149594.17,-1
2026-06-17,2026-06-17 13:11:00,379.54,379.54,379.5,379.5,-0.01,393.04,149594.17,-1
2026-06-17,2026-06-17 13:12:00,379.5,379.5,379.46,379.46,-0.01,393.04,149594.17,-1
2026-06-17,2026-06-17 13:13:00,379.46,379.46,379.42,379.42,-0.01,393.04,149594.17,-1
2026-06-17,2026-06-17 13:14:00,379.42,379.42,379.38,379.38,-0.01,393.04,149594.17,-1
2026-06-17,2026-06-17 13:15:00,379.38,379.38,379.33,379.33,-0.01,393.04,149594.17,-1
2026-06-17,2026-06-17 13:16:00,379.33,379.33,379.29,379.29,-0.01,393.04,149594.17,-1
2026-06-17,2026-06-17 13:17:00,379.29,379.29,379.25,379.25,-0.01,393.04,149594.17,-1
2026-06-17,2026-06-17 13:18:00,379.25,379.25,379.21,379.21,-0.01,393.04,149594.17,-1
2026-06-17,2026-06-17 13:19:00,379.21,379.21,379.17,379.17,-0.01,393.04,149594.17,-1
2026-06-17,2026-06-17 13:20:00,379.17,379.17,379.12,379.12,-0.01,393.04,149594.17,-1
2026-06-17,2026-06-17 13:21:00,379.12,379.12,379.08,379.08,-0.01,393.04,149594.17,-1
2026-06-17,2026-06-17 13:22:00,379.08,379.08,379.04,379.04,-0.01,393.04,149594.17,-1
2026-06-17,2026-06-17 13:23:00,379.04,379.04,379.0,379.0,-0.01,393.04,149594.17,-1
2026-06-17,2026-06-17 13:24:00,379.0,379.0,378.96,378.96,-0.01,393.04,149594.17,-1
2026-06-17,2026-06-17 13:25:00,378.96,378.96,378.92,378.92,-0.01,393.04,149594.17,-1
2026-06-17,2026-06-17 13:26:00,378.92,378.92,378.88,378.88,-0.01,393.04,149594.17,-1
2026-06-17,2026-06-17 13:27:00,378.88,378.88,378.83,378.83,-0.01,393.04,149594.17,-1
2026-06-17,2026-06-17 13:28:00,378.83,378.83,378.79,378.79,-0.01,393.04,149594.17,-1
2026-06-17,2026-06-17 13:29:00,378.79,378.79,378.75,378.75,-0.01,393.04,149594.17,-1
2026-06-17,2026-06-17 13:30:00,378.75,378.75,378.71,378.71,-0.01,393.04,149594.17,-1
2026-06-17,2026-06-17 13:31:00,378.71,378.71,378.67,378.67,-0.01,393.04,149594.17,-1
2026-06-17,2026-06-17 13:32:00,378.67,378.67,378.62,378.62,-0.01,393.04,149594.17,-1
2026-06-17,2026-06-17 13:33:00,378.62,378.62,378.58,378.58,-0.01,393.04,149594.17,-1
2026-06-17,2026-06-17 13:34:00,378.58,378.58,378.54,378.54,-0.01,393.04,149594.17,-1
2026-06-17,2026-06-17 13:35:00,378.54,378.54,378.5,378.5,-0.01,393.04,149594.17,-1
2026-06-17,2026-06-17 13:36:00,378.5,378.5,378.46,378.46,-0.01,393.04,149594.17,-1
2026-06-17,2026-06-17 13:37:00,378.46,378.46,378.42,378.42,-0.01,393.04,149594.17,-1
2026-06-17,2026-06-17 13:38:00,378.42,378.42,378.38,378.38,-0.01,393.04,149594.17,-1
2026-06-17,2026-06-17 13:39:00,378.38,378.38,378.33,378.33,-0.01,393.04,149594.17,-1
2026-06-17,2026-06-17 13:40:00,378.33,378.33,378.29,378.29,-0.01,393.04,149594.17,-1
2026-06-17,2026-06-17 13:41:00,378.29,378.29,378.25,378.25,-0.01,393.04,149594.17,-1
2026-06-17,2026-06-17 13:42:00,378.25,378.25,378.21,378.21,-0.01,393.04,149594.17,-1
2026-06-17,2026-06-17 13:43:00,378.21,378.21,378.17,378.17,-0.01,393.04,149594.17,-1
2026-06-17,2026-06-17 13:44:00,378.17,378.17,378.12,378.12,-0.01,393.04,149594.17,-1
2026-06-17,2026-06-17 13:45:00,378.12,378.12,378.08,378.08,-0.01,393.04,149594.17,-1
2026-06-17,2026-06-17 13:46:00,378.08,378.08,378.04,378.04,-0.01,393.04,149594.17,-1
2026-06-17,2026-06-17 13:47:00,378.04,378.04,378.0,378.0,-0.01,393.04,149594.17,-1
2026-06-17,2026-06-17 13:48:00,378.0,378.0,377.96,377.96,-0.01,393.04,149594.17,-1
2026-06-17,2026-06-17 13:49:00,377.96,377.96,377.92,377.92,-0.01,393.04,149594.17,-1
2026-06-17,2026-06-17 13:50:00,377.92,377.92,377.88,377.88,-0.01,393.04,149594.17,-1
2026-06-17,2026-06-17 13:51:00,377.88,377.88,377.83,377.83,-0.01,393.04,149594.17,-1
2026-06-17,2026-06-17 13:52:00,377.83,377.83,377.79,377.79,-0.01,393.04,149594.17,-1
2026-06-17,2026-06-17 13:53:00,377.79,377.79,377.75,377.75,-0.01,393.04,149594.17,-1
2026-06-17,2026-06-17 13:54:00,377.75,377.75,377.71,377.71,-0.01,393.04,149594.17,-1
2026-06-17,2026-06-17 13:55:00,377.71,377.71,377.67,377.67,-0.01,393.04,149594.17,-1
2026-06-17,2026-06-17 13:56:00,377.67,377.67,377.62,377.62,-0.01,393.04,149594.17,-1
2026-06-17,2026-06-17 13:57:00,377.62,377.62,377.58,377.58,-0.01,393.04,149594.17,-1
2026-06-17,2026-06-17 13:58:00,377.58,377.58,377.54,377.54,-0.01,393.04,149594.17,-1
2026-06-17,2026-06-17 13:59:00,377.54,377.54,377.5,377.5,-0.01,393.04,149594.17,-1
2026-06-17,2026-06-17 14:00:00,377.5,377.5,377.46,377.46,-0.01,393.04,149594.17,-1
2026-06-17,2026-06-17 14:01:00,377.46,377.46,377.42,377.42,-0.01,393.04,149594.17,-1
2026-06-17,2026-06-17 14:02:00,377.42,377.42,377.38,377.38,-0.01,393.04,149594.17,-1
2026-06-17,2026-06-17 14:03:00,377.38,377.38,377.33,377.33,-0.01,393.04,149594.17,-1
2026-06-17,2026-06-17 14:04:00,377.33,377.33,377.29,377.29,-0.01,393.04,149594.17,-1
2026-06-17,2026-06-17 14:05:00,377.29,377.29,377.25,377.25,-0.01,393.04,149594.17,-1
2026-06-17,2026-06-17 14:06:00,377.25,377.25,377.21,377.21,-0.01,393.04,149594.17,-1
2026-06-17,2026-06-17 14:07:00,377.21,377.21,377.17,377.17,-0.01,393.04,149594.17,-1
2026-06-17,2026-06-17 14:08:00,377.17,377.17,377.12,377.12,-0.01,393.04,149594.17,-1
2026-06-17,2026-06-17 14:09:00,377.12,377.12,377.08,377.08,-0.01,393.04,149594.17,-1
2026-06-17,2026-06-17 14:10:00,377.08,377.08,377.04,377.04,-0.01,393.04,149594.17,-1
2026-06-17,2026-06-17 14:11:00,377.04,377.04,377.0,377.0,-0.01,393.04,149594.17,-1
2026-06-17,2026-06-17 14:12:00,377.0,377.0,376.96,376.96,-0.01,393.04,149594.17,-1
2026-06-17,2026-06-17 14:13:00,376.96,376.96,376.92,376.92,-0.01,393.04,149594.17,-1
2026-06-17,2026-06-17 14:14:00,376.92,376.92,376.88,376.88,-0.01,393.04,149594.17,-1
2026-06-17,2026-06-17 14:15:00,376.88,376.88,376.83,376.83,-0.01,393.04,149594.17,-1
2026-06-17,2026-06-17 14:16:00,376.83,376.83,376.79,376.79,-0.01,393.04,149594.17,-1
2026-06-17,2026-06-17 14:17:00,376.79,376.79,376.75,376.75,-0.01,393.04,149594.17,-1
2026-06-17,2026-06-17 14:18:00,376.75,376.75,376.71,376.71,-0.01,393.04,149594.17,-1
2026-06-17,2026-06-17 14:19:00,376.71,376.71,376.67,376.67,-0.01,393.04,149594.17,-1
2026-06-17,2026-06-17 14:20:00,376.67,376.67,376.62,376.62,-0.01,393.04,149594.17,-1
2026-06-17,2026-06-17 14:21:00,376.62,376.62,376.58,376.58,-0.01,393.04,149594.17,-1
2026-06-17,2026-06-17 14:22:00,376.58,376.58,376.54,376.54,-0.01,393.04,149594.17,-1
2026-06-17,2026-06-17 14:23:00,376.54,376.54,376.5,376.5,-0.01,393.04,149594.17,-1
2026-06-17,2026-06-17 14:24:00,376.5,376.5,376.46,376.46,-0.01,393.04,149594.17,-1
2026-06-17,2026-06-17 14:25:00,376.46,376.46,376.42,376.42,-0.01,393.04,149594.17,-1
2026-06-17,2026-06-17 14:26:00,376.42,376.42,376.38,376.38,-0.01,393.04,149594.17,-1
2026-06-17,2026-06-17 14:27:00,376.38,376.38,376.33,376.33,-0.01,393.04,149594.17,-1
2026-06-17,2026-06-17 14:28:00,376.33,376.33,376.29,376.29,-0.01,393.04,149594.17,-1
2026-06-17,2026-06-17 14:29:00,376.29,376.29,376.25,376.25,-0.01,393.04,149594.17,-1
2026-06-17,2026-06-17 14:30:00,376.25,376.25,376.21,376.21,-0.01,393.04,149594.17,-1
2026-06-17,2026-06-17 14:31:00,376.21,376.21,376.17,376.17,-0.01,393.04,149594.17,-1
2026-06-17,2026-06-17 14:32:00,376.17,376.17,376.12,376.12,-0.01,393.04,149594.17,-1
2026-06-17,2026-06-17 14:33:00,376.12,376.12,376.08,376.08,-0.01,393.04,149594.17,-1
2026-06-17,2026-06-17 14:34:00,376.08,376.08,376.04,376.04,-0.01,393.04,149594.17,-1
2026-06-17,2026-06-17 14:35:00,376.04,376.04,376.0,376.0,-0.01,393.04,149594.17,-1
2026-06-17,2026-06-17 14:36:00,376.0,376.0,375.96,375.96,-0.01,393.04,149594.17,-1
2026-06-17,2026-06-17 14:37:00,375.96,375.96,375.92,375.92,-0.01,393.04,149594.17,-1
2026-06-17,2026-06-17 14:38:00,375.92,375.92,375.88,375.88,-0.01,393.04,149594.17,-1
2026-06-17,2026-06-17 14:39:00,375.88,375.88,375.83,375.83,-0.01,393.04,149594.17,-1
2026-06-17,2026-06-17 14:40:00,375.83,375.83,375.79,375.79,-0.01,393.04,149594.17,-1
2026-06-17,2026-06-17 14:41:00,375.79,375.79,375.75,375.75,-0.01,393.04,149594.17,-1
2026-06-17,2026-06-17 14:42:00,375.75,375.75,375.71,375.71,-0.01,393.04,149594.17,-1
2026-06-17,2026-06-17 14:43:00,375.71,375.71,375.67,375.67,-0.01,393.04,149594.17,-1
2026-06-17,2026-06-17 14:44:00,375.67,375.67,375.62,375.62,-0.01,393.04,149594.17,-1
2026-06-17,2026-06-17 14:45:00,375.62,375.62,375.58,375.58,-0.01,393.04,149594.17,-1
2026-06-17,2026-06-17 14:46:00,375.58,375.58,375.54,375.54,-0.01,393.04,149594.17,-1
2026-06-17,2026-06-17 14:47:00,375.54,375.54,375.5,375.5,-0.01,393.04,149594.17,-1
2026-06-17,2026-06-17 14:48:00,375.5,375.5,375.46,375.46,-0.01,393.04,149594.17,-1
2026-06-17,2026-06-17 14:49:00,375.46,375.46,375.42,375.42,-0.01,393.04,149594.17,-1
2026-06-17,2026-06-17 14:50:00,375.42,375.42,375.38,375.38,-0.01,393.04,149594.17,-1
2026-06-17,2026-06-17 14:51:00,375.38,375.38,375.33,375.33,-0.01,393.04,149594.17,-1
2026-06-17,2026-06-17 14:52:00,375.33,375.33,375.29,375.29,-0.01,393.04,149594.17,-1
2026-06-17,2026-06-17 14:53:00,375.29,375.29,375.25,375.25,-0.01,393.04,149594.17,-1
2026-06-17,2026-06-17 14:54:00,375.25,375.25,375.21,375.21,-0.01,393.04,149594.17,-1
2026-06-17,2026-06-17 14:55:00,375.21,375.21,375.17,375.17,-0.01,393.04,149594.17,-1
2026-06-17,2026-06-17 14:56:00,375.17,375.17,375.12,375.12,-0.01,393.04,149594.17,-1
2026-06-17,2026-06-17 14:57:00,375.12,375.12,375.08,375.08,-0.01,393.04,149594.17,-1
2026-06-17,2026-06-17 14:58:00,375.08,375.08,375.04,375.04,-0.01,393.04,149594.17,-1
2026-06-17,2026-06-17 14:59:00,375.04,375.04,375.0,375.0,-0.01,393.04,149594.17,-1
2026-06-17,2026-06-17 15:00:00,375.0,388.0,374.6,375.0,0.0,393.04,149594.17,0
2026-06-18,2026-06-18 11:00:00,375.0,375.0,371.1,374.96,-0.01,280.57,102504.56,-1
2026-06-18,2026-06-18 11:01:00,374.96,374.96,374.92,374.92,-0.01,280.57,102504.56,-1
2026-06-18,2026-06-18 11:02:00,374.92,374.92,374.88,374.88,-0.01,280.57,102504.56,-1
2026-06-18,2026-06-18 11:03:00,374.88,374.88,374.84,374.84,-0.01,280.57,102504.56,-1
2026-06-18,2026-06-18 11:04:00,374.84,374.84,374.8,374.8,-0.01,280.57,102504.56,-1
2026-06-18,2026-06-18 11:05:00,374.8,374.8,374.76,374.76,-0.01,280.57,102504.56,-1
2026-06-18,2026-06-18 11:06:00,374.76,374.76,374.72,374.72,-0.01,280.57,102504.56,-1
2026-06-18,2026-06-18 11:07:00,374.72,374.72,374.68,374.68,-0.01,280.57,102504.56,-1
2026-06-18,2026-06-18 11:08:00,374.68,374.68,374.64,374.64,-0.01,280.57,102504.56,-1
2026-06-18,2026-06-18 11:09:00,374.64,374.64,374.6,374.6,-0.01,280.57,102504.56,-1
2026-06-18,2026-06-18 11:10:00,374.6,374.6,374.56,374.56,-0.01,280.57,102504.56,-1
2026-06-18,2026-06-18 11:11:00,374.56,374.56,374.52,374.52,-0.01,280.57,102504.56,-1
2026-06-18,2026-06-18 11:12:00,374.52,374.52,374.49,374.49,-0.01,280.57,102504.56,-1
2026-06-18,2026-06-18 11:13:00,374.49,374.49,374.45,374.45,-0.01,280.57,102504.56,-1
2026-06-18,2026-06-18 11:14:00,374.45,374.45,374.41,374.41,-0.01,280.57,102504.56,-1
2026-06-18,2026-06-18 11:15:00,374.41,374.41,374.37,374.37,-0.01,280.57,102504.56,-1
2026-06-18,2026-06-18 11:16:00,374.37,374.37,374.33,374.33,-0.01,280.57,102504.56,-1
2026-06-18,2026-06-18 11:17:00,374.33,374.33,374.29,374.29,-0.01,280.57,102504.56,-1
2026-06-18,2026-06-18 11:18:00,374.29,374.29,374.25,374.25,-0.01,280.57,102504.56,-1
2026-06-18,2026-06-18 11:19:00,374.25,374.25,374.21,374.21,-0.01,280.57,102504.56,-1
2026-06-18,2026-06-18 11:20:00,374.21,374.21,374.17,374.17,-0.01,280.57,102504.56,-1
2026-06-18,2026-06-18 11:21:00,374.17,374.17,374.13,374.13,-0.01,280.57,102504.56,-1
2026-06-18,2026-06-18 11:22:00,374.13,374.13,374.09,374.09,-0.01,280.57,102504.56,-1
2026-06-18,2026-06-18 11:23:00,374.09,374.09,374.05,374.05,-0.01,280.57,102504.56,-1
2026-06-18,2026-06-18 11:24:00,374.05,374.05,374.01,374.01,-0.01,280.57,102504.56,-1
2026-06-18,2026-06-18 11:25:00,374.01,374.01,373.97,373.97,-0.01,280.57,102504.56,-1
2026-06-18,2026-06-18 11:26:00,373.97,373.97,373.93,373.93,-0.01,280.57,102504.56,-1
2026-06-18,2026-06-18 11:27:00,373.93,373.93,373.89,373.89,-0.01,280.57,102504.56,-1
2026-06-18,2026-06-18 11:28:00,373.89,373.89,373.85,373.85,-0.01,280.57,102504.56,-1
2026-06-18,2026-06-18 11:29:00,373.85,373.85,373.81,373.81,-0.01,280.57,102504.56,-1
2026-06-18,2026-06-18 11:30:00,373.81,373.81,373.77,373.77,-0.01,280.57,102504.56,-1
2026-06-18,2026-06-18 11:31:00,373.77,373.77,373.73,373.73,-0.01,280.57,102504.56,-1
2026-06-18,2026-06-18 11:32:00,373.73,373.73,373.69,373.69,-0.01,280.57,102504.56,-1
2026-06-18,2026-06-18 11:33:00,373.69,373.69,373.65,373.65,-0.01,280.57,102504.56,-1
2026-06-18,2026-06-18 11:34:00,373.65,373.65,373.61,373.61,-0.01,280.57,102504.56,-1
2026-06-18,2026-06-18 11:35:00,373.61,373.61,373.57,373.57,-0.01,280.57,102504.56,-1
2026-06-18,2026-06-18 11:36:00,373.57,373.57,373.54,373.54,-0.01,280.57,102504.56,-1
2026-06-18,2026-06-18 11:37:00,373.54,373.54,373.5,373.5,-0.01,280.57,102504.56,-1
2026-06-18,2026-06-18 11:38:00,373.5,373.5,373.46,373.46,-0.01,280.57,102504.56,-1
2026-06-18,2026-06-18 11:39:00,373.46,373.46,373.42,373.42,-0.01,280.57,102504.56,-1
2026-06-18,2026-06-18 11:40:00,373.42,373.42,373.38,373.38,-0.01,280.57,102504.56,-1
2026-06-18,2026-06-18 11:41:00,373.38,373.38,373.34,373.34,-0.01,280.57,102504.56,-1
2026-06-18,2026-06-18 11:42:00,373.34,373.34,373.3,373.3,-0.01,280.57,102504.56,-1
2026-06-18,2026-06-18 11:43:00,373.3,373.3,373.26,373.26,-0.01,280.57,102504.56,-1
2026-06-18,2026-06-18 11:44:00,373.26,373.26,373.22,373.22,-0.01,280.57,102504.56,-1
2026-06-18,2026-06-18 11:45:00,373.22,373.22,373.18,373.18,-0.01,280.57,102504.56,-1
2026-06-18,2026-06-18 11:46:00,373.18,373.18,373.14,373.14,-0.01,280.57,102504.56,-1
2026-06-18,2026-06-18 11:47:00,373.14,373.14,373.1,373.1,-0.01,280.57,102504.56,-1
2026-06-18,2026-06-18 11:48:00,373.1,373.1,373.06,373.06,-0.01,280.57,102504.56,-1
2026-06-18,2026-06-18 11:49:00,373.06,373.06,373.02,373.02,-0.01,280.57,102504.56,-1
2026-06-18,2026-06-18 11:50:00,373.02,373.02,372.98,372.98,-0.01,280.57,102504.56,-1
2026-06-18,2026-06-18 11:51:00,372.98,372.98,372.94,372.94,-0.01,280.57,102504.56,-1
2026-06-18,2026-06-18 11:52:00,372.94,372.94,372.9,372.9,-0.01,280.57,102504.56,-1
2026-06-18,2026-06-18 11:53:00,372.9,372.9,372.86,372.86,-0.01,280.57,102504.56,-1
2026-06-18,2026-06-18 11:54:00,372.86,372.86,372.82,372.82,-0.01,280.57,102504.56,-1
2026-06-18,2026-06-18 11:55:00,372.82,372.82,372.78,372.78,-0.01,280.57,102504.56,-1
2026-06-18,2026-06-18 11:56:00,372.78,372.78,372.74,372.74,-0.01,280.57,102504.56,-1
2026-06-18,2026-06-18 11:57:00,372.74,372.74,372.7,372.7,-0.01,280.57,102504.56,-1
2026-06-18,2026-06-18 11:58:00,372.7,372.7,372.66,372.66,-0.01,280.57,102504.56,-1
2026-06-18,2026-06-18 11:59:00,372.66,372.66,372.62,372.62,-0.01,280.57,102504.56,-1
2026-06-18,2026-06-18 12:00:00,372.62,372.62,372.59,372.59,-0.01,280.57,102504.56,-1
2026-06-18,2026-06-18 12:01:00,372.59,372.59,372.55,372.55,-0.01,280.57,102504.56,-1
2026-06-18,2026-06-18 12:02:00,372.55,372.55,372.51,372.51,-0.01,280.57,102504.56,-1
2026-06-18,2026-06-18 12:03:00,372.51,372.51,372.47,372.47,-0.01,280.57,102504.56,-1
2026-06-18,2026-06-18 12:04:00,372.47,372.47,372.43,372.43,-0.01,280.57,102504.56,-1
2026-06-18,2026-06-18 12:05:00,372.43,372.43,372.39,372.39,-0.01,280.57,102504.56,-1
2026-06-18,2026-06-18 12:06:00,372.39,372.39,372.35,372.35,-0.01,280.57,102504.56,-1
2026-06-18,2026-06-18 12:07:00,372.35,372.35,372.31,372.31,-0.01,280.57,102504.56,-1
2026-06-18,2026-06-18 12:08:00,372.31,372.31,372.27,372.27,-0.01,280.57,102504.56,-1
2026-06-18,2026-06-18 12:09:00,372.27,372.27,372.23,372.23,-0.01,280.57,102504.56,-1
2026-06-18,2026-06-18 12:10:00,372.23,372.23,372.19,372.19,-0.01,280.57,102504.56,-1
2026-06-18,2026-06-18 12:11:00,372.19,372.19,372.15,372.15,-0.01,280.57,102504.56,-1
2026-06-18,2026-06-18 12:12:00,372.15,372.15,372.11,372.11,-0.01,280.57,102504.56,-1
2026-06-18,2026-06-18 12:13:00,372.11,372.11,372.07,372.07,-0.01,280.57,102504.56,-1
2026-06-18,2026-06-18 12:14:00,372.07,372.07,372.03,372.03,-0.01,280.57,102504.56,-1
2026-06-18,2026-06-18 12:15:00,372.03,372.03,371.99,371.99,-0.01,280.57,102504.56,-1
2026-06-18,2026-06-18 12:16:00,371.99,371.99,371.95,371.95,-0.01,280.57,102504.56,-1
2026-06-18,2026-06-18 12:17:00,371.95,371.95,371.91,371.91,-0.01,280.57,102504.56,-1
2026-06-18,2026-06-18 12:18:00,371.91,371.91,371.87,371.87,-0.01,280.57,102504.56,-1
2026-06-18,2026-06-18 12:19:00,371.87,371.87,371.83,371.83,-0.01,280.57,102504.56,-1
2026-06-18,2026-06-18 12:20:00,371.83,371.83,371.79,371.79,-0.01,280.57,102504.56,-1
2026-06-18,2026-06-18 12:21:00,371.79,371.79,371.75,371.75,-0.01,280.57,102504.56,-1
2026-06-18,2026-06-18 12:22:00,371.75,371.75,371.71,371.71,-0.01,280.57,102504.56,-1
2026-06-18,2026-06-18 12:23:00,371.71,371.71,371.68,371.68,-0.01,280.57,102504.56,-1
2026-06-18,2026-06-18 12:24:00,371.68,371.68,371.64,371.64,-0.01,280.57,102504.56,-1
2026-06-18,2026-06-18 12:25:00,371.64,371.64,371.6,371.6,-0.01,280.57,102504.56,-1
2026-06-18,2026-06-18 12:26:00,371.6,371.6,371.56,371.56,-0.01,280.57,102504.56,-1
2026-06-18,2026-06-18 12:27:00,371.56,371.56,371.52,371.52,-0.01,280.57,102504.56,-1
2026-06-18,2026-06-18 12:28:00,371.52,371.52,371.48,371.48,-0.01,280.57,102504.56,-1
2026-06-18,2026-06-18 12:29:00,371.48,371.48,371.44,371.44,-0.01,280.57,102504.56,-1
2026-06-18,2026-06-18 12:30:00,371.44,371.44,371.4,371.4,-0.01,280.57,102504.56,-1
2026-06-18,2026-06-18 12:31:00,371.4,371.4,371.36,371.36,-0.01,280.57,102504.56,-1
2026-06-18,2026-06-18 12:32:00,371.36,371.36,371.32,371.32,-0.01,280.57,102504.56,-1
2026-06-18,2026-06-18 12:33:00,371.32,371.32,371.28,371.28,-0.01,280.57,102504.56,-1
2026-06-18,2026-06-18 12:34:00,371.28,371.28,371.24,371.24,-0.01,280.57,102504.56,-1
2026-06-18,2026-06-18 12:35:00,371.24,371.24,371.2,371.2,-0.01,280.57,102504.56,-1
2026-06-18,2026-06-18 12:36:00,371.2,371.2,371.16,371.16,-0.01,280.57,102504.56,-1
2026-06-18,2026-06-18 12:37:00,371.16,371.16,371.12,371.12,-0.01,280.57,102504.56,-1
2026-06-18,2026-06-18 12:38:00,371.12,371.12,371.08,371.08,-0.01,280.57,102504.56,-1
2026-06-18,2026-06-18 12:39:00,371.08,371.08,371.04,371.04,-0.01,280.57,102504.56,-1
2026-06-18,2026-06-18 12:40:00,371.04,371.04,371.0,371.0,-0.01,280.57,102504.56,-1
2026-06-18,2026-06-18 12:41:00,371.0,371.0,370.96,370.96,-0.01,280.57,102504.56,-1
2026-06-18,2026-06-18 12:42:00,370.96,370.96,370.92,370.92,-0.01,280.57,102504.56,-1
2026-06-18,2026-06-18 12:43:00,370.92,370.92,370.88,370.88,-0.01,280.57,102504.56,-1
2026-06-18,2026-06-18 12:44:00,370.88,370.88,370.84,370.84,-0.01,280.57,102504.56,-1
2026-06-18,2026-06-18 12:45:00,370.84,370.84,370.8,370.8,-0.01,280.57,102504.56,-1
2026-06-18,2026-06-18 12:46:00,370.8,370.8,370.76,370.76,-0.01,280.57,102504.56,-1
2026-06-18,2026-06-18 12:47:00,370.76,370.76,370.73,370.73,-0.01,280.57,102504.56,-1
2026-06-18,2026-06-18 12:48:00,370.73,370.73,370.69,370.69,-0.01,280.57,102504.56,-1
2026-06-18,2026-06-18 12:49:00,370.69,370.69,370.65,370.65,-0.01,280.57,102504.56,-1
2026-06-18,2026-06-18 12:50:00,370.65,370.65,370.61,370.61,-0.01,280.57,102504.56,-1
2026-06-18,2026-06-18 12:51:00,370.61,370.61,370.57,370.57,-0.01,280.57,102504.56,-1
2026-06-18,2026-06-18 12:52:00,370.57,370.57,370.53,370.53,-0.01,280.57,102504.56,-1
2026-06-18,2026-06-18 12:53:00,370.53,370.53,370.49,370.49,-0.01,280.57,102504.56,-1
2026-06-18,2026-06-18 12:54:00,370.49,370.49,370.45,370.45,-0.01,280.57,102504.56,-1
2026-06-18,2026-06-18 12:55:00,370.45,370.45,370.41,370.41,-0.01,280.57,102504.56,-1
2026-06-18,2026-06-18 12:56:00,370.41,370.41,370.37,370.37,-0.01,280.57,102504.56,-1
2026-06-18,2026-06-18 12:57:00,370.37,370.37,370.33,370.33,-0.01,280.57,102504.56,-1
2026-06-18,2026-06-18 12:58:00,370.33,370.33,370.29,370.29,-0.01,280.57,102504.56,-1
2026-06-18,2026-06-18 12:59:00,370.29,370.29,370.25,370.25,-0.01,280.57,102504.56,-1
2026-06-18,2026-06-18 13:00:00,370.25,375.0,362.0,370.21,-0.01,280.57,102504.56,-1
2026-06-18,2026-06-18 13:01:00,370.21,370.21,370.17,370.17,-0.01,280.57,102504.56,-1
2026-06-18,2026-06-18 13:02:00,370.17,370.17,370.13,370.13,-0.01,280.57,102504.56,-1
2026-06-18,2026-06-18 13:03:00,370.13,370.13,370.09,370.09,-0.01,280.57,102504.56,-1
2026-06-18,2026-06-18 13:04:00,370.09,370.09,370.05,370.05,-0.01,280.57,102504.56,-1
2026-06-18,2026-06-18 13:05:00,370.05,370.05,370.01,370.01,-0.01,280.57,102504.56,-1
2026-06-18,2026-06-18 13:06:00,370.01,370.01,369.97,369.97,-0.01,280.57,102504.56,-1
2026-06-18,2026-06-18 13:07:00,369.97,369.97,369.93,369.93,-0.01,280.57,102504.56,-1
2026-06-18,2026-06-18 13:08:00,369.93,369.93,369.89,369.89,-0.01,280.57,102504.56,-1
2026-06-18,2026-06-18 13:09:00,369.89,369.89,369.85,369.85,-0.01,280.57,102504.56,-1
2026-06-18,2026-06-18 13:10:00,369.85,369.85,369.81,369.81,-0.01,280.57,102504.56,-1
2026-06-18,2026-06-18 13:11:00,369.81,369.81,369.77,369.77,-0.01,280.57,102504.56,-1
2026-06-18,2026-06-18 13:12:00,369.77,369.77,369.74,369.74,-0.01,280.57,102504.56,-1
2026-06-18,2026-06-18 13:13:00,369.74,369.74,369.7,369.7,-0.01,280.57,102504.56,-1
2026-06-18,2026-06-18 13:14:00,369.7,369.7,369.66,369.66,-0.01,280.57,102504.56,-1
2026-06-18,2026-06-18 13:15:00,369.66,369.66,369.62,369.62,-0.01,280.57,102504.56,-1
2026-06-18,2026-06-18 13:16:00,369.62,369.62,369.58,369.58,-0.01,280.57,102504.56,-1
2026-06-18,2026-06-18 13:17:00,369.58,369.58,369.54,369.54,-0.01,280.57,102504.56,-1
2026-06-18,2026-06-18 13:18:00,369.54,369.54,369.5,369.5,-0.01,280.57,102504.56,-1
2026-06-18,2026-06-18 13:19:00,369.5,369.5,369.46,369.46,-0.01,280.57,102504.56,-1
2026-06-18,2026-06-18 13:20:00,369.46,369.46,369.42,369.42,-0.01,280.57,102504.56,-1
2026-06-18,2026-06-18 13:21:00,369.42,369.42,369.38,369.38,-0.01,280.57,102504.56,-1
2026-06-18,2026-06-18 13:22:00,369.38,369.38,369.34,369.34,-0.01,280.57,102504.56,-1
2026-06-18,2026-06-18 13:23:00,369.34,369.34,369.3,369.3,-0.01,280.57,102504.56,-1
2026-06-18,2026-06-18 13:24:00,369.3,369.3,369.26,369.26,-0.01,280.57,102504.56,-1
2026-06-18,2026-06-18 13:25:00,369.26,369.26,369.22,369.22,-0.01,280.57,102504.56,-1
2026-06-18,2026-06-18 13:26:00,369.22,369.22,369.18,369.18,-0.01,280.57,102504.56,-1
2026-06-18,2026-06-18 13:27:00,369.18,369.18,369.14,369.14,-0.01,280.57,102504.56,-1
2026-06-18,2026-06-18 13:28:00,369.14,369.14,369.1,369.1,-0.01,280.57,102504.56,-1
2026-06-18,2026-06-18 13:29:00,369.1,369.1,369.06,369.06,-0.01,280.57,102504.56,-1
2026-06-18,2026-06-18 13:30:00,369.06,369.06,369.02,369.02,-0.01,280.57,102504.56,-1
2026-06-18,2026-06-18 13:31:00,369.02,369.02,368.98,368.98,-0.01,280.57,102504.56,-1
2026-06-18,2026-06-18 13:32:00,368.98,368.98,368.94,368.94,-0.01,280.57,102504.56,-1
2026-06-18,2026-06-18 13:33:00,368.94,368.94,368.9,368.9,-0.01,280.57,102504.56,-1
2026-06-18,2026-06-18 13:34:00,368.9,368.9,368.86,368.86,-0.01,280.57,102504.56,-1
2026-06-18,2026-06-18 13:35:00,368.86,368.86,368.82,368.82,-0.01,280.57,102504.56,-1
2026-06-18,2026-06-18 13:36:00,368.82,368.82,368.79,368.79,-0.01,280.57,102504.56,-1
2026-06-18,2026-06-18 13:37:00,368.79,368.79,368.75,368.75,-0.01,280.57,102504.56,-1
2026-06-18,2026-06-18 13:38:00,368.75,368.75,368.71,368.71,-0.01,280.57,102504.56,-1
2026-06-18,2026-06-18 13:39:00,368.71,368.71,368.67,368.67,-0.01,280.57,102504.56,-1
2026-06-18,2026-06-18 13:40:00,368.67,368.67,368.63,368.63,-0.01,280.57,102504.56,-1
2026-06-18,2026-06-18 13:41:00,368.63,368.63,368.59,368.59,-0.01,280.57,102504.56,-1
2026-06-18,2026-06-18 13:42:00,368.59,368.59,368.55,368.55,-0.01,280.57,102504.56,-1
2026-06-18,2026-06-18 13:43:00,368.55,368.55,368.51,368.51,-0.01,280.57,102504.56,-1
2026-06-18,2026-06-18 13:44:00,368.51,368.51,368.47,368.47,-0.01,280.57,102504.56,-1
2026-06-18,2026-06-18 13:45:00,368.47,368.47,368.43,368.43,-0.01,280.57,102504.56,-1
2026-06-18,2026-06-18 13:46:00,368.43,368.43,368.39,368.39,-0.01,280.57,102504.56,-1
2026-06-18,2026-06-18 13:47:00,368.39,368.39,368.35,368.35,-0.01,280.57,102504.56,-1
2026-06-18,2026-06-18 13:48:00,368.35,368.35,368.31,368.31,-0.01,280.57,102504.56,-1
2026-06-18,2026-06-18 13:49:00,368.31,368.31,368.27,368.27,-0.01,280.57,102504.56,-1
2026-06-18,2026-06-18 13:50:00,368.27,368.27,368.23,368.23,-0.01,280.57,102504.56,-1
2026-06-18,2026-06-18 13:51:00,368.23,368.23,368.19,368.19,-0.01,280.57,102504.56,-1
2026-06-18,2026-06-18 13:52:00,368.19,368.19,368.15,368.15,-0.01,280.57,102504.56,-1
2026-06-18,2026-06-18 13:53:00,368.15,368.15,368.11,368.11,-0.01,280.57,102504.56,-1
2026-06-18,2026-06-18 13:54:00,368.11,368.11,368.07,368.07,-0.01,280.57,102504.56,-1
2026-06-18,2026-06-18 13:55:00,368.07,368.07,368.03,368.03,-0.01,280.57,102504.56,-1
2026-06-18,2026-06-18 13:56:00,368.03,368.03,367.99,367.99,-0.01,280.57,102504.56,-1
2026-06-18,2026-06-18 13:57:00,367.99,367.99,367.95,367.95,-0.01,280.57,102504.56,-1
2026-06-18,2026-06-18 13:58:00,367.95,367.95,367.91,367.91,-0.01,280.57,102504.56,-1
2026-06-18,2026-06-18 13:59:00,367.91,367.91,367.88,367.88,-0.01,280.57,102504.56,-1
2026-06-18,2026-06-18 14:00:00,367.88,367.88,367.84,367.84,-0.01,280.57,102504.56,-1
2026-06-18,2026-06-18 14:01:00,367.84,367.84,367.8,367.8,-0.01,280.57,102504.56,-1
2026-06-18,2026-06-18 14:02:00,367.8,367.8,367.76,367.76,-0.01,280.57,102504.56,-1
2026-06-18,2026-06-18 14:03:00,367.76,367.76,367.72,367.72,-0.01,280.57,102504.56,-1
2026-06-18,2026-06-18 14:04:00,367.72,367.72,367.68,367.68,-0.01,280.57,102504.56,-1
2026-06-18,2026-06-18 14:05:00,367.68,367.68,367.64,367.64,-0.01,280.57,102504.56,-1
2026-06-18,2026-06-18 14:06:00,367.64,367.64,367.6,367.6,-0.01,280.57,102504.56,-1
2026-06-18,2026-06-18 14:07:00,367.6,367.6,367.56,367.56,-0.01,280.57,102504.56,-1
2026-06-18,2026-06-18 14:08:00,367.56,367.56,367.52,367.52,-0.01,280.57,102504.56,-1
2026-06-18,2026-06-18 14:09:00,367.52,367.52,367.48,367.48,-0.01,280.57,102504.56,-1
2026-06-18,2026-06-18 14:10:00,367.48,367.48,367.44,367.44,-0.01,280.57,102504.56,-1
2026-06-18,2026-06-18 14:11:00,367.44,367.44,367.4,367.4,-0.01,280.57,102504.56,-1
2026-06-18,2026-06-18 14:12:00,367.4,367.4,367.36,367.36,-0.01,280.57,102504.56,-1
2026-06-18,2026-06-18 14:13:00,367.36,367.36,367.32,367.32,-0.01,280.57,102504.56,-1
2026-06-18,2026-06-18 14:14:00,367.32,367.32,367.28,367.28,-0.01,280.57,102504.56,-1
2026-06-18,2026-06-18 14:15:00,367.28,367.28,367.24,367.24,-0.01,280.57,102504.56,-1
2026-06-18,2026-06-18 14:16:00,367.24,367.24,367.2,367.2,-0.01,280.57,102504.56,-1
2026-06-18,2026-06-18 14:17:00,367.2,367.2,367.16,367.16,-0.01,280.57,102504.56,-1
2026-06-18,2026-06-18 14:18:00,367.16,367.16,367.12,367.12,-0.01,280.57,102504.56,-1
2026-06-18,2026-06-18 14:19:00,367.12,367.12,367.08,367.08,-0.01,280.57,102504.56,-1
2026-06-18,2026-06-18 14:20:00,367.08,367.08,367.04,367.04,-0.01,280.57,102504.56,-1
2026-06-18,2026-06-18 14:21:00,367.04,367.04,367.0,367.0,-0.01,280.57,102504.56,-1
2026-06-18,2026-06-18 14:22:00,367.0,367.0,366.96,366.96,-0.01,280.57,102504.56,-1
2026-06-18,2026-06-18 14:23:00,366.96,366.96,366.93,366.93,-0.01,280.57,102504.56,-1
2026-06-18,2026-06-18 14:24:00,366.93,366.93,366.89,366.89,-0.01,280.57,102504.56,-1
2026-06-18,2026-06-18 14:25:00,366.89,366.89,366.85,366.85,-0.01,280.57,102504.56,-1
2026-06-18,2026-06-18 14:26:00,366.85,366.85,366.81,366.81,-0.01,280.57,102504.56,-1
2026-06-18,2026-06-18 14:27:00,366.81,366.81,366.77,366.77,-0.01,280.57,102504.56,-1
2026-06-18,2026-06-18 14:28:00,366.77,366.77,366.73,366.73,-0.01,280.57,102504.56,-1
2026-06-18,2026-06-18 14:29:00,366.73,366.73,366.69,366.69,-0.01,280.57,102504.56,-1
2026-06-18,2026-06-18 14:30:00,366.69,366.69,366.65,366.65,-0.01,280.57,102504.56,-1
2026-06-18,2026-06-18 14:31:00,366.65,366.65,366.61,366.61,-0.01,280.57,102504.56,-1
2026-06-18,2026-06-18 14:32:00,366.61,366.61,366.57,366.57,-0.01,280.57,102504.56,-1
2026-06-18,2026-06-18 14:33:00,366.57,366.57,366.53,366.53,-0.01,280.57,102504.56,-1
2026-06-18,2026-06-18 14:34:00,366.53,366.53,366.49,366.49,-0.01,280.57,102504.56,-1
2026-06-18,2026-06-18 14:35:00,366.49,366.49,366.45,366.45,-0.01,280.57,102504.56,-1
2026-06-18,2026-06-18 14:36:00,366.45,366.45,366.41,366.41,-0.01,280.57,102504.56,-1
2026-06-18,2026-06-18 14:37:00,366.41,366.41,366.37,366.37,-0.01,280.57,102504.56,-1
2026-06-18,2026-06-18 14:38:00,366.37,366.37,366.33,366.33,-0.01,280.57,102504.56,-1
2026-06-18,2026-06-18 14:39:00,366.33,366.33,366.29,366.29,-0.01,280.57,102504.56,-1
2026-06-18,2026-06-18 14:40:00,366.29,366.29,366.25,366.25,-0.01,280.57,102504.56,-1
2026-06-18,2026-06-18 14:41:00,366.25,366.25,366.21,366.21,-0.01,280.57,102504.56,-1
2026-06-18,2026-06-18 14:42:00,366.21,366.21,366.17,366.17,-0.01,280.57,102504.56,-1
2026-06-18,2026-06-18 14:43:00,366.17,366.17,366.13,366.13,-0.01,280.57,102504.56,-1
2026-06-18,2026-06-18 14:44:00,366.13,366.13,366.09,366.09,-0.01,280.57,102504.56,-1
2026-06-18,2026-06-18 14:45:00,366.09,366.09,366.05,366.05,-0.01,280.57,102504.56,-1
2026-06-18,2026-06-18 14:46:00,366.05,366.05,366.01,366.01,-0.01,280.57,102504.56,-1
2026-06-18,2026-06-18 14:47:00,366.01,366.01,365.98,365.98,-0.01,280.57,102504.56,-1
2026-06-18,2026-06-18 14:48:00,365.98,365.98,365.94,365.94,-0.01,280.57,102504.56,-1
2026-06-18,2026-06-18 14:49:00,365.94,365.94,365.9,365.9,-0.01,280.57,102504.56,-1
2026-06-18,2026-06-18 14:50:00,365.9,365.9,365.86,365.86,-0.01,280.57,102504.56,-1
2026-06-18,2026-06-18 14:51:00,365.86,365.86,365.82,365.82,-0.01,280.57,102504.56,-1
2026-06-18,2026-06-18 14:52:00,365.82,365.82,365.78,365.78,-0.01,280.57,102504.56,-1
2026-06-18,2026-06-18 14:53:00,365.78,365.78,365.74,365.74,-0.01,280.57,102504.56,-1
2026-06-18,2026-06-18 14:54:00,365.74,365.74,365.7,365.7,-0.01,280.57,102504.56,-1
2026-06-18,2026-06-18 14:55:00,365.7,365.7,365.66,365.66,-0.01,280.57,102504.56,-1
2026-06-18,2026-06-18 14:56:00,365.66,365.66,365.62,365.62,-0.01,280.57,102504.56,-1
2026-06-18,2026-06-18 14:57:00,365.62,365.62,365.58,365.58,-0.01,280.57,102504.56,-1
2026-06-18,2026-06-18 14:58:00,365.58,365.58,365.54,365.54,-0.01,280.57,102504.56,-1
2026-06-18,2026-06-18 14:59:00,365.54,365.54,365.5,365.5,-0.01,280.57,102504.56,-1
2026-06-18,2026-06-18 15:00:00,365.5,375.0,362.0,365.5,0.0,280.57,102504.56,0
2026-06-19,2026-06-19 11:00:00,363.9,363.93,361.98,363.88,-0.01,227.43,81841.03,-1
2026-06-19,2026-06-19 11:01:00,363.88,363.88,363.87,363.87,-0.0,227.43,81841.03,-1
2026-06-19,2026-06-19 11:02:00,363.87,363.87,363.85,363.85,-0.01,227.43,81841.03,-1
2026-06-19,2026-06-19 11:03:00,363.85,363.85,363.83,363.83,-0.01,227.43,81841.03,-1
2026-06-19,2026-06-19 11:04:00,363.83,363.83,363.82,363.82,-0.0,227.43,81841.03,-1
2026-06-19,2026-06-19 11:05:00,363.82,363.82,363.8,363.8,-0.01,227.43,81841.03,-1
2026-06-19,2026-06-19 11:06:00,363.8,363.8,363.79,363.79,-0.0,227.43,81841.03,-1
2026-06-19,2026-06-19 11:07:00,363.79,363.79,363.77,363.77,-0.01,227.43,81841.03,-1
2026-06-19,2026-06-19 11:08:00,363.77,363.77,363.75,363.75,-0.01,227.43,81841.03,-1
2026-06-19,2026-06-19 11:09:00,363.75,363.75,363.74,363.74,-0.0,227.43,81841.03,-1
2026-06-19,2026-06-19 11:10:00,363.74,363.74,363.72,363.72,-0.01,227.43,81841.03,-1
2026-06-19,2026-06-19 11:11:00,363.72,363.72,363.7,363.7,-0.01,227.43,81841.03,-1
2026-06-19,2026-06-19 11:12:00,363.7,363.7,363.69,363.69,-0.0,227.43,81841.03,-1
2026-06-19,2026-06-19 11:13:00,363.69,363.69,363.67,363.67,-0.01,227.43,81841.03,-1
2026-06-19,2026-06-19 11:14:00,363.67,363.67,363.66,363.66,-0.0,227.43,81841.03,-1
2026-06-19,2026-06-19 11:15:00,363.66,363.66,363.64,363.64,-0.01,227.43,81841.03,-1
2026-06-19,2026-06-19 11:16:00,363.64,363.64,363.62,363.62,-0.01,227.43,81841.03,-1
2026-06-19,2026-06-19 11:17:00,363.62,363.62,363.61,363.61,-0.0,227.43,81841.03,-1
2026-06-19,2026-06-19 11:18:00,363.61,363.61,363.59,363.59,-0.01,227.43,81841.03,-1
2026-06-19,2026-06-19 11:19:00,363.59,363.59,363.57,363.57,-0.01,227.43,81841.03,-1
2026-06-19,2026-06-19 11:20:00,363.57,363.57,363.56,363.56,-0.0,227.43,81841.03,-1
2026-06-19,2026-06-19 11:21:00,363.56,363.56,363.54,363.54,-0.01,227.43,81841.03,-1
2026-06-19,2026-06-19 11:22:00,363.54,363.54,363.53,363.53,-0.0,227.43,81841.03,-1
2026-06-19,2026-06-19 11:23:00,363.53,363.53,363.51,363.51,-0.01,227.43,81841.03,-1
2026-06-19,2026-06-19 11:24:00,363.51,363.51,363.49,363.49,-0.01,227.43,81841.03,-1
2026-06-19,2026-06-19 11:25:00,363.49,363.49,363.48,363.48,-0.0,227.43,81841.03,-1
2026-06-19,2026-06-19 11:26:00,363.48,363.48,363.46,363.46,-0.01,227.43,81841.03,-1
2026-06-19,2026-06-19 11:27:00,363.46,363.46,363.44,363.44,-0.01,227.43,81841.03,-1
2026-06-19,2026-06-19 11:28:00,363.44,363.44,363.43,363.43,-0.0,227.43,81841.03,-1
2026-06-19,2026-06-19 11:29:00,363.43,363.43,363.41,363.41,-0.01,227.43,81841.03,-1
2026-06-19,2026-06-19 11:30:00,363.41,363.41,363.4,363.4,-0.0,227.43,81841.03,-1
2026-06-19,2026-06-19 11:31:00,363.4,363.4,363.38,363.38,-0.01,227.43,81841.03,-1
2026-06-19,2026-06-19 11:32:00,363.38,363.38,363.36,363.36,-0.01,227.43,81841.03,-1
2026-06-19,2026-06-19 11:33:00,363.36,363.36,363.35,363.35,-0.0,227.43,81841.03,-1
2026-06-19,2026-06-19 11:34:00,363.35,363.35,363.33,363.33,-0.01,227.43,81841.03,-1
2026-06-19,2026-06-19 11:35:00,363.33,363.33,363.31,363.31,-0.01,227.43,81841.03,-1
2026-06-19,2026-06-19 11:36:00,363.31,363.31,363.3,363.3,-0.0,227.43,81841.03,-1
2026-06-19,2026-06-19 11:37:00,363.3,363.3,363.28,363.28,-0.01,227.43,81841.03,-1
2026-06-19,2026-06-19 11:38:00,363.28,363.28,363.27,363.27,-0.0,227.43,81841.03,-1
2026-06-19,2026-06-19 11:39:00,363.27,363.27,363.25,363.25,-0.01,227.43,81841.03,-1
2026-06-19,2026-06-19 11:40:00,363.25,363.25,363.23,363.23,-0.01,227.43,81841.03,-1
2026-06-19,2026-06-19 11:41:00,363.23,363.23,363.22,363.22,-0.0,227.43,81841.03,-1
2026-06-19,2026-06-19 11:42:00,363.22,363.22,363.2,363.2,-0.01,227.43,81841.03,-1
2026-06-19,2026-06-19 11:43:00,363.2,363.2,363.19,363.19,-0.0,227.43,81841.03,-1
2026-06-19,2026-06-19 11:44:00,363.19,363.19,363.17,363.17,-0.01,227.43,81841.03,-1
2026-06-19,2026-06-19 11:45:00,363.17,363.17,363.15,363.15,-0.01,227.43,81841.03,-1
2026-06-19,2026-06-19 11:46:00,363.15,363.15,363.14,363.14,-0.0,227.43,81841.03,-1
2026-06-19,2026-06-19 11:47:00,363.14,363.14,363.12,363.12,-0.01,227.43,81841.03,-1
2026-06-19,2026-06-19 11:48:00,363.12,363.12,363.1,363.1,-0.01,227.43,81841.03,-1
2026-06-19,2026-06-19 11:49:00,363.1,363.1,363.09,363.09,-0.0,227.43,81841.03,-1
2026-06-19,2026-06-19 11:50:00,363.09,363.09,363.07,363.07,-0.01,227.43,81841.03,-1
2026-06-19,2026-06-19 11:51:00,363.07,363.07,363.06,363.06,-0.0,227.43,81841.03,-1
2026-06-19,2026-06-19 11:52:00,363.06,363.06,363.04,363.04,-0.01,227.43,81841.03,-1
2026-06-19,2026-06-19 11:53:00,363.04,363.04,363.02,363.02,-0.01,227.43,81841.03,-1
2026-06-19,2026-06-19 11:54:00,363.02,363.02,363.01,363.01,-0.0,227.43,81841.03,-1
2026-06-19,2026-06-19 11:55:00,363.01,363.01,362.99,362.99,-0.01,227.43,81841.03,-1
2026-06-19,2026-06-19 11:56:00,362.99,362.99,362.97,362.97,-0.01,227.43,81841.03,-1
2026-06-19,2026-06-19 11:57:00,362.97,362.97,362.96,362.96,-0.0,227.43,81841.03,-1
2026-06-19,2026-06-19 11:58:00,362.96,362.96,362.94,362.94,-0.01,227.43,81841.03,-1
2026-06-19,2026-06-19 11:59:00,362.94,362.94,362.92,362.92,-0.01,227.43,81841.03,-1
2026-06-19,2026-06-19 12:00:00,362.92,362.92,362.91,362.91,-0.0,227.43,81841.03,-1
2026-06-19,2026-06-19 12:01:00,362.91,362.91,362.89,362.89,-0.01,227.43,81841.03,-1
2026-06-19,2026-06-19 12:02:00,362.89,362.89,362.88,362.88,-0.0,227.43,81841.03,-1
2026-06-19,2026-06-19 12:03:00,362.88,362.88,362.86,362.86,-0.01,227.43,81841.03,-1
2026-06-19,2026-06-19 12:04:00,362.86,362.86,362.84,362.84,-0.01,227.43,81841.03,-1
2026-06-19,2026-06-19 12:05:00,362.84,362.84,362.83,362.83,-0.0,227.43,81841.03,-1
2026-06-19,2026-06-19 12:06:00,362.83,362.83,362.81,362.81,-0.01,227.43,81841.03,-1
2026-06-19,2026-06-19 12:07:00,362.81,362.81,362.79,362.79,-0.01,227.43,81841.03,-1
2026-06-19,2026-06-19 12:08:00,362.79,362.79,362.78,362.78,-0.0,227.43,81841.03,-1
2026-06-19,2026-06-19 12:09:00,362.78,362.78,362.76,362.76,-0.01,227.43,81841.03,-1
2026-06-19,2026-06-19 12:10:00,362.76,362.76,362.75,362.75,-0.0,227.43,81841.03,-1
2026-06-19,2026-06-19 12:11:00,362.75,362.75,362.73,362.73,-0.01,227.43,81841.03,-1
2026-06-19,2026-06-19 12:12:00,362.73,362.73,362.71,362.71,-0.01,227.43,81841.03,-1
2026-06-19,2026-06-19 12:13:00,362.71,362.71,362.7,362.7,-0.0,227.43,81841.03,-1
2026-06-19,2026-06-19 12:14:00,362.7,362.7,362.68,362.68,-0.01,227.43,81841.03,-1
2026-06-19,2026-06-19 12:15:00,362.68,362.68,362.66,362.66,-0.01,227.43,81841.03,-1
2026-06-19,2026-06-19 12:16:00,362.66,362.66,362.65,362.65,-0.0,227.43,81841.03,-1
2026-06-19,2026-06-19 12:17:00,362.65,362.65,362.63,362.63,-0.01,227.43,81841.03,-1
2026-06-19,2026-06-19 12:18:00,362.63,362.63,362.62,362.62,-0.0,227.43,81841.03,-1
2026-06-19,2026-06-19 12:19:00,362.62,362.62,362.6,362.6,-0.01,227.43,81841.03,-1
2026-06-19,2026-06-19 12:20:00,362.6,362.6,362.58,362.58,-0.01,227.43,81841.03,-1
2026-06-19,2026-06-19 12:21:00,362.58,362.58,362.57,362.57,-0.0,227.43,81841.03,-1
2026-06-19,2026-06-19 12:22:00,362.57,362.57,362.55,362.55,-0.01,227.43,81841.03,-1
2026-06-19,2026-06-19 12:23:00,362.55,362.55,362.53,362.53,-0.01,227.43,81841.03,-1
2026-06-19,2026-06-19 12:24:00,362.53,362.53,362.52,362.52,-0.0,227.43,81841.03,-1
2026-06-19,2026-06-19 12:25:00,362.52,362.52,362.5,362.5,-0.01,227.43,81841.03,-1
2026-06-19,2026-06-19 12:26:00,362.5,362.5,362.49,362.49,-0.0,227.43,81841.03,-1
2026-06-19,2026-06-19 12:27:00,362.49,362.49,362.47,362.47,-0.01,227.43,81841.03,-1
2026-06-19,2026-06-19 12:28:00,362.47,362.47,362.45,362.45,-0.01,227.43,81841.03,-1
2026-06-19,2026-06-19 12:29:00,362.45,362.45,362.44,362.44,-0.0,227.43,81841.03,-1
2026-06-19,2026-06-19 12:30:00,362.44,362.44,362.42,362.42,-0.01,227.43,81841.03,-1
2026-06-19,2026-06-19 12:31:00,362.42,362.42,362.4,362.4,-0.01,227.43,81841.03,-1
2026-06-19,2026-06-19 12:32:00,362.4,362.4,362.39,362.39,-0.0,227.43,81841.03,-1
2026-06-19,2026-06-19 12:33:00,362.39,362.39,362.37,362.37,-0.01,227.43,81841.03,-1
2026-06-19,2026-06-19 12:34:00,362.37,362.37,362.36,362.36,-0.0,227.43,81841.03,-1
2026-06-19,2026-06-19 12:35:00,362.36,362.36,362.34,362.34,-0.01,227.43,81841.03,-1
2026-06-19,2026-06-19 12:36:00,362.34,362.34,362.32,362.32,-0.01,227.43,81841.03,-1
2026-06-19,2026-06-19 12:37:00,362.32,362.32,362.31,362.31,-0.0,227.43,81841.03,-1
2026-06-19,2026-06-19 12:38:00,362.31,362.31,362.29,362.29,-0.01,227.43,81841.03,-1
2026-06-19,2026-06-19 12:39:00,362.29,362.29,362.27,362.27,-0.01,227.43,81841.03,-1
2026-06-19,2026-06-19 12:40:00,362.27,362.27,362.26,362.26,-0.0,227.43,81841.03,-1
2026-06-19,2026-06-19 12:41:00,362.26,362.26,362.24,362.24,-0.01,227.43,81841.03,-1
2026-06-19,2026-06-19 12:42:00,362.24,362.24,362.23,362.23,-0.0,227.43,81841.03,-1
2026-06-19,2026-06-19 12:43:00,362.23,362.23,362.21,362.21,-0.01,227.43,81841.03,-1
2026-06-19,2026-06-19 12:44:00,362.21,362.21,362.19,362.19,-0.01,227.43,81841.03,-1
2026-06-19,2026-06-19 12:45:00,362.19,362.19,362.18,362.18,-0.0,227.43,81841.03,-1
2026-06-19,2026-06-19 12:46:00,362.18,362.18,362.16,362.16,-0.01,227.43,81841.03,-1
2026-06-19,2026-06-19 12:47:00,362.16,362.16,362.14,362.14,-0.01,227.43,81841.03,-1
2026-06-19,2026-06-19 12:48:00,362.14,362.14,362.13,362.13,-0.0,227.43,81841.03,-1
2026-06-19,2026-06-19 12:49:00,362.13,362.13,362.11,362.11,-0.01,227.43,81841.03,-1
2026-06-19,2026-06-19 12:50:00,362.11,362.11,362.1,362.1,-0.0,227.43,81841.03,-1
2026-06-19,2026-06-19 12:51:00,362.1,362.1,362.08,362.08,-0.01,227.43,81841.03,-1
2026-06-19,2026-06-19 12:52:00,362.08,362.08,362.06,362.06,-0.01,227.43,81841.03,-1
2026-06-19,2026-06-19 12:53:00,362.06,362.06,362.05,362.05,-0.0,227.43,81841.03,-1
2026-06-19,2026-06-19 12:54:00,362.05,362.05,362.03,362.03,-0.01,227.43,81841.03,-1
2026-06-19,2026-06-19 12:55:00,362.03,362.03,362.01,362.01,-0.01,227.43,81841.03,-1
2026-06-19,2026-06-19 12:56:00,362.01,362.01,362.0,362.0,-0.0,227.43,81841.03,-1
2026-06-19,2026-06-19 12:57:00,362.0,362.0,361.98,361.98,-0.01,227.43,81841.03,-1
2026-06-19,2026-06-19 12:58:00,361.98,361.98,361.97,361.97,-0.0,227.43,81841.03,-1
2026-06-19,2026-06-19 12:59:00,361.97,361.97,361.95,361.95,-0.01,227.43,81841.03,-1
2026-06-19,2026-06-19 13:00:00,361.95,364.0,357.5,361.93,-0.01,227.43,81841.03,-1
2026-06-19,2026-06-19 13:01:00,361.93,361.93,361.92,361.92,-0.0,227.43,81841.03,-1
2026-06-19,2026-06-19 13:02:00,361.92,361.92,361.9,361.9,-0.01,227.43,81841.03,-1
2026-06-19,2026-06-19 13:03:00,361.9,361.9,361.88,361.88,-0.01,227.43,81841.03,-1
2026-06-19,2026-06-19 13:04:00,361.88,361.88,361.87,361.87,-0.0,227.43,81841.03,-1
2026-06-19,2026-06-19 13:05:00,361.87,361.87,361.85,361.85,-0.01,227.43,81841.03,-1
2026-06-19,2026-06-19 13:06:00,361.85,361.85,361.84,361.84,-0.0,227.43,81841.03,-1
2026-06-19,2026-06-19 13:07:00,361.84,361.84,361.82,361.82,-0.01,227.43,81841.03,-1
2026-06-19,2026-06-19 13:08:00,361.82,361.82,361.8,361.8,-0.01,227.43,81841.03,-1
2026-06-19,2026-06-19 13:09:00,361.8,361.8,361.79,361.79,-0.0,227.43,81841.03,-1
2026-06-19,2026-06-19 13:10:00,361.79,361.79,361.77,361.77,-0.01,227.43,81841.03,-1
2026-06-19,2026-06-19 13:11:00,361.77,361.77,361.75,361.75,-0.01,227.43,81841.03,-1
2026-06-19,2026-06-19 13:12:00,361.75,361.75,361.74,361.74,-0.0,227.43,81841.03,-1
2026-06-19,2026-06-19 13:13:00,361.74,361.74,361.72,361.72,-0.01,227.43,81841.03,-1
2026-06-19,2026-06-19 13:14:00,361.72,361.72,361.71,361.71,-0.0,227.43,81841.03,-1
2026-06-19,2026-06-19 13:15:00,361.71,361.71,361.69,361.69,-0.01,227.43,81841.03,-1
2026-06-19,2026-06-19 13:16:00,361.69,361.69,361.67,361.67,-0.01,227.43,81841.03,-1
2026-06-19,2026-06-19 13:17:00,361.67,361.67,361.66,361.66,-0.0,227.43,81841.03,-1
2026-06-19,2026-06-19 13:18:00,361.66,361.66,361.64,361.64,-0.01,227.43,81841.03,-1
2026-06-19,2026-06-19 13:19:00,361.64,361.64,361.62,361.62,-0.01,227.43,81841.03,-1
2026-06-19,2026-06-19 13:20:00,361.62,361.62,361.61,361.61,-0.0,227.43,81841.03,-1
2026-06-19,2026-06-19 13:21:00,361.61,361.61,361.59,361.59,-0.01,227.43,81841.03,-1
2026-06-19,2026-06-19 13:22:00,361.59,361.59,361.58,361.58,-0.0,227.43,81841.03,-1
2026-06-19,2026-06-19 13:23:00,361.58,361.58,361.56,361.56,-0.01,227.43,81841.03,-1
2026-06-19,2026-06-19 13:24:00,361.56,361.56,361.54,361.54,-0.01,227.43,81841.03,-1
2026-06-19,2026-06-19 13:25:00,361.54,361.54,361.53,361.53,-0.0,227.43,81841.03,-1
2026-06-19,2026-06-19 13:26:00,361.53,361.53,361.51,361.51,-0.01,227.43,81841.03,-1
2026-06-19,2026-06-19 13:27:00,361.51,361.51,361.5,361.5,-0.0,227.43,81841.03,-1
2026-06-19,2026-06-19 13:28:00,361.5,361.5,361.48,361.48,-0.01,227.43,81841.03,-1
2026-06-19,2026-06-19 13:29:00,361.48,361.48,361.46,361.46,-0.01,227.43,81841.03,-1
2026-06-19,2026-06-19 13:30:00,361.46,361.46,361.45,361.45,-0.0,227.43,81841.03,-1
2026-06-19,2026-06-19 13:31:00,361.45,361.45,361.43,361.43,-0.01,227.43,81841.03,-1
2026-06-19,2026-06-19 13:32:00,361.43,361.43,361.41,361.41,-0.01,227.43,81841.03,-1
2026-06-19,2026-06-19 13:33:00,361.41,361.41,361.4,361.4,-0.0,227.43,81841.03,-1
2026-06-19,2026-06-19 13:34:00,361.4,361.4,361.38,361.38,-0.01,227.43,81841.03,-1
2026-06-19,2026-06-19 13:35:00,361.38,361.38,361.37,361.37,-0.0,227.43,81841.03,-1
2026-06-19,2026-06-19 13:36:00,361.37,361.37,361.35,361.35,-0.01,227.43,81841.03,-1
2026-06-19,2026-06-19 13:37:00,361.35,361.35,361.33,361.33,-0.01,227.43,81841.03,-1
2026-06-19,2026-06-19 13:38:00,361.33,361.33,361.32,361.32,-0.0,227.43,81841.03,-1
2026-06-19,2026-06-19 13:39:00,361.32,361.32,361.3,361.3,-0.01,227.43,81841.03,-1
2026-06-19,2026-06-19 13:40:00,361.3,361.3,361.28,361.28,-0.01,227.43,81841.03,-1
2026-06-19,2026-06-19 13:41:00,361.28,361.28,361.27,361.27,-0.0,227.43,81841.03,-1
2026-06-19,2026-06-19 13:42:00,361.27,361.27,361.25,361.25,-0.01,227.43,81841.03,-1
2026-06-19,2026-06-19 13:43:00,361.25,361.25,361.24,361.24,-0.0,227.43,81841.03,-1
2026-06-19,2026-06-19 13:44:00,361.24,361.24,361.22,361.22,-0.01,227.43,81841.03,-1
2026-06-19,2026-06-19 13:45:00,361.22,361.22,361.2,361.2,-0.01,227.43,81841.03,-1
2026-06-19,2026-06-19 13:46:00,361.2,361.2,361.19,361.19,-0.0,227.43,81841.03,-1
2026-06-19,2026-06-19 13:47:00,361.19,361.19,361.17,361.17,-0.01,227.43,81841.03,-1
2026-06-19,2026-06-19 13:48:00,361.17,361.17,361.15,361.15,-0.01,227.43,81841.03,-1
2026-06-19,2026-06-19 13:49:00,361.15,361.15,361.14,361.14,-0.0,227.43,81841.03,-1
2026-06-19,2026-06-19 13:50:00,361.14,361.14,361.12,361.12,-0.01,227.43,81841.03,-1
2026-06-19,2026-06-19 13:51:00,361.12,361.12,361.11,361.11,-0.0,227.43,81841.03,-1
2026-06-19,2026-06-19 13:52:00,361.11,361.11,361.09,361.09,-0.01,227.43,81841.03,-1
2026-06-19,2026-06-19 13:53:00,361.09,361.09,361.07,361.07,-0.01,227.43,81841.03,-1
2026-06-19,2026-06-19 13:54:00,361.07,361.07,361.06,361.06,-0.0,227.43,81841.03,-1
2026-06-19,2026-06-19 13:55:00,361.06,361.06,361.04,361.04,-0.01,227.43,81841.03,-1
2026-06-19,2026-06-19 13:56:00,361.04,361.04,361.02,361.02,-0.01,227.43,81841.03,-1
2026-06-19,2026-06-19 13:57:00,361.02,361.02,361.01,361.01,-0.0,227.43,81841.03,-1
2026-06-19,2026-06-19 13:58:00,361.01,361.01,360.99,360.99,-0.01,227.43,81841.03,-1
2026-06-19,2026-06-19 13:59:00,360.99,360.99,360.98,360.98,-0.0,227.43,81841.03,-1
2026-06-19,2026-06-19 14:00:00,360.98,360.98,360.96,360.96,-0.01,227.43,81841.03,-1
2026-06-19,2026-06-19 14:01:00,360.96,360.96,360.94,360.94,-0.01,227.43,81841.03,-1
2026-06-19,2026-06-19 14:02:00,360.94,360.94,360.93,360.93,-0.0,227.43,81841.03,-1
2026-06-19,2026-06-19 14:03:00,360.93,360.93,360.91,360.91,-0.01,227.43,81841.03,-1
2026-06-19,2026-06-19 14:04:00,360.91,360.91,360.89,360.89,-0.01,227.43,81841.03,-1
2026-06-19,2026-06-19 14:05:00,360.89,360.89,360.88,360.88,-0.0,227.43,81841.03,-1
2026-06-19,2026-06-19 14:06:00,360.88,360.88,360.86,360.86,-0.01,227.43,81841.03,-1
2026-06-19,2026-06-19 14:07:00,360.86,360.86,360.84,360.84,-0.01,227.43,81841.03,-1
2026-06-19,2026-06-19 14:08:00,360.84,360.84,360.83,360.83,-0.0,227.43,81841.03,-1
2026-06-19,2026-06-19 14:09:00,360.83,360.83,360.81,360.81,-0.01,227.43,81841.03,-1
2026-06-19,2026-06-19 14:10:00,360.81,360.81,360.8,360.8,-0.0,227.43,81841.03,-1
2026-06-19,2026-06-19 14:11:00,360.8,360.8,360.78,360.78,-0.01,227.43,81841.03,-1
2026-06-19,2026-06-19 14:12:00,360.78,360.78,360.76,360.76,-0.01,227.43,81841.03,-1
2026-06-19,2026-06-19 14:13:00,360.76,360.76,360.75,360.75,-0.0,227.43,81841.03,-1
2026-06-19,2026-06-19 14:14:00,360.75,360.75,360.73,360.73,-0.01,227.43,81841.03,-1
2026-06-19,2026-06-19 14:15:00,360.73,360.73,360.71,360.71,-0.01,227.43,81841.03,-1
2026-06-19,2026-06-19 14:16:00,360.71,360.71,360.7,360.7,-0.0,227.43,81841.03,-1
2026-06-19,2026-06-19 14:17:00,360.7,360.7,360.68,360.68,-0.01,227.43,81841.03,-1
2026-06-19,2026-06-19 14:18:00,360.68,360.68,360.67,360.67,-0.0,227.43,81841.03,-1
2026-06-19,2026-06-19 14:19:00,360.67,360.67,360.65,360.65,-0.01,227.43,81841.03,-1
2026-06-19,2026-06-19 14:20:00,360.65,360.65,360.63,360.63,-0.01,227.43,81841.03,-1
2026-06-19,2026-06-19 14:21:00,360.63,360.63,360.62,360.62,-0.0,227.43,81841.03,-1
2026-06-19,2026-06-19 14:22:00,360.62,360.62,360.6,360.6,-0.01,227.43,81841.03,-1
2026-06-19,2026-06-19 14:23:00,360.6,360.6,360.58,360.58,-0.01,227.43,81841.03,-1
2026-06-19,2026-06-19 14:24:00,360.58,360.58,360.57,360.57,-0.0,227.43,81841.03,-1
2026-06-19,2026-06-19 14:25:00,360.57,360.57,360.55,360.55,-0.01,227.43,81841.03,-1
2026-06-19,2026-06-19 14:26:00,360.55,360.55,360.54,360.54,-0.0,227.43,81841.03,-1
2026-06-19,2026-06-19 14:27:00,360.54,360.54,360.52,360.52,-0.01,227.43,81841.03,-1
2026-06-19,2026-06-19 14:28:00,360.52,360.52,360.5,360.5,-0.01,227.43,81841.03,-1
2026-06-19,2026-06-19 14:29:00,360.5,360.5,360.49,360.49,-0.0,227.43,81841.03,-1
2026-06-19,2026-06-19 14:30:00,360.49,360.49,360.47,360.47,-0.01,227.43,81841.03,-1
2026-06-19,2026-06-19 14:31:00,360.47,360.47,360.45,360.45,-0.01,227.43,81841.03,-1
2026-06-19,2026-06-19 14:32:00,360.45,360.45,360.44,360.44,-0.0,227.43,81841.03,-1
2026-06-19,2026-06-19 14:33:00,360.44,360.44,360.42,360.42,-0.01,227.43,81841.03,-1
2026-06-19,2026-06-19 14:34:00,360.42,360.42,360.41,360.41,-0.0,227.43,81841.03,-1
2026-06-19,2026-06-19 14:35:00,360.41,360.41,360.39,360.39,-0.01,227.43,81841.03,-1
2026-06-19,2026-06-19 14:36:00,360.39,360.39,360.37,360.37,-0.01,227.43,81841.03,-1
2026-06-19,2026-06-19 14:37:00,360.37,360.37,360.36,360.36,-0.0,227.43,81841.03,-1
2026-06-19,2026-06-19 14:38:00,360.36,360.36,360.34,360.34,-0.01,227.43,81841.03,-1
2026-06-19,2026-06-19 14:39:00,360.34,360.34,360.32,360.32,-0.01,227.43,81841.03,-1
2026-06-19,2026-06-19 14:40:00,360.32,360.32,360.31,360.31,-0.0,227.43,81841.03,-1
2026-06-19,2026-06-19 14:41:00,360.31,360.31,360.29,360.29,-0.01,227.43,81841.03,-1
2026-06-19,2026-06-19 14:42:00,360.29,360.29,360.28,360.28,-0.0,227.43,81841.03,-1
2026-06-19,2026-06-19 14:43:00,360.28,360.28,360.26,360.26,-0.01,227.43,81841.03,-1
2026-06-19,2026-06-19 14:44:00,360.26,360.26,360.24,360.24,-0.01,227.43,81841.03,-1
2026-06-19,2026-06-19 14:45:00,360.24,360.24,360.23,360.23,-0.0,227.43,81841.03,-1
2026-06-19,2026-06-19 14:46:00,360.23,360.23,360.21,360.21,-0.01,227.43,81841.03,-1
2026-06-19,2026-06-19 14:47:00,360.21,360.21,360.19,360.19,-0.01,227.43,81841.03,-1
2026-06-19,2026-06-19 14:48:00,360.19,360.19,360.18,360.18,-0.0,227.43,81841.03,-1
2026-06-19,2026-06-19 14:49:00,360.18,360.18,360.16,360.16,-0.01,227.43,81841.03,-1
2026-06-19,2026-06-19 14:50:00,360.16,360.16,360.15,360.15,-0.0,227.43,81841.03,-1
2026-06-19,2026-06-19 14:51:00,360.15,360.15,360.13,360.13,-0.01,227.43,81841.03,-1
2026-06-19,2026-06-19 14:52:00,360.13,360.13,360.11,360.11,-0.01,227.43,81841.03,-1
2026-06-19,2026-06-19 14:53:00,360.11,360.11,360.1,360.1,-0.0,227.43,81841.03,-1
2026-06-19,2026-06-19 14:54:00,360.1,360.1,360.08,360.08,-0.01,227.43,81841.03,-1
2026-06-19,2026-06-19 14:55:00,360.08,360.08,360.06,360.06,-0.01,227.43,81841.03,-1
2026-06-19,2026-06-19 14:56:00,360.06,360.06,360.05,360.05,-0.0,227.43,81841.03,-1
2026-06-19,2026-06-19 14:57:00,360.05,360.05,360.03,360.03,-0.01,227.43,81841.03,-1
2026-06-19,2026-06-19 14:58:00,360.03,360.03,360.02,360.02,-0.0,227.43,81841.03,-1
2026-06-19,2026-06-19 14:59:00,360.02,360.02,360.0,360.0,-0.01,227.43,81841.03,-1
2026-06-19,2026-06-19 15:00:00,360.0,364.0,357.5,360.0,0.0,227.43,81841.03,0
2026-06-22,2026-06-22 11:00:00,360.0,361.5,359.1,360.01,0.0,107.37,38832.37,1
2026-06-22,2026-06-22 11:01:00,360.01,360.02,360.01,360.02,0.0,107.37,38832.37,1
2026-06-22,2026-06-22 11:02:00,360.02,360.02,360.02,360.02,0.0,107.37,38832.37,0
2026-06-22,2026-06-22 11:03:00,360.02,360.03,360.02,360.03,0.0,107.37,38832.37,1
2026-06-22,2026-06-22 11:04:00,360.03,360.04,360.03,360.04,0.0,107.37,38832.37,1
2026-06-22,2026-06-22 11:05:00,360.04,360.05,360.04,360.05,0.0,107.37,38832.37,1
2026-06-22,2026-06-22 11:06:00,360.05,360.06,360.05,360.06,0.0,107.37,38832.37,1
2026-06-22,2026-06-22 11:07:00,360.06,360.06,360.06,360.06,0.0,107.37,38832.37,0
2026-06-22,2026-06-22 11:08:00,360.06,360.07,360.06,360.07,0.0,107.37,38832.37,1
2026-06-22,2026-06-22 11:09:00,360.07,360.08,360.07,360.08,0.0,107.37,38832.37,1
2026-06-22,2026-06-22 11:10:00,360.08,360.09,360.08,360.09,0.0,107.37,38832.37,1
2026-06-22,2026-06-22 11:11:00,360.09,360.1,360.09,360.1,0.0,107.37,38832.37,1
2026-06-22,2026-06-22 11:12:00,360.1,360.1,360.1,360.1,0.0,107.37,38832.37,0
2026-06-22,2026-06-22 11:13:00,360.1,360.11,360.1,360.11,0.0,107.37,38832.37,1
2026-06-22,2026-06-22 11:14:00,360.11,360.12,360.11,360.12,0.0,107.37,38832.37,1
2026-06-22,2026-06-22 11:15:00,360.12,360.13,360.12,360.13,0.0,107.37,38832.37,1
2026-06-22,2026-06-22 11:16:00,360.13,360.13,360.13,360.13,0.0,107.37,38832.37,0
2026-06-22,2026-06-22 11:17:00,360.13,360.14,360.13,360.14,0.0,107.37,38832.37,1
2026-06-22,2026-06-22 11:18:00,360.14,360.15,360.14,360.15,0.0,107.37,38832.37,1
2026-06-22,2026-06-22 11:19:00,360.15,360.16,360.15,360.16,0.0,107.37,38832.37,1
2026-06-22,2026-06-22 11:20:00,360.16,360.17,360.16,360.17,0.0,107.37,38832.37,1
2026-06-22,2026-06-22 11:21:00,360.17,360.17,360.17,360.17,0.0,107.37,38832.37,0
2026-06-22,2026-06-22 11:22:00,360.17,360.18,360.17,360.18,0.0,107.37,38832.37,1
2026-06-22,2026-06-22 11:23:00,360.18,360.19,360.18,360.19,0.0,107.37,38832.37,1
2026-06-22,2026-06-22 11:24:00,360.19,360.2,360.19,360.2,0.0,107.37,38832.37,1
2026-06-22,2026-06-22 11:25:00,360.2,360.21,360.2,360.21,0.0,107.37,38832.37,1
2026-06-22,2026-06-22 11:26:00,360.21,360.21,360.21,360.21,0.0,107.37,38832.37,0
2026-06-22,2026-06-22 11:27:00,360.21,360.22,360.21,360.22,0.0,107.37,38832.37,1
2026-06-22,2026-06-22 11:28:00,360.22,360.23,360.22,360.23,0.0,107.37,38832.37,1
2026-06-22,2026-06-22 11:29:00,360.23,360.24,360.23,360.24,0.0,107.37,38832.37,1
2026-06-22,2026-06-22 11:30:00,360.24,360.25,360.24,360.25,0.0,107.37,38832.37,1
2026-06-22,2026-06-22 11:31:00,360.25,360.25,360.25,360.25,0.0,107.37,38832.37,0
2026-06-22,2026-06-22 11:32:00,360.25,360.26,360.25,360.26,0.0,107.37,38832.37,1
2026-06-22,2026-06-22 11:33:00,360.26,360.27,360.26,360.27,0.0,107.37,38832.37,1
2026-06-22,2026-06-22 11:34:00,360.27,360.28,360.27,360.28,0.0,107.37,38832.37,1
2026-06-22,2026-06-22 11:35:00,360.28,360.28,360.28,360.28,0.0,107.37,38832.37,0
2026-06-22,2026-06-22 11:36:00,360.28,360.29,360.28,360.29,0.0,107.37,38832.37,1
2026-06-22,2026-06-22 11:37:00,360.29,360.3,360.29,360.3,0.0,107.37,38832.37,1
2026-06-22,2026-06-22 11:38:00,360.3,360.31,360.3,360.31,0.0,107.37,38832.37,1
2026-06-22,2026-06-22 11:39:00,360.31,360.32,360.31,360.32,0.0,107.37,38832.37,1
2026-06-22,2026-06-22 11:40:00,360.32,360.32,360.32,360.32,0.0,107.37,38832.37,0
2026-06-22,2026-06-22 11:41:00,360.32,360.33,360.32,360.33,0.0,107.37,38832.37,1
2026-06-22,2026-06-22 11:42:00,360.33,360.34,360.33,360.34,0.0,107.37,38832.37,1
2026-06-22,2026-06-22 11:43:00,360.34,360.35,360.34,360.35,0.0,107.37,38832.37,1
2026-06-22,2026-06-22 11:44:00,360.35,360.36,360.35,360.36,0.0,107.37,38832.37,1
2026-06-22,2026-06-22 11:45:00,360.36,360.36,360.36,360.36,0.0,107.37,38832.37,0
2026-06-22,2026-06-22 11:46:00,360.36,360.37,360.36,360.37,0.0,107.37,38832.37,1
2026-06-22,2026-06-22 11:47:00,360.37,360.38,360.37,360.38,0.0,107.37,38832.37,1
2026-06-22,2026-06-22 11:48:00,360.38,360.39,360.38,360.39,0.0,107.37,38832.37,1
2026-06-22,2026-06-22 11:49:00,360.39,360.4,360.39,360.4,0.0,107.37,38832.37,1
2026-06-22,2026-06-22 11:50:00,360.4,360.4,360.4,360.4,0.0,107.37,38832.37,0
2026-06-22,2026-06-22 11:51:00,360.4,360.41,360.4,360.41,0.0,107.37,38832.37,1
2026-06-22,2026-06-22 11:52:00,360.41,360.42,360.41,360.42,0.0,107.37,38832.37,1
2026-06-22,2026-06-22 11:53:00,360.42,360.43,360.42,360.43,0.0,107.37,38832.37,1
2026-06-22,2026-06-22 11:54:00,360.43,360.44,360.43,360.44,0.0,107.37,38832.37,1
2026-06-22,2026-06-22 11:55:00,360.44,360.44,360.44,360.44,0.0,107.37,38832.37,0
2026-06-22,2026-06-22 11:56:00,360.44,360.45,360.44,360.45,0.0,107.37,38832.37,1
2026-06-22,2026-06-22 11:57:00,360.45,360.46,360.45,360.46,0.0,107.37,38832.37,1
2026-06-22,2026-06-22 11:58:00,360.46,360.47,360.46,360.47,0.0,107.37,38832.37,1
2026-06-22,2026-06-22 11:59:00,360.47,360.48,360.47,360.48,0.0,107.37,38832.37,1
2026-06-22,2026-06-22 12:00:00,360.48,360.48,360.48,360.48,0.0,107.37,38832.37,0
2026-06-22,2026-06-22 12:01:00,360.48,360.49,360.48,360.49,0.0,107.37,38832.37,1
2026-06-22,2026-06-22 12:02:00,360.49,360.5,360.49,360.5,0.0,107.37,38832.37,1
2026-06-22,2026-06-22 12:03:00,360.5,360.51,360.5,360.51,0.0,107.37,38832.37,1
2026-06-22,2026-06-22 12:04:00,360.51,360.51,360.51,360.51,0.0,107.37,38832.37,0
2026-06-22,2026-06-22 12:05:00,360.51,360.52,360.51,360.52,0.0,107.37,38832.37,1
2026-06-22,2026-06-22 12:06:00,360.52,360.53,360.52,360.53,0.0,107.37,38832.37,1
2026-06-22,2026-06-22 12:07:00,360.53,360.54,360.53,360.54,0.0,107.37,38832.37,1
2026-06-22,2026-06-22 12:08:00,360.54,360.55,360.54,360.55,0.0,107.37,38832.37,1
2026-06-22,2026-06-22 12:09:00,360.55,360.55,360.55,360.55,0.0,107.37,38832.37,0
2026-06-22,2026-06-22 12:10:00,360.55,360.56,360.55,360.56,0.0,107.37,38832.37,1
2026-06-22,2026-06-22 12:11:00,360.56,360.57,360.56,360.57,0.0,107.37,38832.37,1
2026-06-22,2026-06-22 12:12:00,360.57,360.58,360.57,360.58,0.0,107.37,38832.37,1
2026-06-22,2026-06-22 12:13:00,360.58,360.59,360.58,360.59,0.0,107.37,38832.37,1
2026-06-22,2026-06-22 12:14:00,360.59,360.59,360.59,360.59,0.0,107.37,38832.37,0
2026-06-22,2026-06-22 12:15:00,360.59,360.6,360.59,360.6,0.0,107.37,38832.37,1
2026-06-22,2026-06-22 12:16:00,360.6,360.61,360.6,360.61,0.0,107.37,38832.37,1
2026-06-22,2026-06-22 12:17:00,360.61,360.62,360.61,360.62,0.0,107.37,38832.37,1
2026-06-22,2026-06-22 12:18:00,360.62,360.63,360.62,360.63,0.0,107.37,38832.37,1
2026-06-22,2026-06-22 12:19:00,360.63,360.63,360.63,360.63,0.0,107.37,38832.37,0
2026-06-22,2026-06-22 12:20:00,360.63,360.64,360.63,360.64,0.0,107.37,38832.37,1
2026-06-22,2026-06-22 12:21:00,360.64,360.65,360.64,360.65,0.0,107.37,38832.37,1
2026-06-22,2026-06-22 12:22:00,360.65,360.66,360.65,360.66,0.0,107.37,38832.37,1
2026-06-22,2026-06-22 12:23:00,360.66,360.66,360.66,360.66,0.0,107.37,38832.37,0
2026-06-22,2026-06-22 12:24:00,360.66,360.67,360.66,360.67,0.0,107.37,38832.37,1
2026-06-22,2026-06-22 12:25:00,360.67,360.68,360.67,360.68,0.0,107.37,38832.37,1
2026-06-22,2026-06-22 12:26:00,360.68,360.69,360.68,360.69,0.0,107.37,38832.37,1
2026-06-22,2026-06-22 12:27:00,360.69,360.7,360.69,360.7,0.0,107.37,38832.37,1
2026-06-22,2026-06-22 12:28:00,360.7,360.7,360.7,360.7,0.0,107.37,38832.37,0
2026-06-22,2026-06-22 12:29:00,360.7,360.71,360.7,360.71,0.0,107.37,38832.37,1
2026-06-22,2026-06-22 12:30:00,360.71,360.72,360.71,360.72,0.0,107.37,38832.37,1
2026-06-22,2026-06-22 12:31:00,360.72,360.73,360.72,360.73,0.0,107.37,38832.37,1
2026-06-22,2026-06-22 12:32:00,360.73,360.74,360.73,360.74,0.0,107.37,38832.37,1
2026-06-22,2026-06-22 12:33:00,360.74,360.74,360.74,360.74,0.0,107.37,38832.37,0
2026-06-22,2026-06-22 12:34:00,360.74,360.75,360.74,360.75,0.0,107.37,38832.37,1
2026-06-22,2026-06-22 12:35:00,360.75,360.76,360.75,360.76,0.0,107.37,38832.37,1
2026-06-22,2026-06-22 12:36:00,360.76,360.77,360.76,360.77,0.0,107.37,38832.37,1
2026-06-22,2026-06-22 12:37:00,360.77,360.78,360.77,360.78,0.0,107.37,38832.37,1
2026-06-22,2026-06-22 12:38:00,360.78,360.78,360.78,360.78,0.0,107.37,38832.37,0
2026-06-22,2026-06-22 12:39:00,360.78,360.79,360.78,360.79,0.0,107.37,38832.37,1
2026-06-22,2026-06-22 12:40:00,360.79,360.8,360.79,360.8,0.0,107.37,38832.37,1
2026-06-22,2026-06-22 12:41:00,360.8,360.81,360.8,360.81,0.0,107.37,38832.37,1
2026-06-22,2026-06-22 12:42:00,360.81,360.82,360.81,360.82,0.0,107.37,38832.37,1
2026-06-22,2026-06-22 12:43:00,360.82,360.82,360.82,360.82,0.0,107.37,38832.37,0
2026-06-22,2026-06-22 12:44:00,360.82,360.83,360.82,360.83,0.0,107.37,38832.37,1
2026-06-22,2026-06-22 12:45:00,360.83,360.84,360.83,360.84,0.0,107.37,38832.37,1
2026-06-22,2026-06-22 12:46:00,360.84,360.85,360.84,360.85,0.0,107.37,38832.37,1
2026-06-22,2026-06-22 12:47:00,360.85,360.86,360.85,360.86,0.0,107.37,38832.37,1
2026-06-22,2026-06-22 12:48:00,360.86,360.86,360.86,360.86,0.0,107.37,38832.37,0
2026-06-22,2026-06-22 12:49:00,360.86,360.87,360.86,360.87,0.0,107.37,38832.37,1
2026-06-22,2026-06-22 12:50:00,360.87,360.88,360.87,360.88,0.0,107.37,38832.37,1
2026-06-22,2026-06-22 12:51:00,360.88,360.89,360.88,360.89,0.0,107.37,38832.37,1
2026-06-22,2026-06-22 12:52:00,360.89,360.89,360.89,360.89,0.0,107.37,38832.37,0
2026-06-22,2026-06-22 12:53:00,360.89,360.9,360.89,360.9,0.0,107.37,38832.37,1
2026-06-22,2026-06-22 12:54:00,360.9,360.91,360.9,360.91,0.0,107.37,38832.37,1
2026-06-22,2026-06-22 12:55:00,360.91,360.92,360.91,360.92,0.0,107.37,38832.37,1
2026-06-22,2026-06-22 12:56:00,360.92,360.93,360.92,360.93,0.0,107.37,38832.37,1
2026-06-22,2026-06-22 12:57:00,360.93,360.93,360.93,360.93,0.0,107.37,38832.37,0
2026-06-22,2026-06-22 12:58:00,360.93,360.94,360.93,360.94,0.0,107.37,38832.37,1
2026-06-22,2026-06-22 12:59:00,360.94,360.95,360.94,360.95,0.0,107.37,38832.37,1
2026-06-22,2026-06-22 13:00:00,360.95,365.0,357.0,360.96,0.0,107.37,38832.37,1
2026-06-22,2026-06-22 13:01:00,360.96,360.97,360.96,360.97,0.0,107.37,38832.37,1
2026-06-22,2026-06-22 13:02:00,360.97,360.97,360.97,360.97,0.0,107.37,38832.37,0
2026-06-22,2026-06-22 13:03:00,360.97,360.98,360.97,360.98,0.0,107.37,38832.37,1
2026-06-22,2026-06-22 13:04:00,360.98,360.99,360.98,360.99,0.0,107.37,38832.37,1
2026-06-22,2026-06-22 13:05:00,360.99,361.0,360.99,361.0,0.0,107.37,38832.37,1
2026-06-22,2026-06-22 13:06:00,361.0,361.01,361.0,361.01,0.0,107.37,38832.37,1
2026-06-22,2026-06-22 13:07:00,361.01,361.01,361.01,361.01,0.0,107.37,38832.37,0
2026-06-22,2026-06-22 13:08:00,361.01,361.02,361.01,361.02,0.0,107.37,38832.37,1
2026-06-22,2026-06-22 13:09:00,361.02,361.03,361.02,361.03,0.0,107.37,38832.37,1
2026-06-22,2026-06-22 13:10:00,361.03,361.04,361.03,361.04,0.0,107.37,38832.37,1
2026-06-22,2026-06-22 13:11:00,361.04,361.04,361.04,361.04,0.0,107.37,38832.37,0
2026-06-22,2026-06-22 13:12:00,361.04,361.05,361.04,361.05,0.0,107.37,38832.37,1
2026-06-22,2026-06-22 13:13:00,361.05,361.06,361.05,361.06,0.0,107.37,38832.37,1
2026-06-22,2026-06-22 13:14:00,361.06,361.07,361.06,361.07,0.0,107.37,38832.37,1
2026-06-22,2026-06-22 13:15:00,361.07,361.08,361.07,361.08,0.0,107.37,38832.37,1
2026-06-22,2026-06-22 13:16:00,361.08,361.08,361.08,361.08,0.0,107.37,38832.37,0
2026-06-22,2026-06-22 13:17:00,361.08,361.09,361.08,361.09,0.0,107.37,38832.37,1
2026-06-22,2026-06-22 13:18:00,361.09,361.1,361.09,361.1,0.0,107.37,38832.37,1
2026-06-22,2026-06-22 13:19:00,361.1,361.11,361.1,361.11,0.0,107.37,38832.37,1
2026-06-22,2026-06-22 13:20:00,361.11,361.12,361.11,361.12,0.0,107.37,38832.37,1
2026-06-22,2026-06-22 13:21:00,361.12,361.12,361.12,361.12,0.0,107.37,38832.37,0
2026-06-22,2026-06-22 13:22:00,361.12,361.13,361.12,361.13,0.0,107.37,38832.37,1
2026-06-22,2026-06-22 13:23:00,361.13,361.14,361.13,361.14,0.0,107.37,38832.37,1
2026-06-22,2026-06-22 13:24:00,361.14,361.15,361.14,361.15,0.0,107.37,38832.37,1
2026-06-22,2026-06-22 13:25:00,361.15,361.16,361.15,361.16,0.0,107.37,38832.37,1
2026-06-22,2026-06-22 13:26:00,361.16,361.16,361.16,361.16,0.0,107.37,38832.37,0
2026-06-22,2026-06-22 13:27:00,361.16,361.17,361.16,361.17,0.0,107.37,38832.37,1
2026-06-22,2026-06-22 13:28:00,361.17,361.18,361.17,361.18,0.0,107.37,38832.37,1
2026-06-22,2026-06-22 13:29:00,361.18,361.19,361.18,361.19,0.0,107.37,38832.37,1
2026-06-22,2026-06-22 13:30:00,361.19,361.2,361.19,361.2,0.0,107.37,38832.37,1
2026-06-22,2026-06-22 13:31:00,361.2,361.2,361.2,361.2,0.0,107.37,38832.37,0
2026-06-22,2026-06-22 13:32:00,361.2,361.21,361.2,361.21,0.0,107.37,38832.37,1
2026-06-22,2026-06-22 13:33:00,361.21,361.22,361.21,361.22,0.0,107.37,38832.37,1
2026-06-22,2026-06-22 13:34:00,361.22,361.23,361.22,361.23,0.0,107.37,38832.37,1
2026-06-22,2026-06-22 13:35:00,361.23,361.24,361.23,361.24,0.0,107.37,38832.37,1
2026-06-22,2026-06-22 13:36:00,361.24,361.24,361.24,361.24,0.0,107.37,38832.37,0
2026-06-22,2026-06-22 13:37:00,361.24,361.25,361.24,361.25,0.0,107.37,38832.37,1
2026-06-22,2026-06-22 13:38:00,361.25,361.26,361.25,361.26,0.0,107.37,38832.37,1
2026-06-22,2026-06-22 13:39:00,361.26,361.27,361.26,361.27,0.0,107.37,38832.37,1
2026-06-22,2026-06-22 13:40:00,361.27,361.27,361.27,361.27,0.0,107.37,38832.37,0
2026-06-22,2026-06-22 13:41:00,361.27,361.28,361.27,361.28,0.0,107.37,38832.37,1
2026-06-22,2026-06-22 13:42:00,361.28,361.29,361.28,361.29,0.0,107.37,38832.37,1
2026-06-22,2026-06-22 13:43:00,361.29,361.3,361.29,361.3,0.0,107.37,38832.37,1
2026-06-22,2026-06-22 13:44:00,361.3,361.31,361.3,361.31,0.0,107.37,38832.37,1
2026-06-22,2026-06-22 13:45:00,361.31,361.31,361.31,361.31,0.0,107.37,38832.37,0
2026-06-22,2026-06-22 13:46:00,361.31,361.32,361.31,361.32,0.0,107.37,38832.37,1
2026-06-22,2026-06-22 13:47:00,361.32,361.33,361.32,361.33,0.0,107.37,38832.37,1
2026-06-22,2026-06-22 13:48:00,361.33,361.34,361.33,361.34,0.0,107.37,38832.37,1
2026-06-22,2026-06-22 13:49:00,361.34,361.35,361.34,361.35,0.0,107.37,38832.37,1
2026-06-22,2026-06-22 13:50:00,361.35,361.35,361.35,361.35,0.0,107.37,38832.37,0
2026-06-22,2026-06-22 13:51:00,361.35,361.36,361.35,361.36,0.0,107.37,38832.37,1
2026-06-22,2026-06-22 13:52:00,361.36,361.37,361.36,361.37,0.0,107.37,38832.37,1
2026-06-22,2026-06-22 13:53:00,361.37,361.38,361.37,361.38,0.0,107.37,38832.37,1
2026-06-22,2026-06-22 13:54:00,361.38,361.39,361.38,361.39,0.0,107.37,38832.37,1
2026-06-22,2026-06-22 13:55:00,361.39,361.39,361.39,361.39,0.0,107.37,38832.37,0
2026-06-22,2026-06-22 13:56:00,361.39,361.4,361.39,361.4,0.0,107.37,38832.37,1
2026-06-22,2026-06-22 13:57:00,361.4,361.41,361.4,361.41,0.0,107.37,38832.37,1
2026-06-22,2026-06-22 13:58:00,361.41,361.42,361.41,361.42,0.0,107.37,38832.37,1
2026-06-22,2026-06-22 13:59:00,361.42,361.42,361.42,361.42,0.0,107.37,38832.37,0
2026-06-22,2026-06-22 14:00:00,361.42,361.43,361.42,361.43,0.0,107.37,38832.37,1
2026-06-22,2026-06-22 14:01:00,361.43,361.44,361.43,361.44,0.0,107.37,38832.37,1
2026-06-22,2026-06-22 14:02:00,361.44,361.45,361.44,361.45,0.0,107.37,38832.37,1
2026-06-22,2026-06-22 14:03:00,361.45,361.46,361.45,361.46,0.0,107.37,38832.37,1
2026-06-22,2026-06-22 14:04:00,361.46,361.46,361.46,361.46,0.0,107.37,38832.37,0
2026-06-22,2026-06-22 14:05:00,361.46,361.47,361.46,361.47,0.0,107.37,38832.37,1
2026-06-22,2026-06-22 14:06:00,361.47,361.48,361.47,361.48,0.0,107.37,38832.37,1
2026-06-22,2026-06-22 14:07:00,361.48,361.49,361.48,361.49,0.0,107.37,38832.37,1
2026-06-22,2026-06-22 14:08:00,361.49,361.5,361.49,361.5,0.0,107.37,38832.37,1
2026-06-22,2026-06-22 14:09:00,361.5,361.5,361.5,361.5,0.0,107.37,38832.37,0
2026-06-22,2026-06-22 14:10:00,361.5,361.51,361.5,361.51,0.0,107.37,38832.37,1
2026-06-22,2026-06-22 14:11:00,361.51,361.52,361.51,361.52,0.0,107.37,38832.37,1
2026-06-22,2026-06-22 14:12:00,361.52,361.53,361.52,361.53,0.0,107.37,38832.37,1
2026-06-22,2026-06-22 14:13:00,361.53,361.54,361.53,361.54,0.0,107.37,38832.37,1
2026-06-22,2026-06-22 14:14:00,361.54,361.54,361.54,361.54,0.0,107.37,38832.37,0
2026-06-22,2026-06-22 14:15:00,361.54,361.55,361.54,361.55,0.0,107.37,38832.37,1
2026-06-22,2026-06-22 14:16:00,361.55,361.56,361.55,361.56,0.0,107.37,38832.37,1
2026-06-22,2026-06-22 14:17:00,361.56,361.57,361.56,361.57,0.0,107.37,38832.37,1
2026-06-22,2026-06-22 14:18:00,361.57,361.58,361.57,361.58,0.0,107.37,38832.37,1
2026-06-22,2026-06-22 14:19:00,361.58,361.58,361.58,361.58,0.0,107.37,38832.37,0
2026-06-22,2026-06-22 14:20:00,361.58,361.59,361.58,361.59,0.0,107.37,38832.37,1
2026-06-22,2026-06-22 14:21:00,361.59,361.6,361.59,361.6,0.0,107.37,38832.37,1
2026-06-22,2026-06-22 14:22:00,361.6,361.61,361.6,361.61,0.0,107.37,38832.37,1
2026-06-22,2026-06-22 14:23:00,361.61,361.62,361.61,361.62,0.0,107.37,38832.37,1
2026-06-22,2026-06-22 14:24:00,361.62,361.62,361.62,361.62,0.0,107.37,38832.37,0
2026-06-22,2026-06-22 14:25:00,361.62,361.63,361.62,361.63,0.0,107.37,38832.37,1
2026-06-22,2026-06-22 14:26:00,361.63,361.64,361.63,361.64,0.0,107.37,38832.37,1
2026-06-22,2026-06-22 14:27:00,361.64,361.65,361.64,361.65,0.0,107.37,38832.37,1
2026-06-22,2026-06-22 14:28:00,361.65,361.65,361.65,361.65,0.0,107.37,38832.37,0
2026-06-22,2026-06-22 14:29:00,361.65,361.66,361.65,361.66,0.0,107.37,38832.37,1
2026-06-22,2026-06-22 14:30:00,361.66,361.67,361.66,361.67,0.0,107.37,38832.37,1
2026-06-22,2026-06-22 14:31:00,361.67,361.68,361.67,361.68,0.0,107.37,38832.37,1
2026-06-22,2026-06-22 14:32:00,361.68,361.69,361.68,361.69,0.0,107.37,38832.37,1
2026-06-22,2026-06-22 14:33:00,361.69,361.69,361.69,361.69,0.0,107.37,38832.37,0
2026-06-22,2026-06-22 14:34:00,361.69,361.7,361.69,361.7,0.0,107.37,38832.37,1
2026-06-22,2026-06-22 14:35:00,361.7,361.71,361.7,361.71,0.0,107.37,38832.37,1
2026-06-22,2026-06-22 14:36:00,361.71,361.72,361.71,361.72,0.0,107.37,38832.37,1
2026-06-22,2026-06-22 14:37:00,361.72,361.73,361.72,361.73,0.0,107.37,38832.37,1
2026-06-22,2026-06-22 14:38:00,361.73,361.73,361.73,361.73,0.0,107.37,38832.37,0
2026-06-22,2026-06-22 14:39:00,361.73,361.74,361.73,361.74,0.0,107.37,38832.37,1
2026-06-22,2026-06-22 14:40:00,361.74,361.75,361.74,361.75,0.0,107.37,38832.37,1
2026-06-22,2026-06-22 14:41:00,361.75,361.76,361.75,361.76,0.0,107.37,38832.37,1
2026-06-22,2026-06-22 14:42:00,361.76,361.77,361.76,361.77,0.0,107.37,38832.37,1
2026-06-22,2026-06-22 14:43:00,361.77,361.77,361.77,361.77,0.0,107.37,38832.37,0
2026-06-22,2026-06-22 14:44:00,361.77,361.78,361.77,361.78,0.0,107.37,38832.37,1
2026-06-22,2026-06-22 14:45:00,361.78,361.79,361.78,361.79,0.0,107.37,38832.37,1
2026-06-22,2026-06-22 14:46:00,361.79,361.8,361.79,361.8,0.0,107.37,38832.37,1
2026-06-22,2026-06-22 14:47:00,361.8,361.8,361.8,361.8,0.0,107.37,38832.37,0
2026-06-22,2026-06-22 14:48:00,361.8,361.81,361.8,361.81,0.0,107.37,38832.37,1
2026-06-22,2026-06-22 14:49:00,361.81,361.82,361.81,361.82,0.0,107.37,38832.37,1
2026-06-22,2026-06-22 14:50:00,361.82,361.83,361.82,361.83,0.0,107.37,38832.37,1
2026-06-22,2026-06-22 14:51:00,361.83,361.84,361.83,361.84,0.0,107.37,38832.37,1
2026-06-22,2026-06-22 14:52:00,361.84,361.84,361.84,361.84,0.0,107.37,38832.37,0
2026-06-22,2026-06-22 14:53:00,361.84,361.85,361.84,361.85,0.0,107.37,38832.37,1
2026-06-22,2026-06-22 14:54:00,361.85,361.86,361.85,361.86,0.0,107.37,38832.37,1
2026-06-22,2026-06-22 14:55:00,361.86,361.87,361.86,361.87,0.0,107.37,38832.37,1
2026-06-22,2026-06-22 14:56:00,361.87,361.88,361.87,361.88,0.0,107.37,38832.37,1
2026-06-22,2026-06-22 14:57:00,361.88,361.88,361.88,361.88,0.0,107.37,38832.37,0
2026-06-22,2026-06-22 14:58:00,361.88,361.89,361.88,361.89,0.0,107.37,38832.37,1
2026-06-22,2026-06-22 14:59:00,361.89,361.9,361.89,361.9,0.0,107.37,38832.37,1
2026-06-22,2026-06-22 15:00:00,361.9,365.0,357.0,361.9,0.0,107.37,38832.37,0
2026-06-23,2026-06-23 11:00:00,379.9,379.9,370.93,379.78,-0.03,162.92,57604.77,-1
2026-06-23,2026-06-23 11:01:00,379.78,379.78,379.66,379.66,-0.03,162.92,57604.77,-1
2026-06-23,2026-06-23 11:02:00,379.66,379.66,379.54,379.54,-0.03,162.92,57604.77,-1
2026-06-23,2026-06-23 11:03:00,379.54,379.54,379.42,379.42,-0.03,162.92,57604.77,-1
2026-06-23,2026-06-23 11:04:00,379.42,379.42,379.3,379.3,-0.03,162.92,57604.77,-1
2026-06-23,2026-06-23 11:05:00,379.3,379.3,379.18,379.18,-0.03,162.92,57604.77,-1
2026-06-23,2026-06-23 11:06:00,379.18,379.18,379.06,379.06,-0.03,162.92,57604.77,-1
2026-06-23,2026-06-23 11:07:00,379.06,379.06,378.94,378.94,-0.03,162.92,57604.77,-1
2026-06-23,2026-06-23 11:08:00,378.94,378.94,378.82,378.82,-0.03,162.92,57604.77,-1
2026-06-23,2026-06-23 11:09:00,378.82,378.82,378.7,378.7,-0.03,162.92,57604.77,-1
2026-06-23,2026-06-23 11:10:00,378.7,378.7,378.58,378.58,-0.03,162.92,57604.77,-1
2026-06-23,2026-06-23 11:11:00,378.58,378.58,378.45,378.45,-0.03,162.92,57604.77,-1
2026-06-23,2026-06-23 11:12:00,378.45,378.45,378.33,378.33,-0.03,162.92,57604.77,-1
2026-06-23,2026-06-23 11:13:00,378.33,378.33,378.21,378.21,-0.03,162.92,57604.77,-1
2026-06-23,2026-06-23 11:14:00,378.21,378.21,378.09,378.09,-0.03,162.92,57604.77,-1
2026-06-23,2026-06-23 11:15:00,378.09,378.09,377.97,377.97,-0.03,162.92,57604.77,-1
2026-06-23,2026-06-23 11:16:00,377.97,377.97,377.85,377.85,-0.03,162.92,57604.77,-1
2026-06-23,2026-06-23 11:17:00,377.85,377.85,377.73,377.73,-0.03,162.92,57604.77,-1
2026-06-23,2026-06-23 11:18:00,377.73,377.73,377.61,377.61,-0.03,162.92,57604.77,-1
2026-06-23,2026-06-23 11:19:00,377.61,377.61,377.49,377.49,-0.03,162.92,57604.77,-1
2026-06-23,2026-06-23 11:20:00,377.49,377.49,377.37,377.37,-0.03,162.92,57604.77,-1
2026-06-23,2026-06-23 11:21:00,377.37,377.37,377.25,377.25,-0.03,162.92,57604.77,-1
2026-06-23,2026-06-23 11:22:00,377.25,377.25,377.13,377.13,-0.03,162.92,57604.77,-1
2026-06-23,2026-06-23 11:23:00,377.13,377.13,377.01,377.01,-0.03,162.92,57604.77,-1
2026-06-23,2026-06-23 11:24:00,377.01,377.01,376.89,376.89,-0.03,162.92,57604.77,-1
2026-06-23,2026-06-23 11:25:00,376.89,376.89,376.77,376.77,-0.03,162.92,57604.77,-1
2026-06-23,2026-06-23 11:26:00,376.77,376.77,376.65,376.65,-0.03,162.92,57604.77,-1
2026-06-23,2026-06-23 11:27:00,376.65,376.65,376.53,376.53,-0.03,162.92,57604.77,-1
2026-06-23,2026-06-23 11:28:00,376.53,376.53,376.41,376.41,-0.03,162.92,57604.77,-1
2026-06-23,2026-06-23 11:29:00,376.41,376.41,376.29,376.29,-0.03,162.92,57604.77,-1
2026-06-23,2026-06-23 11:30:00,376.29,376.29,376.17,376.17,-0.03,162.92,57604.77,-1
2026-06-23,2026-06-23 11:31:00,376.17,376.17,376.05,376.05,-0.03,162.92,57604.77,-1
2026-06-23,2026-06-23 11:32:00,376.05,376.05,375.93,375.93,-0.03,162.92,57604.77,-1
2026-06-23,2026-06-23 11:33:00,375.93,375.93,375.81,375.81,-0.03,162.92,57604.77,-1
2026-06-23,2026-06-23 11:34:00,375.81,375.81,375.69,375.69,-0.03,162.92,57604.77,-1
2026-06-23,2026-06-23 11:35:00,375.69,375.69,375.56,375.56,-0.03,162.92,57604.77,-1
2026-06-23,2026-06-23 11:36:00,375.56,375.56,375.44,375.44,-0.03,162.92,57604.77,-1
2026-06-23,2026-06-23 11:37:00,375.44,375.44,375.32,375.32,-0.03,162.92,57604.77,-1
2026-06-23,2026-06-23 11:38:00,375.32,375.32,375.2,375.2,-0.03,162.92,57604.77,-1
2026-06-23,2026-06-23 11:39:00,375.2,375.2,375.08,375.08,-0.03,162.92,57604.77,-1
2026-06-23,2026-06-23 11:40:00,375.08,375.08,374.96,374.96,-0.03,162.92,57604.77,-1
2026-06-23,2026-06-23 11:41:00,374.96,374.96,374.84,374.84,-0.03,162.92,57604.77,-1
2026-06-23,2026-06-23 11:42:00,374.84,374.84,374.72,374.72,-0.03,162.92,57604.77,-1
2026-06-23,2026-06-23 11:43:00,374.72,374.72,374.6,374.6,-0.03,162.92,57604.77,-1
2026-06-23,2026-06-23 11:44:00,374.6,374.6,374.48,374.48,-0.03,162.92,57604.77,-1
2026-06-23,2026-06-23 11:45:00,374.48,374.48,374.36,374.36,-0.03,162.92,57604.77,-1
2026-06-23,2026-06-23 11:46:00,374.36,374.36,374.24,374.24,-0.03,162.92,57604.77,-1
2026-06-23,2026-06-23 11:47:00,374.24,374.24,374.12,374.12,-0.03,162.92,57604.77,-1
2026-06-23,2026-06-23 11:48:00,374.12,374.12,374.0,374.0,-0.03,162.92,57604.77,-1
2026-06-23,2026-06-23 11:49:00,374.0,374.0,373.88,373.88,-0.03,162.92,57604.77,-1
2026-06-23,2026-06-23 11:50:00,373.88,373.88,373.76,373.76,-0.03,162.92,57604.77,-1
2026-06-23,2026-06-23 11:51:00,373.76,373.76,373.64,373.64,-0.03,162.92,57604.77,-1
2026-06-23,2026-06-23 11:52:00,373.64,373.64,373.52,373.52,-0.03,162.92,57604.77,-1
2026-06-23,2026-06-23 11:53:00,373.52,373.52,373.4,373.4,-0.03,162.92,57604.77,-1
2026-06-23,2026-06-23 11:54:00,373.4,373.4,373.28,373.28,-0.03,162.92,57604.77,-1
2026-06-23,2026-06-23 11:55:00,373.28,373.28,373.16,373.16,-0.03,162.92,57604.77,-1
2026-06-23,2026-06-23 11:56:00,373.16,373.16,373.04,373.04,-0.03,162.92,57604.77,-1
2026-06-23,2026-06-23 11:57:00,373.04,373.04,372.92,372.92,-0.03,162.92,57604.77,-1
2026-06-23,2026-06-23 11:58:00,372.92,372.92,372.8,372.8,-0.03,162.92,57604.77,-1
2026-06-23,2026-06-23 11:59:00,372.8,372.8,372.67,372.67,-0.03,162.92,57604.77,-1
2026-06-23,2026-06-23 12:00:00,372.67,372.67,372.55,372.55,-0.03,162.92,57604.77,-1
2026-06-23,2026-06-23 12:01:00,372.55,372.55,372.43,372.43,-0.03,162.92,57604.77,-1
2026-06-23,2026-06-23 12:02:00,372.43,372.43,372.31,372.31,-0.03,162.92,57604.77,-1
2026-06-23,2026-06-23 12:03:00,372.31,372.31,372.19,372.19,-0.03,162.92,57604.77,-1
2026-06-23,2026-06-23 12:04:00,372.19,372.19,372.07,372.07,-0.03,162.92,57604.77,-1
2026-06-23,2026-06-23 12:05:00,372.07,372.07,371.95,371.95,-0.03,162.92,57604.77,-1
2026-06-23,2026-06-23 12:06:00,371.95,371.95,371.83,371.83,-0.03,162.92,57604.77,-1
2026-06-23,2026-06-23 12:07:00,371.83,371.83,371.71,371.71,-0.03,162.92,57604.77,-1
2026-06-23,2026-06-23 12:08:00,371.71,371.71,371.59,371.59,-0.03,162.92,57604.77,-1
2026-06-23,2026-06-23 12:09:00,371.59,371.59,371.47,371.47,-0.03,162.92,57604.77,-1
2026-06-23,2026-06-23 12:10:00,371.47,371.47,371.35,371.35,-0.03,162.92,57604.77,-1
2026-06-23,2026-06-23 12:11:00,371.35,371.35,371.23,371.23,-0.03,162.92,57604.77,-1
2026-06-23,2026-06-23 12:12:00,371.23,371.23,371.11,371.11,-0.03,162.92,57604.77,-1
2026-06-23,2026-06-23 12:13:00,371.11,371.11,370.99,370.99,-0.03,162.92,57604.77,-1
2026-06-23,2026-06-23 12:14:00,370.99,370.99,370.87,370.87,-0.03,162.92,57604.77,-1
2026-06-23,2026-06-23 12:15:00,370.87,370.87,370.75,370.75,-0.03,162.92,57604.77,-1
2026-06-23,2026-06-23 12:16:00,370.75,370.75,370.63,370.63,-0.03,162.92,57604.77,-1
2026-06-23,2026-06-23 12:17:00,370.63,370.63,370.51,370.51,-0.03,162.92,57604.77,-1
2026-06-23,2026-06-23 12:18:00,370.51,370.51,370.39,370.39,-0.03,162.92,57604.77,-1
2026-06-23,2026-06-23 12:19:00,370.39,370.39,370.27,370.27,-0.03,162.92,57604.77,-1
2026-06-23,2026-06-23 12:20:00,370.27,370.27,370.15,370.15,-0.03,162.92,57604.77,-1
2026-06-23,2026-06-23 12:21:00,370.15,370.15,370.03,370.03,-0.03,162.92,57604.77,-1
2026-06-23,2026-06-23 12:22:00,370.03,370.03,369.91,369.91,-0.03,162.92,57604.77,-1
2026-06-23,2026-06-23 12:23:00,369.91,369.91,369.78,369.78,-0.04,162.92,57604.77,-1
2026-06-23,2026-06-23 12:24:00,369.78,369.78,369.66,369.66,-0.03,162.92,57604.77,-1
2026-06-23,2026-06-23 12:25:00,369.66,369.66,369.54,369.54,-0.03,162.92,57604.77,-1
2026-06-23,2026-06-23 12:26:00,369.54,369.54,369.42,369.42,-0.03,162.92,57604.77,-1
2026-06-23,2026-06-23 12:27:00,369.42,369.42,369.3,369.3,-0.03,162.92,57604.77,-1
2026-06-23,2026-06-23 12:28:00,369.3,369.3,369.18,369.18,-0.03,162.92,57604.77,-1
2026-06-23,2026-06-23 12:29:00,369.18,369.18,369.06,369.06,-0.03,162.92,57604.77,-1
2026-06-23,2026-06-23 12:30:00,369.06,369.06,368.94,368.94,-0.03,162.92,57604.77,-1
2026-06-23,2026-06-23 12:31:00,368.94,368.94,368.82,368.82,-0.03,162.92,57604.77,-1
2026-06-23,2026-06-23 12:32:00,368.82,368.82,368.7,368.7,-0.03,162.92,57604.77,-1
2026-06-23,2026-06-23 12:33:00,368.7,368.7,368.58,368.58,-0.03,162.92,57604.77,-1
2026-06-23,2026-06-23 12:34:00,368.58,368.58,368.46,368.46,-0.03,162.92,57604.77,-1
2026-06-23,2026-06-23 12:35:00,368.46,368.46,368.34,368.34,-0.03,162.92,57604.77,-1
2026-06-23,2026-06-23 12:36:00,368.34,368.34,368.22,368.22,-0.03,162.92,57604.77,-1
2026-06-23,2026-06-23 12:37:00,368.22,368.22,368.1,368.1,-0.03,162.92,57604.77,-1
2026-06-23,2026-06-23 12:38:00,368.1,368.1,367.98,367.98,-0.03,162.92,57604.77,-1
2026-06-23,2026-06-23 12:39:00,367.98,367.98,367.86,367.86,-0.03,162.92,57604.77,-1
2026-06-23,2026-06-23 12:40:00,367.86,367.86,367.74,367.74,-0.03,162.92,57604.77,-1
2026-06-23,2026-06-23 12:41:00,367.74,367.74,367.62,367.62,-0.03,162.92,57604.77,-1
2026-06-23,2026-06-23 12:42:00,367.62,367.62,367.5,367.5,-0.03,162.92,57604.77,-1
2026-06-23,2026-06-23 12:43:00,367.5,367.5,367.38,367.38,-0.03,162.92,57604.77,-1
2026-06-23,2026-06-23 12:44:00,367.38,367.38,367.26,367.26,-0.03,162.92,57604.77,-1
2026-06-23,2026-06-23 12:45:00,367.26,367.26,367.14,367.14,-0.03,162.92,57604.77,-1
2026-06-23,2026-06-23 12:46:00,367.14,367.14,367.02,367.02,-0.03,162.92,57604.77,-1
2026-06-23,2026-06-23 12:47:00,367.02,367.02,366.89,366.89,-0.04,162.92,57604.77,-1
2026-06-23,2026-06-23 12:48:00,366.89,366.89,366.77,366.77,-0.03,162.92,57604.77,-1
2026-06-23,2026-06-23 12:49:00,366.77,366.77,366.65,366.65,-0.03,162.92,57604.77,-1
2026-06-23,2026-06-23 12:50:00,366.65,366.65,366.53,366.53,-0.03,162.92,57604.77,-1
2026-06-23,2026-06-23 12:51:00,366.53,366.53,366.41,366.41,-0.03,162.92,57604.77,-1
2026-06-23,2026-06-23 12:52:00,366.41,366.41,366.29,366.29,-0.03,162.92,57604.77,-1
2026-06-23,2026-06-23 12:53:00,366.29,366.29,366.17,366.17,-0.03,162.92,57604.77,-1
2026-06-23,2026-06-23 12:54:00,366.17,366.17,366.05,366.05,-0.03,162.92,57604.77,-1
2026-06-23,2026-06-23 12:55:00,366.05,366.05,365.93,365.93,-0.03,162.92,57604.77,-1
2026-06-23,2026-06-23 12:56:00,365.93,365.93,365.81,365.81,-0.03,162.92,57604.77,-1
2026-06-23,2026-06-23 12:57:00,365.81,365.81,365.69,365.69,-0.03,162.92,57604.77,-1
2026-06-23,2026-06-23 12:58:00,365.69,365.69,365.57,365.57,-0.03,162.92,57604.77,-1
2026-06-23,2026-06-23 12:59:00,365.57,365.57,365.45,365.45,-0.03,162.92,57604.77,-1
2026-06-23,2026-06-23 13:00:00,365.45,379.9,350.0,365.33,-0.03,162.92,57604.77,-1
2026-06-23,2026-06-23 13:01:00,365.33,365.33,365.21,365.21,-0.03,162.92,57604.77,-1
2026-06-23,2026-06-23 13:02:00,365.21,365.21,365.09,365.09,-0.03,162.92,57604.77,-1
2026-06-23,2026-06-23 13:03:00,365.09,365.09,364.97,364.97,-0.03,162.92,57604.77,-1
2026-06-23,2026-06-23 13:04:00,364.97,364.97,364.85,364.85,-0.03,162.92,57604.77,-1
2026-06-23,2026-06-23 13:05:00,364.85,364.85,364.73,364.73,-0.03,162.92,57604.77,-1
2026-06-23,2026-06-23 13:06:00,364.73,364.73,364.61,364.61,-0.03,162.92,57604.77,-1
2026-06-23,2026-06-23 13:07:00,364.61,364.61,364.49,364.49,-0.03,162.92,57604.77,-1
2026-06-23,2026-06-23 13:08:00,364.49,364.49,364.37,364.37,-0.03,162.92,57604.77,-1
2026-06-23,2026-06-23 13:09:00,364.37,364.37,364.25,364.25,-0.03,162.92,57604.77,-1
2026-06-23,2026-06-23 13:10:00,364.25,364.25,364.13,364.13,-0.03,162.92,57604.77,-1
2026-06-23,2026-06-23 13:11:00,364.13,364.13,364.0,364.0,-0.04,162.92,57604.77,-1
2026-06-23,2026-06-23 13:12:00,364.0,364.0,363.88,363.88,-0.03,162.92,57604.77,-1
2026-06-23,2026-06-23 13:13:00,363.88,363.88,363.76,363.76,-0.03,162.92,57604.77,-1
2026-06-23,2026-06-23 13:14:00,363.76,363.76,363.64,363.64,-0.03,162.92,57604.77,-1
2026-06-23,2026-06-23 13:15:00,363.64,363.64,363.52,363.52,-0.03,162.92,57604.77,-1
2026-06-23,2026-06-23 13:16:00,363.52,363.52,363.4,363.4,-0.03,162.92,57604.77,-1
2026-06-23,2026-06-23 13:17:00,363.4,363.4,363.28,363.28,-0.03,162.92,57604.77,-1
2026-06-23,2026-06-23 13:18:00,363.28,363.28,363.16,363.16,-0.03,162.92,57604.77,-1
2026-06-23,2026-06-23 13:19:00,363.16,363.16,363.04,363.04,-0.03,162.92,57604.77,-1
2026-06-23,2026-06-23 13:20:00,363.04,363.04,362.92,362.92,-0.03,162.92,57604.77,-1
2026-06-23,2026-06-23 13:21:00,362.92,362.92,362.8,362.8,-0.03,162.92,57604.77,-1
2026-06-23,2026-06-23 13:22:00,362.8,362.8,362.68,362.68,-0.03,162.92,57604.77,-1
2026-06-23,2026-06-23 13:23:00,362.68,362.68,362.56,362.56,-0.03,162.92,57604.77,-1
2026-06-23,2026-06-23 13:24:00,362.56,362.56,362.44,362.44,-0.03,162.92,57604.77,-1
2026-06-23,2026-06-23 13:25:00,362.44,362.44,362.32,362.32,-0.03,162.92,57604.77,-1
2026-06-23,2026-06-23 13:26:00,362.32,362.32,362.2,362.2,-0.03,162.92,57604.77,-1
2026-06-23,2026-06-23 13:27:00,362.2,362.2,362.08,362.08,-0.03,162.92,57604.77,-1
2026-06-23,2026-06-23 13:28:00,362.08,362.08,361.96,361.96,-0.03,162.92,57604.77,-1
2026-06-23,2026-06-23 13:29:00,361.96,361.96,361.84,361.84,-0.03,162.92,57604.77,-1
2026-06-23,2026-06-23 13:30:00,361.84,361.84,361.72,361.72,-0.03,162.92,57604.77,-1
2026-06-23,2026-06-23 13:31:00,361.72,361.72,361.6,361.6,-0.03,162.92,57604.77,-1
2026-06-23,2026-06-23 13:32:00,361.6,361.6,361.48,361.48,-0.03,162.92,57604.77,-1
2026-06-23,2026-06-23 13:33:00,361.48,361.48,361.36,361.36,-0.03,162.92,57604.77,-1
2026-06-23,2026-06-23 13:34:00,361.36,361.36,361.24,361.24,-0.03,162.92,57604.77,-1
2026-06-23,2026-06-23 13:35:00,361.24,361.24,361.12,361.12,-0.03,162.92,57604.77,-1
2026-06-23,2026-06-23 13:36:00,361.12,361.12,360.99,360.99,-0.04,162.92,57604.77,-1
2026-06-23,2026-06-23 13:37:00,360.99,360.99,360.87,360.87,-0.03,162.92,57604.77,-1
2026-06-23,2026-06-23 13:38:00,360.87,360.87,360.75,360.75,-0.03,162.92,57604.77,-1
2026-06-23,2026-06-23 13:39:00,360.75,360.75,360.63,360.63,-0.03,162.92,57604.77,-1
2026-06-23,2026-06-23 13:40:00,360.63,360.63,360.51,360.51,-0.03,162.92,57604.77,-1
2026-06-23,2026-06-23 13:41:00,360.51,360.51,360.39,360.39,-0.03,162.92,57604.77,-1
2026-06-23,2026-06-23 13:42:00,360.39,360.39,360.27,360.27,-0.03,162.92,57604.77,-1
2026-06-23,2026-06-23 13:43:00,360.27,360.27,360.15,360.15,-0.03,162.92,57604.77,-1
2026-06-23,2026-06-23 13:44:00,360.15,360.15,360.03,360.03,-0.03,162.92,57604.77,-1
2026-06-23,2026-06-23 13:45:00,360.03,360.03,359.91,359.91,-0.03,162.92,57604.77,-1
2026-06-23,2026-06-23 13:46:00,359.91,359.91,359.79,359.79,-0.03,162.92,57604.77,-1
2026-06-23,2026-06-23 13:47:00,359.79,359.79,359.67,359.67,-0.03,162.92,57604.77,-1
2026-06-23,2026-06-23 13:48:00,359.67,359.67,359.55,359.55,-0.03,162.92,57604.77,-1
2026-06-23,2026-06-23 13:49:00,359.55,359.55,359.43,359.43,-0.03,162.92,57604.77,-1
2026-06-23,2026-06-23 13:50:00,359.43,359.43,359.31,359.31,-0.03,162.92,57604.77,-1
2026-06-23,2026-06-23 13:51:00,359.31,359.31,359.19,359.19,-0.03,162.92,57604.77,-1
2026-06-23,2026-06-23 13:52:00,359.19,359.19,359.07,359.07,-0.03,162.92,57604.77,-1
2026-06-23,2026-06-23 13:53:00,359.07,359.07,358.95,358.95,-0.03,162.92,57604.77,-1
2026-06-23,2026-06-23 13:54:00,358.95,358.95,358.83,358.83,-0.03,162.92,57604.77,-1
2026-06-23,2026-06-23 13:55:00,358.83,358.83,358.71,358.71,-0.03,162.92,57604.77,-1
2026-06-23,2026-06-23 13:56:00,358.71,358.71,358.59,358.59,-0.03,162.92,57604.77,-1
2026-06-23,2026-06-23 13:57:00,358.59,358.59,358.47,358.47,-0.03,162.92,57604.77,-1
2026-06-23,2026-06-23 13:58:00,358.47,358.47,358.35,358.35,-0.03,162.92,57604.77,-1
2026-06-23,2026-06-23 13:59:00,358.35,358.35,358.23,358.23,-0.03,162.92,57604.77,-1
2026-06-23,2026-06-23 14:00:00,358.23,358.23,358.1,358.1,-0.04,162.92,57604.77,-1
2026-06-23,2026-06-23 14:01:00,358.1,358.1,357.98,357.98,-0.03,162.92,57604.77,-1
2026-06-23,2026-06-23 14:02:00,357.98,357.98,357.86,357.86,-0.03,162.92,57604.77,-1
2026-06-23,2026-06-23 14:03:00,357.86,357.86,357.74,357.74,-0.03,162.92,57604.77,-1
2026-06-23,2026-06-23 14:04:00,357.74,357.74,357.62,357.62,-0.03,162.92,57604.77,-1
2026-06-23,2026-06-23 14:05:00,357.62,357.62,357.5,357.5,-0.03,162.92,57604.77,-1
2026-06-23,2026-06-23 14:06:00,357.5,357.5,357.38,357.38,-0.03,162.92,57604.77,-1
2026-06-23,2026-06-23 14:07:00,357.38,357.38,357.26,357.26,-0.03,162.92,57604.77,-1
2026-06-23,2026-06-23 14:08:00,357.26,357.26,357.14,357.14,-0.03,162.92,57604.77,-1
2026-06-23,2026-06-23 14:09:00,357.14,357.14,357.02,357.02,-0.03,162.92,57604.77,-1
2026-06-23,2026-06-23 14:10:00,357.02,357.02,356.9,356.9,-0.03,162.92,57604.77,-1
2026-06-23,2026-06-23 14:11:00,356.9,356.9,356.78,356.78,-0.03,162.92,57604.77,-1
2026-06-23,2026-06-23 14:12:00,356.78,356.78,356.66,356.66,-0.03,162.92,57604.77,-1
2026-06-23,2026-06-23 14:13:00,356.66,356.66,356.54,356.54,-0.03,162.92,57604.77,-1
2026-06-23,2026-06-23 14:14:00,356.54,356.54,356.42,356.42,-0.03,162.92,57604.77,-1
2026-06-23,2026-06-23 14:15:00,356.42,356.42,356.3,356.3,-0.03,162.92,57604.77,-1
2026-06-23,2026-06-23 14:16:00,356.3,356.3,356.18,356.18,-0.03,162.92,57604.77,-1
2026-06-23,2026-06-23 14:17:00,356.18,356.18,356.06,356.06,-0.03,162.92,57604.77,-1
2026-06-23,2026-06-23 14:18:00,356.06,356.06,355.94,355.94,-0.03,162.92,57604.77,-1
2026-06-23,2026-06-23 14:19:00,355.94,355.94,355.82,355.82,-0.03,162.92,57604.77,-1
2026-06-23,2026-06-23 14:20:00,355.82,355.82,355.7,355.7,-0.03,162.92,57604.77,-1
2026-06-23,2026-06-23 14:21:00,355.7,355.7,355.58,355.58,-0.03,162.92,57604.77,-1
2026-06-23,2026-06-23 14:22:00,355.58,355.58,355.46,355.46,-0.03,162.92,57604.77,-1
2026-06-23,2026-06-23 14:23:00,355.46,355.46,355.33,355.33,-0.04,162.92,57604.77,-1
2026-06-23,2026-06-23 14:24:00,355.33,355.33,355.21,355.21,-0.03,162.92,57604.77,-1
2026-06-23,2026-06-23 14:25:00,355.21,355.21,355.09,355.09,-0.03,162.92,57604.77,-1
2026-06-23,2026-06-23 14:26:00,355.09,355.09,354.97,354.97,-0.03,162.92,57604.77,-1
2026-06-23,2026-06-23 14:27:00,354.97,354.97,354.85,354.85,-0.03,162.92,57604.77,-1
2026-06-23,2026-06-23 14:28:00,354.85,354.85,354.73,354.73,-0.03,162.92,57604.77,-1
2026-06-23,2026-06-23 14:29:00,354.73,354.73,354.61,354.61,-0.03,162.92,57604.77,-1
2026-06-23,2026-06-23 14:30:00,354.61,354.61,354.49,354.49,-0.03,162.92,57604.77,-1
2026-06-23,2026-06-23 14:31:00,354.49,354.49,354.37,354.37,-0.03,162.92,57604.77,-1
2026-06-23,2026-06-23 14:32:00,354.37,354.37,354.25,354.25,-0.03,162.92,57604.77,-1
2026-06-23,2026-06-23 14:33:00,354.25,354.25,354.13,354.13,-0.03,162.92,57604.77,-1
2026-06-23,2026-06-23 14:34:00,354.13,354.13,354.01,354.01,-0.03,162.92,57604.77,-1
2026-06-23,2026-06-23 14:35:00,354.01,354.01,353.89,353.89,-0.03,162.92,57604.77,-1
2026-06-23,2026-06-23 14:36:00,353.89,353.89,353.77,353.77,-0.03,162.92,57604.77,-1
2026-06-23,2026-06-23 14:37:00,353.77,353.77,353.65,353.65,-0.03,162.92,57604.77,-1
2026-06-23,2026-06-23 14:38:00,353.65,353.65,353.53,353.53,-0.03,162.92,57604.77,-1
2026-06-23,2026-06-23 14:39:00,353.53,353.53,353.41,353.41,-0.03,162.92,57604.77,-1
2026-06-23,2026-06-23 14:40:00,353.41,353.41,353.29,353.29,-0.03,162.92,57604.77,-1
2026-06-23,2026-06-23 14:41:00,353.29,353.29,353.17,353.17,-0.03,162.92,57604.77,-1
2026-06-23,2026-06-23 14:42:00,353.17,353.17,353.05,353.05,-0.03,162.92,57604.77,-1
2026-06-23,2026-06-23 14:43:00,353.05,353.05,352.93,352.93,-0.03,162.92,57604.77,-1
2026-06-23,2026-06-23 14:44:00,352.93,352.93,352.81,352.81,-0.03,162.92,57604.77,-1
2026-06-23,2026-06-23 14:45:00,352.81,352.81,352.69,352.69,-0.03,162.92,57604.77,-1
2026-06-23,2026-06-23 14:46:00,352.69,352.69,352.57,352.57,-0.03,162.92,57604.77,-1
2026-06-23,2026-06-23 14:47:00,352.57,352.57,352.44,352.44,-0.04,162.92,57604.77,-1
2026-06-23,2026-06-23 14:48:00,352.44,352.44,352.32,352.32,-0.03,162.92,57604.77,-1
2026-06-23,2026-06-23 14:49:00,352.32,352.32,352.2,352.2,-0.03,162.92,57604.77,-1
2026-06-23,2026-06-23 14:50:00,352.2,352.2,352.08,352.08,-0.03,162.92,57604.77,-1
2026-06-23,2026-06-23 14:51:00,352.08,352.08,351.96,351.96,-0.03,162.92,57604.77,-1
2026-06-23,2026-06-23 14:52:00,351.96,351.96,351.84,351.84,-0.03,162.92,57604.77,-1
2026-06-23,2026-06-23 14:53:00,351.84,351.84,351.72,351.72,-0.03,162.92,57604.77,-1
2026-06-23,2026-06-23 14:54:00,351.72,351.72,351.6,351.6,-0.03,162.92,57604.77,-1
2026-06-23,2026-06-23 14:55:00,351.6,351.6,351.48,351.48,-0.03,162.92,57604.77,-1
2026-06-23,2026-06-23 14:56:00,351.48,351.48,351.36,351.36,-0.03,162.92,57604.77,-1
2026-06-23,2026-06-23 14:57:00,351.36,351.36,351.24,351.24,-0.03,162.92,57604.77,-1
2026-06-23,2026-06-23 14:58:00,351.24,351.24,351.12,351.12,-0.03,162.92,57604.77,-1
2026-06-23,2026-06-23 14:59:00,351.12,351.12,351.0,351.0,-0.03,162.92,57604.77,-1
2026-06-23,2026-06-23 15:00:00,351.0,379.9,350.0,351.0,0.0,162.92,57604.77,0
2026-06-24,2026-06-24 11:00:00,359.0,359.0,353.9,358.95,-0.01,124.8,43317.58,-1
2026-06-24,2026-06-24 11:01:00,358.95,358.95,358.89,358.89,-0.02,124.8,43317.58,-1
2026-06-24,2026-06-24 11:02:00,358.89,358.89,358.84,358.84,-0.01,124.8,43317.58,-1
2026-06-24,2026-06-24 11:03:00,358.84,358.84,358.78,358.78,-0.02,124.8,43317.58,-1
2026-06-24,2026-06-24 11:04:00,358.78,358.78,358.73,358.73,-0.01,124.8,43317.58,-1
2026-06-24,2026-06-24 11:05:00,358.73,358.73,358.68,358.68,-0.01,124.8,43317.58,-1
2026-06-24,2026-06-24 11:06:00,358.68,358.68,358.62,358.62,-0.02,124.8,43317.58,-1
2026-06-24,2026-06-24 11:07:00,358.62,358.62,358.57,358.57,-0.01,124.8,43317.58,-1
2026-06-24,2026-06-24 11:08:00,358.57,358.57,358.51,358.51,-0.02,124.8,43317.58,-1
2026-06-24,2026-06-24 11:09:00,358.51,358.51,358.46,358.46,-0.01,124.8,43317.58,-1
2026-06-24,2026-06-24 11:10:00,358.46,358.46,358.4,358.4,-0.02,124.8,43317.58,-1
2026-06-24,2026-06-24 11:11:00,358.4,358.4,358.35,358.35,-0.01,124.8,43317.58,-1
2026-06-24,2026-06-24 11:12:00,358.35,358.35,358.3,358.3,-0.01,124.8,43317.58,-1
2026-06-24,2026-06-24 11:13:00,358.3,358.3,358.24,358.24,-0.02,124.8,43317.58,-1
2026-06-24,2026-06-24 11:14:00,358.24,358.24,358.19,358.19,-0.01,124.8,43317.58,-1
2026-06-24,2026-06-24 11:15:00,358.19,358.19,358.13,358.13,-0.02,124.8,43317.58,-1
2026-06-24,2026-06-24 11:16:00,358.13,358.13,358.08,358.08,-0.01,124.8,43317.58,-1
2026-06-24,2026-06-24 11:17:00,358.08,358.08,358.02,358.02,-0.02,124.8,43317.58,-1
2026-06-24,2026-06-24 11:18:00,358.02,358.02,357.97,357.97,-0.01,124.8,43317.58,-1
2026-06-24,2026-06-24 11:19:00,357.97,357.97,357.92,357.92,-0.01,124.8,43317.58,-1
2026-06-24,2026-06-24 11:20:00,357.92,357.92,357.86,357.86,-0.02,124.8,43317.58,-1
2026-06-24,2026-06-24 11:21:00,357.86,357.86,357.81,357.81,-0.01,124.8,43317.58,-1
2026-06-24,2026-06-24 11:22:00,357.81,357.81,357.75,357.75,-0.02,124.8,43317.58,-1
2026-06-24,2026-06-24 11:23:00,357.75,357.75,357.7,357.7,-0.01,124.8,43317.58,-1
2026-06-24,2026-06-24 11:24:00,357.7,357.7,357.65,357.65,-0.01,124.8,43317.58,-1
2026-06-24,2026-06-24 11:25:00,357.65,357.65,357.59,357.59,-0.02,124.8,43317.58,-1
2026-06-24,2026-06-24 11:26:00,357.59,357.59,357.54,357.54,-0.01,124.8,43317.58,-1
2026-06-24,2026-06-24 11:27:00,357.54,357.54,357.48,357.48,-0.02,124.8,43317.58,-1
2026-06-24,2026-06-24 11:28:00,357.48,357.48,357.43,357.43,-0.01,124.8,43317.58,-1
2026-06-24,2026-06-24 11:29:00,357.43,357.43,357.38,357.38,-0.01,124.8,43317.58,-1
2026-06-24,2026-06-24 11:30:00,357.38,357.38,357.32,357.32,-0.02,124.8,43317.58,-1
2026-06-24,2026-06-24 11:31:00,357.32,357.32,357.27,357.27,-0.01,124.8,43317.58,-1
2026-06-24,2026-06-24 11:32:00,357.27,357.27,357.21,357.21,-0.02,124.8,43317.58,-1
2026-06-24,2026-06-24 11:33:00,357.21,357.21,357.16,357.16,-0.01,124.8,43317.58,-1
2026-06-24,2026-06-24 11:34:00,357.16,357.16,357.1,357.1,-0.02,124.8,43317.58,-1
2026-06-24,2026-06-24 11:35:00,357.1,357.1,357.05,357.05,-0.01,124.8,43317.58,-1
2026-06-24,2026-06-24 11:36:00,357.05,357.05,357.0,357.0,-0.01,124.8,43317.58,-1
2026-06-24,2026-06-24 11:37:00,357.0,357.0,356.94,356.94,-0.02,124.8,43317.58,-1
2026-06-24,2026-06-24 11:38:00,356.94,356.94,356.89,356.89,-0.01,124.8,43317.58,-1
2026-06-24,2026-06-24 11:39:00,356.89,356.89,356.83,356.83,-0.02,124.8,43317.58,-1
2026-06-24,2026-06-24 11:40:00,356.83,356.83,356.78,356.78,-0.01,124.8,43317.58,-1
2026-06-24,2026-06-24 11:41:00,356.78,356.78,356.73,356.73,-0.01,124.8,43317.58,-1
2026-06-24,2026-06-24 11:42:00,356.73,356.73,356.67,356.67,-0.02,124.8,43317.58,-1
2026-06-24,2026-06-24 11:43:00,356.67,356.67,356.62,356.62,-0.01,124.8,43317.58,-1
2026-06-24,2026-06-24 11:44:00,356.62,356.62,356.56,356.56,-0.02,124.8,43317.58,-1
2026-06-24,2026-06-24 11:45:00,356.56,356.56,356.51,356.51,-0.01,124.8,43317.58,-1
2026-06-24,2026-06-24 11:46:00,356.51,356.51,356.45,356.45,-0.02,124.8,43317.58,-1
2026-06-24,2026-06-24 11:47:00,356.45,356.45,356.4,356.4,-0.01,124.8,43317.58,-1
2026-06-24,2026-06-24 11:48:00,356.4,356.4,356.35,356.35,-0.01,124.8,43317.58,-1
2026-06-24,2026-06-24 11:49:00,356.35,356.35,356.29,356.29,-0.02,124.8,43317.58,-1
2026-06-24,2026-06-24 11:50:00,356.29,356.29,356.24,356.24,-0.01,124.8,43317.58,-1
2026-06-24,2026-06-24 11:51:00,356.24,356.24,356.18,356.18,-0.02,124.8,43317.58,-1
2026-06-24,2026-06-24 11:52:00,356.18,356.18,356.13,356.13,-0.01,124.8,43317.58,-1
2026-06-24,2026-06-24 11:53:00,356.13,356.13,356.07,356.07,-0.02,124.8,43317.58,-1
2026-06-24,2026-06-24 11:54:00,356.07,356.07,356.02,356.02,-0.01,124.8,43317.58,-1
2026-06-24,2026-06-24 11:55:00,356.02,356.02,355.97,355.97,-0.01,124.8,43317.58,-1
2026-06-24,2026-06-24 11:56:00,355.97,355.97,355.91,355.91,-0.02,124.8,43317.58,-1
2026-06-24,2026-06-24 11:57:00,355.91,355.91,355.86,355.86,-0.01,124.8,43317.58,-1
2026-06-24,2026-06-24 11:58:00,355.86,355.86,355.8,355.8,-0.02,124.8,43317.58,-1
2026-06-24,2026-06-24 11:59:00,355.8,355.8,355.75,355.75,-0.01,124.8,43317.58,-1
2026-06-24,2026-06-24 12:00:00,355.75,355.75,355.7,355.7,-0.01,124.8,43317.58,-1
2026-06-24,2026-06-24 12:01:00,355.7,355.7,355.64,355.64,-0.02,124.8,43317.58,-1
2026-06-24,2026-06-24 12:02:00,355.64,355.64,355.59,355.59,-0.01,124.8,43317.58,-1
2026-06-24,2026-06-24 12:03:00,355.59,355.59,355.53,355.53,-0.02,124.8,43317.58,-1
2026-06-24,2026-06-24 12:04:00,355.53,355.53,355.48,355.48,-0.01,124.8,43317.58,-1
2026-06-24,2026-06-24 12:05:00,355.48,355.48,355.43,355.43,-0.01,124.8,43317.58,-1
2026-06-24,2026-06-24 12:06:00,355.43,355.43,355.37,355.37,-0.02,124.8,43317.58,-1
2026-06-24,2026-06-24 12:07:00,355.37,355.37,355.32,355.32,-0.01,124.8,43317.58,-1
2026-06-24,2026-06-24 12:08:00,355.32,355.32,355.26,355.26,-0.02,124.8,43317.58,-1
2026-06-24,2026-06-24 12:09:00,355.26,355.26,355.21,355.21,-0.01,124.8,43317.58,-1
2026-06-24,2026-06-24 12:10:00,355.21,355.21,355.15,355.15,-0.02,124.8,43317.58,-1
2026-06-24,2026-06-24 12:11:00,355.15,355.15,355.1,355.1,-0.01,124.8,43317.58,-1
2026-06-24,2026-06-24 12:12:00,355.1,355.1,355.05,355.05,-0.01,124.8,43317.58,-1
2026-06-24,2026-06-24 12:13:00,355.05,355.05,354.99,354.99,-0.02,124.8,43317.58,-1
2026-06-24,2026-06-24 12:14:00,354.99,354.99,354.94,354.94,-0.01,124.8,43317.58,-1
2026-06-24,2026-06-24 12:15:00,354.94,354.94,354.88,354.88,-0.02,124.8,43317.58,-1
2026-06-24,2026-06-24 12:16:00,354.88,354.88,354.83,354.83,-0.01,124.8,43317.58,-1
2026-06-24,2026-06-24 12:17:00,354.83,354.83,354.77,354.77,-0.02,124.8,43317.58,-1
2026-06-24,2026-06-24 12:18:00,354.77,354.77,354.72,354.72,-0.01,124.8,43317.58,-1
2026-06-24,2026-06-24 12:19:00,354.72,354.72,354.67,354.67,-0.01,124.8,43317.58,-1
2026-06-24,2026-06-24 12:20:00,354.67,354.67,354.61,354.61,-0.02,124.8,43317.58,-1
2026-06-24,2026-06-24 12:21:00,354.61,354.61,354.56,354.56,-0.01,124.8,43317.58,-1
2026-06-24,2026-06-24 12:22:00,354.56,354.56,354.5,354.5,-0.02,124.8,43317.58,-1
2026-06-24,2026-06-24 12:23:00,354.5,354.5,354.45,354.45,-0.01,124.8,43317.58,-1
2026-06-24,2026-06-24 12:24:00,354.45,354.45,354.4,354.4,-0.01,124.8,43317.58,-1
2026-06-24,2026-06-24 12:25:00,354.4,354.4,354.34,354.34,-0.02,124.8,43317.58,-1
2026-06-24,2026-06-24 12:26:00,354.34,354.34,354.29,354.29,-0.01,124.8,43317.58,-1
2026-06-24,2026-06-24 12:27:00,354.29,354.29,354.23,354.23,-0.02,124.8,43317.58,-1
2026-06-24,2026-06-24 12:28:00,354.23,354.23,354.18,354.18,-0.01,124.8,43317.58,-1
2026-06-24,2026-06-24 12:29:00,354.18,354.18,354.12,354.12,-0.02,124.8,43317.58,-1
2026-06-24,2026-06-24 12:30:00,354.12,354.12,354.07,354.07,-0.01,124.8,43317.58,-1
2026-06-24,2026-06-24 12:31:00,354.07,354.07,354.02,354.02,-0.01,124.8,43317.58,-1
2026-06-24,2026-06-24 12:32:00,354.02,354.02,353.96,353.96,-0.02,124.8,43317.58,-1
2026-06-24,2026-06-24 12:33:00,353.96,353.96,353.91,353.91,-0.01,124.8,43317.58,-1
2026-06-24,2026-06-24 12:34:00,353.91,353.91,353.85,353.85,-0.02,124.8,43317.58,-1
2026-06-24,2026-06-24 12:35:00,353.85,353.85,353.8,353.8,-0.01,124.8,43317.58,-1
2026-06-24,2026-06-24 12:36:00,353.8,353.8,353.75,353.75,-0.01,124.8,43317.58,-1
2026-06-24,2026-06-24 12:37:00,353.75,353.75,353.69,353.69,-0.02,124.8,43317.58,-1
2026-06-24,2026-06-24 12:38:00,353.69,353.69,353.64,353.64,-0.01,124.8,43317.58,-1
2026-06-24,2026-06-24 12:39:00,353.64,353.64,353.58,353.58,-0.02,124.8,43317.58,-1
2026-06-24,2026-06-24 12:40:00,353.58,353.58,353.53,353.53,-0.01,124.8,43317.58,-1
2026-06-24,2026-06-24 12:41:00,353.53,353.53,353.48,353.48,-0.01,124.8,43317.58,-1
2026-06-24,2026-06-24 12:42:00,353.48,353.48,353.42,353.42,-0.02,124.8,43317.58,-1
2026-06-24,2026-06-24 12:43:00,353.42,353.42,353.37,353.37,-0.01,124.8,43317.58,-1
2026-06-24,2026-06-24 12:44:00,353.37,353.37,353.31,353.31,-0.02,124.8,43317.58,-1
2026-06-24,2026-06-24 12:45:00,353.31,353.31,353.26,353.26,-0.01,124.8,43317.58,-1
2026-06-24,2026-06-24 12:46:00,353.26,353.26,353.2,353.2,-0.02,124.8,43317.58,-1
2026-06-24,2026-06-24 12:47:00,353.2,353.2,353.15,353.15,-0.01,124.8,43317.58,-1
2026-06-24,2026-06-24 12:48:00,353.15,353.15,353.1,353.1,-0.01,124.8,43317.58,-1
2026-06-24,2026-06-24 12:49:00,353.1,353.1,353.04,353.04,-0.02,124.8,43317.58,-1
2026-06-24,2026-06-24 12:50:00,353.04,353.04,352.99,352.99,-0.01,124.8,43317.58,-1
2026-06-24,2026-06-24 12:51:00,352.99,352.99,352.93,352.93,-0.02,124.8,43317.58,-1
2026-06-24,2026-06-24 12:52:00,352.93,352.93,352.88,352.88,-0.01,124.8,43317.58,-1
2026-06-24,2026-06-24 12:53:00,352.88,352.88,352.82,352.82,-0.02,124.8,43317.58,-1
2026-06-24,2026-06-24 12:54:00,352.82,352.82,352.77,352.77,-0.01,124.8,43317.58,-1
2026-06-24,2026-06-24 12:55:00,352.77,352.77,352.72,352.72,-0.01,124.8,43317.58,-1
2026-06-24,2026-06-24 12:56:00,352.72,352.72,352.66,352.66,-0.02,124.8,43317.58,-1
2026-06-24,2026-06-24 12:57:00,352.66,352.66,352.61,352.61,-0.01,124.8,43317.58,-1
2026-06-24,2026-06-24 12:58:00,352.61,352.61,352.55,352.55,-0.02,124.8,43317.58,-1
2026-06-24,2026-06-24 12:59:00,352.55,352.55,352.5,352.5,-0.01,124.8,43317.58,-1
2026-06-24,2026-06-24 13:00:00,352.5,359.0,342.0,352.45,-0.01,124.8,43317.58,-1
2026-06-24,2026-06-24 13:01:00,352.45,352.45,352.39,352.39,-0.02,124.8,43317.58,-1
2026-06-24,2026-06-24 13:02:00,352.39,352.39,352.34,352.34,-0.01,124.8,43317.58,-1
2026-06-24,2026-06-24 13:03:00,352.34,352.34,352.28,352.28,-0.02,124.8,43317.58,-1
2026-06-24,2026-06-24 13:04:00,352.28,352.28,352.23,352.23,-0.01,124.8,43317.58,-1
2026-06-24,2026-06-24 13:05:00,352.23,352.23,352.18,352.18,-0.01,124.8,43317.58,-1
2026-06-24,2026-06-24 13:06:00,352.18,352.18,352.12,352.12,-0.02,124.8,43317.58,-1
2026-06-24,2026-06-24 13:07:00,352.12,352.12,352.07,352.07,-0.01,124.8,43317.58,-1
2026-06-24,2026-06-24 13:08:00,352.07,352.07,352.01,352.01,-0.02,124.8,43317.58,-1
2026-06-24,2026-06-24 13:09:00,352.01,352.01,351.96,351.96,-0.01,124.8,43317.58,-1
2026-06-24,2026-06-24 13:10:00,351.96,351.96,351.9,351.9,-0.02,124.8,43317.58,-1
2026-06-24,2026-06-24 13:11:00,351.9,351.9,351.85,351.85,-0.01,124.8,43317.58,-1
2026-06-24,2026-06-24 13:12:00,351.85,351.85,351.8,351.8,-0.01,124.8,43317.58,-1
2026-06-24,2026-06-24 13:13:00,351.8,351.8,351.74,351.74,-0.02,124.8,43317.58,-1
2026-06-24,2026-06-24 13:14:00,351.74,351.74,351.69,351.69,-0.01,124.8,43317.58,-1
2026-06-24,2026-06-24 13:15:00,351.69,351.69,351.63,351.63,-0.02,124.8,43317.58,-1
2026-06-24,2026-06-24 13:16:00,351.63,351.63,351.58,351.58,-0.01,124.8,43317.58,-1
2026-06-24,2026-06-24 13:17:00,351.58,351.58,351.52,351.52,-0.02,124.8,43317.58,-1
2026-06-24,2026-06-24 13:18:00,351.52,351.52,351.47,351.47,-0.01,124.8,43317.58,-1
2026-06-24,2026-06-24 13:19:00,351.47,351.47,351.42,351.42,-0.01,124.8,43317.58,-1
2026-06-24,2026-06-24 13:20:00,351.42,351.42,351.36,351.36,-0.02,124.8,43317.58,-1
2026-06-24,2026-06-24 13:21:00,351.36,351.36,351.31,351.31,-0.01,124.8,43317.58,-1
2026-06-24,2026-06-24 13:22:00,351.31,351.31,351.25,351.25,-0.02,124.8,43317.58,-1
2026-06-24,2026-06-24 13:23:00,351.25,351.25,351.2,351.2,-0.01,124.8,43317.58,-1
2026-06-24,2026-06-24 13:24:00,351.2,351.2,351.15,351.15,-0.01,124.8,43317.58,-1
2026-06-24,2026-06-24 13:25:00,351.15,351.15,351.09,351.09,-0.02,124.8,43317.58,-1
2026-06-24,2026-06-24 13:26:00,351.09,351.09,351.04,351.04,-0.01,124.8,43317.58,-1
2026-06-24,2026-06-24 13:27:00,351.04,351.04,350.98,350.98,-0.02,124.8,43317.58,-1
2026-06-24,2026-06-24 13:28:00,350.98,350.98,350.93,350.93,-0.01,124.8,43317.58,-1
2026-06-24,2026-06-24 13:29:00,350.93,350.93,350.88,350.88,-0.01,124.8,43317.58,-1
2026-06-24,2026-06-24 13:30:00,350.88,350.88,350.82,350.82,-0.02,124.8,43317.58,-1
2026-06-24,2026-06-24 13:31:00,350.82,350.82,350.77,350.77,-0.01,124.8,43317.58,-1
2026-06-24,2026-06-24 13:32:00,350.77,350.77,350.71,350.71,-0.02,124.8,43317.58,-1
2026-06-24,2026-06-24 13:33:00,350.71,350.71,350.66,350.66,-0.01,124.8,43317.58,-1
2026-06-24,2026-06-24 13:34:00,350.66,350.66,350.6,350.6,-0.02,124.8,43317.58,-1
2026-06-24,2026-06-24 13:35:00,350.6,350.6,350.55,350.55,-0.01,124.8,43317.58,-1
2026-06-24,2026-06-24 13:36:00,350.55,350.55,350.5,350.5,-0.01,124.8,43317.58,-1
2026-06-24,2026-06-24 13:37:00,350.5,350.5,350.44,350.44,-0.02,124.8,43317.58,-1
2026-06-24,2026-06-24 13:38:00,350.44,350.44,350.39,350.39,-0.01,124.8,43317.58,-1
2026-06-24,2026-06-24 13:39:00,350.39,350.39,350.33,350.33,-0.02,124.8,43317.58,-1
2026-06-24,2026-06-24 13:40:00,350.33,350.33,350.28,350.28,-0.01,124.8,43317.58,-1
2026-06-24,2026-06-24 13:41:00,350.28,350.28,350.23,350.23,-0.01,124.8,43317.58,-1
2026-06-24,2026-06-24 13:42:00,350.23,350.23,350.17,350.17,-0.02,124.8,43317.58,-1
2026-06-24,2026-06-24 13:43:00,350.17,350.17,350.12,350.12,-0.01,124.8,43317.58,-1
2026-06-24,2026-06-24 13:44:00,350.12,350.12,350.06,350.06,-0.02,124.8,43317.58,-1
2026-06-24,2026-06-24 13:45:00,350.06,350.06,350.01,350.01,-0.01,124.8,43317.58,-1
2026-06-24,2026-06-24 13:46:00,350.01,350.01,349.95,349.95,-0.02,124.8,43317.58,-1
2026-06-24,2026-06-24 13:47:00,349.95,349.95,349.9,349.9,-0.01,124.8,43317.58,-1
2026-06-24,2026-06-24 13:48:00,349.9,349.9,349.85,349.85,-0.01,124.8,43317.58,-1
2026-06-24,2026-06-24 13:49:00,349.85,349.85,349.79,349.79,-0.02,124.8,43317.58,-1
2026-06-24,2026-06-24 13:50:00,349.79,349.79,349.74,349.74,-0.01,124.8,43317.58,-1
2026-06-24,2026-06-24 13:51:00,349.74,349.74,349.68,349.68,-0.02,124.8,43317.58,-1
2026-06-24,2026-06-24 13:52:00,349.68,349.68,349.63,349.63,-0.01,124.8,43317.58,-1
2026-06-24,2026-06-24 13:53:00,349.63,349.63,349.57,349.57,-0.02,124.8,43317.58,-1
2026-06-24,2026-06-24 13:54:00,349.57,349.57,349.52,349.52,-0.01,124.8,43317.58,-1
2026-06-24,2026-06-24 13:55:00,349.52,349.52,349.47,349.47,-0.01,124.8,43317.58,-1
2026-06-24,2026-06-24 13:56:00,349.47,349.47,349.41,349.41,-0.02,124.8,43317.58,-1
2026-06-24,2026-06-24 13:57:00,349.41,349.41,349.36,349.36,-0.01,124.8,43317.58,-1
2026-06-24,2026-06-24 13:58:00,349.36,349.36,349.3,349.3,-0.02,124.8,43317.58,-1
2026-06-24,2026-06-24 13:59:00,349.3,349.3,349.25,349.25,-0.01,124.8,43317.58,-1
2026-06-24,2026-06-24 14:00:00,349.25,349.25,349.2,349.2,-0.01,124.8,43317.58,-1
2026-06-24,2026-06-24 14:01:00,349.2,349.2,349.14,349.14,-0.02,124.8,43317.58,-1
2026-06-24,2026-06-24 14:02:00,349.14,349.14,349.09,349.09,-0.01,124.8,43317.58,-1
2026-06-24,2026-06-24 14:03:00,349.09,349.09,349.03,349.03,-0.02,124.8,43317.58,-1
2026-06-24,2026-06-24 14:04:00,349.03,349.03,348.98,348.98,-0.01,124.8,43317.58,-1
2026-06-24,2026-06-24 14:05:00,348.98,348.98,348.93,348.93,-0.01,124.8,43317.58,-1
2026-06-24,2026-06-24 14:06:00,348.93,348.93,348.87,348.87,-0.02,124.8,43317.58,-1
2026-06-24,2026-06-24 14:07:00,348.87,348.87,348.82,348.82,-0.01,124.8,43317.58,-1
2026-06-24,2026-06-24 14:08:00,348.82,348.82,348.76,348.76,-0.02,124.8,43317.58,-1
2026-06-24,2026-06-24 14:09:00,348.76,348.76,348.71,348.71,-0.01,124.8,43317.58,-1
2026-06-24,2026-06-24 14:10:00,348.71,348.71,348.65,348.65,-0.02,124.8,43317.58,-1
2026-06-24,2026-06-24 14:11:00,348.65,348.65,348.6,348.6,-0.01,124.8,43317.58,-1
2026-06-24,2026-06-24 14:12:00,348.6,348.6,348.55,348.55,-0.01,124.8,43317.58,-1
2026-06-24,2026-06-24 14:13:00,348.55,348.55,348.49,348.49,-0.02,124.8,43317.58,-1
2026-06-24,2026-06-24 14:14:00,348.49,348.49,348.44,348.44,-0.01,124.8,43317.58,-1
2026-06-24,2026-06-24 14:15:00,348.44,348.44,348.38,348.38,-0.02,124.8,43317.58,-1
2026-06-24,2026-06-24 14:16:00,348.38,348.38,348.33,348.33,-0.01,124.8,43317.58,-1
2026-06-24,2026-06-24 14:17:00,348.33,348.33,348.27,348.27,-0.02,124.8,43317.58,-1
2026-06-24,2026-06-24 14:18:00,348.27,348.27,348.22,348.22,-0.01,124.8,43317.58,-1
2026-06-24,2026-06-24 14:19:00,348.22,348.22,348.17,348.17,-0.01,124.8,43317.58,-1
2026-06-24,2026-06-24 14:20:00,348.17,348.17,348.11,348.11,-0.02,124.8,43317.58,-1
2026-06-24,2026-06-24 14:21:00,348.11,348.11,348.06,348.06,-0.01,124.8,43317.58,-1
2026-06-24,2026-06-24 14:22:00,348.06,348.06,348.0,348.0,-0.02,124.8,43317.58,-1
2026-06-24,2026-06-24 14:23:00,348.0,348.0,347.95,347.95,-0.01,124.8,43317.58,-1
2026-06-24,2026-06-24 14:24:00,347.95,347.95,347.9,347.9,-0.01,124.8,43317.58,-1
2026-06-24,2026-06-24 14:25:00,347.9,347.9,347.84,347.84,-0.02,124.8,43317.58,-1
2026-06-24,2026-06-24 14:26:00,347.84,347.84,347.79,347.79,-0.01,124.8,43317.58,-1
2026-06-24,2026-06-24 14:27:00,347.79,347.79,347.73,347.73,-0.02,124.8,43317.58,-1
2026-06-24,2026-06-24 14:28:00,347.73,347.73,347.68,347.68,-0.01,124.8,43317.58,-1
2026-06-24,2026-06-24 14:29:00,347.68,347.68,347.62,347.62,-0.02,124.8,43317.58,-1
2026-06-24,2026-06-24 14:30:00,347.62,347.62,347.57,347.57,-0.01,124.8,43317.58,-1
2026-06-24,2026-06-24 14:31:00,347.57,347.57,347.52,347.52,-0.01,124.8,43317.58,-1
2026-06-24,2026-06-24 14:32:00,347.52,347.52,347.46,347.46,-0.02,124.8,43317.58,-1
2026-06-24,2026-06-24 14:33:00,347.46,347.46,347.41,347.41,-0.01,124.8,43317.58,-1
2026-06-24,2026-06-24 14:34:00,347.41,347.41,347.35,347.35,-0.02,124.8,43317.58,-1
2026-06-24,2026-06-24 14:35:00,347.35,347.35,347.3,347.3,-0.01,124.8,43317.58,-1
2026-06-24,2026-06-24 14:36:00,347.3,347.3,347.25,347.25,-0.01,124.8,43317.58,-1
2026-06-24,2026-06-24 14:37:00,347.25,347.25,347.19,347.19,-0.02,124.8,43317.58,-1
2026-06-24,2026-06-24 14:38:00,347.19,347.19,347.14,347.14,-0.01,124.8,43317.58,-1
2026-06-24,2026-06-24 14:39:00,347.14,347.14,347.08,347.08,-0.02,124.8,43317.58,-1
2026-06-24,2026-06-24 14:40:00,347.08,347.08,347.03,347.03,-0.01,124.8,43317.58,-1
2026-06-24,2026-06-24 14:41:00,347.03,347.03,346.98,346.98,-0.01,124.8,43317.58,-1
2026-06-24,2026-06-24 14:42:00,346.98,346.98,346.92,346.92,-0.02,124.8,43317.58,-1
2026-06-24,2026-06-24 14:43:00,346.92,346.92,346.87,346.87,-0.01,124.8,43317.58,-1
2026-06-24,2026-06-24 14:44:00,346.87,346.87,346.81,346.81,-0.02,124.8,43317.58,-1
2026-06-24,2026-06-24 14:45:00,346.81,346.81,346.76,346.76,-0.01,124.8,43317.58,-1
2026-06-24,2026-06-24 14:46:00,346.76,346.76,346.7,346.7,-0.02,124.8,43317.58,-1
2026-06-24,2026-06-24 14:47:00,346.7,346.7,346.65,346.65,-0.01,124.8,43317.58,-1
2026-06-24,2026-06-24 14:48:00,346.65,346.65,346.6,346.6,-0.01,124.8,43317.58,-1
2026-06-24,2026-06-24 14:49:00,346.6,346.6,346.54,346.54,-0.02,124.8,43317.58,-1
2026-06-24,2026-06-24 14:50:00,346.54,346.54,346.49,346.49,-0.01,124.8,43317.58,-1
2026-06-24,2026-06-24 14:51:00,346.49,346.49,346.43,346.43,-0.02,124.8,43317.58,-1
2026-06-24,2026-06-24 14:52:00,346.43,346.43,346.38,346.38,-0.01,124.8,43317.58,-1
2026-06-24,2026-06-24 14:53:00,346.38,346.38,346.32,346.32,-0.02,124.8,43317.58,-1
2026-06-24,2026-06-24 14:54:00,346.32,346.32,346.27,346.27,-0.01,124.8,43317.58,-1
2026-06-24,2026-06-24 14:55:00,346.27,346.27,346.22,346.22,-0.01,124.8,43317.58,-1
2026-06-24,2026-06-24 14:56:00,346.22,346.22,346.16,346.16,-0.02,124.8,43317.58,-1
2026-06-24,2026-06-24 14:57:00,346.16,346.16,346.11,346.11,-0.01,124.8,43317.58,-1
2026-06-24,2026-06-24 14:58:00,346.11,346.11,346.05,346.05,-0.02,124.8,43317.58,-1
2026-06-24,2026-06-24 14:59:00,346.05,346.05,346.0,346.0,-0.01,124.8,43317.58,-1
2026-06-24,2026-06-24 15:00:00,346.0,359.0,342.0,346.0,0.0,124.8,43317.58,0
2026-06-25,2026-06-25 11:00:00,363.3,363.3,356.31,363.23,-0.02,55.02,19034.03,-1
2026-06-25,2026-06-25 11:01:00,363.23,363.23,363.16,363.16,-0.02,55.02,19034.03,-1
2026-06-25,2026-06-25 11:02:00,363.16,363.16,363.1,363.1,-0.02,55.02,19034.03,-1
2026-06-25,2026-06-25 11:03:00,363.1,363.1,363.03,363.03,-0.02,55.02,19034.03,-1
2026-06-25,2026-06-25 11:04:00,363.03,363.03,362.96,362.96,-0.02,55.02,19034.03,-1
2026-06-25,2026-06-25 11:05:00,362.96,362.96,362.89,362.89,-0.02,55.02,19034.03,-1
2026-06-25,2026-06-25 11:06:00,362.89,362.89,362.82,362.82,-0.02,55.02,19034.03,-1
2026-06-25,2026-06-25 11:07:00,362.82,362.82,362.75,362.75,-0.02,55.02,19034.03,-1
2026-06-25,2026-06-25 11:08:00,362.75,362.75,362.69,362.69,-0.02,55.02,19034.03,-1
2026-06-25,2026-06-25 11:09:00,362.69,362.69,362.62,362.62,-0.02,55.02,19034.03,-1
2026-06-25,2026-06-25 11:10:00,362.62,362.62,362.55,362.55,-0.02,55.02,19034.03,-1
2026-06-25,2026-06-25 11:11:00,362.55,362.55,362.48,362.48,-0.02,55.02,19034.03,-1
2026-06-25,2026-06-25 11:12:00,362.48,362.48,362.41,362.41,-0.02,55.02,19034.03,-1
2026-06-25,2026-06-25 11:13:00,362.41,362.41,362.34,362.34,-0.02,55.02,19034.03,-1
2026-06-25,2026-06-25 11:14:00,362.34,362.34,362.28,362.28,-0.02,55.02,19034.03,-1
2026-06-25,2026-06-25 11:15:00,362.28,362.28,362.21,362.21,-0.02,55.02,19034.03,-1
2026-06-25,2026-06-25 11:16:00,362.21,362.21,362.14,362.14,-0.02,55.02,19034.03,-1
2026-06-25,2026-06-25 11:17:00,362.14,362.14,362.07,362.07,-0.02,55.02,19034.03,-1
2026-06-25,2026-06-25 11:18:00,362.07,362.07,362.0,362.0,-0.02,55.02,19034.03,-1
2026-06-25,2026-06-25 11:19:00,362.0,362.0,361.93,361.93,-0.02,55.02,19034.03,-1
2026-06-25,2026-06-25 11:20:00,361.93,361.93,361.87,361.87,-0.02,55.02,19034.03,-1
2026-06-25,2026-06-25 11:21:00,361.87,361.87,361.8,361.8,-0.02,55.02,19034.03,-1
2026-06-25,2026-06-25 11:22:00,361.8,361.8,361.73,361.73,-0.02,55.02,19034.03,-1
2026-06-25,2026-06-25 11:23:00,361.73,361.73,361.66,361.66,-0.02,55.02,19034.03,-1
2026-06-25,2026-06-25 11:24:00,361.66,361.66,361.59,361.59,-0.02,55.02,19034.03,-1
2026-06-25,2026-06-25 11:25:00,361.59,361.59,361.52,361.52,-0.02,55.02,19034.03,-1
2026-06-25,2026-06-25 11:26:00,361.52,361.52,361.45,361.45,-0.02,55.02,19034.03,-1
2026-06-25,2026-06-25 11:27:00,361.45,361.45,361.39,361.39,-0.02,55.02,19034.03,-1
2026-06-25,2026-06-25 11:28:00,361.39,361.39,361.32,361.32,-0.02,55.02,19034.03,-1
2026-06-25,2026-06-25 11:29:00,361.32,361.32,361.25,361.25,-0.02,55.02,19034.03,-1
2026-06-25,2026-06-25 11:30:00,361.25,361.25,361.18,361.18,-0.02,55.02,19034.03,-1
2026-06-25,2026-06-25 11:31:00,361.18,361.18,361.11,361.11,-0.02,55.02,19034.03,-1
2026-06-25,2026-06-25 11:32:00,361.11,361.11,361.05,361.05,-0.02,55.02,19034.03,-1
2026-06-25,2026-06-25 11:33:00,361.05,361.05,360.98,360.98,-0.02,55.02,19034.03,-1
2026-06-25,2026-06-25 11:34:00,360.98,360.98,360.91,360.91,-0.02,55.02,19034.03,-1
2026-06-25,2026-06-25 11:35:00,360.91,360.91,360.84,360.84,-0.02,55.02,19034.03,-1
2026-06-25,2026-06-25 11:36:00,360.84,360.84,360.77,360.77,-0.02,55.02,19034.03,-1
2026-06-25,2026-06-25 11:37:00,360.77,360.77,360.7,360.7,-0.02,55.02,19034.03,-1
2026-06-25,2026-06-25 11:38:00,360.7,360.7,360.63,360.63,-0.02,55.02,19034.03,-1
2026-06-25,2026-06-25 11:39:00,360.63,360.63,360.57,360.57,-0.02,55.02,19034.03,-1
2026-06-25,2026-06-25 11:40:00,360.57,360.57,360.5,360.5,-0.02,55.02,19034.03,-1
2026-06-25,2026-06-25 11:41:00,360.5,360.5,360.43,360.43,-0.02,55.02,19034.03,-1
2026-06-25,2026-06-25 11:42:00,360.43,360.43,360.36,360.36,-0.02,55.02,19034.03,-1
2026-06-25,2026-06-25 11:43:00,360.36,360.36,360.29,360.29,-0.02,55.02,19034.03,-1
2026-06-25,2026-06-25 11:44:00,360.29,360.29,360.23,360.23,-0.02,55.02,19034.03,-1
2026-06-25,2026-06-25 11:45:00,360.23,360.23,360.16,360.16,-0.02,55.02,19034.03,-1
2026-06-25,2026-06-25 11:46:00,360.16,360.16,360.09,360.09,-0.02,55.02,19034.03,-1
2026-06-25,2026-06-25 11:47:00,360.09,360.09,360.02,360.02,-0.02,55.02,19034.03,-1
2026-06-25,2026-06-25 11:48:00,360.02,360.02,359.95,359.95,-0.02,55.02,19034.03,-1
2026-06-25,2026-06-25 11:49:00,359.95,359.95,359.88,359.88,-0.02,55.02,19034.03,-1
2026-06-25,2026-06-25 11:50:00,359.88,359.88,359.81,359.81,-0.02,55.02,19034.03,-1
2026-06-25,2026-06-25 11:51:00,359.81,359.81,359.75,359.75,-0.02,55.02,19034.03,-1
2026-06-25,2026-06-25 11:52:00,359.75,359.75,359.68,359.68,-0.02,55.02,19034.03,-1
2026-06-25,2026-06-25 11:53:00,359.68,359.68,359.61,359.61,-0.02,55.02,19034.03,-1
2026-06-25,2026-06-25 11:54:00,359.61,359.61,359.54,359.54,-0.02,55.02,19034.03,-1
2026-06-25,2026-06-25 11:55:00,359.54,359.54,359.47,359.47,-0.02,55.02,19034.03,-1
2026-06-25,2026-06-25 11:56:00,359.47,359.47,359.41,359.41,-0.02,55.02,19034.03,-1
2026-06-25,2026-06-25 11:57:00,359.41,359.41,359.34,359.34,-0.02,55.02,19034.03,-1
2026-06-25,2026-06-25 11:58:00,359.34,359.34,359.27,359.27,-0.02,55.02,19034.03,-1
2026-06-25,2026-06-25 11:59:00,359.27,359.27,359.2,359.2,-0.02,55.02,19034.03,-1
2026-06-25,2026-06-25 12:00:00,359.2,359.2,359.13,359.13,-0.02,55.02,19034.03,-1
2026-06-25,2026-06-25 12:01:00,359.13,359.13,359.06,359.06,-0.02,55.02,19034.03,-1
2026-06-25,2026-06-25 12:02:00,359.06,359.06,359.0,359.0,-0.02,55.02,19034.03,-1
2026-06-25,2026-06-25 12:03:00,359.0,359.0,358.93,358.93,-0.02,55.02,19034.03,-1
2026-06-25,2026-06-25 12:04:00,358.93,358.93,358.86,358.86,-0.02,55.02,19034.03,-1
2026-06-25,2026-06-25 12:05:00,358.86,358.86,358.79,358.79,-0.02,55.02,19034.03,-1
2026-06-25,2026-06-25 12:06:00,358.79,358.79,358.72,358.72,-0.02,55.02,19034.03,-1
2026-06-25,2026-06-25 12:07:00,358.72,358.72,358.65,358.65,-0.02,55.02,19034.03,-1
2026-06-25,2026-06-25 12:08:00,358.65,358.65,358.58,358.58,-0.02,55.02,19034.03,-1
2026-06-25,2026-06-25 12:09:00,358.58,358.58,358.52,358.52,-0.02,55.02,19034.03,-1
2026-06-25,2026-06-25 12:10:00,358.52,358.52,358.45,358.45,-0.02,55.02,19034.03,-1
2026-06-25,2026-06-25 12:11:00,358.45,358.45,358.38,358.38,-0.02,55.02,19034.03,-1
2026-06-25,2026-06-25 12:12:00,358.38,358.38,358.31,358.31,-0.02,55.02,19034.03,-1
2026-06-25,2026-06-25 12:13:00,358.31,358.31,358.24,358.24,-0.02,55.02,19034.03,-1
2026-06-25,2026-06-25 12:14:00,358.24,358.24,358.18,358.18,-0.02,55.02,19034.03,-1
2026-06-25,2026-06-25 12:15:00,358.18,358.18,358.11,358.11,-0.02,55.02,19034.03,-1
2026-06-25,2026-06-25 12:16:00,358.11,358.11,358.04,358.04,-0.02,55.02,19034.03,-1
2026-06-25,2026-06-25 12:17:00,358.04,358.04,357.97,357.97,-0.02,55.02,19034.03,-1
2026-06-25,2026-06-25 12:18:00,357.97,357.97,357.9,357.9,-0.02,55.02,19034.03,-1
2026-06-25,2026-06-25 12:19:00,357.9,357.9,357.83,357.83,-0.02,55.02,19034.03,-1
2026-06-25,2026-06-25 12:20:00,357.83,357.83,357.76,357.76,-0.02,55.02,19034.03,-1
2026-06-25,2026-06-25 12:21:00,357.76,357.76,357.7,357.7,-0.02,55.02,19034.03,-1
2026-06-25,2026-06-25 12:22:00,357.7,357.7,357.63,357.63,-0.02,55.02,19034.03,-1
2026-06-25,2026-06-25 12:23:00,357.63,357.63,357.56,357.56,-0.02,55.02,19034.03,-1
2026-06-25,2026-06-25 12:24:00,357.56,357.56,357.49,357.49,-0.02,55.02,19034.03,-1
2026-06-25,2026-06-25 12:25:00,357.49,357.49,357.42,357.42,-0.02,55.02,19034.03,-1
2026-06-25,2026-06-25 12:26:00,357.42,357.42,357.36,357.36,-0.02,55.02,19034.03,-1
2026-06-25,2026-06-25 12:27:00,357.36,357.36,357.29,357.29,-0.02,55.02,19034.03,-1
2026-06-25,2026-06-25 12:28:00,357.29,357.29,357.22,357.22,-0.02,55.02,19034.03,-1
2026-06-25,2026-06-25 12:29:00,357.22,357.22,357.15,357.15,-0.02,55.02,19034.03,-1
2026-06-25,2026-06-25 12:30:00,357.15,357.15,357.08,357.08,-0.02,55.02,19034.03,-1
2026-06-25,2026-06-25 12:31:00,357.08,357.08,357.01,357.01,-0.02,55.02,19034.03,-1
2026-06-25,2026-06-25 12:32:00,357.01,357.01,356.94,356.94,-0.02,55.02,19034.03,-1
2026-06-25,2026-06-25 12:33:00,356.94,356.94,356.88,356.88,-0.02,55.02,19034.03,-1
2026-06-25,2026-06-25 12:34:00,356.88,356.88,356.81,356.81,-0.02,55.02,19034.03,-1
2026-06-25,2026-06-25 12:35:00,356.81,356.81,356.74,356.74,-0.02,55.02,19034.03,-1
2026-06-25,2026-06-25 12:36:00,356.74,356.74,356.67,356.67,-0.02,55.02,19034.03,-1
2026-06-25,2026-06-25 12:37:00,356.67,356.67,356.6,356.6,-0.02,55.02,19034.03,-1
2026-06-25,2026-06-25 12:38:00,356.6,356.6,356.54,356.54,-0.02,55.02,19034.03,-1
2026-06-25,2026-06-25 12:39:00,356.54,356.54,356.47,356.47,-0.02,55.02,19034.03,-1
2026-06-25,2026-06-25 12:40:00,356.47,356.47,356.4,356.4,-0.02,55.02,19034.03,-1
2026-06-25,2026-06-25 12:41:00,356.4,356.4,356.33,356.33,-0.02,55.02,19034.03,-1
2026-06-25,2026-06-25 12:42:00,356.33,356.33,356.26,356.26,-0.02,55.02,19034.03,-1
2026-06-25,2026-06-25 12:43:00,356.26,356.26,356.19,356.19,-0.02,55.02,19034.03,-1
2026-06-25,2026-06-25 12:44:00,356.19,356.19,356.12,356.12,-0.02,55.02,19034.03,-1
2026-06-25,2026-06-25 12:45:00,356.12,356.12,356.06,356.06,-0.02,55.02,19034.03,-1
2026-06-25,2026-06-25 12:46:00,356.06,356.06,355.99,355.99,-0.02,55.02,19034.03,-1
2026-06-25,2026-06-25 12:47:00,355.99,355.99,355.92,355.92,-0.02,55.02,19034.03,-1
2026-06-25,2026-06-25 12:48:00,355.92,355.92,355.85,355.85,-0.02,55.02,19034.03,-1
2026-06-25,2026-06-25 12:49:00,355.85,355.85,355.78,355.78,-0.02,55.02,19034.03,-1
2026-06-25,2026-06-25 12:50:00,355.78,355.78,355.71,355.71,-0.02,55.02,19034.03,-1
2026-06-25,2026-06-25 12:51:00,355.71,355.71,355.65,355.65,-0.02,55.02,19034.03,-1
2026-06-25,2026-06-25 12:52:00,355.65,355.65,355.58,355.58,-0.02,55.02,19034.03,-1
2026-06-25,2026-06-25 12:53:00,355.58,355.58,355.51,355.51,-0.02,55.02,19034.03,-1
2026-06-25,2026-06-25 12:54:00,355.51,355.51,355.44,355.44,-0.02,55.02,19034.03,-1
2026-06-25,2026-06-25 12:55:00,355.44,355.44,355.37,355.37,-0.02,55.02,19034.03,-1
2026-06-25,2026-06-25 12:56:00,355.37,355.37,355.31,355.31,-0.02,55.02,19034.03,-1
2026-06-25,2026-06-25 12:57:00,355.31,355.31,355.24,355.24,-0.02,55.02,19034.03,-1
2026-06-25,2026-06-25 12:58:00,355.24,355.24,355.17,355.17,-0.02,55.02,19034.03,-1
2026-06-25,2026-06-25 12:59:00,355.17,355.17,355.1,355.1,-0.02,55.02,19034.03,-1
2026-06-25,2026-06-25 13:00:00,355.1,363.3,340.0,355.03,-0.02,55.02,19034.03,-1
2026-06-25,2026-06-25 13:01:00,355.03,355.03,354.96,354.96,-0.02,55.02,19034.03,-1
2026-06-25,2026-06-25 13:02:00,354.96,354.96,354.89,354.89,-0.02,55.02,19034.03,-1
2026-06-25,2026-06-25 13:03:00,354.89,354.89,354.83,354.83,-0.02,55.02,19034.03,-1
2026-06-25,2026-06-25 13:04:00,354.83,354.83,354.76,354.76,-0.02,55.02,19034.03,-1
2026-06-25,2026-06-25 13:05:00,354.76,354.76,354.69,354.69,-0.02,55.02,19034.03,-1
2026-06-25,2026-06-25 13:06:00,354.69,354.69,354.62,354.62,-0.02,55.02,19034.03,-1
2026-06-25,2026-06-25 13:07:00,354.62,354.62,354.55,354.55,-0.02,55.02,19034.03,-1
2026-06-25,2026-06-25 13:08:00,354.55,354.55,354.49,354.49,-0.02,55.02,19034.03,-1
2026-06-25,2026-06-25 13:09:00,354.49,354.49,354.42,354.42,-0.02,55.02,19034.03,-1
2026-06-25,2026-06-25 13:10:00,354.42,354.42,354.35,354.35,-0.02,55.02,19034.03,-1
2026-06-25,2026-06-25 13:11:00,354.35,354.35,354.28,354.28,-0.02,55.02,19034.03,-1
2026-06-25,2026-06-25 13:12:00,354.28,354.28,354.21,354.21,-0.02,55.02,19034.03,-1
2026-06-25,2026-06-25 13:13:00,354.21,354.21,354.14,354.14,-0.02,55.02,19034.03,-1
2026-06-25,2026-06-25 13:14:00,354.14,354.14,354.07,354.07,-0.02,55.02,19034.03,-1
2026-06-25,2026-06-25 13:15:00,354.07,354.07,354.01,354.01,-0.02,55.02,19034.03,-1
2026-06-25,2026-06-25 13:16:00,354.01,354.01,353.94,353.94,-0.02,55.02,19034.03,-1
2026-06-25,2026-06-25 13:17:00,353.94,353.94,353.87,353.87,-0.02,55.02,19034.03,-1
2026-06-25,2026-06-25 13:18:00,353.87,353.87,353.8,353.8,-0.02,55.02,19034.03,-1
2026-06-25,2026-06-25 13:19:00,353.8,353.8,353.73,353.73,-0.02,55.02,19034.03,-1
2026-06-25,2026-06-25 13:20:00,353.73,353.73,353.66,353.66,-0.02,55.02,19034.03,-1
2026-06-25,2026-06-25 13:21:00,353.66,353.66,353.6,353.6,-0.02,55.02,19034.03,-1
2026-06-25,2026-06-25 13:22:00,353.6,353.6,353.53,353.53,-0.02,55.02,19034.03,-1
2026-06-25,2026-06-25 13:23:00,353.53,353.53,353.46,353.46,-0.02,55.02,19034.03,-1
2026-06-25,2026-06-25 13:24:00,353.46,353.46,353.39,353.39,-0.02,55.02,19034.03,-1
2026-06-25,2026-06-25 13:25:00,353.39,353.39,353.32,353.32,-0.02,55.02,19034.03,-1
2026-06-25,2026-06-25 13:26:00,353.32,353.32,353.25,353.25,-0.02,55.02,19034.03,-1
2026-06-25,2026-06-25 13:27:00,353.25,353.25,353.19,353.19,-0.02,55.02,19034.03,-1
2026-06-25,2026-06-25 13:28:00,353.19,353.19,353.12,353.12,-0.02,55.02,19034.03,-1
2026-06-25,2026-06-25 13:29:00,353.12,353.12,353.05,353.05,-0.02,55.02,19034.03,-1
2026-06-25,2026-06-25 13:30:00,353.05,353.05,352.98,352.98,-0.02,55.02,19034.03,-1
2026-06-25,2026-06-25 13:31:00,352.98,352.98,352.91,352.91,-0.02,55.02,19034.03,-1
2026-06-25,2026-06-25 13:32:00,352.91,352.91,352.84,352.84,-0.02,55.02,19034.03,-1
2026-06-25,2026-06-25 13:33:00,352.84,352.84,352.78,352.78,-0.02,55.02,19034.03,-1
2026-06-25,2026-06-25 13:34:00,352.78,352.78,352.71,352.71,-0.02,55.02,19034.03,-1
2026-06-25,2026-06-25 13:35:00,352.71,352.71,352.64,352.64,-0.02,55.02,19034.03,-1
2026-06-25,2026-06-25 13:36:00,352.64,352.64,352.57,352.57,-0.02,55.02,19034.03,-1
2026-06-25,2026-06-25 13:37:00,352.57,352.57,352.5,352.5,-0.02,55.02,19034.03,-1
2026-06-25,2026-06-25 13:38:00,352.5,352.5,352.44,352.44,-0.02,55.02,19034.03,-1
2026-06-25,2026-06-25 13:39:00,352.44,352.44,352.37,352.37,-0.02,55.02,19034.03,-1
2026-06-25,2026-06-25 13:40:00,352.37,352.37,352.3,352.3,-0.02,55.02,19034.03,-1
2026-06-25,2026-06-25 13:41:00,352.3,352.3,352.23,352.23,-0.02,55.02,19034.03,-1
2026-06-25,2026-06-25 13:42:00,352.23,352.23,352.16,352.16,-0.02,55.02,19034.03,-1
2026-06-25,2026-06-25 13:43:00,352.16,352.16,352.09,352.09,-0.02,55.02,19034.03,-1
2026-06-25,2026-06-25 13:44:00,352.09,352.09,352.02,352.02,-0.02,55.02,19034.03,-1
2026-06-25,2026-06-25 13:45:00,352.02,352.02,351.96,351.96,-0.02,55.02,19034.03,-1
2026-06-25,2026-06-25 13:46:00,351.96,351.96,351.89,351.89,-0.02,55.02,19034.03,-1
2026-06-25,2026-06-25 13:47:00,351.89,351.89,351.82,351.82,-0.02,55.02,19034.03,-1
2026-06-25,2026-06-25 13:48:00,351.82,351.82,351.75,351.75,-0.02,55.02,19034.03,-1
2026-06-25,2026-06-25 13:49:00,351.75,351.75,351.68,351.68,-0.02,55.02,19034.03,-1
2026-06-25,2026-06-25 13:50:00,351.68,351.68,351.62,351.62,-0.02,55.02,19034.03,-1
2026-06-25,2026-06-25 13:51:00,351.62,351.62,351.55,351.55,-0.02,55.02,19034.03,-1
2026-06-25,2026-06-25 13:52:00,351.55,351.55,351.48,351.48,-0.02,55.02,19034.03,-1
2026-06-25,2026-06-25 13:53:00,351.48,351.48,351.41,351.41,-0.02,55.02,19034.03,-1
2026-06-25,2026-06-25 13:54:00,351.41,351.41,351.34,351.34,-0.02,55.02,19034.03,-1
2026-06-25,2026-06-25 13:55:00,351.34,351.34,351.27,351.27,-0.02,55.02,19034.03,-1
2026-06-25,2026-06-25 13:56:00,351.27,351.27,351.2,351.2,-0.02,55.02,19034.03,-1
2026-06-25,2026-06-25 13:57:00,351.2,351.2,351.14,351.14,-0.02,55.02,19034.03,-1
2026-06-25,2026-06-25 13:58:00,351.14,351.14,351.07,351.07,-0.02,55.02,19034.03,-1
2026-06-25,2026-06-25 13:59:00,351.07,351.07,351.0,351.0,-0.02,55.02,19034.03,-1
2026-06-25,2026-06-25 14:00:00,351.0,351.0,350.93,350.93,-0.02,55.02,19034.03,-1
2026-06-25,2026-06-25 14:01:00,350.93,350.93,350.86,350.86,-0.02,55.02,19034.03,-1
2026-06-25,2026-06-25 14:02:00,350.86,350.86,350.79,350.79,-0.02,55.02,19034.03,-1
2026-06-25,2026-06-25 14:03:00,350.79,350.79,350.73,350.73,-0.02,55.02,19034.03,-1
2026-06-25,2026-06-25 14:04:00,350.73,350.73,350.66,350.66,-0.02,55.02,19034.03,-1
2026-06-25,2026-06-25 14:05:00,350.66,350.66,350.59,350.59,-0.02,55.02,19034.03,-1
2026-06-25,2026-06-25 14:06:00,350.59,350.59,350.52,350.52,-0.02,55.02,19034.03,-1
2026-06-25,2026-06-25 14:07:00,350.52,350.52,350.45,350.45,-0.02,55.02,19034.03,-1
2026-06-25,2026-06-25 14:08:00,350.45,350.45,350.38,350.38,-0.02,55.02,19034.03,-1
2026-06-25,2026-06-25 14:09:00,350.38,350.38,350.32,350.32,-0.02,55.02,19034.03,-1
2026-06-25,2026-06-25 14:10:00,350.32,350.32,350.25,350.25,-0.02,55.02,19034.03,-1
2026-06-25,2026-06-25 14:11:00,350.25,350.25,350.18,350.18,-0.02,55.02,19034.03,-1
2026-06-25,2026-06-25 14:12:00,350.18,350.18,350.11,350.11,-0.02,55.02,19034.03,-1
2026-06-25,2026-06-25 14:13:00,350.11,350.11,350.04,350.04,-0.02,55.02,19034.03,-1
2026-06-25,2026-06-25 14:14:00,350.04,350.04,349.97,349.97,-0.02,55.02,19034.03,-1
2026-06-25,2026-06-25 14:15:00,349.97,349.97,349.91,349.91,-0.02,55.02,19034.03,-1
2026-06-25,2026-06-25 14:16:00,349.91,349.91,349.84,349.84,-0.02,55.02,19034.03,-1
2026-06-25,2026-06-25 14:17:00,349.84,349.84,349.77,349.77,-0.02,55.02,19034.03,-1
2026-06-25,2026-06-25 14:18:00,349.77,349.77,349.7,349.7,-0.02,55.02,19034.03,-1
2026-06-25,2026-06-25 14:19:00,349.7,349.7,349.63,349.63,-0.02,55.02,19034.03,-1
2026-06-25,2026-06-25 14:20:00,349.63,349.63,349.56,349.56,-0.02,55.02,19034.03,-1
2026-06-25,2026-06-25 14:21:00,349.56,349.56,349.5,349.5,-0.02,55.02,19034.03,-1
2026-06-25,2026-06-25 14:22:00,349.5,349.5,349.43,349.43,-0.02,55.02,19034.03,-1
2026-06-25,2026-06-25 14:23:00,349.43,349.43,349.36,349.36,-0.02,55.02,19034.03,-1
2026-06-25,2026-06-25 14:24:00,349.36,349.36,349.29,349.29,-0.02,55.02,19034.03,-1
2026-06-25,2026-06-25 14:25:00,349.29,349.29,349.22,349.22,-0.02,55.02,19034.03,-1
2026-06-25,2026-06-25 14:26:00,349.22,349.22,349.15,349.15,-0.02,55.02,19034.03,-1
2026-06-25,2026-06-25 14:27:00,349.15,349.15,349.09,349.09,-0.02,55.02,19034.03,-1
2026-06-25,2026-06-25 14:28:00,349.09,349.09,349.02,349.02,-0.02,55.02,19034.03,-1
2026-06-25,2026-06-25 14:29:00,349.02,349.02,348.95,348.95,-0.02,55.02,19034.03,-1
2026-06-25,2026-06-25 14:30:00,348.95,348.95,348.88,348.88,-0.02,55.02,19034.03,-1
2026-06-25,2026-06-25 14:31:00,348.88,348.88,348.81,348.81,-0.02,55.02,19034.03,-1
2026-06-25,2026-06-25 14:32:00,348.81,348.81,348.75,348.75,-0.02,55.02,19034.03,-1
2026-06-25,2026-06-25 14:33:00,348.75,348.75,348.68,348.68,-0.02,55.02,19034.03,-1
2026-06-25,2026-06-25 14:34:00,348.68,348.68,348.61,348.61,-0.02,55.02,19034.03,-1
2026-06-25,2026-06-25 14:35:00,348.61,348.61,348.54,348.54,-0.02,55.02,19034.03,-1
2026-06-25,2026-06-25 14:36:00,348.54,348.54,348.47,348.47,-0.02,55.02,19034.03,-1
2026-06-25,2026-06-25 14:37:00,348.47,348.47,348.4,348.4,-0.02,55.02,19034.03,-1
2026-06-25,2026-06-25 14:38:00,348.4,348.4,348.33,348.33,-0.02,55.02,19034.03,-1
2026-06-25,2026-06-25 14:39:00,348.33,348.33,348.27,348.27,-0.02,55.02,19034.03,-1
2026-06-25,2026-06-25 14:40:00,348.27,348.27,348.2,348.2,-0.02,55.02,19034.03,-1
2026-06-25,2026-06-25 14:41:00,348.2,348.2,348.13,348.13,-0.02,55.02,19034.03,-1
2026-06-25,2026-06-25 14:42:00,348.13,348.13,348.06,348.06,-0.02,55.02,19034.03,-1
2026-06-25,2026-06-25 14:43:00,348.06,348.06,347.99,347.99,-0.02,55.02,19034.03,-1
2026-06-25,2026-06-25 14:44:00,347.99,347.99,347.92,347.92,-0.02,55.02,19034.03,-1
2026-06-25,2026-06-25 14:45:00,347.92,347.92,347.86,347.86,-0.02,55.02,19034.03,-1
2026-06-25,2026-06-25 14:46:00,347.86,347.86,347.79,347.79,-0.02,55.02,19034.03,-1
2026-06-25,2026-06-25 14:47:00,347.79,347.79,347.72,347.72,-0.02,55.02,19034.03,-1
2026-06-25,2026-06-25 14:48:00,347.72,347.72,347.65,347.65,-0.02,55.02,19034.03,-1
2026-06-25,2026-06-25 14:49:00,347.65,347.65,347.58,347.58,-0.02,55.02,19034.03,-1
2026-06-25,2026-06-25 14:50:00,347.58,347.58,347.51,347.51,-0.02,55.02,19034.03,-1
2026-06-25,2026-06-25 14:51:00,347.51,347.51,347.45,347.45,-0.02,55.02,19034.03,-1
2026-06-25,2026-06-25 14:52:00,347.45,347.45,347.38,347.38,-0.02,55.02,19034.03,-1
2026-06-25,2026-06-25 14:53:00,347.38,347.38,347.31,347.31,-0.02,55.02,19034.03,-1
2026-06-25,2026-06-25 14:54:00,347.31,347.31,347.24,347.24,-0.02,55.02,19034.03,-1
2026-06-25,2026-06-25 14:55:00,347.24,347.24,347.17,347.17,-0.02,55.02,19034.03,-1
2026-06-25,2026-06-25 14:56:00,347.17,347.17,347.1,347.1,-0.02,55.02,19034.03,-1
2026-06-25,2026-06-25 14:57:00,347.1,347.1,347.04,347.04,-0.02,55.02,19034.03,-1
2026-06-25,2026-06-25 14:58:00,347.04,347.04,346.97,346.97,-0.02,55.02,19034.03,-1
2026-06-25,2026-06-25 14:59:00,346.97,346.97,346.9,346.9,-0.02,55.02,19034.03,-1
2026-06-25,2026-06-25 15:00:00,346.9,363.3,340.0,346.9,0.0,55.02,19034.03,0
2026-06-26,2026-06-26 11:00:00,354.0,354.0,349.8,353.95,-0.01,87.18,30086.3,-1
2026-06-26,2026-06-26 11:01:00,353.95,353.95,353.9,353.9,-0.01,87.18,30086.3,-1
2026-06-26,2026-06-26 11:02:00,353.9,353.9,353.86,353.86,-0.01,87.18,30086.3,-1
2026-06-26,2026-06-26 11:03:00,353.86,353.86,353.81,353.81,-0.01,87.18,30086.3,-1
2026-06-26,2026-06-26 11:04:00,353.81,353.81,353.76,353.76,-0.01,87.18,30086.3,-1
2026-06-26,2026-06-26 11:05:00,353.76,353.76,353.71,353.71,-0.01,87.18,30086.3,-1
2026-06-26,2026-06-26 11:06:00,353.71,353.71,353.66,353.66,-0.01,87.18,30086.3,-1
2026-06-26,2026-06-26 11:07:00,353.66,353.66,353.62,353.62,-0.01,87.18,30086.3,-1
2026-06-26,2026-06-26 11:08:00,353.62,353.62,353.57,353.57,-0.01,87.18,30086.3,-1
2026-06-26,2026-06-26 11:09:00,353.57,353.57,353.52,353.52,-0.01,87.18,30086.3,-1
2026-06-26,2026-06-26 11:10:00,353.52,353.52,353.47,353.47,-0.01,87.18,30086.3,-1
2026-06-26,2026-06-26 11:11:00,353.47,353.47,353.43,353.43,-0.01,87.18,30086.3,-1
2026-06-26,2026-06-26 11:12:00,353.43,353.43,353.38,353.38,-0.01,87.18,30086.3,-1
2026-06-26,2026-06-26 11:13:00,353.38,353.38,353.33,353.33,-0.01,87.18,30086.3,-1
2026-06-26,2026-06-26 11:14:00,353.33,353.33,353.28,353.28,-0.01,87.18,30086.3,-1
2026-06-26,2026-06-26 11:15:00,353.28,353.28,353.23,353.23,-0.01,87.18,30086.3,-1
2026-06-26,2026-06-26 11:16:00,353.23,353.23,353.19,353.19,-0.01,87.18,30086.3,-1
2026-06-26,2026-06-26 11:17:00,353.19,353.19,353.14,353.14,-0.01,87.18,30086.3,-1
2026-06-26,2026-06-26 11:18:00,353.14,353.14,353.09,353.09,-0.01,87.18,30086.3,-1
2026-06-26,2026-06-26 11:19:00,353.09,353.09,353.04,353.04,-0.01,87.18,30086.3,-1
2026-06-26,2026-06-26 11:20:00,353.04,353.04,352.99,352.99,-0.01,87.18,30086.3,-1
2026-06-26,2026-06-26 11:21:00,352.99,352.99,352.95,352.95,-0.01,87.18,30086.3,-1
2026-06-26,2026-06-26 11:22:00,352.95,352.95,352.9,352.9,-0.01,87.18,30086.3,-1
2026-06-26,2026-06-26 11:23:00,352.9,352.9,352.85,352.85,-0.01,87.18,30086.3,-1
2026-06-26,2026-06-26 11:24:00,352.85,352.85,352.8,352.8,-0.01,87.18,30086.3,-1
2026-06-26,2026-06-26 11:25:00,352.8,352.8,352.75,352.75,-0.01,87.18,30086.3,-1
2026-06-26,2026-06-26 11:26:00,352.75,352.75,352.71,352.71,-0.01,87.18,30086.3,-1
2026-06-26,2026-06-26 11:27:00,352.71,352.71,352.66,352.66,-0.01,87.18,30086.3,-1
2026-06-26,2026-06-26 11:28:00,352.66,352.66,352.61,352.61,-0.01,87.18,30086.3,-1
2026-06-26,2026-06-26 11:29:00,352.61,352.61,352.56,352.56,-0.01,87.18,30086.3,-1
2026-06-26,2026-06-26 11:30:00,352.56,352.56,352.51,352.51,-0.01,87.18,30086.3,-1
2026-06-26,2026-06-26 11:31:00,352.51,352.51,352.47,352.47,-0.01,87.18,30086.3,-1
2026-06-26,2026-06-26 11:32:00,352.47,352.47,352.42,352.42,-0.01,87.18,30086.3,-1
2026-06-26,2026-06-26 11:33:00,352.42,352.42,352.37,352.37,-0.01,87.18,30086.3,-1
2026-06-26,2026-06-26 11:34:00,352.37,352.37,352.32,352.32,-0.01,87.18,30086.3,-1
2026-06-26,2026-06-26 11:35:00,352.32,352.32,352.27,352.27,-0.01,87.18,30086.3,-1
2026-06-26,2026-06-26 11:36:00,352.27,352.27,352.23,352.23,-0.01,87.18,30086.3,-1
2026-06-26,2026-06-26 11:37:00,352.23,352.23,352.18,352.18,-0.01,87.18,30086.3,-1
2026-06-26,2026-06-26 11:38:00,352.18,352.18,352.13,352.13,-0.01,87.18,30086.3,-1
2026-06-26,2026-06-26 11:39:00,352.13,352.13,352.08,352.08,-0.01,87.18,30086.3,-1
2026-06-26,2026-06-26 11:40:00,352.08,352.08,352.04,352.04,-0.01,87.18,30086.3,-1
2026-06-26,2026-06-26 11:41:00,352.04,352.04,351.99,351.99,-0.01,87.18,30086.3,-1
2026-06-26,2026-06-26 11:42:00,351.99,351.99,351.94,351.94,-0.01,87.18,30086.3,-1
2026-06-26,2026-06-26 11:43:00,351.94,351.94,351.89,351.89,-0.01,87.18,30086.3,-1
2026-06-26,2026-06-26 11:44:00,351.89,351.89,351.84,351.84,-0.01,87.18,30086.3,-1
2026-06-26,2026-06-26 11:45:00,351.84,351.84,351.8,351.8,-0.01,87.18,30086.3,-1
2026-06-26,2026-06-26 11:46:00,351.8,351.8,351.75,351.75,-0.01,87.18,30086.3,-1
2026-06-26,2026-06-26 11:47:00,351.75,351.75,351.7,351.7,-0.01,87.18,30086.3,-1
2026-06-26,2026-06-26 11:48:00,351.7,351.7,351.65,351.65,-0.01,87.18,30086.3,-1
2026-06-26,2026-06-26 11:49:00,351.65,351.65,351.6,351.6,-0.01,87.18,30086.3,-1
2026-06-26,2026-06-26 11:50:00,351.6,351.6,351.56,351.56,-0.01,87.18,30086.3,-1
2026-06-26,2026-06-26 11:51:00,351.56,351.56,351.51,351.51,-0.01,87.18,30086.3,-1
2026-06-26,2026-06-26 11:52:00,351.51,351.51,351.46,351.46,-0.01,87.18,30086.3,-1
2026-06-26,2026-06-26 11:53:00,351.46,351.46,351.41,351.41,-0.01,87.18,30086.3,-1
2026-06-26,2026-06-26 11:54:00,351.41,351.41,351.36,351.36,-0.01,87.18,30086.3,-1
2026-06-26,2026-06-26 11:55:00,351.36,351.36,351.32,351.32,-0.01,87.18,30086.3,-1
2026-06-26,2026-06-26 11:56:00,351.32,351.32,351.27,351.27,-0.01,87.18,30086.3,-1
2026-06-26,2026-06-26 11:57:00,351.27,351.27,351.22,351.22,-0.01,87.18,30086.3,-1
2026-06-26,2026-06-26 11:58:00,351.22,351.22,351.17,351.17,-0.01,87.18,30086.3,-1
2026-06-26,2026-06-26 11:59:00,351.17,351.17,351.12,351.12,-0.01,87.18,30086.3,-1
2026-06-26,2026-06-26 12:00:00,351.12,351.12,351.08,351.08,-0.01,87.18,30086.3,-1
2026-06-26,2026-06-26 12:01:00,351.08,351.08,351.03,351.03,-0.01,87.18,30086.3,-1
2026-06-26,2026-06-26 12:02:00,351.03,351.03,350.98,350.98,-0.01,87.18,30086.3,-1
2026-06-26,2026-06-26 12:03:00,350.98,350.98,350.93,350.93,-0.01,87.18,30086.3,-1
2026-06-26,2026-06-26 12:04:00,350.93,350.93,350.89,350.89,-0.01,87.18,30086.3,-1
2026-06-26,2026-06-26 12:05:00,350.89,350.89,350.84,350.84,-0.01,87.18,30086.3,-1
2026-06-26,2026-06-26 12:06:00,350.84,350.84,350.79,350.79,-0.01,87.18,30086.3,-1
2026-06-26,2026-06-26 12:07:00,350.79,350.79,350.74,350.74,-0.01,87.18,30086.3,-1
2026-06-26,2026-06-26 12:08:00,350.74,350.74,350.69,350.69,-0.01,87.18,30086.3,-1
2026-06-26,2026-06-26 12:09:00,350.69,350.69,350.65,350.65,-0.01,87.18,30086.3,-1
2026-06-26,2026-06-26 12:10:00,350.65,350.65,350.6,350.6,-0.01,87.18,30086.3,-1
2026-06-26,2026-06-26 12:11:00,350.6,350.6,350.55,350.55,-0.01,87.18,30086.3,-1
2026-06-26,2026-06-26 12:12:00,350.55,350.55,350.5,350.5,-0.01,87.18,30086.3,-1
2026-06-26,2026-06-26 12:13:00,350.5,350.5,350.45,350.45,-0.01,87.18,30086.3,-1
2026-06-26,2026-06-26 12:14:00,350.45,350.45,350.41,350.41,-0.01,87.18,30086.3,-1
2026-06-26,2026-06-26 12:15:00,350.41,350.41,350.36,350.36,-0.01,87.18,30086.3,-1
2026-06-26,2026-06-26 12:16:00,350.36,350.36,350.31,350.31,-0.01,87.18,30086.3,-1
2026-06-26,2026-06-26 12:17:00,350.31,350.31,350.26,350.26,-0.01,87.18,30086.3,-1
2026-06-26,2026-06-26 12:18:00,350.26,350.26,350.21,350.21,-0.01,87.18,30086.3,-1
2026-06-26,2026-06-26 12:19:00,350.21,350.21,350.17,350.17,-0.01,87.18,30086.3,-1
2026-06-26,2026-06-26 12:20:00,350.17,350.17,350.12,350.12,-0.01,87.18,30086.3,-1
2026-06-26,2026-06-26 12:21:00,350.12,350.12,350.07,350.07,-0.01,87.18,30086.3,-1
2026-06-26,2026-06-26 12:22:00,350.07,350.07,350.02,350.02,-0.01,87.18,30086.3,-1
2026-06-26,2026-06-26 12:23:00,350.02,350.02,349.98,349.98,-0.01,87.18,30086.3,-1
2026-06-26,2026-06-26 12:24:00,349.98,349.98,349.93,349.93,-0.01,87.18,30086.3,-1
2026-06-26,2026-06-26 12:25:00,349.93,349.93,349.88,349.88,-0.01,87.18,30086.3,-1
2026-06-26,2026-06-26 12:26:00,349.88,349.88,349.83,349.83,-0.01,87.18,30086.3,-1
2026-06-26,2026-06-26 12:27:00,349.83,349.83,349.78,349.78,-0.01,87.18,30086.3,-1
2026-06-26,2026-06-26 12:28:00,349.78,349.78,349.74,349.74,-0.01,87.18,30086.3,-1
2026-06-26,2026-06-26 12:29:00,349.74,349.74,349.69,349.69,-0.01,87.18,30086.3,-1
2026-06-26,2026-06-26 12:30:00,349.69,349.69,349.64,349.64,-0.01,87.18,30086.3,-1
2026-06-26,2026-06-26 12:31:00,349.64,349.64,349.59,349.59,-0.01,87.18,30086.3,-1
2026-06-26,2026-06-26 12:32:00,349.59,349.59,349.54,349.54,-0.01,87.18,30086.3,-1
2026-06-26,2026-06-26 12:33:00,349.54,349.54,349.5,349.5,-0.01,87.18,30086.3,-1
2026-06-26,2026-06-26 12:34:00,349.5,349.5,349.45,349.45,-0.01,87.18,30086.3,-1
2026-06-26,2026-06-26 12:35:00,349.45,349.45,349.4,349.4,-0.01,87.18,30086.3,-1
2026-06-26,2026-06-26 12:36:00,349.4,349.4,349.35,349.35,-0.01,87.18,30086.3,-1
2026-06-26,2026-06-26 12:37:00,349.35,349.35,349.3,349.3,-0.01,87.18,30086.3,-1
2026-06-26,2026-06-26 12:38:00,349.3,349.3,349.26,349.26,-0.01,87.18,30086.3,-1
2026-06-26,2026-06-26 12:39:00,349.26,349.26,349.21,349.21,-0.01,87.18,30086.3,-1
2026-06-26,2026-06-26 12:40:00,349.21,349.21,349.16,349.16,-0.01,87.18,30086.3,-1
2026-06-26,2026-06-26 12:41:00,349.16,349.16,349.11,349.11,-0.01,87.18,30086.3,-1
2026-06-26,2026-06-26 12:42:00,349.11,349.11,349.06,349.06,-0.01,87.18,30086.3,-1
2026-06-26,2026-06-26 12:43:00,349.06,349.06,349.02,349.02,-0.01,87.18,30086.3,-1
2026-06-26,2026-06-26 12:44:00,349.02,349.02,348.97,348.97,-0.01,87.18,30086.3,-1
2026-06-26,2026-06-26 12:45:00,348.97,348.97,348.92,348.92,-0.01,87.18,30086.3,-1
2026-06-26,2026-06-26 12:46:00,348.92,348.92,348.87,348.87,-0.01,87.18,30086.3,-1
2026-06-26,2026-06-26 12:47:00,348.87,348.87,348.82,348.82,-0.01,87.18,30086.3,-1
2026-06-26,2026-06-26 12:48:00,348.82,348.82,348.78,348.78,-0.01,87.18,30086.3,-1
2026-06-26,2026-06-26 12:49:00,348.78,348.78,348.73,348.73,-0.01,87.18,30086.3,-1
2026-06-26,2026-06-26 12:50:00,348.73,348.73,348.68,348.68,-0.01,87.18,30086.3,-1
2026-06-26,2026-06-26 12:51:00,348.68,348.68,348.63,348.63,-0.01,87.18,30086.3,-1
2026-06-26,2026-06-26 12:52:00,348.63,348.63,348.59,348.59,-0.01,87.18,30086.3,-1
2026-06-26,2026-06-26 12:53:00,348.59,348.59,348.54,348.54,-0.01,87.18,30086.3,-1
2026-06-26,2026-06-26 12:54:00,348.54,348.54,348.49,348.49,-0.01,87.18,30086.3,-1
2026-06-26,2026-06-26 12:55:00,348.49,348.49,348.44,348.44,-0.01,87.18,30086.3,-1
2026-06-26,2026-06-26 12:56:00,348.44,348.44,348.39,348.39,-0.01,87.18,30086.3,-1
2026-06-26,2026-06-26 12:57:00,348.39,348.39,348.35,348.35,-0.01,87.18,30086.3,-1
2026-06-26,2026-06-26 12:58:00,348.35,348.35,348.3,348.3,-0.01,87.18,30086.3,-1
2026-06-26,2026-06-26 12:59:00,348.3,348.3,348.25,348.25,-0.01,87.18,30086.3,-1
2026-06-26,2026-06-26 13:00:00,348.25,354.0,340.0,348.2,-0.01,87.18,30086.3,-1
2026-06-26,2026-06-26 13:01:00,348.2,348.2,348.15,348.15,-0.01,87.18,30086.3,-1
2026-06-26,2026-06-26 13:02:00,348.15,348.15,348.11,348.11,-0.01,87.18,30086.3,-1
2026-06-26,2026-06-26 13:03:00,348.11,348.11,348.06,348.06,-0.01,87.18,30086.3,-1
2026-06-26,2026-06-26 13:04:00,348.06,348.06,348.01,348.01,-0.01,87.18,30086.3,-1
2026-06-26,2026-06-26 13:05:00,348.01,348.01,347.96,347.96,-0.01,87.18,30086.3,-1
2026-06-26,2026-06-26 13:06:00,347.96,347.96,347.91,347.91,-0.01,87.18,30086.3,-1
2026-06-26,2026-06-26 13:07:00,347.91,347.91,347.87,347.87,-0.01,87.18,30086.3,-1
2026-06-26,2026-06-26 13:08:00,347.87,347.87,347.82,347.82,-0.01,87.18,30086.3,-1
2026-06-26,2026-06-26 13:09:00,347.82,347.82,347.77,347.77,-0.01,87.18,30086.3,-1
2026-06-26,2026-06-26 13:10:00,347.77,347.77,347.72,347.72,-0.01,87.18,30086.3,-1
2026-06-26,2026-06-26 13:11:00,347.72,347.72,347.68,347.68,-0.01,87.18,30086.3,-1
2026-06-26,2026-06-26 13:12:00,347.68,347.68,347.63,347.63,-0.01,87.18,30086.3,-1
2026-06-26,2026-06-26 13:13:00,347.63,347.63,347.58,347.58,-0.01,87.18,30086.3,-1
2026-06-26,2026-06-26 13:14:00,347.58,347.58,347.53,347.53,-0.01,87.18,30086.3,-1
2026-06-26,2026-06-26 13:15:00,347.53,347.53,347.48,347.48,-0.01,87.18,30086.3,-1
2026-06-26,2026-06-26 13:16:00,347.48,347.48,347.44,347.44,-0.01,87.18,30086.3,-1
2026-06-26,2026-06-26 13:17:00,347.44,347.44,347.39,347.39,-0.01,87.18,30086.3,-1
2026-06-26,2026-06-26 13:18:00,347.39,347.39,347.34,347.34,-0.01,87.18,30086.3,-1
2026-06-26,2026-06-26 13:19:00,347.34,347.34,347.29,347.29,-0.01,87.18,30086.3,-1
2026-06-26,2026-06-26 13:20:00,347.29,347.29,347.24,347.24,-0.01,87.18,30086.3,-1
2026-06-26,2026-06-26 13:21:00,347.24,347.24,347.2,347.2,-0.01,87.18,30086.3,-1
2026-06-26,2026-06-26 13:22:00,347.2,347.2,347.15,347.15,-0.01,87.18,30086.3,-1
2026-06-26,2026-06-26 13:23:00,347.15,347.15,347.1,347.1,-0.01,87.18,30086.3,-1
2026-06-26,2026-06-26 13:24:00,347.1,347.1,347.05,347.05,-0.01,87.18,30086.3,-1
2026-06-26,2026-06-26 13:25:00,347.05,347.05,347.0,347.0,-0.01,87.18,30086.3,-1
2026-06-26,2026-06-26 13:26:00,347.0,347.0,346.96,346.96,-0.01,87.18,30086.3,-1
2026-06-26,2026-06-26 13:27:00,346.96,346.96,346.91,346.91,-0.01,87.18,30086.3,-1
2026-06-26,2026-06-26 13:28:00,346.91,346.91,346.86,346.86,-0.01,87.18,30086.3,-1
2026-06-26,2026-06-26 13:29:00,346.86,346.86,346.81,346.81,-0.01,87.18,30086.3,-1
2026-06-26,2026-06-26 13:30:00,346.81,346.81,346.76,346.76,-0.01,87.18,30086.3,-1
2026-06-26,2026-06-26 13:31:00,346.76,346.76,346.72,346.72,-0.01,87.18,30086.3,-1
2026-06-26,2026-06-26 13:32:00,346.72,346.72,346.67,346.67,-0.01,87.18,30086.3,-1
2026-06-26,2026-06-26 13:33:00,346.67,346.67,346.62,346.62,-0.01,87.18,30086.3,-1
2026-06-26,2026-06-26 13:34:00,346.62,346.62,346.57,346.57,-0.01,87.18,30086.3,-1
2026-06-26,2026-06-26 13:35:00,346.57,346.57,346.52,346.52,-0.01,87.18,30086.3,-1
2026-06-26,2026-06-26 13:36:00,346.52,346.52,346.48,346.48,-0.01,87.18,30086.3,-1
2026-06-26,2026-06-26 13:37:00,346.48,346.48,346.43,346.43,-0.01,87.18,30086.3,-1
2026-06-26,2026-06-26 13:38:00,346.43,346.43,346.38,346.38,-0.01,87.18,30086.3,-1
2026-06-26,2026-06-26 13:39:00,346.38,346.38,346.33,346.33,-0.01,87.18,30086.3,-1
2026-06-26,2026-06-26 13:40:00,346.33,346.33,346.29,346.29,-0.01,87.18,30086.3,-1
2026-06-26,2026-06-26 13:41:00,346.29,346.29,346.24,346.24,-0.01,87.18,30086.3,-1
2026-06-26,2026-06-26 13:42:00,346.24,346.24,346.19,346.19,-0.01,87.18,30086.3,-1
2026-06-26,2026-06-26 13:43:00,346.19,346.19,346.14,346.14,-0.01,87.18,30086.3,-1
2026-06-26,2026-06-26 13:44:00,346.14,346.14,346.09,346.09,-0.01,87.18,30086.3,-1
2026-06-26,2026-06-26 13:45:00,346.09,346.09,346.05,346.05,-0.01,87.18,30086.3,-1
2026-06-26,2026-06-26 13:46:00,346.05,346.05,346.0,346.0,-0.01,87.18,30086.3,-1
2026-06-26,2026-06-26 13:47:00,346.0,346.0,345.95,345.95,-0.01,87.18,30086.3,-1
2026-06-26,2026-06-26 13:48:00,345.95,345.95,345.9,345.9,-0.01,87.18,30086.3,-1
2026-06-26,2026-06-26 13:49:00,345.9,345.9,345.85,345.85,-0.01,87.18,30086.3,-1
2026-06-26,2026-06-26 13:50:00,345.85,345.85,345.81,345.81,-0.01,87.18,30086.3,-1
2026-06-26,2026-06-26 13:51:00,345.81,345.81,345.76,345.76,-0.01,87.18,30086.3,-1
2026-06-26,2026-06-26 13:52:00,345.76,345.76,345.71,345.71,-0.01,87.18,30086.3,-1
2026-06-26,2026-06-26 13:53:00,345.71,345.71,345.66,345.66,-0.01,87.18,30086.3,-1
2026-06-26,2026-06-26 13:54:00,345.66,345.66,345.61,345.61,-0.01,87.18,30086.3,-1
2026-06-26,2026-06-26 13:55:00,345.61,345.61,345.57,345.57,-0.01,87.18,30086.3,-1
2026-06-26,2026-06-26 13:56:00,345.57,345.57,345.52,345.52,-0.01,87.18,30086.3,-1
2026-06-26,2026-06-26 13:57:00,345.52,345.52,345.47,345.47,-0.01,87.18,30086.3,-1
2026-06-26,2026-06-26 13:58:00,345.47,345.47,345.42,345.42,-0.01,87.18,30086.3,-1
2026-06-26,2026-06-26 13:59:00,345.42,345.42,345.38,345.38,-0.01,87.18,30086.3,-1
2026-06-26,2026-06-26 14:00:00,345.38,345.38,345.33,345.33,-0.01,87.18,30086.3,-1
2026-06-26,2026-06-26 14:01:00,345.33,345.33,345.28,345.28,-0.01,87.18,30086.3,-1
2026-06-26,2026-06-26 14:02:00,345.28,345.28,345.23,345.23,-0.01,87.18,30086.3,-1
2026-06-26,2026-06-26 14:03:00,345.23,345.23,345.18,345.18,-0.01,87.18,30086.3,-1
2026-06-26,2026-06-26 14:04:00,345.18,345.18,345.14,345.14,-0.01,87.18,30086.3,-1
2026-06-26,2026-06-26 14:05:00,345.14,345.14,345.09,345.09,-0.01,87.18,30086.3,-1
2026-06-26,2026-06-26 14:06:00,345.09,345.09,345.04,345.04,-0.01,87.18,30086.3,-1
2026-06-26,2026-06-26 14:07:00,345.04,345.04,344.99,344.99,-0.01,87.18,30086.3,-1
2026-06-26,2026-06-26 14:08:00,344.99,344.99,344.94,344.94,-0.01,87.18,30086.3,-1
2026-06-26,2026-06-26 14:09:00,344.94,344.94,344.9,344.9,-0.01,87.18,30086.3,-1
2026-06-26,2026-06-26 14:10:00,344.9,344.9,344.85,344.85,-0.01,87.18,30086.3,-1
2026-06-26,2026-06-26 14:11:00,344.85,344.85,344.8,344.8,-0.01,87.18,30086.3,-1
2026-06-26,2026-06-26 14:12:00,344.8,344.8,344.75,344.75,-0.01,87.18,30086.3,-1
2026-06-26,2026-06-26 14:13:00,344.75,344.75,344.7,344.7,-0.01,87.18,30086.3,-1
2026-06-26,2026-06-26 14:14:00,344.7,344.7,344.66,344.66,-0.01,87.18,30086.3,-1
2026-06-26,2026-06-26 14:15:00,344.66,344.66,344.61,344.61,-0.01,87.18,30086.3,-1
2026-06-26,2026-06-26 14:16:00,344.61,344.61,344.56,344.56,-0.01,87.18,30086.3,-1
2026-06-26,2026-06-26 14:17:00,344.56,344.56,344.51,344.51,-0.01,87.18,30086.3,-1
2026-06-26,2026-06-26 14:18:00,344.51,344.51,344.46,344.46,-0.01,87.18,30086.3,-1
2026-06-26,2026-06-26 14:19:00,344.46,344.46,344.42,344.42,-0.01,87.18,30086.3,-1
2026-06-26,2026-06-26 14:20:00,344.42,344.42,344.37,344.37,-0.01,87.18,30086.3,-1
2026-06-26,2026-06-26 14:21:00,344.37,344.37,344.32,344.32,-0.01,87.18,30086.3,-1
2026-06-26,2026-06-26 14:22:00,344.32,344.32,344.27,344.27,-0.01,87.18,30086.3,-1
2026-06-26,2026-06-26 14:23:00,344.27,344.27,344.23,344.23,-0.01,87.18,30086.3,-1
2026-06-26,2026-06-26 14:24:00,344.23,344.23,344.18,344.18,-0.01,87.18,30086.3,-1
2026-06-26,2026-06-26 14:25:00,344.18,344.18,344.13,344.13,-0.01,87.18,30086.3,-1
2026-06-26,2026-06-26 14:26:00,344.13,344.13,344.08,344.08,-0.01,87.18,30086.3,-1
2026-06-26,2026-06-26 14:27:00,344.08,344.08,344.03,344.03,-0.01,87.18,30086.3,-1
2026-06-26,2026-06-26 14:28:00,344.03,344.03,343.99,343.99,-0.01,87.18,30086.3,-1
2026-06-26,2026-06-26 14:29:00,343.99,343.99,343.94,343.94,-0.01,87.18,30086.3,-1
2026-06-26,2026-06-26 14:30:00,343.94,343.94,343.89,343.89,-0.01,87.18,30086.3,-1
2026-06-26,2026-06-26 14:31:00,343.89,343.89,343.84,343.84,-0.01,87.18,30086.3,-1
2026-06-26,2026-06-26 14:32:00,343.84,343.84,343.79,343.79,-0.01,87.18,30086.3,-1
2026-06-26,2026-06-26 14:33:00,343.79,343.79,343.75,343.75,-0.01,87.18,30086.3,-1
2026-06-26,2026-06-26 14:34:00,343.75,343.75,343.7,343.7,-0.01,87.18,30086.3,-1
2026-06-26,2026-06-26 14:35:00,343.7,343.7,343.65,343.65,-0.01,87.18,30086.3,-1
2026-06-26,2026-06-26 14:36:00,343.65,343.65,343.6,343.6,-0.01,87.18,30086.3,-1
2026-06-26,2026-06-26 14:37:00,343.6,343.6,343.55,343.55,-0.01,87.18,30086.3,-1
2026-06-26,2026-06-26 14:38:00,343.55,343.55,343.51,343.51,-0.01,87.18,30086.3,-1
2026-06-26,2026-06-26 14:39:00,343.51,343.51,343.46,343.46,-0.01,87.18,30086.3,-1
2026-06-26,2026-06-26 14:40:00,343.46,343.46,343.41,343.41,-0.01,87.18,30086.3,-1
2026-06-26,2026-06-26 14:41:00,343.41,343.41,343.36,343.36,-0.01,87.18,30086.3,-1
2026-06-26,2026-06-26 14:42:00,343.36,343.36,343.31,343.31,-0.01,87.18,30086.3,-1
2026-06-26,2026-06-26 14:43:00,343.31,343.31,343.27,343.27,-0.01,87.18,30086.3,-1
2026-06-26,2026-06-26 14:44:00,343.27,343.27,343.22,343.22,-0.01,87.18,30086.3,-1
2026-06-26,2026-06-26 14:45:00,343.22,343.22,343.17,343.17,-0.01,87.18,30086.3,-1
2026-06-26,2026-06-26 14:46:00,343.17,343.17,343.12,343.12,-0.01,87.18,30086.3,-1
2026-06-26,2026-06-26 14:47:00,343.12,343.12,343.07,343.07,-0.01,87.18,30086.3,-1
2026-06-26,2026-06-26 14:48:00,343.07,343.07,343.03,343.03,-0.01,87.18,30086.3,-1
2026-06-26,2026-06-26 14:49:00,343.03,343.03,342.98,342.98,-0.01,87.18,30086.3,-1
2026-06-26,2026-06-26 14:50:00,342.98,342.98,342.93,342.93,-0.01,87.18,30086.3,-1
2026-06-26,2026-06-26 14:51:00,342.93,342.93,342.88,342.88,-0.01,87.18,30086.3,-1
2026-06-26,2026-06-26 14:52:00,342.88,342.88,342.84,342.84,-0.01,87.18,30086.3,-1
2026-06-26,2026-06-26 14:53:00,342.84,342.84,342.79,342.79,-0.01,87.18,30086.3,-1
2026-06-26,2026-06-26 14:54:00,342.79,342.79,342.74,342.74,-0.01,87.18,30086.3,-1
2026-06-26,2026-06-26 14:55:00,342.74,342.74,342.69,342.69,-0.01,87.18,30086.3,-1
2026-06-26,2026-06-26 14:56:00,342.69,342.69,342.64,342.64,-0.01,87.18,30086.3,-1
2026-06-26,2026-06-26 14:57:00,342.64,342.64,342.6,342.6,-0.01,87.18,30086.3,-1
2026-06-26,2026-06-26 14:58:00,342.6,342.6,342.55,342.55,-0.01,87.18,30086.3,-1
2026-06-26,2026-06-26 14:59:00,342.55,342.55,342.5,342.5,-0.01,87.18,30086.3,-1
2026-06-26,2026-06-26 15:00:00,342.5,354.0,340.0,342.5,0.0,87.18,30086.3,0
2026-06-29,2026-06-29 11:00:00,330.0,334.5,330.0,330.01,0.0,159.62,53425.02,1
2026-06-29,2026-06-29 11:01:00,330.01,330.01,330.01,330.01,0.0,159.62,53425.02,0
2026-06-29,2026-06-29 11:02:00,330.01,330.02,330.01,330.02,0.0,159.62,53425.02,1
2026-06-29,2026-06-29 11:03:00,330.02,330.02,330.02,330.02,0.0,159.62,53425.02,0
2026-06-29,2026-06-29 11:04:00,330.02,330.03,330.02,330.03,0.0,159.62,53425.02,1
2026-06-29,2026-06-29 11:05:00,330.03,330.04,330.03,330.04,0.0,159.62,53425.02,1
2026-06-29,2026-06-29 11:06:00,330.04,330.04,330.04,330.04,0.0,159.62,53425.02,0
2026-06-29,2026-06-29 11:07:00,330.04,330.05,330.04,330.05,0.0,159.62,53425.02,1
2026-06-29,2026-06-29 11:08:00,330.05,330.05,330.05,330.05,0.0,159.62,53425.02,0
2026-06-29,2026-06-29 11:09:00,330.05,330.06,330.05,330.06,0.0,159.62,53425.02,1
2026-06-29,2026-06-29 11:10:00,330.06,330.06,330.06,330.06,0.0,159.62,53425.02,0
2026-06-29,2026-06-29 11:11:00,330.06,330.07,330.06,330.07,0.0,159.62,53425.02,1
2026-06-29,2026-06-29 11:12:00,330.07,330.08,330.07,330.08,0.0,159.62,53425.02,1
2026-06-29,2026-06-29 11:13:00,330.08,330.08,330.08,330.08,0.0,159.62,53425.02,0
2026-06-29,2026-06-29 11:14:00,330.08,330.09,330.08,330.09,0.0,159.62,53425.02,1
2026-06-29,2026-06-29 11:15:00,330.09,330.09,330.09,330.09,0.0,159.62,53425.02,0
2026-06-29,2026-06-29 11:16:00,330.09,330.1,330.09,330.1,0.0,159.62,53425.02,1
2026-06-29,2026-06-29 11:17:00,330.1,330.11,330.1,330.11,0.0,159.62,53425.02,1
2026-06-29,2026-06-29 11:18:00,330.11,330.11,330.11,330.11,0.0,159.62,53425.02,0
2026-06-29,2026-06-29 11:19:00,330.11,330.12,330.11,330.12,0.0,159.62,53425.02,1
2026-06-29,2026-06-29 11:20:00,330.12,330.12,330.12,330.12,0.0,159.62,53425.02,0
2026-06-29,2026-06-29 11:21:00,330.12,330.13,330.12,330.13,0.0,159.62,53425.02,1
2026-06-29,2026-06-29 11:22:00,330.13,330.13,330.13,330.13,0.0,159.62,53425.02,0
2026-06-29,2026-06-29 11:23:00,330.13,330.14,330.13,330.14,0.0,159.62,53425.02,1
2026-06-29,2026-06-29 11:24:00,330.14,330.15,330.14,330.15,0.0,159.62,53425.02,1
2026-06-29,2026-06-29 11:25:00,330.15,330.15,330.15,330.15,0.0,159.62,53425.02,0
2026-06-29,2026-06-29 11:26:00,330.15,330.16,330.15,330.16,0.0,159.62,53425.02,1
2026-06-29,2026-06-29 11:27:00,330.16,330.16,330.16,330.16,0.0,159.62,53425.02,0
2026-06-29,2026-06-29 11:28:00,330.16,330.17,330.16,330.17,0.0,159.62,53425.02,1
2026-06-29,2026-06-29 11:29:00,330.17,330.18,330.17,330.18,0.0,159.62,53425.02,1
2026-06-29,2026-06-29 11:30:00,330.18,330.18,330.18,330.18,0.0,159.62,53425.02,0
2026-06-29,2026-06-29 11:31:00,330.18,330.19,330.18,330.19,0.0,159.62,53425.02,1
2026-06-29,2026-06-29 11:32:00,330.19,330.19,330.19,330.19,0.0,159.62,53425.02,0
2026-06-29,2026-06-29 11:33:00,330.19,330.2,330.19,330.2,0.0,159.62,53425.02,1
2026-06-29,2026-06-29 11:34:00,330.2,330.2,330.2,330.2,0.0,159.62,53425.02,0
2026-06-29,2026-06-29 11:35:00,330.2,330.21,330.2,330.21,0.0,159.62,53425.02,1
2026-06-29,2026-06-29 11:36:00,330.21,330.22,330.21,330.22,0.0,159.62,53425.02,1
2026-06-29,2026-06-29 11:37:00,330.22,330.22,330.22,330.22,0.0,159.62,53425.02,0
2026-06-29,2026-06-29 11:38:00,330.22,330.23,330.22,330.23,0.0,159.62,53425.02,1
2026-06-29,2026-06-29 11:39:00,330.23,330.23,330.23,330.23,0.0,159.62,53425.02,0
2026-06-29,2026-06-29 11:40:00,330.23,330.24,330.23,330.24,0.0,159.62,53425.02,1
2026-06-29,2026-06-29 11:41:00,330.24,330.25,330.24,330.25,0.0,159.62,53425.02,1
2026-06-29,2026-06-29 11:42:00,330.25,330.25,330.25,330.25,0.0,159.62,53425.02,0
2026-06-29,2026-06-29 11:43:00,330.25,330.26,330.25,330.26,0.0,159.62,53425.02,1
2026-06-29,2026-06-29 11:44:00,330.26,330.26,330.26,330.26,0.0,159.62,53425.02,0
2026-06-29,2026-06-29 11:45:00,330.26,330.27,330.26,330.27,0.0,159.62,53425.02,1
2026-06-29,2026-06-29 11:46:00,330.27,330.27,330.27,330.27,0.0,159.62,53425.02,0
2026-06-29,2026-06-29 11:47:00,330.27,330.28,330.27,330.28,0.0,159.62,53425.02,1
2026-06-29,2026-06-29 11:48:00,330.28,330.29,330.28,330.29,0.0,159.62,53425.02,1
2026-06-29,2026-06-29 11:49:00,330.29,330.29,330.29,330.29,0.0,159.62,53425.02,0
2026-06-29,2026-06-29 11:50:00,330.29,330.3,330.29,330.3,0.0,159.62,53425.02,1
2026-06-29,2026-06-29 11:51:00,330.3,330.3,330.3,330.3,0.0,159.62,53425.02,0
2026-06-29,2026-06-29 11:52:00,330.3,330.31,330.3,330.31,0.0,159.62,53425.02,1
2026-06-29,2026-06-29 11:53:00,330.31,330.31,330.31,330.31,0.0,159.62,53425.02,0
2026-06-29,2026-06-29 11:54:00,330.31,330.32,330.31,330.32,0.0,159.62,53425.02,1
2026-06-29,2026-06-29 11:55:00,330.32,330.33,330.32,330.33,0.0,159.62,53425.02,1
2026-06-29,2026-06-29 11:56:00,330.33,330.33,330.33,330.33,0.0,159.62,53425.02,0
2026-06-29,2026-06-29 11:57:00,330.33,330.34,330.33,330.34,0.0,159.62,53425.02,1
2026-06-29,2026-06-29 11:58:00,330.34,330.34,330.34,330.34,0.0,159.62,53425.02,0
2026-06-29,2026-06-29 11:59:00,330.34,330.35,330.34,330.35,0.0,159.62,53425.02,1
2026-06-29,2026-06-29 12:00:00,330.35,330.36,330.35,330.36,0.0,159.62,53425.02,1
2026-06-29,2026-06-29 12:01:00,330.36,330.36,330.36,330.36,0.0,159.62,53425.02,0
2026-06-29,2026-06-29 12:02:00,330.36,330.37,330.36,330.37,0.0,159.62,53425.02,1
2026-06-29,2026-06-29 12:03:00,330.37,330.37,330.37,330.37,0.0,159.62,53425.02,0
2026-06-29,2026-06-29 12:04:00,330.37,330.38,330.37,330.38,0.0,159.62,53425.02,1
2026-06-29,2026-06-29 12:05:00,330.38,330.38,330.38,330.38,0.0,159.62,53425.02,0
2026-06-29,2026-06-29 12:06:00,330.38,330.39,330.38,330.39,0.0,159.62,53425.02,1
2026-06-29,2026-06-29 12:07:00,330.39,330.4,330.39,330.4,0.0,159.62,53425.02,1
2026-06-29,2026-06-29 12:08:00,330.4,330.4,330.4,330.4,0.0,159.62,53425.02,0
2026-06-29,2026-06-29 12:09:00,330.4,330.41,330.4,330.41,0.0,159.62,53425.02,1
2026-06-29,2026-06-29 12:10:00,330.41,330.41,330.41,330.41,0.0,159.62,53425.02,0
2026-06-29,2026-06-29 12:11:00,330.41,330.42,330.41,330.42,0.0,159.62,53425.02,1
2026-06-29,2026-06-29 12:12:00,330.42,330.43,330.42,330.43,0.0,159.62,53425.02,1
2026-06-29,2026-06-29 12:13:00,330.43,330.43,330.43,330.43,0.0,159.62,53425.02,0
2026-06-29,2026-06-29 12:14:00,330.43,330.44,330.43,330.44,0.0,159.62,53425.02,1
2026-06-29,2026-06-29 12:15:00,330.44,330.44,330.44,330.44,0.0,159.62,53425.02,0
2026-06-29,2026-06-29 12:16:00,330.44,330.45,330.44,330.45,0.0,159.62,53425.02,1
2026-06-29,2026-06-29 12:17:00,330.45,330.45,330.45,330.45,0.0,159.62,53425.02,0
2026-06-29,2026-06-29 12:18:00,330.45,330.46,330.45,330.46,0.0,159.62,53425.02,1
2026-06-29,2026-06-29 12:19:00,330.46,330.47,330.46,330.47,0.0,159.62,53425.02,1
2026-06-29,2026-06-29 12:20:00,330.47,330.47,330.47,330.47,0.0,159.62,53425.02,0
2026-06-29,2026-06-29 12:21:00,330.47,330.48,330.47,330.48,0.0,159.62,53425.02,1
2026-06-29,2026-06-29 12:22:00,330.48,330.48,330.48,330.48,0.0,159.62,53425.02,0
2026-06-29,2026-06-29 12:23:00,330.48,330.49,330.48,330.49,0.0,159.62,53425.02,1
2026-06-29,2026-06-29 12:24:00,330.49,330.5,330.49,330.5,0.0,159.62,53425.02,1
2026-06-29,2026-06-29 12:25:00,330.5,330.5,330.5,330.5,0.0,159.62,53425.02,0
2026-06-29,2026-06-29 12:26:00,330.5,330.51,330.5,330.51,0.0,159.62,53425.02,1
2026-06-29,2026-06-29 12:27:00,330.51,330.51,330.51,330.51,0.0,159.62,53425.02,0
2026-06-29,2026-06-29 12:28:00,330.51,330.52,330.51,330.52,0.0,159.62,53425.02,1
2026-06-29,2026-06-29 12:29:00,330.52,330.52,330.52,330.52,0.0,159.62,53425.02,0
2026-06-29,2026-06-29 12:30:00,330.52,330.53,330.52,330.53,0.0,159.62,53425.02,1
2026-06-29,2026-06-29 12:31:00,330.53,330.54,330.53,330.54,0.0,159.62,53425.02,1
2026-06-29,2026-06-29 12:32:00,330.54,330.54,330.54,330.54,0.0,159.62,53425.02,0
2026-06-29,2026-06-29 12:33:00,330.54,330.55,330.54,330.55,0.0,159.62,53425.02,1
2026-06-29,2026-06-29 12:34:00,330.55,330.55,330.55,330.55,0.0,159.62,53425.02,0
2026-06-29,2026-06-29 12:35:00,330.55,330.56,330.55,330.56,0.0,159.62,53425.02,1
2026-06-29,2026-06-29 12:36:00,330.56,330.57,330.56,330.57,0.0,159.62,53425.02,1
2026-06-29,2026-06-29 12:37:00,330.57,330.57,330.57,330.57,0.0,159.62,53425.02,0
2026-06-29,2026-06-29 12:38:00,330.57,330.58,330.57,330.58,0.0,159.62,53425.02,1
2026-06-29,2026-06-29 12:39:00,330.58,330.58,330.58,330.58,0.0,159.62,53425.02,0
2026-06-29,2026-06-29 12:40:00,330.58,330.59,330.58,330.59,0.0,159.62,53425.02,1
2026-06-29,2026-06-29 12:41:00,330.59,330.59,330.59,330.59,0.0,159.62,53425.02,0
2026-06-29,2026-06-29 12:42:00,330.59,330.6,330.59,330.6,0.0,159.62,53425.02,1
2026-06-29,2026-06-29 12:43:00,330.6,330.61,330.6,330.61,0.0,159.62,53425.02,1
2026-06-29,2026-06-29 12:44:00,330.61,330.61,330.61,330.61,0.0,159.62,53425.02,0
2026-06-29,2026-06-29 12:45:00,330.61,330.62,330.61,330.62,0.0,159.62,53425.02,1
2026-06-29,2026-06-29 12:46:00,330.62,330.62,330.62,330.62,0.0,159.62,53425.02,0
2026-06-29,2026-06-29 12:47:00,330.62,330.63,330.62,330.63,0.0,159.62,53425.02,1
2026-06-29,2026-06-29 12:48:00,330.63,330.64,330.63,330.64,0.0,159.62,53425.02,1
2026-06-29,2026-06-29 12:49:00,330.64,330.64,330.64,330.64,0.0,159.62,53425.02,0
2026-06-29,2026-06-29 12:50:00,330.64,330.65,330.64,330.65,0.0,159.62,53425.02,1
2026-06-29,2026-06-29 12:51:00,330.65,330.65,330.65,330.65,0.0,159.62,53425.02,0
2026-06-29,2026-06-29 12:52:00,330.65,330.66,330.65,330.66,0.0,159.62,53425.02,1
2026-06-29,2026-06-29 12:53:00,330.66,330.66,330.66,330.66,0.0,159.62,53425.02,0
2026-06-29,2026-06-29 12:54:00,330.66,330.67,330.66,330.67,0.0,159.62,53425.02,1
2026-06-29,2026-06-29 12:55:00,330.67,330.68,330.67,330.68,0.0,159.62,53425.02,1
2026-06-29,2026-06-29 12:56:00,330.68,330.68,330.68,330.68,0.0,159.62,53425.02,0
2026-06-29,2026-06-29 12:57:00,330.68,330.69,330.68,330.69,0.0,159.62,53425.02,1
2026-06-29,2026-06-29 12:58:00,330.69,330.69,330.69,330.69,0.0,159.62,53425.02,0
2026-06-29,2026-06-29 12:59:00,330.69,330.7,330.69,330.7,0.0,159.62,53425.02,1
2026-06-29,2026-06-29 13:00:00,330.7,345.0,330.0,330.71,0.0,159.62,53425.02,1
2026-06-29,2026-06-29 13:01:00,330.71,330.71,330.71,330.71,0.0,159.62,53425.02,0
2026-06-29,2026-06-29 13:02:00,330.71,330.72,330.71,330.72,0.0,159.62,53425.02,1
2026-06-29,2026-06-29 13:03:00,330.72,330.72,330.72,330.72,0.0,159.62,53425.02,0
2026-06-29,2026-06-29 13:04:00,330.72,330.73,330.72,330.73,0.0,159.62,53425.02,1
2026-06-29,2026-06-29 13:05:00,330.73,330.74,330.73,330.74,0.0,159.62,53425.02,1
2026-06-29,2026-06-29 13:06:00,330.74,330.74,330.74,330.74,0.0,159.62,53425.02,0
2026-06-29,2026-06-29 13:07:00,330.74,330.75,330.74,330.75,0.0,159.62,53425.02,1
2026-06-29,2026-06-29 13:08:00,330.75,330.75,330.75,330.75,0.0,159.62,53425.02,0
2026-06-29,2026-06-29 13:09:00,330.75,330.76,330.75,330.76,0.0,159.62,53425.02,1
2026-06-29,2026-06-29 13:10:00,330.76,330.76,330.76,330.76,0.0,159.62,53425.02,0
2026-06-29,2026-06-29 13:11:00,330.76,330.77,330.76,330.77,0.0,159.62,53425.02,1
2026-06-29,2026-06-29 13:12:00,330.77,330.78,330.77,330.78,0.0,159.62,53425.02,1
2026-06-29,2026-06-29 13:13:00,330.78,330.78,330.78,330.78,0.0,159.62,53425.02,0
2026-06-29,2026-06-29 13:14:00,330.78,330.79,330.78,330.79,0.0,159.62,53425.02,1
2026-06-29,2026-06-29 13:15:00,330.79,330.79,330.79,330.79,0.0,159.62,53425.02,0
2026-06-29,2026-06-29 13:16:00,330.79,330.8,330.79,330.8,0.0,159.62,53425.02,1
2026-06-29,2026-06-29 13:17:00,330.8,330.81,330.8,330.81,0.0,159.62,53425.02,1
2026-06-29,2026-06-29 13:18:00,330.81,330.81,330.81,330.81,0.0,159.62,53425.02,0
2026-06-29,2026-06-29 13:19:00,330.81,330.82,330.81,330.82,0.0,159.62,53425.02,1
2026-06-29,2026-06-29 13:20:00,330.82,330.82,330.82,330.82,0.0,159.62,53425.02,0
2026-06-29,2026-06-29 13:21:00,330.82,330.83,330.82,330.83,0.0,159.62,53425.02,1
2026-06-29,2026-06-29 13:22:00,330.83,330.83,330.83,330.83,0.0,159.62,53425.02,0
2026-06-29,2026-06-29 13:23:00,330.83,330.84,330.83,330.84,0.0,159.62,53425.02,1
2026-06-29,2026-06-29 13:24:00,330.84,330.85,330.84,330.85,0.0,159.62,53425.02,1
2026-06-29,2026-06-29 13:25:00,330.85,330.85,330.85,330.85,0.0,159.62,53425.02,0
2026-06-29,2026-06-29 13:26:00,330.85,330.86,330.85,330.86,0.0,159.62,53425.02,1
2026-06-29,2026-06-29 13:27:00,330.86,330.86,330.86,330.86,0.0,159.62,53425.02,0
2026-06-29,2026-06-29 13:28:00,330.86,330.87,330.86,330.87,0.0,159.62,53425.02,1
2026-06-29,2026-06-29 13:29:00,330.87,330.88,330.87,330.88,0.0,159.62,53425.02,1
2026-06-29,2026-06-29 13:30:00,330.88,330.88,330.88,330.88,0.0,159.62,53425.02,0
2026-06-29,2026-06-29 13:31:00,330.88,330.89,330.88,330.89,0.0,159.62,53425.02,1
2026-06-29,2026-06-29 13:32:00,330.89,330.89,330.89,330.89,0.0,159.62,53425.02,0
2026-06-29,2026-06-29 13:33:00,330.89,330.9,330.89,330.9,0.0,159.62,53425.02,1
2026-06-29,2026-06-29 13:34:00,330.9,330.9,330.9,330.9,0.0,159.62,53425.02,0
2026-06-29,2026-06-29 13:35:00,330.9,330.91,330.9,330.91,0.0,159.62,53425.02,1
2026-06-29,2026-06-29 13:36:00,330.91,330.92,330.91,330.92,0.0,159.62,53425.02,1
2026-06-29,2026-06-29 13:37:00,330.92,330.92,330.92,330.92,0.0,159.62,53425.02,0
2026-06-29,2026-06-29 13:38:00,330.92,330.93,330.92,330.93,0.0,159.62,53425.02,1
2026-06-29,2026-06-29 13:39:00,330.93,330.93,330.93,330.93,0.0,159.62,53425.02,0
2026-06-29,2026-06-29 13:40:00,330.93,330.94,330.93,330.94,0.0,159.62,53425.02,1
2026-06-29,2026-06-29 13:41:00,330.94,330.94,330.94,330.94,0.0,159.62,53425.02,0
2026-06-29,2026-06-29 13:42:00,330.94,330.95,330.94,330.95,0.0,159.62,53425.02,1
2026-06-29,2026-06-29 13:43:00,330.95,330.96,330.95,330.96,0.0,159.62,53425.02,1
2026-06-29,2026-06-29 13:44:00,330.96,330.96,330.96,330.96,0.0,159.62,53425.02,0
2026-06-29,2026-06-29 13:45:00,330.96,330.97,330.96,330.97,0.0,159.62,53425.02,1
2026-06-29,2026-06-29 13:46:00,330.97,330.97,330.97,330.97,0.0,159.62,53425.02,0
2026-06-29,2026-06-29 13:47:00,330.97,330.98,330.97,330.98,0.0,159.62,53425.02,1
2026-06-29,2026-06-29 13:48:00,330.98,330.99,330.98,330.99,0.0,159.62,53425.02,1
2026-06-29,2026-06-29 13:49:00,330.99,330.99,330.99,330.99,0.0,159.62,53425.02,0
2026-06-29,2026-06-29 13:50:00,330.99,331.0,330.99,331.0,0.0,159.62,53425.02,1
2026-06-29,2026-06-29 13:51:00,331.0,331.0,331.0,331.0,0.0,159.62,53425.02,0
2026-06-29,2026-06-29 13:52:00,331.0,331.01,331.0,331.01,0.0,159.62,53425.02,1
2026-06-29,2026-06-29 13:53:00,331.01,331.01,331.01,331.01,0.0,159.62,53425.02,0
2026-06-29,2026-06-29 13:54:00,331.01,331.02,331.01,331.02,0.0,159.62,53425.02,1
2026-06-29,2026-06-29 13:55:00,331.02,331.03,331.02,331.03,0.0,159.62,53425.02,1
2026-06-29,2026-06-29 13:56:00,331.03,331.03,331.03,331.03,0.0,159.62,53425.02,0
2026-06-29,2026-06-29 13:57:00,331.03,331.04,331.03,331.04,0.0,159.62,53425.02,1
2026-06-29,2026-06-29 13:58:00,331.04,331.04,331.04,331.04,0.0,159.62,53425.02,0
2026-06-29,2026-06-29 13:59:00,331.04,331.05,331.04,331.05,0.0,159.62,53425.02,1
2026-06-29,2026-06-29 14:00:00,331.05,331.06,331.05,331.06,0.0,159.62,53425.02,1
2026-06-29,2026-06-29 14:01:00,331.06,331.06,331.06,331.06,0.0,159.62,53425.02,0
2026-06-29,2026-06-29 14:02:00,331.06,331.07,331.06,331.07,0.0,159.62,53425.02,1
2026-06-29,2026-06-29 14:03:00,331.07,331.07,331.07,331.07,0.0,159.62,53425.02,0
2026-06-29,2026-06-29 14:04:00,331.07,331.08,331.07,331.08,0.0,159.62,53425.02,1
2026-06-29,2026-06-29 14:05:00,331.08,331.08,331.08,331.08,0.0,159.62,53425.02,0
2026-06-29,2026-06-29 14:06:00,331.08,331.09,331.08,331.09,0.0,159.62,53425.02,1
2026-06-29,2026-06-29 14:07:00,331.09,331.1,331.09,331.1,0.0,159.62,53425.02,1
2026-06-29,2026-06-29 14:08:00,331.1,331.1,331.1,331.1,0.0,159.62,53425.02,0
2026-06-29,2026-06-29 14:09:00,331.1,331.11,331.1,331.11,0.0,159.62,53425.02,1
2026-06-29,2026-06-29 14:10:00,331.11,331.11,331.11,331.11,0.0,159.62,53425.02,0
2026-06-29,2026-06-29 14:11:00,331.11,331.12,331.11,331.12,0.0,159.62,53425.02,1
2026-06-29,2026-06-29 14:12:00,331.12,331.13,331.12,331.13,0.0,159.62,53425.02,1
2026-06-29,2026-06-29 14:13:00,331.13,331.13,331.13,331.13,0.0,159.62,53425.02,0
2026-06-29,2026-06-29 14:14:00,331.13,331.14,331.13,331.14,0.0,159.62,53425.02,1
2026-06-29,2026-06-29 14:15:00,331.14,331.14,331.14,331.14,0.0,159.62,53425.02,0
2026-06-29,2026-06-29 14:16:00,331.14,331.15,331.14,331.15,0.0,159.62,53425.02,1
2026-06-29,2026-06-29 14:17:00,331.15,331.15,331.15,331.15,0.0,159.62,53425.02,0
2026-06-29,2026-06-29 14:18:00,331.15,331.16,331.15,331.16,0.0,159.62,53425.02,1
2026-06-29,2026-06-29 14:19:00,331.16,331.17,331.16,331.17,0.0,159.62,53425.02,1
2026-06-29,2026-06-29 14:20:00,331.17,331.17,331.17,331.17,0.0,159.62,53425.02,0
2026-06-29,2026-06-29 14:21:00,331.17,331.18,331.17,331.18,0.0,159.62,53425.02,1
2026-06-29,2026-06-29 14:22:00,331.18,331.18,331.18,331.18,0.0,159.62,53425.02,0
2026-06-29,2026-06-29 14:23:00,331.18,331.19,331.18,331.19,0.0,159.62,53425.02,1
2026-06-29,2026-06-29 14:24:00,331.19,331.2,331.19,331.2,0.0,159.62,53425.02,1
2026-06-29,2026-06-29 14:25:00,331.2,331.2,331.2,331.2,0.0,159.62,53425.02,0
2026-06-29,2026-06-29 14:26:00,331.2,331.21,331.2,331.21,0.0,159.62,53425.02,1
2026-06-29,2026-06-29 14:27:00,331.21,331.21,331.21,331.21,0.0,159.62,53425.02,0
2026-06-29,2026-06-29 14:28:00,331.21,331.22,331.21,331.22,0.0,159.62,53425.02,1
2026-06-29,2026-06-29 14:29:00,331.22,331.22,331.22,331.22,0.0,159.62,53425.02,0
2026-06-29,2026-06-29 14:30:00,331.22,331.23,331.22,331.23,0.0,159.62,53425.02,1
2026-06-29,2026-06-29 14:31:00,331.23,331.24,331.23,331.24,0.0,159.62,53425.02,1
2026-06-29,2026-06-29 14:32:00,331.24,331.24,331.24,331.24,0.0,159.62,53425.02,0
2026-06-29,2026-06-29 14:33:00,331.24,331.25,331.24,331.25,0.0,159.62,53425.02,1
2026-06-29,2026-06-29 14:34:00,331.25,331.25,331.25,331.25,0.0,159.62,53425.02,0
2026-06-29,2026-06-29 14:35:00,331.25,331.26,331.25,331.26,0.0,159.62,53425.02,1
2026-06-29,2026-06-29 14:36:00,331.26,331.27,331.26,331.27,0.0,159.62,53425.02,1
2026-06-29,2026-06-29 14:37:00,331.27,331.27,331.27,331.27,0.0,159.62,53425.02,0
2026-06-29,2026-06-29 14:38:00,331.27,331.28,331.27,331.28,0.0,159.62,53425.02,1
2026-06-29,2026-06-29 14:39:00,331.28,331.28,331.28,331.28,0.0,159.62,53425.02,0
2026-06-29,2026-06-29 14:40:00,331.28,331.29,331.28,331.29,0.0,159.62,53425.02,1
2026-06-29,2026-06-29 14:41:00,331.29,331.29,331.29,331.29,0.0,159.62,53425.02,0
2026-06-29,2026-06-29 14:42:00,331.29,331.3,331.29,331.3,0.0,159.62,53425.02,1
2026-06-29,2026-06-29 14:43:00,331.3,331.31,331.3,331.31,0.0,159.62,53425.02,1
2026-06-29,2026-06-29 14:44:00,331.31,331.31,331.31,331.31,0.0,159.62,53425.02,0
2026-06-29,2026-06-29 14:45:00,331.31,331.32,331.31,331.32,0.0,159.62,53425.02,1
2026-06-29,2026-06-29 14:46:00,331.32,331.32,331.32,331.32,0.0,159.62,53425.02,0
2026-06-29,2026-06-29 14:47:00,331.32,331.33,331.32,331.33,0.0,159.62,53425.02,1
2026-06-29,2026-06-29 14:48:00,331.33,331.34,331.33,331.34,0.0,159.62,53425.02,1
2026-06-29,2026-06-29 14:49:00,331.34,331.34,331.34,331.34,0.0,159.62,53425.02,0
2026-06-29,2026-06-29 14:50:00,331.34,331.35,331.34,331.35,0.0,159.62,53425.02,1
2026-06-29,2026-06-29 14:51:00,331.35,331.35,331.35,331.35,0.0,159.62,53425.02,0
2026-06-29,2026-06-29 14:52:00,331.35,331.36,331.35,331.36,0.0,159.62,53425.02,1
2026-06-29,2026-06-29 14:53:00,331.36,331.36,331.36,331.36,0.0,159.62,53425.02,0
2026-06-29,2026-06-29 14:54:00,331.36,331.37,331.36,331.37,0.0,159.62,53425.02,1
2026-06-29,2026-06-29 14:55:00,331.37,331.38,331.37,331.38,0.0,159.62,53425.02,1
2026-06-29,2026-06-29 14:56:00,331.38,331.38,331.38,331.38,0.0,159.62,53425.02,0
2026-06-29,2026-06-29 14:57:00,331.38,331.39,331.38,331.39,0.0,159.62,53425.02,1
2026-06-29,2026-06-29 14:58:00,331.39,331.39,331.39,331.39,0.0,159.62,53425.02,0
2026-06-29,2026-06-29 14:59:00,331.39,331.4,331.39,331.4,0.0,159.62,53425.02,1
2026-06-29,2026-06-29 15:00:00,331.4,345.0,330.0,331.4,0.0,159.62,53425.02,0
2026-06-30,2026-06-30 11:00:00,314.9,322.37,314.9,314.94,0.01,174.03,57196.27,1
2026-06-30,2026-06-30 11:01:00,314.94,314.98,314.94,314.98,0.01,174.03,57196.27,1
2026-06-30,2026-06-30 11:02:00,314.98,315.03,314.98,315.03,0.02,174.03,57196.27,1
2026-06-30,2026-06-30 11:03:00,315.03,315.07,315.03,315.07,0.01,174.03,57196.27,1
2026-06-30,2026-06-30 11:04:00,315.07,315.11,315.07,315.11,0.01,174.03,57196.27,1
2026-06-30,2026-06-30 11:05:00,315.11,315.15,315.11,315.15,0.01,174.03,57196.27,1
2026-06-30,2026-06-30 11:06:00,315.15,315.19,315.15,315.19,0.01,174.03,57196.27,1
2026-06-30,2026-06-30 11:07:00,315.19,315.24,315.19,315.24,0.02,174.03,57196.27,1
2026-06-30,2026-06-30 11:08:00,315.24,315.28,315.24,315.28,0.01,174.03,57196.27,1
2026-06-30,2026-06-30 11:09:00,315.28,315.32,315.28,315.32,0.01,174.03,57196.27,1
2026-06-30,2026-06-30 11:10:00,315.32,315.36,315.32,315.36,0.01,174.03,57196.27,1
2026-06-30,2026-06-30 11:11:00,315.36,315.4,315.36,315.4,0.01,174.03,57196.27,1
2026-06-30,2026-06-30 11:12:00,315.4,315.45,315.4,315.45,0.02,174.03,57196.27,1
2026-06-30,2026-06-30 11:13:00,315.45,315.49,315.45,315.49,0.01,174.03,57196.27,1
2026-06-30,2026-06-30 11:14:00,315.49,315.53,315.49,315.53,0.01,174.03,57196.27,1
2026-06-30,2026-06-30 11:15:00,315.53,315.57,315.53,315.57,0.01,174.03,57196.27,1
2026-06-30,2026-06-30 11:16:00,315.57,315.62,315.57,315.62,0.02,174.03,57196.27,1
2026-06-30,2026-06-30 11:17:00,315.62,315.66,315.62,315.66,0.01,174.03,57196.27,1
2026-06-30,2026-06-30 11:18:00,315.66,315.7,315.66,315.7,0.01,174.03,57196.27,1
2026-06-30,2026-06-30 11:19:00,315.7,315.74,315.7,315.74,0.01,174.03,57196.27,1
2026-06-30,2026-06-30 11:20:00,315.74,315.78,315.74,315.78,0.01,174.03,57196.27,1
2026-06-30,2026-06-30 11:21:00,315.78,315.83,315.78,315.83,0.02,174.03,57196.27,1
2026-06-30,2026-06-30 11:22:00,315.83,315.87,315.83,315.87,0.01,174.03,57196.27,1
2026-06-30,2026-06-30 11:23:00,315.87,315.91,315.87,315.91,0.01,174.03,57196.27,1
2026-06-30,2026-06-30 11:24:00,315.91,315.95,315.91,315.95,0.01,174.03,57196.27,1
2026-06-30,2026-06-30 11:25:00,315.95,315.99,315.95,315.99,0.01,174.03,57196.27,1
2026-06-30,2026-06-30 11:26:00,315.99,316.04,315.99,316.04,0.02,174.03,57196.27,1
2026-06-30,2026-06-30 11:27:00,316.04,316.08,316.04,316.08,0.01,174.03,57196.27,1
2026-06-30,2026-06-30 11:28:00,316.08,316.12,316.08,316.12,0.01,174.03,57196.27,1
2026-06-30,2026-06-30 11:29:00,316.12,316.16,316.12,316.16,0.01,174.03,57196.27,1
2026-06-30,2026-06-30 11:30:00,316.16,316.2,316.16,316.2,0.01,174.03,57196.27,1
2026-06-30,2026-06-30 11:31:00,316.2,316.25,316.2,316.25,0.02,174.03,57196.27,1
2026-06-30,2026-06-30 11:32:00,316.25,316.29,316.25,316.29,0.01,174.03,57196.27,1
2026-06-30,2026-06-30 11:33:00,316.29,316.33,316.29,316.33,0.01,174.03,57196.27,1
2026-06-30,2026-06-30 11:34:00,316.33,316.37,316.33,316.37,0.01,174.03,57196.27,1
2026-06-30,2026-06-30 11:35:00,316.37,316.41,316.37,316.41,0.01,174.03,57196.27,1
2026-06-30,2026-06-30 11:36:00,316.41,316.46,316.41,316.46,0.02,174.03,57196.27,1
2026-06-30,2026-06-30 11:37:00,316.46,316.5,316.46,316.5,0.01,174.03,57196.27,1
2026-06-30,2026-06-30 11:38:00,316.5,316.54,316.5,316.54,0.01,174.03,57196.27,1
2026-06-30,2026-06-30 11:39:00,316.54,316.58,316.54,316.58,0.01,174.03,57196.27,1
2026-06-30,2026-06-30 11:40:00,316.58,316.63,316.58,316.63,0.02,174.03,57196.27,1
2026-06-30,2026-06-30 11:41:00,316.63,316.67,316.63,316.67,0.01,174.03,57196.27,1
2026-06-30,2026-06-30 11:42:00,316.67,316.71,316.67,316.71,0.01,174.03,57196.27,1
2026-06-30,2026-06-30 11:43:00,316.71,316.75,316.71,316.75,0.01,174.03,57196.27,1
2026-06-30,2026-06-30 11:44:00,316.75,316.79,316.75,316.79,0.01,174.03,57196.27,1
2026-06-30,2026-06-30 11:45:00,316.79,316.84,316.79,316.84,0.02,174.03,57196.27,1
2026-06-30,2026-06-30 11:46:00,316.84,316.88,316.84,316.88,0.01,174.03,57196.27,1
2026-06-30,2026-06-30 11:47:00,316.88,316.92,316.88,316.92,0.01,174.03,57196.27,1
2026-06-30,2026-06-30 11:48:00,316.92,316.96,316.92,316.96,0.01,174.03,57196.27,1
2026-06-30,2026-06-30 11:49:00,316.96,317.0,316.96,317.0,0.01,174.03,57196.27,1
2026-06-30,2026-06-30 11:50:00,317.0,317.05,317.0,317.05,0.02,174.03,57196.27,1
2026-06-30,2026-06-30 11:51:00,317.05,317.09,317.05,317.09,0.01,174.03,57196.27,1
2026-06-30,2026-06-30 11:52:00,317.09,317.13,317.09,317.13,0.01,174.03,57196.27,1
2026-06-30,2026-06-30 11:53:00,317.13,317.17,317.13,317.17,0.01,174.03,57196.27,1
2026-06-30,2026-06-30 11:54:00,317.17,317.21,317.17,317.21,0.01,174.03,57196.27,1
2026-06-30,2026-06-30 11:55:00,317.21,317.26,317.21,317.26,0.02,174.03,57196.27,1
2026-06-30,2026-06-30 11:56:00,317.26,317.3,317.26,317.3,0.01,174.03,57196.27,1
2026-06-30,2026-06-30 11:57:00,317.3,317.34,317.3,317.34,0.01,174.03,57196.27,1
2026-06-30,2026-06-30 11:58:00,317.34,317.38,317.34,317.38,0.01,174.03,57196.27,1
2026-06-30,2026-06-30 11:59:00,317.38,317.42,317.38,317.42,0.01,174.03,57196.27,1
2026-06-30,2026-06-30 12:00:00,317.42,317.47,317.42,317.47,0.02,174.03,57196.27,1
2026-06-30,2026-06-30 12:01:00,317.47,317.51,317.47,317.51,0.01,174.03,57196.27,1
2026-06-30,2026-06-30 12:02:00,317.51,317.55,317.51,317.55,0.01,174.03,57196.27,1
2026-06-30,2026-06-30 12:03:00,317.55,317.59,317.55,317.59,0.01,174.03,57196.27,1
2026-06-30,2026-06-30 12:04:00,317.59,317.64,317.59,317.64,0.02,174.03,57196.27,1
2026-06-30,2026-06-30 12:05:00,317.64,317.68,317.64,317.68,0.01,174.03,57196.27,1
2026-06-30,2026-06-30 12:06:00,317.68,317.72,317.68,317.72,0.01,174.03,57196.27,1
2026-06-30,2026-06-30 12:07:00,317.72,317.76,317.72,317.76,0.01,174.03,57196.27,1
2026-06-30,2026-06-30 12:08:00,317.76,317.8,317.76,317.8,0.01,174.03,57196.27,1
2026-06-30,2026-06-30 12:09:00,317.8,317.85,317.8,317.85,0.02,174.03,57196.27,1
2026-06-30,2026-06-30 12:10:00,317.85,317.89,317.85,317.89,0.01,174.03,57196.27,1
2026-06-30,2026-06-30 12:11:00,317.89,317.93,317.89,317.93,0.01,174.03,57196.27,1
2026-06-30,2026-06-30 12:12:00,317.93,317.97,317.93,317.97,0.01,174.03,57196.27,1
2026-06-30,2026-06-30 12:13:00,317.97,318.01,317.97,318.01,0.01,174.03,57196.27,1
2026-06-30,2026-06-30 12:14:00,318.01,318.06,318.01,318.06,0.02,174.03,57196.27,1
2026-06-30,2026-06-30 12:15:00,318.06,318.1,318.06,318.1,0.01,174.03,57196.27,1
2026-06-30,2026-06-30 12:16:00,318.1,318.14,318.1,318.14,0.01,174.03,57196.27,1
2026-06-30,2026-06-30 12:17:00,318.14,318.18,318.14,318.18,0.01,174.03,57196.27,1
2026-06-30,2026-06-30 12:18:00,318.18,318.22,318.18,318.22,0.01,174.03,57196.27,1
2026-06-30,2026-06-30 12:19:00,318.22,318.27,318.22,318.27,0.02,174.03,57196.27,1
2026-06-30,2026-06-30 12:20:00,318.27,318.31,318.27,318.31,0.01,174.03,57196.27,1
2026-06-30,2026-06-30 12:21:00,318.31,318.35,318.31,318.35,0.01,174.03,57196.27,1
2026-06-30,2026-06-30 12:22:00,318.35,318.39,318.35,318.39,0.01,174.03,57196.27,1
2026-06-30,2026-06-30 12:23:00,318.39,318.44,318.39,318.44,0.02,174.03,57196.27,1
2026-06-30,2026-06-30 12:24:00,318.44,318.48,318.44,318.48,0.01,174.03,57196.27,1
2026-06-30,2026-06-30 12:25:00,318.48,318.52,318.48,318.52,0.01,174.03,57196.27,1
2026-06-30,2026-06-30 12:26:00,318.52,318.56,318.52,318.56,0.01,174.03,57196.27,1
2026-06-30,2026-06-30 12:27:00,318.56,318.6,318.56,318.6,0.01,174.03,57196.27,1
2026-06-30,2026-06-30 12:28:00,318.6,318.65,318.6,318.65,0.02,174.03,57196.27,1
2026-06-30,2026-06-30 12:29:00,318.65,318.69,318.65,318.69,0.01,174.03,57196.27,1
2026-06-30,2026-06-30 12:30:00,318.69,318.73,318.69,318.73,0.01,174.03,57196.27,1
2026-06-30,2026-06-30 12:31:00,318.73,318.77,318.73,318.77,0.01,174.03,57196.27,1
2026-06-30,2026-06-30 12:32:00,318.77,318.81,318.77,318.81,0.01,174.03,57196.27,1
2026-06-30,2026-06-30 12:33:00,318.81,318.86,318.81,318.86,0.02,174.03,57196.27,1
2026-06-30,2026-06-30 12:34:00,318.86,318.9,318.86,318.9,0.01,174.03,57196.27,1
2026-06-30,2026-06-30 12:35:00,318.9,318.94,318.9,318.94,0.01,174.03,57196.27,1
2026-06-30,2026-06-30 12:36:00,318.94,318.98,318.94,318.98,0.01,174.03,57196.27,1
2026-06-30,2026-06-30 12:37:00,318.98,319.02,318.98,319.02,0.01,174.03,57196.27,1
2026-06-30,2026-06-30 12:38:00,319.02,319.07,319.02,319.07,0.02,174.03,57196.27,1
2026-06-30,2026-06-30 12:39:00,319.07,319.11,319.07,319.11,0.01,174.03,57196.27,1
2026-06-30,2026-06-30 12:40:00,319.11,319.15,319.11,319.15,0.01,174.03,57196.27,1
2026-06-30,2026-06-30 12:41:00,319.15,319.19,319.15,319.19,0.01,174.03,57196.27,1
2026-06-30,2026-06-30 12:42:00,319.19,319.23,319.19,319.23,0.01,174.03,57196.27,1
2026-06-30,2026-06-30 12:43:00,319.23,319.28,319.23,319.28,0.02,174.03,57196.27,1
2026-06-30,2026-06-30 12:44:00,319.28,319.32,319.28,319.32,0.01,174.03,57196.27,1
2026-06-30,2026-06-30 12:45:00,319.32,319.36,319.32,319.36,0.01,174.03,57196.27,1
2026-06-30,2026-06-30 12:46:00,319.36,319.4,319.36,319.4,0.01,174.03,57196.27,1
2026-06-30,2026-06-30 12:47:00,319.4,319.44,319.4,319.44,0.01,174.03,57196.27,1
2026-06-30,2026-06-30 12:48:00,319.44,319.49,319.44,319.49,0.02,174.03,57196.27,1
2026-06-30,2026-06-30 12:49:00,319.49,319.53,319.49,319.53,0.01,174.03,57196.27,1
2026-06-30,2026-06-30 12:50:00,319.53,319.57,319.53,319.57,0.01,174.03,57196.27,1
2026-06-30,2026-06-30 12:51:00,319.57,319.61,319.57,319.61,0.01,174.03,57196.27,1
2026-06-30,2026-06-30 12:52:00,319.61,319.66,319.61,319.66,0.02,174.03,57196.27,1
2026-06-30,2026-06-30 12:53:00,319.66,319.7,319.66,319.7,0.01,174.03,57196.27,1
2026-06-30,2026-06-30 12:54:00,319.7,319.74,319.7,319.74,0.01,174.03,57196.27,1
2026-06-30,2026-06-30 12:55:00,319.74,319.78,319.74,319.78,0.01,174.03,57196.27,1
2026-06-30,2026-06-30 12:56:00,319.78,319.82,319.78,319.82,0.01,174.03,57196.27,1
2026-06-30,2026-06-30 12:57:00,319.82,319.87,319.82,319.87,0.02,174.03,57196.27,1
2026-06-30,2026-06-30 12:58:00,319.87,319.91,319.87,319.91,0.01,174.03,57196.27,1
2026-06-30,2026-06-30 12:59:00,319.91,319.95,319.91,319.95,0.01,174.03,57196.27,1
2026-06-30,2026-06-30 13:00:00,319.95,339.8,314.9,319.99,0.01,174.03,57196.27,1
2026-06-30,2026-06-30 13:01:00,319.99,320.03,319.99,320.03,0.01,174.03,57196.27,1
2026-06-30,2026-06-30 13:02:00,320.03,320.08,320.03,320.08,0.02,174.03,57196.27,1
2026-06-30,2026-06-30 13:03:00,320.08,320.12,320.08,320.12,0.01,174.03,57196.27,1
2026-06-30,2026-06-30 13:04:00,320.12,320.16,320.12,320.16,0.01,174.03,57196.27,1
2026-06-30,2026-06-30 13:05:00,320.16,320.2,320.16,320.2,0.01,174.03,57196.27,1
2026-06-30,2026-06-30 13:06:00,320.2,320.24,320.2,320.24,0.01,174.03,57196.27,1
2026-06-30,2026-06-30 13:07:00,320.24,320.29,320.24,320.29,0.02,174.03,57196.27,1
2026-06-30,2026-06-30 13:08:00,320.29,320.33,320.29,320.33,0.01,174.03,57196.27,1
2026-06-30,2026-06-30 13:09:00,320.33,320.37,320.33,320.37,0.01,174.03,57196.27,1
2026-06-30,2026-06-30 13:10:00,320.37,320.41,320.37,320.41,0.01,174.03,57196.27,1
2026-06-30,2026-06-30 13:11:00,320.41,320.45,320.41,320.45,0.01,174.03,57196.27,1
2026-06-30,2026-06-30 13:12:00,320.45,320.5,320.45,320.5,0.02,174.03,57196.27,1
2026-06-30,2026-06-30 13:13:00,320.5,320.54,320.5,320.54,0.01,174.03,57196.27,1
2026-06-30,2026-06-30 13:14:00,320.54,320.58,320.54,320.58,0.01,174.03,57196.27,1
2026-06-30,2026-06-30 13:15:00,320.58,320.62,320.58,320.62,0.01,174.03,57196.27,1
2026-06-30,2026-06-30 13:16:00,320.62,320.67,320.62,320.67,0.02,174.03,57196.27,1
2026-06-30,2026-06-30 13:17:00,320.67,320.71,320.67,320.71,0.01,174.03,57196.27,1
2026-06-30,2026-06-30 13:18:00,320.71,320.75,320.71,320.75,0.01,174.03,57196.27,1
2026-06-30,2026-06-30 13:19:00,320.75,320.79,320.75,320.79,0.01,174.03,57196.27,1
2026-06-30,2026-06-30 13:20:00,320.79,320.83,320.79,320.83,0.01,174.03,57196.27,1
2026-06-30,2026-06-30 13:21:00,320.83,320.88,320.83,320.88,0.02,174.03,57196.27,1
2026-06-30,2026-06-30 13:22:00,320.88,320.92,320.88,320.92,0.01,174.03,57196.27,1
2026-06-30,2026-06-30 13:23:00,320.92,320.96,320.92,320.96,0.01,174.03,57196.27,1
2026-06-30,2026-06-30 13:24:00,320.96,321.0,320.96,321.0,0.01,174.03,57196.27,1
2026-06-30,2026-06-30 13:25:00,321.0,321.04,321.0,321.04,0.01,174.03,57196.27,1
2026-06-30,2026-06-30 13:26:00,321.04,321.09,321.04,321.09,0.02,174.03,57196.27,1
2026-06-30,2026-06-30 13:27:00,321.09,321.13,321.09,321.13,0.01,174.03,57196.27,1
2026-06-30,2026-06-30 13:28:00,321.13,321.17,321.13,321.17,0.01,174.03,57196.27,1
2026-06-30,2026-06-30 13:29:00,321.17,321.21,321.17,321.21,0.01,174.03,57196.27,1
2026-06-30,2026-06-30 13:30:00,321.21,321.25,321.21,321.25,0.01,174.03,57196.27,1
2026-06-30,2026-06-30 13:31:00,321.25,321.3,321.25,321.3,0.02,174.03,57196.27,1
2026-06-30,2026-06-30 13:32:00,321.3,321.34,321.3,321.34,0.01,174.03,57196.27,1
2026-06-30,2026-06-30 13:33:00,321.34,321.38,321.34,321.38,0.01,174.03,57196.27,1
2026-06-30,2026-06-30 13:34:00,321.38,321.42,321.38,321.42,0.01,174.03,57196.27,1
2026-06-30,2026-06-30 13:35:00,321.42,321.46,321.42,321.46,0.01,174.03,57196.27,1
2026-06-30,2026-06-30 13:36:00,321.46,321.51,321.46,321.51,0.02,174.03,57196.27,1
2026-06-30,2026-06-30 13:37:00,321.51,321.55,321.51,321.55,0.01,174.03,57196.27,1
2026-06-30,2026-06-30 13:38:00,321.55,321.59,321.55,321.59,0.01,174.03,57196.27,1
2026-06-30,2026-06-30 13:39:00,321.59,321.63,321.59,321.63,0.01,174.03,57196.27,1
2026-06-30,2026-06-30 13:40:00,321.63,321.68,321.63,321.68,0.02,174.03,57196.27,1
2026-06-30,2026-06-30 13:41:00,321.68,321.72,321.68,321.72,0.01,174.03,57196.27,1
2026-06-30,2026-06-30 13:42:00,321.72,321.76,321.72,321.76,0.01,174.03,57196.27,1
2026-06-30,2026-06-30 13:43:00,321.76,321.8,321.76,321.8,0.01,174.03,57196.27,1
2026-06-30,2026-06-30 13:44:00,321.8,321.84,321.8,321.84,0.01,174.03,57196.27,1
2026-06-30,2026-06-30 13:45:00,321.84,321.89,321.84,321.89,0.02,174.03,57196.27,1
2026-06-30,2026-06-30 13:46:00,321.89,321.93,321.89,321.93,0.01,174.03,57196.27,1
2026-06-30,2026-06-30 13:47:00,321.93,321.97,321.93,321.97,0.01,174.03,57196.27,1
2026-06-30,2026-06-30 13:48:00,321.97,322.01,321.97,322.01,0.01,174.03,57196.27,1
2026-06-30,2026-06-30 13:49:00,322.01,322.05,322.01,322.05,0.01,174.03,57196.27,1
2026-06-30,2026-06-30 13:50:00,322.05,322.1,322.05,322.1,0.02,174.03,57196.27,1
2026-06-30,2026-06-30 13:51:00,322.1,322.14,322.1,322.14,0.01,174.03,57196.27,1
2026-06-30,2026-06-30 13:52:00,322.14,322.18,322.14,322.18,0.01,174.03,57196.27,1
2026-06-30,2026-06-30 13:53:00,322.18,322.22,322.18,322.22,0.01,174.03,57196.27,1
2026-06-30,2026-06-30 13:54:00,322.22,322.26,322.22,322.26,0.01,174.03,57196.27,1
2026-06-30,2026-06-30 13:55:00,322.26,322.31,322.26,322.31,0.02,174.03,57196.27,1
2026-06-30,2026-06-30 13:56:00,322.31,322.35,322.31,322.35,0.01,174.03,57196.27,1
2026-06-30,2026-06-30 13:57:00,322.35,322.39,322.35,322.39,0.01,174.03,57196.27,1
2026-06-30,2026-06-30 13:58:00,322.39,322.43,322.39,322.43,0.01,174.03,57196.27,1
2026-06-30,2026-06-30 13:59:00,322.43,322.48,322.43,322.48,0.02,174.03,57196.27,1
2026-06-30,2026-06-30 14:00:00,322.48,322.52,322.48,322.52,0.01,174.03,57196.27,1
2026-06-30,2026-06-30 14:01:00,322.52,322.56,322.52,322.56,0.01,174.03,57196.27,1
2026-06-30,2026-06-30 14:02:00,322.56,322.6,322.56,322.6,0.01,174.03,57196.27,1
2026-06-30,2026-06-30 14:03:00,322.6,322.64,322.6,322.64,0.01,174.03,57196.27,1
2026-06-30,2026-06-30 14:04:00,322.64,322.69,322.64,322.69,0.02,174.03,57196.27,1
2026-06-30,2026-06-30 14:05:00,322.69,322.73,322.69,322.73,0.01,174.03,57196.27,1
2026-06-30,2026-06-30 14:06:00,322.73,322.77,322.73,322.77,0.01,174.03,57196.27,1
2026-06-30,2026-06-30 14:07:00,322.77,322.81,322.77,322.81,0.01,174.03,57196.27,1
2026-06-30,2026-06-30 14:08:00,322.81,322.85,322.81,322.85,0.01,174.03,57196.27,1
2026-06-30,2026-06-30 14:09:00,322.85,322.9,322.85,322.9,0.02,174.03,57196.27,1
2026-06-30,2026-06-30 14:10:00,322.9,322.94,322.9,322.94,0.01,174.03,57196.27,1
2026-06-30,2026-06-30 14:11:00,322.94,322.98,322.94,322.98,0.01,174.03,57196.27,1
2026-06-30,2026-06-30 14:12:00,322.98,323.02,322.98,323.02,0.01,174.03,57196.27,1
2026-06-30,2026-06-30 14:13:00,323.02,323.06,323.02,323.06,0.01,174.03,57196.27,1
2026-06-30,2026-06-30 14:14:00,323.06,323.11,323.06,323.11,0.02,174.03,57196.27,1
2026-06-30,2026-06-30 14:15:00,323.11,323.15,323.11,323.15,0.01,174.03,57196.27,1
2026-06-30,2026-06-30 14:16:00,323.15,323.19,323.15,323.19,0.01,174.03,57196.27,1
2026-06-30,2026-06-30 14:17:00,323.19,323.23,323.19,323.23,0.01,174.03,57196.27,1
2026-06-30,2026-06-30 14:18:00,323.23,323.27,323.23,323.27,0.01,174.03,57196.27,1
2026-06-30,2026-06-30 14:19:00,323.27,323.32,323.27,323.32,0.02,174.03,57196.27,1
2026-06-30,2026-06-30 14:20:00,323.32,323.36,323.32,323.36,0.01,174.03,57196.27,1
2026-06-30,2026-06-30 14:21:00,323.36,323.4,323.36,323.4,0.01,174.03,57196.27,1
2026-06-30,2026-06-30 14:22:00,323.4,323.44,323.4,323.44,0.01,174.03,57196.27,1
2026-06-30,2026-06-30 14:23:00,323.44,323.49,323.44,323.49,0.02,174.03,57196.27,1
2026-06-30,2026-06-30 14:24:00,323.49,323.53,323.49,323.53,0.01,174.03,57196.27,1
2026-06-30,2026-06-30 14:25:00,323.53,323.57,323.53,323.57,0.01,174.03,57196.27,1
2026-06-30,2026-06-30 14:26:00,323.57,323.61,323.57,323.61,0.01,174.03,57196.27,1
2026-06-30,2026-06-30 14:27:00,323.61,323.65,323.61,323.65,0.01,174.03,57196.27,1
2026-06-30,2026-06-30 14:28:00,323.65,323.7,323.65,323.7,0.02,174.03,57196.27,1
2026-06-30,2026-06-30 14:29:00,323.7,323.74,323.7,323.74,0.01,174.03,57196.27,1
2026-06-30,2026-06-30 14:30:00,323.74,323.78,323.74,323.78,0.01,174.03,57196.27,1
2026-06-30,2026-06-30 14:31:00,323.78,323.82,323.78,323.82,0.01,174.03,57196.27,1
2026-06-30,2026-06-30 14:32:00,323.82,323.86,323.82,323.86,0.01,174.03,57196.27,1
2026-06-30,2026-06-30 14:33:00,323.86,323.91,323.86,323.91,0.02,174.03,57196.27,1
2026-06-30,2026-06-30 14:34:00,323.91,323.95,323.91,323.95,0.01,174.03,57196.27,1
2026-06-30,2026-06-30 14:35:00,323.95,323.99,323.95,323.99,0.01,174.03,57196.27,1
2026-06-30,2026-06-30 14:36:00,323.99,324.03,323.99,324.03,0.01,174.03,57196.27,1
2026-06-30,2026-06-30 14:37:00,324.03,324.07,324.03,324.07,0.01,174.03,57196.27,1
2026-06-30,2026-06-30 14:38:00,324.07,324.12,324.07,324.12,0.02,174.03,57196.27,1
2026-06-30,2026-06-30 14:39:00,324.12,324.16,324.12,324.16,0.01,174.03,57196.27,1
2026-06-30,2026-06-30 14:40:00,324.16,324.2,324.16,324.2,0.01,174.03,57196.27,1
2026-06-30,2026-06-30 14:41:00,324.2,324.24,324.2,324.24,0.01,174.03,57196.27,1
2026-06-30,2026-06-30 14:42:00,324.24,324.28,324.24,324.28,0.01,174.03,57196.27,1
2026-06-30,2026-06-30 14:43:00,324.28,324.33,324.28,324.33,0.02,174.03,57196.27,1
2026-06-30,2026-06-30 14:44:00,324.33,324.37,324.33,324.37,0.01,174.03,57196.27,1
2026-06-30,2026-06-30 14:45:00,324.37,324.41,324.37,324.41,0.01,174.03,57196.27,1
2026-06-30,2026-06-30 14:46:00,324.41,324.45,324.41,324.45,0.01,174.03,57196.27,1
2026-06-30,2026-06-30 14:47:00,324.45,324.5,324.45,324.5,0.02,174.03,57196.27,1
2026-06-30,2026-06-30 14:48:00,324.5,324.54,324.5,324.54,0.01,174.03,57196.27,1
2026-06-30,2026-06-30 14:49:00,324.54,324.58,324.54,324.58,0.01,174.03,57196.27,1
2026-06-30,2026-06-30 14:50:00,324.58,324.62,324.58,324.62,0.01,174.03,57196.27,1
2026-06-30,2026-06-30 14:51:00,324.62,324.66,324.62,324.66,0.01,174.03,57196.27,1
2026-06-30,2026-06-30 14:52:00,324.66,324.71,324.66,324.71,0.02,174.03,57196.27,1
2026-06-30,2026-06-30 14:53:00,324.71,324.75,324.71,324.75,0.01,174.03,57196.27,1
2026-06-30,2026-06-30 14:54:00,324.75,324.79,324.75,324.79,0.01,174.03,57196.27,1
2026-06-30,2026-06-30 14:55:00,324.79,324.83,324.79,324.83,0.01,174.03,57196.27,1
2026-06-30,2026-06-30 14:56:00,324.83,324.87,324.83,324.87,0.01,174.03,57196.27,1
2026-06-30,2026-06-30 14:57:00,324.87,324.92,324.87,324.92,0.02,174.03,57196.27,1
2026-06-30,2026-06-30 14:58:00,324.92,324.96,324.92,324.96,0.01,174.03,57196.27,1
2026-06-30,2026-06-30 14:59:00,324.96,325.0,324.96,325.0,0.01,174.03,57196.27,1
2026-06-30,2026-06-30 15:00:00,325.0,339.8,314.9,325.0,0.0,174.03,57196.27,0
2026-07-01,2026-07-01 11:00:00,325.0,328.75,325.0,325.05,0.02,90.24,30121.24,1
2026-07-01,2026-07-01 11:01:00,325.05,325.1,325.05,325.1,0.02,90.24,30121.24,1
2026-07-01,2026-07-01 11:02:00,325.1,325.15,325.1,325.15,0.02,90.24,30121.24,1
2026-07-01,2026-07-01 11:03:00,325.15,325.21,325.15,325.21,0.02,90.24,30121.24,1
2026-07-01,2026-07-01 11:04:00,325.21,325.26,325.21,325.26,0.02,90.24,30121.24,1
2026-07-01,2026-07-01 11:05:00,325.26,325.31,325.26,325.31,0.02,90.24,30121.24,1
2026-07-01,2026-07-01 11:06:00,325.31,325.36,325.31,325.36,0.02,90.24,30121.24,1
2026-07-01,2026-07-01 11:07:00,325.36,325.41,325.36,325.41,0.02,90.24,30121.24,1
2026-07-01,2026-07-01 11:08:00,325.41,325.46,325.41,325.46,0.02,90.24,30121.24,1
2026-07-01,2026-07-01 11:09:00,325.46,325.52,325.46,325.52,0.02,90.24,30121.24,1
2026-07-01,2026-07-01 11:10:00,325.52,325.57,325.52,325.57,0.02,90.24,30121.24,1
2026-07-01,2026-07-01 11:11:00,325.57,325.62,325.57,325.62,0.02,90.24,30121.24,1
2026-07-01,2026-07-01 11:12:00,325.62,325.67,325.62,325.67,0.02,90.24,30121.24,1
2026-07-01,2026-07-01 11:13:00,325.67,325.72,325.67,325.72,0.02,90.24,30121.24,1
2026-07-01,2026-07-01 11:14:00,325.72,325.77,325.72,325.77,0.02,90.24,30121.24,1
2026-07-01,2026-07-01 11:15:00,325.77,325.83,325.77,325.83,0.02,90.24,30121.24,1
2026-07-01,2026-07-01 11:16:00,325.83,325.88,325.83,325.88,0.02,90.24,30121.24,1
2026-07-01,2026-07-01 11:17:00,325.88,325.93,325.88,325.93,0.02,90.24,30121.24,1
2026-07-01,2026-07-01 11:18:00,325.93,325.98,325.93,325.98,0.02,90.24,30121.24,1
2026-07-01,2026-07-01 11:19:00,325.98,326.03,325.98,326.03,0.02,90.24,30121.24,1
2026-07-01,2026-07-01 11:20:00,326.03,326.08,326.03,326.08,0.02,90.24,30121.24,1
2026-07-01,2026-07-01 11:21:00,326.08,326.14,326.08,326.14,0.02,90.24,30121.24,1
2026-07-01,2026-07-01 11:22:00,326.14,326.19,326.14,326.19,0.02,90.24,30121.24,1
2026-07-01,2026-07-01 11:23:00,326.19,326.24,326.19,326.24,0.02,90.24,30121.24,1
2026-07-01,2026-07-01 11:24:00,326.24,326.29,326.24,326.29,0.02,90.24,30121.24,1
2026-07-01,2026-07-01 11:25:00,326.29,326.34,326.29,326.34,0.02,90.24,30121.24,1
2026-07-01,2026-07-01 11:26:00,326.34,326.39,326.34,326.39,0.02,90.24,30121.24,1
2026-07-01,2026-07-01 11:27:00,326.39,326.45,326.39,326.45,0.02,90.24,30121.24,1
2026-07-01,2026-07-01 11:28:00,326.45,326.5,326.45,326.5,0.02,90.24,30121.24,1
2026-07-01,2026-07-01 11:29:00,326.5,326.55,326.5,326.55,0.02,90.24,30121.24,1
2026-07-01,2026-07-01 11:30:00,326.55,326.6,326.55,326.6,0.02,90.24,30121.24,1
2026-07-01,2026-07-01 11:31:00,326.6,326.65,326.6,326.65,0.02,90.24,30121.24,1
2026-07-01,2026-07-01 11:32:00,326.65,326.7,326.65,326.7,0.02,90.24,30121.24,1
2026-07-01,2026-07-01 11:33:00,326.7,326.76,326.7,326.76,0.02,90.24,30121.24,1
2026-07-01,2026-07-01 11:34:00,326.76,326.81,326.76,326.81,0.02,90.24,30121.24,1
2026-07-01,2026-07-01 11:35:00,326.81,326.86,326.81,326.86,0.02,90.24,30121.24,1
2026-07-01,2026-07-01 11:36:00,326.86,326.91,326.86,326.91,0.02,90.24,30121.24,1
2026-07-01,2026-07-01 11:37:00,326.91,326.96,326.91,326.96,0.02,90.24,30121.24,1
2026-07-01,2026-07-01 11:38:00,326.96,327.01,326.96,327.01,0.02,90.24,30121.24,1
2026-07-01,2026-07-01 11:39:00,327.01,327.07,327.01,327.07,0.02,90.24,30121.24,1
2026-07-01,2026-07-01 11:40:00,327.07,327.12,327.07,327.12,0.02,90.24,30121.24,1
2026-07-01,2026-07-01 11:41:00,327.12,327.17,327.12,327.17,0.02,90.24,30121.24,1
2026-07-01,2026-07-01 11:42:00,327.17,327.22,327.17,327.22,0.02,90.24,30121.24,1
2026-07-01,2026-07-01 11:43:00,327.22,327.27,327.22,327.27,0.02,90.24,30121.24,1
2026-07-01,2026-07-01 11:44:00,327.27,327.32,327.27,327.32,0.02,90.24,30121.24,1
2026-07-01,2026-07-01 11:45:00,327.32,327.38,327.32,327.38,0.02,90.24,30121.24,1
2026-07-01,2026-07-01 11:46:00,327.38,327.43,327.38,327.43,0.02,90.24,30121.24,1
2026-07-01,2026-07-01 11:47:00,327.43,327.48,327.43,327.48,0.02,90.24,30121.24,1
2026-07-01,2026-07-01 11:48:00,327.48,327.53,327.48,327.53,0.02,90.24,30121.24,1
2026-07-01,2026-07-01 11:49:00,327.53,327.58,327.53,327.58,0.02,90.24,30121.24,1
2026-07-01,2026-07-01 11:50:00,327.58,327.63,327.58,327.63,0.02,90.24,30121.24,1
2026-07-01,2026-07-01 11:51:00,327.63,327.69,327.63,327.69,0.02,90.24,30121.24,1
2026-07-01,2026-07-01 11:52:00,327.69,327.74,327.69,327.74,0.02,90.24,30121.24,1
2026-07-01,2026-07-01 11:53:00,327.74,327.79,327.74,327.79,0.02,90.24,30121.24,1
2026-07-01,2026-07-01 11:54:00,327.79,327.84,327.79,327.84,0.02,90.24,30121.24,1
2026-07-01,2026-07-01 11:55:00,327.84,327.89,327.84,327.89,0.02,90.24,30121.24,1
2026-07-01,2026-07-01 11:56:00,327.89,327.94,327.89,327.94,0.02,90.24,30121.24,1
2026-07-01,2026-07-01 11:57:00,327.94,328.0,327.94,328.0,0.02,90.24,30121.24,1
2026-07-01,2026-07-01 11:58:00,328.0,328.05,328.0,328.05,0.02,90.24,30121.24,1
2026-07-01,2026-07-01 11:59:00,328.05,328.1,328.05,328.1,0.02,90.24,30121.24,1
2026-07-01,2026-07-01 12:00:00,328.1,328.15,328.1,328.15,0.02,90.24,30121.24,1
2026-07-01,2026-07-01 12:01:00,328.15,328.2,328.15,328.2,0.02,90.24,30121.24,1
2026-07-01,2026-07-01 12:02:00,328.2,328.25,328.2,328.25,0.02,90.24,30121.24,1
2026-07-01,2026-07-01 12:03:00,328.25,328.31,328.25,328.31,0.02,90.24,30121.24,1
2026-07-01,2026-07-01 12:04:00,328.31,328.36,328.31,328.36,0.02,90.24,30121.24,1
2026-07-01,2026-07-01 12:05:00,328.36,328.41,328.36,328.41,0.02,90.24,30121.24,1
2026-07-01,2026-07-01 12:06:00,328.41,328.46,328.41,328.46,0.02,90.24,30121.24,1
2026-07-01,2026-07-01 12:07:00,328.46,328.51,328.46,328.51,0.02,90.24,30121.24,1
2026-07-01,2026-07-01 12:08:00,328.51,328.56,328.51,328.56,0.02,90.24,30121.24,1
2026-07-01,2026-07-01 12:09:00,328.56,328.62,328.56,328.62,0.02,90.24,30121.24,1
2026-07-01,2026-07-01 12:10:00,328.62,328.67,328.62,328.67,0.02,90.24,30121.24,1
2026-07-01,2026-07-01 12:11:00,328.67,328.72,328.67,328.72,0.02,90.24,30121.24,1
2026-07-01,2026-07-01 12:12:00,328.72,328.77,328.72,328.77,0.02,90.24,30121.24,1
2026-07-01,2026-07-01 12:13:00,328.77,328.82,328.77,328.82,0.02,90.24,30121.24,1
2026-07-01,2026-07-01 12:14:00,328.82,328.88,328.82,328.88,0.02,90.24,30121.24,1
2026-07-01,2026-07-01 12:15:00,328.88,328.93,328.88,328.93,0.02,90.24,30121.24,1
2026-07-01,2026-07-01 12:16:00,328.93,328.98,328.93,328.98,0.02,90.24,30121.24,1
2026-07-01,2026-07-01 12:17:00,328.98,329.03,328.98,329.03,0.02,90.24,30121.24,1
2026-07-01,2026-07-01 12:18:00,329.03,329.08,329.03,329.08,0.02,90.24,30121.24,1
2026-07-01,2026-07-01 12:19:00,329.08,329.13,329.08,329.13,0.02,90.24,30121.24,1
2026-07-01,2026-07-01 12:20:00,329.13,329.19,329.13,329.19,0.02,90.24,30121.24,1
2026-07-01,2026-07-01 12:21:00,329.19,329.24,329.19,329.24,0.02,90.24,30121.24,1
2026-07-01,2026-07-01 12:22:00,329.24,329.29,329.24,329.29,0.02,90.24,30121.24,1
2026-07-01,2026-07-01 12:23:00,329.29,329.34,329.29,329.34,0.02,90.24,30121.24,1
2026-07-01,2026-07-01 12:24:00,329.34,329.39,329.34,329.39,0.02,90.24,30121.24,1
2026-07-01,2026-07-01 12:25:00,329.39,329.44,329.39,329.44,0.02,90.24,30121.24,1
2026-07-01,2026-07-01 12:26:00,329.44,329.5,329.44,329.5,0.02,90.24,30121.24,1
2026-07-01,2026-07-01 12:27:00,329.5,329.55,329.5,329.55,0.02,90.24,30121.24,1
2026-07-01,2026-07-01 12:28:00,329.55,329.6,329.55,329.6,0.02,90.24,30121.24,1
2026-07-01,2026-07-01 12:29:00,329.6,329.65,329.6,329.65,0.02,90.24,30121.24,1
2026-07-01,2026-07-01 12:30:00,329.65,329.7,329.65,329.7,0.02,90.24,30121.24,1
2026-07-01,2026-07-01 12:31:00,329.7,329.75,329.7,329.75,0.02,90.24,30121.24,1
2026-07-01,2026-07-01 12:32:00,329.75,329.81,329.75,329.81,0.02,90.24,30121.24,1
2026-07-01,2026-07-01 12:33:00,329.81,329.86,329.81,329.86,0.02,90.24,30121.24,1
2026-07-01,2026-07-01 12:34:00,329.86,329.91,329.86,329.91,0.02,90.24,30121.24,1
2026-07-01,2026-07-01 12:35:00,329.91,329.96,329.91,329.96,0.02,90.24,30121.24,1
2026-07-01,2026-07-01 12:36:00,329.96,330.01,329.96,330.01,0.02,90.24,30121.24,1
2026-07-01,2026-07-01 12:37:00,330.01,330.06,330.01,330.06,0.02,90.24,30121.24,1
2026-07-01,2026-07-01 12:38:00,330.06,330.12,330.06,330.12,0.02,90.24,30121.24,1
2026-07-01,2026-07-01 12:39:00,330.12,330.17,330.12,330.17,0.02,90.24,30121.24,1
2026-07-01,2026-07-01 12:40:00,330.17,330.22,330.17,330.22,0.02,90.24,30121.24,1
2026-07-01,2026-07-01 12:41:00,330.22,330.27,330.22,330.27,0.02,90.24,30121.24,1
2026-07-01,2026-07-01 12:42:00,330.27,330.32,330.27,330.32,0.02,90.24,30121.24,1
2026-07-01,2026-07-01 12:43:00,330.32,330.37,330.32,330.37,0.02,90.24,30121.24,1
2026-07-01,2026-07-01 12:44:00,330.37,330.43,330.37,330.43,0.02,90.24,30121.24,1
2026-07-01,2026-07-01 12:45:00,330.43,330.48,330.43,330.48,0.02,90.24,30121.24,1
2026-07-01,2026-07-01 12:46:00,330.48,330.53,330.48,330.53,0.02,90.24,30121.24,1
2026-07-01,2026-07-01 12:47:00,330.53,330.58,330.53,330.58,0.02,90.24,30121.24,1
2026-07-01,2026-07-01 12:48:00,330.58,330.63,330.58,330.63,0.02,90.24,30121.24,1
2026-07-01,2026-07-01 12:49:00,330.63,330.68,330.63,330.68,0.02,90.24,30121.24,1
2026-07-01,2026-07-01 12:50:00,330.68,330.74,330.68,330.74,0.02,90.24,30121.24,1
2026-07-01,2026-07-01 12:51:00,330.74,330.79,330.74,330.79,0.02,90.24,30121.24,1
2026-07-01,2026-07-01 12:52:00,330.79,330.84,330.79,330.84,0.02,90.24,30121.24,1
2026-07-01,2026-07-01 12:53:00,330.84,330.89,330.84,330.89,0.02,90.24,30121.24,1
2026-07-01,2026-07-01 12:54:00,330.89,330.94,330.89,330.94,0.02,90.24,30121.24,1
2026-07-01,2026-07-01 12:55:00,330.94,330.99,330.94,330.99,0.02,90.24,30121.24,1
2026-07-01,2026-07-01 12:56:00,330.99,331.05,330.99,331.05,0.02,90.24,30121.24,1
2026-07-01,2026-07-01 12:57:00,331.05,331.1,331.05,331.1,0.02,90.24,30121.24,1
2026-07-01,2026-07-01 12:58:00,331.1,331.15,331.1,331.15,0.02,90.24,30121.24,1
2026-07-01,2026-07-01 12:59:00,331.15,331.2,331.15,331.2,0.02,90.24,30121.24,1
2026-07-01,2026-07-01 13:00:00,331.2,337.5,325.0,331.25,0.02,90.24,30121.24,1
2026-07-01,2026-07-01 13:01:00,331.25,331.3,331.25,331.3,0.02,90.24,30121.24,1
2026-07-01,2026-07-01 13:02:00,331.3,331.35,331.3,331.35,0.02,90.24,30121.24,1
2026-07-01,2026-07-01 13:03:00,331.35,331.41,331.35,331.41,0.02,90.24,30121.24,1
2026-07-01,2026-07-01 13:04:00,331.41,331.46,331.41,331.46,0.02,90.24,30121.24,1
2026-07-01,2026-07-01 13:05:00,331.46,331.51,331.46,331.51,0.02,90.24,30121.24,1
2026-07-01,2026-07-01 13:06:00,331.51,331.56,331.51,331.56,0.02,90.24,30121.24,1
2026-07-01,2026-07-01 13:07:00,331.56,331.61,331.56,331.61,0.02,90.24,30121.24,1
2026-07-01,2026-07-01 13:08:00,331.61,331.66,331.61,331.66,0.02,90.24,30121.24,1
2026-07-01,2026-07-01 13:09:00,331.66,331.72,331.66,331.72,0.02,90.24,30121.24,1
2026-07-01,2026-07-01 13:10:00,331.72,331.77,331.72,331.77,0.02,90.24,30121.24,1
2026-07-01,2026-07-01 13:11:00,331.77,331.82,331.77,331.82,0.02,90.24,30121.24,1
2026-07-01,2026-07-01 13:12:00,331.82,331.87,331.82,331.87,0.02,90.24,30121.24,1
2026-07-01,2026-07-01 13:13:00,331.87,331.92,331.87,331.92,0.02,90.24,30121.24,1
2026-07-01,2026-07-01 13:14:00,331.92,331.97,331.92,331.97,0.02,90.24,30121.24,1
2026-07-01,2026-07-01 13:15:00,331.97,332.03,331.97,332.03,0.02,90.24,30121.24,1
2026-07-01,2026-07-01 13:16:00,332.03,332.08,332.03,332.08,0.02,90.24,30121.24,1
2026-07-01,2026-07-01 13:17:00,332.08,332.13,332.08,332.13,0.02,90.24,30121.24,1
2026-07-01,2026-07-01 13:18:00,332.13,332.18,332.13,332.18,0.02,90.24,30121.24,1
2026-07-01,2026-07-01 13:19:00,332.18,332.23,332.18,332.23,0.02,90.24,30121.24,1
2026-07-01,2026-07-01 13:20:00,332.23,332.28,332.23,332.28,0.02,90.24,30121.24,1
2026-07-01,2026-07-01 13:21:00,332.28,332.34,332.28,332.34,0.02,90.24,30121.24,1
2026-07-01,2026-07-01 13:22:00,332.34,332.39,332.34,332.39,0.02,90.24,30121.24,1
2026-07-01,2026-07-01 13:23:00,332.39,332.44,332.39,332.44,0.02,90.24,30121.24,1
2026-07-01,2026-07-01 13:24:00,332.44,332.49,332.44,332.49,0.02,90.24,30121.24,1
2026-07-01,2026-07-01 13:25:00,332.49,332.54,332.49,332.54,0.02,90.24,30121.24,1
2026-07-01,2026-07-01 13:26:00,332.54,332.59,332.54,332.59,0.02,90.24,30121.24,1
2026-07-01,2026-07-01 13:27:00,332.59,332.65,332.59,332.65,0.02,90.24,30121.24,1
2026-07-01,2026-07-01 13:28:00,332.65,332.7,332.65,332.7,0.02,90.24,30121.24,1
2026-07-01,2026-07-01 13:29:00,332.7,332.75,332.7,332.75,0.02,90.24,30121.24,1
2026-07-01,2026-07-01 13:30:00,332.75,332.8,332.75,332.8,0.02,90.24,30121.24,1
2026-07-01,2026-07-01 13:31:00,332.8,332.85,332.8,332.85,0.02,90.24,30121.24,1
2026-07-01,2026-07-01 13:32:00,332.85,332.9,332.85,332.9,0.02,90.24,30121.24,1
2026-07-01,2026-07-01 13:33:00,332.9,332.96,332.9,332.96,0.02,90.24,30121.24,1
2026-07-01,2026-07-01 13:34:00,332.96,333.01,332.96,333.01,0.02,90.24,30121.24,1
2026-07-01,2026-07-01 13:35:00,333.01,333.06,333.01,333.06,0.02,90.24,30121.24,1
2026-07-01,2026-07-01 13:36:00,333.06,333.11,333.06,333.11,0.02,90.24,30121.24,1
2026-07-01,2026-07-01 13:37:00,333.11,333.16,333.11,333.16,0.02,90.24,30121.24,1
2026-07-01,2026-07-01 13:38:00,333.16,333.21,333.16,333.21,0.02,90.24,30121.24,1
2026-07-01,2026-07-01 13:39:00,333.21,333.27,333.21,333.27,0.02,90.24,30121.24,1
2026-07-01,2026-07-01 13:40:00,333.27,333.32,333.27,333.32,0.02,90.24,30121.24,1
2026-07-01,2026-07-01 13:41:00,333.32,333.37,333.32,333.37,0.02,90.24,30121.24,1
2026-07-01,2026-07-01 13:42:00,333.37,333.42,333.37,333.42,0.01,90.24,30121.24,1
2026-07-01,2026-07-01 13:43:00,333.42,333.47,333.42,333.47,0.01,90.24,30121.24,1
2026-07-01,2026-07-01 13:44:00,333.47,333.52,333.47,333.52,0.01,90.24,30121.24,1
2026-07-01,2026-07-01 13:45:00,333.52,333.58,333.52,333.58,0.02,90.24,30121.24,1
2026-07-01,2026-07-01 13:46:00,333.58,333.63,333.58,333.63,0.01,90.24,30121.24,1
2026-07-01,2026-07-01 13:47:00,333.63,333.68,333.63,333.68,0.01,90.24,30121.24,1
2026-07-01,2026-07-01 13:48:00,333.68,333.73,333.68,333.73,0.01,90.24,30121.24,1
2026-07-01,2026-07-01 13:49:00,333.73,333.78,333.73,333.78,0.01,90.24,30121.24,1
2026-07-01,2026-07-01 13:50:00,333.78,333.83,333.78,333.83,0.01,90.24,30121.24,1
2026-07-01,2026-07-01 13:51:00,333.83,333.89,333.83,333.89,0.02,90.24,30121.24,1
2026-07-01,2026-07-01 13:52:00,333.89,333.94,333.89,333.94,0.01,90.24,30121.24,1
2026-07-01,2026-07-01 13:53:00,333.94,333.99,333.94,333.99,0.01,90.24,30121.24,1
2026-07-01,2026-07-01 13:54:00,333.99,334.04,333.99,334.04,0.01,90.24,30121.24,1
2026-07-01,2026-07-01 13:55:00,334.04,334.09,334.04,334.09,0.01,90.24,30121.24,1
2026-07-01,2026-07-01 13:56:00,334.09,334.14,334.09,334.14,0.01,90.24,30121.24,1
2026-07-01,2026-07-01 13:57:00,334.14,334.2,334.14,334.2,0.02,90.24,30121.24,1
2026-07-01,2026-07-01 13:58:00,334.2,334.25,334.2,334.25,0.01,90.24,30121.24,1
2026-07-01,2026-07-01 13:59:00,334.25,334.3,334.25,334.3,0.01,90.24,30121.24,1
2026-07-01,2026-07-01 14:00:00,334.3,334.35,334.3,334.35,0.01,90.24,30121.24,1
2026-07-01,2026-07-01 14:01:00,334.35,334.4,334.35,334.4,0.01,90.24,30121.24,1
2026-07-01,2026-07-01 14:02:00,334.4,334.45,334.4,334.45,0.01,90.24,30121.24,1
2026-07-01,2026-07-01 14:03:00,334.45,334.51,334.45,334.51,0.02,90.24,30121.24,1
2026-07-01,2026-07-01 14:04:00,334.51,334.56,334.51,334.56,0.01,90.24,30121.24,1
2026-07-01,2026-07-01 14:05:00,334.56,334.61,334.56,334.61,0.01,90.24,30121.24,1
2026-07-01,2026-07-01 14:06:00,334.61,334.66,334.61,334.66,0.01,90.24,30121.24,1
2026-07-01,2026-07-01 14:07:00,334.66,334.71,334.66,334.71,0.01,90.24,30121.24,1
2026-07-01,2026-07-01 14:08:00,334.71,334.76,334.71,334.76,0.01,90.24,30121.24,1
2026-07-01,2026-07-01 14:09:00,334.76,334.82,334.76,334.82,0.02,90.24,30121.24,1
2026-07-01,2026-07-01 14:10:00,334.82,334.87,334.82,334.87,0.01,90.24,30121.24,1
2026-07-01,2026-07-01 14:11:00,334.87,334.92,334.87,334.92,0.01,90.24,30121.24,1
2026-07-01,2026-07-01 14:12:00,334.92,334.97,334.92,334.97,0.01,90.24,30121.24,1
2026-07-01,2026-07-01 14:13:00,334.97,335.02,334.97,335.02,0.01,90.24,30121.24,1
2026-07-01,2026-07-01 14:14:00,335.02,335.07,335.02,335.07,0.01,90.24,30121.24,1
2026-07-01,2026-07-01 14:15:00,335.07,335.13,335.07,335.13,0.02,90.24,30121.24,1
2026-07-01,2026-07-01 14:16:00,335.13,335.18,335.13,335.18,0.01,90.24,30121.24,1
2026-07-01,2026-07-01 14:17:00,335.18,335.23,335.18,335.23,0.01,90.24,30121.24,1
2026-07-01,2026-07-01 14:18:00,335.23,335.28,335.23,335.28,0.01,90.24,30121.24,1
2026-07-01,2026-07-01 14:19:00,335.28,335.33,335.28,335.33,0.01,90.24,30121.24,1
2026-07-01,2026-07-01 14:20:00,335.33,335.38,335.33,335.38,0.01,90.24,30121.24,1
2026-07-01,2026-07-01 14:21:00,335.38,335.44,335.38,335.44,0.02,90.24,30121.24,1
2026-07-01,2026-07-01 14:22:00,335.44,335.49,335.44,335.49,0.01,90.24,30121.24,1
2026-07-01,2026-07-01 14:23:00,335.49,335.54,335.49,335.54,0.01,90.24,30121.24,1
2026-07-01,2026-07-01 14:24:00,335.54,335.59,335.54,335.59,0.01,90.24,30121.24,1
2026-07-01,2026-07-01 14:25:00,335.59,335.64,335.59,335.64,0.01,90.24,30121.24,1
2026-07-01,2026-07-01 14:26:00,335.64,335.69,335.64,335.69,0.01,90.24,30121.24,1
2026-07-01,2026-07-01 14:27:00,335.69,335.75,335.69,335.75,0.02,90.24,30121.24,1
2026-07-01,2026-07-01 14:28:00,335.75,335.8,335.75,335.8,0.01,90.24,30121.24,1
2026-07-01,2026-07-01 14:29:00,335.8,335.85,335.8,335.85,0.01,90.24,30121.24,1
2026-07-01,2026-07-01 14:30:00,335.85,335.9,335.85,335.9,0.01,90.24,30121.24,1
2026-07-01,2026-07-01 14:31:00,335.9,335.95,335.9,335.95,0.01,90.24,30121.24,1
2026-07-01,2026-07-01 14:32:00,335.95,336.0,335.95,336.0,0.01,90.24,30121.24,1
2026-07-01,2026-07-01 14:33:00,336.0,336.06,336.0,336.06,0.02,90.24,30121.24,1
2026-07-01,2026-07-01 14:34:00,336.06,336.11,336.06,336.11,0.01,90.24,30121.24,1
2026-07-01,2026-07-01 14:35:00,336.11,336.16,336.11,336.16,0.01,90.24,30121.24,1
2026-07-01,2026-07-01 14:36:00,336.16,336.21,336.16,336.21,0.01,90.24,30121.24,1
2026-07-01,2026-07-01 14:37:00,336.21,336.26,336.21,336.26,0.01,90.24,30121.24,1
2026-07-01,2026-07-01 14:38:00,336.26,336.31,336.26,336.31,0.01,90.24,30121.24,1
2026-07-01,2026-07-01 14:39:00,336.31,336.37,336.31,336.37,0.02,90.24,30121.24,1
2026-07-01,2026-07-01 14:40:00,336.37,336.42,336.37,336.42,0.01,90.24,30121.24,1
2026-07-01,2026-07-01 14:41:00,336.42,336.47,336.42,336.47,0.01,90.24,30121.24,1
2026-07-01,2026-07-01 14:42:00,336.47,336.52,336.47,336.52,0.01,90.24,30121.24,1
2026-07-01,2026-07-01 14:43:00,336.52,336.57,336.52,336.57,0.01,90.24,30121.24,1
2026-07-01,2026-07-01 14:44:00,336.57,336.62,336.57,336.62,0.01,90.24,30121.24,1
2026-07-01,2026-07-01 14:45:00,336.62,336.68,336.62,336.68,0.02,90.24,30121.24,1
2026-07-01,2026-07-01 14:46:00,336.68,336.73,336.68,336.73,0.01,90.24,30121.24,1
2026-07-01,2026-07-01 14:47:00,336.73,336.78,336.73,336.78,0.01,90.24,30121.24,1
2026-07-01,2026-07-01 14:48:00,336.78,336.83,336.78,336.83,0.01,90.24,30121.24,1
2026-07-01,2026-07-01 14:49:00,336.83,336.88,336.83,336.88,0.01,90.24,30121.24,1
2026-07-01,2026-07-01 14:50:00,336.88,336.94,336.88,336.94,0.02,90.24,30121.24,1
2026-07-01,2026-07-01 14:51:00,336.94,336.99,336.94,336.99,0.01,90.24,30121.24,1
2026-07-01,2026-07-01 14:52:00,336.99,337.04,336.99,337.04,0.01,90.24,30121.24,1
2026-07-01,2026-07-01 14:53:00,337.04,337.09,337.04,337.09,0.01,90.24,30121.24,1
2026-07-01,2026-07-01 14:54:00,337.09,337.14,337.09,337.14,0.01,90.24,30121.24,1
2026-07-01,2026-07-01 14:55:00,337.14,337.19,337.14,337.19,0.01,90.24,30121.24,1
2026-07-01,2026-07-01 14:56:00,337.19,337.25,337.19,337.25,0.02,90.24,30121.24,1
2026-07-01,2026-07-01 14:57:00,337.25,337.3,337.25,337.3,0.01,90.24,30121.24,1
2026-07-01,2026-07-01 14:58:00,337.3,337.35,337.3,337.35,0.01,90.24,30121.24,1
2026-07-01,2026-07-01 14:59:00,337.35,337.4,337.35,337.4,0.01,90.24,30121.24,1
2026-07-01,2026-07-01 15:00:00,337.4,337.5,325.0,337.4,0.0,90.24,30121.24,0
2026-07-02,2026-07-02 11:00:00,338.0,338.6,335.63,338.01,0.0,77.55,25847.48,1
2026-07-02,2026-07-02 11:01:00,338.01,338.02,338.01,338.02,0.0,77.55,25847.48,1
2026-07-02,2026-07-02 11:02:00,338.02,338.02,338.02,338.02,0.0,77.55,25847.48,0
2026-07-02,2026-07-02 11:03:00,338.02,338.03,338.02,338.03,0.0,77.55,25847.48,1
2026-07-02,2026-07-02 11:04:00,338.03,338.04,338.03,338.04,0.0,77.55,25847.48,1
2026-07-02,2026-07-02 11:05:00,338.04,338.05,338.04,338.05,0.0,77.55,25847.48,1
2026-07-02,2026-07-02 11:06:00,338.05,338.06,338.05,338.06,0.0,77.55,25847.48,1
2026-07-02,2026-07-02 11:07:00,338.06,338.07,338.06,338.07,0.0,77.55,25847.48,1
2026-07-02,2026-07-02 11:08:00,338.07,338.07,338.07,338.07,0.0,77.55,25847.48,0
2026-07-02,2026-07-02 11:09:00,338.07,338.08,338.07,338.08,0.0,77.55,25847.48,1
2026-07-02,2026-07-02 11:10:00,338.08,338.09,338.08,338.09,0.0,77.55,25847.48,1
2026-07-02,2026-07-02 11:11:00,338.09,338.1,338.09,338.1,0.0,77.55,25847.48,1
2026-07-02,2026-07-02 11:12:00,338.1,338.11,338.1,338.11,0.0,77.55,25847.48,1
2026-07-02,2026-07-02 11:13:00,338.11,338.12,338.11,338.12,0.0,77.55,25847.48,1
2026-07-02,2026-07-02 11:14:00,338.12,338.12,338.12,338.12,0.0,77.55,25847.48,0
2026-07-02,2026-07-02 11:15:00,338.12,338.13,338.12,338.13,0.0,77.55,25847.48,1
2026-07-02,2026-07-02 11:16:00,338.13,338.14,338.13,338.14,0.0,77.55,25847.48,1
2026-07-02,2026-07-02 11:17:00,338.14,338.15,338.14,338.15,0.0,77.55,25847.48,1
2026-07-02,2026-07-02 11:18:00,338.15,338.16,338.15,338.16,0.0,77.55,25847.48,1
2026-07-02,2026-07-02 11:19:00,338.16,338.17,338.16,338.17,0.0,77.55,25847.48,1
2026-07-02,2026-07-02 11:20:00,338.17,338.18,338.17,338.18,0.0,77.55,25847.48,1
2026-07-02,2026-07-02 11:21:00,338.18,338.18,338.18,338.18,0.0,77.55,25847.48,0
2026-07-02,2026-07-02 11:22:00,338.18,338.19,338.18,338.19,0.0,77.55,25847.48,1
2026-07-02,2026-07-02 11:23:00,338.19,338.2,338.19,338.2,0.0,77.55,25847.48,1
2026-07-02,2026-07-02 11:24:00,338.2,338.21,338.2,338.21,0.0,77.55,25847.48,1
2026-07-02,2026-07-02 11:25:00,338.21,338.22,338.21,338.22,0.0,77.55,25847.48,1
2026-07-02,2026-07-02 11:26:00,338.22,338.23,338.22,338.23,0.0,77.55,25847.48,1
2026-07-02,2026-07-02 11:27:00,338.23,338.23,338.23,338.23,0.0,77.55,25847.48,0
2026-07-02,2026-07-02 11:28:00,338.23,338.24,338.23,338.24,0.0,77.55,25847.48,1
2026-07-02,2026-07-02 11:29:00,338.24,338.25,338.24,338.25,0.0,77.55,25847.48,1
2026-07-02,2026-07-02 11:30:00,338.25,338.26,338.25,338.26,0.0,77.55,25847.48,1
2026-07-02,2026-07-02 11:31:00,338.26,338.27,338.26,338.27,0.0,77.55,25847.48,1
2026-07-02,2026-07-02 11:32:00,338.27,338.27,338.27,338.27,0.0,77.55,25847.48,0
2026-07-02,2026-07-02 11:33:00,338.27,338.28,338.27,338.28,0.0,77.55,25847.48,1
2026-07-02,2026-07-02 11:34:00,338.28,338.29,338.28,338.29,0.0,77.55,25847.48,1
2026-07-02,2026-07-02 11:35:00,338.29,338.3,338.29,338.3,0.0,77.55,25847.48,1
2026-07-02,2026-07-02 11:36:00,338.3,338.31,338.3,338.31,0.0,77.55,25847.48,1
2026-07-02,2026-07-02 11:37:00,338.31,338.32,338.31,338.32,0.0,77.55,25847.48,1
2026-07-02,2026-07-02 11:38:00,338.32,338.32,338.32,338.32,0.0,77.55,25847.48,0
2026-07-02,2026-07-02 11:39:00,338.32,338.33,338.32,338.33,0.0,77.55,25847.48,1
2026-07-02,2026-07-02 11:40:00,338.33,338.34,338.33,338.34,0.0,77.55,25847.48,1
2026-07-02,2026-07-02 11:41:00,338.34,338.35,338.34,338.35,0.0,77.55,25847.48,1
2026-07-02,2026-07-02 11:42:00,338.35,338.36,338.35,338.36,0.0,77.55,25847.48,1
2026-07-02,2026-07-02 11:43:00,338.36,338.37,338.36,338.37,0.0,77.55,25847.48,1
2026-07-02,2026-07-02 11:44:00,338.37,338.38,338.37,338.38,0.0,77.55,25847.48,1
2026-07-02,2026-07-02 11:45:00,338.38,338.38,338.38,338.38,0.0,77.55,25847.48,0
2026-07-02,2026-07-02 11:46:00,338.38,338.39,338.38,338.39,0.0,77.55,25847.48,1
2026-07-02,2026-07-02 11:47:00,338.39,338.4,338.39,338.4,0.0,77.55,25847.48,1
2026-07-02,2026-07-02 11:48:00,338.4,338.41,338.4,338.41,0.0,77.55,25847.48,1
2026-07-02,2026-07-02 11:49:00,338.41,338.42,338.41,338.42,0.0,77.55,25847.48,1
2026-07-02,2026-07-02 11:50:00,338.42,338.43,338.42,338.43,0.0,77.55,25847.48,1
2026-07-02,2026-07-02 11:51:00,338.43,338.43,338.43,338.43,0.0,77.55,25847.48,0
2026-07-02,2026-07-02 11:52:00,338.43,338.44,338.43,338.44,0.0,77.55,25847.48,1
2026-07-02,2026-07-02 11:53:00,338.44,338.45,338.44,338.45,0.0,77.55,25847.48,1
2026-07-02,2026-07-02 11:54:00,338.45,338.46,338.45,338.46,0.0,77.55,25847.48,1
2026-07-02,2026-07-02 11:55:00,338.46,338.47,338.46,338.47,0.0,77.55,25847.48,1
2026-07-02,2026-07-02 11:56:00,338.47,338.48,338.47,338.48,0.0,77.55,25847.48,1
2026-07-02,2026-07-02 11:57:00,338.48,338.48,338.48,338.48,0.0,77.55,25847.48,0
2026-07-02,2026-07-02 11:58:00,338.48,338.49,338.48,338.49,0.0,77.55,25847.48,1
2026-07-02,2026-07-02 11:59:00,338.49,338.5,338.49,338.5,0.0,77.55,25847.48,1
2026-07-02,2026-07-02 12:00:00,338.5,338.51,338.5,338.51,0.0,77.55,25847.48,1
2026-07-02,2026-07-02 12:01:00,338.51,338.52,338.51,338.52,0.0,77.55,25847.48,1
2026-07-02,2026-07-02 12:02:00,338.52,338.52,338.52,338.52,0.0,77.55,25847.48,0
2026-07-02,2026-07-02 12:03:00,338.52,338.53,338.52,338.53,0.0,77.55,25847.48,1
2026-07-02,2026-07-02 12:04:00,338.53,338.54,338.53,338.54,0.0,77.55,25847.48,1
2026-07-02,2026-07-02 12:05:00,338.54,338.55,338.54,338.55,0.0,77.55,25847.48,1
2026-07-02,2026-07-02 12:06:00,338.55,338.56,338.55,338.56,0.0,77.55,25847.48,1
2026-07-02,2026-07-02 12:07:00,338.56,338.57,338.56,338.57,0.0,77.55,25847.48,1
2026-07-02,2026-07-02 12:08:00,338.57,338.57,338.57,338.57,0.0,77.55,25847.48,0
2026-07-02,2026-07-02 12:09:00,338.57,338.58,338.57,338.58,0.0,77.55,25847.48,1
2026-07-02,2026-07-02 12:10:00,338.58,338.59,338.58,338.59,0.0,77.55,25847.48,1
2026-07-02,2026-07-02 12:11:00,338.59,338.6,338.59,338.6,0.0,77.55,25847.48,1
2026-07-02,2026-07-02 12:12:00,338.6,338.61,338.6,338.61,0.0,77.55,25847.48,1
2026-07-02,2026-07-02 12:13:00,338.61,338.62,338.61,338.62,0.0,77.55,25847.48,1
2026-07-02,2026-07-02 12:14:00,338.62,338.62,338.62,338.62,0.0,77.55,25847.48,0
2026-07-02,2026-07-02 12:15:00,338.62,338.63,338.62,338.63,0.0,77.55,25847.48,1
2026-07-02,2026-07-02 12:16:00,338.63,338.64,338.63,338.64,0.0,77.55,25847.48,1
2026-07-02,2026-07-02 12:17:00,338.64,338.65,338.64,338.65,0.0,77.55,25847.48,1
2026-07-02,2026-07-02 12:18:00,338.65,338.66,338.65,338.66,0.0,77.55,25847.48,1
2026-07-02,2026-07-02 12:19:00,338.66,338.67,338.66,338.67,0.0,77.55,25847.48,1
2026-07-02,2026-07-02 12:20:00,338.67,338.68,338.67,338.68,0.0,77.55,25847.48,1
2026-07-02,2026-07-02 12:21:00,338.68,338.68,338.68,338.68,0.0,77.55,25847.48,0
2026-07-02,2026-07-02 12:22:00,338.68,338.69,338.68,338.69,0.0,77.55,25847.48,1
2026-07-02,2026-07-02 12:23:00,338.69,338.7,338.69,338.7,0.0,77.55,25847.48,1
2026-07-02,2026-07-02 12:24:00,338.7,338.71,338.7,338.71,0.0,77.55,25847.48,1
2026-07-02,2026-07-02 12:25:00,338.71,338.72,338.71,338.72,0.0,77.55,25847.48,1
2026-07-02,2026-07-02 12:26:00,338.72,338.73,338.72,338.73,0.0,77.55,25847.48,1
2026-07-02,2026-07-02 12:27:00,338.73,338.73,338.73,338.73,0.0,77.55,25847.48,0
2026-07-02,2026-07-02 12:28:00,338.73,338.74,338.73,338.74,0.0,77.55,25847.48,1
2026-07-02,2026-07-02 12:29:00,338.74,338.75,338.74,338.75,0.0,77.55,25847.48,1
2026-07-02,2026-07-02 12:30:00,338.75,338.76,338.75,338.76,0.0,77.55,25847.48,1
2026-07-02,2026-07-02 12:31:00,338.76,338.77,338.76,338.77,0.0,77.55,25847.48,1
2026-07-02,2026-07-02 12:32:00,338.77,338.77,338.77,338.77,0.0,77.55,25847.48,0
2026-07-02,2026-07-02 12:33:00,338.77,338.78,338.77,338.78,0.0,77.55,25847.48,1
2026-07-02,2026-07-02 12:34:00,338.78,338.79,338.78,338.79,0.0,77.55,25847.48,1
2026-07-02,2026-07-02 12:35:00,338.79,338.8,338.79,338.8,0.0,77.55,25847.48,1
2026-07-02,2026-07-02 12:36:00,338.8,338.81,338.8,338.81,0.0,77.55,25847.48,1
2026-07-02,2026-07-02 12:37:00,338.81,338.82,338.81,338.82,0.0,77.55,25847.48,1
2026-07-02,2026-07-02 12:38:00,338.82,338.82,338.82,338.82,0.0,77.55,25847.48,0
2026-07-02,2026-07-02 12:39:00,338.82,338.83,338.82,338.83,0.0,77.55,25847.48,1
2026-07-02,2026-07-02 12:40:00,338.83,338.84,338.83,338.84,0.0,77.55,25847.48,1
2026-07-02,2026-07-02 12:41:00,338.84,338.85,338.84,338.85,0.0,77.55,25847.48,1
2026-07-02,2026-07-02 12:42:00,338.85,338.86,338.85,338.86,0.0,77.55,25847.48,1
2026-07-02,2026-07-02 12:43:00,338.86,338.87,338.86,338.87,0.0,77.55,25847.48,1
2026-07-02,2026-07-02 12:44:00,338.87,338.88,338.87,338.88,0.0,77.55,25847.48,1
2026-07-02,2026-07-02 12:45:00,338.88,338.88,338.88,338.88,0.0,77.55,25847.48,0
2026-07-02,2026-07-02 12:46:00,338.88,338.89,338.88,338.89,0.0,77.55,25847.48,1
2026-07-02,2026-07-02 12:47:00,338.89,338.9,338.89,338.9,0.0,77.55,25847.48,1
2026-07-02,2026-07-02 12:48:00,338.9,338.91,338.9,338.91,0.0,77.55,25847.48,1
2026-07-02,2026-07-02 12:49:00,338.91,338.92,338.91,338.92,0.0,77.55,25847.48,1
2026-07-02,2026-07-02 12:50:00,338.92,338.93,338.92,338.93,0.0,77.55,25847.48,1
2026-07-02,2026-07-02 12:51:00,338.93,338.93,338.93,338.93,0.0,77.55,25847.48,0
2026-07-02,2026-07-02 12:52:00,338.93,338.94,338.93,338.94,0.0,77.55,25847.48,1
2026-07-02,2026-07-02 12:53:00,338.94,338.95,338.94,338.95,0.0,77.55,25847.48,1
2026-07-02,2026-07-02 12:54:00,338.95,338.96,338.95,338.96,0.0,77.55,25847.48,1
2026-07-02,2026-07-02 12:55:00,338.96,338.97,338.96,338.97,0.0,77.55,25847.48,1
2026-07-02,2026-07-02 12:56:00,338.97,338.98,338.97,338.98,0.0,77.55,25847.48,1
2026-07-02,2026-07-02 12:57:00,338.98,338.98,338.98,338.98,0.0,77.55,25847.48,0
2026-07-02,2026-07-02 12:58:00,338.98,338.99,338.98,338.99,0.0,77.55,25847.48,1
2026-07-02,2026-07-02 12:59:00,338.99,339.0,338.99,339.0,0.0,77.55,25847.48,1
2026-07-02,2026-07-02 13:00:00,339.0,340.0,330.1,339.01,0.0,77.55,25847.48,1
2026-07-02,2026-07-02 13:01:00,339.01,339.02,339.01,339.02,0.0,77.55,25847.48,1
2026-07-02,2026-07-02 13:02:00,339.02,339.02,339.02,339.02,0.0,77.55,25847.48,0
2026-07-02,2026-07-02 13:03:00,339.02,339.03,339.02,339.03,0.0,77.55,25847.48,1
2026-07-02,2026-07-02 13:04:00,339.03,339.04,339.03,339.04,0.0,77.55,25847.48,1
2026-07-02,2026-07-02 13:05:00,339.04,339.05,339.04,339.05,0.0,77.55,25847.48,1
2026-07-02,2026-07-02 13:06:00,339.05,339.06,339.05,339.06,0.0,77.55,25847.48,1
2026-07-02,2026-07-02 13:07:00,339.06,339.07,339.06,339.07,0.0,77.55,25847.48,1
2026-07-02,2026-07-02 13:08:00,339.07,339.07,339.07,339.07,0.0,77.55,25847.48,0
2026-07-02,2026-07-02 13:09:00,339.07,339.08,339.07,339.08,0.0,77.55,25847.48,1
2026-07-02,2026-07-02 13:10:00,339.08,339.09,339.08,339.09,0.0,77.55,25847.48,1
2026-07-02,2026-07-02 13:11:00,339.09,339.1,339.09,339.1,0.0,77.55,25847.48,1
2026-07-02,2026-07-02 13:12:00,339.1,339.11,339.1,339.11,0.0,77.55,25847.48,1
2026-07-02,2026-07-02 13:13:00,339.11,339.12,339.11,339.12,0.0,77.55,25847.48,1
2026-07-02,2026-07-02 13:14:00,339.12,339.12,339.12,339.12,0.0,77.55,25847.48,0
2026-07-02,2026-07-02 13:15:00,339.12,339.13,339.12,339.13,0.0,77.55,25847.48,1
2026-07-02,2026-07-02 13:16:00,339.13,339.14,339.13,339.14,0.0,77.55,25847.48,1
2026-07-02,2026-07-02 13:17:00,339.14,339.15,339.14,339.15,0.0,77.55,25847.48,1
2026-07-02,2026-07-02 13:18:00,339.15,339.16,339.15,339.16,0.0,77.55,25847.48,1
2026-07-02,2026-07-02 13:19:00,339.16,339.17,339.16,339.17,0.0,77.55,25847.48,1
2026-07-02,2026-07-02 13:20:00,339.17,339.18,339.17,339.18,0.0,77.55,25847.48,1
2026-07-02,2026-07-02 13:21:00,339.18,339.18,339.18,339.18,0.0,77.55,25847.48,0
2026-07-02,2026-07-02 13:22:00,339.18,339.19,339.18,339.19,0.0,77.55,25847.48,1
2026-07-02,2026-07-02 13:23:00,339.19,339.2,339.19,339.2,0.0,77.55,25847.48,1
2026-07-02,2026-07-02 13:24:00,339.2,339.21,339.2,339.21,0.0,77.55,25847.48,1
2026-07-02,2026-07-02 13:25:00,339.21,339.22,339.21,339.22,0.0,77.55,25847.48,1
2026-07-02,2026-07-02 13:26:00,339.22,339.23,339.22,339.23,0.0,77.55,25847.48,1
2026-07-02,2026-07-02 13:27:00,339.23,339.23,339.23,339.23,0.0,77.55,25847.48,0
2026-07-02,2026-07-02 13:28:00,339.23,339.24,339.23,339.24,0.0,77.55,25847.48,1
2026-07-02,2026-07-02 13:29:00,339.24,339.25,339.24,339.25,0.0,77.55,25847.48,1
2026-07-02,2026-07-02 13:30:00,339.25,339.26,339.25,339.26,0.0,77.55,25847.48,1
2026-07-02,2026-07-02 13:31:00,339.26,339.27,339.26,339.27,0.0,77.55,25847.48,1
2026-07-02,2026-07-02 13:32:00,339.27,339.27,339.27,339.27,0.0,77.55,25847.48,0
2026-07-02,2026-07-02 13:33:00,339.27,339.28,339.27,339.28,0.0,77.55,25847.48,1
2026-07-02,2026-07-02 13:34:00,339.28,339.29,339.28,339.29,0.0,77.55,25847.48,1
2026-07-02,2026-07-02 13:35:00,339.29,339.3,339.29,339.3,0.0,77.55,25847.48,1
2026-07-02,2026-07-02 13:36:00,339.3,339.31,339.3,339.31,0.0,77.55,25847.48,1
2026-07-02,2026-07-02 13:37:00,339.31,339.32,339.31,339.32,0.0,77.55,25847.48,1
2026-07-02,2026-07-02 13:38:00,339.32,339.32,339.32,339.32,0.0,77.55,25847.48,0
2026-07-02,2026-07-02 13:39:00,339.32,339.33,339.32,339.33,0.0,77.55,25847.48,1
2026-07-02,2026-07-02 13:40:00,339.33,339.34,339.33,339.34,0.0,77.55,25847.48,1
2026-07-02,2026-07-02 13:41:00,339.34,339.35,339.34,339.35,0.0,77.55,25847.48,1
2026-07-02,2026-07-02 13:42:00,339.35,339.36,339.35,339.36,0.0,77.55,25847.48,1
2026-07-02,2026-07-02 13:43:00,339.36,339.37,339.36,339.37,0.0,77.55,25847.48,1
2026-07-02,2026-07-02 13:44:00,339.37,339.38,339.37,339.38,0.0,77.55,25847.48,1
2026-07-02,2026-07-02 13:45:00,339.38,339.38,339.38,339.38,0.0,77.55,25847.48,0
2026-07-02,2026-07-02 13:46:00,339.38,339.39,339.38,339.39,0.0,77.55,25847.48,1
2026-07-02,2026-07-02 13:47:00,339.39,339.4,339.39,339.4,0.0,77.55,25847.48,1
2026-07-02,2026-07-02 13:48:00,339.4,339.41,339.4,339.41,0.0,77.55,25847.48,1
2026-07-02,2026-07-02 13:49:00,339.41,339.42,339.41,339.42,0.0,77.55,25847.48,1
2026-07-02,2026-07-02 13:50:00,339.42,339.43,339.42,339.43,0.0,77.55,25847.48,1
2026-07-02,2026-07-02 13:51:00,339.43,339.43,339.43,339.43,0.0,77.55,25847.48,0
2026-07-02,2026-07-02 13:52:00,339.43,339.44,339.43,339.44,0.0,77.55,25847.48,1
2026-07-02,2026-07-02 13:53:00,339.44,339.45,339.44,339.45,0.0,77.55,25847.48,1
2026-07-02,2026-07-02 13:54:00,339.45,339.46,339.45,339.46,0.0,77.55,25847.48,1
2026-07-02,2026-07-02 13:55:00,339.46,339.47,339.46,339.47,0.0,77.55,25847.48,1
2026-07-02,2026-07-02 13:56:00,339.47,339.48,339.47,339.48,0.0,77.55,25847.48,1
2026-07-02,2026-07-02 13:57:00,339.48,339.48,339.48,339.48,0.0,77.55,25847.48,0
2026-07-02,2026-07-02 13:58:00,339.48,339.49,339.48,339.49,0.0,77.55,25847.48,1
2026-07-02,2026-07-02 13:59:00,339.49,339.5,339.49,339.5,0.0,77.55,25847.48,1
2026-07-02,2026-07-02 14:00:00,339.5,339.51,339.5,339.51,0.0,77.55,25847.48,1
2026-07-02,2026-07-02 14:01:00,339.51,339.52,339.51,339.52,0.0,77.55,25847.48,1
2026-07-02,2026-07-02 14:02:00,339.52,339.52,339.52,339.52,0.0,77.55,25847.48,0
2026-07-02,2026-07-02 14:03:00,339.52,339.53,339.52,339.53,0.0,77.55,25847.48,1
2026-07-02,2026-07-02 14:04:00,339.53,339.54,339.53,339.54,0.0,77.55,25847.48,1
2026-07-02,2026-07-02 14:05:00,339.54,339.55,339.54,339.55,0.0,77.55,25847.48,1
2026-07-02,2026-07-02 14:06:00,339.55,339.56,339.55,339.56,0.0,77.55,25847.48,1
2026-07-02,2026-07-02 14:07:00,339.56,339.57,339.56,339.57,0.0,77.55,25847.48,1
2026-07-02,2026-07-02 14:08:00,339.57,339.57,339.57,339.57,0.0,77.55,25847.48,0
2026-07-02,2026-07-02 14:09:00,339.57,339.58,339.57,339.58,0.0,77.55,25847.48,1
2026-07-02,2026-07-02 14:10:00,339.58,339.59,339.58,339.59,0.0,77.55,25847.48,1
2026-07-02,2026-07-02 14:11:00,339.59,339.6,339.59,339.6,0.0,77.55,25847.48,1
2026-07-02,2026-07-02 14:12:00,339.6,339.61,339.6,339.61,0.0,77.55,25847.48,1
2026-07-02,2026-07-02 14:13:00,339.61,339.62,339.61,339.62,0.0,77.55,25847.48,1
2026-07-02,2026-07-02 14:14:00,339.62,339.62,339.62,339.62,0.0,77.55,25847.48,0
2026-07-02,2026-07-02 14:15:00,339.62,339.63,339.62,339.63,0.0,77.55,25847.48,1
2026-07-02,2026-07-02 14:16:00,339.63,339.64,339.63,339.64,0.0,77.55,25847.48,1
2026-07-02,2026-07-02 14:17:00,339.64,339.65,339.64,339.65,0.0,77.55,25847.48,1
2026-07-02,2026-07-02 14:18:00,339.65,339.66,339.65,339.66,0.0,77.55,25847.48,1
2026-07-02,2026-07-02 14:19:00,339.66,339.67,339.66,339.67,0.0,77.55,25847.48,1
2026-07-02,2026-07-02 14:20:00,339.67,339.68,339.67,339.68,0.0,77.55,25847.48,1
2026-07-02,2026-07-02 14:21:00,339.68,339.68,339.68,339.68,0.0,77.55,25847.48,0
2026-07-02,2026-07-02 14:22:00,339.68,339.69,339.68,339.69,0.0,77.55,25847.48,1
2026-07-02,2026-07-02 14:23:00,339.69,339.7,339.69,339.7,0.0,77.55,25847.48,1
2026-07-02,2026-07-02 14:24:00,339.7,339.71,339.7,339.71,0.0,77.55,25847.48,1
2026-07-02,2026-07-02 14:25:00,339.71,339.72,339.71,339.72,0.0,77.55,25847.48,1
2026-07-02,2026-07-02 14:26:00,339.72,339.73,339.72,339.73,0.0,77.55,25847.48,1
2026-07-02,2026-07-02 14:27:00,339.73,339.73,339.73,339.73,0.0,77.55,25847.48,0
2026-07-02,2026-07-02 14:28:00,339.73,339.74,339.73,339.74,0.0,77.55,25847.48,1
2026-07-02,2026-07-02 14:29:00,339.74,339.75,339.74,339.75,0.0,77.55,25847.48,1
2026-07-02,2026-07-02 14:30:00,339.75,339.76,339.75,339.76,0.0,77.55,25847.48,1
2026-07-02,2026-07-02 14:31:00,339.76,339.77,339.76,339.77,0.0,77.55,25847.48,1
2026-07-02,2026-07-02 14:32:00,339.77,339.77,339.77,339.77,0.0,77.55,25847.48,0
2026-07-02,2026-07-02 14:33:00,339.77,339.78,339.77,339.78,0.0,77.55,25847.48,1
2026-07-02,2026-07-02 14:34:00,339.78,339.79,339.78,339.79,0.0,77.55,25847.48,1
2026-07-02,2026-07-02 14:35:00,339.79,339.8,339.79,339.8,0.0,77.55,25847.48,1
2026-07-02,2026-07-02 14:36:00,339.8,339.81,339.8,339.81,0.0,77.55,25847.48,1
2026-07-02,2026-07-02 14:37:00,339.81,339.82,339.81,339.82,0.0,77.55,25847.48,1
2026-07-02,2026-07-02 14:38:00,339.82,339.82,339.82,339.82,0.0,77.55,25847.48,0
2026-07-02,2026-07-02 14:39:00,339.82,339.83,339.82,339.83,0.0,77.55,25847.48,1
2026-07-02,2026-07-02 14:40:00,339.83,339.84,339.83,339.84,0.0,77.55,25847.48,1
2026-07-02,2026-07-02 14:41:00,339.84,339.85,339.84,339.85,0.0,77.55,25847.48,1
2026-07-02,2026-07-02 14:42:00,339.85,339.86,339.85,339.86,0.0,77.55,25847.48,1
2026-07-02,2026-07-02 14:43:00,339.86,339.87,339.86,339.87,0.0,77.55,25847.48,1
2026-07-02,2026-07-02 14:44:00,339.87,339.88,339.87,339.88,0.0,77.55,25847.48,1
2026-07-02,2026-07-02 14:45:00,339.88,339.88,339.88,339.88,0.0,77.55,25847.48,0
2026-07-02,2026-07-02 14:46:00,339.88,339.89,339.88,339.89,0.0,77.55,25847.48,1
2026-07-02,2026-07-02 14:47:00,339.89,339.9,339.89,339.9,0.0,77.55,25847.48,1
2026-07-02,2026-07-02 14:48:00,339.9,339.91,339.9,339.91,0.0,77.55,25847.48,1
2026-07-02,2026-07-02 14:49:00,339.91,339.92,339.91,339.92,0.0,77.55,25847.48,1
2026-07-02,2026-07-02 14:50:00,339.92,339.93,339.92,339.93,0.0,77.55,25847.48,1
2026-07-02,2026-07-02 14:51:00,339.93,339.93,339.93,339.93,0.0,77.55,25847.48,0
2026-07-02,2026-07-02 14:52:00,339.93,339.94,339.93,339.94,0.0,77.55,25847.48,1
2026-07-02,2026-07-02 14:53:00,339.94,339.95,339.94,339.95,0.0,77.55,25847.48,1
2026-07-02,2026-07-02 14:54:00,339.95,339.96,339.95,339.96,0.0,77.55,25847.48,1
2026-07-02,2026-07-02 14:55:00,339.96,339.97,339.96,339.97,0.0,77.55,25847.48,1
2026-07-02,2026-07-02 14:56:00,339.97,339.98,339.97,339.98,0.0,77.55,25847.48,1
2026-07-02,2026-07-02 14:57:00,339.98,339.98,339.98,339.98,0.0,77.55,25847.48,0
2026-07-02,2026-07-02 14:58:00,339.98,339.99,339.98,339.99,0.0,77.55,25847.48,1
2026-07-02,2026-07-02 14:59:00,339.99,340.0,339.99,340.0,0.0,77.55,25847.48,1
2026-07-02,2026-07-02 15:00:00,340.0,340.0,330.1,340.0,0.0,77.55,25847.48,0
2026-07-03,2026-07-03 11:00:00,340.0,340.0,337.9,339.98,-0.01,90.33,30348.02,-1
2026-07-03,2026-07-03 11:01:00,339.98,339.98,339.95,339.95,-0.01,90.33,30348.02,-1
2026-07-03,2026-07-03 11:02:00,339.95,339.95,339.93,339.93,-0.01,90.33,30348.02,-1
2026-07-03,2026-07-03 11:03:00,339.93,339.93,339.9,339.9,-0.01,90.33,30348.02,-1
2026-07-03,2026-07-03 11:04:00,339.9,339.9,339.88,339.88,-0.01,90.33,30348.02,-1
2026-07-03,2026-07-03 11:05:00,339.88,339.88,339.85,339.85,-0.01,90.33,30348.02,-1
2026-07-03,2026-07-03 11:06:00,339.85,339.85,339.82,339.82,-0.01,90.33,30348.02,-1
2026-07-03,2026-07-03 11:07:00,339.82,339.82,339.8,339.8,-0.01,90.33,30348.02,-1
2026-07-03,2026-07-03 11:08:00,339.8,339.8,339.77,339.77,-0.01,90.33,30348.02,-1
2026-07-03,2026-07-03 11:09:00,339.77,339.77,339.75,339.75,-0.01,90.33,30348.02,-1
2026-07-03,2026-07-03 11:10:00,339.75,339.75,339.73,339.73,-0.01,90.33,30348.02,-1
2026-07-03,2026-07-03 11:11:00,339.73,339.73,339.7,339.7,-0.01,90.33,30348.02,-1
2026-07-03,2026-07-03 11:12:00,339.7,339.7,339.68,339.68,-0.01,90.33,30348.02,-1
2026-07-03,2026-07-03 11:13:00,339.68,339.68,339.65,339.65,-0.01,90.33,30348.02,-1
2026-07-03,2026-07-03 11:14:00,339.65,339.65,339.62,339.62,-0.01,90.33,30348.02,-1
2026-07-03,2026-07-03 11:15:00,339.62,339.62,339.6,339.6,-0.01,90.33,30348.02,-1
2026-07-03,2026-07-03 11:16:00,339.6,339.6,339.57,339.57,-0.01,90.33,30348.02,-1
2026-07-03,2026-07-03 11:17:00,339.57,339.57,339.55,339.55,-0.01,90.33,30348.02,-1
2026-07-03,2026-07-03 11:18:00,339.55,339.55,339.52,339.52,-0.01,90.33,30348.02,-1
2026-07-03,2026-07-03 11:19:00,339.52,339.52,339.5,339.5,-0.01,90.33,30348.02,-1
2026-07-03,2026-07-03 11:20:00,339.5,339.5,339.48,339.48,-0.01,90.33,30348.02,-1
2026-07-03,2026-07-03 11:21:00,339.48,339.48,339.45,339.45,-0.01,90.33,30348.02,-1
2026-07-03,2026-07-03 11:22:00,339.45,339.45,339.43,339.43,-0.01,90.33,30348.02,-1
2026-07-03,2026-07-03 11:23:00,339.43,339.43,339.4,339.4,-0.01,90.33,30348.02,-1
2026-07-03,2026-07-03 11:24:00,339.4,339.4,339.38,339.38,-0.01,90.33,30348.02,-1
2026-07-03,2026-07-03 11:25:00,339.38,339.38,339.35,339.35,-0.01,90.33,30348.02,-1
2026-07-03,2026-07-03 11:26:00,339.35,339.35,339.32,339.32,-0.01,90.33,30348.02,-1
2026-07-03,2026-07-03 11:27:00,339.32,339.32,339.3,339.3,-0.01,90.33,30348.02,-1
2026-07-03,2026-07-03 11:28:00,339.3,339.3,339.27,339.27,-0.01,90.33,30348.02,-1
2026-07-03,2026-07-03 11:29:00,339.27,339.27,339.25,339.25,-0.01,90.33,30348.02,-1
2026-07-03,2026-07-03 11:30:00,339.25,339.25,339.23,339.23,-0.01,90.33,30348.02,-1
2026-07-03,2026-07-03 11:31:00,339.23,339.23,339.2,339.2,-0.01,90.33,30348.02,-1
2026-07-03,2026-07-03 11:32:00,339.2,339.2,339.18,339.18,-0.01,90.33,30348.02,-1
2026-07-03,2026-07-03 11:33:00,339.18,339.18,339.15,339.15,-0.01,90.33,30348.02,-1
2026-07-03,2026-07-03 11:34:00,339.15,339.15,339.12,339.12,-0.01,90.33,30348.02,-1
2026-07-03,2026-07-03 11:35:00,339.12,339.12,339.1,339.1,-0.01,90.33,30348.02,-1
2026-07-03,2026-07-03 11:36:00,339.1,339.1,339.07,339.07,-0.01,90.33,30348.02,-1
2026-07-03,2026-07-03 11:37:00,339.07,339.07,339.05,339.05,-0.01,90.33,30348.02,-1
2026-07-03,2026-07-03 11:38:00,339.05,339.05,339.02,339.02,-0.01,90.33,30348.02,-1
2026-07-03,2026-07-03 11:39:00,339.02,339.02,339.0,339.0,-0.01,90.33,30348.02,-1
2026-07-03,2026-07-03 11:40:00,339.0,339.0,338.98,338.98,-0.01,90.33,30348.02,-1
2026-07-03,2026-07-03 11:41:00,338.98,338.98,338.95,338.95,-0.01,90.33,30348.02,-1
2026-07-03,2026-07-03 11:42:00,338.95,338.95,338.93,338.93,-0.01,90.33,30348.02,-1
2026-07-03,2026-07-03 11:43:00,338.93,338.93,338.9,338.9,-0.01,90.33,30348.02,-1
2026-07-03,2026-07-03 11:44:00,338.9,338.9,338.88,338.88,-0.01,90.33,30348.02,-1
2026-07-03,2026-07-03 11:45:00,338.88,338.88,338.85,338.85,-0.01,90.33,30348.02,-1
2026-07-03,2026-07-03 11:46:00,338.85,338.85,338.82,338.82,-0.01,90.33,30348.02,-1
2026-07-03,2026-07-03 11:47:00,338.82,338.82,338.8,338.8,-0.01,90.33,30348.02,-1
2026-07-03,2026-07-03 11:48:00,338.8,338.8,338.77,338.77,-0.01,90.33,30348.02,-1
2026-07-03,2026-07-03 11:49:00,338.77,338.77,338.75,338.75,-0.01,90.33,30348.02,-1
2026-07-03,2026-07-03 11:50:00,338.75,338.75,338.73,338.73,-0.01,90.33,30348.02,-1
2026-07-03,2026-07-03 11:51:00,338.73,338.73,338.7,338.7,-0.01,90.33,30348.02,-1
2026-07-03,2026-07-03 11:52:00,338.7,338.7,338.68,338.68,-0.01,90.33,30348.02,-1
2026-07-03,2026-07-03 11:53:00,338.68,338.68,338.65,338.65,-0.01,90.33,30348.02,-1
2026-07-03,2026-07-03 11:54:00,338.65,338.65,338.62,338.62,-0.01,90.33,30348.02,-1
2026-07-03,2026-07-03 11:55:00,338.62,338.62,338.6,338.6,-0.01,90.33,30348.02,-1
2026-07-03,2026-07-03 11:56:00,338.6,338.6,338.57,338.57,-0.01,90.33,30348.02,-1
2026-07-03,2026-07-03 11:57:00,338.57,338.57,338.55,338.55,-0.01,90.33,30348.02,-1
2026-07-03,2026-07-03 11:58:00,338.55,338.55,338.52,338.52,-0.01,90.33,30348.02,-1
2026-07-03,2026-07-03 11:59:00,338.52,338.52,338.5,338.5,-0.01,90.33,30348.02,-1
2026-07-03,2026-07-03 12:00:00,338.5,338.5,338.48,338.48,-0.01,90.33,30348.02,-1
2026-07-03,2026-07-03 12:01:00,338.48,338.48,338.45,338.45,-0.01,90.33,30348.02,-1
2026-07-03,2026-07-03 12:02:00,338.45,338.45,338.43,338.43,-0.01,90.33,30348.02,-1
2026-07-03,2026-07-03 12:03:00,338.43,338.43,338.4,338.4,-0.01,90.33,30348.02,-1
2026-07-03,2026-07-03 12:04:00,338.4,338.4,338.38,338.38,-0.01,90.33,30348.02,-1
2026-07-03,2026-07-03 12:05:00,338.38,338.38,338.35,338.35,-0.01,90.33,30348.02,-1
2026-07-03,2026-07-03 12:06:00,338.35,338.35,338.32,338.32,-0.01,90.33,30348.02,-1
2026-07-03,2026-07-03 12:07:00,338.32,338.32,338.3,338.3,-0.01,90.33,30348.02,-1
2026-07-03,2026-07-03 12:08:00,338.3,338.3,338.27,338.27,-0.01,90.33,30348.02,-1
2026-07-03,2026-07-03 12:09:00,338.27,338.27,338.25,338.25,-0.01,90.33,30348.02,-1
2026-07-03,2026-07-03 12:10:00,338.25,338.25,338.23,338.23,-0.01,90.33,30348.02,-1
2026-07-03,2026-07-03 12:11:00,338.23,338.23,338.2,338.2,-0.01,90.33,30348.02,-1
2026-07-03,2026-07-03 12:12:00,338.2,338.2,338.18,338.18,-0.01,90.33,30348.02,-1
2026-07-03,2026-07-03 12:13:00,338.18,338.18,338.15,338.15,-0.01,90.33,30348.02,-1
2026-07-03,2026-07-03 12:14:00,338.15,338.15,338.12,338.12,-0.01,90.33,30348.02,-1
2026-07-03,2026-07-03 12:15:00,338.12,338.12,338.1,338.1,-0.01,90.33,30348.02,-1
2026-07-03,2026-07-03 12:16:00,338.1,338.1,338.07,338.07,-0.01,90.33,30348.02,-1
2026-07-03,2026-07-03 12:17:00,338.07,338.07,338.05,338.05,-0.01,90.33,30348.02,-1
2026-07-03,2026-07-03 12:18:00,338.05,338.05,338.02,338.02,-0.01,90.33,30348.02,-1
2026-07-03,2026-07-03 12:19:00,338.02,338.02,338.0,338.0,-0.01,90.33,30348.02,-1
2026-07-03,2026-07-03 12:20:00,338.0,338.0,337.98,337.98,-0.01,90.33,30348.02,-1
2026-07-03,2026-07-03 12:21:00,337.98,337.98,337.95,337.95,-0.01,90.33,30348.02,-1
2026-07-03,2026-07-03 12:22:00,337.95,337.95,337.93,337.93,-0.01,90.33,30348.02,-1
2026-07-03,2026-07-03 12:23:00,337.93,337.93,337.9,337.9,-0.01,90.33,30348.02,-1
2026-07-03,2026-07-03 12:24:00,337.9,337.9,337.88,337.88,-0.01,90.33,30348.02,-1
2026-07-03,2026-07-03 12:25:00,337.88,337.88,337.85,337.85,-0.01,90.33,30348.02,-1
2026-07-03,2026-07-03 12:26:00,337.85,337.85,337.82,337.82,-0.01,90.33,30348.02,-1
2026-07-03,2026-07-03 12:27:00,337.82,337.82,337.8,337.8,-0.01,90.33,30348.02,-1
2026-07-03,2026-07-03 12:28:00,337.8,337.8,337.77,337.77,-0.01,90.33,30348.02,-1
2026-07-03,2026-07-03 12:29:00,337.77,337.77,337.75,337.75,-0.01,90.33,30348.02,-1
2026-07-03,2026-07-03 12:30:00,337.75,337.75,337.73,337.73,-0.01,90.33,30348.02,-1
2026-07-03,2026-07-03 12:31:00,337.73,337.73,337.7,337.7,-0.01,90.33,30348.02,-1
2026-07-03,2026-07-03 12:32:00,337.7,337.7,337.68,337.68,-0.01,90.33,30348.02,-1
2026-07-03,2026-07-03 12:33:00,337.68,337.68,337.65,337.65,-0.01,90.33,30348.02,-1
2026-07-03,2026-07-03 12:34:00,337.65,337.65,337.62,337.62,-0.01,90.33,30348.02,-1
2026-07-03,2026-07-03 12:35:00,337.62,337.62,337.6,337.6,-0.01,90.33,30348.02,-1
2026-07-03,2026-07-03 12:36:00,337.6,337.6,337.57,337.57,-0.01,90.33,30348.02,-1
2026-07-03,2026-07-03 12:37:00,337.57,337.57,337.55,337.55,-0.01,90.33,30348.02,-1
2026-07-03,2026-07-03 12:38:00,337.55,337.55,337.52,337.52,-0.01,90.33,30348.02,-1
2026-07-03,2026-07-03 12:39:00,337.52,337.52,337.5,337.5,-0.01,90.33,30348.02,-1
2026-07-03,2026-07-03 12:40:00,337.5,337.5,337.48,337.48,-0.01,90.33,30348.02,-1
2026-07-03,2026-07-03 12:41:00,337.48,337.48,337.45,337.45,-0.01,90.33,30348.02,-1
2026-07-03,2026-07-03 12:42:00,337.45,337.45,337.43,337.43,-0.01,90.33,30348.02,-1
2026-07-03,2026-07-03 12:43:00,337.43,337.43,337.4,337.4,-0.01,90.33,30348.02,-1
2026-07-03,2026-07-03 12:44:00,337.4,337.4,337.38,337.38,-0.01,90.33,30348.02,-1
2026-07-03,2026-07-03 12:45:00,337.38,337.38,337.35,337.35,-0.01,90.33,30348.02,-1
2026-07-03,2026-07-03 12:46:00,337.35,337.35,337.32,337.32,-0.01,90.33,30348.02,-1
2026-07-03,2026-07-03 12:47:00,337.32,337.32,337.3,337.3,-0.01,90.33,30348.02,-1
2026-07-03,2026-07-03 12:48:00,337.3,337.3,337.27,337.27,-0.01,90.33,30348.02,-1
2026-07-03,2026-07-03 12:49:00,337.27,337.27,337.25,337.25,-0.01,90.33,30348.02,-1
2026-07-03,2026-07-03 12:50:00,337.25,337.25,337.23,337.23,-0.01,90.33,30348.02,-1
2026-07-03,2026-07-03 12:51:00,337.23,337.23,337.2,337.2,-0.01,90.33,30348.02,-1
2026-07-03,2026-07-03 12:52:00,337.2,337.2,337.18,337.18,-0.01,90.33,30348.02,-1
2026-07-03,2026-07-03 12:53:00,337.18,337.18,337.15,337.15,-0.01,90.33,30348.02,-1
2026-07-03,2026-07-03 12:54:00,337.15,337.15,337.12,337.12,-0.01,90.33,30348.02,-1
2026-07-03,2026-07-03 12:55:00,337.12,337.12,337.1,337.1,-0.01,90.33,30348.02,-1
2026-07-03,2026-07-03 12:56:00,337.1,337.1,337.07,337.07,-0.01,90.33,30348.02,-1
2026-07-03,2026-07-03 12:57:00,337.07,337.07,337.05,337.05,-0.01,90.33,30348.02,-1
2026-07-03,2026-07-03 12:58:00,337.05,337.05,337.02,337.02,-0.01,90.33,30348.02,-1
2026-07-03,2026-07-03 12:59:00,337.02,337.02,337.0,337.0,-0.01,90.33,30348.02,-1
2026-07-03,2026-07-03 13:00:00,337.0,340.0,333.0,336.98,-0.01,90.33,30348.02,-1
2026-07-03,2026-07-03 13:01:00,336.98,336.98,336.95,336.95,-0.01,90.33,30348.02,-1
2026-07-03,2026-07-03 13:02:00,336.95,336.95,336.93,336.93,-0.01,90.33,30348.02,-1
2026-07-03,2026-07-03 13:03:00,336.93,336.93,336.9,336.9,-0.01,90.33,30348.02,-1
2026-07-03,2026-07-03 13:04:00,336.9,336.9,336.88,336.88,-0.01,90.33,30348.02,-1
2026-07-03,2026-07-03 13:05:00,336.88,336.88,336.85,336.85,-0.01,90.33,30348.02,-1
2026-07-03,2026-07-03 13:06:00,336.85,336.85,336.82,336.82,-0.01,90.33,30348.02,-1
2026-07-03,2026-07-03 13:07:00,336.82,336.82,336.8,336.8,-0.01,90.33,30348.02,-1
2026-07-03,2026-07-03 13:08:00,336.8,336.8,336.77,336.77,-0.01,90.33,30348.02,-1
2026-07-03,2026-07-03 13:09:00,336.77,336.77,336.75,336.75,-0.01,90.33,30348.02,-1
2026-07-03,2026-07-03 13:10:00,336.75,336.75,336.73,336.73,-0.01,90.33,30348.02,-1
2026-07-03,2026-07-03 13:11:00,336.73,336.73,336.7,336.7,-0.01,90.33,30348.02,-1
2026-07-03,2026-07-03 13:12:00,336.7,336.7,336.68,336.68,-0.01,90.33,30348.02,-1
2026-07-03,2026-07-03 13:13:00,336.68,336.68,336.65,336.65,-0.01,90.33,30348.02,-1
2026-07-03,2026-07-03 13:14:00,336.65,336.65,336.62,336.62,-0.01,90.33,30348.02,-1
2026-07-03,2026-07-03 13:15:00,336.62,336.62,336.6,336.6,-0.01,90.33,30348.02,-1
2026-07-03,2026-07-03 13:16:00,336.6,336.6,336.57,336.57,-0.01,90.33,30348.02,-1
2026-07-03,2026-07-03 13:17:00,336.57,336.57,336.55,336.55,-0.01,90.33,30348.02,-1
2026-07-03,2026-07-03 13:18:00,336.55,336.55,336.52,336.52,-0.01,90.33,30348.02,-1
2026-07-03,2026-07-03 13:19:00,336.52,336.52,336.5,336.5,-0.01,90.33,30348.02,-1
2026-07-03,2026-07-03 13:20:00,336.5,336.5,336.48,336.48,-0.01,90.33,30348.02,-1
2026-07-03,2026-07-03 13:21:00,336.48,336.48,336.45,336.45,-0.01,90.33,30348.02,-1
2026-07-03,2026-07-03 13:22:00,336.45,336.45,336.43,336.43,-0.01,90.33,30348.02,-1
2026-07-03,2026-07-03 13:23:00,336.43,336.43,336.4,336.4,-0.01,90.33,30348.02,-1
2026-07-03,2026-07-03 13:24:00,336.4,336.4,336.38,336.38,-0.01,90.33,30348.02,-1
2026-07-03,2026-07-03 13:25:00,336.38,336.38,336.35,336.35,-0.01,90.33,30348.02,-1
2026-07-03,2026-07-03 13:26:00,336.35,336.35,336.32,336.32,-0.01,90.33,30348.02,-1
2026-07-03,2026-07-03 13:27:00,336.32,336.32,336.3,336.3,-0.01,90.33,30348.02,-1
2026-07-03,2026-07-03 13:28:00,336.3,336.3,336.27,336.27,-0.01,90.33,30348.02,-1
2026-07-03,2026-07-03 13:29:00,336.27,336.27,336.25,336.25,-0.01,90.33,30348.02,-1
2026-07-03,2026-07-03 13:30:00,336.25,336.25,336.23,336.23,-0.01,90.33,30348.02,-1
2026-07-03,2026-07-03 13:31:00,336.23,336.23,336.2,336.2,-0.01,90.33,30348.02,-1
2026-07-03,2026-07-03 13:32:00,336.2,336.2,336.18,336.18,-0.01,90.33,30348.02,-1
2026-07-03,2026-07-03 13:33:00,336.18,336.18,336.15,336.15,-0.01,90.33,30348.02,-1
2026-07-03,2026-07-03 13:34:00,336.15,336.15,336.12,336.12,-0.01,90.33,30348.02,-1
2026-07-03,2026-07-03 13:35:00,336.12,336.12,336.1,336.1,-0.01,90.33,30348.02,-1
2026-07-03,2026-07-03 13:36:00,336.1,336.1,336.07,336.07,-0.01,90.33,30348.02,-1
2026-07-03,2026-07-03 13:37:00,336.07,336.07,336.05,336.05,-0.01,90.33,30348.02,-1
2026-07-03,2026-07-03 13:38:00,336.05,336.05,336.02,336.02,-0.01,90.33,30348.02,-1
2026-07-03,2026-07-03 13:39:00,336.02,336.02,336.0,336.0,-0.01,90.33,30348.02,-1
2026-07-03,2026-07-03 13:40:00,336.0,336.0,335.98,335.98,-0.01,90.33,30348.02,-1
2026-07-03,2026-07-03 13:41:00,335.98,335.98,335.95,335.95,-0.01,90.33,30348.02,-1
2026-07-03,2026-07-03 13:42:00,335.95,335.95,335.93,335.93,-0.01,90.33,30348.02,-1
2026-07-03,2026-07-03 13:43:00,335.93,335.93,335.9,335.9,-0.01,90.33,30348.02,-1
2026-07-03,2026-07-03 13:44:00,335.9,335.9,335.88,335.88,-0.01,90.33,30348.02,-1
2026-07-03,2026-07-03 13:45:00,335.88,335.88,335.85,335.85,-0.01,90.33,30348.02,-1
2026-07-03,2026-07-03 13:46:00,335.85,335.85,335.82,335.82,-0.01,90.33,30348.02,-1
2026-07-03,2026-07-03 13:47:00,335.82,335.82,335.8,335.8,-0.01,90.33,30348.02,-1
2026-07-03,2026-07-03 13:48:00,335.8,335.8,335.77,335.77,-0.01,90.33,30348.02,-1
2026-07-03,2026-07-03 13:49:00,335.77,335.77,335.75,335.75,-0.01,90.33,30348.02,-1
2026-07-03,2026-07-03 13:50:00,335.75,335.75,335.73,335.73,-0.01,90.33,30348.02,-1
2026-07-03,2026-07-03 13:51:00,335.73,335.73,335.7,335.7,-0.01,90.33,30348.02,-1
2026-07-03,2026-07-03 13:52:00,335.7,335.7,335.68,335.68,-0.01,90.33,30348.02,-1
2026-07-03,2026-07-03 13:53:00,335.68,335.68,335.65,335.65,-0.01,90.33,30348.02,-1
2026-07-03,2026-07-03 13:54:00,335.65,335.65,335.62,335.62,-0.01,90.33,30348.02,-1
2026-07-03,2026-07-03 13:55:00,335.62,335.62,335.6,335.6,-0.01,90.33,30348.02,-1
2026-07-03,2026-07-03 13:56:00,335.6,335.6,335.57,335.57,-0.01,90.33,30348.02,-1
2026-07-03,2026-07-03 13:57:00,335.57,335.57,335.55,335.55,-0.01,90.33,30348.02,-1
2026-07-03,2026-07-03 13:58:00,335.55,335.55,335.52,335.52,-0.01,90.33,30348.02,-1
2026-07-03,2026-07-03 13:59:00,335.52,335.52,335.5,335.5,-0.01,90.33,30348.02,-1
2026-07-03,2026-07-03 14:00:00,335.5,335.5,335.48,335.48,-0.01,90.33,30348.02,-1
2026-07-03,2026-07-03 14:01:00,335.48,335.48,335.45,335.45,-0.01,90.33,30348.02,-1
2026-07-03,2026-07-03 14:02:00,335.45,335.45,335.43,335.43,-0.01,90.33,30348.02,-1
2026-07-03,2026-07-03 14:03:00,335.43,335.43,335.4,335.4,-0.01,90.33,30348.02,-1
2026-07-03,2026-07-03 14:04:00,335.4,335.4,335.38,335.38,-0.01,90.33,30348.02,-1
2026-07-03,2026-07-03 14:05:00,335.38,335.38,335.35,335.35,-0.01,90.33,30348.02,-1
2026-07-03,2026-07-03 14:06:00,335.35,335.35,335.32,335.32,-0.01,90.33,30348.02,-1
2026-07-03,2026-07-03 14:07:00,335.32,335.32,335.3,335.3,-0.01,90.33,30348.02,-1
2026-07-03,2026-07-03 14:08:00,335.3,335.3,335.27,335.27,-0.01,90.33,30348.02,-1
2026-07-03,2026-07-03 14:09:00,335.27,335.27,335.25,335.25,-0.01,90.33,30348.02,-1
2026-07-03,2026-07-03 14:10:00,335.25,335.25,335.23,335.23,-0.01,90.33,30348.02,-1
2026-07-03,2026-07-03 14:11:00,335.23,335.23,335.2,335.2,-0.01,90.33,30348.02,-1
2026-07-03,2026-07-03 14:12:00,335.2,335.2,335.18,335.18,-0.01,90.33,30348.02,-1
2026-07-03,2026-07-03 14:13:00,335.18,335.18,335.15,335.15,-0.01,90.33,30348.02,-1
2026-07-03,2026-07-03 14:14:00,335.15,335.15,335.12,335.12,-0.01,90.33,30348.02,-1
2026-07-03,2026-07-03 14:15:00,335.12,335.12,335.1,335.1,-0.01,90.33,30348.02,-1
2026-07-03,2026-07-03 14:16:00,335.1,335.1,335.07,335.07,-0.01,90.33,30348.02,-1
2026-07-03,2026-07-03 14:17:00,335.07,335.07,335.05,335.05,-0.01,90.33,30348.02,-1
2026-07-03,2026-07-03 14:18:00,335.05,335.05,335.02,335.02,-0.01,90.33,30348.02,-1
2026-07-03,2026-07-03 14:19:00,335.02,335.02,335.0,335.0,-0.01,90.33,30348.02,-1
2026-07-03,2026-07-03 14:20:00,335.0,335.0,334.98,334.98,-0.01,90.33,30348.02,-1
2026-07-03,2026-07-03 14:21:00,334.98,334.98,334.95,334.95,-0.01,90.33,30348.02,-1
2026-07-03,2026-07-03 14:22:00,334.95,334.95,334.93,334.93,-0.01,90.33,30348.02,-1
2026-07-03,2026-07-03 14:23:00,334.93,334.93,334.9,334.9,-0.01,90.33,30348.02,-1
2026-07-03,2026-07-03 14:24:00,334.9,334.9,334.88,334.88,-0.01,90.33,30348.02,-1
2026-07-03,2026-07-03 14:25:00,334.88,334.88,334.85,334.85,-0.01,90.33,30348.02,-1
2026-07-03,2026-07-03 14:26:00,334.85,334.85,334.82,334.82,-0.01,90.33,30348.02,-1
2026-07-03,2026-07-03 14:27:00,334.82,334.82,334.8,334.8,-0.01,90.33,30348.02,-1
2026-07-03,2026-07-03 14:28:00,334.8,334.8,334.77,334.77,-0.01,90.33,30348.02,-1
2026-07-03,2026-07-03 14:29:00,334.77,334.77,334.75,334.75,-0.01,90.33,30348.02,-1
2026-07-03,2026-07-03 14:30:00,334.75,334.75,334.73,334.73,-0.01,90.33,30348.02,-1
2026-07-03,2026-07-03 14:31:00,334.73,334.73,334.7,334.7,-0.01,90.33,30348.02,-1
2026-07-03,2026-07-03 14:32:00,334.7,334.7,334.68,334.68,-0.01,90.33,30348.02,-1
2026-07-03,2026-07-03 14:33:00,334.68,334.68,334.65,334.65,-0.01,90.33,30348.02,-1
2026-07-03,2026-07-03 14:34:00,334.65,334.65,334.62,334.62,-0.01,90.33,30348.02,-1
2026-07-03,2026-07-03 14:35:00,334.62,334.62,334.6,334.6,-0.01,90.33,30348.02,-1
2026-07-03,2026-07-03 14:36:00,334.6,334.6,334.57,334.57,-0.01,90.33,30348.02,-1
2026-07-03,2026-07-03 14:37:00,334.57,334.57,334.55,334.55,-0.01,90.33,30348.02,-1
2026-07-03,2026-07-03 14:38:00,334.55,334.55,334.52,334.52,-0.01,90.33,30348.02,-1
2026-07-03,2026-07-03 14:39:00,334.52,334.52,334.5,334.5,-0.01,90.33,30348.02,-1
2026-07-03,2026-07-03 14:40:00,334.5,334.5,334.48,334.48,-0.01,90.33,30348.02,-1
2026-07-03,2026-07-03 14:41:00,334.48,334.48,334.45,334.45,-0.01,90.33,30348.02,-1
2026-07-03,2026-07-03 14:42:00,334.45,334.45,334.43,334.43,-0.01,90.33,30348.02,-1
2026-07-03,2026-07-03 14:43:00,334.43,334.43,334.4,334.4,-0.01,90.33,30348.02,-1
2026-07-03,2026-07-03 14:44:00,334.4,334.4,334.38,334.38,-0.01,90.33,30348.02,-1
2026-07-03,2026-07-03 14:45:00,334.38,334.38,334.35,334.35,-0.01,90.33,30348.02,-1
2026-07-03,2026-07-03 14:46:00,334.35,334.35,334.32,334.32,-0.01,90.33,30348.02,-1
2026-07-03,2026-07-03 14:47:00,334.32,334.32,334.3,334.3,-0.01,90.33,30348.02,-1
2026-07-03,2026-07-03 14:48:00,334.3,334.3,334.27,334.27,-0.01,90.33,30348.02,-1
2026-07-03,2026-07-03 14:49:00,334.27,334.27,334.25,334.25,-0.01,90.33,30348.02,-1
2026-07-03,2026-07-03 14:50:00,334.25,334.25,334.23,334.23,-0.01,90.33,30348.02,-1
2026-07-03,2026-07-03 14:51:00,334.23,334.23,334.2,334.2,-0.01,90.33,30348.02,-1
2026-07-03,2026-07-03 14:52:00,334.2,334.2,334.18,334.18,-0.01,90.33,30348.02,-1
2026-07-03,2026-07-03 14:53:00,334.18,334.18,334.15,334.15,-0.01,90.33,30348.02,-1
2026-07-03,2026-07-03 14:54:00,334.15,334.15,334.12,334.12,-0.01,90.33,30348.02,-1
2026-07-03,2026-07-03 14:55:00,334.12,334.12,334.1,334.1,-0.01,90.33,30348.02,-1
2026-07-03,2026-07-03 14:56:00,334.1,334.1,334.07,334.07,-0.01,90.33,30348.02,-1
2026-07-03,2026-07-03 14:57:00,334.07,334.07,334.05,334.05,-0.01,90.33,30348.02,-1
2026-07-03,2026-07-03 14:58:00,334.05,334.05,334.02,334.02,-0.01,90.33,30348.02,-1
2026-07-03,2026-07-03 14:59:00,334.02,334.02,334.0,334.0,-0.01,90.33,30348.02,-1
2026-07-03,2026-07-03 15:00:00,334.0,340.0,333.0,334.0,0.0,90.33,30348.02,0
2026-07-06,2026-07-06 11:00:00,350.7,350.7,343.32,350.61,-0.03,89.72,29510.84,-1
2026-07-06,2026-07-06 11:01:00,350.61,350.61,350.53,350.53,-0.02,89.72,29510.84,-1
2026-07-06,2026-07-06 11:02:00,350.53,350.53,350.44,350.44,-0.03,89.72,29510.84,-1
2026-07-06,2026-07-06 11:03:00,350.44,350.44,350.35,350.35,-0.03,89.72,29510.84,-1
2026-07-06,2026-07-06 11:04:00,350.35,350.35,350.27,350.27,-0.02,89.72,29510.84,-1
2026-07-06,2026-07-06 11:05:00,350.27,350.27,350.18,350.18,-0.03,89.72,29510.84,-1
2026-07-06,2026-07-06 11:06:00,350.18,350.18,350.09,350.09,-0.03,89.72,29510.84,-1
2026-07-06,2026-07-06 11:07:00,350.09,350.09,350.01,350.01,-0.02,89.72,29510.84,-1
2026-07-06,2026-07-06 11:08:00,350.01,350.01,349.92,349.92,-0.03,89.72,29510.84,-1
2026-07-06,2026-07-06 11:09:00,349.92,349.92,349.83,349.83,-0.03,89.72,29510.84,-1
2026-07-06,2026-07-06 11:10:00,349.83,349.83,349.75,349.75,-0.02,89.72,29510.84,-1
2026-07-06,2026-07-06 11:11:00,349.75,349.75,349.66,349.66,-0.03,89.72,29510.84,-1
2026-07-06,2026-07-06 11:12:00,349.66,349.66,349.57,349.57,-0.03,89.72,29510.84,-1
2026-07-06,2026-07-06 11:13:00,349.57,349.57,349.49,349.49,-0.02,89.72,29510.84,-1
2026-07-06,2026-07-06 11:14:00,349.49,349.49,349.4,349.4,-0.03,89.72,29510.84,-1
2026-07-06,2026-07-06 11:15:00,349.4,349.4,349.31,349.31,-0.03,89.72,29510.84,-1
2026-07-06,2026-07-06 11:16:00,349.31,349.31,349.23,349.23,-0.02,89.72,29510.84,-1
2026-07-06,2026-07-06 11:17:00,349.23,349.23,349.14,349.14,-0.03,89.72,29510.84,-1
2026-07-06,2026-07-06 11:18:00,349.14,349.14,349.05,349.05,-0.03,89.72,29510.84,-1
2026-07-06,2026-07-06 11:19:00,349.05,349.05,348.97,348.97,-0.02,89.72,29510.84,-1
2026-07-06,2026-07-06 11:20:00,348.97,348.97,348.88,348.88,-0.03,89.72,29510.84,-1
2026-07-06,2026-07-06 11:21:00,348.88,348.88,348.79,348.79,-0.03,89.72,29510.84,-1
2026-07-06,2026-07-06 11:22:00,348.79,348.79,348.71,348.71,-0.02,89.72,29510.84,-1
2026-07-06,2026-07-06 11:23:00,348.71,348.71,348.62,348.62,-0.03,89.72,29510.84,-1
2026-07-06,2026-07-06 11:24:00,348.62,348.62,348.53,348.53,-0.03,89.72,29510.84,-1
2026-07-06,2026-07-06 11:25:00,348.53,348.53,348.45,348.45,-0.02,89.72,29510.84,-1
2026-07-06,2026-07-06 11:26:00,348.45,348.45,348.36,348.36,-0.03,89.72,29510.84,-1
2026-07-06,2026-07-06 11:27:00,348.36,348.36,348.27,348.27,-0.03,89.72,29510.84,-1
2026-07-06,2026-07-06 11:28:00,348.27,348.27,348.19,348.19,-0.02,89.72,29510.84,-1
2026-07-06,2026-07-06 11:29:00,348.19,348.19,348.1,348.1,-0.03,89.72,29510.84,-1
2026-07-06,2026-07-06 11:30:00,348.1,348.1,348.01,348.01,-0.03,89.72,29510.84,-1
2026-07-06,2026-07-06 11:31:00,348.01,348.01,347.93,347.93,-0.02,89.72,29510.84,-1
2026-07-06,2026-07-06 11:32:00,347.93,347.93,347.84,347.84,-0.03,89.72,29510.84,-1
2026-07-06,2026-07-06 11:33:00,347.84,347.84,347.75,347.75,-0.03,89.72,29510.84,-1
2026-07-06,2026-07-06 11:34:00,347.75,347.75,347.67,347.67,-0.02,89.72,29510.84,-1
2026-07-06,2026-07-06 11:35:00,347.67,347.67,347.58,347.58,-0.03,89.72,29510.84,-1
2026-07-06,2026-07-06 11:36:00,347.58,347.58,347.49,347.49,-0.03,89.72,29510.84,-1
2026-07-06,2026-07-06 11:37:00,347.49,347.49,347.41,347.41,-0.02,89.72,29510.84,-1
2026-07-06,2026-07-06 11:38:00,347.41,347.41,347.32,347.32,-0.03,89.72,29510.84,-1
2026-07-06,2026-07-06 11:39:00,347.32,347.32,347.23,347.23,-0.03,89.72,29510.84,-1
2026-07-06,2026-07-06 11:40:00,347.23,347.23,347.15,347.15,-0.02,89.72,29510.84,-1
2026-07-06,2026-07-06 11:41:00,347.15,347.15,347.06,347.06,-0.03,89.72,29510.84,-1
2026-07-06,2026-07-06 11:42:00,347.06,347.06,346.97,346.97,-0.03,89.72,29510.84,-1
2026-07-06,2026-07-06 11:43:00,346.97,346.97,346.89,346.89,-0.02,89.72,29510.84,-1
2026-07-06,2026-07-06 11:44:00,346.89,346.89,346.8,346.8,-0.03,89.72,29510.84,-1
2026-07-06,2026-07-06 11:45:00,346.8,346.8,346.71,346.71,-0.03,89.72,29510.84,-1
2026-07-06,2026-07-06 11:46:00,346.71,346.71,346.63,346.63,-0.02,89.72,29510.84,-1
2026-07-06,2026-07-06 11:47:00,346.63,346.63,346.54,346.54,-0.03,89.72,29510.84,-1
2026-07-06,2026-07-06 11:48:00,346.54,346.54,346.45,346.45,-0.03,89.72,29510.84,-1
2026-07-06,2026-07-06 11:49:00,346.45,346.45,346.37,346.37,-0.02,89.72,29510.84,-1
2026-07-06,2026-07-06 11:50:00,346.37,346.37,346.28,346.28,-0.03,89.72,29510.84,-1
2026-07-06,2026-07-06 11:51:00,346.28,346.28,346.19,346.19,-0.03,89.72,29510.84,-1
2026-07-06,2026-07-06 11:52:00,346.19,346.19,346.11,346.11,-0.02,89.72,29510.84,-1
2026-07-06,2026-07-06 11:53:00,346.11,346.11,346.02,346.02,-0.03,89.72,29510.84,-1
2026-07-06,2026-07-06 11:54:00,346.02,346.02,345.93,345.93,-0.03,89.72,29510.84,-1
2026-07-06,2026-07-06 11:55:00,345.93,345.93,345.85,345.85,-0.02,89.72,29510.84,-1
2026-07-06,2026-07-06 11:56:00,345.85,345.85,345.76,345.76,-0.03,89.72,29510.84,-1
2026-07-06,2026-07-06 11:57:00,345.76,345.76,345.67,345.67,-0.03,89.72,29510.84,-1
2026-07-06,2026-07-06 11:58:00,345.67,345.67,345.59,345.59,-0.02,89.72,29510.84,-1
2026-07-06,2026-07-06 11:59:00,345.59,345.59,345.5,345.5,-0.03,89.72,29510.84,-1
2026-07-06,2026-07-06 12:00:00,345.5,345.5,345.41,345.41,-0.03,89.72,29510.84,-1
2026-07-06,2026-07-06 12:01:00,345.41,345.41,345.33,345.33,-0.02,89.72,29510.84,-1
2026-07-06,2026-07-06 12:02:00,345.33,345.33,345.24,345.24,-0.03,89.72,29510.84,-1
2026-07-06,2026-07-06 12:03:00,345.24,345.24,345.15,345.15,-0.03,89.72,29510.84,-1
2026-07-06,2026-07-06 12:04:00,345.15,345.15,345.07,345.07,-0.02,89.72,29510.84,-1
2026-07-06,2026-07-06 12:05:00,345.07,345.07,344.98,344.98,-0.03,89.72,29510.84,-1
2026-07-06,2026-07-06 12:06:00,344.98,344.98,344.89,344.89,-0.03,89.72,29510.84,-1
2026-07-06,2026-07-06 12:07:00,344.89,344.89,344.81,344.81,-0.02,89.72,29510.84,-1
2026-07-06,2026-07-06 12:08:00,344.81,344.81,344.72,344.72,-0.03,89.72,29510.84,-1
2026-07-06,2026-07-06 12:09:00,344.72,344.72,344.63,344.63,-0.03,89.72,29510.84,-1
2026-07-06,2026-07-06 12:10:00,344.63,344.63,344.55,344.55,-0.02,89.72,29510.84,-1
2026-07-06,2026-07-06 12:11:00,344.55,344.55,344.46,344.46,-0.03,89.72,29510.84,-1
2026-07-06,2026-07-06 12:12:00,344.46,344.46,344.37,344.37,-0.03,89.72,29510.84,-1
2026-07-06,2026-07-06 12:13:00,344.37,344.37,344.29,344.29,-0.02,89.72,29510.84,-1
2026-07-06,2026-07-06 12:14:00,344.29,344.29,344.2,344.2,-0.03,89.72,29510.84,-1
2026-07-06,2026-07-06 12:15:00,344.2,344.2,344.11,344.11,-0.03,89.72,29510.84,-1
2026-07-06,2026-07-06 12:16:00,344.11,344.11,344.03,344.03,-0.02,89.72,29510.84,-1
2026-07-06,2026-07-06 12:17:00,344.03,344.03,343.94,343.94,-0.03,89.72,29510.84,-1
2026-07-06,2026-07-06 12:18:00,343.94,343.94,343.85,343.85,-0.03,89.72,29510.84,-1
2026-07-06,2026-07-06 12:19:00,343.85,343.85,343.77,343.77,-0.02,89.72,29510.84,-1
2026-07-06,2026-07-06 12:20:00,343.77,343.77,343.68,343.68,-0.03,89.72,29510.84,-1
2026-07-06,2026-07-06 12:21:00,343.68,343.68,343.59,343.59,-0.03,89.72,29510.84,-1
2026-07-06,2026-07-06 12:22:00,343.59,343.59,343.51,343.51,-0.02,89.72,29510.84,-1
2026-07-06,2026-07-06 12:23:00,343.51,343.51,343.42,343.42,-0.03,89.72,29510.84,-1
2026-07-06,2026-07-06 12:24:00,343.42,343.42,343.33,343.33,-0.03,89.72,29510.84,-1
2026-07-06,2026-07-06 12:25:00,343.33,343.33,343.25,343.25,-0.02,89.72,29510.84,-1
2026-07-06,2026-07-06 12:26:00,343.25,343.25,343.16,343.16,-0.03,89.72,29510.84,-1
2026-07-06,2026-07-06 12:27:00,343.16,343.16,343.07,343.07,-0.03,89.72,29510.84,-1
2026-07-06,2026-07-06 12:28:00,343.07,343.07,342.99,342.99,-0.02,89.72,29510.84,-1
2026-07-06,2026-07-06 12:29:00,342.99,342.99,342.9,342.9,-0.03,89.72,29510.84,-1
2026-07-06,2026-07-06 12:30:00,342.9,342.9,342.81,342.81,-0.03,89.72,29510.84,-1
2026-07-06,2026-07-06 12:31:00,342.81,342.81,342.73,342.73,-0.02,89.72,29510.84,-1
2026-07-06,2026-07-06 12:32:00,342.73,342.73,342.64,342.64,-0.03,89.72,29510.84,-1
2026-07-06,2026-07-06 12:33:00,342.64,342.64,342.55,342.55,-0.03,89.72,29510.84,-1
2026-07-06,2026-07-06 12:34:00,342.55,342.55,342.47,342.47,-0.02,89.72,29510.84,-1
2026-07-06,2026-07-06 12:35:00,342.47,342.47,342.38,342.38,-0.03,89.72,29510.84,-1
2026-07-06,2026-07-06 12:36:00,342.38,342.38,342.29,342.29,-0.03,89.72,29510.84,-1
2026-07-06,2026-07-06 12:37:00,342.29,342.29,342.21,342.21,-0.02,89.72,29510.84,-1
2026-07-06,2026-07-06 12:38:00,342.21,342.21,342.12,342.12,-0.03,89.72,29510.84,-1
2026-07-06,2026-07-06 12:39:00,342.12,342.12,342.03,342.03,-0.03,89.72,29510.84,-1
2026-07-06,2026-07-06 12:40:00,342.03,342.03,341.95,341.95,-0.02,89.72,29510.84,-1
2026-07-06,2026-07-06 12:41:00,341.95,341.95,341.86,341.86,-0.03,89.72,29510.84,-1
2026-07-06,2026-07-06 12:42:00,341.86,341.86,341.77,341.77,-0.03,89.72,29510.84,-1
2026-07-06,2026-07-06 12:43:00,341.77,341.77,341.69,341.69,-0.02,89.72,29510.84,-1
2026-07-06,2026-07-06 12:44:00,341.69,341.69,341.6,341.6,-0.03,89.72,29510.84,-1
2026-07-06,2026-07-06 12:45:00,341.6,341.6,341.51,341.51,-0.03,89.72,29510.84,-1
2026-07-06,2026-07-06 12:46:00,341.51,341.51,341.43,341.43,-0.02,89.72,29510.84,-1
2026-07-06,2026-07-06 12:47:00,341.43,341.43,341.34,341.34,-0.03,89.72,29510.84,-1
2026-07-06,2026-07-06 12:48:00,341.34,341.34,341.25,341.25,-0.03,89.72,29510.84,-1
2026-07-06,2026-07-06 12:49:00,341.25,341.25,341.17,341.17,-0.02,89.72,29510.84,-1
2026-07-06,2026-07-06 12:50:00,341.17,341.17,341.08,341.08,-0.03,89.72,29510.84,-1
2026-07-06,2026-07-06 12:51:00,341.08,341.08,340.99,340.99,-0.03,89.72,29510.84,-1
2026-07-06,2026-07-06 12:52:00,340.99,340.99,340.91,340.91,-0.02,89.72,29510.84,-1
2026-07-06,2026-07-06 12:53:00,340.91,340.91,340.82,340.82,-0.03,89.72,29510.84,-1
2026-07-06,2026-07-06 12:54:00,340.82,340.82,340.73,340.73,-0.03,89.72,29510.84,-1
2026-07-06,2026-07-06 12:55:00,340.73,340.73,340.65,340.65,-0.02,89.72,29510.84,-1
2026-07-06,2026-07-06 12:56:00,340.65,340.65,340.56,340.56,-0.03,89.72,29510.84,-1
2026-07-06,2026-07-06 12:57:00,340.56,340.56,340.47,340.47,-0.03,89.72,29510.84,-1
2026-07-06,2026-07-06 12:58:00,340.47,340.47,340.39,340.39,-0.02,89.72,29510.84,-1
2026-07-06,2026-07-06 12:59:00,340.39,340.39,340.3,340.3,-0.03,89.72,29510.84,-1
2026-07-06,2026-07-06 13:00:00,340.3,350.7,326.1,340.21,-0.03,89.72,29510.84,-1
2026-07-06,2026-07-06 13:01:00,340.21,340.21,340.13,340.13,-0.02,89.72,29510.84,-1
2026-07-06,2026-07-06 13:02:00,340.13,340.13,340.04,340.04,-0.03,89.72,29510.84,-1
2026-07-06,2026-07-06 13:03:00,340.04,340.04,339.95,339.95,-0.03,89.72,29510.84,-1
2026-07-06,2026-07-06 13:04:00,339.95,339.95,339.87,339.87,-0.02,89.72,29510.84,-1
2026-07-06,2026-07-06 13:05:00,339.87,339.87,339.78,339.78,-0.03,89.72,29510.84,-1
2026-07-06,2026-07-06 13:06:00,339.78,339.78,339.69,339.69,-0.03,89.72,29510.84,-1
2026-07-06,2026-07-06 13:07:00,339.69,339.69,339.61,339.61,-0.02,89.72,29510.84,-1
2026-07-06,2026-07-06 13:08:00,339.61,339.61,339.52,339.52,-0.03,89.72,29510.84,-1
2026-07-06,2026-07-06 13:09:00,339.52,339.52,339.43,339.43,-0.03,89.72,29510.84,-1
2026-07-06,2026-07-06 13:10:00,339.43,339.43,339.35,339.35,-0.02,89.72,29510.84,-1
2026-07-06,2026-07-06 13:11:00,339.35,339.35,339.26,339.26,-0.03,89.72,29510.84,-1
2026-07-06,2026-07-06 13:12:00,339.26,339.26,339.17,339.17,-0.03,89.72,29510.84,-1
2026-07-06,2026-07-06 13:13:00,339.17,339.17,339.09,339.09,-0.02,89.72,29510.84,-1
2026-07-06,2026-07-06 13:14:00,339.09,339.09,339.0,339.0,-0.03,89.72,29510.84,-1
2026-07-06,2026-07-06 13:15:00,339.0,339.0,338.91,338.91,-0.03,89.72,29510.84,-1
2026-07-06,2026-07-06 13:16:00,338.91,338.91,338.83,338.83,-0.02,89.72,29510.84,-1
2026-07-06,2026-07-06 13:17:00,338.83,338.83,338.74,338.74,-0.03,89.72,29510.84,-1
2026-07-06,2026-07-06 13:18:00,338.74,338.74,338.65,338.65,-0.03,89.72,29510.84,-1
2026-07-06,2026-07-06 13:19:00,338.65,338.65,338.57,338.57,-0.02,89.72,29510.84,-1
2026-07-06,2026-07-06 13:20:00,338.57,338.57,338.48,338.48,-0.03,89.72,29510.84,-1
2026-07-06,2026-07-06 13:21:00,338.48,338.48,338.39,338.39,-0.03,89.72,29510.84,-1
2026-07-06,2026-07-06 13:22:00,338.39,338.39,338.31,338.31,-0.02,89.72,29510.84,-1
2026-07-06,2026-07-06 13:23:00,338.31,338.31,338.22,338.22,-0.03,89.72,29510.84,-1
2026-07-06,2026-07-06 13:24:00,338.22,338.22,338.13,338.13,-0.03,89.72,29510.84,-1
2026-07-06,2026-07-06 13:25:00,338.13,338.13,338.05,338.05,-0.02,89.72,29510.84,-1
2026-07-06,2026-07-06 13:26:00,338.05,338.05,337.96,337.96,-0.03,89.72,29510.84,-1
2026-07-06,2026-07-06 13:27:00,337.96,337.96,337.87,337.87,-0.03,89.72,29510.84,-1
2026-07-06,2026-07-06 13:28:00,337.87,337.87,337.79,337.79,-0.02,89.72,29510.84,-1
2026-07-06,2026-07-06 13:29:00,337.79,337.79,337.7,337.7,-0.03,89.72,29510.84,-1
2026-07-06,2026-07-06 13:30:00,337.7,337.7,337.61,337.61,-0.03,89.72,29510.84,-1
2026-07-06,2026-07-06 13:31:00,337.61,337.61,337.53,337.53,-0.02,89.72,29510.84,-1
2026-07-06,2026-07-06 13:32:00,337.53,337.53,337.44,337.44,-0.03,89.72,29510.84,-1
2026-07-06,2026-07-06 13:33:00,337.44,337.44,337.35,337.35,-0.03,89.72,29510.84,-1
2026-07-06,2026-07-06 13:34:00,337.35,337.35,337.27,337.27,-0.02,89.72,29510.84,-1
2026-07-06,2026-07-06 13:35:00,337.27,337.27,337.18,337.18,-0.03,89.72,29510.84,-1
2026-07-06,2026-07-06 13:36:00,337.18,337.18,337.09,337.09,-0.03,89.72,29510.84,-1
2026-07-06,2026-07-06 13:37:00,337.09,337.09,337.01,337.01,-0.02,89.72,29510.84,-1
2026-07-06,2026-07-06 13:38:00,337.01,337.01,336.92,336.92,-0.03,89.72,29510.84,-1
2026-07-06,2026-07-06 13:39:00,336.92,336.92,336.83,336.83,-0.03,89.72,29510.84,-1
2026-07-06,2026-07-06 13:40:00,336.83,336.83,336.75,336.75,-0.02,89.72,29510.84,-1
2026-07-06,2026-07-06 13:41:00,336.75,336.75,336.66,336.66,-0.03,89.72,29510.84,-1
2026-07-06,2026-07-06 13:42:00,336.66,336.66,336.57,336.57,-0.03,89.72,29510.84,-1
2026-07-06,2026-07-06 13:43:00,336.57,336.57,336.49,336.49,-0.02,89.72,29510.84,-1
2026-07-06,2026-07-06 13:44:00,336.49,336.49,336.4,336.4,-0.03,89.72,29510.84,-1
2026-07-06,2026-07-06 13:45:00,336.4,336.4,336.31,336.31,-0.03,89.72,29510.84,-1
2026-07-06,2026-07-06 13:46:00,336.31,336.31,336.23,336.23,-0.02,89.72,29510.84,-1
2026-07-06,2026-07-06 13:47:00,336.23,336.23,336.14,336.14,-0.03,89.72,29510.84,-1
2026-07-06,2026-07-06 13:48:00,336.14,336.14,336.05,336.05,-0.03,89.72,29510.84,-1
2026-07-06,2026-07-06 13:49:00,336.05,336.05,335.97,335.97,-0.02,89.72,29510.84,-1
2026-07-06,2026-07-06 13:50:00,335.97,335.97,335.88,335.88,-0.03,89.72,29510.84,-1
2026-07-06,2026-07-06 13:51:00,335.88,335.88,335.79,335.79,-0.03,89.72,29510.84,-1
2026-07-06,2026-07-06 13:52:00,335.79,335.79,335.71,335.71,-0.02,89.72,29510.84,-1
2026-07-06,2026-07-06 13:53:00,335.71,335.71,335.62,335.62,-0.03,89.72,29510.84,-1
2026-07-06,2026-07-06 13:54:00,335.62,335.62,335.53,335.53,-0.03,89.72,29510.84,-1
2026-07-06,2026-07-06 13:55:00,335.53,335.53,335.45,335.45,-0.02,89.72,29510.84,-1
2026-07-06,2026-07-06 13:56:00,335.45,335.45,335.36,335.36,-0.03,89.72,29510.84,-1
2026-07-06,2026-07-06 13:57:00,335.36,335.36,335.27,335.27,-0.03,89.72,29510.84,-1
2026-07-06,2026-07-06 13:58:00,335.27,335.27,335.19,335.19,-0.02,89.72,29510.84,-1
2026-07-06,2026-07-06 13:59:00,335.19,335.19,335.1,335.1,-0.03,89.72,29510.84,-1
2026-07-06,2026-07-06 14:00:00,335.1,335.1,335.01,335.01,-0.03,89.72,29510.84,-1
2026-07-06,2026-07-06 14:01:00,335.01,335.01,334.93,334.93,-0.02,89.72,29510.84,-1
2026-07-06,2026-07-06 14:02:00,334.93,334.93,334.84,334.84,-0.03,89.72,29510.84,-1
2026-07-06,2026-07-06 14:03:00,334.84,334.84,334.75,334.75,-0.03,89.72,29510.84,-1
2026-07-06,2026-07-06 14:04:00,334.75,334.75,334.67,334.67,-0.02,89.72,29510.84,-1
2026-07-06,2026-07-06 14:05:00,334.67,334.67,334.58,334.58,-0.03,89.72,29510.84,-1
2026-07-06,2026-07-06 14:06:00,334.58,334.58,334.49,334.49,-0.03,89.72,29510.84,-1
2026-07-06,2026-07-06 14:07:00,334.49,334.49,334.41,334.41,-0.02,89.72,29510.84,-1
2026-07-06,2026-07-06 14:08:00,334.41,334.41,334.32,334.32,-0.03,89.72,29510.84,-1
2026-07-06,2026-07-06 14:09:00,334.32,334.32,334.23,334.23,-0.03,89.72,29510.84,-1
2026-07-06,2026-07-06 14:10:00,334.23,334.23,334.15,334.15,-0.02,89.72,29510.84,-1
2026-07-06,2026-07-06 14:11:00,334.15,334.15,334.06,334.06,-0.03,89.72,29510.84,-1
2026-07-06,2026-07-06 14:12:00,334.06,334.06,333.97,333.97,-0.03,89.72,29510.84,-1
2026-07-06,2026-07-06 14:13:00,333.97,333.97,333.89,333.89,-0.02,89.72,29510.84,-1
2026-07-06,2026-07-06 14:14:00,333.89,333.89,333.8,333.8,-0.03,89.72,29510.84,-1
2026-07-06,2026-07-06 14:15:00,333.8,333.8,333.71,333.71,-0.03,89.72,29510.84,-1
2026-07-06,2026-07-06 14:16:00,333.71,333.71,333.63,333.63,-0.02,89.72,29510.84,-1
2026-07-06,2026-07-06 14:17:00,333.63,333.63,333.54,333.54,-0.03,89.72,29510.84,-1
2026-07-06,2026-07-06 14:18:00,333.54,333.54,333.45,333.45,-0.03,89.72,29510.84,-1
2026-07-06,2026-07-06 14:19:00,333.45,333.45,333.37,333.37,-0.02,89.72,29510.84,-1
2026-07-06,2026-07-06 14:20:00,333.37,333.37,333.28,333.28,-0.03,89.72,29510.84,-1
2026-07-06,2026-07-06 14:21:00,333.28,333.28,333.19,333.19,-0.03,89.72,29510.84,-1
2026-07-06,2026-07-06 14:22:00,333.19,333.19,333.11,333.11,-0.02,89.72,29510.84,-1
2026-07-06,2026-07-06 14:23:00,333.11,333.11,333.02,333.02,-0.03,89.72,29510.84,-1
2026-07-06,2026-07-06 14:24:00,333.02,333.02,332.93,332.93,-0.03,89.72,29510.84,-1
2026-07-06,2026-07-06 14:25:00,332.93,332.93,332.85,332.85,-0.02,89.72,29510.84,-1
2026-07-06,2026-07-06 14:26:00,332.85,332.85,332.76,332.76,-0.03,89.72,29510.84,-1
2026-07-06,2026-07-06 14:27:00,332.76,332.76,332.67,332.67,-0.03,89.72,29510.84,-1
2026-07-06,2026-07-06 14:28:00,332.67,332.67,332.59,332.59,-0.02,89.72,29510.84,-1
2026-07-06,2026-07-06 14:29:00,332.59,332.59,332.5,332.5,-0.03,89.72,29510.84,-1
2026-07-06,2026-07-06 14:30:00,332.5,332.5,332.41,332.41,-0.03,89.72,29510.84,-1
2026-07-06,2026-07-06 14:31:00,332.41,332.41,332.33,332.33,-0.02,89.72,29510.84,-1
2026-07-06,2026-07-06 14:32:00,332.33,332.33,332.24,332.24,-0.03,89.72,29510.84,-1
2026-07-06,2026-07-06 14:33:00,332.24,332.24,332.15,332.15,-0.03,89.72,29510.84,-1
2026-07-06,2026-07-06 14:34:00,332.15,332.15,332.07,332.07,-0.02,89.72,29510.84,-1
2026-07-06,2026-07-06 14:35:00,332.07,332.07,331.98,331.98,-0.03,89.72,29510.84,-1
2026-07-06,2026-07-06 14:36:00,331.98,331.98,331.89,331.89,-0.03,89.72,29510.84,-1
2026-07-06,2026-07-06 14:37:00,331.89,331.89,331.81,331.81,-0.02,89.72,29510.84,-1
2026-07-06,2026-07-06 14:38:00,331.81,331.81,331.72,331.72,-0.03,89.72,29510.84,-1
2026-07-06,2026-07-06 14:39:00,331.72,331.72,331.63,331.63,-0.03,89.72,29510.84,-1
2026-07-06,2026-07-06 14:40:00,331.63,331.63,331.55,331.55,-0.02,89.72,29510.84,-1
2026-07-06,2026-07-06 14:41:00,331.55,331.55,331.46,331.46,-0.03,89.72,29510.84,-1
2026-07-06,2026-07-06 14:42:00,331.46,331.46,331.37,331.37,-0.03,89.72,29510.84,-1
2026-07-06,2026-07-06 14:43:00,331.37,331.37,331.29,331.29,-0.02,89.72,29510.84,-1
2026-07-06,2026-07-06 14:44:00,331.29,331.29,331.2,331.2,-0.03,89.72,29510.84,-1
2026-07-06,2026-07-06 14:45:00,331.2,331.2,331.11,331.11,-0.03,89.72,29510.84,-1
2026-07-06,2026-07-06 14:46:00,331.11,331.11,331.03,331.03,-0.02,89.72,29510.84,-1
2026-07-06,2026-07-06 14:47:00,331.03,331.03,330.94,330.94,-0.03,89.72,29510.84,-1
2026-07-06,2026-07-06 14:48:00,330.94,330.94,330.85,330.85,-0.03,89.72,29510.84,-1
2026-07-06,2026-07-06 14:49:00,330.85,330.85,330.77,330.77,-0.02,89.72,29510.84,-1
2026-07-06,2026-07-06 14:50:00,330.77,330.77,330.68,330.68,-0.03,89.72,29510.84,-1
2026-07-06,2026-07-06 14:51:00,330.68,330.68,330.59,330.59,-0.03,89.72,29510.84,-1
2026-07-06,2026-07-06 14:52:00,330.59,330.59,330.51,330.51,-0.02,89.72,29510.84,-1
2026-07-06,2026-07-06 14:53:00,330.51,330.51,330.42,330.42,-0.03,89.72,29510.84,-1
2026-07-06,2026-07-06 14:54:00,330.42,330.42,330.33,330.33,-0.03,89.72,29510.84,-1
2026-07-06,2026-07-06 14:55:00,330.33,330.33,330.25,330.25,-0.02,89.72,29510.84,-1
2026-07-06,2026-07-06 14:56:00,330.25,330.25,330.16,330.16,-0.03,89.72,29510.84,-1
2026-07-06,2026-07-06 14:57:00,330.16,330.16,330.07,330.07,-0.03,89.72,29510.84,-1
2026-07-06,2026-07-06 14:58:00,330.07,330.07,329.99,329.99,-0.02,89.72,29510.84,-1
2026-07-06,2026-07-06 14:59:00,329.99,329.99,329.9,329.9,-0.03,89.72,29510.84,-1
2026-07-06,2026-07-06 15:00:00,329.9,350.7,326.1,329.9,0.0,89.72,29510.84,0
2026-07-07,2026-07-07 11:00:00,332.9,333.83,331.43,332.89,-0.0,73.37,24370.62,-1
2026-07-07,2026-07-07 11:01:00,332.89,332.89,332.88,332.88,-0.0,73.37,24370.62,-1
2026-07-07,2026-07-07 11:02:00,332.88,332.88,332.88,332.88,0.0,73.37,24370.62,0
2026-07-07,2026-07-07 11:03:00,332.88,332.88,332.87,332.87,-0.0,73.37,24370.62,-1
2026-07-07,2026-07-07 11:04:00,332.87,332.87,332.86,332.86,-0.0,73.37,24370.62,-1
2026-07-07,2026-07-07 11:05:00,332.86,332.86,332.85,332.85,-0.0,73.37,24370.62,-1
2026-07-07,2026-07-07 11:06:00,332.85,332.85,332.85,332.85,0.0,73.37,24370.62,0
2026-07-07,2026-07-07 11:07:00,332.85,332.85,332.84,332.84,-0.0,73.37,24370.62,-1
2026-07-07,2026-07-07 11:08:00,332.84,332.84,332.83,332.83,-0.0,73.37,24370.62,-1
2026-07-07,2026-07-07 11:09:00,332.83,332.83,332.82,332.82,-0.0,73.37,24370.62,-1
2026-07-07,2026-07-07 11:10:00,332.82,332.82,332.82,332.82,0.0,73.37,24370.62,0
2026-07-07,2026-07-07 11:11:00,332.82,332.82,332.81,332.81,-0.0,73.37,24370.62,-1
2026-07-07,2026-07-07 11:12:00,332.81,332.81,332.8,332.8,-0.0,73.37,24370.62,-1
2026-07-07,2026-07-07 11:13:00,332.8,332.8,332.79,332.79,-0.0,73.37,24370.62,-1
2026-07-07,2026-07-07 11:14:00,332.79,332.79,332.79,332.79,0.0,73.37,24370.62,0
2026-07-07,2026-07-07 11:15:00,332.79,332.79,332.78,332.78,-0.0,73.37,24370.62,-1
2026-07-07,2026-07-07 11:16:00,332.78,332.78,332.77,332.77,-0.0,73.37,24370.62,-1
2026-07-07,2026-07-07 11:17:00,332.77,332.77,332.76,332.76,-0.0,73.37,24370.62,-1
2026-07-07,2026-07-07 11:18:00,332.76,332.76,332.76,332.76,0.0,73.37,24370.62,0
2026-07-07,2026-07-07 11:19:00,332.76,332.76,332.75,332.75,-0.0,73.37,24370.62,-1
2026-07-07,2026-07-07 11:20:00,332.75,332.75,332.74,332.74,-0.0,73.37,24370.62,-1
2026-07-07,2026-07-07 11:21:00,332.74,332.74,332.73,332.73,-0.0,73.37,24370.62,-1
2026-07-07,2026-07-07 11:22:00,332.73,332.73,332.73,332.73,0.0,73.37,24370.62,0
2026-07-07,2026-07-07 11:23:00,332.73,332.73,332.72,332.72,-0.0,73.37,24370.62,-1
2026-07-07,2026-07-07 11:24:00,332.72,332.72,332.71,332.71,-0.0,73.37,24370.62,-1
2026-07-07,2026-07-07 11:25:00,332.71,332.71,332.7,332.7,-0.0,73.37,24370.62,-1
2026-07-07,2026-07-07 11:26:00,332.7,332.7,332.7,332.7,0.0,73.37,24370.62,0
2026-07-07,2026-07-07 11:27:00,332.7,332.7,332.69,332.69,-0.0,73.37,24370.62,-1
2026-07-07,2026-07-07 11:28:00,332.69,332.69,332.68,332.68,-0.0,73.37,24370.62,-1
2026-07-07,2026-07-07 11:29:00,332.68,332.68,332.67,332.67,-0.0,73.37,24370.62,-1
2026-07-07,2026-07-07 11:30:00,332.67,332.67,332.67,332.67,0.0,73.37,24370.62,0
2026-07-07,2026-07-07 11:31:00,332.67,332.67,332.66,332.66,-0.0,73.37,24370.62,-1
2026-07-07,2026-07-07 11:32:00,332.66,332.66,332.65,332.65,-0.0,73.37,24370.62,-1
2026-07-07,2026-07-07 11:33:00,332.65,332.65,332.64,332.64,-0.0,73.37,24370.62,-1
2026-07-07,2026-07-07 11:34:00,332.64,332.64,332.64,332.64,0.0,73.37,24370.62,0
2026-07-07,2026-07-07 11:35:00,332.64,332.64,332.63,332.63,-0.0,73.37,24370.62,-1
2026-07-07,2026-07-07 11:36:00,332.63,332.63,332.62,332.62,-0.0,73.37,24370.62,-1
2026-07-07,2026-07-07 11:37:00,332.62,332.62,332.62,332.62,0.0,73.37,24370.62,0
2026-07-07,2026-07-07 11:38:00,332.62,332.62,332.61,332.61,-0.0,73.37,24370.62,-1
2026-07-07,2026-07-07 11:39:00,332.61,332.61,332.6,332.6,-0.0,73.37,24370.62,-1
2026-07-07,2026-07-07 11:40:00,332.6,332.6,332.59,332.59,-0.0,73.37,24370.62,-1
2026-07-07,2026-07-07 11:41:00,332.59,332.59,332.58,332.58,-0.0,73.37,24370.62,-1
2026-07-07,2026-07-07 11:42:00,332.58,332.58,332.58,332.58,0.0,73.37,24370.62,0
2026-07-07,2026-07-07 11:43:00,332.58,332.58,332.57,332.57,-0.0,73.37,24370.62,-1
2026-07-07,2026-07-07 11:44:00,332.57,332.57,332.56,332.56,-0.0,73.37,24370.62,-1
2026-07-07,2026-07-07 11:45:00,332.56,332.56,332.56,332.56,0.0,73.37,24370.62,0
2026-07-07,2026-07-07 11:46:00,332.56,332.56,332.55,332.55,-0.0,73.37,24370.62,-1
2026-07-07,2026-07-07 11:47:00,332.55,332.55,332.54,332.54,-0.0,73.37,24370.62,-1
2026-07-07,2026-07-07 11:48:00,332.54,332.54,332.53,332.53,-0.0,73.37,24370.62,-1
2026-07-07,2026-07-07 11:49:00,332.53,332.53,332.52,332.52,-0.0,73.37,24370.62,-1
2026-07-07,2026-07-07 11:50:00,332.52,332.52,332.52,332.52,0.0,73.37,24370.62,0
2026-07-07,2026-07-07 11:51:00,332.52,332.52,332.51,332.51,-0.0,73.37,24370.62,-1
2026-07-07,2026-07-07 11:52:00,332.51,332.51,332.5,332.5,-0.0,73.37,24370.62,-1
2026-07-07,2026-07-07 11:53:00,332.5,332.5,332.5,332.5,0.0,73.37,24370.62,0
2026-07-07,2026-07-07 11:54:00,332.5,332.5,332.49,332.49,-0.0,73.37,24370.62,-1
2026-07-07,2026-07-07 11:55:00,332.49,332.49,332.48,332.48,-0.0,73.37,24370.62,-1
2026-07-07,2026-07-07 11:56:00,332.48,332.48,332.47,332.47,-0.0,73.37,24370.62,-1
2026-07-07,2026-07-07 11:57:00,332.47,332.47,332.46,332.46,-0.0,73.37,24370.62,-1
2026-07-07,2026-07-07 11:58:00,332.46,332.46,332.46,332.46,0.0,73.37,24370.62,0
2026-07-07,2026-07-07 11:59:00,332.46,332.46,332.45,332.45,-0.0,73.37,24370.62,-1
2026-07-07,2026-07-07 12:00:00,332.45,332.45,332.44,332.44,-0.0,73.37,24370.62,-1
2026-07-07,2026-07-07 12:01:00,332.44,332.44,332.44,332.44,0.0,73.37,24370.62,0
2026-07-07,2026-07-07 12:02:00,332.44,332.44,332.43,332.43,-0.0,73.37,24370.62,-1
2026-07-07,2026-07-07 12:03:00,332.43,332.43,332.42,332.42,-0.0,73.37,24370.62,-1
2026-07-07,2026-07-07 12:04:00,332.42,332.42,332.41,332.41,-0.0,73.37,24370.62,-1
2026-07-07,2026-07-07 12:05:00,332.41,332.41,332.4,332.4,-0.0,73.37,24370.62,-1
2026-07-07,2026-07-07 12:06:00,332.4,332.4,332.4,332.4,0.0,73.37,24370.62,0
2026-07-07,2026-07-07 12:07:00,332.4,332.4,332.39,332.39,-0.0,73.37,24370.62,-1
2026-07-07,2026-07-07 12:08:00,332.39,332.39,332.38,332.38,-0.0,73.37,24370.62,-1
2026-07-07,2026-07-07 12:09:00,332.38,332.38,332.38,332.38,0.0,73.37,24370.62,0
2026-07-07,2026-07-07 12:10:00,332.38,332.38,332.37,332.37,-0.0,73.37,24370.62,-1
2026-07-07,2026-07-07 12:11:00,332.37,332.37,332.36,332.36,-0.0,73.37,24370.62,-1
2026-07-07,2026-07-07 12:12:00,332.36,332.36,332.35,332.35,-0.0,73.37,24370.62,-1
2026-07-07,2026-07-07 12:13:00,332.35,332.35,332.34,332.34,-0.0,73.37,24370.62,-1
2026-07-07,2026-07-07 12:14:00,332.34,332.34,332.34,332.34,0.0,73.37,24370.62,0
2026-07-07,2026-07-07 12:15:00,332.34,332.34,332.33,332.33,-0.0,73.37,24370.62,-1
2026-07-07,2026-07-07 12:16:00,332.33,332.33,332.32,332.32,-0.0,73.37,24370.62,-1
2026-07-07,2026-07-07 12:17:00,332.32,332.32,332.31,332.31,-0.0,73.37,24370.62,-1
2026-07-07,2026-07-07 12:18:00,332.31,332.31,332.31,332.31,0.0,73.37,24370.62,0
2026-07-07,2026-07-07 12:19:00,332.31,332.31,332.3,332.3,-0.0,73.37,24370.62,-1
2026-07-07,2026-07-07 12:20:00,332.3,332.3,332.29,332.29,-0.0,73.37,24370.62,-1
2026-07-07,2026-07-07 12:21:00,332.29,332.29,332.28,332.28,-0.0,73.37,24370.62,-1
2026-07-07,2026-07-07 12:22:00,332.28,332.28,332.28,332.28,0.0,73.37,24370.62,0
2026-07-07,2026-07-07 12:23:00,332.28,332.28,332.27,332.27,-0.0,73.37,24370.62,-1
2026-07-07,2026-07-07 12:24:00,332.27,332.27,332.26,332.26,-0.0,73.37,24370.62,-1
2026-07-07,2026-07-07 12:25:00,332.26,332.26,332.25,332.25,-0.0,73.37,24370.62,-1
2026-07-07,2026-07-07 12:26:00,332.25,332.25,332.25,332.25,0.0,73.37,24370.62,0
2026-07-07,2026-07-07 12:27:00,332.25,332.25,332.24,332.24,-0.0,73.37,24370.62,-1
2026-07-07,2026-07-07 12:28:00,332.24,332.24,332.23,332.23,-0.0,73.37,24370.62,-1
2026-07-07,2026-07-07 12:29:00,332.23,332.23,332.23,332.23,0.0,73.37,24370.62,0
2026-07-07,2026-07-07 12:30:00,332.23,332.23,332.22,332.22,-0.0,73.37,24370.62,-1
2026-07-07,2026-07-07 12:31:00,332.22,332.22,332.21,332.21,-0.0,73.37,24370.62,-1
2026-07-07,2026-07-07 12:32:00,332.21,332.21,332.2,332.2,-0.0,73.37,24370.62,-1
2026-07-07,2026-07-07 12:33:00,332.2,332.2,332.19,332.19,-0.0,73.37,24370.62,-1
2026-07-07,2026-07-07 12:34:00,332.19,332.19,332.19,332.19,0.0,73.37,24370.62,0
2026-07-07,2026-07-07 12:35:00,332.19,332.19,332.18,332.18,-0.0,73.37,24370.62,-1
2026-07-07,2026-07-07 12:36:00,332.18,332.18,332.17,332.17,-0.0,73.37,24370.62,-1
2026-07-07,2026-07-07 12:37:00,332.17,332.17,332.17,332.17,0.0,73.37,24370.62,0
2026-07-07,2026-07-07 12:38:00,332.17,332.17,332.16,332.16,-0.0,73.37,24370.62,-1
2026-07-07,2026-07-07 12:39:00,332.16,332.16,332.15,332.15,-0.0,73.37,24370.62,-1
2026-07-07,2026-07-07 12:40:00,332.15,332.15,332.14,332.14,-0.0,73.37,24370.62,-1
2026-07-07,2026-07-07 12:41:00,332.14,332.14,332.13,332.13,-0.0,73.37,24370.62,-1
2026-07-07,2026-07-07 12:42:00,332.13,332.13,332.13,332.13,0.0,73.37,24370.62,0
2026-07-07,2026-07-07 12:43:00,332.13,332.13,332.12,332.12,-0.0,73.37,24370.62,-1
2026-07-07,2026-07-07 12:44:00,332.12,332.12,332.11,332.11,-0.0,73.37,24370.62,-1
2026-07-07,2026-07-07 12:45:00,332.11,332.11,332.11,332.11,0.0,73.37,24370.62,0
2026-07-07,2026-07-07 12:46:00,332.11,332.11,332.1,332.1,-0.0,73.37,24370.62,-1
2026-07-07,2026-07-07 12:47:00,332.1,332.1,332.09,332.09,-0.0,73.37,24370.62,-1
2026-07-07,2026-07-07 12:48:00,332.09,332.09,332.08,332.08,-0.0,73.37,24370.62,-1
2026-07-07,2026-07-07 12:49:00,332.08,332.08,332.07,332.07,-0.0,73.37,24370.62,-1
2026-07-07,2026-07-07 12:50:00,332.07,332.07,332.07,332.07,0.0,73.37,24370.62,0
2026-07-07,2026-07-07 12:51:00,332.07,332.07,332.06,332.06,-0.0,73.37,24370.62,-1
2026-07-07,2026-07-07 12:52:00,332.06,332.06,332.05,332.05,-0.0,73.37,24370.62,-1
2026-07-07,2026-07-07 12:53:00,332.05,332.05,332.05,332.05,0.0,73.37,24370.62,0
2026-07-07,2026-07-07 12:54:00,332.05,332.05,332.04,332.04,-0.0,73.37,24370.62,-1
2026-07-07,2026-07-07 12:55:00,332.04,332.04,332.03,332.03,-0.0,73.37,24370.62,-1
2026-07-07,2026-07-07 12:56:00,332.03,332.03,332.02,332.02,-0.0,73.37,24370.62,-1
2026-07-07,2026-07-07 12:57:00,332.02,332.02,332.01,332.01,-0.0,73.37,24370.62,-1
2026-07-07,2026-07-07 12:58:00,332.01,332.01,332.01,332.01,0.0,73.37,24370.62,0
2026-07-07,2026-07-07 12:59:00,332.01,332.01,332.0,332.0,-0.0,73.37,24370.62,-1
2026-07-07,2026-07-07 13:00:00,332.0,336.0,328.0,331.99,-0.0,73.37,24370.62,-1
2026-07-07,2026-07-07 13:01:00,331.99,331.99,331.99,331.99,0.0,73.37,24370.62,0
2026-07-07,2026-07-07 13:02:00,331.99,331.99,331.98,331.98,-0.0,73.37,24370.62,-1
2026-07-07,2026-07-07 13:03:00,331.98,331.98,331.97,331.97,-0.0,73.37,24370.62,-1
2026-07-07,2026-07-07 13:04:00,331.97,331.97,331.96,331.96,-0.0,73.37,24370.62,-1
2026-07-07,2026-07-07 13:05:00,331.96,331.96,331.95,331.95,-0.0,73.37,24370.62,-1
2026-07-07,2026-07-07 13:06:00,331.95,331.95,331.95,331.95,0.0,73.37,24370.62,0
2026-07-07,2026-07-07 13:07:00,331.95,331.95,331.94,331.94,-0.0,73.37,24370.62,-1
2026-07-07,2026-07-07 13:08:00,331.94,331.94,331.93,331.93,-0.0,73.37,24370.62,-1
2026-07-07,2026-07-07 13:09:00,331.93,331.93,331.93,331.93,0.0,73.37,24370.62,0
2026-07-07,2026-07-07 13:10:00,331.93,331.93,331.92,331.92,-0.0,73.37,24370.62,-1
2026-07-07,2026-07-07 13:11:00,331.92,331.92,331.91,331.91,-0.0,73.37,24370.62,-1
2026-07-07,2026-07-07 13:12:00,331.91,331.91,331.9,331.9,-0.0,73.37,24370.62,-1
2026-07-07,2026-07-07 13:13:00,331.9,331.9,331.89,331.89,-0.0,73.37,24370.62,-1
2026-07-07,2026-07-07 13:14:00,331.89,331.89,331.89,331.89,0.0,73.37,24370.62,0
2026-07-07,2026-07-07 13:15:00,331.89,331.89,331.88,331.88,-0.0,73.37,24370.62,-1
2026-07-07,2026-07-07 13:16:00,331.88,331.88,331.87,331.87,-0.0,73.37,24370.62,-1
2026-07-07,2026-07-07 13:17:00,331.87,331.87,331.87,331.87,0.0,73.37,24370.62,0
2026-07-07,2026-07-07 13:18:00,331.87,331.87,331.86,331.86,-0.0,73.37,24370.62,-1
2026-07-07,2026-07-07 13:19:00,331.86,331.86,331.85,331.85,-0.0,73.37,24370.62,-1
2026-07-07,2026-07-07 13:20:00,331.85,331.85,331.84,331.84,-0.0,73.37,24370.62,-1
2026-07-07,2026-07-07 13:21:00,331.84,331.84,331.83,331.83,-0.0,73.37,24370.62,-1
2026-07-07,2026-07-07 13:22:00,331.83,331.83,331.83,331.83,0.0,73.37,24370.62,0
2026-07-07,2026-07-07 13:23:00,331.83,331.83,331.82,331.82,-0.0,73.37,24370.62,-1
2026-07-07,2026-07-07 13:24:00,331.82,331.82,331.81,331.81,-0.0,73.37,24370.62,-1
2026-07-07,2026-07-07 13:25:00,331.81,331.81,331.81,331.81,0.0,73.37,24370.62,0
2026-07-07,2026-07-07 13:26:00,331.81,331.81,331.8,331.8,-0.0,73.37,24370.62,-1
2026-07-07,2026-07-07 13:27:00,331.8,331.8,331.79,331.79,-0.0,73.37,24370.62,-1
2026-07-07,2026-07-07 13:28:00,331.79,331.79,331.78,331.78,-0.0,73.37,24370.62,-1
2026-07-07,2026-07-07 13:29:00,331.78,331.78,331.77,331.77,-0.0,73.37,24370.62,-1
2026-07-07,2026-07-07 13:30:00,331.77,331.77,331.77,331.77,0.0,73.37,24370.62,0
2026-07-07,2026-07-07 13:31:00,331.77,331.77,331.76,331.76,-0.0,73.37,24370.62,-1
2026-07-07,2026-07-07 13:32:00,331.76,331.76,331.75,331.75,-0.0,73.37,24370.62,-1
2026-07-07,2026-07-07 13:33:00,331.75,331.75,331.75,331.75,0.0,73.37,24370.62,0
2026-07-07,2026-07-07 13:34:00,331.75,331.75,331.74,331.74,-0.0,73.37,24370.62,-1
2026-07-07,2026-07-07 13:35:00,331.74,331.74,331.73,331.73,-0.0,73.37,24370.62,-1
2026-07-07,2026-07-07 13:36:00,331.73,331.73,331.72,331.72,-0.0,73.37,24370.62,-1
2026-07-07,2026-07-07 13:37:00,331.72,331.72,331.72,331.72,0.0,73.37,24370.62,0
2026-07-07,2026-07-07 13:38:00,331.72,331.72,331.71,331.71,-0.0,73.37,24370.62,-1
2026-07-07,2026-07-07 13:39:00,331.71,331.71,331.7,331.7,-0.0,73.37,24370.62,-1
2026-07-07,2026-07-07 13:40:00,331.7,331.7,331.69,331.69,-0.0,73.37,24370.62,-1
2026-07-07,2026-07-07 13:41:00,331.69,331.69,331.69,331.69,0.0,73.37,24370.62,0
2026-07-07,2026-07-07 13:42:00,331.69,331.69,331.68,331.68,-0.0,73.37,24370.62,-1
2026-07-07,2026-07-07 13:43:00,331.68,331.68,331.67,331.67,-0.0,73.37,24370.62,-1
2026-07-07,2026-07-07 13:44:00,331.67,331.67,331.66,331.66,-0.0,73.37,24370.62,-1
2026-07-07,2026-07-07 13:45:00,331.66,331.66,331.66,331.66,0.0,73.37,24370.62,0
2026-07-07,2026-07-07 13:46:00,331.66,331.66,331.65,331.65,-0.0,73.37,24370.62,-1
2026-07-07,2026-07-07 13:47:00,331.65,331.65,331.64,331.64,-0.0,73.37,24370.62,-1
2026-07-07,2026-07-07 13:48:00,331.64,331.64,331.63,331.63,-0.0,73.37,24370.62,-1
2026-07-07,2026-07-07 13:49:00,331.63,331.63,331.62,331.62,-0.0,73.37,24370.62,-1
2026-07-07,2026-07-07 13:50:00,331.62,331.62,331.62,331.62,0.0,73.37,24370.62,0
2026-07-07,2026-07-07 13:51:00,331.62,331.62,331.61,331.61,-0.0,73.37,24370.62,-1
2026-07-07,2026-07-07 13:52:00,331.61,331.61,331.6,331.6,-0.0,73.37,24370.62,-1
2026-07-07,2026-07-07 13:53:00,331.6,331.6,331.6,331.6,0.0,73.37,24370.62,0
2026-07-07,2026-07-07 13:54:00,331.6,331.6,331.59,331.59,-0.0,73.37,24370.62,-1
2026-07-07,2026-07-07 13:55:00,331.59,331.59,331.58,331.58,-0.0,73.37,24370.62,-1
2026-07-07,2026-07-07 13:56:00,331.58,331.58,331.57,331.57,-0.0,73.37,24370.62,-1
2026-07-07,2026-07-07 13:57:00,331.57,331.57,331.56,331.56,-0.0,73.37,24370.62,-1
2026-07-07,2026-07-07 13:58:00,331.56,331.56,331.56,331.56,0.0,73.37,24370.62,0
2026-07-07,2026-07-07 13:59:00,331.56,331.56,331.55,331.55,-0.0,73.37,24370.62,-1
2026-07-07,2026-07-07 14:00:00,331.55,331.55,331.54,331.54,-0.0,73.37,24370.62,-1
2026-07-07,2026-07-07 14:01:00,331.54,331.54,331.54,331.54,0.0,73.37,24370.62,0
2026-07-07,2026-07-07 14:02:00,331.54,331.54,331.53,331.53,-0.0,73.37,24370.62,-1
2026-07-07,2026-07-07 14:03:00,331.53,331.53,331.52,331.52,-0.0,73.37,24370.62,-1
2026-07-07,2026-07-07 14:04:00,331.52,331.52,331.51,331.51,-0.0,73.37,24370.62,-1
2026-07-07,2026-07-07 14:05:00,331.51,331.51,331.5,331.5,-0.0,73.37,24370.62,-1
2026-07-07,2026-07-07 14:06:00,331.5,331.5,331.5,331.5,0.0,73.37,24370.62,0
2026-07-07,2026-07-07 14:07:00,331.5,331.5,331.49,331.49,-0.0,73.37,24370.62,-1
2026-07-07,2026-07-07 14:08:00,331.49,331.49,331.48,331.48,-0.0,73.37,24370.62,-1
2026-07-07,2026-07-07 14:09:00,331.48,331.48,331.48,331.48,0.0,73.37,24370.62,0
2026-07-07,2026-07-07 14:10:00,331.48,331.48,331.47,331.47,-0.0,73.37,24370.62,-1
2026-07-07,2026-07-07 14:11:00,331.47,331.47,331.46,331.46,-0.0,73.37,24370.62,-1
2026-07-07,2026-07-07 14:12:00,331.46,331.46,331.45,331.45,-0.0,73.37,24370.62,-1
2026-07-07,2026-07-07 14:13:00,331.45,331.45,331.44,331.44,-0.0,73.37,24370.62,-1
2026-07-07,2026-07-07 14:14:00,331.44,331.44,331.44,331.44,0.0,73.37,24370.62,0
2026-07-07,2026-07-07 14:15:00,331.44,331.44,331.43,331.43,-0.0,73.37,24370.62,-1
2026-07-07,2026-07-07 14:16:00,331.43,331.43,331.42,331.42,-0.0,73.37,24370.62,-1
2026-07-07,2026-07-07 14:17:00,331.42,331.42,331.42,331.42,0.0,73.37,24370.62,0
2026-07-07,2026-07-07 14:18:00,331.42,331.42,331.41,331.41,-0.0,73.37,24370.62,-1
2026-07-07,2026-07-07 14:19:00,331.41,331.41,331.4,331.4,-0.0,73.37,24370.62,-1
2026-07-07,2026-07-07 14:20:00,331.4,331.4,331.39,331.39,-0.0,73.37,24370.62,-1
2026-07-07,2026-07-07 14:21:00,331.39,331.39,331.38,331.38,-0.0,73.37,24370.62,-1
2026-07-07,2026-07-07 14:22:00,331.38,331.38,331.38,331.38,0.0,73.37,24370.62,0
2026-07-07,2026-07-07 14:23:00,331.38,331.38,331.37,331.37,-0.0,73.37,24370.62,-1
2026-07-07,2026-07-07 14:24:00,331.37,331.37,331.36,331.36,-0.0,73.37,24370.62,-1
2026-07-07,2026-07-07 14:25:00,331.36,331.36,331.36,331.36,0.0,73.37,24370.62,0
2026-07-07,2026-07-07 14:26:00,331.36,331.36,331.35,331.35,-0.0,73.37,24370.62,-1
2026-07-07,2026-07-07 14:27:00,331.35,331.35,331.34,331.34,-0.0,73.37,24370.62,-1
2026-07-07,2026-07-07 14:28:00,331.34,331.34,331.33,331.33,-0.0,73.37,24370.62,-1
2026-07-07,2026-07-07 14:29:00,331.33,331.33,331.33,331.33,0.0,73.37,24370.62,0
2026-07-07,2026-07-07 14:30:00,331.33,331.33,331.32,331.32,-0.0,73.37,24370.62,-1
2026-07-07,2026-07-07 14:31:00,331.32,331.32,331.31,331.31,-0.0,73.37,24370.62,-1
2026-07-07,2026-07-07 14:32:00,331.31,331.31,331.3,331.3,-0.0,73.37,24370.62,-1
2026-07-07,2026-07-07 14:33:00,331.3,331.3,331.3,331.3,0.0,73.37,24370.62,0
2026-07-07,2026-07-07 14:34:00,331.3,331.3,331.29,331.29,-0.0,73.37,24370.62,-1
2026-07-07,2026-07-07 14:35:00,331.29,331.29,331.28,331.28,-0.0,73.37,24370.62,-1
2026-07-07,2026-07-07 14:36:00,331.28,331.28,331.27,331.27,-0.0,73.37,24370.62,-1
2026-07-07,2026-07-07 14:37:00,331.27,331.27,331.27,331.27,0.0,73.37,24370.62,0
2026-07-07,2026-07-07 14:38:00,331.27,331.27,331.26,331.26,-0.0,73.37,24370.62,-1
2026-07-07,2026-07-07 14:39:00,331.26,331.26,331.25,331.25,-0.0,73.37,24370.62,-1
2026-07-07,2026-07-07 14:40:00,331.25,331.25,331.24,331.24,-0.0,73.37,24370.62,-1
2026-07-07,2026-07-07 14:41:00,331.24,331.24,331.24,331.24,0.0,73.37,24370.62,0
2026-07-07,2026-07-07 14:42:00,331.24,331.24,331.23,331.23,-0.0,73.37,24370.62,-1
2026-07-07,2026-07-07 14:43:00,331.23,331.23,331.22,331.22,-0.0,73.37,24370.62,-1
2026-07-07,2026-07-07 14:44:00,331.22,331.22,331.21,331.21,-0.0,73.37,24370.62,-1
2026-07-07,2026-07-07 14:45:00,331.21,331.21,331.21,331.21,0.0,73.37,24370.62,0
2026-07-07,2026-07-07 14:46:00,331.21,331.21,331.2,331.2,-0.0,73.37,24370.62,-1
2026-07-07,2026-07-07 14:47:00,331.2,331.2,331.19,331.19,-0.0,73.37,24370.62,-1
2026-07-07,2026-07-07 14:48:00,331.19,331.19,331.18,331.18,-0.0,73.37,24370.62,-1
2026-07-07,2026-07-07 14:49:00,331.18,331.18,331.18,331.18,0.0,73.37,24370.62,0
2026-07-07,2026-07-07 14:50:00,331.18,331.18,331.17,331.17,-0.0,73.37,24370.62,-1
2026-07-07,2026-07-07 14:51:00,331.17,331.17,331.16,331.16,-0.0,73.37,24370.62,-1
2026-07-07,2026-07-07 14:52:00,331.16,331.16,331.15,331.15,-0.0,73.37,24370.62,-1
2026-07-07,2026-07-07 14:53:00,331.15,331.15,331.15,331.15,0.0,73.37,24370.62,0
2026-07-07,2026-07-07 14:54:00,331.15,331.15,331.14,331.14,-0.0,73.37,24370.62,-1
2026-07-07,2026-07-07 14:55:00,331.14,331.14,331.13,331.13,-0.0,73.37,24370.62,-1
2026-07-07,2026-07-07 14:56:00,331.13,331.13,331.12,331.12,-0.0,73.37,24370.62,-1
2026-07-07,2026-07-07 14:57:00,331.12,331.12,331.12,331.12,0.0,73.37,24370.62,0
2026-07-07,2026-07-07 14:58:00,331.12,331.12,331.11,331.11,-0.0,73.37,24370.62,-1
2026-07-07,2026-07-07 14:59:00,331.11,331.11,331.1,331.1,-0.0,73.37,24370.62,-1
2026-07-07,2026-07-07 15:00:00,331.1,336.0,328.0,331.1,0.0,73.37,24370.62,0
2026-07-08,2026-07-08 11:00:00,327.0,327.9,324.93,326.98,-0.01,90.3,29361.1,-1
2026-07-08,2026-07-08 11:01:00,326.98,326.98,326.95,326.95,-0.01,90.3,29361.1,-1
2026-07-08,2026-07-08 11:02:00,326.95,326.95,326.93,326.93,-0.01,90.3,29361.1,-1
2026-07-08,2026-07-08 11:03:00,326.93,326.93,326.9,326.9,-0.01,90.3,29361.1,-1
2026-07-08,2026-07-08 11:04:00,326.9,326.9,326.88,326.88,-0.01,90.3,29361.1,-1
2026-07-08,2026-07-08 11:05:00,326.88,326.88,326.85,326.85,-0.01,90.3,29361.1,-1
2026-07-08,2026-07-08 11:06:00,326.85,326.85,326.83,326.83,-0.01,90.3,29361.1,-1
2026-07-08,2026-07-08 11:07:00,326.83,326.83,326.8,326.8,-0.01,90.3,29361.1,-1
2026-07-08,2026-07-08 11:08:00,326.8,326.8,326.78,326.78,-0.01,90.3,29361.1,-1
2026-07-08,2026-07-08 11:09:00,326.78,326.78,326.75,326.75,-0.01,90.3,29361.1,-1
2026-07-08,2026-07-08 11:10:00,326.75,326.75,326.73,326.73,-0.01,90.3,29361.1,-1
2026-07-08,2026-07-08 11:11:00,326.73,326.73,326.7,326.7,-0.01,90.3,29361.1,-1
2026-07-08,2026-07-08 11:12:00,326.7,326.7,326.68,326.68,-0.01,90.3,29361.1,-1
2026-07-08,2026-07-08 11:13:00,326.68,326.68,326.66,326.66,-0.01,90.3,29361.1,-1
2026-07-08,2026-07-08 11:14:00,326.66,326.66,326.63,326.63,-0.01,90.3,29361.1,-1
2026-07-08,2026-07-08 11:15:00,326.63,326.63,326.61,326.61,-0.01,90.3,29361.1,-1
2026-07-08,2026-07-08 11:16:00,326.61,326.61,326.58,326.58,-0.01,90.3,29361.1,-1
2026-07-08,2026-07-08 11:17:00,326.58,326.58,326.56,326.56,-0.01,90.3,29361.1,-1
2026-07-08,2026-07-08 11:18:00,326.56,326.56,326.53,326.53,-0.01,90.3,29361.1,-1
2026-07-08,2026-07-08 11:19:00,326.53,326.53,326.51,326.51,-0.01,90.3,29361.1,-1
2026-07-08,2026-07-08 11:20:00,326.51,326.51,326.48,326.48,-0.01,90.3,29361.1,-1
2026-07-08,2026-07-08 11:21:00,326.48,326.48,326.46,326.46,-0.01,90.3,29361.1,-1
2026-07-08,2026-07-08 11:22:00,326.46,326.46,326.43,326.43,-0.01,90.3,29361.1,-1
2026-07-08,2026-07-08 11:23:00,326.43,326.43,326.41,326.41,-0.01,90.3,29361.1,-1
2026-07-08,2026-07-08 11:24:00,326.41,326.41,326.39,326.39,-0.01,90.3,29361.1,-1
2026-07-08,2026-07-08 11:25:00,326.39,326.39,326.36,326.36,-0.01,90.3,29361.1,-1
2026-07-08,2026-07-08 11:26:00,326.36,326.36,326.34,326.34,-0.01,90.3,29361.1,-1
2026-07-08,2026-07-08 11:27:00,326.34,326.34,326.31,326.31,-0.01,90.3,29361.1,-1
2026-07-08,2026-07-08 11:28:00,326.31,326.31,326.29,326.29,-0.01,90.3,29361.1,-1
2026-07-08,2026-07-08 11:29:00,326.29,326.29,326.26,326.26,-0.01,90.3,29361.1,-1
2026-07-08,2026-07-08 11:30:00,326.26,326.26,326.24,326.24,-0.01,90.3,29361.1,-1
2026-07-08,2026-07-08 11:31:00,326.24,326.24,326.21,326.21,-0.01,90.3,29361.1,-1
2026-07-08,2026-07-08 11:32:00,326.21,326.21,326.19,326.19,-0.01,90.3,29361.1,-1
2026-07-08,2026-07-08 11:33:00,326.19,326.19,326.16,326.16,-0.01,90.3,29361.1,-1
2026-07-08,2026-07-08 11:34:00,326.16,326.16,326.14,326.14,-0.01,90.3,29361.1,-1
2026-07-08,2026-07-08 11:35:00,326.14,326.14,326.12,326.12,-0.01,90.3,29361.1,-1
2026-07-08,2026-07-08 11:36:00,326.12,326.12,326.09,326.09,-0.01,90.3,29361.1,-1
2026-07-08,2026-07-08 11:37:00,326.09,326.09,326.07,326.07,-0.01,90.3,29361.1,-1
2026-07-08,2026-07-08 11:38:00,326.07,326.07,326.04,326.04,-0.01,90.3,29361.1,-1
2026-07-08,2026-07-08 11:39:00,326.04,326.04,326.02,326.02,-0.01,90.3,29361.1,-1
2026-07-08,2026-07-08 11:40:00,326.02,326.02,325.99,325.99,-0.01,90.3,29361.1,-1
2026-07-08,2026-07-08 11:41:00,325.99,325.99,325.97,325.97,-0.01,90.3,29361.1,-1
2026-07-08,2026-07-08 11:42:00,325.97,325.97,325.94,325.94,-0.01,90.3,29361.1,-1
2026-07-08,2026-07-08 11:43:00,325.94,325.94,325.92,325.92,-0.01,90.3,29361.1,-1
2026-07-08,2026-07-08 11:44:00,325.92,325.92,325.89,325.89,-0.01,90.3,29361.1,-1
2026-07-08,2026-07-08 11:45:00,325.89,325.89,325.87,325.87,-0.01,90.3,29361.1,-1
2026-07-08,2026-07-08 11:46:00,325.87,325.87,325.84,325.84,-0.01,90.3,29361.1,-1
2026-07-08,2026-07-08 11:47:00,325.84,325.84,325.82,325.82,-0.01,90.3,29361.1,-1
2026-07-08,2026-07-08 11:48:00,325.82,325.82,325.8,325.8,-0.01,90.3,29361.1,-1
2026-07-08,2026-07-08 11:49:00,325.8,325.8,325.77,325.77,-0.01,90.3,29361.1,-1
2026-07-08,2026-07-08 11:50:00,325.77,325.77,325.75,325.75,-0.01,90.3,29361.1,-1
2026-07-08,2026-07-08 11:51:00,325.75,325.75,325.72,325.72,-0.01,90.3,29361.1,-1
2026-07-08,2026-07-08 11:52:00,325.72,325.72,325.7,325.7,-0.01,90.3,29361.1,-1
2026-07-08,2026-07-08 11:53:00,325.7,325.7,325.67,325.67,-0.01,90.3,29361.1,-1
2026-07-08,2026-07-08 11:54:00,325.67,325.67,325.65,325.65,-0.01,90.3,29361.1,-1
2026-07-08,2026-07-08 11:55:00,325.65,325.65,325.62,325.62,-0.01,90.3,29361.1,-1
2026-07-08,2026-07-08 11:56:00,325.62,325.62,325.6,325.6,-0.01,90.3,29361.1,-1
2026-07-08,2026-07-08 11:57:00,325.6,325.6,325.57,325.57,-0.01,90.3,29361.1,-1
2026-07-08,2026-07-08 11:58:00,325.57,325.57,325.55,325.55,-0.01,90.3,29361.1,-1
2026-07-08,2026-07-08 11:59:00,325.55,325.55,325.52,325.52,-0.01,90.3,29361.1,-1
2026-07-08,2026-07-08 12:00:00,325.52,325.52,325.5,325.5,-0.01,90.3,29361.1,-1
2026-07-08,2026-07-08 12:01:00,325.5,325.5,325.48,325.48,-0.01,90.3,29361.1,-1
2026-07-08,2026-07-08 12:02:00,325.48,325.48,325.45,325.45,-0.01,90.3,29361.1,-1
2026-07-08,2026-07-08 12:03:00,325.45,325.45,325.43,325.43,-0.01,90.3,29361.1,-1
2026-07-08,2026-07-08 12:04:00,325.43,325.43,325.4,325.4,-0.01,90.3,29361.1,-1
2026-07-08,2026-07-08 12:05:00,325.4,325.4,325.38,325.38,-0.01,90.3,29361.1,-1
2026-07-08,2026-07-08 12:06:00,325.38,325.38,325.35,325.35,-0.01,90.3,29361.1,-1
2026-07-08,2026-07-08 12:07:00,325.35,325.35,325.33,325.33,-0.01,90.3,29361.1,-1
2026-07-08,2026-07-08 12:08:00,325.33,325.33,325.3,325.3,-0.01,90.3,29361.1,-1
2026-07-08,2026-07-08 12:09:00,325.3,325.3,325.28,325.28,-0.01,90.3,29361.1,-1
2026-07-08,2026-07-08 12:10:00,325.28,325.28,325.25,325.25,-0.01,90.3,29361.1,-1
2026-07-08,2026-07-08 12:11:00,325.25,325.25,325.23,325.23,-0.01,90.3,29361.1,-1
2026-07-08,2026-07-08 12:12:00,325.23,325.23,325.21,325.21,-0.01,90.3,29361.1,-1
2026-07-08,2026-07-08 12:13:00,325.21,325.21,325.18,325.18,-0.01,90.3,29361.1,-1
2026-07-08,2026-07-08 12:14:00,325.18,325.18,325.16,325.16,-0.01,90.3,29361.1,-1
2026-07-08,2026-07-08 12:15:00,325.16,325.16,325.13,325.13,-0.01,90.3,29361.1,-1
2026-07-08,2026-07-08 12:16:00,325.13,325.13,325.11,325.11,-0.01,90.3,29361.1,-1
2026-07-08,2026-07-08 12:17:00,325.11,325.11,325.08,325.08,-0.01,90.3,29361.1,-1
2026-07-08,2026-07-08 12:18:00,325.08,325.08,325.06,325.06,-0.01,90.3,29361.1,-1
2026-07-08,2026-07-08 12:19:00,325.06,325.06,325.03,325.03,-0.01,90.3,29361.1,-1
2026-07-08,2026-07-08 12:20:00,325.03,325.03,325.01,325.01,-0.01,90.3,29361.1,-1
2026-07-08,2026-07-08 12:21:00,325.01,325.01,324.98,324.98,-0.01,90.3,29361.1,-1
2026-07-08,2026-07-08 12:22:00,324.98,324.98,324.96,324.96,-0.01,90.3,29361.1,-1
2026-07-08,2026-07-08 12:23:00,324.96,324.96,324.94,324.94,-0.01,90.3,29361.1,-1
2026-07-08,2026-07-08 12:24:00,324.94,324.94,324.91,324.91,-0.01,90.3,29361.1,-1
2026-07-08,2026-07-08 12:25:00,324.91,324.91,324.89,324.89,-0.01,90.3,29361.1,-1
2026-07-08,2026-07-08 12:26:00,324.89,324.89,324.86,324.86,-0.01,90.3,29361.1,-1
2026-07-08,2026-07-08 12:27:00,324.86,324.86,324.84,324.84,-0.01,90.3,29361.1,-1
2026-07-08,2026-07-08 12:28:00,324.84,324.84,324.81,324.81,-0.01,90.3,29361.1,-1
2026-07-08,2026-07-08 12:29:00,324.81,324.81,324.79,324.79,-0.01,90.3,29361.1,-1
2026-07-08,2026-07-08 12:30:00,324.79,324.79,324.76,324.76,-0.01,90.3,29361.1,-1
2026-07-08,2026-07-08 12:31:00,324.76,324.76,324.74,324.74,-0.01,90.3,29361.1,-1
2026-07-08,2026-07-08 12:32:00,324.74,324.74,324.71,324.71,-0.01,90.3,29361.1,-1
2026-07-08,2026-07-08 12:33:00,324.71,324.71,324.69,324.69,-0.01,90.3,29361.1,-1
2026-07-08,2026-07-08 12:34:00,324.69,324.69,324.66,324.66,-0.01,90.3,29361.1,-1
2026-07-08,2026-07-08 12:35:00,324.66,324.66,324.64,324.64,-0.01,90.3,29361.1,-1
2026-07-08,2026-07-08 12:36:00,324.64,324.64,324.62,324.62,-0.01,90.3,29361.1,-1
2026-07-08,2026-07-08 12:37:00,324.62,324.62,324.59,324.59,-0.01,90.3,29361.1,-1
2026-07-08,2026-07-08 12:38:00,324.59,324.59,324.57,324.57,-0.01,90.3,29361.1,-1
2026-07-08,2026-07-08 12:39:00,324.57,324.57,324.54,324.54,-0.01,90.3,29361.1,-1
2026-07-08,2026-07-08 12:40:00,324.54,324.54,324.52,324.52,-0.01,90.3,29361.1,-1
2026-07-08,2026-07-08 12:41:00,324.52,324.52,324.49,324.49,-0.01,90.3,29361.1,-1
2026-07-08,2026-07-08 12:42:00,324.49,324.49,324.47,324.47,-0.01,90.3,29361.1,-1
2026-07-08,2026-07-08 12:43:00,324.47,324.47,324.44,324.44,-0.01,90.3,29361.1,-1
2026-07-08,2026-07-08 12:44:00,324.44,324.44,324.42,324.42,-0.01,90.3,29361.1,-1
2026-07-08,2026-07-08 12:45:00,324.42,324.42,324.39,324.39,-0.01,90.3,29361.1,-1
2026-07-08,2026-07-08 12:46:00,324.39,324.39,324.37,324.37,-0.01,90.3,29361.1,-1
2026-07-08,2026-07-08 12:47:00,324.37,324.37,324.35,324.35,-0.01,90.3,29361.1,-1
2026-07-08,2026-07-08 12:48:00,324.35,324.35,324.32,324.32,-0.01,90.3,29361.1,-1
2026-07-08,2026-07-08 12:49:00,324.32,324.32,324.3,324.3,-0.01,90.3,29361.1,-1
2026-07-08,2026-07-08 12:50:00,324.3,324.3,324.27,324.27,-0.01,90.3,29361.1,-1
2026-07-08,2026-07-08 12:51:00,324.27,324.27,324.25,324.25,-0.01,90.3,29361.1,-1
2026-07-08,2026-07-08 12:52:00,324.25,324.25,324.22,324.22,-0.01,90.3,29361.1,-1
2026-07-08,2026-07-08 12:53:00,324.22,324.22,324.2,324.2,-0.01,90.3,29361.1,-1
2026-07-08,2026-07-08 12:54:00,324.2,324.2,324.17,324.17,-0.01,90.3,29361.1,-1
2026-07-08,2026-07-08 12:55:00,324.17,324.17,324.15,324.15,-0.01,90.3,29361.1,-1
2026-07-08,2026-07-08 12:56:00,324.15,324.15,324.12,324.12,-0.01,90.3,29361.1,-1
2026-07-08,2026-07-08 12:57:00,324.12,324.12,324.1,324.1,-0.01,90.3,29361.1,-1
2026-07-08,2026-07-08 12:58:00,324.1,324.1,324.07,324.07,-0.01,90.3,29361.1,-1
2026-07-08,2026-07-08 12:59:00,324.07,324.07,324.05,324.05,-0.01,90.3,29361.1,-1
2026-07-08,2026-07-08 13:00:00,324.05,330.0,320.1,324.03,-0.01,90.3,29361.1,-1
2026-07-08,2026-07-08 13:01:00,324.03,324.03,324.0,324.0,-0.01,90.3,29361.1,-1
2026-07-08,2026-07-08 13:02:00,324.0,324.0,323.98,323.98,-0.01,90.3,29361.1,-1
2026-07-08,2026-07-08 13:03:00,323.98,323.98,323.95,323.95,-0.01,90.3,29361.1,-1
2026-07-08,2026-07-08 13:04:00,323.95,323.95,323.93,323.93,-0.01,90.3,29361.1,-1
2026-07-08,2026-07-08 13:05:00,323.93,323.93,323.9,323.9,-0.01,90.3,29361.1,-1
2026-07-08,2026-07-08 13:06:00,323.9,323.9,323.88,323.88,-0.01,90.3,29361.1,-1
2026-07-08,2026-07-08 13:07:00,323.88,323.88,323.85,323.85,-0.01,90.3,29361.1,-1
2026-07-08,2026-07-08 13:08:00,323.85,323.85,323.83,323.83,-0.01,90.3,29361.1,-1
2026-07-08,2026-07-08 13:09:00,323.83,323.83,323.8,323.8,-0.01,90.3,29361.1,-1
2026-07-08,2026-07-08 13:10:00,323.8,323.8,323.78,323.78,-0.01,90.3,29361.1,-1
2026-07-08,2026-07-08 13:11:00,323.78,323.78,323.75,323.75,-0.01,90.3,29361.1,-1
2026-07-08,2026-07-08 13:12:00,323.75,323.75,323.73,323.73,-0.01,90.3,29361.1,-1
2026-07-08,2026-07-08 13:13:00,323.73,323.73,323.71,323.71,-0.01,90.3,29361.1,-1
2026-07-08,2026-07-08 13:14:00,323.71,323.71,323.68,323.68,-0.01,90.3,29361.1,-1
2026-07-08,2026-07-08 13:15:00,323.68,323.68,323.66,323.66,-0.01,90.3,29361.1,-1
2026-07-08,2026-07-08 13:16:00,323.66,323.66,323.63,323.63,-0.01,90.3,29361.1,-1
2026-07-08,2026-07-08 13:17:00,323.63,323.63,323.61,323.61,-0.01,90.3,29361.1,-1
2026-07-08,2026-07-08 13:18:00,323.61,323.61,323.58,323.58,-0.01,90.3,29361.1,-1
2026-07-08,2026-07-08 13:19:00,323.58,323.58,323.56,323.56,-0.01,90.3,29361.1,-1
2026-07-08,2026-07-08 13:20:00,323.56,323.56,323.53,323.53,-0.01,90.3,29361.1,-1
2026-07-08,2026-07-08 13:21:00,323.53,323.53,323.51,323.51,-0.01,90.3,29361.1,-1
2026-07-08,2026-07-08 13:22:00,323.51,323.51,323.48,323.48,-0.01,90.3,29361.1,-1
2026-07-08,2026-07-08 13:23:00,323.48,323.48,323.46,323.46,-0.01,90.3,29361.1,-1
2026-07-08,2026-07-08 13:24:00,323.46,323.46,323.44,323.44,-0.01,90.3,29361.1,-1
2026-07-08,2026-07-08 13:25:00,323.44,323.44,323.41,323.41,-0.01,90.3,29361.1,-1
2026-07-08,2026-07-08 13:26:00,323.41,323.41,323.39,323.39,-0.01,90.3,29361.1,-1
2026-07-08,2026-07-08 13:27:00,323.39,323.39,323.36,323.36,-0.01,90.3,29361.1,-1
2026-07-08,2026-07-08 13:28:00,323.36,323.36,323.34,323.34,-0.01,90.3,29361.1,-1
2026-07-08,2026-07-08 13:29:00,323.34,323.34,323.31,323.31,-0.01,90.3,29361.1,-1
2026-07-08,2026-07-08 13:30:00,323.31,323.31,323.29,323.29,-0.01,90.3,29361.1,-1
2026-07-08,2026-07-08 13:31:00,323.29,323.29,323.26,323.26,-0.01,90.3,29361.1,-1
2026-07-08,2026-07-08 13:32:00,323.26,323.26,323.24,323.24,-0.01,90.3,29361.1,-1
2026-07-08,2026-07-08 13:33:00,323.24,323.24,323.21,323.21,-0.01,90.3,29361.1,-1
2026-07-08,2026-07-08 13:34:00,323.21,323.21,323.19,323.19,-0.01,90.3,29361.1,-1
2026-07-08,2026-07-08 13:35:00,323.19,323.19,323.17,323.17,-0.01,90.3,29361.1,-1
2026-07-08,2026-07-08 13:36:00,323.17,323.17,323.14,323.14,-0.01,90.3,29361.1,-1
2026-07-08,2026-07-08 13:37:00,323.14,323.14,323.12,323.12,-0.01,90.3,29361.1,-1
2026-07-08,2026-07-08 13:38:00,323.12,323.12,323.09,323.09,-0.01,90.3,29361.1,-1
2026-07-08,2026-07-08 13:39:00,323.09,323.09,323.07,323.07,-0.01,90.3,29361.1,-1
2026-07-08,2026-07-08 13:40:00,323.07,323.07,323.04,323.04,-0.01,90.3,29361.1,-1
2026-07-08,2026-07-08 13:41:00,323.04,323.04,323.02,323.02,-0.01,90.3,29361.1,-1
2026-07-08,2026-07-08 13:42:00,323.02,323.02,322.99,322.99,-0.01,90.3,29361.1,-1
2026-07-08,2026-07-08 13:43:00,322.99,322.99,322.97,322.97,-0.01,90.3,29361.1,-1
2026-07-08,2026-07-08 13:44:00,322.97,322.97,322.94,322.94,-0.01,90.3,29361.1,-1
2026-07-08,2026-07-08 13:45:00,322.94,322.94,322.92,322.92,-0.01,90.3,29361.1,-1
2026-07-08,2026-07-08 13:46:00,322.92,322.92,322.89,322.89,-0.01,90.3,29361.1,-1
2026-07-08,2026-07-08 13:47:00,322.89,322.89,322.87,322.87,-0.01,90.3,29361.1,-1
2026-07-08,2026-07-08 13:48:00,322.87,322.87,322.85,322.85,-0.01,90.3,29361.1,-1
2026-07-08,2026-07-08 13:49:00,322.85,322.85,322.82,322.82,-0.01,90.3,29361.1,-1
2026-07-08,2026-07-08 13:50:00,322.82,322.82,322.8,322.8,-0.01,90.3,29361.1,-1
2026-07-08,2026-07-08 13:51:00,322.8,322.8,322.77,322.77,-0.01,90.3,29361.1,-1
2026-07-08,2026-07-08 13:52:00,322.77,322.77,322.75,322.75,-0.01,90.3,29361.1,-1
2026-07-08,2026-07-08 13:53:00,322.75,322.75,322.72,322.72,-0.01,90.3,29361.1,-1
2026-07-08,2026-07-08 13:54:00,322.72,322.72,322.7,322.7,-0.01,90.3,29361.1,-1
2026-07-08,2026-07-08 13:55:00,322.7,322.7,322.67,322.67,-0.01,90.3,29361.1,-1
2026-07-08,2026-07-08 13:56:00,322.67,322.67,322.65,322.65,-0.01,90.3,29361.1,-1
2026-07-08,2026-07-08 13:57:00,322.65,322.65,322.62,322.62,-0.01,90.3,29361.1,-1
2026-07-08,2026-07-08 13:58:00,322.62,322.62,322.6,322.6,-0.01,90.3,29361.1,-1
2026-07-08,2026-07-08 13:59:00,322.6,322.6,322.58,322.58,-0.01,90.3,29361.1,-1
2026-07-08,2026-07-08 14:00:00,322.58,322.58,322.55,322.55,-0.01,90.3,29361.1,-1
2026-07-08,2026-07-08 14:01:00,322.55,322.55,322.53,322.53,-0.01,90.3,29361.1,-1
2026-07-08,2026-07-08 14:02:00,322.53,322.53,322.5,322.5,-0.01,90.3,29361.1,-1
2026-07-08,2026-07-08 14:03:00,322.5,322.5,322.48,322.48,-0.01,90.3,29361.1,-1
2026-07-08,2026-07-08 14:04:00,322.48,322.48,322.45,322.45,-0.01,90.3,29361.1,-1
2026-07-08,2026-07-08 14:05:00,322.45,322.45,322.43,322.43,-0.01,90.3,29361.1,-1
2026-07-08,2026-07-08 14:06:00,322.43,322.43,322.4,322.4,-0.01,90.3,29361.1,-1
2026-07-08,2026-07-08 14:07:00,322.4,322.4,322.38,322.38,-0.01,90.3,29361.1,-1
2026-07-08,2026-07-08 14:08:00,322.38,322.38,322.35,322.35,-0.01,90.3,29361.1,-1
2026-07-08,2026-07-08 14:09:00,322.35,322.35,322.33,322.33,-0.01,90.3,29361.1,-1
2026-07-08,2026-07-08 14:10:00,322.33,322.33,322.3,322.3,-0.01,90.3,29361.1,-1
2026-07-08,2026-07-08 14:11:00,322.3,322.3,322.28,322.28,-0.01,90.3,29361.1,-1
2026-07-08,2026-07-08 14:12:00,322.28,322.28,322.26,322.26,-0.01,90.3,29361.1,-1
2026-07-08,2026-07-08 14:13:00,322.26,322.26,322.23,322.23,-0.01,90.3,29361.1,-1
2026-07-08,2026-07-08 14:14:00,322.23,322.23,322.21,322.21,-0.01,90.3,29361.1,-1
2026-07-08,2026-07-08 14:15:00,322.21,322.21,322.18,322.18,-0.01,90.3,29361.1,-1
2026-07-08,2026-07-08 14:16:00,322.18,322.18,322.16,322.16,-0.01,90.3,29361.1,-1
2026-07-08,2026-07-08 14:17:00,322.16,322.16,322.13,322.13,-0.01,90.3,29361.1,-1
2026-07-08,2026-07-08 14:18:00,322.13,322.13,322.11,322.11,-0.01,90.3,29361.1,-1
2026-07-08,2026-07-08 14:19:00,322.11,322.11,322.08,322.08,-0.01,90.3,29361.1,-1
2026-07-08,2026-07-08 14:20:00,322.08,322.08,322.06,322.06,-0.01,90.3,29361.1,-1
2026-07-08,2026-07-08 14:21:00,322.06,322.06,322.03,322.03,-0.01,90.3,29361.1,-1
2026-07-08,2026-07-08 14:22:00,322.03,322.03,322.01,322.01,-0.01,90.3,29361.1,-1
2026-07-08,2026-07-08 14:23:00,322.01,322.01,321.99,321.99,-0.01,90.3,29361.1,-1
2026-07-08,2026-07-08 14:24:00,321.99,321.99,321.96,321.96,-0.01,90.3,29361.1,-1
2026-07-08,2026-07-08 14:25:00,321.96,321.96,321.94,321.94,-0.01,90.3,29361.1,-1
2026-07-08,2026-07-08 14:26:00,321.94,321.94,321.91,321.91,-0.01,90.3,29361.1,-1
2026-07-08,2026-07-08 14:27:00,321.91,321.91,321.89,321.89,-0.01,90.3,29361.1,-1
2026-07-08,2026-07-08 14:28:00,321.89,321.89,321.86,321.86,-0.01,90.3,29361.1,-1
2026-07-08,2026-07-08 14:29:00,321.86,321.86,321.84,321.84,-0.01,90.3,29361.1,-1
2026-07-08,2026-07-08 14:30:00,321.84,321.84,321.81,321.81,-0.01,90.3,29361.1,-1
2026-07-08,2026-07-08 14:31:00,321.81,321.81,321.79,321.79,-0.01,90.3,29361.1,-1
2026-07-08,2026-07-08 14:32:00,321.79,321.79,321.76,321.76,-0.01,90.3,29361.1,-1
2026-07-08,2026-07-08 14:33:00,321.76,321.76,321.74,321.74,-0.01,90.3,29361.1,-1
2026-07-08,2026-07-08 14:34:00,321.74,321.74,321.71,321.71,-0.01,90.3,29361.1,-1
2026-07-08,2026-07-08 14:35:00,321.71,321.71,321.69,321.69,-0.01,90.3,29361.1,-1
2026-07-08,2026-07-08 14:36:00,321.69,321.69,321.67,321.67,-0.01,90.3,29361.1,-1
2026-07-08,2026-07-08 14:37:00,321.67,321.67,321.64,321.64,-0.01,90.3,29361.1,-1
2026-07-08,2026-07-08 14:38:00,321.64,321.64,321.62,321.62,-0.01,90.3,29361.1,-1
2026-07-08,2026-07-08 14:39:00,321.62,321.62,321.59,321.59,-0.01,90.3,29361.1,-1
2026-07-08,2026-07-08 14:40:00,321.59,321.59,321.57,321.57,-0.01,90.3,29361.1,-1
2026-07-08,2026-07-08 14:41:00,321.57,321.57,321.54,321.54,-0.01,90.3,29361.1,-1
2026-07-08,2026-07-08 14:42:00,321.54,321.54,321.52,321.52,-0.01,90.3,29361.1,-1
2026-07-08,2026-07-08 14:43:00,321.52,321.52,321.49,321.49,-0.01,90.3,29361.1,-1
2026-07-08,2026-07-08 14:44:00,321.49,321.49,321.47,321.47,-0.01,90.3,29361.1,-1
2026-07-08,2026-07-08 14:45:00,321.47,321.47,321.44,321.44,-0.01,90.3,29361.1,-1
2026-07-08,2026-07-08 14:46:00,321.44,321.44,321.42,321.42,-0.01,90.3,29361.1,-1
2026-07-08,2026-07-08 14:47:00,321.42,321.42,321.4,321.4,-0.01,90.3,29361.1,-1
2026-07-08,2026-07-08 14:48:00,321.4,321.4,321.37,321.37,-0.01,90.3,29361.1,-1
2026-07-08,2026-07-08 14:49:00,321.37,321.37,321.35,321.35,-0.01,90.3,29361.1,-1
2026-07-08,2026-07-08 14:50:00,321.35,321.35,321.32,321.32,-0.01,90.3,29361.1,-1
2026-07-08,2026-07-08 14:51:00,321.32,321.32,321.3,321.3,-0.01,90.3,29361.1,-1
2026-07-08,2026-07-08 14:52:00,321.3,321.3,321.27,321.27,-0.01,90.3,29361.1,-1
2026-07-08,2026-07-08 14:53:00,321.27,321.27,321.25,321.25,-0.01,90.3,29361.1,-1
2026-07-08,2026-07-08 14:54:00,321.25,321.25,321.22,321.22,-0.01,90.3,29361.1,-1
2026-07-08,2026-07-08 14:55:00,321.22,321.22,321.2,321.2,-0.01,90.3,29361.1,-1
2026-07-08,2026-07-08 14:56:00,321.2,321.2,321.17,321.17,-0.01,90.3,29361.1,-1
2026-07-08,2026-07-08 14:57:00,321.17,321.17,321.15,321.15,-0.01,90.3,29361.1,-1
2026-07-08,2026-07-08 14:58:00,321.15,321.15,321.12,321.12,-0.01,90.3,29361.1,-1
2026-07-08,2026-07-08 14:59:00,321.12,321.12,321.1,321.1,-0.01,90.3,29361.1,-1
2026-07-08,2026-07-08 15:00:00,321.1,330.0,320.1,321.1,0.0,90.3,29361.1,0
2026-07-09,2026-07-09 11:00:00,319.0,320.77,317.8,319.0,0.0,38.36,12189.6,0
2026-07-09,2026-07-09 11:01:00,319.0,319.0,318.99,318.99,-0.0,38.36,12189.6,-1
2026-07-09,2026-07-09 11:02:00,318.99,318.99,318.99,318.99,0.0,38.36,12189.6,0
2026-07-09,2026-07-09 11:03:00,318.99,318.99,318.98,318.98,-0.0,38.36,12189.6,-1
2026-07-09,2026-07-09 11:04:00,318.98,318.98,318.98,318.98,0.0,38.36,12189.6,0
2026-07-09,2026-07-09 11:05:00,318.98,318.98,318.97,318.97,-0.0,38.36,12189.6,-1
2026-07-09,2026-07-09 11:06:00,318.97,318.97,318.97,318.97,0.0,38.36,12189.6,0
2026-07-09,2026-07-09 11:07:00,318.97,318.97,318.96,318.96,-0.0,38.36,12189.6,-1
2026-07-09,2026-07-09 11:08:00,318.96,318.96,318.96,318.96,0.0,38.36,12189.6,0
2026-07-09,2026-07-09 11:09:00,318.96,318.96,318.95,318.95,-0.0,38.36,12189.6,-1
2026-07-09,2026-07-09 11:10:00,318.95,318.95,318.95,318.95,0.0,38.36,12189.6,0
2026-07-09,2026-07-09 11:11:00,318.95,318.95,318.94,318.94,-0.0,38.36,12189.6,-1
2026-07-09,2026-07-09 11:12:00,318.94,318.94,318.94,318.94,0.0,38.36,12189.6,0
2026-07-09,2026-07-09 11:13:00,318.94,318.94,318.94,318.94,0.0,38.36,12189.6,0
2026-07-09,2026-07-09 11:14:00,318.94,318.94,318.93,318.93,-0.0,38.36,12189.6,-1
2026-07-09,2026-07-09 11:15:00,318.93,318.93,318.93,318.93,0.0,38.36,12189.6,0
2026-07-09,2026-07-09 11:16:00,318.93,318.93,318.92,318.92,-0.0,38.36,12189.6,-1
2026-07-09,2026-07-09 11:17:00,318.92,318.92,318.92,318.92,0.0,38.36,12189.6,0
2026-07-09,2026-07-09 11:18:00,318.92,318.92,318.91,318.91,-0.0,38.36,12189.6,-1
2026-07-09,2026-07-09 11:19:00,318.91,318.91,318.91,318.91,0.0,38.36,12189.6,0
2026-07-09,2026-07-09 11:20:00,318.91,318.91,318.9,318.9,-0.0,38.36,12189.6,-1
2026-07-09,2026-07-09 11:21:00,318.9,318.9,318.9,318.9,0.0,38.36,12189.6,0
2026-07-09,2026-07-09 11:22:00,318.9,318.9,318.89,318.89,-0.0,38.36,12189.6,-1
2026-07-09,2026-07-09 11:23:00,318.89,318.89,318.89,318.89,0.0,38.36,12189.6,0
2026-07-09,2026-07-09 11:24:00,318.89,318.89,318.89,318.89,0.0,38.36,12189.6,0
2026-07-09,2026-07-09 11:25:00,318.89,318.89,318.88,318.88,-0.0,38.36,12189.6,-1
2026-07-09,2026-07-09 11:26:00,318.88,318.88,318.88,318.88,0.0,38.36,12189.6,0
2026-07-09,2026-07-09 11:27:00,318.88,318.88,318.87,318.87,-0.0,38.36,12189.6,-1
2026-07-09,2026-07-09 11:28:00,318.87,318.87,318.87,318.87,0.0,38.36,12189.6,0
2026-07-09,2026-07-09 11:29:00,318.87,318.87,318.86,318.86,-0.0,38.36,12189.6,-1
2026-07-09,2026-07-09 11:30:00,318.86,318.86,318.86,318.86,0.0,38.36,12189.6,0
2026-07-09,2026-07-09 11:31:00,318.86,318.86,318.85,318.85,-0.0,38.36,12189.6,-1
2026-07-09,2026-07-09 11:32:00,318.85,318.85,318.85,318.85,0.0,38.36,12189.6,0
2026-07-09,2026-07-09 11:33:00,318.85,318.85,318.84,318.84,-0.0,38.36,12189.6,-1
2026-07-09,2026-07-09 11:34:00,318.84,318.84,318.84,318.84,0.0,38.36,12189.6,0
2026-07-09,2026-07-09 11:35:00,318.84,318.84,318.83,318.83,-0.0,38.36,12189.6,-1
2026-07-09,2026-07-09 11:36:00,318.83,318.83,318.83,318.83,0.0,38.36,12189.6,0
2026-07-09,2026-07-09 11:37:00,318.83,318.83,318.83,318.83,0.0,38.36,12189.6,0
2026-07-09,2026-07-09 11:38:00,318.83,318.83,318.82,318.82,-0.0,38.36,12189.6,-1
2026-07-09,2026-07-09 11:39:00,318.82,318.82,318.82,318.82,0.0,38.36,12189.6,0
2026-07-09,2026-07-09 11:40:00,318.82,318.82,318.81,318.81,-0.0,38.36,12189.6,-1
2026-07-09,2026-07-09 11:41:00,318.81,318.81,318.81,318.81,0.0,38.36,12189.6,0
2026-07-09,2026-07-09 11:42:00,318.81,318.81,318.8,318.8,-0.0,38.36,12189.6,-1
2026-07-09,2026-07-09 11:43:00,318.8,318.8,318.8,318.8,0.0,38.36,12189.6,0
2026-07-09,2026-07-09 11:44:00,318.8,318.8,318.79,318.79,-0.0,38.36,12189.6,-1
2026-07-09,2026-07-09 11:45:00,318.79,318.79,318.79,318.79,0.0,38.36,12189.6,0
2026-07-09,2026-07-09 11:46:00,318.79,318.79,318.78,318.78,-0.0,38.36,12189.6,-1
2026-07-09,2026-07-09 11:47:00,318.78,318.78,318.78,318.78,0.0,38.36,12189.6,0
2026-07-09,2026-07-09 11:48:00,318.78,318.78,318.78,318.78,0.0,38.36,12189.6,0
2026-07-09,2026-07-09 11:49:00,318.78,318.78,318.77,318.77,-0.0,38.36,12189.6,-1
2026-07-09,2026-07-09 11:50:00,318.77,318.77,318.77,318.77,0.0,38.36,12189.6,0
2026-07-09,2026-07-09 11:51:00,318.77,318.77,318.76,318.76,-0.0,38.36,12189.6,-1
2026-07-09,2026-07-09 11:52:00,318.76,318.76,318.76,318.76,0.0,38.36,12189.6,0
2026-07-09,2026-07-09 11:53:00,318.76,318.76,318.75,318.75,-0.0,38.36,12189.6,-1
2026-07-09,2026-07-09 11:54:00,318.75,318.75,318.75,318.75,0.0,38.36,12189.6,0
2026-07-09,2026-07-09 11:55:00,318.75,318.75,318.74,318.74,-0.0,38.36,12189.6,-1
2026-07-09,2026-07-09 11:56:00,318.74,318.74,318.74,318.74,0.0,38.36,12189.6,0
2026-07-09,2026-07-09 11:57:00,318.74,318.74,318.73,318.73,-0.0,38.36,12189.6,-1
2026-07-09,2026-07-09 11:58:00,318.73,318.73,318.73,318.73,0.0,38.36,12189.6,0
2026-07-09,2026-07-09 11:59:00,318.73,318.73,318.73,318.73,0.0,38.36,12189.6,0
2026-07-09,2026-07-09 12:00:00,318.73,318.73,318.72,318.72,-0.0,38.36,12189.6,-1
2026-07-09,2026-07-09 12:01:00,318.72,318.72,318.72,318.72,0.0,38.36,12189.6,0
2026-07-09,2026-07-09 12:02:00,318.72,318.72,318.71,318.71,-0.0,38.36,12189.6,-1
2026-07-09,2026-07-09 12:03:00,318.71,318.71,318.71,318.71,0.0,38.36,12189.6,0
2026-07-09,2026-07-09 12:04:00,318.71,318.71,318.7,318.7,-0.0,38.36,12189.6,-1
2026-07-09,2026-07-09 12:05:00,318.7,318.7,318.7,318.7,0.0,38.36,12189.6,0
2026-07-09,2026-07-09 12:06:00,318.7,318.7,318.69,318.69,-0.0,38.36,12189.6,-1
2026-07-09,2026-07-09 12:07:00,318.69,318.69,318.69,318.69,0.0,38.36,12189.6,0
2026-07-09,2026-07-09 12:08:00,318.69,318.69,318.68,318.68,-0.0,38.36,12189.6,-1
2026-07-09,2026-07-09 12:09:00,318.68,318.68,318.68,318.68,0.0,38.36,12189.6,0
2026-07-09,2026-07-09 12:10:00,318.68,318.68,318.67,318.67,-0.0,38.36,12189.6,-1
2026-07-09,2026-07-09 12:11:00,318.67,318.67,318.67,318.67,0.0,38.36,12189.6,0
2026-07-09,2026-07-09 12:12:00,318.67,318.67,318.67,318.67,0.0,38.36,12189.6,0
2026-07-09,2026-07-09 12:13:00,318.67,318.67,318.66,318.66,-0.0,38.36,12189.6,-1
2026-07-09,2026-07-09 12:14:00,318.66,318.66,318.66,318.66,0.0,38.36,12189.6,0
2026-07-09,2026-07-09 12:15:00,318.66,318.66,318.65,318.65,-0.0,38.36,12189.6,-1
2026-07-09,2026-07-09 12:16:00,318.65,318.65,318.65,318.65,0.0,38.36,12189.6,0
2026-07-09,2026-07-09 12:17:00,318.65,318.65,318.64,318.64,-0.0,38.36,12189.6,-1
2026-07-09,2026-07-09 12:18:00,318.64,318.64,318.64,318.64,0.0,38.36,12189.6,0
2026-07-09,2026-07-09 12:19:00,318.64,318.64,318.63,318.63,-0.0,38.36,12189.6,-1
2026-07-09,2026-07-09 12:20:00,318.63,318.63,318.63,318.63,0.0,38.36,12189.6,0
2026-07-09,2026-07-09 12:21:00,318.63,318.63,318.62,318.62,-0.0,38.36,12189.6,-1
2026-07-09,2026-07-09 12:22:00,318.62,318.62,318.62,318.62,0.0,38.36,12189.6,0
2026-07-09,2026-07-09 12:23:00,318.62,318.62,318.62,318.62,0.0,38.36,12189.6,0
2026-07-09,2026-07-09 12:24:00,318.62,318.62,318.61,318.61,-0.0,38.36,12189.6,-1
2026-07-09,2026-07-09 12:25:00,318.61,318.61,318.61,318.61,0.0,38.36,12189.6,0
2026-07-09,2026-07-09 12:26:00,318.61,318.61,318.6,318.6,-0.0,38.36,12189.6,-1
2026-07-09,2026-07-09 12:27:00,318.6,318.6,318.6,318.6,0.0,38.36,12189.6,0
2026-07-09,2026-07-09 12:28:00,318.6,318.6,318.59,318.59,-0.0,38.36,12189.6,-1
2026-07-09,2026-07-09 12:29:00,318.59,318.59,318.59,318.59,0.0,38.36,12189.6,0
2026-07-09,2026-07-09 12:30:00,318.59,318.59,318.58,318.58,-0.0,38.36,12189.6,-1
2026-07-09,2026-07-09 12:31:00,318.58,318.58,318.58,318.58,0.0,38.36,12189.6,0
2026-07-09,2026-07-09 12:32:00,318.58,318.58,318.57,318.57,-0.0,38.36,12189.6,-1
2026-07-09,2026-07-09 12:33:00,318.57,318.57,318.57,318.57,0.0,38.36,12189.6,0
2026-07-09,2026-07-09 12:34:00,318.57,318.57,318.56,318.56,-0.0,38.36,12189.6,-1
2026-07-09,2026-07-09 12:35:00,318.56,318.56,318.56,318.56,0.0,38.36,12189.6,0
2026-07-09,2026-07-09 12:36:00,318.56,318.56,318.56,318.56,0.0,38.36,12189.6,0
2026-07-09,2026-07-09 12:37:00,318.56,318.56,318.55,318.55,-0.0,38.36,12189.6,-1
2026-07-09,2026-07-09 12:38:00,318.55,318.55,318.55,318.55,0.0,38.36,12189.6,0
2026-07-09,2026-07-09 12:39:00,318.55,318.55,318.54,318.54,-0.0,38.36,12189.6,-1
2026-07-09,2026-07-09 12:40:00,318.54,318.54,318.54,318.54,0.0,38.36,12189.6,0
2026-07-09,2026-07-09 12:41:00,318.54,318.54,318.53,318.53,-0.0,38.36,12189.6,-1
2026-07-09,2026-07-09 12:42:00,318.53,318.53,318.53,318.53,0.0,38.36,12189.6,0
2026-07-09,2026-07-09 12:43:00,318.53,318.53,318.52,318.52,-0.0,38.36,12189.6,-1
2026-07-09,2026-07-09 12:44:00,318.52,318.52,318.52,318.52,0.0,38.36,12189.6,0
2026-07-09,2026-07-09 12:45:00,318.52,318.52,318.51,318.51,-0.0,38.36,12189.6,-1
2026-07-09,2026-07-09 12:46:00,318.51,318.51,318.51,318.51,0.0,38.36,12189.6,0
2026-07-09,2026-07-09 12:47:00,318.51,318.51,318.5,318.5,-0.0,38.36,12189.6,-1
2026-07-09,2026-07-09 12:48:00,318.5,318.5,318.5,318.5,0.0,38.36,12189.6,0
2026-07-09,2026-07-09 12:49:00,318.5,318.5,318.5,318.5,0.0,38.36,12189.6,0
2026-07-09,2026-07-09 12:50:00,318.5,318.5,318.49,318.49,-0.0,38.36,12189.6,-1
2026-07-09,2026-07-09 12:51:00,318.49,318.49,318.49,318.49,0.0,38.36,12189.6,0
2026-07-09,2026-07-09 12:52:00,318.49,318.49,318.48,318.48,-0.0,38.36,12189.6,-1
2026-07-09,2026-07-09 12:53:00,318.48,318.48,318.48,318.48,0.0,38.36,12189.6,0
2026-07-09,2026-07-09 12:54:00,318.48,318.48,318.47,318.47,-0.0,38.36,12189.6,-1
2026-07-09,2026-07-09 12:55:00,318.47,318.47,318.47,318.47,0.0,38.36,12189.6,0
2026-07-09,2026-07-09 12:56:00,318.47,318.47,318.46,318.46,-0.0,38.36,12189.6,-1
2026-07-09,2026-07-09 12:57:00,318.46,318.46,318.46,318.46,0.0,38.36,12189.6,0
2026-07-09,2026-07-09 12:58:00,318.46,318.46,318.45,318.45,-0.0,38.36,12189.6,-1
2026-07-09,2026-07-09 12:59:00,318.45,318.45,318.45,318.45,0.0,38.36,12189.6,0
2026-07-09,2026-07-09 13:00:00,318.45,324.9,315.0,318.45,0.0,38.36,12189.6,0
2026-07-09,2026-07-09 13:01:00,318.45,318.45,318.44,318.44,-0.0,38.36,12189.6,-1
2026-07-09,2026-07-09 13:02:00,318.44,318.44,318.44,318.44,0.0,38.36,12189.6,0
2026-07-09,2026-07-09 13:03:00,318.44,318.44,318.43,318.43,-0.0,38.36,12189.6,-1
2026-07-09,2026-07-09 13:04:00,318.43,318.43,318.43,318.43,0.0,38.36,12189.6,0
2026-07-09,2026-07-09 13:05:00,318.43,318.43,318.42,318.42,-0.0,38.36,12189.6,-1
2026-07-09,2026-07-09 13:06:00,318.42,318.42,318.42,318.42,0.0,38.36,12189.6,0
2026-07-09,2026-07-09 13:07:00,318.42,318.42,318.41,318.41,-0.0,38.36,12189.6,-1
2026-07-09,2026-07-09 13:08:00,318.41,318.41,318.41,318.41,0.0,38.36,12189.6,0
2026-07-09,2026-07-09 13:09:00,318.41,318.41,318.4,318.4,-0.0,38.36,12189.6,-1
2026-07-09,2026-07-09 13:10:00,318.4,318.4,318.4,318.4,0.0,38.36,12189.6,0
2026-07-09,2026-07-09 13:11:00,318.4,318.4,318.39,318.39,-0.0,38.36,12189.6,-1
2026-07-09,2026-07-09 13:12:00,318.39,318.39,318.39,318.39,0.0,38.36,12189.6,0
2026-07-09,2026-07-09 13:13:00,318.39,318.39,318.39,318.39,0.0,38.36,12189.6,0
2026-07-09,2026-07-09 13:14:00,318.39,318.39,318.38,318.38,-0.0,38.36,12189.6,-1
2026-07-09,2026-07-09 13:15:00,318.38,318.38,318.38,318.38,0.0,38.36,12189.6,0
2026-07-09,2026-07-09 13:16:00,318.38,318.38,318.37,318.37,-0.0,38.36,12189.6,-1
2026-07-09,2026-07-09 13:17:00,318.37,318.37,318.37,318.37,0.0,38.36,12189.6,0
2026-07-09,2026-07-09 13:18:00,318.37,318.37,318.36,318.36,-0.0,38.36,12189.6,-1
2026-07-09,2026-07-09 13:19:00,318.36,318.36,318.36,318.36,0.0,38.36,12189.6,0
2026-07-09,2026-07-09 13:20:00,318.36,318.36,318.35,318.35,-0.0,38.36,12189.6,-1
2026-07-09,2026-07-09 13:21:00,318.35,318.35,318.35,318.35,0.0,38.36,12189.6,0
2026-07-09,2026-07-09 13:22:00,318.35,318.35,318.34,318.34,-0.0,38.36,12189.6,-1
2026-07-09,2026-07-09 13:23:00,318.34,318.34,318.34,318.34,0.0,38.36,12189.6,0
2026-07-09,2026-07-09 13:24:00,318.34,318.34,318.34,318.34,0.0,38.36,12189.6,0
2026-07-09,2026-07-09 13:25:00,318.34,318.34,318.33,318.33,-0.0,38.36,12189.6,-1
2026-07-09,2026-07-09 13:26:00,318.33,318.33,318.33,318.33,0.0,38.36,12189.6,0
2026-07-09,2026-07-09 13:27:00,318.33,318.33,318.32,318.32,-0.0,38.36,12189.6,-1
2026-07-09,2026-07-09 13:28:00,318.32,318.32,318.32,318.32,0.0,38.36,12189.6,0
2026-07-09,2026-07-09 13:29:00,318.32,318.32,318.31,318.31,-0.0,38.36,12189.6,-1
2026-07-09,2026-07-09 13:30:00,318.31,318.31,318.31,318.31,0.0,38.36,12189.6,0
2026-07-09,2026-07-09 13:31:00,318.31,318.31,318.3,318.3,-0.0,38.36,12189.6,-1
2026-07-09,2026-07-09 13:32:00,318.3,318.3,318.3,318.3,0.0,38.36,12189.6,0
2026-07-09,2026-07-09 13:33:00,318.3,318.3,318.29,318.29,-0.0,38.36,12189.6,-1
2026-07-09,2026-07-09 13:34:00,318.29,318.29,318.29,318.29,0.0,38.36,12189.6,0
2026-07-09,2026-07-09 13:35:00,318.29,318.29,318.28,318.28,-0.0,38.36,12189.6,-1
2026-07-09,2026-07-09 13:36:00,318.28,318.28,318.28,318.28,0.0,38.36,12189.6,0
2026-07-09,2026-07-09 13:37:00,318.28,318.28,318.28,318.28,0.0,38.36,12189.6,0
2026-07-09,2026-07-09 13:38:00,318.28,318.28,318.27,318.27,-0.0,38.36,12189.6,-1
2026-07-09,2026-07-09 13:39:00,318.27,318.27,318.27,318.27,0.0,38.36,12189.6,0
2026-07-09,2026-07-09 13:40:00,318.27,318.27,318.26,318.26,-0.0,38.36,12189.6,-1
2026-07-09,2026-07-09 13:41:00,318.26,318.26,318.26,318.26,0.0,38.36,12189.6,0
2026-07-09,2026-07-09 13:42:00,318.26,318.26,318.25,318.25,-0.0,38.36,12189.6,-1
2026-07-09,2026-07-09 13:43:00,318.25,318.25,318.25,318.25,0.0,38.36,12189.6,0
2026-07-09,2026-07-09 13:44:00,318.25,318.25,318.24,318.24,-0.0,38.36,12189.6,-1
2026-07-09,2026-07-09 13:45:00,318.24,318.24,318.24,318.24,0.0,38.36,12189.6,0
2026-07-09,2026-07-09 13:46:00,318.24,318.24,318.23,318.23,-0.0,38.36,12189.6,-1
2026-07-09,2026-07-09 13:47:00,318.23,318.23,318.23,318.23,0.0,38.36,12189.6,0
2026-07-09,2026-07-09 13:48:00,318.23,318.23,318.23,318.23,0.0,38.36,12189.6,0
2026-07-09,2026-07-09 13:49:00,318.23,318.23,318.22,318.22,-0.0,38.36,12189.6,-1
2026-07-09,2026-07-09 13:50:00,318.22,318.22,318.22,318.22,0.0,38.36,12189.6,0
2026-07-09,2026-07-09 13:51:00,318.22,318.22,318.21,318.21,-0.0,38.36,12189.6,-1
2026-07-09,2026-07-09 13:52:00,318.21,318.21,318.21,318.21,0.0,38.36,12189.6,0
2026-07-09,2026-07-09 13:53:00,318.21,318.21,318.2,318.2,-0.0,38.36,12189.6,-1
2026-07-09,2026-07-09 13:54:00,318.2,318.2,318.2,318.2,0.0,38.36,12189.6,0
2026-07-09,2026-07-09 13:55:00,318.2,318.2,318.19,318.19,-0.0,38.36,12189.6,-1
2026-07-09,2026-07-09 13:56:00,318.19,318.19,318.19,318.19,0.0,38.36,12189.6,0
2026-07-09,2026-07-09 13:57:00,318.19,318.19,318.18,318.18,-0.0,38.36,12189.6,-1
2026-07-09,2026-07-09 13:58:00,318.18,318.18,318.18,318.18,0.0,38.36,12189.6,0
2026-07-09,2026-07-09 13:59:00,318.18,318.18,318.17,318.17,-0.0,38.36,12189.6,-1
2026-07-09,2026-07-09 14:00:00,318.17,318.17,318.17,318.17,0.0,38.36,12189.6,0
2026-07-09,2026-07-09 14:01:00,318.17,318.17,318.17,318.17,0.0,38.36,12189.6,0
2026-07-09,2026-07-09 14:02:00,318.17,318.17,318.16,318.16,-0.0,38.36,12189.6,-1
2026-07-09,2026-07-09 14:03:00,318.16,318.16,318.16,318.16,0.0,38.36,12189.6,0
2026-07-09,2026-07-09 14:04:00,318.16,318.16,318.15,318.15,-0.0,38.36,12189.6,-1
2026-07-09,2026-07-09 14:05:00,318.15,318.15,318.15,318.15,0.0,38.36,12189.6,0
2026-07-09,2026-07-09 14:06:00,318.15,318.15,318.14,318.14,-0.0,38.36,12189.6,-1
2026-07-09,2026-07-09 14:07:00,318.14,318.14,318.14,318.14,0.0,38.36,12189.6,0
2026-07-09,2026-07-09 14:08:00,318.14,318.14,318.13,318.13,-0.0,38.36,12189.6,-1
2026-07-09,2026-07-09 14:09:00,318.13,318.13,318.13,318.13,0.0,38.36,12189.6,0
2026-07-09,2026-07-09 14:10:00,318.13,318.13,318.12,318.12,-0.0,38.36,12189.6,-1
2026-07-09,2026-07-09 14:11:00,318.12,318.12,318.12,318.12,0.0,38.36,12189.6,0
2026-07-09,2026-07-09 14:12:00,318.12,318.12,318.12,318.12,0.0,38.36,12189.6,0
2026-07-09,2026-07-09 14:13:00,318.12,318.12,318.11,318.11,-0.0,38.36,12189.6,-1
2026-07-09,2026-07-09 14:14:00,318.11,318.11,318.11,318.11,0.0,38.36,12189.6,0
2026-07-09,2026-07-09 14:15:00,318.11,318.11,318.1,318.1,-0.0,38.36,12189.6,-1
2026-07-09,2026-07-09 14:16:00,318.1,318.1,318.1,318.1,0.0,38.36,12189.6,0
2026-07-09,2026-07-09 14:17:00,318.1,318.1,318.09,318.09,-0.0,38.36,12189.6,-1
2026-07-09,2026-07-09 14:18:00,318.09,318.09,318.09,318.09,0.0,38.36,12189.6,0
2026-07-09,2026-07-09 14:19:00,318.09,318.09,318.08,318.08,-0.0,38.36,12189.6,-1
2026-07-09,2026-07-09 14:20:00,318.08,318.08,318.08,318.08,0.0,38.36,12189.6,0
2026-07-09,2026-07-09 14:21:00,318.08,318.08,318.07,318.07,-0.0,38.36,12189.6,-1
2026-07-09,2026-07-09 14:22:00,318.07,318.07,318.07,318.07,0.0,38.36,12189.6,0
2026-07-09,2026-07-09 14:23:00,318.07,318.07,318.06,318.06,-0.0,38.36,12189.6,-1
2026-07-09,2026-07-09 14:24:00,318.06,318.06,318.06,318.06,0.0,38.36,12189.6,0
2026-07-09,2026-07-09 14:25:00,318.06,318.06,318.06,318.06,0.0,38.36,12189.6,0
2026-07-09,2026-07-09 14:26:00,318.06,318.06,318.05,318.05,-0.0,38.36,12189.6,-1
2026-07-09,2026-07-09 14:27:00,318.05,318.05,318.05,318.05,0.0,38.36,12189.6,0
2026-07-09,2026-07-09 14:28:00,318.05,318.05,318.04,318.04,-0.0,38.36,12189.6,-1
2026-07-09,2026-07-09 14:29:00,318.04,318.04,318.04,318.04,0.0,38.36,12189.6,0
2026-07-09,2026-07-09 14:30:00,318.04,318.04,318.03,318.03,-0.0,38.36,12189.6,-1
2026-07-09,2026-07-09 14:31:00,318.03,318.03,318.03,318.03,0.0,38.36,12189.6,0
2026-07-09,2026-07-09 14:32:00,318.03,318.03,318.02,318.02,-0.0,38.36,12189.6,-1
2026-07-09,2026-07-09 14:33:00,318.02,318.02,318.02,318.02,0.0,38.36,12189.6,0
2026-07-09,2026-07-09 14:34:00,318.02,318.02,318.01,318.01,-0.0,38.36,12189.6,-1
2026-07-09,2026-07-09 14:35:00,318.01,318.01,318.01,318.01,0.0,38.36,12189.6,0
2026-07-09,2026-07-09 14:36:00,318.01,318.01,318.01,318.01,0.0,38.36,12189.6,0
2026-07-09,2026-07-09 14:37:00,318.01,318.01,318.0,318.0,-0.0,38.36,12189.6,-1
2026-07-09,2026-07-09 14:38:00,318.0,318.0,318.0,318.0,0.0,38.36,12189.6,0
2026-07-09,2026-07-09 14:39:00,318.0,318.0,317.99,317.99,-0.0,38.36,12189.6,-1
2026-07-09,2026-07-09 14:40:00,317.99,317.99,317.99,317.99,0.0,38.36,12189.6,0
2026-07-09,2026-07-09 14:41:00,317.99,317.99,317.98,317.98,-0.0,38.36,12189.6,-1
2026-07-09,2026-07-09 14:42:00,317.98,317.98,317.98,317.98,0.0,38.36,12189.6,0
2026-07-09,2026-07-09 14:43:00,317.98,317.98,317.97,317.97,-0.0,38.36,12189.6,-1
2026-07-09,2026-07-09 14:44:00,317.97,317.97,317.97,317.97,0.0,38.36,12189.6,0
2026-07-09,2026-07-09 14:45:00,317.97,317.97,317.96,317.96,-0.0,38.36,12189.6,-1
2026-07-09,2026-07-09 14:46:00,317.96,317.96,317.96,317.96,0.0,38.36,12189.6,0
2026-07-09,2026-07-09 14:47:00,317.96,317.96,317.95,317.95,-0.0,38.36,12189.6,-1
2026-07-09,2026-07-09 14:48:00,317.95,317.95,317.95,317.95,0.0,38.36,12189.6,0
2026-07-09,2026-07-09 14:49:00,317.95,317.95,317.95,317.95,0.0,38.36,12189.6,0
2026-07-09,2026-07-09 14:50:00,317.95,317.95,317.94,317.94,-0.0,38.36,12189.6,-1
2026-07-09,2026-07-09 14:51:00,317.94,317.94,317.94,317.94,0.0,38.36,12189.6,0
2026-07-09,2026-07-09 14:52:00,317.94,317.94,317.93,317.93,-0.0,38.36,12189.6,-1
2026-07-09,2026-07-09 14:53:00,317.93,317.93,317.93,317.93,0.0,38.36,12189.6,0
2026-07-09,2026-07-09 14:54:00,317.93,317.93,317.92,317.92,-0.0,38.36,12189.6,-1
2026-07-09,2026-07-09 14:55:00,317.92,317.92,317.92,317.92,0.0,38.36,12189.6,0
2026-07-09,2026-07-09 14:56:00,317.92,317.92,317.91,317.91,-0.0,38.36,12189.6,-1
2026-07-09,2026-07-09 14:57:00,317.91,317.91,317.91,317.91,0.0,38.36,12189.6,0
2026-07-09,2026-07-09 14:58:00,317.91,317.91,317.9,317.9,-0.0,38.36,12189.6,-1
2026-07-09,2026-07-09 14:59:00,317.9,317.9,317.9,317.9,0.0,38.36,12189.6,0
2026-07-09,2026-07-09 15:00:00,317.9,324.9,315.0,317.9,0.0,38.36,12189.6,0
2026-07-10,2026-07-10 11:00:00,318.0,320.1,318.0,318.0,0.0,59.46,19021.39,0
2026-07-10,2026-07-10 11:01:00,318.0,318.0,318.0,318.0,0.0,59.46,19021.39,0
2026-07-10,2026-07-10 11:02:00,318.0,318.0,318.0,318.0,0.0,59.46,19021.39,0
2026-07-10,2026-07-10 11:03:00,318.0,318.0,318.0,318.0,0.0,59.46,19021.39,0
2026-07-10,2026-07-10 11:04:00,318.0,318.0,318.0,318.0,0.0,59.46,19021.39,0
2026-07-10,2026-07-10 11:05:00,318.0,318.0,318.0,318.0,0.0,59.46,19021.39,0
2026-07-10,2026-07-10 11:06:00,318.0,318.0,318.0,318.0,0.0,59.46,19021.39,0
2026-07-10,2026-07-10 11:07:00,318.0,318.0,318.0,318.0,0.0,59.46,19021.39,0
2026-07-10,2026-07-10 11:08:00,318.0,318.0,318.0,318.0,0.0,59.46,19021.39,0
2026-07-10,2026-07-10 11:09:00,318.0,318.0,318.0,318.0,0.0,59.46,19021.39,0
2026-07-10,2026-07-10 11:10:00,318.0,318.0,318.0,318.0,0.0,59.46,19021.39,0
2026-07-10,2026-07-10 11:11:00,318.0,318.0,318.0,318.0,0.0,59.46,19021.39,0
2026-07-10,2026-07-10 11:12:00,318.0,318.01,318.0,318.01,0.0,59.46,19021.39,1
2026-07-10,2026-07-10 11:13:00,318.01,318.01,318.01,318.01,0.0,59.46,19021.39,0
2026-07-10,2026-07-10 11:14:00,318.01,318.01,318.01,318.01,0.0,59.46,19021.39,0
2026-07-10,2026-07-10 11:15:00,318.01,318.01,318.01,318.01,0.0,59.46,19021.39,0
2026-07-10,2026-07-10 11:16:00,318.01,318.01,318.01,318.01,0.0,59.46,19021.39,0
2026-07-10,2026-07-10 11:17:00,318.01,318.01,318.01,318.01,0.0,59.46,19021.39,0
2026-07-10,2026-07-10 11:18:00,318.01,318.01,318.01,318.01,0.0,59.46,19021.39,0
2026-07-10,2026-07-10 11:19:00,318.01,318.01,318.01,318.01,0.0,59.46,19021.39,0
2026-07-10,2026-07-10 11:20:00,318.01,318.01,318.01,318.01,0.0,59.46,19021.39,0
2026-07-10,2026-07-10 11:21:00,318.01,318.01,318.01,318.01,0.0,59.46,19021.39,0
2026-07-10,2026-07-10 11:22:00,318.01,318.01,318.01,318.01,0.0,59.46,19021.39,0
2026-07-10,2026-07-10 11:23:00,318.01,318.01,318.01,318.01,0.0,59.46,19021.39,0
2026-07-10,2026-07-10 11:24:00,318.01,318.01,318.01,318.01,0.0,59.46,19021.39,0
2026-07-10,2026-07-10 11:25:00,318.01,318.01,318.01,318.01,0.0,59.46,19021.39,0
2026-07-10,2026-07-10 11:26:00,318.01,318.01,318.01,318.01,0.0,59.46,19021.39,0
2026-07-10,2026-07-10 11:27:00,318.01,318.01,318.01,318.01,0.0,59.46,19021.39,0
2026-07-10,2026-07-10 11:28:00,318.01,318.01,318.01,318.01,0.0,59.46,19021.39,0
2026-07-10,2026-07-10 11:29:00,318.01,318.01,318.01,318.01,0.0,59.46,19021.39,0
2026-07-10,2026-07-10 11:30:00,318.01,318.01,318.01,318.01,0.0,59.46,19021.39,0
2026-07-10,2026-07-10 11:31:00,318.01,318.01,318.01,318.01,0.0,59.46,19021.39,0
2026-07-10,2026-07-10 11:32:00,318.01,318.01,318.01,318.01,0.0,59.46,19021.39,0
2026-07-10,2026-07-10 11:33:00,318.01,318.01,318.01,318.01,0.0,59.46,19021.39,0
2026-07-10,2026-07-10 11:34:00,318.01,318.01,318.01,318.01,0.0,59.46,19021.39,0
2026-07-10,2026-07-10 11:35:00,318.01,318.01,318.01,318.01,0.0,59.46,19021.39,0
2026-07-10,2026-07-10 11:36:00,318.01,318.02,318.01,318.02,0.0,59.46,19021.39,1
2026-07-10,2026-07-10 11:37:00,318.02,318.02,318.02,318.02,0.0,59.46,19021.39,0
2026-07-10,2026-07-10 11:38:00,318.02,318.02,318.02,318.02,0.0,59.46,19021.39,0
2026-07-10,2026-07-10 11:39:00,318.02,318.02,318.02,318.02,0.0,59.46,19021.39,0
2026-07-10,2026-07-10 11:40:00,318.02,318.02,318.02,318.02,0.0,59.46,19021.39,0
2026-07-10,2026-07-10 11:41:00,318.02,318.02,318.02,318.02,0.0,59.46,19021.39,0
2026-07-10,2026-07-10 11:42:00,318.02,318.02,318.02,318.02,0.0,59.46,19021.39,0
2026-07-10,2026-07-10 11:43:00,318.02,318.02,318.02,318.02,0.0,59.46,19021.39,0
2026-07-10,2026-07-10 11:44:00,318.02,318.02,318.02,318.02,0.0,59.46,19021.39,0
2026-07-10,2026-07-10 11:45:00,318.02,318.02,318.02,318.02,0.0,59.46,19021.39,0
2026-07-10,2026-07-10 11:46:00,318.02,318.02,318.02,318.02,0.0,59.46,19021.39,0
2026-07-10,2026-07-10 11:47:00,318.02,318.02,318.02,318.02,0.0,59.46,19021.39,0
2026-07-10,2026-07-10 11:48:00,318.02,318.02,318.02,318.02,0.0,59.46,19021.39,0
2026-07-10,2026-07-10 11:49:00,318.02,318.02,318.02,318.02,0.0,59.46,19021.39,0
2026-07-10,2026-07-10 11:50:00,318.02,318.02,318.02,318.02,0.0,59.46,19021.39,0
2026-07-10,2026-07-10 11:51:00,318.02,318.02,318.02,318.02,0.0,59.46,19021.39,0
2026-07-10,2026-07-10 11:52:00,318.02,318.02,318.02,318.02,0.0,59.46,19021.39,0
2026-07-10,2026-07-10 11:53:00,318.02,318.02,318.02,318.02,0.0,59.46,19021.39,0
2026-07-10,2026-07-10 11:54:00,318.02,318.02,318.02,318.02,0.0,59.46,19021.39,0
2026-07-10,2026-07-10 11:55:00,318.02,318.02,318.02,318.02,0.0,59.46,19021.39,0
2026-07-10,2026-07-10 11:56:00,318.02,318.02,318.02,318.02,0.0,59.46,19021.39,0
2026-07-10,2026-07-10 11:57:00,318.02,318.02,318.02,318.02,0.0,59.46,19021.39,0
2026-07-10,2026-07-10 11:58:00,318.02,318.02,318.02,318.02,0.0,59.46,19021.39,0
2026-07-10,2026-07-10 11:59:00,318.02,318.02,318.02,318.02,0.0,59.46,19021.39,0
2026-07-10,2026-07-10 12:00:00,318.02,318.03,318.02,318.03,0.0,59.46,19021.39,1
2026-07-10,2026-07-10 12:01:00,318.03,318.03,318.03,318.03,0.0,59.46,19021.39,0
2026-07-10,2026-07-10 12:02:00,318.03,318.03,318.03,318.03,0.0,59.46,19021.39,0
2026-07-10,2026-07-10 12:03:00,318.03,318.03,318.03,318.03,0.0,59.46,19021.39,0
2026-07-10,2026-07-10 12:04:00,318.03,318.03,318.03,318.03,0.0,59.46,19021.39,0
2026-07-10,2026-07-10 12:05:00,318.03,318.03,318.03,318.03,0.0,59.46,19021.39,0
2026-07-10,2026-07-10 12:06:00,318.03,318.03,318.03,318.03,0.0,59.46,19021.39,0
2026-07-10,2026-07-10 12:07:00,318.03,318.03,318.03,318.03,0.0,59.46,19021.39,0
2026-07-10,2026-07-10 12:08:00,318.03,318.03,318.03,318.03,0.0,59.46,19021.39,0
2026-07-10,2026-07-10 12:09:00,318.03,318.03,318.03,318.03,0.0,59.46,19021.39,0
2026-07-10,2026-07-10 12:10:00,318.03,318.03,318.03,318.03,0.0,59.46,19021.39,0
2026-07-10,2026-07-10 12:11:00,318.03,318.03,318.03,318.03,0.0,59.46,19021.39,0
2026-07-10,2026-07-10 12:12:00,318.03,318.03,318.03,318.03,0.0,59.46,19021.39,0
2026-07-10,2026-07-10 12:13:00,318.03,318.03,318.03,318.03,0.0,59.46,19021.39,0
2026-07-10,2026-07-10 12:14:00,318.03,318.03,318.03,318.03,0.0,59.46,19021.39,0
2026-07-10,2026-07-10 12:15:00,318.03,318.03,318.03,318.03,0.0,59.46,19021.39,0
2026-07-10,2026-07-10 12:16:00,318.03,318.03,318.03,318.03,0.0,59.46,19021.39,0
2026-07-10,2026-07-10 12:17:00,318.03,318.03,318.03,318.03,0.0,59.46,19021.39,0
2026-07-10,2026-07-10 12:18:00,318.03,318.03,318.03,318.03,0.0,59.46,19021.39,0
2026-07-10,2026-07-10 12:19:00,318.03,318.03,318.03,318.03,0.0,59.46,19021.39,0
2026-07-10,2026-07-10 12:20:00,318.03,318.03,318.03,318.03,0.0,59.46,19021.39,0
2026-07-10,2026-07-10 12:21:00,318.03,318.03,318.03,318.03,0.0,59.46,19021.39,0
2026-07-10,2026-07-10 12:22:00,318.03,318.03,318.03,318.03,0.0,59.46,19021.39,0
2026-07-10,2026-07-10 12:23:00,318.03,318.04,318.03,318.04,0.0,59.46,19021.39,1
2026-07-10,2026-07-10 12:24:00,318.04,318.04,318.04,318.04,0.0,59.46,19021.39,0
2026-07-10,2026-07-10 12:25:00,318.04,318.04,318.04,318.04,0.0,59.46,19021.39,0
2026-07-10,2026-07-10 12:26:00,318.04,318.04,318.04,318.04,0.0,59.46,19021.39,0
2026-07-10,2026-07-10 12:27:00,318.04,318.04,318.04,318.04,0.0,59.46,19021.39,0
2026-07-10,2026-07-10 12:28:00,318.04,318.04,318.04,318.04,0.0,59.46,19021.39,0
2026-07-10,2026-07-10 12:29:00,318.04,318.04,318.04,318.04,0.0,59.46,19021.39,0
2026-07-10,2026-07-10 12:30:00,318.04,318.04,318.04,318.04,0.0,59.46,19021.39,0
2026-07-10,2026-07-10 12:31:00,318.04,318.04,318.04,318.04,0.0,59.46,19021.39,0
2026-07-10,2026-07-10 12:32:00,318.04,318.04,318.04,318.04,0.0,59.46,19021.39,0
2026-07-10,2026-07-10 12:33:00,318.04,318.04,318.04,318.04,0.0,59.46,19021.39,0
2026-07-10,2026-07-10 12:34:00,318.04,318.04,318.04,318.04,0.0,59.46,19021.39,0
2026-07-10,2026-07-10 12:35:00,318.04,318.04,318.04,318.04,0.0,59.46,19021.39,0
2026-07-10,2026-07-10 12:36:00,318.04,318.04,318.04,318.04,0.0,59.46,19021.39,0
2026-07-10,2026-07-10 12:37:00,318.04,318.04,318.04,318.04,0.0,59.46,19021.39,0
2026-07-10,2026-07-10 12:38:00,318.04,318.04,318.04,318.04,0.0,59.46,19021.39,0
2026-07-10,2026-07-10 12:39:00,318.04,318.04,318.04,318.04,0.0,59.46,19021.39,0
2026-07-10,2026-07-10 12:40:00,318.04,318.04,318.04,318.04,0.0,59.46,19021.39,0
2026-07-10,2026-07-10 12:41:00,318.04,318.04,318.04,318.04,0.0,59.46,19021.39,0
2026-07-10,2026-07-10 12:42:00,318.04,318.04,318.04,318.04,0.0,59.46,19021.39,0
2026-07-10,2026-07-10 12:43:00,318.04,318.04,318.04,318.04,0.0,59.46,19021.39,0
2026-07-10,2026-07-10 12:44:00,318.04,318.04,318.04,318.04,0.0,59.46,19021.39,0
2026-07-10,2026-07-10 12:45:00,318.04,318.04,318.04,318.04,0.0,59.46,19021.39,0
2026-07-10,2026-07-10 12:46:00,318.04,318.04,318.04,318.04,0.0,59.46,19021.39,0
2026-07-10,2026-07-10 12:47:00,318.04,318.05,318.04,318.05,0.0,59.46,19021.39,1
2026-07-10,2026-07-10 12:48:00,318.05,318.05,318.05,318.05,0.0,59.46,19021.39,0
2026-07-10,2026-07-10 12:49:00,318.05,318.05,318.05,318.05,0.0,59.46,19021.39,0
2026-07-10,2026-07-10 12:50:00,318.05,318.05,318.05,318.05,0.0,59.46,19021.39,0
2026-07-10,2026-07-10 12:51:00,318.05,318.05,318.05,318.05,0.0,59.46,19021.39,0
2026-07-10,2026-07-10 12:52:00,318.05,318.05,318.05,318.05,0.0,59.46,19021.39,0
2026-07-10,2026-07-10 12:53:00,318.05,318.05,318.05,318.05,0.0,59.46,19021.39,0
2026-07-10,2026-07-10 12:54:00,318.05,318.05,318.05,318.05,0.0,59.46,19021.39,0
2026-07-10,2026-07-10 12:55:00,318.05,318.05,318.05,318.05,0.0,59.46,19021.39,0
2026-07-10,2026-07-10 12:56:00,318.05,318.05,318.05,318.05,0.0,59.46,19021.39,0
2026-07-10,2026-07-10 12:57:00,318.05,318.05,318.05,318.05,0.0,59.46,19021.39,0
2026-07-10,2026-07-10 12:58:00,318.05,318.05,318.05,318.05,0.0,59.46,19021.39,0
2026-07-10,2026-07-10 12:59:00,318.05,318.05,318.05,318.05,0.0,59.46,19021.39,0
2026-07-10,2026-07-10 13:00:00,318.05,325.0,318.0,318.05,0.0,59.46,19021.39,0
2026-07-10,2026-07-10 13:01:00,318.05,318.05,318.05,318.05,0.0,59.46,19021.39,0
2026-07-10,2026-07-10 13:02:00,318.05,318.05,318.05,318.05,0.0,59.46,19021.39,0
2026-07-10,2026-07-10 13:03:00,318.05,318.05,318.05,318.05,0.0,59.46,19021.39,0
2026-07-10,2026-07-10 13:04:00,318.05,318.05,318.05,318.05,0.0,59.46,19021.39,0
2026-07-10,2026-07-10 13:05:00,318.05,318.05,318.05,318.05,0.0,59.46,19021.39,0
2026-07-10,2026-07-10 13:06:00,318.05,318.05,318.05,318.05,0.0,59.46,19021.39,0
2026-07-10,2026-07-10 13:07:00,318.05,318.05,318.05,318.05,0.0,59.46,19021.39,0
2026-07-10,2026-07-10 13:08:00,318.05,318.05,318.05,318.05,0.0,59.46,19021.39,0
2026-07-10,2026-07-10 13:09:00,318.05,318.05,318.05,318.05,0.0,59.46,19021.39,0
2026-07-10,2026-07-10 13:10:00,318.05,318.05,318.05,318.05,0.0,59.46,19021.39,0
2026-07-10,2026-07-10 13:11:00,318.05,318.06,318.05,318.06,0.0,59.46,19021.39,1
2026-07-10,2026-07-10 13:12:00,318.06,318.06,318.06,318.06,0.0,59.46,19021.39,0
2026-07-10,2026-07-10 13:13:00,318.06,318.06,318.06,318.06,0.0,59.46,19021.39,0
2026-07-10,2026-07-10 13:14:00,318.06,318.06,318.06,318.06,0.0,59.46,19021.39,0
2026-07-10,2026-07-10 13:15:00,318.06,318.06,318.06,318.06,0.0,59.46,19021.39,0
2026-07-10,2026-07-10 13:16:00,318.06,318.06,318.06,318.06,0.0,59.46,19021.39,0
2026-07-10,2026-07-10 13:17:00,318.06,318.06,318.06,318.06,0.0,59.46,19021.39,0
2026-07-10,2026-07-10 13:18:00,318.06,318.06,318.06,318.06,0.0,59.46,19021.39,0
2026-07-10,2026-07-10 13:19:00,318.06,318.06,318.06,318.06,0.0,59.46,19021.39,0
2026-07-10,2026-07-10 13:20:00,318.06,318.06,318.06,318.06,0.0,59.46,19021.39,0
2026-07-10,2026-07-10 13:21:00,318.06,318.06,318.06,318.06,0.0,59.46,19021.39,0
2026-07-10,2026-07-10 13:22:00,318.06,318.06,318.06,318.06,0.0,59.46,19021.39,0
2026-07-10,2026-07-10 13:23:00,318.06,318.06,318.06,318.06,0.0,59.46,19021.39,0
2026-07-10,2026-07-10 13:24:00,318.06,318.06,318.06,318.06,0.0,59.46,19021.39,0
2026-07-10,2026-07-10 13:25:00,318.06,318.06,318.06,318.06,0.0,59.46,19021.39,0
2026-07-10,2026-07-10 13:26:00,318.06,318.06,318.06,318.06,0.0,59.46,19021.39,0
2026-07-10,2026-07-10 13:27:00,318.06,318.06,318.06,318.06,0.0,59.46,19021.39,0
2026-07-10,2026-07-10 13:28:00,318.06,318.06,318.06,318.06,0.0,59.46,19021.39,0
2026-07-10,2026-07-10 13:29:00,318.06,318.06,318.06,318.06,0.0,59.46,19021.39,0
2026-07-10,2026-07-10 13:30:00,318.06,318.06,318.06,318.06,0.0,59.46,19021.39,0
2026-07-10,2026-07-10 13:31:00,318.06,318.06,318.06,318.06,0.0,59.46,19021.39,0
2026-07-10,2026-07-10 13:32:00,318.06,318.06,318.06,318.06,0.0,59.46,19021.39,0
2026-07-10,2026-07-10 13:33:00,318.06,318.06,318.06,318.06,0.0,59.46,19021.39,0
2026-07-10,2026-07-10 13:34:00,318.06,318.06,318.06,318.06,0.0,59.46,19021.39,0
2026-07-10,2026-07-10 13:35:00,318.06,318.06,318.06,318.06,0.0,59.46,19021.39,0
2026-07-10,2026-07-10 13:36:00,318.06,318.07,318.06,318.07,0.0,59.46,19021.39,1
2026-07-10,2026-07-10 13:37:00,318.07,318.07,318.07,318.07,0.0,59.46,19021.39,0
2026-07-10,2026-07-10 13:38:00,318.07,318.07,318.07,318.07,0.0,59.46,19021.39,0
2026-07-10,2026-07-10 13:39:00,318.07,318.07,318.07,318.07,0.0,59.46,19021.39,0
2026-07-10,2026-07-10 13:40:00,318.07,318.07,318.07,318.07,0.0,59.46,19021.39,0
2026-07-10,2026-07-10 13:41:00,318.07,318.07,318.07,318.07,0.0,59.46,19021.39,0
2026-07-10,2026-07-10 13:42:00,318.07,318.07,318.07,318.07,0.0,59.46,19021.39,0
2026-07-10,2026-07-10 13:43:00,318.07,318.07,318.07,318.07,0.0,59.46,19021.39,0
2026-07-10,2026-07-10 13:44:00,318.07,318.07,318.07,318.07,0.0,59.46,19021.39,0
2026-07-10,2026-07-10 13:45:00,318.07,318.07,318.07,318.07,0.0,59.46,19021.39,0
2026-07-10,2026-07-10 13:46:00,318.07,318.07,318.07,318.07,0.0,59.46,19021.39,0
2026-07-10,2026-07-10 13:47:00,318.07,318.07,318.07,318.07,0.0,59.46,19021.39,0
2026-07-10,2026-07-10 13:48:00,318.07,318.07,318.07,318.07,0.0,59.46,19021.39,0
2026-07-10,2026-07-10 13:49:00,318.07,318.07,318.07,318.07,0.0,59.46,19021.39,0
2026-07-10,2026-07-10 13:50:00,318.07,318.07,318.07,318.07,0.0,59.46,19021.39,0
2026-07-10,2026-07-10 13:51:00,318.07,318.07,318.07,318.07,0.0,59.46,19021.39,0
2026-07-10,2026-07-10 13:52:00,318.07,318.07,318.07,318.07,0.0,59.46,19021.39,0
2026-07-10,2026-07-10 13:53:00,318.07,318.07,318.07,318.07,0.0,59.46,19021.39,0
2026-07-10,2026-07-10 13:54:00,318.07,318.07,318.07,318.07,0.0,59.46,19021.39,0
2026-07-10,2026-07-10 13:55:00,318.07,318.07,318.07,318.07,0.0,59.46,19021.39,0
2026-07-10,2026-07-10 13:56:00,318.07,318.07,318.07,318.07,0.0,59.46,19021.39,0
2026-07-10,2026-07-10 13:57:00,318.07,318.07,318.07,318.07,0.0,59.46,19021.39,0
2026-07-10,2026-07-10 13:58:00,318.07,318.07,318.07,318.07,0.0,59.46,19021.39,0
2026-07-10,2026-07-10 13:59:00,318.07,318.08,318.07,318.08,0.0,59.46,19021.39,1
2026-07-10,2026-07-10 14:00:00,318.08,318.08,318.08,318.08,0.0,59.46,19021.39,0
2026-07-10,2026-07-10 14:01:00,318.08,318.08,318.08,318.08,0.0,59.46,19021.39,0
2026-07-10,2026-07-10 14:02:00,318.08,318.08,318.08,318.08,0.0,59.46,19021.39,0
2026-07-10,2026-07-10 14:03:00,318.08,318.08,318.08,318.08,0.0,59.46,19021.39,0
2026-07-10,2026-07-10 14:04:00,318.08,318.08,318.08,318.08,0.0,59.46,19021.39,0
2026-07-10,2026-07-10 14:05:00,318.08,318.08,318.08,318.08,0.0,59.46,19021.39,0
2026-07-10,2026-07-10 14:06:00,318.08,318.08,318.08,318.08,0.0,59.46,19021.39,0
2026-07-10,2026-07-10 14:07:00,318.08,318.08,318.08,318.08,0.0,59.46,19021.39,0
2026-07-10,2026-07-10 14:08:00,318.08,318.08,318.08,318.08,0.0,59.46,19021.39,0
2026-07-10,2026-07-10 14:09:00,318.08,318.08,318.08,318.08,0.0,59.46,19021.39,0
2026-07-10,2026-07-10 14:10:00,318.08,318.08,318.08,318.08,0.0,59.46,19021.39,0
2026-07-10,2026-07-10 14:11:00,318.08,318.08,318.08,318.08,0.0,59.46,19021.39,0
2026-07-10,2026-07-10 14:12:00,318.08,318.08,318.08,318.08,0.0,59.46,19021.39,0
2026-07-10,2026-07-10 14:13:00,318.08,318.08,318.08,318.08,0.0,59.46,19021.39,0
2026-07-10,2026-07-10 14:14:00,318.08,318.08,318.08,318.08,0.0,59.46,19021.39,0
2026-07-10,2026-07-10 14:15:00,318.08,318.08,318.08,318.08,0.0,59.46,19021.39,0
2026-07-10,2026-07-10 14:16:00,318.08,318.08,318.08,318.08,0.0,59.46,19021.39,0
2026-07-10,2026-07-10 14:17:00,318.08,318.08,318.08,318.08,0.0,59.46,19021.39,0
2026-07-10,2026-07-10 14:18:00,318.08,318.08,318.08,318.08,0.0,59.46,19021.39,0
2026-07-10,2026-07-10 14:19:00,318.08,318.08,318.08,318.08,0.0,59.46,19021.39,0
2026-07-10,2026-07-10 14:20:00,318.08,318.08,318.08,318.08,0.0,59.46,19021.39,0
2026-07-10,2026-07-10 14:21:00,318.08,318.08,318.08,318.08,0.0,59.46,19021.39,0
2026-07-10,2026-07-10 14:22:00,318.08,318.08,318.08,318.08,0.0,59.46,19021.39,0
2026-07-10,2026-07-10 14:23:00,318.08,318.09,318.08,318.09,0.0,59.46,19021.39,1
2026-07-10,2026-07-10 14:24:00,318.09,318.09,318.09,318.09,0.0,59.46,19021.39,0
2026-07-10,2026-07-10 14:25:00,318.09,318.09,318.09,318.09,0.0,59.46,19021.39,0
2026-07-10,2026-07-10 14:26:00,318.09,318.09,318.09,318.09,0.0,59.46,19021.39,0
2026-07-10,2026-07-10 14:27:00,318.09,318.09,318.09,318.09,0.0,59.46,19021.39,0
2026-07-10,2026-07-10 14:28:00,318.09,318.09,318.09,318.09,0.0,59.46,19021.39,0
2026-07-10,2026-07-10 14:29:00,318.09,318.09,318.09,318.09,0.0,59.46,19021.39,0
2026-07-10,2026-07-10 14:30:00,318.09,318.09,318.09,318.09,0.0,59.46,19021.39,0
2026-07-10,2026-07-10 14:31:00,318.09,318.09,318.09,318.09,0.0,59.46,19021.39,0
2026-07-10,2026-07-10 14:32:00,318.09,318.09,318.09,318.09,0.0,59.46,19021.39,0
2026-07-10,2026-07-10 14:33:00,318.09,318.09,318.09,318.09,0.0,59.46,19021.39,0
2026-07-10,2026-07-10 14:34:00,318.09,318.09,318.09,318.09,0.0,59.46,19021.39,0
2026-07-10,2026-07-10 14:35:00,318.09,318.09,318.09,318.09,0.0,59.46,19021.39,0
2026-07-10,2026-07-10 14:36:00,318.09,318.09,318.09,318.09,0.0,59.46,19021.39,0
2026-07-10,2026-07-10 14:37:00,318.09,318.09,318.09,318.09,0.0,59.46,19021.39,0
2026-07-10,2026-07-10 14:38:00,318.09,318.09,318.09,318.09,0.0,59.46,19021.39,0
2026-07-10,2026-07-10 14:39:00,318.09,318.09,318.09,318.09,0.0,59.46,19021.39,0
2026-07-10,2026-07-10 14:40:00,318.09,318.09,318.09,318.09,0.0,59.46,19021.39,0
2026-07-10,2026-07-10 14:41:00,318.09,318.09,318.09,318.09,0.0,59.46,19021.39,0
2026-07-10,2026-07-10 14:42:00,318.09,318.09,318.09,318.09,0.0,59.46,19021.39,0
2026-07-10,2026-07-10 14:43:00,318.09,318.09,318.09,318.09,0.0,59.46,19021.39,0
2026-07-10,2026-07-10 14:44:00,318.09,318.09,318.09,318.09,0.0,59.46,19021.39,0
2026-07-10,2026-07-10 14:45:00,318.09,318.09,318.09,318.09,0.0,59.46,19021.39,0
2026-07-10,2026-07-10 14:46:00,318.09,318.09,318.09,318.09,0.0,59.46,19021.39,0
2026-07-10,2026-07-10 14:47:00,318.09,318.1,318.09,318.1,0.0,59.46,19021.39,1
2026-07-10,2026-07-10 14:48:00,318.1,318.1,318.1,318.1,0.0,59.46,19021.39,0
2026-07-10,2026-07-10 14:49:00,318.1,318.1,318.1,318.1,0.0,59.46,19021.39,0
2026-07-10,2026-07-10 14:50:00,318.1,318.1,318.1,318.1,0.0,59.46,19021.39,0
2026-07-10,2026-07-10 14:51:00,318.1,318.1,318.1,318.1,0.0,59.46,19021.39,0
2026-07-10,2026-07-10 14:52:00,318.1,318.1,318.1,318.1,0.0,59.46,19021.39,0
2026-07-10,2026-07-10 14:53:00,318.1,318.1,318.1,318.1,0.0,59.46,19021.39,0
2026-07-10,2026-07-10 14:54:00,318.1,318.1,318.1,318.1,0.0,59.46,19021.39,0
2026-07-10,2026-07-10 14:55:00,318.1,318.1,318.1,318.1,0.0,59.46,19021.39,0
2026-07-10,2026-07-10 14:56:00,318.1,318.1,318.1,318.1,0.0,59.46,19021.39,0
2026-07-10,2026-07-10 14:57:00,318.1,318.1,318.1,318.1,0.0,59.46,19021.39,0
2026-07-10,2026-07-10 14:58:00,318.1,318.1,318.1,318.1,0.0,59.46,19021.39,0
2026-07-10,2026-07-10 14:59:00,318.1,318.1,318.1,318.1,0.0,59.46,19021.39,0
2026-07-10,2026-07-10 15:00:00,318.1,325.0,318.0,318.1,0.0,59.46,19021.39,0
2026-07-13,2026-07-13 11:00:00,315.0,316.5,313.53,314.98,-0.01,111.68,35030.62,-1
2026-07-13,2026-07-13 11:01:00,314.98,314.98,314.96,314.96,-0.01,111.68,35030.62,-1
2026-07-13,2026-07-13 11:02:00,314.96,314.96,314.94,314.94,-0.01,111.68,35030.62,-1
2026-07-13,2026-07-13 11:03:00,314.94,314.94,314.92,314.92,-0.01,111.68,35030.62,-1
2026-07-13,2026-07-13 11:04:00,314.92,314.92,314.9,314.9,-0.01,111.68,35030.62,-1
2026-07-13,2026-07-13 11:05:00,314.9,314.9,314.88,314.88,-0.01,111.68,35030.62,-1
2026-07-13,2026-07-13 11:06:00,314.88,314.88,314.86,314.86,-0.01,111.68,35030.62,-1
2026-07-13,2026-07-13 11:07:00,314.86,314.86,314.84,314.84,-0.01,111.68,35030.62,-1
2026-07-13,2026-07-13 11:08:00,314.84,314.84,314.82,314.82,-0.01,111.68,35030.62,-1
2026-07-13,2026-07-13 11:09:00,314.82,314.82,314.8,314.8,-0.01,111.68,35030.62,-1
2026-07-13,2026-07-13 11:10:00,314.8,314.8,314.78,314.78,-0.01,111.68,35030.62,-1
2026-07-13,2026-07-13 11:11:00,314.78,314.78,314.75,314.75,-0.01,111.68,35030.62,-1
2026-07-13,2026-07-13 11:12:00,314.75,314.75,314.73,314.73,-0.01,111.68,35030.62,-1
2026-07-13,2026-07-13 11:13:00,314.73,314.73,314.71,314.71,-0.01,111.68,35030.62,-1
2026-07-13,2026-07-13 11:14:00,314.71,314.71,314.69,314.69,-0.01,111.68,35030.62,-1
2026-07-13,2026-07-13 11:15:00,314.69,314.69,314.67,314.67,-0.01,111.68,35030.62,-1
2026-07-13,2026-07-13 11:16:00,314.67,314.67,314.65,314.65,-0.01,111.68,35030.62,-1
2026-07-13,2026-07-13 11:17:00,314.65,314.65,314.63,314.63,-0.01,111.68,35030.62,-1
2026-07-13,2026-07-13 11:18:00,314.63,314.63,314.61,314.61,-0.01,111.68,35030.62,-1
2026-07-13,2026-07-13 11:19:00,314.61,314.61,314.59,314.59,-0.01,111.68,35030.62,-1
2026-07-13,2026-07-13 11:20:00,314.59,314.59,314.57,314.57,-0.01,111.68,35030.62,-1
2026-07-13,2026-07-13 11:21:00,314.57,314.57,314.55,314.55,-0.01,111.68,35030.62,-1
2026-07-13,2026-07-13 11:22:00,314.55,314.55,314.53,314.53,-0.01,111.68,35030.62,-1
2026-07-13,2026-07-13 11:23:00,314.53,314.53,314.51,314.51,-0.01,111.68,35030.62,-1
2026-07-13,2026-07-13 11:24:00,314.51,314.51,314.49,314.49,-0.01,111.68,35030.62,-1
2026-07-13,2026-07-13 11:25:00,314.49,314.49,314.47,314.47,-0.01,111.68,35030.62,-1
2026-07-13,2026-07-13 11:26:00,314.47,314.47,314.45,314.45,-0.01,111.68,35030.62,-1
2026-07-13,2026-07-13 11:27:00,314.45,314.45,314.43,314.43,-0.01,111.68,35030.62,-1
2026-07-13,2026-07-13 11:28:00,314.43,314.43,314.41,314.41,-0.01,111.68,35030.62,-1
2026-07-13,2026-07-13 11:29:00,314.41,314.41,314.39,314.39,-0.01,111.68,35030.62,-1
2026-07-13,2026-07-13 11:30:00,314.39,314.39,314.37,314.37,-0.01,111.68,35030.62,-1
2026-07-13,2026-07-13 11:31:00,314.37,314.37,314.35,314.35,-0.01,111.68,35030.62,-1
2026-07-13,2026-07-13 11:32:00,314.35,314.35,314.33,314.33,-0.01,111.68,35030.62,-1
2026-07-13,2026-07-13 11:33:00,314.33,314.33,314.31,314.31,-0.01,111.68,35030.62,-1
2026-07-13,2026-07-13 11:34:00,314.31,314.31,314.29,314.29,-0.01,111.68,35030.62,-1
2026-07-13,2026-07-13 11:35:00,314.29,314.29,314.26,314.26,-0.01,111.68,35030.62,-1
2026-07-13,2026-07-13 11:36:00,314.26,314.26,314.24,314.24,-0.01,111.68,35030.62,-1
2026-07-13,2026-07-13 11:37:00,314.24,314.24,314.22,314.22,-0.01,111.68,35030.62,-1
2026-07-13,2026-07-13 11:38:00,314.22,314.22,314.2,314.2,-0.01,111.68,35030.62,-1
2026-07-13,2026-07-13 11:39:00,314.2,314.2,314.18,314.18,-0.01,111.68,35030.62,-1
2026-07-13,2026-07-13 11:40:00,314.18,314.18,314.16,314.16,-0.01,111.68,35030.62,-1
2026-07-13,2026-07-13 11:41:00,314.16,314.16,314.14,314.14,-0.01,111.68,35030.62,-1
2026-07-13,2026-07-13 11:42:00,314.14,314.14,314.12,314.12,-0.01,111.68,35030.62,-1
2026-07-13,2026-07-13 11:43:00,314.12,314.12,314.1,314.1,-0.01,111.68,35030.62,-1
2026-07-13,2026-07-13 11:44:00,314.1,314.1,314.08,314.08,-0.01,111.68,35030.62,-1
2026-07-13,2026-07-13 11:45:00,314.08,314.08,314.06,314.06,-0.01,111.68,35030.62,-1
2026-07-13,2026-07-13 11:46:00,314.06,314.06,314.04,314.04,-0.01,111.68,35030.62,-1
2026-07-13,2026-07-13 11:47:00,314.04,314.04,314.02,314.02,-0.01,111.68,35030.62,-1
2026-07-13,2026-07-13 11:48:00,314.02,314.02,314.0,314.0,-0.01,111.68,35030.62,-1
2026-07-13,2026-07-13 11:49:00,314.0,314.0,313.98,313.98,-0.01,111.68,35030.62,-1
2026-07-13,2026-07-13 11:50:00,313.98,313.98,313.96,313.96,-0.01,111.68,35030.62,-1
2026-07-13,2026-07-13 11:51:00,313.96,313.96,313.94,313.94,-0.01,111.68,35030.62,-1
2026-07-13,2026-07-13 11:52:00,313.94,313.94,313.92,313.92,-0.01,111.68,35030.62,-1
2026-07-13,2026-07-13 11:53:00,313.92,313.92,313.9,313.9,-0.01,111.68,35030.62,-1
2026-07-13,2026-07-13 11:54:00,313.9,313.9,313.88,313.88,-0.01,111.68,35030.62,-1
2026-07-13,2026-07-13 11:55:00,313.88,313.88,313.86,313.86,-0.01,111.68,35030.62,-1
2026-07-13,2026-07-13 11:56:00,313.86,313.86,313.84,313.84,-0.01,111.68,35030.62,-1
2026-07-13,2026-07-13 11:57:00,313.84,313.84,313.82,313.82,-0.01,111.68,35030.62,-1
2026-07-13,2026-07-13 11:58:00,313.82,313.82,313.8,313.8,-0.01,111.68,35030.62,-1
2026-07-13,2026-07-13 11:59:00,313.8,313.8,313.77,313.77,-0.01,111.68,35030.62,-1
2026-07-13,2026-07-13 12:00:00,313.77,313.77,313.75,313.75,-0.01,111.68,35030.62,-1
2026-07-13,2026-07-13 12:01:00,313.75,313.75,313.73,313.73,-0.01,111.68,35030.62,-1
2026-07-13,2026-07-13 12:02:00,313.73,313.73,313.71,313.71,-0.01,111.68,35030.62,-1
2026-07-13,2026-07-13 12:03:00,313.71,313.71,313.69,313.69,-0.01,111.68,35030.62,-1
2026-07-13,2026-07-13 12:04:00,313.69,313.69,313.67,313.67,-0.01,111.68,35030.62,-1
2026-07-13,2026-07-13 12:05:00,313.67,313.67,313.65,313.65,-0.01,111.68,35030.62,-1
2026-07-13,2026-07-13 12:06:00,313.65,313.65,313.63,313.63,-0.01,111.68,35030.62,-1
2026-07-13,2026-07-13 12:07:00,313.63,313.63,313.61,313.61,-0.01,111.68,35030.62,-1
2026-07-13,2026-07-13 12:08:00,313.61,313.61,313.59,313.59,-0.01,111.68,35030.62,-1
2026-07-13,2026-07-13 12:09:00,313.59,313.59,313.57,313.57,-0.01,111.68,35030.62,-1
2026-07-13,2026-07-13 12:10:00,313.57,313.57,313.55,313.55,-0.01,111.68,35030.62,-1
2026-07-13,2026-07-13 12:11:00,313.55,313.55,313.53,313.53,-0.01,111.68,35030.62,-1
2026-07-13,2026-07-13 12:12:00,313.53,313.53,313.51,313.51,-0.01,111.68,35030.62,-1
2026-07-13,2026-07-13 12:13:00,313.51,313.51,313.49,313.49,-0.01,111.68,35030.62,-1
2026-07-13,2026-07-13 12:14:00,313.49,313.49,313.47,313.47,-0.01,111.68,35030.62,-1
2026-07-13,2026-07-13 12:15:00,313.47,313.47,313.45,313.45,-0.01,111.68,35030.62,-1
2026-07-13,2026-07-13 12:16:00,313.45,313.45,313.43,313.43,-0.01,111.68,35030.62,-1
2026-07-13,2026-07-13 12:17:00,313.43,313.43,313.41,313.41,-0.01,111.68,35030.62,-1
2026-07-13,2026-07-13 12:18:00,313.41,313.41,313.39,313.39,-0.01,111.68,35030.62,-1
2026-07-13,2026-07-13 12:19:00,313.39,313.39,313.37,313.37,-0.01,111.68,35030.62,-1
2026-07-13,2026-07-13 12:20:00,313.37,313.37,313.35,313.35,-0.01,111.68,35030.62,-1
2026-07-13,2026-07-13 12:21:00,313.35,313.35,313.33,313.33,-0.01,111.68,35030.62,-1
2026-07-13,2026-07-13 12:22:00,313.33,313.33,313.31,313.31,-0.01,111.68,35030.62,-1
2026-07-13,2026-07-13 12:23:00,313.31,313.31,313.29,313.29,-0.01,111.68,35030.62,-1
2026-07-13,2026-07-13 12:24:00,313.29,313.29,313.26,313.26,-0.01,111.68,35030.62,-1
2026-07-13,2026-07-13 12:25:00,313.26,313.26,313.24,313.24,-0.01,111.68,35030.62,-1
2026-07-13,2026-07-13 12:26:00,313.24,313.24,313.22,313.22,-0.01,111.68,35030.62,-1
2026-07-13,2026-07-13 12:27:00,313.22,313.22,313.2,313.2,-0.01,111.68,35030.62,-1
2026-07-13,2026-07-13 12:28:00,313.2,313.2,313.18,313.18,-0.01,111.68,35030.62,-1
2026-07-13,2026-07-13 12:29:00,313.18,313.18,313.16,313.16,-0.01,111.68,35030.62,-1
2026-07-13,2026-07-13 12:30:00,313.16,313.16,313.14,313.14,-0.01,111.68,35030.62,-1
2026-07-13,2026-07-13 12:31:00,313.14,313.14,313.12,313.12,-0.01,111.68,35030.62,-1
2026-07-13,2026-07-13 12:32:00,313.12,313.12,313.1,313.1,-0.01,111.68,35030.62,-1
2026-07-13,2026-07-13 12:33:00,313.1,313.1,313.08,313.08,-0.01,111.68,35030.62,-1
2026-07-13,2026-07-13 12:34:00,313.08,313.08,313.06,313.06,-0.01,111.68,35030.62,-1
2026-07-13,2026-07-13 12:35:00,313.06,313.06,313.04,313.04,-0.01,111.68,35030.62,-1
2026-07-13,2026-07-13 12:36:00,313.04,313.04,313.02,313.02,-0.01,111.68,35030.62,-1
2026-07-13,2026-07-13 12:37:00,313.02,313.02,313.0,313.0,-0.01,111.68,35030.62,-1
2026-07-13,2026-07-13 12:38:00,313.0,313.0,312.98,312.98,-0.01,111.68,35030.62,-1
2026-07-13,2026-07-13 12:39:00,312.98,312.98,312.96,312.96,-0.01,111.68,35030.62,-1
2026-07-13,2026-07-13 12:40:00,312.96,312.96,312.94,312.94,-0.01,111.68,35030.62,-1
2026-07-13,2026-07-13 12:41:00,312.94,312.94,312.92,312.92,-0.01,111.68,35030.62,-1
2026-07-13,2026-07-13 12:42:00,312.92,312.92,312.9,312.9,-0.01,111.68,35030.62,-1
2026-07-13,2026-07-13 12:43:00,312.9,312.9,312.88,312.88,-0.01,111.68,35030.62,-1
2026-07-13,2026-07-13 12:44:00,312.88,312.88,312.86,312.86,-0.01,111.68,35030.62,-1
2026-07-13,2026-07-13 12:45:00,312.86,312.86,312.84,312.84,-0.01,111.68,35030.62,-1
2026-07-13,2026-07-13 12:46:00,312.84,312.84,312.82,312.82,-0.01,111.68,35030.62,-1
2026-07-13,2026-07-13 12:47:00,312.82,312.82,312.8,312.8,-0.01,111.68,35030.62,-1
2026-07-13,2026-07-13 12:48:00,312.8,312.8,312.77,312.77,-0.01,111.68,35030.62,-1
2026-07-13,2026-07-13 12:49:00,312.77,312.77,312.75,312.75,-0.01,111.68,35030.62,-1
2026-07-13,2026-07-13 12:50:00,312.75,312.75,312.73,312.73,-0.01,111.68,35030.62,-1
2026-07-13,2026-07-13 12:51:00,312.73,312.73,312.71,312.71,-0.01,111.68,35030.62,-1
2026-07-13,2026-07-13 12:52:00,312.71,312.71,312.69,312.69,-0.01,111.68,35030.62,-1
2026-07-13,2026-07-13 12:53:00,312.69,312.69,312.67,312.67,-0.01,111.68,35030.62,-1
2026-07-13,2026-07-13 12:54:00,312.67,312.67,312.65,312.65,-0.01,111.68,35030.62,-1
2026-07-13,2026-07-13 12:55:00,312.65,312.65,312.63,312.63,-0.01,111.68,35030.62,-1
2026-07-13,2026-07-13 12:56:00,312.63,312.63,312.61,312.61,-0.01,111.68,35030.62,-1
2026-07-13,2026-07-13 12:57:00,312.61,312.61,312.59,312.59,-0.01,111.68,35030.62,-1
2026-07-13,2026-07-13 12:58:00,312.59,312.59,312.57,312.57,-0.01,111.68,35030.62,-1
2026-07-13,2026-07-13 12:59:00,312.57,312.57,312.55,312.55,-0.01,111.68,35030.62,-1
2026-07-13,2026-07-13 13:00:00,312.55,320.0,310.1,312.53,-0.01,111.68,35030.62,-1
2026-07-13,2026-07-13 13:01:00,312.53,312.53,312.51,312.51,-0.01,111.68,35030.62,-1
2026-07-13,2026-07-13 13:02:00,312.51,312.51,312.49,312.49,-0.01,111.68,35030.62,-1
2026-07-13,2026-07-13 13:03:00,312.49,312.49,312.47,312.47,-0.01,111.68,35030.62,-1
2026-07-13,2026-07-13 13:04:00,312.47,312.47,312.45,312.45,-0.01,111.68,35030.62,-1
2026-07-13,2026-07-13 13:05:00,312.45,312.45,312.43,312.43,-0.01,111.68,35030.62,-1
2026-07-13,2026-07-13 13:06:00,312.43,312.43,312.41,312.41,-0.01,111.68,35030.62,-1
2026-07-13,2026-07-13 13:07:00,312.41,312.41,312.39,312.39,-0.01,111.68,35030.62,-1
2026-07-13,2026-07-13 13:08:00,312.39,312.39,312.37,312.37,-0.01,111.68,35030.62,-1
2026-07-13,2026-07-13 13:09:00,312.37,312.37,312.35,312.35,-0.01,111.68,35030.62,-1
2026-07-13,2026-07-13 13:10:00,312.35,312.35,312.33,312.33,-0.01,111.68,35030.62,-1
2026-07-13,2026-07-13 13:11:00,312.33,312.33,312.31,312.31,-0.01,111.68,35030.62,-1
2026-07-13,2026-07-13 13:12:00,312.31,312.31,312.28,312.28,-0.01,111.68,35030.62,-1
2026-07-13,2026-07-13 13:13:00,312.28,312.28,312.26,312.26,-0.01,111.68,35030.62,-1
2026-07-13,2026-07-13 13:14:00,312.26,312.26,312.24,312.24,-0.01,111.68,35030.62,-1
2026-07-13,2026-07-13 13:15:00,312.24,312.24,312.22,312.22,-0.01,111.68,35030.62,-1
2026-07-13,2026-07-13 13:16:00,312.22,312.22,312.2,312.2,-0.01,111.68,35030.62,-1
2026-07-13,2026-07-13 13:17:00,312.2,312.2,312.18,312.18,-0.01,111.68,35030.62,-1
2026-07-13,2026-07-13 13:18:00,312.18,312.18,312.16,312.16,-0.01,111.68,35030.62,-1
2026-07-13,2026-07-13 13:19:00,312.16,312.16,312.14,312.14,-0.01,111.68,35030.62,-1
2026-07-13,2026-07-13 13:20:00,312.14,312.14,312.12,312.12,-0.01,111.68,35030.62,-1
2026-07-13,2026-07-13 13:21:00,312.12,312.12,312.1,312.1,-0.01,111.68,35030.62,-1
2026-07-13,2026-07-13 13:22:00,312.1,312.1,312.08,312.08,-0.01,111.68,35030.62,-1
2026-07-13,2026-07-13 13:23:00,312.08,312.08,312.06,312.06,-0.01,111.68,35030.62,-1
2026-07-13,2026-07-13 13:24:00,312.06,312.06,312.04,312.04,-0.01,111.68,35030.62,-1
2026-07-13,2026-07-13 13:25:00,312.04,312.04,312.02,312.02,-0.01,111.68,35030.62,-1
2026-07-13,2026-07-13 13:26:00,312.02,312.02,312.0,312.0,-0.01,111.68,35030.62,-1
2026-07-13,2026-07-13 13:27:00,312.0,312.0,311.98,311.98,-0.01,111.68,35030.62,-1
2026-07-13,2026-07-13 13:28:00,311.98,311.98,311.96,311.96,-0.01,111.68,35030.62,-1
2026-07-13,2026-07-13 13:29:00,311.96,311.96,311.94,311.94,-0.01,111.68,35030.62,-1
2026-07-13,2026-07-13 13:30:00,311.94,311.94,311.92,311.92,-0.01,111.68,35030.62,-1
2026-07-13,2026-07-13 13:31:00,311.92,311.92,311.9,311.9,-0.01,111.68,35030.62,-1
2026-07-13,2026-07-13 13:32:00,311.9,311.9,311.88,311.88,-0.01,111.68,35030.62,-1
2026-07-13,2026-07-13 13:33:00,311.88,311.88,311.86,311.86,-0.01,111.68,35030.62,-1
2026-07-13,2026-07-13 13:34:00,311.86,311.86,311.84,311.84,-0.01,111.68,35030.62,-1
2026-07-13,2026-07-13 13:35:00,311.84,311.84,311.81,311.81,-0.01,111.68,35030.62,-1
2026-07-13,2026-07-13 13:36:00,311.81,311.81,311.79,311.79,-0.01,111.68,35030.62,-1
2026-07-13,2026-07-13 13:37:00,311.79,311.79,311.77,311.77,-0.01,111.68,35030.62,-1
2026-07-13,2026-07-13 13:38:00,311.77,311.77,311.75,311.75,-0.01,111.68,35030.62,-1
2026-07-13,2026-07-13 13:39:00,311.75,311.75,311.73,311.73,-0.01,111.68,35030.62,-1
2026-07-13,2026-07-13 13:40:00,311.73,311.73,311.71,311.71,-0.01,111.68,35030.62,-1
2026-07-13,2026-07-13 13:41:00,311.71,311.71,311.69,311.69,-0.01,111.68,35030.62,-1
2026-07-13,2026-07-13 13:42:00,311.69,311.69,311.67,311.67,-0.01,111.68,35030.62,-1
2026-07-13,2026-07-13 13:43:00,311.67,311.67,311.65,311.65,-0.01,111.68,35030.62,-1
2026-07-13,2026-07-13 13:44:00,311.65,311.65,311.63,311.63,-0.01,111.68,35030.62,-1
2026-07-13,2026-07-13 13:45:00,311.63,311.63,311.61,311.61,-0.01,111.68,35030.62,-1
2026-07-13,2026-07-13 13:46:00,311.61,311.61,311.59,311.59,-0.01,111.68,35030.62,-1
2026-07-13,2026-07-13 13:47:00,311.59,311.59,311.57,311.57,-0.01,111.68,35030.62,-1
2026-07-13,2026-07-13 13:48:00,311.57,311.57,311.55,311.55,-0.01,111.68,35030.62,-1
2026-07-13,2026-07-13 13:49:00,311.55,311.55,311.53,311.53,-0.01,111.68,35030.62,-1
2026-07-13,2026-07-13 13:50:00,311.53,311.53,311.51,311.51,-0.01,111.68,35030.62,-1
2026-07-13,2026-07-13 13:51:00,311.51,311.51,311.49,311.49,-0.01,111.68,35030.62,-1
2026-07-13,2026-07-13 13:52:00,311.49,311.49,311.47,311.47,-0.01,111.68,35030.62,-1
2026-07-13,2026-07-13 13:53:00,311.47,311.47,311.45,311.45,-0.01,111.68,35030.62,-1
2026-07-13,2026-07-13 13:54:00,311.45,311.45,311.43,311.43,-0.01,111.68,35030.62,-1
2026-07-13,2026-07-13 13:55:00,311.43,311.43,311.41,311.41,-0.01,111.68,35030.62,-1
2026-07-13,2026-07-13 13:56:00,311.41,311.41,311.39,311.39,-0.01,111.68,35030.62,-1
2026-07-13,2026-07-13 13:57:00,311.39,311.39,311.37,311.37,-0.01,111.68,35030.62,-1
2026-07-13,2026-07-13 13:58:00,311.37,311.37,311.35,311.35,-0.01,111.68,35030.62,-1
2026-07-13,2026-07-13 13:59:00,311.35,311.35,311.33,311.33,-0.01,111.68,35030.62,-1
2026-07-13,2026-07-13 14:00:00,311.33,311.33,311.3,311.3,-0.01,111.68,35030.62,-1
2026-07-13,2026-07-13 14:01:00,311.3,311.3,311.28,311.28,-0.01,111.68,35030.62,-1
2026-07-13,2026-07-13 14:02:00,311.28,311.28,311.26,311.26,-0.01,111.68,35030.62,-1
2026-07-13,2026-07-13 14:03:00,311.26,311.26,311.24,311.24,-0.01,111.68,35030.62,-1
2026-07-13,2026-07-13 14:04:00,311.24,311.24,311.22,311.22,-0.01,111.68,35030.62,-1
2026-07-13,2026-07-13 14:05:00,311.22,311.22,311.2,311.2,-0.01,111.68,35030.62,-1
2026-07-13,2026-07-13 14:06:00,311.2,311.2,311.18,311.18,-0.01,111.68,35030.62,-1
2026-07-13,2026-07-13 14:07:00,311.18,311.18,311.16,311.16,-0.01,111.68,35030.62,-1
2026-07-13,2026-07-13 14:08:00,311.16,311.16,311.14,311.14,-0.01,111.68,35030.62,-1
2026-07-13,2026-07-13 14:09:00,311.14,311.14,311.12,311.12,-0.01,111.68,35030.62,-1
2026-07-13,2026-07-13 14:10:00,311.12,311.12,311.1,311.1,-0.01,111.68,35030.62,-1
2026-07-13,2026-07-13 14:11:00,311.1,311.1,311.08,311.08,-0.01,111.68,35030.62,-1
2026-07-13,2026-07-13 14:12:00,311.08,311.08,311.06,311.06,-0.01,111.68,35030.62,-1
2026-07-13,2026-07-13 14:13:00,311.06,311.06,311.04,311.04,-0.01,111.68,35030.62,-1
2026-07-13,2026-07-13 14:14:00,311.04,311.04,311.02,311.02,-0.01,111.68,35030.62,-1
2026-07-13,2026-07-13 14:15:00,311.02,311.02,311.0,311.0,-0.01,111.68,35030.62,-1
2026-07-13,2026-07-13 14:16:00,311.0,311.0,310.98,310.98,-0.01,111.68,35030.62,-1
2026-07-13,2026-07-13 14:17:00,310.98,310.98,310.96,310.96,-0.01,111.68,35030.62,-1
2026-07-13,2026-07-13 14:18:00,310.96,310.96,310.94,310.94,-0.01,111.68,35030.62,-1
2026-07-13,2026-07-13 14:19:00,310.94,310.94,310.92,310.92,-0.01,111.68,35030.62,-1
2026-07-13,2026-07-13 14:20:00,310.92,310.92,310.9,310.9,-0.01,111.68,35030.62,-1
2026-07-13,2026-07-13 14:21:00,310.9,310.9,310.88,310.88,-0.01,111.68,35030.62,-1
2026-07-13,2026-07-13 14:22:00,310.88,310.88,310.86,310.86,-0.01,111.68,35030.62,-1
2026-07-13,2026-07-13 14:23:00,310.86,310.86,310.84,310.84,-0.01,111.68,35030.62,-1
2026-07-13,2026-07-13 14:24:00,310.84,310.84,310.81,310.81,-0.01,111.68,35030.62,-1
2026-07-13,2026-07-13 14:25:00,310.81,310.81,310.79,310.79,-0.01,111.68,35030.62,-1
2026-07-13,2026-07-13 14:26:00,310.79,310.79,310.77,310.77,-0.01,111.68,35030.62,-1
2026-07-13,2026-07-13 14:27:00,310.77,310.77,310.75,310.75,-0.01,111.68,35030.62,-1
2026-07-13,2026-07-13 14:28:00,310.75,310.75,310.73,310.73,-0.01,111.68,35030.62,-1
2026-07-13,2026-07-13 14:29:00,310.73,310.73,310.71,310.71,-0.01,111.68,35030.62,-1
2026-07-13,2026-07-13 14:30:00,310.71,310.71,310.69,310.69,-0.01,111.68,35030.62,-1
2026-07-13,2026-07-13 14:31:00,310.69,310.69,310.67,310.67,-0.01,111.68,35030.62,-1
2026-07-13,2026-07-13 14:32:00,310.67,310.67,310.65,310.65,-0.01,111.68,35030.62,-1
2026-07-13,2026-07-13 14:33:00,310.65,310.65,310.63,310.63,-0.01,111.68,35030.62,-1
2026-07-13,2026-07-13 14:34:00,310.63,310.63,310.61,310.61,-0.01,111.68,35030.62,-1
2026-07-13,2026-07-13 14:35:00,310.61,310.61,310.59,310.59,-0.01,111.68,35030.62,-1
2026-07-13,2026-07-13 14:36:00,310.59,310.59,310.57,310.57,-0.01,111.68,35030.62,-1
2026-07-13,2026-07-13 14:37:00,310.57,310.57,310.55,310.55,-0.01,111.68,35030.62,-1
2026-07-13,2026-07-13 14:38:00,310.55,310.55,310.53,310.53,-0.01,111.68,35030.62,-1
2026-07-13,2026-07-13 14:39:00,310.53,310.53,310.51,310.51,-0.01,111.68,35030.62,-1
2026-07-13,2026-07-13 14:40:00,310.51,310.51,310.49,310.49,-0.01,111.68,35030.62,-1
2026-07-13,2026-07-13 14:41:00,310.49,310.49,310.47,310.47,-0.01,111.68,35030.62,-1
2026-07-13,2026-07-13 14:42:00,310.47,310.47,310.45,310.45,-0.01,111.68,35030.62,-1
2026-07-13,2026-07-13 14:43:00,310.45,310.45,310.43,310.43,-0.01,111.68,35030.62,-1
2026-07-13,2026-07-13 14:44:00,310.43,310.43,310.41,310.41,-0.01,111.68,35030.62,-1
2026-07-13,2026-07-13 14:45:00,310.41,310.41,310.39,310.39,-0.01,111.68,35030.62,-1
2026-07-13,2026-07-13 14:46:00,310.39,310.39,310.37,310.37,-0.01,111.68,35030.62,-1
2026-07-13,2026-07-13 14:47:00,310.37,310.37,310.35,310.35,-0.01,111.68,35030.62,-1
2026-07-13,2026-07-13 14:48:00,310.35,310.35,310.32,310.32,-0.01,111.68,35030.62,-1
2026-07-13,2026-07-13 14:49:00,310.32,310.32,310.3,310.3,-0.01,111.68,35030.62,-1
2026-07-13,2026-07-13 14:50:00,310.3,310.3,310.28,310.28,-0.01,111.68,35030.62,-1
2026-07-13,2026-07-13 14:51:00,310.28,310.28,310.26,310.26,-0.01,111.68,35030.62,-1
2026-07-13,2026-07-13 14:52:00,310.26,310.26,310.24,310.24,-0.01,111.68,35030.62,-1
2026-07-13,2026-07-13 14:53:00,310.24,310.24,310.22,310.22,-0.01,111.68,35030.62,-1
2026-07-13,2026-07-13 14:54:00,310.22,310.22,310.2,310.2,-0.01,111.68,35030.62,-1
2026-07-13,2026-07-13 14:55:00,310.2,310.2,310.18,310.18,-0.01,111.68,35030.62,-1
2026-07-13,2026-07-13 14:56:00,310.18,310.18,310.16,310.16,-0.01,111.68,35030.62,-1
2026-07-13,2026-07-13 14:57:00,310.16,310.16,310.14,310.14,-0.01,111.68,35030.62,-1
2026-07-13,2026-07-13 14:58:00,310.14,310.14,310.12,310.12,-0.01,111.68,35030.62,-1
2026-07-13,2026-07-13 14:59:00,310.12,310.12,310.1,310.1,-0.01,111.68,35030.62,-1
2026-07-13,2026-07-13 15:00:00,310.1,320.0,310.1,310.1,0.0,111.68,35030.62,0
2026-07-14,2026-07-14 11:00:00,306.0,308.4,305.13,306.01,0.0,117.0,36047.73,1
2026-07-14,2026-07-14 11:01:00,306.01,306.02,306.01,306.02,0.0,117.0,36047.73,1
2026-07-14,2026-07-14 11:02:00,306.02,306.04,306.02,306.04,0.01,117.0,36047.73,1
2026-07-14,2026-07-14 11:03:00,306.04,306.05,306.04,306.05,0.0,117.0,36047.73,1
2026-07-14,2026-07-14 11:04:00,306.05,306.06,306.05,306.06,0.0,117.0,36047.73,1
2026-07-14,2026-07-14 11:05:00,306.06,306.07,306.06,306.07,0.0,117.0,36047.73,1
2026-07-14,2026-07-14 11:06:00,306.07,306.09,306.07,306.09,0.01,117.0,36047.73,1
2026-07-14,2026-07-14 11:07:00,306.09,306.1,306.09,306.1,0.0,117.0,36047.73,1
2026-07-14,2026-07-14 11:08:00,306.1,306.11,306.1,306.11,0.0,117.0,36047.73,1
2026-07-14,2026-07-14 11:09:00,306.11,306.12,306.11,306.12,0.0,117.0,36047.73,1
2026-07-14,2026-07-14 11:10:00,306.12,306.14,306.12,306.14,0.01,117.0,36047.73,1
2026-07-14,2026-07-14 11:11:00,306.14,306.15,306.14,306.15,0.0,117.0,36047.73,1
2026-07-14,2026-07-14 11:12:00,306.15,306.16,306.15,306.16,0.0,117.0,36047.73,1
2026-07-14,2026-07-14 11:13:00,306.16,306.18,306.16,306.18,0.01,117.0,36047.73,1
2026-07-14,2026-07-14 11:14:00,306.18,306.19,306.18,306.19,0.0,117.0,36047.73,1
2026-07-14,2026-07-14 11:15:00,306.19,306.2,306.19,306.2,0.0,117.0,36047.73,1
2026-07-14,2026-07-14 11:16:00,306.2,306.21,306.2,306.21,0.0,117.0,36047.73,1
2026-07-14,2026-07-14 11:17:00,306.21,306.23,306.21,306.23,0.01,117.0,36047.73,1
2026-07-14,2026-07-14 11:18:00,306.23,306.24,306.23,306.24,0.0,117.0,36047.73,1
2026-07-14,2026-07-14 11:19:00,306.24,306.25,306.24,306.25,0.0,117.0,36047.73,1
2026-07-14,2026-07-14 11:20:00,306.25,306.26,306.25,306.26,0.0,117.0,36047.73,1
2026-07-14,2026-07-14 11:21:00,306.26,306.27,306.26,306.27,0.0,117.0,36047.73,1
2026-07-14,2026-07-14 11:22:00,306.27,306.29,306.27,306.29,0.01,117.0,36047.73,1
2026-07-14,2026-07-14 11:23:00,306.29,306.3,306.29,306.3,0.0,117.0,36047.73,1
2026-07-14,2026-07-14 11:24:00,306.3,306.31,306.3,306.31,0.0,117.0,36047.73,1
2026-07-14,2026-07-14 11:25:00,306.31,306.32,306.31,306.32,0.0,117.0,36047.73,1
2026-07-14,2026-07-14 11:26:00,306.32,306.34,306.32,306.34,0.01,117.0,36047.73,1
2026-07-14,2026-07-14 11:27:00,306.34,306.35,306.34,306.35,0.0,117.0,36047.73,1
2026-07-14,2026-07-14 11:28:00,306.35,306.36,306.35,306.36,0.0,117.0,36047.73,1
2026-07-14,2026-07-14 11:29:00,306.36,306.38,306.36,306.38,0.01,117.0,36047.73,1
2026-07-14,2026-07-14 11:30:00,306.38,306.39,306.38,306.39,0.0,117.0,36047.73,1
2026-07-14,2026-07-14 11:31:00,306.39,306.4,306.39,306.4,0.0,117.0,36047.73,1
2026-07-14,2026-07-14 11:32:00,306.4,306.41,306.4,306.41,0.0,117.0,36047.73,1
2026-07-14,2026-07-14 11:33:00,306.41,306.43,306.41,306.43,0.01,117.0,36047.73,1
2026-07-14,2026-07-14 11:34:00,306.43,306.44,306.43,306.44,0.0,117.0,36047.73,1
2026-07-14,2026-07-14 11:35:00,306.44,306.45,306.44,306.45,0.0,117.0,36047.73,1
2026-07-14,2026-07-14 11:36:00,306.45,306.46,306.45,306.46,0.0,117.0,36047.73,1
2026-07-14,2026-07-14 11:37:00,306.46,306.48,306.46,306.48,0.01,117.0,36047.73,1
2026-07-14,2026-07-14 11:38:00,306.48,306.49,306.48,306.49,0.0,117.0,36047.73,1
2026-07-14,2026-07-14 11:39:00,306.49,306.5,306.49,306.5,0.0,117.0,36047.73,1
2026-07-14,2026-07-14 11:40:00,306.5,306.51,306.5,306.51,0.0,117.0,36047.73,1
2026-07-14,2026-07-14 11:41:00,306.51,306.52,306.51,306.52,0.0,117.0,36047.73,1
2026-07-14,2026-07-14 11:42:00,306.52,306.54,306.52,306.54,0.01,117.0,36047.73,1
2026-07-14,2026-07-14 11:43:00,306.54,306.55,306.54,306.55,0.0,117.0,36047.73,1
2026-07-14,2026-07-14 11:44:00,306.55,306.56,306.55,306.56,0.0,117.0,36047.73,1
2026-07-14,2026-07-14 11:45:00,306.56,306.57,306.56,306.57,0.0,117.0,36047.73,1
2026-07-14,2026-07-14 11:46:00,306.57,306.59,306.57,306.59,0.01,117.0,36047.73,1
2026-07-14,2026-07-14 11:47:00,306.59,306.6,306.59,306.6,0.0,117.0,36047.73,1
2026-07-14,2026-07-14 11:48:00,306.6,306.61,306.6,306.61,0.0,117.0,36047.73,1
2026-07-14,2026-07-14 11:49:00,306.61,306.62,306.61,306.62,0.0,117.0,36047.73,1
2026-07-14,2026-07-14 11:50:00,306.62,306.64,306.62,306.64,0.01,117.0,36047.73,1
2026-07-14,2026-07-14 11:51:00,306.64,306.65,306.64,306.65,0.0,117.0,36047.73,1
2026-07-14,2026-07-14 11:52:00,306.65,306.66,306.65,306.66,0.0,117.0,36047.73,1
2026-07-14,2026-07-14 11:53:00,306.66,306.68,306.66,306.68,0.01,117.0,36047.73,1
2026-07-14,2026-07-14 11:54:00,306.68,306.69,306.68,306.69,0.0,117.0,36047.73,1
2026-07-14,2026-07-14 11:55:00,306.69,306.7,306.69,306.7,0.0,117.0,36047.73,1
2026-07-14,2026-07-14 11:56:00,306.7,306.71,306.7,306.71,0.0,117.0,36047.73,1
2026-07-14,2026-07-14 11:57:00,306.71,306.73,306.71,306.73,0.01,117.0,36047.73,1
2026-07-14,2026-07-14 11:58:00,306.73,306.74,306.73,306.74,0.0,117.0,36047.73,1
2026-07-14,2026-07-14 11:59:00,306.74,306.75,306.74,306.75,0.0,117.0,36047.73,1
2026-07-14,2026-07-14 12:00:00,306.75,306.76,306.75,306.76,0.0,117.0,36047.73,1
2026-07-14,2026-07-14 12:01:00,306.76,306.77,306.76,306.77,0.0,117.0,36047.73,1
2026-07-14,2026-07-14 12:02:00,306.77,306.79,306.77,306.79,0.01,117.0,36047.73,1
2026-07-14,2026-07-14 12:03:00,306.79,306.8,306.79,306.8,0.0,117.0,36047.73,1
2026-07-14,2026-07-14 12:04:00,306.8,306.81,306.8,306.81,0.0,117.0,36047.73,1
2026-07-14,2026-07-14 12:05:00,306.81,306.82,306.81,306.82,0.0,117.0,36047.73,1
2026-07-14,2026-07-14 12:06:00,306.82,306.84,306.82,306.84,0.01,117.0,36047.73,1
2026-07-14,2026-07-14 12:07:00,306.84,306.85,306.84,306.85,0.0,117.0,36047.73,1
2026-07-14,2026-07-14 12:08:00,306.85,306.86,306.85,306.86,0.0,117.0,36047.73,1
2026-07-14,2026-07-14 12:09:00,306.86,306.88,306.86,306.88,0.01,117.0,36047.73,1
2026-07-14,2026-07-14 12:10:00,306.88,306.89,306.88,306.89,0.0,117.0,36047.73,1
2026-07-14,2026-07-14 12:11:00,306.89,306.9,306.89,306.9,0.0,117.0,36047.73,1
2026-07-14,2026-07-14 12:12:00,306.9,306.91,306.9,306.91,0.0,117.0,36047.73,1
2026-07-14,2026-07-14 12:13:00,306.91,306.93,306.91,306.93,0.01,117.0,36047.73,1
2026-07-14,2026-07-14 12:14:00,306.93,306.94,306.93,306.94,0.0,117.0,36047.73,1
2026-07-14,2026-07-14 12:15:00,306.94,306.95,306.94,306.95,0.0,117.0,36047.73,1
2026-07-14,2026-07-14 12:16:00,306.95,306.96,306.95,306.96,0.0,117.0,36047.73,1
2026-07-14,2026-07-14 12:17:00,306.96,306.98,306.96,306.98,0.01,117.0,36047.73,1
2026-07-14,2026-07-14 12:18:00,306.98,306.99,306.98,306.99,0.0,117.0,36047.73,1
2026-07-14,2026-07-14 12:19:00,306.99,307.0,306.99,307.0,0.0,117.0,36047.73,1
2026-07-14,2026-07-14 12:20:00,307.0,307.01,307.0,307.01,0.0,117.0,36047.73,1
2026-07-14,2026-07-14 12:21:00,307.01,307.02,307.01,307.02,0.0,117.0,36047.73,1
2026-07-14,2026-07-14 12:22:00,307.02,307.04,307.02,307.04,0.01,117.0,36047.73,1
2026-07-14,2026-07-14 12:23:00,307.04,307.05,307.04,307.05,0.0,117.0,36047.73,1
2026-07-14,2026-07-14 12:24:00,307.05,307.06,307.05,307.06,0.0,117.0,36047.73,1
2026-07-14,2026-07-14 12:25:00,307.06,307.07,307.06,307.07,0.0,117.0,36047.73,1
2026-07-14,2026-07-14 12:26:00,307.07,307.09,307.07,307.09,0.01,117.0,36047.73,1
2026-07-14,2026-07-14 12:27:00,307.09,307.1,307.09,307.1,0.0,117.0,36047.73,1
2026-07-14,2026-07-14 12:28:00,307.1,307.11,307.1,307.11,0.0,117.0,36047.73,1
2026-07-14,2026-07-14 12:29:00,307.11,307.12,307.11,307.12,0.0,117.0,36047.73,1
2026-07-14,2026-07-14 12:30:00,307.12,307.14,307.12,307.14,0.01,117.0,36047.73,1
2026-07-14,2026-07-14 12:31:00,307.14,307.15,307.14,307.15,0.0,117.0,36047.73,1
2026-07-14,2026-07-14 12:32:00,307.15,307.16,307.15,307.16,0.0,117.0,36047.73,1
2026-07-14,2026-07-14 12:33:00,307.16,307.18,307.16,307.18,0.01,117.0,36047.73,1
2026-07-14,2026-07-14 12:34:00,307.18,307.19,307.18,307.19,0.0,117.0,36047.73,1
2026-07-14,2026-07-14 12:35:00,307.19,307.2,307.19,307.2,0.0,117.0,36047.73,1
2026-07-14,2026-07-14 12:36:00,307.2,307.21,307.2,307.21,0.0,117.0,36047.73,1
2026-07-14,2026-07-14 12:37:00,307.21,307.23,307.21,307.23,0.01,117.0,36047.73,1
2026-07-14,2026-07-14 12:38:00,307.23,307.24,307.23,307.24,0.0,117.0,36047.73,1
2026-07-14,2026-07-14 12:39:00,307.24,307.25,307.24,307.25,0.0,117.0,36047.73,1
2026-07-14,2026-07-14 12:40:00,307.25,307.26,307.25,307.26,0.0,117.0,36047.73,1
2026-07-14,2026-07-14 12:41:00,307.26,307.27,307.26,307.27,0.0,117.0,36047.73,1
2026-07-14,2026-07-14 12:42:00,307.27,307.29,307.27,307.29,0.01,117.0,36047.73,1
2026-07-14,2026-07-14 12:43:00,307.29,307.3,307.29,307.3,0.0,117.0,36047.73,1
2026-07-14,2026-07-14 12:44:00,307.3,307.31,307.3,307.31,0.0,117.0,36047.73,1
2026-07-14,2026-07-14 12:45:00,307.31,307.32,307.31,307.32,0.0,117.0,36047.73,1
2026-07-14,2026-07-14 12:46:00,307.32,307.34,307.32,307.34,0.01,117.0,36047.73,1
2026-07-14,2026-07-14 12:47:00,307.34,307.35,307.34,307.35,0.0,117.0,36047.73,1
2026-07-14,2026-07-14 12:48:00,307.35,307.36,307.35,307.36,0.0,117.0,36047.73,1
2026-07-14,2026-07-14 12:49:00,307.36,307.38,307.36,307.38,0.01,117.0,36047.73,1
2026-07-14,2026-07-14 12:50:00,307.38,307.39,307.38,307.39,0.0,117.0,36047.73,1
2026-07-14,2026-07-14 12:51:00,307.39,307.4,307.39,307.4,0.0,117.0,36047.73,1
2026-07-14,2026-07-14 12:52:00,307.4,307.41,307.4,307.41,0.0,117.0,36047.73,1
2026-07-14,2026-07-14 12:53:00,307.41,307.43,307.41,307.43,0.01,117.0,36047.73,1
2026-07-14,2026-07-14 12:54:00,307.43,307.44,307.43,307.44,0.0,117.0,36047.73,1
2026-07-14,2026-07-14 12:55:00,307.44,307.45,307.44,307.45,0.0,117.0,36047.73,1
2026-07-14,2026-07-14 12:56:00,307.45,307.46,307.45,307.46,0.0,117.0,36047.73,1
2026-07-14,2026-07-14 12:57:00,307.46,307.48,307.46,307.48,0.01,117.0,36047.73,1
2026-07-14,2026-07-14 12:58:00,307.48,307.49,307.48,307.49,0.0,117.0,36047.73,1
2026-07-14,2026-07-14 12:59:00,307.49,307.5,307.49,307.5,0.0,117.0,36047.73,1
2026-07-14,2026-07-14 13:00:00,307.5,314.0,303.1,307.51,0.0,117.0,36047.73,1
2026-07-14,2026-07-14 13:01:00,307.51,307.52,307.51,307.52,0.0,117.0,36047.73,1
2026-07-14,2026-07-14 13:02:00,307.52,307.54,307.52,307.54,0.01,117.0,36047.73,1
2026-07-14,2026-07-14 13:03:00,307.54,307.55,307.54,307.55,0.0,117.0,36047.73,1
2026-07-14,2026-07-14 13:04:00,307.55,307.56,307.55,307.56,0.0,117.0,36047.73,1
2026-07-14,2026-07-14 13:05:00,307.56,307.57,307.56,307.57,0.0,117.0,36047.73,1
2026-07-14,2026-07-14 13:06:00,307.57,307.59,307.57,307.59,0.01,117.0,36047.73,1
2026-07-14,2026-07-14 13:07:00,307.59,307.6,307.59,307.6,0.0,117.0,36047.73,1
2026-07-14,2026-07-14 13:08:00,307.6,307.61,307.6,307.61,0.0,117.0,36047.73,1
2026-07-14,2026-07-14 13:09:00,307.61,307.62,307.61,307.62,0.0,117.0,36047.73,1
2026-07-14,2026-07-14 13:10:00,307.62,307.64,307.62,307.64,0.01,117.0,36047.73,1
2026-07-14,2026-07-14 13:11:00,307.64,307.65,307.64,307.65,0.0,117.0,36047.73,1
2026-07-14,2026-07-14 13:12:00,307.65,307.66,307.65,307.66,0.0,117.0,36047.73,1
2026-07-14,2026-07-14 13:13:00,307.66,307.68,307.66,307.68,0.01,117.0,36047.73,1
2026-07-14,2026-07-14 13:14:00,307.68,307.69,307.68,307.69,0.0,117.0,36047.73,1
2026-07-14,2026-07-14 13:15:00,307.69,307.7,307.69,307.7,0.0,117.0,36047.73,1
2026-07-14,2026-07-14 13:16:00,307.7,307.71,307.7,307.71,0.0,117.0,36047.73,1
2026-07-14,2026-07-14 13:17:00,307.71,307.73,307.71,307.73,0.01,117.0,36047.73,1
2026-07-14,2026-07-14 13:18:00,307.73,307.74,307.73,307.74,0.0,117.0,36047.73,1
2026-07-14,2026-07-14 13:19:00,307.74,307.75,307.74,307.75,0.0,117.0,36047.73,1
2026-07-14,2026-07-14 13:20:00,307.75,307.76,307.75,307.76,0.0,117.0,36047.73,1
2026-07-14,2026-07-14 13:21:00,307.76,307.77,307.76,307.77,0.0,117.0,36047.73,1
2026-07-14,2026-07-14 13:22:00,307.77,307.79,307.77,307.79,0.01,117.0,36047.73,1
2026-07-14,2026-07-14 13:23:00,307.79,307.8,307.79,307.8,0.0,117.0,36047.73,1
2026-07-14,2026-07-14 13:24:00,307.8,307.81,307.8,307.81,0.0,117.0,36047.73,1
2026-07-14,2026-07-14 13:25:00,307.81,307.82,307.81,307.82,0.0,117.0,36047.73,1
2026-07-14,2026-07-14 13:26:00,307.82,307.84,307.82,307.84,0.01,117.0,36047.73,1
2026-07-14,2026-07-14 13:27:00,307.84,307.85,307.84,307.85,0.0,117.0,36047.73,1
2026-07-14,2026-07-14 13:28:00,307.85,307.86,307.85,307.86,0.0,117.0,36047.73,1
2026-07-14,2026-07-14 13:29:00,307.86,307.88,307.86,307.88,0.01,117.0,36047.73,1
2026-07-14,2026-07-14 13:30:00,307.88,307.89,307.88,307.89,0.0,117.0,36047.73,1
2026-07-14,2026-07-14 13:31:00,307.89,307.9,307.89,307.9,0.0,117.0,36047.73,1
2026-07-14,2026-07-14 13:32:00,307.9,307.91,307.9,307.91,0.0,117.0,36047.73,1
2026-07-14,2026-07-14 13:33:00,307.91,307.93,307.91,307.93,0.01,117.0,36047.73,1
2026-07-14,2026-07-14 13:34:00,307.93,307.94,307.93,307.94,0.0,117.0,36047.73,1
2026-07-14,2026-07-14 13:35:00,307.94,307.95,307.94,307.95,0.0,117.0,36047.73,1
2026-07-14,2026-07-14 13:36:00,307.95,307.96,307.95,307.96,0.0,117.0,36047.73,1
2026-07-14,2026-07-14 13:37:00,307.96,307.98,307.96,307.98,0.01,117.0,36047.73,1
2026-07-14,2026-07-14 13:38:00,307.98,307.99,307.98,307.99,0.0,117.0,36047.73,1
2026-07-14,2026-07-14 13:39:00,307.99,308.0,307.99,308.0,0.0,117.0,36047.73,1
2026-07-14,2026-07-14 13:40:00,308.0,308.01,308.0,308.01,0.0,117.0,36047.73,1
2026-07-14,2026-07-14 13:41:00,308.01,308.02,308.01,308.02,0.0,117.0,36047.73,1
2026-07-14,2026-07-14 13:42:00,308.02,308.04,308.02,308.04,0.01,117.0,36047.73,1
2026-07-14,2026-07-14 13:43:00,308.04,308.05,308.04,308.05,0.0,117.0,36047.73,1
2026-07-14,2026-07-14 13:44:00,308.05,308.06,308.05,308.06,0.0,117.0,36047.73,1
2026-07-14,2026-07-14 13:45:00,308.06,308.07,308.06,308.07,0.0,117.0,36047.73,1
2026-07-14,2026-07-14 13:46:00,308.07,308.09,308.07,308.09,0.01,117.0,36047.73,1
2026-07-14,2026-07-14 13:47:00,308.09,308.1,308.09,308.1,0.0,117.0,36047.73,1
2026-07-14,2026-07-14 13:48:00,308.1,308.11,308.1,308.11,0.0,117.0,36047.73,1
2026-07-14,2026-07-14 13:49:00,308.11,308.12,308.11,308.12,0.0,117.0,36047.73,1
2026-07-14,2026-07-14 13:50:00,308.12,308.14,308.12,308.14,0.01,117.0,36047.73,1
2026-07-14,2026-07-14 13:51:00,308.14,308.15,308.14,308.15,0.0,117.0,36047.73,1
2026-07-14,2026-07-14 13:52:00,308.15,308.16,308.15,308.16,0.0,117.0,36047.73,1
2026-07-14,2026-07-14 13:53:00,308.16,308.18,308.16,308.18,0.01,117.0,36047.73,1
2026-07-14,2026-07-14 13:54:00,308.18,308.19,308.18,308.19,0.0,117.0,36047.73,1
2026-07-14,2026-07-14 13:55:00,308.19,308.2,308.19,308.2,0.0,117.0,36047.73,1
2026-07-14,2026-07-14 13:56:00,308.2,308.21,308.2,308.21,0.0,117.0,36047.73,1
2026-07-14,2026-07-14 13:57:00,308.21,308.23,308.21,308.23,0.01,117.0,36047.73,1
2026-07-14,2026-07-14 13:58:00,308.23,308.24,308.23,308.24,0.0,117.0,36047.73,1
2026-07-14,2026-07-14 13:59:00,308.24,308.25,308.24,308.25,0.0,117.0,36047.73,1
2026-07-14,2026-07-14 14:00:00,308.25,308.26,308.25,308.26,0.0,117.0,36047.73,1
2026-07-14,2026-07-14 14:01:00,308.26,308.27,308.26,308.27,0.0,117.0,36047.73,1
2026-07-14,2026-07-14 14:02:00,308.27,308.29,308.27,308.29,0.01,117.0,36047.73,1
2026-07-14,2026-07-14 14:03:00,308.29,308.3,308.29,308.3,0.0,117.0,36047.73,1
2026-07-14,2026-07-14 14:04:00,308.3,308.31,308.3,308.31,0.0,117.0,36047.73,1
2026-07-14,2026-07-14 14:05:00,308.31,308.32,308.31,308.32,0.0,117.0,36047.73,1
2026-07-14,2026-07-14 14:06:00,308.32,308.34,308.32,308.34,0.01,117.0,36047.73,1
2026-07-14,2026-07-14 14:07:00,308.34,308.35,308.34,308.35,0.0,117.0,36047.73,1
2026-07-14,2026-07-14 14:08:00,308.35,308.36,308.35,308.36,0.0,117.0,36047.73,1
2026-07-14,2026-07-14 14:09:00,308.36,308.38,308.36,308.38,0.01,117.0,36047.73,1
2026-07-14,2026-07-14 14:10:00,308.38,308.39,308.38,308.39,0.0,117.0,36047.73,1
2026-07-14,2026-07-14 14:11:00,308.39,308.4,308.39,308.4,0.0,117.0,36047.73,1
2026-07-14,2026-07-14 14:12:00,308.4,308.41,308.4,308.41,0.0,117.0,36047.73,1
2026-07-14,2026-07-14 14:13:00,308.41,308.43,308.41,308.43,0.01,117.0,36047.73,1
2026-07-14,2026-07-14 14:14:00,308.43,308.44,308.43,308.44,0.0,117.0,36047.73,1
2026-07-14,2026-07-14 14:15:00,308.44,308.45,308.44,308.45,0.0,117.0,36047.73,1
2026-07-14,2026-07-14 14:16:00,308.45,308.46,308.45,308.46,0.0,117.0,36047.73,1
2026-07-14,2026-07-14 14:17:00,308.46,308.48,308.46,308.48,0.01,117.0,36047.73,1
2026-07-14,2026-07-14 14:18:00,308.48,308.49,308.48,308.49,0.0,117.0,36047.73,1
2026-07-14,2026-07-14 14:19:00,308.49,308.5,308.49,308.5,0.0,117.0,36047.73,1
2026-07-14,2026-07-14 14:20:00,308.5,308.51,308.5,308.51,0.0,117.0,36047.73,1
2026-07-14,2026-07-14 14:21:00,308.51,308.52,308.51,308.52,0.0,117.0,36047.73,1
2026-07-14,2026-07-14 14:22:00,308.52,308.54,308.52,308.54,0.01,117.0,36047.73,1
2026-07-14,2026-07-14 14:23:00,308.54,308.55,308.54,308.55,0.0,117.0,36047.73,1
2026-07-14,2026-07-14 14:24:00,308.55,308.56,308.55,308.56,0.0,117.0,36047.73,1
2026-07-14,2026-07-14 14:25:00,308.56,308.57,308.56,308.57,0.0,117.0,36047.73,1
2026-07-14,2026-07-14 14:26:00,308.57,308.59,308.57,308.59,0.01,117.0,36047.73,1
2026-07-14,2026-07-14 14:27:00,308.59,308.6,308.59,308.6,0.0,117.0,36047.73,1
2026-07-14,2026-07-14 14:28:00,308.6,308.61,308.6,308.61,0.0,117.0,36047.73,1
2026-07-14,2026-07-14 14:29:00,308.61,308.62,308.61,308.62,0.0,117.0,36047.73,1
2026-07-14,2026-07-14 14:30:00,308.62,308.64,308.62,308.64,0.01,117.0,36047.73,1
2026-07-14,2026-07-14 14:31:00,308.64,308.65,308.64,308.65,0.0,117.0,36047.73,1
2026-07-14,2026-07-14 14:32:00,308.65,308.66,308.65,308.66,0.0,117.0,36047.73,1
2026-07-14,2026-07-14 14:33:00,308.66,308.68,308.66,308.68,0.01,117.0,36047.73,1
2026-07-14,2026-07-14 14:34:00,308.68,308.69,308.68,308.69,0.0,117.0,36047.73,1
2026-07-14,2026-07-14 14:35:00,308.69,308.7,308.69,308.7,0.0,117.0,36047.73,1
2026-07-14,2026-07-14 14:36:00,308.7,308.71,308.7,308.71,0.0,117.0,36047.73,1
2026-07-14,2026-07-14 14:37:00,308.71,308.73,308.71,308.73,0.01,117.0,36047.73,1
2026-07-14,2026-07-14 14:38:00,308.73,308.74,308.73,308.74,0.0,117.0,36047.73,1
2026-07-14,2026-07-14 14:39:00,308.74,308.75,308.74,308.75,0.0,117.0,36047.73,1
2026-07-14,2026-07-14 14:40:00,308.75,308.76,308.75,308.76,0.0,117.0,36047.73,1
2026-07-14,2026-07-14 14:41:00,308.76,308.77,308.76,308.77,0.0,117.0,36047.73,1
2026-07-14,2026-07-14 14:42:00,308.77,308.79,308.77,308.79,0.01,117.0,36047.73,1
2026-07-14,2026-07-14 14:43:00,308.79,308.8,308.79,308.8,0.0,117.0,36047.73,1
2026-07-14,2026-07-14 14:44:00,308.8,308.81,308.8,308.81,0.0,117.0,36047.73,1
2026-07-14,2026-07-14 14:45:00,308.81,308.82,308.81,308.82,0.0,117.0,36047.73,1
2026-07-14,2026-07-14 14:46:00,308.82,308.84,308.82,308.84,0.01,117.0,36047.73,1
2026-07-14,2026-07-14 14:47:00,308.84,308.85,308.84,308.85,0.0,117.0,36047.73,1
2026-07-14,2026-07-14 14:48:00,308.85,308.86,308.85,308.86,0.0,117.0,36047.73,1
2026-07-14,2026-07-14 14:49:00,308.86,308.88,308.86,308.88,0.01,117.0,36047.73,1
2026-07-14,2026-07-14 14:50:00,308.88,308.89,308.88,308.89,0.0,117.0,36047.73,1
2026-07-14,2026-07-14 14:51:00,308.89,308.9,308.89,308.9,0.0,117.0,36047.73,1
2026-07-14,2026-07-14 14:52:00,308.9,308.91,308.9,308.91,0.0,117.0,36047.73,1
2026-07-14,2026-07-14 14:53:00,308.91,308.93,308.91,308.93,0.01,117.0,36047.73,1
2026-07-14,2026-07-14 14:54:00,308.93,308.94,308.93,308.94,0.0,117.0,36047.73,1
2026-07-14,2026-07-14 14:55:00,308.94,308.95,308.94,308.95,0.0,117.0,36047.73,1
2026-07-14,2026-07-14 14:56:00,308.95,308.96,308.95,308.96,0.0,117.0,36047.73,1
2026-07-14,2026-07-14 14:57:00,308.96,308.98,308.96,308.98,0.01,117.0,36047.73,1
2026-07-14,2026-07-14 14:58:00,308.98,308.99,308.98,308.99,0.0,117.0,36047.73,1
2026-07-14,2026-07-14 14:59:00,308.99,309.0,308.99,309.0,0.0,117.0,36047.73,1
2026-07-14,2026-07-14 15:00:00,309.0,314.0,303.1,309.0,0.0,117.0,36047.73,0
2026-07-15,2026-07-15 11:00:00,315.0,315.0,313.5,314.99,-0.0,58.06,18177.21,-1
2026-07-15,2026-07-15 11:01:00,314.99,314.99,314.98,314.98,-0.0,58.06,18177.21,-1
2026-07-15,2026-07-15 11:02:00,314.98,314.98,314.96,314.96,-0.01,58.06,18177.21,-1
2026-07-15,2026-07-15 11:03:00,314.96,314.96,314.95,314.95,-0.0,58.06,18177.21,-1
2026-07-15,2026-07-15 11:04:00,314.95,314.95,314.94,314.94,-0.0,58.06,18177.21,-1
2026-07-15,2026-07-15 11:05:00,314.94,314.94,314.93,314.93,-0.0,58.06,18177.21,-1
2026-07-15,2026-07-15 11:06:00,314.93,314.93,314.91,314.91,-0.01,58.06,18177.21,-1
2026-07-15,2026-07-15 11:07:00,314.91,314.91,314.9,314.9,-0.0,58.06,18177.21,-1
2026-07-15,2026-07-15 11:08:00,314.9,314.9,314.89,314.89,-0.0,58.06,18177.21,-1
2026-07-15,2026-07-15 11:09:00,314.89,314.89,314.88,314.88,-0.0,58.06,18177.21,-1
2026-07-15,2026-07-15 11:10:00,314.88,314.88,314.86,314.86,-0.01,58.06,18177.21,-1
2026-07-15,2026-07-15 11:11:00,314.86,314.86,314.85,314.85,-0.0,58.06,18177.21,-1
2026-07-15,2026-07-15 11:12:00,314.85,314.85,314.84,314.84,-0.0,58.06,18177.21,-1
2026-07-15,2026-07-15 11:13:00,314.84,314.84,314.82,314.82,-0.01,58.06,18177.21,-1
2026-07-15,2026-07-15 11:14:00,314.82,314.82,314.81,314.81,-0.0,58.06,18177.21,-1
2026-07-15,2026-07-15 11:15:00,314.81,314.81,314.8,314.8,-0.0,58.06,18177.21,-1
2026-07-15,2026-07-15 11:16:00,314.8,314.8,314.79,314.79,-0.0,58.06,18177.21,-1
2026-07-15,2026-07-15 11:17:00,314.79,314.79,314.77,314.77,-0.01,58.06,18177.21,-1
2026-07-15,2026-07-15 11:18:00,314.77,314.77,314.76,314.76,-0.0,58.06,18177.21,-1
2026-07-15,2026-07-15 11:19:00,314.76,314.76,314.75,314.75,-0.0,58.06,18177.21,-1
2026-07-15,2026-07-15 11:20:00,314.75,314.75,314.74,314.74,-0.0,58.06,18177.21,-1
2026-07-15,2026-07-15 11:21:00,314.74,314.74,314.73,314.73,-0.0,58.06,18177.21,-1
2026-07-15,2026-07-15 11:22:00,314.73,314.73,314.71,314.71,-0.01,58.06,18177.21,-1
2026-07-15,2026-07-15 11:23:00,314.71,314.71,314.7,314.7,-0.0,58.06,18177.21,-1
2026-07-15,2026-07-15 11:24:00,314.7,314.7,314.69,314.69,-0.0,58.06,18177.21,-1
2026-07-15,2026-07-15 11:25:00,314.69,314.69,314.68,314.68,-0.0,58.06,18177.21,-1
2026-07-15,2026-07-15 11:26:00,314.68,314.68,314.66,314.66,-0.01,58.06,18177.21,-1
2026-07-15,2026-07-15 11:27:00,314.66,314.66,314.65,314.65,-0.0,58.06,18177.21,-1
2026-07-15,2026-07-15 11:28:00,314.65,314.65,314.64,314.64,-0.0,58.06,18177.21,-1
2026-07-15,2026-07-15 11:29:00,314.64,314.64,314.62,314.62,-0.01,58.06,18177.21,-1
2026-07-15,2026-07-15 11:30:00,314.62,314.62,314.61,314.61,-0.0,58.06,18177.21,-1
2026-07-15,2026-07-15 11:31:00,314.61,314.61,314.6,314.6,-0.0,58.06,18177.21,-1
2026-07-15,2026-07-15 11:32:00,314.6,314.6,314.59,314.59,-0.0,58.06,18177.21,-1
2026-07-15,2026-07-15 11:33:00,314.59,314.59,314.57,314.57,-0.01,58.06,18177.21,-1
2026-07-15,2026-07-15 11:34:00,314.57,314.57,314.56,314.56,-0.0,58.06,18177.21,-1
2026-07-15,2026-07-15 11:35:00,314.56,314.56,314.55,314.55,-0.0,58.06,18177.21,-1
2026-07-15,2026-07-15 11:36:00,314.55,314.55,314.54,314.54,-0.0,58.06,18177.21,-1
2026-07-15,2026-07-15 11:37:00,314.54,314.54,314.52,314.52,-0.01,58.06,18177.21,-1
2026-07-15,2026-07-15 11:38:00,314.52,314.52,314.51,314.51,-0.0,58.06,18177.21,-1
2026-07-15,2026-07-15 11:39:00,314.51,314.51,314.5,314.5,-0.0,58.06,18177.21,-1
2026-07-15,2026-07-15 11:40:00,314.5,314.5,314.49,314.49,-0.0,58.06,18177.21,-1
2026-07-15,2026-07-15 11:41:00,314.49,314.49,314.48,314.48,-0.0,58.06,18177.21,-1
2026-07-15,2026-07-15 11:42:00,314.48,314.48,314.46,314.46,-0.01,58.06,18177.21,-1
2026-07-15,2026-07-15 11:43:00,314.46,314.46,314.45,314.45,-0.0,58.06,18177.21,-1
2026-07-15,2026-07-15 11:44:00,314.45,314.45,314.44,314.44,-0.0,58.06,18177.21,-1
2026-07-15,2026-07-15 11:45:00,314.44,314.44,314.43,314.43,-0.0,58.06,18177.21,-1
2026-07-15,2026-07-15 11:46:00,314.43,314.43,314.41,314.41,-0.01,58.06,18177.21,-1
2026-07-15,2026-07-15 11:47:00,314.41,314.41,314.4,314.4,-0.0,58.06,18177.21,-1
2026-07-15,2026-07-15 11:48:00,314.4,314.4,314.39,314.39,-0.0,58.06,18177.21,-1
2026-07-15,2026-07-15 11:49:00,314.39,314.39,314.38,314.38,-0.0,58.06,18177.21,-1
2026-07-15,2026-07-15 11:50:00,314.38,314.38,314.36,314.36,-0.01,58.06,18177.21,-1
2026-07-15,2026-07-15 11:51:00,314.36,314.36,314.35,314.35,-0.0,58.06,18177.21,-1
2026-07-15,2026-07-15 11:52:00,314.35,314.35,314.34,314.34,-0.0,58.06,18177.21,-1
2026-07-15,2026-07-15 11:53:00,314.34,314.34,314.32,314.32,-0.01,58.06,18177.21,-1
2026-07-15,2026-07-15 11:54:00,314.32,314.32,314.31,314.31,-0.0,58.06,18177.21,-1
2026-07-15,2026-07-15 11:55:00,314.31,314.31,314.3,314.3,-0.0,58.06,18177.21,-1
2026-07-15,2026-07-15 11:56:00,314.3,314.3,314.29,314.29,-0.0,58.06,18177.21,-1
2026-07-15,2026-07-15 11:57:00,314.29,314.29,314.27,314.27,-0.01,58.06,18177.21,-1
2026-07-15,2026-07-15 11:58:00,314.27,314.27,314.26,314.26,-0.0,58.06,18177.21,-1
2026-07-15,2026-07-15 11:59:00,314.26,314.26,314.25,314.25,-0.0,58.06,18177.21,-1
2026-07-15,2026-07-15 12:00:00,314.25,314.25,314.24,314.24,-0.0,58.06,18177.21,-1
2026-07-15,2026-07-15 12:01:00,314.24,314.24,314.23,314.23,-0.0,58.06,18177.21,-1
2026-07-15,2026-07-15 12:02:00,314.23,314.23,314.21,314.21,-0.01,58.06,18177.21,-1
2026-07-15,2026-07-15 12:03:00,314.21,314.21,314.2,314.2,-0.0,58.06,18177.21,-1
2026-07-15,2026-07-15 12:04:00,314.2,314.2,314.19,314.19,-0.0,58.06,18177.21,-1
2026-07-15,2026-07-15 12:05:00,314.19,314.19,314.18,314.18,-0.0,58.06,18177.21,-1
2026-07-15,2026-07-15 12:06:00,314.18,314.18,314.16,314.16,-0.01,58.06,18177.21,-1
2026-07-15,2026-07-15 12:07:00,314.16,314.16,314.15,314.15,-0.0,58.06,18177.21,-1
2026-07-15,2026-07-15 12:08:00,314.15,314.15,314.14,314.14,-0.0,58.06,18177.21,-1
2026-07-15,2026-07-15 12:09:00,314.14,314.14,314.12,314.12,-0.01,58.06,18177.21,-1
2026-07-15,2026-07-15 12:10:00,314.12,314.12,314.11,314.11,-0.0,58.06,18177.21,-1
2026-07-15,2026-07-15 12:11:00,314.11,314.11,314.1,314.1,-0.0,58.06,18177.21,-1
2026-07-15,2026-07-15 12:12:00,314.1,314.1,314.09,314.09,-0.0,58.06,18177.21,-1
2026-07-15,2026-07-15 12:13:00,314.09,314.09,314.07,314.07,-0.01,58.06,18177.21,-1
2026-07-15,2026-07-15 12:14:00,314.07,314.07,314.06,314.06,-0.0,58.06,18177.21,-1
2026-07-15,2026-07-15 12:15:00,314.06,314.06,314.05,314.05,-0.0,58.06,18177.21,-1
2026-07-15,2026-07-15 12:16:00,314.05,314.05,314.04,314.04,-0.0,58.06,18177.21,-1
2026-07-15,2026-07-15 12:17:00,314.04,314.04,314.02,314.02,-0.01,58.06,18177.21,-1
2026-07-15,2026-07-15 12:18:00,314.02,314.02,314.01,314.01,-0.0,58.06,18177.21,-1
2026-07-15,2026-07-15 12:19:00,314.01,314.01,314.0,314.0,-0.0,58.06,18177.21,-1
2026-07-15,2026-07-15 12:20:00,314.0,314.0,313.99,313.99,-0.0,58.06,18177.21,-1
2026-07-15,2026-07-15 12:21:00,313.99,313.99,313.98,313.98,-0.0,58.06,18177.21,-1
2026-07-15,2026-07-15 12:22:00,313.98,313.98,313.96,313.96,-0.01,58.06,18177.21,-1
2026-07-15,2026-07-15 12:23:00,313.96,313.96,313.95,313.95,-0.0,58.06,18177.21,-1
2026-07-15,2026-07-15 12:24:00,313.95,313.95,313.94,313.94,-0.0,58.06,18177.21,-1
2026-07-15,2026-07-15 12:25:00,313.94,313.94,313.93,313.93,-0.0,58.06,18177.21,-1
2026-07-15,2026-07-15 12:26:00,313.93,313.93,313.91,313.91,-0.01,58.06,18177.21,-1
2026-07-15,2026-07-15 12:27:00,313.91,313.91,313.9,313.9,-0.0,58.06,18177.21,-1
2026-07-15,2026-07-15 12:28:00,313.9,313.9,313.89,313.89,-0.0,58.06,18177.21,-1
2026-07-15,2026-07-15 12:29:00,313.89,313.89,313.88,313.88,-0.0,58.06,18177.21,-1
2026-07-15,2026-07-15 12:30:00,313.88,313.88,313.86,313.86,-0.01,58.06,18177.21,-1
2026-07-15,2026-07-15 12:31:00,313.86,313.86,313.85,313.85,-0.0,58.06,18177.21,-1
2026-07-15,2026-07-15 12:32:00,313.85,313.85,313.84,313.84,-0.0,58.06,18177.21,-1
2026-07-15,2026-07-15 12:33:00,313.84,313.84,313.82,313.82,-0.01,58.06,18177.21,-1
2026-07-15,2026-07-15 12:34:00,313.82,313.82,313.81,313.81,-0.0,58.06,18177.21,-1
2026-07-15,2026-07-15 12:35:00,313.81,313.81,313.8,313.8,-0.0,58.06,18177.21,-1
2026-07-15,2026-07-15 12:36:00,313.8,313.8,313.79,313.79,-0.0,58.06,18177.21,-1
2026-07-15,2026-07-15 12:37:00,313.79,313.79,313.77,313.77,-0.01,58.06,18177.21,-1
2026-07-15,2026-07-15 12:38:00,313.77,313.77,313.76,313.76,-0.0,58.06,18177.21,-1
2026-07-15,2026-07-15 12:39:00,313.76,313.76,313.75,313.75,-0.0,58.06,18177.21,-1
2026-07-15,2026-07-15 12:40:00,313.75,313.75,313.74,313.74,-0.0,58.06,18177.21,-1
2026-07-15,2026-07-15 12:41:00,313.74,313.74,313.73,313.73,-0.0,58.06,18177.21,-1
2026-07-15,2026-07-15 12:42:00,313.73,313.73,313.71,313.71,-0.01,58.06,18177.21,-1
2026-07-15,2026-07-15 12:43:00,313.71,313.71,313.7,313.7,-0.0,58.06,18177.21,-1
2026-07-15,2026-07-15 12:44:00,313.7,313.7,313.69,313.69,-0.0,58.06,18177.21,-1
2026-07-15,2026-07-15 12:45:00,313.69,313.69,313.68,313.68,-0.0,58.06,18177.21,-1
2026-07-15,2026-07-15 12:46:00,313.68,313.68,313.66,313.66,-0.01,58.06,18177.21,-1
2026-07-15,2026-07-15 12:47:00,313.66,313.66,313.65,313.65,-0.0,58.06,18177.21,-1
2026-07-15,2026-07-15 12:48:00,313.65,313.65,313.64,313.64,-0.0,58.06,18177.21,-1
2026-07-15,2026-07-15 12:49:00,313.64,313.64,313.62,313.62,-0.01,58.06,18177.21,-1
2026-07-15,2026-07-15 12:50:00,313.62,313.62,313.61,313.61,-0.0,58.06,18177.21,-1
2026-07-15,2026-07-15 12:51:00,313.61,313.61,313.6,313.6,-0.0,58.06,18177.21,-1
2026-07-15,2026-07-15 12:52:00,313.6,313.6,313.59,313.59,-0.0,58.06,18177.21,-1
2026-07-15,2026-07-15 12:53:00,313.59,313.59,313.57,313.57,-0.01,58.06,18177.21,-1
2026-07-15,2026-07-15 12:54:00,313.57,313.57,313.56,313.56,-0.0,58.06,18177.21,-1
2026-07-15,2026-07-15 12:55:00,313.56,313.56,313.55,313.55,-0.0,58.06,18177.21,-1
2026-07-15,2026-07-15 12:56:00,313.55,313.55,313.54,313.54,-0.0,58.06,18177.21,-1
2026-07-15,2026-07-15 12:57:00,313.54,313.54,313.52,313.52,-0.01,58.06,18177.21,-1
2026-07-15,2026-07-15 12:58:00,313.52,313.52,313.51,313.51,-0.0,58.06,18177.21,-1
2026-07-15,2026-07-15 12:59:00,313.51,313.51,313.5,313.5,-0.0,58.06,18177.21,-1
2026-07-15,2026-07-15 13:00:00,313.5,315.0,310.0,313.49,-0.0,58.06,18177.21,-1
2026-07-15,2026-07-15 13:01:00,313.49,313.49,313.48,313.48,-0.0,58.06,18177.21,-1
2026-07-15,2026-07-15 13:02:00,313.48,313.48,313.46,313.46,-0.01,58.06,18177.21,-1
2026-07-15,2026-07-15 13:03:00,313.46,313.46,313.45,313.45,-0.0,58.06,18177.21,-1
2026-07-15,2026-07-15 13:04:00,313.45,313.45,313.44,313.44,-0.0,58.06,18177.21,-1
2026-07-15,2026-07-15 13:05:00,313.44,313.44,313.43,313.43,-0.0,58.06,18177.21,-1
2026-07-15,2026-07-15 13:06:00,313.43,313.43,313.41,313.41,-0.01,58.06,18177.21,-1
2026-07-15,2026-07-15 13:07:00,313.41,313.41,313.4,313.4,-0.0,58.06,18177.21,-1
2026-07-15,2026-07-15 13:08:00,313.4,313.4,313.39,313.39,-0.0,58.06,18177.21,-1
2026-07-15,2026-07-15 13:09:00,313.39,313.39,313.38,313.38,-0.0,58.06,18177.21,-1
2026-07-15,2026-07-15 13:10:00,313.38,313.38,313.36,313.36,-0.01,58.06,18177.21,-1
2026-07-15,2026-07-15 13:11:00,313.36,313.36,313.35,313.35,-0.0,58.06,18177.21,-1
2026-07-15,2026-07-15 13:12:00,313.35,313.35,313.34,313.34,-0.0,58.06,18177.21,-1
2026-07-15,2026-07-15 13:13:00,313.34,313.34,313.32,313.32,-0.01,58.06,18177.21,-1
2026-07-15,2026-07-15 13:14:00,313.32,313.32,313.31,313.31,-0.0,58.06,18177.21,-1
2026-07-15,2026-07-15 13:15:00,313.31,313.31,313.3,313.3,-0.0,58.06,18177.21,-1
2026-07-15,2026-07-15 13:16:00,313.3,313.3,313.29,313.29,-0.0,58.06,18177.21,-1
2026-07-15,2026-07-15 13:17:00,313.29,313.29,313.27,313.27,-0.01,58.06,18177.21,-1
2026-07-15,2026-07-15 13:18:00,313.27,313.27,313.26,313.26,-0.0,58.06,18177.21,-1
2026-07-15,2026-07-15 13:19:00,313.26,313.26,313.25,313.25,-0.0,58.06,18177.21,-1
2026-07-15,2026-07-15 13:20:00,313.25,313.25,313.24,313.24,-0.0,58.06,18177.21,-1
2026-07-15,2026-07-15 13:21:00,313.24,313.24,313.23,313.23,-0.0,58.06,18177.21,-1
2026-07-15,2026-07-15 13:22:00,313.23,313.23,313.21,313.21,-0.01,58.06,18177.21,-1
2026-07-15,2026-07-15 13:23:00,313.21,313.21,313.2,313.2,-0.0,58.06,18177.21,-1
2026-07-15,2026-07-15 13:24:00,313.2,313.2,313.19,313.19,-0.0,58.06,18177.21,-1
2026-07-15,2026-07-15 13:25:00,313.19,313.19,313.18,313.18,-0.0,58.06,18177.21,-1
2026-07-15,2026-07-15 13:26:00,313.18,313.18,313.16,313.16,-0.01,58.06,18177.21,-1
2026-07-15,2026-07-15 13:27:00,313.16,313.16,313.15,313.15,-0.0,58.06,18177.21,-1
2026-07-15,2026-07-15 13:28:00,313.15,313.15,313.14,313.14,-0.0,58.06,18177.21,-1
2026-07-15,2026-07-15 13:29:00,313.14,313.14,313.12,313.12,-0.01,58.06,18177.21,-1
2026-07-15,2026-07-15 13:30:00,313.12,313.12,313.11,313.11,-0.0,58.06,18177.21,-1
2026-07-15,2026-07-15 13:31:00,313.11,313.11,313.1,313.1,-0.0,58.06,18177.21,-1
2026-07-15,2026-07-15 13:32:00,313.1,313.1,313.09,313.09,-0.0,58.06,18177.21,-1
2026-07-15,2026-07-15 13:33:00,313.09,313.09,313.07,313.07,-0.01,58.06,18177.21,-1
2026-07-15,2026-07-15 13:34:00,313.07,313.07,313.06,313.06,-0.0,58.06,18177.21,-1
2026-07-15,2026-07-15 13:35:00,313.06,313.06,313.05,313.05,-0.0,58.06,18177.21,-1
2026-07-15,2026-07-15 13:36:00,313.05,313.05,313.04,313.04,-0.0,58.06,18177.21,-1
2026-07-15,2026-07-15 13:37:00,313.04,313.04,313.02,313.02,-0.01,58.06,18177.21,-1
2026-07-15,2026-07-15 13:38:00,313.02,313.02,313.01,313.01,-0.0,58.06,18177.21,-1
2026-07-15,2026-07-15 13:39:00,313.01,313.01,313.0,313.0,-0.0,58.06,18177.21,-1
2026-07-15,2026-07-15 13:40:00,313.0,313.0,312.99,312.99,-0.0,58.06,18177.21,-1
2026-07-15,2026-07-15 13:41:00,312.99,312.99,312.98,312.98,-0.0,58.06,18177.21,-1
2026-07-15,2026-07-15 13:42:00,312.98,312.98,312.96,312.96,-0.01,58.06,18177.21,-1
2026-07-15,2026-07-15 13:43:00,312.96,312.96,312.95,312.95,-0.0,58.06,18177.21,-1
2026-07-15,2026-07-15 13:44:00,312.95,312.95,312.94,312.94,-0.0,58.06,18177.21,-1
2026-07-15,2026-07-15 13:45:00,312.94,312.94,312.93,312.93,-0.0,58.06,18177.21,-1
2026-07-15,2026-07-15 13:46:00,312.93,312.93,312.91,312.91,-0.01,58.06,18177.21,-1
2026-07-15,2026-07-15 13:47:00,312.91,312.91,312.9,312.9,-0.0,58.06,18177.21,-1
2026-07-15,2026-07-15 13:48:00,312.9,312.9,312.89,312.89,-0.0,58.06,18177.21,-1
2026-07-15,2026-07-15 13:49:00,312.89,312.89,312.88,312.88,-0.0,58.06,18177.21,-1
2026-07-15,2026-07-15 13:50:00,312.88,312.88,312.86,312.86,-0.01,58.06,18177.21,-1
2026-07-15,2026-07-15 13:51:00,312.86,312.86,312.85,312.85,-0.0,58.06,18177.21,-1
2026-07-15,2026-07-15 13:52:00,312.85,312.85,312.84,312.84,-0.0,58.06,18177.21,-1
2026-07-15,2026-07-15 13:53:00,312.84,312.84,312.82,312.82,-0.01,58.06,18177.21,-1
2026-07-15,2026-07-15 13:54:00,312.82,312.82,312.81,312.81,-0.0,58.06,18177.21,-1
2026-07-15,2026-07-15 13:55:00,312.81,312.81,312.8,312.8,-0.0,58.06,18177.21,-1
2026-07-15,2026-07-15 13:56:00,312.8,312.8,312.79,312.79,-0.0,58.06,18177.21,-1
2026-07-15,2026-07-15 13:57:00,312.79,312.79,312.77,312.77,-0.01,58.06,18177.21,-1
2026-07-15,2026-07-15 13:58:00,312.77,312.77,312.76,312.76,-0.0,58.06,18177.21,-1
2026-07-15,2026-07-15 13:59:00,312.76,312.76,312.75,312.75,-0.0,58.06,18177.21,-1
2026-07-15,2026-07-15 14:00:00,312.75,312.75,312.74,312.74,-0.0,58.06,18177.21,-1
2026-07-15,2026-07-15 14:01:00,312.74,312.74,312.73,312.73,-0.0,58.06,18177.21,-1
2026-07-15,2026-07-15 14:02:00,312.73,312.73,312.71,312.71,-0.01,58.06,18177.21,-1
2026-07-15,2026-07-15 14:03:00,312.71,312.71,312.7,312.7,-0.0,58.06,18177.21,-1
2026-07-15,2026-07-15 14:04:00,312.7,312.7,312.69,312.69,-0.0,58.06,18177.21,-1
2026-07-15,2026-07-15 14:05:00,312.69,312.69,312.68,312.68,-0.0,58.06,18177.21,-1
2026-07-15,2026-07-15 14:06:00,312.68,312.68,312.66,312.66,-0.01,58.06,18177.21,-1
2026-07-15,2026-07-15 14:07:00,312.66,312.66,312.65,312.65,-0.0,58.06,18177.21,-1
2026-07-15,2026-07-15 14:08:00,312.65,312.65,312.64,312.64,-0.0,58.06,18177.21,-1
2026-07-15,2026-07-15 14:09:00,312.64,312.64,312.62,312.62,-0.01,58.06,18177.21,-1
2026-07-15,2026-07-15 14:10:00,312.62,312.62,312.61,312.61,-0.0,58.06,18177.21,-1
2026-07-15,2026-07-15 14:11:00,312.61,312.61,312.6,312.6,-0.0,58.06,18177.21,-1
2026-07-15,2026-07-15 14:12:00,312.6,312.6,312.59,312.59,-0.0,58.06,18177.21,-1
2026-07-15,2026-07-15 14:13:00,312.59,312.59,312.57,312.57,-0.01,58.06,18177.21,-1
2026-07-15,2026-07-15 14:14:00,312.57,312.57,312.56,312.56,-0.0,58.06,18177.21,-1
2026-07-15,2026-07-15 14:15:00,312.56,312.56,312.55,312.55,-0.0,58.06,18177.21,-1
2026-07-15,2026-07-15 14:16:00,312.55,312.55,312.54,312.54,-0.0,58.06,18177.21,-1
2026-07-15,2026-07-15 14:17:00,312.54,312.54,312.52,312.52,-0.01,58.06,18177.21,-1
2026-07-15,2026-07-15 14:18:00,312.52,312.52,312.51,312.51,-0.0,58.06,18177.21,-1
2026-07-15,2026-07-15 14:19:00,312.51,312.51,312.5,312.5,-0.0,58.06,18177.21,-1
2026-07-15,2026-07-15 14:20:00,312.5,312.5,312.49,312.49,-0.0,58.06,18177.21,-1
2026-07-15,2026-07-15 14:21:00,312.49,312.49,312.48,312.48,-0.0,58.06,18177.21,-1
2026-07-15,2026-07-15 14:22:00,312.48,312.48,312.46,312.46,-0.01,58.06,18177.21,-1
2026-07-15,2026-07-15 14:23:00,312.46,312.46,312.45,312.45,-0.0,58.06,18177.21,-1
2026-07-15,2026-07-15 14:24:00,312.45,312.45,312.44,312.44,-0.0,58.06,18177.21,-1
2026-07-15,2026-07-15 14:25:00,312.44,312.44,312.43,312.43,-0.0,58.06,18177.21,-1
2026-07-15,2026-07-15 14:26:00,312.43,312.43,312.41,312.41,-0.01,58.06,18177.21,-1
2026-07-15,2026-07-15 14:27:00,312.41,312.41,312.4,312.4,-0.0,58.06,18177.21,-1
2026-07-15,2026-07-15 14:28:00,312.4,312.4,312.39,312.39,-0.0,58.06,18177.21,-1
2026-07-15,2026-07-15 14:29:00,312.39,312.39,312.38,312.38,-0.0,58.06,18177.21,-1
2026-07-15,2026-07-15 14:30:00,312.38,312.38,312.36,312.36,-0.01,58.06,18177.21,-1
2026-07-15,2026-07-15 14:31:00,312.36,312.36,312.35,312.35,-0.0,58.06,18177.21,-1
2026-07-15,2026-07-15 14:32:00,312.35,312.35,312.34,312.34,-0.0,58.06,18177.21,-1
2026-07-15,2026-07-15 14:33:00,312.34,312.34,312.32,312.32,-0.01,58.06,18177.21,-1
2026-07-15,2026-07-15 14:34:00,312.32,312.32,312.31,312.31,-0.0,58.06,18177.21,-1
2026-07-15,2026-07-15 14:35:00,312.31,312.31,312.3,312.3,-0.0,58.06,18177.21,-1
2026-07-15,2026-07-15 14:36:00,312.3,312.3,312.29,312.29,-0.0,58.06,18177.21,-1
2026-07-15,2026-07-15 14:37:00,312.29,312.29,312.27,312.27,-0.01,58.06,18177.21,-1
2026-07-15,2026-07-15 14:38:00,312.27,312.27,312.26,312.26,-0.0,58.06,18177.21,-1
2026-07-15,2026-07-15 14:39:00,312.26,312.26,312.25,312.25,-0.0,58.06,18177.21,-1
2026-07-15,2026-07-15 14:40:00,312.25,312.25,312.24,312.24,-0.0,58.06,18177.21,-1
2026-07-15,2026-07-15 14:41:00,312.24,312.24,312.23,312.23,-0.0,58.06,18177.21,-1
2026-07-15,2026-07-15 14:42:00,312.23,312.23,312.21,312.21,-0.01,58.06,18177.21,-1
2026-07-15,2026-07-15 14:43:00,312.21,312.21,312.2,312.2,-0.0,58.06,18177.21,-1
2026-07-15,2026-07-15 14:44:00,312.2,312.2,312.19,312.19,-0.0,58.06,18177.21,-1
2026-07-15,2026-07-15 14:45:00,312.19,312.19,312.18,312.18,-0.0,58.06,18177.21,-1
2026-07-15,2026-07-15 14:46:00,312.18,312.18,312.16,312.16,-0.01,58.06,18177.21,-1
2026-07-15,2026-07-15 14:47:00,312.16,312.16,312.15,312.15,-0.0,58.06,18177.21,-1
2026-07-15,2026-07-15 14:48:00,312.15,312.15,312.14,312.14,-0.0,58.06,18177.21,-1
2026-07-15,2026-07-15 14:49:00,312.14,312.14,312.12,312.12,-0.01,58.06,18177.21,-1
2026-07-15,2026-07-15 14:50:00,312.12,312.12,312.11,312.11,-0.0,58.06,18177.21,-1
2026-07-15,2026-07-15 14:51:00,312.11,312.11,312.1,312.1,-0.0,58.06,18177.21,-1
2026-07-15,2026-07-15 14:52:00,312.1,312.1,312.09,312.09,-0.0,58.06,18177.21,-1
2026-07-15,2026-07-15 14:53:00,312.09,312.09,312.07,312.07,-0.01,58.06,18177.21,-1
2026-07-15,2026-07-15 14:54:00,312.07,312.07,312.06,312.06,-0.0,58.06,18177.21,-1
2026-07-15,2026-07-15 14:55:00,312.06,312.06,312.05,312.05,-0.0,58.06,18177.21,-1
2026-07-15,2026-07-15 14:56:00,312.05,312.05,312.04,312.04,-0.0,58.06,18177.21,-1
2026-07-15,2026-07-15 14:57:00,312.04,312.04,312.02,312.02,-0.01,58.06,18177.21,-1
2026-07-15,2026-07-15 14:58:00,312.02,312.02,312.01,312.01,-0.0,58.06,18177.21,-1
2026-07-15,2026-07-15 14:59:00,312.01,312.01,312.0,312.0,-0.0,58.06,18177.21,-1
2026-07-15,2026-07-15 15:00:00,312.0,315.0,310.0,312.0,0.0,58.06,18177.21,0
2026-07-16,2026-07-16 11:00:00,315.0,315.51,312.9,314.97,-0.01,48.46,15073.88,-1
2026-07-16,2026-07-16 11:01:00,314.97,314.97,314.94,314.94,-0.01,48.46,15073.88,-1
2026-07-16,2026-07-16 11:02:00,314.94,314.94,314.91,314.91,-0.01,48.46,15073.88,-1
2026-07-16,2026-07-16 11:03:00,314.91,314.91,314.88,314.88,-0.01,48.46,15073.88,-1
2026-07-16,2026-07-16 11:04:00,314.88,314.88,314.85,314.85,-0.01,48.46,15073.88,-1
2026-07-16,2026-07-16 11:05:00,314.85,314.85,314.82,314.82,-0.01,48.46,15073.88,-1
2026-07-16,2026-07-16 11:06:00,314.82,314.82,314.8,314.8,-0.01,48.46,15073.88,-1
2026-07-16,2026-07-16 11:07:00,314.8,314.8,314.77,314.77,-0.01,48.46,15073.88,-1
2026-07-16,2026-07-16 11:08:00,314.77,314.77,314.74,314.74,-0.01,48.46,15073.88,-1
2026-07-16,2026-07-16 11:09:00,314.74,314.74,314.71,314.71,-0.01,48.46,15073.88,-1
2026-07-16,2026-07-16 11:10:00,314.71,314.71,314.68,314.68,-0.01,48.46,15073.88,-1
2026-07-16,2026-07-16 11:11:00,314.68,314.68,314.65,314.65,-0.01,48.46,15073.88,-1
2026-07-16,2026-07-16 11:12:00,314.65,314.65,314.62,314.62,-0.01,48.46,15073.88,-1
2026-07-16,2026-07-16 11:13:00,314.62,314.62,314.59,314.59,-0.01,48.46,15073.88,-1
2026-07-16,2026-07-16 11:14:00,314.59,314.59,314.56,314.56,-0.01,48.46,15073.88,-1
2026-07-16,2026-07-16 11:15:00,314.56,314.56,314.53,314.53,-0.01,48.46,15073.88,-1
2026-07-16,2026-07-16 11:16:00,314.53,314.53,314.5,314.5,-0.01,48.46,15073.88,-1
2026-07-16,2026-07-16 11:17:00,314.5,314.5,314.48,314.48,-0.01,48.46,15073.88,-1
2026-07-16,2026-07-16 11:18:00,314.48,314.48,314.45,314.45,-0.01,48.46,15073.88,-1
2026-07-16,2026-07-16 11:19:00,314.45,314.45,314.42,314.42,-0.01,48.46,15073.88,-1
2026-07-16,2026-07-16 11:20:00,314.42,314.42,314.39,314.39,-0.01,48.46,15073.88,-1
2026-07-16,2026-07-16 11:21:00,314.39,314.39,314.36,314.36,-0.01,48.46,15073.88,-1
2026-07-16,2026-07-16 11:22:00,314.36,314.36,314.33,314.33,-0.01,48.46,15073.88,-1
2026-07-16,2026-07-16 11:23:00,314.33,314.33,314.3,314.3,-0.01,48.46,15073.88,-1
2026-07-16,2026-07-16 11:24:00,314.3,314.3,314.27,314.27,-0.01,48.46,15073.88,-1
2026-07-16,2026-07-16 11:25:00,314.27,314.27,314.24,314.24,-0.01,48.46,15073.88,-1
2026-07-16,2026-07-16 11:26:00,314.24,314.24,314.21,314.21,-0.01,48.46,15073.88,-1
2026-07-16,2026-07-16 11:27:00,314.21,314.21,314.18,314.18,-0.01,48.46,15073.88,-1
2026-07-16,2026-07-16 11:28:00,314.18,314.18,314.15,314.15,-0.01,48.46,15073.88,-1
2026-07-16,2026-07-16 11:29:00,314.15,314.15,314.12,314.12,-0.01,48.46,15073.88,-1
2026-07-16,2026-07-16 11:30:00,314.12,314.12,314.1,314.1,-0.01,48.46,15073.88,-1
2026-07-16,2026-07-16 11:31:00,314.1,314.1,314.07,314.07,-0.01,48.46,15073.88,-1
2026-07-16,2026-07-16 11:32:00,314.07,314.07,314.04,314.04,-0.01,48.46,15073.88,-1
2026-07-16,2026-07-16 11:33:00,314.04,314.04,314.01,314.01,-0.01,48.46,15073.88,-1
2026-07-16,2026-07-16 11:34:00,314.01,314.01,313.98,313.98,-0.01,48.46,15073.88,-1
2026-07-16,2026-07-16 11:35:00,313.98,313.98,313.95,313.95,-0.01,48.46,15073.88,-1
2026-07-16,2026-07-16 11:36:00,313.95,313.95,313.92,313.92,-0.01,48.46,15073.88,-1
2026-07-16,2026-07-16 11:37:00,313.92,313.92,313.89,313.89,-0.01,48.46,15073.88,-1
2026-07-16,2026-07-16 11:38:00,313.89,313.89,313.86,313.86,-0.01,48.46,15073.88,-1
2026-07-16,2026-07-16 11:39:00,313.86,313.86,313.83,313.83,-0.01,48.46,15073.88,-1
2026-07-16,2026-07-16 11:40:00,313.83,313.83,313.8,313.8,-0.01,48.46,15073.88,-1
2026-07-16,2026-07-16 11:41:00,313.8,313.8,313.77,313.77,-0.01,48.46,15073.88,-1
2026-07-16,2026-07-16 11:42:00,313.77,313.77,313.75,313.75,-0.01,48.46,15073.88,-1
2026-07-16,2026-07-16 11:43:00,313.75,313.75,313.72,313.72,-0.01,48.46,15073.88,-1
2026-07-16,2026-07-16 11:44:00,313.72,313.72,313.69,313.69,-0.01,48.46,15073.88,-1
2026-07-16,2026-07-16 11:45:00,313.69,313.69,313.66,313.66,-0.01,48.46,15073.88,-1
2026-07-16,2026-07-16 11:46:00,313.66,313.66,313.63,313.63,-0.01,48.46,15073.88,-1
2026-07-16,2026-07-16 11:47:00,313.63,313.63,313.6,313.6,-0.01,48.46,15073.88,-1
2026-07-16,2026-07-16 11:48:00,313.6,313.6,313.57,313.57,-0.01,48.46,15073.88,-1
2026-07-16,2026-07-16 11:49:00,313.57,313.57,313.54,313.54,-0.01,48.46,15073.88,-1
2026-07-16,2026-07-16 11:50:00,313.54,313.54,313.51,313.51,-0.01,48.46,15073.88,-1
2026-07-16,2026-07-16 11:51:00,313.51,313.51,313.48,313.48,-0.01,48.46,15073.88,-1
2026-07-16,2026-07-16 11:52:00,313.48,313.48,313.45,313.45,-0.01,48.46,15073.88,-1
2026-07-16,2026-07-16 11:53:00,313.45,313.45,313.43,313.43,-0.01,48.46,15073.88,-1
2026-07-16,2026-07-16 11:54:00,313.43,313.43,313.4,313.4,-0.01,48.46,15073.88,-1
2026-07-16,2026-07-16 11:55:00,313.4,313.4,313.37,313.37,-0.01,48.46,15073.88,-1
2026-07-16,2026-07-16 11:56:00,313.37,313.37,313.34,313.34,-0.01,48.46,15073.88,-1
2026-07-16,2026-07-16 11:57:00,313.34,313.34,313.31,313.31,-0.01,48.46,15073.88,-1
2026-07-16,2026-07-16 11:58:00,313.31,313.31,313.28,313.28,-0.01,48.46,15073.88,-1
2026-07-16,2026-07-16 11:59:00,313.28,313.28,313.25,313.25,-0.01,48.46,15073.88,-1
2026-07-16,2026-07-16 12:00:00,313.25,313.25,313.22,313.22,-0.01,48.46,15073.88,-1
2026-07-16,2026-07-16 12:01:00,313.22,313.22,313.19,313.19,-0.01,48.46,15073.88,-1
2026-07-16,2026-07-16 12:02:00,313.19,313.19,313.16,313.16,-0.01,48.46,15073.88,-1
2026-07-16,2026-07-16 12:03:00,313.16,313.16,313.13,313.13,-0.01,48.46,15073.88,-1
2026-07-16,2026-07-16 12:04:00,313.13,313.13,313.1,313.1,-0.01,48.46,15073.88,-1
2026-07-16,2026-07-16 12:05:00,313.1,313.1,313.07,313.07,-0.01,48.46,15073.88,-1
2026-07-16,2026-07-16 12:06:00,313.07,313.07,313.05,313.05,-0.01,48.46,15073.88,-1
2026-07-16,2026-07-16 12:07:00,313.05,313.05,313.02,313.02,-0.01,48.46,15073.88,-1
2026-07-16,2026-07-16 12:08:00,313.02,313.02,312.99,312.99,-0.01,48.46,15073.88,-1
2026-07-16,2026-07-16 12:09:00,312.99,312.99,312.96,312.96,-0.01,48.46,15073.88,-1
2026-07-16,2026-07-16 12:10:00,312.96,312.96,312.93,312.93,-0.01,48.46,15073.88,-1
2026-07-16,2026-07-16 12:11:00,312.93,312.93,312.9,312.9,-0.01,48.46,15073.88,-1
2026-07-16,2026-07-16 12:12:00,312.9,312.9,312.87,312.87,-0.01,48.46,15073.88,-1
2026-07-16,2026-07-16 12:13:00,312.87,312.87,312.84,312.84,-0.01,48.46,15073.88,-1
2026-07-16,2026-07-16 12:14:00,312.84,312.84,312.81,312.81,-0.01,48.46,15073.88,-1
2026-07-16,2026-07-16 12:15:00,312.81,312.81,312.78,312.78,-0.01,48.46,15073.88,-1
2026-07-16,2026-07-16 12:16:00,312.78,312.78,312.75,312.75,-0.01,48.46,15073.88,-1
2026-07-16,2026-07-16 12:17:00,312.75,312.75,312.73,312.73,-0.01,48.46,15073.88,-1
2026-07-16,2026-07-16 12:18:00,312.73,312.73,312.7,312.7,-0.01,48.46,15073.88,-1
2026-07-16,2026-07-16 12:19:00,312.7,312.7,312.67,312.67,-0.01,48.46,15073.88,-1
2026-07-16,2026-07-16 12:20:00,312.67,312.67,312.64,312.64,-0.01,48.46,15073.88,-1
2026-07-16,2026-07-16 12:21:00,312.64,312.64,312.61,312.61,-0.01,48.46,15073.88,-1
2026-07-16,2026-07-16 12:22:00,312.61,312.61,312.58,312.58,-0.01,48.46,15073.88,-1
2026-07-16,2026-07-16 12:23:00,312.58,312.58,312.55,312.55,-0.01,48.46,15073.88,-1
2026-07-16,2026-07-16 12:24:00,312.55,312.55,312.52,312.52,-0.01,48.46,15073.88,-1
2026-07-16,2026-07-16 12:25:00,312.52,312.52,312.49,312.49,-0.01,48.46,15073.88,-1
2026-07-16,2026-07-16 12:26:00,312.49,312.49,312.46,312.46,-0.01,48.46,15073.88,-1
2026-07-16,2026-07-16 12:27:00,312.46,312.46,312.43,312.43,-0.01,48.46,15073.88,-1
2026-07-16,2026-07-16 12:28:00,312.43,312.43,312.4,312.4,-0.01,48.46,15073.88,-1
2026-07-16,2026-07-16 12:29:00,312.4,312.4,312.38,312.38,-0.01,48.46,15073.88,-1
2026-07-16,2026-07-16 12:30:00,312.38,312.38,312.35,312.35,-0.01,48.46,15073.88,-1
2026-07-16,2026-07-16 12:31:00,312.35,312.35,312.32,312.32,-0.01,48.46,15073.88,-1
2026-07-16,2026-07-16 12:32:00,312.32,312.32,312.29,312.29,-0.01,48.46,15073.88,-1
2026-07-16,2026-07-16 12:33:00,312.29,312.29,312.26,312.26,-0.01,48.46,15073.88,-1
2026-07-16,2026-07-16 12:34:00,312.26,312.26,312.23,312.23,-0.01,48.46,15073.88,-1
2026-07-16,2026-07-16 12:35:00,312.23,312.23,312.2,312.2,-0.01,48.46,15073.88,-1
2026-07-16,2026-07-16 12:36:00,312.2,312.2,312.17,312.17,-0.01,48.46,15073.88,-1
2026-07-16,2026-07-16 12:37:00,312.17,312.17,312.14,312.14,-0.01,48.46,15073.88,-1
2026-07-16,2026-07-16 12:38:00,312.14,312.14,312.11,312.11,-0.01,48.46,15073.88,-1
2026-07-16,2026-07-16 12:39:00,312.11,312.11,312.08,312.08,-0.01,48.46,15073.88,-1
2026-07-16,2026-07-16 12:40:00,312.08,312.08,312.05,312.05,-0.01,48.46,15073.88,-1
2026-07-16,2026-07-16 12:41:00,312.05,312.05,312.02,312.02,-0.01,48.46,15073.88,-1
2026-07-16,2026-07-16 12:42:00,312.02,312.02,312.0,312.0,-0.01,48.46,15073.88,-1
2026-07-16,2026-07-16 12:43:00,312.0,312.0,311.97,311.97,-0.01,48.46,15073.88,-1
2026-07-16,2026-07-16 12:44:00,311.97,311.97,311.94,311.94,-0.01,48.46,15073.88,-1
2026-07-16,2026-07-16 12:45:00,311.94,311.94,311.91,311.91,-0.01,48.46,15073.88,-1
2026-07-16,2026-07-16 12:46:00,311.91,311.91,311.88,311.88,-0.01,48.46,15073.88,-1
2026-07-16,2026-07-16 12:47:00,311.88,311.88,311.85,311.85,-0.01,48.46,15073.88,-1
2026-07-16,2026-07-16 12:48:00,311.85,311.85,311.82,311.82,-0.01,48.46,15073.88,-1
2026-07-16,2026-07-16 12:49:00,311.82,311.82,311.79,311.79,-0.01,48.46,15073.88,-1
2026-07-16,2026-07-16 12:50:00,311.79,311.79,311.76,311.76,-0.01,48.46,15073.88,-1
2026-07-16,2026-07-16 12:51:00,311.76,311.76,311.73,311.73,-0.01,48.46,15073.88,-1
2026-07-16,2026-07-16 12:52:00,311.73,311.73,311.7,311.7,-0.01,48.46,15073.88,-1
2026-07-16,2026-07-16 12:53:00,311.7,311.7,311.68,311.68,-0.01,48.46,15073.88,-1
2026-07-16,2026-07-16 12:54:00,311.68,311.68,311.65,311.65,-0.01,48.46,15073.88,-1
2026-07-16,2026-07-16 12:55:00,311.65,311.65,311.62,311.62,-0.01,48.46,15073.88,-1
2026-07-16,2026-07-16 12:56:00,311.62,311.62,311.59,311.59,-0.01,48.46,15073.88,-1
2026-07-16,2026-07-16 12:57:00,311.59,311.59,311.56,311.56,-0.01,48.46,15073.88,-1
2026-07-16,2026-07-16 12:58:00,311.56,311.56,311.53,311.53,-0.01,48.46,15073.88,-1
2026-07-16,2026-07-16 12:59:00,311.53,311.53,311.5,311.5,-0.01,48.46,15073.88,-1
2026-07-16,2026-07-16 13:00:00,311.5,316.7,308.0,311.47,-0.01,48.46,15073.88,-1
2026-07-16,2026-07-16 13:01:00,311.47,311.47,311.44,311.44,-0.01,48.46,15073.88,-1
2026-07-16,2026-07-16 13:02:00,311.44,311.44,311.41,311.41,-0.01,48.46,15073.88,-1
2026-07-16,2026-07-16 13:03:00,311.41,311.41,311.38,311.38,-0.01,48.46,15073.88,-1
2026-07-16,2026-07-16 13:04:00,311.38,311.38,311.35,311.35,-0.01,48.46,15073.88,-1
2026-07-16,2026-07-16 13:05:00,311.35,311.35,311.32,311.32,-0.01,48.46,15073.88,-1
2026-07-16,2026-07-16 13:06:00,311.32,311.32,311.3,311.3,-0.01,48.46,15073.88,-1
2026-07-16,2026-07-16 13:07:00,311.3,311.3,311.27,311.27,-0.01,48.46,15073.88,-1
2026-07-16,2026-07-16 13:08:00,311.27,311.27,311.24,311.24,-0.01,48.46,15073.88,-1
2026-07-16,2026-07-16 13:09:00,311.24,311.24,311.21,311.21,-0.01,48.46,15073.88,-1
2026-07-16,2026-07-16 13:10:00,311.21,311.21,311.18,311.18,-0.01,48.46,15073.88,-1
2026-07-16,2026-07-16 13:11:00,311.18,311.18,311.15,311.15,-0.01,48.46,15073.88,-1
2026-07-16,2026-07-16 13:12:00,311.15,311.15,311.12,311.12,-0.01,48.46,15073.88,-1
2026-07-16,2026-07-16 13:13:00,311.12,311.12,311.09,311.09,-0.01,48.46,15073.88,-1
2026-07-16,2026-07-16 13:14:00,311.09,311.09,311.06,311.06,-0.01,48.46,15073.88,-1
2026-07-16,2026-07-16 13:15:00,311.06,311.06,311.03,311.03,-0.01,48.46,15073.88,-1
2026-07-16,2026-07-16 13:16:00,311.03,311.03,311.0,311.0,-0.01,48.46,15073.88,-1
2026-07-16,2026-07-16 13:17:00,311.0,311.0,310.98,310.98,-0.01,48.46,15073.88,-1
2026-07-16,2026-07-16 13:18:00,310.98,310.98,310.95,310.95,-0.01,48.46,15073.88,-1
2026-07-16,2026-07-16 13:19:00,310.95,310.95,310.92,310.92,-0.01,48.46,15073.88,-1
2026-07-16,2026-07-16 13:20:00,310.92,310.92,310.89,310.89,-0.01,48.46,15073.88,-1
2026-07-16,2026-07-16 13:21:00,310.89,310.89,310.86,310.86,-0.01,48.46,15073.88,-1
2026-07-16,2026-07-16 13:22:00,310.86,310.86,310.83,310.83,-0.01,48.46,15073.88,-1
2026-07-16,2026-07-16 13:23:00,310.83,310.83,310.8,310.8,-0.01,48.46,15073.88,-1
2026-07-16,2026-07-16 13:24:00,310.8,310.8,310.77,310.77,-0.01,48.46,15073.88,-1
2026-07-16,2026-07-16 13:25:00,310.77,310.77,310.74,310.74,-0.01,48.46,15073.88,-1
2026-07-16,2026-07-16 13:26:00,310.74,310.74,310.71,310.71,-0.01,48.46,15073.88,-1
2026-07-16,2026-07-16 13:27:00,310.71,310.71,310.68,310.68,-0.01,48.46,15073.88,-1
2026-07-16,2026-07-16 13:28:00,310.68,310.68,310.65,310.65,-0.01,48.46,15073.88,-1
2026-07-16,2026-07-16 13:29:00,310.65,310.65,310.62,310.62,-0.01,48.46,15073.88,-1
2026-07-16,2026-07-16 13:30:00,310.62,310.62,310.6,310.6,-0.01,48.46,15073.88,-1
2026-07-16,2026-07-16 13:31:00,310.6,310.6,310.57,310.57,-0.01,48.46,15073.88,-1
2026-07-16,2026-07-16 13:32:00,310.57,310.57,310.54,310.54,-0.01,48.46,15073.88,-1
2026-07-16,2026-07-16 13:33:00,310.54,310.54,310.51,310.51,-0.01,48.46,15073.88,-1
2026-07-16,2026-07-16 13:34:00,310.51,310.51,310.48,310.48,-0.01,48.46,15073.88,-1
2026-07-16,2026-07-16 13:35:00,310.48,310.48,310.45,310.45,-0.01,48.46,15073.88,-1
2026-07-16,2026-07-16 13:36:00,310.45,310.45,310.42,310.42,-0.01,48.46,15073.88,-1
2026-07-16,2026-07-16 13:37:00,310.42,310.42,310.39,310.39,-0.01,48.46,15073.88,-1
2026-07-16,2026-07-16 13:38:00,310.39,310.39,310.36,310.36,-0.01,48.46,15073.88,-1
2026-07-16,2026-07-16 13:39:00,310.36,310.36,310.33,310.33,-0.01,48.46,15073.88,-1
2026-07-16,2026-07-16 13:40:00,310.33,310.33,310.3,310.3,-0.01,48.46,15073.88,-1
2026-07-16,2026-07-16 13:41:00,310.3,310.3,310.27,310.27,-0.01,48.46,15073.88,-1
2026-07-16,2026-07-16 13:42:00,310.27,310.27,310.25,310.25,-0.01,48.46,15073.88,-1
2026-07-16,2026-07-16 13:43:00,310.25,310.25,310.22,310.22,-0.01,48.46,15073.88,-1
2026-07-16,2026-07-16 13:44:00,310.22,310.22,310.19,310.19,-0.01,48.46,15073.88,-1
2026-07-16,2026-07-16 13:45:00,310.19,310.19,310.16,310.16,-0.01,48.46,15073.88,-1
2026-07-16,2026-07-16 13:46:00,310.16,310.16,310.13,310.13,-0.01,48.46,15073.88,-1
2026-07-16,2026-07-16 13:47:00,310.13,310.13,310.1,310.1,-0.01,48.46,15073.88,-1
2026-07-16,2026-07-16 13:48:00,310.1,310.1,310.07,310.07,-0.01,48.46,15073.88,-1
2026-07-16,2026-07-16 13:49:00,310.07,310.07,310.04,310.04,-0.01,48.46,15073.88,-1
2026-07-16,2026-07-16 13:50:00,310.04,310.04,310.01,310.01,-0.01,48.46,15073.88,-1
2026-07-16,2026-07-16 13:51:00,310.01,310.01,309.98,309.98,-0.01,48.46,15073.88,-1
2026-07-16,2026-07-16 13:52:00,309.98,309.98,309.95,309.95,-0.01,48.46,15073.88,-1
2026-07-16,2026-07-16 13:53:00,309.95,309.95,309.93,309.93,-0.01,48.46,15073.88,-1
2026-07-16,2026-07-16 13:54:00,309.93,309.93,309.9,309.9,-0.01,48.46,15073.88,-1
2026-07-16,2026-07-16 13:55:00,309.9,309.9,309.87,309.87,-0.01,48.46,15073.88,-1
2026-07-16,2026-07-16 13:56:00,309.87,309.87,309.84,309.84,-0.01,48.46,15073.88,-1
2026-07-16,2026-07-16 13:57:00,309.84,309.84,309.81,309.81,-0.01,48.46,15073.88,-1
2026-07-16,2026-07-16 13:58:00,309.81,309.81,309.78,309.78,-0.01,48.46,15073.88,-1
2026-07-16,2026-07-16 13:59:00,309.78,309.78,309.75,309.75,-0.01,48.46,15073.88,-1
2026-07-16,2026-07-16 14:00:00,309.75,309.75,309.72,309.72,-0.01,48.46,15073.88,-1
2026-07-16,2026-07-16 14:01:00,309.72,309.72,309.69,309.69,-0.01,48.46,15073.88,-1
2026-07-16,2026-07-16 14:02:00,309.69,309.69,309.66,309.66,-0.01,48.46,15073.88,-1
2026-07-16,2026-07-16 14:03:00,309.66,309.66,309.63,309.63,-0.01,48.46,15073.88,-1
2026-07-16,2026-07-16 14:04:00,309.63,309.63,309.6,309.6,-0.01,48.46,15073.88,-1
2026-07-16,2026-07-16 14:05:00,309.6,309.6,309.57,309.57,-0.01,48.46,15073.88,-1
2026-07-16,2026-07-16 14:06:00,309.57,309.57,309.55,309.55,-0.01,48.46,15073.88,-1
2026-07-16,2026-07-16 14:07:00,309.55,309.55,309.52,309.52,-0.01,48.46,15073.88,-1
2026-07-16,2026-07-16 14:08:00,309.52,309.52,309.49,309.49,-0.01,48.46,15073.88,-1
2026-07-16,2026-07-16 14:09:00,309.49,309.49,309.46,309.46,-0.01,48.46,15073.88,-1
2026-07-16,2026-07-16 14:10:00,309.46,309.46,309.43,309.43,-0.01,48.46,15073.88,-1
2026-07-16,2026-07-16 14:11:00,309.43,309.43,309.4,309.4,-0.01,48.46,15073.88,-1
2026-07-16,2026-07-16 14:12:00,309.4,309.4,309.37,309.37,-0.01,48.46,15073.88,-1
2026-07-16,2026-07-16 14:13:00,309.37,309.37,309.34,309.34,-0.01,48.46,15073.88,-1
2026-07-16,2026-07-16 14:14:00,309.34,309.34,309.31,309.31,-0.01,48.46,15073.88,-1
2026-07-16,2026-07-16 14:15:00,309.31,309.31,309.28,309.28,-0.01,48.46,15073.88,-1
2026-07-16,2026-07-16 14:16:00,309.28,309.28,309.25,309.25,-0.01,48.46,15073.88,-1
2026-07-16,2026-07-16 14:17:00,309.25,309.25,309.23,309.23,-0.01,48.46,15073.88,-1
2026-07-16,2026-07-16 14:18:00,309.23,309.23,309.2,309.2,-0.01,48.46,15073.88,-1
2026-07-16,2026-07-16 14:19:00,309.2,309.2,309.17,309.17,-0.01,48.46,15073.88,-1
2026-07-16,2026-07-16 14:20:00,309.17,309.17,309.14,309.14,-0.01,48.46,15073.88,-1
2026-07-16,2026-07-16 14:21:00,309.14,309.14,309.11,309.11,-0.01,48.46,15073.88,-1
2026-07-16,2026-07-16 14:22:00,309.11,309.11,309.08,309.08,-0.01,48.46,15073.88,-1
2026-07-16,2026-07-16 14:23:00,309.08,309.08,309.05,309.05,-0.01,48.46,15073.88,-1
2026-07-16,2026-07-16 14:24:00,309.05,309.05,309.02,309.02,-0.01,48.46,15073.88,-1
2026-07-16,2026-07-16 14:25:00,309.02,309.02,308.99,308.99,-0.01,48.46,15073.88,-1
2026-07-16,2026-07-16 14:26:00,308.99,308.99,308.96,308.96,-0.01,48.46,15073.88,-1
2026-07-16,2026-07-16 14:27:00,308.96,308.96,308.93,308.93,-0.01,48.46,15073.88,-1
2026-07-16,2026-07-16 14:28:00,308.93,308.93,308.9,308.9,-0.01,48.46,15073.88,-1
2026-07-16,2026-07-16 14:29:00,308.9,308.9,308.88,308.88,-0.01,48.46,15073.88,-1
2026-07-16,2026-07-16 14:30:00,308.88,308.88,308.85,308.85,-0.01,48.46,15073.88,-1
2026-07-16,2026-07-16 14:31:00,308.85,308.85,308.82,308.82,-0.01,48.46,15073.88,-1
2026-07-16,2026-07-16 14:32:00,308.82,308.82,308.79,308.79,-0.01,48.46,15073.88,-1
2026-07-16,2026-07-16 14:33:00,308.79,308.79,308.76,308.76,-0.01,48.46,15073.88,-1
2026-07-16,2026-07-16 14:34:00,308.76,308.76,308.73,308.73,-0.01,48.46,15073.88,-1
2026-07-16,2026-07-16 14:35:00,308.73,308.73,308.7,308.7,-0.01,48.46,15073.88,-1
2026-07-16,2026-07-16 14:36:00,308.7,308.7,308.67,308.67,-0.01,48.46,15073.88,-1
2026-07-16,2026-07-16 14:37:00,308.67,308.67,308.64,308.64,-0.01,48.46,15073.88,-1
2026-07-16,2026-07-16 14:38:00,308.64,308.64,308.61,308.61,-0.01,48.46,15073.88,-1
2026-07-16,2026-07-16 14:39:00,308.61,308.61,308.58,308.58,-0.01,48.46,15073.88,-1
2026-07-16,2026-07-16 14:40:00,308.58,308.58,308.55,308.55,-0.01,48.46,15073.88,-1
2026-07-16,2026-07-16 14:41:00,308.55,308.55,308.52,308.52,-0.01,48.46,15073.88,-1
2026-07-16,2026-07-16 14:42:00,308.52,308.52,308.5,308.5,-0.01,48.46,15073.88,-1
2026-07-16,2026-07-16 14:43:00,308.5,308.5,308.47,308.47,-0.01,48.46,15073.88,-1
2026-07-16,2026-07-16 14:44:00,308.47,308.47,308.44,308.44,-0.01,48.46,15073.88,-1
2026-07-16,2026-07-16 14:45:00,308.44,308.44,308.41,308.41,-0.01,48.46,15073.88,-1
2026-07-16,2026-07-16 14:46:00,308.41,308.41,308.38,308.38,-0.01,48.46,15073.88,-1
2026-07-16,2026-07-16 14:47:00,308.38,308.38,308.35,308.35,-0.01,48.46,15073.88,-1
2026-07-16,2026-07-16 14:48:00,308.35,308.35,308.32,308.32,-0.01,48.46,15073.88,-1
2026-07-16,2026-07-16 14:49:00,308.32,308.32,308.29,308.29,-0.01,48.46,15073.88,-1
2026-07-16,2026-07-16 14:50:00,308.29,308.29,308.26,308.26,-0.01,48.46,15073.88,-1
2026-07-16,2026-07-16 14:51:00,308.26,308.26,308.23,308.23,-0.01,48.46,15073.88,-1
2026-07-16,2026-07-16 14:52:00,308.23,308.23,308.2,308.2,-0.01,48.46,15073.88,-1
2026-07-16,2026-07-16 14:53:00,308.2,308.2,308.18,308.18,-0.01,48.46,15073.88,-1
2026-07-16,2026-07-16 14:54:00,308.18,308.18,308.15,308.15,-0.01,48.46,15073.88,-1
2026-07-16,2026-07-16 14:55:00,308.15,308.15,308.12,308.12,-0.01,48.46,15073.88,-1
2026-07-16,2026-07-16 14:56:00,308.12,308.12,308.09,308.09,-0.01,48.46,15073.88,-1
2026-07-16,2026-07-16 14:57:00,308.09,308.09,308.06,308.06,-0.01,48.46,15073.88,-1
2026-07-16,2026-07-16 14:58:00,308.06,308.06,308.03,308.03,-0.01,48.46,15073.88,-1
2026-07-16,2026-07-16 14:59:00,308.03,308.03,308.0,308.0,-0.01,48.46,15073.88,-1
2026-07-16,2026-07-16 15:00:00,308.0,316.7,308.0,308.0,0.0,48.46,15073.88,0
2026-07-17,2026-07-17 11:00:00,317.0,321.2,316.4,317.05,0.02,173.21,56740.34,1
2026-07-17,2026-07-17 11:01:00,317.05,317.11,317.05,317.11,0.02,173.21,56740.34,1
2026-07-17,2026-07-17 11:02:00,317.11,317.16,317.11,317.16,0.02,173.21,56740.34,1
2026-07-17,2026-07-17 11:03:00,317.16,317.22,317.16,317.22,0.02,173.21,56740.34,1
2026-07-17,2026-07-17 11:04:00,317.22,317.27,317.22,317.27,0.02,173.21,56740.34,1
2026-07-17,2026-07-17 11:05:00,317.27,317.32,317.27,317.32,0.02,173.21,56740.34,1
2026-07-17,2026-07-17 11:06:00,317.32,317.38,317.32,317.38,0.02,173.21,56740.34,1
2026-07-17,2026-07-17 11:07:00,317.38,317.43,317.38,317.43,0.02,173.21,56740.34,1
2026-07-17,2026-07-17 11:08:00,317.43,317.49,317.43,317.49,0.02,173.21,56740.34,1
2026-07-17,2026-07-17 11:09:00,317.49,317.54,317.49,317.54,0.02,173.21,56740.34,1
2026-07-17,2026-07-17 11:10:00,317.54,317.6,317.54,317.6,0.02,173.21,56740.34,1
2026-07-17,2026-07-17 11:11:00,317.6,317.65,317.6,317.65,0.02,173.21,56740.34,1
2026-07-17,2026-07-17 11:12:00,317.65,317.7,317.65,317.7,0.02,173.21,56740.34,1
2026-07-17,2026-07-17 11:13:00,317.7,317.76,317.7,317.76,0.02,173.21,56740.34,1
2026-07-17,2026-07-17 11:14:00,317.76,317.81,317.76,317.81,0.02,173.21,56740.34,1
2026-07-17,2026-07-17 11:15:00,317.81,317.87,317.81,317.87,0.02,173.21,56740.34,1
2026-07-17,2026-07-17 11:16:00,317.87,317.92,317.87,317.92,0.02,173.21,56740.34,1
2026-07-17,2026-07-17 11:17:00,317.92,317.98,317.92,317.98,0.02,173.21,56740.34,1
2026-07-17,2026-07-17 11:18:00,317.98,318.03,317.98,318.03,0.02,173.21,56740.34,1
2026-07-17,2026-07-17 11:19:00,318.03,318.08,318.03,318.08,0.02,173.21,56740.34,1
2026-07-17,2026-07-17 11:20:00,318.08,318.14,318.08,318.14,0.02,173.21,56740.34,1
2026-07-17,2026-07-17 11:21:00,318.14,318.19,318.14,318.19,0.02,173.21,56740.34,1
2026-07-17,2026-07-17 11:22:00,318.19,318.25,318.19,318.25,0.02,173.21,56740.34,1
2026-07-17,2026-07-17 11:23:00,318.25,318.3,318.25,318.3,0.02,173.21,56740.34,1
2026-07-17,2026-07-17 11:24:00,318.3,318.35,318.3,318.35,0.02,173.21,56740.34,1
2026-07-17,2026-07-17 11:25:00,318.35,318.41,318.35,318.41,0.02,173.21,56740.34,1
2026-07-17,2026-07-17 11:26:00,318.41,318.46,318.41,318.46,0.02,173.21,56740.34,1
2026-07-17,2026-07-17 11:27:00,318.46,318.52,318.46,318.52,0.02,173.21,56740.34,1
2026-07-17,2026-07-17 11:28:00,318.52,318.57,318.52,318.57,0.02,173.21,56740.34,1
2026-07-17,2026-07-17 11:29:00,318.57,318.62,318.57,318.62,0.02,173.21,56740.34,1
2026-07-17,2026-07-17 11:30:00,318.62,318.68,318.62,318.68,0.02,173.21,56740.34,1
2026-07-17,2026-07-17 11:31:00,318.68,318.73,318.68,318.73,0.02,173.21,56740.34,1
2026-07-17,2026-07-17 11:32:00,318.73,318.79,318.73,318.79,0.02,173.21,56740.34,1
2026-07-17,2026-07-17 11:33:00,318.79,318.84,318.79,318.84,0.02,173.21,56740.34,1
2026-07-17,2026-07-17 11:34:00,318.84,318.9,318.84,318.9,0.02,173.21,56740.34,1
2026-07-17,2026-07-17 11:35:00,318.9,318.95,318.9,318.95,0.02,173.21,56740.34,1
2026-07-17,2026-07-17 11:36:00,318.95,319.0,318.95,319.0,0.02,173.21,56740.34,1
2026-07-17,2026-07-17 11:37:00,319.0,319.06,319.0,319.06,0.02,173.21,56740.34,1
2026-07-17,2026-07-17 11:38:00,319.06,319.11,319.06,319.11,0.02,173.21,56740.34,1
2026-07-17,2026-07-17 11:39:00,319.11,319.17,319.11,319.17,0.02,173.21,56740.34,1
2026-07-17,2026-07-17 11:40:00,319.17,319.22,319.17,319.22,0.02,173.21,56740.34,1
2026-07-17,2026-07-17 11:41:00,319.22,319.27,319.22,319.27,0.02,173.21,56740.34,1
2026-07-17,2026-07-17 11:42:00,319.27,319.33,319.27,319.33,0.02,173.21,56740.34,1
2026-07-17,2026-07-17 11:43:00,319.33,319.38,319.33,319.38,0.02,173.21,56740.34,1
2026-07-17,2026-07-17 11:44:00,319.38,319.44,319.38,319.44,0.02,173.21,56740.34,1
2026-07-17,2026-07-17 11:45:00,319.44,319.49,319.44,319.49,0.02,173.21,56740.34,1
2026-07-17,2026-07-17 11:46:00,319.49,319.55,319.49,319.55,0.02,173.21,56740.34,1
2026-07-17,2026-07-17 11:47:00,319.55,319.6,319.55,319.6,0.02,173.21,56740.34,1
2026-07-17,2026-07-17 11:48:00,319.6,319.65,319.6,319.65,0.02,173.21,56740.34,1
2026-07-17,2026-07-17 11:49:00,319.65,319.71,319.65,319.71,0.02,173.21,56740.34,1
2026-07-17,2026-07-17 11:50:00,319.71,319.76,319.71,319.76,0.02,173.21,56740.34,1
2026-07-17,2026-07-17 11:51:00,319.76,319.82,319.76,319.82,0.02,173.21,56740.34,1
2026-07-17,2026-07-17 11:52:00,319.82,319.87,319.82,319.87,0.02,173.21,56740.34,1
2026-07-17,2026-07-17 11:53:00,319.87,319.93,319.87,319.93,0.02,173.21,56740.34,1
2026-07-17,2026-07-17 11:54:00,319.93,319.98,319.93,319.98,0.02,173.21,56740.34,1
2026-07-17,2026-07-17 11:55:00,319.98,320.03,319.98,320.03,0.02,173.21,56740.34,1
2026-07-17,2026-07-17 11:56:00,320.03,320.09,320.03,320.09,0.02,173.21,56740.34,1
2026-07-17,2026-07-17 11:57:00,320.09,320.14,320.09,320.14,0.02,173.21,56740.34,1
2026-07-17,2026-07-17 11:58:00,320.14,320.2,320.14,320.2,0.02,173.21,56740.34,1
2026-07-17,2026-07-17 11:59:00,320.2,320.25,320.2,320.25,0.02,173.21,56740.34,1
2026-07-17,2026-07-17 12:00:00,320.25,320.3,320.25,320.3,0.02,173.21,56740.34,1
2026-07-17,2026-07-17 12:01:00,320.3,320.36,320.3,320.36,0.02,173.21,56740.34,1
2026-07-17,2026-07-17 12:02:00,320.36,320.41,320.36,320.41,0.02,173.21,56740.34,1
2026-07-17,2026-07-17 12:03:00,320.41,320.47,320.41,320.47,0.02,173.21,56740.34,1
2026-07-17,2026-07-17 12:04:00,320.47,320.52,320.47,320.52,0.02,173.21,56740.34,1
2026-07-17,2026-07-17 12:05:00,320.52,320.57,320.52,320.57,0.02,173.21,56740.34,1
2026-07-17,2026-07-17 12:06:00,320.57,320.63,320.57,320.63,0.02,173.21,56740.34,1
2026-07-17,2026-07-17 12:07:00,320.63,320.68,320.63,320.68,0.02,173.21,56740.34,1
2026-07-17,2026-07-17 12:08:00,320.68,320.74,320.68,320.74,0.02,173.21,56740.34,1
2026-07-17,2026-07-17 12:09:00,320.74,320.79,320.74,320.79,0.02,173.21,56740.34,1
2026-07-17,2026-07-17 12:10:00,320.79,320.85,320.79,320.85,0.02,173.21,56740.34,1
2026-07-17,2026-07-17 12:11:00,320.85,320.9,320.85,320.9,0.02,173.21,56740.34,1
2026-07-17,2026-07-17 12:12:00,320.9,320.95,320.9,320.95,0.02,173.21,56740.34,1
2026-07-17,2026-07-17 12:13:00,320.95,321.01,320.95,321.01,0.02,173.21,56740.34,1
2026-07-17,2026-07-17 12:14:00,321.01,321.06,321.01,321.06,0.02,173.21,56740.34,1
2026-07-17,2026-07-17 12:15:00,321.06,321.12,321.06,321.12,0.02,173.21,56740.34,1
2026-07-17,2026-07-17 12:16:00,321.12,321.17,321.12,321.17,0.02,173.21,56740.34,1
2026-07-17,2026-07-17 12:17:00,321.17,321.23,321.17,321.23,0.02,173.21,56740.34,1
2026-07-17,2026-07-17 12:18:00,321.23,321.28,321.23,321.28,0.02,173.21,56740.34,1
2026-07-17,2026-07-17 12:19:00,321.28,321.33,321.28,321.33,0.02,173.21,56740.34,1
2026-07-17,2026-07-17 12:20:00,321.33,321.39,321.33,321.39,0.02,173.21,56740.34,1
2026-07-17,2026-07-17 12:21:00,321.39,321.44,321.39,321.44,0.02,173.21,56740.34,1
2026-07-17,2026-07-17 12:22:00,321.44,321.5,321.44,321.5,0.02,173.21,56740.34,1
2026-07-17,2026-07-17 12:23:00,321.5,321.55,321.5,321.55,0.02,173.21,56740.34,1
2026-07-17,2026-07-17 12:24:00,321.55,321.6,321.55,321.6,0.02,173.21,56740.34,1
2026-07-17,2026-07-17 12:25:00,321.6,321.66,321.6,321.66,0.02,173.21,56740.34,1
2026-07-17,2026-07-17 12:26:00,321.66,321.71,321.66,321.71,0.02,173.21,56740.34,1
2026-07-17,2026-07-17 12:27:00,321.71,321.77,321.71,321.77,0.02,173.21,56740.34,1
2026-07-17,2026-07-17 12:28:00,321.77,321.82,321.77,321.82,0.02,173.21,56740.34,1
2026-07-17,2026-07-17 12:29:00,321.82,321.88,321.82,321.88,0.02,173.21,56740.34,1
2026-07-17,2026-07-17 12:30:00,321.88,321.93,321.88,321.93,0.02,173.21,56740.34,1
2026-07-17,2026-07-17 12:31:00,321.93,321.98,321.93,321.98,0.02,173.21,56740.34,1
2026-07-17,2026-07-17 12:32:00,321.98,322.04,321.98,322.04,0.02,173.21,56740.34,1
2026-07-17,2026-07-17 12:33:00,322.04,322.09,322.04,322.09,0.02,173.21,56740.34,1
2026-07-17,2026-07-17 12:34:00,322.09,322.15,322.09,322.15,0.02,173.21,56740.34,1
2026-07-17,2026-07-17 12:35:00,322.15,322.2,322.15,322.2,0.02,173.21,56740.34,1
2026-07-17,2026-07-17 12:36:00,322.2,322.25,322.2,322.25,0.02,173.21,56740.34,1
2026-07-17,2026-07-17 12:37:00,322.25,322.31,322.25,322.31,0.02,173.21,56740.34,1
2026-07-17,2026-07-17 12:38:00,322.31,322.36,322.31,322.36,0.02,173.21,56740.34,1
2026-07-17,2026-07-17 12:39:00,322.36,322.42,322.36,322.42,0.02,173.21,56740.34,1
2026-07-17,2026-07-17 12:40:00,322.42,322.47,322.42,322.47,0.02,173.21,56740.34,1
2026-07-17,2026-07-17 12:41:00,322.47,322.52,322.47,322.52,0.02,173.21,56740.34,1
2026-07-17,2026-07-17 12:42:00,322.52,322.58,322.52,322.58,0.02,173.21,56740.34,1
2026-07-17,2026-07-17 12:43:00,322.58,322.63,322.58,322.63,0.02,173.21,56740.34,1
2026-07-17,2026-07-17 12:44:00,322.63,322.69,322.63,322.69,0.02,173.21,56740.34,1
2026-07-17,2026-07-17 12:45:00,322.69,322.74,322.69,322.74,0.02,173.21,56740.34,1
2026-07-17,2026-07-17 12:46:00,322.74,322.8,322.74,322.8,0.02,173.21,56740.34,1
2026-07-17,2026-07-17 12:47:00,322.8,322.85,322.8,322.85,0.02,173.21,56740.34,1
2026-07-17,2026-07-17 12:48:00,322.85,322.9,322.85,322.9,0.02,173.21,56740.34,1
2026-07-17,2026-07-17 12:49:00,322.9,322.96,322.9,322.96,0.02,173.21,56740.34,1
2026-07-17,2026-07-17 12:50:00,322.96,323.01,322.96,323.01,0.02,173.21,56740.34,1
2026-07-17,2026-07-17 12:51:00,323.01,323.07,323.01,323.07,0.02,173.21,56740.34,1
2026-07-17,2026-07-17 12:52:00,323.07,323.12,323.07,323.12,0.02,173.21,56740.34,1
2026-07-17,2026-07-17 12:53:00,323.12,323.18,323.12,323.18,0.02,173.21,56740.34,1
2026-07-17,2026-07-17 12:54:00,323.18,323.23,323.18,323.23,0.02,173.21,56740.34,1
2026-07-17,2026-07-17 12:55:00,323.23,323.28,323.23,323.28,0.02,173.21,56740.34,1
2026-07-17,2026-07-17 12:56:00,323.28,323.34,323.28,323.34,0.02,173.21,56740.34,1
2026-07-17,2026-07-17 12:57:00,323.34,323.39,323.34,323.39,0.02,173.21,56740.34,1
2026-07-17,2026-07-17 12:58:00,323.39,323.45,323.39,323.45,0.02,173.21,56740.34,1
2026-07-17,2026-07-17 12:59:00,323.45,323.5,323.45,323.5,0.02,173.21,56740.34,1
2026-07-17,2026-07-17 13:00:00,323.5,331.0,315.0,323.55,0.02,173.21,56740.34,1
2026-07-17,2026-07-17 13:01:00,323.55,323.61,323.55,323.61,0.02,173.21,56740.34,1
2026-07-17,2026-07-17 13:02:00,323.61,323.66,323.61,323.66,0.02,173.21,56740.34,1
2026-07-17,2026-07-17 13:03:00,323.66,323.72,323.66,323.72,0.02,173.21,56740.34,1
2026-07-17,2026-07-17 13:04:00,323.72,323.77,323.72,323.77,0.02,173.21,56740.34,1
2026-07-17,2026-07-17 13:05:00,323.77,323.82,323.77,323.82,0.02,173.21,56740.34,1
2026-07-17,2026-07-17 13:06:00,323.82,323.88,323.82,323.88,0.02,173.21,56740.34,1
2026-07-17,2026-07-17 13:07:00,323.88,323.93,323.88,323.93,0.02,173.21,56740.34,1
2026-07-17,2026-07-17 13:08:00,323.93,323.99,323.93,323.99,0.02,173.21,56740.34,1
2026-07-17,2026-07-17 13:09:00,323.99,324.04,323.99,324.04,0.02,173.21,56740.34,1
2026-07-17,2026-07-17 13:10:00,324.04,324.1,324.04,324.1,0.02,173.21,56740.34,1
2026-07-17,2026-07-17 13:11:00,324.1,324.15,324.1,324.15,0.02,173.21,56740.34,1
2026-07-17,2026-07-17 13:12:00,324.15,324.2,324.15,324.2,0.02,173.21,56740.34,1
2026-07-17,2026-07-17 13:13:00,324.2,324.26,324.2,324.26,0.02,173.21,56740.34,1
2026-07-17,2026-07-17 13:14:00,324.26,324.31,324.26,324.31,0.02,173.21,56740.34,1
2026-07-17,2026-07-17 13:15:00,324.31,324.37,324.31,324.37,0.02,173.21,56740.34,1
2026-07-17,2026-07-17 13:16:00,324.37,324.42,324.37,324.42,0.02,173.21,56740.34,1
2026-07-17,2026-07-17 13:17:00,324.42,324.48,324.42,324.48,0.02,173.21,56740.34,1
2026-07-17,2026-07-17 13:18:00,324.48,324.53,324.48,324.53,0.02,173.21,56740.34,1
2026-07-17,2026-07-17 13:19:00,324.53,324.58,324.53,324.58,0.02,173.21,56740.34,1
2026-07-17,2026-07-17 13:20:00,324.58,324.64,324.58,324.64,0.02,173.21,56740.34,1
2026-07-17,2026-07-17 13:21:00,324.64,324.69,324.64,324.69,0.02,173.21,56740.34,1
2026-07-17,2026-07-17 13:22:00,324.69,324.75,324.69,324.75,0.02,173.21,56740.34,1
2026-07-17,2026-07-17 13:23:00,324.75,324.8,324.75,324.8,0.02,173.21,56740.34,1
2026-07-17,2026-07-17 13:24:00,324.8,324.85,324.8,324.85,0.02,173.21,56740.34,1
2026-07-17,2026-07-17 13:25:00,324.85,324.91,324.85,324.91,0.02,173.21,56740.34,1
2026-07-17,2026-07-17 13:26:00,324.91,324.96,324.91,324.96,0.02,173.21,56740.34,1
2026-07-17,2026-07-17 13:27:00,324.96,325.02,324.96,325.02,0.02,173.21,56740.34,1
2026-07-17,2026-07-17 13:28:00,325.02,325.07,325.02,325.07,0.02,173.21,56740.34,1
2026-07-17,2026-07-17 13:29:00,325.07,325.12,325.07,325.12,0.02,173.21,56740.34,1
2026-07-17,2026-07-17 13:30:00,325.12,325.18,325.12,325.18,0.02,173.21,56740.34,1
2026-07-17,2026-07-17 13:31:00,325.18,325.23,325.18,325.23,0.02,173.21,56740.34,1
2026-07-17,2026-07-17 13:32:00,325.23,325.29,325.23,325.29,0.02,173.21,56740.34,1
2026-07-17,2026-07-17 13:33:00,325.29,325.34,325.29,325.34,0.02,173.21,56740.34,1
2026-07-17,2026-07-17 13:34:00,325.34,325.4,325.34,325.4,0.02,173.21,56740.34,1
2026-07-17,2026-07-17 13:35:00,325.4,325.45,325.4,325.45,0.02,173.21,56740.34,1
2026-07-17,2026-07-17 13:36:00,325.45,325.5,325.45,325.5,0.02,173.21,56740.34,1
2026-07-17,2026-07-17 13:37:00,325.5,325.56,325.5,325.56,0.02,173.21,56740.34,1
2026-07-17,2026-07-17 13:38:00,325.56,325.61,325.56,325.61,0.02,173.21,56740.34,1
2026-07-17,2026-07-17 13:39:00,325.61,325.67,325.61,325.67,0.02,173.21,56740.34,1
2026-07-17,2026-07-17 13:40:00,325.67,325.72,325.67,325.72,0.02,173.21,56740.34,1
2026-07-17,2026-07-17 13:41:00,325.72,325.77,325.72,325.77,0.02,173.21,56740.34,1
2026-07-17,2026-07-17 13:42:00,325.77,325.83,325.77,325.83,0.02,173.21,56740.34,1
2026-07-17,2026-07-17 13:43:00,325.83,325.88,325.83,325.88,0.02,173.21,56740.34,1
2026-07-17,2026-07-17 13:44:00,325.88,325.94,325.88,325.94,0.02,173.21,56740.34,1
2026-07-17,2026-07-17 13:45:00,325.94,325.99,325.94,325.99,0.02,173.21,56740.34,1
2026-07-17,2026-07-17 13:46:00,325.99,326.05,325.99,326.05,0.02,173.21,56740.34,1
2026-07-17,2026-07-17 13:47:00,326.05,326.1,326.05,326.1,0.02,173.21,56740.34,1
2026-07-17,2026-07-17 13:48:00,326.1,326.15,326.1,326.15,0.02,173.21,56740.34,1
2026-07-17,2026-07-17 13:49:00,326.15,326.21,326.15,326.21,0.02,173.21,56740.34,1
2026-07-17,2026-07-17 13:50:00,326.21,326.26,326.21,326.26,0.02,173.21,56740.34,1
2026-07-17,2026-07-17 13:51:00,326.26,326.32,326.26,326.32,0.02,173.21,56740.34,1
2026-07-17,2026-07-17 13:52:00,326.32,326.37,326.32,326.37,0.02,173.21,56740.34,1
2026-07-17,2026-07-17 13:53:00,326.37,326.43,326.37,326.43,0.02,173.21,56740.34,1
2026-07-17,2026-07-17 13:54:00,326.43,326.48,326.43,326.48,0.02,173.21,56740.34,1
2026-07-17,2026-07-17 13:55:00,326.48,326.53,326.48,326.53,0.02,173.21,56740.34,1
2026-07-17,2026-07-17 13:56:00,326.53,326.59,326.53,326.59,0.02,173.21,56740.34,1
2026-07-17,2026-07-17 13:57:00,326.59,326.64,326.59,326.64,0.02,173.21,56740.34,1
2026-07-17,2026-07-17 13:58:00,326.64,326.7,326.64,326.7,0.02,173.21,56740.34,1
2026-07-17,2026-07-17 13:59:00,326.7,326.75,326.7,326.75,0.02,173.21,56740.34,1
2026-07-17,2026-07-17 14:00:00,326.75,326.8,326.75,326.8,0.02,173.21,56740.34,1
2026-07-17,2026-07-17 14:01:00,326.8,326.86,326.8,326.86,0.02,173.21,56740.34,1
2026-07-17,2026-07-17 14:02:00,326.86,326.91,326.86,326.91,0.02,173.21,56740.34,1
2026-07-17,2026-07-17 14:03:00,326.91,326.97,326.91,326.97,0.02,173.21,56740.34,1
2026-07-17,2026-07-17 14:04:00,326.97,327.02,326.97,327.02,0.02,173.21,56740.34,1
2026-07-17,2026-07-17 14:05:00,327.02,327.07,327.02,327.07,0.02,173.21,56740.34,1
2026-07-17,2026-07-17 14:06:00,327.07,327.13,327.07,327.13,0.02,173.21,56740.34,1
2026-07-17,2026-07-17 14:07:00,327.13,327.18,327.13,327.18,0.02,173.21,56740.34,1
2026-07-17,2026-07-17 14:08:00,327.18,327.24,327.18,327.24,0.02,173.21,56740.34,1
2026-07-17,2026-07-17 14:09:00,327.24,327.29,327.24,327.29,0.02,173.21,56740.34,1
2026-07-17,2026-07-17 14:10:00,327.29,327.35,327.29,327.35,0.02,173.21,56740.34,1
2026-07-17,2026-07-17 14:11:00,327.35,327.4,327.35,327.4,0.02,173.21,56740.34,1
2026-07-17,2026-07-17 14:12:00,327.4,327.45,327.4,327.45,0.02,173.21,56740.34,1
2026-07-17,2026-07-17 14:13:00,327.45,327.51,327.45,327.51,0.02,173.21,56740.34,1
2026-07-17,2026-07-17 14:14:00,327.51,327.56,327.51,327.56,0.02,173.21,56740.34,1
2026-07-17,2026-07-17 14:15:00,327.56,327.62,327.56,327.62,0.02,173.21,56740.34,1
2026-07-17,2026-07-17 14:16:00,327.62,327.67,327.62,327.67,0.02,173.21,56740.34,1
2026-07-17,2026-07-17 14:17:00,327.67,327.73,327.67,327.73,0.02,173.21,56740.34,1
2026-07-17,2026-07-17 14:18:00,327.73,327.78,327.73,327.78,0.02,173.21,56740.34,1
2026-07-17,2026-07-17 14:19:00,327.78,327.83,327.78,327.83,0.02,173.21,56740.34,1
2026-07-17,2026-07-17 14:20:00,327.83,327.89,327.83,327.89,0.02,173.21,56740.34,1
2026-07-17,2026-07-17 14:21:00,327.89,327.94,327.89,327.94,0.02,173.21,56740.34,1
2026-07-17,2026-07-17 14:22:00,327.94,328.0,327.94,328.0,0.02,173.21,56740.34,1
2026-07-17,2026-07-17 14:23:00,328.0,328.05,328.0,328.05,0.02,173.21,56740.34,1
2026-07-17,2026-07-17 14:24:00,328.05,328.1,328.05,328.1,0.02,173.21,56740.34,1
2026-07-17,2026-07-17 14:25:00,328.1,328.16,328.1,328.16,0.02,173.21,56740.34,1
2026-07-17,2026-07-17 14:26:00,328.16,328.21,328.16,328.21,0.02,173.21,56740.34,1
2026-07-17,2026-07-17 14:27:00,328.21,328.27,328.21,328.27,0.02,173.21,56740.34,1
2026-07-17,2026-07-17 14:28:00,328.27,328.32,328.27,328.32,0.02,173.21,56740.34,1
2026-07-17,2026-07-17 14:29:00,328.32,328.38,328.32,328.38,0.02,173.21,56740.34,1
2026-07-17,2026-07-17 14:30:00,328.38,328.43,328.38,328.43,0.02,173.21,56740.34,1
2026-07-17,2026-07-17 14:31:00,328.43,328.48,328.43,328.48,0.02,173.21,56740.34,1
2026-07-17,2026-07-17 14:32:00,328.48,328.54,328.48,328.54,0.02,173.21,56740.34,1
2026-07-17,2026-07-17 14:33:00,328.54,328.59,328.54,328.59,0.02,173.21,56740.34,1
2026-07-17,2026-07-17 14:34:00,328.59,328.65,328.59,328.65,0.02,173.21,56740.34,1
2026-07-17,2026-07-17 14:35:00,328.65,328.7,328.65,328.7,0.02,173.21,56740.34,1
2026-07-17,2026-07-17 14:36:00,328.7,328.75,328.7,328.75,0.02,173.21,56740.34,1
2026-07-17,2026-07-17 14:37:00,328.75,328.81,328.75,328.81,0.02,173.21,56740.34,1
2026-07-17,2026-07-17 14:38:00,328.81,328.86,328.81,328.86,0.02,173.21,56740.34,1
2026-07-17,2026-07-17 14:39:00,328.86,328.92,328.86,328.92,0.02,173.21,56740.34,1
2026-07-17,2026-07-17 14:40:00,328.92,328.97,328.92,328.97,0.02,173.21,56740.34,1
2026-07-17,2026-07-17 14:41:00,328.97,329.02,328.97,329.02,0.02,173.21,56740.34,1
2026-07-17,2026-07-17 14:42:00,329.02,329.08,329.02,329.08,0.02,173.21,56740.34,1
2026-07-17,2026-07-17 14:43:00,329.08,329.13,329.08,329.13,0.02,173.21,56740.34,1
2026-07-17,2026-07-17 14:44:00,329.13,329.19,329.13,329.19,0.02,173.21,56740.34,1
2026-07-17,2026-07-17 14:45:00,329.19,329.24,329.19,329.24,0.02,173.21,56740.34,1
2026-07-17,2026-07-17 14:46:00,329.24,329.3,329.24,329.3,0.02,173.21,56740.34,1
2026-07-17,2026-07-17 14:47:00,329.3,329.35,329.3,329.35,0.02,173.21,56740.34,1
2026-07-17,2026-07-17 14:48:00,329.35,329.4,329.35,329.4,0.02,173.21,56740.34,1
2026-07-17,2026-07-17 14:49:00,329.4,329.46,329.4,329.46,0.02,173.21,56740.34,1
2026-07-17,2026-07-17 14:50:00,329.46,329.51,329.46,329.51,0.02,173.21,56740.34,1
2026-07-17,2026-07-17 14:51:00,329.51,329.57,329.51,329.57,0.02,173.21,56740.34,1
2026-07-17,2026-07-17 14:52:00,329.57,329.62,329.57,329.62,0.02,173.21,56740.34,1
2026-07-17,2026-07-17 14:53:00,329.62,329.68,329.62,329.68,0.02,173.21,56740.34,1
2026-07-17,2026-07-17 14:54:00,329.68,329.73,329.68,329.73,0.02,173.21,56740.34,1
2026-07-17,2026-07-17 14:55:00,329.73,329.78,329.73,329.78,0.02,173.21,56740.34,1
2026-07-17,2026-07-17 14:56:00,329.78,329.84,329.78,329.84,0.02,173.21,56740.34,1
2026-07-17,2026-07-17 14:57:00,329.84,329.89,329.84,329.89,0.02,173.21,56740.34,1
2026-07-17,2026-07-17 14:58:00,329.89,329.95,329.89,329.95,0.02,173.21,56740.34,1
2026-07-17,2026-07-17 14:59:00,329.95,330.0,329.95,330.0,0.02,173.21,56740.34,1
2026-07-17,2026-07-17 15:00:00,330.0,331.0,315.0,330.0,0.0,173.21,56740.34,0
2026-07-20,2026-07-20 11:00:00,346.5,346.5,340.08,346.45,-0.01,76.63,25417.23,-1
2026-07-20,2026-07-20 11:01:00,346.45,346.45,346.4,346.4,-0.01,76.63,25417.23,-1
2026-07-20,2026-07-20 11:02:00,346.4,346.4,346.34,346.34,-0.02,76.63,25417.23,-1
2026-07-20,2026-07-20 11:03:00,346.34,346.34,346.29,346.29,-0.01,76.63,25417.23,-1
2026-07-20,2026-07-20 11:04:00,346.29,346.29,346.24,346.24,-0.01,76.63,25417.23,-1
2026-07-20,2026-07-20 11:05:00,346.24,346.24,346.19,346.19,-0.01,76.63,25417.23,-1
2026-07-20,2026-07-20 11:06:00,346.19,346.19,346.14,346.14,-0.01,76.63,25417.23,-1
2026-07-20,2026-07-20 11:07:00,346.14,346.14,346.08,346.08,-0.02,76.63,25417.23,-1
2026-07-20,2026-07-20 11:08:00,346.08,346.08,346.03,346.03,-0.01,76.63,25417.23,-1
2026-07-20,2026-07-20 11:09:00,346.03,346.03,345.98,345.98,-0.01,76.63,25417.23,-1
2026-07-20,2026-07-20 11:10:00,345.98,345.98,345.93,345.93,-0.01,76.63,25417.23,-1
2026-07-20,2026-07-20 11:11:00,345.93,345.93,345.88,345.88,-0.01,76.63,25417.23,-1
2026-07-20,2026-07-20 11:12:00,345.88,345.88,345.82,345.82,-0.02,76.63,25417.23,-1
2026-07-20,2026-07-20 11:13:00,345.82,345.82,345.77,345.77,-0.01,76.63,25417.23,-1
2026-07-20,2026-07-20 11:14:00,345.77,345.77,345.72,345.72,-0.01,76.63,25417.23,-1
2026-07-20,2026-07-20 11:15:00,345.72,345.72,345.67,345.67,-0.01,76.63,25417.23,-1
2026-07-20,2026-07-20 11:16:00,345.67,345.67,345.61,345.61,-0.02,76.63,25417.23,-1
2026-07-20,2026-07-20 11:17:00,345.61,345.61,345.56,345.56,-0.01,76.63,25417.23,-1
2026-07-20,2026-07-20 11:18:00,345.56,345.56,345.51,345.51,-0.01,76.63,25417.23,-1
2026-07-20,2026-07-20 11:19:00,345.51,345.51,345.46,345.46,-0.01,76.63,25417.23,-1
2026-07-20,2026-07-20 11:20:00,345.46,345.46,345.41,345.41,-0.01,76.63,25417.23,-1
2026-07-20,2026-07-20 11:21:00,345.41,345.41,345.35,345.35,-0.02,76.63,25417.23,-1
2026-07-20,2026-07-20 11:22:00,345.35,345.35,345.3,345.3,-0.01,76.63,25417.23,-1
2026-07-20,2026-07-20 11:23:00,345.3,345.3,345.25,345.25,-0.01,76.63,25417.23,-1
2026-07-20,2026-07-20 11:24:00,345.25,345.25,345.2,345.2,-0.01,76.63,25417.23,-1
2026-07-20,2026-07-20 11:25:00,345.2,345.2,345.15,345.15,-0.01,76.63,25417.23,-1
2026-07-20,2026-07-20 11:26:00,345.15,345.15,345.09,345.09,-0.02,76.63,25417.23,-1
2026-07-20,2026-07-20 11:27:00,345.09,345.09,345.04,345.04,-0.01,76.63,25417.23,-1
2026-07-20,2026-07-20 11:28:00,345.04,345.04,344.99,344.99,-0.01,76.63,25417.23,-1
2026-07-20,2026-07-20 11:29:00,344.99,344.99,344.94,344.94,-0.01,76.63,25417.23,-1
2026-07-20,2026-07-20 11:30:00,344.94,344.94,344.89,344.89,-0.01,76.63,25417.23,-1
2026-07-20,2026-07-20 11:31:00,344.89,344.89,344.83,344.83,-0.02,76.63,25417.23,-1
2026-07-20,2026-07-20 11:32:00,344.83,344.83,344.78,344.78,-0.01,76.63,25417.23,-1
2026-07-20,2026-07-20 11:33:00,344.78,344.78,344.73,344.73,-0.01,76.63,25417.23,-1
2026-07-20,2026-07-20 11:34:00,344.73,344.73,344.68,344.68,-0.01,76.63,25417.23,-1
2026-07-20,2026-07-20 11:35:00,344.68,344.68,344.62,344.62,-0.02,76.63,25417.23,-1
2026-07-20,2026-07-20 11:36:00,344.62,344.62,344.57,344.57,-0.01,76.63,25417.23,-1
2026-07-20,2026-07-20 11:37:00,344.57,344.57,344.52,344.52,-0.01,76.63,25417.23,-1
2026-07-20,2026-07-20 11:38:00,344.52,344.52,344.47,344.47,-0.01,76.63,25417.23,-1
2026-07-20,2026-07-20 11:39:00,344.47,344.47,344.42,344.42,-0.01,76.63,25417.23,-1
2026-07-20,2026-07-20 11:40:00,344.42,344.42,344.36,344.36,-0.02,76.63,25417.23,-1
2026-07-20,2026-07-20 11:41:00,344.36,344.36,344.31,344.31,-0.01,76.63,25417.23,-1
2026-07-20,2026-07-20 11:42:00,344.31,344.31,344.26,344.26,-0.01,76.63,25417.23,-1
2026-07-20,2026-07-20 11:43:00,344.26,344.26,344.21,344.21,-0.01,76.63,25417.23,-1
2026-07-20,2026-07-20 11:44:00,344.21,344.21,344.16,344.16,-0.01,76.63,25417.23,-1
2026-07-20,2026-07-20 11:45:00,344.16,344.16,344.1,344.1,-0.02,76.63,25417.23,-1
2026-07-20,2026-07-20 11:46:00,344.1,344.1,344.05,344.05,-0.01,76.63,25417.23,-1
2026-07-20,2026-07-20 11:47:00,344.05,344.05,344.0,344.0,-0.01,76.63,25417.23,-1
2026-07-20,2026-07-20 11:48:00,344.0,344.0,343.95,343.95,-0.01,76.63,25417.23,-1
2026-07-20,2026-07-20 11:49:00,343.95,343.95,343.9,343.9,-0.01,76.63,25417.23,-1
2026-07-20,2026-07-20 11:50:00,343.9,343.9,343.84,343.84,-0.02,76.63,25417.23,-1
2026-07-20,2026-07-20 11:51:00,343.84,343.84,343.79,343.79,-0.01,76.63,25417.23,-1
2026-07-20,2026-07-20 11:52:00,343.79,343.79,343.74,343.74,-0.01,76.63,25417.23,-1
2026-07-20,2026-07-20 11:53:00,343.74,343.74,343.69,343.69,-0.01,76.63,25417.23,-1
2026-07-20,2026-07-20 11:54:00,343.69,343.69,343.64,343.64,-0.01,76.63,25417.23,-1
2026-07-20,2026-07-20 11:55:00,343.64,343.64,343.58,343.58,-0.02,76.63,25417.23,-1
2026-07-20,2026-07-20 11:56:00,343.58,343.58,343.53,343.53,-0.01,76.63,25417.23,-1
2026-07-20,2026-07-20 11:57:00,343.53,343.53,343.48,343.48,-0.01,76.63,25417.23,-1
2026-07-20,2026-07-20 11:58:00,343.48,343.48,343.43,343.43,-0.01,76.63,25417.23,-1
2026-07-20,2026-07-20 11:59:00,343.43,343.43,343.38,343.38,-0.01,76.63,25417.23,-1
2026-07-20,2026-07-20 12:00:00,343.38,343.38,343.32,343.32,-0.02,76.63,25417.23,-1
2026-07-20,2026-07-20 12:01:00,343.32,343.32,343.27,343.27,-0.01,76.63,25417.23,-1
2026-07-20,2026-07-20 12:02:00,343.27,343.27,343.22,343.22,-0.01,76.63,25417.23,-1
2026-07-20,2026-07-20 12:03:00,343.22,343.22,343.17,343.17,-0.01,76.63,25417.23,-1
2026-07-20,2026-07-20 12:04:00,343.17,343.17,343.11,343.11,-0.02,76.63,25417.23,-1
2026-07-20,2026-07-20 12:05:00,343.11,343.11,343.06,343.06,-0.01,76.63,25417.23,-1
2026-07-20,2026-07-20 12:06:00,343.06,343.06,343.01,343.01,-0.01,76.63,25417.23,-1
2026-07-20,2026-07-20 12:07:00,343.01,343.01,342.96,342.96,-0.01,76.63,25417.23,-1
2026-07-20,2026-07-20 12:08:00,342.96,342.96,342.91,342.91,-0.01,76.63,25417.23,-1
2026-07-20,2026-07-20 12:09:00,342.91,342.91,342.85,342.85,-0.02,76.63,25417.23,-1
2026-07-20,2026-07-20 12:10:00,342.85,342.85,342.8,342.8,-0.01,76.63,25417.23,-1
2026-07-20,2026-07-20 12:11:00,342.8,342.8,342.75,342.75,-0.01,76.63,25417.23,-1
2026-07-20,2026-07-20 12:12:00,342.75,342.75,342.7,342.7,-0.01,76.63,25417.23,-1
2026-07-20,2026-07-20 12:13:00,342.7,342.7,342.65,342.65,-0.01,76.63,25417.23,-1
2026-07-20,2026-07-20 12:14:00,342.65,342.65,342.59,342.59,-0.02,76.63,25417.23,-1
2026-07-20,2026-07-20 12:15:00,342.59,342.59,342.54,342.54,-0.01,76.63,25417.23,-1
2026-07-20,2026-07-20 12:16:00,342.54,342.54,342.49,342.49,-0.01,76.63,25417.23,-1
2026-07-20,2026-07-20 12:17:00,342.49,342.49,342.44,342.44,-0.01,76.63,25417.23,-1
2026-07-20,2026-07-20 12:18:00,342.44,342.44,342.39,342.39,-0.01,76.63,25417.23,-1
2026-07-20,2026-07-20 12:19:00,342.39,342.39,342.33,342.33,-0.02,76.63,25417.23,-1
2026-07-20,2026-07-20 12:20:00,342.33,342.33,342.28,342.28,-0.01,76.63,25417.23,-1
2026-07-20,2026-07-20 12:21:00,342.28,342.28,342.23,342.23,-0.01,76.63,25417.23,-1
2026-07-20,2026-07-20 12:22:00,342.23,342.23,342.18,342.18,-0.01,76.63,25417.23,-1
2026-07-20,2026-07-20 12:23:00,342.18,342.18,342.12,342.12,-0.02,76.63,25417.23,-1
2026-07-20,2026-07-20 12:24:00,342.12,342.12,342.07,342.07,-0.01,76.63,25417.23,-1
2026-07-20,2026-07-20 12:25:00,342.07,342.07,342.02,342.02,-0.01,76.63,25417.23,-1
2026-07-20,2026-07-20 12:26:00,342.02,342.02,341.97,341.97,-0.01,76.63,25417.23,-1
2026-07-20,2026-07-20 12:27:00,341.97,341.97,341.92,341.92,-0.01,76.63,25417.23,-1
2026-07-20,2026-07-20 12:28:00,341.92,341.92,341.86,341.86,-0.02,76.63,25417.23,-1
2026-07-20,2026-07-20 12:29:00,341.86,341.86,341.81,341.81,-0.01,76.63,25417.23,-1
2026-07-20,2026-07-20 12:30:00,341.81,341.81,341.76,341.76,-0.01,76.63,25417.23,-1
2026-07-20,2026-07-20 12:31:00,341.76,341.76,341.71,341.71,-0.01,76.63,25417.23,-1
2026-07-20,2026-07-20 12:32:00,341.71,341.71,341.66,341.66,-0.01,76.63,25417.23,-1
2026-07-20,2026-07-20 12:33:00,341.66,341.66,341.6,341.6,-0.02,76.63,25417.23,-1
2026-07-20,2026-07-20 12:34:00,341.6,341.6,341.55,341.55,-0.01,76.63,25417.23,-1
2026-07-20,2026-07-20 12:35:00,341.55,341.55,341.5,341.5,-0.01,76.63,25417.23,-1
2026-07-20,2026-07-20 12:36:00,341.5,341.5,341.45,341.45,-0.01,76.63,25417.23,-1
2026-07-20,2026-07-20 12:37:00,341.45,341.45,341.4,341.4,-0.01,76.63,25417.23,-1
2026-07-20,2026-07-20 12:38:00,341.4,341.4,341.34,341.34,-0.02,76.63,25417.23,-1
2026-07-20,2026-07-20 12:39:00,341.34,341.34,341.29,341.29,-0.01,76.63,25417.23,-1
2026-07-20,2026-07-20 12:40:00,341.29,341.29,341.24,341.24,-0.01,76.63,25417.23,-1
2026-07-20,2026-07-20 12:41:00,341.24,341.24,341.19,341.19,-0.01,76.63,25417.23,-1
2026-07-20,2026-07-20 12:42:00,341.19,341.19,341.14,341.14,-0.01,76.63,25417.23,-1
2026-07-20,2026-07-20 12:43:00,341.14,341.14,341.08,341.08,-0.02,76.63,25417.23,-1
2026-07-20,2026-07-20 12:44:00,341.08,341.08,341.03,341.03,-0.01,76.63,25417.23,-1
2026-07-20,2026-07-20 12:45:00,341.03,341.03,340.98,340.98,-0.01,76.63,25417.23,-1
2026-07-20,2026-07-20 12:46:00,340.98,340.98,340.93,340.93,-0.01,76.63,25417.23,-1
2026-07-20,2026-07-20 12:47:00,340.93,340.93,340.88,340.88,-0.01,76.63,25417.23,-1
2026-07-20,2026-07-20 12:48:00,340.88,340.88,340.82,340.82,-0.02,76.63,25417.23,-1
2026-07-20,2026-07-20 12:49:00,340.82,340.82,340.77,340.77,-0.01,76.63,25417.23,-1
2026-07-20,2026-07-20 12:50:00,340.77,340.77,340.72,340.72,-0.01,76.63,25417.23,-1
2026-07-20,2026-07-20 12:51:00,340.72,340.72,340.67,340.67,-0.01,76.63,25417.23,-1
2026-07-20,2026-07-20 12:52:00,340.67,340.67,340.61,340.61,-0.02,76.63,25417.23,-1
2026-07-20,2026-07-20 12:53:00,340.61,340.61,340.56,340.56,-0.01,76.63,25417.23,-1
2026-07-20,2026-07-20 12:54:00,340.56,340.56,340.51,340.51,-0.01,76.63,25417.23,-1
2026-07-20,2026-07-20 12:55:00,340.51,340.51,340.46,340.46,-0.01,76.63,25417.23,-1
2026-07-20,2026-07-20 12:56:00,340.46,340.46,340.41,340.41,-0.01,76.63,25417.23,-1
2026-07-20,2026-07-20 12:57:00,340.41,340.41,340.35,340.35,-0.02,76.63,25417.23,-1
2026-07-20,2026-07-20 12:58:00,340.35,340.35,340.3,340.3,-0.01,76.63,25417.23,-1
2026-07-20,2026-07-20 12:59:00,340.3,340.3,340.25,340.25,-0.01,76.63,25417.23,-1
2026-07-20,2026-07-20 13:00:00,340.25,346.5,325.1,340.2,-0.01,76.63,25417.23,-1
2026-07-20,2026-07-20 13:01:00,340.2,340.2,340.15,340.15,-0.01,76.63,25417.23,-1
2026-07-20,2026-07-20 13:02:00,340.15,340.15,340.09,340.09,-0.02,76.63,25417.23,-1
2026-07-20,2026-07-20 13:03:00,340.09,340.09,340.04,340.04,-0.01,76.63,25417.23,-1
2026-07-20,2026-07-20 13:04:00,340.04,340.04,339.99,339.99,-0.01,76.63,25417.23,-1
2026-07-20,2026-07-20 13:05:00,339.99,339.99,339.94,339.94,-0.01,76.63,25417.23,-1
2026-07-20,2026-07-20 13:06:00,339.94,339.94,339.89,339.89,-0.01,76.63,25417.23,-1
2026-07-20,2026-07-20 13:07:00,339.89,339.89,339.83,339.83,-0.02,76.63,25417.23,-1
2026-07-20,2026-07-20 13:08:00,339.83,339.83,339.78,339.78,-0.01,76.63,25417.23,-1
2026-07-20,2026-07-20 13:09:00,339.78,339.78,339.73,339.73,-0.01,76.63,25417.23,-1
2026-07-20,2026-07-20 13:10:00,339.73,339.73,339.68,339.68,-0.01,76.63,25417.23,-1
2026-07-20,2026-07-20 13:11:00,339.68,339.68,339.62,339.62,-0.02,76.63,25417.23,-1
2026-07-20,2026-07-20 13:12:00,339.62,339.62,339.57,339.57,-0.01,76.63,25417.23,-1
2026-07-20,2026-07-20 13:13:00,339.57,339.57,339.52,339.52,-0.01,76.63,25417.23,-1
2026-07-20,2026-07-20 13:14:00,339.52,339.52,339.47,339.47,-0.01,76.63,25417.23,-1
2026-07-20,2026-07-20 13:15:00,339.47,339.47,339.42,339.42,-0.01,76.63,25417.23,-1
2026-07-20,2026-07-20 13:16:00,339.42,339.42,339.36,339.36,-0.02,76.63,25417.23,-1
2026-07-20,2026-07-20 13:17:00,339.36,339.36,339.31,339.31,-0.01,76.63,25417.23,-1
2026-07-20,2026-07-20 13:18:00,339.31,339.31,339.26,339.26,-0.01,76.63,25417.23,-1
2026-07-20,2026-07-20 13:19:00,339.26,339.26,339.21,339.21,-0.01,76.63,25417.23,-1
2026-07-20,2026-07-20 13:20:00,339.21,339.21,339.16,339.16,-0.01,76.63,25417.23,-1
2026-07-20,2026-07-20 13:21:00,339.16,339.16,339.1,339.1,-0.02,76.63,25417.23,-1
2026-07-20,2026-07-20 13:22:00,339.1,339.1,339.05,339.05,-0.01,76.63,25417.23,-1
2026-07-20,2026-07-20 13:23:00,339.05,339.05,339.0,339.0,-0.01,76.63,25417.23,-1
2026-07-20,2026-07-20 13:24:00,339.0,339.0,338.95,338.95,-0.01,76.63,25417.23,-1
2026-07-20,2026-07-20 13:25:00,338.95,338.95,338.9,338.9,-0.01,76.63,25417.23,-1
2026-07-20,2026-07-20 13:26:00,338.9,338.9,338.84,338.84,-0.02,76.63,25417.23,-1
2026-07-20,2026-07-20 13:27:00,338.84,338.84,338.79,338.79,-0.01,76.63,25417.23,-1
2026-07-20,2026-07-20 13:28:00,338.79,338.79,338.74,338.74,-0.01,76.63,25417.23,-1
2026-07-20,2026-07-20 13:29:00,338.74,338.74,338.69,338.69,-0.01,76.63,25417.23,-1
2026-07-20,2026-07-20 13:30:00,338.69,338.69,338.64,338.64,-0.01,76.63,25417.23,-1
2026-07-20,2026-07-20 13:31:00,338.64,338.64,338.58,338.58,-0.02,76.63,25417.23,-1
2026-07-20,2026-07-20 13:32:00,338.58,338.58,338.53,338.53,-0.01,76.63,25417.23,-1
2026-07-20,2026-07-20 13:33:00,338.53,338.53,338.48,338.48,-0.01,76.63,25417.23,-1
2026-07-20,2026-07-20 13:34:00,338.48,338.48,338.43,338.43,-0.01,76.63,25417.23,-1
2026-07-20,2026-07-20 13:35:00,338.43,338.43,338.38,338.38,-0.01,76.63,25417.23,-1
2026-07-20,2026-07-20 13:36:00,338.38,338.38,338.32,338.32,-0.02,76.63,25417.23,-1
2026-07-20,2026-07-20 13:37:00,338.32,338.32,338.27,338.27,-0.01,76.63,25417.23,-1
2026-07-20,2026-07-20 13:38:00,338.27,338.27,338.22,338.22,-0.01,76.63,25417.23,-1
2026-07-20,2026-07-20 13:39:00,338.22,338.22,338.17,338.17,-0.01,76.63,25417.23,-1
2026-07-20,2026-07-20 13:40:00,338.17,338.17,338.11,338.11,-0.02,76.63,25417.23,-1
2026-07-20,2026-07-20 13:41:00,338.11,338.11,338.06,338.06,-0.01,76.63,25417.23,-1
2026-07-20,2026-07-20 13:42:00,338.06,338.06,338.01,338.01,-0.01,76.63,25417.23,-1
2026-07-20,2026-07-20 13:43:00,338.01,338.01,337.96,337.96,-0.01,76.63,25417.23,-1
2026-07-20,2026-07-20 13:44:00,337.96,337.96,337.91,337.91,-0.01,76.63,25417.23,-1
2026-07-20,2026-07-20 13:45:00,337.91,337.91,337.85,337.85,-0.02,76.63,25417.23,-1
2026-07-20,2026-07-20 13:46:00,337.85,337.85,337.8,337.8,-0.01,76.63,25417.23,-1
2026-07-20,2026-07-20 13:47:00,337.8,337.8,337.75,337.75,-0.01,76.63,25417.23,-1
2026-07-20,2026-07-20 13:48:00,337.75,337.75,337.7,337.7,-0.01,76.63,25417.23,-1
2026-07-20,2026-07-20 13:49:00,337.7,337.7,337.65,337.65,-0.01,76.63,25417.23,-1
2026-07-20,2026-07-20 13:50:00,337.65,337.65,337.59,337.59,-0.02,76.63,25417.23,-1
2026-07-20,2026-07-20 13:51:00,337.59,337.59,337.54,337.54,-0.01,76.63,25417.23,-1
2026-07-20,2026-07-20 13:52:00,337.54,337.54,337.49,337.49,-0.01,76.63,25417.23,-1
2026-07-20,2026-07-20 13:53:00,337.49,337.49,337.44,337.44,-0.01,76.63,25417.23,-1
2026-07-20,2026-07-20 13:54:00,337.44,337.44,337.39,337.39,-0.01,76.63,25417.23,-1
2026-07-20,2026-07-20 13:55:00,337.39,337.39,337.33,337.33,-0.02,76.63,25417.23,-1
2026-07-20,2026-07-20 13:56:00,337.33,337.33,337.28,337.28,-0.01,76.63,25417.23,-1
2026-07-20,2026-07-20 13:57:00,337.28,337.28,337.23,337.23,-0.01,76.63,25417.23,-1
2026-07-20,2026-07-20 13:58:00,337.23,337.23,337.18,337.18,-0.01,76.63,25417.23,-1
2026-07-20,2026-07-20 13:59:00,337.18,337.18,337.12,337.12,-0.02,76.63,25417.23,-1
2026-07-20,2026-07-20 14:00:00,337.12,337.12,337.07,337.07,-0.01,76.63,25417.23,-1
2026-07-20,2026-07-20 14:01:00,337.07,337.07,337.02,337.02,-0.01,76.63,25417.23,-1
2026-07-20,2026-07-20 14:02:00,337.02,337.02,336.97,336.97,-0.01,76.63,25417.23,-1
2026-07-20,2026-07-20 14:03:00,336.97,336.97,336.92,336.92,-0.01,76.63,25417.23,-1
2026-07-20,2026-07-20 14:04:00,336.92,336.92,336.86,336.86,-0.02,76.63,25417.23,-1
2026-07-20,2026-07-20 14:05:00,336.86,336.86,336.81,336.81,-0.01,76.63,25417.23,-1
2026-07-20,2026-07-20 14:06:00,336.81,336.81,336.76,336.76,-0.01,76.63,25417.23,-1
2026-07-20,2026-07-20 14:07:00,336.76,336.76,336.71,336.71,-0.01,76.63,25417.23,-1
2026-07-20,2026-07-20 14:08:00,336.71,336.71,336.66,336.66,-0.01,76.63,25417.23,-1
2026-07-20,2026-07-20 14:09:00,336.66,336.66,336.6,336.6,-0.02,76.63,25417.23,-1
2026-07-20,2026-07-20 14:10:00,336.6,336.6,336.55,336.55,-0.01,76.63,25417.23,-1
2026-07-20,2026-07-20 14:11:00,336.55,336.55,336.5,336.5,-0.01,76.63,25417.23,-1
2026-07-20,2026-07-20 14:12:00,336.5,336.5,336.45,336.45,-0.01,76.63,25417.23,-1
2026-07-20,2026-07-20 14:13:00,336.45,336.45,336.4,336.4,-0.01,76.63,25417.23,-1
2026-07-20,2026-07-20 14:14:00,336.4,336.4,336.34,336.34,-0.02,76.63,25417.23,-1
2026-07-20,2026-07-20 14:15:00,336.34,336.34,336.29,336.29,-0.01,76.63,25417.23,-1
2026-07-20,2026-07-20 14:16:00,336.29,336.29,336.24,336.24,-0.01,76.63,25417.23,-1
2026-07-20,2026-07-20 14:17:00,336.24,336.24,336.19,336.19,-0.01,76.63,25417.23,-1
2026-07-20,2026-07-20 14:18:00,336.19,336.19,336.14,336.14,-0.01,76.63,25417.23,-1
2026-07-20,2026-07-20 14:19:00,336.14,336.14,336.08,336.08,-0.02,76.63,25417.23,-1
2026-07-20,2026-07-20 14:20:00,336.08,336.08,336.03,336.03,-0.01,76.63,25417.23,-1
2026-07-20,2026-07-20 14:21:00,336.03,336.03,335.98,335.98,-0.01,76.63,25417.23,-1
2026-07-20,2026-07-20 14:22:00,335.98,335.98,335.93,335.93,-0.01,76.63,25417.23,-1
2026-07-20,2026-07-20 14:23:00,335.93,335.93,335.88,335.88,-0.01,76.63,25417.23,-1
2026-07-20,2026-07-20 14:24:00,335.88,335.88,335.82,335.82,-0.02,76.63,25417.23,-1
2026-07-20,2026-07-20 14:25:00,335.82,335.82,335.77,335.77,-0.01,76.63,25417.23,-1
2026-07-20,2026-07-20 14:26:00,335.77,335.77,335.72,335.72,-0.01,76.63,25417.23,-1
2026-07-20,2026-07-20 14:27:00,335.72,335.72,335.67,335.67,-0.01,76.63,25417.23,-1
2026-07-20,2026-07-20 14:28:00,335.67,335.67,335.61,335.61,-0.02,76.63,25417.23,-1
2026-07-20,2026-07-20 14:29:00,335.61,335.61,335.56,335.56,-0.01,76.63,25417.23,-1
2026-07-20,2026-07-20 14:30:00,335.56,335.56,335.51,335.51,-0.01,76.63,25417.23,-1
2026-07-20,2026-07-20 14:31:00,335.51,335.51,335.46,335.46,-0.01,76.63,25417.23,-1
2026-07-20,2026-07-20 14:32:00,335.46,335.46,335.41,335.41,-0.01,76.63,25417.23,-1
2026-07-20,2026-07-20 14:33:00,335.41,335.41,335.35,335.35,-0.02,76.63,25417.23,-1
2026-07-20,2026-07-20 14:34:00,335.35,335.35,335.3,335.3,-0.01,76.63,25417.23,-1
2026-07-20,2026-07-20 14:35:00,335.3,335.3,335.25,335.25,-0.01,76.63,25417.23,-1
2026-07-20,2026-07-20 14:36:00,335.25,335.25,335.2,335.2,-0.01,76.63,25417.23,-1
2026-07-20,2026-07-20 14:37:00,335.2,335.2,335.15,335.15,-0.01,76.63,25417.23,-1
2026-07-20,2026-07-20 14:38:00,335.15,335.15,335.09,335.09,-0.02,76.63,25417.23,-1
2026-07-20,2026-07-20 14:39:00,335.09,335.09,335.04,335.04,-0.01,76.63,25417.23,-1
2026-07-20,2026-07-20 14:40:00,335.04,335.04,334.99,334.99,-0.01,76.63,25417.23,-1
2026-07-20,2026-07-20 14:41:00,334.99,334.99,334.94,334.94,-0.01,76.63,25417.23,-1
2026-07-20,2026-07-20 14:42:00,334.94,334.94,334.89,334.89,-0.01,76.63,25417.23,-1
2026-07-20,2026-07-20 14:43:00,334.89,334.89,334.83,334.83,-0.02,76.63,25417.23,-1
2026-07-20,2026-07-20 14:44:00,334.83,334.83,334.78,334.78,-0.01,76.63,25417.23,-1
2026-07-20,2026-07-20 14:45:00,334.78,334.78,334.73,334.73,-0.01,76.63,25417.23,-1
2026-07-20,2026-07-20 14:46:00,334.73,334.73,334.68,334.68,-0.01,76.63,25417.23,-1
2026-07-20,2026-07-20 14:47:00,334.68,334.68,334.62,334.62,-0.02,76.63,25417.23,-1
2026-07-20,2026-07-20 14:48:00,334.62,334.62,334.57,334.57,-0.01,76.63,25417.23,-1
2026-07-20,2026-07-20 14:49:00,334.57,334.57,334.52,334.52,-0.01,76.63,25417.23,-1
2026-07-20,2026-07-20 14:50:00,334.52,334.52,334.47,334.47,-0.01,76.63,25417.23,-1
2026-07-20,2026-07-20 14:51:00,334.47,334.47,334.42,334.42,-0.01,76.63,25417.23,-1
2026-07-20,2026-07-20 14:52:00,334.42,334.42,334.36,334.36,-0.02,76.63,25417.23,-1
2026-07-20,2026-07-20 14:53:00,334.36,334.36,334.31,334.31,-0.01,76.63,25417.23,-1
2026-07-20,2026-07-20 14:54:00,334.31,334.31,334.26,334.26,-0.01,76.63,25417.23,-1
2026-07-20,2026-07-20 14:55:00,334.26,334.26,334.21,334.21,-0.01,76.63,25417.23,-1
2026-07-20,2026-07-20 14:56:00,334.21,334.21,334.16,334.16,-0.01,76.63,25417.23,-1
2026-07-20,2026-07-20 14:57:00,334.16,334.16,334.1,334.1,-0.02,76.63,25417.23,-1
2026-07-20,2026-07-20 14:58:00,334.1,334.1,334.05,334.05,-0.01,76.63,25417.23,-1
2026-07-20,2026-07-20 14:59:00,334.05,334.05,334.0,334.0,-0.01,76.63,25417.23,-1
2026-07-20,2026-07-20 15:00:00,334.0,346.5,325.1,334.0,0.0,76.63,25417.23,0
2026-07-21,2026-07-21 11:00:00,334.0,336.7,332.8,334.0,0.0,165.94,55362.65,0
2026-07-21,2026-07-21 11:01:00,334.0,334.0,334.0,334.0,0.0,165.94,55362.65,0
2026-07-21,2026-07-21 11:02:00,334.0,334.01,334.0,334.01,0.0,165.94,55362.65,1
2026-07-21,2026-07-21 11:03:00,334.01,334.01,334.01,334.01,0.0,165.94,55362.65,0
2026-07-21,2026-07-21 11:04:00,334.01,334.01,334.01,334.01,0.0,165.94,55362.65,0
2026-07-21,2026-07-21 11:05:00,334.01,334.01,334.01,334.01,0.0,165.94,55362.65,0
2026-07-21,2026-07-21 11:06:00,334.01,334.01,334.01,334.01,0.0,165.94,55362.65,0
2026-07-21,2026-07-21 11:07:00,334.01,334.02,334.01,334.02,0.0,165.94,55362.65,1
2026-07-21,2026-07-21 11:08:00,334.02,334.02,334.02,334.02,0.0,165.94,55362.65,0
2026-07-21,2026-07-21 11:09:00,334.02,334.02,334.02,334.02,0.0,165.94,55362.65,0
2026-07-21,2026-07-21 11:10:00,334.02,334.02,334.02,334.02,0.0,165.94,55362.65,0
2026-07-21,2026-07-21 11:11:00,334.02,334.02,334.02,334.02,0.0,165.94,55362.65,0
2026-07-21,2026-07-21 11:12:00,334.02,334.03,334.02,334.03,0.0,165.94,55362.65,1
2026-07-21,2026-07-21 11:13:00,334.03,334.03,334.03,334.03,0.0,165.94,55362.65,0
2026-07-21,2026-07-21 11:14:00,334.03,334.03,334.03,334.03,0.0,165.94,55362.65,0
2026-07-21,2026-07-21 11:15:00,334.03,334.03,334.03,334.03,0.0,165.94,55362.65,0
2026-07-21,2026-07-21 11:16:00,334.03,334.04,334.03,334.04,0.0,165.94,55362.65,1
2026-07-21,2026-07-21 11:17:00,334.04,334.04,334.04,334.04,0.0,165.94,55362.65,0
2026-07-21,2026-07-21 11:18:00,334.04,334.04,334.04,334.04,0.0,165.94,55362.65,0
2026-07-21,2026-07-21 11:19:00,334.04,334.04,334.04,334.04,0.0,165.94,55362.65,0
2026-07-21,2026-07-21 11:20:00,334.04,334.04,334.04,334.04,0.0,165.94,55362.65,0
2026-07-21,2026-07-21 11:21:00,334.04,334.05,334.04,334.05,0.0,165.94,55362.65,1
2026-07-21,2026-07-21 11:22:00,334.05,334.05,334.05,334.05,0.0,165.94,55362.65,0
2026-07-21,2026-07-21 11:23:00,334.05,334.05,334.05,334.05,0.0,165.94,55362.65,0
2026-07-21,2026-07-21 11:24:00,334.05,334.05,334.05,334.05,0.0,165.94,55362.65,0
2026-07-21,2026-07-21 11:25:00,334.05,334.05,334.05,334.05,0.0,165.94,55362.65,0
2026-07-21,2026-07-21 11:26:00,334.05,334.06,334.05,334.06,0.0,165.94,55362.65,1
2026-07-21,2026-07-21 11:27:00,334.06,334.06,334.06,334.06,0.0,165.94,55362.65,0
2026-07-21,2026-07-21 11:28:00,334.06,334.06,334.06,334.06,0.0,165.94,55362.65,0
2026-07-21,2026-07-21 11:29:00,334.06,334.06,334.06,334.06,0.0,165.94,55362.65,0
2026-07-21,2026-07-21 11:30:00,334.06,334.06,334.06,334.06,0.0,165.94,55362.65,0
2026-07-21,2026-07-21 11:31:00,334.06,334.07,334.06,334.07,0.0,165.94,55362.65,1
2026-07-21,2026-07-21 11:32:00,334.07,334.07,334.07,334.07,0.0,165.94,55362.65,0
2026-07-21,2026-07-21 11:33:00,334.07,334.07,334.07,334.07,0.0,165.94,55362.65,0
2026-07-21,2026-07-21 11:34:00,334.07,334.07,334.07,334.07,0.0,165.94,55362.65,0
2026-07-21,2026-07-21 11:35:00,334.07,334.07,334.07,334.07,0.0,165.94,55362.65,0
2026-07-21,2026-07-21 11:36:00,334.07,334.08,334.07,334.08,0.0,165.94,55362.65,1
2026-07-21,2026-07-21 11:37:00,334.08,334.08,334.08,334.08,0.0,165.94,55362.65,0
2026-07-21,2026-07-21 11:38:00,334.08,334.08,334.08,334.08,0.0,165.94,55362.65,0
2026-07-21,2026-07-21 11:39:00,334.08,334.08,334.08,334.08,0.0,165.94,55362.65,0
2026-07-21,2026-07-21 11:40:00,334.08,334.09,334.08,334.09,0.0,165.94,55362.65,1
2026-07-21,2026-07-21 11:41:00,334.09,334.09,334.09,334.09,0.0,165.94,55362.65,0
2026-07-21,2026-07-21 11:42:00,334.09,334.09,334.09,334.09,0.0,165.94,55362.65,0
2026-07-21,2026-07-21 11:43:00,334.09,334.09,334.09,334.09,0.0,165.94,55362.65,0
2026-07-21,2026-07-21 11:44:00,334.09,334.09,334.09,334.09,0.0,165.94,55362.65,0
2026-07-21,2026-07-21 11:45:00,334.09,334.1,334.09,334.1,0.0,165.94,55362.65,1
2026-07-21,2026-07-21 11:46:00,334.1,334.1,334.1,334.1,0.0,165.94,55362.65,0
2026-07-21,2026-07-21 11:47:00,334.1,334.1,334.1,334.1,0.0,165.94,55362.65,0
2026-07-21,2026-07-21 11:48:00,334.1,334.1,334.1,334.1,0.0,165.94,55362.65,0
2026-07-21,2026-07-21 11:49:00,334.1,334.1,334.1,334.1,0.0,165.94,55362.65,0
2026-07-21,2026-07-21 11:50:00,334.1,334.11,334.1,334.11,0.0,165.94,55362.65,1
2026-07-21,2026-07-21 11:51:00,334.11,334.11,334.11,334.11,0.0,165.94,55362.65,0
2026-07-21,2026-07-21 11:52:00,334.11,334.11,334.11,334.11,0.0,165.94,55362.65,0
2026-07-21,2026-07-21 11:53:00,334.11,334.11,334.11,334.11,0.0,165.94,55362.65,0
2026-07-21,2026-07-21 11:54:00,334.11,334.11,334.11,334.11,0.0,165.94,55362.65,0
2026-07-21,2026-07-21 11:55:00,334.11,334.12,334.11,334.12,0.0,165.94,55362.65,1
2026-07-21,2026-07-21 11:56:00,334.12,334.12,334.12,334.12,0.0,165.94,55362.65,0
2026-07-21,2026-07-21 11:57:00,334.12,334.12,334.12,334.12,0.0,165.94,55362.65,0
2026-07-21,2026-07-21 11:58:00,334.12,334.12,334.12,334.12,0.0,165.94,55362.65,0
2026-07-21,2026-07-21 11:59:00,334.12,334.12,334.12,334.12,0.0,165.94,55362.65,0
2026-07-21,2026-07-21 12:00:00,334.12,334.13,334.12,334.13,0.0,165.94,55362.65,1
2026-07-21,2026-07-21 12:01:00,334.13,334.13,334.13,334.13,0.0,165.94,55362.65,0
2026-07-21,2026-07-21 12:02:00,334.13,334.13,334.13,334.13,0.0,165.94,55362.65,0
2026-07-21,2026-07-21 12:03:00,334.13,334.13,334.13,334.13,0.0,165.94,55362.65,0
2026-07-21,2026-07-21 12:04:00,334.13,334.14,334.13,334.14,0.0,165.94,55362.65,1
2026-07-21,2026-07-21 12:05:00,334.14,334.14,334.14,334.14,0.0,165.94,55362.65,0
2026-07-21,2026-07-21 12:06:00,334.14,334.14,334.14,334.14,0.0,165.94,55362.65,0
2026-07-21,2026-07-21 12:07:00,334.14,334.14,334.14,334.14,0.0,165.94,55362.65,0
2026-07-21,2026-07-21 12:08:00,334.14,334.14,334.14,334.14,0.0,165.94,55362.65,0
2026-07-21,2026-07-21 12:09:00,334.14,334.15,334.14,334.15,0.0,165.94,55362.65,1
2026-07-21,2026-07-21 12:10:00,334.15,334.15,334.15,334.15,0.0,165.94,55362.65,0
2026-07-21,2026-07-21 12:11:00,334.15,334.15,334.15,334.15,0.0,165.94,55362.65,0
2026-07-21,2026-07-21 12:12:00,334.15,334.15,334.15,334.15,0.0,165.94,55362.65,0
2026-07-21,2026-07-21 12:13:00,334.15,334.15,334.15,334.15,0.0,165.94,55362.65,0
2026-07-21,2026-07-21 12:14:00,334.15,334.16,334.15,334.16,0.0,165.94,55362.65,1
2026-07-21,2026-07-21 12:15:00,334.16,334.16,334.16,334.16,0.0,165.94,55362.65,0
2026-07-21,2026-07-21 12:16:00,334.16,334.16,334.16,334.16,0.0,165.94,55362.65,0
2026-07-21,2026-07-21 12:17:00,334.16,334.16,334.16,334.16,0.0,165.94,55362.65,0
2026-07-21,2026-07-21 12:18:00,334.16,334.16,334.16,334.16,0.0,165.94,55362.65,0
2026-07-21,2026-07-21 12:19:00,334.16,334.17,334.16,334.17,0.0,165.94,55362.65,1
2026-07-21,2026-07-21 12:20:00,334.17,334.17,334.17,334.17,0.0,165.94,55362.65,0
2026-07-21,2026-07-21 12:21:00,334.17,334.17,334.17,334.17,0.0,165.94,55362.65,0
2026-07-21,2026-07-21 12:22:00,334.17,334.17,334.17,334.17,0.0,165.94,55362.65,0
2026-07-21,2026-07-21 12:23:00,334.17,334.18,334.17,334.18,0.0,165.94,55362.65,1
2026-07-21,2026-07-21 12:24:00,334.18,334.18,334.18,334.18,0.0,165.94,55362.65,0
2026-07-21,2026-07-21 12:25:00,334.18,334.18,334.18,334.18,0.0,165.94,55362.65,0
2026-07-21,2026-07-21 12:26:00,334.18,334.18,334.18,334.18,0.0,165.94,55362.65,0
2026-07-21,2026-07-21 12:27:00,334.18,334.18,334.18,334.18,0.0,165.94,55362.65,0
2026-07-21,2026-07-21 12:28:00,334.18,334.19,334.18,334.19,0.0,165.94,55362.65,1
2026-07-21,2026-07-21 12:29:00,334.19,334.19,334.19,334.19,0.0,165.94,55362.65,0
2026-07-21,2026-07-21 12:30:00,334.19,334.19,334.19,334.19,0.0,165.94,55362.65,0
2026-07-21,2026-07-21 12:31:00,334.19,334.19,334.19,334.19,0.0,165.94,55362.65,0
2026-07-21,2026-07-21 12:32:00,334.19,334.19,334.19,334.19,0.0,165.94,55362.65,0
2026-07-21,2026-07-21 12:33:00,334.19,334.2,334.19,334.2,0.0,165.94,55362.65,1
2026-07-21,2026-07-21 12:34:00,334.2,334.2,334.2,334.2,0.0,165.94,55362.65,0
2026-07-21,2026-07-21 12:35:00,334.2,334.2,334.2,334.2,0.0,165.94,55362.65,0
2026-07-21,2026-07-21 12:36:00,334.2,334.2,334.2,334.2,0.0,165.94,55362.65,0
2026-07-21,2026-07-21 12:37:00,334.2,334.2,334.2,334.2,0.0,165.94,55362.65,0
2026-07-21,2026-07-21 12:38:00,334.2,334.21,334.2,334.21,0.0,165.94,55362.65,1
2026-07-21,2026-07-21 12:39:00,334.21,334.21,334.21,334.21,0.0,165.94,55362.65,0
2026-07-21,2026-07-21 12:40:00,334.21,334.21,334.21,334.21,0.0,165.94,55362.65,0
2026-07-21,2026-07-21 12:41:00,334.21,334.21,334.21,334.21,0.0,165.94,55362.65,0
2026-07-21,2026-07-21 12:42:00,334.21,334.21,334.21,334.21,0.0,165.94,55362.65,0
2026-07-21,2026-07-21 12:43:00,334.21,334.22,334.21,334.22,0.0,165.94,55362.65,1
2026-07-21,2026-07-21 12:44:00,334.22,334.22,334.22,334.22,0.0,165.94,55362.65,0
2026-07-21,2026-07-21 12:45:00,334.22,334.22,334.22,334.22,0.0,165.94,55362.65,0
2026-07-21,2026-07-21 12:46:00,334.22,334.22,334.22,334.22,0.0,165.94,55362.65,0
2026-07-21,2026-07-21 12:47:00,334.22,334.23,334.22,334.23,0.0,165.94,55362.65,1
2026-07-21,2026-07-21 12:48:00,334.23,334.23,334.23,334.23,0.0,165.94,55362.65,0
2026-07-21,2026-07-21 12:49:00,334.23,334.23,334.23,334.23,0.0,165.94,55362.65,0
2026-07-21,2026-07-21 12:50:00,334.23,334.23,334.23,334.23,0.0,165.94,55362.65,0
2026-07-21,2026-07-21 12:51:00,334.23,334.23,334.23,334.23,0.0,165.94,55362.65,0
2026-07-21,2026-07-21 12:52:00,334.23,334.24,334.23,334.24,0.0,165.94,55362.65,1
2026-07-21,2026-07-21 12:53:00,334.24,334.24,334.24,334.24,0.0,165.94,55362.65,0
2026-07-21,2026-07-21 12:54:00,334.24,334.24,334.24,334.24,0.0,165.94,55362.65,0
2026-07-21,2026-07-21 12:55:00,334.24,334.24,334.24,334.24,0.0,165.94,55362.65,0
2026-07-21,2026-07-21 12:56:00,334.24,334.24,334.24,334.24,0.0,165.94,55362.65,0
2026-07-21,2026-07-21 12:57:00,334.24,334.25,334.24,334.25,0.0,165.94,55362.65,1
2026-07-21,2026-07-21 12:58:00,334.25,334.25,334.25,334.25,0.0,165.94,55362.65,0
2026-07-21,2026-07-21 12:59:00,334.25,334.25,334.25,334.25,0.0,165.94,55362.65,0
2026-07-21,2026-07-21 13:00:00,334.25,343.0,330.0,334.25,0.0,165.94,55362.65,0
2026-07-21,2026-07-21 13:01:00,334.25,334.25,334.25,334.25,0.0,165.94,55362.65,0
2026-07-21,2026-07-21 13:02:00,334.25,334.26,334.25,334.26,0.0,165.94,55362.65,1
2026-07-21,2026-07-21 13:03:00,334.26,334.26,334.26,334.26,0.0,165.94,55362.65,0
2026-07-21,2026-07-21 13:04:00,334.26,334.26,334.26,334.26,0.0,165.94,55362.65,0
2026-07-21,2026-07-21 13:05:00,334.26,334.26,334.26,334.26,0.0,165.94,55362.65,0
2026-07-21,2026-07-21 13:06:00,334.26,334.26,334.26,334.26,0.0,165.94,55362.65,0
2026-07-21,2026-07-21 13:07:00,334.26,334.27,334.26,334.27,0.0,165.94,55362.65,1
2026-07-21,2026-07-21 13:08:00,334.27,334.27,334.27,334.27,0.0,165.94,55362.65,0
2026-07-21,2026-07-21 13:09:00,334.27,334.27,334.27,334.27,0.0,165.94,55362.65,0
2026-07-21,2026-07-21 13:10:00,334.27,334.27,334.27,334.27,0.0,165.94,55362.65,0
2026-07-21,2026-07-21 13:11:00,334.27,334.27,334.27,334.27,0.0,165.94,55362.65,0
2026-07-21,2026-07-21 13:12:00,334.27,334.28,334.27,334.28,0.0,165.94,55362.65,1
2026-07-21,2026-07-21 13:13:00,334.28,334.28,334.28,334.28,0.0,165.94,55362.65,0
2026-07-21,2026-07-21 13:14:00,334.28,334.28,334.28,334.28,0.0,165.94,55362.65,0
2026-07-21,2026-07-21 13:15:00,334.28,334.28,334.28,334.28,0.0,165.94,55362.65,0
2026-07-21,2026-07-21 13:16:00,334.28,334.29,334.28,334.29,0.0,165.94,55362.65,1
2026-07-21,2026-07-21 13:17:00,334.29,334.29,334.29,334.29,0.0,165.94,55362.65,0
2026-07-21,2026-07-21 13:18:00,334.29,334.29,334.29,334.29,0.0,165.94,55362.65,0
2026-07-21,2026-07-21 13:19:00,334.29,334.29,334.29,334.29,0.0,165.94,55362.65,0
2026-07-21,2026-07-21 13:20:00,334.29,334.29,334.29,334.29,0.0,165.94,55362.65,0
2026-07-21,2026-07-21 13:21:00,334.29,334.3,334.29,334.3,0.0,165.94,55362.65,1
2026-07-21,2026-07-21 13:22:00,334.3,334.3,334.3,334.3,0.0,165.94,55362.65,0
2026-07-21,2026-07-21 13:23:00,334.3,334.3,334.3,334.3,0.0,165.94,55362.65,0
2026-07-21,2026-07-21 13:24:00,334.3,334.3,334.3,334.3,0.0,165.94,55362.65,0
2026-07-21,2026-07-21 13:25:00,334.3,334.3,334.3,334.3,0.0,165.94,55362.65,0
2026-07-21,2026-07-21 13:26:00,334.3,334.31,334.3,334.31,0.0,165.94,55362.65,1
2026-07-21,2026-07-21 13:27:00,334.31,334.31,334.31,334.31,0.0,165.94,55362.65,0
2026-07-21,2026-07-21 13:28:00,334.31,334.31,334.31,334.31,0.0,165.94,55362.65,0
2026-07-21,2026-07-21 13:29:00,334.31,334.31,334.31,334.31,0.0,165.94,55362.65,0
2026-07-21,2026-07-21 13:30:00,334.31,334.31,334.31,334.31,0.0,165.94,55362.65,0
2026-07-21,2026-07-21 13:31:00,334.31,334.32,334.31,334.32,0.0,165.94,55362.65,1
2026-07-21,2026-07-21 13:32:00,334.32,334.32,334.32,334.32,0.0,165.94,55362.65,0
2026-07-21,2026-07-21 13:33:00,334.32,334.32,334.32,334.32,0.0,165.94,55362.65,0
2026-07-21,2026-07-21 13:34:00,334.32,334.32,334.32,334.32,0.0,165.94,55362.65,0
2026-07-21,2026-07-21 13:35:00,334.32,334.32,334.32,334.32,0.0,165.94,55362.65,0
2026-07-21,2026-07-21 13:36:00,334.32,334.33,334.32,334.33,0.0,165.94,55362.65,1
2026-07-21,2026-07-21 13:37:00,334.33,334.33,334.33,334.33,0.0,165.94,55362.65,0
2026-07-21,2026-07-21 13:38:00,334.33,334.33,334.33,334.33,0.0,165.94,55362.65,0
2026-07-21,2026-07-21 13:39:00,334.33,334.33,334.33,334.33,0.0,165.94,55362.65,0
2026-07-21,2026-07-21 13:40:00,334.33,334.34,334.33,334.34,0.0,165.94,55362.65,1
2026-07-21,2026-07-21 13:41:00,334.34,334.34,334.34,334.34,0.0,165.94,55362.65,0
2026-07-21,2026-07-21 13:42:00,334.34,334.34,334.34,334.34,0.0,165.94,55362.65,0
2026-07-21,2026-07-21 13:43:00,334.34,334.34,334.34,334.34,0.0,165.94,55362.65,0
2026-07-21,2026-07-21 13:44:00,334.34,334.34,334.34,334.34,0.0,165.94,55362.65,0
2026-07-21,2026-07-21 13:45:00,334.34,334.35,334.34,334.35,0.0,165.94,55362.65,1
2026-07-21,2026-07-21 13:46:00,334.35,334.35,334.35,334.35,0.0,165.94,55362.65,0
2026-07-21,2026-07-21 13:47:00,334.35,334.35,334.35,334.35,0.0,165.94,55362.65,0
2026-07-21,2026-07-21 13:48:00,334.35,334.35,334.35,334.35,0.0,165.94,55362.65,0
2026-07-21,2026-07-21 13:49:00,334.35,334.35,334.35,334.35,0.0,165.94,55362.65,0
2026-07-21,2026-07-21 13:50:00,334.35,334.36,334.35,334.36,0.0,165.94,55362.65,1
2026-07-21,2026-07-21 13:51:00,334.36,334.36,334.36,334.36,0.0,165.94,55362.65,0
2026-07-21,2026-07-21 13:52:00,334.36,334.36,334.36,334.36,0.0,165.94,55362.65,0
2026-07-21,2026-07-21 13:53:00,334.36,334.36,334.36,334.36,0.0,165.94,55362.65,0
2026-07-21,2026-07-21 13:54:00,334.36,334.36,334.36,334.36,0.0,165.94,55362.65,0
2026-07-21,2026-07-21 13:55:00,334.36,334.37,334.36,334.37,0.0,165.94,55362.65,1
2026-07-21,2026-07-21 13:56:00,334.37,334.37,334.37,334.37,0.0,165.94,55362.65,0
2026-07-21,2026-07-21 13:57:00,334.37,334.37,334.37,334.37,0.0,165.94,55362.65,0
2026-07-21,2026-07-21 13:58:00,334.37,334.37,334.37,334.37,0.0,165.94,55362.65,0
2026-07-21,2026-07-21 13:59:00,334.37,334.38,334.37,334.38,0.0,165.94,55362.65,1
2026-07-21,2026-07-21 14:00:00,334.38,334.38,334.38,334.38,0.0,165.94,55362.65,0
2026-07-21,2026-07-21 14:01:00,334.38,334.38,334.38,334.38,0.0,165.94,55362.65,0
2026-07-21,2026-07-21 14:02:00,334.38,334.38,334.38,334.38,0.0,165.94,55362.65,0
2026-07-21,2026-07-21 14:03:00,334.38,334.38,334.38,334.38,0.0,165.94,55362.65,0
2026-07-21,2026-07-21 14:04:00,334.38,334.39,334.38,334.39,0.0,165.94,55362.65,1
2026-07-21,2026-07-21 14:05:00,334.39,334.39,334.39,334.39,0.0,165.94,55362.65,0
2026-07-21,2026-07-21 14:06:00,334.39,334.39,334.39,334.39,0.0,165.94,55362.65,0
2026-07-21,2026-07-21 14:07:00,334.39,334.39,334.39,334.39,0.0,165.94,55362.65,0
2026-07-21,2026-07-21 14:08:00,334.39,334.39,334.39,334.39,0.0,165.94,55362.65,0
2026-07-21,2026-07-21 14:09:00,334.39,334.4,334.39,334.4,0.0,165.94,55362.65,1
2026-07-21,2026-07-21 14:10:00,334.4,334.4,334.4,334.4,0.0,165.94,55362.65,0
2026-07-21,2026-07-21 14:11:00,334.4,334.4,334.4,334.4,0.0,165.94,55362.65,0
2026-07-21,2026-07-21 14:12:00,334.4,334.4,334.4,334.4,0.0,165.94,55362.65,0
2026-07-21,2026-07-21 14:13:00,334.4,334.4,334.4,334.4,0.0,165.94,55362.65,0
2026-07-21,2026-07-21 14:14:00,334.4,334.41,334.4,334.41,0.0,165.94,55362.65,1
2026-07-21,2026-07-21 14:15:00,334.41,334.41,334.41,334.41,0.0,165.94,55362.65,0
2026-07-21,2026-07-21 14:16:00,334.41,334.41,334.41,334.41,0.0,165.94,55362.65,0
2026-07-21,2026-07-21 14:17:00,334.41,334.41,334.41,334.41,0.0,165.94,55362.65,0
2026-07-21,2026-07-21 14:18:00,334.41,334.41,334.41,334.41,0.0,165.94,55362.65,0
2026-07-21,2026-07-21 14:19:00,334.41,334.42,334.41,334.42,0.0,165.94,55362.65,1
2026-07-21,2026-07-21 14:20:00,334.42,334.42,334.42,334.42,0.0,165.94,55362.65,0
2026-07-21,2026-07-21 14:21:00,334.42,334.42,334.42,334.42,0.0,165.94,55362.65,0
2026-07-21,2026-07-21 14:22:00,334.42,334.42,334.42,334.42,0.0,165.94,55362.65,0
2026-07-21,2026-07-21 14:23:00,334.42,334.43,334.42,334.43,0.0,165.94,55362.65,1
2026-07-21,2026-07-21 14:24:00,334.43,334.43,334.43,334.43,0.0,165.94,55362.65,0
2026-07-21,2026-07-21 14:25:00,334.43,334.43,334.43,334.43,0.0,165.94,55362.65,0
2026-07-21,2026-07-21 14:26:00,334.43,334.43,334.43,334.43,0.0,165.94,55362.65,0
2026-07-21,2026-07-21 14:27:00,334.43,334.43,334.43,334.43,0.0,165.94,55362.65,0
2026-07-21,2026-07-21 14:28:00,334.43,334.44,334.43,334.44,0.0,165.94,55362.65,1
2026-07-21,2026-07-21 14:29:00,334.44,334.44,334.44,334.44,0.0,165.94,55362.65,0
2026-07-21,2026-07-21 14:30:00,334.44,334.44,334.44,334.44,0.0,165.94,55362.65,0
2026-07-21,2026-07-21 14:31:00,334.44,334.44,334.44,334.44,0.0,165.94,55362.65,0
2026-07-21,2026-07-21 14:32:00,334.44,334.44,334.44,334.44,0.0,165.94,55362.65,0
2026-07-21,2026-07-21 14:33:00,334.44,334.45,334.44,334.45,0.0,165.94,55362.65,1
2026-07-21,2026-07-21 14:34:00,334.45,334.45,334.45,334.45,0.0,165.94,55362.65,0
2026-07-21,2026-07-21 14:35:00,334.45,334.45,334.45,334.45,0.0,165.94,55362.65,0
2026-07-21,2026-07-21 14:36:00,334.45,334.45,334.45,334.45,0.0,165.94,55362.65,0
2026-07-21,2026-07-21 14:37:00,334.45,334.45,334.45,334.45,0.0,165.94,55362.65,0
2026-07-21,2026-07-21 14:38:00,334.45,334.46,334.45,334.46,0.0,165.94,55362.65,1
2026-07-21,2026-07-21 14:39:00,334.46,334.46,334.46,334.46,0.0,165.94,55362.65,0
2026-07-21,2026-07-21 14:40:00,334.46,334.46,334.46,334.46,0.0,165.94,55362.65,0
2026-07-21,2026-07-21 14:41:00,334.46,334.46,334.46,334.46,0.0,165.94,55362.65,0
2026-07-21,2026-07-21 14:42:00,334.46,334.46,334.46,334.46,0.0,165.94,55362.65,0
2026-07-21,2026-07-21 14:43:00,334.46,334.47,334.46,334.47,0.0,165.94,55362.65,1
2026-07-21,2026-07-21 14:44:00,334.47,334.47,334.47,334.47,0.0,165.94,55362.65,0
2026-07-21,2026-07-21 14:45:00,334.47,334.47,334.47,334.47,0.0,165.94,55362.65,0
2026-07-21,2026-07-21 14:46:00,334.47,334.47,334.47,334.47,0.0,165.94,55362.65,0
2026-07-21,2026-07-21 14:47:00,334.47,334.48,334.47,334.48,0.0,165.94,55362.65,1
2026-07-21,2026-07-21 14:48:00,334.48,334.48,334.48,334.48,0.0,165.94,55362.65,0
2026-07-21,2026-07-21 14:49:00,334.48,334.48,334.48,334.48,0.0,165.94,55362.65,0
2026-07-21,2026-07-21 14:50:00,334.48,334.48,334.48,334.48,0.0,165.94,55362.65,0
2026-07-21,2026-07-21 14:51:00,334.48,334.48,334.48,334.48,0.0,165.94,55362.65,0
2026-07-21,2026-07-21 14:52:00,334.48,334.49,334.48,334.49,0.0,165.94,55362.65,1
2026-07-21,2026-07-21 14:53:00,334.49,334.49,334.49,334.49,0.0,165.94,55362.65,0
2026-07-21,2026-07-21 14:54:00,334.49,334.49,334.49,334.49,0.0,165.94,55362.65,0
2026-07-21,2026-07-21 14:55:00,334.49,334.49,334.49,334.49,0.0,165.94,55362.65,0
2026-07-21,2026-07-21 14:56:00,334.49,334.49,334.49,334.49,0.0,165.94,55362.65,0
2026-07-21,2026-07-21 14:57:00,334.49,334.5,334.49,334.5,0.0,165.94,55362.65,1
2026-07-21,2026-07-21 14:58:00,334.5,334.5,334.5,334.5,0.0,165.94,55362.65,0
2026-07-21,2026-07-21 14:59:00,334.5,334.5,334.5,334.5,0.0,165.94,55362.65,0
2026-07-21,2026-07-21 15:00:00,334.5,343.0,330.0,334.5,0.0,165.94,55362.65,0
2026-07-22,2026-07-22 11:00:00,330.0,331.5,329.13,330.0,0.0,73.42,24349.76,0
2026-07-22,2026-07-22 11:01:00,330.0,330.0,330.0,330.0,0.0,73.42,24349.76,0
2026-07-22,2026-07-22 11:02:00,330.0,330.0,330.0,330.0,0.0,73.42,24349.76,0
2026-07-22,2026-07-22 11:03:00,330.0,330.0,330.0,330.0,0.0,73.42,24349.76,0
2026-07-22,2026-07-22 11:04:00,330.0,330.0,330.0,330.0,0.0,73.42,24349.76,0
2026-07-22,2026-07-22 11:05:00,330.0,330.0,330.0,330.0,0.0,73.42,24349.76,0
2026-07-22,2026-07-22 11:06:00,330.0,330.0,330.0,330.0,0.0,73.42,24349.76,0
2026-07-22,2026-07-22 11:07:00,330.0,330.0,330.0,330.0,0.0,73.42,24349.76,0
2026-07-22,2026-07-22 11:08:00,330.0,330.0,330.0,330.0,0.0,73.42,24349.76,0
2026-07-22,2026-07-22 11:09:00,330.0,330.0,330.0,330.0,0.0,73.42,24349.76,0
2026-07-22,2026-07-22 11:10:00,330.0,330.0,330.0,330.0,0.0,73.42,24349.76,0
2026-07-22,2026-07-22 11:11:00,330.0,330.0,330.0,330.0,0.0,73.42,24349.76,0
2026-07-22,2026-07-22 11:12:00,330.0,330.01,330.0,330.01,0.0,73.42,24349.76,1
2026-07-22,2026-07-22 11:13:00,330.01,330.01,330.01,330.01,0.0,73.42,24349.76,0
2026-07-22,2026-07-22 11:14:00,330.01,330.01,330.01,330.01,0.0,73.42,24349.76,0
2026-07-22,2026-07-22 11:15:00,330.01,330.01,330.01,330.01,0.0,73.42,24349.76,0
2026-07-22,2026-07-22 11:16:00,330.01,330.01,330.01,330.01,0.0,73.42,24349.76,0
2026-07-22,2026-07-22 11:17:00,330.01,330.01,330.01,330.01,0.0,73.42,24349.76,0
2026-07-22,2026-07-22 11:18:00,330.01,330.01,330.01,330.01,0.0,73.42,24349.76,0
2026-07-22,2026-07-22 11:19:00,330.01,330.01,330.01,330.01,0.0,73.42,24349.76,0
2026-07-22,2026-07-22 11:20:00,330.01,330.01,330.01,330.01,0.0,73.42,24349.76,0
2026-07-22,2026-07-22 11:21:00,330.01,330.01,330.01,330.01,0.0,73.42,24349.76,0
2026-07-22,2026-07-22 11:22:00,330.01,330.01,330.01,330.01,0.0,73.42,24349.76,0
2026-07-22,2026-07-22 11:23:00,330.01,330.01,330.01,330.01,0.0,73.42,24349.76,0
2026-07-22,2026-07-22 11:24:00,330.01,330.01,330.01,330.01,0.0,73.42,24349.76,0
2026-07-22,2026-07-22 11:25:00,330.01,330.01,330.01,330.01,0.0,73.42,24349.76,0
2026-07-22,2026-07-22 11:26:00,330.01,330.01,330.01,330.01,0.0,73.42,24349.76,0
2026-07-22,2026-07-22 11:27:00,330.01,330.01,330.01,330.01,0.0,73.42,24349.76,0
2026-07-22,2026-07-22 11:28:00,330.01,330.01,330.01,330.01,0.0,73.42,24349.76,0
2026-07-22,2026-07-22 11:29:00,330.01,330.01,330.01,330.01,0.0,73.42,24349.76,0
2026-07-22,2026-07-22 11:30:00,330.01,330.01,330.01,330.01,0.0,73.42,24349.76,0
2026-07-22,2026-07-22 11:31:00,330.01,330.01,330.01,330.01,0.0,73.42,24349.76,0
2026-07-22,2026-07-22 11:32:00,330.01,330.01,330.01,330.01,0.0,73.42,24349.76,0
2026-07-22,2026-07-22 11:33:00,330.01,330.01,330.01,330.01,0.0,73.42,24349.76,0
2026-07-22,2026-07-22 11:34:00,330.01,330.01,330.01,330.01,0.0,73.42,24349.76,0
2026-07-22,2026-07-22 11:35:00,330.01,330.01,330.01,330.01,0.0,73.42,24349.76,0
2026-07-22,2026-07-22 11:36:00,330.01,330.02,330.01,330.02,0.0,73.42,24349.76,1
2026-07-22,2026-07-22 11:37:00,330.02,330.02,330.02,330.02,0.0,73.42,24349.76,0
2026-07-22,2026-07-22 11:38:00,330.02,330.02,330.02,330.02,0.0,73.42,24349.76,0
2026-07-22,2026-07-22 11:39:00,330.02,330.02,330.02,330.02,0.0,73.42,24349.76,0
2026-07-22,2026-07-22 11:40:00,330.02,330.02,330.02,330.02,0.0,73.42,24349.76,0
2026-07-22,2026-07-22 11:41:00,330.02,330.02,330.02,330.02,0.0,73.42,24349.76,0
2026-07-22,2026-07-22 11:42:00,330.02,330.02,330.02,330.02,0.0,73.42,24349.76,0
2026-07-22,2026-07-22 11:43:00,330.02,330.02,330.02,330.02,0.0,73.42,24349.76,0
2026-07-22,2026-07-22 11:44:00,330.02,330.02,330.02,330.02,0.0,73.42,24349.76,0
2026-07-22,2026-07-22 11:45:00,330.02,330.02,330.02,330.02,0.0,73.42,24349.76,0
2026-07-22,2026-07-22 11:46:00,330.02,330.02,330.02,330.02,0.0,73.42,24349.76,0
2026-07-22,2026-07-22 11:47:00,330.02,330.02,330.02,330.02,0.0,73.42,24349.76,0
2026-07-22,2026-07-22 11:48:00,330.02,330.02,330.02,330.02,0.0,73.42,24349.76,0
2026-07-22,2026-07-22 11:49:00,330.02,330.02,330.02,330.02,0.0,73.42,24349.76,0
2026-07-22,2026-07-22 11:50:00,330.02,330.02,330.02,330.02,0.0,73.42,24349.76,0
2026-07-22,2026-07-22 11:51:00,330.02,330.02,330.02,330.02,0.0,73.42,24349.76,0
2026-07-22,2026-07-22 11:52:00,330.02,330.02,330.02,330.02,0.0,73.42,24349.76,0
2026-07-22,2026-07-22 11:53:00,330.02,330.02,330.02,330.02,0.0,73.42,24349.76,0
2026-07-22,2026-07-22 11:54:00,330.02,330.02,330.02,330.02,0.0,73.42,24349.76,0
2026-07-22,2026-07-22 11:55:00,330.02,330.02,330.02,330.02,0.0,73.42,24349.76,0
2026-07-22,2026-07-22 11:56:00,330.02,330.02,330.02,330.02,0.0,73.42,24349.76,0
2026-07-22,2026-07-22 11:57:00,330.02,330.02,330.02,330.02,0.0,73.42,24349.76,0
2026-07-22,2026-07-22 11:58:00,330.02,330.02,330.02,330.02,0.0,73.42,24349.76,0
2026-07-22,2026-07-22 11:59:00,330.02,330.02,330.02,330.02,0.0,73.42,24349.76,0
2026-07-22,2026-07-22 12:00:00,330.02,330.03,330.02,330.03,0.0,73.42,24349.76,1
2026-07-22,2026-07-22 12:01:00,330.03,330.03,330.03,330.03,0.0,73.42,24349.76,0
2026-07-22,2026-07-22 12:02:00,330.03,330.03,330.03,330.03,0.0,73.42,24349.76,0
2026-07-22,2026-07-22 12:03:00,330.03,330.03,330.03,330.03,0.0,73.42,24349.76,0
2026-07-22,2026-07-22 12:04:00,330.03,330.03,330.03,330.03,0.0,73.42,24349.76,0
2026-07-22,2026-07-22 12:05:00,330.03,330.03,330.03,330.03,0.0,73.42,24349.76,0
2026-07-22,2026-07-22 12:06:00,330.03,330.03,330.03,330.03,0.0,73.42,24349.76,0
2026-07-22,2026-07-22 12:07:00,330.03,330.03,330.03,330.03,0.0,73.42,24349.76,0
2026-07-22,2026-07-22 12:08:00,330.03,330.03,330.03,330.03,0.0,73.42,24349.76,0
2026-07-22,2026-07-22 12:09:00,330.03,330.03,330.03,330.03,0.0,73.42,24349.76,0
2026-07-22,2026-07-22 12:10:00,330.03,330.03,330.03,330.03,0.0,73.42,24349.76,0
2026-07-22,2026-07-22 12:11:00,330.03,330.03,330.03,330.03,0.0,73.42,24349.76,0
2026-07-22,2026-07-22 12:12:00,330.03,330.03,330.03,330.03,0.0,73.42,24349.76,0
2026-07-22,2026-07-22 12:13:00,330.03,330.03,330.03,330.03,0.0,73.42,24349.76,0
2026-07-22,2026-07-22 12:14:00,330.03,330.03,330.03,330.03,0.0,73.42,24349.76,0
2026-07-22,2026-07-22 12:15:00,330.03,330.03,330.03,330.03,0.0,73.42,24349.76,0
2026-07-22,2026-07-22 12:16:00,330.03,330.03,330.03,330.03,0.0,73.42,24349.76,0
2026-07-22,2026-07-22 12:17:00,330.03,330.03,330.03,330.03,0.0,73.42,24349.76,0
2026-07-22,2026-07-22 12:18:00,330.03,330.03,330.03,330.03,0.0,73.42,24349.76,0
2026-07-22,2026-07-22 12:19:00,330.03,330.03,330.03,330.03,0.0,73.42,24349.76,0
2026-07-22,2026-07-22 12:20:00,330.03,330.03,330.03,330.03,0.0,73.42,24349.76,0
2026-07-22,2026-07-22 12:21:00,330.03,330.03,330.03,330.03,0.0,73.42,24349.76,0
2026-07-22,2026-07-22 12:22:00,330.03,330.03,330.03,330.03,0.0,73.42,24349.76,0
2026-07-22,2026-07-22 12:23:00,330.03,330.04,330.03,330.04,0.0,73.42,24349.76,1
2026-07-22,2026-07-22 12:24:00,330.04,330.04,330.04,330.04,0.0,73.42,24349.76,0
2026-07-22,2026-07-22 12:25:00,330.04,330.04,330.04,330.04,0.0,73.42,24349.76,0
2026-07-22,2026-07-22 12:26:00,330.04,330.04,330.04,330.04,0.0,73.42,24349.76,0
2026-07-22,2026-07-22 12:27:00,330.04,330.04,330.04,330.04,0.0,73.42,24349.76,0
2026-07-22,2026-07-22 12:28:00,330.04,330.04,330.04,330.04,0.0,73.42,24349.76,0
2026-07-22,2026-07-22 12:29:00,330.04,330.04,330.04,330.04,0.0,73.42,24349.76,0
2026-07-22,2026-07-22 12:30:00,330.04,330.04,330.04,330.04,0.0,73.42,24349.76,0
2026-07-22,2026-07-22 12:31:00,330.04,330.04,330.04,330.04,0.0,73.42,24349.76,0
2026-07-22,2026-07-22 12:32:00,330.04,330.04,330.04,330.04,0.0,73.42,24349.76,0
2026-07-22,2026-07-22 12:33:00,330.04,330.04,330.04,330.04,0.0,73.42,24349.76,0
2026-07-22,2026-07-22 12:34:00,330.04,330.04,330.04,330.04,0.0,73.42,24349.76,0
2026-07-22,2026-07-22 12:35:00,330.04,330.04,330.04,330.04,0.0,73.42,24349.76,0
2026-07-22,2026-07-22 12:36:00,330.04,330.04,330.04,330.04,0.0,73.42,24349.76,0
2026-07-22,2026-07-22 12:37:00,330.04,330.04,330.04,330.04,0.0,73.42,24349.76,0
2026-07-22,2026-07-22 12:38:00,330.04,330.04,330.04,330.04,0.0,73.42,24349.76,0
2026-07-22,2026-07-22 12:39:00,330.04,330.04,330.04,330.04,0.0,73.42,24349.76,0
2026-07-22,2026-07-22 12:40:00,330.04,330.04,330.04,330.04,0.0,73.42,24349.76,0
2026-07-22,2026-07-22 12:41:00,330.04,330.04,330.04,330.04,0.0,73.42,24349.76,0
2026-07-22,2026-07-22 12:42:00,330.04,330.04,330.04,330.04,0.0,73.42,24349.76,0
2026-07-22,2026-07-22 12:43:00,330.04,330.04,330.04,330.04,0.0,73.42,24349.76,0
2026-07-22,2026-07-22 12:44:00,330.04,330.04,330.04,330.04,0.0,73.42,24349.76,0
2026-07-22,2026-07-22 12:45:00,330.04,330.04,330.04,330.04,0.0,73.42,24349.76,0
2026-07-22,2026-07-22 12:46:00,330.04,330.04,330.04,330.04,0.0,73.42,24349.76,0
2026-07-22,2026-07-22 12:47:00,330.04,330.05,330.04,330.05,0.0,73.42,24349.76,1
2026-07-22,2026-07-22 12:48:00,330.05,330.05,330.05,330.05,0.0,73.42,24349.76,0
2026-07-22,2026-07-22 12:49:00,330.05,330.05,330.05,330.05,0.0,73.42,24349.76,0
2026-07-22,2026-07-22 12:50:00,330.05,330.05,330.05,330.05,0.0,73.42,24349.76,0
2026-07-22,2026-07-22 12:51:00,330.05,330.05,330.05,330.05,0.0,73.42,24349.76,0
2026-07-22,2026-07-22 12:52:00,330.05,330.05,330.05,330.05,0.0,73.42,24349.76,0
2026-07-22,2026-07-22 12:53:00,330.05,330.05,330.05,330.05,0.0,73.42,24349.76,0
2026-07-22,2026-07-22 12:54:00,330.05,330.05,330.05,330.05,0.0,73.42,24349.76,0
2026-07-22,2026-07-22 12:55:00,330.05,330.05,330.05,330.05,0.0,73.42,24349.76,0
2026-07-22,2026-07-22 12:56:00,330.05,330.05,330.05,330.05,0.0,73.42,24349.76,0
2026-07-22,2026-07-22 12:57:00,330.05,330.05,330.05,330.05,0.0,73.42,24349.76,0
2026-07-22,2026-07-22 12:58:00,330.05,330.05,330.05,330.05,0.0,73.42,24349.76,0
2026-07-22,2026-07-22 12:59:00,330.05,330.05,330.05,330.05,0.0,73.42,24349.76,0
2026-07-22,2026-07-22 13:00:00,330.05,335.0,327.1,330.05,0.0,73.42,24349.76,0
2026-07-22,2026-07-22 13:01:00,330.05,330.05,330.05,330.05,0.0,73.42,24349.76,0
2026-07-22,2026-07-22 13:02:00,330.05,330.05,330.05,330.05,0.0,73.42,24349.76,0
2026-07-22,2026-07-22 13:03:00,330.05,330.05,330.05,330.05,0.0,73.42,24349.76,0
2026-07-22,2026-07-22 13:04:00,330.05,330.05,330.05,330.05,0.0,73.42,24349.76,0
2026-07-22,2026-07-22 13:05:00,330.05,330.05,330.05,330.05,0.0,73.42,24349.76,0
2026-07-22,2026-07-22 13:06:00,330.05,330.05,330.05,330.05,0.0,73.42,24349.76,0
2026-07-22,2026-07-22 13:07:00,330.05,330.05,330.05,330.05,0.0,73.42,24349.76,0
2026-07-22,2026-07-22 13:08:00,330.05,330.05,330.05,330.05,0.0,73.42,24349.76,0
2026-07-22,2026-07-22 13:09:00,330.05,330.05,330.05,330.05,0.0,73.42,24349.76,0
2026-07-22,2026-07-22 13:10:00,330.05,330.05,330.05,330.05,0.0,73.42,24349.76,0
2026-07-22,2026-07-22 13:11:00,330.05,330.06,330.05,330.06,0.0,73.42,24349.76,1
2026-07-22,2026-07-22 13:12:00,330.06,330.06,330.06,330.06,0.0,73.42,24349.76,0
2026-07-22,2026-07-22 13:13:00,330.06,330.06,330.06,330.06,0.0,73.42,24349.76,0
2026-07-22,2026-07-22 13:14:00,330.06,330.06,330.06,330.06,0.0,73.42,24349.76,0
2026-07-22,2026-07-22 13:15:00,330.06,330.06,330.06,330.06,0.0,73.42,24349.76,0
2026-07-22,2026-07-22 13:16:00,330.06,330.06,330.06,330.06,0.0,73.42,24349.76,0
2026-07-22,2026-07-22 13:17:00,330.06,330.06,330.06,330.06,0.0,73.42,24349.76,0
2026-07-22,2026-07-22 13:18:00,330.06,330.06,330.06,330.06,0.0,73.42,24349.76,0
2026-07-22,2026-07-22 13:19:00,330.06,330.06,330.06,330.06,0.0,73.42,24349.76,0
2026-07-22,2026-07-22 13:20:00,330.06,330.06,330.06,330.06,0.0,73.42,24349.76,0
2026-07-22,2026-07-22 13:21:00,330.06,330.06,330.06,330.06,0.0,73.42,24349.76,0
2026-07-22,2026-07-22 13:22:00,330.06,330.06,330.06,330.06,0.0,73.42,24349.76,0
2026-07-22,2026-07-22 13:23:00,330.06,330.06,330.06,330.06,0.0,73.42,24349.76,0
2026-07-22,2026-07-22 13:24:00,330.06,330.06,330.06,330.06,0.0,73.42,24349.76,0
2026-07-22,2026-07-22 13:25:00,330.06,330.06,330.06,330.06,0.0,73.42,24349.76,0
2026-07-22,2026-07-22 13:26:00,330.06,330.06,330.06,330.06,0.0,73.42,24349.76,0
2026-07-22,2026-07-22 13:27:00,330.06,330.06,330.06,330.06,0.0,73.42,24349.76,0
2026-07-22,2026-07-22 13:28:00,330.06,330.06,330.06,330.06,0.0,73.42,24349.76,0
2026-07-22,2026-07-22 13:29:00,330.06,330.06,330.06,330.06,0.0,73.42,24349.76,0
2026-07-22,2026-07-22 13:30:00,330.06,330.06,330.06,330.06,0.0,73.42,24349.76,0
2026-07-22,2026-07-22 13:31:00,330.06,330.06,330.06,330.06,0.0,73.42,24349.76,0
2026-07-22,2026-07-22 13:32:00,330.06,330.06,330.06,330.06,0.0,73.42,24349.76,0
2026-07-22,2026-07-22 13:33:00,330.06,330.06,330.06,330.06,0.0,73.42,24349.76,0
2026-07-22,2026-07-22 13:34:00,330.06,330.06,330.06,330.06,0.0,73.42,24349.76,0
2026-07-22,2026-07-22 13:35:00,330.06,330.06,330.06,330.06,0.0,73.42,24349.76,0
2026-07-22,2026-07-22 13:36:00,330.06,330.07,330.06,330.07,0.0,73.42,24349.76,1
2026-07-22,2026-07-22 13:37:00,330.07,330.07,330.07,330.07,0.0,73.42,24349.76,0
2026-07-22,2026-07-22 13:38:00,330.07,330.07,330.07,330.07,0.0,73.42,24349.76,0
2026-07-22,2026-07-22 13:39:00,330.07,330.07,330.07,330.07,0.0,73.42,24349.76,0
2026-07-22,2026-07-22 13:40:00,330.07,330.07,330.07,330.07,0.0,73.42,24349.76,0
2026-07-22,2026-07-22 13:41:00,330.07,330.07,330.07,330.07,0.0,73.42,24349.76,0
2026-07-22,2026-07-22 13:42:00,330.07,330.07,330.07,330.07,0.0,73.42,24349.76,0
2026-07-22,2026-07-22 13:43:00,330.07,330.07,330.07,330.07,0.0,73.42,24349.76,0
2026-07-22,2026-07-22 13:44:00,330.07,330.07,330.07,330.07,0.0,73.42,24349.76,0
2026-07-22,2026-07-22 13:45:00,330.07,330.07,330.07,330.07,0.0,73.42,24349.76,0
2026-07-22,2026-07-22 13:46:00,330.07,330.07,330.07,330.07,0.0,73.42,24349.76,0
2026-07-22,2026-07-22 13:47:00,330.07,330.07,330.07,330.07,0.0,73.42,24349.76,0
2026-07-22,2026-07-22 13:48:00,330.07,330.07,330.07,330.07,0.0,73.42,24349.76,0
2026-07-22,2026-07-22 13:49:00,330.07,330.07,330.07,330.07,0.0,73.42,24349.76,0
2026-07-22,2026-07-22 13:50:00,330.07,330.07,330.07,330.07,0.0,73.42,24349.76,0
2026-07-22,2026-07-22 13:51:00,330.07,330.07,330.07,330.07,0.0,73.42,24349.76,0
2026-07-22,2026-07-22 13:52:00,330.07,330.07,330.07,330.07,0.0,73.42,24349.76,0
2026-07-22,2026-07-22 13:53:00,330.07,330.07,330.07,330.07,0.0,73.42,24349.76,0
2026-07-22,2026-07-22 13:54:00,330.07,330.07,330.07,330.07,0.0,73.42,24349.76,0
2026-07-22,2026-07-22 13:55:00,330.07,330.07,330.07,330.07,0.0,73.42,24349.76,0
2026-07-22,2026-07-22 13:56:00,330.07,330.07,330.07,330.07,0.0,73.42,24349.76,0
2026-07-22,2026-07-22 13:57:00,330.07,330.07,330.07,330.07,0.0,73.42,24349.76,0
2026-07-22,2026-07-22 13:58:00,330.07,330.07,330.07,330.07,0.0,73.42,24349.76,0
2026-07-22,2026-07-22 13:59:00,330.07,330.08,330.07,330.08,0.0,73.42,24349.76,1
2026-07-22,2026-07-22 14:00:00,330.08,330.08,330.08,330.08,0.0,73.42,24349.76,0
2026-07-22,2026-07-22 14:01:00,330.08,330.08,330.08,330.08,0.0,73.42,24349.76,0
2026-07-22,2026-07-22 14:02:00,330.08,330.08,330.08,330.08,0.0,73.42,24349.76,0
2026-07-22,2026-07-22 14:03:00,330.08,330.08,330.08,330.08,0.0,73.42,24349.76,0
2026-07-22,2026-07-22 14:04:00,330.08,330.08,330.08,330.08,0.0,73.42,24349.76,0
2026-07-22,2026-07-22 14:05:00,330.08,330.08,330.08,330.08,0.0,73.42,24349.76,0
2026-07-22,2026-07-22 14:06:00,330.08,330.08,330.08,330.08,0.0,73.42,24349.76,0
2026-07-22,2026-07-22 14:07:00,330.08,330.08,330.08,330.08,0.0,73.42,24349.76,0
2026-07-22,2026-07-22 14:08:00,330.08,330.08,330.08,330.08,0.0,73.42,24349.76,0
2026-07-22,2026-07-22 14:09:00,330.08,330.08,330.08,330.08,0.0,73.42,24349.76,0
2026-07-22,2026-07-22 14:10:00,330.08,330.08,330.08,330.08,0.0,73.42,24349.76,0
2026-07-22,2026-07-22 14:11:00,330.08,330.08,330.08,330.08,0.0,73.42,24349.76,0
2026-07-22,2026-07-22 14:12:00,330.08,330.08,330.08,330.08,0.0,73.42,24349.76,0
2026-07-22,2026-07-22 14:13:00,330.08,330.08,330.08,330.08,0.0,73.42,24349.76,0
2026-07-22,2026-07-22 14:14:00,330.08,330.08,330.08,330.08,0.0,73.42,24349.76,0
2026-07-22,2026-07-22 14:15:00,330.08,330.08,330.08,330.08,0.0,73.42,24349.76,0
2026-07-22,2026-07-22 14:16:00,330.08,330.08,330.08,330.08,0.0,73.42,24349.76,0
2026-07-22,2026-07-22 14:17:00,330.08,330.08,330.08,330.08,0.0,73.42,24349.76,0
2026-07-22,2026-07-22 14:18:00,330.08,330.08,330.08,330.08,0.0,73.42,24349.76,0
2026-07-22,2026-07-22 14:19:00,330.08,330.08,330.08,330.08,0.0,73.42,24349.76,0
2026-07-22,2026-07-22 14:20:00,330.08,330.08,330.08,330.08,0.0,73.42,24349.76,0
2026-07-22,2026-07-22 14:21:00,330.08,330.08,330.08,330.08,0.0,73.42,24349.76,0
2026-07-22,2026-07-22 14:22:00,330.08,330.08,330.08,330.08,0.0,73.42,24349.76,0
2026-07-22,2026-07-22 14:23:00,330.08,330.09,330.08,330.09,0.0,73.42,24349.76,1
2026-07-22,2026-07-22 14:24:00,330.09,330.09,330.09,330.09,0.0,73.42,24349.76,0
2026-07-22,2026-07-22 14:25:00,330.09,330.09,330.09,330.09,0.0,73.42,24349.76,0
2026-07-22,2026-07-22 14:26:00,330.09,330.09,330.09,330.09,0.0,73.42,24349.76,0
2026-07-22,2026-07-22 14:27:00,330.09,330.09,330.09,330.09,0.0,73.42,24349.76,0
2026-07-22,2026-07-22 14:28:00,330.09,330.09,330.09,330.09,0.0,73.42,24349.76,0
2026-07-22,2026-07-22 14:29:00,330.09,330.09,330.09,330.09,0.0,73.42,24349.76,0
2026-07-22,2026-07-22 14:30:00,330.09,330.09,330.09,330.09,0.0,73.42,24349.76,0
2026-07-22,2026-07-22 14:31:00,330.09,330.09,330.09,330.09,0.0,73.42,24349.76,0
2026-07-22,2026-07-22 14:32:00,330.09,330.09,330.09,330.09,0.0,73.42,24349.76,0
2026-07-22,2026-07-22 14:33:00,330.09,330.09,330.09,330.09,0.0,73.42,24349.76,0
2026-07-22,2026-07-22 14:34:00,330.09,330.09,330.09,330.09,0.0,73.42,24349.76,0
2026-07-22,2026-07-22 14:35:00,330.09,330.09,330.09,330.09,0.0,73.42,24349.76,0
2026-07-22,2026-07-22 14:36:00,330.09,330.09,330.09,330.09,0.0,73.42,24349.76,0
2026-07-22,2026-07-22 14:37:00,330.09,330.09,330.09,330.09,0.0,73.42,24349.76,0
2026-07-22,2026-07-22 14:38:00,330.09,330.09,330.09,330.09,0.0,73.42,24349.76,0
2026-07-22,2026-07-22 14:39:00,330.09,330.09,330.09,330.09,0.0,73.42,24349.76,0
2026-07-22,2026-07-22 14:40:00,330.09,330.09,330.09,330.09,0.0,73.42,24349.76,0
2026-07-22,2026-07-22 14:41:00,330.09,330.09,330.09,330.09,0.0,73.42,24349.76,0
2026-07-22,2026-07-22 14:42:00,330.09,330.09,330.09,330.09,0.0,73.42,24349.76,0
2026-07-22,2026-07-22 14:43:00,330.09,330.09,330.09,330.09,0.0,73.42,24349.76,0
2026-07-22,2026-07-22 14:44:00,330.09,330.09,330.09,330.09,0.0,73.42,24349.76,0
2026-07-22,2026-07-22 14:45:00,330.09,330.09,330.09,330.09,0.0,73.42,24349.76,0
2026-07-22,2026-07-22 14:46:00,330.09,330.09,330.09,330.09,0.0,73.42,24349.76,0
2026-07-22,2026-07-22 14:47:00,330.09,330.1,330.09,330.1,0.0,73.42,24349.76,1
2026-07-22,2026-07-22 14:48:00,330.1,330.1,330.1,330.1,0.0,73.42,24349.76,0
2026-07-22,2026-07-22 14:49:00,330.1,330.1,330.1,330.1,0.0,73.42,24349.76,0
2026-07-22,2026-07-22 14:50:00,330.1,330.1,330.1,330.1,0.0,73.42,24349.76,0
2026-07-22,2026-07-22 14:51:00,330.1,330.1,330.1,330.1,0.0,73.42,24349.76,0
2026-07-22,2026-07-22 14:52:00,330.1,330.1,330.1,330.1,0.0,73.42,24349.76,0
2026-07-22,2026-07-22 14:53:00,330.1,330.1,330.1,330.1,0.0,73.42,24349.76,0
2026-07-22,2026-07-22 14:54:00,330.1,330.1,330.1,330.1,0.0,73.42,24349.76,0
2026-07-22,2026-07-22 14:55:00,330.1,330.1,330.1,330.1,0.0,73.42,24349.76,0
2026-07-22,2026-07-22 14:56:00,330.1,330.1,330.1,330.1,0.0,73.42,24349.76,0
2026-07-22,2026-07-22 14:57:00,330.1,330.1,330.1,330.1,0.0,73.42,24349.76,0
2026-07-22,2026-07-22 14:58:00,330.1,330.1,330.1,330.1,0.0,73.42,24349.76,0
2026-07-22,2026-07-22 14:59:00,330.1,330.1,330.1,330.1,0.0,73.42,24349.76,0
2026-07-22,2026-07-22 15:00:00,330.1,335.0,327.1,330.1,0.0,73.42,24349.76,0
2026-07-23,2026-07-23 11:00:00,340.0,340.0,335.5,339.96,-0.01,96.29,31599.79,-1
2026-07-23,2026-07-23 11:01:00,339.96,339.96,339.92,339.92,-0.01,96.29,31599.79,-1
2026-07-23,2026-07-23 11:02:00,339.92,339.92,339.88,339.88,-0.01,96.29,31599.79,-1
2026-07-23,2026-07-23 11:03:00,339.88,339.88,339.83,339.83,-0.01,96.29,31599.79,-1
2026-07-23,2026-07-23 11:04:00,339.83,339.83,339.79,339.79,-0.01,96.29,31599.79,-1
2026-07-23,2026-07-23 11:05:00,339.79,339.79,339.75,339.75,-0.01,96.29,31599.79,-1
2026-07-23,2026-07-23 11:06:00,339.75,339.75,339.71,339.71,-0.01,96.29,31599.79,-1
2026-07-23,2026-07-23 11:07:00,339.71,339.71,339.67,339.67,-0.01,96.29,31599.79,-1
2026-07-23,2026-07-23 11:08:00,339.67,339.67,339.62,339.62,-0.01,96.29,31599.79,-1
2026-07-23,2026-07-23 11:09:00,339.62,339.62,339.58,339.58,-0.01,96.29,31599.79,-1
2026-07-23,2026-07-23 11:10:00,339.58,339.58,339.54,339.54,-0.01,96.29,31599.79,-1
2026-07-23,2026-07-23 11:11:00,339.54,339.54,339.5,339.5,-0.01,96.29,31599.79,-1
2026-07-23,2026-07-23 11:12:00,339.5,339.5,339.46,339.46,-0.01,96.29,31599.79,-1
2026-07-23,2026-07-23 11:13:00,339.46,339.46,339.42,339.42,-0.01,96.29,31599.79,-1
2026-07-23,2026-07-23 11:14:00,339.42,339.42,339.38,339.38,-0.01,96.29,31599.79,-1
2026-07-23,2026-07-23 11:15:00,339.38,339.38,339.33,339.33,-0.01,96.29,31599.79,-1
2026-07-23,2026-07-23 11:16:00,339.33,339.33,339.29,339.29,-0.01,96.29,31599.79,-1
2026-07-23,2026-07-23 11:17:00,339.29,339.29,339.25,339.25,-0.01,96.29,31599.79,-1
2026-07-23,2026-07-23 11:18:00,339.25,339.25,339.21,339.21,-0.01,96.29,31599.79,-1
2026-07-23,2026-07-23 11:19:00,339.21,339.21,339.17,339.17,-0.01,96.29,31599.79,-1
2026-07-23,2026-07-23 11:20:00,339.17,339.17,339.12,339.12,-0.01,96.29,31599.79,-1
2026-07-23,2026-07-23 11:21:00,339.12,339.12,339.08,339.08,-0.01,96.29,31599.79,-1
2026-07-23,2026-07-23 11:22:00,339.08,339.08,339.04,339.04,-0.01,96.29,31599.79,-1
2026-07-23,2026-07-23 11:23:00,339.04,339.04,339.0,339.0,-0.01,96.29,31599.79,-1
2026-07-23,2026-07-23 11:24:00,339.0,339.0,338.96,338.96,-0.01,96.29,31599.79,-1
2026-07-23,2026-07-23 11:25:00,338.96,338.96,338.92,338.92,-0.01,96.29,31599.79,-1
2026-07-23,2026-07-23 11:26:00,338.92,338.92,338.88,338.88,-0.01,96.29,31599.79,-1
2026-07-23,2026-07-23 11:27:00,338.88,338.88,338.83,338.83,-0.01,96.29,31599.79,-1
2026-07-23,2026-07-23 11:28:00,338.83,338.83,338.79,338.79,-0.01,96.29,31599.79,-1
2026-07-23,2026-07-23 11:29:00,338.79,338.79,338.75,338.75,-0.01,96.29,31599.79,-1
2026-07-23,2026-07-23 11:30:00,338.75,338.75,338.71,338.71,-0.01,96.29,31599.79,-1
2026-07-23,2026-07-23 11:31:00,338.71,338.71,338.67,338.67,-0.01,96.29,31599.79,-1
2026-07-23,2026-07-23 11:32:00,338.67,338.67,338.62,338.62,-0.01,96.29,31599.79,-1
2026-07-23,2026-07-23 11:33:00,338.62,338.62,338.58,338.58,-0.01,96.29,31599.79,-1
2026-07-23,2026-07-23 11:34:00,338.58,338.58,338.54,338.54,-0.01,96.29,31599.79,-1
2026-07-23,2026-07-23 11:35:00,338.54,338.54,338.5,338.5,-0.01,96.29,31599.79,-1
2026-07-23,2026-07-23 11:36:00,338.5,338.5,338.46,338.46,-0.01,96.29,31599.79,-1
2026-07-23,2026-07-23 11:37:00,338.46,338.46,338.42,338.42,-0.01,96.29,31599.79,-1
2026-07-23,2026-07-23 11:38:00,338.42,338.42,338.38,338.38,-0.01,96.29,31599.79,-1
2026-07-23,2026-07-23 11:39:00,338.38,338.38,338.33,338.33,-0.01,96.29,31599.79,-1
2026-07-23,2026-07-23 11:40:00,338.33,338.33,338.29,338.29,-0.01,96.29,31599.79,-1
2026-07-23,2026-07-23 11:41:00,338.29,338.29,338.25,338.25,-0.01,96.29,31599.79,-1
2026-07-23,2026-07-23 11:42:00,338.25,338.25,338.21,338.21,-0.01,96.29,31599.79,-1
2026-07-23,2026-07-23 11:43:00,338.21,338.21,338.17,338.17,-0.01,96.29,31599.79,-1
2026-07-23,2026-07-23 11:44:00,338.17,338.17,338.12,338.12,-0.01,96.29,31599.79,-1
2026-07-23,2026-07-23 11:45:00,338.12,338.12,338.08,338.08,-0.01,96.29,31599.79,-1
2026-07-23,2026-07-23 11:46:00,338.08,338.08,338.04,338.04,-0.01,96.29,31599.79,-1
2026-07-23,2026-07-23 11:47:00,338.04,338.04,338.0,338.0,-0.01,96.29,31599.79,-1
2026-07-23,2026-07-23 11:48:00,338.0,338.0,337.96,337.96,-0.01,96.29,31599.79,-1
2026-07-23,2026-07-23 11:49:00,337.96,337.96,337.92,337.92,-0.01,96.29,31599.79,-1
2026-07-23,2026-07-23 11:50:00,337.92,337.92,337.88,337.88,-0.01,96.29,31599.79,-1
2026-07-23,2026-07-23 11:51:00,337.88,337.88,337.83,337.83,-0.01,96.29,31599.79,-1
2026-07-23,2026-07-23 11:52:00,337.83,337.83,337.79,337.79,-0.01,96.29,31599.79,-1
2026-07-23,2026-07-23 11:53:00,337.79,337.79,337.75,337.75,-0.01,96.29,31599.79,-1
2026-07-23,2026-07-23 11:54:00,337.75,337.75,337.71,337.71,-0.01,96.29,31599.79,-1
2026-07-23,2026-07-23 11:55:00,337.71,337.71,337.67,337.67,-0.01,96.29,31599.79,-1
2026-07-23,2026-07-23 11:56:00,337.67,337.67,337.62,337.62,-0.01,96.29,31599.79,-1
2026-07-23,2026-07-23 11:57:00,337.62,337.62,337.58,337.58,-0.01,96.29,31599.79,-1
2026-07-23,2026-07-23 11:58:00,337.58,337.58,337.54,337.54,-0.01,96.29,31599.79,-1
2026-07-23,2026-07-23 11:59:00,337.54,337.54,337.5,337.5,-0.01,96.29,31599.79,-1
2026-07-23,2026-07-23 12:00:00,337.5,337.5,337.46,337.46,-0.01,96.29,31599.79,-1
2026-07-23,2026-07-23 12:01:00,337.46,337.46,337.42,337.42,-0.01,96.29,31599.79,-1
2026-07-23,2026-07-23 12:02:00,337.42,337.42,337.38,337.38,-0.01,96.29,31599.79,-1
2026-07-23,2026-07-23 12:03:00,337.38,337.38,337.33,337.33,-0.01,96.29,31599.79,-1
2026-07-23,2026-07-23 12:04:00,337.33,337.33,337.29,337.29,-0.01,96.29,31599.79,-1
2026-07-23,2026-07-23 12:05:00,337.29,337.29,337.25,337.25,-0.01,96.29,31599.79,-1
2026-07-23,2026-07-23 12:06:00,337.25,337.25,337.21,337.21,-0.01,96.29,31599.79,-1
2026-07-23,2026-07-23 12:07:00,337.21,337.21,337.17,337.17,-0.01,96.29,31599.79,-1
2026-07-23,2026-07-23 12:08:00,337.17,337.17,337.12,337.12,-0.01,96.29,31599.79,-1
2026-07-23,2026-07-23 12:09:00,337.12,337.12,337.08,337.08,-0.01,96.29,31599.79,-1
2026-07-23,2026-07-23 12:10:00,337.08,337.08,337.04,337.04,-0.01,96.29,31599.79,-1
2026-07-23,2026-07-23 12:11:00,337.04,337.04,337.0,337.0,-0.01,96.29,31599.79,-1
2026-07-23,2026-07-23 12:12:00,337.0,337.0,336.96,336.96,-0.01,96.29,31599.79,-1
2026-07-23,2026-07-23 12:13:00,336.96,336.96,336.92,336.92,-0.01,96.29,31599.79,-1
2026-07-23,2026-07-23 12:14:00,336.92,336.92,336.88,336.88,-0.01,96.29,31599.79,-1
2026-07-23,2026-07-23 12:15:00,336.88,336.88,336.83,336.83,-0.01,96.29,31599.79,-1
2026-07-23,2026-07-23 12:16:00,336.83,336.83,336.79,336.79,-0.01,96.29,31599.79,-1
2026-07-23,2026-07-23 12:17:00,336.79,336.79,336.75,336.75,-0.01,96.29,31599.79,-1
2026-07-23,2026-07-23 12:18:00,336.75,336.75,336.71,336.71,-0.01,96.29,31599.79,-1
2026-07-23,2026-07-23 12:19:00,336.71,336.71,336.67,336.67,-0.01,96.29,31599.79,-1
2026-07-23,2026-07-23 12:20:00,336.67,336.67,336.62,336.62,-0.01,96.29,31599.79,-1
2026-07-23,2026-07-23 12:21:00,336.62,336.62,336.58,336.58,-0.01,96.29,31599.79,-1
2026-07-23,2026-07-23 12:22:00,336.58,336.58,336.54,336.54,-0.01,96.29,31599.79,-1
2026-07-23,2026-07-23 12:23:00,336.54,336.54,336.5,336.5,-0.01,96.29,31599.79,-1
2026-07-23,2026-07-23 12:24:00,336.5,336.5,336.46,336.46,-0.01,96.29,31599.79,-1
2026-07-23,2026-07-23 12:25:00,336.46,336.46,336.42,336.42,-0.01,96.29,31599.79,-1
2026-07-23,2026-07-23 12:26:00,336.42,336.42,336.38,336.38,-0.01,96.29,31599.79,-1
2026-07-23,2026-07-23 12:27:00,336.38,336.38,336.33,336.33,-0.01,96.29,31599.79,-1
2026-07-23,2026-07-23 12:28:00,336.33,336.33,336.29,336.29,-0.01,96.29,31599.79,-1
2026-07-23,2026-07-23 12:29:00,336.29,336.29,336.25,336.25,-0.01,96.29,31599.79,-1
2026-07-23,2026-07-23 12:30:00,336.25,336.25,336.21,336.21,-0.01,96.29,31599.79,-1
2026-07-23,2026-07-23 12:31:00,336.21,336.21,336.17,336.17,-0.01,96.29,31599.79,-1
2026-07-23,2026-07-23 12:32:00,336.17,336.17,336.12,336.12,-0.01,96.29,31599.79,-1
2026-07-23,2026-07-23 12:33:00,336.12,336.12,336.08,336.08,-0.01,96.29,31599.79,-1
2026-07-23,2026-07-23 12:34:00,336.08,336.08,336.04,336.04,-0.01,96.29,31599.79,-1
2026-07-23,2026-07-23 12:35:00,336.04,336.04,336.0,336.0,-0.01,96.29,31599.79,-1
2026-07-23,2026-07-23 12:36:00,336.0,336.0,335.96,335.96,-0.01,96.29,31599.79,-1
2026-07-23,2026-07-23 12:37:00,335.96,335.96,335.92,335.92,-0.01,96.29,31599.79,-1
2026-07-23,2026-07-23 12:38:00,335.92,335.92,335.88,335.88,-0.01,96.29,31599.79,-1
2026-07-23,2026-07-23 12:39:00,335.88,335.88,335.83,335.83,-0.01,96.29,31599.79,-1
2026-07-23,2026-07-23 12:40:00,335.83,335.83,335.79,335.79,-0.01,96.29,31599.79,-1
2026-07-23,2026-07-23 12:41:00,335.79,335.79,335.75,335.75,-0.01,96.29,31599.79,-1
2026-07-23,2026-07-23 12:42:00,335.75,335.75,335.71,335.71,-0.01,96.29,31599.79,-1
2026-07-23,2026-07-23 12:43:00,335.71,335.71,335.67,335.67,-0.01,96.29,31599.79,-1
2026-07-23,2026-07-23 12:44:00,335.67,335.67,335.62,335.62,-0.01,96.29,31599.79,-1
2026-07-23,2026-07-23 12:45:00,335.62,335.62,335.58,335.58,-0.01,96.29,31599.79,-1
2026-07-23,2026-07-23 12:46:00,335.58,335.58,335.54,335.54,-0.01,96.29,31599.79,-1
2026-07-23,2026-07-23 12:47:00,335.54,335.54,335.5,335.5,-0.01,96.29,31599.79,-1
2026-07-23,2026-07-23 12:48:00,335.5,335.5,335.46,335.46,-0.01,96.29,31599.79,-1
2026-07-23,2026-07-23 12:49:00,335.46,335.46,335.42,335.42,-0.01,96.29,31599.79,-1
2026-07-23,2026-07-23 12:50:00,335.42,335.42,335.38,335.38,-0.01,96.29,31599.79,-1
2026-07-23,2026-07-23 12:51:00,335.38,335.38,335.33,335.33,-0.01,96.29,31599.79,-1
2026-07-23,2026-07-23 12:52:00,335.33,335.33,335.29,335.29,-0.01,96.29,31599.79,-1
2026-07-23,2026-07-23 12:53:00,335.29,335.29,335.25,335.25,-0.01,96.29,31599.79,-1
2026-07-23,2026-07-23 12:54:00,335.25,335.25,335.21,335.21,-0.01,96.29,31599.79,-1
2026-07-23,2026-07-23 12:55:00,335.21,335.21,335.17,335.17,-0.01,96.29,31599.79,-1
2026-07-23,2026-07-23 12:56:00,335.17,335.17,335.12,335.12,-0.01,96.29,31599.79,-1
2026-07-23,2026-07-23 12:57:00,335.12,335.12,335.08,335.08,-0.01,96.29,31599.79,-1
2026-07-23,2026-07-23 12:58:00,335.08,335.08,335.04,335.04,-0.01,96.29,31599.79,-1
2026-07-23,2026-07-23 12:59:00,335.04,335.04,335.0,335.0,-0.01,96.29,31599.79,-1
2026-07-23,2026-07-23 13:00:00,335.0,340.0,325.0,334.96,-0.01,96.29,31599.79,-1
2026-07-23,2026-07-23 13:01:00,334.96,334.96,334.92,334.92,-0.01,96.29,31599.79,-1
2026-07-23,2026-07-23 13:02:00,334.92,334.92,334.88,334.88,-0.01,96.29,31599.79,-1
2026-07-23,2026-07-23 13:03:00,334.88,334.88,334.83,334.83,-0.01,96.29,31599.79,-1
2026-07-23,2026-07-23 13:04:00,334.83,334.83,334.79,334.79,-0.01,96.29,31599.79,-1
2026-07-23,2026-07-23 13:05:00,334.79,334.79,334.75,334.75,-0.01,96.29,31599.79,-1
2026-07-23,2026-07-23 13:06:00,334.75,334.75,334.71,334.71,-0.01,96.29,31599.79,-1
2026-07-23,2026-07-23 13:07:00,334.71,334.71,334.67,334.67,-0.01,96.29,31599.79,-1
2026-07-23,2026-07-23 13:08:00,334.67,334.67,334.62,334.62,-0.01,96.29,31599.79,-1
2026-07-23,2026-07-23 13:09:00,334.62,334.62,334.58,334.58,-0.01,96.29,31599.79,-1
2026-07-23,2026-07-23 13:10:00,334.58,334.58,334.54,334.54,-0.01,96.29,31599.79,-1
2026-07-23,2026-07-23 13:11:00,334.54,334.54,334.5,334.5,-0.01,96.29,31599.79,-1
2026-07-23,2026-07-23 13:12:00,334.5,334.5,334.46,334.46,-0.01,96.29,31599.79,-1
2026-07-23,2026-07-23 13:13:00,334.46,334.46,334.42,334.42,-0.01,96.29,31599.79,-1
2026-07-23,2026-07-23 13:14:00,334.42,334.42,334.38,334.38,-0.01,96.29,31599.79,-1
2026-07-23,2026-07-23 13:15:00,334.38,334.38,334.33,334.33,-0.01,96.29,31599.79,-1
2026-07-23,2026-07-23 13:16:00,334.33,334.33,334.29,334.29,-0.01,96.29,31599.79,-1
2026-07-23,2026-07-23 13:17:00,334.29,334.29,334.25,334.25,-0.01,96.29,31599.79,-1
2026-07-23,2026-07-23 13:18:00,334.25,334.25,334.21,334.21,-0.01,96.29,31599.79,-1
2026-07-23,2026-07-23 13:19:00,334.21,334.21,334.17,334.17,-0.01,96.29,31599.79,-1
2026-07-23,2026-07-23 13:20:00,334.17,334.17,334.12,334.12,-0.01,96.29,31599.79,-1
2026-07-23,2026-07-23 13:21:00,334.12,334.12,334.08,334.08,-0.01,96.29,31599.79,-1
2026-07-23,2026-07-23 13:22:00,334.08,334.08,334.04,334.04,-0.01,96.29,31599.79,-1
2026-07-23,2026-07-23 13:23:00,334.04,334.04,334.0,334.0,-0.01,96.29,31599.79,-1
2026-07-23,2026-07-23 13:24:00,334.0,334.0,333.96,333.96,-0.01,96.29,31599.79,-1
2026-07-23,2026-07-23 13:25:00,333.96,333.96,333.92,333.92,-0.01,96.29,31599.79,-1
2026-07-23,2026-07-23 13:26:00,333.92,333.92,333.88,333.88,-0.01,96.29,31599.79,-1
2026-07-23,2026-07-23 13:27:00,333.88,333.88,333.83,333.83,-0.01,96.29,31599.79,-1
2026-07-23,2026-07-23 13:28:00,333.83,333.83,333.79,333.79,-0.01,96.29,31599.79,-1
2026-07-23,2026-07-23 13:29:00,333.79,333.79,333.75,333.75,-0.01,96.29,31599.79,-1
2026-07-23,2026-07-23 13:30:00,333.75,333.75,333.71,333.71,-0.01,96.29,31599.79,-1
2026-07-23,2026-07-23 13:31:00,333.71,333.71,333.67,333.67,-0.01,96.29,31599.79,-1
2026-07-23,2026-07-23 13:32:00,333.67,333.67,333.62,333.62,-0.01,96.29,31599.79,-1
2026-07-23,2026-07-23 13:33:00,333.62,333.62,333.58,333.58,-0.01,96.29,31599.79,-1
2026-07-23,2026-07-23 13:34:00,333.58,333.58,333.54,333.54,-0.01,96.29,31599.79,-1
2026-07-23,2026-07-23 13:35:00,333.54,333.54,333.5,333.5,-0.01,96.29,31599.79,-1
2026-07-23,2026-07-23 13:36:00,333.5,333.5,333.46,333.46,-0.01,96.29,31599.79,-1
2026-07-23,2026-07-23 13:37:00,333.46,333.46,333.42,333.42,-0.01,96.29,31599.79,-1
2026-07-23,2026-07-23 13:38:00,333.42,333.42,333.38,333.38,-0.01,96.29,31599.79,-1
2026-07-23,2026-07-23 13:39:00,333.38,333.38,333.33,333.33,-0.01,96.29,31599.79,-1
2026-07-23,2026-07-23 13:40:00,333.33,333.33,333.29,333.29,-0.01,96.29,31599.79,-1
2026-07-23,2026-07-23 13:41:00,333.29,333.29,333.25,333.25,-0.01,96.29,31599.79,-1
2026-07-23,2026-07-23 13:42:00,333.25,333.25,333.21,333.21,-0.01,96.29,31599.79,-1
2026-07-23,2026-07-23 13:43:00,333.21,333.21,333.17,333.17,-0.01,96.29,31599.79,-1
2026-07-23,2026-07-23 13:44:00,333.17,333.17,333.12,333.12,-0.02,96.29,31599.79,-1
2026-07-23,2026-07-23 13:45:00,333.12,333.12,333.08,333.08,-0.01,96.29,31599.79,-1
2026-07-23,2026-07-23 13:46:00,333.08,333.08,333.04,333.04,-0.01,96.29,31599.79,-1
2026-07-23,2026-07-23 13:47:00,333.04,333.04,333.0,333.0,-0.01,96.29,31599.79,-1
2026-07-23,2026-07-23 13:48:00,333.0,333.0,332.96,332.96,-0.01,96.29,31599.79,-1
2026-07-23,2026-07-23 13:49:00,332.96,332.96,332.92,332.92,-0.01,96.29,31599.79,-1
2026-07-23,2026-07-23 13:50:00,332.92,332.92,332.88,332.88,-0.01,96.29,31599.79,-1
2026-07-23,2026-07-23 13:51:00,332.88,332.88,332.83,332.83,-0.02,96.29,31599.79,-1
2026-07-23,2026-07-23 13:52:00,332.83,332.83,332.79,332.79,-0.01,96.29,31599.79,-1
2026-07-23,2026-07-23 13:53:00,332.79,332.79,332.75,332.75,-0.01,96.29,31599.79,-1
2026-07-23,2026-07-23 13:54:00,332.75,332.75,332.71,332.71,-0.01,96.29,31599.79,-1
2026-07-23,2026-07-23 13:55:00,332.71,332.71,332.67,332.67,-0.01,96.29,31599.79,-1
2026-07-23,2026-07-23 13:56:00,332.67,332.67,332.62,332.62,-0.02,96.29,31599.79,-1
2026-07-23,2026-07-23 13:57:00,332.62,332.62,332.58,332.58,-0.01,96.29,31599.79,-1
2026-07-23,2026-07-23 13:58:00,332.58,332.58,332.54,332.54,-0.01,96.29,31599.79,-1
2026-07-23,2026-07-23 13:59:00,332.54,332.54,332.5,332.5,-0.01,96.29,31599.79,-1
2026-07-23,2026-07-23 14:00:00,332.5,332.5,332.46,332.46,-0.01,96.29,31599.79,-1
2026-07-23,2026-07-23 14:01:00,332.46,332.46,332.42,332.42,-0.01,96.29,31599.79,-1
2026-07-23,2026-07-23 14:02:00,332.42,332.42,332.38,332.38,-0.01,96.29,31599.79,-1
2026-07-23,2026-07-23 14:03:00,332.38,332.38,332.33,332.33,-0.02,96.29,31599.79,-1
2026-07-23,2026-07-23 14:04:00,332.33,332.33,332.29,332.29,-0.01,96.29,31599.79,-1
2026-07-23,2026-07-23 14:05:00,332.29,332.29,332.25,332.25,-0.01,96.29,31599.79,-1
2026-07-23,2026-07-23 14:06:00,332.25,332.25,332.21,332.21,-0.01,96.29,31599.79,-1
2026-07-23,2026-07-23 14:07:00,332.21,332.21,332.17,332.17,-0.01,96.29,31599.79,-1
2026-07-23,2026-07-23 14:08:00,332.17,332.17,332.12,332.12,-0.02,96.29,31599.79,-1
2026-07-23,2026-07-23 14:09:00,332.12,332.12,332.08,332.08,-0.01,96.29,31599.79,-1
2026-07-23,2026-07-23 14:10:00,332.08,332.08,332.04,332.04,-0.01,96.29,31599.79,-1
2026-07-23,2026-07-23 14:11:00,332.04,332.04,332.0,332.0,-0.01,96.29,31599.79,-1
2026-07-23,2026-07-23 14:12:00,332.0,332.0,331.96,331.96,-0.01,96.29,31599.79,-1
2026-07-23,2026-07-23 14:13:00,331.96,331.96,331.92,331.92,-0.01,96.29,31599.79,-1
2026-07-23,2026-07-23 14:14:00,331.92,331.92,331.88,331.88,-0.01,96.29,31599.79,-1
2026-07-23,2026-07-23 14:15:00,331.88,331.88,331.83,331.83,-0.02,96.29,31599.79,-1
2026-07-23,2026-07-23 14:16:00,331.83,331.83,331.79,331.79,-0.01,96.29,31599.79,-1
2026-07-23,2026-07-23 14:17:00,331.79,331.79,331.75,331.75,-0.01,96.29,31599.79,-1
2026-07-23,2026-07-23 14:18:00,331.75,331.75,331.71,331.71,-0.01,96.29,31599.79,-1
2026-07-23,2026-07-23 14:19:00,331.71,331.71,331.67,331.67,-0.01,96.29,31599.79,-1
2026-07-23,2026-07-23 14:20:00,331.67,331.67,331.62,331.62,-0.02,96.29,31599.79,-1
2026-07-23,2026-07-23 14:21:00,331.62,331.62,331.58,331.58,-0.01,96.29,31599.79,-1
2026-07-23,2026-07-23 14:22:00,331.58,331.58,331.54,331.54,-0.01,96.29,31599.79,-1
2026-07-23,2026-07-23 14:23:00,331.54,331.54,331.5,331.5,-0.01,96.29,31599.79,-1
2026-07-23,2026-07-23 14:24:00,331.5,331.5,331.46,331.46,-0.01,96.29,31599.79,-1
2026-07-23,2026-07-23 14:25:00,331.46,331.46,331.42,331.42,-0.01,96.29,31599.79,-1
2026-07-23,2026-07-23 14:26:00,331.42,331.42,331.38,331.38,-0.01,96.29,31599.79,-1
2026-07-23,2026-07-23 14:27:00,331.38,331.38,331.33,331.33,-0.02,96.29,31599.79,-1
2026-07-23,2026-07-23 14:28:00,331.33,331.33,331.29,331.29,-0.01,96.29,31599.79,-1
2026-07-23,2026-07-23 14:29:00,331.29,331.29,331.25,331.25,-0.01,96.29,31599.79,-1
2026-07-23,2026-07-23 14:30:00,331.25,331.25,331.21,331.21,-0.01,96.29,31599.79,-1
2026-07-23,2026-07-23 14:31:00,331.21,331.21,331.17,331.17,-0.01,96.29,31599.79,-1
2026-07-23,2026-07-23 14:32:00,331.17,331.17,331.12,331.12,-0.02,96.29,31599.79,-1
2026-07-23,2026-07-23 14:33:00,331.12,331.12,331.08,331.08,-0.01,96.29,31599.79,-1
2026-07-23,2026-07-23 14:34:00,331.08,331.08,331.04,331.04,-0.01,96.29,31599.79,-1
2026-07-23,2026-07-23 14:35:00,331.04,331.04,331.0,331.0,-0.01,96.29,31599.79,-1
2026-07-23,2026-07-23 14:36:00,331.0,331.0,330.96,330.96,-0.01,96.29,31599.79,-1
2026-07-23,2026-07-23 14:37:00,330.96,330.96,330.92,330.92,-0.01,96.29,31599.79,-1
2026-07-23,2026-07-23 14:38:00,330.92,330.92,330.88,330.88,-0.01,96.29,31599.79,-1
2026-07-23,2026-07-23 14:39:00,330.88,330.88,330.83,330.83,-0.02,96.29,31599.79,-1
2026-07-23,2026-07-23 14:40:00,330.83,330.83,330.79,330.79,-0.01,96.29,31599.79,-1
2026-07-23,2026-07-23 14:41:00,330.79,330.79,330.75,330.75,-0.01,96.29,31599.79,-1
2026-07-23,2026-07-23 14:42:00,330.75,330.75,330.71,330.71,-0.01,96.29,31599.79,-1
2026-07-23,2026-07-23 14:43:00,330.71,330.71,330.67,330.67,-0.01,96.29,31599.79,-1
2026-07-23,2026-07-23 14:44:00,330.67,330.67,330.62,330.62,-0.02,96.29,31599.79,-1
2026-07-23,2026-07-23 14:45:00,330.62,330.62,330.58,330.58,-0.01,96.29,31599.79,-1
2026-07-23,2026-07-23 14:46:00,330.58,330.58,330.54,330.54,-0.01,96.29,31599.79,-1
2026-07-23,2026-07-23 14:47:00,330.54,330.54,330.5,330.5,-0.01,96.29,31599.79,-1
2026-07-23,2026-07-23 14:48:00,330.5,330.5,330.46,330.46,-0.01,96.29,31599.79,-1
2026-07-23,2026-07-23 14:49:00,330.46,330.46,330.42,330.42,-0.01,96.29,31599.79,-1
2026-07-23,2026-07-23 14:50:00,330.42,330.42,330.38,330.38,-0.01,96.29,31599.79,-1
2026-07-23,2026-07-23 14:51:00,330.38,330.38,330.33,330.33,-0.02,96.29,31599.79,-1
2026-07-23,2026-07-23 14:52:00,330.33,330.33,330.29,330.29,-0.01,96.29,31599.79,-1
2026-07-23,2026-07-23 14:53:00,330.29,330.29,330.25,330.25,-0.01,96.29,31599.79,-1
2026-07-23,2026-07-23 14:54:00,330.25,330.25,330.21,330.21,-0.01,96.29,31599.79,-1
2026-07-23,2026-07-23 14:55:00,330.21,330.21,330.17,330.17,-0.01,96.29,31599.79,-1
2026-07-23,2026-07-23 14:56:00,330.17,330.17,330.12,330.12,-0.02,96.29,31599.79,-1
2026-07-23,2026-07-23 14:57:00,330.12,330.12,330.08,330.08,-0.01,96.29,31599.79,-1
2026-07-23,2026-07-23 14:58:00,330.08,330.08,330.04,330.04,-0.01,96.29,31599.79,-1
2026-07-23,2026-07-23 14:59:00,330.04,330.04,330.0,330.0,-0.01,96.29,31599.79,-1
2026-07-23,2026-07-23 15:00:00,330.0,340.0,325.0,330.0,0.0,96.29,31599.79,0
2026-07-24,2026-07-24 11:00:00,313.5,321.3,313.5,313.59,0.03,132.91,44334.84,1
2026-07-24,2026-07-24 11:01:00,313.59,313.67,313.59,313.67,0.03,132.91,44334.84,1
2026-07-24,2026-07-24 11:02:00,313.67,313.76,313.67,313.76,0.03,132.91,44334.84,1
2026-07-24,2026-07-24 11:03:00,313.76,313.84,313.76,313.84,0.03,132.91,44334.84,1
2026-07-24,2026-07-24 11:04:00,313.84,313.93,313.84,313.93,0.03,132.91,44334.84,1
2026-07-24,2026-07-24 11:05:00,313.93,314.01,313.93,314.01,0.03,132.91,44334.84,1
2026-07-24,2026-07-24 11:06:00,314.01,314.1,314.01,314.1,0.03,132.91,44334.84,1
2026-07-24,2026-07-24 11:07:00,314.1,314.18,314.1,314.18,0.03,132.91,44334.84,1
2026-07-24,2026-07-24 11:08:00,314.18,314.27,314.18,314.27,0.03,132.91,44334.84,1
2026-07-24,2026-07-24 11:09:00,314.27,314.35,314.27,314.35,0.03,132.91,44334.84,1
2026-07-24,2026-07-24 11:10:00,314.35,314.44,314.35,314.44,0.03,132.91,44334.84,1
2026-07-24,2026-07-24 11:11:00,314.44,314.52,314.44,314.52,0.03,132.91,44334.84,1
2026-07-24,2026-07-24 11:12:00,314.52,314.61,314.52,314.61,0.03,132.91,44334.84,1
2026-07-24,2026-07-24 11:13:00,314.61,314.7,314.61,314.7,0.03,132.91,44334.84,1
2026-07-24,2026-07-24 11:14:00,314.7,314.78,314.7,314.78,0.03,132.91,44334.84,1
2026-07-24,2026-07-24 11:15:00,314.78,314.87,314.78,314.87,0.03,132.91,44334.84,1
2026-07-24,2026-07-24 11:16:00,314.87,314.95,314.87,314.95,0.03,132.91,44334.84,1
2026-07-24,2026-07-24 11:17:00,314.95,315.04,314.95,315.04,0.03,132.91,44334.84,1
2026-07-24,2026-07-24 11:18:00,315.04,315.12,315.04,315.12,0.03,132.91,44334.84,1
2026-07-24,2026-07-24 11:19:00,315.12,315.21,315.12,315.21,0.03,132.91,44334.84,1
2026-07-24,2026-07-24 11:20:00,315.21,315.29,315.21,315.29,0.03,132.91,44334.84,1
2026-07-24,2026-07-24 11:21:00,315.29,315.38,315.29,315.38,0.03,132.91,44334.84,1
2026-07-24,2026-07-24 11:22:00,315.38,315.46,315.38,315.46,0.03,132.91,44334.84,1
2026-07-24,2026-07-24 11:23:00,315.46,315.55,315.46,315.55,0.03,132.91,44334.84,1
2026-07-24,2026-07-24 11:24:00,315.55,315.64,315.55,315.64,0.03,132.91,44334.84,1
2026-07-24,2026-07-24 11:25:00,315.64,315.72,315.64,315.72,0.03,132.91,44334.84,1
2026-07-24,2026-07-24 11:26:00,315.72,315.81,315.72,315.81,0.03,132.91,44334.84,1
2026-07-24,2026-07-24 11:27:00,315.81,315.89,315.81,315.89,0.03,132.91,44334.84,1
2026-07-24,2026-07-24 11:28:00,315.89,315.98,315.89,315.98,0.03,132.91,44334.84,1
2026-07-24,2026-07-24 11:29:00,315.98,316.06,315.98,316.06,0.03,132.91,44334.84,1
2026-07-24,2026-07-24 11:30:00,316.06,316.15,316.06,316.15,0.03,132.91,44334.84,1
2026-07-24,2026-07-24 11:31:00,316.15,316.23,316.15,316.23,0.03,132.91,44334.84,1
2026-07-24,2026-07-24 11:32:00,316.23,316.32,316.23,316.32,0.03,132.91,44334.84,1
2026-07-24,2026-07-24 11:33:00,316.32,316.4,316.32,316.4,0.03,132.91,44334.84,1
2026-07-24,2026-07-24 11:34:00,316.4,316.49,316.4,316.49,0.03,132.91,44334.84,1
2026-07-24,2026-07-24 11:35:00,316.49,316.57,316.49,316.57,0.03,132.91,44334.84,1
2026-07-24,2026-07-24 11:36:00,316.57,316.66,316.57,316.66,0.03,132.91,44334.84,1
2026-07-24,2026-07-24 11:37:00,316.66,316.75,316.66,316.75,0.03,132.91,44334.84,1
2026-07-24,2026-07-24 11:38:00,316.75,316.83,316.75,316.83,0.03,132.91,44334.84,1
2026-07-24,2026-07-24 11:39:00,316.83,316.92,316.83,316.92,0.03,132.91,44334.84,1
2026-07-24,2026-07-24 11:40:00,316.92,317.0,316.92,317.0,0.03,132.91,44334.84,1
2026-07-24,2026-07-24 11:41:00,317.0,317.09,317.0,317.09,0.03,132.91,44334.84,1
2026-07-24,2026-07-24 11:42:00,317.09,317.17,317.09,317.17,0.03,132.91,44334.84,1
2026-07-24,2026-07-24 11:43:00,317.17,317.26,317.17,317.26,0.03,132.91,44334.84,1
2026-07-24,2026-07-24 11:44:00,317.26,317.34,317.26,317.34,0.03,132.91,44334.84,1
2026-07-24,2026-07-24 11:45:00,317.34,317.43,317.34,317.43,0.03,132.91,44334.84,1
2026-07-24,2026-07-24 11:46:00,317.43,317.51,317.43,317.51,0.03,132.91,44334.84,1
2026-07-24,2026-07-24 11:47:00,317.51,317.6,317.51,317.6,0.03,132.91,44334.84,1
2026-07-24,2026-07-24 11:48:00,317.6,317.69,317.6,317.69,0.03,132.91,44334.84,1
2026-07-24,2026-07-24 11:49:00,317.69,317.77,317.69,317.77,0.03,132.91,44334.84,1
2026-07-24,2026-07-24 11:50:00,317.77,317.86,317.77,317.86,0.03,132.91,44334.84,1
2026-07-24,2026-07-24 11:51:00,317.86,317.94,317.86,317.94,0.03,132.91,44334.84,1
2026-07-24,2026-07-24 11:52:00,317.94,318.03,317.94,318.03,0.03,132.91,44334.84,1
2026-07-24,2026-07-24 11:53:00,318.03,318.11,318.03,318.11,0.03,132.91,44334.84,1
2026-07-24,2026-07-24 11:54:00,318.11,318.2,318.11,318.2,0.03,132.91,44334.84,1
2026-07-24,2026-07-24 11:55:00,318.2,318.28,318.2,318.28,0.03,132.91,44334.84,1
2026-07-24,2026-07-24 11:56:00,318.28,318.37,318.28,318.37,0.03,132.91,44334.84,1
2026-07-24,2026-07-24 11:57:00,318.37,318.45,318.37,318.45,0.03,132.91,44334.84,1
2026-07-24,2026-07-24 11:58:00,318.45,318.54,318.45,318.54,0.03,132.91,44334.84,1
2026-07-24,2026-07-24 11:59:00,318.54,318.62,318.54,318.62,0.03,132.91,44334.84,1
2026-07-24,2026-07-24 12:00:00,318.62,318.71,318.62,318.71,0.03,132.91,44334.84,1
2026-07-24,2026-07-24 12:01:00,318.71,318.8,318.71,318.8,0.03,132.91,44334.84,1
2026-07-24,2026-07-24 12:02:00,318.8,318.88,318.8,318.88,0.03,132.91,44334.84,1
2026-07-24,2026-07-24 12:03:00,318.88,318.97,318.88,318.97,0.03,132.91,44334.84,1
2026-07-24,2026-07-24 12:04:00,318.97,319.05,318.97,319.05,0.03,132.91,44334.84,1
2026-07-24,2026-07-24 12:05:00,319.05,319.14,319.05,319.14,0.03,132.91,44334.84,1
2026-07-24,2026-07-24 12:06:00,319.14,319.22,319.14,319.22,0.03,132.91,44334.84,1
2026-07-24,2026-07-24 12:07:00,319.22,319.31,319.22,319.31,0.03,132.91,44334.84,1
2026-07-24,2026-07-24 12:08:00,319.31,319.39,319.31,319.39,0.03,132.91,44334.84,1
2026-07-24,2026-07-24 12:09:00,319.39,319.48,319.39,319.48,0.03,132.91,44334.84,1
2026-07-24,2026-07-24 12:10:00,319.48,319.56,319.48,319.56,0.03,132.91,44334.84,1
2026-07-24,2026-07-24 12:11:00,319.56,319.65,319.56,319.65,0.03,132.91,44334.84,1
2026-07-24,2026-07-24 12:12:00,319.65,319.74,319.65,319.74,0.03,132.91,44334.84,1
2026-07-24,2026-07-24 12:13:00,319.74,319.82,319.74,319.82,0.03,132.91,44334.84,1
2026-07-24,2026-07-24 12:14:00,319.82,319.91,319.82,319.91,0.03,132.91,44334.84,1
2026-07-24,2026-07-24 12:15:00,319.91,319.99,319.91,319.99,0.03,132.91,44334.84,1
2026-07-24,2026-07-24 12:16:00,319.99,320.08,319.99,320.08,0.03,132.91,44334.84,1
2026-07-24,2026-07-24 12:17:00,320.08,320.16,320.08,320.16,0.02,132.91,44334.84,1
2026-07-24,2026-07-24 12:18:00,320.16,320.25,320.16,320.25,0.03,132.91,44334.84,1
2026-07-24,2026-07-24 12:19:00,320.25,320.33,320.25,320.33,0.02,132.91,44334.84,1
2026-07-24,2026-07-24 12:20:00,320.33,320.42,320.33,320.42,0.03,132.91,44334.84,1
2026-07-24,2026-07-24 12:21:00,320.42,320.5,320.42,320.5,0.02,132.91,44334.84,1
2026-07-24,2026-07-24 12:22:00,320.5,320.59,320.5,320.59,0.03,132.91,44334.84,1
2026-07-24,2026-07-24 12:23:00,320.59,320.68,320.59,320.68,0.03,132.91,44334.84,1
2026-07-24,2026-07-24 12:24:00,320.68,320.76,320.68,320.76,0.02,132.91,44334.84,1
2026-07-24,2026-07-24 12:25:00,320.76,320.85,320.76,320.85,0.03,132.91,44334.84,1
2026-07-24,2026-07-24 12:26:00,320.85,320.93,320.85,320.93,0.02,132.91,44334.84,1
2026-07-24,2026-07-24 12:27:00,320.93,321.02,320.93,321.02,0.03,132.91,44334.84,1
2026-07-24,2026-07-24 12:28:00,321.02,321.1,321.02,321.1,0.02,132.91,44334.84,1
2026-07-24,2026-07-24 12:29:00,321.1,321.19,321.1,321.19,0.03,132.91,44334.84,1
2026-07-24,2026-07-24 12:30:00,321.19,321.27,321.19,321.27,0.02,132.91,44334.84,1
2026-07-24,2026-07-24 12:31:00,321.27,321.36,321.27,321.36,0.03,132.91,44334.84,1
2026-07-24,2026-07-24 12:32:00,321.36,321.44,321.36,321.44,0.02,132.91,44334.84,1
2026-07-24,2026-07-24 12:33:00,321.44,321.53,321.44,321.53,0.03,132.91,44334.84,1
2026-07-24,2026-07-24 12:34:00,321.53,321.61,321.53,321.61,0.02,132.91,44334.84,1
2026-07-24,2026-07-24 12:35:00,321.61,321.7,321.61,321.7,0.03,132.91,44334.84,1
2026-07-24,2026-07-24 12:36:00,321.7,321.79,321.7,321.79,0.03,132.91,44334.84,1
2026-07-24,2026-07-24 12:37:00,321.79,321.87,321.79,321.87,0.02,132.91,44334.84,1
2026-07-24,2026-07-24 12:38:00,321.87,321.96,321.87,321.96,0.03,132.91,44334.84,1
2026-07-24,2026-07-24 12:39:00,321.96,322.04,321.96,322.04,0.02,132.91,44334.84,1
2026-07-24,2026-07-24 12:40:00,322.04,322.13,322.04,322.13,0.03,132.91,44334.84,1
2026-07-24,2026-07-24 12:41:00,322.13,322.21,322.13,322.21,0.02,132.91,44334.84,1
2026-07-24,2026-07-24 12:42:00,322.21,322.3,322.21,322.3,0.03,132.91,44334.84,1
2026-07-24,2026-07-24 12:43:00,322.3,322.38,322.3,322.38,0.02,132.91,44334.84,1
2026-07-24,2026-07-24 12:44:00,322.38,322.47,322.38,322.47,0.03,132.91,44334.84,1
2026-07-24,2026-07-24 12:45:00,322.47,322.55,322.47,322.55,0.02,132.91,44334.84,1
2026-07-24,2026-07-24 12:46:00,322.55,322.64,322.55,322.64,0.03,132.91,44334.84,1
2026-07-24,2026-07-24 12:47:00,322.64,322.73,322.64,322.73,0.03,132.91,44334.84,1
2026-07-24,2026-07-24 12:48:00,322.73,322.81,322.73,322.81,0.02,132.91,44334.84,1
2026-07-24,2026-07-24 12:49:00,322.81,322.9,322.81,322.9,0.03,132.91,44334.84,1
2026-07-24,2026-07-24 12:50:00,322.9,322.98,322.9,322.98,0.02,132.91,44334.84,1
2026-07-24,2026-07-24 12:51:00,322.98,323.07,322.98,323.07,0.03,132.91,44334.84,1
2026-07-24,2026-07-24 12:52:00,323.07,323.15,323.07,323.15,0.02,132.91,44334.84,1
2026-07-24,2026-07-24 12:53:00,323.15,323.24,323.15,323.24,0.03,132.91,44334.84,1
2026-07-24,2026-07-24 12:54:00,323.24,323.32,323.24,323.32,0.02,132.91,44334.84,1
2026-07-24,2026-07-24 12:55:00,323.32,323.41,323.32,323.41,0.03,132.91,44334.84,1
2026-07-24,2026-07-24 12:56:00,323.41,323.49,323.41,323.49,0.02,132.91,44334.84,1
2026-07-24,2026-07-24 12:57:00,323.49,323.58,323.49,323.58,0.03,132.91,44334.84,1
2026-07-24,2026-07-24 12:58:00,323.58,323.66,323.58,323.66,0.02,132.91,44334.84,1
2026-07-24,2026-07-24 12:59:00,323.66,323.75,323.66,323.75,0.03,132.91,44334.84,1
2026-07-24,2026-07-24 13:00:00,323.75,339.5,313.5,323.84,0.03,132.91,44334.84,1
2026-07-24,2026-07-24 13:01:00,323.84,323.92,323.84,323.92,0.02,132.91,44334.84,1
2026-07-24,2026-07-24 13:02:00,323.92,324.01,323.92,324.01,0.03,132.91,44334.84,1
2026-07-24,2026-07-24 13:03:00,324.01,324.09,324.01,324.09,0.02,132.91,44334.84,1
2026-07-24,2026-07-24 13:04:00,324.09,324.18,324.09,324.18,0.03,132.91,44334.84,1
2026-07-24,2026-07-24 13:05:00,324.18,324.26,324.18,324.26,0.02,132.91,44334.84,1
2026-07-24,2026-07-24 13:06:00,324.26,324.35,324.26,324.35,0.03,132.91,44334.84,1
2026-07-24,2026-07-24 13:07:00,324.35,324.43,324.35,324.43,0.02,132.91,44334.84,1
2026-07-24,2026-07-24 13:08:00,324.43,324.52,324.43,324.52,0.03,132.91,44334.84,1
2026-07-24,2026-07-24 13:09:00,324.52,324.6,324.52,324.6,0.02,132.91,44334.84,1
2026-07-24,2026-07-24 13:10:00,324.6,324.69,324.6,324.69,0.03,132.91,44334.84,1
2026-07-24,2026-07-24 13:11:00,324.69,324.77,324.69,324.77,0.02,132.91,44334.84,1
2026-07-24,2026-07-24 13:12:00,324.77,324.86,324.77,324.86,0.03,132.91,44334.84,1
2026-07-24,2026-07-24 13:13:00,324.86,324.95,324.86,324.95,0.03,132.91,44334.84,1
2026-07-24,2026-07-24 13:14:00,324.95,325.03,324.95,325.03,0.02,132.91,44334.84,1
2026-07-24,2026-07-24 13:15:00,325.03,325.12,325.03,325.12,0.03,132.91,44334.84,1
2026-07-24,2026-07-24 13:16:00,325.12,325.2,325.12,325.2,0.02,132.91,44334.84,1
2026-07-24,2026-07-24 13:17:00,325.2,325.29,325.2,325.29,0.03,132.91,44334.84,1
2026-07-24,2026-07-24 13:18:00,325.29,325.37,325.29,325.37,0.02,132.91,44334.84,1
2026-07-24,2026-07-24 13:19:00,325.37,325.46,325.37,325.46,0.03,132.91,44334.84,1
2026-07-24,2026-07-24 13:20:00,325.46,325.54,325.46,325.54,0.02,132.91,44334.84,1
2026-07-24,2026-07-24 13:21:00,325.54,325.63,325.54,325.63,0.03,132.91,44334.84,1
2026-07-24,2026-07-24 13:22:00,325.63,325.71,325.63,325.71,0.02,132.91,44334.84,1
2026-07-24,2026-07-24 13:23:00,325.71,325.8,325.71,325.8,0.03,132.91,44334.84,1
2026-07-24,2026-07-24 13:24:00,325.8,325.89,325.8,325.89,0.03,132.91,44334.84,1
2026-07-24,2026-07-24 13:25:00,325.89,325.97,325.89,325.97,0.02,132.91,44334.84,1
2026-07-24,2026-07-24 13:26:00,325.97,326.06,325.97,326.06,0.03,132.91,44334.84,1
2026-07-24,2026-07-24 13:27:00,326.06,326.14,326.06,326.14,0.02,132.91,44334.84,1
2026-07-24,2026-07-24 13:28:00,326.14,326.23,326.14,326.23,0.03,132.91,44334.84,1
2026-07-24,2026-07-24 13:29:00,326.23,326.31,326.23,326.31,0.02,132.91,44334.84,1
2026-07-24,2026-07-24 13:30:00,326.31,326.4,326.31,326.4,0.03,132.91,44334.84,1
2026-07-24,2026-07-24 13:31:00,326.4,326.48,326.4,326.48,0.02,132.91,44334.84,1
2026-07-24,2026-07-24 13:32:00,326.48,326.57,326.48,326.57,0.03,132.91,44334.84,1
2026-07-24,2026-07-24 13:33:00,326.57,326.65,326.57,326.65,0.02,132.91,44334.84,1
2026-07-24,2026-07-24 13:34:00,326.65,326.74,326.65,326.74,0.03,132.91,44334.84,1
2026-07-24,2026-07-24 13:35:00,326.74,326.82,326.74,326.82,0.02,132.91,44334.84,1
2026-07-24,2026-07-24 13:36:00,326.82,326.91,326.82,326.91,0.03,132.91,44334.84,1
2026-07-24,2026-07-24 13:37:00,326.91,327.0,326.91,327.0,0.03,132.91,44334.84,1
2026-07-24,2026-07-24 13:38:00,327.0,327.08,327.0,327.08,0.02,132.91,44334.84,1
2026-07-24,2026-07-24 13:39:00,327.08,327.17,327.08,327.17,0.03,132.91,44334.84,1
2026-07-24,2026-07-24 13:40:00,327.17,327.25,327.17,327.25,0.02,132.91,44334.84,1
2026-07-24,2026-07-24 13:41:00,327.25,327.34,327.25,327.34,0.03,132.91,44334.84,1
2026-07-24,2026-07-24 13:42:00,327.34,327.42,327.34,327.42,0.02,132.91,44334.84,1
2026-07-24,2026-07-24 13:43:00,327.42,327.51,327.42,327.51,0.03,132.91,44334.84,1
2026-07-24,2026-07-24 13:44:00,327.51,327.59,327.51,327.59,0.02,132.91,44334.84,1
2026-07-24,2026-07-24 13:45:00,327.59,327.68,327.59,327.68,0.03,132.91,44334.84,1
2026-07-24,2026-07-24 13:46:00,327.68,327.76,327.68,327.76,0.02,132.91,44334.84,1
2026-07-24,2026-07-24 13:47:00,327.76,327.85,327.76,327.85,0.03,132.91,44334.84,1
2026-07-24,2026-07-24 13:48:00,327.85,327.94,327.85,327.94,0.03,132.91,44334.84,1
2026-07-24,2026-07-24 13:49:00,327.94,328.02,327.94,328.02,0.02,132.91,44334.84,1
2026-07-24,2026-07-24 13:50:00,328.02,328.11,328.02,328.11,0.03,132.91,44334.84,1
2026-07-24,2026-07-24 13:51:00,328.11,328.19,328.11,328.19,0.02,132.91,44334.84,1
2026-07-24,2026-07-24 13:52:00,328.19,328.28,328.19,328.28,0.03,132.91,44334.84,1
2026-07-24,2026-07-24 13:53:00,328.28,328.36,328.28,328.36,0.02,132.91,44334.84,1
2026-07-24,2026-07-24 13:54:00,328.36,328.45,328.36,328.45,0.03,132.91,44334.84,1
2026-07-24,2026-07-24 13:55:00,328.45,328.53,328.45,328.53,0.02,132.91,44334.84,1
2026-07-24,2026-07-24 13:56:00,328.53,328.62,328.53,328.62,0.03,132.91,44334.84,1
2026-07-24,2026-07-24 13:57:00,328.62,328.7,328.62,328.7,0.02,132.91,44334.84,1
2026-07-24,2026-07-24 13:58:00,328.7,328.79,328.7,328.79,0.03,132.91,44334.84,1
2026-07-24,2026-07-24 13:59:00,328.79,328.88,328.79,328.88,0.03,132.91,44334.84,1
2026-07-24,2026-07-24 14:00:00,328.88,328.96,328.88,328.96,0.02,132.91,44334.84,1
2026-07-24,2026-07-24 14:01:00,328.96,329.05,328.96,329.05,0.03,132.91,44334.84,1
2026-07-24,2026-07-24 14:02:00,329.05,329.13,329.05,329.13,0.02,132.91,44334.84,1
2026-07-24,2026-07-24 14:03:00,329.13,329.22,329.13,329.22,0.03,132.91,44334.84,1
2026-07-24,2026-07-24 14:04:00,329.22,329.3,329.22,329.3,0.02,132.91,44334.84,1
2026-07-24,2026-07-24 14:05:00,329.3,329.39,329.3,329.39,0.03,132.91,44334.84,1
2026-07-24,2026-07-24 14:06:00,329.39,329.47,329.39,329.47,0.02,132.91,44334.84,1
2026-07-24,2026-07-24 14:07:00,329.47,329.56,329.47,329.56,0.03,132.91,44334.84,1
2026-07-24,2026-07-24 14:08:00,329.56,329.64,329.56,329.64,0.02,132.91,44334.84,1
2026-07-24,2026-07-24 14:09:00,329.64,329.73,329.64,329.73,0.03,132.91,44334.84,1
2026-07-24,2026-07-24 14:10:00,329.73,329.81,329.73,329.81,0.02,132.91,44334.84,1
2026-07-24,2026-07-24 14:11:00,329.81,329.9,329.81,329.9,0.03,132.91,44334.84,1
2026-07-24,2026-07-24 14:12:00,329.9,329.99,329.9,329.99,0.03,132.91,44334.84,1
2026-07-24,2026-07-24 14:13:00,329.99,330.07,329.99,330.07,0.02,132.91,44334.84,1
2026-07-24,2026-07-24 14:14:00,330.07,330.16,330.07,330.16,0.03,132.91,44334.84,1
2026-07-24,2026-07-24 14:15:00,330.16,330.24,330.16,330.24,0.02,132.91,44334.84,1
2026-07-24,2026-07-24 14:16:00,330.24,330.33,330.24,330.33,0.03,132.91,44334.84,1
2026-07-24,2026-07-24 14:17:00,330.33,330.41,330.33,330.41,0.02,132.91,44334.84,1
2026-07-24,2026-07-24 14:18:00,330.41,330.5,330.41,330.5,0.03,132.91,44334.84,1
2026-07-24,2026-07-24 14:19:00,330.5,330.58,330.5,330.58,0.02,132.91,44334.84,1
2026-07-24,2026-07-24 14:20:00,330.58,330.67,330.58,330.67,0.03,132.91,44334.84,1
2026-07-24,2026-07-24 14:21:00,330.67,330.75,330.67,330.75,0.02,132.91,44334.84,1
2026-07-24,2026-07-24 14:22:00,330.75,330.84,330.75,330.84,0.03,132.91,44334.84,1
2026-07-24,2026-07-24 14:23:00,330.84,330.93,330.84,330.93,0.03,132.91,44334.84,1
2026-07-24,2026-07-24 14:24:00,330.93,331.01,330.93,331.01,0.02,132.91,44334.84,1
2026-07-24,2026-07-24 14:25:00,331.01,331.1,331.01,331.1,0.03,132.91,44334.84,1
2026-07-24,2026-07-24 14:26:00,331.1,331.18,331.1,331.18,0.02,132.91,44334.84,1
2026-07-24,2026-07-24 14:27:00,331.18,331.27,331.18,331.27,0.03,132.91,44334.84,1
2026-07-24,2026-07-24 14:28:00,331.27,331.35,331.27,331.35,0.02,132.91,44334.84,1
2026-07-24,2026-07-24 14:29:00,331.35,331.44,331.35,331.44,0.03,132.91,44334.84,1
2026-07-24,2026-07-24 14:30:00,331.44,331.52,331.44,331.52,0.02,132.91,44334.84,1
2026-07-24,2026-07-24 14:31:00,331.52,331.61,331.52,331.61,0.03,132.91,44334.84,1
2026-07-24,2026-07-24 14:32:00,331.61,331.69,331.61,331.69,0.02,132.91,44334.84,1
2026-07-24,2026-07-24 14:33:00,331.69,331.78,331.69,331.78,0.03,132.91,44334.84,1
2026-07-24,2026-07-24 14:34:00,331.78,331.86,331.78,331.86,0.02,132.91,44334.84,1
2026-07-24,2026-07-24 14:35:00,331.86,331.95,331.86,331.95,0.03,132.91,44334.84,1
2026-07-24,2026-07-24 14:36:00,331.95,332.04,331.95,332.04,0.03,132.91,44334.84,1
2026-07-24,2026-07-24 14:37:00,332.04,332.12,332.04,332.12,0.02,132.91,44334.84,1
2026-07-24,2026-07-24 14:38:00,332.12,332.21,332.12,332.21,0.03,132.91,44334.84,1
2026-07-24,2026-07-24 14:39:00,332.21,332.29,332.21,332.29,0.02,132.91,44334.84,1
2026-07-24,2026-07-24 14:40:00,332.29,332.38,332.29,332.38,0.03,132.91,44334.84,1
2026-07-24,2026-07-24 14:41:00,332.38,332.46,332.38,332.46,0.02,132.91,44334.84,1
2026-07-24,2026-07-24 14:42:00,332.46,332.55,332.46,332.55,0.03,132.91,44334.84,1
2026-07-24,2026-07-24 14:43:00,332.55,332.63,332.55,332.63,0.02,132.91,44334.84,1
2026-07-24,2026-07-24 14:44:00,332.63,332.72,332.63,332.72,0.03,132.91,44334.84,1
2026-07-24,2026-07-24 14:45:00,332.72,332.8,332.72,332.8,0.02,132.91,44334.84,1
2026-07-24,2026-07-24 14:46:00,332.8,332.89,332.8,332.89,0.03,132.91,44334.84,1
2026-07-24,2026-07-24 14:47:00,332.89,332.98,332.89,332.98,0.03,132.91,44334.84,1
2026-07-24,2026-07-24 14:48:00,332.98,333.06,332.98,333.06,0.02,132.91,44334.84,1
2026-07-24,2026-07-24 14:49:00,333.06,333.15,333.06,333.15,0.03,132.91,44334.84,1
2026-07-24,2026-07-24 14:50:00,333.15,333.23,333.15,333.23,0.02,132.91,44334.84,1
2026-07-24,2026-07-24 14:51:00,333.23,333.32,333.23,333.32,0.03,132.91,44334.84,1
2026-07-24,2026-07-24 14:52:00,333.32,333.4,333.32,333.4,0.02,132.91,44334.84,1
2026-07-24,2026-07-24 14:53:00,333.4,333.49,333.4,333.49,0.03,132.91,44334.84,1
2026-07-24,2026-07-24 14:54:00,333.49,333.57,333.49,333.57,0.02,132.91,44334.84,1
2026-07-24,2026-07-24 14:55:00,333.57,333.66,333.57,333.66,0.03,132.91,44334.84,1
2026-07-24,2026-07-24 14:56:00,333.66,333.74,333.66,333.74,0.02,132.91,44334.84,1
2026-07-24,2026-07-24 14:57:00,333.74,333.83,333.74,333.83,0.03,132.91,44334.84,1
2026-07-24,2026-07-24 14:58:00,333.83,333.91,333.83,333.91,0.02,132.91,44334.84,1
2026-07-24,2026-07-24 14:59:00,333.91,334.0,333.91,334.0,0.03,132.91,44334.84,1
2026-07-24,2026-07-24 15:00:00,334.0,339.5,313.5,334.0,0.0,132.91,44334.84,0
2026-07-27,2026-07-27 11:00:00,334.0,334.27,331.3,333.96,-0.01,77.9,25590.88,-1
2026-07-27,2026-07-27 11:01:00,333.96,333.96,333.93,333.93,-0.01,77.9,25590.88,-1
2026-07-27,2026-07-27 11:02:00,333.93,333.93,333.89,333.89,-0.01,77.9,25590.88,-1
2026-07-27,2026-07-27 11:03:00,333.89,333.89,333.86,333.86,-0.01,77.9,25590.88,-1
2026-07-27,2026-07-27 11:04:00,333.86,333.86,333.82,333.82,-0.01,77.9,25590.88,-1
2026-07-27,2026-07-27 11:05:00,333.82,333.82,333.79,333.79,-0.01,77.9,25590.88,-1
2026-07-27,2026-07-27 11:06:00,333.79,333.79,333.75,333.75,-0.01,77.9,25590.88,-1
2026-07-27,2026-07-27 11:07:00,333.75,333.75,333.71,333.71,-0.01,77.9,25590.88,-1
2026-07-27,2026-07-27 11:08:00,333.71,333.71,333.68,333.68,-0.01,77.9,25590.88,-1
2026-07-27,2026-07-27 11:09:00,333.68,333.68,333.64,333.64,-0.01,77.9,25590.88,-1
2026-07-27,2026-07-27 11:10:00,333.64,333.64,333.61,333.61,-0.01,77.9,25590.88,-1
2026-07-27,2026-07-27 11:11:00,333.61,333.61,333.57,333.57,-0.01,77.9,25590.88,-1
2026-07-27,2026-07-27 11:12:00,333.57,333.57,333.53,333.53,-0.01,77.9,25590.88,-1
2026-07-27,2026-07-27 11:13:00,333.53,333.53,333.5,333.5,-0.01,77.9,25590.88,-1
2026-07-27,2026-07-27 11:14:00,333.5,333.5,333.46,333.46,-0.01,77.9,25590.88,-1
2026-07-27,2026-07-27 11:15:00,333.46,333.46,333.43,333.43,-0.01,77.9,25590.88,-1
2026-07-27,2026-07-27 11:16:00,333.43,333.43,333.39,333.39,-0.01,77.9,25590.88,-1
2026-07-27,2026-07-27 11:17:00,333.39,333.39,333.36,333.36,-0.01,77.9,25590.88,-1
2026-07-27,2026-07-27 11:18:00,333.36,333.36,333.32,333.32,-0.01,77.9,25590.88,-1
2026-07-27,2026-07-27 11:19:00,333.32,333.32,333.28,333.28,-0.01,77.9,25590.88,-1
2026-07-27,2026-07-27 11:20:00,333.28,333.28,333.25,333.25,-0.01,77.9,25590.88,-1
2026-07-27,2026-07-27 11:21:00,333.25,333.25,333.21,333.21,-0.01,77.9,25590.88,-1
2026-07-27,2026-07-27 11:22:00,333.21,333.21,333.18,333.18,-0.01,77.9,25590.88,-1
2026-07-27,2026-07-27 11:23:00,333.18,333.18,333.14,333.14,-0.01,77.9,25590.88,-1
2026-07-27,2026-07-27 11:24:00,333.14,333.14,333.1,333.1,-0.01,77.9,25590.88,-1
2026-07-27,2026-07-27 11:25:00,333.1,333.1,333.07,333.07,-0.01,77.9,25590.88,-1
2026-07-27,2026-07-27 11:26:00,333.07,333.07,333.03,333.03,-0.01,77.9,25590.88,-1
2026-07-27,2026-07-27 11:27:00,333.03,333.03,333.0,333.0,-0.01,77.9,25590.88,-1
2026-07-27,2026-07-27 11:28:00,333.0,333.0,332.96,332.96,-0.01,77.9,25590.88,-1
2026-07-27,2026-07-27 11:29:00,332.96,332.96,332.93,332.93,-0.01,77.9,25590.88,-1
2026-07-27,2026-07-27 11:30:00,332.93,332.93,332.89,332.89,-0.01,77.9,25590.88,-1
2026-07-27,2026-07-27 11:31:00,332.89,332.89,332.85,332.85,-0.01,77.9,25590.88,-1
2026-07-27,2026-07-27 11:32:00,332.85,332.85,332.82,332.82,-0.01,77.9,25590.88,-1
2026-07-27,2026-07-27 11:33:00,332.82,332.82,332.78,332.78,-0.01,77.9,25590.88,-1
2026-07-27,2026-07-27 11:34:00,332.78,332.78,332.75,332.75,-0.01,77.9,25590.88,-1
2026-07-27,2026-07-27 11:35:00,332.75,332.75,332.71,332.71,-0.01,77.9,25590.88,-1
2026-07-27,2026-07-27 11:36:00,332.71,332.71,332.67,332.67,-0.01,77.9,25590.88,-1
2026-07-27,2026-07-27 11:37:00,332.67,332.67,332.64,332.64,-0.01,77.9,25590.88,-1
2026-07-27,2026-07-27 11:38:00,332.64,332.64,332.6,332.6,-0.01,77.9,25590.88,-1
2026-07-27,2026-07-27 11:39:00,332.6,332.6,332.57,332.57,-0.01,77.9,25590.88,-1
2026-07-27,2026-07-27 11:40:00,332.57,332.57,332.53,332.53,-0.01,77.9,25590.88,-1
2026-07-27,2026-07-27 11:41:00,332.53,332.53,332.5,332.5,-0.01,77.9,25590.88,-1
2026-07-27,2026-07-27 11:42:00,332.5,332.5,332.46,332.46,-0.01,77.9,25590.88,-1
2026-07-27,2026-07-27 11:43:00,332.46,332.46,332.42,332.42,-0.01,77.9,25590.88,-1
2026-07-27,2026-07-27 11:44:00,332.42,332.42,332.39,332.39,-0.01,77.9,25590.88,-1
2026-07-27,2026-07-27 11:45:00,332.39,332.39,332.35,332.35,-0.01,77.9,25590.88,-1
2026-07-27,2026-07-27 11:46:00,332.35,332.35,332.32,332.32,-0.01,77.9,25590.88,-1
2026-07-27,2026-07-27 11:47:00,332.32,332.32,332.28,332.28,-0.01,77.9,25590.88,-1
2026-07-27,2026-07-27 11:48:00,332.28,332.28,332.24,332.24,-0.01,77.9,25590.88,-1
2026-07-27,2026-07-27 11:49:00,332.24,332.24,332.21,332.21,-0.01,77.9,25590.88,-1
2026-07-27,2026-07-27 11:50:00,332.21,332.21,332.17,332.17,-0.01,77.9,25590.88,-1
2026-07-27,2026-07-27 11:51:00,332.17,332.17,332.14,332.14,-0.01,77.9,25590.88,-1
2026-07-27,2026-07-27 11:52:00,332.14,332.14,332.1,332.1,-0.01,77.9,25590.88,-1
2026-07-27,2026-07-27 11:53:00,332.1,332.1,332.06,332.06,-0.01,77.9,25590.88,-1
2026-07-27,2026-07-27 11:54:00,332.06,332.06,332.03,332.03,-0.01,77.9,25590.88,-1
2026-07-27,2026-07-27 11:55:00,332.03,332.03,331.99,331.99,-0.01,77.9,25590.88,-1
2026-07-27,2026-07-27 11:56:00,331.99,331.99,331.96,331.96,-0.01,77.9,25590.88,-1
2026-07-27,2026-07-27 11:57:00,331.96,331.96,331.92,331.92,-0.01,77.9,25590.88,-1
2026-07-27,2026-07-27 11:58:00,331.92,331.92,331.89,331.89,-0.01,77.9,25590.88,-1
2026-07-27,2026-07-27 11:59:00,331.89,331.89,331.85,331.85,-0.01,77.9,25590.88,-1
2026-07-27,2026-07-27 12:00:00,331.85,331.85,331.81,331.81,-0.01,77.9,25590.88,-1
2026-07-27,2026-07-27 12:01:00,331.81,331.81,331.78,331.78,-0.01,77.9,25590.88,-1
2026-07-27,2026-07-27 12:02:00,331.78,331.78,331.74,331.74,-0.01,77.9,25590.88,-1
2026-07-27,2026-07-27 12:03:00,331.74,331.74,331.71,331.71,-0.01,77.9,25590.88,-1
2026-07-27,2026-07-27 12:04:00,331.71,331.71,331.67,331.67,-0.01,77.9,25590.88,-1
2026-07-27,2026-07-27 12:05:00,331.67,331.67,331.63,331.63,-0.01,77.9,25590.88,-1
2026-07-27,2026-07-27 12:06:00,331.63,331.63,331.6,331.6,-0.01,77.9,25590.88,-1
2026-07-27,2026-07-27 12:07:00,331.6,331.6,331.56,331.56,-0.01,77.9,25590.88,-1
2026-07-27,2026-07-27 12:08:00,331.56,331.56,331.53,331.53,-0.01,77.9,25590.88,-1
2026-07-27,2026-07-27 12:09:00,331.53,331.53,331.49,331.49,-0.01,77.9,25590.88,-1
2026-07-27,2026-07-27 12:10:00,331.49,331.49,331.46,331.46,-0.01,77.9,25590.88,-1
2026-07-27,2026-07-27 12:11:00,331.46,331.46,331.42,331.42,-0.01,77.9,25590.88,-1
2026-07-27,2026-07-27 12:12:00,331.42,331.42,331.38,331.38,-0.01,77.9,25590.88,-1
2026-07-27,2026-07-27 12:13:00,331.38,331.38,331.35,331.35,-0.01,77.9,25590.88,-1
2026-07-27,2026-07-27 12:14:00,331.35,331.35,331.31,331.31,-0.01,77.9,25590.88,-1
2026-07-27,2026-07-27 12:15:00,331.31,331.31,331.28,331.28,-0.01,77.9,25590.88,-1
2026-07-27,2026-07-27 12:16:00,331.28,331.28,331.24,331.24,-0.01,77.9,25590.88,-1
2026-07-27,2026-07-27 12:17:00,331.24,331.24,331.2,331.2,-0.01,77.9,25590.88,-1
2026-07-27,2026-07-27 12:18:00,331.2,331.2,331.17,331.17,-0.01,77.9,25590.88,-1
2026-07-27,2026-07-27 12:19:00,331.17,331.17,331.13,331.13,-0.01,77.9,25590.88,-1
2026-07-27,2026-07-27 12:20:00,331.13,331.13,331.1,331.1,-0.01,77.9,25590.88,-1
2026-07-27,2026-07-27 12:21:00,331.1,331.1,331.06,331.06,-0.01,77.9,25590.88,-1
2026-07-27,2026-07-27 12:22:00,331.06,331.06,331.03,331.03,-0.01,77.9,25590.88,-1
2026-07-27,2026-07-27 12:23:00,331.03,331.03,330.99,330.99,-0.01,77.9,25590.88,-1
2026-07-27,2026-07-27 12:24:00,330.99,330.99,330.95,330.95,-0.01,77.9,25590.88,-1
2026-07-27,2026-07-27 12:25:00,330.95,330.95,330.92,330.92,-0.01,77.9,25590.88,-1
2026-07-27,2026-07-27 12:26:00,330.92,330.92,330.88,330.88,-0.01,77.9,25590.88,-1
2026-07-27,2026-07-27 12:27:00,330.88,330.88,330.85,330.85,-0.01,77.9,25590.88,-1
2026-07-27,2026-07-27 12:28:00,330.85,330.85,330.81,330.81,-0.01,77.9,25590.88,-1
2026-07-27,2026-07-27 12:29:00,330.81,330.81,330.77,330.77,-0.01,77.9,25590.88,-1
2026-07-27,2026-07-27 12:30:00,330.77,330.77,330.74,330.74,-0.01,77.9,25590.88,-1
2026-07-27,2026-07-27 12:31:00,330.74,330.74,330.7,330.7,-0.01,77.9,25590.88,-1
2026-07-27,2026-07-27 12:32:00,330.7,330.7,330.67,330.67,-0.01,77.9,25590.88,-1
2026-07-27,2026-07-27 12:33:00,330.67,330.67,330.63,330.63,-0.01,77.9,25590.88,-1
2026-07-27,2026-07-27 12:34:00,330.63,330.63,330.6,330.6,-0.01,77.9,25590.88,-1
2026-07-27,2026-07-27 12:35:00,330.6,330.6,330.56,330.56,-0.01,77.9,25590.88,-1
2026-07-27,2026-07-27 12:36:00,330.56,330.56,330.52,330.52,-0.01,77.9,25590.88,-1
2026-07-27,2026-07-27 12:37:00,330.52,330.52,330.49,330.49,-0.01,77.9,25590.88,-1
2026-07-27,2026-07-27 12:38:00,330.49,330.49,330.45,330.45,-0.01,77.9,25590.88,-1
2026-07-27,2026-07-27 12:39:00,330.45,330.45,330.42,330.42,-0.01,77.9,25590.88,-1
2026-07-27,2026-07-27 12:40:00,330.42,330.42,330.38,330.38,-0.01,77.9,25590.88,-1
2026-07-27,2026-07-27 12:41:00,330.38,330.38,330.34,330.34,-0.01,77.9,25590.88,-1
2026-07-27,2026-07-27 12:42:00,330.34,330.34,330.31,330.31,-0.01,77.9,25590.88,-1
2026-07-27,2026-07-27 12:43:00,330.31,330.31,330.27,330.27,-0.01,77.9,25590.88,-1
2026-07-27,2026-07-27 12:44:00,330.27,330.27,330.24,330.24,-0.01,77.9,25590.88,-1
2026-07-27,2026-07-27 12:45:00,330.24,330.24,330.2,330.2,-0.01,77.9,25590.88,-1
2026-07-27,2026-07-27 12:46:00,330.2,330.2,330.17,330.17,-0.01,77.9,25590.88,-1
2026-07-27,2026-07-27 12:47:00,330.17,330.17,330.13,330.13,-0.01,77.9,25590.88,-1
2026-07-27,2026-07-27 12:48:00,330.13,330.13,330.09,330.09,-0.01,77.9,25590.88,-1
2026-07-27,2026-07-27 12:49:00,330.09,330.09,330.06,330.06,-0.01,77.9,25590.88,-1
2026-07-27,2026-07-27 12:50:00,330.06,330.06,330.02,330.02,-0.01,77.9,25590.88,-1
2026-07-27,2026-07-27 12:51:00,330.02,330.02,329.99,329.99,-0.01,77.9,25590.88,-1
2026-07-27,2026-07-27 12:52:00,329.99,329.99,329.95,329.95,-0.01,77.9,25590.88,-1
2026-07-27,2026-07-27 12:53:00,329.95,329.95,329.91,329.91,-0.01,77.9,25590.88,-1
2026-07-27,2026-07-27 12:54:00,329.91,329.91,329.88,329.88,-0.01,77.9,25590.88,-1
2026-07-27,2026-07-27 12:55:00,329.88,329.88,329.84,329.84,-0.01,77.9,25590.88,-1
2026-07-27,2026-07-27 12:56:00,329.84,329.84,329.81,329.81,-0.01,77.9,25590.88,-1
2026-07-27,2026-07-27 12:57:00,329.81,329.81,329.77,329.77,-0.01,77.9,25590.88,-1
2026-07-27,2026-07-27 12:58:00,329.77,329.77,329.74,329.74,-0.01,77.9,25590.88,-1
2026-07-27,2026-07-27 12:59:00,329.74,329.74,329.7,329.7,-0.01,77.9,25590.88,-1
2026-07-27,2026-07-27 13:00:00,329.7,334.9,325.0,329.66,-0.01,77.9,25590.88,-1
2026-07-27,2026-07-27 13:01:00,329.66,329.66,329.63,329.63,-0.01,77.9,25590.88,-1
2026-07-27,2026-07-27 13:02:00,329.63,329.63,329.59,329.59,-0.01,77.9,25590.88,-1
2026-07-27,2026-07-27 13:03:00,329.59,329.59,329.56,329.56,-0.01,77.9,25590.88,-1
2026-07-27,2026-07-27 13:04:00,329.56,329.56,329.52,329.52,-0.01,77.9,25590.88,-1
2026-07-27,2026-07-27 13:05:00,329.52,329.52,329.49,329.49,-0.01,77.9,25590.88,-1
2026-07-27,2026-07-27 13:06:00,329.49,329.49,329.45,329.45,-0.01,77.9,25590.88,-1
2026-07-27,2026-07-27 13:07:00,329.45,329.45,329.41,329.41,-0.01,77.9,25590.88,-1
2026-07-27,2026-07-27 13:08:00,329.41,329.41,329.38,329.38,-0.01,77.9,25590.88,-1
2026-07-27,2026-07-27 13:09:00,329.38,329.38,329.34,329.34,-0.01,77.9,25590.88,-1
2026-07-27,2026-07-27 13:10:00,329.34,329.34,329.31,329.31,-0.01,77.9,25590.88,-1
2026-07-27,2026-07-27 13:11:00,329.31,329.31,329.27,329.27,-0.01,77.9,25590.88,-1
2026-07-27,2026-07-27 13:12:00,329.27,329.27,329.23,329.23,-0.01,77.9,25590.88,-1
2026-07-27,2026-07-27 13:13:00,329.23,329.23,329.2,329.2,-0.01,77.9,25590.88,-1
2026-07-27,2026-07-27 13:14:00,329.2,329.2,329.16,329.16,-0.01,77.9,25590.88,-1
2026-07-27,2026-07-27 13:15:00,329.16,329.16,329.13,329.13,-0.01,77.9,25590.88,-1
2026-07-27,2026-07-27 13:16:00,329.13,329.13,329.09,329.09,-0.01,77.9,25590.88,-1
2026-07-27,2026-07-27 13:17:00,329.09,329.09,329.06,329.06,-0.01,77.9,25590.88,-1
2026-07-27,2026-07-27 13:18:00,329.06,329.06,329.02,329.02,-0.01,77.9,25590.88,-1
2026-07-27,2026-07-27 13:19:00,329.02,329.02,328.98,328.98,-0.01,77.9,25590.88,-1
2026-07-27,2026-07-27 13:20:00,328.98,328.98,328.95,328.95,-0.01,77.9,25590.88,-1
2026-07-27,2026-07-27 13:21:00,328.95,328.95,328.91,328.91,-0.01,77.9,25590.88,-1
2026-07-27,2026-07-27 13:22:00,328.91,328.91,328.88,328.88,-0.01,77.9,25590.88,-1
2026-07-27,2026-07-27 13:23:00,328.88,328.88,328.84,328.84,-0.01,77.9,25590.88,-1
2026-07-27,2026-07-27 13:24:00,328.84,328.84,328.8,328.8,-0.01,77.9,25590.88,-1
2026-07-27,2026-07-27 13:25:00,328.8,328.8,328.77,328.77,-0.01,77.9,25590.88,-1
2026-07-27,2026-07-27 13:26:00,328.77,328.77,328.73,328.73,-0.01,77.9,25590.88,-1
2026-07-27,2026-07-27 13:27:00,328.73,328.73,328.7,328.7,-0.01,77.9,25590.88,-1
2026-07-27,2026-07-27 13:28:00,328.7,328.7,328.66,328.66,-0.01,77.9,25590.88,-1
2026-07-27,2026-07-27 13:29:00,328.66,328.66,328.62,328.62,-0.01,77.9,25590.88,-1
2026-07-27,2026-07-27 13:30:00,328.62,328.62,328.59,328.59,-0.01,77.9,25590.88,-1
2026-07-27,2026-07-27 13:31:00,328.59,328.59,328.55,328.55,-0.01,77.9,25590.88,-1
2026-07-27,2026-07-27 13:32:00,328.55,328.55,328.52,328.52,-0.01,77.9,25590.88,-1
2026-07-27,2026-07-27 13:33:00,328.52,328.52,328.48,328.48,-0.01,77.9,25590.88,-1
2026-07-27,2026-07-27 13:34:00,328.48,328.48,328.45,328.45,-0.01,77.9,25590.88,-1
2026-07-27,2026-07-27 13:35:00,328.45,328.45,328.41,328.41,-0.01,77.9,25590.88,-1
2026-07-27,2026-07-27 13:36:00,328.41,328.41,328.37,328.37,-0.01,77.9,25590.88,-1
2026-07-27,2026-07-27 13:37:00,328.37,328.37,328.34,328.34,-0.01,77.9,25590.88,-1
2026-07-27,2026-07-27 13:38:00,328.34,328.34,328.3,328.3,-0.01,77.9,25590.88,-1
2026-07-27,2026-07-27 13:39:00,328.3,328.3,328.27,328.27,-0.01,77.9,25590.88,-1
2026-07-27,2026-07-27 13:40:00,328.27,328.27,328.23,328.23,-0.01,77.9,25590.88,-1
2026-07-27,2026-07-27 13:41:00,328.23,328.23,328.19,328.19,-0.01,77.9,25590.88,-1
2026-07-27,2026-07-27 13:42:00,328.19,328.19,328.16,328.16,-0.01,77.9,25590.88,-1
2026-07-27,2026-07-27 13:43:00,328.16,328.16,328.12,328.12,-0.01,77.9,25590.88,-1
2026-07-27,2026-07-27 13:44:00,328.12,328.12,328.09,328.09,-0.01,77.9,25590.88,-1
2026-07-27,2026-07-27 13:45:00,328.09,328.09,328.05,328.05,-0.01,77.9,25590.88,-1
2026-07-27,2026-07-27 13:46:00,328.05,328.05,328.02,328.02,-0.01,77.9,25590.88,-1
2026-07-27,2026-07-27 13:47:00,328.02,328.02,327.98,327.98,-0.01,77.9,25590.88,-1
2026-07-27,2026-07-27 13:48:00,327.98,327.98,327.94,327.94,-0.01,77.9,25590.88,-1
2026-07-27,2026-07-27 13:49:00,327.94,327.94,327.91,327.91,-0.01,77.9,25590.88,-1
2026-07-27,2026-07-27 13:50:00,327.91,327.91,327.87,327.87,-0.01,77.9,25590.88,-1
2026-07-27,2026-07-27 13:51:00,327.87,327.87,327.84,327.84,-0.01,77.9,25590.88,-1
2026-07-27,2026-07-27 13:52:00,327.84,327.84,327.8,327.8,-0.01,77.9,25590.88,-1
2026-07-27,2026-07-27 13:53:00,327.8,327.8,327.76,327.76,-0.01,77.9,25590.88,-1
2026-07-27,2026-07-27 13:54:00,327.76,327.76,327.73,327.73,-0.01,77.9,25590.88,-1
2026-07-27,2026-07-27 13:55:00,327.73,327.73,327.69,327.69,-0.01,77.9,25590.88,-1
2026-07-27,2026-07-27 13:56:00,327.69,327.69,327.66,327.66,-0.01,77.9,25590.88,-1
2026-07-27,2026-07-27 13:57:00,327.66,327.66,327.62,327.62,-0.01,77.9,25590.88,-1
2026-07-27,2026-07-27 13:58:00,327.62,327.62,327.59,327.59,-0.01,77.9,25590.88,-1
2026-07-27,2026-07-27 13:59:00,327.59,327.59,327.55,327.55,-0.01,77.9,25590.88,-1
2026-07-27,2026-07-27 14:00:00,327.55,327.55,327.51,327.51,-0.01,77.9,25590.88,-1
2026-07-27,2026-07-27 14:01:00,327.51,327.51,327.48,327.48,-0.01,77.9,25590.88,-1
2026-07-27,2026-07-27 14:02:00,327.48,327.48,327.44,327.44,-0.01,77.9,25590.88,-1
2026-07-27,2026-07-27 14:03:00,327.44,327.44,327.41,327.41,-0.01,77.9,25590.88,-1
2026-07-27,2026-07-27 14:04:00,327.41,327.41,327.37,327.37,-0.01,77.9,25590.88,-1
2026-07-27,2026-07-27 14:05:00,327.37,327.37,327.33,327.33,-0.01,77.9,25590.88,-1
2026-07-27,2026-07-27 14:06:00,327.33,327.33,327.3,327.3,-0.01,77.9,25590.88,-1
2026-07-27,2026-07-27 14:07:00,327.3,327.3,327.26,327.26,-0.01,77.9,25590.88,-1
2026-07-27,2026-07-27 14:08:00,327.26,327.26,327.23,327.23,-0.01,77.9,25590.88,-1
2026-07-27,2026-07-27 14:09:00,327.23,327.23,327.19,327.19,-0.01,77.9,25590.88,-1
2026-07-27,2026-07-27 14:10:00,327.19,327.19,327.16,327.16,-0.01,77.9,25590.88,-1
2026-07-27,2026-07-27 14:11:00,327.16,327.16,327.12,327.12,-0.01,77.9,25590.88,-1
2026-07-27,2026-07-27 14:12:00,327.12,327.12,327.08,327.08,-0.01,77.9,25590.88,-1
2026-07-27,2026-07-27 14:13:00,327.08,327.08,327.05,327.05,-0.01,77.9,25590.88,-1
2026-07-27,2026-07-27 14:14:00,327.05,327.05,327.01,327.01,-0.01,77.9,25590.88,-1
2026-07-27,2026-07-27 14:15:00,327.01,327.01,326.98,326.98,-0.01,77.9,25590.88,-1
2026-07-27,2026-07-27 14:16:00,326.98,326.98,326.94,326.94,-0.01,77.9,25590.88,-1
2026-07-27,2026-07-27 14:17:00,326.94,326.94,326.9,326.9,-0.01,77.9,25590.88,-1
2026-07-27,2026-07-27 14:18:00,326.9,326.9,326.87,326.87,-0.01,77.9,25590.88,-1
2026-07-27,2026-07-27 14:19:00,326.87,326.87,326.83,326.83,-0.01,77.9,25590.88,-1
2026-07-27,2026-07-27 14:20:00,326.83,326.83,326.8,326.8,-0.01,77.9,25590.88,-1
2026-07-27,2026-07-27 14:21:00,326.8,326.8,326.76,326.76,-0.01,77.9,25590.88,-1
2026-07-27,2026-07-27 14:22:00,326.76,326.76,326.73,326.73,-0.01,77.9,25590.88,-1
2026-07-27,2026-07-27 14:23:00,326.73,326.73,326.69,326.69,-0.01,77.9,25590.88,-1
2026-07-27,2026-07-27 14:24:00,326.69,326.69,326.65,326.65,-0.01,77.9,25590.88,-1
2026-07-27,2026-07-27 14:25:00,326.65,326.65,326.62,326.62,-0.01,77.9,25590.88,-1
2026-07-27,2026-07-27 14:26:00,326.62,326.62,326.58,326.58,-0.01,77.9,25590.88,-1
2026-07-27,2026-07-27 14:27:00,326.58,326.58,326.55,326.55,-0.01,77.9,25590.88,-1
2026-07-27,2026-07-27 14:28:00,326.55,326.55,326.51,326.51,-0.01,77.9,25590.88,-1
2026-07-27,2026-07-27 14:29:00,326.51,326.51,326.47,326.47,-0.01,77.9,25590.88,-1
2026-07-27,2026-07-27 14:30:00,326.47,326.47,326.44,326.44,-0.01,77.9,25590.88,-1
2026-07-27,2026-07-27 14:31:00,326.44,326.44,326.4,326.4,-0.01,77.9,25590.88,-1
2026-07-27,2026-07-27 14:32:00,326.4,326.4,326.37,326.37,-0.01,77.9,25590.88,-1
2026-07-27,2026-07-27 14:33:00,326.37,326.37,326.33,326.33,-0.01,77.9,25590.88,-1
2026-07-27,2026-07-27 14:34:00,326.33,326.33,326.3,326.3,-0.01,77.9,25590.88,-1
2026-07-27,2026-07-27 14:35:00,326.3,326.3,326.26,326.26,-0.01,77.9,25590.88,-1
2026-07-27,2026-07-27 14:36:00,326.26,326.26,326.22,326.22,-0.01,77.9,25590.88,-1
2026-07-27,2026-07-27 14:37:00,326.22,326.22,326.19,326.19,-0.01,77.9,25590.88,-1
2026-07-27,2026-07-27 14:38:00,326.19,326.19,326.15,326.15,-0.01,77.9,25590.88,-1
2026-07-27,2026-07-27 14:39:00,326.15,326.15,326.12,326.12,-0.01,77.9,25590.88,-1
2026-07-27,2026-07-27 14:40:00,326.12,326.12,326.08,326.08,-0.01,77.9,25590.88,-1
2026-07-27,2026-07-27 14:41:00,326.08,326.08,326.04,326.04,-0.01,77.9,25590.88,-1
2026-07-27,2026-07-27 14:42:00,326.04,326.04,326.01,326.01,-0.01,77.9,25590.88,-1
2026-07-27,2026-07-27 14:43:00,326.01,326.01,325.97,325.97,-0.01,77.9,25590.88,-1
2026-07-27,2026-07-27 14:44:00,325.97,325.97,325.94,325.94,-0.01,77.9,25590.88,-1
2026-07-27,2026-07-27 14:45:00,325.94,325.94,325.9,325.9,-0.01,77.9,25590.88,-1
2026-07-27,2026-07-27 14:46:00,325.9,325.9,325.87,325.87,-0.01,77.9,25590.88,-1
2026-07-27,2026-07-27 14:47:00,325.87,325.87,325.83,325.83,-0.01,77.9,25590.88,-1
2026-07-27,2026-07-27 14:48:00,325.83,325.83,325.79,325.79,-0.01,77.9,25590.88,-1
2026-07-27,2026-07-27 14:49:00,325.79,325.79,325.76,325.76,-0.01,77.9,25590.88,-1
2026-07-27,2026-07-27 14:50:00,325.76,325.76,325.72,325.72,-0.01,77.9,25590.88,-1
2026-07-27,2026-07-27 14:51:00,325.72,325.72,325.69,325.69,-0.01,77.9,25590.88,-1
2026-07-27,2026-07-27 14:52:00,325.69,325.69,325.65,325.65,-0.01,77.9,25590.88,-1
2026-07-27,2026-07-27 14:53:00,325.65,325.65,325.61,325.61,-0.01,77.9,25590.88,-1
2026-07-27,2026-07-27 14:54:00,325.61,325.61,325.58,325.58,-0.01,77.9,25590.88,-1
2026-07-27,2026-07-27 14:55:00,325.58,325.58,325.54,325.54,-0.01,77.9,25590.88,-1
2026-07-27,2026-07-27 14:56:00,325.54,325.54,325.51,325.51,-0.01,77.9,25590.88,-1
2026-07-27,2026-07-27 14:57:00,325.51,325.51,325.47,325.47,-0.01,77.9,25590.88,-1
2026-07-27,2026-07-27 14:58:00,325.47,325.47,325.44,325.44,-0.01,77.9,25590.88,-1
2026-07-27,2026-07-27 14:59:00,325.44,325.44,325.4,325.4,-0.01,77.9,25590.88,-1
2026-07-27,2026-07-27 15:00:00,325.4,334.9,325.0,325.4,0.0,77.9,25590.88,0
2026-07-28,2026-07-28 11:00:00,330.0,330.0,327.06,329.98,-0.01,48.86,15868.2,-1
2026-07-28,2026-07-28 11:01:00,329.98,329.98,329.96,329.96,-0.01,48.86,15868.2,-1
2026-07-28,2026-07-28 11:02:00,329.96,329.96,329.94,329.94,-0.01,48.86,15868.2,-1
2026-07-28,2026-07-28 11:03:00,329.94,329.94,329.92,329.92,-0.01,48.86,15868.2,-1
2026-07-28,2026-07-28 11:04:00,329.92,329.92,329.9,329.9,-0.01,48.86,15868.2,-1
2026-07-28,2026-07-28 11:05:00,329.9,329.9,329.88,329.88,-0.01,48.86,15868.2,-1
2026-07-28,2026-07-28 11:06:00,329.88,329.88,329.85,329.85,-0.01,48.86,15868.2,-1
2026-07-28,2026-07-28 11:07:00,329.85,329.85,329.83,329.83,-0.01,48.86,15868.2,-1
2026-07-28,2026-07-28 11:08:00,329.83,329.83,329.81,329.81,-0.01,48.86,15868.2,-1
2026-07-28,2026-07-28 11:09:00,329.81,329.81,329.79,329.79,-0.01,48.86,15868.2,-1
2026-07-28,2026-07-28 11:10:00,329.79,329.79,329.77,329.77,-0.01,48.86,15868.2,-1
2026-07-28,2026-07-28 11:11:00,329.77,329.77,329.75,329.75,-0.01,48.86,15868.2,-1
2026-07-28,2026-07-28 11:12:00,329.75,329.75,329.73,329.73,-0.01,48.86,15868.2,-1
2026-07-28,2026-07-28 11:13:00,329.73,329.73,329.71,329.71,-0.01,48.86,15868.2,-1
2026-07-28,2026-07-28 11:14:00,329.71,329.71,329.69,329.69,-0.01,48.86,15868.2,-1
2026-07-28,2026-07-28 11:15:00,329.69,329.69,329.67,329.67,-0.01,48.86,15868.2,-1
2026-07-28,2026-07-28 11:16:00,329.67,329.67,329.65,329.65,-0.01,48.86,15868.2,-1
2026-07-28,2026-07-28 11:17:00,329.65,329.65,329.62,329.62,-0.01,48.86,15868.2,-1
2026-07-28,2026-07-28 11:18:00,329.62,329.62,329.6,329.6,-0.01,48.86,15868.2,-1
2026-07-28,2026-07-28 11:19:00,329.6,329.6,329.58,329.58,-0.01,48.86,15868.2,-1
2026-07-28,2026-07-28 11:20:00,329.58,329.58,329.56,329.56,-0.01,48.86,15868.2,-1
2026-07-28,2026-07-28 11:21:00,329.56,329.56,329.54,329.54,-0.01,48.86,15868.2,-1
2026-07-28,2026-07-28 11:22:00,329.54,329.54,329.52,329.52,-0.01,48.86,15868.2,-1
2026-07-28,2026-07-28 11:23:00,329.52,329.52,329.5,329.5,-0.01,48.86,15868.2,-1
2026-07-28,2026-07-28 11:24:00,329.5,329.5,329.48,329.48,-0.01,48.86,15868.2,-1
2026-07-28,2026-07-28 11:25:00,329.48,329.48,329.46,329.46,-0.01,48.86,15868.2,-1
2026-07-28,2026-07-28 11:26:00,329.46,329.46,329.44,329.44,-0.01,48.86,15868.2,-1
2026-07-28,2026-07-28 11:27:00,329.44,329.44,329.42,329.42,-0.01,48.86,15868.2,-1
2026-07-28,2026-07-28 11:28:00,329.42,329.42,329.4,329.4,-0.01,48.86,15868.2,-1
2026-07-28,2026-07-28 11:29:00,329.4,329.4,329.38,329.38,-0.01,48.86,15868.2,-1
2026-07-28,2026-07-28 11:30:00,329.38,329.38,329.35,329.35,-0.01,48.86,15868.2,-1
2026-07-28,2026-07-28 11:31:00,329.35,329.35,329.33,329.33,-0.01,48.86,15868.2,-1
2026-07-28,2026-07-28 11:32:00,329.33,329.33,329.31,329.31,-0.01,48.86,15868.2,-1
2026-07-28,2026-07-28 11:33:00,329.31,329.31,329.29,329.29,-0.01,48.86,15868.2,-1
2026-07-28,2026-07-28 11:34:00,329.29,329.29,329.27,329.27,-0.01,48.86,15868.2,-1
2026-07-28,2026-07-28 11:35:00,329.27,329.27,329.25,329.25,-0.01,48.86,15868.2,-1
2026-07-28,2026-07-28 11:36:00,329.25,329.25,329.23,329.23,-0.01,48.86,15868.2,-1
2026-07-28,2026-07-28 11:37:00,329.23,329.23,329.21,329.21,-0.01,48.86,15868.2,-1
2026-07-28,2026-07-28 11:38:00,329.21,329.21,329.19,329.19,-0.01,48.86,15868.2,-1
2026-07-28,2026-07-28 11:39:00,329.19,329.19,329.17,329.17,-0.01,48.86,15868.2,-1
2026-07-28,2026-07-28 11:40:00,329.17,329.17,329.15,329.15,-0.01,48.86,15868.2,-1
2026-07-28,2026-07-28 11:41:00,329.15,329.15,329.12,329.12,-0.01,48.86,15868.2,-1
2026-07-28,2026-07-28 11:42:00,329.12,329.12,329.1,329.1,-0.01,48.86,15868.2,-1
2026-07-28,2026-07-28 11:43:00,329.1,329.1,329.08,329.08,-0.01,48.86,15868.2,-1
2026-07-28,2026-07-28 11:44:00,329.08,329.08,329.06,329.06,-0.01,48.86,15868.2,-1
2026-07-28,2026-07-28 11:45:00,329.06,329.06,329.04,329.04,-0.01,48.86,15868.2,-1
2026-07-28,2026-07-28 11:46:00,329.04,329.04,329.02,329.02,-0.01,48.86,15868.2,-1
2026-07-28,2026-07-28 11:47:00,329.02,329.02,329.0,329.0,-0.01,48.86,15868.2,-1
2026-07-28,2026-07-28 11:48:00,329.0,329.0,328.98,328.98,-0.01,48.86,15868.2,-1
2026-07-28,2026-07-28 11:49:00,328.98,328.98,328.96,328.96,-0.01,48.86,15868.2,-1
2026-07-28,2026-07-28 11:50:00,328.96,328.96,328.94,328.94,-0.01,48.86,15868.2,-1
2026-07-28,2026-07-28 11:51:00,328.94,328.94,328.92,328.92,-0.01,48.86,15868.2,-1
2026-07-28,2026-07-28 11:52:00,328.92,328.92,328.9,328.9,-0.01,48.86,15868.2,-1
2026-07-28,2026-07-28 11:53:00,328.9,328.9,328.88,328.88,-0.01,48.86,15868.2,-1
2026-07-28,2026-07-28 11:54:00,328.88,328.88,328.85,328.85,-0.01,48.86,15868.2,-1
2026-07-28,2026-07-28 11:55:00,328.85,328.85,328.83,328.83,-0.01,48.86,15868.2,-1
2026-07-28,2026-07-28 11:56:00,328.83,328.83,328.81,328.81,-0.01,48.86,15868.2,-1
2026-07-28,2026-07-28 11:57:00,328.81,328.81,328.79,328.79,-0.01,48.86,15868.2,-1
2026-07-28,2026-07-28 11:58:00,328.79,328.79,328.77,328.77,-0.01,48.86,15868.2,-1
2026-07-28,2026-07-28 11:59:00,328.77,328.77,328.75,328.75,-0.01,48.86,15868.2,-1
2026-07-28,2026-07-28 12:00:00,328.75,328.75,328.73,328.73,-0.01,48.86,15868.2,-1
2026-07-28,2026-07-28 12:01:00,328.73,328.73,328.71,328.71,-0.01,48.86,15868.2,-1
2026-07-28,2026-07-28 12:02:00,328.71,328.71,328.69,328.69,-0.01,48.86,15868.2,-1
2026-07-28,2026-07-28 12:03:00,328.69,328.69,328.67,328.67,-0.01,48.86,15868.2,-1
2026-07-28,2026-07-28 12:04:00,328.67,328.67,328.65,328.65,-0.01,48.86,15868.2,-1
2026-07-28,2026-07-28 12:05:00,328.65,328.65,328.62,328.62,-0.01,48.86,15868.2,-1
2026-07-28,2026-07-28 12:06:00,328.62,328.62,328.6,328.6,-0.01,48.86,15868.2,-1
2026-07-28,2026-07-28 12:07:00,328.6,328.6,328.58,328.58,-0.01,48.86,15868.2,-1
2026-07-28,2026-07-28 12:08:00,328.58,328.58,328.56,328.56,-0.01,48.86,15868.2,-1
2026-07-28,2026-07-28 12:09:00,328.56,328.56,328.54,328.54,-0.01,48.86,15868.2,-1
2026-07-28,2026-07-28 12:10:00,328.54,328.54,328.52,328.52,-0.01,48.86,15868.2,-1
2026-07-28,2026-07-28 12:11:00,328.52,328.52,328.5,328.5,-0.01,48.86,15868.2,-1
2026-07-28,2026-07-28 12:12:00,328.5,328.5,328.48,328.48,-0.01,48.86,15868.2,-1
2026-07-28,2026-07-28 12:13:00,328.48,328.48,328.46,328.46,-0.01,48.86,15868.2,-1
2026-07-28,2026-07-28 12:14:00,328.46,328.46,328.44,328.44,-0.01,48.86,15868.2,-1
2026-07-28,2026-07-28 12:15:00,328.44,328.44,328.42,328.42,-0.01,48.86,15868.2,-1
2026-07-28,2026-07-28 12:16:00,328.42,328.42,328.4,328.4,-0.01,48.86,15868.2,-1
2026-07-28,2026-07-28 12:17:00,328.4,328.4,328.38,328.38,-0.01,48.86,15868.2,-1
2026-07-28,2026-07-28 12:18:00,328.38,328.38,328.35,328.35,-0.01,48.86,15868.2,-1
2026-07-28,2026-07-28 12:19:00,328.35,328.35,328.33,328.33,-0.01,48.86,15868.2,-1
2026-07-28,2026-07-28 12:20:00,328.33,328.33,328.31,328.31,-0.01,48.86,15868.2,-1
2026-07-28,2026-07-28 12:21:00,328.31,328.31,328.29,328.29,-0.01,48.86,15868.2,-1
2026-07-28,2026-07-28 12:22:00,328.29,328.29,328.27,328.27,-0.01,48.86,15868.2,-1
2026-07-28,2026-07-28 12:23:00,328.27,328.27,328.25,328.25,-0.01,48.86,15868.2,-1
2026-07-28,2026-07-28 12:24:00,328.25,328.25,328.23,328.23,-0.01,48.86,15868.2,-1
2026-07-28,2026-07-28 12:25:00,328.23,328.23,328.21,328.21,-0.01,48.86,15868.2,-1
2026-07-28,2026-07-28 12:26:00,328.21,328.21,328.19,328.19,-0.01,48.86,15868.2,-1
2026-07-28,2026-07-28 12:27:00,328.19,328.19,328.17,328.17,-0.01,48.86,15868.2,-1
2026-07-28,2026-07-28 12:28:00,328.17,328.17,328.15,328.15,-0.01,48.86,15868.2,-1
2026-07-28,2026-07-28 12:29:00,328.15,328.15,328.12,328.12,-0.01,48.86,15868.2,-1
2026-07-28,2026-07-28 12:30:00,328.12,328.12,328.1,328.1,-0.01,48.86,15868.2,-1
2026-07-28,2026-07-28 12:31:00,328.1,328.1,328.08,328.08,-0.01,48.86,15868.2,-1
2026-07-28,2026-07-28 12:32:00,328.08,328.08,328.06,328.06,-0.01,48.86,15868.2,-1
2026-07-28,2026-07-28 12:33:00,328.06,328.06,328.04,328.04,-0.01,48.86,15868.2,-1
2026-07-28,2026-07-28 12:34:00,328.04,328.04,328.02,328.02,-0.01,48.86,15868.2,-1
2026-07-28,2026-07-28 12:35:00,328.02,328.02,328.0,328.0,-0.01,48.86,15868.2,-1
2026-07-28,2026-07-28 12:36:00,328.0,328.0,327.98,327.98,-0.01,48.86,15868.2,-1
2026-07-28,2026-07-28 12:37:00,327.98,327.98,327.96,327.96,-0.01,48.86,15868.2,-1
2026-07-28,2026-07-28 12:38:00,327.96,327.96,327.94,327.94,-0.01,48.86,15868.2,-1
2026-07-28,2026-07-28 12:39:00,327.94,327.94,327.92,327.92,-0.01,48.86,15868.2,-1
2026-07-28,2026-07-28 12:40:00,327.92,327.92,327.9,327.9,-0.01,48.86,15868.2,-1
2026-07-28,2026-07-28 12:41:00,327.9,327.9,327.88,327.88,-0.01,48.86,15868.2,-1
2026-07-28,2026-07-28 12:42:00,327.88,327.88,327.85,327.85,-0.01,48.86,15868.2,-1
2026-07-28,2026-07-28 12:43:00,327.85,327.85,327.83,327.83,-0.01,48.86,15868.2,-1
2026-07-28,2026-07-28 12:44:00,327.83,327.83,327.81,327.81,-0.01,48.86,15868.2,-1
2026-07-28,2026-07-28 12:45:00,327.81,327.81,327.79,327.79,-0.01,48.86,15868.2,-1
2026-07-28,2026-07-28 12:46:00,327.79,327.79,327.77,327.77,-0.01,48.86,15868.2,-1
2026-07-28,2026-07-28 12:47:00,327.77,327.77,327.75,327.75,-0.01,48.86,15868.2,-1
2026-07-28,2026-07-28 12:48:00,327.75,327.75,327.73,327.73,-0.01,48.86,15868.2,-1
2026-07-28,2026-07-28 12:49:00,327.73,327.73,327.71,327.71,-0.01,48.86,15868.2,-1
2026-07-28,2026-07-28 12:50:00,327.71,327.71,327.69,327.69,-0.01,48.86,15868.2,-1
2026-07-28,2026-07-28 12:51:00,327.69,327.69,327.67,327.67,-0.01,48.86,15868.2,-1
2026-07-28,2026-07-28 12:52:00,327.67,327.67,327.65,327.65,-0.01,48.86,15868.2,-1
2026-07-28,2026-07-28 12:53:00,327.65,327.65,327.62,327.62,-0.01,48.86,15868.2,-1
2026-07-28,2026-07-28 12:54:00,327.62,327.62,327.6,327.6,-0.01,48.86,15868.2,-1
2026-07-28,2026-07-28 12:55:00,327.6,327.6,327.58,327.58,-0.01,48.86,15868.2,-1
2026-07-28,2026-07-28 12:56:00,327.58,327.58,327.56,327.56,-0.01,48.86,15868.2,-1
2026-07-28,2026-07-28 12:57:00,327.56,327.56,327.54,327.54,-0.01,48.86,15868.2,-1
2026-07-28,2026-07-28 12:58:00,327.54,327.54,327.52,327.52,-0.01,48.86,15868.2,-1
2026-07-28,2026-07-28 12:59:00,327.52,327.52,327.5,327.5,-0.01,48.86,15868.2,-1
2026-07-28,2026-07-28 13:00:00,327.5,330.0,320.2,327.48,-0.01,48.86,15868.2,-1
2026-07-28,2026-07-28 13:01:00,327.48,327.48,327.46,327.46,-0.01,48.86,15868.2,-1
2026-07-28,2026-07-28 13:02:00,327.46,327.46,327.44,327.44,-0.01,48.86,15868.2,-1
2026-07-28,2026-07-28 13:03:00,327.44,327.44,327.42,327.42,-0.01,48.86,15868.2,-1
2026-07-28,2026-07-28 13:04:00,327.42,327.42,327.4,327.4,-0.01,48.86,15868.2,-1
2026-07-28,2026-07-28 13:05:00,327.4,327.4,327.38,327.38,-0.01,48.86,15868.2,-1
2026-07-28,2026-07-28 13:06:00,327.38,327.38,327.35,327.35,-0.01,48.86,15868.2,-1
2026-07-28,2026-07-28 13:07:00,327.35,327.35,327.33,327.33,-0.01,48.86,15868.2,-1
2026-07-28,2026-07-28 13:08:00,327.33,327.33,327.31,327.31,-0.01,48.86,15868.2,-1
2026-07-28,2026-07-28 13:09:00,327.31,327.31,327.29,327.29,-0.01,48.86,15868.2,-1
2026-07-28,2026-07-28 13:10:00,327.29,327.29,327.27,327.27,-0.01,48.86,15868.2,-1
2026-07-28,2026-07-28 13:11:00,327.27,327.27,327.25,327.25,-0.01,48.86,15868.2,-1
2026-07-28,2026-07-28 13:12:00,327.25,327.25,327.23,327.23,-0.01,48.86,15868.2,-1
2026-07-28,2026-07-28 13:13:00,327.23,327.23,327.21,327.21,-0.01,48.86,15868.2,-1
2026-07-28,2026-07-28 13:14:00,327.21,327.21,327.19,327.19,-0.01,48.86,15868.2,-1
2026-07-28,2026-07-28 13:15:00,327.19,327.19,327.17,327.17,-0.01,48.86,15868.2,-1
2026-07-28,2026-07-28 13:16:00,327.17,327.17,327.15,327.15,-0.01,48.86,15868.2,-1
2026-07-28,2026-07-28 13:17:00,327.15,327.15,327.12,327.12,-0.01,48.86,15868.2,-1
2026-07-28,2026-07-28 13:18:00,327.12,327.12,327.1,327.1,-0.01,48.86,15868.2,-1
2026-07-28,2026-07-28 13:19:00,327.1,327.1,327.08,327.08,-0.01,48.86,15868.2,-1
2026-07-28,2026-07-28 13:20:00,327.08,327.08,327.06,327.06,-0.01,48.86,15868.2,-1
2026-07-28,2026-07-28 13:21:00,327.06,327.06,327.04,327.04,-0.01,48.86,15868.2,-1
2026-07-28,2026-07-28 13:22:00,327.04,327.04,327.02,327.02,-0.01,48.86,15868.2,-1
2026-07-28,2026-07-28 13:23:00,327.02,327.02,327.0,327.0,-0.01,48.86,15868.2,-1
2026-07-28,2026-07-28 13:24:00,327.0,327.0,326.98,326.98,-0.01,48.86,15868.2,-1
2026-07-28,2026-07-28 13:25:00,326.98,326.98,326.96,326.96,-0.01,48.86,15868.2,-1
2026-07-28,2026-07-28 13:26:00,326.96,326.96,326.94,326.94,-0.01,48.86,15868.2,-1
2026-07-28,2026-07-28 13:27:00,326.94,326.94,326.92,326.92,-0.01,48.86,15868.2,-1
2026-07-28,2026-07-28 13:28:00,326.92,326.92,326.9,326.9,-0.01,48.86,15868.2,-1
2026-07-28,2026-07-28 13:29:00,326.9,326.9,326.88,326.88,-0.01,48.86,15868.2,-1
2026-07-28,2026-07-28 13:30:00,326.88,326.88,326.85,326.85,-0.01,48.86,15868.2,-1
2026-07-28,2026-07-28 13:31:00,326.85,326.85,326.83,326.83,-0.01,48.86,15868.2,-1
2026-07-28,2026-07-28 13:32:00,326.83,326.83,326.81,326.81,-0.01,48.86,15868.2,-1
2026-07-28,2026-07-28 13:33:00,326.81,326.81,326.79,326.79,-0.01,48.86,15868.2,-1
2026-07-28,2026-07-28 13:34:00,326.79,326.79,326.77,326.77,-0.01,48.86,15868.2,-1
2026-07-28,2026-07-28 13:35:00,326.77,326.77,326.75,326.75,-0.01,48.86,15868.2,-1
2026-07-28,2026-07-28 13:36:00,326.75,326.75,326.73,326.73,-0.01,48.86,15868.2,-1
2026-07-28,2026-07-28 13:37:00,326.73,326.73,326.71,326.71,-0.01,48.86,15868.2,-1
2026-07-28,2026-07-28 13:38:00,326.71,326.71,326.69,326.69,-0.01,48.86,15868.2,-1
2026-07-28,2026-07-28 13:39:00,326.69,326.69,326.67,326.67,-0.01,48.86,15868.2,-1
2026-07-28,2026-07-28 13:40:00,326.67,326.67,326.65,326.65,-0.01,48.86,15868.2,-1
2026-07-28,2026-07-28 13:41:00,326.65,326.65,326.62,326.62,-0.01,48.86,15868.2,-1
2026-07-28,2026-07-28 13:42:00,326.62,326.62,326.6,326.6,-0.01,48.86,15868.2,-1
2026-07-28,2026-07-28 13:43:00,326.6,326.6,326.58,326.58,-0.01,48.86,15868.2,-1
2026-07-28,2026-07-28 13:44:00,326.58,326.58,326.56,326.56,-0.01,48.86,15868.2,-1
2026-07-28,2026-07-28 13:45:00,326.56,326.56,326.54,326.54,-0.01,48.86,15868.2,-1
2026-07-28,2026-07-28 13:46:00,326.54,326.54,326.52,326.52,-0.01,48.86,15868.2,-1
2026-07-28,2026-07-28 13:47:00,326.52,326.52,326.5,326.5,-0.01,48.86,15868.2,-1
2026-07-28,2026-07-28 13:48:00,326.5,326.5,326.48,326.48,-0.01,48.86,15868.2,-1
2026-07-28,2026-07-28 13:49:00,326.48,326.48,326.46,326.46,-0.01,48.86,15868.2,-1
2026-07-28,2026-07-28 13:50:00,326.46,326.46,326.44,326.44,-0.01,48.86,15868.2,-1
2026-07-28,2026-07-28 13:51:00,326.44,326.44,326.42,326.42,-0.01,48.86,15868.2,-1
2026-07-28,2026-07-28 13:52:00,326.42,326.42,326.4,326.4,-0.01,48.86,15868.2,-1
2026-07-28,2026-07-28 13:53:00,326.4,326.4,326.38,326.38,-0.01,48.86,15868.2,-1
2026-07-28,2026-07-28 13:54:00,326.38,326.38,326.35,326.35,-0.01,48.86,15868.2,-1
2026-07-28,2026-07-28 13:55:00,326.35,326.35,326.33,326.33,-0.01,48.86,15868.2,-1
2026-07-28,2026-07-28 13:56:00,326.33,326.33,326.31,326.31,-0.01,48.86,15868.2,-1
2026-07-28,2026-07-28 13:57:00,326.31,326.31,326.29,326.29,-0.01,48.86,15868.2,-1
2026-07-28,2026-07-28 13:58:00,326.29,326.29,326.27,326.27,-0.01,48.86,15868.2,-1
2026-07-28,2026-07-28 13:59:00,326.27,326.27,326.25,326.25,-0.01,48.86,15868.2,-1
2026-07-28,2026-07-28 14:00:00,326.25,326.25,326.23,326.23,-0.01,48.86,15868.2,-1
2026-07-28,2026-07-28 14:01:00,326.23,326.23,326.21,326.21,-0.01,48.86,15868.2,-1
2026-07-28,2026-07-28 14:02:00,326.21,326.21,326.19,326.19,-0.01,48.86,15868.2,-1
2026-07-28,2026-07-28 14:03:00,326.19,326.19,326.17,326.17,-0.01,48.86,15868.2,-1
2026-07-28,2026-07-28 14:04:00,326.17,326.17,326.15,326.15,-0.01,48.86,15868.2,-1
2026-07-28,2026-07-28 14:05:00,326.15,326.15,326.12,326.12,-0.01,48.86,15868.2,-1
2026-07-28,2026-07-28 14:06:00,326.12,326.12,326.1,326.1,-0.01,48.86,15868.2,-1
2026-07-28,2026-07-28 14:07:00,326.1,326.1,326.08,326.08,-0.01,48.86,15868.2,-1
2026-07-28,2026-07-28 14:08:00,326.08,326.08,326.06,326.06,-0.01,48.86,15868.2,-1
2026-07-28,2026-07-28 14:09:00,326.06,326.06,326.04,326.04,-0.01,48.86,15868.2,-1
2026-07-28,2026-07-28 14:10:00,326.04,326.04,326.02,326.02,-0.01,48.86,15868.2,-1
2026-07-28,2026-07-28 14:11:00,326.02,326.02,326.0,326.0,-0.01,48.86,15868.2,-1
2026-07-28,2026-07-28 14:12:00,326.0,326.0,325.98,325.98,-0.01,48.86,15868.2,-1
2026-07-28,2026-07-28 14:13:00,325.98,325.98,325.96,325.96,-0.01,48.86,15868.2,-1
2026-07-28,2026-07-28 14:14:00,325.96,325.96,325.94,325.94,-0.01,48.86,15868.2,-1
2026-07-28,2026-07-28 14:15:00,325.94,325.94,325.92,325.92,-0.01,48.86,15868.2,-1
2026-07-28,2026-07-28 14:16:00,325.92,325.92,325.9,325.9,-0.01,48.86,15868.2,-1
2026-07-28,2026-07-28 14:17:00,325.9,325.9,325.88,325.88,-0.01,48.86,15868.2,-1
2026-07-28,2026-07-28 14:18:00,325.88,325.88,325.85,325.85,-0.01,48.86,15868.2,-1
2026-07-28,2026-07-28 14:19:00,325.85,325.85,325.83,325.83,-0.01,48.86,15868.2,-1
2026-07-28,2026-07-28 14:20:00,325.83,325.83,325.81,325.81,-0.01,48.86,15868.2,-1
2026-07-28,2026-07-28 14:21:00,325.81,325.81,325.79,325.79,-0.01,48.86,15868.2,-1
2026-07-28,2026-07-28 14:22:00,325.79,325.79,325.77,325.77,-0.01,48.86,15868.2,-1
2026-07-28,2026-07-28 14:23:00,325.77,325.77,325.75,325.75,-0.01,48.86,15868.2,-1
2026-07-28,2026-07-28 14:24:00,325.75,325.75,325.73,325.73,-0.01,48.86,15868.2,-1
2026-07-28,2026-07-28 14:25:00,325.73,325.73,325.71,325.71,-0.01,48.86,15868.2,-1
2026-07-28,2026-07-28 14:26:00,325.71,325.71,325.69,325.69,-0.01,48.86,15868.2,-1
2026-07-28,2026-07-28 14:27:00,325.69,325.69,325.67,325.67,-0.01,48.86,15868.2,-1
2026-07-28,2026-07-28 14:28:00,325.67,325.67,325.65,325.65,-0.01,48.86,15868.2,-1
2026-07-28,2026-07-28 14:29:00,325.65,325.65,325.62,325.62,-0.01,48.86,15868.2,-1
2026-07-28,2026-07-28 14:30:00,325.62,325.62,325.6,325.6,-0.01,48.86,15868.2,-1
2026-07-28,2026-07-28 14:31:00,325.6,325.6,325.58,325.58,-0.01,48.86,15868.2,-1
2026-07-28,2026-07-28 14:32:00,325.58,325.58,325.56,325.56,-0.01,48.86,15868.2,-1
2026-07-28,2026-07-28 14:33:00,325.56,325.56,325.54,325.54,-0.01,48.86,15868.2,-1
2026-07-28,2026-07-28 14:34:00,325.54,325.54,325.52,325.52,-0.01,48.86,15868.2,-1
2026-07-28,2026-07-28 14:35:00,325.52,325.52,325.5,325.5,-0.01,48.86,15868.2,-1
2026-07-28,2026-07-28 14:36:00,325.5,325.5,325.48,325.48,-0.01,48.86,15868.2,-1
2026-07-28,2026-07-28 14:37:00,325.48,325.48,325.46,325.46,-0.01,48.86,15868.2,-1
2026-07-28,2026-07-28 14:38:00,325.46,325.46,325.44,325.44,-0.01,48.86,15868.2,-1
2026-07-28,2026-07-28 14:39:00,325.44,325.44,325.42,325.42,-0.01,48.86,15868.2,-1
2026-07-28,2026-07-28 14:40:00,325.42,325.42,325.4,325.4,-0.01,48.86,15868.2,-1
2026-07-28,2026-07-28 14:41:00,325.4,325.4,325.38,325.38,-0.01,48.86,15868.2,-1
2026-07-28,2026-07-28 14:42:00,325.38,325.38,325.35,325.35,-0.01,48.86,15868.2,-1
2026-07-28,2026-07-28 14:43:00,325.35,325.35,325.33,325.33,-0.01,48.86,15868.2,-1
2026-07-28,2026-07-28 14:44:00,325.33,325.33,325.31,325.31,-0.01,48.86,15868.2,-1
2026-07-28,2026-07-28 14:45:00,325.31,325.31,325.29,325.29,-0.01,48.86,15868.2,-1
2026-07-28,2026-07-28 14:46:00,325.29,325.29,325.27,325.27,-0.01,48.86,15868.2,-1
2026-07-28,2026-07-28 14:47:00,325.27,325.27,325.25,325.25,-0.01,48.86,15868.2,-1
2026-07-28,2026-07-28 14:48:00,325.25,325.25,325.23,325.23,-0.01,48.86,15868.2,-1
2026-07-28,2026-07-28 14:49:00,325.23,325.23,325.21,325.21,-0.01,48.86,15868.2,-1
2026-07-28,2026-07-28 14:50:00,325.21,325.21,325.19,325.19,-0.01,48.86,15868.2,-1
2026-07-28,2026-07-28 14:51:00,325.19,325.19,325.17,325.17,-0.01,48.86,15868.2,-1
2026-07-28,2026-07-28 14:52:00,325.17,325.17,325.15,325.15,-0.01,48.86,15868.2,-1
2026-07-28,2026-07-28 14:53:00,325.15,325.15,325.12,325.12,-0.01,48.86,15868.2,-1
2026-07-28,2026-07-28 14:54:00,325.12,325.12,325.1,325.1,-0.01,48.86,15868.2,-1
2026-07-28,2026-07-28 14:55:00,325.1,325.1,325.08,325.08,-0.01,48.86,15868.2,-1
2026-07-28,2026-07-28 14:56:00,325.08,325.08,325.06,325.06,-0.01,48.86,15868.2,-1
2026-07-28,2026-07-28 14:57:00,325.06,325.06,325.04,325.04,-0.01,48.86,15868.2,-1
2026-07-28,2026-07-28 14:58:00,325.04,325.04,325.02,325.02,-0.01,48.86,15868.2,-1
2026-07-28,2026-07-28 14:59:00,325.02,325.02,325.0,325.0,-0.01,48.86,15868.2,-1
2026-07-28,2026-07-28 15:00:00,325.0,330.0,320.2,325.0,0.0,48.86,15868.2,0
2026-07-29,2026-07-29 11:00:00,322.0,324.07,321.85,322.0,0.0,47.0,15178.67,0
2026-07-29,2026-07-29 11:01:00,322.0,322.0,322.0,322.0,0.0,47.0,15178.67,0
2026-07-29,2026-07-29 11:02:00,322.0,322.0,322.0,322.0,0.0,47.0,15178.67,0
2026-07-29,2026-07-29 11:03:00,322.0,322.0,322.0,322.0,0.0,47.0,15178.67,0
2026-07-29,2026-07-29 11:04:00,322.0,322.0,322.0,322.0,0.0,47.0,15178.67,0
2026-07-29,2026-07-29 11:05:00,322.0,322.0,322.0,322.0,0.0,47.0,15178.67,0
2026-07-29,2026-07-29 11:06:00,322.0,322.0,322.0,322.0,0.0,47.0,15178.67,0
2026-07-29,2026-07-29 11:07:00,322.0,322.0,322.0,322.0,0.0,47.0,15178.67,0
2026-07-29,2026-07-29 11:08:00,322.0,322.0,322.0,322.0,0.0,47.0,15178.67,0
2026-07-29,2026-07-29 11:09:00,322.0,322.0,322.0,322.0,0.0,47.0,15178.67,0
2026-07-29,2026-07-29 11:10:00,322.0,322.0,322.0,322.0,0.0,47.0,15178.67,0
2026-07-29,2026-07-29 11:11:00,322.0,322.0,322.0,322.0,0.0,47.0,15178.67,0
2026-07-29,2026-07-29 11:12:00,322.0,322.01,322.0,322.01,0.0,47.0,15178.67,1
2026-07-29,2026-07-29 11:13:00,322.01,322.01,322.01,322.01,0.0,47.0,15178.67,0
2026-07-29,2026-07-29 11:14:00,322.01,322.01,322.01,322.01,0.0,47.0,15178.67,0
2026-07-29,2026-07-29 11:15:00,322.01,322.01,322.01,322.01,0.0,47.0,15178.67,0
2026-07-29,2026-07-29 11:16:00,322.01,322.01,322.01,322.01,0.0,47.0,15178.67,0
2026-07-29,2026-07-29 11:17:00,322.01,322.01,322.01,322.01,0.0,47.0,15178.67,0
2026-07-29,2026-07-29 11:18:00,322.01,322.01,322.01,322.01,0.0,47.0,15178.67,0
2026-07-29,2026-07-29 11:19:00,322.01,322.01,322.01,322.01,0.0,47.0,15178.67,0
2026-07-29,2026-07-29 11:20:00,322.01,322.01,322.01,322.01,0.0,47.0,15178.67,0
2026-07-29,2026-07-29 11:21:00,322.01,322.01,322.01,322.01,0.0,47.0,15178.67,0
2026-07-29,2026-07-29 11:22:00,322.01,322.01,322.01,322.01,0.0,47.0,15178.67,0
2026-07-29,2026-07-29 11:23:00,322.01,322.01,322.01,322.01,0.0,47.0,15178.67,0
2026-07-29,2026-07-29 11:24:00,322.01,322.01,322.01,322.01,0.0,47.0,15178.67,0
2026-07-29,2026-07-29 11:25:00,322.01,322.01,322.01,322.01,0.0,47.0,15178.67,0
2026-07-29,2026-07-29 11:26:00,322.01,322.01,322.01,322.01,0.0,47.0,15178.67,0
2026-07-29,2026-07-29 11:27:00,322.01,322.01,322.01,322.01,0.0,47.0,15178.67,0
2026-07-29,2026-07-29 11:28:00,322.01,322.01,322.01,322.01,0.0,47.0,15178.67,0
2026-07-29,2026-07-29 11:29:00,322.01,322.01,322.01,322.01,0.0,47.0,15178.67,0
2026-07-29,2026-07-29 11:30:00,322.01,322.01,322.01,322.01,0.0,47.0,15178.67,0
2026-07-29,2026-07-29 11:31:00,322.01,322.01,322.01,322.01,0.0,47.0,15178.67,0
2026-07-29,2026-07-29 11:32:00,322.01,322.01,322.01,322.01,0.0,47.0,15178.67,0
2026-07-29,2026-07-29 11:33:00,322.01,322.01,322.01,322.01,0.0,47.0,15178.67,0
2026-07-29,2026-07-29 11:34:00,322.01,322.01,322.01,322.01,0.0,47.0,15178.67,0
2026-07-29,2026-07-29 11:35:00,322.01,322.01,322.01,322.01,0.0,47.0,15178.67,0
2026-07-29,2026-07-29 11:36:00,322.01,322.02,322.01,322.02,0.0,47.0,15178.67,1
2026-07-29,2026-07-29 11:37:00,322.02,322.02,322.02,322.02,0.0,47.0,15178.67,0
2026-07-29,2026-07-29 11:38:00,322.02,322.02,322.02,322.02,0.0,47.0,15178.67,0
2026-07-29,2026-07-29 11:39:00,322.02,322.02,322.02,322.02,0.0,47.0,15178.67,0
2026-07-29,2026-07-29 11:40:00,322.02,322.02,322.02,322.02,0.0,47.0,15178.67,0
2026-07-29,2026-07-29 11:41:00,322.02,322.02,322.02,322.02,0.0,47.0,15178.67,0
2026-07-29,2026-07-29 11:42:00,322.02,322.02,322.02,322.02,0.0,47.0,15178.67,0
2026-07-29,2026-07-29 11:43:00,322.02,322.02,322.02,322.02,0.0,47.0,15178.67,0
2026-07-29,2026-07-29 11:44:00,322.02,322.02,322.02,322.02,0.0,47.0,15178.67,0
2026-07-29,2026-07-29 11:45:00,322.02,322.02,322.02,322.02,0.0,47.0,15178.67,0
2026-07-29,2026-07-29 11:46:00,322.02,322.02,322.02,322.02,0.0,47.0,15178.67,0
2026-07-29,2026-07-29 11:47:00,322.02,322.02,322.02,322.02,0.0,47.0,15178.67,0
2026-07-29,2026-07-29 11:48:00,322.02,322.02,322.02,322.02,0.0,47.0,15178.67,0
2026-07-29,2026-07-29 11:49:00,322.02,322.02,322.02,322.02,0.0,47.0,15178.67,0
2026-07-29,2026-07-29 11:50:00,322.02,322.02,322.02,322.02,0.0,47.0,15178.67,0
2026-07-29,2026-07-29 11:51:00,322.02,322.02,322.02,322.02,0.0,47.0,15178.67,0
2026-07-29,2026-07-29 11:52:00,322.02,322.02,322.02,322.02,0.0,47.0,15178.67,0
2026-07-29,2026-07-29 11:53:00,322.02,322.02,322.02,322.02,0.0,47.0,15178.67,0
2026-07-29,2026-07-29 11:54:00,322.02,322.02,322.02,322.02,0.0,47.0,15178.67,0
2026-07-29,2026-07-29 11:55:00,322.02,322.02,322.02,322.02,0.0,47.0,15178.67,0
2026-07-29,2026-07-29 11:56:00,322.02,322.02,322.02,322.02,0.0,47.0,15178.67,0
2026-07-29,2026-07-29 11:57:00,322.02,322.02,322.02,322.02,0.0,47.0,15178.67,0
2026-07-29,2026-07-29 11:58:00,322.02,322.02,322.02,322.02,0.0,47.0,15178.67,0
2026-07-29,2026-07-29 11:59:00,322.02,322.02,322.02,322.02,0.0,47.0,15178.67,0
2026-07-29,2026-07-29 12:00:00,322.02,322.03,322.02,322.03,0.0,47.0,15178.67,1
2026-07-29,2026-07-29 12:01:00,322.03,322.03,322.03,322.03,0.0,47.0,15178.67,0
2026-07-29,2026-07-29 12:02:00,322.03,322.03,322.03,322.03,0.0,47.0,15178.67,0
2026-07-29,2026-07-29 12:03:00,322.03,322.03,322.03,322.03,0.0,47.0,15178.67,0
2026-07-29,2026-07-29 12:04:00,322.03,322.03,322.03,322.03,0.0,47.0,15178.67,0
2026-07-29,2026-07-29 12:05:00,322.03,322.03,322.03,322.03,0.0,47.0,15178.67,0
2026-07-29,2026-07-29 12:06:00,322.03,322.03,322.03,322.03,0.0,47.0,15178.67,0
2026-07-29,2026-07-29 12:07:00,322.03,322.03,322.03,322.03,0.0,47.0,15178.67,0
2026-07-29,2026-07-29 12:08:00,322.03,322.03,322.03,322.03,0.0,47.0,15178.67,0
2026-07-29,2026-07-29 12:09:00,322.03,322.03,322.03,322.03,0.0,47.0,15178.67,0
2026-07-29,2026-07-29 12:10:00,322.03,322.03,322.03,322.03,0.0,47.0,15178.67,0
2026-07-29,2026-07-29 12:11:00,322.03,322.03,322.03,322.03,0.0,47.0,15178.67,0
2026-07-29,2026-07-29 12:12:00,322.03,322.03,322.03,322.03,0.0,47.0,15178.67,0
2026-07-29,2026-07-29 12:13:00,322.03,322.03,322.03,322.03,0.0,47.0,15178.67,0
2026-07-29,2026-07-29 12:14:00,322.03,322.03,322.03,322.03,0.0,47.0,15178.67,0
2026-07-29,2026-07-29 12:15:00,322.03,322.03,322.03,322.03,0.0,47.0,15178.67,0
2026-07-29,2026-07-29 12:16:00,322.03,322.03,322.03,322.03,0.0,47.0,15178.67,0
2026-07-29,2026-07-29 12:17:00,322.03,322.03,322.03,322.03,0.0,47.0,15178.67,0
2026-07-29,2026-07-29 12:18:00,322.03,322.03,322.03,322.03,0.0,47.0,15178.67,0
2026-07-29,2026-07-29 12:19:00,322.03,322.03,322.03,322.03,0.0,47.0,15178.67,0
2026-07-29,2026-07-29 12:20:00,322.03,322.03,322.03,322.03,0.0,47.0,15178.67,0
2026-07-29,2026-07-29 12:21:00,322.03,322.03,322.03,322.03,0.0,47.0,15178.67,0
2026-07-29,2026-07-29 12:22:00,322.03,322.03,322.03,322.03,0.0,47.0,15178.67,0
2026-07-29,2026-07-29 12:23:00,322.03,322.04,322.03,322.04,0.0,47.0,15178.67,1
2026-07-29,2026-07-29 12:24:00,322.04,322.04,322.04,322.04,0.0,47.0,15178.67,0
2026-07-29,2026-07-29 12:25:00,322.04,322.04,322.04,322.04,0.0,47.0,15178.67,0
2026-07-29,2026-07-29 12:26:00,322.04,322.04,322.04,322.04,0.0,47.0,15178.67,0
2026-07-29,2026-07-29 12:27:00,322.04,322.04,322.04,322.04,0.0,47.0,15178.67,0
2026-07-29,2026-07-29 12:28:00,322.04,322.04,322.04,322.04,0.0,47.0,15178.67,0
2026-07-29,2026-07-29 12:29:00,322.04,322.04,322.04,322.04,0.0,47.0,15178.67,0
2026-07-29,2026-07-29 12:30:00,322.04,322.04,322.04,322.04,0.0,47.0,15178.67,0
2026-07-29,2026-07-29 12:31:00,322.04,322.04,322.04,322.04,0.0,47.0,15178.67,0
2026-07-29,2026-07-29 12:32:00,322.04,322.04,322.04,322.04,0.0,47.0,15178.67,0
2026-07-29,2026-07-29 12:33:00,322.04,322.04,322.04,322.04,0.0,47.0,15178.67,0
2026-07-29,2026-07-29 12:34:00,322.04,322.04,322.04,322.04,0.0,47.0,15178.67,0
2026-07-29,2026-07-29 12:35:00,322.04,322.04,322.04,322.04,0.0,47.0,15178.67,0
2026-07-29,2026-07-29 12:36:00,322.04,322.04,322.04,322.04,0.0,47.0,15178.67,0
2026-07-29,2026-07-29 12:37:00,322.04,322.04,322.04,322.04,0.0,47.0,15178.67,0
2026-07-29,2026-07-29 12:38:00,322.04,322.04,322.04,322.04,0.0,47.0,15178.67,0
2026-07-29,2026-07-29 12:39:00,322.04,322.04,322.04,322.04,0.0,47.0,15178.67,0
2026-07-29,2026-07-29 12:40:00,322.04,322.04,322.04,322.04,0.0,47.0,15178.67,0
2026-07-29,2026-07-29 12:41:00,322.04,322.04,322.04,322.04,0.0,47.0,15178.67,0
2026-07-29,2026-07-29 12:42:00,322.04,322.04,322.04,322.04,0.0,47.0,15178.67,0
2026-07-29,2026-07-29 12:43:00,322.04,322.04,322.04,322.04,0.0,47.0,15178.67,0
2026-07-29,2026-07-29 12:44:00,322.04,322.04,322.04,322.04,0.0,47.0,15178.67,0
2026-07-29,2026-07-29 12:45:00,322.04,322.04,322.04,322.04,0.0,47.0,15178.67,0
2026-07-29,2026-07-29 12:46:00,322.04,322.04,322.04,322.04,0.0,47.0,15178.67,0
2026-07-29,2026-07-29 12:47:00,322.04,322.05,322.04,322.05,0.0,47.0,15178.67,1
2026-07-29,2026-07-29 12:48:00,322.05,322.05,322.05,322.05,0.0,47.0,15178.67,0
2026-07-29,2026-07-29 12:49:00,322.05,322.05,322.05,322.05,0.0,47.0,15178.67,0
2026-07-29,2026-07-29 12:50:00,322.05,322.05,322.05,322.05,0.0,47.0,15178.67,0
2026-07-29,2026-07-29 12:51:00,322.05,322.05,322.05,322.05,0.0,47.0,15178.67,0
2026-07-29,2026-07-29 12:52:00,322.05,322.05,322.05,322.05,0.0,47.0,15178.67,0
2026-07-29,2026-07-29 12:53:00,322.05,322.05,322.05,322.05,0.0,47.0,15178.67,0
2026-07-29,2026-07-29 12:54:00,322.05,322.05,322.05,322.05,0.0,47.0,15178.67,0
2026-07-29,2026-07-29 12:55:00,322.05,322.05,322.05,322.05,0.0,47.0,15178.67,0
2026-07-29,2026-07-29 12:56:00,322.05,322.05,322.05,322.05,0.0,47.0,15178.67,0
2026-07-29,2026-07-29 12:57:00,322.05,322.05,322.05,322.05,0.0,47.0,15178.67,0
2026-07-29,2026-07-29 12:58:00,322.05,322.05,322.05,322.05,0.0,47.0,15178.67,0
2026-07-29,2026-07-29 12:59:00,322.05,322.05,322.05,322.05,0.0,47.0,15178.67,0
2026-07-29,2026-07-29 13:00:00,322.05,328.9,321.5,322.05,0.0,47.0,15178.67,0
2026-07-29,2026-07-29 13:01:00,322.05,322.05,322.05,322.05,0.0,47.0,15178.67,0
2026-07-29,2026-07-29 13:02:00,322.05,322.05,322.05,322.05,0.0,47.0,15178.67,0
2026-07-29,2026-07-29 13:03:00,322.05,322.05,322.05,322.05,0.0,47.0,15178.67,0
2026-07-29,2026-07-29 13:04:00,322.05,322.05,322.05,322.05,0.0,47.0,15178.67,0
2026-07-29,2026-07-29 13:05:00,322.05,322.05,322.05,322.05,0.0,47.0,15178.67,0
2026-07-29,2026-07-29 13:06:00,322.05,322.05,322.05,322.05,0.0,47.0,15178.67,0
2026-07-29,2026-07-29 13:07:00,322.05,322.05,322.05,322.05,0.0,47.0,15178.67,0
2026-07-29,2026-07-29 13:08:00,322.05,322.05,322.05,322.05,0.0,47.0,15178.67,0
2026-07-29,2026-07-29 13:09:00,322.05,322.05,322.05,322.05,0.0,47.0,15178.67,0
2026-07-29,2026-07-29 13:10:00,322.05,322.05,322.05,322.05,0.0,47.0,15178.67,0
2026-07-29,2026-07-29 13:11:00,322.05,322.06,322.05,322.06,0.0,47.0,15178.67,1
2026-07-29,2026-07-29 13:12:00,322.06,322.06,322.06,322.06,0.0,47.0,15178.67,0
2026-07-29,2026-07-29 13:13:00,322.06,322.06,322.06,322.06,0.0,47.0,15178.67,0
2026-07-29,2026-07-29 13:14:00,322.06,322.06,322.06,322.06,0.0,47.0,15178.67,0
2026-07-29,2026-07-29 13:15:00,322.06,322.06,322.06,322.06,0.0,47.0,15178.67,0
2026-07-29,2026-07-29 13:16:00,322.06,322.06,322.06,322.06,0.0,47.0,15178.67,0
2026-07-29,2026-07-29 13:17:00,322.06,322.06,322.06,322.06,0.0,47.0,15178.67,0
2026-07-29,2026-07-29 13:18:00,322.06,322.06,322.06,322.06,0.0,47.0,15178.67,0
2026-07-29,2026-07-29 13:19:00,322.06,322.06,322.06,322.06,0.0,47.0,15178.67,0
2026-07-29,2026-07-29 13:20:00,322.06,322.06,322.06,322.06,0.0,47.0,15178.67,0
2026-07-29,2026-07-29 13:21:00,322.06,322.06,322.06,322.06,0.0,47.0,15178.67,0
2026-07-29,2026-07-29 13:22:00,322.06,322.06,322.06,322.06,0.0,47.0,15178.67,0
2026-07-29,2026-07-29 13:23:00,322.06,322.06,322.06,322.06,0.0,47.0,15178.67,0
2026-07-29,2026-07-29 13:24:00,322.06,322.06,322.06,322.06,0.0,47.0,15178.67,0
2026-07-29,2026-07-29 13:25:00,322.06,322.06,322.06,322.06,0.0,47.0,15178.67,0
2026-07-29,2026-07-29 13:26:00,322.06,322.06,322.06,322.06,0.0,47.0,15178.67,0
2026-07-29,2026-07-29 13:27:00,322.06,322.06,322.06,322.06,0.0,47.0,15178.67,0
2026-07-29,2026-07-29 13:28:00,322.06,322.06,322.06,322.06,0.0,47.0,15178.67,0
2026-07-29,2026-07-29 13:29:00,322.06,322.06,322.06,322.06,0.0,47.0,15178.67,0
2026-07-29,2026-07-29 13:30:00,322.06,322.06,322.06,322.06,0.0,47.0,15178.67,0
2026-07-29,2026-07-29 13:31:00,322.06,322.06,322.06,322.06,0.0,47.0,15178.67,0
2026-07-29,2026-07-29 13:32:00,322.06,322.06,322.06,322.06,0.0,47.0,15178.67,0
2026-07-29,2026-07-29 13:33:00,322.06,322.06,322.06,322.06,0.0,47.0,15178.67,0
2026-07-29,2026-07-29 13:34:00,322.06,322.06,322.06,322.06,0.0,47.0,15178.67,0
2026-07-29,2026-07-29 13:35:00,322.06,322.06,322.06,322.06,0.0,47.0,15178.67,0
2026-07-29,2026-07-29 13:36:00,322.06,322.07,322.06,322.07,0.0,47.0,15178.67,1
2026-07-29,2026-07-29 13:37:00,322.07,322.07,322.07,322.07,0.0,47.0,15178.67,0
2026-07-29,2026-07-29 13:38:00,322.07,322.07,322.07,322.07,0.0,47.0,15178.67,0
2026-07-29,2026-07-29 13:39:00,322.07,322.07,322.07,322.07,0.0,47.0,15178.67,0
2026-07-29,2026-07-29 13:40:00,322.07,322.07,322.07,322.07,0.0,47.0,15178.67,0
2026-07-29,2026-07-29 13:41:00,322.07,322.07,322.07,322.07,0.0,47.0,15178.67,0
2026-07-29,2026-07-29 13:42:00,322.07,322.07,322.07,322.07,0.0,47.0,15178.67,0
2026-07-29,2026-07-29 13:43:00,322.07,322.07,322.07,322.07,0.0,47.0,15178.67,0
2026-07-29,2026-07-29 13:44:00,322.07,322.07,322.07,322.07,0.0,47.0,15178.67,0
2026-07-29,2026-07-29 13:45:00,322.07,322.07,322.07,322.07,0.0,47.0,15178.67,0
2026-07-29,2026-07-29 13:46:00,322.07,322.07,322.07,322.07,0.0,47.0,15178.67,0
2026-07-29,2026-07-29 13:47:00,322.07,322.07,322.07,322.07,0.0,47.0,15178.67,0
2026-07-29,2026-07-29 13:48:00,322.07,322.07,322.07,322.07,0.0,47.0,15178.67,0
2026-07-29,2026-07-29 13:49:00,322.07,322.07,322.07,322.07,0.0,47.0,15178.67,0
2026-07-29,2026-07-29 13:50:00,322.07,322.07,322.07,322.07,0.0,47.0,15178.67,0
2026-07-29,2026-07-29 13:51:00,322.07,322.07,322.07,322.07,0.0,47.0,15178.67,0
2026-07-29,2026-07-29 13:52:00,322.07,322.07,322.07,322.07,0.0,47.0,15178.67,0
2026-07-29,2026-07-29 13:53:00,322.07,322.07,322.07,322.07,0.0,47.0,15178.67,0
2026-07-29,2026-07-29 13:54:00,322.07,322.07,322.07,322.07,0.0,47.0,15178.67,0
2026-07-29,2026-07-29 13:55:00,322.07,322.07,322.07,322.07,0.0,47.0,15178.67,0
2026-07-29,2026-07-29 13:56:00,322.07,322.07,322.07,322.07,0.0,47.0,15178.67,0
2026-07-29,2026-07-29 13:57:00,322.07,322.07,322.07,322.07,0.0,47.0,15178.67,0
2026-07-29,2026-07-29 13:58:00,322.07,322.07,322.07,322.07,0.0,47.0,15178.67,0
2026-07-29,2026-07-29 13:59:00,322.07,322.08,322.07,322.08,0.0,47.0,15178.67,1
2026-07-29,2026-07-29 14:00:00,322.08,322.08,322.08,322.08,0.0,47.0,15178.67,0
2026-07-29,2026-07-29 14:01:00,322.08,322.08,322.08,322.08,0.0,47.0,15178.67,0
2026-07-29,2026-07-29 14:02:00,322.08,322.08,322.08,322.08,0.0,47.0,15178.67,0
2026-07-29,2026-07-29 14:03:00,322.08,322.08,322.08,322.08,0.0,47.0,15178.67,0
2026-07-29,2026-07-29 14:04:00,322.08,322.08,322.08,322.08,0.0,47.0,15178.67,0
2026-07-29,2026-07-29 14:05:00,322.08,322.08,322.08,322.08,0.0,47.0,15178.67,0
2026-07-29,2026-07-29 14:06:00,322.08,322.08,322.08,322.08,0.0,47.0,15178.67,0
2026-07-29,2026-07-29 14:07:00,322.08,322.08,322.08,322.08,0.0,47.0,15178.67,0
2026-07-29,2026-07-29 14:08:00,322.08,322.08,322.08,322.08,0.0,47.0,15178.67,0
2026-07-29,2026-07-29 14:09:00,322.08,322.08,322.08,322.08,0.0,47.0,15178.67,0
2026-07-29,2026-07-29 14:10:00,322.08,322.08,322.08,322.08,0.0,47.0,15178.67,0
2026-07-29,2026-07-29 14:11:00,322.08,322.08,322.08,322.08,0.0,47.0,15178.67,0
2026-07-29,2026-07-29 14:12:00,322.08,322.08,322.08,322.08,0.0,47.0,15178.67,0
2026-07-29,2026-07-29 14:13:00,322.08,322.08,322.08,322.08,0.0,47.0,15178.67,0
2026-07-29,2026-07-29 14:14:00,322.08,322.08,322.08,322.08,0.0,47.0,15178.67,0
2026-07-29,2026-07-29 14:15:00,322.08,322.08,322.08,322.08,0.0,47.0,15178.67,0
2026-07-29,2026-07-29 14:16:00,322.08,322.08,322.08,322.08,0.0,47.0,15178.67,0
2026-07-29,2026-07-29 14:17:00,322.08,322.08,322.08,322.08,0.0,47.0,15178.67,0
2026-07-29,2026-07-29 14:18:00,322.08,322.08,322.08,322.08,0.0,47.0,15178.67,0
2026-07-29,2026-07-29 14:19:00,322.08,322.08,322.08,322.08,0.0,47.0,15178.67,0
2026-07-29,2026-07-29 14:20:00,322.08,322.08,322.08,322.08,0.0,47.0,15178.67,0
2026-07-29,2026-07-29 14:21:00,322.08,322.08,322.08,322.08,0.0,47.0,15178.67,0
2026-07-29,2026-07-29 14:22:00,322.08,322.08,322.08,322.08,0.0,47.0,15178.67,0
2026-07-29,2026-07-29 14:23:00,322.08,322.09,322.08,322.09,0.0,47.0,15178.67,1
2026-07-29,2026-07-29 14:24:00,322.09,322.09,322.09,322.09,0.0,47.0,15178.67,0
2026-07-29,2026-07-29 14:25:00,322.09,322.09,322.09,322.09,0.0,47.0,15178.67,0
2026-07-29,2026-07-29 14:26:00,322.09,322.09,322.09,322.09,0.0,47.0,15178.67,0
2026-07-29,2026-07-29 14:27:00,322.09,322.09,322.09,322.09,0.0,47.0,15178.67,0
2026-07-29,2026-07-29 14:28:00,322.09,322.09,322.09,322.09,0.0,47.0,15178.67,0
2026-07-29,2026-07-29 14:29:00,322.09,322.09,322.09,322.09,0.0,47.0,15178.67,0
2026-07-29,2026-07-29 14:30:00,322.09,322.09,322.09,322.09,0.0,47.0,15178.67,0
2026-07-29,2026-07-29 14:31:00,322.09,322.09,322.09,322.09,0.0,47.0,15178.67,0
2026-07-29,2026-07-29 14:32:00,322.09,322.09,322.09,322.09,0.0,47.0,15178.67,0
2026-07-29,2026-07-29 14:33:00,322.09,322.09,322.09,322.09,0.0,47.0,15178.67,0
2026-07-29,2026-07-29 14:34:00,322.09,322.09,322.09,322.09,0.0,47.0,15178.67,0
2026-07-29,2026-07-29 14:35:00,322.09,322.09,322.09,322.09,0.0,47.0,15178.67,0
2026-07-29,2026-07-29 14:36:00,322.09,322.09,322.09,322.09,0.0,47.0,15178.67,0
2026-07-29,2026-07-29 14:37:00,322.09,322.09,322.09,322.09,0.0,47.0,15178.67,0
2026-07-29,2026-07-29 14:38:00,322.09,322.09,322.09,322.09,0.0,47.0,15178.67,0
2026-07-29,2026-07-29 14:39:00,322.09,322.09,322.09,322.09,0.0,47.0,15178.67,0
2026-07-29,2026-07-29 14:40:00,322.09,322.09,322.09,322.09,0.0,47.0,15178.67,0
2026-07-29,2026-07-29 14:41:00,322.09,322.09,322.09,322.09,0.0,47.0,15178.67,0
2026-07-29,2026-07-29 14:42:00,322.09,322.09,322.09,322.09,0.0,47.0,15178.67,0
2026-07-29,2026-07-29 14:43:00,322.09,322.09,322.09,322.09,0.0,47.0,15178.67,0
2026-07-29,2026-07-29 14:44:00,322.09,322.09,322.09,322.09,0.0,47.0,15178.67,0
2026-07-29,2026-07-29 14:45:00,322.09,322.09,322.09,322.09,0.0,47.0,15178.67,0
2026-07-29,2026-07-29 14:46:00,322.09,322.09,322.09,322.09,0.0,47.0,15178.67,0
2026-07-29,2026-07-29 14:47:00,322.09,322.1,322.09,322.1,0.0,47.0,15178.67,1
2026-07-29,2026-07-29 14:48:00,322.1,322.1,322.1,322.1,0.0,47.0,15178.67,0
2026-07-29,2026-07-29 14:49:00,322.1,322.1,322.1,322.1,0.0,47.0,15178.67,0
2026-07-29,2026-07-29 14:50:00,322.1,322.1,322.1,322.1,0.0,47.0,15178.67,0
2026-07-29,2026-07-29 14:51:00,322.1,322.1,322.1,322.1,0.0,47.0,15178.67,0
2026-07-29,2026-07-29 14:52:00,322.1,322.1,322.1,322.1,0.0,47.0,15178.67,0
2026-07-29,2026-07-29 14:53:00,322.1,322.1,322.1,322.1,0.0,47.0,15178.67,0
2026-07-29,2026-07-29 14:54:00,322.1,322.1,322.1,322.1,0.0,47.0,15178.67,0
2026-07-29,2026-07-29 14:55:00,322.1,322.1,322.1,322.1,0.0,47.0,15178.67,0
2026-07-29,2026-07-29 14:56:00,322.1,322.1,322.1,322.1,0.0,47.0,15178.67,0
2026-07-29,2026-07-29 14:57:00,322.1,322.1,322.1,322.1,0.0,47.0,15178.67,0
2026-07-29,2026-07-29 14:58:00,322.1,322.1,322.1,322.1,0.0,47.0,15178.67,0
2026-07-29,2026-07-29 14:59:00,322.1,322.1,322.1,322.1,0.0,47.0,15178.67,0
2026-07-29,2026-07-29 15:00:00,322.1,328.9,321.5,322.1,0.0,47.0,15178.67,0
2026-07-30,2026-07-30 11:00:00,321.1,322.27,320.17,321.1,0.0,47.56,15262.16,0
2026-07-30,2026-07-30 11:01:00,321.1,321.1,321.09,321.09,-0.0,47.56,15262.16,-1
2026-07-30,2026-07-30 11:02:00,321.09,321.09,321.09,321.09,0.0,47.56,15262.16,0
2026-07-30,2026-07-30 11:03:00,321.09,321.09,321.08,321.08,-0.0,47.56,15262.16,-1
2026-07-30,2026-07-30 11:04:00,321.08,321.08,321.08,321.08,0.0,47.56,15262.16,0
2026-07-30,2026-07-30 11:05:00,321.08,321.08,321.07,321.07,-0.0,47.56,15262.16,-1
2026-07-30,2026-07-30 11:06:00,321.07,321.07,321.07,321.07,0.0,47.56,15262.16,0
2026-07-30,2026-07-30 11:07:00,321.07,321.07,321.06,321.06,-0.0,47.56,15262.16,-1
2026-07-30,2026-07-30 11:08:00,321.06,321.06,321.06,321.06,0.0,47.56,15262.16,0
2026-07-30,2026-07-30 11:09:00,321.06,321.06,321.05,321.05,-0.0,47.56,15262.16,-1
2026-07-30,2026-07-30 11:10:00,321.05,321.05,321.05,321.05,0.0,47.56,15262.16,0
2026-07-30,2026-07-30 11:11:00,321.05,321.05,321.05,321.05,0.0,47.56,15262.16,0
2026-07-30,2026-07-30 11:12:00,321.05,321.05,321.04,321.04,-0.0,47.56,15262.16,-1
2026-07-30,2026-07-30 11:13:00,321.04,321.04,321.04,321.04,0.0,47.56,15262.16,0
2026-07-30,2026-07-30 11:14:00,321.04,321.04,321.03,321.03,-0.0,47.56,15262.16,-1
2026-07-30,2026-07-30 11:15:00,321.03,321.03,321.03,321.03,0.0,47.56,15262.16,0
2026-07-30,2026-07-30 11:16:00,321.03,321.03,321.02,321.02,-0.0,47.56,15262.16,-1
2026-07-30,2026-07-30 11:17:00,321.02,321.02,321.02,321.02,0.0,47.56,15262.16,0
2026-07-30,2026-07-30 11:18:00,321.02,321.02,321.01,321.01,-0.0,47.56,15262.16,-1
2026-07-30,2026-07-30 11:19:00,321.01,321.01,321.01,321.01,0.0,47.56,15262.16,0
2026-07-30,2026-07-30 11:20:00,321.01,321.01,321.0,321.0,-0.0,47.56,15262.16,-1
2026-07-30,2026-07-30 11:21:00,321.0,321.0,321.0,321.0,0.0,47.56,15262.16,0
2026-07-30,2026-07-30 11:22:00,321.0,321.0,320.99,320.99,-0.0,47.56,15262.16,-1
2026-07-30,2026-07-30 11:23:00,320.99,320.99,320.99,320.99,0.0,47.56,15262.16,0
2026-07-30,2026-07-30 11:24:00,320.99,320.99,320.99,320.99,0.0,47.56,15262.16,0
2026-07-30,2026-07-30 11:25:00,320.99,320.99,320.98,320.98,-0.0,47.56,15262.16,-1
2026-07-30,2026-07-30 11:26:00,320.98,320.98,320.98,320.98,0.0,47.56,15262.16,0
2026-07-30,2026-07-30 11:27:00,320.98,320.98,320.97,320.97,-0.0,47.56,15262.16,-1
2026-07-30,2026-07-30 11:28:00,320.97,320.97,320.97,320.97,0.0,47.56,15262.16,0
2026-07-30,2026-07-30 11:29:00,320.97,320.97,320.96,320.96,-0.0,47.56,15262.16,-1
2026-07-30,2026-07-30 11:30:00,320.96,320.96,320.96,320.96,0.0,47.56,15262.16,0
2026-07-30,2026-07-30 11:31:00,320.96,320.96,320.95,320.95,-0.0,47.56,15262.16,-1
2026-07-30,2026-07-30 11:32:00,320.95,320.95,320.95,320.95,0.0,47.56,15262.16,0
2026-07-30,2026-07-30 11:33:00,320.95,320.95,320.94,320.94,-0.0,47.56,15262.16,-1
2026-07-30,2026-07-30 11:34:00,320.94,320.94,320.94,320.94,0.0,47.56,15262.16,0
2026-07-30,2026-07-30 11:35:00,320.94,320.94,320.94,320.94,0.0,47.56,15262.16,0
2026-07-30,2026-07-30 11:36:00,320.94,320.94,320.93,320.93,-0.0,47.56,15262.16,-1
2026-07-30,2026-07-30 11:37:00,320.93,320.93,320.93,320.93,0.0,47.56,15262.16,0
2026-07-30,2026-07-30 11:38:00,320.93,320.93,320.92,320.92,-0.0,47.56,15262.16,-1
2026-07-30,2026-07-30 11:39:00,320.92,320.92,320.92,320.92,0.0,47.56,15262.16,0
2026-07-30,2026-07-30 11:40:00,320.92,320.92,320.91,320.91,-0.0,47.56,15262.16,-1
2026-07-30,2026-07-30 11:41:00,320.91,320.91,320.91,320.91,0.0,47.56,15262.16,0
2026-07-30,2026-07-30 11:42:00,320.91,320.91,320.9,320.9,-0.0,47.56,15262.16,-1
2026-07-30,2026-07-30 11:43:00,320.9,320.9,320.9,320.9,0.0,47.56,15262.16,0
2026-07-30,2026-07-30 11:44:00,320.9,320.9,320.89,320.89,-0.0,47.56,15262.16,-1
2026-07-30,2026-07-30 11:45:00,320.89,320.89,320.89,320.89,0.0,47.56,15262.16,0
2026-07-30,2026-07-30 11:46:00,320.89,320.89,320.88,320.88,-0.0,47.56,15262.16,-1
2026-07-30,2026-07-30 11:47:00,320.88,320.88,320.88,320.88,0.0,47.56,15262.16,0
2026-07-30,2026-07-30 11:48:00,320.88,320.88,320.88,320.88,0.0,47.56,15262.16,0
2026-07-30,2026-07-30 11:49:00,320.88,320.88,320.87,320.87,-0.0,47.56,15262.16,-1
2026-07-30,2026-07-30 11:50:00,320.87,320.87,320.87,320.87,0.0,47.56,15262.16,0
2026-07-30,2026-07-30 11:51:00,320.87,320.87,320.86,320.86,-0.0,47.56,15262.16,-1
2026-07-30,2026-07-30 11:52:00,320.86,320.86,320.86,320.86,0.0,47.56,15262.16,0
2026-07-30,2026-07-30 11:53:00,320.86,320.86,320.85,320.85,-0.0,47.56,15262.16,-1
2026-07-30,2026-07-30 11:54:00,320.85,320.85,320.85,320.85,0.0,47.56,15262.16,0
2026-07-30,2026-07-30 11:55:00,320.85,320.85,320.84,320.84,-0.0,47.56,15262.16,-1
2026-07-30,2026-07-30 11:56:00,320.84,320.84,320.84,320.84,0.0,47.56,15262.16,0
2026-07-30,2026-07-30 11:57:00,320.84,320.84,320.83,320.83,-0.0,47.56,15262.16,-1
2026-07-30,2026-07-30 11:58:00,320.83,320.83,320.83,320.83,0.0,47.56,15262.16,0
2026-07-30,2026-07-30 11:59:00,320.83,320.83,320.83,320.83,0.0,47.56,15262.16,0
2026-07-30,2026-07-30 12:00:00,320.83,320.83,320.82,320.82,-0.0,47.56,15262.16,-1
2026-07-30,2026-07-30 12:01:00,320.82,320.82,320.82,320.82,0.0,47.56,15262.16,0
2026-07-30,2026-07-30 12:02:00,320.82,320.82,320.81,320.81,-0.0,47.56,15262.16,-1
2026-07-30,2026-07-30 12:03:00,320.81,320.81,320.81,320.81,0.0,47.56,15262.16,0
2026-07-30,2026-07-30 12:04:00,320.81,320.81,320.8,320.8,-0.0,47.56,15262.16,-1
2026-07-30,2026-07-30 12:05:00,320.8,320.8,320.8,320.8,0.0,47.56,15262.16,0
2026-07-30,2026-07-30 12:06:00,320.8,320.8,320.79,320.79,-0.0,47.56,15262.16,-1
2026-07-30,2026-07-30 12:07:00,320.79,320.79,320.79,320.79,0.0,47.56,15262.16,0
2026-07-30,2026-07-30 12:08:00,320.79,320.79,320.78,320.78,-0.0,47.56,15262.16,-1
2026-07-30,2026-07-30 12:09:00,320.78,320.78,320.78,320.78,0.0,47.56,15262.16,0
2026-07-30,2026-07-30 12:10:00,320.78,320.78,320.77,320.77,-0.0,47.56,15262.16,-1
2026-07-30,2026-07-30 12:11:00,320.77,320.77,320.77,320.77,0.0,47.56,15262.16,0
2026-07-30,2026-07-30 12:12:00,320.77,320.77,320.77,320.77,0.0,47.56,15262.16,0
2026-07-30,2026-07-30 12:13:00,320.77,320.77,320.76,320.76,-0.0,47.56,15262.16,-1
2026-07-30,2026-07-30 12:14:00,320.76,320.76,320.76,320.76,0.0,47.56,15262.16,0
2026-07-30,2026-07-30 12:15:00,320.76,320.76,320.75,320.75,-0.0,47.56,15262.16,-1
2026-07-30,2026-07-30 12:16:00,320.75,320.75,320.75,320.75,0.0,47.56,15262.16,0
2026-07-30,2026-07-30 12:17:00,320.75,320.75,320.74,320.74,-0.0,47.56,15262.16,-1
2026-07-30,2026-07-30 12:18:00,320.74,320.74,320.74,320.74,0.0,47.56,15262.16,0
2026-07-30,2026-07-30 12:19:00,320.74,320.74,320.73,320.73,-0.0,47.56,15262.16,-1
2026-07-30,2026-07-30 12:20:00,320.73,320.73,320.73,320.73,0.0,47.56,15262.16,0
2026-07-30,2026-07-30 12:21:00,320.73,320.73,320.72,320.72,-0.0,47.56,15262.16,-1
2026-07-30,2026-07-30 12:22:00,320.72,320.72,320.72,320.72,0.0,47.56,15262.16,0
2026-07-30,2026-07-30 12:23:00,320.72,320.72,320.72,320.72,0.0,47.56,15262.16,0
2026-07-30,2026-07-30 12:24:00,320.72,320.72,320.71,320.71,-0.0,47.56,15262.16,-1
2026-07-30,2026-07-30 12:25:00,320.71,320.71,320.71,320.71,0.0,47.56,15262.16,0
2026-07-30,2026-07-30 12:26:00,320.71,320.71,320.7,320.7,-0.0,47.56,15262.16,-1
2026-07-30,2026-07-30 12:27:00,320.7,320.7,320.7,320.7,0.0,47.56,15262.16,0
2026-07-30,2026-07-30 12:28:00,320.7,320.7,320.69,320.69,-0.0,47.56,15262.16,-1
2026-07-30,2026-07-30 12:29:00,320.69,320.69,320.69,320.69,0.0,47.56,15262.16,0
2026-07-30,2026-07-30 12:30:00,320.69,320.69,320.68,320.68,-0.0,47.56,15262.16,-1
2026-07-30,2026-07-30 12:31:00,320.68,320.68,320.68,320.68,0.0,47.56,15262.16,0
2026-07-30,2026-07-30 12:32:00,320.68,320.68,320.67,320.67,-0.0,47.56,15262.16,-1
2026-07-30,2026-07-30 12:33:00,320.67,320.67,320.67,320.67,0.0,47.56,15262.16,0
2026-07-30,2026-07-30 12:34:00,320.67,320.67,320.66,320.66,-0.0,47.56,15262.16,-1
2026-07-30,2026-07-30 12:35:00,320.66,320.66,320.66,320.66,0.0,47.56,15262.16,0
2026-07-30,2026-07-30 12:36:00,320.66,320.66,320.66,320.66,0.0,47.56,15262.16,0
2026-07-30,2026-07-30 12:37:00,320.66,320.66,320.65,320.65,-0.0,47.56,15262.16,-1
2026-07-30,2026-07-30 12:38:00,320.65,320.65,320.65,320.65,0.0,47.56,15262.16,0
2026-07-30,2026-07-30 12:39:00,320.65,320.65,320.64,320.64,-0.0,47.56,15262.16,-1
2026-07-30,2026-07-30 12:40:00,320.64,320.64,320.64,320.64,0.0,47.56,15262.16,0
2026-07-30,2026-07-30 12:41:00,320.64,320.64,320.63,320.63,-0.0,47.56,15262.16,-1
2026-07-30,2026-07-30 12:42:00,320.63,320.63,320.63,320.63,0.0,47.56,15262.16,0
2026-07-30,2026-07-30 12:43:00,320.63,320.63,320.62,320.62,-0.0,47.56,15262.16,-1
2026-07-30,2026-07-30 12:44:00,320.62,320.62,320.62,320.62,0.0,47.56,15262.16,0
2026-07-30,2026-07-30 12:45:00,320.62,320.62,320.61,320.61,-0.0,47.56,15262.16,-1
2026-07-30,2026-07-30 12:46:00,320.61,320.61,320.61,320.61,0.0,47.56,15262.16,0
2026-07-30,2026-07-30 12:47:00,320.61,320.61,320.61,320.61,0.0,47.56,15262.16,0
2026-07-30,2026-07-30 12:48:00,320.61,320.61,320.6,320.6,-0.0,47.56,15262.16,-1
2026-07-30,2026-07-30 12:49:00,320.6,320.6,320.6,320.6,0.0,47.56,15262.16,0
2026-07-30,2026-07-30 12:50:00,320.6,320.6,320.59,320.59,-0.0,47.56,15262.16,-1
2026-07-30,2026-07-30 12:51:00,320.59,320.59,320.59,320.59,0.0,47.56,15262.16,0
2026-07-30,2026-07-30 12:52:00,320.59,320.59,320.58,320.58,-0.0,47.56,15262.16,-1
2026-07-30,2026-07-30 12:53:00,320.58,320.58,320.58,320.58,0.0,47.56,15262.16,0
2026-07-30,2026-07-30 12:54:00,320.58,320.58,320.57,320.57,-0.0,47.56,15262.16,-1
2026-07-30,2026-07-30 12:55:00,320.57,320.57,320.57,320.57,0.0,47.56,15262.16,0
2026-07-30,2026-07-30 12:56:00,320.57,320.57,320.56,320.56,-0.0,47.56,15262.16,-1
2026-07-30,2026-07-30 12:57:00,320.56,320.56,320.56,320.56,0.0,47.56,15262.16,0
2026-07-30,2026-07-30 12:58:00,320.56,320.56,320.55,320.55,-0.0,47.56,15262.16,-1
2026-07-30,2026-07-30 12:59:00,320.55,320.55,320.55,320.55,0.0,47.56,15262.16,0
2026-07-30,2026-07-30 13:00:00,320.55,325.0,318.0,320.55,0.0,47.56,15262.16,0
2026-07-30,2026-07-30 13:01:00,320.55,320.55,320.54,320.54,-0.0,47.56,15262.16,-1
2026-07-30,2026-07-30 13:02:00,320.54,320.54,320.54,320.54,0.0,47.56,15262.16,0
2026-07-30,2026-07-30 13:03:00,320.54,320.54,320.53,320.53,-0.0,47.56,15262.16,-1
2026-07-30,2026-07-30 13:04:00,320.53,320.53,320.53,320.53,0.0,47.56,15262.16,0
2026-07-30,2026-07-30 13:05:00,320.53,320.53,320.52,320.52,-0.0,47.56,15262.16,-1
2026-07-30,2026-07-30 13:06:00,320.52,320.52,320.52,320.52,0.0,47.56,15262.16,0
2026-07-30,2026-07-30 13:07:00,320.52,320.52,320.51,320.51,-0.0,47.56,15262.16,-1
2026-07-30,2026-07-30 13:08:00,320.51,320.51,320.51,320.51,0.0,47.56,15262.16,0
2026-07-30,2026-07-30 13:09:00,320.51,320.51,320.5,320.5,-0.0,47.56,15262.16,-1
2026-07-30,2026-07-30 13:10:00,320.5,320.5,320.5,320.5,0.0,47.56,15262.16,0
2026-07-30,2026-07-30 13:11:00,320.5,320.5,320.5,320.5,0.0,47.56,15262.16,0
2026-07-30,2026-07-30 13:12:00,320.5,320.5,320.49,320.49,-0.0,47.56,15262.16,-1
2026-07-30,2026-07-30 13:13:00,320.49,320.49,320.49,320.49,0.0,47.56,15262.16,0
2026-07-30,2026-07-30 13:14:00,320.49,320.49,320.48,320.48,-0.0,47.56,15262.16,-1
2026-07-30,2026-07-30 13:15:00,320.48,320.48,320.48,320.48,0.0,47.56,15262.16,0
2026-07-30,2026-07-30 13:16:00,320.48,320.48,320.47,320.47,-0.0,47.56,15262.16,-1
2026-07-30,2026-07-30 13:17:00,320.47,320.47,320.47,320.47,0.0,47.56,15262.16,0
2026-07-30,2026-07-30 13:18:00,320.47,320.47,320.46,320.46,-0.0,47.56,15262.16,-1
2026-07-30,2026-07-30 13:19:00,320.46,320.46,320.46,320.46,0.0,47.56,15262.16,0
2026-07-30,2026-07-30 13:20:00,320.46,320.46,320.45,320.45,-0.0,47.56,15262.16,-1
2026-07-30,2026-07-30 13:21:00,320.45,320.45,320.45,320.45,0.0,47.56,15262.16,0
2026-07-30,2026-07-30 13:22:00,320.45,320.45,320.44,320.44,-0.0,47.56,15262.16,-1
2026-07-30,2026-07-30 13:23:00,320.44,320.44,320.44,320.44,0.0,47.56,15262.16,0
2026-07-30,2026-07-30 13:24:00,320.44,320.44,320.44,320.44,0.0,47.56,15262.16,0
2026-07-30,2026-07-30 13:25:00,320.44,320.44,320.43,320.43,-0.0,47.56,15262.16,-1
2026-07-30,2026-07-30 13:26:00,320.43,320.43,320.43,320.43,0.0,47.56,15262.16,0
2026-07-30,2026-07-30 13:27:00,320.43,320.43,320.42,320.42,-0.0,47.56,15262.16,-1
2026-07-30,2026-07-30 13:28:00,320.42,320.42,320.42,320.42,0.0,47.56,15262.16,0
2026-07-30,2026-07-30 13:29:00,320.42,320.42,320.41,320.41,-0.0,47.56,15262.16,-1
2026-07-30,2026-07-30 13:30:00,320.41,320.41,320.41,320.41,0.0,47.56,15262.16,0
2026-07-30,2026-07-30 13:31:00,320.41,320.41,320.4,320.4,-0.0,47.56,15262.16,-1
2026-07-30,2026-07-30 13:32:00,320.4,320.4,320.4,320.4,0.0,47.56,15262.16,0
2026-07-30,2026-07-30 13:33:00,320.4,320.4,320.39,320.39,-0.0,47.56,15262.16,-1
2026-07-30,2026-07-30 13:34:00,320.39,320.39,320.39,320.39,0.0,47.56,15262.16,0
2026-07-30,2026-07-30 13:35:00,320.39,320.39,320.38,320.38,-0.0,47.56,15262.16,-1
2026-07-30,2026-07-30 13:36:00,320.38,320.38,320.38,320.38,0.0,47.56,15262.16,0
2026-07-30,2026-07-30 13:37:00,320.38,320.38,320.38,320.38,0.0,47.56,15262.16,0
2026-07-30,2026-07-30 13:38:00,320.38,320.38,320.37,320.37,-0.0,47.56,15262.16,-1
2026-07-30,2026-07-30 13:39:00,320.37,320.37,320.37,320.37,0.0,47.56,15262.16,0
2026-07-30,2026-07-30 13:40:00,320.37,320.37,320.36,320.36,-0.0,47.56,15262.16,-1
2026-07-30,2026-07-30 13:41:00,320.36,320.36,320.36,320.36,0.0,47.56,15262.16,0
2026-07-30,2026-07-30 13:42:00,320.36,320.36,320.35,320.35,-0.0,47.56,15262.16,-1
2026-07-30,2026-07-30 13:43:00,320.35,320.35,320.35,320.35,0.0,47.56,15262.16,0
2026-07-30,2026-07-30 13:44:00,320.35,320.35,320.34,320.34,-0.0,47.56,15262.16,-1
2026-07-30,2026-07-30 13:45:00,320.34,320.34,320.34,320.34,0.0,47.56,15262.16,0
2026-07-30,2026-07-30 13:46:00,320.34,320.34,320.33,320.33,-0.0,47.56,15262.16,-1
2026-07-30,2026-07-30 13:47:00,320.33,320.33,320.33,320.33,0.0,47.56,15262.16,0
2026-07-30,2026-07-30 13:48:00,320.33,320.33,320.33,320.33,0.0,47.56,15262.16,0
2026-07-30,2026-07-30 13:49:00,320.33,320.33,320.32,320.32,-0.0,47.56,15262.16,-1
2026-07-30,2026-07-30 13:50:00,320.32,320.32,320.32,320.32,0.0,47.56,15262.16,0
2026-07-30,2026-07-30 13:51:00,320.32,320.32,320.31,320.31,-0.0,47.56,15262.16,-1
2026-07-30,2026-07-30 13:52:00,320.31,320.31,320.31,320.31,0.0,47.56,15262.16,0
2026-07-30,2026-07-30 13:53:00,320.31,320.31,320.3,320.3,-0.0,47.56,15262.16,-1
2026-07-30,2026-07-30 13:54:00,320.3,320.3,320.3,320.3,0.0,47.56,15262.16,0
2026-07-30,2026-07-30 13:55:00,320.3,320.3,320.29,320.29,-0.0,47.56,15262.16,-1
2026-07-30,2026-07-30 13:56:00,320.29,320.29,320.29,320.29,0.0,47.56,15262.16,0
2026-07-30,2026-07-30 13:57:00,320.29,320.29,320.28,320.28,-0.0,47.56,15262.16,-1
2026-07-30,2026-07-30 13:58:00,320.28,320.28,320.28,320.28,0.0,47.56,15262.16,0
2026-07-30,2026-07-30 13:59:00,320.28,320.28,320.27,320.27,-0.0,47.56,15262.16,-1
2026-07-30,2026-07-30 14:00:00,320.27,320.27,320.27,320.27,0.0,47.56,15262.16,0
2026-07-30,2026-07-30 14:01:00,320.27,320.27,320.27,320.27,0.0,47.56,15262.16,0
2026-07-30,2026-07-30 14:02:00,320.27,320.27,320.26,320.26,-0.0,47.56,15262.16,-1
2026-07-30,2026-07-30 14:03:00,320.26,320.26,320.26,320.26,0.0,47.56,15262.16,0
2026-07-30,2026-07-30 14:04:00,320.26,320.26,320.25,320.25,-0.0,47.56,15262.16,-1
2026-07-30,2026-07-30 14:05:00,320.25,320.25,320.25,320.25,0.0,47.56,15262.16,0
2026-07-30,2026-07-30 14:06:00,320.25,320.25,320.24,320.24,-0.0,47.56,15262.16,-1
2026-07-30,2026-07-30 14:07:00,320.24,320.24,320.24,320.24,0.0,47.56,15262.16,0
2026-07-30,2026-07-30 14:08:00,320.24,320.24,320.23,320.23,-0.0,47.56,15262.16,-1
2026-07-30,2026-07-30 14:09:00,320.23,320.23,320.23,320.23,0.0,47.56,15262.16,0
2026-07-30,2026-07-30 14:10:00,320.23,320.23,320.22,320.22,-0.0,47.56,15262.16,-1
2026-07-30,2026-07-30 14:11:00,320.22,320.22,320.22,320.22,0.0,47.56,15262.16,0
2026-07-30,2026-07-30 14:12:00,320.22,320.22,320.22,320.22,0.0,47.56,15262.16,0
2026-07-30,2026-07-30 14:13:00,320.22,320.22,320.21,320.21,-0.0,47.56,15262.16,-1
2026-07-30,2026-07-30 14:14:00,320.21,320.21,320.21,320.21,0.0,47.56,15262.16,0
2026-07-30,2026-07-30 14:15:00,320.21,320.21,320.2,320.2,-0.0,47.56,15262.16,-1
2026-07-30,2026-07-30 14:16:00,320.2,320.2,320.2,320.2,0.0,47.56,15262.16,0
2026-07-30,2026-07-30 14:17:00,320.2,320.2,320.19,320.19,-0.0,47.56,15262.16,-1
2026-07-30,2026-07-30 14:18:00,320.19,320.19,320.19,320.19,0.0,47.56,15262.16,0
2026-07-30,2026-07-30 14:19:00,320.19,320.19,320.18,320.18,-0.0,47.56,15262.16,-1
2026-07-30,2026-07-30 14:20:00,320.18,320.18,320.18,320.18,0.0,47.56,15262.16,0
2026-07-30,2026-07-30 14:21:00,320.18,320.18,320.17,320.17,-0.0,47.56,15262.16,-1
2026-07-30,2026-07-30 14:22:00,320.17,320.17,320.17,320.17,0.0,47.56,15262.16,0
2026-07-30,2026-07-30 14:23:00,320.17,320.17,320.17,320.17,0.0,47.56,15262.16,0
2026-07-30,2026-07-30 14:24:00,320.17,320.17,320.16,320.16,-0.0,47.56,15262.16,-1
2026-07-30,2026-07-30 14:25:00,320.16,320.16,320.16,320.16,0.0,47.56,15262.16,0
2026-07-30,2026-07-30 14:26:00,320.16,320.16,320.15,320.15,-0.0,47.56,15262.16,-1
2026-07-30,2026-07-30 14:27:00,320.15,320.15,320.15,320.15,0.0,47.56,15262.16,0
2026-07-30,2026-07-30 14:28:00,320.15,320.15,320.14,320.14,-0.0,47.56,15262.16,-1
2026-07-30,2026-07-30 14:29:00,320.14,320.14,320.14,320.14,0.0,47.56,15262.16,0
2026-07-30,2026-07-30 14:30:00,320.14,320.14,320.13,320.13,-0.0,47.56,15262.16,-1
2026-07-30,2026-07-30 14:31:00,320.13,320.13,320.13,320.13,0.0,47.56,15262.16,0
2026-07-30,2026-07-30 14:32:00,320.13,320.13,320.12,320.12,-0.0,47.56,15262.16,-1
2026-07-30,2026-07-30 14:33:00,320.12,320.12,320.12,320.12,0.0,47.56,15262.16,0
2026-07-30,2026-07-30 14:34:00,320.12,320.12,320.11,320.11,-0.0,47.56,15262.16,-1
2026-07-30,2026-07-30 14:35:00,320.11,320.11,320.11,320.11,0.0,47.56,15262.16,0
2026-07-30,2026-07-30 14:36:00,320.11,320.11,320.11,320.11,0.0,47.56,15262.16,0
2026-07-30,2026-07-30 14:37:00,320.11,320.11,320.1,320.1,-0.0,47.56,15262.16,-1
2026-07-30,2026-07-30 14:38:00,320.1,320.1,320.1,320.1,0.0,47.56,15262.16,0
2026-07-30,2026-07-30 14:39:00,320.1,320.1,320.09,320.09,-0.0,47.56,15262.16,-1
2026-07-30,2026-07-30 14:40:00,320.09,320.09,320.09,320.09,0.0,47.56,15262.16,0
2026-07-30,2026-07-30 14:41:00,320.09,320.09,320.08,320.08,-0.0,47.56,15262.16,-1
2026-07-30,2026-07-30 14:42:00,320.08,320.08,320.08,320.08,0.0,47.56,15262.16,0
2026-07-30,2026-07-30 14:43:00,320.08,320.08,320.07,320.07,-0.0,47.56,15262.16,-1
2026-07-30,2026-07-30 14:44:00,320.07,320.07,320.07,320.07,0.0,47.56,15262.16,0
2026-07-30,2026-07-30 14:45:00,320.07,320.07,320.06,320.06,-0.0,47.56,15262.16,-1
2026-07-30,2026-07-30 14:46:00,320.06,320.06,320.06,320.06,0.0,47.56,15262.16,0
2026-07-30,2026-07-30 14:47:00,320.06,320.06,320.06,320.06,0.0,47.56,15262.16,0
2026-07-30,2026-07-30 14:48:00,320.06,320.06,320.05,320.05,-0.0,47.56,15262.16,-1
2026-07-30,2026-07-30 14:49:00,320.05,320.05,320.05,320.05,0.0,47.56,15262.16,0
2026-07-30,2026-07-30 14:50:00,320.05,320.05,320.04,320.04,-0.0,47.56,15262.16,-1
2026-07-30,2026-07-30 14:51:00,320.04,320.04,320.04,320.04,0.0,47.56,15262.16,0
2026-07-30,2026-07-30 14:52:00,320.04,320.04,320.03,320.03,-0.0,47.56,15262.16,-1
2026-07-30,2026-07-30 14:53:00,320.03,320.03,320.03,320.03,0.0,47.56,15262.16,0
2026-07-30,2026-07-30 14:54:00,320.03,320.03,320.02,320.02,-0.0,47.56,15262.16,-1
2026-07-30,2026-07-30 14:55:00,320.02,320.02,320.02,320.02,0.0,47.56,15262.16,0
2026-07-30,2026-07-30 14:56:00,320.02,320.02,320.01,320.01,-0.0,47.56,15262.16,-1
2026-07-30,2026-07-30 14:57:00,320.01,320.01,320.01,320.01,0.0,47.56,15262.16,0
2026-07-30,2026-07-30 14:58:00,320.01,320.01,320.0,320.0,-0.0,47.56,15262.16,-1
2026-07-30,2026-07-30 14:59:00,320.0,320.0,320.0,320.0,0.0,47.56,15262.16,0
2026-07-30,2026-07-30 15:00:00,320.0,325.0,318.0,320.0,0.0,47.56,15262.16,0
2026-07-31,2026-07-31 11:00:00,317.4,319.35,316.68,317.4,0.0,107.7,34325.71,0
2026-07-31,2026-07-31 11:01:00,317.4,317.41,317.4,317.41,0.0,107.7,34325.71,1
2026-07-31,2026-07-31 11:02:00,317.41,317.41,317.41,317.41,0.0,107.7,34325.71,0
2026-07-31,2026-07-31 11:03:00,317.41,317.41,317.41,317.41,0.0,107.7,34325.71,0
2026-07-31,2026-07-31 11:04:00,317.41,317.41,317.41,317.41,0.0,107.7,34325.71,0
2026-07-31,2026-07-31 11:05:00,317.41,317.42,317.41,317.42,0.0,107.7,34325.71,1
2026-07-31,2026-07-31 11:06:00,317.42,317.42,317.42,317.42,0.0,107.7,34325.71,0
2026-07-31,2026-07-31 11:07:00,317.42,317.42,317.42,317.42,0.0,107.7,34325.71,0
2026-07-31,2026-07-31 11:08:00,317.42,317.43,317.42,317.43,0.0,107.7,34325.71,1
2026-07-31,2026-07-31 11:09:00,317.43,317.43,317.43,317.43,0.0,107.7,34325.71,0
2026-07-31,2026-07-31 11:10:00,317.43,317.43,317.43,317.43,0.0,107.7,34325.71,0
2026-07-31,2026-07-31 11:11:00,317.43,317.44,317.43,317.44,0.0,107.7,34325.71,1
2026-07-31,2026-07-31 11:12:00,317.44,317.44,317.44,317.44,0.0,107.7,34325.71,0
2026-07-31,2026-07-31 11:13:00,317.44,317.44,317.44,317.44,0.0,107.7,34325.71,0
2026-07-31,2026-07-31 11:14:00,317.44,317.44,317.44,317.44,0.0,107.7,34325.71,0
2026-07-31,2026-07-31 11:15:00,317.44,317.45,317.44,317.45,0.0,107.7,34325.71,1
2026-07-31,2026-07-31 11:16:00,317.45,317.45,317.45,317.45,0.0,107.7,34325.71,0
2026-07-31,2026-07-31 11:17:00,317.45,317.45,317.45,317.45,0.0,107.7,34325.71,0
2026-07-31,2026-07-31 11:18:00,317.45,317.46,317.45,317.46,0.0,107.7,34325.71,1
2026-07-31,2026-07-31 11:19:00,317.46,317.46,317.46,317.46,0.0,107.7,34325.71,0
2026-07-31,2026-07-31 11:20:00,317.46,317.46,317.46,317.46,0.0,107.7,34325.71,0
2026-07-31,2026-07-31 11:21:00,317.46,317.46,317.46,317.46,0.0,107.7,34325.71,0
2026-07-31,2026-07-31 11:22:00,317.46,317.47,317.46,317.47,0.0,107.7,34325.71,1
2026-07-31,2026-07-31 11:23:00,317.47,317.47,317.47,317.47,0.0,107.7,34325.71,0
2026-07-31,2026-07-31 11:24:00,317.47,317.47,317.47,317.47,0.0,107.7,34325.71,0
2026-07-31,2026-07-31 11:25:00,317.47,317.48,317.47,317.48,0.0,107.7,34325.71,1
2026-07-31,2026-07-31 11:26:00,317.48,317.48,317.48,317.48,0.0,107.7,34325.71,0
2026-07-31,2026-07-31 11:27:00,317.48,317.48,317.48,317.48,0.0,107.7,34325.71,0
2026-07-31,2026-07-31 11:28:00,317.48,317.48,317.48,317.48,0.0,107.7,34325.71,0
2026-07-31,2026-07-31 11:29:00,317.48,317.49,317.48,317.49,0.0,107.7,34325.71,1
2026-07-31,2026-07-31 11:30:00,317.49,317.49,317.49,317.49,0.0,107.7,34325.71,0
2026-07-31,2026-07-31 11:31:00,317.49,317.49,317.49,317.49,0.0,107.7,34325.71,0
2026-07-31,2026-07-31 11:32:00,317.49,317.5,317.49,317.5,0.0,107.7,34325.71,1
2026-07-31,2026-07-31 11:33:00,317.5,317.5,317.5,317.5,0.0,107.7,34325.71,0
2026-07-31,2026-07-31 11:34:00,317.5,317.5,317.5,317.5,0.0,107.7,34325.71,0
2026-07-31,2026-07-31 11:35:00,317.5,317.5,317.5,317.5,0.0,107.7,34325.71,0
2026-07-31,2026-07-31 11:36:00,317.5,317.51,317.5,317.51,0.0,107.7,34325.71,1
2026-07-31,2026-07-31 11:37:00,317.51,317.51,317.51,317.51,0.0,107.7,34325.71,0
2026-07-31,2026-07-31 11:38:00,317.51,317.51,317.51,317.51,0.0,107.7,34325.71,0
2026-07-31,2026-07-31 11:39:00,317.51,317.52,317.51,317.52,0.0,107.7,34325.71,1
2026-07-31,2026-07-31 11:40:00,317.52,317.52,317.52,317.52,0.0,107.7,34325.71,0
2026-07-31,2026-07-31 11:41:00,317.52,317.52,317.52,317.52,0.0,107.7,34325.71,0
2026-07-31,2026-07-31 11:42:00,317.52,317.53,317.52,317.53,0.0,107.7,34325.71,1
2026-07-31,2026-07-31 11:43:00,317.53,317.53,317.53,317.53,0.0,107.7,34325.71,0
2026-07-31,2026-07-31 11:44:00,317.53,317.53,317.53,317.53,0.0,107.7,34325.71,0
2026-07-31,2026-07-31 11:45:00,317.53,317.53,317.53,317.53,0.0,107.7,34325.71,0
2026-07-31,2026-07-31 11:46:00,317.53,317.54,317.53,317.54,0.0,107.7,34325.71,1
2026-07-31,2026-07-31 11:47:00,317.54,317.54,317.54,317.54,0.0,107.7,34325.71,0
2026-07-31,2026-07-31 11:48:00,317.54,317.54,317.54,317.54,0.0,107.7,34325.71,0
2026-07-31,2026-07-31 11:49:00,317.54,317.55,317.54,317.55,0.0,107.7,34325.71,1
2026-07-31,2026-07-31 11:50:00,317.55,317.55,317.55,317.55,0.0,107.7,34325.71,0
2026-07-31,2026-07-31 11:51:00,317.55,317.55,317.55,317.55,0.0,107.7,34325.71,0
2026-07-31,2026-07-31 11:52:00,317.55,317.55,317.55,317.55,0.0,107.7,34325.71,0
2026-07-31,2026-07-31 11:53:00,317.55,317.56,317.55,317.56,0.0,107.7,34325.71,1
2026-07-31,2026-07-31 11:54:00,317.56,317.56,317.56,317.56,0.0,107.7,34325.71,0
2026-07-31,2026-07-31 11:55:00,317.56,317.56,317.56,317.56,0.0,107.7,34325.71,0
2026-07-31,2026-07-31 11:56:00,317.56,317.57,317.56,317.57,0.0,107.7,34325.71,1
2026-07-31,2026-07-31 11:57:00,317.57,317.57,317.57,317.57,0.0,107.7,34325.71,0
2026-07-31,2026-07-31 11:58:00,317.57,317.57,317.57,317.57,0.0,107.7,34325.71,0
2026-07-31,2026-07-31 11:59:00,317.57,317.57,317.57,317.57,0.0,107.7,34325.71,0
2026-07-31,2026-07-31 12:00:00,317.57,317.58,317.57,317.58,0.0,107.7,34325.71,1
2026-07-31,2026-07-31 12:01:00,317.58,317.58,317.58,317.58,0.0,107.7,34325.71,0
2026-07-31,2026-07-31 12:02:00,317.58,317.58,317.58,317.58,0.0,107.7,34325.71,0
2026-07-31,2026-07-31 12:03:00,317.58,317.59,317.58,317.59,0.0,107.7,34325.71,1
2026-07-31,2026-07-31 12:04:00,317.59,317.59,317.59,317.59,0.0,107.7,34325.71,0
2026-07-31,2026-07-31 12:05:00,317.59,317.59,317.59,317.59,0.0,107.7,34325.71,0
2026-07-31,2026-07-31 12:06:00,317.59,317.6,317.59,317.6,0.0,107.7,34325.71,1
2026-07-31,2026-07-31 12:07:00,317.6,317.6,317.6,317.6,0.0,107.7,34325.71,0
2026-07-31,2026-07-31 12:08:00,317.6,317.6,317.6,317.6,0.0,107.7,34325.71,0
2026-07-31,2026-07-31 12:09:00,317.6,317.6,317.6,317.6,0.0,107.7,34325.71,0
2026-07-31,2026-07-31 12:10:00,317.6,317.61,317.6,317.61,0.0,107.7,34325.71,1
2026-07-31,2026-07-31 12:11:00,317.61,317.61,317.61,317.61,0.0,107.7,34325.71,0
2026-07-31,2026-07-31 12:12:00,317.61,317.61,317.61,317.61,0.0,107.7,34325.71,0
2026-07-31,2026-07-31 12:13:00,317.61,317.62,317.61,317.62,0.0,107.7,34325.71,1
2026-07-31,2026-07-31 12:14:00,317.62,317.62,317.62,317.62,0.0,107.7,34325.71,0
2026-07-31,2026-07-31 12:15:00,317.62,317.62,317.62,317.62,0.0,107.7,34325.71,0
2026-07-31,2026-07-31 12:16:00,317.62,317.62,317.62,317.62,0.0,107.7,34325.71,0
2026-07-31,2026-07-31 12:17:00,317.62,317.63,317.62,317.63,0.0,107.7,34325.71,1
2026-07-31,2026-07-31 12:18:00,317.63,317.63,317.63,317.63,0.0,107.7,34325.71,0
2026-07-31,2026-07-31 12:19:00,317.63,317.63,317.63,317.63,0.0,107.7,34325.71,0
2026-07-31,2026-07-31 12:20:00,317.63,317.64,317.63,317.64,0.0,107.7,34325.71,1
2026-07-31,2026-07-31 12:21:00,317.64,317.64,317.64,317.64,0.0,107.7,34325.71,0
2026-07-31,2026-07-31 12:22:00,317.64,317.64,317.64,317.64,0.0,107.7,34325.71,0
2026-07-31,2026-07-31 12:23:00,317.64,317.64,317.64,317.64,0.0,107.7,34325.71,0
2026-07-31,2026-07-31 12:24:00,317.64,317.65,317.64,317.65,0.0,107.7,34325.71,1
2026-07-31,2026-07-31 12:25:00,317.65,317.65,317.65,317.65,0.0,107.7,34325.71,0
2026-07-31,2026-07-31 12:26:00,317.65,317.65,317.65,317.65,0.0,107.7,34325.71,0
2026-07-31,2026-07-31 12:27:00,317.65,317.66,317.65,317.66,0.0,107.7,34325.71,1
2026-07-31,2026-07-31 12:28:00,317.66,317.66,317.66,317.66,0.0,107.7,34325.71,0
2026-07-31,2026-07-31 12:29:00,317.66,317.66,317.66,317.66,0.0,107.7,34325.71,0
2026-07-31,2026-07-31 12:30:00,317.66,317.67,317.66,317.67,0.0,107.7,34325.71,1
2026-07-31,2026-07-31 12:31:00,317.67,317.67,317.67,317.67,0.0,107.7,34325.71,0
2026-07-31,2026-07-31 12:32:00,317.67,317.67,317.67,317.67,0.0,107.7,34325.71,0
2026-07-31,2026-07-31 12:33:00,317.67,317.67,317.67,317.67,0.0,107.7,34325.71,0
2026-07-31,2026-07-31 12:34:00,317.67,317.68,317.67,317.68,0.0,107.7,34325.71,1
2026-07-31,2026-07-31 12:35:00,317.68,317.68,317.68,317.68,0.0,107.7,34325.71,0
2026-07-31,2026-07-31 12:36:00,317.68,317.68,317.68,317.68,0.0,107.7,34325.71,0
2026-07-31,2026-07-31 12:37:00,317.68,317.69,317.68,317.69,0.0,107.7,34325.71,1
2026-07-31,2026-07-31 12:38:00,317.69,317.69,317.69,317.69,0.0,107.7,34325.71,0
2026-07-31,2026-07-31 12:39:00,317.69,317.69,317.69,317.69,0.0,107.7,34325.71,0
2026-07-31,2026-07-31 12:40:00,317.69,317.69,317.69,317.69,0.0,107.7,34325.71,0
2026-07-31,2026-07-31 12:41:00,317.69,317.7,317.69,317.7,0.0,107.7,34325.71,1
2026-07-31,2026-07-31 12:42:00,317.7,317.7,317.7,317.7,0.0,107.7,34325.71,0
2026-07-31,2026-07-31 12:43:00,317.7,317.7,317.7,317.7,0.0,107.7,34325.71,0
2026-07-31,2026-07-31 12:44:00,317.7,317.71,317.7,317.71,0.0,107.7,34325.71,1
2026-07-31,2026-07-31 12:45:00,317.71,317.71,317.71,317.71,0.0,107.7,34325.71,0
2026-07-31,2026-07-31 12:46:00,317.71,317.71,317.71,317.71,0.0,107.7,34325.71,0
2026-07-31,2026-07-31 12:47:00,317.71,317.71,317.71,317.71,0.0,107.7,34325.71,0
2026-07-31,2026-07-31 12:48:00,317.71,317.72,317.71,317.72,0.0,107.7,34325.71,1
2026-07-31,2026-07-31 12:49:00,317.72,317.72,317.72,317.72,0.0,107.7,34325.71,0
2026-07-31,2026-07-31 12:50:00,317.72,317.72,317.72,317.72,0.0,107.7,34325.71,0
2026-07-31,2026-07-31 12:51:00,317.72,317.73,317.72,317.73,0.0,107.7,34325.71,1
2026-07-31,2026-07-31 12:52:00,317.73,317.73,317.73,317.73,0.0,107.7,34325.71,0
2026-07-31,2026-07-31 12:53:00,317.73,317.73,317.73,317.73,0.0,107.7,34325.71,0
2026-07-31,2026-07-31 12:54:00,317.73,317.74,317.73,317.74,0.0,107.7,34325.71,1
2026-07-31,2026-07-31 12:55:00,317.74,317.74,317.74,317.74,0.0,107.7,34325.71,0
2026-07-31,2026-07-31 12:56:00,317.74,317.74,317.74,317.74,0.0,107.7,34325.71,0
2026-07-31,2026-07-31 12:57:00,317.74,317.74,317.74,317.74,0.0,107.7,34325.71,0
2026-07-31,2026-07-31 12:58:00,317.74,317.75,317.74,317.75,0.0,107.7,34325.71,1
2026-07-31,2026-07-31 12:59:00,317.75,317.75,317.75,317.75,0.0,107.7,34325.71,0
2026-07-31,2026-07-31 13:00:00,317.75,323.9,315.0,317.75,0.0,107.7,34325.71,0
2026-07-31,2026-07-31 13:01:00,317.75,317.76,317.75,317.76,0.0,107.7,34325.71,1
2026-07-31,2026-07-31 13:02:00,317.76,317.76,317.76,317.76,0.0,107.7,34325.71,0
2026-07-31,2026-07-31 13:03:00,317.76,317.76,317.76,317.76,0.0,107.7,34325.71,0
2026-07-31,2026-07-31 13:04:00,317.76,317.76,317.76,317.76,0.0,107.7,34325.71,0
2026-07-31,2026-07-31 13:05:00,317.76,317.77,317.76,317.77,0.0,107.7,34325.71,1
2026-07-31,2026-07-31 13:06:00,317.77,317.77,317.77,317.77,0.0,107.7,34325.71,0
2026-07-31,2026-07-31 13:07:00,317.77,317.77,317.77,317.77,0.0,107.7,34325.71,0
2026-07-31,2026-07-31 13:08:00,317.77,317.78,317.77,317.78,0.0,107.7,34325.71,1
2026-07-31,2026-07-31 13:09:00,317.78,317.78,317.78,317.78,0.0,107.7,34325.71,0
2026-07-31,2026-07-31 13:10:00,317.78,317.78,317.78,317.78,0.0,107.7,34325.71,0
2026-07-31,2026-07-31 13:11:00,317.78,317.79,317.78,317.79,0.0,107.7,34325.71,1
2026-07-31,2026-07-31 13:12:00,317.79,317.79,317.79,317.79,0.0,107.7,34325.71,0
2026-07-31,2026-07-31 13:13:00,317.79,317.79,317.79,317.79,0.0,107.7,34325.71,0
2026-07-31,2026-07-31 13:14:00,317.79,317.79,317.79,317.79,0.0,107.7,34325.71,0
2026-07-31,2026-07-31 13:15:00,317.79,317.8,317.79,317.8,0.0,107.7,34325.71,1
2026-07-31,2026-07-31 13:16:00,317.8,317.8,317.8,317.8,0.0,107.7,34325.71,0
2026-07-31,2026-07-31 13:17:00,317.8,317.8,317.8,317.8,0.0,107.7,34325.71,0
2026-07-31,2026-07-31 13:18:00,317.8,317.81,317.8,317.81,0.0,107.7,34325.71,1
2026-07-31,2026-07-31 13:19:00,317.81,317.81,317.81,317.81,0.0,107.7,34325.71,0
2026-07-31,2026-07-31 13:20:00,317.81,317.81,317.81,317.81,0.0,107.7,34325.71,0
2026-07-31,2026-07-31 13:21:00,317.81,317.81,317.81,317.81,0.0,107.7,34325.71,0
2026-07-31,2026-07-31 13:22:00,317.81,317.82,317.81,317.82,0.0,107.7,34325.71,1
2026-07-31,2026-07-31 13:23:00,317.82,317.82,317.82,317.82,0.0,107.7,34325.71,0
2026-07-31,2026-07-31 13:24:00,317.82,317.82,317.82,317.82,0.0,107.7,34325.71,0
2026-07-31,2026-07-31 13:25:00,317.82,317.83,317.82,317.83,0.0,107.7,34325.71,1
2026-07-31,2026-07-31 13:26:00,317.83,317.83,317.83,317.83,0.0,107.7,34325.71,0
2026-07-31,2026-07-31 13:27:00,317.83,317.83,317.83,317.83,0.0,107.7,34325.71,0
2026-07-31,2026-07-31 13:28:00,317.83,317.83,317.83,317.83,0.0,107.7,34325.71,0
2026-07-31,2026-07-31 13:29:00,317.83,317.84,317.83,317.84,0.0,107.7,34325.71,1
2026-07-31,2026-07-31 13:30:00,317.84,317.84,317.84,317.84,0.0,107.7,34325.71,0
2026-07-31,2026-07-31 13:31:00,317.84,317.84,317.84,317.84,0.0,107.7,34325.71,0
2026-07-31,2026-07-31 13:32:00,317.84,317.85,317.84,317.85,0.0,107.7,34325.71,1
2026-07-31,2026-07-31 13:33:00,317.85,317.85,317.85,317.85,0.0,107.7,34325.71,0
2026-07-31,2026-07-31 13:34:00,317.85,317.85,317.85,317.85,0.0,107.7,34325.71,0
2026-07-31,2026-07-31 13:35:00,317.85,317.86,317.85,317.86,0.0,107.7,34325.71,1
2026-07-31,2026-07-31 13:36:00,317.86,317.86,317.86,317.86,0.0,107.7,34325.71,0
2026-07-31,2026-07-31 13:37:00,317.86,317.86,317.86,317.86,0.0,107.7,34325.71,0
2026-07-31,2026-07-31 13:38:00,317.86,317.86,317.86,317.86,0.0,107.7,34325.71,0
2026-07-31,2026-07-31 13:39:00,317.86,317.87,317.86,317.87,0.0,107.7,34325.71,1
2026-07-31,2026-07-31 13:40:00,317.87,317.87,317.87,317.87,0.0,107.7,34325.71,0
2026-07-31,2026-07-31 13:41:00,317.87,317.87,317.87,317.87,0.0,107.7,34325.71,0
2026-07-31,2026-07-31 13:42:00,317.87,317.88,317.87,317.88,0.0,107.7,34325.71,1
2026-07-31,2026-07-31 13:43:00,317.88,317.88,317.88,317.88,0.0,107.7,34325.71,0
2026-07-31,2026-07-31 13:44:00,317.88,317.88,317.88,317.88,0.0,107.7,34325.71,0
2026-07-31,2026-07-31 13:45:00,317.88,317.88,317.88,317.88,0.0,107.7,34325.71,0
2026-07-31,2026-07-31 13:46:00,317.88,317.89,317.88,317.89,0.0,107.7,34325.71,1
2026-07-31,2026-07-31 13:47:00,317.89,317.89,317.89,317.89,0.0,107.7,34325.71,0
2026-07-31,2026-07-31 13:48:00,317.89,317.89,317.89,317.89,0.0,107.7,34325.71,0
2026-07-31,2026-07-31 13:49:00,317.89,317.9,317.89,317.9,0.0,107.7,34325.71,1
2026-07-31,2026-07-31 13:50:00,317.9,317.9,317.9,317.9,0.0,107.7,34325.71,0
2026-07-31,2026-07-31 13:51:00,317.9,317.9,317.9,317.9,0.0,107.7,34325.71,0
2026-07-31,2026-07-31 13:52:00,317.9,317.9,317.9,317.9,0.0,107.7,34325.71,0
2026-07-31,2026-07-31 13:53:00,317.9,317.91,317.9,317.91,0.0,107.7,34325.71,1
2026-07-31,2026-07-31 13:54:00,317.91,317.91,317.91,317.91,0.0,107.7,34325.71,0
2026-07-31,2026-07-31 13:55:00,317.91,317.91,317.91,317.91,0.0,107.7,34325.71,0
2026-07-31,2026-07-31 13:56:00,317.91,317.92,317.91,317.92,0.0,107.7,34325.71,1
2026-07-31,2026-07-31 13:57:00,317.92,317.92,317.92,317.92,0.0,107.7,34325.71,0
2026-07-31,2026-07-31 13:58:00,317.92,317.92,317.92,317.92,0.0,107.7,34325.71,0
2026-07-31,2026-07-31 13:59:00,317.92,317.93,317.92,317.93,0.0,107.7,34325.71,1
2026-07-31,2026-07-31 14:00:00,317.93,317.93,317.93,317.93,0.0,107.7,34325.71,0
2026-07-31,2026-07-31 14:01:00,317.93,317.93,317.93,317.93,0.0,107.7,34325.71,0
2026-07-31,2026-07-31 14:02:00,317.93,317.93,317.93,317.93,0.0,107.7,34325.71,0
2026-07-31,2026-07-31 14:03:00,317.93,317.94,317.93,317.94,0.0,107.7,34325.71,1
2026-07-31,2026-07-31 14:04:00,317.94,317.94,317.94,317.94,0.0,107.7,34325.71,0
2026-07-31,2026-07-31 14:05:00,317.94,317.94,317.94,317.94,0.0,107.7,34325.71,0
2026-07-31,2026-07-31 14:06:00,317.94,317.95,317.94,317.95,0.0,107.7,34325.71,1
2026-07-31,2026-07-31 14:07:00,317.95,317.95,317.95,317.95,0.0,107.7,34325.71,0
2026-07-31,2026-07-31 14:08:00,317.95,317.95,317.95,317.95,0.0,107.7,34325.71,0
2026-07-31,2026-07-31 14:09:00,317.95,317.95,317.95,317.95,0.0,107.7,34325.71,0
2026-07-31,2026-07-31 14:10:00,317.95,317.96,317.95,317.96,0.0,107.7,34325.71,1
2026-07-31,2026-07-31 14:11:00,317.96,317.96,317.96,317.96,0.0,107.7,34325.71,0
2026-07-31,2026-07-31 14:12:00,317.96,317.96,317.96,317.96,0.0,107.7,34325.71,0
2026-07-31,2026-07-31 14:13:00,317.96,317.97,317.96,317.97,0.0,107.7,34325.71,1
2026-07-31,2026-07-31 14:14:00,317.97,317.97,317.97,317.97,0.0,107.7,34325.71,0
2026-07-31,2026-07-31 14:15:00,317.97,317.97,317.97,317.97,0.0,107.7,34325.71,0
2026-07-31,2026-07-31 14:16:00,317.97,317.97,317.97,317.97,0.0,107.7,34325.71,0
2026-07-31,2026-07-31 14:17:00,317.97,317.98,317.97,317.98,0.0,107.7,34325.71,1
2026-07-31,2026-07-31 14:18:00,317.98,317.98,317.98,317.98,0.0,107.7,34325.71,0
2026-07-31,2026-07-31 14:19:00,317.98,317.98,317.98,317.98,0.0,107.7,34325.71,0
2026-07-31,2026-07-31 14:20:00,317.98,317.99,317.98,317.99,0.0,107.7,34325.71,1
2026-07-31,2026-07-31 14:21:00,317.99,317.99,317.99,317.99,0.0,107.7,34325.71,0
2026-07-31,2026-07-31 14:22:00,317.99,317.99,317.99,317.99,0.0,107.7,34325.71,0
2026-07-31,2026-07-31 14:23:00,317.99,318.0,317.99,318.0,0.0,107.7,34325.71,1
2026-07-31,2026-07-31 14:24:00,318.0,318.0,318.0,318.0,0.0,107.7,34325.71,0
2026-07-31,2026-07-31 14:25:00,318.0,318.0,318.0,318.0,0.0,107.7,34325.71,0
2026-07-31,2026-07-31 14:26:00,318.0,318.0,318.0,318.0,0.0,107.7,34325.71,0
2026-07-31,2026-07-31 14:27:00,318.0,318.01,318.0,318.01,0.0,107.7,34325.71,1
2026-07-31,2026-07-31 14:28:00,318.01,318.01,318.01,318.01,0.0,107.7,34325.71,0
2026-07-31,2026-07-31 14:29:00,318.01,318.01,318.01,318.01,0.0,107.7,34325.71,0
2026-07-31,2026-07-31 14:30:00,318.01,318.02,318.01,318.02,0.0,107.7,34325.71,1
2026-07-31,2026-07-31 14:31:00,318.02,318.02,318.02,318.02,0.0,107.7,34325.71,0
2026-07-31,2026-07-31 14:32:00,318.02,318.02,318.02,318.02,0.0,107.7,34325.71,0
2026-07-31,2026-07-31 14:33:00,318.02,318.02,318.02,318.02,0.0,107.7,34325.71,0
2026-07-31,2026-07-31 14:34:00,318.02,318.03,318.02,318.03,0.0,107.7,34325.71,1
2026-07-31,2026-07-31 14:35:00,318.03,318.03,318.03,318.03,0.0,107.7,34325.71,0
2026-07-31,2026-07-31 14:36:00,318.03,318.03,318.03,318.03,0.0,107.7,34325.71,0
2026-07-31,2026-07-31 14:37:00,318.03,318.04,318.03,318.04,0.0,107.7,34325.71,1
2026-07-31,2026-07-31 14:38:00,318.04,318.04,318.04,318.04,0.0,107.7,34325.71,0
2026-07-31,2026-07-31 14:39:00,318.04,318.04,318.04,318.04,0.0,107.7,34325.71,0
2026-07-31,2026-07-31 14:40:00,318.04,318.04,318.04,318.04,0.0,107.7,34325.71,0
2026-07-31,2026-07-31 14:41:00,318.04,318.05,318.04,318.05,0.0,107.7,34325.71,1
2026-07-31,2026-07-31 14:42:00,318.05,318.05,318.05,318.05,0.0,107.7,34325.71,0
2026-07-31,2026-07-31 14:43:00,318.05,318.05,318.05,318.05,0.0,107.7,34325.71,0
2026-07-31,2026-07-31 14:44:00,318.05,318.06,318.05,318.06,0.0,107.7,34325.71,1
2026-07-31,2026-07-31 14:45:00,318.06,318.06,318.06,318.06,0.0,107.7,34325.71,0
2026-07-31,2026-07-31 14:46:00,318.06,318.06,318.06,318.06,0.0,107.7,34325.71,0
2026-07-31,2026-07-31 14:47:00,318.06,318.06,318.06,318.06,0.0,107.7,34325.71,0
2026-07-31,2026-07-31 14:48:00,318.06,318.07,318.06,318.07,0.0,107.7,34325.71,1
2026-07-31,2026-07-31 14:49:00,318.07,318.07,318.07,318.07,0.0,107.7,34325.71,0
2026-07-31,2026-07-31 14:50:00,318.07,318.07,318.07,318.07,0.0,107.7,34325.71,0
2026-07-31,2026-07-31 14:51:00,318.07,318.08,318.07,318.08,0.0,107.7,34325.71,1
2026-07-31,2026-07-31 14:52:00,318.08,318.08,318.08,318.08,0.0,107.7,34325.71,0
2026-07-31,2026-07-31 14:53:00,318.08,318.08,318.08,318.08,0.0,107.7,34325.71,0
2026-07-31,2026-07-31 14:54:00,318.08,318.09,318.08,318.09,0.0,107.7,34325.71,1
2026-07-31,2026-07-31 14:55:00,318.09,318.09,318.09,318.09,0.0,107.7,34325.71,0
2026-07-31,2026-07-31 14:56:00,318.09,318.09,318.09,318.09,0.0,107.7,34325.71,0
2026-07-31,2026-07-31 14:57:00,318.09,318.09,318.09,318.09,0.0,107.7,34325.71,0
2026-07-31,2026-07-31 14:58:00,318.09,318.1,318.09,318.1,0.0,107.7,34325.71,1
2026-07-31,2026-07-31 14:59:00,318.1,318.1,318.1,318.1,0.0,107.7,34325.71,0
2026-07-31,2026-07-31 15:00:00,318.1,323.9,315.0,318.1,0.0,107.7,34325.71,0
2026-08-03,2026-08-03 11:00:00,324.9,325.08,323.43,324.9,0.0,77.32,25019.31,0
2026-08-03,2026-08-03 11:01:00,324.9,324.9,324.9,324.9,0.0,77.32,25019.31,0
2026-08-03,2026-08-03 11:02:00,324.9,324.9,324.9,324.9,0.0,77.32,25019.31,0
2026-08-03,2026-08-03 11:03:00,324.9,324.9,324.9,324.9,0.0,77.32,25019.31,0
2026-08-03,2026-08-03 11:04:00,324.9,324.9,324.9,324.9,0.0,77.32,25019.31,0
2026-08-03,2026-08-03 11:05:00,324.9,324.9,324.9,324.9,0.0,77.32,25019.31,0
2026-08-03,2026-08-03 11:06:00,324.9,324.9,324.9,324.9,0.0,77.32,25019.31,0
2026-08-03,2026-08-03 11:07:00,324.9,324.9,324.9,324.9,0.0,77.32,25019.31,0
2026-08-03,2026-08-03 11:08:00,324.9,324.9,324.9,324.9,0.0,77.32,25019.31,0
2026-08-03,2026-08-03 11:09:00,324.9,324.9,324.9,324.9,0.0,77.32,25019.31,0
2026-08-03,2026-08-03 11:10:00,324.9,324.9,324.9,324.9,0.0,77.32,25019.31,0
2026-08-03,2026-08-03 11:11:00,324.9,324.9,324.9,324.9,0.0,77.32,25019.31,0
2026-08-03,2026-08-03 11:12:00,324.9,324.91,324.9,324.91,0.0,77.32,25019.31,1
2026-08-03,2026-08-03 11:13:00,324.91,324.91,324.91,324.91,0.0,77.32,25019.31,0
2026-08-03,2026-08-03 11:14:00,324.91,324.91,324.91,324.91,0.0,77.32,25019.31,0
2026-08-03,2026-08-03 11:15:00,324.91,324.91,324.91,324.91,0.0,77.32,25019.31,0
2026-08-03,2026-08-03 11:16:00,324.91,324.91,324.91,324.91,0.0,77.32,25019.31,0
2026-08-03,2026-08-03 11:17:00,324.91,324.91,324.91,324.91,0.0,77.32,25019.31,0
2026-08-03,2026-08-03 11:18:00,324.91,324.91,324.91,324.91,0.0,77.32,25019.31,0
2026-08-03,2026-08-03 11:19:00,324.91,324.91,324.91,324.91,0.0,77.32,25019.31,0
2026-08-03,2026-08-03 11:20:00,324.91,324.91,324.91,324.91,0.0,77.32,25019.31,0
2026-08-03,2026-08-03 11:21:00,324.91,324.91,324.91,324.91,0.0,77.32,25019.31,0
2026-08-03,2026-08-03 11:22:00,324.91,324.91,324.91,324.91,0.0,77.32,25019.31,0
2026-08-03,2026-08-03 11:23:00,324.91,324.91,324.91,324.91,0.0,77.32,25019.31,0
2026-08-03,2026-08-03 11:24:00,324.91,324.91,324.91,324.91,0.0,77.32,25019.31,0
2026-08-03,2026-08-03 11:25:00,324.91,324.91,324.91,324.91,0.0,77.32,25019.31,0
2026-08-03,2026-08-03 11:26:00,324.91,324.91,324.91,324.91,0.0,77.32,25019.31,0
2026-08-03,2026-08-03 11:27:00,324.91,324.91,324.91,324.91,0.0,77.32,25019.31,0
2026-08-03,2026-08-03 11:28:00,324.91,324.91,324.91,324.91,0.0,77.32,25019.31,0
2026-08-03,2026-08-03 11:29:00,324.91,324.91,324.91,324.91,0.0,77.32,25019.31,0
2026-08-03,2026-08-03 11:30:00,324.91,324.91,324.91,324.91,0.0,77.32,25019.31,0
2026-08-03,2026-08-03 11:31:00,324.91,324.91,324.91,324.91,0.0,77.32,25019.31,0
2026-08-03,2026-08-03 11:32:00,324.91,324.91,324.91,324.91,0.0,77.32,25019.31,0
2026-08-03,2026-08-03 11:33:00,324.91,324.91,324.91,324.91,0.0,77.32,25019.31,0
2026-08-03,2026-08-03 11:34:00,324.91,324.91,324.91,324.91,0.0,77.32,25019.31,0
2026-08-03,2026-08-03 11:35:00,324.91,324.91,324.91,324.91,0.0,77.32,25019.31,0
2026-08-03,2026-08-03 11:36:00,324.91,324.92,324.91,324.92,0.0,77.32,25019.31,1
2026-08-03,2026-08-03 11:37:00,324.92,324.92,324.92,324.92,0.0,77.32,25019.31,0
2026-08-03,2026-08-03 11:38:00,324.92,324.92,324.92,324.92,0.0,77.32,25019.31,0
2026-08-03,2026-08-03 11:39:00,324.92,324.92,324.92,324.92,0.0,77.32,25019.31,0
2026-08-03,2026-08-03 11:40:00,324.92,324.92,324.92,324.92,0.0,77.32,25019.31,0
2026-08-03,2026-08-03 11:41:00,324.92,324.92,324.92,324.92,0.0,77.32,25019.31,0
2026-08-03,2026-08-03 11:42:00,324.92,324.92,324.92,324.92,0.0,77.32,25019.31,0
2026-08-03,2026-08-03 11:43:00,324.92,324.92,324.92,324.92,0.0,77.32,25019.31,0
2026-08-03,2026-08-03 11:44:00,324.92,324.92,324.92,324.92,0.0,77.32,25019.31,0
2026-08-03,2026-08-03 11:45:00,324.92,324.92,324.92,324.92,0.0,77.32,25019.31,0
2026-08-03,2026-08-03 11:46:00,324.92,324.92,324.92,324.92,0.0,77.32,25019.31,0
2026-08-03,2026-08-03 11:47:00,324.92,324.92,324.92,324.92,0.0,77.32,25019.31,0
2026-08-03,2026-08-03 11:48:00,324.92,324.92,324.92,324.92,0.0,77.32,25019.31,0
2026-08-03,2026-08-03 11:49:00,324.92,324.92,324.92,324.92,0.0,77.32,25019.31,0
2026-08-03,2026-08-03 11:50:00,324.92,324.92,324.92,324.92,0.0,77.32,25019.31,0
2026-08-03,2026-08-03 11:51:00,324.92,324.92,324.92,324.92,0.0,77.32,25019.31,0
2026-08-03,2026-08-03 11:52:00,324.92,324.92,324.92,324.92,0.0,77.32,25019.31,0
2026-08-03,2026-08-03 11:53:00,324.92,324.92,324.92,324.92,0.0,77.32,25019.31,0
2026-08-03,2026-08-03 11:54:00,324.92,324.92,324.92,324.92,0.0,77.32,25019.31,0
2026-08-03,2026-08-03 11:55:00,324.92,324.92,324.92,324.92,0.0,77.32,25019.31,0
2026-08-03,2026-08-03 11:56:00,324.92,324.92,324.92,324.92,0.0,77.32,25019.31,0
2026-08-03,2026-08-03 11:57:00,324.92,324.92,324.92,324.92,0.0,77.32,25019.31,0
2026-08-03,2026-08-03 11:58:00,324.92,324.92,324.92,324.92,0.0,77.32,25019.31,0
2026-08-03,2026-08-03 11:59:00,324.92,324.92,324.92,324.92,0.0,77.32,25019.31,0
2026-08-03,2026-08-03 12:00:00,324.92,324.93,324.92,324.93,0.0,77.32,25019.31,1
2026-08-03,2026-08-03 12:01:00,324.93,324.93,324.93,324.93,0.0,77.32,25019.31,0
2026-08-03,2026-08-03 12:02:00,324.93,324.93,324.93,324.93,0.0,77.32,25019.31,0
2026-08-03,2026-08-03 12:03:00,324.93,324.93,324.93,324.93,0.0,77.32,25019.31,0
2026-08-03,2026-08-03 12:04:00,324.93,324.93,324.93,324.93,0.0,77.32,25019.31,0
2026-08-03,2026-08-03 12:05:00,324.93,324.93,324.93,324.93,0.0,77.32,25019.31,0
2026-08-03,2026-08-03 12:06:00,324.93,324.93,324.93,324.93,0.0,77.32,25019.31,0
2026-08-03,2026-08-03 12:07:00,324.93,324.93,324.93,324.93,0.0,77.32,25019.31,0
2026-08-03,2026-08-03 12:08:00,324.93,324.93,324.93,324.93,0.0,77.32,25019.31,0
2026-08-03,2026-08-03 12:09:00,324.93,324.93,324.93,324.93,0.0,77.32,25019.31,0
2026-08-03,2026-08-03 12:10:00,324.93,324.93,324.93,324.93,0.0,77.32,25019.31,0
2026-08-03,2026-08-03 12:11:00,324.93,324.93,324.93,324.93,0.0,77.32,25019.31,0
2026-08-03,2026-08-03 12:12:00,324.93,324.93,324.93,324.93,0.0,77.32,25019.31,0
2026-08-03,2026-08-03 12:13:00,324.93,324.93,324.93,324.93,0.0,77.32,25019.31,0
2026-08-03,2026-08-03 12:14:00,324.93,324.93,324.93,324.93,0.0,77.32,25019.31,0
2026-08-03,2026-08-03 12:15:00,324.93,324.93,324.93,324.93,0.0,77.32,25019.31,0
2026-08-03,2026-08-03 12:16:00,324.93,324.93,324.93,324.93,0.0,77.32,25019.31,0
2026-08-03,2026-08-03 12:17:00,324.93,324.93,324.93,324.93,0.0,77.32,25019.31,0
2026-08-03,2026-08-03 12:18:00,324.93,324.93,324.93,324.93,0.0,77.32,25019.31,0
2026-08-03,2026-08-03 12:19:00,324.93,324.93,324.93,324.93,0.0,77.32,25019.31,0
2026-08-03,2026-08-03 12:20:00,324.93,324.93,324.93,324.93,0.0,77.32,25019.31,0
2026-08-03,2026-08-03 12:21:00,324.93,324.93,324.93,324.93,0.0,77.32,25019.31,0
2026-08-03,2026-08-03 12:22:00,324.93,324.93,324.93,324.93,0.0,77.32,25019.31,0
2026-08-03,2026-08-03 12:23:00,324.93,324.94,324.93,324.94,0.0,77.32,25019.31,1
2026-08-03,2026-08-03 12:24:00,324.94,324.94,324.94,324.94,0.0,77.32,25019.31,0
2026-08-03,2026-08-03 12:25:00,324.94,324.94,324.94,324.94,0.0,77.32,25019.31,0
2026-08-03,2026-08-03 12:26:00,324.94,324.94,324.94,324.94,0.0,77.32,25019.31,0
2026-08-03,2026-08-03 12:27:00,324.94,324.94,324.94,324.94,0.0,77.32,25019.31,0
2026-08-03,2026-08-03 12:28:00,324.94,324.94,324.94,324.94,0.0,77.32,25019.31,0
2026-08-03,2026-08-03 12:29:00,324.94,324.94,324.94,324.94,0.0,77.32,25019.31,0
2026-08-03,2026-08-03 12:30:00,324.94,324.94,324.94,324.94,0.0,77.32,25019.31,0
2026-08-03,2026-08-03 12:31:00,324.94,324.94,324.94,324.94,0.0,77.32,25019.31,0
2026-08-03,2026-08-03 12:32:00,324.94,324.94,324.94,324.94,0.0,77.32,25019.31,0
2026-08-03,2026-08-03 12:33:00,324.94,324.94,324.94,324.94,0.0,77.32,25019.31,0
2026-08-03,2026-08-03 12:34:00,324.94,324.94,324.94,324.94,0.0,77.32,25019.31,0
2026-08-03,2026-08-03 12:35:00,324.94,324.94,324.94,324.94,0.0,77.32,25019.31,0
2026-08-03,2026-08-03 12:36:00,324.94,324.94,324.94,324.94,0.0,77.32,25019.31,0
2026-08-03,2026-08-03 12:37:00,324.94,324.94,324.94,324.94,0.0,77.32,25019.31,0
2026-08-03,2026-08-03 12:38:00,324.94,324.94,324.94,324.94,0.0,77.32,25019.31,0
2026-08-03,2026-08-03 12:39:00,324.94,324.94,324.94,324.94,0.0,77.32,25019.31,0
2026-08-03,2026-08-03 12:40:00,324.94,324.94,324.94,324.94,0.0,77.32,25019.31,0
2026-08-03,2026-08-03 12:41:00,324.94,324.94,324.94,324.94,0.0,77.32,25019.31,0
2026-08-03,2026-08-03 12:42:00,324.94,324.94,324.94,324.94,0.0,77.32,25019.31,0
2026-08-03,2026-08-03 12:43:00,324.94,324.94,324.94,324.94,0.0,77.32,25019.31,0
2026-08-03,2026-08-03 12:44:00,324.94,324.94,324.94,324.94,0.0,77.32,25019.31,0
2026-08-03,2026-08-03 12:45:00,324.94,324.94,324.94,324.94,0.0,77.32,25019.31,0
2026-08-03,2026-08-03 12:46:00,324.94,324.94,324.94,324.94,0.0,77.32,25019.31,0
2026-08-03,2026-08-03 12:47:00,324.94,324.94,324.94,324.94,0.0,77.32,25019.31,0
2026-08-03,2026-08-03 12:48:00,324.94,324.95,324.94,324.95,0.0,77.32,25019.31,1
2026-08-03,2026-08-03 12:49:00,324.95,324.95,324.95,324.95,0.0,77.32,25019.31,0
2026-08-03,2026-08-03 12:50:00,324.95,324.95,324.95,324.95,0.0,77.32,25019.31,0
2026-08-03,2026-08-03 12:51:00,324.95,324.95,324.95,324.95,0.0,77.32,25019.31,0
2026-08-03,2026-08-03 12:52:00,324.95,324.95,324.95,324.95,0.0,77.32,25019.31,0
2026-08-03,2026-08-03 12:53:00,324.95,324.95,324.95,324.95,0.0,77.32,25019.31,0
2026-08-03,2026-08-03 12:54:00,324.95,324.95,324.95,324.95,0.0,77.32,25019.31,0
2026-08-03,2026-08-03 12:55:00,324.95,324.95,324.95,324.95,0.0,77.32,25019.31,0
2026-08-03,2026-08-03 12:56:00,324.95,324.95,324.95,324.95,0.0,77.32,25019.31,0
2026-08-03,2026-08-03 12:57:00,324.95,324.95,324.95,324.95,0.0,77.32,25019.31,0
2026-08-03,2026-08-03 12:58:00,324.95,324.95,324.95,324.95,0.0,77.32,25019.31,0
2026-08-03,2026-08-03 12:59:00,324.95,324.95,324.95,324.95,0.0,77.32,25019.31,0
2026-08-03,2026-08-03 13:00:00,324.95,325.5,320.0,324.95,0.0,77.32,25019.31,0
2026-08-03,2026-08-03 13:01:00,324.95,324.95,324.95,324.95,0.0,77.32,25019.31,0
2026-08-03,2026-08-03 13:02:00,324.95,324.95,324.95,324.95,0.0,77.32,25019.31,0
2026-08-03,2026-08-03 13:03:00,324.95,324.95,324.95,324.95,0.0,77.32,25019.31,0
2026-08-03,2026-08-03 13:04:00,324.95,324.95,324.95,324.95,0.0,77.32,25019.31,0
2026-08-03,2026-08-03 13:05:00,324.95,324.95,324.95,324.95,0.0,77.32,25019.31,0
2026-08-03,2026-08-03 13:06:00,324.95,324.95,324.95,324.95,0.0,77.32,25019.31,0
2026-08-03,2026-08-03 13:07:00,324.95,324.95,324.95,324.95,0.0,77.32,25019.31,0
2026-08-03,2026-08-03 13:08:00,324.95,324.95,324.95,324.95,0.0,77.32,25019.31,0
2026-08-03,2026-08-03 13:09:00,324.95,324.95,324.95,324.95,0.0,77.32,25019.31,0
2026-08-03,2026-08-03 13:10:00,324.95,324.95,324.95,324.95,0.0,77.32,25019.31,0
2026-08-03,2026-08-03 13:11:00,324.95,324.95,324.95,324.95,0.0,77.32,25019.31,0
2026-08-03,2026-08-03 13:12:00,324.95,324.96,324.95,324.96,0.0,77.32,25019.31,1
2026-08-03,2026-08-03 13:13:00,324.96,324.96,324.96,324.96,0.0,77.32,25019.31,0
2026-08-03,2026-08-03 13:14:00,324.96,324.96,324.96,324.96,0.0,77.32,25019.31,0
2026-08-03,2026-08-03 13:15:00,324.96,324.96,324.96,324.96,0.0,77.32,25019.31,0
2026-08-03,2026-08-03 13:16:00,324.96,324.96,324.96,324.96,0.0,77.32,25019.31,0
2026-08-03,2026-08-03 13:17:00,324.96,324.96,324.96,324.96,0.0,77.32,25019.31,0
2026-08-03,2026-08-03 13:18:00,324.96,324.96,324.96,324.96,0.0,77.32,25019.31,0
2026-08-03,2026-08-03 13:19:00,324.96,324.96,324.96,324.96,0.0,77.32,25019.31,0
2026-08-03,2026-08-03 13:20:00,324.96,324.96,324.96,324.96,0.0,77.32,25019.31,0
2026-08-03,2026-08-03 13:21:00,324.96,324.96,324.96,324.96,0.0,77.32,25019.31,0
2026-08-03,2026-08-03 13:22:00,324.96,324.96,324.96,324.96,0.0,77.32,25019.31,0
2026-08-03,2026-08-03 13:23:00,324.96,324.96,324.96,324.96,0.0,77.32,25019.31,0
2026-08-03,2026-08-03 13:24:00,324.96,324.96,324.96,324.96,0.0,77.32,25019.31,0
2026-08-03,2026-08-03 13:25:00,324.96,324.96,324.96,324.96,0.0,77.32,25019.31,0
2026-08-03,2026-08-03 13:26:00,324.96,324.96,324.96,324.96,0.0,77.32,25019.31,0
2026-08-03,2026-08-03 13:27:00,324.96,324.96,324.96,324.96,0.0,77.32,25019.31,0
2026-08-03,2026-08-03 13:28:00,324.96,324.96,324.96,324.96,0.0,77.32,25019.31,0
2026-08-03,2026-08-03 13:29:00,324.96,324.96,324.96,324.96,0.0,77.32,25019.31,0
2026-08-03,2026-08-03 13:30:00,324.96,324.96,324.96,324.96,0.0,77.32,25019.31,0
2026-08-03,2026-08-03 13:31:00,324.96,324.96,324.96,324.96,0.0,77.32,25019.31,0
2026-08-03,2026-08-03 13:32:00,324.96,324.96,324.96,324.96,0.0,77.32,25019.31,0
2026-08-03,2026-08-03 13:33:00,324.96,324.96,324.96,324.96,0.0,77.32,25019.31,0
2026-08-03,2026-08-03 13:34:00,324.96,324.96,324.96,324.96,0.0,77.32,25019.31,0
2026-08-03,2026-08-03 13:35:00,324.96,324.96,324.96,324.96,0.0,77.32,25019.31,0
2026-08-03,2026-08-03 13:36:00,324.96,324.97,324.96,324.97,0.0,77.32,25019.31,1
2026-08-03,2026-08-03 13:37:00,324.97,324.97,324.97,324.97,0.0,77.32,25019.31,0
2026-08-03,2026-08-03 13:38:00,324.97,324.97,324.97,324.97,0.0,77.32,25019.31,0
2026-08-03,2026-08-03 13:39:00,324.97,324.97,324.97,324.97,0.0,77.32,25019.31,0
2026-08-03,2026-08-03 13:40:00,324.97,324.97,324.97,324.97,0.0,77.32,25019.31,0
2026-08-03,2026-08-03 13:41:00,324.97,324.97,324.97,324.97,0.0,77.32,25019.31,0
2026-08-03,2026-08-03 13:42:00,324.97,324.97,324.97,324.97,0.0,77.32,25019.31,0
2026-08-03,2026-08-03 13:43:00,324.97,324.97,324.97,324.97,0.0,77.32,25019.31,0
2026-08-03,2026-08-03 13:44:00,324.97,324.97,324.97,324.97,0.0,77.32,25019.31,0
2026-08-03,2026-08-03 13:45:00,324.97,324.97,324.97,324.97,0.0,77.32,25019.31,0
2026-08-03,2026-08-03 13:46:00,324.97,324.97,324.97,324.97,0.0,77.32,25019.31,0
2026-08-03,2026-08-03 13:47:00,324.97,324.97,324.97,324.97,0.0,77.32,25019.31,0
2026-08-03,2026-08-03 13:48:00,324.97,324.97,324.97,324.97,0.0,77.32,25019.31,0
2026-08-03,2026-08-03 13:49:00,324.97,324.97,324.97,324.97,0.0,77.32,25019.31,0
2026-08-03,2026-08-03 13:50:00,324.97,324.97,324.97,324.97,0.0,77.32,25019.31,0
2026-08-03,2026-08-03 13:51:00,324.97,324.97,324.97,324.97,0.0,77.32,25019.31,0
2026-08-03,2026-08-03 13:52:00,324.97,324.97,324.97,324.97,0.0,77.32,25019.31,0
2026-08-03,2026-08-03 13:53:00,324.97,324.97,324.97,324.97,0.0,77.32,25019.31,0
2026-08-03,2026-08-03 13:54:00,324.97,324.97,324.97,324.97,0.0,77.32,25019.31,0
2026-08-03,2026-08-03 13:55:00,324.97,324.97,324.97,324.97,0.0,77.32,25019.31,0
2026-08-03,2026-08-03 13:56:00,324.97,324.97,324.97,324.97,0.0,77.32,25019.31,0
2026-08-03,2026-08-03 13:57:00,324.97,324.97,324.97,324.97,0.0,77.32,25019.31,0
2026-08-03,2026-08-03 13:58:00,324.97,324.97,324.97,324.97,0.0,77.32,25019.31,0
2026-08-03,2026-08-03 13:59:00,324.97,324.98,324.97,324.98,0.0,77.32,25019.31,1
2026-08-03,2026-08-03 14:00:00,324.98,324.98,324.98,324.98,0.0,77.32,25019.31,0
2026-08-03,2026-08-03 14:01:00,324.98,324.98,324.98,324.98,0.0,77.32,25019.31,0
2026-08-03,2026-08-03 14:02:00,324.98,324.98,324.98,324.98,0.0,77.32,25019.31,0
2026-08-03,2026-08-03 14:03:00,324.98,324.98,324.98,324.98,0.0,77.32,25019.31,0
2026-08-03,2026-08-03 14:04:00,324.98,324.98,324.98,324.98,0.0,77.32,25019.31,0
2026-08-03,2026-08-03 14:05:00,324.98,324.98,324.98,324.98,0.0,77.32,25019.31,0
2026-08-03,2026-08-03 14:06:00,324.98,324.98,324.98,324.98,0.0,77.32,25019.31,0
2026-08-03,2026-08-03 14:07:00,324.98,324.98,324.98,324.98,0.0,77.32,25019.31,0
2026-08-03,2026-08-03 14:08:00,324.98,324.98,324.98,324.98,0.0,77.32,25019.31,0
2026-08-03,2026-08-03 14:09:00,324.98,324.98,324.98,324.98,0.0,77.32,25019.31,0
2026-08-03,2026-08-03 14:10:00,324.98,324.98,324.98,324.98,0.0,77.32,25019.31,0
2026-08-03,2026-08-03 14:11:00,324.98,324.98,324.98,324.98,0.0,77.32,25019.31,0
2026-08-03,2026-08-03 14:12:00,324.98,324.98,324.98,324.98,0.0,77.32,25019.31,0
2026-08-03,2026-08-03 14:13:00,324.98,324.98,324.98,324.98,0.0,77.32,25019.31,0
2026-08-03,2026-08-03 14:14:00,324.98,324.98,324.98,324.98,0.0,77.32,25019.31,0
2026-08-03,2026-08-03 14:15:00,324.98,324.98,324.98,324.98,0.0,77.32,25019.31,0
2026-08-03,2026-08-03 14:16:00,324.98,324.98,324.98,324.98,0.0,77.32,25019.31,0
2026-08-03,2026-08-03 14:17:00,324.98,324.98,324.98,324.98,0.0,77.32,25019.31,0
2026-08-03,2026-08-03 14:18:00,324.98,324.98,324.98,324.98,0.0,77.32,25019.31,0
2026-08-03,2026-08-03 14:19:00,324.98,324.98,324.98,324.98,0.0,77.32,25019.31,0
2026-08-03,2026-08-03 14:20:00,324.98,324.98,324.98,324.98,0.0,77.32,25019.31,0
2026-08-03,2026-08-03 14:21:00,324.98,324.98,324.98,324.98,0.0,77.32,25019.31,0
2026-08-03,2026-08-03 14:22:00,324.98,324.98,324.98,324.98,0.0,77.32,25019.31,0
2026-08-03,2026-08-03 14:23:00,324.98,324.99,324.98,324.99,0.0,77.32,25019.31,1
2026-08-03,2026-08-03 14:24:00,324.99,324.99,324.99,324.99,0.0,77.32,25019.31,0
2026-08-03,2026-08-03 14:25:00,324.99,324.99,324.99,324.99,0.0,77.32,25019.31,0
2026-08-03,2026-08-03 14:26:00,324.99,324.99,324.99,324.99,0.0,77.32,25019.31,0
2026-08-03,2026-08-03 14:27:00,324.99,324.99,324.99,324.99,0.0,77.32,25019.31,0
2026-08-03,2026-08-03 14:28:00,324.99,324.99,324.99,324.99,0.0,77.32,25019.31,0
2026-08-03,2026-08-03 14:29:00,324.99,324.99,324.99,324.99,0.0,77.32,25019.31,0
2026-08-03,2026-08-03 14:30:00,324.99,324.99,324.99,324.99,0.0,77.32,25019.31,0
2026-08-03,2026-08-03 14:31:00,324.99,324.99,324.99,324.99,0.0,77.32,25019.31,0
2026-08-03,2026-08-03 14:32:00,324.99,324.99,324.99,324.99,0.0,77.32,25019.31,0
2026-08-03,2026-08-03 14:33:00,324.99,324.99,324.99,324.99,0.0,77.32,25019.31,0
2026-08-03,2026-08-03 14:34:00,324.99,324.99,324.99,324.99,0.0,77.32,25019.31,0
2026-08-03,2026-08-03 14:35:00,324.99,324.99,324.99,324.99,0.0,77.32,25019.31,0
2026-08-03,2026-08-03 14:36:00,324.99,324.99,324.99,324.99,0.0,77.32,25019.31,0
2026-08-03,2026-08-03 14:37:00,324.99,324.99,324.99,324.99,0.0,77.32,25019.31,0
2026-08-03,2026-08-03 14:38:00,324.99,324.99,324.99,324.99,0.0,77.32,25019.31,0
2026-08-03,2026-08-03 14:39:00,324.99,324.99,324.99,324.99,0.0,77.32,25019.31,0
2026-08-03,2026-08-03 14:40:00,324.99,324.99,324.99,324.99,0.0,77.32,25019.31,0
2026-08-03,2026-08-03 14:41:00,324.99,324.99,324.99,324.99,0.0,77.32,25019.31,0
2026-08-03,2026-08-03 14:42:00,324.99,324.99,324.99,324.99,0.0,77.32,25019.31,0
2026-08-03,2026-08-03 14:43:00,324.99,324.99,324.99,324.99,0.0,77.32,25019.31,0
2026-08-03,2026-08-03 14:44:00,324.99,324.99,324.99,324.99,0.0,77.32,25019.31,0
2026-08-03,2026-08-03 14:45:00,324.99,324.99,324.99,324.99,0.0,77.32,25019.31,0
2026-08-03,2026-08-03 14:46:00,324.99,324.99,324.99,324.99,0.0,77.32,25019.31,0
2026-08-03,2026-08-03 14:47:00,324.99,325.0,324.99,325.0,0.0,77.32,25019.31,1
2026-08-03,2026-08-03 14:48:00,325.0,325.0,325.0,325.0,0.0,77.32,25019.31,0
2026-08-03,2026-08-03 14:49:00,325.0,325.0,325.0,325.0,0.0,77.32,25019.31,0
2026-08-03,2026-08-03 14:50:00,325.0,325.0,325.0,325.0,0.0,77.32,25019.31,0
2026-08-03,2026-08-03 14:51:00,325.0,325.0,325.0,325.0,0.0,77.32,25019.31,0
2026-08-03,2026-08-03 14:52:00,325.0,325.0,325.0,325.0,0.0,77.32,25019.31,0
2026-08-03,2026-08-03 14:53:00,325.0,325.0,325.0,325.0,0.0,77.32,25019.31,0
2026-08-03,2026-08-03 14:54:00,325.0,325.0,325.0,325.0,0.0,77.32,25019.31,0
2026-08-03,2026-08-03 14:55:00,325.0,325.0,325.0,325.0,0.0,77.32,25019.31,0
2026-08-03,2026-08-03 14:56:00,325.0,325.0,325.0,325.0,0.0,77.32,25019.31,0
2026-08-03,2026-08-03 14:57:00,325.0,325.0,325.0,325.0,0.0,77.32,25019.31,0
2026-08-03,2026-08-03 14:58:00,325.0,325.0,325.0,325.0,0.0,77.32,25019.31,0
2026-08-03,2026-08-03 14:59:00,325.0,325.0,325.0,325.0,0.0,77.32,25019.31,0
2026-08-03,2026-08-03 15:00:00,325.0,325.5,320.0,325.0,0.0,77.32,25019.31,0
2026-08-04,2026-08-04 11:00:00,323.0,323.3,321.56,323.0,0.0,25.84,8290.61,0
2026-08-04,2026-08-04 11:01:00,323.0,323.0,323.0,323.0,0.0,25.84,8290.61,0
2026-08-04,2026-08-04 11:02:00,323.0,323.0,323.0,323.0,0.0,25.84,8290.61,0
2026-08-04,2026-08-04 11:03:00,323.0,323.0,323.0,323.0,0.0,25.84,8290.61,0
2026-08-04,2026-08-04 11:04:00,323.0,323.0,323.0,323.0,0.0,25.84,8290.61,0
2026-08-04,2026-08-04 11:05:00,323.0,323.0,323.0,323.0,0.0,25.84,8290.61,0
2026-08-04,2026-08-04 11:06:00,323.0,323.0,323.0,323.0,0.0,25.84,8290.61,0
2026-08-04,2026-08-04 11:07:00,323.0,323.0,323.0,323.0,0.0,25.84,8290.61,0
2026-08-04,2026-08-04 11:08:00,323.0,323.0,323.0,323.0,0.0,25.84,8290.61,0
2026-08-04,2026-08-04 11:09:00,323.0,323.0,323.0,323.0,0.0,25.84,8290.61,0
2026-08-04,2026-08-04 11:10:00,323.0,323.0,323.0,323.0,0.0,25.84,8290.61,0
2026-08-04,2026-08-04 11:11:00,323.0,323.0,323.0,323.0,0.0,25.84,8290.61,0
2026-08-04,2026-08-04 11:12:00,323.0,323.0,323.0,323.0,0.0,25.84,8290.61,0
2026-08-04,2026-08-04 11:13:00,323.0,323.0,323.0,323.0,0.0,25.84,8290.61,0
2026-08-04,2026-08-04 11:14:00,323.0,323.0,323.0,323.0,0.0,25.84,8290.61,0
2026-08-04,2026-08-04 11:15:00,323.0,323.0,323.0,323.0,0.0,25.84,8290.61,0
2026-08-04,2026-08-04 11:16:00,323.0,323.0,323.0,323.0,0.0,25.84,8290.61,0
2026-08-04,2026-08-04 11:17:00,323.0,323.0,323.0,323.0,0.0,25.84,8290.61,0
2026-08-04,2026-08-04 11:18:00,323.0,323.0,323.0,323.0,0.0,25.84,8290.61,0
2026-08-04,2026-08-04 11:19:00,323.0,323.0,323.0,323.0,0.0,25.84,8290.61,0
2026-08-04,2026-08-04 11:20:00,323.0,323.0,323.0,323.0,0.0,25.84,8290.61,0
2026-08-04,2026-08-04 11:21:00,323.0,323.0,323.0,323.0,0.0,25.84,8290.61,0
2026-08-04,2026-08-04 11:22:00,323.0,323.0,323.0,323.0,0.0,25.84,8290.61,0
2026-08-04,2026-08-04 11:23:00,323.0,323.0,323.0,323.0,0.0,25.84,8290.61,0
2026-08-04,2026-08-04 11:24:00,323.0,323.0,323.0,323.0,0.0,25.84,8290.61,0
2026-08-04,2026-08-04 11:25:00,323.0,323.0,323.0,323.0,0.0,25.84,8290.61,0
2026-08-04,2026-08-04 11:26:00,323.0,323.0,323.0,323.0,0.0,25.84,8290.61,0
2026-08-04,2026-08-04 11:27:00,323.0,323.0,323.0,323.0,0.0,25.84,8290.61,0
2026-08-04,2026-08-04 11:28:00,323.0,323.0,323.0,323.0,0.0,25.84,8290.61,0
2026-08-04,2026-08-04 11:29:00,323.0,323.0,323.0,323.0,0.0,25.84,8290.61,0
2026-08-04,2026-08-04 11:30:00,323.0,323.0,323.0,323.0,0.0,25.84,8290.61,0
2026-08-04,2026-08-04 11:31:00,323.0,323.0,323.0,323.0,0.0,25.84,8290.61,0
2026-08-04,2026-08-04 11:32:00,323.0,323.0,323.0,323.0,0.0,25.84,8290.61,0
2026-08-04,2026-08-04 11:33:00,323.0,323.0,323.0,323.0,0.0,25.84,8290.61,0
2026-08-04,2026-08-04 11:34:00,323.0,323.0,323.0,323.0,0.0,25.84,8290.61,0
2026-08-04,2026-08-04 11:35:00,323.0,323.0,323.0,323.0,0.0,25.84,8290.61,0
2026-08-04,2026-08-04 11:36:00,323.0,323.0,323.0,323.0,0.0,25.84,8290.61,0
2026-08-04,2026-08-04 11:37:00,323.0,323.0,323.0,323.0,0.0,25.84,8290.61,0
2026-08-04,2026-08-04 11:38:00,323.0,323.0,323.0,323.0,0.0,25.84,8290.61,0
2026-08-04,2026-08-04 11:39:00,323.0,323.0,323.0,323.0,0.0,25.84,8290.61,0
2026-08-04,2026-08-04 11:40:00,323.0,323.0,323.0,323.0,0.0,25.84,8290.61,0
2026-08-04,2026-08-04 11:41:00,323.0,323.0,323.0,323.0,0.0,25.84,8290.61,0
2026-08-04,2026-08-04 11:42:00,323.0,323.0,323.0,323.0,0.0,25.84,8290.61,0
2026-08-04,2026-08-04 11:43:00,323.0,323.0,323.0,323.0,0.0,25.84,8290.61,0
2026-08-04,2026-08-04 11:44:00,323.0,323.0,323.0,323.0,0.0,25.84,8290.61,0
2026-08-04,2026-08-04 11:45:00,323.0,323.0,323.0,323.0,0.0,25.84,8290.61,0
2026-08-04,2026-08-04 11:46:00,323.0,323.0,323.0,323.0,0.0,25.84,8290.61,0
2026-08-04,2026-08-04 11:47:00,323.0,323.0,323.0,323.0,0.0,25.84,8290.61,0
2026-08-04,2026-08-04 11:48:00,323.0,323.0,323.0,323.0,0.0,25.84,8290.61,0
2026-08-04,2026-08-04 11:49:00,323.0,323.0,323.0,323.0,0.0,25.84,8290.61,0
2026-08-04,2026-08-04 11:50:00,323.0,323.0,323.0,323.0,0.0,25.84,8290.61,0
2026-08-04,2026-08-04 11:51:00,323.0,323.0,323.0,323.0,0.0,25.84,8290.61,0
2026-08-04,2026-08-04 11:52:00,323.0,323.0,323.0,323.0,0.0,25.84,8290.61,0
2026-08-04,2026-08-04 11:53:00,323.0,323.0,323.0,323.0,0.0,25.84,8290.61,0
2026-08-04,2026-08-04 11:54:00,323.0,323.0,323.0,323.0,0.0,25.84,8290.61,0
2026-08-04,2026-08-04 11:55:00,323.0,323.0,323.0,323.0,0.0,25.84,8290.61,0
2026-08-04,2026-08-04 11:56:00,323.0,323.0,323.0,323.0,0.0,25.84,8290.61,0
2026-08-04,2026-08-04 11:57:00,323.0,323.0,323.0,323.0,0.0,25.84,8290.61,0
2026-08-04,2026-08-04 11:58:00,323.0,323.0,323.0,323.0,0.0,25.84,8290.61,0
2026-08-04,2026-08-04 11:59:00,323.0,323.0,323.0,323.0,0.0,25.84,8290.61,0
2026-08-04,2026-08-04 12:00:00,323.0,323.0,323.0,323.0,0.0,25.84,8290.61,0
2026-08-04,2026-08-04 12:01:00,323.0,323.0,323.0,323.0,0.0,25.84,8290.61,0
2026-08-04,2026-08-04 12:02:00,323.0,323.0,323.0,323.0,0.0,25.84,8290.61,0
2026-08-04,2026-08-04 12:03:00,323.0,323.0,323.0,323.0,0.0,25.84,8290.61,0
2026-08-04,2026-08-04 12:04:00,323.0,323.0,323.0,323.0,0.0,25.84,8290.61,0
2026-08-04,2026-08-04 12:05:00,323.0,323.0,323.0,323.0,0.0,25.84,8290.61,0
2026-08-04,2026-08-04 12:06:00,323.0,323.0,323.0,323.0,0.0,25.84,8290.61,0
2026-08-04,2026-08-04 12:07:00,323.0,323.0,323.0,323.0,0.0,25.84,8290.61,0
2026-08-04,2026-08-04 12:08:00,323.0,323.0,323.0,323.0,0.0,25.84,8290.61,0
2026-08-04,2026-08-04 12:09:00,323.0,323.0,323.0,323.0,0.0,25.84,8290.61,0
2026-08-04,2026-08-04 12:10:00,323.0,323.0,323.0,323.0,0.0,25.84,8290.61,0
2026-08-04,2026-08-04 12:11:00,323.0,323.0,323.0,323.0,0.0,25.84,8290.61,0
2026-08-04,2026-08-04 12:12:00,323.0,323.0,323.0,323.0,0.0,25.84,8290.61,0
2026-08-04,2026-08-04 12:13:00,323.0,323.0,323.0,323.0,0.0,25.84,8290.61,0
2026-08-04,2026-08-04 12:14:00,323.0,323.0,323.0,323.0,0.0,25.84,8290.61,0
2026-08-04,2026-08-04 12:15:00,323.0,323.0,323.0,323.0,0.0,25.84,8290.61,0
2026-08-04,2026-08-04 12:16:00,323.0,323.0,323.0,323.0,0.0,25.84,8290.61,0
2026-08-04,2026-08-04 12:17:00,323.0,323.0,323.0,323.0,0.0,25.84,8290.61,0
2026-08-04,2026-08-04 12:18:00,323.0,323.0,323.0,323.0,0.0,25.84,8290.61,0
2026-08-04,2026-08-04 12:19:00,323.0,323.0,323.0,323.0,0.0,25.84,8290.61,0
2026-08-04,2026-08-04 12:20:00,323.0,323.0,323.0,323.0,0.0,25.84,8290.61,0
2026-08-04,2026-08-04 12:21:00,323.0,323.0,323.0,323.0,0.0,25.84,8290.61,0
2026-08-04,2026-08-04 12:22:00,323.0,323.0,323.0,323.0,0.0,25.84,8290.61,0
2026-08-04,2026-08-04 12:23:00,323.0,323.0,323.0,323.0,0.0,25.84,8290.61,0
2026-08-04,2026-08-04 12:24:00,323.0,323.0,323.0,323.0,0.0,25.84,8290.61,0
2026-08-04,2026-08-04 12:25:00,323.0,323.0,323.0,323.0,0.0,25.84,8290.61,0
2026-08-04,2026-08-04 12:26:00,323.0,323.0,323.0,323.0,0.0,25.84,8290.61,0
2026-08-04,2026-08-04 12:27:00,323.0,323.0,323.0,323.0,0.0,25.84,8290.61,0
2026-08-04,2026-08-04 12:28:00,323.0,323.0,323.0,323.0,0.0,25.84,8290.61,0
2026-08-04,2026-08-04 12:29:00,323.0,323.0,323.0,323.0,0.0,25.84,8290.61,0
2026-08-04,2026-08-04 12:30:00,323.0,323.0,323.0,323.0,0.0,25.84,8290.61,0
2026-08-04,2026-08-04 12:31:00,323.0,323.0,323.0,323.0,0.0,25.84,8290.61,0
2026-08-04,2026-08-04 12:32:00,323.0,323.0,323.0,323.0,0.0,25.84,8290.61,0
2026-08-04,2026-08-04 12:33:00,323.0,323.0,323.0,323.0,0.0,25.84,8290.61,0
2026-08-04,2026-08-04 12:34:00,323.0,323.0,323.0,323.0,0.0,25.84,8290.61,0
2026-08-04,2026-08-04 12:35:00,323.0,323.0,323.0,323.0,0.0,25.84,8290.61,0
2026-08-04,2026-08-04 12:36:00,323.0,323.0,323.0,323.0,0.0,25.84,8290.61,0
2026-08-04,2026-08-04 12:37:00,323.0,323.0,323.0,323.0,0.0,25.84,8290.61,0
2026-08-04,2026-08-04 12:38:00,323.0,323.0,323.0,323.0,0.0,25.84,8290.61,0
2026-08-04,2026-08-04 12:39:00,323.0,323.0,323.0,323.0,0.0,25.84,8290.61,0
2026-08-04,2026-08-04 12:40:00,323.0,323.0,323.0,323.0,0.0,25.84,8290.61,0
2026-08-04,2026-08-04 12:41:00,323.0,323.0,323.0,323.0,0.0,25.84,8290.61,0
2026-08-04,2026-08-04 12:42:00,323.0,323.0,323.0,323.0,0.0,25.84,8290.61,0
2026-08-04,2026-08-04 12:43:00,323.0,323.0,323.0,323.0,0.0,25.84,8290.61,0
2026-08-04,2026-08-04 12:44:00,323.0,323.0,323.0,323.0,0.0,25.84,8290.61,0
2026-08-04,2026-08-04 12:45:00,323.0,323.0,323.0,323.0,0.0,25.84,8290.61,0
2026-08-04,2026-08-04 12:46:00,323.0,323.0,323.0,323.0,0.0,25.84,8290.61,0
2026-08-04,2026-08-04 12:47:00,323.0,323.0,323.0,323.0,0.0,25.84,8290.61,0
2026-08-04,2026-08-04 12:48:00,323.0,323.0,323.0,323.0,0.0,25.84,8290.61,0
2026-08-04,2026-08-04 12:49:00,323.0,323.0,323.0,323.0,0.0,25.84,8290.61,0
2026-08-04,2026-08-04 12:50:00,323.0,323.0,323.0,323.0,0.0,25.84,8290.61,0
2026-08-04,2026-08-04 12:51:00,323.0,323.0,323.0,323.0,0.0,25.84,8290.61,0
2026-08-04,2026-08-04 12:52:00,323.0,323.0,323.0,323.0,0.0,25.84,8290.61,0
2026-08-04,2026-08-04 12:53:00,323.0,323.0,323.0,323.0,0.0,25.84,8290.61,0
2026-08-04,2026-08-04 12:54:00,323.0,323.0,323.0,323.0,0.0,25.84,8290.61,0
2026-08-04,2026-08-04 12:55:00,323.0,323.0,323.0,323.0,0.0,25.84,8290.61,0
2026-08-04,2026-08-04 12:56:00,323.0,323.0,323.0,323.0,0.0,25.84,8290.61,0
2026-08-04,2026-08-04 12:57:00,323.0,323.0,323.0,323.0,0.0,25.84,8290.61,0
2026-08-04,2026-08-04 12:58:00,323.0,323.0,323.0,323.0,0.0,25.84,8290.61,0
2026-08-04,2026-08-04 12:59:00,323.0,323.0,323.0,323.0,0.0,25.84,8290.61,0
2026-08-04,2026-08-04 13:00:00,323.0,324.0,318.2,323.0,0.0,25.84,8290.61,0
2026-08-04,2026-08-04 13:01:00,323.0,323.0,323.0,323.0,0.0,25.84,8290.61,0
2026-08-04,2026-08-04 13:02:00,323.0,323.0,323.0,323.0,0.0,25.84,8290.61,0
2026-08-04,2026-08-04 13:03:00,323.0,323.0,323.0,323.0,0.0,25.84,8290.61,0
2026-08-04,2026-08-04 13:04:00,323.0,323.0,323.0,323.0,0.0,25.84,8290.61,0
2026-08-04,2026-08-04 13:05:00,323.0,323.0,323.0,323.0,0.0,25.84,8290.61,0
2026-08-04,2026-08-04 13:06:00,323.0,323.0,323.0,323.0,0.0,25.84,8290.61,0
2026-08-04,2026-08-04 13:07:00,323.0,323.0,323.0,323.0,0.0,25.84,8290.61,0
2026-08-04,2026-08-04 13:08:00,323.0,323.0,323.0,323.0,0.0,25.84,8290.61,0
2026-08-04,2026-08-04 13:09:00,323.0,323.0,323.0,323.0,0.0,25.84,8290.61,0
2026-08-04,2026-08-04 13:10:00,323.0,323.0,323.0,323.0,0.0,25.84,8290.61,0
2026-08-04,2026-08-04 13:11:00,323.0,323.0,323.0,323.0,0.0,25.84,8290.61,0
2026-08-04,2026-08-04 13:12:00,323.0,323.0,323.0,323.0,0.0,25.84,8290.61,0
2026-08-04,2026-08-04 13:13:00,323.0,323.0,323.0,323.0,0.0,25.84,8290.61,0
2026-08-04,2026-08-04 13:14:00,323.0,323.0,323.0,323.0,0.0,25.84,8290.61,0
2026-08-04,2026-08-04 13:15:00,323.0,323.0,323.0,323.0,0.0,25.84,8290.61,0
2026-08-04,2026-08-04 13:16:00,323.0,323.0,323.0,323.0,0.0,25.84,8290.61,0
2026-08-04,2026-08-04 13:17:00,323.0,323.0,323.0,323.0,0.0,25.84,8290.61,0
2026-08-04,2026-08-04 13:18:00,323.0,323.0,323.0,323.0,0.0,25.84,8290.61,0
2026-08-04,2026-08-04 13:19:00,323.0,323.0,323.0,323.0,0.0,25.84,8290.61,0
2026-08-04,2026-08-04 13:20:00,323.0,323.0,323.0,323.0,0.0,25.84,8290.61,0
2026-08-04,2026-08-04 13:21:00,323.0,323.0,323.0,323.0,0.0,25.84,8290.61,0
2026-08-04,2026-08-04 13:22:00,323.0,323.0,323.0,323.0,0.0,25.84,8290.61,0
2026-08-04,2026-08-04 13:23:00,323.0,323.0,323.0,323.0,0.0,25.84,8290.61,0
2026-08-04,2026-08-04 13:24:00,323.0,323.0,323.0,323.0,0.0,25.84,8290.61,0
2026-08-04,2026-08-04 13:25:00,323.0,323.0,323.0,323.0,0.0,25.84,8290.61,0
2026-08-04,2026-08-04 13:26:00,323.0,323.0,323.0,323.0,0.0,25.84,8290.61,0
2026-08-04,2026-08-04 13:27:00,323.0,323.0,323.0,323.0,0.0,25.84,8290.61,0
2026-08-04,2026-08-04 13:28:00,323.0,323.0,323.0,323.0,0.0,25.84,8290.61,0
2026-08-04,2026-08-04 13:29:00,323.0,323.0,323.0,323.0,0.0,25.84,8290.61,0
2026-08-04,2026-08-04 13:30:00,323.0,323.0,323.0,323.0,0.0,25.84,8290.61,0
2026-08-04,2026-08-04 13:31:00,323.0,323.0,323.0,323.0,0.0,25.84,8290.61,0
2026-08-04,2026-08-04 13:32:00,323.0,323.0,323.0,323.0,0.0,25.84,8290.61,0
2026-08-04,2026-08-04 13:33:00,323.0,323.0,323.0,323.0,0.0,25.84,8290.61,0
2026-08-04,2026-08-04 13:34:00,323.0,323.0,323.0,323.0,0.0,25.84,8290.61,0
2026-08-04,2026-08-04 13:35:00,323.0,323.0,323.0,323.0,0.0,25.84,8290.61,0
2026-08-04,2026-08-04 13:36:00,323.0,323.0,323.0,323.0,0.0,25.84,8290.61,0
2026-08-04,2026-08-04 13:37:00,323.0,323.0,323.0,323.0,0.0,25.84,8290.61,0
2026-08-04,2026-08-04 13:38:00,323.0,323.0,323.0,323.0,0.0,25.84,8290.61,0
2026-08-04,2026-08-04 13:39:00,323.0,323.0,323.0,323.0,0.0,25.84,8290.61,0
2026-08-04,2026-08-04 13:40:00,323.0,323.0,323.0,323.0,0.0,25.84,8290.61,0
2026-08-04,2026-08-04 13:41:00,323.0,323.0,323.0,323.0,0.0,25.84,8290.61,0
2026-08-04,2026-08-04 13:42:00,323.0,323.0,323.0,323.0,0.0,25.84,8290.61,0
2026-08-04,2026-08-04 13:43:00,323.0,323.0,323.0,323.0,0.0,25.84,8290.61,0
2026-08-04,2026-08-04 13:44:00,323.0,323.0,323.0,323.0,0.0,25.84,8290.61,0
2026-08-04,2026-08-04 13:45:00,323.0,323.0,323.0,323.0,0.0,25.84,8290.61,0
2026-08-04,2026-08-04 13:46:00,323.0,323.0,323.0,323.0,0.0,25.84,8290.61,0
2026-08-04,2026-08-04 13:47:00,323.0,323.0,323.0,323.0,0.0,25.84,8290.61,0
2026-08-04,2026-08-04 13:48:00,323.0,323.0,323.0,323.0,0.0,25.84,8290.61,0
2026-08-04,2026-08-04 13:49:00,323.0,323.0,323.0,323.0,0.0,25.84,8290.61,0
2026-08-04,2026-08-04 13:50:00,323.0,323.0,323.0,323.0,0.0,25.84,8290.61,0
2026-08-04,2026-08-04 13:51:00,323.0,323.0,323.0,323.0,0.0,25.84,8290.61,0
2026-08-04,2026-08-04 13:52:00,323.0,323.0,323.0,323.0,0.0,25.84,8290.61,0
2026-08-04,2026-08-04 13:53:00,323.0,323.0,323.0,323.0,0.0,25.84,8290.61,0
2026-08-04,2026-08-04 13:54:00,323.0,323.0,323.0,323.0,0.0,25.84,8290.61,0
2026-08-04,2026-08-04 13:55:00,323.0,323.0,323.0,323.0,0.0,25.84,8290.61,0
2026-08-04,2026-08-04 13:56:00,323.0,323.0,323.0,323.0,0.0,25.84,8290.61,0
2026-08-04,2026-08-04 13:57:00,323.0,323.0,323.0,323.0,0.0,25.84,8290.61,0
2026-08-04,2026-08-04 13:58:00,323.0,323.0,323.0,323.0,0.0,25.84,8290.61,0
2026-08-04,2026-08-04 13:59:00,323.0,323.0,323.0,323.0,0.0,25.84,8290.61,0
2026-08-04,2026-08-04 14:00:00,323.0,323.0,323.0,323.0,0.0,25.84,8290.61,0
2026-08-04,2026-08-04 14:01:00,323.0,323.0,323.0,323.0,0.0,25.84,8290.61,0
2026-08-04,2026-08-04 14:02:00,323.0,323.0,323.0,323.0,0.0,25.84,8290.61,0
2026-08-04,2026-08-04 14:03:00,323.0,323.0,323.0,323.0,0.0,25.84,8290.61,0
2026-08-04,2026-08-04 14:04:00,323.0,323.0,323.0,323.0,0.0,25.84,8290.61,0
2026-08-04,2026-08-04 14:05:00,323.0,323.0,323.0,323.0,0.0,25.84,8290.61,0
2026-08-04,2026-08-04 14:06:00,323.0,323.0,323.0,323.0,0.0,25.84,8290.61,0
2026-08-04,2026-08-04 14:07:00,323.0,323.0,323.0,323.0,0.0,25.84,8290.61,0
2026-08-04,2026-08-04 14:08:00,323.0,323.0,323.0,323.0,0.0,25.84,8290.61,0
2026-08-04,2026-08-04 14:09:00,323.0,323.0,323.0,323.0,0.0,25.84,8290.61,0
2026-08-04,2026-08-04 14:10:00,323.0,323.0,323.0,323.0,0.0,25.84,8290.61,0
2026-08-04,2026-08-04 14:11:00,323.0,323.0,323.0,323.0,0.0,25.84,8290.61,0
2026-08-04,2026-08-04 14:12:00,323.0,323.0,323.0,323.0,0.0,25.84,8290.61,0
2026-08-04,2026-08-04 14:13:00,323.0,323.0,323.0,323.0,0.0,25.84,8290.61,0
2026-08-04,2026-08-04 14:14:00,323.0,323.0,323.0,323.0,0.0,25.84,8290.61,0
2026-08-04,2026-08-04 14:15:00,323.0,323.0,323.0,323.0,0.0,25.84,8290.61,0
2026-08-04,2026-08-04 14:16:00,323.0,323.0,323.0,323.0,0.0,25.84,8290.61,0
2026-08-04,2026-08-04 14:17:00,323.0,323.0,323.0,323.0,0.0,25.84,8290.61,0
2026-08-04,2026-08-04 14:18:00,323.0,323.0,323.0,323.0,0.0,25.84,8290.61,0
2026-08-04,2026-08-04 14:19:00,323.0,323.0,323.0,323.0,0.0,25.84,8290.61,0
2026-08-04,2026-08-04 14:20:00,323.0,323.0,323.0,323.0,0.0,25.84,8290.61,0
2026-08-04,2026-08-04 14:21:00,323.0,323.0,323.0,323.0,0.0,25.84,8290.61,0
2026-08-04,2026-08-04 14:22:00,323.0,323.0,323.0,323.0,0.0,25.84,8290.61,0
2026-08-04,2026-08-04 14:23:00,323.0,323.0,323.0,323.0,0.0,25.84,8290.61,0
2026-08-04,2026-08-04 14:24:00,323.0,323.0,323.0,323.0,0.0,25.84,8290.61,0
2026-08-04,2026-08-04 14:25:00,323.0,323.0,323.0,323.0,0.0,25.84,8290.61,0
2026-08-04,2026-08-04 14:26:00,323.0,323.0,323.0,323.0,0.0,25.84,8290.61,0
2026-08-04,2026-08-04 14:27:00,323.0,323.0,323.0,323.0,0.0,25.84,8290.61,0
2026-08-04,2026-08-04 14:28:00,323.0,323.0,323.0,323.0,0.0,25.84,8290.61,0
2026-08-04,2026-08-04 14:29:00,323.0,323.0,323.0,323.0,0.0,25.84,8290.61,0
2026-08-04,2026-08-04 14:30:00,323.0,323.0,323.0,323.0,0.0,25.84,8290.61,0
2026-08-04,2026-08-04 14:31:00,323.0,323.0,323.0,323.0,0.0,25.84,8290.61,0
2026-08-04,2026-08-04 14:32:00,323.0,323.0,323.0,323.0,0.0,25.84,8290.61,0
2026-08-04,2026-08-04 14:33:00,323.0,323.0,323.0,323.0,0.0,25.84,8290.61,0
2026-08-04,2026-08-04 14:34:00,323.0,323.0,323.0,323.0,0.0,25.84,8290.61,0
2026-08-04,2026-08-04 14:35:00,323.0,323.0,323.0,323.0,0.0,25.84,8290.61,0
2026-08-04,2026-08-04 14:36:00,323.0,323.0,323.0,323.0,0.0,25.84,8290.61,0
2026-08-04,2026-08-04 14:37:00,323.0,323.0,323.0,323.0,0.0,25.84,8290.61,0
2026-08-04,2026-08-04 14:38:00,323.0,323.0,323.0,323.0,0.0,25.84,8290.61,0
2026-08-04,2026-08-04 14:39:00,323.0,323.0,323.0,323.0,0.0,25.84,8290.61,0
2026-08-04,2026-08-04 14:40:00,323.0,323.0,323.0,323.0,0.0,25.84,8290.61,0
2026-08-04,2026-08-04 14:41:00,323.0,323.0,323.0,323.0,0.0,25.84,8290.61,0
2026-08-04,2026-08-04 14:42:00,323.0,323.0,323.0,323.0,0.0,25.84,8290.61,0
2026-08-04,2026-08-04 14:43:00,323.0,323.0,323.0,323.0,0.0,25.84,8290.61,0
2026-08-04,2026-08-04 14:44:00,323.0,323.0,323.0,323.0,0.0,25.84,8290.61,0
2026-08-04,2026-08-04 14:45:00,323.0,323.0,323.0,323.0,0.0,25.84,8290.61,0
2026-08-04,2026-08-04 14:46:00,323.0,323.0,323.0,323.0,0.0,25.84,8290.61,0
2026-08-04,2026-08-04 14:47:00,323.0,323.0,323.0,323.0,0.0,25.84,8290.61,0
2026-08-04,2026-08-04 14:48:00,323.0,323.0,323.0,323.0,0.0,25.84,8290.61,0
2026-08-04,2026-08-04 14:49:00,323.0,323.0,323.0,323.0,0.0,25.84,8290.61,0
2026-08-04,2026-08-04 14:50:00,323.0,323.0,323.0,323.0,0.0,25.84,8290.61,0
2026-08-04,2026-08-04 14:51:00,323.0,323.0,323.0,323.0,0.0,25.84,8290.61,0
2026-08-04,2026-08-04 14:52:00,323.0,323.0,323.0,323.0,0.0,25.84,8290.61,0
2026-08-04,2026-08-04 14:53:00,323.0,323.0,323.0,323.0,0.0,25.84,8290.61,0
2026-08-04,2026-08-04 14:54:00,323.0,323.0,323.0,323.0,0.0,25.84,8290.61,0
2026-08-04,2026-08-04 14:55:00,323.0,323.0,323.0,323.0,0.0,25.84,8290.61,0
2026-08-04,2026-08-04 14:56:00,323.0,323.0,323.0,323.0,0.0,25.84,8290.61,0
2026-08-04,2026-08-04 14:57:00,323.0,323.0,323.0,323.0,0.0,25.84,8290.61,0
2026-08-04,2026-08-04 14:58:00,323.0,323.0,323.0,323.0,0.0,25.84,8290.61,0
2026-08-04,2026-08-04 14:59:00,323.0,323.0,323.0,323.0,0.0,25.84,8290.61,0
2026-08-04,2026-08-04 15:00:00,323.0,324.0,318.2,323.0,0.0,25.84,8290.61,0
2026-08-05,2026-08-05 11:00:00,318.2,319.64,318.2,318.22,0.01,64.59,20742.76,1
2026-08-05,2026-08-05 11:01:00,318.22,318.24,318.22,318.24,0.01,64.59,20742.76,1
2026-08-05,2026-08-05 11:02:00,318.24,318.25,318.24,318.25,0.0,64.59,20742.76,1
2026-08-05,2026-08-05 11:03:00,318.25,318.27,318.25,318.27,0.01,64.59,20742.76,1
2026-08-05,2026-08-05 11:04:00,318.27,318.29,318.27,318.29,0.01,64.59,20742.76,1
2026-08-05,2026-08-05 11:05:00,318.29,318.31,318.29,318.31,0.01,64.59,20742.76,1
2026-08-05,2026-08-05 11:06:00,318.31,318.33,318.31,318.33,0.01,64.59,20742.76,1
2026-08-05,2026-08-05 11:07:00,318.33,318.34,318.33,318.34,0.0,64.59,20742.76,1
2026-08-05,2026-08-05 11:08:00,318.34,318.36,318.34,318.36,0.01,64.59,20742.76,1
2026-08-05,2026-08-05 11:09:00,318.36,318.38,318.36,318.38,0.01,64.59,20742.76,1
2026-08-05,2026-08-05 11:10:00,318.38,318.4,318.38,318.4,0.01,64.59,20742.76,1
2026-08-05,2026-08-05 11:11:00,318.4,318.41,318.4,318.41,0.0,64.59,20742.76,1
2026-08-05,2026-08-05 11:12:00,318.41,318.43,318.41,318.43,0.01,64.59,20742.76,1
2026-08-05,2026-08-05 11:13:00,318.43,318.45,318.43,318.45,0.01,64.59,20742.76,1
2026-08-05,2026-08-05 11:14:00,318.45,318.47,318.45,318.47,0.01,64.59,20742.76,1
2026-08-05,2026-08-05 11:15:00,318.47,318.49,318.47,318.49,0.01,64.59,20742.76,1
2026-08-05,2026-08-05 11:16:00,318.49,318.5,318.49,318.5,0.0,64.59,20742.76,1
2026-08-05,2026-08-05 11:17:00,318.5,318.52,318.5,318.52,0.01,64.59,20742.76,1
2026-08-05,2026-08-05 11:18:00,318.52,318.54,318.52,318.54,0.01,64.59,20742.76,1
2026-08-05,2026-08-05 11:19:00,318.54,318.56,318.54,318.56,0.01,64.59,20742.76,1
2026-08-05,2026-08-05 11:20:00,318.56,318.58,318.56,318.58,0.01,64.59,20742.76,1
2026-08-05,2026-08-05 11:21:00,318.58,318.59,318.58,318.59,0.0,64.59,20742.76,1
2026-08-05,2026-08-05 11:22:00,318.59,318.61,318.59,318.61,0.01,64.59,20742.76,1
2026-08-05,2026-08-05 11:23:00,318.61,318.63,318.61,318.63,0.01,64.59,20742.76,1
2026-08-05,2026-08-05 11:24:00,318.63,318.65,318.63,318.65,0.01,64.59,20742.76,1
2026-08-05,2026-08-05 11:25:00,318.65,318.67,318.65,318.67,0.01,64.59,20742.76,1
2026-08-05,2026-08-05 11:26:00,318.67,318.68,318.67,318.68,0.0,64.59,20742.76,1
2026-08-05,2026-08-05 11:27:00,318.68,318.7,318.68,318.7,0.01,64.59,20742.76,1
2026-08-05,2026-08-05 11:28:00,318.7,318.72,318.7,318.72,0.01,64.59,20742.76,1
2026-08-05,2026-08-05 11:29:00,318.72,318.74,318.72,318.74,0.01,64.59,20742.76,1
2026-08-05,2026-08-05 11:30:00,318.74,318.76,318.74,318.76,0.01,64.59,20742.76,1
2026-08-05,2026-08-05 11:31:00,318.76,318.77,318.76,318.77,0.0,64.59,20742.76,1
2026-08-05,2026-08-05 11:32:00,318.77,318.79,318.77,318.79,0.01,64.59,20742.76,1
2026-08-05,2026-08-05 11:33:00,318.79,318.81,318.79,318.81,0.01,64.59,20742.76,1
2026-08-05,2026-08-05 11:34:00,318.81,318.83,318.81,318.83,0.01,64.59,20742.76,1
2026-08-05,2026-08-05 11:35:00,318.83,318.84,318.83,318.84,0.0,64.59,20742.76,1
2026-08-05,2026-08-05 11:36:00,318.84,318.86,318.84,318.86,0.01,64.59,20742.76,1
2026-08-05,2026-08-05 11:37:00,318.86,318.88,318.86,318.88,0.01,64.59,20742.76,1
2026-08-05,2026-08-05 11:38:00,318.88,318.9,318.88,318.9,0.01,64.59,20742.76,1
2026-08-05,2026-08-05 11:39:00,318.9,318.92,318.9,318.92,0.01,64.59,20742.76,1
2026-08-05,2026-08-05 11:40:00,318.92,318.93,318.92,318.93,0.0,64.59,20742.76,1
2026-08-05,2026-08-05 11:41:00,318.93,318.95,318.93,318.95,0.01,64.59,20742.76,1
2026-08-05,2026-08-05 11:42:00,318.95,318.97,318.95,318.97,0.01,64.59,20742.76,1
2026-08-05,2026-08-05 11:43:00,318.97,318.99,318.97,318.99,0.01,64.59,20742.76,1
2026-08-05,2026-08-05 11:44:00,318.99,319.01,318.99,319.01,0.01,64.59,20742.76,1
2026-08-05,2026-08-05 11:45:00,319.01,319.02,319.01,319.02,0.0,64.59,20742.76,1
2026-08-05,2026-08-05 11:46:00,319.02,319.04,319.02,319.04,0.01,64.59,20742.76,1
2026-08-05,2026-08-05 11:47:00,319.04,319.06,319.04,319.06,0.01,64.59,20742.76,1
2026-08-05,2026-08-05 11:48:00,319.06,319.08,319.06,319.08,0.01,64.59,20742.76,1
2026-08-05,2026-08-05 11:49:00,319.08,319.1,319.08,319.1,0.01,64.59,20742.76,1
2026-08-05,2026-08-05 11:50:00,319.1,319.11,319.1,319.11,0.0,64.59,20742.76,1
2026-08-05,2026-08-05 11:51:00,319.11,319.13,319.11,319.13,0.01,64.59,20742.76,1
2026-08-05,2026-08-05 11:52:00,319.13,319.15,319.13,319.15,0.01,64.59,20742.76,1
2026-08-05,2026-08-05 11:53:00,319.15,319.17,319.15,319.17,0.01,64.59,20742.76,1
2026-08-05,2026-08-05 11:54:00,319.17,319.19,319.17,319.19,0.01,64.59,20742.76,1
2026-08-05,2026-08-05 11:55:00,319.19,319.2,319.19,319.2,0.0,64.59,20742.76,1
2026-08-05,2026-08-05 11:56:00,319.2,319.22,319.2,319.22,0.01,64.59,20742.76,1
2026-08-05,2026-08-05 11:57:00,319.22,319.24,319.22,319.24,0.01,64.59,20742.76,1
2026-08-05,2026-08-05 11:58:00,319.24,319.26,319.24,319.26,0.01,64.59,20742.76,1
2026-08-05,2026-08-05 11:59:00,319.26,319.27,319.26,319.27,0.0,64.59,20742.76,1
2026-08-05,2026-08-05 12:00:00,319.27,319.29,319.27,319.29,0.01,64.59,20742.76,1
2026-08-05,2026-08-05 12:01:00,319.29,319.31,319.29,319.31,0.01,64.59,20742.76,1
2026-08-05,2026-08-05 12:02:00,319.31,319.33,319.31,319.33,0.01,64.59,20742.76,1
2026-08-05,2026-08-05 12:03:00,319.33,319.35,319.33,319.35,0.01,64.59,20742.76,1
2026-08-05,2026-08-05 12:04:00,319.35,319.36,319.35,319.36,0.0,64.59,20742.76,1
2026-08-05,2026-08-05 12:05:00,319.36,319.38,319.36,319.38,0.01,64.59,20742.76,1
2026-08-05,2026-08-05 12:06:00,319.38,319.4,319.38,319.4,0.01,64.59,20742.76,1
2026-08-05,2026-08-05 12:07:00,319.4,319.42,319.4,319.42,0.01,64.59,20742.76,1
2026-08-05,2026-08-05 12:08:00,319.42,319.44,319.42,319.44,0.01,64.59,20742.76,1
2026-08-05,2026-08-05 12:09:00,319.44,319.45,319.44,319.45,0.0,64.59,20742.76,1
2026-08-05,2026-08-05 12:10:00,319.45,319.47,319.45,319.47,0.01,64.59,20742.76,1
2026-08-05,2026-08-05 12:11:00,319.47,319.49,319.47,319.49,0.01,64.59,20742.76,1
2026-08-05,2026-08-05 12:12:00,319.49,319.51,319.49,319.51,0.01,64.59,20742.76,1
2026-08-05,2026-08-05 12:13:00,319.51,319.53,319.51,319.53,0.01,64.59,20742.76,1
2026-08-05,2026-08-05 12:14:00,319.53,319.54,319.53,319.54,0.0,64.59,20742.76,1
2026-08-05,2026-08-05 12:15:00,319.54,319.56,319.54,319.56,0.01,64.59,20742.76,1
2026-08-05,2026-08-05 12:16:00,319.56,319.58,319.56,319.58,0.01,64.59,20742.76,1
2026-08-05,2026-08-05 12:17:00,319.58,319.6,319.58,319.6,0.01,64.59,20742.76,1
2026-08-05,2026-08-05 12:18:00,319.6,319.62,319.6,319.62,0.01,64.59,20742.76,1
2026-08-05,2026-08-05 12:19:00,319.62,319.63,319.62,319.63,0.0,64.59,20742.76,1
2026-08-05,2026-08-05 12:20:00,319.63,319.65,319.63,319.65,0.01,64.59,20742.76,1
2026-08-05,2026-08-05 12:21:00,319.65,319.67,319.65,319.67,0.01,64.59,20742.76,1
2026-08-05,2026-08-05 12:22:00,319.67,319.69,319.67,319.69,0.01,64.59,20742.76,1
2026-08-05,2026-08-05 12:23:00,319.69,319.7,319.69,319.7,0.0,64.59,20742.76,1
2026-08-05,2026-08-05 12:24:00,319.7,319.72,319.7,319.72,0.01,64.59,20742.76,1
2026-08-05,2026-08-05 12:25:00,319.72,319.74,319.72,319.74,0.01,64.59,20742.76,1
2026-08-05,2026-08-05 12:26:00,319.74,319.76,319.74,319.76,0.01,64.59,20742.76,1
2026-08-05,2026-08-05 12:27:00,319.76,319.78,319.76,319.78,0.01,64.59,20742.76,1
2026-08-05,2026-08-05 12:28:00,319.78,319.79,319.78,319.79,0.0,64.59,20742.76,1
2026-08-05,2026-08-05 12:29:00,319.79,319.81,319.79,319.81,0.01,64.59,20742.76,1
2026-08-05,2026-08-05 12:30:00,319.81,319.83,319.81,319.83,0.01,64.59,20742.76,1
2026-08-05,2026-08-05 12:31:00,319.83,319.85,319.83,319.85,0.01,64.59,20742.76,1
2026-08-05,2026-08-05 12:32:00,319.85,319.87,319.85,319.87,0.01,64.59,20742.76,1
2026-08-05,2026-08-05 12:33:00,319.87,319.88,319.87,319.88,0.0,64.59,20742.76,1
2026-08-05,2026-08-05 12:34:00,319.88,319.9,319.88,319.9,0.01,64.59,20742.76,1
2026-08-05,2026-08-05 12:35:00,319.9,319.92,319.9,319.92,0.01,64.59,20742.76,1
2026-08-05,2026-08-05 12:36:00,319.92,319.94,319.92,319.94,0.01,64.59,20742.76,1
2026-08-05,2026-08-05 12:37:00,319.94,319.96,319.94,319.96,0.01,64.59,20742.76,1
2026-08-05,2026-08-05 12:38:00,319.96,319.97,319.96,319.97,0.0,64.59,20742.76,1
2026-08-05,2026-08-05 12:39:00,319.97,319.99,319.97,319.99,0.01,64.59,20742.76,1
2026-08-05,2026-08-05 12:40:00,319.99,320.01,319.99,320.01,0.01,64.59,20742.76,1
2026-08-05,2026-08-05 12:41:00,320.01,320.03,320.01,320.03,0.01,64.59,20742.76,1
2026-08-05,2026-08-05 12:42:00,320.03,320.05,320.03,320.05,0.01,64.59,20742.76,1
2026-08-05,2026-08-05 12:43:00,320.05,320.06,320.05,320.06,0.0,64.59,20742.76,1
2026-08-05,2026-08-05 12:44:00,320.06,320.08,320.06,320.08,0.01,64.59,20742.76,1
2026-08-05,2026-08-05 12:45:00,320.08,320.1,320.08,320.1,0.01,64.59,20742.76,1
2026-08-05,2026-08-05 12:46:00,320.1,320.12,320.1,320.12,0.01,64.59,20742.76,1
2026-08-05,2026-08-05 12:47:00,320.12,320.13,320.12,320.13,0.0,64.59,20742.76,1
2026-08-05,2026-08-05 12:48:00,320.13,320.15,320.13,320.15,0.01,64.59,20742.76,1
2026-08-05,2026-08-05 12:49:00,320.15,320.17,320.15,320.17,0.01,64.59,20742.76,1
2026-08-05,2026-08-05 12:50:00,320.17,320.19,320.17,320.19,0.01,64.59,20742.76,1
2026-08-05,2026-08-05 12:51:00,320.19,320.21,320.19,320.21,0.01,64.59,20742.76,1
2026-08-05,2026-08-05 12:52:00,320.21,320.22,320.21,320.22,0.0,64.59,20742.76,1
2026-08-05,2026-08-05 12:53:00,320.22,320.24,320.22,320.24,0.01,64.59,20742.76,1
2026-08-05,2026-08-05 12:54:00,320.24,320.26,320.24,320.26,0.01,64.59,20742.76,1
2026-08-05,2026-08-05 12:55:00,320.26,320.28,320.26,320.28,0.01,64.59,20742.76,1
2026-08-05,2026-08-05 12:56:00,320.28,320.3,320.28,320.3,0.01,64.59,20742.76,1
2026-08-05,2026-08-05 12:57:00,320.3,320.31,320.3,320.31,0.0,64.59,20742.76,1
2026-08-05,2026-08-05 12:58:00,320.31,320.33,320.31,320.33,0.01,64.59,20742.76,1
2026-08-05,2026-08-05 12:59:00,320.33,320.35,320.33,320.35,0.01,64.59,20742.76,1
2026-08-05,2026-08-05 13:00:00,320.35,323.0,318.2,320.37,0.01,64.59,20742.76,1
2026-08-05,2026-08-05 13:01:00,320.37,320.39,320.37,320.39,0.01,64.59,20742.76,1
2026-08-05,2026-08-05 13:02:00,320.39,320.4,320.39,320.4,0.0,64.59,20742.76,1
2026-08-05,2026-08-05 13:03:00,320.4,320.42,320.4,320.42,0.01,64.59,20742.76,1
2026-08-05,2026-08-05 13:04:00,320.42,320.44,320.42,320.44,0.01,64.59,20742.76,1
2026-08-05,2026-08-05 13:05:00,320.44,320.46,320.44,320.46,0.01,64.59,20742.76,1
2026-08-05,2026-08-05 13:06:00,320.46,320.48,320.46,320.48,0.01,64.59,20742.76,1
2026-08-05,2026-08-05 13:07:00,320.48,320.49,320.48,320.49,0.0,64.59,20742.76,1
2026-08-05,2026-08-05 13:08:00,320.49,320.51,320.49,320.51,0.01,64.59,20742.76,1
2026-08-05,2026-08-05 13:09:00,320.51,320.53,320.51,320.53,0.01,64.59,20742.76,1
2026-08-05,2026-08-05 13:10:00,320.53,320.55,320.53,320.55,0.01,64.59,20742.76,1
2026-08-05,2026-08-05 13:11:00,320.55,320.56,320.55,320.56,0.0,64.59,20742.76,1
2026-08-05,2026-08-05 13:12:00,320.56,320.58,320.56,320.58,0.01,64.59,20742.76,1
2026-08-05,2026-08-05 13:13:00,320.58,320.6,320.58,320.6,0.01,64.59,20742.76,1
2026-08-05,2026-08-05 13:14:00,320.6,320.62,320.6,320.62,0.01,64.59,20742.76,1
2026-08-05,2026-08-05 13:15:00,320.62,320.64,320.62,320.64,0.01,64.59,20742.76,1
2026-08-05,2026-08-05 13:16:00,320.64,320.65,320.64,320.65,0.0,64.59,20742.76,1
2026-08-05,2026-08-05 13:17:00,320.65,320.67,320.65,320.67,0.01,64.59,20742.76,1
2026-08-05,2026-08-05 13:18:00,320.67,320.69,320.67,320.69,0.01,64.59,20742.76,1
2026-08-05,2026-08-05 13:19:00,320.69,320.71,320.69,320.71,0.01,64.59,20742.76,1
2026-08-05,2026-08-05 13:20:00,320.71,320.73,320.71,320.73,0.01,64.59,20742.76,1
2026-08-05,2026-08-05 13:21:00,320.73,320.74,320.73,320.74,0.0,64.59,20742.76,1
2026-08-05,2026-08-05 13:22:00,320.74,320.76,320.74,320.76,0.01,64.59,20742.76,1
2026-08-05,2026-08-05 13:23:00,320.76,320.78,320.76,320.78,0.01,64.59,20742.76,1
2026-08-05,2026-08-05 13:24:00,320.78,320.8,320.78,320.8,0.01,64.59,20742.76,1
2026-08-05,2026-08-05 13:25:00,320.8,320.82,320.8,320.82,0.01,64.59,20742.76,1
2026-08-05,2026-08-05 13:26:00,320.82,320.83,320.82,320.83,0.0,64.59,20742.76,1
2026-08-05,2026-08-05 13:27:00,320.83,320.85,320.83,320.85,0.01,64.59,20742.76,1
2026-08-05,2026-08-05 13:28:00,320.85,320.87,320.85,320.87,0.01,64.59,20742.76,1
2026-08-05,2026-08-05 13:29:00,320.87,320.89,320.87,320.89,0.01,64.59,20742.76,1
2026-08-05,2026-08-05 13:30:00,320.89,320.91,320.89,320.91,0.01,64.59,20742.76,1
2026-08-05,2026-08-05 13:31:00,320.91,320.92,320.91,320.92,0.0,64.59,20742.76,1
2026-08-05,2026-08-05 13:32:00,320.92,320.94,320.92,320.94,0.01,64.59,20742.76,1
2026-08-05,2026-08-05 13:33:00,320.94,320.96,320.94,320.96,0.01,64.59,20742.76,1
2026-08-05,2026-08-05 13:34:00,320.96,320.98,320.96,320.98,0.01,64.59,20742.76,1
2026-08-05,2026-08-05 13:35:00,320.98,321.0,320.98,321.0,0.01,64.59,20742.76,1
2026-08-05,2026-08-05 13:36:00,321.0,321.01,321.0,321.01,0.0,64.59,20742.76,1
2026-08-05,2026-08-05 13:37:00,321.01,321.03,321.01,321.03,0.01,64.59,20742.76,1
2026-08-05,2026-08-05 13:38:00,321.03,321.05,321.03,321.05,0.01,64.59,20742.76,1
2026-08-05,2026-08-05 13:39:00,321.05,321.07,321.05,321.07,0.01,64.59,20742.76,1
2026-08-05,2026-08-05 13:40:00,321.07,321.08,321.07,321.08,0.0,64.59,20742.76,1
2026-08-05,2026-08-05 13:41:00,321.08,321.1,321.08,321.1,0.01,64.59,20742.76,1
2026-08-05,2026-08-05 13:42:00,321.1,321.12,321.1,321.12,0.01,64.59,20742.76,1
2026-08-05,2026-08-05 13:43:00,321.12,321.14,321.12,321.14,0.01,64.59,20742.76,1
2026-08-05,2026-08-05 13:44:00,321.14,321.16,321.14,321.16,0.01,64.59,20742.76,1
2026-08-05,2026-08-05 13:45:00,321.16,321.17,321.16,321.17,0.0,64.59,20742.76,1
2026-08-05,2026-08-05 13:46:00,321.17,321.19,321.17,321.19,0.01,64.59,20742.76,1
2026-08-05,2026-08-05 13:47:00,321.19,321.21,321.19,321.21,0.01,64.59,20742.76,1
2026-08-05,2026-08-05 13:48:00,321.21,321.23,321.21,321.23,0.01,64.59,20742.76,1
2026-08-05,2026-08-05 13:49:00,321.23,321.25,321.23,321.25,0.01,64.59,20742.76,1
2026-08-05,2026-08-05 13:50:00,321.25,321.26,321.25,321.26,0.0,64.59,20742.76,1
2026-08-05,2026-08-05 13:51:00,321.26,321.28,321.26,321.28,0.01,64.59,20742.76,1
2026-08-05,2026-08-05 13:52:00,321.28,321.3,321.28,321.3,0.01,64.59,20742.76,1
2026-08-05,2026-08-05 13:53:00,321.3,321.32,321.3,321.32,0.01,64.59,20742.76,1
2026-08-05,2026-08-05 13:54:00,321.32,321.34,321.32,321.34,0.01,64.59,20742.76,1
2026-08-05,2026-08-05 13:55:00,321.34,321.35,321.34,321.35,0.0,64.59,20742.76,1
2026-08-05,2026-08-05 13:56:00,321.35,321.37,321.35,321.37,0.01,64.59,20742.76,1
2026-08-05,2026-08-05 13:57:00,321.37,321.39,321.37,321.39,0.01,64.59,20742.76,1
2026-08-05,2026-08-05 13:58:00,321.39,321.41,321.39,321.41,0.01,64.59,20742.76,1
2026-08-05,2026-08-05 13:59:00,321.41,321.43,321.41,321.43,0.01,64.59,20742.76,1
2026-08-05,2026-08-05 14:00:00,321.43,321.44,321.43,321.44,0.0,64.59,20742.76,1
2026-08-05,2026-08-05 14:01:00,321.44,321.46,321.44,321.46,0.01,64.59,20742.76,1
2026-08-05,2026-08-05 14:02:00,321.46,321.48,321.46,321.48,0.01,64.59,20742.76,1
2026-08-05,2026-08-05 14:03:00,321.48,321.5,321.48,321.5,0.01,64.59,20742.76,1
2026-08-05,2026-08-05 14:04:00,321.5,321.51,321.5,321.51,0.0,64.59,20742.76,1
2026-08-05,2026-08-05 14:05:00,321.51,321.53,321.51,321.53,0.01,64.59,20742.76,1
2026-08-05,2026-08-05 14:06:00,321.53,321.55,321.53,321.55,0.01,64.59,20742.76,1
2026-08-05,2026-08-05 14:07:00,321.55,321.57,321.55,321.57,0.01,64.59,20742.76,1
2026-08-05,2026-08-05 14:08:00,321.57,321.59,321.57,321.59,0.01,64.59,20742.76,1
2026-08-05,2026-08-05 14:09:00,321.59,321.6,321.59,321.6,0.0,64.59,20742.76,1
2026-08-05,2026-08-05 14:10:00,321.6,321.62,321.6,321.62,0.01,64.59,20742.76,1
2026-08-05,2026-08-05 14:11:00,321.62,321.64,321.62,321.64,0.01,64.59,20742.76,1
2026-08-05,2026-08-05 14:12:00,321.64,321.66,321.64,321.66,0.01,64.59,20742.76,1
2026-08-05,2026-08-05 14:13:00,321.66,321.68,321.66,321.68,0.01,64.59,20742.76,1
2026-08-05,2026-08-05 14:14:00,321.68,321.69,321.68,321.69,0.0,64.59,20742.76,1
2026-08-05,2026-08-05 14:15:00,321.69,321.71,321.69,321.71,0.01,64.59,20742.76,1
2026-08-05,2026-08-05 14:16:00,321.71,321.73,321.71,321.73,0.01,64.59,20742.76,1
2026-08-05,2026-08-05 14:17:00,321.73,321.75,321.73,321.75,0.01,64.59,20742.76,1
2026-08-05,2026-08-05 14:18:00,321.75,321.77,321.75,321.77,0.01,64.59,20742.76,1
2026-08-05,2026-08-05 14:19:00,321.77,321.78,321.77,321.78,0.0,64.59,20742.76,1
2026-08-05,2026-08-05 14:20:00,321.78,321.8,321.78,321.8,0.01,64.59,20742.76,1
2026-08-05,2026-08-05 14:21:00,321.8,321.82,321.8,321.82,0.01,64.59,20742.76,1
2026-08-05,2026-08-05 14:22:00,321.82,321.84,321.82,321.84,0.01,64.59,20742.76,1
2026-08-05,2026-08-05 14:23:00,321.84,321.86,321.84,321.86,0.01,64.59,20742.76,1
2026-08-05,2026-08-05 14:24:00,321.86,321.87,321.86,321.87,0.0,64.59,20742.76,1
2026-08-05,2026-08-05 14:25:00,321.87,321.89,321.87,321.89,0.01,64.59,20742.76,1
2026-08-05,2026-08-05 14:26:00,321.89,321.91,321.89,321.91,0.01,64.59,20742.76,1
2026-08-05,2026-08-05 14:27:00,321.91,321.93,321.91,321.93,0.01,64.59,20742.76,1
2026-08-05,2026-08-05 14:28:00,321.93,321.94,321.93,321.94,0.0,64.59,20742.76,1
2026-08-05,2026-08-05 14:29:00,321.94,321.96,321.94,321.96,0.01,64.59,20742.76,1
2026-08-05,2026-08-05 14:30:00,321.96,321.98,321.96,321.98,0.01,64.59,20742.76,1
2026-08-05,2026-08-05 14:31:00,321.98,322.0,321.98,322.0,0.01,64.59,20742.76,1
2026-08-05,2026-08-05 14:32:00,322.0,322.02,322.0,322.02,0.01,64.59,20742.76,1
2026-08-05,2026-08-05 14:33:00,322.02,322.03,322.02,322.03,0.0,64.59,20742.76,1
2026-08-05,2026-08-05 14:34:00,322.03,322.05,322.03,322.05,0.01,64.59,20742.76,1
2026-08-05,2026-08-05 14:35:00,322.05,322.07,322.05,322.07,0.01,64.59,20742.76,1
2026-08-05,2026-08-05 14:36:00,322.07,322.09,322.07,322.09,0.01,64.59,20742.76,1
2026-08-05,2026-08-05 14:37:00,322.09,322.11,322.09,322.11,0.01,64.59,20742.76,1
2026-08-05,2026-08-05 14:38:00,322.11,322.12,322.11,322.12,0.0,64.59,20742.76,1
2026-08-05,2026-08-05 14:39:00,322.12,322.14,322.12,322.14,0.01,64.59,20742.76,1
2026-08-05,2026-08-05 14:40:00,322.14,322.16,322.14,322.16,0.01,64.59,20742.76,1
2026-08-05,2026-08-05 14:41:00,322.16,322.18,322.16,322.18,0.01,64.59,20742.76,1
2026-08-05,2026-08-05 14:42:00,322.18,322.2,322.18,322.2,0.01,64.59,20742.76,1
2026-08-05,2026-08-05 14:43:00,322.2,322.21,322.2,322.21,0.0,64.59,20742.76,1
2026-08-05,2026-08-05 14:44:00,322.21,322.23,322.21,322.23,0.01,64.59,20742.76,1
2026-08-05,2026-08-05 14:45:00,322.23,322.25,322.23,322.25,0.01,64.59,20742.76,1
2026-08-05,2026-08-05 14:46:00,322.25,322.27,322.25,322.27,0.01,64.59,20742.76,1
2026-08-05,2026-08-05 14:47:00,322.27,322.29,322.27,322.29,0.01,64.59,20742.76,1
2026-08-05,2026-08-05 14:48:00,322.29,322.3,322.29,322.3,0.0,64.59,20742.76,1
2026-08-05,2026-08-05 14:49:00,322.3,322.32,322.3,322.32,0.01,64.59,20742.76,1
2026-08-05,2026-08-05 14:50:00,322.32,322.34,322.32,322.34,0.01,64.59,20742.76,1
2026-08-05,2026-08-05 14:51:00,322.34,322.36,322.34,322.36,0.01,64.59,20742.76,1
2026-08-05,2026-08-05 14:52:00,322.36,322.37,322.36,322.37,0.0,64.59,20742.76,1
2026-08-05,2026-08-05 14:53:00,322.37,322.39,322.37,322.39,0.01,64.59,20742.76,1
2026-08-05,2026-08-05 14:54:00,322.39,322.41,322.39,322.41,0.01,64.59,20742.76,1
2026-08-05,2026-08-05 14:55:00,322.41,322.43,322.41,322.43,0.01,64.59,20742.76,1
2026-08-05,2026-08-05 14:56:00,322.43,322.45,322.43,322.45,0.01,64.59,20742.76,1
2026-08-05,2026-08-05 14:57:00,322.45,322.46,322.45,322.46,0.0,64.59,20742.76,1
2026-08-05,2026-08-05 14:58:00,322.46,322.48,322.46,322.48,0.01,64.59,20742.76,1
2026-08-05,2026-08-05 14:59:00,322.48,322.5,322.48,322.5,0.01,64.59,20742.76,1
2026-08-05,2026-08-05 15:00:00,322.5,323.0,318.2,322.5,0.0,64.59,20742.76,0
2026-08-06,2026-08-06 11:00:00,318.1,320.17,318.1,318.12,0.01,57.58,18557.45,1
2026-08-06,2026-08-06 11:01:00,318.12,318.13,318.12,318.13,0.0,57.58,18557.45,1
2026-08-06,2026-08-06 11:02:00,318.13,318.15,318.13,318.15,0.01,57.58,18557.45,1
2026-08-06,2026-08-06 11:03:00,318.15,318.17,318.15,318.17,0.01,57.58,18557.45,1
2026-08-06,2026-08-06 11:04:00,318.17,318.18,318.17,318.18,0.0,57.58,18557.45,1
2026-08-06,2026-08-06 11:05:00,318.18,318.2,318.18,318.2,0.01,57.58,18557.45,1
2026-08-06,2026-08-06 11:06:00,318.2,318.21,318.2,318.21,0.0,57.58,18557.45,1
2026-08-06,2026-08-06 11:07:00,318.21,318.23,318.21,318.23,0.01,57.58,18557.45,1
2026-08-06,2026-08-06 11:08:00,318.23,318.25,318.23,318.25,0.01,57.58,18557.45,1
2026-08-06,2026-08-06 11:09:00,318.25,318.26,318.25,318.26,0.0,57.58,18557.45,1
2026-08-06,2026-08-06 11:10:00,318.26,318.28,318.26,318.28,0.01,57.58,18557.45,1
2026-08-06,2026-08-06 11:11:00,318.28,318.3,318.28,318.3,0.01,57.58,18557.45,1
2026-08-06,2026-08-06 11:12:00,318.3,318.31,318.3,318.31,0.0,57.58,18557.45,1
2026-08-06,2026-08-06 11:13:00,318.31,318.33,318.31,318.33,0.01,57.58,18557.45,1
2026-08-06,2026-08-06 11:14:00,318.33,318.34,318.33,318.34,0.0,57.58,18557.45,1
2026-08-06,2026-08-06 11:15:00,318.34,318.36,318.34,318.36,0.01,57.58,18557.45,1
2026-08-06,2026-08-06 11:16:00,318.36,318.38,318.36,318.38,0.01,57.58,18557.45,1
2026-08-06,2026-08-06 11:17:00,318.38,318.39,318.38,318.39,0.0,57.58,18557.45,1
2026-08-06,2026-08-06 11:18:00,318.39,318.41,318.39,318.41,0.01,57.58,18557.45,1
2026-08-06,2026-08-06 11:19:00,318.41,318.43,318.41,318.43,0.01,57.58,18557.45,1
2026-08-06,2026-08-06 11:20:00,318.43,318.44,318.43,318.44,0.0,57.58,18557.45,1
2026-08-06,2026-08-06 11:21:00,318.44,318.46,318.44,318.46,0.01,57.58,18557.45,1
2026-08-06,2026-08-06 11:22:00,318.46,318.47,318.46,318.47,0.0,57.58,18557.45,1
2026-08-06,2026-08-06 11:23:00,318.47,318.49,318.47,318.49,0.01,57.58,18557.45,1
2026-08-06,2026-08-06 11:24:00,318.49,318.51,318.49,318.51,0.01,57.58,18557.45,1
2026-08-06,2026-08-06 11:25:00,318.51,318.52,318.51,318.52,0.0,57.58,18557.45,1
2026-08-06,2026-08-06 11:26:00,318.52,318.54,318.52,318.54,0.01,57.58,18557.45,1
2026-08-06,2026-08-06 11:27:00,318.54,318.56,318.54,318.56,0.01,57.58,18557.45,1
2026-08-06,2026-08-06 11:28:00,318.56,318.57,318.56,318.57,0.0,57.58,18557.45,1
2026-08-06,2026-08-06 11:29:00,318.57,318.59,318.57,318.59,0.01,57.58,18557.45,1
2026-08-06,2026-08-06 11:30:00,318.59,318.6,318.59,318.6,0.0,57.58,18557.45,1
2026-08-06,2026-08-06 11:31:00,318.6,318.62,318.6,318.62,0.01,57.58,18557.45,1
2026-08-06,2026-08-06 11:32:00,318.62,318.64,318.62,318.64,0.01,57.58,18557.45,1
2026-08-06,2026-08-06 11:33:00,318.64,318.65,318.64,318.65,0.0,57.58,18557.45,1
2026-08-06,2026-08-06 11:34:00,318.65,318.67,318.65,318.67,0.01,57.58,18557.45,1
2026-08-06,2026-08-06 11:35:00,318.67,318.69,318.67,318.69,0.01,57.58,18557.45,1
2026-08-06,2026-08-06 11:36:00,318.69,318.7,318.69,318.7,0.0,57.58,18557.45,1
2026-08-06,2026-08-06 11:37:00,318.7,318.72,318.7,318.72,0.01,57.58,18557.45,1
2026-08-06,2026-08-06 11:38:00,318.72,318.73,318.72,318.73,0.0,57.58,18557.45,1
2026-08-06,2026-08-06 11:39:00,318.73,318.75,318.73,318.75,0.01,57.58,18557.45,1
2026-08-06,2026-08-06 11:40:00,318.75,318.77,318.75,318.77,0.01,57.58,18557.45,1
2026-08-06,2026-08-06 11:41:00,318.77,318.78,318.77,318.78,0.0,57.58,18557.45,1
2026-08-06,2026-08-06 11:42:00,318.78,318.8,318.78,318.8,0.01,57.58,18557.45,1
2026-08-06,2026-08-06 11:43:00,318.8,318.81,318.8,318.81,0.0,57.58,18557.45,1
2026-08-06,2026-08-06 11:44:00,318.81,318.83,318.81,318.83,0.01,57.58,18557.45,1
2026-08-06,2026-08-06 11:45:00,318.83,318.85,318.83,318.85,0.01,57.58,18557.45,1
2026-08-06,2026-08-06 11:46:00,318.85,318.86,318.85,318.86,0.0,57.58,18557.45,1
2026-08-06,2026-08-06 11:47:00,318.86,318.88,318.86,318.88,0.01,57.58,18557.45,1
2026-08-06,2026-08-06 11:48:00,318.88,318.9,318.88,318.9,0.01,57.58,18557.45,1
2026-08-06,2026-08-06 11:49:00,318.9,318.91,318.9,318.91,0.0,57.58,18557.45,1
2026-08-06,2026-08-06 11:50:00,318.91,318.93,318.91,318.93,0.01,57.58,18557.45,1
2026-08-06,2026-08-06 11:51:00,318.93,318.94,318.93,318.94,0.0,57.58,18557.45,1
2026-08-06,2026-08-06 11:52:00,318.94,318.96,318.94,318.96,0.01,57.58,18557.45,1
2026-08-06,2026-08-06 11:53:00,318.96,318.98,318.96,318.98,0.01,57.58,18557.45,1
2026-08-06,2026-08-06 11:54:00,318.98,318.99,318.98,318.99,0.0,57.58,18557.45,1
2026-08-06,2026-08-06 11:55:00,318.99,319.01,318.99,319.01,0.01,57.58,18557.45,1
2026-08-06,2026-08-06 11:56:00,319.01,319.03,319.01,319.03,0.01,57.58,18557.45,1
2026-08-06,2026-08-06 11:57:00,319.03,319.04,319.03,319.04,0.0,57.58,18557.45,1
2026-08-06,2026-08-06 11:58:00,319.04,319.06,319.04,319.06,0.01,57.58,18557.45,1
2026-08-06,2026-08-06 11:59:00,319.06,319.08,319.06,319.08,0.01,57.58,18557.45,1
2026-08-06,2026-08-06 12:00:00,319.08,319.09,319.08,319.09,0.0,57.58,18557.45,1
2026-08-06,2026-08-06 12:01:00,319.09,319.11,319.09,319.11,0.01,57.58,18557.45,1
2026-08-06,2026-08-06 12:02:00,319.11,319.12,319.11,319.12,0.0,57.58,18557.45,1
2026-08-06,2026-08-06 12:03:00,319.12,319.14,319.12,319.14,0.01,57.58,18557.45,1
2026-08-06,2026-08-06 12:04:00,319.14,319.16,319.14,319.16,0.01,57.58,18557.45,1
2026-08-06,2026-08-06 12:05:00,319.16,319.17,319.16,319.17,0.0,57.58,18557.45,1
2026-08-06,2026-08-06 12:06:00,319.17,319.19,319.17,319.19,0.01,57.58,18557.45,1
2026-08-06,2026-08-06 12:07:00,319.19,319.21,319.19,319.21,0.01,57.58,18557.45,1
2026-08-06,2026-08-06 12:08:00,319.21,319.22,319.21,319.22,0.0,57.58,18557.45,1
2026-08-06,2026-08-06 12:09:00,319.22,319.24,319.22,319.24,0.01,57.58,18557.45,1
2026-08-06,2026-08-06 12:10:00,319.24,319.25,319.24,319.25,0.0,57.58,18557.45,1
2026-08-06,2026-08-06 12:11:00,319.25,319.27,319.25,319.27,0.01,57.58,18557.45,1
2026-08-06,2026-08-06 12:12:00,319.27,319.29,319.27,319.29,0.01,57.58,18557.45,1
2026-08-06,2026-08-06 12:13:00,319.29,319.3,319.29,319.3,0.0,57.58,18557.45,1
2026-08-06,2026-08-06 12:14:00,319.3,319.32,319.3,319.32,0.01,57.58,18557.45,1
2026-08-06,2026-08-06 12:15:00,319.32,319.34,319.32,319.34,0.01,57.58,18557.45,1
2026-08-06,2026-08-06 12:16:00,319.34,319.35,319.34,319.35,0.0,57.58,18557.45,1
2026-08-06,2026-08-06 12:17:00,319.35,319.37,319.35,319.37,0.01,57.58,18557.45,1
2026-08-06,2026-08-06 12:18:00,319.37,319.38,319.37,319.38,0.0,57.58,18557.45,1
2026-08-06,2026-08-06 12:19:00,319.38,319.4,319.38,319.4,0.01,57.58,18557.45,1
2026-08-06,2026-08-06 12:20:00,319.4,319.42,319.4,319.42,0.01,57.58,18557.45,1
2026-08-06,2026-08-06 12:21:00,319.42,319.43,319.42,319.43,0.0,57.58,18557.45,1
2026-08-06,2026-08-06 12:22:00,319.43,319.45,319.43,319.45,0.01,57.58,18557.45,1
2026-08-06,2026-08-06 12:23:00,319.45,319.47,319.45,319.47,0.01,57.58,18557.45,1
2026-08-06,2026-08-06 12:24:00,319.47,319.48,319.47,319.48,0.0,57.58,18557.45,1
2026-08-06,2026-08-06 12:25:00,319.48,319.5,319.48,319.5,0.01,57.58,18557.45,1
2026-08-06,2026-08-06 12:26:00,319.5,319.51,319.5,319.51,0.0,57.58,18557.45,1
2026-08-06,2026-08-06 12:27:00,319.51,319.53,319.51,319.53,0.01,57.58,18557.45,1
2026-08-06,2026-08-06 12:28:00,319.53,319.55,319.53,319.55,0.01,57.58,18557.45,1
2026-08-06,2026-08-06 12:29:00,319.55,319.56,319.55,319.56,0.0,57.58,18557.45,1
2026-08-06,2026-08-06 12:30:00,319.56,319.58,319.56,319.58,0.01,57.58,18557.45,1
2026-08-06,2026-08-06 12:31:00,319.58,319.6,319.58,319.6,0.01,57.58,18557.45,1
2026-08-06,2026-08-06 12:32:00,319.6,319.61,319.6,319.61,0.0,57.58,18557.45,1
2026-08-06,2026-08-06 12:33:00,319.61,319.63,319.61,319.63,0.01,57.58,18557.45,1
2026-08-06,2026-08-06 12:34:00,319.63,319.64,319.63,319.64,0.0,57.58,18557.45,1
2026-08-06,2026-08-06 12:35:00,319.64,319.66,319.64,319.66,0.01,57.58,18557.45,1
2026-08-06,2026-08-06 12:36:00,319.66,319.68,319.66,319.68,0.01,57.58,18557.45,1
2026-08-06,2026-08-06 12:37:00,319.68,319.69,319.68,319.69,0.0,57.58,18557.45,1
2026-08-06,2026-08-06 12:38:00,319.69,319.71,319.69,319.71,0.01,57.58,18557.45,1
2026-08-06,2026-08-06 12:39:00,319.71,319.73,319.71,319.73,0.01,57.58,18557.45,1
2026-08-06,2026-08-06 12:40:00,319.73,319.74,319.73,319.74,0.0,57.58,18557.45,1
2026-08-06,2026-08-06 12:41:00,319.74,319.76,319.74,319.76,0.01,57.58,18557.45,1
2026-08-06,2026-08-06 12:42:00,319.76,319.77,319.76,319.77,0.0,57.58,18557.45,1
2026-08-06,2026-08-06 12:43:00,319.77,319.79,319.77,319.79,0.01,57.58,18557.45,1
2026-08-06,2026-08-06 12:44:00,319.79,319.81,319.79,319.81,0.01,57.58,18557.45,1
2026-08-06,2026-08-06 12:45:00,319.81,319.82,319.81,319.82,0.0,57.58,18557.45,1
2026-08-06,2026-08-06 12:46:00,319.82,319.84,319.82,319.84,0.01,57.58,18557.45,1
2026-08-06,2026-08-06 12:47:00,319.84,319.86,319.84,319.86,0.01,57.58,18557.45,1
2026-08-06,2026-08-06 12:48:00,319.86,319.87,319.86,319.87,0.0,57.58,18557.45,1
2026-08-06,2026-08-06 12:49:00,319.87,319.89,319.87,319.89,0.01,57.58,18557.45,1
2026-08-06,2026-08-06 12:50:00,319.89,319.9,319.89,319.9,0.0,57.58,18557.45,1
2026-08-06,2026-08-06 12:51:00,319.9,319.92,319.9,319.92,0.01,57.58,18557.45,1
2026-08-06,2026-08-06 12:52:00,319.92,319.94,319.92,319.94,0.01,57.58,18557.45,1
2026-08-06,2026-08-06 12:53:00,319.94,319.95,319.94,319.95,0.0,57.58,18557.45,1
2026-08-06,2026-08-06 12:54:00,319.95,319.97,319.95,319.97,0.01,57.58,18557.45,1
2026-08-06,2026-08-06 12:55:00,319.97,319.99,319.97,319.99,0.01,57.58,18557.45,1
2026-08-06,2026-08-06 12:56:00,319.99,320.0,319.99,320.0,0.0,57.58,18557.45,1
2026-08-06,2026-08-06 12:57:00,320.0,320.02,320.0,320.02,0.01,57.58,18557.45,1
2026-08-06,2026-08-06 12:58:00,320.02,320.03,320.02,320.03,0.0,57.58,18557.45,1
2026-08-06,2026-08-06 12:59:00,320.03,320.05,320.03,320.05,0.01,57.58,18557.45,1
2026-08-06,2026-08-06 13:00:00,320.05,325.0,318.1,320.07,0.01,57.58,18557.45,1
2026-08-06,2026-08-06 13:01:00,320.07,320.08,320.07,320.08,0.0,57.58,18557.45,1
2026-08-06,2026-08-06 13:02:00,320.08,320.1,320.08,320.1,0.01,57.58,18557.45,1
2026-08-06,2026-08-06 13:03:00,320.1,320.12,320.1,320.12,0.01,57.58,18557.45,1
2026-08-06,2026-08-06 13:04:00,320.12,320.13,320.12,320.13,0.0,57.58,18557.45,1
2026-08-06,2026-08-06 13:05:00,320.13,320.15,320.13,320.15,0.01,57.58,18557.45,1
2026-08-06,2026-08-06 13:06:00,320.15,320.16,320.15,320.16,0.0,57.58,18557.45,1
2026-08-06,2026-08-06 13:07:00,320.16,320.18,320.16,320.18,0.01,57.58,18557.45,1
2026-08-06,2026-08-06 13:08:00,320.18,320.2,320.18,320.2,0.01,57.58,18557.45,1
2026-08-06,2026-08-06 13:09:00,320.2,320.21,320.2,320.21,0.0,57.58,18557.45,1
2026-08-06,2026-08-06 13:10:00,320.21,320.23,320.21,320.23,0.01,57.58,18557.45,1
2026-08-06,2026-08-06 13:11:00,320.23,320.25,320.23,320.25,0.01,57.58,18557.45,1
2026-08-06,2026-08-06 13:12:00,320.25,320.26,320.25,320.26,0.0,57.58,18557.45,1
2026-08-06,2026-08-06 13:13:00,320.26,320.28,320.26,320.28,0.01,57.58,18557.45,1
2026-08-06,2026-08-06 13:14:00,320.28,320.29,320.28,320.29,0.0,57.58,18557.45,1
2026-08-06,2026-08-06 13:15:00,320.29,320.31,320.29,320.31,0.01,57.58,18557.45,1
2026-08-06,2026-08-06 13:16:00,320.31,320.33,320.31,320.33,0.01,57.58,18557.45,1
2026-08-06,2026-08-06 13:17:00,320.33,320.34,320.33,320.34,0.0,57.58,18557.45,1
2026-08-06,2026-08-06 13:18:00,320.34,320.36,320.34,320.36,0.01,57.58,18557.45,1
2026-08-06,2026-08-06 13:19:00,320.36,320.38,320.36,320.38,0.01,57.58,18557.45,1
2026-08-06,2026-08-06 13:20:00,320.38,320.39,320.38,320.39,0.0,57.58,18557.45,1
2026-08-06,2026-08-06 13:21:00,320.39,320.41,320.39,320.41,0.01,57.58,18557.45,1
2026-08-06,2026-08-06 13:22:00,320.41,320.42,320.41,320.42,0.0,57.58,18557.45,1
2026-08-06,2026-08-06 13:23:00,320.42,320.44,320.42,320.44,0.01,57.58,18557.45,1
2026-08-06,2026-08-06 13:24:00,320.44,320.46,320.44,320.46,0.01,57.58,18557.45,1
2026-08-06,2026-08-06 13:25:00,320.46,320.47,320.46,320.47,0.0,57.58,18557.45,1
2026-08-06,2026-08-06 13:26:00,320.47,320.49,320.47,320.49,0.01,57.58,18557.45,1
2026-08-06,2026-08-06 13:27:00,320.49,320.5,320.49,320.5,0.0,57.58,18557.45,1
2026-08-06,2026-08-06 13:28:00,320.5,320.52,320.5,320.52,0.01,57.58,18557.45,1
2026-08-06,2026-08-06 13:29:00,320.52,320.54,320.52,320.54,0.01,57.58,18557.45,1
2026-08-06,2026-08-06 13:30:00,320.54,320.55,320.54,320.55,0.0,57.58,18557.45,1
2026-08-06,2026-08-06 13:31:00,320.55,320.57,320.55,320.57,0.01,57.58,18557.45,1
2026-08-06,2026-08-06 13:32:00,320.57,320.59,320.57,320.59,0.01,57.58,18557.45,1
2026-08-06,2026-08-06 13:33:00,320.59,320.6,320.59,320.6,0.0,57.58,18557.45,1
2026-08-06,2026-08-06 13:34:00,320.6,320.62,320.6,320.62,0.01,57.58,18557.45,1
2026-08-06,2026-08-06 13:35:00,320.62,320.63,320.62,320.63,0.0,57.58,18557.45,1
2026-08-06,2026-08-06 13:36:00,320.63,320.65,320.63,320.65,0.01,57.58,18557.45,1
2026-08-06,2026-08-06 13:37:00,320.65,320.67,320.65,320.67,0.01,57.58,18557.45,1
2026-08-06,2026-08-06 13:38:00,320.67,320.68,320.67,320.68,0.0,57.58,18557.45,1
2026-08-06,2026-08-06 13:39:00,320.68,320.7,320.68,320.7,0.01,57.58,18557.45,1
2026-08-06,2026-08-06 13:40:00,320.7,320.72,320.7,320.72,0.01,57.58,18557.45,1
2026-08-06,2026-08-06 13:41:00,320.72,320.73,320.72,320.73,0.0,57.58,18557.45,1
2026-08-06,2026-08-06 13:42:00,320.73,320.75,320.73,320.75,0.01,57.58,18557.45,1
2026-08-06,2026-08-06 13:43:00,320.75,320.76,320.75,320.76,0.0,57.58,18557.45,1
2026-08-06,2026-08-06 13:44:00,320.76,320.78,320.76,320.78,0.01,57.58,18557.45,1
2026-08-06,2026-08-06 13:45:00,320.78,320.8,320.78,320.8,0.01,57.58,18557.45,1
2026-08-06,2026-08-06 13:46:00,320.8,320.81,320.8,320.81,0.0,57.58,18557.45,1
2026-08-06,2026-08-06 13:47:00,320.81,320.83,320.81,320.83,0.01,57.58,18557.45,1
2026-08-06,2026-08-06 13:48:00,320.83,320.85,320.83,320.85,0.01,57.58,18557.45,1
2026-08-06,2026-08-06 13:49:00,320.85,320.86,320.85,320.86,0.0,57.58,18557.45,1
2026-08-06,2026-08-06 13:50:00,320.86,320.88,320.86,320.88,0.01,57.58,18557.45,1
2026-08-06,2026-08-06 13:51:00,320.88,320.89,320.88,320.89,0.0,57.58,18557.45,1
2026-08-06,2026-08-06 13:52:00,320.89,320.91,320.89,320.91,0.01,57.58,18557.45,1
2026-08-06,2026-08-06 13:53:00,320.91,320.93,320.91,320.93,0.01,57.58,18557.45,1
2026-08-06,2026-08-06 13:54:00,320.93,320.94,320.93,320.94,0.0,57.58,18557.45,1
2026-08-06,2026-08-06 13:55:00,320.94,320.96,320.94,320.96,0.01,57.58,18557.45,1
2026-08-06,2026-08-06 13:56:00,320.96,320.98,320.96,320.98,0.01,57.58,18557.45,1
2026-08-06,2026-08-06 13:57:00,320.98,320.99,320.98,320.99,0.0,57.58,18557.45,1
2026-08-06,2026-08-06 13:58:00,320.99,321.01,320.99,321.01,0.01,57.58,18557.45,1
2026-08-06,2026-08-06 13:59:00,321.01,321.02,321.01,321.02,0.0,57.58,18557.45,1
2026-08-06,2026-08-06 14:00:00,321.02,321.04,321.02,321.04,0.01,57.58,18557.45,1
2026-08-06,2026-08-06 14:01:00,321.04,321.06,321.04,321.06,0.01,57.58,18557.45,1
2026-08-06,2026-08-06 14:02:00,321.06,321.07,321.06,321.07,0.0,57.58,18557.45,1
2026-08-06,2026-08-06 14:03:00,321.07,321.09,321.07,321.09,0.01,57.58,18557.45,1
2026-08-06,2026-08-06 14:04:00,321.09,321.11,321.09,321.11,0.01,57.58,18557.45,1
2026-08-06,2026-08-06 14:05:00,321.11,321.12,321.11,321.12,0.0,57.58,18557.45,1
2026-08-06,2026-08-06 14:06:00,321.12,321.14,321.12,321.14,0.01,57.58,18557.45,1
2026-08-06,2026-08-06 14:07:00,321.14,321.16,321.14,321.16,0.01,57.58,18557.45,1
2026-08-06,2026-08-06 14:08:00,321.16,321.17,321.16,321.17,0.0,57.58,18557.45,1
2026-08-06,2026-08-06 14:09:00,321.17,321.19,321.17,321.19,0.01,57.58,18557.45,1
2026-08-06,2026-08-06 14:10:00,321.19,321.2,321.19,321.2,0.0,57.58,18557.45,1
2026-08-06,2026-08-06 14:11:00,321.2,321.22,321.2,321.22,0.01,57.58,18557.45,1
2026-08-06,2026-08-06 14:12:00,321.22,321.24,321.22,321.24,0.01,57.58,18557.45,1
2026-08-06,2026-08-06 14:13:00,321.24,321.25,321.24,321.25,0.0,57.58,18557.45,1
2026-08-06,2026-08-06 14:14:00,321.25,321.27,321.25,321.27,0.01,57.58,18557.45,1
2026-08-06,2026-08-06 14:15:00,321.27,321.29,321.27,321.29,0.01,57.58,18557.45,1
2026-08-06,2026-08-06 14:16:00,321.29,321.3,321.29,321.3,0.0,57.58,18557.45,1
2026-08-06,2026-08-06 14:17:00,321.3,321.32,321.3,321.32,0.01,57.58,18557.45,1
2026-08-06,2026-08-06 14:18:00,321.32,321.33,321.32,321.33,0.0,57.58,18557.45,1
2026-08-06,2026-08-06 14:19:00,321.33,321.35,321.33,321.35,0.01,57.58,18557.45,1
2026-08-06,2026-08-06 14:20:00,321.35,321.37,321.35,321.37,0.01,57.58,18557.45,1
2026-08-06,2026-08-06 14:21:00,321.37,321.38,321.37,321.38,0.0,57.58,18557.45,1
2026-08-06,2026-08-06 14:22:00,321.38,321.4,321.38,321.4,0.01,57.58,18557.45,1
2026-08-06,2026-08-06 14:23:00,321.4,321.42,321.4,321.42,0.01,57.58,18557.45,1
2026-08-06,2026-08-06 14:24:00,321.42,321.43,321.42,321.43,0.0,57.58,18557.45,1
2026-08-06,2026-08-06 14:25:00,321.43,321.45,321.43,321.45,0.01,57.58,18557.45,1
2026-08-06,2026-08-06 14:26:00,321.45,321.46,321.45,321.46,0.0,57.58,18557.45,1
2026-08-06,2026-08-06 14:27:00,321.46,321.48,321.46,321.48,0.01,57.58,18557.45,1
2026-08-06,2026-08-06 14:28:00,321.48,321.5,321.48,321.5,0.01,57.58,18557.45,1
2026-08-06,2026-08-06 14:29:00,321.5,321.51,321.5,321.51,0.0,57.58,18557.45,1
2026-08-06,2026-08-06 14:30:00,321.51,321.53,321.51,321.53,0.01,57.58,18557.45,1
2026-08-06,2026-08-06 14:31:00,321.53,321.55,321.53,321.55,0.01,57.58,18557.45,1
2026-08-06,2026-08-06 14:32:00,321.55,321.56,321.55,321.56,0.0,57.58,18557.45,1
2026-08-06,2026-08-06 14:33:00,321.56,321.58,321.56,321.58,0.01,57.58,18557.45,1
2026-08-06,2026-08-06 14:34:00,321.58,321.59,321.58,321.59,0.0,57.58,18557.45,1
2026-08-06,2026-08-06 14:35:00,321.59,321.61,321.59,321.61,0.01,57.58,18557.45,1
2026-08-06,2026-08-06 14:36:00,321.61,321.63,321.61,321.63,0.01,57.58,18557.45,1
2026-08-06,2026-08-06 14:37:00,321.63,321.64,321.63,321.64,0.0,57.58,18557.45,1
2026-08-06,2026-08-06 14:38:00,321.64,321.66,321.64,321.66,0.01,57.58,18557.45,1
2026-08-06,2026-08-06 14:39:00,321.66,321.68,321.66,321.68,0.01,57.58,18557.45,1
2026-08-06,2026-08-06 14:40:00,321.68,321.69,321.68,321.69,0.0,57.58,18557.45,1
2026-08-06,2026-08-06 14:41:00,321.69,321.71,321.69,321.71,0.01,57.58,18557.45,1
2026-08-06,2026-08-06 14:42:00,321.71,321.72,321.71,321.72,0.0,57.58,18557.45,1
2026-08-06,2026-08-06 14:43:00,321.72,321.74,321.72,321.74,0.01,57.58,18557.45,1
2026-08-06,2026-08-06 14:44:00,321.74,321.76,321.74,321.76,0.01,57.58,18557.45,1
2026-08-06,2026-08-06 14:45:00,321.76,321.77,321.76,321.77,0.0,57.58,18557.45,1
2026-08-06,2026-08-06 14:46:00,321.77,321.79,321.77,321.79,0.01,57.58,18557.45,1
2026-08-06,2026-08-06 14:47:00,321.79,321.81,321.79,321.81,0.01,57.58,18557.45,1
2026-08-06,2026-08-06 14:48:00,321.81,321.82,321.81,321.82,0.0,57.58,18557.45,1
2026-08-06,2026-08-06 14:49:00,321.82,321.84,321.82,321.84,0.01,57.58,18557.45,1
2026-08-06,2026-08-06 14:50:00,321.84,321.85,321.84,321.85,0.0,57.58,18557.45,1
2026-08-06,2026-08-06 14:51:00,321.85,321.87,321.85,321.87,0.01,57.58,18557.45,1
2026-08-06,2026-08-06 14:52:00,321.87,321.89,321.87,321.89,0.01,57.58,18557.45,1
2026-08-06,2026-08-06 14:53:00,321.89,321.9,321.89,321.9,0.0,57.58,18557.45,1
2026-08-06,2026-08-06 14:54:00,321.9,321.92,321.9,321.92,0.01,57.58,18557.45,1
2026-08-06,2026-08-06 14:55:00,321.92,321.94,321.92,321.94,0.01,57.58,18557.45,1
2026-08-06,2026-08-06 14:56:00,321.94,321.95,321.94,321.95,0.0,57.58,18557.45,1
2026-08-06,2026-08-06 14:57:00,321.95,321.97,321.95,321.97,0.01,57.58,18557.45,1
2026-08-06,2026-08-06 14:58:00,321.97,321.98,321.97,321.98,0.0,57.58,18557.45,1
2026-08-06,2026-08-06 14:59:00,321.98,322.0,321.98,322.0,0.01,57.58,18557.45,1
2026-08-06,2026-08-06 15:00:00,322.0,325.0,318.1,322.0,0.0,57.58,18557.45,0
2026-08-07,2026-08-07 11:00:00,321.6,322.62,321.12,321.61,0.0,59.66,19217.16,1
2026-08-07,2026-08-07 11:01:00,321.61,321.61,321.61,321.61,0.0,59.66,19217.16,0
2026-08-07,2026-08-07 11:02:00,321.61,321.62,321.61,321.62,0.0,59.66,19217.16,1
2026-08-07,2026-08-07 11:03:00,321.62,321.62,321.62,321.62,0.0,59.66,19217.16,0
2026-08-07,2026-08-07 11:04:00,321.62,321.63,321.62,321.63,0.0,59.66,19217.16,1
2026-08-07,2026-08-07 11:05:00,321.63,321.64,321.63,321.64,0.0,59.66,19217.16,1
2026-08-07,2026-08-07 11:06:00,321.64,321.64,321.64,321.64,0.0,59.66,19217.16,0
2026-08-07,2026-08-07 11:07:00,321.64,321.65,321.64,321.65,0.0,59.66,19217.16,1
2026-08-07,2026-08-07 11:08:00,321.65,321.65,321.65,321.65,0.0,59.66,19217.16,0
2026-08-07,2026-08-07 11:09:00,321.65,321.66,321.65,321.66,0.0,59.66,19217.16,1
2026-08-07,2026-08-07 11:10:00,321.66,321.66,321.66,321.66,0.0,59.66,19217.16,0
2026-08-07,2026-08-07 11:11:00,321.66,321.67,321.66,321.67,0.0,59.66,19217.16,1
2026-08-07,2026-08-07 11:12:00,321.67,321.68,321.67,321.68,0.0,59.66,19217.16,1
2026-08-07,2026-08-07 11:13:00,321.68,321.68,321.68,321.68,0.0,59.66,19217.16,0
2026-08-07,2026-08-07 11:14:00,321.68,321.69,321.68,321.69,0.0,59.66,19217.16,1
2026-08-07,2026-08-07 11:15:00,321.69,321.69,321.69,321.69,0.0,59.66,19217.16,0
2026-08-07,2026-08-07 11:16:00,321.69,321.7,321.69,321.7,0.0,59.66,19217.16,1
2026-08-07,2026-08-07 11:17:00,321.7,321.71,321.7,321.71,0.0,59.66,19217.16,1
2026-08-07,2026-08-07 11:18:00,321.71,321.71,321.71,321.71,0.0,59.66,19217.16,0
2026-08-07,2026-08-07 11:19:00,321.71,321.72,321.71,321.72,0.0,59.66,19217.16,1
2026-08-07,2026-08-07 11:20:00,321.72,321.72,321.72,321.72,0.0,59.66,19217.16,0
2026-08-07,2026-08-07 11:21:00,321.72,321.73,321.72,321.73,0.0,59.66,19217.16,1
2026-08-07,2026-08-07 11:22:00,321.73,321.73,321.73,321.73,0.0,59.66,19217.16,0
2026-08-07,2026-08-07 11:23:00,321.73,321.74,321.73,321.74,0.0,59.66,19217.16,1
2026-08-07,2026-08-07 11:24:00,321.74,321.75,321.74,321.75,0.0,59.66,19217.16,1
2026-08-07,2026-08-07 11:25:00,321.75,321.75,321.75,321.75,0.0,59.66,19217.16,0
2026-08-07,2026-08-07 11:26:00,321.75,321.76,321.75,321.76,0.0,59.66,19217.16,1
2026-08-07,2026-08-07 11:27:00,321.76,321.76,321.76,321.76,0.0,59.66,19217.16,0
2026-08-07,2026-08-07 11:28:00,321.76,321.77,321.76,321.77,0.0,59.66,19217.16,1
2026-08-07,2026-08-07 11:29:00,321.77,321.78,321.77,321.78,0.0,59.66,19217.16,1
2026-08-07,2026-08-07 11:30:00,321.78,321.78,321.78,321.78,0.0,59.66,19217.16,0
2026-08-07,2026-08-07 11:31:00,321.78,321.79,321.78,321.79,0.0,59.66,19217.16,1
2026-08-07,2026-08-07 11:32:00,321.79,321.79,321.79,321.79,0.0,59.66,19217.16,0
2026-08-07,2026-08-07 11:33:00,321.79,321.8,321.79,321.8,0.0,59.66,19217.16,1
2026-08-07,2026-08-07 11:34:00,321.8,321.8,321.8,321.8,0.0,59.66,19217.16,0
2026-08-07,2026-08-07 11:35:00,321.8,321.81,321.8,321.81,0.0,59.66,19217.16,1
2026-08-07,2026-08-07 11:36:00,321.81,321.82,321.81,321.82,0.0,59.66,19217.16,1
2026-08-07,2026-08-07 11:37:00,321.82,321.82,321.82,321.82,0.0,59.66,19217.16,0
2026-08-07,2026-08-07 11:38:00,321.82,321.83,321.82,321.83,0.0,59.66,19217.16,1
2026-08-07,2026-08-07 11:39:00,321.83,321.83,321.83,321.83,0.0,59.66,19217.16,0
2026-08-07,2026-08-07 11:40:00,321.83,321.84,321.83,321.84,0.0,59.66,19217.16,1
2026-08-07,2026-08-07 11:41:00,321.84,321.85,321.84,321.85,0.0,59.66,19217.16,1
2026-08-07,2026-08-07 11:42:00,321.85,321.85,321.85,321.85,0.0,59.66,19217.16,0
2026-08-07,2026-08-07 11:43:00,321.85,321.86,321.85,321.86,0.0,59.66,19217.16,1
2026-08-07,2026-08-07 11:44:00,321.86,321.86,321.86,321.86,0.0,59.66,19217.16,0
2026-08-07,2026-08-07 11:45:00,321.86,321.87,321.86,321.87,0.0,59.66,19217.16,1
2026-08-07,2026-08-07 11:46:00,321.87,321.87,321.87,321.87,0.0,59.66,19217.16,0
2026-08-07,2026-08-07 11:47:00,321.87,321.88,321.87,321.88,0.0,59.66,19217.16,1
2026-08-07,2026-08-07 11:48:00,321.88,321.89,321.88,321.89,0.0,59.66,19217.16,1
2026-08-07,2026-08-07 11:49:00,321.89,321.89,321.89,321.89,0.0,59.66,19217.16,0
2026-08-07,2026-08-07 11:50:00,321.89,321.9,321.89,321.9,0.0,59.66,19217.16,1
2026-08-07,2026-08-07 11:51:00,321.9,321.9,321.9,321.9,0.0,59.66,19217.16,0
2026-08-07,2026-08-07 11:52:00,321.9,321.91,321.9,321.91,0.0,59.66,19217.16,1
2026-08-07,2026-08-07 11:53:00,321.91,321.92,321.91,321.92,0.0,59.66,19217.16,1
2026-08-07,2026-08-07 11:54:00,321.92,321.92,321.92,321.92,0.0,59.66,19217.16,0
2026-08-07,2026-08-07 11:55:00,321.92,321.93,321.92,321.93,0.0,59.66,19217.16,1
2026-08-07,2026-08-07 11:56:00,321.93,321.93,321.93,321.93,0.0,59.66,19217.16,0
2026-08-07,2026-08-07 11:57:00,321.93,321.94,321.93,321.94,0.0,59.66,19217.16,1
2026-08-07,2026-08-07 11:58:00,321.94,321.94,321.94,321.94,0.0,59.66,19217.16,0
2026-08-07,2026-08-07 11:59:00,321.94,321.95,321.94,321.95,0.0,59.66,19217.16,1
2026-08-07,2026-08-07 12:00:00,321.95,321.96,321.95,321.96,0.0,59.66,19217.16,1
2026-08-07,2026-08-07 12:01:00,321.96,321.96,321.96,321.96,0.0,59.66,19217.16,0
2026-08-07,2026-08-07 12:02:00,321.96,321.97,321.96,321.97,0.0,59.66,19217.16,1
2026-08-07,2026-08-07 12:03:00,321.97,321.97,321.97,321.97,0.0,59.66,19217.16,0
2026-08-07,2026-08-07 12:04:00,321.97,321.98,321.97,321.98,0.0,59.66,19217.16,1
2026-08-07,2026-08-07 12:05:00,321.98,321.99,321.98,321.99,0.0,59.66,19217.16,1
2026-08-07,2026-08-07 12:06:00,321.99,321.99,321.99,321.99,0.0,59.66,19217.16,0
2026-08-07,2026-08-07 12:07:00,321.99,322.0,321.99,322.0,0.0,59.66,19217.16,1
2026-08-07,2026-08-07 12:08:00,322.0,322.0,322.0,322.0,0.0,59.66,19217.16,0
2026-08-07,2026-08-07 12:09:00,322.0,322.01,322.0,322.01,0.0,59.66,19217.16,1
2026-08-07,2026-08-07 12:10:00,322.01,322.01,322.01,322.01,0.0,59.66,19217.16,0
2026-08-07,2026-08-07 12:11:00,322.01,322.02,322.01,322.02,0.0,59.66,19217.16,1
2026-08-07,2026-08-07 12:12:00,322.02,322.03,322.02,322.03,0.0,59.66,19217.16,1
2026-08-07,2026-08-07 12:13:00,322.03,322.03,322.03,322.03,0.0,59.66,19217.16,0
2026-08-07,2026-08-07 12:14:00,322.03,322.04,322.03,322.04,0.0,59.66,19217.16,1
2026-08-07,2026-08-07 12:15:00,322.04,322.04,322.04,322.04,0.0,59.66,19217.16,0
2026-08-07,2026-08-07 12:16:00,322.04,322.05,322.04,322.05,0.0,59.66,19217.16,1
2026-08-07,2026-08-07 12:17:00,322.05,322.06,322.05,322.06,0.0,59.66,19217.16,1
2026-08-07,2026-08-07 12:18:00,322.06,322.06,322.06,322.06,0.0,59.66,19217.16,0
2026-08-07,2026-08-07 12:19:00,322.06,322.07,322.06,322.07,0.0,59.66,19217.16,1
2026-08-07,2026-08-07 12:20:00,322.07,322.07,322.07,322.07,0.0,59.66,19217.16,0
2026-08-07,2026-08-07 12:21:00,322.07,322.08,322.07,322.08,0.0,59.66,19217.16,1
2026-08-07,2026-08-07 12:22:00,322.08,322.08,322.08,322.08,0.0,59.66,19217.16,0
2026-08-07,2026-08-07 12:23:00,322.08,322.09,322.08,322.09,0.0,59.66,19217.16,1
2026-08-07,2026-08-07 12:24:00,322.09,322.1,322.09,322.1,0.0,59.66,19217.16,1
2026-08-07,2026-08-07 12:25:00,322.1,322.1,322.1,322.1,0.0,59.66,19217.16,0
2026-08-07,2026-08-07 12:26:00,322.1,322.11,322.1,322.11,0.0,59.66,19217.16,1
2026-08-07,2026-08-07 12:27:00,322.11,322.11,322.11,322.11,0.0,59.66,19217.16,0
2026-08-07,2026-08-07 12:28:00,322.11,322.12,322.11,322.12,0.0,59.66,19217.16,1
2026-08-07,2026-08-07 12:29:00,322.12,322.12,322.12,322.12,0.0,59.66,19217.16,0
2026-08-07,2026-08-07 12:30:00,322.12,322.13,322.12,322.13,0.0,59.66,19217.16,1
2026-08-07,2026-08-07 12:31:00,322.13,322.14,322.13,322.14,0.0,59.66,19217.16,1
2026-08-07,2026-08-07 12:32:00,322.14,322.14,322.14,322.14,0.0,59.66,19217.16,0
2026-08-07,2026-08-07 12:33:00,322.14,322.15,322.14,322.15,0.0,59.66,19217.16,1
2026-08-07,2026-08-07 12:34:00,322.15,322.15,322.15,322.15,0.0,59.66,19217.16,0
2026-08-07,2026-08-07 12:35:00,322.15,322.16,322.15,322.16,0.0,59.66,19217.16,1
2026-08-07,2026-08-07 12:36:00,322.16,322.17,322.16,322.17,0.0,59.66,19217.16,1
2026-08-07,2026-08-07 12:37:00,322.17,322.17,322.17,322.17,0.0,59.66,19217.16,0
2026-08-07,2026-08-07 12:38:00,322.17,322.18,322.17,322.18,0.0,59.66,19217.16,1
2026-08-07,2026-08-07 12:39:00,322.18,322.18,322.18,322.18,0.0,59.66,19217.16,0
2026-08-07,2026-08-07 12:40:00,322.18,322.19,322.18,322.19,0.0,59.66,19217.16,1
2026-08-07,2026-08-07 12:41:00,322.19,322.19,322.19,322.19,0.0,59.66,19217.16,0
2026-08-07,2026-08-07 12:42:00,322.19,322.2,322.19,322.2,0.0,59.66,19217.16,1
2026-08-07,2026-08-07 12:43:00,322.2,322.21,322.2,322.21,0.0,59.66,19217.16,1
2026-08-07,2026-08-07 12:44:00,322.21,322.21,322.21,322.21,0.0,59.66,19217.16,0
2026-08-07,2026-08-07 12:45:00,322.21,322.22,322.21,322.22,0.0,59.66,19217.16,1
2026-08-07,2026-08-07 12:46:00,322.22,322.22,322.22,322.22,0.0,59.66,19217.16,0
2026-08-07,2026-08-07 12:47:00,322.22,322.23,322.22,322.23,0.0,59.66,19217.16,1
2026-08-07,2026-08-07 12:48:00,322.23,322.24,322.23,322.24,0.0,59.66,19217.16,1
2026-08-07,2026-08-07 12:49:00,322.24,322.24,322.24,322.24,0.0,59.66,19217.16,0
2026-08-07,2026-08-07 12:50:00,322.24,322.25,322.24,322.25,0.0,59.66,19217.16,1
2026-08-07,2026-08-07 12:51:00,322.25,322.25,322.25,322.25,0.0,59.66,19217.16,0
2026-08-07,2026-08-07 12:52:00,322.25,322.26,322.25,322.26,0.0,59.66,19217.16,1
2026-08-07,2026-08-07 12:53:00,322.26,322.26,322.26,322.26,0.0,59.66,19217.16,0
2026-08-07,2026-08-07 12:54:00,322.26,322.27,322.26,322.27,0.0,59.66,19217.16,1
2026-08-07,2026-08-07 12:55:00,322.27,322.28,322.27,322.28,0.0,59.66,19217.16,1
2026-08-07,2026-08-07 12:56:00,322.28,322.28,322.28,322.28,0.0,59.66,19217.16,0
2026-08-07,2026-08-07 12:57:00,322.28,322.29,322.28,322.29,0.0,59.66,19217.16,1
2026-08-07,2026-08-07 12:58:00,322.29,322.29,322.29,322.29,0.0,59.66,19217.16,0
2026-08-07,2026-08-07 12:59:00,322.29,322.3,322.29,322.3,0.0,59.66,19217.16,1
2026-08-07,2026-08-07 13:00:00,322.3,325.0,320.0,322.31,0.0,59.66,19217.16,1
2026-08-07,2026-08-07 13:01:00,322.31,322.31,322.31,322.31,0.0,59.66,19217.16,0
2026-08-07,2026-08-07 13:02:00,322.31,322.32,322.31,322.32,0.0,59.66,19217.16,1
2026-08-07,2026-08-07 13:03:00,322.32,322.32,322.32,322.32,0.0,59.66,19217.16,0
2026-08-07,2026-08-07 13:04:00,322.32,322.33,322.32,322.33,0.0,59.66,19217.16,1
2026-08-07,2026-08-07 13:05:00,322.33,322.34,322.33,322.34,0.0,59.66,19217.16,1
2026-08-07,2026-08-07 13:06:00,322.34,322.34,322.34,322.34,0.0,59.66,19217.16,0
2026-08-07,2026-08-07 13:07:00,322.34,322.35,322.34,322.35,0.0,59.66,19217.16,1
2026-08-07,2026-08-07 13:08:00,322.35,322.35,322.35,322.35,0.0,59.66,19217.16,0
2026-08-07,2026-08-07 13:09:00,322.35,322.36,322.35,322.36,0.0,59.66,19217.16,1
2026-08-07,2026-08-07 13:10:00,322.36,322.36,322.36,322.36,0.0,59.66,19217.16,0
2026-08-07,2026-08-07 13:11:00,322.36,322.37,322.36,322.37,0.0,59.66,19217.16,1
2026-08-07,2026-08-07 13:12:00,322.37,322.38,322.37,322.38,0.0,59.66,19217.16,1
2026-08-07,2026-08-07 13:13:00,322.38,322.38,322.38,322.38,0.0,59.66,19217.16,0
2026-08-07,2026-08-07 13:14:00,322.38,322.39,322.38,322.39,0.0,59.66,19217.16,1
2026-08-07,2026-08-07 13:15:00,322.39,322.39,322.39,322.39,0.0,59.66,19217.16,0
2026-08-07,2026-08-07 13:16:00,322.39,322.4,322.39,322.4,0.0,59.66,19217.16,1
2026-08-07,2026-08-07 13:17:00,322.4,322.41,322.4,322.41,0.0,59.66,19217.16,1
2026-08-07,2026-08-07 13:18:00,322.41,322.41,322.41,322.41,0.0,59.66,19217.16,0
2026-08-07,2026-08-07 13:19:00,322.41,322.42,322.41,322.42,0.0,59.66,19217.16,1
2026-08-07,2026-08-07 13:20:00,322.42,322.42,322.42,322.42,0.0,59.66,19217.16,0
2026-08-07,2026-08-07 13:21:00,322.42,322.43,322.42,322.43,0.0,59.66,19217.16,1
2026-08-07,2026-08-07 13:22:00,322.43,322.43,322.43,322.43,0.0,59.66,19217.16,0
2026-08-07,2026-08-07 13:23:00,322.43,322.44,322.43,322.44,0.0,59.66,19217.16,1
2026-08-07,2026-08-07 13:24:00,322.44,322.45,322.44,322.45,0.0,59.66,19217.16,1
2026-08-07,2026-08-07 13:25:00,322.45,322.45,322.45,322.45,0.0,59.66,19217.16,0
2026-08-07,2026-08-07 13:26:00,322.45,322.46,322.45,322.46,0.0,59.66,19217.16,1
2026-08-07,2026-08-07 13:27:00,322.46,322.46,322.46,322.46,0.0,59.66,19217.16,0
2026-08-07,2026-08-07 13:28:00,322.46,322.47,322.46,322.47,0.0,59.66,19217.16,1
2026-08-07,2026-08-07 13:29:00,322.47,322.48,322.47,322.48,0.0,59.66,19217.16,1
2026-08-07,2026-08-07 13:30:00,322.48,322.48,322.48,322.48,0.0,59.66,19217.16,0
2026-08-07,2026-08-07 13:31:00,322.48,322.49,322.48,322.49,0.0,59.66,19217.16,1
2026-08-07,2026-08-07 13:32:00,322.49,322.49,322.49,322.49,0.0,59.66,19217.16,0
2026-08-07,2026-08-07 13:33:00,322.49,322.5,322.49,322.5,0.0,59.66,19217.16,1
2026-08-07,2026-08-07 13:34:00,322.5,322.5,322.5,322.5,0.0,59.66,19217.16,0
2026-08-07,2026-08-07 13:35:00,322.5,322.51,322.5,322.51,0.0,59.66,19217.16,1
2026-08-07,2026-08-07 13:36:00,322.51,322.52,322.51,322.52,0.0,59.66,19217.16,1
2026-08-07,2026-08-07 13:37:00,322.52,322.52,322.52,322.52,0.0,59.66,19217.16,0
2026-08-07,2026-08-07 13:38:00,322.52,322.53,322.52,322.53,0.0,59.66,19217.16,1
2026-08-07,2026-08-07 13:39:00,322.53,322.53,322.53,322.53,0.0,59.66,19217.16,0
2026-08-07,2026-08-07 13:40:00,322.53,322.54,322.53,322.54,0.0,59.66,19217.16,1
2026-08-07,2026-08-07 13:41:00,322.54,322.55,322.54,322.55,0.0,59.66,19217.16,1
2026-08-07,2026-08-07 13:42:00,322.55,322.55,322.55,322.55,0.0,59.66,19217.16,0
2026-08-07,2026-08-07 13:43:00,322.55,322.56,322.55,322.56,0.0,59.66,19217.16,1
2026-08-07,2026-08-07 13:44:00,322.56,322.56,322.56,322.56,0.0,59.66,19217.16,0
2026-08-07,2026-08-07 13:45:00,322.56,322.57,322.56,322.57,0.0,59.66,19217.16,1
2026-08-07,2026-08-07 13:46:00,322.57,322.57,322.57,322.57,0.0,59.66,19217.16,0
2026-08-07,2026-08-07 13:47:00,322.57,322.58,322.57,322.58,0.0,59.66,19217.16,1
2026-08-07,2026-08-07 13:48:00,322.58,322.59,322.58,322.59,0.0,59.66,19217.16,1
2026-08-07,2026-08-07 13:49:00,322.59,322.59,322.59,322.59,0.0,59.66,19217.16,0
2026-08-07,2026-08-07 13:50:00,322.59,322.6,322.59,322.6,0.0,59.66,19217.16,1
2026-08-07,2026-08-07 13:51:00,322.6,322.6,322.6,322.6,0.0,59.66,19217.16,0
2026-08-07,2026-08-07 13:52:00,322.6,322.61,322.6,322.61,0.0,59.66,19217.16,1
2026-08-07,2026-08-07 13:53:00,322.61,322.62,322.61,322.62,0.0,59.66,19217.16,1
2026-08-07,2026-08-07 13:54:00,322.62,322.62,322.62,322.62,0.0,59.66,19217.16,0
2026-08-07,2026-08-07 13:55:00,322.62,322.63,322.62,322.63,0.0,59.66,19217.16,1
2026-08-07,2026-08-07 13:56:00,322.63,322.63,322.63,322.63,0.0,59.66,19217.16,0
2026-08-07,2026-08-07 13:57:00,322.63,322.64,322.63,322.64,0.0,59.66,19217.16,1
2026-08-07,2026-08-07 13:58:00,322.64,322.64,322.64,322.64,0.0,59.66,19217.16,0
2026-08-07,2026-08-07 13:59:00,322.64,322.65,322.64,322.65,0.0,59.66,19217.16,1
2026-08-07,2026-08-07 14:00:00,322.65,322.66,322.65,322.66,0.0,59.66,19217.16,1
2026-08-07,2026-08-07 14:01:00,322.66,322.66,322.66,322.66,0.0,59.66,19217.16,0
2026-08-07,2026-08-07 14:02:00,322.66,322.67,322.66,322.67,0.0,59.66,19217.16,1
2026-08-07,2026-08-07 14:03:00,322.67,322.67,322.67,322.67,0.0,59.66,19217.16,0
2026-08-07,2026-08-07 14:04:00,322.67,322.68,322.67,322.68,0.0,59.66,19217.16,1
2026-08-07,2026-08-07 14:05:00,322.68,322.69,322.68,322.69,0.0,59.66,19217.16,1
2026-08-07,2026-08-07 14:06:00,322.69,322.69,322.69,322.69,0.0,59.66,19217.16,0
2026-08-07,2026-08-07 14:07:00,322.69,322.7,322.69,322.7,0.0,59.66,19217.16,1
2026-08-07,2026-08-07 14:08:00,322.7,322.7,322.7,322.7,0.0,59.66,19217.16,0
2026-08-07,2026-08-07 14:09:00,322.7,322.71,322.7,322.71,0.0,59.66,19217.16,1
2026-08-07,2026-08-07 14:10:00,322.71,322.71,322.71,322.71,0.0,59.66,19217.16,0
2026-08-07,2026-08-07 14:11:00,322.71,322.72,322.71,322.72,0.0,59.66,19217.16,1
2026-08-07,2026-08-07 14:12:00,322.72,322.73,322.72,322.73,0.0,59.66,19217.16,1
2026-08-07,2026-08-07 14:13:00,322.73,322.73,322.73,322.73,0.0,59.66,19217.16,0
2026-08-07,2026-08-07 14:14:00,322.73,322.74,322.73,322.74,0.0,59.66,19217.16,1
2026-08-07,2026-08-07 14:15:00,322.74,322.74,322.74,322.74,0.0,59.66,19217.16,0
2026-08-07,2026-08-07 14:16:00,322.74,322.75,322.74,322.75,0.0,59.66,19217.16,1
2026-08-07,2026-08-07 14:17:00,322.75,322.75,322.75,322.75,0.0,59.66,19217.16,0
2026-08-07,2026-08-07 14:18:00,322.75,322.76,322.75,322.76,0.0,59.66,19217.16,1
2026-08-07,2026-08-07 14:19:00,322.76,322.77,322.76,322.77,0.0,59.66,19217.16,1
2026-08-07,2026-08-07 14:20:00,322.77,322.77,322.77,322.77,0.0,59.66,19217.16,0
2026-08-07,2026-08-07 14:21:00,322.77,322.78,322.77,322.78,0.0,59.66,19217.16,1
2026-08-07,2026-08-07 14:22:00,322.78,322.78,322.78,322.78,0.0,59.66,19217.16,0
2026-08-07,2026-08-07 14:23:00,322.78,322.79,322.78,322.79,0.0,59.66,19217.16,1
2026-08-07,2026-08-07 14:24:00,322.79,322.8,322.79,322.8,0.0,59.66,19217.16,1
2026-08-07,2026-08-07 14:25:00,322.8,322.8,322.8,322.8,0.0,59.66,19217.16,0
2026-08-07,2026-08-07 14:26:00,322.8,322.81,322.8,322.81,0.0,59.66,19217.16,1
2026-08-07,2026-08-07 14:27:00,322.81,322.81,322.81,322.81,0.0,59.66,19217.16,0
2026-08-07,2026-08-07 14:28:00,322.81,322.82,322.81,322.82,0.0,59.66,19217.16,1
2026-08-07,2026-08-07 14:29:00,322.82,322.82,322.82,322.82,0.0,59.66,19217.16,0
2026-08-07,2026-08-07 14:30:00,322.82,322.83,322.82,322.83,0.0,59.66,19217.16,1
2026-08-07,2026-08-07 14:31:00,322.83,322.84,322.83,322.84,0.0,59.66,19217.16,1
2026-08-07,2026-08-07 14:32:00,322.84,322.84,322.84,322.84,0.0,59.66,19217.16,0
2026-08-07,2026-08-07 14:33:00,322.84,322.85,322.84,322.85,0.0,59.66,19217.16,1
2026-08-07,2026-08-07 14:34:00,322.85,322.85,322.85,322.85,0.0,59.66,19217.16,0
2026-08-07,2026-08-07 14:35:00,322.85,322.86,322.85,322.86,0.0,59.66,19217.16,1
2026-08-07,2026-08-07 14:36:00,322.86,322.87,322.86,322.87,0.0,59.66,19217.16,1
2026-08-07,2026-08-07 14:37:00,322.87,322.87,322.87,322.87,0.0,59.66,19217.16,0
2026-08-07,2026-08-07 14:38:00,322.87,322.88,322.87,322.88,0.0,59.66,19217.16,1
2026-08-07,2026-08-07 14:39:00,322.88,322.88,322.88,322.88,0.0,59.66,19217.16,0
2026-08-07,2026-08-07 14:40:00,322.88,322.89,322.88,322.89,0.0,59.66,19217.16,1
2026-08-07,2026-08-07 14:41:00,322.89,322.89,322.89,322.89,0.0,59.66,19217.16,0
2026-08-07,2026-08-07 14:42:00,322.89,322.9,322.89,322.9,0.0,59.66,19217.16,1
2026-08-07,2026-08-07 14:43:00,322.9,322.91,322.9,322.91,0.0,59.66,19217.16,1
2026-08-07,2026-08-07 14:44:00,322.91,322.91,322.91,322.91,0.0,59.66,19217.16,0
2026-08-07,2026-08-07 14:45:00,322.91,322.92,322.91,322.92,0.0,59.66,19217.16,1
2026-08-07,2026-08-07 14:46:00,322.92,322.92,322.92,322.92,0.0,59.66,19217.16,0
2026-08-07,2026-08-07 14:47:00,322.92,322.93,322.92,322.93,0.0,59.66,19217.16,1
2026-08-07,2026-08-07 14:48:00,322.93,322.94,322.93,322.94,0.0,59.66,19217.16,1
2026-08-07,2026-08-07 14:49:00,322.94,322.94,322.94,322.94,0.0,59.66,19217.16,0
2026-08-07,2026-08-07 14:50:00,322.94,322.95,322.94,322.95,0.0,59.66,19217.16,1
2026-08-07,2026-08-07 14:51:00,322.95,322.95,322.95,322.95,0.0,59.66,19217.16,0
2026-08-07,2026-08-07 14:52:00,322.95,322.96,322.95,322.96,0.0,59.66,19217.16,1
2026-08-07,2026-08-07 14:53:00,322.96,322.96,322.96,322.96,0.0,59.66,19217.16,0
2026-08-07,2026-08-07 14:54:00,322.96,322.97,322.96,322.97,0.0,59.66,19217.16,1
2026-08-07,2026-08-07 14:55:00,322.97,322.98,322.97,322.98,0.0,59.66,19217.16,1
2026-08-07,2026-08-07 14:56:00,322.98,322.98,322.98,322.98,0.0,59.66,19217.16,0
2026-08-07,2026-08-07 14:57:00,322.98,322.99,322.98,322.99,0.0,59.66,19217.16,1
2026-08-07,2026-08-07 14:58:00,322.99,322.99,322.99,322.99,0.0,59.66,19217.16,0
2026-08-07,2026-08-07 14:59:00,322.99,323.0,322.99,323.0,0.0,59.66,19217.16,1
2026-08-07,2026-08-07 15:00:00,323.0,325.0,320.0,323.0,0.0,59.66,19217.16,0
2026-08-10,2026-08-10 11:00:00,320.0,320.9,319.43,320.0,0.0,54.77,17496.07,0
2026-08-10,2026-08-10 11:01:00,320.0,320.0,319.99,319.99,-0.0,54.77,17496.07,-1
2026-08-10,2026-08-10 11:02:00,319.99,319.99,319.99,319.99,0.0,54.77,17496.07,0
2026-08-10,2026-08-10 11:03:00,319.99,319.99,319.99,319.99,0.0,54.77,17496.07,0
2026-08-10,2026-08-10 11:04:00,319.99,319.99,319.98,319.98,-0.0,54.77,17496.07,-1
2026-08-10,2026-08-10 11:05:00,319.98,319.98,319.98,319.98,0.0,54.77,17496.07,0
2026-08-10,2026-08-10 11:06:00,319.98,319.98,319.97,319.97,-0.0,54.77,17496.07,-1
2026-08-10,2026-08-10 11:07:00,319.97,319.97,319.97,319.97,0.0,54.77,17496.07,0
2026-08-10,2026-08-10 11:08:00,319.97,319.97,319.97,319.97,0.0,54.77,17496.07,0
2026-08-10,2026-08-10 11:09:00,319.97,319.97,319.96,319.96,-0.0,54.77,17496.07,-1
2026-08-10,2026-08-10 11:10:00,319.96,319.96,319.96,319.96,0.0,54.77,17496.07,0
2026-08-10,2026-08-10 11:11:00,319.96,319.96,319.95,319.95,-0.0,54.77,17496.07,-1
2026-08-10,2026-08-10 11:12:00,319.95,319.95,319.95,319.95,0.0,54.77,17496.07,0
2026-08-10,2026-08-10 11:13:00,319.95,319.95,319.95,319.95,0.0,54.77,17496.07,0
2026-08-10,2026-08-10 11:14:00,319.95,319.95,319.94,319.94,-0.0,54.77,17496.07,-1
2026-08-10,2026-08-10 11:15:00,319.94,319.94,319.94,319.94,0.0,54.77,17496.07,0
2026-08-10,2026-08-10 11:16:00,319.94,319.94,319.94,319.94,0.0,54.77,17496.07,0
2026-08-10,2026-08-10 11:17:00,319.94,319.94,319.93,319.93,-0.0,54.77,17496.07,-1
2026-08-10,2026-08-10 11:18:00,319.93,319.93,319.93,319.93,0.0,54.77,17496.07,0
2026-08-10,2026-08-10 11:19:00,319.93,319.93,319.93,319.93,0.0,54.77,17496.07,0
2026-08-10,2026-08-10 11:20:00,319.93,319.93,319.92,319.92,-0.0,54.77,17496.07,-1
2026-08-10,2026-08-10 11:21:00,319.92,319.92,319.92,319.92,0.0,54.77,17496.07,0
2026-08-10,2026-08-10 11:22:00,319.92,319.92,319.91,319.91,-0.0,54.77,17496.07,-1
2026-08-10,2026-08-10 11:23:00,319.91,319.91,319.91,319.91,0.0,54.77,17496.07,0
2026-08-10,2026-08-10 11:24:00,319.91,319.91,319.91,319.91,0.0,54.77,17496.07,0
2026-08-10,2026-08-10 11:25:00,319.91,319.91,319.9,319.9,-0.0,54.77,17496.07,-1
2026-08-10,2026-08-10 11:26:00,319.9,319.9,319.9,319.9,0.0,54.77,17496.07,0
2026-08-10,2026-08-10 11:27:00,319.9,319.9,319.89,319.89,-0.0,54.77,17496.07,-1
2026-08-10,2026-08-10 11:28:00,319.89,319.89,319.89,319.89,0.0,54.77,17496.07,0
2026-08-10,2026-08-10 11:29:00,319.89,319.89,319.89,319.89,0.0,54.77,17496.07,0
2026-08-10,2026-08-10 11:30:00,319.89,319.89,319.88,319.88,-0.0,54.77,17496.07,-1
2026-08-10,2026-08-10 11:31:00,319.88,319.88,319.88,319.88,0.0,54.77,17496.07,0
2026-08-10,2026-08-10 11:32:00,319.88,319.88,319.88,319.88,0.0,54.77,17496.07,0
2026-08-10,2026-08-10 11:33:00,319.88,319.88,319.87,319.87,-0.0,54.77,17496.07,-1
2026-08-10,2026-08-10 11:34:00,319.87,319.87,319.87,319.87,0.0,54.77,17496.07,0
2026-08-10,2026-08-10 11:35:00,319.87,319.87,319.87,319.87,0.0,54.77,17496.07,0
2026-08-10,2026-08-10 11:36:00,319.87,319.87,319.86,319.86,-0.0,54.77,17496.07,-1
2026-08-10,2026-08-10 11:37:00,319.86,319.86,319.86,319.86,0.0,54.77,17496.07,0
2026-08-10,2026-08-10 11:38:00,319.86,319.86,319.85,319.85,-0.0,54.77,17496.07,-1
2026-08-10,2026-08-10 11:39:00,319.85,319.85,319.85,319.85,0.0,54.77,17496.07,0
2026-08-10,2026-08-10 11:40:00,319.85,319.85,319.85,319.85,0.0,54.77,17496.07,0
2026-08-10,2026-08-10 11:41:00,319.85,319.85,319.84,319.84,-0.0,54.77,17496.07,-1
2026-08-10,2026-08-10 11:42:00,319.84,319.84,319.84,319.84,0.0,54.77,17496.07,0
2026-08-10,2026-08-10 11:43:00,319.84,319.84,319.83,319.83,-0.0,54.77,17496.07,-1
2026-08-10,2026-08-10 11:44:00,319.83,319.83,319.83,319.83,0.0,54.77,17496.07,0
2026-08-10,2026-08-10 11:45:00,319.83,319.83,319.83,319.83,0.0,54.77,17496.07,0
2026-08-10,2026-08-10 11:46:00,319.83,319.83,319.82,319.82,-0.0,54.77,17496.07,-1
2026-08-10,2026-08-10 11:47:00,319.82,319.82,319.82,319.82,0.0,54.77,17496.07,0
2026-08-10,2026-08-10 11:48:00,319.82,319.82,319.82,319.82,0.0,54.77,17496.07,0
2026-08-10,2026-08-10 11:49:00,319.82,319.82,319.81,319.81,-0.0,54.77,17496.07,-1
2026-08-10,2026-08-10 11:50:00,319.81,319.81,319.81,319.81,0.0,54.77,17496.07,0
2026-08-10,2026-08-10 11:51:00,319.81,319.81,319.81,319.81,0.0,54.77,17496.07,0
2026-08-10,2026-08-10 11:52:00,319.81,319.81,319.8,319.8,-0.0,54.77,17496.07,-1
2026-08-10,2026-08-10 11:53:00,319.8,319.8,319.8,319.8,0.0,54.77,17496.07,0
2026-08-10,2026-08-10 11:54:00,319.8,319.8,319.79,319.79,-0.0,54.77,17496.07,-1
2026-08-10,2026-08-10 11:55:00,319.79,319.79,319.79,319.79,0.0,54.77,17496.07,0
2026-08-10,2026-08-10 11:56:00,319.79,319.79,319.79,319.79,0.0,54.77,17496.07,0
2026-08-10,2026-08-10 11:57:00,319.79,319.79,319.78,319.78,-0.0,54.77,17496.07,-1
2026-08-10,2026-08-10 11:58:00,319.78,319.78,319.78,319.78,0.0,54.77,17496.07,0
2026-08-10,2026-08-10 11:59:00,319.78,319.78,319.77,319.77,-0.0,54.77,17496.07,-1
2026-08-10,2026-08-10 12:00:00,319.77,319.77,319.77,319.77,0.0,54.77,17496.07,0
2026-08-10,2026-08-10 12:01:00,319.77,319.77,319.77,319.77,0.0,54.77,17496.07,0
2026-08-10,2026-08-10 12:02:00,319.77,319.77,319.76,319.76,-0.0,54.77,17496.07,-1
2026-08-10,2026-08-10 12:03:00,319.76,319.76,319.76,319.76,0.0,54.77,17496.07,0
2026-08-10,2026-08-10 12:04:00,319.76,319.76,319.76,319.76,0.0,54.77,17496.07,0
2026-08-10,2026-08-10 12:05:00,319.76,319.76,319.75,319.75,-0.0,54.77,17496.07,-1
2026-08-10,2026-08-10 12:06:00,319.75,319.75,319.75,319.75,0.0,54.77,17496.07,0
2026-08-10,2026-08-10 12:07:00,319.75,319.75,319.75,319.75,0.0,54.77,17496.07,0
2026-08-10,2026-08-10 12:08:00,319.75,319.75,319.74,319.74,-0.0,54.77,17496.07,-1
2026-08-10,2026-08-10 12:09:00,319.74,319.74,319.74,319.74,0.0,54.77,17496.07,0
2026-08-10,2026-08-10 12:10:00,319.74,319.74,319.73,319.73,-0.0,54.77,17496.07,-1
2026-08-10,2026-08-10 12:11:00,319.73,319.73,319.73,319.73,0.0,54.77,17496.07,0
2026-08-10,2026-08-10 12:12:00,319.73,319.73,319.73,319.73,0.0,54.77,17496.07,0
2026-08-10,2026-08-10 12:13:00,319.73,319.73,319.72,319.72,-0.0,54.77,17496.07,-1
2026-08-10,2026-08-10 12:14:00,319.72,319.72,319.72,319.72,0.0,54.77,17496.07,0
2026-08-10,2026-08-10 12:15:00,319.72,319.72,319.72,319.72,0.0,54.77,17496.07,0
2026-08-10,2026-08-10 12:16:00,319.72,319.72,319.71,319.71,-0.0,54.77,17496.07,-1
2026-08-10,2026-08-10 12:17:00,319.71,319.71,319.71,319.71,0.0,54.77,17496.07,0
2026-08-10,2026-08-10 12:18:00,319.71,319.71,319.7,319.7,-0.0,54.77,17496.07,-1
2026-08-10,2026-08-10 12:19:00,319.7,319.7,319.7,319.7,0.0,54.77,17496.07,0
2026-08-10,2026-08-10 12:20:00,319.7,319.7,319.7,319.7,0.0,54.77,17496.07,0
2026-08-10,2026-08-10 12:21:00,319.7,319.7,319.69,319.69,-0.0,54.77,17496.07,-1
2026-08-10,2026-08-10 12:22:00,319.69,319.69,319.69,319.69,0.0,54.77,17496.07,0
2026-08-10,2026-08-10 12:23:00,319.69,319.69,319.69,319.69,0.0,54.77,17496.07,0
2026-08-10,2026-08-10 12:24:00,319.69,319.69,319.68,319.68,-0.0,54.77,17496.07,-1
2026-08-10,2026-08-10 12:25:00,319.68,319.68,319.68,319.68,0.0,54.77,17496.07,0
2026-08-10,2026-08-10 12:26:00,319.68,319.68,319.67,319.67,-0.0,54.77,17496.07,-1
2026-08-10,2026-08-10 12:27:00,319.67,319.67,319.67,319.67,0.0,54.77,17496.07,0
2026-08-10,2026-08-10 12:28:00,319.67,319.67,319.67,319.67,0.0,54.77,17496.07,0
2026-08-10,2026-08-10 12:29:00,319.67,319.67,319.66,319.66,-0.0,54.77,17496.07,-1
2026-08-10,2026-08-10 12:30:00,319.66,319.66,319.66,319.66,0.0,54.77,17496.07,0
2026-08-10,2026-08-10 12:31:00,319.66,319.66,319.66,319.66,0.0,54.77,17496.07,0
2026-08-10,2026-08-10 12:32:00,319.66,319.66,319.65,319.65,-0.0,54.77,17496.07,-1
2026-08-10,2026-08-10 12:33:00,319.65,319.65,319.65,319.65,0.0,54.77,17496.07,0
2026-08-10,2026-08-10 12:34:00,319.65,319.65,319.64,319.64,-0.0,54.77,17496.07,-1
2026-08-10,2026-08-10 12:35:00,319.64,319.64,319.64,319.64,0.0,54.77,17496.07,0
2026-08-10,2026-08-10 12:36:00,319.64,319.64,319.64,319.64,0.0,54.77,17496.07,0
2026-08-10,2026-08-10 12:37:00,319.64,319.64,319.63,319.63,-0.0,54.77,17496.07,-1
2026-08-10,2026-08-10 12:38:00,319.63,319.63,319.63,319.63,0.0,54.77,17496.07,0
2026-08-10,2026-08-10 12:39:00,319.63,319.63,319.62,319.62,-0.0,54.77,17496.07,-1
2026-08-10,2026-08-10 12:40:00,319.62,319.62,319.62,319.62,0.0,54.77,17496.07,0
2026-08-10,2026-08-10 12:41:00,319.62,319.62,319.62,319.62,0.0,54.77,17496.07,0
2026-08-10,2026-08-10 12:42:00,319.62,319.62,319.61,319.61,-0.0,54.77,17496.07,-1
2026-08-10,2026-08-10 12:43:00,319.61,319.61,319.61,319.61,0.0,54.77,17496.07,0
2026-08-10,2026-08-10 12:44:00,319.61,319.61,319.61,319.61,0.0,54.77,17496.07,0
2026-08-10,2026-08-10 12:45:00,319.61,319.61,319.6,319.6,-0.0,54.77,17496.07,-1
2026-08-10,2026-08-10 12:46:00,319.6,319.6,319.6,319.6,0.0,54.77,17496.07,0
2026-08-10,2026-08-10 12:47:00,319.6,319.6,319.6,319.6,0.0,54.77,17496.07,0
2026-08-10,2026-08-10 12:48:00,319.6,319.6,319.59,319.59,-0.0,54.77,17496.07,-1
2026-08-10,2026-08-10 12:49:00,319.59,319.59,319.59,319.59,0.0,54.77,17496.07,0
2026-08-10,2026-08-10 12:50:00,319.59,319.59,319.58,319.58,-0.0,54.77,17496.07,-1
2026-08-10,2026-08-10 12:51:00,319.58,319.58,319.58,319.58,0.0,54.77,17496.07,0
2026-08-10,2026-08-10 12:52:00,319.58,319.58,319.58,319.58,0.0,54.77,17496.07,0
2026-08-10,2026-08-10 12:53:00,319.58,319.58,319.57,319.57,-0.0,54.77,17496.07,-1
2026-08-10,2026-08-10 12:54:00,319.57,319.57,319.57,319.57,0.0,54.77,17496.07,0
2026-08-10,2026-08-10 12:55:00,319.57,319.57,319.56,319.56,-0.0,54.77,17496.07,-1
2026-08-10,2026-08-10 12:56:00,319.56,319.56,319.56,319.56,0.0,54.77,17496.07,0
2026-08-10,2026-08-10 12:57:00,319.56,319.56,319.56,319.56,0.0,54.77,17496.07,0
2026-08-10,2026-08-10 12:58:00,319.56,319.56,319.55,319.55,-0.0,54.77,17496.07,-1
2026-08-10,2026-08-10 12:59:00,319.55,319.55,319.55,319.55,0.0,54.77,17496.07,0
2026-08-10,2026-08-10 13:00:00,319.55,323.0,318.1,319.55,0.0,54.77,17496.07,0
2026-08-10,2026-08-10 13:01:00,319.55,319.55,319.54,319.54,-0.0,54.77,17496.07,-1
2026-08-10,2026-08-10 13:02:00,319.54,319.54,319.54,319.54,0.0,54.77,17496.07,0
2026-08-10,2026-08-10 13:03:00,319.54,319.54,319.54,319.54,0.0,54.77,17496.07,0
2026-08-10,2026-08-10 13:04:00,319.54,319.54,319.53,319.53,-0.0,54.77,17496.07,-1
2026-08-10,2026-08-10 13:05:00,319.53,319.53,319.53,319.53,0.0,54.77,17496.07,0
2026-08-10,2026-08-10 13:06:00,319.53,319.53,319.52,319.52,-0.0,54.77,17496.07,-1
2026-08-10,2026-08-10 13:07:00,319.52,319.52,319.52,319.52,0.0,54.77,17496.07,0
2026-08-10,2026-08-10 13:08:00,319.52,319.52,319.52,319.52,0.0,54.77,17496.07,0
2026-08-10,2026-08-10 13:09:00,319.52,319.52,319.51,319.51,-0.0,54.77,17496.07,-1
2026-08-10,2026-08-10 13:10:00,319.51,319.51,319.51,319.51,0.0,54.77,17496.07,0
2026-08-10,2026-08-10 13:11:00,319.51,319.51,319.5,319.5,-0.0,54.77,17496.07,-1
2026-08-10,2026-08-10 13:12:00,319.5,319.5,319.5,319.5,0.0,54.77,17496.07,0
2026-08-10,2026-08-10 13:13:00,319.5,319.5,319.5,319.5,0.0,54.77,17496.07,0
2026-08-10,2026-08-10 13:14:00,319.5,319.5,319.49,319.49,-0.0,54.77,17496.07,-1
2026-08-10,2026-08-10 13:15:00,319.49,319.49,319.49,319.49,0.0,54.77,17496.07,0
2026-08-10,2026-08-10 13:16:00,319.49,319.49,319.49,319.49,0.0,54.77,17496.07,0
2026-08-10,2026-08-10 13:17:00,319.49,319.49,319.48,319.48,-0.0,54.77,17496.07,-1
2026-08-10,2026-08-10 13:18:00,319.48,319.48,319.48,319.48,0.0,54.77,17496.07,0
2026-08-10,2026-08-10 13:19:00,319.48,319.48,319.48,319.48,0.0,54.77,17496.07,0
2026-08-10,2026-08-10 13:20:00,319.48,319.48,319.47,319.47,-0.0,54.77,17496.07,-1
2026-08-10,2026-08-10 13:21:00,319.47,319.47,319.47,319.47,0.0,54.77,17496.07,0
2026-08-10,2026-08-10 13:22:00,319.47,319.47,319.46,319.46,-0.0,54.77,17496.07,-1
2026-08-10,2026-08-10 13:23:00,319.46,319.46,319.46,319.46,0.0,54.77,17496.07,0
2026-08-10,2026-08-10 13:24:00,319.46,319.46,319.46,319.46,0.0,54.77,17496.07,0
2026-08-10,2026-08-10 13:25:00,319.46,319.46,319.45,319.45,-0.0,54.77,17496.07,-1
2026-08-10,2026-08-10 13:26:00,319.45,319.45,319.45,319.45,0.0,54.77,17496.07,0
2026-08-10,2026-08-10 13:27:00,319.45,319.45,319.44,319.44,-0.0,54.77,17496.07,-1
2026-08-10,2026-08-10 13:28:00,319.44,319.44,319.44,319.44,0.0,54.77,17496.07,0
2026-08-10,2026-08-10 13:29:00,319.44,319.44,319.44,319.44,0.0,54.77,17496.07,0
2026-08-10,2026-08-10 13:30:00,319.44,319.44,319.43,319.43,-0.0,54.77,17496.07,-1
2026-08-10,2026-08-10 13:31:00,319.43,319.43,319.43,319.43,0.0,54.77,17496.07,0
2026-08-10,2026-08-10 13:32:00,319.43,319.43,319.43,319.43,0.0,54.77,17496.07,0
2026-08-10,2026-08-10 13:33:00,319.43,319.43,319.42,319.42,-0.0,54.77,17496.07,-1
2026-08-10,2026-08-10 13:34:00,319.42,319.42,319.42,319.42,0.0,54.77,17496.07,0
2026-08-10,2026-08-10 13:35:00,319.42,319.42,319.42,319.42,0.0,54.77,17496.07,0
2026-08-10,2026-08-10 13:36:00,319.42,319.42,319.41,319.41,-0.0,54.77,17496.07,-1
2026-08-10,2026-08-10 13:37:00,319.41,319.41,319.41,319.41,0.0,54.77,17496.07,0
2026-08-10,2026-08-10 13:38:00,319.41,319.41,319.4,319.4,-0.0,54.77,17496.07,-1
2026-08-10,2026-08-10 13:39:00,319.4,319.4,319.4,319.4,0.0,54.77,17496.07,0
2026-08-10,2026-08-10 13:40:00,319.4,319.4,319.4,319.4,0.0,54.77,17496.07,0
2026-08-10,2026-08-10 13:41:00,319.4,319.4,319.39,319.39,-0.0,54.77,17496.07,-1
2026-08-10,2026-08-10 13:42:00,319.39,319.39,319.39,319.39,0.0,54.77,17496.07,0
2026-08-10,2026-08-10 13:43:00,319.39,319.39,319.38,319.38,-0.0,54.77,17496.07,-1
2026-08-10,2026-08-10 13:44:00,319.38,319.38,319.38,319.38,0.0,54.77,17496.07,0
2026-08-10,2026-08-10 13:45:00,319.38,319.38,319.38,319.38,0.0,54.77,17496.07,0
2026-08-10,2026-08-10 13:46:00,319.38,319.38,319.37,319.37,-0.0,54.77,17496.07,-1
2026-08-10,2026-08-10 13:47:00,319.37,319.37,319.37,319.37,0.0,54.77,17496.07,0
2026-08-10,2026-08-10 13:48:00,319.37,319.37,319.37,319.37,0.0,54.77,17496.07,0
2026-08-10,2026-08-10 13:49:00,319.37,319.37,319.36,319.36,-0.0,54.77,17496.07,-1
2026-08-10,2026-08-10 13:50:00,319.36,319.36,319.36,319.36,0.0,54.77,17496.07,0
2026-08-10,2026-08-10 13:51:00,319.36,319.36,319.36,319.36,0.0,54.77,17496.07,0
2026-08-10,2026-08-10 13:52:00,319.36,319.36,319.35,319.35,-0.0,54.77,17496.07,-1
2026-08-10,2026-08-10 13:53:00,319.35,319.35,319.35,319.35,0.0,54.77,17496.07,0
2026-08-10,2026-08-10 13:54:00,319.35,319.35,319.34,319.34,-0.0,54.77,17496.07,-1
2026-08-10,2026-08-10 13:55:00,319.34,319.34,319.34,319.34,0.0,54.77,17496.07,0
2026-08-10,2026-08-10 13:56:00,319.34,319.34,319.34,319.34,0.0,54.77,17496.07,0
2026-08-10,2026-08-10 13:57:00,319.34,319.34,319.33,319.33,-0.0,54.77,17496.07,-1
2026-08-10,2026-08-10 13:58:00,319.33,319.33,319.33,319.33,0.0,54.77,17496.07,0
2026-08-10,2026-08-10 13:59:00,319.33,319.33,319.33,319.33,0.0,54.77,17496.07,0
2026-08-10,2026-08-10 14:00:00,319.33,319.33,319.32,319.32,-0.0,54.77,17496.07,-1
2026-08-10,2026-08-10 14:01:00,319.32,319.32,319.32,319.32,0.0,54.77,17496.07,0
2026-08-10,2026-08-10 14:02:00,319.32,319.32,319.31,319.31,-0.0,54.77,17496.07,-1
2026-08-10,2026-08-10 14:03:00,319.31,319.31,319.31,319.31,0.0,54.77,17496.07,0
2026-08-10,2026-08-10 14:04:00,319.31,319.31,319.31,319.31,0.0,54.77,17496.07,0
2026-08-10,2026-08-10 14:05:00,319.31,319.31,319.3,319.3,-0.0,54.77,17496.07,-1
2026-08-10,2026-08-10 14:06:00,319.3,319.3,319.3,319.3,0.0,54.77,17496.07,0
2026-08-10,2026-08-10 14:07:00,319.3,319.3,319.3,319.3,0.0,54.77,17496.07,0
2026-08-10,2026-08-10 14:08:00,319.3,319.3,319.29,319.29,-0.0,54.77,17496.07,-1
2026-08-10,2026-08-10 14:09:00,319.29,319.29,319.29,319.29,0.0,54.77,17496.07,0
2026-08-10,2026-08-10 14:10:00,319.29,319.29,319.28,319.28,-0.0,54.77,17496.07,-1
2026-08-10,2026-08-10 14:11:00,319.28,319.28,319.28,319.28,0.0,54.77,17496.07,0
2026-08-10,2026-08-10 14:12:00,319.28,319.28,319.28,319.28,0.0,54.77,17496.07,0
2026-08-10,2026-08-10 14:13:00,319.28,319.28,319.27,319.27,-0.0,54.77,17496.07,-1
2026-08-10,2026-08-10 14:14:00,319.27,319.27,319.27,319.27,0.0,54.77,17496.07,0
2026-08-10,2026-08-10 14:15:00,319.27,319.27,319.27,319.27,0.0,54.77,17496.07,0
2026-08-10,2026-08-10 14:16:00,319.27,319.27,319.26,319.26,-0.0,54.77,17496.07,-1
2026-08-10,2026-08-10 14:17:00,319.26,319.26,319.26,319.26,0.0,54.77,17496.07,0
2026-08-10,2026-08-10 14:18:00,319.26,319.26,319.25,319.25,-0.0,54.77,17496.07,-1
2026-08-10,2026-08-10 14:19:00,319.25,319.25,319.25,319.25,0.0,54.77,17496.07,0
2026-08-10,2026-08-10 14:20:00,319.25,319.25,319.25,319.25,0.0,54.77,17496.07,0
2026-08-10,2026-08-10 14:21:00,319.25,319.25,319.24,319.24,-0.0,54.77,17496.07,-1
2026-08-10,2026-08-10 14:22:00,319.24,319.24,319.24,319.24,0.0,54.77,17496.07,0
2026-08-10,2026-08-10 14:23:00,319.24,319.24,319.24,319.24,0.0,54.77,17496.07,0
2026-08-10,2026-08-10 14:24:00,319.24,319.24,319.23,319.23,-0.0,54.77,17496.07,-1
2026-08-10,2026-08-10 14:25:00,319.23,319.23,319.23,319.23,0.0,54.77,17496.07,0
2026-08-10,2026-08-10 14:26:00,319.23,319.23,319.22,319.22,-0.0,54.77,17496.07,-1
2026-08-10,2026-08-10 14:27:00,319.22,319.22,319.22,319.22,0.0,54.77,17496.07,0
2026-08-10,2026-08-10 14:28:00,319.22,319.22,319.22,319.22,0.0,54.77,17496.07,0
2026-08-10,2026-08-10 14:29:00,319.22,319.22,319.21,319.21,-0.0,54.77,17496.07,-1
2026-08-10,2026-08-10 14:30:00,319.21,319.21,319.21,319.21,0.0,54.77,17496.07,0
2026-08-10,2026-08-10 14:31:00,319.21,319.21,319.21,319.21,0.0,54.77,17496.07,0
2026-08-10,2026-08-10 14:32:00,319.21,319.21,319.2,319.2,-0.0,54.77,17496.07,-1
2026-08-10,2026-08-10 14:33:00,319.2,319.2,319.2,319.2,0.0,54.77,17496.07,0
2026-08-10,2026-08-10 14:34:00,319.2,319.2,319.19,319.19,-0.0,54.77,17496.07,-1
2026-08-10,2026-08-10 14:35:00,319.19,319.19,319.19,319.19,0.0,54.77,17496.07,0
2026-08-10,2026-08-10 14:36:00,319.19,319.19,319.19,319.19,0.0,54.77,17496.07,0
2026-08-10,2026-08-10 14:37:00,319.19,319.19,319.18,319.18,-0.0,54.77,17496.07,-1
2026-08-10,2026-08-10 14:38:00,319.18,319.18,319.18,319.18,0.0,54.77,17496.07,0
2026-08-10,2026-08-10 14:39:00,319.18,319.18,319.18,319.18,0.0,54.77,17496.07,0
2026-08-10,2026-08-10 14:40:00,319.18,319.18,319.17,319.17,-0.0,54.77,17496.07,-1
2026-08-10,2026-08-10 14:41:00,319.17,319.17,319.17,319.17,0.0,54.77,17496.07,0
2026-08-10,2026-08-10 14:42:00,319.17,319.17,319.16,319.16,-0.0,54.77,17496.07,-1
2026-08-10,2026-08-10 14:43:00,319.16,319.16,319.16,319.16,0.0,54.77,17496.07,0
2026-08-10,2026-08-10 14:44:00,319.16,319.16,319.16,319.16,0.0,54.77,17496.07,0
2026-08-10,2026-08-10 14:45:00,319.16,319.16,319.15,319.15,-0.0,54.77,17496.07,-1
2026-08-10,2026-08-10 14:46:00,319.15,319.15,319.15,319.15,0.0,54.77,17496.07,0
2026-08-10,2026-08-10 14:47:00,319.15,319.15,319.15,319.15,0.0,54.77,17496.07,0
2026-08-10,2026-08-10 14:48:00,319.15,319.15,319.14,319.14,-0.0,54.77,17496.07,-1
2026-08-10,2026-08-10 14:49:00,319.14,319.14,319.14,319.14,0.0,54.77,17496.07,0
2026-08-10,2026-08-10 14:50:00,319.14,319.14,319.13,319.13,-0.0,54.77,17496.07,-1
2026-08-10,2026-08-10 14:51:00,319.13,319.13,319.13,319.13,0.0,54.77,17496.07,0
2026-08-10,2026-08-10 14:52:00,319.13,319.13,319.13,319.13,0.0,54.77,17496.07,0
2026-08-10,2026-08-10 14:53:00,319.13,319.13,319.12,319.12,-0.0,54.77,17496.07,-1
2026-08-10,2026-08-10 14:54:00,319.12,319.12,319.12,319.12,0.0,54.77,17496.07,0
2026-08-10,2026-08-10 14:55:00,319.12,319.12,319.12,319.12,0.0,54.77,17496.07,0
2026-08-10,2026-08-10 14:56:00,319.12,319.12,319.11,319.11,-0.0,54.77,17496.07,-1
2026-08-10,2026-08-10 14:57:00,319.11,319.11,319.11,319.11,0.0,54.77,17496.07,0
2026-08-10,2026-08-10 14:58:00,319.11,319.11,319.1,319.1,-0.0,54.77,17496.07,-1
2026-08-10,2026-08-10 14:59:00,319.1,319.1,319.1,319.1,0.0,54.77,17496.07,0
2026-08-10,2026-08-10 15:00:00,319.1,323.0,318.1,319.1,0.0,54.77,17496.07,0
2026-08-11,2026-08-11 11:00:00,328.6,328.6,324.82,328.56,-0.01,59.66,19005.12,-1
2026-08-11,2026-08-11 11:01:00,328.56,328.56,328.51,328.51,-0.02,59.66,19005.12,-1
2026-08-11,2026-08-11 11:02:00,328.51,328.51,328.47,328.47,-0.01,59.66,19005.12,-1
2026-08-11,2026-08-11 11:03:00,328.47,328.47,328.42,328.42,-0.02,59.66,19005.12,-1
2026-08-11,2026-08-11 11:04:00,328.42,328.42,328.38,328.38,-0.01,59.66,19005.12,-1
2026-08-11,2026-08-11 11:05:00,328.38,328.38,328.34,328.34,-0.01,59.66,19005.12,-1
2026-08-11,2026-08-11 11:06:00,328.34,328.34,328.29,328.29,-0.02,59.66,19005.12,-1
2026-08-11,2026-08-11 11:07:00,328.29,328.29,328.25,328.25,-0.01,59.66,19005.12,-1
2026-08-11,2026-08-11 11:08:00,328.25,328.25,328.2,328.2,-0.02,59.66,19005.12,-1
2026-08-11,2026-08-11 11:09:00,328.2,328.2,328.16,328.16,-0.01,59.66,19005.12,-1
2026-08-11,2026-08-11 11:10:00,328.16,328.16,328.11,328.11,-0.02,59.66,19005.12,-1
2026-08-11,2026-08-11 11:11:00,328.11,328.11,328.07,328.07,-0.01,59.66,19005.12,-1
2026-08-11,2026-08-11 11:12:00,328.07,328.07,328.03,328.03,-0.01,59.66,19005.12,-1
2026-08-11,2026-08-11 11:13:00,328.03,328.03,327.98,327.98,-0.02,59.66,19005.12,-1
2026-08-11,2026-08-11 11:14:00,327.98,327.98,327.94,327.94,-0.01,59.66,19005.12,-1
2026-08-11,2026-08-11 11:15:00,327.94,327.94,327.89,327.89,-0.02,59.66,19005.12,-1
2026-08-11,2026-08-11 11:16:00,327.89,327.89,327.85,327.85,-0.01,59.66,19005.12,-1
2026-08-11,2026-08-11 11:17:00,327.85,327.85,327.81,327.81,-0.01,59.66,19005.12,-1
2026-08-11,2026-08-11 11:18:00,327.81,327.81,327.76,327.76,-0.02,59.66,19005.12,-1
2026-08-11,2026-08-11 11:19:00,327.76,327.76,327.72,327.72,-0.01,59.66,19005.12,-1
2026-08-11,2026-08-11 11:20:00,327.72,327.72,327.67,327.67,-0.02,59.66,19005.12,-1
2026-08-11,2026-08-11 11:21:00,327.67,327.67,327.63,327.63,-0.01,59.66,19005.12,-1
2026-08-11,2026-08-11 11:22:00,327.63,327.63,327.58,327.58,-0.02,59.66,19005.12,-1
2026-08-11,2026-08-11 11:23:00,327.58,327.58,327.54,327.54,-0.01,59.66,19005.12,-1
2026-08-11,2026-08-11 11:24:00,327.54,327.54,327.5,327.5,-0.01,59.66,19005.12,-1
2026-08-11,2026-08-11 11:25:00,327.5,327.5,327.45,327.45,-0.02,59.66,19005.12,-1
2026-08-11,2026-08-11 11:26:00,327.45,327.45,327.41,327.41,-0.01,59.66,19005.12,-1
2026-08-11,2026-08-11 11:27:00,327.41,327.41,327.36,327.36,-0.02,59.66,19005.12,-1
2026-08-11,2026-08-11 11:28:00,327.36,327.36,327.32,327.32,-0.01,59.66,19005.12,-1
2026-08-11,2026-08-11 11:29:00,327.32,327.32,327.28,327.28,-0.01,59.66,19005.12,-1
2026-08-11,2026-08-11 11:30:00,327.28,327.28,327.23,327.23,-0.02,59.66,19005.12,-1
2026-08-11,2026-08-11 11:31:00,327.23,327.23,327.19,327.19,-0.01,59.66,19005.12,-1
2026-08-11,2026-08-11 11:32:00,327.19,327.19,327.14,327.14,-0.02,59.66,19005.12,-1
2026-08-11,2026-08-11 11:33:00,327.14,327.14,327.1,327.1,-0.01,59.66,19005.12,-1
2026-08-11,2026-08-11 11:34:00,327.1,327.1,327.05,327.05,-0.02,59.66,19005.12,-1
2026-08-11,2026-08-11 11:35:00,327.05,327.05,327.01,327.01,-0.01,59.66,19005.12,-1
2026-08-11,2026-08-11 11:36:00,327.01,327.01,326.97,326.97,-0.01,59.66,19005.12,-1
2026-08-11,2026-08-11 11:37:00,326.97,326.97,326.92,326.92,-0.02,59.66,19005.12,-1
2026-08-11,2026-08-11 11:38:00,326.92,326.92,326.88,326.88,-0.01,59.66,19005.12,-1
2026-08-11,2026-08-11 11:39:00,326.88,326.88,326.83,326.83,-0.02,59.66,19005.12,-1
2026-08-11,2026-08-11 11:40:00,326.83,326.83,326.79,326.79,-0.01,59.66,19005.12,-1
2026-08-11,2026-08-11 11:41:00,326.79,326.79,326.75,326.75,-0.01,59.66,19005.12,-1
2026-08-11,2026-08-11 11:42:00,326.75,326.75,326.7,326.7,-0.02,59.66,19005.12,-1
2026-08-11,2026-08-11 11:43:00,326.7,326.7,326.66,326.66,-0.01,59.66,19005.12,-1
2026-08-11,2026-08-11 11:44:00,326.66,326.66,326.61,326.61,-0.02,59.66,19005.12,-1
2026-08-11,2026-08-11 11:45:00,326.61,326.61,326.57,326.57,-0.01,59.66,19005.12,-1
2026-08-11,2026-08-11 11:46:00,326.57,326.57,326.52,326.52,-0.02,59.66,19005.12,-1
2026-08-11,2026-08-11 11:47:00,326.52,326.52,326.48,326.48,-0.01,59.66,19005.12,-1
2026-08-11,2026-08-11 11:48:00,326.48,326.48,326.44,326.44,-0.01,59.66,19005.12,-1
2026-08-11,2026-08-11 11:49:00,326.44,326.44,326.39,326.39,-0.02,59.66,19005.12,-1
2026-08-11,2026-08-11 11:50:00,326.39,326.39,326.35,326.35,-0.01,59.66,19005.12,-1
2026-08-11,2026-08-11 11:51:00,326.35,326.35,326.3,326.3,-0.02,59.66,19005.12,-1
2026-08-11,2026-08-11 11:52:00,326.3,326.3,326.26,326.26,-0.01,59.66,19005.12,-1
2026-08-11,2026-08-11 11:53:00,326.26,326.26,326.22,326.22,-0.01,59.66,19005.12,-1
2026-08-11,2026-08-11 11:54:00,326.22,326.22,326.17,326.17,-0.02,59.66,19005.12,-1
2026-08-11,2026-08-11 11:55:00,326.17,326.17,326.13,326.13,-0.01,59.66,19005.12,-1
2026-08-11,2026-08-11 11:56:00,326.13,326.13,326.08,326.08,-0.02,59.66,19005.12,-1
2026-08-11,2026-08-11 11:57:00,326.08,326.08,326.04,326.04,-0.01,59.66,19005.12,-1
2026-08-11,2026-08-11 11:58:00,326.04,326.04,325.99,325.99,-0.02,59.66,19005.12,-1
2026-08-11,2026-08-11 11:59:00,325.99,325.99,325.95,325.95,-0.01,59.66,19005.12,-1
2026-08-11,2026-08-11 12:00:00,325.95,325.95,325.91,325.91,-0.01,59.66,19005.12,-1
2026-08-11,2026-08-11 12:01:00,325.91,325.91,325.86,325.86,-0.02,59.66,19005.12,-1
2026-08-11,2026-08-11 12:02:00,325.86,325.86,325.82,325.82,-0.01,59.66,19005.12,-1
2026-08-11,2026-08-11 12:03:00,325.82,325.82,325.77,325.77,-0.02,59.66,19005.12,-1
2026-08-11,2026-08-11 12:04:00,325.77,325.77,325.73,325.73,-0.01,59.66,19005.12,-1
2026-08-11,2026-08-11 12:05:00,325.73,325.73,325.69,325.69,-0.01,59.66,19005.12,-1
2026-08-11,2026-08-11 12:06:00,325.69,325.69,325.64,325.64,-0.02,59.66,19005.12,-1
2026-08-11,2026-08-11 12:07:00,325.64,325.64,325.6,325.6,-0.01,59.66,19005.12,-1
2026-08-11,2026-08-11 12:08:00,325.6,325.6,325.55,325.55,-0.02,59.66,19005.12,-1
2026-08-11,2026-08-11 12:09:00,325.55,325.55,325.51,325.51,-0.01,59.66,19005.12,-1
2026-08-11,2026-08-11 12:10:00,325.51,325.51,325.46,325.46,-0.02,59.66,19005.12,-1
2026-08-11,2026-08-11 12:11:00,325.46,325.46,325.42,325.42,-0.01,59.66,19005.12,-1
2026-08-11,2026-08-11 12:12:00,325.42,325.42,325.38,325.38,-0.01,59.66,19005.12,-1
2026-08-11,2026-08-11 12:13:00,325.38,325.38,325.33,325.33,-0.02,59.66,19005.12,-1
2026-08-11,2026-08-11 12:14:00,325.33,325.33,325.29,325.29,-0.01,59.66,19005.12,-1
2026-08-11,2026-08-11 12:15:00,325.29,325.29,325.24,325.24,-0.02,59.66,19005.12,-1
2026-08-11,2026-08-11 12:16:00,325.24,325.24,325.2,325.2,-0.01,59.66,19005.12,-1
2026-08-11,2026-08-11 12:17:00,325.2,325.2,325.16,325.16,-0.01,59.66,19005.12,-1
2026-08-11,2026-08-11 12:18:00,325.16,325.16,325.11,325.11,-0.02,59.66,19005.12,-1
2026-08-11,2026-08-11 12:19:00,325.11,325.11,325.07,325.07,-0.01,59.66,19005.12,-1
2026-08-11,2026-08-11 12:20:00,325.07,325.07,325.02,325.02,-0.02,59.66,19005.12,-1
2026-08-11,2026-08-11 12:21:00,325.02,325.02,324.98,324.98,-0.01,59.66,19005.12,-1
2026-08-11,2026-08-11 12:22:00,324.98,324.98,324.93,324.93,-0.02,59.66,19005.12,-1
2026-08-11,2026-08-11 12:23:00,324.93,324.93,324.89,324.89,-0.01,59.66,19005.12,-1
2026-08-11,2026-08-11 12:24:00,324.89,324.89,324.85,324.85,-0.01,59.66,19005.12,-1
2026-08-11,2026-08-11 12:25:00,324.85,324.85,324.8,324.8,-0.02,59.66,19005.12,-1
2026-08-11,2026-08-11 12:26:00,324.8,324.8,324.76,324.76,-0.01,59.66,19005.12,-1
2026-08-11,2026-08-11 12:27:00,324.76,324.76,324.71,324.71,-0.02,59.66,19005.12,-1
2026-08-11,2026-08-11 12:28:00,324.71,324.71,324.67,324.67,-0.01,59.66,19005.12,-1
2026-08-11,2026-08-11 12:29:00,324.67,324.67,324.62,324.62,-0.02,59.66,19005.12,-1
2026-08-11,2026-08-11 12:30:00,324.62,324.62,324.58,324.58,-0.01,59.66,19005.12,-1
2026-08-11,2026-08-11 12:31:00,324.58,324.58,324.54,324.54,-0.01,59.66,19005.12,-1
2026-08-11,2026-08-11 12:32:00,324.54,324.54,324.49,324.49,-0.02,59.66,19005.12,-1
2026-08-11,2026-08-11 12:33:00,324.49,324.49,324.45,324.45,-0.01,59.66,19005.12,-1
2026-08-11,2026-08-11 12:34:00,324.45,324.45,324.4,324.4,-0.02,59.66,19005.12,-1
2026-08-11,2026-08-11 12:35:00,324.4,324.4,324.36,324.36,-0.01,59.66,19005.12,-1
2026-08-11,2026-08-11 12:36:00,324.36,324.36,324.32,324.32,-0.01,59.66,19005.12,-1
2026-08-11,2026-08-11 12:37:00,324.32,324.32,324.27,324.27,-0.02,59.66,19005.12,-1
2026-08-11,2026-08-11 12:38:00,324.27,324.27,324.23,324.23,-0.01,59.66,19005.12,-1
2026-08-11,2026-08-11 12:39:00,324.23,324.23,324.18,324.18,-0.02,59.66,19005.12,-1
2026-08-11,2026-08-11 12:40:00,324.18,324.18,324.14,324.14,-0.01,59.66,19005.12,-1
2026-08-11,2026-08-11 12:41:00,324.14,324.14,324.1,324.1,-0.01,59.66,19005.12,-1
2026-08-11,2026-08-11 12:42:00,324.1,324.1,324.05,324.05,-0.02,59.66,19005.12,-1
2026-08-11,2026-08-11 12:43:00,324.05,324.05,324.01,324.01,-0.01,59.66,19005.12,-1
2026-08-11,2026-08-11 12:44:00,324.01,324.01,323.96,323.96,-0.02,59.66,19005.12,-1
2026-08-11,2026-08-11 12:45:00,323.96,323.96,323.92,323.92,-0.01,59.66,19005.12,-1
2026-08-11,2026-08-11 12:46:00,323.92,323.92,323.87,323.87,-0.02,59.66,19005.12,-1
2026-08-11,2026-08-11 12:47:00,323.87,323.87,323.83,323.83,-0.01,59.66,19005.12,-1
2026-08-11,2026-08-11 12:48:00,323.83,323.83,323.79,323.79,-0.01,59.66,19005.12,-1
2026-08-11,2026-08-11 12:49:00,323.79,323.79,323.74,323.74,-0.02,59.66,19005.12,-1
2026-08-11,2026-08-11 12:50:00,323.74,323.74,323.7,323.7,-0.01,59.66,19005.12,-1
2026-08-11,2026-08-11 12:51:00,323.7,323.7,323.65,323.65,-0.02,59.66,19005.12,-1
2026-08-11,2026-08-11 12:52:00,323.65,323.65,323.61,323.61,-0.01,59.66,19005.12,-1
2026-08-11,2026-08-11 12:53:00,323.61,323.61,323.56,323.56,-0.02,59.66,19005.12,-1
2026-08-11,2026-08-11 12:54:00,323.56,323.56,323.52,323.52,-0.01,59.66,19005.12,-1
2026-08-11,2026-08-11 12:55:00,323.52,323.52,323.48,323.48,-0.01,59.66,19005.12,-1
2026-08-11,2026-08-11 12:56:00,323.48,323.48,323.43,323.43,-0.02,59.66,19005.12,-1
2026-08-11,2026-08-11 12:57:00,323.43,323.43,323.39,323.39,-0.01,59.66,19005.12,-1
2026-08-11,2026-08-11 12:58:00,323.39,323.39,323.34,323.34,-0.02,59.66,19005.12,-1
2026-08-11,2026-08-11 12:59:00,323.34,323.34,323.3,323.3,-0.01,59.66,19005.12,-1
2026-08-11,2026-08-11 13:00:00,323.3,328.6,316.0,323.26,-0.01,59.66,19005.12,-1
2026-08-11,2026-08-11 13:01:00,323.26,323.26,323.21,323.21,-0.02,59.66,19005.12,-1
2026-08-11,2026-08-11 13:02:00,323.21,323.21,323.17,323.17,-0.01,59.66,19005.12,-1
2026-08-11,2026-08-11 13:03:00,323.17,323.17,323.12,323.12,-0.02,59.66,19005.12,-1
2026-08-11,2026-08-11 13:04:00,323.12,323.12,323.08,323.08,-0.01,59.66,19005.12,-1
2026-08-11,2026-08-11 13:05:00,323.08,323.08,323.04,323.04,-0.01,59.66,19005.12,-1
2026-08-11,2026-08-11 13:06:00,323.04,323.04,322.99,322.99,-0.02,59.66,19005.12,-1
2026-08-11,2026-08-11 13:07:00,322.99,322.99,322.95,322.95,-0.01,59.66,19005.12,-1
2026-08-11,2026-08-11 13:08:00,322.95,322.95,322.9,322.9,-0.02,59.66,19005.12,-1
2026-08-11,2026-08-11 13:09:00,322.9,322.9,322.86,322.86,-0.01,59.66,19005.12,-1
2026-08-11,2026-08-11 13:10:00,322.86,322.86,322.81,322.81,-0.02,59.66,19005.12,-1
2026-08-11,2026-08-11 13:11:00,322.81,322.81,322.77,322.77,-0.01,59.66,19005.12,-1
2026-08-11,2026-08-11 13:12:00,322.77,322.77,322.73,322.73,-0.01,59.66,19005.12,-1
2026-08-11,2026-08-11 13:13:00,322.73,322.73,322.68,322.68,-0.02,59.66,19005.12,-1
2026-08-11,2026-08-11 13:14:00,322.68,322.68,322.64,322.64,-0.01,59.66,19005.12,-1
2026-08-11,2026-08-11 13:15:00,322.64,322.64,322.59,322.59,-0.02,59.66,19005.12,-1
2026-08-11,2026-08-11 13:16:00,322.59,322.59,322.55,322.55,-0.01,59.66,19005.12,-1
2026-08-11,2026-08-11 13:17:00,322.55,322.55,322.5,322.5,-0.02,59.66,19005.12,-1
2026-08-11,2026-08-11 13:18:00,322.5,322.5,322.46,322.46,-0.01,59.66,19005.12,-1
2026-08-11,2026-08-11 13:19:00,322.46,322.46,322.42,322.42,-0.01,59.66,19005.12,-1
2026-08-11,2026-08-11 13:20:00,322.42,322.42,322.37,322.37,-0.02,59.66,19005.12,-1
2026-08-11,2026-08-11 13:21:00,322.37,322.37,322.33,322.33,-0.01,59.66,19005.12,-1
2026-08-11,2026-08-11 13:22:00,322.33,322.33,322.28,322.28,-0.02,59.66,19005.12,-1
2026-08-11,2026-08-11 13:23:00,322.28,322.28,322.24,322.24,-0.01,59.66,19005.12,-1
2026-08-11,2026-08-11 13:24:00,322.24,322.24,322.2,322.2,-0.01,59.66,19005.12,-1
2026-08-11,2026-08-11 13:25:00,322.2,322.2,322.15,322.15,-0.02,59.66,19005.12,-1
2026-08-11,2026-08-11 13:26:00,322.15,322.15,322.11,322.11,-0.01,59.66,19005.12,-1
2026-08-11,2026-08-11 13:27:00,322.11,322.11,322.06,322.06,-0.02,59.66,19005.12,-1
2026-08-11,2026-08-11 13:28:00,322.06,322.06,322.02,322.02,-0.01,59.66,19005.12,-1
2026-08-11,2026-08-11 13:29:00,322.02,322.02,321.98,321.98,-0.01,59.66,19005.12,-1
2026-08-11,2026-08-11 13:30:00,321.98,321.98,321.93,321.93,-0.02,59.66,19005.12,-1
2026-08-11,2026-08-11 13:31:00,321.93,321.93,321.89,321.89,-0.01,59.66,19005.12,-1
2026-08-11,2026-08-11 13:32:00,321.89,321.89,321.84,321.84,-0.02,59.66,19005.12,-1
2026-08-11,2026-08-11 13:33:00,321.84,321.84,321.8,321.8,-0.01,59.66,19005.12,-1
2026-08-11,2026-08-11 13:34:00,321.8,321.8,321.75,321.75,-0.02,59.66,19005.12,-1
2026-08-11,2026-08-11 13:35:00,321.75,321.75,321.71,321.71,-0.01,59.66,19005.12,-1
2026-08-11,2026-08-11 13:36:00,321.71,321.71,321.67,321.67,-0.01,59.66,19005.12,-1
2026-08-11,2026-08-11 13:37:00,321.67,321.67,321.62,321.62,-0.02,59.66,19005.12,-1
2026-08-11,2026-08-11 13:38:00,321.62,321.62,321.58,321.58,-0.01,59.66,19005.12,-1
2026-08-11,2026-08-11 13:39:00,321.58,321.58,321.53,321.53,-0.02,59.66,19005.12,-1
2026-08-11,2026-08-11 13:40:00,321.53,321.53,321.49,321.49,-0.01,59.66,19005.12,-1
2026-08-11,2026-08-11 13:41:00,321.49,321.49,321.44,321.44,-0.02,59.66,19005.12,-1
2026-08-11,2026-08-11 13:42:00,321.44,321.44,321.4,321.4,-0.01,59.66,19005.12,-1
2026-08-11,2026-08-11 13:43:00,321.4,321.4,321.36,321.36,-0.01,59.66,19005.12,-1
2026-08-11,2026-08-11 13:44:00,321.36,321.36,321.31,321.31,-0.02,59.66,19005.12,-1
2026-08-11,2026-08-11 13:45:00,321.31,321.31,321.27,321.27,-0.01,59.66,19005.12,-1
2026-08-11,2026-08-11 13:46:00,321.27,321.27,321.22,321.22,-0.02,59.66,19005.12,-1
2026-08-11,2026-08-11 13:47:00,321.22,321.22,321.18,321.18,-0.01,59.66,19005.12,-1
2026-08-11,2026-08-11 13:48:00,321.18,321.18,321.14,321.14,-0.01,59.66,19005.12,-1
2026-08-11,2026-08-11 13:49:00,321.14,321.14,321.09,321.09,-0.02,59.66,19005.12,-1
2026-08-11,2026-08-11 13:50:00,321.09,321.09,321.05,321.05,-0.01,59.66,19005.12,-1
2026-08-11,2026-08-11 13:51:00,321.05,321.05,321.0,321.0,-0.02,59.66,19005.12,-1
2026-08-11,2026-08-11 13:52:00,321.0,321.0,320.96,320.96,-0.01,59.66,19005.12,-1
2026-08-11,2026-08-11 13:53:00,320.96,320.96,320.92,320.92,-0.01,59.66,19005.12,-1
2026-08-11,2026-08-11 13:54:00,320.92,320.92,320.87,320.87,-0.02,59.66,19005.12,-1
2026-08-11,2026-08-11 13:55:00,320.87,320.87,320.83,320.83,-0.01,59.66,19005.12,-1
2026-08-11,2026-08-11 13:56:00,320.83,320.83,320.78,320.78,-0.02,59.66,19005.12,-1
2026-08-11,2026-08-11 13:57:00,320.78,320.78,320.74,320.74,-0.01,59.66,19005.12,-1
2026-08-11,2026-08-11 13:58:00,320.74,320.74,320.69,320.69,-0.02,59.66,19005.12,-1
2026-08-11,2026-08-11 13:59:00,320.69,320.69,320.65,320.65,-0.01,59.66,19005.12,-1
2026-08-11,2026-08-11 14:00:00,320.65,320.65,320.61,320.61,-0.01,59.66,19005.12,-1
2026-08-11,2026-08-11 14:01:00,320.61,320.61,320.56,320.56,-0.02,59.66,19005.12,-1
2026-08-11,2026-08-11 14:02:00,320.56,320.56,320.52,320.52,-0.01,59.66,19005.12,-1
2026-08-11,2026-08-11 14:03:00,320.52,320.52,320.47,320.47,-0.02,59.66,19005.12,-1
2026-08-11,2026-08-11 14:04:00,320.47,320.47,320.43,320.43,-0.01,59.66,19005.12,-1
2026-08-11,2026-08-11 14:05:00,320.43,320.43,320.38,320.38,-0.02,59.66,19005.12,-1
2026-08-11,2026-08-11 14:06:00,320.38,320.38,320.34,320.34,-0.01,59.66,19005.12,-1
2026-08-11,2026-08-11 14:07:00,320.34,320.34,320.3,320.3,-0.01,59.66,19005.12,-1
2026-08-11,2026-08-11 14:08:00,320.3,320.3,320.25,320.25,-0.02,59.66,19005.12,-1
2026-08-11,2026-08-11 14:09:00,320.25,320.25,320.21,320.21,-0.01,59.66,19005.12,-1
2026-08-11,2026-08-11 14:10:00,320.21,320.21,320.16,320.16,-0.02,59.66,19005.12,-1
2026-08-11,2026-08-11 14:11:00,320.16,320.16,320.12,320.12,-0.01,59.66,19005.12,-1
2026-08-11,2026-08-11 14:12:00,320.12,320.12,320.08,320.08,-0.01,59.66,19005.12,-1
2026-08-11,2026-08-11 14:13:00,320.08,320.08,320.03,320.03,-0.02,59.66,19005.12,-1
2026-08-11,2026-08-11 14:14:00,320.03,320.03,319.99,319.99,-0.01,59.66,19005.12,-1
2026-08-11,2026-08-11 14:15:00,319.99,319.99,319.94,319.94,-0.02,59.66,19005.12,-1
2026-08-11,2026-08-11 14:16:00,319.94,319.94,319.9,319.9,-0.01,59.66,19005.12,-1
2026-08-11,2026-08-11 14:17:00,319.9,319.9,319.86,319.86,-0.01,59.66,19005.12,-1
2026-08-11,2026-08-11 14:18:00,319.86,319.86,319.81,319.81,-0.02,59.66,19005.12,-1
2026-08-11,2026-08-11 14:19:00,319.81,319.81,319.77,319.77,-0.01,59.66,19005.12,-1
2026-08-11,2026-08-11 14:20:00,319.77,319.77,319.72,319.72,-0.02,59.66,19005.12,-1
2026-08-11,2026-08-11 14:21:00,319.72,319.72,319.68,319.68,-0.01,59.66,19005.12,-1
2026-08-11,2026-08-11 14:22:00,319.68,319.68,319.63,319.63,-0.02,59.66,19005.12,-1
2026-08-11,2026-08-11 14:23:00,319.63,319.63,319.59,319.59,-0.01,59.66,19005.12,-1
2026-08-11,2026-08-11 14:24:00,319.59,319.59,319.55,319.55,-0.01,59.66,19005.12,-1
2026-08-11,2026-08-11 14:25:00,319.55,319.55,319.5,319.5,-0.02,59.66,19005.12,-1
2026-08-11,2026-08-11 14:26:00,319.5,319.5,319.46,319.46,-0.01,59.66,19005.12,-1
2026-08-11,2026-08-11 14:27:00,319.46,319.46,319.41,319.41,-0.02,59.66,19005.12,-1
2026-08-11,2026-08-11 14:28:00,319.41,319.41,319.37,319.37,-0.01,59.66,19005.12,-1
2026-08-11,2026-08-11 14:29:00,319.37,319.37,319.32,319.32,-0.02,59.66,19005.12,-1
2026-08-11,2026-08-11 14:30:00,319.32,319.32,319.28,319.28,-0.01,59.66,19005.12,-1
2026-08-11,2026-08-11 14:31:00,319.28,319.28,319.24,319.24,-0.01,59.66,19005.12,-1
2026-08-11,2026-08-11 14:32:00,319.24,319.24,319.19,319.19,-0.02,59.66,19005.12,-1
2026-08-11,2026-08-11 14:33:00,319.19,319.19,319.15,319.15,-0.01,59.66,19005.12,-1
2026-08-11,2026-08-11 14:34:00,319.15,319.15,319.1,319.1,-0.02,59.66,19005.12,-1
2026-08-11,2026-08-11 14:35:00,319.1,319.1,319.06,319.06,-0.01,59.66,19005.12,-1
2026-08-11,2026-08-11 14:36:00,319.06,319.06,319.02,319.02,-0.01,59.66,19005.12,-1
2026-08-11,2026-08-11 14:37:00,319.02,319.02,318.97,318.97,-0.02,59.66,19005.12,-1
2026-08-11,2026-08-11 14:38:00,318.97,318.97,318.93,318.93,-0.01,59.66,19005.12,-1
2026-08-11,2026-08-11 14:39:00,318.93,318.93,318.88,318.88,-0.02,59.66,19005.12,-1
2026-08-11,2026-08-11 14:40:00,318.88,318.88,318.84,318.84,-0.01,59.66,19005.12,-1
2026-08-11,2026-08-11 14:41:00,318.84,318.84,318.8,318.8,-0.01,59.66,19005.12,-1
2026-08-11,2026-08-11 14:42:00,318.8,318.8,318.75,318.75,-0.02,59.66,19005.12,-1
2026-08-11,2026-08-11 14:43:00,318.75,318.75,318.71,318.71,-0.01,59.66,19005.12,-1
2026-08-11,2026-08-11 14:44:00,318.71,318.71,318.66,318.66,-0.02,59.66,19005.12,-1
2026-08-11,2026-08-11 14:45:00,318.66,318.66,318.62,318.62,-0.01,59.66,19005.12,-1
2026-08-11,2026-08-11 14:46:00,318.62,318.62,318.57,318.57,-0.02,59.66,19005.12,-1
2026-08-11,2026-08-11 14:47:00,318.57,318.57,318.53,318.53,-0.01,59.66,19005.12,-1
2026-08-11,2026-08-11 14:48:00,318.53,318.53,318.49,318.49,-0.01,59.66,19005.12,-1
2026-08-11,2026-08-11 14:49:00,318.49,318.49,318.44,318.44,-0.02,59.66,19005.12,-1
2026-08-11,2026-08-11 14:50:00,318.44,318.44,318.4,318.4,-0.01,59.66,19005.12,-1
2026-08-11,2026-08-11 14:51:00,318.4,318.4,318.35,318.35,-0.02,59.66,19005.12,-1
2026-08-11,2026-08-11 14:52:00,318.35,318.35,318.31,318.31,-0.01,59.66,19005.12,-1
2026-08-11,2026-08-11 14:53:00,318.31,318.31,318.26,318.26,-0.02,59.66,19005.12,-1
2026-08-11,2026-08-11 14:54:00,318.26,318.26,318.22,318.22,-0.01,59.66,19005.12,-1
2026-08-11,2026-08-11 14:55:00,318.22,318.22,318.18,318.18,-0.01,59.66,19005.12,-1
2026-08-11,2026-08-11 14:56:00,318.18,318.18,318.13,318.13,-0.02,59.66,19005.12,-1
2026-08-11,2026-08-11 14:57:00,318.13,318.13,318.09,318.09,-0.01,59.66,19005.12,-1
2026-08-11,2026-08-11 14:58:00,318.09,318.09,318.04,318.04,-0.02,59.66,19005.12,-1
2026-08-11,2026-08-11 14:59:00,318.04,318.04,318.0,318.0,-0.01,59.66,19005.12,-1
2026-08-11,2026-08-11 15:00:00,318.0,328.6,316.0,318.0,0.0,59.66,19005.12,0
2026-08-12,2026-08-12 11:00:00,323.0,323.6,320.66,322.97,-0.01,42.83,13551.29,-1
2026-08-12,2026-08-12 11:01:00,322.97,322.97,322.94,322.94,-0.01,42.83,13551.29,-1
2026-08-12,2026-08-12 11:02:00,322.94,322.94,322.91,322.91,-0.01,42.83,13551.29,-1
2026-08-12,2026-08-12 11:03:00,322.91,322.91,322.88,322.88,-0.01,42.83,13551.29,-1
2026-08-12,2026-08-12 11:04:00,322.88,322.88,322.85,322.85,-0.01,42.83,13551.29,-1
2026-08-12,2026-08-12 11:05:00,322.85,322.85,322.82,322.82,-0.01,42.83,13551.29,-1
2026-08-12,2026-08-12 11:06:00,322.82,322.82,322.8,322.8,-0.01,42.83,13551.29,-1
2026-08-12,2026-08-12 11:07:00,322.8,322.8,322.77,322.77,-0.01,42.83,13551.29,-1
2026-08-12,2026-08-12 11:08:00,322.77,322.77,322.74,322.74,-0.01,42.83,13551.29,-1
2026-08-12,2026-08-12 11:09:00,322.74,322.74,322.71,322.71,-0.01,42.83,13551.29,-1
2026-08-12,2026-08-12 11:10:00,322.71,322.71,322.68,322.68,-0.01,42.83,13551.29,-1
2026-08-12,2026-08-12 11:11:00,322.68,322.68,322.65,322.65,-0.01,42.83,13551.29,-1
2026-08-12,2026-08-12 11:12:00,322.65,322.65,322.62,322.62,-0.01,42.83,13551.29,-1
2026-08-12,2026-08-12 11:13:00,322.62,322.62,322.59,322.59,-0.01,42.83,13551.29,-1
2026-08-12,2026-08-12 11:14:00,322.59,322.59,322.56,322.56,-0.01,42.83,13551.29,-1
2026-08-12,2026-08-12 11:15:00,322.56,322.56,322.53,322.53,-0.01,42.83,13551.29,-1
2026-08-12,2026-08-12 11:16:00,322.53,322.53,322.5,322.5,-0.01,42.83,13551.29,-1
2026-08-12,2026-08-12 11:17:00,322.5,322.5,322.48,322.48,-0.01,42.83,13551.29,-1
2026-08-12,2026-08-12 11:18:00,322.48,322.48,322.45,322.45,-0.01,42.83,13551.29,-1
2026-08-12,2026-08-12 11:19:00,322.45,322.45,322.42,322.42,-0.01,42.83,13551.29,-1
2026-08-12,2026-08-12 11:20:00,322.42,322.42,322.39,322.39,-0.01,42.83,13551.29,-1
2026-08-12,2026-08-12 11:21:00,322.39,322.39,322.36,322.36,-0.01,42.83,13551.29,-1
2026-08-12,2026-08-12 11:22:00,322.36,322.36,322.33,322.33,-0.01,42.83,13551.29,-1
2026-08-12,2026-08-12 11:23:00,322.33,322.33,322.3,322.3,-0.01,42.83,13551.29,-1
2026-08-12,2026-08-12 11:24:00,322.3,322.3,322.27,322.27,-0.01,42.83,13551.29,-1
2026-08-12,2026-08-12 11:25:00,322.27,322.27,322.24,322.24,-0.01,42.83,13551.29,-1
2026-08-12,2026-08-12 11:26:00,322.24,322.24,322.21,322.21,-0.01,42.83,13551.29,-1
2026-08-12,2026-08-12 11:27:00,322.21,322.21,322.18,322.18,-0.01,42.83,13551.29,-1
2026-08-12,2026-08-12 11:28:00,322.18,322.18,322.15,322.15,-0.01,42.83,13551.29,-1
2026-08-12,2026-08-12 11:29:00,322.15,322.15,322.12,322.12,-0.01,42.83,13551.29,-1
2026-08-12,2026-08-12 11:30:00,322.12,322.12,322.1,322.1,-0.01,42.83,13551.29,-1
2026-08-12,2026-08-12 11:31:00,322.1,322.1,322.07,322.07,-0.01,42.83,13551.29,-1
2026-08-12,2026-08-12 11:32:00,322.07,322.07,322.04,322.04,-0.01,42.83,13551.29,-1
2026-08-12,2026-08-12 11:33:00,322.04,322.04,322.01,322.01,-0.01,42.83,13551.29,-1
2026-08-12,2026-08-12 11:34:00,322.01,322.01,321.98,321.98,-0.01,42.83,13551.29,-1
2026-08-12,2026-08-12 11:35:00,321.98,321.98,321.95,321.95,-0.01,42.83,13551.29,-1
2026-08-12,2026-08-12 11:36:00,321.95,321.95,321.92,321.92,-0.01,42.83,13551.29,-1
2026-08-12,2026-08-12 11:37:00,321.92,321.92,321.89,321.89,-0.01,42.83,13551.29,-1
2026-08-12,2026-08-12 11:38:00,321.89,321.89,321.86,321.86,-0.01,42.83,13551.29,-1
2026-08-12,2026-08-12 11:39:00,321.86,321.86,321.83,321.83,-0.01,42.83,13551.29,-1
2026-08-12,2026-08-12 11:40:00,321.83,321.83,321.8,321.8,-0.01,42.83,13551.29,-1
2026-08-12,2026-08-12 11:41:00,321.8,321.8,321.77,321.77,-0.01,42.83,13551.29,-1
2026-08-12,2026-08-12 11:42:00,321.77,321.77,321.75,321.75,-0.01,42.83,13551.29,-1
2026-08-12,2026-08-12 11:43:00,321.75,321.75,321.72,321.72,-0.01,42.83,13551.29,-1
2026-08-12,2026-08-12 11:44:00,321.72,321.72,321.69,321.69,-0.01,42.83,13551.29,-1
2026-08-12,2026-08-12 11:45:00,321.69,321.69,321.66,321.66,-0.01,42.83,13551.29,-1
2026-08-12,2026-08-12 11:46:00,321.66,321.66,321.63,321.63,-0.01,42.83,13551.29,-1
2026-08-12,2026-08-12 11:47:00,321.63,321.63,321.6,321.6,-0.01,42.83,13551.29,-1
2026-08-12,2026-08-12 11:48:00,321.6,321.6,321.57,321.57,-0.01,42.83,13551.29,-1
2026-08-12,2026-08-12 11:49:00,321.57,321.57,321.54,321.54,-0.01,42.83,13551.29,-1
2026-08-12,2026-08-12 11:50:00,321.54,321.54,321.51,321.51,-0.01,42.83,13551.29,-1
2026-08-12,2026-08-12 11:51:00,321.51,321.51,321.48,321.48,-0.01,42.83,13551.29,-1
2026-08-12,2026-08-12 11:52:00,321.48,321.48,321.45,321.45,-0.01,42.83,13551.29,-1
2026-08-12,2026-08-12 11:53:00,321.45,321.45,321.43,321.43,-0.01,42.83,13551.29,-1
2026-08-12,2026-08-12 11:54:00,321.43,321.43,321.4,321.4,-0.01,42.83,13551.29,-1
2026-08-12,2026-08-12 11:55:00,321.4,321.4,321.37,321.37,-0.01,42.83,13551.29,-1
2026-08-12,2026-08-12 11:56:00,321.37,321.37,321.34,321.34,-0.01,42.83,13551.29,-1
2026-08-12,2026-08-12 11:57:00,321.34,321.34,321.31,321.31,-0.01,42.83,13551.29,-1
2026-08-12,2026-08-12 11:58:00,321.31,321.31,321.28,321.28,-0.01,42.83,13551.29,-1
2026-08-12,2026-08-12 11:59:00,321.28,321.28,321.25,321.25,-0.01,42.83,13551.29,-1
2026-08-12,2026-08-12 12:00:00,321.25,321.25,321.22,321.22,-0.01,42.83,13551.29,-1
2026-08-12,2026-08-12 12:01:00,321.22,321.22,321.19,321.19,-0.01,42.83,13551.29,-1
2026-08-12,2026-08-12 12:02:00,321.19,321.19,321.16,321.16,-0.01,42.83,13551.29,-1
2026-08-12,2026-08-12 12:03:00,321.16,321.16,321.13,321.13,-0.01,42.83,13551.29,-1
2026-08-12,2026-08-12 12:04:00,321.13,321.13,321.1,321.1,-0.01,42.83,13551.29,-1
2026-08-12,2026-08-12 12:05:00,321.1,321.1,321.07,321.07,-0.01,42.83,13551.29,-1
2026-08-12,2026-08-12 12:06:00,321.07,321.07,321.05,321.05,-0.01,42.83,13551.29,-1
2026-08-12,2026-08-12 12:07:00,321.05,321.05,321.02,321.02,-0.01,42.83,13551.29,-1
2026-08-12,2026-08-12 12:08:00,321.02,321.02,320.99,320.99,-0.01,42.83,13551.29,-1
2026-08-12,2026-08-12 12:09:00,320.99,320.99,320.96,320.96,-0.01,42.83,13551.29,-1
2026-08-12,2026-08-12 12:10:00,320.96,320.96,320.93,320.93,-0.01,42.83,13551.29,-1
2026-08-12,2026-08-12 12:11:00,320.93,320.93,320.9,320.9,-0.01,42.83,13551.29,-1
2026-08-12,2026-08-12 12:12:00,320.9,320.9,320.87,320.87,-0.01,42.83,13551.29,-1
2026-08-12,2026-08-12 12:13:00,320.87,320.87,320.84,320.84,-0.01,42.83,13551.29,-1
2026-08-12,2026-08-12 12:14:00,320.84,320.84,320.81,320.81,-0.01,42.83,13551.29,-1
2026-08-12,2026-08-12 12:15:00,320.81,320.81,320.78,320.78,-0.01,42.83,13551.29,-1
2026-08-12,2026-08-12 12:16:00,320.78,320.78,320.75,320.75,-0.01,42.83,13551.29,-1
2026-08-12,2026-08-12 12:17:00,320.75,320.75,320.73,320.73,-0.01,42.83,13551.29,-1
2026-08-12,2026-08-12 12:18:00,320.73,320.73,320.7,320.7,-0.01,42.83,13551.29,-1
2026-08-12,2026-08-12 12:19:00,320.7,320.7,320.67,320.67,-0.01,42.83,13551.29,-1
2026-08-12,2026-08-12 12:20:00,320.67,320.67,320.64,320.64,-0.01,42.83,13551.29,-1
2026-08-12,2026-08-12 12:21:00,320.64,320.64,320.61,320.61,-0.01,42.83,13551.29,-1
2026-08-12,2026-08-12 12:22:00,320.61,320.61,320.58,320.58,-0.01,42.83,13551.29,-1
2026-08-12,2026-08-12 12:23:00,320.58,320.58,320.55,320.55,-0.01,42.83,13551.29,-1
2026-08-12,2026-08-12 12:24:00,320.55,320.55,320.52,320.52,-0.01,42.83,13551.29,-1
2026-08-12,2026-08-12 12:25:00,320.52,320.52,320.49,320.49,-0.01,42.83,13551.29,-1
2026-08-12,2026-08-12 12:26:00,320.49,320.49,320.46,320.46,-0.01,42.83,13551.29,-1
2026-08-12,2026-08-12 12:27:00,320.46,320.46,320.43,320.43,-0.01,42.83,13551.29,-1
2026-08-12,2026-08-12 12:28:00,320.43,320.43,320.4,320.4,-0.01,42.83,13551.29,-1
2026-08-12,2026-08-12 12:29:00,320.4,320.4,320.38,320.38,-0.01,42.83,13551.29,-1
2026-08-12,2026-08-12 12:30:00,320.38,320.38,320.35,320.35,-0.01,42.83,13551.29,-1
2026-08-12,2026-08-12 12:31:00,320.35,320.35,320.32,320.32,-0.01,42.83,13551.29,-1
2026-08-12,2026-08-12 12:32:00,320.32,320.32,320.29,320.29,-0.01,42.83,13551.29,-1
2026-08-12,2026-08-12 12:33:00,320.29,320.29,320.26,320.26,-0.01,42.83,13551.29,-1
2026-08-12,2026-08-12 12:34:00,320.26,320.26,320.23,320.23,-0.01,42.83,13551.29,-1
2026-08-12,2026-08-12 12:35:00,320.23,320.23,320.2,320.2,-0.01,42.83,13551.29,-1
2026-08-12,2026-08-12 12:36:00,320.2,320.2,320.17,320.17,-0.01,42.83,13551.29,-1
2026-08-12,2026-08-12 12:37:00,320.17,320.17,320.14,320.14,-0.01,42.83,13551.29,-1
2026-08-12,2026-08-12 12:38:00,320.14,320.14,320.11,320.11,-0.01,42.83,13551.29,-1
2026-08-12,2026-08-12 12:39:00,320.11,320.11,320.08,320.08,-0.01,42.83,13551.29,-1
2026-08-12,2026-08-12 12:40:00,320.08,320.08,320.05,320.05,-0.01,42.83,13551.29,-1
2026-08-12,2026-08-12 12:41:00,320.05,320.05,320.02,320.02,-0.01,42.83,13551.29,-1
2026-08-12,2026-08-12 12:42:00,320.02,320.02,320.0,320.0,-0.01,42.83,13551.29,-1
2026-08-12,2026-08-12 12:43:00,320.0,320.0,319.97,319.97,-0.01,42.83,13551.29,-1
2026-08-12,2026-08-12 12:44:00,319.97,319.97,319.94,319.94,-0.01,42.83,13551.29,-1
2026-08-12,2026-08-12 12:45:00,319.94,319.94,319.91,319.91,-0.01,42.83,13551.29,-1
2026-08-12,2026-08-12 12:46:00,319.91,319.91,319.88,319.88,-0.01,42.83,13551.29,-1
2026-08-12,2026-08-12 12:47:00,319.88,319.88,319.85,319.85,-0.01,42.83,13551.29,-1
2026-08-12,2026-08-12 12:48:00,319.85,319.85,319.82,319.82,-0.01,42.83,13551.29,-1
2026-08-12,2026-08-12 12:49:00,319.82,319.82,319.79,319.79,-0.01,42.83,13551.29,-1
2026-08-12,2026-08-12 12:50:00,319.79,319.79,319.76,319.76,-0.01,42.83,13551.29,-1
2026-08-12,2026-08-12 12:51:00,319.76,319.76,319.73,319.73,-0.01,42.83,13551.29,-1
2026-08-12,2026-08-12 12:52:00,319.73,319.73,319.7,319.7,-0.01,42.83,13551.29,-1
2026-08-12,2026-08-12 12:53:00,319.7,319.7,319.68,319.68,-0.01,42.83,13551.29,-1
2026-08-12,2026-08-12 12:54:00,319.68,319.68,319.65,319.65,-0.01,42.83,13551.29,-1
2026-08-12,2026-08-12 12:55:00,319.65,319.65,319.62,319.62,-0.01,42.83,13551.29,-1
2026-08-12,2026-08-12 12:56:00,319.62,319.62,319.59,319.59,-0.01,42.83,13551.29,-1
2026-08-12,2026-08-12 12:57:00,319.59,319.59,319.56,319.56,-0.01,42.83,13551.29,-1
2026-08-12,2026-08-12 12:58:00,319.56,319.56,319.53,319.53,-0.01,42.83,13551.29,-1
2026-08-12,2026-08-12 12:59:00,319.53,319.53,319.5,319.5,-0.01,42.83,13551.29,-1
2026-08-12,2026-08-12 13:00:00,319.5,325.0,315.2,319.47,-0.01,42.83,13551.29,-1
2026-08-12,2026-08-12 13:01:00,319.47,319.47,319.44,319.44,-0.01,42.83,13551.29,-1
2026-08-12,2026-08-12 13:02:00,319.44,319.44,319.41,319.41,-0.01,42.83,13551.29,-1
2026-08-12,2026-08-12 13:03:00,319.41,319.41,319.38,319.38,-0.01,42.83,13551.29,-1
2026-08-12,2026-08-12 13:04:00,319.38,319.38,319.35,319.35,-0.01,42.83,13551.29,-1
2026-08-12,2026-08-12 13:05:00,319.35,319.35,319.32,319.32,-0.01,42.83,13551.29,-1
2026-08-12,2026-08-12 13:06:00,319.32,319.32,319.3,319.3,-0.01,42.83,13551.29,-1
2026-08-12,2026-08-12 13:07:00,319.3,319.3,319.27,319.27,-0.01,42.83,13551.29,-1
2026-08-12,2026-08-12 13:08:00,319.27,319.27,319.24,319.24,-0.01,42.83,13551.29,-1
2026-08-12,2026-08-12 13:09:00,319.24,319.24,319.21,319.21,-0.01,42.83,13551.29,-1
2026-08-12,2026-08-12 13:10:00,319.21,319.21,319.18,319.18,-0.01,42.83,13551.29,-1
2026-08-12,2026-08-12 13:11:00,319.18,319.18,319.15,319.15,-0.01,42.83,13551.29,-1
2026-08-12,2026-08-12 13:12:00,319.15,319.15,319.12,319.12,-0.01,42.83,13551.29,-1
2026-08-12,2026-08-12 13:13:00,319.12,319.12,319.09,319.09,-0.01,42.83,13551.29,-1
2026-08-12,2026-08-12 13:14:00,319.09,319.09,319.06,319.06,-0.01,42.83,13551.29,-1
2026-08-12,2026-08-12 13:15:00,319.06,319.06,319.03,319.03,-0.01,42.83,13551.29,-1
2026-08-12,2026-08-12 13:16:00,319.03,319.03,319.0,319.0,-0.01,42.83,13551.29,-1
2026-08-12,2026-08-12 13:17:00,319.0,319.0,318.98,318.98,-0.01,42.83,13551.29,-1
2026-08-12,2026-08-12 13:18:00,318.98,318.98,318.95,318.95,-0.01,42.83,13551.29,-1
2026-08-12,2026-08-12 13:19:00,318.95,318.95,318.92,318.92,-0.01,42.83,13551.29,-1
2026-08-12,2026-08-12 13:20:00,318.92,318.92,318.89,318.89,-0.01,42.83,13551.29,-1
2026-08-12,2026-08-12 13:21:00,318.89,318.89,318.86,318.86,-0.01,42.83,13551.29,-1
2026-08-12,2026-08-12 13:22:00,318.86,318.86,318.83,318.83,-0.01,42.83,13551.29,-1
2026-08-12,2026-08-12 13:23:00,318.83,318.83,318.8,318.8,-0.01,42.83,13551.29,-1
2026-08-12,2026-08-12 13:24:00,318.8,318.8,318.77,318.77,-0.01,42.83,13551.29,-1
2026-08-12,2026-08-12 13:25:00,318.77,318.77,318.74,318.74,-0.01,42.83,13551.29,-1
2026-08-12,2026-08-12 13:26:00,318.74,318.74,318.71,318.71,-0.01,42.83,13551.29,-1
2026-08-12,2026-08-12 13:27:00,318.71,318.71,318.68,318.68,-0.01,42.83,13551.29,-1
2026-08-12,2026-08-12 13:28:00,318.68,318.68,318.65,318.65,-0.01,42.83,13551.29,-1
2026-08-12,2026-08-12 13:29:00,318.65,318.65,318.62,318.62,-0.01,42.83,13551.29,-1
2026-08-12,2026-08-12 13:30:00,318.62,318.62,318.6,318.6,-0.01,42.83,13551.29,-1
2026-08-12,2026-08-12 13:31:00,318.6,318.6,318.57,318.57,-0.01,42.83,13551.29,-1
2026-08-12,2026-08-12 13:32:00,318.57,318.57,318.54,318.54,-0.01,42.83,13551.29,-1
2026-08-12,2026-08-12 13:33:00,318.54,318.54,318.51,318.51,-0.01,42.83,13551.29,-1
2026-08-12,2026-08-12 13:34:00,318.51,318.51,318.48,318.48,-0.01,42.83,13551.29,-1
2026-08-12,2026-08-12 13:35:00,318.48,318.48,318.45,318.45,-0.01,42.83,13551.29,-1
2026-08-12,2026-08-12 13:36:00,318.45,318.45,318.42,318.42,-0.01,42.83,13551.29,-1
2026-08-12,2026-08-12 13:37:00,318.42,318.42,318.39,318.39,-0.01,42.83,13551.29,-1
2026-08-12,2026-08-12 13:38:00,318.39,318.39,318.36,318.36,-0.01,42.83,13551.29,-1
2026-08-12,2026-08-12 13:39:00,318.36,318.36,318.33,318.33,-0.01,42.83,13551.29,-1
2026-08-12,2026-08-12 13:40:00,318.33,318.33,318.3,318.3,-0.01,42.83,13551.29,-1
2026-08-12,2026-08-12 13:41:00,318.3,318.3,318.27,318.27,-0.01,42.83,13551.29,-1
2026-08-12,2026-08-12 13:42:00,318.27,318.27,318.25,318.25,-0.01,42.83,13551.29,-1
2026-08-12,2026-08-12 13:43:00,318.25,318.25,318.22,318.22,-0.01,42.83,13551.29,-1
2026-08-12,2026-08-12 13:44:00,318.22,318.22,318.19,318.19,-0.01,42.83,13551.29,-1
2026-08-12,2026-08-12 13:45:00,318.19,318.19,318.16,318.16,-0.01,42.83,13551.29,-1
2026-08-12,2026-08-12 13:46:00,318.16,318.16,318.13,318.13,-0.01,42.83,13551.29,-1
2026-08-12,2026-08-12 13:47:00,318.13,318.13,318.1,318.1,-0.01,42.83,13551.29,-1
2026-08-12,2026-08-12 13:48:00,318.1,318.1,318.07,318.07,-0.01,42.83,13551.29,-1
2026-08-12,2026-08-12 13:49:00,318.07,318.07,318.04,318.04,-0.01,42.83,13551.29,-1
2026-08-12,2026-08-12 13:50:00,318.04,318.04,318.01,318.01,-0.01,42.83,13551.29,-1
2026-08-12,2026-08-12 13:51:00,318.01,318.01,317.98,317.98,-0.01,42.83,13551.29,-1
2026-08-12,2026-08-12 13:52:00,317.98,317.98,317.95,317.95,-0.01,42.83,13551.29,-1
2026-08-12,2026-08-12 13:53:00,317.95,317.95,317.93,317.93,-0.01,42.83,13551.29,-1
2026-08-12,2026-08-12 13:54:00,317.93,317.93,317.9,317.9,-0.01,42.83,13551.29,-1
2026-08-12,2026-08-12 13:55:00,317.9,317.9,317.87,317.87,-0.01,42.83,13551.29,-1
2026-08-12,2026-08-12 13:56:00,317.87,317.87,317.84,317.84,-0.01,42.83,13551.29,-1
2026-08-12,2026-08-12 13:57:00,317.84,317.84,317.81,317.81,-0.01,42.83,13551.29,-1
2026-08-12,2026-08-12 13:58:00,317.81,317.81,317.78,317.78,-0.01,42.83,13551.29,-1
2026-08-12,2026-08-12 13:59:00,317.78,317.78,317.75,317.75,-0.01,42.83,13551.29,-1
2026-08-12,2026-08-12 14:00:00,317.75,317.75,317.72,317.72,-0.01,42.83,13551.29,-1
2026-08-12,2026-08-12 14:01:00,317.72,317.72,317.69,317.69,-0.01,42.83,13551.29,-1
2026-08-12,2026-08-12 14:02:00,317.69,317.69,317.66,317.66,-0.01,42.83,13551.29,-1
2026-08-12,2026-08-12 14:03:00,317.66,317.66,317.63,317.63,-0.01,42.83,13551.29,-1
2026-08-12,2026-08-12 14:04:00,317.63,317.63,317.6,317.6,-0.01,42.83,13551.29,-1
2026-08-12,2026-08-12 14:05:00,317.6,317.6,317.57,317.57,-0.01,42.83,13551.29,-1
2026-08-12,2026-08-12 14:06:00,317.57,317.57,317.55,317.55,-0.01,42.83,13551.29,-1
2026-08-12,2026-08-12 14:07:00,317.55,317.55,317.52,317.52,-0.01,42.83,13551.29,-1
2026-08-12,2026-08-12 14:08:00,317.52,317.52,317.49,317.49,-0.01,42.83,13551.29,-1
2026-08-12,2026-08-12 14:09:00,317.49,317.49,317.46,317.46,-0.01,42.83,13551.29,-1
2026-08-12,2026-08-12 14:10:00,317.46,317.46,317.43,317.43,-0.01,42.83,13551.29,-1
2026-08-12,2026-08-12 14:11:00,317.43,317.43,317.4,317.4,-0.01,42.83,13551.29,-1
2026-08-12,2026-08-12 14:12:00,317.4,317.4,317.37,317.37,-0.01,42.83,13551.29,-1
2026-08-12,2026-08-12 14:13:00,317.37,317.37,317.34,317.34,-0.01,42.83,13551.29,-1
2026-08-12,2026-08-12 14:14:00,317.34,317.34,317.31,317.31,-0.01,42.83,13551.29,-1
2026-08-12,2026-08-12 14:15:00,317.31,317.31,317.28,317.28,-0.01,42.83,13551.29,-1
2026-08-12,2026-08-12 14:16:00,317.28,317.28,317.25,317.25,-0.01,42.83,13551.29,-1
2026-08-12,2026-08-12 14:17:00,317.25,317.25,317.23,317.23,-0.01,42.83,13551.29,-1
2026-08-12,2026-08-12 14:18:00,317.23,317.23,317.2,317.2,-0.01,42.83,13551.29,-1
2026-08-12,2026-08-12 14:19:00,317.2,317.2,317.17,317.17,-0.01,42.83,13551.29,-1
2026-08-12,2026-08-12 14:20:00,317.17,317.17,317.14,317.14,-0.01,42.83,13551.29,-1
2026-08-12,2026-08-12 14:21:00,317.14,317.14,317.11,317.11,-0.01,42.83,13551.29,-1
2026-08-12,2026-08-12 14:22:00,317.11,317.11,317.08,317.08,-0.01,42.83,13551.29,-1
2026-08-12,2026-08-12 14:23:00,317.08,317.08,317.05,317.05,-0.01,42.83,13551.29,-1
2026-08-12,2026-08-12 14:24:00,317.05,317.05,317.02,317.02,-0.01,42.83,13551.29,-1
2026-08-12,2026-08-12 14:25:00,317.02,317.02,316.99,316.99,-0.01,42.83,13551.29,-1
2026-08-12,2026-08-12 14:26:00,316.99,316.99,316.96,316.96,-0.01,42.83,13551.29,-1
2026-08-12,2026-08-12 14:27:00,316.96,316.96,316.93,316.93,-0.01,42.83,13551.29,-1
2026-08-12,2026-08-12 14:28:00,316.93,316.93,316.9,316.9,-0.01,42.83,13551.29,-1
2026-08-12,2026-08-12 14:29:00,316.9,316.9,316.88,316.88,-0.01,42.83,13551.29,-1
2026-08-12,2026-08-12 14:30:00,316.88,316.88,316.85,316.85,-0.01,42.83,13551.29,-1
2026-08-12,2026-08-12 14:31:00,316.85,316.85,316.82,316.82,-0.01,42.83,13551.29,-1
2026-08-12,2026-08-12 14:32:00,316.82,316.82,316.79,316.79,-0.01,42.83,13551.29,-1
2026-08-12,2026-08-12 14:33:00,316.79,316.79,316.76,316.76,-0.01,42.83,13551.29,-1
2026-08-12,2026-08-12 14:34:00,316.76,316.76,316.73,316.73,-0.01,42.83,13551.29,-1
2026-08-12,2026-08-12 14:35:00,316.73,316.73,316.7,316.7,-0.01,42.83,13551.29,-1
2026-08-12,2026-08-12 14:36:00,316.7,316.7,316.67,316.67,-0.01,42.83,13551.29,-1
2026-08-12,2026-08-12 14:37:00,316.67,316.67,316.64,316.64,-0.01,42.83,13551.29,-1
2026-08-12,2026-08-12 14:38:00,316.64,316.64,316.61,316.61,-0.01,42.83,13551.29,-1
2026-08-12,2026-08-12 14:39:00,316.61,316.61,316.58,316.58,-0.01,42.83,13551.29,-1
2026-08-12,2026-08-12 14:40:00,316.58,316.58,316.55,316.55,-0.01,42.83,13551.29,-1
2026-08-12,2026-08-12 14:41:00,316.55,316.55,316.52,316.52,-0.01,42.83,13551.29,-1
2026-08-12,2026-08-12 14:42:00,316.52,316.52,316.5,316.5,-0.01,42.83,13551.29,-1
2026-08-12,2026-08-12 14:43:00,316.5,316.5,316.47,316.47,-0.01,42.83,13551.29,-1
2026-08-12,2026-08-12 14:44:00,316.47,316.47,316.44,316.44,-0.01,42.83,13551.29,-1
2026-08-12,2026-08-12 14:45:00,316.44,316.44,316.41,316.41,-0.01,42.83,13551.29,-1
2026-08-12,2026-08-12 14:46:00,316.41,316.41,316.38,316.38,-0.01,42.83,13551.29,-1
2026-08-12,2026-08-12 14:47:00,316.38,316.38,316.35,316.35,-0.01,42.83,13551.29,-1
2026-08-12,2026-08-12 14:48:00,316.35,316.35,316.32,316.32,-0.01,42.83,13551.29,-1
2026-08-12,2026-08-12 14:49:00,316.32,316.32,316.29,316.29,-0.01,42.83,13551.29,-1
2026-08-12,2026-08-12 14:50:00,316.29,316.29,316.26,316.26,-0.01,42.83,13551.29,-1
2026-08-12,2026-08-12 14:51:00,316.26,316.26,316.23,316.23,-0.01,42.83,13551.29,-1
2026-08-12,2026-08-12 14:52:00,316.23,316.23,316.2,316.2,-0.01,42.83,13551.29,-1
2026-08-12,2026-08-12 14:53:00,316.2,316.2,316.18,316.18,-0.01,42.83,13551.29,-1
2026-08-12,2026-08-12 14:54:00,316.18,316.18,316.15,316.15,-0.01,42.83,13551.29,-1
2026-08-12,2026-08-12 14:55:00,316.15,316.15,316.12,316.12,-0.01,42.83,13551.29,-1
2026-08-12,2026-08-12 14:56:00,316.12,316.12,316.09,316.09,-0.01,42.83,13551.29,-1
2026-08-12,2026-08-12 14:57:00,316.09,316.09,316.06,316.06,-0.01,42.83,13551.29,-1
2026-08-12,2026-08-12 14:58:00,316.06,316.06,316.03,316.03,-0.01,42.83,13551.29,-1
2026-08-12,2026-08-12 14:59:00,316.03,316.03,316.0,316.0,-0.01,42.83,13551.29,-1
2026-08-12,2026-08-12 15:00:00,316.0,325.0,315.2,316.0,0.0,42.83,13551.29,0
2026-08-13,2026-08-13 11:00:00,314.0,317.0,313.55,314.02,0.01,92.44,29279.48,1
2026-08-13,2026-08-13 11:01:00,314.02,314.04,314.02,314.04,0.01,92.44,29279.48,1
2026-08-13,2026-08-13 11:02:00,314.04,314.06,314.04,314.06,0.01,92.44,29279.48,1
2026-08-13,2026-08-13 11:03:00,314.06,314.08,314.06,314.08,0.01,92.44,29279.48,1
2026-08-13,2026-08-13 11:04:00,314.08,314.1,314.08,314.1,0.01,92.44,29279.48,1
2026-08-13,2026-08-13 11:05:00,314.1,314.12,314.1,314.12,0.01,92.44,29279.48,1
2026-08-13,2026-08-13 11:06:00,314.12,314.15,314.12,314.15,0.01,92.44,29279.48,1
2026-08-13,2026-08-13 11:07:00,314.15,314.17,314.15,314.17,0.01,92.44,29279.48,1
2026-08-13,2026-08-13 11:08:00,314.17,314.19,314.17,314.19,0.01,92.44,29279.48,1
2026-08-13,2026-08-13 11:09:00,314.19,314.21,314.19,314.21,0.01,92.44,29279.48,1
2026-08-13,2026-08-13 11:10:00,314.21,314.23,314.21,314.23,0.01,92.44,29279.48,1
2026-08-13,2026-08-13 11:11:00,314.23,314.25,314.23,314.25,0.01,92.44,29279.48,1
2026-08-13,2026-08-13 11:12:00,314.25,314.27,314.25,314.27,0.01,92.44,29279.48,1
2026-08-13,2026-08-13 11:13:00,314.27,314.29,314.27,314.29,0.01,92.44,29279.48,1
2026-08-13,2026-08-13 11:14:00,314.29,314.31,314.29,314.31,0.01,92.44,29279.48,1
2026-08-13,2026-08-13 11:15:00,314.31,314.33,314.31,314.33,0.01,92.44,29279.48,1
2026-08-13,2026-08-13 11:16:00,314.33,314.35,314.33,314.35,0.01,92.44,29279.48,1
2026-08-13,2026-08-13 11:17:00,314.35,314.38,314.35,314.38,0.01,92.44,29279.48,1
2026-08-13,2026-08-13 11:18:00,314.38,314.4,314.38,314.4,0.01,92.44,29279.48,1
2026-08-13,2026-08-13 11:19:00,314.4,314.42,314.4,314.42,0.01,92.44,29279.48,1
2026-08-13,2026-08-13 11:20:00,314.42,314.44,314.42,314.44,0.01,92.44,29279.48,1
2026-08-13,2026-08-13 11:21:00,314.44,314.46,314.44,314.46,0.01,92.44,29279.48,1
2026-08-13,2026-08-13 11:22:00,314.46,314.48,314.46,314.48,0.01,92.44,29279.48,1
2026-08-13,2026-08-13 11:23:00,314.48,314.5,314.48,314.5,0.01,92.44,29279.48,1
2026-08-13,2026-08-13 11:24:00,314.5,314.52,314.5,314.52,0.01,92.44,29279.48,1
2026-08-13,2026-08-13 11:25:00,314.52,314.54,314.52,314.54,0.01,92.44,29279.48,1
2026-08-13,2026-08-13 11:26:00,314.54,314.56,314.54,314.56,0.01,92.44,29279.48,1
2026-08-13,2026-08-13 11:27:00,314.56,314.58,314.56,314.58,0.01,92.44,29279.48,1
2026-08-13,2026-08-13 11:28:00,314.58,314.6,314.58,314.6,0.01,92.44,29279.48,1
2026-08-13,2026-08-13 11:29:00,314.6,314.62,314.6,314.62,0.01,92.44,29279.48,1
2026-08-13,2026-08-13 11:30:00,314.62,314.65,314.62,314.65,0.01,92.44,29279.48,1
2026-08-13,2026-08-13 11:31:00,314.65,314.67,314.65,314.67,0.01,92.44,29279.48,1
2026-08-13,2026-08-13 11:32:00,314.67,314.69,314.67,314.69,0.01,92.44,29279.48,1
2026-08-13,2026-08-13 11:33:00,314.69,314.71,314.69,314.71,0.01,92.44,29279.48,1
2026-08-13,2026-08-13 11:34:00,314.71,314.73,314.71,314.73,0.01,92.44,29279.48,1
2026-08-13,2026-08-13 11:35:00,314.73,314.75,314.73,314.75,0.01,92.44,29279.48,1
2026-08-13,2026-08-13 11:36:00,314.75,314.77,314.75,314.77,0.01,92.44,29279.48,1
2026-08-13,2026-08-13 11:37:00,314.77,314.79,314.77,314.79,0.01,92.44,29279.48,1
2026-08-13,2026-08-13 11:38:00,314.79,314.81,314.79,314.81,0.01,92.44,29279.48,1
2026-08-13,2026-08-13 11:39:00,314.81,314.83,314.81,314.83,0.01,92.44,29279.48,1
2026-08-13,2026-08-13 11:40:00,314.83,314.85,314.83,314.85,0.01,92.44,29279.48,1
2026-08-13,2026-08-13 11:41:00,314.85,314.88,314.85,314.88,0.01,92.44,29279.48,1
2026-08-13,2026-08-13 11:42:00,314.88,314.9,314.88,314.9,0.01,92.44,29279.48,1
2026-08-13,2026-08-13 11:43:00,314.9,314.92,314.9,314.92,0.01,92.44,29279.48,1
2026-08-13,2026-08-13 11:44:00,314.92,314.94,314.92,314.94,0.01,92.44,29279.48,1
2026-08-13,2026-08-13 11:45:00,314.94,314.96,314.94,314.96,0.01,92.44,29279.48,1
2026-08-13,2026-08-13 11:46:00,314.96,314.98,314.96,314.98,0.01,92.44,29279.48,1
2026-08-13,2026-08-13 11:47:00,314.98,315.0,314.98,315.0,0.01,92.44,29279.48,1
2026-08-13,2026-08-13 11:48:00,315.0,315.02,315.0,315.02,0.01,92.44,29279.48,1
2026-08-13,2026-08-13 11:49:00,315.02,315.04,315.02,315.04,0.01,92.44,29279.48,1
2026-08-13,2026-08-13 11:50:00,315.04,315.06,315.04,315.06,0.01,92.44,29279.48,1
2026-08-13,2026-08-13 11:51:00,315.06,315.08,315.06,315.08,0.01,92.44,29279.48,1
2026-08-13,2026-08-13 11:52:00,315.08,315.1,315.08,315.1,0.01,92.44,29279.48,1
2026-08-13,2026-08-13 11:53:00,315.1,315.12,315.1,315.12,0.01,92.44,29279.48,1
2026-08-13,2026-08-13 11:54:00,315.12,315.15,315.12,315.15,0.01,92.44,29279.48,1
2026-08-13,2026-08-13 11:55:00,315.15,315.17,315.15,315.17,0.01,92.44,29279.48,1
2026-08-13,2026-08-13 11:56:00,315.17,315.19,315.17,315.19,0.01,92.44,29279.48,1
2026-08-13,2026-08-13 11:57:00,315.19,315.21,315.19,315.21,0.01,92.44,29279.48,1
2026-08-13,2026-08-13 11:58:00,315.21,315.23,315.21,315.23,0.01,92.44,29279.48,1
2026-08-13,2026-08-13 11:59:00,315.23,315.25,315.23,315.25,0.01,92.44,29279.48,1
2026-08-13,2026-08-13 12:00:00,315.25,315.27,315.25,315.27,0.01,92.44,29279.48,1
2026-08-13,2026-08-13 12:01:00,315.27,315.29,315.27,315.29,0.01,92.44,29279.48,1
2026-08-13,2026-08-13 12:02:00,315.29,315.31,315.29,315.31,0.01,92.44,29279.48,1
2026-08-13,2026-08-13 12:03:00,315.31,315.33,315.31,315.33,0.01,92.44,29279.48,1
2026-08-13,2026-08-13 12:04:00,315.33,315.35,315.33,315.35,0.01,92.44,29279.48,1
2026-08-13,2026-08-13 12:05:00,315.35,315.38,315.35,315.38,0.01,92.44,29279.48,1
2026-08-13,2026-08-13 12:06:00,315.38,315.4,315.38,315.4,0.01,92.44,29279.48,1
2026-08-13,2026-08-13 12:07:00,315.4,315.42,315.4,315.42,0.01,92.44,29279.48,1
2026-08-13,2026-08-13 12:08:00,315.42,315.44,315.42,315.44,0.01,92.44,29279.48,1
2026-08-13,2026-08-13 12:09:00,315.44,315.46,315.44,315.46,0.01,92.44,29279.48,1
2026-08-13,2026-08-13 12:10:00,315.46,315.48,315.46,315.48,0.01,92.44,29279.48,1
2026-08-13,2026-08-13 12:11:00,315.48,315.5,315.48,315.5,0.01,92.44,29279.48,1
2026-08-13,2026-08-13 12:12:00,315.5,315.52,315.5,315.52,0.01,92.44,29279.48,1
2026-08-13,2026-08-13 12:13:00,315.52,315.54,315.52,315.54,0.01,92.44,29279.48,1
2026-08-13,2026-08-13 12:14:00,315.54,315.56,315.54,315.56,0.01,92.44,29279.48,1
2026-08-13,2026-08-13 12:15:00,315.56,315.58,315.56,315.58,0.01,92.44,29279.48,1
2026-08-13,2026-08-13 12:16:00,315.58,315.6,315.58,315.6,0.01,92.44,29279.48,1
2026-08-13,2026-08-13 12:17:00,315.6,315.62,315.6,315.62,0.01,92.44,29279.48,1
2026-08-13,2026-08-13 12:18:00,315.62,315.65,315.62,315.65,0.01,92.44,29279.48,1
2026-08-13,2026-08-13 12:19:00,315.65,315.67,315.65,315.67,0.01,92.44,29279.48,1
2026-08-13,2026-08-13 12:20:00,315.67,315.69,315.67,315.69,0.01,92.44,29279.48,1
2026-08-13,2026-08-13 12:21:00,315.69,315.71,315.69,315.71,0.01,92.44,29279.48,1
2026-08-13,2026-08-13 12:22:00,315.71,315.73,315.71,315.73,0.01,92.44,29279.48,1
2026-08-13,2026-08-13 12:23:00,315.73,315.75,315.73,315.75,0.01,92.44,29279.48,1
2026-08-13,2026-08-13 12:24:00,315.75,315.77,315.75,315.77,0.01,92.44,29279.48,1
2026-08-13,2026-08-13 12:25:00,315.77,315.79,315.77,315.79,0.01,92.44,29279.48,1
2026-08-13,2026-08-13 12:26:00,315.79,315.81,315.79,315.81,0.01,92.44,29279.48,1
2026-08-13,2026-08-13 12:27:00,315.81,315.83,315.81,315.83,0.01,92.44,29279.48,1
2026-08-13,2026-08-13 12:28:00,315.83,315.85,315.83,315.85,0.01,92.44,29279.48,1
2026-08-13,2026-08-13 12:29:00,315.85,315.88,315.85,315.88,0.01,92.44,29279.48,1
2026-08-13,2026-08-13 12:30:00,315.88,315.9,315.88,315.9,0.01,92.44,29279.48,1
2026-08-13,2026-08-13 12:31:00,315.9,315.92,315.9,315.92,0.01,92.44,29279.48,1
2026-08-13,2026-08-13 12:32:00,315.92,315.94,315.92,315.94,0.01,92.44,29279.48,1
2026-08-13,2026-08-13 12:33:00,315.94,315.96,315.94,315.96,0.01,92.44,29279.48,1
2026-08-13,2026-08-13 12:34:00,315.96,315.98,315.96,315.98,0.01,92.44,29279.48,1
2026-08-13,2026-08-13 12:35:00,315.98,316.0,315.98,316.0,0.01,92.44,29279.48,1
2026-08-13,2026-08-13 12:36:00,316.0,316.02,316.0,316.02,0.01,92.44,29279.48,1
2026-08-13,2026-08-13 12:37:00,316.02,316.04,316.02,316.04,0.01,92.44,29279.48,1
2026-08-13,2026-08-13 12:38:00,316.04,316.06,316.04,316.06,0.01,92.44,29279.48,1
2026-08-13,2026-08-13 12:39:00,316.06,316.08,316.06,316.08,0.01,92.44,29279.48,1
2026-08-13,2026-08-13 12:40:00,316.08,316.1,316.08,316.1,0.01,92.44,29279.48,1
2026-08-13,2026-08-13 12:41:00,316.1,316.12,316.1,316.12,0.01,92.44,29279.48,1
2026-08-13,2026-08-13 12:42:00,316.12,316.15,316.12,316.15,0.01,92.44,29279.48,1
2026-08-13,2026-08-13 12:43:00,316.15,316.17,316.15,316.17,0.01,92.44,29279.48,1
2026-08-13,2026-08-13 12:44:00,316.17,316.19,316.17,316.19,0.01,92.44,29279.48,1
2026-08-13,2026-08-13 12:45:00,316.19,316.21,316.19,316.21,0.01,92.44,29279.48,1
2026-08-13,2026-08-13 12:46:00,316.21,316.23,316.21,316.23,0.01,92.44,29279.48,1
2026-08-13,2026-08-13 12:47:00,316.23,316.25,316.23,316.25,0.01,92.44,29279.48,1
2026-08-13,2026-08-13 12:48:00,316.25,316.27,316.25,316.27,0.01,92.44,29279.48,1
2026-08-13,2026-08-13 12:49:00,316.27,316.29,316.27,316.29,0.01,92.44,29279.48,1
2026-08-13,2026-08-13 12:50:00,316.29,316.31,316.29,316.31,0.01,92.44,29279.48,1
2026-08-13,2026-08-13 12:51:00,316.31,316.33,316.31,316.33,0.01,92.44,29279.48,1
2026-08-13,2026-08-13 12:52:00,316.33,316.35,316.33,316.35,0.01,92.44,29279.48,1
2026-08-13,2026-08-13 12:53:00,316.35,316.38,316.35,316.38,0.01,92.44,29279.48,1
2026-08-13,2026-08-13 12:54:00,316.38,316.4,316.38,316.4,0.01,92.44,29279.48,1
2026-08-13,2026-08-13 12:55:00,316.4,316.42,316.4,316.42,0.01,92.44,29279.48,1
2026-08-13,2026-08-13 12:56:00,316.42,316.44,316.42,316.44,0.01,92.44,29279.48,1
2026-08-13,2026-08-13 12:57:00,316.44,316.46,316.44,316.46,0.01,92.44,29279.48,1
2026-08-13,2026-08-13 12:58:00,316.46,316.48,316.46,316.48,0.01,92.44,29279.48,1
2026-08-13,2026-08-13 12:59:00,316.48,316.5,316.48,316.5,0.01,92.44,29279.48,1
2026-08-13,2026-08-13 13:00:00,316.5,324.0,312.5,316.52,0.01,92.44,29279.48,1
2026-08-13,2026-08-13 13:01:00,316.52,316.54,316.52,316.54,0.01,92.44,29279.48,1
2026-08-13,2026-08-13 13:02:00,316.54,316.56,316.54,316.56,0.01,92.44,29279.48,1
2026-08-13,2026-08-13 13:03:00,316.56,316.58,316.56,316.58,0.01,92.44,29279.48,1
2026-08-13,2026-08-13 13:04:00,316.58,316.6,316.58,316.6,0.01,92.44,29279.48,1
2026-08-13,2026-08-13 13:05:00,316.6,316.62,316.6,316.62,0.01,92.44,29279.48,1
2026-08-13,2026-08-13 13:06:00,316.62,316.65,316.62,316.65,0.01,92.44,29279.48,1
2026-08-13,2026-08-13 13:07:00,316.65,316.67,316.65,316.67,0.01,92.44,29279.48,1
2026-08-13,2026-08-13 13:08:00,316.67,316.69,316.67,316.69,0.01,92.44,29279.48,1
2026-08-13,2026-08-13 13:09:00,316.69,316.71,316.69,316.71,0.01,92.44,29279.48,1
2026-08-13,2026-08-13 13:10:00,316.71,316.73,316.71,316.73,0.01,92.44,29279.48,1
2026-08-13,2026-08-13 13:11:00,316.73,316.75,316.73,316.75,0.01,92.44,29279.48,1
2026-08-13,2026-08-13 13:12:00,316.75,316.77,316.75,316.77,0.01,92.44,29279.48,1
2026-08-13,2026-08-13 13:13:00,316.77,316.79,316.77,316.79,0.01,92.44,29279.48,1
2026-08-13,2026-08-13 13:14:00,316.79,316.81,316.79,316.81,0.01,92.44,29279.48,1
2026-08-13,2026-08-13 13:15:00,316.81,316.83,316.81,316.83,0.01,92.44,29279.48,1
2026-08-13,2026-08-13 13:16:00,316.83,316.85,316.83,316.85,0.01,92.44,29279.48,1
2026-08-13,2026-08-13 13:17:00,316.85,316.88,316.85,316.88,0.01,92.44,29279.48,1
2026-08-13,2026-08-13 13:18:00,316.88,316.9,316.88,316.9,0.01,92.44,29279.48,1
2026-08-13,2026-08-13 13:19:00,316.9,316.92,316.9,316.92,0.01,92.44,29279.48,1
2026-08-13,2026-08-13 13:20:00,316.92,316.94,316.92,316.94,0.01,92.44,29279.48,1
2026-08-13,2026-08-13 13:21:00,316.94,316.96,316.94,316.96,0.01,92.44,29279.48,1
2026-08-13,2026-08-13 13:22:00,316.96,316.98,316.96,316.98,0.01,92.44,29279.48,1
2026-08-13,2026-08-13 13:23:00,316.98,317.0,316.98,317.0,0.01,92.44,29279.48,1
2026-08-13,2026-08-13 13:24:00,317.0,317.02,317.0,317.02,0.01,92.44,29279.48,1
2026-08-13,2026-08-13 13:25:00,317.02,317.04,317.02,317.04,0.01,92.44,29279.48,1
2026-08-13,2026-08-13 13:26:00,317.04,317.06,317.04,317.06,0.01,92.44,29279.48,1
2026-08-13,2026-08-13 13:27:00,317.06,317.08,317.06,317.08,0.01,92.44,29279.48,1
2026-08-13,2026-08-13 13:28:00,317.08,317.1,317.08,317.1,0.01,92.44,29279.48,1
2026-08-13,2026-08-13 13:29:00,317.1,317.12,317.1,317.12,0.01,92.44,29279.48,1
2026-08-13,2026-08-13 13:30:00,317.12,317.15,317.12,317.15,0.01,92.44,29279.48,1
2026-08-13,2026-08-13 13:31:00,317.15,317.17,317.15,317.17,0.01,92.44,29279.48,1
2026-08-13,2026-08-13 13:32:00,317.17,317.19,317.17,317.19,0.01,92.44,29279.48,1
2026-08-13,2026-08-13 13:33:00,317.19,317.21,317.19,317.21,0.01,92.44,29279.48,1
2026-08-13,2026-08-13 13:34:00,317.21,317.23,317.21,317.23,0.01,92.44,29279.48,1
2026-08-13,2026-08-13 13:35:00,317.23,317.25,317.23,317.25,0.01,92.44,29279.48,1
2026-08-13,2026-08-13 13:36:00,317.25,317.27,317.25,317.27,0.01,92.44,29279.48,1
2026-08-13,2026-08-13 13:37:00,317.27,317.29,317.27,317.29,0.01,92.44,29279.48,1
2026-08-13,2026-08-13 13:38:00,317.29,317.31,317.29,317.31,0.01,92.44,29279.48,1
2026-08-13,2026-08-13 13:39:00,317.31,317.33,317.31,317.33,0.01,92.44,29279.48,1
2026-08-13,2026-08-13 13:40:00,317.33,317.35,317.33,317.35,0.01,92.44,29279.48,1
2026-08-13,2026-08-13 13:41:00,317.35,317.38,317.35,317.38,0.01,92.44,29279.48,1
2026-08-13,2026-08-13 13:42:00,317.38,317.4,317.38,317.4,0.01,92.44,29279.48,1
2026-08-13,2026-08-13 13:43:00,317.4,317.42,317.4,317.42,0.01,92.44,29279.48,1
2026-08-13,2026-08-13 13:44:00,317.42,317.44,317.42,317.44,0.01,92.44,29279.48,1
2026-08-13,2026-08-13 13:45:00,317.44,317.46,317.44,317.46,0.01,92.44,29279.48,1
2026-08-13,2026-08-13 13:46:00,317.46,317.48,317.46,317.48,0.01,92.44,29279.48,1
2026-08-13,2026-08-13 13:47:00,317.48,317.5,317.48,317.5,0.01,92.44,29279.48,1
2026-08-13,2026-08-13 13:48:00,317.5,317.52,317.5,317.52,0.01,92.44,29279.48,1
2026-08-13,2026-08-13 13:49:00,317.52,317.54,317.52,317.54,0.01,92.44,29279.48,1
2026-08-13,2026-08-13 13:50:00,317.54,317.56,317.54,317.56,0.01,92.44,29279.48,1
2026-08-13,2026-08-13 13:51:00,317.56,317.58,317.56,317.58,0.01,92.44,29279.48,1
2026-08-13,2026-08-13 13:52:00,317.58,317.6,317.58,317.6,0.01,92.44,29279.48,1
2026-08-13,2026-08-13 13:53:00,317.6,317.62,317.6,317.62,0.01,92.44,29279.48,1
2026-08-13,2026-08-13 13:54:00,317.62,317.65,317.62,317.65,0.01,92.44,29279.48,1
2026-08-13,2026-08-13 13:55:00,317.65,317.67,317.65,317.67,0.01,92.44,29279.48,1
2026-08-13,2026-08-13 13:56:00,317.67,317.69,317.67,317.69,0.01,92.44,29279.48,1
2026-08-13,2026-08-13 13:57:00,317.69,317.71,317.69,317.71,0.01,92.44,29279.48,1
2026-08-13,2026-08-13 13:58:00,317.71,317.73,317.71,317.73,0.01,92.44,29279.48,1
2026-08-13,2026-08-13 13:59:00,317.73,317.75,317.73,317.75,0.01,92.44,29279.48,1
2026-08-13,2026-08-13 14:00:00,317.75,317.77,317.75,317.77,0.01,92.44,29279.48,1
2026-08-13,2026-08-13 14:01:00,317.77,317.79,317.77,317.79,0.01,92.44,29279.48,1
2026-08-13,2026-08-13 14:02:00,317.79,317.81,317.79,317.81,0.01,92.44,29279.48,1
2026-08-13,2026-08-13 14:03:00,317.81,317.83,317.81,317.83,0.01,92.44,29279.48,1
2026-08-13,2026-08-13 14:04:00,317.83,317.85,317.83,317.85,0.01,92.44,29279.48,1
2026-08-13,2026-08-13 14:05:00,317.85,317.88,317.85,317.88,0.01,92.44,29279.48,1
2026-08-13,2026-08-13 14:06:00,317.88,317.9,317.88,317.9,0.01,92.44,29279.48,1
2026-08-13,2026-08-13 14:07:00,317.9,317.92,317.9,317.92,0.01,92.44,29279.48,1
2026-08-13,2026-08-13 14:08:00,317.92,317.94,317.92,317.94,0.01,92.44,29279.48,1
2026-08-13,2026-08-13 14:09:00,317.94,317.96,317.94,317.96,0.01,92.44,29279.48,1
2026-08-13,2026-08-13 14:10:00,317.96,317.98,317.96,317.98,0.01,92.44,29279.48,1
2026-08-13,2026-08-13 14:11:00,317.98,318.0,317.98,318.0,0.01,92.44,29279.48,1
2026-08-13,2026-08-13 14:12:00,318.0,318.02,318.0,318.02,0.01,92.44,29279.48,1
2026-08-13,2026-08-13 14:13:00,318.02,318.04,318.02,318.04,0.01,92.44,29279.48,1
2026-08-13,2026-08-13 14:14:00,318.04,318.06,318.04,318.06,0.01,92.44,29279.48,1
2026-08-13,2026-08-13 14:15:00,318.06,318.08,318.06,318.08,0.01,92.44,29279.48,1
2026-08-13,2026-08-13 14:16:00,318.08,318.1,318.08,318.1,0.01,92.44,29279.48,1
2026-08-13,2026-08-13 14:17:00,318.1,318.12,318.1,318.12,0.01,92.44,29279.48,1
2026-08-13,2026-08-13 14:18:00,318.12,318.15,318.12,318.15,0.01,92.44,29279.48,1
2026-08-13,2026-08-13 14:19:00,318.15,318.17,318.15,318.17,0.01,92.44,29279.48,1
2026-08-13,2026-08-13 14:20:00,318.17,318.19,318.17,318.19,0.01,92.44,29279.48,1
2026-08-13,2026-08-13 14:21:00,318.19,318.21,318.19,318.21,0.01,92.44,29279.48,1
2026-08-13,2026-08-13 14:22:00,318.21,318.23,318.21,318.23,0.01,92.44,29279.48,1
2026-08-13,2026-08-13 14:23:00,318.23,318.25,318.23,318.25,0.01,92.44,29279.48,1
2026-08-13,2026-08-13 14:24:00,318.25,318.27,318.25,318.27,0.01,92.44,29279.48,1
2026-08-13,2026-08-13 14:25:00,318.27,318.29,318.27,318.29,0.01,92.44,29279.48,1
2026-08-13,2026-08-13 14:26:00,318.29,318.31,318.29,318.31,0.01,92.44,29279.48,1
2026-08-13,2026-08-13 14:27:00,318.31,318.33,318.31,318.33,0.01,92.44,29279.48,1
2026-08-13,2026-08-13 14:28:00,318.33,318.35,318.33,318.35,0.01,92.44,29279.48,1
2026-08-13,2026-08-13 14:29:00,318.35,318.38,318.35,318.38,0.01,92.44,29279.48,1
2026-08-13,2026-08-13 14:30:00,318.38,318.4,318.38,318.4,0.01,92.44,29279.48,1
2026-08-13,2026-08-13 14:31:00,318.4,318.42,318.4,318.42,0.01,92.44,29279.48,1
2026-08-13,2026-08-13 14:32:00,318.42,318.44,318.42,318.44,0.01,92.44,29279.48,1
2026-08-13,2026-08-13 14:33:00,318.44,318.46,318.44,318.46,0.01,92.44,29279.48,1
2026-08-13,2026-08-13 14:34:00,318.46,318.48,318.46,318.48,0.01,92.44,29279.48,1
2026-08-13,2026-08-13 14:35:00,318.48,318.5,318.48,318.5,0.01,92.44,29279.48,1
2026-08-13,2026-08-13 14:36:00,318.5,318.52,318.5,318.52,0.01,92.44,29279.48,1
2026-08-13,2026-08-13 14:37:00,318.52,318.54,318.52,318.54,0.01,92.44,29279.48,1
2026-08-13,2026-08-13 14:38:00,318.54,318.56,318.54,318.56,0.01,92.44,29279.48,1
2026-08-13,2026-08-13 14:39:00,318.56,318.58,318.56,318.58,0.01,92.44,29279.48,1
2026-08-13,2026-08-13 14:40:00,318.58,318.6,318.58,318.6,0.01,92.44,29279.48,1
2026-08-13,2026-08-13 14:41:00,318.6,318.62,318.6,318.62,0.01,92.44,29279.48,1
2026-08-13,2026-08-13 14:42:00,318.62,318.65,318.62,318.65,0.01,92.44,29279.48,1
2026-08-13,2026-08-13 14:43:00,318.65,318.67,318.65,318.67,0.01,92.44,29279.48,1
2026-08-13,2026-08-13 14:44:00,318.67,318.69,318.67,318.69,0.01,92.44,29279.48,1
2026-08-13,2026-08-13 14:45:00,318.69,318.71,318.69,318.71,0.01,92.44,29279.48,1
2026-08-13,2026-08-13 14:46:00,318.71,318.73,318.71,318.73,0.01,92.44,29279.48,1
2026-08-13,2026-08-13 14:47:00,318.73,318.75,318.73,318.75,0.01,92.44,29279.48,1
2026-08-13,2026-08-13 14:48:00,318.75,318.77,318.75,318.77,0.01,92.44,29279.48,1
2026-08-13,2026-08-13 14:49:00,318.77,318.79,318.77,318.79,0.01,92.44,29279.48,1
2026-08-13,2026-08-13 14:50:00,318.79,318.81,318.79,318.81,0.01,92.44,29279.48,1
2026-08-13,2026-08-13 14:51:00,318.81,318.83,318.81,318.83,0.01,92.44,29279.48,1
2026-08-13,2026-08-13 14:52:00,318.83,318.85,318.83,318.85,0.01,92.44,29279.48,1
2026-08-13,2026-08-13 14:53:00,318.85,318.88,318.85,318.88,0.01,92.44,29279.48,1
2026-08-13,2026-08-13 14:54:00,318.88,318.9,318.88,318.9,0.01,92.44,29279.48,1
2026-08-13,2026-08-13 14:55:00,318.9,318.92,318.9,318.92,0.01,92.44,29279.48,1
2026-08-13,2026-08-13 14:56:00,318.92,318.94,318.92,318.94,0.01,92.44,29279.48,1
2026-08-13,2026-08-13 14:57:00,318.94,318.96,318.94,318.96,0.01,92.44,29279.48,1
2026-08-13,2026-08-13 14:58:00,318.96,318.98,318.96,318.98,0.01,92.44,29279.48,1
2026-08-13,2026-08-13 14:59:00,318.98,319.0,318.98,319.0,0.01,92.44,29279.48,1
2026-08-13,2026-08-13 15:00:00,319.0,324.0,312.5,319.0,0.0,92.44,29279.48,0
2026-08-14,2026-08-14 11:00:00,322.7,322.7,320.39,322.69,-0.0,37.2,11827.95,-1
2026-08-14,2026-08-14 11:01:00,322.69,322.69,322.67,322.67,-0.01,37.2,11827.95,-1
2026-08-14,2026-08-14 11:02:00,322.67,322.67,322.66,322.66,-0.0,37.2,11827.95,-1
2026-08-14,2026-08-14 11:03:00,322.66,322.66,322.64,322.64,-0.01,37.2,11827.95,-1
2026-08-14,2026-08-14 11:04:00,322.64,322.64,322.63,322.63,-0.0,37.2,11827.95,-1
2026-08-14,2026-08-14 11:05:00,322.63,322.63,322.62,322.62,-0.0,37.2,11827.95,-1
2026-08-14,2026-08-14 11:06:00,322.62,322.62,322.6,322.6,-0.01,37.2,11827.95,-1
2026-08-14,2026-08-14 11:07:00,322.6,322.6,322.59,322.59,-0.0,37.2,11827.95,-1
2026-08-14,2026-08-14 11:08:00,322.59,322.59,322.58,322.58,-0.0,37.2,11827.95,-1
2026-08-14,2026-08-14 11:09:00,322.58,322.58,322.56,322.56,-0.01,37.2,11827.95,-1
2026-08-14,2026-08-14 11:10:00,322.56,322.56,322.55,322.55,-0.0,37.2,11827.95,-1
2026-08-14,2026-08-14 11:11:00,322.55,322.55,322.53,322.53,-0.01,37.2,11827.95,-1
2026-08-14,2026-08-14 11:12:00,322.53,322.53,322.52,322.52,-0.0,37.2,11827.95,-1
2026-08-14,2026-08-14 11:13:00,322.52,322.52,322.51,322.51,-0.0,37.2,11827.95,-1
2026-08-14,2026-08-14 11:14:00,322.51,322.51,322.49,322.49,-0.01,37.2,11827.95,-1
2026-08-14,2026-08-14 11:15:00,322.49,322.49,322.48,322.48,-0.0,37.2,11827.95,-1
2026-08-14,2026-08-14 11:16:00,322.48,322.48,322.47,322.47,-0.0,37.2,11827.95,-1
2026-08-14,2026-08-14 11:17:00,322.47,322.47,322.45,322.45,-0.01,37.2,11827.95,-1
2026-08-14,2026-08-14 11:18:00,322.45,322.45,322.44,322.44,-0.0,37.2,11827.95,-1
2026-08-14,2026-08-14 11:19:00,322.44,322.44,322.43,322.43,-0.0,37.2,11827.95,-1
2026-08-14,2026-08-14 11:20:00,322.43,322.43,322.41,322.41,-0.01,37.2,11827.95,-1
2026-08-14,2026-08-14 11:21:00,322.41,322.41,322.4,322.4,-0.0,37.2,11827.95,-1
2026-08-14,2026-08-14 11:22:00,322.4,322.4,322.38,322.38,-0.01,37.2,11827.95,-1
2026-08-14,2026-08-14 11:23:00,322.38,322.38,322.37,322.37,-0.0,37.2,11827.95,-1
2026-08-14,2026-08-14 11:24:00,322.37,322.37,322.36,322.36,-0.0,37.2,11827.95,-1
2026-08-14,2026-08-14 11:25:00,322.36,322.36,322.34,322.34,-0.01,37.2,11827.95,-1
2026-08-14,2026-08-14 11:26:00,322.34,322.34,322.33,322.33,-0.0,37.2,11827.95,-1
2026-08-14,2026-08-14 11:27:00,322.33,322.33,322.31,322.31,-0.01,37.2,11827.95,-1
2026-08-14,2026-08-14 11:28:00,322.31,322.31,322.3,322.3,-0.0,37.2,11827.95,-1
2026-08-14,2026-08-14 11:29:00,322.3,322.3,322.29,322.29,-0.0,37.2,11827.95,-1
2026-08-14,2026-08-14 11:30:00,322.29,322.29,322.27,322.27,-0.01,37.2,11827.95,-1
2026-08-14,2026-08-14 11:31:00,322.27,322.27,322.26,322.26,-0.0,37.2,11827.95,-1
2026-08-14,2026-08-14 11:32:00,322.26,322.26,322.25,322.25,-0.0,37.2,11827.95,-1
2026-08-14,2026-08-14 11:33:00,322.25,322.25,322.23,322.23,-0.01,37.2,11827.95,-1
2026-08-14,2026-08-14 11:34:00,322.23,322.23,322.22,322.22,-0.0,37.2,11827.95,-1
2026-08-14,2026-08-14 11:35:00,322.22,322.22,322.2,322.2,-0.01,37.2,11827.95,-1
2026-08-14,2026-08-14 11:36:00,322.2,322.2,322.19,322.19,-0.0,37.2,11827.95,-1
2026-08-14,2026-08-14 11:37:00,322.19,322.19,322.18,322.18,-0.0,37.2,11827.95,-1
2026-08-14,2026-08-14 11:38:00,322.18,322.18,322.16,322.16,-0.01,37.2,11827.95,-1
2026-08-14,2026-08-14 11:39:00,322.16,322.16,322.15,322.15,-0.0,37.2,11827.95,-1
2026-08-14,2026-08-14 11:40:00,322.15,322.15,322.14,322.14,-0.0,37.2,11827.95,-1
2026-08-14,2026-08-14 11:41:00,322.14,322.14,322.12,322.12,-0.01,37.2,11827.95,-1
2026-08-14,2026-08-14 11:42:00,322.12,322.12,322.11,322.11,-0.0,37.2,11827.95,-1
2026-08-14,2026-08-14 11:43:00,322.11,322.11,322.09,322.09,-0.01,37.2,11827.95,-1
2026-08-14,2026-08-14 11:44:00,322.09,322.09,322.08,322.08,-0.0,37.2,11827.95,-1
2026-08-14,2026-08-14 11:45:00,322.08,322.08,322.07,322.07,-0.0,37.2,11827.95,-1
2026-08-14,2026-08-14 11:46:00,322.07,322.07,322.05,322.05,-0.01,37.2,11827.95,-1
2026-08-14,2026-08-14 11:47:00,322.05,322.05,322.04,322.04,-0.0,37.2,11827.95,-1
2026-08-14,2026-08-14 11:48:00,322.04,322.04,322.03,322.03,-0.0,37.2,11827.95,-1
2026-08-14,2026-08-14 11:49:00,322.03,322.03,322.01,322.01,-0.01,37.2,11827.95,-1
2026-08-14,2026-08-14 11:50:00,322.01,322.01,322.0,322.0,-0.0,37.2,11827.95,-1
2026-08-14,2026-08-14 11:51:00,322.0,322.0,321.99,321.99,-0.0,37.2,11827.95,-1
2026-08-14,2026-08-14 11:52:00,321.99,321.99,321.97,321.97,-0.01,37.2,11827.95,-1
2026-08-14,2026-08-14 11:53:00,321.97,321.97,321.96,321.96,-0.0,37.2,11827.95,-1
2026-08-14,2026-08-14 11:54:00,321.96,321.96,321.94,321.94,-0.01,37.2,11827.95,-1
2026-08-14,2026-08-14 11:55:00,321.94,321.94,321.93,321.93,-0.0,37.2,11827.95,-1
2026-08-14,2026-08-14 11:56:00,321.93,321.93,321.92,321.92,-0.0,37.2,11827.95,-1
2026-08-14,2026-08-14 11:57:00,321.92,321.92,321.9,321.9,-0.01,37.2,11827.95,-1
2026-08-14,2026-08-14 11:58:00,321.9,321.9,321.89,321.89,-0.0,37.2,11827.95,-1
2026-08-14,2026-08-14 11:59:00,321.89,321.89,321.88,321.88,-0.0,37.2,11827.95,-1
2026-08-14,2026-08-14 12:00:00,321.88,321.88,321.86,321.86,-0.01,37.2,11827.95,-1
2026-08-14,2026-08-14 12:01:00,321.86,321.86,321.85,321.85,-0.0,37.2,11827.95,-1
2026-08-14,2026-08-14 12:02:00,321.85,321.85,321.83,321.83,-0.01,37.2,11827.95,-1
2026-08-14,2026-08-14 12:03:00,321.83,321.83,321.82,321.82,-0.0,37.2,11827.95,-1
2026-08-14,2026-08-14 12:04:00,321.82,321.82,321.81,321.81,-0.0,37.2,11827.95,-1
2026-08-14,2026-08-14 12:05:00,321.81,321.81,321.79,321.79,-0.01,37.2,11827.95,-1
2026-08-14,2026-08-14 12:06:00,321.79,321.79,321.78,321.78,-0.0,37.2,11827.95,-1
2026-08-14,2026-08-14 12:07:00,321.78,321.78,321.76,321.76,-0.01,37.2,11827.95,-1
2026-08-14,2026-08-14 12:08:00,321.76,321.76,321.75,321.75,-0.0,37.2,11827.95,-1
2026-08-14,2026-08-14 12:09:00,321.75,321.75,321.74,321.74,-0.0,37.2,11827.95,-1
2026-08-14,2026-08-14 12:10:00,321.74,321.74,321.72,321.72,-0.01,37.2,11827.95,-1
2026-08-14,2026-08-14 12:11:00,321.72,321.72,321.71,321.71,-0.0,37.2,11827.95,-1
2026-08-14,2026-08-14 12:12:00,321.71,321.71,321.7,321.7,-0.0,37.2,11827.95,-1
2026-08-14,2026-08-14 12:13:00,321.7,321.7,321.68,321.68,-0.01,37.2,11827.95,-1
2026-08-14,2026-08-14 12:14:00,321.68,321.68,321.67,321.67,-0.0,37.2,11827.95,-1
2026-08-14,2026-08-14 12:15:00,321.67,321.67,321.65,321.65,-0.01,37.2,11827.95,-1
2026-08-14,2026-08-14 12:16:00,321.65,321.65,321.64,321.64,-0.0,37.2,11827.95,-1
2026-08-14,2026-08-14 12:17:00,321.64,321.64,321.63,321.63,-0.0,37.2,11827.95,-1
2026-08-14,2026-08-14 12:18:00,321.63,321.63,321.61,321.61,-0.01,37.2,11827.95,-1
2026-08-14,2026-08-14 12:19:00,321.61,321.61,321.6,321.6,-0.0,37.2,11827.95,-1
2026-08-14,2026-08-14 12:20:00,321.6,321.6,321.59,321.59,-0.0,37.2,11827.95,-1
2026-08-14,2026-08-14 12:21:00,321.59,321.59,321.57,321.57,-0.01,37.2,11827.95,-1
2026-08-14,2026-08-14 12:22:00,321.57,321.57,321.56,321.56,-0.0,37.2,11827.95,-1
2026-08-14,2026-08-14 12:23:00,321.56,321.56,321.54,321.54,-0.01,37.2,11827.95,-1
2026-08-14,2026-08-14 12:24:00,321.54,321.54,321.53,321.53,-0.0,37.2,11827.95,-1
2026-08-14,2026-08-14 12:25:00,321.53,321.53,321.52,321.52,-0.0,37.2,11827.95,-1
2026-08-14,2026-08-14 12:26:00,321.52,321.52,321.5,321.5,-0.01,37.2,11827.95,-1
2026-08-14,2026-08-14 12:27:00,321.5,321.5,321.49,321.49,-0.0,37.2,11827.95,-1
2026-08-14,2026-08-14 12:28:00,321.49,321.49,321.48,321.48,-0.0,37.2,11827.95,-1
2026-08-14,2026-08-14 12:29:00,321.48,321.48,321.46,321.46,-0.01,37.2,11827.95,-1
2026-08-14,2026-08-14 12:30:00,321.46,321.46,321.45,321.45,-0.0,37.2,11827.95,-1
2026-08-14,2026-08-14 12:31:00,321.45,321.45,321.44,321.44,-0.0,37.2,11827.95,-1
2026-08-14,2026-08-14 12:32:00,321.44,321.44,321.42,321.42,-0.01,37.2,11827.95,-1
2026-08-14,2026-08-14 12:33:00,321.42,321.42,321.41,321.41,-0.0,37.2,11827.95,-1
2026-08-14,2026-08-14 12:34:00,321.41,321.41,321.39,321.39,-0.01,37.2,11827.95,-1
2026-08-14,2026-08-14 12:35:00,321.39,321.39,321.38,321.38,-0.0,37.2,11827.95,-1
2026-08-14,2026-08-14 12:36:00,321.38,321.38,321.37,321.37,-0.0,37.2,11827.95,-1
2026-08-14,2026-08-14 12:37:00,321.37,321.37,321.35,321.35,-0.01,37.2,11827.95,-1
2026-08-14,2026-08-14 12:38:00,321.35,321.35,321.34,321.34,-0.0,37.2,11827.95,-1
2026-08-14,2026-08-14 12:39:00,321.34,321.34,321.32,321.32,-0.01,37.2,11827.95,-1
2026-08-14,2026-08-14 12:40:00,321.32,321.32,321.31,321.31,-0.0,37.2,11827.95,-1
2026-08-14,2026-08-14 12:41:00,321.31,321.31,321.3,321.3,-0.0,37.2,11827.95,-1
2026-08-14,2026-08-14 12:42:00,321.3,321.3,321.28,321.28,-0.01,37.2,11827.95,-1
2026-08-14,2026-08-14 12:43:00,321.28,321.28,321.27,321.27,-0.0,37.2,11827.95,-1
2026-08-14,2026-08-14 12:44:00,321.27,321.27,321.26,321.26,-0.0,37.2,11827.95,-1
2026-08-14,2026-08-14 12:45:00,321.26,321.26,321.24,321.24,-0.01,37.2,11827.95,-1
2026-08-14,2026-08-14 12:46:00,321.24,321.24,321.23,321.23,-0.0,37.2,11827.95,-1
2026-08-14,2026-08-14 12:47:00,321.23,321.23,321.21,321.21,-0.01,37.2,11827.95,-1
2026-08-14,2026-08-14 12:48:00,321.21,321.21,321.2,321.2,-0.0,37.2,11827.95,-1
2026-08-14,2026-08-14 12:49:00,321.2,321.2,321.19,321.19,-0.0,37.2,11827.95,-1
2026-08-14,2026-08-14 12:50:00,321.19,321.19,321.17,321.17,-0.01,37.2,11827.95,-1
2026-08-14,2026-08-14 12:51:00,321.17,321.17,321.16,321.16,-0.0,37.2,11827.95,-1
2026-08-14,2026-08-14 12:52:00,321.16,321.16,321.15,321.15,-0.0,37.2,11827.95,-1
2026-08-14,2026-08-14 12:53:00,321.15,321.15,321.13,321.13,-0.01,37.2,11827.95,-1
2026-08-14,2026-08-14 12:54:00,321.13,321.13,321.12,321.12,-0.0,37.2,11827.95,-1
2026-08-14,2026-08-14 12:55:00,321.12,321.12,321.1,321.1,-0.01,37.2,11827.95,-1
2026-08-14,2026-08-14 12:56:00,321.1,321.1,321.09,321.09,-0.0,37.2,11827.95,-1
2026-08-14,2026-08-14 12:57:00,321.09,321.09,321.08,321.08,-0.0,37.2,11827.95,-1
2026-08-14,2026-08-14 12:58:00,321.08,321.08,321.06,321.06,-0.01,37.2,11827.95,-1
2026-08-14,2026-08-14 12:59:00,321.06,321.06,321.05,321.05,-0.0,37.2,11827.95,-1
2026-08-14,2026-08-14 13:00:00,321.05,322.7,315.0,321.04,-0.0,37.2,11827.95,-1
2026-08-14,2026-08-14 13:01:00,321.04,321.04,321.02,321.02,-0.01,37.2,11827.95,-1
2026-08-14,2026-08-14 13:02:00,321.02,321.02,321.01,321.01,-0.0,37.2,11827.95,-1
2026-08-14,2026-08-14 13:03:00,321.01,321.01,321.0,321.0,-0.0,37.2,11827.95,-1
2026-08-14,2026-08-14 13:04:00,321.0,321.0,320.98,320.98,-0.01,37.2,11827.95,-1
2026-08-14,2026-08-14 13:05:00,320.98,320.98,320.97,320.97,-0.0,37.2,11827.95,-1
2026-08-14,2026-08-14 13:06:00,320.97,320.97,320.95,320.95,-0.01,37.2,11827.95,-1
2026-08-14,2026-08-14 13:07:00,320.95,320.95,320.94,320.94,-0.0,37.2,11827.95,-1
2026-08-14,2026-08-14 13:08:00,320.94,320.94,320.93,320.93,-0.0,37.2,11827.95,-1
2026-08-14,2026-08-14 13:09:00,320.93,320.93,320.91,320.91,-0.01,37.2,11827.95,-1
2026-08-14,2026-08-14 13:10:00,320.91,320.91,320.9,320.9,-0.0,37.2,11827.95,-1
2026-08-14,2026-08-14 13:11:00,320.9,320.9,320.88,320.88,-0.01,37.2,11827.95,-1
2026-08-14,2026-08-14 13:12:00,320.88,320.88,320.87,320.87,-0.0,37.2,11827.95,-1
2026-08-14,2026-08-14 13:13:00,320.87,320.87,320.86,320.86,-0.0,37.2,11827.95,-1
2026-08-14,2026-08-14 13:14:00,320.86,320.86,320.84,320.84,-0.01,37.2,11827.95,-1
2026-08-14,2026-08-14 13:15:00,320.84,320.84,320.83,320.83,-0.0,37.2,11827.95,-1
2026-08-14,2026-08-14 13:16:00,320.83,320.83,320.82,320.82,-0.0,37.2,11827.95,-1
2026-08-14,2026-08-14 13:17:00,320.82,320.82,320.8,320.8,-0.01,37.2,11827.95,-1
2026-08-14,2026-08-14 13:18:00,320.8,320.8,320.79,320.79,-0.0,37.2,11827.95,-1
2026-08-14,2026-08-14 13:19:00,320.79,320.79,320.77,320.77,-0.01,37.2,11827.95,-1
2026-08-14,2026-08-14 13:20:00,320.77,320.77,320.76,320.76,-0.0,37.2,11827.95,-1
2026-08-14,2026-08-14 13:21:00,320.76,320.76,320.75,320.75,-0.0,37.2,11827.95,-1
2026-08-14,2026-08-14 13:22:00,320.75,320.75,320.73,320.73,-0.01,37.2,11827.95,-1
2026-08-14,2026-08-14 13:23:00,320.73,320.73,320.72,320.72,-0.0,37.2,11827.95,-1
2026-08-14,2026-08-14 13:24:00,320.72,320.72,320.71,320.71,-0.0,37.2,11827.95,-1
2026-08-14,2026-08-14 13:25:00,320.71,320.71,320.69,320.69,-0.01,37.2,11827.95,-1
2026-08-14,2026-08-14 13:26:00,320.69,320.69,320.68,320.68,-0.0,37.2,11827.95,-1
2026-08-14,2026-08-14 13:27:00,320.68,320.68,320.66,320.66,-0.01,37.2,11827.95,-1
2026-08-14,2026-08-14 13:28:00,320.66,320.66,320.65,320.65,-0.0,37.2,11827.95,-1
2026-08-14,2026-08-14 13:29:00,320.65,320.65,320.64,320.64,-0.0,37.2,11827.95,-1
2026-08-14,2026-08-14 13:30:00,320.64,320.64,320.62,320.62,-0.01,37.2,11827.95,-1
2026-08-14,2026-08-14 13:31:00,320.62,320.62,320.61,320.61,-0.0,37.2,11827.95,-1
2026-08-14,2026-08-14 13:32:00,320.61,320.61,320.6,320.6,-0.0,37.2,11827.95,-1
2026-08-14,2026-08-14 13:33:00,320.6,320.6,320.58,320.58,-0.01,37.2,11827.95,-1
2026-08-14,2026-08-14 13:34:00,320.58,320.58,320.57,320.57,-0.0,37.2,11827.95,-1
2026-08-14,2026-08-14 13:35:00,320.57,320.57,320.56,320.56,-0.0,37.2,11827.95,-1
2026-08-14,2026-08-14 13:36:00,320.56,320.56,320.54,320.54,-0.01,37.2,11827.95,-1
2026-08-14,2026-08-14 13:37:00,320.54,320.54,320.53,320.53,-0.0,37.2,11827.95,-1
2026-08-14,2026-08-14 13:38:00,320.53,320.53,320.51,320.51,-0.01,37.2,11827.95,-1
2026-08-14,2026-08-14 13:39:00,320.51,320.51,320.5,320.5,-0.0,37.2,11827.95,-1
2026-08-14,2026-08-14 13:40:00,320.5,320.5,320.49,320.49,-0.0,37.2,11827.95,-1
2026-08-14,2026-08-14 13:41:00,320.49,320.49,320.47,320.47,-0.01,37.2,11827.95,-1
2026-08-14,2026-08-14 13:42:00,320.47,320.47,320.46,320.46,-0.0,37.2,11827.95,-1
2026-08-14,2026-08-14 13:43:00,320.46,320.46,320.44,320.44,-0.01,37.2,11827.95,-1
2026-08-14,2026-08-14 13:44:00,320.44,320.44,320.43,320.43,-0.0,37.2,11827.95,-1
2026-08-14,2026-08-14 13:45:00,320.43,320.43,320.42,320.42,-0.0,37.2,11827.95,-1
2026-08-14,2026-08-14 13:46:00,320.42,320.42,320.4,320.4,-0.01,37.2,11827.95,-1
2026-08-14,2026-08-14 13:47:00,320.4,320.4,320.39,320.39,-0.0,37.2,11827.95,-1
2026-08-14,2026-08-14 13:48:00,320.39,320.39,320.38,320.38,-0.0,37.2,11827.95,-1
2026-08-14,2026-08-14 13:49:00,320.38,320.38,320.36,320.36,-0.01,37.2,11827.95,-1
2026-08-14,2026-08-14 13:50:00,320.36,320.36,320.35,320.35,-0.0,37.2,11827.95,-1
2026-08-14,2026-08-14 13:51:00,320.35,320.35,320.33,320.33,-0.01,37.2,11827.95,-1
2026-08-14,2026-08-14 13:52:00,320.33,320.33,320.32,320.32,-0.0,37.2,11827.95,-1
2026-08-14,2026-08-14 13:53:00,320.32,320.32,320.31,320.31,-0.0,37.2,11827.95,-1
2026-08-14,2026-08-14 13:54:00,320.31,320.31,320.29,320.29,-0.01,37.2,11827.95,-1
2026-08-14,2026-08-14 13:55:00,320.29,320.29,320.28,320.28,-0.0,37.2,11827.95,-1
2026-08-14,2026-08-14 13:56:00,320.28,320.28,320.27,320.27,-0.0,37.2,11827.95,-1
2026-08-14,2026-08-14 13:57:00,320.27,320.27,320.25,320.25,-0.01,37.2,11827.95,-1
2026-08-14,2026-08-14 13:58:00,320.25,320.25,320.24,320.24,-0.0,37.2,11827.95,-1
2026-08-14,2026-08-14 13:59:00,320.24,320.24,320.22,320.22,-0.01,37.2,11827.95,-1
2026-08-14,2026-08-14 14:00:00,320.22,320.22,320.21,320.21,-0.0,37.2,11827.95,-1
2026-08-14,2026-08-14 14:01:00,320.21,320.21,320.2,320.2,-0.0,37.2,11827.95,-1
2026-08-14,2026-08-14 14:02:00,320.2,320.2,320.18,320.18,-0.01,37.2,11827.95,-1
2026-08-14,2026-08-14 14:03:00,320.18,320.18,320.17,320.17,-0.0,37.2,11827.95,-1
2026-08-14,2026-08-14 14:04:00,320.17,320.17,320.16,320.16,-0.0,37.2,11827.95,-1
2026-08-14,2026-08-14 14:05:00,320.16,320.16,320.14,320.14,-0.01,37.2,11827.95,-1
2026-08-14,2026-08-14 14:06:00,320.14,320.14,320.13,320.13,-0.0,37.2,11827.95,-1
2026-08-14,2026-08-14 14:07:00,320.13,320.13,320.11,320.11,-0.01,37.2,11827.95,-1
2026-08-14,2026-08-14 14:08:00,320.11,320.11,320.1,320.1,-0.0,37.2,11827.95,-1
2026-08-14,2026-08-14 14:09:00,320.1,320.1,320.09,320.09,-0.0,37.2,11827.95,-1
2026-08-14,2026-08-14 14:10:00,320.09,320.09,320.07,320.07,-0.01,37.2,11827.95,-1
2026-08-14,2026-08-14 14:11:00,320.07,320.07,320.06,320.06,-0.0,37.2,11827.95,-1
2026-08-14,2026-08-14 14:12:00,320.06,320.06,320.05,320.05,-0.0,37.2,11827.95,-1
2026-08-14,2026-08-14 14:13:00,320.05,320.05,320.03,320.03,-0.01,37.2,11827.95,-1
2026-08-14,2026-08-14 14:14:00,320.03,320.03,320.02,320.02,-0.0,37.2,11827.95,-1
2026-08-14,2026-08-14 14:15:00,320.02,320.02,320.0,320.0,-0.01,37.2,11827.95,-1
2026-08-14,2026-08-14 14:16:00,320.0,320.0,319.99,319.99,-0.0,37.2,11827.95,-1
2026-08-14,2026-08-14 14:17:00,319.99,319.99,319.98,319.98,-0.0,37.2,11827.95,-1
2026-08-14,2026-08-14 14:18:00,319.98,319.98,319.96,319.96,-0.01,37.2,11827.95,-1
2026-08-14,2026-08-14 14:19:00,319.96,319.96,319.95,319.95,-0.0,37.2,11827.95,-1
2026-08-14,2026-08-14 14:20:00,319.95,319.95,319.94,319.94,-0.0,37.2,11827.95,-1
2026-08-14,2026-08-14 14:21:00,319.94,319.94,319.92,319.92,-0.01,37.2,11827.95,-1
2026-08-14,2026-08-14 14:22:00,319.92,319.92,319.91,319.91,-0.0,37.2,11827.95,-1
2026-08-14,2026-08-14 14:23:00,319.91,319.91,319.89,319.89,-0.01,37.2,11827.95,-1
2026-08-14,2026-08-14 14:24:00,319.89,319.89,319.88,319.88,-0.0,37.2,11827.95,-1
2026-08-14,2026-08-14 14:25:00,319.88,319.88,319.87,319.87,-0.0,37.2,11827.95,-1
2026-08-14,2026-08-14 14:26:00,319.87,319.87,319.85,319.85,-0.01,37.2,11827.95,-1
2026-08-14,2026-08-14 14:27:00,319.85,319.85,319.84,319.84,-0.0,37.2,11827.95,-1
2026-08-14,2026-08-14 14:28:00,319.84,319.84,319.83,319.83,-0.0,37.2,11827.95,-1
2026-08-14,2026-08-14 14:29:00,319.83,319.83,319.81,319.81,-0.01,37.2,11827.95,-1
2026-08-14,2026-08-14 14:30:00,319.81,319.81,319.8,319.8,-0.0,37.2,11827.95,-1
2026-08-14,2026-08-14 14:31:00,319.8,319.8,319.78,319.78,-0.01,37.2,11827.95,-1
2026-08-14,2026-08-14 14:32:00,319.78,319.78,319.77,319.77,-0.0,37.2,11827.95,-1
2026-08-14,2026-08-14 14:33:00,319.77,319.77,319.76,319.76,-0.0,37.2,11827.95,-1
2026-08-14,2026-08-14 14:34:00,319.76,319.76,319.74,319.74,-0.01,37.2,11827.95,-1
2026-08-14,2026-08-14 14:35:00,319.74,319.74,319.73,319.73,-0.0,37.2,11827.95,-1
2026-08-14,2026-08-14 14:36:00,319.73,319.73,319.72,319.72,-0.0,37.2,11827.95,-1
2026-08-14,2026-08-14 14:37:00,319.72,319.72,319.7,319.7,-0.01,37.2,11827.95,-1
2026-08-14,2026-08-14 14:38:00,319.7,319.7,319.69,319.69,-0.0,37.2,11827.95,-1
2026-08-14,2026-08-14 14:39:00,319.69,319.69,319.67,319.67,-0.01,37.2,11827.95,-1
2026-08-14,2026-08-14 14:40:00,319.67,319.67,319.66,319.66,-0.0,37.2,11827.95,-1
2026-08-14,2026-08-14 14:41:00,319.66,319.66,319.65,319.65,-0.0,37.2,11827.95,-1
2026-08-14,2026-08-14 14:42:00,319.65,319.65,319.63,319.63,-0.01,37.2,11827.95,-1
2026-08-14,2026-08-14 14:43:00,319.63,319.63,319.62,319.62,-0.0,37.2,11827.95,-1
2026-08-14,2026-08-14 14:44:00,319.62,319.62,319.61,319.61,-0.0,37.2,11827.95,-1
2026-08-14,2026-08-14 14:45:00,319.61,319.61,319.59,319.59,-0.01,37.2,11827.95,-1
2026-08-14,2026-08-14 14:46:00,319.59,319.59,319.58,319.58,-0.0,37.2,11827.95,-1
2026-08-14,2026-08-14 14:47:00,319.58,319.58,319.56,319.56,-0.01,37.2,11827.95,-1
2026-08-14,2026-08-14 14:48:00,319.56,319.56,319.55,319.55,-0.0,37.2,11827.95,-1
2026-08-14,2026-08-14 14:49:00,319.55,319.55,319.54,319.54,-0.0,37.2,11827.95,-1
2026-08-14,2026-08-14 14:50:00,319.54,319.54,319.52,319.52,-0.01,37.2,11827.95,-1
2026-08-14,2026-08-14 14:51:00,319.52,319.52,319.51,319.51,-0.0,37.2,11827.95,-1
2026-08-14,2026-08-14 14:52:00,319.51,319.51,319.5,319.5,-0.0,37.2,11827.95,-1
2026-08-14,2026-08-14 14:53:00,319.5,319.5,319.48,319.48,-0.01,37.2,11827.95,-1
2026-08-14,2026-08-14 14:54:00,319.48,319.48,319.47,319.47,-0.0,37.2,11827.95,-1
2026-08-14,2026-08-14 14:55:00,319.47,319.47,319.45,319.45,-0.01,37.2,11827.95,-1
2026-08-14,2026-08-14 14:56:00,319.45,319.45,319.44,319.44,-0.0,37.2,11827.95,-1
2026-08-14,2026-08-14 14:57:00,319.44,319.44,319.43,319.43,-0.0,37.2,11827.95,-1
2026-08-14,2026-08-14 14:58:00,319.43,319.43,319.41,319.41,-0.01,37.2,11827.95,-1
2026-08-14,2026-08-14 14:59:00,319.41,319.41,319.4,319.4,-0.0,37.2,11827.95,-1
2026-08-14,2026-08-14 15:00:00,319.4,322.7,315.0,319.4,0.0,37.2,11827.95,0
2026-08-17,2026-08-17 11:00:00,317.0,317.6,316.19,317.0,0.0,35.72,11261.64,0
2026-08-17,2026-08-17 11:01:00,317.0,317.0,317.0,317.0,0.0,35.72,11261.64,0
2026-08-17,2026-08-17 11:02:00,317.0,317.0,317.0,317.0,0.0,35.72,11261.64,0
2026-08-17,2026-08-17 11:03:00,317.0,317.0,317.0,317.0,0.0,35.72,11261.64,0
2026-08-17,2026-08-17 11:04:00,317.0,317.0,317.0,317.0,0.0,35.72,11261.64,0
2026-08-17,2026-08-17 11:05:00,317.0,317.0,317.0,317.0,0.0,35.72,11261.64,0
2026-08-17,2026-08-17 11:06:00,317.0,317.0,317.0,317.0,0.0,35.72,11261.64,0
2026-08-17,2026-08-17 11:07:00,317.0,317.0,317.0,317.0,0.0,35.72,11261.64,0
2026-08-17,2026-08-17 11:08:00,317.0,317.0,317.0,317.0,0.0,35.72,11261.64,0
2026-08-17,2026-08-17 11:09:00,317.0,317.0,317.0,317.0,0.0,35.72,11261.64,0
2026-08-17,2026-08-17 11:10:00,317.0,317.0,317.0,317.0,0.0,35.72,11261.64,0
2026-08-17,2026-08-17 11:11:00,317.0,317.0,317.0,317.0,0.0,35.72,11261.64,0
2026-08-17,2026-08-17 11:12:00,317.0,317.0,316.99,316.99,-0.0,35.72,11261.64,-1
2026-08-17,2026-08-17 11:13:00,316.99,316.99,316.99,316.99,0.0,35.72,11261.64,0
2026-08-17,2026-08-17 11:14:00,316.99,316.99,316.99,316.99,0.0,35.72,11261.64,0
2026-08-17,2026-08-17 11:15:00,316.99,316.99,316.99,316.99,0.0,35.72,11261.64,0
2026-08-17,2026-08-17 11:16:00,316.99,316.99,316.99,316.99,0.0,35.72,11261.64,0
2026-08-17,2026-08-17 11:17:00,316.99,316.99,316.99,316.99,0.0,35.72,11261.64,0
2026-08-17,2026-08-17 11:18:00,316.99,316.99,316.99,316.99,0.0,35.72,11261.64,0
2026-08-17,2026-08-17 11:19:00,316.99,316.99,316.99,316.99,0.0,35.72,11261.64,0
2026-08-17,2026-08-17 11:20:00,316.99,316.99,316.99,316.99,0.0,35.72,11261.64,0
2026-08-17,2026-08-17 11:21:00,316.99,316.99,316.99,316.99,0.0,35.72,11261.64,0
2026-08-17,2026-08-17 11:22:00,316.99,316.99,316.99,316.99,0.0,35.72,11261.64,0
2026-08-17,2026-08-17 11:23:00,316.99,316.99,316.99,316.99,0.0,35.72,11261.64,0
2026-08-17,2026-08-17 11:24:00,316.99,316.99,316.99,316.99,0.0,35.72,11261.64,0
2026-08-17,2026-08-17 11:25:00,316.99,316.99,316.99,316.99,0.0,35.72,11261.64,0
2026-08-17,2026-08-17 11:26:00,316.99,316.99,316.99,316.99,0.0,35.72,11261.64,0
2026-08-17,2026-08-17 11:27:00,316.99,316.99,316.99,316.99,0.0,35.72,11261.64,0
2026-08-17,2026-08-17 11:28:00,316.99,316.99,316.99,316.99,0.0,35.72,11261.64,0
2026-08-17,2026-08-17 11:29:00,316.99,316.99,316.99,316.99,0.0,35.72,11261.64,0
2026-08-17,2026-08-17 11:30:00,316.99,316.99,316.99,316.99,0.0,35.72,11261.64,0
2026-08-17,2026-08-17 11:31:00,316.99,316.99,316.99,316.99,0.0,35.72,11261.64,0
2026-08-17,2026-08-17 11:32:00,316.99,316.99,316.99,316.99,0.0,35.72,11261.64,0
2026-08-17,2026-08-17 11:33:00,316.99,316.99,316.99,316.99,0.0,35.72,11261.64,0
2026-08-17,2026-08-17 11:34:00,316.99,316.99,316.99,316.99,0.0,35.72,11261.64,0
2026-08-17,2026-08-17 11:35:00,316.99,316.99,316.99,316.99,0.0,35.72,11261.64,0
2026-08-17,2026-08-17 11:36:00,316.99,316.99,316.98,316.98,-0.0,35.72,11261.64,-1
2026-08-17,2026-08-17 11:37:00,316.98,316.98,316.98,316.98,0.0,35.72,11261.64,0
2026-08-17,2026-08-17 11:38:00,316.98,316.98,316.98,316.98,0.0,35.72,11261.64,0
2026-08-17,2026-08-17 11:39:00,316.98,316.98,316.98,316.98,0.0,35.72,11261.64,0
2026-08-17,2026-08-17 11:40:00,316.98,316.98,316.98,316.98,0.0,35.72,11261.64,0
2026-08-17,2026-08-17 11:41:00,316.98,316.98,316.98,316.98,0.0,35.72,11261.64,0
2026-08-17,2026-08-17 11:42:00,316.98,316.98,316.98,316.98,0.0,35.72,11261.64,0
2026-08-17,2026-08-17 11:43:00,316.98,316.98,316.98,316.98,0.0,35.72,11261.64,0
2026-08-17,2026-08-17 11:44:00,316.98,316.98,316.98,316.98,0.0,35.72,11261.64,0
2026-08-17,2026-08-17 11:45:00,316.98,316.98,316.98,316.98,0.0,35.72,11261.64,0
2026-08-17,2026-08-17 11:46:00,316.98,316.98,316.98,316.98,0.0,35.72,11261.64,0
2026-08-17,2026-08-17 11:47:00,316.98,316.98,316.98,316.98,0.0,35.72,11261.64,0
2026-08-17,2026-08-17 11:48:00,316.98,316.98,316.98,316.98,0.0,35.72,11261.64,0
2026-08-17,2026-08-17 11:49:00,316.98,316.98,316.98,316.98,0.0,35.72,11261.64,0
2026-08-17,2026-08-17 11:50:00,316.98,316.98,316.98,316.98,0.0,35.72,11261.64,0
2026-08-17,2026-08-17 11:51:00,316.98,316.98,316.98,316.98,0.0,35.72,11261.64,0
2026-08-17,2026-08-17 11:52:00,316.98,316.98,316.98,316.98,0.0,35.72,11261.64,0
2026-08-17,2026-08-17 11:53:00,316.98,316.98,316.98,316.98,0.0,35.72,11261.64,0
2026-08-17,2026-08-17 11:54:00,316.98,316.98,316.98,316.98,0.0,35.72,11261.64,0
2026-08-17,2026-08-17 11:55:00,316.98,316.98,316.98,316.98,0.0,35.72,11261.64,0
2026-08-17,2026-08-17 11:56:00,316.98,316.98,316.98,316.98,0.0,35.72,11261.64,0
2026-08-17,2026-08-17 11:57:00,316.98,316.98,316.98,316.98,0.0,35.72,11261.64,0
2026-08-17,2026-08-17 11:58:00,316.98,316.98,316.98,316.98,0.0,35.72,11261.64,0
2026-08-17,2026-08-17 11:59:00,316.98,316.98,316.98,316.98,0.0,35.72,11261.64,0
2026-08-17,2026-08-17 12:00:00,316.98,316.98,316.97,316.97,-0.0,35.72,11261.64,-1
2026-08-17,2026-08-17 12:01:00,316.97,316.97,316.97,316.97,0.0,35.72,11261.64,0
2026-08-17,2026-08-17 12:02:00,316.97,316.97,316.97,316.97,0.0,35.72,11261.64,0
2026-08-17,2026-08-17 12:03:00,316.97,316.97,316.97,316.97,0.0,35.72,11261.64,0
2026-08-17,2026-08-17 12:04:00,316.97,316.97,316.97,316.97,0.0,35.72,11261.64,0
2026-08-17,2026-08-17 12:05:00,316.97,316.97,316.97,316.97,0.0,35.72,11261.64,0
2026-08-17,2026-08-17 12:06:00,316.97,316.97,316.97,316.97,0.0,35.72,11261.64,0
2026-08-17,2026-08-17 12:07:00,316.97,316.97,316.97,316.97,0.0,35.72,11261.64,0
2026-08-17,2026-08-17 12:08:00,316.97,316.97,316.97,316.97,0.0,35.72,11261.64,0
2026-08-17,2026-08-17 12:09:00,316.97,316.97,316.97,316.97,0.0,35.72,11261.64,0
2026-08-17,2026-08-17 12:10:00,316.97,316.97,316.97,316.97,0.0,35.72,11261.64,0
2026-08-17,2026-08-17 12:11:00,316.97,316.97,316.97,316.97,0.0,35.72,11261.64,0
2026-08-17,2026-08-17 12:12:00,316.97,316.97,316.97,316.97,0.0,35.72,11261.64,0
2026-08-17,2026-08-17 12:13:00,316.97,316.97,316.97,316.97,0.0,35.72,11261.64,0
2026-08-17,2026-08-17 12:14:00,316.97,316.97,316.97,316.97,0.0,35.72,11261.64,0
2026-08-17,2026-08-17 12:15:00,316.97,316.97,316.97,316.97,0.0,35.72,11261.64,0
2026-08-17,2026-08-17 12:16:00,316.97,316.97,316.97,316.97,0.0,35.72,11261.64,0
2026-08-17,2026-08-17 12:17:00,316.97,316.97,316.97,316.97,0.0,35.72,11261.64,0
2026-08-17,2026-08-17 12:18:00,316.97,316.97,316.97,316.97,0.0,35.72,11261.64,0
2026-08-17,2026-08-17 12:19:00,316.97,316.97,316.97,316.97,0.0,35.72,11261.64,0
2026-08-17,2026-08-17 12:20:00,316.97,316.97,316.97,316.97,0.0,35.72,11261.64,0
2026-08-17,2026-08-17 12:21:00,316.97,316.97,316.97,316.97,0.0,35.72,11261.64,0
2026-08-17,2026-08-17 12:22:00,316.97,316.97,316.97,316.97,0.0,35.72,11261.64,0
2026-08-17,2026-08-17 12:23:00,316.97,316.97,316.96,316.96,-0.0,35.72,11261.64,-1
2026-08-17,2026-08-17 12:24:00,316.96,316.96,316.96,316.96,0.0,35.72,11261.64,0
2026-08-17,2026-08-17 12:25:00,316.96,316.96,316.96,316.96,0.0,35.72,11261.64,0
2026-08-17,2026-08-17 12:26:00,316.96,316.96,316.96,316.96,0.0,35.72,11261.64,0
2026-08-17,2026-08-17 12:27:00,316.96,316.96,316.96,316.96,0.0,35.72,11261.64,0
2026-08-17,2026-08-17 12:28:00,316.96,316.96,316.96,316.96,0.0,35.72,11261.64,0
2026-08-17,2026-08-17 12:29:00,316.96,316.96,316.96,316.96,0.0,35.72,11261.64,0
2026-08-17,2026-08-17 12:30:00,316.96,316.96,316.96,316.96,0.0,35.72,11261.64,0
2026-08-17,2026-08-17 12:31:00,316.96,316.96,316.96,316.96,0.0,35.72,11261.64,0
2026-08-17,2026-08-17 12:32:00,316.96,316.96,316.96,316.96,0.0,35.72,11261.64,0
2026-08-17,2026-08-17 12:33:00,316.96,316.96,316.96,316.96,0.0,35.72,11261.64,0
2026-08-17,2026-08-17 12:34:00,316.96,316.96,316.96,316.96,0.0,35.72,11261.64,0
2026-08-17,2026-08-17 12:35:00,316.96,316.96,316.96,316.96,0.0,35.72,11261.64,0
2026-08-17,2026-08-17 12:36:00,316.96,316.96,316.96,316.96,0.0,35.72,11261.64,0
2026-08-17,2026-08-17 12:37:00,316.96,316.96,316.96,316.96,0.0,35.72,11261.64,0
2026-08-17,2026-08-17 12:38:00,316.96,316.96,316.96,316.96,0.0,35.72,11261.64,0
2026-08-17,2026-08-17 12:39:00,316.96,316.96,316.96,316.96,0.0,35.72,11261.64,0
2026-08-17,2026-08-17 12:40:00,316.96,316.96,316.96,316.96,0.0,35.72,11261.64,0
2026-08-17,2026-08-17 12:41:00,316.96,316.96,316.96,316.96,0.0,35.72,11261.64,0
2026-08-17,2026-08-17 12:42:00,316.96,316.96,316.96,316.96,0.0,35.72,11261.64,0
2026-08-17,2026-08-17 12:43:00,316.96,316.96,316.96,316.96,0.0,35.72,11261.64,0
2026-08-17,2026-08-17 12:44:00,316.96,316.96,316.96,316.96,0.0,35.72,11261.64,0
2026-08-17,2026-08-17 12:45:00,316.96,316.96,316.96,316.96,0.0,35.72,11261.64,0
2026-08-17,2026-08-17 12:46:00,316.96,316.96,316.96,316.96,0.0,35.72,11261.64,0
2026-08-17,2026-08-17 12:47:00,316.96,316.96,316.95,316.95,-0.0,35.72,11261.64,-1
2026-08-17,2026-08-17 12:48:00,316.95,316.95,316.95,316.95,0.0,35.72,11261.64,0
2026-08-17,2026-08-17 12:49:00,316.95,316.95,316.95,316.95,0.0,35.72,11261.64,0
2026-08-17,2026-08-17 12:50:00,316.95,316.95,316.95,316.95,0.0,35.72,11261.64,0
2026-08-17,2026-08-17 12:51:00,316.95,316.95,316.95,316.95,0.0,35.72,11261.64,0
2026-08-17,2026-08-17 12:52:00,316.95,316.95,316.95,316.95,0.0,35.72,11261.64,0
2026-08-17,2026-08-17 12:53:00,316.95,316.95,316.95,316.95,0.0,35.72,11261.64,0
2026-08-17,2026-08-17 12:54:00,316.95,316.95,316.95,316.95,0.0,35.72,11261.64,0
2026-08-17,2026-08-17 12:55:00,316.95,316.95,316.95,316.95,0.0,35.72,11261.64,0
2026-08-17,2026-08-17 12:56:00,316.95,316.95,316.95,316.95,0.0,35.72,11261.64,0
2026-08-17,2026-08-17 12:57:00,316.95,316.95,316.95,316.95,0.0,35.72,11261.64,0
2026-08-17,2026-08-17 12:58:00,316.95,316.95,316.95,316.95,0.0,35.72,11261.64,0
2026-08-17,2026-08-17 12:59:00,316.95,316.95,316.95,316.95,0.0,35.72,11261.64,0
2026-08-17,2026-08-17 13:00:00,316.95,319.0,314.3,316.95,0.0,35.72,11261.64,0
2026-08-17,2026-08-17 13:01:00,316.95,316.95,316.95,316.95,0.0,35.72,11261.64,0
2026-08-17,2026-08-17 13:02:00,316.95,316.95,316.95,316.95,0.0,35.72,11261.64,0
2026-08-17,2026-08-17 13:03:00,316.95,316.95,316.95,316.95,0.0,35.72,11261.64,0
2026-08-17,2026-08-17 13:04:00,316.95,316.95,316.95,316.95,0.0,35.72,11261.64,0
2026-08-17,2026-08-17 13:05:00,316.95,316.95,316.95,316.95,0.0,35.72,11261.64,0
2026-08-17,2026-08-17 13:06:00,316.95,316.95,316.95,316.95,0.0,35.72,11261.64,0
2026-08-17,2026-08-17 13:07:00,316.95,316.95,316.95,316.95,0.0,35.72,11261.64,0
2026-08-17,2026-08-17 13:08:00,316.95,316.95,316.95,316.95,0.0,35.72,11261.64,0
2026-08-17,2026-08-17 13:09:00,316.95,316.95,316.95,316.95,0.0,35.72,11261.64,0
2026-08-17,2026-08-17 13:10:00,316.95,316.95,316.95,316.95,0.0,35.72,11261.64,0
2026-08-17,2026-08-17 13:11:00,316.95,316.95,316.94,316.94,-0.0,35.72,11261.64,-1
2026-08-17,2026-08-17 13:12:00,316.94,316.94,316.94,316.94,0.0,35.72,11261.64,0
2026-08-17,2026-08-17 13:13:00,316.94,316.94,316.94,316.94,0.0,35.72,11261.64,0
2026-08-17,2026-08-17 13:14:00,316.94,316.94,316.94,316.94,0.0,35.72,11261.64,0
2026-08-17,2026-08-17 13:15:00,316.94,316.94,316.94,316.94,0.0,35.72,11261.64,0
2026-08-17,2026-08-17 13:16:00,316.94,316.94,316.94,316.94,0.0,35.72,11261.64,0
2026-08-17,2026-08-17 13:17:00,316.94,316.94,316.94,316.94,0.0,35.72,11261.64,0
2026-08-17,2026-08-17 13:18:00,316.94,316.94,316.94,316.94,0.0,35.72,11261.64,0
2026-08-17,2026-08-17 13:19:00,316.94,316.94,316.94,316.94,0.0,35.72,11261.64,0
2026-08-17,2026-08-17 13:20:00,316.94,316.94,316.94,316.94,0.0,35.72,11261.64,0
2026-08-17,2026-08-17 13:21:00,316.94,316.94,316.94,316.94,0.0,35.72,11261.64,0
2026-08-17,2026-08-17 13:22:00,316.94,316.94,316.94,316.94,0.0,35.72,11261.64,0
2026-08-17,2026-08-17 13:23:00,316.94,316.94,316.94,316.94,0.0,35.72,11261.64,0
2026-08-17,2026-08-17 13:24:00,316.94,316.94,316.94,316.94,0.0,35.72,11261.64,0
2026-08-17,2026-08-17 13:25:00,316.94,316.94,316.94,316.94,0.0,35.72,11261.64,0
2026-08-17,2026-08-17 13:26:00,316.94,316.94,316.94,316.94,0.0,35.72,11261.64,0
2026-08-17,2026-08-17 13:27:00,316.94,316.94,316.94,316.94,0.0,35.72,11261.64,0
2026-08-17,2026-08-17 13:28:00,316.94,316.94,316.94,316.94,0.0,35.72,11261.64,0
2026-08-17,2026-08-17 13:29:00,316.94,316.94,316.94,316.94,0.0,35.72,11261.64,0
2026-08-17,2026-08-17 13:30:00,316.94,316.94,316.94,316.94,0.0,35.72,11261.64,0
2026-08-17,2026-08-17 13:31:00,316.94,316.94,316.94,316.94,0.0,35.72,11261.64,0
2026-08-17,2026-08-17 13:32:00,316.94,316.94,316.94,316.94,0.0,35.72,11261.64,0
2026-08-17,2026-08-17 13:33:00,316.94,316.94,316.94,316.94,0.0,35.72,11261.64,0
2026-08-17,2026-08-17 13:34:00,316.94,316.94,316.94,316.94,0.0,35.72,11261.64,0
2026-08-17,2026-08-17 13:35:00,316.94,316.94,316.94,316.94,0.0,35.72,11261.64,0
2026-08-17,2026-08-17 13:36:00,316.94,316.94,316.93,316.93,-0.0,35.72,11261.64,-1
2026-08-17,2026-08-17 13:37:00,316.93,316.93,316.93,316.93,0.0,35.72,11261.64,0
2026-08-17,2026-08-17 13:38:00,316.93,316.93,316.93,316.93,0.0,35.72,11261.64,0
2026-08-17,2026-08-17 13:39:00,316.93,316.93,316.93,316.93,0.0,35.72,11261.64,0
2026-08-17,2026-08-17 13:40:00,316.93,316.93,316.93,316.93,0.0,35.72,11261.64,0
2026-08-17,2026-08-17 13:41:00,316.93,316.93,316.93,316.93,0.0,35.72,11261.64,0
2026-08-17,2026-08-17 13:42:00,316.93,316.93,316.93,316.93,0.0,35.72,11261.64,0
2026-08-17,2026-08-17 13:43:00,316.93,316.93,316.93,316.93,0.0,35.72,11261.64,0
2026-08-17,2026-08-17 13:44:00,316.93,316.93,316.93,316.93,0.0,35.72,11261.64,0
2026-08-17,2026-08-17 13:45:00,316.93,316.93,316.93,316.93,0.0,35.72,11261.64,0
2026-08-17,2026-08-17 13:46:00,316.93,316.93,316.93,316.93,0.0,35.72,11261.64,0
2026-08-17,2026-08-17 13:47:00,316.93,316.93,316.93,316.93,0.0,35.72,11261.64,0
2026-08-17,2026-08-17 13:48:00,316.93,316.93,316.93,316.93,0.0,35.72,11261.64,0
2026-08-17,2026-08-17 13:49:00,316.93,316.93,316.93,316.93,0.0,35.72,11261.64,0
2026-08-17,2026-08-17 13:50:00,316.93,316.93,316.93,316.93,0.0,35.72,11261.64,0
2026-08-17,2026-08-17 13:51:00,316.93,316.93,316.93,316.93,0.0,35.72,11261.64,0
2026-08-17,2026-08-17 13:52:00,316.93,316.93,316.93,316.93,0.0,35.72,11261.64,0
2026-08-17,2026-08-17 13:53:00,316.93,316.93,316.93,316.93,0.0,35.72,11261.64,0
2026-08-17,2026-08-17 13:54:00,316.93,316.93,316.93,316.93,0.0,35.72,11261.64,0
2026-08-17,2026-08-17 13:55:00,316.93,316.93,316.93,316.93,0.0,35.72,11261.64,0
2026-08-17,2026-08-17 13:56:00,316.93,316.93,316.93,316.93,0.0,35.72,11261.64,0
2026-08-17,2026-08-17 13:57:00,316.93,316.93,316.93,316.93,0.0,35.72,11261.64,0
2026-08-17,2026-08-17 13:58:00,316.93,316.93,316.93,316.93,0.0,35.72,11261.64,0
2026-08-17,2026-08-17 13:59:00,316.93,316.93,316.92,316.92,-0.0,35.72,11261.64,-1
2026-08-17,2026-08-17 14:00:00,316.92,316.92,316.92,316.92,0.0,35.72,11261.64,0
2026-08-17,2026-08-17 14:01:00,316.92,316.92,316.92,316.92,0.0,35.72,11261.64,0
2026-08-17,2026-08-17 14:02:00,316.92,316.92,316.92,316.92,0.0,35.72,11261.64,0
2026-08-17,2026-08-17 14:03:00,316.92,316.92,316.92,316.92,0.0,35.72,11261.64,0
2026-08-17,2026-08-17 14:04:00,316.92,316.92,316.92,316.92,0.0,35.72,11261.64,0
2026-08-17,2026-08-17 14:05:00,316.92,316.92,316.92,316.92,0.0,35.72,11261.64,0
2026-08-17,2026-08-17 14:06:00,316.92,316.92,316.92,316.92,0.0,35.72,11261.64,0
2026-08-17,2026-08-17 14:07:00,316.92,316.92,316.92,316.92,0.0,35.72,11261.64,0
2026-08-17,2026-08-17 14:08:00,316.92,316.92,316.92,316.92,0.0,35.72,11261.64,0
2026-08-17,2026-08-17 14:09:00,316.92,316.92,316.92,316.92,0.0,35.72,11261.64,0
2026-08-17,2026-08-17 14:10:00,316.92,316.92,316.92,316.92,0.0,35.72,11261.64,0
2026-08-17,2026-08-17 14:11:00,316.92,316.92,316.92,316.92,0.0,35.72,11261.64,0
2026-08-17,2026-08-17 14:12:00,316.92,316.92,316.92,316.92,0.0,35.72,11261.64,0
2026-08-17,2026-08-17 14:13:00,316.92,316.92,316.92,316.92,0.0,35.72,11261.64,0
2026-08-17,2026-08-17 14:14:00,316.92,316.92,316.92,316.92,0.0,35.72,11261.64,0
2026-08-17,2026-08-17 14:15:00,316.92,316.92,316.92,316.92,0.0,35.72,11261.64,0
2026-08-17,2026-08-17 14:16:00,316.92,316.92,316.92,316.92,0.0,35.72,11261.64,0
2026-08-17,2026-08-17 14:17:00,316.92,316.92,316.92,316.92,0.0,35.72,11261.64,0
2026-08-17,2026-08-17 14:18:00,316.92,316.92,316.92,316.92,0.0,35.72,11261.64,0
2026-08-17,2026-08-17 14:19:00,316.92,316.92,316.92,316.92,0.0,35.72,11261.64,0
2026-08-17,2026-08-17 14:20:00,316.92,316.92,316.92,316.92,0.0,35.72,11261.64,0
2026-08-17,2026-08-17 14:21:00,316.92,316.92,316.92,316.92,0.0,35.72,11261.64,0
2026-08-17,2026-08-17 14:22:00,316.92,316.92,316.92,316.92,0.0,35.72,11261.64,0
2026-08-17,2026-08-17 14:23:00,316.92,316.92,316.91,316.91,-0.0,35.72,11261.64,-1
2026-08-17,2026-08-17 14:24:00,316.91,316.91,316.91,316.91,0.0,35.72,11261.64,0
2026-08-17,2026-08-17 14:25:00,316.91,316.91,316.91,316.91,0.0,35.72,11261.64,0
2026-08-17,2026-08-17 14:26:00,316.91,316.91,316.91,316.91,0.0,35.72,11261.64,0
2026-08-17,2026-08-17 14:27:00,316.91,316.91,316.91,316.91,0.0,35.72,11261.64,0
2026-08-17,2026-08-17 14:28:00,316.91,316.91,316.91,316.91,0.0,35.72,11261.64,0
2026-08-17,2026-08-17 14:29:00,316.91,316.91,316.91,316.91,0.0,35.72,11261.64,0
2026-08-17,2026-08-17 14:30:00,316.91,316.91,316.91,316.91,0.0,35.72,11261.64,0
2026-08-17,2026-08-17 14:31:00,316.91,316.91,316.91,316.91,0.0,35.72,11261.64,0
2026-08-17,2026-08-17 14:32:00,316.91,316.91,316.91,316.91,0.0,35.72,11261.64,0
2026-08-17,2026-08-17 14:33:00,316.91,316.91,316.91,316.91,0.0,35.72,11261.64,0
2026-08-17,2026-08-17 14:34:00,316.91,316.91,316.91,316.91,0.0,35.72,11261.64,0
2026-08-17,2026-08-17 14:35:00,316.91,316.91,316.91,316.91,0.0,35.72,11261.64,0
2026-08-17,2026-08-17 14:36:00,316.91,316.91,316.91,316.91,0.0,35.72,11261.64,0
2026-08-17,2026-08-17 14:37:00,316.91,316.91,316.91,316.91,0.0,35.72,11261.64,0
2026-08-17,2026-08-17 14:38:00,316.91,316.91,316.91,316.91,0.0,35.72,11261.64,0
2026-08-17,2026-08-17 14:39:00,316.91,316.91,316.91,316.91,0.0,35.72,11261.64,0
2026-08-17,2026-08-17 14:40:00,316.91,316.91,316.91,316.91,0.0,35.72,11261.64,0
2026-08-17,2026-08-17 14:41:00,316.91,316.91,316.91,316.91,0.0,35.72,11261.64,0
2026-08-17,2026-08-17 14:42:00,316.91,316.91,316.91,316.91,0.0,35.72,11261.64,0
2026-08-17,2026-08-17 14:43:00,316.91,316.91,316.91,316.91,0.0,35.72,11261.64,0
2026-08-17,2026-08-17 14:44:00,316.91,316.91,316.91,316.91,0.0,35.72,11261.64,0
2026-08-17,2026-08-17 14:45:00,316.91,316.91,316.91,316.91,0.0,35.72,11261.64,0
2026-08-17,2026-08-17 14:46:00,316.91,316.91,316.91,316.91,0.0,35.72,11261.64,0
2026-08-17,2026-08-17 14:47:00,316.91,316.91,316.9,316.9,-0.0,35.72,11261.64,-1
2026-08-17,2026-08-17 14:48:00,316.9,316.9,316.9,316.9,0.0,35.72,11261.64,0
2026-08-17,2026-08-17 14:49:00,316.9,316.9,316.9,316.9,0.0,35.72,11261.64,0
2026-08-17,2026-08-17 14:50:00,316.9,316.9,316.9,316.9,0.0,35.72,11261.64,0
2026-08-17,2026-08-17 14:51:00,316.9,316.9,316.9,316.9,0.0,35.72,11261.64,0
2026-08-17,2026-08-17 14:52:00,316.9,316.9,316.9,316.9,0.0,35.72,11261.64,0
2026-08-17,2026-08-17 14:53:00,316.9,316.9,316.9,316.9,0.0,35.72,11261.64,0
2026-08-17,2026-08-17 14:54:00,316.9,316.9,316.9,316.9,0.0,35.72,11261.64,0
2026-08-17,2026-08-17 14:55:00,316.9,316.9,316.9,316.9,0.0,35.72,11261.64,0
2026-08-17,2026-08-17 14:56:00,316.9,316.9,316.9,316.9,0.0,35.72,11261.64,0
2026-08-17,2026-08-17 14:57:00,316.9,316.9,316.9,316.9,0.0,35.72,11261.64,0
2026-08-17,2026-08-17 14:58:00,316.9,316.9,316.9,316.9,0.0,35.72,11261.64,0
2026-08-17,2026-08-17 14:59:00,316.9,316.9,316.9,316.9,0.0,35.72,11261.64,0
2026-08-17,2026-08-17 15:00:00,316.9,319.0,314.3,316.9,0.0,35.72,11261.64,0
2026-08-18,2026-08-18 11:00:00,315.0,315.3,312.9,314.99,-0.0,100.55,31205.9,-1
2026-08-18,2026-08-18 11:01:00,314.99,314.99,314.99,314.99,0.0,100.55,31205.9,0
2026-08-18,2026-08-18 11:02:00,314.99,314.99,314.98,314.98,-0.0,100.55,31205.9,-1
2026-08-18,2026-08-18 11:03:00,314.98,314.98,314.98,314.98,0.0,100.55,31205.9,0
2026-08-18,2026-08-18 11:04:00,314.98,314.98,314.97,314.97,-0.0,100.55,31205.9,-1
2026-08-18,2026-08-18 11:05:00,314.97,314.97,314.96,314.96,-0.0,100.55,31205.9,-1
2026-08-18,2026-08-18 11:06:00,314.96,314.96,314.96,314.96,0.0,100.55,31205.9,0
2026-08-18,2026-08-18 11:07:00,314.96,314.96,314.95,314.95,-0.0,100.55,31205.9,-1
2026-08-18,2026-08-18 11:08:00,314.95,314.95,314.94,314.94,-0.0,100.55,31205.9,-1
2026-08-18,2026-08-18 11:09:00,314.94,314.94,314.94,314.94,0.0,100.55,31205.9,0
2026-08-18,2026-08-18 11:10:00,314.94,314.94,314.93,314.93,-0.0,100.55,31205.9,-1
2026-08-18,2026-08-18 11:11:00,314.93,314.93,314.93,314.93,0.0,100.55,31205.9,0
2026-08-18,2026-08-18 11:12:00,314.93,314.93,314.92,314.92,-0.0,100.55,31205.9,-1
2026-08-18,2026-08-18 11:13:00,314.92,314.92,314.91,314.91,-0.0,100.55,31205.9,-1
2026-08-18,2026-08-18 11:14:00,314.91,314.91,314.91,314.91,0.0,100.55,31205.9,0
2026-08-18,2026-08-18 11:15:00,314.91,314.91,314.9,314.9,-0.0,100.55,31205.9,-1
2026-08-18,2026-08-18 11:16:00,314.9,314.9,314.89,314.89,-0.0,100.55,31205.9,-1
2026-08-18,2026-08-18 11:17:00,314.89,314.89,314.89,314.89,0.0,100.55,31205.9,0
2026-08-18,2026-08-18 11:18:00,314.89,314.89,314.88,314.88,-0.0,100.55,31205.9,-1
2026-08-18,2026-08-18 11:19:00,314.88,314.88,314.88,314.88,0.0,100.55,31205.9,0
2026-08-18,2026-08-18 11:20:00,314.88,314.88,314.87,314.87,-0.0,100.55,31205.9,-1
2026-08-18,2026-08-18 11:21:00,314.87,314.87,314.86,314.86,-0.0,100.55,31205.9,-1
2026-08-18,2026-08-18 11:22:00,314.86,314.86,314.86,314.86,0.0,100.55,31205.9,0
2026-08-18,2026-08-18 11:23:00,314.86,314.86,314.85,314.85,-0.0,100.55,31205.9,-1
2026-08-18,2026-08-18 11:24:00,314.85,314.85,314.84,314.84,-0.0,100.55,31205.9,-1
2026-08-18,2026-08-18 11:25:00,314.84,314.84,314.84,314.84,0.0,100.55,31205.9,0
2026-08-18,2026-08-18 11:26:00,314.84,314.84,314.83,314.83,-0.0,100.55,31205.9,-1
2026-08-18,2026-08-18 11:27:00,314.83,314.83,314.82,314.82,-0.0,100.55,31205.9,-1
2026-08-18,2026-08-18 11:28:00,314.82,314.82,314.82,314.82,0.0,100.55,31205.9,0
2026-08-18,2026-08-18 11:29:00,314.82,314.82,314.81,314.81,-0.0,100.55,31205.9,-1
2026-08-18,2026-08-18 11:30:00,314.81,314.81,314.81,314.81,0.0,100.55,31205.9,0
2026-08-18,2026-08-18 11:31:00,314.81,314.81,314.8,314.8,-0.0,100.55,31205.9,-1
2026-08-18,2026-08-18 11:32:00,314.8,314.8,314.79,314.79,-0.0,100.55,31205.9,-1
2026-08-18,2026-08-18 11:33:00,314.79,314.79,314.79,314.79,0.0,100.55,31205.9,0
2026-08-18,2026-08-18 11:34:00,314.79,314.79,314.78,314.78,-0.0,100.55,31205.9,-1
2026-08-18,2026-08-18 11:35:00,314.78,314.78,314.77,314.77,-0.0,100.55,31205.9,-1
2026-08-18,2026-08-18 11:36:00,314.77,314.77,314.77,314.77,0.0,100.55,31205.9,0
2026-08-18,2026-08-18 11:37:00,314.77,314.77,314.76,314.76,-0.0,100.55,31205.9,-1
2026-08-18,2026-08-18 11:38:00,314.76,314.76,314.76,314.76,0.0,100.55,31205.9,0
2026-08-18,2026-08-18 11:39:00,314.76,314.76,314.75,314.75,-0.0,100.55,31205.9,-1
2026-08-18,2026-08-18 11:40:00,314.75,314.75,314.74,314.74,-0.0,100.55,31205.9,-1
2026-08-18,2026-08-18 11:41:00,314.74,314.74,314.74,314.74,0.0,100.55,31205.9,0
2026-08-18,2026-08-18 11:42:00,314.74,314.74,314.73,314.73,-0.0,100.55,31205.9,-1
2026-08-18,2026-08-18 11:43:00,314.73,314.73,314.73,314.73,0.0,100.55,31205.9,0
2026-08-18,2026-08-18 11:44:00,314.73,314.73,314.72,314.72,-0.0,100.55,31205.9,-1
2026-08-18,2026-08-18 11:45:00,314.72,314.72,314.71,314.71,-0.0,100.55,31205.9,-1
2026-08-18,2026-08-18 11:46:00,314.71,314.71,314.71,314.71,0.0,100.55,31205.9,0
2026-08-18,2026-08-18 11:47:00,314.71,314.71,314.7,314.7,-0.0,100.55,31205.9,-1
2026-08-18,2026-08-18 11:48:00,314.7,314.7,314.69,314.69,-0.0,100.55,31205.9,-1
2026-08-18,2026-08-18 11:49:00,314.69,314.69,314.69,314.69,0.0,100.55,31205.9,0
2026-08-18,2026-08-18 11:50:00,314.69,314.69,314.68,314.68,-0.0,100.55,31205.9,-1
2026-08-18,2026-08-18 11:51:00,314.68,314.68,314.68,314.68,0.0,100.55,31205.9,0
2026-08-18,2026-08-18 11:52:00,314.68,314.68,314.67,314.67,-0.0,100.55,31205.9,-1
2026-08-18,2026-08-18 11:53:00,314.67,314.67,314.66,314.66,-0.0,100.55,31205.9,-1
2026-08-18,2026-08-18 11:54:00,314.66,314.66,314.66,314.66,0.0,100.55,31205.9,0
2026-08-18,2026-08-18 11:55:00,314.66,314.66,314.65,314.65,-0.0,100.55,31205.9,-1
2026-08-18,2026-08-18 11:56:00,314.65,314.65,314.64,314.64,-0.0,100.55,31205.9,-1
2026-08-18,2026-08-18 11:57:00,314.64,314.64,314.64,314.64,0.0,100.55,31205.9,0
2026-08-18,2026-08-18 11:58:00,314.64,314.64,314.63,314.63,-0.0,100.55,31205.9,-1
2026-08-18,2026-08-18 11:59:00,314.63,314.63,314.62,314.62,-0.0,100.55,31205.9,-1
2026-08-18,2026-08-18 12:00:00,314.62,314.62,314.62,314.62,0.0,100.55,31205.9,0
2026-08-18,2026-08-18 12:01:00,314.62,314.62,314.61,314.61,-0.0,100.55,31205.9,-1
2026-08-18,2026-08-18 12:02:00,314.61,314.61,314.61,314.61,0.0,100.55,31205.9,0
2026-08-18,2026-08-18 12:03:00,314.61,314.61,314.6,314.6,-0.0,100.55,31205.9,-1
2026-08-18,2026-08-18 12:04:00,314.6,314.6,314.59,314.59,-0.0,100.55,31205.9,-1
2026-08-18,2026-08-18 12:05:00,314.59,314.59,314.59,314.59,0.0,100.55,31205.9,0
2026-08-18,2026-08-18 12:06:00,314.59,314.59,314.58,314.58,-0.0,100.55,31205.9,-1
2026-08-18,2026-08-18 12:07:00,314.58,314.58,314.57,314.57,-0.0,100.55,31205.9,-1
2026-08-18,2026-08-18 12:08:00,314.57,314.57,314.57,314.57,0.0,100.55,31205.9,0
2026-08-18,2026-08-18 12:09:00,314.57,314.57,314.56,314.56,-0.0,100.55,31205.9,-1
2026-08-18,2026-08-18 12:10:00,314.56,314.56,314.56,314.56,0.0,100.55,31205.9,0
2026-08-18,2026-08-18 12:11:00,314.56,314.56,314.55,314.55,-0.0,100.55,31205.9,-1
2026-08-18,2026-08-18 12:12:00,314.55,314.55,314.54,314.54,-0.0,100.55,31205.9,-1
2026-08-18,2026-08-18 12:13:00,314.54,314.54,314.54,314.54,0.0,100.55,31205.9,0
2026-08-18,2026-08-18 12:14:00,314.54,314.54,314.53,314.53,-0.0,100.55,31205.9,-1
2026-08-18,2026-08-18 12:15:00,314.53,314.53,314.52,314.52,-0.0,100.55,31205.9,-1
2026-08-18,2026-08-18 12:16:00,314.52,314.52,314.52,314.52,0.0,100.55,31205.9,0
2026-08-18,2026-08-18 12:17:00,314.52,314.52,314.51,314.51,-0.0,100.55,31205.9,-1
2026-08-18,2026-08-18 12:18:00,314.51,314.51,314.51,314.51,0.0,100.55,31205.9,0
2026-08-18,2026-08-18 12:19:00,314.51,314.51,314.5,314.5,-0.0,100.55,31205.9,-1
2026-08-18,2026-08-18 12:20:00,314.5,314.5,314.49,314.49,-0.0,100.55,31205.9,-1
2026-08-18,2026-08-18 12:21:00,314.49,314.49,314.49,314.49,0.0,100.55,31205.9,0
2026-08-18,2026-08-18 12:22:00,314.49,314.49,314.48,314.48,-0.0,100.55,31205.9,-1
2026-08-18,2026-08-18 12:23:00,314.48,314.48,314.48,314.48,0.0,100.55,31205.9,0
2026-08-18,2026-08-18 12:24:00,314.48,314.48,314.47,314.47,-0.0,100.55,31205.9,-1
2026-08-18,2026-08-18 12:25:00,314.47,314.47,314.46,314.46,-0.0,100.55,31205.9,-1
2026-08-18,2026-08-18 12:26:00,314.46,314.46,314.46,314.46,0.0,100.55,31205.9,0
2026-08-18,2026-08-18 12:27:00,314.46,314.46,314.45,314.45,-0.0,100.55,31205.9,-1
2026-08-18,2026-08-18 12:28:00,314.45,314.45,314.44,314.44,-0.0,100.55,31205.9,-1
2026-08-18,2026-08-18 12:29:00,314.44,314.44,314.44,314.44,0.0,100.55,31205.9,0
2026-08-18,2026-08-18 12:30:00,314.44,314.44,314.43,314.43,-0.0,100.55,31205.9,-1
2026-08-18,2026-08-18 12:31:00,314.43,314.43,314.43,314.43,0.0,100.55,31205.9,0
2026-08-18,2026-08-18 12:32:00,314.43,314.43,314.42,314.42,-0.0,100.55,31205.9,-1
2026-08-18,2026-08-18 12:33:00,314.42,314.42,314.41,314.41,-0.0,100.55,31205.9,-1
2026-08-18,2026-08-18 12:34:00,314.41,314.41,314.41,314.41,0.0,100.55,31205.9,0
2026-08-18,2026-08-18 12:35:00,314.41,314.41,314.4,314.4,-0.0,100.55,31205.9,-1
2026-08-18,2026-08-18 12:36:00,314.4,314.4,314.39,314.39,-0.0,100.55,31205.9,-1
2026-08-18,2026-08-18 12:37:00,314.39,314.39,314.39,314.39,0.0,100.55,31205.9,0
2026-08-18,2026-08-18 12:38:00,314.39,314.39,314.38,314.38,-0.0,100.55,31205.9,-1
2026-08-18,2026-08-18 12:39:00,314.38,314.38,314.38,314.38,0.0,100.55,31205.9,0
2026-08-18,2026-08-18 12:40:00,314.38,314.38,314.37,314.37,-0.0,100.55,31205.9,-1
2026-08-18,2026-08-18 12:41:00,314.37,314.37,314.36,314.36,-0.0,100.55,31205.9,-1
2026-08-18,2026-08-18 12:42:00,314.36,314.36,314.36,314.36,0.0,100.55,31205.9,0
2026-08-18,2026-08-18 12:43:00,314.36,314.36,314.35,314.35,-0.0,100.55,31205.9,-1
2026-08-18,2026-08-18 12:44:00,314.35,314.35,314.34,314.34,-0.0,100.55,31205.9,-1
2026-08-18,2026-08-18 12:45:00,314.34,314.34,314.34,314.34,0.0,100.55,31205.9,0
2026-08-18,2026-08-18 12:46:00,314.34,314.34,314.33,314.33,-0.0,100.55,31205.9,-1
2026-08-18,2026-08-18 12:47:00,314.33,314.33,314.32,314.32,-0.0,100.55,31205.9,-1
2026-08-18,2026-08-18 12:48:00,314.32,314.32,314.32,314.32,0.0,100.55,31205.9,0
2026-08-18,2026-08-18 12:49:00,314.32,314.32,314.31,314.31,-0.0,100.55,31205.9,-1
2026-08-18,2026-08-18 12:50:00,314.31,314.31,314.31,314.31,0.0,100.55,31205.9,0
2026-08-18,2026-08-18 12:51:00,314.31,314.31,314.3,314.3,-0.0,100.55,31205.9,-1
2026-08-18,2026-08-18 12:52:00,314.3,314.3,314.29,314.29,-0.0,100.55,31205.9,-1
2026-08-18,2026-08-18 12:53:00,314.29,314.29,314.29,314.29,0.0,100.55,31205.9,0
2026-08-18,2026-08-18 12:54:00,314.29,314.29,314.28,314.28,-0.0,100.55,31205.9,-1
2026-08-18,2026-08-18 12:55:00,314.28,314.28,314.27,314.27,-0.0,100.55,31205.9,-1
2026-08-18,2026-08-18 12:56:00,314.27,314.27,314.27,314.27,0.0,100.55,31205.9,0
2026-08-18,2026-08-18 12:57:00,314.27,314.27,314.26,314.26,-0.0,100.55,31205.9,-1
2026-08-18,2026-08-18 12:58:00,314.26,314.26,314.26,314.26,0.0,100.55,31205.9,0
2026-08-18,2026-08-18 12:59:00,314.26,314.26,314.25,314.25,-0.0,100.55,31205.9,-1
2026-08-18,2026-08-18 13:00:00,314.25,316.0,308.0,314.24,-0.0,100.55,31205.9,-1
2026-08-18,2026-08-18 13:01:00,314.24,314.24,314.24,314.24,0.0,100.55,31205.9,0
2026-08-18,2026-08-18 13:02:00,314.24,314.24,314.23,314.23,-0.0,100.55,31205.9,-1
2026-08-18,2026-08-18 13:03:00,314.23,314.23,314.23,314.23,0.0,100.55,31205.9,0
2026-08-18,2026-08-18 13:04:00,314.23,314.23,314.22,314.22,-0.0,100.55,31205.9,-1
2026-08-18,2026-08-18 13:05:00,314.22,314.22,314.21,314.21,-0.0,100.55,31205.9,-1
2026-08-18,2026-08-18 13:06:00,314.21,314.21,314.21,314.21,0.0,100.55,31205.9,0
2026-08-18,2026-08-18 13:07:00,314.21,314.21,314.2,314.2,-0.0,100.55,31205.9,-1
2026-08-18,2026-08-18 13:08:00,314.2,314.2,314.19,314.19,-0.0,100.55,31205.9,-1
2026-08-18,2026-08-18 13:09:00,314.19,314.19,314.19,314.19,0.0,100.55,31205.9,0
2026-08-18,2026-08-18 13:10:00,314.19,314.19,314.18,314.18,-0.0,100.55,31205.9,-1
2026-08-18,2026-08-18 13:11:00,314.18,314.18,314.18,314.18,0.0,100.55,31205.9,0
2026-08-18,2026-08-18 13:12:00,314.18,314.18,314.17,314.17,-0.0,100.55,31205.9,-1
2026-08-18,2026-08-18 13:13:00,314.17,314.17,314.16,314.16,-0.0,100.55,31205.9,-1
2026-08-18,2026-08-18 13:14:00,314.16,314.16,314.16,314.16,0.0,100.55,31205.9,0
2026-08-18,2026-08-18 13:15:00,314.16,314.16,314.15,314.15,-0.0,100.55,31205.9,-1
2026-08-18,2026-08-18 13:16:00,314.15,314.15,314.14,314.14,-0.0,100.55,31205.9,-1
2026-08-18,2026-08-18 13:17:00,314.14,314.14,314.14,314.14,0.0,100.55,31205.9,0
2026-08-18,2026-08-18 13:18:00,314.14,314.14,314.13,314.13,-0.0,100.55,31205.9,-1
2026-08-18,2026-08-18 13:19:00,314.13,314.13,314.12,314.12,-0.0,100.55,31205.9,-1
2026-08-18,2026-08-18 13:20:00,314.12,314.12,314.12,314.12,0.0,100.55,31205.9,0
2026-08-18,2026-08-18 13:21:00,314.12,314.12,314.11,314.11,-0.0,100.55,31205.9,-1
2026-08-18,2026-08-18 13:22:00,314.11,314.11,314.11,314.11,0.0,100.55,31205.9,0
2026-08-18,2026-08-18 13:23:00,314.11,314.11,314.1,314.1,-0.0,100.55,31205.9,-1
2026-08-18,2026-08-18 13:24:00,314.1,314.1,314.09,314.09,-0.0,100.55,31205.9,-1
2026-08-18,2026-08-18 13:25:00,314.09,314.09,314.09,314.09,0.0,100.55,31205.9,0
2026-08-18,2026-08-18 13:26:00,314.09,314.09,314.08,314.08,-0.0,100.55,31205.9,-1
2026-08-18,2026-08-18 13:27:00,314.08,314.08,314.07,314.07,-0.0,100.55,31205.9,-1
2026-08-18,2026-08-18 13:28:00,314.07,314.07,314.07,314.07,0.0,100.55,31205.9,0
2026-08-18,2026-08-18 13:29:00,314.07,314.07,314.06,314.06,-0.0,100.55,31205.9,-1
2026-08-18,2026-08-18 13:30:00,314.06,314.06,314.06,314.06,0.0,100.55,31205.9,0
2026-08-18,2026-08-18 13:31:00,314.06,314.06,314.05,314.05,-0.0,100.55,31205.9,-1
2026-08-18,2026-08-18 13:32:00,314.05,314.05,314.04,314.04,-0.0,100.55,31205.9,-1
2026-08-18,2026-08-18 13:33:00,314.04,314.04,314.04,314.04,0.0,100.55,31205.9,0
2026-08-18,2026-08-18 13:34:00,314.04,314.04,314.03,314.03,-0.0,100.55,31205.9,-1
2026-08-18,2026-08-18 13:35:00,314.03,314.03,314.02,314.02,-0.0,100.55,31205.9,-1
2026-08-18,2026-08-18 13:36:00,314.02,314.02,314.02,314.02,0.0,100.55,31205.9,0
2026-08-18,2026-08-18 13:37:00,314.02,314.02,314.01,314.01,-0.0,100.55,31205.9,-1
2026-08-18,2026-08-18 13:38:00,314.01,314.01,314.01,314.01,0.0,100.55,31205.9,0
2026-08-18,2026-08-18 13:39:00,314.01,314.01,314.0,314.0,-0.0,100.55,31205.9,-1
2026-08-18,2026-08-18 13:40:00,314.0,314.0,313.99,313.99,-0.0,100.55,31205.9,-1
2026-08-18,2026-08-18 13:41:00,313.99,313.99,313.99,313.99,0.0,100.55,31205.9,0
2026-08-18,2026-08-18 13:42:00,313.99,313.99,313.98,313.98,-0.0,100.55,31205.9,-1
2026-08-18,2026-08-18 13:43:00,313.98,313.98,313.98,313.98,0.0,100.55,31205.9,0
2026-08-18,2026-08-18 13:44:00,313.98,313.98,313.97,313.97,-0.0,100.55,31205.9,-1
2026-08-18,2026-08-18 13:45:00,313.97,313.97,313.96,313.96,-0.0,100.55,31205.9,-1
2026-08-18,2026-08-18 13:46:00,313.96,313.96,313.96,313.96,0.0,100.55,31205.9,0
2026-08-18,2026-08-18 13:47:00,313.96,313.96,313.95,313.95,-0.0,100.55,31205.9,-1
2026-08-18,2026-08-18 13:48:00,313.95,313.95,313.94,313.94,-0.0,100.55,31205.9,-1
2026-08-18,2026-08-18 13:49:00,313.94,313.94,313.94,313.94,0.0,100.55,31205.9,0
2026-08-18,2026-08-18 13:50:00,313.94,313.94,313.93,313.93,-0.0,100.55,31205.9,-1
2026-08-18,2026-08-18 13:51:00,313.93,313.93,313.93,313.93,0.0,100.55,31205.9,0
2026-08-18,2026-08-18 13:52:00,313.93,313.93,313.92,313.92,-0.0,100.55,31205.9,-1
2026-08-18,2026-08-18 13:53:00,313.92,313.92,313.91,313.91,-0.0,100.55,31205.9,-1
2026-08-18,2026-08-18 13:54:00,313.91,313.91,313.91,313.91,0.0,100.55,31205.9,0
2026-08-18,2026-08-18 13:55:00,313.91,313.91,313.9,313.9,-0.0,100.55,31205.9,-1
2026-08-18,2026-08-18 13:56:00,313.9,313.9,313.89,313.89,-0.0,100.55,31205.9,-1
2026-08-18,2026-08-18 13:57:00,313.89,313.89,313.89,313.89,0.0,100.55,31205.9,0
2026-08-18,2026-08-18 13:58:00,313.89,313.89,313.88,313.88,-0.0,100.55,31205.9,-1
2026-08-18,2026-08-18 13:59:00,313.88,313.88,313.88,313.88,0.0,100.55,31205.9,0
2026-08-18,2026-08-18 14:00:00,313.88,313.88,313.87,313.87,-0.0,100.55,31205.9,-1
2026-08-18,2026-08-18 14:01:00,313.87,313.87,313.86,313.86,-0.0,100.55,31205.9,-1
2026-08-18,2026-08-18 14:02:00,313.86,313.86,313.86,313.86,0.0,100.55,31205.9,0
2026-08-18,2026-08-18 14:03:00,313.86,313.86,313.85,313.85,-0.0,100.55,31205.9,-1
2026-08-18,2026-08-18 14:04:00,313.85,313.85,313.84,313.84,-0.0,100.55,31205.9,-1
2026-08-18,2026-08-18 14:05:00,313.84,313.84,313.84,313.84,0.0,100.55,31205.9,0
2026-08-18,2026-08-18 14:06:00,313.84,313.84,313.83,313.83,-0.0,100.55,31205.9,-1
2026-08-18,2026-08-18 14:07:00,313.83,313.83,313.82,313.82,-0.0,100.55,31205.9,-1
2026-08-18,2026-08-18 14:08:00,313.82,313.82,313.82,313.82,0.0,100.55,31205.9,0
2026-08-18,2026-08-18 14:09:00,313.82,313.82,313.81,313.81,-0.0,100.55,31205.9,-1
2026-08-18,2026-08-18 14:10:00,313.81,313.81,313.81,313.81,0.0,100.55,31205.9,0
2026-08-18,2026-08-18 14:11:00,313.81,313.81,313.8,313.8,-0.0,100.55,31205.9,-1
2026-08-18,2026-08-18 14:12:00,313.8,313.8,313.79,313.79,-0.0,100.55,31205.9,-1
2026-08-18,2026-08-18 14:13:00,313.79,313.79,313.79,313.79,0.0,100.55,31205.9,0
2026-08-18,2026-08-18 14:14:00,313.79,313.79,313.78,313.78,-0.0,100.55,31205.9,-1
2026-08-18,2026-08-18 14:15:00,313.78,313.78,313.77,313.77,-0.0,100.55,31205.9,-1
2026-08-18,2026-08-18 14:16:00,313.77,313.77,313.77,313.77,0.0,100.55,31205.9,0
2026-08-18,2026-08-18 14:17:00,313.77,313.77,313.76,313.76,-0.0,100.55,31205.9,-1
2026-08-18,2026-08-18 14:18:00,313.76,313.76,313.76,313.76,0.0,100.55,31205.9,0
2026-08-18,2026-08-18 14:19:00,313.76,313.76,313.75,313.75,-0.0,100.55,31205.9,-1
2026-08-18,2026-08-18 14:20:00,313.75,313.75,313.74,313.74,-0.0,100.55,31205.9,-1
2026-08-18,2026-08-18 14:21:00,313.74,313.74,313.74,313.74,0.0,100.55,31205.9,0
2026-08-18,2026-08-18 14:22:00,313.74,313.74,313.73,313.73,-0.0,100.55,31205.9,-1
2026-08-18,2026-08-18 14:23:00,313.73,313.73,313.73,313.73,0.0,100.55,31205.9,0
2026-08-18,2026-08-18 14:24:00,313.73,313.73,313.72,313.72,-0.0,100.55,31205.9,-1
2026-08-18,2026-08-18 14:25:00,313.72,313.72,313.71,313.71,-0.0,100.55,31205.9,-1
2026-08-18,2026-08-18 14:26:00,313.71,313.71,313.71,313.71,0.0,100.55,31205.9,0
2026-08-18,2026-08-18 14:27:00,313.71,313.71,313.7,313.7,-0.0,100.55,31205.9,-1
2026-08-18,2026-08-18 14:28:00,313.7,313.7,313.69,313.69,-0.0,100.55,31205.9,-1
2026-08-18,2026-08-18 14:29:00,313.69,313.69,313.69,313.69,0.0,100.55,31205.9,0
2026-08-18,2026-08-18 14:30:00,313.69,313.69,313.68,313.68,-0.0,100.55,31205.9,-1
2026-08-18,2026-08-18 14:31:00,313.68,313.68,313.68,313.68,0.0,100.55,31205.9,0
2026-08-18,2026-08-18 14:32:00,313.68,313.68,313.67,313.67,-0.0,100.55,31205.9,-1
2026-08-18,2026-08-18 14:33:00,313.67,313.67,313.66,313.66,-0.0,100.55,31205.9,-1
2026-08-18,2026-08-18 14:34:00,313.66,313.66,313.66,313.66,0.0,100.55,31205.9,0
2026-08-18,2026-08-18 14:35:00,313.66,313.66,313.65,313.65,-0.0,100.55,31205.9,-1
2026-08-18,2026-08-18 14:36:00,313.65,313.65,313.64,313.64,-0.0,100.55,31205.9,-1
2026-08-18,2026-08-18 14:37:00,313.64,313.64,313.64,313.64,0.0,100.55,31205.9,0
2026-08-18,2026-08-18 14:38:00,313.64,313.64,313.63,313.63,-0.0,100.55,31205.9,-1
2026-08-18,2026-08-18 14:39:00,313.63,313.63,313.62,313.62,-0.0,100.55,31205.9,-1
2026-08-18,2026-08-18 14:40:00,313.62,313.62,313.62,313.62,0.0,100.55,31205.9,0
2026-08-18,2026-08-18 14:41:00,313.62,313.62,313.61,313.61,-0.0,100.55,31205.9,-1
2026-08-18,2026-08-18 14:42:00,313.61,313.61,313.61,313.61,0.0,100.55,31205.9,0
2026-08-18,2026-08-18 14:43:00,313.61,313.61,313.6,313.6,-0.0,100.55,31205.9,-1
2026-08-18,2026-08-18 14:44:00,313.6,313.6,313.59,313.59,-0.0,100.55,31205.9,-1
2026-08-18,2026-08-18 14:45:00,313.59,313.59,313.59,313.59,0.0,100.55,31205.9,0
2026-08-18,2026-08-18 14:46:00,313.59,313.59,313.58,313.58,-0.0,100.55,31205.9,-1
2026-08-18,2026-08-18 14:47:00,313.58,313.58,313.57,313.57,-0.0,100.55,31205.9,-1
2026-08-18,2026-08-18 14:48:00,313.57,313.57,313.57,313.57,0.0,100.55,31205.9,0
2026-08-18,2026-08-18 14:49:00,313.57,313.57,313.56,313.56,-0.0,100.55,31205.9,-1
2026-08-18,2026-08-18 14:50:00,313.56,313.56,313.56,313.56,0.0,100.55,31205.9,0
2026-08-18,2026-08-18 14:51:00,313.56,313.56,313.55,313.55,-0.0,100.55,31205.9,-1
2026-08-18,2026-08-18 14:52:00,313.55,313.55,313.54,313.54,-0.0,100.55,31205.9,-1
2026-08-18,2026-08-18 14:53:00,313.54,313.54,313.54,313.54,0.0,100.55,31205.9,0
2026-08-18,2026-08-18 14:54:00,313.54,313.54,313.53,313.53,-0.0,100.55,31205.9,-1
2026-08-18,2026-08-18 14:55:00,313.53,313.53,313.52,313.52,-0.0,100.55,31205.9,-1
2026-08-18,2026-08-18 14:56:00,313.52,313.52,313.52,313.52,0.0,100.55,31205.9,0
2026-08-18,2026-08-18 14:57:00,313.52,313.52,313.51,313.51,-0.0,100.55,31205.9,-1
2026-08-18,2026-08-18 14:58:00,313.51,313.51,313.51,313.51,0.0,100.55,31205.9,0
2026-08-18,2026-08-18 14:59:00,313.51,313.51,313.5,313.5,-0.0,100.55,31205.9,-1
2026-08-18,2026-08-18 15:00:00,313.5,316.0,308.0,313.5,0.0,100.55,31205.9,0
2026-08-19,2026-08-19 11:00:00,329.0,329.0,322.7,328.93,-0.02,38.69,12078.5,-1
2026-08-19,2026-08-19 11:01:00,328.93,328.93,328.86,328.86,-0.02,38.69,12078.5,-1
2026-08-19,2026-08-19 11:02:00,328.86,328.86,328.79,328.79,-0.02,38.69,12078.5,-1
2026-08-19,2026-08-19 11:03:00,328.79,328.79,328.71,328.71,-0.02,38.69,12078.5,-1
2026-08-19,2026-08-19 11:04:00,328.71,328.71,328.64,328.64,-0.02,38.69,12078.5,-1
2026-08-19,2026-08-19 11:05:00,328.64,328.64,328.57,328.57,-0.02,38.69,12078.5,-1
2026-08-19,2026-08-19 11:06:00,328.57,328.57,328.5,328.5,-0.02,38.69,12078.5,-1
2026-08-19,2026-08-19 11:07:00,328.5,328.5,328.43,328.43,-0.02,38.69,12078.5,-1
2026-08-19,2026-08-19 11:08:00,328.43,328.43,328.36,328.36,-0.02,38.69,12078.5,-1
2026-08-19,2026-08-19 11:09:00,328.36,328.36,328.29,328.29,-0.02,38.69,12078.5,-1
2026-08-19,2026-08-19 11:10:00,328.29,328.29,328.22,328.22,-0.02,38.69,12078.5,-1
2026-08-19,2026-08-19 11:11:00,328.22,328.22,328.14,328.14,-0.02,38.69,12078.5,-1
2026-08-19,2026-08-19 11:12:00,328.14,328.14,328.07,328.07,-0.02,38.69,12078.5,-1
2026-08-19,2026-08-19 11:13:00,328.07,328.07,328.0,328.0,-0.02,38.69,12078.5,-1
2026-08-19,2026-08-19 11:14:00,328.0,328.0,327.93,327.93,-0.02,38.69,12078.5,-1
2026-08-19,2026-08-19 11:15:00,327.93,327.93,327.86,327.86,-0.02,38.69,12078.5,-1
2026-08-19,2026-08-19 11:16:00,327.86,327.86,327.79,327.79,-0.02,38.69,12078.5,-1
2026-08-19,2026-08-19 11:17:00,327.79,327.79,327.72,327.72,-0.02,38.69,12078.5,-1
2026-08-19,2026-08-19 11:18:00,327.72,327.72,327.65,327.65,-0.02,38.69,12078.5,-1
2026-08-19,2026-08-19 11:19:00,327.65,327.65,327.57,327.57,-0.02,38.69,12078.5,-1
2026-08-19,2026-08-19 11:20:00,327.57,327.57,327.5,327.5,-0.02,38.69,12078.5,-1
2026-08-19,2026-08-19 11:21:00,327.5,327.5,327.43,327.43,-0.02,38.69,12078.5,-1
2026-08-19,2026-08-19 11:22:00,327.43,327.43,327.36,327.36,-0.02,38.69,12078.5,-1
2026-08-19,2026-08-19 11:23:00,327.36,327.36,327.29,327.29,-0.02,38.69,12078.5,-1
2026-08-19,2026-08-19 11:24:00,327.29,327.29,327.22,327.22,-0.02,38.69,12078.5,-1
2026-08-19,2026-08-19 11:25:00,327.22,327.22,327.15,327.15,-0.02,38.69,12078.5,-1
2026-08-19,2026-08-19 11:26:00,327.15,327.15,327.08,327.08,-0.02,38.69,12078.5,-1
2026-08-19,2026-08-19 11:27:00,327.08,327.08,327.0,327.0,-0.02,38.69,12078.5,-1
2026-08-19,2026-08-19 11:28:00,327.0,327.0,326.93,326.93,-0.02,38.69,12078.5,-1
2026-08-19,2026-08-19 11:29:00,326.93,326.93,326.86,326.86,-0.02,38.69,12078.5,-1
2026-08-19,2026-08-19 11:30:00,326.86,326.86,326.79,326.79,-0.02,38.69,12078.5,-1
2026-08-19,2026-08-19 11:31:00,326.79,326.79,326.72,326.72,-0.02,38.69,12078.5,-1
2026-08-19,2026-08-19 11:32:00,326.72,326.72,326.65,326.65,-0.02,38.69,12078.5,-1
2026-08-19,2026-08-19 11:33:00,326.65,326.65,326.58,326.58,-0.02,38.69,12078.5,-1
2026-08-19,2026-08-19 11:34:00,326.58,326.58,326.51,326.51,-0.02,38.69,12078.5,-1
2026-08-19,2026-08-19 11:35:00,326.51,326.51,326.44,326.44,-0.02,38.69,12078.5,-1
2026-08-19,2026-08-19 11:36:00,326.44,326.44,326.36,326.36,-0.02,38.69,12078.5,-1
2026-08-19,2026-08-19 11:37:00,326.36,326.36,326.29,326.29,-0.02,38.69,12078.5,-1
2026-08-19,2026-08-19 11:38:00,326.29,326.29,326.22,326.22,-0.02,38.69,12078.5,-1
2026-08-19,2026-08-19 11:39:00,326.22,326.22,326.15,326.15,-0.02,38.69,12078.5,-1
2026-08-19,2026-08-19 11:40:00,326.15,326.15,326.08,326.08,-0.02,38.69,12078.5,-1
2026-08-19,2026-08-19 11:41:00,326.08,326.08,326.01,326.01,-0.02,38.69,12078.5,-1
2026-08-19,2026-08-19 11:42:00,326.01,326.01,325.94,325.94,-0.02,38.69,12078.5,-1
2026-08-19,2026-08-19 11:43:00,325.94,325.94,325.87,325.87,-0.02,38.69,12078.5,-1
2026-08-19,2026-08-19 11:44:00,325.87,325.87,325.79,325.79,-0.02,38.69,12078.5,-1
2026-08-19,2026-08-19 11:45:00,325.79,325.79,325.72,325.72,-0.02,38.69,12078.5,-1
2026-08-19,2026-08-19 11:46:00,325.72,325.72,325.65,325.65,-0.02,38.69,12078.5,-1
2026-08-19,2026-08-19 11:47:00,325.65,325.65,325.58,325.58,-0.02,38.69,12078.5,-1
2026-08-19,2026-08-19 11:48:00,325.58,325.58,325.51,325.51,-0.02,38.69,12078.5,-1
2026-08-19,2026-08-19 11:49:00,325.51,325.51,325.44,325.44,-0.02,38.69,12078.5,-1
2026-08-19,2026-08-19 11:50:00,325.44,325.44,325.37,325.37,-0.02,38.69,12078.5,-1
2026-08-19,2026-08-19 11:51:00,325.37,325.37,325.3,325.3,-0.02,38.69,12078.5,-1
2026-08-19,2026-08-19 11:52:00,325.3,325.3,325.22,325.22,-0.02,38.69,12078.5,-1
2026-08-19,2026-08-19 11:53:00,325.22,325.22,325.15,325.15,-0.02,38.69,12078.5,-1
2026-08-19,2026-08-19 11:54:00,325.15,325.15,325.08,325.08,-0.02,38.69,12078.5,-1
2026-08-19,2026-08-19 11:55:00,325.08,325.08,325.01,325.01,-0.02,38.69,12078.5,-1
2026-08-19,2026-08-19 11:56:00,325.01,325.01,324.94,324.94,-0.02,38.69,12078.5,-1
2026-08-19,2026-08-19 11:57:00,324.94,324.94,324.87,324.87,-0.02,38.69,12078.5,-1
2026-08-19,2026-08-19 11:58:00,324.87,324.87,324.8,324.8,-0.02,38.69,12078.5,-1
2026-08-19,2026-08-19 11:59:00,324.8,324.8,324.73,324.73,-0.02,38.69,12078.5,-1
2026-08-19,2026-08-19 12:00:00,324.73,324.73,324.65,324.65,-0.02,38.69,12078.5,-1
2026-08-19,2026-08-19 12:01:00,324.65,324.65,324.58,324.58,-0.02,38.69,12078.5,-1
2026-08-19,2026-08-19 12:02:00,324.58,324.58,324.51,324.51,-0.02,38.69,12078.5,-1
2026-08-19,2026-08-19 12:03:00,324.51,324.51,324.44,324.44,-0.02,38.69,12078.5,-1
2026-08-19,2026-08-19 12:04:00,324.44,324.44,324.37,324.37,-0.02,38.69,12078.5,-1
2026-08-19,2026-08-19 12:05:00,324.37,324.37,324.3,324.3,-0.02,38.69,12078.5,-1
2026-08-19,2026-08-19 12:06:00,324.3,324.3,324.23,324.23,-0.02,38.69,12078.5,-1
2026-08-19,2026-08-19 12:07:00,324.23,324.23,324.15,324.15,-0.02,38.69,12078.5,-1
2026-08-19,2026-08-19 12:08:00,324.15,324.15,324.08,324.08,-0.02,38.69,12078.5,-1
2026-08-19,2026-08-19 12:09:00,324.08,324.08,324.01,324.01,-0.02,38.69,12078.5,-1
2026-08-19,2026-08-19 12:10:00,324.01,324.01,323.94,323.94,-0.02,38.69,12078.5,-1
2026-08-19,2026-08-19 12:11:00,323.94,323.94,323.87,323.87,-0.02,38.69,12078.5,-1
2026-08-19,2026-08-19 12:12:00,323.87,323.87,323.8,323.8,-0.02,38.69,12078.5,-1
2026-08-19,2026-08-19 12:13:00,323.8,323.8,323.73,323.73,-0.02,38.69,12078.5,-1
2026-08-19,2026-08-19 12:14:00,323.73,323.73,323.66,323.66,-0.02,38.69,12078.5,-1
2026-08-19,2026-08-19 12:15:00,323.66,323.66,323.58,323.58,-0.02,38.69,12078.5,-1
2026-08-19,2026-08-19 12:16:00,323.58,323.58,323.51,323.51,-0.02,38.69,12078.5,-1
2026-08-19,2026-08-19 12:17:00,323.51,323.51,323.44,323.44,-0.02,38.69,12078.5,-1
2026-08-19,2026-08-19 12:18:00,323.44,323.44,323.37,323.37,-0.02,38.69,12078.5,-1
2026-08-19,2026-08-19 12:19:00,323.37,323.37,323.3,323.3,-0.02,38.69,12078.5,-1
2026-08-19,2026-08-19 12:20:00,323.3,323.3,323.23,323.23,-0.02,38.69,12078.5,-1
2026-08-19,2026-08-19 12:21:00,323.23,323.23,323.16,323.16,-0.02,38.69,12078.5,-1
2026-08-19,2026-08-19 12:22:00,323.16,323.16,323.09,323.09,-0.02,38.69,12078.5,-1
2026-08-19,2026-08-19 12:23:00,323.09,323.09,323.01,323.01,-0.02,38.69,12078.5,-1
2026-08-19,2026-08-19 12:24:00,323.01,323.01,322.94,322.94,-0.02,38.69,12078.5,-1
2026-08-19,2026-08-19 12:25:00,322.94,322.94,322.87,322.87,-0.02,38.69,12078.5,-1
2026-08-19,2026-08-19 12:26:00,322.87,322.87,322.8,322.8,-0.02,38.69,12078.5,-1
2026-08-19,2026-08-19 12:27:00,322.8,322.8,322.73,322.73,-0.02,38.69,12078.5,-1
2026-08-19,2026-08-19 12:28:00,322.73,322.73,322.66,322.66,-0.02,38.69,12078.5,-1
2026-08-19,2026-08-19 12:29:00,322.66,322.66,322.59,322.59,-0.02,38.69,12078.5,-1
2026-08-19,2026-08-19 12:30:00,322.59,322.59,322.52,322.52,-0.02,38.69,12078.5,-1
2026-08-19,2026-08-19 12:31:00,322.52,322.52,322.44,322.44,-0.02,38.69,12078.5,-1
2026-08-19,2026-08-19 12:32:00,322.44,322.44,322.37,322.37,-0.02,38.69,12078.5,-1
2026-08-19,2026-08-19 12:33:00,322.37,322.37,322.3,322.3,-0.02,38.69,12078.5,-1
2026-08-19,2026-08-19 12:34:00,322.3,322.3,322.23,322.23,-0.02,38.69,12078.5,-1
2026-08-19,2026-08-19 12:35:00,322.23,322.23,322.16,322.16,-0.02,38.69,12078.5,-1
2026-08-19,2026-08-19 12:36:00,322.16,322.16,322.09,322.09,-0.02,38.69,12078.5,-1
2026-08-19,2026-08-19 12:37:00,322.09,322.09,322.02,322.02,-0.02,38.69,12078.5,-1
2026-08-19,2026-08-19 12:38:00,322.02,322.02,321.95,321.95,-0.02,38.69,12078.5,-1
2026-08-19,2026-08-19 12:39:00,321.95,321.95,321.88,321.88,-0.02,38.69,12078.5,-1
2026-08-19,2026-08-19 12:40:00,321.88,321.88,321.8,321.8,-0.02,38.69,12078.5,-1
2026-08-19,2026-08-19 12:41:00,321.8,321.8,321.73,321.73,-0.02,38.69,12078.5,-1
2026-08-19,2026-08-19 12:42:00,321.73,321.73,321.66,321.66,-0.02,38.69,12078.5,-1
2026-08-19,2026-08-19 12:43:00,321.66,321.66,321.59,321.59,-0.02,38.69,12078.5,-1
2026-08-19,2026-08-19 12:44:00,321.59,321.59,321.52,321.52,-0.02,38.69,12078.5,-1
2026-08-19,2026-08-19 12:45:00,321.52,321.52,321.45,321.45,-0.02,38.69,12078.5,-1
2026-08-19,2026-08-19 12:46:00,321.45,321.45,321.38,321.38,-0.02,38.69,12078.5,-1
2026-08-19,2026-08-19 12:47:00,321.38,321.38,321.31,321.31,-0.02,38.69,12078.5,-1
2026-08-19,2026-08-19 12:48:00,321.31,321.31,321.23,321.23,-0.02,38.69,12078.5,-1
2026-08-19,2026-08-19 12:49:00,321.23,321.23,321.16,321.16,-0.02,38.69,12078.5,-1
2026-08-19,2026-08-19 12:50:00,321.16,321.16,321.09,321.09,-0.02,38.69,12078.5,-1
2026-08-19,2026-08-19 12:51:00,321.09,321.09,321.02,321.02,-0.02,38.69,12078.5,-1
2026-08-19,2026-08-19 12:52:00,321.02,321.02,320.95,320.95,-0.02,38.69,12078.5,-1
2026-08-19,2026-08-19 12:53:00,320.95,320.95,320.88,320.88,-0.02,38.69,12078.5,-1
2026-08-19,2026-08-19 12:54:00,320.88,320.88,320.81,320.81,-0.02,38.69,12078.5,-1
2026-08-19,2026-08-19 12:55:00,320.81,320.81,320.74,320.74,-0.02,38.69,12078.5,-1
2026-08-19,2026-08-19 12:56:00,320.74,320.74,320.66,320.66,-0.02,38.69,12078.5,-1
2026-08-19,2026-08-19 12:57:00,320.66,320.66,320.59,320.59,-0.02,38.69,12078.5,-1
2026-08-19,2026-08-19 12:58:00,320.59,320.59,320.52,320.52,-0.02,38.69,12078.5,-1
2026-08-19,2026-08-19 12:59:00,320.52,320.52,320.45,320.45,-0.02,38.69,12078.5,-1
2026-08-19,2026-08-19 13:00:00,320.45,329.0,308.0,320.38,-0.02,38.69,12078.5,-1
2026-08-19,2026-08-19 13:01:00,320.38,320.38,320.31,320.31,-0.02,38.69,12078.5,-1
2026-08-19,2026-08-19 13:02:00,320.31,320.31,320.24,320.24,-0.02,38.69,12078.5,-1
2026-08-19,2026-08-19 13:03:00,320.24,320.24,320.16,320.16,-0.02,38.69,12078.5,-1
2026-08-19,2026-08-19 13:04:00,320.16,320.16,320.09,320.09,-0.02,38.69,12078.5,-1
2026-08-19,2026-08-19 13:05:00,320.09,320.09,320.02,320.02,-0.02,38.69,12078.5,-1
2026-08-19,2026-08-19 13:06:00,320.02,320.02,319.95,319.95,-0.02,38.69,12078.5,-1
2026-08-19,2026-08-19 13:07:00,319.95,319.95,319.88,319.88,-0.02,38.69,12078.5,-1
2026-08-19,2026-08-19 13:08:00,319.88,319.88,319.81,319.81,-0.02,38.69,12078.5,-1
2026-08-19,2026-08-19 13:09:00,319.81,319.81,319.74,319.74,-0.02,38.69,12078.5,-1
2026-08-19,2026-08-19 13:10:00,319.74,319.74,319.67,319.67,-0.02,38.69,12078.5,-1
2026-08-19,2026-08-19 13:11:00,319.67,319.67,319.59,319.59,-0.03,38.69,12078.5,-1
2026-08-19,2026-08-19 13:12:00,319.59,319.59,319.52,319.52,-0.02,38.69,12078.5,-1
2026-08-19,2026-08-19 13:13:00,319.52,319.52,319.45,319.45,-0.02,38.69,12078.5,-1
2026-08-19,2026-08-19 13:14:00,319.45,319.45,319.38,319.38,-0.02,38.69,12078.5,-1
2026-08-19,2026-08-19 13:15:00,319.38,319.38,319.31,319.31,-0.02,38.69,12078.5,-1
2026-08-19,2026-08-19 13:16:00,319.31,319.31,319.24,319.24,-0.02,38.69,12078.5,-1
2026-08-19,2026-08-19 13:17:00,319.24,319.24,319.17,319.17,-0.02,38.69,12078.5,-1
2026-08-19,2026-08-19 13:18:00,319.17,319.17,319.1,319.1,-0.02,38.69,12078.5,-1
2026-08-19,2026-08-19 13:19:00,319.1,319.1,319.02,319.02,-0.03,38.69,12078.5,-1
2026-08-19,2026-08-19 13:20:00,319.02,319.02,318.95,318.95,-0.02,38.69,12078.5,-1
2026-08-19,2026-08-19 13:21:00,318.95,318.95,318.88,318.88,-0.02,38.69,12078.5,-1
2026-08-19,2026-08-19 13:22:00,318.88,318.88,318.81,318.81,-0.02,38.69,12078.5,-1
2026-08-19,2026-08-19 13:23:00,318.81,318.81,318.74,318.74,-0.02,38.69,12078.5,-1
2026-08-19,2026-08-19 13:24:00,318.74,318.74,318.67,318.67,-0.02,38.69,12078.5,-1
2026-08-19,2026-08-19 13:25:00,318.67,318.67,318.6,318.6,-0.02,38.69,12078.5,-1
2026-08-19,2026-08-19 13:26:00,318.6,318.6,318.53,318.53,-0.02,38.69,12078.5,-1
2026-08-19,2026-08-19 13:27:00,318.53,318.53,318.45,318.45,-0.03,38.69,12078.5,-1
2026-08-19,2026-08-19 13:28:00,318.45,318.45,318.38,318.38,-0.02,38.69,12078.5,-1
2026-08-19,2026-08-19 13:29:00,318.38,318.38,318.31,318.31,-0.02,38.69,12078.5,-1
2026-08-19,2026-08-19 13:30:00,318.31,318.31,318.24,318.24,-0.02,38.69,12078.5,-1
2026-08-19,2026-08-19 13:31:00,318.24,318.24,318.17,318.17,-0.02,38.69,12078.5,-1
2026-08-19,2026-08-19 13:32:00,318.17,318.17,318.1,318.1,-0.02,38.69,12078.5,-1
2026-08-19,2026-08-19 13:33:00,318.1,318.1,318.03,318.03,-0.02,38.69,12078.5,-1
2026-08-19,2026-08-19 13:34:00,318.03,318.03,317.96,317.96,-0.02,38.69,12078.5,-1
2026-08-19,2026-08-19 13:35:00,317.96,317.96,317.88,317.88,-0.03,38.69,12078.5,-1
2026-08-19,2026-08-19 13:36:00,317.88,317.88,317.81,317.81,-0.02,38.69,12078.5,-1
2026-08-19,2026-08-19 13:37:00,317.81,317.81,317.74,317.74,-0.02,38.69,12078.5,-1
2026-08-19,2026-08-19 13:38:00,317.74,317.74,317.67,317.67,-0.02,38.69,12078.5,-1
2026-08-19,2026-08-19 13:39:00,317.67,317.67,317.6,317.6,-0.02,38.69,12078.5,-1
2026-08-19,2026-08-19 13:40:00,317.6,317.6,317.53,317.53,-0.02,38.69,12078.5,-1
2026-08-19,2026-08-19 13:41:00,317.53,317.53,317.46,317.46,-0.02,38.69,12078.5,-1
2026-08-19,2026-08-19 13:42:00,317.46,317.46,317.39,317.39,-0.02,38.69,12078.5,-1
2026-08-19,2026-08-19 13:43:00,317.39,317.39,317.31,317.31,-0.03,38.69,12078.5,-1
2026-08-19,2026-08-19 13:44:00,317.31,317.31,317.24,317.24,-0.02,38.69,12078.5,-1
2026-08-19,2026-08-19 13:45:00,317.24,317.24,317.17,317.17,-0.02,38.69,12078.5,-1
2026-08-19,2026-08-19 13:46:00,317.17,317.17,317.1,317.1,-0.02,38.69,12078.5,-1
2026-08-19,2026-08-19 13:47:00,317.1,317.1,317.03,317.03,-0.02,38.69,12078.5,-1
2026-08-19,2026-08-19 13:48:00,317.03,317.03,316.96,316.96,-0.02,38.69,12078.5,-1
2026-08-19,2026-08-19 13:49:00,316.96,316.96,316.89,316.89,-0.02,38.69,12078.5,-1
2026-08-19,2026-08-19 13:50:00,316.89,316.89,316.82,316.82,-0.02,38.69,12078.5,-1
2026-08-19,2026-08-19 13:51:00,316.82,316.82,316.75,316.75,-0.02,38.69,12078.5,-1
2026-08-19,2026-08-19 13:52:00,316.75,316.75,316.67,316.67,-0.03,38.69,12078.5,-1
2026-08-19,2026-08-19 13:53:00,316.67,316.67,316.6,316.6,-0.02,38.69,12078.5,-1
2026-08-19,2026-08-19 13:54:00,316.6,316.6,316.53,316.53,-0.02,38.69,12078.5,-1
2026-08-19,2026-08-19 13:55:00,316.53,316.53,316.46,316.46,-0.02,38.69,12078.5,-1
2026-08-19,2026-08-19 13:56:00,316.46,316.46,316.39,316.39,-0.02,38.69,12078.5,-1
2026-08-19,2026-08-19 13:57:00,316.39,316.39,316.32,316.32,-0.02,38.69,12078.5,-1
2026-08-19,2026-08-19 13:58:00,316.32,316.32,316.25,316.25,-0.02,38.69,12078.5,-1
2026-08-19,2026-08-19 13:59:00,316.25,316.25,316.17,316.17,-0.03,38.69,12078.5,-1
2026-08-19,2026-08-19 14:00:00,316.17,316.17,316.1,316.1,-0.02,38.69,12078.5,-1
2026-08-19,2026-08-19 14:01:00,316.1,316.1,316.03,316.03,-0.02,38.69,12078.5,-1
2026-08-19,2026-08-19 14:02:00,316.03,316.03,315.96,315.96,-0.02,38.69,12078.5,-1
2026-08-19,2026-08-19 14:03:00,315.96,315.96,315.89,315.89,-0.02,38.69,12078.5,-1
2026-08-19,2026-08-19 14:04:00,315.89,315.89,315.82,315.82,-0.02,38.69,12078.5,-1
2026-08-19,2026-08-19 14:05:00,315.82,315.82,315.75,315.75,-0.02,38.69,12078.5,-1
2026-08-19,2026-08-19 14:06:00,315.75,315.75,315.68,315.68,-0.02,38.69,12078.5,-1
2026-08-19,2026-08-19 14:07:00,315.68,315.68,315.6,315.6,-0.03,38.69,12078.5,-1
2026-08-19,2026-08-19 14:08:00,315.6,315.6,315.53,315.53,-0.02,38.69,12078.5,-1
2026-08-19,2026-08-19 14:09:00,315.53,315.53,315.46,315.46,-0.02,38.69,12078.5,-1
2026-08-19,2026-08-19 14:10:00,315.46,315.46,315.39,315.39,-0.02,38.69,12078.5,-1
2026-08-19,2026-08-19 14:11:00,315.39,315.39,315.32,315.32,-0.02,38.69,12078.5,-1
2026-08-19,2026-08-19 14:12:00,315.32,315.32,315.25,315.25,-0.02,38.69,12078.5,-1
2026-08-19,2026-08-19 14:13:00,315.25,315.25,315.18,315.18,-0.02,38.69,12078.5,-1
2026-08-19,2026-08-19 14:14:00,315.18,315.18,315.11,315.11,-0.02,38.69,12078.5,-1
2026-08-19,2026-08-19 14:15:00,315.11,315.11,315.03,315.03,-0.03,38.69,12078.5,-1
2026-08-19,2026-08-19 14:16:00,315.03,315.03,314.96,314.96,-0.02,38.69,12078.5,-1
2026-08-19,2026-08-19 14:17:00,314.96,314.96,314.89,314.89,-0.02,38.69,12078.5,-1
2026-08-19,2026-08-19 14:18:00,314.89,314.89,314.82,314.82,-0.02,38.69,12078.5,-1
2026-08-19,2026-08-19 14:19:00,314.82,314.82,314.75,314.75,-0.02,38.69,12078.5,-1
2026-08-19,2026-08-19 14:20:00,314.75,314.75,314.68,314.68,-0.02,38.69,12078.5,-1
2026-08-19,2026-08-19 14:21:00,314.68,314.68,314.61,314.61,-0.02,38.69,12078.5,-1
2026-08-19,2026-08-19 14:22:00,314.61,314.61,314.54,314.54,-0.02,38.69,12078.5,-1
2026-08-19,2026-08-19 14:23:00,314.54,314.54,314.46,314.46,-0.03,38.69,12078.5,-1
2026-08-19,2026-08-19 14:24:00,314.46,314.46,314.39,314.39,-0.02,38.69,12078.5,-1
2026-08-19,2026-08-19 14:25:00,314.39,314.39,314.32,314.32,-0.02,38.69,12078.5,-1
2026-08-19,2026-08-19 14:26:00,314.32,314.32,314.25,314.25,-0.02,38.69,12078.5,-1
2026-08-19,2026-08-19 14:27:00,314.25,314.25,314.18,314.18,-0.02,38.69,12078.5,-1
2026-08-19,2026-08-19 14:28:00,314.18,314.18,314.11,314.11,-0.02,38.69,12078.5,-1
2026-08-19,2026-08-19 14:29:00,314.11,314.11,314.04,314.04,-0.02,38.69,12078.5,-1
2026-08-19,2026-08-19 14:30:00,314.04,314.04,313.97,313.97,-0.02,38.69,12078.5,-1
2026-08-19,2026-08-19 14:31:00,313.97,313.97,313.89,313.89,-0.03,38.69,12078.5,-1
2026-08-19,2026-08-19 14:32:00,313.89,313.89,313.82,313.82,-0.02,38.69,12078.5,-1
2026-08-19,2026-08-19 14:33:00,313.82,313.82,313.75,313.75,-0.02,38.69,12078.5,-1
2026-08-19,2026-08-19 14:34:00,313.75,313.75,313.68,313.68,-0.02,38.69,12078.5,-1
2026-08-19,2026-08-19 14:35:00,313.68,313.68,313.61,313.61,-0.02,38.69,12078.5,-1
2026-08-19,2026-08-19 14:36:00,313.61,313.61,313.54,313.54,-0.02,38.69,12078.5,-1
2026-08-19,2026-08-19 14:37:00,313.54,313.54,313.47,313.47,-0.02,38.69,12078.5,-1
2026-08-19,2026-08-19 14:38:00,313.47,313.47,313.4,313.4,-0.02,38.69,12078.5,-1
2026-08-19,2026-08-19 14:39:00,313.4,313.4,313.32,313.32,-0.03,38.69,12078.5,-1
2026-08-19,2026-08-19 14:40:00,313.32,313.32,313.25,313.25,-0.02,38.69,12078.5,-1
2026-08-19,2026-08-19 14:41:00,313.25,313.25,313.18,313.18,-0.02,38.69,12078.5,-1
2026-08-19,2026-08-19 14:42:00,313.18,313.18,313.11,313.11,-0.02,38.69,12078.5,-1
2026-08-19,2026-08-19 14:43:00,313.11,313.11,313.04,313.04,-0.02,38.69,12078.5,-1
2026-08-19,2026-08-19 14:44:00,313.04,313.04,312.97,312.97,-0.02,38.69,12078.5,-1
2026-08-19,2026-08-19 14:45:00,312.97,312.97,312.9,312.9,-0.02,38.69,12078.5,-1
2026-08-19,2026-08-19 14:46:00,312.9,312.9,312.83,312.83,-0.02,38.69,12078.5,-1
2026-08-19,2026-08-19 14:47:00,312.83,312.83,312.75,312.75,-0.03,38.69,12078.5,-1
2026-08-19,2026-08-19 14:48:00,312.75,312.75,312.68,312.68,-0.02,38.69,12078.5,-1
2026-08-19,2026-08-19 14:49:00,312.68,312.68,312.61,312.61,-0.02,38.69,12078.5,-1
2026-08-19,2026-08-19 14:50:00,312.61,312.61,312.54,312.54,-0.02,38.69,12078.5,-1
2026-08-19,2026-08-19 14:51:00,312.54,312.54,312.47,312.47,-0.02,38.69,12078.5,-1
2026-08-19,2026-08-19 14:52:00,312.47,312.47,312.4,312.4,-0.02,38.69,12078.5,-1
2026-08-19,2026-08-19 14:53:00,312.4,312.4,312.33,312.33,-0.02,38.69,12078.5,-1
2026-08-19,2026-08-19 14:54:00,312.33,312.33,312.26,312.26,-0.02,38.69,12078.5,-1
2026-08-19,2026-08-19 14:55:00,312.26,312.26,312.19,312.19,-0.02,38.69,12078.5,-1
2026-08-19,2026-08-19 14:56:00,312.19,312.19,312.11,312.11,-0.03,38.69,12078.5,-1
2026-08-19,2026-08-19 14:57:00,312.11,312.11,312.04,312.04,-0.02,38.69,12078.5,-1
2026-08-19,2026-08-19 14:58:00,312.04,312.04,311.97,311.97,-0.02,38.69,12078.5,-1
2026-08-19,2026-08-19 14:59:00,311.97,311.97,311.9,311.9,-0.02,38.69,12078.5,-1
2026-08-19,2026-08-19 15:00:00,311.9,329.0,308.0,311.9,0.0,38.69,12078.5,0
2026-08-20,2026-08-20 11:00:00,310.0,310.87,308.5,309.99,-0.0,70.82,21697.48,-1
2026-08-20,2026-08-20 11:01:00,309.99,309.99,309.98,309.98,-0.0,70.82,21697.48,-1
2026-08-20,2026-08-20 11:02:00,309.98,309.98,309.96,309.96,-0.01,70.82,21697.48,-1
2026-08-20,2026-08-20 11:03:00,309.96,309.96,309.95,309.95,-0.0,70.82,21697.48,-1
2026-08-20,2026-08-20 11:04:00,309.95,309.95,309.94,309.94,-0.0,70.82,21697.48,-1
2026-08-20,2026-08-20 11:05:00,309.94,309.94,309.93,309.93,-0.0,70.82,21697.48,-1
2026-08-20,2026-08-20 11:06:00,309.93,309.93,309.91,309.91,-0.01,70.82,21697.48,-1
2026-08-20,2026-08-20 11:07:00,309.91,309.91,309.9,309.9,-0.0,70.82,21697.48,-1
2026-08-20,2026-08-20 11:08:00,309.9,309.9,309.89,309.89,-0.0,70.82,21697.48,-1
2026-08-20,2026-08-20 11:09:00,309.89,309.89,309.88,309.88,-0.0,70.82,21697.48,-1
2026-08-20,2026-08-20 11:10:00,309.88,309.88,309.86,309.86,-0.01,70.82,21697.48,-1
2026-08-20,2026-08-20 11:11:00,309.86,309.86,309.85,309.85,-0.0,70.82,21697.48,-1
2026-08-20,2026-08-20 11:12:00,309.85,309.85,309.84,309.84,-0.0,70.82,21697.48,-1
2026-08-20,2026-08-20 11:13:00,309.84,309.84,309.82,309.82,-0.01,70.82,21697.48,-1
2026-08-20,2026-08-20 11:14:00,309.82,309.82,309.81,309.81,-0.0,70.82,21697.48,-1
2026-08-20,2026-08-20 11:15:00,309.81,309.81,309.8,309.8,-0.0,70.82,21697.48,-1
2026-08-20,2026-08-20 11:16:00,309.8,309.8,309.79,309.79,-0.0,70.82,21697.48,-1
2026-08-20,2026-08-20 11:17:00,309.79,309.79,309.77,309.77,-0.01,70.82,21697.48,-1
2026-08-20,2026-08-20 11:18:00,309.77,309.77,309.76,309.76,-0.0,70.82,21697.48,-1
2026-08-20,2026-08-20 11:19:00,309.76,309.76,309.75,309.75,-0.0,70.82,21697.48,-1
2026-08-20,2026-08-20 11:20:00,309.75,309.75,309.74,309.74,-0.0,70.82,21697.48,-1
2026-08-20,2026-08-20 11:21:00,309.74,309.74,309.73,309.73,-0.0,70.82,21697.48,-1
2026-08-20,2026-08-20 11:22:00,309.73,309.73,309.71,309.71,-0.01,70.82,21697.48,-1
2026-08-20,2026-08-20 11:23:00,309.71,309.71,309.7,309.7,-0.0,70.82,21697.48,-1
2026-08-20,2026-08-20 11:24:00,309.7,309.7,309.69,309.69,-0.0,70.82,21697.48,-1
2026-08-20,2026-08-20 11:25:00,309.69,309.69,309.68,309.68,-0.0,70.82,21697.48,-1
2026-08-20,2026-08-20 11:26:00,309.68,309.68,309.66,309.66,-0.01,70.82,21697.48,-1
2026-08-20,2026-08-20 11:27:00,309.66,309.66,309.65,309.65,-0.0,70.82,21697.48,-1
2026-08-20,2026-08-20 11:28:00,309.65,309.65,309.64,309.64,-0.0,70.82,21697.48,-1
2026-08-20,2026-08-20 11:29:00,309.64,309.64,309.62,309.62,-0.01,70.82,21697.48,-1
2026-08-20,2026-08-20 11:30:00,309.62,309.62,309.61,309.61,-0.0,70.82,21697.48,-1
2026-08-20,2026-08-20 11:31:00,309.61,309.61,309.6,309.6,-0.0,70.82,21697.48,-1
2026-08-20,2026-08-20 11:32:00,309.6,309.6,309.59,309.59,-0.0,70.82,21697.48,-1
2026-08-20,2026-08-20 11:33:00,309.59,309.59,309.57,309.57,-0.01,70.82,21697.48,-1
2026-08-20,2026-08-20 11:34:00,309.57,309.57,309.56,309.56,-0.0,70.82,21697.48,-1
2026-08-20,2026-08-20 11:35:00,309.56,309.56,309.55,309.55,-0.0,70.82,21697.48,-1
2026-08-20,2026-08-20 11:36:00,309.55,309.55,309.54,309.54,-0.0,70.82,21697.48,-1
2026-08-20,2026-08-20 11:37:00,309.54,309.54,309.52,309.52,-0.01,70.82,21697.48,-1
2026-08-20,2026-08-20 11:38:00,309.52,309.52,309.51,309.51,-0.0,70.82,21697.48,-1
2026-08-20,2026-08-20 11:39:00,309.51,309.51,309.5,309.5,-0.0,70.82,21697.48,-1
2026-08-20,2026-08-20 11:40:00,309.5,309.5,309.49,309.49,-0.0,70.82,21697.48,-1
2026-08-20,2026-08-20 11:41:00,309.49,309.49,309.48,309.48,-0.0,70.82,21697.48,-1
2026-08-20,2026-08-20 11:42:00,309.48,309.48,309.46,309.46,-0.01,70.82,21697.48,-1
2026-08-20,2026-08-20 11:43:00,309.46,309.46,309.45,309.45,-0.0,70.82,21697.48,-1
2026-08-20,2026-08-20 11:44:00,309.45,309.45,309.44,309.44,-0.0,70.82,21697.48,-1
2026-08-20,2026-08-20 11:45:00,309.44,309.44,309.43,309.43,-0.0,70.82,21697.48,-1
2026-08-20,2026-08-20 11:46:00,309.43,309.43,309.41,309.41,-0.01,70.82,21697.48,-1
2026-08-20,2026-08-20 11:47:00,309.41,309.41,309.4,309.4,-0.0,70.82,21697.48,-1
2026-08-20,2026-08-20 11:48:00,309.4,309.4,309.39,309.39,-0.0,70.82,21697.48,-1
2026-08-20,2026-08-20 11:49:00,309.39,309.39,309.38,309.38,-0.0,70.82,21697.48,-1
2026-08-20,2026-08-20 11:50:00,309.38,309.38,309.36,309.36,-0.01,70.82,21697.48,-1
2026-08-20,2026-08-20 11:51:00,309.36,309.36,309.35,309.35,-0.0,70.82,21697.48,-1
2026-08-20,2026-08-20 11:52:00,309.35,309.35,309.34,309.34,-0.0,70.82,21697.48,-1
2026-08-20,2026-08-20 11:53:00,309.34,309.34,309.32,309.32,-0.01,70.82,21697.48,-1
2026-08-20,2026-08-20 11:54:00,309.32,309.32,309.31,309.31,-0.0,70.82,21697.48,-1
2026-08-20,2026-08-20 11:55:00,309.31,309.31,309.3,309.3,-0.0,70.82,21697.48,-1
2026-08-20,2026-08-20 11:56:00,309.3,309.3,309.29,309.29,-0.0,70.82,21697.48,-1
2026-08-20,2026-08-20 11:57:00,309.29,309.29,309.27,309.27,-0.01,70.82,21697.48,-1
2026-08-20,2026-08-20 11:58:00,309.27,309.27,309.26,309.26,-0.0,70.82,21697.48,-1
2026-08-20,2026-08-20 11:59:00,309.26,309.26,309.25,309.25,-0.0,70.82,21697.48,-1
2026-08-20,2026-08-20 12:00:00,309.25,309.25,309.24,309.24,-0.0,70.82,21697.48,-1
2026-08-20,2026-08-20 12:01:00,309.24,309.24,309.23,309.23,-0.0,70.82,21697.48,-1
2026-08-20,2026-08-20 12:02:00,309.23,309.23,309.21,309.21,-0.01,70.82,21697.48,-1
2026-08-20,2026-08-20 12:03:00,309.21,309.21,309.2,309.2,-0.0,70.82,21697.48,-1
2026-08-20,2026-08-20 12:04:00,309.2,309.2,309.19,309.19,-0.0,70.82,21697.48,-1
2026-08-20,2026-08-20 12:05:00,309.19,309.19,309.18,309.18,-0.0,70.82,21697.48,-1
2026-08-20,2026-08-20 12:06:00,309.18,309.18,309.16,309.16,-0.01,70.82,21697.48,-1
2026-08-20,2026-08-20 12:07:00,309.16,309.16,309.15,309.15,-0.0,70.82,21697.48,-1
2026-08-20,2026-08-20 12:08:00,309.15,309.15,309.14,309.14,-0.0,70.82,21697.48,-1
2026-08-20,2026-08-20 12:09:00,309.14,309.14,309.12,309.12,-0.01,70.82,21697.48,-1
2026-08-20,2026-08-20 12:10:00,309.12,309.12,309.11,309.11,-0.0,70.82,21697.48,-1
2026-08-20,2026-08-20 12:11:00,309.11,309.11,309.1,309.1,-0.0,70.82,21697.48,-1
2026-08-20,2026-08-20 12:12:00,309.1,309.1,309.09,309.09,-0.0,70.82,21697.48,-1
2026-08-20,2026-08-20 12:13:00,309.09,309.09,309.07,309.07,-0.01,70.82,21697.48,-1
2026-08-20,2026-08-20 12:14:00,309.07,309.07,309.06,309.06,-0.0,70.82,21697.48,-1
2026-08-20,2026-08-20 12:15:00,309.06,309.06,309.05,309.05,-0.0,70.82,21697.48,-1
2026-08-20,2026-08-20 12:16:00,309.05,309.05,309.04,309.04,-0.0,70.82,21697.48,-1
2026-08-20,2026-08-20 12:17:00,309.04,309.04,309.02,309.02,-0.01,70.82,21697.48,-1
2026-08-20,2026-08-20 12:18:00,309.02,309.02,309.01,309.01,-0.0,70.82,21697.48,-1
2026-08-20,2026-08-20 12:19:00,309.01,309.01,309.0,309.0,-0.0,70.82,21697.48,-1
2026-08-20,2026-08-20 12:20:00,309.0,309.0,308.99,308.99,-0.0,70.82,21697.48,-1
2026-08-20,2026-08-20 12:21:00,308.99,308.99,308.98,308.98,-0.0,70.82,21697.48,-1
2026-08-20,2026-08-20 12:22:00,308.98,308.98,308.96,308.96,-0.01,70.82,21697.48,-1
2026-08-20,2026-08-20 12:23:00,308.96,308.96,308.95,308.95,-0.0,70.82,21697.48,-1
2026-08-20,2026-08-20 12:24:00,308.95,308.95,308.94,308.94,-0.0,70.82,21697.48,-1
2026-08-20,2026-08-20 12:25:00,308.94,308.94,308.93,308.93,-0.0,70.82,21697.48,-1
2026-08-20,2026-08-20 12:26:00,308.93,308.93,308.91,308.91,-0.01,70.82,21697.48,-1
2026-08-20,2026-08-20 12:27:00,308.91,308.91,308.9,308.9,-0.0,70.82,21697.48,-1
2026-08-20,2026-08-20 12:28:00,308.9,308.9,308.89,308.89,-0.0,70.82,21697.48,-1
2026-08-20,2026-08-20 12:29:00,308.89,308.89,308.88,308.88,-0.0,70.82,21697.48,-1
2026-08-20,2026-08-20 12:30:00,308.88,308.88,308.86,308.86,-0.01,70.82,21697.48,-1
2026-08-20,2026-08-20 12:31:00,308.86,308.86,308.85,308.85,-0.0,70.82,21697.48,-1
2026-08-20,2026-08-20 12:32:00,308.85,308.85,308.84,308.84,-0.0,70.82,21697.48,-1
2026-08-20,2026-08-20 12:33:00,308.84,308.84,308.82,308.82,-0.01,70.82,21697.48,-1
2026-08-20,2026-08-20 12:34:00,308.82,308.82,308.81,308.81,-0.0,70.82,21697.48,-1
2026-08-20,2026-08-20 12:35:00,308.81,308.81,308.8,308.8,-0.0,70.82,21697.48,-1
2026-08-20,2026-08-20 12:36:00,308.8,308.8,308.79,308.79,-0.0,70.82,21697.48,-1
2026-08-20,2026-08-20 12:37:00,308.79,308.79,308.77,308.77,-0.01,70.82,21697.48,-1
2026-08-20,2026-08-20 12:38:00,308.77,308.77,308.76,308.76,-0.0,70.82,21697.48,-1
2026-08-20,2026-08-20 12:39:00,308.76,308.76,308.75,308.75,-0.0,70.82,21697.48,-1
2026-08-20,2026-08-20 12:40:00,308.75,308.75,308.74,308.74,-0.0,70.82,21697.48,-1
2026-08-20,2026-08-20 12:41:00,308.74,308.74,308.73,308.73,-0.0,70.82,21697.48,-1
2026-08-20,2026-08-20 12:42:00,308.73,308.73,308.71,308.71,-0.01,70.82,21697.48,-1
2026-08-20,2026-08-20 12:43:00,308.71,308.71,308.7,308.7,-0.0,70.82,21697.48,-1
2026-08-20,2026-08-20 12:44:00,308.7,308.7,308.69,308.69,-0.0,70.82,21697.48,-1
2026-08-20,2026-08-20 12:45:00,308.69,308.69,308.68,308.68,-0.0,70.82,21697.48,-1
2026-08-20,2026-08-20 12:46:00,308.68,308.68,308.66,308.66,-0.01,70.82,21697.48,-1
2026-08-20,2026-08-20 12:47:00,308.66,308.66,308.65,308.65,-0.0,70.82,21697.48,-1
2026-08-20,2026-08-20 12:48:00,308.65,308.65,308.64,308.64,-0.0,70.82,21697.48,-1
2026-08-20,2026-08-20 12:49:00,308.64,308.64,308.62,308.62,-0.01,70.82,21697.48,-1
2026-08-20,2026-08-20 12:50:00,308.62,308.62,308.61,308.61,-0.0,70.82,21697.48,-1
2026-08-20,2026-08-20 12:51:00,308.61,308.61,308.6,308.6,-0.0,70.82,21697.48,-1
2026-08-20,2026-08-20 12:52:00,308.6,308.6,308.59,308.59,-0.0,70.82,21697.48,-1
2026-08-20,2026-08-20 12:53:00,308.59,308.59,308.57,308.57,-0.01,70.82,21697.48,-1
2026-08-20,2026-08-20 12:54:00,308.57,308.57,308.56,308.56,-0.0,70.82,21697.48,-1
2026-08-20,2026-08-20 12:55:00,308.56,308.56,308.55,308.55,-0.0,70.82,21697.48,-1
2026-08-20,2026-08-20 12:56:00,308.55,308.55,308.54,308.54,-0.0,70.82,21697.48,-1
2026-08-20,2026-08-20 12:57:00,308.54,308.54,308.52,308.52,-0.01,70.82,21697.48,-1
2026-08-20,2026-08-20 12:58:00,308.52,308.52,308.51,308.51,-0.0,70.82,21697.48,-1
2026-08-20,2026-08-20 12:59:00,308.51,308.51,308.5,308.5,-0.0,70.82,21697.48,-1
2026-08-20,2026-08-20 13:00:00,308.5,312.9,305.0,308.49,-0.0,70.82,21697.48,-1
2026-08-20,2026-08-20 13:01:00,308.49,308.49,308.48,308.48,-0.0,70.82,21697.48,-1
2026-08-20,2026-08-20 13:02:00,308.48,308.48,308.46,308.46,-0.01,70.82,21697.48,-1
2026-08-20,2026-08-20 13:03:00,308.46,308.46,308.45,308.45,-0.0,70.82,21697.48,-1
2026-08-20,2026-08-20 13:04:00,308.45,308.45,308.44,308.44,-0.0,70.82,21697.48,-1
2026-08-20,2026-08-20 13:05:00,308.44,308.44,308.43,308.43,-0.0,70.82,21697.48,-1
2026-08-20,2026-08-20 13:06:00,308.43,308.43,308.41,308.41,-0.01,70.82,21697.48,-1
2026-08-20,2026-08-20 13:07:00,308.41,308.41,308.4,308.4,-0.0,70.82,21697.48,-1
2026-08-20,2026-08-20 13:08:00,308.4,308.4,308.39,308.39,-0.0,70.82,21697.48,-1
2026-08-20,2026-08-20 13:09:00,308.39,308.39,308.38,308.38,-0.0,70.82,21697.48,-1
2026-08-20,2026-08-20 13:10:00,308.38,308.38,308.36,308.36,-0.01,70.82,21697.48,-1
2026-08-20,2026-08-20 13:11:00,308.36,308.36,308.35,308.35,-0.0,70.82,21697.48,-1
2026-08-20,2026-08-20 13:12:00,308.35,308.35,308.34,308.34,-0.0,70.82,21697.48,-1
2026-08-20,2026-08-20 13:13:00,308.34,308.34,308.32,308.32,-0.01,70.82,21697.48,-1
2026-08-20,2026-08-20 13:14:00,308.32,308.32,308.31,308.31,-0.0,70.82,21697.48,-1
2026-08-20,2026-08-20 13:15:00,308.31,308.31,308.3,308.3,-0.0,70.82,21697.48,-1
2026-08-20,2026-08-20 13:16:00,308.3,308.3,308.29,308.29,-0.0,70.82,21697.48,-1
2026-08-20,2026-08-20 13:17:00,308.29,308.29,308.27,308.27,-0.01,70.82,21697.48,-1
2026-08-20,2026-08-20 13:18:00,308.27,308.27,308.26,308.26,-0.0,70.82,21697.48,-1
2026-08-20,2026-08-20 13:19:00,308.26,308.26,308.25,308.25,-0.0,70.82,21697.48,-1
2026-08-20,2026-08-20 13:20:00,308.25,308.25,308.24,308.24,-0.0,70.82,21697.48,-1
2026-08-20,2026-08-20 13:21:00,308.24,308.24,308.23,308.23,-0.0,70.82,21697.48,-1
2026-08-20,2026-08-20 13:22:00,308.23,308.23,308.21,308.21,-0.01,70.82,21697.48,-1
2026-08-20,2026-08-20 13:23:00,308.21,308.21,308.2,308.2,-0.0,70.82,21697.48,-1
2026-08-20,2026-08-20 13:24:00,308.2,308.2,308.19,308.19,-0.0,70.82,21697.48,-1
2026-08-20,2026-08-20 13:25:00,308.19,308.19,308.18,308.18,-0.0,70.82,21697.48,-1
2026-08-20,2026-08-20 13:26:00,308.18,308.18,308.16,308.16,-0.01,70.82,21697.48,-1
2026-08-20,2026-08-20 13:27:00,308.16,308.16,308.15,308.15,-0.0,70.82,21697.48,-1
2026-08-20,2026-08-20 13:28:00,308.15,308.15,308.14,308.14,-0.0,70.82,21697.48,-1
2026-08-20,2026-08-20 13:29:00,308.14,308.14,308.12,308.12,-0.01,70.82,21697.48,-1
2026-08-20,2026-08-20 13:30:00,308.12,308.12,308.11,308.11,-0.0,70.82,21697.48,-1
2026-08-20,2026-08-20 13:31:00,308.11,308.11,308.1,308.1,-0.0,70.82,21697.48,-1
2026-08-20,2026-08-20 13:32:00,308.1,308.1,308.09,308.09,-0.0,70.82,21697.48,-1
2026-08-20,2026-08-20 13:33:00,308.09,308.09,308.07,308.07,-0.01,70.82,21697.48,-1
2026-08-20,2026-08-20 13:34:00,308.07,308.07,308.06,308.06,-0.0,70.82,21697.48,-1
2026-08-20,2026-08-20 13:35:00,308.06,308.06,308.05,308.05,-0.0,70.82,21697.48,-1
2026-08-20,2026-08-20 13:36:00,308.05,308.05,308.04,308.04,-0.0,70.82,21697.48,-1
2026-08-20,2026-08-20 13:37:00,308.04,308.04,308.02,308.02,-0.01,70.82,21697.48,-1
2026-08-20,2026-08-20 13:38:00,308.02,308.02,308.01,308.01,-0.0,70.82,21697.48,-1
2026-08-20,2026-08-20 13:39:00,308.01,308.01,308.0,308.0,-0.0,70.82,21697.48,-1
2026-08-20,2026-08-20 13:40:00,308.0,308.0,307.99,307.99,-0.0,70.82,21697.48,-1
2026-08-20,2026-08-20 13:41:00,307.99,307.99,307.98,307.98,-0.0,70.82,21697.48,-1
2026-08-20,2026-08-20 13:42:00,307.98,307.98,307.96,307.96,-0.01,70.82,21697.48,-1
2026-08-20,2026-08-20 13:43:00,307.96,307.96,307.95,307.95,-0.0,70.82,21697.48,-1
2026-08-20,2026-08-20 13:44:00,307.95,307.95,307.94,307.94,-0.0,70.82,21697.48,-1
2026-08-20,2026-08-20 13:45:00,307.94,307.94,307.93,307.93,-0.0,70.82,21697.48,-1
2026-08-20,2026-08-20 13:46:00,307.93,307.93,307.91,307.91,-0.01,70.82,21697.48,-1
2026-08-20,2026-08-20 13:47:00,307.91,307.91,307.9,307.9,-0.0,70.82,21697.48,-1
2026-08-20,2026-08-20 13:48:00,307.9,307.9,307.89,307.89,-0.0,70.82,21697.48,-1
2026-08-20,2026-08-20 13:49:00,307.89,307.89,307.88,307.88,-0.0,70.82,21697.48,-1
2026-08-20,2026-08-20 13:50:00,307.88,307.88,307.86,307.86,-0.01,70.82,21697.48,-1
2026-08-20,2026-08-20 13:51:00,307.86,307.86,307.85,307.85,-0.0,70.82,21697.48,-1
2026-08-20,2026-08-20 13:52:00,307.85,307.85,307.84,307.84,-0.0,70.82,21697.48,-1
2026-08-20,2026-08-20 13:53:00,307.84,307.84,307.82,307.82,-0.01,70.82,21697.48,-1
2026-08-20,2026-08-20 13:54:00,307.82,307.82,307.81,307.81,-0.0,70.82,21697.48,-1
2026-08-20,2026-08-20 13:55:00,307.81,307.81,307.8,307.8,-0.0,70.82,21697.48,-1
2026-08-20,2026-08-20 13:56:00,307.8,307.8,307.79,307.79,-0.0,70.82,21697.48,-1
2026-08-20,2026-08-20 13:57:00,307.79,307.79,307.77,307.77,-0.01,70.82,21697.48,-1
2026-08-20,2026-08-20 13:58:00,307.77,307.77,307.76,307.76,-0.0,70.82,21697.48,-1
2026-08-20,2026-08-20 13:59:00,307.76,307.76,307.75,307.75,-0.0,70.82,21697.48,-1
2026-08-20,2026-08-20 14:00:00,307.75,307.75,307.74,307.74,-0.0,70.82,21697.48,-1
2026-08-20,2026-08-20 14:01:00,307.74,307.74,307.73,307.73,-0.0,70.82,21697.48,-1
2026-08-20,2026-08-20 14:02:00,307.73,307.73,307.71,307.71,-0.01,70.82,21697.48,-1
2026-08-20,2026-08-20 14:03:00,307.71,307.71,307.7,307.7,-0.0,70.82,21697.48,-1
2026-08-20,2026-08-20 14:04:00,307.7,307.7,307.69,307.69,-0.0,70.82,21697.48,-1
2026-08-20,2026-08-20 14:05:00,307.69,307.69,307.68,307.68,-0.0,70.82,21697.48,-1
2026-08-20,2026-08-20 14:06:00,307.68,307.68,307.66,307.66,-0.01,70.82,21697.48,-1
2026-08-20,2026-08-20 14:07:00,307.66,307.66,307.65,307.65,-0.0,70.82,21697.48,-1
2026-08-20,2026-08-20 14:08:00,307.65,307.65,307.64,307.64,-0.0,70.82,21697.48,-1
2026-08-20,2026-08-20 14:09:00,307.64,307.64,307.62,307.62,-0.01,70.82,21697.48,-1
2026-08-20,2026-08-20 14:10:00,307.62,307.62,307.61,307.61,-0.0,70.82,21697.48,-1
2026-08-20,2026-08-20 14:11:00,307.61,307.61,307.6,307.6,-0.0,70.82,21697.48,-1
2026-08-20,2026-08-20 14:12:00,307.6,307.6,307.59,307.59,-0.0,70.82,21697.48,-1
2026-08-20,2026-08-20 14:13:00,307.59,307.59,307.57,307.57,-0.01,70.82,21697.48,-1
2026-08-20,2026-08-20 14:14:00,307.57,307.57,307.56,307.56,-0.0,70.82,21697.48,-1
2026-08-20,2026-08-20 14:15:00,307.56,307.56,307.55,307.55,-0.0,70.82,21697.48,-1
2026-08-20,2026-08-20 14:16:00,307.55,307.55,307.54,307.54,-0.0,70.82,21697.48,-1
2026-08-20,2026-08-20 14:17:00,307.54,307.54,307.52,307.52,-0.01,70.82,21697.48,-1
2026-08-20,2026-08-20 14:18:00,307.52,307.52,307.51,307.51,-0.0,70.82,21697.48,-1
2026-08-20,2026-08-20 14:19:00,307.51,307.51,307.5,307.5,-0.0,70.82,21697.48,-1
2026-08-20,2026-08-20 14:20:00,307.5,307.5,307.49,307.49,-0.0,70.82,21697.48,-1
2026-08-20,2026-08-20 14:21:00,307.49,307.49,307.48,307.48,-0.0,70.82,21697.48,-1
2026-08-20,2026-08-20 14:22:00,307.48,307.48,307.46,307.46,-0.01,70.82,21697.48,-1
2026-08-20,2026-08-20 14:23:00,307.46,307.46,307.45,307.45,-0.0,70.82,21697.48,-1
2026-08-20,2026-08-20 14:24:00,307.45,307.45,307.44,307.44,-0.0,70.82,21697.48,-1
2026-08-20,2026-08-20 14:25:00,307.44,307.44,307.43,307.43,-0.0,70.82,21697.48,-1
2026-08-20,2026-08-20 14:26:00,307.43,307.43,307.41,307.41,-0.01,70.82,21697.48,-1
2026-08-20,2026-08-20 14:27:00,307.41,307.41,307.4,307.4,-0.0,70.82,21697.48,-1
2026-08-20,2026-08-20 14:28:00,307.4,307.4,307.39,307.39,-0.0,70.82,21697.48,-1
2026-08-20,2026-08-20 14:29:00,307.39,307.39,307.38,307.38,-0.0,70.82,21697.48,-1
2026-08-20,2026-08-20 14:30:00,307.38,307.38,307.36,307.36,-0.01,70.82,21697.48,-1
2026-08-20,2026-08-20 14:31:00,307.36,307.36,307.35,307.35,-0.0,70.82,21697.48,-1
2026-08-20,2026-08-20 14:32:00,307.35,307.35,307.34,307.34,-0.0,70.82,21697.48,-1
2026-08-20,2026-08-20 14:33:00,307.34,307.34,307.32,307.32,-0.01,70.82,21697.48,-1
2026-08-20,2026-08-20 14:34:00,307.32,307.32,307.31,307.31,-0.0,70.82,21697.48,-1
2026-08-20,2026-08-20 14:35:00,307.31,307.31,307.3,307.3,-0.0,70.82,21697.48,-1
2026-08-20,2026-08-20 14:36:00,307.3,307.3,307.29,307.29,-0.0,70.82,21697.48,-1
2026-08-20,2026-08-20 14:37:00,307.29,307.29,307.27,307.27,-0.01,70.82,21697.48,-1
2026-08-20,2026-08-20 14:38:00,307.27,307.27,307.26,307.26,-0.0,70.82,21697.48,-1
2026-08-20,2026-08-20 14:39:00,307.26,307.26,307.25,307.25,-0.0,70.82,21697.48,-1
2026-08-20,2026-08-20 14:40:00,307.25,307.25,307.24,307.24,-0.0,70.82,21697.48,-1
2026-08-20,2026-08-20 14:41:00,307.24,307.24,307.23,307.23,-0.0,70.82,21697.48,-1
2026-08-20,2026-08-20 14:42:00,307.23,307.23,307.21,307.21,-0.01,70.82,21697.48,-1
2026-08-20,2026-08-20 14:43:00,307.21,307.21,307.2,307.2,-0.0,70.82,21697.48,-1
2026-08-20,2026-08-20 14:44:00,307.2,307.2,307.19,307.19,-0.0,70.82,21697.48,-1
2026-08-20,2026-08-20 14:45:00,307.19,307.19,307.18,307.18,-0.0,70.82,21697.48,-1
2026-08-20,2026-08-20 14:46:00,307.18,307.18,307.16,307.16,-0.01,70.82,21697.48,-1
2026-08-20,2026-08-20 14:47:00,307.16,307.16,307.15,307.15,-0.0,70.82,21697.48,-1
2026-08-20,2026-08-20 14:48:00,307.15,307.15,307.14,307.14,-0.0,70.82,21697.48,-1
2026-08-20,2026-08-20 14:49:00,307.14,307.14,307.12,307.12,-0.01,70.82,21697.48,-1
2026-08-20,2026-08-20 14:50:00,307.12,307.12,307.11,307.11,-0.0,70.82,21697.48,-1
2026-08-20,2026-08-20 14:51:00,307.11,307.11,307.1,307.1,-0.0,70.82,21697.48,-1
2026-08-20,2026-08-20 14:52:00,307.1,307.1,307.09,307.09,-0.0,70.82,21697.48,-1
2026-08-20,2026-08-20 14:53:00,307.09,307.09,307.07,307.07,-0.01,70.82,21697.48,-1
2026-08-20,2026-08-20 14:54:00,307.07,307.07,307.06,307.06,-0.0,70.82,21697.48,-1
2026-08-20,2026-08-20 14:55:00,307.06,307.06,307.05,307.05,-0.0,70.82,21697.48,-1
2026-08-20,2026-08-20 14:56:00,307.05,307.05,307.04,307.04,-0.0,70.82,21697.48,-1
2026-08-20,2026-08-20 14:57:00,307.04,307.04,307.02,307.02,-0.01,70.82,21697.48,-1
2026-08-20,2026-08-20 14:58:00,307.02,307.02,307.01,307.01,-0.0,70.82,21697.48,-1
2026-08-20,2026-08-20 14:59:00,307.01,307.01,307.0,307.0,-0.0,70.82,21697.48,-1
2026-08-20,2026-08-20 15:00:00,307.0,312.9,305.0,307.0,0.0,70.82,21697.48,0
2026-08-21,2026-08-21 11:00:00,307.2,308.64,306.87,307.2,0.0,69.19,21318.62,0
2026-08-21,2026-08-21 11:01:00,307.2,307.21,307.2,307.21,0.0,69.19,21318.62,1
2026-08-21,2026-08-21 11:02:00,307.21,307.21,307.21,307.21,0.0,69.19,21318.62,0
2026-08-21,2026-08-21 11:03:00,307.21,307.21,307.21,307.21,0.0,69.19,21318.62,0
2026-08-21,2026-08-21 11:04:00,307.21,307.22,307.21,307.22,0.0,69.19,21318.62,1
2026-08-21,2026-08-21 11:05:00,307.22,307.22,307.22,307.22,0.0,69.19,21318.62,0
2026-08-21,2026-08-21 11:06:00,307.22,307.22,307.22,307.22,0.0,69.19,21318.62,0
2026-08-21,2026-08-21 11:07:00,307.22,307.23,307.22,307.23,0.0,69.19,21318.62,1
2026-08-21,2026-08-21 11:08:00,307.23,307.23,307.23,307.23,0.0,69.19,21318.62,0
2026-08-21,2026-08-21 11:09:00,307.23,307.23,307.23,307.23,0.0,69.19,21318.62,0
2026-08-21,2026-08-21 11:10:00,307.23,307.24,307.23,307.24,0.0,69.19,21318.62,1
2026-08-21,2026-08-21 11:11:00,307.24,307.24,307.24,307.24,0.0,69.19,21318.62,0
2026-08-21,2026-08-21 11:12:00,307.24,307.24,307.24,307.24,0.0,69.19,21318.62,0
2026-08-21,2026-08-21 11:13:00,307.24,307.25,307.24,307.25,0.0,69.19,21318.62,1
2026-08-21,2026-08-21 11:14:00,307.25,307.25,307.25,307.25,0.0,69.19,21318.62,0
2026-08-21,2026-08-21 11:15:00,307.25,307.25,307.25,307.25,0.0,69.19,21318.62,0
2026-08-21,2026-08-21 11:16:00,307.25,307.26,307.25,307.26,0.0,69.19,21318.62,1
2026-08-21,2026-08-21 11:17:00,307.26,307.26,307.26,307.26,0.0,69.19,21318.62,0
2026-08-21,2026-08-21 11:18:00,307.26,307.26,307.26,307.26,0.0,69.19,21318.62,0
2026-08-21,2026-08-21 11:19:00,307.26,307.27,307.26,307.27,0.0,69.19,21318.62,1
2026-08-21,2026-08-21 11:20:00,307.27,307.27,307.27,307.27,0.0,69.19,21318.62,0
2026-08-21,2026-08-21 11:21:00,307.27,307.27,307.27,307.27,0.0,69.19,21318.62,0
2026-08-21,2026-08-21 11:22:00,307.27,307.28,307.27,307.28,0.0,69.19,21318.62,1
2026-08-21,2026-08-21 11:23:00,307.28,307.28,307.28,307.28,0.0,69.19,21318.62,0
2026-08-21,2026-08-21 11:24:00,307.28,307.28,307.28,307.28,0.0,69.19,21318.62,0
2026-08-21,2026-08-21 11:25:00,307.28,307.29,307.28,307.29,0.0,69.19,21318.62,1
2026-08-21,2026-08-21 11:26:00,307.29,307.29,307.29,307.29,0.0,69.19,21318.62,0
2026-08-21,2026-08-21 11:27:00,307.29,307.29,307.29,307.29,0.0,69.19,21318.62,0
2026-08-21,2026-08-21 11:28:00,307.29,307.3,307.29,307.3,0.0,69.19,21318.62,1
2026-08-21,2026-08-21 11:29:00,307.3,307.3,307.3,307.3,0.0,69.19,21318.62,0
2026-08-21,2026-08-21 11:30:00,307.3,307.3,307.3,307.3,0.0,69.19,21318.62,0
2026-08-21,2026-08-21 11:31:00,307.3,307.31,307.3,307.31,0.0,69.19,21318.62,1
2026-08-21,2026-08-21 11:32:00,307.31,307.31,307.31,307.31,0.0,69.19,21318.62,0
2026-08-21,2026-08-21 11:33:00,307.31,307.31,307.31,307.31,0.0,69.19,21318.62,0
2026-08-21,2026-08-21 11:34:00,307.31,307.32,307.31,307.32,0.0,69.19,21318.62,1
2026-08-21,2026-08-21 11:35:00,307.32,307.32,307.32,307.32,0.0,69.19,21318.62,0
2026-08-21,2026-08-21 11:36:00,307.32,307.32,307.32,307.32,0.0,69.19,21318.62,0
2026-08-21,2026-08-21 11:37:00,307.32,307.33,307.32,307.33,0.0,69.19,21318.62,1
2026-08-21,2026-08-21 11:38:00,307.33,307.33,307.33,307.33,0.0,69.19,21318.62,0
2026-08-21,2026-08-21 11:39:00,307.33,307.33,307.33,307.33,0.0,69.19,21318.62,0
2026-08-21,2026-08-21 11:40:00,307.33,307.34,307.33,307.34,0.0,69.19,21318.62,1
2026-08-21,2026-08-21 11:41:00,307.34,307.34,307.34,307.34,0.0,69.19,21318.62,0
2026-08-21,2026-08-21 11:42:00,307.34,307.34,307.34,307.34,0.0,69.19,21318.62,0
2026-08-21,2026-08-21 11:43:00,307.34,307.35,307.34,307.35,0.0,69.19,21318.62,1
2026-08-21,2026-08-21 11:44:00,307.35,307.35,307.35,307.35,0.0,69.19,21318.62,0
2026-08-21,2026-08-21 11:45:00,307.35,307.35,307.35,307.35,0.0,69.19,21318.62,0
2026-08-21,2026-08-21 11:46:00,307.35,307.36,307.35,307.36,0.0,69.19,21318.62,1
2026-08-21,2026-08-21 11:47:00,307.36,307.36,307.36,307.36,0.0,69.19,21318.62,0
2026-08-21,2026-08-21 11:48:00,307.36,307.36,307.36,307.36,0.0,69.19,21318.62,0
2026-08-21,2026-08-21 11:49:00,307.36,307.37,307.36,307.37,0.0,69.19,21318.62,1
2026-08-21,2026-08-21 11:50:00,307.37,307.37,307.37,307.37,0.0,69.19,21318.62,0
2026-08-21,2026-08-21 11:51:00,307.37,307.37,307.37,307.37,0.0,69.19,21318.62,0
2026-08-21,2026-08-21 11:52:00,307.37,307.38,307.37,307.38,0.0,69.19,21318.62,1
2026-08-21,2026-08-21 11:53:00,307.38,307.38,307.38,307.38,0.0,69.19,21318.62,0
2026-08-21,2026-08-21 11:54:00,307.38,307.38,307.38,307.38,0.0,69.19,21318.62,0
2026-08-21,2026-08-21 11:55:00,307.38,307.39,307.38,307.39,0.0,69.19,21318.62,1
2026-08-21,2026-08-21 11:56:00,307.39,307.39,307.39,307.39,0.0,69.19,21318.62,0
2026-08-21,2026-08-21 11:57:00,307.39,307.39,307.39,307.39,0.0,69.19,21318.62,0
2026-08-21,2026-08-21 11:58:00,307.39,307.4,307.39,307.4,0.0,69.19,21318.62,1
2026-08-21,2026-08-21 11:59:00,307.4,307.4,307.4,307.4,0.0,69.19,21318.62,0
2026-08-21,2026-08-21 12:00:00,307.4,307.4,307.4,307.4,0.0,69.19,21318.62,0
2026-08-21,2026-08-21 12:01:00,307.4,307.41,307.4,307.41,0.0,69.19,21318.62,1
2026-08-21,2026-08-21 12:02:00,307.41,307.41,307.41,307.41,0.0,69.19,21318.62,0
2026-08-21,2026-08-21 12:03:00,307.41,307.41,307.41,307.41,0.0,69.19,21318.62,0
2026-08-21,2026-08-21 12:04:00,307.41,307.42,307.41,307.42,0.0,69.19,21318.62,1
2026-08-21,2026-08-21 12:05:00,307.42,307.42,307.42,307.42,0.0,69.19,21318.62,0
2026-08-21,2026-08-21 12:06:00,307.42,307.42,307.42,307.42,0.0,69.19,21318.62,0
2026-08-21,2026-08-21 12:07:00,307.42,307.43,307.42,307.43,0.0,69.19,21318.62,1
2026-08-21,2026-08-21 12:08:00,307.43,307.43,307.43,307.43,0.0,69.19,21318.62,0
2026-08-21,2026-08-21 12:09:00,307.43,307.43,307.43,307.43,0.0,69.19,21318.62,0
2026-08-21,2026-08-21 12:10:00,307.43,307.44,307.43,307.44,0.0,69.19,21318.62,1
2026-08-21,2026-08-21 12:11:00,307.44,307.44,307.44,307.44,0.0,69.19,21318.62,0
2026-08-21,2026-08-21 12:12:00,307.44,307.44,307.44,307.44,0.0,69.19,21318.62,0
2026-08-21,2026-08-21 12:13:00,307.44,307.45,307.44,307.45,0.0,69.19,21318.62,1
2026-08-21,2026-08-21 12:14:00,307.45,307.45,307.45,307.45,0.0,69.19,21318.62,0
2026-08-21,2026-08-21 12:15:00,307.45,307.45,307.45,307.45,0.0,69.19,21318.62,0
2026-08-21,2026-08-21 12:16:00,307.45,307.46,307.45,307.46,0.0,69.19,21318.62,1
2026-08-21,2026-08-21 12:17:00,307.46,307.46,307.46,307.46,0.0,69.19,21318.62,0
2026-08-21,2026-08-21 12:18:00,307.46,307.46,307.46,307.46,0.0,69.19,21318.62,0
2026-08-21,2026-08-21 12:19:00,307.46,307.47,307.46,307.47,0.0,69.19,21318.62,1
2026-08-21,2026-08-21 12:20:00,307.47,307.47,307.47,307.47,0.0,69.19,21318.62,0
2026-08-21,2026-08-21 12:21:00,307.47,307.47,307.47,307.47,0.0,69.19,21318.62,0
2026-08-21,2026-08-21 12:22:00,307.47,307.48,307.47,307.48,0.0,69.19,21318.62,1
2026-08-21,2026-08-21 12:23:00,307.48,307.48,307.48,307.48,0.0,69.19,21318.62,0
2026-08-21,2026-08-21 12:24:00,307.48,307.48,307.48,307.48,0.0,69.19,21318.62,0
2026-08-21,2026-08-21 12:25:00,307.48,307.49,307.48,307.49,0.0,69.19,21318.62,1
2026-08-21,2026-08-21 12:26:00,307.49,307.49,307.49,307.49,0.0,69.19,21318.62,0
2026-08-21,2026-08-21 12:27:00,307.49,307.49,307.49,307.49,0.0,69.19,21318.62,0
2026-08-21,2026-08-21 12:28:00,307.49,307.5,307.49,307.5,0.0,69.19,21318.62,1
2026-08-21,2026-08-21 12:29:00,307.5,307.5,307.5,307.5,0.0,69.19,21318.62,0
2026-08-21,2026-08-21 12:30:00,307.5,307.5,307.5,307.5,0.0,69.19,21318.62,0
2026-08-21,2026-08-21 12:31:00,307.5,307.51,307.5,307.51,0.0,69.19,21318.62,1
2026-08-21,2026-08-21 12:32:00,307.51,307.51,307.51,307.51,0.0,69.19,21318.62,0
2026-08-21,2026-08-21 12:33:00,307.51,307.51,307.51,307.51,0.0,69.19,21318.62,0
2026-08-21,2026-08-21 12:34:00,307.51,307.52,307.51,307.52,0.0,69.19,21318.62,1
2026-08-21,2026-08-21 12:35:00,307.52,307.52,307.52,307.52,0.0,69.19,21318.62,0
2026-08-21,2026-08-21 12:36:00,307.52,307.52,307.52,307.52,0.0,69.19,21318.62,0
2026-08-21,2026-08-21 12:37:00,307.52,307.53,307.52,307.53,0.0,69.19,21318.62,1
2026-08-21,2026-08-21 12:38:00,307.53,307.53,307.53,307.53,0.0,69.19,21318.62,0
2026-08-21,2026-08-21 12:39:00,307.53,307.53,307.53,307.53,0.0,69.19,21318.62,0
2026-08-21,2026-08-21 12:40:00,307.53,307.54,307.53,307.54,0.0,69.19,21318.62,1
2026-08-21,2026-08-21 12:41:00,307.54,307.54,307.54,307.54,0.0,69.19,21318.62,0
2026-08-21,2026-08-21 12:42:00,307.54,307.54,307.54,307.54,0.0,69.19,21318.62,0
2026-08-21,2026-08-21 12:43:00,307.54,307.55,307.54,307.55,0.0,69.19,21318.62,1
2026-08-21,2026-08-21 12:44:00,307.55,307.55,307.55,307.55,0.0,69.19,21318.62,0
2026-08-21,2026-08-21 12:45:00,307.55,307.55,307.55,307.55,0.0,69.19,21318.62,0
2026-08-21,2026-08-21 12:46:00,307.55,307.56,307.55,307.56,0.0,69.19,21318.62,1
2026-08-21,2026-08-21 12:47:00,307.56,307.56,307.56,307.56,0.0,69.19,21318.62,0
2026-08-21,2026-08-21 12:48:00,307.56,307.56,307.56,307.56,0.0,69.19,21318.62,0
2026-08-21,2026-08-21 12:49:00,307.56,307.57,307.56,307.57,0.0,69.19,21318.62,1
2026-08-21,2026-08-21 12:50:00,307.57,307.57,307.57,307.57,0.0,69.19,21318.62,0
2026-08-21,2026-08-21 12:51:00,307.57,307.57,307.57,307.57,0.0,69.19,21318.62,0
2026-08-21,2026-08-21 12:52:00,307.57,307.58,307.57,307.58,0.0,69.19,21318.62,1
2026-08-21,2026-08-21 12:53:00,307.58,307.58,307.58,307.58,0.0,69.19,21318.62,0
2026-08-21,2026-08-21 12:54:00,307.58,307.58,307.58,307.58,0.0,69.19,21318.62,0
2026-08-21,2026-08-21 12:55:00,307.58,307.59,307.58,307.59,0.0,69.19,21318.62,1
2026-08-21,2026-08-21 12:56:00,307.59,307.59,307.59,307.59,0.0,69.19,21318.62,0
2026-08-21,2026-08-21 12:57:00,307.59,307.59,307.59,307.59,0.0,69.19,21318.62,0
2026-08-21,2026-08-21 12:58:00,307.59,307.6,307.59,307.6,0.0,69.19,21318.62,1
2026-08-21,2026-08-21 12:59:00,307.6,307.6,307.6,307.6,0.0,69.19,21318.62,0
2026-08-21,2026-08-21 13:00:00,307.6,312.0,306.1,307.6,0.0,69.19,21318.62,0
2026-08-21,2026-08-21 13:01:00,307.6,307.61,307.6,307.61,0.0,69.19,21318.62,1
2026-08-21,2026-08-21 13:02:00,307.61,307.61,307.61,307.61,0.0,69.19,21318.62,0
2026-08-21,2026-08-21 13:03:00,307.61,307.61,307.61,307.61,0.0,69.19,21318.62,0
2026-08-21,2026-08-21 13:04:00,307.61,307.62,307.61,307.62,0.0,69.19,21318.62,1
2026-08-21,2026-08-21 13:05:00,307.62,307.62,307.62,307.62,0.0,69.19,21318.62,0
2026-08-21,2026-08-21 13:06:00,307.62,307.62,307.62,307.62,0.0,69.19,21318.62,0
2026-08-21,2026-08-21 13:07:00,307.62,307.63,307.62,307.63,0.0,69.19,21318.62,1
2026-08-21,2026-08-21 13:08:00,307.63,307.63,307.63,307.63,0.0,69.19,21318.62,0
2026-08-21,2026-08-21 13:09:00,307.63,307.63,307.63,307.63,0.0,69.19,21318.62,0
2026-08-21,2026-08-21 13:10:00,307.63,307.64,307.63,307.64,0.0,69.19,21318.62,1
2026-08-21,2026-08-21 13:11:00,307.64,307.64,307.64,307.64,0.0,69.19,21318.62,0
2026-08-21,2026-08-21 13:12:00,307.64,307.64,307.64,307.64,0.0,69.19,21318.62,0
2026-08-21,2026-08-21 13:13:00,307.64,307.65,307.64,307.65,0.0,69.19,21318.62,1
2026-08-21,2026-08-21 13:14:00,307.65,307.65,307.65,307.65,0.0,69.19,21318.62,0
2026-08-21,2026-08-21 13:15:00,307.65,307.65,307.65,307.65,0.0,69.19,21318.62,0
2026-08-21,2026-08-21 13:16:00,307.65,307.66,307.65,307.66,0.0,69.19,21318.62,1
2026-08-21,2026-08-21 13:17:00,307.66,307.66,307.66,307.66,0.0,69.19,21318.62,0
2026-08-21,2026-08-21 13:18:00,307.66,307.66,307.66,307.66,0.0,69.19,21318.62,0
2026-08-21,2026-08-21 13:19:00,307.66,307.67,307.66,307.67,0.0,69.19,21318.62,1
2026-08-21,2026-08-21 13:20:00,307.67,307.67,307.67,307.67,0.0,69.19,21318.62,0
2026-08-21,2026-08-21 13:21:00,307.67,307.67,307.67,307.67,0.0,69.19,21318.62,0
2026-08-21,2026-08-21 13:22:00,307.67,307.68,307.67,307.68,0.0,69.19,21318.62,1
2026-08-21,2026-08-21 13:23:00,307.68,307.68,307.68,307.68,0.0,69.19,21318.62,0
2026-08-21,2026-08-21 13:24:00,307.68,307.68,307.68,307.68,0.0,69.19,21318.62,0
2026-08-21,2026-08-21 13:25:00,307.68,307.69,307.68,307.69,0.0,69.19,21318.62,1
2026-08-21,2026-08-21 13:26:00,307.69,307.69,307.69,307.69,0.0,69.19,21318.62,0
2026-08-21,2026-08-21 13:27:00,307.69,307.69,307.69,307.69,0.0,69.19,21318.62,0
2026-08-21,2026-08-21 13:28:00,307.69,307.7,307.69,307.7,0.0,69.19,21318.62,1
2026-08-21,2026-08-21 13:29:00,307.7,307.7,307.7,307.7,0.0,69.19,21318.62,0
2026-08-21,2026-08-21 13:30:00,307.7,307.7,307.7,307.7,0.0,69.19,21318.62,0
2026-08-21,2026-08-21 13:31:00,307.7,307.71,307.7,307.71,0.0,69.19,21318.62,1
2026-08-21,2026-08-21 13:32:00,307.71,307.71,307.71,307.71,0.0,69.19,21318.62,0
2026-08-21,2026-08-21 13:33:00,307.71,307.71,307.71,307.71,0.0,69.19,21318.62,0
2026-08-21,2026-08-21 13:34:00,307.71,307.72,307.71,307.72,0.0,69.19,21318.62,1
2026-08-21,2026-08-21 13:35:00,307.72,307.72,307.72,307.72,0.0,69.19,21318.62,0
2026-08-21,2026-08-21 13:36:00,307.72,307.72,307.72,307.72,0.0,69.19,21318.62,0
2026-08-21,2026-08-21 13:37:00,307.72,307.73,307.72,307.73,0.0,69.19,21318.62,1
2026-08-21,2026-08-21 13:38:00,307.73,307.73,307.73,307.73,0.0,69.19,21318.62,0
2026-08-21,2026-08-21 13:39:00,307.73,307.73,307.73,307.73,0.0,69.19,21318.62,0
2026-08-21,2026-08-21 13:40:00,307.73,307.74,307.73,307.74,0.0,69.19,21318.62,1
2026-08-21,2026-08-21 13:41:00,307.74,307.74,307.74,307.74,0.0,69.19,21318.62,0
2026-08-21,2026-08-21 13:42:00,307.74,307.74,307.74,307.74,0.0,69.19,21318.62,0
2026-08-21,2026-08-21 13:43:00,307.74,307.75,307.74,307.75,0.0,69.19,21318.62,1
2026-08-21,2026-08-21 13:44:00,307.75,307.75,307.75,307.75,0.0,69.19,21318.62,0
2026-08-21,2026-08-21 13:45:00,307.75,307.75,307.75,307.75,0.0,69.19,21318.62,0
2026-08-21,2026-08-21 13:46:00,307.75,307.76,307.75,307.76,0.0,69.19,21318.62,1
2026-08-21,2026-08-21 13:47:00,307.76,307.76,307.76,307.76,0.0,69.19,21318.62,0
2026-08-21,2026-08-21 13:48:00,307.76,307.76,307.76,307.76,0.0,69.19,21318.62,0
2026-08-21,2026-08-21 13:49:00,307.76,307.77,307.76,307.77,0.0,69.19,21318.62,1
2026-08-21,2026-08-21 13:50:00,307.77,307.77,307.77,307.77,0.0,69.19,21318.62,0
2026-08-21,2026-08-21 13:51:00,307.77,307.77,307.77,307.77,0.0,69.19,21318.62,0
2026-08-21,2026-08-21 13:52:00,307.77,307.78,307.77,307.78,0.0,69.19,21318.62,1
2026-08-21,2026-08-21 13:53:00,307.78,307.78,307.78,307.78,0.0,69.19,21318.62,0
2026-08-21,2026-08-21 13:54:00,307.78,307.78,307.78,307.78,0.0,69.19,21318.62,0
2026-08-21,2026-08-21 13:55:00,307.78,307.79,307.78,307.79,0.0,69.19,21318.62,1
2026-08-21,2026-08-21 13:56:00,307.79,307.79,307.79,307.79,0.0,69.19,21318.62,0
2026-08-21,2026-08-21 13:57:00,307.79,307.79,307.79,307.79,0.0,69.19,21318.62,0
2026-08-21,2026-08-21 13:58:00,307.79,307.8,307.79,307.8,0.0,69.19,21318.62,1
2026-08-21,2026-08-21 13:59:00,307.8,307.8,307.8,307.8,0.0,69.19,21318.62,0
2026-08-21,2026-08-21 14:00:00,307.8,307.8,307.8,307.8,0.0,69.19,21318.62,0
2026-08-21,2026-08-21 14:01:00,307.8,307.81,307.8,307.81,0.0,69.19,21318.62,1
2026-08-21,2026-08-21 14:02:00,307.81,307.81,307.81,307.81,0.0,69.19,21318.62,0
2026-08-21,2026-08-21 14:03:00,307.81,307.81,307.81,307.81,0.0,69.19,21318.62,0
2026-08-21,2026-08-21 14:04:00,307.81,307.82,307.81,307.82,0.0,69.19,21318.62,1
2026-08-21,2026-08-21 14:05:00,307.82,307.82,307.82,307.82,0.0,69.19,21318.62,0
2026-08-21,2026-08-21 14:06:00,307.82,307.82,307.82,307.82,0.0,69.19,21318.62,0
2026-08-21,2026-08-21 14:07:00,307.82,307.83,307.82,307.83,0.0,69.19,21318.62,1
2026-08-21,2026-08-21 14:08:00,307.83,307.83,307.83,307.83,0.0,69.19,21318.62,0
2026-08-21,2026-08-21 14:09:00,307.83,307.83,307.83,307.83,0.0,69.19,21318.62,0
2026-08-21,2026-08-21 14:10:00,307.83,307.84,307.83,307.84,0.0,69.19,21318.62,1
2026-08-21,2026-08-21 14:11:00,307.84,307.84,307.84,307.84,0.0,69.19,21318.62,0
2026-08-21,2026-08-21 14:12:00,307.84,307.84,307.84,307.84,0.0,69.19,21318.62,0
2026-08-21,2026-08-21 14:13:00,307.84,307.85,307.84,307.85,0.0,69.19,21318.62,1
2026-08-21,2026-08-21 14:14:00,307.85,307.85,307.85,307.85,0.0,69.19,21318.62,0
2026-08-21,2026-08-21 14:15:00,307.85,307.85,307.85,307.85,0.0,69.19,21318.62,0
2026-08-21,2026-08-21 14:16:00,307.85,307.86,307.85,307.86,0.0,69.19,21318.62,1
2026-08-21,2026-08-21 14:17:00,307.86,307.86,307.86,307.86,0.0,69.19,21318.62,0
2026-08-21,2026-08-21 14:18:00,307.86,307.86,307.86,307.86,0.0,69.19,21318.62,0
2026-08-21,2026-08-21 14:19:00,307.86,307.87,307.86,307.87,0.0,69.19,21318.62,1
2026-08-21,2026-08-21 14:20:00,307.87,307.87,307.87,307.87,0.0,69.19,21318.62,0
2026-08-21,2026-08-21 14:21:00,307.87,307.87,307.87,307.87,0.0,69.19,21318.62,0
2026-08-21,2026-08-21 14:22:00,307.87,307.88,307.87,307.88,0.0,69.19,21318.62,1
2026-08-21,2026-08-21 14:23:00,307.88,307.88,307.88,307.88,0.0,69.19,21318.62,0
2026-08-21,2026-08-21 14:24:00,307.88,307.88,307.88,307.88,0.0,69.19,21318.62,0
2026-08-21,2026-08-21 14:25:00,307.88,307.89,307.88,307.89,0.0,69.19,21318.62,1
2026-08-21,2026-08-21 14:26:00,307.89,307.89,307.89,307.89,0.0,69.19,21318.62,0
2026-08-21,2026-08-21 14:27:00,307.89,307.89,307.89,307.89,0.0,69.19,21318.62,0
2026-08-21,2026-08-21 14:28:00,307.89,307.9,307.89,307.9,0.0,69.19,21318.62,1
2026-08-21,2026-08-21 14:29:00,307.9,307.9,307.9,307.9,0.0,69.19,21318.62,0
2026-08-21,2026-08-21 14:30:00,307.9,307.9,307.9,307.9,0.0,69.19,21318.62,0
2026-08-21,2026-08-21 14:31:00,307.9,307.91,307.9,307.91,0.0,69.19,21318.62,1
2026-08-21,2026-08-21 14:32:00,307.91,307.91,307.91,307.91,0.0,69.19,21318.62,0
2026-08-21,2026-08-21 14:33:00,307.91,307.91,307.91,307.91,0.0,69.19,21318.62,0
2026-08-21,2026-08-21 14:34:00,307.91,307.92,307.91,307.92,0.0,69.19,21318.62,1
2026-08-21,2026-08-21 14:35:00,307.92,307.92,307.92,307.92,0.0,69.19,21318.62,0
2026-08-21,2026-08-21 14:36:00,307.92,307.92,307.92,307.92,0.0,69.19,21318.62,0
2026-08-21,2026-08-21 14:37:00,307.92,307.93,307.92,307.93,0.0,69.19,21318.62,1
2026-08-21,2026-08-21 14:38:00,307.93,307.93,307.93,307.93,0.0,69.19,21318.62,0
2026-08-21,2026-08-21 14:39:00,307.93,307.93,307.93,307.93,0.0,69.19,21318.62,0
2026-08-21,2026-08-21 14:40:00,307.93,307.94,307.93,307.94,0.0,69.19,21318.62,1
2026-08-21,2026-08-21 14:41:00,307.94,307.94,307.94,307.94,0.0,69.19,21318.62,0
2026-08-21,2026-08-21 14:42:00,307.94,307.94,307.94,307.94,0.0,69.19,21318.62,0
2026-08-21,2026-08-21 14:43:00,307.94,307.95,307.94,307.95,0.0,69.19,21318.62,1
2026-08-21,2026-08-21 14:44:00,307.95,307.95,307.95,307.95,0.0,69.19,21318.62,0
2026-08-21,2026-08-21 14:45:00,307.95,307.95,307.95,307.95,0.0,69.19,21318.62,0
2026-08-21,2026-08-21 14:46:00,307.95,307.96,307.95,307.96,0.0,69.19,21318.62,1
2026-08-21,2026-08-21 14:47:00,307.96,307.96,307.96,307.96,0.0,69.19,21318.62,0
2026-08-21,2026-08-21 14:48:00,307.96,307.96,307.96,307.96,0.0,69.19,21318.62,0
2026-08-21,2026-08-21 14:49:00,307.96,307.97,307.96,307.97,0.0,69.19,21318.62,1
2026-08-21,2026-08-21 14:50:00,307.97,307.97,307.97,307.97,0.0,69.19,21318.62,0
2026-08-21,2026-08-21 14:51:00,307.97,307.97,307.97,307.97,0.0,69.19,21318.62,0
2026-08-21,2026-08-21 14:52:00,307.97,307.98,307.97,307.98,0.0,69.19,21318.62,1
2026-08-21,2026-08-21 14:53:00,307.98,307.98,307.98,307.98,0.0,69.19,21318.62,0
2026-08-21,2026-08-21 14:54:00,307.98,307.98,307.98,307.98,0.0,69.19,21318.62,0
2026-08-21,2026-08-21 14:55:00,307.98,307.99,307.98,307.99,0.0,69.19,21318.62,1
2026-08-21,2026-08-21 14:56:00,307.99,307.99,307.99,307.99,0.0,69.19,21318.62,0
2026-08-21,2026-08-21 14:57:00,307.99,307.99,307.99,307.99,0.0,69.19,21318.62,0
2026-08-21,2026-08-21 14:58:00,307.99,308.0,307.99,308.0,0.0,69.19,21318.62,1
2026-08-21,2026-08-21 14:59:00,308.0,308.0,308.0,308.0,0.0,69.19,21318.62,0
2026-08-21,2026-08-21 15:00:00,308.0,312.0,306.1,308.0,0.0,69.19,21318.62,0
2026-08-24,2026-08-24 11:00:00,312.0,312.0,308.1,311.96,-0.01,95.29,28803.86,-1
2026-08-24,2026-08-24 11:01:00,311.96,311.96,311.92,311.92,-0.01,95.29,28803.86,-1
2026-08-24,2026-08-24 11:02:00,311.92,311.92,311.88,311.88,-0.01,95.29,28803.86,-1
2026-08-24,2026-08-24 11:03:00,311.88,311.88,311.83,311.83,-0.02,95.29,28803.86,-1
2026-08-24,2026-08-24 11:04:00,311.83,311.83,311.79,311.79,-0.01,95.29,28803.86,-1
2026-08-24,2026-08-24 11:05:00,311.79,311.79,311.75,311.75,-0.01,95.29,28803.86,-1
2026-08-24,2026-08-24 11:06:00,311.75,311.75,311.71,311.71,-0.01,95.29,28803.86,-1
2026-08-24,2026-08-24 11:07:00,311.71,311.71,311.67,311.67,-0.01,95.29,28803.86,-1
2026-08-24,2026-08-24 11:08:00,311.67,311.67,311.62,311.62,-0.02,95.29,28803.86,-1
2026-08-24,2026-08-24 11:09:00,311.62,311.62,311.58,311.58,-0.01,95.29,28803.86,-1
2026-08-24,2026-08-24 11:10:00,311.58,311.58,311.54,311.54,-0.01,95.29,28803.86,-1
2026-08-24,2026-08-24 11:11:00,311.54,311.54,311.5,311.5,-0.01,95.29,28803.86,-1
2026-08-24,2026-08-24 11:12:00,311.5,311.5,311.46,311.46,-0.01,95.29,28803.86,-1
2026-08-24,2026-08-24 11:13:00,311.46,311.46,311.42,311.42,-0.01,95.29,28803.86,-1
2026-08-24,2026-08-24 11:14:00,311.42,311.42,311.38,311.38,-0.01,95.29,28803.86,-1
2026-08-24,2026-08-24 11:15:00,311.38,311.38,311.33,311.33,-0.02,95.29,28803.86,-1
2026-08-24,2026-08-24 11:16:00,311.33,311.33,311.29,311.29,-0.01,95.29,28803.86,-1
2026-08-24,2026-08-24 11:17:00,311.29,311.29,311.25,311.25,-0.01,95.29,28803.86,-1
2026-08-24,2026-08-24 11:18:00,311.25,311.25,311.21,311.21,-0.01,95.29,28803.86,-1
2026-08-24,2026-08-24 11:19:00,311.21,311.21,311.17,311.17,-0.01,95.29,28803.86,-1
2026-08-24,2026-08-24 11:20:00,311.17,311.17,311.12,311.12,-0.02,95.29,28803.86,-1
2026-08-24,2026-08-24 11:21:00,311.12,311.12,311.08,311.08,-0.01,95.29,28803.86,-1
2026-08-24,2026-08-24 11:22:00,311.08,311.08,311.04,311.04,-0.01,95.29,28803.86,-1
2026-08-24,2026-08-24 11:23:00,311.04,311.04,311.0,311.0,-0.01,95.29,28803.86,-1
2026-08-24,2026-08-24 11:24:00,311.0,311.0,310.96,310.96,-0.01,95.29,28803.86,-1
2026-08-24,2026-08-24 11:25:00,310.96,310.96,310.92,310.92,-0.01,95.29,28803.86,-1
2026-08-24,2026-08-24 11:26:00,310.92,310.92,310.88,310.88,-0.01,95.29,28803.86,-1
2026-08-24,2026-08-24 11:27:00,310.88,310.88,310.83,310.83,-0.02,95.29,28803.86,-1
2026-08-24,2026-08-24 11:28:00,310.83,310.83,310.79,310.79,-0.01,95.29,28803.86,-1
2026-08-24,2026-08-24 11:29:00,310.79,310.79,310.75,310.75,-0.01,95.29,28803.86,-1
2026-08-24,2026-08-24 11:30:00,310.75,310.75,310.71,310.71,-0.01,95.29,28803.86,-1
2026-08-24,2026-08-24 11:31:00,310.71,310.71,310.67,310.67,-0.01,95.29,28803.86,-1
2026-08-24,2026-08-24 11:32:00,310.67,310.67,310.62,310.62,-0.02,95.29,28803.86,-1
2026-08-24,2026-08-24 11:33:00,310.62,310.62,310.58,310.58,-0.01,95.29,28803.86,-1
2026-08-24,2026-08-24 11:34:00,310.58,310.58,310.54,310.54,-0.01,95.29,28803.86,-1
2026-08-24,2026-08-24 11:35:00,310.54,310.54,310.5,310.5,-0.01,95.29,28803.86,-1
2026-08-24,2026-08-24 11:36:00,310.5,310.5,310.46,310.46,-0.01,95.29,28803.86,-1
2026-08-24,2026-08-24 11:37:00,310.46,310.46,310.42,310.42,-0.01,95.29,28803.86,-1
2026-08-24,2026-08-24 11:38:00,310.42,310.42,310.38,310.38,-0.01,95.29,28803.86,-1
2026-08-24,2026-08-24 11:39:00,310.38,310.38,310.33,310.33,-0.02,95.29,28803.86,-1
2026-08-24,2026-08-24 11:40:00,310.33,310.33,310.29,310.29,-0.01,95.29,28803.86,-1
2026-08-24,2026-08-24 11:41:00,310.29,310.29,310.25,310.25,-0.01,95.29,28803.86,-1
2026-08-24,2026-08-24 11:42:00,310.25,310.25,310.21,310.21,-0.01,95.29,28803.86,-1
2026-08-24,2026-08-24 11:43:00,310.21,310.21,310.17,310.17,-0.01,95.29,28803.86,-1
2026-08-24,2026-08-24 11:44:00,310.17,310.17,310.12,310.12,-0.02,95.29,28803.86,-1
2026-08-24,2026-08-24 11:45:00,310.12,310.12,310.08,310.08,-0.01,95.29,28803.86,-1
2026-08-24,2026-08-24 11:46:00,310.08,310.08,310.04,310.04,-0.01,95.29,28803.86,-1
2026-08-24,2026-08-24 11:47:00,310.04,310.04,310.0,310.0,-0.01,95.29,28803.86,-1
2026-08-24,2026-08-24 11:48:00,310.0,310.0,309.96,309.96,-0.01,95.29,28803.86,-1
2026-08-24,2026-08-24 11:49:00,309.96,309.96,309.92,309.92,-0.01,95.29,28803.86,-1
2026-08-24,2026-08-24 11:50:00,309.92,309.92,309.88,309.88,-0.01,95.29,28803.86,-1
2026-08-24,2026-08-24 11:51:00,309.88,309.88,309.83,309.83,-0.02,95.29,28803.86,-1
2026-08-24,2026-08-24 11:52:00,309.83,309.83,309.79,309.79,-0.01,95.29,28803.86,-1
2026-08-24,2026-08-24 11:53:00,309.79,309.79,309.75,309.75,-0.01,95.29,28803.86,-1
2026-08-24,2026-08-24 11:54:00,309.75,309.75,309.71,309.71,-0.01,95.29,28803.86,-1
2026-08-24,2026-08-24 11:55:00,309.71,309.71,309.67,309.67,-0.01,95.29,28803.86,-1
2026-08-24,2026-08-24 11:56:00,309.67,309.67,309.62,309.62,-0.02,95.29,28803.86,-1
2026-08-24,2026-08-24 11:57:00,309.62,309.62,309.58,309.58,-0.01,95.29,28803.86,-1
2026-08-24,2026-08-24 11:58:00,309.58,309.58,309.54,309.54,-0.01,95.29,28803.86,-1
2026-08-24,2026-08-24 11:59:00,309.54,309.54,309.5,309.5,-0.01,95.29,28803.86,-1
2026-08-24,2026-08-24 12:00:00,309.5,309.5,309.46,309.46,-0.01,95.29,28803.86,-1
2026-08-24,2026-08-24 12:01:00,309.46,309.46,309.42,309.42,-0.01,95.29,28803.86,-1
2026-08-24,2026-08-24 12:02:00,309.42,309.42,309.38,309.38,-0.01,95.29,28803.86,-1
2026-08-24,2026-08-24 12:03:00,309.38,309.38,309.33,309.33,-0.02,95.29,28803.86,-1
2026-08-24,2026-08-24 12:04:00,309.33,309.33,309.29,309.29,-0.01,95.29,28803.86,-1
2026-08-24,2026-08-24 12:05:00,309.29,309.29,309.25,309.25,-0.01,95.29,28803.86,-1
2026-08-24,2026-08-24 12:06:00,309.25,309.25,309.21,309.21,-0.01,95.29,28803.86,-1
2026-08-24,2026-08-24 12:07:00,309.21,309.21,309.17,309.17,-0.01,95.29,28803.86,-1
2026-08-24,2026-08-24 12:08:00,309.17,309.17,309.12,309.12,-0.02,95.29,28803.86,-1
2026-08-24,2026-08-24 12:09:00,309.12,309.12,309.08,309.08,-0.01,95.29,28803.86,-1
2026-08-24,2026-08-24 12:10:00,309.08,309.08,309.04,309.04,-0.01,95.29,28803.86,-1
2026-08-24,2026-08-24 12:11:00,309.04,309.04,309.0,309.0,-0.01,95.29,28803.86,-1
2026-08-24,2026-08-24 12:12:00,309.0,309.0,308.96,308.96,-0.01,95.29,28803.86,-1
2026-08-24,2026-08-24 12:13:00,308.96,308.96,308.92,308.92,-0.01,95.29,28803.86,-1
2026-08-24,2026-08-24 12:14:00,308.92,308.92,308.88,308.88,-0.01,95.29,28803.86,-1
2026-08-24,2026-08-24 12:15:00,308.88,308.88,308.83,308.83,-0.02,95.29,28803.86,-1
2026-08-24,2026-08-24 12:16:00,308.83,308.83,308.79,308.79,-0.01,95.29,28803.86,-1
2026-08-24,2026-08-24 12:17:00,308.79,308.79,308.75,308.75,-0.01,95.29,28803.86,-1
2026-08-24,2026-08-24 12:18:00,308.75,308.75,308.71,308.71,-0.01,95.29,28803.86,-1
2026-08-24,2026-08-24 12:19:00,308.71,308.71,308.67,308.67,-0.01,95.29,28803.86,-1
2026-08-24,2026-08-24 12:20:00,308.67,308.67,308.62,308.62,-0.02,95.29,28803.86,-1
2026-08-24,2026-08-24 12:21:00,308.62,308.62,308.58,308.58,-0.01,95.29,28803.86,-1
2026-08-24,2026-08-24 12:22:00,308.58,308.58,308.54,308.54,-0.01,95.29,28803.86,-1
2026-08-24,2026-08-24 12:23:00,308.54,308.54,308.5,308.5,-0.01,95.29,28803.86,-1
2026-08-24,2026-08-24 12:24:00,308.5,308.5,308.46,308.46,-0.01,95.29,28803.86,-1
2026-08-24,2026-08-24 12:25:00,308.46,308.46,308.42,308.42,-0.01,95.29,28803.86,-1
2026-08-24,2026-08-24 12:26:00,308.42,308.42,308.38,308.38,-0.01,95.29,28803.86,-1
2026-08-24,2026-08-24 12:27:00,308.38,308.38,308.33,308.33,-0.02,95.29,28803.86,-1
2026-08-24,2026-08-24 12:28:00,308.33,308.33,308.29,308.29,-0.01,95.29,28803.86,-1
2026-08-24,2026-08-24 12:29:00,308.29,308.29,308.25,308.25,-0.01,95.29,28803.86,-1
2026-08-24,2026-08-24 12:30:00,308.25,308.25,308.21,308.21,-0.01,95.29,28803.86,-1
2026-08-24,2026-08-24 12:31:00,308.21,308.21,308.17,308.17,-0.01,95.29,28803.86,-1
2026-08-24,2026-08-24 12:32:00,308.17,308.17,308.12,308.12,-0.02,95.29,28803.86,-1
2026-08-24,2026-08-24 12:33:00,308.12,308.12,308.08,308.08,-0.01,95.29,28803.86,-1
2026-08-24,2026-08-24 12:34:00,308.08,308.08,308.04,308.04,-0.01,95.29,28803.86,-1
2026-08-24,2026-08-24 12:35:00,308.04,308.04,308.0,308.0,-0.01,95.29,28803.86,-1
2026-08-24,2026-08-24 12:36:00,308.0,308.0,307.96,307.96,-0.01,95.29,28803.86,-1
2026-08-24,2026-08-24 12:37:00,307.96,307.96,307.92,307.92,-0.01,95.29,28803.86,-1
2026-08-24,2026-08-24 12:38:00,307.92,307.92,307.88,307.88,-0.01,95.29,28803.86,-1
2026-08-24,2026-08-24 12:39:00,307.88,307.88,307.83,307.83,-0.02,95.29,28803.86,-1
2026-08-24,2026-08-24 12:40:00,307.83,307.83,307.79,307.79,-0.01,95.29,28803.86,-1
2026-08-24,2026-08-24 12:41:00,307.79,307.79,307.75,307.75,-0.01,95.29,28803.86,-1
2026-08-24,2026-08-24 12:42:00,307.75,307.75,307.71,307.71,-0.01,95.29,28803.86,-1
2026-08-24,2026-08-24 12:43:00,307.71,307.71,307.67,307.67,-0.01,95.29,28803.86,-1
2026-08-24,2026-08-24 12:44:00,307.67,307.67,307.62,307.62,-0.02,95.29,28803.86,-1
2026-08-24,2026-08-24 12:45:00,307.62,307.62,307.58,307.58,-0.01,95.29,28803.86,-1
2026-08-24,2026-08-24 12:46:00,307.58,307.58,307.54,307.54,-0.01,95.29,28803.86,-1
2026-08-24,2026-08-24 12:47:00,307.54,307.54,307.5,307.5,-0.01,95.29,28803.86,-1
2026-08-24,2026-08-24 12:48:00,307.5,307.5,307.46,307.46,-0.01,95.29,28803.86,-1
2026-08-24,2026-08-24 12:49:00,307.46,307.46,307.42,307.42,-0.01,95.29,28803.86,-1
2026-08-24,2026-08-24 12:50:00,307.42,307.42,307.38,307.38,-0.01,95.29,28803.86,-1
2026-08-24,2026-08-24 12:51:00,307.38,307.38,307.33,307.33,-0.02,95.29,28803.86,-1
2026-08-24,2026-08-24 12:52:00,307.33,307.33,307.29,307.29,-0.01,95.29,28803.86,-1
2026-08-24,2026-08-24 12:53:00,307.29,307.29,307.25,307.25,-0.01,95.29,28803.86,-1
2026-08-24,2026-08-24 12:54:00,307.25,307.25,307.21,307.21,-0.01,95.29,28803.86,-1
2026-08-24,2026-08-24 12:55:00,307.21,307.21,307.17,307.17,-0.01,95.29,28803.86,-1
2026-08-24,2026-08-24 12:56:00,307.17,307.17,307.12,307.12,-0.02,95.29,28803.86,-1
2026-08-24,2026-08-24 12:57:00,307.12,307.12,307.08,307.08,-0.01,95.29,28803.86,-1
2026-08-24,2026-08-24 12:58:00,307.08,307.08,307.04,307.04,-0.01,95.29,28803.86,-1
2026-08-24,2026-08-24 12:59:00,307.04,307.04,307.0,307.0,-0.01,95.29,28803.86,-1
2026-08-24,2026-08-24 13:00:00,307.0,312.0,299.0,306.96,-0.01,95.29,28803.86,-1
2026-08-24,2026-08-24 13:01:00,306.96,306.96,306.92,306.92,-0.01,95.29,28803.86,-1
2026-08-24,2026-08-24 13:02:00,306.92,306.92,306.88,306.88,-0.01,95.29,28803.86,-1
2026-08-24,2026-08-24 13:03:00,306.88,306.88,306.83,306.83,-0.02,95.29,28803.86,-1
2026-08-24,2026-08-24 13:04:00,306.83,306.83,306.79,306.79,-0.01,95.29,28803.86,-1
2026-08-24,2026-08-24 13:05:00,306.79,306.79,306.75,306.75,-0.01,95.29,28803.86,-1
2026-08-24,2026-08-24 13:06:00,306.75,306.75,306.71,306.71,-0.01,95.29,28803.86,-1
2026-08-24,2026-08-24 13:07:00,306.71,306.71,306.67,306.67,-0.01,95.29,28803.86,-1
2026-08-24,2026-08-24 13:08:00,306.67,306.67,306.62,306.62,-0.02,95.29,28803.86,-1
2026-08-24,2026-08-24 13:09:00,306.62,306.62,306.58,306.58,-0.01,95.29,28803.86,-1
2026-08-24,2026-08-24 13:10:00,306.58,306.58,306.54,306.54,-0.01,95.29,28803.86,-1
2026-08-24,2026-08-24 13:11:00,306.54,306.54,306.5,306.5,-0.01,95.29,28803.86,-1
2026-08-24,2026-08-24 13:12:00,306.5,306.5,306.46,306.46,-0.01,95.29,28803.86,-1
2026-08-24,2026-08-24 13:13:00,306.46,306.46,306.42,306.42,-0.01,95.29,28803.86,-1
2026-08-24,2026-08-24 13:14:00,306.42,306.42,306.38,306.38,-0.01,95.29,28803.86,-1
2026-08-24,2026-08-24 13:15:00,306.38,306.38,306.33,306.33,-0.02,95.29,28803.86,-1
2026-08-24,2026-08-24 13:16:00,306.33,306.33,306.29,306.29,-0.01,95.29,28803.86,-1
2026-08-24,2026-08-24 13:17:00,306.29,306.29,306.25,306.25,-0.01,95.29,28803.86,-1
2026-08-24,2026-08-24 13:18:00,306.25,306.25,306.21,306.21,-0.01,95.29,28803.86,-1
2026-08-24,2026-08-24 13:19:00,306.21,306.21,306.17,306.17,-0.01,95.29,28803.86,-1
2026-08-24,2026-08-24 13:20:00,306.17,306.17,306.12,306.12,-0.02,95.29,28803.86,-1
2026-08-24,2026-08-24 13:21:00,306.12,306.12,306.08,306.08,-0.01,95.29,28803.86,-1
2026-08-24,2026-08-24 13:22:00,306.08,306.08,306.04,306.04,-0.01,95.29,28803.86,-1
2026-08-24,2026-08-24 13:23:00,306.04,306.04,306.0,306.0,-0.01,95.29,28803.86,-1
2026-08-24,2026-08-24 13:24:00,306.0,306.0,305.96,305.96,-0.01,95.29,28803.86,-1
2026-08-24,2026-08-24 13:25:00,305.96,305.96,305.92,305.92,-0.01,95.29,28803.86,-1
2026-08-24,2026-08-24 13:26:00,305.92,305.92,305.88,305.88,-0.01,95.29,28803.86,-1
2026-08-24,2026-08-24 13:27:00,305.88,305.88,305.83,305.83,-0.02,95.29,28803.86,-1
2026-08-24,2026-08-24 13:28:00,305.83,305.83,305.79,305.79,-0.01,95.29,28803.86,-1
2026-08-24,2026-08-24 13:29:00,305.79,305.79,305.75,305.75,-0.01,95.29,28803.86,-1
2026-08-24,2026-08-24 13:30:00,305.75,305.75,305.71,305.71,-0.01,95.29,28803.86,-1
2026-08-24,2026-08-24 13:31:00,305.71,305.71,305.67,305.67,-0.01,95.29,28803.86,-1
2026-08-24,2026-08-24 13:32:00,305.67,305.67,305.62,305.62,-0.02,95.29,28803.86,-1
2026-08-24,2026-08-24 13:33:00,305.62,305.62,305.58,305.58,-0.01,95.29,28803.86,-1
2026-08-24,2026-08-24 13:34:00,305.58,305.58,305.54,305.54,-0.01,95.29,28803.86,-1
2026-08-24,2026-08-24 13:35:00,305.54,305.54,305.5,305.5,-0.01,95.29,28803.86,-1
2026-08-24,2026-08-24 13:36:00,305.5,305.5,305.46,305.46,-0.01,95.29,28803.86,-1
2026-08-24,2026-08-24 13:37:00,305.46,305.46,305.42,305.42,-0.01,95.29,28803.86,-1
2026-08-24,2026-08-24 13:38:00,305.42,305.42,305.38,305.38,-0.01,95.29,28803.86,-1
2026-08-24,2026-08-24 13:39:00,305.38,305.38,305.33,305.33,-0.02,95.29,28803.86,-1
2026-08-24,2026-08-24 13:40:00,305.33,305.33,305.29,305.29,-0.01,95.29,28803.86,-1
2026-08-24,2026-08-24 13:41:00,305.29,305.29,305.25,305.25,-0.01,95.29,28803.86,-1
2026-08-24,2026-08-24 13:42:00,305.25,305.25,305.21,305.21,-0.01,95.29,28803.86,-1
2026-08-24,2026-08-24 13:43:00,305.21,305.21,305.17,305.17,-0.01,95.29,28803.86,-1
2026-08-24,2026-08-24 13:44:00,305.17,305.17,305.12,305.12,-0.02,95.29,28803.86,-1
2026-08-24,2026-08-24 13:45:00,305.12,305.12,305.08,305.08,-0.01,95.29,28803.86,-1
2026-08-24,2026-08-24 13:46:00,305.08,305.08,305.04,305.04,-0.01,95.29,28803.86,-1
2026-08-24,2026-08-24 13:47:00,305.04,305.04,305.0,305.0,-0.01,95.29,28803.86,-1
2026-08-24,2026-08-24 13:48:00,305.0,305.0,304.96,304.96,-0.01,95.29,28803.86,-1
2026-08-24,2026-08-24 13:49:00,304.96,304.96,304.92,304.92,-0.01,95.29,28803.86,-1
2026-08-24,2026-08-24 13:50:00,304.92,304.92,304.88,304.88,-0.01,95.29,28803.86,-1
2026-08-24,2026-08-24 13:51:00,304.88,304.88,304.83,304.83,-0.02,95.29,28803.86,-1
2026-08-24,2026-08-24 13:52:00,304.83,304.83,304.79,304.79,-0.01,95.29,28803.86,-1
2026-08-24,2026-08-24 13:53:00,304.79,304.79,304.75,304.75,-0.01,95.29,28803.86,-1
2026-08-24,2026-08-24 13:54:00,304.75,304.75,304.71,304.71,-0.01,95.29,28803.86,-1
2026-08-24,2026-08-24 13:55:00,304.71,304.71,304.67,304.67,-0.01,95.29,28803.86,-1
2026-08-24,2026-08-24 13:56:00,304.67,304.67,304.62,304.62,-0.02,95.29,28803.86,-1
2026-08-24,2026-08-24 13:57:00,304.62,304.62,304.58,304.58,-0.01,95.29,28803.86,-1
2026-08-24,2026-08-24 13:58:00,304.58,304.58,304.54,304.54,-0.01,95.29,28803.86,-1
2026-08-24,2026-08-24 13:59:00,304.54,304.54,304.5,304.5,-0.01,95.29,28803.86,-1
2026-08-24,2026-08-24 14:00:00,304.5,304.5,304.46,304.46,-0.01,95.29,28803.86,-1
2026-08-24,2026-08-24 14:01:00,304.46,304.46,304.42,304.42,-0.01,95.29,28803.86,-1
2026-08-24,2026-08-24 14:02:00,304.42,304.42,304.38,304.38,-0.01,95.29,28803.86,-1
2026-08-24,2026-08-24 14:03:00,304.38,304.38,304.33,304.33,-0.02,95.29,28803.86,-1
2026-08-24,2026-08-24 14:04:00,304.33,304.33,304.29,304.29,-0.01,95.29,28803.86,-1
2026-08-24,2026-08-24 14:05:00,304.29,304.29,304.25,304.25,-0.01,95.29,28803.86,-1
2026-08-24,2026-08-24 14:06:00,304.25,304.25,304.21,304.21,-0.01,95.29,28803.86,-1
2026-08-24,2026-08-24 14:07:00,304.21,304.21,304.17,304.17,-0.01,95.29,28803.86,-1
2026-08-24,2026-08-24 14:08:00,304.17,304.17,304.12,304.12,-0.02,95.29,28803.86,-1
2026-08-24,2026-08-24 14:09:00,304.12,304.12,304.08,304.08,-0.01,95.29,28803.86,-1
2026-08-24,2026-08-24 14:10:00,304.08,304.08,304.04,304.04,-0.01,95.29,28803.86,-1
2026-08-24,2026-08-24 14:11:00,304.04,304.04,304.0,304.0,-0.01,95.29,28803.86,-1
2026-08-24,2026-08-24 14:12:00,304.0,304.0,303.96,303.96,-0.01,95.29,28803.86,-1
2026-08-24,2026-08-24 14:13:00,303.96,303.96,303.92,303.92,-0.01,95.29,28803.86,-1
2026-08-24,2026-08-24 14:14:00,303.92,303.92,303.88,303.88,-0.01,95.29,28803.86,-1
2026-08-24,2026-08-24 14:15:00,303.88,303.88,303.83,303.83,-0.02,95.29,28803.86,-1
2026-08-24,2026-08-24 14:16:00,303.83,303.83,303.79,303.79,-0.01,95.29,28803.86,-1
2026-08-24,2026-08-24 14:17:00,303.79,303.79,303.75,303.75,-0.01,95.29,28803.86,-1
2026-08-24,2026-08-24 14:18:00,303.75,303.75,303.71,303.71,-0.01,95.29,28803.86,-1
2026-08-24,2026-08-24 14:19:00,303.71,303.71,303.67,303.67,-0.01,95.29,28803.86,-1
2026-08-24,2026-08-24 14:20:00,303.67,303.67,303.62,303.62,-0.02,95.29,28803.86,-1
2026-08-24,2026-08-24 14:21:00,303.62,303.62,303.58,303.58,-0.01,95.29,28803.86,-1
2026-08-24,2026-08-24 14:22:00,303.58,303.58,303.54,303.54,-0.01,95.29,28803.86,-1
2026-08-24,2026-08-24 14:23:00,303.54,303.54,303.5,303.5,-0.01,95.29,28803.86,-1
2026-08-24,2026-08-24 14:24:00,303.5,303.5,303.46,303.46,-0.01,95.29,28803.86,-1
2026-08-24,2026-08-24 14:25:00,303.46,303.46,303.42,303.42,-0.01,95.29,28803.86,-1
2026-08-24,2026-08-24 14:26:00,303.42,303.42,303.38,303.38,-0.01,95.29,28803.86,-1
2026-08-24,2026-08-24 14:27:00,303.38,303.38,303.33,303.33,-0.02,95.29,28803.86,-1
2026-08-24,2026-08-24 14:28:00,303.33,303.33,303.29,303.29,-0.01,95.29,28803.86,-1
2026-08-24,2026-08-24 14:29:00,303.29,303.29,303.25,303.25,-0.01,95.29,28803.86,-1
2026-08-24,2026-08-24 14:30:00,303.25,303.25,303.21,303.21,-0.01,95.29,28803.86,-1
2026-08-24,2026-08-24 14:31:00,303.21,303.21,303.17,303.17,-0.01,95.29,28803.86,-1
2026-08-24,2026-08-24 14:32:00,303.17,303.17,303.12,303.12,-0.02,95.29,28803.86,-1
2026-08-24,2026-08-24 14:33:00,303.12,303.12,303.08,303.08,-0.01,95.29,28803.86,-1
2026-08-24,2026-08-24 14:34:00,303.08,303.08,303.04,303.04,-0.01,95.29,28803.86,-1
2026-08-24,2026-08-24 14:35:00,303.04,303.04,303.0,303.0,-0.01,95.29,28803.86,-1
2026-08-24,2026-08-24 14:36:00,303.0,303.0,302.96,302.96,-0.01,95.29,28803.86,-1
2026-08-24,2026-08-24 14:37:00,302.96,302.96,302.92,302.92,-0.01,95.29,28803.86,-1
2026-08-24,2026-08-24 14:38:00,302.92,302.92,302.88,302.88,-0.01,95.29,28803.86,-1
2026-08-24,2026-08-24 14:39:00,302.88,302.88,302.83,302.83,-0.02,95.29,28803.86,-1
2026-08-24,2026-08-24 14:40:00,302.83,302.83,302.79,302.79,-0.01,95.29,28803.86,-1
2026-08-24,2026-08-24 14:41:00,302.79,302.79,302.75,302.75,-0.01,95.29,28803.86,-1
2026-08-24,2026-08-24 14:42:00,302.75,302.75,302.71,302.71,-0.01,95.29,28803.86,-1
2026-08-24,2026-08-24 14:43:00,302.71,302.71,302.67,302.67,-0.01,95.29,28803.86,-1
2026-08-24,2026-08-24 14:44:00,302.67,302.67,302.62,302.62,-0.02,95.29,28803.86,-1
2026-08-24,2026-08-24 14:45:00,302.62,302.62,302.58,302.58,-0.01,95.29,28803.86,-1
2026-08-24,2026-08-24 14:46:00,302.58,302.58,302.54,302.54,-0.01,95.29,28803.86,-1
2026-08-24,2026-08-24 14:47:00,302.54,302.54,302.5,302.5,-0.01,95.29,28803.86,-1
2026-08-24,2026-08-24 14:48:00,302.5,302.5,302.46,302.46,-0.01,95.29,28803.86,-1
2026-08-24,2026-08-24 14:49:00,302.46,302.46,302.42,302.42,-0.01,95.29,28803.86,-1
2026-08-24,2026-08-24 14:50:00,302.42,302.42,302.38,302.38,-0.01,95.29,28803.86,-1
2026-08-24,2026-08-24 14:51:00,302.38,302.38,302.33,302.33,-0.02,95.29,28803.86,-1
2026-08-24,2026-08-24 14:52:00,302.33,302.33,302.29,302.29,-0.01,95.29,28803.86,-1
2026-08-24,2026-08-24 14:53:00,302.29,302.29,302.25,302.25,-0.01,95.29,28803.86,-1
2026-08-24,2026-08-24 14:54:00,302.25,302.25,302.21,302.21,-0.01,95.29,28803.86,-1
2026-08-24,2026-08-24 14:55:00,302.21,302.21,302.17,302.17,-0.01,95.29,28803.86,-1
2026-08-24,2026-08-24 14:56:00,302.17,302.17,302.12,302.12,-0.02,95.29,28803.86,-1
2026-08-24,2026-08-24 14:57:00,302.12,302.12,302.08,302.08,-0.01,95.29,28803.86,-1
2026-08-24,2026-08-24 14:58:00,302.08,302.08,302.04,302.04,-0.01,95.29,28803.86,-1
2026-08-24,2026-08-24 14:59:00,302.04,302.04,302.0,302.0,-0.01,95.29,28803.86,-1
2026-08-24,2026-08-24 15:00:00,302.0,312.0,299.0,302.0,0.0,95.29,28803.86,0
2026-08-25,2026-08-25 12:16:00,304.0,305.0,298.0,298.0,-1.32,13742.0,4130918.2,-1
2026-08-25,2026-08-25 13:13:00,304.0,305.0,298.0,298.0,-1.32,13742.0,4130918.2,-1
2026-08-25,2026-08-25 13:21:00,304.0,305.0,298.0,298.0,-1.32,13742.0,4130918.2,-1
2026-08-25,2026-08-25 13:46:00,304.0,305.0,298.0,298.0,-1.32,13742.0,4130918.2,-1
2026-08-25,2026-08-25 14:16:00,304.0,305.0,298.0,298.0,-1.32,13742.0,4130918.2,-1
2026-08-26,2026-08-26 13:43:00,300.0,300.0,280.4,288.5,-3.19,33606.0,9665059.6,-1
2026-08-27,2026-08-27 20:51:00,285.0,295.0,282.1,289.0,0.17,12811.0,3687990.0,1
2026-09-01,2026-09-01 03:37:00,270.0,288.0,270.0,281.9,1.4,12142.0,3395066.9,1
2026-09-02,2026-09-02 14:48:00,281.5,285.0,274.0,285.0,1.1,10134.0,2862820.9,1
2026-09-03,2026-09-03 14:49:00,286.0,290.0,281.0,286.0,0.35,11605.0,3302948.4,0
2026-09-07,2026-09-07 16:09:00,286.0,288.0,282.0,287.0,0.35,6739.0,1919594.6,1
2026-09-09,2026-09-09 15:27:00,287.0,288.0,280.0,285.5,-0.52,4833.0,1372331.8,-1
2026-09-10,2026-09-10 14:45:00,286.0,291.0,280.0,291.0,1.93,20644.0,5915790.3,1
2026-09-11,2026-09-11 14:44:00,291.0,300.0,288.3,298.9,2.71,21080.0,6206193.6,1
2026-09-11,2026-09-11 14:47:00,291.0,300.0,288.3,298.9,2.71,21080.0,6206193.6,1
2026-09-14,2026-09-14 17:01:00,298.0,307.8,298.0,304.0,1.71,14388.0,4371290.0,1
2026-09-15,2026-09-15 15:53:00,319.0,319.0,305.0,309.9,1.94,28347.0,8785479.5,-1
2026-09-16,2026-09-16 15:17:00,305.1,311.8,300.2,304.0,-1.9,20877.0,6367824.8,-1
2026-09-17,2026-09-17 15:53:00,305.0,309.0,299.8,302.0,-0.66,15780.0,4754413.4,-1
2026-09-18,2026-09-18 14:46:00,300.0,313.0,300.0,311.0,2.98,40414.0,12486468.2,1
2026-09-18,2026-09-18 16:42:00,300.0,313.0,300.0,311.0,2.98,40414.0,12486468.2,1
2026-09-22,2026-09-22 15:40:00,296.3,319.8,296.3,315.9,1.58,34871.0,11002580.4,1
2026-09-23,2026-09-23 15:21:00,315.0,315.0,306.0,307.0,-2.82,31883.0,9832797.6,-1
2026-09-24,2026-09-24 16:03:00,309.8,309.9,304.0,308.9,0.62,8528.0,2619360.0,-1
2026-09-28,2026-09-28 18:24:00,305.0,308.0,296.0,301.0,-2.56,12322.0,3721509.9,-1
2026-09-29,2026-09-29 17:20:00,301.0,301.0,293.0,299.0,-0.66,16221.0,4784497.7,-1
2026-09-30,2026-09-30 16:01:00,294.3,300.0,291.1,298.4,-0.2,13667.0,4039724.7,1
2026-10-01,2026-10-01 18:09:00,292.0,300.0,292.0,299.0,0.2,7898.0,2356797.8,1
2026-10-02,2026-10-02 16:56:00,296.0,299.0,293.1,295.9,-1.04,10946.0,3234201.7,-1
2026-10-05,2026-10-05 20:03:00,308.1,308.1,288.0,292.0,-1.32,13980.0,4082830.5,-1
2026-10-06,2026-10-06 17:33:00,305.2,305.2,290.7,293.0,0.34,5396.0,1579329.1,-1
2026-10-07,2026-10-07 18:28:00,290.0,297.9,290.0,295.0,0.68,5208.0,1533576.2,1
2026-10-08,2026-10-08 18:09:00,292.0,296.5,292.0,295.0,0.0,5103.0,1497262.1,1
2026-10-09,2026-10-09 17:41:00,295.0,301.9,294.0,296.6,0.54,9958.0,2965596.8,1
